{
    "date": "2024/09/02",
    "name": "小蓋山",
    "position": "-",
    "system": "戸71",
    "destinations": [
        "田谷(横浜市栄区)",
        "洞窟前",
        "山王(横浜市栄区)",
        "住友電工前",
        "金井高校前",
        "辻前",
        "金井(横浜市栄区)",
        "日ノ出橋(横浜市戸塚区)",
        "下郷(横浜市戸塚区)",
        "長久保(横浜市戸塚区)",
        "法務局前(横浜市戸塚区)",
        "皇谷台団地",
        "東電前(横浜市戸塚区)",
        "八坂神社前",
        "消防署前(横浜市戸塚区)",
        "戸塚駅西口",
        "戸塚バスセンター"
    ],
    "weekday": [
        "7:00",
        "7:21",
        "7:37",
        "8:05",
        "8:30",
        "17:05",
        "17:27",
        "17:48",
        "18:08",
        "18:28",
        "18:48",
        "19:05",
        "19:25",
        "19:45",
        "20:05",
        "20:25",
        "20:45",
        "21:12",
        "21:43",
        "22:13",
        "22:50"
    ],
    "saturday": [
        "17:05",
        "17:25",
        "17:45",
        "18:05",
        "18:25",
        "18:45",
        "19:05",
        "19:25",
        "19:45",
        "20:10",
        "20:40",
        "21:20",
        "22:00",
        "22:40"
    ],
    "holiday": [
        "17:15",
        "17:45",
        "18:15",
        "18:45",
        "19:15",
        "19:45",
        "20:10",
        "20:40",
        "21:20",
        "22:00",
        "22:40"
    ],
    "url": "https://www.kanachu.co.jp/dia/diagram/timetable01_js/course:0000803597-5/node:00126851/kt:0/lname:/"
}
