{
    "date": "2024/09/02",
    "name": "洞窟前",
    "position": "-",
    "system": "戸71",
    "destinations": [
        "山王(横浜市栄区)",
        "住友電工前",
        "金井高校前",
        "辻前",
        "金井(横浜市栄区)",
        "日ノ出橋(横浜市戸塚区)",
        "下郷(横浜市戸塚区)",
        "長久保(横浜市戸塚区)",
        "法務局前(横浜市戸塚区)",
        "皇谷台団地",
        "東電前(横浜市戸塚区)",
        "八坂神社前",
        "消防署前(横浜市戸塚区)",
        "戸塚駅西口",
        "戸塚バスセンター"
    ],
    "weekday": [
        "7:02",
        "7:23",
        "7:39",
        "8:07",
        "8:32",
        "17:07",
        "17:29",
        "17:50",
        "18:10",
        "18:30",
        "18:50",
        "19:07",
        "19:27",
        "19:47",
        "20:07",
        "20:27",
        "20:47",
        "21:14",
        "21:45",
        "22:15",
        "22:52"
    ],
    "saturday": [
        "17:07",
        "17:27",
        "17:47",
        "18:07",
        "18:27",
        "18:47",
        "19:07",
        "19:27",
        "19:47",
        "20:12",
        "20:42",
        "21:22",
        "22:02",
        "22:42"
    ],
    "holiday": [
        "17:17",
        "17:47",
        "18:17",
        "18:47",
        "19:17",
        "19:47",
        "20:12",
        "20:42",
        "21:22",
        "22:02",
        "22:42"
    ],
    "url": "https://www.kanachu.co.jp/dia/diagram/timetable01_js/course:0000803597-7/node:00126849/kt:0/lname:/"
}
