{
    "date": "2024/09/02",
    "name": "山王(横浜市栄区)",
    "position": "-",
    "system": "戸71",
    "destinations": [
        "住友電工前",
        "金井高校前",
        "辻前",
        "金井(横浜市栄区)",
        "日ノ出橋(横浜市戸塚区)",
        "下郷(横浜市戸塚区)",
        "長久保(横浜市戸塚区)",
        "法務局前(横浜市戸塚区)",
        "皇谷台団地",
        "東電前(横浜市戸塚区)",
        "八坂神社前",
        "消防署前(横浜市戸塚区)",
        "戸塚駅西口",
        "戸塚バスセンター"
    ],
    "weekday": [
        "7:03",
        "7:24",
        "7:40",
        "8:08",
        "8:33",
        "17:08",
        "17:30",
        "17:51",
        "18:11",
        "18:31",
        "18:51",
        "19:08",
        "19:28",
        "19:48",
        "20:08",
        "20:28",
        "20:48",
        "21:15",
        "21:46",
        "22:16",
        "22:53"
    ],
    "saturday": [
        "17:08",
        "17:28",
        "17:48",
        "18:08",
        "18:28",
        "18:48",
        "19:08",
        "19:28",
        "19:48",
        "20:13",
        "20:43",
        "21:23",
        "22:03",
        "22:43"
    ],
    "holiday": [
        "17:18",
        "17:48",
        "18:18",
        "18:48",
        "19:18",
        "19:48",
        "20:13",
        "20:43",
        "21:23",
        "22:03",
        "22:43"
    ],
    "url": "https://www.kanachu.co.jp/dia/diagram/timetable01_js/course:0000803597-8/node:00126848/kt:0/lname:/"
}
