{
    "date": "2024/09/02",
    "name": "金井高校前",
    "position": "-",
    "system": "戸71",
    "destinations": [
        "辻前",
        "金井(横浜市栄区)",
        "日ノ出橋(横浜市戸塚区)",
        "下郷(横浜市戸塚区)",
        "長久保(横浜市戸塚区)",
        "法務局前(横浜市戸塚区)",
        "皇谷台団地",
        "東電前(横浜市戸塚区)",
        "八坂神社前",
        "消防署前(横浜市戸塚区)",
        "戸塚駅西口",
        "戸塚バスセンター"
    ],
    "weekday": [
        "7:05",
        "7:26",
        "7:42",
        "8:10",
        "8:35",
        "17:10",
        "17:32",
        "17:53",
        "18:13",
        "18:33",
        "18:53",
        "19:10",
        "19:30",
        "19:50",
        "20:10",
        "20:30",
        "20:50",
        "21:17",
        "21:48",
        "22:18",
        "22:55"
    ],
    "saturday": [
        "17:10",
        "17:30",
        "17:50",
        "18:10",
        "18:30",
        "18:50",
        "19:10",
        "19:30",
        "19:50",
        "20:15",
        "20:45",
        "21:25",
        "22:05",
        "22:45"
    ],
    "holiday": [
        "17:20",
        "17:50",
        "18:20",
        "18:50",
        "19:20",
        "19:50",
        "20:15",
        "20:45",
        "21:25",
        "22:05",
        "22:45"
    ],
    "url": "https://www.kanachu.co.jp/dia/diagram/timetable01_js/course:0000803597-10/node:00126846/kt:0/lname:/"
}
