{
    "date": "2024/09/02",
    "name": "日ノ出橋(横浜市戸塚区)",
    "position": "-",
    "system": "戸71",
    "destinations": [
        "下郷(横浜市戸塚区)",
        "長久保(横浜市戸塚区)",
        "法務局前(横浜市戸塚区)",
        "皇谷台団地",
        "東電前(横浜市戸塚区)",
        "八坂神社前",
        "消防署前(横浜市戸塚区)",
        "戸塚駅西口",
        "戸塚バスセンター"
    ],
    "weekday": [
        "7:08",
        "7:29",
        "7:45",
        "8:13",
        "8:38",
        "17:13",
        "17:35",
        "17:56",
        "18:16",
        "18:36",
        "18:56",
        "19:13",
        "19:33",
        "19:53",
        "20:13",
        "20:33",
        "20:53",
        "21:20",
        "21:51",
        "22:21",
        "22:58"
    ],
    "saturday": [
        "17:13",
        "17:33",
        "17:53",
        "18:13",
        "18:33",
        "18:53",
        "19:13",
        "19:33",
        "19:53",
        "20:18",
        "20:48",
        "21:28",
        "22:08",
        "22:48"
    ],
    "holiday": [
        "17:23",
        "17:53",
        "18:23",
        "18:53",
        "19:23",
        "19:53",
        "20:18",
        "20:48",
        "21:28",
        "22:08",
        "22:48"
    ],
    "url": "https://www.kanachu.co.jp/dia/diagram/timetable01_js/course:0000803597-13/node:00126843/kt:0/lname:/"
}
