{
    "date": "2024/09/02",
    "name": "下郷(横浜市戸塚区)",
    "position": "-",
    "system": "戸71",
    "destinations": [
        "長久保(横浜市戸塚区)",
        "法務局前(横浜市戸塚区)",
        "皇谷台団地",
        "東電前(横浜市戸塚区)",
        "八坂神社前",
        "消防署前(横浜市戸塚区)",
        "戸塚駅西口",
        "戸塚バスセンター"
    ],
    "weekday": [
        "7:10",
        "7:31",
        "7:47",
        "8:15",
        "8:40",
        "17:14",
        "17:36",
        "17:57",
        "18:17",
        "18:37",
        "18:57",
        "19:14",
        "19:34",
        "19:54",
        "20:14",
        "20:34",
        "20:54",
        "21:21",
        "21:52",
        "22:22",
        "22:59"
    ],
    "saturday": [
        "17:14",
        "17:34",
        "17:54",
        "18:14",
        "18:34",
        "18:54",
        "19:14",
        "19:34",
        "19:54",
        "20:19",
        "20:49",
        "21:29",
        "22:09",
        "22:49"
    ],
    "holiday": [
        "17:24",
        "17:54",
        "18:24",
        "18:54",
        "19:24",
        "19:54",
        "20:19",
        "20:49",
        "21:29",
        "22:09",
        "22:49"
    ],
    "url": "https://www.kanachu.co.jp/dia/diagram/timetable01_js/course:0000803597-14/node:00126842/kt:0/lname:/"
}
