{
    "date": "2024/09/02",
    "name": "長久保(横浜市戸塚区)",
    "position": "-",
    "system": "戸71",
    "destinations": [
        "法務局前(横浜市戸塚区)",
        "皇谷台団地",
        "東電前(横浜市戸塚区)",
        "八坂神社前",
        "消防署前(横浜市戸塚区)",
        "戸塚駅西口",
        "戸塚バスセンター"
    ],
    "weekday": [
        "7:11",
        "7:32",
        "7:48",
        "8:16",
        "8:41",
        "17:15",
        "17:37",
        "17:58",
        "18:18",
        "18:38",
        "18:58",
        "19:15",
        "19:35",
        "19:55",
        "20:15",
        "20:35",
        "20:55",
        "21:22",
        "21:53",
        "22:23",
        "23:00"
    ],
    "saturday": [
        "17:15",
        "17:35",
        "17:55",
        "18:15",
        "18:35",
        "18:55",
        "19:15",
        "19:35",
        "19:55",
        "20:20",
        "20:50",
        "21:30",
        "22:10",
        "22:50"
    ],
    "holiday": [
        "17:25",
        "17:55",
        "18:25",
        "18:55",
        "19:25",
        "19:55",
        "20:20",
        "20:50",
        "21:30",
        "22:10",
        "22:50"
    ],
    "url": "https://www.kanachu.co.jp/dia/diagram/timetable01_js/course:0000803597-15/node:00126841/kt:0/lname:/"
}
