{
    "date": "2024/09/02",
    "name": "皇谷台団地",
    "position": "-",
    "system": "戸71",
    "destinations": [
        "東電前(横浜市戸塚区)",
        "八坂神社前",
        "消防署前(横浜市戸塚区)",
        "戸塚駅西口",
        "戸塚バスセンター"
    ],
    "weekday": [
        "7:13",
        "7:34",
        "7:50",
        "8:18",
        "8:43",
        "17:17",
        "17:39",
        "18:00",
        "18:20",
        "18:40",
        "19:00",
        "19:17",
        "19:37",
        "19:57",
        "20:17",
        "20:37",
        "20:57",
        "21:24",
        "21:55",
        "22:25",
        "23:02"
    ],
    "saturday": [
        "17:17",
        "17:37",
        "17:57",
        "18:17",
        "18:37",
        "18:57",
        "19:17",
        "19:37",
        "19:57",
        "20:22",
        "20:52",
        "21:32",
        "22:12",
        "22:52"
    ],
    "holiday": [
        "17:27",
        "17:57",
        "18:27",
        "18:57",
        "19:27",
        "19:57",
        "20:22",
        "20:52",
        "21:32",
        "22:12",
        "22:52"
    ],
    "url": "https://www.kanachu.co.jp/dia/diagram/timetable01_js/course:0000803597-17/node:00126839/kt:0/lname:/"
}
