{
    "date": "2025/04/01",
    "name": "平塚支援学校前",
    "position": "-",
    "system": "平74",
    "destinations": [
        "飯島(平塚市)",
        "片岡(平塚市)",
        "南金目",
        "金目駅",
        "北金目入口",
        "青柳(平塚市)",
        "東海大学正門前",
        "土屋橋",
        "欠ノ上(下大槻団地線)",
        "下大槻団地",
        "広畑ふれあいプラザ前",
        "秦野高校前",
        "瓜生野入口",
        "才ヶ分踏切",
        "才ヶ分",
        "室川橋(下大槻団地線)",
        "河原町(秦野市)",
        "台町(秦野市)",
        "片町通り",
        "上宿通り",
        "大川橋(秦野市)",
        "まほろば大橋",
        "秦野駅"
    ],
    "weekday": [
        "6:57",
        "7:48",
        "8:04",
        "8:34",
        "9:04",
        "9:29",
        "9:59",
        "10:29",
        "10:59",
        "11:39",
        "12:19",
        "12:59",
        "13:29",
        "13:59",
        "14:29",
        "14:59",
        "15:29",
        "15:59",
        "16:32",
        "17:02",
        "17:32",
        "17:56",
        "18:32",
        "19:06",
        "19:23",
        "19:47",
        "20:09",
        "20:29",
        "20:57",
        "21:24",
        "21:57",
        "22:46",
        "23:47"
    ],
    "saturday": [
        "7:01",
        "7:26",
        "8:11",
        "8:51",
        "9:31",
        "10:11",
        "10:51",
        "11:38",
        "12:21",
        "13:03",
        "13:41",
        "14:21",
        "15:03",
        "15:41",
        "16:23",
        "16:54",
        "17:21",
        "18:01",
        "18:36",
        "19:17",
        "19:57",
        "20:37",
        "21:24",
        "22:12",
        "22:46"
    ],
    "holiday": [
        "7:01",
        "7:26",
        "8:11",
        "8:51",
        "9:31",
        "10:11",
        "10:51",
        "11:33",
        "12:20",
        "13:02",
        "13:40",
        "14:20",
        "15:02",
        "15:40",
        "16:18",
        "16:49",
        "17:18",
        "17:58",
        "18:33",
        "19:18",
        "19:58",
        "20:37",
        "21:24",
        "22:12",
        "22:46"
    ],
    "url": "https://www.kanachu.co.jp/dia/diagram/timetable01_js/course:0000802911-15/node:00127735/kt:0/lname:/"
}
