{
    "date": "2025/04/01",
    "name": "大川橋(秦野市)",
    "position": "-",
    "system": "平74",
    "destinations": [
        "まほろば大橋",
        "秦野駅"
    ],
    "weekday": [
        "7:26",
        "8:17",
        "8:34",
        "9:04",
        "9:30",
        "9:55",
        "10:25",
        "10:55",
        "11:25",
        "12:05",
        "12:45",
        "13:25",
        "13:55",
        "14:25",
        "14:55",
        "15:25",
        "15:55",
        "16:28",
        "17:03",
        "17:33",
        "18:03",
        "18:27",
        "19:03",
        "19:32",
        "19:49",
        "20:13",
        "20:35",
        "20:55",
        "21:23",
        "21:50",
        "22:23",
        "23:12",
        "24:11"
    ],
    "saturday": [
        "7:25",
        "7:50",
        "8:35",
        "9:15",
        "9:55",
        "10:35",
        "11:15",
        "12:02",
        "12:45",
        "13:27",
        "14:05",
        "14:45",
        "15:27",
        "16:05",
        "16:48",
        "17:19",
        "17:45",
        "18:25",
        "19:00",
        "19:41",
        "20:21",
        "21:01",
        "21:48",
        "22:36",
        "23:10"
    ],
    "holiday": [
        "7:24",
        "7:49",
        "8:35",
        "9:15",
        "9:55",
        "10:35",
        "11:15",
        "11:57",
        "12:44",
        "13:26",
        "14:04",
        "14:44",
        "15:26",
        "16:04",
        "16:42",
        "17:13",
        "17:42",
        "18:22",
        "18:57",
        "19:42",
        "20:22",
        "21:01",
        "21:48",
        "22:36",
        "23:10"
    ],
    "url": "https://www.kanachu.co.jp/dia/diagram/timetable01_js/course:0000802911-36/node:00127716/kt:0/lname:/"
}
