{
    "date": "2024/04/01",
    "name": "総合体育館前(相模原市南区)",
    "position": "-",
    "system": "大60",
    "destinations": [
        "麻溝台工業団地",
        "麻溝台一丁目",
        "工業団地入口(相模原市)",
        "麻溝台中学校入口",
        "麻溝台",
        "水道路(相模原市南区)",
        "双葉入口",
        "御園五丁目",
        "みゆき台団地",
        "御園二丁目",
        "上原団地",
        "谷口台小学校前",
        "相模女子大前",
        "グリーンホール前",
        "相模大野駅北口"
    ],
    "weekday": [
        "7:51",
        "8:46",
        "9:06",
        "9:31",
        "10:06",
        "10:51",
        "11:26",
        "12:01",
        "12:26",
        "12:46",
        "13:01",
        "13:31",
        "14:01",
        "14:31",
        "15:01",
        "15:21",
        "15:41",
        "16:01",
        "16:16",
        "16:31",
        "16:36",
        "16:41",
        "16:46",
        "16:51",
        "16:56",
        "17:01",
        "17:11",
        "17:21",
        "17:36",
        "17:51",
        "18:11",
        "18:21",
        "18:31",
        "18:46",
        "18:56",
        "19:21",
        "19:41",
        "20:01",
        "20:26"
    ],
    "saturday": [
        "7:51",
        "8:36",
        "9:06",
        "9:36",
        "10:01",
        "10:31",
        "11:01",
        "11:31",
        "12:01",
        "12:21",
        "12:41",
        "12:56",
        "13:21",
        "13:56",
        "14:21",
        "14:56",
        "15:06",
        "15:21",
        "15:36",
        "15:56",
        "16:16",
        "16:36",
        "16:56",
        "17:11",
        "17:36",
        "17:56",
        "18:31",
        "18:56",
        "19:41",
        "20:21"
    ],
    "holiday": [
        "8:01",
        "8:21",
        "8:41",
        "9:06",
        "9:26",
        "9:46",
        "10:06",
        "10:26",
        "10:51",
        "11:11",
        "11:46",
        "12:11",
        "12:46",
        "13:11",
        "13:46",
        "14:11",
        "14:46",
        "15:06",
        "15:26",
        "15:46",
        "16:06",
        "16:26",
        "16:46",
        "17:06",
        "17:26",
        "17:56",
        "18:26",
        "19:01",
        "19:41"
    ],
    "url": "https://www.kanachu.co.jp/dia/diagram/timetable01_js/course:0000803422-2/node:00129178/kt:0/lname:/"
}
