{
    "date": "2024/04/01",
    "name": "相模女子大前",
    "position": "-",
    "system": "大60",
    "destinations": [
        "グリーンホール前",
        "相模大野駅北口"
    ],
    "weekday": [
        "8:11",
        "9:05",
        "9:25",
        "9:50",
        "10:23",
        "11:08",
        "11:43",
        "12:18",
        "12:43",
        "13:03",
        "13:18",
        "13:48",
        "14:18",
        "14:48",
        "15:18",
        "15:38",
        "15:58",
        "16:21",
        "16:36",
        "16:51",
        "16:56",
        "17:02",
        "17:07",
        "17:13",
        "17:18",
        "17:23",
        "17:33",
        "17:43",
        "17:58",
        "18:12",
        "18:32",
        "18:42",
        "18:52",
        "19:04",
        "19:13",
        "19:37",
        "19:57",
        "20:17",
        "20:42"
    ],
    "saturday": [
        "8:08",
        "8:53",
        "9:23",
        "9:53",
        "10:18",
        "10:48",
        "11:18",
        "11:48",
        "12:18",
        "12:38",
        "12:58",
        "13:13",
        "13:38",
        "14:13",
        "14:38",
        "15:13",
        "15:23",
        "15:38",
        "15:53",
        "16:13",
        "16:35",
        "16:56",
        "17:16",
        "17:31",
        "17:56",
        "18:16",
        "18:47",
        "19:12",
        "19:57",
        "20:37"
    ],
    "holiday": [
        "8:17",
        "8:37",
        "8:57",
        "9:23",
        "9:43",
        "10:03",
        "10:23",
        "10:43",
        "11:08",
        "11:28",
        "12:03",
        "12:28",
        "13:03",
        "13:28",
        "14:03",
        "14:28",
        "15:03",
        "15:23",
        "15:43",
        "16:03",
        "16:23",
        "16:43",
        "17:03",
        "17:23",
        "17:43",
        "18:13",
        "18:42",
        "19:17",
        "19:57"
    ],
    "url": "https://www.kanachu.co.jp/dia/diagram/timetable01_js/course:0000803422-15/node:00129150/kt:0/lname:/"
}
