{
    "system": "大60",
    "busstops": [
        {
            "index": "1",
            "id": "00129312",
            "name": "女子美術大学",
            "lat": "35.52912",
            "lng": "139.38992"
        },
        {
            "index": "2",
            "id": "00129178",
            "name": "総合体育館前(相模原市南区)",
            "lat": "35.529657",
            "lng": "139.394493"
        },
        {
            "index": "3",
            "id": "00129311",
            "name": "麻溝台工業団地",
            "lat": "35.531927",
            "lng": "139.396172"
        },
        {
            "index": "4",
            "id": "00129310",
            "name": "麻溝台一丁目",
            "lat": "35.532409",
            "lng": "139.401247"
        },
        {
            "index": "5",
            "id": "00130530",
            "name": "工業団地入口(相模原市)",
            "lat": "35.532783",
            "lng": "139.404795"
        },
        {
            "index": "6",
            "id": "00129697",
            "name": "麻溝台中学校入口",
            "lat": "35.530641",
            "lng": "139.405999"
        },
        {
            "index": "7",
            "id": "00129696",
            "name": "麻溝台",
            "lat": "35.527114",
            "lng": "139.406533"
        },
        {
            "index": "8",
            "id": "00129695",
            "name": "水道路(相模原市南区)",
            "lat": "35.524689",
            "lng": "139.407451"
        },
        {
            "index": "9",
            "id": "00129242",
            "name": "双葉入口",
            "lat": "35.524625",
            "lng": "139.413038"
        },
        {
            "index": "10",
            "id": "00129261",
            "name": "御園五丁目",
            "lat": "35.525005",
            "lng": "139.414397"
        },
        {
            "index": "11",
            "id": "00129258",
            "name": "みゆき台団地",
            "lat": "35.527131",
            "lng": "139.4183"
        },
        {
            "index": "12",
            "id": "00129260",
            "name": "御園二丁目",
            "lat": "35.528812",
            "lng": "139.420572"
        },
        {
            "index": "13",
            "id": "00129078",
            "name": "上原団地",
            "lat": "35.531552",
            "lng": "139.424077"
        },
        {
            "index": "14",
            "id": "00129279",
            "name": "谷口台小学校前",
            "lat": "35.531735",
            "lng": "139.426559"
        },
        {
            "index": "15",
            "id": "00129150",
            "name": "相模女子大前",
            "lat": "35.532038",
            "lng": "139.430209"
        },
        {
            "index": "16",
            "id": "00129307",
            "name": "グリーンホール前",
            "lat": "35.533588",
            "lng": "139.435386"
        },
        {
            "index": "17",
            "id": "00114298",
            "name": "相模大野駅北口",
            "lat": "35.531252",
            "lng": "139.436477"
        }
    ],
    "route_url": "https://www.kanachu.co.jp/dia/route/index/cid:0000803422/"
}
