{
    "date": "2026/01/16",
    "name": "桜美林学園",
    "position": "-",
    "system": "淵67",
    "destinations": [
        "唐沢(町田市)",
        "桜台入口(町田市)",
        "桜台一丁目(町田市)",
        "桜台センター前",
        "桜台二丁目(町田市)",
        "小山田桜台",
        "桜台入口(町田市)",
        "清住平",
        "桜橋(町田市)",
        "日大三高"
    ],
    "weekday": [
        "8:07",
        "8:29",
        "8:57",
        "9:27",
        "9:57",
        "10:27",
        "11:17",
        "12:17",
        "13:17",
        "14:17",
        "15:17",
        "16:17"
    ],
    "saturday": [
        "8:47",
        "9:17",
        "10:17",
        "11:17",
        "12:17",
        "13:17",
        "14:17",
        "15:17",
        "16:17"
    ],
    "holiday": [],
    "url": "https://www.kanachu.co.jp/dia/diagram/timetable01_js/course:0000804083-10/node:00129400/kt:0/lname:/"
}
