{
    "date": "2026/01/16",
    "name": "桜台入口(町田市)",
    "position": "-",
    "system": "淵67",
    "destinations": [
        "桜台一丁目(町田市)",
        "桜台センター前",
        "桜台二丁目(町田市)",
        "小山田桜台",
        "桜台入口(町田市)",
        "清住平",
        "桜橋(町田市)",
        "日大三高"
    ],
    "weekday": [
        "8:09",
        "8:31",
        "8:59",
        "9:29",
        "9:59",
        "10:29",
        "11:19",
        "12:19",
        "13:19",
        "14:19",
        "15:19",
        "16:19"
    ],
    "saturday": [
        "8:49",
        "9:19",
        "10:19",
        "11:19",
        "12:19",
        "13:19",
        "14:19",
        "15:19",
        "16:19"
    ],
    "holiday": [],
    "url": "https://www.kanachu.co.jp/dia/diagram/timetable01_js/course:0000804083-12/node:00129402/kt:0/lname:/"
}
