{
    "date": "2026/01/16",
    "name": "桜台一丁目(町田市)",
    "position": "-",
    "system": "淵67",
    "destinations": [
        "桜台センター前",
        "桜台二丁目(町田市)",
        "小山田桜台",
        "桜台入口(町田市)",
        "清住平",
        "桜橋(町田市)",
        "日大三高"
    ],
    "weekday": [
        "8:10",
        "8:32",
        "9:00",
        "9:30",
        "10:00",
        "10:30",
        "11:20",
        "12:20",
        "13:20",
        "14:20",
        "15:20",
        "16:20"
    ],
    "saturday": [
        "8:50",
        "9:20",
        "10:20",
        "11:20",
        "12:20",
        "13:20",
        "14:20",
        "15:20",
        "16:20"
    ],
    "holiday": [],
    "url": "https://www.kanachu.co.jp/dia/diagram/timetable01_js/course:0000804083-13/node:00129403/kt:0/lname:/"
}
