{
    "date": "2026/01/16",
    "name": "清住平",
    "position": "-",
    "system": "淵67",
    "destinations": [
        "桜橋(町田市)",
        "日大三高"
    ],
    "weekday": [
        "8:15",
        "8:37",
        "9:05",
        "9:35",
        "10:05",
        "10:35",
        "11:25",
        "12:25",
        "13:25",
        "14:25",
        "15:25",
        "16:25"
    ],
    "saturday": [
        "8:55",
        "9:25",
        "10:25",
        "11:25",
        "12:25",
        "13:25",
        "14:25",
        "15:25",
        "16:25"
    ],
    "holiday": [],
    "url": "https://www.kanachu.co.jp/dia/diagram/timetable01_js/course:0000804083-18/node:00130131/kt:0/lname:/"
}
