{
    "date": "2018/04/01",
    "name": "大神(平塚市)",
    "position": "-",
    "system": "",
    "destinations": [
        "真芳寺",
        "寄木神社前",
        "柳の内",
        "農協神田支所前",
        "相模神田",
        "田村十字路",
        "駒返橋",
        "鹿見堂橋",
        "平塚市リサイクルプラザ",
        "大江工業前",
        "ふじみ園前",
        "前鳥神社前",
        "大念寺前",
        "東真土",
        "真土",
        "大野農協前",
        "西真土",
        "大野中学校前",
        "東中原住宅",
        "伊勢山(平塚市)",
        "中原中宿",
        "中原東(平塚市)",
        "総合公園前(平塚市)",
        "共済病院前総合公園西",
        "市民病院前(平塚市)"
    ],
    "weekday": [
        "7:30",
        "10:40"
    ],
    "saturday": [],
    "holiday": [],
    "url": "https://www.kanachu.co.jp/dia/diagram/timetable01_js/course:0000802664-1/node:00128631/kt:0/lname:/"
}
