{
    "date": "2025/11/16",
    "name": "八幡(平塚市)",
    "position": "-",
    "system": "平53",
    "destinations": [
        "八幡公民館入口",
        "古河電工入口",
        "泉蔵院前",
        "四ノ宮(平塚市)",
        "大念寺前",
        "前鳥神社前",
        "ふじみ園前",
        "大江工業前",
        "平塚市リサイクルプラザ",
        "鹿見堂橋",
        "駒返橋",
        "田村十字路",
        "相模神田",
        "農協神田支所前",
        "柳の内",
        "寄木神社前",
        "真芳寺",
        "大神(平塚市)",
        "下戸田(厚木市)",
        "中戸田",
        "戸田(厚木市)",
        "相川中学校前",
        "愛坪",
        "下酒井",
        "酒井(厚木市)",
        "リバーサイド前(厚木市)",
        "下岡田(厚木市)",
        "岡田(厚木市)",
        "岡田一本杉",
        "富士見町(厚木市)",
        "下宿(厚木市)",
        "旭町(厚木市)",
        "本厚木駅南口"
    ],
    "weekday": [
        "6:01",
        "6:16",
        "6:31",
        "6:41",
        "6:49",
        "6:56",
        "7:08",
        "7:16",
        "7:28",
        "7:39",
        "7:46",
        "7:56",
        "8:06",
        "8:16",
        "8:29",
        "8:43",
        "8:58",
        "9:13",
        "9:33",
        "9:53",
        "10:13",
        "10:33",
        "10:53",
        "11:13",
        "11:33",
        "11:53",
        "12:13",
        "12:33",
        "12:53",
        "13:13",
        "13:33",
        "13:53",
        "14:13",
        "14:33",
        "14:53",
        "15:13",
        "15:28",
        "15:43",
        "15:55",
        "16:07",
        "16:19",
        "16:32",
        "16:48",
        "17:00",
        "17:13",
        "17:23",
        "17:33",
        "17:44",
        "17:54",
        "18:03",
        "18:10",
        "18:22",
        "18:35",
        "18:46",
        "18:58",
        "19:11",
        "19:26",
        "19:39",
        "19:54",
        "20:09",
        "20:39",
        "20:54",
        "21:14",
        "21:34",
        "22:04",
        "22:34"
    ],
    "saturday": [
        "6:25",
        "6:45",
        "7:00",
        "7:15",
        "7:30",
        "7:45",
        "8:00",
        "8:15",
        "8:30",
        "8:45",
        "9:00",
        "20:35",
        "21:05",
        "21:35",
        "22:05"
    ],
    "holiday": [
        "6:25",
        "6:45",
        "7:05",
        "7:25",
        "7:45",
        "8:00",
        "8:20",
        "8:40",
        "9:00",
        "20:35",
        "21:05",
        "21:35",
        "22:05"
    ],
    "url": "https://www.kanachu.co.jp/dia/diagram/timetable01_js/course:0000803046-6/node:00127646/kt:0/lname:/"
}
