{
    "date": "2025/11/16",
    "name": "八幡公民館入口",
    "position": "-",
    "system": "平53",
    "destinations": [
        "古河電工入口",
        "泉蔵院前",
        "四ノ宮(平塚市)",
        "大念寺前",
        "前鳥神社前",
        "ふじみ園前",
        "大江工業前",
        "平塚市リサイクルプラザ",
        "鹿見堂橋",
        "駒返橋",
        "田村十字路",
        "相模神田",
        "農協神田支所前",
        "柳の内",
        "寄木神社前",
        "真芳寺",
        "大神(平塚市)",
        "下戸田(厚木市)",
        "中戸田",
        "戸田(厚木市)",
        "相川中学校前",
        "愛坪",
        "下酒井",
        "酒井(厚木市)",
        "リバーサイド前(厚木市)",
        "下岡田(厚木市)",
        "岡田(厚木市)",
        "岡田一本杉",
        "富士見町(厚木市)",
        "下宿(厚木市)",
        "旭町(厚木市)",
        "本厚木駅南口"
    ],
    "weekday": [
        "6:01",
        "6:16",
        "6:31",
        "6:41",
        "6:49",
        "6:56",
        "7:09",
        "7:17",
        "7:29",
        "7:40",
        "7:47",
        "7:57",
        "8:07",
        "8:17",
        "8:30",
        "8:44",
        "8:59",
        "9:14",
        "9:34",
        "9:54",
        "10:14",
        "10:34",
        "10:54",
        "11:14",
        "11:34",
        "11:54",
        "12:14",
        "12:34",
        "12:54",
        "13:14",
        "13:34",
        "13:54",
        "14:14",
        "14:34",
        "14:54",
        "15:14",
        "15:29",
        "15:44",
        "15:56",
        "16:08",
        "16:20",
        "16:33",
        "16:49",
        "17:01",
        "17:14",
        "17:24",
        "17:34",
        "17:45",
        "17:55",
        "18:04",
        "18:11",
        "18:23",
        "18:36",
        "18:47",
        "18:59",
        "19:12",
        "19:27",
        "19:40",
        "19:55",
        "20:10",
        "20:40",
        "20:55",
        "21:15",
        "21:35",
        "22:05",
        "22:35"
    ],
    "saturday": [
        "6:25",
        "6:45",
        "7:00",
        "7:15",
        "7:30",
        "7:45",
        "8:00",
        "8:15",
        "8:30",
        "8:45",
        "9:00",
        "20:35",
        "21:05",
        "21:35",
        "22:05"
    ],
    "holiday": [
        "6:25",
        "6:45",
        "7:05",
        "7:25",
        "7:45",
        "8:00",
        "8:20",
        "8:40",
        "9:00",
        "20:35",
        "21:05",
        "21:35",
        "22:05"
    ],
    "url": "https://www.kanachu.co.jp/dia/diagram/timetable01_js/course:0000803046-7/node:00127647/kt:0/lname:/"
}
