{
    "date": "2025/11/16",
    "name": "四ノ宮(平塚市)",
    "position": "-",
    "system": "平53",
    "destinations": [
        "大念寺前",
        "前鳥神社前",
        "ふじみ園前",
        "大江工業前",
        "平塚市リサイクルプラザ",
        "鹿見堂橋",
        "駒返橋",
        "田村十字路",
        "相模神田",
        "農協神田支所前",
        "柳の内",
        "寄木神社前",
        "真芳寺",
        "大神(平塚市)",
        "下戸田(厚木市)",
        "中戸田",
        "戸田(厚木市)",
        "相川中学校前",
        "愛坪",
        "下酒井",
        "酒井(厚木市)",
        "リバーサイド前(厚木市)",
        "下岡田(厚木市)",
        "岡田(厚木市)",
        "岡田一本杉",
        "富士見町(厚木市)",
        "下宿(厚木市)",
        "旭町(厚木市)",
        "本厚木駅南口"
    ],
    "weekday": [
        "6:04",
        "6:19",
        "6:34",
        "6:44",
        "6:52",
        "6:59",
        "7:12",
        "7:20",
        "7:32",
        "7:43",
        "7:50",
        "8:00",
        "8:10",
        "8:20",
        "8:33",
        "8:47",
        "9:02",
        "9:17",
        "9:37",
        "9:57",
        "10:17",
        "10:37",
        "10:57",
        "11:17",
        "11:37",
        "11:57",
        "12:17",
        "12:37",
        "12:57",
        "13:17",
        "13:37",
        "13:57",
        "14:17",
        "14:37",
        "14:57",
        "15:17",
        "15:32",
        "15:47",
        "15:59",
        "16:11",
        "16:23",
        "16:36",
        "16:52",
        "17:04",
        "17:17",
        "17:27",
        "17:37",
        "17:48",
        "17:58",
        "18:07",
        "18:14",
        "18:26",
        "18:39",
        "18:50",
        "19:02",
        "19:15",
        "19:30",
        "19:43",
        "19:58",
        "20:13",
        "20:43",
        "20:58",
        "21:18",
        "21:38",
        "22:08",
        "22:38"
    ],
    "saturday": [
        "6:29",
        "6:49",
        "7:04",
        "7:19",
        "7:34",
        "7:49",
        "8:04",
        "8:19",
        "8:34",
        "8:49",
        "9:04",
        "20:39",
        "21:09",
        "21:39",
        "22:09"
    ],
    "holiday": [
        "6:29",
        "6:49",
        "7:09",
        "7:29",
        "7:49",
        "8:04",
        "8:24",
        "8:44",
        "9:04",
        "20:39",
        "21:09",
        "21:39",
        "22:09"
    ],
    "url": "https://www.kanachu.co.jp/dia/diagram/timetable01_js/course:0000803046-10/node:00127656/kt:0/lname:/"
}
