{
    "date": "2025/11/16",
    "name": "鹿見堂橋",
    "position": "-",
    "system": "平53",
    "destinations": [
        "駒返橋",
        "田村十字路",
        "相模神田",
        "農協神田支所前",
        "柳の内",
        "寄木神社前",
        "真芳寺",
        "大神(平塚市)",
        "下戸田(厚木市)",
        "中戸田",
        "戸田(厚木市)",
        "相川中学校前",
        "愛坪",
        "下酒井",
        "酒井(厚木市)",
        "リバーサイド前(厚木市)",
        "下岡田(厚木市)",
        "岡田(厚木市)",
        "岡田一本杉",
        "富士見町(厚木市)",
        "下宿(厚木市)",
        "旭町(厚木市)",
        "本厚木駅南口"
    ],
    "weekday": [
        "6:12",
        "6:27",
        "6:42",
        "6:52",
        "7:00",
        "7:07",
        "7:20",
        "7:28",
        "7:40",
        "7:51",
        "7:58",
        "8:08",
        "8:18",
        "8:28",
        "8:41",
        "8:55",
        "9:10",
        "9:25",
        "9:45",
        "10:05",
        "10:25",
        "10:45",
        "11:05",
        "11:25",
        "11:45",
        "12:05",
        "12:25",
        "12:45",
        "13:05",
        "13:25",
        "13:45",
        "14:05",
        "14:25",
        "14:45",
        "15:05",
        "15:25",
        "15:40",
        "15:55",
        "16:07",
        "16:19",
        "16:31",
        "16:44",
        "17:00",
        "17:12",
        "17:25",
        "17:35",
        "17:45",
        "17:56",
        "18:06",
        "18:15",
        "18:22",
        "18:34",
        "18:47",
        "18:58",
        "19:10",
        "19:23",
        "19:38",
        "19:51",
        "20:06",
        "20:21",
        "20:51",
        "21:06",
        "21:26",
        "21:46",
        "22:16",
        "22:46"
    ],
    "saturday": [
        "6:36",
        "6:56",
        "7:12",
        "7:27",
        "7:42",
        "7:57",
        "8:12",
        "8:27",
        "8:42",
        "8:57",
        "9:12",
        "20:46",
        "21:16",
        "21:46",
        "22:16"
    ],
    "holiday": [
        "6:36",
        "6:56",
        "7:17",
        "7:37",
        "7:57",
        "8:12",
        "8:32",
        "8:52",
        "9:12",
        "20:46",
        "21:16",
        "21:46",
        "22:16"
    ],
    "url": "https://www.kanachu.co.jp/dia/diagram/timetable01_js/course:0000803046-16/node:00127660/kt:0/lname:/"
}
