{
    "date": "2025/11/16",
    "name": "真芳寺",
    "position": "-",
    "system": "平53",
    "destinations": [
        "大神(平塚市)",
        "下戸田(厚木市)",
        "中戸田",
        "戸田(厚木市)",
        "相川中学校前",
        "愛坪",
        "下酒井",
        "酒井(厚木市)",
        "リバーサイド前(厚木市)",
        "下岡田(厚木市)",
        "岡田(厚木市)",
        "岡田一本杉",
        "富士見町(厚木市)",
        "下宿(厚木市)",
        "旭町(厚木市)",
        "本厚木駅南口"
    ],
    "weekday": [
        "6:20",
        "6:35",
        "6:51",
        "7:01",
        "7:09",
        "7:16",
        "7:29",
        "7:37",
        "7:49",
        "8:00",
        "8:07",
        "8:17",
        "8:27",
        "8:37",
        "8:50",
        "9:04",
        "9:19",
        "9:34",
        "9:54",
        "10:14",
        "10:34",
        "10:54",
        "11:14",
        "11:34",
        "11:54",
        "12:14",
        "12:34",
        "12:54",
        "13:14",
        "13:34",
        "13:54",
        "14:14",
        "14:34",
        "14:54",
        "15:14",
        "15:34",
        "15:49",
        "16:04",
        "16:16",
        "16:28",
        "16:40",
        "16:53",
        "17:09",
        "17:21",
        "17:34",
        "17:44",
        "17:54",
        "18:05",
        "18:15",
        "18:24",
        "18:31",
        "18:43",
        "18:56",
        "19:07",
        "19:19",
        "19:32",
        "19:46",
        "19:59",
        "20:14",
        "20:29",
        "20:59",
        "21:14",
        "21:34",
        "21:54",
        "22:24",
        "22:54"
    ],
    "saturday": [
        "6:44",
        "7:04",
        "7:21",
        "7:36",
        "7:51",
        "8:06",
        "8:21",
        "8:36",
        "8:51",
        "9:06",
        "9:21",
        "20:54",
        "21:24",
        "21:54",
        "22:24"
    ],
    "holiday": [
        "6:44",
        "7:04",
        "7:26",
        "7:46",
        "8:06",
        "8:21",
        "8:41",
        "9:01",
        "9:21",
        "20:54",
        "21:24",
        "21:54",
        "22:24"
    ],
    "url": "https://www.kanachu.co.jp/dia/diagram/timetable01_js/course:0000803046-23/node:00127667/kt:0/lname:/"
}
