{
    "date": "2025/11/16",
    "name": "下酒井",
    "position": "-",
    "system": "平53",
    "destinations": [
        "酒井(厚木市)",
        "リバーサイド前(厚木市)",
        "下岡田(厚木市)",
        "岡田(厚木市)",
        "岡田一本杉",
        "富士見町(厚木市)",
        "下宿(厚木市)",
        "旭町(厚木市)",
        "本厚木駅南口"
    ],
    "weekday": [
        "6:28",
        "6:44",
        "7:00",
        "7:10",
        "7:18",
        "7:25",
        "7:38",
        "7:46",
        "7:58",
        "8:09",
        "8:16",
        "8:26",
        "8:36",
        "8:46",
        "8:59",
        "9:13",
        "9:28",
        "9:43",
        "10:03",
        "10:23",
        "10:43",
        "11:03",
        "11:23",
        "11:43",
        "12:03",
        "12:23",
        "12:43",
        "13:03",
        "13:23",
        "13:43",
        "14:03",
        "14:23",
        "14:43",
        "15:03",
        "15:23",
        "15:43",
        "15:58",
        "16:13",
        "16:25",
        "16:37",
        "16:49",
        "17:02",
        "17:18",
        "17:30",
        "17:43",
        "17:53",
        "18:03",
        "18:14",
        "18:24",
        "18:33",
        "18:40",
        "18:52",
        "19:05",
        "19:16",
        "19:28",
        "19:40",
        "19:54",
        "20:07",
        "20:22",
        "20:37",
        "21:07",
        "21:22",
        "21:42",
        "22:02",
        "22:32",
        "23:02"
    ],
    "saturday": [
        "6:52",
        "7:12",
        "7:29",
        "7:44",
        "7:59",
        "8:14",
        "8:29",
        "8:44",
        "8:59",
        "9:14",
        "9:29",
        "21:02",
        "21:32",
        "22:02",
        "22:32"
    ],
    "holiday": [
        "6:52",
        "7:12",
        "7:34",
        "7:54",
        "8:14",
        "8:29",
        "8:49",
        "9:09",
        "9:29",
        "21:02",
        "21:32",
        "22:02",
        "22:32"
    ],
    "url": "https://www.kanachu.co.jp/dia/diagram/timetable01_js/course:0000803046-30/node:00128626/kt:0/lname:/"
}
