{
    "date": "2025/11/16",
    "name": "酒井(厚木市)",
    "position": "-",
    "system": "平53",
    "destinations": [
        "リバーサイド前(厚木市)",
        "下岡田(厚木市)",
        "岡田(厚木市)",
        "岡田一本杉",
        "富士見町(厚木市)",
        "下宿(厚木市)",
        "旭町(厚木市)",
        "本厚木駅南口"
    ],
    "weekday": [
        "6:29",
        "6:45",
        "7:01",
        "7:11",
        "7:19",
        "7:26",
        "7:39",
        "7:47",
        "7:59",
        "8:10",
        "8:17",
        "8:27",
        "8:37",
        "8:47",
        "9:00",
        "9:14",
        "9:29",
        "9:44",
        "10:04",
        "10:24",
        "10:44",
        "11:04",
        "11:24",
        "11:44",
        "12:04",
        "12:24",
        "12:44",
        "13:04",
        "13:24",
        "13:44",
        "14:04",
        "14:24",
        "14:44",
        "15:04",
        "15:24",
        "15:44",
        "15:59",
        "16:14",
        "16:26",
        "16:38",
        "16:50",
        "17:03",
        "17:19",
        "17:31",
        "17:44",
        "17:54",
        "18:04",
        "18:15",
        "18:25",
        "18:34",
        "18:41",
        "18:53",
        "19:06",
        "19:17",
        "19:29",
        "19:41",
        "19:55",
        "20:08",
        "20:23",
        "20:38",
        "21:08",
        "21:23",
        "21:43",
        "22:03",
        "22:33",
        "23:03"
    ],
    "saturday": [
        "6:53",
        "7:13",
        "7:30",
        "7:45",
        "8:00",
        "8:15",
        "8:30",
        "8:45",
        "9:00",
        "9:15",
        "9:30",
        "21:03",
        "21:33",
        "22:03",
        "22:33"
    ],
    "holiday": [
        "6:53",
        "7:13",
        "7:35",
        "7:55",
        "8:15",
        "8:30",
        "8:50",
        "9:10",
        "9:30",
        "21:03",
        "21:33",
        "22:03",
        "22:33"
    ],
    "url": "https://www.kanachu.co.jp/dia/diagram/timetable01_js/course:0000803046-31/node:00128328/kt:0/lname:/"
}
