{
    "date": "2025/03/15",
    "name": "西原(横浜市泉区)",
    "position": "-",
    "system": "湘07",
    "destinations": [
        "萩丸",
        "大丸(横浜市泉区)",
        "原田(横浜市泉区)",
        "下和泉",
        "四ツ谷(横浜市泉区)",
        "南小学校前(横浜市泉区)",
        "下飯田",
        "元木(横浜市泉区)",
        "今田西原",
        "図書館前(藤沢市)",
        "今田上原",
        "下高倉(藤沢市)",
        "湘南台駅東口"
    ],
    "weekday": [
        "6:16",
        "7:16",
        "8:16",
        "9:16",
        "10:16",
        "11:16",
        "12:16",
        "13:16",
        "14:16",
        "15:16",
        "16:16",
        "17:16",
        "18:16",
        "19:16",
        "20:27"
    ],
    "saturday": [
        "7:36",
        "8:36",
        "9:36",
        "10:36",
        "11:36",
        "12:36",
        "13:36",
        "14:36",
        "15:36",
        "16:36",
        "17:36",
        "18:36",
        "19:36"
    ],
    "holiday": [
        "7:36",
        "8:36",
        "9:36",
        "10:36",
        "11:36",
        "12:36",
        "13:36",
        "14:36",
        "15:36",
        "16:36",
        "17:36",
        "18:36",
        "19:36"
    ],
    "url": "https://www.kanachu.co.jp/dia/diagram/timetable01_js/course:0000802715-2/node:00126835/kt:0/lname:/"
}
