{
    "date": "2025/03/15",
    "name": "南小学校前(横浜市泉区)",
    "position": "-",
    "system": "湘07",
    "destinations": [
        "下飯田",
        "元木(横浜市泉区)",
        "今田西原",
        "図書館前(藤沢市)",
        "今田上原",
        "下高倉(藤沢市)",
        "湘南台駅東口"
    ],
    "weekday": [
        "6:23",
        "7:23",
        "8:23",
        "9:23",
        "10:23",
        "11:23",
        "12:23",
        "13:23",
        "14:23",
        "15:23",
        "16:23",
        "17:23",
        "18:23",
        "19:23",
        "20:34"
    ],
    "saturday": [
        "7:43",
        "8:43",
        "9:43",
        "10:43",
        "11:43",
        "12:43",
        "13:43",
        "14:43",
        "15:43",
        "16:43",
        "17:43",
        "18:43",
        "19:43"
    ],
    "holiday": [
        "7:43",
        "8:43",
        "9:43",
        "10:43",
        "11:43",
        "12:43",
        "13:43",
        "14:43",
        "15:43",
        "16:43",
        "17:43",
        "18:43",
        "19:43"
    ],
    "url": "https://www.kanachu.co.jp/dia/diagram/timetable01_js/course:0000802715-8/node:00126874/kt:0/lname:/"
}
