{
    "date": "2025/03/15",
    "name": "下飯田",
    "position": "-",
    "system": "湘07",
    "destinations": [
        "元木(横浜市泉区)",
        "今田西原",
        "図書館前(藤沢市)",
        "今田上原",
        "下高倉(藤沢市)",
        "湘南台駅東口"
    ],
    "weekday": [
        "6:24",
        "7:24",
        "8:24",
        "9:24",
        "10:24",
        "11:24",
        "12:24",
        "13:24",
        "14:24",
        "15:24",
        "16:24",
        "17:24",
        "18:24",
        "19:24",
        "20:35"
    ],
    "saturday": [
        "7:44",
        "8:44",
        "9:44",
        "10:44",
        "11:44",
        "12:44",
        "13:44",
        "14:44",
        "15:44",
        "16:44",
        "17:44",
        "18:44",
        "19:44"
    ],
    "holiday": [
        "7:44",
        "8:44",
        "9:44",
        "10:44",
        "11:44",
        "12:44",
        "13:44",
        "14:44",
        "15:44",
        "16:44",
        "17:44",
        "18:44",
        "19:44"
    ],
    "url": "https://www.kanachu.co.jp/dia/diagram/timetable01_js/course:0000802715-9/node:00126875/kt:0/lname:/"
}
