{
    "date": "2022/03/12",
    "name": "町屋(小田原市)",
    "position": "-",
    "system": "国04",
    "destinations": [
        "橘インター入口",
        "押切・塔台橋",
        "押切(中郡二宮町)",
        "橘中学校入口(小田原市)",
        "下原(小田原市)",
        "中村原",
        "鐘藪",
        "診療所前(小田原市)",
        "下中小学校前",
        "下中駐在所前",
        "下小竹",
        "橘団地"
    ],
    "weekday": [
        "19:30"
    ],
    "saturday": [
        "9:07",
        "12:49",
        "13:59",
        "19:30"
    ],
    "holiday": [
        "9:07",
        "12:49",
        "13:59",
        "19:30"
    ],
    "url": "https://www.kanachu.co.jp/dia/diagram/timetable01_js/course:0000802554-6/node:00127497/kt:0/lname:/"
}
