{
    "date": "2022/03/12",
    "name": "押切・塔台橋",
    "position": "-",
    "system": "国04",
    "destinations": [
        "押切(中郡二宮町)",
        "橘中学校入口(小田原市)",
        "下原(小田原市)",
        "中村原",
        "鐘藪",
        "診療所前(小田原市)",
        "下中小学校前",
        "下中駐在所前",
        "下小竹",
        "橘団地"
    ],
    "weekday": [
        "19:32"
    ],
    "saturday": [
        "9:09",
        "12:51",
        "14:01",
        "19:32"
    ],
    "holiday": [
        "9:09",
        "12:51",
        "14:01",
        "19:32"
    ],
    "url": "https://www.kanachu.co.jp/dia/diagram/timetable01_js/course:0000802554-8/node:00130384/kt:0/lname:/"
}
