{
    "date": "2022/03/12",
    "name": "下原(小田原市)",
    "position": "-",
    "system": "国04",
    "destinations": [
        "中村原",
        "鐘藪",
        "診療所前(小田原市)",
        "下中小学校前",
        "下中駐在所前",
        "下小竹",
        "橘団地"
    ],
    "weekday": [
        "19:34"
    ],
    "saturday": [
        "9:11",
        "12:53",
        "14:03",
        "19:34"
    ],
    "holiday": [
        "9:11",
        "12:53",
        "14:03",
        "19:34"
    ],
    "url": "https://www.kanachu.co.jp/dia/diagram/timetable01_js/course:0000802554-11/node:00127977/kt:0/lname:/"
}
