{
    "system": "鶴33",
    "busstops": [
        {
            "index": "1",
            "id": "00129371",
            "name": "並木(町田市)",
            "lat": "35.585369",
            "lng": "139.43315"
        },
        {
            "index": "2",
            "id": "00129372",
            "name": "神学校(町田市)",
            "lat": "35.585944",
            "lng": "139.436981"
        },
        {
            "index": "3",
            "id": "00129373",
            "name": "野津田車庫",
            "lat": "35.587182",
            "lng": "139.442865"
        },
        {
            "index": "4",
            "id": "00129431",
            "name": "田中入口",
            "lat": "35.587841",
            "lng": "139.446985"
        },
        {
            "index": "5",
            "id": "00129430",
            "name": "袋橋",
            "lat": "35.588626",
            "lng": "139.453216"
        },
        {
            "index": "6",
            "id": "00129433",
            "name": "綾部入口",
            "lat": "35.588691",
            "lng": "139.454404"
        },
        {
            "index": "7",
            "id": "00129434",
            "name": "川島入口(町田市)",
            "lat": "35.588759",
            "lng": "139.457297"
        },
        {
            "index": "8",
            "id": "00129435",
            "name": "大蔵(鶴川郵便局前/町田市)",
            "lat": "35.588589",
            "lng": "139.462751"
        },
        {
            "index": "9",
            "id": "00129436",
            "name": "鶴川市民センター入口",
            "lat": "35.588281",
            "lng": "139.465066"
        },
        {
            "index": "10",
            "id": "00129437",
            "name": "下大蔵",
            "lat": "35.587149",
            "lng": "139.469776"
        },
        {
            "index": "11",
            "id": "00129438",
            "name": "金井入口",
            "lat": "35.585048",
            "lng": "139.472292"
        },
        {
            "index": "12",
            "id": "00129439",
            "name": "上能ヶ谷",
            "lat": "35.583703",
            "lng": "139.475854"
        },
        {
            "index": "13",
            "id": "00130346",
            "name": "鶴川駅西口",
            "lat": "35.583308",
            "lng": "139.478524"
        },
        {
            "index": "14",
            "id": "00049296",
            "name": "鶴川駅",
            "lat": "35.584013",
            "lng": "139.482612"
        }
    ],
    "route_url": "https://www.kanachu.co.jp/dia/route/index/cid:0000803467/"
}
