{
    "date": "2024/03/16",
    "name": "津久井高校前",
    "position": "-",
    "system": "三51",
    "destinations": [
        "三ヶ木新宿",
        "青山(相模原市緑区)",
        "小沢(相模原市緑区)",
        "新屋敷(相模原市緑区)",
        "関・宮原",
        "関(相模原市緑区)",
        "上長竹",
        "長竹クラブ前",
        "長竹(相模原市緑区)",
        "串川橋",
        "石ヶ沢",
        "韮尾根",
        "清正光入口",
        "石小屋入口",
        "川北(愛甲郡愛川町)",
        "半原"
    ],
    "weekday": [
        "7:21",
        "8:23",
        "11:30",
        "12:30",
        "13:25",
        "16:05",
        "17:15",
        "18:18",
        "19:23"
    ],
    "saturday": [
        "7:21",
        "8:23",
        "11:30",
        "12:30",
        "13:25",
        "16:05",
        "17:15",
        "18:18",
        "19:23"
    ],
    "holiday": [
        "7:21",
        "8:23",
        "11:30",
        "12:30",
        "13:25",
        "16:05",
        "17:15",
        "18:18",
        "19:23"
    ],
    "url": "https://www.kanachu.co.jp/dia/diagram/timetable01_js/course:0000800133-2/node:00128751/kt:0/lname:/"
}
