{
    "date": "2024/03/16",
    "name": "小沢(相模原市緑区)",
    "position": "-",
    "system": "三51",
    "destinations": [
        "新屋敷(相模原市緑区)",
        "関・宮原",
        "関(相模原市緑区)",
        "上長竹",
        "長竹クラブ前",
        "長竹(相模原市緑区)",
        "串川橋",
        "石ヶ沢",
        "韮尾根",
        "清正光入口",
        "石小屋入口",
        "川北(愛甲郡愛川町)",
        "半原"
    ],
    "weekday": [
        "7:24",
        "8:26",
        "11:33",
        "12:33",
        "13:28",
        "16:08",
        "17:18",
        "18:21",
        "19:26"
    ],
    "saturday": [
        "7:24",
        "8:26",
        "11:33",
        "12:33",
        "13:28",
        "16:08",
        "17:18",
        "18:21",
        "19:26"
    ],
    "holiday": [
        "7:24",
        "8:26",
        "11:33",
        "12:33",
        "13:28",
        "16:08",
        "17:18",
        "18:21",
        "19:26"
    ],
    "url": "https://www.kanachu.co.jp/dia/diagram/timetable01_js/course:0000800133-5/node:00128825/kt:0/lname:/"
}
