{
    "date": "2024/03/16",
    "name": "新屋敷(相模原市緑区)",
    "position": "-",
    "system": "三51",
    "destinations": [
        "関・宮原",
        "関(相模原市緑区)",
        "上長竹",
        "長竹クラブ前",
        "長竹(相模原市緑区)",
        "串川橋",
        "石ヶ沢",
        "韮尾根",
        "清正光入口",
        "石小屋入口",
        "川北(愛甲郡愛川町)",
        "半原"
    ],
    "weekday": [
        "7:25",
        "8:27",
        "11:34",
        "12:34",
        "13:29",
        "16:09",
        "17:19",
        "18:22",
        "19:27"
    ],
    "saturday": [
        "7:25",
        "8:27",
        "11:34",
        "12:34",
        "13:29",
        "16:09",
        "17:19",
        "18:22",
        "19:27"
    ],
    "holiday": [
        "7:25",
        "8:27",
        "11:34",
        "12:34",
        "13:29",
        "16:09",
        "17:19",
        "18:22",
        "19:27"
    ],
    "url": "https://www.kanachu.co.jp/dia/diagram/timetable01_js/course:0000800133-6/node:00128826/kt:0/lname:/"
}
