{
    "date": "2024/03/16",
    "name": "上長竹",
    "position": "-",
    "system": "三51",
    "destinations": [
        "長竹クラブ前",
        "長竹(相模原市緑区)",
        "串川橋",
        "石ヶ沢",
        "韮尾根",
        "清正光入口",
        "石小屋入口",
        "川北(愛甲郡愛川町)",
        "半原"
    ],
    "weekday": [
        "7:28",
        "8:30",
        "11:37",
        "12:37",
        "13:32",
        "16:12",
        "17:22",
        "18:25",
        "19:30"
    ],
    "saturday": [
        "7:28",
        "8:30",
        "11:37",
        "12:37",
        "13:32",
        "16:12",
        "17:22",
        "18:25",
        "19:30"
    ],
    "holiday": [
        "7:28",
        "8:30",
        "11:37",
        "12:37",
        "13:32",
        "16:12",
        "17:22",
        "18:25",
        "19:30"
    ],
    "url": "https://www.kanachu.co.jp/dia/diagram/timetable01_js/course:0000800133-9/node:00128837/kt:0/lname:/"
}
