{
    "date": "2024/03/16",
    "name": "清正光入口",
    "position": "-",
    "system": "三51",
    "destinations": [
        "石小屋入口",
        "川北(愛甲郡愛川町)",
        "半原"
    ],
    "weekday": [
        "7:35",
        "8:37",
        "11:44",
        "12:44",
        "13:39",
        "16:19",
        "17:29",
        "18:32",
        "19:37"
    ],
    "saturday": [
        "7:35",
        "8:37",
        "11:44",
        "12:44",
        "13:39",
        "16:19",
        "17:29",
        "18:32",
        "19:37"
    ],
    "holiday": [
        "7:35",
        "8:37",
        "11:44",
        "12:44",
        "13:39",
        "16:19",
        "17:29",
        "18:32",
        "19:37"
    ],
    "url": "https://www.kanachu.co.jp/dia/diagram/timetable01_js/course:0000800133-15/node:00128854/kt:0/lname:/"
}
