{
    "date": "2024/12/16",
    "name": "多摩センター駅",
    "position": "-",
    "system": "永65",
    "destinations": [
        "落合東",
        "豊ヶ丘小学校",
        "落合三丁目",
        "落合四丁目",
        "豊ヶ丘五丁目",
        "恵泉女学園大学入口",
        "豊ヶ丘六丁目",
        "豊ヶ丘四丁目",
        "貝取二丁目",
        "とちのき公園入口",
        "貝取北センター",
        "貝取神社前",
        "釜沼橋",
        "大橋(多摩市)",
        "消防署前(多摩市)",
        "永山駅"
    ],
    "weekday": [
        "5:48",
        "6:06",
        "6:21",
        "6:36",
        "6:50",
        "7:06",
        "7:20",
        "7:28",
        "7:36",
        "7:47",
        "8:06",
        "8:26",
        "8:46",
        "9:06",
        "9:26",
        "9:46",
        "10:06",
        "10:26",
        "10:46",
        "11:06",
        "11:26",
        "11:46",
        "12:06",
        "12:26",
        "12:46",
        "13:06",
        "13:26",
        "13:46",
        "14:06",
        "14:26",
        "14:46",
        "15:06",
        "15:26",
        "15:44",
        "16:00",
        "16:14",
        "16:28",
        "16:50",
        "17:00",
        "17:14",
        "17:30",
        "17:54",
        "18:10",
        "18:26",
        "18:40",
        "19:00",
        "19:24",
        "19:39",
        "19:47",
        "20:04",
        "20:24",
        "20:48",
        "21:12",
        "21:36",
        "22:00",
        "22:24"
    ],
    "saturday": [
        "6:16",
        "6:36",
        "6:56",
        "7:16",
        "7:36",
        "7:56",
        "8:16",
        "8:36",
        "8:56",
        "9:16",
        "9:36",
        "9:56",
        "10:16",
        "10:36",
        "10:56",
        "11:16",
        "11:36",
        "11:56",
        "12:16",
        "12:36",
        "12:56",
        "13:16",
        "13:36",
        "13:56",
        "14:16",
        "14:36",
        "14:56",
        "15:16",
        "15:36",
        "15:56",
        "16:16",
        "16:36",
        "16:56",
        "17:16",
        "17:36",
        "18:05",
        "18:35",
        "19:05",
        "19:35",
        "20:05",
        "20:35",
        "21:05",
        "21:45"
    ],
    "holiday": [
        "6:16",
        "6:36",
        "6:56",
        "7:16",
        "7:36",
        "7:56",
        "8:16",
        "8:36",
        "8:56",
        "9:16",
        "9:36",
        "9:56",
        "10:16",
        "10:36",
        "10:56",
        "11:16",
        "11:36",
        "11:56",
        "12:16",
        "12:36",
        "12:56",
        "13:16",
        "13:36",
        "13:56",
        "14:16",
        "14:36",
        "14:56",
        "15:16",
        "15:36",
        "15:56",
        "16:16",
        "16:36",
        "16:56",
        "17:16",
        "17:36",
        "18:05",
        "18:35",
        "19:05",
        "19:35",
        "20:05",
        "20:35",
        "21:05",
        "21:45"
    ],
    "url": "https://www.kanachu.co.jp/dia/diagram/timetable01_js/course:0000803300-1/node:00020748/kt:0/lname:/"
}
