{
    "date": "2024/12/16",
    "name": "落合東",
    "position": "-",
    "system": "永65",
    "destinations": [
        "豊ヶ丘小学校",
        "落合三丁目",
        "落合四丁目",
        "豊ヶ丘五丁目",
        "恵泉女学園大学入口",
        "豊ヶ丘六丁目",
        "豊ヶ丘四丁目",
        "貝取二丁目",
        "とちのき公園入口",
        "貝取北センター",
        "貝取神社前",
        "釜沼橋",
        "大橋(多摩市)",
        "消防署前(多摩市)",
        "永山駅"
    ],
    "weekday": [
        "5:50",
        "6:08",
        "6:23",
        "6:38",
        "6:52",
        "7:08",
        "7:22",
        "7:30",
        "7:38",
        "7:49",
        "8:08",
        "8:28",
        "8:48",
        "9:08",
        "9:28",
        "9:48",
        "10:08",
        "10:28",
        "10:48",
        "11:08",
        "11:28",
        "11:48",
        "12:08",
        "12:28",
        "12:48",
        "13:08",
        "13:28",
        "13:48",
        "14:08",
        "14:28",
        "14:48",
        "15:08",
        "15:28",
        "15:46",
        "16:02",
        "16:16",
        "16:30",
        "16:52",
        "17:02",
        "17:16",
        "17:32",
        "17:56",
        "18:12",
        "18:28",
        "18:42",
        "19:02",
        "19:26",
        "19:41",
        "19:49",
        "20:06",
        "20:26",
        "20:50",
        "21:14",
        "21:38",
        "22:02",
        "22:26"
    ],
    "saturday": [
        "6:18",
        "6:38",
        "6:58",
        "7:18",
        "7:38",
        "7:58",
        "8:18",
        "8:38",
        "8:58",
        "9:18",
        "9:38",
        "9:58",
        "10:18",
        "10:38",
        "10:58",
        "11:18",
        "11:38",
        "11:58",
        "12:18",
        "12:38",
        "12:58",
        "13:18",
        "13:38",
        "13:58",
        "14:18",
        "14:38",
        "14:58",
        "15:18",
        "15:38",
        "15:58",
        "16:18",
        "16:38",
        "16:58",
        "17:18",
        "17:38",
        "18:07",
        "18:37",
        "19:07",
        "19:37",
        "20:07",
        "20:37",
        "21:07",
        "21:47"
    ],
    "holiday": [
        "6:18",
        "6:38",
        "6:58",
        "7:18",
        "7:38",
        "7:58",
        "8:18",
        "8:38",
        "8:58",
        "9:18",
        "9:38",
        "9:58",
        "10:18",
        "10:38",
        "10:58",
        "11:18",
        "11:38",
        "11:58",
        "12:18",
        "12:38",
        "12:58",
        "13:18",
        "13:38",
        "13:58",
        "14:18",
        "14:38",
        "14:58",
        "15:18",
        "15:38",
        "15:58",
        "16:18",
        "16:38",
        "16:58",
        "17:18",
        "17:38",
        "18:07",
        "18:37",
        "19:07",
        "19:37",
        "20:07",
        "20:37",
        "21:07",
        "21:47"
    ],
    "url": "https://www.kanachu.co.jp/dia/diagram/timetable01_js/course:0000803300-2/node:00021381/kt:0/lname:/"
}
