{
    "date": "2024/12/16",
    "name": "落合四丁目",
    "position": "-",
    "system": "永65",
    "destinations": [
        "豊ヶ丘五丁目",
        "恵泉女学園大学入口",
        "豊ヶ丘六丁目",
        "豊ヶ丘四丁目",
        "貝取二丁目",
        "とちのき公園入口",
        "貝取北センター",
        "貝取神社前",
        "釜沼橋",
        "大橋(多摩市)",
        "消防署前(多摩市)",
        "永山駅"
    ],
    "weekday": [
        "5:53",
        "6:11",
        "6:26",
        "6:41",
        "6:55",
        "7:11",
        "7:25",
        "7:33",
        "7:41",
        "7:52",
        "8:11",
        "8:31",
        "8:51",
        "9:11",
        "9:31",
        "9:51",
        "10:11",
        "10:31",
        "10:51",
        "11:11",
        "11:31",
        "11:51",
        "12:11",
        "12:31",
        "12:51",
        "13:11",
        "13:31",
        "13:51",
        "14:11",
        "14:31",
        "14:51",
        "15:11",
        "15:31",
        "15:49",
        "16:05",
        "16:19",
        "16:33",
        "16:55",
        "17:05",
        "17:19",
        "17:35",
        "17:59",
        "18:15",
        "18:31",
        "18:45",
        "19:05",
        "19:29",
        "19:44",
        "19:52",
        "20:09",
        "20:29",
        "20:53",
        "21:17",
        "21:41",
        "22:05",
        "22:29"
    ],
    "saturday": [
        "6:21",
        "6:41",
        "7:01",
        "7:21",
        "7:41",
        "8:01",
        "8:21",
        "8:41",
        "9:01",
        "9:21",
        "9:41",
        "10:01",
        "10:21",
        "10:41",
        "11:01",
        "11:21",
        "11:41",
        "12:01",
        "12:21",
        "12:41",
        "13:01",
        "13:21",
        "13:41",
        "14:01",
        "14:21",
        "14:41",
        "15:01",
        "15:21",
        "15:41",
        "16:01",
        "16:21",
        "16:41",
        "17:01",
        "17:21",
        "17:41",
        "18:10",
        "18:40",
        "19:10",
        "19:40",
        "20:10",
        "20:40",
        "21:10",
        "21:50"
    ],
    "holiday": [
        "6:21",
        "6:41",
        "7:01",
        "7:21",
        "7:41",
        "8:01",
        "8:21",
        "8:41",
        "9:01",
        "9:21",
        "9:41",
        "10:01",
        "10:21",
        "10:41",
        "11:01",
        "11:21",
        "11:41",
        "12:01",
        "12:21",
        "12:41",
        "13:01",
        "13:21",
        "13:41",
        "14:01",
        "14:21",
        "14:41",
        "15:01",
        "15:21",
        "15:41",
        "16:01",
        "16:21",
        "16:41",
        "17:01",
        "17:21",
        "17:41",
        "18:10",
        "18:40",
        "19:10",
        "19:40",
        "20:10",
        "20:40",
        "21:10",
        "21:50"
    ],
    "url": "https://www.kanachu.co.jp/dia/diagram/timetable01_js/course:0000803300-5/node:00021379/kt:0/lname:/"
}
