{
    "date": "2024/12/16",
    "name": "豊ヶ丘四丁目",
    "position": "-",
    "system": "永65",
    "destinations": [
        "貝取二丁目",
        "とちのき公園入口",
        "貝取北センター",
        "貝取神社前",
        "釜沼橋",
        "大橋(多摩市)",
        "消防署前(多摩市)",
        "永山駅"
    ],
    "weekday": [
        "5:59",
        "6:17",
        "6:32",
        "6:47",
        "7:02",
        "7:17",
        "7:32",
        "7:40",
        "7:47",
        "7:59",
        "8:17",
        "8:38",
        "8:57",
        "9:18",
        "9:37",
        "9:58",
        "10:17",
        "10:38",
        "10:57",
        "11:18",
        "11:37",
        "11:58",
        "12:17",
        "12:38",
        "12:57",
        "13:18",
        "13:37",
        "13:58",
        "14:17",
        "14:38",
        "14:57",
        "15:19",
        "15:37",
        "15:57",
        "16:11",
        "16:27",
        "16:39",
        "17:03",
        "17:11",
        "17:27",
        "17:41",
        "18:06",
        "18:21",
        "18:38",
        "18:51",
        "19:12",
        "19:35",
        "19:51",
        "19:59",
        "20:15",
        "20:36",
        "20:59",
        "21:24",
        "21:47",
        "22:12",
        "22:35"
    ],
    "saturday": [
        "6:27",
        "6:47",
        "7:07",
        "7:27",
        "7:47",
        "8:07",
        "8:27",
        "8:48",
        "9:07",
        "9:28",
        "9:47",
        "10:08",
        "10:27",
        "10:48",
        "11:07",
        "11:28",
        "11:47",
        "12:08",
        "12:27",
        "12:48",
        "13:07",
        "13:28",
        "13:47",
        "14:08",
        "14:27",
        "14:48",
        "15:07",
        "15:28",
        "15:47",
        "16:08",
        "16:27",
        "16:48",
        "17:07",
        "17:28",
        "17:47",
        "18:17",
        "18:46",
        "19:16",
        "19:46",
        "20:16",
        "20:46",
        "21:16",
        "21:56"
    ],
    "holiday": [
        "6:27",
        "6:47",
        "7:07",
        "7:27",
        "7:47",
        "8:07",
        "8:27",
        "8:48",
        "9:07",
        "9:28",
        "9:47",
        "10:08",
        "10:27",
        "10:48",
        "11:07",
        "11:28",
        "11:47",
        "12:08",
        "12:27",
        "12:48",
        "13:07",
        "13:28",
        "13:47",
        "14:08",
        "14:27",
        "14:48",
        "15:07",
        "15:28",
        "15:47",
        "16:08",
        "16:27",
        "16:48",
        "17:07",
        "17:28",
        "17:47",
        "18:17",
        "18:46",
        "19:16",
        "19:46",
        "20:16",
        "20:46",
        "21:16",
        "21:56"
    ],
    "url": "https://www.kanachu.co.jp/dia/diagram/timetable01_js/course:0000803300-9/node:00021284/kt:0/lname:/"
}
