{
    "date": "2024/12/16",
    "name": "貝取北センター",
    "position": "-",
    "system": "永65",
    "destinations": [
        "貝取神社前",
        "釜沼橋",
        "大橋(多摩市)",
        "消防署前(多摩市)",
        "永山駅"
    ],
    "weekday": [
        "6:03",
        "6:20",
        "6:36",
        "6:50",
        "7:06",
        "7:20",
        "7:36",
        "7:44",
        "7:50",
        "8:03",
        "8:20",
        "8:42",
        "9:00",
        "9:22",
        "9:40",
        "10:02",
        "10:20",
        "10:42",
        "11:00",
        "11:22",
        "11:40",
        "12:02",
        "12:20",
        "12:42",
        "13:00",
        "13:22",
        "13:40",
        "14:02",
        "14:20",
        "14:42",
        "15:00",
        "15:23",
        "15:40",
        "16:01",
        "16:14",
        "16:31",
        "16:42",
        "17:07",
        "17:14",
        "17:31",
        "17:44",
        "18:10",
        "18:24",
        "18:42",
        "18:54",
        "19:15",
        "19:38",
        "19:54",
        "20:02",
        "20:18",
        "20:39",
        "21:02",
        "21:27",
        "21:50",
        "22:15",
        "22:38"
    ],
    "saturday": [
        "6:30",
        "6:50",
        "7:10",
        "7:30",
        "7:50",
        "8:10",
        "8:30",
        "8:51",
        "9:10",
        "9:31",
        "9:50",
        "10:12",
        "10:30",
        "10:52",
        "11:10",
        "11:32",
        "11:50",
        "12:12",
        "12:30",
        "12:52",
        "13:10",
        "13:32",
        "13:50",
        "14:12",
        "14:30",
        "14:52",
        "15:10",
        "15:32",
        "15:50",
        "16:12",
        "16:30",
        "16:52",
        "17:10",
        "17:32",
        "17:50",
        "18:20",
        "18:49",
        "19:19",
        "19:49",
        "20:19",
        "20:49",
        "21:19",
        "21:59"
    ],
    "holiday": [
        "6:30",
        "6:50",
        "7:10",
        "7:30",
        "7:50",
        "8:10",
        "8:30",
        "8:51",
        "9:10",
        "9:31",
        "9:50",
        "10:11",
        "10:30",
        "10:52",
        "11:10",
        "11:32",
        "11:50",
        "12:12",
        "12:30",
        "12:52",
        "13:10",
        "13:32",
        "13:50",
        "14:12",
        "14:30",
        "14:52",
        "15:10",
        "15:32",
        "15:50",
        "16:12",
        "16:30",
        "16:52",
        "17:10",
        "17:32",
        "17:50",
        "18:21",
        "18:49",
        "19:19",
        "19:49",
        "20:19",
        "20:49",
        "21:19",
        "21:59"
    ],
    "url": "https://www.kanachu.co.jp/dia/diagram/timetable01_js/course:0000803300-12/node:00020199/kt:0/lname:/"
}
