{
    "date": "2024/12/16",
    "name": "貝取神社前",
    "position": "-",
    "system": "永65",
    "destinations": [
        "釜沼橋",
        "大橋(多摩市)",
        "消防署前(多摩市)",
        "永山駅"
    ],
    "weekday": [
        "6:04",
        "6:21",
        "6:37",
        "6:51",
        "7:07",
        "7:21",
        "7:37",
        "7:45",
        "7:51",
        "8:04",
        "8:21",
        "8:43",
        "9:01",
        "9:23",
        "9:41",
        "10:03",
        "10:21",
        "10:43",
        "11:01",
        "11:23",
        "11:41",
        "12:03",
        "12:21",
        "12:43",
        "13:01",
        "13:23",
        "13:41",
        "14:03",
        "14:21",
        "14:43",
        "15:01",
        "15:24",
        "15:41",
        "16:02",
        "16:15",
        "16:32",
        "16:43",
        "17:08",
        "17:15",
        "17:32",
        "17:45",
        "18:11",
        "18:25",
        "18:43",
        "18:55",
        "19:16",
        "19:39",
        "19:55",
        "20:03",
        "20:19",
        "20:40",
        "21:03",
        "21:28",
        "21:51",
        "22:16",
        "22:39"
    ],
    "saturday": [
        "6:31",
        "6:51",
        "7:11",
        "7:31",
        "7:51",
        "8:11",
        "8:31",
        "8:52",
        "9:11",
        "9:32",
        "9:51",
        "10:13",
        "10:31",
        "10:53",
        "11:11",
        "11:33",
        "11:51",
        "12:13",
        "12:31",
        "12:53",
        "13:11",
        "13:33",
        "13:51",
        "14:13",
        "14:31",
        "14:53",
        "15:11",
        "15:33",
        "15:51",
        "16:13",
        "16:31",
        "16:53",
        "17:11",
        "17:33",
        "17:51",
        "18:21",
        "18:50",
        "19:20",
        "19:50",
        "20:20",
        "20:50",
        "21:20",
        "22:00"
    ],
    "holiday": [
        "6:31",
        "6:51",
        "7:11",
        "7:31",
        "7:51",
        "8:11",
        "8:31",
        "8:52",
        "9:11",
        "9:32",
        "9:51",
        "10:12",
        "10:31",
        "10:53",
        "11:11",
        "11:33",
        "11:51",
        "12:13",
        "12:31",
        "12:53",
        "13:11",
        "13:33",
        "13:51",
        "14:13",
        "14:31",
        "14:53",
        "15:11",
        "15:33",
        "15:51",
        "16:13",
        "16:31",
        "16:53",
        "17:11",
        "17:33",
        "17:51",
        "18:22",
        "18:50",
        "19:20",
        "19:50",
        "20:20",
        "20:50",
        "21:20",
        "22:00"
    ],
    "url": "https://www.kanachu.co.jp/dia/diagram/timetable01_js/course:0000803300-13/node:00020195/kt:0/lname:/"
}
