{
    "date": "2024/12/16",
    "name": "釜沼橋",
    "position": "-",
    "system": "永65",
    "destinations": [
        "大橋(多摩市)",
        "消防署前(多摩市)",
        "永山駅"
    ],
    "weekday": [
        "6:05",
        "6:22",
        "6:38",
        "6:52",
        "7:08",
        "7:22",
        "7:38",
        "7:46",
        "7:52",
        "8:05",
        "8:22",
        "8:44",
        "9:02",
        "9:24",
        "9:42",
        "10:04",
        "10:22",
        "10:44",
        "11:02",
        "11:24",
        "11:42",
        "12:04",
        "12:22",
        "12:44",
        "13:02",
        "13:24",
        "13:42",
        "14:04",
        "14:22",
        "14:44",
        "15:02",
        "15:25",
        "15:42",
        "16:03",
        "16:16",
        "16:33",
        "16:44",
        "17:09",
        "17:16",
        "17:33",
        "17:46",
        "18:12",
        "18:26",
        "18:44",
        "18:56",
        "19:17",
        "19:40",
        "19:56",
        "20:04",
        "20:20",
        "20:41",
        "21:04",
        "21:29",
        "21:52",
        "22:17",
        "22:40"
    ],
    "saturday": [
        "6:32",
        "6:52",
        "7:12",
        "7:32",
        "7:52",
        "8:12",
        "8:32",
        "8:53",
        "9:12",
        "9:33",
        "9:52",
        "10:14",
        "10:32",
        "10:54",
        "11:12",
        "11:34",
        "11:52",
        "12:14",
        "12:32",
        "12:54",
        "13:12",
        "13:34",
        "13:52",
        "14:14",
        "14:32",
        "14:54",
        "15:12",
        "15:34",
        "15:52",
        "16:14",
        "16:32",
        "16:54",
        "17:12",
        "17:34",
        "17:52",
        "18:22",
        "18:51",
        "19:21",
        "19:51",
        "20:21",
        "20:51",
        "21:21",
        "22:01"
    ],
    "holiday": [
        "6:32",
        "6:52",
        "7:12",
        "7:32",
        "7:52",
        "8:12",
        "8:32",
        "8:53",
        "9:12",
        "9:33",
        "9:52",
        "10:13",
        "10:32",
        "10:54",
        "11:12",
        "11:34",
        "11:52",
        "12:14",
        "12:32",
        "12:54",
        "13:12",
        "13:34",
        "13:52",
        "14:14",
        "14:32",
        "14:54",
        "15:12",
        "15:34",
        "15:52",
        "16:14",
        "16:32",
        "16:54",
        "17:12",
        "17:34",
        "17:52",
        "18:23",
        "18:51",
        "19:21",
        "19:51",
        "20:21",
        "20:51",
        "21:21",
        "22:01"
    ],
    "url": "https://www.kanachu.co.jp/dia/diagram/timetable01_js/course:0000803300-14/node:00020211/kt:0/lname:/"
}
