{
    "system": "永65",
    "busstops": [
        {
            "index": "1",
            "id": "00020748",
            "name": "多摩センター駅",
            "lat": "35.624488",
            "lng": "139.425209"
        },
        {
            "index": "2",
            "id": "00021381",
            "name": "落合東",
            "lat": "35.625519",
            "lng": "139.430776"
        },
        {
            "index": "3",
            "id": "00021308",
            "name": "豊ヶ丘小学校",
            "lat": "35.622176",
            "lng": "139.432391"
        },
        {
            "index": "4",
            "id": "00021378",
            "name": "落合三丁目",
            "lat": "35.618521",
            "lng": "139.433047"
        },
        {
            "index": "5",
            "id": "00021379",
            "name": "落合四丁目",
            "lat": "35.614991",
            "lng": "139.432327"
        },
        {
            "index": "6",
            "id": "00021283",
            "name": "豊ヶ丘五丁目",
            "lat": "35.612382",
            "lng": "139.4324"
        },
        {
            "index": "7",
            "id": "00020285",
            "name": "恵泉女学園大学入口",
            "lat": "35.610614",
            "lng": "139.434471"
        },
        {
            "index": "8",
            "id": "00021290",
            "name": "豊ヶ丘六丁目",
            "lat": "35.612408",
            "lng": "139.437738"
        },
        {
            "index": "9",
            "id": "00021284",
            "name": "豊ヶ丘四丁目",
            "lat": "35.61411",
            "lng": "139.437536"
        },
        {
            "index": "10",
            "id": "00020198",
            "name": "貝取二丁目",
            "lat": "35.617709",
            "lng": "139.437132"
        },
        {
            "index": "11",
            "id": "00020197",
            "name": "とちのき公園入口",
            "lat": "35.621673",
            "lng": "139.437207"
        },
        {
            "index": "12",
            "id": "00020199",
            "name": "貝取北センター",
            "lat": "35.624144",
            "lng": "139.437058"
        },
        {
            "index": "13",
            "id": "00020195",
            "name": "貝取神社前",
            "lat": "35.627264",
            "lng": "139.438288"
        },
        {
            "index": "14",
            "id": "00020211",
            "name": "釜沼橋",
            "lat": "35.630706",
            "lng": "139.438482"
        },
        {
            "index": "15",
            "id": "00020813",
            "name": "大橋(多摩市)",
            "lat": "35.632293",
            "lng": "139.440452"
        },
        {
            "index": "16",
            "id": "00021488",
            "name": "消防署前(多摩市)",
            "lat": "35.632706",
            "lng": "139.447845"
        },
        {
            "index": "17",
            "id": "00020143",
            "name": "永山駅",
            "lat": "35.630642",
            "lng": "139.447534"
        }
    ],
    "route_url": "https://www.kanachu.co.jp/dia/route/index/cid:0000803300/"
}
