{
    "date": "2026/01/16",
    "name": "三塚",
    "position": "-",
    "system": "町89",
    "destinations": [
        "南橋(町田市)",
        "金森二丁目西",
        "防災いこいの広場入口",
        "都営金森アパート前",
        "かわせみ会館前",
        "西田(町田市)",
        "西田峯山公園前",
        "定方寺公園入口",
        "町谷(町田市)",
        "南町田四丁目",
        "南町田北",
        "南町田グランベリーパーク駅"
    ],
    "weekday": [
        "7:01",
        "7:27",
        "7:49",
        "8:22",
        "8:41"
    ],
    "saturday": [
        "7:27",
        "8:06",
        "8:41"
    ],
    "holiday": [
        "7:27",
        "8:06",
        "8:41"
    ],
    "url": "https://www.kanachu.co.jp/dia/diagram/timetable01_js/course:0000804186-4/node:00129543/kt:0/lname:/"
}
