{
    "date": "2025/03/15",
    "name": "肥地力",
    "position": "-",
    "system": "茅55",
    "destinations": [
        "登象",
        "鶴嶺小学校前",
        "辻東(茅ケ崎市)",
        "古川(茅ケ崎市)",
        "アルバック前",
        "走内",
        "西の谷(茅ケ崎市)",
        "上の前(茅ケ崎市)",
        "神の倉"
    ],
    "weekday": [
        "21:14",
        "22:09",
        "23:09"
    ],
    "saturday": [
        "21:14",
        "22:09"
    ],
    "holiday": [
        "21:27"
    ],
    "url": "https://www.kanachu.co.jp/dia/diagram/timetable01_js/course:0000803682-5/node:00127160/kt:0/lname:/"
}
