{
    "date": "2026/01/16",
    "name": "山際",
    "position": "-",
    "system": "厚62",
    "destinations": [
        "中平(厚木市)",
        "依知小学校前",
        "関口(厚木市)",
        "蓮生寺(厚木市)",
        "追分(厚木市)",
        "下依知入口",
        "金田神社前",
        "金田(厚木市)",
        "金田下宿",
        "積水ソフランウイズ前",
        "鮎津橋",
        "元町(厚木市)",
        "小田急通り",
        "厚木バスセンター"
    ],
    "weekday": [
        "7:42",
        "8:07",
        "8:26",
        "8:36",
        "8:56",
        "17:07",
        "17:30",
        "18:00"
    ],
    "saturday": [],
    "holiday": [],
    "url": "https://www.kanachu.co.jp/dia/diagram/timetable01_js/course:0000804234-33/node:00128355/kt:0/lname:/"
}
