{
    "date": "2026/01/16",
    "name": "金田神社前",
    "position": "-",
    "system": "厚62",
    "destinations": [
        "金田(厚木市)",
        "金田下宿",
        "積水ソフランウイズ前",
        "鮎津橋",
        "元町(厚木市)",
        "小田急通り",
        "厚木バスセンター"
    ],
    "weekday": [
        "7:54",
        "8:19",
        "8:38",
        "8:48",
        "9:07",
        "17:19",
        "17:42",
        "18:12"
    ],
    "saturday": [],
    "holiday": [],
    "url": "https://www.kanachu.co.jp/dia/diagram/timetable01_js/course:0000804234-40/node:00128348/kt:0/lname:/"
}
