{
    "date": "2025/01/14",
    "name": "上高坪",
    "position": "-",
    "system": "厚46",
    "destinations": [
        "高坪",
        "スポーツセンター入口(厚木市)",
        "温水幼稚園前",
        "高坪入口",
        "温水",
        "片岸(厚木市)",
        "日立アステモ前",
        "厚木高校前",
        "合同庁舎前(厚木市)",
        "市役所入口(厚木市)",
        "本厚木駅",
        "厚木バスセンター"
    ],
    "weekday": [
        "7:59",
        "8:49",
        "9:29",
        "10:29",
        "11:29",
        "12:29",
        "13:29",
        "15:29",
        "16:29",
        "17:29",
        "17:59",
        "18:59",
        "19:29",
        "20:38"
    ],
    "saturday": [
        "9:23",
        "10:23"
    ],
    "holiday": [],
    "url": "https://www.kanachu.co.jp/dia/diagram/timetable01_js/course:0000801632-16/node:00128493/kt:0/lname:/"
}
