{
    "date": "2025/01/14",
    "name": "高坪",
    "position": "-",
    "system": "厚46",
    "destinations": [
        "スポーツセンター入口(厚木市)",
        "温水幼稚園前",
        "高坪入口",
        "温水",
        "片岸(厚木市)",
        "日立アステモ前",
        "厚木高校前",
        "合同庁舎前(厚木市)",
        "市役所入口(厚木市)",
        "本厚木駅",
        "厚木バスセンター"
    ],
    "weekday": [
        "8:00",
        "8:50",
        "9:30",
        "10:30",
        "11:30",
        "12:30",
        "13:30",
        "15:30",
        "16:30",
        "17:30",
        "18:00",
        "19:00",
        "19:30",
        "20:39"
    ],
    "saturday": [
        "9:24",
        "10:24"
    ],
    "holiday": [],
    "url": "https://www.kanachu.co.jp/dia/diagram/timetable01_js/course:0000801632-17/node:00128492/kt:0/lname:/"
}
