{
    "date": "2025/04/19",
    "name": "塩田さくら橋",
    "position": "-",
    "system": "当02",
    "destinations": [
        "テクノパイル田名工業団地",
        "塩田原",
        "天満宮入口(相模原市)",
        "夢の丘小学校入口",
        "原当麻駅",
        "原当麻駅東",
        "下原(相模原市南区)",
        "山の神坂下",
        "県立相模原公園前",
        "友愛病院前",
        "北里大学病院・北里大学"
    ],
    "weekday": [
        "6:50",
        "7:30",
        "8:30",
        "9:20",
        "10:55",
        "12:25",
        "13:55",
        "15:25",
        "16:55",
        "17:50",
        "18:35"
    ],
    "saturday": [
        "7:05",
        "8:30",
        "10:00",
        "11:30",
        "13:00",
        "14:30",
        "16:00",
        "17:30"
    ],
    "holiday": [
        "7:05",
        "8:30",
        "10:00",
        "11:30",
        "13:00",
        "14:30",
        "16:00",
        "17:30"
    ],
    "url": "https://www.kanachu.co.jp/dia/diagram/timetable01_js/course:0000802419-14/node:00129270/kt:0/lname:/"
}
