{
    "date": "2025/04/19",
    "name": "テクノパイル田名工業団地",
    "position": "-",
    "system": "当02",
    "destinations": [
        "塩田原",
        "天満宮入口(相模原市)",
        "夢の丘小学校入口",
        "原当麻駅",
        "原当麻駅東",
        "下原(相模原市南区)",
        "山の神坂下",
        "県立相模原公園前",
        "友愛病院前",
        "北里大学病院・北里大学"
    ],
    "weekday": [
        "6:52",
        "7:32",
        "8:32",
        "9:22",
        "10:57",
        "12:27",
        "13:57",
        "15:27",
        "16:57",
        "17:52",
        "18:37"
    ],
    "saturday": [
        "7:07",
        "8:32",
        "10:02",
        "11:32",
        "13:02",
        "14:32",
        "16:02",
        "17:32"
    ],
    "holiday": [
        "7:07",
        "8:32",
        "10:02",
        "11:32",
        "13:02",
        "14:32",
        "16:02",
        "17:32"
    ],
    "url": "https://www.kanachu.co.jp/dia/diagram/timetable01_js/course:0000802419-15/node:00129269/kt:0/lname:/"
}
