{
    "date": "2025/04/01",
    "name": "三屋入口",
    "position": "-",
    "system": "秦53",
    "destinations": [
        "戸川入口",
        "菩提原",
        "菩提(秦野市)",
        "横野入口",
        "戸沢入口",
        "戸川",
        "平和橋(秦野市)",
        "大倉入口",
        "関(秦野市)",
        "堀川",
        "堀西駐在所前",
        "中道(秦野市)",
        "西小学校前(秦野市)",
        "西中学校前(秦野市)",
        "柳町(秦野市)",
        "渋沢駅北口"
    ],
    "weekday": [
        "5:34",
        "6:00",
        "6:22"
    ],
    "saturday": [
        "6:14",
        "6:32"
    ],
    "holiday": [
        "6:14",
        "6:32"
    ],
    "url": "https://www.kanachu.co.jp/dia/diagram/timetable01_js/course:0000803816-5/node:00127884/kt:0/lname:/"
}
