{
    "date": "2025/04/01",
    "name": "関(秦野市)",
    "position": "-",
    "system": "秦53",
    "destinations": [
        "堀川",
        "堀西駐在所前",
        "中道(秦野市)",
        "西小学校前(秦野市)",
        "西中学校前(秦野市)",
        "柳町(秦野市)",
        "渋沢駅北口"
    ],
    "weekday": [
        "5:44",
        "6:10",
        "6:32"
    ],
    "saturday": [
        "6:24",
        "6:42"
    ],
    "holiday": [
        "6:24",
        "6:42"
    ],
    "url": "https://www.kanachu.co.jp/dia/diagram/timetable01_js/course:0000803816-14/node:00127893/kt:0/lname:/"
}
