{
    "date": "2025/04/01",
    "name": "西小学校前(秦野市)",
    "position": "-",
    "system": "秦53",
    "destinations": [
        "西中学校前(秦野市)",
        "柳町(秦野市)",
        "渋沢駅北口"
    ],
    "weekday": [
        "5:47",
        "6:13",
        "6:35"
    ],
    "saturday": [
        "6:27",
        "6:45"
    ],
    "holiday": [
        "6:27",
        "6:45"
    ],
    "url": "https://www.kanachu.co.jp/dia/diagram/timetable01_js/course:0000803816-18/node:00127896/kt:0/lname:/"
}
