{
    "date": "2025/04/19",
    "name": "新戸河原",
    "position": "-",
    "system": "台06",
    "destinations": [
        "相武台下駅",
        "わかば保育園前",
        "座間神社前",
        "座間",
        "座間キャンプ前",
        "富士山公園前",
        "相武台前駅"
    ],
    "weekday": [
        "5:53",
        "6:18",
        "6:43",
        "7:03",
        "7:18",
        "7:33",
        "7:48",
        "8:03",
        "8:18",
        "8:38",
        "9:03",
        "9:28",
        "10:18",
        "11:18",
        "12:18",
        "13:18",
        "14:18",
        "15:18",
        "16:18",
        "17:03",
        "17:33",
        "18:03",
        "18:28",
        "18:53",
        "19:18",
        "19:43",
        "20:23",
        "21:08"
    ],
    "saturday": [
        "5:58",
        "6:38",
        "7:18",
        "7:58",
        "8:38",
        "9:18",
        "9:58",
        "10:38",
        "11:28",
        "12:28",
        "13:28",
        "14:28",
        "15:28",
        "16:28",
        "17:03",
        "17:43",
        "18:23",
        "19:03",
        "19:43",
        "20:23",
        "21:23"
    ],
    "holiday": [
        "6:28",
        "7:28",
        "8:28",
        "9:28",
        "10:28",
        "11:28",
        "12:28",
        "13:28",
        "14:28",
        "15:28",
        "16:28",
        "17:28",
        "18:28",
        "19:28",
        "20:23",
        "21:23"
    ],
    "url": "https://www.kanachu.co.jp/dia/diagram/timetable01_js/course:0000803533-5/node:00128590/kt:0/lname:/"
}
