{
    "date": "2025/04/19",
    "name": "富士山公園前",
    "position": "-",
    "system": "台06",
    "destinations": [
        "相武台前駅"
    ],
    "weekday": [
        "5:59",
        "6:24",
        "6:49",
        "7:11",
        "7:26",
        "7:41",
        "7:56",
        "8:11",
        "8:26",
        "8:46",
        "9:09",
        "9:34",
        "10:24",
        "11:24",
        "12:24",
        "13:24",
        "14:24",
        "15:24",
        "16:24",
        "17:09",
        "17:39",
        "18:10",
        "18:35",
        "19:00",
        "19:25",
        "19:50",
        "20:30",
        "21:15"
    ],
    "saturday": [
        "6:04",
        "6:44",
        "7:24",
        "8:04",
        "8:44",
        "9:24",
        "10:04",
        "10:44",
        "11:34",
        "12:34",
        "13:34",
        "14:34",
        "15:34",
        "16:34",
        "17:09",
        "17:49",
        "18:29",
        "19:09",
        "19:49",
        "20:29",
        "21:29"
    ],
    "holiday": [
        "6:34",
        "7:34",
        "8:34",
        "9:34",
        "10:34",
        "11:34",
        "12:34",
        "13:34",
        "14:34",
        "15:34",
        "16:34",
        "17:34",
        "18:34",
        "19:34",
        "20:29",
        "21:29"
    ],
    "url": "https://www.kanachu.co.jp/dia/diagram/timetable01_js/course:0000803533-11/node:00128550/kt:0/lname:/"
}
