{
    "date": "2024/03/16",
    "name": "境川団地中央",
    "position": "-",
    "system": "古03",
    "destinations": [
        "境川団地",
        "上横町",
        "木曽入口",
        "山崎団地入口",
        "山崎団地センター",
        "給水塔前(山崎団地/町田市)",
        "今井谷戸",
        "藤の台団地"
    ],
    "weekday": [
        "6:13",
        "6:53",
        "7:43",
        "8:33",
        "9:18",
        "10:08",
        "11:08",
        "12:08",
        "13:08",
        "14:08",
        "15:08",
        "16:08",
        "17:08",
        "18:03",
        "18:53",
        "19:48",
        "20:48"
    ],
    "saturday": [
        "7:03",
        "7:43",
        "8:43",
        "9:38",
        "15:48",
        "16:48",
        "17:48",
        "18:48",
        "19:48",
        "20:38"
    ],
    "holiday": [
        "8:23",
        "9:43",
        "11:13",
        "12:53",
        "15:23",
        "16:18",
        "17:13",
        "18:08",
        "19:08",
        "20:08"
    ],
    "url": "https://www.kanachu.co.jp/dia/diagram/timetable01_js/course:0000801152-3/node:00129381/kt:0/lname:/"
}
