{
    "date": "2024/03/16",
    "name": "山崎団地センター",
    "position": "-",
    "system": "古03",
    "destinations": [
        "給水塔前(山崎団地/町田市)",
        "今井谷戸",
        "藤の台団地"
    ],
    "weekday": [
        "6:19",
        "6:59",
        "7:50",
        "8:40",
        "9:24",
        "10:14",
        "11:14",
        "12:14",
        "13:14",
        "14:14",
        "15:14",
        "16:15",
        "17:15",
        "18:10",
        "19:00",
        "19:54",
        "20:54"
    ],
    "saturday": [
        "7:08",
        "7:48",
        "8:48",
        "9:43",
        "15:53",
        "16:53",
        "17:53",
        "18:53",
        "19:53",
        "20:43"
    ],
    "holiday": [
        "8:28",
        "9:48",
        "11:18",
        "12:58",
        "15:28",
        "16:23",
        "17:18",
        "18:13",
        "19:13",
        "20:13"
    ],
    "url": "https://www.kanachu.co.jp/dia/diagram/timetable01_js/course:0000801152-8/node:00129388/kt:0/lname:/"
}
