{
    "date": "2025/03/15",
    "name": "古川(茅ケ崎市)",
    "position": "-",
    "system": "茅54",
    "destinations": [
        "アルバック前",
        "走内",
        "西の谷(茅ケ崎市)",
        "上の前(茅ケ崎市)",
        "神の倉",
        "山伏塚",
        "尾崎戸",
        "一之宮小学校入口",
        "一之宮(高座郡寒川町)",
        "寒川駅南口"
    ],
    "weekday": [
        "7:06",
        "7:22",
        "7:42",
        "8:02",
        "8:22",
        "9:02",
        "9:42",
        "10:22",
        "11:02",
        "11:42",
        "12:22",
        "13:02",
        "13:42",
        "14:22",
        "15:02",
        "15:42",
        "16:22",
        "17:02",
        "17:42",
        "18:22",
        "19:02",
        "19:42",
        "20:37"
    ],
    "saturday": [
        "7:20",
        "8:12",
        "10:02",
        "11:03",
        "12:03",
        "13:03",
        "14:03",
        "15:03",
        "16:03",
        "17:03",
        "18:03",
        "19:03",
        "20:02",
        "21:02"
    ],
    "holiday": [
        "8:00",
        "9:01",
        "10:01",
        "11:03",
        "12:03",
        "13:03",
        "14:03",
        "15:03",
        "16:03",
        "17:03",
        "18:03",
        "19:02",
        "20:02"
    ],
    "url": "https://www.kanachu.co.jp/dia/diagram/timetable01_js/course:0000800525-9/node:00127202/kt:0/lname:/"
}
