{
    "date": "2025/10/01",
    "name": "成瀬台二丁目",
    "position": "-",
    "system": "町76",
    "destinations": [
        "ポプラヶ丘前",
        "成瀬台入口",
        "三ツ又(町田市)",
        "大谷原",
        "南大谷小学校入口",
        "神社前(町田市)",
        "南大谷都営前",
        "協同住宅",
        "中町三丁目(町田市)",
        "町田第一小学校入口",
        "中町一丁目(町田市)",
        "あけぼの病院前",
        "森野一丁目",
        "町田バスセンター"
    ],
    "weekday": [
        "5:47",
        "6:20",
        "6:50",
        "7:08",
        "7:21",
        "7:38",
        "7:56",
        "8:15",
        "8:35",
        "8:55",
        "9:15",
        "9:35",
        "9:55",
        "10:15",
        "10:35",
        "10:55",
        "11:12",
        "11:35",
        "12:02",
        "12:28",
        "12:55",
        "13:25",
        "13:45",
        "14:15",
        "14:45",
        "15:05",
        "15:35",
        "16:09",
        "16:32",
        "16:52",
        "17:12",
        "17:37",
        "18:10",
        "18:32",
        "19:10",
        "19:32",
        "20:02",
        "21:10",
        "22:07"
    ],
    "saturday": [
        "6:32",
        "7:04",
        "7:34",
        "8:04",
        "8:27",
        "8:44",
        "9:04",
        "9:32",
        "9:52",
        "10:15",
        "10:42",
        "11:09",
        "11:32",
        "11:57",
        "12:25",
        "12:52",
        "13:25",
        "13:52",
        "14:25",
        "14:52",
        "15:25",
        "15:52",
        "16:12",
        "16:32",
        "16:52",
        "17:17",
        "17:42",
        "18:07",
        "18:32",
        "18:57",
        "19:22",
        "19:47",
        "20:12",
        "20:37",
        "21:02",
        "21:52"
    ],
    "holiday": [
        "6:32",
        "7:02",
        "7:37",
        "8:04",
        "8:27",
        "8:44",
        "9:04",
        "9:27",
        "9:44",
        "10:07",
        "10:32",
        "10:52",
        "11:25",
        "11:52",
        "12:25",
        "12:52",
        "13:25",
        "13:52",
        "14:25",
        "14:52",
        "15:25",
        "15:52",
        "16:25",
        "16:45",
        "17:07",
        "17:32",
        "17:57",
        "18:22",
        "18:42",
        "19:07",
        "19:32"
    ],
    "url": "https://www.kanachu.co.jp/dia/diagram/timetable01_js/course:0000803905-3/node:00129601/kt:0/lname:/"
}
