{
    "date": "2025/10/01",
    "name": "町田第一小学校入口",
    "position": "-",
    "system": "町76",
    "destinations": [
        "中町一丁目(町田市)",
        "あけぼの病院前",
        "森野一丁目",
        "町田バスセンター"
    ],
    "weekday": [
        "5:58",
        "6:31",
        "7:01",
        "7:20",
        "7:33",
        "7:50",
        "8:08",
        "8:27",
        "8:47",
        "9:07",
        "9:27",
        "9:47",
        "10:07",
        "10:27",
        "10:47",
        "11:07",
        "11:24",
        "11:47",
        "12:14",
        "12:40",
        "13:07",
        "13:37",
        "13:57",
        "14:27",
        "14:57",
        "15:17",
        "15:47",
        "16:21",
        "16:44",
        "17:04",
        "17:24",
        "17:49",
        "18:22",
        "18:44",
        "19:21",
        "19:43",
        "20:13",
        "21:21",
        "22:18"
    ],
    "saturday": [
        "6:43",
        "7:15",
        "7:45",
        "8:15",
        "8:38",
        "8:55",
        "9:16",
        "9:44",
        "10:04",
        "10:27",
        "10:54",
        "11:21",
        "11:44",
        "12:09",
        "12:37",
        "13:04",
        "13:37",
        "14:04",
        "14:37",
        "15:04",
        "15:37",
        "16:04",
        "16:24",
        "16:44",
        "17:04",
        "17:29",
        "17:54",
        "18:19",
        "18:44",
        "19:08",
        "19:33",
        "19:58",
        "20:23",
        "20:48",
        "21:13",
        "22:03"
    ],
    "holiday": [
        "6:43",
        "7:13",
        "7:48",
        "8:15",
        "8:38",
        "8:55",
        "9:16",
        "9:39",
        "9:56",
        "10:19",
        "10:44",
        "11:04",
        "11:37",
        "12:04",
        "12:37",
        "13:04",
        "13:37",
        "14:04",
        "14:37",
        "15:04",
        "15:37",
        "16:04",
        "16:37",
        "16:57",
        "17:19",
        "17:44",
        "18:09",
        "18:34",
        "18:54",
        "19:18",
        "19:43"
    ],
    "url": "https://www.kanachu.co.jp/dia/diagram/timetable01_js/course:0000803905-13/node:00129463/kt:0/lname:/"
}
