{
    "date": "2025/10/01",
    "name": "中町一丁目(町田市)",
    "position": "-",
    "system": "町76",
    "destinations": [
        "あけぼの病院前",
        "森野一丁目",
        "町田バスセンター"
    ],
    "weekday": [
        "5:59",
        "6:32",
        "7:03",
        "7:22",
        "7:35",
        "7:52",
        "8:10",
        "8:29",
        "8:49",
        "9:09",
        "9:29",
        "9:49",
        "10:09",
        "10:29",
        "10:49",
        "11:09",
        "11:26",
        "11:49",
        "12:16",
        "12:42",
        "13:09",
        "13:39",
        "13:59",
        "14:29",
        "14:59",
        "15:19",
        "15:49",
        "16:23",
        "16:46",
        "17:06",
        "17:26",
        "17:51",
        "18:24",
        "18:46",
        "19:23",
        "19:45",
        "20:15",
        "21:22",
        "22:19"
    ],
    "saturday": [
        "6:44",
        "7:17",
        "7:47",
        "8:17",
        "8:40",
        "8:57",
        "9:18",
        "9:46",
        "10:06",
        "10:29",
        "10:56",
        "11:23",
        "11:46",
        "12:11",
        "12:39",
        "13:06",
        "13:39",
        "14:06",
        "14:39",
        "15:06",
        "15:39",
        "16:06",
        "16:26",
        "16:46",
        "17:06",
        "17:31",
        "17:56",
        "18:21",
        "18:46",
        "19:10",
        "19:35",
        "20:00",
        "20:25",
        "20:50",
        "21:14",
        "22:04"
    ],
    "holiday": [
        "6:44",
        "7:15",
        "7:50",
        "8:17",
        "8:40",
        "8:57",
        "9:18",
        "9:41",
        "9:58",
        "10:21",
        "10:46",
        "11:06",
        "11:39",
        "12:06",
        "12:39",
        "13:06",
        "13:39",
        "14:06",
        "14:39",
        "15:06",
        "15:39",
        "16:06",
        "16:39",
        "16:59",
        "17:21",
        "17:46",
        "18:11",
        "18:36",
        "18:56",
        "19:19",
        "19:44"
    ],
    "url": "https://www.kanachu.co.jp/dia/diagram/timetable01_js/course:0000803905-14/node:00129484/kt:0/lname:/"
}
