{
    "date": "2025/07/27",
    "name": "八間通り",
    "position": "-",
    "system": "平47",
    "destinations": [
        "豊田道",
        "柳町(平塚市)",
        "古花水",
        "花水",
        "化粧坂",
        "長者町(中郡大磯町)",
        "山王町(中郡大磯町)",
        "図書館前(中郡大磯町)",
        "大磯駅",
        "大磯小学校前",
        "統監道",
        "白岩大門",
        "八坂神社(中郡大磯町)",
        "城山公園前(中郡大磯町)",
        "中丸(中郡大磯町)",
        "大磯プリンスホテル入口",
        "国府新宿",
        "槇の木",
        "変電所前(中郡大磯町)",
        "下町(中郡二宮町)",
        "塩海橋",
        "秦野道",
        "二宮駅南口"
    ],
    "weekday": [
        "6:28",
        "7:07",
        "7:31",
        "7:51",
        "8:15",
        "8:44",
        "9:18",
        "9:44",
        "10:14",
        "10:44",
        "11:14",
        "11:44",
        "12:16",
        "12:44",
        "13:14",
        "13:44",
        "14:16",
        "14:44",
        "15:14",
        "15:44",
        "16:16",
        "16:44",
        "17:14",
        "17:44",
        "18:14",
        "18:44",
        "19:14",
        "19:42",
        "20:13",
        "20:43",
        "21:10",
        "21:49"
    ],
    "saturday": [
        "7:14",
        "7:54",
        "8:19",
        "8:49",
        "9:22",
        "9:49",
        "10:24",
        "10:54",
        "11:24",
        "11:54",
        "12:24",
        "12:54",
        "13:24",
        "13:54",
        "14:24",
        "14:54",
        "15:24",
        "15:49",
        "16:19",
        "16:54",
        "17:19",
        "17:49",
        "18:16",
        "18:49",
        "19:19",
        "19:56",
        "20:24",
        "21:28"
    ],
    "holiday": [
        "7:14",
        "7:54",
        "8:19",
        "8:49",
        "9:22",
        "9:49",
        "10:24",
        "10:54",
        "11:24",
        "11:54",
        "12:24",
        "12:54",
        "13:24",
        "13:54",
        "14:24",
        "14:54",
        "15:24",
        "15:49",
        "16:19",
        "16:54",
        "17:19",
        "17:49",
        "18:16",
        "18:49",
        "19:19",
        "19:56",
        "20:24",
        "21:28"
    ],
    "url": "https://www.kanachu.co.jp/dia/diagram/timetable01_js/course:0000803811-4/node:00127467/kt:0/lname:/"
}
