{
    "date": "2025/07/27",
    "name": "大磯駅",
    "position": "-",
    "system": "平47",
    "destinations": [
        "大磯小学校前",
        "統監道",
        "白岩大門",
        "八坂神社(中郡大磯町)",
        "城山公園前(中郡大磯町)",
        "中丸(中郡大磯町)",
        "大磯プリンスホテル入口",
        "国府新宿",
        "槇の木",
        "変電所前(中郡大磯町)",
        "下町(中郡二宮町)",
        "塩海橋",
        "秦野道",
        "二宮駅南口"
    ],
    "weekday": [
        "6:40",
        "7:20",
        "7:44",
        "8:04",
        "8:28",
        "8:57",
        "9:30",
        "9:56",
        "10:26",
        "10:56",
        "11:26",
        "11:56",
        "12:28",
        "12:56",
        "13:26",
        "13:56",
        "14:28",
        "14:56",
        "15:26",
        "15:56",
        "16:28",
        "16:56",
        "17:26",
        "17:56",
        "18:26",
        "18:56",
        "19:26",
        "19:54",
        "20:25",
        "20:55",
        "21:22",
        "22:01"
    ],
    "saturday": [
        "7:26",
        "8:06",
        "8:31",
        "9:01",
        "9:34",
        "10:01",
        "10:36",
        "11:06",
        "11:36",
        "12:06",
        "12:36",
        "13:06",
        "13:36",
        "14:06",
        "14:36",
        "15:06",
        "15:36",
        "16:01",
        "16:31",
        "17:06",
        "17:31",
        "18:01",
        "18:28",
        "19:01",
        "19:31",
        "20:08",
        "20:36",
        "21:40"
    ],
    "holiday": [
        "7:26",
        "8:06",
        "8:31",
        "9:01",
        "9:34",
        "10:01",
        "10:36",
        "11:06",
        "11:36",
        "12:06",
        "12:36",
        "13:06",
        "13:36",
        "14:06",
        "14:36",
        "15:06",
        "15:36",
        "16:01",
        "16:31",
        "17:06",
        "17:31",
        "18:01",
        "18:28",
        "19:01",
        "19:31",
        "20:08",
        "20:36",
        "21:40"
    ],
    "url": "https://www.kanachu.co.jp/dia/diagram/timetable01_js/course:0000803811-13/node:00127455/kt:0/lname:/"
}
