{
    "date": "2025/11/16",
    "name": "鈴川会館前",
    "position": "-",
    "system": "伊44",
    "destinations": [
        "団地西(伊勢原市)",
        "団地南(伊勢原市)",
        "関台",
        "中央公民館前(伊勢原市)",
        "本町(伊勢原市)",
        "伊勢原駅北口"
    ],
    "weekday": [
        "9:43",
        "10:43",
        "11:13",
        "12:13",
        "13:13",
        "14:13",
        "15:43",
        "16:33",
        "16:48",
        "17:03",
        "17:23",
        "17:43",
        "18:03",
        "18:23",
        "18:43",
        "19:03",
        "19:18",
        "19:33",
        "20:03",
        "20:43"
    ],
    "saturday": [
        "6:29",
        "11:09",
        "12:09",
        "13:09",
        "14:09",
        "15:09",
        "16:09"
    ],
    "holiday": [
        "6:29",
        "11:09",
        "12:09",
        "13:09",
        "14:09",
        "15:09",
        "16:09"
    ],
    "url": "https://www.kanachu.co.jp/dia/diagram/timetable01_js/course:0000800639-5/node:00128140/kt:0/lname:/"
}
