{
    "date": "2021/02/01",
    "name": "仲久保",
    "position": "-",
    "system": "",
    "destinations": [
        "坂上(横浜市磯子区)",
        "大岡住宅前",
        "藤の木(横浜市南区)",
        "弘明寺",
        "通町三丁目",
        "通町一丁目",
        "蒔田駅前",
        "蒔田中学校前(横浜市南区)"
    ],
    "weekday": [
        "19:49",
        "21:53"
    ],
    "saturday": [
        "19:48",
        "21:43"
    ],
    "holiday": [
        "19:48",
        "21:43"
    ],
    "url": "https://www.kanachu.co.jp/dia/diagram/timetable01_js/course:0000803014-10/node:00102830/kt:0/lname:/"
}
