{
    "date": "2025/04/01",
    "name": "浄水場前(町田市)",
    "position": "",
    "system": "町37",
    "destinations": [
        "滝の沢(町田市)",
        "木曽中原",
        "緑ヶ丘入口(町田市)",
        "原田向",
        "町田木曽会館前",
        "給水塔前(山崎団地/町田市)",
        "今井谷戸",
        "藤の台団地",
        "藤の台東",
        "遊歩公園",
        "入谷戸(やくし台/町田市)",
        "やくし台二丁目",
        "やくし台三丁目",
        "やくし台センター"
    ],
    "weekday": [
        "6:26",
        "7:03",
        "7:26",
        "7:48",
        "8:12",
        "8:44",
        "9:09",
        "9:44",
        "10:32",
        "11:12",
        "11:52",
        "12:37",
        "13:12",
        "13:47",
        "14:27",
        "15:09",
        "15:49",
        "16:29",
        "17:13",
        "17:48",
        "18:23",
        "18:52",
        "19:12",
        "19:47",
        "20:07",
        "20:37",
        "21:16",
        "22:06"
    ],
    "saturday": [
        "7:01",
        "7:39",
        "8:09",
        "8:39",
        "9:10",
        "9:40",
        "10:17",
        "10:52",
        "11:32",
        "12:12",
        "12:52",
        "13:32",
        "14:13",
        "15:03",
        "15:54",
        "16:32",
        "17:04",
        "17:33",
        "18:09",
        "18:48",
        "19:28",
        "20:09",
        "20:46",
        "21:26",
        "22:06"
    ],
    "holiday": [
        "7:01",
        "7:39",
        "8:09",
        "8:39",
        "9:10",
        "9:40",
        "10:17",
        "10:52",
        "11:33",
        "12:13",
        "12:53",
        "13:33",
        "14:15",
        "15:03",
        "15:58",
        "16:28",
        "16:58",
        "17:31",
        "18:10",
        "18:48",
        "19:26",
        "20:08",
        "20:46",
        "21:26",
        "22:06"
    ],
    "url": "https://www.kanachu.co.jp/dia/diagram/timetable01_js/course:0000802676-6/node:00129360/kt:0/lname:/"
}
