{
    "date": "2025/04/01",
    "name": "木曽中原",
    "position": "",
    "system": "町37",
    "destinations": [
        "緑ヶ丘入口(町田市)",
        "原田向",
        "町田木曽会館前",
        "給水塔前(山崎団地/町田市)",
        "今井谷戸",
        "藤の台団地",
        "藤の台東",
        "遊歩公園",
        "入谷戸(やくし台/町田市)",
        "やくし台二丁目",
        "やくし台三丁目",
        "やくし台センター"
    ],
    "weekday": [
        "6:28",
        "7:05",
        "7:28",
        "7:52",
        "8:16",
        "8:48",
        "9:13",
        "9:48",
        "10:36",
        "11:16",
        "11:56",
        "12:41",
        "13:16",
        "13:51",
        "14:31",
        "15:13",
        "15:53",
        "16:33",
        "17:17",
        "17:52",
        "18:27",
        "18:56",
        "19:16",
        "19:51",
        "20:11",
        "20:41",
        "21:18",
        "22:08"
    ],
    "saturday": [
        "7:03",
        "7:41",
        "8:11",
        "8:41",
        "9:13",
        "9:43",
        "10:20",
        "10:55",
        "11:36",
        "12:16",
        "12:56",
        "13:36",
        "14:17",
        "15:07",
        "15:58",
        "16:36",
        "17:08",
        "17:37",
        "18:13",
        "18:52",
        "19:32",
        "20:13",
        "20:48",
        "21:28",
        "22:08"
    ],
    "holiday": [
        "7:03",
        "7:41",
        "8:11",
        "8:41",
        "9:14",
        "9:44",
        "10:21",
        "10:56",
        "11:37",
        "12:17",
        "12:57",
        "13:37",
        "14:19",
        "15:07",
        "16:02",
        "16:32",
        "17:02",
        "17:35",
        "18:14",
        "18:52",
        "19:28",
        "20:10",
        "20:48",
        "21:28",
        "22:08"
    ],
    "url": "https://www.kanachu.co.jp/dia/diagram/timetable01_js/course:0000802676-8/node:00129516/kt:0/lname:/"
}
