{
    "date": "2025/07/12",
    "name": "城宿",
    "position": "-",
    "system": "船10",
    "destinations": [
        "陣屋坂上",
        "陣屋坂",
        "公会堂前(鎌倉市)",
        "岡本(鎌倉市)",
        "玉縄行政センター入口",
        "児童公園前(鎌倉市)",
        "大船駅西口"
    ],
    "weekday": [
        "6:15",
        "6:37",
        "6:48",
        "7:01",
        "7:11",
        "7:22",
        "7:34",
        "7:45",
        "7:56",
        "8:08",
        "8:27",
        "10:37"
    ],
    "saturday": [
        "7:03",
        "7:30",
        "7:58",
        "8:26",
        "9:13"
    ],
    "holiday": [
        "7:03",
        "7:30",
        "7:58",
        "8:26",
        "9:13"
    ],
    "url": "https://www.kanachu.co.jp/dia/diagram/timetable01_js/course:0000801467-2/node:00127122/kt:0/lname:/"
}
