{
    "date": "2025/07/12",
    "name": "陣屋坂",
    "position": "-",
    "system": "船103",
    "destinations": [
        "公会堂前(鎌倉市)",
        "岡本(鎌倉市)",
        "玉縄行政センター入口",
        "児童公園前(鎌倉市)",
        "大船駅西口"
    ],
    "weekday": [
        "6:17",
        "6:39",
        "6:50",
        "7:03",
        "7:13",
        "7:24",
        "7:36",
        "7:47",
        "7:58",
        "8:10",
        "8:29",
        "10:39"
    ],
    "saturday": [
        "7:05",
        "7:32",
        "8:00",
        "8:28",
        "9:15"
    ],
    "holiday": [
        "7:05",
        "7:32",
        "8:00",
        "8:28",
        "9:15"
    ],
    "url": "https://www.kanachu.co.jp/dia/diagram/timetable01_js/course:0000801467-4/node:00127121/kt:0/lname:/"
}
