{
    "date": "2025/05/11",
    "name": "吉野町駅前",
    "position": "-",
    "system": "港61",
    "destinations": [
        "お三の宮",
        "宮元町一丁目",
        "蒔田駅前",
        "通町一丁目",
        "通町三丁目",
        "弘明寺",
        "南小学校前(横浜市南区)",
        "向田橋",
        "越戸橋(横浜市港南区)",
        "最戸橋",
        "上大岡駅",
        "関の下",
        "笹下港南中央通り",
        "港南区総合庁舎前",
        "吉原(横浜市港南区)",
        "新吉原橋",
        "日野公園墓地入口",
        "日野中央公園入口",
        "日野小学校前(横浜市港南区)",
        "日野(横浜市港南区)",
        "清水橋(横浜市港南区)",
        "港南台入口",
        "港南台駅"
    ],
    "weekday": [
        "6:45",
        "9:33",
        "11:30",
        "12:56",
        "14:54",
        "16:56",
        "18:48",
        "20:51"
    ],
    "saturday": [
        "9:05",
        "10:46",
        "13:14",
        "15:03",
        "17:09",
        "18:33"
    ],
    "holiday": [
        "9:05",
        "10:46",
        "13:14",
        "15:03",
        "17:09",
        "18:33"
    ],
    "url": "https://www.kanachu.co.jp/dia/diagram/timetable01_js/course:0000803429-16/node:00103231/kt:0/lname:/"
}
