{
    "date": "2025/05/11",
    "name": "南小学校前(横浜市南区)",
    "position": "-",
    "system": "港61",
    "destinations": [
        "向田橋",
        "越戸橋(横浜市港南区)",
        "最戸橋",
        "上大岡駅",
        "関の下",
        "笹下港南中央通り",
        "港南区総合庁舎前",
        "吉原(横浜市港南区)",
        "新吉原橋",
        "日野公園墓地入口",
        "日野中央公園入口",
        "日野小学校前(横浜市港南区)",
        "日野(横浜市港南区)",
        "清水橋(横浜市港南区)",
        "港南台入口",
        "港南台駅"
    ],
    "weekday": [
        "6:52",
        "9:42",
        "11:39",
        "13:05",
        "15:03",
        "17:05",
        "18:57",
        "21:01"
    ],
    "saturday": [
        "9:13",
        "10:55",
        "13:23",
        "15:12",
        "17:18",
        "18:42"
    ],
    "holiday": [
        "9:13",
        "10:55",
        "13:23",
        "15:12",
        "17:18",
        "18:42"
    ],
    "url": "https://www.kanachu.co.jp/dia/diagram/timetable01_js/course:0000803429-23/node:00103127/kt:0/lname:/"
}
