{
    "date": "2022/03/12",
    "name": "祥泉寺",
    "position": "-",
    "system": "橋02",
    "destinations": [
        "大沢(相模原市緑区)",
        "六本松(相模原市緑区)",
        "奈良井",
        "中野上町",
        "相模中野",
        "仲町自治会館前",
        "日赤病院前(相模原市緑区)",
        "太井",
        "小網",
        "クラブ前(相模原市緑区)",
        "北根小屋",
        "津久井湖観光センター前",
        "城山高校前",
        "都井沢",
        "谷ヶ原",
        "久保沢",
        "城山総合事務所入口",
        "原宿(相模原市緑区)",
        "東原宿",
        "八幡神社前(相模原市緑区)",
        "二本松二丁目",
        "公園前(相模原市緑区)",
        "住宅前(相模原市緑区)",
        "日本板硝子前(相模原市緑区)",
        "峡の原車庫",
        "相模原協同病院",
        "峡の原車庫",
        "西橋本三丁目",
        "北警察署前(相模原市緑区)",
        "緑区合同庁舎前(相模原市緑区)",
        "橋本二丁目",
        "橋本駅南口"
    ],
    "weekday": [
        "7:15"
    ],
    "saturday": [
        "7:11"
    ],
    "holiday": [],
    "url": "https://www.kanachu.co.jp/dia/diagram/timetable01_js/course:0000803008-2/node:00128943/kt:0/lname:/"
}
