{
    "date": "2022/03/12",
    "name": "原宿(相模原市緑区)",
    "position": "-",
    "system": "橋02",
    "destinations": [
        "東原宿",
        "八幡神社前(相模原市緑区)",
        "二本松二丁目",
        "公園前(相模原市緑区)",
        "住宅前(相模原市緑区)",
        "日本板硝子前(相模原市緑区)",
        "峡の原車庫",
        "相模原協同病院",
        "峡の原車庫",
        "西橋本三丁目",
        "北警察署前(相模原市緑区)",
        "緑区合同庁舎前(相模原市緑区)",
        "橋本二丁目",
        "橋本駅南口"
    ],
    "weekday": [
        "7:34"
    ],
    "saturday": [
        "7:28"
    ],
    "holiday": [],
    "url": "https://www.kanachu.co.jp/dia/diagram/timetable01_js/course:0000803008-20/node:00128961/kt:0/lname:/"
}
