{
    "date": "2025/11/16",
    "name": "十日市場",
    "position": "-",
    "system": "",
    "destinations": [
        "中山谷(横浜市緑区)",
        "遊水池前(横浜市緑区)",
        "萱場公園入口",
        "郵便局前(横浜市緑区)",
        "霧が丘センター前",
        "霧が丘高校前",
        "若葉台車庫前",
        "若葉台中央(横浜市旭区)"
    ],
    "weekday": [
        "8:42"
    ],
    "saturday": [
        "7:59"
    ],
    "holiday": [],
    "url": "https://www.kanachu.co.jp/dia/diagram/timetable01_js/course:0000802204-2/node:00019304/kt:0/lname:/"
}
