{
    "date": "2025/11/16",
    "name": "萱場公園入口",
    "position": "-",
    "system": "23",
    "destinations": [
        "郵便局前(横浜市緑区)",
        "霧が丘センター前",
        "霧が丘高校前",
        "若葉台車庫前",
        "若葉台中央(横浜市旭区)"
    ],
    "weekday": [
        "8:46"
    ],
    "saturday": [
        "8:03"
    ],
    "holiday": [],
    "url": "https://www.kanachu.co.jp/dia/diagram/timetable01_js/course:0000802204-5/node:00019301/kt:0/lname:/"
}
