{
    "system": "",
    "busstops": [
        {
            "index": "1",
            "id": "00019305",
            "name": "十日市場駅",
            "lat": "35.526166",
            "lng": "139.515672"
        },
        {
            "index": "2",
            "id": "00019304",
            "name": "十日市場",
            "lat": "35.524424",
            "lng": "139.511104"
        },
        {
            "index": "3",
            "id": "00019303",
            "name": "中山谷(横浜市緑区)",
            "lat": "35.520841",
            "lng": "139.508025"
        },
        {
            "index": "4",
            "id": "00019302",
            "name": "遊水池前(横浜市緑区)",
            "lat": "35.518571",
            "lng": "139.508243"
        },
        {
            "index": "5",
            "id": "00019301",
            "name": "萱場公園入口",
            "lat": "35.51599",
            "lng": "139.50797"
        },
        {
            "index": "6",
            "id": "00019300",
            "name": "郵便局前(横浜市緑区)",
            "lat": "35.513727",
            "lng": "139.506086"
        },
        {
            "index": "7",
            "id": "00019299",
            "name": "霧が丘センター前",
            "lat": "35.512961",
            "lng": "139.503903"
        },
        {
            "index": "8",
            "id": "00019298",
            "name": "霧が丘高校前",
            "lat": "35.510269",
            "lng": "139.503079"
        },
        {
            "index": "9",
            "id": "00019297",
            "name": "若葉台車庫前",
            "lat": "35.508924",
            "lng": "139.499984"
        },
        {
            "index": "10",
            "id": "00019296",
            "name": "若葉台中央(横浜市旭区)",
            "lat": "35.506416",
            "lng": "139.498962"
        }
    ],
    "route_url": "https://www.kanachu.co.jp/dia/route/index/cid:0000802204/"
}
