{
    "date": "2025/07/12",
    "name": "善行大橋",
    "position": "-",
    "system": "藤46",
    "destinations": [
        "善行南",
        "善行",
        "花の木(藤沢市)",
        "伊勢山入口",
        "台町(藤沢市)",
        "藤沢市民病院",
        "本町消防出張所前",
        "藤沢公民館前",
        "遊行寺前",
        "遊行通り四丁目",
        "藤沢駅北口"
    ],
    "weekday": [
        "8:33",
        "9:28",
        "10:24",
        "11:39",
        "13:18",
        "14:33"
    ],
    "saturday": [],
    "holiday": [],
    "url": "https://www.kanachu.co.jp/dia/diagram/timetable01_js/course:0000802025-3/node:00127071/kt:0/lname:/"
}
