{
    "date": "2025/07/12",
    "name": "藤沢市民病院",
    "position": "-",
    "system": "藤46",
    "destinations": [
        "本町消防出張所前",
        "藤沢公民館前",
        "遊行寺前",
        "遊行通り四丁目",
        "藤沢駅北口"
    ],
    "weekday": [
        "8:44",
        "9:38",
        "10:34",
        "11:49",
        "13:28",
        "14:43"
    ],
    "saturday": [],
    "holiday": [],
    "url": "https://www.kanachu.co.jp/dia/diagram/timetable01_js/course:0000802025-9/node:00127108/kt:0/lname:/"
}
