{
    "date": "2025/10/06",
    "name": "相模湖公園前",
    "position": "-",
    "system": "湖21",
    "destinations": [
        "相模湖大橋",
        "嵐山橋",
        "嵐山(相模原市緑区)",
        "関川",
        "さがみ湖MORIMORI前",
        "石老山入口",
        "相模湖林間公園入口",
        "内郷診療所前",
        "阿津",
        "寸沢嵐",
        "寸沢嵐遺跡前",
        "沼本",
        "道志橋",
        "桜木(相模原市緑区)",
        "三ヶ木"
    ],
    "weekday": [
        "7:21",
        "8:23",
        "9:02",
        "9:33",
        "10:26",
        "11:30",
        "12:30",
        "13:48",
        "14:26",
        "15:41",
        "16:39",
        "17:37",
        "18:50",
        "19:41",
        "20:38"
    ],
    "saturday": [
        "7:31",
        "8:01",
        "8:35",
        "9:01",
        "9:27",
        "10:01",
        "10:59",
        "11:51",
        "12:41",
        "13:11",
        "14:08",
        "15:06",
        "16:09",
        "17:12",
        "18:13",
        "19:11",
        "20:15"
    ],
    "holiday": [
        "7:31",
        "8:01",
        "8:35",
        "9:01",
        "9:27",
        "10:01",
        "10:59",
        "11:51",
        "12:41",
        "13:11",
        "14:08",
        "15:06",
        "16:09",
        "17:12",
        "18:13",
        "19:11",
        "20:15"
    ],
    "url": "https://www.kanachu.co.jp/dia/diagram/timetable01_js/course:0000803745-3/node:00128916/kt:0/lname:/"
}
