{
    "date": "2025/10/06",
    "name": "嵐山(相模原市緑区)",
    "position": "-",
    "system": "湖21",
    "destinations": [
        "関川",
        "さがみ湖MORIMORI前",
        "石老山入口",
        "相模湖林間公園入口",
        "内郷診療所前",
        "阿津",
        "寸沢嵐",
        "寸沢嵐遺跡前",
        "沼本",
        "道志橋",
        "桜木(相模原市緑区)",
        "三ヶ木"
    ],
    "weekday": [
        "7:24",
        "8:26",
        "9:05",
        "9:36",
        "10:29",
        "11:33",
        "12:33",
        "13:51",
        "14:29",
        "15:44",
        "16:42",
        "17:40",
        "18:53",
        "19:44",
        "20:41"
    ],
    "saturday": [
        "7:34",
        "8:04",
        "8:38",
        "9:04",
        "9:30",
        "10:04",
        "11:02",
        "11:54",
        "12:44",
        "13:14",
        "14:11",
        "15:09",
        "16:12",
        "17:15",
        "18:16",
        "19:14",
        "20:18"
    ],
    "holiday": [
        "7:34",
        "8:04",
        "8:38",
        "9:04",
        "9:30",
        "10:04",
        "11:02",
        "11:54",
        "12:44",
        "13:14",
        "14:11",
        "15:09",
        "16:12",
        "17:15",
        "18:16",
        "19:14",
        "20:18"
    ],
    "url": "https://www.kanachu.co.jp/dia/diagram/timetable01_js/course:0000803745-6/node:00128913/kt:0/lname:/"
}
