{
    "date": "2025/10/06",
    "name": "相模湖林間公園入口",
    "position": "-",
    "system": "湖21",
    "destinations": [
        "内郷診療所前",
        "阿津",
        "寸沢嵐",
        "寸沢嵐遺跡前",
        "沼本",
        "道志橋",
        "桜木(相模原市緑区)",
        "三ヶ木"
    ],
    "weekday": [
        "7:27",
        "8:29",
        "9:08",
        "9:39",
        "10:32",
        "11:36",
        "12:36",
        "13:54",
        "14:32",
        "15:47",
        "16:45",
        "17:43",
        "18:56",
        "19:47",
        "20:44"
    ],
    "saturday": [
        "7:37",
        "8:07",
        "8:41",
        "9:07",
        "9:33",
        "10:07",
        "11:05",
        "11:57",
        "12:47",
        "13:17",
        "14:14",
        "15:12",
        "16:15",
        "17:18",
        "18:19",
        "19:17",
        "20:21"
    ],
    "holiday": [
        "7:37",
        "8:07",
        "8:41",
        "9:07",
        "9:33",
        "10:07",
        "11:05",
        "11:57",
        "12:47",
        "13:17",
        "14:14",
        "15:12",
        "16:15",
        "17:18",
        "18:19",
        "19:17",
        "20:21"
    ],
    "url": "https://www.kanachu.co.jp/dia/diagram/timetable01_js/course:0000803745-10/node:00129012/kt:0/lname:/"
}
