{
    "system": "湖21",
    "busstops": [
        {
            "index": "1",
            "id": "00128918",
            "name": "相模湖駅",
            "lat": "35.616822",
            "lng": "139.189704"
        },
        {
            "index": "2",
            "id": "00128917",
            "name": "相模湖総合事務所前",
            "lat": "35.614403",
            "lng": "139.188555"
        },
        {
            "index": "3",
            "id": "00128916",
            "name": "相模湖公園前",
            "lat": "35.613299",
            "lng": "139.191957"
        },
        {
            "index": "4",
            "id": "00128915",
            "name": "相模湖大橋",
            "lat": "35.613949",
            "lng": "139.195162"
        },
        {
            "index": "5",
            "id": "00128914",
            "name": "嵐山橋",
            "lat": "35.610449",
            "lng": "139.194081"
        },
        {
            "index": "6",
            "id": "00128913",
            "name": "嵐山(相模原市緑区)",
            "lat": "35.607593",
            "lng": "139.192793"
        },
        {
            "index": "7",
            "id": "00128912",
            "name": "関川",
            "lat": "35.604915",
            "lng": "139.195908"
        },
        {
            "index": "8",
            "id": "00128911",
            "name": "さがみ湖MORIMORI前",
            "lat": "35.601194",
            "lng": "139.199675"
        },
        {
            "index": "9",
            "id": "00128910",
            "name": "石老山入口",
            "lat": "35.600073",
            "lng": "139.205658"
        },
        {
            "index": "10",
            "id": "00129012",
            "name": "相模湖林間公園入口",
            "lat": "35.600461",
            "lng": "139.209162"
        },
        {
            "index": "11",
            "id": "00128909",
            "name": "内郷診療所前",
            "lat": "35.600017",
            "lng": "139.214366"
        },
        {
            "index": "12",
            "id": "00128908",
            "name": "阿津",
            "lat": "35.600773",
            "lng": "139.217472"
        },
        {
            "index": "13",
            "id": "00128906",
            "name": "寸沢嵐",
            "lat": "35.601091",
            "lng": "139.221313"
        },
        {
            "index": "14",
            "id": "00128905",
            "name": "寸沢嵐遺跡前",
            "lat": "35.599761",
            "lng": "139.224773"
        },
        {
            "index": "15",
            "id": "00128904",
            "name": "沼本",
            "lat": "35.595956",
            "lng": "139.225579"
        },
        {
            "index": "16",
            "id": "00128903",
            "name": "道志橋",
            "lat": "35.592691",
            "lng": "139.226262"
        },
        {
            "index": "17",
            "id": "00128902",
            "name": "桜木(相模原市緑区)",
            "lat": "35.589246",
            "lng": "139.230689"
        },
        {
            "index": "18",
            "id": "00128750",
            "name": "三ヶ木",
            "lat": "35.588304",
            "lng": "139.233312"
        }
    ],
    "route_url": "https://www.kanachu.co.jp/dia/route/index/cid:0000803745/"
}
