{
    "date": "2025/02/24",
    "name": "大坂上(横浜市戸塚区)",
    "position": "-",
    "system": "戸51",
    "destinations": [
        "新道大坂上",
        "西横浜国際総合病院前",
        "吹上(横浜市戸塚区)",
        "大運寺",
        "横浜医療センター前",
        "三叉路(横浜市戸塚区)",
        "横浜薬大南門",
        "俣野公園・横浜薬大前",
        "集会所前(横浜市戸塚区)",
        "ドリームハイツ"
    ],
    "weekday": [
        "6:57",
        "7:09",
        "7:33",
        "7:42",
        "7:57",
        "8:07",
        "8:25",
        "8:47",
        "8:58",
        "9:09",
        "9:20",
        "9:31",
        "12:15",
        "12:32",
        "12:49",
        "13:15",
        "13:24",
        "13:32",
        "13:49",
        "14:00",
        "17:31",
        "17:45",
        "17:55",
        "18:04",
        "18:13",
        "18:22",
        "18:55",
        "19:04",
        "19:16",
        "19:26",
        "19:37",
        "19:46"
    ],
    "saturday": [],
    "holiday": [],
    "url": "https://www.kanachu.co.jp/dia/diagram/timetable01_js/course:0000803550-5/node:00126813/kt:0/lname:/"
}
