{
    "date": "2025/02/24",
    "name": "横浜薬大南門",
    "position": "-",
    "system": "戸51",
    "destinations": [
        "俣野公園・横浜薬大前",
        "集会所前(横浜市戸塚区)",
        "ドリームハイツ"
    ],
    "weekday": [
        "7:10",
        "7:22",
        "7:46",
        "7:55",
        "8:10",
        "8:20",
        "8:38",
        "9:00",
        "9:11",
        "9:22",
        "9:33",
        "9:44",
        "12:28",
        "12:45",
        "13:02",
        "13:28",
        "13:37",
        "13:45",
        "14:02",
        "14:13",
        "17:44",
        "17:58",
        "18:08",
        "18:17",
        "18:26",
        "18:35",
        "19:08",
        "19:17",
        "19:29",
        "19:39",
        "19:50",
        "19:59"
    ],
    "saturday": [],
    "holiday": [],
    "url": "https://www.kanachu.co.jp/dia/diagram/timetable01_js/course:0000803550-12/node:00126821/kt:0/lname:/"
}
