{
    "date": "2024/07/08",
    "name": "滝の沢(町田市)",
    "position": "-",
    "system": "町66",
    "destinations": [
        "木曽住宅",
        "三家(町田市)",
        "木曽(町田市)",
        "忠生公園入口",
        "忠生公園前",
        "山崎小学校前(東京都)",
        "上山崎",
        "山崎高校入口",
        "下山崎(町田市)"
    ],
    "weekday": [
        "9:24",
        "9:54",
        "10:24",
        "10:59",
        "11:59",
        "12:59",
        "13:59",
        "14:59",
        "15:54",
        "17:12"
    ],
    "saturday": [],
    "holiday": [],
    "url": "https://www.kanachu.co.jp/dia/diagram/timetable01_js/course:0000802683-7/node:00129361/kt:0/lname:/"
}
