{
    "date": "2024/07/08",
    "name": "木曽住宅",
    "position": "-",
    "system": "町66",
    "destinations": [
        "三家(町田市)",
        "木曽(町田市)",
        "忠生公園入口",
        "忠生公園前",
        "山崎小学校前(東京都)",
        "上山崎",
        "山崎高校入口",
        "下山崎(町田市)"
    ],
    "weekday": [
        "9:26",
        "9:56",
        "10:26",
        "11:01",
        "12:01",
        "13:01",
        "14:01",
        "15:01",
        "15:56",
        "17:14"
    ],
    "saturday": [],
    "holiday": [],
    "url": "https://www.kanachu.co.jp/dia/diagram/timetable01_js/course:0000802683-8/node:00129362/kt:0/lname:/"
}
