{
    "date": "2024/07/08",
    "name": "木曽(町田市)",
    "position": "-",
    "system": "町66",
    "destinations": [
        "忠生公園入口",
        "忠生公園前",
        "山崎小学校前(東京都)",
        "上山崎",
        "山崎高校入口",
        "下山崎(町田市)"
    ],
    "weekday": [
        "9:28",
        "9:58",
        "10:28",
        "11:03",
        "12:03",
        "13:03",
        "14:03",
        "15:03",
        "15:58",
        "17:16"
    ],
    "saturday": [],
    "holiday": [],
    "url": "https://www.kanachu.co.jp/dia/diagram/timetable01_js/course:0000802683-10/node:00129364/kt:0/lname:/"
}
