{
    "date": "2024/07/08",
    "name": "忠生公園入口",
    "position": "-",
    "system": "町66",
    "destinations": [
        "忠生公園前",
        "山崎小学校前(東京都)",
        "上山崎",
        "山崎高校入口",
        "下山崎(町田市)"
    ],
    "weekday": [
        "9:29",
        "9:59",
        "10:29",
        "11:04",
        "12:04",
        "13:04",
        "14:04",
        "15:04",
        "15:59",
        "17:17"
    ],
    "saturday": [],
    "holiday": [],
    "url": "https://www.kanachu.co.jp/dia/diagram/timetable01_js/course:0000802683-11/node:00129494/kt:0/lname:/"
}
