{
    "date": "2024/07/08",
    "name": "忠生公園前",
    "position": "-",
    "system": "町66",
    "destinations": [
        "山崎小学校前(東京都)",
        "上山崎",
        "山崎高校入口",
        "下山崎(町田市)"
    ],
    "weekday": [
        "9:31",
        "10:01",
        "10:31",
        "11:06",
        "12:06",
        "13:06",
        "14:06",
        "15:06",
        "16:01",
        "17:19"
    ],
    "saturday": [],
    "holiday": [],
    "url": "https://www.kanachu.co.jp/dia/diagram/timetable01_js/course:0000802683-12/node:00129393/kt:0/lname:/"
}
