{
    "date": "2024/07/08",
    "name": "山崎小学校前(東京都)",
    "position": "-",
    "system": "町66",
    "destinations": [
        "上山崎",
        "山崎高校入口",
        "下山崎(町田市)"
    ],
    "weekday": [
        "9:32",
        "10:02",
        "10:32",
        "11:07",
        "12:07",
        "13:07",
        "14:07",
        "15:07",
        "16:02",
        "17:20"
    ],
    "saturday": [],
    "holiday": [],
    "url": "https://www.kanachu.co.jp/dia/diagram/timetable01_js/course:0000802683-13/node:00130494/kt:0/lname:/"
}
