{
    "date": "2024/04/01",
    "name": "中山駅",
    "position": "-",
    "system": "01",
    "destinations": [
        "緑消防署前",
        "中山町",
        "中山小学校南",
        "上山町(横浜市緑区)",
        "石神(横浜市緑区)",
        "白山ハイテクパーク",
        "緑車庫前",
        "白山一丁目(横浜市緑区)",
        "鴨居橋",
        "中村通",
        "鴨居町",
        "地蔵前(横浜市緑区)",
        "辻山",
        "笹山(横浜市保土ケ谷区)",
        "上菅田町",
        "中田(横浜市保土ケ谷区)",
        "寺下橋",
        "富士見橋(横浜市保土ケ谷区)",
        "山崎(横浜市保土ケ谷区)",
        "梅の木(横浜市保土ケ谷区)",
        "西谷妙福寺前",
        "川島町(横浜市保土ケ谷区)",
        "杉山神社前(横浜市保土ケ谷区)",
        "上星川",
        "保土ヶ谷中学校前",
        "和田町交差点",
        "常盤園前",
        "横浜新道",
        "岡沢町",
        "岡沢下",
        "三ツ沢西町",
        "三ツ沢上町駅前",
        "三ツ沢小学校前",
        "三ツ沢中町",
        "三ツ沢下町駅前",
        "島田橋(横浜市神奈川区)",
        "ガーデン下",
        "松本(横浜市神奈川区)",
        "泉町中央(横浜市神奈川区)",
        "泉町(横浜市神奈川区)",
        "市民防災センター前(横浜市神奈川区)",
        "鶴屋町三丁目",
        "横浜駅西口"
    ],
    "weekday": [
        "6:10",
        "6:47",
        "7:44",
        "9:00",
        "10:24",
        "11:44",
        "13:12",
        "14:24",
        "15:34",
        "16:37",
        "17:11",
        "17:47",
        "18:18",
        "18:52",
        "19:27",
        "20:55"
    ],
    "saturday": [
        "6:10",
        "6:51",
        "7:41",
        "9:03",
        "10:17",
        "11:22",
        "12:22",
        "13:22",
        "14:22",
        "15:22",
        "16:24",
        "17:29",
        "18:29",
        "20:55"
    ],
    "holiday": [
        "6:10",
        "6:51",
        "7:41",
        "9:00",
        "10:17",
        "11:22",
        "12:22",
        "13:22",
        "14:22",
        "15:22",
        "16:24",
        "17:29",
        "18:29",
        "20:55"
    ],
    "url": "https://www.kanachu.co.jp/dia/diagram/timetable01_js/course:0000802284-1/node:00102821/kt:0/lname:/"
}
