{
    "date": "2024/04/01",
    "name": "中山小学校南",
    "position": "-",
    "system": "",
    "destinations": [
        "上山町(横浜市緑区)",
        "石神(横浜市緑区)",
        "白山ハイテクパーク",
        "緑車庫前",
        "白山一丁目(横浜市緑区)",
        "鴨居橋",
        "中村通",
        "鴨居町",
        "地蔵前(横浜市緑区)",
        "辻山",
        "笹山(横浜市保土ケ谷区)",
        "上菅田町",
        "中田(横浜市保土ケ谷区)",
        "寺下橋",
        "富士見橋(横浜市保土ケ谷区)",
        "山崎(横浜市保土ケ谷区)",
        "梅の木(横浜市保土ケ谷区)",
        "西谷妙福寺前",
        "川島町(横浜市保土ケ谷区)",
        "杉山神社前(横浜市保土ケ谷区)",
        "上星川",
        "保土ヶ谷中学校前",
        "和田町交差点",
        "常盤園前",
        "横浜新道",
        "岡沢町",
        "岡沢下",
        "三ツ沢西町",
        "三ツ沢上町駅前",
        "三ツ沢小学校前",
        "三ツ沢中町",
        "三ツ沢下町駅前",
        "島田橋(横浜市神奈川区)",
        "ガーデン下",
        "松本(横浜市神奈川区)",
        "泉町中央(横浜市神奈川区)",
        "泉町(横浜市神奈川区)",
        "市民防災センター前(横浜市神奈川区)",
        "鶴屋町三丁目",
        "横浜駅西口"
    ],
    "weekday": [
        "6:13",
        "6:50",
        "7:48",
        "9:04",
        "10:28",
        "11:48",
        "13:16",
        "14:28",
        "15:38",
        "16:41",
        "17:15",
        "17:51",
        "18:22",
        "18:56",
        "19:31",
        "20:58"
    ],
    "saturday": [
        "6:13",
        "6:54",
        "7:44",
        "9:07",
        "10:21",
        "11:26",
        "12:26",
        "13:26",
        "14:26",
        "15:26",
        "16:28",
        "17:33",
        "18:33",
        "20:58"
    ],
    "holiday": [
        "6:13",
        "6:54",
        "7:44",
        "9:03",
        "10:20",
        "11:26",
        "12:26",
        "13:26",
        "14:26",
        "15:26",
        "16:28",
        "17:33",
        "18:33",
        "20:58"
    ],
    "url": "https://www.kanachu.co.jp/dia/diagram/timetable01_js/course:0000802284-4/node:00102856/kt:0/lname:/"
}
