{
    "date": "2024/04/01",
    "name": "白山一丁目(横浜市緑区)",
    "position": "-",
    "system": "01",
    "destinations": [
        "鴨居橋",
        "中村通",
        "鴨居町",
        "地蔵前(横浜市緑区)",
        "辻山",
        "笹山(横浜市保土ケ谷区)",
        "上菅田町",
        "中田(横浜市保土ケ谷区)",
        "寺下橋",
        "富士見橋(横浜市保土ケ谷区)",
        "山崎(横浜市保土ケ谷区)",
        "梅の木(横浜市保土ケ谷区)",
        "西谷妙福寺前",
        "川島町(横浜市保土ケ谷区)",
        "杉山神社前(横浜市保土ケ谷区)",
        "上星川",
        "保土ヶ谷中学校前",
        "和田町交差点",
        "常盤園前",
        "横浜新道",
        "岡沢町",
        "岡沢下",
        "三ツ沢西町",
        "三ツ沢上町駅前",
        "三ツ沢小学校前",
        "三ツ沢中町",
        "三ツ沢下町駅前",
        "島田橋(横浜市神奈川区)",
        "ガーデン下",
        "松本(横浜市神奈川区)",
        "泉町中央(横浜市神奈川区)",
        "泉町(横浜市神奈川区)",
        "市民防災センター前(横浜市神奈川区)",
        "鶴屋町三丁目",
        "横浜駅西口"
    ],
    "weekday": [
        "6:18",
        "6:55",
        "7:53",
        "9:09",
        "10:33",
        "11:53",
        "13:21",
        "14:33",
        "15:43",
        "16:46",
        "17:20",
        "17:56",
        "18:27",
        "19:01",
        "19:36",
        "21:03"
    ],
    "saturday": [
        "6:18",
        "6:59",
        "7:49",
        "9:12",
        "10:26",
        "11:31",
        "12:31",
        "13:31",
        "14:31",
        "15:31",
        "16:33",
        "17:38",
        "18:38",
        "21:03"
    ],
    "holiday": [
        "6:18",
        "6:59",
        "7:49",
        "9:08",
        "10:25",
        "11:31",
        "12:31",
        "13:31",
        "14:31",
        "15:31",
        "16:33",
        "17:38",
        "18:38",
        "21:03"
    ],
    "url": "https://www.kanachu.co.jp/dia/diagram/timetable01_js/course:0000802284-9/node:00102938/kt:0/lname:/"
}
