{
    "date": "2024/04/01",
    "name": "鴨居町",
    "position": "-",
    "system": "",
    "destinations": [
        "地蔵前(横浜市緑区)",
        "辻山",
        "笹山(横浜市保土ケ谷区)",
        "上菅田町",
        "中田(横浜市保土ケ谷区)",
        "寺下橋",
        "富士見橋(横浜市保土ケ谷区)",
        "山崎(横浜市保土ケ谷区)",
        "梅の木(横浜市保土ケ谷区)",
        "西谷妙福寺前",
        "川島町(横浜市保土ケ谷区)",
        "杉山神社前(横浜市保土ケ谷区)",
        "上星川",
        "保土ヶ谷中学校前",
        "和田町交差点",
        "常盤園前",
        "横浜新道",
        "岡沢町",
        "岡沢下",
        "三ツ沢西町",
        "三ツ沢上町駅前",
        "三ツ沢小学校前",
        "三ツ沢中町",
        "三ツ沢下町駅前",
        "島田橋(横浜市神奈川区)",
        "ガーデン下",
        "松本(横浜市神奈川区)",
        "泉町中央(横浜市神奈川区)",
        "泉町(横浜市神奈川区)",
        "市民防災センター前(横浜市神奈川区)",
        "鶴屋町三丁目",
        "横浜駅西口"
    ],
    "weekday": [
        "6:22",
        "6:59",
        "7:57",
        "9:13",
        "10:37",
        "11:57",
        "13:25",
        "14:37",
        "15:47",
        "16:50",
        "17:24",
        "18:00",
        "18:31",
        "19:05",
        "19:40",
        "21:06"
    ],
    "saturday": [
        "6:21",
        "7:02",
        "7:52",
        "9:16",
        "10:30",
        "11:35",
        "12:35",
        "13:35",
        "14:35",
        "15:35",
        "16:37",
        "17:42",
        "18:42",
        "21:06"
    ],
    "holiday": [
        "6:21",
        "7:02",
        "7:52",
        "9:11",
        "10:28",
        "11:35",
        "12:35",
        "13:35",
        "14:35",
        "15:35",
        "16:37",
        "17:42",
        "18:42",
        "21:06"
    ],
    "url": "https://www.kanachu.co.jp/dia/diagram/timetable01_js/course:0000802284-12/node:00102377/kt:0/lname:/"
}
