{
    "date": "2024/04/01",
    "name": "辻山",
    "position": "-",
    "system": "01",
    "destinations": [
        "笹山(横浜市保土ケ谷区)",
        "上菅田町",
        "中田(横浜市保土ケ谷区)",
        "寺下橋",
        "富士見橋(横浜市保土ケ谷区)",
        "山崎(横浜市保土ケ谷区)",
        "梅の木(横浜市保土ケ谷区)",
        "西谷妙福寺前",
        "川島町(横浜市保土ケ谷区)",
        "杉山神社前(横浜市保土ケ谷区)",
        "上星川",
        "保土ヶ谷中学校前",
        "和田町交差点",
        "常盤園前",
        "横浜新道",
        "岡沢町",
        "岡沢下",
        "三ツ沢西町",
        "三ツ沢上町駅前",
        "三ツ沢小学校前",
        "三ツ沢中町",
        "三ツ沢下町駅前",
        "島田橋(横浜市神奈川区)",
        "ガーデン下",
        "松本(横浜市神奈川区)",
        "泉町中央(横浜市神奈川区)",
        "泉町(横浜市神奈川区)",
        "市民防災センター前(横浜市神奈川区)",
        "鶴屋町三丁目",
        "横浜駅西口"
    ],
    "weekday": [
        "6:25",
        "7:03",
        "8:01",
        "9:17",
        "10:40",
        "12:00",
        "13:28",
        "14:40",
        "15:50",
        "16:53",
        "17:28",
        "18:04",
        "18:35",
        "19:08",
        "19:43",
        "21:09"
    ],
    "saturday": [
        "6:24",
        "7:05",
        "7:55",
        "9:19",
        "10:33",
        "11:38",
        "12:38",
        "13:38",
        "14:38",
        "15:39",
        "16:41",
        "17:46",
        "18:45",
        "21:09"
    ],
    "holiday": [
        "6:24",
        "7:05",
        "7:55",
        "9:14",
        "10:31",
        "11:38",
        "12:38",
        "13:38",
        "14:38",
        "15:38",
        "16:40",
        "17:45",
        "18:45",
        "21:09"
    ],
    "url": "https://www.kanachu.co.jp/dia/diagram/timetable01_js/course:0000802284-14/node:00102742/kt:0/lname:/"
}
