{
    "date": "2024/04/01",
    "name": "梅の木(横浜市保土ケ谷区)",
    "position": "-",
    "system": "01",
    "destinations": [
        "西谷妙福寺前",
        "川島町(横浜市保土ケ谷区)",
        "杉山神社前(横浜市保土ケ谷区)",
        "上星川",
        "保土ヶ谷中学校前",
        "和田町交差点",
        "常盤園前",
        "横浜新道",
        "岡沢町",
        "岡沢下",
        "三ツ沢西町",
        "三ツ沢上町駅前",
        "三ツ沢小学校前",
        "三ツ沢中町",
        "三ツ沢下町駅前",
        "島田橋(横浜市神奈川区)",
        "ガーデン下",
        "松本(横浜市神奈川区)",
        "泉町中央(横浜市神奈川区)",
        "泉町(横浜市神奈川区)",
        "市民防災センター前(横浜市神奈川区)",
        "鶴屋町三丁目",
        "横浜駅西口"
    ],
    "weekday": [
        "6:33",
        "7:12",
        "8:10",
        "9:26",
        "10:49",
        "12:09",
        "13:37",
        "14:49",
        "15:59",
        "17:02",
        "17:37",
        "18:13",
        "18:44",
        "19:17",
        "19:52",
        "21:17"
    ],
    "saturday": [
        "6:32",
        "7:13",
        "8:03",
        "9:28",
        "10:42",
        "11:47",
        "12:47",
        "13:47",
        "14:47",
        "15:48",
        "16:50",
        "17:55",
        "18:54",
        "21:17"
    ],
    "holiday": [
        "6:32",
        "7:13",
        "8:03",
        "9:22",
        "10:39",
        "11:47",
        "12:47",
        "13:47",
        "14:47",
        "15:47",
        "16:49",
        "17:54",
        "18:54",
        "21:17"
    ],
    "url": "https://www.kanachu.co.jp/dia/diagram/timetable01_js/course:0000802284-21/node:00102279/kt:0/lname:/"
}
