{
    "date": "2024/04/01",
    "name": "西谷妙福寺前",
    "position": "-",
    "system": "",
    "destinations": [
        "川島町(横浜市保土ケ谷区)",
        "杉山神社前(横浜市保土ケ谷区)",
        "上星川",
        "保土ヶ谷中学校前",
        "和田町交差点",
        "常盤園前",
        "横浜新道",
        "岡沢町",
        "岡沢下",
        "三ツ沢西町",
        "三ツ沢上町駅前",
        "三ツ沢小学校前",
        "三ツ沢中町",
        "三ツ沢下町駅前",
        "島田橋(横浜市神奈川区)",
        "ガーデン下",
        "松本(横浜市神奈川区)",
        "泉町中央(横浜市神奈川区)",
        "泉町(横浜市神奈川区)",
        "市民防災センター前(横浜市神奈川区)",
        "鶴屋町三丁目",
        "横浜駅西口"
    ],
    "weekday": [
        "6:34",
        "7:13",
        "8:11",
        "9:27",
        "10:50",
        "12:10",
        "13:38",
        "14:50",
        "16:00",
        "17:04",
        "17:39",
        "18:15",
        "18:46",
        "19:18",
        "19:53",
        "21:18"
    ],
    "saturday": [
        "6:33",
        "7:14",
        "8:04",
        "9:29",
        "10:43",
        "11:48",
        "12:48",
        "13:48",
        "14:48",
        "15:49",
        "16:51",
        "17:56",
        "18:55",
        "21:18"
    ],
    "holiday": [
        "6:33",
        "7:14",
        "8:04",
        "9:23",
        "10:40",
        "11:48",
        "12:48",
        "13:48",
        "14:48",
        "15:48",
        "16:50",
        "17:55",
        "18:55",
        "21:18"
    ],
    "url": "https://www.kanachu.co.jp/dia/diagram/timetable01_js/course:0000802284-22/node:00102885/kt:0/lname:/"
}
