{
    "date": "2024/04/01",
    "name": "川島町(横浜市保土ケ谷区)",
    "position": "-",
    "system": "",
    "destinations": [
        "杉山神社前(横浜市保土ケ谷区)",
        "上星川",
        "保土ヶ谷中学校前",
        "和田町交差点",
        "常盤園前",
        "横浜新道",
        "岡沢町",
        "岡沢下",
        "三ツ沢西町",
        "三ツ沢上町駅前",
        "三ツ沢小学校前",
        "三ツ沢中町",
        "三ツ沢下町駅前",
        "島田橋(横浜市神奈川区)",
        "ガーデン下",
        "松本(横浜市神奈川区)",
        "泉町中央(横浜市神奈川区)",
        "泉町(横浜市神奈川区)",
        "市民防災センター前(横浜市神奈川区)",
        "鶴屋町三丁目",
        "横浜駅西口"
    ],
    "weekday": [
        "6:35",
        "7:14",
        "8:12",
        "9:28",
        "10:51",
        "12:11",
        "13:39",
        "14:51",
        "16:01",
        "17:05",
        "17:40",
        "18:16",
        "18:47",
        "19:19",
        "19:54",
        "21:19"
    ],
    "saturday": [
        "6:34",
        "7:15",
        "8:05",
        "9:30",
        "10:44",
        "11:49",
        "12:49",
        "13:49",
        "14:49",
        "15:50",
        "16:52",
        "17:57",
        "18:56",
        "21:19"
    ],
    "holiday": [
        "6:34",
        "7:15",
        "8:05",
        "9:24",
        "10:41",
        "11:49",
        "12:49",
        "13:49",
        "14:49",
        "15:49",
        "16:51",
        "17:56",
        "18:56",
        "21:19"
    ],
    "url": "https://www.kanachu.co.jp/dia/diagram/timetable01_js/course:0000802284-23/node:00102379/kt:0/lname:/"
}
