{
    "date": "2024/04/01",
    "name": "杉山神社前(横浜市保土ケ谷区)",
    "position": "-",
    "system": "",
    "destinations": [
        "上星川",
        "保土ヶ谷中学校前",
        "和田町交差点",
        "常盤園前",
        "横浜新道",
        "岡沢町",
        "岡沢下",
        "三ツ沢西町",
        "三ツ沢上町駅前",
        "三ツ沢小学校前",
        "三ツ沢中町",
        "三ツ沢下町駅前",
        "島田橋(横浜市神奈川区)",
        "ガーデン下",
        "松本(横浜市神奈川区)",
        "泉町中央(横浜市神奈川区)",
        "泉町(横浜市神奈川区)",
        "市民防災センター前(横浜市神奈川区)",
        "鶴屋町三丁目",
        "横浜駅西口"
    ],
    "weekday": [
        "6:36",
        "7:15",
        "8:13",
        "9:29",
        "10:52",
        "12:12",
        "13:40",
        "14:52",
        "16:02",
        "17:06",
        "17:41",
        "18:17",
        "18:48",
        "19:20",
        "19:55",
        "21:20"
    ],
    "saturday": [
        "6:35",
        "7:16",
        "8:06",
        "9:31",
        "10:45",
        "11:50",
        "12:50",
        "13:50",
        "14:50",
        "15:51",
        "16:53",
        "17:58",
        "18:57",
        "21:20"
    ],
    "holiday": [
        "6:35",
        "7:16",
        "8:06",
        "9:25",
        "10:42",
        "11:50",
        "12:50",
        "13:50",
        "14:50",
        "15:50",
        "16:52",
        "17:57",
        "18:57",
        "21:20"
    ],
    "url": "https://www.kanachu.co.jp/dia/diagram/timetable01_js/course:0000802284-24/node:00102655/kt:0/lname:/"
}
