{
    "date": "2024/04/01",
    "name": "保土ヶ谷中学校前",
    "position": "-",
    "system": "01",
    "destinations": [
        "和田町交差点",
        "常盤園前",
        "横浜新道",
        "岡沢町",
        "岡沢下",
        "三ツ沢西町",
        "三ツ沢上町駅前",
        "三ツ沢小学校前",
        "三ツ沢中町",
        "三ツ沢下町駅前",
        "島田橋(横浜市神奈川区)",
        "ガーデン下",
        "松本(横浜市神奈川区)",
        "泉町中央(横浜市神奈川区)",
        "泉町(横浜市神奈川区)",
        "市民防災センター前(横浜市神奈川区)",
        "鶴屋町三丁目",
        "横浜駅西口"
    ],
    "weekday": [
        "6:39",
        "7:18",
        "8:16",
        "9:32",
        "10:55",
        "12:15",
        "13:43",
        "14:55",
        "16:05",
        "17:09",
        "17:44",
        "18:20",
        "18:51",
        "19:23",
        "19:58",
        "21:23"
    ],
    "saturday": [
        "6:38",
        "7:19",
        "8:09",
        "9:34",
        "10:48",
        "11:53",
        "12:53",
        "13:53",
        "14:53",
        "15:54",
        "16:56",
        "18:01",
        "19:00",
        "21:23"
    ],
    "holiday": [
        "6:38",
        "7:19",
        "8:09",
        "9:28",
        "10:45",
        "11:53",
        "12:53",
        "13:53",
        "14:53",
        "15:53",
        "16:55",
        "18:00",
        "19:00",
        "21:23"
    ],
    "url": "https://www.kanachu.co.jp/dia/diagram/timetable01_js/course:0000802284-26/node:00103040/kt:0/lname:/"
}
