{
    "date": "2024/04/01",
    "name": "和田町交差点",
    "position": "-",
    "system": "01",
    "destinations": [
        "常盤園前",
        "横浜新道",
        "岡沢町",
        "岡沢下",
        "三ツ沢西町",
        "三ツ沢上町駅前",
        "三ツ沢小学校前",
        "三ツ沢中町",
        "三ツ沢下町駅前",
        "島田橋(横浜市神奈川区)",
        "ガーデン下",
        "松本(横浜市神奈川区)",
        "泉町中央(横浜市神奈川区)",
        "泉町(横浜市神奈川区)",
        "市民防災センター前(横浜市神奈川区)",
        "鶴屋町三丁目",
        "横浜駅西口"
    ],
    "weekday": [
        "6:40",
        "7:19",
        "8:17",
        "9:33",
        "10:56",
        "12:16",
        "13:44",
        "14:56",
        "16:06",
        "17:10",
        "17:45",
        "18:21",
        "18:52",
        "19:24",
        "19:59",
        "21:24"
    ],
    "saturday": [
        "6:39",
        "7:20",
        "8:10",
        "9:35",
        "10:49",
        "11:54",
        "12:54",
        "13:54",
        "14:54",
        "15:55",
        "16:57",
        "18:02",
        "19:01",
        "21:24"
    ],
    "holiday": [
        "6:39",
        "7:20",
        "8:10",
        "9:29",
        "10:46",
        "11:54",
        "12:54",
        "13:54",
        "14:54",
        "15:54",
        "16:56",
        "18:01",
        "19:01",
        "21:24"
    ],
    "url": "https://www.kanachu.co.jp/dia/diagram/timetable01_js/course:0000802284-27/node:00103261/kt:0/lname:/"
}
