{
    "date": "2024/04/01",
    "name": "常盤園前",
    "position": "-",
    "system": "01",
    "destinations": [
        "横浜新道",
        "岡沢町",
        "岡沢下",
        "三ツ沢西町",
        "三ツ沢上町駅前",
        "三ツ沢小学校前",
        "三ツ沢中町",
        "三ツ沢下町駅前",
        "島田橋(横浜市神奈川区)",
        "ガーデン下",
        "松本(横浜市神奈川区)",
        "泉町中央(横浜市神奈川区)",
        "泉町(横浜市神奈川区)",
        "市民防災センター前(横浜市神奈川区)",
        "鶴屋町三丁目",
        "横浜駅西口"
    ],
    "weekday": [
        "6:41",
        "7:20",
        "8:18",
        "9:34",
        "10:57",
        "12:17",
        "13:45",
        "14:57",
        "16:07",
        "17:11",
        "17:46",
        "18:22",
        "18:53",
        "19:25",
        "20:00",
        "21:25"
    ],
    "saturday": [
        "6:40",
        "7:21",
        "8:11",
        "9:36",
        "10:50",
        "11:55",
        "12:55",
        "13:55",
        "14:55",
        "15:56",
        "16:58",
        "18:03",
        "19:02",
        "21:25"
    ],
    "holiday": [
        "6:40",
        "7:21",
        "8:11",
        "9:30",
        "10:47",
        "11:55",
        "12:55",
        "13:55",
        "14:55",
        "15:55",
        "16:57",
        "18:02",
        "19:02",
        "21:25"
    ],
    "url": "https://www.kanachu.co.jp/dia/diagram/timetable01_js/course:0000802284-28/node:00102798/kt:0/lname:/"
}
