{
    "date": "2024/04/01",
    "name": "横浜新道",
    "position": "-",
    "system": "01",
    "destinations": [
        "岡沢町",
        "岡沢下",
        "三ツ沢西町",
        "三ツ沢上町駅前",
        "三ツ沢小学校前",
        "三ツ沢中町",
        "三ツ沢下町駅前",
        "島田橋(横浜市神奈川区)",
        "ガーデン下",
        "松本(横浜市神奈川区)",
        "泉町中央(横浜市神奈川区)",
        "泉町(横浜市神奈川区)",
        "市民防災センター前(横浜市神奈川区)",
        "鶴屋町三丁目",
        "横浜駅西口"
    ],
    "weekday": [
        "6:42",
        "7:21",
        "8:19",
        "9:35",
        "10:58",
        "12:18",
        "13:46",
        "14:58",
        "16:08",
        "17:12",
        "17:47",
        "18:23",
        "18:54",
        "19:26",
        "20:01",
        "21:26"
    ],
    "saturday": [
        "6:41",
        "7:22",
        "8:12",
        "9:37",
        "10:51",
        "11:56",
        "12:56",
        "13:56",
        "14:56",
        "15:57",
        "16:59",
        "18:04",
        "19:03",
        "21:26"
    ],
    "holiday": [
        "6:41",
        "7:22",
        "8:12",
        "9:31",
        "10:48",
        "11:57",
        "12:57",
        "13:57",
        "14:57",
        "15:57",
        "16:59",
        "18:04",
        "19:03",
        "21:26"
    ],
    "url": "https://www.kanachu.co.jp/dia/diagram/timetable01_js/course:0000802284-29/node:00103228/kt:0/lname:/"
}
