{
    "date": "2024/04/01",
    "name": "岡沢町",
    "position": "-",
    "system": "",
    "destinations": [
        "岡沢下",
        "三ツ沢西町",
        "三ツ沢上町駅前",
        "三ツ沢小学校前",
        "三ツ沢中町",
        "三ツ沢下町駅前",
        "島田橋(横浜市神奈川区)",
        "ガーデン下",
        "松本(横浜市神奈川区)",
        "泉町中央(横浜市神奈川区)",
        "泉町(横浜市神奈川区)",
        "市民防災センター前(横浜市神奈川区)",
        "鶴屋町三丁目",
        "横浜駅西口"
    ],
    "weekday": [
        "6:43",
        "7:23",
        "8:21",
        "9:37",
        "11:00",
        "12:20",
        "13:48",
        "15:00",
        "16:10",
        "17:14",
        "17:49",
        "18:25",
        "18:56",
        "19:28",
        "20:02",
        "21:27"
    ],
    "saturday": [
        "6:42",
        "7:23",
        "8:13",
        "9:39",
        "10:53",
        "11:58",
        "12:58",
        "13:58",
        "14:58",
        "15:59",
        "17:01",
        "18:06",
        "19:04",
        "21:27"
    ],
    "holiday": [
        "6:42",
        "7:23",
        "8:13",
        "9:32",
        "10:49",
        "11:58",
        "12:58",
        "13:58",
        "14:58",
        "15:58",
        "17:00",
        "18:05",
        "19:04",
        "21:27"
    ],
    "url": "https://www.kanachu.co.jp/dia/diagram/timetable01_js/course:0000802284-30/node:00102318/kt:0/lname:/"
}
