{
    "date": "2024/04/01",
    "name": "三ツ沢西町",
    "position": "-",
    "system": "",
    "destinations": [
        "三ツ沢上町駅前",
        "三ツ沢小学校前",
        "三ツ沢中町",
        "三ツ沢下町駅前",
        "島田橋(横浜市神奈川区)",
        "ガーデン下",
        "松本(横浜市神奈川区)",
        "泉町中央(横浜市神奈川区)",
        "泉町(横浜市神奈川区)",
        "市民防災センター前(横浜市神奈川区)",
        "鶴屋町三丁目",
        "横浜駅西口"
    ],
    "weekday": [
        "6:45",
        "7:27",
        "8:25",
        "9:40",
        "11:03",
        "12:23",
        "13:51",
        "15:03",
        "16:13",
        "17:18",
        "17:53",
        "18:29",
        "18:59",
        "19:31",
        "20:04",
        "21:29"
    ],
    "saturday": [
        "6:44",
        "7:25",
        "8:15",
        "9:42",
        "10:56",
        "12:01",
        "13:01",
        "14:01",
        "15:01",
        "16:03",
        "17:05",
        "18:10",
        "19:06",
        "21:29"
    ],
    "holiday": [
        "6:44",
        "7:25",
        "8:15",
        "9:34",
        "10:51",
        "12:01",
        "13:01",
        "14:01",
        "15:01",
        "16:01",
        "17:03",
        "18:08",
        "19:06",
        "21:29"
    ],
    "url": "https://www.kanachu.co.jp/dia/diagram/timetable01_js/course:0000802284-32/node:00103113/kt:0/lname:/"
}
