{
    "date": "2024/04/01",
    "name": "三ツ沢小学校前",
    "position": "-",
    "system": "01",
    "destinations": [
        "三ツ沢中町",
        "三ツ沢下町駅前",
        "島田橋(横浜市神奈川区)",
        "ガーデン下",
        "松本(横浜市神奈川区)",
        "泉町中央(横浜市神奈川区)",
        "泉町(横浜市神奈川区)",
        "市民防災センター前(横浜市神奈川区)",
        "鶴屋町三丁目",
        "横浜駅西口"
    ],
    "weekday": [
        "6:47",
        "7:29",
        "8:27",
        "9:42",
        "11:05",
        "12:25",
        "13:53",
        "15:05",
        "16:15",
        "17:20",
        "17:55",
        "18:31",
        "19:01",
        "19:33",
        "20:06",
        "21:31"
    ],
    "saturday": [
        "6:46",
        "7:27",
        "8:17",
        "9:44",
        "10:58",
        "12:03",
        "13:03",
        "14:03",
        "15:03",
        "16:05",
        "17:07",
        "18:12",
        "19:08",
        "21:31"
    ],
    "holiday": [
        "6:46",
        "7:27",
        "8:17",
        "9:36",
        "10:53",
        "12:03",
        "13:03",
        "14:03",
        "15:03",
        "16:03",
        "17:05",
        "18:10",
        "19:08",
        "21:31"
    ],
    "url": "https://www.kanachu.co.jp/dia/diagram/timetable01_js/course:0000802284-34/node:00103119/kt:0/lname:/"
}
