{
    "date": "2024/04/01",
    "name": "三ツ沢中町",
    "position": "-",
    "system": "",
    "destinations": [
        "三ツ沢下町駅前",
        "島田橋(横浜市神奈川区)",
        "ガーデン下",
        "松本(横浜市神奈川区)",
        "泉町中央(横浜市神奈川区)",
        "泉町(横浜市神奈川区)",
        "市民防災センター前(横浜市神奈川区)",
        "鶴屋町三丁目",
        "横浜駅西口"
    ],
    "weekday": [
        "6:48",
        "7:30",
        "8:28",
        "9:43",
        "11:06",
        "12:26",
        "13:54",
        "15:06",
        "16:16",
        "17:21",
        "17:56",
        "18:32",
        "19:02",
        "19:34",
        "20:07",
        "21:32"
    ],
    "saturday": [
        "6:47",
        "7:28",
        "8:18",
        "9:45",
        "10:59",
        "12:04",
        "13:04",
        "14:04",
        "15:04",
        "16:06",
        "17:08",
        "18:13",
        "19:09",
        "21:32"
    ],
    "holiday": [
        "6:47",
        "7:28",
        "8:18",
        "9:37",
        "10:54",
        "12:04",
        "13:04",
        "14:04",
        "15:04",
        "16:04",
        "17:06",
        "18:11",
        "19:09",
        "21:32"
    ],
    "url": "https://www.kanachu.co.jp/dia/diagram/timetable01_js/course:0000802284-35/node:00103114/kt:0/lname:/"
}
