{
    "date": "2024/04/01",
    "name": "島田橋(横浜市神奈川区)",
    "position": "-",
    "system": "01",
    "destinations": [
        "ガーデン下",
        "松本(横浜市神奈川区)",
        "泉町中央(横浜市神奈川区)",
        "泉町(横浜市神奈川区)",
        "市民防災センター前(横浜市神奈川区)",
        "鶴屋町三丁目",
        "横浜駅西口"
    ],
    "weekday": [
        "6:50",
        "7:32",
        "8:30",
        "9:45",
        "11:08",
        "12:28",
        "13:56",
        "15:08",
        "16:18",
        "17:23",
        "17:58",
        "18:34",
        "19:04",
        "19:36",
        "20:09",
        "21:34"
    ],
    "saturday": [
        "6:49",
        "7:30",
        "8:20",
        "9:47",
        "11:01",
        "12:06",
        "13:06",
        "14:06",
        "15:06",
        "16:08",
        "17:10",
        "18:15",
        "19:11",
        "21:34"
    ],
    "holiday": [
        "6:49",
        "7:30",
        "8:20",
        "9:39",
        "10:56",
        "12:06",
        "13:06",
        "14:06",
        "15:06",
        "16:06",
        "17:08",
        "18:13",
        "19:11",
        "21:34"
    ],
    "url": "https://www.kanachu.co.jp/dia/diagram/timetable01_js/course:0000802284-37/node:00102590/kt:0/lname:/"
}
