{
    "date": "2024/04/01",
    "name": "松本(横浜市神奈川区)",
    "position": "-",
    "system": "",
    "destinations": [
        "泉町中央(横浜市神奈川区)",
        "泉町(横浜市神奈川区)",
        "市民防災センター前(横浜市神奈川区)",
        "鶴屋町三丁目",
        "横浜駅西口"
    ],
    "weekday": [
        "6:52",
        "7:34",
        "8:32",
        "9:47",
        "11:10",
        "12:30",
        "13:58",
        "15:10",
        "16:20",
        "17:25",
        "18:00",
        "18:36",
        "19:06",
        "19:38",
        "20:11",
        "21:36"
    ],
    "saturday": [
        "6:51",
        "7:32",
        "8:22",
        "9:49",
        "11:03",
        "12:08",
        "13:08",
        "14:08",
        "15:08",
        "16:10",
        "17:12",
        "18:17",
        "19:13",
        "21:36"
    ],
    "holiday": [
        "6:51",
        "7:32",
        "8:22",
        "9:41",
        "10:58",
        "12:08",
        "13:08",
        "14:08",
        "15:08",
        "16:08",
        "17:10",
        "18:15",
        "19:13",
        "21:36"
    ],
    "url": "https://www.kanachu.co.jp/dia/diagram/timetable01_js/course:0000802284-39/node:00103097/kt:0/lname:/"
}
