{
    "date": "2024/04/01",
    "name": "泉町中央(横浜市神奈川区)",
    "position": "-",
    "system": "01",
    "destinations": [
        "泉町(横浜市神奈川区)",
        "市民防災センター前(横浜市神奈川区)",
        "鶴屋町三丁目",
        "横浜駅西口"
    ],
    "weekday": [
        "6:53",
        "7:35",
        "8:33",
        "9:48",
        "11:11",
        "12:31",
        "13:59",
        "15:11",
        "16:21",
        "17:26",
        "18:01",
        "18:37",
        "19:07",
        "19:39",
        "20:12",
        "21:37"
    ],
    "saturday": [
        "6:52",
        "7:33",
        "8:23",
        "9:51",
        "11:05",
        "12:10",
        "13:10",
        "14:10",
        "15:10",
        "16:12",
        "17:14",
        "18:19",
        "19:14",
        "21:37"
    ],
    "holiday": [
        "6:52",
        "7:33",
        "8:23",
        "9:42",
        "10:59",
        "12:10",
        "13:10",
        "14:10",
        "15:10",
        "16:10",
        "17:12",
        "18:17",
        "19:14",
        "21:37"
    ],
    "url": "https://www.kanachu.co.jp/dia/diagram/timetable01_js/course:0000802284-40/node:00102239/kt:0/lname:/"
}
