{
    "date": "2024/04/01",
    "name": "市民防災センター前(横浜市神奈川区)",
    "position": "-",
    "system": "",
    "destinations": [
        "鶴屋町三丁目",
        "横浜駅西口"
    ],
    "weekday": [
        "6:55",
        "7:37",
        "8:35",
        "9:50",
        "11:13",
        "12:33",
        "14:01",
        "15:13",
        "16:23",
        "17:28",
        "18:03",
        "18:39",
        "19:09",
        "19:41",
        "20:14",
        "21:39"
    ],
    "saturday": [
        "6:54",
        "7:35",
        "8:25",
        "9:53",
        "11:07",
        "12:12",
        "13:12",
        "14:12",
        "15:12",
        "16:14",
        "17:16",
        "18:21",
        "19:16",
        "21:39"
    ],
    "holiday": [
        "6:54",
        "7:35",
        "8:25",
        "9:44",
        "11:01",
        "12:12",
        "13:12",
        "14:12",
        "15:12",
        "16:12",
        "17:14",
        "18:19",
        "19:16",
        "21:39"
    ],
    "url": "https://www.kanachu.co.jp/dia/diagram/timetable01_js/course:0000802284-42/node:00102626/kt:0/lname:/"
}
