{
    "date": "2024/04/01",
    "name": "鶴屋町三丁目",
    "position": "-",
    "system": "01",
    "destinations": [
        "横浜駅西口"
    ],
    "weekday": [
        "6:56",
        "7:38",
        "8:36",
        "9:51",
        "11:14",
        "12:34",
        "14:02",
        "15:14",
        "16:24",
        "17:29",
        "18:04",
        "18:40",
        "19:10",
        "19:42",
        "20:15",
        "21:40"
    ],
    "saturday": [
        "6:55",
        "7:36",
        "8:26",
        "9:54",
        "11:08",
        "12:13",
        "13:13",
        "14:13",
        "15:13",
        "16:15",
        "17:17",
        "18:22",
        "19:17",
        "21:40"
    ],
    "holiday": [
        "6:55",
        "7:36",
        "8:26",
        "9:45",
        "11:02",
        "12:13",
        "13:13",
        "14:13",
        "15:13",
        "16:13",
        "17:15",
        "18:20",
        "19:17",
        "21:40"
    ],
    "url": "https://www.kanachu.co.jp/dia/diagram/timetable01_js/course:0000802284-43/node:00019685/kt:0/lname:/"
}
