{
    "date": "2025/04/01",
    "name": "須賀港",
    "position": "-",
    "system": "平12",
    "destinations": [
        "南町(平塚市)",
        "札の辻(平塚市)",
        "須賀四ツ角",
        "新地(平塚市)",
        "長姫町",
        "明神前(平塚市)",
        "打越(平塚市)",
        "平塚駅南口"
    ],
    "weekday": [
        "6:05",
        "6:20",
        "6:35",
        "6:50",
        "7:05",
        "7:20",
        "7:35",
        "7:50",
        "8:05",
        "8:20",
        "8:35",
        "8:50",
        "9:05",
        "9:25",
        "9:45",
        "10:05",
        "10:25",
        "10:45",
        "11:05",
        "11:25",
        "11:45",
        "12:05",
        "12:25",
        "12:45",
        "13:05",
        "13:25",
        "13:45",
        "14:05",
        "14:25",
        "14:45",
        "15:05",
        "15:25",
        "15:45",
        "16:05",
        "16:25",
        "17:05",
        "17:49",
        "18:05",
        "18:25",
        "19:05",
        "19:26",
        "20:06",
        "20:26",
        "20:47",
        "21:06",
        "21:26",
        "21:50",
        "22:15"
    ],
    "saturday": [
        "6:25",
        "6:45",
        "7:05",
        "7:25",
        "7:45",
        "8:05",
        "8:25",
        "8:45",
        "9:05",
        "9:25",
        "9:45",
        "10:05",
        "10:25",
        "10:45",
        "11:05",
        "11:25",
        "11:45",
        "12:05",
        "12:26",
        "12:46",
        "13:06",
        "13:26",
        "13:46",
        "14:06",
        "14:26",
        "14:46",
        "15:06",
        "15:26",
        "15:46",
        "16:06",
        "16:26",
        "17:05",
        "17:25",
        "18:05",
        "18:25",
        "19:05",
        "19:49",
        "20:06",
        "20:50",
        "21:23",
        "21:46",
        "22:15"
    ],
    "holiday": [
        "6:25",
        "6:45",
        "7:05",
        "7:25",
        "7:45",
        "8:05",
        "8:25",
        "8:45",
        "9:05",
        "9:25",
        "9:45",
        "10:05",
        "10:25",
        "10:45",
        "11:05",
        "11:25",
        "11:45",
        "12:05",
        "12:26",
        "12:46",
        "13:06",
        "13:26",
        "13:46",
        "14:06",
        "14:26",
        "14:46",
        "15:06",
        "15:26",
        "15:46",
        "16:06",
        "16:26",
        "17:05",
        "17:25",
        "18:05",
        "18:25",
        "19:05",
        "19:49",
        "20:06",
        "20:50",
        "21:23",
        "21:46",
        "22:15"
    ],
    "url": "https://www.kanachu.co.jp/dia/diagram/timetable01_js/course:0000803746-1/node:00127435/kt:0/lname:/"
}
