{
    "date": "2025/04/01",
    "name": "札の辻(平塚市)",
    "position": "-",
    "system": "平12",
    "destinations": [
        "須賀四ツ角",
        "新地(平塚市)",
        "長姫町",
        "明神前(平塚市)",
        "打越(平塚市)",
        "平塚駅南口"
    ],
    "weekday": [
        "6:06",
        "6:21",
        "6:36",
        "6:51",
        "7:06",
        "7:21",
        "7:36",
        "7:51",
        "8:06",
        "8:21",
        "8:36",
        "8:51",
        "9:06",
        "9:26",
        "9:46",
        "10:06",
        "10:26",
        "10:46",
        "11:06",
        "11:26",
        "11:46",
        "12:06",
        "12:26",
        "12:46",
        "13:06",
        "13:26",
        "13:46",
        "14:06",
        "14:26",
        "14:46",
        "15:06",
        "15:26",
        "15:46",
        "16:06",
        "16:26",
        "17:06",
        "17:50",
        "18:06",
        "18:26",
        "19:06",
        "19:27",
        "20:07",
        "20:27",
        "20:48",
        "21:07",
        "21:27",
        "21:51",
        "22:16"
    ],
    "saturday": [
        "6:26",
        "6:46",
        "7:06",
        "7:26",
        "7:46",
        "8:06",
        "8:26",
        "8:46",
        "9:06",
        "9:26",
        "9:46",
        "10:06",
        "10:26",
        "10:46",
        "11:06",
        "11:26",
        "11:46",
        "12:06",
        "12:27",
        "12:47",
        "13:07",
        "13:27",
        "13:47",
        "14:07",
        "14:27",
        "14:47",
        "15:07",
        "15:27",
        "15:47",
        "16:07",
        "16:27",
        "17:06",
        "17:26",
        "18:06",
        "18:26",
        "19:06",
        "19:50",
        "20:07",
        "20:51",
        "21:24",
        "21:47",
        "22:16"
    ],
    "holiday": [
        "6:26",
        "6:46",
        "7:06",
        "7:26",
        "7:46",
        "8:06",
        "8:26",
        "8:46",
        "9:06",
        "9:26",
        "9:46",
        "10:06",
        "10:26",
        "10:46",
        "11:06",
        "11:26",
        "11:46",
        "12:06",
        "12:27",
        "12:47",
        "13:07",
        "13:27",
        "13:47",
        "14:07",
        "14:27",
        "14:47",
        "15:07",
        "15:27",
        "15:47",
        "16:07",
        "16:27",
        "17:06",
        "17:26",
        "18:06",
        "18:26",
        "19:06",
        "19:50",
        "20:07",
        "20:51",
        "21:24",
        "21:47",
        "22:16"
    ],
    "url": "https://www.kanachu.co.jp/dia/diagram/timetable01_js/course:0000803746-3/node:00127433/kt:0/lname:/"
}
