{
    "date": "2024/08/26",
    "name": "港南台駅",
    "position": "-",
    "system": "港36",
    "destinations": [
        "横浜女子短期大学前",
        "港南台西公園",
        "元大橋公園前",
        "若竹町(横浜市栄区)",
        "元大橋",
        "中野町",
        "稲荷森",
        "山手学院入口",
        "本郷車庫前(横浜市栄区)",
        "紅葉橋(横浜市栄区)",
        "光明寺(横浜市栄区)",
        "中島(横浜市栄区)",
        "西ヶ谷入口",
        "西ヶ谷",
        "上郷ネオポリス"
    ],
    "weekday": [
        "7:56",
        "8:21",
        "9:20",
        "9:33",
        "10:03",
        "10:33",
        "11:02",
        "12:00",
        "12:53",
        "13:20",
        "13:52",
        "14:20",
        "15:20",
        "15:52",
        "16:25",
        "16:53",
        "17:15",
        "17:34",
        "17:54",
        "18:14",
        "18:34",
        "18:54",
        "19:14",
        "19:34",
        "19:54",
        "20:14"
    ],
    "saturday": [
        "6:40",
        "7:43",
        "8:10",
        "8:42",
        "9:40",
        "10:10",
        "10:48",
        "12:03",
        "12:50",
        "13:28",
        "14:10",
        "15:28",
        "16:10",
        "16:50",
        "17:28",
        "18:10",
        "18:50",
        "19:30"
    ],
    "holiday": [
        "6:40",
        "7:43",
        "8:10",
        "8:42",
        "9:40",
        "10:10",
        "10:48",
        "12:03",
        "12:50",
        "13:28",
        "14:10",
        "15:28",
        "16:10",
        "16:50",
        "17:28",
        "18:10",
        "18:50",
        "19:30"
    ],
    "url": "https://www.kanachu.co.jp/dia/diagram/timetable01_js/course:0000800461-1/node:00025554/kt:0/lname:/"
}
