{
    "date": "2024/08/26",
    "name": "元大橋公園前",
    "position": "-",
    "system": "港36",
    "destinations": [
        "若竹町(横浜市栄区)",
        "元大橋",
        "中野町",
        "稲荷森",
        "山手学院入口",
        "本郷車庫前(横浜市栄区)",
        "紅葉橋(横浜市栄区)",
        "光明寺(横浜市栄区)",
        "中島(横浜市栄区)",
        "西ヶ谷入口",
        "西ヶ谷",
        "上郷ネオポリス"
    ],
    "weekday": [
        "8:00",
        "8:25",
        "9:24",
        "9:37",
        "10:07",
        "10:37",
        "11:06",
        "12:04",
        "12:57",
        "13:24",
        "13:56",
        "14:24",
        "15:24",
        "15:56",
        "16:29",
        "16:57",
        "17:19",
        "17:38",
        "17:58",
        "18:18",
        "18:38",
        "18:58",
        "19:18",
        "19:38",
        "19:58",
        "20:18"
    ],
    "saturday": [
        "6:44",
        "7:47",
        "8:14",
        "8:46",
        "9:44",
        "10:14",
        "10:52",
        "12:07",
        "12:54",
        "13:32",
        "14:14",
        "15:32",
        "16:14",
        "16:54",
        "17:32",
        "18:14",
        "18:54",
        "19:34"
    ],
    "holiday": [
        "6:44",
        "7:47",
        "8:14",
        "8:46",
        "9:44",
        "10:14",
        "10:52",
        "12:07",
        "12:54",
        "13:32",
        "14:14",
        "15:32",
        "16:14",
        "16:54",
        "17:32",
        "18:14",
        "18:54",
        "19:34"
    ],
    "url": "https://www.kanachu.co.jp/dia/diagram/timetable01_js/course:0000800461-4/node:00126548/kt:0/lname:/"
}
