{
    "date": "2024/08/26",
    "name": "元大橋",
    "position": "-",
    "system": "港36",
    "destinations": [
        "中野町",
        "稲荷森",
        "山手学院入口",
        "本郷車庫前(横浜市栄区)",
        "紅葉橋(横浜市栄区)",
        "光明寺(横浜市栄区)",
        "中島(横浜市栄区)",
        "西ヶ谷入口",
        "西ヶ谷",
        "上郷ネオポリス"
    ],
    "weekday": [
        "8:02",
        "8:27",
        "9:26",
        "9:39",
        "10:09",
        "10:39",
        "11:08",
        "12:06",
        "12:59",
        "13:26",
        "13:58",
        "14:26",
        "15:26",
        "15:58",
        "16:31",
        "16:59",
        "17:21",
        "17:40",
        "18:00",
        "18:20",
        "18:40",
        "19:00",
        "19:20",
        "19:40",
        "20:00",
        "20:20"
    ],
    "saturday": [
        "6:46",
        "7:49",
        "8:16",
        "8:48",
        "9:46",
        "10:16",
        "10:54",
        "12:09",
        "12:56",
        "13:34",
        "14:16",
        "15:34",
        "16:16",
        "16:56",
        "17:34",
        "18:16",
        "18:56",
        "19:36"
    ],
    "holiday": [
        "6:46",
        "7:49",
        "8:16",
        "8:48",
        "9:46",
        "10:16",
        "10:54",
        "12:09",
        "12:56",
        "13:34",
        "14:16",
        "15:34",
        "16:16",
        "16:56",
        "17:34",
        "18:16",
        "18:56",
        "19:36"
    ],
    "url": "https://www.kanachu.co.jp/dia/diagram/timetable01_js/course:0000800461-6/node:00126546/kt:0/lname:/"
}
