{
    "date": "2024/08/26",
    "name": "紅葉橋(横浜市栄区)",
    "position": "-",
    "system": "港36",
    "destinations": [
        "光明寺(横浜市栄区)",
        "中島(横浜市栄区)",
        "西ヶ谷入口",
        "西ヶ谷",
        "上郷ネオポリス"
    ],
    "weekday": [
        "8:08",
        "8:33",
        "9:32",
        "9:45",
        "10:15",
        "10:45",
        "11:14",
        "12:12",
        "13:05",
        "13:32",
        "14:04",
        "14:32",
        "15:32",
        "16:04",
        "16:37",
        "17:05",
        "17:27",
        "17:46",
        "18:06",
        "18:26",
        "18:46",
        "19:06",
        "19:26",
        "19:46",
        "20:05",
        "20:25"
    ],
    "saturday": [
        "6:51",
        "7:54",
        "8:21",
        "8:53",
        "9:51",
        "10:22",
        "11:00",
        "12:15",
        "13:02",
        "13:41",
        "14:23",
        "15:42",
        "16:24",
        "17:04",
        "17:42",
        "18:24",
        "19:04",
        "19:42"
    ],
    "holiday": [
        "6:51",
        "7:54",
        "8:21",
        "8:53",
        "9:51",
        "10:22",
        "11:00",
        "12:15",
        "13:02",
        "13:41",
        "14:23",
        "15:42",
        "16:24",
        "17:04",
        "17:42",
        "18:24",
        "19:04",
        "19:42"
    ],
    "url": "https://www.kanachu.co.jp/dia/diagram/timetable01_js/course:0000800461-11/node:00126514/kt:0/lname:/"
}
