{
    "date": "2024/08/26",
    "name": "光明寺(横浜市栄区)",
    "position": "-",
    "system": "港36",
    "destinations": [
        "中島(横浜市栄区)",
        "西ヶ谷入口",
        "西ヶ谷",
        "上郷ネオポリス"
    ],
    "weekday": [
        "8:09",
        "8:34",
        "9:33",
        "9:46",
        "10:16",
        "10:46",
        "11:15",
        "12:13",
        "13:06",
        "13:33",
        "14:05",
        "14:33",
        "15:33",
        "16:05",
        "16:38",
        "17:06",
        "17:28",
        "17:47",
        "18:07",
        "18:27",
        "18:47",
        "19:07",
        "19:27",
        "19:47",
        "20:06",
        "20:26"
    ],
    "saturday": [
        "6:52",
        "7:55",
        "8:22",
        "8:54",
        "9:52",
        "10:23",
        "11:01",
        "12:16",
        "13:03",
        "13:42",
        "14:24",
        "15:43",
        "16:25",
        "17:05",
        "17:43",
        "18:25",
        "19:05",
        "19:43"
    ],
    "holiday": [
        "6:52",
        "7:55",
        "8:22",
        "8:54",
        "9:52",
        "10:23",
        "11:01",
        "12:16",
        "13:03",
        "13:42",
        "14:24",
        "15:43",
        "16:25",
        "17:05",
        "17:43",
        "18:25",
        "19:05",
        "19:43"
    ],
    "url": "https://www.kanachu.co.jp/dia/diagram/timetable01_js/course:0000800461-12/node:00126515/kt:0/lname:/"
}
