{
    "date": "2025/04/19",
    "name": "古淵駅入口",
    "position": "-",
    "system": "古09",
    "destinations": [
        "東大沼",
        "長久保(相模原市南区)",
        "大沼神社前",
        "大沼中央",
        "大沼",
        "西通り",
        "西大沼",
        "双葉小学校前(相模原市南区)",
        "双葉一丁目",
        "双葉入口",
        "第一住宅(相模原市南区)",
        "国立相模原病院",
        "相模台まちづくりセンター前",
        "ハウス南門前",
        "鶴ヶ丘団地前",
        "二宮神社前(相模原市南区)",
        "小田急相模原駅"
    ],
    "weekday": [
        "6:58",
        "7:23",
        "8:13",
        "9:08",
        "10:18",
        "11:28",
        "12:38",
        "13:53",
        "15:08",
        "16:18",
        "17:18",
        "18:38",
        "19:18",
        "20:28"
    ],
    "saturday": [
        "8:08",
        "9:13",
        "10:23",
        "11:38",
        "12:53",
        "14:08",
        "15:08",
        "16:23",
        "17:18",
        "18:33",
        "19:48"
    ],
    "holiday": [
        "8:08",
        "9:13",
        "10:23",
        "11:38",
        "12:53",
        "14:08",
        "15:08",
        "16:23",
        "17:18",
        "18:33",
        "19:48"
    ],
    "url": "https://www.kanachu.co.jp/dia/diagram/timetable01_js/course:0000802670-2/node:00129314/kt:0/lname:/"
}
