{
    "date": "2025/04/19",
    "name": "西大沼",
    "position": "-",
    "system": "古09",
    "destinations": [
        "双葉小学校前(相模原市南区)",
        "双葉一丁目",
        "双葉入口",
        "第一住宅(相模原市南区)",
        "国立相模原病院",
        "相模台まちづくりセンター前",
        "ハウス南門前",
        "鶴ヶ丘団地前",
        "二宮神社前(相模原市南区)",
        "小田急相模原駅"
    ],
    "weekday": [
        "7:06",
        "7:31",
        "8:21",
        "9:16",
        "10:26",
        "11:36",
        "12:46",
        "14:01",
        "15:16",
        "16:26",
        "17:26",
        "18:46",
        "19:26",
        "20:36"
    ],
    "saturday": [
        "8:16",
        "9:21",
        "10:31",
        "11:46",
        "13:01",
        "14:16",
        "15:16",
        "16:31",
        "17:26",
        "18:41",
        "19:56"
    ],
    "holiday": [
        "8:16",
        "9:21",
        "10:31",
        "11:46",
        "13:01",
        "14:16",
        "15:16",
        "16:31",
        "17:26",
        "18:41",
        "19:56"
    ],
    "url": "https://www.kanachu.co.jp/dia/diagram/timetable01_js/course:0000802670-9/node:00129211/kt:0/lname:/"
}
