{
    "date": "2025/04/19",
    "name": "双葉一丁目",
    "position": "-",
    "system": "古09",
    "destinations": [
        "双葉入口",
        "第一住宅(相模原市南区)",
        "国立相模原病院",
        "相模台まちづくりセンター前",
        "ハウス南門前",
        "鶴ヶ丘団地前",
        "二宮神社前(相模原市南区)",
        "小田急相模原駅"
    ],
    "weekday": [
        "7:08",
        "7:33",
        "8:23",
        "9:18",
        "10:28",
        "11:38",
        "12:48",
        "14:03",
        "15:18",
        "16:28",
        "17:28",
        "18:48",
        "19:28",
        "20:38"
    ],
    "saturday": [
        "8:18",
        "9:23",
        "10:33",
        "11:48",
        "13:03",
        "14:18",
        "15:18",
        "16:33",
        "17:28",
        "18:43",
        "19:58"
    ],
    "holiday": [
        "8:18",
        "9:23",
        "10:33",
        "11:48",
        "13:03",
        "14:18",
        "15:18",
        "16:33",
        "17:28",
        "18:43",
        "19:58"
    ],
    "url": "https://www.kanachu.co.jp/dia/diagram/timetable01_js/course:0000802670-11/node:00129244/kt:0/lname:/"
}
