{
    "date": "2025/04/19",
    "name": "双葉入口",
    "position": "-",
    "system": "古09",
    "destinations": [
        "第一住宅(相模原市南区)",
        "国立相模原病院",
        "相模台まちづくりセンター前",
        "ハウス南門前",
        "鶴ヶ丘団地前",
        "二宮神社前(相模原市南区)",
        "小田急相模原駅"
    ],
    "weekday": [
        "7:09",
        "7:34",
        "8:24",
        "9:19",
        "10:29",
        "11:39",
        "12:49",
        "14:04",
        "15:19",
        "16:29",
        "17:29",
        "18:49",
        "19:29",
        "20:39"
    ],
    "saturday": [
        "8:19",
        "9:24",
        "10:34",
        "11:49",
        "13:04",
        "14:19",
        "15:19",
        "16:34",
        "17:29",
        "18:44",
        "19:59"
    ],
    "holiday": [
        "8:19",
        "9:24",
        "10:34",
        "11:49",
        "13:04",
        "14:19",
        "15:19",
        "16:34",
        "17:29",
        "18:44",
        "19:59"
    ],
    "url": "https://www.kanachu.co.jp/dia/diagram/timetable01_js/course:0000802670-12/node:00129242/kt:0/lname:/"
}
