{
    "date": "2025/04/19",
    "name": "国立相模原病院",
    "position": "-",
    "system": "古09",
    "destinations": [
        "相模台まちづくりセンター前",
        "ハウス南門前",
        "鶴ヶ丘団地前",
        "二宮神社前(相模原市南区)",
        "小田急相模原駅"
    ],
    "weekday": [
        "7:14",
        "7:39",
        "8:29",
        "9:24",
        "10:34",
        "11:44",
        "12:54",
        "14:09",
        "15:24",
        "16:34",
        "17:34",
        "18:54",
        "19:33",
        "20:43"
    ],
    "saturday": [
        "8:23",
        "9:28",
        "10:40",
        "11:55",
        "13:10",
        "14:25",
        "15:25",
        "16:40",
        "17:35",
        "18:48",
        "20:03"
    ],
    "holiday": [
        "8:23",
        "9:28",
        "10:40",
        "11:55",
        "13:10",
        "14:25",
        "15:25",
        "16:40",
        "17:35",
        "18:48",
        "20:03"
    ],
    "url": "https://www.kanachu.co.jp/dia/diagram/timetable01_js/course:0000802670-14/node:00129692/kt:0/lname:/"
}
