{
    "date": "2025/04/19",
    "name": "相模台まちづくりセンター前",
    "position": "-",
    "system": "古09",
    "destinations": [
        "ハウス南門前",
        "鶴ヶ丘団地前",
        "二宮神社前(相模原市南区)",
        "小田急相模原駅"
    ],
    "weekday": [
        "7:15",
        "7:40",
        "8:30",
        "9:25",
        "10:35",
        "11:45",
        "12:55",
        "14:10",
        "15:25",
        "16:35",
        "17:35",
        "18:55",
        "19:34",
        "20:44"
    ],
    "saturday": [
        "8:24",
        "9:29",
        "10:41",
        "11:56",
        "13:11",
        "14:26",
        "15:26",
        "16:41",
        "17:36",
        "18:49",
        "20:04"
    ],
    "holiday": [
        "8:24",
        "9:29",
        "10:41",
        "11:56",
        "13:11",
        "14:26",
        "15:26",
        "16:41",
        "17:36",
        "18:49",
        "20:04"
    ],
    "url": "https://www.kanachu.co.jp/dia/diagram/timetable01_js/course:0000802670-15/node:00129691/kt:0/lname:/"
}
