{
    "date": "2025/04/19",
    "name": "二宮神社前(相模原市南区)",
    "position": "-",
    "system": "古09",
    "destinations": [
        "小田急相模原駅"
    ],
    "weekday": [
        "7:19",
        "7:44",
        "8:34",
        "9:29",
        "10:39",
        "11:49",
        "12:59",
        "14:14",
        "15:29",
        "16:39",
        "17:39",
        "18:59",
        "19:37",
        "20:47"
    ],
    "saturday": [
        "8:27",
        "9:32",
        "10:45",
        "12:00",
        "13:15",
        "14:30",
        "15:30",
        "16:45",
        "17:40",
        "18:52",
        "20:07"
    ],
    "holiday": [
        "8:27",
        "9:32",
        "10:45",
        "12:00",
        "13:15",
        "14:30",
        "15:30",
        "16:45",
        "17:40",
        "18:52",
        "20:07"
    ],
    "url": "https://www.kanachu.co.jp/dia/diagram/timetable01_js/course:0000802670-18/node:00129689/kt:0/lname:/"
}
