{
    "date": "2025/03/15",
    "name": "茅ヶ崎駅南口",
    "position": "-",
    "system": "辻13",
    "destinations": [
        "幸町(茅ケ崎市)",
        "会館前(茅ケ崎市)",
        "東海岸二丁目",
        "駐在所前(茅ケ崎市)",
        "東海岸北五丁目",
        "松が丘二丁目(茅ケ崎市)",
        "平和町",
        "浜須賀入口",
        "平和学園前(茅ケ崎市)",
        "富士見町(茅ケ崎市)",
        "常盤町(茅ケ崎市)",
        "テラス",
        "兵金山",
        "浜竹",
        "辻堂駅西口",
        "辻堂駅南口"
    ],
    "weekday": [
        "5:50",
        "6:10",
        "6:35",
        "6:42",
        "7:05",
        "7:20",
        "7:35",
        "7:50",
        "8:05",
        "8:25",
        "9:10",
        "10:10",
        "11:10",
        "12:10",
        "13:10",
        "14:10",
        "15:10",
        "15:27",
        "15:40",
        "16:15",
        "16:37",
        "17:15",
        "17:37",
        "18:15",
        "18:37",
        "19:15",
        "19:37",
        "20:15",
        "20:45",
        "21:17",
        "21:37",
        "22:12",
        "22:49"
    ],
    "saturday": [
        "6:05",
        "7:05",
        "8:05",
        "9:05",
        "10:05",
        "11:05",
        "12:05",
        "13:05",
        "14:05",
        "15:05",
        "16:05",
        "17:05",
        "18:05",
        "19:05",
        "20:05",
        "21:05",
        "22:06"
    ],
    "holiday": [
        "6:05",
        "7:05",
        "8:05",
        "9:05",
        "10:05",
        "11:05",
        "12:05",
        "13:05",
        "14:05",
        "15:05",
        "16:05",
        "17:05",
        "18:05",
        "19:05",
        "20:05",
        "21:05",
        "22:06"
    ],
    "url": "https://www.kanachu.co.jp/dia/diagram/timetable01_js/course:0000802167-1/node:00127219/kt:0/lname:/"
}
