{
    "date": "2025/03/15",
    "name": "東海岸二丁目",
    "position": "-",
    "system": "辻13",
    "destinations": [
        "駐在所前(茅ケ崎市)",
        "東海岸北五丁目",
        "松が丘二丁目(茅ケ崎市)",
        "平和町",
        "浜須賀入口",
        "平和学園前(茅ケ崎市)",
        "富士見町(茅ケ崎市)",
        "常盤町(茅ケ崎市)",
        "テラス",
        "兵金山",
        "浜竹",
        "辻堂駅西口",
        "辻堂駅南口"
    ],
    "weekday": [
        "5:53",
        "6:13",
        "6:38",
        "6:45",
        "7:08",
        "7:23",
        "7:38",
        "7:53",
        "8:08",
        "8:28",
        "9:13",
        "10:13",
        "11:13",
        "12:13",
        "13:13",
        "14:13",
        "15:13",
        "15:30",
        "15:43",
        "16:18",
        "16:40",
        "17:18",
        "17:40",
        "18:18",
        "18:40",
        "19:18",
        "19:40",
        "20:18",
        "20:48",
        "21:20",
        "21:40",
        "22:15",
        "22:52"
    ],
    "saturday": [
        "6:08",
        "7:08",
        "8:08",
        "9:08",
        "10:08",
        "11:08",
        "12:08",
        "13:08",
        "14:08",
        "15:08",
        "16:08",
        "17:08",
        "18:08",
        "19:08",
        "20:08",
        "21:08",
        "22:09"
    ],
    "holiday": [
        "6:08",
        "7:08",
        "8:08",
        "9:08",
        "10:08",
        "11:08",
        "12:08",
        "13:08",
        "14:08",
        "15:08",
        "16:08",
        "17:08",
        "18:08",
        "19:08",
        "20:08",
        "21:08",
        "22:09"
    ],
    "url": "https://www.kanachu.co.jp/dia/diagram/timetable01_js/course:0000802167-4/node:00127222/kt:0/lname:/"
}
