{
    "date": "2025/03/15",
    "name": "平和町",
    "position": "-",
    "system": "辻13",
    "destinations": [
        "浜須賀入口",
        "平和学園前(茅ケ崎市)",
        "富士見町(茅ケ崎市)",
        "常盤町(茅ケ崎市)",
        "テラス",
        "兵金山",
        "浜竹",
        "辻堂駅西口",
        "辻堂駅南口"
    ],
    "weekday": [
        "5:57",
        "6:17",
        "6:42",
        "6:49",
        "7:12",
        "7:27",
        "7:42",
        "7:57",
        "8:12",
        "8:32",
        "9:17",
        "10:17",
        "11:17",
        "12:17",
        "13:17",
        "14:17",
        "15:17",
        "15:34",
        "15:47",
        "16:22",
        "16:44",
        "17:22",
        "17:44",
        "18:22",
        "18:44",
        "19:22",
        "19:44",
        "20:22",
        "20:52",
        "21:24",
        "21:44",
        "22:19",
        "22:56"
    ],
    "saturday": [
        "6:12",
        "7:12",
        "8:12",
        "9:12",
        "10:12",
        "11:12",
        "12:12",
        "13:12",
        "14:12",
        "15:12",
        "16:12",
        "17:12",
        "18:12",
        "19:12",
        "20:12",
        "21:12",
        "22:13"
    ],
    "holiday": [
        "6:12",
        "7:12",
        "8:12",
        "9:12",
        "10:12",
        "11:12",
        "12:12",
        "13:12",
        "14:12",
        "15:12",
        "16:12",
        "17:12",
        "18:12",
        "19:12",
        "20:12",
        "21:12",
        "22:13"
    ],
    "url": "https://www.kanachu.co.jp/dia/diagram/timetable01_js/course:0000802167-8/node:00127226/kt:0/lname:/"
}
