{
    "date": "2025/03/15",
    "name": "富士見町(茅ケ崎市)",
    "position": "-",
    "system": "辻13",
    "destinations": [
        "常盤町(茅ケ崎市)",
        "テラス",
        "兵金山",
        "浜竹",
        "辻堂駅西口",
        "辻堂駅南口"
    ],
    "weekday": [
        "6:00",
        "6:20",
        "6:45",
        "6:52",
        "7:15",
        "7:30",
        "7:45",
        "8:00",
        "8:15",
        "8:35",
        "9:20",
        "10:20",
        "11:20",
        "12:20",
        "13:20",
        "14:20",
        "15:20",
        "15:37",
        "15:50",
        "16:25",
        "16:47",
        "17:25",
        "17:47",
        "18:25",
        "18:47",
        "19:25",
        "19:47",
        "20:25",
        "20:55",
        "21:27",
        "21:47",
        "22:22",
        "22:59"
    ],
    "saturday": [
        "6:15",
        "7:15",
        "8:15",
        "9:15",
        "10:15",
        "11:15",
        "12:15",
        "13:15",
        "14:15",
        "15:15",
        "16:15",
        "17:15",
        "18:15",
        "19:15",
        "20:15",
        "21:15",
        "22:16"
    ],
    "holiday": [
        "6:15",
        "7:15",
        "8:15",
        "9:15",
        "10:15",
        "11:15",
        "12:15",
        "13:15",
        "14:15",
        "15:15",
        "16:15",
        "17:15",
        "18:15",
        "19:15",
        "20:15",
        "21:15",
        "22:16"
    ],
    "url": "https://www.kanachu.co.jp/dia/diagram/timetable01_js/course:0000802167-11/node:00127228/kt:0/lname:/"
}
