{
    "date": "2025/03/15",
    "name": "テラス",
    "position": "-",
    "system": "辻13",
    "destinations": [
        "兵金山",
        "浜竹",
        "辻堂駅西口",
        "辻堂駅南口"
    ],
    "weekday": [
        "6:02",
        "6:22",
        "6:47",
        "6:54",
        "7:17",
        "7:32",
        "7:47",
        "8:02",
        "8:17",
        "8:37",
        "9:22",
        "10:22",
        "11:22",
        "12:22",
        "13:22",
        "14:22",
        "15:22",
        "15:39",
        "15:52",
        "16:27",
        "16:49",
        "17:27",
        "17:49",
        "18:27",
        "18:49",
        "19:27",
        "19:49",
        "20:27",
        "20:57",
        "21:29",
        "21:49",
        "22:24",
        "23:01"
    ],
    "saturday": [
        "6:17",
        "7:17",
        "8:17",
        "9:17",
        "10:17",
        "11:17",
        "12:17",
        "13:17",
        "14:17",
        "15:17",
        "16:17",
        "17:17",
        "18:17",
        "19:17",
        "20:17",
        "21:17",
        "22:18"
    ],
    "holiday": [
        "6:17",
        "7:17",
        "8:17",
        "9:17",
        "10:17",
        "11:17",
        "12:17",
        "13:17",
        "14:17",
        "15:17",
        "16:17",
        "17:17",
        "18:17",
        "19:17",
        "20:17",
        "21:17",
        "22:18"
    ],
    "url": "https://www.kanachu.co.jp/dia/diagram/timetable01_js/course:0000802167-13/node:00127229/kt:0/lname:/"
}
