{
    "date": "2025/03/15",
    "name": "辻堂駅西口",
    "position": "-",
    "system": "辻13",
    "destinations": [
        "辻堂駅南口"
    ],
    "weekday": [
        "6:05",
        "6:25",
        "6:50",
        "6:57",
        "7:20",
        "7:35",
        "7:50",
        "8:05",
        "8:20",
        "8:40",
        "9:25",
        "10:25",
        "11:25",
        "12:25",
        "13:25",
        "14:25",
        "15:25",
        "15:42",
        "15:55",
        "16:30",
        "16:52",
        "17:30",
        "17:52",
        "18:30",
        "18:52",
        "19:30",
        "19:52",
        "20:30",
        "21:00",
        "21:32",
        "21:52",
        "22:27",
        "23:04"
    ],
    "saturday": [
        "6:20",
        "7:20",
        "8:20",
        "9:20",
        "10:20",
        "11:20",
        "12:20",
        "13:20",
        "14:20",
        "15:20",
        "16:20",
        "17:20",
        "18:20",
        "19:20",
        "20:20",
        "21:20",
        "22:21"
    ],
    "holiday": [
        "6:20",
        "7:20",
        "8:20",
        "9:20",
        "10:20",
        "11:20",
        "12:20",
        "13:20",
        "14:20",
        "15:20",
        "16:20",
        "17:20",
        "18:20",
        "19:20",
        "20:20",
        "21:20",
        "22:21"
    ],
    "url": "https://www.kanachu.co.jp/dia/diagram/timetable01_js/course:0000802167-16/node:00127268/kt:0/lname:/"
}
