{
    "date": "2025/11/16",
    "name": "本町(伊勢原市)",
    "position": "-",
    "system": "伊41",
    "destinations": [
        "中央公民館前(伊勢原市)",
        "大塚戸入口",
        "八雲幼稚園前",
        "殿村",
        "毘沙門池",
        "道灌塚前",
        "山王原(伊勢原市)",
        "石倉橋",
        "原田(伊勢原市)",
        "三の宮(伊勢原市)",
        "向原(伊勢原市)",
        "団地北(伊勢原市)",
        "伊勢原車庫"
    ],
    "weekday": [
        "7:23",
        "7:56",
        "8:01",
        "9:18",
        "10:51",
        "11:51",
        "13:51",
        "14:51",
        "18:23",
        "19:23",
        "21:40"
    ],
    "saturday": [
        "10:36",
        "12:36",
        "14:36",
        "16:36"
    ],
    "holiday": [
        "10:36",
        "12:36",
        "14:36",
        "16:36"
    ],
    "url": "https://www.kanachu.co.jp/dia/diagram/timetable01_js/course:0000801527-2/node:00128128/kt:0/lname:/"
}
