{
    "date": "2025/11/16",
    "name": "大塚戸入口",
    "position": "-",
    "system": "伊41",
    "destinations": [
        "八雲幼稚園前",
        "殿村",
        "毘沙門池",
        "道灌塚前",
        "山王原(伊勢原市)",
        "石倉橋",
        "原田(伊勢原市)",
        "三の宮(伊勢原市)",
        "向原(伊勢原市)",
        "団地北(伊勢原市)",
        "伊勢原車庫"
    ],
    "weekday": [
        "7:25",
        "7:59",
        "8:04",
        "9:21",
        "10:54",
        "11:54",
        "13:54",
        "14:54",
        "18:26",
        "19:25",
        "21:42"
    ],
    "saturday": [
        "10:39",
        "12:39",
        "14:39",
        "16:39"
    ],
    "holiday": [
        "10:39",
        "12:39",
        "14:39",
        "16:39"
    ],
    "url": "https://www.kanachu.co.jp/dia/diagram/timetable01_js/course:0000801527-4/node:00128249/kt:0/lname:/"
}
