{
    "date": "2025/04/01",
    "name": "井の花",
    "position": "-",
    "system": "町36",
    "destinations": [
        "岩子山",
        "下堤(町田市)",
        "五反田(町田市)",
        "サンシティ町田",
        "新屋敷(町田市)",
        "小野神社前(町田市)",
        "向坂(町田市)",
        "野津田高校入口",
        "ろうわ学校",
        "並木(町田市)",
        "図師",
        "図師大橋",
        "馬駈",
        "根岸(根岸町/町田市)",
        "下根岸(町田市)",
        "上宿(町田市)",
        "忠生公園入口",
        "木曽(町田市)",
        "三家(町田市)",
        "木曽住宅",
        "滝の沢(町田市)",
        "浄水場前(町田市)",
        "市民病院前(町田市)",
        "森野三丁目",
        "第四小学校前(町田市)",
        "町田市役所市民ホール前",
        "町田バスセンター"
    ],
    "weekday": [
        "8:05",
        "9:17",
        "15:42",
        "16:09",
        "17:57",
        "18:47"
    ],
    "saturday": [
        "9:07",
        "11:27",
        "13:47"
    ],
    "holiday": [
        "9:07",
        "11:27",
        "13:47"
    ],
    "url": "https://www.kanachu.co.jp/dia/diagram/timetable01_js/course:0000803460-7/node:00129473/kt:0/lname:/"
}
