{
    "date": "2025/04/01",
    "name": "新屋敷(町田市)",
    "position": "-",
    "system": "町36",
    "destinations": [
        "小野神社前(町田市)",
        "向坂(町田市)",
        "野津田高校入口",
        "ろうわ学校",
        "並木(町田市)",
        "図師",
        "図師大橋",
        "馬駈",
        "根岸(根岸町/町田市)",
        "下根岸(町田市)",
        "上宿(町田市)",
        "忠生公園入口",
        "木曽(町田市)",
        "三家(町田市)",
        "木曽住宅",
        "滝の沢(町田市)",
        "浄水場前(町田市)",
        "市民病院前(町田市)",
        "森野三丁目",
        "第四小学校前(町田市)",
        "町田市役所市民ホール前",
        "町田バスセンター"
    ],
    "weekday": [
        "8:12",
        "9:23",
        "15:49",
        "16:16",
        "18:04",
        "18:54"
    ],
    "saturday": [
        "9:13",
        "11:33",
        "13:53"
    ],
    "holiday": [
        "9:13",
        "11:33",
        "13:53"
    ],
    "url": "https://www.kanachu.co.jp/dia/diagram/timetable01_js/course:0000803460-12/node:00129477/kt:0/lname:/"
}
