{
    "date": "2025/04/01",
    "name": "ろうわ学校",
    "position": "-",
    "system": "町36",
    "destinations": [
        "並木(町田市)",
        "図師",
        "図師大橋",
        "馬駈",
        "根岸(根岸町/町田市)",
        "下根岸(町田市)",
        "上宿(町田市)",
        "忠生公園入口",
        "木曽(町田市)",
        "三家(町田市)",
        "木曽住宅",
        "滝の沢(町田市)",
        "浄水場前(町田市)",
        "市民病院前(町田市)",
        "森野三丁目",
        "第四小学校前(町田市)",
        "町田市役所市民ホール前",
        "町田バスセンター"
    ],
    "weekday": [
        "8:18",
        "9:28",
        "15:55",
        "16:22",
        "18:10",
        "19:00"
    ],
    "saturday": [
        "9:19",
        "11:39",
        "13:59"
    ],
    "holiday": [
        "9:18",
        "11:38",
        "13:58"
    ],
    "url": "https://www.kanachu.co.jp/dia/diagram/timetable01_js/course:0000803460-16/node:00129480/kt:0/lname:/"
}
