{
    "date": "2024/03/16",
    "name": "森野二丁目",
    "position": "-",
    "system": "町55",
    "destinations": [
        "保健所入口",
        "中町二丁目",
        "町田郵便局前",
        "体育館前(町田市)",
        "菅原神社前(町田市)",
        "第三小学校前(町田市)",
        "ひなた村",
        "本町田",
        "今井谷戸",
        "四季彩の杜西園前",
        "薬師池",
        "薬師ヶ丘",
        "野津田神社入口",
        "袋橋",
        "田中入口",
        "野津田車庫"
    ],
    "weekday": [
        "6:35",
        "7:05",
        "7:29",
        "7:53",
        "8:05",
        "8:29",
        "8:41",
        "8:53",
        "9:05",
        "9:31",
        "9:45",
        "10:02",
        "10:30",
        "10:45",
        "11:02",
        "11:30",
        "11:45",
        "12:02",
        "12:30",
        "12:45",
        "13:02",
        "13:30",
        "13:45",
        "14:02",
        "14:30",
        "14:45",
        "15:02",
        "15:30",
        "15:45",
        "16:02",
        "16:30",
        "16:45",
        "17:00",
        "17:30",
        "17:45",
        "18:00",
        "18:24",
        "18:36",
        "18:48",
        "19:00",
        "19:24",
        "19:36",
        "19:48",
        "20:00",
        "20:30",
        "20:45",
        "21:05",
        "21:25",
        "21:45",
        "22:15",
        "22:50"
    ],
    "saturday": [
        "7:00",
        "8:00",
        "8:40",
        "9:00",
        "9:30",
        "9:45",
        "10:00",
        "10:30",
        "10:45",
        "11:00",
        "11:30",
        "11:45",
        "12:00",
        "12:30",
        "12:45",
        "13:00",
        "13:30",
        "13:45",
        "14:00",
        "14:30",
        "14:45",
        "15:00",
        "15:30",
        "15:45",
        "16:00",
        "16:30",
        "16:45",
        "17:00",
        "17:30",
        "17:45",
        "18:00",
        "18:40",
        "19:00",
        "19:40",
        "20:00",
        "20:40",
        "21:00",
        "21:20",
        "21:40",
        "22:00",
        "22:35"
    ],
    "holiday": [
        "7:00",
        "8:00",
        "8:40",
        "9:00",
        "9:30",
        "9:45",
        "10:00",
        "10:30",
        "10:45",
        "11:00",
        "11:30",
        "11:45",
        "12:00",
        "12:30",
        "12:45",
        "13:00",
        "13:30",
        "13:45",
        "14:00",
        "14:30",
        "14:45",
        "15:00",
        "15:30",
        "15:45",
        "16:00",
        "16:30",
        "16:45",
        "17:00",
        "17:30",
        "17:45",
        "18:00",
        "18:40",
        "19:00",
        "19:40",
        "20:00",
        "20:40",
        "21:00",
        "21:30",
        "22:00",
        "22:30"
    ],
    "url": "https://www.kanachu.co.jp/dia/diagram/timetable01_js/course:0000803239-2/node:00129417/kt:0/lname:/"
}
