{
    "date": "2024/03/16",
    "name": "保健所入口",
    "position": "-",
    "system": "町55",
    "destinations": [
        "中町二丁目",
        "町田郵便局前",
        "体育館前(町田市)",
        "菅原神社前(町田市)",
        "第三小学校前(町田市)",
        "ひなた村",
        "本町田",
        "今井谷戸",
        "四季彩の杜西園前",
        "薬師池",
        "薬師ヶ丘",
        "野津田神社入口",
        "袋橋",
        "田中入口",
        "野津田車庫"
    ],
    "weekday": [
        "6:36",
        "7:06",
        "7:30",
        "7:54",
        "8:06",
        "8:30",
        "8:42",
        "8:54",
        "9:06",
        "9:32",
        "9:46",
        "10:03",
        "10:31",
        "10:46",
        "11:03",
        "11:31",
        "11:46",
        "12:03",
        "12:31",
        "12:46",
        "13:03",
        "13:31",
        "13:46",
        "14:03",
        "14:31",
        "14:46",
        "15:03",
        "15:31",
        "15:46",
        "16:03",
        "16:31",
        "16:46",
        "17:01",
        "17:31",
        "17:46",
        "18:01",
        "18:25",
        "18:37",
        "18:49",
        "19:01",
        "19:25",
        "19:37",
        "19:49",
        "20:01",
        "20:31",
        "20:46",
        "21:06",
        "21:26",
        "21:46",
        "22:16",
        "22:51"
    ],
    "saturday": [
        "7:01",
        "8:01",
        "8:41",
        "9:01",
        "9:31",
        "9:46",
        "10:01",
        "10:31",
        "10:46",
        "11:01",
        "11:31",
        "11:46",
        "12:01",
        "12:31",
        "12:46",
        "13:01",
        "13:31",
        "13:46",
        "14:01",
        "14:31",
        "14:46",
        "15:01",
        "15:31",
        "15:46",
        "16:01",
        "16:31",
        "16:46",
        "17:01",
        "17:31",
        "17:46",
        "18:01",
        "18:41",
        "19:01",
        "19:41",
        "20:01",
        "20:41",
        "21:01",
        "21:21",
        "21:41",
        "22:01",
        "22:36"
    ],
    "holiday": [
        "7:01",
        "8:01",
        "8:41",
        "9:01",
        "9:31",
        "9:46",
        "10:01",
        "10:31",
        "10:46",
        "11:01",
        "11:31",
        "11:46",
        "12:01",
        "12:31",
        "12:46",
        "13:01",
        "13:31",
        "13:46",
        "14:01",
        "14:31",
        "14:46",
        "15:01",
        "15:31",
        "15:46",
        "16:01",
        "16:31",
        "16:46",
        "17:01",
        "17:31",
        "17:46",
        "18:01",
        "18:41",
        "19:01",
        "19:41",
        "20:01",
        "20:41",
        "21:01",
        "21:31",
        "22:01",
        "22:31"
    ],
    "url": "https://www.kanachu.co.jp/dia/diagram/timetable01_js/course:0000803239-3/node:00129418/kt:0/lname:/"
}
