{
    "date": "2024/03/16",
    "name": "野津田神社入口",
    "position": "-",
    "system": "町55",
    "destinations": [
        "袋橋",
        "田中入口",
        "野津田車庫"
    ],
    "weekday": [
        "6:50",
        "7:23",
        "7:47",
        "8:11",
        "8:23",
        "8:47",
        "8:59",
        "9:11",
        "9:23",
        "9:49",
        "10:03",
        "10:20",
        "10:48",
        "11:03",
        "11:20",
        "11:48",
        "12:03",
        "12:20",
        "12:48",
        "13:03",
        "13:20",
        "13:48",
        "14:03",
        "14:20",
        "14:48",
        "15:03",
        "15:20",
        "15:48",
        "16:03",
        "16:20",
        "16:48",
        "17:03",
        "17:18",
        "17:48",
        "18:03",
        "18:18",
        "18:42",
        "18:54",
        "19:06",
        "19:18",
        "19:42",
        "19:54",
        "20:06",
        "20:18",
        "20:48",
        "21:03",
        "21:20",
        "21:40",
        "22:00",
        "22:30",
        "23:05"
    ],
    "saturday": [
        "7:15",
        "8:18",
        "8:58",
        "9:18",
        "9:48",
        "10:03",
        "10:18",
        "10:48",
        "11:03",
        "11:18",
        "11:48",
        "12:03",
        "12:18",
        "12:48",
        "13:03",
        "13:18",
        "13:48",
        "14:03",
        "14:18",
        "14:48",
        "15:03",
        "15:18",
        "15:48",
        "16:03",
        "16:18",
        "16:48",
        "17:03",
        "17:18",
        "17:48",
        "18:03",
        "18:18",
        "18:58",
        "19:18",
        "19:58",
        "20:18",
        "20:58",
        "21:15",
        "21:35",
        "21:55",
        "22:15",
        "22:50"
    ],
    "holiday": [
        "7:15",
        "8:16",
        "8:56",
        "9:18",
        "9:48",
        "10:03",
        "10:18",
        "10:48",
        "11:03",
        "11:18",
        "11:48",
        "12:03",
        "12:18",
        "12:48",
        "13:03",
        "13:18",
        "13:48",
        "14:03",
        "14:18",
        "14:48",
        "15:03",
        "15:18",
        "15:48",
        "16:03",
        "16:18",
        "16:48",
        "17:03",
        "17:18",
        "17:48",
        "18:03",
        "18:18",
        "18:58",
        "19:18",
        "19:58",
        "20:15",
        "20:55",
        "21:15",
        "21:45",
        "22:15",
        "22:45"
    ],
    "url": "https://www.kanachu.co.jp/dia/diagram/timetable01_js/course:0000803239-15/node:00129429/kt:0/lname:/"
}
