{
    "date": "2024/03/16",
    "name": "犬山南",
    "position": "-",
    "system": "港33",
    "destinations": [
        "上之中央",
        "上之",
        "紅葉橋(横浜市栄区)",
        "本郷車庫前(横浜市栄区)",
        "山手学院入口",
        "稲荷森",
        "中野町",
        "元大橋",
        "若竹町(横浜市栄区)",
        "元大橋公園前",
        "港南台西公園",
        "横浜女子短期大学前",
        "港南台駅"
    ],
    "weekday": [
        "6:14"
    ],
    "saturday": [
        "6:24",
        "6:54",
        "7:24",
        "8:04",
        "8:28",
        "10:16",
        "11:23",
        "12:23",
        "13:54",
        "14:54",
        "15:54",
        "16:54",
        "17:54",
        "18:54",
        "21:04"
    ],
    "holiday": [
        "6:24",
        "6:54",
        "7:24",
        "8:04",
        "8:28",
        "10:16",
        "11:23",
        "12:23",
        "13:54",
        "14:54",
        "15:54",
        "16:54",
        "17:54",
        "18:54",
        "21:04"
    ],
    "url": "https://www.kanachu.co.jp/dia/diagram/timetable01_js/course:0000801279-5/node:00126533/kt:0/lname:/"
}
