{
    "date": "2024/03/16",
    "name": "中野町",
    "position": "-",
    "system": "港33",
    "destinations": [
        "元大橋",
        "若竹町(横浜市栄区)",
        "元大橋公園前",
        "港南台西公園",
        "横浜女子短期大学前",
        "港南台駅"
    ],
    "weekday": [
        "6:21"
    ],
    "saturday": [
        "6:31",
        "7:01",
        "7:31",
        "8:11",
        "8:35",
        "10:24",
        "11:31",
        "12:31",
        "14:02",
        "15:02",
        "16:02",
        "17:02",
        "18:02",
        "19:02",
        "21:11"
    ],
    "holiday": [
        "6:31",
        "7:01",
        "7:31",
        "8:11",
        "8:35",
        "10:24",
        "11:31",
        "12:31",
        "14:02",
        "15:02",
        "16:02",
        "17:02",
        "18:02",
        "19:02",
        "21:11"
    ],
    "url": "https://www.kanachu.co.jp/dia/diagram/timetable01_js/course:0000801279-12/node:00126511/kt:0/lname:/"
}
