{
    "date": "2024/03/16",
    "name": "元大橋公園前",
    "position": "-",
    "system": "港33",
    "destinations": [
        "港南台西公園",
        "横浜女子短期大学前",
        "港南台駅"
    ],
    "weekday": [
        "6:24"
    ],
    "saturday": [
        "6:34",
        "7:04",
        "7:34",
        "8:14",
        "8:38",
        "10:27",
        "11:34",
        "12:34",
        "14:05",
        "15:05",
        "16:05",
        "17:05",
        "18:05",
        "19:05",
        "21:14"
    ],
    "holiday": [
        "6:34",
        "7:04",
        "7:34",
        "8:14",
        "8:38",
        "10:27",
        "11:34",
        "12:34",
        "14:05",
        "15:05",
        "16:05",
        "17:05",
        "18:05",
        "19:05",
        "21:14"
    ],
    "url": "https://www.kanachu.co.jp/dia/diagram/timetable01_js/course:0000801279-15/node:00126548/kt:0/lname:/"
}
