{
    "date": "2025/10/20",
    "name": "南橋(町田市)",
    "position": "-",
    "system": "町89",
    "destinations": [
        "金森二丁目西",
        "防災いこいの広場入口",
        "都営金森アパート前",
        "かわせみ会館前",
        "西田(町田市)",
        "西田峯山公園前",
        "定方寺公園入口",
        "町谷(町田市)",
        "南町田四丁目",
        "南町田北",
        "南町田グランベリーパーク駅"
    ],
    "weekday": [
        "7:02",
        "7:28",
        "7:50",
        "8:23",
        "8:42"
    ],
    "saturday": [
        "7:28",
        "8:07",
        "8:42"
    ],
    "holiday": [
        "7:28",
        "8:07",
        "8:42"
    ],
    "url": "https://www.kanachu.co.jp/dia/diagram/timetable01_js/course:0000802504-5/node:00129542/kt:0/lname:/"
}
