{
    "date": "2025/10/20",
    "name": "防災いこいの広場入口",
    "position": "-",
    "system": "町89",
    "destinations": [
        "都営金森アパート前",
        "かわせみ会館前",
        "西田(町田市)",
        "西田峯山公園前",
        "定方寺公園入口",
        "町谷(町田市)",
        "南町田四丁目",
        "南町田北",
        "南町田グランベリーパーク駅"
    ],
    "weekday": [
        "7:06",
        "7:32",
        "7:54",
        "8:26",
        "8:45"
    ],
    "saturday": [
        "7:31",
        "8:10",
        "8:45"
    ],
    "holiday": [
        "7:31",
        "8:10",
        "8:45"
    ],
    "url": "https://www.kanachu.co.jp/dia/diagram/timetable01_js/course:0000802504-7/node:00129793/kt:0/lname:/"
}
