{
    "date": "2025/10/20",
    "name": "都営金森アパート前",
    "position": "-",
    "system": "町89",
    "destinations": [
        "かわせみ会館前",
        "西田(町田市)",
        "西田峯山公園前",
        "定方寺公園入口",
        "町谷(町田市)",
        "南町田四丁目",
        "南町田北",
        "南町田グランベリーパーク駅"
    ],
    "weekday": [
        "7:07",
        "7:33",
        "7:55",
        "8:27",
        "8:46"
    ],
    "saturday": [
        "7:32",
        "8:11",
        "8:46"
    ],
    "holiday": [
        "7:32",
        "8:11",
        "8:46"
    ],
    "url": "https://www.kanachu.co.jp/dia/diagram/timetable01_js/course:0000802504-8/node:00129794/kt:0/lname:/"
}
