{
    "date": "2025/10/20",
    "name": "西田(町田市)",
    "position": "-",
    "system": "町89",
    "destinations": [
        "西田峯山公園前",
        "定方寺公園入口",
        "町谷(町田市)",
        "南町田四丁目",
        "南町田北",
        "南町田グランベリーパーク駅"
    ],
    "weekday": [
        "7:10",
        "7:36",
        "7:58",
        "8:29",
        "8:48"
    ],
    "saturday": [
        "7:34",
        "8:13",
        "8:48"
    ],
    "holiday": [
        "7:34",
        "8:13",
        "8:48"
    ],
    "url": "https://www.kanachu.co.jp/dia/diagram/timetable01_js/course:0000802504-10/node:00129796/kt:0/lname:/"
}
