{
    "date": "2025/04/19",
    "name": "高校入口(相模原市中央区)",
    "position": "-",
    "system": "相12",
    "destinations": [
        "JA相模原市前",
        "市民会館前(相模原市中央区)",
        "市役所前(相模原市中央区)",
        "グリーンプラザ(相模原市中央区)",
        "西門前(相模原市中央区)",
        "相模原五丁目",
        "相模原駅南口"
    ],
    "weekday": [
        "6:13",
        "6:58",
        "7:28",
        "8:00",
        "8:28",
        "9:00",
        "9:28",
        "9:58",
        "10:28",
        "10:58",
        "11:33",
        "12:13",
        "12:53",
        "13:33",
        "14:13",
        "14:53",
        "15:28",
        "15:58",
        "16:28",
        "16:58",
        "17:28",
        "17:58",
        "18:28",
        "18:58",
        "19:28",
        "19:58",
        "20:58"
    ],
    "saturday": [
        "6:58",
        "7:38",
        "8:28",
        "9:18",
        "10:08",
        "10:58",
        "11:48",
        "12:38",
        "13:28",
        "14:18",
        "15:08",
        "15:58",
        "16:48",
        "17:38",
        "18:28",
        "19:18"
    ],
    "holiday": [
        "6:58",
        "7:38",
        "8:28",
        "9:18",
        "10:08",
        "10:58",
        "11:48",
        "12:38",
        "13:28",
        "14:18",
        "15:08",
        "15:58",
        "16:48",
        "17:38",
        "18:28",
        "19:18"
    ],
    "url": "https://www.kanachu.co.jp/dia/diagram/timetable01_js/course:0000802384-4/node:00129140/kt:0/lname:/"
}
