{
    "date": "2025/04/19",
    "name": "市民会館前(相模原市中央区)",
    "position": "-",
    "system": "相12",
    "destinations": [
        "市役所前(相模原市中央区)",
        "グリーンプラザ(相模原市中央区)",
        "西門前(相模原市中央区)",
        "相模原五丁目",
        "相模原駅南口"
    ],
    "weekday": [
        "6:15",
        "7:00",
        "7:30",
        "8:02",
        "8:30",
        "9:02",
        "9:30",
        "10:00",
        "10:30",
        "11:00",
        "11:35",
        "12:15",
        "12:55",
        "13:35",
        "14:15",
        "14:55",
        "15:30",
        "16:00",
        "16:30",
        "17:00",
        "17:30",
        "18:00",
        "18:30",
        "19:00",
        "19:30",
        "20:00",
        "21:00"
    ],
    "saturday": [
        "7:00",
        "7:40",
        "8:30",
        "9:20",
        "10:10",
        "11:00",
        "11:50",
        "12:40",
        "13:30",
        "14:20",
        "15:10",
        "16:00",
        "16:50",
        "17:40",
        "18:30",
        "19:20"
    ],
    "holiday": [
        "7:00",
        "7:40",
        "8:30",
        "9:20",
        "10:10",
        "11:00",
        "11:50",
        "12:40",
        "13:30",
        "14:20",
        "15:10",
        "16:00",
        "16:50",
        "17:40",
        "18:30",
        "19:20"
    ],
    "url": "https://www.kanachu.co.jp/dia/diagram/timetable01_js/course:0000802384-6/node:00129153/kt:0/lname:/"
}
