{
    "date": "2026/01/16",
    "name": "白山坂上",
    "position": "-",
    "system": "鴨02",
    "destinations": [
        "白山みどり",
        "白山中央",
        "白山二丁目(横浜市緑区)",
        "白山一丁目(横浜市緑区)",
        "鴨居橋",
        "鴨居駅"
    ],
    "weekday": [
        "5:23",
        "6:12",
        "6:32",
        "7:21",
        "7:29",
        "10:51",
        "11:11",
        "12:07",
        "12:32",
        "12:40",
        "13:55",
        "14:16",
        "15:19",
        "16:26",
        "17:32",
        "18:43",
        "20:57"
    ],
    "saturday": [
        "5:35",
        "8:09",
        "8:28",
        "8:38",
        "8:48",
        "10:23",
        "11:26",
        "12:57",
        "13:57",
        "14:37",
        "15:56",
        "17:24",
        "18:57"
    ],
    "holiday": [
        "6:43",
        "7:00",
        "8:29",
        "8:49",
        "9:47",
        "9:57",
        "11:32",
        "12:31",
        "14:46",
        "15:08",
        "18:52",
        "18:57"
    ],
    "url": "https://www.kanachu.co.jp/dia/diagram/timetable01_js/course:0000804250-3/node:00102932/kt:0/lname:/"
}
