{
    "date": "2025/11/16",
    "name": "コンフォール平塚前",
    "position": "-",
    "system": "平51",
    "destinations": [
        "八幡入口",
        "八幡(平塚市)",
        "八幡公民館入口",
        "古河電工入口",
        "泉蔵院前",
        "四ノ宮(平塚市)",
        "大念寺前",
        "前鳥神社前",
        "ふじみ園前",
        "大江工業前",
        "平塚市リサイクルプラザ",
        "鹿見堂橋",
        "駒返橋",
        "田村十字路",
        "神田小学校前(平塚市)",
        "田村車庫"
    ],
    "weekday": [
        "7:58",
        "21:48",
        "23:33"
    ],
    "saturday": [
        "22:56"
    ],
    "holiday": [
        "22:56"
    ],
    "url": "https://www.kanachu.co.jp/dia/diagram/timetable01_js/course:0000800046-4/node:00127644/kt:0/lname:/"
}
