{
    "date": "2025/03/15",
    "name": "市民文化センター前(綾瀬市)",
    "position": "-",
    "system": "長39",
    "destinations": [
        "綾瀬タウンヒルズ前",
        "中郷(綾瀬市)",
        "綾瀬小学校前",
        "綾瀬農協前",
        "大邸",
        "大法寺(綾瀬市)",
        "上落合(綾瀬市)",
        "落合(綾瀬市)",
        "中川橋",
        "上土棚",
        "並塚",
        "上谷台",
        "長後駅西口"
    ],
    "weekday": [
        "5:37",
        "5:56",
        "6:11",
        "6:24",
        "6:44",
        "6:53"
    ],
    "saturday": [
        "6:09",
        "6:48",
        "7:18",
        "7:48",
        "8:14",
        "8:44",
        "9:14",
        "9:44",
        "10:14",
        "10:44",
        "11:14",
        "11:44",
        "12:14",
        "12:44",
        "13:14",
        "13:44",
        "14:14",
        "14:44",
        "15:14",
        "15:44",
        "16:14",
        "16:44",
        "17:19",
        "18:19",
        "19:08",
        "19:38"
    ],
    "holiday": [
        "6:23",
        "6:43",
        "7:18",
        "7:48",
        "8:14",
        "8:44",
        "9:14",
        "9:44",
        "10:14",
        "10:44",
        "11:14",
        "11:44",
        "12:14",
        "12:44",
        "13:14",
        "13:44",
        "14:14",
        "14:44",
        "15:14",
        "15:44",
        "16:14",
        "16:44",
        "17:19",
        "18:19",
        "19:38"
    ],
    "url": "https://www.kanachu.co.jp/dia/diagram/timetable01_js/course:0000800044-3/node:00129861/kt:0/lname:/"
}
