{
    "date": "2025/03/15",
    "name": "綾瀬タウンヒルズ前",
    "position": "-",
    "system": "長39",
    "destinations": [
        "中郷(綾瀬市)",
        "綾瀬小学校前",
        "綾瀬農協前",
        "大邸",
        "大法寺(綾瀬市)",
        "上落合(綾瀬市)",
        "落合(綾瀬市)",
        "中川橋",
        "上土棚",
        "並塚",
        "上谷台",
        "長後駅西口"
    ],
    "weekday": [
        "5:39",
        "5:58",
        "6:13",
        "6:26",
        "6:46",
        "6:55"
    ],
    "saturday": [
        "6:11",
        "6:50",
        "7:20",
        "7:50",
        "8:16",
        "8:46",
        "9:16",
        "9:46",
        "10:16",
        "10:46",
        "11:16",
        "11:46",
        "12:16",
        "12:46",
        "13:16",
        "13:46",
        "14:16",
        "14:46",
        "15:16",
        "15:46",
        "16:16",
        "16:46",
        "17:21",
        "18:21",
        "19:10",
        "19:40"
    ],
    "holiday": [
        "6:25",
        "6:45",
        "7:20",
        "7:50",
        "8:16",
        "8:46",
        "9:16",
        "9:46",
        "10:16",
        "10:46",
        "11:16",
        "11:46",
        "12:16",
        "12:46",
        "13:16",
        "13:46",
        "14:16",
        "14:46",
        "15:16",
        "15:46",
        "16:16",
        "16:46",
        "17:21",
        "18:21",
        "19:40"
    ],
    "url": "https://www.kanachu.co.jp/dia/diagram/timetable01_js/course:0000800044-4/node:00129860/kt:0/lname:/"
}
