{
    "date": "2025/03/15",
    "name": "中川橋",
    "position": "-",
    "system": "長39",
    "destinations": [
        "上土棚",
        "並塚",
        "上谷台",
        "長後駅西口"
    ],
    "weekday": [
        "5:48",
        "6:07",
        "6:22",
        "6:35",
        "6:55",
        "7:07"
    ],
    "saturday": [
        "6:20",
        "6:59",
        "7:29",
        "7:59",
        "8:25",
        "8:55",
        "9:25",
        "9:55",
        "10:25",
        "10:55",
        "11:25",
        "11:55",
        "12:25",
        "12:55",
        "13:25",
        "13:55",
        "14:25",
        "14:55",
        "15:25",
        "15:55",
        "16:25",
        "16:55",
        "17:30",
        "18:30",
        "19:19",
        "19:49"
    ],
    "holiday": [
        "6:34",
        "6:54",
        "7:29",
        "7:59",
        "8:25",
        "8:55",
        "9:25",
        "9:55",
        "10:25",
        "10:55",
        "11:25",
        "11:55",
        "12:25",
        "12:55",
        "13:25",
        "13:55",
        "14:25",
        "14:55",
        "15:25",
        "15:55",
        "16:25",
        "16:55",
        "17:30",
        "18:30",
        "19:49"
    ],
    "url": "https://www.kanachu.co.jp/dia/diagram/timetable01_js/course:0000800044-12/node:00129849/kt:0/lname:/"
}
