{
    "date": "2024/07/01",
    "name": "亀井野",
    "position": "-",
    "system": "湘27",
    "destinations": [
        "下屋敷(藤沢市)",
        "西俣野",
        "観音堂前(横浜市戸塚区)",
        "福泉寺(横浜市戸塚区)",
        "横浜薬大南門",
        "俣野公園・横浜薬大前",
        "集会所前(横浜市戸塚区)",
        "ドリームハイツ"
    ],
    "weekday": [
        "6:56",
        "7:36",
        "7:56",
        "8:20",
        "8:36",
        "8:51",
        "9:24",
        "9:48",
        "10:18",
        "10:46",
        "11:18",
        "12:18",
        "13:18",
        "14:18",
        "14:58",
        "15:38",
        "16:39",
        "17:02",
        "17:28",
        "17:47",
        "18:14",
        "18:34",
        "19:14",
        "19:44",
        "20:21",
        "20:38",
        "21:56"
    ],
    "saturday": [
        "7:19",
        "7:50",
        "8:19",
        "8:49",
        "9:19",
        "9:46",
        "10:19",
        "10:46",
        "11:19",
        "11:46",
        "12:19",
        "13:19",
        "14:19",
        "15:19",
        "15:53",
        "16:19",
        "16:53",
        "17:19",
        "17:53",
        "18:19",
        "18:53",
        "19:19",
        "19:53",
        "20:19",
        "21:19"
    ],
    "holiday": [
        "7:19",
        "7:50",
        "8:19",
        "8:49",
        "9:19",
        "9:46",
        "10:19",
        "10:46",
        "11:19",
        "11:46",
        "12:19",
        "13:19",
        "14:19",
        "15:19",
        "15:53",
        "16:19",
        "16:53",
        "17:19",
        "17:53",
        "18:19",
        "18:53",
        "19:19",
        "19:53",
        "20:19",
        "21:19"
    ],
    "url": "https://www.kanachu.co.jp/dia/diagram/timetable01_js/course:0000802330-6/node:00129888/kt:0/lname:/"
}
