{
    "date": "2024/07/01",
    "name": "福泉寺(横浜市戸塚区)",
    "position": "-",
    "system": "湘27",
    "destinations": [
        "横浜薬大南門",
        "俣野公園・横浜薬大前",
        "集会所前(横浜市戸塚区)",
        "ドリームハイツ"
    ],
    "weekday": [
        "7:01",
        "7:41",
        "8:01",
        "8:25",
        "8:41",
        "8:56",
        "9:29",
        "9:53",
        "10:23",
        "10:51",
        "11:23",
        "12:23",
        "13:23",
        "14:23",
        "15:03",
        "15:43",
        "16:44",
        "17:07",
        "17:33",
        "17:52",
        "18:19",
        "18:39",
        "19:19",
        "19:49",
        "20:26",
        "20:43",
        "22:01"
    ],
    "saturday": [
        "7:24",
        "7:55",
        "8:24",
        "8:54",
        "9:24",
        "9:51",
        "10:24",
        "10:51",
        "11:24",
        "11:51",
        "12:24",
        "13:24",
        "14:24",
        "15:24",
        "15:58",
        "16:24",
        "16:58",
        "17:24",
        "17:58",
        "18:24",
        "18:58",
        "19:24",
        "19:58",
        "20:24",
        "21:24"
    ],
    "holiday": [
        "7:24",
        "7:55",
        "8:24",
        "8:54",
        "9:24",
        "9:51",
        "10:24",
        "10:51",
        "11:24",
        "11:51",
        "12:24",
        "13:24",
        "14:24",
        "15:24",
        "15:58",
        "16:24",
        "16:58",
        "17:24",
        "17:58",
        "18:24",
        "18:58",
        "19:24",
        "19:58",
        "20:24",
        "21:24"
    ],
    "url": "https://www.kanachu.co.jp/dia/diagram/timetable01_js/course:0000802330-10/node:00129892/kt:0/lname:/"
}
