{
    "date": "2025/04/19",
    "name": "栄公園前",
    "position": "-",
    "system": "淵53",
    "destinations": [
        "弥栄(相模原市中央区)",
        "淵野辺十字路",
        "淵野辺駅入口",
        "淵野辺駅南口"
    ],
    "weekday": [
        "7:11",
        "7:28",
        "8:13",
        "8:38",
        "9:03",
        "9:27",
        "9:52",
        "10:22",
        "10:52",
        "11:22",
        "11:52",
        "12:22",
        "12:52",
        "13:22",
        "13:52",
        "14:22",
        "14:52",
        "15:22",
        "15:52",
        "16:57",
        "17:31",
        "18:01",
        "18:31",
        "19:01",
        "19:24",
        "20:19",
        "21:19"
    ],
    "saturday": [
        "7:20",
        "7:50",
        "8:20",
        "8:50",
        "9:20",
        "9:50",
        "10:20",
        "10:50",
        "11:20",
        "11:50",
        "12:20",
        "12:50",
        "13:20",
        "13:50",
        "14:20",
        "14:50",
        "15:20",
        "15:50",
        "16:20",
        "16:50",
        "17:20",
        "17:50",
        "18:20",
        "18:50",
        "19:50",
        "20:20",
        "20:50",
        "21:50"
    ],
    "holiday": [
        "7:20",
        "8:05",
        "8:50",
        "9:35",
        "10:20",
        "11:05",
        "11:50",
        "12:35",
        "13:20",
        "14:05",
        "14:50",
        "15:35",
        "16:20",
        "17:05",
        "17:50",
        "18:35",
        "19:20",
        "20:05",
        "20:50"
    ],
    "url": "https://www.kanachu.co.jp/dia/diagram/timetable01_js/course:0000802370-12/node:00129143/kt:0/lname:/"
}
