{
    "date": "2024/03/16",
    "name": "八王子駅南口",
    "position": "-",
    "system": "八77",
    "destinations": [
        "万町一丁目",
        "万町二丁目",
        "子安坂上",
        "片倉城址",
        "片倉駅入口",
        "片倉(八王子市)",
        "片倉高校入口",
        "片倉高校前",
        "車石",
        "片倉台",
        "片倉台小学校前",
        "車石",
        "片倉高校前",
        "御殿峠",
        "自然公園前(八王子市)",
        "鑓水(八王子市)",
        "坂下(16号側/町田市)",
        "橋本本町",
        "香福寺前",
        "旭小学校前(相模原市緑区)",
        "旭農協前",
        "橋本駅北口"
    ],
    "weekday": [
        "7:20",
        "8:05",
        "8:35",
        "9:05",
        "9:52",
        "10:35",
        "11:20",
        "12:05",
        "12:50",
        "13:35",
        "14:20",
        "15:05",
        "15:50",
        "16:33",
        "17:20",
        "18:05",
        "18:50",
        "19:35",
        "20:20"
    ],
    "saturday": [
        "7:49",
        "8:34",
        "9:19",
        "10:04",
        "10:49",
        "11:34",
        "12:19",
        "13:04",
        "13:49",
        "14:34",
        "15:19",
        "16:04",
        "16:49",
        "17:34",
        "18:19",
        "19:04",
        "20:00"
    ],
    "holiday": [
        "7:49",
        "8:34",
        "9:19",
        "10:04",
        "10:49",
        "11:34",
        "12:19",
        "13:04",
        "13:49",
        "14:34",
        "15:19",
        "16:04",
        "16:49",
        "17:34",
        "18:19",
        "19:04",
        "20:00"
    ],
    "url": "https://www.kanachu.co.jp/dia/diagram/timetable01_js/course:0000800744-1/node:00021142/kt:0/lname:/"
}
