{
    "date": "2024/03/16",
    "name": "片倉(八王子市)",
    "position": "-",
    "system": "八77",
    "destinations": [
        "片倉高校入口",
        "片倉高校前",
        "車石",
        "片倉台",
        "片倉台小学校前",
        "車石",
        "片倉高校前",
        "御殿峠",
        "自然公園前(八王子市)",
        "鑓水(八王子市)",
        "坂下(16号側/町田市)",
        "橋本本町",
        "香福寺前",
        "旭小学校前(相模原市緑区)",
        "旭農協前",
        "橋本駅北口"
    ],
    "weekday": [
        "7:29",
        "8:14",
        "8:44",
        "9:13",
        "10:00",
        "10:43",
        "11:28",
        "12:13",
        "12:58",
        "13:43",
        "14:28",
        "15:13",
        "15:58",
        "16:41",
        "17:29",
        "18:14",
        "18:59",
        "19:43",
        "20:28"
    ],
    "saturday": [
        "7:57",
        "8:42",
        "9:27",
        "10:12",
        "10:57",
        "11:42",
        "12:28",
        "13:13",
        "13:58",
        "14:43",
        "15:28",
        "16:13",
        "16:58",
        "17:42",
        "18:27",
        "19:12",
        "20:08"
    ],
    "holiday": [
        "7:57",
        "8:42",
        "9:27",
        "10:12",
        "10:57",
        "11:42",
        "12:28",
        "13:13",
        "13:58",
        "14:43",
        "15:28",
        "16:13",
        "16:58",
        "17:42",
        "18:27",
        "19:12",
        "20:08"
    ],
    "url": "https://www.kanachu.co.jp/dia/diagram/timetable01_js/course:0000800744-7/node:00130084/kt:0/lname:/"
}
