{
    "date": "2024/03/16",
    "name": "片倉高校前",
    "position": "-",
    "system": "八77",
    "destinations": [
        "車石",
        "片倉台",
        "片倉台小学校前",
        "車石",
        "片倉高校前",
        "御殿峠",
        "自然公園前(八王子市)",
        "鑓水(八王子市)",
        "坂下(16号側/町田市)",
        "橋本本町",
        "香福寺前",
        "旭小学校前(相模原市緑区)",
        "旭農協前",
        "橋本駅北口"
    ],
    "weekday": [
        "7:31",
        "8:16",
        "8:46",
        "9:15",
        "10:02",
        "10:45",
        "11:30",
        "12:15",
        "13:00",
        "13:45",
        "14:30",
        "15:15",
        "16:00",
        "16:43",
        "17:31",
        "18:16",
        "19:01",
        "19:45",
        "20:30"
    ],
    "saturday": [
        "7:59",
        "8:44",
        "9:29",
        "10:14",
        "10:59",
        "11:44",
        "12:30",
        "13:15",
        "14:00",
        "14:45",
        "15:30",
        "16:15",
        "17:00",
        "17:44",
        "18:29",
        "19:14",
        "20:10"
    ],
    "holiday": [
        "7:59",
        "8:44",
        "9:29",
        "10:14",
        "10:59",
        "11:44",
        "12:30",
        "13:15",
        "14:00",
        "14:45",
        "15:30",
        "16:15",
        "17:00",
        "17:44",
        "18:29",
        "19:14",
        "20:10"
    ],
    "url": "https://www.kanachu.co.jp/dia/diagram/timetable01_js/course:0000800744-9/node:00021265/kt:0/lname:/"
}
