{
    "date": "2024/03/16",
    "name": "片倉台小学校前",
    "position": "-",
    "system": "八77",
    "destinations": [
        "車石",
        "片倉高校前",
        "御殿峠",
        "自然公園前(八王子市)",
        "鑓水(八王子市)",
        "坂下(16号側/町田市)",
        "橋本本町",
        "香福寺前",
        "旭小学校前(相模原市緑区)",
        "旭農協前",
        "橋本駅北口"
    ],
    "weekday": [
        "7:35",
        "8:20",
        "8:50",
        "9:18",
        "10:05",
        "10:48",
        "11:33",
        "12:18",
        "13:03",
        "13:48",
        "14:33",
        "15:18",
        "16:03",
        "16:46",
        "17:35",
        "18:20",
        "19:05",
        "19:48",
        "20:33"
    ],
    "saturday": [
        "8:02",
        "8:47",
        "9:32",
        "10:17",
        "11:02",
        "11:47",
        "12:34",
        "13:19",
        "14:04",
        "14:49",
        "15:34",
        "16:19",
        "17:03",
        "17:47",
        "18:32",
        "19:17",
        "20:13"
    ],
    "holiday": [
        "8:02",
        "8:47",
        "9:32",
        "10:17",
        "11:02",
        "11:47",
        "12:34",
        "13:19",
        "14:04",
        "14:49",
        "15:34",
        "16:19",
        "17:03",
        "17:47",
        "18:32",
        "19:17",
        "20:13"
    ],
    "url": "https://www.kanachu.co.jp/dia/diagram/timetable01_js/course:0000800744-12/node:00021268/kt:0/lname:/"
}
