{
    "date": "2024/03/16",
    "name": "車石",
    "position": "-",
    "system": "八77",
    "destinations": [
        "片倉高校前",
        "御殿峠",
        "自然公園前(八王子市)",
        "鑓水(八王子市)",
        "坂下(16号側/町田市)",
        "橋本本町",
        "香福寺前",
        "旭小学校前(相模原市緑区)",
        "旭農協前",
        "橋本駅北口"
    ],
    "weekday": [
        "7:36",
        "8:21",
        "8:51",
        "9:19",
        "10:06",
        "10:49",
        "11:34",
        "12:19",
        "13:04",
        "13:49",
        "14:34",
        "15:19",
        "16:04",
        "16:47",
        "17:36",
        "18:21",
        "19:06",
        "19:49",
        "20:34"
    ],
    "saturday": [
        "8:03",
        "8:48",
        "9:33",
        "10:18",
        "11:03",
        "11:48",
        "12:35",
        "13:20",
        "14:05",
        "14:50",
        "15:35",
        "16:20",
        "17:04",
        "17:48",
        "18:33",
        "19:18",
        "20:14"
    ],
    "holiday": [
        "8:03",
        "8:48",
        "9:33",
        "10:18",
        "11:03",
        "11:48",
        "12:35",
        "13:20",
        "14:05",
        "14:50",
        "15:35",
        "16:20",
        "17:04",
        "17:48",
        "18:33",
        "19:18",
        "20:14"
    ],
    "url": "https://www.kanachu.co.jp/dia/diagram/timetable01_js/course:0000800744-13/node:00020464/kt:0/lname:/"
}
