{
    "date": "2024/03/16",
    "name": "片倉高校前",
    "position": "-",
    "system": "八77",
    "destinations": [
        "御殿峠",
        "自然公園前(八王子市)",
        "鑓水(八王子市)",
        "坂下(16号側/町田市)",
        "橋本本町",
        "香福寺前",
        "旭小学校前(相模原市緑区)",
        "旭農協前",
        "橋本駅北口"
    ],
    "weekday": [
        "7:37",
        "8:22",
        "8:52",
        "9:20",
        "10:07",
        "10:50",
        "11:35",
        "12:20",
        "13:05",
        "13:50",
        "14:35",
        "15:20",
        "16:05",
        "16:48",
        "17:37",
        "18:22",
        "19:07",
        "19:50",
        "20:35"
    ],
    "saturday": [
        "8:04",
        "8:49",
        "9:34",
        "10:19",
        "11:04",
        "11:49",
        "12:36",
        "13:21",
        "14:06",
        "14:51",
        "15:36",
        "16:21",
        "17:05",
        "17:49",
        "18:34",
        "19:19",
        "20:15"
    ],
    "holiday": [
        "8:04",
        "8:49",
        "9:34",
        "10:19",
        "11:04",
        "11:49",
        "12:36",
        "13:21",
        "14:06",
        "14:51",
        "15:36",
        "16:21",
        "17:05",
        "17:49",
        "18:34",
        "19:19",
        "20:15"
    ],
    "url": "https://www.kanachu.co.jp/dia/diagram/timetable01_js/course:0000800744-14/node:00021265/kt:0/lname:/"
}
