{
    "date": "2024/03/16",
    "name": "旭農協前",
    "position": "-",
    "system": "八77",
    "destinations": [
        "橋本駅北口"
    ],
    "weekday": [
        "7:49",
        "8:34",
        "9:04",
        "9:31",
        "10:18",
        "11:01",
        "11:46",
        "12:32",
        "13:17",
        "14:02",
        "14:47",
        "15:32",
        "16:17",
        "17:00",
        "17:49",
        "18:34",
        "19:19",
        "20:01",
        "20:46"
    ],
    "saturday": [
        "8:15",
        "9:00",
        "9:47",
        "10:32",
        "11:17",
        "12:02",
        "12:49",
        "13:34",
        "14:19",
        "15:04",
        "15:49",
        "16:34",
        "17:18",
        "18:02",
        "18:47",
        "19:30",
        "20:26"
    ],
    "holiday": [
        "8:15",
        "9:00",
        "9:47",
        "10:32",
        "11:17",
        "12:02",
        "12:49",
        "13:34",
        "14:19",
        "15:04",
        "15:49",
        "16:34",
        "17:18",
        "18:02",
        "18:47",
        "19:30",
        "20:26"
    ],
    "url": "https://www.kanachu.co.jp/dia/diagram/timetable01_js/course:0000800744-22/node:00020098/kt:0/lname:/"
}
