{
    "date": "2012/09/13",
    "name": "大上(厚木市)",
    "position": "-",
    "system": "愛24",
    "destinations": [
        "愛甲原住宅",
        "上愛甲",
        "愛甲橋",
        "堂山",
        "宮前(厚木市)",
        "愛甲石田駅"
    ],
    "weekday": [
        "5:59",
        "7:19",
        "16:46",
        "18:21"
    ],
    "saturday": [
        "5:59",
        "7:19",
        "16:46",
        "18:21"
    ],
    "holiday": [
        "5:59",
        "7:19",
        "16:46",
        "18:21"
    ],
    "url": "https://www.kanachu.co.jp/dia/diagram/timetable01_js/course:0000801173-21/node:00128525/kt:0/lname:/"
}
