{
    "date": "2025/10/20",
    "name": "金森",
    "position": "-",
    "system": "町85",
    "destinations": [
        "金森郵便局前",
        "南橋(町田市)",
        "三塚",
        "町田ターミナル前",
        "町田バスセンター"
    ],
    "weekday": [
        "6:12",
        "6:47",
        "7:19",
        "7:47",
        "8:14",
        "8:50",
        "9:14",
        "9:50",
        "10:14",
        "10:50",
        "11:14",
        "11:50",
        "12:14",
        "12:50",
        "13:14",
        "13:50",
        "14:14",
        "14:50",
        "15:14",
        "15:50",
        "16:14",
        "16:50",
        "17:14",
        "17:50",
        "18:14",
        "18:50",
        "19:17",
        "19:47",
        "20:32",
        "21:49"
    ],
    "saturday": [
        "6:47",
        "7:50",
        "8:14",
        "8:50",
        "9:14",
        "9:50",
        "10:14",
        "10:50",
        "11:14",
        "11:50",
        "12:14",
        "12:50",
        "13:14",
        "13:50",
        "14:14",
        "14:50",
        "15:14",
        "15:50",
        "16:14",
        "16:50",
        "17:14",
        "17:50",
        "18:14",
        "18:50",
        "19:17",
        "19:50",
        "20:20",
        "21:16"
    ],
    "holiday": [
        "7:27",
        "8:22",
        "9:22",
        "10:19",
        "11:22",
        "12:22",
        "13:22",
        "14:22",
        "15:22",
        "16:22",
        "17:22",
        "18:27",
        "19:27",
        "20:12",
        "21:16"
    ],
    "url": "https://www.kanachu.co.jp/dia/diagram/timetable01_js/course:0000803183-10/node:00129540/kt:0/lname:/"
}
