{
    "date": "2025/10/20",
    "name": "金森郵便局前",
    "position": "-",
    "system": "町85",
    "destinations": [
        "南橋(町田市)",
        "三塚",
        "町田ターミナル前",
        "町田バスセンター"
    ],
    "weekday": [
        "6:13",
        "6:48",
        "7:20",
        "7:48",
        "8:15",
        "8:51",
        "9:15",
        "9:51",
        "10:15",
        "10:51",
        "11:15",
        "11:51",
        "12:15",
        "12:51",
        "13:15",
        "13:51",
        "14:15",
        "14:51",
        "15:15",
        "15:51",
        "16:15",
        "16:51",
        "17:15",
        "17:51",
        "18:15",
        "18:51",
        "19:18",
        "19:48",
        "20:33",
        "21:50"
    ],
    "saturday": [
        "6:48",
        "7:51",
        "8:15",
        "8:51",
        "9:15",
        "9:51",
        "10:15",
        "10:51",
        "11:15",
        "11:51",
        "12:15",
        "12:51",
        "13:15",
        "13:51",
        "14:15",
        "14:51",
        "15:15",
        "15:51",
        "16:15",
        "16:51",
        "17:15",
        "17:51",
        "18:15",
        "18:51",
        "19:18",
        "19:51",
        "20:21",
        "21:17"
    ],
    "holiday": [
        "7:28",
        "8:23",
        "9:23",
        "10:20",
        "11:23",
        "12:23",
        "13:23",
        "14:23",
        "15:23",
        "16:23",
        "17:23",
        "18:28",
        "19:28",
        "20:13",
        "21:17"
    ],
    "url": "https://www.kanachu.co.jp/dia/diagram/timetable01_js/course:0000803183-11/node:00129541/kt:0/lname:/"
}
