{
    "date": "2025/10/20",
    "name": "南橋(町田市)",
    "position": "-",
    "system": "町85",
    "destinations": [
        "三塚",
        "町田ターミナル前",
        "町田バスセンター"
    ],
    "weekday": [
        "6:14",
        "6:49",
        "7:21",
        "7:49",
        "8:16",
        "8:52",
        "9:16",
        "9:52",
        "10:16",
        "10:52",
        "11:16",
        "11:52",
        "12:16",
        "12:52",
        "13:16",
        "13:52",
        "14:16",
        "14:52",
        "15:16",
        "15:52",
        "16:16",
        "16:52",
        "17:16",
        "17:52",
        "18:16",
        "18:52",
        "19:19",
        "19:49",
        "20:34",
        "21:51"
    ],
    "saturday": [
        "6:49",
        "7:52",
        "8:16",
        "8:52",
        "9:16",
        "9:52",
        "10:16",
        "10:52",
        "11:16",
        "11:52",
        "12:16",
        "12:52",
        "13:16",
        "13:52",
        "14:16",
        "14:52",
        "15:16",
        "15:52",
        "16:16",
        "16:52",
        "17:16",
        "17:52",
        "18:16",
        "18:52",
        "19:19",
        "19:52",
        "20:22",
        "21:18"
    ],
    "holiday": [
        "7:29",
        "8:24",
        "9:24",
        "10:21",
        "11:24",
        "12:24",
        "13:24",
        "14:24",
        "15:24",
        "16:24",
        "17:24",
        "18:29",
        "19:29",
        "20:14",
        "21:18"
    ],
    "url": "https://www.kanachu.co.jp/dia/diagram/timetable01_js/course:0000803183-12/node:00129542/kt:0/lname:/"
}
