{
    "date": "2025/11/16",
    "name": "弁天通り(平塚市)",
    "position": "-",
    "system": "二05",
    "destinations": [
        "境橋(中郡大磯町)",
        "上寺坂",
        "王福寺",
        "寺坂宮前",
        "普門寺入口",
        "生沢",
        "西生沢",
        "おおいそ学園入口",
        "月京",
        "天の杜",
        "国府新宿",
        "槇の木",
        "変電所前(中郡大磯町)",
        "下町(中郡二宮町)",
        "塩海橋",
        "秦野道",
        "二宮駅南口"
    ],
    "weekday": [
        "6:23"
    ],
    "saturday": [
        "7:20"
    ],
    "holiday": [
        "7:20"
    ],
    "url": "https://www.kanachu.co.jp/dia/diagram/timetable01_js/course:0000800533-2/node:00127551/kt:0/lname:/"
}
