{
    "date": "2025/04/01",
    "name": "横内団地前",
    "position": "-",
    "system": "平67",
    "destinations": [
        "今里(平塚市)",
        "坂口(平塚市)",
        "市場前(平塚市)",
        "大野農協前",
        "南真土",
        "神明中学校入口",
        "西八幡(平塚市)",
        "古河電工入口",
        "八幡公民館入口",
        "八幡(平塚市)",
        "八幡入口",
        "コンフォール平塚前",
        "市役所前(平塚市)",
        "四ツ角(平塚市)",
        "平塚駅北口"
    ],
    "weekday": [
        "5:12",
        "5:32",
        "5:52",
        "6:07",
        "6:22",
        "6:36",
        "6:45",
        "7:00",
        "7:12",
        "7:22",
        "7:34",
        "7:47",
        "8:00",
        "8:12",
        "8:32",
        "8:52",
        "9:12",
        "9:32",
        "9:52",
        "10:12",
        "10:32",
        "10:52",
        "11:12",
        "11:32",
        "11:52",
        "12:12",
        "12:32",
        "12:52",
        "13:12",
        "13:32",
        "13:52",
        "14:12",
        "14:32",
        "14:52",
        "15:12",
        "15:32",
        "15:52",
        "15:59",
        "16:12",
        "16:24",
        "16:42",
        "17:12",
        "17:42",
        "18:16",
        "18:46",
        "19:16",
        "19:46",
        "20:16"
    ],
    "saturday": [
        "5:39",
        "6:39",
        "7:04",
        "7:24",
        "7:44",
        "8:04",
        "8:24",
        "8:44",
        "9:04",
        "9:24",
        "9:44",
        "10:04",
        "10:24",
        "10:44",
        "11:04",
        "11:24",
        "11:44",
        "12:04",
        "12:24",
        "12:44",
        "13:04",
        "13:24",
        "13:44",
        "14:04",
        "14:24",
        "14:44",
        "15:04",
        "15:24",
        "15:44",
        "16:04",
        "16:24",
        "16:44",
        "17:04",
        "17:34",
        "18:04",
        "19:04",
        "20:04"
    ],
    "holiday": [
        "5:39",
        "6:39",
        "7:04",
        "7:24",
        "7:44",
        "8:04",
        "8:24",
        "8:44",
        "9:04",
        "9:24",
        "9:44",
        "10:04",
        "10:24",
        "10:44",
        "11:04",
        "11:24",
        "11:44",
        "12:04",
        "12:24",
        "12:44",
        "13:04",
        "13:24",
        "13:44",
        "14:04",
        "14:24",
        "14:44",
        "15:04",
        "15:24",
        "15:44",
        "16:04",
        "16:24",
        "16:44",
        "17:04",
        "17:34",
        "18:04",
        "19:04",
        "20:04"
    ],
    "url": "https://www.kanachu.co.jp/dia/diagram/timetable01_js/course:0000803778-5/node:00127613/kt:0/lname:/"
}
