{
    "date": "2025/04/01",
    "name": "古河電工入口",
    "position": "-",
    "system": "平67",
    "destinations": [
        "八幡公民館入口",
        "八幡(平塚市)",
        "八幡入口",
        "コンフォール平塚前",
        "市役所前(平塚市)",
        "四ツ角(平塚市)",
        "平塚駅北口"
    ],
    "weekday": [
        "5:20",
        "5:40",
        "6:00",
        "6:15",
        "6:30",
        "6:44",
        "6:53",
        "7:08",
        "7:20",
        "7:30",
        "7:42",
        "7:55",
        "8:08",
        "8:20",
        "8:40",
        "9:00",
        "9:20",
        "9:40",
        "10:00",
        "10:20",
        "10:40",
        "11:00",
        "11:20",
        "11:40",
        "12:00",
        "12:20",
        "12:40",
        "13:00",
        "13:20",
        "13:40",
        "14:00",
        "14:20",
        "14:40",
        "15:00",
        "15:20",
        "15:40",
        "16:00",
        "16:07",
        "16:20",
        "16:32",
        "16:50",
        "17:20",
        "17:50",
        "18:24",
        "18:54",
        "19:24",
        "19:54",
        "20:24"
    ],
    "saturday": [
        "5:47",
        "6:47",
        "7:12",
        "7:32",
        "7:52",
        "8:12",
        "8:32",
        "8:52",
        "9:12",
        "9:32",
        "9:52",
        "10:12",
        "10:32",
        "10:52",
        "11:12",
        "11:32",
        "11:52",
        "12:12",
        "12:32",
        "12:52",
        "13:12",
        "13:32",
        "13:52",
        "14:12",
        "14:32",
        "14:52",
        "15:12",
        "15:32",
        "15:52",
        "16:12",
        "16:32",
        "16:52",
        "17:12",
        "17:42",
        "18:12",
        "19:12",
        "20:12"
    ],
    "holiday": [
        "5:47",
        "6:47",
        "7:12",
        "7:32",
        "7:52",
        "8:12",
        "8:32",
        "8:52",
        "9:12",
        "9:32",
        "9:52",
        "10:12",
        "10:32",
        "10:52",
        "11:12",
        "11:32",
        "11:52",
        "12:12",
        "12:32",
        "12:52",
        "13:12",
        "13:32",
        "13:52",
        "14:12",
        "14:32",
        "14:52",
        "15:12",
        "15:32",
        "15:52",
        "16:12",
        "16:32",
        "16:52",
        "17:12",
        "17:42",
        "18:12",
        "19:12",
        "20:12"
    ],
    "url": "https://www.kanachu.co.jp/dia/diagram/timetable01_js/course:0000803778-13/node:00127648/kt:0/lname:/"
}
