{
    "date": "2025/07/27",
    "name": "下舟道",
    "position": "-",
    "system": "秦55",
    "destinations": [
        "中舟道",
        "舟道",
        "曲松(秦野市)",
        "渋沢駅北口"
    ],
    "weekday": [
        "6:34",
        "6:54",
        "7:14",
        "7:36",
        "7:54",
        "8:19",
        "8:59",
        "9:19",
        "9:49",
        "10:29",
        "11:09",
        "11:44",
        "12:29",
        "13:09",
        "13:34",
        "14:14",
        "15:00",
        "15:44",
        "16:27",
        "17:08",
        "17:29",
        "17:54",
        "18:14",
        "18:41",
        "19:04",
        "19:47",
        "20:27",
        "21:07"
    ],
    "saturday": [
        "6:59",
        "7:39",
        "8:29",
        "9:14",
        "10:04",
        "11:04",
        "12:04",
        "13:04",
        "14:04",
        "15:04",
        "16:04",
        "17:04",
        "18:04",
        "18:54"
    ],
    "holiday": [
        "6:59",
        "7:39",
        "8:29",
        "9:14",
        "10:04",
        "11:04",
        "12:04",
        "13:04",
        "14:04",
        "15:04",
        "16:04",
        "17:04",
        "18:04",
        "18:54"
    ],
    "url": "https://www.kanachu.co.jp/dia/diagram/timetable01_js/course:0000803796-10/node:00130140/kt:0/lname:/"
}
