{
    "system": "秦55",
    "busstops": [
        {
            "index": "1",
            "id": "00127715",
            "name": "秦野駅",
            "lat": "35.370115",
            "lng": "139.226798"
        },
        {
            "index": "2",
            "id": "00127929",
            "name": "今泉(秦野市)",
            "lat": "35.372364",
            "lng": "139.223537"
        },
        {
            "index": "3",
            "id": "00130134",
            "name": "今川町",
            "lat": "35.372802",
            "lng": "139.220884"
        },
        {
            "index": "4",
            "id": "00130135",
            "name": "桜橋入口",
            "lat": "35.372973",
            "lng": "139.218255"
        },
        {
            "index": "5",
            "id": "00130136",
            "name": "上今川町",
            "lat": "35.372719",
            "lng": "139.216072"
        },
        {
            "index": "6",
            "id": "00130199",
            "name": "平沢(秦野市清水町)",
            "lat": "35.372871",
            "lng": "139.21255"
        },
        {
            "index": "7",
            "id": "00130137",
            "name": "保健福祉センター前(秦野市)",
            "lat": "35.373035",
            "lng": "139.208862"
        },
        {
            "index": "8",
            "id": "00130138",
            "name": "宮の上(秦野市)",
            "lat": "35.371448",
            "lng": "139.205499"
        },
        {
            "index": "9",
            "id": "00130139",
            "name": "土橋(秦野市)",
            "lat": "35.370892",
            "lng": "139.200848"
        },
        {
            "index": "10",
            "id": "00130140",
            "name": "下舟道",
            "lat": "35.371534",
            "lng": "139.197176"
        },
        {
            "index": "11",
            "id": "00130157",
            "name": "中舟道",
            "lat": "35.372378",
            "lng": "139.192611"
        },
        {
            "index": "12",
            "id": "00130141",
            "name": "舟道",
            "lat": "35.373703",
            "lng": "139.189973"
        },
        {
            "index": "13",
            "id": "00127926",
            "name": "曲松(秦野市)",
            "lat": "35.375254",
            "lng": "139.186313"
        },
        {
            "index": "14",
            "id": "00127899",
            "name": "渋沢駅北口",
            "lat": "35.374375",
            "lng": "139.184811"
        }
    ],
    "route_url": "https://www.kanachu.co.jp/dia/route/index/cid:0000803796/"
}
