{
    "date": "2025/07/12",
    "name": "善行駅",
    "position": "-",
    "system": "善03",
    "destinations": [
        "善行二丁目",
        "茅山(藤沢市)",
        "石原谷",
        "関東航空前",
        "中郷(藤沢市)",
        "卸売市場前(藤沢市)",
        "大六天(藤沢市)",
        "舟地蔵",
        "天神社前",
        "弁天前(藤沢市)",
        "北の谷",
        "駒寄小学校前",
        "二番構保健医療センター",
        "駒寄",
        "滝の沢(藤沢市)",
        "滝の沢不動前",
        "湘南ライフタウン"
    ],
    "weekday": [
        "6:28",
        "7:28",
        "8:23",
        "17:20",
        "18:20"
    ],
    "saturday": [
        "7:28",
        "8:28",
        "17:10",
        "18:10"
    ],
    "holiday": [
        "7:28",
        "8:28",
        "17:10",
        "18:10"
    ],
    "url": "https://www.kanachu.co.jp/dia/diagram/timetable01_js/course:0000802713-1/node:00127073/kt:0/lname:/"
}
