{
    "date": "2025/07/12",
    "name": "卸売市場前(藤沢市)",
    "position": "-",
    "system": "善03",
    "destinations": [
        "大六天(藤沢市)",
        "舟地蔵",
        "天神社前",
        "弁天前(藤沢市)",
        "北の谷",
        "駒寄小学校前",
        "二番構保健医療センター",
        "駒寄",
        "滝の沢(藤沢市)",
        "滝の沢不動前",
        "湘南ライフタウン"
    ],
    "weekday": [
        "6:34",
        "7:34",
        "8:29",
        "17:26",
        "18:26"
    ],
    "saturday": [
        "7:34",
        "8:34",
        "17:16",
        "18:16"
    ],
    "holiday": [
        "7:34",
        "8:34",
        "17:16",
        "18:16"
    ],
    "url": "https://www.kanachu.co.jp/dia/diagram/timetable01_js/course:0000802713-7/node:00127104/kt:0/lname:/"
}
