{
    "date": "2025/07/12",
    "name": "大六天(藤沢市)",
    "position": "-",
    "system": "善03",
    "destinations": [
        "舟地蔵",
        "天神社前",
        "弁天前(藤沢市)",
        "北の谷",
        "駒寄小学校前",
        "二番構保健医療センター",
        "駒寄",
        "滝の沢(藤沢市)",
        "滝の沢不動前",
        "湘南ライフタウン"
    ],
    "weekday": [
        "6:35",
        "7:35",
        "8:30",
        "17:27",
        "18:27"
    ],
    "saturday": [
        "7:35",
        "8:35",
        "17:17",
        "18:17"
    ],
    "holiday": [
        "7:35",
        "8:35",
        "17:17",
        "18:17"
    ],
    "url": "https://www.kanachu.co.jp/dia/diagram/timetable01_js/course:0000802713-8/node:00127056/kt:0/lname:/"
}
