{
    "date": "2025/07/12",
    "name": "天神社前",
    "position": "-",
    "system": "善03",
    "destinations": [
        "弁天前(藤沢市)",
        "北の谷",
        "駒寄小学校前",
        "二番構保健医療センター",
        "駒寄",
        "滝の沢(藤沢市)",
        "滝の沢不動前",
        "湘南ライフタウン"
    ],
    "weekday": [
        "6:37",
        "7:37",
        "8:32",
        "17:29",
        "18:29"
    ],
    "saturday": [
        "7:37",
        "8:37",
        "17:19",
        "18:19"
    ],
    "holiday": [
        "7:37",
        "8:37",
        "17:19",
        "18:19"
    ],
    "url": "https://www.kanachu.co.jp/dia/diagram/timetable01_js/course:0000802713-10/node:00127058/kt:0/lname:/"
}
