{
    "date": "2025/07/12",
    "name": "弁天前(藤沢市)",
    "position": "-",
    "system": "善03",
    "destinations": [
        "北の谷",
        "駒寄小学校前",
        "二番構保健医療センター",
        "駒寄",
        "滝の沢(藤沢市)",
        "滝の沢不動前",
        "湘南ライフタウン"
    ],
    "weekday": [
        "6:38",
        "7:38",
        "8:33",
        "17:30",
        "18:30"
    ],
    "saturday": [
        "7:38",
        "8:38",
        "17:20",
        "18:20"
    ],
    "holiday": [
        "7:38",
        "8:38",
        "17:20",
        "18:20"
    ],
    "url": "https://www.kanachu.co.jp/dia/diagram/timetable01_js/course:0000802713-11/node:00127059/kt:0/lname:/"
}
