{
    "date": "2022/03/12",
    "name": "橘団地",
    "position": "-",
    "system": "国05",
    "destinations": [
        "下小竹",
        "下中駐在所前",
        "下中小学校前",
        "上町入口(小田原市)",
        "テクノパーク北",
        "テクノパーク中央",
        "橘タウンセンター前",
        "テクノパーク西",
        "中村原",
        "下原(小田原市)",
        "橘中学校入口(小田原市)",
        "押切(中郡二宮町)",
        "押切・塔台橋",
        "橘インター入口",
        "町屋(小田原市)",
        "小学校前(小田原市)",
        "近戸神社",
        "前川(小田原市)",
        "西前川",
        "国府津駅"
    ],
    "weekday": [
        "12:06",
        "13:11",
        "16:36"
    ],
    "saturday": [],
    "holiday": [],
    "url": "https://www.kanachu.co.jp/dia/diagram/timetable01_js/course:0000803132-1/node:00127813/kt:0/lname:/"
}
