{
    "date": "2022/03/12",
    "name": "テクノパーク西",
    "position": "-",
    "system": "国05",
    "destinations": [
        "中村原",
        "下原(小田原市)",
        "橘中学校入口(小田原市)",
        "押切(中郡二宮町)",
        "押切・塔台橋",
        "橘インター入口",
        "町屋(小田原市)",
        "小学校前(小田原市)",
        "近戸神社",
        "前川(小田原市)",
        "西前川",
        "国府津駅"
    ],
    "weekday": [
        "12:14",
        "13:19",
        "16:44"
    ],
    "saturday": [],
    "holiday": [],
    "url": "https://www.kanachu.co.jp/dia/diagram/timetable01_js/course:0000803132-9/node:00130386/kt:0/lname:/"
}
