{
    "date": "2024/12/16",
    "name": "矢名",
    "position": "-",
    "system": "学04",
    "destinations": [
        "学校入口(秦野市)",
        "東海大学北門",
        "東海大学前駅入口",
        "東海大学前駅南口"
    ],
    "weekday": [
        "6:34",
        "7:07",
        "7:52",
        "9:33",
        "9:57",
        "10:35",
        "10:55",
        "11:52",
        "12:32",
        "12:52",
        "13:32",
        "14:32",
        "15:32",
        "15:52",
        "16:52",
        "17:52",
        "18:32",
        "18:52",
        "19:12",
        "19:42",
        "20:12",
        "21:17",
        "21:45",
        "22:17",
        "22:44"
    ],
    "saturday": [
        "6:27",
        "6:57",
        "7:27",
        "7:57",
        "8:27",
        "8:57",
        "9:52",
        "10:32",
        "10:52",
        "11:32",
        "11:52",
        "12:52",
        "13:32",
        "13:52",
        "14:32",
        "14:52",
        "15:32",
        "15:52",
        "16:32",
        "16:52",
        "17:42",
        "18:12",
        "19:12",
        "19:42",
        "20:12",
        "21:12",
        "21:42",
        "22:12"
    ],
    "holiday": [
        "6:27",
        "6:57",
        "7:27",
        "7:57",
        "8:27",
        "8:57",
        "9:52",
        "10:32",
        "10:52",
        "11:32",
        "11:52",
        "12:52",
        "13:32",
        "13:52",
        "14:32",
        "14:52",
        "15:32",
        "15:52",
        "16:32",
        "16:52",
        "17:42",
        "18:12",
        "19:12",
        "19:42",
        "20:12",
        "21:12",
        "21:42",
        "22:12"
    ],
    "url": "https://www.kanachu.co.jp/dia/diagram/timetable01_js/course:0000803659-4/node:00127757/kt:0/lname:/"
}
