{
    "date": "2025/04/19",
    "name": "大野台入口",
    "position": "-",
    "system": "大53",
    "destinations": [
        "麻溝台入口",
        "麻溝台高校",
        "北里大学病院・北里大学"
    ],
    "weekday": [
        "10:36",
        "11:01",
        "11:36",
        "12:06",
        "12:26",
        "13:06",
        "14:06",
        "14:36",
        "15:31",
        "16:31",
        "17:01",
        "18:31",
        "18:54",
        "19:23",
        "19:53",
        "20:03",
        "20:53"
    ],
    "saturday": [
        "10:51",
        "12:46",
        "14:29",
        "15:29",
        "16:46",
        "18:46"
    ],
    "holiday": [
        "11:31",
        "12:46",
        "14:31",
        "15:31",
        "18:06",
        "19:04"
    ],
    "url": "https://www.kanachu.co.jp/dia/diagram/timetable01_js/course:0000801893-10/node:00129093/kt:0/lname:/"
}
