{
    "date": "2024/03/16",
    "name": "滝の沢(町田市)",
    "position": "-",
    "system": "町29",
    "destinations": [
        "浄水場前(町田市)",
        "市民病院前(町田市)",
        "森野三丁目",
        "保健所入口",
        "森野一丁目",
        "町田バスセンター"
    ],
    "weekday": [
        "6:15",
        "6:43",
        "7:25",
        "8:02",
        "8:38",
        "9:18",
        "10:34",
        "11:54",
        "12:54",
        "14:14",
        "14:54",
        "16:16",
        "16:54",
        "17:58",
        "19:13",
        "19:55"
    ],
    "saturday": [
        "6:40",
        "7:51",
        "9:06",
        "10:14",
        "11:14",
        "12:34",
        "13:53",
        "15:17",
        "16:16",
        "17:16",
        "18:10",
        "18:43"
    ],
    "holiday": [
        "7:10",
        "8:10",
        "9:12",
        "9:53",
        "11:14",
        "12:14",
        "12:53",
        "14:15",
        "15:37",
        "16:57",
        "18:22"
    ],
    "url": "https://www.kanachu.co.jp/dia/diagram/timetable01_js/course:0000803180-17/node:00129361/kt:0/lname:/"
}
