{
    "date": "2024/03/16",
    "name": "森野三丁目",
    "position": "-",
    "system": "町29",
    "destinations": [
        "保健所入口",
        "森野一丁目",
        "町田バスセンター"
    ],
    "weekday": [
        "6:18",
        "6:46",
        "7:28",
        "8:05",
        "8:41",
        "9:21",
        "10:37",
        "11:57",
        "12:57",
        "14:17",
        "14:57",
        "16:19",
        "16:57",
        "18:01",
        "19:16",
        "19:58"
    ],
    "saturday": [
        "6:43",
        "7:54",
        "9:09",
        "10:17",
        "11:17",
        "12:37",
        "13:56",
        "15:20",
        "16:19",
        "17:19",
        "18:13",
        "18:46"
    ],
    "holiday": [
        "7:13",
        "8:13",
        "9:15",
        "9:56",
        "11:17",
        "12:17",
        "12:56",
        "14:18",
        "15:40",
        "17:00",
        "18:25"
    ],
    "url": "https://www.kanachu.co.jp/dia/diagram/timetable01_js/course:0000803180-20/node:00129358/kt:0/lname:/"
}
