{
    "date": "2020/09/18",
    "name": "本村(茅ケ崎市)",
    "position": "-",
    "system": "辻01",
    "destinations": [
        "茅ヶ崎高校前",
        "松林中学校前",
        "菱沼",
        "西小和田",
        "小和田(茅ケ崎市)",
        "東小和田",
        "二ツ谷",
        "神台公園前",
        "辻堂駅北口"
    ],
    "weekday": [
        "5:37",
        "6:01",
        "6:26",
        "6:51",
        "7:15",
        "7:30",
        "7:48",
        "8:03",
        "8:18",
        "8:48",
        "9:03",
        "9:33",
        "10:03",
        "10:33",
        "11:03",
        "11:33",
        "12:03",
        "12:33",
        "13:03",
        "13:33",
        "14:03",
        "14:33",
        "15:03",
        "15:33",
        "16:03",
        "16:33",
        "17:03",
        "17:23",
        "17:43",
        "18:23",
        "18:43",
        "19:03",
        "19:23",
        "19:43",
        "20:23",
        "20:43",
        "21:31",
        "22:33"
    ],
    "saturday": [
        "5:37",
        "6:03",
        "6:28",
        "6:48",
        "7:18",
        "7:48",
        "8:23",
        "8:53",
        "9:23",
        "9:53",
        "10:23",
        "10:53",
        "11:23",
        "11:53",
        "12:23",
        "12:53",
        "13:23",
        "13:53",
        "14:23",
        "14:53",
        "15:23",
        "15:53",
        "16:23",
        "16:53",
        "17:23",
        "17:53",
        "18:23",
        "18:53",
        "19:23",
        "19:58",
        "20:53",
        "21:48",
        "22:33"
    ],
    "holiday": [
        "5:37",
        "6:03",
        "6:28",
        "6:48",
        "7:18",
        "7:48",
        "8:23",
        "8:53",
        "9:23",
        "9:53",
        "10:23",
        "10:53",
        "11:23",
        "11:53",
        "12:23",
        "12:53",
        "13:23",
        "13:53",
        "14:23",
        "14:53",
        "15:23",
        "15:53",
        "16:23",
        "16:53",
        "17:23",
        "17:53",
        "18:23",
        "18:53",
        "19:23",
        "19:58",
        "20:53",
        "21:48",
        "22:33"
    ],
    "url": "https://www.kanachu.co.jp/dia/diagram/timetable01_js/course:0000801450-2/node:00127127/kt:0/lname:/"
}
