{
    "date": "2020/09/18",
    "name": "西小和田",
    "position": "-",
    "system": "辻01",
    "destinations": [
        "小和田(茅ケ崎市)",
        "東小和田",
        "二ツ谷",
        "神台公園前",
        "辻堂駅北口"
    ],
    "weekday": [
        "5:41",
        "6:05",
        "6:30",
        "6:55",
        "7:20",
        "7:35",
        "7:53",
        "8:08",
        "8:23",
        "8:53",
        "9:08",
        "9:38",
        "10:08",
        "10:38",
        "11:08",
        "11:38",
        "12:08",
        "12:38",
        "13:08",
        "13:38",
        "14:08",
        "14:38",
        "15:08",
        "15:38",
        "16:08",
        "16:38",
        "17:08",
        "17:28",
        "17:48",
        "18:28",
        "18:48",
        "19:08",
        "19:28",
        "19:48",
        "20:27",
        "20:47",
        "21:35",
        "22:37"
    ],
    "saturday": [
        "5:41",
        "6:07",
        "6:32",
        "6:52",
        "7:22",
        "7:52",
        "8:28",
        "8:58",
        "9:28",
        "9:58",
        "10:28",
        "10:58",
        "11:28",
        "11:58",
        "12:28",
        "12:58",
        "13:28",
        "13:58",
        "14:28",
        "14:58",
        "15:28",
        "15:58",
        "16:28",
        "16:58",
        "17:28",
        "17:58",
        "18:28",
        "18:58",
        "19:28",
        "20:03",
        "20:57",
        "21:52",
        "22:37"
    ],
    "holiday": [
        "5:41",
        "6:07",
        "6:32",
        "6:52",
        "7:22",
        "7:52",
        "8:28",
        "8:58",
        "9:28",
        "9:58",
        "10:28",
        "10:58",
        "11:28",
        "11:58",
        "12:28",
        "12:58",
        "13:28",
        "13:58",
        "14:28",
        "14:58",
        "15:28",
        "15:58",
        "16:28",
        "16:58",
        "17:28",
        "17:58",
        "18:28",
        "18:58",
        "19:28",
        "20:03",
        "20:57",
        "21:52",
        "22:37"
    ],
    "url": "https://www.kanachu.co.jp/dia/diagram/timetable01_js/course:0000801450-6/node:00127131/kt:0/lname:/"
}
