{
    "date": "2025/01/14",
    "name": "厚木バスセンター",
    "position": "-",
    "system": "厚76",
    "destinations": [
        "小田急通り",
        "元町(厚木市)",
        "鮎津橋",
        "積水ソフランウイズ前",
        "金田下宿",
        "金田(厚木市)",
        "金田神社前",
        "下依知入口",
        "追分(厚木市)",
        "蓮生寺(厚木市)",
        "関口(厚木市)",
        "依知小学校前",
        "中平(厚木市)",
        "山際",
        "藤塚(厚木市)",
        "上依知",
        "依知神社前",
        "上依知浮島弁天前",
        "猿ヶ島入口",
        "猿ヶ島"
    ],
    "weekday": [
        "6:30",
        "8:20",
        "16:53",
        "18:50"
    ],
    "saturday": [
        "8:45",
        "11:45",
        "14:45",
        "17:45"
    ],
    "holiday": [
        "8:20",
        "11:20",
        "14:20",
        "17:20"
    ],
    "url": "https://www.kanachu.co.jp/dia/diagram/timetable01_js/course:0000800283-1/node:00128256/kt:0/lname:/"
}
