{
    "date": "2025/01/14",
    "name": "金田神社前",
    "position": "-",
    "system": "厚76",
    "destinations": [
        "下依知入口",
        "追分(厚木市)",
        "蓮生寺(厚木市)",
        "関口(厚木市)",
        "依知小学校前",
        "中平(厚木市)",
        "山際",
        "藤塚(厚木市)",
        "上依知",
        "依知神社前",
        "上依知浮島弁天前",
        "猿ヶ島入口",
        "猿ヶ島"
    ],
    "weekday": [
        "6:39",
        "8:33",
        "17:06",
        "19:00"
    ],
    "saturday": [
        "8:57",
        "11:58",
        "14:58",
        "17:58"
    ],
    "holiday": [
        "8:29",
        "11:33",
        "14:33",
        "17:33"
    ],
    "url": "https://www.kanachu.co.jp/dia/diagram/timetable01_js/course:0000800283-8/node:00128348/kt:0/lname:/"
}
