{
    "date": "2025/01/14",
    "name": "追分(厚木市)",
    "position": "-",
    "system": "厚76",
    "destinations": [
        "蓮生寺(厚木市)",
        "関口(厚木市)",
        "依知小学校前",
        "中平(厚木市)",
        "山際",
        "藤塚(厚木市)",
        "上依知",
        "依知神社前",
        "上依知浮島弁天前",
        "猿ヶ島入口",
        "猿ヶ島"
    ],
    "weekday": [
        "6:41",
        "8:35",
        "17:08",
        "19:02"
    ],
    "saturday": [
        "8:59",
        "12:00",
        "15:00",
        "18:00"
    ],
    "holiday": [
        "8:31",
        "11:35",
        "14:35",
        "17:35"
    ],
    "url": "https://www.kanachu.co.jp/dia/diagram/timetable01_js/course:0000800283-10/node:00128350/kt:0/lname:/"
}
