{
    "date": "2025/01/14",
    "name": "蓮生寺(厚木市)",
    "position": "-",
    "system": "厚76",
    "destinations": [
        "関口(厚木市)",
        "依知小学校前",
        "中平(厚木市)",
        "山際",
        "藤塚(厚木市)",
        "上依知",
        "依知神社前",
        "上依知浮島弁天前",
        "猿ヶ島入口",
        "猿ヶ島"
    ],
    "weekday": [
        "6:42",
        "8:36",
        "17:09",
        "19:03"
    ],
    "saturday": [
        "9:00",
        "12:01",
        "15:01",
        "18:01"
    ],
    "holiday": [
        "8:32",
        "11:36",
        "14:36",
        "17:36"
    ],
    "url": "https://www.kanachu.co.jp/dia/diagram/timetable01_js/course:0000800283-11/node:00128351/kt:0/lname:/"
}
