{
    "date": "2025/04/01",
    "name": "前戸",
    "position": "-",
    "system": "三55",
    "destinations": [
        "橋野沢",
        "地蔵前(相模原市緑区)",
        "鮑子取入口",
        "津久井クリーンセンター前",
        "青山(相模原市緑区)",
        "三ヶ木新宿",
        "津久井高校前",
        "三ヶ木"
    ],
    "weekday": [
        "7:20",
        "11:10",
        "16:30",
        "18:00"
    ],
    "saturday": [],
    "holiday": [],
    "url": "https://www.kanachu.co.jp/dia/diagram/timetable01_js/course:0000803807-17/node:00128758/kt:0/lname:/"
}
