{
    "date": "2025/04/01",
    "name": "山王ガーデン",
    "position": "-",
    "system": "鶴66",
    "destinations": [
        "山王ガーデン入口",
        "春日台",
        "大蔵(鶴川郵便局前/町田市)",
        "鶴川市民センター入口",
        "下大蔵",
        "金井入口",
        "上能ヶ谷",
        "鶴川駅西口",
        "鶴川駅"
    ],
    "weekday": [
        "5:51",
        "6:49",
        "7:46",
        "8:46",
        "9:46",
        "10:45",
        "11:45",
        "12:45",
        "13:45",
        "14:45",
        "15:46",
        "16:46",
        "17:46",
        "18:46"
    ],
    "saturday": [
        "6:44",
        "7:44",
        "8:44",
        "9:44",
        "10:44",
        "11:44",
        "12:44",
        "13:44",
        "14:44",
        "15:44",
        "16:44",
        "17:44",
        "18:44"
    ],
    "holiday": [
        "7:44",
        "8:44",
        "9:44",
        "10:44",
        "11:44",
        "12:44",
        "13:44",
        "14:44",
        "15:44",
        "16:44",
        "17:44",
        "18:44"
    ],
    "url": "https://www.kanachu.co.jp/dia/diagram/timetable01_js/course:0000803446-5/node:00130305/kt:0/lname:/"
}
