{
    "date": "2025/04/01",
    "name": "大蔵(鶴川郵便局前/町田市)",
    "position": "-",
    "system": "鶴66",
    "destinations": [
        "鶴川市民センター入口",
        "下大蔵",
        "金井入口",
        "上能ヶ谷",
        "鶴川駅西口",
        "鶴川駅"
    ],
    "weekday": [
        "5:55",
        "6:53",
        "7:51",
        "8:51",
        "9:50",
        "10:49",
        "11:49",
        "12:49",
        "13:49",
        "14:49",
        "15:51",
        "16:51",
        "17:51",
        "18:51"
    ],
    "saturday": [
        "6:48",
        "7:49",
        "8:49",
        "9:49",
        "10:49",
        "11:49",
        "12:49",
        "13:49",
        "14:49",
        "15:49",
        "16:49",
        "17:49",
        "18:49"
    ],
    "holiday": [
        "7:49",
        "8:49",
        "9:49",
        "10:49",
        "11:49",
        "12:49",
        "13:49",
        "14:49",
        "15:49",
        "16:49",
        "17:49",
        "18:49"
    ],
    "url": "https://www.kanachu.co.jp/dia/diagram/timetable01_js/course:0000803446-8/node:00129435/kt:0/lname:/"
}
