{
    "date": "2025/04/01",
    "name": "金井入口",
    "position": "-",
    "system": "鶴66",
    "destinations": [
        "上能ヶ谷",
        "鶴川駅西口",
        "鶴川駅"
    ],
    "weekday": [
        "5:58",
        "6:56",
        "7:54",
        "8:54",
        "9:53",
        "10:52",
        "11:52",
        "12:52",
        "13:52",
        "14:52",
        "15:54",
        "16:54",
        "17:54",
        "18:54"
    ],
    "saturday": [
        "6:51",
        "7:52",
        "8:52",
        "9:52",
        "10:52",
        "11:52",
        "12:52",
        "13:52",
        "14:52",
        "15:52",
        "16:52",
        "17:52",
        "18:52"
    ],
    "holiday": [
        "7:52",
        "8:52",
        "9:52",
        "10:52",
        "11:52",
        "12:52",
        "13:52",
        "14:52",
        "15:52",
        "16:52",
        "17:52",
        "18:52"
    ],
    "url": "https://www.kanachu.co.jp/dia/diagram/timetable01_js/course:0000803446-11/node:00129438/kt:0/lname:/"
}
