{
    "date": "2025/11/25",
    "name": "光が丘三丁目(相模原市中央区)",
    "position": "-",
    "system": "淵35",
    "destinations": [
        "上溝団地",
        "上溝保育園前",
        "光が丘(相模原市中央区)",
        "千代田(相模原市中央区)",
        "栄公園前",
        "弥栄(相模原市中央区)",
        "淵野辺十字路",
        "淵野辺駅入口",
        "淵野辺駅南口"
    ],
    "weekday": [
        "5:56",
        "6:16",
        "6:39"
    ],
    "saturday": [
        "6:51"
    ],
    "holiday": [
        "6:51"
    ],
    "url": "https://www.kanachu.co.jp/dia/diagram/timetable01_js/course:0000803487-4/node:00129233/kt:0/lname:/"
}
