{
    "date": "2025/11/25",
    "name": "栄公園前",
    "position": "-",
    "system": "淵35",
    "destinations": [
        "弥栄(相模原市中央区)",
        "淵野辺十字路",
        "淵野辺駅入口",
        "淵野辺駅南口"
    ],
    "weekday": [
        "6:03",
        "6:23",
        "6:46"
    ],
    "saturday": [
        "6:58"
    ],
    "holiday": [
        "6:58"
    ],
    "url": "https://www.kanachu.co.jp/dia/diagram/timetable01_js/course:0000803487-9/node:00129143/kt:0/lname:/"
}
