{
    "date": "2025/11/25",
    "name": "弥栄(相模原市中央区)",
    "position": "-",
    "system": "淵35",
    "destinations": [
        "淵野辺十字路",
        "淵野辺駅入口",
        "淵野辺駅南口"
    ],
    "weekday": [
        "6:04",
        "6:24",
        "6:47"
    ],
    "saturday": [
        "6:59"
    ],
    "holiday": [
        "6:59"
    ],
    "url": "https://www.kanachu.co.jp/dia/diagram/timetable01_js/course:0000803487-10/node:00129280/kt:0/lname:/"
}
