{
    "system": "淵35",
    "busstops": [
        {
            "index": "1",
            "id": "00129232",
            "name": "光が丘一丁目(相模原市中央区)",
            "lat": "35.557786",
            "lng": "139.375051"
        },
        {
            "index": "2",
            "id": "00129122",
            "name": "光が丘小学校前",
            "lat": "35.55469",
            "lng": "139.376067"
        },
        {
            "index": "3",
            "id": "00129234",
            "name": "光が丘大通り",
            "lat": "35.552305",
            "lng": "139.377419"
        },
        {
            "index": "4",
            "id": "00129233",
            "name": "光が丘三丁目(相模原市中央区)",
            "lat": "35.550873",
            "lng": "139.378205"
        },
        {
            "index": "5",
            "id": "00129112",
            "name": "上溝団地",
            "lat": "35.551602",
            "lng": "139.380449"
        },
        {
            "index": "6",
            "id": "00129114",
            "name": "上溝保育園前",
            "lat": "35.554208",
            "lng": "139.379746"
        },
        {
            "index": "7",
            "id": "00129231",
            "name": "光が丘(相模原市中央区)",
            "lat": "35.556905",
            "lng": "139.380036"
        },
        {
            "index": "8",
            "id": "00129195",
            "name": "千代田(相模原市中央区)",
            "lat": "35.559753",
            "lng": "139.3799"
        },
        {
            "index": "9",
            "id": "00129143",
            "name": "栄公園前",
            "lat": "35.560703",
            "lng": "139.383352"
        },
        {
            "index": "10",
            "id": "00129280",
            "name": "弥栄(相模原市中央区)",
            "lat": "35.562281",
            "lng": "139.388293"
        },
        {
            "index": "11",
            "id": "00129248",
            "name": "淵野辺十字路",
            "lat": "35.564826",
            "lng": "139.393102"
        },
        {
            "index": "12",
            "id": "00129125",
            "name": "淵野辺駅入口",
            "lat": "35.56683",
            "lng": "139.395197"
        },
        {
            "index": "13",
            "id": "00129245",
            "name": "淵野辺駅南口",
            "lat": "35.568464",
            "lng": "139.394505"
        }
    ],
    "route_url": "https://www.kanachu.co.jp/dia/route/index/cid:0000803487/"
}
