{
    "date": "2025/11/16",
    "name": "杉山神社前(横浜市保土ケ谷区)",
    "position": "-",
    "system": "05",
    "destinations": [
        "川島町(横浜市保土ケ谷区)",
        "西谷妙福寺前",
        "梅の木(横浜市保土ケ谷区)",
        "西谷駅前",
        "西谷(横浜市旭区)",
        "下白根橋",
        "白根不動入口",
        "白根町",
        "鶴ヶ峰駅"
    ],
    "weekday": [
        "6:47"
    ],
    "saturday": [],
    "holiday": [],
    "url": "https://www.kanachu.co.jp/dia/diagram/timetable01_js/course:0000803930-15/node:00102655/kt:0/lname:/"
}
