{
    "date": "2024/03/16",
    "name": "自然公園前(八王子市)",
    "position": "-",
    "system": "八77",
    "destinations": [
        "御殿峠",
        "片倉高校前",
        "車石",
        "片倉台",
        "片倉台小学校前",
        "車石",
        "片倉高校前",
        "片倉高校入口",
        "片倉(八王子市)",
        "片倉駅入口",
        "片倉城址",
        "子安坂上",
        "万町二丁目",
        "万町一丁目",
        "八王子駅南口"
    ],
    "weekday": [
        "6:43",
        "7:29",
        "7:59",
        "8:29",
        "9:13",
        "9:58",
        "10:43",
        "11:28",
        "12:14",
        "12:59",
        "13:44",
        "14:29",
        "15:14",
        "15:59",
        "16:42",
        "17:29",
        "18:14",
        "18:59",
        "19:43"
    ],
    "saturday": [
        "7:18",
        "7:58",
        "8:43",
        "9:29",
        "10:14",
        "10:59",
        "11:44",
        "12:28",
        "13:13",
        "13:58",
        "14:43",
        "15:28",
        "16:13",
        "16:58",
        "17:44",
        "18:29",
        "19:23"
    ],
    "holiday": [
        "7:18",
        "7:58",
        "8:43",
        "9:29",
        "10:14",
        "10:59",
        "11:44",
        "12:29",
        "13:14",
        "13:59",
        "14:44",
        "15:29",
        "16:14",
        "16:59",
        "17:44",
        "18:29",
        "19:23"
    ],
    "url": "https://www.kanachu.co.jp/dia/diagram/timetable01_js/course:0000800642-8/node:00130081/kt:0/lname:/"
}
