{
    "date": "2024/03/16",
    "name": "御殿峠",
    "position": "-",
    "system": "八77",
    "destinations": [
        "片倉高校前",
        "車石",
        "片倉台",
        "片倉台小学校前",
        "車石",
        "片倉高校前",
        "片倉高校入口",
        "片倉(八王子市)",
        "片倉駅入口",
        "片倉城址",
        "子安坂上",
        "万町二丁目",
        "万町一丁目",
        "八王子駅南口"
    ],
    "weekday": [
        "6:44",
        "7:30",
        "8:00",
        "8:30",
        "9:14",
        "9:59",
        "10:44",
        "11:29",
        "12:15",
        "13:00",
        "13:45",
        "14:30",
        "15:15",
        "16:00",
        "16:43",
        "17:30",
        "18:15",
        "19:00",
        "19:44"
    ],
    "saturday": [
        "7:19",
        "7:59",
        "8:44",
        "9:30",
        "10:15",
        "11:00",
        "11:45",
        "12:29",
        "13:14",
        "13:59",
        "14:44",
        "15:29",
        "16:14",
        "16:59",
        "17:45",
        "18:30",
        "19:24"
    ],
    "holiday": [
        "7:19",
        "7:59",
        "8:44",
        "9:30",
        "10:15",
        "11:00",
        "11:45",
        "12:30",
        "13:15",
        "14:00",
        "14:45",
        "15:30",
        "16:15",
        "17:00",
        "17:45",
        "18:30",
        "19:24"
    ],
    "url": "https://www.kanachu.co.jp/dia/diagram/timetable01_js/course:0000800642-9/node:00130082/kt:0/lname:/"
}
