{
    "date": "2024/03/16",
    "name": "片倉台",
    "position": "-",
    "system": "八77",
    "destinations": [
        "片倉台小学校前",
        "車石",
        "片倉高校前",
        "片倉高校入口",
        "片倉(八王子市)",
        "片倉駅入口",
        "片倉城址",
        "子安坂上",
        "万町二丁目",
        "万町一丁目",
        "八王子駅南口"
    ],
    "weekday": [
        "6:51",
        "7:37",
        "8:07",
        "8:37",
        "9:21",
        "10:06",
        "10:51",
        "11:36",
        "12:22",
        "13:07",
        "13:52",
        "14:37",
        "15:22",
        "16:07",
        "16:50",
        "17:37",
        "18:22",
        "19:07",
        "19:51"
    ],
    "saturday": [
        "7:26",
        "8:06",
        "8:51",
        "9:37",
        "10:22",
        "11:07",
        "11:52",
        "12:36",
        "13:21",
        "14:06",
        "14:51",
        "15:36",
        "16:21",
        "17:06",
        "17:52",
        "18:37",
        "19:31"
    ],
    "holiday": [
        "7:26",
        "8:06",
        "8:51",
        "9:37",
        "10:22",
        "11:07",
        "11:52",
        "12:37",
        "13:22",
        "14:07",
        "14:52",
        "15:37",
        "16:22",
        "17:07",
        "17:52",
        "18:37",
        "19:31"
    ],
    "url": "https://www.kanachu.co.jp/dia/diagram/timetable01_js/course:0000800642-12/node:00021267/kt:0/lname:/"
}
