{
    "date": "2024/03/16",
    "name": "車石",
    "position": "-",
    "system": "八77",
    "destinations": [
        "片倉高校前",
        "片倉高校入口",
        "片倉(八王子市)",
        "片倉駅入口",
        "片倉城址",
        "子安坂上",
        "万町二丁目",
        "万町一丁目",
        "八王子駅南口"
    ],
    "weekday": [
        "6:52",
        "7:38",
        "8:08",
        "8:38",
        "9:22",
        "10:07",
        "10:52",
        "11:37",
        "12:23",
        "13:08",
        "13:53",
        "14:38",
        "15:23",
        "16:08",
        "16:51",
        "17:38",
        "18:23",
        "19:08",
        "19:52"
    ],
    "saturday": [
        "7:27",
        "8:07",
        "8:52",
        "9:38",
        "10:23",
        "11:08",
        "11:53",
        "12:37",
        "13:22",
        "14:07",
        "14:52",
        "15:37",
        "16:22",
        "17:07",
        "17:53",
        "18:38",
        "19:32"
    ],
    "holiday": [
        "7:27",
        "8:07",
        "8:52",
        "9:38",
        "10:23",
        "11:08",
        "11:53",
        "12:38",
        "13:23",
        "14:08",
        "14:53",
        "15:38",
        "16:23",
        "17:08",
        "17:53",
        "18:38",
        "19:32"
    ],
    "url": "https://www.kanachu.co.jp/dia/diagram/timetable01_js/course:0000800642-14/node:00020464/kt:0/lname:/"
}
