{
    "date": "2024/03/16",
    "name": "片倉高校前",
    "position": "-",
    "system": "八77",
    "destinations": [
        "片倉高校入口",
        "片倉(八王子市)",
        "片倉駅入口",
        "片倉城址",
        "子安坂上",
        "万町二丁目",
        "万町一丁目",
        "八王子駅南口"
    ],
    "weekday": [
        "6:53",
        "7:39",
        "8:09",
        "8:39",
        "9:23",
        "10:08",
        "10:53",
        "11:38",
        "12:24",
        "13:09",
        "13:54",
        "14:39",
        "15:24",
        "16:09",
        "16:52",
        "17:39",
        "18:24",
        "19:09",
        "19:53"
    ],
    "saturday": [
        "7:28",
        "8:08",
        "8:53",
        "9:39",
        "10:24",
        "11:09",
        "11:54",
        "12:38",
        "13:23",
        "14:08",
        "14:53",
        "15:38",
        "16:23",
        "17:08",
        "17:54",
        "18:39",
        "19:33"
    ],
    "holiday": [
        "7:28",
        "8:08",
        "8:53",
        "9:39",
        "10:24",
        "11:09",
        "11:54",
        "12:39",
        "13:24",
        "14:09",
        "14:54",
        "15:39",
        "16:24",
        "17:09",
        "17:54",
        "18:39",
        "19:33"
    ],
    "url": "https://www.kanachu.co.jp/dia/diagram/timetable01_js/course:0000800642-15/node:00021265/kt:0/lname:/"
}
