{
    "date": "2024/03/16",
    "name": "子安坂上",
    "position": "-",
    "system": "八77",
    "destinations": [
        "万町二丁目",
        "万町一丁目",
        "八王子駅南口"
    ],
    "weekday": [
        "6:58",
        "7:46",
        "8:16",
        "8:46",
        "9:30",
        "10:15",
        "11:00",
        "11:45",
        "12:31",
        "13:16",
        "14:01",
        "14:46",
        "15:31",
        "16:16",
        "16:59",
        "17:47",
        "18:32",
        "19:16",
        "20:00"
    ],
    "saturday": [
        "7:34",
        "8:14",
        "8:59",
        "9:46",
        "10:31",
        "11:16",
        "12:01",
        "12:45",
        "13:30",
        "14:15",
        "15:00",
        "15:45",
        "16:30",
        "17:15",
        "18:01",
        "18:46",
        "19:39"
    ],
    "holiday": [
        "7:34",
        "8:14",
        "8:59",
        "9:46",
        "10:31",
        "11:16",
        "12:01",
        "12:46",
        "13:31",
        "14:16",
        "15:01",
        "15:46",
        "16:31",
        "17:16",
        "18:01",
        "18:46",
        "19:39"
    ],
    "url": "https://www.kanachu.co.jp/dia/diagram/timetable01_js/course:0000800642-20/node:00020426/kt:0/lname:/"
}
