{
    "date": "2021/01/16",
    "name": "町田バスセンター",
    "position": "8番乗り場",
    "system": "町74",
    "destinations": [
        "原町田四丁目",
        "原町田三丁目",
        "三塚",
        "熊野神社前(成瀬街道側/町田市)",
        "高瀬橋(町田市)",
        "鞍掛",
        "成瀬消防出張所前",
        "成瀬コミュニティセンター前",
        "中村(町田市成瀬)",
        "観性寺前",
        "成瀬台入口",
        "ポプラヶ丘前",
        "成瀬台二丁目",
        "野村住宅中央",
        "成瀬台"
    ],
    "weekday": [
        "8:05"
    ],
    "saturday": [],
    "holiday": [],
    "url": "https://www.kanachu.co.jp/dia/diagram/timetable01_js/course:0000801313-1/node:00025625/kt:0/lname:/"
}
