{
    "date": "2021/01/16",
    "name": "中村(町田市成瀬)",
    "position": "-",
    "system": "町74",
    "destinations": [
        "観性寺前",
        "成瀬台入口",
        "ポプラヶ丘前",
        "成瀬台二丁目",
        "野村住宅中央",
        "成瀬台"
    ],
    "weekday": [
        "8:21"
    ],
    "saturday": [],
    "holiday": [],
    "url": "https://www.kanachu.co.jp/dia/diagram/timetable01_js/course:0000801313-10/node:00129560/kt:0/lname:/"
}
