{
    "date": "2025/03/15",
    "name": "登象",
    "position": "-",
    "system": "茅55",
    "destinations": [
        "鶴嶺小学校前",
        "辻東(茅ケ崎市)",
        "古川(茅ケ崎市)",
        "アルバック前",
        "走内",
        "西の谷(茅ケ崎市)",
        "上の前(茅ケ崎市)",
        "神の倉"
    ],
    "weekday": [
        "21:15",
        "22:10",
        "23:10"
    ],
    "saturday": [
        "21:15",
        "22:10"
    ],
    "holiday": [
        "21:28"
    ],
    "url": "https://www.kanachu.co.jp/dia/diagram/timetable01_js/course:0000803682-6/node:00127199/kt:0/lname:/"
}
