{
    "date": "2025/07/27",
    "name": "横野入口",
    "position": "-",
    "system": "秦50",
    "destinations": [
        "菩提(秦野市)",
        "菩提原",
        "戸川入口",
        "三屋入口",
        "羽根入口",
        "田原入口",
        "六反地",
        "榎木堂",
        "宮上(秦野市)",
        "宮前(秦野市)",
        "上大道",
        "大道(秦野市)",
        "上宿通り",
        "大川橋(秦野市)",
        "まほろば大橋",
        "秦野駅"
    ],
    "weekday": [
        "6:25",
        "7:33",
        "8:20",
        "17:20",
        "17:33"
    ],
    "saturday": [
        "7:10"
    ],
    "holiday": [
        "7:10"
    ],
    "url": "https://www.kanachu.co.jp/dia/diagram/timetable01_js/course:0000801048-1/node:00127888/kt:0/lname:/"
}
