{
    "date": "2025/07/27",
    "name": "六反地",
    "position": "-",
    "system": "秦50",
    "destinations": [
        "榎木堂",
        "宮上(秦野市)",
        "宮前(秦野市)",
        "上大道",
        "大道(秦野市)",
        "上宿通り",
        "大川橋(秦野市)",
        "まほろば大橋",
        "秦野駅"
    ],
    "weekday": [
        "6:32",
        "7:41",
        "8:28",
        "17:27",
        "17:40"
    ],
    "saturday": [
        "7:17"
    ],
    "holiday": [
        "7:17"
    ],
    "url": "https://www.kanachu.co.jp/dia/diagram/timetable01_js/course:0000801048-8/node:00127881/kt:0/lname:/"
}
