{
    "date": "2025/07/27",
    "name": "榎木堂",
    "position": "-",
    "system": "秦50",
    "destinations": [
        "宮上(秦野市)",
        "宮前(秦野市)",
        "上大道",
        "大道(秦野市)",
        "上宿通り",
        "大川橋(秦野市)",
        "まほろば大橋",
        "秦野駅"
    ],
    "weekday": [
        "6:33",
        "7:44",
        "8:31",
        "17:30",
        "17:43"
    ],
    "saturday": [
        "7:18"
    ],
    "holiday": [
        "7:18"
    ],
    "url": "https://www.kanachu.co.jp/dia/diagram/timetable01_js/course:0000801048-9/node:00127880/kt:0/lname:/"
}
