{
    "date": "2025/07/27",
    "name": "上大道",
    "position": "-",
    "system": "秦50",
    "destinations": [
        "大道(秦野市)",
        "上宿通り",
        "大川橋(秦野市)",
        "まほろば大橋",
        "秦野駅"
    ],
    "weekday": [
        "6:35",
        "7:46",
        "8:33",
        "17:32",
        "17:45"
    ],
    "saturday": [
        "7:20"
    ],
    "holiday": [
        "7:20"
    ],
    "url": "https://www.kanachu.co.jp/dia/diagram/timetable01_js/course:0000801048-12/node:00127877/kt:0/lname:/"
}
