{
    "system": "秦50",
    "busstops": [
        {
            "index": "1",
            "id": "00127888",
            "name": "横野入口",
            "lat": "35.400873",
            "lng": "139.189336"
        },
        {
            "index": "2",
            "id": "00127887",
            "name": "菩提(秦野市)",
            "lat": "35.398973",
            "lng": "139.194043"
        },
        {
            "index": "3",
            "id": "00127886",
            "name": "菩提原",
            "lat": "35.398011",
            "lng": "139.195816"
        },
        {
            "index": "4",
            "id": "00127885",
            "name": "戸川入口",
            "lat": "35.394838",
            "lng": "139.197506"
        },
        {
            "index": "5",
            "id": "00127884",
            "name": "三屋入口",
            "lat": "35.391333",
            "lng": "139.202385"
        },
        {
            "index": "6",
            "id": "00127883",
            "name": "羽根入口",
            "lat": "35.389232",
            "lng": "139.205416"
        },
        {
            "index": "7",
            "id": "00127882",
            "name": "田原入口",
            "lat": "35.386174",
            "lng": "139.209792"
        },
        {
            "index": "8",
            "id": "00127881",
            "name": "六反地",
            "lat": "35.383602",
            "lng": "139.212719"
        },
        {
            "index": "9",
            "id": "00127880",
            "name": "榎木堂",
            "lat": "35.382195",
            "lng": "139.214822"
        },
        {
            "index": "10",
            "id": "00127879",
            "name": "宮上(秦野市)",
            "lat": "35.381375",
            "lng": "139.216423"
        },
        {
            "index": "11",
            "id": "00127878",
            "name": "宮前(秦野市)",
            "lat": "35.378853",
            "lng": "139.221214"
        },
        {
            "index": "12",
            "id": "00127877",
            "name": "上大道",
            "lat": "35.377464",
            "lng": "139.224016"
        },
        {
            "index": "13",
            "id": "00127876",
            "name": "大道(秦野市)",
            "lat": "35.375766",
            "lng": "139.226297"
        },
        {
            "index": "14",
            "id": "00127717",
            "name": "上宿通り",
            "lat": "35.373824",
            "lng": "139.226745"
        },
        {
            "index": "15",
            "id": "00127716",
            "name": "大川橋(秦野市)",
            "lat": "35.37285",
            "lng": "139.225009"
        },
        {
            "index": "16",
            "id": "00128033",
            "name": "まほろば大橋",
            "lat": "35.371621",
            "lng": "139.226445"
        },
        {
            "index": "17",
            "id": "00127715",
            "name": "秦野駅",
            "lat": "35.370293",
            "lng": "139.226956"
        }
    ],
    "route_url": "https://www.kanachu.co.jp/dia/route/index/cid:0000801048/"
}
