{
    "date": "2021/02/22",
    "name": "平塚盲学校前",
    "position": "-",
    "system": "平99",
    "destinations": [
        "共済病院前総合公園西",
        "追分(平塚市)",
        "立野町(平塚市)",
        "横浜ゴム前",
        "市役所前(ゴム前/平塚市)",
        "四ツ角(平塚市)",
        "平塚駅北口"
    ],
    "weekday": [
        "7:25",
        "7:41",
        "7:54",
        "8:09"
    ],
    "saturday": [],
    "holiday": [],
    "url": "https://www.kanachu.co.jp/dia/diagram/timetable01_js/course:0000802066-8/node:00130371/kt:0/lname:/"
}
