{
    "date": "2023/02/27",
    "name": "愛光病院前",
    "position": "-",
    "system": "厚13",
    "destinations": [
        "林中学校入口",
        "及川球技場入口",
        "天台上野原",
        "山中陣屋跡公園前",
        "新道公所",
        "稲荷木",
        "鳶尾山前",
        "鳶尾四丁目",
        "鳶尾団地",
        "荻野中学校入口",
        "東谷戸入口",
        "みはる野",
        "みはる野一丁目",
        "みはる野中央",
        "みはる野二丁目",
        "まつかげ台"
    ],
    "weekday": [
        "18:29",
        "18:59",
        "19:20",
        "20:12"
    ],
    "saturday": [],
    "holiday": [],
    "url": "https://www.kanachu.co.jp/dia/diagram/timetable01_js/course:0000800269-3/node:00128397/kt:0/lname:/"
}
