{
    "date": "2023/02/27",
    "name": "及川球技場入口",
    "position": "-",
    "system": "厚13",
    "destinations": [
        "天台上野原",
        "山中陣屋跡公園前",
        "新道公所",
        "稲荷木",
        "鳶尾山前",
        "鳶尾四丁目",
        "鳶尾団地",
        "荻野中学校入口",
        "東谷戸入口",
        "みはる野",
        "みはる野一丁目",
        "みはる野中央",
        "みはる野二丁目",
        "まつかげ台"
    ],
    "weekday": [
        "18:33",
        "19:03",
        "19:24",
        "20:16"
    ],
    "saturday": [],
    "holiday": [],
    "url": "https://www.kanachu.co.jp/dia/diagram/timetable01_js/course:0000800269-5/node:00128686/kt:0/lname:/"
}
