{
    "date": "2023/02/27",
    "name": "新道公所",
    "position": "-",
    "system": "厚13",
    "destinations": [
        "稲荷木",
        "鳶尾山前",
        "鳶尾四丁目",
        "鳶尾団地",
        "荻野中学校入口",
        "東谷戸入口",
        "みはる野",
        "みはる野一丁目",
        "みはる野中央",
        "みはる野二丁目",
        "まつかげ台"
    ],
    "weekday": [
        "18:37",
        "19:07",
        "19:28",
        "20:20"
    ],
    "saturday": [],
    "holiday": [],
    "url": "https://www.kanachu.co.jp/dia/diagram/timetable01_js/course:0000800269-8/node:00128689/kt:0/lname:/"
}
