{
    "system": "町12",
    "destination": "町田ターミナル",
    "stations": [
        {
            "name": "木曽南団地",
            "file": "01_kiso_minami_danch.json"
        },
        {
            "name": "横町(町田市)",
            "file": ""
        },
        {
            "name": "境川団地",
            "file": ""
        },
        {
            "name": "境川団地中央",
            "file": ""
        },
        {
            "name": "境川団地入口",
            "file": ""
        },
        {
            "name": "木曽都営入口",
            "file": ""
        },
        {
            "name": "桧台入口",
            "file": ""
        },
        {
            "name": "森野六丁目",
            "file": ""
        },
        {
            "name": "森野五丁目",
            "file": ""
        },
        {
            "name": "妙延寺(町田市)",
            "file": ""
        },
        {
            "name": "町田市役所市民ホール前",
            "file": ""
        },
        {
            "name": "町田バスセンター",
            "file": ""
        },
        {
            "name": "町田ターミナル",
            "file": ""
        }
    ]
}
