{
    "date": "2025/11/16",
    "name": "伊勢原駅北口",
    "position": "-",
    "system": "伊58",
    "destinations": [
        "本町(伊勢原市)",
        "大神宮前",
        "板戸",
        "八雲神社前(伊勢原市)",
        "白根",
        "白根公民館前",
        "神戸(伊勢原市)",
        "串橋入口",
        "桜坂(伊勢原市)",
        "谷戸岡",
        "大住台",
        "坪ノ内",
        "笠谷戸",
        "善波西玉",
        "善波"
    ],
    "weekday": [
        "7:10",
        "14:59",
        "15:50"
    ],
    "saturday": [],
    "holiday": [],
    "url": "https://www.kanachu.co.jp/dia/diagram/timetable01_js/course:0000801282-1/node:00128127/kt:0/lname:/"
}
