{
    "date": "2025/11/16",
    "name": "桜坂(伊勢原市)",
    "position": "-",
    "system": "伊58",
    "destinations": [
        "谷戸岡",
        "大住台",
        "坪ノ内",
        "笠谷戸",
        "善波西玉",
        "善波"
    ],
    "weekday": [
        "7:22",
        "15:12",
        "16:03"
    ],
    "saturday": [],
    "holiday": [],
    "url": "https://www.kanachu.co.jp/dia/diagram/timetable01_js/course:0000801282-10/node:00127860/kt:0/lname:/"
}
