{
    "date": "2024/03/16",
    "name": "犬山",
    "position": "-",
    "system": "港33",
    "destinations": [
        "犬山南",
        "上之中央",
        "上之",
        "紅葉橋(横浜市栄区)",
        "本郷車庫前(横浜市栄区)",
        "山手学院入口",
        "稲荷森",
        "中野町",
        "元大橋",
        "若竹町(横浜市栄区)",
        "元大橋公園前",
        "港南台西公園",
        "横浜女子短期大学前",
        "港南台駅"
    ],
    "weekday": [
        "6:13"
    ],
    "saturday": [
        "6:23",
        "6:53",
        "7:23",
        "8:03",
        "8:27",
        "10:15",
        "11:22",
        "12:22",
        "13:53",
        "14:53",
        "15:53",
        "16:53",
        "17:53",
        "18:53",
        "21:03"
    ],
    "holiday": [
        "6:23",
        "6:53",
        "7:23",
        "8:03",
        "8:27",
        "10:15",
        "11:22",
        "12:22",
        "13:53",
        "14:53",
        "15:53",
        "16:53",
        "17:53",
        "18:53",
        "21:03"
    ],
    "url": "https://www.kanachu.co.jp/dia/diagram/timetable01_js/course:0000801279-4/node:00126534/kt:0/lname:/"
}
