{
    "date": "2024/03/16",
    "name": "紅葉橋(横浜市栄区)",
    "position": "-",
    "system": "港33",
    "destinations": [
        "本郷車庫前(横浜市栄区)",
        "山手学院入口",
        "稲荷森",
        "中野町",
        "元大橋",
        "若竹町(横浜市栄区)",
        "元大橋公園前",
        "港南台西公園",
        "横浜女子短期大学前",
        "港南台駅"
    ],
    "weekday": [
        "6:17"
    ],
    "saturday": [
        "6:27",
        "6:57",
        "7:27",
        "8:07",
        "8:31",
        "10:19",
        "11:26",
        "12:26",
        "13:57",
        "14:57",
        "15:57",
        "16:57",
        "17:57",
        "18:57",
        "21:07"
    ],
    "holiday": [
        "6:27",
        "6:57",
        "7:27",
        "8:07",
        "8:31",
        "10:19",
        "11:26",
        "12:26",
        "13:57",
        "14:57",
        "15:57",
        "16:57",
        "17:57",
        "18:57",
        "21:07"
    ],
    "url": "https://www.kanachu.co.jp/dia/diagram/timetable01_js/course:0000801279-8/node:00126514/kt:0/lname:/"
}
