{
    "date": "2024/03/16",
    "name": "本郷車庫前(横浜市栄区)",
    "position": "-",
    "system": "港33",
    "destinations": [
        "山手学院入口",
        "稲荷森",
        "中野町",
        "元大橋",
        "若竹町(横浜市栄区)",
        "元大橋公園前",
        "港南台西公園",
        "横浜女子短期大学前",
        "港南台駅"
    ],
    "weekday": [
        "6:18"
    ],
    "saturday": [
        "6:28",
        "6:58",
        "7:28",
        "8:08",
        "8:32",
        "10:21",
        "11:28",
        "12:28",
        "13:59",
        "14:59",
        "15:59",
        "16:59",
        "17:59",
        "18:59",
        "21:08"
    ],
    "holiday": [
        "6:28",
        "6:58",
        "7:28",
        "8:08",
        "8:32",
        "10:21",
        "11:28",
        "12:28",
        "13:59",
        "14:59",
        "15:59",
        "16:59",
        "17:59",
        "18:59",
        "21:08"
    ],
    "url": "https://www.kanachu.co.jp/dia/diagram/timetable01_js/course:0000801279-9/node:00025683/kt:0/lname:/"
}
