{
    "date": "2024/03/16",
    "name": "元大橋",
    "position": "-",
    "system": "港33",
    "destinations": [
        "若竹町(横浜市栄区)",
        "元大橋公園前",
        "港南台西公園",
        "横浜女子短期大学前",
        "港南台駅"
    ],
    "weekday": [
        "6:22"
    ],
    "saturday": [
        "6:32",
        "7:02",
        "7:32",
        "8:12",
        "8:36",
        "10:25",
        "11:32",
        "12:32",
        "14:03",
        "15:03",
        "16:03",
        "17:03",
        "18:03",
        "19:03",
        "21:12"
    ],
    "holiday": [
        "6:32",
        "7:02",
        "7:32",
        "8:12",
        "8:36",
        "10:25",
        "11:32",
        "12:32",
        "14:03",
        "15:03",
        "16:03",
        "17:03",
        "18:03",
        "19:03",
        "21:12"
    ],
    "url": "https://www.kanachu.co.jp/dia/diagram/timetable01_js/course:0000801279-13/node:00126546/kt:0/lname:/"
}
