{
    "date": "2024/03/16",
    "name": "横浜女子短期大学前",
    "position": "-",
    "system": "港33",
    "destinations": [
        "港南台駅"
    ],
    "weekday": [
        "6:26"
    ],
    "saturday": [
        "6:36",
        "7:06",
        "7:36",
        "8:16",
        "8:40",
        "10:29",
        "11:36",
        "12:36",
        "14:07",
        "15:07",
        "16:07",
        "17:07",
        "18:07",
        "19:07",
        "21:16"
    ],
    "holiday": [
        "6:36",
        "7:06",
        "7:36",
        "8:16",
        "8:40",
        "10:29",
        "11:36",
        "12:36",
        "14:07",
        "15:07",
        "16:07",
        "17:07",
        "18:07",
        "19:07",
        "21:16"
    ],
    "url": "https://www.kanachu.co.jp/dia/diagram/timetable01_js/course:0000801279-17/node:00103234/kt:0/lname:/"
}
