{
    "date": "2026/01/16",
    "name": "洪福寺",
    "position": "-",
    "system": "62",
    "destinations": [
        "峯小学校前",
        "和田町(横浜市保土ケ谷区)",
        "上星川",
        "川島町(横浜市保土ケ谷区)",
        "梅の木(横浜市保土ケ谷区)",
        "西谷駅前",
        "下白根橋",
        "愛宕旭環境センター前",
        "稲荷通",
        "金草沢",
        "千丸台団地",
        "千丸台中央",
        "千丸台集会所"
    ],
    "weekday": [
        "9:43",
        "10:03",
        "10:18",
        "10:38",
        "11:13",
        "11:38",
        "11:58",
        "12:13",
        "12:38",
        "13:08",
        "13:38",
        "14:08",
        "14:38",
        "15:08",
        "15:38",
        "16:03",
        "16:18"
    ],
    "saturday": [
        "9:58",
        "10:28",
        "10:58",
        "11:28",
        "11:58",
        "12:28",
        "12:58",
        "13:28",
        "13:58",
        "14:28",
        "14:58",
        "15:28",
        "15:59",
        "16:29"
    ],
    "holiday": [
        "9:58",
        "10:28",
        "10:58",
        "11:28",
        "11:58",
        "12:28",
        "12:58",
        "13:28",
        "13:58",
        "14:28",
        "14:58",
        "15:28",
        "15:59",
        "16:29"
    ],
    "url": "https://www.kanachu.co.jp/dia/diagram/timetable01_js/course:0000804051-2/node:00102504/kt:0/lname:/"
}
