{
    "date": "2026/01/16",
    "name": "梅の木(横浜市保土ケ谷区)",
    "position": "-",
    "system": "62",
    "destinations": [
        "西谷駅前",
        "下白根橋",
        "愛宕旭環境センター前",
        "稲荷通",
        "金草沢",
        "千丸台団地",
        "千丸台中央",
        "千丸台集会所"
    ],
    "weekday": [
        "9:54",
        "10:14",
        "10:29",
        "10:49",
        "11:24",
        "11:49",
        "12:09",
        "12:24",
        "12:49",
        "13:19",
        "13:49",
        "14:19",
        "14:49",
        "15:19",
        "15:49",
        "16:14",
        "16:31"
    ],
    "saturday": [
        "10:09",
        "10:39",
        "11:09",
        "11:39",
        "12:09",
        "12:39",
        "13:09",
        "13:39",
        "14:09",
        "14:39",
        "15:09",
        "15:39",
        "16:13",
        "16:43"
    ],
    "holiday": [
        "10:09",
        "10:39",
        "11:09",
        "11:39",
        "12:09",
        "12:39",
        "13:09",
        "13:39",
        "14:09",
        "14:39",
        "15:09",
        "15:39",
        "16:13",
        "16:43"
    ],
    "url": "https://www.kanachu.co.jp/dia/diagram/timetable01_js/course:0000804051-7/node:00102279/kt:0/lname:/"
}
