{
    "date": "2025/04/01",
    "name": "下大蔵",
    "position": "-",
    "system": "鶴66",
    "destinations": [
        "鶴川市民センター入口",
        "大蔵(鶴川郵便局前/町田市)",
        "春日台",
        "山王ガーデン入口",
        "山王ガーデン",
        "綾部入口",
        "袋橋",
        "田中入口",
        "野津田車庫"
    ],
    "weekday": [
        "7:29",
        "8:35",
        "9:29",
        "10:29",
        "11:29",
        "12:30",
        "13:29",
        "14:29",
        "15:29",
        "16:29",
        "17:30",
        "18:35",
        "19:35",
        "20:29"
    ],
    "saturday": [
        "8:29",
        "9:29",
        "10:29",
        "11:29",
        "12:36",
        "13:29",
        "14:29",
        "15:29",
        "16:29",
        "17:36",
        "18:33",
        "19:35",
        "20:18"
    ],
    "holiday": [
        "9:29",
        "10:29",
        "11:29",
        "12:36",
        "13:29",
        "14:29",
        "15:29",
        "16:29",
        "17:36",
        "18:33",
        "19:35"
    ],
    "url": "https://www.kanachu.co.jp/dia/diagram/timetable01_js/course:0000803472-4/node:00129437/kt:0/lname:/"
}
