{
    "date": "2025/04/01",
    "name": "山王ガーデン入口",
    "position": "-",
    "system": "鶴66",
    "destinations": [
        "山王ガーデン",
        "綾部入口",
        "袋橋",
        "田中入口",
        "野津田車庫"
    ],
    "weekday": [
        "7:34",
        "8:40",
        "9:34",
        "10:34",
        "11:34",
        "12:35",
        "13:34",
        "14:34",
        "15:34",
        "16:34",
        "17:35",
        "18:40",
        "19:40",
        "20:34"
    ],
    "saturday": [
        "8:34",
        "9:34",
        "10:34",
        "11:34",
        "12:41",
        "13:34",
        "14:34",
        "15:34",
        "16:34",
        "17:41",
        "18:38",
        "19:40",
        "20:23"
    ],
    "holiday": [
        "9:34",
        "10:34",
        "11:34",
        "12:41",
        "13:34",
        "14:34",
        "15:34",
        "16:34",
        "17:41",
        "18:38",
        "19:40"
    ],
    "url": "https://www.kanachu.co.jp/dia/diagram/timetable01_js/course:0000803472-8/node:00130306/kt:0/lname:/"
}
