{
    "date": "2026/01/16",
    "name": "幼稚園前(茅ケ崎市)",
    "position": "-",
    "system": "辻08",
    "destinations": [
        "菱沼団地入口",
        "菱沼二丁目",
        "松林",
        "松林二丁目",
        "室田一丁目",
        "室田小学校入口",
        "室田",
        "高田三丁目",
        "ニュータウン中央(茅ケ崎市)",
        "ニュータウン入口(茅ケ崎市)",
        "市立病院(茅ケ崎市)"
    ],
    "weekday": [
        "19:51",
        "20:32",
        "21:42",
        "22:40"
    ],
    "saturday": [],
    "holiday": [],
    "url": "https://www.kanachu.co.jp/dia/diagram/timetable01_js/course:0000804079-10/node:00127285/kt:0/lname:/"
}
