{
    "date": "2024/10/01",
    "name": "中の郷(相模原市緑区)",
    "position": "-",
    "system": "橋30",
    "destinations": [
        "上大島南",
        "上大島東",
        "合野原",
        "内出(相模原市緑区)",
        "九沢自治会館前",
        "北公園入口(相模原市緑区)",
        "北公園・ほねごりアリーナ前",
        "北の丘センター",
        "峡の原工業団地",
        "金属団地内郵便局前",
        "ライフタウン東",
        "ライフタウン西口",
        "みのり公園入口",
        "緑区合同庁舎前(相模原市緑区)",
        "橋本二丁目",
        "橋本駅南口"
    ],
    "weekday": [
        "7:37",
        "8:57",
        "9:42",
        "11:52",
        "14:02",
        "16:12",
        "17:32",
        "18:22"
    ],
    "saturday": [
        "7:37",
        "8:57",
        "9:42",
        "11:52",
        "14:02",
        "16:12",
        "17:32",
        "18:22"
    ],
    "holiday": [
        "7:37",
        "8:57",
        "9:42",
        "11:52",
        "14:02",
        "16:12",
        "17:32",
        "18:22"
    ],
    "url": "https://www.kanachu.co.jp/dia/diagram/timetable01_js/course:0000803633-3/node:00130170/kt:0/lname:/"
}
