{
    "date": "2024/10/01",
    "name": "北の丘センター",
    "position": "-",
    "system": "橋30",
    "destinations": [
        "峡の原工業団地",
        "金属団地内郵便局前",
        "ライフタウン東",
        "ライフタウン西口",
        "みのり公園入口",
        "緑区合同庁舎前(相模原市緑区)",
        "橋本二丁目",
        "橋本駅南口"
    ],
    "weekday": [
        "7:48",
        "9:08",
        "9:53",
        "12:03",
        "14:13",
        "16:23",
        "17:43",
        "18:33"
    ],
    "saturday": [
        "7:48",
        "9:08",
        "9:53",
        "12:03",
        "14:13",
        "16:23",
        "17:43",
        "18:33"
    ],
    "holiday": [
        "7:48",
        "9:08",
        "9:53",
        "12:03",
        "14:13",
        "16:23",
        "17:43",
        "18:33"
    ],
    "url": "https://www.kanachu.co.jp/dia/diagram/timetable01_js/course:0000803633-11/node:00130167/kt:0/lname:/"
}
