{
    "date": "2024/10/01",
    "name": "みのり公園入口",
    "position": "-",
    "system": "橋30",
    "destinations": [
        "緑区合同庁舎前(相模原市緑区)",
        "橋本二丁目",
        "橋本駅南口"
    ],
    "weekday": [
        "7:53",
        "9:13",
        "9:58",
        "12:08",
        "14:18",
        "16:28",
        "17:48",
        "18:38"
    ],
    "saturday": [
        "7:53",
        "9:13",
        "9:58",
        "12:08",
        "14:18",
        "16:28",
        "17:48",
        "18:38"
    ],
    "holiday": [
        "7:53",
        "9:13",
        "9:58",
        "12:08",
        "14:18",
        "16:28",
        "17:48",
        "18:38"
    ],
    "url": "https://www.kanachu.co.jp/dia/diagram/timetable01_js/course:0000803633-16/node:00130165/kt:0/lname:/"
}
