{
    "date": "2024/10/01",
    "name": "橋本二丁目",
    "position": "-",
    "system": "橋30",
    "destinations": [
        "橋本駅南口"
    ],
    "weekday": [
        "7:56",
        "9:16",
        "10:01",
        "12:11",
        "14:21",
        "16:31",
        "17:51",
        "18:41"
    ],
    "saturday": [
        "7:56",
        "9:16",
        "10:01",
        "12:11",
        "14:21",
        "16:31",
        "17:51",
        "18:41"
    ],
    "holiday": [
        "7:56",
        "9:16",
        "10:01",
        "12:11",
        "14:21",
        "16:31",
        "17:51",
        "18:41"
    ],
    "url": "https://www.kanachu.co.jp/dia/diagram/timetable01_js/course:0000803633-18/node:00128971/kt:0/lname:/"
}
