{
    "date": "2024/07/01",
    "name": "八坂神社前",
    "position": "-",
    "system": "戸77",
    "destinations": [
        "東電前(横浜市戸塚区)",
        "皇谷台団地",
        "法務局前(横浜市戸塚区)",
        "長久保(横浜市戸塚区)",
        "下郷(横浜市戸塚区)",
        "ヒルズ南戸塚"
    ],
    "weekday": [
        "22:43"
    ],
    "saturday": [],
    "holiday": [],
    "url": "https://www.kanachu.co.jp/dia/diagram/timetable01_js/course:0000803548-3/node:00126810/kt:0/lname:/"
}
