{
    "system": "戸77",
    "busstops": [
        {
            "index": "1",
            "id": "00126775",
            "name": "戸塚バスセンター",
            "lat": "35.400278",
            "lng": "139.532222"
        },
        {
            "index": "2",
            "id": "00126809",
            "name": "消防署前(横浜市戸塚区)",
            "lat": "35.398563",
            "lng": "139.531015"
        },
        {
            "index": "3",
            "id": "00126810",
            "name": "八坂神社前",
            "lat": "35.394401",
            "lng": "139.529834"
        },
        {
            "index": "4",
            "id": "00126838",
            "name": "東電前(横浜市戸塚区)",
            "lat": "35.391916",
            "lng": "139.527632"
        },
        {
            "index": "5",
            "id": "00126839",
            "name": "皇谷台団地",
            "lat": "35.390104",
            "lng": "139.527634"
        },
        {
            "index": "6",
            "id": "00126840",
            "name": "法務局前(横浜市戸塚区)",
            "lat": "35.388416",
            "lng": "139.527587"
        },
        {
            "index": "7",
            "id": "00126841",
            "name": "長久保(横浜市戸塚区)",
            "lat": "35.386301",
            "lng": "139.526874"
        },
        {
            "index": "8",
            "id": "00126842",
            "name": "下郷(横浜市戸塚区)",
            "lat": "35.384313",
            "lng": "139.524805"
        },
        {
            "index": "9",
            "id": "00126856",
            "name": "ヒルズ南戸塚",
            "lat": "35.385052",
            "lng": "139.523309"
        }
    ],
    "route_url": "https://www.kanachu.co.jp/dia/route/index/cid:0000803548/"
}
