{
    "date": "2026/01/16",
    "name": "元町(中郡二宮町)",
    "position": "-",
    "system": "二02",
    "destinations": [
        "堂面(中郡二宮町)",
        "栗谷前",
        "桜美園前",
        "富士見平",
        "西久保(中郡大磯町)",
        "西久保福祉館前",
        "黒岩公民館前",
        "黒岩台",
        "黒岩公民館前",
        "西久保福祉館前",
        "西久保(中郡大磯町)",
        "黒岩入口",
        "上舟窪",
        "舟窪",
        "公民館前(中郡大磯町)",
        "天神下(中郡大磯町)",
        "虫窪",
        "ぼったり",
        "下田(中郡大磯町)",
        "素心学院前",
        "国府中学西口",
        "湘南大磯住宅入口",
        "湘南大磯病院"
    ],
    "weekday": [
        "19:16"
    ],
    "saturday": [],
    "holiday": [],
    "url": "https://www.kanachu.co.jp/dia/diagram/timetable01_js/course:0000804082-2/node:00127791/kt:0/lname:/"
}
