{
    "date": "2024/12/16",
    "name": "上平塚",
    "position": "-",
    "system": "平22",
    "destinations": [
        "平塚農商高校",
        "貴峯荘前",
        "大久保公園(平塚市)",
        "諏訪町(平塚市)",
        "豊原町",
        "富士見小学校前(平塚市)",
        "桧扇町",
        "新豊田道",
        "豊田道",
        "八間通り",
        "平塚文化芸術ホール前",
        "銀座通り(平塚市)",
        "平塚駅北口"
    ],
    "weekday": [
        "5:56",
        "6:26",
        "6:56",
        "7:26",
        "7:46",
        "8:06",
        "9:16",
        "10:16",
        "11:16",
        "12:16",
        "13:16",
        "14:16",
        "15:16",
        "16:16",
        "17:16",
        "18:26",
        "19:26",
        "20:26",
        "21:26"
    ],
    "saturday": [
        "6:39",
        "7:49",
        "8:44",
        "9:39",
        "17:04",
        "18:14",
        "19:14",
        "20:14"
    ],
    "holiday": [
        "6:39",
        "7:49",
        "8:44",
        "9:39",
        "17:04",
        "18:14",
        "19:14",
        "20:14"
    ],
    "url": "https://www.kanachu.co.jp/dia/diagram/timetable01_js/course:0000803655-3/node:00127572/kt:0/lname:/"
}
