{
    "date": "2024/12/16",
    "name": "平塚農商高校",
    "position": "-",
    "system": "平22",
    "destinations": [
        "貴峯荘前",
        "大久保公園(平塚市)",
        "諏訪町(平塚市)",
        "豊原町",
        "富士見小学校前(平塚市)",
        "桧扇町",
        "新豊田道",
        "豊田道",
        "八間通り",
        "平塚文化芸術ホール前",
        "銀座通り(平塚市)",
        "平塚駅北口"
    ],
    "weekday": [
        "5:57",
        "6:27",
        "6:57",
        "7:27",
        "7:47",
        "8:07",
        "9:17",
        "10:17",
        "11:17",
        "12:17",
        "13:17",
        "14:17",
        "15:17",
        "16:17",
        "17:17",
        "18:27",
        "19:27",
        "20:27",
        "21:27"
    ],
    "saturday": [
        "6:40",
        "7:50",
        "8:45",
        "9:40",
        "17:05",
        "18:15",
        "19:15",
        "20:15"
    ],
    "holiday": [
        "6:40",
        "7:50",
        "8:45",
        "9:40",
        "17:05",
        "18:15",
        "19:15",
        "20:15"
    ],
    "url": "https://www.kanachu.co.jp/dia/diagram/timetable01_js/course:0000803655-4/node:00127592/kt:0/lname:/"
}
