{
    "date": "2024/12/16",
    "name": "貴峯荘前",
    "position": "-",
    "system": "平22",
    "destinations": [
        "大久保公園(平塚市)",
        "諏訪町(平塚市)",
        "豊原町",
        "富士見小学校前(平塚市)",
        "桧扇町",
        "新豊田道",
        "豊田道",
        "八間通り",
        "平塚文化芸術ホール前",
        "銀座通り(平塚市)",
        "平塚駅北口"
    ],
    "weekday": [
        "5:58",
        "6:28",
        "6:58",
        "7:28",
        "7:48",
        "8:08",
        "9:18",
        "10:18",
        "11:18",
        "12:18",
        "13:18",
        "14:18",
        "15:18",
        "16:18",
        "17:18",
        "18:28",
        "19:28",
        "20:28",
        "21:28"
    ],
    "saturday": [
        "6:41",
        "7:51",
        "8:46",
        "9:41",
        "17:06",
        "18:16",
        "19:16",
        "20:16"
    ],
    "holiday": [
        "6:41",
        "7:51",
        "8:46",
        "9:41",
        "17:06",
        "18:16",
        "19:16",
        "20:16"
    ],
    "url": "https://www.kanachu.co.jp/dia/diagram/timetable01_js/course:0000803655-5/node:00127591/kt:0/lname:/"
}
