{
    "date": "2024/12/16",
    "name": "諏訪町(平塚市)",
    "position": "-",
    "system": "平22",
    "destinations": [
        "豊原町",
        "富士見小学校前(平塚市)",
        "桧扇町",
        "新豊田道",
        "豊田道",
        "八間通り",
        "平塚文化芸術ホール前",
        "銀座通り(平塚市)",
        "平塚駅北口"
    ],
    "weekday": [
        "6:00",
        "6:30",
        "7:00",
        "7:30",
        "7:50",
        "8:10",
        "9:20",
        "10:20",
        "11:20",
        "12:20",
        "13:20",
        "14:20",
        "15:20",
        "16:20",
        "17:20",
        "18:30",
        "19:30",
        "20:30",
        "21:30"
    ],
    "saturday": [
        "6:43",
        "7:53",
        "8:48",
        "9:43",
        "17:08",
        "18:18",
        "19:18",
        "20:18"
    ],
    "holiday": [
        "6:43",
        "7:53",
        "8:48",
        "9:43",
        "17:08",
        "18:18",
        "19:18",
        "20:18"
    ],
    "url": "https://www.kanachu.co.jp/dia/diagram/timetable01_js/course:0000803655-7/node:00127589/kt:0/lname:/"
}
