{
    "date": "2024/12/16",
    "name": "豊原町",
    "position": "-",
    "system": "平22",
    "destinations": [
        "富士見小学校前(平塚市)",
        "桧扇町",
        "新豊田道",
        "豊田道",
        "八間通り",
        "平塚文化芸術ホール前",
        "銀座通り(平塚市)",
        "平塚駅北口"
    ],
    "weekday": [
        "6:01",
        "6:31",
        "7:01",
        "7:31",
        "7:51",
        "8:11",
        "9:21",
        "10:21",
        "11:21",
        "12:21",
        "13:21",
        "14:21",
        "15:21",
        "16:21",
        "17:21",
        "18:31",
        "19:31",
        "20:31",
        "21:31"
    ],
    "saturday": [
        "6:44",
        "7:54",
        "8:49",
        "9:44",
        "17:09",
        "18:19",
        "19:19",
        "20:19"
    ],
    "holiday": [
        "6:44",
        "7:54",
        "8:49",
        "9:44",
        "17:09",
        "18:19",
        "19:19",
        "20:19"
    ],
    "url": "https://www.kanachu.co.jp/dia/diagram/timetable01_js/course:0000803655-8/node:00127588/kt:0/lname:/"
}
