{
    "date": "2024/12/16",
    "name": "富士見小学校前(平塚市)",
    "position": "-",
    "system": "平22",
    "destinations": [
        "桧扇町",
        "新豊田道",
        "豊田道",
        "八間通り",
        "平塚文化芸術ホール前",
        "銀座通り(平塚市)",
        "平塚駅北口"
    ],
    "weekday": [
        "6:02",
        "6:32",
        "7:02",
        "7:32",
        "7:52",
        "8:12",
        "9:22",
        "10:22",
        "11:22",
        "12:22",
        "13:22",
        "14:22",
        "15:22",
        "16:22",
        "17:22",
        "18:32",
        "19:32",
        "20:32",
        "21:32"
    ],
    "saturday": [
        "6:45",
        "7:55",
        "8:50",
        "9:45",
        "17:10",
        "18:20",
        "19:20",
        "20:20"
    ],
    "holiday": [
        "6:45",
        "7:55",
        "8:50",
        "9:45",
        "17:10",
        "18:20",
        "19:20",
        "20:20"
    ],
    "url": "https://www.kanachu.co.jp/dia/diagram/timetable01_js/course:0000803655-9/node:00127587/kt:0/lname:/"
}
