{
    "date": "2024/12/16",
    "name": "八間通り",
    "position": "-",
    "system": "平22",
    "destinations": [
        "平塚文化芸術ホール前",
        "銀座通り(平塚市)",
        "平塚駅北口"
    ],
    "weekday": [
        "6:05",
        "6:35",
        "7:05",
        "7:35",
        "7:55",
        "8:15",
        "9:25",
        "10:25",
        "11:25",
        "12:25",
        "13:25",
        "14:25",
        "15:25",
        "16:25",
        "17:25",
        "18:35",
        "19:35",
        "20:35",
        "21:35"
    ],
    "saturday": [
        "6:48",
        "7:58",
        "8:53",
        "9:48",
        "17:13",
        "18:23",
        "19:23",
        "20:23"
    ],
    "holiday": [
        "6:48",
        "7:58",
        "8:53",
        "9:48",
        "17:13",
        "18:23",
        "19:23",
        "20:23"
    ],
    "url": "https://www.kanachu.co.jp/dia/diagram/timetable01_js/course:0000803655-13/node:00127467/kt:0/lname:/"
}
