{
    "date": "2024/12/16",
    "name": "平塚文化芸術ホール前",
    "position": "-",
    "system": "平22",
    "destinations": [
        "銀座通り(平塚市)",
        "平塚駅北口"
    ],
    "weekday": [
        "6:06",
        "6:36",
        "7:06",
        "7:36",
        "7:56",
        "8:16",
        "9:26",
        "10:26",
        "11:26",
        "12:26",
        "13:26",
        "14:26",
        "15:26",
        "16:26",
        "17:26",
        "18:36",
        "19:36",
        "20:36",
        "21:36"
    ],
    "saturday": [
        "6:49",
        "7:59",
        "8:54",
        "9:49",
        "17:14",
        "18:24",
        "19:24",
        "20:24"
    ],
    "holiday": [
        "6:49",
        "7:59",
        "8:54",
        "9:49",
        "17:14",
        "18:24",
        "19:24",
        "20:24"
    ],
    "url": "https://www.kanachu.co.jp/dia/diagram/timetable01_js/course:0000803655-14/node:00127466/kt:0/lname:/"
}
