{
    "date": "2012/09/25",
    "name": "相模湖駅",
    "position": "-",
    "system": "湖29",
    "destinations": [
        "桂北小学校前",
        "平野(相模原市緑区)",
        "小原(相模原市緑区)",
        "底沢",
        "千木良",
        "岡本(相模原市緑区)",
        "神明台(相模原市緑区)",
        "宮ノ台(相模原市緑区)",
        "大垂水",
        "大平(八王子市)",
        "山下(八王子市)",
        "梅の木平",
        "込縄橋",
        "高尾山口駅"
    ],
    "weekday": [
        "16:08"
    ],
    "saturday": [],
    "holiday": [],
    "url": "https://www.kanachu.co.jp/dia/diagram/timetable01_js/course:0000800554-1/node:00128918/kt:0/lname:/"
}
