{
    "date": "2012/09/25",
    "name": "岡本(相模原市緑区)",
    "position": "-",
    "system": "湖29",
    "destinations": [
        "神明台(相模原市緑区)",
        "宮ノ台(相模原市緑区)",
        "大垂水",
        "大平(八王子市)",
        "山下(八王子市)",
        "梅の木平",
        "込縄橋",
        "高尾山口駅"
    ],
    "weekday": [
        "16:16"
    ],
    "saturday": [],
    "holiday": [],
    "url": "https://www.kanachu.co.jp/dia/diagram/timetable01_js/course:0000800554-7/node:00128930/kt:0/lname:/"
}
