{
    "date": "2025/04/01",
    "name": "三家(町田市)",
    "position": "-",
    "system": "町39",
    "destinations": [
        "木曽(町田市)",
        "忠生公園入口",
        "上宿(町田市)",
        "下根岸(町田市)",
        "根岸(根岸町/町田市)",
        "忠生都営住宅前",
        "桜美林学園東",
        "尾根緑道入口",
        "市立室内プール",
        "日大三高入口",
        "日影橋",
        "図師大橋",
        "図師",
        "並木(町田市)",
        "神学校(町田市)",
        "野津田車庫"
    ],
    "weekday": [
        "8:11",
        "8:39",
        "8:54",
        "9:13",
        "9:37",
        "10:22",
        "11:12",
        "12:10",
        "12:20",
        "12:57",
        "13:34",
        "14:36",
        "15:18",
        "16:10",
        "17:13",
        "18:08",
        "19:01",
        "20:02",
        "20:40"
    ],
    "saturday": [
        "8:40",
        "9:31",
        "10:31",
        "11:17",
        "12:02",
        "12:52",
        "13:47",
        "14:33",
        "15:33",
        "16:38",
        "17:38",
        "18:38",
        "19:37",
        "20:36"
    ],
    "holiday": [
        "8:45",
        "9:32",
        "10:32",
        "11:18",
        "12:03",
        "12:53",
        "13:20",
        "13:53",
        "14:33",
        "15:30",
        "16:48",
        "17:48",
        "18:38",
        "19:35",
        "20:35"
    ],
    "url": "https://www.kanachu.co.jp/dia/diagram/timetable01_js/course:0000802468-9/node:00129363/kt:0/lname:/"
}
