{
    "date": "2024/09/02",
    "name": "上飯田車庫",
    "position": "-",
    "system": "境01",
    "destinations": [
        "ひなた山",
        "遊水池前(横浜市泉区)",
        "柳明",
        "阿久和山谷",
        "阿久和坂上",
        "阿久和",
        "宮の腰(横浜市瀬谷区)",
        "谷戸阿久和",
        "上阿久和",
        "旭ヶ丘(横浜市瀬谷区)",
        "住宅前(横浜市瀬谷区)",
        "富士見台(横浜市瀬谷区)",
        "富士見通り商店街",
        "三ツ境駅"
    ],
    "weekday": [
        "6:05",
        "6:35",
        "10:53",
        "11:53",
        "15:03",
        "16:03"
    ],
    "saturday": [
        "6:48",
        "11:53",
        "13:05",
        "16:07"
    ],
    "holiday": [
        "11:53"
    ],
    "url": "https://www.kanachu.co.jp/dia/diagram/timetable01_js/course:0000801484-1/node:00126905/kt:0/lname:/"
}
