{
    "date": "2025/04/19",
    "name": "常福寺",
    "position": "-",
    "system": "台06",
    "destinations": [
        "新磯まちづくりセンター前",
        "下磯部",
        "磯部(相模原市南区)"
    ],
    "weekday": [
        "6:18",
        "6:45",
        "7:15",
        "7:35",
        "7:50",
        "8:20",
        "8:40",
        "9:00",
        "9:53",
        "10:53",
        "11:53",
        "12:53",
        "13:53",
        "14:53",
        "15:53",
        "16:48",
        "17:33",
        "17:58",
        "18:35",
        "19:00",
        "19:25",
        "19:48",
        "20:08",
        "20:53",
        "21:38",
        "22:38"
    ],
    "saturday": [
        "6:23",
        "7:03",
        "7:43",
        "8:23",
        "9:03",
        "9:43",
        "10:23",
        "11:08",
        "12:08",
        "13:08",
        "14:08",
        "15:08",
        "16:08",
        "16:48",
        "17:28",
        "18:08",
        "18:48",
        "19:28",
        "20:08",
        "21:08",
        "22:08"
    ],
    "holiday": [
        "7:08",
        "8:08",
        "9:08",
        "10:08",
        "11:08",
        "12:08",
        "13:08",
        "14:08",
        "15:08",
        "16:08",
        "17:08",
        "18:08",
        "19:08",
        "20:08",
        "21:08",
        "22:08"
    ],
    "url": "https://www.kanachu.co.jp/dia/diagram/timetable01_js/course:0000800115-9/node:00128591/kt:0/lname:/"
}
