{
    "date": "2025/01/14",
    "name": "糀屋前(厚木市)",
    "position": "-",
    "system": "厚66",
    "destinations": [
        "松蓮寺",
        "妻田薬師",
        "中村入口(厚木市)",
        "妻田",
        "三家入口(厚木市)",
        "木売場",
        "市立病院前(厚木市)",
        "税務署入口(厚木市)",
        "市役所入口(厚木市)",
        "本厚木駅",
        "厚木バスセンター"
    ],
    "weekday": [
        "6:24",
        "6:54",
        "7:24",
        "7:46",
        "8:12",
        "8:47",
        "9:29",
        "10:17",
        "11:04",
        "12:04",
        "13:04",
        "14:04",
        "15:04",
        "16:04",
        "17:09",
        "18:12",
        "19:11",
        "20:09",
        "20:51"
    ],
    "saturday": [
        "6:22",
        "7:02",
        "7:32",
        "8:07",
        "8:42",
        "9:27",
        "10:27",
        "11:27",
        "12:27",
        "13:27",
        "14:27",
        "15:27",
        "16:27",
        "17:27",
        "18:27",
        "19:07",
        "19:47"
    ],
    "holiday": [
        "6:27",
        "7:27",
        "8:27",
        "9:27",
        "10:27",
        "11:27",
        "12:27",
        "13:27",
        "14:27",
        "15:27",
        "16:27",
        "17:27",
        "18:27"
    ],
    "url": "https://www.kanachu.co.jp/dia/diagram/timetable01_js/course:0000801848-20/node:00128266/kt:0/lname:/"
}
