{
    "date": "2025/01/14",
    "name": "中村入口(厚木市)",
    "position": "-",
    "system": "厚66",
    "destinations": [
        "妻田",
        "三家入口(厚木市)",
        "木売場",
        "市立病院前(厚木市)",
        "税務署入口(厚木市)",
        "市役所入口(厚木市)",
        "本厚木駅",
        "厚木バスセンター"
    ],
    "weekday": [
        "6:28",
        "6:58",
        "7:28",
        "7:51",
        "8:17",
        "8:52",
        "9:34",
        "10:22",
        "11:09",
        "12:09",
        "13:09",
        "14:09",
        "15:09",
        "16:09",
        "17:14",
        "18:17",
        "19:15",
        "20:13",
        "20:55"
    ],
    "saturday": [
        "6:25",
        "7:05",
        "7:36",
        "8:11",
        "8:46",
        "9:31",
        "10:31",
        "11:31",
        "12:31",
        "13:31",
        "14:31",
        "15:33",
        "16:33",
        "17:33",
        "18:33",
        "19:11",
        "19:51"
    ],
    "holiday": [
        "6:30",
        "7:30",
        "8:30",
        "9:30",
        "10:31",
        "11:31",
        "12:31",
        "13:31",
        "14:31",
        "15:33",
        "16:33",
        "17:33",
        "18:33"
    ],
    "url": "https://www.kanachu.co.jp/dia/diagram/timetable01_js/course:0000801848-23/node:00128263/kt:0/lname:/"
}
