{
    "date": "2025/01/14",
    "name": "税務署入口(厚木市)",
    "position": "-",
    "system": "厚66",
    "destinations": [
        "市役所入口(厚木市)",
        "本厚木駅",
        "厚木バスセンター"
    ],
    "weekday": [
        "6:35",
        "7:05",
        "7:36",
        "8:01",
        "8:27",
        "9:02",
        "9:42",
        "10:30",
        "11:17",
        "12:17",
        "13:17",
        "14:17",
        "15:17",
        "16:18",
        "17:23",
        "18:26",
        "19:21",
        "20:19",
        "21:01"
    ],
    "saturday": [
        "6:30",
        "7:10",
        "7:43",
        "8:18",
        "8:53",
        "9:40",
        "10:40",
        "11:40",
        "12:40",
        "13:40",
        "14:40",
        "15:41",
        "16:41",
        "17:41",
        "18:41",
        "19:17",
        "19:57"
    ],
    "holiday": [
        "6:35",
        "7:35",
        "8:36",
        "9:36",
        "10:40",
        "11:40",
        "12:40",
        "13:40",
        "14:40",
        "15:41",
        "16:41",
        "17:41",
        "18:41"
    ],
    "url": "https://www.kanachu.co.jp/dia/diagram/timetable01_js/course:0000801848-28/node:00128258/kt:0/lname:/"
}
