{
    "date": "2025/03/15",
    "name": "会館前(茅ケ崎市)",
    "position": "-",
    "system": "辻10",
    "destinations": [
        "東海岸二丁目",
        "駐在所前(茅ケ崎市)",
        "東海岸北五丁目",
        "松が丘二丁目(茅ケ崎市)",
        "平和町",
        "浜須賀入口",
        "平和学園前(茅ケ崎市)",
        "富士見町(茅ケ崎市)",
        "東浜須賀",
        "茅ヶ崎学園入口",
        "のぞみ学園前",
        "辻堂団地",
        "高砂(藤沢市)",
        "久根下公園前",
        "辻堂駅南口"
    ],
    "weekday": [],
    "saturday": [
        "6:37",
        "7:37",
        "8:37",
        "9:37",
        "10:37",
        "11:37",
        "12:37",
        "13:37",
        "14:37",
        "15:37",
        "16:37",
        "17:37",
        "18:37",
        "19:37"
    ],
    "holiday": [
        "6:37",
        "7:37",
        "8:37",
        "9:37",
        "10:37",
        "11:37",
        "12:37",
        "13:37",
        "14:37",
        "15:37",
        "16:37",
        "17:37",
        "18:37",
        "19:37"
    ],
    "url": "https://www.kanachu.co.jp/dia/diagram/timetable01_js/course:0000803219-3/node:00127221/kt:0/lname:/"
}
