{
    "date": "2025/03/15",
    "name": "駐在所前(茅ケ崎市)",
    "position": "-",
    "system": "辻10",
    "destinations": [
        "東海岸北五丁目",
        "松が丘二丁目(茅ケ崎市)",
        "平和町",
        "浜須賀入口",
        "平和学園前(茅ケ崎市)",
        "富士見町(茅ケ崎市)",
        "東浜須賀",
        "茅ヶ崎学園入口",
        "のぞみ学園前",
        "辻堂団地",
        "高砂(藤沢市)",
        "久根下公園前",
        "辻堂駅南口"
    ],
    "weekday": [],
    "saturday": [
        "6:39",
        "7:39",
        "8:39",
        "9:39",
        "10:39",
        "11:39",
        "12:39",
        "13:39",
        "14:39",
        "15:39",
        "16:39",
        "17:39",
        "18:39",
        "19:39"
    ],
    "holiday": [
        "6:39",
        "7:39",
        "8:39",
        "9:39",
        "10:39",
        "11:39",
        "12:39",
        "13:39",
        "14:39",
        "15:39",
        "16:39",
        "17:39",
        "18:39",
        "19:39"
    ],
    "url": "https://www.kanachu.co.jp/dia/diagram/timetable01_js/course:0000803219-5/node:00127223/kt:0/lname:/"
}
