{
    "date": "2025/04/01",
    "name": "平塚農商高校",
    "position": "-",
    "system": "平22",
    "destinations": [
        "上平塚",
        "市民病院前(平塚市)"
    ],
    "weekday": [
        "6:16",
        "7:11",
        "7:51",
        "8:11",
        "8:28",
        "9:06",
        "10:04",
        "11:04",
        "12:04",
        "13:04",
        "14:04",
        "15:04",
        "16:04",
        "17:04",
        "19:13",
        "20:13",
        "21:13",
        "22:14"
    ],
    "saturday": [
        "7:28",
        "8:20",
        "16:48",
        "17:50",
        "18:59",
        "19:58",
        "20:58",
        "21:58"
    ],
    "holiday": [
        "7:28",
        "8:20",
        "16:48",
        "17:50",
        "18:59",
        "19:58",
        "20:58",
        "21:58"
    ],
    "url": "https://www.kanachu.co.jp/dia/diagram/timetable01_js/course:0000803042-13/node:00127592/kt:0/lname:/"
}
