{
    "date": "2026/01/16",
    "name": "小川かえで公園前",
    "position": "-",
    "system": "つ03",
    "destinations": [
        "小川高校入口",
        "成瀬駅ガード南",
        "成瀬駅",
        "南成瀬",
        "成瀬高校入口",
        "中村(町田市成瀬)",
        "観性寺前",
        "昭和薬科大学入口",
        "昭和薬科大学",
        "児童公園前(町田市)",
        "東玉川学園四丁目"
    ],
    "weekday": [
        "10:44",
        "12:44",
        "14:44"
    ],
    "saturday": [
        "12:44",
        "14:44"
    ],
    "holiday": [
        "12:44",
        "14:44"
    ],
    "url": "https://www.kanachu.co.jp/dia/diagram/timetable01_js/course:0000804046-7/node:00129549/kt:0/lname:/"
}
