{
    "system": "厚10",
    "busstops": [
        {
            "index": "1",
            "id": "00127706",
            "name": "厚木アクスト",
            "lat": "35.423457",
            "lng": "139.360158"
        },
        {
            "index": "2",
            "id": "00128699",
            "name": "本厚木駅東口",
            "lat": "35.439786",
            "lng": "139.36589"
        },
        {
            "index": "3",
            "id": "00128256",
            "name": "厚木バスセンター",
            "lat": "35.441107",
            "lng": "139.36685"
        }
    ],
    "route_url": "https://www.kanachu.co.jp/dia/route/index/cid:0000803281/"
}
