{
    "date": "2017/01/16",
    "name": "関口(厚木市)",
    "position": "-",
    "system": "厚81",
    "destinations": [
        "依知小学校前",
        "中平(厚木市)",
        "山際",
        "藤塚(厚木市)",
        "上依知",
        "依知神社前",
        "昭和橋(相模原市南区)",
        "下当麻",
        "当麻市場",
        "夢の丘小学校入口",
        "原当麻駅"
    ],
    "weekday": [
        "12:13",
        "13:43",
        "15:13"
    ],
    "saturday": [],
    "holiday": [],
    "url": "https://www.kanachu.co.jp/dia/diagram/timetable01_js/course:0000800596-13/node:00128352/kt:0/lname:/"
}
