{
    "date": "2025/04/01",
    "name": "妙延寺(町田市)",
    "position": "-",
    "system": "町32",
    "destinations": [
        "森野五丁目",
        "森野六丁目",
        "桧台入口",
        "木曽都営入口",
        "境川団地入口",
        "境川団地中央",
        "境川団地",
        "上横町",
        "木曽(町田市)",
        "忠生公園入口",
        "忠生公園前",
        "忠生二丁目",
        "町田工業高校前",
        "忠生三丁目",
        "忠霊塔前",
        "忠生四丁目",
        "桜美林学園",
        "唐沢(町田市)",
        "桜台入口(町田市)",
        "桜台一丁目(町田市)",
        "桜台センター前",
        "桜台二丁目(町田市)",
        "小山田桜台"
    ],
    "weekday": [
        "6:13",
        "6:41",
        "7:08",
        "7:20",
        "7:32",
        "7:45",
        "8:00",
        "8:18",
        "8:41",
        "9:00",
        "9:37",
        "9:55",
        "10:37",
        "10:55",
        "11:37",
        "11:55",
        "12:37",
        "12:55",
        "13:37",
        "13:55",
        "14:37",
        "14:55",
        "15:37",
        "15:55",
        "16:35",
        "16:57",
        "17:13",
        "17:40",
        "17:56",
        "18:10",
        "18:25",
        "18:40",
        "18:56",
        "19:10",
        "19:30",
        "19:56",
        "20:13",
        "20:28",
        "20:53",
        "21:23",
        "21:53",
        "22:15",
        "22:43",
        "23:13"
    ],
    "saturday": [
        "6:25",
        "6:45",
        "7:00",
        "7:20",
        "7:40",
        "8:00",
        "8:18",
        "8:33",
        "8:48",
        "9:37",
        "10:00",
        "10:28",
        "10:45",
        "11:00",
        "11:28",
        "11:45",
        "12:00",
        "12:37",
        "12:57",
        "13:37",
        "13:57",
        "14:37",
        "14:57",
        "15:37",
        "15:57",
        "16:37",
        "16:57",
        "17:37",
        "17:57",
        "18:15",
        "18:35",
        "18:57",
        "19:15",
        "19:45",
        "20:15",
        "20:45",
        "21:15",
        "21:43",
        "22:08",
        "22:38",
        "23:08"
    ],
    "holiday": [
        "6:43",
        "7:03",
        "7:33",
        "8:03",
        "8:33",
        "9:03",
        "9:23",
        "9:43",
        "10:03",
        "10:23",
        "10:43",
        "11:03",
        "11:23",
        "11:43",
        "12:03",
        "12:23",
        "12:43",
        "13:03",
        "13:23",
        "13:43",
        "14:03",
        "14:23",
        "14:43",
        "15:03",
        "15:23",
        "15:43",
        "16:03",
        "16:23",
        "16:43",
        "17:03",
        "17:23",
        "17:43",
        "18:03",
        "18:38",
        "19:03",
        "19:33",
        "20:03",
        "20:33",
        "21:03",
        "21:33",
        "22:03",
        "22:33",
        "23:03"
    ],
    "url": "https://www.kanachu.co.jp/dia/diagram/timetable01_js/course:0000803111-3/node:00129375/kt:0/lname:/"
}
