{
    "date": "2025/04/01",
    "name": "桧台入口",
    "position": "-",
    "system": "町32",
    "destinations": [
        "木曽都営入口",
        "境川団地入口",
        "境川団地中央",
        "境川団地",
        "上横町",
        "木曽(町田市)",
        "忠生公園入口",
        "忠生公園前",
        "忠生二丁目",
        "町田工業高校前",
        "忠生三丁目",
        "忠霊塔前",
        "忠生四丁目",
        "桜美林学園",
        "唐沢(町田市)",
        "桜台入口(町田市)",
        "桜台一丁目(町田市)",
        "桜台センター前",
        "桜台二丁目(町田市)",
        "小山田桜台"
    ],
    "weekday": [
        "6:15",
        "6:43",
        "7:10",
        "7:22",
        "7:34",
        "7:47",
        "8:02",
        "8:20",
        "8:43",
        "9:02",
        "9:39",
        "9:57",
        "10:39",
        "10:57",
        "11:39",
        "11:57",
        "12:39",
        "12:57",
        "13:39",
        "13:57",
        "14:39",
        "14:57",
        "15:39",
        "15:57",
        "16:37",
        "16:59",
        "17:15",
        "17:42",
        "17:58",
        "18:12",
        "18:27",
        "18:42",
        "18:58",
        "19:12",
        "19:32",
        "19:58",
        "20:15",
        "20:30",
        "20:55",
        "21:25",
        "21:55",
        "22:17",
        "22:45",
        "23:15"
    ],
    "saturday": [
        "6:27",
        "6:47",
        "7:02",
        "7:22",
        "7:42",
        "8:02",
        "8:20",
        "8:35",
        "8:50",
        "9:39",
        "10:02",
        "10:30",
        "10:47",
        "11:02",
        "11:30",
        "11:47",
        "12:02",
        "12:39",
        "12:59",
        "13:39",
        "13:59",
        "14:39",
        "14:59",
        "15:39",
        "15:59",
        "16:39",
        "16:59",
        "17:39",
        "17:59",
        "18:17",
        "18:37",
        "18:59",
        "19:17",
        "19:47",
        "20:17",
        "20:47",
        "21:17",
        "21:45",
        "22:10",
        "22:40",
        "23:10"
    ],
    "holiday": [
        "6:45",
        "7:05",
        "7:35",
        "8:05",
        "8:35",
        "9:05",
        "9:25",
        "9:45",
        "10:05",
        "10:25",
        "10:45",
        "11:05",
        "11:25",
        "11:45",
        "12:05",
        "12:25",
        "12:45",
        "13:05",
        "13:25",
        "13:45",
        "14:05",
        "14:25",
        "14:45",
        "15:05",
        "15:25",
        "15:45",
        "16:05",
        "16:25",
        "16:45",
        "17:05",
        "17:25",
        "17:45",
        "18:05",
        "18:40",
        "19:05",
        "19:35",
        "20:05",
        "20:35",
        "21:05",
        "21:35",
        "22:05",
        "22:35",
        "23:05"
    ],
    "url": "https://www.kanachu.co.jp/dia/diagram/timetable01_js/course:0000803111-6/node:00129378/kt:0/lname:/"
}
