{
    "date": "2025/04/01",
    "name": "境川団地中央",
    "position": "-",
    "system": "町32",
    "destinations": [
        "境川団地",
        "上横町",
        "木曽(町田市)",
        "忠生公園入口",
        "忠生公園前",
        "忠生二丁目",
        "町田工業高校前",
        "忠生三丁目",
        "忠霊塔前",
        "忠生四丁目",
        "桜美林学園",
        "唐沢(町田市)",
        "桜台入口(町田市)",
        "桜台一丁目(町田市)",
        "桜台センター前",
        "桜台二丁目(町田市)",
        "小山田桜台"
    ],
    "weekday": [
        "6:17",
        "6:45",
        "7:12",
        "7:24",
        "7:37",
        "7:50",
        "8:05",
        "8:23",
        "8:46",
        "9:06",
        "9:43",
        "10:01",
        "10:43",
        "11:01",
        "11:43",
        "12:01",
        "12:43",
        "13:01",
        "13:43",
        "14:01",
        "14:43",
        "15:01",
        "15:43",
        "16:01",
        "16:41",
        "17:03",
        "17:19",
        "17:46",
        "18:02",
        "18:16",
        "18:31",
        "18:46",
        "19:02",
        "19:14",
        "19:34",
        "20:00",
        "20:17",
        "20:32",
        "20:57",
        "21:27",
        "21:57",
        "22:19",
        "22:47",
        "23:17"
    ],
    "saturday": [
        "6:29",
        "6:49",
        "7:04",
        "7:24",
        "7:44",
        "8:04",
        "8:22",
        "8:37",
        "8:52",
        "9:41",
        "10:04",
        "10:32",
        "10:49",
        "11:06",
        "11:34",
        "11:51",
        "12:06",
        "12:43",
        "13:03",
        "13:43",
        "14:03",
        "14:43",
        "15:03",
        "15:43",
        "16:03",
        "16:43",
        "17:03",
        "17:43",
        "18:03",
        "18:21",
        "18:41",
        "19:03",
        "19:21",
        "19:49",
        "20:19",
        "20:49",
        "21:19",
        "21:47",
        "22:12",
        "22:42",
        "23:12"
    ],
    "holiday": [
        "6:47",
        "7:07",
        "7:37",
        "8:07",
        "8:37",
        "9:07",
        "9:27",
        "9:47",
        "10:07",
        "10:27",
        "10:47",
        "11:09",
        "11:29",
        "11:49",
        "12:09",
        "12:29",
        "12:49",
        "13:09",
        "13:29",
        "13:49",
        "14:09",
        "14:29",
        "14:49",
        "15:09",
        "15:29",
        "15:49",
        "16:09",
        "16:29",
        "16:49",
        "17:09",
        "17:29",
        "17:49",
        "18:09",
        "18:44",
        "19:07",
        "19:37",
        "20:07",
        "20:37",
        "21:07",
        "21:37",
        "22:07",
        "22:37",
        "23:07"
    ],
    "url": "https://www.kanachu.co.jp/dia/diagram/timetable01_js/course:0000803111-9/node:00129381/kt:0/lname:/"
}
