{
    "date": "2025/04/01",
    "name": "境川団地",
    "position": "-",
    "system": "町32",
    "destinations": [
        "上横町",
        "木曽(町田市)",
        "忠生公園入口",
        "忠生公園前",
        "忠生二丁目",
        "町田工業高校前",
        "忠生三丁目",
        "忠霊塔前",
        "忠生四丁目",
        "桜美林学園",
        "唐沢(町田市)",
        "桜台入口(町田市)",
        "桜台一丁目(町田市)",
        "桜台センター前",
        "桜台二丁目(町田市)",
        "小山田桜台"
    ],
    "weekday": [
        "6:18",
        "6:46",
        "7:13",
        "7:25",
        "7:38",
        "7:51",
        "8:06",
        "8:24",
        "8:47",
        "9:07",
        "9:44",
        "10:02",
        "10:44",
        "11:02",
        "11:44",
        "12:02",
        "12:44",
        "13:02",
        "13:44",
        "14:02",
        "14:44",
        "15:02",
        "15:44",
        "16:02",
        "16:42",
        "17:04",
        "17:20",
        "17:47",
        "18:03",
        "18:17",
        "18:32",
        "18:47",
        "19:03",
        "19:15",
        "19:35",
        "20:01",
        "20:18",
        "20:33",
        "20:58",
        "21:28",
        "21:58",
        "22:20",
        "22:48",
        "23:18"
    ],
    "saturday": [
        "6:30",
        "6:50",
        "7:05",
        "7:25",
        "7:45",
        "8:05",
        "8:23",
        "8:38",
        "8:53",
        "9:42",
        "10:05",
        "10:33",
        "10:50",
        "11:07",
        "11:35",
        "11:52",
        "12:07",
        "12:44",
        "13:04",
        "13:44",
        "14:04",
        "14:44",
        "15:04",
        "15:44",
        "16:04",
        "16:44",
        "17:04",
        "17:44",
        "18:04",
        "18:22",
        "18:42",
        "19:04",
        "19:22",
        "19:50",
        "20:20",
        "20:50",
        "21:20",
        "21:48",
        "22:13",
        "22:43",
        "23:13"
    ],
    "holiday": [
        "6:48",
        "7:08",
        "7:38",
        "8:08",
        "8:38",
        "9:08",
        "9:28",
        "9:48",
        "10:08",
        "10:28",
        "10:48",
        "11:10",
        "11:30",
        "11:50",
        "12:10",
        "12:30",
        "12:50",
        "13:10",
        "13:30",
        "13:50",
        "14:10",
        "14:30",
        "14:50",
        "15:10",
        "15:30",
        "15:50",
        "16:10",
        "16:30",
        "16:50",
        "17:10",
        "17:30",
        "17:50",
        "18:10",
        "18:45",
        "19:08",
        "19:38",
        "20:08",
        "20:38",
        "21:08",
        "21:38",
        "22:08",
        "22:38",
        "23:08"
    ],
    "url": "https://www.kanachu.co.jp/dia/diagram/timetable01_js/course:0000803111-10/node:00129382/kt:0/lname:/"
}
