{
    "date": "2025/04/01",
    "name": "忠生公園前",
    "position": "-",
    "system": "町32",
    "destinations": [
        "忠生二丁目",
        "町田工業高校前",
        "忠生三丁目",
        "忠霊塔前",
        "忠生四丁目",
        "桜美林学園",
        "唐沢(町田市)",
        "桜台入口(町田市)",
        "桜台一丁目(町田市)",
        "桜台センター前",
        "桜台二丁目(町田市)",
        "小山田桜台"
    ],
    "weekday": [
        "6:22",
        "6:50",
        "7:17",
        "7:29",
        "7:44",
        "7:57",
        "8:12",
        "8:30",
        "8:53",
        "9:13",
        "9:50",
        "10:08",
        "10:50",
        "11:08",
        "11:50",
        "12:08",
        "12:50",
        "13:08",
        "13:50",
        "14:08",
        "14:50",
        "15:09",
        "15:51",
        "16:09",
        "16:49",
        "17:11",
        "17:27",
        "17:54",
        "18:10",
        "18:24",
        "18:39",
        "18:54",
        "19:09",
        "19:21",
        "19:41",
        "20:07",
        "20:24",
        "20:39",
        "21:03",
        "21:32",
        "22:02",
        "22:24",
        "22:52",
        "23:22"
    ],
    "saturday": [
        "6:34",
        "6:54",
        "7:09",
        "7:29",
        "7:49",
        "8:10",
        "8:28",
        "8:43",
        "8:58",
        "9:48",
        "10:11",
        "10:39",
        "10:56",
        "11:14",
        "11:42",
        "11:59",
        "12:14",
        "12:51",
        "13:11",
        "13:51",
        "14:11",
        "14:51",
        "15:11",
        "15:51",
        "16:11",
        "16:51",
        "17:11",
        "17:51",
        "18:11",
        "18:29",
        "18:49",
        "19:11",
        "19:29",
        "19:55",
        "20:25",
        "20:54",
        "21:24",
        "21:52",
        "22:17",
        "22:47",
        "23:17"
    ],
    "holiday": [
        "6:52",
        "7:12",
        "7:42",
        "8:13",
        "8:43",
        "9:14",
        "9:34",
        "9:54",
        "10:14",
        "10:34",
        "10:54",
        "11:16",
        "11:36",
        "11:56",
        "12:16",
        "12:36",
        "12:56",
        "13:16",
        "13:36",
        "13:56",
        "14:16",
        "14:36",
        "14:56",
        "15:16",
        "15:36",
        "15:56",
        "16:17",
        "16:37",
        "16:57",
        "17:17",
        "17:37",
        "17:57",
        "18:17",
        "18:52",
        "19:13",
        "19:43",
        "20:12",
        "20:42",
        "21:12",
        "21:42",
        "22:12",
        "22:42",
        "23:12"
    ],
    "url": "https://www.kanachu.co.jp/dia/diagram/timetable01_js/course:0000803111-14/node:00129393/kt:0/lname:/"
}
