{
    "date": "2025/04/01",
    "name": "町田工業高校前",
    "position": "-",
    "system": "町32",
    "destinations": [
        "忠生三丁目",
        "忠霊塔前",
        "忠生四丁目",
        "桜美林学園",
        "唐沢(町田市)",
        "桜台入口(町田市)",
        "桜台一丁目(町田市)",
        "桜台センター前",
        "桜台二丁目(町田市)",
        "小山田桜台"
    ],
    "weekday": [
        "6:24",
        "6:52",
        "7:19",
        "7:31",
        "7:46",
        "7:59",
        "8:14",
        "8:32",
        "8:55",
        "9:15",
        "9:52",
        "10:10",
        "10:52",
        "11:10",
        "11:52",
        "12:10",
        "12:52",
        "13:10",
        "13:52",
        "14:10",
        "14:52",
        "15:11",
        "15:53",
        "16:11",
        "16:51",
        "17:13",
        "17:29",
        "17:56",
        "18:12",
        "18:26",
        "18:41",
        "18:56",
        "19:11",
        "19:23",
        "19:43",
        "20:09",
        "20:26",
        "20:41",
        "21:05",
        "21:34",
        "22:04",
        "22:26",
        "22:54",
        "23:24"
    ],
    "saturday": [
        "6:36",
        "6:56",
        "7:11",
        "7:31",
        "7:51",
        "8:12",
        "8:30",
        "8:45",
        "9:00",
        "9:50",
        "10:13",
        "10:41",
        "10:58",
        "11:16",
        "11:44",
        "12:01",
        "12:16",
        "12:53",
        "13:13",
        "13:53",
        "14:13",
        "14:53",
        "15:13",
        "15:53",
        "16:13",
        "16:53",
        "17:13",
        "17:53",
        "18:13",
        "18:31",
        "18:51",
        "19:13",
        "19:31",
        "19:57",
        "20:27",
        "20:56",
        "21:26",
        "21:54",
        "22:19",
        "22:49",
        "23:19"
    ],
    "holiday": [
        "6:54",
        "7:14",
        "7:44",
        "8:15",
        "8:45",
        "9:16",
        "9:36",
        "9:56",
        "10:16",
        "10:36",
        "10:56",
        "11:18",
        "11:38",
        "11:58",
        "12:18",
        "12:38",
        "12:58",
        "13:18",
        "13:38",
        "13:58",
        "14:18",
        "14:38",
        "14:58",
        "15:18",
        "15:38",
        "15:58",
        "16:19",
        "16:39",
        "16:59",
        "17:19",
        "17:39",
        "17:59",
        "18:19",
        "18:54",
        "19:15",
        "19:45",
        "20:14",
        "20:44",
        "21:14",
        "21:44",
        "22:14",
        "22:44",
        "23:14"
    ],
    "url": "https://www.kanachu.co.jp/dia/diagram/timetable01_js/course:0000803111-16/node:00129488/kt:0/lname:/"
}
