{
    "date": "2025/04/01",
    "name": "忠生三丁目",
    "position": "-",
    "system": "町32",
    "destinations": [
        "忠霊塔前",
        "忠生四丁目",
        "桜美林学園",
        "唐沢(町田市)",
        "桜台入口(町田市)",
        "桜台一丁目(町田市)",
        "桜台センター前",
        "桜台二丁目(町田市)",
        "小山田桜台"
    ],
    "weekday": [
        "6:25",
        "6:53",
        "7:20",
        "7:32",
        "7:47",
        "8:00",
        "8:15",
        "8:33",
        "8:56",
        "9:16",
        "9:53",
        "10:11",
        "10:53",
        "11:11",
        "11:53",
        "12:11",
        "12:53",
        "13:11",
        "13:53",
        "14:11",
        "14:53",
        "15:12",
        "15:54",
        "16:12",
        "16:52",
        "17:14",
        "17:30",
        "17:57",
        "18:13",
        "18:27",
        "18:42",
        "18:57",
        "19:12",
        "19:24",
        "19:44",
        "20:10",
        "20:27",
        "20:42",
        "21:06",
        "21:35",
        "22:05",
        "22:27",
        "22:55",
        "23:25"
    ],
    "saturday": [
        "6:37",
        "6:57",
        "7:12",
        "7:32",
        "7:52",
        "8:13",
        "8:31",
        "8:46",
        "9:01",
        "9:51",
        "10:14",
        "10:42",
        "10:59",
        "11:17",
        "11:45",
        "12:02",
        "12:17",
        "12:54",
        "13:14",
        "13:54",
        "14:14",
        "14:54",
        "15:14",
        "15:54",
        "16:14",
        "16:54",
        "17:14",
        "17:54",
        "18:14",
        "18:32",
        "18:52",
        "19:14",
        "19:32",
        "19:58",
        "20:28",
        "20:57",
        "21:27",
        "21:55",
        "22:20",
        "22:50",
        "23:20"
    ],
    "holiday": [
        "6:55",
        "7:15",
        "7:45",
        "8:16",
        "8:46",
        "9:17",
        "9:37",
        "9:57",
        "10:17",
        "10:37",
        "10:57",
        "11:19",
        "11:39",
        "11:59",
        "12:19",
        "12:39",
        "12:59",
        "13:19",
        "13:39",
        "13:59",
        "14:19",
        "14:39",
        "14:59",
        "15:19",
        "15:39",
        "15:59",
        "16:20",
        "16:40",
        "17:00",
        "17:20",
        "17:40",
        "18:00",
        "18:20",
        "18:55",
        "19:16",
        "19:46",
        "20:15",
        "20:45",
        "21:15",
        "21:45",
        "22:15",
        "22:45",
        "23:15"
    ],
    "url": "https://www.kanachu.co.jp/dia/diagram/timetable01_js/course:0000803111-17/node:00129396/kt:0/lname:/"
}
