{
    "date": "2025/04/01",
    "name": "忠生四丁目",
    "position": "-",
    "system": "町32",
    "destinations": [
        "桜美林学園",
        "唐沢(町田市)",
        "桜台入口(町田市)",
        "桜台一丁目(町田市)",
        "桜台センター前",
        "桜台二丁目(町田市)",
        "小山田桜台"
    ],
    "weekday": [
        "6:27",
        "6:55",
        "7:22",
        "7:34",
        "7:49",
        "8:02",
        "8:17",
        "8:35",
        "8:58",
        "9:18",
        "9:55",
        "10:13",
        "10:55",
        "11:13",
        "11:55",
        "12:13",
        "12:55",
        "13:13",
        "13:55",
        "14:13",
        "14:55",
        "15:14",
        "15:56",
        "16:14",
        "16:54",
        "17:16",
        "17:32",
        "17:59",
        "18:15",
        "18:29",
        "18:44",
        "18:59",
        "19:14",
        "19:26",
        "19:46",
        "20:12",
        "20:29",
        "20:44",
        "21:08",
        "21:37",
        "22:07",
        "22:29",
        "22:57",
        "23:27"
    ],
    "saturday": [
        "6:39",
        "6:59",
        "7:14",
        "7:34",
        "7:54",
        "8:15",
        "8:33",
        "8:48",
        "9:03",
        "9:53",
        "10:16",
        "10:44",
        "11:01",
        "11:19",
        "11:47",
        "12:04",
        "12:19",
        "12:56",
        "13:16",
        "13:56",
        "14:16",
        "14:56",
        "15:16",
        "15:56",
        "16:16",
        "16:56",
        "17:16",
        "17:56",
        "18:16",
        "18:34",
        "18:54",
        "19:16",
        "19:34",
        "20:00",
        "20:30",
        "20:59",
        "21:29",
        "21:57",
        "22:22",
        "22:52",
        "23:22"
    ],
    "holiday": [
        "6:57",
        "7:17",
        "7:47",
        "8:18",
        "8:48",
        "9:19",
        "9:39",
        "9:59",
        "10:19",
        "10:39",
        "10:59",
        "11:21",
        "11:41",
        "12:01",
        "12:21",
        "12:41",
        "13:01",
        "13:21",
        "13:41",
        "14:01",
        "14:21",
        "14:41",
        "15:01",
        "15:21",
        "15:41",
        "16:01",
        "16:22",
        "16:42",
        "17:02",
        "17:22",
        "17:42",
        "18:02",
        "18:22",
        "18:57",
        "19:18",
        "19:48",
        "20:17",
        "20:47",
        "21:17",
        "21:47",
        "22:17",
        "22:47",
        "23:17"
    ],
    "url": "https://www.kanachu.co.jp/dia/diagram/timetable01_js/course:0000803111-19/node:00129399/kt:0/lname:/"
}
