{
    "date": "2025/04/01",
    "name": "桜台入口(町田市)",
    "position": "-",
    "system": "町32",
    "destinations": [
        "桜台一丁目(町田市)",
        "桜台センター前",
        "桜台二丁目(町田市)",
        "小山田桜台"
    ],
    "weekday": [
        "6:30",
        "6:58",
        "7:25",
        "7:37",
        "7:52",
        "8:05",
        "8:20",
        "8:38",
        "9:01",
        "9:22",
        "9:59",
        "10:17",
        "10:59",
        "11:17",
        "11:59",
        "12:17",
        "12:59",
        "13:17",
        "13:59",
        "14:17",
        "14:59",
        "15:18",
        "16:00",
        "16:18",
        "16:58",
        "17:20",
        "17:36",
        "18:03",
        "18:19",
        "18:33",
        "18:48",
        "19:03",
        "19:17",
        "19:29",
        "19:49",
        "20:15",
        "20:32",
        "20:47",
        "21:11",
        "21:40",
        "22:10",
        "22:32",
        "23:00",
        "23:30"
    ],
    "saturday": [
        "6:42",
        "7:02",
        "7:17",
        "7:37",
        "7:57",
        "8:18",
        "8:36",
        "8:51",
        "9:06",
        "9:56",
        "10:19",
        "10:47",
        "11:05",
        "11:23",
        "11:51",
        "12:08",
        "12:23",
        "13:00",
        "13:20",
        "14:00",
        "14:20",
        "15:00",
        "15:20",
        "16:00",
        "16:20",
        "17:00",
        "17:20",
        "18:00",
        "18:20",
        "18:38",
        "18:58",
        "19:20",
        "19:37",
        "20:03",
        "20:33",
        "21:02",
        "21:32",
        "22:00",
        "22:25",
        "22:55",
        "23:25"
    ],
    "holiday": [
        "7:00",
        "7:20",
        "7:50",
        "8:21",
        "8:51",
        "9:22",
        "9:42",
        "10:02",
        "10:22",
        "10:42",
        "11:02",
        "11:25",
        "11:45",
        "12:05",
        "12:25",
        "12:45",
        "13:05",
        "13:25",
        "13:45",
        "14:05",
        "14:25",
        "14:45",
        "15:05",
        "15:25",
        "15:45",
        "16:05",
        "16:26",
        "16:46",
        "17:06",
        "17:26",
        "17:46",
        "18:06",
        "18:26",
        "19:01",
        "19:21",
        "19:51",
        "20:20",
        "20:50",
        "21:20",
        "21:50",
        "22:20",
        "22:50",
        "23:20"
    ],
    "url": "https://www.kanachu.co.jp/dia/diagram/timetable01_js/course:0000803111-22/node:00129402/kt:0/lname:/"
}
