{
    "date": "2025/08/30",
    "name": "坂下口",
    "position": "-",
    "system": "東08",
    "destinations": [
        "国道平戸",
        "品濃口",
        "坂下(横浜市戸塚区)",
        "品濃町(横浜市戸塚区)",
        "東戸塚駅東口"
    ],
    "weekday": [
        "6:32",
        "7:05",
        "7:35",
        "7:58",
        "8:33",
        "9:08",
        "9:50",
        "10:28",
        "11:08",
        "11:48",
        "12:28",
        "13:08",
        "13:48",
        "14:28",
        "15:08",
        "15:43",
        "16:13",
        "16:43",
        "17:12",
        "17:47",
        "18:17"
    ],
    "saturday": [
        "7:00",
        "7:45",
        "8:43",
        "9:28",
        "10:13",
        "10:58",
        "11:43",
        "12:28",
        "13:13",
        "13:58",
        "14:43",
        "15:28",
        "16:13",
        "16:58",
        "17:43",
        "18:28"
    ],
    "holiday": [
        "7:45",
        "8:43",
        "9:28",
        "10:13",
        "10:58",
        "11:43",
        "12:28",
        "13:13",
        "13:58",
        "14:43",
        "15:28",
        "16:13",
        "16:58",
        "17:43",
        "18:28"
    ],
    "url": "https://www.kanachu.co.jp/dia/diagram/timetable01_js/course:0000803844-5/node:00126619/kt:0/lname:/"
}
