{
    "date": "2024/09/02",
    "name": "戸塚バスセンター",
    "position": "-",
    "system": "戸93",
    "destinations": [
        "消防署前(横浜市戸塚区)",
        "八坂神社前",
        "東電前(横浜市戸塚区)",
        "皇谷台団地",
        "法務局前(横浜市戸塚区)",
        "長久保(横浜市戸塚区)",
        "下郷(横浜市戸塚区)",
        "日ノ出橋(横浜市戸塚区)",
        "金井(横浜市栄区)",
        "町内会館前(横浜市栄区)",
        "戸塚台入口",
        "原宿公園",
        "戸塚台",
        "戸塚台中央",
        "遊水池前(横浜市戸塚区)",
        "戸塚台入口",
        "町内会館前(横浜市栄区)",
        "金井(横浜市栄区)",
        "日ノ出橋(横浜市戸塚区)",
        "下郷(横浜市戸塚区)",
        "長久保(横浜市戸塚区)",
        "法務局前(横浜市戸塚区)",
        "皇谷台団地",
        "東電前(横浜市戸塚区)",
        "八坂神社前",
        "消防署前(横浜市戸塚区)",
        "戸塚駅西口",
        "戸塚バスセンター"
    ],
    "weekday": [
        "7:37",
        "8:00",
        "8:24",
        "9:10",
        "10:10",
        "10:50",
        "11:50",
        "12:50",
        "13:50",
        "14:30",
        "15:25",
        "16:15",
        "17:00",
        "17:50",
        "18:45",
        "19:00",
        "19:50",
        "20:40"
    ],
    "saturday": [
        "7:30",
        "8:58",
        "9:50",
        "10:40",
        "11:40",
        "12:40",
        "13:40",
        "14:40",
        "15:25",
        "16:10",
        "17:05",
        "17:55",
        "19:15",
        "20:10"
    ],
    "holiday": [
        "7:30",
        "8:58",
        "9:50",
        "10:40",
        "11:40",
        "12:40",
        "13:40",
        "14:40",
        "15:25",
        "16:10",
        "17:05",
        "17:55",
        "19:15",
        "20:10"
    ],
    "url": "https://www.kanachu.co.jp/dia/diagram/timetable01_js/course:0000803598-1/node:00126775/kt:0/lname:/"
}
