{
    "date": "2024/09/02",
    "name": "町内会館前(横浜市栄区)",
    "position": "-",
    "system": "戸93",
    "destinations": [
        "金井(横浜市栄区)",
        "日ノ出橋(横浜市戸塚区)",
        "下郷(横浜市戸塚区)",
        "長久保(横浜市戸塚区)",
        "法務局前(横浜市戸塚区)",
        "皇谷台団地",
        "東電前(横浜市戸塚区)",
        "八坂神社前",
        "消防署前(横浜市戸塚区)",
        "戸塚駅西口",
        "戸塚バスセンター"
    ],
    "weekday": [
        "7:57",
        "8:20",
        "8:44",
        "9:30",
        "10:30",
        "11:10",
        "12:10",
        "13:10",
        "14:10",
        "14:50",
        "15:45",
        "16:35",
        "17:20",
        "18:10",
        "19:05",
        "19:20",
        "20:10",
        "21:00"
    ],
    "saturday": [
        "7:50",
        "9:18",
        "10:10",
        "11:00",
        "12:00",
        "13:00",
        "14:00",
        "15:00",
        "15:45",
        "16:30",
        "17:25",
        "18:15",
        "19:35",
        "20:30"
    ],
    "holiday": [
        "7:50",
        "9:18",
        "10:10",
        "11:00",
        "12:00",
        "13:00",
        "14:00",
        "15:00",
        "15:45",
        "16:30",
        "17:25",
        "18:15",
        "19:35",
        "20:30"
    ],
    "url": "https://www.kanachu.co.jp/dia/diagram/timetable01_js/course:0000803598-18/node:00126863/kt:0/lname:/"
}
