{
    "date": "2024/09/02",
    "name": "消防署前(横浜市戸塚区)",
    "position": "-",
    "system": "戸93",
    "destinations": [
        "戸塚駅西口",
        "戸塚バスセンター"
    ],
    "weekday": [
        "8:07",
        "8:30",
        "8:54",
        "9:40",
        "10:40",
        "11:20",
        "12:20",
        "13:20",
        "14:20",
        "15:00",
        "15:55",
        "16:45",
        "17:30",
        "18:20",
        "19:15",
        "19:30",
        "20:20",
        "21:10"
    ],
    "saturday": [
        "8:00",
        "9:28",
        "10:20",
        "11:10",
        "12:10",
        "13:10",
        "14:10",
        "15:10",
        "15:55",
        "16:40",
        "17:35",
        "18:25",
        "19:45",
        "20:40"
    ],
    "holiday": [
        "8:00",
        "9:28",
        "10:20",
        "11:10",
        "12:10",
        "13:10",
        "14:10",
        "15:10",
        "15:55",
        "16:40",
        "17:35",
        "18:25",
        "19:45",
        "20:40"
    ],
    "url": "https://www.kanachu.co.jp/dia/diagram/timetable01_js/course:0000803598-27/node:00126809/kt:0/lname:/"
}
