{
    "date": "2024/09/02",
    "name": "立場ターミナル",
    "position": "-",
    "system": "立01",
    "destinations": [
        "立場駅",
        "三ツ俣",
        "横浜泉郵便局前",
        "芝原(横浜市泉区)",
        "富士塚(横浜市泉区)",
        "泉警察署前",
        "いずみ野駅",
        "グリーンハイム前",
        "松陽高校前",
        "三家(横浜市泉区)",
        "早稲田(横浜市泉区)",
        "ひなた山第一",
        "ひなた山バザール前",
        "ひなた山第二",
        "下瀬谷坂上",
        "下瀬谷橋",
        "下瀬谷三丁目",
        "下瀬谷中学校前",
        "北新東",
        "橋戸二丁目",
        "瀬谷四丁目",
        "瀬谷駅南口"
    ],
    "weekday": [
        "5:55",
        "6:20",
        "6:45",
        "7:10",
        "7:35",
        "8:00",
        "8:25",
        "8:58",
        "9:30",
        "10:00",
        "10:30",
        "11:00",
        "11:30",
        "12:00",
        "12:30",
        "13:00",
        "13:30",
        "14:00",
        "14:30",
        "15:00",
        "15:30",
        "16:00",
        "16:30",
        "17:00",
        "17:30",
        "18:00",
        "18:30",
        "19:00",
        "19:45",
        "20:45"
    ],
    "saturday": [
        "6:25",
        "7:00",
        "7:40",
        "8:20",
        "9:00",
        "9:40",
        "10:20",
        "11:00",
        "11:40",
        "12:20",
        "13:00",
        "13:40",
        "14:20",
        "15:00",
        "15:40",
        "16:20",
        "17:00",
        "17:40",
        "18:20",
        "19:20",
        "20:20"
    ],
    "holiday": [
        "6:25",
        "7:00",
        "7:40",
        "8:20",
        "9:00",
        "9:40",
        "10:20",
        "11:00",
        "11:40",
        "12:20",
        "13:00",
        "13:40",
        "14:20",
        "15:00",
        "15:40",
        "16:20",
        "17:00",
        "17:40",
        "18:20",
        "19:20",
        "20:20"
    ],
    "url": "https://www.kanachu.co.jp/dia/diagram/timetable01_js/course:0000803150-1/node:00126783/kt:0/lname:/"
}
