{
    "date": "2024/09/02",
    "name": "立場駅",
    "position": "-",
    "system": "立01",
    "destinations": [
        "三ツ俣",
        "横浜泉郵便局前",
        "芝原(横浜市泉区)",
        "富士塚(横浜市泉区)",
        "泉警察署前",
        "いずみ野駅",
        "グリーンハイム前",
        "松陽高校前",
        "三家(横浜市泉区)",
        "早稲田(横浜市泉区)",
        "ひなた山第一",
        "ひなた山バザール前",
        "ひなた山第二",
        "下瀬谷坂上",
        "下瀬谷橋",
        "下瀬谷三丁目",
        "下瀬谷中学校前",
        "北新東",
        "橋戸二丁目",
        "瀬谷四丁目",
        "瀬谷駅南口"
    ],
    "weekday": [
        "5:56",
        "6:21",
        "6:46",
        "7:11",
        "7:36",
        "8:01",
        "8:26",
        "8:59",
        "9:31",
        "10:01",
        "10:31",
        "11:01",
        "11:31",
        "12:01",
        "12:31",
        "13:01",
        "13:31",
        "14:01",
        "14:31",
        "15:01",
        "15:31",
        "16:01",
        "16:31",
        "17:01",
        "17:31",
        "18:01",
        "18:31",
        "19:01",
        "19:46",
        "20:46"
    ],
    "saturday": [
        "6:26",
        "7:01",
        "7:41",
        "8:21",
        "9:01",
        "9:41",
        "10:21",
        "11:01",
        "11:41",
        "12:21",
        "13:01",
        "13:41",
        "14:21",
        "15:01",
        "15:41",
        "16:21",
        "17:01",
        "17:41",
        "18:21",
        "19:21",
        "20:21"
    ],
    "holiday": [
        "6:26",
        "7:01",
        "7:41",
        "8:21",
        "9:01",
        "9:41",
        "10:21",
        "11:01",
        "11:41",
        "12:21",
        "13:01",
        "13:41",
        "14:21",
        "15:01",
        "15:41",
        "16:21",
        "17:01",
        "17:41",
        "18:21",
        "19:21",
        "20:21"
    ],
    "url": "https://www.kanachu.co.jp/dia/diagram/timetable01_js/course:0000803150-2/node:00126908/kt:0/lname:/"
}
