{
    "date": "2024/09/02",
    "name": "三家(横浜市泉区)",
    "position": "-",
    "system": "立01",
    "destinations": [
        "早稲田(横浜市泉区)",
        "ひなた山第一",
        "ひなた山バザール前",
        "ひなた山第二",
        "下瀬谷坂上",
        "下瀬谷橋",
        "下瀬谷三丁目",
        "下瀬谷中学校前",
        "北新東",
        "橋戸二丁目",
        "瀬谷四丁目",
        "瀬谷駅南口"
    ],
    "weekday": [
        "6:09",
        "6:34",
        "6:59",
        "7:24",
        "7:49",
        "8:14",
        "8:39",
        "9:12",
        "9:44",
        "10:14",
        "10:44",
        "11:14",
        "11:44",
        "12:14",
        "12:44",
        "13:14",
        "13:44",
        "14:14",
        "14:44",
        "15:14",
        "15:44",
        "16:14",
        "16:44",
        "17:14",
        "17:44",
        "18:14",
        "18:44",
        "19:14",
        "19:59",
        "20:59"
    ],
    "saturday": [
        "6:39",
        "7:14",
        "7:54",
        "8:34",
        "9:14",
        "9:54",
        "10:34",
        "11:14",
        "11:54",
        "12:34",
        "13:14",
        "13:54",
        "14:34",
        "15:14",
        "15:54",
        "16:34",
        "17:14",
        "17:54",
        "18:34",
        "19:34",
        "20:34"
    ],
    "holiday": [
        "6:39",
        "7:14",
        "7:54",
        "8:34",
        "9:14",
        "9:54",
        "10:34",
        "11:14",
        "11:54",
        "12:34",
        "13:14",
        "13:54",
        "14:34",
        "15:14",
        "15:54",
        "16:34",
        "17:14",
        "17:54",
        "18:34",
        "19:34",
        "20:34"
    ],
    "url": "https://www.kanachu.co.jp/dia/diagram/timetable01_js/course:0000803150-11/node:00126941/kt:0/lname:/"
}
