{
    "date": "2024/09/02",
    "name": "早稲田(横浜市泉区)",
    "position": "-",
    "system": "立01",
    "destinations": [
        "ひなた山第一",
        "ひなた山バザール前",
        "ひなた山第二",
        "下瀬谷坂上",
        "下瀬谷橋",
        "下瀬谷三丁目",
        "下瀬谷中学校前",
        "北新東",
        "橋戸二丁目",
        "瀬谷四丁目",
        "瀬谷駅南口"
    ],
    "weekday": [
        "6:10",
        "6:35",
        "7:00",
        "7:25",
        "7:50",
        "8:15",
        "8:40",
        "9:13",
        "9:45",
        "10:15",
        "10:45",
        "11:15",
        "11:45",
        "12:15",
        "12:45",
        "13:15",
        "13:45",
        "14:15",
        "14:45",
        "15:15",
        "15:45",
        "16:15",
        "16:45",
        "17:15",
        "17:45",
        "18:15",
        "18:45",
        "19:15",
        "20:00",
        "21:00"
    ],
    "saturday": [
        "6:40",
        "7:15",
        "7:55",
        "8:35",
        "9:15",
        "9:55",
        "10:35",
        "11:15",
        "11:55",
        "12:35",
        "13:15",
        "13:55",
        "14:35",
        "15:15",
        "15:55",
        "16:35",
        "17:15",
        "17:55",
        "18:35",
        "19:35",
        "20:35"
    ],
    "holiday": [
        "6:40",
        "7:15",
        "7:55",
        "8:35",
        "9:15",
        "9:55",
        "10:35",
        "11:15",
        "11:55",
        "12:35",
        "13:15",
        "13:55",
        "14:35",
        "15:15",
        "15:55",
        "16:35",
        "17:15",
        "17:55",
        "18:35",
        "19:35",
        "20:35"
    ],
    "url": "https://www.kanachu.co.jp/dia/diagram/timetable01_js/course:0000803150-12/node:00126942/kt:0/lname:/"
}
