{
    "date": "2024/09/02",
    "name": "下瀬谷坂上",
    "position": "-",
    "system": "立01",
    "destinations": [
        "下瀬谷橋",
        "下瀬谷三丁目",
        "下瀬谷中学校前",
        "北新東",
        "橋戸二丁目",
        "瀬谷四丁目",
        "瀬谷駅南口"
    ],
    "weekday": [
        "6:15",
        "6:40",
        "7:05",
        "7:31",
        "7:56",
        "8:21",
        "8:46",
        "9:18",
        "9:50",
        "10:20",
        "10:50",
        "11:20",
        "11:50",
        "12:20",
        "12:50",
        "13:20",
        "13:50",
        "14:20",
        "14:50",
        "15:20",
        "15:50",
        "16:20",
        "16:50",
        "17:21",
        "17:51",
        "18:21",
        "18:51",
        "19:20",
        "20:05",
        "21:05"
    ],
    "saturday": [
        "6:45",
        "7:20",
        "8:00",
        "8:40",
        "9:20",
        "10:00",
        "10:40",
        "11:20",
        "12:00",
        "12:40",
        "13:20",
        "14:00",
        "14:40",
        "15:20",
        "16:00",
        "16:40",
        "17:20",
        "18:00",
        "18:40",
        "19:40",
        "20:40"
    ],
    "holiday": [
        "6:45",
        "7:20",
        "8:00",
        "8:40",
        "9:20",
        "10:00",
        "10:40",
        "11:20",
        "12:00",
        "12:40",
        "13:20",
        "14:00",
        "14:40",
        "15:20",
        "16:00",
        "16:40",
        "17:20",
        "18:00",
        "18:40",
        "19:40",
        "20:40"
    ],
    "url": "https://www.kanachu.co.jp/dia/diagram/timetable01_js/course:0000803150-16/node:00126803/kt:0/lname:/"
}
