{
    "date": "2024/09/02",
    "name": "下瀬谷橋",
    "position": "-",
    "system": "立01",
    "destinations": [
        "下瀬谷三丁目",
        "下瀬谷中学校前",
        "北新東",
        "橋戸二丁目",
        "瀬谷四丁目",
        "瀬谷駅南口"
    ],
    "weekday": [
        "6:16",
        "6:41",
        "7:06",
        "7:33",
        "7:58",
        "8:23",
        "8:48",
        "9:19",
        "9:51",
        "10:21",
        "10:51",
        "11:21",
        "11:51",
        "12:21",
        "12:51",
        "13:21",
        "13:51",
        "14:21",
        "14:51",
        "15:21",
        "15:51",
        "16:21",
        "16:51",
        "17:23",
        "17:53",
        "18:23",
        "18:53",
        "19:21",
        "20:06",
        "21:06"
    ],
    "saturday": [
        "6:46",
        "7:21",
        "8:01",
        "8:41",
        "9:21",
        "10:01",
        "10:41",
        "11:22",
        "12:02",
        "12:42",
        "13:22",
        "14:02",
        "14:42",
        "15:22",
        "16:02",
        "16:42",
        "17:22",
        "18:02",
        "18:42",
        "19:41",
        "20:41"
    ],
    "holiday": [
        "6:46",
        "7:21",
        "8:01",
        "8:41",
        "9:21",
        "10:01",
        "10:41",
        "11:22",
        "12:02",
        "12:42",
        "13:22",
        "14:02",
        "14:42",
        "15:22",
        "16:02",
        "16:42",
        "17:22",
        "18:02",
        "18:42",
        "19:41",
        "20:41"
    ],
    "url": "https://www.kanachu.co.jp/dia/diagram/timetable01_js/course:0000803150-17/node:00126887/kt:0/lname:/"
}
