{
    "date": "2025/07/12",
    "name": "善行駅",
    "position": "-",
    "system": "藤36",
    "destinations": [
        "善行二丁目",
        "善行大橋",
        "善行南",
        "善行",
        "花の木(藤沢市)",
        "伊勢山入口",
        "台町(藤沢市)",
        "本町消防出張所前",
        "藤沢公民館前",
        "遊行寺前",
        "遊行通り四丁目",
        "藤沢駅北口"
    ],
    "weekday": [
        "15:15",
        "17:10",
        "18:25",
        "19:30"
    ],
    "saturday": [
        "8:20",
        "17:25",
        "18:25",
        "19:30"
    ],
    "holiday": [
        "8:20",
        "17:25",
        "18:25",
        "19:30"
    ],
    "url": "https://www.kanachu.co.jp/dia/diagram/timetable01_js/course:0000802026-1/node:00127073/kt:0/lname:/"
}
