{
    "date": "2025/07/12",
    "name": "善行",
    "position": "-",
    "system": "藤36",
    "destinations": [
        "花の木(藤沢市)",
        "伊勢山入口",
        "台町(藤沢市)",
        "本町消防出張所前",
        "藤沢公民館前",
        "遊行寺前",
        "遊行通り四丁目",
        "藤沢駅北口"
    ],
    "weekday": [
        "15:20",
        "17:15",
        "18:29",
        "19:34"
    ],
    "saturday": [
        "8:25",
        "17:30",
        "18:29",
        "19:34"
    ],
    "holiday": [
        "8:25",
        "17:30",
        "18:29",
        "19:34"
    ],
    "url": "https://www.kanachu.co.jp/dia/diagram/timetable01_js/course:0000802026-5/node:00127069/kt:0/lname:/"
}
