{
    "date": "2025/07/12",
    "name": "伊勢山入口",
    "position": "-",
    "system": "藤36",
    "destinations": [
        "台町(藤沢市)",
        "本町消防出張所前",
        "藤沢公民館前",
        "遊行寺前",
        "遊行通り四丁目",
        "藤沢駅北口"
    ],
    "weekday": [
        "15:22",
        "17:17",
        "18:31",
        "19:36"
    ],
    "saturday": [
        "8:27",
        "17:32",
        "18:31",
        "19:36"
    ],
    "holiday": [
        "8:27",
        "17:32",
        "18:31",
        "19:36"
    ],
    "url": "https://www.kanachu.co.jp/dia/diagram/timetable01_js/course:0000802026-7/node:00127063/kt:0/lname:/"
}
