{
    "date": "2025/07/12",
    "name": "藤沢公民館前",
    "position": "-",
    "system": "藤36",
    "destinations": [
        "遊行寺前",
        "遊行通り四丁目",
        "藤沢駅北口"
    ],
    "weekday": [
        "15:27",
        "17:22",
        "18:35",
        "19:40"
    ],
    "saturday": [
        "8:32",
        "17:37",
        "18:35",
        "19:40"
    ],
    "holiday": [
        "8:32",
        "17:37",
        "18:35",
        "19:40"
    ],
    "url": "https://www.kanachu.co.jp/dia/diagram/timetable01_js/course:0000802026-10/node:00127010/kt:0/lname:/"
}
