{
    "system": "藤36",
    "busstops": [
        {
            "index": "1",
            "id": "00127073",
            "name": "善行駅",
            "lat": "35.363136",
            "lng": "139.47303"
        },
        {
            "index": "2",
            "id": "00127072",
            "name": "善行二丁目",
            "lat": "35.364167",
            "lng": "139.470654"
        },
        {
            "index": "3",
            "id": "00127071",
            "name": "善行大橋",
            "lat": "35.36024",
            "lng": "139.470995"
        },
        {
            "index": "4",
            "id": "00127070",
            "name": "善行南",
            "lat": "35.358316",
            "lng": "139.472829"
        },
        {
            "index": "5",
            "id": "00127069",
            "name": "善行",
            "lat": "35.355568",
            "lng": "139.473737"
        },
        {
            "index": "6",
            "id": "00127068",
            "name": "花の木(藤沢市)",
            "lat": "35.351943",
            "lng": "139.474198"
        },
        {
            "index": "7",
            "id": "00127063",
            "name": "伊勢山入口",
            "lat": "35.34995",
            "lng": "139.474894"
        },
        {
            "index": "8",
            "id": "00127049",
            "name": "台町(藤沢市)",
            "lat": "35.347419",
            "lng": "139.476887"
        },
        {
            "index": "9",
            "id": "00127011",
            "name": "本町消防出張所前",
            "lat": "35.347902",
            "lng": "139.481537"
        },
        {
            "index": "10",
            "id": "00127010",
            "name": "藤沢公民館前",
            "lat": "35.347449",
            "lng": "139.483566"
        },
        {
            "index": "11",
            "id": "00127009",
            "name": "遊行寺前",
            "lat": "35.346401",
            "lng": "139.486098"
        },
        {
            "index": "12",
            "id": "00127019",
            "name": "遊行通り四丁目",
            "lat": "35.342114",
            "lng": "139.488784"
        },
        {
            "index": "13",
            "id": "00126970",
            "name": "藤沢駅北口",
            "lat": "35.339374",
            "lng": "139.488059"
        }
    ],
    "route_url": "https://www.kanachu.co.jp/dia/route/index/cid:0000802026/"
}
