{
    "system": "中57",
    "busstops": [
        {
            "index": "1",
            "id": "00130390",
            "name": "自治会館前(横浜市緑区)",
            "lat": "35.504669",
            "lng": "139.525868"
        },
        {
            "index": "2",
            "id": "00130391",
            "name": "武蔵中山台西",
            "lat": "35.507263",
            "lng": "139.524494"
        },
        {
            "index": "3",
            "id": "00130392",
            "name": "武蔵中山台東",
            "lat": "35.506822",
            "lng": "139.527345"
        },
        {
            "index": "4",
            "id": "00130393",
            "name": "けやき通り(横浜市緑区)",
            "lat": "35.508282",
            "lng": "139.526712"
        },
        {
            "index": "5",
            "id": "00130394",
            "name": "萬徳寺別院前",
            "lat": "35.510138",
            "lng": "139.526262"
        },
        {
            "index": "6",
            "id": "00126591",
            "name": "薬師谷戸",
            "lat": "35.512448",
            "lng": "139.527058"
        },
        {
            "index": "7",
            "id": "00102701",
            "name": "台村町",
            "lat": "35.514275",
            "lng": "139.537481"
        },
        {
            "index": "8",
            "id": "00102821",
            "name": "中山駅",
            "lat": "35.51412",
            "lng": "139.53971"
        }
    ],
    "route_url": "https://www.kanachu.co.jp/dia/route/index/cid:0000802440/"
}
