{
    "date": "2023/02/18",
    "name": "中戸田",
    "position": "-",
    "system": "平50",
    "destinations": [
        "下戸田(厚木市)",
        "大神(平塚市)",
        "真芳寺",
        "寄木神社前",
        "柳の内",
        "農協神田支所前",
        "相模神田",
        "田村十字路",
        "駒返橋",
        "鹿見堂橋",
        "平塚市リサイクルプラザ",
        "大江工業前",
        "ふじみ園前",
        "前鳥神社前",
        "大念寺前",
        "四ノ宮(平塚市)",
        "泉蔵院前",
        "古河電工入口",
        "八幡公民館入口",
        "八幡(平塚市)",
        "八幡入口",
        "コンフォール平塚前",
        "市役所前(平塚市)",
        "四ツ角(平塚市)",
        "平塚駅北口"
    ],
    "weekday": [
        "5:57",
        "6:30",
        "6:48"
    ],
    "saturday": [
        "5:55"
    ],
    "holiday": [
        "5:55"
    ],
    "url": "https://www.kanachu.co.jp/dia/diagram/timetable01_js/course:0000801343-7/node:00128629/kt:0/lname:/"
}
