{
    "date": "2025/08/04",
    "name": "相原台",
    "position": "-",
    "system": "橋09",
    "destinations": [
        "相原中央",
        "二本松(相模原市緑区)",
        "森の上",
        "東原宿",
        "原宿(相模原市緑区)",
        "城山総合事務所入口",
        "久保沢",
        "谷ヶ原",
        "都井沢",
        "城山高校前",
        "城山(相模原市緑区)",
        "三本松(相模原市緑区)",
        "中沢(相模原市緑区)",
        "上中沢",
        "峯の薬師入口",
        "三井(相模原市緑区)",
        "三井地域センター前",
        "三井南",
        "久保入口(相模原市緑区)",
        "小網",
        "太井",
        "日赤病院前(相模原市緑区)",
        "中野小学校前(相模原市緑区)",
        "津久井合同庁舎前",
        "川坂(相模原市緑区)",
        "新境橋",
        "尾崎記念館",
        "又野八幡神社前",
        "又野城山",
        "野尻(相模原市緑区)",
        "原替戸東",
        "原替戸",
        "変電所前(相模原市緑区)",
        "二本木(相模原市緑区)",
        "桜木(相模原市緑区)",
        "三ヶ木"
    ],
    "weekday": [
        "7:09",
        "7:47",
        "9:21",
        "9:56",
        "12:51",
        "13:26",
        "16:03",
        "16:59",
        "18:28",
        "19:15",
        "21:38"
    ],
    "saturday": [
        "7:09",
        "7:47",
        "9:21",
        "9:56",
        "12:52",
        "13:27",
        "16:02",
        "17:00",
        "18:27",
        "19:13",
        "21:38"
    ],
    "holiday": [
        "7:09",
        "7:47",
        "9:21",
        "9:56",
        "12:52",
        "13:27",
        "16:02",
        "17:00",
        "18:27",
        "19:13",
        "21:38"
    ],
    "url": "https://www.kanachu.co.jp/dia/diagram/timetable01_js/course:0000801992-7/node:00128966/kt:0/lname:/"
}
