{
    "date": "2025/08/04",
    "name": "中沢(相模原市緑区)",
    "position": "-",
    "system": "橋09",
    "destinations": [
        "上中沢",
        "峯の薬師入口",
        "三井(相模原市緑区)",
        "三井地域センター前",
        "三井南",
        "久保入口(相模原市緑区)",
        "小網",
        "太井",
        "日赤病院前(相模原市緑区)",
        "中野小学校前(相模原市緑区)",
        "津久井合同庁舎前",
        "川坂(相模原市緑区)",
        "新境橋",
        "尾崎記念館",
        "又野八幡神社前",
        "又野城山",
        "野尻(相模原市緑区)",
        "原替戸東",
        "原替戸",
        "変電所前(相模原市緑区)",
        "二本木(相模原市緑区)",
        "桜木(相模原市緑区)",
        "三ヶ木"
    ],
    "weekday": [
        "7:31",
        "8:09",
        "9:38",
        "10:13",
        "13:08",
        "13:43",
        "16:20",
        "17:18",
        "18:47",
        "19:34",
        "21:53"
    ],
    "saturday": [
        "7:26",
        "8:04",
        "9:38",
        "10:13",
        "13:10",
        "13:45",
        "16:20",
        "17:18",
        "18:45",
        "19:30",
        "21:54"
    ],
    "holiday": [
        "7:26",
        "8:04",
        "9:38",
        "10:13",
        "13:10",
        "13:45",
        "16:20",
        "17:18",
        "18:45",
        "19:30",
        "21:54"
    ],
    "url": "https://www.kanachu.co.jp/dia/diagram/timetable01_js/course:0000801992-20/node:00128870/kt:0/lname:/"
}
