{
    "date": "2025/08/04",
    "name": "三井地域センター前",
    "position": "-",
    "system": "橋09",
    "destinations": [
        "三井南",
        "久保入口(相模原市緑区)",
        "小網",
        "太井",
        "日赤病院前(相模原市緑区)",
        "中野小学校前(相模原市緑区)",
        "津久井合同庁舎前",
        "川坂(相模原市緑区)",
        "新境橋",
        "尾崎記念館",
        "又野八幡神社前",
        "又野城山",
        "野尻(相模原市緑区)",
        "原替戸東",
        "原替戸",
        "変電所前(相模原市緑区)",
        "二本木(相模原市緑区)",
        "桜木(相模原市緑区)",
        "三ヶ木"
    ],
    "weekday": [
        "7:35",
        "8:13",
        "9:42",
        "10:17",
        "13:12",
        "13:47",
        "16:24",
        "17:22",
        "18:51",
        "19:38",
        "21:57"
    ],
    "saturday": [
        "7:30",
        "8:08",
        "9:42",
        "10:17",
        "13:14",
        "13:49",
        "16:24",
        "17:22",
        "18:49",
        "19:34",
        "21:58"
    ],
    "holiday": [
        "7:30",
        "8:08",
        "9:42",
        "10:17",
        "13:14",
        "13:49",
        "16:24",
        "17:22",
        "18:49",
        "19:34",
        "21:58"
    ],
    "url": "https://www.kanachu.co.jp/dia/diagram/timetable01_js/course:0000801992-24/node:00128867/kt:0/lname:/"
}
