{
    "date": "2025/08/04",
    "name": "日赤病院前(相模原市緑区)",
    "position": "-",
    "system": "橋09",
    "destinations": [
        "中野小学校前(相模原市緑区)",
        "津久井合同庁舎前",
        "川坂(相模原市緑区)",
        "新境橋",
        "尾崎記念館",
        "又野八幡神社前",
        "又野城山",
        "野尻(相模原市緑区)",
        "原替戸東",
        "原替戸",
        "変電所前(相模原市緑区)",
        "二本木(相模原市緑区)",
        "桜木(相模原市緑区)",
        "三ヶ木"
    ],
    "weekday": [
        "7:40",
        "8:18",
        "9:47",
        "10:22",
        "13:17",
        "13:52",
        "16:29",
        "17:27",
        "18:56",
        "19:43",
        "22:02"
    ],
    "saturday": [
        "7:35",
        "8:13",
        "9:47",
        "10:22",
        "13:19",
        "13:54",
        "16:29",
        "17:27",
        "18:54",
        "19:39",
        "22:03"
    ],
    "holiday": [
        "7:35",
        "8:13",
        "9:47",
        "10:22",
        "13:19",
        "13:54",
        "16:29",
        "17:27",
        "18:54",
        "19:39",
        "22:03"
    ],
    "url": "https://www.kanachu.co.jp/dia/diagram/timetable01_js/course:0000801992-29/node:00128950/kt:0/lname:/"
}
