{
    "date": "2025/08/04",
    "name": "津久井合同庁舎前",
    "position": "-",
    "system": "橋09",
    "destinations": [
        "川坂(相模原市緑区)",
        "新境橋",
        "尾崎記念館",
        "又野八幡神社前",
        "又野城山",
        "野尻(相模原市緑区)",
        "原替戸東",
        "原替戸",
        "変電所前(相模原市緑区)",
        "二本木(相模原市緑区)",
        "桜木(相模原市緑区)",
        "三ヶ木"
    ],
    "weekday": [
        "7:42",
        "8:20",
        "9:49",
        "10:24",
        "13:19",
        "13:54",
        "16:31",
        "17:29",
        "18:58",
        "19:45",
        "22:04"
    ],
    "saturday": [
        "7:37",
        "8:15",
        "9:49",
        "10:24",
        "13:21",
        "13:56",
        "16:31",
        "17:29",
        "18:56",
        "19:41",
        "22:05"
    ],
    "holiday": [
        "7:37",
        "8:15",
        "9:49",
        "10:24",
        "13:21",
        "13:56",
        "16:31",
        "17:29",
        "18:56",
        "19:41",
        "22:05"
    ],
    "url": "https://www.kanachu.co.jp/dia/diagram/timetable01_js/course:0000801992-31/node:00129041/kt:0/lname:/"
}
