{
    "date": "2025/08/04",
    "name": "川坂(相模原市緑区)",
    "position": "-",
    "system": "橋09",
    "destinations": [
        "新境橋",
        "尾崎記念館",
        "又野八幡神社前",
        "又野城山",
        "野尻(相模原市緑区)",
        "原替戸東",
        "原替戸",
        "変電所前(相模原市緑区)",
        "二本木(相模原市緑区)",
        "桜木(相模原市緑区)",
        "三ヶ木"
    ],
    "weekday": [
        "7:43",
        "8:21",
        "9:50",
        "10:25",
        "13:20",
        "13:55",
        "16:32",
        "17:30",
        "18:59",
        "19:46",
        "22:05"
    ],
    "saturday": [
        "7:38",
        "8:16",
        "9:50",
        "10:25",
        "13:22",
        "13:57",
        "16:32",
        "17:30",
        "18:57",
        "19:42",
        "22:06"
    ],
    "holiday": [
        "7:38",
        "8:16",
        "9:50",
        "10:25",
        "13:22",
        "13:57",
        "16:32",
        "17:30",
        "18:57",
        "19:42",
        "22:06"
    ],
    "url": "https://www.kanachu.co.jp/dia/diagram/timetable01_js/course:0000801992-32/node:00129040/kt:0/lname:/"
}
