{
    "date": "2025/04/01",
    "name": "図師大橋",
    "position": "-",
    "system": "町26",
    "destinations": [
        "馬駈",
        "根岸(根岸町/町田市)",
        "下根岸(町田市)",
        "上宿(町田市)",
        "忠生公園入口",
        "木曽(町田市)",
        "三家(町田市)",
        "木曽住宅",
        "滝の沢(町田市)",
        "浄水場前(町田市)",
        "市民病院前(町田市)",
        "森野三丁目",
        "第四小学校前(町田市)",
        "町田市役所市民ホール前",
        "町田バスセンター"
    ],
    "weekday": [
        "5:24",
        "5:39",
        "5:54",
        "6:11",
        "6:24",
        "6:35",
        "6:45",
        "6:55",
        "7:10",
        "7:20",
        "7:30",
        "7:40",
        "7:50",
        "8:05",
        "8:20",
        "8:38",
        "8:55",
        "9:15",
        "9:35",
        "10:00",
        "10:17",
        "10:35",
        "10:55",
        "11:07",
        "11:22",
        "11:35",
        "11:50",
        "12:05",
        "12:17",
        "12:29",
        "12:41",
        "12:53",
        "13:13",
        "13:33",
        "13:53",
        "14:05",
        "14:27",
        "14:45",
        "14:58",
        "15:10",
        "15:35",
        "15:50",
        "16:20",
        "16:50",
        "17:07",
        "17:20",
        "17:30",
        "17:45",
        "17:58",
        "18:10",
        "18:20",
        "18:30",
        "18:45",
        "19:00",
        "19:19",
        "19:34",
        "19:49",
        "20:19",
        "20:49",
        "21:49"
    ],
    "saturday": [
        "5:28",
        "5:59",
        "6:24",
        "6:44",
        "7:05",
        "7:15",
        "7:25",
        "7:35",
        "7:50",
        "8:05",
        "8:17",
        "8:29",
        "8:41",
        "8:53",
        "9:05",
        "9:27",
        "9:45",
        "10:05",
        "10:20",
        "10:41",
        "10:53",
        "11:10",
        "11:22",
        "11:38",
        "11:50",
        "12:08",
        "12:25",
        "12:47",
        "13:15",
        "13:45",
        "14:07",
        "14:27",
        "14:45",
        "15:10",
        "15:27",
        "15:40",
        "15:53",
        "16:10",
        "16:43",
        "17:17",
        "17:47",
        "18:17",
        "18:32",
        "18:53",
        "19:49",
        "20:04",
        "20:49",
        "21:04"
    ],
    "holiday": [
        "5:28",
        "6:29",
        "6:49",
        "7:10",
        "7:25",
        "7:50",
        "8:05",
        "8:35",
        "9:05",
        "9:17",
        "9:37",
        "9:52",
        "10:05",
        "10:25",
        "10:45",
        "11:10",
        "11:25",
        "11:41",
        "11:49",
        "12:07",
        "12:20",
        "12:35",
        "12:50",
        "13:05",
        "13:25",
        "13:45",
        "14:05",
        "14:27",
        "14:45",
        "15:05",
        "15:32",
        "15:48",
        "16:05",
        "16:35",
        "17:05",
        "17:45",
        "18:24",
        "18:52",
        "19:42",
        "20:04",
        "21:04"
    ],
    "url": "https://www.kanachu.co.jp/dia/diagram/timetable01_js/course:0000803182-5/node:00129369/kt:0/lname:/"
}
