{
    "date": "2025/04/01",
    "name": "根岸(根岸町/町田市)",
    "position": "-",
    "system": "町26",
    "destinations": [
        "下根岸(町田市)",
        "上宿(町田市)",
        "忠生公園入口",
        "木曽(町田市)",
        "三家(町田市)",
        "木曽住宅",
        "滝の沢(町田市)",
        "浄水場前(町田市)",
        "市民病院前(町田市)",
        "森野三丁目",
        "第四小学校前(町田市)",
        "町田市役所市民ホール前",
        "町田バスセンター"
    ],
    "weekday": [
        "5:28",
        "5:43",
        "5:58",
        "6:15",
        "6:28",
        "6:39",
        "6:49",
        "6:59",
        "7:14",
        "7:24",
        "7:34",
        "7:44",
        "7:54",
        "8:09",
        "8:24",
        "8:42",
        "8:59",
        "9:19",
        "9:39",
        "10:04",
        "10:21",
        "10:39",
        "10:59",
        "11:11",
        "11:26",
        "11:39",
        "11:54",
        "12:09",
        "12:21",
        "12:33",
        "12:45",
        "12:57",
        "13:17",
        "13:37",
        "13:57",
        "14:09",
        "14:31",
        "14:49",
        "15:02",
        "15:14",
        "15:39",
        "15:54",
        "16:24",
        "16:54",
        "17:11",
        "17:24",
        "17:34",
        "17:49",
        "18:02",
        "18:14",
        "18:24",
        "18:34",
        "18:49",
        "19:04",
        "19:23",
        "19:38",
        "19:53",
        "20:23",
        "20:53",
        "21:53"
    ],
    "saturday": [
        "5:32",
        "6:03",
        "6:28",
        "6:48",
        "7:09",
        "7:19",
        "7:29",
        "7:39",
        "7:54",
        "8:09",
        "8:21",
        "8:33",
        "8:45",
        "8:57",
        "9:09",
        "9:31",
        "9:49",
        "10:09",
        "10:24",
        "10:45",
        "10:57",
        "11:14",
        "11:26",
        "11:42",
        "11:54",
        "12:12",
        "12:29",
        "12:51",
        "13:19",
        "13:49",
        "14:11",
        "14:31",
        "14:49",
        "15:14",
        "15:31",
        "15:44",
        "15:57",
        "16:14",
        "16:47",
        "17:21",
        "17:51",
        "18:21",
        "18:36",
        "18:57",
        "19:53",
        "20:08",
        "20:53",
        "21:08"
    ],
    "holiday": [
        "5:32",
        "6:33",
        "6:53",
        "7:14",
        "7:29",
        "7:54",
        "8:09",
        "8:39",
        "9:09",
        "9:21",
        "9:41",
        "9:56",
        "10:09",
        "10:29",
        "10:49",
        "11:14",
        "11:29",
        "11:45",
        "11:53",
        "12:11",
        "12:24",
        "12:39",
        "12:54",
        "13:09",
        "13:29",
        "13:49",
        "14:09",
        "14:31",
        "14:49",
        "15:09",
        "15:36",
        "15:52",
        "16:09",
        "16:39",
        "17:09",
        "17:49",
        "18:28",
        "18:56",
        "19:46",
        "20:08",
        "21:08"
    ],
    "url": "https://www.kanachu.co.jp/dia/diagram/timetable01_js/course:0000803182-7/node:00129367/kt:0/lname:/"
}
