{
    "date": "2025/04/01",
    "name": "浄水場前(町田市)",
    "position": "-",
    "system": "町26",
    "destinations": [
        "市民病院前(町田市)",
        "森野三丁目",
        "第四小学校前(町田市)",
        "町田市役所市民ホール前",
        "町田バスセンター"
    ],
    "weekday": [
        "5:37",
        "5:52",
        "6:07",
        "6:24",
        "6:39",
        "6:51",
        "7:01",
        "7:11",
        "7:26",
        "7:36",
        "7:46",
        "7:56",
        "8:06",
        "8:21",
        "8:36",
        "8:54",
        "9:11",
        "9:31",
        "9:51",
        "10:16",
        "10:33",
        "10:51",
        "11:11",
        "11:23",
        "11:38",
        "11:51",
        "12:06",
        "12:21",
        "12:33",
        "12:45",
        "12:57",
        "13:09",
        "13:29",
        "13:49",
        "14:09",
        "14:21",
        "14:43",
        "15:01",
        "15:14",
        "15:26",
        "15:51",
        "16:06",
        "16:36",
        "17:06",
        "17:23",
        "17:36",
        "17:46",
        "18:01",
        "18:14",
        "18:26",
        "18:36",
        "18:46",
        "19:01",
        "19:14",
        "19:33",
        "19:48",
        "20:03",
        "20:33",
        "21:02",
        "22:01"
    ],
    "saturday": [
        "5:41",
        "6:12",
        "6:37",
        "6:57",
        "7:20",
        "7:30",
        "7:40",
        "7:50",
        "8:05",
        "8:20",
        "8:32",
        "8:44",
        "8:56",
        "9:09",
        "9:20",
        "9:42",
        "10:00",
        "10:20",
        "10:35",
        "10:56",
        "11:08",
        "11:25",
        "11:37",
        "11:53",
        "12:05",
        "12:23",
        "12:40",
        "13:02",
        "13:30",
        "14:00",
        "14:22",
        "14:42",
        "15:00",
        "15:25",
        "15:42",
        "15:55",
        "16:08",
        "16:25",
        "16:58",
        "17:32",
        "18:02",
        "18:32",
        "18:47",
        "19:07",
        "20:03",
        "20:18",
        "21:02",
        "21:16"
    ],
    "holiday": [
        "5:40",
        "6:41",
        "7:01",
        "7:25",
        "7:40",
        "8:05",
        "8:20",
        "8:50",
        "9:20",
        "9:32",
        "9:52",
        "10:07",
        "10:20",
        "10:40",
        "11:00",
        "11:25",
        "11:40",
        "11:56",
        "12:04",
        "12:22",
        "12:35",
        "12:50",
        "13:05",
        "13:20",
        "13:40",
        "14:00",
        "14:20",
        "14:42",
        "15:00",
        "15:20",
        "15:47",
        "16:03",
        "16:20",
        "16:50",
        "17:20",
        "18:00",
        "18:37",
        "19:05",
        "19:55",
        "20:16",
        "21:16"
    ],
    "url": "https://www.kanachu.co.jp/dia/diagram/timetable01_js/course:0000803182-15/node:00129360/kt:0/lname:/"
}
