{
    "date": "2025/07/12",
    "name": "栄光学園前",
    "position": "-",
    "system": "船35",
    "destinations": [
        "玉縄台",
        "打越(鎌倉市)",
        "清泉女学院"
    ],
    "weekday": [
        "6:40",
        "6:58",
        "7:04",
        "7:10",
        "7:16",
        "7:22",
        "7:28",
        "7:34",
        "7:40",
        "7:46",
        "7:52",
        "7:58",
        "8:04",
        "8:10",
        "8:16",
        "8:20",
        "8:24",
        "8:28",
        "8:36",
        "8:49",
        "9:02",
        "9:22",
        "9:42",
        "10:02",
        "10:22",
        "10:42",
        "11:02",
        "11:22",
        "11:42",
        "12:02",
        "12:22",
        "12:42",
        "13:02",
        "13:22",
        "13:42",
        "14:02",
        "14:22",
        "14:42",
        "15:02",
        "15:12",
        "15:32",
        "15:42",
        "15:50",
        "15:58",
        "16:06",
        "16:14",
        "16:24",
        "16:36",
        "16:46",
        "16:54",
        "17:02",
        "17:13",
        "17:24",
        "17:35",
        "17:46",
        "17:58",
        "18:02",
        "18:12",
        "18:27",
        "18:42",
        "19:02",
        "19:22",
        "19:42",
        "20:02",
        "20:22",
        "20:42"
    ],
    "saturday": [
        "6:42",
        "7:02",
        "7:10",
        "7:22",
        "7:34",
        "7:40",
        "7:52",
        "8:02",
        "8:12",
        "8:22",
        "8:42",
        "9:02",
        "9:22",
        "9:42",
        "10:02",
        "10:22",
        "10:42",
        "11:02",
        "11:22",
        "11:42",
        "12:02",
        "12:22",
        "12:42",
        "13:02",
        "13:22",
        "13:42",
        "14:02",
        "14:22",
        "14:42",
        "15:02",
        "15:22",
        "15:42",
        "16:02",
        "16:22",
        "16:42",
        "17:02",
        "17:22",
        "17:42",
        "18:02",
        "18:22",
        "18:42",
        "19:02",
        "19:22",
        "19:42",
        "20:02",
        "20:22",
        "20:42"
    ],
    "holiday": [
        "6:42",
        "7:02",
        "7:22",
        "7:42",
        "8:02",
        "8:22",
        "8:42",
        "9:02",
        "9:22",
        "9:42",
        "10:02",
        "10:22",
        "10:42",
        "11:02",
        "11:22",
        "11:42",
        "12:02",
        "12:22",
        "12:42",
        "13:02",
        "13:22",
        "13:42",
        "14:02",
        "14:22",
        "14:42",
        "15:02",
        "15:22",
        "15:42",
        "16:02",
        "16:22",
        "16:42",
        "17:02",
        "17:22",
        "17:42",
        "18:02",
        "18:22",
        "18:42",
        "19:02",
        "19:22",
        "19:42",
        "20:02",
        "20:22",
        "20:42"
    ],
    "url": "https://www.kanachu.co.jp/dia/diagram/timetable01_js/course:0000803029-3/node:00127003/kt:0/lname:/"
}
