{
    "date": "2025/07/12",
    "name": "玉縄台",
    "position": "-",
    "system": "船35",
    "destinations": [
        "打越(鎌倉市)",
        "清泉女学院"
    ],
    "weekday": [
        "6:41",
        "6:59",
        "7:05",
        "7:11",
        "7:17",
        "7:23",
        "7:29",
        "7:35",
        "7:41",
        "7:47",
        "7:53",
        "7:59",
        "8:05",
        "8:11",
        "8:17",
        "8:21",
        "8:25",
        "8:29",
        "8:37",
        "8:50",
        "9:03",
        "9:23",
        "9:43",
        "10:03",
        "10:23",
        "10:43",
        "11:03",
        "11:23",
        "11:43",
        "12:03",
        "12:23",
        "12:43",
        "13:03",
        "13:23",
        "13:43",
        "14:03",
        "14:23",
        "14:43",
        "15:03",
        "15:13",
        "15:33",
        "15:43",
        "15:51",
        "15:59",
        "16:07",
        "16:15",
        "16:25",
        "16:37",
        "16:47",
        "16:55",
        "17:03",
        "17:14",
        "17:25",
        "17:36",
        "17:47",
        "17:59",
        "18:03",
        "18:13",
        "18:28",
        "18:43",
        "19:03",
        "19:23",
        "19:43",
        "20:03",
        "20:23",
        "20:43"
    ],
    "saturday": [
        "6:43",
        "7:03",
        "7:11",
        "7:23",
        "7:35",
        "7:41",
        "7:53",
        "8:03",
        "8:13",
        "8:23",
        "8:43",
        "9:03",
        "9:23",
        "9:43",
        "10:03",
        "10:23",
        "10:43",
        "11:03",
        "11:23",
        "11:43",
        "12:03",
        "12:23",
        "12:43",
        "13:03",
        "13:23",
        "13:43",
        "14:03",
        "14:23",
        "14:43",
        "15:03",
        "15:23",
        "15:43",
        "16:03",
        "16:23",
        "16:43",
        "17:03",
        "17:23",
        "17:43",
        "18:03",
        "18:23",
        "18:43",
        "19:03",
        "19:23",
        "19:43",
        "20:03",
        "20:23",
        "20:43"
    ],
    "holiday": [
        "6:43",
        "7:03",
        "7:23",
        "7:43",
        "8:03",
        "8:23",
        "8:43",
        "9:03",
        "9:23",
        "9:43",
        "10:03",
        "10:23",
        "10:43",
        "11:03",
        "11:23",
        "11:43",
        "12:03",
        "12:23",
        "12:43",
        "13:03",
        "13:23",
        "13:43",
        "14:03",
        "14:23",
        "14:43",
        "15:03",
        "15:23",
        "15:43",
        "16:03",
        "16:23",
        "16:43",
        "17:03",
        "17:23",
        "17:43",
        "18:03",
        "18:23",
        "18:43",
        "19:03",
        "19:23",
        "19:43",
        "20:03",
        "20:23",
        "20:43"
    ],
    "url": "https://www.kanachu.co.jp/dia/diagram/timetable01_js/course:0000803029-4/node:00127004/kt:0/lname:/"
}
