{
    "date": "2025/03/15",
    "name": "団地中央(綾瀬市)",
    "position": "-",
    "system": "長36",
    "destinations": [
        "新道向",
        "芝原入口",
        "天沼(藤沢市)",
        "天沼入口",
        "上宮下",
        "宮下(藤沢市)",
        "谷戸入口(藤沢市)",
        "出荷場前",
        "葛原(藤沢市)",
        "東山田(藤沢市)",
        "山谷(藤沢市)",
        "大持",
        "いすゞ前",
        "下土棚",
        "坂下(藤沢市)",
        "住宅前(藤沢市下土棚)",
        "長後市民センター前",
        "長後駅西口"
    ],
    "weekday": [
        "6:24",
        "7:31",
        "9:41",
        "11:24",
        "16:46",
        "18:00",
        "18:44"
    ],
    "saturday": [
        "8:37",
        "14:31",
        "15:37",
        "16:28"
    ],
    "holiday": [
        "8:37",
        "15:11",
        "16:28"
    ],
    "url": "https://www.kanachu.co.jp/dia/diagram/timetable01_js/course:0000801414-2/node:00129898/kt:0/lname:/"
}
