{
    "date": "2025/03/15",
    "name": "芝原入口",
    "position": "-",
    "system": "長36",
    "destinations": [
        "天沼(藤沢市)",
        "天沼入口",
        "上宮下",
        "宮下(藤沢市)",
        "谷戸入口(藤沢市)",
        "出荷場前",
        "葛原(藤沢市)",
        "東山田(藤沢市)",
        "山谷(藤沢市)",
        "大持",
        "いすゞ前",
        "下土棚",
        "坂下(藤沢市)",
        "住宅前(藤沢市下土棚)",
        "長後市民センター前",
        "長後駅西口"
    ],
    "weekday": [
        "6:25",
        "7:32",
        "9:42",
        "11:25",
        "16:47",
        "18:01",
        "18:45"
    ],
    "saturday": [
        "8:38",
        "14:32",
        "15:38",
        "16:29"
    ],
    "holiday": [
        "8:38",
        "15:12",
        "16:29"
    ],
    "url": "https://www.kanachu.co.jp/dia/diagram/timetable01_js/course:0000801414-4/node:00129900/kt:0/lname:/"
}
