{
    "date": "2025/03/15",
    "name": "上宮下",
    "position": "-",
    "system": "長36",
    "destinations": [
        "宮下(藤沢市)",
        "谷戸入口(藤沢市)",
        "出荷場前",
        "葛原(藤沢市)",
        "東山田(藤沢市)",
        "山谷(藤沢市)",
        "大持",
        "いすゞ前",
        "下土棚",
        "坂下(藤沢市)",
        "住宅前(藤沢市下土棚)",
        "長後市民センター前",
        "長後駅西口"
    ],
    "weekday": [
        "6:27",
        "7:34",
        "9:44",
        "11:27",
        "16:49",
        "18:03",
        "18:47"
    ],
    "saturday": [
        "8:40",
        "14:34",
        "15:40",
        "16:31"
    ],
    "holiday": [
        "8:40",
        "15:14",
        "16:31"
    ],
    "url": "https://www.kanachu.co.jp/dia/diagram/timetable01_js/course:0000801414-7/node:00129903/kt:0/lname:/"
}
