{
    "date": "2025/03/15",
    "name": "谷戸入口(藤沢市)",
    "position": "-",
    "system": "長36",
    "destinations": [
        "出荷場前",
        "葛原(藤沢市)",
        "東山田(藤沢市)",
        "山谷(藤沢市)",
        "大持",
        "いすゞ前",
        "下土棚",
        "坂下(藤沢市)",
        "住宅前(藤沢市下土棚)",
        "長後市民センター前",
        "長後駅西口"
    ],
    "weekday": [
        "6:28",
        "7:35",
        "9:45",
        "11:28",
        "16:50",
        "18:04",
        "18:48"
    ],
    "saturday": [
        "8:41",
        "14:35",
        "15:41",
        "16:32"
    ],
    "holiday": [
        "8:41",
        "15:15",
        "16:32"
    ],
    "url": "https://www.kanachu.co.jp/dia/diagram/timetable01_js/course:0000801414-9/node:00129905/kt:0/lname:/"
}
