{
    "date": "2025/03/15",
    "name": "葛原(藤沢市)",
    "position": "-",
    "system": "長36",
    "destinations": [
        "東山田(藤沢市)",
        "山谷(藤沢市)",
        "大持",
        "いすゞ前",
        "下土棚",
        "坂下(藤沢市)",
        "住宅前(藤沢市下土棚)",
        "長後市民センター前",
        "長後駅西口"
    ],
    "weekday": [
        "6:30",
        "7:37",
        "9:47",
        "11:30",
        "16:52",
        "18:06",
        "18:50"
    ],
    "saturday": [
        "8:43",
        "14:37",
        "15:43",
        "16:34"
    ],
    "holiday": [
        "8:43",
        "15:17",
        "16:34"
    ],
    "url": "https://www.kanachu.co.jp/dia/diagram/timetable01_js/course:0000801414-11/node:00129820/kt:0/lname:/"
}
