{
    "date": "2025/03/15",
    "name": "大持",
    "position": "-",
    "system": "長36",
    "destinations": [
        "いすゞ前",
        "下土棚",
        "坂下(藤沢市)",
        "住宅前(藤沢市下土棚)",
        "長後市民センター前",
        "長後駅西口"
    ],
    "weekday": [
        "6:32",
        "7:39",
        "9:49",
        "11:32",
        "16:54",
        "18:08",
        "18:52"
    ],
    "saturday": [
        "8:45",
        "14:39",
        "15:45",
        "16:36"
    ],
    "holiday": [
        "8:45",
        "15:19",
        "16:36"
    ],
    "url": "https://www.kanachu.co.jp/dia/diagram/timetable01_js/course:0000801414-14/node:00129817/kt:0/lname:/"
}
