{
    "date": "2025/03/15",
    "name": "坂下(藤沢市)",
    "position": "-",
    "system": "長36",
    "destinations": [
        "住宅前(藤沢市下土棚)",
        "長後市民センター前",
        "長後駅西口"
    ],
    "weekday": [
        "6:35",
        "7:42",
        "9:52",
        "11:35",
        "16:57",
        "18:11",
        "18:55"
    ],
    "saturday": [
        "8:48",
        "14:42",
        "15:48",
        "16:39"
    ],
    "holiday": [
        "8:48",
        "15:22",
        "16:39"
    ],
    "url": "https://www.kanachu.co.jp/dia/diagram/timetable01_js/course:0000801414-17/node:00129814/kt:0/lname:/"
}
