{
    "date": "2025/04/19",
    "name": "麻溝台公園前",
    "position": "-",
    "system": "台13",
    "destinations": [
        "若草小学校前(相模原市南区)",
        "若草公園前",
        "団地北(相模原市南区)",
        "相武台団地",
        "北相武台",
        "県営住宅入口(座間市)",
        "相武台前駅"
    ],
    "weekday": [
        "7:17",
        "7:37",
        "8:26",
        "9:57",
        "10:37",
        "11:58",
        "12:38",
        "13:53",
        "14:38",
        "16:42",
        "17:43",
        "18:42"
    ],
    "saturday": [
        "6:45",
        "7:27"
    ],
    "holiday": [
        "7:20",
        "18:40"
    ],
    "url": "https://www.kanachu.co.jp/dia/diagram/timetable01_js/course:0000803509-6/node:00129065/kt:0/lname:/"
}
