{
    "date": "2025/04/19",
    "name": "相武台団地",
    "position": "-",
    "system": "台13",
    "destinations": [
        "北相武台",
        "県営住宅入口(座間市)",
        "相武台前駅"
    ],
    "weekday": [
        "7:23",
        "7:43",
        "8:32",
        "10:03",
        "10:43",
        "12:04",
        "12:44",
        "13:59",
        "14:44",
        "16:48",
        "17:49",
        "18:48"
    ],
    "saturday": [
        "6:50",
        "7:32"
    ],
    "holiday": [
        "7:25",
        "18:46"
    ],
    "url": "https://www.kanachu.co.jp/dia/diagram/timetable01_js/course:0000803509-10/node:00129180/kt:0/lname:/"
}
