{
    "date": "2025/08/30",
    "name": "六ツ川町",
    "position": "-",
    "system": "東01",
    "destinations": [
        "上六ツ川",
        "大池(横浜市南区)",
        "引越坂",
        "こども医療センター",
        "六ツ川四丁目",
        "山谷(横浜市戸塚区)",
        "坂下口",
        "国道平戸",
        "品濃口",
        "坂下(横浜市戸塚区)",
        "品濃町(横浜市戸塚区)",
        "東戸塚駅東口"
    ],
    "weekday": [
        "6:35",
        "7:04",
        "7:20",
        "7:36",
        "7:50",
        "8:02",
        "8:15",
        "8:35",
        "8:58",
        "9:22",
        "9:51",
        "10:29",
        "11:09",
        "11:49",
        "12:29",
        "12:49",
        "13:09",
        "13:49",
        "14:29",
        "15:09",
        "15:43",
        "16:11",
        "16:43",
        "17:13",
        "17:43",
        "18:13",
        "18:43",
        "19:13",
        "19:43",
        "20:13",
        "20:43",
        "21:12",
        "21:43"
    ],
    "saturday": [
        "7:19",
        "7:49",
        "8:19",
        "8:49",
        "9:19",
        "9:49",
        "10:19",
        "10:49",
        "11:09",
        "11:43",
        "12:28",
        "13:13",
        "14:00",
        "14:45",
        "15:30",
        "16:15",
        "17:00",
        "17:45",
        "18:30",
        "19:15",
        "19:58",
        "20:43",
        "21:28"
    ],
    "holiday": [
        "7:19",
        "7:49",
        "8:19",
        "8:49",
        "9:19",
        "9:49",
        "10:19",
        "10:49",
        "11:09",
        "11:43",
        "12:28",
        "13:13",
        "14:00",
        "14:45",
        "15:30",
        "16:15",
        "17:00",
        "17:45",
        "18:30",
        "19:15",
        "19:58",
        "20:43",
        "21:28"
    ],
    "url": "https://www.kanachu.co.jp/dia/diagram/timetable01_js/course:0000803835-6/node:00126627/kt:0/lname:/"
}
