{
    "date": "2025/08/30",
    "name": "国道平戸",
    "position": "-",
    "system": "東01",
    "destinations": [
        "品濃口",
        "坂下(横浜市戸塚区)",
        "品濃町(横浜市戸塚区)",
        "東戸塚駅東口"
    ],
    "weekday": [
        "6:51",
        "7:20",
        "7:36",
        "7:52",
        "8:06",
        "8:18",
        "8:31",
        "8:51",
        "9:14",
        "9:38",
        "10:07",
        "10:45",
        "11:25",
        "12:05",
        "12:45",
        "13:05",
        "13:25",
        "14:05",
        "14:45",
        "15:25",
        "15:59",
        "16:27",
        "16:59",
        "17:29",
        "17:59",
        "18:29",
        "18:59",
        "19:29",
        "19:59",
        "20:29",
        "20:59",
        "21:28",
        "21:59"
    ],
    "saturday": [
        "7:34",
        "8:04",
        "8:35",
        "9:05",
        "9:35",
        "10:05",
        "10:35",
        "11:05",
        "11:25",
        "11:59",
        "12:44",
        "13:29",
        "14:16",
        "15:01",
        "15:46",
        "16:31",
        "17:16",
        "18:01",
        "18:46",
        "19:30",
        "20:13",
        "20:58",
        "21:43"
    ],
    "holiday": [
        "7:34",
        "8:04",
        "8:35",
        "9:05",
        "9:35",
        "10:05",
        "10:35",
        "11:05",
        "11:25",
        "11:59",
        "12:44",
        "13:29",
        "14:16",
        "15:01",
        "15:46",
        "16:31",
        "17:16",
        "18:01",
        "18:46",
        "19:30",
        "20:13",
        "20:58",
        "21:43"
    ],
    "url": "https://www.kanachu.co.jp/dia/diagram/timetable01_js/course:0000803835-14/node:00126618/kt:0/lname:/"
}
