{
    "date": "2026/01/16",
    "name": "日野中央公園入口",
    "position": "-",
    "system": "上32",
    "destinations": [
        "日野公園墓地入口",
        "新吉原橋",
        "吉原(横浜市港南区)",
        "港南区総合庁舎前",
        "笹下港南中央通り",
        "関の下",
        "上大岡駅"
    ],
    "weekday": [
        "6:17",
        "6:59",
        "7:18",
        "7:47",
        "8:34",
        "9:12",
        "10:27",
        "10:52",
        "11:44",
        "12:17",
        "12:52",
        "13:49",
        "14:32",
        "15:07",
        "15:43",
        "16:08",
        "16:32",
        "17:42",
        "18:07"
    ],
    "saturday": [
        "8:07",
        "9:46",
        "10:07",
        "10:52",
        "11:27",
        "12:02",
        "12:45",
        "14:12",
        "14:37",
        "15:47",
        "16:29",
        "18:07"
    ],
    "holiday": [
        "8:07",
        "9:46",
        "10:07",
        "10:52",
        "11:27",
        "12:02",
        "12:45",
        "14:12",
        "14:37",
        "15:47",
        "16:29",
        "18:07"
    ],
    "url": "https://www.kanachu.co.jp/dia/diagram/timetable01_js/course:0000803967-6/node:00102994/kt:0/lname:/"
}
