{
    "date": "2025/11/16",
    "name": "〆引",
    "position": "-",
    "system": "伊10",
    "destinations": [
        "市光前",
        "峰岸",
        "片町(伊勢原市)",
        "片町十字路",
        "大神宮前",
        "本町(伊勢原市)",
        "伊勢原駅北口"
    ],
    "weekday": [
        "6:58",
        "7:18",
        "7:38",
        "7:58",
        "8:28",
        "8:58",
        "9:28",
        "9:58",
        "10:28",
        "10:58",
        "11:28",
        "11:58",
        "12:28",
        "12:58",
        "13:28",
        "13:58",
        "14:28",
        "14:58",
        "15:28",
        "15:58",
        "16:28",
        "16:58",
        "17:28",
        "17:58",
        "18:28",
        "18:58"
    ],
    "saturday": [
        "6:55",
        "7:25",
        "7:55",
        "8:15",
        "8:35",
        "8:55",
        "9:15",
        "9:35",
        "9:55",
        "10:15",
        "10:35",
        "10:55",
        "11:15",
        "11:35",
        "11:55",
        "12:15",
        "12:35",
        "12:55",
        "13:15",
        "13:35",
        "13:55",
        "14:15",
        "14:35",
        "14:55",
        "15:15",
        "15:35",
        "15:55",
        "16:15",
        "16:35",
        "16:55",
        "17:15",
        "17:35",
        "17:55",
        "18:15",
        "18:45",
        "19:15",
        "19:45",
        "20:15"
    ],
    "holiday": [
        "6:55",
        "7:25",
        "7:55",
        "8:15",
        "8:35",
        "8:55",
        "9:15",
        "9:35",
        "9:55",
        "10:15",
        "10:35",
        "10:55",
        "11:15",
        "11:35",
        "11:55",
        "12:15",
        "12:35",
        "12:55",
        "13:15",
        "13:35",
        "13:55",
        "14:15",
        "14:35",
        "14:55",
        "15:15",
        "15:35",
        "15:55",
        "16:15",
        "16:35",
        "16:55",
        "17:15",
        "17:35",
        "17:55",
        "18:15",
        "18:45",
        "19:15",
        "19:45",
        "20:15"
    ],
    "url": "https://www.kanachu.co.jp/dia/diagram/timetable01_js/course:0000803338-16/node:00128147/kt:0/lname:/"
}
