{
    "system": "辻15",
    "busstops": [
        {
            "index": "1",
            "id": "00127111",
            "name": "辻堂駅南口",
            "lat": "35.336669",
            "lng": "139.447394"
        },
        {
            "index": "2",
            "id": "00127268",
            "name": "辻堂駅西口",
            "lat": "35.336286",
            "lng": "139.443196"
        },
        {
            "index": "3",
            "id": "00127234",
            "name": "浜竹",
            "lat": "35.332125",
            "lng": "139.438555"
        },
        {
            "index": "4",
            "id": "00127233",
            "name": "兵金山",
            "lat": "35.329842",
            "lng": "139.43833"
        },
        {
            "index": "5",
            "id": "00127229",
            "name": "テラス",
            "lat": "35.328694",
            "lng": "139.438155"
        },
        {
            "index": "6",
            "id": "00127280",
            "name": "常盤町(茅ケ崎市)",
            "lat": "35.326487",
            "lng": "139.437591"
        },
        {
            "index": "7",
            "id": "00127228",
            "name": "富士見町(茅ケ崎市)",
            "lat": "35.32552",
            "lng": "139.435075"
        },
        {
            "index": "8",
            "id": "00127227",
            "name": "平和学園前(茅ケ崎市)",
            "lat": "35.325459",
            "lng": "139.432425"
        },
        {
            "index": "9",
            "id": "00127269",
            "name": "浜須賀入口",
            "lat": "35.325402",
            "lng": "139.429846"
        },
        {
            "index": "10",
            "id": "00127226",
            "name": "平和町",
            "lat": "35.32527",
            "lng": "139.426809"
        },
        {
            "index": "11",
            "id": "00127225",
            "name": "松が丘二丁目(茅ケ崎市)",
            "lat": "35.325155",
            "lng": "139.422151"
        },
        {
            "index": "12",
            "id": "00127224",
            "name": "東海岸北五丁目",
            "lat": "35.32507",
            "lng": "139.419276"
        }
    ],
    "route_url": "https://www.kanachu.co.jp/dia/route/index/cid:0000802922/"
}
