{
    "date": "2025/07/27",
    "name": "中島(中郡二宮町)",
    "position": "-",
    "system": "二37",
    "destinations": [
        "中里(中郡二宮町)",
        "二宮高校入口",
        "緑が丘・二宮高校前",
        "緑が丘西(中郡二宮町)",
        "中央公園前(中郡二宮町)",
        "緑が丘南(中郡二宮町)",
        "温水プール前(中郡二宮町)",
        "緑が丘三丁目(中郡二宮町)",
        "緑が丘二丁目(中郡二宮町)",
        "緑が丘西(中郡二宮町)",
        "緑が丘・二宮高校前",
        "二宮高校入口",
        "中里(中郡二宮町)",
        "中島(中郡二宮町)",
        "堂面(中郡二宮町)",
        "元町(中郡二宮町)",
        "二宮駅北口"
    ],
    "weekday": [
        "6:40",
        "7:10",
        "7:30",
        "7:45",
        "8:01",
        "8:13",
        "8:30",
        "17:10",
        "17:40",
        "18:10",
        "18:40",
        "19:10",
        "19:40",
        "20:10",
        "20:40",
        "21:10"
    ],
    "saturday": [
        "6:53",
        "7:53",
        "17:40",
        "18:40",
        "19:40",
        "20:40"
    ],
    "holiday": [
        "6:53",
        "7:53",
        "17:40",
        "18:40",
        "19:40",
        "20:40"
    ],
    "url": "https://www.kanachu.co.jp/dia/diagram/timetable01_js/course:0000802629-4/node:00127789/kt:0/lname:/"
}
