{
    "date": "2025/07/27",
    "name": "中里(中郡二宮町)",
    "position": "-",
    "system": "二37",
    "destinations": [
        "二宮高校入口",
        "緑が丘・二宮高校前",
        "緑が丘西(中郡二宮町)",
        "中央公園前(中郡二宮町)",
        "緑が丘南(中郡二宮町)",
        "温水プール前(中郡二宮町)",
        "緑が丘三丁目(中郡二宮町)",
        "緑が丘二丁目(中郡二宮町)",
        "緑が丘西(中郡二宮町)",
        "緑が丘・二宮高校前",
        "二宮高校入口",
        "中里(中郡二宮町)",
        "中島(中郡二宮町)",
        "堂面(中郡二宮町)",
        "元町(中郡二宮町)",
        "二宮駅北口"
    ],
    "weekday": [
        "6:41",
        "7:11",
        "7:31",
        "7:46",
        "8:02",
        "8:14",
        "8:31",
        "17:11",
        "17:41",
        "18:11",
        "18:41",
        "19:11",
        "19:41",
        "20:11",
        "20:41",
        "21:11"
    ],
    "saturday": [
        "6:54",
        "7:54",
        "17:41",
        "18:41",
        "19:41",
        "20:41"
    ],
    "holiday": [
        "6:54",
        "7:54",
        "17:41",
        "18:41",
        "19:41",
        "20:41"
    ],
    "url": "https://www.kanachu.co.jp/dia/diagram/timetable01_js/course:0000802629-5/node:00127788/kt:0/lname:/"
}
