{
    "date": "2025/07/27",
    "name": "二宮高校入口",
    "position": "-",
    "system": "二37",
    "destinations": [
        "緑が丘・二宮高校前",
        "緑が丘西(中郡二宮町)",
        "中央公園前(中郡二宮町)",
        "緑が丘南(中郡二宮町)",
        "温水プール前(中郡二宮町)",
        "緑が丘三丁目(中郡二宮町)",
        "緑が丘二丁目(中郡二宮町)",
        "緑が丘西(中郡二宮町)",
        "緑が丘・二宮高校前",
        "二宮高校入口",
        "中里(中郡二宮町)",
        "中島(中郡二宮町)",
        "堂面(中郡二宮町)",
        "元町(中郡二宮町)",
        "二宮駅北口"
    ],
    "weekday": [
        "6:42",
        "7:12",
        "7:32",
        "7:47",
        "8:03",
        "8:15",
        "8:32",
        "17:12",
        "17:42",
        "18:12",
        "18:42",
        "19:12",
        "19:42",
        "20:12",
        "20:42",
        "21:12"
    ],
    "saturday": [
        "6:55",
        "7:55",
        "17:42",
        "18:42",
        "19:42",
        "20:42"
    ],
    "holiday": [
        "6:55",
        "7:55",
        "17:42",
        "18:42",
        "19:42",
        "20:42"
    ],
    "url": "https://www.kanachu.co.jp/dia/diagram/timetable01_js/course:0000802629-6/node:00127787/kt:0/lname:/"
}
