{
    "date": "2025/07/27",
    "name": "緑が丘・二宮高校前",
    "position": "-",
    "system": "二37",
    "destinations": [
        "緑が丘西(中郡二宮町)",
        "中央公園前(中郡二宮町)",
        "緑が丘南(中郡二宮町)",
        "温水プール前(中郡二宮町)",
        "緑が丘三丁目(中郡二宮町)",
        "緑が丘二丁目(中郡二宮町)",
        "緑が丘西(中郡二宮町)",
        "緑が丘・二宮高校前",
        "二宮高校入口",
        "中里(中郡二宮町)",
        "中島(中郡二宮町)",
        "堂面(中郡二宮町)",
        "元町(中郡二宮町)",
        "二宮駅北口"
    ],
    "weekday": [
        "6:44",
        "7:14",
        "7:34",
        "7:49",
        "8:05",
        "8:17",
        "8:34",
        "17:14",
        "17:44",
        "18:14",
        "18:44",
        "19:14",
        "19:44",
        "20:14",
        "20:44",
        "21:14"
    ],
    "saturday": [
        "6:57",
        "7:57",
        "17:44",
        "18:44",
        "19:44",
        "20:44"
    ],
    "holiday": [
        "6:57",
        "7:57",
        "17:44",
        "18:44",
        "19:44",
        "20:44"
    ],
    "url": "https://www.kanachu.co.jp/dia/diagram/timetable01_js/course:0000802629-7/node:00130142/kt:0/lname:/"
}
