{
    "date": "2025/07/27",
    "name": "中央公園前(中郡二宮町)",
    "position": "-",
    "system": "二37",
    "destinations": [
        "緑が丘南(中郡二宮町)",
        "温水プール前(中郡二宮町)",
        "緑が丘三丁目(中郡二宮町)",
        "緑が丘二丁目(中郡二宮町)",
        "緑が丘西(中郡二宮町)",
        "緑が丘・二宮高校前",
        "二宮高校入口",
        "中里(中郡二宮町)",
        "中島(中郡二宮町)",
        "堂面(中郡二宮町)",
        "元町(中郡二宮町)",
        "二宮駅北口"
    ],
    "weekday": [
        "6:46",
        "7:16",
        "7:36",
        "7:51",
        "8:07",
        "8:19",
        "8:36",
        "17:16",
        "17:46",
        "18:16",
        "18:46",
        "19:16",
        "19:46",
        "20:16",
        "20:46",
        "21:16"
    ],
    "saturday": [
        "6:59",
        "7:59",
        "17:46",
        "18:46",
        "19:46",
        "20:46"
    ],
    "holiday": [
        "6:59",
        "7:59",
        "17:46",
        "18:46",
        "19:46",
        "20:46"
    ],
    "url": "https://www.kanachu.co.jp/dia/diagram/timetable01_js/course:0000802629-9/node:00130144/kt:0/lname:/"
}
