{
    "date": "2025/07/27",
    "name": "緑が丘三丁目(中郡二宮町)",
    "position": "-",
    "system": "二37",
    "destinations": [
        "緑が丘二丁目(中郡二宮町)",
        "緑が丘西(中郡二宮町)",
        "緑が丘・二宮高校前",
        "二宮高校入口",
        "中里(中郡二宮町)",
        "中島(中郡二宮町)",
        "堂面(中郡二宮町)",
        "元町(中郡二宮町)",
        "二宮駅北口"
    ],
    "weekday": [
        "6:48",
        "7:18",
        "7:38",
        "7:53",
        "8:09",
        "8:21",
        "8:38",
        "17:18",
        "17:48",
        "18:18",
        "18:48",
        "19:18",
        "19:48",
        "20:18",
        "20:48",
        "21:18"
    ],
    "saturday": [
        "7:01",
        "8:01",
        "17:48",
        "18:48",
        "19:48",
        "20:48"
    ],
    "holiday": [
        "7:01",
        "8:01",
        "17:48",
        "18:48",
        "19:48",
        "20:48"
    ],
    "url": "https://www.kanachu.co.jp/dia/diagram/timetable01_js/course:0000802629-12/node:00130147/kt:0/lname:/"
}
