{
  "date": "2025/04/01",
  "name": "妙延寺(町田市)",
  "position": "-",
  "system": "町17",
  "destinations": [
    "森野五丁目",
    "森野六丁目",
    "桧台入口",
    "木曽都営入口",
    "境川団地入口",
    "境川団地中央",
    "境川団地",
    "横町(町田市)",
    "木曽南団地",
    "町田総合高校前",
    "淡島公園入口",
    "根岸町内会館入口",
    "日向根トンネル",
    "矢部八幡前",
    "山王下(相模原市中央区)",
    "山王(相模原市中央区)",
    "小学校入口(相模原市中央区)",
    "淵野辺郵便局前",
    "幸町(相模原市中央区)",
    "淵野辺駅北口"
  ],
  "weekday": [
    "7:03",
    "8:03",
    "9:13",
    "10:13",
    "11:03",
    "12:03",
    "13:03",
    "14:03",
    "15:03",
    "16:13",
    "17:08",
    "18:18",
    "19:43"
  ],
  "saturday": [
    "7:23",
    "8:23",
    "9:23",
    "10:23",
    "11:23",
    "12:23",
    "13:23",
    "14:23",
    "15:23",
    "16:23",
    "17:23",
    "18:23",
    "19:23"
  ],
  "holiday": [
    "7:18",
    "8:18",
    "9:18",
    "10:18",
    "11:18",
    "12:18",
    "13:18",
    "14:18",
    "15:18",
    "16:18",
    "17:18",
    "18:18",
    "19:18"
  ],
  "url": "https://www.kanachu.co.jp/dia/diagram/timetable01_js/course:0000801123-3/node:00129375/kt:0/lname:/"
}