{
    "date": "2025/03/15",
    "name": "幸町(茅ケ崎市)",
    "position": "-",
    "system": "辻02",
    "destinations": [
        "会館前(茅ケ崎市)",
        "東海岸二丁目",
        "駐在所前(茅ケ崎市)",
        "東海岸北五丁目",
        "松が丘二丁目(茅ケ崎市)",
        "平和町",
        "浜須賀入口",
        "平和学園前(茅ケ崎市)",
        "富士見町(茅ケ崎市)",
        "東浜須賀",
        "茅ヶ崎学園入口",
        "のぞみ学園前",
        "辻堂団地",
        "高砂小学校前(藤沢市)",
        "南海岸",
        "浜見山",
        "南町(藤沢市)",
        "西町(藤沢市)",
        "熊の森",
        "仲町(藤沢市)",
        "辻堂駅南口"
    ],
    "weekday": [
        "6:21",
        "6:51",
        "7:13",
        "7:43",
        "8:46",
        "9:41",
        "10:41",
        "11:41",
        "12:41",
        "13:41",
        "14:41",
        "15:56",
        "16:56",
        "17:56",
        "18:56",
        "19:54"
    ],
    "saturday": [],
    "holiday": [],
    "url": "https://www.kanachu.co.jp/dia/diagram/timetable01_js/course:0000802865-2/node:00127220/kt:0/lname:/"
}
