{
    "date": "2025/03/15",
    "name": "松が丘二丁目(茅ケ崎市)",
    "position": "-",
    "system": "辻02",
    "destinations": [
        "平和町",
        "浜須賀入口",
        "平和学園前(茅ケ崎市)",
        "富士見町(茅ケ崎市)",
        "東浜須賀",
        "茅ヶ崎学園入口",
        "のぞみ学園前",
        "辻堂団地",
        "高砂小学校前(藤沢市)",
        "南海岸",
        "浜見山",
        "南町(藤沢市)",
        "西町(藤沢市)",
        "熊の森",
        "仲町(藤沢市)",
        "辻堂駅南口"
    ],
    "weekday": [
        "6:26",
        "6:56",
        "7:18",
        "7:48",
        "8:51",
        "9:46",
        "10:46",
        "11:46",
        "12:46",
        "13:46",
        "14:46",
        "16:01",
        "17:01",
        "18:01",
        "19:01",
        "19:59"
    ],
    "saturday": [],
    "holiday": [],
    "url": "https://www.kanachu.co.jp/dia/diagram/timetable01_js/course:0000802865-7/node:00127225/kt:0/lname:/"
}
