{
    "date": "2025/03/15",
    "name": "富士見町(茅ケ崎市)",
    "position": "-",
    "system": "辻02",
    "destinations": [
        "東浜須賀",
        "茅ヶ崎学園入口",
        "のぞみ学園前",
        "辻堂団地",
        "高砂小学校前(藤沢市)",
        "南海岸",
        "浜見山",
        "南町(藤沢市)",
        "西町(藤沢市)",
        "熊の森",
        "仲町(藤沢市)",
        "辻堂駅南口"
    ],
    "weekday": [
        "6:30",
        "7:00",
        "7:22",
        "7:52",
        "8:55",
        "9:50",
        "10:50",
        "11:50",
        "12:50",
        "13:50",
        "14:50",
        "16:05",
        "17:05",
        "18:05",
        "19:05",
        "20:03"
    ],
    "saturday": [],
    "holiday": [],
    "url": "https://www.kanachu.co.jp/dia/diagram/timetable01_js/course:0000802865-11/node:00127228/kt:0/lname:/"
}
