{
    "date": "2025/03/15",
    "name": "のぞみ学園前",
    "position": "-",
    "system": "辻02",
    "destinations": [
        "辻堂団地",
        "高砂小学校前(藤沢市)",
        "南海岸",
        "浜見山",
        "南町(藤沢市)",
        "西町(藤沢市)",
        "熊の森",
        "仲町(藤沢市)",
        "辻堂駅南口"
    ],
    "weekday": [
        "6:33",
        "7:03",
        "7:25",
        "7:55",
        "8:58",
        "9:53",
        "10:53",
        "11:53",
        "12:53",
        "13:53",
        "14:53",
        "16:08",
        "17:08",
        "18:08",
        "19:08",
        "20:06"
    ],
    "saturday": [],
    "holiday": [],
    "url": "https://www.kanachu.co.jp/dia/diagram/timetable01_js/course:0000802865-14/node:00127232/kt:0/lname:/"
}
