{
    "date": "2025/08/04",
    "name": "沼(相模原市緑区)",
    "position": "-",
    "system": "橋03",
    "destinations": [
        "長尾(相模原市緑区)",
        "金原準工前",
        "富士塚前(相模原市緑区)",
        "ひがし会館",
        "東金原",
        "西中野(相模原市緑区)",
        "根小屋中野",
        "無料庵",
        "荒句",
        "城山登山口(相模原市緑区)",
        "小倉原",
        "宮原(相模原市緑区)",
        "向原南",
        "向原北",
        "城山総合事務所入口",
        "原宿(相模原市緑区)",
        "東原宿",
        "森の上",
        "二本松(相模原市緑区)",
        "相原中央",
        "相原台",
        "大西(相模原市緑区)",
        "上町(相模原市緑区)",
        "香福寺前",
        "旭小学校前(相模原市緑区)",
        "旭農協前",
        "橋本駅北口"
    ],
    "weekday": [
        "5:38",
        "6:38",
        "8:44",
        "16:09",
        "17:09",
        "18:19",
        "19:18"
    ],
    "saturday": [
        "6:38",
        "8:38",
        "16:34",
        "17:34",
        "18:33"
    ],
    "holiday": [
        "6:38",
        "7:38",
        "8:38",
        "16:34",
        "17:34",
        "18:33"
    ],
    "url": "https://www.kanachu.co.jp/dia/diagram/timetable01_js/course:0000803006-12/node:00128859/kt:0/lname:/"
}
