{
    "date": "2025/08/04",
    "name": "富士塚前(相模原市緑区)",
    "position": "-",
    "system": "橋03",
    "destinations": [
        "ひがし会館",
        "東金原",
        "西中野(相模原市緑区)",
        "根小屋中野",
        "無料庵",
        "荒句",
        "城山登山口(相模原市緑区)",
        "小倉原",
        "宮原(相模原市緑区)",
        "向原南",
        "向原北",
        "城山総合事務所入口",
        "原宿(相模原市緑区)",
        "東原宿",
        "森の上",
        "二本松(相模原市緑区)",
        "相原中央",
        "相原台",
        "大西(相模原市緑区)",
        "上町(相模原市緑区)",
        "香福寺前",
        "旭小学校前(相模原市緑区)",
        "旭農協前",
        "橋本駅北口"
    ],
    "weekday": [
        "5:40",
        "6:40",
        "8:46",
        "16:11",
        "17:11",
        "18:21",
        "19:20"
    ],
    "saturday": [
        "6:40",
        "8:40",
        "16:36",
        "17:36",
        "18:35"
    ],
    "holiday": [
        "6:40",
        "7:40",
        "8:40",
        "16:36",
        "17:36",
        "18:35"
    ],
    "url": "https://www.kanachu.co.jp/dia/diagram/timetable01_js/course:0000803006-15/node:00129016/kt:0/lname:/"
}
