{
    "date": "2025/08/04",
    "name": "西中野(相模原市緑区)",
    "position": "-",
    "system": "橋03",
    "destinations": [
        "根小屋中野",
        "無料庵",
        "荒句",
        "城山登山口(相模原市緑区)",
        "小倉原",
        "宮原(相模原市緑区)",
        "向原南",
        "向原北",
        "城山総合事務所入口",
        "原宿(相模原市緑区)",
        "東原宿",
        "森の上",
        "二本松(相模原市緑区)",
        "相原中央",
        "相原台",
        "大西(相模原市緑区)",
        "上町(相模原市緑区)",
        "香福寺前",
        "旭小学校前(相模原市緑区)",
        "旭農協前",
        "橋本駅北口"
    ],
    "weekday": [
        "5:44",
        "6:44",
        "8:50",
        "16:15",
        "17:15",
        "18:25",
        "19:24"
    ],
    "saturday": [
        "6:44",
        "8:44",
        "16:40",
        "17:40",
        "18:39"
    ],
    "holiday": [
        "6:44",
        "7:44",
        "8:44",
        "16:40",
        "17:40",
        "18:39"
    ],
    "url": "https://www.kanachu.co.jp/dia/diagram/timetable01_js/course:0000803006-18/node:00128864/kt:0/lname:/"
}
