{
    "date": "2025/08/04",
    "name": "二本松(相模原市緑区)",
    "position": "-",
    "system": "橋03",
    "destinations": [
        "相原中央",
        "相原台",
        "大西(相模原市緑区)",
        "上町(相模原市緑区)",
        "香福寺前",
        "旭小学校前(相模原市緑区)",
        "旭農協前",
        "橋本駅北口"
    ],
    "weekday": [
        "6:03",
        "7:04",
        "9:10",
        "16:35",
        "17:35",
        "18:45",
        "19:42"
    ],
    "saturday": [
        "7:02",
        "9:04",
        "17:00",
        "18:00",
        "18:57"
    ],
    "holiday": [
        "7:02",
        "8:02",
        "9:04",
        "17:00",
        "18:00",
        "18:57"
    ],
    "url": "https://www.kanachu.co.jp/dia/diagram/timetable01_js/course:0000803006-31/node:00128964/kt:0/lname:/"
}
