{
    "date": "2025/08/04",
    "name": "相原台",
    "position": "-",
    "system": "橋03",
    "destinations": [
        "大西(相模原市緑区)",
        "上町(相模原市緑区)",
        "香福寺前",
        "旭小学校前(相模原市緑区)",
        "旭農協前",
        "橋本駅北口"
    ],
    "weekday": [
        "6:05",
        "7:06",
        "9:12",
        "16:37",
        "17:37",
        "18:47",
        "19:44"
    ],
    "saturday": [
        "7:04",
        "9:06",
        "17:02",
        "18:02",
        "18:59"
    ],
    "holiday": [
        "7:04",
        "8:04",
        "9:06",
        "17:02",
        "18:02",
        "18:59"
    ],
    "url": "https://www.kanachu.co.jp/dia/diagram/timetable01_js/course:0000803006-33/node:00128966/kt:0/lname:/"
}
