{
    "date": "2025/08/04",
    "name": "香福寺前",
    "position": "-",
    "system": "橋03",
    "destinations": [
        "旭小学校前(相模原市緑区)",
        "旭農協前",
        "橋本駅北口"
    ],
    "weekday": [
        "6:10",
        "7:14",
        "9:19",
        "16:44",
        "17:44",
        "18:54",
        "19:49"
    ],
    "saturday": [
        "7:09",
        "9:13",
        "17:10",
        "18:10",
        "19:04"
    ],
    "holiday": [
        "7:09",
        "8:09",
        "9:13",
        "17:10",
        "18:10",
        "19:04"
    ],
    "url": "https://www.kanachu.co.jp/dia/diagram/timetable01_js/course:0000803006-36/node:00020335/kt:0/lname:/"
}
