{
    "system": "橋03",
    "busstops": [
        {
            "index": "1",
            "id": "00128750",
            "name": "三ヶ木",
            "lat": "35.588242",
            "lng": "139.233295"
        },
        {
            "index": "2",
            "id": "00128751",
            "name": "津久井高校前",
            "lat": "35.587896",
            "lng": "139.232353"
        },
        {
            "index": "3",
            "id": "00128752",
            "name": "三ヶ木新宿",
            "lat": "35.585517",
            "lng": "139.231074"
        },
        {
            "index": "4",
            "id": "00128753",
            "name": "青山(相模原市緑区)",
            "lat": "35.581908",
            "lng": "139.231084"
        },
        {
            "index": "5",
            "id": "00128825",
            "name": "小沢(相模原市緑区)",
            "lat": "35.577562",
            "lng": "139.233943"
        },
        {
            "index": "6",
            "id": "00128826",
            "name": "新屋敷(相模原市緑区)",
            "lat": "35.570993",
            "lng": "139.238249"
        },
        {
            "index": "7",
            "id": "00129003",
            "name": "関・宮原",
            "lat": "35.568398",
            "lng": "139.242076"
        },
        {
            "index": "8",
            "id": "00128827",
            "name": "関(相模原市緑区)",
            "lat": "35.566373",
            "lng": "139.2475"
        },
        {
            "index": "9",
            "id": "00128837",
            "name": "上長竹",
            "lat": "35.566366",
            "lng": "139.250759"
        },
        {
            "index": "10",
            "id": "00128838",
            "name": "長竹クラブ前",
            "lat": "35.566353",
            "lng": "139.253698"
        },
        {
            "index": "11",
            "id": "00129013",
            "name": "串川グラウンド前",
            "lat": "35.567118",
            "lng": "139.258451"
        },
        {
            "index": "12",
            "id": "00128859",
            "name": "沼(相模原市緑区)",
            "lat": "35.568393",
            "lng": "139.261624"
        },
        {
            "index": "13",
            "id": "00129014",
            "name": "長尾(相模原市緑区)",
            "lat": "35.569766",
            "lng": "139.264926"
        },
        {
            "index": "14",
            "id": "00129015",
            "name": "金原準工前",
            "lat": "35.570919",
            "lng": "139.267528"
        },
        {
            "index": "15",
            "id": "00129016",
            "name": "富士塚前(相模原市緑区)",
            "lat": "35.572295",
            "lng": "139.269582"
        },
        {
            "index": "16",
            "id": "00129017",
            "name": "ひがし会館",
            "lat": "35.573678",
            "lng": "139.272149"
        },
        {
            "index": "17",
            "id": "00129019",
            "name": "東金原",
            "lat": "35.574351",
            "lng": "139.274633"
        },
        {
            "index": "18",
            "id": "00128864",
            "name": "西中野(相模原市緑区)",
            "lat": "35.572156",
            "lng": "139.276274"
        },
        {
            "index": "19",
            "id": "00128844",
            "name": "根小屋中野",
            "lat": "35.572758",
            "lng": "139.277398"
        },
        {
            "index": "20",
            "id": "00128845",
            "name": "無料庵",
            "lat": "35.574379",
            "lng": "139.280814"
        },
        {
            "index": "21",
            "id": "00128846",
            "name": "荒句",
            "lat": "35.576163",
            "lng": "139.284308"
        },
        {
            "index": "22",
            "id": "00128847",
            "name": "城山登山口(相模原市緑区)",
            "lat": "35.582622",
            "lng": "139.290847"
        },
        {
            "index": "23",
            "id": "00128848",
            "name": "小倉原",
            "lat": "35.584676",
            "lng": "139.293269"
        },
        {
            "index": "24",
            "id": "00128849",
            "name": "宮原(相模原市緑区)",
            "lat": "35.584401",
            "lng": "139.295393"
        },
        {
            "index": "25",
            "id": "00129021",
            "name": "向原南",
            "lat": "35.5893",
            "lng": "139.303895"
        },
        {
            "index": "26",
            "id": "00129022",
            "name": "向原北",
            "lat": "35.59122",
            "lng": "139.303053"
        },
        {
            "index": "27",
            "id": "00128960",
            "name": "城山総合事務所入口",
            "lat": "35.596001",
            "lng": "139.304908"
        },
        {
            "index": "28",
            "id": "00128961",
            "name": "原宿(相模原市緑区)",
            "lat": "35.597044",
            "lng": "139.309345"
        },
        {
            "index": "29",
            "id": "00128962",
            "name": "東原宿",
            "lat": "35.597821",
            "lng": "139.313753"
        },
        {
            "index": "30",
            "id": "00128963",
            "name": "森の上",
            "lat": "35.598278",
            "lng": "139.316346"
        },
        {
            "index": "31",
            "id": "00128964",
            "name": "二本松(相模原市緑区)",
            "lat": "35.598551",
            "lng": "139.321613"
        },
        {
            "index": "32",
            "id": "00128965",
            "name": "相原中央",
            "lat": "35.598604",
            "lng": "139.324562"
        },
        {
            "index": "33",
            "id": "00128966",
            "name": "相原台",
            "lat": "35.598411",
            "lng": "139.32911"
        },
        {
            "index": "34",
            "id": "00128967",
            "name": "大西(相模原市緑区)",
            "lat": "35.598258",
            "lng": "139.331457"
        },
        {
            "index": "35",
            "id": "00128968",
            "name": "上町(相模原市緑区)",
            "lat": "35.597985",
            "lng": "139.335696"
        },
        {
            "index": "36",
            "id": "00020335",
            "name": "香福寺前",
            "lat": "35.600578",
            "lng": "139.341142"
        },
        {
            "index": "37",
            "id": "00020095",
            "name": "旭小学校前(相模原市緑区)",
            "lat": "35.599254",
            "lng": "139.343697"
        },
        {
            "index": "38",
            "id": "00020098",
            "name": "旭農協前",
            "lat": "35.59733",
            "lng": "139.346453"
        },
        {
            "index": "39",
            "id": "00128969",
            "name": "橋本駅北口",
            "lat": "35.595413",
            "lng": "139.344909"
        }
    ],
    "route_url": "https://www.kanachu.co.jp/dia/route/index/cid:0000803006/"
}
