{
    "date": "2025/07/12",
    "name": "茅山(藤沢市)",
    "position": "-",
    "system": "善05",
    "destinations": [
        "善行坂南",
        "善行坂北",
        "善行団地西",
        "善行団地",
        "マーケット前",
        "団地入口(藤沢市)",
        "善行駅"
    ],
    "weekday": [
        "6:13",
        "6:33",
        "6:53",
        "7:13",
        "7:34",
        "7:54",
        "8:17",
        "8:40",
        "9:09",
        "9:45",
        "10:29",
        "11:17",
        "12:05",
        "12:53"
    ],
    "saturday": [
        "6:33",
        "6:53",
        "7:14",
        "7:35",
        "7:55",
        "8:18",
        "8:41",
        "9:09",
        "9:33",
        "9:55",
        "10:16",
        "10:37",
        "11:17",
        "12:05",
        "12:53"
    ],
    "holiday": [
        "6:33",
        "6:53",
        "7:14",
        "7:35",
        "7:55",
        "8:18",
        "8:41",
        "9:09",
        "9:33",
        "9:55",
        "10:16",
        "10:37",
        "11:17",
        "12:05",
        "12:53"
    ],
    "url": "https://www.kanachu.co.jp/dia/diagram/timetable01_js/course:0000801703-2/node:00127101/kt:0/lname:/"
}
