{
    "system": "善05",
    "busstops": [
        {
            "index": "1",
            "id": "00127073",
            "name": "善行駅",
            "lat": "35.362941",
            "lng": "139.473041"
        },
        {
            "index": "2",
            "id": "00127101",
            "name": "茅山(藤沢市)",
            "lat": "35.361218",
            "lng": "139.467028"
        },
        {
            "index": "3",
            "id": "00130301",
            "name": "善行坂南",
            "lat": "35.361529",
            "lng": "139.46434"
        },
        {
            "index": "4",
            "id": "00130302",
            "name": "善行坂北",
            "lat": "35.363519",
            "lng": "139.461618"
        },
        {
            "index": "5",
            "id": "00130303",
            "name": "善行団地西",
            "lat": "35.365383",
            "lng": "139.46073"
        },
        {
            "index": "6",
            "id": "00127076",
            "name": "善行団地",
            "lat": "35.366825",
            "lng": "139.461779"
        },
        {
            "index": "7",
            "id": "00127075",
            "name": "マーケット前",
            "lat": "35.367122",
            "lng": "139.464399"
        },
        {
            "index": "8",
            "id": "00127074",
            "name": "団地入口(藤沢市)",
            "lat": "35.367348",
            "lng": "139.468101"
        },
        {
            "index": "9",
            "id": "00127073",
            "name": "善行駅",
            "lat": "35.363151",
            "lng": "139.472987"
        }
    ],
    "route_url": "https://www.kanachu.co.jp/dia/route/index/cid:0000801703/"
}
