{
    "date": "2025/07/27",
    "name": "榎木堂",
    "position": "-",
    "system": "秦17",
    "destinations": [
        "消防庁舎前",
        "富士見橋・警察署入口",
        "富士見町入口",
        "本町中学校前",
        "桜橋(秦野市)",
        "市役所前(秦野市)",
        "大川橋・本町小学校前",
        "まほろば大橋",
        "秦野駅"
    ],
    "weekday": [
        "6:05",
        "6:28",
        "6:45",
        "7:00",
        "7:13",
        "7:28",
        "7:58",
        "8:15",
        "8:45",
        "9:05",
        "9:35",
        "10:25",
        "11:05",
        "11:55",
        "12:45",
        "13:35",
        "14:25",
        "15:15",
        "16:05",
        "17:30",
        "18:21",
        "18:40",
        "19:05",
        "19:25",
        "19:45",
        "20:05",
        "20:53"
    ],
    "saturday": [
        "6:05",
        "6:45",
        "7:25",
        "7:45",
        "8:05",
        "8:25",
        "8:45",
        "9:05",
        "9:35",
        "10:15",
        "10:55",
        "11:45",
        "12:25",
        "13:15",
        "14:05",
        "14:55",
        "15:45",
        "17:00",
        "17:50",
        "18:40",
        "19:20",
        "20:00"
    ],
    "holiday": [
        "6:05",
        "6:45",
        "7:25",
        "7:45",
        "8:05",
        "8:25",
        "8:45",
        "9:05",
        "9:35",
        "10:15",
        "10:55",
        "11:45",
        "12:25",
        "13:15",
        "14:05",
        "14:55",
        "15:45",
        "17:00",
        "17:50",
        "18:40",
        "19:20",
        "20:00"
    ],
    "url": "https://www.kanachu.co.jp/dia/diagram/timetable01_js/course:0000803808-9/node:00127880/kt:0/lname:/"
}
