{
    "date": "2025/04/19",
    "name": "原当麻駅",
    "position": "-",
    "system": "台14",
    "destinations": [
        "原当麻駅東",
        "原当麻駅入口",
        "原当麻",
        "八景の棚",
        "下溝",
        "相陽中学校前",
        "上磯部入口",
        "勝坂入口",
        "武井橋",
        "新戸(相模原市南区)",
        "新戸山谷",
        "宗仲寺前",
        "座間",
        "座間キャンプ前",
        "富士山公園前",
        "相武台前駅"
    ],
    "weekday": [
        "6:25",
        "7:35",
        "8:40",
        "9:45",
        "10:45",
        "11:45",
        "12:45",
        "13:45",
        "14:45",
        "15:40",
        "16:40",
        "17:45",
        "18:50"
    ],
    "saturday": [
        "6:55",
        "7:55",
        "8:55",
        "9:55",
        "10:55",
        "11:55",
        "12:55",
        "13:55",
        "14:55",
        "15:55",
        "16:55",
        "17:55",
        "18:55"
    ],
    "holiday": [
        "6:55",
        "7:55",
        "8:55",
        "9:55",
        "10:55",
        "11:55",
        "12:55",
        "13:55",
        "14:55",
        "15:55",
        "16:55",
        "17:55",
        "18:55"
    ],
    "url": "https://www.kanachu.co.jp/dia/diagram/timetable01_js/course:0000800801-1/node:00129319/kt:0/lname:/"
}
