{
    "date": "2025/04/19",
    "name": "原当麻駅東",
    "position": "-",
    "system": "台14",
    "destinations": [
        "原当麻駅入口",
        "原当麻",
        "八景の棚",
        "下溝",
        "相陽中学校前",
        "上磯部入口",
        "勝坂入口",
        "武井橋",
        "新戸(相模原市南区)",
        "新戸山谷",
        "宗仲寺前",
        "座間",
        "座間キャンプ前",
        "富士山公園前",
        "相武台前駅"
    ],
    "weekday": [
        "6:26",
        "7:36",
        "8:41",
        "9:46",
        "10:46",
        "11:46",
        "12:46",
        "13:46",
        "14:46",
        "15:41",
        "16:41",
        "17:46",
        "18:51"
    ],
    "saturday": [
        "6:56",
        "7:56",
        "8:56",
        "9:56",
        "10:56",
        "11:56",
        "12:56",
        "13:56",
        "14:56",
        "15:56",
        "16:56",
        "17:56",
        "18:56"
    ],
    "holiday": [
        "6:56",
        "7:56",
        "8:56",
        "9:56",
        "10:56",
        "11:56",
        "12:56",
        "13:56",
        "14:56",
        "15:56",
        "16:56",
        "17:56",
        "18:56"
    ],
    "url": "https://www.kanachu.co.jp/dia/diagram/timetable01_js/course:0000800801-2/node:00129320/kt:0/lname:/"
}
