{
    "date": "2025/04/19",
    "name": "下溝",
    "position": "-",
    "system": "台14",
    "destinations": [
        "相陽中学校前",
        "上磯部入口",
        "勝坂入口",
        "武井橋",
        "新戸(相模原市南区)",
        "新戸山谷",
        "宗仲寺前",
        "座間",
        "座間キャンプ前",
        "富士山公園前",
        "相武台前駅"
    ],
    "weekday": [
        "6:30",
        "7:40",
        "8:45",
        "9:50",
        "10:50",
        "11:50",
        "12:50",
        "13:50",
        "14:50",
        "15:45",
        "16:45",
        "17:50",
        "18:55"
    ],
    "saturday": [
        "7:00",
        "8:00",
        "9:00",
        "10:00",
        "11:00",
        "12:00",
        "13:00",
        "14:00",
        "15:00",
        "16:00",
        "17:00",
        "18:00",
        "19:00"
    ],
    "holiday": [
        "7:00",
        "8:00",
        "9:00",
        "10:00",
        "11:00",
        "12:00",
        "13:00",
        "14:00",
        "15:00",
        "16:00",
        "17:00",
        "18:00",
        "19:00"
    ],
    "url": "https://www.kanachu.co.jp/dia/diagram/timetable01_js/course:0000800801-6/node:00128587/kt:0/lname:/"
}
