{
    "date": "2025/04/19",
    "name": "勝坂入口",
    "position": "-",
    "system": "台14",
    "destinations": [
        "武井橋",
        "新戸(相模原市南区)",
        "新戸山谷",
        "宗仲寺前",
        "座間",
        "座間キャンプ前",
        "富士山公園前",
        "相武台前駅"
    ],
    "weekday": [
        "6:33",
        "7:43",
        "8:48",
        "9:53",
        "10:53",
        "11:53",
        "12:53",
        "13:53",
        "14:53",
        "15:48",
        "16:48",
        "17:53",
        "18:58"
    ],
    "saturday": [
        "7:03",
        "8:03",
        "9:03",
        "10:03",
        "11:03",
        "12:03",
        "13:03",
        "14:03",
        "15:03",
        "16:03",
        "17:03",
        "18:03",
        "19:03"
    ],
    "holiday": [
        "7:03",
        "8:03",
        "9:03",
        "10:03",
        "11:03",
        "12:03",
        "13:03",
        "14:03",
        "15:03",
        "16:03",
        "17:03",
        "18:03",
        "19:03"
    ],
    "url": "https://www.kanachu.co.jp/dia/diagram/timetable01_js/course:0000800801-9/node:00128584/kt:0/lname:/"
}
