{
    "date": "2025/04/19",
    "name": "新戸(相模原市南区)",
    "position": "-",
    "system": "台14",
    "destinations": [
        "新戸山谷",
        "宗仲寺前",
        "座間",
        "座間キャンプ前",
        "富士山公園前",
        "相武台前駅"
    ],
    "weekday": [
        "6:35",
        "7:46",
        "8:51",
        "9:55",
        "10:55",
        "11:55",
        "12:55",
        "13:55",
        "14:55",
        "15:50",
        "16:50",
        "17:56",
        "19:01"
    ],
    "saturday": [
        "7:05",
        "8:05",
        "9:05",
        "10:05",
        "11:05",
        "12:05",
        "13:05",
        "14:05",
        "15:05",
        "16:05",
        "17:05",
        "18:05",
        "19:05"
    ],
    "holiday": [
        "7:05",
        "8:05",
        "9:05",
        "10:05",
        "11:05",
        "12:05",
        "13:05",
        "14:05",
        "15:05",
        "16:05",
        "17:05",
        "18:05",
        "19:05"
    ],
    "url": "https://www.kanachu.co.jp/dia/diagram/timetable01_js/course:0000800801-11/node:00128582/kt:0/lname:/"
}
