{
    "date": "2025/10/06",
    "name": "平野(相模原市緑区)",
    "position": "-",
    "system": "湖28",
    "destinations": [
        "小原(相模原市緑区)",
        "底沢",
        "千木良",
        "千木良小学校前",
        "千木良診療所前",
        "宿村",
        "津久井やまゆり園前",
        "赤馬",
        "桂橋(相模原市緑区)",
        "若柳",
        "下阿津",
        "阿津",
        "寸沢嵐",
        "寸沢嵐遺跡前",
        "沼本",
        "道志橋",
        "桜木(相模原市緑区)",
        "三ヶ木"
    ],
    "weekday": [
        "6:57",
        "7:59",
        "8:42",
        "9:36",
        "10:41",
        "11:53",
        "12:53",
        "13:32",
        "14:52",
        "15:42",
        "16:40",
        "17:38",
        "18:39",
        "19:39",
        "21:35"
    ],
    "saturday": [
        "6:57",
        "7:50",
        "8:50",
        "10:37",
        "12:13",
        "13:14",
        "14:24",
        "15:34",
        "16:44",
        "17:37",
        "18:40",
        "20:05",
        "21:15"
    ],
    "holiday": [
        "6:57",
        "7:50",
        "8:50",
        "10:37",
        "12:13",
        "13:14",
        "14:24",
        "15:34",
        "16:44",
        "17:37",
        "18:40",
        "20:05",
        "21:15"
    ],
    "url": "https://www.kanachu.co.jp/dia/diagram/timetable01_js/course:0000803804-3/node:00128921/kt:0/lname:/"
}
