{
    "date": "2025/10/06",
    "name": "千木良",
    "position": "-",
    "system": "湖28",
    "destinations": [
        "千木良小学校前",
        "千木良診療所前",
        "宿村",
        "津久井やまゆり園前",
        "赤馬",
        "桂橋(相模原市緑区)",
        "若柳",
        "下阿津",
        "阿津",
        "寸沢嵐",
        "寸沢嵐遺跡前",
        "沼本",
        "道志橋",
        "桜木(相模原市緑区)",
        "三ヶ木"
    ],
    "weekday": [
        "7:00",
        "8:02",
        "8:45",
        "9:39",
        "10:44",
        "11:56",
        "12:56",
        "13:35",
        "14:55",
        "15:45",
        "16:43",
        "17:41",
        "18:42",
        "19:42",
        "21:38"
    ],
    "saturday": [
        "7:00",
        "7:53",
        "8:53",
        "10:40",
        "12:16",
        "13:17",
        "14:27",
        "15:37",
        "16:47",
        "17:40",
        "18:43",
        "20:08",
        "21:18"
    ],
    "holiday": [
        "7:00",
        "7:53",
        "8:53",
        "10:40",
        "12:16",
        "13:17",
        "14:27",
        "15:37",
        "16:47",
        "17:40",
        "18:43",
        "20:08",
        "21:18"
    ],
    "url": "https://www.kanachu.co.jp/dia/diagram/timetable01_js/course:0000803804-6/node:00128924/kt:0/lname:/"
}
