{
    "date": "2025/10/06",
    "name": "赤馬",
    "position": "-",
    "system": "湖28",
    "destinations": [
        "桂橋(相模原市緑区)",
        "若柳",
        "下阿津",
        "阿津",
        "寸沢嵐",
        "寸沢嵐遺跡前",
        "沼本",
        "道志橋",
        "桜木(相模原市緑区)",
        "三ヶ木"
    ],
    "weekday": [
        "7:03",
        "8:05",
        "8:48",
        "9:42",
        "10:47",
        "11:59",
        "12:59",
        "13:38",
        "14:58",
        "15:48",
        "16:46",
        "17:44",
        "18:45",
        "19:45",
        "21:41"
    ],
    "saturday": [
        "7:03",
        "7:56",
        "8:56",
        "10:43",
        "12:19",
        "13:20",
        "14:30",
        "15:40",
        "16:50",
        "17:43",
        "18:46",
        "20:11",
        "21:21"
    ],
    "holiday": [
        "7:03",
        "7:56",
        "8:56",
        "10:43",
        "12:19",
        "13:20",
        "14:30",
        "15:40",
        "16:50",
        "17:43",
        "18:46",
        "20:11",
        "21:21"
    ],
    "url": "https://www.kanachu.co.jp/dia/diagram/timetable01_js/course:0000803804-11/node:00128929/kt:0/lname:/"
}
