{
    "date": "2025/10/06",
    "name": "寸沢嵐",
    "position": "-",
    "system": "湖28",
    "destinations": [
        "寸沢嵐遺跡前",
        "沼本",
        "道志橋",
        "桜木(相模原市緑区)",
        "三ヶ木"
    ],
    "weekday": [
        "7:07",
        "8:09",
        "8:52",
        "9:46",
        "10:51",
        "12:03",
        "13:03",
        "13:42",
        "15:02",
        "15:52",
        "16:50",
        "17:48",
        "18:49",
        "19:49",
        "21:45"
    ],
    "saturday": [
        "7:07",
        "8:00",
        "9:00",
        "10:47",
        "12:23",
        "13:24",
        "14:34",
        "15:44",
        "16:54",
        "17:47",
        "18:50",
        "20:15",
        "21:25"
    ],
    "holiday": [
        "7:07",
        "8:00",
        "9:00",
        "10:47",
        "12:23",
        "13:24",
        "14:34",
        "15:44",
        "16:54",
        "17:47",
        "18:50",
        "20:15",
        "21:25"
    ],
    "url": "https://www.kanachu.co.jp/dia/diagram/timetable01_js/course:0000803804-16/node:00128906/kt:0/lname:/"
}
