{
    "date": "2025/08/30",
    "name": "舞岡",
    "position": "-",
    "system": "東02",
    "destinations": [
        "西根",
        "舞岡中学校前",
        "舞岡町入口",
        "不動坂(横浜市戸塚区)",
        "ポーラ前(横浜市戸塚区)",
        "柏尾(横浜市戸塚区)",
        "秋葉三叉路",
        "秋葉",
        "富士山下",
        "公園前(横浜市戸塚区)",
        "川上小学校前(横浜市戸塚区)",
        "前田ハイツ前",
        "天王山橋",
        "東戸塚駅東口"
    ],
    "weekday": [
        "5:23",
        "5:33",
        "5:46",
        "5:59",
        "6:09",
        "6:28",
        "6:42",
        "6:47",
        "6:57",
        "7:07",
        "7:12",
        "7:32",
        "8:08",
        "9:42",
        "10:12",
        "10:42",
        "11:12",
        "11:42",
        "12:12",
        "12:42",
        "13:12",
        "13:42",
        "14:12",
        "14:42",
        "15:12",
        "15:42",
        "16:12",
        "16:42",
        "17:12",
        "17:42",
        "18:12",
        "18:40"
    ],
    "saturday": [
        "6:06",
        "6:39",
        "7:09",
        "7:39",
        "8:07",
        "8:37",
        "9:12",
        "9:42",
        "10:12",
        "10:42",
        "11:12",
        "11:42",
        "12:12",
        "12:42",
        "13:12",
        "13:42",
        "14:12",
        "14:42",
        "15:12",
        "15:42",
        "16:12",
        "16:42",
        "17:12",
        "18:12"
    ],
    "holiday": [
        "6:44",
        "7:39",
        "8:07",
        "8:37",
        "9:12",
        "9:42",
        "10:12",
        "10:42",
        "11:12",
        "11:42",
        "12:12",
        "12:42",
        "13:12",
        "13:42",
        "14:12",
        "14:42",
        "15:12",
        "15:42",
        "16:12",
        "16:42",
        "17:12",
        "18:12"
    ],
    "url": "https://www.kanachu.co.jp/dia/diagram/timetable01_js/course:0000803831-1/node:00126646/kt:0/lname:/"
}
