{
    "date": "2025/08/30",
    "name": "舞岡中学校前",
    "position": "-",
    "system": "東02",
    "destinations": [
        "舞岡町入口",
        "不動坂(横浜市戸塚区)",
        "ポーラ前(横浜市戸塚区)",
        "柏尾(横浜市戸塚区)",
        "秋葉三叉路",
        "秋葉",
        "富士山下",
        "公園前(横浜市戸塚区)",
        "川上小学校前(横浜市戸塚区)",
        "前田ハイツ前",
        "天王山橋",
        "東戸塚駅東口"
    ],
    "weekday": [
        "5:25",
        "5:35",
        "5:48",
        "6:01",
        "6:11",
        "6:30",
        "6:44",
        "6:49",
        "6:59",
        "7:09",
        "7:14",
        "7:34",
        "8:10",
        "9:44",
        "10:14",
        "10:44",
        "11:14",
        "11:44",
        "12:14",
        "12:44",
        "13:14",
        "13:44",
        "14:14",
        "14:44",
        "15:14",
        "15:44",
        "16:14",
        "16:44",
        "17:14",
        "17:44",
        "18:14",
        "18:42"
    ],
    "saturday": [
        "6:08",
        "6:41",
        "7:11",
        "7:41",
        "8:09",
        "8:39",
        "9:14",
        "9:44",
        "10:14",
        "10:44",
        "11:14",
        "11:44",
        "12:14",
        "12:44",
        "13:14",
        "13:44",
        "14:14",
        "14:44",
        "15:14",
        "15:44",
        "16:14",
        "16:44",
        "17:14",
        "18:14"
    ],
    "holiday": [
        "6:46",
        "7:41",
        "8:09",
        "8:39",
        "9:14",
        "9:44",
        "10:14",
        "10:44",
        "11:14",
        "11:44",
        "12:14",
        "12:44",
        "13:14",
        "13:44",
        "14:14",
        "14:44",
        "15:14",
        "15:44",
        "16:14",
        "16:44",
        "17:14",
        "18:14"
    ],
    "url": "https://www.kanachu.co.jp/dia/diagram/timetable01_js/course:0000803831-3/node:00126644/kt:0/lname:/"
}
