{
    "date": "2025/08/30",
    "name": "ポーラ前(横浜市戸塚区)",
    "position": "-",
    "system": "東02",
    "destinations": [
        "柏尾(横浜市戸塚区)",
        "秋葉三叉路",
        "秋葉",
        "富士山下",
        "公園前(横浜市戸塚区)",
        "川上小学校前(横浜市戸塚区)",
        "前田ハイツ前",
        "天王山橋",
        "東戸塚駅東口"
    ],
    "weekday": [
        "5:29",
        "5:39",
        "5:52",
        "6:05",
        "6:15",
        "6:34",
        "6:48",
        "6:53",
        "7:03",
        "7:13",
        "7:18",
        "7:38",
        "8:14",
        "9:48",
        "10:18",
        "10:48",
        "11:18",
        "11:48",
        "12:18",
        "12:48",
        "13:18",
        "13:48",
        "14:18",
        "14:48",
        "15:18",
        "15:48",
        "16:18",
        "16:48",
        "17:18",
        "17:48",
        "18:18",
        "18:46"
    ],
    "saturday": [
        "6:12",
        "6:45",
        "7:15",
        "7:45",
        "8:13",
        "8:43",
        "9:18",
        "9:48",
        "10:18",
        "10:48",
        "11:18",
        "11:48",
        "12:18",
        "12:48",
        "13:18",
        "13:48",
        "14:18",
        "14:48",
        "15:18",
        "15:48",
        "16:18",
        "16:48",
        "17:18",
        "18:18"
    ],
    "holiday": [
        "6:50",
        "7:45",
        "8:13",
        "8:43",
        "9:18",
        "9:48",
        "10:18",
        "10:48",
        "11:18",
        "11:48",
        "12:18",
        "12:48",
        "13:18",
        "13:48",
        "14:18",
        "14:48",
        "15:18",
        "15:48",
        "16:18",
        "16:48",
        "17:18",
        "18:18"
    ],
    "url": "https://www.kanachu.co.jp/dia/diagram/timetable01_js/course:0000803831-6/node:00126614/kt:0/lname:/"
}
