{
    "date": "2025/08/30",
    "name": "公園前(横浜市戸塚区)",
    "position": "-",
    "system": "東02",
    "destinations": [
        "川上小学校前(横浜市戸塚区)",
        "前田ハイツ前",
        "天王山橋",
        "東戸塚駅東口"
    ],
    "weekday": [
        "5:40",
        "5:50",
        "6:03",
        "6:16",
        "6:26",
        "6:45",
        "6:59",
        "7:05",
        "7:16",
        "7:26",
        "7:31",
        "7:51",
        "8:27",
        "10:01",
        "10:31",
        "11:01",
        "11:31",
        "12:01",
        "12:31",
        "13:01",
        "13:31",
        "14:01",
        "14:31",
        "15:01",
        "15:31",
        "16:01",
        "16:31",
        "17:01",
        "17:31",
        "18:01",
        "18:31",
        "18:59"
    ],
    "saturday": [
        "6:23",
        "6:56",
        "7:26",
        "7:56",
        "8:26",
        "8:56",
        "9:31",
        "10:01",
        "10:31",
        "11:01",
        "11:31",
        "12:01",
        "12:31",
        "13:01",
        "13:31",
        "14:01",
        "14:31",
        "15:01",
        "15:31",
        "16:01",
        "16:31",
        "17:01",
        "17:31",
        "18:31"
    ],
    "holiday": [
        "7:01",
        "7:56",
        "8:26",
        "8:56",
        "9:31",
        "10:01",
        "10:31",
        "11:01",
        "11:31",
        "12:01",
        "12:31",
        "13:01",
        "13:31",
        "14:01",
        "14:31",
        "15:01",
        "15:31",
        "16:01",
        "16:31",
        "17:01",
        "17:31",
        "18:31"
    ],
    "url": "https://www.kanachu.co.jp/dia/diagram/timetable01_js/course:0000803831-11/node:00126651/kt:0/lname:/"
}
