{
    "date": "2025/11/16",
    "name": "横内団地前",
    "position": "-",
    "system": "平86",
    "destinations": [
        "今里(平塚市)",
        "坂口(平塚市)",
        "市場前(平塚市)",
        "大野農協前",
        "西真土",
        "大野中学校前",
        "伊勢山(平塚市)",
        "中原中宿",
        "中原東(平塚市)",
        "西新町(平塚市)",
        "平塚球場",
        "総合公園(平塚市)",
        "美術館入口(平塚市)",
        "江陽中学校前(平塚市)",
        "崇善小学校前",
        "明石町(平塚市)",
        "明石町一丁目",
        "四ツ角(平塚市)",
        "平塚駅北口"
    ],
    "weekday": [
        "5:55",
        "6:10",
        "6:25",
        "6:55",
        "7:15",
        "7:35",
        "7:55",
        "8:15",
        "8:45",
        "9:45",
        "10:45",
        "11:30",
        "12:30",
        "13:30",
        "14:20",
        "15:20",
        "15:40",
        "16:20",
        "16:40",
        "17:22",
        "17:52",
        "18:22",
        "18:52",
        "19:25",
        "19:55"
    ],
    "saturday": [
        "6:40",
        "7:40",
        "8:40",
        "9:40",
        "10:40",
        "11:40",
        "12:40",
        "13:40",
        "14:40",
        "15:40",
        "16:40",
        "17:40",
        "18:40",
        "19:42"
    ],
    "holiday": [
        "6:40",
        "7:40",
        "8:40",
        "9:40",
        "10:40",
        "11:40",
        "12:40",
        "13:40",
        "14:40",
        "15:40",
        "16:40",
        "17:40",
        "18:40",
        "19:42"
    ],
    "url": "https://www.kanachu.co.jp/dia/diagram/timetable01_js/course:0000802521-18/node:00127613/kt:0/lname:/"
}
