{
    "date": "2025/11/16",
    "name": "大野中学校前",
    "position": "-",
    "system": "平86",
    "destinations": [
        "伊勢山(平塚市)",
        "中原中宿",
        "中原東(平塚市)",
        "西新町(平塚市)",
        "平塚球場",
        "総合公園(平塚市)",
        "美術館入口(平塚市)",
        "江陽中学校前(平塚市)",
        "崇善小学校前",
        "明石町(平塚市)",
        "明石町一丁目",
        "四ツ角(平塚市)",
        "平塚駅北口"
    ],
    "weekday": [
        "6:01",
        "6:16",
        "6:31",
        "7:01",
        "7:21",
        "7:41",
        "8:01",
        "8:21",
        "8:51",
        "9:51",
        "10:51",
        "11:36",
        "12:36",
        "13:36",
        "14:26",
        "15:26",
        "15:46",
        "16:26",
        "16:46",
        "17:28",
        "17:58",
        "18:28",
        "18:58",
        "19:31",
        "20:01"
    ],
    "saturday": [
        "6:46",
        "7:46",
        "8:46",
        "9:46",
        "10:46",
        "11:46",
        "12:46",
        "13:46",
        "14:46",
        "15:46",
        "16:46",
        "17:46",
        "18:46",
        "19:48"
    ],
    "holiday": [
        "6:46",
        "7:46",
        "8:46",
        "9:46",
        "10:46",
        "11:46",
        "12:46",
        "13:46",
        "14:46",
        "15:46",
        "16:46",
        "17:46",
        "18:46",
        "19:48"
    ],
    "url": "https://www.kanachu.co.jp/dia/diagram/timetable01_js/course:0000802521-24/node:00127607/kt:0/lname:/"
}
