{
    "date": "2025/11/16",
    "name": "平塚球場",
    "position": "-",
    "system": "平86",
    "destinations": [
        "総合公園(平塚市)",
        "美術館入口(平塚市)",
        "江陽中学校前(平塚市)",
        "崇善小学校前",
        "明石町(平塚市)",
        "明石町一丁目",
        "四ツ角(平塚市)",
        "平塚駅北口"
    ],
    "weekday": [
        "6:07",
        "6:22",
        "6:37",
        "7:08",
        "7:28",
        "7:48",
        "8:08",
        "8:28",
        "8:58",
        "9:57",
        "10:57",
        "11:42",
        "12:42",
        "13:42",
        "14:32",
        "15:32",
        "15:52",
        "16:32",
        "16:53",
        "17:35",
        "18:05",
        "18:35",
        "19:05",
        "19:37",
        "20:07"
    ],
    "saturday": [
        "6:52",
        "7:52",
        "8:52",
        "9:52",
        "10:52",
        "11:52",
        "12:52",
        "13:52",
        "14:52",
        "15:52",
        "16:52",
        "17:52",
        "18:52",
        "19:54"
    ],
    "holiday": [
        "6:52",
        "7:52",
        "8:52",
        "9:52",
        "10:52",
        "11:52",
        "12:52",
        "13:52",
        "14:52",
        "15:52",
        "16:52",
        "17:52",
        "18:52",
        "19:54"
    ],
    "url": "https://www.kanachu.co.jp/dia/diagram/timetable01_js/course:0000802521-29/node:00127601/kt:0/lname:/"
}
