{
    "date": "2025/11/16",
    "name": "崇善小学校前",
    "position": "-",
    "system": "平86",
    "destinations": [
        "明石町(平塚市)",
        "明石町一丁目",
        "四ツ角(平塚市)",
        "平塚駅北口"
    ],
    "weekday": [
        "6:11",
        "6:26",
        "6:41",
        "7:12",
        "7:32",
        "7:52",
        "8:12",
        "8:32",
        "9:02",
        "10:01",
        "11:01",
        "11:46",
        "12:46",
        "13:46",
        "14:36",
        "15:36",
        "15:56",
        "16:36",
        "16:57",
        "17:39",
        "18:09",
        "18:39",
        "19:09",
        "19:41",
        "20:11"
    ],
    "saturday": [
        "6:56",
        "7:56",
        "8:56",
        "9:56",
        "10:56",
        "11:56",
        "12:56",
        "13:56",
        "14:56",
        "15:56",
        "16:56",
        "17:56",
        "18:56",
        "19:58"
    ],
    "holiday": [
        "6:56",
        "7:56",
        "8:56",
        "9:56",
        "10:56",
        "11:56",
        "12:56",
        "13:56",
        "14:56",
        "15:56",
        "16:56",
        "17:56",
        "18:56",
        "19:58"
    ],
    "url": "https://www.kanachu.co.jp/dia/diagram/timetable01_js/course:0000802521-33/node:00127597/kt:0/lname:/"
}
