{
    "date": "2021/02/01",
    "name": "松浪自治会館前",
    "position": "-",
    "system": "",
    "destinations": [
        "伍仁原踏切",
        "浜竹一丁目",
        "浜竹二丁目",
        "辻堂駅西口",
        "浜竹二丁目",
        "浜竹一丁目",
        "伍仁原踏切",
        "伍仁原",
        "西小和田",
        "小和田交番前",
        "松林一丁目",
        "松林",
        "松林二丁目",
        "松林三丁目",
        "室田二丁目",
        "高田三丁目",
        "市立病院(茅ケ崎市)"
    ],
    "weekday": [
        "7:36",
        "8:49",
        "12:34",
        "17:04"
    ],
    "saturday": [
        "8:49",
        "12:34",
        "17:04"
    ],
    "holiday": [
        "8:49",
        "12:34",
        "17:04"
    ],
    "url": "https://www.kanachu.co.jp/dia/diagram/timetable01_js/course:0000802649-33/node:00127402/kt:0/lname:/"
}
