{
    "date": "2025/04/01",
    "name": "町田市役所市民ホール前",
    "position": "-",
    "system": "町41",
    "destinations": [
        "第四小学校前(町田市)",
        "中町二丁目",
        "町田郵便局前",
        "体育館前(町田市)",
        "菅原神社前(町田市)",
        "養運寺",
        "市立博物館前(町田市)",
        "ゆうき山",
        "金井小学校入口",
        "藤の台東",
        "藤の台団地"
    ],
    "weekday": [
        "9:09",
        "9:39",
        "10:09",
        "10:39",
        "11:09",
        "11:39",
        "12:09",
        "12:39",
        "13:09",
        "13:39",
        "14:09",
        "14:39",
        "15:13",
        "15:46",
        "16:12",
        "16:36",
        "16:48",
        "17:12",
        "17:36",
        "17:48",
        "18:10",
        "18:34",
        "18:58",
        "19:10",
        "19:34",
        "19:58",
        "20:25",
        "20:55"
    ],
    "saturday": [
        "9:29",
        "9:59",
        "10:29",
        "10:59",
        "11:29",
        "11:59",
        "12:10",
        "12:35",
        "13:05",
        "13:35",
        "14:05",
        "14:35",
        "15:05",
        "15:40",
        "16:15",
        "16:43",
        "17:13",
        "17:43",
        "18:13",
        "18:43",
        "19:13",
        "19:52",
        "20:12",
        "20:52"
    ],
    "holiday": [
        "9:29",
        "9:59",
        "10:29",
        "10:59",
        "11:29",
        "11:59",
        "12:10",
        "12:35",
        "13:05",
        "13:35",
        "14:05",
        "14:35",
        "15:05",
        "15:40",
        "16:15",
        "16:43",
        "17:13",
        "17:43",
        "18:13",
        "18:53",
        "19:13",
        "19:53",
        "20:13"
    ],
    "url": "https://www.kanachu.co.jp/dia/diagram/timetable01_js/course:0000802672-3/node:00129356/kt:0/lname:/"
}
