{
    "date": "2025/04/01",
    "name": "体育館前(町田市)",
    "position": "-",
    "system": "町41",
    "destinations": [
        "菅原神社前(町田市)",
        "養運寺",
        "市立博物館前(町田市)",
        "ゆうき山",
        "金井小学校入口",
        "藤の台東",
        "藤の台団地"
    ],
    "weekday": [
        "9:15",
        "9:45",
        "10:15",
        "10:45",
        "11:15",
        "11:45",
        "12:15",
        "12:45",
        "13:15",
        "13:45",
        "14:15",
        "14:45",
        "15:19",
        "15:52",
        "16:18",
        "16:42",
        "16:54",
        "17:18",
        "17:42",
        "17:54",
        "18:16",
        "18:40",
        "19:04",
        "19:16",
        "19:40",
        "20:04",
        "20:31",
        "21:01"
    ],
    "saturday": [
        "9:35",
        "10:05",
        "10:35",
        "11:05",
        "11:35",
        "12:05",
        "12:16",
        "12:41",
        "13:11",
        "13:41",
        "14:11",
        "14:41",
        "15:11",
        "15:46",
        "16:21",
        "16:49",
        "17:19",
        "17:49",
        "18:19",
        "18:49",
        "19:19",
        "19:58",
        "20:18",
        "20:57"
    ],
    "holiday": [
        "9:35",
        "10:05",
        "10:35",
        "11:05",
        "11:35",
        "12:05",
        "12:16",
        "12:41",
        "13:11",
        "13:41",
        "14:11",
        "14:41",
        "15:11",
        "15:46",
        "16:21",
        "16:49",
        "17:19",
        "17:49",
        "18:19",
        "18:59",
        "19:18",
        "19:58",
        "20:18"
    ],
    "url": "https://www.kanachu.co.jp/dia/diagram/timetable01_js/course:0000802672-7/node:00129421/kt:0/lname:/"
}
