{
  "date": "2025/10/01",
  "name": "町田市役所市民ホール前",
  "position": "-",
  "system": "町26",
  "destinations": [
    "第四小学校前(町田市)",
    "森野三丁目",
    "市民病院前(町田市)",
    "浄水場前(町田市)",
    "滝の沢(町田市)",
    "木曽住宅",
    "三家(町田市)",
    "木曽(町田市)",
    "忠生公園入口",
    "上宿(町田市)",
    "下根岸(町田市)",
    "根岸(根岸町/町田市)",
    "馬駈",
    "図師大橋",
    "図師",
    "並木(町田市)",
    "神学校(町田市)",
    "野津田車庫"
  ],
  "weekday": [
    "7:02",
    "7:35",
    "8:04",
    "8:17",
    "8:27",
    "8:47",
    "9:00",
    "9:05",
    "9:12",
    "9:17",
    "9:22",
    "9:32",
    "9:42",
    "9:52",
    "9:57",
    "10:07",
    "10:18",
    "10:30",
    "10:42",
    "10:54",
    "11:06",
    "11:18",
    "11:30",
    "11:42",
    "11:54",
    "12:06",
    "12:21",
    "12:36",
    "12:51",
    "13:06",
    "13:21",
    "13:36",
    "13:51",
    "14:06",
    "14:21",
    "14:36",
    "14:51",
    "15:06",
    "15:18",
    "15:30",
    "15:42",
    "15:54",
    "16:10",
    "16:22",
    "16:32",
    "16:42",
    "16:52",
    "17:09",
    "17:22",
    "17:39",
    "17:54",
    "18:07",
    "18:17",
    "18:27",
    "18:37",
    "18:47",
    "18:57",
    "19:07",
    "19:15",
    "19:30",
    "19:39",
    "19:55",
    "20:07",
    "20:17",
    "20:27",
    "20:39",
    "20:52",
    "21:07",
    "21:32",
    "21:52",
    "22:12",
    "22:32",
    "22:52",
    "23:15",
    "23:51",
    "24:31"
  ],
  "saturday": [
    "6:52",
    "7:22",
    "7:38",
    "8:02",
    "8:26",
    "8:38",
    "8:50",
    "8:57",
    "9:02",
    "9:15",
    "9:26",
    "9:32",
    "9:38",
    "9:50",
    "10:02",
    "10:16",
    "10:26",
    "10:38",
    "10:50",
    "11:02",
    "11:17",
    "11:28",
    "11:47",
    "12:02",
    "12:14",
    "12:26",
    "12:38",
    "12:50",
    "13:02",
    "13:12",
    "13:22",
    "13:32",
    "13:42",
    "13:52",
    "14:02",
    "14:17",
    "14:32",
    "14:47",
    "15:02",
    "15:15",
    "15:42",
    "16:02",
    "16:32",
    "16:47",
    "17:02",
    "17:18",
    "17:47",
    "18:02",
    "18:17",
    "18:47",
    "19:07",
    "19:32",
    "20:02",
    "20:57",
    "21:32",
    "22:07",
    "22:22",
    "22:52",
    "23:13"
  ],
  "holiday": [
    "7:07",
    "7:27",
    "7:47",
    "8:22",
    "8:52",
    "9:10",
    "9:38",
    "9:50",
    "10:02",
    "10:14",
    "10:26",
    "10:38",
    "10:52",
    "11:02",
    "11:12",
    "11:28",
    "11:47",
    "12:02",
    "12:17",
    "12:32",
    "12:52",
    "13:02",
    "13:15",
    "13:32",
    "13:47",
    "14:02",
    "14:17",
    "14:42",
    "15:02",
    "15:15",
    "15:32",
    "15:47",
    "16:02",
    "16:32",
    "16:47",
    "17:17",
    "17:47",
    "18:02",
    "18:17",
    "18:32",
    "18:49",
    "19:07",
    "19:20",
    "19:42",
    "20:02",
    "20:32",
    "21:02",
    "21:32",
    "22:05",
    "22:22",
    "22:47",
    "23:13"
  ],
  "url": "https://www.kanachu.co.jp/dia/diagram/timetable01_js/course:0000802481-2/node:00129356/kt:0/lname:/"
}