{
    "date": "2026/01/16",
    "name": "白山坂上",
    "position": "-",
    "system": "鴨02",
    "destinations": [
        "白山高校正門前",
        "白山高校",
        "中山車庫"
    ],
    "weekday": [
        "10:45",
        "11:19",
        "12:33",
        "13:55",
        "14:23",
        "14:50",
        "16:18",
        "16:31",
        "17:08",
        "17:46",
        "19:11",
        "19:32",
        "20:48",
        "20:54",
        "23:07"
    ],
    "saturday": [
        "8:13",
        "8:50",
        "11:06",
        "13:24",
        "13:51",
        "14:54",
        "15:40",
        "16:40",
        "17:11",
        "17:31",
        "18:47",
        "20:08",
        "21:54"
    ],
    "holiday": [
        "9:45",
        "11:21",
        "13:52",
        "15:27",
        "16:44",
        "18:40",
        "19:23",
        "20:28",
        "21:33"
    ],
    "url": "https://www.kanachu.co.jp/dia/diagram/timetable01_js/course:0000804156-7/node:00102932/kt:0/lname:/"
}
