{
    "date": "2025/11/16",
    "name": "東泉寺前",
    "position": "-",
    "system": "",
    "destinations": [
        "羽沢団地前",
        "三枚町",
        "生花市場前",
        "羽沢横浜国大駅前",
        "高山(横浜市神奈川区)",
        "羽沢南",
        "池の谷戸(横浜市保土ケ谷区)",
        "川島住宅"
    ],
    "weekday": [
        "19:40"
    ],
    "saturday": [
        "19:14"
    ],
    "holiday": [
        "19:14"
    ],
    "url": "https://www.kanachu.co.jp/dia/diagram/timetable01_js/course:0000803934-8/node:00102790/kt:0/lname:/"
}
