{
    "date": "2025/04/19",
    "name": "西門前(相模原市中央区)",
    "position": "-",
    "system": "相21",
    "destinations": [
        "グリーンプラザ(相模原市中央区)",
        "市役所前(相模原市中央区)",
        "ウェルネスさがみはら前",
        "職業安定所前(相模原市中央区)",
        "千代田一丁目",
        "千代田十字路",
        "千代田五丁目",
        "光が丘一丁目(相模原市中央区)",
        "光が丘小学校前",
        "光が丘大通り",
        "光が丘三丁目(相模原市中央区)",
        "緑が丘一丁目(相模原市中央区)",
        "陽光台六丁目",
        "相模原浄水場",
        "麻溝車庫",
        "友愛病院前",
        "北里大学病院・北里大学",
        "麻溝台高校",
        "麻溝台入口",
        "さがみ緑風園前",
        "麻溝台中学校入口",
        "麻溝台",
        "水道路(相模原市南区)",
        "第一住宅(相模原市南区)",
        "国立相模原病院",
        "相模台まちづくりセンター前",
        "ハウス南門前",
        "鶴ヶ丘団地前",
        "二宮神社前(相模原市南区)",
        "小田急相模原駅"
    ],
    "weekday": [
        "7:02",
        "8:02",
        "9:10",
        "10:10",
        "11:10",
        "12:10",
        "13:10",
        "14:10",
        "15:10",
        "16:05",
        "17:05",
        "18:05",
        "19:05"
    ],
    "saturday": [
        "8:39",
        "9:39",
        "11:37",
        "13:37",
        "15:37",
        "17:37"
    ],
    "holiday": [
        "9:42",
        "11:37",
        "13:37",
        "16:37"
    ],
    "url": "https://www.kanachu.co.jp/dia/diagram/timetable01_js/course:0000801897-4/node:00128539/kt:0/lname:/"
}
