{
    "date": "2025/04/01",
    "name": "市役所前(平塚市)",
    "position": "-",
    "system": "平52",
    "destinations": [
        "コンフォール平塚前",
        "八幡入口",
        "八幡(平塚市)",
        "八幡公民館入口",
        "古河電工入口",
        "泉蔵院前",
        "四ノ宮(平塚市)",
        "大念寺前",
        "前鳥神社前",
        "ふじみ園前",
        "鹿見堂",
        "田村団地入口",
        "駒返橋入口",
        "田村車庫"
    ],
    "weekday": [
        "6:42",
        "7:29",
        "7:47",
        "8:50",
        "9:13",
        "9:37",
        "10:11",
        "10:37",
        "11:11",
        "11:37",
        "12:21",
        "12:51",
        "13:21",
        "13:51",
        "14:21",
        "14:51",
        "15:21",
        "15:51",
        "16:21",
        "16:52",
        "17:50",
        "18:50",
        "19:49",
        "20:49",
        "21:49"
    ],
    "saturday": [
        "7:40",
        "8:34",
        "9:34",
        "10:31",
        "11:31",
        "12:31",
        "13:31",
        "14:31",
        "15:31",
        "16:31",
        "17:31",
        "18:31",
        "19:34"
    ],
    "holiday": [
        "7:40",
        "8:34",
        "9:34",
        "10:31",
        "11:31",
        "12:31",
        "13:31",
        "14:31",
        "15:31",
        "16:31",
        "17:31",
        "18:31",
        "19:34"
    ],
    "url": "https://www.kanachu.co.jp/dia/diagram/timetable01_js/course:0000801426-3/node:00127684/kt:0/lname:/"
}
