{
    "date": "2025/04/01",
    "name": "コンフォール平塚前",
    "position": "-",
    "system": "平52",
    "destinations": [
        "八幡入口",
        "八幡(平塚市)",
        "八幡公民館入口",
        "古河電工入口",
        "泉蔵院前",
        "四ノ宮(平塚市)",
        "大念寺前",
        "前鳥神社前",
        "ふじみ園前",
        "鹿見堂",
        "田村団地入口",
        "駒返橋入口",
        "田村車庫"
    ],
    "weekday": [
        "6:44",
        "7:31",
        "7:49",
        "8:52",
        "9:15",
        "9:39",
        "10:13",
        "10:39",
        "11:13",
        "11:39",
        "12:23",
        "12:53",
        "13:23",
        "13:53",
        "14:23",
        "14:53",
        "15:23",
        "15:53",
        "16:23",
        "16:54",
        "17:52",
        "18:52",
        "19:51",
        "20:51",
        "21:51"
    ],
    "saturday": [
        "7:42",
        "8:36",
        "9:36",
        "10:33",
        "11:33",
        "12:33",
        "13:33",
        "14:33",
        "15:33",
        "16:33",
        "17:33",
        "18:33",
        "19:36"
    ],
    "holiday": [
        "7:42",
        "8:36",
        "9:36",
        "10:33",
        "11:33",
        "12:33",
        "13:33",
        "14:33",
        "15:33",
        "16:33",
        "17:33",
        "18:33",
        "19:36"
    ],
    "url": "https://www.kanachu.co.jp/dia/diagram/timetable01_js/course:0000801426-4/node:00127644/kt:0/lname:/"
}
