{
    "date": "2025/04/01",
    "name": "田村団地入口",
    "position": "-",
    "system": "平52",
    "destinations": [
        "駒返橋入口",
        "田村車庫"
    ],
    "weekday": [
        "6:57",
        "7:46",
        "8:04",
        "9:06",
        "9:28",
        "9:52",
        "10:26",
        "10:52",
        "11:26",
        "11:52",
        "12:36",
        "13:06",
        "13:36",
        "14:06",
        "14:36",
        "15:06",
        "15:36",
        "16:06",
        "16:37",
        "17:09",
        "18:07",
        "19:07",
        "20:05",
        "21:05",
        "22:05"
    ],
    "saturday": [
        "7:57",
        "8:51",
        "9:51",
        "10:48",
        "11:48",
        "12:48",
        "13:49",
        "14:49",
        "15:49",
        "16:49",
        "17:49",
        "18:49",
        "19:50"
    ],
    "holiday": [
        "7:57",
        "8:51",
        "9:51",
        "10:48",
        "11:48",
        "12:48",
        "13:49",
        "14:49",
        "15:49",
        "16:49",
        "17:49",
        "18:49",
        "19:50"
    ],
    "url": "https://www.kanachu.co.jp/dia/diagram/timetable01_js/course:0000801426-15/node:00127652/kt:0/lname:/"
}
