{
    "date": "2025/08/30",
    "name": "権太坂上",
    "position": "-",
    "system": "",
    "destinations": [
        "権太坂",
        "元町橋交番前",
        "樹源寺前",
        "保土ヶ谷町2丁目",
        "八幡橋(横浜市保土ケ谷区)",
        "保土ヶ谷橋",
        "保土ヶ谷駅東口"
    ],
    "weekday": [
        "6:18",
        "6:32"
    ],
    "saturday": [],
    "holiday": [],
    "url": "https://www.kanachu.co.jp/dia/diagram/timetable01_js/course:0000802085-11/node:00102509/kt:0/lname:/"
}
