{
    "date": "2025/08/30",
    "name": "権太坂",
    "position": "-",
    "system": "205",
    "destinations": [
        "元町橋交番前",
        "樹源寺前",
        "保土ヶ谷町2丁目",
        "八幡橋(横浜市保土ケ谷区)",
        "保土ヶ谷橋",
        "保土ヶ谷駅東口"
    ],
    "weekday": [
        "6:19",
        "6:33"
    ],
    "saturday": [],
    "holiday": [],
    "url": "https://www.kanachu.co.jp/dia/diagram/timetable01_js/course:0000802085-12/node:00102508/kt:0/lname:/"
}
