{
  "date": "2025/04/01",
  "name": "桧台入口",
  "position": "-",
  "system": "町78",
  "destinations": [
    "森野六丁目",
    "森野五丁目",
    "妙延寺(町田市)",
    "町田市役所市民ホール前",
    "町田バスセンター"
  ],
  "weekday": [
    "6:03",
    "6:12",
    "6:21",
    "10:30",
    "11:37",
    "12:37",
    "13:37",
    "14:40",
    "15:38",
    "16:43",
    "17:43",
    "18:44",
    "19:43",
    "20:43"
  ],
  "saturday": [
    "6:02",
    "7:29",
    "9:46",
    "10:46",
    "11:47",
    "12:49",
    "13:49",
    "14:47",
    "15:47",
    "16:48",
    "17:50",
    "18:48",
    "19:34",
    "20:41"
  ],
  "holiday": [
    "6:08",
    "7:29",
    "9:43",
    "10:49",
    "11:49",
    "12:49",
    "13:49",
    "14:49",
    "15:48",
    "16:48",
    "17:52",
    "18:46",
    "19:44",
    "20:44"
  ],
  "url": "https://www.kanachu.co.jp/dia/diagram/timetable01_js/course:0000803163-18/node:00129378/kt:0/lname:/"
}