{
  "date": "2025/04/01",
  "name": "森野五丁目",
  "position": "-",
  "system": "町78",
  "destinations": [
    "妙延寺(町田市)",
    "町田市役所市民ホール前",
    "町田バスセンター"
  ],
  "weekday": [
    "6:04",
    "6:13",
    "6:22",
    "10:31",
    "11:38",
    "12:38",
    "13:38",
    "14:41",
    "15:39",
    "16:44",
    "17:44",
    "18:45",
    "19:44",
    "20:44"
  ],
  "saturday": [
    "6:03",
    "7:30",
    "9:47",
    "10:47",
    "11:48",
    "12:50",
    "13:50",
    "14:48",
    "15:48",
    "16:49",
    "17:51",
    "18:49",
    "19:35",
    "20:42"
  ],
  "holiday": [
    "6:09",
    "7:30",
    "9:44",
    "10:50",
    "11:50",
    "12:50",
    "13:50",
    "14:50",
    "15:49",
    "16:49",
    "17:53",
    "18:47",
    "19:45",
    "20:45"
  ],
  "url": "https://www.kanachu.co.jp/dia/diagram/timetable01_js/course:0000803163-20/node:00129376/kt:0/lname:/"
}