{
    "date": "2025/11/16",
    "name": "大住台",
    "position": "-",
    "system": "伊59",
    "destinations": [
        "坪ノ内",
        "桜坂(伊勢原市)",
        "串橋入口",
        "神戸(伊勢原市)",
        "白根公民館前",
        "白根",
        "八雲神社前(伊勢原市)",
        "板戸",
        "大神宮前",
        "本町(伊勢原市)",
        "伊勢原駅北口"
    ],
    "weekday": [
        "6:34",
        "7:15",
        "7:40",
        "8:25",
        "9:10",
        "10:00",
        "11:00",
        "12:00",
        "12:59",
        "13:59",
        "14:59",
        "15:59",
        "17:00",
        "18:00",
        "18:30",
        "19:00",
        "19:49",
        "20:49"
    ],
    "saturday": [
        "7:39",
        "8:39",
        "9:39",
        "10:39",
        "11:39",
        "12:39",
        "13:39",
        "14:39",
        "15:39",
        "16:39",
        "17:39",
        "18:39",
        "19:39",
        "20:39"
    ],
    "holiday": [
        "7:39",
        "8:39",
        "9:39",
        "10:39",
        "11:39",
        "12:39",
        "13:39",
        "14:39",
        "15:39",
        "16:39",
        "17:39",
        "18:39",
        "19:39",
        "20:39"
    ],
    "url": "https://www.kanachu.co.jp/dia/diagram/timetable01_js/course:0000800128-4/node:00127981/kt:0/lname:/"
}
