{
    "date": "2025/11/16",
    "name": "坪ノ内",
    "position": "-",
    "system": "伊59",
    "destinations": [
        "桜坂(伊勢原市)",
        "串橋入口",
        "神戸(伊勢原市)",
        "白根公民館前",
        "白根",
        "八雲神社前(伊勢原市)",
        "板戸",
        "大神宮前",
        "本町(伊勢原市)",
        "伊勢原駅北口"
    ],
    "weekday": [
        "6:35",
        "7:16",
        "7:41",
        "8:26",
        "9:11",
        "10:01",
        "11:01",
        "12:01",
        "13:00",
        "14:00",
        "15:00",
        "16:00",
        "17:01",
        "18:01",
        "18:31",
        "19:01",
        "19:50",
        "20:50"
    ],
    "saturday": [
        "7:40",
        "8:40",
        "9:40",
        "10:40",
        "11:40",
        "12:40",
        "13:40",
        "14:40",
        "15:40",
        "16:40",
        "17:40",
        "18:40",
        "19:40",
        "20:40"
    ],
    "holiday": [
        "7:40",
        "8:40",
        "9:40",
        "10:40",
        "11:40",
        "12:40",
        "13:40",
        "14:40",
        "15:40",
        "16:40",
        "17:40",
        "18:40",
        "19:40",
        "20:40"
    ],
    "url": "https://www.kanachu.co.jp/dia/diagram/timetable01_js/course:0000800128-5/node:00127859/kt:0/lname:/"
}
