{
    "date": "2025/11/16",
    "name": "桜坂(伊勢原市)",
    "position": "-",
    "system": "伊59",
    "destinations": [
        "串橋入口",
        "神戸(伊勢原市)",
        "白根公民館前",
        "白根",
        "八雲神社前(伊勢原市)",
        "板戸",
        "大神宮前",
        "本町(伊勢原市)",
        "伊勢原駅北口"
    ],
    "weekday": [
        "6:37",
        "7:20",
        "7:45",
        "8:30",
        "9:14",
        "10:04",
        "11:04",
        "12:04",
        "13:03",
        "14:03",
        "15:03",
        "16:03",
        "17:04",
        "18:04",
        "18:34",
        "19:03",
        "19:52",
        "20:52"
    ],
    "saturday": [
        "7:41",
        "8:41",
        "9:41",
        "10:41",
        "11:41",
        "12:41",
        "13:41",
        "14:41",
        "15:41",
        "16:41",
        "17:41",
        "18:41",
        "19:41",
        "20:41"
    ],
    "holiday": [
        "7:41",
        "8:41",
        "9:41",
        "10:41",
        "11:41",
        "12:41",
        "13:41",
        "14:41",
        "15:41",
        "16:41",
        "17:41",
        "18:41",
        "19:41",
        "20:41"
    ],
    "url": "https://www.kanachu.co.jp/dia/diagram/timetable01_js/course:0000800128-6/node:00127860/kt:0/lname:/"
}
