{
    "date": "2025/11/16",
    "name": "白根公民館前",
    "position": "-",
    "system": "伊59",
    "destinations": [
        "白根",
        "八雲神社前(伊勢原市)",
        "板戸",
        "大神宮前",
        "本町(伊勢原市)",
        "伊勢原駅北口"
    ],
    "weekday": [
        "6:41",
        "7:26",
        "7:51",
        "8:35",
        "9:19",
        "10:09",
        "11:09",
        "12:09",
        "13:08",
        "14:08",
        "15:08",
        "16:08",
        "17:09",
        "18:09",
        "18:39",
        "19:07",
        "19:56",
        "20:56"
    ],
    "saturday": [
        "7:45",
        "8:45",
        "9:45",
        "10:45",
        "11:45",
        "12:45",
        "13:45",
        "14:45",
        "15:45",
        "16:45",
        "17:45",
        "18:45",
        "19:44",
        "20:44"
    ],
    "holiday": [
        "7:45",
        "8:45",
        "9:45",
        "10:45",
        "11:45",
        "12:45",
        "13:45",
        "14:45",
        "15:45",
        "16:45",
        "17:45",
        "18:45",
        "19:44",
        "20:44"
    ],
    "url": "https://www.kanachu.co.jp/dia/diagram/timetable01_js/course:0000800128-9/node:00128133/kt:0/lname:/"
}
