{
    "date": "2025/11/16",
    "name": "八雲神社前(伊勢原市)",
    "position": "-",
    "system": "伊59",
    "destinations": [
        "板戸",
        "大神宮前",
        "本町(伊勢原市)",
        "伊勢原駅北口"
    ],
    "weekday": [
        "6:42",
        "7:29",
        "7:54",
        "8:37",
        "9:21",
        "10:11",
        "11:11",
        "12:11",
        "13:10",
        "14:10",
        "15:10",
        "16:10",
        "17:11",
        "18:11",
        "18:41",
        "19:09",
        "19:58",
        "20:58"
    ],
    "saturday": [
        "7:47",
        "8:47",
        "9:47",
        "10:47",
        "11:47",
        "12:47",
        "13:47",
        "14:47",
        "15:47",
        "16:47",
        "17:47",
        "18:47",
        "19:46",
        "20:46"
    ],
    "holiday": [
        "7:47",
        "8:47",
        "9:47",
        "10:47",
        "11:47",
        "12:47",
        "13:47",
        "14:47",
        "15:47",
        "16:47",
        "17:47",
        "18:47",
        "19:46",
        "20:46"
    ],
    "url": "https://www.kanachu.co.jp/dia/diagram/timetable01_js/course:0000800128-11/node:00128131/kt:0/lname:/"
}
