{
    "date": "2023/01/28",
    "name": "四ツ谷(相模原市中央区)",
    "position": "-",
    "system": "相17",
    "destinations": [
        "田名バスターミナル",
        "田名坂上",
        "ふれあい科学館前",
        "水郷田名"
    ],
    "weekday": [
        "6:34",
        "6:59",
        "7:20",
        "7:40",
        "8:00",
        "8:20",
        "8:40",
        "9:00",
        "9:20",
        "9:50",
        "10:20",
        "10:50",
        "11:20",
        "11:50",
        "12:20",
        "12:50",
        "13:20",
        "13:50",
        "14:20",
        "14:50",
        "15:20",
        "15:50",
        "16:20",
        "16:50",
        "17:15",
        "17:35",
        "17:55",
        "18:15",
        "18:35",
        "18:55",
        "19:15",
        "19:35",
        "19:55",
        "20:13",
        "20:40",
        "21:03",
        "21:30",
        "21:53",
        "22:18",
        "22:43",
        "23:19"
    ],
    "saturday": [
        "6:49",
        "7:19",
        "7:49",
        "8:09",
        "8:19",
        "8:49",
        "9:19",
        "9:49",
        "10:20",
        "10:50",
        "11:20",
        "11:50",
        "12:20",
        "12:50",
        "13:20",
        "13:50",
        "14:20",
        "14:50",
        "15:20",
        "15:50",
        "16:20",
        "16:50",
        "17:20",
        "17:50",
        "18:20",
        "18:50",
        "19:19",
        "19:49",
        "20:19",
        "20:49",
        "21:19",
        "21:49",
        "22:19",
        "22:49"
    ],
    "holiday": [
        "6:49",
        "7:19",
        "7:49",
        "8:09",
        "8:19",
        "8:49",
        "9:19",
        "9:49",
        "10:20",
        "10:50",
        "11:20",
        "11:50",
        "12:20",
        "12:50",
        "13:20",
        "13:50",
        "14:20",
        "14:50",
        "15:20",
        "15:50",
        "16:20",
        "16:50",
        "17:20",
        "17:50",
        "18:20",
        "18:50",
        "19:19",
        "19:49",
        "20:19",
        "20:49",
        "21:19",
        "21:49"
    ],
    "url": "https://www.kanachu.co.jp/dia/diagram/timetable01_js/course:0000803114-12/node:00129289/kt:0/lname:/"
}
