{
    "date": "2023/01/28",
    "name": "田名坂上",
    "position": "-",
    "system": "相17",
    "destinations": [
        "ふれあい科学館前",
        "水郷田名"
    ],
    "weekday": [
        "6:40",
        "7:06",
        "7:27",
        "7:47",
        "8:07",
        "8:27",
        "8:47",
        "9:07",
        "9:27",
        "9:57",
        "10:27",
        "10:57",
        "11:27",
        "11:57",
        "12:27",
        "12:57",
        "13:27",
        "13:57",
        "14:27",
        "14:57",
        "15:27",
        "15:57",
        "16:27",
        "16:57",
        "17:22",
        "17:42",
        "18:02",
        "18:22",
        "18:42",
        "19:02",
        "19:22",
        "19:42",
        "20:01",
        "20:19",
        "20:46",
        "21:09",
        "21:36",
        "21:59",
        "22:24",
        "22:49",
        "23:25"
    ],
    "saturday": [
        "6:56",
        "7:26",
        "7:56",
        "8:16",
        "8:26",
        "8:56",
        "9:26",
        "9:56",
        "10:27",
        "10:57",
        "11:27",
        "11:57",
        "12:27",
        "12:57",
        "13:27",
        "13:57",
        "14:27",
        "14:57",
        "15:27",
        "15:57",
        "16:27",
        "16:57",
        "17:27",
        "17:57",
        "18:27",
        "18:57",
        "19:26",
        "19:56",
        "20:26",
        "20:56",
        "21:26",
        "21:56",
        "22:26",
        "22:56"
    ],
    "holiday": [
        "6:56",
        "7:26",
        "7:56",
        "8:16",
        "8:26",
        "8:56",
        "9:26",
        "9:56",
        "10:27",
        "10:57",
        "11:27",
        "11:57",
        "12:27",
        "12:57",
        "13:27",
        "13:57",
        "14:27",
        "14:57",
        "15:27",
        "15:57",
        "16:27",
        "16:57",
        "17:27",
        "17:57",
        "18:27",
        "18:57",
        "19:26",
        "19:56",
        "20:26",
        "20:56",
        "21:26",
        "21:56"
    ],
    "url": "https://www.kanachu.co.jp/dia/diagram/timetable01_js/course:0000803114-14/node:00129182/kt:0/lname:/"
}
