{
    "date": "2025/01/14",
    "name": "中平(厚木市)",
    "position": "-",
    "system": "海09",
    "destinations": [
        "依知小学校前",
        "関口(厚木市)",
        "蓮生寺(厚木市)",
        "追分(厚木市)",
        "下依知入口",
        "金田神社前",
        "水道路(厚木市)",
        "今泉(海老名市)",
        "鶴松",
        "海老名駅西口"
    ],
    "weekday": [
        "5:34",
        "5:54",
        "6:19",
        "6:38",
        "7:09",
        "7:39",
        "8:13",
        "8:33",
        "9:26",
        "10:26",
        "11:26",
        "12:26",
        "13:26",
        "14:26",
        "15:26",
        "16:26",
        "17:31",
        "18:36",
        "19:32",
        "20:32"
    ],
    "saturday": [
        "5:54",
        "6:44",
        "7:44",
        "8:12",
        "8:44",
        "9:12",
        "9:44",
        "10:13",
        "10:45",
        "11:45",
        "12:45",
        "13:45",
        "14:45",
        "15:45",
        "16:45",
        "17:46",
        "18:42",
        "19:47"
    ],
    "holiday": [
        "6:44",
        "7:34",
        "8:44",
        "9:44",
        "10:45",
        "11:45",
        "12:45",
        "13:45",
        "14:45",
        "15:45",
        "16:45",
        "17:45",
        "18:43",
        "19:48"
    ],
    "url": "https://www.kanachu.co.jp/dia/diagram/timetable01_js/course:0000802151-13/node:00128354/kt:0/lname:/"
}
