{
    "date": "2013/11/01",
    "name": "さくら公園(綾瀬市)",
    "position": "-",
    "system": "",
    "destinations": [
        "北の台中学校前",
        "深谷大上ふれあいの家",
        "北の台小学校(綾瀬市)",
        "大上五丁目",
        "大上四丁目",
        "青原",
        "坂下(綾瀬市)",
        "子ノ神(綾瀬市)",
        "綾北小学校前",
        "寺尾入口",
        "寺尾本町一丁目",
        "寺尾南",
        "報恩寺入口",
        "市民スポーツセンター北",
        "市民スポーツセンター",
        "妻之神前",
        "綾瀬メディカルプラザ",
        "長龍寺前",
        "深谷中四丁目",
        "ハンディホームセンター前",
        "綾瀬厚生病院",
        "市民文化センター前(綾瀬市)",
        "綾瀬市役所"
    ],
    "weekday": [
        "7:38",
        "9:17",
        "11:22",
        "13:02",
        "14:40",
        "16:40",
        "18:22"
    ],
    "saturday": [
        "7:38",
        "9:17",
        "11:22",
        "13:02",
        "14:40",
        "16:40",
        "18:22"
    ],
    "holiday": [
        "7:38",
        "9:17",
        "11:22",
        "13:02",
        "14:40",
        "16:40",
        "18:22"
    ],
    "url": "https://www.kanachu.co.jp/dia/diagram/timetable01_js/course:0000801752-3/node:00130058/kt:0/lname:/"
}
