{
    "date": "2013/11/01",
    "name": "北の台中学校前",
    "position": "-",
    "system": "ー",
    "destinations": [
        "深谷大上ふれあいの家",
        "北の台小学校(綾瀬市)",
        "大上五丁目",
        "大上四丁目",
        "青原",
        "坂下(綾瀬市)",
        "子ノ神(綾瀬市)",
        "綾北小学校前",
        "寺尾入口",
        "寺尾本町一丁目",
        "寺尾南",
        "報恩寺入口",
        "市民スポーツセンター北",
        "市民スポーツセンター",
        "妻之神前",
        "綾瀬メディカルプラザ",
        "長龍寺前",
        "深谷中四丁目",
        "ハンディホームセンター前",
        "綾瀬厚生病院",
        "市民文化センター前(綾瀬市)",
        "綾瀬市役所"
    ],
    "weekday": [
        "7:39",
        "9:18",
        "11:23",
        "13:03",
        "14:41",
        "16:41",
        "18:23"
    ],
    "saturday": [
        "7:39",
        "9:18",
        "11:23",
        "13:03",
        "14:41",
        "16:41",
        "18:23"
    ],
    "holiday": [
        "7:39",
        "9:18",
        "11:23",
        "13:03",
        "14:41",
        "16:41",
        "18:23"
    ],
    "url": "https://www.kanachu.co.jp/dia/diagram/timetable01_js/course:0000801752-4/node:00130057/kt:0/lname:/"
}
