{
    "date": "2013/11/01",
    "name": "深谷大上ふれあいの家",
    "position": "-",
    "system": "",
    "destinations": [
        "北の台小学校(綾瀬市)",
        "大上五丁目",
        "大上四丁目",
        "青原",
        "坂下(綾瀬市)",
        "子ノ神(綾瀬市)",
        "綾北小学校前",
        "寺尾入口",
        "寺尾本町一丁目",
        "寺尾南",
        "報恩寺入口",
        "市民スポーツセンター北",
        "市民スポーツセンター",
        "妻之神前",
        "綾瀬メディカルプラザ",
        "長龍寺前",
        "深谷中四丁目",
        "ハンディホームセンター前",
        "綾瀬厚生病院",
        "市民文化センター前(綾瀬市)",
        "綾瀬市役所"
    ],
    "weekday": [
        "7:40",
        "9:19",
        "11:24",
        "13:04",
        "14:42",
        "16:42",
        "18:24"
    ],
    "saturday": [
        "7:40",
        "9:19",
        "11:24",
        "13:04",
        "14:42",
        "16:42",
        "18:24"
    ],
    "holiday": [
        "7:40",
        "9:19",
        "11:24",
        "13:04",
        "14:42",
        "16:42",
        "18:24"
    ],
    "url": "https://www.kanachu.co.jp/dia/diagram/timetable01_js/course:0000801752-5/node:00130056/kt:0/lname:/"
}
