{
    "date": "2013/11/01",
    "name": "坂下(綾瀬市)",
    "position": "-",
    "system": "",
    "destinations": [
        "子ノ神(綾瀬市)",
        "綾北小学校前",
        "寺尾入口",
        "寺尾本町一丁目",
        "寺尾南",
        "報恩寺入口",
        "市民スポーツセンター北",
        "市民スポーツセンター",
        "妻之神前",
        "綾瀬メディカルプラザ",
        "長龍寺前",
        "深谷中四丁目",
        "ハンディホームセンター前",
        "綾瀬厚生病院",
        "市民文化センター前(綾瀬市)",
        "綾瀬市役所"
    ],
    "weekday": [
        "7:45",
        "9:24",
        "11:29",
        "13:09",
        "14:47",
        "16:47",
        "18:29"
    ],
    "saturday": [
        "7:45",
        "9:24",
        "11:29",
        "13:09",
        "14:47",
        "16:47",
        "18:29"
    ],
    "holiday": [
        "7:45",
        "9:24",
        "11:29",
        "13:09",
        "14:47",
        "16:47",
        "18:29"
    ],
    "url": "https://www.kanachu.co.jp/dia/diagram/timetable01_js/course:0000801752-10/node:00130051/kt:0/lname:/"
}
