{
    "date": "2013/11/01",
    "name": "綾北小学校前",
    "position": "-",
    "system": "ー",
    "destinations": [
        "寺尾入口",
        "寺尾本町一丁目",
        "寺尾南",
        "報恩寺入口",
        "市民スポーツセンター北",
        "市民スポーツセンター",
        "妻之神前",
        "綾瀬メディカルプラザ",
        "長龍寺前",
        "深谷中四丁目",
        "ハンディホームセンター前",
        "綾瀬厚生病院",
        "市民文化センター前(綾瀬市)",
        "綾瀬市役所"
    ],
    "weekday": [
        "7:50",
        "9:29",
        "11:34",
        "13:14",
        "14:52",
        "16:52",
        "18:34"
    ],
    "saturday": [
        "7:50",
        "9:29",
        "11:34",
        "13:14",
        "14:52",
        "16:52",
        "18:34"
    ],
    "holiday": [
        "7:50",
        "9:29",
        "11:34",
        "13:14",
        "14:52",
        "16:52",
        "18:34"
    ],
    "url": "https://www.kanachu.co.jp/dia/diagram/timetable01_js/course:0000801752-12/node:00129866/kt:0/lname:/"
}
