{
    "date": "2013/11/01",
    "name": "寺尾本町一丁目",
    "position": "-",
    "system": "ー",
    "destinations": [
        "寺尾南",
        "報恩寺入口",
        "市民スポーツセンター北",
        "市民スポーツセンター",
        "妻之神前",
        "綾瀬メディカルプラザ",
        "長龍寺前",
        "深谷中四丁目",
        "ハンディホームセンター前",
        "綾瀬厚生病院",
        "市民文化センター前(綾瀬市)",
        "綾瀬市役所"
    ],
    "weekday": [
        "7:53",
        "9:32",
        "11:37",
        "13:17",
        "14:55",
        "16:55",
        "18:37"
    ],
    "saturday": [
        "7:53",
        "9:32",
        "11:37",
        "13:17",
        "14:55",
        "16:55",
        "18:37"
    ],
    "holiday": [
        "7:53",
        "9:32",
        "11:37",
        "13:17",
        "14:55",
        "16:55",
        "18:37"
    ],
    "url": "https://www.kanachu.co.jp/dia/diagram/timetable01_js/course:0000801752-14/node:00130049/kt:0/lname:/"
}
