{
    "date": "2013/11/01",
    "name": "報恩寺入口",
    "position": "-",
    "system": "",
    "destinations": [
        "市民スポーツセンター北",
        "市民スポーツセンター",
        "妻之神前",
        "綾瀬メディカルプラザ",
        "長龍寺前",
        "深谷中四丁目",
        "ハンディホームセンター前",
        "綾瀬厚生病院",
        "市民文化センター前(綾瀬市)",
        "綾瀬市役所"
    ],
    "weekday": [
        "7:55",
        "9:34",
        "11:39",
        "13:19",
        "14:57",
        "16:57",
        "18:39"
    ],
    "saturday": [
        "7:55",
        "9:34",
        "11:39",
        "13:19",
        "14:57",
        "16:57",
        "18:39"
    ],
    "holiday": [
        "7:55",
        "9:34",
        "11:39",
        "13:19",
        "14:57",
        "16:57",
        "18:39"
    ],
    "url": "https://www.kanachu.co.jp/dia/diagram/timetable01_js/course:0000801752-16/node:00130047/kt:0/lname:/"
}
