{
    "date": "2013/11/01",
    "name": "市民スポーツセンター北",
    "position": "-",
    "system": "",
    "destinations": [
        "市民スポーツセンター",
        "妻之神前",
        "綾瀬メディカルプラザ",
        "長龍寺前",
        "深谷中四丁目",
        "ハンディホームセンター前",
        "綾瀬厚生病院",
        "市民文化センター前(綾瀬市)",
        "綾瀬市役所"
    ],
    "weekday": [
        "7:56",
        "9:35",
        "11:40",
        "13:20",
        "14:58",
        "16:58",
        "18:40"
    ],
    "saturday": [
        "7:56",
        "9:35",
        "11:40",
        "13:20",
        "14:58",
        "16:58",
        "18:40"
    ],
    "holiday": [
        "7:56",
        "9:35",
        "11:40",
        "13:20",
        "14:58",
        "16:58",
        "18:40"
    ],
    "url": "https://www.kanachu.co.jp/dia/diagram/timetable01_js/course:0000801752-17/node:00130046/kt:0/lname:/"
}
