{
    "date": "2013/11/01",
    "name": "妻之神前",
    "position": "-",
    "system": "",
    "destinations": [
        "綾瀬メディカルプラザ",
        "長龍寺前",
        "深谷中四丁目",
        "ハンディホームセンター前",
        "綾瀬厚生病院",
        "市民文化センター前(綾瀬市)",
        "綾瀬市役所"
    ],
    "weekday": [
        "7:59",
        "9:38",
        "11:43",
        "13:23",
        "15:01",
        "17:01",
        "18:43"
    ],
    "saturday": [
        "7:59",
        "9:38",
        "11:43",
        "13:23",
        "15:01",
        "17:01",
        "18:43"
    ],
    "holiday": [
        "7:59",
        "9:38",
        "11:43",
        "13:23",
        "15:01",
        "17:01",
        "18:43"
    ],
    "url": "https://www.kanachu.co.jp/dia/diagram/timetable01_js/course:0000801752-19/node:00130044/kt:0/lname:/"
}
