{
    "date": "2013/11/01",
    "name": "市民文化センター前(綾瀬市)",
    "position": "-",
    "system": "",
    "destinations": [
        "綾瀬市役所"
    ],
    "weekday": [
        "8:04",
        "9:43",
        "11:48",
        "13:28",
        "15:06",
        "17:06",
        "18:48"
    ],
    "saturday": [
        "8:04",
        "9:43",
        "11:48",
        "13:28",
        "15:06",
        "17:06",
        "18:48"
    ],
    "holiday": [
        "8:04",
        "9:43",
        "11:48",
        "13:28",
        "15:06",
        "17:06",
        "18:48"
    ],
    "url": "https://www.kanachu.co.jp/dia/diagram/timetable01_js/course:0000801752-25/node:00129861/kt:0/lname:/"
}
