{
    "date": "2025/08/30",
    "name": "芹が谷山谷",
    "position": "-",
    "system": "",
    "destinations": [
        "芹が谷",
        "せりぎんタウン",
        "芹が谷団地前",
        "永谷地区センター前",
        "平戸(横浜市港南区)",
        "国道平戸",
        "品濃口",
        "坂下(横浜市戸塚区)",
        "品濃町(横浜市戸塚区)",
        "東戸塚駅東口"
    ],
    "weekday": [
        "10:02",
        "12:07",
        "14:12",
        "16:12"
    ],
    "saturday": [],
    "holiday": [],
    "url": "https://www.kanachu.co.jp/dia/diagram/timetable01_js/course:0000803847-36/node:00126566/kt:0/lname:/"
}
