{
    "date": "2025/08/30",
    "name": "芹が谷団地前",
    "position": "-",
    "system": "",
    "destinations": [
        "永谷地区センター前",
        "平戸(横浜市港南区)",
        "国道平戸",
        "品濃口",
        "坂下(横浜市戸塚区)",
        "品濃町(横浜市戸塚区)",
        "東戸塚駅東口"
    ],
    "weekday": [
        "10:06",
        "12:11",
        "14:16",
        "16:16"
    ],
    "saturday": [],
    "holiday": [],
    "url": "https://www.kanachu.co.jp/dia/diagram/timetable01_js/course:0000803847-39/node:00126569/kt:0/lname:/"
}
