{
    "system": "206",
    "busstops": [
        {
            "index": "1",
            "id": "00126647",
            "name": "東戸塚駅東口",
            "lat": "35.430204",
            "lng": "139.558067"
        },
        {
            "index": "2",
            "id": "00126642",
            "name": "品濃町(横浜市戸塚区)",
            "lat": "35.429046",
            "lng": "139.559705"
        },
        {
            "index": "3",
            "id": "00126641",
            "name": "坂下(横浜市戸塚区)",
            "lat": "35.425859",
            "lng": "139.560158"
        },
        {
            "index": "4",
            "id": "00126617",
            "name": "品濃口",
            "lat": "35.420834",
            "lng": "139.558865"
        },
        {
            "index": "5",
            "id": "00102977",
            "name": "平戸(横浜市港南区)",
            "lat": "35.418827",
            "lng": "139.562474"
        },
        {
            "index": "6",
            "id": "00126569",
            "name": "芹が谷団地前",
            "lat": "35.417153",
            "lng": "139.567506"
        },
        {
            "index": "7",
            "id": "00126568",
            "name": "せりぎんタウン",
            "lat": "35.416726",
            "lng": "139.57092"
        },
        {
            "index": "8",
            "id": "00126567",
            "name": "芹が谷",
            "lat": "35.415964",
            "lng": "139.574826"
        },
        {
            "index": "9",
            "id": "00126566",
            "name": "芹が谷山谷",
            "lat": "35.414584",
            "lng": "139.578287"
        },
        {
            "index": "10",
            "id": "00126565",
            "name": "水道橋下",
            "lat": "35.413663",
            "lng": "139.580977"
        },
        {
            "index": "11",
            "id": "00126564",
            "name": "普門院前",
            "lat": "35.412926",
            "lng": "139.585839"
        },
        {
            "index": "12",
            "id": "00126563",
            "name": "別所宮下",
            "lat": "35.413614",
            "lng": "139.588034"
        },
        {
            "index": "13",
            "id": "00126562",
            "name": "南が丘中学校前",
            "lat": "35.414764",
            "lng": "139.590122"
        },
        {
            "index": "14",
            "id": "00126561",
            "name": "最戸町",
            "lat": "35.415437",
            "lng": "139.594325"
        },
        {
            "index": "15",
            "id": "00103166",
            "name": "向田橋",
            "lat": "35.416475",
            "lng": "139.597437"
        },
        {
            "index": "16",
            "id": "00103127",
            "name": "南小学校前(横浜市南区)",
            "lat": "35.419547",
            "lng": "139.600069"
        },
        {
            "index": "17",
            "id": "00102458",
            "name": "弘明寺",
            "lat": "35.423485",
            "lng": "139.602084"
        },
        {
            "index": "18",
            "id": "00102796",
            "name": "通町三丁目",
            "lat": "35.426765",
            "lng": "139.604626"
        },
        {
            "index": "19",
            "id": "00102795",
            "name": "通町一丁目",
            "lat": "35.428157",
            "lng": "139.606937"
        },
        {
            "index": "20",
            "id": "00103093",
            "name": "蒔田駅前",
            "lat": "35.429875",
            "lng": "139.609744"
        },
        {
            "index": "21",
            "id": "00103130",
            "name": "蒔田中学校前(横浜市南区)",
            "lat": "35.431849",
            "lng": "139.608891"
        },
        {
            "index": "22",
            "id": "00102234",
            "name": "井土ヶ谷下町",
            "lat": "35.432656",
            "lng": "139.607057"
        },
        {
            "index": "23",
            "id": "00126631",
            "name": "南センター(横浜市南区)",
            "lat": "35.433484",
            "lng": "139.605533"
        },
        {
            "index": "24",
            "id": "00102233",
            "name": "井土ヶ谷",
            "lat": "35.431434",
            "lng": "139.603456"
        },
        {
            "index": "25",
            "id": "00102744",
            "name": "鶴巻(横浜市南区)",
            "lat": "35.430313",
            "lng": "139.60437"
        },
        {
            "index": "26",
            "id": "00102795",
            "name": "通町一丁目",
            "lat": "35.427106",
            "lng": "139.605561"
        },
        {
            "index": "27",
            "id": "00102796",
            "name": "通町三丁目",
            "lat": "35.426032",
            "lng": "139.603948"
        },
        {
            "index": "28",
            "id": "00102458",
            "name": "弘明寺",
            "lat": "35.423422",
            "lng": "139.602265"
        },
        {
            "index": "29",
            "id": "00103127",
            "name": "南小学校前(横浜市南区)",
            "lat": "35.41814",
            "lng": "139.599471"
        },
        {
            "index": "30",
            "id": "00103166",
            "name": "向田橋",
            "lat": "35.416567",
            "lng": "139.597882"
        },
        {
            "index": "31",
            "id": "00126561",
            "name": "最戸町",
            "lat": "35.415371",
            "lng": "139.593974"
        },
        {
            "index": "32",
            "id": "00126562",
            "name": "南が丘中学校前",
            "lat": "35.414807",
            "lng": "139.590458"
        },
        {
            "index": "33",
            "id": "00126563",
            "name": "別所宮下",
            "lat": "35.413321",
            "lng": "139.587649"
        },
        {
            "index": "34",
            "id": "00126564",
            "name": "普門院前",
            "lat": "35.412794",
            "lng": "139.586145"
        },
        {
            "index": "35",
            "id": "00126565",
            "name": "水道橋下",
            "lat": "35.413605",
            "lng": "139.581593"
        },
        {
            "index": "36",
            "id": "00126566",
            "name": "芹が谷山谷",
            "lat": "35.414401",
            "lng": "139.577897"
        },
        {
            "index": "37",
            "id": "00126567",
            "name": "芹が谷",
            "lat": "35.416202",
            "lng": "139.573997"
        },
        {
            "index": "38",
            "id": "00126568",
            "name": "せりぎんタウン",
            "lat": "35.416648",
            "lng": "139.571309"
        },
        {
            "index": "39",
            "id": "00126569",
            "name": "芹が谷団地前",
            "lat": "35.416928",
            "lng": "139.566508"
        },
        {
            "index": "40",
            "id": "00130495",
            "name": "永谷地区センター前",
            "lat": "35.417039",
            "lng": "139.564408"
        },
        {
            "index": "41",
            "id": "00102977",
            "name": "平戸(横浜市港南区)",
            "lat": "35.419024",
            "lng": "139.561876"
        },
        {
            "index": "42",
            "id": "00126618",
            "name": "国道平戸",
            "lat": "35.420252",
            "lng": "139.560743"
        },
        {
            "index": "43",
            "id": "00126617",
            "name": "品濃口",
            "lat": "35.422447",
            "lng": "139.557983"
        },
        {
            "index": "44",
            "id": "00126641",
            "name": "坂下(横浜市戸塚区)",
            "lat": "35.425594",
            "lng": "139.559021"
        },
        {
            "index": "45",
            "id": "00126642",
            "name": "品濃町(横浜市戸塚区)",
            "lat": "35.42754",
            "lng": "139.55915"
        },
        {
            "index": "46",
            "id": "00126647",
            "name": "東戸塚駅東口",
            "lat": "35.429912",
            "lng": "139.55729"
        }
    ],
    "route_url": "https://www.kanachu.co.jp/dia/route/index/cid:0000803847/"
}
