{
    "date": "2025/07/12",
    "name": "清泉女学院",
    "position": "-",
    "system": "船37",
    "destinations": [
        "打越(鎌倉市)",
        "中村(鎌倉市)",
        "関谷インター",
        "関谷(鎌倉市)",
        "面谷戸",
        "田谷(横浜市栄区)",
        "小蓋山",
        "宮ノ前(横浜市栄区)",
        "長尾台(横浜市栄区)",
        "坂本(鎌倉市)",
        "大船駅西口"
    ],
    "weekday": [
        "7:45",
        "8:30",
        "10:05",
        "11:20",
        "16:30",
        "17:30"
    ],
    "saturday": [
        "8:30",
        "9:35",
        "10:32"
    ],
    "holiday": [
        "8:30",
        "9:35",
        "10:32"
    ],
    "url": "https://www.kanachu.co.jp/dia/diagram/timetable01_js/course:0000800824-1/node:00127005/kt:0/lname:/"
}
