{
    "date": "2025/07/12",
    "name": "中村(鎌倉市)",
    "position": "-",
    "system": "船37",
    "destinations": [
        "関谷インター",
        "関谷(鎌倉市)",
        "面谷戸",
        "田谷(横浜市栄区)",
        "小蓋山",
        "宮ノ前(横浜市栄区)",
        "長尾台(横浜市栄区)",
        "坂本(鎌倉市)",
        "大船駅西口"
    ],
    "weekday": [
        "7:47",
        "8:32",
        "10:07",
        "11:22",
        "16:32",
        "17:32"
    ],
    "saturday": [
        "8:32",
        "9:37",
        "10:34"
    ],
    "holiday": [
        "8:32",
        "9:37",
        "10:34"
    ],
    "url": "https://www.kanachu.co.jp/dia/diagram/timetable01_js/course:0000800824-3/node:00126999/kt:0/lname:/"
}
