{
    "date": "2025/07/12",
    "name": "関谷(鎌倉市)",
    "position": "-",
    "system": "船37",
    "destinations": [
        "面谷戸",
        "田谷(横浜市栄区)",
        "小蓋山",
        "宮ノ前(横浜市栄区)",
        "長尾台(横浜市栄区)",
        "坂本(鎌倉市)",
        "大船駅西口"
    ],
    "weekday": [
        "7:49",
        "8:34",
        "10:09",
        "11:24",
        "16:34",
        "17:34"
    ],
    "saturday": [
        "8:34",
        "9:39",
        "10:36"
    ],
    "holiday": [
        "8:34",
        "9:39",
        "10:36"
    ],
    "url": "https://www.kanachu.co.jp/dia/diagram/timetable01_js/course:0000800824-5/node:00127007/kt:0/lname:/"
}
