{
    "date": "2025/07/12",
    "name": "面谷戸",
    "position": "-",
    "system": "船37",
    "destinations": [
        "田谷(横浜市栄区)",
        "小蓋山",
        "宮ノ前(横浜市栄区)",
        "長尾台(横浜市栄区)",
        "坂本(鎌倉市)",
        "大船駅西口"
    ],
    "weekday": [
        "7:50",
        "8:35",
        "10:10",
        "11:25",
        "16:35",
        "17:35"
    ],
    "saturday": [
        "8:35",
        "9:40",
        "10:37"
    ],
    "holiday": [
        "8:35",
        "9:40",
        "10:37"
    ],
    "url": "https://www.kanachu.co.jp/dia/diagram/timetable01_js/course:0000800824-6/node:00127006/kt:0/lname:/"
}
