{
    "date": "2025/07/12",
    "name": "小蓋山",
    "position": "-",
    "system": "船37",
    "destinations": [
        "宮ノ前(横浜市栄区)",
        "長尾台(横浜市栄区)",
        "坂本(鎌倉市)",
        "大船駅西口"
    ],
    "weekday": [
        "7:52",
        "8:37",
        "10:12",
        "11:27",
        "16:37",
        "17:37"
    ],
    "saturday": [
        "8:37",
        "9:42",
        "10:39"
    ],
    "holiday": [
        "8:37",
        "9:42",
        "10:39"
    ],
    "url": "https://www.kanachu.co.jp/dia/diagram/timetable01_js/course:0000800824-8/node:00126851/kt:0/lname:/"
}
