{
    "date": "2025/11/16",
    "name": "楠町",
    "position": "-",
    "system": "横52",
    "destinations": [
        "浅間下(横浜市西区)",
        "浅岡橋",
        "浅間町車庫前",
        "洪福寺",
        "宮田町(横浜市保土ケ谷区)",
        "峯小学校前",
        "峰岡町",
        "常盤園下",
        "和田町(横浜市保土ケ谷区)",
        "保土ヶ谷中学校前",
        "上星川",
        "杉山神社前(横浜市保土ケ谷区)",
        "川島町(横浜市保土ケ谷区)",
        "西谷妙福寺前",
        "梅の木(横浜市保土ケ谷区)",
        "西谷駅前",
        "西谷(横浜市旭区)",
        "下白根橋",
        "白根不動入口",
        "白根町",
        "鶴ヶ峰駅",
        "鶴ヶ峰本町",
        "薬王寺入口",
        "鶴ヶ峰中学校前",
        "今宿小学校入口",
        "今宿(横浜市旭区)",
        "筑池",
        "農協前(横浜市旭区)",
        "都岡町",
        "下宿(横浜市旭区)",
        "川井宿",
        "横丁",
        "笹峰",
        "三保市民の森",
        "梅田谷戸",
        "梅田(横浜市緑区)",
        "坂下(横浜市緑区)",
        "三保橋",
        "薬師谷戸",
        "住宅前(横浜市緑区)",
        "宮根(横浜市緑区)",
        "三保交差点",
        "台村町",
        "中山駅"
    ],
    "weekday": [
        "8:29",
        "9:09",
        "10:18",
        "11:28",
        "12:28",
        "13:28",
        "14:28",
        "15:28",
        "16:25",
        "17:25",
        "18:23",
        "19:32"
    ],
    "saturday": [
        "8:09",
        "10:13",
        "11:13",
        "12:13",
        "13:13",
        "14:13",
        "15:13",
        "16:10",
        "17:08",
        "18:08",
        "19:18"
    ],
    "holiday": [
        "8:06",
        "10:18",
        "11:13",
        "12:13",
        "13:13",
        "14:13",
        "15:13",
        "16:10",
        "17:08",
        "18:08",
        "19:18"
    ],
    "url": "https://www.kanachu.co.jp/dia/diagram/timetable01_js/course:0000803666-3/node:00102459/kt:0/lname:/"
}
