{
    "date": "2025/11/16",
    "name": "浅間町車庫前",
    "position": "-",
    "system": "横52",
    "destinations": [
        "洪福寺",
        "宮田町(横浜市保土ケ谷区)",
        "峯小学校前",
        "峰岡町",
        "常盤園下",
        "和田町(横浜市保土ケ谷区)",
        "保土ヶ谷中学校前",
        "上星川",
        "杉山神社前(横浜市保土ケ谷区)",
        "川島町(横浜市保土ケ谷区)",
        "西谷妙福寺前",
        "梅の木(横浜市保土ケ谷区)",
        "西谷駅前",
        "西谷(横浜市旭区)",
        "下白根橋",
        "白根不動入口",
        "白根町",
        "鶴ヶ峰駅",
        "鶴ヶ峰本町",
        "薬王寺入口",
        "鶴ヶ峰中学校前",
        "今宿小学校入口",
        "今宿(横浜市旭区)",
        "筑池",
        "農協前(横浜市旭区)",
        "都岡町",
        "下宿(横浜市旭区)",
        "川井宿",
        "横丁",
        "笹峰",
        "三保市民の森",
        "梅田谷戸",
        "梅田(横浜市緑区)",
        "坂下(横浜市緑区)",
        "三保橋",
        "薬師谷戸",
        "住宅前(横浜市緑区)",
        "宮根(横浜市緑区)",
        "三保交差点",
        "台村町",
        "中山駅"
    ],
    "weekday": [
        "8:33",
        "9:13",
        "10:22",
        "11:32",
        "12:32",
        "13:32",
        "14:32",
        "15:32",
        "16:29",
        "17:29",
        "18:27",
        "19:36"
    ],
    "saturday": [
        "8:13",
        "10:17",
        "11:17",
        "12:17",
        "13:17",
        "14:17",
        "15:17",
        "16:14",
        "17:12",
        "18:12",
        "19:22"
    ],
    "holiday": [
        "8:10",
        "10:22",
        "11:17",
        "12:17",
        "13:17",
        "14:17",
        "15:17",
        "16:14",
        "17:12",
        "18:12",
        "19:22"
    ],
    "url": "https://www.kanachu.co.jp/dia/diagram/timetable01_js/course:0000803666-6/node:00102672/kt:0/lname:/"
}
