{
    "date": "2025/11/16",
    "name": "川島町(横浜市保土ケ谷区)",
    "position": "-",
    "system": "横52",
    "destinations": [
        "西谷妙福寺前",
        "梅の木(横浜市保土ケ谷区)",
        "西谷駅前",
        "西谷(横浜市旭区)",
        "下白根橋",
        "白根不動入口",
        "白根町",
        "鶴ヶ峰駅",
        "鶴ヶ峰本町",
        "薬王寺入口",
        "鶴ヶ峰中学校前",
        "今宿小学校入口",
        "今宿(横浜市旭区)",
        "筑池",
        "農協前(横浜市旭区)",
        "都岡町",
        "下宿(横浜市旭区)",
        "川井宿",
        "横丁",
        "笹峰",
        "三保市民の森",
        "梅田谷戸",
        "梅田(横浜市緑区)",
        "坂下(横浜市緑区)",
        "三保橋",
        "薬師谷戸",
        "住宅前(横浜市緑区)",
        "宮根(横浜市緑区)",
        "三保交差点",
        "台村町",
        "中山駅"
    ],
    "weekday": [
        "8:46",
        "9:26",
        "10:35",
        "11:45",
        "12:45",
        "13:45",
        "14:45",
        "15:45",
        "16:42",
        "17:42",
        "18:40",
        "19:49"
    ],
    "saturday": [
        "8:26",
        "10:30",
        "11:30",
        "12:30",
        "13:30",
        "14:30",
        "15:30",
        "16:27",
        "17:25",
        "18:25",
        "19:35"
    ],
    "holiday": [
        "8:23",
        "10:35",
        "11:30",
        "12:30",
        "13:30",
        "14:30",
        "15:30",
        "16:27",
        "17:25",
        "18:25",
        "19:35"
    ],
    "url": "https://www.kanachu.co.jp/dia/diagram/timetable01_js/course:0000803666-16/node:00102379/kt:0/lname:/"
}
