{
    "date": "2025/11/16",
    "name": "西谷妙福寺前",
    "position": "-",
    "system": "横52",
    "destinations": [
        "梅の木(横浜市保土ケ谷区)",
        "西谷駅前",
        "西谷(横浜市旭区)",
        "下白根橋",
        "白根不動入口",
        "白根町",
        "鶴ヶ峰駅",
        "鶴ヶ峰本町",
        "薬王寺入口",
        "鶴ヶ峰中学校前",
        "今宿小学校入口",
        "今宿(横浜市旭区)",
        "筑池",
        "農協前(横浜市旭区)",
        "都岡町",
        "下宿(横浜市旭区)",
        "川井宿",
        "横丁",
        "笹峰",
        "三保市民の森",
        "梅田谷戸",
        "梅田(横浜市緑区)",
        "坂下(横浜市緑区)",
        "三保橋",
        "薬師谷戸",
        "住宅前(横浜市緑区)",
        "宮根(横浜市緑区)",
        "三保交差点",
        "台村町",
        "中山駅"
    ],
    "weekday": [
        "8:47",
        "9:27",
        "10:36",
        "11:46",
        "12:46",
        "13:46",
        "14:46",
        "15:46",
        "16:43",
        "17:43",
        "18:41",
        "19:50"
    ],
    "saturday": [
        "8:27",
        "10:31",
        "11:31",
        "12:31",
        "13:31",
        "14:31",
        "15:31",
        "16:28",
        "17:26",
        "18:26",
        "19:36"
    ],
    "holiday": [
        "8:24",
        "10:36",
        "11:31",
        "12:31",
        "13:31",
        "14:31",
        "15:31",
        "16:28",
        "17:26",
        "18:26",
        "19:36"
    ],
    "url": "https://www.kanachu.co.jp/dia/diagram/timetable01_js/course:0000803666-17/node:00102885/kt:0/lname:/"
}
