{
    "date": "2026/01/16",
    "name": "小川かえで公園前",
    "position": "-",
    "system": "つ01",
    "destinations": [
        "小川高校入口",
        "成瀬駅ガード南",
        "成瀬駅",
        "南成瀬",
        "成瀬高校入口",
        "中村(町田市成瀬)",
        "観性寺前",
        "成瀬台入口",
        "ポプラヶ丘前",
        "成瀬台二丁目",
        "野村住宅中央",
        "成瀬台"
    ],
    "weekday": [
        "6:54",
        "7:49",
        "8:49",
        "9:47",
        "11:24",
        "13:24",
        "15:24",
        "16:24",
        "17:17",
        "18:10",
        "19:14",
        "20:37"
    ],
    "saturday": [
        "6:54",
        "7:24",
        "8:24",
        "9:24",
        "10:24",
        "11:24",
        "13:24",
        "15:24",
        "16:24",
        "17:24",
        "18:34",
        "19:34"
    ],
    "holiday": [
        "8:24",
        "9:24",
        "10:24",
        "11:24",
        "13:24",
        "15:24",
        "16:24",
        "17:24",
        "18:34",
        "19:34"
    ],
    "url": "https://www.kanachu.co.jp/dia/diagram/timetable01_js/course:0000804188-7/node:00129549/kt:0/lname:/"
}
