{
    "date": "2026/01/16",
    "name": "成瀬駅ガード南",
    "position": "-",
    "system": "つ01",
    "destinations": [
        "成瀬駅",
        "南成瀬",
        "成瀬高校入口",
        "中村(町田市成瀬)",
        "観性寺前",
        "成瀬台入口",
        "ポプラヶ丘前",
        "成瀬台二丁目",
        "野村住宅中央",
        "成瀬台"
    ],
    "weekday": [
        "6:56",
        "7:51",
        "8:51",
        "9:49",
        "11:26",
        "13:26",
        "15:26",
        "16:26",
        "17:19",
        "18:12",
        "19:16",
        "20:39"
    ],
    "saturday": [
        "6:56",
        "7:26",
        "8:26",
        "9:26",
        "10:26",
        "11:26",
        "13:26",
        "15:26",
        "16:26",
        "17:26",
        "18:36",
        "19:36"
    ],
    "holiday": [
        "8:26",
        "9:26",
        "10:26",
        "11:26",
        "13:26",
        "15:26",
        "16:26",
        "17:26",
        "18:36",
        "19:36"
    ],
    "url": "https://www.kanachu.co.jp/dia/diagram/timetable01_js/course:0000804188-9/node:00129551/kt:0/lname:/"
}
