{
    "date": "2026/01/16",
    "name": "成瀬駅",
    "position": "-",
    "system": "つ01",
    "destinations": [
        "南成瀬",
        "成瀬高校入口",
        "中村(町田市成瀬)",
        "観性寺前",
        "成瀬台入口",
        "ポプラヶ丘前",
        "成瀬台二丁目",
        "野村住宅中央",
        "成瀬台"
    ],
    "weekday": [
        "7:00",
        "7:55",
        "8:55",
        "9:53",
        "11:30",
        "13:30",
        "15:30",
        "16:30",
        "17:23",
        "18:16",
        "19:20",
        "20:43"
    ],
    "saturday": [
        "7:00",
        "7:30",
        "8:30",
        "9:30",
        "10:30",
        "11:30",
        "13:30",
        "15:30",
        "16:30",
        "17:30",
        "18:40",
        "19:40"
    ],
    "holiday": [
        "8:30",
        "9:30",
        "10:30",
        "11:30",
        "13:30",
        "15:30",
        "16:30",
        "17:30",
        "18:40",
        "19:40"
    ],
    "url": "https://www.kanachu.co.jp/dia/diagram/timetable01_js/course:0000804188-10/node:00129552/kt:0/lname:/"
}
