{
    "date": "2025/07/12",
    "name": "藤沢駅北口",
    "position": "-",
    "system": "藤04",
    "destinations": [
        "三富士町",
        "相生町(藤沢市)",
        "日本精工前",
        "鵠沼小学校前",
        "長久保(藤沢市)",
        "藤沢SST前",
        "元町五丁目",
        "東町(藤沢市)",
        "堂面(藤沢市)",
        "出口(藤沢市)",
        "浜見山",
        "南海岸",
        "高砂小学校前(藤沢市)",
        "辻堂団地"
    ],
    "weekday": [
        "6:20",
        "6:50",
        "7:14",
        "7:35",
        "7:55",
        "8:10",
        "8:25",
        "8:40",
        "9:00",
        "9:20",
        "9:40",
        "10:00",
        "10:20",
        "10:40",
        "11:00",
        "11:20",
        "11:40",
        "12:00",
        "12:20",
        "12:40",
        "13:00",
        "13:20",
        "13:40",
        "14:00",
        "14:20",
        "14:40",
        "15:00",
        "15:20",
        "15:40",
        "16:00",
        "16:15",
        "16:30",
        "16:45",
        "17:00",
        "17:15",
        "17:33",
        "17:48",
        "18:00",
        "18:15",
        "18:33",
        "18:45",
        "19:00",
        "19:15",
        "19:33",
        "19:48",
        "20:00",
        "20:15",
        "20:30",
        "20:45",
        "21:00",
        "21:20",
        "21:40",
        "22:00",
        "22:20",
        "22:40",
        "23:00"
    ],
    "saturday": [
        "6:24",
        "7:00",
        "7:40",
        "8:00",
        "8:20",
        "8:40",
        "9:00",
        "9:20",
        "9:40",
        "10:00",
        "10:20",
        "10:40",
        "11:00",
        "11:20",
        "11:40",
        "12:00",
        "12:20",
        "12:40",
        "13:00",
        "13:20",
        "13:40",
        "14:00",
        "14:20",
        "14:40",
        "15:00",
        "15:20",
        "15:40",
        "16:00",
        "16:20",
        "16:40",
        "17:00",
        "17:20",
        "17:40",
        "18:00",
        "18:20",
        "18:40",
        "19:00",
        "19:20",
        "19:40",
        "20:00",
        "20:20",
        "20:40",
        "21:00",
        "21:20",
        "21:40",
        "22:00",
        "22:20",
        "22:40"
    ],
    "holiday": [
        "6:24",
        "7:00",
        "7:40",
        "8:00",
        "8:20",
        "8:40",
        "9:00",
        "9:20",
        "9:40",
        "10:00",
        "10:20",
        "10:40",
        "11:00",
        "11:20",
        "11:40",
        "12:00",
        "12:20",
        "12:40",
        "13:00",
        "13:20",
        "13:40",
        "14:00",
        "14:20",
        "14:40",
        "15:00",
        "15:20",
        "15:40",
        "16:00",
        "16:20",
        "16:40",
        "17:00",
        "17:20",
        "17:40",
        "18:00",
        "18:20",
        "18:40",
        "19:00",
        "19:20",
        "19:40",
        "20:00",
        "20:20",
        "20:40",
        "21:00",
        "21:20",
        "21:40",
        "22:00",
        "22:20",
        "22:40"
    ],
    "url": "https://www.kanachu.co.jp/dia/diagram/timetable01_js/course:0000801052-1/node:00126970/kt:0/lname:/"
}
