{
    "date": "2025/07/12",
    "name": "東町(藤沢市)",
    "position": "-",
    "system": "藤04",
    "destinations": [
        "堂面(藤沢市)",
        "出口(藤沢市)",
        "浜見山",
        "南海岸",
        "高砂小学校前(藤沢市)",
        "辻堂団地"
    ],
    "weekday": [
        "6:28",
        "6:58",
        "7:22",
        "7:43",
        "8:03",
        "8:18",
        "8:33",
        "8:48",
        "9:08",
        "9:28",
        "9:48",
        "10:08",
        "10:28",
        "10:48",
        "11:08",
        "11:28",
        "11:48",
        "12:08",
        "12:28",
        "12:48",
        "13:08",
        "13:28",
        "13:48",
        "14:08",
        "14:28",
        "14:48",
        "15:08",
        "15:28",
        "15:48",
        "16:08",
        "16:23",
        "16:38",
        "16:53",
        "17:08",
        "17:23",
        "17:41",
        "17:56",
        "18:08",
        "18:23",
        "18:41",
        "18:53",
        "19:08",
        "19:23",
        "19:41",
        "19:56",
        "20:08",
        "20:23",
        "20:38",
        "20:53",
        "21:08",
        "21:28",
        "21:48",
        "22:08",
        "22:28",
        "22:48",
        "23:08"
    ],
    "saturday": [
        "6:32",
        "7:08",
        "7:48",
        "8:08",
        "8:28",
        "8:48",
        "9:08",
        "9:28",
        "9:48",
        "10:08",
        "10:28",
        "10:48",
        "11:08",
        "11:28",
        "11:48",
        "12:08",
        "12:28",
        "12:48",
        "13:08",
        "13:28",
        "13:48",
        "14:08",
        "14:28",
        "14:48",
        "15:08",
        "15:28",
        "15:48",
        "16:08",
        "16:28",
        "16:48",
        "17:08",
        "17:28",
        "17:48",
        "18:08",
        "18:28",
        "18:48",
        "19:08",
        "19:28",
        "19:48",
        "20:08",
        "20:28",
        "20:48",
        "21:08",
        "21:28",
        "21:48",
        "22:08",
        "22:28",
        "22:48"
    ],
    "holiday": [
        "6:32",
        "7:08",
        "7:48",
        "8:08",
        "8:28",
        "8:48",
        "9:08",
        "9:28",
        "9:48",
        "10:08",
        "10:28",
        "10:48",
        "11:08",
        "11:28",
        "11:48",
        "12:08",
        "12:28",
        "12:48",
        "13:08",
        "13:28",
        "13:48",
        "14:08",
        "14:28",
        "14:48",
        "15:08",
        "15:28",
        "15:48",
        "16:08",
        "16:28",
        "16:48",
        "17:08",
        "17:28",
        "17:48",
        "18:08",
        "18:28",
        "18:48",
        "19:08",
        "19:28",
        "19:48",
        "20:08",
        "20:28",
        "20:48",
        "21:08",
        "21:28",
        "21:48",
        "22:08",
        "22:28",
        "22:48"
    ],
    "url": "https://www.kanachu.co.jp/dia/diagram/timetable01_js/course:0000801052-9/node:00127093/kt:0/lname:/"
}
