{
    "date": "2025/07/12",
    "name": "高砂小学校前(藤沢市)",
    "position": "-",
    "system": "藤04",
    "destinations": [
        "辻堂団地"
    ],
    "weekday": [
        "6:33",
        "7:03",
        "7:27",
        "7:48",
        "8:08",
        "8:23",
        "8:38",
        "8:53",
        "9:13",
        "9:33",
        "9:53",
        "10:13",
        "10:33",
        "10:53",
        "11:13",
        "11:33",
        "11:53",
        "12:13",
        "12:33",
        "12:53",
        "13:13",
        "13:33",
        "13:53",
        "14:13",
        "14:33",
        "14:53",
        "15:13",
        "15:33",
        "15:53",
        "16:13",
        "16:28",
        "16:43",
        "16:58",
        "17:13",
        "17:28",
        "17:46",
        "18:01",
        "18:13",
        "18:28",
        "18:46",
        "18:58",
        "19:13",
        "19:28",
        "19:46",
        "20:01",
        "20:13",
        "20:28",
        "20:43",
        "20:58",
        "21:13",
        "21:33",
        "21:53",
        "22:13",
        "22:33",
        "22:53",
        "23:13"
    ],
    "saturday": [
        "6:37",
        "7:13",
        "7:53",
        "8:13",
        "8:33",
        "8:53",
        "9:13",
        "9:33",
        "9:53",
        "10:13",
        "10:33",
        "10:53",
        "11:13",
        "11:33",
        "11:53",
        "12:13",
        "12:33",
        "12:53",
        "13:13",
        "13:33",
        "13:53",
        "14:13",
        "14:33",
        "14:53",
        "15:13",
        "15:33",
        "15:53",
        "16:13",
        "16:33",
        "16:53",
        "17:13",
        "17:33",
        "17:53",
        "18:13",
        "18:33",
        "18:53",
        "19:13",
        "19:33",
        "19:53",
        "20:13",
        "20:33",
        "20:53",
        "21:13",
        "21:33",
        "21:53",
        "22:13",
        "22:33",
        "22:53"
    ],
    "holiday": [
        "6:37",
        "7:13",
        "7:53",
        "8:13",
        "8:33",
        "8:53",
        "9:13",
        "9:33",
        "9:53",
        "10:13",
        "10:33",
        "10:53",
        "11:13",
        "11:33",
        "11:53",
        "12:13",
        "12:33",
        "12:53",
        "13:13",
        "13:33",
        "13:53",
        "14:13",
        "14:33",
        "14:53",
        "15:13",
        "15:33",
        "15:53",
        "16:13",
        "16:33",
        "16:53",
        "17:13",
        "17:33",
        "17:53",
        "18:13",
        "18:33",
        "18:53",
        "19:13",
        "19:33",
        "19:53",
        "20:13",
        "20:33",
        "20:53",
        "21:13",
        "21:33",
        "21:53",
        "22:13",
        "22:33",
        "22:53"
    ],
    "url": "https://www.kanachu.co.jp/dia/diagram/timetable01_js/course:0000801052-14/node:00127106/kt:0/lname:/"
}
