{
    "date": "2012/09/01",
    "name": "小山(厚木市)",
    "position": "-",
    "system": "愛24",
    "destinations": [
        "及川富士塚",
        "千頭",
        "千頭坂下",
        "古松台入口",
        "六堂辻",
        "白山(厚木市)",
        "八ツ橋",
        "愛名",
        "中愛名",
        "宮地(厚木市)",
        "やまゆり園前(厚木市)",
        "愛名入口",
        "上長谷(厚木市)",
        "毛利台南入口",
        "聖木",
        "大上(厚木市)",
        "愛甲原住宅",
        "上愛甲",
        "愛甲橋",
        "堂山",
        "宮前(厚木市)",
        "愛甲石田駅"
    ],
    "weekday": [
        "5:44",
        "7:04",
        "16:30",
        "18:05"
    ],
    "saturday": [
        "5:44",
        "7:04",
        "16:30",
        "18:05"
    ],
    "holiday": [
        "5:44",
        "7:04",
        "16:30",
        "18:05"
    ],
    "url": "https://www.kanachu.co.jp/dia/diagram/timetable01_js/course:0000801173-5/node:00128676/kt:0/lname:/"
}
