{
    "date": "2012/09/01",
    "name": "白山(厚木市)",
    "position": "-",
    "system": "愛24",
    "destinations": [
        "八ツ橋",
        "愛名",
        "中愛名",
        "宮地(厚木市)",
        "やまゆり園前(厚木市)",
        "愛名入口",
        "上長谷(厚木市)",
        "毛利台南入口",
        "聖木",
        "大上(厚木市)",
        "愛甲原住宅",
        "上愛甲",
        "愛甲橋",
        "堂山",
        "宮前(厚木市)",
        "愛甲石田駅"
    ],
    "weekday": [
        "5:49",
        "7:09",
        "16:35",
        "18:10"
    ],
    "saturday": [
        "5:49",
        "7:09",
        "16:35",
        "18:10"
    ],
    "holiday": [
        "5:49",
        "7:09",
        "16:35",
        "18:10"
    ],
    "url": "https://www.kanachu.co.jp/dia/diagram/timetable01_js/course:0000801173-11/node:00128476/kt:0/lname:/"
}
