{
    "date": "2012/09/01",
    "name": "宮地(厚木市)",
    "position": "-",
    "system": "愛24",
    "destinations": [
        "やまゆり園前(厚木市)",
        "愛名入口",
        "上長谷(厚木市)",
        "毛利台南入口",
        "聖木",
        "大上(厚木市)",
        "愛甲原住宅",
        "上愛甲",
        "愛甲橋",
        "堂山",
        "宮前(厚木市)",
        "愛甲石田駅"
    ],
    "weekday": [
        "5:53",
        "7:13",
        "16:40",
        "18:15"
    ],
    "saturday": [
        "5:53",
        "7:13",
        "16:40",
        "18:15"
    ],
    "holiday": [
        "5:53",
        "7:13",
        "16:40",
        "18:15"
    ],
    "url": "https://www.kanachu.co.jp/dia/diagram/timetable01_js/course:0000801173-15/node:00128514/kt:0/lname:/"
}
