{
    "date": "2012/09/13",
    "name": "愛名入口",
    "position": "-",
    "system": "愛24",
    "destinations": [
        "上長谷(厚木市)",
        "毛利台南入口",
        "聖木",
        "大上(厚木市)",
        "愛甲原住宅",
        "上愛甲",
        "愛甲橋",
        "堂山",
        "宮前(厚木市)",
        "愛甲石田駅"
    ],
    "weekday": [
        "5:55",
        "7:15",
        "16:42",
        "18:17"
    ],
    "saturday": [
        "5:55",
        "7:15",
        "16:42",
        "18:17"
    ],
    "holiday": [
        "5:55",
        "7:15",
        "16:42",
        "18:17"
    ],
    "url": "https://www.kanachu.co.jp/dia/diagram/timetable01_js/course:0000801173-17/node:00128448/kt:0/lname:/"
}
