{
    "date": "2025/03/15",
    "name": "福田三丁目",
    "position": "-",
    "system": "丘01",
    "destinations": [
        "福田四丁目",
        "札の辻(大和市)",
        "千本桜商店街",
        "代官二丁目",
        "代官三丁目",
        "本蓼川",
        "廻り坂",
        "深谷原",
        "鶴ヶ岡",
        "大法寺(綾瀬市)",
        "綾瀬車庫(綾瀬市)"
    ],
    "weekday": [
        "19:17",
        "20:07"
    ],
    "saturday": [
        "18:34"
    ],
    "holiday": [
        "18:34"
    ],
    "url": "https://www.kanachu.co.jp/dia/diagram/timetable01_js/course:0000800916-2/node:00129998/kt:0/lname:/"
}
