{
    "date": "2026/01/16",
    "name": "上谷台",
    "position": "-",
    "system": "長33",
    "destinations": [
        "並塚",
        "上土棚",
        "中川橋",
        "落合(綾瀬市)",
        "上落合(綾瀬市)",
        "大法寺(綾瀬市)",
        "鶴ヶ岡",
        "深谷原",
        "廻り坂",
        "本蓼川",
        "代官三丁目",
        "代官二丁目",
        "千本桜商店街",
        "札の辻(大和市)",
        "福田四丁目",
        "福田三丁目",
        "桜ヶ丘駅西口"
    ],
    "weekday": [
        "7:27",
        "9:02",
        "10:35",
        "12:05",
        "13:35",
        "15:05",
        "16:27",
        "17:27",
        "18:32",
        "19:27"
    ],
    "saturday": [
        "7:22",
        "8:49",
        "10:19",
        "11:49",
        "13:19",
        "14:49",
        "16:19",
        "17:49"
    ],
    "holiday": [
        "7:22",
        "8:49",
        "10:19",
        "11:49",
        "13:19",
        "14:49",
        "16:19",
        "17:49"
    ],
    "url": "https://www.kanachu.co.jp/dia/diagram/timetable01_js/course:0000803974-2/node:00129846/kt:0/lname:/"
}
