{
    "date": "2026/01/16",
    "name": "中川橋",
    "position": "-",
    "system": "長33",
    "destinations": [
        "落合(綾瀬市)",
        "上落合(綾瀬市)",
        "大法寺(綾瀬市)",
        "鶴ヶ岡",
        "深谷原",
        "廻り坂",
        "本蓼川",
        "代官三丁目",
        "代官二丁目",
        "千本桜商店街",
        "札の辻(大和市)",
        "福田四丁目",
        "福田三丁目",
        "桜ヶ丘駅西口"
    ],
    "weekday": [
        "7:31",
        "9:06",
        "10:39",
        "12:09",
        "13:39",
        "15:09",
        "16:31",
        "17:31",
        "18:36",
        "19:31"
    ],
    "saturday": [
        "7:26",
        "8:53",
        "10:23",
        "11:53",
        "13:23",
        "14:53",
        "16:23",
        "17:53"
    ],
    "holiday": [
        "7:26",
        "8:53",
        "10:23",
        "11:53",
        "13:23",
        "14:53",
        "16:23",
        "17:53"
    ],
    "url": "https://www.kanachu.co.jp/dia/diagram/timetable01_js/course:0000803974-5/node:00129849/kt:0/lname:/"
}
