{
    "date": "2026/01/16",
    "name": "大法寺(綾瀬市)",
    "position": "-",
    "system": "長33",
    "destinations": [
        "鶴ヶ岡",
        "深谷原",
        "廻り坂",
        "本蓼川",
        "代官三丁目",
        "代官二丁目",
        "千本桜商店街",
        "札の辻(大和市)",
        "福田四丁目",
        "福田三丁目",
        "桜ヶ丘駅西口"
    ],
    "weekday": [
        "7:35",
        "9:10",
        "10:43",
        "12:13",
        "13:43",
        "15:13",
        "16:35",
        "17:35",
        "18:40",
        "19:35"
    ],
    "saturday": [
        "7:30",
        "8:57",
        "10:27",
        "11:57",
        "13:27",
        "14:57",
        "16:27",
        "17:57"
    ],
    "holiday": [
        "7:30",
        "8:57",
        "10:27",
        "11:57",
        "13:27",
        "14:57",
        "16:27",
        "17:57"
    ],
    "url": "https://www.kanachu.co.jp/dia/diagram/timetable01_js/course:0000803974-8/node:00129851/kt:0/lname:/"
}
