{
    "date": "2026/01/16",
    "name": "鶴ヶ岡",
    "position": "-",
    "system": "長33",
    "destinations": [
        "深谷原",
        "廻り坂",
        "本蓼川",
        "代官三丁目",
        "代官二丁目",
        "千本桜商店街",
        "札の辻(大和市)",
        "福田四丁目",
        "福田三丁目",
        "桜ヶ丘駅西口"
    ],
    "weekday": [
        "7:36",
        "9:11",
        "10:44",
        "12:14",
        "13:44",
        "15:14",
        "16:36",
        "17:36",
        "18:41",
        "19:36"
    ],
    "saturday": [
        "7:31",
        "8:58",
        "10:28",
        "11:58",
        "13:28",
        "14:58",
        "16:28",
        "17:58"
    ],
    "holiday": [
        "7:31",
        "8:58",
        "10:28",
        "11:58",
        "13:28",
        "14:58",
        "16:28",
        "17:58"
    ],
    "url": "https://www.kanachu.co.jp/dia/diagram/timetable01_js/course:0000803974-9/node:00129852/kt:0/lname:/"
}
