{
    "date": "2026/01/16",
    "name": "福田三丁目",
    "position": "-",
    "system": "長33",
    "destinations": [
        "桜ヶ丘駅西口"
    ],
    "weekday": [
        "7:47",
        "9:22",
        "10:55",
        "12:25",
        "13:55",
        "15:25",
        "16:47",
        "17:47",
        "18:52",
        "19:47"
    ],
    "saturday": [
        "7:42",
        "9:09",
        "10:39",
        "12:09",
        "13:39",
        "15:09",
        "16:39",
        "18:09"
    ],
    "holiday": [
        "7:42",
        "9:09",
        "10:39",
        "12:09",
        "13:39",
        "15:09",
        "16:39",
        "18:09"
    ],
    "url": "https://www.kanachu.co.jp/dia/diagram/timetable01_js/course:0000803974-18/node:00129998/kt:0/lname:/"
}
