{
    "system": "長33",
    "busstops": [
        {
            "index": "1",
            "id": "00129812",
            "name": "長後駅西口",
            "lat": "35.412409",
            "lng": "139.464748"
        },
        {
            "index": "2",
            "id": "00129846",
            "name": "上谷台",
            "lat": "35.417758",
            "lng": "139.457977"
        },
        {
            "index": "3",
            "id": "00129847",
            "name": "並塚",
            "lat": "35.419735",
            "lng": "139.451839"
        },
        {
            "index": "4",
            "id": "00129848",
            "name": "上土棚",
            "lat": "35.419906",
            "lng": "139.448641"
        },
        {
            "index": "5",
            "id": "00129849",
            "name": "中川橋",
            "lat": "35.421451",
            "lng": "139.443797"
        },
        {
            "index": "6",
            "id": "00129850",
            "name": "落合(綾瀬市)",
            "lat": "35.423102",
            "lng": "139.439715"
        },
        {
            "index": "7",
            "id": "00129990",
            "name": "上落合(綾瀬市)",
            "lat": "35.4248",
            "lng": "139.438138"
        },
        {
            "index": "8",
            "id": "00129851",
            "name": "大法寺(綾瀬市)",
            "lat": "35.429135",
            "lng": "139.436901"
        },
        {
            "index": "9",
            "id": "00129852",
            "name": "鶴ヶ岡",
            "lat": "35.432768",
            "lng": "139.439489"
        },
        {
            "index": "10",
            "id": "00129853",
            "name": "深谷原",
            "lat": "35.434622",
            "lng": "139.441376"
        },
        {
            "index": "11",
            "id": "00129854",
            "name": "廻り坂",
            "lat": "35.436125",
            "lng": "139.44352"
        },
        {
            "index": "12",
            "id": "00129855",
            "name": "本蓼川",
            "lat": "35.439218",
            "lng": "139.446921"
        },
        {
            "index": "13",
            "id": "00129993",
            "name": "代官三丁目",
            "lat": "35.439958",
            "lng": "139.453169"
        },
        {
            "index": "14",
            "id": "00129994",
            "name": "代官二丁目",
            "lat": "35.440443",
            "lng": "139.456932"
        },
        {
            "index": "15",
            "id": "00129995",
            "name": "千本桜商店街",
            "lat": "35.438621",
            "lng": "139.458777"
        },
        {
            "index": "16",
            "id": "00129996",
            "name": "札の辻(大和市)",
            "lat": "35.437426",
            "lng": "139.461855"
        },
        {
            "index": "17",
            "id": "00129997",
            "name": "福田四丁目",
            "lat": "35.442108",
            "lng": "139.463334"
        },
        {
            "index": "18",
            "id": "00129998",
            "name": "福田三丁目",
            "lat": "35.445457",
            "lng": "139.463855"
        },
        {
            "index": "19",
            "id": "00129624",
            "name": "桜ヶ丘駅西口",
            "lat": "35.450646",
            "lng": "139.465279"
        }
    ],
    "route_url": "https://www.kanachu.co.jp/dia/route/index/cid:0000803974/"
}
