{
    "date": "2026/01/16",
    "name": "秦野駅",
    "position": "-",
    "system": "平71",
    "destinations": [
        "大川橋(秦野市)",
        "上宿通り",
        "片町通り",
        "河原町(秦野市)",
        "室川橋",
        "なでしこ広場前",
        "秦才橋",
        "下大槻",
        "南平橋",
        "欠ノ上",
        "土屋橋",
        "東海大学正門前",
        "青柳(平塚市)",
        "北金目入口",
        "金目駅",
        "南金目",
        "片岡(平塚市)",
        "飯島(平塚市)",
        "平塚支援学校前",
        "水神橋(平塚市)",
        "長持",
        "長瀬(平塚市)",
        "南原土手",
        "南原(平塚市)",
        "向原(平塚市)",
        "江南高校前",
        "追分(平塚市)",
        "営林署前(平塚市)",
        "旭通り(平塚市)",
        "八間通り",
        "平塚文化芸術ホール前",
        "銀座通り(平塚市)",
        "平塚駅北口"
    ],
    "weekday": [
        "5:30",
        "5:47",
        "6:05",
        "6:12",
        "6:18",
        "6:30",
        "7:06",
        "7:16",
        "7:26",
        "7:46",
        "8:00",
        "8:28",
        "9:06",
        "9:38",
        "10:18",
        "10:58",
        "11:38",
        "12:18",
        "12:58",
        "13:28",
        "13:58",
        "14:28",
        "14:57",
        "15:21",
        "15:45",
        "16:07",
        "16:31",
        "17:03",
        "17:27",
        "17:51",
        "18:16",
        "18:48",
        "19:20",
        "19:48",
        "20:21",
        "20:51",
        "21:35",
        "22:37"
    ],
    "saturday": [
        "5:36",
        "5:59",
        "6:38",
        "7:17",
        "7:41",
        "8:07",
        "8:37",
        "9:06",
        "9:42",
        "10:22",
        "11:02",
        "11:42",
        "12:22",
        "13:02",
        "13:42",
        "14:22",
        "15:02",
        "15:42",
        "16:17",
        "16:57",
        "17:37",
        "18:22",
        "19:05",
        "19:49",
        "20:55",
        "22:09"
    ],
    "holiday": [
        "5:36",
        "5:59",
        "6:38",
        "7:17",
        "7:41",
        "8:07",
        "8:37",
        "9:06",
        "9:42",
        "10:22",
        "11:02",
        "11:42",
        "12:22",
        "13:02",
        "13:42",
        "14:22",
        "15:02",
        "15:42",
        "16:17",
        "16:57",
        "17:37",
        "18:22",
        "19:05",
        "19:49",
        "20:55",
        "22:09"
    ],
    "url": "https://www.kanachu.co.jp/dia/diagram/timetable01_js/course:0000804179-1/node:00127715/kt:0/lname:/"
}
