{
    "date": "2026/01/16",
    "name": "室川橋",
    "position": "-",
    "system": "平71",
    "destinations": [
        "なでしこ広場前",
        "秦才橋",
        "下大槻",
        "南平橋",
        "欠ノ上",
        "土屋橋",
        "東海大学正門前",
        "青柳(平塚市)",
        "北金目入口",
        "金目駅",
        "南金目",
        "片岡(平塚市)",
        "飯島(平塚市)",
        "平塚支援学校前",
        "水神橋(平塚市)",
        "長持",
        "長瀬(平塚市)",
        "南原土手",
        "南原(平塚市)",
        "向原(平塚市)",
        "江南高校前",
        "追分(平塚市)",
        "営林署前(平塚市)",
        "旭通り(平塚市)",
        "八間通り",
        "平塚文化芸術ホール前",
        "銀座通り(平塚市)",
        "平塚駅北口"
    ],
    "weekday": [
        "5:36",
        "5:53",
        "6:12",
        "6:19",
        "6:25",
        "6:37",
        "7:13",
        "7:23",
        "7:33",
        "7:53",
        "8:07",
        "8:35",
        "9:13",
        "9:45",
        "10:25",
        "11:05",
        "11:45",
        "12:25",
        "13:05",
        "13:35",
        "14:05",
        "14:35",
        "15:04",
        "15:28",
        "15:52",
        "16:14",
        "16:38",
        "17:10",
        "17:34",
        "17:58",
        "18:23",
        "18:55",
        "19:27",
        "19:55",
        "20:28",
        "20:58",
        "21:42",
        "22:44"
    ],
    "saturday": [
        "5:42",
        "6:05",
        "6:44",
        "7:23",
        "7:47",
        "8:13",
        "8:43",
        "9:13",
        "9:49",
        "10:29",
        "11:09",
        "11:49",
        "12:29",
        "13:09",
        "13:49",
        "14:29",
        "15:09",
        "15:49",
        "16:24",
        "17:04",
        "17:44",
        "18:29",
        "19:12",
        "19:56",
        "21:02",
        "22:16"
    ],
    "holiday": [
        "5:42",
        "6:05",
        "6:44",
        "7:23",
        "7:47",
        "8:13",
        "8:43",
        "9:12",
        "9:48",
        "10:28",
        "11:08",
        "11:48",
        "12:29",
        "13:09",
        "13:49",
        "14:29",
        "15:09",
        "15:49",
        "16:24",
        "17:04",
        "17:44",
        "18:29",
        "19:12",
        "19:56",
        "21:02",
        "22:16"
    ],
    "url": "https://www.kanachu.co.jp/dia/diagram/timetable01_js/course:0000804179-6/node:00127721/kt:0/lname:/"
}
