{
    "date": "2026/01/16",
    "name": "青柳(平塚市)",
    "position": "-",
    "system": "平71",
    "destinations": [
        "北金目入口",
        "金目駅",
        "南金目",
        "片岡(平塚市)",
        "飯島(平塚市)",
        "平塚支援学校前",
        "水神橋(平塚市)",
        "長持",
        "長瀬(平塚市)",
        "南原土手",
        "南原(平塚市)",
        "向原(平塚市)",
        "江南高校前",
        "追分(平塚市)",
        "営林署前(平塚市)",
        "旭通り(平塚市)",
        "八間通り",
        "平塚文化芸術ホール前",
        "銀座通り(平塚市)",
        "平塚駅北口"
    ],
    "weekday": [
        "5:44",
        "6:01",
        "6:21",
        "6:28",
        "6:34",
        "6:46",
        "7:25",
        "7:35",
        "7:45",
        "8:05",
        "8:19",
        "8:47",
        "9:22",
        "9:54",
        "10:34",
        "11:14",
        "11:54",
        "12:34",
        "13:14",
        "13:44",
        "14:14",
        "14:44",
        "15:13",
        "15:37",
        "16:01",
        "16:25",
        "16:49",
        "17:21",
        "17:45",
        "18:09",
        "18:34",
        "19:05",
        "19:35",
        "20:03",
        "20:36",
        "21:06",
        "21:50",
        "22:52"
    ],
    "saturday": [
        "5:51",
        "6:14",
        "6:53",
        "7:32",
        "7:56",
        "8:23",
        "8:53",
        "9:23",
        "9:59",
        "10:39",
        "11:19",
        "11:59",
        "12:39",
        "13:19",
        "13:59",
        "14:39",
        "15:19",
        "15:59",
        "16:33",
        "17:13",
        "17:53",
        "18:38",
        "19:20",
        "20:04",
        "21:10",
        "22:24"
    ],
    "holiday": [
        "5:50",
        "6:13",
        "6:52",
        "7:31",
        "7:55",
        "8:22",
        "8:52",
        "9:21",
        "9:57",
        "10:37",
        "11:17",
        "11:57",
        "12:38",
        "13:18",
        "13:58",
        "14:38",
        "15:18",
        "15:58",
        "16:33",
        "17:13",
        "17:53",
        "18:38",
        "19:21",
        "20:04",
        "21:10",
        "22:24"
    ],
    "url": "https://www.kanachu.co.jp/dia/diagram/timetable01_js/course:0000804179-14/node:00127729/kt:0/lname:/"
}
