{
    "date": "2026/01/16",
    "name": "江南高校前",
    "position": "-",
    "system": "平71",
    "destinations": [
        "追分(平塚市)",
        "営林署前(平塚市)",
        "旭通り(平塚市)",
        "八間通り",
        "平塚文化芸術ホール前",
        "銀座通り(平塚市)",
        "平塚駅北口"
    ],
    "weekday": [
        "6:00",
        "6:17",
        "6:37",
        "6:44",
        "6:50",
        "7:02",
        "7:44",
        "7:54",
        "8:04",
        "8:24",
        "8:38",
        "9:07",
        "9:41",
        "10:13",
        "10:53",
        "11:33",
        "12:13",
        "12:53",
        "13:33",
        "14:03",
        "14:33",
        "15:03",
        "15:32",
        "15:56",
        "16:20",
        "16:44",
        "17:08",
        "17:40",
        "18:04",
        "18:28",
        "18:53",
        "19:20",
        "19:50",
        "20:18",
        "20:51",
        "21:21",
        "22:05",
        "23:07"
    ],
    "saturday": [
        "6:05",
        "6:28",
        "7:07",
        "7:46",
        "8:12",
        "8:40",
        "9:10",
        "9:41",
        "10:17",
        "10:57",
        "11:37",
        "12:17",
        "12:57",
        "13:37",
        "14:17",
        "14:57",
        "15:37",
        "16:20",
        "16:55",
        "17:35",
        "18:13",
        "18:56",
        "19:35",
        "20:19",
        "21:25",
        "22:39"
    ],
    "holiday": [
        "6:05",
        "6:28",
        "7:07",
        "7:46",
        "8:10",
        "8:38",
        "9:08",
        "9:37",
        "10:13",
        "10:53",
        "11:33",
        "12:14",
        "12:55",
        "13:35",
        "14:15",
        "14:55",
        "15:35",
        "16:15",
        "16:50",
        "17:30",
        "18:10",
        "18:55",
        "19:38",
        "20:19",
        "21:25",
        "22:39"
    ],
    "url": "https://www.kanachu.co.jp/dia/diagram/timetable01_js/course:0000804179-27/node:00127557/kt:0/lname:/"
}
