{
    "date": "2025/07/03",
    "name": "幸町(茅ケ崎市)",
    "position": "-",
    "system": "茅38",
    "destinations": [
        "会館前(茅ケ崎市)",
        "東海岸",
        "東海岸南三丁目",
        "茅ヶ崎駅入口",
        "茅ヶ崎公園野球場",
        "市営プール前(茅ケ崎市)",
        "海水浴場前(茅ケ崎市)",
        "西浜(茅ケ崎市)",
        "南湖入口",
        "西浜高校前",
        "団地中央(茅ケ崎市)",
        "浜見平団地",
        "道の駅湘南ちがさき前",
        "柳島スポーツ公園"
    ],
    "weekday": [
        "8:21",
        "9:31",
        "10:43",
        "11:53",
        "13:03",
        "14:13",
        "15:23",
        "16:33",
        "17:43",
        "18:53"
    ],
    "saturday": [
        "8:01",
        "9:13",
        "10:23",
        "11:33",
        "12:43",
        "13:53",
        "15:03",
        "16:13",
        "17:23",
        "18:33"
    ],
    "holiday": [
        "8:01",
        "9:13",
        "10:23",
        "11:33",
        "12:43",
        "13:53",
        "15:03",
        "16:13",
        "17:23",
        "18:33"
    ],
    "url": "https://www.kanachu.co.jp/dia/diagram/timetable01_js/course:0000803825-2/node:00127220/kt:0/lname:/"
}
