{
    "date": "2025/07/03",
    "name": "南湖入口",
    "position": "-",
    "system": "茅38",
    "destinations": [
        "西浜高校前",
        "団地中央(茅ケ崎市)",
        "浜見平団地",
        "道の駅湘南ちがさき前",
        "柳島スポーツ公園"
    ],
    "weekday": [
        "8:28",
        "9:38",
        "10:50",
        "12:00",
        "13:10",
        "14:20",
        "15:30",
        "16:40",
        "17:50",
        "19:00"
    ],
    "saturday": [
        "8:08",
        "9:20",
        "10:30",
        "11:40",
        "12:50",
        "14:00",
        "15:10",
        "16:20",
        "17:30",
        "18:40"
    ],
    "holiday": [
        "8:08",
        "9:20",
        "10:30",
        "11:40",
        "12:50",
        "14:00",
        "15:10",
        "16:20",
        "17:30",
        "18:40"
    ],
    "url": "https://www.kanachu.co.jp/dia/diagram/timetable01_js/course:0000803825-11/node:00127254/kt:0/lname:/"
}
