{
    "system": "藤34",
    "busstops": [
        {
            "index": "1",
            "id": "00129893",
            "name": "湘南台駅西口",
            "lat": "35.396218",
            "lng": "139.466297"
        },
        {
            "index": "2",
            "id": "00129894",
            "name": "湘南台住宅前",
            "lat": "35.392564",
            "lng": "139.464106"
        },
        {
            "index": "3",
            "id": "00129956",
            "name": "桐ヶ谷(藤沢市)",
            "lat": "35.390264",
            "lng": "139.459887"
        },
        {
            "index": "4",
            "id": "00129927",
            "name": "桐原公園前",
            "lat": "35.388314",
            "lng": "139.453154"
        },
        {
            "index": "5",
            "id": "00129928",
            "name": "一色上",
            "lat": "35.386831",
            "lng": "139.448088"
        },
        {
            "index": "6",
            "id": "00129931",
            "name": "東京ラヂエーター前",
            "lat": "35.384628",
            "lng": "139.448183"
        },
        {
            "index": "7",
            "id": "00129932",
            "name": "プレス工業前(藤沢市)",
            "lat": "35.382398",
            "lng": "139.449371"
        },
        {
            "index": "8",
            "id": "00129933",
            "name": "石川(藤沢市)",
            "lat": "35.376898",
            "lng": "139.452255"
        },
        {
            "index": "9",
            "id": "00127062",
            "name": "石川橋",
            "lat": "35.374639",
            "lng": "139.453205"
        },
        {
            "index": "10",
            "id": "00127061",
            "name": "五反田(藤沢市)",
            "lat": "35.370333",
            "lng": "139.452572"
        },
        {
            "index": "11",
            "id": "00127060",
            "name": "北の谷",
            "lat": "35.367627",
            "lng": "139.452826"
        },
        {
            "index": "12",
            "id": "00127059",
            "name": "弁天前(藤沢市)",
            "lat": "35.364764",
            "lng": "139.454002"
        },
        {
            "index": "13",
            "id": "00127058",
            "name": "天神社前",
            "lat": "35.362137",
            "lng": "139.454516"
        },
        {
            "index": "14",
            "id": "00127057",
            "name": "舟地蔵",
            "lat": "35.358663",
            "lng": "139.453182"
        },
        {
            "index": "15",
            "id": "00127056",
            "name": "大六天(藤沢市)",
            "lat": "35.354066",
            "lng": "139.454343"
        },
        {
            "index": "16",
            "id": "00127055",
            "name": "明治小学校前",
            "lat": "35.349103",
            "lng": "139.459201"
        },
        {
            "index": "17",
            "id": "00127054",
            "name": "羽鳥(藤沢市)",
            "lat": "35.347252",
            "lng": "139.461438"
        },
        {
            "index": "18",
            "id": "00127053",
            "name": "メルシャン前",
            "lat": "35.346547",
            "lng": "139.463538"
        },
        {
            "index": "19",
            "id": "00127052",
            "name": "引地橋",
            "lat": "35.347519",
            "lng": "139.467788"
        },
        {
            "index": "20",
            "id": "00127051",
            "name": "一中入口(藤沢市)",
            "lat": "35.347202",
            "lng": "139.469854"
        },
        {
            "index": "21",
            "id": "00127050",
            "name": "湘南高校前",
            "lat": "35.346677",
            "lng": "139.4731"
        },
        {
            "index": "22",
            "id": "00127049",
            "name": "台町(藤沢市)",
            "lat": "35.347419",
            "lng": "139.476887"
        },
        {
            "index": "23",
            "id": "00127012",
            "name": "白旗交差点",
            "lat": "35.347414",
            "lng": "139.478581"
        },
        {
            "index": "24",
            "id": "00127109",
            "name": "本町小学校前(藤沢市)",
            "lat": "35.345294",
            "lng": "139.479986"
        },
        {
            "index": "25",
            "id": "00127110",
            "name": "南仲通り二丁目",
            "lat": "35.343964",
            "lng": "139.481279"
        },
        {
            "index": "26",
            "id": "00126973",
            "name": "南仲通り",
            "lat": "35.341886",
            "lng": "139.48157"
        },
        {
            "index": "27",
            "id": "00126972",
            "name": "相生町(藤沢市)",
            "lat": "35.340664",
            "lng": "139.481523"
        },
        {
            "index": "28",
            "id": "00126971",
            "name": "三富士町",
            "lat": "35.339451",
            "lng": "139.484576"
        },
        {
            "index": "29",
            "id": "00126970",
            "name": "藤沢駅北口",
            "lat": "35.339374",
            "lng": "139.488059"
        }
    ],
    "route_url": "https://www.kanachu.co.jp/dia/route/index/cid:0000800735/"
}
