{
    "date": "2025/07/27",
    "name": "中村原",
    "position": "-",
    "system": "二30",
    "destinations": [
        "下原(小田原市)",
        "橘中学校入口(小田原市)",
        "押切(中郡二宮町)",
        "押切坂上",
        "山西(中郡二宮町)",
        "吾妻神社前(中郡二宮町)",
        "梅沢(中郡二宮町)",
        "藤田電機前(中郡二宮町)",
        "二宮駅南口"
    ],
    "weekday": [
        "5:51",
        "6:16",
        "6:31",
        "6:46",
        "7:01",
        "7:13",
        "7:25",
        "7:37",
        "7:51",
        "8:06",
        "8:18",
        "8:40",
        "9:03",
        "9:30",
        "10:03",
        "10:30",
        "11:00",
        "11:30",
        "12:01",
        "12:30",
        "13:00",
        "13:30",
        "14:00",
        "14:30",
        "15:00",
        "15:30",
        "16:00",
        "16:30",
        "17:00",
        "20:28"
    ],
    "saturday": [
        "5:56",
        "6:36",
        "7:06",
        "7:36",
        "8:06",
        "8:31",
        "9:01",
        "9:36",
        "10:06",
        "10:36",
        "11:09",
        "11:36",
        "12:09",
        "12:36",
        "13:09",
        "13:36",
        "14:09",
        "14:36",
        "15:09",
        "15:40",
        "16:09",
        "16:40",
        "17:11",
        "17:39",
        "18:06",
        "18:40",
        "19:06",
        "20:11"
    ],
    "holiday": [
        "5:56",
        "6:36",
        "7:06",
        "7:36",
        "8:06",
        "8:31",
        "9:01",
        "9:36",
        "10:06",
        "10:36",
        "11:09",
        "11:36",
        "12:09",
        "12:36",
        "13:09",
        "13:36",
        "14:09",
        "14:36",
        "15:09",
        "15:40",
        "16:09",
        "16:40",
        "17:11",
        "17:39",
        "18:06",
        "18:40",
        "19:06",
        "20:11"
    ],
    "url": "https://www.kanachu.co.jp/dia/diagram/timetable01_js/course:0000803783-17/node:00127979/kt:0/lname:/"
}
