{
    "date": "2025/07/27",
    "name": "押切坂上",
    "position": "-",
    "system": "二30",
    "destinations": [
        "山西(中郡二宮町)",
        "吾妻神社前(中郡二宮町)",
        "梅沢(中郡二宮町)",
        "藤田電機前(中郡二宮町)",
        "二宮駅南口"
    ],
    "weekday": [
        "5:55",
        "6:20",
        "6:35",
        "6:50",
        "7:05",
        "7:17",
        "7:29",
        "7:41",
        "7:55",
        "8:10",
        "8:22",
        "8:44",
        "9:07",
        "9:34",
        "10:07",
        "10:34",
        "11:04",
        "11:34",
        "12:05",
        "12:34",
        "13:04",
        "13:34",
        "14:04",
        "14:34",
        "15:04",
        "15:34",
        "16:04",
        "16:34",
        "17:04",
        "20:32"
    ],
    "saturday": [
        "6:00",
        "6:40",
        "7:10",
        "7:40",
        "8:10",
        "8:35",
        "9:05",
        "9:40",
        "10:10",
        "10:40",
        "11:13",
        "11:40",
        "12:13",
        "12:40",
        "13:13",
        "13:40",
        "14:13",
        "14:40",
        "15:13",
        "15:44",
        "16:13",
        "16:44",
        "17:15",
        "17:43",
        "18:10",
        "18:44",
        "19:10",
        "20:15"
    ],
    "holiday": [
        "6:00",
        "6:40",
        "7:10",
        "7:40",
        "8:10",
        "8:35",
        "9:05",
        "9:40",
        "10:10",
        "10:40",
        "11:13",
        "11:40",
        "12:13",
        "12:40",
        "13:13",
        "13:40",
        "14:13",
        "14:40",
        "15:13",
        "15:44",
        "16:13",
        "16:44",
        "17:15",
        "17:43",
        "18:10",
        "18:44",
        "19:10",
        "20:15"
    ],
    "url": "https://www.kanachu.co.jp/dia/diagram/timetable01_js/course:0000803783-21/node:00127494/kt:0/lname:/"
}
