{
    "date": "2025/07/27",
    "name": "山西(中郡二宮町)",
    "position": "-",
    "system": "二30",
    "destinations": [
        "吾妻神社前(中郡二宮町)",
        "梅沢(中郡二宮町)",
        "藤田電機前(中郡二宮町)",
        "二宮駅南口"
    ],
    "weekday": [
        "5:57",
        "6:22",
        "6:37",
        "6:52",
        "7:07",
        "7:19",
        "7:31",
        "7:43",
        "7:57",
        "8:12",
        "8:24",
        "8:46",
        "9:09",
        "9:36",
        "10:09",
        "10:36",
        "11:06",
        "11:36",
        "12:07",
        "12:36",
        "13:06",
        "13:36",
        "14:06",
        "14:36",
        "15:06",
        "15:36",
        "16:06",
        "16:36",
        "17:06",
        "20:34"
    ],
    "saturday": [
        "6:02",
        "6:42",
        "7:12",
        "7:42",
        "8:12",
        "8:37",
        "9:07",
        "9:42",
        "10:12",
        "10:42",
        "11:15",
        "11:42",
        "12:15",
        "12:42",
        "13:15",
        "13:42",
        "14:15",
        "14:42",
        "15:15",
        "15:46",
        "16:15",
        "16:46",
        "17:17",
        "17:45",
        "18:12",
        "18:46",
        "19:12",
        "20:17"
    ],
    "holiday": [
        "6:02",
        "6:42",
        "7:12",
        "7:42",
        "8:12",
        "8:37",
        "9:07",
        "9:42",
        "10:12",
        "10:42",
        "11:15",
        "11:42",
        "12:15",
        "12:42",
        "13:15",
        "13:42",
        "14:15",
        "14:42",
        "15:15",
        "15:46",
        "16:15",
        "16:46",
        "17:17",
        "17:45",
        "18:12",
        "18:46",
        "19:12",
        "20:17"
    ],
    "url": "https://www.kanachu.co.jp/dia/diagram/timetable01_js/course:0000803783-22/node:00127493/kt:0/lname:/"
}
