{
    "date": "2025/07/12",
    "name": "城南一丁目",
    "position": "-",
    "system": "辻07",
    "destinations": [
        "羽鳥一丁目",
        "神台公園前",
        "辻堂駅北口"
    ],
    "weekday": [
        "6:00",
        "6:30",
        "6:50",
        "7:05",
        "7:25",
        "7:45",
        "8:05",
        "8:30",
        "8:53",
        "9:28",
        "10:05",
        "10:45",
        "11:27",
        "12:05",
        "12:45",
        "13:25",
        "14:09",
        "14:47",
        "15:34",
        "16:19",
        "16:47",
        "17:32",
        "18:17",
        "18:40",
        "19:20",
        "20:00",
        "20:40"
    ],
    "saturday": [],
    "holiday": [],
    "url": "https://www.kanachu.co.jp/dia/diagram/timetable01_js/course:0000800468-7/node:00129936/kt:0/lname:/"
}
