{
    "date": "2025/07/12",
    "name": "善行二丁目坂上",
    "position": "-",
    "system": "善06",
    "destinations": [
        "団地入口(藤沢市)",
        "マーケット前",
        "善行団地",
        "善行団地西",
        "善行坂北",
        "善行坂南",
        "茅山(藤沢市)",
        "善行二丁目",
        "善行駅"
    ],
    "weekday": [
        "13:42",
        "14:30",
        "15:18",
        "16:00",
        "16:30",
        "16:54",
        "17:06",
        "17:30",
        "17:54",
        "18:06",
        "18:30",
        "18:56",
        "19:06",
        "19:30",
        "19:56",
        "20:06",
        "20:32",
        "20:54",
        "21:14",
        "21:34",
        "21:54",
        "22:14"
    ],
    "saturday": [
        "13:42",
        "14:30",
        "15:18",
        "16:00",
        "16:30",
        "16:54",
        "17:06",
        "17:30",
        "17:54",
        "18:06",
        "18:30",
        "18:56",
        "19:06",
        "19:30",
        "19:56",
        "20:06",
        "20:32",
        "20:54",
        "21:14",
        "21:34",
        "21:54"
    ],
    "holiday": [
        "13:42",
        "14:30",
        "15:18",
        "16:00",
        "16:30",
        "16:54",
        "17:06",
        "17:30",
        "17:54",
        "18:06",
        "18:30",
        "18:56",
        "19:06",
        "19:30",
        "19:56",
        "20:06",
        "20:32",
        "20:54",
        "21:14",
        "21:34",
        "21:54"
    ],
    "url": "https://www.kanachu.co.jp/dia/diagram/timetable01_js/course:0000801709-2/node:00130304/kt:0/lname:/"
}
