{
    "date": "2024/04/01",
    "name": "羽根入口",
    "position": "-",
    "system": "秦53",
    "destinations": [
        "田原入口",
        "高砂(秦野市)",
        "高砂車庫前"
    ],
    "weekday": [
        "22:54"
    ],
    "saturday": [
        "21:52",
        "22:33"
    ],
    "holiday": [
        "21:52",
        "22:33"
    ],
    "url": "https://www.kanachu.co.jp/dia/diagram/timetable01_js/course:0000803537-18/node:00127883/kt:0/lname:/"
}
