{
    "date": "2025/03/15",
    "name": "茅ヶ崎駅南口",
    "position": "-",
    "system": "茅09",
    "destinations": [
        "幸町(茅ケ崎市)",
        "会館前(茅ケ崎市)",
        "東海岸",
        "東海岸南三丁目",
        "茅ヶ崎駅入口",
        "ヘッドランド入口",
        "第一中学校前(茅ケ崎市)",
        "駐在所前(茅ケ崎市)",
        "石神下(茅ケ崎市)",
        "東海岸北三丁目",
        "東原(茅ケ崎市)",
        "徳洲会病院前(茅ケ崎市)",
        "茅ヶ崎駅南口"
    ],
    "weekday": [
        "6:15",
        "6:40",
        "7:05",
        "7:25",
        "7:45",
        "8:15",
        "8:45",
        "9:15",
        "9:45",
        "10:15",
        "10:45",
        "11:15",
        "11:45",
        "12:15",
        "12:45",
        "13:15",
        "13:45",
        "14:15",
        "14:45",
        "15:15",
        "15:45",
        "16:15",
        "16:45",
        "17:15",
        "17:45",
        "18:15",
        "18:45",
        "19:15",
        "19:45",
        "20:15",
        "20:45"
    ],
    "saturday": [
        "7:45",
        "8:15",
        "8:45",
        "9:15",
        "9:45",
        "10:15",
        "10:45",
        "11:15",
        "11:45",
        "12:15",
        "12:45",
        "13:15",
        "13:45",
        "14:15",
        "14:45",
        "15:15",
        "15:45",
        "16:15",
        "16:45",
        "17:15",
        "17:45",
        "18:15",
        "18:45",
        "19:15",
        "19:45"
    ],
    "holiday": [
        "7:45",
        "8:15",
        "8:45",
        "9:15",
        "9:45",
        "10:15",
        "10:45",
        "11:15",
        "11:45",
        "12:15",
        "12:45",
        "13:15",
        "13:45",
        "14:15",
        "14:45",
        "15:15",
        "15:45",
        "16:15",
        "16:45",
        "17:15",
        "17:45",
        "18:15",
        "18:45",
        "19:15",
        "19:45"
    ],
    "url": "https://www.kanachu.co.jp/dia/diagram/timetable01_js/course:0000802168-1/node:00127219/kt:0/lname:/"
}
