{
    "date": "2025/03/15",
    "name": "東海岸北三丁目",
    "position": "-",
    "system": "茅09",
    "destinations": [
        "東原(茅ケ崎市)",
        "徳洲会病院前(茅ケ崎市)",
        "茅ヶ崎駅南口"
    ],
    "weekday": [
        "6:24",
        "6:49",
        "7:14",
        "7:34",
        "7:54",
        "8:24",
        "8:54",
        "9:24",
        "9:54",
        "10:24",
        "10:54",
        "11:24",
        "11:54",
        "12:24",
        "12:54",
        "13:24",
        "13:54",
        "14:24",
        "14:54",
        "15:24",
        "15:54",
        "16:24",
        "16:54",
        "17:24",
        "17:54",
        "18:24",
        "18:54",
        "19:24",
        "19:54",
        "20:24",
        "20:54"
    ],
    "saturday": [
        "7:54",
        "8:24",
        "8:54",
        "9:24",
        "9:54",
        "10:24",
        "10:54",
        "11:24",
        "11:54",
        "12:24",
        "12:54",
        "13:24",
        "13:54",
        "14:24",
        "14:54",
        "15:24",
        "15:54",
        "16:24",
        "16:54",
        "17:24",
        "17:54",
        "18:24",
        "18:54",
        "19:24",
        "19:54"
    ],
    "holiday": [
        "7:54",
        "8:24",
        "8:54",
        "9:24",
        "9:54",
        "10:24",
        "10:54",
        "11:24",
        "11:54",
        "12:24",
        "12:54",
        "13:24",
        "13:54",
        "14:24",
        "14:54",
        "15:24",
        "15:54",
        "16:24",
        "16:54",
        "17:24",
        "17:54",
        "18:24",
        "18:54",
        "19:24",
        "19:54"
    ],
    "url": "https://www.kanachu.co.jp/dia/diagram/timetable01_js/course:0000802168-11/node:00127279/kt:0/lname:/"
}
