{
    "date": "2025/03/15",
    "name": "徳洲会病院前(茅ケ崎市)",
    "position": "-",
    "system": "茅09",
    "destinations": [
        "茅ヶ崎駅南口"
    ],
    "weekday": [
        "6:25",
        "6:50",
        "7:15",
        "7:35",
        "7:55",
        "8:25",
        "8:55",
        "9:25",
        "9:55",
        "10:25",
        "10:55",
        "11:25",
        "11:55",
        "12:25",
        "12:55",
        "13:25",
        "13:55",
        "14:25",
        "14:55",
        "15:25",
        "15:55",
        "16:25",
        "16:55",
        "17:25",
        "17:55",
        "18:25",
        "18:55",
        "19:25",
        "19:55",
        "20:25",
        "20:55"
    ],
    "saturday": [
        "7:55",
        "8:25",
        "8:55",
        "9:25",
        "9:55",
        "10:25",
        "10:55",
        "11:25",
        "11:55",
        "12:25",
        "12:55",
        "13:25",
        "13:55",
        "14:25",
        "14:55",
        "15:25",
        "15:55",
        "16:25",
        "16:55",
        "17:25",
        "17:55",
        "18:25",
        "18:55",
        "19:25",
        "19:55"
    ],
    "holiday": [
        "7:55",
        "8:25",
        "8:55",
        "9:25",
        "9:55",
        "10:25",
        "10:55",
        "11:25",
        "11:55",
        "12:25",
        "12:55",
        "13:25",
        "13:55",
        "14:25",
        "14:55",
        "15:25",
        "15:55",
        "16:25",
        "16:55",
        "17:25",
        "17:55",
        "18:25",
        "18:55",
        "19:25",
        "19:55"
    ],
    "url": "https://www.kanachu.co.jp/dia/diagram/timetable01_js/course:0000802168-13/node:00127242/kt:0/lname:/"
}
