{
    "date": "2022/09/08",
    "name": "厚木西高校",
    "position": "-",
    "system": "愛17",
    "destinations": [
        "森の里青山",
        "日産先進技術開発センター",
        "日産先進技術開発センター前",
        "通信研究所前(厚木市)",
        "若宮橋(厚木市)",
        "榎田",
        "小野橋(厚木市)",
        "小野宮前",
        "広町橋",
        "籠堰橋",
        "聖木",
        "愛甲郵便局前",
        "上愛甲",
        "愛甲橋",
        "堂山",
        "宮前(厚木市)",
        "愛甲石田駅"
    ],
    "weekday": [
        "12:27",
        "12:57",
        "13:27",
        "13:57",
        "14:27",
        "14:57",
        "15:27",
        "15:52",
        "15:57",
        "16:27",
        "16:57",
        "17:17",
        "17:37",
        "18:07",
        "18:37",
        "19:12",
        "19:37",
        "20:07",
        "20:42",
        "21:02",
        "21:22",
        "21:42",
        "22:12",
        "22:42"
    ],
    "saturday": [],
    "holiday": [],
    "url": "https://www.kanachu.co.jp/dia/diagram/timetable01_js/course:0000803035-4/node:00128663/kt:0/lname:/"
}
