{
    "date": "2022/09/08",
    "name": "榎田",
    "position": "-",
    "system": "愛17",
    "destinations": [
        "小野橋(厚木市)",
        "小野宮前",
        "広町橋",
        "籠堰橋",
        "聖木",
        "愛甲郵便局前",
        "上愛甲",
        "愛甲橋",
        "堂山",
        "宮前(厚木市)",
        "愛甲石田駅"
    ],
    "weekday": [
        "12:33",
        "13:03",
        "13:33",
        "14:03",
        "14:33",
        "15:03",
        "15:33",
        "15:58",
        "16:03",
        "16:33",
        "17:03",
        "17:23",
        "17:43",
        "18:13",
        "18:43",
        "19:18",
        "19:43",
        "20:13",
        "20:48",
        "21:08",
        "21:28",
        "21:48",
        "22:18",
        "22:48"
    ],
    "saturday": [],
    "holiday": [],
    "url": "https://www.kanachu.co.jp/dia/diagram/timetable01_js/course:0000803035-10/node:00128517/kt:0/lname:/"
}
