{
    "date": "2018/08/01",
    "name": "保土ヶ谷橋",
    "position": "-",
    "system": "",
    "destinations": [
        "北永田",
        "南太田四丁目",
        "井土ヶ谷駅前",
        "井土ヶ谷",
        "井土ヶ谷下町",
        "蒔田中学校前(横浜市南区)",
        "蒔田駅前",
        "榎町二丁目",
        "堀の内町",
        "東蒔田町",
        "中村橋(横浜市南区)",
        "山谷(横浜市南区)",
        "増徳院前",
        "中丸(横浜市南区)",
        "平楽中学校前",
        "唐沢(横浜市南区)",
        "石川小学校前(横浜市南区)",
        "打越橋",
        "地蔵坂上(横浜市中区)",
        "イタリア山庭園前",
        "山手町(横浜市中区)",
        "代官坂上",
        "元町公園前",
        "港の見える丘公園前",
        "元町入口",
        "山下町(横浜市中区)",
        "中華街入口",
        "芸術劇場・NHK前",
        "日本大通り駅県庁前",
        "本町一丁目(横浜市中区)",
        "本町四丁目(横浜市中区)",
        "横浜市役所前",
        "桜木町駅前"
    ],
    "weekday": [
        "5:45",
        "6:03",
        "6:19",
        "6:32",
        "6:45",
        "7:01",
        "7:16",
        "7:31",
        "7:46",
        "8:01",
        "8:21",
        "8:46",
        "9:23",
        "9:39",
        "10:04",
        "10:29",
        "10:54",
        "11:16",
        "11:48",
        "12:09",
        "12:34",
        "13:04",
        "13:26",
        "13:54",
        "14:26",
        "14:56",
        "15:26",
        "15:56",
        "16:17",
        "16:34",
        "16:50",
        "17:06",
        "17:27",
        "17:51",
        "18:18",
        "18:38",
        "19:03",
        "19:31",
        "20:00",
        "20:27",
        "20:55"
    ],
    "saturday": [
        "5:51",
        "6:10",
        "6:31",
        "7:01",
        "7:31",
        "8:01",
        "8:31",
        "9:01",
        "9:21",
        "9:41",
        "10:01",
        "10:21",
        "10:41",
        "11:11",
        "11:41",
        "12:11",
        "12:41",
        "13:11",
        "13:41",
        "14:11",
        "14:41",
        "15:11",
        "15:41",
        "16:11",
        "16:41",
        "17:11",
        "17:41",
        "18:11",
        "18:41",
        "19:11",
        "19:33",
        "20:12",
        "20:55"
    ],
    "holiday": [
        "5:51",
        "6:10",
        "6:31",
        "7:01",
        "7:31",
        "8:01",
        "8:31",
        "9:01",
        "9:21",
        "9:41",
        "10:01",
        "10:21",
        "10:41",
        "11:11",
        "11:41",
        "12:11",
        "12:41",
        "13:11",
        "13:41",
        "14:11",
        "14:41",
        "15:11",
        "15:41",
        "16:11",
        "16:41",
        "17:11",
        "17:41",
        "18:11",
        "18:41",
        "19:11",
        "19:33",
        "20:12",
        "20:55"
    ],
    "url": "https://www.kanachu.co.jp/dia/diagram/timetable01_js/course:0000803210-2/node:00103042/kt:0/lname:/"
}
