{
    "date": "2018/08/01",
    "name": "北永田",
    "position": "-",
    "system": "",
    "destinations": [
        "南太田四丁目",
        "井土ヶ谷駅前",
        "井土ヶ谷",
        "井土ヶ谷下町",
        "蒔田中学校前(横浜市南区)",
        "蒔田駅前",
        "榎町二丁目",
        "堀の内町",
        "東蒔田町",
        "中村橋(横浜市南区)",
        "山谷(横浜市南区)",
        "増徳院前",
        "中丸(横浜市南区)",
        "平楽中学校前",
        "唐沢(横浜市南区)",
        "石川小学校前(横浜市南区)",
        "打越橋",
        "地蔵坂上(横浜市中区)",
        "イタリア山庭園前",
        "山手町(横浜市中区)",
        "代官坂上",
        "元町公園前",
        "港の見える丘公園前",
        "元町入口",
        "山下町(横浜市中区)",
        "中華街入口",
        "芸術劇場・NHK前",
        "日本大通り駅県庁前",
        "本町一丁目(横浜市中区)",
        "本町四丁目(横浜市中区)",
        "横浜市役所前",
        "桜木町駅前"
    ],
    "weekday": [
        "5:47",
        "6:05",
        "6:21",
        "6:34",
        "6:47",
        "7:03",
        "7:18",
        "7:33",
        "7:48",
        "8:03",
        "8:23",
        "8:48",
        "9:25",
        "9:41",
        "10:06",
        "10:31",
        "10:56",
        "11:18",
        "11:50",
        "12:11",
        "12:36",
        "13:06",
        "13:28",
        "13:56",
        "14:28",
        "14:58",
        "15:28",
        "15:58",
        "16:19",
        "16:36",
        "16:52",
        "17:08",
        "17:29",
        "17:53",
        "18:20",
        "18:40",
        "19:05",
        "19:33",
        "20:02",
        "20:29",
        "20:57"
    ],
    "saturday": [
        "5:53",
        "6:12",
        "6:33",
        "7:03",
        "7:33",
        "8:03",
        "8:33",
        "9:03",
        "9:23",
        "9:43",
        "10:03",
        "10:23",
        "10:43",
        "11:13",
        "11:43",
        "12:13",
        "12:43",
        "13:13",
        "13:43",
        "14:13",
        "14:43",
        "15:13",
        "15:43",
        "16:13",
        "16:43",
        "17:13",
        "17:43",
        "18:13",
        "18:43",
        "19:13",
        "19:35",
        "20:14",
        "20:57"
    ],
    "holiday": [
        "5:53",
        "6:12",
        "6:33",
        "7:03",
        "7:33",
        "8:03",
        "8:33",
        "9:03",
        "9:23",
        "9:43",
        "10:03",
        "10:23",
        "10:43",
        "11:13",
        "11:43",
        "12:13",
        "12:43",
        "13:13",
        "13:43",
        "14:13",
        "14:43",
        "15:13",
        "15:43",
        "16:13",
        "16:43",
        "17:13",
        "17:43",
        "18:13",
        "18:43",
        "19:13",
        "19:35",
        "20:14",
        "20:57"
    ],
    "url": "https://www.kanachu.co.jp/dia/diagram/timetable01_js/course:0000803210-3/node:00102432/kt:0/lname:/"
}
