{
    "date": "2018/08/01",
    "name": "井土ヶ谷下町",
    "position": "-",
    "system": "11",
    "destinations": [
        "蒔田中学校前(横浜市南区)",
        "蒔田駅前",
        "榎町二丁目",
        "堀の内町",
        "東蒔田町",
        "中村橋(横浜市南区)",
        "山谷(横浜市南区)",
        "増徳院前",
        "中丸(横浜市南区)",
        "平楽中学校前",
        "唐沢(横浜市南区)",
        "石川小学校前(横浜市南区)",
        "打越橋",
        "地蔵坂上(横浜市中区)",
        "イタリア山庭園前",
        "山手町(横浜市中区)",
        "代官坂上",
        "元町公園前",
        "港の見える丘公園前",
        "元町入口",
        "山下町(横浜市中区)",
        "中華街入口",
        "芸術劇場・NHK前",
        "日本大通り駅県庁前",
        "本町一丁目(横浜市中区)",
        "本町四丁目(横浜市中区)",
        "横浜市役所前",
        "桜木町駅前"
    ],
    "weekday": [
        "5:53",
        "6:11",
        "6:27",
        "6:40",
        "6:53",
        "7:09",
        "7:24",
        "7:39",
        "7:54",
        "8:09",
        "8:29",
        "8:54",
        "9:31",
        "9:47",
        "10:12",
        "10:37",
        "11:02",
        "11:24",
        "11:56",
        "12:17",
        "12:42",
        "13:12",
        "13:34",
        "14:02",
        "14:34",
        "15:04",
        "15:34",
        "16:04",
        "16:25",
        "16:42",
        "16:58",
        "17:14",
        "17:35",
        "17:59",
        "18:26",
        "18:46",
        "19:11",
        "19:39",
        "20:08",
        "20:35",
        "21:03"
    ],
    "saturday": [
        "5:59",
        "6:18",
        "6:39",
        "7:09",
        "7:39",
        "8:09",
        "8:39",
        "9:09",
        "9:29",
        "9:49",
        "10:09",
        "10:29",
        "10:49",
        "11:19",
        "11:49",
        "12:19",
        "12:49",
        "13:19",
        "13:49",
        "14:19",
        "14:49",
        "15:19",
        "15:49",
        "16:19",
        "16:49",
        "17:19",
        "17:49",
        "18:19",
        "18:49",
        "19:19",
        "19:41",
        "20:20",
        "21:03"
    ],
    "holiday": [
        "5:59",
        "6:18",
        "6:39",
        "7:09",
        "7:39",
        "8:09",
        "8:39",
        "9:09",
        "9:29",
        "9:49",
        "10:09",
        "10:29",
        "10:49",
        "11:19",
        "11:49",
        "12:19",
        "12:49",
        "13:19",
        "13:49",
        "14:19",
        "14:49",
        "15:19",
        "15:49",
        "16:19",
        "16:49",
        "17:19",
        "17:49",
        "18:19",
        "18:49",
        "19:19",
        "19:41",
        "20:20",
        "21:03"
    ],
    "url": "https://www.kanachu.co.jp/dia/diagram/timetable01_js/course:0000803210-7/node:00102234/kt:0/lname:/"
}
