{
    "date": "2018/08/01",
    "name": "山谷(横浜市南区)",
    "position": "-",
    "system": "",
    "destinations": [
        "増徳院前",
        "中丸(横浜市南区)",
        "平楽中学校前",
        "唐沢(横浜市南区)",
        "石川小学校前(横浜市南区)",
        "打越橋",
        "地蔵坂上(横浜市中区)",
        "イタリア山庭園前",
        "山手町(横浜市中区)",
        "代官坂上",
        "元町公園前",
        "港の見える丘公園前",
        "元町入口",
        "山下町(横浜市中区)",
        "中華街入口",
        "芸術劇場・NHK前",
        "日本大通り駅県庁前",
        "本町一丁目(横浜市中区)",
        "本町四丁目(横浜市中区)",
        "横浜市役所前",
        "桜木町駅前"
    ],
    "weekday": [
        "6:05",
        "6:23",
        "6:39",
        "6:52",
        "7:05",
        "7:22",
        "7:37",
        "7:52",
        "8:07",
        "8:22",
        "8:42",
        "9:07",
        "9:44",
        "10:00",
        "10:25",
        "10:50",
        "11:15",
        "11:37",
        "12:09",
        "12:30",
        "12:55",
        "13:25",
        "13:47",
        "14:15",
        "14:47",
        "15:17",
        "15:47",
        "16:17",
        "16:38",
        "16:55",
        "17:11",
        "17:27",
        "17:48",
        "18:12",
        "18:39",
        "18:59",
        "19:24",
        "19:52",
        "20:20",
        "20:47",
        "21:15"
    ],
    "saturday": [
        "6:11",
        "6:30",
        "6:51",
        "7:22",
        "7:52",
        "8:22",
        "8:52",
        "9:22",
        "9:42",
        "10:02",
        "10:22",
        "10:42",
        "11:02",
        "11:32",
        "12:02",
        "12:32",
        "13:02",
        "13:32",
        "14:02",
        "14:32",
        "15:02",
        "15:32",
        "16:02",
        "16:32",
        "17:02",
        "17:32",
        "18:02",
        "18:32",
        "19:02",
        "19:32",
        "19:54",
        "20:32",
        "21:15"
    ],
    "holiday": [
        "6:11",
        "6:30",
        "6:51",
        "7:21",
        "7:51",
        "8:22",
        "8:52",
        "9:22",
        "9:42",
        "10:02",
        "10:22",
        "10:42",
        "11:02",
        "11:32",
        "12:02",
        "12:32",
        "13:02",
        "13:32",
        "14:02",
        "14:32",
        "15:02",
        "15:32",
        "16:02",
        "16:32",
        "17:02",
        "17:32",
        "18:02",
        "18:32",
        "19:02",
        "19:32",
        "19:54",
        "20:32",
        "21:15"
    ],
    "url": "https://www.kanachu.co.jp/dia/diagram/timetable01_js/course:0000803210-14/node:00126749/kt:0/lname:/"
}
