{
    "date": "2018/08/01",
    "name": "増徳院前",
    "position": "-",
    "system": "",
    "destinations": [
        "中丸(横浜市南区)",
        "平楽中学校前",
        "唐沢(横浜市南区)",
        "石川小学校前(横浜市南区)",
        "打越橋",
        "地蔵坂上(横浜市中区)",
        "イタリア山庭園前",
        "山手町(横浜市中区)",
        "代官坂上",
        "元町公園前",
        "港の見える丘公園前",
        "元町入口",
        "山下町(横浜市中区)",
        "中華街入口",
        "芸術劇場・NHK前",
        "日本大通り駅県庁前",
        "本町一丁目(横浜市中区)",
        "本町四丁目(横浜市中区)",
        "横浜市役所前",
        "桜木町駅前"
    ],
    "weekday": [
        "6:07",
        "6:25",
        "6:41",
        "6:54",
        "7:07",
        "7:24",
        "7:39",
        "7:54",
        "8:09",
        "8:24",
        "8:44",
        "9:09",
        "9:46",
        "10:02",
        "10:27",
        "10:52",
        "11:17",
        "11:39",
        "12:11",
        "12:32",
        "12:57",
        "13:27",
        "13:49",
        "14:17",
        "14:49",
        "15:19",
        "15:49",
        "16:19",
        "16:40",
        "16:57",
        "17:13",
        "17:29",
        "17:50",
        "18:14",
        "18:41",
        "19:01",
        "19:26",
        "19:54",
        "20:22",
        "20:49",
        "21:17"
    ],
    "saturday": [
        "6:13",
        "6:32",
        "6:53",
        "7:24",
        "7:54",
        "8:24",
        "8:54",
        "9:24",
        "9:44",
        "10:04",
        "10:24",
        "10:44",
        "11:04",
        "11:34",
        "12:04",
        "12:34",
        "13:04",
        "13:34",
        "14:04",
        "14:34",
        "15:04",
        "15:34",
        "16:04",
        "16:34",
        "17:04",
        "17:34",
        "18:04",
        "18:34",
        "19:04",
        "19:34",
        "19:56",
        "20:34",
        "21:17"
    ],
    "holiday": [
        "6:13",
        "6:32",
        "6:53",
        "7:23",
        "7:53",
        "8:24",
        "8:54",
        "9:24",
        "9:44",
        "10:04",
        "10:24",
        "10:44",
        "11:04",
        "11:34",
        "12:04",
        "12:34",
        "13:04",
        "13:34",
        "14:04",
        "14:34",
        "15:04",
        "15:34",
        "16:04",
        "16:34",
        "17:04",
        "17:34",
        "18:04",
        "18:34",
        "19:04",
        "19:34",
        "19:56",
        "20:34",
        "21:17"
    ],
    "url": "https://www.kanachu.co.jp/dia/diagram/timetable01_js/course:0000803210-15/node:00126750/kt:0/lname:/"
}
