{
    "date": "2018/08/01",
    "name": "平楽中学校前",
    "position": "-",
    "system": "11",
    "destinations": [
        "唐沢(横浜市南区)",
        "石川小学校前(横浜市南区)",
        "打越橋",
        "地蔵坂上(横浜市中区)",
        "イタリア山庭園前",
        "山手町(横浜市中区)",
        "代官坂上",
        "元町公園前",
        "港の見える丘公園前",
        "元町入口",
        "山下町(横浜市中区)",
        "中華街入口",
        "芸術劇場・NHK前",
        "日本大通り駅県庁前",
        "本町一丁目(横浜市中区)",
        "本町四丁目(横浜市中区)",
        "横浜市役所前",
        "桜木町駅前"
    ],
    "weekday": [
        "6:09",
        "6:27",
        "6:43",
        "6:56",
        "7:09",
        "7:26",
        "7:41",
        "7:56",
        "8:11",
        "8:26",
        "8:46",
        "9:11",
        "9:48",
        "10:04",
        "10:29",
        "10:54",
        "11:19",
        "11:41",
        "12:13",
        "12:34",
        "12:59",
        "13:29",
        "13:51",
        "14:19",
        "14:51",
        "15:21",
        "15:51",
        "16:21",
        "16:42",
        "16:59",
        "17:15",
        "17:31",
        "17:52",
        "18:16",
        "18:43",
        "19:03",
        "19:28",
        "19:56",
        "20:24",
        "20:51",
        "21:19"
    ],
    "saturday": [
        "6:15",
        "6:34",
        "6:55",
        "7:26",
        "7:56",
        "8:26",
        "8:56",
        "9:26",
        "9:46",
        "10:06",
        "10:26",
        "10:46",
        "11:06",
        "11:36",
        "12:06",
        "12:36",
        "13:06",
        "13:36",
        "14:06",
        "14:36",
        "15:06",
        "15:36",
        "16:06",
        "16:36",
        "17:06",
        "17:36",
        "18:06",
        "18:36",
        "19:06",
        "19:36",
        "19:58",
        "20:36",
        "21:19"
    ],
    "holiday": [
        "6:15",
        "6:34",
        "6:55",
        "7:25",
        "7:55",
        "8:26",
        "8:56",
        "9:26",
        "9:46",
        "10:06",
        "10:26",
        "10:46",
        "11:06",
        "11:36",
        "12:06",
        "12:36",
        "13:06",
        "13:36",
        "14:06",
        "14:36",
        "15:06",
        "15:36",
        "16:06",
        "16:36",
        "17:06",
        "17:36",
        "18:06",
        "18:36",
        "19:06",
        "19:36",
        "19:58",
        "20:36",
        "21:19"
    ],
    "url": "https://www.kanachu.co.jp/dia/diagram/timetable01_js/course:0000803210-17/node:00126752/kt:0/lname:/"
}
