{
    "date": "2018/08/01",
    "name": "石川小学校前(横浜市南区)",
    "position": "-",
    "system": "",
    "destinations": [
        "打越橋",
        "地蔵坂上(横浜市中区)",
        "イタリア山庭園前",
        "山手町(横浜市中区)",
        "代官坂上",
        "元町公園前",
        "港の見える丘公園前",
        "元町入口",
        "山下町(横浜市中区)",
        "中華街入口",
        "芸術劇場・NHK前",
        "日本大通り駅県庁前",
        "本町一丁目(横浜市中区)",
        "本町四丁目(横浜市中区)",
        "横浜市役所前",
        "桜木町駅前"
    ],
    "weekday": [
        "6:11",
        "6:29",
        "6:45",
        "6:58",
        "7:11",
        "7:28",
        "7:43",
        "7:58",
        "8:13",
        "8:28",
        "8:48",
        "9:13",
        "9:50",
        "10:06",
        "10:31",
        "10:56",
        "11:21",
        "11:43",
        "12:15",
        "12:36",
        "13:01",
        "13:31",
        "13:53",
        "14:21",
        "14:53",
        "15:23",
        "15:53",
        "16:23",
        "16:44",
        "17:01",
        "17:17",
        "17:33",
        "17:54",
        "18:18",
        "18:45",
        "19:05",
        "19:30",
        "19:58",
        "20:26",
        "20:53",
        "21:21"
    ],
    "saturday": [
        "6:17",
        "6:36",
        "6:57",
        "7:28",
        "7:58",
        "8:28",
        "8:58",
        "9:28",
        "9:48",
        "10:08",
        "10:28",
        "10:48",
        "11:08",
        "11:38",
        "12:08",
        "12:38",
        "13:08",
        "13:38",
        "14:08",
        "14:38",
        "15:08",
        "15:38",
        "16:08",
        "16:38",
        "17:08",
        "17:38",
        "18:08",
        "18:38",
        "19:08",
        "19:38",
        "20:00",
        "20:38",
        "21:21"
    ],
    "holiday": [
        "6:17",
        "6:36",
        "6:57",
        "7:27",
        "7:57",
        "8:28",
        "8:58",
        "9:28",
        "9:48",
        "10:08",
        "10:28",
        "10:48",
        "11:08",
        "11:38",
        "12:08",
        "12:38",
        "13:08",
        "13:38",
        "14:08",
        "14:38",
        "15:08",
        "15:38",
        "16:08",
        "16:38",
        "17:08",
        "17:38",
        "18:08",
        "18:38",
        "19:08",
        "19:38",
        "20:00",
        "20:38",
        "21:21"
    ],
    "url": "https://www.kanachu.co.jp/dia/diagram/timetable01_js/course:0000803210-19/node:00126754/kt:0/lname:/"
}
