{
    "date": "2018/08/01",
    "name": "山手町(横浜市中区)",
    "position": "-",
    "system": "11",
    "destinations": [
        "代官坂上",
        "元町公園前",
        "港の見える丘公園前",
        "元町入口",
        "山下町(横浜市中区)",
        "中華街入口",
        "芸術劇場・NHK前",
        "日本大通り駅県庁前",
        "本町一丁目(横浜市中区)",
        "本町四丁目(横浜市中区)",
        "横浜市役所前",
        "桜木町駅前"
    ],
    "weekday": [
        "6:15",
        "6:33",
        "6:49",
        "7:03",
        "7:16",
        "7:33",
        "7:48",
        "8:03",
        "8:18",
        "8:33",
        "8:53",
        "9:18",
        "9:55",
        "10:11",
        "10:36",
        "11:01",
        "11:26",
        "11:48",
        "12:20",
        "12:41",
        "13:06",
        "13:36",
        "13:58",
        "14:26",
        "14:58",
        "15:28",
        "15:58",
        "16:28",
        "16:49",
        "17:06",
        "17:22",
        "17:38",
        "17:59",
        "18:23",
        "18:50",
        "19:10",
        "19:35",
        "20:02",
        "20:30",
        "20:57",
        "21:25"
    ],
    "saturday": [
        "6:21",
        "6:40",
        "7:01",
        "7:33",
        "8:03",
        "8:33",
        "9:03",
        "9:33",
        "9:53",
        "10:13",
        "10:33",
        "10:53",
        "11:13",
        "11:43",
        "12:13",
        "12:43",
        "13:13",
        "13:43",
        "14:13",
        "14:43",
        "15:13",
        "15:43",
        "16:13",
        "16:43",
        "17:13",
        "17:43",
        "18:13",
        "18:43",
        "19:13",
        "19:43",
        "20:04",
        "20:42",
        "21:25"
    ],
    "holiday": [
        "6:21",
        "6:40",
        "7:01",
        "7:31",
        "8:01",
        "8:33",
        "9:03",
        "9:33",
        "9:53",
        "10:13",
        "10:33",
        "10:53",
        "11:13",
        "11:43",
        "12:13",
        "12:43",
        "13:13",
        "13:43",
        "14:13",
        "14:43",
        "15:13",
        "15:43",
        "16:13",
        "16:43",
        "17:13",
        "17:43",
        "18:13",
        "18:43",
        "19:13",
        "19:43",
        "20:04",
        "20:42",
        "21:25"
    ],
    "url": "https://www.kanachu.co.jp/dia/diagram/timetable01_js/course:0000803210-23/node:00126758/kt:0/lname:/"
}
