{
    "date": "2018/08/01",
    "name": "代官坂上",
    "position": "-",
    "system": "",
    "destinations": [
        "元町公園前",
        "港の見える丘公園前",
        "元町入口",
        "山下町(横浜市中区)",
        "中華街入口",
        "芸術劇場・NHK前",
        "日本大通り駅県庁前",
        "本町一丁目(横浜市中区)",
        "本町四丁目(横浜市中区)",
        "横浜市役所前",
        "桜木町駅前"
    ],
    "weekday": [
        "6:16",
        "6:34",
        "6:50",
        "7:04",
        "7:17",
        "7:34",
        "7:49",
        "8:04",
        "8:19",
        "8:34",
        "8:54",
        "9:19",
        "9:56",
        "10:12",
        "10:37",
        "11:02",
        "11:27",
        "11:49",
        "12:21",
        "12:42",
        "13:07",
        "13:37",
        "13:59",
        "14:27",
        "14:59",
        "15:29",
        "15:59",
        "16:29",
        "16:50",
        "17:07",
        "17:23",
        "17:39",
        "18:00",
        "18:24",
        "18:51",
        "19:11",
        "19:36",
        "20:03",
        "20:31",
        "20:58",
        "21:26"
    ],
    "saturday": [
        "6:22",
        "6:41",
        "7:02",
        "7:34",
        "8:04",
        "8:34",
        "9:04",
        "9:34",
        "9:54",
        "10:14",
        "10:34",
        "10:54",
        "11:14",
        "11:44",
        "12:14",
        "12:44",
        "13:14",
        "13:44",
        "14:14",
        "14:44",
        "15:14",
        "15:44",
        "16:14",
        "16:44",
        "17:14",
        "17:44",
        "18:14",
        "18:44",
        "19:14",
        "19:44",
        "20:05",
        "20:43",
        "21:26"
    ],
    "holiday": [
        "6:22",
        "6:41",
        "7:02",
        "7:32",
        "8:02",
        "8:34",
        "9:04",
        "9:34",
        "9:54",
        "10:14",
        "10:34",
        "10:54",
        "11:14",
        "11:44",
        "12:14",
        "12:44",
        "13:14",
        "13:44",
        "14:14",
        "14:44",
        "15:14",
        "15:44",
        "16:14",
        "16:44",
        "17:14",
        "17:44",
        "18:14",
        "18:44",
        "19:14",
        "19:44",
        "20:05",
        "20:43",
        "21:26"
    ],
    "url": "https://www.kanachu.co.jp/dia/diagram/timetable01_js/course:0000803210-24/node:00126759/kt:0/lname:/"
}
