{
    "date": "2018/08/01",
    "name": "港の見える丘公園前",
    "position": "-",
    "system": "",
    "destinations": [
        "元町入口",
        "山下町(横浜市中区)",
        "中華街入口",
        "芸術劇場・NHK前",
        "日本大通り駅県庁前",
        "本町一丁目(横浜市中区)",
        "本町四丁目(横浜市中区)",
        "横浜市役所前",
        "桜木町駅前"
    ],
    "weekday": [
        "6:18",
        "6:36",
        "6:52",
        "7:06",
        "7:19",
        "7:36",
        "7:51",
        "8:06",
        "8:21",
        "8:36",
        "8:56",
        "9:21",
        "9:58",
        "10:14",
        "10:39",
        "11:04",
        "11:29",
        "11:51",
        "12:23",
        "12:44",
        "13:09",
        "13:39",
        "14:01",
        "14:29",
        "15:01",
        "15:31",
        "16:01",
        "16:31",
        "16:52",
        "17:09",
        "17:25",
        "17:41",
        "18:02",
        "18:26",
        "18:53",
        "19:13",
        "19:38",
        "20:05",
        "20:33",
        "21:00",
        "21:28"
    ],
    "saturday": [
        "6:24",
        "6:43",
        "7:04",
        "7:36",
        "8:06",
        "8:36",
        "9:06",
        "9:36",
        "9:56",
        "10:16",
        "10:36",
        "10:56",
        "11:16",
        "11:46",
        "12:16",
        "12:46",
        "13:16",
        "13:46",
        "14:16",
        "14:46",
        "15:16",
        "15:46",
        "16:16",
        "16:46",
        "17:16",
        "17:46",
        "18:16",
        "18:46",
        "19:16",
        "19:46",
        "20:07",
        "20:45",
        "21:28"
    ],
    "holiday": [
        "6:24",
        "6:43",
        "7:04",
        "7:34",
        "8:04",
        "8:36",
        "9:06",
        "9:36",
        "9:56",
        "10:16",
        "10:36",
        "10:56",
        "11:16",
        "11:46",
        "12:16",
        "12:46",
        "13:16",
        "13:46",
        "14:16",
        "14:46",
        "15:16",
        "15:46",
        "16:16",
        "16:46",
        "17:16",
        "17:46",
        "18:16",
        "18:46",
        "19:16",
        "19:46",
        "20:07",
        "20:45",
        "21:28"
    ],
    "url": "https://www.kanachu.co.jp/dia/diagram/timetable01_js/course:0000803210-26/node:00103108/kt:0/lname:/"
}
