{
    "date": "2018/08/01",
    "name": "元町入口",
    "position": "-",
    "system": "",
    "destinations": [
        "山下町(横浜市中区)",
        "中華街入口",
        "芸術劇場・NHK前",
        "日本大通り駅県庁前",
        "本町一丁目(横浜市中区)",
        "本町四丁目(横浜市中区)",
        "横浜市役所前",
        "桜木町駅前"
    ],
    "weekday": [
        "6:19",
        "6:37",
        "6:53",
        "7:09",
        "7:22",
        "7:39",
        "7:54",
        "8:09",
        "8:24",
        "8:39",
        "8:59",
        "9:24",
        "10:01",
        "10:17",
        "10:42",
        "11:07",
        "11:32",
        "11:54",
        "12:26",
        "12:47",
        "13:12",
        "13:42",
        "14:04",
        "14:32",
        "15:04",
        "15:34",
        "16:04",
        "16:34",
        "16:55",
        "17:12",
        "17:28",
        "17:44",
        "18:05",
        "18:29",
        "18:56",
        "19:16",
        "19:41",
        "20:07",
        "20:35",
        "21:02",
        "21:30"
    ],
    "saturday": [
        "6:25",
        "6:44",
        "7:07",
        "7:39",
        "8:09",
        "8:39",
        "9:09",
        "9:39",
        "9:59",
        "10:19",
        "10:39",
        "10:59",
        "11:19",
        "11:49",
        "12:19",
        "12:49",
        "13:19",
        "13:49",
        "14:19",
        "14:49",
        "15:19",
        "15:49",
        "16:19",
        "16:49",
        "17:19",
        "17:49",
        "18:19",
        "18:49",
        "19:19",
        "19:49",
        "20:09",
        "20:47",
        "21:30"
    ],
    "holiday": [
        "6:25",
        "6:44",
        "7:05",
        "7:35",
        "8:07",
        "8:39",
        "9:09",
        "9:39",
        "9:59",
        "10:19",
        "10:39",
        "10:59",
        "11:19",
        "11:49",
        "12:19",
        "12:49",
        "13:19",
        "13:49",
        "14:19",
        "14:49",
        "15:19",
        "15:49",
        "16:19",
        "16:49",
        "17:19",
        "17:49",
        "18:19",
        "18:49",
        "19:19",
        "19:49",
        "20:09",
        "20:47",
        "21:30"
    ],
    "url": "https://www.kanachu.co.jp/dia/diagram/timetable01_js/course:0000803210-27/node:00103184/kt:0/lname:/"
}
