{
    "date": "2018/08/01",
    "name": "日本大通り駅県庁前",
    "position": "-",
    "system": "11",
    "destinations": [
        "本町一丁目(横浜市中区)",
        "本町四丁目(横浜市中区)",
        "横浜市役所前",
        "桜木町駅前"
    ],
    "weekday": [
        "6:23",
        "6:41",
        "6:57",
        "7:13",
        "7:26",
        "7:43",
        "7:58",
        "8:13",
        "8:28",
        "8:43",
        "9:03",
        "9:28",
        "10:05",
        "10:21",
        "10:46",
        "11:11",
        "11:36",
        "11:58",
        "12:30",
        "12:51",
        "13:16",
        "13:46",
        "14:08",
        "14:36",
        "15:08",
        "15:38",
        "16:08",
        "16:38",
        "16:59",
        "17:16",
        "17:32",
        "17:48",
        "18:09",
        "18:33",
        "19:00",
        "19:20",
        "19:45",
        "20:11",
        "20:39",
        "21:06",
        "21:34"
    ],
    "saturday": [
        "6:29",
        "6:48",
        "7:11",
        "7:43",
        "8:13",
        "8:43",
        "9:13",
        "9:43",
        "10:03",
        "10:23",
        "10:43",
        "11:03",
        "11:23",
        "11:53",
        "12:23",
        "12:53",
        "13:23",
        "13:53",
        "14:23",
        "14:53",
        "15:23",
        "15:53",
        "16:23",
        "16:53",
        "17:23",
        "17:53",
        "18:23",
        "18:53",
        "19:23",
        "19:53",
        "20:13",
        "20:51",
        "21:34"
    ],
    "holiday": [
        "6:29",
        "6:48",
        "7:09",
        "7:39",
        "8:11",
        "8:43",
        "9:13",
        "9:43",
        "10:03",
        "10:23",
        "10:43",
        "11:03",
        "11:23",
        "11:53",
        "12:23",
        "12:53",
        "13:23",
        "13:53",
        "14:23",
        "14:53",
        "15:23",
        "15:53",
        "16:23",
        "16:53",
        "17:23",
        "17:53",
        "18:23",
        "18:53",
        "19:23",
        "19:53",
        "20:13",
        "20:51",
        "21:34"
    ],
    "url": "https://www.kanachu.co.jp/dia/diagram/timetable01_js/course:0000803210-31/node:00102893/kt:0/lname:/"
}
