{
    "system": "",
    "busstops": [
        {
            "index": "1",
            "id": "00103043",
            "name": "保土ヶ谷駅東口",
            "lat": "35.445607",
            "lng": "139.599669"
        },
        {
            "index": "2",
            "id": "00103042",
            "name": "保土ヶ谷橋",
            "lat": "35.442614",
            "lng": "139.596185"
        },
        {
            "index": "3",
            "id": "00102432",
            "name": "北永田",
            "lat": "35.437542",
            "lng": "139.597816"
        },
        {
            "index": "4",
            "id": "00103129",
            "name": "南太田四丁目",
            "lat": "35.435821",
            "lng": "139.599951"
        },
        {
            "index": "5",
            "id": "00102232",
            "name": "井土ヶ谷駅前",
            "lat": "35.434382",
            "lng": "139.601461"
        },
        {
            "index": "6",
            "id": "00102233",
            "name": "井土ヶ谷",
            "lat": "35.432964",
            "lng": "139.603838"
        },
        {
            "index": "7",
            "id": "00102234",
            "name": "井土ヶ谷下町",
            "lat": "35.433362",
            "lng": "139.607118"
        },
        {
            "index": "8",
            "id": "00103130",
            "name": "蒔田中学校前(横浜市南区)",
            "lat": "35.431433",
            "lng": "139.609482"
        },
        {
            "index": "9",
            "id": "00103093",
            "name": "蒔田駅前",
            "lat": "35.429996",
            "lng": "139.61101"
        },
        {
            "index": "10",
            "id": "00126746",
            "name": "榎町二丁目",
            "lat": "35.429841",
            "lng": "139.613212"
        },
        {
            "index": "11",
            "id": "00126747",
            "name": "堀の内町",
            "lat": "35.429839",
            "lng": "139.61458"
        },
        {
            "index": "12",
            "id": "00126748",
            "name": "東蒔田町",
            "lat": "35.429806",
            "lng": "139.616004"
        },
        {
            "index": "13",
            "id": "00102817",
            "name": "中村橋(横浜市南区)",
            "lat": "35.430339",
            "lng": "139.619719"
        },
        {
            "index": "14",
            "id": "00126749",
            "name": "山谷(横浜市南区)",
            "lat": "35.429551",
            "lng": "139.625135"
        },
        {
            "index": "15",
            "id": "00126750",
            "name": "増徳院前",
            "lat": "35.428685",
            "lng": "139.63"
        },
        {
            "index": "16",
            "id": "00126751",
            "name": "中丸(横浜市南区)",
            "lat": "35.429922",
            "lng": "139.631824"
        },
        {
            "index": "17",
            "id": "00126752",
            "name": "平楽中学校前",
            "lat": "35.431624",
            "lng": "139.633058"
        },
        {
            "index": "18",
            "id": "00126753",
            "name": "唐沢(横浜市南区)",
            "lat": "35.4328",
            "lng": "139.63375"
        },
        {
            "index": "19",
            "id": "00126754",
            "name": "石川小学校前(横浜市南区)",
            "lat": "35.43304",
            "lng": "139.635692"
        },
        {
            "index": "20",
            "id": "00126755",
            "name": "打越橋",
            "lat": "35.433722",
            "lng": "139.639154"
        },
        {
            "index": "21",
            "id": "00126756",
            "name": "地蔵坂上(横浜市中区)",
            "lat": "35.434568",
            "lng": "139.641525"
        },
        {
            "index": "22",
            "id": "00126757",
            "name": "イタリア山庭園前",
            "lat": "35.435117",
            "lng": "139.643459"
        },
        {
            "index": "23",
            "id": "00126758",
            "name": "山手町(横浜市中区)",
            "lat": "35.436763",
            "lng": "139.646938"
        },
        {
            "index": "24",
            "id": "00126759",
            "name": "代官坂上",
            "lat": "35.437717",
            "lng": "139.649202"
        },
        {
            "index": "25",
            "id": "00126760",
            "name": "元町公園前",
            "lat": "35.438104",
            "lng": "139.652144"
        },
        {
            "index": "26",
            "id": "00103108",
            "name": "港の見える丘公園前",
            "lat": "35.439793",
            "lng": "139.653585"
        },
        {
            "index": "27",
            "id": "00103184",
            "name": "元町入口",
            "lat": "35.441959",
            "lng": "139.651788"
        },
        {
            "index": "28",
            "id": "00103200",
            "name": "山下町(横浜市中区)",
            "lat": "35.442763",
            "lng": "139.649822"
        },
        {
            "index": "29",
            "id": "00102721",
            "name": "中華街入口",
            "lat": "35.44422",
            "lng": "139.647684"
        },
        {
            "index": "30",
            "id": "00102401",
            "name": "芸術劇場・NHK前",
            "lat": "35.445007",
            "lng": "139.64586"
        },
        {
            "index": "31",
            "id": "00102893",
            "name": "日本大通り駅県庁前",
            "lat": "35.446478",
            "lng": "139.642974"
        },
        {
            "index": "32",
            "id": "00103059",
            "name": "本町一丁目(横浜市中区)",
            "lat": "35.448108",
            "lng": "139.640042"
        },
        {
            "index": "33",
            "id": "00103058",
            "name": "本町四丁目(横浜市中区)",
            "lat": "35.44875",
            "lng": "139.638787"
        },
        {
            "index": "34",
            "id": "00102945",
            "name": "横浜市役所前",
            "lat": "35.449716",
            "lng": "139.63511"
        },
        {
            "index": "35",
            "id": "00102541",
            "name": "桜木町駅前",
            "lat": "35.451928",
            "lng": "139.631804"
        }
    ],
    "route_url": "https://www.kanachu.co.jp/dia/route/index/cid:0000803210/"
}
