{
    "date": "2025/11/16",
    "name": "竹山団地",
    "position": "-",
    "system": "01",
    "destinations": [
        "竹山団地中央",
        "幼稚園前(横浜市緑区)",
        "竹山団地入口",
        "鴨居町",
        "中村通",
        "鴨居橋",
        "白山一丁目(横浜市緑区)",
        "緑車庫前",
        "白山ハイテクパーク",
        "石神(横浜市緑区)",
        "上山町(横浜市緑区)",
        "中山小学校南",
        "中山町",
        "西村橋",
        "中山駅"
    ],
    "weekday": [
        "9:00",
        "9:45",
        "10:37",
        "11:35",
        "12:35",
        "13:05",
        "13:35",
        "14:20",
        "15:25"
    ],
    "saturday": [
        "9:10",
        "9:50",
        "10:35",
        "11:20",
        "12:20",
        "13:30",
        "14:20",
        "15:25"
    ],
    "holiday": [
        "9:15",
        "10:15",
        "11:10",
        "12:10",
        "12:55",
        "13:45",
        "14:45",
        "15:30"
    ],
    "url": "https://www.kanachu.co.jp/dia/diagram/timetable01_js/course:0000802187-1/node:00129733/kt:0/lname:/"
}
