{
    "date": "2025/11/16",
    "name": "幼稚園前(横浜市緑区)",
    "position": "-",
    "system": "",
    "destinations": [
        "竹山団地入口",
        "鴨居町",
        "中村通",
        "鴨居橋",
        "白山一丁目(横浜市緑区)",
        "緑車庫前",
        "白山ハイテクパーク",
        "石神(横浜市緑区)",
        "上山町(横浜市緑区)",
        "中山小学校南",
        "中山町",
        "西村橋",
        "中山駅"
    ],
    "weekday": [
        "9:02",
        "9:47",
        "10:39",
        "11:37",
        "12:37",
        "13:07",
        "13:37",
        "14:22",
        "15:27"
    ],
    "saturday": [
        "9:12",
        "9:52",
        "10:37",
        "11:22",
        "12:22",
        "13:32",
        "14:22",
        "15:27"
    ],
    "holiday": [
        "9:17",
        "10:17",
        "11:12",
        "12:12",
        "12:57",
        "13:47",
        "14:47",
        "15:32"
    ],
    "url": "https://www.kanachu.co.jp/dia/diagram/timetable01_js/course:0000802187-3/node:00103224/kt:0/lname:/"
}
