{
    "date": "2025/11/16",
    "name": "竹山団地入口",
    "position": "-",
    "system": "",
    "destinations": [
        "鴨居町",
        "中村通",
        "鴨居橋",
        "白山一丁目(横浜市緑区)",
        "緑車庫前",
        "白山ハイテクパーク",
        "石神(横浜市緑区)",
        "上山町(横浜市緑区)",
        "中山小学校南",
        "中山町",
        "西村橋",
        "中山駅"
    ],
    "weekday": [
        "9:03",
        "9:48",
        "10:40",
        "11:38",
        "12:38",
        "13:08",
        "13:38",
        "14:23",
        "15:28"
    ],
    "saturday": [
        "9:13",
        "9:53",
        "10:38",
        "11:23",
        "12:23",
        "13:33",
        "14:23",
        "15:28"
    ],
    "holiday": [
        "9:18",
        "10:18",
        "11:13",
        "12:13",
        "12:58",
        "13:48",
        "14:48",
        "15:33"
    ],
    "url": "https://www.kanachu.co.jp/dia/diagram/timetable01_js/course:0000802187-4/node:00102700/kt:0/lname:/"
}
