{
    "date": "2025/11/16",
    "name": "鴨居町",
    "position": "-",
    "system": "",
    "destinations": [
        "中村通",
        "鴨居橋",
        "白山一丁目(横浜市緑区)",
        "緑車庫前",
        "白山ハイテクパーク",
        "石神(横浜市緑区)",
        "上山町(横浜市緑区)",
        "中山小学校南",
        "中山町",
        "西村橋",
        "中山駅"
    ],
    "weekday": [
        "9:04",
        "9:49",
        "10:41",
        "11:39",
        "12:39",
        "13:09",
        "13:39",
        "14:24",
        "15:29"
    ],
    "saturday": [
        "9:14",
        "9:54",
        "10:39",
        "11:24",
        "12:24",
        "13:34",
        "14:24",
        "15:29"
    ],
    "holiday": [
        "9:19",
        "10:19",
        "11:14",
        "12:14",
        "12:59",
        "13:49",
        "14:49",
        "15:34"
    ],
    "url": "https://www.kanachu.co.jp/dia/diagram/timetable01_js/course:0000802187-5/node:00102377/kt:0/lname:/"
}
