{
    "date": "2025/11/16",
    "name": "緑車庫前",
    "position": "-",
    "system": "",
    "destinations": [
        "白山ハイテクパーク",
        "石神(横浜市緑区)",
        "上山町(横浜市緑区)",
        "中山小学校南",
        "中山町",
        "西村橋",
        "中山駅"
    ],
    "weekday": [
        "9:10",
        "9:55",
        "10:47",
        "11:45",
        "12:45",
        "13:15",
        "13:45",
        "14:30",
        "15:35"
    ],
    "saturday": [
        "9:20",
        "10:00",
        "10:45",
        "11:30",
        "12:30",
        "13:40",
        "14:30",
        "15:35"
    ],
    "holiday": [
        "9:24",
        "10:24",
        "11:19",
        "12:20",
        "13:05",
        "13:55",
        "14:55",
        "15:40"
    ],
    "url": "https://www.kanachu.co.jp/dia/diagram/timetable01_js/course:0000802187-9/node:00103124/kt:0/lname:/"
}
