{
    "date": "2025/11/16",
    "name": "白山ハイテクパーク",
    "position": "-",
    "system": "",
    "destinations": [
        "石神(横浜市緑区)",
        "上山町(横浜市緑区)",
        "中山小学校南",
        "中山町",
        "西村橋",
        "中山駅"
    ],
    "weekday": [
        "9:11",
        "9:56",
        "10:48",
        "11:46",
        "12:46",
        "13:16",
        "13:46",
        "14:31",
        "15:36"
    ],
    "saturday": [
        "9:21",
        "10:01",
        "10:46",
        "11:31",
        "12:31",
        "13:41",
        "14:31",
        "15:36"
    ],
    "holiday": [
        "9:25",
        "10:25",
        "11:20",
        "12:21",
        "13:06",
        "13:56",
        "14:56",
        "15:41"
    ],
    "url": "https://www.kanachu.co.jp/dia/diagram/timetable01_js/course:0000802187-10/node:00102939/kt:0/lname:/"
}
