{
    "date": "2025/11/16",
    "name": "上山町(横浜市緑区)",
    "position": "-",
    "system": "01",
    "destinations": [
        "中山小学校南",
        "中山町",
        "西村橋",
        "中山駅"
    ],
    "weekday": [
        "9:13",
        "9:58",
        "10:50",
        "11:48",
        "12:48",
        "13:18",
        "13:48",
        "14:33",
        "15:38"
    ],
    "saturday": [
        "9:23",
        "10:03",
        "10:48",
        "11:33",
        "12:33",
        "13:43",
        "14:33",
        "15:38"
    ],
    "holiday": [
        "9:27",
        "10:27",
        "11:22",
        "12:23",
        "13:08",
        "13:58",
        "14:58",
        "15:43"
    ],
    "url": "https://www.kanachu.co.jp/dia/diagram/timetable01_js/course:0000802187-12/node:00102371/kt:0/lname:/"
}
