{
    "date": "2025/11/16",
    "name": "中山町",
    "position": "-",
    "system": "",
    "destinations": [
        "西村橋",
        "中山駅"
    ],
    "weekday": [
        "9:16",
        "10:01",
        "10:53",
        "11:51",
        "12:51",
        "13:21",
        "13:51",
        "14:36",
        "15:41"
    ],
    "saturday": [
        "9:26",
        "10:06",
        "10:51",
        "11:36",
        "12:36",
        "13:46",
        "14:36",
        "15:41"
    ],
    "holiday": [
        "9:30",
        "10:30",
        "11:25",
        "12:26",
        "13:11",
        "14:01",
        "15:01",
        "15:46"
    ],
    "url": "https://www.kanachu.co.jp/dia/diagram/timetable01_js/course:0000802187-14/node:00102822/kt:0/lname:/"
}
