{
    "system": "01",
    "busstops": [
        {
            "index": "1",
            "id": "00129733",
            "name": "竹山団地",
            "lat": "35.496849",
            "lng": "139.562268"
        },
        {
            "index": "2",
            "id": "00102699",
            "name": "竹山団地中央",
            "lat": "35.497919",
            "lng": "139.562406"
        },
        {
            "index": "3",
            "id": "00103224",
            "name": "幼稚園前(横浜市緑区)",
            "lat": "35.500176",
            "lng": "139.561354"
        },
        {
            "index": "4",
            "id": "00102700",
            "name": "竹山団地入口",
            "lat": "35.501821",
            "lng": "139.56304"
        },
        {
            "index": "5",
            "id": "00102377",
            "name": "鴨居町",
            "lat": "35.504346",
            "lng": "139.56355"
        },
        {
            "index": "6",
            "id": "00102852",
            "name": "中村通",
            "lat": "35.50677",
            "lng": "139.564018"
        },
        {
            "index": "7",
            "id": "00102375",
            "name": "鴨居橋",
            "lat": "35.50942",
            "lng": "139.56309"
        },
        {
            "index": "8",
            "id": "00102938",
            "name": "白山一丁目(横浜市緑区)",
            "lat": "35.508295",
            "lng": "139.559876"
        },
        {
            "index": "9",
            "id": "00103124",
            "name": "緑車庫前",
            "lat": "35.506701",
            "lng": "139.557314"
        },
        {
            "index": "10",
            "id": "00102939",
            "name": "白山ハイテクパーク",
            "lat": "35.507495",
            "lng": "139.55458"
        },
        {
            "index": "11",
            "id": "00102236",
            "name": "石神(横浜市緑区)",
            "lat": "35.508146",
            "lng": "139.551944"
        },
        {
            "index": "12",
            "id": "00102371",
            "name": "上山町(横浜市緑区)",
            "lat": "35.509031",
            "lng": "139.549802"
        },
        {
            "index": "13",
            "id": "00102856",
            "name": "中山小学校南",
            "lat": "35.510136",
            "lng": "139.545864"
        },
        {
            "index": "14",
            "id": "00102822",
            "name": "中山町",
            "lat": "35.51051",
            "lng": "139.544276"
        },
        {
            "index": "15",
            "id": "00102860",
            "name": "西村橋",
            "lat": "35.512063",
            "lng": "139.541889"
        },
        {
            "index": "16",
            "id": "00102821",
            "name": "中山駅",
            "lat": "35.514143",
            "lng": "139.539771"
        }
    ],
    "route_url": "https://www.kanachu.co.jp/dia/route/index/cid:0000802187/"
}
