{
    "date": "2025/03/15",
    "name": "鶴が台中学校前",
    "position": "-",
    "system": "茅17",
    "destinations": [
        "鶴が台入口",
        "ニュータウン入口(茅ケ崎市)",
        "神奈中営業所前",
        "前の田",
        "中央公園前(茅ケ崎市)",
        "茅ヶ崎駅"
    ],
    "weekday": [
        "6:12",
        "6:43",
        "7:08",
        "7:19",
        "7:49"
    ],
    "saturday": [
        "6:02",
        "6:42",
        "8:07",
        "9:07"
    ],
    "holiday": [
        "6:02",
        "6:42",
        "7:58"
    ],
    "url": "https://www.kanachu.co.jp/dia/diagram/timetable01_js/course:0000800742-3/node:00127154/kt:0/lname:/"
}
