{
    "date": "2025/01/14",
    "name": "愛光病院前",
    "position": "-",
    "system": "厚97",
    "destinations": [
        "吾妻団地",
        "戸室",
        "林(厚木市)",
        "王子入口",
        "高校入口(厚木市)",
        "王子(厚木市)"
    ],
    "weekday": [
        "6:51",
        "7:16",
        "9:24",
        "10:20",
        "11:20",
        "12:20",
        "13:20",
        "14:20",
        "15:20",
        "16:21",
        "17:21",
        "17:51",
        "18:21",
        "18:51",
        "19:31",
        "20:31",
        "21:31"
    ],
    "saturday": [
        "7:06",
        "8:07",
        "9:07",
        "10:08",
        "11:08",
        "12:08",
        "13:08",
        "14:08",
        "15:10",
        "16:10",
        "17:10",
        "18:10",
        "19:08"
    ],
    "holiday": [
        "7:06",
        "8:07",
        "9:07",
        "10:07",
        "11:08",
        "12:08",
        "13:08",
        "14:08",
        "15:09",
        "16:09",
        "17:09",
        "18:09",
        "19:08"
    ],
    "url": "https://www.kanachu.co.jp/dia/diagram/timetable01_js/course:0000800170-6/node:00128397/kt:0/lname:/"
}
