{
    "date": "2025/01/14",
    "name": "林(厚木市)",
    "position": "-",
    "system": "厚97",
    "destinations": [
        "王子入口",
        "高校入口(厚木市)",
        "王子(厚木市)"
    ],
    "weekday": [
        "6:54",
        "7:19",
        "9:27",
        "10:23",
        "11:23",
        "12:23",
        "13:23",
        "14:23",
        "15:23",
        "16:24",
        "17:24",
        "17:54",
        "18:24",
        "18:54",
        "19:34",
        "20:34",
        "21:34"
    ],
    "saturday": [
        "7:09",
        "8:10",
        "9:10",
        "10:11",
        "11:11",
        "12:11",
        "13:11",
        "14:11",
        "15:13",
        "16:13",
        "17:13",
        "18:13",
        "19:11"
    ],
    "holiday": [
        "7:09",
        "8:10",
        "9:10",
        "10:10",
        "11:11",
        "12:11",
        "13:11",
        "14:11",
        "15:12",
        "16:12",
        "17:12",
        "18:12",
        "19:11"
    ],
    "url": "https://www.kanachu.co.jp/dia/diagram/timetable01_js/course:0000800170-9/node:00128399/kt:0/lname:/"
}
