{
    "date": "2025/01/14",
    "name": "王子入口",
    "position": "-",
    "system": "厚97",
    "destinations": [
        "高校入口(厚木市)",
        "王子(厚木市)"
    ],
    "weekday": [
        "6:55",
        "7:20",
        "9:28",
        "10:24",
        "11:24",
        "12:24",
        "13:24",
        "14:24",
        "15:24",
        "16:25",
        "17:25",
        "17:55",
        "18:25",
        "18:55",
        "19:35",
        "20:35",
        "21:35"
    ],
    "saturday": [
        "7:10",
        "8:11",
        "9:11",
        "10:12",
        "11:12",
        "12:12",
        "13:12",
        "14:12",
        "15:14",
        "16:14",
        "17:14",
        "18:14",
        "19:12"
    ],
    "holiday": [
        "7:10",
        "8:11",
        "9:11",
        "10:11",
        "11:12",
        "12:12",
        "13:12",
        "14:12",
        "15:13",
        "16:13",
        "17:13",
        "18:13",
        "19:12"
    ],
    "url": "https://www.kanachu.co.jp/dia/diagram/timetable01_js/course:0000800170-10/node:00128674/kt:0/lname:/"
}
