{
    "date": "2025/01/14",
    "name": "高校入口(厚木市)",
    "position": "-",
    "system": "厚97",
    "destinations": [
        "王子(厚木市)"
    ],
    "weekday": [
        "6:56",
        "7:21",
        "9:29",
        "10:25",
        "11:25",
        "12:25",
        "13:25",
        "14:25",
        "15:25",
        "16:26",
        "17:26",
        "17:56",
        "18:26",
        "18:56",
        "19:36",
        "20:36",
        "21:36"
    ],
    "saturday": [
        "7:11",
        "8:12",
        "9:12",
        "10:13",
        "11:13",
        "12:13",
        "13:13",
        "14:13",
        "15:15",
        "16:15",
        "17:15",
        "18:15",
        "19:13"
    ],
    "holiday": [
        "7:11",
        "8:12",
        "9:12",
        "10:12",
        "11:13",
        "12:13",
        "13:13",
        "14:13",
        "15:14",
        "16:14",
        "17:14",
        "18:14",
        "19:13"
    ],
    "url": "https://www.kanachu.co.jp/dia/diagram/timetable01_js/course:0000800170-11/node:00128695/kt:0/lname:/"
}
