{
    "date": "2025/07/12",
    "name": "桐ヶ谷(藤沢市)",
    "position": "-",
    "system": "藤34",
    "destinations": [
        "湘南台住宅前",
        "湘南台駅西口"
    ],
    "weekday": [
        "6:16",
        "7:20",
        "7:52",
        "8:37",
        "9:40",
        "10:36",
        "11:36",
        "12:40",
        "13:36",
        "14:38",
        "15:36",
        "16:39",
        "17:39",
        "18:38",
        "19:35",
        "20:31"
    ],
    "saturday": [
        "6:36",
        "7:36",
        "8:39",
        "9:39",
        "10:41",
        "11:41",
        "12:43",
        "13:41",
        "14:41",
        "15:41",
        "16:43",
        "17:43",
        "18:41",
        "19:41",
        "20:31"
    ],
    "holiday": [
        "6:36",
        "7:36",
        "8:39",
        "9:39",
        "10:41",
        "11:41",
        "12:43",
        "13:41",
        "14:41",
        "15:41",
        "16:43",
        "17:43",
        "18:41",
        "19:41",
        "20:31"
    ],
    "url": "https://www.kanachu.co.jp/dia/diagram/timetable01_js/course:0000800719-26/node:00129956/kt:0/lname:/"
}
