{
    "system": "伊01",
    "busstops": [
        {
            "index": "1",
            "id": "00128141",
            "name": "伊勢原車庫",
            "lat": "35.393144",
            "lng": "139.29405"
        },
        {
            "index": "2",
            "id": "00128140",
            "name": "鈴川会館前",
            "lat": "35.391881",
            "lng": "139.294995"
        },
        {
            "index": "3",
            "id": "00128139",
            "name": "団地西(伊勢原市)",
            "lat": "35.390158",
            "lng": "139.296278"
        },
        {
            "index": "4",
            "id": "00128138",
            "name": "団地南(伊勢原市)",
            "lat": "35.391039",
            "lng": "139.298687"
        },
        {
            "index": "5",
            "id": "00128094",
            "name": "関台",
            "lat": "35.39298",
            "lng": "139.303598"
        },
        {
            "index": "6",
            "id": "00128093",
            "name": "谷戸大竹",
            "lat": "35.390345",
            "lng": "139.304062"
        },
        {
            "index": "7",
            "id": "00128078",
            "name": "竹園小学校入口",
            "lat": "35.38486",
            "lng": "139.301817"
        },
        {
            "index": "8",
            "id": "00128077",
            "name": "竹園小学校前",
            "lat": "35.384644",
            "lng": "139.303784"
        },
        {
            "index": "9",
            "id": "00128076",
            "name": "御岳",
            "lat": "35.383111",
            "lng": "139.307217"
        },
        {
            "index": "10",
            "id": "00128075",
            "name": "岡崎福祉館前",
            "lat": "35.382027",
            "lng": "139.312083"
        },
        {
            "index": "11",
            "id": "00128060",
            "name": "馬渡(伊勢原市)",
            "lat": "35.382675",
            "lng": "139.316336"
        },
        {
            "index": "12",
            "id": "00128074",
            "name": "団地下大竹",
            "lat": "35.384932",
            "lng": "139.315649"
        },
        {
            "index": "13",
            "id": "00128073",
            "name": "団地南口(伊勢原市)",
            "lat": "35.384932",
            "lng": "139.313069"
        },
        {
            "index": "14",
            "id": "00128072",
            "name": "ひかり幼稚園前",
            "lat": "35.388343",
            "lng": "139.308348"
        },
        {
            "index": "15",
            "id": "00128071",
            "name": "千津",
            "lat": "35.392594",
            "lng": "139.310805"
        },
        {
            "index": "16",
            "id": "00128056",
            "name": "伊勢原駅南口",
            "lat": "35.395235",
            "lng": "139.313139"
        }
    ],
    "route_url": "https://www.kanachu.co.jp/dia/route/index/cid:0000800497/"
}
