{
    "date": "2025/04/19",
    "name": "グリーンホール前",
    "position": "-",
    "system": "大15",
    "destinations": [
        "南中前(相模原市南区)",
        "小沼(相模原市南区)",
        "団地入口(相模原市南区)",
        "東通り(相模原市南区)",
        "大沼小学校前",
        "大沼",
        "オルガノ前",
        "大野台入口",
        "麻溝台入口",
        "麻溝台高校",
        "北里大学病院・北里大学",
        "友愛病院前",
        "県立相模原公園前",
        "山の神坂下",
        "下原(相模原市南区)",
        "原当麻駅東",
        "原当麻駅",
        "新中丸橋",
        "下原中央",
        "下原橋",
        "下中丸",
        "中丸(相模原市南区)",
        "下古山",
        "古山三谷",
        "上溝新開",
        "七曲り下",
        "虹吹",
        "田島(相模原市中央区)",
        "亀ヶ池八幡宮前",
        "北相前",
        "田中住宅前",
        "農協下",
        "元町(相模原市中央区)",
        "本町(相模原市中央区)",
        "上溝中央",
        "上溝"
    ],
    "weekday": [
        "10:02",
        "10:59",
        "12:25",
        "13:25",
        "14:55",
        "15:50",
        "17:20",
        "17:50",
        "19:04",
        "20:14"
    ],
    "saturday": [
        "10:18",
        "11:18",
        "12:18",
        "13:18",
        "14:35",
        "16:20",
        "17:20",
        "18:20",
        "19:20",
        "20:17"
    ],
    "holiday": [
        "10:30",
        "12:20",
        "13:20",
        "14:35",
        "16:20",
        "17:20",
        "18:20",
        "19:20"
    ],
    "url": "https://www.kanachu.co.jp/dia/diagram/timetable01_js/course:0000803512-2/node:00129307/kt:0/lname:/"
}
