{
    "date": "2025/04/19",
    "name": "団地入口(相模原市南区)",
    "position": "-",
    "system": "大15",
    "destinations": [
        "東通り(相模原市南区)",
        "大沼小学校前",
        "大沼",
        "オルガノ前",
        "大野台入口",
        "麻溝台入口",
        "麻溝台高校",
        "北里大学病院・北里大学",
        "友愛病院前",
        "県立相模原公園前",
        "山の神坂下",
        "下原(相模原市南区)",
        "原当麻駅東",
        "原当麻駅",
        "新中丸橋",
        "下原中央",
        "下原橋",
        "下中丸",
        "中丸(相模原市南区)",
        "下古山",
        "古山三谷",
        "上溝新開",
        "七曲り下",
        "虹吹",
        "田島(相模原市中央区)",
        "亀ヶ池八幡宮前",
        "北相前",
        "田中住宅前",
        "農協下",
        "元町(相模原市中央区)",
        "本町(相模原市中央区)",
        "上溝中央",
        "上溝"
    ],
    "weekday": [
        "10:06",
        "11:03",
        "12:29",
        "13:29",
        "14:59",
        "15:54",
        "17:24",
        "17:54",
        "19:08",
        "20:18"
    ],
    "saturday": [
        "10:22",
        "11:22",
        "12:22",
        "13:22",
        "14:39",
        "16:24",
        "17:24",
        "18:24",
        "19:24",
        "20:21"
    ],
    "holiday": [
        "10:35",
        "12:25",
        "13:25",
        "14:40",
        "16:25",
        "17:25",
        "18:25",
        "19:24"
    ],
    "url": "https://www.kanachu.co.jp/dia/diagram/timetable01_js/course:0000803512-5/node:00129193/kt:0/lname:/"
}
