{
    "date": "2025/04/19",
    "name": "東通り(相模原市南区)",
    "position": "-",
    "system": "大15",
    "destinations": [
        "大沼小学校前",
        "大沼",
        "オルガノ前",
        "大野台入口",
        "麻溝台入口",
        "麻溝台高校",
        "北里大学病院・北里大学",
        "友愛病院前",
        "県立相模原公園前",
        "山の神坂下",
        "下原(相模原市南区)",
        "原当麻駅東",
        "原当麻駅",
        "新中丸橋",
        "下原中央",
        "下原橋",
        "下中丸",
        "中丸(相模原市南区)",
        "下古山",
        "古山三谷",
        "上溝新開",
        "七曲り下",
        "虹吹",
        "田島(相模原市中央区)",
        "亀ヶ池八幡宮前",
        "北相前",
        "田中住宅前",
        "農協下",
        "元町(相模原市中央区)",
        "本町(相模原市中央区)",
        "上溝中央",
        "上溝"
    ],
    "weekday": [
        "10:07",
        "11:04",
        "12:30",
        "13:30",
        "15:00",
        "15:55",
        "17:25",
        "17:55",
        "19:09",
        "20:19"
    ],
    "saturday": [
        "10:23",
        "11:23",
        "12:23",
        "13:23",
        "14:40",
        "16:25",
        "17:25",
        "18:25",
        "19:25",
        "20:22"
    ],
    "holiday": [
        "10:36",
        "12:26",
        "13:26",
        "14:41",
        "16:26",
        "17:26",
        "18:26",
        "19:25"
    ],
    "url": "https://www.kanachu.co.jp/dia/diagram/timetable01_js/course:0000803512-6/node:00129237/kt:0/lname:/"
}
