{
    "date": "2025/04/19",
    "name": "大沼小学校前",
    "position": "-",
    "system": "大15",
    "destinations": [
        "大沼",
        "オルガノ前",
        "大野台入口",
        "麻溝台入口",
        "麻溝台高校",
        "北里大学病院・北里大学",
        "友愛病院前",
        "県立相模原公園前",
        "山の神坂下",
        "下原(相模原市南区)",
        "原当麻駅東",
        "原当麻駅",
        "新中丸橋",
        "下原中央",
        "下原橋",
        "下中丸",
        "中丸(相模原市南区)",
        "下古山",
        "古山三谷",
        "上溝新開",
        "七曲り下",
        "虹吹",
        "田島(相模原市中央区)",
        "亀ヶ池八幡宮前",
        "北相前",
        "田中住宅前",
        "農協下",
        "元町(相模原市中央区)",
        "本町(相模原市中央区)",
        "上溝中央",
        "上溝"
    ],
    "weekday": [
        "10:09",
        "11:06",
        "12:32",
        "13:32",
        "15:02",
        "15:57",
        "17:27",
        "17:57",
        "19:10",
        "20:20"
    ],
    "saturday": [
        "10:25",
        "11:25",
        "12:25",
        "13:25",
        "14:42",
        "16:27",
        "17:27",
        "18:27",
        "19:27",
        "20:23"
    ],
    "holiday": [
        "10:38",
        "12:28",
        "13:28",
        "14:43",
        "16:28",
        "17:28",
        "18:28",
        "19:26"
    ],
    "url": "https://www.kanachu.co.jp/dia/diagram/timetable01_js/course:0000803512-7/node:00129088/kt:0/lname:/"
}
