{
    "date": "2025/04/19",
    "name": "北里大学病院・北里大学",
    "position": "-",
    "system": "大15",
    "destinations": [
        "友愛病院前",
        "県立相模原公園前",
        "山の神坂下",
        "下原(相模原市南区)",
        "原当麻駅東",
        "原当麻駅",
        "新中丸橋",
        "下原中央",
        "下原橋",
        "下中丸",
        "中丸(相模原市南区)",
        "下古山",
        "古山三谷",
        "上溝新開",
        "七曲り下",
        "虹吹",
        "田島(相模原市中央区)",
        "亀ヶ池八幡宮前",
        "北相前",
        "田中住宅前",
        "農協下",
        "元町(相模原市中央区)",
        "本町(相模原市中央区)",
        "上溝中央",
        "上溝"
    ],
    "weekday": [
        "10:24",
        "11:21",
        "12:47",
        "13:47",
        "15:17",
        "16:12",
        "17:42",
        "18:12",
        "19:20",
        "20:30"
    ],
    "saturday": [
        "10:39",
        "11:39",
        "12:39",
        "13:39",
        "14:56",
        "16:41",
        "17:41",
        "18:41",
        "19:38",
        "20:32"
    ],
    "holiday": [
        "10:50",
        "12:40",
        "13:40",
        "14:55",
        "16:40",
        "17:40",
        "18:40",
        "19:34"
    ],
    "url": "https://www.kanachu.co.jp/dia/diagram/timetable01_js/course:0000803512-13/node:00129119/kt:0/lname:/"
}
