{
    "date": "2025/04/19",
    "name": "県立相模原公園前",
    "position": "-",
    "system": "大15",
    "destinations": [
        "山の神坂下",
        "下原(相模原市南区)",
        "原当麻駅東",
        "原当麻駅",
        "新中丸橋",
        "下原中央",
        "下原橋",
        "下中丸",
        "中丸(相模原市南区)",
        "下古山",
        "古山三谷",
        "上溝新開",
        "七曲り下",
        "虹吹",
        "田島(相模原市中央区)",
        "亀ヶ池八幡宮前",
        "北相前",
        "田中住宅前",
        "農協下",
        "元町(相模原市中央区)",
        "本町(相模原市中央区)",
        "上溝中央",
        "上溝"
    ],
    "weekday": [
        "10:27",
        "11:24",
        "12:50",
        "13:50",
        "15:20",
        "16:15",
        "17:45",
        "18:15",
        "19:23",
        "20:33"
    ],
    "saturday": [
        "10:42",
        "11:42",
        "12:42",
        "13:42",
        "14:59",
        "16:44",
        "17:44",
        "18:44",
        "19:41",
        "20:35"
    ],
    "holiday": [
        "10:53",
        "12:43",
        "13:43",
        "14:58",
        "16:43",
        "17:43",
        "18:43",
        "19:37"
    ],
    "url": "https://www.kanachu.co.jp/dia/diagram/timetable01_js/course:0000803512-15/node:00129133/kt:0/lname:/"
}
