{
    "date": "2025/04/19",
    "name": "山の神坂下",
    "position": "-",
    "system": "大15",
    "destinations": [
        "下原(相模原市南区)",
        "原当麻駅東",
        "原当麻駅",
        "新中丸橋",
        "下原中央",
        "下原橋",
        "下中丸",
        "中丸(相模原市南区)",
        "下古山",
        "古山三谷",
        "上溝新開",
        "七曲り下",
        "虹吹",
        "田島(相模原市中央区)",
        "亀ヶ池八幡宮前",
        "北相前",
        "田中住宅前",
        "農協下",
        "元町(相模原市中央区)",
        "本町(相模原市中央区)",
        "上溝中央",
        "上溝"
    ],
    "weekday": [
        "10:28",
        "11:25",
        "12:51",
        "13:51",
        "15:21",
        "16:16",
        "17:46",
        "18:16",
        "19:24",
        "20:34"
    ],
    "saturday": [
        "10:43",
        "11:43",
        "12:43",
        "13:43",
        "15:00",
        "16:45",
        "17:45",
        "18:45",
        "19:42",
        "20:36"
    ],
    "holiday": [
        "10:54",
        "12:44",
        "13:44",
        "14:59",
        "16:44",
        "17:44",
        "18:44",
        "19:38"
    ],
    "url": "https://www.kanachu.co.jp/dia/diagram/timetable01_js/course:0000803512-16/node:00129239/kt:0/lname:/"
}
