{
    "date": "2025/04/19",
    "name": "下原(相模原市南区)",
    "position": "-",
    "system": "大15",
    "destinations": [
        "原当麻駅東",
        "原当麻駅",
        "新中丸橋",
        "下原中央",
        "下原橋",
        "下中丸",
        "中丸(相模原市南区)",
        "下古山",
        "古山三谷",
        "上溝新開",
        "七曲り下",
        "虹吹",
        "田島(相模原市中央区)",
        "亀ヶ池八幡宮前",
        "北相前",
        "田中住宅前",
        "農協下",
        "元町(相模原市中央区)",
        "本町(相模原市中央区)",
        "上溝中央",
        "上溝"
    ],
    "weekday": [
        "10:29",
        "11:26",
        "12:52",
        "13:52",
        "15:22",
        "16:17",
        "17:47",
        "18:17",
        "19:25",
        "20:35"
    ],
    "saturday": [
        "10:44",
        "11:44",
        "12:44",
        "13:44",
        "15:01",
        "16:46",
        "17:46",
        "18:46",
        "19:43",
        "20:37"
    ],
    "holiday": [
        "10:55",
        "12:45",
        "13:45",
        "15:00",
        "16:45",
        "17:45",
        "18:45",
        "19:39"
    ],
    "url": "https://www.kanachu.co.jp/dia/diagram/timetable01_js/course:0000803512-17/node:00129166/kt:0/lname:/"
}
