{
    "date": "2025/04/19",
    "name": "原当麻駅",
    "position": "-",
    "system": "大15",
    "destinations": [
        "新中丸橋",
        "下原中央",
        "下原橋",
        "下中丸",
        "中丸(相模原市南区)",
        "下古山",
        "古山三谷",
        "上溝新開",
        "七曲り下",
        "虹吹",
        "田島(相模原市中央区)",
        "亀ヶ池八幡宮前",
        "北相前",
        "田中住宅前",
        "農協下",
        "元町(相模原市中央区)",
        "本町(相模原市中央区)",
        "上溝中央",
        "上溝"
    ],
    "weekday": [
        "10:34",
        "11:31",
        "12:57",
        "13:57",
        "15:27",
        "16:22",
        "17:52",
        "18:22",
        "19:30",
        "20:40"
    ],
    "saturday": [
        "10:49",
        "11:49",
        "12:49",
        "13:49",
        "15:06",
        "16:51",
        "17:51",
        "18:51",
        "19:48",
        "20:42"
    ],
    "holiday": [
        "11:00",
        "12:50",
        "13:50",
        "15:05",
        "16:50",
        "17:50",
        "18:50",
        "19:44"
    ],
    "url": "https://www.kanachu.co.jp/dia/diagram/timetable01_js/course:0000803512-19/node:00129319/kt:0/lname:/"
}
