{
    "date": "2025/04/19",
    "name": "下原中央",
    "position": "-",
    "system": "大15",
    "destinations": [
        "下原橋",
        "下中丸",
        "中丸(相模原市南区)",
        "下古山",
        "古山三谷",
        "上溝新開",
        "七曲り下",
        "虹吹",
        "田島(相模原市中央区)",
        "亀ヶ池八幡宮前",
        "北相前",
        "田中住宅前",
        "農協下",
        "元町(相模原市中央区)",
        "本町(相模原市中央区)",
        "上溝中央",
        "上溝"
    ],
    "weekday": [
        "10:35",
        "11:32",
        "12:58",
        "13:58",
        "15:28",
        "16:23",
        "17:53",
        "18:23",
        "19:31",
        "20:41"
    ],
    "saturday": [
        "10:50",
        "11:50",
        "12:50",
        "13:50",
        "15:07",
        "16:52",
        "17:52",
        "18:52",
        "19:49",
        "20:43"
    ],
    "holiday": [
        "11:01",
        "12:51",
        "13:51",
        "15:06",
        "16:51",
        "17:51",
        "18:51",
        "19:45"
    ],
    "url": "https://www.kanachu.co.jp/dia/diagram/timetable01_js/course:0000803512-21/node:00129350/kt:0/lname:/"
}
