{
    "date": "2025/04/19",
    "name": "中丸(相模原市南区)",
    "position": "-",
    "system": "大15",
    "destinations": [
        "下古山",
        "古山三谷",
        "上溝新開",
        "七曲り下",
        "虹吹",
        "田島(相模原市中央区)",
        "亀ヶ池八幡宮前",
        "北相前",
        "田中住宅前",
        "農協下",
        "元町(相模原市中央区)",
        "本町(相模原市中央区)",
        "上溝中央",
        "上溝"
    ],
    "weekday": [
        "10:37",
        "11:34",
        "13:00",
        "14:00",
        "15:30",
        "16:25",
        "17:55",
        "18:25",
        "19:33",
        "20:43"
    ],
    "saturday": [
        "10:52",
        "11:52",
        "12:52",
        "13:52",
        "15:09",
        "16:54",
        "17:54",
        "18:54",
        "19:51",
        "20:45"
    ],
    "holiday": [
        "11:03",
        "12:53",
        "13:53",
        "15:08",
        "16:53",
        "17:53",
        "18:53",
        "19:47"
    ],
    "url": "https://www.kanachu.co.jp/dia/diagram/timetable01_js/course:0000803512-24/node:00129209/kt:0/lname:/"
}
