{
    "date": "2025/04/19",
    "name": "下古山",
    "position": "-",
    "system": "大15",
    "destinations": [
        "古山三谷",
        "上溝新開",
        "七曲り下",
        "虹吹",
        "田島(相模原市中央区)",
        "亀ヶ池八幡宮前",
        "北相前",
        "田中住宅前",
        "農協下",
        "元町(相模原市中央区)",
        "本町(相模原市中央区)",
        "上溝中央",
        "上溝"
    ],
    "weekday": [
        "10:38",
        "11:35",
        "13:01",
        "14:01",
        "15:31",
        "16:26",
        "17:56",
        "18:26",
        "19:34",
        "20:44"
    ],
    "saturday": [
        "10:53",
        "11:53",
        "12:53",
        "13:53",
        "15:10",
        "16:55",
        "17:55",
        "18:55",
        "19:52",
        "20:46"
    ],
    "holiday": [
        "11:04",
        "12:54",
        "13:54",
        "15:09",
        "16:54",
        "17:54",
        "18:54",
        "19:48"
    ],
    "url": "https://www.kanachu.co.jp/dia/diagram/timetable01_js/course:0000803512-25/node:00129165/kt:0/lname:/"
}
