{
    "date": "2025/04/19",
    "name": "古山三谷",
    "position": "-",
    "system": "大15",
    "destinations": [
        "上溝新開",
        "七曲り下",
        "虹吹",
        "田島(相模原市中央区)",
        "亀ヶ池八幡宮前",
        "北相前",
        "田中住宅前",
        "農協下",
        "元町(相模原市中央区)",
        "本町(相模原市中央区)",
        "上溝中央",
        "上溝"
    ],
    "weekday": [
        "10:39",
        "11:36",
        "13:02",
        "14:02",
        "15:32",
        "16:27",
        "17:57",
        "18:27",
        "19:35",
        "20:45"
    ],
    "saturday": [
        "10:54",
        "11:54",
        "12:54",
        "13:54",
        "15:11",
        "16:56",
        "17:56",
        "18:56",
        "19:53",
        "20:47"
    ],
    "holiday": [
        "11:05",
        "12:55",
        "13:55",
        "15:10",
        "16:55",
        "17:55",
        "18:55",
        "19:49"
    ],
    "url": "https://www.kanachu.co.jp/dia/diagram/timetable01_js/course:0000803512-26/node:00129147/kt:0/lname:/"
}
