{
    "date": "2025/04/19",
    "name": "上溝新開",
    "position": "-",
    "system": "大15",
    "destinations": [
        "七曲り下",
        "虹吹",
        "田島(相模原市中央区)",
        "亀ヶ池八幡宮前",
        "北相前",
        "田中住宅前",
        "農協下",
        "元町(相模原市中央区)",
        "本町(相模原市中央区)",
        "上溝中央",
        "上溝"
    ],
    "weekday": [
        "10:40",
        "11:37",
        "13:03",
        "14:03",
        "15:33",
        "16:28",
        "17:58",
        "18:28",
        "19:35",
        "20:45"
    ],
    "saturday": [
        "10:55",
        "11:55",
        "12:55",
        "13:55",
        "15:12",
        "16:57",
        "17:57",
        "18:57",
        "19:53",
        "20:47"
    ],
    "holiday": [
        "11:06",
        "12:56",
        "13:56",
        "15:11",
        "16:56",
        "17:56",
        "18:56",
        "19:49"
    ],
    "url": "https://www.kanachu.co.jp/dia/diagram/timetable01_js/course:0000803512-27/node:00129113/kt:0/lname:/"
}
