{
    "date": "2025/04/19",
    "name": "上溝中央",
    "position": "-",
    "system": "大15",
    "destinations": [
        "上溝"
    ],
    "weekday": [
        "10:50",
        "11:47",
        "13:13",
        "14:13",
        "15:43",
        "16:38",
        "18:08",
        "18:38",
        "19:43",
        "20:53"
    ],
    "saturday": [
        "11:05",
        "12:05",
        "13:05",
        "14:05",
        "15:22",
        "17:07",
        "18:07",
        "19:06",
        "20:01",
        "20:55"
    ],
    "holiday": [
        "11:16",
        "13:06",
        "14:06",
        "15:21",
        "17:06",
        "18:06",
        "19:05",
        "19:57"
    ],
    "url": "https://www.kanachu.co.jp/dia/diagram/timetable01_js/course:0000803512-37/node:00129348/kt:0/lname:/"
}
