{
    "date": "2024/07/08",
    "name": "あけぼの病院前",
    "position": "-",
    "system": "町76",
    "destinations": [
        "中町一丁目(町田市)",
        "町田第一小学校入口",
        "中町三丁目(町田市)",
        "協同住宅",
        "南大谷都営前",
        "神社前(町田市)",
        "南大谷小学校入口",
        "大谷原",
        "三ツ又(町田市)",
        "成瀬台入口",
        "ポプラヶ丘前",
        "成瀬台二丁目",
        "野村住宅中央",
        "成瀬台"
    ],
    "weekday": [
        "6:35",
        "6:54",
        "7:16",
        "7:36",
        "7:51",
        "8:13",
        "8:38",
        "8:58",
        "9:18",
        "9:36",
        "9:56",
        "10:15",
        "10:35",
        "10:55",
        "11:15",
        "11:35",
        "11:55",
        "12:18",
        "12:43",
        "13:11",
        "13:38",
        "14:06",
        "14:28",
        "14:55",
        "15:18",
        "15:48",
        "16:08",
        "16:35",
        "16:55",
        "17:15",
        "17:35",
        "17:55",
        "18:15",
        "18:35",
        "18:55",
        "19:13",
        "19:41",
        "20:11",
        "20:37",
        "21:04",
        "21:42",
        "22:32"
    ],
    "saturday": [
        "7:32",
        "7:57",
        "8:12",
        "8:32",
        "8:57",
        "9:17",
        "9:48",
        "10:08",
        "10:35",
        "10:58",
        "11:23",
        "11:47",
        "12:13",
        "12:45",
        "13:15",
        "13:46",
        "14:15",
        "14:45",
        "15:15",
        "15:45",
        "16:10",
        "16:35",
        "16:54",
        "17:13",
        "17:35",
        "17:55",
        "18:21",
        "18:43",
        "19:15",
        "19:35",
        "20:09",
        "20:33",
        "21:14",
        "22:06"
    ],
    "holiday": [
        "7:32",
        "8:07",
        "8:32",
        "8:52",
        "9:13",
        "9:48",
        "10:13",
        "10:38",
        "11:03",
        "11:33",
        "12:07",
        "12:45",
        "13:15",
        "13:45",
        "14:15",
        "14:45",
        "15:15",
        "15:34",
        "15:54",
        "16:15",
        "16:44",
        "17:03",
        "17:23",
        "17:48",
        "18:13",
        "18:43",
        "19:15",
        "19:35",
        "20:03",
        "20:33",
        "21:22"
    ],
    "url": "https://www.kanachu.co.jp/dia/diagram/timetable01_js/course:0000802968-3/node:00130369/kt:0/lname:/"
}
