{
    "date": "2024/07/08",
    "name": "中町三丁目(町田市)",
    "position": "-",
    "system": "町76",
    "destinations": [
        "協同住宅",
        "南大谷都営前",
        "神社前(町田市)",
        "南大谷小学校入口",
        "大谷原",
        "三ツ又(町田市)",
        "成瀬台入口",
        "ポプラヶ丘前",
        "成瀬台二丁目",
        "野村住宅中央",
        "成瀬台"
    ],
    "weekday": [
        "6:39",
        "6:58",
        "7:21",
        "7:41",
        "7:56",
        "8:18",
        "8:43",
        "9:03",
        "9:23",
        "9:41",
        "10:01",
        "10:20",
        "10:40",
        "11:00",
        "11:20",
        "11:40",
        "12:00",
        "12:23",
        "12:48",
        "13:16",
        "13:43",
        "14:11",
        "14:33",
        "15:00",
        "15:23",
        "15:53",
        "16:13",
        "16:40",
        "17:00",
        "17:20",
        "17:40",
        "18:00",
        "18:20",
        "18:40",
        "19:00",
        "19:18",
        "19:46",
        "20:15",
        "20:41",
        "21:08",
        "21:46",
        "22:36"
    ],
    "saturday": [
        "7:36",
        "8:01",
        "8:16",
        "8:36",
        "9:01",
        "9:21",
        "9:53",
        "10:13",
        "10:40",
        "11:03",
        "11:28",
        "11:52",
        "12:18",
        "12:50",
        "13:20",
        "13:51",
        "14:20",
        "14:50",
        "15:20",
        "15:50",
        "16:15",
        "16:40",
        "16:59",
        "17:18",
        "17:40",
        "18:00",
        "18:26",
        "18:48",
        "19:20",
        "19:40",
        "20:13",
        "20:37",
        "21:18",
        "22:10"
    ],
    "holiday": [
        "7:36",
        "8:11",
        "8:36",
        "8:56",
        "9:18",
        "9:53",
        "10:18",
        "10:43",
        "11:08",
        "11:38",
        "12:12",
        "12:50",
        "13:20",
        "13:50",
        "14:20",
        "14:50",
        "15:20",
        "15:39",
        "15:59",
        "16:20",
        "16:49",
        "17:08",
        "17:28",
        "17:53",
        "18:18",
        "18:48",
        "19:20",
        "19:40",
        "20:07",
        "20:37",
        "21:26"
    ],
    "url": "https://www.kanachu.co.jp/dia/diagram/timetable01_js/course:0000802968-6/node:00129462/kt:0/lname:/"
}
