{
    "date": "2024/07/08",
    "name": "協同住宅",
    "position": "-",
    "system": "町76",
    "destinations": [
        "南大谷都営前",
        "神社前(町田市)",
        "南大谷小学校入口",
        "大谷原",
        "三ツ又(町田市)",
        "成瀬台入口",
        "ポプラヶ丘前",
        "成瀬台二丁目",
        "野村住宅中央",
        "成瀬台"
    ],
    "weekday": [
        "6:40",
        "6:59",
        "7:22",
        "7:42",
        "7:57",
        "8:19",
        "8:44",
        "9:04",
        "9:24",
        "9:42",
        "10:02",
        "10:21",
        "10:41",
        "11:01",
        "11:21",
        "11:41",
        "12:01",
        "12:24",
        "12:49",
        "13:17",
        "13:44",
        "14:12",
        "14:34",
        "15:01",
        "15:24",
        "15:54",
        "16:14",
        "16:41",
        "17:01",
        "17:21",
        "17:41",
        "18:01",
        "18:21",
        "18:41",
        "19:01",
        "19:19",
        "19:47",
        "20:16",
        "20:42",
        "21:09",
        "21:47",
        "22:37"
    ],
    "saturday": [
        "7:37",
        "8:02",
        "8:17",
        "8:37",
        "9:02",
        "9:22",
        "9:54",
        "10:14",
        "10:41",
        "11:04",
        "11:29",
        "11:53",
        "12:19",
        "12:51",
        "13:21",
        "13:52",
        "14:21",
        "14:51",
        "15:21",
        "15:51",
        "16:16",
        "16:41",
        "17:00",
        "17:19",
        "17:41",
        "18:01",
        "18:27",
        "18:49",
        "19:21",
        "19:41",
        "20:14",
        "20:38",
        "21:19",
        "22:11"
    ],
    "holiday": [
        "7:37",
        "8:12",
        "8:37",
        "8:57",
        "9:19",
        "9:54",
        "10:19",
        "10:44",
        "11:09",
        "11:39",
        "12:13",
        "12:51",
        "13:21",
        "13:51",
        "14:21",
        "14:51",
        "15:21",
        "15:40",
        "16:00",
        "16:21",
        "16:50",
        "17:09",
        "17:29",
        "17:54",
        "18:19",
        "18:49",
        "19:21",
        "19:41",
        "20:08",
        "20:38",
        "21:27"
    ],
    "url": "https://www.kanachu.co.jp/dia/diagram/timetable01_js/course:0000802968-7/node:00129461/kt:0/lname:/"
}
