{
    "date": "2024/07/08",
    "name": "大谷原",
    "position": "-",
    "system": "町76",
    "destinations": [
        "三ツ又(町田市)",
        "成瀬台入口",
        "ポプラヶ丘前",
        "成瀬台二丁目",
        "野村住宅中央",
        "成瀬台"
    ],
    "weekday": [
        "6:45",
        "7:04",
        "7:27",
        "7:47",
        "8:02",
        "8:24",
        "8:49",
        "9:09",
        "9:29",
        "9:47",
        "10:07",
        "10:26",
        "10:46",
        "11:06",
        "11:26",
        "11:46",
        "12:06",
        "12:29",
        "12:54",
        "13:22",
        "13:49",
        "14:17",
        "14:39",
        "15:06",
        "15:29",
        "15:59",
        "16:19",
        "16:46",
        "17:06",
        "17:26",
        "17:46",
        "18:06",
        "18:26",
        "18:46",
        "19:06",
        "19:24",
        "19:52",
        "20:21",
        "20:47",
        "21:14",
        "21:52",
        "22:42"
    ],
    "saturday": [
        "7:42",
        "8:07",
        "8:22",
        "8:42",
        "9:07",
        "9:27",
        "9:59",
        "10:19",
        "10:46",
        "11:09",
        "11:34",
        "11:58",
        "12:24",
        "12:56",
        "13:26",
        "13:57",
        "14:26",
        "14:56",
        "15:26",
        "15:56",
        "16:21",
        "16:46",
        "17:05",
        "17:24",
        "17:46",
        "18:06",
        "18:32",
        "18:54",
        "19:26",
        "19:46",
        "20:19",
        "20:43",
        "21:24",
        "22:16"
    ],
    "holiday": [
        "7:42",
        "8:17",
        "8:42",
        "9:02",
        "9:24",
        "9:59",
        "10:24",
        "10:49",
        "11:14",
        "11:44",
        "12:18",
        "12:56",
        "13:26",
        "13:56",
        "14:26",
        "14:56",
        "15:26",
        "15:45",
        "16:05",
        "16:26",
        "16:55",
        "17:14",
        "17:34",
        "17:59",
        "18:24",
        "18:54",
        "19:26",
        "19:46",
        "20:13",
        "20:43",
        "21:32"
    ],
    "url": "https://www.kanachu.co.jp/dia/diagram/timetable01_js/course:0000802968-11/node:00129597/kt:0/lname:/"
}
