{
    "date": "2024/07/08",
    "name": "成瀬台二丁目",
    "position": "-",
    "system": "町76",
    "destinations": [
        "野村住宅中央",
        "成瀬台"
    ],
    "weekday": [
        "6:49",
        "7:10",
        "7:33",
        "7:53",
        "8:08",
        "8:30",
        "8:55",
        "9:15",
        "9:35",
        "9:53",
        "10:13",
        "10:32",
        "10:52",
        "11:12",
        "11:32",
        "11:52",
        "12:12",
        "12:35",
        "13:00",
        "13:28",
        "13:55",
        "14:23",
        "14:45",
        "15:12",
        "15:35",
        "16:05",
        "16:25",
        "16:52",
        "17:12",
        "17:32",
        "17:52",
        "18:12",
        "18:32",
        "18:52",
        "19:12",
        "19:30",
        "19:58",
        "20:25",
        "20:51",
        "21:18",
        "21:56",
        "22:46"
    ],
    "saturday": [
        "7:47",
        "8:12",
        "8:27",
        "8:47",
        "9:12",
        "9:32",
        "10:04",
        "10:24",
        "10:51",
        "11:15",
        "11:40",
        "12:04",
        "12:30",
        "13:02",
        "13:32",
        "14:03",
        "14:32",
        "15:02",
        "15:32",
        "16:02",
        "16:27",
        "16:52",
        "17:11",
        "17:30",
        "17:52",
        "18:12",
        "18:38",
        "19:00",
        "19:32",
        "19:52",
        "20:24",
        "20:48",
        "21:28",
        "22:20"
    ],
    "holiday": [
        "7:47",
        "8:22",
        "8:47",
        "9:08",
        "9:30",
        "10:05",
        "10:30",
        "10:55",
        "11:20",
        "11:50",
        "12:24",
        "13:02",
        "13:32",
        "14:02",
        "14:32",
        "15:02",
        "15:32",
        "15:51",
        "16:11",
        "16:32",
        "17:01",
        "17:20",
        "17:40",
        "18:05",
        "18:30",
        "19:00",
        "19:32",
        "19:52",
        "20:18",
        "20:48",
        "21:36"
    ],
    "url": "https://www.kanachu.co.jp/dia/diagram/timetable01_js/course:0000802968-15/node:00129601/kt:0/lname:/"
}
