{
    "date": "2024/07/08",
    "name": "野村住宅中央",
    "position": "-",
    "system": "町76",
    "destinations": [
        "成瀬台"
    ],
    "weekday": [
        "6:50",
        "7:11",
        "7:34",
        "7:54",
        "8:09",
        "8:31",
        "8:56",
        "9:16",
        "9:36",
        "9:54",
        "10:14",
        "10:33",
        "10:53",
        "11:13",
        "11:33",
        "11:53",
        "12:13",
        "12:36",
        "13:01",
        "13:29",
        "13:56",
        "14:24",
        "14:46",
        "15:13",
        "15:36",
        "16:06",
        "16:26",
        "16:53",
        "17:13",
        "17:33",
        "17:53",
        "18:13",
        "18:33",
        "18:53",
        "19:13",
        "19:31",
        "19:59",
        "20:26",
        "20:52",
        "21:19",
        "21:57",
        "22:47"
    ],
    "saturday": [
        "7:48",
        "8:13",
        "8:28",
        "8:48",
        "9:13",
        "9:33",
        "10:05",
        "10:25",
        "10:52",
        "11:16",
        "11:41",
        "12:05",
        "12:31",
        "13:03",
        "13:33",
        "14:04",
        "14:33",
        "15:03",
        "15:33",
        "16:03",
        "16:28",
        "16:53",
        "17:12",
        "17:31",
        "17:53",
        "18:13",
        "18:39",
        "19:01",
        "19:33",
        "19:53",
        "20:25",
        "20:49",
        "21:29",
        "22:21"
    ],
    "holiday": [
        "7:48",
        "8:23",
        "8:48",
        "9:09",
        "9:31",
        "10:06",
        "10:31",
        "10:56",
        "11:21",
        "11:51",
        "12:25",
        "13:03",
        "13:33",
        "14:03",
        "14:33",
        "15:03",
        "15:33",
        "15:52",
        "16:12",
        "16:33",
        "17:02",
        "17:21",
        "17:41",
        "18:06",
        "18:31",
        "19:01",
        "19:33",
        "19:53",
        "20:19",
        "20:49",
        "21:37"
    ],
    "url": "https://www.kanachu.co.jp/dia/diagram/timetable01_js/course:0000802968-16/node:00129602/kt:0/lname:/"
}
