{
    "date": "2025/01/14",
    "name": "上荻野",
    "position": "-",
    "system": "厚03",
    "destinations": [
        "上荻野車庫前",
        "平山坂上",
        "半僧坊前",
        "田代(愛甲郡愛川町)",
        "愛川田代局前",
        "田代坂下",
        "田代坂上",
        "馬渡(愛甲郡愛川町)",
        "深沢尻",
        "愛川橋",
        "原下(愛甲郡愛川町)",
        "学校入口(愛甲郡愛川町)",
        "撚糸組合前",
        "半原",
        "川北(愛甲郡愛川町)",
        "愛川大橋",
        "馬場(愛甲郡愛川町)",
        "野外センター前",
        "原臼",
        "細野橋",
        "清雲寺入口"
    ],
    "weekday": [
        "20:28",
        "21:08",
        "21:38",
        "22:38"
    ],
    "saturday": [
        "20:14",
        "21:14",
        "22:22"
    ],
    "holiday": [
        "20:14",
        "21:14",
        "22:22"
    ],
    "url": "https://www.kanachu.co.jp/dia/diagram/timetable01_js/course:0000801696-28/node:00128281/kt:0/lname:/"
}
