{
    "date": "2025/01/14",
    "name": "田代坂下",
    "position": "-",
    "system": "厚03",
    "destinations": [
        "田代坂上",
        "馬渡(愛甲郡愛川町)",
        "深沢尻",
        "愛川橋",
        "原下(愛甲郡愛川町)",
        "学校入口(愛甲郡愛川町)",
        "撚糸組合前",
        "半原",
        "川北(愛甲郡愛川町)",
        "愛川大橋",
        "馬場(愛甲郡愛川町)",
        "野外センター前",
        "原臼",
        "細野橋",
        "清雲寺入口"
    ],
    "weekday": [
        "20:35",
        "21:15",
        "21:45",
        "22:45"
    ],
    "saturday": [
        "20:21",
        "21:21",
        "22:29"
    ],
    "holiday": [
        "20:21",
        "21:21",
        "22:29"
    ],
    "url": "https://www.kanachu.co.jp/dia/diagram/timetable01_js/course:0000801696-34/node:00128287/kt:0/lname:/"
}
