{
    "date": "2025/01/14",
    "name": "学校入口(愛甲郡愛川町)",
    "position": "-",
    "system": "厚03",
    "destinations": [
        "撚糸組合前",
        "半原",
        "川北(愛甲郡愛川町)",
        "愛川大橋",
        "馬場(愛甲郡愛川町)",
        "野外センター前",
        "原臼",
        "細野橋",
        "清雲寺入口"
    ],
    "weekday": [
        "20:41",
        "21:21",
        "21:51",
        "22:51"
    ],
    "saturday": [
        "20:27",
        "21:27",
        "22:35"
    ],
    "holiday": [
        "20:27",
        "21:27",
        "22:35"
    ],
    "url": "https://www.kanachu.co.jp/dia/diagram/timetable01_js/course:0000801696-40/node:00128293/kt:0/lname:/"
}
