{
    "date": "2026/01/16",
    "name": "神学校(町田市)",
    "position": "-",
    "system": "町78",
    "destinations": [
        "並木(町田市)",
        "図師",
        "図師大橋",
        "馬駈",
        "忠生三丁目",
        "JA忠生支店前",
        "忠生",
        "上の原(町田市)",
        "町田総合高校前",
        "木曽南団地",
        "横町(町田市)",
        "境川団地",
        "境川団地中央",
        "境川団地入口",
        "木曽都営入口",
        "桧台入口",
        "森野六丁目",
        "森野五丁目",
        "妙延寺(町田市)",
        "町田市役所市民ホール前",
        "町田バスセンター"
    ],
    "weekday": [
        "5:44",
        "5:53",
        "6:02",
        "10:09",
        "11:16",
        "12:16",
        "13:16",
        "14:19",
        "15:16",
        "16:21",
        "17:21",
        "18:22",
        "19:24",
        "20:24"
    ],
    "saturday": [
        "5:43",
        "7:09",
        "9:26",
        "10:26",
        "11:26",
        "12:28",
        "13:28",
        "14:26",
        "15:26",
        "16:26",
        "17:28",
        "18:26",
        "19:16",
        "20:23"
    ],
    "holiday": [
        "5:49",
        "7:09",
        "9:23",
        "10:29",
        "11:28",
        "12:28",
        "13:28",
        "14:28",
        "15:26",
        "16:26",
        "17:30",
        "18:28",
        "19:26",
        "20:26"
    ],
    "url": "https://www.kanachu.co.jp/dia/diagram/timetable01_js/course:0000804093-2/node:00129372/kt:0/lname:/"
}
