{
    "date": "2026/01/16",
    "name": "並木(町田市)",
    "position": "-",
    "system": "町78",
    "destinations": [
        "図師",
        "図師大橋",
        "馬駈",
        "忠生三丁目",
        "JA忠生支店前",
        "忠生",
        "上の原(町田市)",
        "町田総合高校前",
        "木曽南団地",
        "横町(町田市)",
        "境川団地",
        "境川団地中央",
        "境川団地入口",
        "木曽都営入口",
        "桧台入口",
        "森野六丁目",
        "森野五丁目",
        "妙延寺(町田市)",
        "町田市役所市民ホール前",
        "町田バスセンター"
    ],
    "weekday": [
        "5:45",
        "5:54",
        "6:03",
        "10:10",
        "11:17",
        "12:17",
        "13:17",
        "14:20",
        "15:18",
        "16:23",
        "17:23",
        "18:24",
        "19:25",
        "20:25"
    ],
    "saturday": [
        "5:44",
        "7:11",
        "9:27",
        "10:27",
        "11:27",
        "12:29",
        "13:29",
        "14:27",
        "15:27",
        "16:28",
        "17:30",
        "18:28",
        "19:17",
        "20:24"
    ],
    "holiday": [
        "5:50",
        "7:11",
        "9:24",
        "10:30",
        "11:29",
        "12:29",
        "13:29",
        "14:29",
        "15:28",
        "16:28",
        "17:32",
        "18:29",
        "19:27",
        "20:27"
    ],
    "url": "https://www.kanachu.co.jp/dia/diagram/timetable01_js/course:0000804093-3/node:00129371/kt:0/lname:/"
}
