{
    "date": "2026/01/16",
    "name": "JA忠生支店前",
    "position": "-",
    "system": "町78",
    "destinations": [
        "忠生",
        "上の原(町田市)",
        "町田総合高校前",
        "木曽南団地",
        "横町(町田市)",
        "境川団地",
        "境川団地中央",
        "境川団地入口",
        "木曽都営入口",
        "桧台入口",
        "森野六丁目",
        "森野五丁目",
        "妙延寺(町田市)",
        "町田市役所市民ホール前",
        "町田バスセンター"
    ],
    "weekday": [
        "5:52",
        "6:01",
        "6:10",
        "10:17",
        "11:24",
        "12:24",
        "13:24",
        "14:27",
        "15:25",
        "16:30",
        "17:30",
        "18:31",
        "19:32",
        "20:32"
    ],
    "saturday": [
        "5:51",
        "7:18",
        "9:34",
        "10:34",
        "11:34",
        "12:36",
        "13:36",
        "14:34",
        "15:34",
        "16:35",
        "17:37",
        "18:35",
        "19:24",
        "20:31"
    ],
    "holiday": [
        "5:57",
        "7:18",
        "9:31",
        "10:37",
        "11:36",
        "12:36",
        "13:36",
        "14:36",
        "15:35",
        "16:35",
        "17:39",
        "18:36",
        "19:34",
        "20:34"
    ],
    "url": "https://www.kanachu.co.jp/dia/diagram/timetable01_js/course:0000804093-8/node:00129498/kt:0/lname:/"
}
