{
    "date": "2026/01/16",
    "name": "町田市役所市民ホール前",
    "position": "-",
    "system": "町78",
    "destinations": [
        "町田バスセンター"
    ],
    "weekday": [
        "6:06",
        "6:15",
        "6:24",
        "10:33",
        "11:40",
        "12:40",
        "13:40",
        "14:43",
        "15:41",
        "16:46",
        "17:46",
        "18:47",
        "19:46",
        "20:46"
    ],
    "saturday": [
        "6:05",
        "7:33",
        "9:50",
        "10:50",
        "11:50",
        "12:52",
        "13:52",
        "14:50",
        "15:50",
        "16:51",
        "17:53",
        "18:51",
        "19:37",
        "20:44"
    ],
    "holiday": [
        "6:11",
        "7:32",
        "9:46",
        "10:52",
        "11:52",
        "12:52",
        "13:52",
        "14:52",
        "15:51",
        "16:51",
        "17:55",
        "18:49",
        "19:47",
        "20:47"
    ],
    "url": "https://www.kanachu.co.jp/dia/diagram/timetable01_js/course:0000804093-22/node:00129356/kt:0/lname:/"
}
