{
    "date": "2022/10/16",
    "name": "中村不動入口",
    "position": "-",
    "system": "町60",
    "destinations": [
        "小山郵便局前",
        "小山小学校前(町田市)",
        "横土手",
        "御嶽堂",
        "片所",
        "坂本橋(町田市)",
        "多摩境駅",
        "田端(町田市)",
        "堂の前(町田市)",
        "三ツ目(町田市)",
        "久保ヶ谷戸",
        "寿橋",
        "寿町(相模原市緑区)",
        "旭農協前",
        "橋本駅北口"
    ],
    "weekday": [
        "8:06",
        "9:26"
    ],
    "saturday": [
        "8:10",
        "9:10"
    ],
    "holiday": [],
    "url": "https://www.kanachu.co.jp/dia/diagram/timetable01_js/course:0000802031-22/node:00130095/kt:0/lname:/"
}
