{
    "date": "2022/10/16",
    "name": "御嶽堂",
    "position": "-",
    "system": "町60",
    "destinations": [
        "片所",
        "坂本橋(町田市)",
        "多摩境駅",
        "田端(町田市)",
        "堂の前(町田市)",
        "三ツ目(町田市)",
        "久保ヶ谷戸",
        "寿橋",
        "寿町(相模原市緑区)",
        "旭農協前",
        "橋本駅北口"
    ],
    "weekday": [
        "8:11",
        "9:31"
    ],
    "saturday": [
        "8:14",
        "9:15"
    ],
    "holiday": [],
    "url": "https://www.kanachu.co.jp/dia/diagram/timetable01_js/course:0000802031-26/node:00130092/kt:0/lname:/"
}
