{
    "system": "町60",
    "busstops": [
        {
            "index": "1",
            "id": "00025625",
            "name": "町田バスセンター",
            "lat": "35.543591",
            "lng": "139.444082"
        },
        {
            "index": "2",
            "id": "00130368",
            "name": "町田市役所東",
            "lat": "35.547045",
            "lng": "139.441611"
        },
        {
            "index": "3",
            "id": "00129418",
            "name": "保健所入口",
            "lat": "35.549551",
            "lng": "139.44207"
        },
        {
            "index": "4",
            "id": "00129358",
            "name": "森野三丁目",
            "lat": "35.552678",
            "lng": "139.439366"
        },
        {
            "index": "5",
            "id": "00129359",
            "name": "市民病院前(町田市)",
            "lat": "35.555545",
            "lng": "139.435749"
        },
        {
            "index": "6",
            "id": "00129360",
            "name": "浄水場前(町田市)",
            "lat": "35.557661",
            "lng": "139.433249"
        },
        {
            "index": "7",
            "id": "00129361",
            "name": "滝の沢(町田市)",
            "lat": "35.559716",
            "lng": "139.429759"
        },
        {
            "index": "8",
            "id": "00129362",
            "name": "木曽住宅",
            "lat": "35.563788",
            "lng": "139.426096"
        },
        {
            "index": "9",
            "id": "00129363",
            "name": "三家(町田市)",
            "lat": "35.564575",
            "lng": "139.425469"
        },
        {
            "index": "10",
            "id": "00129364",
            "name": "木曽(町田市)",
            "lat": "35.568528",
            "lng": "139.4225"
        },
        {
            "index": "11",
            "id": "00129494",
            "name": "忠生公園入口",
            "lat": "35.571423",
            "lng": "139.420864"
        },
        {
            "index": "12",
            "id": "00129365",
            "name": "上宿(町田市)",
            "lat": "35.574575",
            "lng": "139.418673"
        },
        {
            "index": "13",
            "id": "00129366",
            "name": "下根岸(町田市)",
            "lat": "35.576358",
            "lng": "139.414946"
        },
        {
            "index": "14",
            "id": "00129367",
            "name": "根岸(根岸町/町田市)",
            "lat": "35.577754",
            "lng": "139.412485"
        },
        {
            "index": "15",
            "id": "00129515",
            "name": "忠生都営住宅前",
            "lat": "35.578608",
            "lng": "139.40965"
        },
        {
            "index": "16",
            "id": "00130100",
            "name": "矢部",
            "lat": "35.581046",
            "lng": "139.404626"
        },
        {
            "index": "17",
            "id": "00130099",
            "name": "下常盤",
            "lat": "35.58391",
            "lng": "139.402084"
        },
        {
            "index": "18",
            "id": "00130098",
            "name": "中常盤",
            "lat": "35.58494",
            "lng": "139.398751"
        },
        {
            "index": "19",
            "id": "00129202",
            "name": "常盤(町田市)",
            "lat": "35.58571",
            "lng": "139.39541"
        },
        {
            "index": "20",
            "id": "00130097",
            "name": "下馬場",
            "lat": "35.586928",
            "lng": "139.390826"
        },
        {
            "index": "21",
            "id": "00130096",
            "name": "馬場十字路",
            "lat": "35.589413",
            "lng": "139.387197"
        },
        {
            "index": "22",
            "id": "00130095",
            "name": "中村不動入口",
            "lat": "35.590624",
            "lng": "139.384754"
        },
        {
            "index": "23",
            "id": "00130094",
            "name": "小山郵便局前",
            "lat": "35.591954",
            "lng": "139.380811"
        },
        {
            "index": "24",
            "id": "00130093",
            "name": "小山小学校前(町田市)",
            "lat": "35.593206",
            "lng": "139.377936"
        },
        {
            "index": "25",
            "id": "00020167",
            "name": "横土手",
            "lat": "35.594502",
            "lng": "139.375166"
        },
        {
            "index": "26",
            "id": "00130092",
            "name": "御嶽堂",
            "lat": "35.595645",
            "lng": "139.371614"
        },
        {
            "index": "27",
            "id": "00130091",
            "name": "片所",
            "lat": "35.59703",
            "lng": "139.368054"
        },
        {
            "index": "28",
            "id": "00130090",
            "name": "坂本橋(町田市)",
            "lat": "35.598469",
            "lng": "139.364862"
        },
        {
            "index": "29",
            "id": "00021669",
            "name": "多摩境駅",
            "lat": "35.602235",
            "lng": "139.366354"
        },
        {
            "index": "30",
            "id": "00130089",
            "name": "田端(町田市)",
            "lat": "35.600109",
            "lng": "139.360641"
        },
        {
            "index": "31",
            "id": "00130088",
            "name": "堂の前(町田市)",
            "lat": "35.600757",
            "lng": "139.354976"
        },
        {
            "index": "32",
            "id": "00130087",
            "name": "三ツ目(町田市)",
            "lat": "35.601337",
            "lng": "139.352921"
        },
        {
            "index": "33",
            "id": "00128992",
            "name": "久保ヶ谷戸",
            "lat": "35.602554",
            "lng": "139.349483"
        },
        {
            "index": "34",
            "id": "00130222",
            "name": "寿橋",
            "lat": "35.601818",
            "lng": "139.348517"
        },
        {
            "index": "35",
            "id": "00128991",
            "name": "寿町(相模原市緑区)",
            "lat": "35.599324",
            "lng": "139.347667"
        },
        {
            "index": "36",
            "id": "00020098",
            "name": "旭農協前",
            "lat": "35.59733",
            "lng": "139.346453"
        },
        {
            "index": "37",
            "id": "00128969",
            "name": "橋本駅北口",
            "lat": "35.595413",
            "lng": "139.344909"
        }
    ],
    "route_url": "https://www.kanachu.co.jp/dia/route/index/cid:0000802031/"
}
