{
    "date": "2024/11/16",
    "name": "遊行寺前",
    "position": "-",
    "system": "藤65",
    "destinations": [
        "藤沢公民館前",
        "本町消防出張所前",
        "白旗交差点",
        "台町(藤沢市)",
        "伊勢山入口",
        "修道院下",
        "修道院前",
        "関東航空前",
        "石原谷",
        "荏原工業団地",
        "茅山(藤沢市)",
        "善行二丁目",
        "善行駅"
    ],
    "weekday": [
        "7:53"
    ],
    "saturday": [],
    "holiday": [],
    "url": "https://www.kanachu.co.jp/dia/diagram/timetable01_js/course:0000803641-3/node:00127009/kt:0/lname:/"
}
