{
    "date": "2025/07/12",
    "name": "駒寄小学校前",
    "position": "-",
    "system": "善03",
    "destinations": [
        "北の谷",
        "弁天前(藤沢市)",
        "天神社前",
        "舟地蔵",
        "大六天(藤沢市)",
        "卸売市場前(藤沢市)",
        "中郷(藤沢市)",
        "関東航空前",
        "石原谷",
        "茅山(藤沢市)",
        "善行二丁目",
        "善行駅"
    ],
    "weekday": [
        "6:07",
        "7:04",
        "8:04",
        "16:55",
        "17:55"
    ],
    "saturday": [
        "7:04",
        "8:04",
        "16:47",
        "17:47"
    ],
    "holiday": [
        "7:04",
        "8:04",
        "16:47",
        "17:47"
    ],
    "url": "https://www.kanachu.co.jp/dia/diagram/timetable01_js/course:0000802688-6/node:00129966/kt:0/lname:/"
}
