{
    "date": "2025/07/12",
    "name": "北の谷",
    "position": "-",
    "system": "善03",
    "destinations": [
        "弁天前(藤沢市)",
        "天神社前",
        "舟地蔵",
        "大六天(藤沢市)",
        "卸売市場前(藤沢市)",
        "中郷(藤沢市)",
        "関東航空前",
        "石原谷",
        "茅山(藤沢市)",
        "善行二丁目",
        "善行駅"
    ],
    "weekday": [
        "6:08",
        "7:05",
        "8:05",
        "16:56",
        "17:56"
    ],
    "saturday": [
        "7:05",
        "8:05",
        "16:48",
        "17:48"
    ],
    "holiday": [
        "7:05",
        "8:05",
        "16:48",
        "17:48"
    ],
    "url": "https://www.kanachu.co.jp/dia/diagram/timetable01_js/course:0000802688-7/node:00127060/kt:0/lname:/"
}
