{
    "date": "2025/07/12",
    "name": "弁天前(藤沢市)",
    "position": "-",
    "system": "善03",
    "destinations": [
        "天神社前",
        "舟地蔵",
        "大六天(藤沢市)",
        "卸売市場前(藤沢市)",
        "中郷(藤沢市)",
        "関東航空前",
        "石原谷",
        "茅山(藤沢市)",
        "善行二丁目",
        "善行駅"
    ],
    "weekday": [
        "6:09",
        "7:06",
        "8:06",
        "16:57",
        "17:57"
    ],
    "saturday": [
        "7:06",
        "8:06",
        "16:49",
        "17:49"
    ],
    "holiday": [
        "7:06",
        "8:06",
        "16:49",
        "17:49"
    ],
    "url": "https://www.kanachu.co.jp/dia/diagram/timetable01_js/course:0000802688-8/node:00127059/kt:0/lname:/"
}
