{
    "date": "2025/07/12",
    "name": "天神社前",
    "position": "-",
    "system": "善03",
    "destinations": [
        "舟地蔵",
        "大六天(藤沢市)",
        "卸売市場前(藤沢市)",
        "中郷(藤沢市)",
        "関東航空前",
        "石原谷",
        "茅山(藤沢市)",
        "善行二丁目",
        "善行駅"
    ],
    "weekday": [
        "6:10",
        "7:07",
        "8:07",
        "16:58",
        "17:58"
    ],
    "saturday": [
        "7:07",
        "8:07",
        "16:50",
        "17:50"
    ],
    "holiday": [
        "7:07",
        "8:07",
        "16:50",
        "17:50"
    ],
    "url": "https://www.kanachu.co.jp/dia/diagram/timetable01_js/course:0000802688-9/node:00127058/kt:0/lname:/"
}
