{
    "date": "2025/07/12",
    "name": "舟地蔵",
    "position": "-",
    "system": "善03",
    "destinations": [
        "大六天(藤沢市)",
        "卸売市場前(藤沢市)",
        "中郷(藤沢市)",
        "関東航空前",
        "石原谷",
        "茅山(藤沢市)",
        "善行二丁目",
        "善行駅"
    ],
    "weekday": [
        "6:11",
        "7:08",
        "8:08",
        "16:59",
        "17:59"
    ],
    "saturday": [
        "7:08",
        "8:08",
        "16:51",
        "17:51"
    ],
    "holiday": [
        "7:08",
        "8:08",
        "16:51",
        "17:51"
    ],
    "url": "https://www.kanachu.co.jp/dia/diagram/timetable01_js/course:0000802688-10/node:00127057/kt:0/lname:/"
}
