{
    "system": "善03",
    "busstops": [
        {
            "index": "1",
            "id": "00129948",
            "name": "湘南ライフタウン",
            "lat": "35.375345",
            "lng": "139.433688"
        },
        {
            "index": "2",
            "id": "00129947",
            "name": "滝の沢不動前",
            "lat": "35.372475",
            "lng": "139.4371"
        },
        {
            "index": "3",
            "id": "00129946",
            "name": "滝の沢(藤沢市)",
            "lat": "35.37163",
            "lng": "139.440356"
        },
        {
            "index": "4",
            "id": "00129945",
            "name": "駒寄",
            "lat": "35.370288",
            "lng": "139.443856"
        },
        {
            "index": "5",
            "id": "00129944",
            "name": "二番構保健医療センター",
            "lat": "35.369074",
            "lng": "139.446467"
        },
        {
            "index": "6",
            "id": "00129966",
            "name": "駒寄小学校前",
            "lat": "35.369399",
            "lng": "139.449539"
        },
        {
            "index": "7",
            "id": "00127060",
            "name": "北の谷",
            "lat": "35.367627",
            "lng": "139.452826"
        },
        {
            "index": "8",
            "id": "00127059",
            "name": "弁天前(藤沢市)",
            "lat": "35.364764",
            "lng": "139.454002"
        },
        {
            "index": "9",
            "id": "00127058",
            "name": "天神社前",
            "lat": "35.362137",
            "lng": "139.454516"
        },
        {
            "index": "10",
            "id": "00127057",
            "name": "舟地蔵",
            "lat": "35.358663",
            "lng": "139.453182"
        },
        {
            "index": "11",
            "id": "00127056",
            "name": "大六天(藤沢市)",
            "lat": "35.354066",
            "lng": "139.454343"
        },
        {
            "index": "12",
            "id": "00127104",
            "name": "卸売市場前(藤沢市)",
            "lat": "35.354731",
            "lng": "139.463147"
        },
        {
            "index": "13",
            "id": "00127103",
            "name": "中郷(藤沢市)",
            "lat": "35.354527",
            "lng": "139.465547"
        },
        {
            "index": "14",
            "id": "00127066",
            "name": "関東航空前",
            "lat": "35.356084",
            "lng": "139.467437"
        },
        {
            "index": "15",
            "id": "00127102",
            "name": "石原谷",
            "lat": "35.357434",
            "lng": "139.467504"
        },
        {
            "index": "16",
            "id": "00127101",
            "name": "茅山(藤沢市)",
            "lat": "35.361567",
            "lng": "139.467887"
        },
        {
            "index": "17",
            "id": "00127072",
            "name": "善行二丁目",
            "lat": "35.364106",
            "lng": "139.469466"
        },
        {
            "index": "18",
            "id": "00127073",
            "name": "善行駅",
            "lat": "35.363151",
            "lng": "139.472987"
        }
    ],
    "route_url": "https://www.kanachu.co.jp/dia/route/index/cid:0000802688/"
}
