{
    "date": "2025/07/27",
    "name": "桜土手(秦野市)",
    "position": "-",
    "system": "秦54",
    "destinations": [
        "テクノパーク",
        "桜土手古墳公園",
        "戸川台",
        "戸川工業団地",
        "戸川入口西",
        "三屋入口",
        "羽根入口",
        "田原入口",
        "六反地",
        "榎木堂",
        "宮上(秦野市)",
        "宮前(秦野市)",
        "上大道",
        "大道(秦野市)",
        "上宿通り",
        "大川橋(秦野市)",
        "まほろば大橋",
        "秦野駅"
    ],
    "weekday": [
        "6:36",
        "7:23",
        "7:56",
        "8:21",
        "15:33",
        "16:36",
        "17:07"
    ],
    "saturday": [],
    "holiday": [],
    "url": "https://www.kanachu.co.jp/dia/diagram/timetable01_js/course:0000801928-3/node:00127990/kt:0/lname:/"
}
