{
    "date": "2025/07/27",
    "name": "桜土手古墳公園",
    "position": "-",
    "system": "秦54",
    "destinations": [
        "戸川台",
        "戸川工業団地",
        "戸川入口西",
        "三屋入口",
        "羽根入口",
        "田原入口",
        "六反地",
        "榎木堂",
        "宮上(秦野市)",
        "宮前(秦野市)",
        "上大道",
        "大道(秦野市)",
        "上宿通り",
        "大川橋(秦野市)",
        "まほろば大橋",
        "秦野駅"
    ],
    "weekday": [
        "6:38",
        "7:26",
        "7:59",
        "8:24",
        "15:35",
        "16:38",
        "17:09"
    ],
    "saturday": [],
    "holiday": [],
    "url": "https://www.kanachu.co.jp/dia/diagram/timetable01_js/course:0000801928-5/node:00130349/kt:0/lname:/"
}
