{
    "date": "2025/07/27",
    "name": "戸川入口西",
    "position": "-",
    "system": "秦54",
    "destinations": [
        "三屋入口",
        "羽根入口",
        "田原入口",
        "六反地",
        "榎木堂",
        "宮上(秦野市)",
        "宮前(秦野市)",
        "上大道",
        "大道(秦野市)",
        "上宿通り",
        "大川橋(秦野市)",
        "まほろば大橋",
        "秦野駅"
    ],
    "weekday": [
        "6:43",
        "7:31",
        "8:04",
        "8:29",
        "15:40",
        "16:43",
        "17:14"
    ],
    "saturday": [],
    "holiday": [],
    "url": "https://www.kanachu.co.jp/dia/diagram/timetable01_js/course:0000801928-8/node:00130352/kt:0/lname:/"
}
