{
    "date": "2025/10/20",
    "name": "原町田三丁目",
    "position": "-",
    "system": "町89",
    "destinations": [
        "三塚",
        "南橋(町田市)",
        "金森二丁目西",
        "防災いこいの広場入口",
        "都営金森アパート前",
        "かわせみ会館前",
        "西田(町田市)",
        "西田峯山公園前",
        "定方寺公園入口",
        "町谷(町田市)",
        "南町田四丁目",
        "南町田北",
        "南町田グランベリーパーク駅"
    ],
    "weekday": [
        "9:26",
        "10:11",
        "10:51",
        "11:45",
        "13:06",
        "13:51",
        "14:49",
        "15:51",
        "16:51",
        "17:33",
        "18:13",
        "18:55",
        "19:33",
        "20:11",
        "20:55",
        "21:33",
        "22:23"
    ],
    "saturday": [
        "9:31",
        "10:51",
        "12:11",
        "13:31",
        "14:28",
        "16:28",
        "17:42",
        "19:03",
        "19:55",
        "20:43",
        "21:35"
    ],
    "holiday": [
        "9:31",
        "10:51",
        "12:11",
        "13:31",
        "14:28",
        "16:28",
        "17:42",
        "19:03",
        "19:55",
        "20:43",
        "21:35"
    ],
    "url": "https://www.kanachu.co.jp/dia/diagram/timetable01_js/course:0000802496-4/node:00129546/kt:0/lname:/"
}
