{
    "date": "2025/10/20",
    "name": "町谷(町田市)",
    "position": "-",
    "system": "町89",
    "destinations": [
        "南町田四丁目",
        "南町田北",
        "南町田グランベリーパーク駅"
    ],
    "weekday": [
        "9:37",
        "10:22",
        "11:02",
        "11:56",
        "13:17",
        "14:02",
        "15:00",
        "16:02",
        "17:02",
        "17:44",
        "18:24",
        "19:06",
        "19:44",
        "20:22",
        "21:06",
        "21:44",
        "22:34"
    ],
    "saturday": [
        "9:42",
        "11:02",
        "12:22",
        "13:42",
        "14:39",
        "16:39",
        "17:53",
        "19:14",
        "20:06",
        "20:54",
        "21:46"
    ],
    "holiday": [
        "9:42",
        "11:02",
        "12:22",
        "13:42",
        "14:39",
        "16:39",
        "17:53",
        "19:14",
        "20:06",
        "20:54",
        "21:46"
    ],
    "url": "https://www.kanachu.co.jp/dia/diagram/timetable01_js/course:0000802496-14/node:00129608/kt:0/lname:/"
}
