{
    "date": "2025/11/16",
    "name": "大磯小学校前",
    "position": "-",
    "system": "磯07",
    "destinations": [
        "大磯駅"
    ],
    "weekday": [],
    "saturday": [
        "11:38",
        "12:53",
        "13:53",
        "14:53",
        "15:53",
        "16:33",
        "17:28"
    ],
    "holiday": [
        "11:38",
        "12:53",
        "13:53",
        "14:53",
        "15:53",
        "16:33",
        "17:28"
    ],
    "url": "https://www.kanachu.co.jp/dia/diagram/timetable01_js/course:0000802879-8/node:00127456/kt:0/lname:/"
}
