{
    "date": "2024/04/01",
    "name": "長津田駅入口",
    "position": "-",
    "system": "40",
    "destinations": [
        "御前田橋",
        "センター前(横浜市緑区)",
        "玄海田",
        "公園前(横浜市緑区)",
        "霧ヶ谷",
        "霧が丘公園前",
        "霧が丘高校前",
        "若葉台中学校前",
        "若葉台近隣公園前",
        "若葉台南",
        "地区公園",
        "若葉台中央(横浜市旭区)"
    ],
    "weekday": [
        "10:46",
        "11:16",
        "11:46",
        "12:16",
        "12:46",
        "13:16",
        "13:46",
        "14:16",
        "14:46",
        "15:16",
        "15:47",
        "16:16"
    ],
    "saturday": [
        "6:46",
        "7:16",
        "7:56",
        "8:22",
        "8:52",
        "9:22",
        "9:57",
        "10:32",
        "11:02",
        "11:32",
        "12:02",
        "12:32",
        "13:02",
        "13:32",
        "14:02",
        "14:32",
        "15:02",
        "15:32",
        "16:02",
        "16:32",
        "17:02",
        "17:32",
        "18:02",
        "18:37",
        "19:06",
        "19:56",
        "20:56",
        "21:56"
    ],
    "holiday": [
        "6:46",
        "7:16",
        "7:56",
        "8:22",
        "8:52",
        "9:22",
        "9:57",
        "10:32",
        "11:02",
        "11:32",
        "12:02",
        "12:32",
        "13:02",
        "13:32",
        "14:02",
        "14:32",
        "15:02",
        "15:32",
        "16:02",
        "16:32",
        "17:02",
        "17:32",
        "18:02",
        "18:37",
        "19:06",
        "19:56",
        "20:56",
        "21:56"
    ],
    "url": "https://www.kanachu.co.jp/dia/diagram/timetable01_js/course:0000802224-2/node:00102858/kt:0/lname:/"
}
