{
    "date": "2024/04/01",
    "name": "公園前(横浜市緑区)",
    "position": "-",
    "system": "40",
    "destinations": [
        "霧ヶ谷",
        "霧が丘公園前",
        "霧が丘高校前",
        "若葉台中学校前",
        "若葉台近隣公園前",
        "若葉台南",
        "地区公園",
        "若葉台中央(横浜市旭区)"
    ],
    "weekday": [
        "10:52",
        "11:22",
        "11:52",
        "12:22",
        "12:52",
        "13:22",
        "13:52",
        "14:22",
        "14:52",
        "15:22",
        "15:53",
        "16:22"
    ],
    "saturday": [
        "6:51",
        "7:21",
        "8:01",
        "8:28",
        "8:58",
        "9:28",
        "10:03",
        "10:39",
        "11:09",
        "11:39",
        "12:09",
        "12:39",
        "13:09",
        "13:39",
        "14:09",
        "14:39",
        "15:09",
        "15:39",
        "16:09",
        "16:39",
        "17:08",
        "17:38",
        "18:08",
        "18:43",
        "19:10",
        "20:00",
        "21:00",
        "22:00"
    ],
    "holiday": [
        "6:51",
        "7:21",
        "8:01",
        "8:28",
        "8:58",
        "9:28",
        "10:03",
        "10:39",
        "11:09",
        "11:39",
        "12:09",
        "12:39",
        "13:09",
        "13:39",
        "14:09",
        "14:39",
        "15:09",
        "15:39",
        "16:09",
        "16:39",
        "17:08",
        "17:38",
        "18:08",
        "18:43",
        "19:10",
        "20:00",
        "21:00",
        "22:00"
    ],
    "url": "https://www.kanachu.co.jp/dia/diagram/timetable01_js/course:0000802224-6/node:00102521/kt:0/lname:/"
}
