{
    "date": "2024/04/01",
    "name": "霧が丘高校前",
    "position": "-",
    "system": "",
    "destinations": [
        "若葉台中学校前",
        "若葉台近隣公園前",
        "若葉台南",
        "地区公園",
        "若葉台中央(横浜市旭区)"
    ],
    "weekday": [
        "10:56",
        "11:26",
        "11:56",
        "12:26",
        "12:56",
        "13:26",
        "13:56",
        "14:26",
        "14:56",
        "15:26",
        "15:57",
        "16:26"
    ],
    "saturday": [
        "6:55",
        "7:25",
        "8:05",
        "8:32",
        "9:02",
        "9:32",
        "10:07",
        "10:43",
        "11:13",
        "11:43",
        "12:13",
        "12:43",
        "13:13",
        "13:43",
        "14:13",
        "14:43",
        "15:13",
        "15:43",
        "16:13",
        "16:43",
        "17:12",
        "17:42",
        "18:12",
        "18:47",
        "19:14",
        "20:04",
        "21:04",
        "22:04"
    ],
    "holiday": [
        "6:55",
        "7:25",
        "8:05",
        "8:32",
        "9:02",
        "9:32",
        "10:07",
        "10:43",
        "11:13",
        "11:43",
        "12:13",
        "12:43",
        "13:13",
        "13:43",
        "14:13",
        "14:43",
        "15:13",
        "15:43",
        "16:13",
        "16:43",
        "17:12",
        "17:42",
        "18:12",
        "18:47",
        "19:14",
        "20:04",
        "21:04",
        "22:04"
    ],
    "url": "https://www.kanachu.co.jp/dia/diagram/timetable01_js/course:0000802224-9/node:00019298/kt:0/lname:/"
}
