{
    "date": "2024/04/01",
    "name": "若葉台中学校前",
    "position": "-",
    "system": "",
    "destinations": [
        "若葉台近隣公園前",
        "若葉台南",
        "地区公園",
        "若葉台中央(横浜市旭区)"
    ],
    "weekday": [
        "10:57",
        "11:27",
        "11:57",
        "12:27",
        "12:57",
        "13:27",
        "13:57",
        "14:27",
        "14:57",
        "15:27",
        "15:58",
        "16:27"
    ],
    "saturday": [
        "6:56",
        "7:26",
        "8:06",
        "8:33",
        "9:03",
        "9:33",
        "10:08",
        "10:44",
        "11:14",
        "11:44",
        "12:14",
        "12:44",
        "13:14",
        "13:44",
        "14:14",
        "14:44",
        "15:14",
        "15:44",
        "16:14",
        "16:44",
        "17:13",
        "17:43",
        "18:13",
        "18:48",
        "19:15",
        "20:05",
        "21:05",
        "22:05"
    ],
    "holiday": [
        "6:56",
        "7:26",
        "8:06",
        "8:33",
        "9:03",
        "9:33",
        "10:08",
        "10:44",
        "11:14",
        "11:44",
        "12:14",
        "12:44",
        "13:14",
        "13:44",
        "14:14",
        "14:44",
        "15:14",
        "15:44",
        "16:14",
        "16:44",
        "17:13",
        "17:43",
        "18:13",
        "18:48",
        "19:15",
        "20:05",
        "21:05",
        "22:05"
    ],
    "url": "https://www.kanachu.co.jp/dia/diagram/timetable01_js/course:0000802224-10/node:00103267/kt:0/lname:/"
}
