{
    "date": "2024/04/01",
    "name": "若葉台近隣公園前",
    "position": "-",
    "system": "40",
    "destinations": [
        "若葉台南",
        "地区公園",
        "若葉台中央(横浜市旭区)"
    ],
    "weekday": [
        "10:58",
        "11:28",
        "11:58",
        "12:28",
        "12:58",
        "13:28",
        "13:58",
        "14:28",
        "14:58",
        "15:28",
        "15:59",
        "16:28"
    ],
    "saturday": [
        "6:57",
        "7:27",
        "8:07",
        "8:34",
        "9:04",
        "9:34",
        "10:09",
        "10:45",
        "11:15",
        "11:45",
        "12:15",
        "12:45",
        "13:15",
        "13:45",
        "14:15",
        "14:45",
        "15:15",
        "15:45",
        "16:15",
        "16:45",
        "17:14",
        "17:44",
        "18:14",
        "18:49",
        "19:16",
        "20:06",
        "21:06",
        "22:06"
    ],
    "holiday": [
        "6:57",
        "7:27",
        "8:07",
        "8:34",
        "9:04",
        "9:34",
        "10:09",
        "10:45",
        "11:15",
        "11:45",
        "12:15",
        "12:45",
        "13:15",
        "13:45",
        "14:15",
        "14:45",
        "15:15",
        "15:45",
        "16:15",
        "16:45",
        "17:14",
        "17:44",
        "18:14",
        "18:49",
        "19:16",
        "20:06",
        "21:06",
        "22:06"
    ],
    "url": "https://www.kanachu.co.jp/dia/diagram/timetable01_js/course:0000802224-11/node:00103263/kt:0/lname:/"
}
