{
    "date": "2024/04/01",
    "name": "若葉台南",
    "position": "-",
    "system": "",
    "destinations": [
        "地区公園",
        "若葉台中央(横浜市旭区)"
    ],
    "weekday": [
        "10:59",
        "11:29",
        "11:59",
        "12:29",
        "12:59",
        "13:29",
        "13:59",
        "14:29",
        "14:59",
        "15:29",
        "16:00",
        "16:29"
    ],
    "saturday": [
        "6:58",
        "7:28",
        "8:08",
        "8:35",
        "9:05",
        "9:35",
        "10:10",
        "10:46",
        "11:16",
        "11:46",
        "12:16",
        "12:46",
        "13:16",
        "13:46",
        "14:16",
        "14:46",
        "15:16",
        "15:46",
        "16:16",
        "16:46",
        "17:15",
        "17:45",
        "18:15",
        "18:50",
        "19:17",
        "20:07",
        "21:07",
        "22:07"
    ],
    "holiday": [
        "6:58",
        "7:28",
        "8:08",
        "8:35",
        "9:05",
        "9:35",
        "10:10",
        "10:46",
        "11:16",
        "11:46",
        "12:16",
        "12:46",
        "13:16",
        "13:46",
        "14:16",
        "14:46",
        "15:16",
        "15:46",
        "16:16",
        "16:46",
        "17:15",
        "17:45",
        "18:15",
        "18:50",
        "19:17",
        "20:07",
        "21:07",
        "22:07"
    ],
    "url": "https://www.kanachu.co.jp/dia/diagram/timetable01_js/course:0000802224-12/node:00103262/kt:0/lname:/"
}
