{
    "date": "2020/10/01",
    "name": "念宗寺入口",
    "position": "-",
    "system": "ー",
    "destinations": [
        "小動神社前",
        "小谷(高座郡寒川町)",
        "寒川ホーム入口",
        "大蔵(高座郡寒川町)",
        "こすもすの郷前",
        "越公園前",
        "県営住宅東(高座郡寒川町)",
        "県営住宅西(高座郡寒川町)",
        "県営住宅北(高座郡寒川町)",
        "湘風園入口",
        "青少年広場",
        "越の山公園北",
        "越の山公園南",
        "殖産住宅入口(高座郡寒川町)",
        "越の山入口",
        "東岡田",
        "寒川駅"
    ],
    "weekday": [
        "7:56",
        "8:56",
        "10:41",
        "13:41",
        "15:31",
        "17:16"
    ],
    "saturday": [
        "7:56",
        "8:56",
        "10:41",
        "13:41",
        "15:31",
        "17:16"
    ],
    "holiday": [
        "7:56",
        "8:56",
        "10:41",
        "13:41",
        "15:31",
        "17:16"
    ],
    "url": "https://www.kanachu.co.jp/dia/diagram/timetable01_js/course:0000800818-9/node:00130263/kt:0/lname:/"
}
