{
    "date": "2020/10/01",
    "name": "こすもすの郷前",
    "position": "-",
    "system": "ー",
    "destinations": [
        "越公園前",
        "県営住宅東(高座郡寒川町)",
        "県営住宅西(高座郡寒川町)",
        "県営住宅北(高座郡寒川町)",
        "湘風園入口",
        "青少年広場",
        "越の山公園北",
        "越の山公園南",
        "殖産住宅入口(高座郡寒川町)",
        "越の山入口",
        "東岡田",
        "寒川駅"
    ],
    "weekday": [
        "8:00",
        "9:00",
        "10:45",
        "13:45",
        "15:35",
        "17:20"
    ],
    "saturday": [
        "8:00",
        "9:00",
        "10:45",
        "13:45",
        "15:35",
        "17:20"
    ],
    "holiday": [
        "8:00",
        "9:00",
        "10:45",
        "13:45",
        "15:35",
        "17:20"
    ],
    "url": "https://www.kanachu.co.jp/dia/diagram/timetable01_js/course:0000800818-14/node:00130286/kt:0/lname:/"
}
