{
    "date": "2020/10/01",
    "name": "県営住宅北(高座郡寒川町)",
    "position": "-",
    "system": "",
    "destinations": [
        "湘風園入口",
        "青少年広場",
        "越の山公園北",
        "越の山公園南",
        "殖産住宅入口(高座郡寒川町)",
        "越の山入口",
        "東岡田",
        "寒川駅"
    ],
    "weekday": [
        "8:04",
        "9:04",
        "10:49",
        "13:49",
        "15:39",
        "17:24"
    ],
    "saturday": [
        "8:04",
        "9:04",
        "10:49",
        "13:49",
        "15:39",
        "17:24"
    ],
    "holiday": [
        "8:04",
        "9:04",
        "10:49",
        "13:49",
        "15:39",
        "17:24"
    ],
    "url": "https://www.kanachu.co.jp/dia/diagram/timetable01_js/course:0000800818-18/node:00130267/kt:0/lname:/"
}
