{
    "date": "2020/10/01",
    "name": "青少年広場",
    "position": "-",
    "system": "ー",
    "destinations": [
        "越の山公園北",
        "越の山公園南",
        "殖産住宅入口(高座郡寒川町)",
        "越の山入口",
        "東岡田",
        "寒川駅"
    ],
    "weekday": [
        "8:06",
        "9:06",
        "10:51",
        "13:51",
        "15:41",
        "17:26"
    ],
    "saturday": [
        "8:06",
        "9:06",
        "10:51",
        "13:51",
        "15:41",
        "17:26"
    ],
    "holiday": [
        "8:06",
        "9:06",
        "10:51",
        "13:51",
        "15:41",
        "17:26"
    ],
    "url": "https://www.kanachu.co.jp/dia/diagram/timetable01_js/course:0000800818-20/node:00130269/kt:0/lname:/"
}
