{
    "date": "2020/10/01",
    "name": "東岡田",
    "position": "-",
    "system": "",
    "destinations": [
        "寒川駅"
    ],
    "weekday": [
        "8:11",
        "9:11",
        "10:56",
        "13:56",
        "15:46",
        "17:31"
    ],
    "saturday": [
        "8:11",
        "9:11",
        "10:56",
        "13:56",
        "15:46",
        "17:31"
    ],
    "holiday": [
        "8:11",
        "9:11",
        "10:56",
        "13:56",
        "15:46",
        "17:31"
    ],
    "url": "https://www.kanachu.co.jp/dia/diagram/timetable01_js/course:0000800818-25/node:00127152/kt:0/lname:/"
}
