{
    "date": "2025/01/14",
    "name": "マークスプリングス",
    "position": "-",
    "system": "瀬03",
    "destinations": [
        "北町入口",
        "上瀬谷住宅前",
        "八幡神社前(横浜市瀬谷区)",
        "上瀬谷小学校入口",
        "竹村町",
        "中屋敷(横浜市瀬谷区)",
        "本郷原",
        "本郷(横浜市瀬谷区)",
        "瀬谷駅前通り",
        "瀬谷駅"
    ],
    "weekday": [
        "6:14",
        "6:29",
        "6:44",
        "7:00",
        "7:14",
        "7:34",
        "7:50",
        "8:08",
        "12:20",
        "14:58",
        "16:53",
        "17:08",
        "17:53",
        "19:15",
        "20:22",
        "21:15",
        "22:00"
    ],
    "saturday": [
        "8:25",
        "14:53",
        "16:53",
        "17:44",
        "19:15",
        "20:17"
    ],
    "holiday": [
        "8:25",
        "14:53",
        "16:53",
        "17:44",
        "19:15",
        "20:17"
    ],
    "url": "https://www.kanachu.co.jp/dia/diagram/timetable01_js/course:0000801562-1/node:00129758/kt:0/lname:/"
}
