{
    "date": "2025/01/14",
    "name": "竹村町",
    "position": "-",
    "system": "瀬03",
    "destinations": [
        "中屋敷(横浜市瀬谷区)",
        "本郷原",
        "本郷(横浜市瀬谷区)",
        "瀬谷駅前通り",
        "瀬谷駅"
    ],
    "weekday": [
        "6:24",
        "6:39",
        "6:54",
        "7:10",
        "7:24",
        "7:44",
        "8:00",
        "8:18",
        "12:30",
        "15:08",
        "17:03",
        "17:18",
        "18:03",
        "19:25",
        "20:32",
        "21:23",
        "22:08"
    ],
    "saturday": [
        "8:33",
        "15:03",
        "17:03",
        "17:54",
        "19:23",
        "20:25"
    ],
    "holiday": [
        "8:33",
        "15:03",
        "17:03",
        "17:54",
        "19:23",
        "20:25"
    ],
    "url": "https://www.kanachu.co.jp/dia/diagram/timetable01_js/course:0000801562-6/node:00129655/kt:0/lname:/"
}
