{
    "date": "2024/07/08",
    "name": "上能ヶ谷",
    "position": "-",
    "system": "鶴33",
    "destinations": [
        "金井入口",
        "下大蔵",
        "鶴川市民センター入口",
        "大蔵(鶴川郵便局前/町田市)",
        "川島入口(町田市)",
        "綾部入口",
        "袋橋",
        "田中入口",
        "野津田車庫"
    ],
    "weekday": [
        "6:47",
        "7:11",
        "7:51",
        "8:51",
        "9:07",
        "9:51",
        "10:07",
        "10:51",
        "11:07",
        "11:51",
        "12:07",
        "12:51",
        "13:11",
        "13:57",
        "14:54",
        "15:24",
        "15:51",
        "16:07",
        "16:49",
        "17:07",
        "17:47",
        "18:07",
        "18:51",
        "19:05",
        "19:51",
        "20:13",
        "20:51",
        "21:11",
        "21:29",
        "21:47",
        "22:07",
        "22:27",
        "22:47"
    ],
    "saturday": [
        "7:07",
        "7:37",
        "8:07",
        "8:47",
        "9:07",
        "9:47",
        "10:07",
        "10:51",
        "11:07",
        "11:47",
        "12:07",
        "12:59",
        "14:00",
        "14:47",
        "15:09",
        "15:57",
        "16:59",
        "17:56",
        "18:47",
        "19:11",
        "19:47",
        "20:46",
        "21:16",
        "21:47"
    ],
    "holiday": [
        "7:07",
        "7:37",
        "8:07",
        "8:27",
        "8:47",
        "9:11",
        "9:47",
        "10:07",
        "10:51",
        "11:07",
        "11:47",
        "12:07",
        "12:59",
        "14:00",
        "14:47",
        "15:07",
        "15:57",
        "16:59",
        "17:56",
        "18:47",
        "19:11",
        "19:47",
        "20:16",
        "20:46",
        "21:16",
        "21:47"
    ],
    "url": "https://www.kanachu.co.jp/dia/diagram/timetable01_js/course:0000803452-2/node:00129439/kt:0/lname:/"
}
