{
    "date": "2024/07/08",
    "name": "田中入口",
    "position": "-",
    "system": "鶴33",
    "destinations": [
        "野津田車庫"
    ],
    "weekday": [
        "6:56",
        "7:20",
        "8:00",
        "9:00",
        "9:15",
        "9:59",
        "10:15",
        "11:00",
        "11:16",
        "12:00",
        "12:16",
        "13:00",
        "13:20",
        "14:06",
        "15:03",
        "15:33",
        "16:00",
        "16:16",
        "16:58",
        "17:16",
        "17:56",
        "18:16",
        "19:00",
        "19:13",
        "19:59",
        "20:21",
        "20:59",
        "21:19",
        "21:37",
        "21:55",
        "22:15",
        "22:35",
        "22:55"
    ],
    "saturday": [
        "7:15",
        "7:45",
        "8:15",
        "8:55",
        "9:15",
        "9:55",
        "10:15",
        "10:59",
        "11:16",
        "11:56",
        "12:16",
        "13:08",
        "14:09",
        "14:56",
        "15:18",
        "16:06",
        "17:08",
        "18:05",
        "18:56",
        "19:19",
        "19:55",
        "20:54",
        "21:24",
        "21:55"
    ],
    "holiday": [
        "7:15",
        "7:45",
        "8:15",
        "8:35",
        "8:55",
        "9:19",
        "9:55",
        "10:15",
        "10:59",
        "11:16",
        "11:56",
        "12:16",
        "13:08",
        "14:09",
        "14:56",
        "15:16",
        "16:06",
        "17:08",
        "18:05",
        "18:55",
        "19:19",
        "19:55",
        "20:24",
        "20:54",
        "21:24",
        "21:55"
    ],
    "url": "https://www.kanachu.co.jp/dia/diagram/timetable01_js/course:0000803452-10/node:00129431/kt:0/lname:/"
}
