{
    "date": "2020/08/24",
    "name": "山手学院入口",
    "position": "-",
    "system": "港31",
    "destinations": [
        "稲荷森",
        "中野町",
        "元大橋",
        "若竹町(横浜市栄区)",
        "元大橋公園前",
        "港南台西公園",
        "横浜女子短期大学前",
        "港南台駅"
    ],
    "weekday": [
        "6:41",
        "7:00",
        "7:15",
        "7:35",
        "8:29"
    ],
    "saturday": [],
    "holiday": [],
    "url": "https://www.kanachu.co.jp/dia/diagram/timetable01_js/course:0000801196-5/node:00126513/kt:0/lname:/"
}
