{
    "date": "2025/11/16",
    "name": "西真土",
    "position": "-",
    "system": "平86",
    "destinations": [
        "大野農協前",
        "市場前(平塚市)",
        "坂口(平塚市)",
        "今里(平塚市)",
        "横内団地前",
        "横内下",
        "横内公民館入口",
        "横内四ツ角",
        "横内上",
        "枝大島入口",
        "下小稲葉",
        "小稲葉",
        "沖小稲葉",
        "下谷(伊勢原市)",
        "大田小学校前",
        "沼目",
        "つきみの団地",
        "西沼目",
        "藤田電機前(伊勢原市)",
        "三福寺前",
        "下宿(伊勢原市)",
        "伊勢原駅南口"
    ],
    "weekday": [
        "6:44",
        "7:04",
        "7:24",
        "7:49",
        "8:09",
        "8:30",
        "8:51",
        "9:11",
        "9:40",
        "10:39",
        "11:39",
        "12:24",
        "13:24",
        "14:24",
        "15:14",
        "16:14",
        "16:34",
        "17:14",
        "17:49",
        "18:21",
        "18:51",
        "19:21",
        "19:49",
        "20:19",
        "20:54"
    ],
    "saturday": [
        "7:34",
        "8:34",
        "9:39",
        "10:39",
        "11:39",
        "12:39",
        "13:39",
        "14:39",
        "15:39",
        "16:39",
        "17:39",
        "18:39",
        "19:39",
        "20:34"
    ],
    "holiday": [
        "7:34",
        "8:34",
        "9:39",
        "10:39",
        "11:39",
        "12:39",
        "13:39",
        "14:39",
        "15:39",
        "16:39",
        "17:39",
        "18:39",
        "19:39",
        "20:34"
    ],
    "url": "https://www.kanachu.co.jp/dia/diagram/timetable01_js/course:0000803332-16/node:00127608/kt:0/lname:/"
}
