{
    "date": "2025/11/16",
    "name": "大野農協前",
    "position": "-",
    "system": "平86",
    "destinations": [
        "市場前(平塚市)",
        "坂口(平塚市)",
        "今里(平塚市)",
        "横内団地前",
        "横内下",
        "横内公民館入口",
        "横内四ツ角",
        "横内上",
        "枝大島入口",
        "下小稲葉",
        "小稲葉",
        "沖小稲葉",
        "下谷(伊勢原市)",
        "大田小学校前",
        "沼目",
        "つきみの団地",
        "西沼目",
        "藤田電機前(伊勢原市)",
        "三福寺前",
        "下宿(伊勢原市)",
        "伊勢原駅南口"
    ],
    "weekday": [
        "6:45",
        "7:05",
        "7:25",
        "7:50",
        "8:10",
        "8:31",
        "8:52",
        "9:12",
        "9:41",
        "10:40",
        "11:40",
        "12:25",
        "13:25",
        "14:25",
        "15:15",
        "16:15",
        "16:35",
        "17:15",
        "17:50",
        "18:22",
        "18:52",
        "19:22",
        "19:50",
        "20:20",
        "20:55"
    ],
    "saturday": [
        "7:35",
        "8:35",
        "9:40",
        "10:40",
        "11:40",
        "12:40",
        "13:40",
        "14:40",
        "15:40",
        "16:40",
        "17:40",
        "18:40",
        "19:40",
        "20:35"
    ],
    "holiday": [
        "7:35",
        "8:35",
        "9:40",
        "10:40",
        "11:40",
        "12:40",
        "13:40",
        "14:40",
        "15:40",
        "16:40",
        "17:40",
        "18:40",
        "19:40",
        "20:35"
    ],
    "url": "https://www.kanachu.co.jp/dia/diagram/timetable01_js/course:0000803332-17/node:00127609/kt:0/lname:/"
}
