{
    "date": "2025/11/16",
    "name": "下谷(伊勢原市)",
    "position": "-",
    "system": "平86",
    "destinations": [
        "大田小学校前",
        "沼目",
        "つきみの団地",
        "西沼目",
        "藤田電機前(伊勢原市)",
        "三福寺前",
        "下宿(伊勢原市)",
        "伊勢原駅南口"
    ],
    "weekday": [
        "6:59",
        "7:20",
        "7:40",
        "8:05",
        "8:25",
        "8:46",
        "9:07",
        "9:27",
        "9:55",
        "10:54",
        "11:54",
        "12:39",
        "13:39",
        "14:39",
        "15:29",
        "16:29",
        "16:50",
        "17:30",
        "18:05",
        "18:37",
        "19:07",
        "19:36",
        "20:04",
        "20:34",
        "21:09"
    ],
    "saturday": [
        "7:49",
        "8:49",
        "9:54",
        "10:54",
        "11:54",
        "12:54",
        "13:54",
        "14:54",
        "15:54",
        "16:54",
        "17:54",
        "18:54",
        "19:54",
        "20:49"
    ],
    "holiday": [
        "7:49",
        "8:49",
        "9:54",
        "10:54",
        "11:54",
        "12:54",
        "13:54",
        "14:54",
        "15:54",
        "16:54",
        "17:54",
        "18:54",
        "19:54",
        "20:49"
    ],
    "url": "https://www.kanachu.co.jp/dia/diagram/timetable01_js/course:0000803332-30/node:00128118/kt:0/lname:/"
}
