{
    "date": "2025/11/16",
    "name": "大田小学校前",
    "position": "-",
    "system": "平86",
    "destinations": [
        "沼目",
        "つきみの団地",
        "西沼目",
        "藤田電機前(伊勢原市)",
        "三福寺前",
        "下宿(伊勢原市)",
        "伊勢原駅南口"
    ],
    "weekday": [
        "7:00",
        "7:21",
        "7:41",
        "8:06",
        "8:26",
        "8:47",
        "9:08",
        "9:28",
        "9:56",
        "10:55",
        "11:55",
        "12:40",
        "13:40",
        "14:40",
        "15:30",
        "16:30",
        "16:51",
        "17:31",
        "18:06",
        "18:38",
        "19:08",
        "19:37",
        "20:05",
        "20:35",
        "21:10"
    ],
    "saturday": [
        "7:50",
        "8:50",
        "9:55",
        "10:55",
        "11:55",
        "12:55",
        "13:55",
        "14:55",
        "15:55",
        "16:55",
        "17:55",
        "18:55",
        "19:55",
        "20:50"
    ],
    "holiday": [
        "7:50",
        "8:50",
        "9:55",
        "10:55",
        "11:55",
        "12:55",
        "13:55",
        "14:55",
        "15:55",
        "16:55",
        "17:55",
        "18:55",
        "19:55",
        "20:50"
    ],
    "url": "https://www.kanachu.co.jp/dia/diagram/timetable01_js/course:0000803332-31/node:00128100/kt:0/lname:/"
}
