{
    "date": "2024/12/16",
    "name": "徳延神社前",
    "position": "-",
    "system": "平30",
    "destinations": [
        "徳延",
        "河内(平塚市)",
        "坂間",
        "中沢橋",
        "めぐみが丘南",
        "めぐみが丘西",
        "めぐみが丘北",
        "湘南めぐみが丘"
    ],
    "weekday": [
        "6:44",
        "6:58",
        "7:14",
        "7:26",
        "7:43",
        "7:58",
        "8:12",
        "8:43",
        "9:11",
        "9:41",
        "10:11",
        "10:41",
        "11:07",
        "11:41",
        "12:11",
        "12:41",
        "13:07",
        "13:41",
        "14:07",
        "14:41",
        "15:11",
        "15:41",
        "16:18",
        "16:43",
        "17:00",
        "17:20",
        "17:40",
        "18:00",
        "18:22",
        "18:35",
        "18:52",
        "19:08",
        "19:24",
        "19:46",
        "20:04",
        "20:24",
        "20:46",
        "21:04",
        "21:26",
        "21:51",
        "22:23",
        "22:54",
        "23:42"
    ],
    "saturday": [
        "7:38",
        "8:17",
        "8:57",
        "9:37",
        "10:17",
        "10:57",
        "11:38",
        "12:17",
        "12:57",
        "13:37",
        "14:17",
        "14:57",
        "15:37",
        "16:18",
        "16:56",
        "17:36",
        "18:16",
        "18:57",
        "19:37",
        "20:23",
        "21:20",
        "22:20"
    ],
    "holiday": [
        "7:38",
        "8:17",
        "8:57",
        "9:37",
        "10:17",
        "10:57",
        "11:38",
        "12:17",
        "12:57",
        "13:37",
        "14:17",
        "14:57",
        "15:37",
        "16:18",
        "16:56",
        "17:36",
        "18:16",
        "18:57",
        "19:37",
        "20:23",
        "21:20",
        "22:20"
    ],
    "url": "https://www.kanachu.co.jp/dia/diagram/timetable01_js/course:0000801779-11/node:00127561/kt:0/lname:/"
}
