{
    "date": "2024/12/16",
    "name": "中沢橋",
    "position": "-",
    "system": "平30",
    "destinations": [
        "めぐみが丘南",
        "めぐみが丘西",
        "めぐみが丘北",
        "湘南めぐみが丘"
    ],
    "weekday": [
        "6:49",
        "7:04",
        "7:21",
        "7:33",
        "7:50",
        "8:05",
        "8:19",
        "8:50",
        "9:17",
        "9:47",
        "10:17",
        "10:47",
        "11:13",
        "11:47",
        "12:17",
        "12:47",
        "13:13",
        "13:47",
        "14:13",
        "14:47",
        "15:17",
        "15:47",
        "16:25",
        "16:50",
        "17:07",
        "17:27",
        "17:47",
        "18:07",
        "18:29",
        "18:42",
        "18:59",
        "19:14",
        "19:30",
        "19:52",
        "20:10",
        "20:30",
        "20:52",
        "21:10",
        "21:32",
        "21:57",
        "22:29",
        "23:00",
        "23:47"
    ],
    "saturday": [
        "7:43",
        "8:22",
        "9:02",
        "9:43",
        "10:23",
        "11:03",
        "11:44",
        "12:23",
        "13:03",
        "13:43",
        "14:23",
        "15:03",
        "15:43",
        "16:25",
        "17:03",
        "17:43",
        "18:23",
        "19:03",
        "19:43",
        "20:29",
        "21:26",
        "22:26"
    ],
    "holiday": [
        "7:43",
        "8:22",
        "9:02",
        "9:43",
        "10:23",
        "11:03",
        "11:44",
        "12:23",
        "13:03",
        "13:43",
        "14:23",
        "15:03",
        "15:43",
        "16:25",
        "17:03",
        "17:43",
        "18:23",
        "19:03",
        "19:43",
        "20:29",
        "21:26",
        "22:26"
    ],
    "url": "https://www.kanachu.co.jp/dia/diagram/timetable01_js/course:0000801779-15/node:00127569/kt:0/lname:/"
}
