{
    "date": "2024/09/02",
    "name": "金堀谷",
    "position": "-",
    "system": "戸39",
    "destinations": [
        "領家谷",
        "西林寺入口",
        "岡津",
        "下岡津",
        "日の森",
        "上矢部",
        "上矢部インター",
        "富士橋",
        "不動坂(横浜市戸塚区)",
        "ブリヂストン前",
        "元町(横浜市戸塚区)",
        "戸塚駅西口",
        "戸塚バスセンター"
    ],
    "weekday": [
        "5:58",
        "6:18",
        "6:39",
        "6:54",
        "7:11",
        "7:31",
        "7:48",
        "8:23",
        "9:03",
        "9:50",
        "10:26",
        "11:02",
        "11:50",
        "12:26",
        "12:50",
        "13:26",
        "13:50",
        "14:26",
        "14:50",
        "15:22",
        "15:42",
        "16:11",
        "16:50",
        "17:08",
        "17:20",
        "17:38",
        "17:50",
        "18:08",
        "18:20",
        "18:38",
        "18:55",
        "19:20",
        "20:13",
        "21:13",
        "22:01",
        "22:49"
    ],
    "saturday": [
        "6:24",
        "7:07",
        "7:25",
        "7:42",
        "8:08",
        "8:28",
        "9:08",
        "9:28",
        "10:08",
        "10:28",
        "11:02",
        "11:26",
        "12:02",
        "12:26",
        "13:02",
        "13:26",
        "14:02",
        "14:26",
        "15:02",
        "15:26",
        "16:09",
        "16:48",
        "17:14",
        "17:48",
        "18:03",
        "18:48",
        "19:15",
        "19:50",
        "20:22",
        "21:29"
    ],
    "holiday": [
        "6:30",
        "6:59",
        "7:26",
        "8:02",
        "8:26",
        "9:08",
        "9:28",
        "10:08",
        "10:28",
        "11:02",
        "11:26",
        "12:23",
        "13:23",
        "14:24",
        "15:03",
        "15:27",
        "16:15",
        "16:48",
        "17:14",
        "17:48",
        "18:03",
        "18:48",
        "19:27",
        "20:22",
        "21:29"
    ],
    "url": "https://www.kanachu.co.jp/dia/diagram/timetable01_js/course:0000803564-7/node:00126692/kt:0/lname:/"
}
