{
    "date": "2024/09/02",
    "name": "日の森",
    "position": "-",
    "system": "戸39",
    "destinations": [
        "上矢部",
        "上矢部インター",
        "富士橋",
        "不動坂(横浜市戸塚区)",
        "ブリヂストン前",
        "元町(横浜市戸塚区)",
        "戸塚駅西口",
        "戸塚バスセンター"
    ],
    "weekday": [
        "6:03",
        "6:23",
        "6:44",
        "6:59",
        "7:18",
        "7:38",
        "7:55",
        "8:30",
        "9:10",
        "9:57",
        "10:33",
        "11:09",
        "11:57",
        "12:33",
        "12:57",
        "13:33",
        "13:57",
        "14:33",
        "14:57",
        "15:29",
        "15:49",
        "16:18",
        "16:57",
        "17:15",
        "17:27",
        "17:45",
        "17:57",
        "18:15",
        "18:27",
        "18:45",
        "19:02",
        "19:27",
        "20:18",
        "21:18",
        "22:06",
        "22:54"
    ],
    "saturday": [
        "6:29",
        "7:14",
        "7:32",
        "7:49",
        "8:15",
        "8:35",
        "9:15",
        "9:35",
        "10:15",
        "10:35",
        "11:09",
        "11:33",
        "12:09",
        "12:33",
        "13:09",
        "13:33",
        "14:09",
        "14:33",
        "15:09",
        "15:33",
        "16:16",
        "16:55",
        "17:21",
        "17:55",
        "18:10",
        "18:55",
        "19:22",
        "19:57",
        "20:27",
        "21:34"
    ],
    "holiday": [
        "6:35",
        "7:06",
        "7:33",
        "8:09",
        "8:33",
        "9:15",
        "9:35",
        "10:15",
        "10:35",
        "11:09",
        "11:33",
        "12:30",
        "13:30",
        "14:31",
        "15:10",
        "15:34",
        "16:22",
        "16:55",
        "17:21",
        "17:55",
        "18:10",
        "18:55",
        "19:34",
        "20:27",
        "21:34"
    ],
    "url": "https://www.kanachu.co.jp/dia/diagram/timetable01_js/course:0000803564-12/node:00126671/kt:0/lname:/"
}
