{
    "date": "2025/07/12",
    "name": "城南一丁目",
    "position": "-",
    "system": "辻07",
    "destinations": [
        "城南(藤沢市)",
        "六図",
        "菱沼一丁目",
        "松林ケアセンター前",
        "中赤羽根",
        "赤羽根(茅ケ崎市)"
    ],
    "weekday": [
        "6:13",
        "6:48",
        "7:08",
        "7:26",
        "7:45",
        "8:10",
        "8:35",
        "9:11",
        "9:46",
        "10:25",
        "11:10",
        "11:46",
        "12:26",
        "13:06",
        "13:50",
        "14:26",
        "15:11",
        "15:56",
        "16:24",
        "17:09",
        "17:54",
        "18:17",
        "18:39",
        "19:03",
        "19:43",
        "20:23",
        "20:58",
        "21:28"
    ],
    "saturday": [
        "7:08",
        "7:45",
        "8:30",
        "9:11",
        "9:46",
        "10:25",
        "11:10",
        "11:46",
        "12:26",
        "13:06",
        "13:50",
        "14:26",
        "15:11",
        "15:56",
        "16:24",
        "17:09",
        "17:54",
        "18:35",
        "19:17",
        "19:55",
        "20:28"
    ],
    "holiday": [
        "7:26",
        "8:08",
        "8:48",
        "9:31",
        "10:13",
        "10:55",
        "11:38",
        "12:20",
        "13:38",
        "14:19",
        "15:03",
        "15:48",
        "16:33",
        "17:03",
        "17:48",
        "18:33"
    ],
    "url": "https://www.kanachu.co.jp/dia/diagram/timetable01_js/course:0000800737-4/node:00129936/kt:0/lname:/"
}
