{
    "date": "2025/07/12",
    "name": "六図",
    "position": "-",
    "system": "辻07",
    "destinations": [
        "菱沼一丁目",
        "松林ケアセンター前",
        "中赤羽根",
        "赤羽根(茅ケ崎市)"
    ],
    "weekday": [
        "6:15",
        "6:50",
        "7:10",
        "7:28",
        "7:47",
        "8:12",
        "8:37",
        "9:13",
        "9:48",
        "10:27",
        "11:12",
        "11:48",
        "12:28",
        "13:08",
        "13:52",
        "14:28",
        "15:14",
        "15:59",
        "16:27",
        "17:12",
        "17:57",
        "18:20",
        "18:42",
        "19:05",
        "19:45",
        "20:25",
        "21:00",
        "21:30"
    ],
    "saturday": [
        "7:10",
        "7:47",
        "8:32",
        "9:13",
        "9:48",
        "10:27",
        "11:12",
        "11:48",
        "12:28",
        "13:08",
        "13:52",
        "14:28",
        "15:14",
        "15:59",
        "16:27",
        "17:12",
        "17:57",
        "18:38",
        "19:19",
        "19:57",
        "20:30"
    ],
    "holiday": [
        "7:28",
        "8:10",
        "8:50",
        "9:33",
        "10:15",
        "10:57",
        "11:40",
        "12:22",
        "13:40",
        "14:21",
        "15:06",
        "15:51",
        "16:36",
        "17:06",
        "17:51",
        "18:36"
    ],
    "url": "https://www.kanachu.co.jp/dia/diagram/timetable01_js/course:0000800737-6/node:00127273/kt:0/lname:/"
}
