{
    "date": "2025/07/12",
    "name": "菱沼一丁目",
    "position": "-",
    "system": "辻07",
    "destinations": [
        "松林ケアセンター前",
        "中赤羽根",
        "赤羽根(茅ケ崎市)"
    ],
    "weekday": [
        "6:16",
        "6:51",
        "7:11",
        "7:29",
        "7:48",
        "8:13",
        "8:38",
        "9:14",
        "9:49",
        "10:28",
        "11:13",
        "11:49",
        "12:29",
        "13:09",
        "13:53",
        "14:29",
        "15:15",
        "16:00",
        "16:28",
        "17:13",
        "17:58",
        "18:21",
        "18:43",
        "19:06",
        "19:46",
        "20:26",
        "21:01",
        "21:31"
    ],
    "saturday": [
        "7:11",
        "7:48",
        "8:33",
        "9:14",
        "9:49",
        "10:28",
        "11:13",
        "11:49",
        "12:29",
        "13:09",
        "13:53",
        "14:29",
        "15:15",
        "16:00",
        "16:28",
        "17:13",
        "17:58",
        "18:39",
        "19:20",
        "19:58",
        "20:31"
    ],
    "holiday": [
        "7:29",
        "8:11",
        "8:51",
        "9:34",
        "10:16",
        "10:58",
        "11:41",
        "12:23",
        "13:41",
        "14:22",
        "15:07",
        "15:52",
        "16:37",
        "17:07",
        "17:52",
        "18:37"
    ],
    "url": "https://www.kanachu.co.jp/dia/diagram/timetable01_js/course:0000800737-7/node:00127274/kt:0/lname:/"
}
