{
    "date": "2025/07/12",
    "name": "松林ケアセンター前",
    "position": "-",
    "system": "辻07",
    "destinations": [
        "中赤羽根",
        "赤羽根(茅ケ崎市)"
    ],
    "weekday": [
        "6:16",
        "6:51",
        "7:11",
        "7:29",
        "7:48",
        "8:13",
        "8:38",
        "9:14",
        "9:49",
        "10:28",
        "11:13",
        "11:49",
        "12:29",
        "13:09",
        "13:53",
        "14:29",
        "15:16",
        "16:01",
        "16:29",
        "17:14",
        "17:59",
        "18:22",
        "18:44",
        "19:06",
        "19:46",
        "20:26",
        "21:01",
        "21:31"
    ],
    "saturday": [
        "7:11",
        "7:48",
        "8:33",
        "9:14",
        "9:49",
        "10:28",
        "11:13",
        "11:49",
        "12:29",
        "13:09",
        "13:53",
        "14:29",
        "15:16",
        "16:01",
        "16:29",
        "17:14",
        "17:59",
        "18:40",
        "19:20",
        "19:58",
        "20:31"
    ],
    "holiday": [
        "7:29",
        "8:11",
        "8:51",
        "9:34",
        "10:16",
        "10:58",
        "11:41",
        "12:23",
        "13:41",
        "14:22",
        "15:08",
        "15:53",
        "16:38",
        "17:08",
        "17:53",
        "18:38"
    ],
    "url": "https://www.kanachu.co.jp/dia/diagram/timetable01_js/course:0000800737-8/node:00127287/kt:0/lname:/"
}
