{
    "system": "辻07",
    "busstops": [
        {
            "index": "1",
            "id": "00129934",
            "name": "辻堂駅北口",
            "lat": "35.337834",
            "lng": "139.446962"
        },
        {
            "index": "2",
            "id": "00130068",
            "name": "神台公園前",
            "lat": "35.340321",
            "lng": "139.447244"
        },
        {
            "index": "3",
            "id": "00129935",
            "name": "羽鳥一丁目",
            "lat": "35.343952",
            "lng": "139.448706"
        },
        {
            "index": "4",
            "id": "00129936",
            "name": "城南一丁目",
            "lat": "35.346741",
            "lng": "139.447729"
        },
        {
            "index": "5",
            "id": "00127272",
            "name": "城南(藤沢市)",
            "lat": "35.347273",
            "lng": "139.444157"
        },
        {
            "index": "6",
            "id": "00127273",
            "name": "六図",
            "lat": "35.346924",
            "lng": "139.438832"
        },
        {
            "index": "7",
            "id": "00127274",
            "name": "菱沼一丁目",
            "lat": "35.346475",
            "lng": "139.43151"
        },
        {
            "index": "8",
            "id": "00127287",
            "name": "松林ケアセンター前",
            "lat": "35.346618",
            "lng": "139.429024"
        },
        {
            "index": "9",
            "id": "00127275",
            "name": "中赤羽根",
            "lat": "35.347701",
            "lng": "139.423245"
        },
        {
            "index": "10",
            "id": "00127276",
            "name": "赤羽根(茅ケ崎市)",
            "lat": "35.348768",
            "lng": "139.419575"
        }
    ],
    "route_url": "https://www.kanachu.co.jp/dia/route/index/cid:0000800737/"
}
