{
    "date": "2025/03/15",
    "name": "工業団地入口(藤沢市)",
    "position": "-",
    "system": "湘23",
    "destinations": [
        "南大山",
        "遠藤(藤沢市)",
        "藤沢ジャンボゴルフ前(藤沢市)",
        "慶応大学"
    ],
    "weekday": [],
    "saturday": [],
    "holiday": [
        "7:39",
        "7:54",
        "8:09",
        "8:24",
        "8:39",
        "8:54",
        "9:09",
        "9:31",
        "9:54",
        "10:16",
        "10:39",
        "11:01",
        "11:24",
        "11:46",
        "12:09",
        "12:31",
        "12:54",
        "13:16",
        "13:39",
        "14:01",
        "14:24",
        "14:46",
        "15:09",
        "15:31",
        "15:54",
        "16:16",
        "16:39",
        "17:01",
        "17:24",
        "17:46",
        "18:09",
        "18:54"
    ],
    "url": "https://www.kanachu.co.jp/dia/diagram/timetable01_js/course:0000800340-4/node:00129909/kt:0/lname:/"
}
