{
    "date": "2025/03/15",
    "name": "藤沢ジャンボゴルフ前(藤沢市)",
    "position": "-",
    "system": "湘23",
    "destinations": [
        "慶応大学"
    ],
    "weekday": [],
    "saturday": [],
    "holiday": [
        "7:43",
        "7:58",
        "8:13",
        "8:28",
        "8:43",
        "8:58",
        "9:13",
        "9:35",
        "9:58",
        "10:20",
        "10:43",
        "11:05",
        "11:28",
        "11:50",
        "12:13",
        "12:35",
        "12:58",
        "13:20",
        "13:43",
        "14:05",
        "14:28",
        "14:50",
        "15:13",
        "15:35",
        "15:58",
        "16:20",
        "16:43",
        "17:05",
        "17:28",
        "17:50",
        "18:13",
        "18:58"
    ],
    "url": "https://www.kanachu.co.jp/dia/diagram/timetable01_js/course:0000800340-7/node:00129988/kt:0/lname:/"
}
