{
    "date": "2025/11/16",
    "name": "鶴ヶ峰駅",
    "position": "-",
    "system": "",
    "destinations": [
        "鶴ヶ峰本町",
        "薬王寺入口",
        "鶴ヶ峰中学校前",
        "今宿小学校入口",
        "今宿(横浜市旭区)",
        "筑池",
        "農協前(横浜市旭区)",
        "都岡辻",
        "横浜旭陵高校前",
        "横浜旭陵高校坂下",
        "よこはま動物園",
        "よこはま動物園北門"
    ],
    "weekday": [],
    "saturday": [
        "9:05",
        "9:45",
        "10:05",
        "10:50",
        "11:12",
        "11:31",
        "11:50",
        "12:05",
        "12:25",
        "13:00",
        "13:35",
        "14:12",
        "14:56"
    ],
    "holiday": [
        "9:05",
        "9:35",
        "10:05",
        "10:20",
        "10:45",
        "11:40",
        "11:54",
        "12:35",
        "12:53",
        "13:25",
        "14:00",
        "14:35",
        "14:55",
        "15:11"
    ],
    "url": "https://www.kanachu.co.jp/dia/diagram/timetable01_js/course:0000802221-1/node:00102756/kt:0/lname:/"
}
