{
    "date": "2025/11/16",
    "name": "薬王寺入口",
    "position": "-",
    "system": "",
    "destinations": [
        "鶴ヶ峰中学校前",
        "今宿小学校入口",
        "今宿(横浜市旭区)",
        "筑池",
        "農協前(横浜市旭区)",
        "都岡辻",
        "横浜旭陵高校前",
        "横浜旭陵高校坂下",
        "よこはま動物園",
        "よこはま動物園北門"
    ],
    "weekday": [],
    "saturday": [
        "9:07",
        "9:47",
        "10:07",
        "10:52",
        "11:14",
        "11:33",
        "11:52",
        "12:07",
        "12:27",
        "13:02",
        "13:37",
        "14:14",
        "14:58"
    ],
    "holiday": [
        "9:07",
        "9:37",
        "10:07",
        "10:22",
        "10:47",
        "11:42",
        "11:56",
        "12:37",
        "12:55",
        "13:27",
        "14:02",
        "14:37",
        "14:57",
        "15:13"
    ],
    "url": "https://www.kanachu.co.jp/dia/diagram/timetable01_js/course:0000802221-3/node:00129719/kt:0/lname:/"
}
