{
    "date": "2025/11/16",
    "name": "今宿(横浜市旭区)",
    "position": "-",
    "system": "",
    "destinations": [
        "筑池",
        "農協前(横浜市旭区)",
        "都岡辻",
        "横浜旭陵高校前",
        "横浜旭陵高校坂下",
        "よこはま動物園",
        "よこはま動物園北門"
    ],
    "weekday": [],
    "saturday": [
        "9:11",
        "9:51",
        "10:11",
        "10:56",
        "11:18",
        "11:37",
        "11:56",
        "12:11",
        "12:31",
        "13:06",
        "13:41",
        "14:18",
        "15:02"
    ],
    "holiday": [
        "9:11",
        "9:41",
        "10:11",
        "10:26",
        "10:51",
        "11:46",
        "12:00",
        "12:41",
        "12:59",
        "13:31",
        "14:06",
        "14:41",
        "15:01",
        "15:17"
    ],
    "url": "https://www.kanachu.co.jp/dia/diagram/timetable01_js/course:0000802221-6/node:00129716/kt:0/lname:/"
}
