{
    "date": "2025/11/16",
    "name": "筑池",
    "position": "-",
    "system": "05",
    "destinations": [
        "農協前(横浜市旭区)",
        "都岡辻",
        "横浜旭陵高校前",
        "横浜旭陵高校坂下",
        "よこはま動物園",
        "よこはま動物園北門"
    ],
    "weekday": [],
    "saturday": [
        "9:13",
        "9:53",
        "10:13",
        "10:58",
        "11:20",
        "11:39",
        "11:58",
        "12:13",
        "12:33",
        "13:08",
        "13:43",
        "14:20",
        "15:04"
    ],
    "holiday": [
        "9:13",
        "9:43",
        "10:13",
        "10:28",
        "10:53",
        "11:48",
        "12:02",
        "12:43",
        "13:01",
        "13:33",
        "14:08",
        "14:43",
        "15:03",
        "15:19"
    ],
    "url": "https://www.kanachu.co.jp/dia/diagram/timetable01_js/course:0000802221-7/node:00129715/kt:0/lname:/"
}
