{
    "date": "2025/11/16",
    "name": "横浜旭陵高校坂下",
    "position": "-",
    "system": "",
    "destinations": [
        "よこはま動物園",
        "よこはま動物園北門"
    ],
    "weekday": [],
    "saturday": [
        "9:18",
        "9:58",
        "10:18",
        "11:03",
        "11:25",
        "11:44",
        "12:03",
        "12:18",
        "12:38",
        "13:13",
        "13:48",
        "14:25",
        "15:09"
    ],
    "holiday": [
        "9:18",
        "9:48",
        "10:18",
        "10:33",
        "10:58",
        "11:53",
        "12:07",
        "12:48",
        "13:06",
        "13:38",
        "14:13",
        "14:48",
        "15:08",
        "15:24"
    ],
    "url": "https://www.kanachu.co.jp/dia/diagram/timetable01_js/course:0000802221-11/node:00102810/kt:0/lname:/"
}
