{
    "date": "2025/11/16",
    "name": "よこはま動物園",
    "position": "-",
    "system": "",
    "destinations": [
        "よこはま動物園北門"
    ],
    "weekday": [],
    "saturday": [
        "9:19",
        "9:59",
        "10:19",
        "11:04",
        "11:26",
        "11:45",
        "12:04",
        "12:19",
        "12:39",
        "13:14",
        "13:49",
        "14:26",
        "15:10"
    ],
    "holiday": [
        "9:19",
        "9:49",
        "10:19",
        "10:34",
        "10:59",
        "11:54",
        "12:08",
        "12:49",
        "13:07",
        "13:39",
        "14:14",
        "14:49",
        "15:09",
        "15:25"
    ],
    "url": "https://www.kanachu.co.jp/dia/diagram/timetable01_js/course:0000802221-12/node:00103244/kt:0/lname:/"
}
