{
    "date": "2025/01/14",
    "name": "神奈川工科大学前",
    "position": "-",
    "system": "厚89",
    "destinations": [
        "リコー前",
        "西四ッ谷",
        "鳶尾団地東",
        "鳶尾一丁目",
        "鳶尾小学校入口",
        "鳶尾団地"
    ],
    "weekday": [
        "6:54",
        "7:31",
        "7:47",
        "8:00",
        "8:15",
        "8:30",
        "8:45",
        "9:05",
        "9:18",
        "9:34",
        "9:51",
        "10:13"
    ],
    "saturday": [
        "7:46",
        "8:57",
        "10:00"
    ],
    "holiday": [
        "7:49",
        "8:57",
        "9:57"
    ],
    "url": "https://www.kanachu.co.jp/dia/diagram/timetable01_js/course:0000800451-16/node:00128305/kt:0/lname:/"
}
