{
    "date": "2025/11/25",
    "name": "宮の里東",
    "position": "-",
    "system": "厚16",
    "destinations": [
        "宮の里入口",
        "飯盛山",
        "光福寺(厚木市)",
        "小鮎久保",
        "ゴルフ場入口(厚木市)",
        "上千頭",
        "千頭",
        "及川",
        "穴口橋",
        "林(厚木市)",
        "戸室",
        "愛光病院前",
        "市立病院前(バイパス側)",
        "市立病院前(厚木市)",
        "税務署入口(厚木市)",
        "市役所入口(厚木市)",
        "本厚木駅"
    ],
    "weekday": [
        "9:05",
        "9:35",
        "10:05",
        "10:35",
        "11:05",
        "12:05",
        "12:35",
        "13:05",
        "14:05",
        "14:35",
        "15:05",
        "16:05",
        "16:35"
    ],
    "saturday": [
        "9:46",
        "10:46",
        "11:46",
        "12:46",
        "13:46",
        "14:46",
        "15:46",
        "16:46"
    ],
    "holiday": [
        "9:45",
        "10:45",
        "11:45",
        "12:45",
        "13:45",
        "14:45",
        "15:45",
        "16:45"
    ],
    "url": "https://www.kanachu.co.jp/dia/diagram/timetable01_js/course:0000802818-3/node:00128436/kt:0/lname:/"
}
