{
    "system": "厚16",
    "busstops": [
        {
            "index": "1",
            "id": "00128438",
            "name": "宮の里(厚木市)",
            "lat": "35.476276",
            "lng": "139.312787"
        },
        {
            "index": "2",
            "id": "00128437",
            "name": "宮の里センター",
            "lat": "35.478081",
            "lng": "139.313259"
        },
        {
            "index": "3",
            "id": "00128436",
            "name": "宮の里東",
            "lat": "35.478814",
            "lng": "139.316773"
        },
        {
            "index": "4",
            "id": "00128435",
            "name": "宮の里入口",
            "lat": "35.473259",
            "lng": "139.312413"
        },
        {
            "index": "5",
            "id": "00128434",
            "name": "飯盛山",
            "lat": "35.472359",
            "lng": "139.313391"
        },
        {
            "index": "6",
            "id": "00128406",
            "name": "光福寺(厚木市)",
            "lat": "35.470897",
            "lng": "139.31777"
        },
        {
            "index": "7",
            "id": "00128405",
            "name": "小鮎久保",
            "lat": "35.470798",
            "lng": "139.322767"
        },
        {
            "index": "8",
            "id": "00128404",
            "name": "ゴルフ場入口(厚木市)",
            "lat": "35.469777",
            "lng": "139.326282"
        },
        {
            "index": "9",
            "id": "00128403",
            "name": "上千頭",
            "lat": "35.467849",
            "lng": "139.333397"
        },
        {
            "index": "10",
            "id": "00128402",
            "name": "千頭",
            "lat": "35.466962",
            "lng": "139.336976"
        },
        {
            "index": "11",
            "id": "00128401",
            "name": "及川",
            "lat": "35.46537",
            "lng": "139.341948"
        },
        {
            "index": "12",
            "id": "00128400",
            "name": "穴口橋",
            "lat": "35.460065",
            "lng": "139.3475"
        },
        {
            "index": "13",
            "id": "00128399",
            "name": "林(厚木市)",
            "lat": "35.455606",
            "lng": "139.348588"
        },
        {
            "index": "14",
            "id": "00128398",
            "name": "戸室",
            "lat": "35.453366",
            "lng": "139.351269"
        },
        {
            "index": "15",
            "id": "00128397",
            "name": "愛光病院前",
            "lat": "35.450528",
            "lng": "139.356171"
        },
        {
            "index": "16",
            "id": "00130292",
            "name": "市立病院前(バイパス側)",
            "lat": "35.449482",
            "lng": "139.359688"
        },
        {
            "index": "17",
            "id": "00128259",
            "name": "市立病院前(厚木市)",
            "lat": "35.447478",
            "lng": "139.361283"
        },
        {
            "index": "18",
            "id": "00128258",
            "name": "税務署入口(厚木市)",
            "lat": "35.446455",
            "lng": "139.361174"
        },
        {
            "index": "19",
            "id": "00128396",
            "name": "市役所入口(厚木市)",
            "lat": "35.442124",
            "lng": "139.361848"
        },
        {
            "index": "20",
            "id": "00025684",
            "name": "本厚木駅",
            "lat": "35.440542",
            "lng": "139.363859"
        }
    ],
    "route_url": "https://www.kanachu.co.jp/dia/route/index/cid:0000802818/"
}
