{
    "date": "2025/07/12",
    "name": "藤沢市民病院",
    "position": "-",
    "system": "藤58",
    "destinations": [
        "本町消防出張所前",
        "藤沢公民館前",
        "遊行寺前",
        "遊行通り四丁目",
        "藤沢駅北口"
    ],
    "weekday": [
        "6:37"
    ],
    "saturday": [
        "7:40",
        "10:18"
    ],
    "holiday": [
        "7:40",
        "10:18"
    ],
    "url": "https://www.kanachu.co.jp/dia/diagram/timetable01_js/course:0000801548-12/node:00127108/kt:0/lname:/"
}
