{
    "date": "2025/07/12",
    "name": "本町消防出張所前",
    "position": "-",
    "system": "藤58",
    "destinations": [
        "藤沢公民館前",
        "遊行寺前",
        "遊行通り四丁目",
        "藤沢駅北口"
    ],
    "weekday": [
        "6:39"
    ],
    "saturday": [
        "7:42",
        "10:20"
    ],
    "holiday": [
        "7:42",
        "10:20"
    ],
    "url": "https://www.kanachu.co.jp/dia/diagram/timetable01_js/course:0000801548-13/node:00127011/kt:0/lname:/"
}
