{
  "date": "2024/07/08",
  "name": "町田バスセンター",
  "position": "4番のりば",
  "system": "町13",
  "destinations": [
    "境川団地",
    "木曽入口",
    "山崎団地入口",
    "山崎団地センター"
  ],
  "weekday": [
    "13:46",
    "14:46",
    "15:46",
    "16:00",
    "16:44",
    "16:57",
    "17:06",
    "17:14",
    "17:31",
    "17:44",
    "17:59",
    "18:04",
    "18:16",
    "18:28",
    "18:41",
    "18:52",
    "19:00",
    "19:16",
    "19:25",
    "19:32",
    "19:46",
    "20:03"
  ],
  "saturday": [
    "9:41",
    "10:43",
    "11:43",
    "14:35",
    "15:35",
    "16:40"
  ],
  "holiday": [
    "9:37",
    "10:37",
    "11:37",
    "14:37",
    "15:37",
    "16:37"
  ],
  "url": "https://www.kanachu.co.jp/dia/diagram/timetable01_js/course:0000803602-1/node:00025625/kt:1/lname:/dts:1740506400"
}