{
    "date": "2025/11/16",
    "name": "団地下大竹",
    "position": "-",
    "system": "伊01",
    "destinations": [
        "馬渡(伊勢原市)",
        "岡崎福祉館前",
        "御岳",
        "竹園小学校前",
        "竹園小学校入口",
        "谷戸大竹",
        "関台",
        "団地南(伊勢原市)",
        "団地西(伊勢原市)",
        "鈴川会館前",
        "伊勢原車庫"
    ],
    "weekday": [
        "19:37",
        "20:40"
    ],
    "saturday": [
        "10:56",
        "11:56",
        "12:56",
        "13:56",
        "14:56",
        "15:56",
        "16:56",
        "17:56"
    ],
    "holiday": [
        "10:56",
        "11:56",
        "12:56",
        "13:56",
        "14:56",
        "15:56",
        "16:56",
        "17:56"
    ],
    "url": "https://www.kanachu.co.jp/dia/diagram/timetable01_js/course:0000800774-5/node:00128074/kt:0/lname:/"
}
