{
    "date": "2025/11/16",
    "name": "団地南(伊勢原市)",
    "position": "-",
    "system": "伊01",
    "destinations": [
        "団地西(伊勢原市)",
        "鈴川会館前",
        "伊勢原車庫"
    ],
    "weekday": [
        "19:45",
        "20:48"
    ],
    "saturday": [
        "11:04",
        "12:04",
        "13:04",
        "14:04",
        "15:04",
        "16:04",
        "17:04",
        "18:04"
    ],
    "holiday": [
        "11:04",
        "12:04",
        "13:04",
        "14:04",
        "15:04",
        "16:04",
        "17:04",
        "18:04"
    ],
    "url": "https://www.kanachu.co.jp/dia/diagram/timetable01_js/course:0000800774-13/node:00128138/kt:0/lname:/"
}
