{
    "date": "2025/04/01",
    "name": "町田バスセンター15番線",
    "position": "-",
    "system": "町15",
    "destinations": [
        "町田市役所市民ホール前",
        "妙延寺(町田市)",
        "森野五丁目",
        "森野六丁目",
        "桧台入口",
        "木曽都営入口",
        "境川団地入口",
        "境川団地中央",
        "境川団地",
        "上横町",
        "木曽入口",
        "山崎団地入口",
        "山崎団地センター",
        "給水塔前(山崎団地/町田市)",
        "北一号(町田市)",
        "北二号(町田市)",
        "山崎団地"
    ],
    "weekday": [
        "9:21",
        "10:21",
        "11:21",
        "12:15"
    ],
    "saturday": [],
    "holiday": [],
    "url": "https://www.kanachu.co.jp/dia/diagram/timetable01_js/course:0000802965-3/node:00130513/kt:0/lname:/"
}
