{
    "date": "2026/01/16",
    "name": "堤羽根沢",
    "position": "-",
    "system": "辻28",
    "destinations": [
        "湘南カントリークラブ前",
        "羽根沢",
        "大庭小学校",
        "小糸",
        "城下(藤沢市)",
        "舟地蔵",
        "大六天(藤沢市)",
        "城(藤沢市)",
        "羽鳥一丁目",
        "神台公園前",
        "辻堂駅北口"
    ],
    "weekday": [
        "6:21",
        "6:50",
        "7:22",
        "8:27",
        "9:34",
        "11:34",
        "12:29",
        "13:34",
        "14:29",
        "15:34",
        "17:34",
        "18:34",
        "19:36",
        "20:42",
        "21:47"
    ],
    "saturday": [],
    "holiday": [],
    "url": "https://www.kanachu.co.jp/dia/diagram/timetable01_js/course:0000804015-5/node:00129963/kt:0/lname:/"
}
