{
    "date": "2026/01/16",
    "name": "舟地蔵",
    "position": "-",
    "system": "辻28",
    "destinations": [
        "大六天(藤沢市)",
        "城(藤沢市)",
        "羽鳥一丁目",
        "神台公園前",
        "辻堂駅北口"
    ],
    "weekday": [
        "6:27",
        "6:57",
        "7:29",
        "8:34",
        "9:40",
        "11:40",
        "12:35",
        "13:40",
        "14:35",
        "15:40",
        "17:40",
        "18:40",
        "19:42",
        "20:48",
        "21:53"
    ],
    "saturday": [],
    "holiday": [],
    "url": "https://www.kanachu.co.jp/dia/diagram/timetable01_js/course:0000804015-11/node:00127057/kt:0/lname:/"
}
