{
    "date": "2024/03/16",
    "name": "若竹町(横浜市栄区)",
    "position": "-",
    "system": "港87",
    "destinations": [
        "元大橋",
        "中野町",
        "本郷(横浜市栄区)",
        "本郷小学校前",
        "北桂台",
        "桂台中央",
        "桂山公園",
        "矢沢(横浜市栄区)",
        "犬山",
        "犬山南",
        "上之中央",
        "上之",
        "紅葉橋(横浜市栄区)",
        "本郷車庫前(横浜市栄区)",
        "山手学院入口",
        "稲荷森",
        "中野町",
        "元大橋",
        "若竹町(横浜市栄区)",
        "元大橋公園前",
        "港南台西公園",
        "横浜女子短期大学前",
        "港南台駅"
    ],
    "weekday": [
        "7:57",
        "8:21",
        "9:02",
        "10:22",
        "11:22",
        "12:22",
        "13:22"
    ],
    "saturday": [
        "9:04",
        "9:44",
        "10:50",
        "11:50",
        "12:50"
    ],
    "holiday": [
        "9:04",
        "9:44",
        "10:50",
        "11:50",
        "12:50"
    ],
    "url": "https://www.kanachu.co.jp/dia/diagram/timetable01_js/course:0000800498-5/node:00126547/kt:0/lname:/"
}
