{
    "date": "2024/03/16",
    "name": "上之",
    "position": "-",
    "system": "港87",
    "destinations": [
        "紅葉橋(横浜市栄区)",
        "本郷車庫前(横浜市栄区)",
        "山手学院入口",
        "稲荷森",
        "中野町",
        "元大橋",
        "若竹町(横浜市栄区)",
        "元大橋公園前",
        "港南台西公園",
        "横浜女子短期大学前",
        "港南台駅"
    ],
    "weekday": [
        "8:14",
        "8:38",
        "9:16",
        "10:36",
        "11:36",
        "12:36",
        "13:36"
    ],
    "saturday": [
        "9:18",
        "9:58",
        "11:05",
        "12:05",
        "13:05"
    ],
    "holiday": [
        "9:18",
        "9:58",
        "11:05",
        "12:05",
        "13:05"
    ],
    "url": "https://www.kanachu.co.jp/dia/diagram/timetable01_js/course:0000800498-17/node:00126531/kt:0/lname:/"
}
