{
    "date": "2024/03/16",
    "name": "若竹町(横浜市栄区)",
    "position": "-",
    "system": "港87",
    "destinations": [
        "元大橋公園前",
        "港南台西公園",
        "横浜女子短期大学前",
        "港南台駅"
    ],
    "weekday": [
        "8:21",
        "8:45",
        "9:23",
        "10:43",
        "11:43",
        "12:43",
        "13:43"
    ],
    "saturday": [
        "9:25",
        "10:05",
        "11:13",
        "12:13",
        "13:13"
    ],
    "holiday": [
        "9:25",
        "10:05",
        "11:13",
        "12:13",
        "13:13"
    ],
    "url": "https://www.kanachu.co.jp/dia/diagram/timetable01_js/course:0000800498-24/node:00126547/kt:0/lname:/"
}
