{
    "date": "2024/03/16",
    "name": "元大橋公園前",
    "position": "-",
    "system": "港87",
    "destinations": [
        "港南台西公園",
        "横浜女子短期大学前",
        "港南台駅"
    ],
    "weekday": [
        "8:22",
        "8:46",
        "9:24",
        "10:44",
        "11:44",
        "12:44",
        "13:44"
    ],
    "saturday": [
        "9:26",
        "10:06",
        "11:14",
        "12:14",
        "13:14"
    ],
    "holiday": [
        "9:26",
        "10:06",
        "11:14",
        "12:14",
        "13:14"
    ],
    "url": "https://www.kanachu.co.jp/dia/diagram/timetable01_js/course:0000800498-25/node:00126548/kt:0/lname:/"
}
