{
    "date": "2025/03/15",
    "name": "坂下(藤沢市)",
    "position": "-",
    "system": "長35",
    "destinations": [
        "下土棚",
        "いすゞ前",
        "大持",
        "山谷(藤沢市)",
        "東山田(藤沢市)",
        "葛原(藤沢市)",
        "宮の腰(藤沢市)",
        "葛野",
        "西葛原",
        "御所見中学校前",
        "御所見市民センター前",
        "用田(藤沢市)",
        "用田辻",
        "用田神社入口",
        "松葉(藤沢市)",
        "女坂",
        "山根(綾瀬市)",
        "吉岡芝原",
        "綾瀬車庫(綾瀬市)"
    ],
    "weekday": [
        "6:38",
        "7:09",
        "7:15",
        "7:33",
        "7:43",
        "8:02",
        "8:11",
        "8:33",
        "9:03",
        "9:33",
        "10:03",
        "10:33",
        "11:03",
        "11:33",
        "12:03",
        "12:33",
        "13:03",
        "13:33",
        "14:03",
        "14:33",
        "15:03",
        "15:33",
        "16:03",
        "16:33",
        "17:03",
        "17:33",
        "18:03",
        "18:33",
        "19:03",
        "19:38",
        "20:11",
        "21:11",
        "21:51",
        "22:31"
    ],
    "saturday": [
        "8:03",
        "8:43",
        "9:23",
        "10:03",
        "10:43",
        "11:23",
        "12:03",
        "12:43",
        "13:23",
        "14:03",
        "14:43",
        "15:23",
        "16:03",
        "16:43",
        "17:23",
        "18:03",
        "18:43",
        "19:38",
        "20:38",
        "21:20",
        "21:58"
    ],
    "holiday": [
        "8:03",
        "8:43",
        "9:23",
        "10:03",
        "10:43",
        "11:23",
        "12:03",
        "12:43",
        "13:23",
        "14:03",
        "14:43",
        "15:23",
        "16:03",
        "16:43",
        "17:23",
        "18:03",
        "18:43",
        "19:38",
        "20:38",
        "21:20",
        "21:58"
    ],
    "url": "https://www.kanachu.co.jp/dia/diagram/timetable01_js/course:0000803007-4/node:00129814/kt:0/lname:/"
}
