{
    "date": "2025/03/15",
    "name": "下土棚",
    "position": "-",
    "system": "長35",
    "destinations": [
        "いすゞ前",
        "大持",
        "山谷(藤沢市)",
        "東山田(藤沢市)",
        "葛原(藤沢市)",
        "宮の腰(藤沢市)",
        "葛野",
        "西葛原",
        "御所見中学校前",
        "御所見市民センター前",
        "用田(藤沢市)",
        "用田辻",
        "用田神社入口",
        "松葉(藤沢市)",
        "女坂",
        "山根(綾瀬市)",
        "吉岡芝原",
        "綾瀬車庫(綾瀬市)"
    ],
    "weekday": [
        "6:40",
        "7:11",
        "7:17",
        "7:35",
        "7:45",
        "8:04",
        "8:13",
        "8:35",
        "9:05",
        "9:35",
        "10:05",
        "10:35",
        "11:05",
        "11:35",
        "12:05",
        "12:35",
        "13:05",
        "13:35",
        "14:05",
        "14:35",
        "15:05",
        "15:35",
        "16:05",
        "16:35",
        "17:05",
        "17:35",
        "18:05",
        "18:35",
        "19:05",
        "19:40",
        "20:13",
        "21:13",
        "21:53",
        "22:33"
    ],
    "saturday": [
        "8:05",
        "8:45",
        "9:25",
        "10:05",
        "10:45",
        "11:25",
        "12:05",
        "12:45",
        "13:25",
        "14:05",
        "14:45",
        "15:25",
        "16:05",
        "16:45",
        "17:25",
        "18:05",
        "18:45",
        "19:40",
        "20:40",
        "21:22",
        "22:00"
    ],
    "holiday": [
        "8:05",
        "8:45",
        "9:25",
        "10:05",
        "10:45",
        "11:25",
        "12:05",
        "12:45",
        "13:25",
        "14:05",
        "14:45",
        "15:25",
        "16:05",
        "16:45",
        "17:25",
        "18:05",
        "18:45",
        "19:40",
        "20:40",
        "21:22",
        "22:00"
    ],
    "url": "https://www.kanachu.co.jp/dia/diagram/timetable01_js/course:0000803007-5/node:00129815/kt:0/lname:/"
}
