{
    "date": "2025/03/15",
    "name": "東山田(藤沢市)",
    "position": "-",
    "system": "長35",
    "destinations": [
        "葛原(藤沢市)",
        "宮の腰(藤沢市)",
        "葛野",
        "西葛原",
        "御所見中学校前",
        "御所見市民センター前",
        "用田(藤沢市)",
        "用田辻",
        "用田神社入口",
        "松葉(藤沢市)",
        "女坂",
        "山根(綾瀬市)",
        "吉岡芝原",
        "綾瀬車庫(綾瀬市)"
    ],
    "weekday": [
        "6:43",
        "7:14",
        "7:20",
        "7:38",
        "7:48",
        "8:07",
        "8:16",
        "8:38",
        "9:08",
        "9:38",
        "10:08",
        "10:38",
        "11:08",
        "11:38",
        "12:08",
        "12:38",
        "13:08",
        "13:38",
        "14:08",
        "14:38",
        "15:08",
        "15:38",
        "16:08",
        "16:38",
        "17:08",
        "17:38",
        "18:08",
        "18:38",
        "19:08",
        "19:43",
        "20:16",
        "21:16",
        "21:56",
        "22:36"
    ],
    "saturday": [
        "8:08",
        "8:48",
        "9:28",
        "10:08",
        "10:48",
        "11:28",
        "12:08",
        "12:48",
        "13:28",
        "14:08",
        "14:48",
        "15:28",
        "16:08",
        "16:48",
        "17:28",
        "18:08",
        "18:48",
        "19:43",
        "20:43",
        "21:25",
        "22:03"
    ],
    "holiday": [
        "8:08",
        "8:48",
        "9:28",
        "10:08",
        "10:48",
        "11:28",
        "12:08",
        "12:48",
        "13:28",
        "14:08",
        "14:48",
        "15:28",
        "16:08",
        "16:48",
        "17:28",
        "18:08",
        "18:48",
        "19:43",
        "20:43",
        "21:25",
        "22:03"
    ],
    "url": "https://www.kanachu.co.jp/dia/diagram/timetable01_js/course:0000803007-9/node:00129819/kt:0/lname:/"
}
