{
    "date": "2025/03/15",
    "name": "葛野",
    "position": "-",
    "system": "長35",
    "destinations": [
        "西葛原",
        "御所見中学校前",
        "御所見市民センター前",
        "用田(藤沢市)",
        "用田辻",
        "用田神社入口",
        "松葉(藤沢市)",
        "女坂",
        "山根(綾瀬市)",
        "吉岡芝原",
        "綾瀬車庫(綾瀬市)"
    ],
    "weekday": [
        "6:46",
        "7:17",
        "7:23",
        "7:41",
        "7:51",
        "8:10",
        "8:19",
        "8:41",
        "9:11",
        "9:41",
        "10:11",
        "10:41",
        "11:11",
        "11:41",
        "12:11",
        "12:41",
        "13:11",
        "13:41",
        "14:11",
        "14:41",
        "15:11",
        "15:41",
        "16:11",
        "16:41",
        "17:11",
        "17:41",
        "18:11",
        "18:41",
        "19:11",
        "19:46",
        "20:19",
        "21:19",
        "21:59",
        "22:39"
    ],
    "saturday": [
        "8:11",
        "8:51",
        "9:31",
        "10:11",
        "10:51",
        "11:31",
        "12:11",
        "12:51",
        "13:31",
        "14:11",
        "14:51",
        "15:31",
        "16:11",
        "16:51",
        "17:31",
        "18:11",
        "18:51",
        "19:46",
        "20:46",
        "21:28",
        "22:06"
    ],
    "holiday": [
        "8:11",
        "8:51",
        "9:31",
        "10:11",
        "10:51",
        "11:31",
        "12:11",
        "12:51",
        "13:31",
        "14:11",
        "14:51",
        "15:31",
        "16:11",
        "16:51",
        "17:31",
        "18:11",
        "18:51",
        "19:46",
        "20:46",
        "21:28",
        "22:06"
    ],
    "url": "https://www.kanachu.co.jp/dia/diagram/timetable01_js/course:0000803007-12/node:00129822/kt:0/lname:/"
}
