{
    "date": "2025/03/15",
    "name": "西葛原",
    "position": "-",
    "system": "長35",
    "destinations": [
        "御所見中学校前",
        "御所見市民センター前",
        "用田(藤沢市)",
        "用田辻",
        "用田神社入口",
        "松葉(藤沢市)",
        "女坂",
        "山根(綾瀬市)",
        "吉岡芝原",
        "綾瀬車庫(綾瀬市)"
    ],
    "weekday": [
        "6:47",
        "7:18",
        "7:24",
        "7:42",
        "7:52",
        "8:11",
        "8:20",
        "8:42",
        "9:12",
        "9:42",
        "10:12",
        "10:42",
        "11:12",
        "11:42",
        "12:12",
        "12:42",
        "13:12",
        "13:42",
        "14:12",
        "14:42",
        "15:12",
        "15:42",
        "16:12",
        "16:42",
        "17:12",
        "17:42",
        "18:12",
        "18:42",
        "19:12",
        "19:47",
        "20:20",
        "21:20",
        "22:00",
        "22:40"
    ],
    "saturday": [
        "8:12",
        "8:52",
        "9:32",
        "10:12",
        "10:52",
        "11:32",
        "12:12",
        "12:52",
        "13:32",
        "14:12",
        "14:52",
        "15:32",
        "16:12",
        "16:52",
        "17:32",
        "18:12",
        "18:52",
        "19:47",
        "20:47",
        "21:29",
        "22:07"
    ],
    "holiday": [
        "8:12",
        "8:52",
        "9:32",
        "10:12",
        "10:52",
        "11:32",
        "12:12",
        "12:52",
        "13:32",
        "14:12",
        "14:52",
        "15:32",
        "16:12",
        "16:52",
        "17:32",
        "18:12",
        "18:52",
        "19:47",
        "20:47",
        "21:29",
        "22:07"
    ],
    "url": "https://www.kanachu.co.jp/dia/diagram/timetable01_js/course:0000803007-13/node:00129823/kt:0/lname:/"
}
