{
    "date": "2025/03/15",
    "name": "御所見市民センター前",
    "position": "-",
    "system": "長35",
    "destinations": [
        "用田(藤沢市)",
        "用田辻",
        "用田神社入口",
        "松葉(藤沢市)",
        "女坂",
        "山根(綾瀬市)",
        "吉岡芝原",
        "綾瀬車庫(綾瀬市)"
    ],
    "weekday": [
        "6:49",
        "7:20",
        "7:26",
        "7:44",
        "7:54",
        "8:13",
        "8:22",
        "8:44",
        "9:14",
        "9:44",
        "10:14",
        "10:44",
        "11:14",
        "11:44",
        "12:14",
        "12:44",
        "13:14",
        "13:44",
        "14:14",
        "14:44",
        "15:14",
        "15:44",
        "16:14",
        "16:44",
        "17:14",
        "17:44",
        "18:14",
        "18:44",
        "19:14",
        "19:49",
        "20:22",
        "21:22",
        "22:02",
        "22:42"
    ],
    "saturday": [
        "8:14",
        "8:54",
        "9:34",
        "10:14",
        "10:54",
        "11:34",
        "12:14",
        "12:54",
        "13:34",
        "14:14",
        "14:54",
        "15:34",
        "16:14",
        "16:54",
        "17:34",
        "18:14",
        "18:54",
        "19:49",
        "20:49",
        "21:31",
        "22:09"
    ],
    "holiday": [
        "8:14",
        "8:54",
        "9:34",
        "10:14",
        "10:54",
        "11:34",
        "12:14",
        "12:54",
        "13:34",
        "14:14",
        "14:54",
        "15:34",
        "16:14",
        "16:54",
        "17:34",
        "18:14",
        "18:54",
        "19:49",
        "20:49",
        "21:31",
        "22:09"
    ],
    "url": "https://www.kanachu.co.jp/dia/diagram/timetable01_js/course:0000803007-15/node:00129825/kt:0/lname:/"
}
