{
    "date": "2025/03/15",
    "name": "用田(藤沢市)",
    "position": "-",
    "system": "長35",
    "destinations": [
        "用田辻",
        "用田神社入口",
        "松葉(藤沢市)",
        "女坂",
        "山根(綾瀬市)",
        "吉岡芝原",
        "綾瀬車庫(綾瀬市)"
    ],
    "weekday": [
        "6:50",
        "7:21",
        "7:27",
        "7:45",
        "7:55",
        "8:14",
        "8:23",
        "8:45",
        "9:15",
        "9:45",
        "10:15",
        "10:45",
        "11:15",
        "11:45",
        "12:15",
        "12:45",
        "13:15",
        "13:45",
        "14:15",
        "14:45",
        "15:15",
        "15:45",
        "16:15",
        "16:45",
        "17:15",
        "17:45",
        "18:15",
        "18:45",
        "19:15",
        "19:50",
        "20:23",
        "21:23",
        "22:03",
        "22:43"
    ],
    "saturday": [
        "8:15",
        "8:55",
        "9:35",
        "10:15",
        "10:55",
        "11:35",
        "12:15",
        "12:55",
        "13:35",
        "14:15",
        "14:55",
        "15:35",
        "16:15",
        "16:55",
        "17:35",
        "18:15",
        "18:55",
        "19:50",
        "20:50",
        "21:32",
        "22:10"
    ],
    "holiday": [
        "8:15",
        "8:55",
        "9:35",
        "10:15",
        "10:55",
        "11:35",
        "12:15",
        "12:55",
        "13:35",
        "14:15",
        "14:55",
        "15:35",
        "16:15",
        "16:55",
        "17:35",
        "18:15",
        "18:55",
        "19:50",
        "20:50",
        "21:32",
        "22:10"
    ],
    "url": "https://www.kanachu.co.jp/dia/diagram/timetable01_js/course:0000803007-16/node:00129826/kt:0/lname:/"
}
