{
    "date": "2025/03/15",
    "name": "用田神社入口",
    "position": "-",
    "system": "長35",
    "destinations": [
        "松葉(藤沢市)",
        "女坂",
        "山根(綾瀬市)",
        "吉岡芝原",
        "綾瀬車庫(綾瀬市)"
    ],
    "weekday": [
        "6:52",
        "7:23",
        "7:29",
        "7:47",
        "7:57",
        "8:16",
        "8:25",
        "8:47",
        "9:17",
        "9:47",
        "10:17",
        "10:47",
        "11:17",
        "11:47",
        "12:17",
        "12:47",
        "13:17",
        "13:47",
        "14:17",
        "14:47",
        "15:17",
        "15:47",
        "16:17",
        "16:47",
        "17:17",
        "17:47",
        "18:17",
        "18:47",
        "19:17",
        "19:52",
        "20:25",
        "21:25",
        "22:05",
        "22:45"
    ],
    "saturday": [
        "8:17",
        "8:57",
        "9:37",
        "10:17",
        "10:57",
        "11:37",
        "12:17",
        "12:57",
        "13:37",
        "14:17",
        "14:57",
        "15:37",
        "16:17",
        "16:57",
        "17:37",
        "18:17",
        "18:57",
        "19:52",
        "20:52",
        "21:34",
        "22:12"
    ],
    "holiday": [
        "8:17",
        "8:57",
        "9:37",
        "10:17",
        "10:57",
        "11:37",
        "12:17",
        "12:57",
        "13:37",
        "14:17",
        "14:57",
        "15:37",
        "16:17",
        "16:57",
        "17:37",
        "18:17",
        "18:57",
        "19:52",
        "20:52",
        "21:34",
        "22:12"
    ],
    "url": "https://www.kanachu.co.jp/dia/diagram/timetable01_js/course:0000803007-18/node:00129840/kt:0/lname:/"
}
