{
    "date": "2025/03/15",
    "name": "松葉(藤沢市)",
    "position": "-",
    "system": "長35",
    "destinations": [
        "女坂",
        "山根(綾瀬市)",
        "吉岡芝原",
        "綾瀬車庫(綾瀬市)"
    ],
    "weekday": [
        "6:53",
        "7:24",
        "7:30",
        "7:48",
        "7:58",
        "8:17",
        "8:26",
        "8:48",
        "9:18",
        "9:48",
        "10:18",
        "10:48",
        "11:18",
        "11:48",
        "12:18",
        "12:48",
        "13:18",
        "13:48",
        "14:18",
        "14:48",
        "15:18",
        "15:48",
        "16:18",
        "16:48",
        "17:18",
        "17:48",
        "18:18",
        "18:48",
        "19:18",
        "19:53",
        "20:26",
        "21:26",
        "22:06",
        "22:46"
    ],
    "saturday": [
        "8:18",
        "8:58",
        "9:38",
        "10:18",
        "10:58",
        "11:38",
        "12:18",
        "12:58",
        "13:38",
        "14:18",
        "14:58",
        "15:38",
        "16:18",
        "16:58",
        "17:38",
        "18:18",
        "18:58",
        "19:53",
        "20:53",
        "21:35",
        "22:13"
    ],
    "holiday": [
        "8:18",
        "8:58",
        "9:38",
        "10:18",
        "10:58",
        "11:38",
        "12:18",
        "12:58",
        "13:38",
        "14:18",
        "14:58",
        "15:38",
        "16:18",
        "16:58",
        "17:38",
        "18:18",
        "18:58",
        "19:53",
        "20:53",
        "21:35",
        "22:13"
    ],
    "url": "https://www.kanachu.co.jp/dia/diagram/timetable01_js/course:0000803007-19/node:00129841/kt:0/lname:/"
}
