{
    "system": "長35",
    "busstops": [
        {
            "index": "1",
            "id": "00129812",
            "name": "長後駅西口",
            "lat": "35.412289",
            "lng": "139.465202"
        },
        {
            "index": "2",
            "id": "00129813",
            "name": "長後市民センター前",
            "lat": "35.411294",
            "lng": "139.460138"
        },
        {
            "index": "3",
            "id": "00130196",
            "name": "住宅前(藤沢市下土棚)",
            "lat": "35.410226",
            "lng": "139.457712"
        },
        {
            "index": "4",
            "id": "00129814",
            "name": "坂下(藤沢市)",
            "lat": "35.409259",
            "lng": "139.455667"
        },
        {
            "index": "5",
            "id": "00129815",
            "name": "下土棚",
            "lat": "35.407192",
            "lng": "139.451129"
        },
        {
            "index": "6",
            "id": "00129816",
            "name": "いすゞ前",
            "lat": "35.40714",
            "lng": "139.448719"
        },
        {
            "index": "7",
            "id": "00129817",
            "name": "大持",
            "lat": "35.407049",
            "lng": "139.447277"
        },
        {
            "index": "8",
            "id": "00129818",
            "name": "山谷(藤沢市)",
            "lat": "35.407009",
            "lng": "139.44469"
        },
        {
            "index": "9",
            "id": "00129819",
            "name": "東山田(藤沢市)",
            "lat": "35.406791",
            "lng": "139.44156"
        },
        {
            "index": "10",
            "id": "00129820",
            "name": "葛原(藤沢市)",
            "lat": "35.405428",
            "lng": "139.438371"
        },
        {
            "index": "11",
            "id": "00129821",
            "name": "宮の腰(藤沢市)",
            "lat": "35.403178",
            "lng": "139.436305"
        },
        {
            "index": "12",
            "id": "00129822",
            "name": "葛野",
            "lat": "35.402478",
            "lng": "139.428772"
        },
        {
            "index": "13",
            "id": "00129823",
            "name": "西葛原",
            "lat": "35.402763",
            "lng": "139.424985"
        },
        {
            "index": "14",
            "id": "00129824",
            "name": "御所見中学校前",
            "lat": "35.403211",
            "lng": "139.420234"
        },
        {
            "index": "15",
            "id": "00129825",
            "name": "御所見市民センター前",
            "lat": "35.403897",
            "lng": "139.417102"
        },
        {
            "index": "16",
            "id": "00129826",
            "name": "用田(藤沢市)",
            "lat": "35.403917",
            "lng": "139.414187"
        },
        {
            "index": "17",
            "id": "00129827",
            "name": "用田辻",
            "lat": "35.404761",
            "lng": "139.41319"
        },
        {
            "index": "18",
            "id": "00129840",
            "name": "用田神社入口",
            "lat": "35.408988",
            "lng": "139.414672"
        },
        {
            "index": "19",
            "id": "00129841",
            "name": "松葉(藤沢市)",
            "lat": "35.41451",
            "lng": "139.417823"
        },
        {
            "index": "20",
            "id": "00129842",
            "name": "女坂",
            "lat": "35.417412",
            "lng": "139.418886"
        },
        {
            "index": "21",
            "id": "00129843",
            "name": "山根(綾瀬市)",
            "lat": "35.42056",
            "lng": "139.423608"
        },
        {
            "index": "22",
            "id": "00129844",
            "name": "吉岡芝原",
            "lat": "35.424779",
            "lng": "139.428635"
        },
        {
            "index": "23",
            "id": "00129845",
            "name": "綾瀬車庫(綾瀬市)",
            "lat": "35.425558",
            "lng": "139.428205"
        }
    ],
    "route_url": "https://www.kanachu.co.jp/dia/route/index/cid:0000803007/"
}
