{
    "date": "2020/11/16",
    "name": "下依知入口",
    "position": "-",
    "system": "厚74",
    "destinations": [
        "金田神社前",
        "金田(厚木市)",
        "金田下宿",
        "積水ソフランウイズ前",
        "鮎津橋",
        "元町(厚木市)",
        "小田急通り",
        "厚木バスセンター"
    ],
    "weekday": [
        "6:51",
        "7:13"
    ],
    "saturday": [],
    "holiday": [],
    "url": "https://www.kanachu.co.jp/dia/diagram/timetable01_js/course:0000800009-12/node:00128349/kt:0/lname:/"
}
