{
    "system": "厚74",
    "busstops": [
        {
            "index": "1",
            "id": "00128390",
            "name": "長坂(厚木市)",
            "lat": "35.523287",
            "lng": "139.351671"
        },
        {
            "index": "2",
            "id": "00128389",
            "name": "長坂下",
            "lat": "35.518425",
            "lng": "139.35666"
        },
        {
            "index": "3",
            "id": "00128388",
            "name": "上依知中央",
            "lat": "35.516958",
            "lng": "139.362339"
        },
        {
            "index": "4",
            "id": "00128357",
            "name": "上依知",
            "lat": "35.515096",
            "lng": "139.364903"
        },
        {
            "index": "5",
            "id": "00128356",
            "name": "藤塚(厚木市)",
            "lat": "35.509699",
            "lng": "139.360859"
        },
        {
            "index": "6",
            "id": "00128355",
            "name": "山際",
            "lat": "35.503974",
            "lng": "139.361182"
        },
        {
            "index": "7",
            "id": "00128354",
            "name": "中平(厚木市)",
            "lat": "35.496391",
            "lng": "139.363154"
        },
        {
            "index": "8",
            "id": "00128353",
            "name": "依知小学校前",
            "lat": "35.490337",
            "lng": "139.364447"
        },
        {
            "index": "9",
            "id": "00128352",
            "name": "関口(厚木市)",
            "lat": "35.484715",
            "lng": "139.365361"
        },
        {
            "index": "10",
            "id": "00128351",
            "name": "蓮生寺(厚木市)",
            "lat": "35.480515",
            "lng": "139.36604"
        },
        {
            "index": "11",
            "id": "00128350",
            "name": "追分(厚木市)",
            "lat": "35.475596",
            "lng": "139.367208"
        },
        {
            "index": "12",
            "id": "00128349",
            "name": "下依知入口",
            "lat": "35.470019",
            "lng": "139.368058"
        },
        {
            "index": "13",
            "id": "00128348",
            "name": "金田神社前",
            "lat": "35.466422",
            "lng": "139.36828"
        },
        {
            "index": "14",
            "id": "00128347",
            "name": "金田(厚木市)",
            "lat": "35.46312",
            "lng": "139.368089"
        },
        {
            "index": "15",
            "id": "00128346",
            "name": "金田下宿",
            "lat": "35.460377",
            "lng": "139.367716"
        },
        {
            "index": "16",
            "id": "00128345",
            "name": "積水ソフランウイズ前",
            "lat": "35.454246",
            "lng": "139.368998"
        },
        {
            "index": "17",
            "id": "00128344",
            "name": "鮎津橋",
            "lat": "35.451565",
            "lng": "139.365876"
        },
        {
            "index": "18",
            "id": "00128343",
            "name": "元町(厚木市)",
            "lat": "35.447783",
            "lng": "139.366351"
        },
        {
            "index": "19",
            "id": "00128340",
            "name": "小田急通り",
            "lat": "35.444622",
            "lng": "139.366445"
        },
        {
            "index": "20",
            "id": "00128256",
            "name": "厚木バスセンター",
            "lat": "35.441107",
            "lng": "139.36685"
        }
    ],
    "route_url": "https://www.kanachu.co.jp/dia/route/index/cid:0000800009/"
}
