{
  "date": "2025/04/01",
  "name": "北二号(町田市)",
  "position": "-",
  "system": "町24",
  "destinations": [
    "山崎団地"
  ],
  "weekday": [
    "6:32",
    "6:42",
    "6:52",
    "7:02",
    "7:12",
    "7:26",
    "7:48",
    "7:59",
    "8:13",
    "21:36",
    "22:13",
    "22:33",
    "23:03"
  ],
  "saturday": [
    "6:50",
    "7:04",
    "7:19",
    "7:59",
    "8:19",
    "8:43",
    "9:11",
    "21:23",
    "22:03",
    "22:28",
    "23:03"
  ],
  "holiday": [
    "6:45",
    "7:20",
    "7:54",
    "8:23",
    "8:53",
    "21:23",
    "22:03",
    "22:23",
    "22:58"
  ],
  "url": "https://www.kanachu.co.jp/dia/diagram/timetable01_js/course:0000801320-15/node:00129391/kt:0/lname:/"
}