{
    "date": "2024/12/16",
    "name": "鶴巻温泉駅南口",
    "position": "-",
    "system": "秦44",
    "destinations": [
        "落幡",
        "鶴美ヶ丘",
        "東海大学前駅南口",
        "東海大学前駅入口",
        "東海大学北門",
        "学校入口(秦野市)",
        "矢名",
        "宿矢名",
        "広畑ふれあいプラザ前",
        "下大槻団地",
        "広畑ふれあいプラザ前",
        "秦野高校前",
        "瓜生野入口",
        "才ヶ分踏切",
        "才ヶ分",
        "室川橋(下大槻団地線)",
        "河原町(秦野市)",
        "台町(秦野市)",
        "片町通り",
        "上宿通り",
        "大川橋(秦野市)",
        "まほろば大橋",
        "秦野駅"
    ],
    "weekday": [
        "7:10",
        "8:32",
        "13:29",
        "14:29"
    ],
    "saturday": [
        "15:30"
    ],
    "holiday": [
        "15:30"
    ],
    "url": "https://www.kanachu.co.jp/dia/diagram/timetable01_js/course:0000803661-1/node:00130497/kt:0/lname:/"
}
