{
    "date": "2025/07/12",
    "name": "烏森公園前",
    "position": "-",
    "system": "藤02",
    "destinations": [
        "上村(藤沢市)",
        "上村橋",
        "NOK前",
        "高山(藤沢市)",
        "高山車庫"
    ],
    "weekday": [
        "7:56",
        "8:08",
        "9:01",
        "9:39",
        "10:01",
        "10:39",
        "11:01",
        "11:39",
        "12:01",
        "12:43",
        "13:01",
        "13:39",
        "14:01",
        "14:39",
        "14:59",
        "15:39",
        "16:01",
        "16:39",
        "17:01",
        "17:39",
        "17:59",
        "18:39",
        "19:01",
        "19:16",
        "19:39",
        "20:01",
        "20:16",
        "20:48",
        "21:41",
        "22:41",
        "23:46"
    ],
    "saturday": [
        "7:03",
        "7:21",
        "7:48",
        "8:50",
        "9:18",
        "9:38",
        "9:58",
        "10:38",
        "10:58",
        "11:18",
        "11:38",
        "11:58",
        "12:38",
        "12:58",
        "13:18",
        "13:38",
        "13:58",
        "14:38",
        "14:58",
        "15:18",
        "15:38",
        "15:58",
        "16:38",
        "16:58",
        "17:18",
        "17:38",
        "17:58",
        "18:38",
        "18:58",
        "19:18",
        "19:48",
        "20:18",
        "20:48",
        "21:18",
        "22:16",
        "23:06"
    ],
    "holiday": [
        "7:03",
        "7:21",
        "7:48",
        "8:50",
        "9:18",
        "9:38",
        "9:58",
        "10:38",
        "10:58",
        "11:18",
        "11:38",
        "11:58",
        "12:38",
        "12:58",
        "13:18",
        "13:38",
        "13:58",
        "14:38",
        "14:58",
        "15:18",
        "15:38",
        "15:58",
        "16:38",
        "16:58",
        "17:18",
        "17:38",
        "17:58",
        "18:38",
        "18:58",
        "19:18",
        "19:48",
        "20:18",
        "20:48",
        "21:18",
        "22:16",
        "23:06"
    ],
    "url": "https://www.kanachu.co.jp/dia/diagram/timetable01_js/course:0000801154-7/node:00127080/kt:0/lname:/"
}
