{
    "date": "2025/10/20",
    "name": "原町田四丁目",
    "position": "-",
    "system": "町87",
    "destinations": [
        "原町田三丁目",
        "三塚",
        "南橋(町田市)",
        "金森郵便局前",
        "金森",
        "市営住宅入口(町田市)",
        "南中学校前(町田市)",
        "金森四丁目",
        "南農協前",
        "町谷原",
        "南町谷原",
        "小川原",
        "町田辻",
        "大ヶ谷戸(町田市)",
        "円成寺前",
        "坂下(鶴間/町田市)",
        "観音寺前(大和市)",
        "下鶴間",
        "諏訪神社",
        "山王原(大和市)",
        "長堀公園前",
        "鶴間二丁目",
        "鶴間駅東口"
    ],
    "weekday": [
        "7:44",
        "8:43"
    ],
    "saturday": [
        "7:52",
        "8:43"
    ],
    "holiday": [
        "8:07"
    ],
    "url": "https://www.kanachu.co.jp/dia/diagram/timetable01_js/course:0000803924-2/node:00129465/kt:0/lname:/"
}
