{
    "date": "2025/10/20",
    "name": "南中学校前(町田市)",
    "position": "-",
    "system": "町87",
    "destinations": [
        "金森四丁目",
        "南農協前",
        "町谷原",
        "南町谷原",
        "小川原",
        "町田辻",
        "大ヶ谷戸(町田市)",
        "円成寺前",
        "坂下(鶴間/町田市)",
        "観音寺前(大和市)",
        "下鶴間",
        "諏訪神社",
        "山王原(大和市)",
        "長堀公園前",
        "鶴間二丁目",
        "鶴間駅東口"
    ],
    "weekday": [
        "7:53",
        "8:52"
    ],
    "saturday": [
        "8:01",
        "8:52"
    ],
    "holiday": [
        "8:14"
    ],
    "url": "https://www.kanachu.co.jp/dia/diagram/timetable01_js/course:0000803924-9/node:00129538/kt:0/lname:/"
}
