{
    "date": "2025/10/20",
    "name": "南町谷原",
    "position": "-",
    "system": "町87",
    "destinations": [
        "小川原",
        "町田辻",
        "大ヶ谷戸(町田市)",
        "円成寺前",
        "坂下(鶴間/町田市)",
        "観音寺前(大和市)",
        "下鶴間",
        "諏訪神社",
        "山王原(大和市)",
        "長堀公園前",
        "鶴間二丁目",
        "鶴間駅東口"
    ],
    "weekday": [
        "7:58",
        "8:57"
    ],
    "saturday": [
        "8:06",
        "8:57"
    ],
    "holiday": [
        "8:18"
    ],
    "url": "https://www.kanachu.co.jp/dia/diagram/timetable01_js/course:0000803924-13/node:00129534/kt:0/lname:/"
}
