{
    "date": "2025/10/20",
    "name": "大ヶ谷戸(町田市)",
    "position": "-",
    "system": "町87",
    "destinations": [
        "円成寺前",
        "坂下(鶴間/町田市)",
        "観音寺前(大和市)",
        "下鶴間",
        "諏訪神社",
        "山王原(大和市)",
        "長堀公園前",
        "鶴間二丁目",
        "鶴間駅東口"
    ],
    "weekday": [
        "8:04",
        "9:03"
    ],
    "saturday": [
        "8:12",
        "9:03"
    ],
    "holiday": [
        "8:22"
    ],
    "url": "https://www.kanachu.co.jp/dia/diagram/timetable01_js/course:0000803924-16/node:00129531/kt:0/lname:/"
}
