{
    "date": "2025/10/20",
    "name": "高瀬橋(町田市)",
    "position": "-",
    "system": "町77",
    "destinations": [
        "熊野神社前(成瀬街道側/町田市)",
        "三塚",
        "町田ターミナル前",
        "町田バスセンター"
    ],
    "weekday": [
        "6:28",
        "7:03",
        "7:43",
        "8:08",
        "8:36",
        "8:53",
        "9:23",
        "9:53",
        "10:23",
        "10:53",
        "11:53",
        "12:53",
        "13:53",
        "14:53",
        "15:53",
        "16:53",
        "17:53",
        "18:53",
        "19:53",
        "20:43",
        "21:43"
    ],
    "saturday": [
        "7:23",
        "8:33",
        "9:23",
        "9:53",
        "10:53",
        "11:53",
        "12:53",
        "13:53",
        "14:53",
        "15:53",
        "16:53",
        "17:53",
        "18:43",
        "19:43",
        "20:43",
        "21:43"
    ],
    "holiday": [
        "7:23",
        "8:23",
        "9:33",
        "10:53",
        "11:53",
        "12:53",
        "13:53",
        "14:53",
        "15:53",
        "16:43",
        "17:43",
        "18:43",
        "19:43",
        "20:43",
        "21:43"
    ],
    "url": "https://www.kanachu.co.jp/dia/diagram/timetable01_js/course:0000803197-11/node:00129582/kt:0/lname:/"
}
