{
    "date": "2025/04/01",
    "name": "馬駈",
    "position": "-",
    "system": "町78",
    "destinations": [
        "忠生三丁目",
        "JA忠生支店前",
        "忠生",
        "上の原(町田市)",
        "町田総合高校前",
        "木曽南団地",
        "横町(町田市)",
        "境川団地",
        "境川団地中央",
        "境川団地入口",
        "木曽都営入口",
        "桧台入口",
        "森野六丁目",
        "森野五丁目",
        "妙延寺(町田市)",
        "町田市役所市民ホール前",
        "町田バスセンター"
    ],
    "weekday": [
        "5:49",
        "5:58",
        "6:07",
        "10:14",
        "11:21",
        "12:21",
        "13:21",
        "14:24",
        "15:22",
        "16:27",
        "17:27",
        "18:28",
        "19:29",
        "20:29"
    ],
    "saturday": [
        "5:48",
        "7:15",
        "9:31",
        "10:31",
        "11:31",
        "12:33",
        "13:33",
        "14:31",
        "15:31",
        "16:32",
        "17:34",
        "18:32",
        "19:21",
        "20:28"
    ],
    "holiday": [
        "5:54",
        "7:15",
        "9:28",
        "10:34",
        "11:33",
        "12:33",
        "13:33",
        "14:33",
        "15:32",
        "16:32",
        "17:36",
        "18:33",
        "19:31",
        "20:31"
    ],
    "url": "https://www.kanachu.co.jp/dia/diagram/timetable01_js/course:0000803163-6/node:00129368/kt:0/lname:/"
}
