{
    "date": "2025/04/01",
    "name": "忠生",
    "position": "-",
    "system": "町78",
    "destinations": [
        "上の原(町田市)",
        "町田総合高校前",
        "木曽南団地",
        "横町(町田市)",
        "境川団地",
        "境川団地中央",
        "境川団地入口",
        "木曽都営入口",
        "桧台入口",
        "森野六丁目",
        "森野五丁目",
        "妙延寺(町田市)",
        "町田市役所市民ホール前",
        "町田バスセンター"
    ],
    "weekday": [
        "5:53",
        "6:02",
        "6:11",
        "10:18",
        "11:25",
        "12:25",
        "13:25",
        "14:28",
        "15:26",
        "16:31",
        "17:31",
        "18:32",
        "19:33",
        "20:33"
    ],
    "saturday": [
        "5:52",
        "7:19",
        "9:35",
        "10:35",
        "11:35",
        "12:37",
        "13:37",
        "14:35",
        "15:35",
        "16:36",
        "17:38",
        "18:36",
        "19:25",
        "20:32"
    ],
    "holiday": [
        "5:58",
        "7:19",
        "9:32",
        "10:38",
        "11:37",
        "12:37",
        "13:37",
        "14:37",
        "15:36",
        "16:36",
        "17:40",
        "18:37",
        "19:35",
        "20:35"
    ],
    "url": "https://www.kanachu.co.jp/dia/diagram/timetable01_js/course:0000803163-9/node:00129497/kt:0/lname:/"
}
