{
    "date": "2025/04/01",
    "name": "横町(町田市)",
    "position": "-",
    "system": "町78",
    "destinations": [
        "境川団地",
        "境川団地中央",
        "境川団地入口",
        "木曽都営入口",
        "桧台入口",
        "森野六丁目",
        "森野五丁目",
        "妙延寺(町田市)",
        "町田市役所市民ホール前",
        "町田バスセンター"
    ],
    "weekday": [
        "5:59",
        "6:08",
        "6:17",
        "10:25",
        "11:32",
        "12:32",
        "13:32",
        "14:35",
        "15:33",
        "16:38",
        "17:38",
        "18:39",
        "19:40",
        "20:40"
    ],
    "saturday": [
        "5:58",
        "7:25",
        "9:42",
        "10:42",
        "11:42",
        "12:44",
        "13:44",
        "14:42",
        "15:42",
        "16:43",
        "17:45",
        "18:43",
        "19:31",
        "20:38"
    ],
    "holiday": [
        "6:04",
        "7:25",
        "9:39",
        "10:45",
        "11:44",
        "12:44",
        "13:44",
        "14:44",
        "15:43",
        "16:43",
        "17:47",
        "18:43",
        "19:41",
        "20:41"
    ],
    "url": "https://www.kanachu.co.jp/dia/diagram/timetable01_js/course:0000803163-13/node:00129383/kt:0/lname:/"
}
