{
    "date": "2025/04/01",
    "name": "境川団地入口",
    "position": "-",
    "system": "町78",
    "destinations": [
        "木曽都営入口",
        "桧台入口",
        "森野六丁目",
        "森野五丁目",
        "妙延寺(町田市)",
        "町田市役所市民ホール前",
        "町田バスセンター"
    ],
    "weekday": [
        "6:02",
        "6:11",
        "6:20",
        "10:28",
        "11:35",
        "12:35",
        "13:35",
        "14:38",
        "15:36",
        "16:41",
        "17:41",
        "18:42",
        "19:42",
        "20:42"
    ],
    "saturday": [
        "6:01",
        "7:28",
        "9:45",
        "10:45",
        "11:45",
        "12:47",
        "13:47",
        "14:45",
        "15:45",
        "16:46",
        "17:48",
        "18:46",
        "19:33",
        "20:40"
    ],
    "holiday": [
        "6:07",
        "7:28",
        "9:42",
        "10:48",
        "11:47",
        "12:47",
        "13:47",
        "14:47",
        "15:46",
        "16:46",
        "17:50",
        "18:45",
        "19:43",
        "20:43"
    ],
    "url": "https://www.kanachu.co.jp/dia/diagram/timetable01_js/course:0000803163-16/node:00129380/kt:0/lname:/"
}
