{
    "date": "2021/10/16",
    "name": "神田小学校前(平塚市)",
    "position": "-",
    "system": "平57",
    "destinations": [
        "駒返橋入口",
        "田村団地入口",
        "東真土",
        "古河電工入口",
        "四ツ角(平塚市)",
        "平塚駅北口"
    ],
    "weekday": [
        "8:15",
        "8:37",
        "17:45"
    ],
    "saturday": [],
    "holiday": [],
    "url": "https://www.kanachu.co.jp/dia/diagram/timetable01_js/course:0000800681-7/node:00127654/kt:0/lname:/"
}
