{
    "date": "2025/01/14",
    "name": "愛川ハイテク団地入口",
    "position": "-",
    "system": "厚60",
    "destinations": [
        "高峰小学校前",
        "愛川高校前",
        "箕輪辻",
        "愛川町役場",
        "箕輪(愛甲郡愛川町)",
        "東中学校前(愛甲郡愛川町)",
        "中津(愛甲郡愛川町)",
        "局前(愛甲郡愛川町)",
        "一本松(愛甲郡愛川町)",
        "運輸支局入口(愛甲郡愛川町)",
        "桜台(愛甲郡愛川町)",
        "坂本入口",
        "六本松(厚木市)",
        "中荻原",
        "中平(厚木市)",
        "依知小学校前",
        "関口(厚木市)",
        "蓮生寺(厚木市)",
        "追分(厚木市)",
        "下依知入口",
        "金田神社前",
        "金田(厚木市)",
        "金田下宿",
        "積水ソフランウイズ前",
        "鮎津橋",
        "元町(厚木市)",
        "小田急通り",
        "厚木バスセンター"
    ],
    "weekday": [
        "6:05",
        "6:32",
        "7:22",
        "7:52",
        "8:22",
        "8:52",
        "9:22",
        "9:52",
        "10:17",
        "10:47",
        "11:17",
        "11:47",
        "12:17",
        "12:47",
        "13:17",
        "13:47",
        "14:17",
        "14:47",
        "15:17",
        "15:47",
        "16:17",
        "16:42",
        "17:02",
        "17:22",
        "18:22",
        "19:27"
    ],
    "saturday": [
        "6:35",
        "7:11",
        "7:47",
        "8:11",
        "8:47",
        "9:11",
        "9:35",
        "10:10",
        "10:34",
        "11:16",
        "12:01",
        "12:31",
        "13:16",
        "14:01",
        "14:31",
        "15:16",
        "16:01",
        "16:31",
        "17:16",
        "18:01",
        "19:19"
    ],
    "holiday": [
        "6:37",
        "7:41",
        "8:41",
        "9:41",
        "10:41",
        "11:41",
        "12:41",
        "13:41",
        "14:41",
        "15:41",
        "16:41",
        "17:41",
        "18:44"
    ],
    "url": "https://www.kanachu.co.jp/dia/diagram/timetable01_js/course:0000800322-5/node:00128671/kt:0/lname:/"
}
