{
    "date": "2025/01/14",
    "name": "高峰小学校前",
    "position": "-",
    "system": "厚60",
    "destinations": [
        "愛川高校前",
        "箕輪辻",
        "愛川町役場",
        "箕輪(愛甲郡愛川町)",
        "東中学校前(愛甲郡愛川町)",
        "中津(愛甲郡愛川町)",
        "局前(愛甲郡愛川町)",
        "一本松(愛甲郡愛川町)",
        "運輸支局入口(愛甲郡愛川町)",
        "桜台(愛甲郡愛川町)",
        "坂本入口",
        "六本松(厚木市)",
        "中荻原",
        "中平(厚木市)",
        "依知小学校前",
        "関口(厚木市)",
        "蓮生寺(厚木市)",
        "追分(厚木市)",
        "下依知入口",
        "金田神社前",
        "金田(厚木市)",
        "金田下宿",
        "積水ソフランウイズ前",
        "鮎津橋",
        "元町(厚木市)",
        "小田急通り",
        "厚木バスセンター"
    ],
    "weekday": [
        "6:06",
        "6:33",
        "7:23",
        "7:53",
        "8:23",
        "8:53",
        "9:23",
        "9:53",
        "10:18",
        "10:48",
        "11:18",
        "11:48",
        "12:18",
        "12:48",
        "13:18",
        "13:48",
        "14:18",
        "14:48",
        "15:18",
        "15:48",
        "16:18",
        "16:43",
        "17:03",
        "17:23",
        "18:23",
        "19:28"
    ],
    "saturday": [
        "6:36",
        "7:12",
        "7:48",
        "8:12",
        "8:48",
        "9:12",
        "9:36",
        "10:11",
        "10:35",
        "11:17",
        "12:02",
        "12:32",
        "13:17",
        "14:02",
        "14:32",
        "15:17",
        "16:02",
        "16:32",
        "17:17",
        "18:02",
        "19:20"
    ],
    "holiday": [
        "6:38",
        "7:42",
        "8:42",
        "9:42",
        "10:42",
        "11:42",
        "12:42",
        "13:42",
        "14:42",
        "15:42",
        "16:42",
        "17:42",
        "18:45"
    ],
    "url": "https://www.kanachu.co.jp/dia/diagram/timetable01_js/course:0000800322-6/node:00128330/kt:0/lname:/"
}
