{
    "date": "2025/01/14",
    "name": "箕輪辻",
    "position": "-",
    "system": "厚60",
    "destinations": [
        "愛川町役場",
        "箕輪(愛甲郡愛川町)",
        "東中学校前(愛甲郡愛川町)",
        "中津(愛甲郡愛川町)",
        "局前(愛甲郡愛川町)",
        "一本松(愛甲郡愛川町)",
        "運輸支局入口(愛甲郡愛川町)",
        "桜台(愛甲郡愛川町)",
        "坂本入口",
        "六本松(厚木市)",
        "中荻原",
        "中平(厚木市)",
        "依知小学校前",
        "関口(厚木市)",
        "蓮生寺(厚木市)",
        "追分(厚木市)",
        "下依知入口",
        "金田神社前",
        "金田(厚木市)",
        "金田下宿",
        "積水ソフランウイズ前",
        "鮎津橋",
        "元町(厚木市)",
        "小田急通り",
        "厚木バスセンター"
    ],
    "weekday": [
        "6:08",
        "6:35",
        "7:25",
        "7:55",
        "8:25",
        "8:55",
        "9:25",
        "9:55",
        "10:20",
        "10:50",
        "11:20",
        "11:50",
        "12:20",
        "12:50",
        "13:20",
        "13:50",
        "14:20",
        "14:50",
        "15:20",
        "15:50",
        "16:20",
        "16:45",
        "17:05",
        "17:25",
        "18:25",
        "19:30"
    ],
    "saturday": [
        "6:38",
        "7:14",
        "7:50",
        "8:14",
        "8:50",
        "9:14",
        "9:38",
        "10:13",
        "10:37",
        "11:19",
        "12:04",
        "12:34",
        "13:19",
        "14:04",
        "14:34",
        "15:19",
        "16:04",
        "16:34",
        "17:19",
        "18:04",
        "19:22"
    ],
    "holiday": [
        "6:40",
        "7:44",
        "8:44",
        "9:44",
        "10:44",
        "11:44",
        "12:44",
        "13:44",
        "14:44",
        "15:44",
        "16:44",
        "17:44",
        "18:47"
    ],
    "url": "https://www.kanachu.co.jp/dia/diagram/timetable01_js/course:0000800322-8/node:00128327/kt:0/lname:/"
}
