{
    "date": "2025/01/14",
    "name": "愛川町役場",
    "position": "-",
    "system": "厚60",
    "destinations": [
        "箕輪(愛甲郡愛川町)",
        "東中学校前(愛甲郡愛川町)",
        "中津(愛甲郡愛川町)",
        "局前(愛甲郡愛川町)",
        "一本松(愛甲郡愛川町)",
        "運輸支局入口(愛甲郡愛川町)",
        "桜台(愛甲郡愛川町)",
        "坂本入口",
        "六本松(厚木市)",
        "中荻原",
        "中平(厚木市)",
        "依知小学校前",
        "関口(厚木市)",
        "蓮生寺(厚木市)",
        "追分(厚木市)",
        "下依知入口",
        "金田神社前",
        "金田(厚木市)",
        "金田下宿",
        "積水ソフランウイズ前",
        "鮎津橋",
        "元町(厚木市)",
        "小田急通り",
        "厚木バスセンター"
    ],
    "weekday": [
        "6:09",
        "6:36",
        "7:26",
        "7:56",
        "8:26",
        "8:56",
        "9:26",
        "9:56",
        "10:21",
        "10:51",
        "11:21",
        "11:51",
        "12:21",
        "12:51",
        "13:21",
        "13:51",
        "14:21",
        "14:51",
        "15:21",
        "15:51",
        "16:21",
        "16:46",
        "17:06",
        "17:26",
        "18:26",
        "19:31"
    ],
    "saturday": [
        "6:39",
        "7:15",
        "7:51",
        "8:15",
        "8:51",
        "9:15",
        "9:39",
        "10:14",
        "10:38",
        "11:20",
        "12:05",
        "12:35",
        "13:20",
        "14:05",
        "14:35",
        "15:20",
        "16:05",
        "16:35",
        "17:20",
        "18:05",
        "19:23"
    ],
    "holiday": [
        "6:41",
        "7:45",
        "8:45",
        "9:45",
        "10:45",
        "11:45",
        "12:45",
        "13:45",
        "14:45",
        "15:45",
        "16:45",
        "17:45",
        "18:48"
    ],
    "url": "https://www.kanachu.co.jp/dia/diagram/timetable01_js/course:0000800322-9/node:00128520/kt:0/lname:/"
}
