{
    "date": "2025/01/14",
    "name": "一本松(愛甲郡愛川町)",
    "position": "-",
    "system": "厚60",
    "destinations": [
        "運輸支局入口(愛甲郡愛川町)",
        "桜台(愛甲郡愛川町)",
        "坂本入口",
        "六本松(厚木市)",
        "中荻原",
        "中平(厚木市)",
        "依知小学校前",
        "関口(厚木市)",
        "蓮生寺(厚木市)",
        "追分(厚木市)",
        "下依知入口",
        "金田神社前",
        "金田(厚木市)",
        "金田下宿",
        "積水ソフランウイズ前",
        "鮎津橋",
        "元町(厚木市)",
        "小田急通り",
        "厚木バスセンター"
    ],
    "weekday": [
        "6:13",
        "6:40",
        "7:30",
        "8:00",
        "8:30",
        "9:00",
        "9:30",
        "10:00",
        "10:25",
        "10:55",
        "11:25",
        "11:55",
        "12:25",
        "12:55",
        "13:25",
        "13:55",
        "14:25",
        "14:55",
        "15:25",
        "15:55",
        "16:25",
        "16:50",
        "17:11",
        "17:31",
        "18:31",
        "19:35"
    ],
    "saturday": [
        "6:43",
        "7:19",
        "7:55",
        "8:19",
        "8:55",
        "9:19",
        "9:43",
        "10:19",
        "10:43",
        "11:25",
        "12:10",
        "12:40",
        "13:25",
        "14:10",
        "14:40",
        "15:25",
        "16:10",
        "16:40",
        "17:25",
        "18:10",
        "19:27"
    ],
    "holiday": [
        "6:45",
        "7:50",
        "8:50",
        "9:50",
        "10:50",
        "11:50",
        "12:50",
        "13:50",
        "14:50",
        "15:50",
        "16:50",
        "17:50",
        "18:52"
    ],
    "url": "https://www.kanachu.co.jp/dia/diagram/timetable01_js/course:0000800322-14/node:00128322/kt:0/lname:/"
}
