{
    "date": "2025/01/14",
    "name": "中荻原",
    "position": "-",
    "system": "厚60",
    "destinations": [
        "中平(厚木市)",
        "依知小学校前",
        "関口(厚木市)",
        "蓮生寺(厚木市)",
        "追分(厚木市)",
        "下依知入口",
        "金田神社前",
        "金田(厚木市)",
        "金田下宿",
        "積水ソフランウイズ前",
        "鮎津橋",
        "元町(厚木市)",
        "小田急通り",
        "厚木バスセンター"
    ],
    "weekday": [
        "6:20",
        "6:47",
        "7:38",
        "8:08",
        "8:38",
        "9:07",
        "9:37",
        "10:07",
        "10:32",
        "11:02",
        "11:32",
        "12:02",
        "12:32",
        "13:02",
        "13:32",
        "14:02",
        "14:32",
        "15:02",
        "15:32",
        "16:02",
        "16:32",
        "16:57",
        "17:19",
        "17:39",
        "18:39",
        "19:41"
    ],
    "saturday": [
        "6:50",
        "7:26",
        "8:02",
        "8:26",
        "9:02",
        "9:26",
        "9:50",
        "10:26",
        "10:50",
        "11:32",
        "12:17",
        "12:47",
        "13:32",
        "14:17",
        "14:47",
        "15:32",
        "16:17",
        "16:47",
        "17:32",
        "18:17",
        "19:33"
    ],
    "holiday": [
        "6:52",
        "7:57",
        "8:57",
        "9:57",
        "10:57",
        "11:57",
        "12:57",
        "13:57",
        "14:57",
        "15:57",
        "16:57",
        "17:57",
        "18:58"
    ],
    "url": "https://www.kanachu.co.jp/dia/diagram/timetable01_js/course:0000800322-19/node:00128362/kt:0/lname:/"
}
