{
    "date": "2025/01/14",
    "name": "中平(厚木市)",
    "position": "-",
    "system": "厚60",
    "destinations": [
        "依知小学校前",
        "関口(厚木市)",
        "蓮生寺(厚木市)",
        "追分(厚木市)",
        "下依知入口",
        "金田神社前",
        "金田(厚木市)",
        "金田下宿",
        "積水ソフランウイズ前",
        "鮎津橋",
        "元町(厚木市)",
        "小田急通り",
        "厚木バスセンター"
    ],
    "weekday": [
        "6:23",
        "6:50",
        "7:44",
        "8:14",
        "8:44",
        "9:12",
        "9:42",
        "10:12",
        "10:37",
        "11:07",
        "11:37",
        "12:07",
        "12:37",
        "13:07",
        "13:37",
        "14:07",
        "14:37",
        "15:07",
        "15:37",
        "16:07",
        "16:37",
        "17:02",
        "17:25",
        "17:45",
        "18:45",
        "19:45"
    ],
    "saturday": [
        "6:53",
        "7:29",
        "8:05",
        "8:29",
        "9:05",
        "9:29",
        "9:53",
        "10:29",
        "10:53",
        "11:35",
        "12:20",
        "12:50",
        "13:35",
        "14:20",
        "14:50",
        "15:35",
        "16:20",
        "16:50",
        "17:35",
        "18:20",
        "19:35"
    ],
    "holiday": [
        "6:55",
        "8:00",
        "9:00",
        "10:00",
        "11:00",
        "12:00",
        "13:00",
        "14:00",
        "15:00",
        "16:00",
        "17:00",
        "18:00",
        "19:00"
    ],
    "url": "https://www.kanachu.co.jp/dia/diagram/timetable01_js/course:0000800322-20/node:00128354/kt:0/lname:/"
}
