{
    "date": "2025/01/14",
    "name": "金田神社前",
    "position": "-",
    "system": "厚60",
    "destinations": [
        "金田(厚木市)",
        "金田下宿",
        "積水ソフランウイズ前",
        "鮎津橋",
        "元町(厚木市)",
        "小田急通り",
        "厚木バスセンター"
    ],
    "weekday": [
        "6:30",
        "6:57",
        "7:53",
        "8:23",
        "8:53",
        "9:20",
        "9:50",
        "10:20",
        "10:45",
        "11:15",
        "11:45",
        "12:15",
        "12:45",
        "13:15",
        "13:45",
        "14:15",
        "14:45",
        "15:15",
        "15:45",
        "16:15",
        "16:45",
        "17:11",
        "17:34",
        "17:54",
        "18:54",
        "19:52"
    ],
    "saturday": [
        "7:00",
        "7:37",
        "8:13",
        "8:37",
        "9:13",
        "9:37",
        "10:01",
        "10:36",
        "11:00",
        "11:42",
        "12:27",
        "12:57",
        "13:42",
        "14:27",
        "14:57",
        "15:42",
        "16:27",
        "16:57",
        "17:42",
        "18:27",
        "19:42"
    ],
    "holiday": [
        "7:01",
        "8:07",
        "9:07",
        "10:07",
        "11:07",
        "12:07",
        "13:07",
        "14:07",
        "15:07",
        "16:07",
        "17:07",
        "18:07",
        "19:07"
    ],
    "url": "https://www.kanachu.co.jp/dia/diagram/timetable01_js/course:0000800322-26/node:00128348/kt:0/lname:/"
}
