{
    "date": "2025/01/14",
    "name": "小田急通り",
    "position": "-",
    "system": "厚60",
    "destinations": [
        "厚木バスセンター"
    ],
    "weekday": [
        "6:40",
        "7:08",
        "8:06",
        "8:36",
        "9:06",
        "9:31",
        "10:01",
        "10:31",
        "10:56",
        "11:26",
        "11:56",
        "12:26",
        "12:56",
        "13:26",
        "13:56",
        "14:26",
        "14:56",
        "15:26",
        "15:56",
        "16:26",
        "16:56",
        "17:22",
        "17:45",
        "18:05",
        "19:04",
        "20:00"
    ],
    "saturday": [
        "7:09",
        "7:47",
        "8:23",
        "8:47",
        "9:23",
        "9:47",
        "10:11",
        "10:46",
        "11:10",
        "11:52",
        "12:37",
        "13:07",
        "13:52",
        "14:37",
        "15:07",
        "15:52",
        "16:37",
        "17:07",
        "17:52",
        "18:36",
        "19:50"
    ],
    "holiday": [
        "7:10",
        "8:16",
        "9:16",
        "10:16",
        "11:16",
        "12:16",
        "13:16",
        "14:16",
        "15:16",
        "16:16",
        "17:16",
        "18:16",
        "19:15"
    ],
    "url": "https://www.kanachu.co.jp/dia/diagram/timetable01_js/course:0000800322-32/node:00128340/kt:0/lname:/"
}
