{
    "system": "厚60",
    "busstops": [
        {
            "index": "1",
            "id": "00128334",
            "name": "上三増",
            "lat": "35.546378",
            "lng": "139.299282"
        },
        {
            "index": "2",
            "id": "00128333",
            "name": "中里遊園地前",
            "lat": "35.542309",
            "lng": "139.300325"
        },
        {
            "index": "3",
            "id": "00128332",
            "name": "三増",
            "lat": "35.539446",
            "lng": "139.304912"
        },
        {
            "index": "4",
            "id": "00128331",
            "name": "三増下宿",
            "lat": "35.537242",
            "lng": "139.307186"
        },
        {
            "index": "5",
            "id": "00128671",
            "name": "愛川ハイテク団地入口",
            "lat": "35.535873",
            "lng": "139.309124"
        },
        {
            "index": "6",
            "id": "00128330",
            "name": "高峰小学校前",
            "lat": "35.533786",
            "lng": "139.312838"
        },
        {
            "index": "7",
            "id": "00128329",
            "name": "愛川高校前",
            "lat": "35.531678",
            "lng": "139.316629"
        },
        {
            "index": "8",
            "id": "00128327",
            "name": "箕輪辻",
            "lat": "35.530523",
            "lng": "139.318651"
        },
        {
            "index": "9",
            "id": "00128520",
            "name": "愛川町役場",
            "lat": "35.528732",
            "lng": "139.321121"
        },
        {
            "index": "10",
            "id": "00128326",
            "name": "箕輪(愛甲郡愛川町)",
            "lat": "35.526206",
            "lng": "139.323685"
        },
        {
            "index": "11",
            "id": "00128325",
            "name": "東中学校前(愛甲郡愛川町)",
            "lat": "35.523158",
            "lng": "139.327683"
        },
        {
            "index": "12",
            "id": "00128324",
            "name": "中津(愛甲郡愛川町)",
            "lat": "35.519246",
            "lng": "139.331407"
        },
        {
            "index": "13",
            "id": "00128323",
            "name": "局前(愛甲郡愛川町)",
            "lat": "35.516831",
            "lng": "139.33365"
        },
        {
            "index": "14",
            "id": "00128322",
            "name": "一本松(愛甲郡愛川町)",
            "lat": "35.514108",
            "lng": "139.336615"
        },
        {
            "index": "15",
            "id": "00128321",
            "name": "運輸支局入口(愛甲郡愛川町)",
            "lat": "35.509802",
            "lng": "139.339001"
        },
        {
            "index": "16",
            "id": "00128320",
            "name": "桜台(愛甲郡愛川町)",
            "lat": "35.50666",
            "lng": "139.340114"
        },
        {
            "index": "17",
            "id": "00128364",
            "name": "坂本入口",
            "lat": "35.505252",
            "lng": "139.34363"
        },
        {
            "index": "18",
            "id": "00128363",
            "name": "六本松(厚木市)",
            "lat": "35.503793",
            "lng": "139.351733"
        },
        {
            "index": "19",
            "id": "00128362",
            "name": "中荻原",
            "lat": "35.501961",
            "lng": "139.356177"
        },
        {
            "index": "20",
            "id": "00128354",
            "name": "中平(厚木市)",
            "lat": "35.496391",
            "lng": "139.363154"
        },
        {
            "index": "21",
            "id": "00128353",
            "name": "依知小学校前",
            "lat": "35.490337",
            "lng": "139.364447"
        },
        {
            "index": "22",
            "id": "00128352",
            "name": "関口(厚木市)",
            "lat": "35.484715",
            "lng": "139.365361"
        },
        {
            "index": "23",
            "id": "00128351",
            "name": "蓮生寺(厚木市)",
            "lat": "35.480515",
            "lng": "139.36604"
        },
        {
            "index": "24",
            "id": "00128350",
            "name": "追分(厚木市)",
            "lat": "35.475596",
            "lng": "139.367208"
        },
        {
            "index": "25",
            "id": "00128349",
            "name": "下依知入口",
            "lat": "35.470019",
            "lng": "139.368058"
        },
        {
            "index": "26",
            "id": "00128348",
            "name": "金田神社前",
            "lat": "35.466422",
            "lng": "139.36828"
        },
        {
            "index": "27",
            "id": "00128347",
            "name": "金田(厚木市)",
            "lat": "35.46312",
            "lng": "139.368089"
        },
        {
            "index": "28",
            "id": "00128346",
            "name": "金田下宿",
            "lat": "35.460377",
            "lng": "139.367716"
        },
        {
            "index": "29",
            "id": "00128345",
            "name": "積水ソフランウイズ前",
            "lat": "35.454246",
            "lng": "139.368998"
        },
        {
            "index": "30",
            "id": "00128344",
            "name": "鮎津橋",
            "lat": "35.451565",
            "lng": "139.365876"
        },
        {
            "index": "31",
            "id": "00128343",
            "name": "元町(厚木市)",
            "lat": "35.447783",
            "lng": "139.366351"
        },
        {
            "index": "32",
            "id": "00128340",
            "name": "小田急通り",
            "lat": "35.444622",
            "lng": "139.366445"
        },
        {
            "index": "33",
            "id": "00128256",
            "name": "厚木バスセンター",
            "lat": "35.441107",
            "lng": "139.36685"
        }
    ],
    "route_url": "https://www.kanachu.co.jp/dia/route/index/cid:0000800322/"
}
