{
    "date": "2024/12/16",
    "name": "東海大学前駅入口",
    "position": "-",
    "system": "学04",
    "destinations": [
        "東海大学北門",
        "学校入口(秦野市)",
        "矢名",
        "宿矢名",
        "広畑ふれあいプラザ前",
        "下大槻団地"
    ],
    "weekday": [
        "7:36",
        "9:01",
        "9:17",
        "10:00",
        "10:19",
        "11:03",
        "11:59",
        "12:16",
        "12:56",
        "13:16",
        "13:56",
        "14:16",
        "14:56",
        "15:16",
        "15:56",
        "16:56",
        "17:56",
        "18:16",
        "18:56",
        "19:16",
        "19:56",
        "21:01",
        "21:29",
        "22:01",
        "22:29",
        "23:02"
    ],
    "saturday": [
        "6:41",
        "7:11",
        "7:41",
        "8:11",
        "8:41",
        "9:16",
        "9:56",
        "10:16",
        "10:56",
        "11:16",
        "11:56",
        "12:56",
        "13:16",
        "13:56",
        "14:16",
        "14:56",
        "15:16",
        "15:56",
        "16:16",
        "16:56",
        "17:16",
        "17:56",
        "18:56",
        "19:26",
        "19:56",
        "20:56",
        "21:26",
        "21:56",
        "22:27"
    ],
    "holiday": [
        "6:41",
        "7:11",
        "7:41",
        "8:11",
        "8:41",
        "9:16",
        "9:56",
        "10:16",
        "10:56",
        "11:16",
        "11:56",
        "12:56",
        "13:16",
        "13:56",
        "14:16",
        "14:56",
        "15:16",
        "15:56",
        "16:16",
        "16:56",
        "17:16",
        "17:56",
        "18:56",
        "19:26",
        "19:56",
        "20:56",
        "21:26",
        "21:56",
        "22:27"
    ],
    "url": "https://www.kanachu.co.jp/dia/diagram/timetable01_js/course:0000803660-2/node:00127760/kt:0/lname:/"
}
