{
    "date": "2026/01/16",
    "name": "戸川台",
    "position": "-",
    "system": "秦54",
    "destinations": [
        "戸川工業団地",
        "戸川入口西",
        "三屋入口",
        "羽根入口",
        "田原入口",
        "六反地",
        "榎木堂",
        "宮上(秦野市)",
        "宮前(秦野市)",
        "上大道",
        "大道(秦野市)",
        "上宿通り",
        "大川橋(秦野市)",
        "まほろば大橋",
        "秦野駅"
    ],
    "weekday": [
        "6:41",
        "7:29",
        "8:02",
        "8:27",
        "15:38",
        "16:41",
        "17:12"
    ],
    "saturday": [],
    "holiday": [],
    "url": "https://www.kanachu.co.jp/dia/diagram/timetable01_js/course:0000804300-6/node:00130350/kt:0/lname:/"
}
