{
    "date": "2026/01/16",
    "name": "羽根入口",
    "position": "-",
    "system": "秦54",
    "destinations": [
        "田原入口",
        "六反地",
        "榎木堂",
        "宮上(秦野市)",
        "宮前(秦野市)",
        "上大道",
        "大道(秦野市)",
        "上宿通り",
        "大川橋(秦野市)",
        "まほろば大橋",
        "秦野駅"
    ],
    "weekday": [
        "6:46",
        "7:34",
        "8:07",
        "8:32",
        "15:43",
        "16:46",
        "17:17"
    ],
    "saturday": [],
    "holiday": [],
    "url": "https://www.kanachu.co.jp/dia/diagram/timetable01_js/course:0000804300-10/node:00127883/kt:0/lname:/"
}
