{
    "date": "2026/01/16",
    "name": "田原入口",
    "position": "-",
    "system": "秦54",
    "destinations": [
        "六反地",
        "榎木堂",
        "宮上(秦野市)",
        "宮前(秦野市)",
        "上大道",
        "大道(秦野市)",
        "上宿通り",
        "大川橋(秦野市)",
        "まほろば大橋",
        "秦野駅"
    ],
    "weekday": [
        "6:48",
        "7:36",
        "8:09",
        "8:34",
        "15:45",
        "16:48",
        "17:19"
    ],
    "saturday": [],
    "holiday": [],
    "url": "https://www.kanachu.co.jp/dia/diagram/timetable01_js/course:0000804300-11/node:00127882/kt:0/lname:/"
}
