{
    "date": "2026/01/16",
    "name": "六反地",
    "position": "-",
    "system": "秦54",
    "destinations": [
        "榎木堂",
        "宮上(秦野市)",
        "宮前(秦野市)",
        "上大道",
        "大道(秦野市)",
        "上宿通り",
        "大川橋(秦野市)",
        "まほろば大橋",
        "秦野駅"
    ],
    "weekday": [
        "6:49",
        "7:37",
        "8:10",
        "8:35",
        "15:46",
        "16:49",
        "17:20"
    ],
    "saturday": [],
    "holiday": [],
    "url": "https://www.kanachu.co.jp/dia/diagram/timetable01_js/course:0000804300-12/node:00127881/kt:0/lname:/"
}
