{
    "date": "2026/01/16",
    "name": "宮前(秦野市)",
    "position": "-",
    "system": "秦54",
    "destinations": [
        "上大道",
        "大道(秦野市)",
        "上宿通り",
        "大川橋(秦野市)",
        "まほろば大橋",
        "秦野駅"
    ],
    "weekday": [
        "6:51",
        "7:41",
        "8:14",
        "8:37",
        "15:48",
        "16:53",
        "17:24"
    ],
    "saturday": [],
    "holiday": [],
    "url": "https://www.kanachu.co.jp/dia/diagram/timetable01_js/course:0000804300-15/node:00127878/kt:0/lname:/"
}
