{
    "date": "2026/01/16",
    "name": "大道(秦野市)",
    "position": "-",
    "system": "秦54",
    "destinations": [
        "上宿通り",
        "大川橋(秦野市)",
        "まほろば大橋",
        "秦野駅"
    ],
    "weekday": [
        "6:53",
        "7:43",
        "8:16",
        "8:39",
        "15:50",
        "16:55",
        "17:26"
    ],
    "saturday": [],
    "holiday": [],
    "url": "https://www.kanachu.co.jp/dia/diagram/timetable01_js/course:0000804300-17/node:00127876/kt:0/lname:/"
}
