{
    "date": "2022/12/17",
    "name": "市立病院(茅ケ崎市)",
    "position": "-",
    "system": "茅16",
    "destinations": [
        "ニュータウン入口(茅ケ崎市)",
        "ニュータウン中央(茅ケ崎市)",
        "高田三丁目",
        "室田",
        "室田小学校入口",
        "室田一丁目",
        "室田二丁目"
    ],
    "weekday": [
        "10:39",
        "12:47"
    ],
    "saturday": [
        "11:22",
        "19:02",
        "19:46",
        "20:11",
        "20:46"
    ],
    "holiday": [
        "11:22",
        "19:02",
        "19:46",
        "20:11",
        "20:46"
    ],
    "url": "https://www.kanachu.co.jp/dia/diagram/timetable01_js/course:0000800837-4/node:00127153/kt:0/lname:/"
}
