{
    "date": "2025/01/14",
    "name": "成瀬台二丁目",
    "position": "-",
    "system": "津02",
    "destinations": [
        "しあわせ野",
        "奈良三丁目",
        "あかね台北",
        "熊の谷公園",
        "あかね台入口(横浜市青葉区)",
        "堀の内(横浜市青葉区)",
        "長津田三丁目",
        "長津田駅北口"
    ],
    "weekday": [
        "5:37",
        "5:57",
        "6:14",
        "6:29",
        "6:42",
        "7:04",
        "7:14",
        "7:29",
        "7:42",
        "8:04",
        "8:32",
        "9:42",
        "10:42",
        "11:12",
        "11:42",
        "12:12",
        "12:42",
        "13:42",
        "14:42",
        "15:42",
        "16:42",
        "17:12"
    ],
    "saturday": [
        "6:03",
        "6:38",
        "7:13",
        "7:43",
        "7:58",
        "8:23",
        "9:03",
        "9:43",
        "10:23",
        "11:13",
        "12:13",
        "13:13",
        "14:13",
        "15:13",
        "16:13"
    ],
    "holiday": [
        "6:23",
        "7:03",
        "7:43",
        "7:58",
        "8:23",
        "9:03",
        "9:43",
        "10:23",
        "11:13",
        "12:13",
        "13:13",
        "14:13",
        "15:13",
        "16:13"
    ],
    "url": "https://www.kanachu.co.jp/dia/diagram/timetable01_js/course:0000801957-3/node:00129601/kt:0/lname:/"
}
