{
    "date": "2025/01/14",
    "name": "奈良三丁目",
    "position": "-",
    "system": "津02",
    "destinations": [
        "あかね台北",
        "熊の谷公園",
        "あかね台入口(横浜市青葉区)",
        "堀の内(横浜市青葉区)",
        "長津田三丁目",
        "長津田駅北口"
    ],
    "weekday": [
        "5:40",
        "6:00",
        "6:17",
        "6:32",
        "6:45",
        "7:07",
        "7:18",
        "7:33",
        "7:46",
        "8:08",
        "8:36",
        "9:45",
        "10:45",
        "11:15",
        "11:45",
        "12:15",
        "12:45",
        "13:45",
        "14:45",
        "15:45",
        "16:45",
        "17:15"
    ],
    "saturday": [
        "6:06",
        "6:41",
        "7:16",
        "7:46",
        "8:01",
        "8:26",
        "9:06",
        "9:46",
        "10:26",
        "11:16",
        "12:16",
        "13:16",
        "14:16",
        "15:16",
        "16:16"
    ],
    "holiday": [
        "6:26",
        "7:06",
        "7:46",
        "8:01",
        "8:26",
        "9:06",
        "9:46",
        "10:26",
        "11:16",
        "12:16",
        "13:16",
        "14:16",
        "15:16",
        "16:16"
    ],
    "url": "https://www.kanachu.co.jp/dia/diagram/timetable01_js/course:0000801957-5/node:00130359/kt:0/lname:/"
}
