{
    "date": "2025/01/14",
    "name": "あかね台北",
    "position": "-",
    "system": "津02",
    "destinations": [
        "熊の谷公園",
        "あかね台入口(横浜市青葉区)",
        "堀の内(横浜市青葉区)",
        "長津田三丁目",
        "長津田駅北口"
    ],
    "weekday": [
        "5:41",
        "6:01",
        "6:18",
        "6:33",
        "6:46",
        "7:08",
        "7:19",
        "7:34",
        "7:47",
        "8:09",
        "8:37",
        "9:46",
        "10:46",
        "11:16",
        "11:46",
        "12:16",
        "12:46",
        "13:46",
        "14:46",
        "15:46",
        "16:46",
        "17:16"
    ],
    "saturday": [
        "6:07",
        "6:42",
        "7:17",
        "7:47",
        "8:02",
        "8:27",
        "9:07",
        "9:47",
        "10:27",
        "11:17",
        "12:17",
        "13:17",
        "14:17",
        "15:17",
        "16:17"
    ],
    "holiday": [
        "6:27",
        "7:07",
        "7:47",
        "8:02",
        "8:27",
        "9:07",
        "9:47",
        "10:27",
        "11:17",
        "12:17",
        "13:17",
        "14:17",
        "15:17",
        "16:17"
    ],
    "url": "https://www.kanachu.co.jp/dia/diagram/timetable01_js/course:0000801957-6/node:00130358/kt:0/lname:/"
}
