{
    "date": "2025/03/15",
    "name": "坂下(藤沢市)",
    "position": "-",
    "system": "長36",
    "destinations": [
        "下土棚",
        "いすゞ前",
        "大持",
        "山谷(藤沢市)",
        "東山田(藤沢市)",
        "葛原(藤沢市)",
        "出荷場前",
        "谷戸入口(藤沢市)",
        "宮下(藤沢市)",
        "上宮下",
        "天沼入口",
        "天沼(藤沢市)",
        "芝原入口",
        "新道向",
        "団地中央(綾瀬市)",
        "吉岡工業団地"
    ],
    "weekday": [
        "6:58",
        "8:18",
        "9:38",
        "13:13",
        "17:58"
    ],
    "saturday": [
        "9:13",
        "10:33",
        "11:53",
        "13:13",
        "14:13"
    ],
    "holiday": [
        "9:13",
        "10:33",
        "11:53",
        "13:13",
        "14:13"
    ],
    "url": "https://www.kanachu.co.jp/dia/diagram/timetable01_js/course:0000800544-4/node:00129814/kt:0/lname:/"
}
