{
    "date": "2025/03/15",
    "name": "下土棚",
    "position": "-",
    "system": "長36",
    "destinations": [
        "いすゞ前",
        "大持",
        "山谷(藤沢市)",
        "東山田(藤沢市)",
        "葛原(藤沢市)",
        "出荷場前",
        "谷戸入口(藤沢市)",
        "宮下(藤沢市)",
        "上宮下",
        "天沼入口",
        "天沼(藤沢市)",
        "芝原入口",
        "新道向",
        "団地中央(綾瀬市)",
        "吉岡工業団地"
    ],
    "weekday": [
        "7:00",
        "8:20",
        "9:40",
        "13:15",
        "18:00"
    ],
    "saturday": [
        "9:15",
        "10:35",
        "11:55",
        "13:15",
        "14:15"
    ],
    "holiday": [
        "9:15",
        "10:35",
        "11:55",
        "13:15",
        "14:15"
    ],
    "url": "https://www.kanachu.co.jp/dia/diagram/timetable01_js/course:0000800544-5/node:00129815/kt:0/lname:/"
}
