{
    "date": "2025/03/15",
    "name": "大持",
    "position": "-",
    "system": "長36",
    "destinations": [
        "山谷(藤沢市)",
        "東山田(藤沢市)",
        "葛原(藤沢市)",
        "出荷場前",
        "谷戸入口(藤沢市)",
        "宮下(藤沢市)",
        "上宮下",
        "天沼入口",
        "天沼(藤沢市)",
        "芝原入口",
        "新道向",
        "団地中央(綾瀬市)",
        "吉岡工業団地"
    ],
    "weekday": [
        "7:01",
        "8:21",
        "9:41",
        "13:16",
        "18:01"
    ],
    "saturday": [
        "9:16",
        "10:36",
        "11:56",
        "13:16",
        "14:16"
    ],
    "holiday": [
        "9:16",
        "10:36",
        "11:56",
        "13:16",
        "14:16"
    ],
    "url": "https://www.kanachu.co.jp/dia/diagram/timetable01_js/course:0000800544-7/node:00129817/kt:0/lname:/"
}
