{
    "date": "2025/03/15",
    "name": "山谷(藤沢市)",
    "position": "-",
    "system": "長36",
    "destinations": [
        "東山田(藤沢市)",
        "葛原(藤沢市)",
        "出荷場前",
        "谷戸入口(藤沢市)",
        "宮下(藤沢市)",
        "上宮下",
        "天沼入口",
        "天沼(藤沢市)",
        "芝原入口",
        "新道向",
        "団地中央(綾瀬市)",
        "吉岡工業団地"
    ],
    "weekday": [
        "7:02",
        "8:22",
        "9:42",
        "13:17",
        "18:02"
    ],
    "saturday": [
        "9:17",
        "10:37",
        "11:57",
        "13:17",
        "14:17"
    ],
    "holiday": [
        "9:17",
        "10:37",
        "11:57",
        "13:17",
        "14:17"
    ],
    "url": "https://www.kanachu.co.jp/dia/diagram/timetable01_js/course:0000800544-8/node:00129818/kt:0/lname:/"
}
