{
    "date": "2025/03/15",
    "name": "谷戸入口(藤沢市)",
    "position": "-",
    "system": "長36",
    "destinations": [
        "宮下(藤沢市)",
        "上宮下",
        "天沼入口",
        "天沼(藤沢市)",
        "芝原入口",
        "新道向",
        "団地中央(綾瀬市)",
        "吉岡工業団地"
    ],
    "weekday": [
        "7:06",
        "8:26",
        "9:46",
        "13:21",
        "18:06"
    ],
    "saturday": [
        "9:21",
        "10:41",
        "12:01",
        "13:21",
        "14:21"
    ],
    "holiday": [
        "9:21",
        "10:41",
        "12:01",
        "13:21",
        "14:21"
    ],
    "url": "https://www.kanachu.co.jp/dia/diagram/timetable01_js/course:0000800544-12/node:00129905/kt:0/lname:/"
}
