{
    "date": "2025/03/15",
    "name": "天沼(藤沢市)",
    "position": "-",
    "system": "長36",
    "destinations": [
        "芝原入口",
        "新道向",
        "団地中央(綾瀬市)",
        "吉岡工業団地"
    ],
    "weekday": [
        "7:09",
        "8:29",
        "9:49",
        "13:24",
        "18:09"
    ],
    "saturday": [
        "9:24",
        "10:44",
        "12:04",
        "13:24",
        "14:24"
    ],
    "holiday": [
        "9:24",
        "10:44",
        "12:04",
        "13:24",
        "14:24"
    ],
    "url": "https://www.kanachu.co.jp/dia/diagram/timetable01_js/course:0000800544-16/node:00129901/kt:0/lname:/"
}
