{
    "date": "2025/03/15",
    "name": "団地中央(綾瀬市)",
    "position": "-",
    "system": "長36",
    "destinations": [
        "吉岡工業団地"
    ],
    "weekday": [
        "7:12",
        "8:32",
        "9:52",
        "13:27",
        "18:12"
    ],
    "saturday": [
        "9:27",
        "10:47",
        "12:07",
        "13:27",
        "14:27"
    ],
    "holiday": [
        "9:27",
        "10:47",
        "12:07",
        "13:27",
        "14:27"
    ],
    "url": "https://www.kanachu.co.jp/dia/diagram/timetable01_js/course:0000800544-19/node:00129898/kt:0/lname:/"
}
