{
    "date": "2026/01/16",
    "name": "御所見中学校前",
    "position": "-",
    "system": "長35",
    "destinations": [
        "西葛原",
        "葛野",
        "宮の腰(藤沢市)",
        "葛原(藤沢市)",
        "東山田(藤沢市)",
        "山谷(藤沢市)",
        "大持",
        "いすゞ前",
        "下土棚",
        "坂下(藤沢市)",
        "住宅前(藤沢市下土棚)",
        "長後市民センター前",
        "長後駅西口"
    ],
    "weekday": [
        "5:48",
        "6:05",
        "6:20",
        "6:34",
        "6:46",
        "6:58",
        "7:21",
        "8:03",
        "9:02",
        "9:27",
        "9:50",
        "10:18",
        "10:48",
        "11:18",
        "11:48",
        "12:18",
        "12:48",
        "13:18",
        "13:48",
        "14:18",
        "14:48",
        "15:18",
        "15:40",
        "15:55",
        "16:23",
        "16:57",
        "17:23",
        "17:55",
        "18:25",
        "18:52",
        "20:03"
    ],
    "saturday": [
        "5:48",
        "6:18",
        "6:48",
        "7:40",
        "8:18",
        "8:48",
        "9:24",
        "10:04",
        "10:44",
        "11:24",
        "12:04",
        "12:44",
        "13:24",
        "14:04",
        "14:44",
        "15:24",
        "16:04",
        "16:44",
        "17:24",
        "18:04",
        "18:44",
        "19:24",
        "20:04",
        "20:44"
    ],
    "holiday": [
        "6:48",
        "7:48",
        "8:18",
        "8:48",
        "9:24",
        "10:04",
        "10:44",
        "11:24",
        "12:04",
        "12:44",
        "13:24",
        "14:04",
        "14:44",
        "15:24",
        "16:04",
        "16:44",
        "17:24",
        "18:04",
        "18:44",
        "19:24",
        "20:04",
        "20:44"
    ],
    "url": "https://www.kanachu.co.jp/dia/diagram/timetable01_js/course:0000804279-10/node:00129824/kt:0/lname:/"
}
