{
    "date": "2026/01/16",
    "name": "大持",
    "position": "-",
    "system": "長35",
    "destinations": [
        "いすゞ前",
        "下土棚",
        "坂下(藤沢市)",
        "住宅前(藤沢市下土棚)",
        "長後市民センター前",
        "長後駅西口"
    ],
    "weekday": [
        "5:54",
        "6:11",
        "6:26",
        "6:40",
        "6:52",
        "7:04",
        "7:27",
        "8:09",
        "9:08",
        "9:33",
        "9:56",
        "10:24",
        "10:54",
        "11:24",
        "11:54",
        "12:24",
        "12:54",
        "13:24",
        "13:54",
        "14:24",
        "14:54",
        "15:24",
        "15:46",
        "16:01",
        "16:29",
        "17:03",
        "17:29",
        "18:01",
        "18:31",
        "18:58",
        "20:09"
    ],
    "saturday": [
        "5:53",
        "6:24",
        "6:54",
        "7:46",
        "8:24",
        "8:54",
        "9:30",
        "10:10",
        "10:50",
        "11:30",
        "12:10",
        "12:50",
        "13:30",
        "14:10",
        "14:50",
        "15:30",
        "16:10",
        "16:50",
        "17:30",
        "18:10",
        "18:50",
        "19:30",
        "20:10",
        "20:50"
    ],
    "holiday": [
        "6:54",
        "7:54",
        "8:24",
        "8:54",
        "9:30",
        "10:10",
        "10:50",
        "11:30",
        "12:10",
        "12:50",
        "13:30",
        "14:10",
        "14:50",
        "15:30",
        "16:10",
        "16:50",
        "17:30",
        "18:10",
        "18:50",
        "19:30",
        "20:10",
        "20:50"
    ],
    "url": "https://www.kanachu.co.jp/dia/diagram/timetable01_js/course:0000804279-17/node:00129817/kt:0/lname:/"
}
