{
    "date": "2024/03/16",
    "name": "相原中央",
    "position": "-",
    "system": "橋03",
    "destinations": [
        "二本松(相模原市緑区)",
        "森の上",
        "東原宿",
        "原宿(相模原市緑区)",
        "城山総合事務所入口",
        "向原北",
        "向原南",
        "宮原(相模原市緑区)",
        "小倉原",
        "城山登山口(相模原市緑区)",
        "荒句",
        "無料庵",
        "根小屋中野",
        "西中野(相模原市緑区)",
        "東金原",
        "ひがし会館",
        "富士塚前(相模原市緑区)",
        "金原準工前",
        "長尾(相模原市緑区)",
        "沼(相模原市緑区)",
        "串川グラウンド前",
        "長竹クラブ前",
        "上長竹",
        "関(相模原市緑区)",
        "関・宮原",
        "新屋敷(相模原市緑区)",
        "小沢(相模原市緑区)",
        "青山(相模原市緑区)",
        "三ヶ木新宿",
        "津久井高校前",
        "三ヶ木"
    ],
    "weekday": [
        "6:38",
        "7:34",
        "8:35",
        "9:39",
        "17:21",
        "18:21",
        "19:21",
        "20:18"
    ],
    "saturday": [
        "7:39",
        "8:39",
        "9:39",
        "17:33",
        "18:33",
        "19:32"
    ],
    "holiday": [
        "7:39",
        "8:39",
        "9:39",
        "17:33",
        "18:33",
        "19:32"
    ],
    "url": "https://www.kanachu.co.jp/dia/diagram/timetable01_js/course:0000803000-8/node:00128965/kt:0/lname:/"
}
