{
    "date": "2024/03/16",
    "name": "向原北",
    "position": "-",
    "system": "橋03",
    "destinations": [
        "向原南",
        "宮原(相模原市緑区)",
        "小倉原",
        "城山登山口(相模原市緑区)",
        "荒句",
        "無料庵",
        "根小屋中野",
        "西中野(相模原市緑区)",
        "東金原",
        "ひがし会館",
        "富士塚前(相模原市緑区)",
        "金原準工前",
        "長尾(相模原市緑区)",
        "沼(相模原市緑区)",
        "串川グラウンド前",
        "長竹クラブ前",
        "上長竹",
        "関(相模原市緑区)",
        "関・宮原",
        "新屋敷(相模原市緑区)",
        "小沢(相模原市緑区)",
        "青山(相模原市緑区)",
        "三ヶ木新宿",
        "津久井高校前",
        "三ヶ木"
    ],
    "weekday": [
        "6:43",
        "7:41",
        "8:41",
        "9:45",
        "17:28",
        "18:28",
        "19:28",
        "20:24"
    ],
    "saturday": [
        "7:45",
        "8:45",
        "9:45",
        "17:40",
        "18:39",
        "19:38"
    ],
    "holiday": [
        "7:45",
        "8:45",
        "9:45",
        "17:40",
        "18:39",
        "19:38"
    ],
    "url": "https://www.kanachu.co.jp/dia/diagram/timetable01_js/course:0000803000-14/node:00129022/kt:0/lname:/"
}
