{
    "date": "2024/03/16",
    "name": "小倉原",
    "position": "-",
    "system": "橋03",
    "destinations": [
        "城山登山口(相模原市緑区)",
        "荒句",
        "無料庵",
        "根小屋中野",
        "西中野(相模原市緑区)",
        "東金原",
        "ひがし会館",
        "富士塚前(相模原市緑区)",
        "金原準工前",
        "長尾(相模原市緑区)",
        "沼(相模原市緑区)",
        "串川グラウンド前",
        "長竹クラブ前",
        "上長竹",
        "関(相模原市緑区)",
        "関・宮原",
        "新屋敷(相模原市緑区)",
        "小沢(相模原市緑区)",
        "青山(相模原市緑区)",
        "三ヶ木新宿",
        "津久井高校前",
        "三ヶ木"
    ],
    "weekday": [
        "6:49",
        "7:47",
        "8:47",
        "9:51",
        "17:34",
        "18:34",
        "19:34",
        "20:30"
    ],
    "saturday": [
        "7:51",
        "8:51",
        "9:51",
        "17:46",
        "18:45",
        "19:44"
    ],
    "holiday": [
        "7:51",
        "8:51",
        "9:51",
        "17:46",
        "18:45",
        "19:44"
    ],
    "url": "https://www.kanachu.co.jp/dia/diagram/timetable01_js/course:0000803000-17/node:00128848/kt:0/lname:/"
}
