{
    "date": "2024/03/16",
    "name": "荒句",
    "position": "-",
    "system": "橋03",
    "destinations": [
        "無料庵",
        "根小屋中野",
        "西中野(相模原市緑区)",
        "東金原",
        "ひがし会館",
        "富士塚前(相模原市緑区)",
        "金原準工前",
        "長尾(相模原市緑区)",
        "沼(相模原市緑区)",
        "串川グラウンド前",
        "長竹クラブ前",
        "上長竹",
        "関(相模原市緑区)",
        "関・宮原",
        "新屋敷(相模原市緑区)",
        "小沢(相模原市緑区)",
        "青山(相模原市緑区)",
        "三ヶ木新宿",
        "津久井高校前",
        "三ヶ木"
    ],
    "weekday": [
        "6:51",
        "7:49",
        "8:49",
        "9:53",
        "17:36",
        "18:36",
        "19:36",
        "20:32"
    ],
    "saturday": [
        "7:53",
        "8:53",
        "9:53",
        "17:48",
        "18:47",
        "19:46"
    ],
    "holiday": [
        "7:53",
        "8:53",
        "9:53",
        "17:48",
        "18:47",
        "19:46"
    ],
    "url": "https://www.kanachu.co.jp/dia/diagram/timetable01_js/course:0000803000-19/node:00128846/kt:0/lname:/"
}
