{
    "date": "2024/03/16",
    "name": "根小屋中野",
    "position": "-",
    "system": "橋03",
    "destinations": [
        "西中野(相模原市緑区)",
        "東金原",
        "ひがし会館",
        "富士塚前(相模原市緑区)",
        "金原準工前",
        "長尾(相模原市緑区)",
        "沼(相模原市緑区)",
        "串川グラウンド前",
        "長竹クラブ前",
        "上長竹",
        "関(相模原市緑区)",
        "関・宮原",
        "新屋敷(相模原市緑区)",
        "小沢(相模原市緑区)",
        "青山(相模原市緑区)",
        "三ヶ木新宿",
        "津久井高校前",
        "三ヶ木"
    ],
    "weekday": [
        "6:53",
        "7:51",
        "8:51",
        "9:55",
        "17:38",
        "18:38",
        "19:38",
        "20:34"
    ],
    "saturday": [
        "7:55",
        "8:55",
        "9:55",
        "17:50",
        "18:49",
        "19:48"
    ],
    "holiday": [
        "7:55",
        "8:55",
        "9:55",
        "17:50",
        "18:49",
        "19:48"
    ],
    "url": "https://www.kanachu.co.jp/dia/diagram/timetable01_js/course:0000803000-21/node:00128844/kt:0/lname:/"
}
