{
    "date": "2024/03/16",
    "name": "富士塚前(相模原市緑区)",
    "position": "-",
    "system": "橋03",
    "destinations": [
        "金原準工前",
        "長尾(相模原市緑区)",
        "沼(相模原市緑区)",
        "串川グラウンド前",
        "長竹クラブ前",
        "上長竹",
        "関(相模原市緑区)",
        "関・宮原",
        "新屋敷(相模原市緑区)",
        "小沢(相模原市緑区)",
        "青山(相模原市緑区)",
        "三ヶ木新宿",
        "津久井高校前",
        "三ヶ木"
    ],
    "weekday": [
        "6:56",
        "7:54",
        "8:54",
        "9:58",
        "17:41",
        "18:41",
        "19:41",
        "20:37"
    ],
    "saturday": [
        "7:58",
        "8:58",
        "9:58",
        "17:53",
        "18:52",
        "19:51"
    ],
    "holiday": [
        "7:58",
        "8:58",
        "9:58",
        "17:53",
        "18:52",
        "19:51"
    ],
    "url": "https://www.kanachu.co.jp/dia/diagram/timetable01_js/course:0000803000-25/node:00129016/kt:0/lname:/"
}
