{
    "date": "2024/03/16",
    "name": "串川グラウンド前",
    "position": "-",
    "system": "橋03",
    "destinations": [
        "長竹クラブ前",
        "上長竹",
        "関(相模原市緑区)",
        "関・宮原",
        "新屋敷(相模原市緑区)",
        "小沢(相模原市緑区)",
        "青山(相模原市緑区)",
        "三ヶ木新宿",
        "津久井高校前",
        "三ヶ木"
    ],
    "weekday": [
        "6:59",
        "7:58",
        "8:58",
        "10:02",
        "17:45",
        "18:45",
        "19:44",
        "20:40"
    ],
    "saturday": [
        "8:01",
        "9:01",
        "10:01",
        "17:56",
        "18:55",
        "19:54"
    ],
    "holiday": [
        "8:01",
        "9:01",
        "10:01",
        "17:56",
        "18:55",
        "19:54"
    ],
    "url": "https://www.kanachu.co.jp/dia/diagram/timetable01_js/course:0000803000-29/node:00129013/kt:0/lname:/"
}
