{
    "date": "2024/03/16",
    "name": "青山(相模原市緑区)",
    "position": "-",
    "system": "橋03",
    "destinations": [
        "三ヶ木新宿",
        "津久井高校前",
        "三ヶ木"
    ],
    "weekday": [
        "7:07",
        "8:06",
        "9:05",
        "10:09",
        "17:52",
        "18:52",
        "19:51",
        "20:47"
    ],
    "saturday": [
        "8:08",
        "9:08",
        "10:08",
        "18:03",
        "19:02",
        "20:01"
    ],
    "holiday": [
        "8:08",
        "9:08",
        "10:08",
        "18:03",
        "19:02",
        "20:01"
    ],
    "url": "https://www.kanachu.co.jp/dia/diagram/timetable01_js/course:0000803000-36/node:00128753/kt:0/lname:/"
}
