{
    "date": "2025/07/27",
    "name": "富士見橋・警察署入口",
    "position": "-",
    "system": "秦17",
    "destinations": [
        "消防庁舎前",
        "榎木堂",
        "くず葉大橋北",
        "くず葉台団地入口",
        "小原入口",
        "上宿下",
        "上宿会館前",
        "西田原八幡神社前",
        "扇沢(秦野市)",
        "羽根"
    ],
    "weekday": [
        "6:26",
        "6:48",
        "7:05",
        "7:32",
        "7:50",
        "8:22",
        "8:40",
        "9:11",
        "10:03",
        "10:50",
        "11:34",
        "12:23",
        "13:11",
        "14:03",
        "14:49",
        "15:39",
        "16:34",
        "17:10",
        "17:56",
        "18:19",
        "18:46",
        "19:06",
        "19:23",
        "19:46",
        "20:05",
        "20:35",
        "21:13",
        "21:51",
        "22:39"
    ],
    "saturday": [
        "7:05",
        "7:45",
        "8:05",
        "8:25",
        "8:45",
        "9:10",
        "9:55",
        "10:35",
        "11:19",
        "12:10",
        "12:53",
        "13:40",
        "14:32",
        "15:23",
        "16:10",
        "16:35",
        "17:24",
        "18:15",
        "19:00",
        "19:40",
        "20:23",
        "20:45",
        "21:25",
        "22:02"
    ],
    "holiday": [
        "7:05",
        "7:45",
        "8:05",
        "8:25",
        "8:45",
        "9:10",
        "9:55",
        "10:35",
        "11:19",
        "12:10",
        "12:53",
        "13:40",
        "14:32",
        "15:23",
        "16:10",
        "16:35",
        "17:24",
        "18:15",
        "19:00",
        "19:40",
        "20:23",
        "20:45",
        "21:25",
        "22:02"
    ],
    "url": "https://www.kanachu.co.jp/dia/diagram/timetable01_js/course:0000803749-7/node:00127915/kt:0/lname:/"
}
