{
    "date": "2025/07/27",
    "name": "くず葉台団地入口",
    "position": "-",
    "system": "秦17",
    "destinations": [
        "小原入口",
        "上宿下",
        "上宿会館前",
        "西田原八幡神社前",
        "扇沢(秦野市)",
        "羽根"
    ],
    "weekday": [
        "6:30",
        "6:52",
        "7:09",
        "7:36",
        "7:54",
        "8:26",
        "8:44",
        "9:15",
        "10:07",
        "10:54",
        "11:38",
        "12:27",
        "13:15",
        "14:07",
        "14:53",
        "15:43",
        "16:38",
        "17:14",
        "18:00",
        "18:23",
        "18:50",
        "19:10",
        "19:27",
        "19:50",
        "20:09",
        "20:39",
        "21:17",
        "21:55",
        "22:43"
    ],
    "saturday": [
        "7:09",
        "7:49",
        "8:09",
        "8:29",
        "8:49",
        "9:14",
        "9:59",
        "10:39",
        "11:23",
        "12:14",
        "12:57",
        "13:44",
        "14:36",
        "15:27",
        "16:14",
        "16:39",
        "17:28",
        "18:19",
        "19:04",
        "19:44",
        "20:27",
        "20:49",
        "21:29",
        "22:06"
    ],
    "holiday": [
        "7:09",
        "7:49",
        "8:09",
        "8:29",
        "8:49",
        "9:14",
        "9:59",
        "10:39",
        "11:23",
        "12:14",
        "12:57",
        "13:44",
        "14:36",
        "15:27",
        "16:14",
        "16:39",
        "17:28",
        "18:19",
        "19:04",
        "19:44",
        "20:27",
        "20:49",
        "21:29",
        "22:06"
    ],
    "url": "https://www.kanachu.co.jp/dia/diagram/timetable01_js/course:0000803749-11/node:00128041/kt:0/lname:/"
}
