{
    "date": "2025/07/27",
    "name": "上宿下",
    "position": "-",
    "system": "秦17",
    "destinations": [
        "上宿会館前",
        "西田原八幡神社前",
        "扇沢(秦野市)",
        "羽根"
    ],
    "weekday": [
        "6:32",
        "6:54",
        "7:11",
        "7:38",
        "7:56",
        "8:28",
        "8:46",
        "9:17",
        "10:09",
        "10:56",
        "11:40",
        "12:29",
        "13:17",
        "14:09",
        "14:55",
        "15:45",
        "16:40",
        "17:16",
        "18:02",
        "18:25",
        "18:52",
        "19:12",
        "19:29",
        "19:52",
        "20:11",
        "20:41",
        "21:19",
        "21:57",
        "22:45"
    ],
    "saturday": [
        "7:11",
        "7:51",
        "8:11",
        "8:31",
        "8:51",
        "9:16",
        "10:01",
        "10:41",
        "11:25",
        "12:16",
        "12:59",
        "13:46",
        "14:38",
        "15:29",
        "16:16",
        "16:41",
        "17:30",
        "18:21",
        "19:06",
        "19:46",
        "20:29",
        "20:51",
        "21:31",
        "22:08"
    ],
    "holiday": [
        "7:11",
        "7:51",
        "8:11",
        "8:31",
        "8:51",
        "9:16",
        "10:01",
        "10:41",
        "11:25",
        "12:16",
        "12:59",
        "13:46",
        "14:38",
        "15:29",
        "16:16",
        "16:41",
        "17:30",
        "18:21",
        "19:06",
        "19:46",
        "20:29",
        "20:51",
        "21:31",
        "22:08"
    ],
    "url": "https://www.kanachu.co.jp/dia/diagram/timetable01_js/course:0000803749-13/node:00128043/kt:0/lname:/"
}
