{
    "date": "2025/07/27",
    "name": "上宿会館前",
    "position": "-",
    "system": "秦17",
    "destinations": [
        "西田原八幡神社前",
        "扇沢(秦野市)",
        "羽根"
    ],
    "weekday": [
        "6:33",
        "6:55",
        "7:12",
        "7:39",
        "7:57",
        "8:29",
        "8:47",
        "9:18",
        "10:10",
        "10:57",
        "11:41",
        "12:30",
        "13:18",
        "14:10",
        "14:56",
        "15:46",
        "16:41",
        "17:17",
        "18:03",
        "18:26",
        "18:53",
        "19:13",
        "19:30",
        "19:53",
        "20:12",
        "20:42",
        "21:20",
        "21:58",
        "22:46"
    ],
    "saturday": [
        "7:12",
        "7:52",
        "8:12",
        "8:32",
        "8:52",
        "9:17",
        "10:02",
        "10:42",
        "11:26",
        "12:17",
        "13:00",
        "13:47",
        "14:39",
        "15:30",
        "16:17",
        "16:42",
        "17:31",
        "18:22",
        "19:07",
        "19:47",
        "20:30",
        "20:52",
        "21:32",
        "22:09"
    ],
    "holiday": [
        "7:12",
        "7:52",
        "8:12",
        "8:32",
        "8:52",
        "9:17",
        "10:02",
        "10:42",
        "11:26",
        "12:17",
        "13:00",
        "13:47",
        "14:39",
        "15:30",
        "16:17",
        "16:42",
        "17:31",
        "18:22",
        "19:07",
        "19:47",
        "20:30",
        "20:52",
        "21:32",
        "22:09"
    ],
    "url": "https://www.kanachu.co.jp/dia/diagram/timetable01_js/course:0000803749-14/node:00128044/kt:0/lname:/"
}
