{
    "system": "秦17",
    "busstops": [
        {
            "index": "1",
            "id": "00127715",
            "name": "秦野駅",
            "lat": "35.370233",
            "lng": "139.22634"
        },
        {
            "index": "2",
            "id": "00130496",
            "name": "大川橋・本町小学校前",
            "lat": "35.373029",
            "lng": "139.224057"
        },
        {
            "index": "3",
            "id": "00127911",
            "name": "市役所前(秦野市)",
            "lat": "35.374162",
            "lng": "139.220071"
        },
        {
            "index": "4",
            "id": "00127912",
            "name": "桜橋(秦野市)",
            "lat": "35.374481",
            "lng": "139.218687"
        },
        {
            "index": "5",
            "id": "00127913",
            "name": "本町中学校前",
            "lat": "35.375425",
            "lng": "139.214844"
        },
        {
            "index": "6",
            "id": "00127914",
            "name": "富士見町入口",
            "lat": "35.375803",
            "lng": "139.213503"
        },
        {
            "index": "7",
            "id": "00127915",
            "name": "富士見橋・警察署入口",
            "lat": "35.378405",
            "lng": "139.209113"
        },
        {
            "index": "8",
            "id": "00127916",
            "name": "消防庁舎前",
            "lat": "35.380177",
            "lng": "139.211451"
        },
        {
            "index": "9",
            "id": "00127880",
            "name": "榎木堂",
            "lat": "35.382441",
            "lng": "139.212925"
        },
        {
            "index": "10",
            "id": "00128040",
            "name": "くず葉大橋北",
            "lat": "35.385384",
            "lng": "139.21431"
        },
        {
            "index": "11",
            "id": "00128041",
            "name": "くず葉台団地入口",
            "lat": "35.38686",
            "lng": "139.215125"
        },
        {
            "index": "12",
            "id": "00128042",
            "name": "小原入口",
            "lat": "35.388418",
            "lng": "139.216005"
        },
        {
            "index": "13",
            "id": "00128043",
            "name": "上宿下",
            "lat": "35.389667",
            "lng": "139.216327"
        },
        {
            "index": "14",
            "id": "00128044",
            "name": "上宿会館前",
            "lat": "35.39071",
            "lng": "139.214101"
        },
        {
            "index": "15",
            "id": "00128045",
            "name": "西田原八幡神社前",
            "lat": "35.391785",
            "lng": "139.211462"
        },
        {
            "index": "16",
            "id": "00128046",
            "name": "扇沢(秦野市)",
            "lat": "35.392953",
            "lng": "139.208428"
        },
        {
            "index": "17",
            "id": "00128047",
            "name": "羽根",
            "lat": "35.393557",
            "lng": "139.204742"
        }
    ],
    "route_url": "https://www.kanachu.co.jp/dia/route/index/cid:0000803749/"
}
