{
    "date": "2022/02/05",
    "name": "茅ヶ崎駅南口",
    "position": "-",
    "system": "茅33",
    "destinations": [
        "幸町(茅ケ崎市)",
        "会館前(茅ケ崎市)",
        "中海岸",
        "中海岸四丁目",
        "仲町(茅ケ崎市)",
        "団地中央(茅ケ崎市)",
        "浜見平団地",
        "柳島(茅ケ崎市)",
        "松尾(茅ケ崎市)",
        "松尾入口"
    ],
    "weekday": [
        "17:55",
        "18:30",
        "18:54",
        "19:06",
        "19:30",
        "19:54",
        "20:35",
        "22:20"
    ],
    "saturday": [
        "19:30",
        "20:20",
        "21:50",
        "22:20"
    ],
    "holiday": [
        "19:30",
        "20:20",
        "21:50",
        "22:20"
    ],
    "url": "https://www.kanachu.co.jp/dia/diagram/timetable01_js/course:0000802921-1/node:00127219/kt:0/lname:/"
}
