{
    "date": "2022/02/05",
    "name": "浜見平団地",
    "position": "-",
    "system": "茅33",
    "destinations": [
        "柳島(茅ケ崎市)",
        "松尾(茅ケ崎市)",
        "松尾入口"
    ],
    "weekday": [
        "18:05",
        "18:40",
        "19:04",
        "19:16",
        "19:40",
        "20:02",
        "20:43",
        "22:28"
    ],
    "saturday": [
        "19:38",
        "20:28",
        "21:58",
        "22:28"
    ],
    "holiday": [
        "19:38",
        "20:28",
        "21:58",
        "22:28"
    ],
    "url": "https://www.kanachu.co.jp/dia/diagram/timetable01_js/course:0000802921-8/node:00127260/kt:0/lname:/"
}
