{
    "date": "2025/11/16",
    "name": "伊勢原市役所北口",
    "position": "-",
    "system": "伊74",
    "destinations": [
        "田中(伊勢原市)",
        "警察署前(伊勢原市)",
        "大神宮前",
        "本町(伊勢原市)",
        "伊勢原駅北口"
    ],
    "weekday": [
        "6:41",
        "7:23",
        "8:03",
        "8:43",
        "9:23",
        "10:03",
        "10:53",
        "11:33",
        "12:13",
        "13:13",
        "14:13",
        "15:13",
        "16:08",
        "16:53",
        "17:33",
        "18:08",
        "18:43",
        "19:43",
        "20:43",
        "21:43"
    ],
    "saturday": [
        "7:21",
        "8:02",
        "8:42",
        "9:32",
        "10:32",
        "11:32",
        "12:32",
        "13:32",
        "14:32",
        "15:32",
        "16:32",
        "17:32",
        "18:32",
        "19:31",
        "20:31"
    ],
    "holiday": [
        "8:27",
        "9:32",
        "10:32",
        "11:32",
        "12:32",
        "13:32",
        "14:32",
        "15:32",
        "16:32",
        "17:32",
        "18:32",
        "19:31"
    ],
    "url": "https://www.kanachu.co.jp/dia/diagram/timetable01_js/course:0000800646-10/node:00128196/kt:0/lname:/"
}
