{
    "date": "2025/10/20",
    "name": "成瀬駅",
    "position": "-",
    "system": "成03",
    "destinations": [
        "南成瀬",
        "成瀬高校入口",
        "中村(町田市成瀬)",
        "観性寺前",
        "成瀬台入口",
        "ポプラヶ丘前",
        "しあわせ野",
        "熊ヶ谷",
        "奈良二丁目",
        "松岳院前",
        "市ノ久保",
        "センター前(横浜市青葉区)",
        "こどもの国駅"
    ],
    "weekday": [
        "8:03",
        "9:08",
        "10:08",
        "11:08",
        "12:08",
        "13:08",
        "14:08",
        "15:08",
        "16:08",
        "17:08",
        "18:28",
        "19:35",
        "20:28"
    ],
    "saturday": [
        "8:08",
        "9:08",
        "10:08",
        "11:08",
        "12:08",
        "13:08",
        "14:08",
        "15:08",
        "16:08",
        "17:08",
        "18:08",
        "19:08"
    ],
    "holiday": [
        "8:08",
        "9:08",
        "10:08",
        "11:08",
        "12:08",
        "13:08",
        "14:08",
        "15:08",
        "16:08",
        "17:08",
        "18:08",
        "19:08"
    ],
    "url": "https://www.kanachu.co.jp/dia/diagram/timetable01_js/course:0000800137-1/node:00129552/kt:0/lname:/"
}
