{
    "date": "2025/10/20",
    "name": "南成瀬",
    "position": "-",
    "system": "成03",
    "destinations": [
        "成瀬高校入口",
        "中村(町田市成瀬)",
        "観性寺前",
        "成瀬台入口",
        "ポプラヶ丘前",
        "しあわせ野",
        "熊ヶ谷",
        "奈良二丁目",
        "松岳院前",
        "市ノ久保",
        "センター前(横浜市青葉区)",
        "こどもの国駅"
    ],
    "weekday": [
        "8:04",
        "9:09",
        "10:09",
        "11:09",
        "12:09",
        "13:09",
        "14:09",
        "15:09",
        "16:09",
        "17:09",
        "18:29",
        "19:36",
        "20:29"
    ],
    "saturday": [
        "8:09",
        "9:09",
        "10:09",
        "11:09",
        "12:09",
        "13:09",
        "14:09",
        "15:09",
        "16:09",
        "17:09",
        "18:09",
        "19:09"
    ],
    "holiday": [
        "8:09",
        "9:09",
        "10:09",
        "11:09",
        "12:09",
        "13:09",
        "14:09",
        "15:09",
        "16:09",
        "17:09",
        "18:09",
        "19:09"
    ],
    "url": "https://www.kanachu.co.jp/dia/diagram/timetable01_js/course:0000800137-2/node:00129562/kt:0/lname:/"
}
