{
    "date": "2025/10/20",
    "name": "成瀬高校入口",
    "position": "-",
    "system": "成03",
    "destinations": [
        "中村(町田市成瀬)",
        "観性寺前",
        "成瀬台入口",
        "ポプラヶ丘前",
        "しあわせ野",
        "熊ヶ谷",
        "奈良二丁目",
        "松岳院前",
        "市ノ久保",
        "センター前(横浜市青葉区)",
        "こどもの国駅"
    ],
    "weekday": [
        "8:05",
        "9:10",
        "10:10",
        "11:10",
        "12:10",
        "13:10",
        "14:10",
        "15:10",
        "16:10",
        "17:10",
        "18:30",
        "19:37",
        "20:30"
    ],
    "saturday": [
        "8:10",
        "9:10",
        "10:10",
        "11:10",
        "12:10",
        "13:10",
        "14:10",
        "15:10",
        "16:10",
        "17:10",
        "18:10",
        "19:10"
    ],
    "holiday": [
        "8:10",
        "9:10",
        "10:10",
        "11:10",
        "12:10",
        "13:10",
        "14:10",
        "15:10",
        "16:10",
        "17:10",
        "18:10",
        "19:10"
    ],
    "url": "https://www.kanachu.co.jp/dia/diagram/timetable01_js/course:0000800137-3/node:00129561/kt:0/lname:/"
}
