{
    "date": "2025/10/20",
    "name": "観性寺前",
    "position": "-",
    "system": "成03",
    "destinations": [
        "成瀬台入口",
        "ポプラヶ丘前",
        "しあわせ野",
        "熊ヶ谷",
        "奈良二丁目",
        "松岳院前",
        "市ノ久保",
        "センター前(横浜市青葉区)",
        "こどもの国駅"
    ],
    "weekday": [
        "8:08",
        "9:13",
        "10:13",
        "11:13",
        "12:13",
        "13:13",
        "14:13",
        "15:13",
        "16:13",
        "17:13",
        "18:33",
        "19:40",
        "20:33"
    ],
    "saturday": [
        "8:13",
        "9:13",
        "10:13",
        "11:13",
        "12:13",
        "13:13",
        "14:13",
        "15:13",
        "16:13",
        "17:13",
        "18:13",
        "19:13"
    ],
    "holiday": [
        "8:13",
        "9:13",
        "10:13",
        "11:13",
        "12:13",
        "13:13",
        "14:13",
        "15:13",
        "16:13",
        "17:13",
        "18:13",
        "19:13"
    ],
    "url": "https://www.kanachu.co.jp/dia/diagram/timetable01_js/course:0000800137-5/node:00129559/kt:0/lname:/"
}
