{
    "date": "2025/10/20",
    "name": "センター前(横浜市青葉区)",
    "position": "-",
    "system": "成03",
    "destinations": [
        "こどもの国駅"
    ],
    "weekday": [
        "8:17",
        "9:22",
        "10:22",
        "11:22",
        "12:22",
        "13:22",
        "14:22",
        "15:22",
        "16:22",
        "17:22",
        "18:42",
        "19:49",
        "20:42"
    ],
    "saturday": [
        "8:22",
        "9:22",
        "10:22",
        "11:22",
        "12:22",
        "13:22",
        "14:22",
        "15:22",
        "16:22",
        "17:22",
        "18:22",
        "19:22"
    ],
    "holiday": [
        "8:22",
        "9:22",
        "10:22",
        "11:22",
        "12:22",
        "13:22",
        "14:22",
        "15:22",
        "16:22",
        "17:22",
        "18:22",
        "19:22"
    ],
    "url": "https://www.kanachu.co.jp/dia/diagram/timetable01_js/course:0000800137-13/node:00129745/kt:0/lname:/"
}
