{
    "date": "2025/01/14",
    "name": "本厚木駅",
    "position": "-",
    "system": "厚12",
    "destinations": [
        "あつぎ大通り",
        "市役所入口(厚木市)",
        "税務署入口(厚木市)",
        "市立病院前(厚木市)",
        "木売場",
        "三家入口(厚木市)",
        "妻田",
        "中村入口(厚木市)",
        "妻田薬師",
        "松蓮寺",
        "糀屋前(厚木市)",
        "宿原入口",
        "荻野新宿",
        "子合",
        "桝割",
        "公所(厚木市)",
        "稲荷木",
        "鳶尾山前",
        "鳶尾四丁目",
        "鳶尾団地",
        "鳶尾四丁目",
        "荻野神社入口",
        "東谷戸入口",
        "みはる野",
        "みはる野一丁目",
        "みはる野中央",
        "みはる野二丁目",
        "まつかげ台"
    ],
    "weekday": [
        "6:35",
        "7:06",
        "7:23",
        "7:50",
        "8:30",
        "9:10",
        "9:50"
    ],
    "saturday": [
        "7:10",
        "7:35",
        "8:05",
        "8:35",
        "9:02",
        "9:32"
    ],
    "holiday": [
        "7:40",
        "8:03",
        "8:35",
        "9:04",
        "9:34"
    ],
    "url": "https://www.kanachu.co.jp/dia/diagram/timetable01_js/course:0000802837-1/node:00025684/kt:0/lname:/"
}
