{
    "date": "2025/01/14",
    "name": "市役所入口(厚木市)",
    "position": "-",
    "system": "厚12",
    "destinations": [
        "税務署入口(厚木市)",
        "市立病院前(厚木市)",
        "木売場",
        "三家入口(厚木市)",
        "妻田",
        "中村入口(厚木市)",
        "妻田薬師",
        "松蓮寺",
        "糀屋前(厚木市)",
        "宿原入口",
        "荻野新宿",
        "子合",
        "桝割",
        "公所(厚木市)",
        "稲荷木",
        "鳶尾山前",
        "鳶尾四丁目",
        "鳶尾団地",
        "鳶尾四丁目",
        "荻野神社入口",
        "東谷戸入口",
        "みはる野",
        "みはる野一丁目",
        "みはる野中央",
        "みはる野二丁目",
        "まつかげ台"
    ],
    "weekday": [
        "6:37",
        "7:08",
        "7:25",
        "7:52",
        "8:32",
        "9:12",
        "9:52"
    ],
    "saturday": [
        "7:11",
        "7:37",
        "8:07",
        "8:37",
        "9:04",
        "9:34"
    ],
    "holiday": [
        "7:41",
        "8:05",
        "8:37",
        "9:06",
        "9:36"
    ],
    "url": "https://www.kanachu.co.jp/dia/diagram/timetable01_js/course:0000802837-3/node:00128396/kt:0/lname:/"
}
