{
    "date": "2025/01/14",
    "name": "三家入口(厚木市)",
    "position": "-",
    "system": "厚12",
    "destinations": [
        "妻田",
        "中村入口(厚木市)",
        "妻田薬師",
        "松蓮寺",
        "糀屋前(厚木市)",
        "宿原入口",
        "荻野新宿",
        "子合",
        "桝割",
        "公所(厚木市)",
        "稲荷木",
        "鳶尾山前",
        "鳶尾四丁目",
        "鳶尾団地",
        "鳶尾四丁目",
        "荻野神社入口",
        "東谷戸入口",
        "みはる野",
        "みはる野一丁目",
        "みはる野中央",
        "みはる野二丁目",
        "まつかげ台"
    ],
    "weekday": [
        "6:41",
        "7:12",
        "7:29",
        "7:56",
        "8:36",
        "9:17",
        "9:57"
    ],
    "saturday": [
        "7:15",
        "7:41",
        "8:11",
        "8:41",
        "9:09",
        "9:39"
    ],
    "holiday": [
        "7:45",
        "8:09",
        "8:41",
        "9:10",
        "9:40"
    ],
    "url": "https://www.kanachu.co.jp/dia/diagram/timetable01_js/course:0000802837-7/node:00128261/kt:0/lname:/"
}
