{
    "date": "2025/01/14",
    "name": "中村入口(厚木市)",
    "position": "-",
    "system": "厚12",
    "destinations": [
        "妻田薬師",
        "松蓮寺",
        "糀屋前(厚木市)",
        "宿原入口",
        "荻野新宿",
        "子合",
        "桝割",
        "公所(厚木市)",
        "稲荷木",
        "鳶尾山前",
        "鳶尾四丁目",
        "鳶尾団地",
        "鳶尾四丁目",
        "荻野神社入口",
        "東谷戸入口",
        "みはる野",
        "みはる野一丁目",
        "みはる野中央",
        "みはる野二丁目",
        "まつかげ台"
    ],
    "weekday": [
        "6:43",
        "7:14",
        "7:31",
        "7:59",
        "8:39",
        "9:20",
        "10:00"
    ],
    "saturday": [
        "7:17",
        "7:44",
        "8:14",
        "8:44",
        "9:12",
        "9:42"
    ],
    "holiday": [
        "7:47",
        "8:12",
        "8:44",
        "9:13",
        "9:43"
    ],
    "url": "https://www.kanachu.co.jp/dia/diagram/timetable01_js/course:0000802837-9/node:00128263/kt:0/lname:/"
}
