{
    "date": "2025/01/14",
    "name": "妻田薬師",
    "position": "-",
    "system": "厚12",
    "destinations": [
        "松蓮寺",
        "糀屋前(厚木市)",
        "宿原入口",
        "荻野新宿",
        "子合",
        "桝割",
        "公所(厚木市)",
        "稲荷木",
        "鳶尾山前",
        "鳶尾四丁目",
        "鳶尾団地",
        "鳶尾四丁目",
        "荻野神社入口",
        "東谷戸入口",
        "みはる野",
        "みはる野一丁目",
        "みはる野中央",
        "みはる野二丁目",
        "まつかげ台"
    ],
    "weekday": [
        "6:44",
        "7:15",
        "7:32",
        "8:00",
        "8:40",
        "9:21",
        "10:01"
    ],
    "saturday": [
        "7:18",
        "7:45",
        "8:15",
        "8:45",
        "9:13",
        "9:43"
    ],
    "holiday": [
        "7:48",
        "8:13",
        "8:45",
        "9:14",
        "9:44"
    ],
    "url": "https://www.kanachu.co.jp/dia/diagram/timetable01_js/course:0000802837-10/node:00128264/kt:0/lname:/"
}
