{
    "date": "2025/01/14",
    "name": "宿原入口",
    "position": "-",
    "system": "厚12",
    "destinations": [
        "荻野新宿",
        "子合",
        "桝割",
        "公所(厚木市)",
        "稲荷木",
        "鳶尾山前",
        "鳶尾四丁目",
        "鳶尾団地",
        "鳶尾四丁目",
        "荻野神社入口",
        "東谷戸入口",
        "みはる野",
        "みはる野一丁目",
        "みはる野中央",
        "みはる野二丁目",
        "まつかげ台"
    ],
    "weekday": [
        "6:47",
        "7:18",
        "7:36",
        "8:04",
        "8:44",
        "9:25",
        "10:05"
    ],
    "saturday": [
        "7:21",
        "7:48",
        "8:18",
        "8:48",
        "9:17",
        "9:47"
    ],
    "holiday": [
        "7:51",
        "8:16",
        "8:48",
        "9:17",
        "9:47"
    ],
    "url": "https://www.kanachu.co.jp/dia/diagram/timetable01_js/course:0000802837-13/node:00128267/kt:0/lname:/"
}
