{
    "date": "2025/01/14",
    "name": "桝割",
    "position": "-",
    "system": "厚12",
    "destinations": [
        "公所(厚木市)",
        "稲荷木",
        "鳶尾山前",
        "鳶尾四丁目",
        "鳶尾団地",
        "鳶尾四丁目",
        "荻野神社入口",
        "東谷戸入口",
        "みはる野",
        "みはる野一丁目",
        "みはる野中央",
        "みはる野二丁目",
        "まつかげ台"
    ],
    "weekday": [
        "6:50",
        "7:21",
        "7:40",
        "8:08",
        "8:48",
        "9:29",
        "10:09"
    ],
    "saturday": [
        "7:24",
        "7:52",
        "8:22",
        "8:52",
        "9:21",
        "9:51"
    ],
    "holiday": [
        "7:54",
        "8:19",
        "8:51",
        "9:20",
        "9:50"
    ],
    "url": "https://www.kanachu.co.jp/dia/diagram/timetable01_js/course:0000802837-16/node:00128270/kt:0/lname:/"
}
