{
    "date": "2025/01/14",
    "name": "稲荷木",
    "position": "-",
    "system": "厚12",
    "destinations": [
        "鳶尾山前",
        "鳶尾四丁目",
        "鳶尾団地",
        "鳶尾四丁目",
        "荻野神社入口",
        "東谷戸入口",
        "みはる野",
        "みはる野一丁目",
        "みはる野中央",
        "みはる野二丁目",
        "まつかげ台"
    ],
    "weekday": [
        "6:52",
        "7:23",
        "7:42",
        "8:10",
        "8:50",
        "9:31",
        "10:11"
    ],
    "saturday": [
        "7:26",
        "7:54",
        "8:24",
        "8:54",
        "9:23",
        "9:53"
    ],
    "holiday": [
        "7:56",
        "8:21",
        "8:53",
        "9:22",
        "9:52"
    ],
    "url": "https://www.kanachu.co.jp/dia/diagram/timetable01_js/course:0000802837-18/node:00128272/kt:0/lname:/"
}
