{
    "date": "2025/01/14",
    "name": "鳶尾四丁目",
    "position": "-",
    "system": "厚12",
    "destinations": [
        "荻野神社入口",
        "東谷戸入口",
        "みはる野",
        "みはる野一丁目",
        "みはる野中央",
        "みはる野二丁目",
        "まつかげ台"
    ],
    "weekday": [
        "6:56",
        "7:27",
        "7:46",
        "8:14",
        "8:54",
        "9:35",
        "10:15"
    ],
    "saturday": [
        "7:30",
        "7:58",
        "8:28",
        "8:58",
        "9:27",
        "9:57"
    ],
    "holiday": [
        "8:00",
        "8:25",
        "8:57",
        "9:26",
        "9:56"
    ],
    "url": "https://www.kanachu.co.jp/dia/diagram/timetable01_js/course:0000802837-22/node:00128675/kt:0/lname:/"
}
