{
    "date": "2025/01/14",
    "name": "東谷戸入口",
    "position": "-",
    "system": "厚12",
    "destinations": [
        "みはる野",
        "みはる野一丁目",
        "みはる野中央",
        "みはる野二丁目",
        "まつかげ台"
    ],
    "weekday": [
        "7:00",
        "7:31",
        "7:50",
        "8:18",
        "8:58",
        "9:39",
        "10:19"
    ],
    "saturday": [
        "7:34",
        "8:02",
        "8:32",
        "9:02",
        "9:31",
        "10:01"
    ],
    "holiday": [
        "8:04",
        "8:29",
        "9:01",
        "9:30",
        "10:00"
    ],
    "url": "https://www.kanachu.co.jp/dia/diagram/timetable01_js/course:0000802837-24/node:00128275/kt:0/lname:/"
}
