{
    "date": "2025/01/14",
    "name": "みはる野中央",
    "position": "-",
    "system": "厚12",
    "destinations": [
        "みはる野二丁目",
        "まつかげ台"
    ],
    "weekday": [
        "7:02",
        "7:33",
        "7:52",
        "8:20",
        "9:00",
        "9:41",
        "10:21"
    ],
    "saturday": [
        "7:36",
        "8:04",
        "8:34",
        "9:04",
        "9:33",
        "10:03"
    ],
    "holiday": [
        "8:06",
        "8:31",
        "9:03",
        "9:32",
        "10:02"
    ],
    "url": "https://www.kanachu.co.jp/dia/diagram/timetable01_js/course:0000802837-27/node:00128693/kt:0/lname:/"
}
