{
  "date": "2024/07/08",
  "name": "境川団地中央",
  "position": "-",
  "system": "町15",
  "destinations": [
    "境川団地",
    "上横町",
    "木曽入口",
    "山崎団地入口",
    "山崎団地センター",
    "給水塔前(山崎団地/町田市)",
    "北一号(町田市)",
    "北二号(町田市)",
    "山崎団地"
  ],
  "weekday": [
    "6:11",
    "7:25",
    "7:52",
    "21:10",
    "21:40",
    "22:37",
    "23:21"
  ],
  "saturday": [
    "6:23",
    "7:33",
    "8:20",
    "8:45",
    "21:32",
    "22:37",
    "23:18"
  ],
  "holiday": [
    "6:12",
    "7:30",
    "7:59",
    "8:27",
    "8:57",
    "21:27",
    "22:27",
    "23:18"
  ],
  "url": "https://www.kanachu.co.jp/dia/diagram/timetable01_js/course:0000801075-9/node:00129381/kt:0/lname:/"
}