{
  "date": "2024/07/08",
  "name": "北二号(町田市)",
  "position": "-",
  "system": "町15",
  "destinations": [
    "山崎団地"
  ],
  "weekday": [
    "6:21",
    "7:35",
    "8:02",
    "21:20",
    "21:50",
    "22:47",
    "23:31"
  ],
  "saturday": [
    "6:33",
    "7:43",
    "8:30",
    "8:55",
    "21:42",
    "22:47",
    "23:28"
  ],
  "holiday": [
    "6:22",
    "7:40",
    "8:09",
    "8:37",
    "9:07",
    "21:37",
    "22:37",
    "23:28"
  ],
  "url": "https://www.kanachu.co.jp/dia/diagram/timetable01_js/course:0000801075-17/node:00129391/kt:0/lname:/"
}