{
    "date": "2025/03/15",
    "name": "辻堂駅南口",
    "position": "-",
    "system": "辻10",
    "destinations": [
        "久根下公園前",
        "高砂(藤沢市)",
        "高砂小学校前(藤沢市)",
        "辻堂団地",
        "のぞみ学園前",
        "東浜須賀",
        "富士見町(茅ケ崎市)",
        "平和学園前(茅ケ崎市)",
        "浜須賀入口",
        "平和町",
        "松が丘二丁目(茅ケ崎市)",
        "東海岸北五丁目",
        "駐在所前(茅ケ崎市)",
        "東海岸二丁目",
        "会館前(茅ケ崎市)",
        "幸町(茅ケ崎市)",
        "茅ヶ崎駅南口"
    ],
    "weekday": [],
    "saturday": [
        "7:05",
        "8:05",
        "9:05",
        "10:05",
        "11:05",
        "12:05",
        "13:05",
        "14:05",
        "15:05",
        "16:05",
        "17:05",
        "18:05",
        "19:05",
        "20:05"
    ],
    "holiday": [
        "7:05",
        "8:05",
        "9:05",
        "10:05",
        "11:05",
        "12:05",
        "13:05",
        "14:05",
        "15:05",
        "16:05",
        "17:05",
        "18:05",
        "19:05",
        "20:05"
    ],
    "url": "https://www.kanachu.co.jp/dia/diagram/timetable01_js/course:0000803220-1/node:00127111/kt:0/lname:/"
}
