{
    "date": "2025/03/15",
    "name": "富士見町(茅ケ崎市)",
    "position": "-",
    "system": "辻10",
    "destinations": [
        "平和学園前(茅ケ崎市)",
        "浜須賀入口",
        "平和町",
        "松が丘二丁目(茅ケ崎市)",
        "東海岸北五丁目",
        "駐在所前(茅ケ崎市)",
        "東海岸二丁目",
        "会館前(茅ケ崎市)",
        "幸町(茅ケ崎市)",
        "茅ヶ崎駅南口"
    ],
    "weekday": [],
    "saturday": [
        "7:14",
        "8:14",
        "9:14",
        "10:16",
        "11:16",
        "12:16",
        "13:16",
        "14:16",
        "15:16",
        "16:16",
        "17:16",
        "18:16",
        "19:14",
        "20:14"
    ],
    "holiday": [
        "7:14",
        "8:14",
        "9:14",
        "10:16",
        "11:16",
        "12:16",
        "13:16",
        "14:16",
        "15:16",
        "16:16",
        "17:16",
        "18:16",
        "19:14",
        "20:14"
    ],
    "url": "https://www.kanachu.co.jp/dia/diagram/timetable01_js/course:0000803220-8/node:00127228/kt:0/lname:/"
}
