{
    "date": "2025/03/15",
    "name": "会館前(茅ケ崎市)",
    "position": "-",
    "system": "辻10",
    "destinations": [
        "幸町(茅ケ崎市)",
        "茅ヶ崎駅南口"
    ],
    "weekday": [],
    "saturday": [
        "7:22",
        "8:22",
        "9:22",
        "10:24",
        "11:24",
        "12:24",
        "13:24",
        "14:24",
        "15:24",
        "16:24",
        "17:24",
        "18:24",
        "19:22",
        "20:22"
    ],
    "holiday": [
        "7:22",
        "8:22",
        "9:22",
        "10:24",
        "11:24",
        "12:24",
        "13:24",
        "14:24",
        "15:24",
        "16:24",
        "17:24",
        "18:24",
        "19:22",
        "20:22"
    ],
    "url": "https://www.kanachu.co.jp/dia/diagram/timetable01_js/course:0000803220-16/node:00127221/kt:0/lname:/"
}
