{
    "date": "2025/07/27",
    "name": "中島(中郡二宮町)",
    "position": "-",
    "system": "二33",
    "destinations": [
        "中里(中郡二宮町)",
        "四ツ谷(中郡二宮町)",
        "谷屋津",
        "南5号前",
        "南2号前",
        "南1号前",
        "中2号前",
        "北5号前",
        "北4号前",
        "北3号前",
        "北2号前",
        "北1号前",
        "団地中央(中郡二宮町)"
    ],
    "weekday": [
        "8:15",
        "8:46",
        "17:35",
        "18:10",
        "18:50",
        "19:30",
        "20:17",
        "21:17"
    ],
    "saturday": [
        "17:11",
        "18:11",
        "19:11",
        "20:11",
        "21:11"
    ],
    "holiday": [
        "17:11",
        "18:11",
        "19:11",
        "20:11",
        "21:11"
    ],
    "url": "https://www.kanachu.co.jp/dia/diagram/timetable01_js/course:0000801997-4/node:00127789/kt:0/lname:/"
}
