{
    "date": "2025/07/27",
    "name": "中2号前",
    "position": "-",
    "system": "二33",
    "destinations": [
        "北5号前",
        "北4号前",
        "北3号前",
        "北2号前",
        "北1号前",
        "団地中央(中郡二宮町)"
    ],
    "weekday": [
        "8:22",
        "8:53",
        "17:42",
        "18:17",
        "18:57",
        "19:37",
        "20:24",
        "21:24"
    ],
    "saturday": [
        "17:18",
        "18:18",
        "19:18",
        "20:18",
        "21:18"
    ],
    "holiday": [
        "17:18",
        "18:18",
        "19:18",
        "20:18",
        "21:18"
    ],
    "url": "https://www.kanachu.co.jp/dia/diagram/timetable01_js/course:0000801997-11/node:00127804/kt:0/lname:/"
}
