{
    "date": "2025/07/27",
    "name": "北1号前",
    "position": "-",
    "system": "二33",
    "destinations": [
        "団地中央(中郡二宮町)"
    ],
    "weekday": [
        "8:27",
        "8:58",
        "17:47",
        "18:22",
        "19:02",
        "19:42",
        "20:29",
        "21:29"
    ],
    "saturday": [
        "17:23",
        "18:23",
        "19:23",
        "20:23",
        "21:23"
    ],
    "holiday": [
        "17:23",
        "18:23",
        "19:23",
        "20:23",
        "21:23"
    ],
    "url": "https://www.kanachu.co.jp/dia/diagram/timetable01_js/course:0000801997-16/node:00127796/kt:0/lname:/"
}
