{
    "date": "2025/05/11",
    "name": "上郷ネオポリス",
    "position": "-",
    "system": "金24",
    "destinations": [
        "西ヶ谷",
        "西ヶ谷入口",
        "中島(横浜市栄区)",
        "庄戸(横浜市栄区)",
        "庄戸入口",
        "長倉町",
        "上郷(横浜市栄区)",
        "森の家前",
        "横浜霊園前",
        "隧道東口",
        "相武隧道",
        "朝比奈",
        "大道中学校前",
        "住宅前(横浜市金沢区)",
        "西大道",
        "大道(横浜市金沢区)",
        "大道小学校前",
        "六浦",
        "上行寺",
        "六浦橋",
        "金沢八景",
        "金沢八景駅"
    ],
    "weekday": [
        "6:21",
        "7:26",
        "9:08",
        "13:01",
        "14:31",
        "16:01",
        "17:31",
        "19:01",
        "20:43"
    ],
    "saturday": [
        "8:20",
        "9:50",
        "11:34",
        "13:04",
        "14:24",
        "16:14",
        "17:44"
    ],
    "holiday": [
        "8:20",
        "9:50",
        "11:34",
        "13:04",
        "14:24",
        "16:14",
        "17:44"
    ],
    "url": "https://www.kanachu.co.jp/dia/diagram/timetable01_js/course:0000802822-1/node:00126525/kt:0/lname:/"
}
