{
    "date": "2025/05/11",
    "name": "西ヶ谷",
    "position": "-",
    "system": "金24",
    "destinations": [
        "西ヶ谷入口",
        "中島(横浜市栄区)",
        "庄戸(横浜市栄区)",
        "庄戸入口",
        "長倉町",
        "上郷(横浜市栄区)",
        "森の家前",
        "横浜霊園前",
        "隧道東口",
        "相武隧道",
        "朝比奈",
        "大道中学校前",
        "住宅前(横浜市金沢区)",
        "西大道",
        "大道(横浜市金沢区)",
        "大道小学校前",
        "六浦",
        "上行寺",
        "六浦橋",
        "金沢八景",
        "金沢八景駅"
    ],
    "weekday": [
        "6:22",
        "7:27",
        "9:09",
        "13:02",
        "14:32",
        "16:02",
        "17:32",
        "19:02",
        "20:44"
    ],
    "saturday": [
        "8:21",
        "9:51",
        "11:35",
        "13:05",
        "14:25",
        "16:15",
        "17:45"
    ],
    "holiday": [
        "8:21",
        "9:51",
        "11:35",
        "13:05",
        "14:25",
        "16:15",
        "17:45"
    ],
    "url": "https://www.kanachu.co.jp/dia/diagram/timetable01_js/course:0000802822-2/node:00126524/kt:0/lname:/"
}
