{
    "date": "2025/05/11",
    "name": "庄戸入口",
    "position": "-",
    "system": "金24",
    "destinations": [
        "長倉町",
        "上郷(横浜市栄区)",
        "森の家前",
        "横浜霊園前",
        "隧道東口",
        "相武隧道",
        "朝比奈",
        "大道中学校前",
        "住宅前(横浜市金沢区)",
        "西大道",
        "大道(横浜市金沢区)",
        "大道小学校前",
        "六浦",
        "上行寺",
        "六浦橋",
        "金沢八景",
        "金沢八景駅"
    ],
    "weekday": [
        "6:27",
        "7:33",
        "9:15",
        "13:08",
        "14:38",
        "16:08",
        "17:38",
        "19:08",
        "20:48"
    ],
    "saturday": [
        "8:27",
        "9:57",
        "11:41",
        "13:11",
        "14:31",
        "16:21",
        "17:51"
    ],
    "holiday": [
        "8:27",
        "9:57",
        "11:41",
        "13:11",
        "14:31",
        "16:21",
        "17:51"
    ],
    "url": "https://www.kanachu.co.jp/dia/diagram/timetable01_js/course:0000802822-6/node:00126526/kt:0/lname:/"
}
