{
    "date": "2025/05/11",
    "name": "長倉町",
    "position": "-",
    "system": "金24",
    "destinations": [
        "上郷(横浜市栄区)",
        "森の家前",
        "横浜霊園前",
        "隧道東口",
        "相武隧道",
        "朝比奈",
        "大道中学校前",
        "住宅前(横浜市金沢区)",
        "西大道",
        "大道(横浜市金沢区)",
        "大道小学校前",
        "六浦",
        "上行寺",
        "六浦橋",
        "金沢八景",
        "金沢八景駅"
    ],
    "weekday": [
        "6:28",
        "7:34",
        "9:16",
        "13:09",
        "14:39",
        "16:09",
        "17:39",
        "19:09",
        "20:49"
    ],
    "saturday": [
        "8:28",
        "9:58",
        "11:42",
        "13:12",
        "14:32",
        "16:22",
        "17:52"
    ],
    "holiday": [
        "8:28",
        "9:58",
        "11:42",
        "13:12",
        "14:32",
        "16:22",
        "17:52"
    ],
    "url": "https://www.kanachu.co.jp/dia/diagram/timetable01_js/course:0000802822-7/node:00126518/kt:0/lname:/"
}
