{
    "date": "2025/05/11",
    "name": "隧道東口",
    "position": "-",
    "system": "金24",
    "destinations": [
        "相武隧道",
        "朝比奈",
        "大道中学校前",
        "住宅前(横浜市金沢区)",
        "西大道",
        "大道(横浜市金沢区)",
        "大道小学校前",
        "六浦",
        "上行寺",
        "六浦橋",
        "金沢八景",
        "金沢八景駅"
    ],
    "weekday": [
        "6:31",
        "7:38",
        "9:20",
        "13:13",
        "14:43",
        "16:13",
        "17:43",
        "19:13",
        "20:52"
    ],
    "saturday": [
        "8:32",
        "10:02",
        "11:46",
        "13:16",
        "14:36",
        "16:26",
        "17:56"
    ],
    "holiday": [
        "8:32",
        "10:02",
        "11:46",
        "13:16",
        "14:36",
        "16:26",
        "17:56"
    ],
    "url": "https://www.kanachu.co.jp/dia/diagram/timetable01_js/course:0000802822-11/node:00126522/kt:0/lname:/"
}
