{
    "date": "2025/05/11",
    "name": "朝比奈",
    "position": "-",
    "system": "金24",
    "destinations": [
        "大道中学校前",
        "住宅前(横浜市金沢区)",
        "西大道",
        "大道(横浜市金沢区)",
        "大道小学校前",
        "六浦",
        "上行寺",
        "六浦橋",
        "金沢八景",
        "金沢八景駅"
    ],
    "weekday": [
        "6:33",
        "7:41",
        "9:24",
        "13:17",
        "14:47",
        "16:17",
        "17:47",
        "19:16",
        "20:54"
    ],
    "saturday": [
        "8:34",
        "10:05",
        "11:49",
        "13:19",
        "14:39",
        "16:29",
        "17:59"
    ],
    "holiday": [
        "8:34",
        "10:05",
        "11:49",
        "13:19",
        "14:39",
        "16:29",
        "17:59"
    ],
    "url": "https://www.kanachu.co.jp/dia/diagram/timetable01_js/course:0000802822-13/node:00113829/kt:0/lname:/"
}
