{
    "date": "2025/05/11",
    "name": "西大道",
    "position": "-",
    "system": "金24",
    "destinations": [
        "大道(横浜市金沢区)",
        "大道小学校前",
        "六浦",
        "上行寺",
        "六浦橋",
        "金沢八景",
        "金沢八景駅"
    ],
    "weekday": [
        "6:36",
        "7:44",
        "9:27",
        "13:20",
        "14:50",
        "16:20",
        "17:50",
        "19:19",
        "20:57"
    ],
    "saturday": [
        "8:38",
        "10:09",
        "11:53",
        "13:23",
        "14:43",
        "16:33",
        "18:03"
    ],
    "holiday": [
        "8:38",
        "10:09",
        "11:53",
        "13:23",
        "14:43",
        "16:33",
        "18:03"
    ],
    "url": "https://www.kanachu.co.jp/dia/diagram/timetable01_js/course:0000802822-16/node:00113602/kt:0/lname:/"
}
