{
    "date": "2025/05/11",
    "name": "大道小学校前",
    "position": "-",
    "system": "金24",
    "destinations": [
        "六浦",
        "上行寺",
        "六浦橋",
        "金沢八景",
        "金沢八景駅"
    ],
    "weekday": [
        "6:37",
        "7:45",
        "9:28",
        "13:21",
        "14:51",
        "16:21",
        "17:51",
        "19:20",
        "20:58"
    ],
    "saturday": [
        "8:39",
        "10:10",
        "11:54",
        "13:24",
        "14:44",
        "16:34",
        "18:04"
    ],
    "holiday": [
        "8:39",
        "10:10",
        "11:54",
        "13:24",
        "14:44",
        "16:34",
        "18:04"
    ],
    "url": "https://www.kanachu.co.jp/dia/diagram/timetable01_js/course:0000802822-18/node:00113600/kt:0/lname:/"
}
