{
    "date": "2025/05/11",
    "name": "六浦",
    "position": "-",
    "system": "金24",
    "destinations": [
        "上行寺",
        "六浦橋",
        "金沢八景",
        "金沢八景駅"
    ],
    "weekday": [
        "6:38",
        "7:46",
        "9:29",
        "13:22",
        "14:52",
        "16:22",
        "17:52",
        "19:21",
        "20:59"
    ],
    "saturday": [
        "8:40",
        "10:11",
        "11:55",
        "13:25",
        "14:45",
        "16:35",
        "18:05"
    ],
    "holiday": [
        "8:40",
        "10:11",
        "11:55",
        "13:25",
        "14:45",
        "16:35",
        "18:05"
    ],
    "url": "https://www.kanachu.co.jp/dia/diagram/timetable01_js/course:0000802822-19/node:00113599/kt:0/lname:/"
}
