{
    "date": "2025/05/11",
    "name": "上行寺",
    "position": "-",
    "system": "金24",
    "destinations": [
        "六浦橋",
        "金沢八景",
        "金沢八景駅"
    ],
    "weekday": [
        "6:39",
        "7:47",
        "9:30",
        "13:23",
        "14:53",
        "16:23",
        "17:53",
        "19:22",
        "21:00"
    ],
    "saturday": [
        "8:41",
        "10:12",
        "11:56",
        "13:26",
        "14:46",
        "16:36",
        "18:06"
    ],
    "holiday": [
        "8:41",
        "10:12",
        "11:56",
        "13:26",
        "14:46",
        "16:36",
        "18:06"
    ],
    "url": "https://www.kanachu.co.jp/dia/diagram/timetable01_js/course:0000802822-20/node:00113598/kt:0/lname:/"
}
