{
    "date": "2018/03/17",
    "name": "神明町(藤沢市)",
    "position": "-",
    "system": "藤21",
    "destinations": [
        "ヤクルト前",
        "ソニー前(藤沢市)",
        "高山車庫",
        "ソニー前(藤沢市)",
        "新町三丁目(藤沢市)",
        "新町二丁目(藤沢市)",
        "新町一丁目(藤沢市)",
        "辻堂駅北口",
        "辻堂駅西口",
        "東小和田",
        "小和田小学校",
        "幼稚園前(茅ケ崎市)",
        "菱沼団地入口",
        "菱沼二丁目",
        "松林",
        "松林二丁目",
        "室田一丁目",
        "室田小学校入口",
        "室田",
        "高田三丁目",
        "ニュータウン中央(茅ケ崎市)",
        "ニュータウン入口(茅ケ崎市)",
        "市立病院(茅ケ崎市)",
        "本村五丁目",
        "本村(茅ケ崎市)",
        "茅ヶ崎駅"
    ],
    "weekday": [
        "6:30",
        "7:35",
        "8:14",
        "8:55",
        "9:31",
        "10:46",
        "11:16",
        "12:05",
        "12:36",
        "14:08",
        "14:55",
        "15:28",
        "16:18",
        "17:05",
        "17:49",
        "18:16",
        "18:56",
        "19:49",
        "21:04",
        "22:06"
    ],
    "saturday": [
        "8:20",
        "8:53",
        "9:28",
        "10:05",
        "10:43",
        "11:28",
        "12:11",
        "12:51",
        "13:44",
        "14:27",
        "15:17",
        "15:58",
        "16:45",
        "17:29",
        "18:25",
        "19:05",
        "19:40",
        "20:20"
    ],
    "holiday": [
        "8:20",
        "8:53",
        "9:28",
        "10:05",
        "10:43",
        "11:28",
        "12:11",
        "12:51",
        "13:44",
        "14:27",
        "15:17",
        "15:58",
        "16:45",
        "17:29",
        "18:25",
        "19:05",
        "19:40",
        "20:20"
    ],
    "url": "https://www.kanachu.co.jp/dia/diagram/timetable01_js/course:0000802642-4/node:00127045/kt:0/lname:/"
}
