{
    "date": "2018/03/17",
    "name": "新町一丁目(藤沢市)",
    "position": "-",
    "system": "藤21",
    "destinations": [
        "辻堂駅北口",
        "辻堂駅西口",
        "東小和田",
        "小和田小学校",
        "幼稚園前(茅ケ崎市)",
        "菱沼団地入口",
        "菱沼二丁目",
        "松林",
        "松林二丁目",
        "室田一丁目",
        "室田小学校入口",
        "室田",
        "高田三丁目",
        "ニュータウン中央(茅ケ崎市)",
        "ニュータウン入口(茅ケ崎市)",
        "市立病院(茅ケ崎市)",
        "本村五丁目",
        "本村(茅ケ崎市)",
        "茅ヶ崎駅"
    ],
    "weekday": [
        "6:41",
        "7:46",
        "8:25",
        "9:06",
        "9:42",
        "10:57",
        "11:27",
        "12:16",
        "12:47",
        "14:19",
        "15:06",
        "15:39",
        "16:29",
        "17:16",
        "18:00",
        "18:27",
        "19:07",
        "20:00",
        "21:15",
        "22:17"
    ],
    "saturday": [
        "8:31",
        "9:04",
        "9:39",
        "10:16",
        "10:56",
        "11:41",
        "12:24",
        "13:04",
        "13:57",
        "14:40",
        "15:30",
        "16:11",
        "16:58",
        "17:42",
        "18:38",
        "19:16",
        "19:51",
        "20:31"
    ],
    "holiday": [
        "8:31",
        "9:04",
        "9:39",
        "10:16",
        "10:56",
        "11:41",
        "12:24",
        "13:04",
        "13:57",
        "14:40",
        "15:30",
        "16:11",
        "16:58",
        "17:42",
        "18:38",
        "19:16",
        "19:51",
        "20:31"
    ],
    "url": "https://www.kanachu.co.jp/dia/diagram/timetable01_js/course:0000802642-11/node:00127311/kt:0/lname:/"
}
