{
    "date": "2018/03/17",
    "name": "松林二丁目",
    "position": "-",
    "system": "藤21",
    "destinations": [
        "室田一丁目",
        "室田小学校入口",
        "室田",
        "高田三丁目",
        "ニュータウン中央(茅ケ崎市)",
        "ニュータウン入口(茅ケ崎市)",
        "市立病院(茅ケ崎市)",
        "本村五丁目",
        "本村(茅ケ崎市)",
        "茅ヶ崎駅"
    ],
    "weekday": [
        "6:53",
        "8:02",
        "8:41",
        "9:22",
        "9:58",
        "11:13",
        "11:43",
        "12:32",
        "13:03",
        "14:35",
        "15:22",
        "15:55",
        "16:47",
        "17:34",
        "18:18",
        "18:45",
        "19:23",
        "20:12",
        "21:27",
        "22:31"
    ],
    "saturday": [
        "8:43",
        "9:16",
        "9:51",
        "10:28",
        "11:13",
        "11:58",
        "12:42",
        "13:22",
        "14:15",
        "14:58",
        "15:48",
        "16:29",
        "17:17",
        "18:02",
        "18:58",
        "19:29",
        "20:04",
        "20:44"
    ],
    "holiday": [
        "8:43",
        "9:16",
        "9:51",
        "10:28",
        "11:13",
        "11:58",
        "12:42",
        "13:22",
        "14:15",
        "14:58",
        "15:48",
        "16:29",
        "17:17",
        "18:02",
        "18:58",
        "19:29",
        "20:04",
        "20:44"
    ],
    "url": "https://www.kanachu.co.jp/dia/diagram/timetable01_js/course:0000802642-20/node:00127281/kt:0/lname:/"
}
