{
    "date": "2024/09/02",
    "name": "ブリヂストン前",
    "position": "-",
    "system": "戸19",
    "destinations": [
        "不動坂(横浜市戸塚区)",
        "富士橋",
        "上矢部インター",
        "上矢部",
        "日の森",
        "下岡津",
        "岡津",
        "岡津橋",
        "まほろば",
        "下新橋",
        "新橋町(横浜市泉区)",
        "観音寺前(横浜市泉区)",
        "相模新橋",
        "大中村",
        "中村(横浜市瀬谷区)",
        "阿久和",
        "宮の腰(横浜市瀬谷区)",
        "谷戸阿久和",
        "上阿久和",
        "旭ヶ丘(横浜市瀬谷区)",
        "住宅前(横浜市瀬谷区)",
        "富士見台(横浜市瀬谷区)",
        "富士見通り商店街",
        "三ツ境駅"
    ],
    "weekday": [
        "6:08",
        "6:34",
        "6:48",
        "6:58",
        "7:14",
        "7:21",
        "7:56",
        "8:09",
        "18:52",
        "19:58",
        "20:53"
    ],
    "saturday": [
        "6:06",
        "6:48",
        "7:18",
        "7:42",
        "8:03",
        "8:25",
        "19:06",
        "20:06",
        "21:06"
    ],
    "holiday": [
        "6:26",
        "7:00",
        "7:30",
        "7:59",
        "8:29",
        "18:50",
        "19:50",
        "21:02"
    ],
    "url": "https://www.kanachu.co.jp/dia/diagram/timetable01_js/course:0000803573-3/node:00126612/kt:0/lname:/"
}
