{
    "date": "2024/09/02",
    "name": "上矢部",
    "position": "-",
    "system": "戸19",
    "destinations": [
        "日の森",
        "下岡津",
        "岡津",
        "岡津橋",
        "まほろば",
        "下新橋",
        "新橋町(横浜市泉区)",
        "観音寺前(横浜市泉区)",
        "相模新橋",
        "大中村",
        "中村(横浜市瀬谷区)",
        "阿久和",
        "宮の腰(横浜市瀬谷区)",
        "谷戸阿久和",
        "上阿久和",
        "旭ヶ丘(横浜市瀬谷区)",
        "住宅前(横浜市瀬谷区)",
        "富士見台(横浜市瀬谷区)",
        "富士見通り商店街",
        "三ツ境駅"
    ],
    "weekday": [
        "6:13",
        "6:39",
        "6:53",
        "7:05",
        "7:21",
        "7:28",
        "8:03",
        "8:16",
        "18:59",
        "20:03",
        "20:58"
    ],
    "saturday": [
        "6:11",
        "6:53",
        "7:23",
        "7:47",
        "8:08",
        "8:30",
        "19:11",
        "20:11",
        "21:11"
    ],
    "holiday": [
        "6:31",
        "7:05",
        "7:35",
        "8:04",
        "8:34",
        "18:55",
        "19:55",
        "21:07"
    ],
    "url": "https://www.kanachu.co.jp/dia/diagram/timetable01_js/course:0000803573-7/node:00126670/kt:0/lname:/"
}
