{
    "date": "2024/09/02",
    "name": "岡津橋",
    "position": "-",
    "system": "戸19",
    "destinations": [
        "まほろば",
        "下新橋",
        "新橋町(横浜市泉区)",
        "観音寺前(横浜市泉区)",
        "相模新橋",
        "大中村",
        "中村(横浜市瀬谷区)",
        "阿久和",
        "宮の腰(横浜市瀬谷区)",
        "谷戸阿久和",
        "上阿久和",
        "旭ヶ丘(横浜市瀬谷区)",
        "住宅前(横浜市瀬谷区)",
        "富士見台(横浜市瀬谷区)",
        "富士見通り商店街",
        "三ツ境駅"
    ],
    "weekday": [
        "6:17",
        "6:43",
        "6:57",
        "7:10",
        "7:26",
        "7:33",
        "8:08",
        "8:21",
        "19:04",
        "20:07",
        "21:02"
    ],
    "saturday": [
        "6:15",
        "6:57",
        "7:27",
        "7:51",
        "8:12",
        "8:34",
        "19:16",
        "20:15",
        "21:15"
    ],
    "holiday": [
        "6:35",
        "7:09",
        "7:39",
        "8:08",
        "8:38",
        "19:00",
        "20:00",
        "21:11"
    ],
    "url": "https://www.kanachu.co.jp/dia/diagram/timetable01_js/course:0000803573-11/node:00126674/kt:0/lname:/"
}
