{
    "date": "2024/09/02",
    "name": "下新橋",
    "position": "-",
    "system": "戸19",
    "destinations": [
        "新橋町(横浜市泉区)",
        "観音寺前(横浜市泉区)",
        "相模新橋",
        "大中村",
        "中村(横浜市瀬谷区)",
        "阿久和",
        "宮の腰(横浜市瀬谷区)",
        "谷戸阿久和",
        "上阿久和",
        "旭ヶ丘(横浜市瀬谷区)",
        "住宅前(横浜市瀬谷区)",
        "富士見台(横浜市瀬谷区)",
        "富士見通り商店街",
        "三ツ境駅"
    ],
    "weekday": [
        "6:19",
        "6:45",
        "6:59",
        "7:12",
        "7:28",
        "7:35",
        "8:10",
        "8:23",
        "19:06",
        "20:09",
        "21:04"
    ],
    "saturday": [
        "6:17",
        "6:59",
        "7:29",
        "7:53",
        "8:14",
        "8:36",
        "19:18",
        "20:17",
        "21:17"
    ],
    "holiday": [
        "6:37",
        "7:11",
        "7:41",
        "8:10",
        "8:40",
        "19:02",
        "20:02",
        "21:13"
    ],
    "url": "https://www.kanachu.co.jp/dia/diagram/timetable01_js/course:0000803573-13/node:00126675/kt:0/lname:/"
}
