{
    "date": "2024/09/02",
    "name": "新橋町(横浜市泉区)",
    "position": "-",
    "system": "戸19",
    "destinations": [
        "観音寺前(横浜市泉区)",
        "相模新橋",
        "大中村",
        "中村(横浜市瀬谷区)",
        "阿久和",
        "宮の腰(横浜市瀬谷区)",
        "谷戸阿久和",
        "上阿久和",
        "旭ヶ丘(横浜市瀬谷区)",
        "住宅前(横浜市瀬谷区)",
        "富士見台(横浜市瀬谷区)",
        "富士見通り商店街",
        "三ツ境駅"
    ],
    "weekday": [
        "6:20",
        "6:46",
        "7:00",
        "7:14",
        "7:30",
        "7:37",
        "8:12",
        "8:25",
        "19:07",
        "20:10",
        "21:05"
    ],
    "saturday": [
        "6:18",
        "7:00",
        "7:30",
        "7:54",
        "8:15",
        "8:37",
        "19:19",
        "20:18",
        "21:18"
    ],
    "holiday": [
        "6:38",
        "7:12",
        "7:42",
        "8:11",
        "8:41",
        "19:03",
        "20:03",
        "21:14"
    ],
    "url": "https://www.kanachu.co.jp/dia/diagram/timetable01_js/course:0000803573-14/node:00126676/kt:0/lname:/"
}
