{
    "date": "2024/09/02",
    "name": "相模新橋",
    "position": "-",
    "system": "戸19",
    "destinations": [
        "大中村",
        "中村(横浜市瀬谷区)",
        "阿久和",
        "宮の腰(横浜市瀬谷区)",
        "谷戸阿久和",
        "上阿久和",
        "旭ヶ丘(横浜市瀬谷区)",
        "住宅前(横浜市瀬谷区)",
        "富士見台(横浜市瀬谷区)",
        "富士見通り商店街",
        "三ツ境駅"
    ],
    "weekday": [
        "6:22",
        "6:48",
        "7:03",
        "7:17",
        "7:33",
        "7:40",
        "8:15",
        "8:28",
        "19:09",
        "20:12",
        "21:07"
    ],
    "saturday": [
        "6:20",
        "7:02",
        "7:32",
        "7:56",
        "8:17",
        "8:39",
        "19:21",
        "20:20",
        "21:20"
    ],
    "holiday": [
        "6:40",
        "7:14",
        "7:44",
        "8:13",
        "8:43",
        "19:05",
        "20:05",
        "21:16"
    ],
    "url": "https://www.kanachu.co.jp/dia/diagram/timetable01_js/course:0000803573-16/node:00126678/kt:0/lname:/"
}
