{
    "date": "2024/09/02",
    "name": "宮の腰(横浜市瀬谷区)",
    "position": "-",
    "system": "戸19",
    "destinations": [
        "谷戸阿久和",
        "上阿久和",
        "旭ヶ丘(横浜市瀬谷区)",
        "住宅前(横浜市瀬谷区)",
        "富士見台(横浜市瀬谷区)",
        "富士見通り商店街",
        "三ツ境駅"
    ],
    "weekday": [
        "6:27",
        "6:53",
        "7:09",
        "7:23",
        "7:39",
        "7:46",
        "8:21",
        "8:34",
        "19:14",
        "20:17",
        "21:12"
    ],
    "saturday": [
        "6:25",
        "7:07",
        "7:37",
        "8:01",
        "8:23",
        "8:45",
        "19:27",
        "20:25",
        "21:25"
    ],
    "holiday": [
        "6:45",
        "7:19",
        "7:49",
        "8:19",
        "8:49",
        "19:11",
        "20:10",
        "21:21"
    ],
    "url": "https://www.kanachu.co.jp/dia/diagram/timetable01_js/course:0000803573-20/node:00126682/kt:0/lname:/"
}
