{
    "date": "2024/09/02",
    "name": "谷戸阿久和",
    "position": "-",
    "system": "戸19",
    "destinations": [
        "上阿久和",
        "旭ヶ丘(横浜市瀬谷区)",
        "住宅前(横浜市瀬谷区)",
        "富士見台(横浜市瀬谷区)",
        "富士見通り商店街",
        "三ツ境駅"
    ],
    "weekday": [
        "6:28",
        "6:54",
        "7:10",
        "7:24",
        "7:40",
        "7:47",
        "8:22",
        "8:35",
        "19:15",
        "20:18",
        "21:13"
    ],
    "saturday": [
        "6:26",
        "7:08",
        "7:38",
        "8:02",
        "8:24",
        "8:46",
        "19:28",
        "20:26",
        "21:26"
    ],
    "holiday": [
        "6:46",
        "7:20",
        "7:50",
        "8:20",
        "8:50",
        "19:12",
        "20:11",
        "21:22"
    ],
    "url": "https://www.kanachu.co.jp/dia/diagram/timetable01_js/course:0000803573-21/node:00126683/kt:0/lname:/"
}
