{
    "date": "2024/09/02",
    "name": "上阿久和",
    "position": "-",
    "system": "戸19",
    "destinations": [
        "旭ヶ丘(横浜市瀬谷区)",
        "住宅前(横浜市瀬谷区)",
        "富士見台(横浜市瀬谷区)",
        "富士見通り商店街",
        "三ツ境駅"
    ],
    "weekday": [
        "6:30",
        "6:56",
        "7:12",
        "7:26",
        "7:42",
        "7:49",
        "8:24",
        "8:37",
        "19:17",
        "20:20",
        "21:15"
    ],
    "saturday": [
        "6:28",
        "7:10",
        "7:40",
        "8:04",
        "8:26",
        "8:48",
        "19:30",
        "20:28",
        "21:28"
    ],
    "holiday": [
        "6:48",
        "7:22",
        "7:52",
        "8:22",
        "8:52",
        "19:14",
        "20:13",
        "21:24"
    ],
    "url": "https://www.kanachu.co.jp/dia/diagram/timetable01_js/course:0000803573-22/node:00126684/kt:0/lname:/"
}
