{
    "date": "2024/09/02",
    "name": "富士見台(横浜市瀬谷区)",
    "position": "-",
    "system": "戸19",
    "destinations": [
        "富士見通り商店街",
        "三ツ境駅"
    ],
    "weekday": [
        "6:33",
        "6:59",
        "7:15",
        "7:29",
        "7:45",
        "7:52",
        "8:27",
        "8:40",
        "19:20",
        "20:23",
        "21:18"
    ],
    "saturday": [
        "6:31",
        "7:13",
        "7:43",
        "8:07",
        "8:29",
        "8:51",
        "19:33",
        "20:31",
        "21:31"
    ],
    "holiday": [
        "6:51",
        "7:25",
        "7:55",
        "8:25",
        "8:55",
        "19:17",
        "20:16",
        "21:27"
    ],
    "url": "https://www.kanachu.co.jp/dia/diagram/timetable01_js/course:0000803573-25/node:00126704/kt:0/lname:/"
}
