{
    "date": "2025/08/30",
    "name": "南永田団地",
    "position": "-",
    "system": "井11",
    "destinations": [
        "南永田中央",
        "南永田入口",
        "大池通り",
        "大池(横浜市南区)",
        "上六ツ川",
        "六ツ川町",
        "弘明寺口",
        "南永田",
        "住宅前(横浜市南区)",
        "井土ヶ谷",
        "井土ヶ谷下町"
    ],
    "weekday": [
        "6:00",
        "6:12",
        "6:24",
        "6:36",
        "6:48",
        "7:00",
        "7:10",
        "7:20",
        "7:30",
        "7:40",
        "7:50",
        "8:00",
        "8:10",
        "8:20",
        "8:30",
        "8:45",
        "8:59",
        "9:19",
        "9:37",
        "9:57",
        "10:17",
        "10:37",
        "10:57",
        "11:17",
        "11:37",
        "11:57",
        "12:17",
        "12:37",
        "12:57",
        "13:17",
        "13:37",
        "13:57",
        "14:17",
        "14:37",
        "14:59",
        "15:16",
        "15:28",
        "15:41",
        "15:53",
        "16:05",
        "16:17",
        "16:27",
        "16:37",
        "16:47",
        "16:57",
        "17:07",
        "17:17",
        "17:27",
        "17:37",
        "17:47",
        "17:57",
        "18:07",
        "18:17",
        "18:27",
        "18:37",
        "18:47",
        "19:04",
        "19:19",
        "19:34",
        "19:49",
        "20:03",
        "20:22",
        "20:46",
        "21:07",
        "21:30"
    ],
    "saturday": [
        "6:10",
        "6:42",
        "7:12",
        "7:28",
        "7:44",
        "8:00",
        "8:16",
        "8:32",
        "8:48",
        "9:04",
        "9:20",
        "9:36",
        "9:52",
        "10:08",
        "10:24",
        "10:40",
        "10:56",
        "11:12",
        "11:28",
        "11:44",
        "12:00",
        "12:16",
        "12:32",
        "12:48",
        "13:04",
        "13:20",
        "13:36",
        "13:53",
        "14:11",
        "14:29",
        "14:45",
        "15:01",
        "15:17",
        "15:33",
        "15:49",
        "16:05",
        "16:21",
        "16:37",
        "16:53",
        "17:09",
        "17:25",
        "17:41",
        "17:57",
        "18:13",
        "18:29",
        "18:45",
        "19:05",
        "19:25",
        "19:49",
        "20:13",
        "21:01",
        "21:25"
    ],
    "holiday": [
        "6:23",
        "6:50",
        "7:17",
        "7:44",
        "8:00",
        "8:16",
        "8:32",
        "8:48",
        "9:04",
        "9:20",
        "9:36",
        "9:52",
        "10:08",
        "10:24",
        "10:40",
        "10:56",
        "11:12",
        "11:28",
        "11:44",
        "12:00",
        "12:16",
        "12:32",
        "12:48",
        "13:04",
        "13:20",
        "13:36",
        "13:53",
        "14:11",
        "14:29",
        "14:45",
        "15:01",
        "15:17",
        "15:33",
        "15:49",
        "16:05",
        "16:21",
        "16:37",
        "16:53",
        "17:09",
        "17:25",
        "17:41",
        "17:57",
        "18:13",
        "18:29",
        "18:45",
        "19:05",
        "19:25",
        "19:49",
        "20:13",
        "21:25"
    ],
    "url": "https://www.kanachu.co.jp/dia/diagram/timetable01_js/course:0000801221-1/node:00126639/kt:0/lname:/"
}
