{
    "date": "2025/08/30",
    "name": "南永田中央",
    "position": "-",
    "system": "井11",
    "destinations": [
        "南永田入口",
        "大池通り",
        "大池(横浜市南区)",
        "上六ツ川",
        "六ツ川町",
        "弘明寺口",
        "南永田",
        "住宅前(横浜市南区)",
        "井土ヶ谷",
        "井土ヶ谷下町"
    ],
    "weekday": [
        "6:01",
        "6:13",
        "6:25",
        "6:37",
        "6:49",
        "7:01",
        "7:11",
        "7:21",
        "7:31",
        "7:41",
        "7:51",
        "8:01",
        "8:11",
        "8:21",
        "8:31",
        "8:46",
        "9:00",
        "9:20",
        "9:38",
        "9:58",
        "10:18",
        "10:38",
        "10:58",
        "11:18",
        "11:38",
        "11:58",
        "12:18",
        "12:38",
        "12:58",
        "13:18",
        "13:38",
        "13:58",
        "14:18",
        "14:38",
        "15:00",
        "15:17",
        "15:29",
        "15:42",
        "15:54",
        "16:06",
        "16:18",
        "16:28",
        "16:38",
        "16:48",
        "16:58",
        "17:08",
        "17:18",
        "17:28",
        "17:38",
        "17:48",
        "17:58",
        "18:08",
        "18:18",
        "18:28",
        "18:38",
        "18:48",
        "19:05",
        "19:20",
        "19:35",
        "19:50",
        "20:04",
        "20:23",
        "20:47",
        "21:08",
        "21:31"
    ],
    "saturday": [
        "6:11",
        "6:43",
        "7:13",
        "7:29",
        "7:45",
        "8:01",
        "8:17",
        "8:33",
        "8:49",
        "9:05",
        "9:21",
        "9:37",
        "9:53",
        "10:09",
        "10:25",
        "10:41",
        "10:57",
        "11:13",
        "11:29",
        "11:45",
        "12:01",
        "12:17",
        "12:33",
        "12:49",
        "13:05",
        "13:21",
        "13:37",
        "13:54",
        "14:12",
        "14:30",
        "14:46",
        "15:02",
        "15:18",
        "15:34",
        "15:50",
        "16:06",
        "16:22",
        "16:38",
        "16:54",
        "17:10",
        "17:26",
        "17:42",
        "17:58",
        "18:14",
        "18:30",
        "18:46",
        "19:06",
        "19:26",
        "19:50",
        "20:14",
        "21:02",
        "21:26"
    ],
    "holiday": [
        "6:24",
        "6:51",
        "7:18",
        "7:45",
        "8:01",
        "8:17",
        "8:33",
        "8:49",
        "9:05",
        "9:21",
        "9:37",
        "9:53",
        "10:09",
        "10:25",
        "10:41",
        "10:57",
        "11:13",
        "11:29",
        "11:45",
        "12:01",
        "12:17",
        "12:33",
        "12:49",
        "13:05",
        "13:21",
        "13:37",
        "13:54",
        "14:12",
        "14:30",
        "14:46",
        "15:02",
        "15:18",
        "15:34",
        "15:50",
        "16:06",
        "16:22",
        "16:38",
        "16:54",
        "17:10",
        "17:26",
        "17:42",
        "17:58",
        "18:14",
        "18:30",
        "18:46",
        "19:06",
        "19:26",
        "19:50",
        "20:14",
        "21:26"
    ],
    "url": "https://www.kanachu.co.jp/dia/diagram/timetable01_js/course:0000801221-2/node:00126638/kt:0/lname:/"
}
