{
    "date": "2025/08/30",
    "name": "上六ツ川",
    "position": "-",
    "system": "井11",
    "destinations": [
        "六ツ川町",
        "弘明寺口",
        "南永田",
        "住宅前(横浜市南区)",
        "井土ヶ谷",
        "井土ヶ谷下町"
    ],
    "weekday": [
        "6:05",
        "6:17",
        "6:29",
        "6:41",
        "6:53",
        "7:08",
        "7:18",
        "7:28",
        "7:38",
        "7:48",
        "7:58",
        "8:08",
        "8:18",
        "8:28",
        "8:38",
        "8:53",
        "9:06",
        "9:26",
        "9:44",
        "10:04",
        "10:24",
        "10:44",
        "11:04",
        "11:24",
        "11:44",
        "12:04",
        "12:24",
        "12:44",
        "13:04",
        "13:24",
        "13:44",
        "14:04",
        "14:24",
        "14:44",
        "15:06",
        "15:23",
        "15:35",
        "15:48",
        "16:00",
        "16:12",
        "16:24",
        "16:34",
        "16:44",
        "16:54",
        "17:04",
        "17:14",
        "17:24",
        "17:34",
        "17:44",
        "17:54",
        "18:04",
        "18:14",
        "18:24",
        "18:34",
        "18:44",
        "18:54",
        "19:09",
        "19:24",
        "19:39",
        "19:54",
        "20:08",
        "20:27",
        "20:51",
        "21:12",
        "21:35"
    ],
    "saturday": [
        "6:15",
        "6:47",
        "7:17",
        "7:33",
        "7:49",
        "8:07",
        "8:23",
        "8:39",
        "8:55",
        "9:11",
        "9:27",
        "9:43",
        "9:59",
        "10:15",
        "10:31",
        "10:47",
        "11:03",
        "11:19",
        "11:35",
        "11:51",
        "12:07",
        "12:23",
        "12:39",
        "12:55",
        "13:12",
        "13:28",
        "13:44",
        "14:01",
        "14:19",
        "14:37",
        "14:53",
        "15:09",
        "15:25",
        "15:41",
        "15:57",
        "16:13",
        "16:29",
        "16:45",
        "17:01",
        "17:17",
        "17:33",
        "17:49",
        "18:05",
        "18:21",
        "18:37",
        "18:53",
        "19:10",
        "19:30",
        "19:54",
        "20:18",
        "21:06",
        "21:30"
    ],
    "holiday": [
        "6:28",
        "6:55",
        "7:22",
        "7:49",
        "8:07",
        "8:23",
        "8:39",
        "8:55",
        "9:11",
        "9:27",
        "9:43",
        "9:59",
        "10:15",
        "10:31",
        "10:47",
        "11:03",
        "11:19",
        "11:35",
        "11:51",
        "12:07",
        "12:23",
        "12:39",
        "12:55",
        "13:12",
        "13:28",
        "13:44",
        "14:01",
        "14:19",
        "14:37",
        "14:53",
        "15:09",
        "15:25",
        "15:41",
        "15:57",
        "16:13",
        "16:29",
        "16:45",
        "17:01",
        "17:17",
        "17:33",
        "17:49",
        "18:05",
        "18:21",
        "18:37",
        "18:53",
        "19:10",
        "19:30",
        "19:54",
        "20:18",
        "21:30"
    ],
    "url": "https://www.kanachu.co.jp/dia/diagram/timetable01_js/course:0000801221-6/node:00126626/kt:0/lname:/"
}
