{
    "date": "2025/04/19",
    "name": "横山六丁目",
    "position": "-",
    "system": "相14",
    "destinations": [
        "星が丘住宅前",
        "高校入口(相模原市中央区)",
        "横山団地",
        "日金沢上",
        "清新中学校入口",
        "グッディプレイス前",
        "さがみ夢大通り",
        "相模原駅南口"
    ],
    "weekday": [
        "5:56",
        "6:21",
        "6:46",
        "7:11",
        "7:41",
        "7:51",
        "8:16",
        "8:41",
        "9:11",
        "9:41",
        "10:11",
        "10:41",
        "11:11",
        "11:51",
        "12:31",
        "13:11",
        "13:51",
        "14:31",
        "15:11",
        "15:41",
        "16:11",
        "16:41",
        "17:11",
        "17:41",
        "18:11",
        "18:41",
        "19:11",
        "19:41",
        "20:11",
        "20:41",
        "21:11"
    ],
    "saturday": [
        "6:41",
        "7:16",
        "8:06",
        "8:56",
        "9:21",
        "9:46",
        "10:11",
        "10:36",
        "11:26",
        "12:16",
        "13:06",
        "13:56",
        "14:46",
        "15:36",
        "16:26",
        "17:16",
        "18:06",
        "18:56",
        "19:46",
        "20:36"
    ],
    "holiday": [
        "6:41",
        "7:16",
        "8:06",
        "8:56",
        "9:21",
        "9:46",
        "10:11",
        "10:36",
        "11:26",
        "12:16",
        "13:06",
        "13:56",
        "14:46",
        "15:36",
        "16:26",
        "17:16",
        "18:06",
        "18:56",
        "19:46",
        "20:36"
    ],
    "url": "https://www.kanachu.co.jp/dia/diagram/timetable01_js/course:0000802360-2/node:00129294/kt:0/lname:/"
}
