{
    "date": "2025/10/20",
    "name": "町田バスセンター",
    "position": "8番乗り場",
    "system": "町74",
    "destinations": [
        "原町田四丁目",
        "原町田三丁目",
        "三塚",
        "熊野神社前(成瀬街道側/町田市)",
        "高瀬橋(町田市)",
        "鞍掛",
        "成瀬消防出張所前",
        "成瀬コミュニティセンター前",
        "中村(町田市成瀬)",
        "観性寺前",
        "成瀬台入口",
        "ポプラヶ丘前",
        "成瀬台二丁目",
        "野村住宅中央",
        "成瀬台"
    ],
    "weekday": [
        "9:35",
        "11:35",
        "12:35",
        "13:15",
        "14:35",
        "15:35",
        "17:35",
        "18:35"
    ],
    "saturday": [
        "9:37",
        "10:35",
        "11:35",
        "12:35",
        "13:35",
        "14:35",
        "15:35",
        "16:35",
        "17:35"
    ],
    "holiday": [
        "9:35",
        "10:35",
        "11:35",
        "12:35",
        "13:35",
        "14:35",
        "15:35",
        "16:35"
    ],
    "url": "https://www.kanachu.co.jp/dia/diagram/timetable01_js/course:0000801274-2/node:00025625/kt:0/lname:/"
}
