{
    "date": "2025/10/20",
    "name": "三塚",
    "position": "-",
    "system": "町74",
    "destinations": [
        "熊野神社前(成瀬街道側/町田市)",
        "高瀬橋(町田市)",
        "鞍掛",
        "成瀬消防出張所前",
        "成瀬コミュニティセンター前",
        "中村(町田市成瀬)",
        "観性寺前",
        "成瀬台入口",
        "ポプラヶ丘前",
        "成瀬台二丁目",
        "野村住宅中央",
        "成瀬台"
    ],
    "weekday": [
        "9:39",
        "11:39",
        "12:39",
        "13:19",
        "14:39",
        "15:39",
        "17:39",
        "18:39"
    ],
    "saturday": [
        "9:41",
        "10:39",
        "11:39",
        "12:39",
        "13:39",
        "14:39",
        "15:39",
        "16:39",
        "17:39"
    ],
    "holiday": [
        "9:39",
        "10:39",
        "11:39",
        "12:39",
        "13:39",
        "14:39",
        "15:39",
        "16:39"
    ],
    "url": "https://www.kanachu.co.jp/dia/diagram/timetable01_js/course:0000801274-5/node:00129543/kt:0/lname:/"
}
