{
    "date": "2025/10/20",
    "name": "成瀬消防出張所前",
    "position": "-",
    "system": "町74",
    "destinations": [
        "成瀬コミュニティセンター前",
        "中村(町田市成瀬)",
        "観性寺前",
        "成瀬台入口",
        "ポプラヶ丘前",
        "成瀬台二丁目",
        "野村住宅中央",
        "成瀬台"
    ],
    "weekday": [
        "9:45",
        "11:45",
        "12:45",
        "13:25",
        "14:45",
        "15:45",
        "17:45",
        "18:45"
    ],
    "saturday": [
        "9:46",
        "10:44",
        "11:44",
        "12:45",
        "13:45",
        "14:45",
        "15:45",
        "16:45",
        "17:45"
    ],
    "holiday": [
        "9:44",
        "10:44",
        "11:44",
        "12:44",
        "13:44",
        "14:44",
        "15:45",
        "16:45"
    ],
    "url": "https://www.kanachu.co.jp/dia/diagram/timetable01_js/course:0000801274-9/node:00129584/kt:0/lname:/"
}
