{
    "date": "2024/03/16",
    "name": "榎戸(横浜市港南区)",
    "position": "-",
    "system": "港85",
    "destinations": [
        "横浜栄高校前",
        "紅葉橋(横浜市栄区)",
        "光明寺(横浜市栄区)",
        "庄戸(横浜市栄区)"
    ],
    "weekday": [
        "6:18",
        "7:07",
        "7:34"
    ],
    "saturday": [],
    "holiday": [],
    "url": "https://www.kanachu.co.jp/dia/diagram/timetable01_js/course:0000800235-3/node:00102293/kt:0/lname:/"
}
