{
    "date": "2025/11/16",
    "name": "鶴ヶ峰本町",
    "position": "-",
    "system": "",
    "destinations": [
        "薬王寺入口",
        "鶴ヶ峰中学校前",
        "今宿小学校入口",
        "今宿(横浜市旭区)",
        "筑池",
        "農協前(横浜市旭区)",
        "都岡町",
        "下宿(横浜市旭区)",
        "川井宿",
        "福泉寺前(横浜市旭区)",
        "宮の下(横浜市旭区)",
        "長源寺前(横浜市旭区)",
        "上川井町",
        "大貫橋",
        "若葉台南",
        "若葉台近隣公園前",
        "若葉台中学校前",
        "霧が丘高校前",
        "若葉台車庫前",
        "若葉台中央(横浜市旭区)"
    ],
    "weekday": [
        "6:17",
        "6:40",
        "6:53",
        "7:13",
        "7:57",
        "8:06",
        "8:43",
        "9:57",
        "10:41",
        "11:51",
        "12:13",
        "12:51",
        "13:51",
        "14:13",
        "14:51",
        "15:51",
        "16:13",
        "16:51",
        "17:51",
        "18:13",
        "18:51",
        "19:53",
        "20:15",
        "20:48",
        "21:01",
        "21:56",
        "22:11",
        "22:56"
    ],
    "saturday": [
        "6:21",
        "7:41",
        "8:46",
        "9:28",
        "10:56",
        "11:36",
        "11:56",
        "12:56",
        "13:36",
        "13:56",
        "14:56",
        "15:36",
        "15:56",
        "16:56",
        "17:36",
        "17:58",
        "18:56",
        "19:36",
        "20:00",
        "20:36",
        "23:01"
    ],
    "holiday": [
        "6:25",
        "7:56",
        "8:21",
        "9:16",
        "9:56",
        "10:56",
        "11:36",
        "11:58",
        "12:56",
        "13:36",
        "13:56",
        "14:56",
        "15:36",
        "15:56",
        "16:55",
        "17:36",
        "17:56",
        "18:58",
        "19:36",
        "19:56",
        "23:01"
    ],
    "url": "https://www.kanachu.co.jp/dia/diagram/timetable01_js/course:0000803060-2/node:00129720/kt:0/lname:/"
}
