{
    "date": "2025/11/16",
    "name": "上川井町",
    "position": "-",
    "system": "",
    "destinations": [
        "大貫橋",
        "若葉台南",
        "若葉台近隣公園前",
        "若葉台中学校前",
        "霧が丘高校前",
        "若葉台車庫前",
        "若葉台中央(横浜市旭区)"
    ],
    "weekday": [
        "6:32",
        "6:55",
        "7:08",
        "7:28",
        "8:12",
        "8:21",
        "8:58",
        "10:12",
        "10:56",
        "12:06",
        "12:28",
        "13:06",
        "14:06",
        "14:28",
        "15:06",
        "16:06",
        "16:28",
        "17:06",
        "18:06",
        "18:28",
        "19:06",
        "20:08",
        "20:30",
        "21:03",
        "21:16",
        "22:11",
        "22:26",
        "23:11"
    ],
    "saturday": [
        "6:36",
        "7:56",
        "9:01",
        "9:43",
        "11:11",
        "11:51",
        "12:11",
        "13:11",
        "13:51",
        "14:11",
        "15:11",
        "15:51",
        "16:11",
        "17:11",
        "17:51",
        "18:13",
        "19:11",
        "19:51",
        "20:15",
        "20:51",
        "23:16"
    ],
    "holiday": [
        "6:40",
        "8:11",
        "8:36",
        "9:31",
        "10:11",
        "11:11",
        "11:51",
        "12:13",
        "13:11",
        "13:51",
        "14:11",
        "15:11",
        "15:51",
        "16:11",
        "17:10",
        "17:51",
        "18:11",
        "19:13",
        "19:51",
        "20:11",
        "23:16"
    ],
    "url": "https://www.kanachu.co.jp/dia/diagram/timetable01_js/course:0000803060-15/node:00129707/kt:0/lname:/"
}
