{
    "date": "2025/11/16",
    "name": "若葉台近隣公園前",
    "position": "-",
    "system": "",
    "destinations": [
        "若葉台中学校前",
        "霧が丘高校前",
        "若葉台車庫前",
        "若葉台中央(横浜市旭区)"
    ],
    "weekday": [
        "6:35",
        "6:58",
        "7:11",
        "7:31",
        "8:15",
        "8:24",
        "9:01",
        "10:15",
        "10:59",
        "12:09",
        "12:31",
        "13:09",
        "14:09",
        "14:31",
        "15:09",
        "16:09",
        "16:31",
        "17:09",
        "18:09",
        "18:31",
        "19:09",
        "20:11",
        "20:33",
        "21:06",
        "21:19",
        "22:14",
        "22:29",
        "23:14"
    ],
    "saturday": [
        "6:39",
        "7:59",
        "9:04",
        "9:46",
        "11:14",
        "11:54",
        "12:14",
        "13:14",
        "13:54",
        "14:14",
        "15:14",
        "15:54",
        "16:14",
        "17:14",
        "17:54",
        "18:16",
        "19:14",
        "19:54",
        "20:18",
        "20:54",
        "23:19"
    ],
    "holiday": [
        "6:43",
        "8:14",
        "8:39",
        "9:34",
        "10:14",
        "11:14",
        "11:54",
        "12:16",
        "13:14",
        "13:54",
        "14:14",
        "15:14",
        "15:54",
        "16:14",
        "17:13",
        "17:54",
        "18:14",
        "19:16",
        "19:54",
        "20:14",
        "23:19"
    ],
    "url": "https://www.kanachu.co.jp/dia/diagram/timetable01_js/course:0000803060-18/node:00103263/kt:0/lname:/"
}
