{
    "date": "2025/11/16",
    "name": "白山高校",
    "position": "-",
    "system": "峰03",
    "destinations": [
        "さわやか苑前",
        "千丸台団地",
        "金草沢",
        "稲荷通",
        "旭環境センター前",
        "下白根橋",
        "白根不動入口",
        "白根町",
        "鶴ヶ峰駅"
    ],
    "weekday": [
        "6:28",
        "10:06",
        "11:36",
        "12:48",
        "14:51",
        "16:39",
        "17:46"
    ],
    "saturday": [
        "7:33",
        "8:23",
        "9:36",
        "10:01",
        "13:41",
        "15:51",
        "17:36"
    ],
    "holiday": [
        "7:51",
        "8:31",
        "9:36",
        "14:38",
        "16:01",
        "17:36"
    ],
    "url": "https://www.kanachu.co.jp/dia/diagram/timetable01_js/course:0000803674-2/node:00102931/kt:0/lname:/"
}
