{
    "date": "2025/11/16",
    "name": "千丸台団地",
    "position": "-",
    "system": "峰03",
    "destinations": [
        "金草沢",
        "稲荷通",
        "旭環境センター前",
        "下白根橋",
        "白根不動入口",
        "白根町",
        "鶴ヶ峰駅"
    ],
    "weekday": [
        "6:31",
        "10:09",
        "11:39",
        "12:51",
        "14:54",
        "16:42",
        "17:49"
    ],
    "saturday": [
        "7:36",
        "8:26",
        "9:39",
        "10:04",
        "13:44",
        "15:54",
        "17:39"
    ],
    "holiday": [
        "7:54",
        "8:34",
        "9:39",
        "14:41",
        "16:04",
        "17:39"
    ],
    "url": "https://www.kanachu.co.jp/dia/diagram/timetable01_js/course:0000803674-4/node:00102675/kt:0/lname:/"
}
