{
    "date": "2025/11/16",
    "name": "金草沢",
    "position": "-",
    "system": "峰03",
    "destinations": [
        "稲荷通",
        "旭環境センター前",
        "下白根橋",
        "白根不動入口",
        "白根町",
        "鶴ヶ峰駅"
    ],
    "weekday": [
        "6:32",
        "10:10",
        "11:40",
        "12:52",
        "14:55",
        "16:43",
        "17:50"
    ],
    "saturday": [
        "7:37",
        "8:27",
        "9:40",
        "10:05",
        "13:45",
        "15:55",
        "17:40"
    ],
    "holiday": [
        "7:55",
        "8:35",
        "9:40",
        "14:42",
        "16:05",
        "17:40"
    ],
    "url": "https://www.kanachu.co.jp/dia/diagram/timetable01_js/course:0000803674-5/node:00102361/kt:0/lname:/"
}
