{
    "date": "2025/11/16",
    "name": "旭環境センター前",
    "position": "-",
    "system": "峰03",
    "destinations": [
        "下白根橋",
        "白根不動入口",
        "白根町",
        "鶴ヶ峰駅"
    ],
    "weekday": [
        "6:36",
        "10:14",
        "11:44",
        "12:56",
        "14:59",
        "16:47",
        "17:54"
    ],
    "saturday": [
        "7:41",
        "8:31",
        "9:44",
        "10:09",
        "13:49",
        "15:59",
        "17:44"
    ],
    "holiday": [
        "7:59",
        "8:39",
        "9:44",
        "14:46",
        "16:09",
        "17:44"
    ],
    "url": "https://www.kanachu.co.jp/dia/diagram/timetable01_js/course:0000803674-7/node:00102208/kt:0/lname:/"
}
