{
    "date": "2023/10/01",
    "name": "中央林間内山",
    "position": "-",
    "system": "",
    "destinations": [
        "つる舞の里歴史資料館",
        "つきみ野北農園",
        "つきみ野2号公園",
        "つきみ野8丁目",
        "つる舞の里歴史資料館",
        "つきみ野駅",
        "つきみ野メディカルセンター",
        "上村(大和市)",
        "下村",
        "二津屋",
        "城山(大和市)",
        "山谷(大和市)",
        "つきみ野2丁目南",
        "つきみ野1丁目",
        "代官山",
        "南林間駅東口",
        "鶴間中前",
        "鶴間駅東口",
        "鶴間二丁目",
        "オークシティ南",
        "市役所(大和市)"
    ],
    "weekday": [
        "7:03",
        "8:43",
        "10:28",
        "12:08",
        "13:53",
        "15:33",
        "17:18"
    ],
    "saturday": [
        "7:03",
        "8:43",
        "10:38",
        "12:23",
        "14:18",
        "16:03"
    ],
    "holiday": [
        "7:03",
        "8:43",
        "10:38",
        "12:23",
        "14:18",
        "16:03"
    ],
    "url": "https://www.kanachu.co.jp/dia/diagram/timetable01_js/course:0000803402-2/node:00130438/kt:0/lname:/"
}
