{
    "date": "2023/10/01",
    "name": "つる舞の里歴史資料館",
    "position": "-",
    "system": "ー",
    "destinations": [
        "つきみ野北農園",
        "つきみ野2号公園",
        "つきみ野8丁目",
        "つる舞の里歴史資料館",
        "つきみ野駅",
        "つきみ野メディカルセンター",
        "上村(大和市)",
        "下村",
        "二津屋",
        "城山(大和市)",
        "山谷(大和市)",
        "つきみ野2丁目南",
        "つきみ野1丁目",
        "代官山",
        "南林間駅東口",
        "鶴間中前",
        "鶴間駅東口",
        "鶴間二丁目",
        "オークシティ南",
        "市役所(大和市)"
    ],
    "weekday": [
        "7:05",
        "8:45",
        "10:30",
        "12:10",
        "13:55",
        "15:35",
        "17:20"
    ],
    "saturday": [
        "7:05",
        "8:45",
        "10:40",
        "12:25",
        "14:20",
        "16:05"
    ],
    "holiday": [
        "7:05",
        "8:45",
        "10:40",
        "12:25",
        "14:20",
        "16:05"
    ],
    "url": "https://www.kanachu.co.jp/dia/diagram/timetable01_js/course:0000803402-3/node:00130439/kt:0/lname:/"
}
