{
    "date": "2023/10/01",
    "name": "つきみ野2号公園",
    "position": "-",
    "system": "",
    "destinations": [
        "つきみ野8丁目",
        "つる舞の里歴史資料館",
        "つきみ野駅",
        "つきみ野メディカルセンター",
        "上村(大和市)",
        "下村",
        "二津屋",
        "城山(大和市)",
        "山谷(大和市)",
        "つきみ野2丁目南",
        "つきみ野1丁目",
        "代官山",
        "南林間駅東口",
        "鶴間中前",
        "鶴間駅東口",
        "鶴間二丁目",
        "オークシティ南",
        "市役所(大和市)"
    ],
    "weekday": [
        "7:09",
        "8:49",
        "10:34",
        "12:14",
        "13:59",
        "15:39",
        "17:24"
    ],
    "saturday": [
        "7:09",
        "8:49",
        "10:44",
        "12:29",
        "14:24",
        "16:09"
    ],
    "holiday": [
        "7:09",
        "8:49",
        "10:44",
        "12:29",
        "14:24",
        "16:09"
    ],
    "url": "https://www.kanachu.co.jp/dia/diagram/timetable01_js/course:0000803402-5/node:00130441/kt:0/lname:/"
}
