{
    "date": "2023/10/01",
    "name": "つきみ野8丁目",
    "position": "-",
    "system": "",
    "destinations": [
        "つる舞の里歴史資料館",
        "つきみ野駅",
        "つきみ野メディカルセンター",
        "上村(大和市)",
        "下村",
        "二津屋",
        "城山(大和市)",
        "山谷(大和市)",
        "つきみ野2丁目南",
        "つきみ野1丁目",
        "代官山",
        "南林間駅東口",
        "鶴間中前",
        "鶴間駅東口",
        "鶴間二丁目",
        "オークシティ南",
        "市役所(大和市)"
    ],
    "weekday": [
        "7:11",
        "8:51",
        "10:36",
        "12:16",
        "14:01",
        "15:41",
        "17:26"
    ],
    "saturday": [
        "7:11",
        "8:51",
        "10:46",
        "12:31",
        "14:26",
        "16:11"
    ],
    "holiday": [
        "7:11",
        "8:51",
        "10:46",
        "12:31",
        "14:26",
        "16:11"
    ],
    "url": "https://www.kanachu.co.jp/dia/diagram/timetable01_js/course:0000803402-6/node:00130440/kt:0/lname:/"
}
