{
    "date": "2023/10/01",
    "name": "城山(大和市)",
    "position": "-",
    "system": "ー",
    "destinations": [
        "山谷(大和市)",
        "つきみ野2丁目南",
        "つきみ野1丁目",
        "代官山",
        "南林間駅東口",
        "鶴間中前",
        "鶴間駅東口",
        "鶴間二丁目",
        "オークシティ南",
        "市役所(大和市)"
    ],
    "weekday": [
        "7:23",
        "9:03",
        "10:48",
        "12:28",
        "14:13",
        "15:53",
        "17:38"
    ],
    "saturday": [
        "7:23",
        "9:03",
        "10:58",
        "12:43",
        "14:38",
        "16:23"
    ],
    "holiday": [
        "7:23",
        "9:03",
        "10:58",
        "12:43",
        "14:38",
        "16:23"
    ],
    "url": "https://www.kanachu.co.jp/dia/diagram/timetable01_js/course:0000803402-13/node:00130445/kt:0/lname:/"
}
