{
    "date": "2023/10/01",
    "name": "山谷(大和市)",
    "position": "-",
    "system": "",
    "destinations": [
        "つきみ野2丁目南",
        "つきみ野1丁目",
        "代官山",
        "南林間駅東口",
        "鶴間中前",
        "鶴間駅東口",
        "鶴間二丁目",
        "オークシティ南",
        "市役所(大和市)"
    ],
    "weekday": [
        "7:24",
        "9:04",
        "10:49",
        "12:29",
        "14:14",
        "15:54",
        "17:39"
    ],
    "saturday": [
        "7:24",
        "9:04",
        "10:59",
        "12:44",
        "14:39",
        "16:24"
    ],
    "holiday": [
        "7:24",
        "9:04",
        "10:59",
        "12:44",
        "14:39",
        "16:24"
    ],
    "url": "https://www.kanachu.co.jp/dia/diagram/timetable01_js/course:0000803402-14/node:00130446/kt:0/lname:/"
}
