{
    "date": "2023/10/01",
    "name": "鶴間二丁目",
    "position": "-",
    "system": "ー",
    "destinations": [
        "オークシティ南",
        "市役所(大和市)"
    ],
    "weekday": [
        "7:39",
        "9:19",
        "11:04",
        "12:44",
        "14:29",
        "16:09",
        "17:54"
    ],
    "saturday": [
        "7:39",
        "9:19",
        "11:14",
        "12:59",
        "14:54",
        "16:39"
    ],
    "holiday": [
        "7:39",
        "9:19",
        "11:14",
        "12:59",
        "14:54",
        "16:39"
    ],
    "url": "https://www.kanachu.co.jp/dia/diagram/timetable01_js/course:0000803402-21/node:00129524/kt:0/lname:/"
}
