{
    "date": "2024/03/16",
    "name": "港南台駅",
    "position": "-",
    "system": "港83",
    "destinations": [
        "横浜女子短期大学前",
        "榎戸(横浜市港南区)",
        "横浜栄高校前",
        "紅葉橋(横浜市栄区)",
        "上之",
        "上之中央",
        "犬山南",
        "犬山",
        "矢沢(横浜市栄区)",
        "桂山公園",
        "桂台中央"
    ],
    "weekday": [
        "6:35",
        "7:03",
        "7:28",
        "7:55",
        "8:25",
        "9:15",
        "9:47",
        "10:15",
        "10:47",
        "11:47",
        "12:15",
        "13:15",
        "14:15",
        "14:47",
        "15:15",
        "16:15",
        "16:45",
        "17:15",
        "17:45",
        "18:10",
        "18:33",
        "18:47",
        "19:10",
        "19:33",
        "19:47"
    ],
    "saturday": [],
    "holiday": [],
    "url": "https://www.kanachu.co.jp/dia/diagram/timetable01_js/course:0000800320-1/node:00025554/kt:0/lname:/"
}
