{
    "date": "2024/03/16",
    "name": "紅葉橋(横浜市栄区)",
    "position": "-",
    "system": "港83",
    "destinations": [
        "上之",
        "上之中央",
        "犬山南",
        "犬山",
        "矢沢(横浜市栄区)",
        "桂山公園",
        "桂台中央"
    ],
    "weekday": [
        "6:43",
        "7:11",
        "7:36",
        "8:03",
        "8:33",
        "9:23",
        "9:55",
        "10:23",
        "10:55",
        "11:55",
        "12:23",
        "13:23",
        "14:23",
        "14:55",
        "15:23",
        "16:23",
        "16:53",
        "17:23",
        "17:53",
        "18:18",
        "18:41",
        "18:55",
        "19:18",
        "19:41",
        "19:55"
    ],
    "saturday": [],
    "holiday": [],
    "url": "https://www.kanachu.co.jp/dia/diagram/timetable01_js/course:0000800320-5/node:00126514/kt:0/lname:/"
}
