{
    "date": "2025/03/15",
    "name": "吉岡芝原",
    "position": "-",
    "system": "さ03",
    "destinations": [
        "春日原(綾瀬市)",
        "ハンディホームセンター前",
        "浅間橋際",
        "観音橋",
        "中郷(綾瀬市)",
        "与蔵山下",
        "綾瀬工業団地入口",
        "本郷(綾瀬市)",
        "上深谷",
        "観音入口",
        "寺尾(綾瀬市)",
        "綾北小学校前",
        "子ノ神(綾瀬市)",
        "寺尾峰",
        "共ヶ丘",
        "大塚本町",
        "大塚上町",
        "さがみ野駅"
    ],
    "weekday": [
        "6:26",
        "6:57",
        "7:25"
    ],
    "saturday": [
        "8:30",
        "16:00",
        "17:30"
    ],
    "holiday": [
        "8:30",
        "16:00",
        "17:30"
    ],
    "url": "https://www.kanachu.co.jp/dia/diagram/timetable01_js/course:0000802335-3/node:00129844/kt:0/lname:/"
}
