{
    "date": "2025/03/15",
    "name": "浅間橋際",
    "position": "-",
    "system": "",
    "destinations": [
        "観音橋",
        "中郷(綾瀬市)",
        "与蔵山下",
        "綾瀬工業団地入口",
        "本郷(綾瀬市)",
        "上深谷",
        "観音入口",
        "寺尾(綾瀬市)",
        "綾北小学校前",
        "子ノ神(綾瀬市)",
        "寺尾峰",
        "共ヶ丘",
        "大塚本町",
        "大塚上町",
        "さがみ野駅"
    ],
    "weekday": [
        "6:30",
        "7:01",
        "7:29"
    ],
    "saturday": [
        "8:34",
        "16:04",
        "17:34"
    ],
    "holiday": [
        "8:34",
        "16:04",
        "17:34"
    ],
    "url": "https://www.kanachu.co.jp/dia/diagram/timetable01_js/course:0000802335-6/node:00130399/kt:0/lname:/"
}
