{
    "date": "2025/03/15",
    "name": "与蔵山下",
    "position": "-",
    "system": "",
    "destinations": [
        "綾瀬工業団地入口",
        "本郷(綾瀬市)",
        "上深谷",
        "観音入口",
        "寺尾(綾瀬市)",
        "綾北小学校前",
        "子ノ神(綾瀬市)",
        "寺尾峰",
        "共ヶ丘",
        "大塚本町",
        "大塚上町",
        "さがみ野駅"
    ],
    "weekday": [
        "6:33",
        "7:04",
        "7:32"
    ],
    "saturday": [
        "8:37",
        "16:07",
        "17:37"
    ],
    "holiday": [
        "8:37",
        "16:07",
        "17:37"
    ],
    "url": "https://www.kanachu.co.jp/dia/diagram/timetable01_js/course:0000802335-9/node:00129992/kt:0/lname:/"
}
