{
    "date": "2025/03/15",
    "name": "綾瀬工業団地入口",
    "position": "-",
    "system": "",
    "destinations": [
        "本郷(綾瀬市)",
        "上深谷",
        "観音入口",
        "寺尾(綾瀬市)",
        "綾北小学校前",
        "子ノ神(綾瀬市)",
        "寺尾峰",
        "共ヶ丘",
        "大塚本町",
        "大塚上町",
        "さがみ野駅"
    ],
    "weekday": [
        "6:35",
        "7:06",
        "7:34"
    ],
    "saturday": [
        "8:38",
        "16:08",
        "17:38"
    ],
    "holiday": [
        "8:38",
        "16:08",
        "17:38"
    ],
    "url": "https://www.kanachu.co.jp/dia/diagram/timetable01_js/course:0000802335-10/node:00129991/kt:0/lname:/"
}
