{
    "date": "2025/03/15",
    "name": "本郷(綾瀬市)",
    "position": "-",
    "system": "",
    "destinations": [
        "上深谷",
        "観音入口",
        "寺尾(綾瀬市)",
        "綾北小学校前",
        "子ノ神(綾瀬市)",
        "寺尾峰",
        "共ヶ丘",
        "大塚本町",
        "大塚上町",
        "さがみ野駅"
    ],
    "weekday": [
        "6:36",
        "7:07",
        "7:35"
    ],
    "saturday": [
        "8:39",
        "16:09",
        "17:39"
    ],
    "holiday": [
        "8:39",
        "16:09",
        "17:39"
    ],
    "url": "https://www.kanachu.co.jp/dia/diagram/timetable01_js/course:0000802335-11/node:00129999/kt:0/lname:/"
}
