{
    "date": "2025/03/15",
    "name": "上深谷",
    "position": "-",
    "system": "",
    "destinations": [
        "観音入口",
        "寺尾(綾瀬市)",
        "綾北小学校前",
        "子ノ神(綾瀬市)",
        "寺尾峰",
        "共ヶ丘",
        "大塚本町",
        "大塚上町",
        "さがみ野駅"
    ],
    "weekday": [
        "6:37",
        "7:08",
        "7:36"
    ],
    "saturday": [
        "8:40",
        "16:10",
        "17:40"
    ],
    "holiday": [
        "8:40",
        "16:10",
        "17:40"
    ],
    "url": "https://www.kanachu.co.jp/dia/diagram/timetable01_js/course:0000802335-12/node:00129863/kt:0/lname:/"
}
