{
    "date": "2025/02/24",
    "name": "ひなた山",
    "position": "-",
    "system": "い10",
    "destinations": [
        "ひなた山第一",
        "早稲田(横浜市泉区)",
        "三家(横浜市泉区)",
        "松陽高校前",
        "グリーンハイム前",
        "いずみ野駅",
        "泉警察署前",
        "富士塚(横浜市泉区)",
        "芝原(横浜市泉区)",
        "横浜泉郵便局前",
        "三ツ俣",
        "立場駅",
        "立場ターミナル"
    ],
    "weekday": [
        "6:27",
        "9:19",
        "9:44",
        "10:19",
        "11:19",
        "12:19",
        "12:49",
        "13:19",
        "13:49",
        "14:19",
        "14:49",
        "15:19",
        "15:49",
        "16:19",
        "16:49",
        "17:19",
        "17:49",
        "18:19",
        "18:49"
    ],
    "saturday": [
        "7:49",
        "8:24",
        "9:04",
        "9:44",
        "10:24",
        "11:04",
        "11:44",
        "12:24",
        "13:04",
        "13:44",
        "14:24",
        "15:04",
        "15:44",
        "16:24",
        "17:04",
        "20:06"
    ],
    "holiday": [
        "7:49",
        "8:24",
        "9:04",
        "9:44",
        "10:24",
        "11:04",
        "11:44",
        "12:24",
        "13:04",
        "13:44",
        "14:24",
        "15:04",
        "15:44",
        "16:24",
        "17:04",
        "20:06"
    ],
    "url": "https://www.kanachu.co.jp/dia/diagram/timetable01_js/course:0000800547-2/node:00126702/kt:0/lname:/"
}
