{
    "date": "2025/02/24",
    "name": "ひなた山第一",
    "position": "-",
    "system": "",
    "destinations": [
        "早稲田(横浜市泉区)",
        "三家(横浜市泉区)",
        "松陽高校前",
        "グリーンハイム前",
        "いずみ野駅",
        "泉警察署前",
        "富士塚(横浜市泉区)",
        "芝原(横浜市泉区)",
        "横浜泉郵便局前",
        "三ツ俣",
        "立場駅",
        "立場ターミナル"
    ],
    "weekday": [
        "6:28",
        "9:20",
        "9:45",
        "10:20",
        "11:20",
        "12:20",
        "12:50",
        "13:20",
        "13:50",
        "14:20",
        "14:50",
        "15:20",
        "15:50",
        "16:20",
        "16:50",
        "17:20",
        "17:50",
        "18:20",
        "18:50"
    ],
    "saturday": [
        "7:50",
        "8:25",
        "9:05",
        "9:45",
        "10:25",
        "11:05",
        "11:45",
        "12:25",
        "13:05",
        "13:45",
        "14:25",
        "15:05",
        "15:45",
        "16:25",
        "17:05",
        "20:07"
    ],
    "holiday": [
        "7:50",
        "8:25",
        "9:05",
        "9:45",
        "10:25",
        "11:05",
        "11:45",
        "12:25",
        "13:05",
        "13:45",
        "14:25",
        "15:05",
        "15:45",
        "16:25",
        "17:05",
        "20:07"
    ],
    "url": "https://www.kanachu.co.jp/dia/diagram/timetable01_js/course:0000800547-3/node:00126800/kt:0/lname:/"
}
