{
    "date": "2025/02/24",
    "name": "いずみ野駅",
    "position": "-",
    "system": "い10",
    "destinations": [
        "泉警察署前",
        "富士塚(横浜市泉区)",
        "芝原(横浜市泉区)",
        "横浜泉郵便局前",
        "三ツ俣",
        "立場駅",
        "立場ターミナル"
    ],
    "weekday": [
        "6:36",
        "9:28",
        "9:53",
        "10:28",
        "11:28",
        "12:28",
        "12:58",
        "13:28",
        "13:58",
        "14:28",
        "14:58",
        "15:28",
        "15:58",
        "16:28",
        "16:58",
        "17:28",
        "17:58",
        "18:28",
        "18:58"
    ],
    "saturday": [
        "7:58",
        "8:33",
        "9:13",
        "9:53",
        "10:33",
        "11:13",
        "11:53",
        "12:33",
        "13:13",
        "13:53",
        "14:33",
        "15:13",
        "15:53",
        "16:33",
        "17:13",
        "20:15"
    ],
    "holiday": [
        "7:58",
        "8:33",
        "9:13",
        "9:53",
        "10:33",
        "11:13",
        "11:53",
        "12:33",
        "13:13",
        "13:53",
        "14:33",
        "15:13",
        "15:53",
        "16:33",
        "17:13",
        "20:15"
    ],
    "url": "https://www.kanachu.co.jp/dia/diagram/timetable01_js/course:0000800547-8/node:00126932/kt:0/lname:/"
}
