{
    "date": "2025/02/24",
    "name": "富士塚(横浜市泉区)",
    "position": "-",
    "system": "い10",
    "destinations": [
        "芝原(横浜市泉区)",
        "横浜泉郵便局前",
        "三ツ俣",
        "立場駅",
        "立場ターミナル"
    ],
    "weekday": [
        "6:38",
        "9:30",
        "9:55",
        "10:30",
        "11:30",
        "12:30",
        "13:00",
        "13:30",
        "14:00",
        "14:30",
        "15:00",
        "15:30",
        "16:00",
        "16:30",
        "17:00",
        "17:30",
        "18:00",
        "18:30",
        "19:00"
    ],
    "saturday": [
        "8:00",
        "8:35",
        "9:15",
        "9:55",
        "10:35",
        "11:15",
        "11:55",
        "12:35",
        "13:15",
        "13:55",
        "14:35",
        "15:15",
        "15:55",
        "16:35",
        "17:15",
        "20:17"
    ],
    "holiday": [
        "8:00",
        "8:35",
        "9:15",
        "9:55",
        "10:35",
        "11:15",
        "11:55",
        "12:35",
        "13:15",
        "13:55",
        "14:35",
        "15:15",
        "15:55",
        "16:35",
        "17:15",
        "20:17"
    ],
    "url": "https://www.kanachu.co.jp/dia/diagram/timetable01_js/course:0000800547-10/node:00126936/kt:0/lname:/"
}
