{
    "date": "2025/02/24",
    "name": "横浜泉郵便局前",
    "position": "-",
    "system": "",
    "destinations": [
        "三ツ俣",
        "立場駅",
        "立場ターミナル"
    ],
    "weekday": [
        "6:40",
        "9:32",
        "9:57",
        "10:32",
        "11:32",
        "12:32",
        "13:02",
        "13:32",
        "14:02",
        "14:32",
        "15:02",
        "15:32",
        "16:02",
        "16:32",
        "17:02",
        "17:32",
        "18:02",
        "18:32",
        "19:02"
    ],
    "saturday": [
        "8:02",
        "8:37",
        "9:17",
        "9:57",
        "10:37",
        "11:17",
        "11:57",
        "12:37",
        "13:17",
        "13:57",
        "14:37",
        "15:17",
        "15:57",
        "16:37",
        "17:17",
        "20:19"
    ],
    "holiday": [
        "8:02",
        "8:37",
        "9:17",
        "9:57",
        "10:37",
        "11:17",
        "11:57",
        "12:37",
        "13:17",
        "13:57",
        "14:37",
        "15:17",
        "15:57",
        "16:37",
        "17:17",
        "20:19"
    ],
    "url": "https://www.kanachu.co.jp/dia/diagram/timetable01_js/course:0000800547-12/node:00126934/kt:0/lname:/"
}
