{
    "date": "2025/02/24",
    "name": "三ツ俣",
    "position": "-",
    "system": "",
    "destinations": [
        "立場駅",
        "立場ターミナル"
    ],
    "weekday": [
        "6:42",
        "9:34",
        "9:59",
        "10:34",
        "11:34",
        "12:34",
        "13:04",
        "13:34",
        "14:04",
        "14:34",
        "15:04",
        "15:34",
        "16:04",
        "16:34",
        "17:04",
        "17:34",
        "18:04",
        "18:34",
        "19:04"
    ],
    "saturday": [
        "8:04",
        "8:39",
        "9:19",
        "9:59",
        "10:39",
        "11:19",
        "11:59",
        "12:39",
        "13:19",
        "13:59",
        "14:39",
        "15:19",
        "15:59",
        "16:39",
        "17:19",
        "20:20"
    ],
    "holiday": [
        "8:03",
        "8:38",
        "9:18",
        "9:58",
        "10:38",
        "11:18",
        "11:58",
        "12:38",
        "13:18",
        "13:58",
        "14:38",
        "15:18",
        "15:58",
        "16:38",
        "17:18",
        "20:20"
    ],
    "url": "https://www.kanachu.co.jp/dia/diagram/timetable01_js/course:0000800547-13/node:00126933/kt:0/lname:/"
}
