{
    "date": "2025/02/24",
    "name": "立場駅",
    "position": "-",
    "system": "い10",
    "destinations": [
        "立場ターミナル"
    ],
    "weekday": [
        "6:44",
        "9:36",
        "10:01",
        "10:36",
        "11:36",
        "12:36",
        "13:06",
        "13:36",
        "14:06",
        "14:36",
        "15:06",
        "15:36",
        "16:06",
        "16:36",
        "17:06",
        "17:36",
        "18:06",
        "18:36",
        "19:06"
    ],
    "saturday": [
        "8:06",
        "8:41",
        "9:21",
        "10:01",
        "10:41",
        "11:21",
        "12:01",
        "12:41",
        "13:21",
        "14:01",
        "14:41",
        "15:21",
        "16:01",
        "16:41",
        "17:21",
        "20:22"
    ],
    "holiday": [
        "8:05",
        "8:40",
        "9:20",
        "10:00",
        "10:40",
        "11:20",
        "12:00",
        "12:40",
        "13:20",
        "14:00",
        "14:40",
        "15:20",
        "16:00",
        "16:40",
        "17:20",
        "20:22"
    ],
    "url": "https://www.kanachu.co.jp/dia/diagram/timetable01_js/course:0000800547-14/node:00126908/kt:0/lname:/"
}
