{
    "system": "い10",
    "busstops": [
        {
            "index": "1",
            "id": "00126905",
            "name": "上飯田車庫",
            "lat": "35.442594",
            "lng": "139.477757"
        },
        {
            "index": "2",
            "id": "00126702",
            "name": "ひなた山",
            "lat": "35.442986",
            "lng": "139.483178"
        },
        {
            "index": "3",
            "id": "00126800",
            "name": "ひなた山第一",
            "lat": "35.441459",
            "lng": "139.484549"
        },
        {
            "index": "4",
            "id": "00126942",
            "name": "早稲田(横浜市泉区)",
            "lat": "35.438538",
            "lng": "139.486329"
        },
        {
            "index": "5",
            "id": "00126941",
            "name": "三家(横浜市泉区)",
            "lat": "35.438665",
            "lng": "139.490574"
        },
        {
            "index": "6",
            "id": "00126939",
            "name": "松陽高校前",
            "lat": "35.43746",
            "lng": "139.495709"
        },
        {
            "index": "7",
            "id": "00126940",
            "name": "グリーンハイム前",
            "lat": "35.432495",
            "lng": "139.494255"
        },
        {
            "index": "8",
            "id": "00126932",
            "name": "いずみ野駅",
            "lat": "35.430248",
            "lng": "139.49481"
        },
        {
            "index": "9",
            "id": "00126904",
            "name": "泉警察署前",
            "lat": "35.426983",
            "lng": "139.495263"
        },
        {
            "index": "10",
            "id": "00126936",
            "name": "富士塚(横浜市泉区)",
            "lat": "35.425953",
            "lng": "139.501395"
        },
        {
            "index": "11",
            "id": "00126935",
            "name": "芝原(横浜市泉区)",
            "lat": "35.422686",
            "lng": "139.501535"
        },
        {
            "index": "12",
            "id": "00126934",
            "name": "横浜泉郵便局前",
            "lat": "35.42112",
            "lng": "139.501054"
        },
        {
            "index": "13",
            "id": "00126933",
            "name": "三ツ俣",
            "lat": "35.418445",
            "lng": "139.500346"
        },
        {
            "index": "14",
            "id": "00126908",
            "name": "立場駅",
            "lat": "35.415486",
            "lng": "139.499692"
        },
        {
            "index": "15",
            "id": "00126783",
            "name": "立場ターミナル",
            "lat": "35.414106",
            "lng": "139.500009"
        }
    ],
    "route_url": "https://www.kanachu.co.jp/dia/route/index/cid:0000800547/"
}
