{
    "date": "2025/01/14",
    "name": "権現堂(厚木市)",
    "position": "-",
    "system": "厚48",
    "destinations": [
        "上高坪",
        "高坪",
        "スポーツセンター入口(厚木市)",
        "温水幼稚園前",
        "高坪入口",
        "温水",
        "片岸(厚木市)",
        "日立アステモ前",
        "厚木高校前",
        "合同庁舎前(厚木市)",
        "市役所入口(厚木市)",
        "本厚木駅",
        "厚木バスセンター"
    ],
    "weekday": [
        "6:02",
        "6:17",
        "6:32",
        "6:47",
        "7:02",
        "7:17",
        "7:32",
        "7:47",
        "8:12",
        "8:37",
        "9:12",
        "9:42",
        "10:12",
        "10:42",
        "11:12",
        "11:42",
        "12:12",
        "12:42",
        "13:12",
        "13:42",
        "14:12",
        "14:42",
        "15:12",
        "15:42",
        "16:12",
        "16:42",
        "17:12",
        "17:42",
        "18:12",
        "18:42",
        "19:22"
    ],
    "saturday": [
        "6:12",
        "6:52",
        "7:47",
        "8:47",
        "9:07",
        "9:42",
        "10:07",
        "10:42",
        "11:52",
        "12:52",
        "13:52",
        "14:52",
        "15:52",
        "16:52",
        "17:52"
    ],
    "holiday": [
        "6:12",
        "6:52",
        "7:47",
        "8:47",
        "9:47",
        "10:47",
        "11:52",
        "12:52",
        "13:52",
        "14:52",
        "15:52",
        "16:52"
    ],
    "url": "https://www.kanachu.co.jp/dia/diagram/timetable01_js/course:0000800710-4/node:00128494/kt:0/lname:/"
}
