{
    "date": "2025/01/14",
    "name": "上高坪",
    "position": "-",
    "system": "厚48",
    "destinations": [
        "高坪",
        "スポーツセンター入口(厚木市)",
        "温水幼稚園前",
        "高坪入口",
        "温水",
        "片岸(厚木市)",
        "日立アステモ前",
        "厚木高校前",
        "合同庁舎前(厚木市)",
        "市役所入口(厚木市)",
        "本厚木駅",
        "厚木バスセンター"
    ],
    "weekday": [
        "6:03",
        "6:18",
        "6:33",
        "6:48",
        "7:03",
        "7:18",
        "7:33",
        "7:48",
        "8:13",
        "8:38",
        "9:13",
        "9:43",
        "10:13",
        "10:43",
        "11:13",
        "11:43",
        "12:13",
        "12:43",
        "13:13",
        "13:43",
        "14:13",
        "14:43",
        "15:13",
        "15:43",
        "16:13",
        "16:43",
        "17:13",
        "17:43",
        "18:13",
        "18:43",
        "19:23"
    ],
    "saturday": [
        "6:13",
        "6:53",
        "7:48",
        "8:48",
        "9:08",
        "9:43",
        "10:08",
        "10:43",
        "11:53",
        "12:53",
        "13:53",
        "14:53",
        "15:53",
        "16:53",
        "17:53"
    ],
    "holiday": [
        "6:13",
        "6:53",
        "7:48",
        "8:48",
        "9:48",
        "10:48",
        "11:53",
        "12:53",
        "13:53",
        "14:53",
        "15:53",
        "16:53"
    ],
    "url": "https://www.kanachu.co.jp/dia/diagram/timetable01_js/course:0000800710-5/node:00128493/kt:0/lname:/"
}
