{
    "date": "2025/08/30",
    "name": "鶴巻(横浜市南区)",
    "position": "-",
    "system": "井10",
    "destinations": [
        "住宅前(横浜市南区)",
        "南永田",
        "弘明寺口",
        "六ツ川町",
        "六ツ川二丁目",
        "別所中里台",
        "別所小学校入口",
        "第二公園入口",
        "こども医療センター"
    ],
    "weekday": [
        "6:43",
        "7:06",
        "7:31",
        "7:59",
        "8:24",
        "8:48",
        "9:14",
        "9:36",
        "10:21",
        "11:06",
        "11:51",
        "12:36",
        "13:21",
        "14:06",
        "14:51",
        "15:36",
        "16:21",
        "17:06",
        "17:51",
        "18:13",
        "18:36",
        "18:58",
        "19:21",
        "20:06",
        "20:51"
    ],
    "saturday": [
        "6:51",
        "7:36",
        "8:25",
        "9:15",
        "9:53",
        "10:38",
        "11:23",
        "12:08",
        "12:50",
        "13:37",
        "14:26",
        "15:08",
        "15:54",
        "16:39",
        "17:24",
        "18:09",
        "18:54",
        "19:39"
    ],
    "holiday": [
        "6:51",
        "7:36",
        "8:25",
        "9:15",
        "9:53",
        "10:38",
        "11:23",
        "12:08",
        "12:50",
        "13:37",
        "14:26",
        "15:08",
        "15:54",
        "16:39",
        "17:24",
        "18:09",
        "18:54",
        "19:39"
    ],
    "url": "https://www.kanachu.co.jp/dia/diagram/timetable01_js/course:0000800298-2/node:00102744/kt:0/lname:/"
}
