{
    "date": "2025/08/30",
    "name": "南永田",
    "position": "-",
    "system": "井10",
    "destinations": [
        "弘明寺口",
        "六ツ川町",
        "六ツ川二丁目",
        "別所中里台",
        "別所小学校入口",
        "第二公園入口",
        "こども医療センター"
    ],
    "weekday": [
        "6:47",
        "7:10",
        "7:35",
        "8:03",
        "8:28",
        "8:52",
        "9:18",
        "9:40",
        "10:25",
        "11:10",
        "11:55",
        "12:40",
        "13:25",
        "14:10",
        "14:55",
        "15:40",
        "16:25",
        "17:10",
        "17:55",
        "18:17",
        "18:40",
        "19:02",
        "19:25",
        "20:10",
        "20:55"
    ],
    "saturday": [
        "6:55",
        "7:40",
        "8:29",
        "9:19",
        "9:57",
        "10:42",
        "11:27",
        "12:12",
        "12:54",
        "13:41",
        "14:30",
        "15:12",
        "15:58",
        "16:43",
        "17:28",
        "18:13",
        "18:58",
        "19:43"
    ],
    "holiday": [
        "6:55",
        "7:40",
        "8:29",
        "9:19",
        "9:57",
        "10:42",
        "11:27",
        "12:12",
        "12:54",
        "13:41",
        "14:30",
        "15:12",
        "15:58",
        "16:43",
        "17:28",
        "18:13",
        "18:58",
        "19:43"
    ],
    "url": "https://www.kanachu.co.jp/dia/diagram/timetable01_js/course:0000800298-4/node:00126629/kt:0/lname:/"
}
