{
    "date": "2025/08/30",
    "name": "別所小学校入口",
    "position": "-",
    "system": "井10",
    "destinations": [
        "第二公園入口",
        "こども医療センター"
    ],
    "weekday": [
        "6:54",
        "7:17",
        "7:42",
        "8:10",
        "8:35",
        "8:59",
        "9:25",
        "9:47",
        "10:32",
        "11:17",
        "12:02",
        "12:47",
        "13:32",
        "14:17",
        "15:02",
        "15:47",
        "16:32",
        "17:17",
        "18:02",
        "18:24",
        "18:47",
        "19:09",
        "19:32",
        "20:17",
        "21:02"
    ],
    "saturday": [
        "7:02",
        "7:47",
        "8:36",
        "9:26",
        "10:04",
        "10:49",
        "11:34",
        "12:19",
        "13:01",
        "13:48",
        "14:37",
        "15:19",
        "16:05",
        "16:50",
        "17:35",
        "18:20",
        "19:05",
        "19:50"
    ],
    "holiday": [
        "7:02",
        "7:47",
        "8:36",
        "9:26",
        "10:04",
        "10:49",
        "11:34",
        "12:19",
        "13:01",
        "13:48",
        "14:37",
        "15:19",
        "16:05",
        "16:50",
        "17:35",
        "18:20",
        "19:05",
        "19:50"
    ],
    "url": "https://www.kanachu.co.jp/dia/diagram/timetable01_js/course:0000800298-9/node:00126716/kt:0/lname:/"
}
