{
    "date": "2024/12/16",
    "name": "上宿通り",
    "position": "-",
    "system": "平71",
    "destinations": [
        "片町通り",
        "河原町(秦野市)",
        "室川橋",
        "なでしこ広場前",
        "秦才橋",
        "下大槻",
        "南平橋",
        "欠ノ上",
        "土屋橋",
        "東海大学正門前",
        "青柳(平塚市)",
        "北金目入口",
        "金目駅",
        "南金目",
        "片岡(平塚市)",
        "飯島(平塚市)",
        "平塚支援学校前",
        "水神橋(平塚市)",
        "長持",
        "長瀬(平塚市)",
        "南原土手",
        "南原(平塚市)",
        "向原(平塚市)",
        "江南高校前",
        "追分(平塚市)",
        "営林署前(平塚市)",
        "旭通り(平塚市)",
        "八間通り",
        "平塚文化芸術ホール前",
        "銀座通り(平塚市)",
        "平塚駅北口"
    ],
    "weekday": [
        "5:32",
        "5:49",
        "6:07",
        "6:14",
        "6:20",
        "6:32",
        "7:08",
        "7:18",
        "7:28",
        "7:48",
        "8:02",
        "8:30",
        "9:08",
        "9:40",
        "10:20",
        "11:00",
        "11:40",
        "12:20",
        "13:00",
        "13:30",
        "14:00",
        "14:30",
        "14:59",
        "15:23",
        "15:47",
        "16:09",
        "16:33",
        "17:05",
        "17:29",
        "17:53",
        "18:18",
        "18:50",
        "19:22",
        "19:50",
        "20:23",
        "20:53",
        "21:37",
        "22:39"
    ],
    "saturday": [
        "5:38",
        "6:01",
        "6:40",
        "7:19",
        "7:43",
        "8:09",
        "8:39",
        "9:08",
        "9:44",
        "10:24",
        "11:04",
        "11:44",
        "12:24",
        "13:04",
        "13:44",
        "14:24",
        "15:04",
        "15:44",
        "16:19",
        "16:59",
        "17:39",
        "18:24",
        "19:07",
        "19:51",
        "20:57",
        "22:11"
    ],
    "holiday": [
        "5:38",
        "6:01",
        "6:40",
        "7:19",
        "7:43",
        "8:09",
        "8:39",
        "9:08",
        "9:44",
        "10:24",
        "11:04",
        "11:44",
        "12:24",
        "13:04",
        "13:44",
        "14:24",
        "15:04",
        "15:44",
        "16:19",
        "16:59",
        "17:39",
        "18:24",
        "19:07",
        "19:51",
        "20:57",
        "22:11"
    ],
    "url": "https://www.kanachu.co.jp/dia/diagram/timetable01_js/course:0000800687-3/node:00127717/kt:0/lname:/"
}
