{
    "date": "2024/12/16",
    "name": "河原町(秦野市)",
    "position": "-",
    "system": "平71",
    "destinations": [
        "室川橋",
        "なでしこ広場前",
        "秦才橋",
        "下大槻",
        "南平橋",
        "欠ノ上",
        "土屋橋",
        "東海大学正門前",
        "青柳(平塚市)",
        "北金目入口",
        "金目駅",
        "南金目",
        "片岡(平塚市)",
        "飯島(平塚市)",
        "平塚支援学校前",
        "水神橋(平塚市)",
        "長持",
        "長瀬(平塚市)",
        "南原土手",
        "南原(平塚市)",
        "向原(平塚市)",
        "江南高校前",
        "追分(平塚市)",
        "営林署前(平塚市)",
        "旭通り(平塚市)",
        "八間通り",
        "平塚文化芸術ホール前",
        "銀座通り(平塚市)",
        "平塚駅北口"
    ],
    "weekday": [
        "5:35",
        "5:52",
        "6:11",
        "6:18",
        "6:24",
        "6:36",
        "7:12",
        "7:22",
        "7:32",
        "7:52",
        "8:06",
        "8:34",
        "9:12",
        "9:44",
        "10:24",
        "11:04",
        "11:44",
        "12:24",
        "13:04",
        "13:34",
        "14:04",
        "14:34",
        "15:03",
        "15:27",
        "15:51",
        "16:13",
        "16:37",
        "17:09",
        "17:33",
        "17:57",
        "18:22",
        "18:54",
        "19:26",
        "19:54",
        "20:27",
        "20:57",
        "21:41",
        "22:43"
    ],
    "saturday": [
        "5:41",
        "6:04",
        "6:43",
        "7:22",
        "7:46",
        "8:12",
        "8:42",
        "9:12",
        "9:48",
        "10:28",
        "11:08",
        "11:48",
        "12:28",
        "13:08",
        "13:48",
        "14:28",
        "15:08",
        "15:48",
        "16:23",
        "17:03",
        "17:43",
        "18:28",
        "19:11",
        "19:55",
        "21:01",
        "22:15"
    ],
    "holiday": [
        "5:41",
        "6:04",
        "6:43",
        "7:22",
        "7:46",
        "8:12",
        "8:42",
        "9:11",
        "9:47",
        "10:27",
        "11:07",
        "11:47",
        "12:28",
        "13:08",
        "13:48",
        "14:28",
        "15:08",
        "15:48",
        "16:23",
        "17:03",
        "17:43",
        "18:28",
        "19:11",
        "19:55",
        "21:01",
        "22:15"
    ],
    "url": "https://www.kanachu.co.jp/dia/diagram/timetable01_js/course:0000800687-5/node:00127720/kt:0/lname:/"
}
