{
    "date": "2024/12/16",
    "name": "秦才橋",
    "position": "-",
    "system": "平71",
    "destinations": [
        "下大槻",
        "南平橋",
        "欠ノ上",
        "土屋橋",
        "東海大学正門前",
        "青柳(平塚市)",
        "北金目入口",
        "金目駅",
        "南金目",
        "片岡(平塚市)",
        "飯島(平塚市)",
        "平塚支援学校前",
        "水神橋(平塚市)",
        "長持",
        "長瀬(平塚市)",
        "南原土手",
        "南原(平塚市)",
        "向原(平塚市)",
        "江南高校前",
        "追分(平塚市)",
        "営林署前(平塚市)",
        "旭通り(平塚市)",
        "八間通り",
        "平塚文化芸術ホール前",
        "銀座通り(平塚市)",
        "平塚駅北口"
    ],
    "weekday": [
        "5:38",
        "5:55",
        "6:14",
        "6:21",
        "6:27",
        "6:39",
        "7:15",
        "7:25",
        "7:35",
        "7:55",
        "8:09",
        "8:37",
        "9:15",
        "9:47",
        "10:27",
        "11:07",
        "11:47",
        "12:27",
        "13:07",
        "13:37",
        "14:07",
        "14:37",
        "15:06",
        "15:30",
        "15:54",
        "16:16",
        "16:40",
        "17:12",
        "17:36",
        "18:00",
        "18:25",
        "18:57",
        "19:29",
        "19:57",
        "20:30",
        "21:00",
        "21:44",
        "22:46"
    ],
    "saturday": [
        "5:44",
        "6:07",
        "6:46",
        "7:25",
        "7:49",
        "8:15",
        "8:45",
        "9:15",
        "9:51",
        "10:31",
        "11:11",
        "11:51",
        "12:31",
        "13:11",
        "13:51",
        "14:31",
        "15:11",
        "15:51",
        "16:26",
        "17:06",
        "17:46",
        "18:31",
        "19:14",
        "19:58",
        "21:04",
        "22:18"
    ],
    "holiday": [
        "5:44",
        "6:07",
        "6:46",
        "7:25",
        "7:49",
        "8:15",
        "8:45",
        "9:14",
        "9:50",
        "10:30",
        "11:10",
        "11:50",
        "12:31",
        "13:11",
        "13:51",
        "14:31",
        "15:11",
        "15:51",
        "16:26",
        "17:06",
        "17:46",
        "18:31",
        "19:14",
        "19:58",
        "21:04",
        "22:18"
    ],
    "url": "https://www.kanachu.co.jp/dia/diagram/timetable01_js/course:0000800687-8/node:00127723/kt:0/lname:/"
}
