{
    "date": "2024/12/16",
    "name": "飯島(平塚市)",
    "position": "-",
    "system": "平71",
    "destinations": [
        "平塚支援学校前",
        "水神橋(平塚市)",
        "長持",
        "長瀬(平塚市)",
        "南原土手",
        "南原(平塚市)",
        "向原(平塚市)",
        "江南高校前",
        "追分(平塚市)",
        "営林署前(平塚市)",
        "旭通り(平塚市)",
        "八間通り",
        "平塚文化芸術ホール前",
        "銀座通り(平塚市)",
        "平塚駅北口"
    ],
    "weekday": [
        "5:51",
        "6:08",
        "6:28",
        "6:35",
        "6:41",
        "6:53",
        "7:35",
        "7:45",
        "7:55",
        "8:15",
        "8:29",
        "8:57",
        "9:31",
        "10:03",
        "10:43",
        "11:23",
        "12:03",
        "12:43",
        "13:23",
        "13:53",
        "14:23",
        "14:53",
        "15:22",
        "15:46",
        "16:10",
        "16:34",
        "16:58",
        "17:30",
        "17:54",
        "18:18",
        "18:43",
        "19:12",
        "19:42",
        "20:10",
        "20:43",
        "21:13",
        "21:57",
        "22:59"
    ],
    "saturday": [
        "5:57",
        "6:20",
        "6:59",
        "7:38",
        "8:02",
        "8:30",
        "9:00",
        "9:31",
        "10:07",
        "10:47",
        "11:27",
        "12:07",
        "12:47",
        "13:27",
        "14:07",
        "14:47",
        "15:27",
        "16:09",
        "16:44",
        "17:24",
        "18:04",
        "18:47",
        "19:27",
        "20:11",
        "21:17",
        "22:31"
    ],
    "holiday": [
        "5:56",
        "6:19",
        "6:58",
        "7:37",
        "8:01",
        "8:29",
        "8:59",
        "9:28",
        "10:04",
        "10:44",
        "11:24",
        "12:04",
        "12:45",
        "13:25",
        "14:05",
        "14:45",
        "15:25",
        "16:06",
        "16:41",
        "17:21",
        "18:01",
        "18:46",
        "19:29",
        "20:11",
        "21:17",
        "22:31"
    ],
    "url": "https://www.kanachu.co.jp/dia/diagram/timetable01_js/course:0000800687-19/node:00127734/kt:0/lname:/"
}
