{
    "date": "2024/12/16",
    "name": "南原土手",
    "position": "-",
    "system": "平71",
    "destinations": [
        "南原(平塚市)",
        "向原(平塚市)",
        "江南高校前",
        "追分(平塚市)",
        "営林署前(平塚市)",
        "旭通り(平塚市)",
        "八間通り",
        "平塚文化芸術ホール前",
        "銀座通り(平塚市)",
        "平塚駅北口"
    ],
    "weekday": [
        "5:57",
        "6:14",
        "6:34",
        "6:41",
        "6:47",
        "6:59",
        "7:41",
        "7:51",
        "8:01",
        "8:21",
        "8:35",
        "9:04",
        "9:38",
        "10:10",
        "10:50",
        "11:30",
        "12:10",
        "12:50",
        "13:30",
        "14:00",
        "14:30",
        "15:00",
        "15:29",
        "15:53",
        "16:17",
        "16:41",
        "17:05",
        "17:37",
        "18:01",
        "18:25",
        "18:50",
        "19:17",
        "19:47",
        "20:15",
        "20:48",
        "21:18",
        "22:02",
        "23:04"
    ],
    "saturday": [
        "6:02",
        "6:25",
        "7:04",
        "7:43",
        "8:09",
        "8:37",
        "9:07",
        "9:38",
        "10:14",
        "10:54",
        "11:34",
        "12:14",
        "12:54",
        "13:34",
        "14:14",
        "14:54",
        "15:34",
        "16:17",
        "16:52",
        "17:32",
        "18:10",
        "18:53",
        "19:32",
        "20:16",
        "21:22",
        "22:36"
    ],
    "holiday": [
        "6:02",
        "6:25",
        "7:04",
        "7:43",
        "8:07",
        "8:35",
        "9:05",
        "9:34",
        "10:10",
        "10:50",
        "11:30",
        "12:11",
        "12:52",
        "13:32",
        "14:12",
        "14:52",
        "15:32",
        "16:12",
        "16:47",
        "17:27",
        "18:07",
        "18:52",
        "19:35",
        "20:16",
        "21:22",
        "22:36"
    ],
    "url": "https://www.kanachu.co.jp/dia/diagram/timetable01_js/course:0000800687-24/node:00127560/kt:0/lname:/"
}
