{
    "date": "2021/02/22",
    "name": "広沢寺温泉入口",
    "position": "-",
    "system": "伊35",
    "destinations": [
        "七沢病院入口",
        "七沢温泉入口",
        "馬場リハビリ入口",
        "神奈川リハビリ",
        "馬場リハビリ入口",
        "日向川",
        "はつみ坂",
        "薬師入口",
        "日向新田",
        "分れ道",
        "総合運動公園入口",
        "専修大学入口(伊勢原市)",
        "川上(伊勢原市)",
        "三本松(伊勢原市)",
        "市米橋",
        "行政センター前(伊勢原市)",
        "電話局前(伊勢原市)",
        "伊勢原駅北口"
    ],
    "weekday": [
        "8:08"
    ],
    "saturday": [],
    "holiday": [],
    "url": "https://www.kanachu.co.jp/dia/diagram/timetable01_js/course:0000803364-2/node:00128459/kt:0/lname:/"
}
