{
    "system": "秦40",
    "busstops": [
        {
            "index": "1",
            "id": "00127749",
            "name": "東海大学(平塚市)",
            "lat": "35.360118",
            "lng": "139.273463"
        },
        {
            "index": "2",
            "id": "00127728",
            "name": "東海大学正門前",
            "lat": "35.356951",
            "lng": "139.272991"
        },
        {
            "index": "3",
            "id": "00127727",
            "name": "土屋橋",
            "lat": "35.356112",
            "lng": "139.270009"
        },
        {
            "index": "4",
            "id": "00127726",
            "name": "欠ノ上",
            "lat": "35.357769",
            "lng": "139.262657"
        },
        {
            "index": "5",
            "id": "00127725",
            "name": "南平橋",
            "lat": "35.358109",
            "lng": "139.253293"
        },
        {
            "index": "6",
            "id": "00127724",
            "name": "下大槻",
            "lat": "35.361254",
            "lng": "139.248962"
        },
        {
            "index": "7",
            "id": "00127723",
            "name": "秦才橋",
            "lat": "35.363628",
            "lng": "139.245739"
        },
        {
            "index": "8",
            "id": "00127722",
            "name": "なでしこ広場前",
            "lat": "35.36665",
            "lng": "139.241696"
        },
        {
            "index": "9",
            "id": "00127721",
            "name": "室川橋",
            "lat": "35.367774",
            "lng": "139.2393"
        },
        {
            "index": "10",
            "id": "00127720",
            "name": "河原町(秦野市)",
            "lat": "35.369308",
            "lng": "139.234181"
        },
        {
            "index": "11",
            "id": "00127719",
            "name": "台町(秦野市)",
            "lat": "35.371621",
            "lng": "139.229725"
        },
        {
            "index": "12",
            "id": "00127718",
            "name": "片町通り",
            "lat": "35.373086",
            "lng": "139.228594"
        },
        {
            "index": "13",
            "id": "00127717",
            "name": "上宿通り",
            "lat": "35.373824",
            "lng": "139.226745"
        },
        {
            "index": "14",
            "id": "00127716",
            "name": "大川橋(秦野市)",
            "lat": "35.37285",
            "lng": "139.225009"
        },
        {
            "index": "15",
            "id": "00128033",
            "name": "まほろば大橋",
            "lat": "35.371621",
            "lng": "139.226445"
        },
        {
            "index": "16",
            "id": "00127715",
            "name": "秦野駅",
            "lat": "35.370293",
            "lng": "139.226956"
        }
    ],
    "route_url": "https://www.kanachu.co.jp/dia/route/index/cid:0000804227/"
}
