{
    "date": "2025/08/30",
    "name": "舞岡地区センター前",
    "position": "-",
    "system": "舞01",
    "destinations": [
        "スポーツ公園前",
        "日限山",
        "丸山台中学校前",
        "丸山台(横浜市港南区)",
        "上永谷駅",
        "馬洗橋",
        "北永作",
        "永作",
        "下車ヶ谷",
        "吉原小学校前(横浜市港南区)",
        "新吉原橋",
        "吉原(横浜市港南区)",
        "港南区総合庁舎前",
        "笹下港南中央通り",
        "関の下",
        "上大岡駅"
    ],
    "weekday": [
        "5:40",
        "8:35",
        "9:35",
        "10:35",
        "11:35",
        "12:35",
        "13:35",
        "14:35",
        "15:35",
        "16:48",
        "17:48",
        "18:48"
    ],
    "saturday": [
        "8:35",
        "9:35",
        "10:35",
        "11:35",
        "12:35",
        "13:35",
        "14:35",
        "15:35",
        "16:48",
        "17:48",
        "18:48"
    ],
    "holiday": [
        "8:36",
        "9:36",
        "10:35",
        "11:35",
        "12:35",
        "13:35",
        "14:35",
        "15:35",
        "16:48",
        "17:48",
        "18:48"
    ],
    "url": "https://www.kanachu.co.jp/dia/diagram/timetable01_js/course:0000803860-3/node:00130220/kt:0/lname:/"
}
