{
    "date": "2025/08/30",
    "name": "下車ヶ谷",
    "position": "-",
    "system": "舞01",
    "destinations": [
        "吉原小学校前(横浜市港南区)",
        "新吉原橋",
        "吉原(横浜市港南区)",
        "港南区総合庁舎前",
        "笹下港南中央通り",
        "関の下",
        "上大岡駅"
    ],
    "weekday": [
        "5:54",
        "8:49",
        "9:49",
        "10:49",
        "11:49",
        "12:49",
        "13:49",
        "14:49",
        "15:49",
        "17:02",
        "18:02",
        "19:02"
    ],
    "saturday": [
        "8:49",
        "9:49",
        "10:49",
        "11:49",
        "12:49",
        "13:49",
        "14:49",
        "15:49",
        "17:02",
        "18:02",
        "19:02"
    ],
    "holiday": [
        "8:49",
        "9:49",
        "10:49",
        "11:49",
        "12:49",
        "13:49",
        "14:49",
        "15:49",
        "17:02",
        "18:02",
        "19:02"
    ],
    "url": "https://www.kanachu.co.jp/dia/diagram/timetable01_js/course:0000803860-12/node:00126579/kt:0/lname:/"
}
