{
    "date": "2025/04/19",
    "name": "ハウス南門前",
    "position": "-",
    "system": "小04",
    "destinations": [
        "鶴ヶ丘団地前",
        "二宮神社前(相模原市南区)",
        "小田急相模原駅"
    ],
    "weekday": [
        "7:09",
        "7:25",
        "8:10",
        "8:25",
        "9:19",
        "10:19",
        "11:19",
        "12:19",
        "13:19",
        "14:19",
        "15:20",
        "16:20",
        "17:20",
        "18:20",
        "19:19",
        "20:48"
    ],
    "saturday": [
        "7:32",
        "8:19",
        "11:14",
        "13:14",
        "15:14",
        "17:14",
        "19:18"
    ],
    "holiday": [
        "8:17",
        "9:19",
        "11:14",
        "13:14",
        "15:19",
        "16:19",
        "18:19",
        "19:18"
    ],
    "url": "https://www.kanachu.co.jp/dia/diagram/timetable01_js/course:0000801917-11/node:00129699/kt:0/lname:/"
}
