{
    "date": "2025/07/12",
    "name": "引地橋",
    "position": "-",
    "system": "辻31",
    "destinations": [
        "湘南台",
        "梅ヶ枝通り",
        "住宅前(藤沢市明治)",
        "汲田",
        "明治中学校前",
        "羽鳥郵便局前",
        "神台公園前",
        "辻堂駅北口"
    ],
    "weekday": [
        "15:27"
    ],
    "saturday": [],
    "holiday": [],
    "url": "https://www.kanachu.co.jp/dia/diagram/timetable01_js/course:0000803304-3/node:00127052/kt:0/lname:/"
}
