{
    "date": "2017/02/25",
    "name": "自治会館前(横浜市緑区)",
    "position": "-",
    "system": "中57",
    "destinations": [
        "武蔵中山台西",
        "武蔵中山台東",
        "けやき通り(横浜市緑区)",
        "萬徳寺別院前",
        "薬師谷戸",
        "台村町",
        "中山駅",
        "緑区役所前",
        "台村町",
        "薬師谷戸",
        "萬徳寺別院前",
        "けやき通り(横浜市緑区)",
        "自治会館前(横浜市緑区)",
        "武蔵中山台西"
    ],
    "weekday": [
        "6:45",
        "7:20",
        "8:00",
        "8:35",
        "9:20",
        "12:20",
        "12:55",
        "13:30",
        "14:10",
        "16:50",
        "17:25",
        "18:10",
        "18:45",
        "19:25",
        "20:00"
    ],
    "saturday": [
        "6:45",
        "7:20",
        "8:00",
        "8:35",
        "9:20",
        "12:20",
        "12:55",
        "13:30",
        "14:10",
        "16:50",
        "17:25",
        "18:10",
        "18:45",
        "19:25",
        "20:00"
    ],
    "holiday": [
        "9:20",
        "9:55",
        "10:30",
        "11:10",
        "11:45",
        "12:20",
        "14:45",
        "15:20",
        "15:55",
        "16:35"
    ],
    "url": "https://www.kanachu.co.jp/dia/diagram/timetable01_js/course:0000802446-1/node:00130390/kt:0/lname:/"
}
