{
    "date": "2017/02/25",
    "name": "けやき通り(横浜市緑区)",
    "position": "-",
    "system": "中57",
    "destinations": [
        "萬徳寺別院前",
        "薬師谷戸",
        "台村町",
        "中山駅",
        "緑区役所前",
        "台村町",
        "薬師谷戸",
        "萬徳寺別院前",
        "けやき通り(横浜市緑区)",
        "自治会館前(横浜市緑区)",
        "武蔵中山台西"
    ],
    "weekday": [
        "6:49",
        "7:24",
        "8:04",
        "8:39",
        "9:24",
        "12:24",
        "12:59",
        "13:34",
        "14:14",
        "16:54",
        "17:29",
        "18:14",
        "18:49",
        "19:29",
        "20:04"
    ],
    "saturday": [
        "6:49",
        "7:24",
        "8:04",
        "8:39",
        "9:24",
        "12:24",
        "12:59",
        "13:34",
        "14:14",
        "16:54",
        "17:29",
        "18:14",
        "18:49",
        "19:29",
        "20:04"
    ],
    "holiday": [
        "9:24",
        "9:59",
        "10:34",
        "11:14",
        "11:49",
        "12:24",
        "14:49",
        "15:24",
        "15:59",
        "16:39"
    ],
    "url": "https://www.kanachu.co.jp/dia/diagram/timetable01_js/course:0000802446-4/node:00130393/kt:0/lname:/"
}
