{
    "date": "2025/08/30",
    "name": "植松寺跡",
    "position": "-",
    "system": "東50",
    "destinations": [
        "環2平戸",
        "平戸(横浜市港南区)",
        "芹が谷団地前",
        "せりぎんタウン",
        "澁谷台",
        "浩南台",
        "東永谷",
        "渡戸(横浜市港南区)",
        "美晴台",
        "永野小学校前",
        "上永谷駅"
    ],
    "weekday": [
        "7:09",
        "7:33",
        "7:57",
        "8:21",
        "8:45",
        "9:09",
        "9:45",
        "10:21",
        "10:57",
        "11:33",
        "12:09",
        "12:45",
        "13:21",
        "13:57",
        "14:33",
        "15:09",
        "15:45",
        "16:21",
        "16:57",
        "17:33",
        "18:09",
        "18:45",
        "19:21",
        "19:57",
        "20:33",
        "21:09",
        "21:45",
        "22:22"
    ],
    "saturday": [
        "7:33",
        "8:09",
        "8:45",
        "9:21",
        "9:57",
        "10:33",
        "11:09",
        "11:45",
        "12:21",
        "12:57",
        "13:33",
        "14:09",
        "14:45",
        "15:21",
        "15:57",
        "16:33",
        "17:09",
        "17:45",
        "18:21",
        "18:57",
        "19:33",
        "20:09",
        "20:45",
        "21:21"
    ],
    "holiday": [
        "7:33",
        "8:09",
        "8:45",
        "9:21",
        "9:57",
        "10:33",
        "11:09",
        "11:45",
        "12:21",
        "12:57",
        "13:33",
        "14:09",
        "14:45",
        "15:21",
        "15:57",
        "16:33",
        "17:09",
        "17:45",
        "18:21",
        "18:57",
        "19:33",
        "20:09",
        "20:45",
        "21:21"
    ],
    "url": "https://www.kanachu.co.jp/dia/diagram/timetable01_js/course:0000803874-3/node:00126729/kt:0/lname:/"
}
