{
    "date": "2025/08/30",
    "name": "浩南台",
    "position": "-",
    "system": "東50",
    "destinations": [
        "東永谷",
        "渡戸(横浜市港南区)",
        "美晴台",
        "永野小学校前",
        "上永谷駅"
    ],
    "weekday": [
        "7:18",
        "7:42",
        "8:06",
        "8:30",
        "8:54",
        "9:18",
        "9:54",
        "10:30",
        "11:06",
        "11:42",
        "12:18",
        "12:54",
        "13:30",
        "14:06",
        "14:42",
        "15:18",
        "15:54",
        "16:30",
        "17:06",
        "17:42",
        "18:18",
        "18:54",
        "19:30",
        "20:06",
        "20:42",
        "21:18",
        "21:54",
        "22:31"
    ],
    "saturday": [
        "7:42",
        "8:18",
        "8:54",
        "9:30",
        "10:06",
        "10:42",
        "11:18",
        "11:54",
        "12:30",
        "13:06",
        "13:42",
        "14:18",
        "14:54",
        "15:30",
        "16:06",
        "16:42",
        "17:18",
        "17:54",
        "18:30",
        "19:06",
        "19:42",
        "20:18",
        "20:54",
        "21:30"
    ],
    "holiday": [
        "7:42",
        "8:18",
        "8:54",
        "9:30",
        "10:06",
        "10:42",
        "11:18",
        "11:54",
        "12:30",
        "13:06",
        "13:42",
        "14:18",
        "14:54",
        "15:30",
        "16:06",
        "16:42",
        "17:18",
        "17:54",
        "18:30",
        "19:06",
        "19:42",
        "20:18",
        "20:54",
        "21:30"
    ],
    "url": "https://www.kanachu.co.jp/dia/diagram/timetable01_js/course:0000803874-9/node:00126742/kt:0/lname:/"
}
