{
    "date": "2026/01/16",
    "name": "箕輪辻",
    "position": "-",
    "system": "淵59",
    "destinations": [
        "梅沢(愛甲郡愛川町)",
        "小沢(愛甲郡愛川町)",
        "高田橋入口",
        "田名坂上",
        "田名バスターミナル",
        "四ツ谷(相模原市中央区)",
        "田名工業団地入口",
        "石橋(相模原市中央区)",
        "鳩川住宅前",
        "上溝高校入口",
        "上溝中央",
        "上溝",
        "横山坂上",
        "星が丘(相模原市中央区)",
        "千代田(相模原市中央区)",
        "栄公園前",
        "弥栄(相模原市中央区)",
        "淵野辺十字路",
        "淵野辺駅入口",
        "淵野辺駅南口"
    ],
    "weekday": [
        "15:49"
    ],
    "saturday": [],
    "holiday": [],
    "url": "https://www.kanachu.co.jp/dia/diagram/timetable01_js/course:0000804260-2/node:00128327/kt:0/lname:/"
}
