{
    "date": "2025/07/27",
    "name": "なでしこ広場前",
    "position": "-",
    "system": "秦38",
    "destinations": [
        "秦才橋",
        "下大槻",
        "南平橋",
        "下大槻南平",
        "湘南老人ホーム前",
        "小熊天神前",
        "遠藤原",
        "自治会館前(平塚市)",
        "神奈川大学"
    ],
    "weekday": [
        "7:57",
        "8:57",
        "9:57",
        "10:57",
        "11:57",
        "12:57",
        "13:57",
        "16:57",
        "18:02"
    ],
    "saturday": [],
    "holiday": [],
    "url": "https://www.kanachu.co.jp/dia/diagram/timetable01_js/course:0000803260-3/node:00127722/kt:0/lname:/"
}
