{
    "date": "2025/07/27",
    "name": "遠藤原",
    "position": "-",
    "system": "秦38",
    "destinations": [
        "自治会館前(平塚市)",
        "神奈川大学"
    ],
    "weekday": [
        "8:04",
        "9:04",
        "10:04",
        "11:04",
        "12:04",
        "13:04",
        "14:04",
        "17:04",
        "18:09"
    ],
    "saturday": [],
    "holiday": [],
    "url": "https://www.kanachu.co.jp/dia/diagram/timetable01_js/course:0000803260-10/node:00128014/kt:0/lname:/"
}
