{
    "date": "2025/08/21",
    "name": "日大三高",
    "position": "-",
    "system": "町16",
    "destinations": [
        "図師大橋",
        "横町(町田市)",
        "町田バスセンター"
    ],
    "weekday": [
        "14:15",
        "14:28",
        "14:32",
        "15:15",
        "15:20",
        "15:25",
        "15:35",
        "15:40",
        "15:45",
        "15:52",
        "16:30",
        "16:35",
        "17:30",
        "18:10",
        "18:15",
        "19:05"
    ],
    "saturday": [
        "11:50",
        "12:42",
        "12:45",
        "12:48",
        "12:51",
        "12:54",
        "12:58",
        "13:02",
        "13:07",
        "13:12",
        "13:30",
        "15:50",
        "17:30",
        "18:10",
        "18:15"
    ],
    "holiday": [
        "14:45"
    ],
    "url": "https://www.kanachu.co.jp/dia/diagram/timetable01_js/course:0000803168-1/node:00021091/kt:0/lname:/"
}
