{
    "date": "2025/04/19",
    "name": "上原団地",
    "position": "-",
    "system": "大55",
    "destinations": [
        "御園二丁目",
        "みゆき台団地",
        "御園五丁目",
        "双葉入口",
        "桜台(相模原市南区)",
        "水道路(相模原市南区)",
        "麻溝台",
        "麻溝台中学校入口",
        "さがみ緑風園前",
        "麻溝台入口",
        "麻溝台高校",
        "北里大学病院・北里大学",
        "友愛病院前",
        "麻溝車庫"
    ],
    "weekday": [
        "22:04",
        "22:24",
        "22:44",
        "23:09",
        "23:34"
    ],
    "saturday": [
        "19:49",
        "22:19",
        "22:49"
    ],
    "holiday": [
        "21:04",
        "21:34",
        "22:04"
    ],
    "url": "https://www.kanachu.co.jp/dia/diagram/timetable01_js/course:0000803516-4/node:00129078/kt:0/lname:/"
}
