{
    "date": "2025/04/19",
    "name": "御園二丁目",
    "position": "-",
    "system": "大55",
    "destinations": [
        "みゆき台団地",
        "御園五丁目",
        "双葉入口",
        "桜台(相模原市南区)",
        "水道路(相模原市南区)",
        "麻溝台",
        "麻溝台中学校入口",
        "さがみ緑風園前",
        "麻溝台入口",
        "麻溝台高校",
        "北里大学病院・北里大学",
        "友愛病院前",
        "麻溝車庫"
    ],
    "weekday": [
        "22:05",
        "22:25",
        "22:45",
        "23:10",
        "23:35"
    ],
    "saturday": [
        "19:50",
        "22:20",
        "22:50"
    ],
    "holiday": [
        "21:05",
        "21:35",
        "22:05"
    ],
    "url": "https://www.kanachu.co.jp/dia/diagram/timetable01_js/course:0000803516-5/node:00129260/kt:0/lname:/"
}
