{
    "date": "2025/04/19",
    "name": "麻溝台",
    "position": "-",
    "system": "大55",
    "destinations": [
        "麻溝台中学校入口",
        "さがみ緑風園前",
        "麻溝台入口",
        "麻溝台高校",
        "北里大学病院・北里大学",
        "友愛病院前",
        "麻溝車庫"
    ],
    "weekday": [
        "22:11",
        "22:31",
        "22:51",
        "23:16",
        "23:41"
    ],
    "saturday": [
        "19:56",
        "22:26",
        "22:56"
    ],
    "holiday": [
        "21:11",
        "21:41",
        "22:11"
    ],
    "url": "https://www.kanachu.co.jp/dia/diagram/timetable01_js/course:0000803516-11/node:00129696/kt:0/lname:/"
}
