{
    "date": "2025/04/19",
    "name": "さがみ緑風園前",
    "position": "-",
    "system": "大55",
    "destinations": [
        "麻溝台入口",
        "麻溝台高校",
        "北里大学病院・北里大学",
        "友愛病院前",
        "麻溝車庫"
    ],
    "weekday": [
        "22:13",
        "22:33",
        "22:53",
        "23:18",
        "23:43"
    ],
    "saturday": [
        "19:58",
        "22:28",
        "22:58"
    ],
    "holiday": [
        "21:13",
        "21:43",
        "22:13"
    ],
    "url": "https://www.kanachu.co.jp/dia/diagram/timetable01_js/course:0000803516-13/node:00129698/kt:0/lname:/"
}
