{
    "date": "2025/04/19",
    "name": "麻溝台入口",
    "position": "-",
    "system": "大55",
    "destinations": [
        "麻溝台高校",
        "北里大学病院・北里大学",
        "友愛病院前",
        "麻溝車庫"
    ],
    "weekday": [
        "22:14",
        "22:34",
        "22:54",
        "23:19",
        "23:44"
    ],
    "saturday": [
        "19:59",
        "22:29",
        "22:59"
    ],
    "holiday": [
        "21:14",
        "21:44",
        "22:14"
    ],
    "url": "https://www.kanachu.co.jp/dia/diagram/timetable01_js/course:0000803516-14/node:00129121/kt:0/lname:/"
}
