{
    "date": "2025/04/19",
    "name": "友愛病院前",
    "position": "-",
    "system": "大55",
    "destinations": [
        "麻溝車庫"
    ],
    "weekday": [
        "22:19",
        "22:39",
        "22:59",
        "23:24",
        "23:49"
    ],
    "saturday": [
        "20:04",
        "22:34",
        "23:04"
    ],
    "holiday": [
        "21:19",
        "21:49",
        "22:19"
    ],
    "url": "https://www.kanachu.co.jp/dia/diagram/timetable01_js/course:0000803516-17/node:00129286/kt:0/lname:/"
}
