{
    "date": "2025/04/19",
    "name": "旭住宅前",
    "position": "-",
    "system": "橋55",
    "destinations": [
        "小山(相模原市緑区)",
        "小山新町",
        "橋本駅北口"
    ],
    "weekday": [
        "7:00",
        "7:32",
        "8:02",
        "8:27",
        "8:50",
        "9:15",
        "10:05",
        "10:55",
        "11:45",
        "12:35",
        "13:25",
        "14:15",
        "15:05",
        "15:55",
        "16:45",
        "17:37",
        "18:02",
        "18:27",
        "18:52",
        "19:40"
    ],
    "saturday": [
        "7:55",
        "8:55",
        "9:55",
        "10:55",
        "11:56",
        "12:56",
        "13:56",
        "14:56",
        "15:56",
        "16:56",
        "17:56",
        "18:55"
    ],
    "holiday": [
        "7:54",
        "8:54",
        "9:54",
        "10:54",
        "11:54",
        "12:54",
        "13:54",
        "14:54",
        "15:54",
        "16:54",
        "17:54",
        "18:54"
    ],
    "url": "https://www.kanachu.co.jp/dia/diagram/timetable01_js/course:0000802401-10/node:00129067/kt:0/lname:/"
}
