{
    "date": "2025/10/06",
    "name": "阿津",
    "position": "-",
    "system": "湖21",
    "destinations": [
        "内郷診療所前",
        "相模湖林間公園入口",
        "石老山入口",
        "さがみ湖MORIMORI前",
        "関川",
        "嵐山(相模原市緑区)",
        "嵐山橋",
        "相模湖大橋",
        "相模湖公園前",
        "相模湖総合事務所前",
        "相模湖駅"
    ],
    "weekday": [
        "6:59",
        "7:48",
        "8:30",
        "9:00",
        "10:00",
        "11:09",
        "12:09",
        "13:20",
        "14:19",
        "15:19",
        "16:14",
        "17:05",
        "18:19",
        "19:19",
        "20:08",
        "21:07"
    ],
    "saturday": [
        "7:09",
        "7:32",
        "8:04",
        "8:30",
        "9:04",
        "9:31",
        "10:34",
        "11:29",
        "12:19",
        "12:44",
        "13:40",
        "14:45",
        "15:34",
        "16:39",
        "17:41",
        "18:44",
        "19:38",
        "20:44"
    ],
    "holiday": [
        "7:09",
        "7:32",
        "8:04",
        "8:30",
        "9:04",
        "9:31",
        "10:34",
        "11:29",
        "12:19",
        "12:44",
        "13:40",
        "14:45",
        "15:34",
        "16:39",
        "17:41",
        "18:44",
        "19:38",
        "20:44"
    ],
    "url": "https://www.kanachu.co.jp/dia/diagram/timetable01_js/course:0000803805-7/node:00128908/kt:0/lname:/"
}
