{
    "date": "2025/03/15",
    "name": "綾瀬車庫(綾瀬市)",
    "position": "-",
    "system": "丘01",
    "destinations": [
        "大法寺(綾瀬市)",
        "鶴ヶ岡",
        "深谷原",
        "廻り坂",
        "本蓼川",
        "代官三丁目",
        "代官二丁目",
        "千本桜商店街",
        "札の辻(大和市)",
        "福田四丁目",
        "福田三丁目",
        "桜ヶ丘駅西口"
    ],
    "weekday": [
        "5:58",
        "6:47"
    ],
    "saturday": [],
    "holiday": [],
    "url": "https://www.kanachu.co.jp/dia/diagram/timetable01_js/course:0000803649-1/node:00129845/kt:0/lname:/"
}
