{
    "system": "丘01",
    "busstops": [
        {
            "index": "1",
            "id": "00129845",
            "name": "綾瀬車庫(綾瀬市)",
            "lat": "35.425988",
            "lng": "139.427836"
        },
        {
            "index": "2",
            "id": "00129851",
            "name": "大法寺(綾瀬市)",
            "lat": "35.430092",
            "lng": "139.435521"
        },
        {
            "index": "3",
            "id": "00129852",
            "name": "鶴ヶ岡",
            "lat": "35.432768",
            "lng": "139.439489"
        },
        {
            "index": "4",
            "id": "00129853",
            "name": "深谷原",
            "lat": "35.434622",
            "lng": "139.441376"
        },
        {
            "index": "5",
            "id": "00129854",
            "name": "廻り坂",
            "lat": "35.436125",
            "lng": "139.44352"
        },
        {
            "index": "6",
            "id": "00129855",
            "name": "本蓼川",
            "lat": "35.439218",
            "lng": "139.446921"
        },
        {
            "index": "7",
            "id": "00129993",
            "name": "代官三丁目",
            "lat": "35.439958",
            "lng": "139.453169"
        },
        {
            "index": "8",
            "id": "00129994",
            "name": "代官二丁目",
            "lat": "35.440443",
            "lng": "139.456932"
        },
        {
            "index": "9",
            "id": "00129995",
            "name": "千本桜商店街",
            "lat": "35.438766",
            "lng": "139.458699"
        },
        {
            "index": "10",
            "id": "00129996",
            "name": "札の辻(大和市)",
            "lat": "35.43742",
            "lng": "139.461852"
        },
        {
            "index": "11",
            "id": "00129997",
            "name": "福田四丁目",
            "lat": "35.442108",
            "lng": "139.463334"
        },
        {
            "index": "12",
            "id": "00129998",
            "name": "福田三丁目",
            "lat": "35.445457",
            "lng": "139.463855"
        },
        {
            "index": "13",
            "id": "00129624",
            "name": "桜ヶ丘駅西口",
            "lat": "35.450646",
            "lng": "139.465279"
        }
    ],
    "route_url": "https://www.kanachu.co.jp/dia/route/index/cid:0000803649/"
}
