{
    "date": "2025/11/16",
    "name": "王御住グランド前",
    "position": "-",
    "system": "伊19",
    "destinations": [
        "みどりヶ丘(平塚市)",
        "宮上(平塚市)",
        "ふじみ野"
    ],
    "weekday": [
        "16:19",
        "17:19",
        "18:03",
        "19:03",
        "20:02",
        "21:01"
    ],
    "saturday": [
        "16:28",
        "17:28",
        "18:28",
        "19:28",
        "20:38",
        "21:18"
    ],
    "holiday": [
        "16:28",
        "17:28",
        "18:28",
        "19:28",
        "20:38",
        "21:18"
    ],
    "url": "https://www.kanachu.co.jp/dia/diagram/timetable01_js/course:0000800888-10/node:00128217/kt:0/lname:/"
}
