{
    "date": "2025/11/16",
    "name": "宮上(平塚市)",
    "position": "-",
    "system": "伊19",
    "destinations": [
        "ふじみ野"
    ],
    "weekday": [
        "16:22",
        "17:23",
        "18:07",
        "19:07",
        "20:05",
        "21:04"
    ],
    "saturday": [
        "16:32",
        "17:32",
        "18:32",
        "19:32",
        "20:41",
        "21:21"
    ],
    "holiday": [
        "16:32",
        "17:32",
        "18:32",
        "19:32",
        "20:41",
        "21:21"
    ],
    "url": "https://www.kanachu.co.jp/dia/diagram/timetable01_js/course:0000800888-12/node:00128080/kt:0/lname:/"
}
