{
    "system": "伊19",
    "busstops": [
        {
            "index": "1",
            "id": "00128056",
            "name": "伊勢原駅南口",
            "lat": "35.395502",
            "lng": "139.313428"
        },
        {
            "index": "2",
            "id": "00128057",
            "name": "下宿(伊勢原市)",
            "lat": "35.393768",
            "lng": "139.31519"
        },
        {
            "index": "3",
            "id": "00128058",
            "name": "伊勢原中学校前",
            "lat": "35.390478",
            "lng": "139.314598"
        },
        {
            "index": "4",
            "id": "00128059",
            "name": "下大竹",
            "lat": "35.386616",
            "lng": "139.316272"
        },
        {
            "index": "5",
            "id": "00128060",
            "name": "馬渡(伊勢原市)",
            "lat": "35.382898",
            "lng": "139.316432"
        },
        {
            "index": "6",
            "id": "00128070",
            "name": "矢羽根",
            "lat": "35.380051",
            "lng": "139.317575"
        },
        {
            "index": "7",
            "id": "00128061",
            "name": "城所入口",
            "lat": "35.377781",
            "lng": "139.317757"
        },
        {
            "index": "8",
            "id": "00128062",
            "name": "大句",
            "lat": "35.375423",
            "lng": "139.317548"
        },
        {
            "index": "9",
            "id": "00128218",
            "name": "岡崎城址入口",
            "lat": "35.374508",
            "lng": "139.311771"
        },
        {
            "index": "10",
            "id": "00128217",
            "name": "王御住グランド前",
            "lat": "35.375987",
            "lng": "139.308158"
        },
        {
            "index": "11",
            "id": "00128216",
            "name": "みどりヶ丘(平塚市)",
            "lat": "35.377727",
            "lng": "139.305108"
        },
        {
            "index": "12",
            "id": "00128080",
            "name": "宮上(平塚市)",
            "lat": "35.380464",
            "lng": "139.300275"
        },
        {
            "index": "13",
            "id": "00128079",
            "name": "ふじみ野",
            "lat": "35.382322",
            "lng": "139.302178"
        }
    ],
    "route_url": "https://www.kanachu.co.jp/dia/route/index/cid:0000800888/"
}
