{
    "date": "2025/11/16",
    "name": "観音寺前(大和市)",
    "position": "-",
    "system": "間01",
    "destinations": [
        "瀬谷入口",
        "笹原(横浜市瀬谷区)",
        "卸センター前",
        "桜山(横浜市旭区)",
        "亀甲山",
        "大貫橋",
        "上川井町",
        "長源寺前(横浜市旭区)",
        "宮の下(横浜市旭区)",
        "福泉寺前(横浜市旭区)",
        "川井宿",
        "下宿(横浜市旭区)",
        "都岡町",
        "農協前(横浜市旭区)",
        "筑池",
        "今宿(横浜市旭区)",
        "今宿小学校入口",
        "鶴ヶ峰中学校前",
        "薬王寺入口",
        "鶴ヶ峰本町",
        "鶴ヶ峰駅"
    ],
    "weekday": [
        "5:51",
        "6:22",
        "6:55",
        "7:28",
        "7:45",
        "8:20",
        "8:57",
        "10:09",
        "11:09",
        "12:09",
        "13:14",
        "14:14",
        "15:14",
        "16:14",
        "17:14",
        "18:14",
        "19:15",
        "20:13",
        "21:01"
    ],
    "saturday": [
        "5:21",
        "6:33",
        "7:06",
        "7:45",
        "8:19",
        "9:02",
        "10:02",
        "11:03",
        "12:02",
        "13:02",
        "14:02",
        "15:02",
        "16:01",
        "16:59",
        "17:59",
        "19:01",
        "19:59"
    ],
    "holiday": [
        "7:02",
        "8:19",
        "9:19",
        "10:04",
        "11:05",
        "12:04",
        "13:04",
        "14:02",
        "15:02",
        "16:03",
        "17:01",
        "18:01",
        "19:03",
        "20:04"
    ],
    "url": "https://www.kanachu.co.jp/dia/diagram/timetable01_js/course:0000803910-7/node:00129529/kt:0/lname:/"
}
