{
    "date": "2025/11/16",
    "name": "今宿小学校入口",
    "position": "-",
    "system": "間01",
    "destinations": [
        "鶴ヶ峰中学校前",
        "薬王寺入口",
        "鶴ヶ峰本町",
        "鶴ヶ峰駅"
    ],
    "weekday": [
        "6:19",
        "6:51",
        "7:30",
        "8:05",
        "8:22",
        "8:57",
        "9:34",
        "10:40",
        "11:40",
        "12:40",
        "13:45",
        "14:45",
        "15:45",
        "16:45",
        "17:45",
        "18:45",
        "19:37",
        "20:35",
        "21:23"
    ],
    "saturday": [
        "5:43",
        "6:58",
        "7:31",
        "8:10",
        "8:46",
        "9:29",
        "10:30",
        "11:31",
        "12:30",
        "13:30",
        "14:30",
        "15:30",
        "16:34",
        "17:32",
        "18:32",
        "19:34",
        "20:22"
    ],
    "holiday": [
        "7:24",
        "8:42",
        "9:42",
        "10:30",
        "11:31",
        "12:30",
        "13:30",
        "14:30",
        "15:30",
        "16:32",
        "17:30",
        "18:30",
        "19:32",
        "20:27"
    ],
    "url": "https://www.kanachu.co.jp/dia/diagram/timetable01_js/course:0000803910-24/node:00129717/kt:0/lname:/"
}
