{
    "date": "2025/11/16",
    "name": "鶴ヶ峰本町",
    "position": "-",
    "system": "間01",
    "destinations": [
        "鶴ヶ峰駅"
    ],
    "weekday": [
        "6:22",
        "6:54",
        "7:33",
        "8:08",
        "8:25",
        "9:00",
        "9:37",
        "10:43",
        "11:43",
        "12:43",
        "13:48",
        "14:48",
        "15:48",
        "16:48",
        "17:48",
        "18:48",
        "19:40",
        "20:38",
        "21:26"
    ],
    "saturday": [
        "5:46",
        "7:01",
        "7:34",
        "8:13",
        "8:49",
        "9:32",
        "10:33",
        "11:34",
        "12:33",
        "13:33",
        "14:33",
        "15:33",
        "16:37",
        "17:35",
        "18:35",
        "19:37",
        "20:25"
    ],
    "holiday": [
        "7:27",
        "8:45",
        "9:45",
        "10:33",
        "11:34",
        "12:33",
        "13:33",
        "14:33",
        "15:33",
        "16:35",
        "17:33",
        "18:33",
        "19:35",
        "20:30"
    ],
    "url": "https://www.kanachu.co.jp/dia/diagram/timetable01_js/course:0000803910-27/node:00129720/kt:0/lname:/"
}
