{
  "date": "2025/04/01",
  "name": "木曽入口",
  "position": "-",
  "system": "町24",
  "destinations": [
    "山崎団地入口",
    "山崎団地センター",
    "給水塔前(山崎団地/町田市)",
    "北一号(町田市)",
    "北二号(町田市)",
    "山崎団地"
  ],
  "weekday": [
    "9:19",
    "9:42",
    "9:50",
    "10:08",
    "10:18",
    "10:42",
    "10:50",
    "11:08",
    "11:16",
    "11:29",
    "11:42",
    "11:50",
    "12:08",
    "12:18",
    "12:38",
    "12:46",
    "12:53",
    "13:11"
  ],
  "saturday": [],
  "holiday": [],
  "url": "https://www.kanachu.co.jp/dia/diagram/timetable01_js/course:0000802962-12/node:00129386/kt:0/lname:/"
}