{
    "date": "2025/08/30",
    "name": "般若寺橋",
    "position": "-",
    "system": "",
    "destinations": [
        "中永谷",
        "水田(横浜市港南区)",
        "日限地蔵入口",
        "上永谷中学校前",
        "島越",
        "上永谷住宅入口",
        "南高校前(横浜市港南区)",
        "月見ヶ丘団地前",
        "室ノ木(横浜市港南区)",
        "港南区総合庁舎前",
        "笹下港南中央通り",
        "関の下",
        "上大岡駅"
    ],
    "weekday": [
        "6:44",
        "6:59",
        "8:00",
        "8:11",
        "8:35",
        "9:05",
        "9:35",
        "10:05",
        "10:35",
        "11:30",
        "12:10",
        "12:30",
        "13:10",
        "13:30",
        "14:10",
        "14:30",
        "15:10",
        "15:30",
        "16:10",
        "16:30",
        "17:04",
        "17:28",
        "18:04",
        "18:28",
        "22:33"
    ],
    "saturday": [
        "8:10",
        "8:30",
        "9:05",
        "9:35",
        "10:05",
        "10:35",
        "11:10",
        "11:31",
        "12:10",
        "12:31",
        "13:06",
        "13:31",
        "14:06",
        "14:31",
        "15:06",
        "15:31",
        "16:06",
        "16:29",
        "17:07",
        "17:29",
        "18:07",
        "18:29",
        "22:06"
    ],
    "holiday": [
        "8:30",
        "9:10",
        "9:30",
        "10:10",
        "10:30",
        "11:10",
        "11:30",
        "12:10",
        "12:30",
        "13:10",
        "13:31",
        "14:06",
        "14:31",
        "15:06",
        "15:31",
        "16:06",
        "16:31",
        "17:06",
        "17:31",
        "18:06",
        "18:32",
        "19:32",
        "22:23"
    ],
    "url": "https://www.kanachu.co.jp/dia/diagram/timetable01_js/course:0000803871-16/node:00102927/kt:0/lname:/"
}
