{
    "date": "2024/03/16",
    "name": "西ヶ谷",
    "position": "-",
    "system": "港86",
    "destinations": [
        "西ヶ谷入口",
        "中島(横浜市栄区)",
        "光明寺(横浜市栄区)",
        "紅葉橋(横浜市栄区)",
        "横浜栄高校前",
        "榎戸(横浜市港南区)",
        "横浜女子短期大学前",
        "港南台駅"
    ],
    "weekday": [
        "5:46",
        "6:11",
        "6:36",
        "7:01",
        "7:26",
        "7:46"
    ],
    "saturday": [],
    "holiday": [],
    "url": "https://www.kanachu.co.jp/dia/diagram/timetable01_js/course:0000800699-2/node:00126524/kt:0/lname:/"
}
