{
  "date": "2025/04/01",
  "name": "木曽都営入口",
  "position": "-",
  "system": "町33",
  "destinations": [
    "桧台入口",
    "森野六丁目",
    "森野五丁目",
    "妙延寺(町田市)",
    "町田市役所市民ホール前",
    "町田バスセンター"
  ],
  "weekday": [
    "5:51",
    "6:05",
    "6:19",
    "6:35",
    "6:49",
    "7:02",
    "7:12",
    "7:21",
    "7:29",
    "7:38",
    "7:48",
    "7:58",
    "8:21",
    "8:46",
    "9:02",
    "9:15",
    "9:45",
    "10:15",
    "10:59",
    "11:14",
    "11:56",
    "12:14",
    "12:56",
    "13:14",
    "13:56",
    "14:14",
    "14:56",
    "15:16",
    "15:56",
    "16:16",
    "16:46",
    "17:16",
    "17:36",
    "17:56",
    "18:16",
    "18:36",
    "18:56",
    "19:13",
    "19:53",
    "20:23",
    "21:17",
    "22:17"
  ],
  "saturday": [
    "5:50",
    "6:22",
    "6:52",
    "7:13",
    "7:33",
    "7:53",
    "8:18",
    "8:38",
    "8:58",
    "9:20",
    "9:40",
    "10:00",
    "10:20",
    "10:40",
    "11:00",
    "11:20",
    "11:40",
    "12:00",
    "12:20",
    "12:40",
    "13:00",
    "13:20",
    "13:40",
    "14:00",
    "14:20",
    "14:40",
    "15:00",
    "15:20",
    "15:40",
    "16:00",
    "16:21",
    "16:41",
    "17:01",
    "17:21",
    "17:41",
    "18:01",
    "18:21",
    "18:41",
    "19:01",
    "19:22",
    "19:52",
    "20:22",
    "20:52",
    "21:21",
    "21:51"
  ],
  "holiday": [
    "5:50",
    "6:47",
    "7:13",
    "7:43",
    "8:13",
    "8:33",
    "8:53",
    "9:25",
    "9:45",
    "10:00",
    "10:20",
    "10:40",
    "11:00",
    "11:19",
    "11:39",
    "11:59",
    "12:19",
    "12:39",
    "12:59",
    "13:19",
    "13:39",
    "13:59",
    "14:19",
    "14:39",
    "14:59",
    "15:20",
    "15:40",
    "16:00",
    "16:20",
    "16:40",
    "17:00",
    "17:35",
    "18:07",
    "18:32",
    "18:57",
    "19:17",
    "19:37",
    "20:11",
    "20:31",
    "21:11"
  ],
  "url": "https://www.kanachu.co.jp/dia/diagram/timetable01_js/course:0000803196-13/node:00129379/kt:0/lname:/"
}