{
    "date": "2026/01/16",
    "name": "上飯田車庫",
    "position": "-",
    "system": "下05",
    "destinations": [
        "ひなた山",
        "ひなた山第一",
        "飯田北小学校入口",
        "上飯田中学校入口",
        "向原(横浜市泉区)",
        "池ノ上(横浜市泉区)",
        "和泉坂上",
        "三柱神社入口",
        "左馬神社入口",
        "ゆめが丘駅",
        "下飯田駅",
        "赤坂橋(横浜市泉区)",
        "密蔵院前",
        "いずみ台",
        "アカシア公園入口",
        "深谷消防出張所西側",
        "深谷台小学校入口",
        "富士見ヶ丘入口",
        "戸塚西公園入口",
        "横浜薬大南門",
        "俣野公園・横浜薬大前",
        "集会所前(横浜市戸塚区)",
        "ドリームハイツ"
    ],
    "weekday": [
        "5:40",
        "6:05",
        "6:30",
        "6:56",
        "8:20",
        "9:59",
        "11:16",
        "12:16",
        "13:16",
        "14:58",
        "15:21",
        "16:11",
        "17:11",
        "18:55",
        "19:37",
        "20:16"
    ],
    "saturday": [
        "5:45",
        "6:10",
        "7:30",
        "8:25",
        "9:30",
        "10:00",
        "12:16",
        "13:16",
        "14:40",
        "15:16",
        "16:16",
        "18:16"
    ],
    "holiday": [
        "5:45",
        "6:10",
        "7:30",
        "8:25",
        "9:30",
        "10:00",
        "12:16",
        "13:16",
        "14:40",
        "15:16",
        "16:16",
        "18:16"
    ],
    "url": "https://www.kanachu.co.jp/dia/diagram/timetable01_js/course:0000804233-1/node:00126905/kt:0/lname:/"
}
