{
    "date": "2026/01/16",
    "name": "ひなた山",
    "position": "-",
    "system": "下05",
    "destinations": [
        "ひなた山第一",
        "飯田北小学校入口",
        "上飯田中学校入口",
        "向原(横浜市泉区)",
        "池ノ上(横浜市泉区)",
        "和泉坂上",
        "三柱神社入口",
        "左馬神社入口",
        "ゆめが丘駅",
        "下飯田駅",
        "赤坂橋(横浜市泉区)",
        "密蔵院前",
        "いずみ台",
        "アカシア公園入口",
        "深谷消防出張所西側",
        "深谷台小学校入口",
        "富士見ヶ丘入口",
        "戸塚西公園入口",
        "横浜薬大南門",
        "俣野公園・横浜薬大前",
        "集会所前(横浜市戸塚区)",
        "ドリームハイツ"
    ],
    "weekday": [
        "5:41",
        "6:06",
        "6:31",
        "6:57",
        "8:21",
        "10:00",
        "11:17",
        "12:17",
        "13:17",
        "14:59",
        "15:22",
        "16:12",
        "17:12",
        "18:56",
        "19:38",
        "20:17"
    ],
    "saturday": [
        "5:46",
        "6:11",
        "7:31",
        "8:26",
        "9:31",
        "10:01",
        "12:17",
        "13:17",
        "14:41",
        "15:17",
        "16:17",
        "18:17"
    ],
    "holiday": [
        "5:46",
        "6:11",
        "7:31",
        "8:26",
        "9:31",
        "10:01",
        "12:17",
        "13:17",
        "14:41",
        "15:17",
        "16:17",
        "18:17"
    ],
    "url": "https://www.kanachu.co.jp/dia/diagram/timetable01_js/course:0000804233-2/node:00126702/kt:0/lname:/"
}
