{
    "date": "2026/01/16",
    "name": "向原(横浜市泉区)",
    "position": "-",
    "system": "下05",
    "destinations": [
        "池ノ上(横浜市泉区)",
        "和泉坂上",
        "三柱神社入口",
        "左馬神社入口",
        "ゆめが丘駅",
        "下飯田駅",
        "赤坂橋(横浜市泉区)",
        "密蔵院前",
        "いずみ台",
        "アカシア公園入口",
        "深谷消防出張所西側",
        "深谷台小学校入口",
        "富士見ヶ丘入口",
        "戸塚西公園入口",
        "横浜薬大南門",
        "俣野公園・横浜薬大前",
        "集会所前(横浜市戸塚区)",
        "ドリームハイツ"
    ],
    "weekday": [
        "5:45",
        "6:10",
        "6:35",
        "7:01",
        "8:25",
        "10:04",
        "11:21",
        "12:21",
        "13:21",
        "15:03",
        "15:26",
        "16:16",
        "17:16",
        "19:00",
        "19:42",
        "20:21"
    ],
    "saturday": [
        "5:50",
        "6:15",
        "7:35",
        "8:30",
        "9:35",
        "10:05",
        "12:21",
        "13:21",
        "14:45",
        "15:21",
        "16:21",
        "18:21"
    ],
    "holiday": [
        "5:50",
        "6:15",
        "7:35",
        "8:30",
        "9:35",
        "10:05",
        "12:21",
        "13:21",
        "14:45",
        "15:21",
        "16:21",
        "18:21"
    ],
    "url": "https://www.kanachu.co.jp/dia/diagram/timetable01_js/course:0000804233-6/node:00126898/kt:0/lname:/"
}
