{
    "date": "2026/01/16",
    "name": "下飯田駅",
    "position": "-",
    "system": "下05",
    "destinations": [
        "赤坂橋(横浜市泉区)",
        "密蔵院前",
        "いずみ台",
        "アカシア公園入口",
        "深谷消防出張所西側",
        "深谷台小学校入口",
        "富士見ヶ丘入口",
        "戸塚西公園入口",
        "横浜薬大南門",
        "俣野公園・横浜薬大前",
        "集会所前(横浜市戸塚区)",
        "ドリームハイツ"
    ],
    "weekday": [
        "5:54",
        "6:19",
        "6:44",
        "7:10",
        "8:34",
        "10:13",
        "11:30",
        "12:30",
        "13:30",
        "15:12",
        "15:35",
        "16:25",
        "17:25",
        "19:09",
        "19:51",
        "20:30"
    ],
    "saturday": [
        "5:59",
        "6:24",
        "7:44",
        "8:39",
        "9:44",
        "10:14",
        "12:30",
        "13:30",
        "14:54",
        "15:30",
        "16:30",
        "18:30"
    ],
    "holiday": [
        "5:59",
        "6:24",
        "7:44",
        "8:39",
        "9:44",
        "10:14",
        "12:30",
        "13:30",
        "14:54",
        "15:30",
        "16:30",
        "18:30"
    ],
    "url": "https://www.kanachu.co.jp/dia/diagram/timetable01_js/course:0000804233-12/node:00130532/kt:0/lname:/"
}
