{
    "date": "2025/10/20",
    "name": "上和田(上和田団地側/大和市)",
    "position": "-",
    "system": "和33",
    "destinations": [
        "指導農場前",
        "桜株(大和市)",
        "学校入口(大和市)",
        "住宅入口(大和市)",
        "上野原(大和市)",
        "山王塚(大和市)",
        "大和南",
        "天満宮(大和市)",
        "大和駅西口"
    ],
    "weekday": [
        "8:03",
        "8:55",
        "9:45",
        "10:35",
        "11:25",
        "12:15",
        "13:05",
        "13:55",
        "14:45",
        "15:35",
        "16:25",
        "17:15",
        "18:05",
        "18:55",
        "19:45"
    ],
    "saturday": [
        "7:55",
        "8:55",
        "9:55",
        "10:55",
        "11:55",
        "12:55",
        "13:55",
        "14:55",
        "15:55",
        "16:55",
        "17:55",
        "18:55"
    ],
    "holiday": [
        "8:03",
        "8:55",
        "9:55",
        "10:55",
        "11:55",
        "12:55",
        "13:55",
        "14:55",
        "15:55",
        "16:55",
        "17:55",
        "18:55"
    ],
    "url": "https://www.kanachu.co.jp/dia/diagram/timetable01_js/course:0000803923-3/node:00129641/kt:0/lname:/"
}
