{
    "date": "2025/10/20",
    "name": "桜株(大和市)",
    "position": "-",
    "system": "和33",
    "destinations": [
        "学校入口(大和市)",
        "住宅入口(大和市)",
        "上野原(大和市)",
        "山王塚(大和市)",
        "大和南",
        "天満宮(大和市)",
        "大和駅西口"
    ],
    "weekday": [
        "8:07",
        "8:59",
        "9:49",
        "10:39",
        "11:29",
        "12:19",
        "13:09",
        "13:59",
        "14:49",
        "15:39",
        "16:29",
        "17:19",
        "18:09",
        "18:59",
        "19:49"
    ],
    "saturday": [
        "7:58",
        "8:58",
        "9:59",
        "10:59",
        "11:59",
        "12:59",
        "13:59",
        "14:59",
        "15:59",
        "16:59",
        "17:59",
        "18:59"
    ],
    "holiday": [
        "8:06",
        "8:58",
        "9:59",
        "10:59",
        "11:59",
        "12:59",
        "13:59",
        "14:59",
        "15:59",
        "16:59",
        "17:59",
        "18:59"
    ],
    "url": "https://www.kanachu.co.jp/dia/diagram/timetable01_js/course:0000803923-5/node:00129639/kt:0/lname:/"
}
