{
    "date": "2025/10/20",
    "name": "学校入口(大和市)",
    "position": "-",
    "system": "和33",
    "destinations": [
        "住宅入口(大和市)",
        "上野原(大和市)",
        "山王塚(大和市)",
        "大和南",
        "天満宮(大和市)",
        "大和駅西口"
    ],
    "weekday": [
        "8:08",
        "9:00",
        "9:50",
        "10:40",
        "11:30",
        "12:20",
        "13:10",
        "14:00",
        "14:50",
        "15:40",
        "16:30",
        "17:20",
        "18:10",
        "19:00",
        "19:50"
    ],
    "saturday": [
        "7:59",
        "8:59",
        "10:00",
        "11:00",
        "12:00",
        "13:00",
        "14:00",
        "15:00",
        "16:00",
        "17:00",
        "18:00",
        "19:00"
    ],
    "holiday": [
        "8:07",
        "8:59",
        "10:00",
        "11:00",
        "12:00",
        "13:00",
        "14:00",
        "15:00",
        "16:00",
        "17:00",
        "18:00",
        "19:00"
    ],
    "url": "https://www.kanachu.co.jp/dia/diagram/timetable01_js/course:0000803923-6/node:00129638/kt:0/lname:/"
}
