{
    "date": "2025/04/19",
    "name": "国立相模原病院",
    "position": "-",
    "system": "小04",
    "destinations": [
        "第一住宅(相模原市南区)",
        "桜台(相模原市南区)",
        "水道路(相模原市南区)",
        "麻溝台",
        "麻溝台中学校入口",
        "さがみ緑風園前",
        "麻溝台入口",
        "麻溝台高校",
        "北里大学病院・北里大学"
    ],
    "weekday": [
        "6:20",
        "6:45",
        "7:20",
        "7:38",
        "7:51",
        "8:40",
        "9:00",
        "9:49",
        "10:49",
        "11:49",
        "12:49",
        "13:49",
        "14:49",
        "15:49",
        "16:50",
        "17:50",
        "18:50",
        "20:20"
    ],
    "saturday": [
        "8:00",
        "8:45",
        "11:41",
        "13:41",
        "15:41",
        "17:41",
        "19:45"
    ],
    "holiday": [
        "8:00",
        "8:45",
        "9:45",
        "11:41",
        "13:41",
        "15:45",
        "16:50",
        "17:45",
        "18:45",
        "19:45"
    ],
    "url": "https://www.kanachu.co.jp/dia/diagram/timetable01_js/course:0000801894-6/node:00129692/kt:0/lname:/"
}
