{
    "date": "2025/04/19",
    "name": "麻溝台中学校入口",
    "position": "-",
    "system": "小04",
    "destinations": [
        "さがみ緑風園前",
        "麻溝台入口",
        "麻溝台高校",
        "北里大学病院・北里大学"
    ],
    "weekday": [
        "6:25",
        "6:50",
        "7:25",
        "7:43",
        "7:56",
        "8:47",
        "9:05",
        "9:54",
        "10:54",
        "11:54",
        "12:54",
        "13:54",
        "14:54",
        "15:54",
        "16:55",
        "17:55",
        "18:55",
        "20:25"
    ],
    "saturday": [
        "8:05",
        "8:50",
        "11:46",
        "13:46",
        "15:46",
        "17:46",
        "19:50"
    ],
    "holiday": [
        "8:05",
        "8:50",
        "9:50",
        "11:46",
        "13:46",
        "15:50",
        "16:55",
        "17:50",
        "18:50",
        "19:50"
    ],
    "url": "https://www.kanachu.co.jp/dia/diagram/timetable01_js/course:0000801894-11/node:00129697/kt:0/lname:/"
}
