{
    "date": "2025/07/12",
    "name": "藤沢駅北口",
    "position": "-",
    "system": "戸81",
    "destinations": [
        "三富士町",
        "相生町(藤沢市)",
        "南仲通り",
        "藤沢小学校前",
        "藤沢橋",
        "遊行寺坂上",
        "緑ヶ丘(藤沢市)",
        "鉄砲宿",
        "諏訪神社前(横浜市戸塚区)",
        "影取",
        "聖母の園前",
        "原宿(横浜市戸塚区)",
        "大運寺",
        "吹上(横浜市戸塚区)",
        "西横浜国際総合病院前",
        "新道大坂上",
        "大坂上(横浜市戸塚区)",
        "大坂台",
        "大坂下",
        "八坂神社前",
        "消防署前(横浜市戸塚区)",
        "戸塚駅西口",
        "戸塚バスセンター"
    ],
    "weekday": [
        "5:29",
        "5:44",
        "6:00",
        "6:13",
        "6:30",
        "6:45",
        "7:05",
        "7:25",
        "7:45",
        "8:05",
        "8:25",
        "8:43",
        "9:05",
        "9:25",
        "9:45",
        "10:05",
        "10:25",
        "10:45",
        "11:05",
        "11:25",
        "11:45",
        "12:05",
        "12:25",
        "12:45",
        "13:05",
        "13:25",
        "13:45",
        "14:05",
        "14:25",
        "14:45",
        "15:05",
        "15:25",
        "15:45",
        "16:05",
        "16:25",
        "16:40",
        "17:00",
        "17:20",
        "17:40",
        "18:00",
        "18:20",
        "18:37",
        "19:00",
        "19:20",
        "19:40",
        "20:00",
        "20:25",
        "20:40",
        "20:55",
        "21:35",
        "22:15",
        "22:40"
    ],
    "saturday": [
        "5:49",
        "6:24",
        "6:49",
        "7:19",
        "7:49",
        "8:19",
        "8:49",
        "9:19",
        "9:49",
        "10:19",
        "10:49",
        "11:19",
        "11:49",
        "12:19",
        "12:49",
        "13:19",
        "13:49",
        "14:19",
        "14:49",
        "15:19",
        "15:50",
        "16:19",
        "16:49",
        "17:19",
        "17:49",
        "18:19",
        "18:49",
        "19:19",
        "19:49",
        "20:29",
        "21:09",
        "21:49"
    ],
    "holiday": [
        "5:49",
        "6:24",
        "6:49",
        "7:19",
        "7:49",
        "8:19",
        "8:49",
        "9:19",
        "9:49",
        "10:19",
        "10:49",
        "11:19",
        "11:49",
        "12:19",
        "12:49",
        "13:19",
        "13:49",
        "14:19",
        "14:49",
        "15:19",
        "15:50",
        "16:19",
        "16:49",
        "17:19",
        "17:49",
        "18:19",
        "18:49",
        "19:19",
        "19:49",
        "20:29",
        "21:09",
        "21:49"
    ],
    "url": "https://www.kanachu.co.jp/dia/diagram/timetable01_js/course:0000803600-1/node:00126970/kt:0/lname:/"
}
