{
    "date": "2025/07/12",
    "name": "影取",
    "position": "-",
    "system": "戸81",
    "destinations": [
        "聖母の園前",
        "原宿(横浜市戸塚区)",
        "大運寺",
        "吹上(横浜市戸塚区)",
        "西横浜国際総合病院前",
        "新道大坂上",
        "大坂上(横浜市戸塚区)",
        "大坂台",
        "大坂下",
        "八坂神社前",
        "消防署前(横浜市戸塚区)",
        "戸塚駅西口",
        "戸塚バスセンター"
    ],
    "weekday": [
        "5:44",
        "5:59",
        "6:15",
        "6:30",
        "6:48",
        "7:05",
        "7:27",
        "7:47",
        "8:07",
        "8:27",
        "8:47",
        "9:05",
        "9:24",
        "9:44",
        "10:04",
        "10:24",
        "10:44",
        "11:04",
        "11:24",
        "11:44",
        "12:04",
        "12:24",
        "12:44",
        "13:04",
        "13:24",
        "13:44",
        "14:04",
        "14:24",
        "14:44",
        "15:04",
        "15:24",
        "15:44",
        "16:04",
        "16:24",
        "16:44",
        "16:59",
        "17:22",
        "17:42",
        "18:02",
        "18:22",
        "18:42",
        "18:59",
        "19:16",
        "19:36",
        "19:56",
        "20:16",
        "20:41",
        "20:56",
        "21:11",
        "21:51",
        "22:31",
        "22:56"
    ],
    "saturday": [
        "6:05",
        "6:40",
        "7:05",
        "7:35",
        "8:05",
        "8:35",
        "9:05",
        "9:35",
        "10:08",
        "10:38",
        "11:08",
        "11:38",
        "12:08",
        "12:38",
        "13:08",
        "13:38",
        "14:08",
        "14:38",
        "15:08",
        "15:38",
        "16:10",
        "16:40",
        "17:10",
        "17:40",
        "18:10",
        "18:40",
        "19:06",
        "19:36",
        "20:06",
        "20:46",
        "21:26",
        "22:06"
    ],
    "holiday": [
        "6:05",
        "6:40",
        "7:05",
        "7:35",
        "8:05",
        "8:35",
        "9:05",
        "9:35",
        "10:08",
        "10:38",
        "11:08",
        "11:38",
        "12:08",
        "12:38",
        "13:08",
        "13:38",
        "14:08",
        "14:38",
        "15:08",
        "15:38",
        "16:10",
        "16:40",
        "17:10",
        "17:40",
        "18:10",
        "18:40",
        "19:06",
        "19:36",
        "20:06",
        "20:46",
        "21:26",
        "22:06"
    ],
    "url": "https://www.kanachu.co.jp/dia/diagram/timetable01_js/course:0000803600-11/node:00126980/kt:0/lname:/"
}
