{
    "date": "2025/07/12",
    "name": "八坂神社前",
    "position": "-",
    "system": "戸81",
    "destinations": [
        "消防署前(横浜市戸塚区)",
        "戸塚駅西口",
        "戸塚バスセンター"
    ],
    "weekday": [
        "5:57",
        "6:12",
        "6:28",
        "6:47",
        "7:05",
        "7:23",
        "7:45",
        "8:05",
        "8:25",
        "8:45",
        "9:04",
        "9:19",
        "9:38",
        "9:58",
        "10:18",
        "10:38",
        "10:58",
        "11:18",
        "11:38",
        "11:58",
        "12:18",
        "12:38",
        "12:58",
        "13:18",
        "13:38",
        "13:58",
        "14:18",
        "14:38",
        "14:58",
        "15:18",
        "15:38",
        "15:58",
        "16:18",
        "16:38",
        "16:58",
        "17:14",
        "17:37",
        "17:57",
        "18:17",
        "18:37",
        "18:57",
        "19:13",
        "19:29",
        "19:49",
        "20:09",
        "20:29",
        "20:54",
        "21:09",
        "21:24",
        "22:04",
        "22:44",
        "23:09"
    ],
    "saturday": [
        "6:18",
        "6:53",
        "7:18",
        "7:48",
        "8:18",
        "8:48",
        "9:18",
        "9:48",
        "10:21",
        "10:51",
        "11:21",
        "11:51",
        "12:21",
        "12:51",
        "13:21",
        "13:51",
        "14:21",
        "14:51",
        "15:21",
        "15:51",
        "16:23",
        "16:53",
        "17:23",
        "17:53",
        "18:23",
        "18:53",
        "19:19",
        "19:49",
        "20:19",
        "20:59",
        "21:39",
        "22:19"
    ],
    "holiday": [
        "6:18",
        "6:53",
        "7:18",
        "7:48",
        "8:18",
        "8:48",
        "9:18",
        "9:48",
        "10:21",
        "10:51",
        "11:21",
        "11:51",
        "12:21",
        "12:51",
        "13:21",
        "13:51",
        "14:21",
        "14:51",
        "15:21",
        "15:51",
        "16:23",
        "16:53",
        "17:23",
        "17:53",
        "18:23",
        "18:53",
        "19:19",
        "19:49",
        "20:19",
        "20:59",
        "21:39",
        "22:19"
    ],
    "url": "https://www.kanachu.co.jp/dia/diagram/timetable01_js/course:0000803600-21/node:00126810/kt:0/lname:/"
}
