{
    "date": "2025/11/16",
    "name": "古河電工入口",
    "position": "-",
    "system": "平51",
    "destinations": [
        "泉蔵院前",
        "四ノ宮(平塚市)",
        "大念寺前",
        "前鳥神社前",
        "ふじみ園前",
        "大江工業前",
        "平塚市リサイクルプラザ",
        "鹿見堂橋",
        "駒返橋",
        "田村十字路",
        "神田小学校前(平塚市)",
        "田村車庫"
    ],
    "weekday": [
        "8:02",
        "21:51",
        "23:36"
    ],
    "saturday": [
        "23:00"
    ],
    "holiday": [
        "23:00"
    ],
    "url": "https://www.kanachu.co.jp/dia/diagram/timetable01_js/course:0000800046-8/node:00127648/kt:0/lname:/"
}
