{
    "date": "2025/11/16",
    "name": "四ノ宮(平塚市)",
    "position": "-",
    "system": "平51",
    "destinations": [
        "大念寺前",
        "前鳥神社前",
        "ふじみ園前",
        "大江工業前",
        "平塚市リサイクルプラザ",
        "鹿見堂橋",
        "駒返橋",
        "田村十字路",
        "神田小学校前(平塚市)",
        "田村車庫"
    ],
    "weekday": [
        "8:04",
        "21:53",
        "23:38"
    ],
    "saturday": [
        "23:02"
    ],
    "holiday": [
        "23:02"
    ],
    "url": "https://www.kanachu.co.jp/dia/diagram/timetable01_js/course:0000800046-10/node:00127656/kt:0/lname:/"
}
