{
    "date": "2025/11/16",
    "name": "ふじみ園前",
    "position": "-",
    "system": "平51",
    "destinations": [
        "大江工業前",
        "平塚市リサイクルプラザ",
        "鹿見堂橋",
        "駒返橋",
        "田村十字路",
        "神田小学校前(平塚市)",
        "田村車庫"
    ],
    "weekday": [
        "8:10",
        "21:59",
        "23:44"
    ],
    "saturday": [
        "23:07"
    ],
    "holiday": [
        "23:07"
    ],
    "url": "https://www.kanachu.co.jp/dia/diagram/timetable01_js/course:0000800046-13/node:00127650/kt:0/lname:/"
}
