{
    "date": "2025/11/16",
    "name": "大江工業前",
    "position": "-",
    "system": "平51",
    "destinations": [
        "平塚市リサイクルプラザ",
        "鹿見堂橋",
        "駒返橋",
        "田村十字路",
        "神田小学校前(平塚市)",
        "田村車庫"
    ],
    "weekday": [
        "8:11",
        "22:00",
        "23:45"
    ],
    "saturday": [
        "23:08"
    ],
    "holiday": [
        "23:08"
    ],
    "url": "https://www.kanachu.co.jp/dia/diagram/timetable01_js/course:0000800046-14/node:00127659/kt:0/lname:/"
}
