{
    "date": "2025/03/15",
    "name": "東原(茅ケ崎市)",
    "position": "-",
    "system": "辻12",
    "destinations": [
        "徳洲会病院前(茅ケ崎市)",
        "茅ヶ崎駅南口"
    ],
    "weekday": [
        "6:25",
        "6:40",
        "6:59",
        "7:11",
        "7:23",
        "7:35",
        "7:52",
        "8:05",
        "8:22",
        "8:42",
        "9:02",
        "9:30",
        "10:00",
        "10:30",
        "11:00",
        "11:30",
        "12:00",
        "12:30",
        "13:00",
        "13:30",
        "14:00",
        "14:30",
        "15:00",
        "15:30",
        "16:00",
        "16:32",
        "17:00",
        "17:32",
        "18:00",
        "18:20",
        "18:40",
        "19:00",
        "19:20",
        "19:40",
        "20:30",
        "21:00",
        "21:30",
        "22:00",
        "22:35"
    ],
    "saturday": [
        "6:50",
        "7:30",
        "8:00",
        "8:37",
        "9:07",
        "9:37",
        "10:07",
        "10:37",
        "11:07",
        "11:37",
        "12:07",
        "12:37",
        "13:07",
        "13:37",
        "14:07",
        "14:37",
        "15:07",
        "15:37",
        "16:07",
        "16:37",
        "17:07",
        "17:37",
        "18:07",
        "18:37",
        "19:07",
        "19:30",
        "20:30",
        "21:15"
    ],
    "holiday": [
        "6:50",
        "7:30",
        "8:00",
        "8:37",
        "9:07",
        "9:37",
        "10:07",
        "10:37",
        "11:07",
        "11:37",
        "12:07",
        "12:37",
        "13:07",
        "13:37",
        "14:07",
        "14:37",
        "15:07",
        "15:37",
        "16:07",
        "16:37",
        "17:07",
        "17:37",
        "18:07",
        "18:37",
        "19:07",
        "19:30",
        "20:30",
        "21:15"
    ],
    "url": "https://www.kanachu.co.jp/dia/diagram/timetable01_js/course:0000802161-10/node:00127240/kt:0/lname:/"
}
