{
    "date": "2025/11/16",
    "name": "伊勢原車庫",
    "position": "-",
    "system": "伊41",
    "destinations": [
        "団地北(伊勢原市)",
        "向原(伊勢原市)",
        "三の宮(伊勢原市)",
        "原田(伊勢原市)",
        "石倉橋",
        "山王原(伊勢原市)",
        "道灌塚前",
        "毘沙門池",
        "殿村",
        "八雲幼稚園前",
        "大塚戸入口",
        "関台",
        "中央公民館前(伊勢原市)",
        "本町(伊勢原市)",
        "伊勢原駅北口"
    ],
    "weekday": [
        "7:00",
        "10:30",
        "11:10",
        "13:10",
        "14:05",
        "15:15",
        "17:32",
        "20:45"
    ],
    "saturday": [
        "8:00",
        "10:57",
        "12:57",
        "14:57",
        "16:57"
    ],
    "holiday": [
        "8:00",
        "10:57",
        "12:57",
        "14:57",
        "16:57"
    ],
    "url": "https://www.kanachu.co.jp/dia/diagram/timetable01_js/course:0000800120-1/node:00128141/kt:0/lname:/"
}
