{
    "date": "2025/11/16",
    "name": "団地北(伊勢原市)",
    "position": "-",
    "system": "伊41",
    "destinations": [
        "向原(伊勢原市)",
        "三の宮(伊勢原市)",
        "原田(伊勢原市)",
        "石倉橋",
        "山王原(伊勢原市)",
        "道灌塚前",
        "毘沙門池",
        "殿村",
        "八雲幼稚園前",
        "大塚戸入口",
        "関台",
        "中央公民館前(伊勢原市)",
        "本町(伊勢原市)",
        "伊勢原駅北口"
    ],
    "weekday": [
        "7:01",
        "10:31",
        "11:11",
        "13:11",
        "14:06",
        "15:16",
        "17:33",
        "20:46"
    ],
    "saturday": [
        "8:01",
        "10:58",
        "12:58",
        "14:58",
        "16:58"
    ],
    "holiday": [
        "8:01",
        "10:58",
        "12:58",
        "14:58",
        "16:58"
    ],
    "url": "https://www.kanachu.co.jp/dia/diagram/timetable01_js/course:0000800120-2/node:00128142/kt:0/lname:/"
}
