{
    "date": "2025/11/16",
    "name": "殿村",
    "position": "-",
    "system": "伊41",
    "destinations": [
        "八雲幼稚園前",
        "大塚戸入口",
        "関台",
        "中央公民館前(伊勢原市)",
        "本町(伊勢原市)",
        "伊勢原駅北口"
    ],
    "weekday": [
        "7:10",
        "10:40",
        "11:20",
        "13:20",
        "14:15",
        "15:25",
        "17:42",
        "20:54"
    ],
    "saturday": [
        "8:09",
        "11:06",
        "13:06",
        "15:06",
        "17:06"
    ],
    "holiday": [
        "8:09",
        "11:06",
        "13:06",
        "15:06",
        "17:06"
    ],
    "url": "https://www.kanachu.co.jp/dia/diagram/timetable01_js/course:0000800120-10/node:00128122/kt:0/lname:/"
}
