{
    "date": "2025/11/16",
    "name": "本町(伊勢原市)",
    "position": "-",
    "system": "伊41",
    "destinations": [
        "伊勢原駅北口"
    ],
    "weekday": [
        "7:16",
        "10:47",
        "11:27",
        "13:27",
        "14:22",
        "15:32",
        "17:48",
        "21:00"
    ],
    "saturday": [
        "8:15",
        "11:12",
        "13:12",
        "15:12",
        "17:12"
    ],
    "holiday": [
        "8:15",
        "11:12",
        "13:12",
        "15:12",
        "17:12"
    ],
    "url": "https://www.kanachu.co.jp/dia/diagram/timetable01_js/course:0000800120-15/node:00128128/kt:0/lname:/"
}
