{
    "date": "2024/11/16",
    "name": "一中入口(藤沢市)",
    "position": "-",
    "system": "藤12",
    "destinations": [
        "引地橋",
        "メルシャン前",
        "羽鳥(藤沢市)",
        "辻堂入口",
        "四ツ谷(藤沢市)",
        "城南一丁目",
        "大庭隧道",
        "有藤",
        "西高校前(藤沢市)",
        "南センター前(藤沢市)",
        "小糸",
        "大庭小学校",
        "ライフタウン中央(藤沢市)",
        "二番構保健医療センター",
        "駒寄",
        "滝の沢(藤沢市)",
        "滝の沢不動前",
        "湘南ライフタウン"
    ],
    "weekday": [
        "9:50",
        "10:50",
        "11:50",
        "12:50",
        "13:50",
        "15:50",
        "16:48",
        "17:51",
        "18:50",
        "19:58"
    ],
    "saturday": [
        "8:54",
        "9:54",
        "10:55",
        "11:55",
        "12:55",
        "13:55",
        "14:55",
        "15:56",
        "16:56",
        "17:46",
        "18:55",
        "19:53"
    ],
    "holiday": [
        "8:54",
        "9:54",
        "10:55",
        "11:55",
        "12:55",
        "13:55",
        "14:55",
        "15:56",
        "16:56",
        "17:46",
        "18:55",
        "19:53"
    ],
    "url": "https://www.kanachu.co.jp/dia/diagram/timetable01_js/course:0000802694-10/node:00127051/kt:0/lname:/"
}
