{
    "date": "2024/11/16",
    "name": "滝の沢(藤沢市)",
    "position": "-",
    "system": "藤12",
    "destinations": [
        "滝の沢不動前",
        "湘南ライフタウン"
    ],
    "weekday": [
        "10:09",
        "11:09",
        "12:09",
        "13:09",
        "14:09",
        "16:10",
        "17:09",
        "18:12",
        "19:09",
        "20:17"
    ],
    "saturday": [
        "9:13",
        "10:13",
        "11:14",
        "12:14",
        "13:14",
        "14:14",
        "15:15",
        "16:17",
        "17:17",
        "18:06",
        "19:14",
        "20:12"
    ],
    "holiday": [
        "9:13",
        "10:13",
        "11:14",
        "12:14",
        "13:14",
        "14:14",
        "15:15",
        "16:17",
        "17:17",
        "18:06",
        "19:14",
        "20:12"
    ],
    "url": "https://www.kanachu.co.jp/dia/diagram/timetable01_js/course:0000802694-26/node:00129946/kt:0/lname:/"
}
