{
    "date": "2025/07/27",
    "name": "神奈川大学",
    "position": "-",
    "system": "秦38",
    "destinations": [
        "自治会館前(平塚市)",
        "遠藤原",
        "小熊天神前",
        "湘南老人ホーム前",
        "下大槻南平",
        "南平橋",
        "下大槻",
        "秦才橋",
        "なでしこ広場前",
        "室川橋",
        "秦野駅"
    ],
    "weekday": [
        "8:21",
        "9:21",
        "10:21",
        "11:21",
        "12:21",
        "13:21",
        "14:21",
        "17:21",
        "18:26"
    ],
    "saturday": [],
    "holiday": [],
    "url": "https://www.kanachu.co.jp/dia/diagram/timetable01_js/course:0000803384-1/node:00127824/kt:0/lname:/"
}
