{
    "date": "2021/02/01",
    "name": "蒔田中学校前(横浜市南区)",
    "position": "-",
    "system": "",
    "destinations": [
        "蒔田橋",
        "通町一丁目",
        "通町三丁目",
        "弘明寺",
        "藤の木(横浜市南区)",
        "大岡住宅前",
        "坂上(横浜市磯子区)",
        "仲久保",
        "横浜岡村郵便局前",
        "笹堀",
        "広町(横浜市磯子区)",
        "浜小学校前",
        "磯子台",
        "山王谷",
        "宮の下(横浜市磯子区)",
        "芦名橋",
        "磯子センター前",
        "磯子駅前"
    ],
    "weekday": [
        "6:28"
    ],
    "saturday": [
        "6:33"
    ],
    "holiday": [
        "6:33"
    ],
    "url": "https://www.kanachu.co.jp/dia/diagram/timetable01_js/course:0000803013-1/node:00103130/kt:0/lname:/"
}
