{
    "date": "2021/02/01",
    "name": "通町三丁目",
    "position": "-",
    "system": "",
    "destinations": [
        "弘明寺",
        "藤の木(横浜市南区)",
        "大岡住宅前",
        "坂上(横浜市磯子区)",
        "仲久保",
        "横浜岡村郵便局前",
        "笹堀",
        "広町(横浜市磯子区)",
        "浜小学校前",
        "磯子台",
        "山王谷",
        "宮の下(横浜市磯子区)",
        "芦名橋",
        "磯子センター前",
        "磯子駅前"
    ],
    "weekday": [
        "6:33"
    ],
    "saturday": [
        "6:38"
    ],
    "holiday": [
        "6:38"
    ],
    "url": "https://www.kanachu.co.jp/dia/diagram/timetable01_js/course:0000803013-4/node:00102796/kt:0/lname:/"
}
