{
    "date": "2021/02/01",
    "name": "坂上(横浜市磯子区)",
    "position": "-",
    "system": "",
    "destinations": [
        "仲久保",
        "横浜岡村郵便局前",
        "笹堀",
        "広町(横浜市磯子区)",
        "浜小学校前",
        "磯子台",
        "山王谷",
        "宮の下(横浜市磯子区)",
        "芦名橋",
        "磯子センター前",
        "磯子駅前"
    ],
    "weekday": [
        "6:40"
    ],
    "saturday": [
        "6:45"
    ],
    "holiday": [
        "6:45"
    ],
    "url": "https://www.kanachu.co.jp/dia/diagram/timetable01_js/course:0000803013-8/node:00102538/kt:0/lname:/"
}
