{
    "date": "2025/05/11",
    "name": "公田",
    "position": "-",
    "system": "船11",
    "destinations": [
        "鎌倉女子大前",
        "平島(鎌倉市)",
        "笠間十字路",
        "笠間町",
        "岩井口",
        "大船駅(横浜市栄区)"
    ],
    "weekday": [
        "5:56",
        "6:16",
        "6:27",
        "6:36",
        "6:46",
        "6:57",
        "7:08",
        "7:17",
        "7:26",
        "7:35",
        "7:45",
        "7:57",
        "8:10",
        "8:22",
        "8:32",
        "8:45",
        "9:00",
        "9:15",
        "9:30",
        "9:40",
        "9:55",
        "10:10",
        "10:25",
        "10:40",
        "11:00",
        "11:10",
        "11:25",
        "11:40",
        "11:55",
        "12:10",
        "12:30",
        "12:45",
        "13:00",
        "13:10",
        "13:30",
        "13:45",
        "14:00",
        "14:15",
        "14:30",
        "14:45",
        "15:00",
        "15:15",
        "15:30",
        "15:46",
        "15:59",
        "16:14",
        "16:29",
        "16:39",
        "16:54",
        "17:14",
        "17:29",
        "17:39",
        "17:54",
        "18:14",
        "18:29",
        "18:44",
        "18:59",
        "19:14",
        "19:34",
        "20:04",
        "20:44",
        "21:41"
    ],
    "saturday": [
        "6:14",
        "6:34",
        "6:54",
        "7:15",
        "7:30",
        "7:45",
        "7:57",
        "8:08",
        "8:20",
        "8:33",
        "8:45",
        "9:00",
        "9:16",
        "9:36",
        "9:56",
        "10:16",
        "10:36",
        "10:56",
        "11:16",
        "11:36",
        "11:56",
        "12:16",
        "12:36",
        "12:51",
        "13:16",
        "13:36",
        "13:56",
        "14:16",
        "14:36",
        "14:56",
        "15:15",
        "15:30",
        "15:45",
        "16:00",
        "16:25",
        "16:50",
        "17:20",
        "17:50",
        "18:25",
        "18:55",
        "19:24",
        "20:04",
        "20:44"
    ],
    "holiday": [
        "6:14",
        "6:34",
        "6:54",
        "7:15",
        "7:30",
        "7:45",
        "7:57",
        "8:08",
        "8:20",
        "8:33",
        "8:45",
        "9:00",
        "9:16",
        "9:36",
        "9:56",
        "10:16",
        "10:36",
        "10:56",
        "11:16",
        "11:36",
        "11:56",
        "12:16",
        "12:36",
        "12:51",
        "13:16",
        "13:36",
        "13:56",
        "14:16",
        "14:36",
        "14:56",
        "15:15",
        "15:30",
        "15:45",
        "16:00",
        "16:25",
        "16:50",
        "17:20",
        "17:50",
        "18:25",
        "18:55",
        "19:24",
        "20:04",
        "20:44"
    ],
    "url": "https://www.kanachu.co.jp/dia/diagram/timetable01_js/course:0000802931-13/node:00126506/kt:0/lname:/"
}
