{
    "date": "2025/05/11",
    "name": "平島(鎌倉市)",
    "position": "-",
    "system": "船11",
    "destinations": [
        "笠間十字路",
        "笠間町",
        "岩井口",
        "大船駅(横浜市栄区)"
    ],
    "weekday": [
        "5:58",
        "6:18",
        "6:29",
        "6:38",
        "6:48",
        "6:59",
        "7:11",
        "7:20",
        "7:29",
        "7:38",
        "7:48",
        "8:00",
        "8:13",
        "8:25",
        "8:35",
        "8:48",
        "9:03",
        "9:18",
        "9:33",
        "9:43",
        "9:58",
        "10:13",
        "10:28",
        "10:43",
        "11:03",
        "11:13",
        "11:28",
        "11:43",
        "11:58",
        "12:13",
        "12:33",
        "12:48",
        "13:03",
        "13:13",
        "13:33",
        "13:48",
        "14:03",
        "14:18",
        "14:33",
        "14:48",
        "15:03",
        "15:18",
        "15:33",
        "15:49",
        "16:02",
        "16:17",
        "16:32",
        "16:42",
        "16:57",
        "17:17",
        "17:32",
        "17:42",
        "17:57",
        "18:17",
        "18:32",
        "18:47",
        "19:02",
        "19:17",
        "19:37",
        "20:06",
        "20:46",
        "21:43"
    ],
    "saturday": [
        "6:16",
        "6:36",
        "6:56",
        "7:18",
        "7:33",
        "7:48",
        "8:00",
        "8:11",
        "8:23",
        "8:36",
        "8:48",
        "9:03",
        "9:19",
        "9:39",
        "9:59",
        "10:19",
        "10:39",
        "10:59",
        "11:19",
        "11:39",
        "11:59",
        "12:19",
        "12:39",
        "12:54",
        "13:19",
        "13:39",
        "13:59",
        "14:19",
        "14:39",
        "14:59",
        "15:18",
        "15:33",
        "15:48",
        "16:03",
        "16:28",
        "16:53",
        "17:23",
        "17:53",
        "18:28",
        "18:58",
        "19:26",
        "20:06",
        "20:46"
    ],
    "holiday": [
        "6:16",
        "6:36",
        "6:56",
        "7:18",
        "7:33",
        "7:48",
        "8:00",
        "8:11",
        "8:23",
        "8:36",
        "8:48",
        "9:03",
        "9:19",
        "9:39",
        "9:59",
        "10:19",
        "10:39",
        "10:59",
        "11:19",
        "11:39",
        "11:59",
        "12:19",
        "12:39",
        "12:54",
        "13:19",
        "13:39",
        "13:59",
        "14:19",
        "14:39",
        "14:59",
        "15:18",
        "15:33",
        "15:48",
        "16:03",
        "16:28",
        "16:53",
        "17:23",
        "17:53",
        "18:28",
        "18:58",
        "19:26",
        "20:06",
        "20:46"
    ],
    "url": "https://www.kanachu.co.jp/dia/diagram/timetable01_js/course:0000802931-15/node:00126504/kt:0/lname:/"
}
