{
    "date": "2025/12/20",
    "name": "学校前(大和市下和田)",
    "position": "-",
    "system": "高01",
    "destinations": [
        "高座渋谷駅東口",
        "上和田南",
        "上和田(上和田団地側/大和市)",
        "団地入口(大和市)",
        "上和田団地"
    ],
    "weekday": [
        "7:06",
        "7:43",
        "8:35",
        "9:25",
        "10:15",
        "11:05",
        "11:55",
        "12:45",
        "13:35",
        "14:25",
        "15:15",
        "16:05",
        "16:55",
        "17:45",
        "18:35",
        "19:25"
    ],
    "saturday": [
        "8:35",
        "9:35",
        "10:35",
        "11:35",
        "12:35",
        "13:35",
        "14:35",
        "15:35",
        "16:35",
        "17:35",
        "18:35",
        "19:37"
    ],
    "holiday": [
        "8:35",
        "9:35",
        "10:35",
        "11:35",
        "12:35",
        "13:35",
        "14:35",
        "15:35",
        "16:35",
        "17:35",
        "18:35",
        "19:37"
    ],
    "url": "https://www.kanachu.co.jp/dia/diagram/timetable01_js/course:0000803945-3/node:00130198/kt:0/lname:/"
}
