{
    "date": "2025/12/20",
    "name": "団地入口(大和市)",
    "position": "-",
    "system": "高01",
    "destinations": [
        "上和田団地"
    ],
    "weekday": [
        "7:13",
        "7:50",
        "8:42",
        "9:32",
        "10:22",
        "11:12",
        "12:02",
        "12:52",
        "13:42",
        "14:32",
        "15:22",
        "16:12",
        "17:02",
        "17:52",
        "18:42",
        "19:32"
    ],
    "saturday": [
        "8:40",
        "9:42",
        "10:42",
        "11:42",
        "12:42",
        "13:42",
        "14:42",
        "15:42",
        "16:42",
        "17:42",
        "18:42",
        "19:44"
    ],
    "holiday": [
        "8:40",
        "9:42",
        "10:42",
        "11:42",
        "12:42",
        "13:42",
        "14:42",
        "15:42",
        "16:42",
        "17:42",
        "18:42",
        "19:44"
    ],
    "url": "https://www.kanachu.co.jp/dia/diagram/timetable01_js/course:0000803945-7/node:00129642/kt:0/lname:/"
}
