{
    "date": "2025/03/15",
    "name": "新道向",
    "position": "-",
    "system": "湘22",
    "destinations": [
        "芝原入口",
        "天沼(藤沢市)",
        "天沼入口",
        "上宮下",
        "宮下(藤沢市)",
        "谷戸入口(藤沢市)",
        "出荷場前",
        "葛原(藤沢市)",
        "公民館前(藤沢市葛原)",
        "菖蒲沢団地",
        "工業団地入口(藤沢市)",
        "北警察署前(藤沢市)",
        "湘南台駅西口"
    ],
    "weekday": [
        "5:57",
        "6:27",
        "6:47",
        "7:02",
        "7:17",
        "8:32",
        "8:52",
        "9:24",
        "9:57",
        "10:22",
        "10:52",
        "11:32",
        "11:52",
        "12:52",
        "13:22",
        "13:52",
        "14:22",
        "15:22",
        "15:52",
        "16:42",
        "17:32",
        "18:27",
        "19:22",
        "20:22"
    ],
    "saturday": [
        "6:22",
        "6:52",
        "7:22",
        "7:52",
        "8:22",
        "8:57",
        "9:22",
        "9:52",
        "10:22",
        "10:52",
        "11:22",
        "11:52",
        "12:52",
        "13:22",
        "13:52",
        "14:22",
        "14:52",
        "15:22",
        "16:02",
        "16:32",
        "17:27",
        "18:22",
        "19:32",
        "20:22"
    ],
    "holiday": [
        "6:22",
        "6:52",
        "7:22",
        "7:52",
        "8:22",
        "8:57",
        "9:22",
        "9:52",
        "10:37",
        "11:22",
        "11:52",
        "12:52",
        "13:22",
        "13:52",
        "14:22",
        "14:52",
        "15:22",
        "16:02",
        "16:32",
        "17:27",
        "18:22",
        "19:22",
        "20:22"
    ],
    "url": "https://www.kanachu.co.jp/dia/diagram/timetable01_js/course:0000801084-3/node:00129899/kt:0/lname:/"
}
