{
    "date": "2025/08/30",
    "name": "横浜駅東口",
    "position": "-",
    "system": "横43",
    "destinations": [
        "高島町",
        "花咲橋",
        "雪見橋",
        "紅葉坂",
        "桜木町駅前",
        "横浜市役所前",
        "本町四丁目(横浜市中区)",
        "尾上町(横浜市中区)",
        "羽衣町(横浜市中区)",
        "長者町五丁目",
        "曙町(横浜市中区)",
        "横浜橋",
        "阪東橋",
        "吉野町一丁目",
        "吉野町駅前",
        "前里町",
        "南太田駅前",
        "Y校前",
        "南センター(横浜市南区)",
        "井土ヶ谷",
        "住宅前(横浜市南区)",
        "南永田",
        "弘明寺口",
        "六ツ川町",
        "上六ツ川",
        "大池(横浜市南区)",
        "引越坂",
        "六ツ川四丁目",
        "山谷(横浜市戸塚区)",
        "坂下口",
        "国道平戸",
        "品濃口",
        "赤関橋",
        "柏尾(横浜市戸塚区)",
        "ポーラ前(横浜市戸塚区)",
        "不動坂(横浜市戸塚区)",
        "ブリヂストン前",
        "元町(横浜市戸塚区)",
        "矢部町",
        "戸塚駅東口"
    ],
    "weekday": [
        "6:55",
        "7:19",
        "7:44",
        "8:06",
        "8:27",
        "8:47",
        "9:08",
        "9:27",
        "9:51",
        "10:39",
        "11:02",
        "11:27",
        "11:51",
        "12:15",
        "12:39",
        "13:03",
        "13:27",
        "13:51",
        "14:15",
        "14:39",
        "15:03",
        "15:51",
        "16:15",
        "16:39",
        "17:03",
        "17:27",
        "17:51",
        "18:15",
        "18:39",
        "19:03",
        "19:36",
        "20:08",
        "20:48",
        "21:08"
    ],
    "saturday": [
        "7:52",
        "8:27",
        "8:57",
        "9:29",
        "9:58",
        "10:29",
        "10:59",
        "11:29",
        "11:59",
        "12:29",
        "13:00",
        "13:29",
        "14:02",
        "14:32",
        "15:02",
        "15:32",
        "16:02",
        "16:32",
        "17:02",
        "17:32",
        "18:02",
        "18:34",
        "19:08",
        "19:43",
        "20:03",
        "20:53"
    ],
    "holiday": [
        "8:27",
        "8:57",
        "9:29",
        "9:58",
        "10:29",
        "10:59",
        "11:29",
        "11:59",
        "12:29",
        "13:00",
        "13:29",
        "14:02",
        "14:32",
        "15:02",
        "15:32",
        "16:02",
        "16:32",
        "17:02",
        "17:32",
        "18:02",
        "18:34",
        "19:08",
        "19:43",
        "20:03",
        "20:53"
    ],
    "url": "https://www.kanachu.co.jp/dia/diagram/timetable01_js/course:0000800040-1/node:00025535/kt:0/lname:/"
}
