{
    "date": "2025/08/30",
    "name": "吉野町駅前",
    "position": "-",
    "system": "横43",
    "destinations": [
        "前里町",
        "南太田駅前",
        "Y校前",
        "南センター(横浜市南区)",
        "井土ヶ谷",
        "住宅前(横浜市南区)",
        "南永田",
        "弘明寺口",
        "六ツ川町",
        "上六ツ川",
        "大池(横浜市南区)",
        "引越坂",
        "六ツ川四丁目",
        "山谷(横浜市戸塚区)",
        "坂下口",
        "国道平戸",
        "品濃口",
        "赤関橋",
        "柏尾(横浜市戸塚区)",
        "ポーラ前(横浜市戸塚区)",
        "不動坂(横浜市戸塚区)",
        "ブリヂストン前",
        "元町(横浜市戸塚区)",
        "矢部町",
        "戸塚駅東口"
    ],
    "weekday": [
        "7:22",
        "7:46",
        "8:11",
        "8:33",
        "8:54",
        "9:14",
        "9:35",
        "9:54",
        "10:18",
        "11:06",
        "11:29",
        "11:54",
        "12:18",
        "12:42",
        "13:06",
        "13:30",
        "13:54",
        "14:18",
        "14:42",
        "15:06",
        "15:30",
        "16:18",
        "16:42",
        "17:06",
        "17:30",
        "17:54",
        "18:18",
        "18:42",
        "19:06",
        "19:28",
        "20:01",
        "20:33",
        "21:13",
        "21:33"
    ],
    "saturday": [
        "8:19",
        "8:54",
        "9:24",
        "9:56",
        "10:25",
        "10:56",
        "11:26",
        "11:56",
        "12:26",
        "12:56",
        "13:27",
        "13:56",
        "14:29",
        "14:59",
        "15:29",
        "15:59",
        "16:29",
        "16:59",
        "17:29",
        "17:59",
        "18:29",
        "19:01",
        "19:33",
        "20:08",
        "20:28",
        "21:18"
    ],
    "holiday": [
        "8:54",
        "9:24",
        "9:56",
        "10:25",
        "10:56",
        "11:26",
        "11:56",
        "12:26",
        "12:56",
        "13:27",
        "13:56",
        "14:29",
        "14:59",
        "15:29",
        "15:59",
        "16:29",
        "16:59",
        "17:29",
        "17:59",
        "18:29",
        "19:01",
        "19:33",
        "20:08",
        "20:28",
        "21:18"
    ],
    "url": "https://www.kanachu.co.jp/dia/diagram/timetable01_js/course:0000800040-16/node:00103231/kt:0/lname:/"
}
