{
    "date": "2025/08/30",
    "name": "Y校前",
    "position": "-",
    "system": "横43",
    "destinations": [
        "南センター(横浜市南区)",
        "井土ヶ谷",
        "住宅前(横浜市南区)",
        "南永田",
        "弘明寺口",
        "六ツ川町",
        "上六ツ川",
        "大池(横浜市南区)",
        "引越坂",
        "六ツ川四丁目",
        "山谷(横浜市戸塚区)",
        "坂下口",
        "国道平戸",
        "品濃口",
        "赤関橋",
        "柏尾(横浜市戸塚区)",
        "ポーラ前(横浜市戸塚区)",
        "不動坂(横浜市戸塚区)",
        "ブリヂストン前",
        "元町(横浜市戸塚区)",
        "矢部町",
        "戸塚駅東口"
    ],
    "weekday": [
        "7:27",
        "7:51",
        "8:16",
        "8:38",
        "8:59",
        "9:19",
        "9:40",
        "9:59",
        "10:23",
        "11:11",
        "11:34",
        "11:59",
        "12:23",
        "12:47",
        "13:11",
        "13:35",
        "13:59",
        "14:23",
        "14:47",
        "15:11",
        "15:35",
        "16:24",
        "16:48",
        "17:12",
        "17:36",
        "18:00",
        "18:24",
        "18:48",
        "19:10",
        "19:32",
        "20:05",
        "20:37",
        "21:17",
        "21:37"
    ],
    "saturday": [
        "8:24",
        "8:59",
        "9:29",
        "10:01",
        "10:30",
        "11:01",
        "11:31",
        "12:01",
        "12:31",
        "13:01",
        "13:32",
        "14:01",
        "14:34",
        "15:05",
        "15:35",
        "16:05",
        "16:35",
        "17:05",
        "17:35",
        "18:05",
        "18:35",
        "19:05",
        "19:37",
        "20:12",
        "20:32",
        "21:22"
    ],
    "holiday": [
        "8:59",
        "9:29",
        "10:01",
        "10:30",
        "11:01",
        "11:31",
        "12:01",
        "12:31",
        "13:01",
        "13:32",
        "14:01",
        "14:34",
        "15:05",
        "15:35",
        "16:05",
        "16:35",
        "17:05",
        "17:35",
        "18:05",
        "18:35",
        "19:05",
        "19:37",
        "20:12",
        "20:32",
        "21:22"
    ],
    "url": "https://www.kanachu.co.jp/dia/diagram/timetable01_js/course:0000800040-19/node:00126632/kt:0/lname:/"
}
