{
    "date": "2025/08/30",
    "name": "柏尾(横浜市戸塚区)",
    "position": "-",
    "system": "横43",
    "destinations": [
        "ポーラ前(横浜市戸塚区)",
        "不動坂(横浜市戸塚区)",
        "ブリヂストン前",
        "元町(横浜市戸塚区)",
        "矢部町",
        "戸塚駅東口"
    ],
    "weekday": [
        "7:55",
        "8:19",
        "8:44",
        "9:06",
        "9:27",
        "9:47",
        "10:08",
        "10:27",
        "10:51",
        "11:39",
        "12:02",
        "12:27",
        "12:51",
        "13:15",
        "13:39",
        "14:03",
        "14:27",
        "14:51",
        "15:15",
        "15:39",
        "16:03",
        "16:53",
        "17:17",
        "17:41",
        "18:05",
        "18:29",
        "18:53",
        "19:15",
        "19:36",
        "19:58",
        "20:31",
        "21:03",
        "21:43",
        "22:03"
    ],
    "saturday": [
        "8:52",
        "9:27",
        "9:57",
        "10:29",
        "10:58",
        "11:29",
        "11:59",
        "12:29",
        "12:59",
        "13:29",
        "14:00",
        "14:29",
        "15:02",
        "15:34",
        "16:04",
        "16:34",
        "17:04",
        "17:34",
        "18:04",
        "18:34",
        "19:04",
        "19:31",
        "20:03",
        "20:38",
        "20:58",
        "21:48"
    ],
    "holiday": [
        "9:27",
        "9:57",
        "10:29",
        "10:58",
        "11:29",
        "11:59",
        "12:29",
        "12:59",
        "13:29",
        "14:00",
        "14:29",
        "15:02",
        "15:34",
        "16:04",
        "16:34",
        "17:04",
        "17:34",
        "18:04",
        "18:34",
        "19:04",
        "19:31",
        "20:03",
        "20:38",
        "20:58",
        "21:48"
    ],
    "url": "https://www.kanachu.co.jp/dia/diagram/timetable01_js/course:0000800040-35/node:00126615/kt:0/lname:/"
}
