{
    "date": "2024/11/16",
    "name": "藤沢市民病院",
    "position": "-",
    "system": "藤45",
    "destinations": [
        "白旗交差点",
        "台町(藤沢市)",
        "伊勢山入口",
        "修道院下",
        "修道院前",
        "関東航空前",
        "石原谷",
        "荏原工業団地"
    ],
    "weekday": [
        "12:10",
        "13:30",
        "14:10",
        "15:30"
    ],
    "saturday": [],
    "holiday": [],
    "url": "https://www.kanachu.co.jp/dia/diagram/timetable01_js/course:0000801707-6/node:00127108/kt:0/lname:/"
}
