{
    "date": "2024/11/16",
    "name": "台町(藤沢市)",
    "position": "-",
    "system": "藤45",
    "destinations": [
        "伊勢山入口",
        "修道院下",
        "修道院前",
        "関東航空前",
        "石原谷",
        "荏原工業団地"
    ],
    "weekday": [
        "12:14",
        "13:34",
        "14:14",
        "15:34"
    ],
    "saturday": [],
    "holiday": [],
    "url": "https://www.kanachu.co.jp/dia/diagram/timetable01_js/course:0000801707-8/node:00127049/kt:0/lname:/"
}
