{
    "date": "2025/07/12",
    "name": "明治中学校前",
    "position": "-",
    "system": "藤09",
    "destinations": [
        "羽鳥郵便局前",
        "神台公園前",
        "辻堂駅北口"
    ],
    "weekday": [
        "7:32",
        "15:52",
        "17:56",
        "19:52"
    ],
    "saturday": [
        "7:32",
        "9:26",
        "11:27",
        "13:27",
        "15:28",
        "17:28",
        "19:27"
    ],
    "holiday": [
        "7:32",
        "9:26",
        "11:27",
        "13:27",
        "15:28",
        "17:28",
        "19:27"
    ],
    "url": "https://www.kanachu.co.jp/dia/diagram/timetable01_js/course:0000800334-16/node:00127085/kt:0/lname:/"
}
