{
    "date": "2025/07/27",
    "name": "蓑毛",
    "position": "-",
    "system": "秦20",
    "destinations": [
        "蓑毛中",
        "青年橋",
        "鳥居前(秦野市)",
        "小蓑毛",
        "才戸入口",
        "久保(秦野市)",
        "中丸橋(秦野市)",
        "東中学校前(秦野市)",
        "藤棚(秦野市)",
        "上原入口",
        "上原台",
        "名古木",
        "落合入口",
        "末広小学校前",
        "下宿(秦野市)",
        "仲宿(秦野市)",
        "上宿通り",
        "大川橋(秦野市)",
        "まほろば大橋",
        "秦野駅"
    ],
    "weekday": [
        "6:10",
        "6:40",
        "7:00",
        "7:20",
        "7:40",
        "8:10",
        "8:40",
        "9:58",
        "10:58",
        "11:48",
        "12:48",
        "13:48",
        "14:48",
        "15:48",
        "16:18",
        "16:48",
        "17:18",
        "17:48",
        "18:18",
        "18:48",
        "19:18",
        "19:48",
        "20:28"
    ],
    "saturday": [
        "6:53",
        "7:28",
        "7:53",
        "8:28",
        "9:58",
        "10:58",
        "11:58",
        "12:58",
        "13:58",
        "14:33",
        "15:33",
        "16:33",
        "17:03",
        "18:03",
        "19:03",
        "20:03",
        "21:03"
    ],
    "holiday": [
        "6:53",
        "7:28",
        "7:53",
        "8:28",
        "9:58",
        "10:58",
        "11:58",
        "12:58",
        "13:58",
        "14:33",
        "15:33",
        "16:33",
        "17:03",
        "18:03",
        "19:03",
        "20:03",
        "21:03"
    ],
    "url": "https://www.kanachu.co.jp/dia/diagram/timetable01_js/course:0000803377-1/node:00127851/kt:0/lname:/"
}
