{
    "date": "2025/07/27",
    "name": "才戸入口",
    "position": "-",
    "system": "秦20",
    "destinations": [
        "久保(秦野市)",
        "中丸橋(秦野市)",
        "東中学校前(秦野市)",
        "藤棚(秦野市)",
        "上原入口",
        "上原台",
        "名古木",
        "落合入口",
        "末広小学校前",
        "下宿(秦野市)",
        "仲宿(秦野市)",
        "上宿通り",
        "大川橋(秦野市)",
        "まほろば大橋",
        "秦野駅"
    ],
    "weekday": [
        "6:12",
        "6:42",
        "7:02",
        "7:22",
        "7:42",
        "8:12",
        "8:42",
        "10:00",
        "11:00",
        "11:50",
        "12:50",
        "13:50",
        "14:50",
        "15:50",
        "16:20",
        "16:50",
        "17:20",
        "17:50",
        "18:20",
        "18:50",
        "19:20",
        "19:50",
        "20:30"
    ],
    "saturday": [
        "6:55",
        "7:30",
        "7:55",
        "8:30",
        "10:00",
        "11:00",
        "12:00",
        "13:00",
        "14:00",
        "14:35",
        "15:35",
        "16:35",
        "17:05",
        "18:05",
        "19:05",
        "20:05",
        "21:05"
    ],
    "holiday": [
        "6:55",
        "7:30",
        "7:55",
        "8:30",
        "10:00",
        "11:00",
        "12:00",
        "13:00",
        "14:00",
        "14:35",
        "15:35",
        "16:35",
        "17:05",
        "18:05",
        "19:05",
        "20:05",
        "21:05"
    ],
    "url": "https://www.kanachu.co.jp/dia/diagram/timetable01_js/course:0000803377-6/node:00127846/kt:0/lname:/"
}
