{
    "date": "2025/07/27",
    "name": "中丸橋(秦野市)",
    "position": "-",
    "system": "秦20",
    "destinations": [
        "東中学校前(秦野市)",
        "藤棚(秦野市)",
        "上原入口",
        "上原台",
        "名古木",
        "落合入口",
        "末広小学校前",
        "下宿(秦野市)",
        "仲宿(秦野市)",
        "上宿通り",
        "大川橋(秦野市)",
        "まほろば大橋",
        "秦野駅"
    ],
    "weekday": [
        "6:14",
        "6:44",
        "7:04",
        "7:24",
        "7:44",
        "8:14",
        "8:44",
        "10:02",
        "11:02",
        "11:52",
        "12:52",
        "13:52",
        "14:52",
        "15:52",
        "16:22",
        "16:52",
        "17:22",
        "17:52",
        "18:22",
        "18:52",
        "19:22",
        "19:52",
        "20:32"
    ],
    "saturday": [
        "6:57",
        "7:32",
        "7:57",
        "8:32",
        "10:02",
        "11:02",
        "12:02",
        "13:02",
        "14:02",
        "14:37",
        "15:37",
        "16:37",
        "17:07",
        "18:07",
        "19:07",
        "20:07",
        "21:07"
    ],
    "holiday": [
        "6:57",
        "7:32",
        "7:57",
        "8:32",
        "10:02",
        "11:02",
        "12:02",
        "13:02",
        "14:02",
        "14:37",
        "15:37",
        "16:37",
        "17:07",
        "18:07",
        "19:07",
        "20:07",
        "21:07"
    ],
    "url": "https://www.kanachu.co.jp/dia/diagram/timetable01_js/course:0000803377-8/node:00127844/kt:0/lname:/"
}
