{
    "date": "2025/07/27",
    "name": "上原台",
    "position": "-",
    "system": "秦20",
    "destinations": [
        "名古木",
        "落合入口",
        "末広小学校前",
        "下宿(秦野市)",
        "仲宿(秦野市)",
        "上宿通り",
        "大川橋(秦野市)",
        "まほろば大橋",
        "秦野駅"
    ],
    "weekday": [
        "6:16",
        "6:46",
        "7:06",
        "7:26",
        "7:46",
        "8:16",
        "8:46",
        "10:04",
        "11:04",
        "11:54",
        "12:54",
        "13:54",
        "14:54",
        "15:54",
        "16:24",
        "16:54",
        "17:24",
        "17:54",
        "18:24",
        "18:54",
        "19:24",
        "19:54",
        "20:34"
    ],
    "saturday": [
        "6:59",
        "7:34",
        "7:59",
        "8:34",
        "10:04",
        "11:04",
        "12:04",
        "13:04",
        "14:04",
        "14:39",
        "15:39",
        "16:39",
        "17:09",
        "18:09",
        "19:09",
        "20:09",
        "21:09"
    ],
    "holiday": [
        "6:59",
        "7:34",
        "7:59",
        "8:34",
        "10:04",
        "11:04",
        "12:04",
        "13:04",
        "14:04",
        "14:39",
        "15:39",
        "16:39",
        "17:09",
        "18:09",
        "19:09",
        "20:09",
        "21:09"
    ],
    "url": "https://www.kanachu.co.jp/dia/diagram/timetable01_js/course:0000803377-12/node:00127840/kt:0/lname:/"
}
