{
    "date": "2025/07/27",
    "name": "名古木",
    "position": "-",
    "system": "秦20",
    "destinations": [
        "落合入口",
        "末広小学校前",
        "下宿(秦野市)",
        "仲宿(秦野市)",
        "上宿通り",
        "大川橋(秦野市)",
        "まほろば大橋",
        "秦野駅"
    ],
    "weekday": [
        "6:17",
        "6:47",
        "7:07",
        "7:27",
        "7:47",
        "8:17",
        "8:47",
        "10:05",
        "11:05",
        "11:55",
        "12:55",
        "13:55",
        "14:55",
        "15:55",
        "16:25",
        "16:55",
        "17:25",
        "17:55",
        "18:25",
        "18:55",
        "19:25",
        "19:55",
        "20:35"
    ],
    "saturday": [
        "7:00",
        "7:35",
        "8:00",
        "8:35",
        "10:05",
        "11:05",
        "12:05",
        "13:05",
        "14:05",
        "14:40",
        "15:40",
        "16:40",
        "17:10",
        "18:10",
        "19:10",
        "20:10",
        "21:10"
    ],
    "holiday": [
        "7:00",
        "7:35",
        "8:00",
        "8:35",
        "10:05",
        "11:05",
        "12:05",
        "13:05",
        "14:05",
        "14:40",
        "15:40",
        "16:40",
        "17:10",
        "18:10",
        "19:10",
        "20:10",
        "21:10"
    ],
    "url": "https://www.kanachu.co.jp/dia/diagram/timetable01_js/course:0000803377-13/node:00127839/kt:0/lname:/"
}
