{
    "date": "2026/01/16",
    "name": "森の上",
    "position": "-",
    "system": "橋09",
    "destinations": [
        "東原宿",
        "原宿(相模原市緑区)",
        "城山総合事務所入口",
        "久保沢",
        "谷ヶ原",
        "都井沢",
        "城山高校前",
        "城山(相模原市緑区)",
        "三本松(相模原市緑区)",
        "中沢(相模原市緑区)",
        "上中沢",
        "峯の薬師入口",
        "三井(相模原市緑区)",
        "三井地域センター前",
        "三井南",
        "久保入口(相模原市緑区)",
        "小網",
        "太井",
        "日赤病院前(相模原市緑区)",
        "中野小学校前(相模原市緑区)",
        "津久井合同庁舎前",
        "川坂(相模原市緑区)",
        "新境橋",
        "尾崎記念館",
        "又野八幡神社前",
        "又野城山",
        "野尻(相模原市緑区)",
        "原替戸東",
        "原替戸",
        "変電所前(相模原市緑区)",
        "二本木(相模原市緑区)",
        "桜木(相模原市緑区)",
        "三ヶ木"
    ],
    "weekday": [
        "7:12",
        "7:50",
        "9:24",
        "9:59",
        "12:54",
        "13:29",
        "16:06",
        "17:03",
        "18:32",
        "19:19",
        "21:40"
    ],
    "saturday": [
        "7:12",
        "7:50",
        "9:24",
        "9:59",
        "12:56",
        "13:31",
        "16:06",
        "17:04",
        "18:31",
        "19:16",
        "21:41"
    ],
    "holiday": [
        "7:12",
        "7:50",
        "9:24",
        "9:59",
        "12:56",
        "13:31",
        "16:06",
        "17:04",
        "18:31",
        "19:16",
        "21:41"
    ],
    "url": "https://www.kanachu.co.jp/dia/diagram/timetable01_js/course:0000804099-10/node:00128963/kt:0/lname:/"
}
