{
    "date": "2026/01/16",
    "name": "城山総合事務所入口",
    "position": "-",
    "system": "橋09",
    "destinations": [
        "久保沢",
        "谷ヶ原",
        "都井沢",
        "城山高校前",
        "城山(相模原市緑区)",
        "三本松(相模原市緑区)",
        "中沢(相模原市緑区)",
        "上中沢",
        "峯の薬師入口",
        "三井(相模原市緑区)",
        "三井地域センター前",
        "三井南",
        "久保入口(相模原市緑区)",
        "小網",
        "太井",
        "日赤病院前(相模原市緑区)",
        "中野小学校前(相模原市緑区)",
        "津久井合同庁舎前",
        "川坂(相模原市緑区)",
        "新境橋",
        "尾崎記念館",
        "又野八幡神社前",
        "又野城山",
        "野尻(相模原市緑区)",
        "原替戸東",
        "原替戸",
        "変電所前(相模原市緑区)",
        "二本木(相模原市緑区)",
        "桜木(相模原市緑区)",
        "三ヶ木"
    ],
    "weekday": [
        "7:15",
        "7:53",
        "9:27",
        "10:02",
        "12:57",
        "13:32",
        "16:09",
        "17:06",
        "18:35",
        "19:22",
        "21:43"
    ],
    "saturday": [
        "7:15",
        "7:53",
        "9:27",
        "10:02",
        "12:59",
        "13:34",
        "16:09",
        "17:07",
        "18:34",
        "19:19",
        "21:44"
    ],
    "holiday": [
        "7:15",
        "7:53",
        "9:27",
        "10:02",
        "12:59",
        "13:34",
        "16:09",
        "17:07",
        "18:34",
        "19:19",
        "21:44"
    ],
    "url": "https://www.kanachu.co.jp/dia/diagram/timetable01_js/course:0000804099-13/node:00128960/kt:0/lname:/"
}
