{
    "date": "2026/01/16",
    "name": "城山高校前",
    "position": "-",
    "system": "橋09",
    "destinations": [
        "城山(相模原市緑区)",
        "三本松(相模原市緑区)",
        "中沢(相模原市緑区)",
        "上中沢",
        "峯の薬師入口",
        "三井(相模原市緑区)",
        "三井地域センター前",
        "三井南",
        "久保入口(相模原市緑区)",
        "小網",
        "太井",
        "日赤病院前(相模原市緑区)",
        "中野小学校前(相模原市緑区)",
        "津久井合同庁舎前",
        "川坂(相模原市緑区)",
        "新境橋",
        "尾崎記念館",
        "又野八幡神社前",
        "又野城山",
        "野尻(相模原市緑区)",
        "原替戸東",
        "原替戸",
        "変電所前(相模原市緑区)",
        "二本木(相模原市緑区)",
        "桜木(相模原市緑区)",
        "三ヶ木"
    ],
    "weekday": [
        "7:21",
        "7:59",
        "9:33",
        "10:08",
        "13:03",
        "13:38",
        "16:15",
        "17:13",
        "18:42",
        "19:29",
        "21:48"
    ],
    "saturday": [
        "7:20",
        "7:58",
        "9:32",
        "10:07",
        "13:05",
        "13:40",
        "16:15",
        "17:13",
        "18:39",
        "19:24",
        "21:49"
    ],
    "holiday": [
        "7:20",
        "7:58",
        "9:32",
        "10:07",
        "13:05",
        "13:40",
        "16:15",
        "17:13",
        "18:39",
        "19:24",
        "21:49"
    ],
    "url": "https://www.kanachu.co.jp/dia/diagram/timetable01_js/course:0000804099-17/node:00128956/kt:0/lname:/"
}
