{
    "date": "2026/01/16",
    "name": "三井南",
    "position": "-",
    "system": "橋09",
    "destinations": [
        "久保入口(相模原市緑区)",
        "小網",
        "太井",
        "日赤病院前(相模原市緑区)",
        "中野小学校前(相模原市緑区)",
        "津久井合同庁舎前",
        "川坂(相模原市緑区)",
        "新境橋",
        "尾崎記念館",
        "又野八幡神社前",
        "又野城山",
        "野尻(相模原市緑区)",
        "原替戸東",
        "原替戸",
        "変電所前(相模原市緑区)",
        "二本木(相模原市緑区)",
        "桜木(相模原市緑区)",
        "三ヶ木"
    ],
    "weekday": [
        "7:36",
        "8:14",
        "9:43",
        "10:18",
        "13:13",
        "13:48",
        "16:25",
        "17:23",
        "18:52",
        "19:39",
        "21:58"
    ],
    "saturday": [
        "7:31",
        "8:09",
        "9:43",
        "10:18",
        "13:15",
        "13:50",
        "16:25",
        "17:23",
        "18:50",
        "19:35",
        "21:59"
    ],
    "holiday": [
        "7:31",
        "8:09",
        "9:43",
        "10:18",
        "13:15",
        "13:50",
        "16:25",
        "17:23",
        "18:50",
        "19:35",
        "21:59"
    ],
    "url": "https://www.kanachu.co.jp/dia/diagram/timetable01_js/course:0000804099-25/node:00128866/kt:0/lname:/"
}
