{
    "date": "2026/01/16",
    "name": "原替戸",
    "position": "-",
    "system": "橋09",
    "destinations": [
        "変電所前(相模原市緑区)",
        "二本木(相模原市緑区)",
        "桜木(相模原市緑区)",
        "三ヶ木"
    ],
    "weekday": [
        "7:51",
        "8:29",
        "9:58",
        "10:33",
        "13:28",
        "14:03",
        "16:40",
        "17:38",
        "19:07",
        "19:53",
        "22:12"
    ],
    "saturday": [
        "7:46",
        "8:24",
        "9:58",
        "10:33",
        "13:30",
        "14:05",
        "16:40",
        "17:38",
        "19:05",
        "19:50",
        "22:13"
    ],
    "holiday": [
        "7:46",
        "8:24",
        "9:58",
        "10:33",
        "13:30",
        "14:05",
        "16:40",
        "17:38",
        "19:05",
        "19:50",
        "22:13"
    ],
    "url": "https://www.kanachu.co.jp/dia/diagram/timetable01_js/course:0000804099-39/node:00129033/kt:0/lname:/"
}
