{
    "date": "2025/07/12",
    "name": "藤沢SST前",
    "position": "-",
    "system": "藤04",
    "destinations": [
        "長久保(藤沢市)",
        "鵠沼小学校前",
        "日本精工前",
        "相生町(藤沢市)",
        "三富士町",
        "藤沢駅北口"
    ],
    "weekday": [
        "6:22",
        "6:32",
        "6:42",
        "6:52",
        "7:04",
        "7:16",
        "7:28",
        "7:52",
        "8:12",
        "8:32",
        "8:47",
        "9:02",
        "9:19",
        "9:37",
        "9:57",
        "10:17",
        "10:37",
        "10:57",
        "11:17",
        "11:37",
        "11:57",
        "12:17",
        "12:37",
        "12:57",
        "13:17",
        "13:37",
        "13:57",
        "14:17",
        "14:37",
        "14:57",
        "15:17",
        "15:37",
        "15:57",
        "16:17",
        "16:37",
        "16:52",
        "17:09",
        "17:22",
        "17:37",
        "17:52",
        "18:10",
        "18:25",
        "18:37",
        "18:52",
        "19:09",
        "19:21",
        "19:36",
        "19:51",
        "20:09",
        "20:24",
        "20:36",
        "20:51",
        "21:06",
        "21:36",
        "21:56",
        "22:16"
    ],
    "saturday": [
        "6:32",
        "7:02",
        "7:17",
        "7:37",
        "7:57",
        "8:17",
        "8:37",
        "8:57",
        "9:17",
        "9:37",
        "9:57",
        "10:17",
        "10:37",
        "10:57",
        "11:17",
        "11:37",
        "11:57",
        "12:17",
        "12:37",
        "12:57",
        "13:17",
        "13:37",
        "13:57",
        "14:17",
        "14:37",
        "14:57",
        "15:17",
        "15:37",
        "15:57",
        "16:17",
        "16:37",
        "16:57",
        "17:17",
        "17:37",
        "17:57",
        "18:17",
        "18:37",
        "18:57",
        "19:16",
        "19:36",
        "19:56",
        "20:16",
        "20:56",
        "21:36"
    ],
    "holiday": [
        "6:32",
        "7:02",
        "7:17",
        "7:37",
        "7:57",
        "8:17",
        "8:37",
        "8:57",
        "9:17",
        "9:37",
        "9:57",
        "10:17",
        "10:37",
        "10:57",
        "11:17",
        "11:37",
        "11:57",
        "12:17",
        "12:37",
        "12:57",
        "13:17",
        "13:37",
        "13:57",
        "14:17",
        "14:37",
        "14:57",
        "15:17",
        "15:37",
        "15:57",
        "16:17",
        "16:37",
        "16:57",
        "17:17",
        "17:37",
        "17:57",
        "18:17",
        "18:37",
        "18:57",
        "19:16",
        "19:36",
        "19:56",
        "20:16",
        "20:56",
        "21:36"
    ],
    "url": "https://www.kanachu.co.jp/dia/diagram/timetable01_js/course:0000800607-9/node:00127091/kt:0/lname:/"
}
