{
    "date": "2025/11/16",
    "name": "田村車庫",
    "position": "-",
    "system": "厚55",
    "destinations": [
        "神田小学校前(平塚市)",
        "相模神田",
        "農協神田支所前",
        "柳の内",
        "寄木神社前",
        "真芳寺",
        "大神(平塚市)",
        "下戸田(厚木市)",
        "中戸田",
        "戸田(厚木市)",
        "相川中学校前",
        "愛坪",
        "下酒井",
        "酒井(厚木市)",
        "リバーサイド前(厚木市)",
        "下岡田(厚木市)",
        "岡田(厚木市)",
        "岡田一本杉",
        "富士見町(厚木市)",
        "下宿(厚木市)",
        "旭町(厚木市)",
        "本厚木駅南口"
    ],
    "weekday": [
        "5:24",
        "5:39",
        "5:54",
        "6:08",
        "6:19",
        "6:24",
        "6:34",
        "6:39",
        "6:49",
        "6:59",
        "7:14",
        "7:19",
        "7:26",
        "7:39",
        "7:49",
        "8:07",
        "16:55",
        "17:08",
        "17:22",
        "17:32",
        "17:42",
        "17:52",
        "18:02"
    ],
    "saturday": [
        "5:39",
        "6:04",
        "6:17",
        "6:27",
        "6:47",
        "7:22",
        "7:37",
        "17:13",
        "17:33"
    ],
    "holiday": [
        "5:39",
        "6:04",
        "6:17",
        "7:09"
    ],
    "url": "https://www.kanachu.co.jp/dia/diagram/timetable01_js/course:0000802441-1/node:00114295/kt:0/lname:/"
}
