{
    "date": "2025/11/16",
    "name": "相模神田",
    "position": "-",
    "system": "厚55",
    "destinations": [
        "農協神田支所前",
        "柳の内",
        "寄木神社前",
        "真芳寺",
        "大神(平塚市)",
        "下戸田(厚木市)",
        "中戸田",
        "戸田(厚木市)",
        "相川中学校前",
        "愛坪",
        "下酒井",
        "酒井(厚木市)",
        "リバーサイド前(厚木市)",
        "下岡田(厚木市)",
        "岡田(厚木市)",
        "岡田一本杉",
        "富士見町(厚木市)",
        "下宿(厚木市)",
        "旭町(厚木市)",
        "本厚木駅南口"
    ],
    "weekday": [
        "5:26",
        "5:41",
        "5:56",
        "6:10",
        "6:21",
        "6:26",
        "6:36",
        "6:41",
        "6:51",
        "7:01",
        "7:16",
        "7:21",
        "7:28",
        "7:41",
        "7:51",
        "8:09",
        "16:57",
        "17:10",
        "17:24",
        "17:34",
        "17:44",
        "17:54",
        "18:04"
    ],
    "saturday": [
        "5:41",
        "6:06",
        "6:19",
        "6:29",
        "6:49",
        "7:24",
        "7:39",
        "17:15",
        "17:35"
    ],
    "holiday": [
        "5:41",
        "6:06",
        "6:19",
        "7:11"
    ],
    "url": "https://www.kanachu.co.jp/dia/diagram/timetable01_js/course:0000802441-3/node:00127663/kt:0/lname:/"
}
