{
    "date": "2025/11/16",
    "name": "寄木神社前",
    "position": "-",
    "system": "厚55",
    "destinations": [
        "真芳寺",
        "大神(平塚市)",
        "下戸田(厚木市)",
        "中戸田",
        "戸田(厚木市)",
        "相川中学校前",
        "愛坪",
        "下酒井",
        "酒井(厚木市)",
        "リバーサイド前(厚木市)",
        "下岡田(厚木市)",
        "岡田(厚木市)",
        "岡田一本杉",
        "富士見町(厚木市)",
        "下宿(厚木市)",
        "旭町(厚木市)",
        "本厚木駅南口"
    ],
    "weekday": [
        "5:30",
        "5:45",
        "6:00",
        "6:14",
        "6:25",
        "6:30",
        "6:40",
        "6:45",
        "6:55",
        "7:05",
        "7:20",
        "7:25",
        "7:32",
        "7:45",
        "7:55",
        "8:13",
        "17:01",
        "17:14",
        "17:28",
        "17:38",
        "17:48",
        "17:58",
        "18:08"
    ],
    "saturday": [
        "5:45",
        "6:10",
        "6:23",
        "6:33",
        "6:53",
        "7:28",
        "7:43",
        "17:19",
        "17:39"
    ],
    "holiday": [
        "5:45",
        "6:10",
        "6:23",
        "7:15"
    ],
    "url": "https://www.kanachu.co.jp/dia/diagram/timetable01_js/course:0000802441-6/node:00127666/kt:0/lname:/"
}
