{
    "date": "2025/11/16",
    "name": "戸田(厚木市)",
    "position": "-",
    "system": "厚55",
    "destinations": [
        "相川中学校前",
        "愛坪",
        "下酒井",
        "酒井(厚木市)",
        "リバーサイド前(厚木市)",
        "下岡田(厚木市)",
        "岡田(厚木市)",
        "岡田一本杉",
        "富士見町(厚木市)",
        "下宿(厚木市)",
        "旭町(厚木市)",
        "本厚木駅南口"
    ],
    "weekday": [
        "5:35",
        "5:50",
        "6:05",
        "6:19",
        "6:30",
        "6:35",
        "6:45",
        "6:50",
        "7:00",
        "7:10",
        "7:25",
        "7:30",
        "7:37",
        "7:50",
        "8:00",
        "8:18",
        "17:06",
        "17:19",
        "17:33",
        "17:43",
        "17:53",
        "18:03",
        "18:13"
    ],
    "saturday": [
        "5:50",
        "6:15",
        "6:28",
        "6:38",
        "6:58",
        "7:33",
        "7:48",
        "17:24",
        "17:44"
    ],
    "holiday": [
        "5:50",
        "6:15",
        "6:28",
        "7:20"
    ],
    "url": "https://www.kanachu.co.jp/dia/diagram/timetable01_js/course:0000802441-11/node:00128628/kt:0/lname:/"
}
