{
    "date": "2025/11/16",
    "name": "愛坪",
    "position": "-",
    "system": "厚55",
    "destinations": [
        "下酒井",
        "酒井(厚木市)",
        "リバーサイド前(厚木市)",
        "下岡田(厚木市)",
        "岡田(厚木市)",
        "岡田一本杉",
        "富士見町(厚木市)",
        "下宿(厚木市)",
        "旭町(厚木市)",
        "本厚木駅南口"
    ],
    "weekday": [
        "5:38",
        "5:53",
        "6:08",
        "6:22",
        "6:33",
        "6:39",
        "6:49",
        "6:54",
        "7:04",
        "7:14",
        "7:29",
        "7:34",
        "7:41",
        "7:54",
        "8:04",
        "8:22",
        "17:10",
        "17:23",
        "17:37",
        "17:47",
        "17:57",
        "18:07",
        "18:17"
    ],
    "saturday": [
        "5:53",
        "6:18",
        "6:31",
        "6:41",
        "7:01",
        "7:36",
        "7:51",
        "17:28",
        "17:48"
    ],
    "holiday": [
        "5:53",
        "6:18",
        "6:31",
        "7:23"
    ],
    "url": "https://www.kanachu.co.jp/dia/diagram/timetable01_js/course:0000802441-13/node:00128639/kt:0/lname:/"
}
