{
    "date": "2025/11/16",
    "name": "酒井(厚木市)",
    "position": "-",
    "system": "厚55",
    "destinations": [
        "リバーサイド前(厚木市)",
        "下岡田(厚木市)",
        "岡田(厚木市)",
        "岡田一本杉",
        "富士見町(厚木市)",
        "下宿(厚木市)",
        "旭町(厚木市)",
        "本厚木駅南口"
    ],
    "weekday": [
        "5:40",
        "5:55",
        "6:10",
        "6:24",
        "6:35",
        "6:41",
        "6:51",
        "6:56",
        "7:06",
        "7:16",
        "7:31",
        "7:36",
        "7:43",
        "7:56",
        "8:06",
        "8:24",
        "17:12",
        "17:25",
        "17:39",
        "17:49",
        "17:59",
        "18:09",
        "18:19"
    ],
    "saturday": [
        "5:55",
        "6:20",
        "6:33",
        "6:43",
        "7:03",
        "7:38",
        "7:53",
        "17:30",
        "17:50"
    ],
    "holiday": [
        "5:55",
        "6:20",
        "6:33",
        "7:25"
    ],
    "url": "https://www.kanachu.co.jp/dia/diagram/timetable01_js/course:0000802441-15/node:00128328/kt:0/lname:/"
}
