{
    "date": "2025/11/16",
    "name": "富士見町(厚木市)",
    "position": "-",
    "system": "厚55",
    "destinations": [
        "下宿(厚木市)",
        "旭町(厚木市)",
        "本厚木駅南口"
    ],
    "weekday": [
        "5:45",
        "6:00",
        "6:15",
        "6:29",
        "6:40",
        "6:46",
        "6:56",
        "7:01",
        "7:11",
        "7:21",
        "7:36",
        "7:41",
        "7:48",
        "8:01",
        "8:11",
        "8:29",
        "17:17",
        "17:30",
        "17:44",
        "17:54",
        "18:04",
        "18:14",
        "18:24"
    ],
    "saturday": [
        "6:00",
        "6:25",
        "6:38",
        "6:48",
        "7:08",
        "7:43",
        "7:58",
        "17:36",
        "17:56"
    ],
    "holiday": [
        "6:00",
        "6:25",
        "6:38",
        "7:30"
    ],
    "url": "https://www.kanachu.co.jp/dia/diagram/timetable01_js/course:0000802441-20/node:00128643/kt:0/lname:/"
}
