{
    "date": "2021/08/16",
    "name": "御所ヶ谷橋",
    "position": "-",
    "system": "藤10",
    "destinations": [
        "藤が岡中央",
        "藤が岡7号",
        "藤が岡8号",
        "藤が岡9号",
        "藤が岡10号",
        "藤が岡11号",
        "藤が岡12号",
        "藤が岡13号",
        "藤が岡14号",
        "藤が岡15号",
        "御所ヶ谷橋",
        "藤沢駅北口"
    ],
    "weekday": [
        "6:33",
        "6:59",
        "7:29",
        "7:59"
    ],
    "saturday": [],
    "holiday": [],
    "url": "https://www.kanachu.co.jp/dia/diagram/timetable01_js/course:0000802583-2/node:00127020/kt:0/lname:/"
}
