{
    "date": "2021/08/16",
    "name": "藤が岡8号",
    "position": "-",
    "system": "藤10",
    "destinations": [
        "藤が岡9号",
        "藤が岡10号",
        "藤が岡11号",
        "藤が岡12号",
        "藤が岡13号",
        "藤が岡14号",
        "藤が岡15号",
        "御所ヶ谷橋",
        "藤沢駅北口"
    ],
    "weekday": [
        "6:37",
        "7:03",
        "7:33",
        "8:03"
    ],
    "saturday": [],
    "holiday": [],
    "url": "https://www.kanachu.co.jp/dia/diagram/timetable01_js/course:0000802583-5/node:00127028/kt:0/lname:/"
}
