{
    "date": "2021/08/16",
    "name": "藤が岡11号",
    "position": "-",
    "system": "藤103",
    "destinations": [
        "藤が岡12号",
        "藤が岡13号",
        "藤が岡14号",
        "藤が岡15号",
        "御所ヶ谷橋",
        "藤沢駅北口"
    ],
    "weekday": [
        "6:41",
        "7:07",
        "7:37",
        "8:07"
    ],
    "saturday": [],
    "holiday": [],
    "url": "https://www.kanachu.co.jp/dia/diagram/timetable01_js/course:0000802583-8/node:00127031/kt:0/lname:/"
}
