{
    "date": "2024/05/20",
    "name": "片町(伊勢原市)",
    "position": "-",
    "system": "伊31",
    "destinations": [
        "共済会館入口",
        "りんどう寮前",
        "川上(伊勢原市)",
        "専修大学入口(伊勢原市)",
        "総合運動公園入口",
        "分れ道",
        "日向新田",
        "薬師入口",
        "はつみ坂",
        "日向川",
        "馬場リハビリ入口",
        "神奈川リハビリ",
        "馬場リハビリ入口",
        "七沢温泉入口",
        "七沢病院入口",
        "広沢寺温泉入口",
        "七沢"
    ],
    "weekday": [
        "7:03",
        "7:38"
    ],
    "saturday": [],
    "holiday": [],
    "url": "https://www.kanachu.co.jp/dia/diagram/timetable01_js/course:0000800634-5/node:00128144/kt:0/lname:/"
}
