{
    "date": "2024/05/20",
    "name": "りんどう寮前",
    "position": "-",
    "system": "伊31",
    "destinations": [
        "川上(伊勢原市)",
        "専修大学入口(伊勢原市)",
        "総合運動公園入口",
        "分れ道",
        "日向新田",
        "薬師入口",
        "はつみ坂",
        "日向川",
        "馬場リハビリ入口",
        "神奈川リハビリ",
        "馬場リハビリ入口",
        "七沢温泉入口",
        "七沢病院入口",
        "広沢寺温泉入口",
        "七沢"
    ],
    "weekday": [
        "7:05",
        "7:40"
    ],
    "saturday": [],
    "holiday": [],
    "url": "https://www.kanachu.co.jp/dia/diagram/timetable01_js/course:0000800634-7/node:00128173/kt:0/lname:/"
}
