{
    "date": "2024/05/20",
    "name": "馬場リハビリ入口",
    "position": "-",
    "system": "伊31",
    "destinations": [
        "神奈川リハビリ",
        "馬場リハビリ入口",
        "七沢温泉入口",
        "七沢病院入口",
        "広沢寺温泉入口",
        "七沢"
    ],
    "weekday": [
        "7:15",
        "7:51"
    ],
    "saturday": [],
    "holiday": [],
    "url": "https://www.kanachu.co.jp/dia/diagram/timetable01_js/course:0000800634-16/node:00128455/kt:0/lname:/"
}
