{
    "date": "2024/05/20",
    "name": "神奈川リハビリ",
    "position": "-",
    "system": "伊31",
    "destinations": [
        "馬場リハビリ入口",
        "七沢温泉入口",
        "七沢病院入口",
        "広沢寺温泉入口",
        "七沢"
    ],
    "weekday": [
        "7:17",
        "7:53"
    ],
    "saturday": [],
    "holiday": [],
    "url": "https://www.kanachu.co.jp/dia/diagram/timetable01_js/course:0000800634-17/node:00128456/kt:0/lname:/"
}
