{
    "date": "2025/10/20",
    "name": "すずかけ台駅",
    "position": "-",
    "system": "町85",
    "destinations": [
        "やなぎ公園前",
        "小川(町田市)",
        "南町谷原",
        "町谷原",
        "南農協前",
        "金森四丁目",
        "南中学校前(町田市)",
        "市営住宅入口(町田市)",
        "金森",
        "金森郵便局前",
        "南橋(町田市)",
        "三塚",
        "町田ターミナル前",
        "町田バスセンター"
    ],
    "weekday": [
        "6:03",
        "6:38",
        "7:08",
        "7:36",
        "8:03",
        "8:39",
        "9:03",
        "9:39",
        "10:03",
        "10:39",
        "11:03",
        "11:39",
        "12:03",
        "12:39",
        "13:03",
        "13:39",
        "14:03",
        "14:39",
        "15:03",
        "15:39",
        "16:03",
        "16:39",
        "17:03",
        "17:39",
        "18:03",
        "18:39",
        "19:06",
        "19:36",
        "20:23",
        "21:40"
    ],
    "saturday": [
        "6:38",
        "7:39",
        "8:03",
        "8:39",
        "9:03",
        "9:39",
        "10:03",
        "10:39",
        "11:03",
        "11:39",
        "12:02",
        "12:38",
        "13:02",
        "13:38",
        "14:02",
        "14:38",
        "15:02",
        "15:38",
        "16:02",
        "16:38",
        "17:02",
        "17:38",
        "18:02",
        "18:38",
        "19:05",
        "19:38",
        "20:08",
        "21:07"
    ],
    "holiday": [
        "7:18",
        "8:13",
        "9:11",
        "10:08",
        "11:11",
        "12:10",
        "13:10",
        "14:10",
        "15:10",
        "16:10",
        "17:10",
        "18:15",
        "19:15",
        "20:03",
        "21:07"
    ],
    "url": "https://www.kanachu.co.jp/dia/diagram/timetable01_js/course:0000803183-1/node:00129567/kt:0/lname:/"
}
