{
    "date": "2025/10/20",
    "name": "やなぎ公園前",
    "position": "-",
    "system": "町85",
    "destinations": [
        "小川(町田市)",
        "南町谷原",
        "町谷原",
        "南農協前",
        "金森四丁目",
        "南中学校前(町田市)",
        "市営住宅入口(町田市)",
        "金森",
        "金森郵便局前",
        "南橋(町田市)",
        "三塚",
        "町田ターミナル前",
        "町田バスセンター"
    ],
    "weekday": [
        "6:04",
        "6:39",
        "7:09",
        "7:37",
        "8:04",
        "8:40",
        "9:04",
        "9:40",
        "10:04",
        "10:40",
        "11:04",
        "11:40",
        "12:04",
        "12:40",
        "13:04",
        "13:40",
        "14:04",
        "14:40",
        "15:04",
        "15:40",
        "16:04",
        "16:40",
        "17:04",
        "17:40",
        "18:04",
        "18:40",
        "19:07",
        "19:37",
        "20:24",
        "21:41"
    ],
    "saturday": [
        "6:39",
        "7:40",
        "8:04",
        "8:40",
        "9:04",
        "9:40",
        "10:04",
        "10:40",
        "11:04",
        "11:40",
        "12:03",
        "12:39",
        "13:03",
        "13:39",
        "14:03",
        "14:39",
        "15:03",
        "15:39",
        "16:03",
        "16:39",
        "17:03",
        "17:39",
        "18:03",
        "18:39",
        "19:06",
        "19:39",
        "20:09",
        "21:08"
    ],
    "holiday": [
        "7:19",
        "8:14",
        "9:12",
        "10:09",
        "11:12",
        "12:11",
        "13:11",
        "14:11",
        "15:11",
        "16:11",
        "17:11",
        "18:16",
        "19:16",
        "20:04",
        "21:08"
    ],
    "url": "https://www.kanachu.co.jp/dia/diagram/timetable01_js/course:0000803183-2/node:00129566/kt:0/lname:/"
}
