{
    "date": "2025/04/01",
    "name": "清水入口(相模原市中央区)",
    "position": "-",
    "system": "橋57",
    "destinations": [
        "清水(相模原市中央区)",
        "古清水",
        "水場",
        "日々社前",
        "榎戸(相模原市緑区)",
        "大沢まちづくりセンター前",
        "上九沢",
        "六地蔵(相模原市緑区)",
        "上中の原団地",
        "石宮",
        "緑ヶ丘(相模原市緑区)",
        "旭中学校(相模原市緑区)",
        "橋本二丁目",
        "橋本駅南口"
    ],
    "weekday": [
        "7:14",
        "7:24",
        "7:44",
        "7:54",
        "8:09",
        "8:24",
        "8:44",
        "9:04",
        "9:29",
        "9:44",
        "10:04",
        "10:24",
        "10:44",
        "11:04",
        "11:24",
        "11:44",
        "12:04",
        "12:24",
        "12:44",
        "13:04",
        "13:24",
        "13:44",
        "14:04",
        "14:24",
        "14:44",
        "15:04",
        "15:24",
        "15:44",
        "16:04",
        "16:24",
        "16:44",
        "17:04",
        "17:24",
        "17:44",
        "18:04",
        "18:24",
        "18:44",
        "19:04",
        "19:14",
        "19:34",
        "19:54",
        "20:24",
        "21:04",
        "21:44"
    ],
    "saturday": [
        "7:09",
        "7:29",
        "7:49",
        "8:09",
        "8:29",
        "8:49",
        "9:09",
        "9:29",
        "9:49",
        "10:09",
        "10:29",
        "10:49",
        "11:09",
        "11:29",
        "11:49",
        "12:09",
        "12:29",
        "12:49",
        "13:09",
        "13:29",
        "13:49",
        "14:09",
        "14:29",
        "14:49",
        "15:09",
        "15:29",
        "15:49",
        "16:09",
        "16:29",
        "16:49",
        "17:09",
        "17:29",
        "17:49",
        "18:09",
        "18:29",
        "18:49",
        "19:09",
        "19:39",
        "20:09",
        "20:39"
    ],
    "holiday": [
        "7:09",
        "7:29",
        "7:49",
        "8:09",
        "8:29",
        "8:49",
        "9:09",
        "9:29",
        "9:49",
        "10:09",
        "10:29",
        "10:49",
        "11:09",
        "11:29",
        "11:49",
        "12:09",
        "12:29",
        "12:49",
        "13:09",
        "13:29",
        "13:49",
        "14:09",
        "14:29",
        "14:49",
        "15:09",
        "15:29",
        "15:49",
        "16:09",
        "16:29",
        "16:49",
        "17:09",
        "17:29",
        "17:49",
        "18:09",
        "18:29",
        "18:49",
        "19:09",
        "19:39",
        "20:09"
    ],
    "url": "https://www.kanachu.co.jp/dia/diagram/timetable01_js/course:0000803789-4/node:00129158/kt:0/lname:/"
}
