{
    "date": "2025/04/01",
    "name": "上中の原団地",
    "position": "-",
    "system": "橋57",
    "destinations": [
        "石宮",
        "緑ヶ丘(相模原市緑区)",
        "旭中学校(相模原市緑区)",
        "橋本二丁目",
        "橋本駅南口"
    ],
    "weekday": [
        "7:27",
        "7:37",
        "7:57",
        "8:07",
        "8:22",
        "8:37",
        "8:57",
        "9:16",
        "9:41",
        "9:56",
        "10:16",
        "10:36",
        "10:56",
        "11:16",
        "11:36",
        "11:56",
        "12:16",
        "12:36",
        "12:56",
        "13:16",
        "13:36",
        "13:56",
        "14:16",
        "14:36",
        "14:56",
        "15:16",
        "15:36",
        "15:56",
        "16:16",
        "16:36",
        "16:56",
        "17:16",
        "17:36",
        "17:56",
        "18:16",
        "18:36",
        "18:56",
        "19:16",
        "19:26",
        "19:46",
        "20:05",
        "20:34",
        "21:14",
        "21:54"
    ],
    "saturday": [
        "7:21",
        "7:41",
        "8:01",
        "8:21",
        "8:41",
        "9:01",
        "9:21",
        "9:41",
        "10:01",
        "10:21",
        "10:41",
        "11:01",
        "11:21",
        "11:41",
        "12:01",
        "12:21",
        "12:41",
        "13:01",
        "13:21",
        "13:41",
        "14:01",
        "14:21",
        "14:41",
        "15:01",
        "15:21",
        "15:41",
        "16:01",
        "16:21",
        "16:41",
        "17:01",
        "17:21",
        "17:41",
        "18:01",
        "18:21",
        "18:41",
        "19:01",
        "19:21",
        "19:51",
        "20:21",
        "20:51"
    ],
    "holiday": [
        "7:21",
        "7:41",
        "8:01",
        "8:21",
        "8:41",
        "9:01",
        "9:21",
        "9:41",
        "10:01",
        "10:21",
        "10:41",
        "11:01",
        "11:21",
        "11:41",
        "12:01",
        "12:21",
        "12:41",
        "13:01",
        "13:21",
        "13:41",
        "14:01",
        "14:21",
        "14:41",
        "15:01",
        "15:21",
        "15:41",
        "16:01",
        "16:21",
        "16:41",
        "17:01",
        "17:21",
        "17:41",
        "18:01",
        "18:21",
        "18:41",
        "19:01",
        "19:21",
        "19:51",
        "20:21"
    ],
    "url": "https://www.kanachu.co.jp/dia/diagram/timetable01_js/course:0000803789-13/node:00129115/kt:0/lname:/"
}
