{
    "date": "2020/07/13",
    "name": "立野緑地入口",
    "position": "-",
    "system": "秦96",
    "destinations": [
        "南が丘東",
        "東名秦野",
        "グリーンテク東",
        "砂口入口",
        "グリーンテク中央",
        "グリーンテク西",
        "才戸",
        "藤沢",
        "中井中学校前",
        "中井町役場入口"
    ],
    "weekday": [
        "6:28",
        "7:38",
        "8:24"
    ],
    "saturday": [],
    "holiday": [],
    "url": "https://www.kanachu.co.jp/dia/diagram/timetable01_js/course:0000800923-5/node:00128049/kt:0/lname:/"
}
