{
    "date": "2020/07/13",
    "name": "グリーンテク東",
    "position": "-",
    "system": "秦96",
    "destinations": [
        "砂口入口",
        "グリーンテク中央",
        "グリーンテク西",
        "才戸",
        "藤沢",
        "中井中学校前",
        "中井町役場入口"
    ],
    "weekday": [
        "6:33",
        "7:43",
        "8:29"
    ],
    "saturday": [],
    "holiday": [],
    "url": "https://www.kanachu.co.jp/dia/diagram/timetable01_js/course:0000800923-8/node:00128034/kt:0/lname:/"
}
