{
    "date": "2026/01/16",
    "name": "相武台前駅",
    "position": "-",
    "system": "台12",
    "destinations": [
        "座間中学校前",
        "座間市役所入口",
        "緑ヶ丘二丁目(座間市)",
        "小池大橋",
        "座間総合高校前",
        "ひばりが丘五丁目",
        "ひばりが丘一丁目(座間市)",
        "十一条",
        "九条",
        "南林間駅前通り",
        "南林間駅"
    ],
    "weekday": [
        "7:15",
        "7:35",
        "8:45",
        "10:15",
        "11:30",
        "12:10",
        "13:20",
        "14:25",
        "15:40",
        "16:50",
        "18:00",
        "19:10",
        "20:20"
    ],
    "saturday": [
        "7:40",
        "8:40",
        "9:50",
        "11:00",
        "12:10",
        "13:20",
        "14:25",
        "15:40",
        "16:50",
        "18:00",
        "19:10",
        "20:20"
    ],
    "holiday": [
        "7:40",
        "8:40",
        "9:50",
        "11:00",
        "12:10",
        "13:20",
        "14:25",
        "15:40",
        "16:50",
        "18:00",
        "19:10",
        "20:20"
    ],
    "url": "https://www.kanachu.co.jp/dia/diagram/timetable01_js/course:0000804258-1/node:00128551/kt:0/lname:/"
}
