{
    "date": "2026/01/16",
    "name": "座間総合高校前",
    "position": "-",
    "system": "台12",
    "destinations": [
        "ひばりが丘五丁目",
        "ひばりが丘一丁目(座間市)",
        "十一条",
        "九条",
        "南林間駅前通り",
        "南林間駅"
    ],
    "weekday": [
        "7:23",
        "7:43",
        "8:53",
        "10:23",
        "11:38",
        "12:18",
        "13:28",
        "14:33",
        "15:48",
        "16:58",
        "18:08",
        "19:18",
        "20:28"
    ],
    "saturday": [
        "7:47",
        "8:47",
        "9:58",
        "11:08",
        "12:18",
        "13:28",
        "14:33",
        "15:48",
        "16:58",
        "18:08",
        "19:18",
        "20:28"
    ],
    "holiday": [
        "7:47",
        "8:47",
        "9:58",
        "11:08",
        "12:18",
        "13:28",
        "14:33",
        "15:48",
        "16:58",
        "18:08",
        "19:18",
        "20:28"
    ],
    "url": "https://www.kanachu.co.jp/dia/diagram/timetable01_js/course:0000804258-6/node:00129982/kt:0/lname:/"
}
