{
    "date": "2026/01/16",
    "name": "南林間駅前通り",
    "position": "-",
    "system": "台12",
    "destinations": [
        "南林間駅"
    ],
    "weekday": [
        "7:31",
        "7:51",
        "9:01",
        "10:31",
        "11:46",
        "12:26",
        "13:36",
        "14:41",
        "15:56",
        "17:06",
        "18:16",
        "19:26",
        "20:36"
    ],
    "saturday": [
        "7:54",
        "8:54",
        "10:06",
        "11:16",
        "12:26",
        "13:36",
        "14:41",
        "15:56",
        "17:06",
        "18:16",
        "19:26",
        "20:36"
    ],
    "holiday": [
        "7:54",
        "8:54",
        "10:06",
        "11:16",
        "12:26",
        "13:36",
        "14:41",
        "15:56",
        "17:06",
        "18:16",
        "19:26",
        "20:36"
    ],
    "url": "https://www.kanachu.co.jp/dia/diagram/timetable01_js/course:0000804258-11/node:00129667/kt:0/lname:/"
}
