{
    "system": "伊36",
    "busstops": [
        {
            "index": "1",
            "id": "00128460",
            "name": "七沢",
            "lat": "35.454632",
            "lng": "139.292956"
        },
        {
            "index": "2",
            "id": "00128459",
            "name": "広沢寺温泉入口",
            "lat": "35.451326",
            "lng": "139.294764"
        },
        {
            "index": "3",
            "id": "00128458",
            "name": "七沢病院入口",
            "lat": "35.448636",
            "lng": "139.295579"
        },
        {
            "index": "4",
            "id": "00128457",
            "name": "七沢温泉入口",
            "lat": "35.444739",
            "lng": "139.297165"
        },
        {
            "index": "5",
            "id": "00128455",
            "name": "馬場リハビリ入口",
            "lat": "35.4421",
            "lng": "139.298837"
        },
        {
            "index": "6",
            "id": "00128456",
            "name": "神奈川リハビリ",
            "lat": "35.440092",
            "lng": "139.296306"
        },
        {
            "index": "7",
            "id": "00128455",
            "name": "馬場リハビリ入口",
            "lat": "35.442018",
            "lng": "139.299793"
        },
        {
            "index": "8",
            "id": "00128454",
            "name": "日向川",
            "lat": "35.438949",
            "lng": "139.301596"
        },
        {
            "index": "9",
            "id": "00128191",
            "name": "はつみ坂",
            "lat": "35.435816",
            "lng": "139.299253"
        },
        {
            "index": "10",
            "id": "00128190",
            "name": "薬師入口",
            "lat": "35.433019",
            "lng": "139.297949"
        },
        {
            "index": "11",
            "id": "00128189",
            "name": "日向新田",
            "lat": "35.428927",
            "lng": "139.299454"
        },
        {
            "index": "12",
            "id": "00128188",
            "name": "分れ道",
            "lat": "35.424564",
            "lng": "139.301496"
        },
        {
            "index": "13",
            "id": "00128215",
            "name": "総合運動公園(伊勢原市)",
            "lat": "35.421677",
            "lng": "139.304304"
        },
        {
            "index": "14",
            "id": "00128214",
            "name": "総合運動公園入口",
            "lat": "35.418399",
            "lng": "139.302665"
        },
        {
            "index": "15",
            "id": "00128175",
            "name": "専修大学入口(伊勢原市)",
            "lat": "35.415183",
            "lng": "139.303037"
        },
        {
            "index": "16",
            "id": "00128174",
            "name": "川上(伊勢原市)",
            "lat": "35.412485",
            "lng": "139.303499"
        },
        {
            "index": "17",
            "id": "00130355",
            "name": "三本松(伊勢原市)",
            "lat": "35.409366",
            "lng": "139.305384"
        },
        {
            "index": "18",
            "id": "00130354",
            "name": "市米橋",
            "lat": "35.405999",
            "lng": "139.309107"
        },
        {
            "index": "19",
            "id": "00128126",
            "name": "行政センター前(伊勢原市)",
            "lat": "35.402836",
            "lng": "139.312929"
        },
        {
            "index": "20",
            "id": "00128205",
            "name": "電話局前(伊勢原市)",
            "lat": "35.398436",
            "lng": "139.313898"
        },
        {
            "index": "21",
            "id": "00128127",
            "name": "伊勢原駅北口",
            "lat": "35.39652",
            "lng": "139.313281"
        }
    ],
    "route_url": "https://www.kanachu.co.jp/dia/route/index/cid:0000803365/"
}
