{
    "date": "2024/12/16",
    "name": "井の花",
    "position": "-",
    "system": "多04",
    "destinations": [
        "岩子山",
        "下堤(町田市)",
        "五反田(町田市)",
        "湯船(町田市)",
        "別所(町田市)",
        "中村(町田市小野路町)",
        "京王多摩車庫前",
        "豊ヶ丘六丁目",
        "豊ヶ丘四丁目",
        "豊ヶ丘六丁目",
        "恵泉女学園大学入口",
        "豊ヶ丘五丁目",
        "落合四丁目",
        "落合三丁目",
        "豊ヶ丘小学校",
        "落合東",
        "多摩センター駅"
    ],
    "weekday": [
        "6:09",
        "6:55",
        "7:58",
        "8:48",
        "9:27",
        "10:26",
        "11:26",
        "12:26",
        "13:26",
        "14:26",
        "15:26",
        "16:29",
        "17:29",
        "18:32",
        "19:28",
        "20:26",
        "21:32"
    ],
    "saturday": [
        "7:21",
        "8:41",
        "9:41",
        "10:42",
        "11:42",
        "12:42",
        "13:42",
        "14:42",
        "15:42",
        "16:42",
        "17:42",
        "18:42",
        "19:23",
        "20:23",
        "21:23"
    ],
    "holiday": [
        "7:21",
        "8:41",
        "9:41",
        "10:42",
        "11:42",
        "12:42",
        "13:42",
        "14:42",
        "15:42",
        "16:42",
        "17:42",
        "18:42",
        "19:23",
        "20:23",
        "21:23"
    ],
    "url": "https://www.kanachu.co.jp/dia/diagram/timetable01_js/course:0000803464-7/node:00129473/kt:0/lname:/"
}
