{
    "date": "2024/12/16",
    "name": "岩子山",
    "position": "-",
    "system": "多04",
    "destinations": [
        "下堤(町田市)",
        "五反田(町田市)",
        "湯船(町田市)",
        "別所(町田市)",
        "中村(町田市小野路町)",
        "京王多摩車庫前",
        "豊ヶ丘六丁目",
        "豊ヶ丘四丁目",
        "豊ヶ丘六丁目",
        "恵泉女学園大学入口",
        "豊ヶ丘五丁目",
        "落合四丁目",
        "落合三丁目",
        "豊ヶ丘小学校",
        "落合東",
        "多摩センター駅"
    ],
    "weekday": [
        "6:11",
        "6:57",
        "8:00",
        "8:50",
        "9:29",
        "10:28",
        "11:28",
        "12:28",
        "13:28",
        "14:28",
        "15:28",
        "16:31",
        "17:31",
        "18:34",
        "19:30",
        "20:28",
        "21:34"
    ],
    "saturday": [
        "7:23",
        "8:43",
        "9:43",
        "10:44",
        "11:44",
        "12:44",
        "13:44",
        "14:44",
        "15:44",
        "16:44",
        "17:44",
        "18:44",
        "19:25",
        "20:25",
        "21:25"
    ],
    "holiday": [
        "7:23",
        "8:43",
        "9:43",
        "10:44",
        "11:44",
        "12:44",
        "13:44",
        "14:44",
        "15:44",
        "16:44",
        "17:44",
        "18:44",
        "19:25",
        "20:25",
        "21:25"
    ],
    "url": "https://www.kanachu.co.jp/dia/diagram/timetable01_js/course:0000803464-8/node:00129474/kt:0/lname:/"
}
