{
    "date": "2024/12/16",
    "name": "湯船(町田市)",
    "position": "-",
    "system": "多04",
    "destinations": [
        "別所(町田市)",
        "中村(町田市小野路町)",
        "京王多摩車庫前",
        "豊ヶ丘六丁目",
        "豊ヶ丘四丁目",
        "豊ヶ丘六丁目",
        "恵泉女学園大学入口",
        "豊ヶ丘五丁目",
        "落合四丁目",
        "落合三丁目",
        "豊ヶ丘小学校",
        "落合東",
        "多摩センター駅"
    ],
    "weekday": [
        "6:14",
        "7:00",
        "8:03",
        "8:53",
        "9:32",
        "10:31",
        "11:31",
        "12:31",
        "13:31",
        "14:31",
        "15:31",
        "16:34",
        "17:34",
        "18:37",
        "19:33",
        "20:31",
        "21:37"
    ],
    "saturday": [
        "7:26",
        "8:46",
        "9:46",
        "10:47",
        "11:47",
        "12:47",
        "13:47",
        "14:47",
        "15:47",
        "16:47",
        "17:47",
        "18:47",
        "19:28",
        "20:28",
        "21:28"
    ],
    "holiday": [
        "7:26",
        "8:46",
        "9:46",
        "10:47",
        "11:47",
        "12:47",
        "13:47",
        "14:47",
        "15:47",
        "16:47",
        "17:47",
        "18:47",
        "19:28",
        "20:28",
        "21:28"
    ],
    "url": "https://www.kanachu.co.jp/dia/diagram/timetable01_js/course:0000803464-11/node:00130074/kt:0/lname:/"
}
