{
    "date": "2024/12/16",
    "name": "別所(町田市)",
    "position": "-",
    "system": "多04",
    "destinations": [
        "中村(町田市小野路町)",
        "京王多摩車庫前",
        "豊ヶ丘六丁目",
        "豊ヶ丘四丁目",
        "豊ヶ丘六丁目",
        "恵泉女学園大学入口",
        "豊ヶ丘五丁目",
        "落合四丁目",
        "落合三丁目",
        "豊ヶ丘小学校",
        "落合東",
        "多摩センター駅"
    ],
    "weekday": [
        "6:15",
        "7:01",
        "8:04",
        "8:54",
        "9:33",
        "10:32",
        "11:32",
        "12:32",
        "13:32",
        "14:32",
        "15:32",
        "16:35",
        "17:35",
        "18:38",
        "19:34",
        "20:32",
        "21:38"
    ],
    "saturday": [
        "7:27",
        "8:47",
        "9:47",
        "10:48",
        "11:48",
        "12:48",
        "13:48",
        "14:48",
        "15:48",
        "16:48",
        "17:48",
        "18:48",
        "19:29",
        "20:29",
        "21:29"
    ],
    "holiday": [
        "7:27",
        "8:47",
        "9:47",
        "10:48",
        "11:48",
        "12:48",
        "13:48",
        "14:48",
        "15:48",
        "16:48",
        "17:48",
        "18:48",
        "19:29",
        "20:29",
        "21:29"
    ],
    "url": "https://www.kanachu.co.jp/dia/diagram/timetable01_js/course:0000803464-12/node:00130073/kt:0/lname:/"
}
