{
    "date": "2024/12/16",
    "name": "中村(町田市小野路町)",
    "position": "-",
    "system": "多04",
    "destinations": [
        "京王多摩車庫前",
        "豊ヶ丘六丁目",
        "豊ヶ丘四丁目",
        "豊ヶ丘六丁目",
        "恵泉女学園大学入口",
        "豊ヶ丘五丁目",
        "落合四丁目",
        "落合三丁目",
        "豊ヶ丘小学校",
        "落合東",
        "多摩センター駅"
    ],
    "weekday": [
        "6:17",
        "7:03",
        "8:06",
        "8:56",
        "9:35",
        "10:34",
        "11:34",
        "12:34",
        "13:34",
        "14:34",
        "15:34",
        "16:37",
        "17:37",
        "18:40",
        "19:36",
        "20:34",
        "21:40"
    ],
    "saturday": [
        "7:29",
        "8:49",
        "9:49",
        "10:50",
        "11:50",
        "12:50",
        "13:50",
        "14:50",
        "15:50",
        "16:50",
        "17:50",
        "18:50",
        "19:31",
        "20:31",
        "21:31"
    ],
    "holiday": [
        "7:29",
        "8:49",
        "9:49",
        "10:50",
        "11:50",
        "12:50",
        "13:50",
        "14:50",
        "15:50",
        "16:50",
        "17:50",
        "18:50",
        "19:31",
        "20:31",
        "21:31"
    ],
    "url": "https://www.kanachu.co.jp/dia/diagram/timetable01_js/course:0000803464-13/node:00130072/kt:0/lname:/"
}
