{
    "date": "2024/12/16",
    "name": "京王多摩車庫前",
    "position": "-",
    "system": "多04",
    "destinations": [
        "豊ヶ丘六丁目",
        "豊ヶ丘四丁目",
        "豊ヶ丘六丁目",
        "恵泉女学園大学入口",
        "豊ヶ丘五丁目",
        "落合四丁目",
        "落合三丁目",
        "豊ヶ丘小学校",
        "落合東",
        "多摩センター駅"
    ],
    "weekday": [
        "6:18",
        "7:04",
        "8:07",
        "8:57",
        "9:36",
        "10:35",
        "11:35",
        "12:35",
        "13:35",
        "14:35",
        "15:35",
        "16:38",
        "17:38",
        "18:41",
        "19:37",
        "20:35",
        "21:41"
    ],
    "saturday": [
        "7:30",
        "8:50",
        "9:50",
        "10:51",
        "11:51",
        "12:51",
        "13:51",
        "14:51",
        "15:51",
        "16:51",
        "17:51",
        "18:51",
        "19:32",
        "20:32",
        "21:32"
    ],
    "holiday": [
        "7:30",
        "8:50",
        "9:50",
        "10:51",
        "11:51",
        "12:51",
        "13:51",
        "14:51",
        "15:51",
        "16:51",
        "17:51",
        "18:51",
        "19:32",
        "20:32",
        "21:32"
    ],
    "url": "https://www.kanachu.co.jp/dia/diagram/timetable01_js/course:0000803464-14/node:00020255/kt:0/lname:/"
}
