{
    "date": "2024/12/16",
    "name": "豊ヶ丘六丁目",
    "position": "-",
    "system": "多04",
    "destinations": [
        "豊ヶ丘四丁目",
        "豊ヶ丘六丁目",
        "恵泉女学園大学入口",
        "豊ヶ丘五丁目",
        "落合四丁目",
        "落合三丁目",
        "豊ヶ丘小学校",
        "落合東",
        "多摩センター駅"
    ],
    "weekday": [
        "6:20",
        "7:06",
        "8:09",
        "8:59",
        "9:38",
        "10:37",
        "11:37",
        "12:37",
        "13:37",
        "14:37",
        "15:37",
        "16:40",
        "17:40",
        "18:43",
        "19:39",
        "20:37",
        "21:43"
    ],
    "saturday": [
        "7:32",
        "8:52",
        "9:52",
        "10:53",
        "11:53",
        "12:53",
        "13:53",
        "14:53",
        "15:53",
        "16:53",
        "17:53",
        "18:53",
        "19:34",
        "20:34",
        "21:34"
    ],
    "holiday": [
        "7:32",
        "8:52",
        "9:52",
        "10:53",
        "11:53",
        "12:53",
        "13:53",
        "14:53",
        "15:53",
        "16:53",
        "17:53",
        "18:53",
        "19:34",
        "20:34",
        "21:34"
    ],
    "url": "https://www.kanachu.co.jp/dia/diagram/timetable01_js/course:0000803464-15/node:00021290/kt:0/lname:/"
}
