{
    "date": "2024/12/16",
    "name": "豊ヶ丘五丁目",
    "position": "-",
    "system": "多04",
    "destinations": [
        "落合四丁目",
        "落合三丁目",
        "豊ヶ丘小学校",
        "落合東",
        "多摩センター駅"
    ],
    "weekday": [
        "6:28",
        "7:14",
        "8:17",
        "9:07",
        "9:46",
        "10:45",
        "11:45",
        "12:45",
        "13:45",
        "14:45",
        "15:45",
        "16:48",
        "17:48",
        "18:51",
        "19:47",
        "20:45",
        "21:51"
    ],
    "saturday": [
        "7:40",
        "9:00",
        "10:00",
        "11:01",
        "12:01",
        "13:01",
        "14:01",
        "15:01",
        "16:01",
        "17:01",
        "18:01",
        "19:01",
        "19:42",
        "20:42",
        "21:42"
    ],
    "holiday": [
        "7:40",
        "9:00",
        "10:00",
        "11:01",
        "12:01",
        "13:01",
        "14:01",
        "15:01",
        "16:01",
        "17:01",
        "18:01",
        "19:01",
        "19:42",
        "20:42",
        "21:42"
    ],
    "url": "https://www.kanachu.co.jp/dia/diagram/timetable01_js/course:0000803464-19/node:00021283/kt:0/lname:/"
}
