{
    "date": "2025/03/15",
    "name": "湘南ライフタウン",
    "position": "-",
    "system": "辻24",
    "destinations": [
        "滝の沢不動前",
        "滝の沢(藤沢市)",
        "駒寄",
        "二番構保健医療センター",
        "ライフタウン中央(藤沢市)",
        "大庭小学校",
        "小糸",
        "南センター前(藤沢市)",
        "西高校前(藤沢市)",
        "有藤",
        "大庭隧道",
        "城南一丁目",
        "羽鳥一丁目",
        "神台公園前",
        "辻堂駅北口"
    ],
    "weekday": [
        "5:23",
        "5:33",
        "5:47",
        "6:00",
        "6:15",
        "6:43",
        "6:53",
        "7:40"
    ],
    "saturday": [],
    "holiday": [],
    "url": "https://www.kanachu.co.jp/dia/diagram/timetable01_js/course:0000800733-1/node:00129948/kt:0/lname:/"
}
