{
    "date": "2025/04/01",
    "name": "北一号(町田市)",
    "position": "-",
    "system": "町15",
    "destinations": [
        "給水塔前(山崎団地/町田市)",
        "山崎団地センター",
        "山崎団地入口",
        "木曽入口",
        "上横町",
        "境川団地",
        "境川団地中央",
        "境川団地入口",
        "木曽都営入口",
        "桧台入口",
        "森野六丁目",
        "森野五丁目",
        "妙延寺(町田市)",
        "町田市役所市民ホール前",
        "町田バスセンター"
    ],
    "weekday": [
        "7:06",
        "20:46",
        "21:16"
    ],
    "saturday": [
        "6:18",
        "7:08",
        "7:32",
        "8:04",
        "8:34",
        "21:26"
    ],
    "holiday": [
        "6:24",
        "7:09",
        "7:39",
        "8:09",
        "8:39",
        "21:26"
    ],
    "url": "https://www.kanachu.co.jp/dia/diagram/timetable01_js/course:0000803207-3/node:00129390/kt:0/lname:/"
}
