{
    "date": "2025/04/01",
    "name": "境川団地",
    "position": "-",
    "system": "町15",
    "destinations": [
        "境川団地中央",
        "境川団地入口",
        "木曽都営入口",
        "桧台入口",
        "森野六丁目",
        "森野五丁目",
        "妙延寺(町田市)",
        "町田市役所市民ホール前",
        "町田バスセンター"
    ],
    "weekday": [
        "7:18",
        "20:56",
        "21:26"
    ],
    "saturday": [
        "6:28",
        "7:19",
        "7:43",
        "8:15",
        "8:45",
        "21:36"
    ],
    "holiday": [
        "6:34",
        "7:19",
        "7:49",
        "8:19",
        "8:49",
        "21:36"
    ],
    "url": "https://www.kanachu.co.jp/dia/diagram/timetable01_js/course:0000803207-9/node:00129382/kt:0/lname:/"
}
