{
    "date": "2025/04/01",
    "name": "境川団地入口",
    "position": "-",
    "system": "町15",
    "destinations": [
        "木曽都営入口",
        "桧台入口",
        "森野六丁目",
        "森野五丁目",
        "妙延寺(町田市)",
        "町田市役所市民ホール前",
        "町田バスセンター"
    ],
    "weekday": [
        "7:20",
        "20:57",
        "21:27"
    ],
    "saturday": [
        "6:30",
        "7:21",
        "7:45",
        "8:17",
        "8:47",
        "21:37"
    ],
    "holiday": [
        "6:36",
        "7:21",
        "7:51",
        "8:21",
        "8:51",
        "21:37"
    ],
    "url": "https://www.kanachu.co.jp/dia/diagram/timetable01_js/course:0000803207-11/node:00129380/kt:0/lname:/"
}
