{
    "date": "2025/04/01",
    "name": "桧台入口",
    "position": "-",
    "system": "町15",
    "destinations": [
        "森野六丁目",
        "森野五丁目",
        "妙延寺(町田市)",
        "町田市役所市民ホール前",
        "町田バスセンター"
    ],
    "weekday": [
        "7:21",
        "20:58",
        "21:28"
    ],
    "saturday": [
        "6:31",
        "7:22",
        "7:46",
        "8:18",
        "8:48",
        "21:38"
    ],
    "holiday": [
        "6:37",
        "7:22",
        "7:52",
        "8:22",
        "8:52",
        "21:38"
    ],
    "url": "https://www.kanachu.co.jp/dia/diagram/timetable01_js/course:0000803207-13/node:00129378/kt:0/lname:/"
}
