{
    "date": "2026/01/16",
    "name": "中井町役場入口",
    "position": "-",
    "system": "秦96",
    "destinations": [
        "中井中学校前",
        "藤沢",
        "才戸",
        "グリーンテク西",
        "グリーンテク中央",
        "砂口入口",
        "グリーンテク東",
        "東名秦野",
        "南が丘東",
        "立野緑地入口",
        "日赤病院前(秦野市)",
        "小原台入口(秦野市)",
        "上尾尻橋",
        "秦野駅南口"
    ],
    "weekday": [
        "17:15",
        "18:30",
        "20:20"
    ],
    "saturday": [],
    "holiday": [],
    "url": "https://www.kanachu.co.jp/dia/diagram/timetable01_js/course:0000803990-1/node:00127950/kt:0/lname:/"
}
