{
    "date": "2026/01/16",
    "name": "東名秦野",
    "position": "-",
    "system": "秦96",
    "destinations": [
        "南が丘東",
        "立野緑地入口",
        "日赤病院前(秦野市)",
        "小原台入口(秦野市)",
        "上尾尻橋",
        "秦野駅南口"
    ],
    "weekday": [
        "17:24",
        "18:39",
        "20:29"
    ],
    "saturday": [],
    "holiday": [],
    "url": "https://www.kanachu.co.jp/dia/diagram/timetable01_js/course:0000803990-9/node:00026081/kt:0/lname:/"
}
