{
    "date": "2025/01/14",
    "name": "厚木バスセンター",
    "position": "-",
    "system": "厚26",
    "destinations": [
        "本厚木駅",
        "あつぎ大通り",
        "市役所入口(厚木市)",
        "合同庁舎前(厚木市)",
        "厚木高校前",
        "日立アステモ前",
        "アンリツ前",
        "緑ヶ丘入口(厚木市)",
        "黄金原",
        "小金",
        "白山(厚木市)",
        "六堂辻",
        "古松台入口",
        "東京工芸大学前",
        "東京工芸大学"
    ],
    "weekday": [
        "6:25",
        "6:35",
        "6:43",
        "6:55",
        "7:00",
        "7:06",
        "7:12",
        "7:18",
        "7:26",
        "7:30",
        "7:36",
        "7:42",
        "7:48",
        "7:54",
        "8:02",
        "8:07",
        "8:13",
        "8:18",
        "8:25",
        "8:30",
        "8:41",
        "8:55",
        "9:05",
        "9:20",
        "9:40",
        "10:00",
        "10:20",
        "10:40",
        "11:00",
        "11:20",
        "11:40",
        "12:00",
        "12:20",
        "12:40",
        "13:00",
        "13:20",
        "13:40",
        "14:00",
        "14:20",
        "14:40",
        "15:00",
        "15:20",
        "15:40",
        "16:00",
        "16:20",
        "16:40",
        "17:00",
        "17:20",
        "17:39",
        "18:00",
        "18:15",
        "18:30",
        "18:50",
        "19:09",
        "19:30",
        "19:50",
        "20:10",
        "20:29",
        "20:52",
        "21:22",
        "21:52",
        "22:32"
    ],
    "saturday": [
        "6:40",
        "7:20",
        "7:50",
        "8:05",
        "8:19",
        "8:35",
        "8:50",
        "9:20",
        "9:50",
        "10:20",
        "10:50",
        "11:20",
        "11:50",
        "12:20",
        "12:50",
        "13:20",
        "13:50",
        "14:20",
        "14:50",
        "15:20",
        "15:50",
        "16:20",
        "16:50",
        "17:20",
        "17:50",
        "18:20",
        "18:50",
        "19:20",
        "19:50",
        "20:20",
        "20:50",
        "21:20",
        "21:55",
        "22:35"
    ],
    "holiday": [
        "6:50",
        "7:20",
        "7:50",
        "8:19",
        "8:50",
        "9:20",
        "9:50",
        "10:20",
        "10:50",
        "11:20",
        "11:50",
        "12:20",
        "12:50",
        "13:20",
        "13:50",
        "14:20",
        "14:50",
        "15:20",
        "15:50",
        "16:20",
        "16:50",
        "17:20",
        "17:50",
        "18:20",
        "18:50",
        "19:20",
        "19:50",
        "20:30",
        "21:10",
        "21:50"
    ],
    "url": "https://www.kanachu.co.jp/dia/diagram/timetable01_js/course:0000802540-1/node:00128256/kt:0/lname:/"
}
