{
    "date": "2025/01/14",
    "name": "あつぎ大通り",
    "position": "-",
    "system": "厚26",
    "destinations": [
        "市役所入口(厚木市)",
        "合同庁舎前(厚木市)",
        "厚木高校前",
        "アステモ[Astemo]前〔旧:日立アステモ前〕",
        "アンリツ前",
        "緑ヶ丘入口(厚木市)",
        "黄金原",
        "小金",
        "白山(厚木市)",
        "六堂辻",
        "古松台入口",
        "東京工芸大学前",
        "東京工芸大学"
    ],
    "weekday": [
        "6:27",
        "6:37",
        "6:45",
        "6:57",
        "7:02",
        "7:08",
        "7:14",
        "7:20",
        "7:28",
        "7:32",
        "7:39",
        "7:45",
        "7:51",
        "7:57",
        "8:05",
        "8:10",
        "8:16",
        "8:21",
        "8:28",
        "8:33",
        "8:44",
        "8:58",
        "9:08",
        "9:23",
        "9:43",
        "10:03",
        "10:23",
        "10:43",
        "11:03",
        "11:23",
        "11:43",
        "12:03",
        "12:23",
        "12:43",
        "13:03",
        "13:23",
        "13:43",
        "14:03",
        "14:23",
        "14:43",
        "15:03",
        "15:23",
        "15:43",
        "16:04",
        "16:24",
        "16:44",
        "17:04",
        "17:24",
        "17:43",
        "18:04",
        "18:19",
        "18:34",
        "18:54",
        "19:12",
        "19:33",
        "19:53",
        "20:13",
        "20:32",
        "20:55",
        "21:25",
        "21:55",
        "22:35"
    ],
    "saturday": [
        "6:42",
        "7:22",
        "7:52",
        "8:07",
        "8:21",
        "8:37",
        "8:52",
        "9:23",
        "9:53",
        "10:23",
        "10:53",
        "11:23",
        "11:53",
        "12:23",
        "12:53",
        "13:23",
        "13:53",
        "14:23",
        "14:53",
        "15:24",
        "15:54",
        "16:24",
        "16:54",
        "17:24",
        "17:54",
        "18:24",
        "18:54",
        "19:22",
        "19:52",
        "20:22",
        "20:52",
        "21:22",
        "21:57",
        "22:37"
    ],
    "holiday": [
        "6:52",
        "7:22",
        "7:52",
        "8:21",
        "8:52",
        "9:22",
        "9:52",
        "10:23",
        "10:53",
        "11:23",
        "11:53",
        "12:23",
        "12:53",
        "13:23",
        "13:53",
        "14:23",
        "14:53",
        "15:23",
        "15:53",
        "16:23",
        "16:53",
        "17:23",
        "17:53",
        "18:23",
        "18:53",
        "19:22",
        "19:52",
        "20:32",
        "21:12",
        "21:52"
    ],
    "url": "https://www.kanachu.co.jp/dia/diagram/timetable01_js/course:0000802540-3/node:00128257/kt:0/lname:/"
}
