{
    "date": "2025/01/14",
    "name": "市役所入口(厚木市)",
    "position": "-",
    "system": "厚26",
    "destinations": [
        "合同庁舎前(厚木市)",
        "厚木高校前",
        "アステモ[Astemo]前〔旧:日立アステモ前〕",
        "アンリツ前",
        "緑ヶ丘入口(厚木市)",
        "黄金原",
        "小金",
        "白山(厚木市)",
        "六堂辻",
        "古松台入口",
        "東京工芸大学前",
        "東京工芸大学"
    ],
    "weekday": [
        "6:28",
        "6:38",
        "6:46",
        "6:58",
        "7:03",
        "7:09",
        "7:15",
        "7:21",
        "7:29",
        "7:33",
        "7:40",
        "7:46",
        "7:52",
        "7:58",
        "8:06",
        "8:11",
        "8:17",
        "8:22",
        "8:29",
        "8:34",
        "8:45",
        "8:59",
        "9:09",
        "9:24",
        "9:44",
        "10:04",
        "10:24",
        "10:44",
        "11:04",
        "11:24",
        "11:44",
        "12:04",
        "12:24",
        "12:44",
        "13:04",
        "13:24",
        "13:44",
        "14:04",
        "14:24",
        "14:44",
        "15:04",
        "15:24",
        "15:44",
        "16:05",
        "16:25",
        "16:45",
        "17:05",
        "17:25",
        "17:44",
        "18:05",
        "18:20",
        "18:35",
        "18:55",
        "19:13",
        "19:34",
        "19:54",
        "20:14",
        "20:33",
        "20:56",
        "21:26",
        "21:56",
        "22:36"
    ],
    "saturday": [
        "6:43",
        "7:23",
        "7:53",
        "8:08",
        "8:22",
        "8:38",
        "8:53",
        "9:24",
        "9:54",
        "10:24",
        "10:54",
        "11:24",
        "11:54",
        "12:24",
        "12:54",
        "13:24",
        "13:54",
        "14:24",
        "14:54",
        "15:25",
        "15:55",
        "16:25",
        "16:55",
        "17:25",
        "17:55",
        "18:25",
        "18:55",
        "19:23",
        "19:53",
        "20:23",
        "20:53",
        "21:23",
        "21:58",
        "22:38"
    ],
    "holiday": [
        "6:53",
        "7:23",
        "7:53",
        "8:22",
        "8:53",
        "9:23",
        "9:53",
        "10:24",
        "10:54",
        "11:24",
        "11:54",
        "12:24",
        "12:54",
        "13:24",
        "13:54",
        "14:24",
        "14:54",
        "15:24",
        "15:54",
        "16:24",
        "16:54",
        "17:24",
        "17:54",
        "18:24",
        "18:54",
        "19:23",
        "19:53",
        "20:33",
        "21:13",
        "21:53"
    ],
    "url": "https://www.kanachu.co.jp/dia/diagram/timetable01_js/course:0000802540-4/node:00128396/kt:0/lname:/"
}
