{
    "date": "2025/01/14",
    "name": "合同庁舎前(厚木市)",
    "position": "-",
    "system": "厚26",
    "destinations": [
        "厚木高校前",
        "日立アステモ前",
        "アンリツ前",
        "緑ヶ丘入口(厚木市)",
        "黄金原",
        "小金",
        "白山(厚木市)",
        "六堂辻",
        "古松台入口",
        "東京工芸大学前",
        "東京工芸大学"
    ],
    "weekday": [
        "6:30",
        "6:40",
        "6:48",
        "7:00",
        "7:05",
        "7:11",
        "7:17",
        "7:23",
        "7:31",
        "7:36",
        "7:43",
        "7:49",
        "7:55",
        "8:01",
        "8:09",
        "8:14",
        "8:20",
        "8:25",
        "8:32",
        "8:37",
        "8:48",
        "9:02",
        "9:11",
        "9:26",
        "9:46",
        "10:06",
        "10:26",
        "10:46",
        "11:06",
        "11:26",
        "11:46",
        "12:06",
        "12:26",
        "12:46",
        "13:06",
        "13:26",
        "13:46",
        "14:06",
        "14:26",
        "14:46",
        "15:06",
        "15:26",
        "15:46",
        "16:08",
        "16:28",
        "16:48",
        "17:08",
        "17:28",
        "17:47",
        "18:08",
        "18:23",
        "18:38",
        "18:58",
        "19:15",
        "19:36",
        "19:56",
        "20:16",
        "20:35",
        "20:58",
        "21:28",
        "21:58",
        "22:38"
    ],
    "saturday": [
        "6:45",
        "7:25",
        "7:55",
        "8:10",
        "8:24",
        "8:40",
        "8:55",
        "9:26",
        "9:56",
        "10:26",
        "10:56",
        "11:26",
        "11:56",
        "12:26",
        "12:56",
        "13:26",
        "13:56",
        "14:26",
        "14:56",
        "15:28",
        "15:58",
        "16:28",
        "16:58",
        "17:28",
        "17:58",
        "18:28",
        "18:58",
        "19:25",
        "19:55",
        "20:25",
        "20:55",
        "21:25",
        "22:00",
        "22:40"
    ],
    "holiday": [
        "6:55",
        "7:25",
        "7:55",
        "8:24",
        "8:55",
        "9:25",
        "9:55",
        "10:26",
        "10:56",
        "11:26",
        "11:56",
        "12:26",
        "12:56",
        "13:26",
        "13:56",
        "14:26",
        "14:56",
        "15:27",
        "15:57",
        "16:27",
        "16:57",
        "17:27",
        "17:57",
        "18:27",
        "18:57",
        "19:25",
        "19:55",
        "20:35",
        "21:15",
        "21:55"
    ],
    "url": "https://www.kanachu.co.jp/dia/diagram/timetable01_js/course:0000802540-5/node:00128439/kt:0/lname:/"
}
