{
    "date": "2025/01/14",
    "name": "小金",
    "position": "-",
    "system": "厚26",
    "destinations": [
        "白山(厚木市)",
        "六堂辻",
        "古松台入口",
        "東京工芸大学前",
        "東京工芸大学"
    ],
    "weekday": [
        "6:36",
        "6:46",
        "6:54",
        "7:06",
        "7:11",
        "7:17",
        "7:23",
        "7:29",
        "7:39",
        "7:44",
        "7:51",
        "7:57",
        "8:03",
        "8:09",
        "8:17",
        "8:22",
        "8:28",
        "8:33",
        "8:40",
        "8:45",
        "8:56",
        "9:10",
        "9:19",
        "9:34",
        "9:54",
        "10:14",
        "10:34",
        "10:54",
        "11:14",
        "11:34",
        "11:54",
        "12:14",
        "12:34",
        "12:54",
        "13:14",
        "13:34",
        "13:54",
        "14:14",
        "14:34",
        "14:54",
        "15:14",
        "15:34",
        "15:54",
        "16:16",
        "16:36",
        "16:56",
        "17:16",
        "17:36",
        "17:55",
        "18:16",
        "18:31",
        "18:46",
        "19:05",
        "19:21",
        "19:42",
        "20:02",
        "20:22",
        "20:41",
        "21:04",
        "21:34",
        "22:04",
        "22:44"
    ],
    "saturday": [
        "6:51",
        "7:31",
        "8:01",
        "8:16",
        "8:30",
        "8:46",
        "9:01",
        "9:32",
        "10:02",
        "10:32",
        "11:02",
        "11:32",
        "12:02",
        "12:32",
        "13:02",
        "13:32",
        "14:02",
        "14:32",
        "15:02",
        "15:34",
        "16:04",
        "16:34",
        "17:04",
        "17:34",
        "18:04",
        "18:34",
        "19:04",
        "19:31",
        "20:01",
        "20:31",
        "21:01",
        "21:31",
        "22:06",
        "22:46"
    ],
    "holiday": [
        "7:01",
        "7:31",
        "8:01",
        "8:30",
        "9:01",
        "9:31",
        "10:01",
        "10:32",
        "11:02",
        "11:32",
        "12:02",
        "12:32",
        "13:02",
        "13:32",
        "14:02",
        "14:32",
        "15:02",
        "15:33",
        "16:03",
        "16:33",
        "17:03",
        "17:33",
        "18:03",
        "18:33",
        "19:03",
        "19:31",
        "20:01",
        "20:41",
        "21:21",
        "22:01"
    ],
    "url": "https://www.kanachu.co.jp/dia/diagram/timetable01_js/course:0000802540-11/node:00128650/kt:0/lname:/"
}
