{
    "date": "2025/01/14",
    "name": "六堂辻",
    "position": "-",
    "system": "厚26",
    "destinations": [
        "古松台入口",
        "東京工芸大学前",
        "東京工芸大学"
    ],
    "weekday": [
        "6:38",
        "6:48",
        "6:56",
        "7:08",
        "7:13",
        "7:19",
        "7:25",
        "7:31",
        "7:41",
        "7:46",
        "7:53",
        "7:59",
        "8:05",
        "8:11",
        "8:19",
        "8:24",
        "8:30",
        "8:35",
        "8:42",
        "8:47",
        "8:58",
        "9:12",
        "9:21",
        "9:36",
        "9:56",
        "10:16",
        "10:36",
        "10:56",
        "11:16",
        "11:36",
        "11:56",
        "12:16",
        "12:36",
        "12:56",
        "13:16",
        "13:36",
        "13:56",
        "14:16",
        "14:36",
        "14:56",
        "15:16",
        "15:36",
        "15:56",
        "16:18",
        "16:38",
        "16:58",
        "17:18",
        "17:38",
        "17:57",
        "18:18",
        "18:33",
        "18:48",
        "19:07",
        "19:23",
        "19:44",
        "20:04",
        "20:24",
        "20:43",
        "21:06",
        "21:36",
        "22:06",
        "22:46"
    ],
    "saturday": [
        "6:53",
        "7:33",
        "8:03",
        "8:18",
        "8:32",
        "8:48",
        "9:03",
        "9:34",
        "10:04",
        "10:34",
        "11:04",
        "11:34",
        "12:04",
        "12:34",
        "13:04",
        "13:34",
        "14:04",
        "14:34",
        "15:04",
        "15:36",
        "16:06",
        "16:36",
        "17:06",
        "17:36",
        "18:06",
        "18:36",
        "19:06",
        "19:33",
        "20:03",
        "20:33",
        "21:03",
        "21:33",
        "22:08",
        "22:48"
    ],
    "holiday": [
        "7:03",
        "7:33",
        "8:03",
        "8:32",
        "9:03",
        "9:33",
        "10:03",
        "10:34",
        "11:04",
        "11:34",
        "12:04",
        "12:34",
        "13:04",
        "13:34",
        "14:04",
        "14:34",
        "15:04",
        "15:35",
        "16:05",
        "16:35",
        "17:05",
        "17:35",
        "18:05",
        "18:35",
        "19:05",
        "19:33",
        "20:03",
        "20:43",
        "21:23",
        "22:03"
    ],
    "url": "https://www.kanachu.co.jp/dia/diagram/timetable01_js/course:0000802540-13/node:00128477/kt:0/lname:/"
}
