{
    "date": "2025/01/14",
    "name": "古松台入口",
    "position": "-",
    "system": "厚26",
    "destinations": [
        "東京工芸大学前",
        "東京工芸大学"
    ],
    "weekday": [
        "6:39",
        "6:49",
        "6:57",
        "7:09",
        "7:14",
        "7:20",
        "7:26",
        "7:32",
        "7:42",
        "7:47",
        "7:54",
        "8:00",
        "8:06",
        "8:12",
        "8:20",
        "8:25",
        "8:31",
        "8:36",
        "8:43",
        "8:48",
        "8:59",
        "9:13",
        "9:22",
        "9:37",
        "9:57",
        "10:17",
        "10:37",
        "10:57",
        "11:17",
        "11:37",
        "11:57",
        "12:17",
        "12:37",
        "12:57",
        "13:17",
        "13:37",
        "13:57",
        "14:17",
        "14:37",
        "14:57",
        "15:17",
        "15:37",
        "15:57",
        "16:19",
        "16:39",
        "16:59",
        "17:19",
        "17:39",
        "17:58",
        "18:19",
        "18:34",
        "18:49",
        "19:08",
        "19:24",
        "19:45",
        "20:05",
        "20:25",
        "20:44",
        "21:07",
        "21:37",
        "22:07",
        "22:47"
    ],
    "saturday": [
        "6:54",
        "7:34",
        "8:04",
        "8:19",
        "8:33",
        "8:49",
        "9:04",
        "9:35",
        "10:05",
        "10:35",
        "11:05",
        "11:35",
        "12:05",
        "12:35",
        "13:05",
        "13:35",
        "14:05",
        "14:35",
        "15:05",
        "15:37",
        "16:07",
        "16:37",
        "17:07",
        "17:37",
        "18:07",
        "18:37",
        "19:07",
        "19:34",
        "20:04",
        "20:34",
        "21:04",
        "21:34",
        "22:09",
        "22:49"
    ],
    "holiday": [
        "7:04",
        "7:34",
        "8:04",
        "8:33",
        "9:04",
        "9:34",
        "10:04",
        "10:35",
        "11:05",
        "11:35",
        "12:05",
        "12:35",
        "13:05",
        "13:35",
        "14:05",
        "14:35",
        "15:05",
        "15:36",
        "16:06",
        "16:36",
        "17:06",
        "17:36",
        "18:06",
        "18:36",
        "19:06",
        "19:34",
        "20:04",
        "20:44",
        "21:24",
        "22:04"
    ],
    "url": "https://www.kanachu.co.jp/dia/diagram/timetable01_js/course:0000802540-14/node:00128478/kt:0/lname:/"
}
