{
    "date": "2025/01/14",
    "name": "東京工芸大学前",
    "position": "-",
    "system": "厚26",
    "destinations": [
        "東京工芸大学"
    ],
    "weekday": [
        "6:40",
        "6:50",
        "6:58",
        "7:10",
        "7:15",
        "7:21",
        "7:27",
        "7:33",
        "7:43",
        "7:48",
        "7:55",
        "8:01",
        "8:07",
        "8:13",
        "8:21",
        "8:26",
        "8:32",
        "8:37",
        "8:44",
        "8:49",
        "9:00",
        "9:14",
        "9:23",
        "9:38",
        "9:58",
        "10:18",
        "10:38",
        "10:58",
        "11:18",
        "11:38",
        "11:58",
        "12:18",
        "12:38",
        "12:58",
        "13:18",
        "13:38",
        "13:58",
        "14:18",
        "14:38",
        "14:58",
        "15:18",
        "15:38",
        "15:58",
        "16:20",
        "16:40",
        "17:00",
        "17:20",
        "17:40",
        "17:59",
        "18:20",
        "18:35",
        "18:50",
        "19:09",
        "19:25",
        "19:46",
        "20:06",
        "20:26",
        "20:45",
        "21:08",
        "21:38",
        "22:08",
        "22:48"
    ],
    "saturday": [
        "6:55",
        "7:35",
        "8:05",
        "8:20",
        "8:34",
        "8:50",
        "9:05",
        "9:36",
        "10:06",
        "10:36",
        "11:06",
        "11:36",
        "12:06",
        "12:36",
        "13:06",
        "13:36",
        "14:06",
        "14:36",
        "15:06",
        "15:38",
        "16:08",
        "16:38",
        "17:08",
        "17:38",
        "18:08",
        "18:38",
        "19:08",
        "19:35",
        "20:05",
        "20:35",
        "21:05",
        "21:35",
        "22:10",
        "22:50"
    ],
    "holiday": [
        "7:05",
        "7:35",
        "8:05",
        "8:34",
        "9:05",
        "9:35",
        "10:05",
        "10:36",
        "11:06",
        "11:36",
        "12:06",
        "12:36",
        "13:06",
        "13:36",
        "14:06",
        "14:36",
        "15:06",
        "15:37",
        "16:07",
        "16:37",
        "17:07",
        "17:37",
        "18:07",
        "18:37",
        "19:07",
        "19:35",
        "20:05",
        "20:45",
        "21:25",
        "22:05"
    ],
    "url": "https://www.kanachu.co.jp/dia/diagram/timetable01_js/course:0000802540-15/node:00128638/kt:0/lname:/"
}
