{
    "date": "2025/03/15",
    "name": "浜竹",
    "position": "-",
    "system": "辻12",
    "destinations": [
        "保育園前(茅ヶ崎市)",
        "松浪小学校前",
        "美住町",
        "ひばりが丘(茅ケ崎市)",
        "桜道(茅ケ崎市)",
        "若松町(茅ケ崎市)",
        "東原(茅ケ崎市)",
        "徳洲会病院前(茅ケ崎市)",
        "茅ヶ崎駅南口"
    ],
    "weekday": [
        "6:18",
        "6:33",
        "6:52",
        "7:04",
        "7:16",
        "7:28",
        "7:45",
        "7:58",
        "8:15",
        "8:35",
        "8:55",
        "9:23",
        "9:53",
        "10:23",
        "10:53",
        "11:23",
        "11:53",
        "12:23",
        "12:53",
        "13:23",
        "13:53",
        "14:23",
        "14:53",
        "15:23",
        "15:53",
        "16:25",
        "16:53",
        "17:25",
        "17:53",
        "18:13",
        "18:33",
        "18:53",
        "19:13",
        "19:33",
        "20:23",
        "20:53",
        "21:23",
        "21:53",
        "22:28"
    ],
    "saturday": [
        "6:43",
        "7:23",
        "7:53",
        "8:30",
        "9:00",
        "9:30",
        "10:00",
        "10:30",
        "11:00",
        "11:30",
        "12:00",
        "12:30",
        "13:00",
        "13:30",
        "14:00",
        "14:30",
        "15:00",
        "15:30",
        "16:00",
        "16:30",
        "17:00",
        "17:30",
        "18:00",
        "18:30",
        "19:00",
        "19:23",
        "20:23",
        "21:08"
    ],
    "holiday": [
        "6:43",
        "7:23",
        "7:53",
        "8:30",
        "9:00",
        "9:30",
        "10:00",
        "10:30",
        "11:00",
        "11:30",
        "12:00",
        "12:30",
        "13:00",
        "13:30",
        "14:00",
        "14:30",
        "15:00",
        "15:30",
        "16:00",
        "16:30",
        "17:00",
        "17:30",
        "18:00",
        "18:30",
        "19:00",
        "19:23",
        "20:23",
        "21:08"
    ],
    "url": "https://www.kanachu.co.jp/dia/diagram/timetable01_js/course:0000802161-3/node:00127234/kt:0/lname:/"
}
