{
    "date": "2025/03/15",
    "name": "松浪小学校前",
    "position": "-",
    "system": "辻12",
    "destinations": [
        "美住町",
        "ひばりが丘(茅ケ崎市)",
        "桜道(茅ケ崎市)",
        "若松町(茅ケ崎市)",
        "東原(茅ケ崎市)",
        "徳洲会病院前(茅ケ崎市)",
        "茅ヶ崎駅南口"
    ],
    "weekday": [
        "6:20",
        "6:35",
        "6:54",
        "7:06",
        "7:18",
        "7:30",
        "7:47",
        "8:00",
        "8:17",
        "8:37",
        "8:57",
        "9:25",
        "9:55",
        "10:25",
        "10:55",
        "11:25",
        "11:55",
        "12:25",
        "12:55",
        "13:25",
        "13:55",
        "14:25",
        "14:55",
        "15:25",
        "15:55",
        "16:27",
        "16:55",
        "17:27",
        "17:55",
        "18:15",
        "18:35",
        "18:55",
        "19:15",
        "19:35",
        "20:25",
        "20:55",
        "21:25",
        "21:55",
        "22:30"
    ],
    "saturday": [
        "6:45",
        "7:25",
        "7:55",
        "8:32",
        "9:02",
        "9:32",
        "10:02",
        "10:32",
        "11:02",
        "11:32",
        "12:02",
        "12:32",
        "13:02",
        "13:32",
        "14:02",
        "14:32",
        "15:02",
        "15:32",
        "16:02",
        "16:32",
        "17:02",
        "17:32",
        "18:02",
        "18:32",
        "19:02",
        "19:25",
        "20:25",
        "21:10"
    ],
    "holiday": [
        "6:45",
        "7:25",
        "7:55",
        "8:32",
        "9:02",
        "9:32",
        "10:02",
        "10:32",
        "11:02",
        "11:32",
        "12:02",
        "12:32",
        "13:02",
        "13:32",
        "14:02",
        "14:32",
        "15:02",
        "15:32",
        "16:02",
        "16:32",
        "17:02",
        "17:32",
        "18:02",
        "18:32",
        "19:02",
        "19:25",
        "20:25",
        "21:10"
    ],
    "url": "https://www.kanachu.co.jp/dia/diagram/timetable01_js/course:0000802161-5/node:00127235/kt:0/lname:/"
}
