{
    "date": "2025/03/15",
    "name": "若松町(茅ケ崎市)",
    "position": "-",
    "system": "辻12",
    "destinations": [
        "東原(茅ケ崎市)",
        "徳洲会病院前(茅ケ崎市)",
        "茅ヶ崎駅南口"
    ],
    "weekday": [
        "6:24",
        "6:39",
        "6:58",
        "7:10",
        "7:22",
        "7:34",
        "7:51",
        "8:04",
        "8:21",
        "8:41",
        "9:01",
        "9:29",
        "9:59",
        "10:29",
        "10:59",
        "11:29",
        "11:59",
        "12:29",
        "12:59",
        "13:29",
        "13:59",
        "14:29",
        "14:59",
        "15:29",
        "15:59",
        "16:31",
        "16:59",
        "17:31",
        "17:59",
        "18:19",
        "18:39",
        "18:59",
        "19:19",
        "19:39",
        "20:29",
        "20:59",
        "21:29",
        "21:59",
        "22:34"
    ],
    "saturday": [
        "6:49",
        "7:29",
        "7:59",
        "8:36",
        "9:06",
        "9:36",
        "10:06",
        "10:36",
        "11:06",
        "11:36",
        "12:06",
        "12:36",
        "13:06",
        "13:36",
        "14:06",
        "14:36",
        "15:06",
        "15:36",
        "16:06",
        "16:36",
        "17:06",
        "17:36",
        "18:06",
        "18:36",
        "19:06",
        "19:29",
        "20:29",
        "21:14"
    ],
    "holiday": [
        "6:49",
        "7:29",
        "7:59",
        "8:36",
        "9:06",
        "9:36",
        "10:06",
        "10:36",
        "11:06",
        "11:36",
        "12:06",
        "12:36",
        "13:06",
        "13:36",
        "14:06",
        "14:36",
        "15:06",
        "15:36",
        "16:06",
        "16:36",
        "17:06",
        "17:36",
        "18:06",
        "18:36",
        "19:06",
        "19:29",
        "20:29",
        "21:14"
    ],
    "url": "https://www.kanachu.co.jp/dia/diagram/timetable01_js/course:0000802161-9/node:00127239/kt:0/lname:/"
}
