{
    "system": "辻12",
    "busstops": [
        {
            "index": "1",
            "id": "00127111",
            "name": "辻堂駅南口",
            "lat": "35.336669",
            "lng": "139.447394"
        },
        {
            "index": "2",
            "id": "00127268",
            "name": "辻堂駅西口",
            "lat": "35.336286",
            "lng": "139.443196"
        },
        {
            "index": "3",
            "id": "00127234",
            "name": "浜竹",
            "lat": "35.332818",
            "lng": "139.437352"
        },
        {
            "index": "4",
            "id": "00130344",
            "name": "保育園前(茅ヶ崎市)",
            "lat": "35.332772",
            "lng": "139.434753"
        },
        {
            "index": "5",
            "id": "00127235",
            "name": "松浪小学校前",
            "lat": "35.332694",
            "lng": "139.431734"
        },
        {
            "index": "6",
            "id": "00127236",
            "name": "美住町",
            "lat": "35.332627",
            "lng": "139.429192"
        },
        {
            "index": "7",
            "id": "00127237",
            "name": "ひばりが丘(茅ケ崎市)",
            "lat": "35.332803",
            "lng": "139.426092"
        },
        {
            "index": "8",
            "id": "00127238",
            "name": "桜道(茅ケ崎市)",
            "lat": "35.332886",
            "lng": "139.422242"
        },
        {
            "index": "9",
            "id": "00127239",
            "name": "若松町(茅ケ崎市)",
            "lat": "35.332695",
            "lng": "139.418228"
        },
        {
            "index": "10",
            "id": "00127240",
            "name": "東原(茅ケ崎市)",
            "lat": "35.33178",
            "lng": "139.414044"
        },
        {
            "index": "11",
            "id": "00127242",
            "name": "徳洲会病院前(茅ケ崎市)",
            "lat": "35.331208",
            "lng": "139.412654"
        },
        {
            "index": "12",
            "id": "00127219",
            "name": "茅ヶ崎駅南口",
            "lat": "35.329954",
            "lng": "139.406796"
        }
    ],
    "route_url": "https://www.kanachu.co.jp/dia/route/index/cid:0000802161/"
}
