{
    "date": "2021/04/01",
    "name": "底沢",
    "position": "-",
    "system": "八07",
    "destinations": [
        "小原(相模原市緑区)",
        "平野(相模原市緑区)",
        "北相中学校前",
        "桂北小学校前",
        "相模湖駅"
    ],
    "weekday": [
        "10:46",
        "13:49"
    ],
    "saturday": [
        "10:46",
        "13:49",
        "18:14"
    ],
    "holiday": [
        "10:46",
        "13:49",
        "18:14"
    ],
    "url": "https://www.kanachu.co.jp/dia/diagram/timetable01_js/course:0000800353-34/node:00128923/kt:0/lname:/"
}
