{
    "date": "2021/04/01",
    "name": "平野(相模原市緑区)",
    "position": "-",
    "system": "八07",
    "destinations": [
        "北相中学校前",
        "桂北小学校前",
        "相模湖駅"
    ],
    "weekday": [
        "10:48",
        "13:51"
    ],
    "saturday": [
        "10:48",
        "13:51",
        "18:16"
    ],
    "holiday": [
        "10:48",
        "13:51",
        "18:16"
    ],
    "url": "https://www.kanachu.co.jp/dia/diagram/timetable01_js/course:0000800353-36/node:00128921/kt:0/lname:/"
}
