{
    "date": "2025/07/12",
    "name": "遊行通り四丁目",
    "position": "-",
    "system": "藤36",
    "destinations": [
        "遊行寺前",
        "藤沢公民館前",
        "本町消防出張所前",
        "白旗交差点",
        "台町(藤沢市)",
        "伊勢山入口",
        "花の木(藤沢市)",
        "善行",
        "善行南",
        "善行大橋",
        "善行二丁目",
        "善行駅"
    ],
    "weekday": [
        "15:42",
        "17:34",
        "18:41",
        "20:46"
    ],
    "saturday": [
        "8:01",
        "9:02",
        "12:46",
        "17:02",
        "17:57",
        "19:01",
        "20:46"
    ],
    "holiday": [
        "8:01",
        "9:02",
        "12:46",
        "17:02",
        "17:57",
        "19:01",
        "20:46"
    ],
    "url": "https://www.kanachu.co.jp/dia/diagram/timetable01_js/course:0000801328-2/node:00127019/kt:0/lname:/"
}
