{
    "date": "2025/07/12",
    "name": "白旗交差点",
    "position": "-",
    "system": "藤36",
    "destinations": [
        "台町(藤沢市)",
        "伊勢山入口",
        "花の木(藤沢市)",
        "善行",
        "善行南",
        "善行大橋",
        "善行二丁目",
        "善行駅"
    ],
    "weekday": [
        "15:47",
        "17:39",
        "18:46",
        "20:51"
    ],
    "saturday": [
        "8:06",
        "9:07",
        "12:51",
        "17:07",
        "18:02",
        "19:06",
        "20:51"
    ],
    "holiday": [
        "8:06",
        "9:07",
        "12:51",
        "17:07",
        "18:02",
        "19:06",
        "20:51"
    ],
    "url": "https://www.kanachu.co.jp/dia/diagram/timetable01_js/course:0000801328-6/node:00127012/kt:0/lname:/"
}
