{
    "system": "湖23",
    "busstops": [
        {
            "index": "1",
            "id": "00128918",
            "name": "相模湖駅",
            "lat": "35.616992",
            "lng": "139.1894"
        },
        {
            "index": "2",
            "id": "00128781",
            "name": "仲町(相模原市緑区)",
            "lat": "35.616924",
            "lng": "139.187086"
        },
        {
            "index": "3",
            "id": "00128782",
            "name": "与瀬神社前",
            "lat": "35.617956",
            "lng": "139.183312"
        },
        {
            "index": "4",
            "id": "00128783",
            "name": "貝沢住宅前",
            "lat": "35.619989",
            "lng": "139.179369"
        },
        {
            "index": "5",
            "id": "00128784",
            "name": "勝瀬橋",
            "lat": "35.614349",
            "lng": "139.170652"
        },
        {
            "index": "6",
            "id": "00128785",
            "name": "吉野(相模原市緑区)",
            "lat": "35.613746",
            "lng": "139.166687"
        },
        {
            "index": "7",
            "id": "00128786",
            "name": "藤野下",
            "lat": "35.612898",
            "lng": "139.163787"
        },
        {
            "index": "8",
            "id": "00128787",
            "name": "藤野中学校入口",
            "lat": "35.614565",
            "lng": "139.155854"
        },
        {
            "index": "9",
            "id": "00128788",
            "name": "藤野駅",
            "lat": "35.615578",
            "lng": "139.152061"
        }
    ],
    "route_url": "https://www.kanachu.co.jp/dia/route/index/cid:0000803743/"
}
