{
    "date": "2025/07/12",
    "name": "上村(藤沢市)",
    "position": "-",
    "system": "藤03",
    "destinations": [
        "上村橋",
        "NOK前",
        "高山(藤沢市)",
        "住宅前(藤沢市明治)",
        "汲田",
        "明治中学校前",
        "羽鳥郵便局前",
        "神台公園前",
        "辻堂駅北口"
    ],
    "weekday": [
        "6:56",
        "8:32",
        "9:22",
        "10:19",
        "11:22",
        "12:19",
        "13:19",
        "14:19",
        "15:19",
        "16:19",
        "17:19",
        "18:17"
    ],
    "saturday": [
        "8:19",
        "10:19",
        "12:19",
        "14:19",
        "16:19",
        "18:19"
    ],
    "holiday": [
        "8:19",
        "10:19",
        "12:19",
        "14:19",
        "16:19",
        "18:19"
    ],
    "url": "https://www.kanachu.co.jp/dia/diagram/timetable01_js/course:0000800898-8/node:00127081/kt:0/lname:/"
}
