{
    "date": "2025/07/12",
    "name": "上村橋",
    "position": "-",
    "system": "藤03",
    "destinations": [
        "NOK前",
        "高山(藤沢市)",
        "住宅前(藤沢市明治)",
        "汲田",
        "明治中学校前",
        "羽鳥郵便局前",
        "神台公園前",
        "辻堂駅北口"
    ],
    "weekday": [
        "6:57",
        "8:33",
        "9:23",
        "10:20",
        "11:23",
        "12:20",
        "13:20",
        "14:20",
        "15:20",
        "16:20",
        "17:20",
        "18:18"
    ],
    "saturday": [
        "8:20",
        "10:20",
        "12:20",
        "14:20",
        "16:20",
        "18:20"
    ],
    "holiday": [
        "8:20",
        "10:20",
        "12:20",
        "14:20",
        "16:20",
        "18:20"
    ],
    "url": "https://www.kanachu.co.jp/dia/diagram/timetable01_js/course:0000800898-9/node:00127082/kt:0/lname:/"
}
