{
    "date": "2025/07/12",
    "name": "高山(藤沢市)",
    "position": "-",
    "system": "藤03",
    "destinations": [
        "住宅前(藤沢市明治)",
        "汲田",
        "明治中学校前",
        "羽鳥郵便局前",
        "神台公園前",
        "辻堂駅北口"
    ],
    "weekday": [
        "6:59",
        "8:35",
        "9:26",
        "10:23",
        "11:26",
        "12:23",
        "13:23",
        "14:23",
        "15:23",
        "16:23",
        "17:23",
        "18:21"
    ],
    "saturday": [
        "8:22",
        "10:22",
        "12:22",
        "14:22",
        "16:23",
        "18:22"
    ],
    "holiday": [
        "8:22",
        "10:22",
        "12:22",
        "14:22",
        "16:23",
        "18:22"
    ],
    "url": "https://www.kanachu.co.jp/dia/diagram/timetable01_js/course:0000800898-11/node:00127042/kt:0/lname:/"
}
