{
    "date": "2025/07/12",
    "name": "明治中学校前",
    "position": "-",
    "system": "藤03",
    "destinations": [
        "羽鳥郵便局前",
        "神台公園前",
        "辻堂駅北口"
    ],
    "weekday": [
        "7:03",
        "8:39",
        "9:30",
        "10:27",
        "11:30",
        "12:27",
        "13:27",
        "14:27",
        "15:27",
        "16:27",
        "17:27",
        "18:25"
    ],
    "saturday": [
        "8:26",
        "10:26",
        "12:26",
        "14:26",
        "16:27",
        "18:26"
    ],
    "holiday": [
        "8:26",
        "10:26",
        "12:26",
        "14:26",
        "16:27",
        "18:26"
    ],
    "url": "https://www.kanachu.co.jp/dia/diagram/timetable01_js/course:0000800898-14/node:00127085/kt:0/lname:/"
}
