{
    "date": "2025/07/12",
    "name": "羽鳥郵便局前",
    "position": "-",
    "system": "藤03",
    "destinations": [
        "神台公園前",
        "辻堂駅北口"
    ],
    "weekday": [
        "7:04",
        "8:40",
        "9:31",
        "10:28",
        "11:31",
        "12:28",
        "13:28",
        "14:28",
        "15:28",
        "16:28",
        "17:28",
        "18:26"
    ],
    "saturday": [
        "8:27",
        "10:27",
        "12:27",
        "14:27",
        "16:28",
        "18:27"
    ],
    "holiday": [
        "8:27",
        "10:27",
        "12:27",
        "14:27",
        "16:28",
        "18:27"
    ],
    "url": "https://www.kanachu.co.jp/dia/diagram/timetable01_js/course:0000800898-15/node:00127086/kt:0/lname:/"
}
