{
    "system": "藤03",
    "busstops": [
        {
            "index": "1",
            "id": "00126970",
            "name": "藤沢駅北口",
            "lat": "35.339588",
            "lng": "139.487917"
        },
        {
            "index": "2",
            "id": "00126971",
            "name": "三富士町",
            "lat": "35.339469",
            "lng": "139.484094"
        },
        {
            "index": "3",
            "id": "00126972",
            "name": "相生町(藤沢市)",
            "lat": "35.340726",
            "lng": "139.480959"
        },
        {
            "index": "4",
            "id": "00127077",
            "name": "養老院前",
            "lat": "35.34142",
            "lng": "139.479337"
        },
        {
            "index": "5",
            "id": "00127078",
            "name": "日本精工北門",
            "lat": "35.342636",
            "lng": "139.476754"
        },
        {
            "index": "6",
            "id": "00127079",
            "name": "湘南高校通り",
            "lat": "35.343114",
            "lng": "139.475197"
        },
        {
            "index": "7",
            "id": "00127080",
            "name": "烏森公園前",
            "lat": "35.341986",
            "lng": "139.472941"
        },
        {
            "index": "8",
            "id": "00127081",
            "name": "上村(藤沢市)",
            "lat": "35.342522",
            "lng": "139.470474"
        },
        {
            "index": "9",
            "id": "00127082",
            "name": "上村橋",
            "lat": "35.342091",
            "lng": "139.46806"
        },
        {
            "index": "10",
            "id": "00127083",
            "name": "NOK前",
            "lat": "35.341558",
            "lng": "139.465135"
        },
        {
            "index": "11",
            "id": "00127042",
            "name": "高山(藤沢市)",
            "lat": "35.341211",
            "lng": "139.46328"
        },
        {
            "index": "12",
            "id": "00130195",
            "name": "住宅前(藤沢市明治)",
            "lat": "35.341389",
            "lng": "139.458946"
        },
        {
            "index": "13",
            "id": "00127084",
            "name": "汲田",
            "lat": "35.341653",
            "lng": "139.457106"
        },
        {
            "index": "14",
            "id": "00127085",
            "name": "明治中学校前",
            "lat": "35.341719",
            "lng": "139.454539"
        },
        {
            "index": "15",
            "id": "00127086",
            "name": "羽鳥郵便局前",
            "lat": "35.341449",
            "lng": "139.451291"
        },
        {
            "index": "16",
            "id": "00130068",
            "name": "神台公園前",
            "lat": "35.340508",
            "lng": "139.447461"
        },
        {
            "index": "17",
            "id": "00129934",
            "name": "辻堂駅北口",
            "lat": "35.337688",
            "lng": "139.448197"
        }
    ],
    "route_url": "https://www.kanachu.co.jp/dia/route/index/cid:0000800898/"
}
