{
    "date": "2025/07/12",
    "name": "善行",
    "position": "-",
    "system": "藤46",
    "destinations": [
        "花の木(藤沢市)",
        "伊勢山入口",
        "台町(藤沢市)",
        "藤沢市民病院",
        "本町消防出張所前",
        "藤沢公民館前",
        "遊行寺前",
        "遊行通り四丁目",
        "藤沢駅北口"
    ],
    "weekday": [
        "8:35",
        "9:30",
        "10:26",
        "11:41",
        "13:20",
        "14:35"
    ],
    "saturday": [],
    "holiday": [],
    "url": "https://www.kanachu.co.jp/dia/diagram/timetable01_js/course:0000802025-5/node:00127069/kt:0/lname:/"
}
