{
    "system": "湘07",
    "busstops": [
        {
            "index": "1",
            "id": "00126881",
            "name": "湘南台駅東口",
            "lat": "35.396805",
            "lng": "139.46706"
        },
        {
            "index": "2",
            "id": "00126880",
            "name": "下高倉(藤沢市)",
            "lat": "35.398734",
            "lng": "139.471139"
        },
        {
            "index": "3",
            "id": "00126879",
            "name": "今田上原",
            "lat": "35.398063",
            "lng": "139.473002"
        },
        {
            "index": "4",
            "id": "00126878",
            "name": "図書館前(藤沢市)",
            "lat": "35.395451",
            "lng": "139.473609"
        },
        {
            "index": "5",
            "id": "00126877",
            "name": "今田西原",
            "lat": "35.39433",
            "lng": "139.474619"
        },
        {
            "index": "6",
            "id": "00126876",
            "name": "元木(横浜市泉区)",
            "lat": "35.394312",
            "lng": "139.479085"
        },
        {
            "index": "7",
            "id": "00126875",
            "name": "下飯田",
            "lat": "35.395656",
            "lng": "139.481184"
        },
        {
            "index": "8",
            "id": "00126874",
            "name": "南小学校前(横浜市泉区)",
            "lat": "35.397297",
            "lng": "139.484084"
        },
        {
            "index": "9",
            "id": "00126873",
            "name": "四ツ谷(横浜市泉区)",
            "lat": "35.39933",
            "lng": "139.486918"
        },
        {
            "index": "10",
            "id": "00126872",
            "name": "下和泉",
            "lat": "35.401447",
            "lng": "139.491634"
        },
        {
            "index": "11",
            "id": "00126871",
            "name": "原田(横浜市泉区)",
            "lat": "35.402912",
            "lng": "139.494008"
        },
        {
            "index": "12",
            "id": "00126870",
            "name": "大丸(横浜市泉区)",
            "lat": "35.404599",
            "lng": "139.498221"
        },
        {
            "index": "13",
            "id": "00126834",
            "name": "萩丸",
            "lat": "35.406904",
            "lng": "139.500808"
        },
        {
            "index": "14",
            "id": "00126835",
            "name": "西原(横浜市泉区)",
            "lat": "35.410129",
            "lng": "139.500355"
        },
        {
            "index": "15",
            "id": "00126783",
            "name": "立場ターミナル",
            "lat": "35.414106",
            "lng": "139.500009"
        }
    ],
    "route_url": "https://www.kanachu.co.jp/dia/route/index/cid:0000800112/"
}
