{
    "date": "2024/05/20",
    "name": "市米橋",
    "position": "-",
    "system": "伊24",
    "destinations": [
        "三本松(伊勢原市)",
        "川上(伊勢原市)",
        "専修大学入口(伊勢原市)",
        "長竹(伊勢原市)",
        "温泉入口(伊勢原市)",
        "高部屋小学校前",
        "洗水",
        "諏訪坂下",
        "藤野入口",
        "高橋(伊勢原市)",
        "坊中(伊勢原市)",
        "日向薬師"
    ],
    "weekday": [
        "15:44"
    ],
    "saturday": [],
    "holiday": [],
    "url": "https://www.kanachu.co.jp/dia/diagram/timetable01_js/course:0000801948-4/node:00130354/kt:0/lname:/"
}
