{
    "system": "伊24",
    "busstops": [
        {
            "index": "1",
            "id": "00128127",
            "name": "伊勢原駅北口",
            "lat": "35.395709",
            "lng": "139.312682"
        },
        {
            "index": "2",
            "id": "00128205",
            "name": "電話局前(伊勢原市)",
            "lat": "35.398436",
            "lng": "139.313898"
        },
        {
            "index": "3",
            "id": "00128126",
            "name": "行政センター前(伊勢原市)",
            "lat": "35.402263",
            "lng": "139.313085"
        },
        {
            "index": "4",
            "id": "00130354",
            "name": "市米橋",
            "lat": "35.405927",
            "lng": "139.308984"
        },
        {
            "index": "5",
            "id": "00130355",
            "name": "三本松(伊勢原市)",
            "lat": "35.409233",
            "lng": "139.305336"
        },
        {
            "index": "6",
            "id": "00128174",
            "name": "川上(伊勢原市)",
            "lat": "35.412013",
            "lng": "139.303434"
        },
        {
            "index": "7",
            "id": "00128175",
            "name": "専修大学入口(伊勢原市)",
            "lat": "35.415233",
            "lng": "139.302851"
        },
        {
            "index": "8",
            "id": "00128176",
            "name": "長竹(伊勢原市)",
            "lat": "35.418182",
            "lng": "139.298832"
        },
        {
            "index": "9",
            "id": "00128177",
            "name": "温泉入口(伊勢原市)",
            "lat": "35.421369",
            "lng": "139.295128"
        },
        {
            "index": "10",
            "id": "00128178",
            "name": "高部屋小学校前",
            "lat": "35.422858",
            "lng": "139.294287"
        },
        {
            "index": "11",
            "id": "00128179",
            "name": "洗水",
            "lat": "35.42959",
            "lng": "139.291158"
        },
        {
            "index": "12",
            "id": "00128180",
            "name": "諏訪坂下",
            "lat": "35.430768",
            "lng": "139.290042"
        },
        {
            "index": "13",
            "id": "00128181",
            "name": "藤野入口",
            "lat": "35.433495",
            "lng": "139.286802"
        },
        {
            "index": "14",
            "id": "00128182",
            "name": "高橋(伊勢原市)",
            "lat": "35.435178",
            "lng": "139.282076"
        },
        {
            "index": "15",
            "id": "00128183",
            "name": "坊中(伊勢原市)",
            "lat": "35.435615",
            "lng": "139.28029"
        },
        {
            "index": "16",
            "id": "00128184",
            "name": "日向薬師",
            "lat": "35.435559",
            "lng": "139.27721"
        }
    ],
    "route_url": "https://www.kanachu.co.jp/dia/route/index/cid:0000801948/"
}
