{
    "date": "2025/11/16",
    "name": "大磯小学校前",
    "position": "-",
    "system": "磯14",
    "destinations": [
        "統監道",
        "白岩大門",
        "八坂神社(中郡大磯町)",
        "城山公園前(中郡大磯町)",
        "本郷橋(中郡大磯町)",
        "城の下",
        "馬場(中郡大磯町)",
        "馬場公園",
        "月京",
        "湘南大磯病院",
        "石神台東公園前",
        "南公園前(中郡大磯町)",
        "西公園前(中郡大磯町)",
        "富士見が丘2丁目",
        "富士見が丘3丁目",
        "向山橋",
        "元町(中郡二宮町)",
        "二宮駅北口"
    ],
    "weekday": [
        "5:56",
        "6:35",
        "7:01",
        "7:36",
        "8:26",
        "9:01",
        "9:36",
        "10:36",
        "11:41",
        "12:36",
        "13:41",
        "14:36",
        "15:41",
        "16:36",
        "17:41",
        "18:26",
        "19:11",
        "20:16",
        "21:49"
    ],
    "saturday": [
        "6:21",
        "7:21",
        "8:16",
        "9:16",
        "10:21",
        "11:16",
        "12:21",
        "13:16",
        "14:21",
        "15:16",
        "16:21",
        "17:16",
        "18:21",
        "19:16",
        "20:21",
        "21:23"
    ],
    "holiday": [
        "6:21",
        "7:21",
        "8:16",
        "9:16",
        "10:21",
        "11:16",
        "12:21",
        "13:16",
        "14:21",
        "15:16",
        "16:21",
        "17:16",
        "18:21",
        "19:16",
        "20:21",
        "21:23"
    ],
    "url": "https://www.kanachu.co.jp/dia/diagram/timetable01_js/course:0000803714-2/node:00127456/kt:0/lname:/"
}
