{
    "date": "2025/11/16",
    "name": "白岩大門",
    "position": "-",
    "system": "磯14",
    "destinations": [
        "八坂神社(中郡大磯町)",
        "城山公園前(中郡大磯町)",
        "本郷橋(中郡大磯町)",
        "城の下",
        "馬場(中郡大磯町)",
        "馬場公園",
        "月京",
        "湘南大磯病院",
        "石神台東公園前",
        "南公園前(中郡大磯町)",
        "西公園前(中郡大磯町)",
        "富士見が丘2丁目",
        "富士見が丘3丁目",
        "向山橋",
        "元町(中郡二宮町)",
        "二宮駅北口"
    ],
    "weekday": [
        "5:59",
        "6:38",
        "7:04",
        "7:39",
        "8:29",
        "9:04",
        "9:39",
        "10:39",
        "11:44",
        "12:39",
        "13:44",
        "14:39",
        "15:44",
        "16:39",
        "17:44",
        "18:29",
        "19:14",
        "20:19",
        "21:52"
    ],
    "saturday": [
        "6:24",
        "7:24",
        "8:19",
        "9:19",
        "10:24",
        "11:19",
        "12:24",
        "13:19",
        "14:24",
        "15:19",
        "16:24",
        "17:19",
        "18:24",
        "19:19",
        "20:24",
        "21:26"
    ],
    "holiday": [
        "6:24",
        "7:24",
        "8:19",
        "9:19",
        "10:24",
        "11:19",
        "12:24",
        "13:19",
        "14:24",
        "15:19",
        "16:24",
        "17:19",
        "18:24",
        "19:19",
        "20:24",
        "21:26"
    ],
    "url": "https://www.kanachu.co.jp/dia/diagram/timetable01_js/course:0000803714-4/node:00127479/kt:0/lname:/"
}
