{
    "date": "2025/11/16",
    "name": "城の下",
    "position": "-",
    "system": "磯14",
    "destinations": [
        "馬場(中郡大磯町)",
        "馬場公園",
        "月京",
        "湘南大磯病院",
        "石神台東公園前",
        "南公園前(中郡大磯町)",
        "西公園前(中郡大磯町)",
        "富士見が丘2丁目",
        "富士見が丘3丁目",
        "向山橋",
        "元町(中郡二宮町)",
        "二宮駅北口"
    ],
    "weekday": [
        "6:04",
        "6:43",
        "7:09",
        "7:44",
        "8:34",
        "9:08",
        "9:43",
        "10:43",
        "11:48",
        "12:43",
        "13:48",
        "14:43",
        "15:48",
        "16:43",
        "17:49",
        "18:34",
        "19:18",
        "20:23",
        "21:56"
    ],
    "saturday": [
        "6:28",
        "7:28",
        "8:23",
        "9:23",
        "10:28",
        "11:23",
        "12:28",
        "13:23",
        "14:28",
        "15:23",
        "16:28",
        "17:23",
        "18:28",
        "19:23",
        "20:28",
        "21:30"
    ],
    "holiday": [
        "6:28",
        "7:28",
        "8:23",
        "9:23",
        "10:28",
        "11:23",
        "12:28",
        "13:23",
        "14:28",
        "15:23",
        "16:28",
        "17:23",
        "18:28",
        "19:23",
        "20:28",
        "21:30"
    ],
    "url": "https://www.kanachu.co.jp/dia/diagram/timetable01_js/course:0000803714-8/node:00127695/kt:0/lname:/"
}
