{
    "date": "2025/11/16",
    "name": "大町(平塚市)",
    "position": "-",
    "system": "伊18",
    "destinations": [
        "日向岡入口",
        "日向岡二丁目",
        "日向岡一丁目",
        "湘南日向岡",
        "長久保(平塚市)",
        "公所(平塚市)",
        "江東",
        "広川(平塚市)",
        "金旭中学校入口",
        "広川矢崎",
        "片岡(平塚市)",
        "片岡北",
        "平塚西郵便局前",
        "丸島",
        "あいの坂",
        "みどりヶ丘(平塚市)",
        "王御住グランド前",
        "岡崎城址入口",
        "大句",
        "城所入口",
        "矢羽根",
        "馬渡(伊勢原市)",
        "下大竹",
        "伊勢原中学校前",
        "伊勢原駅南口"
    ],
    "weekday": [
        "6:22",
        "6:53",
        "7:21",
        "7:53",
        "8:33",
        "9:20",
        "9:53",
        "10:33",
        "11:33",
        "12:33",
        "13:33",
        "14:33",
        "15:33",
        "16:33",
        "17:33",
        "18:28",
        "19:03",
        "19:28",
        "20:03"
    ],
    "saturday": [
        "6:25",
        "7:23",
        "7:53",
        "8:23",
        "9:18",
        "9:43",
        "10:43",
        "11:43",
        "12:43",
        "13:43",
        "14:43",
        "15:43",
        "16:43",
        "17:43",
        "18:43",
        "19:43"
    ],
    "holiday": [
        "7:23",
        "8:23",
        "9:18",
        "9:43",
        "10:43",
        "11:43",
        "12:43",
        "13:43",
        "14:43",
        "15:43",
        "16:43",
        "17:43",
        "18:43",
        "19:43"
    ],
    "url": "https://www.kanachu.co.jp/dia/diagram/timetable01_js/course:0000801170-5/node:00127565/kt:0/lname:/"
}
