{
    "date": "2025/11/16",
    "name": "片岡(平塚市)",
    "position": "-",
    "system": "伊18",
    "destinations": [
        "片岡北",
        "平塚西郵便局前",
        "丸島",
        "あいの坂",
        "みどりヶ丘(平塚市)",
        "王御住グランド前",
        "岡崎城址入口",
        "大句",
        "城所入口",
        "矢羽根",
        "馬渡(伊勢原市)",
        "下大竹",
        "伊勢原中学校前",
        "伊勢原駅南口"
    ],
    "weekday": [
        "6:35",
        "7:06",
        "7:34",
        "8:06",
        "8:46",
        "9:31",
        "10:04",
        "10:44",
        "11:44",
        "12:44",
        "13:44",
        "14:44",
        "15:44",
        "16:46",
        "17:44",
        "18:39",
        "19:14",
        "19:38",
        "20:13"
    ],
    "saturday": [
        "6:34",
        "7:34",
        "8:04",
        "8:34",
        "9:29",
        "9:54",
        "10:54",
        "11:54",
        "12:54",
        "13:54",
        "14:54",
        "15:54",
        "16:54",
        "17:53",
        "18:53",
        "19:53"
    ],
    "holiday": [
        "7:34",
        "8:34",
        "9:29",
        "9:54",
        "10:54",
        "11:54",
        "12:54",
        "13:54",
        "14:54",
        "15:54",
        "16:54",
        "17:53",
        "18:53",
        "19:53"
    ],
    "url": "https://www.kanachu.co.jp/dia/diagram/timetable01_js/course:0000801170-16/node:00127733/kt:0/lname:/"
}
