{
    "date": "2025/11/16",
    "name": "平塚西郵便局前",
    "position": "-",
    "system": "伊18",
    "destinations": [
        "丸島",
        "あいの坂",
        "みどりヶ丘(平塚市)",
        "王御住グランド前",
        "岡崎城址入口",
        "大句",
        "城所入口",
        "矢羽根",
        "馬渡(伊勢原市)",
        "下大竹",
        "伊勢原中学校前",
        "伊勢原駅南口"
    ],
    "weekday": [
        "6:39",
        "7:10",
        "7:38",
        "8:10",
        "8:50",
        "9:34",
        "10:07",
        "10:47",
        "11:47",
        "12:47",
        "13:47",
        "14:47",
        "15:47",
        "16:49",
        "17:47",
        "18:42",
        "19:17",
        "19:41",
        "20:16"
    ],
    "saturday": [
        "6:37",
        "7:37",
        "8:07",
        "8:37",
        "9:32",
        "9:57",
        "10:57",
        "11:57",
        "12:57",
        "13:57",
        "14:57",
        "15:57",
        "16:57",
        "17:56",
        "18:56",
        "19:56"
    ],
    "holiday": [
        "7:37",
        "8:37",
        "9:32",
        "9:57",
        "10:57",
        "11:57",
        "12:57",
        "13:57",
        "14:57",
        "15:57",
        "16:57",
        "17:56",
        "18:56",
        "19:56"
    ],
    "url": "https://www.kanachu.co.jp/dia/diagram/timetable01_js/course:0000801170-18/node:00128088/kt:0/lname:/"
}
