{
    "date": "2025/11/16",
    "name": "岡崎城址入口",
    "position": "-",
    "system": "伊18",
    "destinations": [
        "大句",
        "城所入口",
        "矢羽根",
        "馬渡(伊勢原市)",
        "下大竹",
        "伊勢原中学校前",
        "伊勢原駅南口"
    ],
    "weekday": [
        "6:47",
        "7:18",
        "7:46",
        "8:18",
        "8:58",
        "9:41",
        "10:14",
        "10:54",
        "11:54",
        "12:54",
        "13:54",
        "14:54",
        "15:54",
        "16:57",
        "17:55",
        "18:50",
        "19:25",
        "19:48",
        "20:23"
    ],
    "saturday": [
        "6:44",
        "7:44",
        "8:14",
        "8:44",
        "9:39",
        "10:04",
        "11:04",
        "12:04",
        "13:04",
        "14:04",
        "15:04",
        "16:04",
        "17:04",
        "18:03",
        "19:03",
        "20:03"
    ],
    "holiday": [
        "7:44",
        "8:44",
        "9:39",
        "10:04",
        "11:04",
        "12:04",
        "13:04",
        "14:04",
        "15:04",
        "16:04",
        "17:04",
        "18:03",
        "19:03",
        "20:03"
    ],
    "url": "https://www.kanachu.co.jp/dia/diagram/timetable01_js/course:0000801170-23/node:00128218/kt:0/lname:/"
}
