{
    "date": "2025/11/16",
    "name": "城所入口",
    "position": "-",
    "system": "伊18",
    "destinations": [
        "矢羽根",
        "馬渡(伊勢原市)",
        "下大竹",
        "伊勢原中学校前",
        "伊勢原駅南口"
    ],
    "weekday": [
        "6:51",
        "7:22",
        "7:50",
        "8:22",
        "9:02",
        "9:45",
        "10:18",
        "10:58",
        "11:58",
        "12:58",
        "13:58",
        "14:58",
        "15:58",
        "17:01",
        "17:59",
        "18:54",
        "19:29",
        "19:51",
        "20:26"
    ],
    "saturday": [
        "6:47",
        "7:47",
        "8:17",
        "8:47",
        "9:42",
        "10:07",
        "11:07",
        "12:07",
        "13:07",
        "14:07",
        "15:07",
        "16:07",
        "17:07",
        "18:06",
        "19:06",
        "20:06"
    ],
    "holiday": [
        "7:47",
        "8:47",
        "9:42",
        "10:07",
        "11:07",
        "12:07",
        "13:07",
        "14:07",
        "15:07",
        "16:07",
        "17:07",
        "18:06",
        "19:06",
        "20:06"
    ],
    "url": "https://www.kanachu.co.jp/dia/diagram/timetable01_js/course:0000801170-25/node:00128061/kt:0/lname:/"
}
