{
    "date": "2025/07/12",
    "name": "藤沢公民館前",
    "position": "-",
    "system": "藤58",
    "destinations": [
        "本町消防出張所前",
        "藤沢市民病院",
        "白旗神社前",
        "聖園女学院前",
        "藤沢翔陵高校前",
        "亀井野団地入口",
        "新田(藤沢市)",
        "俣野原",
        "下屋敷(藤沢市)",
        "亀井野",
        "亀井野三丁目",
        "六会市民センター入口",
        "六会日大前駅"
    ],
    "weekday": [
        "20:26",
        "21:26"
    ],
    "saturday": [
        "9:14",
        "18:14",
        "19:14",
        "20:14"
    ],
    "holiday": [
        "9:14",
        "18:14",
        "19:14",
        "20:14"
    ],
    "url": "https://www.kanachu.co.jp/dia/diagram/timetable01_js/course:0000802717-4/node:00127010/kt:0/lname:/"
}
