{
    "date": "2025/03/15",
    "name": "横浜泉郵便局前",
    "position": "-",
    "system": "",
    "destinations": [
        "芝原(横浜市泉区)",
        "富士塚(横浜市泉区)",
        "泉警察署前",
        "いずみ野駅",
        "グリーンハイム前",
        "松陽高校前",
        "三家(横浜市泉区)",
        "早稲田(横浜市泉区)",
        "ひなた山第一",
        "ひなた山バザール前",
        "ひなた山第二",
        "下瀬谷坂上",
        "下瀬谷"
    ],
    "weekday": [
        "21:48",
        "23:01"
    ],
    "saturday": [
        "21:23",
        "22:23"
    ],
    "holiday": [
        "21:23",
        "22:23"
    ],
    "url": "https://www.kanachu.co.jp/dia/diagram/timetable01_js/course:0000800438-4/node:00126934/kt:0/lname:/"
}
