{
    "date": "2025/03/15",
    "name": "泉警察署前",
    "position": "-",
    "system": "",
    "destinations": [
        "いずみ野駅",
        "グリーンハイム前",
        "松陽高校前",
        "三家(横浜市泉区)",
        "早稲田(横浜市泉区)",
        "ひなた山第一",
        "ひなた山バザール前",
        "ひなた山第二",
        "下瀬谷坂上",
        "下瀬谷"
    ],
    "weekday": [
        "21:51",
        "23:04"
    ],
    "saturday": [
        "21:26",
        "22:26"
    ],
    "holiday": [
        "21:26",
        "22:26"
    ],
    "url": "https://www.kanachu.co.jp/dia/diagram/timetable01_js/course:0000800438-7/node:00126904/kt:0/lname:/"
}
