{
    "date": "2025/03/15",
    "name": "グリーンハイム前",
    "position": "-",
    "system": "い12",
    "destinations": [
        "松陽高校前",
        "三家(横浜市泉区)",
        "早稲田(横浜市泉区)",
        "ひなた山第一",
        "ひなた山バザール前",
        "ひなた山第二",
        "下瀬谷坂上",
        "下瀬谷"
    ],
    "weekday": [
        "21:56",
        "23:09"
    ],
    "saturday": [
        "21:31",
        "22:31"
    ],
    "holiday": [
        "21:31",
        "22:31"
    ],
    "url": "https://www.kanachu.co.jp/dia/diagram/timetable01_js/course:0000800438-9/node:00126940/kt:0/lname:/"
}
