{
    "date": "2025/03/15",
    "name": "ひなた山第一",
    "position": "-",
    "system": "",
    "destinations": [
        "ひなた山バザール前",
        "ひなた山第二",
        "下瀬谷坂上",
        "下瀬谷"
    ],
    "weekday": [
        "22:02",
        "23:15"
    ],
    "saturday": [
        "21:37",
        "22:37"
    ],
    "holiday": [
        "21:37",
        "22:37"
    ],
    "url": "https://www.kanachu.co.jp/dia/diagram/timetable01_js/course:0000800438-13/node:00126800/kt:0/lname:/"
}
