{
    "date": "2025/04/01",
    "name": "ひばりが丘一丁目(座間市)",
    "position": "-",
    "system": "林03",
    "destinations": [
        "小松原二丁目",
        "小松原(座間市)",
        "イオンモール座間入口",
        "イオンモール座間"
    ],
    "weekday": [
        "6:19",
        "6:34",
        "6:59",
        "7:09",
        "7:19",
        "7:29",
        "7:39",
        "7:49",
        "8:00",
        "8:06",
        "8:12",
        "8:18",
        "8:24",
        "8:36",
        "8:42",
        "8:49",
        "8:59",
        "9:09",
        "9:24",
        "9:49",
        "10:09",
        "10:29",
        "10:49",
        "11:09",
        "11:29",
        "11:49",
        "12:09",
        "12:29",
        "12:49",
        "13:09",
        "13:29",
        "13:49",
        "14:09",
        "14:29",
        "14:49",
        "15:09",
        "15:29",
        "15:49",
        "16:09",
        "16:29",
        "16:49",
        "17:09",
        "17:29",
        "17:49",
        "17:59",
        "18:09",
        "18:29",
        "19:04",
        "19:19",
        "19:39",
        "20:09",
        "20:34",
        "21:04",
        "21:39",
        "22:33"
    ],
    "saturday": [
        "6:29",
        "7:09",
        "7:29",
        "7:49",
        "8:09",
        "8:29",
        "8:49",
        "9:09",
        "9:29",
        "9:49",
        "10:09",
        "10:29",
        "10:49",
        "11:09",
        "11:29",
        "11:49",
        "12:09",
        "12:29",
        "12:49",
        "13:09",
        "13:29",
        "13:49",
        "14:09",
        "14:29",
        "14:49",
        "15:09",
        "15:29",
        "15:49",
        "16:09",
        "16:29",
        "16:49",
        "17:09",
        "17:29",
        "17:49",
        "18:09",
        "18:29",
        "18:49",
        "19:09",
        "19:29",
        "19:49",
        "20:09",
        "20:29",
        "20:49",
        "21:24",
        "22:05"
    ],
    "holiday": [
        "6:34",
        "7:09",
        "7:49",
        "8:09",
        "8:29",
        "8:49",
        "9:09",
        "9:29",
        "9:49",
        "10:09",
        "10:29",
        "10:49",
        "11:09",
        "11:29",
        "11:49",
        "12:09",
        "12:29",
        "12:49",
        "13:09",
        "13:29",
        "13:49",
        "14:09",
        "14:49",
        "15:09",
        "15:49",
        "16:09",
        "16:49",
        "17:09",
        "17:49",
        "18:09",
        "18:49",
        "19:09",
        "19:49",
        "20:09",
        "20:49",
        "21:09"
    ],
    "url": "https://www.kanachu.co.jp/dia/diagram/timetable01_js/course:0000803724-5/node:00129682/kt:0/lname:/"
}
