{
    "date": "2025/03/15",
    "name": "下河原(高座郡寒川町)",
    "position": "-",
    "system": "茅53",
    "destinations": [
        "旭ファイバー寮前",
        "新明和前(高座郡寒川町)",
        "東京応化工業前",
        "寒川工業団地入口",
        "萩園第一公園前",
        "西の谷(茅ケ崎市)",
        "走内",
        "アルバック前",
        "古川(茅ケ崎市)",
        "辻東(茅ケ崎市)",
        "鶴嶺小学校前",
        "登象",
        "肥地力",
        "保健所前(茅ケ崎市)",
        "ジャスコ前(茅ケ崎市)",
        "市民文化会館前(茅ケ崎市)",
        "茅ヶ崎駅"
    ],
    "weekday": [
        "6:57",
        "7:21",
        "7:40",
        "8:00",
        "8:20",
        "8:40",
        "9:01",
        "9:26",
        "10:19",
        "10:59",
        "11:39",
        "12:19",
        "12:59",
        "13:39",
        "14:19",
        "14:59",
        "15:39",
        "16:19",
        "17:01",
        "17:31",
        "18:01",
        "18:36",
        "19:01",
        "19:26",
        "20:01",
        "21:03"
    ],
    "saturday": [
        "7:00",
        "7:32",
        "7:58",
        "8:45",
        "9:43",
        "10:38",
        "11:38",
        "12:38",
        "13:38",
        "14:38",
        "15:38",
        "16:38",
        "17:38",
        "18:38",
        "19:38"
    ],
    "holiday": [
        "8:03",
        "8:43",
        "9:43",
        "10:38",
        "11:38",
        "12:38",
        "13:38",
        "14:38",
        "15:38",
        "16:38",
        "17:38",
        "18:38",
        "19:38"
    ],
    "url": "https://www.kanachu.co.jp/dia/diagram/timetable01_js/course:0000800909-5/node:00127213/kt:0/lname:/"
}
