{
    "date": "2025/03/15",
    "name": "旭ファイバー寮前",
    "position": "-",
    "system": "茅53",
    "destinations": [
        "新明和前(高座郡寒川町)",
        "東京応化工業前",
        "寒川工業団地入口",
        "萩園第一公園前",
        "西の谷(茅ケ崎市)",
        "走内",
        "アルバック前",
        "古川(茅ケ崎市)",
        "辻東(茅ケ崎市)",
        "鶴嶺小学校前",
        "登象",
        "肥地力",
        "保健所前(茅ケ崎市)",
        "ジャスコ前(茅ケ崎市)",
        "市民文化会館前(茅ケ崎市)",
        "茅ヶ崎駅"
    ],
    "weekday": [
        "6:58",
        "7:22",
        "7:41",
        "8:01",
        "8:21",
        "8:41",
        "9:02",
        "9:27",
        "10:20",
        "11:00",
        "11:40",
        "12:20",
        "13:00",
        "13:40",
        "14:20",
        "15:00",
        "15:40",
        "16:20",
        "17:02",
        "17:32",
        "18:02",
        "18:37",
        "19:02",
        "19:27",
        "20:02",
        "21:04"
    ],
    "saturday": [
        "7:01",
        "7:33",
        "7:59",
        "8:46",
        "9:44",
        "10:39",
        "11:39",
        "12:39",
        "13:39",
        "14:39",
        "15:39",
        "16:39",
        "17:39",
        "18:39",
        "19:39"
    ],
    "holiday": [
        "8:04",
        "8:44",
        "9:44",
        "10:39",
        "11:39",
        "12:39",
        "13:39",
        "14:39",
        "15:39",
        "16:39",
        "17:39",
        "18:39",
        "19:39"
    ],
    "url": "https://www.kanachu.co.jp/dia/diagram/timetable01_js/course:0000800909-6/node:00127212/kt:0/lname:/"
}
