{
    "date": "2025/03/15",
    "name": "鶴嶺小学校前",
    "position": "-",
    "system": "茅53",
    "destinations": [
        "登象",
        "肥地力",
        "保健所前(茅ケ崎市)",
        "ジャスコ前(茅ケ崎市)",
        "市民文化会館前(茅ケ崎市)",
        "茅ヶ崎駅"
    ],
    "weekday": [
        "7:13",
        "7:38",
        "7:57",
        "8:17",
        "8:37",
        "8:57",
        "9:18",
        "9:43",
        "10:36",
        "11:16",
        "11:56",
        "12:36",
        "13:16",
        "13:56",
        "14:36",
        "15:16",
        "15:56",
        "16:36",
        "17:18",
        "17:48",
        "18:18",
        "18:53",
        "19:18",
        "19:43",
        "20:16",
        "21:18"
    ],
    "saturday": [
        "7:15",
        "7:47",
        "8:15",
        "9:02",
        "10:00",
        "10:55",
        "11:55",
        "12:55",
        "13:55",
        "14:55",
        "15:55",
        "16:55",
        "17:55",
        "18:55",
        "19:55"
    ],
    "holiday": [
        "8:20",
        "9:00",
        "10:00",
        "10:55",
        "11:55",
        "12:55",
        "13:55",
        "14:55",
        "15:55",
        "16:55",
        "17:55",
        "18:55",
        "19:55"
    ],
    "url": "https://www.kanachu.co.jp/dia/diagram/timetable01_js/course:0000800909-16/node:00127200/kt:0/lname:/"
}
