{
    "date": "2025/03/15",
    "name": "保健所前(茅ケ崎市)",
    "position": "-",
    "system": "茅53",
    "destinations": [
        "ジャスコ前(茅ケ崎市)",
        "市民文化会館前(茅ケ崎市)",
        "茅ヶ崎駅"
    ],
    "weekday": [
        "7:17",
        "7:42",
        "8:01",
        "8:21",
        "8:41",
        "9:01",
        "9:22",
        "9:47",
        "10:40",
        "11:20",
        "12:00",
        "12:40",
        "13:20",
        "14:00",
        "14:40",
        "15:20",
        "16:00",
        "16:40",
        "17:22",
        "17:52",
        "18:22",
        "18:57",
        "19:22",
        "19:47",
        "20:19",
        "21:21"
    ],
    "saturday": [
        "7:19",
        "7:51",
        "8:19",
        "9:06",
        "10:04",
        "10:59",
        "11:59",
        "12:59",
        "13:59",
        "14:59",
        "15:59",
        "16:59",
        "17:59",
        "18:59",
        "19:59"
    ],
    "holiday": [
        "8:24",
        "9:04",
        "10:04",
        "10:59",
        "11:59",
        "12:59",
        "13:59",
        "14:59",
        "15:59",
        "16:59",
        "17:59",
        "18:59",
        "19:59"
    ],
    "url": "https://www.kanachu.co.jp/dia/diagram/timetable01_js/course:0000800909-19/node:00127271/kt:0/lname:/"
}
