{
    "date": "2025/03/15",
    "name": "ジャスコ前(茅ケ崎市)",
    "position": "-",
    "system": "茅53",
    "destinations": [
        "市民文化会館前(茅ケ崎市)",
        "茅ヶ崎駅"
    ],
    "weekday": [
        "7:18",
        "7:43",
        "8:02",
        "8:22",
        "8:42",
        "9:02",
        "9:23",
        "9:48",
        "10:41",
        "11:21",
        "12:01",
        "12:41",
        "13:21",
        "14:01",
        "14:41",
        "15:21",
        "16:01",
        "16:41",
        "17:23",
        "17:53",
        "18:23",
        "18:58",
        "19:23",
        "19:48",
        "20:20",
        "21:22"
    ],
    "saturday": [
        "7:20",
        "7:52",
        "8:20",
        "9:07",
        "10:05",
        "11:00",
        "12:00",
        "13:00",
        "14:00",
        "15:00",
        "16:00",
        "17:00",
        "18:00",
        "19:00",
        "20:00"
    ],
    "holiday": [
        "8:25",
        "9:05",
        "10:05",
        "11:00",
        "12:00",
        "13:00",
        "14:00",
        "15:00",
        "16:00",
        "17:00",
        "18:00",
        "19:00",
        "20:00"
    ],
    "url": "https://www.kanachu.co.jp/dia/diagram/timetable01_js/course:0000800909-20/node:00127288/kt:0/lname:/"
}
