{
    "system": "茅53",
    "busstops": [
        {
            "index": "1",
            "id": "00127314",
            "name": "寒川駅南口",
            "lat": "35.367285",
            "lng": "139.385773"
        },
        {
            "index": "2",
            "id": "00127170",
            "name": "一之宮(高座郡寒川町)",
            "lat": "35.365922",
            "lng": "139.38159"
        },
        {
            "index": "3",
            "id": "00127215",
            "name": "笠谷入口",
            "lat": "35.364418",
            "lng": "139.377338"
        },
        {
            "index": "4",
            "id": "00127214",
            "name": "八角広場前",
            "lat": "35.364322",
            "lng": "139.375092"
        },
        {
            "index": "5",
            "id": "00127213",
            "name": "下河原(高座郡寒川町)",
            "lat": "35.361272",
            "lng": "139.373167"
        },
        {
            "index": "6",
            "id": "00127212",
            "name": "旭ファイバー寮前",
            "lat": "35.359512",
            "lng": "139.372802"
        },
        {
            "index": "7",
            "id": "00127211",
            "name": "新明和前(高座郡寒川町)",
            "lat": "35.356383",
            "lng": "139.372997"
        },
        {
            "index": "8",
            "id": "00127318",
            "name": "東京応化工業前",
            "lat": "35.354771",
            "lng": "139.376205"
        },
        {
            "index": "9",
            "id": "00127210",
            "name": "寒川工業団地入口",
            "lat": "35.351732",
            "lng": "139.375962"
        },
        {
            "index": "10",
            "id": "00127317",
            "name": "萩園第一公園前",
            "lat": "35.348266",
            "lng": "139.37744"
        },
        {
            "index": "11",
            "id": "00127205",
            "name": "西の谷(茅ケ崎市)",
            "lat": "35.346383",
            "lng": "139.379601"
        },
        {
            "index": "12",
            "id": "00127204",
            "name": "走内",
            "lat": "35.343395",
            "lng": "139.379241"
        },
        {
            "index": "13",
            "id": "00127203",
            "name": "アルバック前",
            "lat": "35.339811",
            "lng": "139.378486"
        },
        {
            "index": "14",
            "id": "00127202",
            "name": "古川(茅ケ崎市)",
            "lat": "35.338686",
            "lng": "139.379841"
        },
        {
            "index": "15",
            "id": "00127201",
            "name": "辻東(茅ケ崎市)",
            "lat": "35.338256",
            "lng": "139.383679"
        },
        {
            "index": "16",
            "id": "00127200",
            "name": "鶴嶺小学校前",
            "lat": "35.337223",
            "lng": "139.389531"
        },
        {
            "index": "17",
            "id": "00127199",
            "name": "登象",
            "lat": "35.336759",
            "lng": "139.393725"
        },
        {
            "index": "18",
            "id": "00127160",
            "name": "肥地力",
            "lat": "35.33591",
            "lng": "139.398806"
        },
        {
            "index": "19",
            "id": "00127271",
            "name": "保健所前(茅ケ崎市)",
            "lat": "35.33472",
            "lng": "139.399281"
        },
        {
            "index": "20",
            "id": "00127288",
            "name": "ジャスコ前(茅ケ崎市)",
            "lat": "35.33545",
            "lng": "139.402879"
        },
        {
            "index": "21",
            "id": "00127171",
            "name": "市民文化会館前(茅ケ崎市)",
            "lat": "35.335179",
            "lng": "139.404774"
        },
        {
            "index": "22",
            "id": "00127126",
            "name": "茅ヶ崎駅",
            "lat": "35.331146",
            "lng": "139.406276"
        }
    ],
    "route_url": "https://www.kanachu.co.jp/dia/route/index/cid:0000800909/"
}
