{
    "date": "2026/01/16",
    "name": "武蔵中山台西",
    "position": "-",
    "system": "中57",
    "destinations": [
        "武蔵中山台東",
        "けやき通り(横浜市緑区)",
        "萬徳寺別院前",
        "薬師谷戸",
        "台村町",
        "中山駅"
    ],
    "weekday": [
        "9:56"
    ],
    "saturday": [
        "9:56"
    ],
    "holiday": [],
    "url": "https://www.kanachu.co.jp/dia/diagram/timetable01_js/course:0000804039-2/node:00130391/kt:0/lname:/"
}
