{
    "date": "2025/07/12",
    "name": "緑ヶ丘(藤沢市)",
    "position": "-",
    "system": "藤55",
    "destinations": [
        "遊行寺坂上",
        "藤沢橋",
        "藤沢駅北口"
    ],
    "weekday": [],
    "saturday": [
        "9:04",
        "10:04",
        "11:07",
        "12:07",
        "13:07",
        "14:07",
        "15:07",
        "16:08",
        "17:08",
        "18:08",
        "19:08",
        "20:07"
    ],
    "holiday": [
        "9:04",
        "10:04",
        "11:07",
        "12:07",
        "13:07",
        "14:07",
        "15:07",
        "16:08",
        "17:08",
        "18:08",
        "19:08",
        "20:07"
    ],
    "url": "https://www.kanachu.co.jp/dia/diagram/timetable01_js/course:0000803075-8/node:00126977/kt:0/lname:/"
}
