{
    "date": "2022/02/05",
    "name": "柳島(茅ケ崎市)",
    "position": "-",
    "system": "茅33",
    "destinations": [
        "松尾(茅ケ崎市)",
        "松尾入口",
        "団地北口(茅ケ崎市)",
        "団地中央(茅ケ崎市)",
        "仲町(茅ケ崎市)",
        "中海岸四丁目",
        "中海岸",
        "会館前(茅ケ崎市)",
        "幸町(茅ケ崎市)",
        "茅ヶ崎駅南口"
    ],
    "weekday": [
        "5:51",
        "6:07",
        "6:23",
        "6:39",
        "6:55",
        "7:10",
        "7:24",
        "7:38",
        "7:52",
        "8:06"
    ],
    "saturday": [
        "5:56",
        "6:22",
        "6:42",
        "7:02",
        "7:22",
        "7:42",
        "8:02",
        "8:22"
    ],
    "holiday": [
        "5:56",
        "6:22",
        "6:42",
        "7:02",
        "7:22",
        "7:42",
        "8:02",
        "8:22"
    ],
    "url": "https://www.kanachu.co.jp/dia/diagram/timetable01_js/course:0000800891-2/node:00127259/kt:0/lname:/"
}
