{
    "date": "2025/01/14",
    "name": "公所(厚木市)",
    "position": "-",
    "system": "厚12",
    "destinations": [
        "桝割",
        "子合",
        "荻野新宿",
        "宿原入口",
        "糀屋前(厚木市)",
        "松蓮寺",
        "妻田薬師",
        "中村入口(厚木市)",
        "妻田",
        "三家入口(厚木市)",
        "木売場",
        "市立病院前(厚木市)",
        "税務署入口(厚木市)",
        "市役所入口(厚木市)",
        "本厚木駅",
        "厚木バスセンター"
    ],
    "weekday": [
        "5:41",
        "5:56",
        "6:16",
        "6:26",
        "6:46",
        "7:06",
        "7:16",
        "7:36",
        "7:56",
        "8:16",
        "8:46",
        "9:11",
        "9:31",
        "9:51",
        "10:16",
        "10:51",
        "11:06",
        "11:36",
        "12:06",
        "12:36",
        "13:06",
        "13:36",
        "14:06",
        "14:36",
        "15:06",
        "15:36",
        "16:06",
        "16:36",
        "16:56",
        "17:11",
        "17:31",
        "17:51",
        "18:11",
        "18:31",
        "19:01",
        "19:26",
        "20:23"
    ],
    "saturday": [
        "6:24",
        "6:49",
        "7:18",
        "7:33",
        "7:53",
        "8:18",
        "8:33",
        "8:53",
        "9:18",
        "9:33",
        "9:53",
        "10:13",
        "10:33",
        "10:53",
        "11:03",
        "11:33",
        "12:03",
        "12:33",
        "13:03",
        "13:33",
        "14:03",
        "14:33",
        "15:03",
        "16:03",
        "17:03",
        "18:03",
        "19:09",
        "20:26"
    ],
    "holiday": [
        "6:24",
        "6:54",
        "7:18",
        "7:53",
        "8:13",
        "8:33",
        "8:53",
        "9:13",
        "9:33",
        "9:53",
        "10:03",
        "10:33",
        "11:03",
        "11:33",
        "12:03",
        "12:33",
        "13:03",
        "13:33",
        "14:03",
        "14:33",
        "15:03",
        "16:03",
        "17:03",
        "18:03",
        "19:08",
        "20:17"
    ],
    "url": "https://www.kanachu.co.jp/dia/diagram/timetable01_js/course:0000802834-13/node:00128271/kt:0/lname:/"
}
