{
    "date": "2025/01/14",
    "name": "松蓮寺",
    "position": "-",
    "system": "厚12",
    "destinations": [
        "妻田薬師",
        "中村入口(厚木市)",
        "妻田",
        "三家入口(厚木市)",
        "木売場",
        "市立病院前(厚木市)",
        "税務署入口(厚木市)",
        "市役所入口(厚木市)",
        "本厚木駅",
        "厚木バスセンター"
    ],
    "weekday": [
        "5:48",
        "6:03",
        "6:23",
        "6:33",
        "6:53",
        "7:13",
        "7:23",
        "7:43",
        "8:03",
        "8:23",
        "8:53",
        "9:18",
        "9:38",
        "9:58",
        "10:23",
        "10:58",
        "11:13",
        "11:43",
        "12:13",
        "12:43",
        "13:13",
        "13:43",
        "14:13",
        "14:43",
        "15:13",
        "15:43",
        "16:13",
        "16:43",
        "17:03",
        "17:18",
        "17:38",
        "17:58",
        "18:18",
        "18:38",
        "19:07",
        "19:32",
        "20:29"
    ],
    "saturday": [
        "6:31",
        "6:56",
        "7:25",
        "7:40",
        "8:00",
        "8:25",
        "8:40",
        "9:00",
        "9:25",
        "9:40",
        "10:00",
        "10:20",
        "10:40",
        "11:00",
        "11:10",
        "11:40",
        "12:10",
        "12:40",
        "13:10",
        "13:40",
        "14:10",
        "14:40",
        "15:10",
        "16:10",
        "17:10",
        "18:10",
        "19:15",
        "20:32"
    ],
    "holiday": [
        "6:31",
        "7:01",
        "7:25",
        "8:00",
        "8:20",
        "8:40",
        "9:00",
        "9:20",
        "9:40",
        "10:00",
        "10:10",
        "10:40",
        "11:10",
        "11:40",
        "12:10",
        "12:40",
        "13:10",
        "13:40",
        "14:10",
        "14:40",
        "15:10",
        "16:10",
        "17:10",
        "18:10",
        "19:15",
        "20:24"
    ],
    "url": "https://www.kanachu.co.jp/dia/diagram/timetable01_js/course:0000802834-19/node:00128265/kt:0/lname:/"
}
