{
    "date": "2025/01/14",
    "name": "中村入口(厚木市)",
    "position": "-",
    "system": "厚12",
    "destinations": [
        "妻田",
        "三家入口(厚木市)",
        "木売場",
        "市立病院前(厚木市)",
        "税務署入口(厚木市)",
        "市役所入口(厚木市)",
        "本厚木駅",
        "厚木バスセンター"
    ],
    "weekday": [
        "5:52",
        "6:07",
        "6:27",
        "6:37",
        "6:57",
        "7:17",
        "7:27",
        "7:47",
        "8:07",
        "8:27",
        "8:57",
        "9:22",
        "9:42",
        "10:02",
        "10:27",
        "11:02",
        "11:17",
        "11:47",
        "12:17",
        "12:47",
        "13:17",
        "13:47",
        "14:17",
        "14:47",
        "15:17",
        "15:47",
        "16:17",
        "16:47",
        "17:07",
        "17:22",
        "17:42",
        "18:02",
        "18:22",
        "18:42",
        "19:10",
        "19:35",
        "20:32"
    ],
    "saturday": [
        "6:33",
        "6:58",
        "7:27",
        "7:43",
        "8:03",
        "8:28",
        "8:43",
        "9:03",
        "9:28",
        "9:43",
        "10:03",
        "10:23",
        "10:43",
        "11:03",
        "11:13",
        "11:43",
        "12:13",
        "12:43",
        "13:13",
        "13:43",
        "14:13",
        "14:43",
        "15:15",
        "16:15",
        "17:15",
        "18:15",
        "19:18",
        "20:35"
    ],
    "holiday": [
        "6:33",
        "7:03",
        "7:27",
        "8:02",
        "8:22",
        "8:42",
        "9:02",
        "9:22",
        "9:42",
        "10:02",
        "10:13",
        "10:43",
        "11:13",
        "11:43",
        "12:13",
        "12:43",
        "13:13",
        "13:43",
        "14:13",
        "14:43",
        "15:15",
        "16:15",
        "17:15",
        "18:15",
        "19:18",
        "20:27"
    ],
    "url": "https://www.kanachu.co.jp/dia/diagram/timetable01_js/course:0000802834-21/node:00128263/kt:0/lname:/"
}
