{
    "system": "町84",
    "busstops": [
        {
            "index": "1",
            "id": "00129552",
            "name": "成瀬駅",
            "lat": "35.535616",
            "lng": "139.473071"
        },
        {
            "index": "2",
            "id": "00129551",
            "name": "成瀬駅ガード南",
            "lat": "35.534402",
            "lng": "139.47391"
        },
        {
            "index": "3",
            "id": "00129550",
            "name": "小川高校入口",
            "lat": "35.531998",
            "lng": "139.471938"
        },
        {
            "index": "4",
            "id": "00129549",
            "name": "小川かえで公園前",
            "lat": "35.530015",
            "lng": "139.471247"
        },
        {
            "index": "5",
            "id": "00129548",
            "name": "小田急団地前",
            "lat": "35.528676",
            "lng": "139.469134"
        },
        {
            "index": "6",
            "id": "00129547",
            "name": "南中学校東(町田市)",
            "lat": "35.526852",
            "lng": "139.466041"
        },
        {
            "index": "7",
            "id": "00129538",
            "name": "南中学校前(町田市)",
            "lat": "35.527808",
            "lng": "139.463898"
        },
        {
            "index": "8",
            "id": "00129539",
            "name": "市営住宅入口(町田市)",
            "lat": "35.529742",
            "lng": "139.46227"
        },
        {
            "index": "9",
            "id": "00129540",
            "name": "金森",
            "lat": "35.532023",
            "lng": "139.461258"
        },
        {
            "index": "10",
            "id": "00129541",
            "name": "金森郵便局前",
            "lat": "35.533804",
            "lng": "139.459644"
        },
        {
            "index": "11",
            "id": "00129542",
            "name": "南橋(町田市)",
            "lat": "35.536445",
            "lng": "139.455972"
        },
        {
            "index": "12",
            "id": "00129543",
            "name": "三塚",
            "lat": "35.538169",
            "lng": "139.453914"
        },
        {
            "index": "13",
            "id": "00129545",
            "name": "町田ターミナル前",
            "lat": "35.540847",
            "lng": "139.448655"
        },
        {
            "index": "14",
            "id": "00025625",
            "name": "町田バスセンター",
            "lat": "35.542707",
            "lng": "139.445092"
        }
    ],
    "route_url": "https://www.kanachu.co.jp/dia/route/index/cid:0000803213/"
}
