{
    "date": "2021/04/01",
    "name": "緑区合同庁舎前(相模原市緑区)",
    "position": "-",
    "system": "橋06",
    "destinations": [
        "上町(相模原市緑区)",
        "大西(相模原市緑区)",
        "相原台",
        "相原中央",
        "二本松(相模原市緑区)",
        "森の上",
        "東原宿",
        "原宿(相模原市緑区)",
        "城山総合事務所入口",
        "久保沢",
        "小倉橋(相模原市緑区)",
        "小倉(相模原市緑区)",
        "河原橋(相模原市緑区)",
        "諏訪の森",
        "湘南小学校前",
        "上葉山",
        "下倉",
        "葉山診療所前",
        "藤木(相模原市緑区)",
        "中平(相模原市緑区)",
        "葉山(相模原市緑区)",
        "下河原(相模原市緑区)",
        "高田橋入口",
        "田名坂上",
        "田名バスターミナル"
    ],
    "weekday": [
        "10:17",
        "12:17",
        "16:17",
        "18:32"
    ],
    "saturday": [
        "8:37",
        "11:32",
        "13:42",
        "17:47"
    ],
    "holiday": [
        "8:37",
        "11:32",
        "13:42",
        "17:47"
    ],
    "url": "https://www.kanachu.co.jp/dia/diagram/timetable01_js/course:0000803041-3/node:00129000/kt:0/lname:/"
}
