{
    "date": "2021/04/01",
    "name": "森の上",
    "position": "-",
    "system": "橋06",
    "destinations": [
        "東原宿",
        "原宿(相模原市緑区)",
        "城山総合事務所入口",
        "久保沢",
        "小倉橋(相模原市緑区)",
        "小倉(相模原市緑区)",
        "河原橋(相模原市緑区)",
        "諏訪の森",
        "湘南小学校前",
        "上葉山",
        "下倉",
        "葉山診療所前",
        "藤木(相模原市緑区)",
        "中平(相模原市緑区)",
        "葉山(相模原市緑区)",
        "下河原(相模原市緑区)",
        "高田橋入口",
        "田名坂上",
        "田名バスターミナル"
    ],
    "weekday": [
        "10:22",
        "12:22",
        "16:22",
        "18:37"
    ],
    "saturday": [
        "8:42",
        "11:37",
        "13:47",
        "17:52"
    ],
    "holiday": [
        "8:42",
        "11:37",
        "13:47",
        "17:52"
    ],
    "url": "https://www.kanachu.co.jp/dia/diagram/timetable01_js/course:0000803041-9/node:00128963/kt:0/lname:/"
}
