{
    "date": "2021/04/01",
    "name": "城山総合事務所入口",
    "position": "-",
    "system": "橋06",
    "destinations": [
        "久保沢",
        "小倉橋(相模原市緑区)",
        "小倉(相模原市緑区)",
        "河原橋(相模原市緑区)",
        "諏訪の森",
        "湘南小学校前",
        "上葉山",
        "下倉",
        "葉山診療所前",
        "藤木(相模原市緑区)",
        "中平(相模原市緑区)",
        "葉山(相模原市緑区)",
        "下河原(相模原市緑区)",
        "高田橋入口",
        "田名坂上",
        "田名バスターミナル"
    ],
    "weekday": [
        "10:25",
        "12:25",
        "16:25",
        "18:40"
    ],
    "saturday": [
        "8:45",
        "11:40",
        "13:50",
        "17:55"
    ],
    "holiday": [
        "8:45",
        "11:40",
        "13:50",
        "17:55"
    ],
    "url": "https://www.kanachu.co.jp/dia/diagram/timetable01_js/course:0000803041-12/node:00128960/kt:0/lname:/"
}
