{
    "date": "2021/04/01",
    "name": "湘南小学校前",
    "position": "-",
    "system": "橋06",
    "destinations": [
        "上葉山",
        "下倉",
        "葉山診療所前",
        "藤木(相模原市緑区)",
        "中平(相模原市緑区)",
        "葉山(相模原市緑区)",
        "下河原(相模原市緑区)",
        "高田橋入口",
        "田名坂上",
        "田名バスターミナル"
    ],
    "weekday": [
        "10:36",
        "12:36",
        "16:36",
        "18:51"
    ],
    "saturday": [
        "8:56",
        "11:51",
        "14:01",
        "18:06"
    ],
    "holiday": [
        "8:56",
        "11:51",
        "14:01",
        "18:06"
    ],
    "url": "https://www.kanachu.co.jp/dia/diagram/timetable01_js/course:0000803041-18/node:00128983/kt:0/lname:/"
}
