{
    "date": "2021/04/01",
    "name": "中平(相模原市緑区)",
    "position": "-",
    "system": "橋06",
    "destinations": [
        "葉山(相模原市緑区)",
        "下河原(相模原市緑区)",
        "高田橋入口",
        "田名坂上",
        "田名バスターミナル"
    ],
    "weekday": [
        "10:42",
        "12:42",
        "16:42",
        "18:57"
    ],
    "saturday": [
        "9:02",
        "11:57",
        "14:07",
        "18:12"
    ],
    "holiday": [
        "9:02",
        "11:57",
        "14:07",
        "18:12"
    ],
    "url": "https://www.kanachu.co.jp/dia/diagram/timetable01_js/course:0000803041-23/node:00128988/kt:0/lname:/"
}
