{
  "date": "2025/04/01",
  "name": "町田ターミナル",
  "position": "-",
  "system": "町24",
  "destinations": [
    "町田バスセンター",
    "町田市役所市民ホール前",
    "第四小学校前(町田市)",
    "森野三丁目",
    "市民病院前(町田市)",
    "浄水場前(町田市)",
    "滝の沢(町田市)",
    "木曽住宅",
    "三家(町田市)",
    "木曽入口",
    "山崎団地入口",
    "山崎団地センター",
    "給水塔前(山崎団地/町田市)",
    "北一号(町田市)",
    "北二号(町田市)",
    "山崎団地"
  ],
  "weekday": [
    "13:05",
    "13:22",
    "13:32",
    "13:53",
    "14:05",
    "14:22",
    "14:32",
    "14:53",
    "15:05",
    "15:22",
    "15:32",
    "15:45",
    "16:04",
    "16:20",
    "16:28",
    "16:45",
    "17:17",
    "17:45",
    "18:17",
    "18:42",
    "19:16",
    "19:48",
    "20:09",
    "20:29",
    "20:49"
  ],
  "saturday": [
    "9:13",
    "9:25",
    "9:49",
    "10:09",
    "10:19",
    "10:28",
    "10:49",
    "10:59",
    "11:18",
    "11:26",
    "11:49",
    "11:59",
    "12:23",
    "12:46",
    "13:00",
    "13:23",
    "13:48",
    "14:14",
    "14:40",
    "14:51",
    "15:14",
    "15:40",
    "15:52",
    "15:59",
    "16:22",
    "16:43",
    "16:53",
    "16:59",
    "17:22",
    "17:33",
    "17:50",
    "17:58",
    "18:20",
    "18:40",
    "18:50",
    "19:13",
    "19:25",
    "19:49",
    "20:11",
    "20:46"
  ],
  "holiday": [
    "9:01",
    "9:21",
    "9:41",
    "9:51",
    "9:59",
    "10:21",
    "10:44",
    "11:01",
    "11:20",
    "11:44",
    "12:01",
    "12:20",
    "12:44",
    "13:01",
    "13:22",
    "13:44",
    "14:01",
    "14:21",
    "14:44",
    "15:01",
    "15:21",
    "15:44",
    "16:01",
    "16:22",
    "16:44",
    "17:13",
    "17:25",
    "17:49",
    "18:12",
    "18:24",
    "18:48",
    "19:16",
    "19:46",
    "20:06",
    "20:41"
  ],
  "url": "https://www.kanachu.co.jp/dia/diagram/timetable01_js/course:0000801242-2/node:00129544/kt:0/lname:/"
}