{
    "date": "2022/10/16",
    "name": "若竹町(横浜市栄区)",
    "position": "-",
    "system": "港40",
    "destinations": [
        "元大橋",
        "中野町",
        "稲荷森",
        "山手学院入口",
        "本郷車庫前(横浜市栄区)",
        "紅葉橋(横浜市栄区)",
        "光明寺(横浜市栄区)",
        "中島(横浜市栄区)",
        "西ヶ谷入口",
        "西ヶ谷",
        "上郷ネオポリス",
        "栄プール"
    ],
    "weekday": [
        "8:55",
        "11:35",
        "14:57"
    ],
    "saturday": [
        "9:15",
        "11:29",
        "14:55"
    ],
    "holiday": [
        "9:15",
        "11:29",
        "14:55"
    ],
    "url": "https://www.kanachu.co.jp/dia/diagram/timetable01_js/course:0000803012-5/node:00126547/kt:0/lname:/"
}
