{
    "date": "2022/10/16",
    "name": "中野町",
    "position": "-",
    "system": "港40",
    "destinations": [
        "稲荷森",
        "山手学院入口",
        "本郷車庫前(横浜市栄区)",
        "紅葉橋(横浜市栄区)",
        "光明寺(横浜市栄区)",
        "中島(横浜市栄区)",
        "西ヶ谷入口",
        "西ヶ谷",
        "上郷ネオポリス",
        "栄プール"
    ],
    "weekday": [
        "8:57",
        "11:37",
        "14:59"
    ],
    "saturday": [
        "9:17",
        "11:31",
        "14:57"
    ],
    "holiday": [
        "9:17",
        "11:31",
        "14:57"
    ],
    "url": "https://www.kanachu.co.jp/dia/diagram/timetable01_js/course:0000803012-7/node:00126511/kt:0/lname:/"
}
