{
    "date": "2025/07/27",
    "name": "中里(中郡二宮町)",
    "position": "-",
    "system": "秦91",
    "destinations": [
        "二宮高校入口",
        "団地中央(中郡二宮町)",
        "岩崎(中郡二宮町)",
        "下谷(中郡二宮町)",
        "一色(中郡二宮町)",
        "梅ノ木(中郡二宮町)",
        "五分一",
        "下井ノ口",
        "北窪入口",
        "井ノ口小学校前",
        "上井ノ口",
        "原(足柄上郡中井町)",
        "猪分",
        "東名秦野",
        "南が丘東",
        "南が丘五丁目(秦野市)",
        "南が丘公園前",
        "南が丘三丁目",
        "南が丘センター",
        "秦野総合高校前",
        "南が丘一丁目(秦野市)",
        "小原台入口(秦野市)",
        "上尾尻橋",
        "秦野駅南口"
    ],
    "weekday": [
        "6:42",
        "7:39",
        "8:19",
        "8:40",
        "9:20",
        "10:20",
        "11:20",
        "12:20",
        "13:20",
        "14:20",
        "15:20",
        "16:20",
        "17:20",
        "18:20",
        "19:24",
        "20:04",
        "21:04",
        "22:09"
    ],
    "saturday": [
        "6:40",
        "7:10",
        "7:40",
        "8:08",
        "9:08",
        "10:08",
        "11:08",
        "12:08",
        "13:08",
        "14:08",
        "15:08",
        "16:08",
        "17:08",
        "18:10",
        "19:10",
        "20:10",
        "21:10",
        "22:09"
    ],
    "holiday": [
        "6:40",
        "7:10",
        "7:40",
        "8:08",
        "9:08",
        "10:08",
        "11:08",
        "12:08",
        "13:08",
        "14:08",
        "15:08",
        "16:08",
        "17:08",
        "18:10",
        "19:10",
        "20:10",
        "21:10",
        "22:09"
    ],
    "url": "https://www.kanachu.co.jp/dia/diagram/timetable01_js/course:0000800815-5/node:00127788/kt:0/lname:/"
}
