{
    "date": "2025/07/27",
    "name": "団地中央(中郡二宮町)",
    "position": "-",
    "system": "秦91",
    "destinations": [
        "岩崎(中郡二宮町)",
        "下谷(中郡二宮町)",
        "一色(中郡二宮町)",
        "梅ノ木(中郡二宮町)",
        "五分一",
        "下井ノ口",
        "北窪入口",
        "井ノ口小学校前",
        "上井ノ口",
        "原(足柄上郡中井町)",
        "猪分",
        "東名秦野",
        "南が丘東",
        "南が丘五丁目(秦野市)",
        "南が丘公園前",
        "南が丘三丁目",
        "南が丘センター",
        "秦野総合高校前",
        "南が丘一丁目(秦野市)",
        "小原台入口(秦野市)",
        "上尾尻橋",
        "秦野駅南口"
    ],
    "weekday": [
        "6:47",
        "7:44",
        "8:24",
        "8:45",
        "9:25",
        "10:25",
        "11:25",
        "12:25",
        "13:25",
        "14:25",
        "15:25",
        "16:25",
        "17:25",
        "18:25",
        "19:29",
        "20:09",
        "21:09",
        "22:14"
    ],
    "saturday": [
        "6:45",
        "7:15",
        "7:45",
        "8:13",
        "9:13",
        "10:13",
        "11:13",
        "12:13",
        "13:13",
        "14:13",
        "15:13",
        "16:13",
        "17:13",
        "18:15",
        "19:15",
        "20:15",
        "21:15",
        "22:14"
    ],
    "holiday": [
        "6:45",
        "7:15",
        "7:45",
        "8:13",
        "9:13",
        "10:13",
        "11:13",
        "12:13",
        "13:13",
        "14:13",
        "15:13",
        "16:13",
        "17:13",
        "18:15",
        "19:15",
        "20:15",
        "21:15",
        "22:14"
    ],
    "url": "https://www.kanachu.co.jp/dia/diagram/timetable01_js/course:0000800815-7/node:00127786/kt:0/lname:/"
}
