{
    "date": "2025/07/27",
    "name": "南が丘東",
    "position": "-",
    "system": "秦91",
    "destinations": [
        "南が丘五丁目(秦野市)",
        "南が丘公園前",
        "南が丘三丁目",
        "南が丘センター",
        "秦野総合高校前",
        "南が丘一丁目(秦野市)",
        "小原台入口(秦野市)",
        "上尾尻橋",
        "秦野駅南口"
    ],
    "weekday": [
        "7:02",
        "8:01",
        "8:41",
        "9:02",
        "9:42",
        "10:42",
        "11:42",
        "12:42",
        "13:42",
        "14:42",
        "15:42",
        "16:42",
        "17:42",
        "18:42",
        "19:44",
        "20:24",
        "21:24",
        "22:29"
    ],
    "saturday": [
        "7:01",
        "7:31",
        "8:01",
        "8:30",
        "9:30",
        "10:30",
        "11:30",
        "12:30",
        "13:30",
        "14:30",
        "15:30",
        "16:30",
        "17:30",
        "18:31",
        "19:31",
        "20:31",
        "21:31",
        "22:30"
    ],
    "holiday": [
        "7:01",
        "7:31",
        "8:01",
        "8:30",
        "9:30",
        "10:30",
        "11:30",
        "12:30",
        "13:30",
        "14:30",
        "15:30",
        "16:30",
        "17:30",
        "18:31",
        "19:31",
        "20:31",
        "21:31",
        "22:30"
    ],
    "url": "https://www.kanachu.co.jp/dia/diagram/timetable01_js/course:0000800815-20/node:00127774/kt:0/lname:/"
}
