{
    "date": "2024/07/08",
    "name": "山崎高校入口",
    "position": "-",
    "system": "町66",
    "destinations": [
        "上山崎",
        "山崎小学校前(東京都)",
        "忠生公園前",
        "忠生公園入口",
        "木曽(町田市)",
        "三家(町田市)",
        "木曽住宅",
        "滝の沢(町田市)",
        "浄水場前(町田市)",
        "市民病院前(町田市)",
        "森野三丁目",
        "第四小学校前(町田市)",
        "町田市役所市民ホール前",
        "町田バスセンター"
    ],
    "weekday": [
        "7:54",
        "8:21",
        "9:16",
        "9:46",
        "10:24",
        "11:21",
        "12:21",
        "13:21",
        "14:21",
        "15:21"
    ],
    "saturday": [],
    "holiday": [],
    "url": "https://www.kanachu.co.jp/dia/diagram/timetable01_js/course:0000803212-2/node:00129397/kt:0/lname:/"
}
