{
    "date": "2024/07/08",
    "name": "忠生公園前",
    "position": "-",
    "system": "町66",
    "destinations": [
        "忠生公園入口",
        "木曽(町田市)",
        "三家(町田市)",
        "木曽住宅",
        "滝の沢(町田市)",
        "浄水場前(町田市)",
        "市民病院前(町田市)",
        "森野三丁目",
        "第四小学校前(町田市)",
        "町田市役所市民ホール前",
        "町田バスセンター"
    ],
    "weekday": [
        "7:59",
        "8:26",
        "9:20",
        "9:50",
        "10:28",
        "11:25",
        "12:25",
        "13:25",
        "14:25",
        "15:26"
    ],
    "saturday": [],
    "holiday": [],
    "url": "https://www.kanachu.co.jp/dia/diagram/timetable01_js/course:0000803212-5/node:00129393/kt:0/lname:/"
}
