{
    "date": "2024/07/08",
    "name": "三家(町田市)",
    "position": "-",
    "system": "町66",
    "destinations": [
        "木曽住宅",
        "滝の沢(町田市)",
        "浄水場前(町田市)",
        "市民病院前(町田市)",
        "森野三丁目",
        "第四小学校前(町田市)",
        "町田市役所市民ホール前",
        "町田バスセンター"
    ],
    "weekday": [
        "8:03",
        "8:30",
        "9:24",
        "9:54",
        "10:32",
        "11:29",
        "12:29",
        "13:29",
        "14:29",
        "15:30"
    ],
    "saturday": [],
    "holiday": [],
    "url": "https://www.kanachu.co.jp/dia/diagram/timetable01_js/course:0000803212-8/node:00129363/kt:0/lname:/"
}
