{
    "date": "2024/07/08",
    "name": "浄水場前(町田市)",
    "position": "-",
    "system": "町66",
    "destinations": [
        "市民病院前(町田市)",
        "森野三丁目",
        "第四小学校前(町田市)",
        "町田市役所市民ホール前",
        "町田バスセンター"
    ],
    "weekday": [
        "8:08",
        "8:35",
        "9:29",
        "9:59",
        "10:37",
        "11:34",
        "12:34",
        "13:34",
        "14:34",
        "15:35"
    ],
    "saturday": [],
    "holiday": [],
    "url": "https://www.kanachu.co.jp/dia/diagram/timetable01_js/course:0000803212-11/node:00129360/kt:0/lname:/"
}
