{
    "date": "2025/04/01",
    "name": "東海大学前駅入口",
    "position": "-",
    "system": "秦45",
    "destinations": [
        "東海大学北門",
        "学校入口(秦野市)",
        "矢名",
        "宿矢名",
        "広畑ふれあいプラザ前",
        "下大槻団地",
        "広畑ふれあいプラザ前",
        "秦野高校前",
        "瓜生野入口",
        "才ヶ分踏切",
        "才ヶ分",
        "室川橋(下大槻団地線)",
        "河原町(秦野市)",
        "台町(秦野市)",
        "片町通り",
        "上宿通り",
        "大川橋(秦野市)",
        "まほろば大橋",
        "秦野駅"
    ],
    "weekday": [
        "6:29",
        "6:53",
        "8:16",
        "11:21",
        "16:16",
        "17:18",
        "19:36",
        "20:30"
    ],
    "saturday": [
        "12:16",
        "18:26",
        "20:26"
    ],
    "holiday": [
        "12:16",
        "18:26",
        "20:26"
    ],
    "url": "https://www.kanachu.co.jp/dia/diagram/timetable01_js/course:0000803662-2/node:00127760/kt:0/lname:/"
}
