{
    "date": "2025/04/01",
    "name": "東海大学北門",
    "position": "-",
    "system": "秦45",
    "destinations": [
        "学校入口(秦野市)",
        "矢名",
        "宿矢名",
        "広畑ふれあいプラザ前",
        "下大槻団地",
        "広畑ふれあいプラザ前",
        "秦野高校前",
        "瓜生野入口",
        "才ヶ分踏切",
        "才ヶ分",
        "室川橋(下大槻団地線)",
        "河原町(秦野市)",
        "台町(秦野市)",
        "片町通り",
        "上宿通り",
        "大川橋(秦野市)",
        "まほろば大橋",
        "秦野駅"
    ],
    "weekday": [
        "6:31",
        "6:55",
        "8:18",
        "11:23",
        "16:18",
        "17:20",
        "19:38",
        "20:32"
    ],
    "saturday": [
        "12:18",
        "18:28",
        "20:28"
    ],
    "holiday": [
        "12:18",
        "18:28",
        "20:28"
    ],
    "url": "https://www.kanachu.co.jp/dia/diagram/timetable01_js/course:0000803662-3/node:00127759/kt:0/lname:/"
}
