{
    "date": "2025/04/01",
    "name": "下大槻団地",
    "position": "-",
    "system": "秦45",
    "destinations": [
        "広畑ふれあいプラザ前",
        "秦野高校前",
        "瓜生野入口",
        "才ヶ分踏切",
        "才ヶ分",
        "室川橋(下大槻団地線)",
        "河原町(秦野市)",
        "台町(秦野市)",
        "片町通り",
        "上宿通り",
        "大川橋(秦野市)",
        "まほろば大橋",
        "秦野駅"
    ],
    "weekday": [
        "6:36",
        "7:00",
        "8:24",
        "11:28",
        "16:24",
        "17:26",
        "19:43",
        "20:37"
    ],
    "saturday": [
        "12:23",
        "18:33",
        "20:33"
    ],
    "holiday": [
        "12:23",
        "18:33",
        "20:33"
    ],
    "url": "https://www.kanachu.co.jp/dia/diagram/timetable01_js/course:0000803662-8/node:00127755/kt:0/lname:/"
}
