{
    "date": "2025/04/01",
    "name": "広畑ふれあいプラザ前",
    "position": "-",
    "system": "秦45",
    "destinations": [
        "秦野高校前",
        "瓜生野入口",
        "才ヶ分踏切",
        "才ヶ分",
        "室川橋(下大槻団地線)",
        "河原町(秦野市)",
        "台町(秦野市)",
        "片町通り",
        "上宿通り",
        "大川橋(秦野市)",
        "まほろば大橋",
        "秦野駅"
    ],
    "weekday": [
        "6:37",
        "7:01",
        "8:25",
        "11:29",
        "16:25",
        "17:27",
        "19:44",
        "20:38"
    ],
    "saturday": [
        "12:24",
        "18:34",
        "20:34"
    ],
    "holiday": [
        "12:24",
        "18:34",
        "20:34"
    ],
    "url": "https://www.kanachu.co.jp/dia/diagram/timetable01_js/course:0000803662-9/node:00127754/kt:0/lname:/"
}
