{
    "date": "2025/04/01",
    "name": "室川橋(下大槻団地線)",
    "position": "-",
    "system": "秦45",
    "destinations": [
        "河原町(秦野市)",
        "台町(秦野市)",
        "片町通り",
        "上宿通り",
        "大川橋(秦野市)",
        "まほろば大橋",
        "秦野駅"
    ],
    "weekday": [
        "6:42",
        "7:06",
        "8:30",
        "11:34",
        "16:30",
        "17:32",
        "19:49",
        "20:43"
    ],
    "saturday": [
        "12:29",
        "18:39",
        "20:39"
    ],
    "holiday": [
        "12:29",
        "18:39",
        "20:39"
    ],
    "url": "https://www.kanachu.co.jp/dia/diagram/timetable01_js/course:0000803662-14/node:00130509/kt:0/lname:/"
}
