{
    "date": "2025/04/01",
    "name": "片町通り",
    "position": "-",
    "system": "秦45",
    "destinations": [
        "上宿通り",
        "大川橋(秦野市)",
        "まほろば大橋",
        "秦野駅"
    ],
    "weekday": [
        "6:47",
        "7:13",
        "8:37",
        "11:39",
        "16:35",
        "17:37",
        "19:52",
        "20:46"
    ],
    "saturday": [
        "12:34",
        "18:44",
        "20:43"
    ],
    "holiday": [
        "12:34",
        "18:44",
        "20:43"
    ],
    "url": "https://www.kanachu.co.jp/dia/diagram/timetable01_js/course:0000803662-17/node:00127718/kt:0/lname:/"
}
