{
    "date": "2025/04/01",
    "name": "上宿通り",
    "position": "-",
    "system": "秦45",
    "destinations": [
        "大川橋(秦野市)",
        "まほろば大橋",
        "秦野駅"
    ],
    "weekday": [
        "6:49",
        "7:15",
        "8:39",
        "11:41",
        "16:37",
        "17:39",
        "19:54",
        "20:48"
    ],
    "saturday": [
        "12:36",
        "18:46",
        "20:45"
    ],
    "holiday": [
        "12:36",
        "18:46",
        "20:45"
    ],
    "url": "https://www.kanachu.co.jp/dia/diagram/timetable01_js/course:0000803662-18/node:00127717/kt:0/lname:/"
}
