{
    "date": "2025/04/01",
    "name": "大川橋(秦野市)",
    "position": "-",
    "system": "秦45",
    "destinations": [
        "まほろば大橋",
        "秦野駅"
    ],
    "weekday": [
        "6:50",
        "7:16",
        "8:40",
        "11:42",
        "16:38",
        "17:40",
        "19:55",
        "20:49"
    ],
    "saturday": [
        "12:37",
        "18:47",
        "20:46"
    ],
    "holiday": [
        "12:37",
        "18:47",
        "20:46"
    ],
    "url": "https://www.kanachu.co.jp/dia/diagram/timetable01_js/course:0000803662-19/node:00127716/kt:0/lname:/"
}
