{
    "date": "2025/01/14",
    "name": "中平(厚木市)",
    "position": "-",
    "system": "海01",
    "destinations": [
        "依知小学校前",
        "関口(厚木市)",
        "蓮生寺(厚木市)",
        "追分(厚木市)",
        "下依知入口",
        "金田神社前",
        "水道路(厚木市)",
        "今泉(海老名市)",
        "鶴松",
        "海老名駅西口"
    ],
    "weekday": [
        "6:05",
        "6:15",
        "6:25",
        "6:35",
        "6:43",
        "6:51",
        "6:59",
        "7:21",
        "7:33",
        "7:52",
        "8:29",
        "8:49",
        "9:13",
        "9:42",
        "10:12",
        "10:42",
        "11:12",
        "11:42",
        "12:12",
        "12:42",
        "13:12",
        "13:42",
        "14:12",
        "14:42",
        "15:12",
        "15:42",
        "16:12",
        "16:42",
        "17:10",
        "17:34",
        "17:39",
        "17:54",
        "18:09",
        "18:24",
        "18:39",
        "18:54",
        "19:08",
        "19:22",
        "19:42",
        "20:07",
        "20:37",
        "21:07",
        "21:37",
        "22:07"
    ],
    "saturday": [
        "6:30",
        "7:00",
        "7:30",
        "8:00",
        "8:30",
        "9:00",
        "9:30",
        "10:00",
        "10:30",
        "11:00",
        "11:30",
        "12:00",
        "12:30",
        "13:00",
        "13:30",
        "14:00",
        "14:30",
        "15:00",
        "15:30",
        "16:00",
        "16:30",
        "17:00",
        "17:31",
        "18:01",
        "18:31",
        "18:58",
        "19:28",
        "19:58",
        "20:28",
        "21:03",
        "21:28"
    ],
    "holiday": [
        "6:29",
        "6:59",
        "7:29",
        "8:00",
        "8:29",
        "9:10",
        "9:25",
        "10:05",
        "10:30",
        "11:00",
        "11:30",
        "12:00",
        "12:30",
        "13:00",
        "13:30",
        "14:00",
        "14:30",
        "15:00",
        "15:30",
        "16:00",
        "16:30",
        "17:00",
        "17:30",
        "18:00",
        "18:30",
        "18:58",
        "19:28",
        "19:58",
        "20:28",
        "20:58"
    ],
    "url": "https://www.kanachu.co.jp/dia/diagram/timetable01_js/course:0000802148-19/node:00128354/kt:0/lname:/"
}
