{
    "date": "2025/11/16",
    "name": "中原上宿",
    "position": "-",
    "system": "平95",
    "destinations": [
        "中原御殿",
        "中原下宿",
        "共済病院前総合公園西",
        "追分(平塚市)",
        "立野町(平塚市)",
        "横浜ゴム前",
        "市役所前(ゴム前/平塚市)",
        "四ツ角(平塚市)",
        "平塚駅北口"
    ],
    "weekday": [
        "5:41",
        "5:58",
        "6:18",
        "6:38"
    ],
    "saturday": [],
    "holiday": [],
    "url": "https://www.kanachu.co.jp/dia/diagram/timetable01_js/course:0000800732-4/node:00128067/kt:0/lname:/"
}
