{
    "date": "2025/04/19",
    "name": "国立相模原病院",
    "position": "-",
    "system": "古09",
    "destinations": [
        "第一住宅(相模原市南区)",
        "双葉入口",
        "双葉一丁目",
        "双葉小学校前(相模原市南区)",
        "西大沼",
        "西通り",
        "大沼",
        "大沼中央",
        "大沼神社前",
        "長久保(相模原市南区)",
        "東大沼",
        "古淵駅入口",
        "古淵駅"
    ],
    "weekday": [
        "6:26",
        "6:51",
        "7:37",
        "8:05",
        "8:32",
        "9:47",
        "10:57",
        "12:07",
        "13:22",
        "14:37",
        "15:42",
        "16:42",
        "18:02",
        "18:47",
        "19:56"
    ],
    "saturday": [
        "7:36",
        "8:41",
        "9:51",
        "11:06",
        "12:21",
        "13:36",
        "14:36",
        "15:51",
        "16:46",
        "18:01",
        "19:16"
    ],
    "holiday": [
        "7:36",
        "8:41",
        "9:51",
        "11:06",
        "12:21",
        "13:36",
        "14:36",
        "15:51",
        "16:46",
        "18:01",
        "19:16"
    ],
    "url": "https://www.kanachu.co.jp/dia/diagram/timetable01_js/course:0000802322-6/node:00129692/kt:0/lname:/"
}
