{
    "date": "2025/04/19",
    "name": "第一住宅(相模原市南区)",
    "position": "-",
    "system": "古09",
    "destinations": [
        "双葉入口",
        "双葉一丁目",
        "双葉小学校前(相模原市南区)",
        "西大沼",
        "西通り",
        "大沼",
        "大沼中央",
        "大沼神社前",
        "長久保(相模原市南区)",
        "東大沼",
        "古淵駅入口",
        "古淵駅"
    ],
    "weekday": [
        "6:27",
        "6:52",
        "7:38",
        "8:06",
        "8:33",
        "9:48",
        "10:58",
        "12:08",
        "13:23",
        "14:38",
        "15:43",
        "16:43",
        "18:03",
        "18:48",
        "19:57"
    ],
    "saturday": [
        "7:37",
        "8:42",
        "9:52",
        "11:07",
        "12:22",
        "13:37",
        "14:37",
        "15:52",
        "16:47",
        "18:02",
        "19:17"
    ],
    "holiday": [
        "7:37",
        "8:42",
        "9:52",
        "11:07",
        "12:22",
        "13:37",
        "14:37",
        "15:52",
        "16:47",
        "18:02",
        "19:17"
    ],
    "url": "https://www.kanachu.co.jp/dia/diagram/timetable01_js/course:0000802322-7/node:00129693/kt:0/lname:/"
}
