{
    "date": "2024/05/20",
    "name": "四ツ角(平塚市)",
    "position": "-",
    "system": "平92",
    "destinations": [
        "平塚駅北口"
    ],
    "weekday": [
        "7:35",
        "8:06",
        "9:00",
        "9:46",
        "10:46",
        "11:46",
        "12:46",
        "13:46",
        "14:46",
        "15:46",
        "16:47",
        "17:47",
        "18:47",
        "19:47",
        "20:48",
        "21:53"
    ],
    "saturday": [
        "7:47",
        "8:53",
        "9:53",
        "10:53",
        "11:53",
        "12:53",
        "13:53",
        "14:53",
        "15:53",
        "16:53",
        "18:10",
        "19:10",
        "20:09",
        "21:09"
    ],
    "holiday": [
        "7:47",
        "8:53",
        "9:53",
        "10:53",
        "11:53",
        "12:53",
        "13:53",
        "14:53",
        "15:53",
        "16:53",
        "18:10",
        "19:10",
        "20:09",
        "21:09"
    ],
    "url": "https://www.kanachu.co.jp/dia/diagram/timetable01_js/course:0000800962-31/node:00127190/kt:0/lname:/"
}
