{
    "date": "2025/03/15",
    "name": "市民文化会館前(茅ケ崎市)",
    "position": "-",
    "system": "茅52",
    "destinations": [
        "ジャスコ前(茅ケ崎市)",
        "保健所前(茅ケ崎市)",
        "肥地力",
        "登象",
        "鶴嶺小学校前",
        "辻東(茅ケ崎市)",
        "古川(茅ケ崎市)",
        "アルバック前",
        "走内",
        "西の谷(茅ケ崎市)",
        "上の前(茅ケ崎市)",
        "神の倉",
        "山伏塚",
        "尾崎戸",
        "一之宮小学校前",
        "西一之宮"
    ],
    "weekday": [
        "21:42",
        "22:37"
    ],
    "saturday": [
        "21:32"
    ],
    "holiday": [
        "20:22",
        "20:52"
    ],
    "url": "https://www.kanachu.co.jp/dia/diagram/timetable01_js/course:0000801268-2/node:00127171/kt:0/lname:/"
}
