{
    "date": "2025/03/15",
    "name": "登象",
    "position": "-",
    "system": "茅52",
    "destinations": [
        "鶴嶺小学校前",
        "辻東(茅ケ崎市)",
        "古川(茅ケ崎市)",
        "アルバック前",
        "走内",
        "西の谷(茅ケ崎市)",
        "上の前(茅ケ崎市)",
        "神の倉",
        "山伏塚",
        "尾崎戸",
        "一之宮小学校前",
        "西一之宮"
    ],
    "weekday": [
        "21:45",
        "22:40"
    ],
    "saturday": [
        "21:35"
    ],
    "holiday": [
        "20:25",
        "20:55"
    ],
    "url": "https://www.kanachu.co.jp/dia/diagram/timetable01_js/course:0000801268-6/node:00127199/kt:0/lname:/"
}
