{
    "date": "2025/03/15",
    "name": "辻東(茅ケ崎市)",
    "position": "-",
    "system": "茅52",
    "destinations": [
        "古川(茅ケ崎市)",
        "アルバック前",
        "走内",
        "西の谷(茅ケ崎市)",
        "上の前(茅ケ崎市)",
        "神の倉",
        "山伏塚",
        "尾崎戸",
        "一之宮小学校前",
        "西一之宮"
    ],
    "weekday": [
        "21:47",
        "22:42"
    ],
    "saturday": [
        "21:37"
    ],
    "holiday": [
        "20:27",
        "20:57"
    ],
    "url": "https://www.kanachu.co.jp/dia/diagram/timetable01_js/course:0000801268-8/node:00127201/kt:0/lname:/"
}
