{
    "date": "2024/03/16",
    "name": "下根岸(町田市)",
    "position": "-",
    "system": "町62",
    "destinations": [
        "上宿(町田市)",
        "忠生公園入口",
        "木曽(町田市)",
        "三家(町田市)",
        "木曽住宅",
        "滝の沢(町田市)",
        "浄水場前(町田市)",
        "市民病院前(町田市)",
        "森野三丁目",
        "保健所入口",
        "森野一丁目",
        "町田バスセンター"
    ],
    "weekday": [
        "5:18",
        "5:52"
    ],
    "saturday": [
        "5:23",
        "5:59"
    ],
    "holiday": [
        "5:45"
    ],
    "url": "https://www.kanachu.co.jp/dia/diagram/timetable01_js/course:0000803214-15/node:00129366/kt:0/lname:/"
}
