{
    "date": "2024/03/16",
    "name": "木曽(町田市)",
    "position": "-",
    "system": "町62",
    "destinations": [
        "三家(町田市)",
        "木曽住宅",
        "滝の沢(町田市)",
        "浄水場前(町田市)",
        "市民病院前(町田市)",
        "森野三丁目",
        "保健所入口",
        "森野一丁目",
        "町田バスセンター"
    ],
    "weekday": [
        "5:21",
        "5:55"
    ],
    "saturday": [
        "5:25",
        "6:01"
    ],
    "holiday": [
        "5:47"
    ],
    "url": "https://www.kanachu.co.jp/dia/diagram/timetable01_js/course:0000803214-18/node:00129364/kt:0/lname:/"
}
