{
    "date": "2025/11/16",
    "name": "あたご滝",
    "position": "-",
    "system": "伊10",
    "destinations": [
        "社務局入口",
        "大山駅",
        "大山小学校前(伊勢原市)",
        "鳥居前(伊勢原市)",
        "子易",
        "菊屋前",
        "這子坂",
        "明神前(伊勢原市)",
        "石倉(伊勢原市)",
        "石倉橋",
        "山王原(伊勢原市)",
        "道灌塚前",
        "〆引",
        "市光前",
        "峰岸",
        "片町(伊勢原市)",
        "片町十字路",
        "大神宮前",
        "本町(伊勢原市)",
        "伊勢原駅北口"
    ],
    "weekday": [
        "6:47",
        "7:07",
        "7:27",
        "7:47",
        "8:17",
        "8:47",
        "9:17",
        "9:47",
        "10:17",
        "10:47",
        "11:17",
        "11:47",
        "12:17",
        "12:47",
        "13:17",
        "13:47",
        "14:17",
        "14:47",
        "15:17",
        "15:47",
        "16:17",
        "16:47",
        "17:17",
        "17:47",
        "18:17",
        "18:47"
    ],
    "saturday": [
        "6:44",
        "7:14",
        "7:44",
        "8:04",
        "8:24",
        "8:44",
        "9:04",
        "9:24",
        "9:44",
        "10:04",
        "10:24",
        "10:44",
        "11:04",
        "11:24",
        "11:44",
        "12:04",
        "12:24",
        "12:44",
        "13:04",
        "13:24",
        "13:44",
        "14:04",
        "14:24",
        "14:44",
        "15:04",
        "15:24",
        "15:44",
        "16:04",
        "16:24",
        "16:44",
        "17:04",
        "17:24",
        "17:44",
        "18:04",
        "18:34",
        "19:04",
        "19:34",
        "20:04"
    ],
    "holiday": [
        "6:44",
        "7:14",
        "7:44",
        "8:04",
        "8:24",
        "8:44",
        "9:04",
        "9:24",
        "9:44",
        "10:04",
        "10:24",
        "10:44",
        "11:04",
        "11:24",
        "11:44",
        "12:04",
        "12:24",
        "12:44",
        "13:04",
        "13:24",
        "13:44",
        "14:04",
        "14:24",
        "14:44",
        "15:04",
        "15:24",
        "15:44",
        "16:04",
        "16:24",
        "16:44",
        "17:04",
        "17:24",
        "17:44",
        "18:04",
        "18:34",
        "19:04",
        "19:34",
        "20:04"
    ],
    "url": "https://www.kanachu.co.jp/dia/diagram/timetable01_js/course:0000803338-3/node:00128160/kt:0/lname:/"
}
