{
    "date": "2025/11/16",
    "name": "大山駅",
    "position": "-",
    "system": "伊10",
    "destinations": [
        "大山小学校前(伊勢原市)",
        "鳥居前(伊勢原市)",
        "子易",
        "菊屋前",
        "這子坂",
        "明神前(伊勢原市)",
        "石倉(伊勢原市)",
        "石倉橋",
        "山王原(伊勢原市)",
        "道灌塚前",
        "〆引",
        "市光前",
        "峰岸",
        "片町(伊勢原市)",
        "片町十字路",
        "大神宮前",
        "本町(伊勢原市)",
        "伊勢原駅北口"
    ],
    "weekday": [
        "6:48",
        "7:08",
        "7:28",
        "7:48",
        "8:18",
        "8:48",
        "9:18",
        "9:48",
        "10:18",
        "10:48",
        "11:18",
        "11:48",
        "12:18",
        "12:48",
        "13:18",
        "13:48",
        "14:18",
        "14:48",
        "15:18",
        "15:48",
        "16:18",
        "16:48",
        "17:18",
        "17:48",
        "18:18",
        "18:48"
    ],
    "saturday": [
        "6:45",
        "7:15",
        "7:45",
        "8:05",
        "8:25",
        "8:45",
        "9:05",
        "9:25",
        "9:45",
        "10:05",
        "10:25",
        "10:45",
        "11:05",
        "11:25",
        "11:45",
        "12:05",
        "12:25",
        "12:45",
        "13:05",
        "13:25",
        "13:45",
        "14:05",
        "14:25",
        "14:45",
        "15:05",
        "15:25",
        "15:45",
        "16:05",
        "16:25",
        "16:45",
        "17:05",
        "17:25",
        "17:45",
        "18:05",
        "18:35",
        "19:05",
        "19:35",
        "20:05"
    ],
    "holiday": [
        "6:45",
        "7:15",
        "7:45",
        "8:05",
        "8:25",
        "8:45",
        "9:05",
        "9:25",
        "9:45",
        "10:05",
        "10:25",
        "10:45",
        "11:05",
        "11:25",
        "11:45",
        "12:05",
        "12:25",
        "12:45",
        "13:05",
        "13:25",
        "13:45",
        "14:05",
        "14:25",
        "14:45",
        "15:05",
        "15:25",
        "15:45",
        "16:05",
        "16:25",
        "16:45",
        "17:05",
        "17:25",
        "17:45",
        "18:05",
        "18:35",
        "19:05",
        "19:35",
        "20:05"
    ],
    "url": "https://www.kanachu.co.jp/dia/diagram/timetable01_js/course:0000803338-5/node:00128158/kt:0/lname:/"
}
