{
    "date": "2025/11/16",
    "name": "明神前(伊勢原市)",
    "position": "-",
    "system": "伊10",
    "destinations": [
        "石倉(伊勢原市)",
        "石倉橋",
        "山王原(伊勢原市)",
        "道灌塚前",
        "〆引",
        "市光前",
        "峰岸",
        "片町(伊勢原市)",
        "片町十字路",
        "大神宮前",
        "本町(伊勢原市)",
        "伊勢原駅北口"
    ],
    "weekday": [
        "6:54",
        "7:14",
        "7:34",
        "7:54",
        "8:24",
        "8:54",
        "9:24",
        "9:54",
        "10:24",
        "10:54",
        "11:24",
        "11:54",
        "12:24",
        "12:54",
        "13:24",
        "13:54",
        "14:24",
        "14:54",
        "15:24",
        "15:54",
        "16:24",
        "16:54",
        "17:24",
        "17:54",
        "18:24",
        "18:54"
    ],
    "saturday": [
        "6:51",
        "7:21",
        "7:51",
        "8:11",
        "8:31",
        "8:51",
        "9:11",
        "9:31",
        "9:51",
        "10:11",
        "10:31",
        "10:51",
        "11:11",
        "11:31",
        "11:51",
        "12:11",
        "12:31",
        "12:51",
        "13:11",
        "13:31",
        "13:51",
        "14:11",
        "14:31",
        "14:51",
        "15:11",
        "15:31",
        "15:51",
        "16:11",
        "16:31",
        "16:51",
        "17:11",
        "17:31",
        "17:51",
        "18:11",
        "18:41",
        "19:11",
        "19:41",
        "20:11"
    ],
    "holiday": [
        "6:51",
        "7:21",
        "7:51",
        "8:11",
        "8:31",
        "8:51",
        "9:11",
        "9:31",
        "9:51",
        "10:11",
        "10:31",
        "10:51",
        "11:11",
        "11:31",
        "11:51",
        "12:11",
        "12:31",
        "12:51",
        "13:11",
        "13:31",
        "13:51",
        "14:11",
        "14:31",
        "14:51",
        "15:11",
        "15:31",
        "15:51",
        "16:11",
        "16:31",
        "16:51",
        "17:11",
        "17:31",
        "17:51",
        "18:11",
        "18:41",
        "19:11",
        "19:41",
        "20:11"
    ],
    "url": "https://www.kanachu.co.jp/dia/diagram/timetable01_js/course:0000803338-11/node:00128152/kt:0/lname:/"
}
