{
    "date": "2024/03/16",
    "name": "下根岸(町田市)",
    "position": "-",
    "system": "町45",
    "destinations": [
        "上宿(町田市)",
        "忠生公園入口",
        "木曽(町田市)",
        "三家(町田市)",
        "木曽住宅",
        "滝の沢(町田市)",
        "浄水場前(町田市)",
        "市民病院前(町田市)",
        "森野三丁目",
        "第四小学校前(町田市)",
        "町田市役所市民ホール前",
        "町田バスセンター"
    ],
    "weekday": [
        "8:13",
        "15:58",
        "16:23",
        "18:13"
    ],
    "saturday": [],
    "holiday": [],
    "url": "https://www.kanachu.co.jp/dia/diagram/timetable01_js/course:0000803195-9/node:00129366/kt:0/lname:/"
}
