{
  "date": "2025/04/01",
  "name": "町田ターミナル",
  "position": "-",
  "system": "町27",
  "destinations": [
    "町田バスセンター",
    "町田市役所市民ホール前",
    "第四小学校前(町田市)",
    "森野三丁目",
    "市民病院前(町田市)",
    "浄水場前(町田市)",
    "滝の沢(町田市)",
    "木曽住宅",
    "三家(町田市)",
    "木曽(町田市)",
    "忠生公園入口",
    "上宿(町田市)",
    "下根岸(町田市)",
    "根岸(根岸町/町田市)",
    "馬駈",
    "図師大橋",
    "日影橋",
    "日大三高入口",
    "桜橋(町田市)",
    "大泉寺",
    "山の端",
    "小山田小学校前",
    "押越",
    "小山田(町田市)"
  ],
  "weekday": [
    "9:39",
    "10:28",
    "11:19",
    "12:09",
    "12:56",
    "13:50",
    "14:39",
    "15:29",
    "15:59",
    "16:29",
    "17:09",
    "17:39",
    "18:14",
    "18:47",
    "19:19",
    "19:54",
    "20:27",
    "20:56"
  ],
  "saturday": [
    "9:39",
    "10:29",
    "11:19",
    "12:10",
    "12:59",
    "14:39",
    "15:29",
    "16:17",
    "16:44",
    "17:07",
    "17:59",
    "18:49",
    "19:37",
    "20:31"
  ],
  "holiday": [
    "9:39",
    "10:29",
    "11:19",
    "12:09",
    "12:59",
    "14:39",
    "15:29",
    "16:19",
    "17:09",
    "17:59",
    "19:39",
    "20:31"
  ],
  "url": "https://www.kanachu.co.jp/dia/diagram/timetable01_js/course:0000802478-2/node:00129544/kt:0/lname:/"
}