{
  "date": "2024/07/08",
  "name": "町田バスセンター",
  "position": "14番のりば",
  "system": "町27",
  "destinations": [
    "町田市役所市民ホール前",
    "第四小学校前(町田市)",
    "森野三丁目",
    "市民病院前(町田市)",
    "浄水場前(町田市)",
    "滝の沢(町田市)",
    "木曽住宅",
    "三家(町田市)",
    "木曽(町田市)",
    "忠生公園入口",
    "上宿(町田市)",
    "下根岸(町田市)",
    "根岸(根岸町/町田市)",
    "馬駈",
    "図師大橋",
    "日影橋",
    "日大三高入口",
    "桜橋(町田市)",
    "大泉寺",
    "山の端",
    "小山田小学校前",
    "押越",
    "小山田(町田市)"
  ],
  "weekday": [
    "9:43",
    "10:32",
    "11:23",
    "12:13",
    "13:00",
    "13:54",
    "14:43",
    "15:33",
    "16:03",
    "16:33",
    "17:13",
    "17:43",
    "18:18",
    "18:51",
    "19:23",
    "19:58",
    "20:31",
    "21:00"
  ],
  "saturday": [
    "9:43",
    "10:33",
    "11:23",
    "12:14",
    "13:03",
    "14:43",
    "15:33",
    "16:21",
    "16:48",
    "17:11",
    "18:03",
    "18:53",
    "19:41",
    "20:40"
  ],
  "holiday": [
    "9:43",
    "10:33",
    "11:23",
    "12:13",
    "13:03",
    "14:43",
    "15:33",
    "16:23",
    "17:13",
    "18:03",
    "19:43",
    "20:40"
  ],
  "url": "https://www.kanachu.co.jp/dia/diagram/timetable01_js/course:0000802478-2/node:00025625/kt:0/lname:/dts:1740679200"
}