{
    "date": "2025/04/19",
    "name": "小沢(愛甲郡愛川町)",
    "position": "-",
    "system": "田01",
    "destinations": [
        "梅沢(愛甲郡愛川町)",
        "箕輪辻",
        "下之街道",
        "角田",
        "宮上(愛甲郡愛川町)",
        "角田大橋",
        "下戸倉",
        "戸倉(愛甲郡愛川町)",
        "田代(愛甲郡愛川町)",
        "愛川田代局前",
        "田代坂下",
        "田代坂上",
        "馬渡(愛甲郡愛川町)",
        "深沢尻",
        "愛川橋",
        "原下(愛甲郡愛川町)",
        "学校入口(愛甲郡愛川町)",
        "撚糸組合前",
        "半原"
    ],
    "weekday": [
        "7:16",
        "8:01",
        "8:41",
        "9:16",
        "9:56",
        "10:36",
        "11:56",
        "12:36",
        "13:56",
        "15:16",
        "15:56",
        "16:36",
        "17:16",
        "17:56",
        "18:36",
        "19:16",
        "19:56",
        "20:33",
        "21:45"
    ],
    "saturday": [
        "7:16",
        "7:56",
        "8:36",
        "9:16",
        "9:56",
        "10:36",
        "11:56",
        "12:36",
        "13:16",
        "14:36",
        "15:16",
        "15:56",
        "16:36",
        "17:16",
        "17:56",
        "18:36",
        "19:15",
        "19:55",
        "20:35"
    ],
    "holiday": [
        "7:16",
        "7:56",
        "8:36",
        "9:16",
        "9:56",
        "10:36",
        "11:56",
        "12:36",
        "13:16",
        "14:36",
        "15:16",
        "15:56",
        "16:36",
        "17:16",
        "17:56",
        "18:36",
        "19:15",
        "19:55",
        "20:35"
    ],
    "url": "https://www.kanachu.co.jp/dia/diagram/timetable01_js/course:0000803327-4/node:00128391/kt:0/lname:/"
}
