{
    "date": "2025/04/19",
    "name": "箕輪辻",
    "position": "-",
    "system": "田01",
    "destinations": [
        "下之街道",
        "角田",
        "宮上(愛甲郡愛川町)",
        "角田大橋",
        "下戸倉",
        "戸倉(愛甲郡愛川町)",
        "田代(愛甲郡愛川町)",
        "愛川田代局前",
        "田代坂下",
        "田代坂上",
        "馬渡(愛甲郡愛川町)",
        "深沢尻",
        "愛川橋",
        "原下(愛甲郡愛川町)",
        "学校入口(愛甲郡愛川町)",
        "撚糸組合前",
        "半原"
    ],
    "weekday": [
        "7:19",
        "8:04",
        "8:44",
        "9:19",
        "9:59",
        "10:39",
        "11:59",
        "12:39",
        "13:59",
        "15:19",
        "15:59",
        "16:39",
        "17:19",
        "17:59",
        "18:39",
        "19:19",
        "19:59",
        "20:36",
        "21:48"
    ],
    "saturday": [
        "7:19",
        "7:59",
        "8:39",
        "9:19",
        "9:59",
        "10:39",
        "11:59",
        "12:39",
        "13:19",
        "14:39",
        "15:19",
        "15:59",
        "16:39",
        "17:19",
        "17:59",
        "18:39",
        "19:18",
        "19:58",
        "20:38"
    ],
    "holiday": [
        "7:19",
        "7:59",
        "8:39",
        "9:19",
        "9:59",
        "10:39",
        "11:59",
        "12:39",
        "13:19",
        "14:39",
        "15:19",
        "15:59",
        "16:39",
        "17:19",
        "17:59",
        "18:39",
        "19:18",
        "19:58",
        "20:38"
    ],
    "url": "https://www.kanachu.co.jp/dia/diagram/timetable01_js/course:0000803327-6/node:00128327/kt:0/lname:/"
}
