{
    "date": "2025/04/19",
    "name": "原下(愛甲郡愛川町)",
    "position": "-",
    "system": "田01",
    "destinations": [
        "学校入口(愛甲郡愛川町)",
        "撚糸組合前",
        "半原"
    ],
    "weekday": [
        "7:34",
        "8:19",
        "8:59",
        "9:34",
        "10:14",
        "10:54",
        "12:14",
        "12:54",
        "14:14",
        "15:34",
        "16:14",
        "16:54",
        "17:34",
        "18:14",
        "18:54",
        "19:34",
        "20:14",
        "20:51",
        "22:03"
    ],
    "saturday": [
        "7:34",
        "8:14",
        "8:54",
        "9:34",
        "10:14",
        "10:54",
        "12:14",
        "12:54",
        "13:34",
        "14:54",
        "15:34",
        "16:14",
        "16:54",
        "17:34",
        "18:14",
        "18:54",
        "19:33",
        "20:13",
        "20:53"
    ],
    "holiday": [
        "7:34",
        "8:14",
        "8:54",
        "9:34",
        "10:14",
        "10:54",
        "12:14",
        "12:54",
        "13:34",
        "14:54",
        "15:34",
        "16:14",
        "16:54",
        "17:34",
        "18:14",
        "18:54",
        "19:33",
        "20:13",
        "20:53"
    ],
    "url": "https://www.kanachu.co.jp/dia/diagram/timetable01_js/course:0000803327-20/node:00128292/kt:0/lname:/"
}
