{
    "date": "2025/01/14",
    "name": "小田急通り",
    "position": "-",
    "system": "厚61",
    "destinations": [
        "元町(厚木市)",
        "鮎津橋",
        "積水ソフランウイズ前",
        "金田下宿",
        "金田(厚木市)",
        "金田神社前",
        "下依知入口",
        "追分(厚木市)",
        "蓮生寺(厚木市)",
        "関口(厚木市)",
        "依知小学校前",
        "中平(厚木市)",
        "山際",
        "藤塚(厚木市)",
        "団地入口(厚木市)",
        "東一丁目(厚木市)",
        "南中央通り",
        "西一丁目(厚木市)",
        "西二丁目(愛甲郡愛川町)",
        "西三丁目(愛甲郡愛川町)",
        "西四丁目(愛甲郡愛川町)",
        "春日台入口",
        "春日台一丁目",
        "春日台三丁目(愛甲郡愛川町)",
        "春日台団地"
    ],
    "weekday": [
        "6:16",
        "6:41",
        "7:01",
        "7:27",
        "17:02",
        "17:32",
        "18:02",
        "18:32",
        "19:32",
        "20:02",
        "20:32",
        "21:22",
        "22:02",
        "22:27",
        "23:27"
    ],
    "saturday": [
        "6:36",
        "7:01",
        "7:42",
        "8:02",
        "8:26",
        "9:02",
        "9:26",
        "10:02",
        "10:32",
        "11:17",
        "12:02",
        "12:32",
        "13:17",
        "14:02",
        "14:32",
        "15:17",
        "16:02",
        "16:32",
        "17:17",
        "18:02",
        "18:32",
        "19:17",
        "19:47",
        "20:02",
        "20:42",
        "21:22",
        "22:02",
        "22:20",
        "22:37"
    ],
    "holiday": [
        "7:11",
        "8:01",
        "9:01",
        "10:01",
        "11:02",
        "12:02",
        "13:02",
        "14:02",
        "15:02",
        "16:02",
        "17:02",
        "18:02",
        "19:02",
        "19:22",
        "20:02",
        "20:42",
        "21:22",
        "22:02",
        "22:37"
    ],
    "url": "https://www.kanachu.co.jp/dia/diagram/timetable01_js/course:0000800102-2/node:00128340/kt:0/lname:/"
}
