{
    "date": "2025/01/14",
    "name": "蓮生寺(厚木市)",
    "position": "-",
    "system": "厚61",
    "destinations": [
        "関口(厚木市)",
        "依知小学校前",
        "中平(厚木市)",
        "山際",
        "藤塚(厚木市)",
        "団地入口(厚木市)",
        "東一丁目(厚木市)",
        "南中央通り",
        "西一丁目(厚木市)",
        "西二丁目(愛甲郡愛川町)",
        "西三丁目(愛甲郡愛川町)",
        "西四丁目(愛甲郡愛川町)",
        "春日台入口",
        "春日台一丁目",
        "春日台三丁目(愛甲郡愛川町)",
        "春日台団地"
    ],
    "weekday": [
        "6:27",
        "6:52",
        "7:16",
        "7:41",
        "17:16",
        "17:46",
        "18:16",
        "18:43",
        "19:43",
        "20:13",
        "20:43",
        "21:33",
        "22:13",
        "22:38",
        "23:38"
    ],
    "saturday": [
        "6:47",
        "7:12",
        "7:55",
        "8:15",
        "8:39",
        "9:15",
        "9:39",
        "10:16",
        "10:46",
        "11:31",
        "12:16",
        "12:46",
        "13:31",
        "14:16",
        "14:46",
        "15:31",
        "16:16",
        "16:46",
        "17:31",
        "18:16",
        "18:44",
        "19:29",
        "19:59",
        "20:14",
        "20:54",
        "21:34",
        "22:14",
        "22:32",
        "22:49"
    ],
    "holiday": [
        "7:21",
        "8:12",
        "9:12",
        "10:15",
        "11:16",
        "12:16",
        "13:16",
        "14:16",
        "15:16",
        "16:16",
        "17:16",
        "18:16",
        "19:14",
        "19:34",
        "20:14",
        "20:54",
        "21:34",
        "22:14",
        "22:49"
    ],
    "url": "https://www.kanachu.co.jp/dia/diagram/timetable01_js/course:0000800102-11/node:00128351/kt:0/lname:/"
}
