{
    "date": "2025/01/14",
    "name": "中平(厚木市)",
    "position": "-",
    "system": "厚61",
    "destinations": [
        "山際",
        "藤塚(厚木市)",
        "団地入口(厚木市)",
        "東一丁目(厚木市)",
        "南中央通り",
        "西一丁目(厚木市)",
        "西二丁目(愛甲郡愛川町)",
        "西三丁目(愛甲郡愛川町)",
        "西四丁目(愛甲郡愛川町)",
        "春日台入口",
        "春日台一丁目",
        "春日台三丁目(愛甲郡愛川町)",
        "春日台団地"
    ],
    "weekday": [
        "6:33",
        "6:58",
        "7:22",
        "7:47",
        "17:22",
        "17:52",
        "18:22",
        "18:48",
        "19:48",
        "20:18",
        "20:48",
        "21:38",
        "22:18",
        "22:43",
        "23:43"
    ],
    "saturday": [
        "6:52",
        "7:17",
        "8:00",
        "8:20",
        "8:44",
        "9:20",
        "9:44",
        "10:21",
        "10:51",
        "11:36",
        "12:21",
        "12:51",
        "13:36",
        "14:21",
        "14:51",
        "15:36",
        "16:21",
        "16:51",
        "17:36",
        "18:21",
        "18:48",
        "19:33",
        "20:03",
        "20:18",
        "20:58",
        "21:38",
        "22:18",
        "22:36",
        "22:53"
    ],
    "holiday": [
        "7:25",
        "8:16",
        "9:16",
        "10:20",
        "11:21",
        "12:21",
        "13:21",
        "14:21",
        "15:21",
        "16:21",
        "17:21",
        "18:21",
        "19:18",
        "19:38",
        "20:18",
        "20:58",
        "21:38",
        "22:18",
        "22:53"
    ],
    "url": "https://www.kanachu.co.jp/dia/diagram/timetable01_js/course:0000800102-14/node:00128354/kt:0/lname:/"
}
