{
    "date": "2025/10/01",
    "name": "並木(町田市)",
    "position": "-",
    "system": "町26",
    "destinations": [
        "神学校(町田市)",
        "野津田車庫"
    ],
    "weekday": [
        "7:21",
        "7:57",
        "8:26",
        "8:39",
        "8:49",
        "9:08",
        "9:21",
        "9:26",
        "9:33",
        "9:38",
        "9:43",
        "9:53",
        "10:03",
        "10:13",
        "10:18",
        "10:28",
        "10:39",
        "10:51",
        "11:03",
        "11:15",
        "11:27",
        "11:39",
        "11:51",
        "12:03",
        "12:15",
        "12:27",
        "12:42",
        "12:57",
        "13:12",
        "13:27",
        "13:42",
        "13:57",
        "14:12",
        "14:27",
        "14:42",
        "14:57",
        "15:12",
        "15:27",
        "15:39",
        "15:51",
        "16:03",
        "16:15",
        "16:31",
        "16:43",
        "16:53",
        "17:03",
        "17:14",
        "17:32",
        "17:45",
        "18:02",
        "18:17",
        "18:30",
        "18:40",
        "18:50",
        "19:00",
        "19:09",
        "19:18",
        "19:28",
        "19:36",
        "19:51",
        "20:00",
        "20:16",
        "20:28",
        "20:38",
        "20:48",
        "21:00",
        "21:13",
        "21:26",
        "21:51",
        "22:11",
        "22:31",
        "22:51",
        "23:11",
        "23:34",
        "24:09",
        "24:49"
    ],
    "saturday": [
        "7:10",
        "7:40",
        "7:56",
        "8:21",
        "8:45",
        "8:57",
        "9:09",
        "9:16",
        "9:22",
        "9:35",
        "9:46",
        "9:52",
        "9:58",
        "10:10",
        "10:22",
        "10:36",
        "10:46",
        "10:58",
        "11:10",
        "11:23",
        "11:38",
        "11:49",
        "12:08",
        "12:23",
        "12:35",
        "12:47",
        "12:59",
        "13:11",
        "13:23",
        "13:33",
        "13:43",
        "13:53",
        "14:03",
        "14:13",
        "14:24",
        "14:39",
        "14:54",
        "15:09",
        "15:24",
        "15:37",
        "16:04",
        "16:24",
        "16:54",
        "17:10",
        "17:25",
        "17:41",
        "18:10",
        "18:25",
        "18:40",
        "19:10",
        "19:30",
        "19:53",
        "20:23",
        "21:15",
        "21:50",
        "22:25",
        "22:40",
        "23:10",
        "23:31"
    ],
    "holiday": [
        "7:25",
        "7:45",
        "8:05",
        "8:41",
        "9:11",
        "9:31",
        "9:59",
        "10:11",
        "10:23",
        "10:35",
        "10:47",
        "10:59",
        "11:13",
        "11:24",
        "11:34",
        "11:50",
        "12:09",
        "12:24",
        "12:39",
        "12:54",
        "13:14",
        "13:24",
        "13:37",
        "13:54",
        "14:09",
        "14:24",
        "14:39",
        "15:04",
        "15:24",
        "15:37",
        "15:54",
        "16:10",
        "16:25",
        "16:55",
        "17:10",
        "17:40",
        "18:10",
        "18:25",
        "18:40",
        "18:55",
        "19:11",
        "19:26",
        "19:39",
        "20:01",
        "20:20",
        "20:50",
        "21:20",
        "21:50",
        "22:23",
        "22:40",
        "23:05",
        "23:31"
    ],
    "url": "https://www.kanachu.co.jp/dia/diagram/timetable01_js/course:0000802481-18/node:00129371/kt:0/lname:/"
}
