{
    "date": "2025/01/14",
    "name": "学校前(厚木市)",
    "position": "-",
    "system": "厚32",
    "destinations": [
        "台ノ上",
        "小鮎公民館前",
        "旗谷入口",
        "白山(厚木市)",
        "八ツ橋",
        "愛名",
        "権現堂(厚木市)",
        "上高坪",
        "高坪",
        "スポーツセンター入口(厚木市)",
        "温水幼稚園前",
        "高坪入口",
        "温水",
        "片岸(厚木市)",
        "日立アステモ前",
        "厚木高校前",
        "合同庁舎前(厚木市)",
        "市役所入口(厚木市)",
        "本厚木駅",
        "厚木バスセンター"
    ],
    "weekday": [
        "6:19",
        "6:49",
        "7:14",
        "14:19"
    ],
    "saturday": [],
    "holiday": [],
    "url": "https://www.kanachu.co.jp/dia/diagram/timetable01_js/course:0000801649-9/node:00128480/kt:0/lname:/"
}
