{
    "date": "2025/01/14",
    "name": "高坪",
    "position": "-",
    "system": "厚32",
    "destinations": [
        "スポーツセンター入口(厚木市)",
        "温水幼稚園前",
        "高坪入口",
        "温水",
        "片岸(厚木市)",
        "日立アステモ前",
        "厚木高校前",
        "合同庁舎前(厚木市)",
        "市役所入口(厚木市)",
        "本厚木駅",
        "厚木バスセンター"
    ],
    "weekday": [
        "6:30",
        "7:00",
        "7:25",
        "14:30"
    ],
    "saturday": [],
    "holiday": [],
    "url": "https://www.kanachu.co.jp/dia/diagram/timetable01_js/course:0000801649-18/node:00128492/kt:0/lname:/"
}
