{
    "date": "2025/01/14",
    "name": "温水幼稚園前",
    "position": "-",
    "system": "厚32",
    "destinations": [
        "高坪入口",
        "温水",
        "片岸(厚木市)",
        "日立アステモ前",
        "厚木高校前",
        "合同庁舎前(厚木市)",
        "市役所入口(厚木市)",
        "本厚木駅",
        "厚木バスセンター"
    ],
    "weekday": [
        "6:32",
        "7:02",
        "7:27",
        "14:32"
    ],
    "saturday": [],
    "holiday": [],
    "url": "https://www.kanachu.co.jp/dia/diagram/timetable01_js/course:0000801649-20/node:00128490/kt:0/lname:/"
}
