{
    "date": "2023/02/18",
    "name": "神奈川大学",
    "position": "-",
    "system": "平38",
    "destinations": [
        "妙円寺前",
        "土沢中学校前",
        "土沢農協前",
        "富士見台病院",
        "飛谷津",
        "吉浜(平塚市)",
        "山入口",
        "山の神(平塚市)",
        "神戸(平塚市)",
        "寺前橋",
        "中沢橋",
        "坂間",
        "高村団地入口",
        "南河内(平塚市)",
        "山下団地入口",
        "神明下",
        "平塚大橋",
        "上平塚",
        "桜ヶ丘",
        "桜ヶ丘公園(平塚市)",
        "古花水",
        "柳町(平塚市)",
        "豊田道",
        "八間通り",
        "平塚文化芸術ホール前",
        "銀座通り(平塚市)",
        "平塚駅北口"
    ],
    "weekday": [
        "17:21"
    ],
    "saturday": [],
    "holiday": [],
    "url": "https://www.kanachu.co.jp/dia/diagram/timetable01_js/course:0000803262-1/node:00127824/kt:0/lname:/"
}
