{
    "date": "2025/03/15",
    "name": "綾瀬小学校前",
    "position": "-",
    "system": "長39",
    "destinations": [
        "綾瀬農協前",
        "大邸",
        "大法寺(綾瀬市)",
        "上落合(綾瀬市)",
        "落合(綾瀬市)",
        "中川橋",
        "上土棚",
        "並塚",
        "上谷台",
        "長後駅西口"
    ],
    "weekday": [
        "5:41",
        "6:00",
        "6:15",
        "6:28",
        "6:48",
        "6:57"
    ],
    "saturday": [
        "6:13",
        "6:52",
        "7:22",
        "7:52",
        "8:18",
        "8:48",
        "9:18",
        "9:48",
        "10:18",
        "10:48",
        "11:18",
        "11:48",
        "12:18",
        "12:48",
        "13:18",
        "13:48",
        "14:18",
        "14:48",
        "15:18",
        "15:48",
        "16:18",
        "16:48",
        "17:23",
        "18:23",
        "19:12",
        "19:42"
    ],
    "holiday": [
        "6:27",
        "6:47",
        "7:22",
        "7:52",
        "8:18",
        "8:48",
        "9:18",
        "9:48",
        "10:18",
        "10:48",
        "11:18",
        "11:48",
        "12:18",
        "12:48",
        "13:18",
        "13:48",
        "14:18",
        "14:48",
        "15:18",
        "15:48",
        "16:18",
        "16:48",
        "17:23",
        "18:23",
        "19:42"
    ],
    "url": "https://www.kanachu.co.jp/dia/diagram/timetable01_js/course:0000800044-6/node:00129858/kt:0/lname:/"
}
