{
    "date": "2025/03/15",
    "name": "上土棚",
    "position": "-",
    "system": "長39",
    "destinations": [
        "並塚",
        "上谷台",
        "長後駅西口"
    ],
    "weekday": [
        "5:49",
        "6:08",
        "6:23",
        "6:36",
        "6:56",
        "7:08"
    ],
    "saturday": [
        "6:21",
        "7:00",
        "7:30",
        "8:00",
        "8:26",
        "8:56",
        "9:26",
        "9:56",
        "10:26",
        "10:56",
        "11:26",
        "11:56",
        "12:26",
        "12:56",
        "13:26",
        "13:56",
        "14:26",
        "14:56",
        "15:26",
        "15:56",
        "16:26",
        "16:56",
        "17:31",
        "18:31",
        "19:20",
        "19:50"
    ],
    "holiday": [
        "6:35",
        "6:55",
        "7:30",
        "8:00",
        "8:26",
        "8:56",
        "9:26",
        "9:56",
        "10:26",
        "10:56",
        "11:26",
        "11:56",
        "12:26",
        "12:56",
        "13:26",
        "13:56",
        "14:26",
        "14:56",
        "15:26",
        "15:56",
        "16:26",
        "16:56",
        "17:31",
        "18:31",
        "19:50"
    ],
    "url": "https://www.kanachu.co.jp/dia/diagram/timetable01_js/course:0000800044-13/node:00129848/kt:0/lname:/"
}
