{
    "date": "2026/01/16",
    "name": "押切・塔台橋",
    "position": "-",
    "system": "国05",
    "destinations": [
        "橘インター入口",
        "町屋(小田原市)",
        "小学校前(小田原市)",
        "近戸神社",
        "前川(小田原市)",
        "西前川",
        "国府津駅"
    ],
    "weekday": [
        "12:19",
        "13:24",
        "16:49"
    ],
    "saturday": [],
    "holiday": [],
    "url": "https://www.kanachu.co.jp/dia/diagram/timetable01_js/course:0000804145-14/node:00130384/kt:0/lname:/"
}
