{
    "date": "2026/01/16",
    "name": "町屋(小田原市)",
    "position": "-",
    "system": "国05",
    "destinations": [
        "小学校前(小田原市)",
        "近戸神社",
        "前川(小田原市)",
        "西前川",
        "国府津駅"
    ],
    "weekday": [
        "12:21",
        "13:26",
        "16:51"
    ],
    "saturday": [],
    "holiday": [],
    "url": "https://www.kanachu.co.jp/dia/diagram/timetable01_js/course:0000804145-16/node:00127497/kt:0/lname:/"
}
