{
    "date": "2026/01/16",
    "name": "井ノ城",
    "position": "-",
    "system": "秦23",
    "destinations": [
        "くず葉台",
        "九沢",
        "北原(秦野市)",
        "ジョイフルタウン",
        "仲宿(秦野市)",
        "上宿通り",
        "大川橋(秦野市)",
        "まほろば大橋",
        "秦野駅"
    ],
    "weekday": [
        "6:04",
        "6:39",
        "6:54",
        "7:12",
        "7:31",
        "8:59",
        "10:08",
        "11:08",
        "12:08",
        "13:08",
        "14:08",
        "15:10",
        "16:10",
        "21:17"
    ],
    "saturday": [
        "6:34",
        "7:06",
        "7:39",
        "8:09",
        "9:14"
    ],
    "holiday": [
        "6:34",
        "7:06",
        "7:39",
        "8:09",
        "9:14"
    ],
    "url": "https://www.kanachu.co.jp/dia/diagram/timetable01_js/course:0000804221-9/node:00127866/kt:0/lname:/"
}
