{
    "date": "2026/01/16",
    "name": "上宿通り",
    "position": "-",
    "system": "秦23",
    "destinations": [
        "大川橋(秦野市)",
        "まほろば大橋",
        "秦野駅"
    ],
    "weekday": [
        "6:13",
        "6:48",
        "7:03",
        "7:21",
        "7:40",
        "9:08",
        "10:17",
        "11:17",
        "12:17",
        "13:17",
        "14:17",
        "15:19",
        "16:19",
        "21:26"
    ],
    "saturday": [
        "6:43",
        "7:15",
        "7:48",
        "8:18",
        "9:23"
    ],
    "holiday": [
        "6:43",
        "7:15",
        "7:48",
        "8:18",
        "9:23"
    ],
    "url": "https://www.kanachu.co.jp/dia/diagram/timetable01_js/course:0000804221-15/node:00127717/kt:0/lname:/"
}
