{
    "date": "2026/01/16",
    "name": "大川橋(秦野市)",
    "position": "-",
    "system": "秦23",
    "destinations": [
        "まほろば大橋",
        "秦野駅"
    ],
    "weekday": [
        "6:14",
        "6:49",
        "7:04",
        "7:22",
        "7:41",
        "9:09",
        "10:18",
        "11:18",
        "12:18",
        "13:18",
        "14:18",
        "15:20",
        "16:20",
        "21:27"
    ],
    "saturday": [
        "6:44",
        "7:16",
        "7:49",
        "8:19",
        "9:24"
    ],
    "holiday": [
        "6:44",
        "7:16",
        "7:49",
        "8:19",
        "9:24"
    ],
    "url": "https://www.kanachu.co.jp/dia/diagram/timetable01_js/course:0000804221-16/node:00127716/kt:0/lname:/"
}
