{
    "date": "2025/11/16",
    "name": "グリーンヒル上白根",
    "position": "-",
    "system": "115",
    "destinations": [
        "上白根一丁目",
        "今宿中学校前",
        "今宿小学校入口",
        "鶴ヶ峰中学校前",
        "薬王寺入口",
        "鶴ヶ峰本町",
        "鶴ヶ峰駅"
    ],
    "weekday": [
        "6:19"
    ],
    "saturday": [],
    "holiday": [
        "6:38"
    ],
    "url": "https://www.kanachu.co.jp/dia/diagram/timetable01_js/course:0000803927-3/node:00129752/kt:0/lname:/"
}
