{
    "date": "2025/11/16",
    "name": "上白根一丁目",
    "position": "-",
    "system": "",
    "destinations": [
        "今宿中学校前",
        "今宿小学校入口",
        "鶴ヶ峰中学校前",
        "薬王寺入口",
        "鶴ヶ峰本町",
        "鶴ヶ峰駅"
    ],
    "weekday": [
        "6:21"
    ],
    "saturday": [],
    "holiday": [
        "6:40"
    ],
    "url": "https://www.kanachu.co.jp/dia/diagram/timetable01_js/course:0000803927-4/node:00129753/kt:0/lname:/"
}
