{
    "date": "2024/09/02",
    "name": "まほろば",
    "position": "-",
    "system": "戸17",
    "destinations": [
        "岡津橋",
        "岡津",
        "下岡津",
        "日の森",
        "上矢部",
        "上矢部インター",
        "富士橋",
        "不動坂(横浜市戸塚区)",
        "ブリヂストン前",
        "元町(横浜市戸塚区)",
        "戸塚駅西口",
        "戸塚バスセンター"
    ],
    "weekday": [
        "7:56",
        "8:10",
        "8:31",
        "8:53",
        "9:15",
        "9:39",
        "10:15",
        "10:39",
        "11:15",
        "11:39",
        "12:15",
        "12:39",
        "13:15",
        "13:39",
        "14:15",
        "14:39",
        "15:13",
        "15:33",
        "15:53",
        "16:06",
        "16:29",
        "16:57",
        "17:15",
        "17:33",
        "17:45",
        "18:03",
        "18:33"
    ],
    "saturday": [
        "8:19",
        "8:39",
        "8:59",
        "9:19",
        "9:39",
        "9:59",
        "10:19",
        "10:39",
        "11:15",
        "11:39",
        "12:15",
        "12:39",
        "13:15",
        "13:39",
        "14:15",
        "14:40",
        "15:16",
        "15:40",
        "16:00",
        "16:20",
        "16:40",
        "17:00",
        "17:40",
        "18:10"
    ],
    "holiday": [
        "8:15",
        "8:39",
        "8:59",
        "9:19",
        "9:39",
        "9:59",
        "10:19",
        "10:39",
        "11:15",
        "11:39",
        "12:09",
        "12:39",
        "13:09",
        "13:39",
        "14:09",
        "14:40",
        "15:16",
        "15:40",
        "16:04",
        "16:40",
        "17:04",
        "17:40",
        "18:10"
    ],
    "url": "https://www.kanachu.co.jp/dia/diagram/timetable01_js/course:0000803580-18/node:00126920/kt:0/lname:/"
}
