{
    "date": "2024/09/02",
    "name": "下岡津",
    "position": "-",
    "system": "戸17",
    "destinations": [
        "日の森",
        "上矢部",
        "上矢部インター",
        "富士橋",
        "不動坂(横浜市戸塚区)",
        "ブリヂストン前",
        "元町(横浜市戸塚区)",
        "戸塚駅西口",
        "戸塚バスセンター"
    ],
    "weekday": [
        "8:00",
        "8:14",
        "8:35",
        "8:57",
        "9:19",
        "9:43",
        "10:19",
        "10:43",
        "11:19",
        "11:43",
        "12:19",
        "12:43",
        "13:19",
        "13:43",
        "14:19",
        "14:43",
        "15:17",
        "15:37",
        "15:57",
        "16:10",
        "16:33",
        "17:01",
        "17:19",
        "17:37",
        "17:49",
        "18:07",
        "18:37"
    ],
    "saturday": [
        "8:23",
        "8:43",
        "9:03",
        "9:23",
        "9:43",
        "10:03",
        "10:23",
        "10:43",
        "11:19",
        "11:43",
        "12:19",
        "12:43",
        "13:19",
        "13:43",
        "14:19",
        "14:44",
        "15:20",
        "15:44",
        "16:04",
        "16:24",
        "16:44",
        "17:04",
        "17:44",
        "18:14"
    ],
    "holiday": [
        "8:19",
        "8:43",
        "9:03",
        "9:23",
        "9:43",
        "10:03",
        "10:23",
        "10:43",
        "11:19",
        "11:43",
        "12:13",
        "12:43",
        "13:13",
        "13:43",
        "14:13",
        "14:44",
        "15:20",
        "15:44",
        "16:08",
        "16:44",
        "17:08",
        "17:44",
        "18:14"
    ],
    "url": "https://www.kanachu.co.jp/dia/diagram/timetable01_js/course:0000803580-21/node:00126672/kt:0/lname:/"
}
