{
    "date": "2025/02/24",
    "name": "集会所前(横浜市戸塚区)",
    "position": "-",
    "system": "戸51",
    "destinations": [
        "俣野公園・横浜薬大前",
        "横浜薬大南門",
        "三叉路(横浜市戸塚区)",
        "横浜医療センター前",
        "原宿(横浜市戸塚区)",
        "大運寺",
        "吹上(横浜市戸塚区)",
        "西横浜国際総合病院前",
        "新道大坂上",
        "大坂上(横浜市戸塚区)",
        "大坂台",
        "大坂下",
        "戸塚駅西口",
        "戸塚バスセンター"
    ],
    "weekday": [
        "6:11",
        "6:20",
        "6:41",
        "6:48",
        "7:03",
        "7:14",
        "7:32",
        "7:47",
        "8:05",
        "8:14",
        "8:29",
        "8:39",
        "12:25",
        "12:42",
        "12:51",
        "13:14",
        "13:24",
        "13:51",
        "13:59",
        "14:16",
        "16:45",
        "16:56",
        "17:03",
        "17:15",
        "17:25",
        "17:35",
        "18:04",
        "18:18",
        "18:29",
        "18:39",
        "18:49",
        "18:59"
    ],
    "saturday": [],
    "holiday": [],
    "url": "https://www.kanachu.co.jp/dia/diagram/timetable01_js/course:0000803591-2/node:00126823/kt:0/lname:/"
}
