{
    "date": "2025/02/24",
    "name": "横浜薬大南門",
    "position": "-",
    "system": "戸51",
    "destinations": [
        "三叉路(横浜市戸塚区)",
        "横浜医療センター前",
        "原宿(横浜市戸塚区)",
        "大運寺",
        "吹上(横浜市戸塚区)",
        "西横浜国際総合病院前",
        "新道大坂上",
        "大坂上(横浜市戸塚区)",
        "大坂台",
        "大坂下",
        "戸塚駅西口",
        "戸塚バスセンター"
    ],
    "weekday": [
        "6:13",
        "6:22",
        "6:43",
        "6:50",
        "7:05",
        "7:16",
        "7:34",
        "7:49",
        "8:07",
        "8:16",
        "8:31",
        "8:41",
        "12:27",
        "12:44",
        "12:53",
        "13:16",
        "13:26",
        "13:53",
        "14:01",
        "14:18",
        "16:47",
        "16:58",
        "17:05",
        "17:17",
        "17:27",
        "17:37",
        "18:06",
        "18:20",
        "18:31",
        "18:41",
        "18:51",
        "19:01"
    ],
    "saturday": [],
    "holiday": [],
    "url": "https://www.kanachu.co.jp/dia/diagram/timetable01_js/course:0000803591-4/node:00126821/kt:0/lname:/"
}
