{
    "date": "2025/02/24",
    "name": "横浜医療センター前",
    "position": "-",
    "system": "戸51",
    "destinations": [
        "原宿(横浜市戸塚区)",
        "大運寺",
        "吹上(横浜市戸塚区)",
        "西横浜国際総合病院前",
        "新道大坂上",
        "大坂上(横浜市戸塚区)",
        "大坂台",
        "大坂下",
        "戸塚駅西口",
        "戸塚バスセンター"
    ],
    "weekday": [
        "6:17",
        "6:26",
        "6:50",
        "6:57",
        "7:12",
        "7:23",
        "7:41",
        "7:56",
        "8:14",
        "8:23",
        "8:38",
        "8:48",
        "12:33",
        "12:50",
        "12:59",
        "13:22",
        "13:32",
        "13:59",
        "14:07",
        "14:24",
        "16:53",
        "17:04",
        "17:11",
        "17:23",
        "17:33",
        "17:43",
        "18:12",
        "18:26",
        "18:37",
        "18:47",
        "18:57",
        "19:07"
    ],
    "saturday": [],
    "holiday": [],
    "url": "https://www.kanachu.co.jp/dia/diagram/timetable01_js/course:0000803591-6/node:00126819/kt:0/lname:/"
}
