{
    "date": "2025/11/16",
    "name": "宮前(厚木市)",
    "position": "-",
    "system": "愛11",
    "destinations": [
        "堂山",
        "愛甲橋",
        "上愛甲",
        "愛甲原住宅",
        "大上(厚木市)",
        "聖木",
        "毛利台南入口",
        "上長谷(厚木市)",
        "愛名入口",
        "小野宮前",
        "小野橋(厚木市)",
        "中屋橋",
        "玉川農協前",
        "玉川公民館前",
        "日向川",
        "馬場リハビリ入口",
        "神奈川リハビリ",
        "馬場リハビリ入口",
        "七沢温泉入口",
        "七沢病院下",
        "七沢病院"
    ],
    "weekday": [
        "6:37",
        "7:02",
        "7:57",
        "8:17",
        "9:17",
        "10:37",
        "11:22",
        "12:42",
        "14:17",
        "15:47",
        "17:04"
    ],
    "saturday": [
        "7:57",
        "9:12",
        "10:02",
        "11:17",
        "12:47",
        "14:07",
        "15:17"
    ],
    "holiday": [
        "7:57",
        "9:12",
        "10:02",
        "11:17",
        "12:47",
        "14:07",
        "15:17"
    ],
    "url": "https://www.kanachu.co.jp/dia/diagram/timetable01_js/course:0000802598-2/node:00128495/kt:0/lname:/"
}
