{
    "date": "2025/11/16",
    "name": "聖木",
    "position": "-",
    "system": "愛11",
    "destinations": [
        "毛利台南入口",
        "上長谷(厚木市)",
        "愛名入口",
        "小野宮前",
        "小野橋(厚木市)",
        "中屋橋",
        "玉川農協前",
        "玉川公民館前",
        "日向川",
        "馬場リハビリ入口",
        "神奈川リハビリ",
        "馬場リハビリ入口",
        "七沢温泉入口",
        "七沢病院下",
        "七沢病院"
    ],
    "weekday": [
        "6:42",
        "7:07",
        "8:02",
        "8:22",
        "9:22",
        "10:42",
        "11:27",
        "12:47",
        "14:22",
        "15:52",
        "17:09"
    ],
    "saturday": [
        "8:02",
        "9:17",
        "10:07",
        "11:22",
        "12:52",
        "14:12",
        "15:22"
    ],
    "holiday": [
        "8:02",
        "9:17",
        "10:07",
        "11:22",
        "12:52",
        "14:12",
        "15:22"
    ],
    "url": "https://www.kanachu.co.jp/dia/diagram/timetable01_js/course:0000802598-8/node:00128524/kt:0/lname:/"
}
