{
    "date": "2025/11/16",
    "name": "小野宮前",
    "position": "-",
    "system": "愛11",
    "destinations": [
        "小野橋(厚木市)",
        "中屋橋",
        "玉川農協前",
        "玉川公民館前",
        "日向川",
        "馬場リハビリ入口",
        "神奈川リハビリ",
        "馬場リハビリ入口",
        "七沢温泉入口",
        "七沢病院下",
        "七沢病院"
    ],
    "weekday": [
        "6:46",
        "7:12",
        "8:07",
        "8:27",
        "9:26",
        "10:46",
        "11:31",
        "12:51",
        "14:26",
        "15:56",
        "17:14"
    ],
    "saturday": [
        "8:07",
        "9:22",
        "10:12",
        "11:27",
        "12:57",
        "14:17",
        "15:27"
    ],
    "holiday": [
        "8:07",
        "9:22",
        "10:12",
        "11:27",
        "12:57",
        "14:17",
        "15:27"
    ],
    "url": "https://www.kanachu.co.jp/dia/diagram/timetable01_js/course:0000802598-12/node:00128449/kt:0/lname:/"
}
