{
    "date": "2025/11/16",
    "name": "玉川公民館前",
    "position": "-",
    "system": "愛11",
    "destinations": [
        "日向川",
        "馬場リハビリ入口",
        "神奈川リハビリ",
        "馬場リハビリ入口",
        "七沢温泉入口",
        "七沢病院下",
        "七沢病院"
    ],
    "weekday": [
        "6:50",
        "7:16",
        "8:11",
        "8:31",
        "9:30",
        "10:50",
        "11:35",
        "12:55",
        "14:30",
        "16:00",
        "17:18"
    ],
    "saturday": [
        "8:11",
        "9:26",
        "10:16",
        "11:31",
        "13:01",
        "14:21",
        "15:31"
    ],
    "holiday": [
        "8:11",
        "9:26",
        "10:16",
        "11:31",
        "13:01",
        "14:21",
        "15:31"
    ],
    "url": "https://www.kanachu.co.jp/dia/diagram/timetable01_js/course:0000802598-16/node:00128453/kt:0/lname:/"
}
