{
    "date": "2025/11/16",
    "name": "馬場リハビリ入口",
    "position": "-",
    "system": "愛11",
    "destinations": [
        "神奈川リハビリ",
        "馬場リハビリ入口",
        "七沢温泉入口",
        "七沢病院下",
        "七沢病院"
    ],
    "weekday": [
        "6:52",
        "7:18",
        "8:13",
        "8:33",
        "9:32",
        "10:52",
        "11:37",
        "12:57",
        "14:32",
        "16:02",
        "17:20"
    ],
    "saturday": [
        "8:13",
        "9:28",
        "10:18",
        "11:33",
        "13:03",
        "14:23",
        "15:33"
    ],
    "holiday": [
        "8:13",
        "9:28",
        "10:18",
        "11:33",
        "13:03",
        "14:23",
        "15:33"
    ],
    "url": "https://www.kanachu.co.jp/dia/diagram/timetable01_js/course:0000802598-18/node:00128455/kt:0/lname:/"
}
