{
    "date": "2025/11/16",
    "name": "神奈川リハビリ",
    "position": "-",
    "system": "愛11",
    "destinations": [
        "馬場リハビリ入口",
        "七沢温泉入口",
        "七沢病院下",
        "七沢病院"
    ],
    "weekday": [
        "6:54",
        "7:20",
        "8:15",
        "8:35",
        "9:34",
        "10:54",
        "11:39",
        "12:59",
        "14:34",
        "16:04",
        "17:22"
    ],
    "saturday": [
        "8:15",
        "9:30",
        "10:20",
        "11:35",
        "13:05",
        "14:25",
        "15:35"
    ],
    "holiday": [
        "8:15",
        "9:30",
        "10:20",
        "11:35",
        "13:05",
        "14:25",
        "15:35"
    ],
    "url": "https://www.kanachu.co.jp/dia/diagram/timetable01_js/course:0000802598-19/node:00128456/kt:0/lname:/"
}
