{
    "date": "2024/07/08",
    "name": "浄水場前(町田市)",
    "position": "-",
    "system": "町34",
    "destinations": [
        "滝の沢(町田市)",
        "木曽住宅",
        "三家(町田市)",
        "木曽(町田市)",
        "忠生公園入口",
        "忠生公園前",
        "忠生二丁目",
        "町田工業高校前",
        "忠生三丁目",
        "忠霊塔前",
        "忠生四丁目",
        "桜美林学園",
        "唐沢(町田市)",
        "桜台入口(町田市)",
        "桜台一丁目(町田市)",
        "桜台センター前",
        "桜台二丁目(町田市)",
        "小山田桜台"
    ],
    "weekday": [
        "9:19",
        "10:19",
        "11:19",
        "12:19",
        "13:19",
        "14:19",
        "15:19",
        "16:19",
        "17:32"
    ],
    "saturday": [
        "9:19",
        "10:19",
        "11:19",
        "12:19",
        "13:19",
        "14:20",
        "15:20",
        "16:20",
        "17:20"
    ],
    "holiday": [],
    "url": "https://www.kanachu.co.jp/dia/diagram/timetable01_js/course:0000802951-6/node:00129360/kt:0/lname:/"
}
