{
    "date": "2026/01/16",
    "name": "東京ラヂエーター前",
    "position": "-",
    "system": "藤34",
    "destinations": [
        "プレス工業前(藤沢市)",
        "石川(藤沢市)",
        "石川橋",
        "五反田(藤沢市)",
        "北の谷",
        "弁天前(藤沢市)",
        "天神社前",
        "舟地蔵",
        "大六天(藤沢市)",
        "明治小学校前",
        "羽鳥(藤沢市)",
        "メルシャン前",
        "引地橋",
        "一中入口(藤沢市)",
        "湘南高校前",
        "台町(藤沢市)",
        "白旗交差点",
        "本町小学校前(藤沢市)",
        "南仲通り二丁目",
        "南仲通り",
        "相生町(藤沢市)",
        "三富士町",
        "藤沢駅北口"
    ],
    "weekday": [],
    "saturday": [
        "10:12",
        "11:14",
        "12:14",
        "13:14",
        "14:14",
        "15:15",
        "16:15"
    ],
    "holiday": [
        "10:12",
        "11:14",
        "12:14",
        "13:14",
        "14:14",
        "15:15",
        "16:15"
    ],
    "url": "https://www.kanachu.co.jp/dia/diagram/timetable01_js/course:0000804180-6/node:00129931/kt:0/lname:/"
}
