{
    "date": "2026/01/16",
    "name": "メルシャン前",
    "position": "-",
    "system": "藤34",
    "destinations": [
        "引地橋",
        "一中入口(藤沢市)",
        "湘南高校前",
        "台町(藤沢市)",
        "白旗交差点",
        "本町小学校前(藤沢市)",
        "南仲通り二丁目",
        "南仲通り",
        "相生町(藤沢市)",
        "三富士町",
        "藤沢駅北口"
    ],
    "weekday": [],
    "saturday": [
        "10:28",
        "11:30",
        "12:30",
        "13:30",
        "14:30",
        "15:31",
        "16:31"
    ],
    "holiday": [
        "10:28",
        "11:30",
        "12:30",
        "13:30",
        "14:30",
        "15:31",
        "16:31"
    ],
    "url": "https://www.kanachu.co.jp/dia/diagram/timetable01_js/course:0000804180-18/node:00127053/kt:0/lname:/"
}
