{
    "date": "2026/01/16",
    "name": "湘南高校前",
    "position": "-",
    "system": "藤34",
    "destinations": [
        "台町(藤沢市)",
        "白旗交差点",
        "本町小学校前(藤沢市)",
        "南仲通り二丁目",
        "南仲通り",
        "相生町(藤沢市)",
        "三富士町",
        "藤沢駅北口"
    ],
    "weekday": [],
    "saturday": [
        "10:31",
        "11:33",
        "12:33",
        "13:33",
        "14:33",
        "15:34",
        "16:34"
    ],
    "holiday": [
        "10:31",
        "11:33",
        "12:33",
        "13:33",
        "14:33",
        "15:34",
        "16:34"
    ],
    "url": "https://www.kanachu.co.jp/dia/diagram/timetable01_js/course:0000804180-21/node:00127050/kt:0/lname:/"
}
