{
    "date": "2026/01/16",
    "name": "本町小学校前(藤沢市)",
    "position": "-",
    "system": "藤34",
    "destinations": [
        "南仲通り二丁目",
        "南仲通り",
        "相生町(藤沢市)",
        "三富士町",
        "藤沢駅北口"
    ],
    "weekday": [],
    "saturday": [
        "10:35",
        "11:37",
        "12:37",
        "13:37",
        "14:37",
        "15:39",
        "16:39"
    ],
    "holiday": [
        "10:35",
        "11:37",
        "12:37",
        "13:37",
        "14:37",
        "15:39",
        "16:39"
    ],
    "url": "https://www.kanachu.co.jp/dia/diagram/timetable01_js/course:0000804180-24/node:00127109/kt:0/lname:/"
}
