{
    "date": "2024/03/16",
    "name": "成瀬駅",
    "position": "-",
    "system": "成04",
    "destinations": [
        "南成瀬",
        "成瀬高校入口",
        "中村(町田市成瀬)",
        "観性寺前",
        "成瀬台入口",
        "ポプラヶ丘前",
        "成瀬台二丁目",
        "野村住宅中央",
        "成瀬台",
        "駒狩公園前",
        "島(横浜市青葉区)",
        "こどもの国駅"
    ],
    "weekday": [
        "12:30",
        "14:30"
    ],
    "saturday": [
        "12:30",
        "14:30"
    ],
    "holiday": [
        "12:30",
        "14:30"
    ],
    "url": "https://www.kanachu.co.jp/dia/diagram/timetable01_js/course:0000800226-1/node:00129552/kt:0/lname:/"
}
