{
    "date": "2025/10/20",
    "name": "八幡神社前(横浜市瀬谷区)",
    "position": "-",
    "system": "間14",
    "destinations": [
        "馬場屋敷",
        "目黒",
        "長堀公園前",
        "鶴間二丁目",
        "鶴間駅東口"
    ],
    "weekday": [
        "7:03",
        "7:33",
        "8:03",
        "8:33",
        "9:03",
        "9:20",
        "11:13",
        "12:53",
        "15:33",
        "16:58",
        "17:58",
        "18:33",
        "19:03",
        "19:33"
    ],
    "saturday": [
        "8:33",
        "9:03",
        "10:20",
        "11:03",
        "11:33",
        "13:33",
        "15:03",
        "15:28",
        "16:58",
        "18:03",
        "19:18"
    ],
    "holiday": [
        "8:33",
        "9:03",
        "10:20",
        "11:03",
        "11:33",
        "13:33",
        "15:03",
        "15:28",
        "16:58",
        "18:03",
        "19:18"
    ],
    "url": "https://www.kanachu.co.jp/dia/diagram/timetable01_js/course:0000803925-8/node:00129653/kt:0/lname:/"
}
