{
    "date": "2025/10/20",
    "name": "目黒",
    "position": "-",
    "system": "間14",
    "destinations": [
        "長堀公園前",
        "鶴間二丁目",
        "鶴間駅東口"
    ],
    "weekday": [
        "7:06",
        "7:36",
        "8:06",
        "8:36",
        "9:06",
        "9:23",
        "11:16",
        "12:56",
        "15:36",
        "17:01",
        "18:01",
        "18:36",
        "19:06",
        "19:36"
    ],
    "saturday": [
        "8:35",
        "9:05",
        "10:23",
        "11:06",
        "11:36",
        "13:36",
        "15:06",
        "15:31",
        "17:01",
        "18:06",
        "19:21"
    ],
    "holiday": [
        "8:35",
        "9:05",
        "10:23",
        "11:06",
        "11:36",
        "13:36",
        "15:06",
        "15:31",
        "17:01",
        "18:06",
        "19:21"
    ],
    "url": "https://www.kanachu.co.jp/dia/diagram/timetable01_js/course:0000803925-10/node:00129652/kt:0/lname:/"
}
