{
    "date": "2025/03/15",
    "name": "御所見小学校前",
    "position": "-",
    "system": "辻33",
    "destinations": [
        "用田(藤沢市)",
        "用田辻",
        "用田神社入口",
        "松葉(藤沢市)",
        "女坂",
        "山根(綾瀬市)",
        "吉岡芝原",
        "綾瀬車庫(綾瀬市)"
    ],
    "weekday": [
        "8:45",
        "10:45",
        "16:45",
        "18:45"
    ],
    "saturday": [
        "10:48",
        "16:50",
        "18:48"
    ],
    "holiday": [
        "10:48",
        "16:50",
        "18:48"
    ],
    "url": "https://www.kanachu.co.jp/dia/diagram/timetable01_js/course:0000802692-30/node:00129979/kt:0/lname:/"
}
