{
    "date": "2025/03/15",
    "name": "松葉(藤沢市)",
    "position": "-",
    "system": "辻33",
    "destinations": [
        "女坂",
        "山根(綾瀬市)",
        "吉岡芝原",
        "綾瀬車庫(綾瀬市)"
    ],
    "weekday": [
        "8:49",
        "10:49",
        "16:49",
        "18:49"
    ],
    "saturday": [
        "10:52",
        "16:54",
        "18:52"
    ],
    "holiday": [
        "10:52",
        "16:54",
        "18:52"
    ],
    "url": "https://www.kanachu.co.jp/dia/diagram/timetable01_js/course:0000802692-34/node:00129841/kt:0/lname:/"
}
