{
    "date": "2024/09/02",
    "name": "渋谷中学校",
    "position": "-",
    "system": "長55",
    "destinations": [
        "保育所前(大和市)",
        "いちょう団地",
        "台村",
        "飯田神社前",
        "団地入口(横浜市泉区)",
        "児童公園前(横浜市泉区)",
        "小学校前(横浜市泉区)",
        "上飯田団地",
        "小学校前(横浜市泉区)",
        "児童公園前(横浜市泉区)",
        "団地入口(横浜市泉区)",
        "飯田農協前",
        "上高倉",
        "藤沢湘南台病院前",
        "住宅前(藤沢市高倉)",
        "長後駅"
    ],
    "weekday": [
        "6:51",
        "8:01"
    ],
    "saturday": [
        "7:07",
        "8:32"
    ],
    "holiday": [
        "7:07",
        "8:32"
    ],
    "url": "https://www.kanachu.co.jp/dia/diagram/timetable01_js/course:0000800062-6/node:00126894/kt:0/lname:/"
}
