{
    "date": "2024/09/02",
    "name": "いちょう団地",
    "position": "-",
    "system": "長55",
    "destinations": [
        "台村",
        "飯田神社前",
        "団地入口(横浜市泉区)",
        "児童公園前(横浜市泉区)",
        "小学校前(横浜市泉区)",
        "上飯田団地",
        "小学校前(横浜市泉区)",
        "児童公園前(横浜市泉区)",
        "団地入口(横浜市泉区)",
        "飯田農協前",
        "上高倉",
        "藤沢湘南台病院前",
        "住宅前(藤沢市高倉)",
        "長後駅"
    ],
    "weekday": [
        "6:53",
        "8:03"
    ],
    "saturday": [
        "7:09",
        "8:34"
    ],
    "holiday": [
        "7:09",
        "8:34"
    ],
    "url": "https://www.kanachu.co.jp/dia/diagram/timetable01_js/course:0000800062-8/node:00126808/kt:0/lname:/"
}
