{
    "date": "2024/09/02",
    "name": "小学校前(横浜市泉区)",
    "position": "-",
    "system": "長55",
    "destinations": [
        "児童公園前(横浜市泉区)",
        "団地入口(横浜市泉区)",
        "飯田農協前",
        "上高倉",
        "藤沢湘南台病院前",
        "住宅前(藤沢市高倉)",
        "長後駅"
    ],
    "weekday": [
        "6:59",
        "8:09"
    ],
    "saturday": [
        "7:15",
        "8:40"
    ],
    "holiday": [
        "7:15",
        "8:40"
    ],
    "url": "https://www.kanachu.co.jp/dia/diagram/timetable01_js/course:0000800062-15/node:00126806/kt:0/lname:/"
}
