{
    "date": "2025/11/16",
    "name": "中山駅",
    "position": "-",
    "system": "中54",
    "destinations": [
        "緑区役所前",
        "台村町",
        "三保交差点",
        "宮根(横浜市緑区)",
        "住宅前(横浜市緑区)",
        "薬師谷戸",
        "三保橋",
        "三保中央"
    ],
    "weekday": [
        "6:17",
        "6:31",
        "6:49",
        "7:02",
        "7:17",
        "7:32",
        "7:48",
        "8:02",
        "8:17",
        "8:32",
        "8:48",
        "9:16",
        "9:50",
        "10:16",
        "10:47",
        "11:15",
        "11:45",
        "12:17",
        "12:45",
        "13:20",
        "13:50",
        "14:20",
        "14:50",
        "15:20",
        "15:53",
        "16:23",
        "16:50",
        "17:10",
        "17:27",
        "17:45",
        "17:55",
        "18:09",
        "18:19",
        "18:32",
        "18:45",
        "19:09",
        "19:20",
        "19:43",
        "20:09",
        "20:49",
        "21:27",
        "21:56",
        "22:28",
        "23:00"
    ],
    "saturday": [
        "6:47",
        "7:17",
        "7:47",
        "8:17",
        "8:47",
        "9:17",
        "9:47",
        "10:17",
        "10:47",
        "11:17",
        "11:47",
        "12:17",
        "12:47",
        "13:17",
        "13:47",
        "14:17",
        "14:47",
        "15:17",
        "15:47",
        "16:17",
        "16:47",
        "17:17",
        "17:47",
        "18:17",
        "18:47",
        "19:17",
        "19:47",
        "20:23",
        "20:50"
    ],
    "holiday": [
        "7:32",
        "8:02",
        "8:32",
        "9:02",
        "9:32",
        "10:02",
        "10:32",
        "11:02",
        "11:32",
        "12:02",
        "12:34",
        "13:02",
        "13:32",
        "14:02",
        "14:34",
        "15:02",
        "15:32",
        "16:02",
        "16:32",
        "17:02",
        "17:32",
        "18:02",
        "18:32",
        "19:02",
        "19:32",
        "20:02"
    ],
    "url": "https://www.kanachu.co.jp/dia/diagram/timetable01_js/course:0000802245-1/node:00102821/kt:0/lname:/"
}
