{
    "date": "2025/11/16",
    "name": "住宅前(横浜市緑区)",
    "position": "-",
    "system": "中54",
    "destinations": [
        "薬師谷戸",
        "三保橋",
        "三保中央"
    ],
    "weekday": [
        "6:21",
        "6:35",
        "6:53",
        "7:06",
        "7:21",
        "7:36",
        "7:52",
        "8:06",
        "8:21",
        "8:36",
        "8:52",
        "9:20",
        "9:54",
        "10:20",
        "10:51",
        "11:19",
        "11:49",
        "12:21",
        "12:49",
        "13:24",
        "13:54",
        "14:24",
        "14:54",
        "15:24",
        "15:57",
        "16:27",
        "16:54",
        "17:14",
        "17:31",
        "17:49",
        "17:59",
        "18:13",
        "18:23",
        "18:36",
        "18:49",
        "19:13",
        "19:24",
        "19:47",
        "20:13",
        "20:53",
        "21:31",
        "22:00",
        "22:32",
        "23:04"
    ],
    "saturday": [
        "6:51",
        "7:21",
        "7:51",
        "8:21",
        "8:51",
        "9:21",
        "9:51",
        "10:21",
        "10:51",
        "11:21",
        "11:51",
        "12:21",
        "12:51",
        "13:21",
        "13:51",
        "14:21",
        "14:51",
        "15:21",
        "15:51",
        "16:21",
        "16:51",
        "17:21",
        "17:51",
        "18:21",
        "18:51",
        "19:21",
        "19:51",
        "20:27",
        "20:54"
    ],
    "holiday": [
        "7:36",
        "8:06",
        "8:36",
        "9:06",
        "9:36",
        "10:06",
        "10:36",
        "11:06",
        "11:36",
        "12:06",
        "12:38",
        "13:06",
        "13:36",
        "14:06",
        "14:38",
        "15:06",
        "15:36",
        "16:06",
        "16:36",
        "17:06",
        "17:36",
        "18:06",
        "18:36",
        "19:06",
        "19:36",
        "20:06"
    ],
    "url": "https://www.kanachu.co.jp/dia/diagram/timetable01_js/course:0000802245-6/node:00126592/kt:0/lname:/"
}
