{
    "date": "2025/11/16",
    "name": "薬師谷戸",
    "position": "-",
    "system": "中54",
    "destinations": [
        "三保橋",
        "三保中央"
    ],
    "weekday": [
        "6:22",
        "6:36",
        "6:54",
        "7:07",
        "7:22",
        "7:37",
        "7:53",
        "8:07",
        "8:22",
        "8:37",
        "8:53",
        "9:21",
        "9:55",
        "10:21",
        "10:52",
        "11:20",
        "11:50",
        "12:22",
        "12:50",
        "13:25",
        "13:55",
        "14:25",
        "14:55",
        "15:25",
        "15:58",
        "16:28",
        "16:55",
        "17:15",
        "17:32",
        "17:50",
        "18:00",
        "18:14",
        "18:24",
        "18:37",
        "18:50",
        "19:14",
        "19:25",
        "19:48",
        "20:14",
        "20:54",
        "21:32",
        "22:01",
        "22:33",
        "23:05"
    ],
    "saturday": [
        "6:52",
        "7:22",
        "7:52",
        "8:22",
        "8:52",
        "9:22",
        "9:52",
        "10:22",
        "10:52",
        "11:22",
        "11:52",
        "12:22",
        "12:52",
        "13:22",
        "13:52",
        "14:22",
        "14:52",
        "15:22",
        "15:52",
        "16:22",
        "16:52",
        "17:22",
        "17:52",
        "18:22",
        "18:52",
        "19:22",
        "19:52",
        "20:28",
        "20:55"
    ],
    "holiday": [
        "7:37",
        "8:07",
        "8:37",
        "9:07",
        "9:37",
        "10:07",
        "10:37",
        "11:07",
        "11:37",
        "12:07",
        "12:39",
        "13:07",
        "13:37",
        "14:07",
        "14:39",
        "15:07",
        "15:37",
        "16:07",
        "16:37",
        "17:07",
        "17:37",
        "18:07",
        "18:37",
        "19:07",
        "19:37",
        "20:07"
    ],
    "url": "https://www.kanachu.co.jp/dia/diagram/timetable01_js/course:0000802245-7/node:00126591/kt:0/lname:/"
}
