{
    "date": "2025/11/16",
    "name": "三保橋",
    "position": "-",
    "system": "中54",
    "destinations": [
        "三保中央"
    ],
    "weekday": [
        "6:23",
        "6:37",
        "6:55",
        "7:08",
        "7:23",
        "7:38",
        "7:54",
        "8:08",
        "8:23",
        "8:38",
        "8:54",
        "9:22",
        "9:56",
        "10:22",
        "10:53",
        "11:21",
        "11:51",
        "12:23",
        "12:51",
        "13:26",
        "13:56",
        "14:26",
        "14:56",
        "15:26",
        "15:59",
        "16:29",
        "16:56",
        "17:16",
        "17:33",
        "17:51",
        "18:01",
        "18:15",
        "18:25",
        "18:38",
        "18:51",
        "19:15",
        "19:26",
        "19:49",
        "20:15",
        "20:55",
        "21:33",
        "22:02",
        "22:34",
        "23:06"
    ],
    "saturday": [
        "6:53",
        "7:23",
        "7:53",
        "8:23",
        "8:53",
        "9:23",
        "9:53",
        "10:23",
        "10:53",
        "11:23",
        "11:53",
        "12:23",
        "12:53",
        "13:23",
        "13:53",
        "14:23",
        "14:53",
        "15:23",
        "15:53",
        "16:23",
        "16:53",
        "17:23",
        "17:53",
        "18:23",
        "18:53",
        "19:23",
        "19:53",
        "20:29",
        "20:56"
    ],
    "holiday": [
        "7:38",
        "8:08",
        "8:38",
        "9:08",
        "9:38",
        "10:08",
        "10:38",
        "11:08",
        "11:38",
        "12:08",
        "12:40",
        "13:08",
        "13:38",
        "14:08",
        "14:40",
        "15:08",
        "15:38",
        "16:08",
        "16:38",
        "17:08",
        "17:38",
        "18:08",
        "18:38",
        "19:08",
        "19:38",
        "20:08"
    ],
    "url": "https://www.kanachu.co.jp/dia/diagram/timetable01_js/course:0000802245-8/node:00126590/kt:0/lname:/"
}
