{
    "date": "2025/07/12",
    "name": "台町(藤沢市)",
    "position": "-",
    "system": "藤34",
    "destinations": [
        "湘南高校前",
        "一中入口(藤沢市)",
        "引地橋",
        "メルシャン前",
        "羽鳥(藤沢市)",
        "明治小学校前",
        "大六天(藤沢市)",
        "舟地蔵",
        "天神社前",
        "弁天前(藤沢市)",
        "北の谷",
        "五反田(藤沢市)",
        "石川橋",
        "石川(藤沢市)",
        "プレス工業前(藤沢市)",
        "東京ラヂエーター前",
        "一色上",
        "桐原公園前",
        "桐ヶ谷(藤沢市)",
        "湘南台住宅前",
        "湘南台駅西口"
    ],
    "weekday": [
        "5:52",
        "6:52",
        "7:23",
        "8:08",
        "9:13",
        "10:09",
        "11:09",
        "12:13",
        "13:09",
        "14:11",
        "15:09",
        "16:10",
        "17:10",
        "18:10",
        "19:08",
        "20:07"
    ],
    "saturday": [
        "6:12",
        "7:12",
        "8:12",
        "9:12",
        "10:13",
        "11:13",
        "12:15",
        "13:13",
        "14:13",
        "15:13",
        "16:15",
        "17:15",
        "18:13",
        "19:13",
        "20:07"
    ],
    "holiday": [
        "6:12",
        "7:12",
        "8:12",
        "9:12",
        "10:13",
        "11:13",
        "12:15",
        "13:13",
        "14:13",
        "15:13",
        "16:15",
        "17:15",
        "18:13",
        "19:13",
        "20:07"
    ],
    "url": "https://www.kanachu.co.jp/dia/diagram/timetable01_js/course:0000800719-7/node:00127049/kt:0/lname:/"
}
