{
    "date": "2025/07/12",
    "name": "一中入口(藤沢市)",
    "position": "-",
    "system": "藤34",
    "destinations": [
        "引地橋",
        "メルシャン前",
        "羽鳥(藤沢市)",
        "明治小学校前",
        "大六天(藤沢市)",
        "舟地蔵",
        "天神社前",
        "弁天前(藤沢市)",
        "北の谷",
        "五反田(藤沢市)",
        "石川橋",
        "石川(藤沢市)",
        "プレス工業前(藤沢市)",
        "東京ラヂエーター前",
        "一色上",
        "桐原公園前",
        "桐ヶ谷(藤沢市)",
        "湘南台住宅前",
        "湘南台駅西口"
    ],
    "weekday": [
        "5:53",
        "6:53",
        "7:25",
        "8:10",
        "9:15",
        "10:11",
        "11:11",
        "12:15",
        "13:11",
        "14:13",
        "15:11",
        "16:12",
        "17:12",
        "18:12",
        "19:10",
        "20:08"
    ],
    "saturday": [
        "6:13",
        "7:13",
        "8:14",
        "9:14",
        "10:15",
        "11:15",
        "12:17",
        "13:15",
        "14:15",
        "15:15",
        "16:17",
        "17:17",
        "18:15",
        "19:15",
        "20:08"
    ],
    "holiday": [
        "6:13",
        "7:13",
        "8:14",
        "9:14",
        "10:15",
        "11:15",
        "12:17",
        "13:15",
        "14:15",
        "15:15",
        "16:17",
        "17:17",
        "18:15",
        "19:15",
        "20:08"
    ],
    "url": "https://www.kanachu.co.jp/dia/diagram/timetable01_js/course:0000800719-9/node:00127051/kt:0/lname:/"
}
