{
    "date": "2025/07/12",
    "name": "メルシャン前",
    "position": "-",
    "system": "藤34",
    "destinations": [
        "羽鳥(藤沢市)",
        "明治小学校前",
        "大六天(藤沢市)",
        "舟地蔵",
        "天神社前",
        "弁天前(藤沢市)",
        "北の谷",
        "五反田(藤沢市)",
        "石川橋",
        "石川(藤沢市)",
        "プレス工業前(藤沢市)",
        "東京ラヂエーター前",
        "一色上",
        "桐原公園前",
        "桐ヶ谷(藤沢市)",
        "湘南台住宅前",
        "湘南台駅西口"
    ],
    "weekday": [
        "5:56",
        "6:56",
        "7:28",
        "8:13",
        "9:18",
        "10:14",
        "11:14",
        "12:18",
        "13:14",
        "14:16",
        "15:14",
        "16:15",
        "17:15",
        "18:15",
        "19:13",
        "20:11"
    ],
    "saturday": [
        "6:16",
        "7:16",
        "8:17",
        "9:17",
        "10:18",
        "11:18",
        "12:20",
        "13:18",
        "14:18",
        "15:18",
        "16:20",
        "17:20",
        "18:18",
        "19:18",
        "20:11"
    ],
    "holiday": [
        "6:16",
        "7:16",
        "8:17",
        "9:17",
        "10:18",
        "11:18",
        "12:20",
        "13:18",
        "14:18",
        "15:18",
        "16:20",
        "17:20",
        "18:18",
        "19:18",
        "20:11"
    ],
    "url": "https://www.kanachu.co.jp/dia/diagram/timetable01_js/course:0000800719-11/node:00127053/kt:0/lname:/"
}
