{
    "date": "2025/07/12",
    "name": "大六天(藤沢市)",
    "position": "-",
    "system": "藤34",
    "destinations": [
        "舟地蔵",
        "天神社前",
        "弁天前(藤沢市)",
        "北の谷",
        "五反田(藤沢市)",
        "石川橋",
        "石川(藤沢市)",
        "プレス工業前(藤沢市)",
        "東京ラヂエーター前",
        "一色上",
        "桐原公園前",
        "桐ヶ谷(藤沢市)",
        "湘南台住宅前",
        "湘南台駅西口"
    ],
    "weekday": [
        "6:00",
        "7:00",
        "7:32",
        "8:17",
        "9:22",
        "10:18",
        "11:18",
        "12:22",
        "13:18",
        "14:20",
        "15:18",
        "16:19",
        "17:19",
        "18:19",
        "19:17",
        "20:15"
    ],
    "saturday": [
        "6:20",
        "7:20",
        "8:21",
        "9:21",
        "10:22",
        "11:22",
        "12:24",
        "13:22",
        "14:22",
        "15:22",
        "16:24",
        "17:24",
        "18:22",
        "19:22",
        "20:15"
    ],
    "holiday": [
        "6:20",
        "7:20",
        "8:21",
        "9:21",
        "10:22",
        "11:22",
        "12:24",
        "13:22",
        "14:22",
        "15:22",
        "16:24",
        "17:24",
        "18:22",
        "19:22",
        "20:15"
    ],
    "url": "https://www.kanachu.co.jp/dia/diagram/timetable01_js/course:0000800719-14/node:00127056/kt:0/lname:/"
}
