{
    "date": "2025/07/12",
    "name": "舟地蔵",
    "position": "-",
    "system": "藤34",
    "destinations": [
        "天神社前",
        "弁天前(藤沢市)",
        "北の谷",
        "五反田(藤沢市)",
        "石川橋",
        "石川(藤沢市)",
        "プレス工業前(藤沢市)",
        "東京ラヂエーター前",
        "一色上",
        "桐原公園前",
        "桐ヶ谷(藤沢市)",
        "湘南台住宅前",
        "湘南台駅西口"
    ],
    "weekday": [
        "6:01",
        "7:01",
        "7:33",
        "8:18",
        "9:23",
        "10:19",
        "11:19",
        "12:23",
        "13:19",
        "14:21",
        "15:19",
        "16:20",
        "17:20",
        "18:20",
        "19:18",
        "20:16"
    ],
    "saturday": [
        "6:21",
        "7:21",
        "8:22",
        "9:22",
        "10:23",
        "11:23",
        "12:25",
        "13:23",
        "14:23",
        "15:23",
        "16:25",
        "17:25",
        "18:23",
        "19:23",
        "20:16"
    ],
    "holiday": [
        "6:21",
        "7:21",
        "8:22",
        "9:22",
        "10:23",
        "11:23",
        "12:25",
        "13:23",
        "14:23",
        "15:23",
        "16:25",
        "17:25",
        "18:23",
        "19:23",
        "20:16"
    ],
    "url": "https://www.kanachu.co.jp/dia/diagram/timetable01_js/course:0000800719-15/node:00127057/kt:0/lname:/"
}
