{
    "date": "2025/07/12",
    "name": "弁天前(藤沢市)",
    "position": "-",
    "system": "藤34",
    "destinations": [
        "北の谷",
        "五反田(藤沢市)",
        "石川橋",
        "石川(藤沢市)",
        "プレス工業前(藤沢市)",
        "東京ラヂエーター前",
        "一色上",
        "桐原公園前",
        "桐ヶ谷(藤沢市)",
        "湘南台住宅前",
        "湘南台駅西口"
    ],
    "weekday": [
        "6:04",
        "7:06",
        "7:38",
        "8:23",
        "9:27",
        "10:23",
        "11:23",
        "12:27",
        "13:23",
        "14:25",
        "15:23",
        "16:25",
        "17:25",
        "18:25",
        "19:22",
        "20:19"
    ],
    "saturday": [
        "6:24",
        "7:24",
        "8:26",
        "9:26",
        "10:28",
        "11:28",
        "12:30",
        "13:28",
        "14:28",
        "15:28",
        "16:30",
        "17:30",
        "18:28",
        "19:28",
        "20:19"
    ],
    "holiday": [
        "6:24",
        "7:24",
        "8:26",
        "9:26",
        "10:28",
        "11:28",
        "12:30",
        "13:28",
        "14:28",
        "15:28",
        "16:30",
        "17:30",
        "18:28",
        "19:28",
        "20:19"
    ],
    "url": "https://www.kanachu.co.jp/dia/diagram/timetable01_js/course:0000800719-17/node:00127059/kt:0/lname:/"
}
