{
    "date": "2025/07/12",
    "name": "石川(藤沢市)",
    "position": "-",
    "system": "藤34",
    "destinations": [
        "プレス工業前(藤沢市)",
        "東京ラヂエーター前",
        "一色上",
        "桐原公園前",
        "桐ヶ谷(藤沢市)",
        "湘南台住宅前",
        "湘南台駅西口"
    ],
    "weekday": [
        "6:08",
        "7:12",
        "7:44",
        "8:29",
        "9:32",
        "10:28",
        "11:28",
        "12:32",
        "13:28",
        "14:30",
        "15:28",
        "16:30",
        "17:30",
        "18:30",
        "19:27",
        "20:23"
    ],
    "saturday": [
        "6:28",
        "7:28",
        "8:31",
        "9:31",
        "10:33",
        "11:33",
        "12:35",
        "13:33",
        "14:33",
        "15:33",
        "16:35",
        "17:35",
        "18:33",
        "19:33",
        "20:23"
    ],
    "holiday": [
        "6:28",
        "7:28",
        "8:31",
        "9:31",
        "10:33",
        "11:33",
        "12:35",
        "13:33",
        "14:33",
        "15:33",
        "16:35",
        "17:35",
        "18:33",
        "19:33",
        "20:23"
    ],
    "url": "https://www.kanachu.co.jp/dia/diagram/timetable01_js/course:0000800719-21/node:00129933/kt:0/lname:/"
}
