{
    "date": "2025/07/12",
    "name": "一色上",
    "position": "-",
    "system": "藤34",
    "destinations": [
        "桐原公園前",
        "桐ヶ谷(藤沢市)",
        "湘南台住宅前",
        "湘南台駅西口"
    ],
    "weekday": [
        "6:12",
        "7:16",
        "7:48",
        "8:33",
        "9:36",
        "10:32",
        "11:32",
        "12:36",
        "13:32",
        "14:34",
        "15:32",
        "16:35",
        "17:35",
        "18:34",
        "19:31",
        "20:27"
    ],
    "saturday": [
        "6:32",
        "7:32",
        "8:35",
        "9:35",
        "10:37",
        "11:37",
        "12:39",
        "13:37",
        "14:37",
        "15:37",
        "16:39",
        "17:39",
        "18:37",
        "19:37",
        "20:27"
    ],
    "holiday": [
        "6:32",
        "7:32",
        "8:35",
        "9:35",
        "10:37",
        "11:37",
        "12:39",
        "13:37",
        "14:37",
        "15:37",
        "16:39",
        "17:39",
        "18:37",
        "19:37",
        "20:27"
    ],
    "url": "https://www.kanachu.co.jp/dia/diagram/timetable01_js/course:0000800719-24/node:00129928/kt:0/lname:/"
}
