{
    "date": "2025/07/12",
    "name": "湘南台住宅前",
    "position": "-",
    "system": "藤34",
    "destinations": [
        "湘南台駅西口"
    ],
    "weekday": [
        "6:17",
        "7:21",
        "7:53",
        "8:38",
        "9:41",
        "10:37",
        "11:37",
        "12:41",
        "13:37",
        "14:39",
        "15:37",
        "16:41",
        "17:41",
        "18:39",
        "19:36",
        "20:32"
    ],
    "saturday": [
        "6:37",
        "7:37",
        "8:40",
        "9:40",
        "10:42",
        "11:42",
        "12:44",
        "13:42",
        "14:42",
        "15:42",
        "16:44",
        "17:44",
        "18:42",
        "19:42",
        "20:32"
    ],
    "holiday": [
        "6:37",
        "7:37",
        "8:40",
        "9:40",
        "10:42",
        "11:42",
        "12:44",
        "13:42",
        "14:42",
        "15:42",
        "16:44",
        "17:44",
        "18:42",
        "19:42",
        "20:32"
    ],
    "url": "https://www.kanachu.co.jp/dia/diagram/timetable01_js/course:0000800719-27/node:00129894/kt:0/lname:/"
}
