{
    "system": "藤34",
    "busstops": [
        {
            "index": "1",
            "id": "00126970",
            "name": "藤沢駅北口",
            "lat": "35.339374",
            "lng": "139.488059"
        },
        {
            "index": "2",
            "id": "00127019",
            "name": "遊行通り四丁目",
            "lat": "35.341392",
            "lng": "139.489165"
        },
        {
            "index": "3",
            "id": "00127009",
            "name": "遊行寺前",
            "lat": "35.346723",
            "lng": "139.48517"
        },
        {
            "index": "4",
            "id": "00127010",
            "name": "藤沢公民館前",
            "lat": "35.347552",
            "lng": "139.482737"
        },
        {
            "index": "5",
            "id": "00127011",
            "name": "本町消防出張所前",
            "lat": "35.347769",
            "lng": "139.481337"
        },
        {
            "index": "6",
            "id": "00127012",
            "name": "白旗交差点",
            "lat": "35.347641",
            "lng": "139.47979"
        },
        {
            "index": "7",
            "id": "00127049",
            "name": "台町(藤沢市)",
            "lat": "35.347006",
            "lng": "139.47604"
        },
        {
            "index": "8",
            "id": "00127050",
            "name": "湘南高校前",
            "lat": "35.346536",
            "lng": "139.472037"
        },
        {
            "index": "9",
            "id": "00127051",
            "name": "一中入口(藤沢市)",
            "lat": "35.347052",
            "lng": "139.469838"
        },
        {
            "index": "10",
            "id": "00127052",
            "name": "引地橋",
            "lat": "35.347352",
            "lng": "139.467021"
        },
        {
            "index": "11",
            "id": "00127053",
            "name": "メルシャン前",
            "lat": "35.346669",
            "lng": "139.462638"
        },
        {
            "index": "12",
            "id": "00127054",
            "name": "羽鳥(藤沢市)",
            "lat": "35.347202",
            "lng": "139.461263"
        },
        {
            "index": "13",
            "id": "00127055",
            "name": "明治小学校前",
            "lat": "35.348696",
            "lng": "139.459287"
        },
        {
            "index": "14",
            "id": "00127056",
            "name": "大六天(藤沢市)",
            "lat": "35.353384",
            "lng": "139.454339"
        },
        {
            "index": "15",
            "id": "00127057",
            "name": "舟地蔵",
            "lat": "35.359127",
            "lng": "139.453088"
        },
        {
            "index": "16",
            "id": "00127058",
            "name": "天神社前",
            "lat": "35.362125",
            "lng": "139.454208"
        },
        {
            "index": "17",
            "id": "00127059",
            "name": "弁天前(藤沢市)",
            "lat": "35.364533",
            "lng": "139.453755"
        },
        {
            "index": "18",
            "id": "00127060",
            "name": "北の谷",
            "lat": "35.367666",
            "lng": "139.452472"
        },
        {
            "index": "19",
            "id": "00127061",
            "name": "五反田(藤沢市)",
            "lat": "35.370499",
            "lng": "139.452305"
        },
        {
            "index": "20",
            "id": "00127062",
            "name": "石川橋",
            "lat": "35.374031",
            "lng": "139.452988"
        },
        {
            "index": "21",
            "id": "00129933",
            "name": "石川(藤沢市)",
            "lat": "35.377682",
            "lng": "139.451549"
        },
        {
            "index": "22",
            "id": "00129932",
            "name": "プレス工業前(藤沢市)",
            "lat": "35.383214",
            "lng": "139.448721"
        },
        {
            "index": "23",
            "id": "00129931",
            "name": "東京ラヂエーター前",
            "lat": "35.38507",
            "lng": "139.447634"
        },
        {
            "index": "24",
            "id": "00129928",
            "name": "一色上",
            "lat": "35.3874",
            "lng": "139.449346"
        },
        {
            "index": "25",
            "id": "00129927",
            "name": "桐原公園前",
            "lat": "35.388832",
            "lng": "139.454444"
        },
        {
            "index": "26",
            "id": "00129956",
            "name": "桐ヶ谷(藤沢市)",
            "lat": "35.390464",
            "lng": "139.46007"
        },
        {
            "index": "27",
            "id": "00129894",
            "name": "湘南台住宅前",
            "lat": "35.392527",
            "lng": "139.463889"
        },
        {
            "index": "28",
            "id": "00129893",
            "name": "湘南台駅西口",
            "lat": "35.396197",
            "lng": "139.465719"
        }
    ],
    "route_url": "https://www.kanachu.co.jp/dia/route/index/cid:0000800719/"
}
