{
    "date": "2025/04/01",
    "name": "田名バスターミナル",
    "position": "-",
    "system": "橋59",
    "destinations": [
        "堀の内(相模原市中央区)",
        "上四ツ谷",
        "工場入口",
        "葛輪",
        "下九沢",
        "塚場",
        "塚場坂上",
        "南町(相模原市緑区)",
        "旭中学校(相模原市緑区)",
        "橋本二丁目",
        "橋本駅南口"
    ],
    "weekday": [
        "7:40",
        "8:10",
        "8:40",
        "9:05",
        "10:05",
        "11:05",
        "12:05",
        "13:05",
        "14:05",
        "15:05",
        "16:05",
        "17:05",
        "17:55",
        "18:35",
        "19:15",
        "19:55",
        "20:35",
        "21:10",
        "21:50"
    ],
    "saturday": [
        "7:30",
        "8:00",
        "8:30",
        "9:00",
        "10:00",
        "11:00",
        "12:00",
        "13:00",
        "14:00",
        "15:00",
        "16:00",
        "17:00",
        "17:40",
        "18:20",
        "19:00",
        "19:40",
        "20:20",
        "21:40"
    ],
    "holiday": [
        "7:30",
        "8:00",
        "8:30",
        "9:00",
        "10:00",
        "11:00",
        "12:00",
        "13:00",
        "14:00",
        "15:00",
        "16:00",
        "17:03",
        "17:43",
        "18:23",
        "19:03",
        "19:43",
        "20:20",
        "21:40"
    ],
    "url": "https://www.kanachu.co.jp/dia/diagram/timetable01_js/course:0000803758-1/node:00129077/kt:0/lname:/"
}
