{
    "date": "2025/04/01",
    "name": "森野五丁目",
    "position": "-",
    "system": "町17",
    "destinations": [
        "森野六丁目",
        "桧台入口",
        "木曽都営入口",
        "境川団地入口",
        "境川団地中央",
        "境川団地",
        "横町(町田市)",
        "木曽南団地",
        "町田総合高校前",
        "淡島公園入口",
        "根岸町内会館入口",
        "日向根トンネル",
        "矢部八幡前",
        "山王下(相模原市中央区)",
        "山王(相模原市中央区)",
        "小学校入口(相模原市中央区)",
        "淵野辺郵便局前",
        "幸町(相模原市中央区)",
        "淵野辺駅北口"
    ],
    "weekday": [
        "7:04",
        "8:04",
        "9:14",
        "10:14",
        "11:04",
        "12:04",
        "13:04",
        "14:04",
        "15:04",
        "16:14",
        "17:09",
        "18:19",
        "19:44"
    ],
    "saturday": [
        "7:24",
        "8:24",
        "9:24",
        "10:24",
        "11:24",
        "12:24",
        "13:24",
        "14:24",
        "15:24",
        "16:24",
        "17:24",
        "18:24",
        "19:24"
    ],
    "holiday": [
        "7:19",
        "8:19",
        "9:19",
        "10:19",
        "11:19",
        "12:19",
        "13:19",
        "14:19",
        "15:19",
        "16:19",
        "17:19",
        "18:19",
        "19:19"
    ],
    "url": "https://www.kanachu.co.jp/dia/diagram/timetable01_js/course:0000801123-4/node:00129376/kt:0/lname:/"
}
