{
    "date": "2025/04/01",
    "name": "境川団地入口",
    "position": "-",
    "system": "町17",
    "destinations": [
        "境川団地中央",
        "境川団地",
        "横町(町田市)",
        "木曽南団地",
        "町田総合高校前",
        "淡島公園入口",
        "根岸町内会館入口",
        "日向根トンネル",
        "矢部八幡前",
        "山王下(相模原市中央区)",
        "山王(相模原市中央区)",
        "小学校入口(相模原市中央区)",
        "淵野辺郵便局前",
        "幸町(相模原市中央区)",
        "淵野辺駅北口"
    ],
    "weekday": [
        "7:06",
        "8:06",
        "9:17",
        "10:17",
        "11:07",
        "12:07",
        "13:07",
        "14:07",
        "15:07",
        "16:17",
        "17:12",
        "18:22",
        "19:46"
    ],
    "saturday": [
        "7:26",
        "8:26",
        "9:26",
        "10:26",
        "11:27",
        "12:27",
        "13:27",
        "14:27",
        "15:27",
        "16:27",
        "17:27",
        "18:27",
        "19:27"
    ],
    "holiday": [
        "7:21",
        "8:21",
        "9:21",
        "10:21",
        "11:22",
        "12:22",
        "13:22",
        "14:22",
        "15:22",
        "16:22",
        "17:22",
        "18:22",
        "19:21"
    ],
    "url": "https://www.kanachu.co.jp/dia/diagram/timetable01_js/course:0000801123-8/node:00129380/kt:0/lname:/"
}
