{
    "date": "2026/01/16",
    "name": "市役所前(ゴム前/平塚市)",
    "position": "-",
    "system": "平93",
    "destinations": [
        "横浜ゴム前",
        "立野町(平塚市)",
        "追分(平塚市)",
        "共済病院前総合公園西",
        "中原一丁目(平塚市)",
        "中原公園前",
        "遺跡公園前(平塚市)",
        "新大縄橋",
        "豊田本郷駅",
        "東橋(平塚市)",
        "矢崎(平塚市)",
        "矢崎大橋",
        "岡崎農協前",
        "稲荷坂(平塚市)",
        "大畑平岡幼稚園前",
        "町谷(平塚市)",
        "丸島",
        "あいの坂",
        "宮上(平塚市)",
        "ふじみ野",
        "竹園小学校入口",
        "谷戸大竹",
        "関台",
        "団地南(伊勢原市)",
        "団地西(伊勢原市)",
        "鈴川会館前",
        "伊勢原車庫"
    ],
    "weekday": [
        "7:22",
        "7:58",
        "8:26",
        "17:28",
        "19:28",
        "20:03",
        "21:03",
        "22:06"
    ],
    "saturday": [
        "7:08",
        "8:08",
        "20:31",
        "21:31"
    ],
    "holiday": [
        "8:08",
        "20:31",
        "21:31"
    ],
    "url": "https://www.kanachu.co.jp/dia/diagram/timetable01_js/course:0000804065-3/node:00127553/kt:0/lname:/"
}
