{
    "date": "2026/01/16",
    "name": "横浜ゴム前",
    "position": "-",
    "system": "平93",
    "destinations": [
        "立野町(平塚市)",
        "追分(平塚市)",
        "共済病院前総合公園西",
        "中原一丁目(平塚市)",
        "中原公園前",
        "遺跡公園前(平塚市)",
        "新大縄橋",
        "豊田本郷駅",
        "東橋(平塚市)",
        "矢崎(平塚市)",
        "矢崎大橋",
        "岡崎農協前",
        "稲荷坂(平塚市)",
        "大畑平岡幼稚園前",
        "町谷(平塚市)",
        "丸島",
        "あいの坂",
        "宮上(平塚市)",
        "ふじみ野",
        "竹園小学校入口",
        "谷戸大竹",
        "関台",
        "団地南(伊勢原市)",
        "団地西(伊勢原市)",
        "鈴川会館前",
        "伊勢原車庫"
    ],
    "weekday": [
        "7:23",
        "7:59",
        "8:27",
        "17:29",
        "19:29",
        "20:04",
        "21:04",
        "22:07"
    ],
    "saturday": [
        "7:09",
        "8:09",
        "20:32",
        "21:32"
    ],
    "holiday": [
        "8:09",
        "20:32",
        "21:32"
    ],
    "url": "https://www.kanachu.co.jp/dia/diagram/timetable01_js/course:0000804065-4/node:00127554/kt:0/lname:/"
}
