{
    "date": "2026/01/16",
    "name": "新大縄橋",
    "position": "-",
    "system": "平93",
    "destinations": [
        "豊田本郷駅",
        "東橋(平塚市)",
        "矢崎(平塚市)",
        "矢崎大橋",
        "岡崎農協前",
        "稲荷坂(平塚市)",
        "大畑平岡幼稚園前",
        "町谷(平塚市)",
        "丸島",
        "あいの坂",
        "宮上(平塚市)",
        "ふじみ野",
        "竹園小学校入口",
        "谷戸大竹",
        "関台",
        "団地南(伊勢原市)",
        "団地西(伊勢原市)",
        "鈴川会館前",
        "伊勢原車庫"
    ],
    "weekday": [
        "7:32",
        "8:08",
        "8:36",
        "17:38",
        "19:38",
        "20:13",
        "21:13",
        "22:16"
    ],
    "saturday": [
        "7:17",
        "8:18",
        "20:40",
        "21:40"
    ],
    "holiday": [
        "8:18",
        "20:40",
        "21:40"
    ],
    "url": "https://www.kanachu.co.jp/dia/diagram/timetable01_js/course:0000804065-11/node:00128109/kt:0/lname:/"
}
