{
    "date": "2026/01/16",
    "name": "矢崎大橋",
    "position": "-",
    "system": "平93",
    "destinations": [
        "岡崎農協前",
        "稲荷坂(平塚市)",
        "大畑平岡幼稚園前",
        "町谷(平塚市)",
        "丸島",
        "あいの坂",
        "宮上(平塚市)",
        "ふじみ野",
        "竹園小学校入口",
        "谷戸大竹",
        "関台",
        "団地南(伊勢原市)",
        "団地西(伊勢原市)",
        "鈴川会館前",
        "伊勢原車庫"
    ],
    "weekday": [
        "7:39",
        "8:15",
        "8:43",
        "17:45",
        "19:45",
        "20:18",
        "21:18",
        "22:21"
    ],
    "saturday": [
        "7:22",
        "8:24",
        "20:45",
        "21:45"
    ],
    "holiday": [
        "8:24",
        "20:45",
        "21:45"
    ],
    "url": "https://www.kanachu.co.jp/dia/diagram/timetable01_js/course:0000804065-15/node:00128087/kt:0/lname:/"
}
