{
    "date": "2026/01/16",
    "name": "岡崎農協前",
    "position": "-",
    "system": "平93",
    "destinations": [
        "稲荷坂(平塚市)",
        "大畑平岡幼稚園前",
        "町谷(平塚市)",
        "丸島",
        "あいの坂",
        "宮上(平塚市)",
        "ふじみ野",
        "竹園小学校入口",
        "谷戸大竹",
        "関台",
        "団地南(伊勢原市)",
        "団地西(伊勢原市)",
        "鈴川会館前",
        "伊勢原車庫"
    ],
    "weekday": [
        "7:40",
        "8:16",
        "8:44",
        "17:46",
        "19:46",
        "20:19",
        "21:19",
        "22:22"
    ],
    "saturday": [
        "7:23",
        "8:25",
        "20:46",
        "21:46"
    ],
    "holiday": [
        "8:25",
        "20:46",
        "21:46"
    ],
    "url": "https://www.kanachu.co.jp/dia/diagram/timetable01_js/course:0000804065-16/node:00128086/kt:0/lname:/"
}
