{
    "date": "2026/01/16",
    "name": "宮上(平塚市)",
    "position": "-",
    "system": "平93",
    "destinations": [
        "ふじみ野",
        "竹園小学校入口",
        "谷戸大竹",
        "関台",
        "団地南(伊勢原市)",
        "団地西(伊勢原市)",
        "鈴川会館前",
        "伊勢原車庫"
    ],
    "weekday": [
        "7:46",
        "8:22",
        "8:50",
        "17:52",
        "19:52",
        "20:25",
        "21:25",
        "22:28"
    ],
    "saturday": [
        "7:28",
        "8:30",
        "20:51",
        "21:51"
    ],
    "holiday": [
        "8:30",
        "20:51",
        "21:51"
    ],
    "url": "https://www.kanachu.co.jp/dia/diagram/timetable01_js/course:0000804065-22/node:00128080/kt:0/lname:/"
}
