{
    "system": "平93",
    "busstops": [
        {
            "index": "1",
            "id": "00127464",
            "name": "平塚駅北口",
            "lat": "35.328506",
            "lng": "139.35074"
        },
        {
            "index": "2",
            "id": "00127190",
            "name": "四ツ角(平塚市)",
            "lat": "35.330828",
            "lng": "139.350049"
        },
        {
            "index": "3",
            "id": "00127553",
            "name": "市役所前(ゴム前/平塚市)",
            "lat": "35.333286",
            "lng": "139.347605"
        },
        {
            "index": "4",
            "id": "00127554",
            "name": "横浜ゴム前",
            "lat": "35.334945",
            "lng": "139.344682"
        },
        {
            "index": "5",
            "id": "00127555",
            "name": "立野町(平塚市)",
            "lat": "35.335611",
            "lng": "139.341704"
        },
        {
            "index": "6",
            "id": "00127556",
            "name": "追分(平塚市)",
            "lat": "35.336162",
            "lng": "139.338963"
        },
        {
            "index": "7",
            "id": "00128222",
            "name": "共済病院前総合公園西",
            "lat": "35.33919",
            "lng": "139.336672"
        },
        {
            "index": "8",
            "id": "00128112",
            "name": "中原一丁目(平塚市)",
            "lat": "35.341324",
            "lng": "139.335721"
        },
        {
            "index": "9",
            "id": "00128111",
            "name": "中原公園前",
            "lat": "35.344532",
            "lng": "139.334099"
        },
        {
            "index": "10",
            "id": "00128110",
            "name": "遺跡公園前(平塚市)",
            "lat": "35.346815",
            "lng": "139.332966"
        },
        {
            "index": "11",
            "id": "00128109",
            "name": "新大縄橋",
            "lat": "35.349665",
            "lng": "139.331633"
        },
        {
            "index": "12",
            "id": "00128065",
            "name": "豊田本郷駅",
            "lat": "35.356644",
            "lng": "139.32692"
        },
        {
            "index": "13",
            "id": "00128064",
            "name": "東橋(平塚市)",
            "lat": "35.358376",
            "lng": "139.32369"
        },
        {
            "index": "14",
            "id": "00128063",
            "name": "矢崎(平塚市)",
            "lat": "35.368324",
            "lng": "139.315306"
        },
        {
            "index": "15",
            "id": "00128087",
            "name": "矢崎大橋",
            "lat": "35.369696",
            "lng": "139.3108"
        },
        {
            "index": "16",
            "id": "00128086",
            "name": "岡崎農協前",
            "lat": "35.371429",
            "lng": "139.307151"
        },
        {
            "index": "17",
            "id": "00128085",
            "name": "稲荷坂(平塚市)",
            "lat": "35.372264",
            "lng": "139.305344"
        },
        {
            "index": "18",
            "id": "00128084",
            "name": "大畑平岡幼稚園前",
            "lat": "35.373228",
            "lng": "139.300934"
        },
        {
            "index": "19",
            "id": "00128083",
            "name": "町谷(平塚市)",
            "lat": "35.37353",
            "lng": "139.29976"
        },
        {
            "index": "20",
            "id": "00128082",
            "name": "丸島",
            "lat": "35.374528",
            "lng": "139.299318"
        },
        {
            "index": "21",
            "id": "00128081",
            "name": "あいの坂",
            "lat": "35.377445",
            "lng": "139.300015"
        },
        {
            "index": "22",
            "id": "00128080",
            "name": "宮上(平塚市)",
            "lat": "35.380464",
            "lng": "139.300275"
        },
        {
            "index": "23",
            "id": "00128079",
            "name": "ふじみ野",
            "lat": "35.382336",
            "lng": "139.30217"
        },
        {
            "index": "24",
            "id": "00128078",
            "name": "竹園小学校入口",
            "lat": "35.385937",
            "lng": "139.301321"
        },
        {
            "index": "25",
            "id": "00128093",
            "name": "谷戸大竹",
            "lat": "35.39038",
            "lng": "139.303957"
        },
        {
            "index": "26",
            "id": "00128094",
            "name": "関台",
            "lat": "35.392609",
            "lng": "139.302084"
        },
        {
            "index": "27",
            "id": "00128138",
            "name": "団地南(伊勢原市)",
            "lat": "35.391249",
            "lng": "139.299368"
        },
        {
            "index": "28",
            "id": "00128139",
            "name": "団地西(伊勢原市)",
            "lat": "35.39015",
            "lng": "139.296115"
        },
        {
            "index": "29",
            "id": "00128140",
            "name": "鈴川会館前",
            "lat": "35.391557",
            "lng": "139.295063"
        },
        {
            "index": "30",
            "id": "00128141",
            "name": "伊勢原車庫",
            "lat": "35.393265",
            "lng": "139.293791"
        }
    ],
    "route_url": "https://www.kanachu.co.jp/dia/route/index/cid:0000804065/"
}
