{
    "date": "2018/03/17",
    "name": "ソニー前(藤沢市)",
    "position": "-",
    "system": "辻09",
    "destinations": [
        "新町三丁目(藤沢市)",
        "新町二丁目(藤沢市)",
        "新町一丁目(藤沢市)",
        "辻堂駅北口",
        "辻堂駅西口",
        "東小和田",
        "小和田小学校",
        "幼稚園前(茅ケ崎市)",
        "菱沼団地入口",
        "菱沼二丁目",
        "松林",
        "松林二丁目",
        "室田一丁目",
        "室田小学校入口",
        "室田",
        "高田三丁目",
        "ニュータウン中央(茅ケ崎市)",
        "ニュータウン入口(茅ケ崎市)",
        "市立病院(茅ケ崎市)",
        "本村五丁目",
        "本村(茅ケ崎市)",
        "茅ヶ崎駅"
    ],
    "weekday": [
        "6:27",
        "6:57",
        "7:28",
        "8:05",
        "8:44",
        "10:15",
        "13:39",
        "17:38",
        "18:45",
        "19:25",
        "20:50"
    ],
    "saturday": [
        "7:30"
    ],
    "holiday": [
        "7:30"
    ],
    "url": "https://www.kanachu.co.jp/dia/diagram/timetable01_js/course:0000802653-2/node:00127047/kt:0/lname:/"
}
