{
    "date": "2018/03/17",
    "name": "新町一丁目(藤沢市)",
    "position": "-",
    "system": "辻09",
    "destinations": [
        "辻堂駅北口",
        "辻堂駅西口",
        "東小和田",
        "小和田小学校",
        "幼稚園前(茅ケ崎市)",
        "菱沼団地入口",
        "菱沼二丁目",
        "松林",
        "松林二丁目",
        "室田一丁目",
        "室田小学校入口",
        "室田",
        "高田三丁目",
        "ニュータウン中央(茅ケ崎市)",
        "ニュータウン入口(茅ケ崎市)",
        "市立病院(茅ケ崎市)",
        "本村五丁目",
        "本村(茅ケ崎市)",
        "茅ヶ崎駅"
    ],
    "weekday": [
        "6:30",
        "7:00",
        "7:31",
        "8:08",
        "8:47",
        "10:18",
        "13:42",
        "17:41",
        "18:48",
        "19:28",
        "20:53"
    ],
    "saturday": [
        "7:33"
    ],
    "holiday": [
        "7:33"
    ],
    "url": "https://www.kanachu.co.jp/dia/diagram/timetable01_js/course:0000802653-5/node:00127311/kt:0/lname:/"
}
