{
    "date": "2018/03/17",
    "name": "辻堂駅西口",
    "position": "-",
    "system": "辻09",
    "destinations": [
        "東小和田",
        "小和田小学校",
        "幼稚園前(茅ケ崎市)",
        "菱沼団地入口",
        "菱沼二丁目",
        "松林",
        "松林二丁目",
        "室田一丁目",
        "室田小学校入口",
        "室田",
        "高田三丁目",
        "ニュータウン中央(茅ケ崎市)",
        "ニュータウン入口(茅ケ崎市)",
        "市立病院(茅ケ崎市)",
        "本村五丁目",
        "本村(茅ケ崎市)",
        "茅ヶ崎駅"
    ],
    "weekday": [
        "6:33",
        "7:03",
        "7:34",
        "8:11",
        "8:50",
        "10:21",
        "13:45",
        "17:44",
        "18:51",
        "19:31",
        "20:56"
    ],
    "saturday": [
        "7:36"
    ],
    "holiday": [
        "7:36"
    ],
    "url": "https://www.kanachu.co.jp/dia/diagram/timetable01_js/course:0000802653-7/node:00127268/kt:0/lname:/"
}
