{
    "date": "2018/03/17",
    "name": "小和田小学校",
    "position": "-",
    "system": "辻09",
    "destinations": [
        "幼稚園前(茅ケ崎市)",
        "菱沼団地入口",
        "菱沼二丁目",
        "松林",
        "松林二丁目",
        "室田一丁目",
        "室田小学校入口",
        "室田",
        "高田三丁目",
        "ニュータウン中央(茅ケ崎市)",
        "ニュータウン入口(茅ケ崎市)",
        "市立病院(茅ケ崎市)",
        "本村五丁目",
        "本村(茅ケ崎市)",
        "茅ヶ崎駅"
    ],
    "weekday": [
        "6:35",
        "7:05",
        "7:36",
        "8:13",
        "8:52",
        "10:23",
        "13:47",
        "17:46",
        "18:53",
        "19:33",
        "20:58"
    ],
    "saturday": [
        "7:38"
    ],
    "holiday": [
        "7:38"
    ],
    "url": "https://www.kanachu.co.jp/dia/diagram/timetable01_js/course:0000802653-9/node:00127286/kt:0/lname:/"
}
