{
    "date": "2024/03/16",
    "name": "桂台中央",
    "position": "-",
    "system": "港83",
    "destinations": [
        "桂山公園",
        "矢沢(横浜市栄区)",
        "犬山",
        "犬山南",
        "上之中央",
        "上之",
        "紅葉橋(横浜市栄区)",
        "横浜栄高校前",
        "榎戸(横浜市港南区)",
        "横浜女子短期大学前",
        "港南台駅"
    ],
    "weekday": [
        "5:52",
        "6:25",
        "6:38",
        "6:50",
        "7:00",
        "7:10",
        "7:20",
        "7:40",
        "7:50",
        "8:00",
        "8:20",
        "8:40",
        "9:40",
        "10:15",
        "10:45",
        "11:15",
        "12:15",
        "12:45",
        "13:45",
        "14:45",
        "15:13",
        "15:42",
        "16:40",
        "17:15",
        "17:40",
        "18:15",
        "18:40",
        "19:17"
    ],
    "saturday": [],
    "holiday": [],
    "url": "https://www.kanachu.co.jp/dia/diagram/timetable01_js/course:0000801087-1/node:00126537/kt:0/lname:/"
}
