{
    "date": "2024/03/16",
    "name": "桂山公園",
    "position": "-",
    "system": "港83",
    "destinations": [
        "矢沢(横浜市栄区)",
        "犬山",
        "犬山南",
        "上之中央",
        "上之",
        "紅葉橋(横浜市栄区)",
        "横浜栄高校前",
        "榎戸(横浜市港南区)",
        "横浜女子短期大学前",
        "港南台駅"
    ],
    "weekday": [
        "5:53",
        "6:26",
        "6:39",
        "6:51",
        "7:01",
        "7:11",
        "7:21",
        "7:41",
        "7:51",
        "8:01",
        "8:21",
        "8:41",
        "9:41",
        "10:16",
        "10:46",
        "11:16",
        "12:16",
        "12:46",
        "13:46",
        "14:46",
        "15:14",
        "15:43",
        "16:41",
        "17:16",
        "17:41",
        "18:16",
        "18:41",
        "19:18"
    ],
    "saturday": [],
    "holiday": [],
    "url": "https://www.kanachu.co.jp/dia/diagram/timetable01_js/course:0000801087-2/node:00126536/kt:0/lname:/"
}
