{
    "date": "2024/03/16",
    "name": "横浜栄高校前",
    "position": "-",
    "system": "港83",
    "destinations": [
        "榎戸(横浜市港南区)",
        "横浜女子短期大学前",
        "港南台駅"
    ],
    "weekday": [
        "6:00",
        "6:34",
        "6:47",
        "6:59",
        "7:09",
        "7:19",
        "7:29",
        "7:49",
        "7:59",
        "8:09",
        "8:29",
        "8:49",
        "9:49",
        "10:24",
        "10:54",
        "11:24",
        "12:24",
        "12:54",
        "13:54",
        "14:54",
        "15:22",
        "15:51",
        "16:49",
        "17:24",
        "17:49",
        "18:24",
        "18:49",
        "19:26"
    ],
    "saturday": [],
    "holiday": [],
    "url": "https://www.kanachu.co.jp/dia/diagram/timetable01_js/course:0000801087-9/node:00126608/kt:0/lname:/"
}
