{
    "date": "2024/03/16",
    "name": "あつぎ大通り",
    "position": "-",
    "system": "厚89",
    "destinations": [
        "市役所入口(厚木市)",
        "税務署入口(厚木市)",
        "市立病院前(厚木市)",
        "木売場",
        "三家入口(厚木市)",
        "妻田",
        "中村入口(厚木市)",
        "妻田薬師",
        "松蓮寺",
        "糀屋前(厚木市)",
        "宿原入口",
        "荻野新宿",
        "子中",
        "神奈川工科大学前",
        "リコー前",
        "西四ッ谷",
        "鳶尾団地東",
        "鳶尾一丁目",
        "鳶尾小学校入口",
        "鳶尾団地"
    ],
    "weekday": [
        "10:05",
        "10:15",
        "10:25",
        "10:55",
        "11:10",
        "11:25",
        "11:55",
        "12:10",
        "12:41",
        "12:55",
        "13:46",
        "14:50",
        "15:48",
        "16:36",
        "17:36",
        "18:21",
        "18:59",
        "19:37",
        "20:17",
        "21:07",
        "21:52"
    ],
    "saturday": [
        "10:38",
        "11:38",
        "12:38",
        "13:38",
        "14:38",
        "15:39",
        "16:39",
        "17:39",
        "18:39",
        "19:37",
        "20:32",
        "21:37"
    ],
    "holiday": [
        "10:38",
        "11:38",
        "12:38",
        "13:38",
        "14:38",
        "15:38",
        "16:38",
        "17:43",
        "18:43",
        "19:42",
        "20:42"
    ],
    "url": "https://www.kanachu.co.jp/dia/diagram/timetable01_js/course:0000800188-3/node:00128257/kt:0/lname:/"
}
