{
    "date": "2024/03/16",
    "name": "中村入口(厚木市)",
    "position": "-",
    "system": "厚89",
    "destinations": [
        "妻田薬師",
        "松蓮寺",
        "糀屋前(厚木市)",
        "宿原入口",
        "荻野新宿",
        "子中",
        "神奈川工科大学前",
        "リコー前",
        "西四ッ谷",
        "鳶尾団地東",
        "鳶尾一丁目",
        "鳶尾小学校入口",
        "鳶尾団地"
    ],
    "weekday": [
        "10:14",
        "10:24",
        "10:34",
        "11:04",
        "11:19",
        "11:34",
        "12:04",
        "12:19",
        "12:50",
        "13:04",
        "13:55",
        "14:59",
        "15:57",
        "16:45",
        "17:45",
        "18:30",
        "19:08",
        "19:46",
        "20:26",
        "21:16",
        "22:01"
    ],
    "saturday": [
        "10:47",
        "11:47",
        "12:47",
        "13:47",
        "14:47",
        "15:48",
        "16:48",
        "17:48",
        "18:48",
        "19:46",
        "20:41",
        "21:46"
    ],
    "holiday": [
        "10:47",
        "11:47",
        "12:47",
        "13:47",
        "14:47",
        "15:47",
        "16:47",
        "17:52",
        "18:52",
        "19:51",
        "20:51"
    ],
    "url": "https://www.kanachu.co.jp/dia/diagram/timetable01_js/course:0000800188-10/node:00128263/kt:0/lname:/"
}
