{
    "date": "2025/11/25",
    "name": "本厚木駅",
    "position": "-",
    "system": "厚16",
    "destinations": [
        "小田急通り",
        "元町(厚木市)",
        "松枝町一丁目",
        "市立病院前(バイパス側)",
        "愛光病院前",
        "戸室",
        "林(厚木市)",
        "穴口橋",
        "及川",
        "千頭",
        "上千頭",
        "ゴルフ場入口(厚木市)",
        "小鮎久保",
        "光福寺(厚木市)",
        "飯盛山",
        "宮の里入口",
        "宮の里東",
        "宮の里センター",
        "宮の里(厚木市)"
    ],
    "weekday": [
        "8:55",
        "9:25",
        "9:50",
        "10:20",
        "11:20",
        "11:50",
        "12:20",
        "13:20",
        "13:50",
        "14:20",
        "15:20",
        "15:50",
        "16:20"
    ],
    "saturday": [
        "9:00",
        "10:00",
        "11:00",
        "12:00",
        "13:00",
        "14:00",
        "15:00",
        "16:00"
    ],
    "holiday": [
        "9:00",
        "10:00",
        "11:00",
        "12:00",
        "13:00",
        "14:00",
        "15:00",
        "16:00"
    ],
    "url": "https://www.kanachu.co.jp/dia/diagram/timetable01_js/course:0000802106-1/node:00025684/kt:0/lname:/"
}
