{
    "date": "2025/11/25",
    "name": "小田急通り",
    "position": "-",
    "system": "厚16",
    "destinations": [
        "元町(厚木市)",
        "松枝町一丁目",
        "市立病院前(バイパス側)",
        "愛光病院前",
        "戸室",
        "林(厚木市)",
        "穴口橋",
        "及川",
        "千頭",
        "上千頭",
        "ゴルフ場入口(厚木市)",
        "小鮎久保",
        "光福寺(厚木市)",
        "飯盛山",
        "宮の里入口",
        "宮の里東",
        "宮の里センター",
        "宮の里(厚木市)"
    ],
    "weekday": [
        "8:57",
        "9:27",
        "9:52",
        "10:22",
        "11:22",
        "11:52",
        "12:22",
        "13:22",
        "13:52",
        "14:22",
        "15:22",
        "15:52",
        "16:22"
    ],
    "saturday": [
        "9:02",
        "10:02",
        "11:02",
        "12:02",
        "13:02",
        "14:02",
        "15:02",
        "16:02"
    ],
    "holiday": [
        "9:02",
        "10:02",
        "11:02",
        "12:02",
        "13:02",
        "14:02",
        "15:02",
        "16:02"
    ],
    "url": "https://www.kanachu.co.jp/dia/diagram/timetable01_js/course:0000802106-2/node:00128340/kt:0/lname:/"
}
