{
    "date": "2025/11/25",
    "name": "松枝町一丁目",
    "position": "-",
    "system": "厚16",
    "destinations": [
        "市立病院前(バイパス側)",
        "愛光病院前",
        "戸室",
        "林(厚木市)",
        "穴口橋",
        "及川",
        "千頭",
        "上千頭",
        "ゴルフ場入口(厚木市)",
        "小鮎久保",
        "光福寺(厚木市)",
        "飯盛山",
        "宮の里入口",
        "宮の里東",
        "宮の里センター",
        "宮の里(厚木市)"
    ],
    "weekday": [
        "9:01",
        "9:30",
        "9:55",
        "10:25",
        "11:25",
        "11:55",
        "12:25",
        "13:25",
        "13:55",
        "14:25",
        "15:25",
        "15:55",
        "16:26"
    ],
    "saturday": [
        "9:05",
        "10:05",
        "11:05",
        "12:05",
        "13:05",
        "14:05",
        "15:05",
        "16:05"
    ],
    "holiday": [
        "9:05",
        "10:05",
        "11:05",
        "12:05",
        "13:05",
        "14:05",
        "15:05",
        "16:05"
    ],
    "url": "https://www.kanachu.co.jp/dia/diagram/timetable01_js/course:0000802106-4/node:00128395/kt:0/lname:/"
}
