{
    "date": "2025/11/25",
    "name": "戸室",
    "position": "-",
    "system": "厚16",
    "destinations": [
        "林(厚木市)",
        "穴口橋",
        "及川",
        "千頭",
        "上千頭",
        "ゴルフ場入口(厚木市)",
        "小鮎久保",
        "光福寺(厚木市)",
        "飯盛山",
        "宮の里入口",
        "宮の里東",
        "宮の里センター",
        "宮の里(厚木市)"
    ],
    "weekday": [
        "9:06",
        "9:35",
        "10:00",
        "10:30",
        "11:30",
        "12:00",
        "12:30",
        "13:30",
        "14:00",
        "14:30",
        "15:30",
        "16:00",
        "16:32"
    ],
    "saturday": [
        "9:10",
        "10:10",
        "11:10",
        "12:10",
        "13:10",
        "14:10",
        "15:10",
        "16:10"
    ],
    "holiday": [
        "9:10",
        "10:10",
        "11:10",
        "12:10",
        "13:10",
        "14:10",
        "15:10",
        "16:10"
    ],
    "url": "https://www.kanachu.co.jp/dia/diagram/timetable01_js/course:0000802106-7/node:00128398/kt:0/lname:/"
}
