{
    "date": "2025/11/25",
    "name": "林(厚木市)",
    "position": "-",
    "system": "厚16",
    "destinations": [
        "穴口橋",
        "及川",
        "千頭",
        "上千頭",
        "ゴルフ場入口(厚木市)",
        "小鮎久保",
        "光福寺(厚木市)",
        "飯盛山",
        "宮の里入口",
        "宮の里東",
        "宮の里センター",
        "宮の里(厚木市)"
    ],
    "weekday": [
        "9:07",
        "9:36",
        "10:01",
        "10:31",
        "11:31",
        "12:01",
        "12:31",
        "13:31",
        "14:01",
        "14:31",
        "15:31",
        "16:01",
        "16:33"
    ],
    "saturday": [
        "9:11",
        "10:11",
        "11:11",
        "12:11",
        "13:11",
        "14:11",
        "15:11",
        "16:11"
    ],
    "holiday": [
        "9:11",
        "10:11",
        "11:11",
        "12:11",
        "13:11",
        "14:11",
        "15:11",
        "16:11"
    ],
    "url": "https://www.kanachu.co.jp/dia/diagram/timetable01_js/course:0000802106-8/node:00128399/kt:0/lname:/"
}
