{
    "date": "2025/11/25",
    "name": "上千頭",
    "position": "-",
    "system": "厚16",
    "destinations": [
        "ゴルフ場入口(厚木市)",
        "小鮎久保",
        "光福寺(厚木市)",
        "飯盛山",
        "宮の里入口",
        "宮の里東",
        "宮の里センター",
        "宮の里(厚木市)"
    ],
    "weekday": [
        "9:12",
        "9:41",
        "10:06",
        "10:36",
        "11:36",
        "12:06",
        "12:36",
        "13:36",
        "14:06",
        "14:36",
        "15:36",
        "16:06",
        "16:38"
    ],
    "saturday": [
        "9:15",
        "10:15",
        "11:15",
        "12:15",
        "13:15",
        "14:15",
        "15:15",
        "16:15"
    ],
    "holiday": [
        "9:15",
        "10:15",
        "11:15",
        "12:15",
        "13:15",
        "14:15",
        "15:15",
        "16:15"
    ],
    "url": "https://www.kanachu.co.jp/dia/diagram/timetable01_js/course:0000802106-12/node:00128403/kt:0/lname:/"
}
