{
    "date": "2025/11/25",
    "name": "宮の里東",
    "position": "-",
    "system": "厚16",
    "destinations": [
        "宮の里センター",
        "宮の里(厚木市)"
    ],
    "weekday": [
        "9:18",
        "9:47",
        "10:12",
        "10:42",
        "11:42",
        "12:12",
        "12:42",
        "13:42",
        "14:12",
        "14:42",
        "15:42",
        "16:12",
        "16:44"
    ],
    "saturday": [
        "9:21",
        "10:21",
        "11:21",
        "12:21",
        "13:21",
        "14:21",
        "15:21",
        "16:21"
    ],
    "holiday": [
        "9:21",
        "10:21",
        "11:21",
        "12:21",
        "13:21",
        "14:21",
        "15:21",
        "16:21"
    ],
    "url": "https://www.kanachu.co.jp/dia/diagram/timetable01_js/course:0000802106-18/node:00128436/kt:0/lname:/"
}
