{
    "date": "2025/01/14",
    "name": "棚沢",
    "position": "-",
    "system": "厚07",
    "destinations": [
        "才戸橋",
        "下川入",
        "あつぎ郷土博物館"
    ],
    "weekday": [
        "11:03",
        "12:03",
        "12:48",
        "13:43",
        "14:43",
        "15:43",
        "16:40",
        "17:30",
        "18:23",
        "19:02",
        "19:35",
        "20:15",
        "21:08",
        "21:55",
        "23:08"
    ],
    "saturday": [
        "11:23",
        "12:23",
        "13:23",
        "14:23",
        "15:24",
        "16:25",
        "17:25",
        "18:25",
        "19:23",
        "20:22",
        "21:22"
    ],
    "holiday": [
        "11:24",
        "12:24",
        "13:24",
        "14:24",
        "15:24",
        "16:24",
        "17:24",
        "18:24",
        "19:22",
        "20:22",
        "21:22"
    ],
    "url": "https://www.kanachu.co.jp/dia/diagram/timetable01_js/course:0000801160-20/node:00128308/kt:0/lname:/"
}
