{
    "date": "2024/04/01",
    "name": "南原土手",
    "position": "-",
    "system": "平21",
    "destinations": [
        "市民病院前(平塚市)",
        "達上ヶ丘",
        "上平塚",
        "平塚農商高校",
        "貴峯荘前",
        "中里(平塚市)",
        "柳町入口",
        "桧扇町",
        "新豊田道",
        "豊田道",
        "八間通り",
        "平塚文化芸術ホール前",
        "銀座通り(平塚市)",
        "平塚駅北口"
    ],
    "weekday": [
        "7:27",
        "7:57",
        "8:57",
        "9:57",
        "10:57",
        "11:57",
        "12:57",
        "13:57",
        "14:57",
        "15:57",
        "16:57",
        "17:57"
    ],
    "saturday": [
        "9:04",
        "10:19",
        "11:19",
        "12:19",
        "13:19",
        "14:19",
        "15:19",
        "16:19",
        "17:19",
        "18:19",
        "19:19"
    ],
    "holiday": [
        "9:04",
        "10:19",
        "11:19",
        "12:19",
        "13:19",
        "14:19",
        "15:19",
        "16:19",
        "17:19",
        "18:19",
        "19:19"
    ],
    "url": "https://www.kanachu.co.jp/dia/diagram/timetable01_js/course:0000801583-8/node:00127560/kt:0/lname:/"
}
