{
    "date": "2024/04/01",
    "name": "達上ヶ丘",
    "position": "-",
    "system": "平21",
    "destinations": [
        "上平塚",
        "平塚農商高校",
        "貴峯荘前",
        "中里(平塚市)",
        "柳町入口",
        "桧扇町",
        "新豊田道",
        "豊田道",
        "八間通り",
        "平塚文化芸術ホール前",
        "銀座通り(平塚市)",
        "平塚駅北口"
    ],
    "weekday": [
        "7:31",
        "8:01",
        "9:01",
        "10:01",
        "11:01",
        "12:01",
        "13:01",
        "14:01",
        "15:01",
        "16:01",
        "17:01",
        "18:01"
    ],
    "saturday": [
        "9:08",
        "10:23",
        "11:23",
        "12:23",
        "13:23",
        "14:23",
        "15:23",
        "16:23",
        "17:23",
        "18:23",
        "19:23"
    ],
    "holiday": [
        "9:08",
        "10:23",
        "11:23",
        "12:23",
        "13:23",
        "14:23",
        "15:23",
        "16:23",
        "17:23",
        "18:23",
        "19:23"
    ],
    "url": "https://www.kanachu.co.jp/dia/diagram/timetable01_js/course:0000801583-10/node:00127584/kt:0/lname:/"
}
