{
    "date": "2025/11/16",
    "name": "長久保(平塚市)",
    "position": "-",
    "system": "平31",
    "destinations": [
        "公所(平塚市)",
        "堀の内(平塚市)",
        "大町(平塚市)",
        "坂間",
        "河内(平塚市)",
        "徳延",
        "徳延神社前",
        "南原土手",
        "南原(平塚市)",
        "向原(平塚市)",
        "江南高校前",
        "追分(平塚市)",
        "立野町(平塚市)",
        "横浜ゴム前",
        "市役所前(ゴム前/平塚市)",
        "四ツ角(平塚市)",
        "平塚駅北口"
    ],
    "weekday": [
        "7:29"
    ],
    "saturday": [
        "7:36"
    ],
    "holiday": [
        "7:36"
    ],
    "url": "https://www.kanachu.co.jp/dia/diagram/timetable01_js/course:0000801211-3/node:00127568/kt:0/lname:/"
}
