{
    "date": "2025/11/16",
    "name": "坂間",
    "position": "-",
    "system": "平31",
    "destinations": [
        "河内(平塚市)",
        "徳延",
        "徳延神社前",
        "南原土手",
        "南原(平塚市)",
        "向原(平塚市)",
        "江南高校前",
        "追分(平塚市)",
        "立野町(平塚市)",
        "横浜ゴム前",
        "市役所前(ゴム前/平塚市)",
        "四ツ角(平塚市)",
        "平塚駅北口"
    ],
    "weekday": [
        "7:34"
    ],
    "saturday": [
        "7:41"
    ],
    "holiday": [
        "7:41"
    ],
    "url": "https://www.kanachu.co.jp/dia/diagram/timetable01_js/course:0000801211-7/node:00127564/kt:0/lname:/"
}
