{
    "date": "2025/11/16",
    "name": "徳延神社前",
    "position": "-",
    "system": "平31",
    "destinations": [
        "南原土手",
        "南原(平塚市)",
        "向原(平塚市)",
        "江南高校前",
        "追分(平塚市)",
        "立野町(平塚市)",
        "横浜ゴム前",
        "市役所前(ゴム前/平塚市)",
        "四ツ角(平塚市)",
        "平塚駅北口"
    ],
    "weekday": [
        "7:39"
    ],
    "saturday": [
        "7:44"
    ],
    "holiday": [
        "7:44"
    ],
    "url": "https://www.kanachu.co.jp/dia/diagram/timetable01_js/course:0000801211-10/node:00127561/kt:0/lname:/"
}
