{
    "date": "2025/11/16",
    "name": "南原(平塚市)",
    "position": "-",
    "system": "平31",
    "destinations": [
        "向原(平塚市)",
        "江南高校前",
        "追分(平塚市)",
        "立野町(平塚市)",
        "横浜ゴム前",
        "市役所前(ゴム前/平塚市)",
        "四ツ角(平塚市)",
        "平塚駅北口"
    ],
    "weekday": [
        "7:43"
    ],
    "saturday": [
        "7:47"
    ],
    "holiday": [
        "7:47"
    ],
    "url": "https://www.kanachu.co.jp/dia/diagram/timetable01_js/course:0000801211-12/node:00127559/kt:0/lname:/"
}
