{
    "date": "2025/11/16",
    "name": "立野町(平塚市)",
    "position": "-",
    "system": "平31",
    "destinations": [
        "横浜ゴム前",
        "市役所前(ゴム前/平塚市)",
        "四ツ角(平塚市)",
        "平塚駅北口"
    ],
    "weekday": [
        "7:49"
    ],
    "saturday": [
        "7:52"
    ],
    "holiday": [
        "7:52"
    ],
    "url": "https://www.kanachu.co.jp/dia/diagram/timetable01_js/course:0000801211-16/node:00127555/kt:0/lname:/"
}
