{
    "date": "2026/01/16",
    "name": "小出一本松",
    "position": "-",
    "system": "藤40",
    "destinations": [
        "大辻(藤沢市)",
        "丸山大辻",
        "ライフタウン入口",
        "堤羽根沢",
        "湘南カントリークラブ前",
        "羽根沢",
        "大庭小学校",
        "小糸",
        "城下(藤沢市)",
        "舟地蔵",
        "大六天(藤沢市)",
        "明治小学校前",
        "羽鳥(藤沢市)",
        "メルシャン前",
        "引地橋",
        "一中入口(藤沢市)",
        "湘南高校前",
        "台町(藤沢市)",
        "白旗交差点",
        "本町小学校前(藤沢市)",
        "南仲通り二丁目",
        "南仲通り",
        "相生町(藤沢市)",
        "三富士町",
        "藤沢駅北口"
    ],
    "weekday": [
        "6:31",
        "10:41",
        "12:41",
        "14:19",
        "16:19",
        "18:21"
    ],
    "saturday": [
        "7:22",
        "8:27",
        "9:27",
        "10:27",
        "11:27",
        "12:27",
        "13:27",
        "14:27",
        "15:27",
        "16:27",
        "17:27",
        "18:27",
        "19:27"
    ],
    "holiday": [
        "7:22",
        "8:27",
        "9:27",
        "10:27",
        "11:27",
        "12:27",
        "13:27",
        "14:27",
        "15:27",
        "16:27",
        "17:27",
        "18:27",
        "19:27"
    ],
    "url": "https://www.kanachu.co.jp/dia/diagram/timetable01_js/course:0000804116-2/node:00129957/kt:0/lname:/"
}
