{
    "date": "2026/01/16",
    "name": "明治小学校前",
    "position": "-",
    "system": "藤40",
    "destinations": [
        "羽鳥(藤沢市)",
        "メルシャン前",
        "引地橋",
        "一中入口(藤沢市)",
        "湘南高校前",
        "台町(藤沢市)",
        "白旗交差点",
        "本町小学校前(藤沢市)",
        "南仲通り二丁目",
        "南仲通り",
        "相生町(藤沢市)",
        "三富士町",
        "藤沢駅北口"
    ],
    "weekday": [
        "6:44",
        "10:54",
        "12:54",
        "14:32",
        "16:33",
        "18:34"
    ],
    "saturday": [
        "7:35",
        "8:40",
        "9:40",
        "10:40",
        "11:40",
        "12:40",
        "13:40",
        "14:40",
        "15:41",
        "16:41",
        "17:41",
        "18:40",
        "19:40"
    ],
    "holiday": [
        "7:35",
        "8:40",
        "9:40",
        "10:40",
        "11:40",
        "12:40",
        "13:40",
        "14:40",
        "15:41",
        "16:41",
        "17:41",
        "18:40",
        "19:40"
    ],
    "url": "https://www.kanachu.co.jp/dia/diagram/timetable01_js/course:0000804116-14/node:00127055/kt:0/lname:/"
}
