{
    "date": "2026/01/16",
    "name": "メルシャン前",
    "position": "-",
    "system": "藤40",
    "destinations": [
        "引地橋",
        "一中入口(藤沢市)",
        "湘南高校前",
        "台町(藤沢市)",
        "白旗交差点",
        "本町小学校前(藤沢市)",
        "南仲通り二丁目",
        "南仲通り",
        "相生町(藤沢市)",
        "三富士町",
        "藤沢駅北口"
    ],
    "weekday": [
        "6:46",
        "10:57",
        "12:57",
        "14:35",
        "16:36",
        "18:36"
    ],
    "saturday": [
        "7:37",
        "8:42",
        "9:42",
        "10:43",
        "11:43",
        "12:43",
        "13:43",
        "14:43",
        "15:44",
        "16:44",
        "17:44",
        "18:42",
        "19:42"
    ],
    "holiday": [
        "7:37",
        "8:42",
        "9:42",
        "10:43",
        "11:43",
        "12:43",
        "13:43",
        "14:43",
        "15:44",
        "16:44",
        "17:44",
        "18:42",
        "19:42"
    ],
    "url": "https://www.kanachu.co.jp/dia/diagram/timetable01_js/course:0000804116-16/node:00127053/kt:0/lname:/"
}
