{
    "date": "2025/03/15",
    "name": "荒井(藤沢市)",
    "position": "-",
    "system": "湘19",
    "destinations": [
        "榎戸(藤沢市)",
        "打戻大仲",
        "宇都母知神社入口",
        "遠藤西の谷",
        "遠藤打越",
        "慶応大学",
        "藤沢ジャンボゴルフ前(藤沢市)",
        "遠藤(藤沢市)",
        "南大山",
        "工業団地入口(藤沢市)",
        "北警察署前(藤沢市)",
        "湘南台駅西口"
    ],
    "weekday": [
        "6:35",
        "7:12",
        "7:50",
        "8:45",
        "9:45",
        "10:20",
        "11:05",
        "12:10",
        "13:05",
        "14:05",
        "15:05",
        "16:05",
        "16:52",
        "17:45",
        "18:10",
        "19:05",
        "20:05"
    ],
    "saturday": [
        "7:10",
        "7:50",
        "8:40",
        "9:40",
        "10:15",
        "11:05",
        "12:05",
        "13:05",
        "14:05",
        "15:05",
        "16:05",
        "17:05",
        "18:05",
        "19:05"
    ],
    "holiday": [
        "7:10",
        "7:50",
        "8:40",
        "9:40",
        "10:15",
        "11:05",
        "12:05",
        "13:05",
        "14:05",
        "15:05",
        "16:05",
        "17:05",
        "18:05",
        "18:54"
    ],
    "url": "https://www.kanachu.co.jp/dia/diagram/timetable01_js/course:0000801973-16/node:00129976/kt:0/lname:/"
}
