{
    "date": "2025/03/15",
    "name": "遠藤西の谷",
    "position": "-",
    "system": "湘19",
    "destinations": [
        "遠藤打越",
        "慶応大学",
        "藤沢ジャンボゴルフ前(藤沢市)",
        "遠藤(藤沢市)",
        "南大山",
        "工業団地入口(藤沢市)",
        "北警察署前(藤沢市)",
        "湘南台駅西口"
    ],
    "weekday": [
        "6:38",
        "7:15",
        "7:53",
        "8:48",
        "9:48",
        "10:23",
        "11:08",
        "12:13",
        "13:08",
        "14:08",
        "15:08",
        "16:08",
        "16:55",
        "17:48",
        "18:13",
        "19:08",
        "20:08"
    ],
    "saturday": [
        "7:13",
        "7:53",
        "8:43",
        "9:43",
        "10:18",
        "11:08",
        "12:08",
        "13:08",
        "14:08",
        "15:08",
        "16:08",
        "17:08",
        "18:08",
        "19:08"
    ],
    "holiday": [
        "7:13",
        "7:53",
        "8:43",
        "9:43",
        "10:18",
        "11:08",
        "12:08",
        "13:08",
        "14:08",
        "15:08",
        "16:08",
        "17:08",
        "18:08",
        "18:57"
    ],
    "url": "https://www.kanachu.co.jp/dia/diagram/timetable01_js/course:0000801973-20/node:00130026/kt:0/lname:/"
}
