{
    "date": "2025/03/15",
    "name": "工業団地入口(藤沢市)",
    "position": "-",
    "system": "湘19",
    "destinations": [
        "北警察署前(藤沢市)",
        "湘南台駅西口"
    ],
    "weekday": [
        "6:48",
        "7:25",
        "8:03",
        "8:58",
        "9:58",
        "10:33",
        "11:18",
        "12:23",
        "13:18",
        "14:18",
        "15:18",
        "16:18",
        "17:05",
        "17:58",
        "18:23",
        "19:18",
        "20:18"
    ],
    "saturday": [
        "7:23",
        "8:03",
        "8:53",
        "9:53",
        "10:28",
        "11:18",
        "12:18",
        "13:18",
        "14:18",
        "15:18",
        "16:18",
        "17:18",
        "18:18",
        "19:18"
    ],
    "holiday": [
        "7:23",
        "8:03",
        "8:53",
        "9:53",
        "10:28",
        "11:18",
        "12:18",
        "13:18",
        "14:18",
        "15:18",
        "16:18",
        "17:18",
        "18:18",
        "19:07"
    ],
    "url": "https://www.kanachu.co.jp/dia/diagram/timetable01_js/course:0000801973-26/node:00129909/kt:0/lname:/"
}
