{
    "date": "2024/03/16",
    "name": "港南台駅",
    "position": "-",
    "system": "港81",
    "destinations": [
        "横浜女子短期大学前",
        "港南台西公園",
        "元大橋公園前",
        "若竹町(横浜市栄区)",
        "元大橋",
        "中野町",
        "稲荷森",
        "山手学院入口",
        "尾月",
        "上郷小学校前",
        "花篭公園前",
        "桂台中央",
        "桂山公園",
        "矢沢(横浜市栄区)",
        "犬山",
        "犬山南",
        "上之中央",
        "上之",
        "紅葉橋(横浜市栄区)",
        "本郷車庫前(横浜市栄区)",
        "山手学院入口",
        "稲荷森",
        "中野町",
        "元大橋",
        "若竹町(横浜市栄区)",
        "元大橋公園前",
        "港南台西公園",
        "横浜女子短期大学前",
        "港南台駅"
    ],
    "weekday": [
        "7:31",
        "8:42",
        "9:32",
        "9:45",
        "10:45",
        "11:45",
        "12:45"
    ],
    "saturday": [
        "7:25",
        "8:33",
        "9:17",
        "10:21",
        "11:26",
        "12:26"
    ],
    "holiday": [
        "7:25",
        "8:33",
        "9:17",
        "10:21",
        "11:26",
        "12:26"
    ],
    "url": "https://www.kanachu.co.jp/dia/diagram/timetable01_js/course:0000801376-1/node:00025554/kt:0/lname:/"
}
