{
    "date": "2024/03/16",
    "name": "尾月",
    "position": "-",
    "system": "港81",
    "destinations": [
        "上郷小学校前",
        "花篭公園前",
        "桂台中央",
        "桂山公園",
        "矢沢(横浜市栄区)",
        "犬山",
        "犬山南",
        "上之中央",
        "上之",
        "紅葉橋(横浜市栄区)",
        "本郷車庫前(横浜市栄区)",
        "山手学院入口",
        "稲荷森",
        "中野町",
        "元大橋",
        "若竹町(横浜市栄区)",
        "元大橋公園前",
        "港南台西公園",
        "横浜女子短期大学前",
        "港南台駅"
    ],
    "weekday": [
        "7:42",
        "8:53",
        "9:43",
        "9:56",
        "10:56",
        "11:56",
        "12:56"
    ],
    "saturday": [
        "7:36",
        "8:44",
        "9:28",
        "10:32",
        "11:37",
        "12:37"
    ],
    "holiday": [
        "7:36",
        "8:44",
        "9:28",
        "10:32",
        "11:37",
        "12:37"
    ],
    "url": "https://www.kanachu.co.jp/dia/diagram/timetable01_js/course:0000801376-10/node:00130226/kt:0/lname:/"
}
