{
    "date": "2024/03/16",
    "name": "上郷小学校前",
    "position": "-",
    "system": "港81",
    "destinations": [
        "花篭公園前",
        "桂台中央",
        "桂山公園",
        "矢沢(横浜市栄区)",
        "犬山",
        "犬山南",
        "上之中央",
        "上之",
        "紅葉橋(横浜市栄区)",
        "本郷車庫前(横浜市栄区)",
        "山手学院入口",
        "稲荷森",
        "中野町",
        "元大橋",
        "若竹町(横浜市栄区)",
        "元大橋公園前",
        "港南台西公園",
        "横浜女子短期大学前",
        "港南台駅"
    ],
    "weekday": [
        "7:43",
        "8:54",
        "9:44",
        "9:57",
        "10:57",
        "11:57",
        "12:57"
    ],
    "saturday": [
        "7:37",
        "8:45",
        "9:29",
        "10:33",
        "11:38",
        "12:38"
    ],
    "holiday": [
        "7:37",
        "8:45",
        "9:29",
        "10:33",
        "11:38",
        "12:38"
    ],
    "url": "https://www.kanachu.co.jp/dia/diagram/timetable01_js/course:0000801376-11/node:00130227/kt:0/lname:/"
}
