{
    "date": "2024/03/16",
    "name": "矢沢(横浜市栄区)",
    "position": "-",
    "system": "港81",
    "destinations": [
        "犬山",
        "犬山南",
        "上之中央",
        "上之",
        "紅葉橋(横浜市栄区)",
        "本郷車庫前(横浜市栄区)",
        "山手学院入口",
        "稲荷森",
        "中野町",
        "元大橋",
        "若竹町(横浜市栄区)",
        "元大橋公園前",
        "港南台西公園",
        "横浜女子短期大学前",
        "港南台駅"
    ],
    "weekday": [
        "7:48",
        "8:59",
        "9:49",
        "10:02",
        "11:02",
        "12:02",
        "13:02"
    ],
    "saturday": [
        "7:42",
        "8:50",
        "9:34",
        "10:38",
        "11:43",
        "12:43"
    ],
    "holiday": [
        "7:42",
        "8:50",
        "9:34",
        "10:38",
        "11:43",
        "12:43"
    ],
    "url": "https://www.kanachu.co.jp/dia/diagram/timetable01_js/course:0000801376-15/node:00126535/kt:0/lname:/"
}
