{
    "date": "2024/03/16",
    "name": "上之中央",
    "position": "-",
    "system": "港81",
    "destinations": [
        "上之",
        "紅葉橋(横浜市栄区)",
        "本郷車庫前(横浜市栄区)",
        "山手学院入口",
        "稲荷森",
        "中野町",
        "元大橋",
        "若竹町(横浜市栄区)",
        "元大橋公園前",
        "港南台西公園",
        "横浜女子短期大学前",
        "港南台駅"
    ],
    "weekday": [
        "7:51",
        "9:02",
        "9:52",
        "10:05",
        "11:05",
        "12:05",
        "13:05"
    ],
    "saturday": [
        "7:45",
        "8:53",
        "9:37",
        "10:41",
        "11:46",
        "12:46"
    ],
    "holiday": [
        "7:45",
        "8:53",
        "9:37",
        "10:41",
        "11:46",
        "12:46"
    ],
    "url": "https://www.kanachu.co.jp/dia/diagram/timetable01_js/course:0000801376-18/node:00126532/kt:0/lname:/"
}
