{
    "date": "2024/03/16",
    "name": "上之",
    "position": "-",
    "system": "港81",
    "destinations": [
        "紅葉橋(横浜市栄区)",
        "本郷車庫前(横浜市栄区)",
        "山手学院入口",
        "稲荷森",
        "中野町",
        "元大橋",
        "若竹町(横浜市栄区)",
        "元大橋公園前",
        "港南台西公園",
        "横浜女子短期大学前",
        "港南台駅"
    ],
    "weekday": [
        "7:52",
        "9:03",
        "9:53",
        "10:06",
        "11:06",
        "12:06",
        "13:06"
    ],
    "saturday": [
        "7:46",
        "8:54",
        "9:38",
        "10:42",
        "11:47",
        "12:47"
    ],
    "holiday": [
        "7:46",
        "8:54",
        "9:38",
        "10:42",
        "11:47",
        "12:47"
    ],
    "url": "https://www.kanachu.co.jp/dia/diagram/timetable01_js/course:0000801376-19/node:00126531/kt:0/lname:/"
}
