{
    "date": "2024/03/16",
    "name": "紅葉橋(横浜市栄区)",
    "position": "-",
    "system": "港81",
    "destinations": [
        "本郷車庫前(横浜市栄区)",
        "山手学院入口",
        "稲荷森",
        "中野町",
        "元大橋",
        "若竹町(横浜市栄区)",
        "元大橋公園前",
        "港南台西公園",
        "横浜女子短期大学前",
        "港南台駅"
    ],
    "weekday": [
        "7:53",
        "9:04",
        "9:54",
        "10:07",
        "11:07",
        "12:07",
        "13:07"
    ],
    "saturday": [
        "7:47",
        "8:55",
        "9:39",
        "10:43",
        "11:48",
        "12:48"
    ],
    "holiday": [
        "7:47",
        "8:55",
        "9:39",
        "10:43",
        "11:48",
        "12:48"
    ],
    "url": "https://www.kanachu.co.jp/dia/diagram/timetable01_js/course:0000801376-20/node:00126514/kt:0/lname:/"
}
