{
    "date": "2024/03/16",
    "name": "本郷車庫前(横浜市栄区)",
    "position": "-",
    "system": "港81",
    "destinations": [
        "山手学院入口",
        "稲荷森",
        "中野町",
        "元大橋",
        "若竹町(横浜市栄区)",
        "元大橋公園前",
        "港南台西公園",
        "横浜女子短期大学前",
        "港南台駅"
    ],
    "weekday": [
        "7:54",
        "9:05",
        "9:55",
        "10:08",
        "11:08",
        "12:08",
        "13:08"
    ],
    "saturday": [
        "7:48",
        "8:56",
        "9:40",
        "10:45",
        "11:50",
        "12:50"
    ],
    "holiday": [
        "7:48",
        "8:56",
        "9:40",
        "10:45",
        "11:50",
        "12:50"
    ],
    "url": "https://www.kanachu.co.jp/dia/diagram/timetable01_js/course:0000801376-21/node:00025683/kt:0/lname:/"
}
