{
    "date": "2024/03/16",
    "name": "中野町",
    "position": "-",
    "system": "港81",
    "destinations": [
        "元大橋",
        "若竹町(横浜市栄区)",
        "元大橋公園前",
        "港南台西公園",
        "横浜女子短期大学前",
        "港南台駅"
    ],
    "weekday": [
        "7:57",
        "9:08",
        "9:58",
        "10:11",
        "11:11",
        "12:11",
        "13:11"
    ],
    "saturday": [
        "7:51",
        "8:59",
        "9:43",
        "10:48",
        "11:53",
        "12:53"
    ],
    "holiday": [
        "7:51",
        "8:59",
        "9:43",
        "10:48",
        "11:53",
        "12:53"
    ],
    "url": "https://www.kanachu.co.jp/dia/diagram/timetable01_js/course:0000801376-24/node:00126511/kt:0/lname:/"
}
