{
    "system": "橋75",
    "busstops": [
        {
            "index": "1",
            "id": "00020770",
            "name": "多摩美術大学(八王子市)",
            "lat": "35.61255",
            "lng": "139.351124"
        },
        {
            "index": "2",
            "id": "00020772",
            "name": "多摩美大東",
            "lat": "35.611753",
            "lng": "139.351754"
        },
        {
            "index": "3",
            "id": "00130115",
            "name": "多摩美術大学南",
            "lat": "35.606328",
            "lng": "139.350629"
        },
        {
            "index": "4",
            "id": "00130222",
            "name": "寿橋",
            "lat": "35.601668",
            "lng": "139.348482"
        },
        {
            "index": "5",
            "id": "00128991",
            "name": "寿町(相模原市緑区)",
            "lat": "35.599336",
            "lng": "139.347703"
        },
        {
            "index": "6",
            "id": "00020098",
            "name": "旭農協前",
            "lat": "35.59733",
            "lng": "139.346453"
        },
        {
            "index": "7",
            "id": "00128969",
            "name": "橋本駅北口",
            "lat": "35.595413",
            "lng": "139.344909"
        }
    ],
    "route_url": "https://www.kanachu.co.jp/dia/route/index/cid:0000801056/"
}
