{
    "date": "2025/04/19",
    "name": "相模原駅南口",
    "position": "-",
    "system": "相28",
    "destinations": [
        "相模原三丁目",
        "相模原五丁目",
        "西門前(相模原市中央区)",
        "グリーンプラザ(相模原市中央区)",
        "市役所前(相模原市中央区)",
        "ウェルネスさがみはら前",
        "職業安定所前(相模原市中央区)",
        "千代田一丁目",
        "千代田十字路",
        "千代田五丁目",
        "光が丘一丁目(相模原市中央区)",
        "光が丘小学校前",
        "光が丘大通り",
        "光が丘三丁目(相模原市中央区)",
        "緑が丘一丁目(相模原市中央区)",
        "陽光台六丁目",
        "相模原浄水場",
        "麻溝車庫"
    ],
    "weekday": [
        "20:03",
        "20:33"
    ],
    "saturday": [
        "22:00"
    ],
    "holiday": [
        "22:00"
    ],
    "url": "https://www.kanachu.co.jp/dia/diagram/timetable01_js/course:0000803125-1/node:00129335/kt:0/lname:/"
}
