{
    "date": "2025/04/19",
    "name": "職業安定所前(相模原市中央区)",
    "position": "-",
    "system": "相28",
    "destinations": [
        "千代田一丁目",
        "千代田十字路",
        "千代田五丁目",
        "光が丘一丁目(相模原市中央区)",
        "光が丘小学校前",
        "光が丘大通り",
        "光が丘三丁目(相模原市中央区)",
        "緑が丘一丁目(相模原市中央区)",
        "陽光台六丁目",
        "相模原浄水場",
        "麻溝車庫"
    ],
    "weekday": [
        "20:10",
        "20:40"
    ],
    "saturday": [
        "22:07"
    ],
    "holiday": [
        "22:07"
    ],
    "url": "https://www.kanachu.co.jp/dia/diagram/timetable01_js/course:0000803125-8/node:00128535/kt:0/lname:/"
}
