{
    "date": "2025/04/19",
    "name": "光が丘大通り",
    "position": "-",
    "system": "相28",
    "destinations": [
        "光が丘三丁目(相模原市中央区)",
        "緑が丘一丁目(相模原市中央区)",
        "陽光台六丁目",
        "相模原浄水場",
        "麻溝車庫"
    ],
    "weekday": [
        "20:16",
        "20:46"
    ],
    "saturday": [
        "22:13"
    ],
    "holiday": [
        "22:13"
    ],
    "url": "https://www.kanachu.co.jp/dia/diagram/timetable01_js/course:0000803125-14/node:00129234/kt:0/lname:/"
}
