{
    "date": "2025/11/16",
    "name": "良弁滝",
    "position": "-",
    "system": "伊17",
    "destinations": [
        "あたご滝",
        "社務局入口",
        "大山駅",
        "大山小学校前(伊勢原市)",
        "鳥居前(伊勢原市)",
        "子易",
        "菊屋前",
        "這子坂",
        "明神前(伊勢原市)",
        "御伊勢の森",
        "産業能率大学",
        "御伊勢の森",
        "石倉(伊勢原市)",
        "石倉橋",
        "山王原(伊勢原市)",
        "道灌塚前",
        "〆引",
        "市光前",
        "峰岸",
        "片町(伊勢原市)",
        "片町十字路",
        "大神宮前",
        "本町(伊勢原市)",
        "伊勢原駅北口"
    ],
    "weekday": [
        "19:16",
        "19:41",
        "20:21",
        "20:41",
        "21:08"
    ],
    "saturday": [],
    "holiday": [],
    "url": "https://www.kanachu.co.jp/dia/diagram/timetable01_js/course:0000803349-2/node:00128161/kt:0/lname:/"
}
