{
    "date": "2025/07/12",
    "name": "花の木(藤沢市)",
    "position": "-",
    "system": "藤36",
    "destinations": [
        "伊勢山入口",
        "台町(藤沢市)",
        "本町消防出張所前",
        "藤沢公民館前",
        "遊行寺前",
        "遊行通り四丁目",
        "藤沢駅北口"
    ],
    "weekday": [
        "15:21",
        "17:16",
        "18:30",
        "19:35"
    ],
    "saturday": [
        "8:26",
        "17:31",
        "18:30",
        "19:35"
    ],
    "holiday": [
        "8:26",
        "17:31",
        "18:30",
        "19:35"
    ],
    "url": "https://www.kanachu.co.jp/dia/diagram/timetable01_js/course:0000802026-6/node:00127068/kt:0/lname:/"
}
