{
    "date": "2025/07/12",
    "name": "本町消防出張所前",
    "position": "-",
    "system": "藤36",
    "destinations": [
        "藤沢公民館前",
        "遊行寺前",
        "遊行通り四丁目",
        "藤沢駅北口"
    ],
    "weekday": [
        "15:26",
        "17:21",
        "18:34",
        "19:39"
    ],
    "saturday": [
        "8:31",
        "17:36",
        "18:34",
        "19:39"
    ],
    "holiday": [
        "8:31",
        "17:36",
        "18:34",
        "19:39"
    ],
    "url": "https://www.kanachu.co.jp/dia/diagram/timetable01_js/course:0000802026-9/node:00127011/kt:0/lname:/"
}
