{
    "date": "2026/01/16",
    "name": "赤羽根入口",
    "position": "-",
    "system": "厚45",
    "destinations": [
        "農大入口",
        "船子",
        "仲田(厚木市)",
        "依胡田",
        "柳町(厚木市)",
        "仲町(厚木市長谷)",
        "籠堰橋",
        "広町橋",
        "小野宮前",
        "小野橋(厚木市)",
        "榎田",
        "若宮橋(厚木市)",
        "通信研究所前(厚木市)",
        "日産先進技術開発センター前",
        "森の里青山",
        "厚木西高校",
        "森の里四丁目",
        "森の里五丁目",
        "森の里"
    ],
    "weekday": [
        "7:47",
        "8:05"
    ],
    "saturday": [],
    "holiday": [],
    "url": "https://www.kanachu.co.jp/dia/diagram/timetable01_js/course:0000804117-5/node:00128503/kt:0/lname:/"
}
