{
    "date": "2026/01/16",
    "name": "小野宮前",
    "position": "-",
    "system": "厚45",
    "destinations": [
        "小野橋(厚木市)",
        "榎田",
        "若宮橋(厚木市)",
        "通信研究所前(厚木市)",
        "日産先進技術開発センター前",
        "森の里青山",
        "厚木西高校",
        "森の里四丁目",
        "森の里五丁目",
        "森の里"
    ],
    "weekday": [
        "8:00",
        "8:18"
    ],
    "saturday": [],
    "holiday": [],
    "url": "https://www.kanachu.co.jp/dia/diagram/timetable01_js/course:0000804117-14/node:00128449/kt:0/lname:/"
}
