{
    "date": "2025/07/12",
    "name": "善行駅",
    "position": "-",
    "system": "善04",
    "destinations": [
        "善行駅入口",
        "善行台",
        "富士見台(藤沢市)",
        "2街区グラウンド前",
        "マーケット前",
        "善行団地"
    ],
    "weekday": [
        "8:05",
        "8:30",
        "8:55",
        "9:20",
        "10:05",
        "10:49",
        "11:37",
        "12:25",
        "13:16",
        "14:04",
        "14:52",
        "15:40",
        "16:16",
        "16:40",
        "17:16",
        "17:40",
        "18:16",
        "18:40",
        "19:16",
        "19:40",
        "20:18"
    ],
    "saturday": [
        "8:05",
        "8:30",
        "8:55",
        "9:20",
        "10:04",
        "10:49",
        "11:37",
        "12:25",
        "13:16",
        "14:04",
        "14:52",
        "15:40",
        "16:16",
        "16:40",
        "17:16",
        "17:40",
        "18:16",
        "18:40",
        "19:16",
        "19:40",
        "20:18"
    ],
    "holiday": [
        "8:05",
        "8:30",
        "8:55",
        "9:20",
        "10:04",
        "10:49",
        "11:37",
        "12:25",
        "13:16",
        "14:04",
        "14:52",
        "15:40",
        "16:16",
        "16:40",
        "17:16",
        "17:40",
        "18:16",
        "18:40",
        "19:16",
        "19:40",
        "20:18"
    ],
    "url": "https://www.kanachu.co.jp/dia/diagram/timetable01_js/course:0000801275-1/node:00127073/kt:0/lname:/"
}
