{
    "date": "2025/07/12",
    "name": "善行駅入口",
    "position": "-",
    "system": "善04",
    "destinations": [
        "善行台",
        "富士見台(藤沢市)",
        "2街区グラウンド前",
        "マーケット前",
        "善行団地"
    ],
    "weekday": [
        "8:06",
        "8:31",
        "8:56",
        "9:21",
        "10:06",
        "10:50",
        "11:38",
        "12:26",
        "13:17",
        "14:05",
        "14:53",
        "15:41",
        "16:17",
        "16:41",
        "17:17",
        "17:41",
        "18:17",
        "18:41",
        "19:17",
        "19:41",
        "20:19"
    ],
    "saturday": [
        "8:06",
        "8:31",
        "8:56",
        "9:21",
        "10:05",
        "10:50",
        "11:38",
        "12:26",
        "13:17",
        "14:05",
        "14:53",
        "15:41",
        "16:17",
        "16:41",
        "17:17",
        "17:41",
        "18:17",
        "18:41",
        "19:17",
        "19:41",
        "20:19"
    ],
    "holiday": [
        "8:06",
        "8:31",
        "8:56",
        "9:21",
        "10:05",
        "10:50",
        "11:38",
        "12:26",
        "13:17",
        "14:05",
        "14:53",
        "15:41",
        "16:17",
        "16:41",
        "17:17",
        "17:41",
        "18:17",
        "18:41",
        "19:17",
        "19:41",
        "20:19"
    ],
    "url": "https://www.kanachu.co.jp/dia/diagram/timetable01_js/course:0000801275-2/node:00127124/kt:0/lname:/"
}
