{
    "date": "2026/01/16",
    "name": "南太田四丁目",
    "position": "-",
    "system": "11",
    "destinations": [
        "井土ヶ谷駅前",
        "井土ヶ谷",
        "井土ヶ谷下町",
        "蒔田中学校前(横浜市南区)",
        "蒔田駅前",
        "榎町二丁目",
        "堀の内町",
        "東蒔田町",
        "中村橋(横浜市南区)",
        "山谷(横浜市南区)",
        "増徳院前",
        "中丸(横浜市南区)",
        "平楽中学校前",
        "唐沢(横浜市南区)",
        "石川小学校前(横浜市南区)",
        "打越橋",
        "地蔵坂上(横浜市中区)",
        "イタリア山庭園前",
        "山手町(横浜市中区)",
        "代官坂上",
        "元町公園前",
        "港の見える丘公園前",
        "元町入口",
        "山下町(横浜市中区)",
        "中華街入口",
        "芸術劇場・NHK前",
        "日本大通り駅県庁前",
        "本町一丁目(横浜市中区)",
        "本町四丁目(横浜市中区)",
        "横浜市役所前",
        "桜木町駅前"
    ],
    "weekday": [
        "5:48",
        "6:06",
        "6:22",
        "6:35",
        "6:48",
        "7:04",
        "7:19",
        "7:34",
        "7:49",
        "8:04",
        "8:24",
        "8:49",
        "9:26",
        "9:42",
        "10:07",
        "10:32",
        "10:57",
        "11:19",
        "11:51",
        "12:12",
        "12:37",
        "13:07",
        "13:29",
        "13:57",
        "14:29",
        "14:59",
        "15:29",
        "15:59",
        "16:20",
        "16:37",
        "16:53",
        "17:09",
        "17:30",
        "17:54",
        "18:21",
        "18:41",
        "19:06",
        "19:34",
        "20:03",
        "20:30",
        "20:58"
    ],
    "saturday": [
        "5:54",
        "6:13",
        "6:34",
        "7:04",
        "7:34",
        "8:04",
        "8:34",
        "9:04",
        "9:24",
        "9:44",
        "10:04",
        "10:24",
        "10:44",
        "11:14",
        "11:44",
        "12:14",
        "12:44",
        "13:14",
        "13:44",
        "14:14",
        "14:44",
        "15:14",
        "15:44",
        "16:14",
        "16:44",
        "17:14",
        "17:44",
        "18:14",
        "18:44",
        "19:14",
        "19:36",
        "20:15",
        "20:58"
    ],
    "holiday": [
        "5:54",
        "6:13",
        "6:34",
        "7:04",
        "7:34",
        "8:04",
        "8:34",
        "9:04",
        "9:24",
        "9:44",
        "10:04",
        "10:24",
        "10:44",
        "11:14",
        "11:44",
        "12:14",
        "12:44",
        "13:14",
        "13:44",
        "14:14",
        "14:44",
        "15:14",
        "15:44",
        "16:14",
        "16:44",
        "17:14",
        "17:44",
        "18:14",
        "18:44",
        "19:14",
        "19:36",
        "20:15",
        "20:58"
    ],
    "url": "https://www.kanachu.co.jp/dia/diagram/timetable01_js/course:0000804265-4/node:00103129/kt:0/lname:/"
}
