{
    "date": "2026/01/16",
    "name": "蒔田駅前",
    "position": "-",
    "system": "11",
    "destinations": [
        "榎町二丁目",
        "堀の内町",
        "東蒔田町",
        "中村橋(横浜市南区)",
        "山谷(横浜市南区)",
        "増徳院前",
        "中丸(横浜市南区)",
        "平楽中学校前",
        "唐沢(横浜市南区)",
        "石川小学校前(横浜市南区)",
        "打越橋",
        "地蔵坂上(横浜市中区)",
        "イタリア山庭園前",
        "山手町(横浜市中区)",
        "代官坂上",
        "元町公園前",
        "港の見える丘公園前",
        "元町入口",
        "山下町(横浜市中区)",
        "中華街入口",
        "芸術劇場・NHK前",
        "日本大通り駅県庁前",
        "本町一丁目(横浜市中区)",
        "本町四丁目(横浜市中区)",
        "横浜市役所前",
        "桜木町駅前"
    ],
    "weekday": [
        "5:56",
        "6:14",
        "6:30",
        "6:43",
        "6:56",
        "7:13",
        "7:28",
        "7:43",
        "7:58",
        "8:13",
        "8:33",
        "8:58",
        "9:35",
        "9:51",
        "10:16",
        "10:41",
        "11:06",
        "11:28",
        "12:00",
        "12:21",
        "12:46",
        "13:16",
        "13:38",
        "14:06",
        "14:38",
        "15:08",
        "15:38",
        "16:08",
        "16:29",
        "16:46",
        "17:02",
        "17:18",
        "17:39",
        "18:03",
        "18:30",
        "18:50",
        "19:15",
        "19:43",
        "20:11",
        "20:38",
        "21:06"
    ],
    "saturday": [
        "6:02",
        "6:21",
        "6:42",
        "7:13",
        "7:43",
        "8:13",
        "8:43",
        "9:13",
        "9:33",
        "9:53",
        "10:13",
        "10:33",
        "10:53",
        "11:23",
        "11:53",
        "12:23",
        "12:53",
        "13:23",
        "13:53",
        "14:23",
        "14:53",
        "15:23",
        "15:53",
        "16:23",
        "16:53",
        "17:23",
        "17:53",
        "18:23",
        "18:53",
        "19:23",
        "19:45",
        "20:23",
        "21:06"
    ],
    "holiday": [
        "6:02",
        "6:21",
        "6:42",
        "7:12",
        "7:42",
        "8:13",
        "8:43",
        "9:13",
        "9:33",
        "9:53",
        "10:13",
        "10:33",
        "10:53",
        "11:23",
        "11:53",
        "12:23",
        "12:53",
        "13:23",
        "13:53",
        "14:23",
        "14:53",
        "15:23",
        "15:53",
        "16:23",
        "16:53",
        "17:23",
        "17:53",
        "18:23",
        "18:53",
        "19:23",
        "19:45",
        "20:23",
        "21:06"
    ],
    "url": "https://www.kanachu.co.jp/dia/diagram/timetable01_js/course:0000804265-9/node:00103093/kt:0/lname:/"
}
