{
    "date": "2026/01/16",
    "name": "榎町二丁目",
    "position": "-",
    "system": "11",
    "destinations": [
        "堀の内町",
        "東蒔田町",
        "中村橋(横浜市南区)",
        "山谷(横浜市南区)",
        "増徳院前",
        "中丸(横浜市南区)",
        "平楽中学校前",
        "唐沢(横浜市南区)",
        "石川小学校前(横浜市南区)",
        "打越橋",
        "地蔵坂上(横浜市中区)",
        "イタリア山庭園前",
        "山手町(横浜市中区)",
        "代官坂上",
        "元町公園前",
        "港の見える丘公園前",
        "元町入口",
        "山下町(横浜市中区)",
        "中華街入口",
        "芸術劇場・NHK前",
        "日本大通り駅県庁前",
        "本町一丁目(横浜市中区)",
        "本町四丁目(横浜市中区)",
        "横浜市役所前",
        "桜木町駅前"
    ],
    "weekday": [
        "5:57",
        "6:15",
        "6:31",
        "6:44",
        "6:57",
        "7:14",
        "7:29",
        "7:44",
        "7:59",
        "8:14",
        "8:34",
        "8:59",
        "9:36",
        "9:52",
        "10:17",
        "10:42",
        "11:07",
        "11:29",
        "12:01",
        "12:22",
        "12:47",
        "13:17",
        "13:39",
        "14:07",
        "14:39",
        "15:09",
        "15:39",
        "16:09",
        "16:30",
        "16:47",
        "17:03",
        "17:19",
        "17:40",
        "18:04",
        "18:31",
        "18:51",
        "19:16",
        "19:44",
        "20:12",
        "20:39",
        "21:07"
    ],
    "saturday": [
        "6:03",
        "6:22",
        "6:43",
        "7:14",
        "7:44",
        "8:14",
        "8:44",
        "9:14",
        "9:34",
        "9:54",
        "10:14",
        "10:34",
        "10:54",
        "11:24",
        "11:54",
        "12:24",
        "12:54",
        "13:24",
        "13:54",
        "14:24",
        "14:54",
        "15:24",
        "15:54",
        "16:24",
        "16:54",
        "17:24",
        "17:54",
        "18:24",
        "18:54",
        "19:24",
        "19:46",
        "20:24",
        "21:07"
    ],
    "holiday": [
        "6:03",
        "6:22",
        "6:43",
        "7:13",
        "7:43",
        "8:14",
        "8:44",
        "9:14",
        "9:34",
        "9:54",
        "10:14",
        "10:34",
        "10:54",
        "11:24",
        "11:54",
        "12:24",
        "12:54",
        "13:24",
        "13:54",
        "14:24",
        "14:54",
        "15:24",
        "15:54",
        "16:24",
        "16:54",
        "17:24",
        "17:54",
        "18:24",
        "18:54",
        "19:24",
        "19:46",
        "20:24",
        "21:07"
    ],
    "url": "https://www.kanachu.co.jp/dia/diagram/timetable01_js/course:0000804265-10/node:00126746/kt:0/lname:/"
}
