{
    "date": "2026/01/16",
    "name": "堀の内町",
    "position": "-",
    "system": "11",
    "destinations": [
        "東蒔田町",
        "中村橋(横浜市南区)",
        "山谷(横浜市南区)",
        "増徳院前",
        "中丸(横浜市南区)",
        "平楽中学校前",
        "唐沢(横浜市南区)",
        "石川小学校前(横浜市南区)",
        "打越橋",
        "地蔵坂上(横浜市中区)",
        "イタリア山庭園前",
        "山手町(横浜市中区)",
        "代官坂上",
        "元町公園前",
        "港の見える丘公園前",
        "元町入口",
        "山下町(横浜市中区)",
        "中華街入口",
        "芸術劇場・NHK前",
        "日本大通り駅県庁前",
        "本町一丁目(横浜市中区)",
        "本町四丁目(横浜市中区)",
        "横浜市役所前",
        "桜木町駅前"
    ],
    "weekday": [
        "5:58",
        "6:16",
        "6:32",
        "6:45",
        "6:58",
        "7:15",
        "7:30",
        "7:45",
        "8:00",
        "8:15",
        "8:35",
        "9:00",
        "9:37",
        "9:53",
        "10:18",
        "10:43",
        "11:08",
        "11:30",
        "12:02",
        "12:23",
        "12:48",
        "13:18",
        "13:40",
        "14:08",
        "14:40",
        "15:10",
        "15:40",
        "16:10",
        "16:31",
        "16:48",
        "17:04",
        "17:20",
        "17:41",
        "18:05",
        "18:32",
        "18:52",
        "19:17",
        "19:45",
        "20:13",
        "20:40",
        "21:08"
    ],
    "saturday": [
        "6:04",
        "6:23",
        "6:44",
        "7:15",
        "7:45",
        "8:15",
        "8:45",
        "9:15",
        "9:35",
        "9:55",
        "10:15",
        "10:35",
        "10:55",
        "11:25",
        "11:55",
        "12:25",
        "12:55",
        "13:25",
        "13:55",
        "14:25",
        "14:55",
        "15:25",
        "15:55",
        "16:25",
        "16:55",
        "17:25",
        "17:55",
        "18:25",
        "18:55",
        "19:25",
        "19:47",
        "20:25",
        "21:08"
    ],
    "holiday": [
        "6:04",
        "6:23",
        "6:44",
        "7:14",
        "7:44",
        "8:15",
        "8:45",
        "9:15",
        "9:35",
        "9:55",
        "10:15",
        "10:35",
        "10:55",
        "11:25",
        "11:55",
        "12:25",
        "12:55",
        "13:25",
        "13:55",
        "14:25",
        "14:55",
        "15:25",
        "15:55",
        "16:25",
        "16:55",
        "17:25",
        "17:55",
        "18:25",
        "18:55",
        "19:25",
        "19:47",
        "20:25",
        "21:08"
    ],
    "url": "https://www.kanachu.co.jp/dia/diagram/timetable01_js/course:0000804265-11/node:00126747/kt:0/lname:/"
}
