{
    "date": "2026/01/16",
    "name": "中丸(横浜市南区)",
    "position": "-",
    "system": "11",
    "destinations": [
        "平楽中学校前",
        "唐沢(横浜市南区)",
        "石川小学校前(横浜市南区)",
        "打越橋",
        "地蔵坂上(横浜市中区)",
        "イタリア山庭園前",
        "山手町(横浜市中区)",
        "代官坂上",
        "元町公園前",
        "港の見える丘公園前",
        "元町入口",
        "山下町(横浜市中区)",
        "中華街入口",
        "芸術劇場・NHK前",
        "日本大通り駅県庁前",
        "本町一丁目(横浜市中区)",
        "本町四丁目(横浜市中区)",
        "横浜市役所前",
        "桜木町駅前"
    ],
    "weekday": [
        "6:08",
        "6:26",
        "6:42",
        "6:55",
        "7:08",
        "7:25",
        "7:40",
        "7:55",
        "8:10",
        "8:25",
        "8:45",
        "9:10",
        "9:47",
        "10:03",
        "10:28",
        "10:53",
        "11:18",
        "11:40",
        "12:12",
        "12:33",
        "12:58",
        "13:28",
        "13:50",
        "14:18",
        "14:50",
        "15:20",
        "15:50",
        "16:20",
        "16:41",
        "16:58",
        "17:14",
        "17:30",
        "17:51",
        "18:15",
        "18:42",
        "19:02",
        "19:27",
        "19:55",
        "20:23",
        "20:50",
        "21:18"
    ],
    "saturday": [
        "6:14",
        "6:33",
        "6:54",
        "7:25",
        "7:55",
        "8:25",
        "8:55",
        "9:25",
        "9:45",
        "10:05",
        "10:25",
        "10:45",
        "11:05",
        "11:35",
        "12:05",
        "12:35",
        "13:05",
        "13:35",
        "14:05",
        "14:35",
        "15:05",
        "15:35",
        "16:05",
        "16:35",
        "17:05",
        "17:35",
        "18:05",
        "18:35",
        "19:05",
        "19:35",
        "19:57",
        "20:35",
        "21:18"
    ],
    "holiday": [
        "6:14",
        "6:33",
        "6:54",
        "7:24",
        "7:54",
        "8:25",
        "8:55",
        "9:25",
        "9:45",
        "10:05",
        "10:25",
        "10:45",
        "11:05",
        "11:35",
        "12:05",
        "12:35",
        "13:05",
        "13:35",
        "14:05",
        "14:35",
        "15:05",
        "15:35",
        "16:05",
        "16:35",
        "17:05",
        "17:35",
        "18:05",
        "18:35",
        "19:05",
        "19:35",
        "19:57",
        "20:35",
        "21:18"
    ],
    "url": "https://www.kanachu.co.jp/dia/diagram/timetable01_js/course:0000804265-16/node:00126751/kt:0/lname:/"
}
