{
    "date": "2026/01/16",
    "name": "芸術劇場・NHK前",
    "position": "-",
    "system": "11",
    "destinations": [
        "日本大通り駅県庁前",
        "本町一丁目(横浜市中区)",
        "本町四丁目(横浜市中区)",
        "横浜市役所前",
        "桜木町駅前"
    ],
    "weekday": [
        "6:22",
        "6:40",
        "6:56",
        "7:12",
        "7:25",
        "7:42",
        "7:57",
        "8:12",
        "8:27",
        "8:42",
        "9:02",
        "9:27",
        "10:04",
        "10:20",
        "10:45",
        "11:10",
        "11:35",
        "11:57",
        "12:29",
        "12:50",
        "13:15",
        "13:45",
        "14:07",
        "14:35",
        "15:07",
        "15:37",
        "16:07",
        "16:37",
        "16:58",
        "17:15",
        "17:31",
        "17:47",
        "18:08",
        "18:32",
        "18:59",
        "19:19",
        "19:44",
        "20:10",
        "20:38",
        "21:05",
        "21:33"
    ],
    "saturday": [
        "6:28",
        "6:47",
        "7:10",
        "7:42",
        "8:12",
        "8:42",
        "9:12",
        "9:42",
        "10:02",
        "10:22",
        "10:42",
        "11:02",
        "11:22",
        "11:52",
        "12:22",
        "12:52",
        "13:22",
        "13:52",
        "14:22",
        "14:52",
        "15:22",
        "15:52",
        "16:22",
        "16:52",
        "17:22",
        "17:52",
        "18:22",
        "18:52",
        "19:22",
        "19:52",
        "20:12",
        "20:50",
        "21:33"
    ],
    "holiday": [
        "6:28",
        "6:47",
        "7:08",
        "7:38",
        "8:10",
        "8:42",
        "9:12",
        "9:42",
        "10:02",
        "10:22",
        "10:42",
        "11:02",
        "11:22",
        "11:52",
        "12:22",
        "12:52",
        "13:22",
        "13:52",
        "14:22",
        "14:52",
        "15:22",
        "15:52",
        "16:22",
        "16:52",
        "17:22",
        "17:52",
        "18:22",
        "18:52",
        "19:22",
        "19:52",
        "20:12",
        "20:50",
        "21:33"
    ],
    "url": "https://www.kanachu.co.jp/dia/diagram/timetable01_js/course:0000804265-30/node:00102401/kt:0/lname:/"
}
