{
    "date": "2026/01/16",
    "name": "本町四丁目(横浜市中区)",
    "position": "-",
    "system": "11",
    "destinations": [
        "横浜市役所前",
        "桜木町駅前"
    ],
    "weekday": [
        "6:25",
        "6:43",
        "6:59",
        "7:15",
        "7:28",
        "7:45",
        "8:00",
        "8:15",
        "8:30",
        "8:45",
        "9:05",
        "9:30",
        "10:07",
        "10:23",
        "10:48",
        "11:13",
        "11:38",
        "12:00",
        "12:32",
        "12:53",
        "13:18",
        "13:48",
        "14:10",
        "14:38",
        "15:10",
        "15:40",
        "16:10",
        "16:40",
        "17:01",
        "17:18",
        "17:34",
        "17:50",
        "18:11",
        "18:35",
        "19:02",
        "19:22",
        "19:47",
        "20:13",
        "20:41",
        "21:08",
        "21:36"
    ],
    "saturday": [
        "6:31",
        "6:50",
        "7:13",
        "7:45",
        "8:15",
        "8:45",
        "9:15",
        "9:45",
        "10:05",
        "10:25",
        "10:45",
        "11:05",
        "11:25",
        "11:55",
        "12:25",
        "12:55",
        "13:25",
        "13:55",
        "14:25",
        "14:55",
        "15:25",
        "15:55",
        "16:25",
        "16:55",
        "17:25",
        "17:55",
        "18:25",
        "18:55",
        "19:25",
        "19:55",
        "20:15",
        "20:53",
        "21:36"
    ],
    "holiday": [
        "6:31",
        "6:50",
        "7:11",
        "7:41",
        "8:13",
        "8:45",
        "9:15",
        "9:45",
        "10:05",
        "10:25",
        "10:45",
        "11:05",
        "11:25",
        "11:55",
        "12:25",
        "12:55",
        "13:25",
        "13:55",
        "14:25",
        "14:55",
        "15:25",
        "15:55",
        "16:25",
        "16:55",
        "17:25",
        "17:55",
        "18:25",
        "18:55",
        "19:25",
        "19:55",
        "20:15",
        "20:53",
        "21:36"
    ],
    "url": "https://www.kanachu.co.jp/dia/diagram/timetable01_js/course:0000804265-33/node:00103058/kt:0/lname:/"
}
