{
    "date": "2018/03/17",
    "name": "高山車庫",
    "position": "-",
    "system": "辻08",
    "destinations": [
        "ソニー前(藤沢市)",
        "新町三丁目(藤沢市)",
        "新町二丁目(藤沢市)",
        "新町一丁目(藤沢市)",
        "辻堂駅北口",
        "辻堂駅西口",
        "東小和田",
        "小和田小学校",
        "幼稚園前(茅ケ崎市)",
        "菱沼団地入口",
        "菱沼二丁目",
        "松林",
        "松林二丁目",
        "室田一丁目",
        "室田小学校入口",
        "室田",
        "高田三丁目",
        "ニュータウン中央(茅ケ崎市)",
        "ニュータウン入口(茅ケ崎市)",
        "市立病院(茅ケ崎市)"
    ],
    "weekday": [
        "19:39",
        "20:22",
        "21:32",
        "22:30"
    ],
    "saturday": [],
    "holiday": [],
    "url": "https://www.kanachu.co.jp/dia/diagram/timetable01_js/course:0000801046-1/node:00127048/kt:0/lname:/"
}
