{
    "date": "2018/03/17",
    "name": "室田一丁目",
    "position": "-",
    "system": "辻08",
    "destinations": [
        "室田小学校入口",
        "室田",
        "高田三丁目",
        "ニュータウン中央(茅ケ崎市)",
        "ニュータウン入口(茅ケ崎市)",
        "市立病院(茅ケ崎市)"
    ],
    "weekday": [
        "19:56",
        "20:37",
        "21:47",
        "22:45"
    ],
    "saturday": [],
    "holiday": [],
    "url": "https://www.kanachu.co.jp/dia/diagram/timetable01_js/course:0000801046-15/node:00127264/kt:0/lname:/"
}
