{
    "date": "2018/03/17",
    "name": "高田三丁目",
    "position": "-",
    "system": "辻08",
    "destinations": [
        "ニュータウン中央(茅ケ崎市)",
        "ニュータウン入口(茅ケ崎市)",
        "市立病院(茅ケ崎市)"
    ],
    "weekday": [
        "19:59",
        "20:40",
        "21:50",
        "22:48"
    ],
    "saturday": [],
    "holiday": [],
    "url": "https://www.kanachu.co.jp/dia/diagram/timetable01_js/course:0000801046-18/node:00127261/kt:0/lname:/"
}
