{
    "date": "2025/03/15",
    "name": "鶴嶺小学校前",
    "position": "-",
    "system": "茅53",
    "destinations": [
        "辻東(茅ケ崎市)",
        "古川(茅ケ崎市)",
        "アルバック前",
        "走内",
        "西の谷(茅ケ崎市)",
        "萩園第一公園前",
        "寒川工業団地入口",
        "東京応化工業前",
        "新明和前(高座郡寒川町)",
        "旭ファイバー寮前",
        "下河原(高座郡寒川町)",
        "八角広場前",
        "笠谷入口",
        "一之宮(高座郡寒川町)",
        "寒川駅南口"
    ],
    "weekday": [
        "6:34",
        "6:52",
        "7:12",
        "7:29",
        "7:49",
        "8:14",
        "8:29",
        "8:39",
        "9:19",
        "9:59",
        "10:39",
        "11:19",
        "11:59",
        "12:39",
        "13:19",
        "13:59",
        "14:39",
        "15:19",
        "15:59",
        "16:39",
        "17:19",
        "17:59",
        "18:39",
        "19:19",
        "20:04",
        "21:04"
    ],
    "saturday": [
        "6:50",
        "7:57",
        "8:24",
        "8:59",
        "9:19",
        "10:20",
        "11:20",
        "12:20",
        "13:20",
        "14:20",
        "15:20",
        "16:20",
        "17:20",
        "18:20",
        "19:19",
        "20:19"
    ],
    "holiday": [
        "7:17",
        "8:18",
        "9:18",
        "10:20",
        "11:20",
        "12:20",
        "13:20",
        "14:20",
        "15:20",
        "16:20",
        "17:20",
        "18:20",
        "19:19"
    ],
    "url": "https://www.kanachu.co.jp/dia/diagram/timetable01_js/course:0000800111-7/node:00127200/kt:0/lname:/"
}
