{
    "date": "2025/03/15",
    "name": "古川(茅ケ崎市)",
    "position": "-",
    "system": "茅53",
    "destinations": [
        "アルバック前",
        "走内",
        "西の谷(茅ケ崎市)",
        "萩園第一公園前",
        "寒川工業団地入口",
        "東京応化工業前",
        "新明和前(高座郡寒川町)",
        "旭ファイバー寮前",
        "下河原(高座郡寒川町)",
        "八角広場前",
        "笠谷入口",
        "一之宮(高座郡寒川町)",
        "寒川駅南口"
    ],
    "weekday": [
        "6:37",
        "6:55",
        "7:15",
        "7:32",
        "7:52",
        "8:17",
        "8:32",
        "8:42",
        "9:22",
        "10:02",
        "10:42",
        "11:22",
        "12:02",
        "12:42",
        "13:22",
        "14:02",
        "14:42",
        "15:22",
        "16:02",
        "16:42",
        "17:22",
        "18:02",
        "18:42",
        "19:22",
        "20:07",
        "21:07"
    ],
    "saturday": [
        "6:53",
        "8:00",
        "8:27",
        "9:02",
        "9:22",
        "10:23",
        "11:23",
        "12:23",
        "13:23",
        "14:23",
        "15:23",
        "16:23",
        "17:23",
        "18:23",
        "19:22",
        "20:22"
    ],
    "holiday": [
        "7:20",
        "8:21",
        "9:21",
        "10:23",
        "11:23",
        "12:23",
        "13:23",
        "14:23",
        "15:23",
        "16:23",
        "17:23",
        "18:23",
        "19:22"
    ],
    "url": "https://www.kanachu.co.jp/dia/diagram/timetable01_js/course:0000800111-9/node:00127202/kt:0/lname:/"
}
