{
    "date": "2025/03/15",
    "name": "アルバック前",
    "position": "-",
    "system": "茅53",
    "destinations": [
        "走内",
        "西の谷(茅ケ崎市)",
        "萩園第一公園前",
        "寒川工業団地入口",
        "東京応化工業前",
        "新明和前(高座郡寒川町)",
        "旭ファイバー寮前",
        "下河原(高座郡寒川町)",
        "八角広場前",
        "笠谷入口",
        "一之宮(高座郡寒川町)",
        "寒川駅南口"
    ],
    "weekday": [
        "6:39",
        "6:57",
        "7:18",
        "7:35",
        "7:55",
        "8:20",
        "8:35",
        "8:45",
        "9:25",
        "10:05",
        "10:45",
        "11:25",
        "12:05",
        "12:45",
        "13:25",
        "14:05",
        "14:45",
        "15:25",
        "16:05",
        "16:45",
        "17:25",
        "18:05",
        "18:45",
        "19:25",
        "20:08",
        "21:08"
    ],
    "saturday": [
        "6:55",
        "8:02",
        "8:29",
        "9:04",
        "9:24",
        "10:26",
        "11:26",
        "12:26",
        "13:26",
        "14:26",
        "15:26",
        "16:26",
        "17:26",
        "18:26",
        "19:25",
        "20:23"
    ],
    "holiday": [
        "7:22",
        "8:23",
        "9:23",
        "10:26",
        "11:26",
        "12:26",
        "13:26",
        "14:26",
        "15:26",
        "16:26",
        "17:26",
        "18:26",
        "19:25"
    ],
    "url": "https://www.kanachu.co.jp/dia/diagram/timetable01_js/course:0000800111-10/node:00127203/kt:0/lname:/"
}
