{
    "date": "2025/03/15",
    "name": "走内",
    "position": "-",
    "system": "茅53",
    "destinations": [
        "西の谷(茅ケ崎市)",
        "萩園第一公園前",
        "寒川工業団地入口",
        "東京応化工業前",
        "新明和前(高座郡寒川町)",
        "旭ファイバー寮前",
        "下河原(高座郡寒川町)",
        "八角広場前",
        "笠谷入口",
        "一之宮(高座郡寒川町)",
        "寒川駅南口"
    ],
    "weekday": [
        "6:40",
        "6:58",
        "7:19",
        "7:36",
        "7:56",
        "8:21",
        "8:36",
        "8:46",
        "9:26",
        "10:06",
        "10:46",
        "11:26",
        "12:06",
        "12:46",
        "13:26",
        "14:06",
        "14:46",
        "15:26",
        "16:06",
        "16:46",
        "17:26",
        "18:06",
        "18:46",
        "19:26",
        "20:09",
        "21:09"
    ],
    "saturday": [
        "6:56",
        "8:03",
        "8:30",
        "9:05",
        "9:25",
        "10:27",
        "11:27",
        "12:27",
        "13:27",
        "14:27",
        "15:27",
        "16:27",
        "17:27",
        "18:27",
        "19:26",
        "20:24"
    ],
    "holiday": [
        "7:23",
        "8:24",
        "9:24",
        "10:27",
        "11:27",
        "12:27",
        "13:27",
        "14:27",
        "15:27",
        "16:27",
        "17:27",
        "18:27",
        "19:26"
    ],
    "url": "https://www.kanachu.co.jp/dia/diagram/timetable01_js/course:0000800111-11/node:00127204/kt:0/lname:/"
}
