{
    "date": "2025/03/15",
    "name": "東京応化工業前",
    "position": "-",
    "system": "茅53",
    "destinations": [
        "新明和前(高座郡寒川町)",
        "旭ファイバー寮前",
        "下河原(高座郡寒川町)",
        "八角広場前",
        "笠谷入口",
        "一之宮(高座郡寒川町)",
        "寒川駅南口"
    ],
    "weekday": [
        "6:45",
        "7:03",
        "7:24",
        "7:41",
        "8:01",
        "8:26",
        "8:41",
        "8:51",
        "9:31",
        "10:11",
        "10:51",
        "11:31",
        "12:11",
        "12:51",
        "13:31",
        "14:11",
        "14:51",
        "15:31",
        "16:11",
        "16:51",
        "17:31",
        "18:11",
        "18:51",
        "19:31",
        "20:14",
        "21:14"
    ],
    "saturday": [
        "7:01",
        "8:08",
        "8:35",
        "9:10",
        "9:30",
        "10:32",
        "11:32",
        "12:32",
        "13:32",
        "14:32",
        "15:32",
        "16:32",
        "17:32",
        "18:32",
        "19:31",
        "20:29"
    ],
    "holiday": [
        "7:28",
        "8:29",
        "9:29",
        "10:32",
        "11:32",
        "12:32",
        "13:32",
        "14:32",
        "15:32",
        "16:32",
        "17:32",
        "18:32",
        "19:31"
    ],
    "url": "https://www.kanachu.co.jp/dia/diagram/timetable01_js/course:0000800111-15/node:00127318/kt:0/lname:/"
}
