{
    "date": "2024/07/08",
    "name": "町田市役所市民ホール前",
    "position": "",
    "system": "町34",
    "destinations": [
        "第四小学校前(町田市)",
        "森野三丁目",
        "市民病院前(町田市)",
        "浄水場前(町田市)",
        "滝の沢(町田市)",
        "木曽住宅",
        "三家(町田市)",
        "木曽(町田市)",
        "忠生公園入口",
        "忠生公園前",
        "忠生二丁目",
        "町田工業高校前",
        "忠生三丁目",
        "忠霊塔前",
        "忠生四丁目",
        "桜美林学園",
        "唐沢(町田市)",
        "桜台入口(町田市)",
        "桜台一丁目(町田市)",
        "桜台センター前",
        "桜台二丁目(町田市)",
        "小山田桜台"
    ],
    "weekday": [
        "9:14",
        "10:14",
        "11:14",
        "12:14",
        "13:14",
        "14:14",
        "15:14",
        "16:14",
        "17:26"
    ],
    "saturday": [
        "9:14",
        "10:14",
        "11:14",
        "12:14",
        "13:14",
        "14:14",
        "15:14",
        "16:14",
        "17:14"
    ],
    "holiday": [],
    "url": "https://www.kanachu.co.jp/dia/diagram/timetable01_js/course:0000802951-2/node:00129356/kt:0/lname:/"
}
