{
    "date": "2024/07/08",
    "name": "忠生公園前",
    "position": "-",
    "system": "町34",
    "destinations": [
        "忠生二丁目",
        "町田工業高校前",
        "忠生三丁目",
        "忠霊塔前",
        "忠生四丁目",
        "桜美林学園",
        "唐沢(町田市)",
        "桜台入口(町田市)",
        "桜台一丁目(町田市)",
        "桜台センター前",
        "桜台二丁目(町田市)",
        "小山田桜台"
    ],
    "weekday": [
        "9:28",
        "10:28",
        "11:28",
        "12:28",
        "13:28",
        "14:28",
        "15:28",
        "16:28",
        "17:41"
    ],
    "saturday": [
        "9:27",
        "10:27",
        "11:28",
        "12:28",
        "13:28",
        "14:29",
        "15:29",
        "16:29",
        "17:29"
    ],
    "holiday": [],
    "url": "https://www.kanachu.co.jp/dia/diagram/timetable01_js/course:0000802951-12/node:00129393/kt:0/lname:/"
}
