{
    "date": "2024/07/08",
    "name": "忠生三丁目",
    "position": "",
    "system": "町34",
    "destinations": [
        "忠霊塔前",
        "忠生四丁目",
        "桜美林学園",
        "唐沢(町田市)",
        "桜台入口(町田市)",
        "桜台一丁目(町田市)",
        "桜台センター前",
        "桜台二丁目(町田市)",
        "小山田桜台"
    ],
    "weekday": [
        "9:31",
        "10:31",
        "11:31",
        "12:31",
        "13:31",
        "14:31",
        "15:31",
        "16:31",
        "17:44"
    ],
    "saturday": [
        "9:30",
        "10:30",
        "11:31",
        "12:31",
        "13:31",
        "14:32",
        "15:32",
        "16:32",
        "17:32"
    ],
    "holiday": [],
    "url": "https://www.kanachu.co.jp/dia/diagram/timetable01_js/course:0000802951-15/node:00129396/kt:0/lname:/"
}
