{
    "date": "2024/07/08",
    "name": "忠生四丁目",
    "position": "-",
    "system": "町34",
    "destinations": [
        "桜美林学園",
        "唐沢(町田市)",
        "桜台入口(町田市)",
        "桜台一丁目(町田市)",
        "桜台センター前",
        "桜台二丁目(町田市)",
        "小山田桜台"
    ],
    "weekday": [
        "9:33",
        "10:33",
        "11:33",
        "12:33",
        "13:33",
        "14:33",
        "15:33",
        "16:33",
        "17:46"
    ],
    "saturday": [
        "9:32",
        "10:32",
        "11:33",
        "12:33",
        "13:33",
        "14:34",
        "15:34",
        "16:34",
        "17:34"
    ],
    "holiday": [],
    "url": "https://www.kanachu.co.jp/dia/diagram/timetable01_js/course:0000802951-17/node:00129399/kt:0/lname:/"
}
