{
    "date": "2025/04/01",
    "name": "やまなみ温泉",
    "position": "-",
    "system": "野11",
    "destinations": [
        "やまなみ温泉入口",
        "中尾(相模原市緑区)",
        "賽の神",
        "馬本",
        "藤野芸術の家",
        "赤沢(相模原市緑区)",
        "杉西",
        "山口原",
        "金剛山",
        "追分(相模原市緑区)",
        "名倉入口",
        "日連大橋",
        "藤野駅"
    ],
    "weekday": [
        "6:03",
        "10:54",
        "12:46",
        "14:53",
        "18:57",
        "19:20"
    ],
    "saturday": [
        "6:03",
        "8:26",
        "11:02",
        "12:44",
        "14:49",
        "16:17",
        "18:57",
        "19:20"
    ],
    "holiday": [
        "6:03",
        "8:26",
        "11:02",
        "12:44",
        "14:49",
        "16:17",
        "18:57",
        "19:20"
    ],
    "url": "https://www.kanachu.co.jp/dia/diagram/timetable01_js/course:0000803747-1/node:00128799/kt:0/lname:/"
}
