{
    "date": "2025/04/01",
    "name": "賽の神",
    "position": "-",
    "system": "野11",
    "destinations": [
        "馬本",
        "藤野芸術の家",
        "赤沢(相模原市緑区)",
        "杉西",
        "山口原",
        "金剛山",
        "追分(相模原市緑区)",
        "名倉入口",
        "日連大橋",
        "藤野駅"
    ],
    "weekday": [
        "6:05",
        "10:56",
        "12:48",
        "14:55",
        "18:59",
        "19:22"
    ],
    "saturday": [
        "6:05",
        "8:28",
        "11:04",
        "12:46",
        "14:51",
        "16:19",
        "18:59",
        "19:22"
    ],
    "holiday": [
        "6:05",
        "8:28",
        "11:04",
        "12:46",
        "14:51",
        "16:19",
        "18:59",
        "19:22"
    ],
    "url": "https://www.kanachu.co.jp/dia/diagram/timetable01_js/course:0000803747-4/node:00128797/kt:0/lname:/"
}
