{
    "date": "2025/04/01",
    "name": "馬本",
    "position": "-",
    "system": "野11",
    "destinations": [
        "藤野芸術の家",
        "赤沢(相模原市緑区)",
        "杉西",
        "山口原",
        "金剛山",
        "追分(相模原市緑区)",
        "名倉入口",
        "日連大橋",
        "藤野駅"
    ],
    "weekday": [
        "6:06",
        "10:57",
        "12:49",
        "14:56",
        "19:00",
        "19:23"
    ],
    "saturday": [
        "6:06",
        "8:29",
        "11:05",
        "12:47",
        "14:52",
        "16:20",
        "19:00",
        "19:23"
    ],
    "holiday": [
        "6:06",
        "8:29",
        "11:05",
        "12:47",
        "14:52",
        "16:20",
        "19:00",
        "19:23"
    ],
    "url": "https://www.kanachu.co.jp/dia/diagram/timetable01_js/course:0000803747-5/node:00128796/kt:0/lname:/"
}
