{
    "date": "2025/04/01",
    "name": "杉西",
    "position": "-",
    "system": "野11",
    "destinations": [
        "山口原",
        "金剛山",
        "追分(相模原市緑区)",
        "名倉入口",
        "日連大橋",
        "藤野駅"
    ],
    "weekday": [
        "6:08",
        "10:59",
        "12:51",
        "14:58",
        "19:02",
        "19:25"
    ],
    "saturday": [
        "6:08",
        "8:31",
        "11:07",
        "12:49",
        "14:54",
        "16:22",
        "19:02",
        "19:25"
    ],
    "holiday": [
        "6:08",
        "8:31",
        "11:07",
        "12:49",
        "14:54",
        "16:22",
        "19:02",
        "19:25"
    ],
    "url": "https://www.kanachu.co.jp/dia/diagram/timetable01_js/course:0000803747-8/node:00128793/kt:0/lname:/"
}
