{
    "system": "野11",
    "busstops": [
        {
            "index": "1",
            "id": "00128799",
            "name": "やまなみ温泉",
            "lat": "35.579851",
            "lng": "139.150388"
        },
        {
            "index": "2",
            "id": "00128800",
            "name": "やまなみ温泉入口",
            "lat": "35.581298",
            "lng": "139.149999"
        },
        {
            "index": "3",
            "id": "00128798",
            "name": "中尾(相模原市緑区)",
            "lat": "35.584398",
            "lng": "139.150229"
        },
        {
            "index": "4",
            "id": "00128797",
            "name": "賽の神",
            "lat": "35.590794",
            "lng": "139.149851"
        },
        {
            "index": "5",
            "id": "00128796",
            "name": "馬本",
            "lat": "35.593094",
            "lng": "139.149675"
        },
        {
            "index": "6",
            "id": "00128795",
            "name": "藤野芸術の家",
            "lat": "35.596464",
            "lng": "139.15168"
        },
        {
            "index": "7",
            "id": "00128794",
            "name": "赤沢(相模原市緑区)",
            "lat": "35.598052",
            "lng": "139.152415"
        },
        {
            "index": "8",
            "id": "00128793",
            "name": "杉西",
            "lat": "35.601376",
            "lng": "139.151369"
        },
        {
            "index": "9",
            "id": "00128792",
            "name": "山口原",
            "lat": "35.602746",
            "lng": "139.152729"
        },
        {
            "index": "10",
            "id": "00128791",
            "name": "金剛山",
            "lat": "35.605017",
            "lng": "139.155181"
        },
        {
            "index": "11",
            "id": "00128790",
            "name": "追分(相模原市緑区)",
            "lat": "35.608054",
            "lng": "139.156071"
        },
        {
            "index": "12",
            "id": "00128789",
            "name": "名倉入口",
            "lat": "35.610464",
            "lng": "139.155854"
        },
        {
            "index": "13",
            "id": "00129011",
            "name": "日連大橋",
            "lat": "35.611495",
            "lng": "139.15605"
        },
        {
            "index": "14",
            "id": "00128788",
            "name": "藤野駅",
            "lat": "35.615578",
            "lng": "139.152061"
        }
    ],
    "route_url": "https://www.kanachu.co.jp/dia/route/index/cid:0000803747/"
}
