{
    "date": "2024/03/16",
    "name": "橋本駅北口",
    "position": "-",
    "system": "橋07",
    "destinations": [
        "旭農協前",
        "旭小学校前(相模原市緑区)",
        "香福寺前",
        "上町(相模原市緑区)",
        "大西(相模原市緑区)",
        "相原台",
        "相原中央",
        "二本松(相模原市緑区)",
        "森の上",
        "東原宿",
        "原宿(相模原市緑区)",
        "城山総合事務所入口",
        "久保沢",
        "小倉橋(相模原市緑区)",
        "小倉(相模原市緑区)",
        "宮原(相模原市緑区)",
        "小倉原",
        "城山登山口(相模原市緑区)",
        "荒句",
        "無料庵",
        "根小屋中野",
        "下稲生",
        "稲生",
        "上稲生",
        "串川橋",
        "長竹(相模原市緑区)",
        "長竹クラブ前",
        "上長竹",
        "関(相模原市緑区)",
        "六間入口",
        "南沢(相模原市緑区)",
        "馬石橋",
        "渡戸(相模原市緑区)",
        "中開戸",
        "鳥屋郵便局前",
        "鳥屋学園前",
        "西門坂",
        "鳥屋(相模原市緑区)",
        "鳥居原ふれあいの館"
    ],
    "weekday": [
        "6:55",
        "7:55",
        "9:05",
        "10:05",
        "12:55",
        "14:05",
        "16:50",
        "17:50",
        "19:00",
        "20:00"
    ],
    "saturday": [
        "6:55",
        "7:55",
        "9:05",
        "10:05",
        "12:55",
        "13:55",
        "16:50",
        "17:50",
        "19:00",
        "20:00"
    ],
    "holiday": [
        "6:55",
        "7:55",
        "9:05",
        "10:05",
        "12:55",
        "13:55",
        "16:50",
        "17:50",
        "19:00",
        "20:00"
    ],
    "url": "https://www.kanachu.co.jp/dia/diagram/timetable01_js/course:0000800750-1/node:00128969/kt:0/lname:/"
}
