{
    "date": "2024/03/16",
    "name": "相原中央",
    "position": "-",
    "system": "橋07",
    "destinations": [
        "二本松(相模原市緑区)",
        "森の上",
        "東原宿",
        "原宿(相模原市緑区)",
        "城山総合事務所入口",
        "久保沢",
        "小倉橋(相模原市緑区)",
        "小倉(相模原市緑区)",
        "宮原(相模原市緑区)",
        "小倉原",
        "城山登山口(相模原市緑区)",
        "荒句",
        "無料庵",
        "根小屋中野",
        "下稲生",
        "稲生",
        "上稲生",
        "串川橋",
        "長竹(相模原市緑区)",
        "長竹クラブ前",
        "上長竹",
        "関(相模原市緑区)",
        "六間入口",
        "南沢(相模原市緑区)",
        "馬石橋",
        "渡戸(相模原市緑区)",
        "中開戸",
        "鳥屋郵便局前",
        "鳥屋学園前",
        "西門坂",
        "鳥屋(相模原市緑区)",
        "鳥居原ふれあいの館"
    ],
    "weekday": [
        "7:01",
        "8:01",
        "9:12",
        "10:12",
        "13:02",
        "14:12",
        "16:57",
        "17:59",
        "19:09",
        "20:06"
    ],
    "saturday": [
        "7:02",
        "8:02",
        "9:12",
        "10:12",
        "13:03",
        "14:03",
        "16:58",
        "17:58",
        "19:07",
        "20:07"
    ],
    "holiday": [
        "7:02",
        "8:02",
        "9:12",
        "10:12",
        "13:03",
        "14:03",
        "16:58",
        "17:58",
        "19:07",
        "20:07"
    ],
    "url": "https://www.kanachu.co.jp/dia/diagram/timetable01_js/course:0000800750-8/node:00128965/kt:0/lname:/"
}
