{
    "date": "2024/03/16",
    "name": "無料庵",
    "position": "-",
    "system": "橋07",
    "destinations": [
        "根小屋中野",
        "下稲生",
        "稲生",
        "上稲生",
        "串川橋",
        "長竹(相模原市緑区)",
        "長竹クラブ前",
        "上長竹",
        "関(相模原市緑区)",
        "六間入口",
        "南沢(相模原市緑区)",
        "馬石橋",
        "渡戸(相模原市緑区)",
        "中開戸",
        "鳥屋郵便局前",
        "鳥屋学園前",
        "西門坂",
        "鳥屋(相模原市緑区)",
        "鳥居原ふれあいの館"
    ],
    "weekday": [
        "7:17",
        "8:17",
        "9:27",
        "10:27",
        "13:17",
        "14:27",
        "17:12",
        "18:15",
        "19:25",
        "20:21"
    ],
    "saturday": [
        "7:17",
        "8:17",
        "9:27",
        "10:27",
        "13:19",
        "14:19",
        "17:14",
        "18:14",
        "19:22",
        "20:22"
    ],
    "holiday": [
        "7:17",
        "8:17",
        "9:27",
        "10:27",
        "13:19",
        "14:19",
        "17:14",
        "18:14",
        "19:22",
        "20:22"
    ],
    "url": "https://www.kanachu.co.jp/dia/diagram/timetable01_js/course:0000800750-21/node:00128845/kt:0/lname:/"
}
