{
    "date": "2025/07/27",
    "name": "中島(中郡二宮町)",
    "position": "-",
    "system": "二38",
    "destinations": [
        "中里(中郡二宮町)",
        "四ツ谷(中郡二宮町)",
        "谷屋津",
        "南5号前",
        "南3号前",
        "インター入口",
        "橘団地中央",
        "橘団地"
    ],
    "weekday": [
        "7:58",
        "8:37",
        "9:01",
        "9:55",
        "10:55",
        "11:55",
        "12:55",
        "13:55",
        "14:57",
        "15:45",
        "16:32",
        "17:15",
        "17:55"
    ],
    "saturday": [
        "9:02",
        "10:32",
        "11:17",
        "12:02",
        "13:32",
        "14:17",
        "15:02",
        "16:32",
        "17:27"
    ],
    "holiday": [
        "9:02",
        "10:32",
        "11:17",
        "12:02",
        "13:32",
        "14:17",
        "15:02",
        "16:32",
        "17:27"
    ],
    "url": "https://www.kanachu.co.jp/dia/diagram/timetable01_js/course:0000802544-4/node:00127789/kt:0/lname:/"
}
