{
    "date": "2025/07/27",
    "name": "南3号前",
    "position": "-",
    "system": "二38",
    "destinations": [
        "インター入口",
        "橘団地中央",
        "橘団地"
    ],
    "weekday": [
        "8:02",
        "8:41",
        "9:05",
        "9:59",
        "10:59",
        "11:59",
        "12:59",
        "13:59",
        "15:01",
        "15:49",
        "16:36",
        "17:19",
        "17:59"
    ],
    "saturday": [
        "9:06",
        "10:36",
        "11:21",
        "12:06",
        "13:36",
        "14:21",
        "15:06",
        "16:36",
        "17:31"
    ],
    "holiday": [
        "9:06",
        "10:36",
        "11:21",
        "12:06",
        "13:36",
        "14:21",
        "15:06",
        "16:36",
        "17:31"
    ],
    "url": "https://www.kanachu.co.jp/dia/diagram/timetable01_js/course:0000802544-9/node:00127807/kt:0/lname:/"
}
