{
    "date": "2025/01/14",
    "name": "糀屋前(厚木市)",
    "position": "-",
    "system": "厚11",
    "destinations": [
        "宿原入口",
        "荻野新宿",
        "子合",
        "桝割",
        "公所(厚木市)",
        "稲荷木",
        "鳶尾山前",
        "鳶尾四丁目",
        "鳶尾団地",
        "鳶尾四丁目",
        "荻野神社入口",
        "東谷戸入口",
        "みはる野",
        "みはる野一丁目",
        "みはる野中央",
        "みはる野二丁目",
        "まつかげ台",
        "泉(厚木市)",
        "源氏河原",
        "相州病院",
        "新道橋(厚木市)",
        "上荻野",
        "上荻野車庫前"
    ],
    "weekday": [
        "24:12"
    ],
    "saturday": [],
    "holiday": [],
    "url": "https://www.kanachu.co.jp/dia/diagram/timetable01_js/course:0000803333-12/node:00128266/kt:0/lname:/"
}
