{
    "date": "2025/01/14",
    "name": "荻野神社入口",
    "position": "-",
    "system": "厚11",
    "destinations": [
        "東谷戸入口",
        "みはる野",
        "みはる野一丁目",
        "みはる野中央",
        "みはる野二丁目",
        "まつかげ台",
        "泉(厚木市)",
        "源氏河原",
        "相州病院",
        "新道橋(厚木市)",
        "上荻野",
        "上荻野車庫前"
    ],
    "weekday": [
        "24:23"
    ],
    "saturday": [],
    "holiday": [],
    "url": "https://www.kanachu.co.jp/dia/diagram/timetable01_js/course:0000803333-23/node:00128274/kt:0/lname:/"
}
