{
    "date": "2025/07/27",
    "name": "堂面(中郡二宮町)",
    "position": "-",
    "system": "秦91",
    "destinations": [
        "中島(中郡二宮町)",
        "中里(中郡二宮町)",
        "二宮高校入口",
        "団地中央(中郡二宮町)",
        "岩崎(中郡二宮町)",
        "下谷(中郡二宮町)",
        "一色(中郡二宮町)",
        "梅ノ木(中郡二宮町)",
        "五分一",
        "下井ノ口",
        "北窪入口",
        "井ノ口小学校前",
        "上井ノ口",
        "原(足柄上郡中井町)",
        "猪分",
        "東名秦野",
        "南が丘東",
        "南が丘五丁目(秦野市)",
        "南が丘公園前",
        "南が丘三丁目",
        "南が丘センター",
        "秦野総合高校前",
        "南が丘一丁目(秦野市)",
        "小原台入口(秦野市)",
        "上尾尻橋",
        "秦野駅南口"
    ],
    "weekday": [
        "6:40",
        "7:37",
        "8:17",
        "8:38",
        "9:18",
        "10:18",
        "11:18",
        "12:18",
        "13:18",
        "14:18",
        "15:18",
        "16:18",
        "17:18",
        "18:18",
        "19:22",
        "20:02",
        "21:02",
        "22:07"
    ],
    "saturday": [
        "6:38",
        "7:08",
        "7:38",
        "8:06",
        "9:06",
        "10:06",
        "11:06",
        "12:06",
        "13:06",
        "14:06",
        "15:06",
        "16:06",
        "17:06",
        "18:08",
        "19:08",
        "20:08",
        "21:08",
        "22:07"
    ],
    "holiday": [
        "6:38",
        "7:08",
        "7:38",
        "8:06",
        "9:06",
        "10:06",
        "11:06",
        "12:06",
        "13:06",
        "14:06",
        "15:06",
        "16:06",
        "17:06",
        "18:08",
        "19:08",
        "20:08",
        "21:08",
        "22:07"
    ],
    "url": "https://www.kanachu.co.jp/dia/diagram/timetable01_js/course:0000800815-3/node:00127790/kt:0/lname:/"
}
