{
    "date": "2025/07/27",
    "name": "岩崎(中郡二宮町)",
    "position": "-",
    "system": "秦91",
    "destinations": [
        "下谷(中郡二宮町)",
        "一色(中郡二宮町)",
        "梅ノ木(中郡二宮町)",
        "五分一",
        "下井ノ口",
        "北窪入口",
        "井ノ口小学校前",
        "上井ノ口",
        "原(足柄上郡中井町)",
        "猪分",
        "東名秦野",
        "南が丘東",
        "南が丘五丁目(秦野市)",
        "南が丘公園前",
        "南が丘三丁目",
        "南が丘センター",
        "秦野総合高校前",
        "南が丘一丁目(秦野市)",
        "小原台入口(秦野市)",
        "上尾尻橋",
        "秦野駅南口"
    ],
    "weekday": [
        "6:48",
        "7:46",
        "8:26",
        "8:47",
        "9:27",
        "10:27",
        "11:27",
        "12:27",
        "13:27",
        "14:27",
        "15:27",
        "16:27",
        "17:27",
        "18:27",
        "19:30",
        "20:10",
        "21:10",
        "22:15"
    ],
    "saturday": [
        "6:46",
        "7:16",
        "7:46",
        "8:15",
        "9:15",
        "10:15",
        "11:15",
        "12:15",
        "13:15",
        "14:15",
        "15:15",
        "16:15",
        "17:15",
        "18:16",
        "19:16",
        "20:16",
        "21:16",
        "22:15"
    ],
    "holiday": [
        "6:46",
        "7:16",
        "7:46",
        "8:15",
        "9:15",
        "10:15",
        "11:15",
        "12:15",
        "13:15",
        "14:15",
        "15:15",
        "16:15",
        "17:15",
        "18:16",
        "19:16",
        "20:16",
        "21:16",
        "22:15"
    ],
    "url": "https://www.kanachu.co.jp/dia/diagram/timetable01_js/course:0000800815-8/node:00127785/kt:0/lname:/"
}
