{
    "date": "2025/07/27",
    "name": "一色(中郡二宮町)",
    "position": "-",
    "system": "秦91",
    "destinations": [
        "梅ノ木(中郡二宮町)",
        "五分一",
        "下井ノ口",
        "北窪入口",
        "井ノ口小学校前",
        "上井ノ口",
        "原(足柄上郡中井町)",
        "猪分",
        "東名秦野",
        "南が丘東",
        "南が丘五丁目(秦野市)",
        "南が丘公園前",
        "南が丘三丁目",
        "南が丘センター",
        "秦野総合高校前",
        "南が丘一丁目(秦野市)",
        "小原台入口(秦野市)",
        "上尾尻橋",
        "秦野駅南口"
    ],
    "weekday": [
        "6:50",
        "7:48",
        "8:28",
        "8:49",
        "9:29",
        "10:29",
        "11:29",
        "12:29",
        "13:29",
        "14:29",
        "15:29",
        "16:29",
        "17:29",
        "18:29",
        "19:32",
        "20:12",
        "21:12",
        "22:17"
    ],
    "saturday": [
        "6:48",
        "7:18",
        "7:48",
        "8:17",
        "9:17",
        "10:17",
        "11:17",
        "12:17",
        "13:17",
        "14:17",
        "15:17",
        "16:17",
        "17:17",
        "18:18",
        "19:18",
        "20:18",
        "21:18",
        "22:17"
    ],
    "holiday": [
        "6:48",
        "7:18",
        "7:48",
        "8:17",
        "9:17",
        "10:17",
        "11:17",
        "12:17",
        "13:17",
        "14:17",
        "15:17",
        "16:17",
        "17:17",
        "18:18",
        "19:18",
        "20:18",
        "21:18",
        "22:17"
    ],
    "url": "https://www.kanachu.co.jp/dia/diagram/timetable01_js/course:0000800815-10/node:00127783/kt:0/lname:/"
}
