{
    "date": "2025/07/27",
    "name": "五分一",
    "position": "-",
    "system": "秦91",
    "destinations": [
        "下井ノ口",
        "北窪入口",
        "井ノ口小学校前",
        "上井ノ口",
        "原(足柄上郡中井町)",
        "猪分",
        "東名秦野",
        "南が丘東",
        "南が丘五丁目(秦野市)",
        "南が丘公園前",
        "南が丘三丁目",
        "南が丘センター",
        "秦野総合高校前",
        "南が丘一丁目(秦野市)",
        "小原台入口(秦野市)",
        "上尾尻橋",
        "秦野駅南口"
    ],
    "weekday": [
        "6:53",
        "7:51",
        "8:31",
        "8:52",
        "9:32",
        "10:32",
        "11:32",
        "12:32",
        "13:32",
        "14:32",
        "15:32",
        "16:32",
        "17:32",
        "18:32",
        "19:35",
        "20:15",
        "21:15",
        "22:20"
    ],
    "saturday": [
        "6:51",
        "7:21",
        "7:51",
        "8:20",
        "9:20",
        "10:20",
        "11:20",
        "12:20",
        "13:20",
        "14:20",
        "15:20",
        "16:20",
        "17:20",
        "18:21",
        "19:21",
        "20:21",
        "21:21",
        "22:20"
    ],
    "holiday": [
        "6:51",
        "7:21",
        "7:51",
        "8:20",
        "9:20",
        "10:20",
        "11:20",
        "12:20",
        "13:20",
        "14:20",
        "15:20",
        "16:20",
        "17:20",
        "18:21",
        "19:21",
        "20:21",
        "21:21",
        "22:20"
    ],
    "url": "https://www.kanachu.co.jp/dia/diagram/timetable01_js/course:0000800815-12/node:00127781/kt:0/lname:/"
}
