{
    "date": "2025/07/27",
    "name": "北窪入口",
    "position": "-",
    "system": "秦91",
    "destinations": [
        "井ノ口小学校前",
        "上井ノ口",
        "原(足柄上郡中井町)",
        "猪分",
        "東名秦野",
        "南が丘東",
        "南が丘五丁目(秦野市)",
        "南が丘公園前",
        "南が丘三丁目",
        "南が丘センター",
        "秦野総合高校前",
        "南が丘一丁目(秦野市)",
        "小原台入口(秦野市)",
        "上尾尻橋",
        "秦野駅南口"
    ],
    "weekday": [
        "6:55",
        "7:53",
        "8:33",
        "8:54",
        "9:34",
        "10:34",
        "11:34",
        "12:34",
        "13:34",
        "14:34",
        "15:34",
        "16:34",
        "17:34",
        "18:34",
        "19:37",
        "20:17",
        "21:17",
        "22:22"
    ],
    "saturday": [
        "6:53",
        "7:23",
        "7:53",
        "8:22",
        "9:22",
        "10:22",
        "11:22",
        "12:22",
        "13:22",
        "14:22",
        "15:22",
        "16:22",
        "17:22",
        "18:23",
        "19:23",
        "20:23",
        "21:23",
        "22:22"
    ],
    "holiday": [
        "6:53",
        "7:23",
        "7:53",
        "8:22",
        "9:22",
        "10:22",
        "11:22",
        "12:22",
        "13:22",
        "14:22",
        "15:22",
        "16:22",
        "17:22",
        "18:23",
        "19:23",
        "20:23",
        "21:23",
        "22:22"
    ],
    "url": "https://www.kanachu.co.jp/dia/diagram/timetable01_js/course:0000800815-14/node:00127779/kt:0/lname:/"
}
