{
    "date": "2025/07/27",
    "name": "東名秦野",
    "position": "-",
    "system": "秦91",
    "destinations": [
        "南が丘東",
        "南が丘五丁目(秦野市)",
        "南が丘公園前",
        "南が丘三丁目",
        "南が丘センター",
        "秦野総合高校前",
        "南が丘一丁目(秦野市)",
        "小原台入口(秦野市)",
        "上尾尻橋",
        "秦野駅南口"
    ],
    "weekday": [
        "7:00",
        "7:59",
        "8:39",
        "9:00",
        "9:40",
        "10:40",
        "11:40",
        "12:40",
        "13:40",
        "14:40",
        "15:40",
        "16:40",
        "17:40",
        "18:40",
        "19:42",
        "20:22",
        "21:22",
        "22:27"
    ],
    "saturday": [
        "6:59",
        "7:29",
        "7:59",
        "8:28",
        "9:28",
        "10:28",
        "11:28",
        "12:28",
        "13:28",
        "14:28",
        "15:28",
        "16:28",
        "17:28",
        "18:29",
        "19:29",
        "20:29",
        "21:29",
        "22:28"
    ],
    "holiday": [
        "6:59",
        "7:29",
        "7:59",
        "8:28",
        "9:28",
        "10:28",
        "11:28",
        "12:28",
        "13:28",
        "14:28",
        "15:28",
        "16:28",
        "17:28",
        "18:29",
        "19:29",
        "20:29",
        "21:29",
        "22:28"
    ],
    "url": "https://www.kanachu.co.jp/dia/diagram/timetable01_js/course:0000800815-19/node:00026081/kt:0/lname:/"
}
