{
    "date": "2026/01/16",
    "name": "肥地力",
    "position": "-",
    "system": "茅26",
    "destinations": [
        "矢畑",
        "円蔵",
        "西久保(茅ケ崎市)",
        "変電所前(茅ケ崎市)",
        "大曲橋",
        "香川駅入口",
        "大曲(高座郡寒川町)",
        "筒井(高座郡寒川町)",
        "景観寺",
        "寒川駅南口",
        "寒川駅入口",
        "東岡田",
        "越の山入口",
        "北方(茅ケ崎市)",
        "茅ヶ崎新北陵病院",
        "文教大学"
    ],
    "weekday": [
        "8:21",
        "8:36",
        "9:02",
        "9:51",
        "10:11",
        "10:41",
        "11:31",
        "12:21",
        "13:31",
        "14:21",
        "17:46"
    ],
    "saturday": [
        "8:15",
        "10:47",
        "12:47",
        "14:46",
        "16:42"
    ],
    "holiday": [
        "8:15",
        "10:47",
        "12:47",
        "14:46",
        "16:42"
    ],
    "url": "https://www.kanachu.co.jp/dia/diagram/timetable01_js/course:0000804123-5/node:00127160/kt:0/lname:/"
}
