{
    "date": "2026/01/16",
    "name": "変電所前(茅ケ崎市)",
    "position": "-",
    "system": "茅26",
    "destinations": [
        "大曲橋",
        "香川駅入口",
        "大曲(高座郡寒川町)",
        "筒井(高座郡寒川町)",
        "景観寺",
        "寒川駅南口",
        "寒川駅入口",
        "東岡田",
        "越の山入口",
        "北方(茅ケ崎市)",
        "茅ヶ崎新北陵病院",
        "文教大学"
    ],
    "weekday": [
        "8:27",
        "8:42",
        "9:08",
        "9:57",
        "10:17",
        "10:47",
        "11:37",
        "12:27",
        "13:37",
        "14:27",
        "17:52"
    ],
    "saturday": [
        "8:19",
        "10:53",
        "12:53",
        "14:52",
        "16:48"
    ],
    "holiday": [
        "8:19",
        "10:53",
        "12:53",
        "14:52",
        "16:48"
    ],
    "url": "https://www.kanachu.co.jp/dia/diagram/timetable01_js/course:0000804123-9/node:00127164/kt:0/lname:/"
}
