{
    "date": "2026/01/16",
    "name": "筒井(高座郡寒川町)",
    "position": "-",
    "system": "茅26",
    "destinations": [
        "景観寺",
        "寒川駅南口",
        "寒川駅入口",
        "東岡田",
        "越の山入口",
        "北方(茅ケ崎市)",
        "茅ヶ崎新北陵病院",
        "文教大学"
    ],
    "weekday": [
        "8:31",
        "8:46",
        "9:12",
        "10:01",
        "10:21",
        "10:51",
        "11:41",
        "12:31",
        "13:41",
        "14:31",
        "17:56"
    ],
    "saturday": [
        "8:23",
        "10:57",
        "12:57",
        "14:56",
        "16:52"
    ],
    "holiday": [
        "8:23",
        "10:57",
        "12:57",
        "14:56",
        "16:52"
    ],
    "url": "https://www.kanachu.co.jp/dia/diagram/timetable01_js/course:0000804123-13/node:00127167/kt:0/lname:/"
}
