{
    "date": "2026/01/16",
    "name": "東岡田",
    "position": "-",
    "system": "茅26",
    "destinations": [
        "越の山入口",
        "北方(茅ケ崎市)",
        "茅ヶ崎新北陵病院",
        "文教大学"
    ],
    "weekday": [
        "8:41",
        "8:56",
        "9:20",
        "10:09",
        "10:29",
        "10:59",
        "11:49",
        "12:39",
        "13:49",
        "14:39",
        "18:06"
    ],
    "saturday": [
        "8:31",
        "11:07",
        "13:07",
        "15:04",
        "17:02"
    ],
    "holiday": [
        "8:31",
        "11:07",
        "13:07",
        "15:04",
        "17:02"
    ],
    "url": "https://www.kanachu.co.jp/dia/diagram/timetable01_js/course:0000804123-17/node:00127152/kt:0/lname:/"
}
