{
    "date": "2026/01/16",
    "name": "越の山入口",
    "position": "-",
    "system": "茅26",
    "destinations": [
        "北方(茅ケ崎市)",
        "茅ヶ崎新北陵病院",
        "文教大学"
    ],
    "weekday": [
        "8:42",
        "8:57",
        "9:21",
        "10:10",
        "10:30",
        "11:00",
        "11:50",
        "12:40",
        "13:50",
        "14:40",
        "18:07"
    ],
    "saturday": [
        "8:32",
        "11:08",
        "13:08",
        "15:05",
        "17:03"
    ],
    "holiday": [
        "8:32",
        "11:08",
        "13:08",
        "15:05",
        "17:03"
    ],
    "url": "https://www.kanachu.co.jp/dia/diagram/timetable01_js/course:0000804123-18/node:00127151/kt:0/lname:/"
}
