{
    "date": "2026/01/16",
    "name": "北方(茅ケ崎市)",
    "position": "-",
    "system": "茅26",
    "destinations": [
        "茅ヶ崎新北陵病院",
        "文教大学"
    ],
    "weekday": [
        "8:43",
        "8:58",
        "9:22",
        "10:11",
        "10:31",
        "11:01",
        "11:51",
        "12:41",
        "13:51",
        "14:41",
        "18:08"
    ],
    "saturday": [
        "8:33",
        "11:09",
        "13:09",
        "15:06",
        "17:04"
    ],
    "holiday": [
        "8:33",
        "11:09",
        "13:09",
        "15:06",
        "17:04"
    ],
    "url": "https://www.kanachu.co.jp/dia/diagram/timetable01_js/course:0000804123-19/node:00127150/kt:0/lname:/"
}
