{
    "system": "船30",
    "busstops": [
        {
            "index": "1",
            "id": "00130312",
            "name": "柄沢",
            "lat": "35.353078",
            "lng": "139.498607"
        },
        {
            "index": "2",
            "id": "00130313",
            "name": "柄沢十字路",
            "lat": "35.354627",
            "lng": "139.501929"
        },
        {
            "index": "3",
            "id": "00130314",
            "name": "並木台",
            "lat": "35.352958",
            "lng": "139.503554"
        },
        {
            "index": "4",
            "id": "00130315",
            "name": "慈眼寺",
            "lat": "35.350878",
            "lng": "139.502996"
        },
        {
            "index": "5",
            "id": "00126986",
            "name": "渡内",
            "lat": "35.349503",
            "lng": "139.503881"
        },
        {
            "index": "6",
            "id": "00126987",
            "name": "渡内第三会館前",
            "lat": "35.349736",
            "lng": "139.506101"
        },
        {
            "index": "7",
            "id": "00126988",
            "name": "久成寺前",
            "lat": "35.350737",
            "lng": "139.510402"
        },
        {
            "index": "8",
            "id": "00126989",
            "name": "植木(鎌倉市)",
            "lat": "35.349809",
            "lng": "139.513378"
        },
        {
            "index": "9",
            "id": "00126990",
            "name": "公会堂前(鎌倉市)",
            "lat": "35.34918",
            "lng": "139.516472"
        },
        {
            "index": "10",
            "id": "00126991",
            "name": "岡本(鎌倉市)",
            "lat": "35.349315",
            "lng": "139.520369"
        },
        {
            "index": "11",
            "id": "00127116",
            "name": "玉縄行政センター入口",
            "lat": "35.35027",
            "lng": "139.521667"
        },
        {
            "index": "12",
            "id": "00126992",
            "name": "児童公園前(鎌倉市)",
            "lat": "35.352315",
            "lng": "139.523745"
        },
        {
            "index": "13",
            "id": "00126855",
            "name": "大船駅西口",
            "lat": "35.352416",
            "lng": "139.529024"
        }
    ],
    "route_url": "https://www.kanachu.co.jp/dia/route/index/cid:0000801769/"
}
