{
    "date": "2025/01/14",
    "name": "宿原入口",
    "position": "-",
    "system": "厚89",
    "destinations": [
        "糀屋前(厚木市)",
        "松蓮寺",
        "妻田薬師",
        "中村入口(厚木市)",
        "妻田",
        "三家入口(厚木市)",
        "木売場",
        "市立病院前(厚木市)",
        "税務署入口(厚木市)",
        "市役所入口(厚木市)",
        "本厚木駅",
        "厚木バスセンター"
    ],
    "weekday": [
        "6:12",
        "6:34",
        "7:07",
        "7:35",
        "8:05",
        "8:32",
        "8:47",
        "9:20",
        "9:45",
        "10:10",
        "10:50",
        "11:20",
        "11:50",
        "12:20",
        "13:00",
        "13:40",
        "14:00",
        "14:40",
        "15:00",
        "15:40",
        "16:00",
        "16:43",
        "17:03",
        "17:30",
        "17:50",
        "18:28",
        "18:43",
        "19:14",
        "19:44",
        "20:19",
        "20:59",
        "21:19",
        "21:59"
    ],
    "saturday": [
        "6:32",
        "7:32",
        "8:32",
        "9:33",
        "10:33",
        "11:33",
        "12:33",
        "13:33",
        "14:33",
        "15:32",
        "16:32",
        "17:32",
        "18:32",
        "19:29"
    ],
    "holiday": [
        "6:33",
        "7:33",
        "8:33",
        "9:33",
        "10:34",
        "11:34",
        "12:34",
        "13:34",
        "14:34",
        "15:32",
        "16:32",
        "17:32",
        "18:38"
    ],
    "url": "https://www.kanachu.co.jp/dia/diagram/timetable01_js/course:0000800416-10/node:00128267/kt:0/lname:/"
}
