{
    "date": "2025/01/14",
    "name": "中村入口(厚木市)",
    "position": "-",
    "system": "厚89",
    "destinations": [
        "妻田",
        "三家入口(厚木市)",
        "木売場",
        "市立病院前(厚木市)",
        "税務署入口(厚木市)",
        "市役所入口(厚木市)",
        "本厚木駅",
        "厚木バスセンター"
    ],
    "weekday": [
        "6:17",
        "6:39",
        "7:12",
        "7:41",
        "8:11",
        "8:38",
        "8:53",
        "9:26",
        "9:51",
        "10:16",
        "10:56",
        "11:26",
        "11:56",
        "12:26",
        "13:06",
        "13:46",
        "14:06",
        "14:46",
        "15:06",
        "15:46",
        "16:06",
        "16:49",
        "17:09",
        "17:36",
        "17:56",
        "18:34",
        "18:49",
        "19:19",
        "19:49",
        "20:24",
        "21:04",
        "21:24",
        "22:04"
    ],
    "saturday": [
        "6:36",
        "7:37",
        "8:37",
        "9:38",
        "10:38",
        "11:38",
        "12:38",
        "13:38",
        "14:38",
        "15:39",
        "16:39",
        "17:39",
        "18:39",
        "19:34"
    ],
    "holiday": [
        "6:37",
        "7:37",
        "8:37",
        "9:37",
        "10:39",
        "11:39",
        "12:39",
        "13:39",
        "14:39",
        "15:39",
        "16:39",
        "17:39",
        "18:45"
    ],
    "url": "https://www.kanachu.co.jp/dia/diagram/timetable01_js/course:0000800416-14/node:00128263/kt:0/lname:/"
}
