{
    "date": "2025/01/14",
    "name": "三家入口(厚木市)",
    "position": "-",
    "system": "厚89",
    "destinations": [
        "木売場",
        "市立病院前(厚木市)",
        "税務署入口(厚木市)",
        "市役所入口(厚木市)",
        "本厚木駅",
        "厚木バスセンター"
    ],
    "weekday": [
        "6:20",
        "6:42",
        "7:15",
        "7:46",
        "8:16",
        "8:43",
        "8:58",
        "9:30",
        "9:55",
        "10:20",
        "11:00",
        "11:30",
        "12:00",
        "12:30",
        "13:10",
        "13:50",
        "14:10",
        "14:50",
        "15:10",
        "15:50",
        "16:10",
        "16:53",
        "17:13",
        "17:40",
        "18:00",
        "18:38",
        "18:53",
        "19:22",
        "19:52",
        "20:27",
        "21:07",
        "21:27",
        "22:07"
    ],
    "saturday": [
        "6:38",
        "7:40",
        "8:40",
        "9:43",
        "10:43",
        "11:43",
        "12:43",
        "13:43",
        "14:43",
        "15:43",
        "16:43",
        "17:43",
        "18:43",
        "19:37"
    ],
    "holiday": [
        "6:39",
        "7:39",
        "8:40",
        "9:40",
        "10:43",
        "11:43",
        "12:43",
        "13:43",
        "14:43",
        "15:43",
        "16:43",
        "17:43",
        "18:49"
    ],
    "url": "https://www.kanachu.co.jp/dia/diagram/timetable01_js/course:0000800416-16/node:00128261/kt:0/lname:/"
}
