{
    "date": "2025/01/14",
    "name": "本厚木駅",
    "position": "-",
    "system": "厚89",
    "destinations": [
        "厚木バスセンター"
    ],
    "weekday": [
        "6:28",
        "6:50",
        "7:23",
        "7:56",
        "8:26",
        "8:53",
        "9:07",
        "9:38",
        "10:03",
        "10:28",
        "11:08",
        "11:38",
        "12:08",
        "12:38",
        "13:18",
        "13:58",
        "14:18",
        "14:58",
        "15:18",
        "15:58",
        "16:20",
        "17:03",
        "17:23",
        "17:50",
        "18:10",
        "18:48",
        "19:03",
        "19:29",
        "19:59",
        "20:34",
        "21:14",
        "21:34",
        "22:14"
    ],
    "saturday": [
        "6:45",
        "7:48",
        "8:48",
        "9:51",
        "10:51",
        "11:51",
        "12:51",
        "13:51",
        "14:51",
        "15:52",
        "16:52",
        "17:52",
        "18:52",
        "19:44"
    ],
    "holiday": [
        "6:46",
        "7:46",
        "8:47",
        "9:47",
        "10:52",
        "11:52",
        "12:52",
        "13:52",
        "14:52",
        "15:51",
        "16:51",
        "17:51",
        "18:57"
    ],
    "url": "https://www.kanachu.co.jp/dia/diagram/timetable01_js/course:0000800416-21/node:00025684/kt:0/lname:/"
}
