{
    "date": "2025/04/01",
    "name": "青野原診療所前",
    "position": "-",
    "system": "三55",
    "destinations": [
        "青和学園前",
        "上原(相模原市緑区)",
        "青野原",
        "梶野",
        "牧馬入口",
        "前戸",
        "橋野沢",
        "地蔵前(相模原市緑区)",
        "鮑子取入口",
        "津久井クリーンセンター前",
        "青山(相模原市緑区)",
        "三ヶ木新宿",
        "津久井高校前",
        "三ヶ木"
    ],
    "weekday": [
        "5:58"
    ],
    "saturday": [],
    "holiday": [],
    "url": "https://www.kanachu.co.jp/dia/diagram/timetable01_js/course:0000803760-5/node:00128764/kt:0/lname:/"
}
