{
    "date": "2023/02/18",
    "name": "中沢橋",
    "position": "-",
    "system": "平37",
    "destinations": [
        "寺前橋",
        "神戸(平塚市)",
        "山の神(平塚市)",
        "山入口",
        "吉浜(平塚市)",
        "飛谷津",
        "富士見台病院",
        "土沢農協前",
        "土沢中学校前",
        "妙円寺前",
        "神奈川大学"
    ],
    "weekday": [],
    "saturday": [
        "10:33",
        "15:08",
        "16:48"
    ],
    "holiday": [
        "8:08",
        "8:38",
        "10:33",
        "15:08",
        "16:48"
    ],
    "url": "https://www.kanachu.co.jp/dia/diagram/timetable01_js/course:0000803265-18/node:00127569/kt:0/lname:/"
}
