{
    "date": "2020/09/05",
    "name": "矢部",
    "position": "-",
    "system": "町63",
    "destinations": [
        "下常盤",
        "中常盤",
        "常盤(町田市)",
        "下馬場",
        "馬場十字路",
        "中村不動入口",
        "小山郵便局前",
        "小山小学校前(町田市)",
        "横土手"
    ],
    "weekday": [
        "23:41"
    ],
    "saturday": [],
    "holiday": [],
    "url": "https://www.kanachu.co.jp/dia/diagram/timetable01_js/course:0000802952-16/node:00130100/kt:0/lname:/"
}
