{
    "date": "2025/01/14",
    "name": "小松原入口",
    "position": "-",
    "system": "小02",
    "destinations": [
        "小松原(座間市)",
        "小松原二丁目",
        "ひばりが丘一丁目(座間市)",
        "十一条",
        "九条",
        "南林間駅前通り",
        "南林間駅"
    ],
    "weekday": [
        "6:27",
        "6:57",
        "7:27",
        "7:57",
        "8:27",
        "9:07",
        "10:12",
        "11:12",
        "12:12",
        "13:12",
        "14:12",
        "15:12",
        "16:12",
        "17:12",
        "17:42",
        "18:22",
        "18:56",
        "19:32",
        "20:37",
        "21:32"
    ],
    "saturday": [
        "7:12",
        "8:12",
        "9:12",
        "10:12",
        "11:12",
        "12:12",
        "13:12",
        "14:12",
        "15:12",
        "16:12",
        "17:12",
        "18:12",
        "19:12",
        "20:12",
        "21:12"
    ],
    "holiday": [
        "7:12",
        "8:12",
        "9:12",
        "10:12",
        "11:12",
        "12:12",
        "13:12",
        "14:12",
        "15:12",
        "16:12",
        "17:12",
        "18:12",
        "19:12",
        "20:12",
        "21:12"
    ],
    "url": "https://www.kanachu.co.jp/dia/diagram/timetable01_js/course:0000800367-6/node:00129679/kt:0/lname:/"
}
