{
    "date": "2025/01/14",
    "name": "南林間駅前通り",
    "position": "-",
    "system": "小02",
    "destinations": [
        "南林間駅"
    ],
    "weekday": [
        "6:35",
        "7:05",
        "7:37",
        "8:07",
        "8:37",
        "9:17",
        "10:22",
        "11:22",
        "12:22",
        "13:22",
        "14:22",
        "15:22",
        "16:22",
        "17:22",
        "17:52",
        "18:32",
        "19:06",
        "19:42",
        "20:45",
        "21:40"
    ],
    "saturday": [
        "7:22",
        "8:22",
        "9:22",
        "10:22",
        "11:22",
        "12:22",
        "13:22",
        "14:22",
        "15:22",
        "16:22",
        "17:22",
        "18:22",
        "19:22",
        "20:22",
        "21:22"
    ],
    "holiday": [
        "7:22",
        "8:22",
        "9:22",
        "10:22",
        "11:22",
        "12:22",
        "13:22",
        "14:22",
        "15:22",
        "16:22",
        "17:22",
        "18:22",
        "19:22",
        "20:22",
        "21:22"
    ],
    "url": "https://www.kanachu.co.jp/dia/diagram/timetable01_js/course:0000800367-12/node:00129667/kt:0/lname:/"
}
