{
  "date": "2024/03/16",
  "name": "町田バスセンター",
  "position": "13番のりば",
  "system": "町30",
  "destinations": [
    "町田市役所東",
    "保健所入口",
    "森野三丁目",
    "市民病院前(町田市)",
    "浄水場前(町田市)",
    "滝の沢(町田市)",
    "木曽住宅",
    "三家(町田市)",
    "木曽(町田市)",
    "忠生公園入口",
    "上宿(町田市)",
    "下根岸(町田市)",
    "根岸(根岸町/町田市)",
    "忠生都営住宅前",
    "矢部",
    "下常盤",
    "常盤(町田市)",
    "下馬場",
    "馬場十字路",
    "中村不動入口",
    "小山郵便局前",
    "小山小学校前(町田市)",
    "横土手",
    "御嶽堂",
    "片所",
    "坂本橋(町田市)",
    "田端(町田市)",
    "堂の前(町田市)",
    "三ツ目(町田市)",
    "久保ヶ谷戸",
    "寿橋",
    "寿町(相模原市緑区)",
    "旭農協前",
    "橋本駅北口"
  ],
  "weekday": [
    "9:13",
    "9:33",
    "10:11",
    "10:31",
    "11:11",
    "11:31",
    "12:11",
    "12:31",
    "13:11",
    "13:31",
    "14:11",
    "14:31",
    "15:15",
    "15:35",
    "16:15",
    "16:35",
    "17:15",
    "17:35",
    "18:15",
    "18:35",
    "19:15",
    "19:35",
    "20:11"
  ],
  "saturday": [
    "9:11",
    "9:31",
    "10:11",
    "10:31",
    "11:11",
    "11:31",
    "12:11",
    "12:31",
    "13:11",
    "13:31",
    "14:11",
    "14:31",
    "15:15",
    "15:35",
    "16:15",
    "16:35",
    "17:15",
    "17:35",
    "18:20",
    "19:22",
    "20:21"
  ],
  "holiday": [
    "9:11",
    "9:31",
    "9:51",
    "10:11",
    "10:31",
    "11:11",
    "11:31",
    "12:11",
    "12:31",
    "13:11",
    "13:31",
    "14:11",
    "14:31",
    "15:23",
    "16:21",
    "17:30",
    "18:20",
    "19:22",
    "20:21",
    "20:51"
  ],
  "url": "https://www.kanachu.co.jp/dia/diagram/timetable01_js/course:0000802018-2/node:00025625/kt:0/lname:/dts:1740679200"
}