{
    "date": "2025/07/12",
    "name": "聖園女学院前",
    "position": "-",
    "system": "藤58",
    "destinations": [
        "藤沢翔陵高校前",
        "亀井野団地入口",
        "新田(藤沢市)",
        "俣野原",
        "下屋敷(藤沢市)",
        "亀井野",
        "亀井野三丁目",
        "六会市民センター入口",
        "六会日大前駅"
    ],
    "weekday": [
        "20:34",
        "21:34"
    ],
    "saturday": [
        "9:22",
        "18:23",
        "19:23",
        "20:22"
    ],
    "holiday": [
        "9:22",
        "18:23",
        "19:23",
        "20:22"
    ],
    "url": "https://www.kanachu.co.jp/dia/diagram/timetable01_js/course:0000802717-8/node:00127014/kt:0/lname:/"
}
