{
    "date": "2025/07/12",
    "name": "藤沢翔陵高校前",
    "position": "-",
    "system": "藤58",
    "destinations": [
        "亀井野団地入口",
        "新田(藤沢市)",
        "俣野原",
        "下屋敷(藤沢市)",
        "亀井野",
        "亀井野三丁目",
        "六会市民センター入口",
        "六会日大前駅"
    ],
    "weekday": [
        "20:35",
        "21:35"
    ],
    "saturday": [
        "9:23",
        "18:24",
        "19:24",
        "20:23"
    ],
    "holiday": [
        "9:23",
        "18:24",
        "19:24",
        "20:23"
    ],
    "url": "https://www.kanachu.co.jp/dia/diagram/timetable01_js/course:0000802717-9/node:00127015/kt:0/lname:/"
}
