{
    "date": "2025/07/12",
    "name": "亀井野団地入口",
    "position": "-",
    "system": "藤58",
    "destinations": [
        "新田(藤沢市)",
        "俣野原",
        "下屋敷(藤沢市)",
        "亀井野",
        "亀井野三丁目",
        "六会市民センター入口",
        "六会日大前駅"
    ],
    "weekday": [
        "20:37",
        "21:37"
    ],
    "saturday": [
        "9:25",
        "18:27",
        "19:27",
        "20:25"
    ],
    "holiday": [
        "9:25",
        "18:27",
        "19:27",
        "20:25"
    ],
    "url": "https://www.kanachu.co.jp/dia/diagram/timetable01_js/course:0000802717-10/node:00127016/kt:0/lname:/"
}
