{
    "date": "2021/02/22",
    "name": "高森四丁目",
    "position": "-",
    "system": "愛02",
    "destinations": [
        "会館前(伊勢原市)",
        "高森二丁目",
        "18号棟前",
        "22号棟前",
        "5号棟前",
        "すみだ公園",
        "大久保(伊勢原市)",
        "一之崎",
        "道了尊入口",
        "愛甲石田駅"
    ],
    "weekday": [
        "5:57",
        "6:37",
        "7:30"
    ],
    "saturday": [
        "6:57",
        "7:47"
    ],
    "holiday": [
        "6:57",
        "7:47"
    ],
    "url": "https://www.kanachu.co.jp/dia/diagram/timetable01_js/course:0000801291-3/node:00128242/kt:0/lname:/"
}
