{
    "date": "2021/02/22",
    "name": "高森二丁目",
    "position": "-",
    "system": "愛02",
    "destinations": [
        "18号棟前",
        "22号棟前",
        "5号棟前",
        "すみだ公園",
        "大久保(伊勢原市)",
        "一之崎",
        "道了尊入口",
        "愛甲石田駅"
    ],
    "weekday": [
        "5:59",
        "6:39",
        "7:32"
    ],
    "saturday": [
        "6:59",
        "7:49"
    ],
    "holiday": [
        "6:59",
        "7:49"
    ],
    "url": "https://www.kanachu.co.jp/dia/diagram/timetable01_js/course:0000801291-5/node:00128244/kt:0/lname:/"
}
