{
    "date": "2025/11/16",
    "name": "打間木下",
    "position": "-",
    "system": "平65",
    "destinations": [
        "打間木上",
        "美里",
        "下島(平塚市)",
        "四ツ谷入口(平塚市)",
        "大島(平塚市)",
        "大島北",
        "大島住宅",
        "横内四ツ角",
        "田村車庫"
    ],
    "weekday": [
        "7:27",
        "7:41",
        "7:48",
        "7:54",
        "8:10",
        "8:19",
        "8:30",
        "8:39",
        "9:15",
        "9:29",
        "9:49",
        "10:14",
        "10:29",
        "10:56",
        "11:14",
        "11:29",
        "11:54",
        "12:09",
        "12:29",
        "12:54",
        "13:14",
        "13:59",
        "14:25",
        "14:39",
        "14:59",
        "15:24",
        "16:24",
        "16:54",
        "18:29",
        "18:49",
        "19:09",
        "19:39",
        "20:24",
        "21:04",
        "22:04"
    ],
    "saturday": [
        "7:14",
        "8:19",
        "8:49",
        "9:44",
        "10:14",
        "10:44",
        "11:13",
        "12:14",
        "12:44",
        "13:14",
        "14:14",
        "14:44",
        "15:14",
        "16:14",
        "16:44",
        "17:09",
        "18:09",
        "18:49",
        "19:14",
        "20:49",
        "21:49"
    ],
    "holiday": [
        "8:19",
        "8:49",
        "9:44",
        "10:14",
        "10:44",
        "11:13",
        "12:14",
        "12:44",
        "13:14",
        "14:14",
        "14:44",
        "15:14",
        "16:14",
        "16:44",
        "17:09",
        "18:09",
        "18:49",
        "19:14",
        "20:49",
        "21:49"
    ],
    "url": "https://www.kanachu.co.jp/dia/diagram/timetable01_js/course:0000801248-14/node:00127633/kt:0/lname:/"
}
