{
    "date": "2025/04/01",
    "name": "小学校入口(相模原市中央区)",
    "position": "-",
    "system": "淵23",
    "destinations": [
        "東町(相模原市中央区)",
        "山王平",
        "根岸橋(相模原市中央区)",
        "根岸(根岸町/町田市)",
        "馬駈",
        "図師大橋",
        "図師",
        "並木(町田市)",
        "神学校(町田市)",
        "野津田車庫"
    ],
    "weekday": [
        "8:00",
        "8:52",
        "9:52",
        "16:27",
        "17:27",
        "18:27",
        "19:32"
    ],
    "saturday": [
        "8:52",
        "12:57",
        "17:27",
        "18:27"
    ],
    "holiday": [
        "8:52",
        "12:57",
        "17:27",
        "18:27"
    ],
    "url": "https://www.kanachu.co.jp/dia/diagram/timetable01_js/course:0000803248-4/node:00129159/kt:0/lname:/"
}
