{
    "date": "2025/04/01",
    "name": "山王平",
    "position": "-",
    "system": "淵23",
    "destinations": [
        "根岸橋(相模原市中央区)",
        "根岸(根岸町/町田市)",
        "馬駈",
        "図師大橋",
        "図師",
        "並木(町田市)",
        "神学校(町田市)",
        "野津田車庫"
    ],
    "weekday": [
        "8:03",
        "8:55",
        "9:55",
        "16:30",
        "17:30",
        "18:30",
        "19:35"
    ],
    "saturday": [
        "8:55",
        "13:00",
        "17:30",
        "18:30"
    ],
    "holiday": [
        "8:55",
        "13:00",
        "17:30",
        "18:30"
    ],
    "url": "https://www.kanachu.co.jp/dia/diagram/timetable01_js/course:0000803248-6/node:00129146/kt:0/lname:/"
}
