{
    "date": "2025/04/01",
    "name": "図師大橋",
    "position": "-",
    "system": "淵23",
    "destinations": [
        "図師",
        "並木(町田市)",
        "神学校(町田市)",
        "野津田車庫"
    ],
    "weekday": [
        "8:11",
        "9:03",
        "10:02",
        "16:37",
        "17:38",
        "18:38",
        "19:42"
    ],
    "saturday": [
        "9:02",
        "13:07",
        "17:37",
        "18:37"
    ],
    "holiday": [
        "9:02",
        "13:07",
        "17:37",
        "18:37"
    ],
    "url": "https://www.kanachu.co.jp/dia/diagram/timetable01_js/course:0000803248-10/node:00129369/kt:0/lname:/"
}
