{
    "date": "2020/11/24",
    "name": "住宅前(横浜市泉区)",
    "position": "-",
    "system": "船21",
    "destinations": [
        "通信隊前",
        "高砂苑前",
        "萩丸",
        "西原(横浜市泉区)",
        "立場ターミナル"
    ],
    "weekday": [
        "8:59",
        "9:43"
    ],
    "saturday": [],
    "holiday": [],
    "url": "https://www.kanachu.co.jp/dia/diagram/timetable01_js/course:0000800281-20/node:00126831/kt:0/lname:/"
}
