{
    "date": "2025/04/19",
    "name": "相武台前駅",
    "position": "-",
    "system": "台06",
    "destinations": [
        "富士山公園前",
        "座間キャンプ前",
        "座間",
        "座間神社前",
        "わかば保育園前",
        "相武台下駅",
        "新戸河原",
        "常福寺",
        "新磯まちづくりセンター前",
        "下磯部",
        "磯部(相模原市南区)"
    ],
    "weekday": [
        "6:10",
        "6:35",
        "7:05",
        "7:25",
        "7:40",
        "8:10",
        "8:30",
        "8:50",
        "9:45",
        "10:45",
        "11:45",
        "12:45",
        "13:45",
        "14:45",
        "15:45",
        "16:40",
        "17:25",
        "17:50",
        "18:25",
        "18:50",
        "19:15",
        "19:40",
        "20:00",
        "20:45",
        "21:30",
        "22:30"
    ],
    "saturday": [
        "6:15",
        "6:55",
        "7:35",
        "8:15",
        "8:55",
        "9:35",
        "10:15",
        "11:00",
        "12:00",
        "13:00",
        "14:00",
        "15:00",
        "16:00",
        "16:40",
        "17:20",
        "18:00",
        "18:40",
        "19:20",
        "20:00",
        "21:00",
        "22:00"
    ],
    "holiday": [
        "7:00",
        "8:00",
        "9:00",
        "10:00",
        "11:00",
        "12:00",
        "13:00",
        "14:00",
        "15:00",
        "16:00",
        "17:00",
        "18:00",
        "19:00",
        "20:00",
        "21:00",
        "22:00"
    ],
    "url": "https://www.kanachu.co.jp/dia/diagram/timetable01_js/course:0000800115-1/node:00128551/kt:0/lname:/"
}
