{
    "date": "2025/04/19",
    "name": "富士山公園前",
    "position": "-",
    "system": "台06",
    "destinations": [
        "座間キャンプ前",
        "座間",
        "座間神社前",
        "わかば保育園前",
        "相武台下駅",
        "新戸河原",
        "常福寺",
        "新磯まちづくりセンター前",
        "下磯部",
        "磯部(相模原市南区)"
    ],
    "weekday": [
        "6:12",
        "6:37",
        "7:07",
        "7:27",
        "7:42",
        "8:12",
        "8:32",
        "8:52",
        "9:47",
        "10:47",
        "11:47",
        "12:47",
        "13:47",
        "14:47",
        "15:47",
        "16:42",
        "17:27",
        "17:52",
        "18:27",
        "18:52",
        "19:17",
        "19:42",
        "20:02",
        "20:47",
        "21:32",
        "22:32"
    ],
    "saturday": [
        "6:17",
        "6:57",
        "7:37",
        "8:17",
        "8:57",
        "9:37",
        "10:17",
        "11:02",
        "12:02",
        "13:02",
        "14:02",
        "15:02",
        "16:02",
        "16:42",
        "17:22",
        "18:02",
        "18:42",
        "19:22",
        "20:02",
        "21:02",
        "22:02"
    ],
    "holiday": [
        "7:02",
        "8:02",
        "9:02",
        "10:02",
        "11:02",
        "12:02",
        "13:02",
        "14:02",
        "15:02",
        "16:02",
        "17:02",
        "18:02",
        "19:02",
        "20:02",
        "21:02",
        "22:02"
    ],
    "url": "https://www.kanachu.co.jp/dia/diagram/timetable01_js/course:0000800115-2/node:00128550/kt:0/lname:/"
}
