{
    "date": "2025/04/19",
    "name": "座間キャンプ前",
    "position": "-",
    "system": "台06",
    "destinations": [
        "座間",
        "座間神社前",
        "わかば保育園前",
        "相武台下駅",
        "新戸河原",
        "常福寺",
        "新磯まちづくりセンター前",
        "下磯部",
        "磯部(相模原市南区)"
    ],
    "weekday": [
        "6:13",
        "6:39",
        "7:09",
        "7:29",
        "7:44",
        "8:14",
        "8:34",
        "8:54",
        "9:48",
        "10:48",
        "11:48",
        "12:48",
        "13:48",
        "14:48",
        "15:48",
        "16:43",
        "17:28",
        "17:53",
        "18:29",
        "18:54",
        "19:19",
        "19:43",
        "20:03",
        "20:48",
        "21:33",
        "22:33"
    ],
    "saturday": [
        "6:18",
        "6:58",
        "7:38",
        "8:18",
        "8:58",
        "9:38",
        "10:18",
        "11:03",
        "12:03",
        "13:03",
        "14:03",
        "15:03",
        "16:03",
        "16:43",
        "17:23",
        "18:03",
        "18:43",
        "19:23",
        "20:03",
        "21:03",
        "22:03"
    ],
    "holiday": [
        "7:03",
        "8:03",
        "9:03",
        "10:03",
        "11:03",
        "12:03",
        "13:03",
        "14:03",
        "15:03",
        "16:03",
        "17:03",
        "18:03",
        "19:03",
        "20:03",
        "21:03",
        "22:03"
    ],
    "url": "https://www.kanachu.co.jp/dia/diagram/timetable01_js/course:0000800115-3/node:00128549/kt:0/lname:/"
}
