{
    "date": "2025/04/19",
    "name": "座間",
    "position": "-",
    "system": "台06",
    "destinations": [
        "座間神社前",
        "わかば保育園前",
        "相武台下駅",
        "新戸河原",
        "常福寺",
        "新磯まちづくりセンター前",
        "下磯部",
        "磯部(相模原市南区)"
    ],
    "weekday": [
        "6:14",
        "6:40",
        "7:10",
        "7:30",
        "7:45",
        "8:15",
        "8:35",
        "8:55",
        "9:49",
        "10:49",
        "11:49",
        "12:49",
        "13:49",
        "14:49",
        "15:49",
        "16:44",
        "17:29",
        "17:54",
        "18:30",
        "18:55",
        "19:20",
        "19:44",
        "20:04",
        "20:49",
        "21:34",
        "22:34"
    ],
    "saturday": [
        "6:19",
        "6:59",
        "7:39",
        "8:19",
        "8:59",
        "9:39",
        "10:19",
        "11:04",
        "12:04",
        "13:04",
        "14:04",
        "15:04",
        "16:04",
        "16:44",
        "17:24",
        "18:04",
        "18:44",
        "19:24",
        "20:04",
        "21:04",
        "22:04"
    ],
    "holiday": [
        "7:04",
        "8:04",
        "9:04",
        "10:04",
        "11:04",
        "12:04",
        "13:04",
        "14:04",
        "15:04",
        "16:04",
        "17:04",
        "18:04",
        "19:04",
        "20:04",
        "21:04",
        "22:04"
    ],
    "url": "https://www.kanachu.co.jp/dia/diagram/timetable01_js/course:0000800115-4/node:00128548/kt:0/lname:/"
}
