{
    "date": "2025/04/19",
    "name": "座間神社前",
    "position": "-",
    "system": "台06",
    "destinations": [
        "わかば保育園前",
        "相武台下駅",
        "新戸河原",
        "常福寺",
        "新磯まちづくりセンター前",
        "下磯部",
        "磯部(相模原市南区)"
    ],
    "weekday": [
        "6:15",
        "6:41",
        "7:11",
        "7:31",
        "7:46",
        "8:16",
        "8:36",
        "8:56",
        "9:50",
        "10:50",
        "11:50",
        "12:50",
        "13:50",
        "14:50",
        "15:50",
        "16:45",
        "17:30",
        "17:55",
        "18:31",
        "18:56",
        "19:21",
        "19:45",
        "20:05",
        "20:50",
        "21:35",
        "22:35"
    ],
    "saturday": [
        "6:20",
        "7:00",
        "7:40",
        "8:20",
        "9:00",
        "9:40",
        "10:20",
        "11:05",
        "12:05",
        "13:05",
        "14:05",
        "15:05",
        "16:05",
        "16:45",
        "17:25",
        "18:05",
        "18:45",
        "19:25",
        "20:05",
        "21:05",
        "22:05"
    ],
    "holiday": [
        "7:05",
        "8:05",
        "9:05",
        "10:05",
        "11:05",
        "12:05",
        "13:05",
        "14:05",
        "15:05",
        "16:05",
        "17:05",
        "18:05",
        "19:05",
        "20:05",
        "21:05",
        "22:05"
    ],
    "url": "https://www.kanachu.co.jp/dia/diagram/timetable01_js/course:0000800115-5/node:00128552/kt:0/lname:/"
}
