{
    "date": "2025/04/19",
    "name": "新戸河原",
    "position": "-",
    "system": "台06",
    "destinations": [
        "常福寺",
        "新磯まちづくりセンター前",
        "下磯部",
        "磯部(相模原市南区)"
    ],
    "weekday": [
        "6:17",
        "6:44",
        "7:14",
        "7:34",
        "7:49",
        "8:19",
        "8:39",
        "8:59",
        "9:52",
        "10:52",
        "11:52",
        "12:52",
        "13:52",
        "14:52",
        "15:52",
        "16:47",
        "17:32",
        "17:57",
        "18:34",
        "18:59",
        "19:24",
        "19:47",
        "20:07",
        "20:52",
        "21:37",
        "22:37"
    ],
    "saturday": [
        "6:22",
        "7:02",
        "7:42",
        "8:22",
        "9:02",
        "9:42",
        "10:22",
        "11:07",
        "12:07",
        "13:07",
        "14:07",
        "15:07",
        "16:07",
        "16:47",
        "17:27",
        "18:07",
        "18:47",
        "19:27",
        "20:07",
        "21:07",
        "22:07"
    ],
    "holiday": [
        "7:07",
        "8:07",
        "9:07",
        "10:07",
        "11:07",
        "12:07",
        "13:07",
        "14:07",
        "15:07",
        "16:07",
        "17:07",
        "18:07",
        "19:07",
        "20:07",
        "21:07",
        "22:07"
    ],
    "url": "https://www.kanachu.co.jp/dia/diagram/timetable01_js/course:0000800115-8/node:00128590/kt:0/lname:/"
}
