{
    "date": "2025/04/19",
    "name": "新磯まちづくりセンター前",
    "position": "-",
    "system": "台06",
    "destinations": [
        "下磯部",
        "磯部(相模原市南区)"
    ],
    "weekday": [
        "6:19",
        "6:46",
        "7:16",
        "7:36",
        "7:51",
        "8:21",
        "8:41",
        "9:01",
        "9:54",
        "10:54",
        "11:54",
        "12:54",
        "13:54",
        "14:54",
        "15:54",
        "16:49",
        "17:34",
        "17:59",
        "18:36",
        "19:01",
        "19:26",
        "19:49",
        "20:09",
        "20:54",
        "21:39",
        "22:39"
    ],
    "saturday": [
        "6:24",
        "7:04",
        "7:44",
        "8:24",
        "9:04",
        "9:44",
        "10:24",
        "11:09",
        "12:09",
        "13:09",
        "14:09",
        "15:09",
        "16:09",
        "16:49",
        "17:29",
        "18:09",
        "18:49",
        "19:29",
        "20:09",
        "21:09",
        "22:09"
    ],
    "holiday": [
        "7:09",
        "8:09",
        "9:09",
        "10:09",
        "11:09",
        "12:09",
        "13:09",
        "14:09",
        "15:09",
        "16:09",
        "17:09",
        "18:09",
        "19:09",
        "20:09",
        "21:09",
        "22:09"
    ],
    "url": "https://www.kanachu.co.jp/dia/diagram/timetable01_js/course:0000800115-10/node:00128592/kt:0/lname:/"
}
