{
    "system": "平89",
    "busstops": [
        {
            "index": "1",
            "id": "00127464",
            "name": "平塚駅北口",
            "lat": "35.328506",
            "lng": "139.35074"
        },
        {
            "index": "2",
            "id": "00127190",
            "name": "四ツ角(平塚市)",
            "lat": "35.330828",
            "lng": "139.350049"
        },
        {
            "index": "3",
            "id": "00127553",
            "name": "市役所前(ゴム前/平塚市)",
            "lat": "35.333286",
            "lng": "139.347605"
        },
        {
            "index": "4",
            "id": "00127554",
            "name": "横浜ゴム前",
            "lat": "35.334945",
            "lng": "139.344682"
        },
        {
            "index": "5",
            "id": "00127555",
            "name": "立野町(平塚市)",
            "lat": "35.335611",
            "lng": "139.341704"
        },
        {
            "index": "6",
            "id": "00127556",
            "name": "追分(平塚市)",
            "lat": "35.336162",
            "lng": "139.338963"
        },
        {
            "index": "7",
            "id": "00128222",
            "name": "共済病院前総合公園西",
            "lat": "35.33919",
            "lng": "139.336672"
        },
        {
            "index": "8",
            "id": "00128069",
            "name": "中原下宿",
            "lat": "35.34143",
            "lng": "139.333953"
        },
        {
            "index": "9",
            "id": "00128068",
            "name": "中原御殿",
            "lat": "35.344617",
            "lng": "139.332346"
        },
        {
            "index": "10",
            "id": "00128067",
            "name": "中原上宿",
            "lat": "35.347543",
            "lng": "139.331109"
        },
        {
            "index": "11",
            "id": "00128066",
            "name": "大縄橋",
            "lat": "35.350448",
            "lng": "139.329876"
        },
        {
            "index": "12",
            "id": "00128065",
            "name": "豊田本郷駅",
            "lat": "35.356644",
            "lng": "139.32692"
        },
        {
            "index": "13",
            "id": "00128064",
            "name": "東橋(平塚市)",
            "lat": "35.358376",
            "lng": "139.32369"
        },
        {
            "index": "14",
            "id": "00128063",
            "name": "矢崎(平塚市)",
            "lat": "35.368324",
            "lng": "139.315306"
        },
        {
            "index": "15",
            "id": "00128062",
            "name": "大句",
            "lat": "35.375673",
            "lng": "139.317468"
        },
        {
            "index": "16",
            "id": "00128061",
            "name": "城所入口",
            "lat": "35.378166",
            "lng": "139.317688"
        },
        {
            "index": "17",
            "id": "00128070",
            "name": "矢羽根",
            "lat": "35.380234",
            "lng": "139.317336"
        },
        {
            "index": "18",
            "id": "00128060",
            "name": "馬渡(伊勢原市)",
            "lat": "35.382675",
            "lng": "139.316336"
        },
        {
            "index": "19",
            "id": "00128074",
            "name": "団地下大竹",
            "lat": "35.384932",
            "lng": "139.315649"
        },
        {
            "index": "20",
            "id": "00128073",
            "name": "団地南口(伊勢原市)",
            "lat": "35.384932",
            "lng": "139.313069"
        },
        {
            "index": "21",
            "id": "00128072",
            "name": "ひかり幼稚園前",
            "lat": "35.388343",
            "lng": "139.308348"
        },
        {
            "index": "22",
            "id": "00128071",
            "name": "千津",
            "lat": "35.392594",
            "lng": "139.310805"
        },
        {
            "index": "23",
            "id": "00128056",
            "name": "伊勢原駅南口",
            "lat": "35.395336",
            "lng": "139.313321"
        },
        {
            "index": "24",
            "id": "00128057",
            "name": "下宿(伊勢原市)",
            "lat": "35.393768",
            "lng": "139.31519"
        },
        {
            "index": "25",
            "id": "00128124",
            "name": "下原公園前",
            "lat": "35.394782",
            "lng": "139.316267"
        },
        {
            "index": "26",
            "id": "00128125",
            "name": "金山(伊勢原市)",
            "lat": "35.397456",
            "lng": "139.314956"
        },
        {
            "index": "27",
            "id": "00128126",
            "name": "行政センター前(伊勢原市)",
            "lat": "35.402263",
            "lng": "139.313085"
        },
        {
            "index": "28",
            "id": "00128196",
            "name": "伊勢原市役所北口",
            "lat": "35.404149",
            "lng": "139.313436"
        },
        {
            "index": "29",
            "id": "00128197",
            "name": "東海大学病院",
            "lat": "35.407425",
            "lng": "139.314915"
        }
    ],
    "route_url": "https://www.kanachu.co.jp/dia/route/index/cid:0000800084/"
}
