{
    "date": "2024/09/02",
    "name": "富士見通り商店街",
    "position": "-",
    "system": "戸19",
    "destinations": [
        "富士見台(横浜市瀬谷区)",
        "住宅前(横浜市瀬谷区)",
        "旭ヶ丘(横浜市瀬谷区)",
        "上阿久和",
        "谷戸阿久和",
        "宮の腰(横浜市瀬谷区)",
        "阿久和",
        "中村(横浜市瀬谷区)",
        "大中村",
        "相模新橋",
        "観音寺前(横浜市泉区)",
        "新橋町(横浜市泉区)",
        "下新橋",
        "まほろば",
        "岡津橋",
        "岡津",
        "下岡津",
        "日の森",
        "上矢部",
        "上矢部インター",
        "富士橋",
        "不動坂(横浜市戸塚区)",
        "ブリヂストン前",
        "元町(横浜市戸塚区)",
        "戸塚駅西口",
        "戸塚バスセンター"
    ],
    "weekday": [
        "6:20",
        "6:37",
        "6:52",
        "7:06",
        "7:21",
        "18:36",
        "18:56",
        "19:22",
        "19:52",
        "20:22",
        "20:52",
        "21:26",
        "22:10"
    ],
    "saturday": [
        "6:45",
        "7:20",
        "7:44",
        "18:21",
        "18:51",
        "19:21",
        "19:51",
        "20:21",
        "20:51",
        "21:29"
    ],
    "holiday": [
        "7:00",
        "7:24",
        "18:21",
        "18:51",
        "19:21",
        "19:51",
        "20:21",
        "20:51"
    ],
    "url": "https://www.kanachu.co.jp/dia/diagram/timetable01_js/course:0000803571-3/node:00126705/kt:0/lname:/"
}
