{
    "date": "2024/09/02",
    "name": "上矢部",
    "position": "-",
    "system": "戸19",
    "destinations": [
        "上矢部インター",
        "富士橋",
        "不動坂(横浜市戸塚区)",
        "ブリヂストン前",
        "元町(横浜市戸塚区)",
        "戸塚駅西口",
        "戸塚バスセンター"
    ],
    "weekday": [
        "6:40",
        "6:57",
        "7:15",
        "7:30",
        "7:45",
        "18:59",
        "19:19",
        "19:45",
        "20:11",
        "20:41",
        "21:11",
        "21:45",
        "22:29"
    ],
    "saturday": [
        "7:07",
        "7:43",
        "8:07",
        "18:44",
        "19:14",
        "19:44",
        "20:11",
        "20:41",
        "21:11",
        "21:49"
    ],
    "holiday": [
        "7:23",
        "7:47",
        "18:44",
        "19:14",
        "19:44",
        "20:11",
        "20:41",
        "21:11"
    ],
    "url": "https://www.kanachu.co.jp/dia/diagram/timetable01_js/course:0000803571-22/node:00126670/kt:0/lname:/"
}
