{
  "date": "2024/03/16",
  "name": "町田ターミナル",
  "position": "-",
  "system": "町30",
  "destinations": [
    "町田バスセンター",
    "町田市役所東",
    "保健所入口",
    "森野三丁目",
    "市民病院前(町田市)",
    "浄水場前(町田市)",
    "滝の沢(町田市)",
    "木曽住宅",
    "三家(町田市)",
    "木曽(町田市)",
    "忠生公園入口",
    "上宿(町田市)",
    "下根岸(町田市)",
    "根岸(根岸町/町田市)",
    "忠生都営住宅前",
    "矢部",
    "下常盤",
    "中常盤",
    "常盤(町田市)",
    "下馬場",
    "馬場十字路",
    "中村不動入口",
    "小山郵便局前",
    "小山小学校前(町田市)",
    "横土手",
    "御嶽堂",
    "片所",
    "坂本橋(町田市)",
    "田端(町田市)",
    "堂の前(町田市)",
    "三ツ目(町田市)",
    "久保ヶ谷戸",
    "寿橋",
    "寿町(相模原市緑区)",
    "旭農協前",
    "橋本駅北口"
  ],
  "weekday": [
    "9:09",
    "9:29",
    "10:07",
    "10:27",
    "11:07",
    "11:27",
    "12:07",
    "12:27",
    "13:07",
    "13:27",
    "14:07",
    "14:27",
    "15:11",
    "15:31",
    "16:11",
    "16:31",
    "17:11",
    "17:31",
    "18:11",
    "18:31",
    "19:11",
    "19:31",
    "20:07"
  ],
  "saturday": [
    "9:07",
    "9:27",
    "10:07",
    "10:27",
    "11:07",
    "11:27",
    "12:07",
    "12:27",
    "13:07",
    "13:27",
    "14:07",
    "14:27",
    "15:11",
    "15:31",
    "16:11",
    "16:31",
    "17:11",
    "17:31",
    "18:16",
    "19:18",
    "20:17"
  ],
  "holiday": [
    "9:07",
    "9:27",
    "9:47",
    "10:07",
    "10:27",
    "11:07",
    "11:27",
    "12:07",
    "12:27",
    "13:07",
    "13:27",
    "14:07",
    "14:27",
    "15:19",
    "16:17",
    "17:26",
    "18:16",
    "19:18",
    "20:17",
    "20:47"
  ],
  "url": "https://www.kanachu.co.jp/dia/diagram/timetable01_js/course:0000802018-2/node:00129544/kt:0/lname:/"
}