{
    "date": "2025/01/14",
    "name": "上飯山(厚木市)",
    "position": "-",
    "system": "厚18",
    "destinations": [
        "飯山温泉入口",
        "志田原",
        "尼寺(厚木市)",
        "飯山観音前",
        "橋場(厚木市)",
        "光福寺(厚木市)",
        "小鮎久保",
        "ゴルフ場入口(厚木市)",
        "上千頭",
        "千頭",
        "及川",
        "穴口橋",
        "林(厚木市)",
        "戸室",
        "戸室神社下",
        "戸室住宅前",
        "合同庁舎前(厚木市)",
        "市役所入口(厚木市)",
        "本厚木駅"
    ],
    "weekday": [
        "6:48",
        "7:16",
        "7:35",
        "7:48",
        "8:33",
        "9:43",
        "10:43",
        "11:43",
        "12:43",
        "13:43",
        "14:43",
        "15:43",
        "16:43"
    ],
    "saturday": [
        "6:58",
        "8:03",
        "9:03",
        "10:03",
        "11:03",
        "12:03",
        "13:03",
        "14:03",
        "15:03",
        "16:03",
        "17:03",
        "18:03",
        "19:03"
    ],
    "holiday": [
        "7:58",
        "8:58",
        "9:58",
        "10:58",
        "11:58",
        "12:58",
        "13:58",
        "14:58",
        "15:58",
        "16:58",
        "17:58",
        "18:58"
    ],
    "url": "https://www.kanachu.co.jp/dia/diagram/timetable01_js/course:0000801078-1/node:00128412/kt:0/lname:/"
}
