{
    "date": "2025/01/14",
    "name": "光福寺(厚木市)",
    "position": "-",
    "system": "厚18",
    "destinations": [
        "小鮎久保",
        "ゴルフ場入口(厚木市)",
        "上千頭",
        "千頭",
        "及川",
        "穴口橋",
        "林(厚木市)",
        "戸室",
        "戸室神社下",
        "戸室住宅前",
        "合同庁舎前(厚木市)",
        "市役所入口(厚木市)",
        "本厚木駅"
    ],
    "weekday": [
        "6:53",
        "7:21",
        "7:40",
        "7:53",
        "8:38",
        "9:48",
        "10:48",
        "11:48",
        "12:48",
        "13:48",
        "14:48",
        "15:48",
        "16:48"
    ],
    "saturday": [
        "7:03",
        "8:08",
        "9:08",
        "10:08",
        "11:08",
        "12:08",
        "13:08",
        "14:08",
        "15:08",
        "16:08",
        "17:08",
        "18:08",
        "19:08"
    ],
    "holiday": [
        "8:03",
        "9:03",
        "10:03",
        "11:03",
        "12:03",
        "13:03",
        "14:03",
        "15:03",
        "16:03",
        "17:03",
        "18:03",
        "19:03"
    ],
    "url": "https://www.kanachu.co.jp/dia/diagram/timetable01_js/course:0000801078-7/node:00128406/kt:0/lname:/"
}
