{
    "date": "2025/01/14",
    "name": "林(厚木市)",
    "position": "-",
    "system": "厚18",
    "destinations": [
        "戸室",
        "戸室神社下",
        "戸室住宅前",
        "合同庁舎前(厚木市)",
        "市役所入口(厚木市)",
        "本厚木駅"
    ],
    "weekday": [
        "7:00",
        "7:28",
        "7:47",
        "8:00",
        "8:45",
        "9:55",
        "10:55",
        "11:55",
        "12:55",
        "13:55",
        "14:55",
        "15:55",
        "16:55"
    ],
    "saturday": [
        "7:10",
        "8:15",
        "9:15",
        "10:15",
        "11:15",
        "12:15",
        "13:15",
        "14:15",
        "15:15",
        "16:15",
        "17:15",
        "18:15",
        "19:15"
    ],
    "holiday": [
        "8:10",
        "9:10",
        "10:10",
        "11:10",
        "12:10",
        "13:10",
        "14:10",
        "15:10",
        "16:10",
        "17:10",
        "18:10",
        "19:10"
    ],
    "url": "https://www.kanachu.co.jp/dia/diagram/timetable01_js/course:0000801078-14/node:00128399/kt:0/lname:/"
}
