{
    "date": "2025/08/30",
    "name": "環2平戸",
    "position": "-",
    "system": "東50",
    "destinations": [
        "平戸(横浜市港南区)",
        "芹が谷団地前",
        "せりぎんタウン",
        "澁谷台",
        "浩南台",
        "東永谷",
        "渡戸(横浜市港南区)",
        "美晴台",
        "永野小学校前",
        "上永谷駅"
    ],
    "weekday": [
        "7:10",
        "7:34",
        "7:58",
        "8:22",
        "8:46",
        "9:10",
        "9:46",
        "10:22",
        "10:58",
        "11:34",
        "12:10",
        "12:46",
        "13:22",
        "13:58",
        "14:34",
        "15:10",
        "15:46",
        "16:22",
        "16:58",
        "17:34",
        "18:10",
        "18:46",
        "19:22",
        "19:58",
        "20:34",
        "21:10",
        "21:46",
        "22:23"
    ],
    "saturday": [
        "7:34",
        "8:10",
        "8:46",
        "9:22",
        "9:58",
        "10:34",
        "11:10",
        "11:46",
        "12:22",
        "12:58",
        "13:34",
        "14:10",
        "14:46",
        "15:22",
        "15:58",
        "16:34",
        "17:10",
        "17:46",
        "18:22",
        "18:58",
        "19:34",
        "20:10",
        "20:46",
        "21:22"
    ],
    "holiday": [
        "7:34",
        "8:10",
        "8:46",
        "9:22",
        "9:58",
        "10:34",
        "11:10",
        "11:46",
        "12:22",
        "12:58",
        "13:34",
        "14:10",
        "14:46",
        "15:22",
        "15:58",
        "16:34",
        "17:10",
        "17:46",
        "18:22",
        "18:58",
        "19:34",
        "20:10",
        "20:46",
        "21:22"
    ],
    "url": "https://www.kanachu.co.jp/dia/diagram/timetable01_js/course:0000803874-4/node:00126730/kt:0/lname:/"
}
