{
    "date": "2022/05/16",
    "name": "二宮駅北口",
    "position": "-",
    "system": "秦70",
    "destinations": [
        "西谷戸橋",
        "久所入口",
        "井ノ口小学校西",
        "境入口",
        "井ノ口駐在所前",
        "東名秦野",
        "南が丘東",
        "立野緑地入口",
        "日赤病院前(秦野市)",
        "小原台入口(秦野市)",
        "上尾尻橋",
        "秦野駅南口"
    ],
    "weekday": [
        "6:50",
        "7:48",
        "8:20",
        "8:55",
        "18:01",
        "19:01"
    ],
    "saturday": [],
    "holiday": [],
    "url": "https://www.kanachu.co.jp/dia/diagram/timetable01_js/course:0000802644-1/node:00127683/kt:0/lname:/"
}
