{
    "date": "2022/05/16",
    "name": "井ノ口小学校西",
    "position": "-",
    "system": "秦70",
    "destinations": [
        "境入口",
        "井ノ口駐在所前",
        "東名秦野",
        "南が丘東",
        "立野緑地入口",
        "日赤病院前(秦野市)",
        "小原台入口(秦野市)",
        "上尾尻橋",
        "秦野駅南口"
    ],
    "weekday": [
        "7:00",
        "7:58",
        "8:30",
        "9:05",
        "18:11",
        "19:11"
    ],
    "saturday": [],
    "holiday": [],
    "url": "https://www.kanachu.co.jp/dia/diagram/timetable01_js/course:0000802644-4/node:00127994/kt:0/lname:/"
}
