{
    "date": "2025/03/15",
    "name": "浜須賀入口",
    "position": "-",
    "system": "辻13",
    "destinations": [
        "平和町",
        "松が丘二丁目(茅ケ崎市)",
        "東海岸北五丁目",
        "駐在所前(茅ケ崎市)",
        "東海岸二丁目",
        "会館前(茅ケ崎市)",
        "幸町(茅ケ崎市)",
        "茅ヶ崎駅南口"
    ],
    "weekday": [
        "6:25",
        "6:41",
        "7:11",
        "7:19",
        "7:41",
        "7:51",
        "8:12",
        "8:22",
        "8:44",
        "8:57",
        "9:48",
        "10:48",
        "11:48",
        "12:48",
        "13:48",
        "14:48",
        "15:48",
        "16:03",
        "16:20",
        "16:53",
        "17:13",
        "17:53",
        "18:13",
        "18:53",
        "19:13",
        "19:53",
        "20:15",
        "20:53",
        "21:17",
        "21:52"
    ],
    "saturday": [
        "6:37",
        "7:47",
        "8:47",
        "9:47",
        "10:47",
        "11:47",
        "12:47",
        "13:47",
        "14:47",
        "15:47",
        "16:47",
        "17:47",
        "18:47",
        "19:47",
        "20:47",
        "21:42"
    ],
    "holiday": [
        "6:37",
        "7:47",
        "8:47",
        "9:47",
        "10:47",
        "11:47",
        "12:47",
        "13:47",
        "14:47",
        "15:47",
        "16:47",
        "17:47",
        "18:47",
        "19:47",
        "20:47",
        "21:42"
    ],
    "url": "https://www.kanachu.co.jp/dia/diagram/timetable01_js/course:0000802160-9/node:00127269/kt:0/lname:/"
}
