{
    "date": "2025/04/01",
    "name": "平塚文化芸術ホール前",
    "position": "-",
    "system": "平71",
    "destinations": [
        "八間通り",
        "旭通り(平塚市)",
        "営林署前(平塚市)",
        "追分(平塚市)",
        "江南高校前",
        "向原(平塚市)",
        "南原(平塚市)",
        "南原土手",
        "長瀬(平塚市)",
        "長持",
        "水神橋(平塚市)",
        "平塚支援学校前",
        "飯島(平塚市)",
        "片岡(平塚市)",
        "南金目",
        "金目駅",
        "北金目入口",
        "青柳(平塚市)",
        "東海大学正門前",
        "土屋橋",
        "欠ノ上",
        "南平橋",
        "下大槻",
        "秦才橋",
        "なでしこ広場前",
        "室川橋",
        "河原町(秦野市)",
        "台町(秦野市)",
        "片町通り",
        "上宿通り",
        "大川橋(秦野市)",
        "まほろば大橋",
        "秦野駅"
    ],
    "weekday": [
        "6:22",
        "7:00",
        "7:06",
        "7:16",
        "7:38",
        "7:54",
        "8:02",
        "8:27",
        "8:57",
        "9:27",
        "9:57",
        "10:27",
        "11:02",
        "11:42",
        "12:22",
        "12:57",
        "13:27",
        "13:57",
        "14:27",
        "14:57",
        "15:27",
        "15:57",
        "16:27",
        "16:57",
        "17:24",
        "18:00",
        "18:24",
        "18:58",
        "19:19",
        "19:44",
        "20:04",
        "20:27",
        "20:56",
        "21:22",
        "22:02",
        "23:00"
    ],
    "saturday": [
        "6:22",
        "7:37",
        "8:17",
        "8:57",
        "9:37",
        "10:17",
        "10:57",
        "11:44",
        "12:22",
        "13:02",
        "13:44",
        "14:22",
        "15:02",
        "15:44",
        "16:17",
        "16:49",
        "17:22",
        "18:02",
        "18:42",
        "19:22",
        "20:02",
        "20:45",
        "21:32",
        "22:58"
    ],
    "holiday": [
        "6:22",
        "7:37",
        "8:17",
        "8:57",
        "9:37",
        "10:17",
        "10:57",
        "11:44",
        "12:22",
        "13:02",
        "13:44",
        "14:22",
        "15:02",
        "15:44",
        "16:17",
        "16:49",
        "17:22",
        "18:02",
        "18:42",
        "19:22",
        "20:02",
        "20:45",
        "21:32",
        "22:58"
    ],
    "url": "https://www.kanachu.co.jp/dia/diagram/timetable01_js/course:0000800879-3/node:00127466/kt:0/lname:/"
}
