{
    "date": "2025/04/01",
    "name": "旭通り(平塚市)",
    "position": "-",
    "system": "平71",
    "destinations": [
        "営林署前(平塚市)",
        "追分(平塚市)",
        "江南高校前",
        "向原(平塚市)",
        "南原(平塚市)",
        "南原土手",
        "長瀬(平塚市)",
        "長持",
        "水神橋(平塚市)",
        "平塚支援学校前",
        "飯島(平塚市)",
        "片岡(平塚市)",
        "南金目",
        "金目駅",
        "北金目入口",
        "青柳(平塚市)",
        "東海大学正門前",
        "土屋橋",
        "欠ノ上",
        "南平橋",
        "下大槻",
        "秦才橋",
        "なでしこ広場前",
        "室川橋",
        "河原町(秦野市)",
        "台町(秦野市)",
        "片町通り",
        "上宿通り",
        "大川橋(秦野市)",
        "まほろば大橋",
        "秦野駅"
    ],
    "weekday": [
        "6:24",
        "7:02",
        "7:08",
        "7:18",
        "7:40",
        "7:56",
        "8:04",
        "8:29",
        "8:59",
        "9:29",
        "9:59",
        "10:29",
        "11:04",
        "11:44",
        "12:24",
        "12:59",
        "13:29",
        "13:59",
        "14:29",
        "14:59",
        "15:29",
        "15:59",
        "16:29",
        "16:59",
        "17:26",
        "18:02",
        "18:26",
        "19:00",
        "19:21",
        "19:46",
        "20:06",
        "20:29",
        "20:58",
        "21:24",
        "22:04",
        "23:02"
    ],
    "saturday": [
        "6:24",
        "7:39",
        "8:19",
        "8:59",
        "9:39",
        "10:19",
        "10:59",
        "11:46",
        "12:24",
        "13:04",
        "13:46",
        "14:24",
        "15:04",
        "15:46",
        "16:19",
        "16:51",
        "17:24",
        "18:04",
        "18:44",
        "19:24",
        "20:04",
        "20:47",
        "21:34",
        "23:00"
    ],
    "holiday": [
        "6:24",
        "7:39",
        "8:19",
        "8:59",
        "9:39",
        "10:19",
        "10:59",
        "11:46",
        "12:24",
        "13:04",
        "13:46",
        "14:24",
        "15:04",
        "15:46",
        "16:19",
        "16:51",
        "17:24",
        "18:04",
        "18:44",
        "19:24",
        "20:04",
        "20:47",
        "21:34",
        "23:00"
    ],
    "url": "https://www.kanachu.co.jp/dia/diagram/timetable01_js/course:0000800879-5/node:00127740/kt:0/lname:/"
}
