{
    "date": "2025/04/01",
    "name": "営林署前(平塚市)",
    "position": "-",
    "system": "平71",
    "destinations": [
        "追分(平塚市)",
        "江南高校前",
        "向原(平塚市)",
        "南原(平塚市)",
        "南原土手",
        "長瀬(平塚市)",
        "長持",
        "水神橋(平塚市)",
        "平塚支援学校前",
        "飯島(平塚市)",
        "片岡(平塚市)",
        "南金目",
        "金目駅",
        "北金目入口",
        "青柳(平塚市)",
        "東海大学正門前",
        "土屋橋",
        "欠ノ上",
        "南平橋",
        "下大槻",
        "秦才橋",
        "なでしこ広場前",
        "室川橋",
        "河原町(秦野市)",
        "台町(秦野市)",
        "片町通り",
        "上宿通り",
        "大川橋(秦野市)",
        "まほろば大橋",
        "秦野駅"
    ],
    "weekday": [
        "6:25",
        "7:03",
        "7:09",
        "7:19",
        "7:41",
        "7:57",
        "8:05",
        "8:30",
        "9:00",
        "9:30",
        "10:00",
        "10:30",
        "11:05",
        "11:45",
        "12:25",
        "13:00",
        "13:30",
        "14:00",
        "14:30",
        "15:00",
        "15:30",
        "16:00",
        "16:30",
        "17:00",
        "17:27",
        "18:03",
        "18:27",
        "19:01",
        "19:22",
        "19:47",
        "20:07",
        "20:30",
        "20:59",
        "21:25",
        "22:05",
        "23:03"
    ],
    "saturday": [
        "6:25",
        "7:40",
        "8:20",
        "9:00",
        "9:40",
        "10:20",
        "11:00",
        "11:47",
        "12:25",
        "13:05",
        "13:47",
        "14:25",
        "15:05",
        "15:47",
        "16:20",
        "16:52",
        "17:25",
        "18:05",
        "18:45",
        "19:25",
        "20:05",
        "20:48",
        "21:35",
        "23:01"
    ],
    "holiday": [
        "6:25",
        "7:40",
        "8:20",
        "9:00",
        "9:40",
        "10:20",
        "11:00",
        "11:47",
        "12:25",
        "13:05",
        "13:47",
        "14:25",
        "15:05",
        "15:47",
        "16:20",
        "16:52",
        "17:25",
        "18:05",
        "18:45",
        "19:25",
        "20:05",
        "20:48",
        "21:35",
        "23:01"
    ],
    "url": "https://www.kanachu.co.jp/dia/diagram/timetable01_js/course:0000800879-6/node:00127739/kt:0/lname:/"
}
