{
    "date": "2025/04/01",
    "name": "南原(平塚市)",
    "position": "-",
    "system": "平71",
    "destinations": [
        "南原土手",
        "長瀬(平塚市)",
        "長持",
        "水神橋(平塚市)",
        "平塚支援学校前",
        "飯島(平塚市)",
        "片岡(平塚市)",
        "南金目",
        "金目駅",
        "北金目入口",
        "青柳(平塚市)",
        "東海大学正門前",
        "土屋橋",
        "欠ノ上",
        "南平橋",
        "下大槻",
        "秦才橋",
        "なでしこ広場前",
        "室川橋",
        "河原町(秦野市)",
        "台町(秦野市)",
        "片町通り",
        "上宿通り",
        "大川橋(秦野市)",
        "まほろば大橋",
        "秦野駅"
    ],
    "weekday": [
        "6:29",
        "7:07",
        "7:13",
        "7:23",
        "7:45",
        "8:01",
        "8:10",
        "8:35",
        "9:05",
        "9:34",
        "10:04",
        "10:34",
        "11:09",
        "11:49",
        "12:29",
        "13:04",
        "13:34",
        "14:04",
        "14:34",
        "15:04",
        "15:34",
        "16:04",
        "16:35",
        "17:05",
        "17:32",
        "18:08",
        "18:32",
        "19:05",
        "19:26",
        "19:51",
        "20:11",
        "20:34",
        "21:03",
        "21:29",
        "22:09",
        "23:07"
    ],
    "saturday": [
        "6:29",
        "7:44",
        "8:24",
        "9:04",
        "9:44",
        "10:24",
        "11:04",
        "11:51",
        "12:29",
        "13:09",
        "13:51",
        "14:29",
        "15:09",
        "15:51",
        "16:24",
        "16:56",
        "17:29",
        "18:09",
        "18:49",
        "19:29",
        "20:09",
        "20:52",
        "21:39",
        "23:05"
    ],
    "holiday": [
        "6:29",
        "7:44",
        "8:24",
        "9:04",
        "9:44",
        "10:24",
        "11:04",
        "11:51",
        "12:29",
        "13:09",
        "13:51",
        "14:29",
        "15:09",
        "15:51",
        "16:24",
        "16:56",
        "17:29",
        "18:09",
        "18:49",
        "19:29",
        "20:09",
        "20:52",
        "21:39",
        "23:05"
    ],
    "url": "https://www.kanachu.co.jp/dia/diagram/timetable01_js/course:0000800879-10/node:00127559/kt:0/lname:/"
}
