{
    "date": "2025/04/01",
    "name": "南原土手",
    "position": "-",
    "system": "平71",
    "destinations": [
        "長瀬(平塚市)",
        "長持",
        "水神橋(平塚市)",
        "平塚支援学校前",
        "飯島(平塚市)",
        "片岡(平塚市)",
        "南金目",
        "金目駅",
        "北金目入口",
        "青柳(平塚市)",
        "東海大学正門前",
        "土屋橋",
        "欠ノ上",
        "南平橋",
        "下大槻",
        "秦才橋",
        "なでしこ広場前",
        "室川橋",
        "河原町(秦野市)",
        "台町(秦野市)",
        "片町通り",
        "上宿通り",
        "大川橋(秦野市)",
        "まほろば大橋",
        "秦野駅"
    ],
    "weekday": [
        "6:30",
        "7:09",
        "7:15",
        "7:25",
        "7:47",
        "8:04",
        "8:13",
        "8:38",
        "9:07",
        "9:36",
        "10:06",
        "10:36",
        "11:11",
        "11:51",
        "12:31",
        "13:06",
        "13:36",
        "14:06",
        "14:36",
        "15:06",
        "15:36",
        "16:07",
        "16:38",
        "17:08",
        "17:35",
        "18:11",
        "18:35",
        "19:07",
        "19:28",
        "19:53",
        "20:13",
        "20:36",
        "21:05",
        "21:31",
        "22:11",
        "23:09"
    ],
    "saturday": [
        "6:31",
        "7:46",
        "8:26",
        "9:06",
        "9:46",
        "10:26",
        "11:06",
        "11:53",
        "12:31",
        "13:11",
        "13:53",
        "14:31",
        "15:11",
        "15:53",
        "16:28",
        "17:00",
        "17:32",
        "18:12",
        "18:52",
        "19:31",
        "20:11",
        "20:54",
        "21:41",
        "23:07"
    ],
    "holiday": [
        "6:31",
        "7:46",
        "8:26",
        "9:06",
        "9:46",
        "10:26",
        "11:06",
        "11:53",
        "12:31",
        "13:11",
        "13:53",
        "14:31",
        "15:11",
        "15:53",
        "16:26",
        "16:58",
        "17:31",
        "18:11",
        "18:51",
        "19:31",
        "20:11",
        "20:54",
        "21:41",
        "23:07"
    ],
    "url": "https://www.kanachu.co.jp/dia/diagram/timetable01_js/course:0000800879-11/node:00127560/kt:0/lname:/"
}
