{
    "date": "2025/04/01",
    "name": "長持",
    "position": "-",
    "system": "平71",
    "destinations": [
        "水神橋(平塚市)",
        "平塚支援学校前",
        "飯島(平塚市)",
        "片岡(平塚市)",
        "南金目",
        "金目駅",
        "北金目入口",
        "青柳(平塚市)",
        "東海大学正門前",
        "土屋橋",
        "欠ノ上",
        "南平橋",
        "下大槻",
        "秦才橋",
        "なでしこ広場前",
        "室川橋",
        "河原町(秦野市)",
        "台町(秦野市)",
        "片町通り",
        "上宿通り",
        "大川橋(秦野市)",
        "まほろば大橋",
        "秦野駅"
    ],
    "weekday": [
        "6:33",
        "7:13",
        "7:19",
        "7:29",
        "7:51",
        "8:09",
        "8:18",
        "8:43",
        "9:10",
        "9:39",
        "10:09",
        "10:39",
        "11:14",
        "11:54",
        "12:34",
        "13:09",
        "13:39",
        "14:09",
        "14:39",
        "15:09",
        "15:39",
        "16:11",
        "16:42",
        "17:12",
        "17:39",
        "18:15",
        "18:39",
        "19:10",
        "19:31",
        "19:56",
        "20:16",
        "20:39",
        "21:08",
        "21:34",
        "22:14",
        "23:12"
    ],
    "saturday": [
        "6:33",
        "7:48",
        "8:28",
        "9:08",
        "9:48",
        "10:28",
        "11:10",
        "11:57",
        "12:35",
        "13:15",
        "13:57",
        "14:35",
        "15:15",
        "15:57",
        "16:32",
        "17:04",
        "17:36",
        "18:16",
        "18:56",
        "19:33",
        "20:13",
        "20:56",
        "21:43",
        "23:09"
    ],
    "holiday": [
        "6:33",
        "7:48",
        "8:28",
        "9:08",
        "9:48",
        "10:28",
        "11:08",
        "11:55",
        "12:35",
        "13:15",
        "13:57",
        "14:35",
        "15:15",
        "15:57",
        "16:29",
        "17:01",
        "17:34",
        "18:14",
        "18:54",
        "19:34",
        "20:13",
        "20:56",
        "21:43",
        "23:09"
    ],
    "url": "https://www.kanachu.co.jp/dia/diagram/timetable01_js/course:0000800879-13/node:00127737/kt:0/lname:/"
}
