{
    "date": "2025/04/01",
    "name": "片岡(平塚市)",
    "position": "-",
    "system": "平71",
    "destinations": [
        "南金目",
        "金目駅",
        "北金目入口",
        "青柳(平塚市)",
        "東海大学正門前",
        "土屋橋",
        "欠ノ上",
        "南平橋",
        "下大槻",
        "秦才橋",
        "なでしこ広場前",
        "室川橋",
        "河原町(秦野市)",
        "台町(秦野市)",
        "片町通り",
        "上宿通り",
        "大川橋(秦野市)",
        "まほろば大橋",
        "秦野駅"
    ],
    "weekday": [
        "6:40",
        "7:21",
        "7:27",
        "7:37",
        "7:59",
        "8:19",
        "8:28",
        "8:53",
        "9:18",
        "9:47",
        "10:17",
        "10:47",
        "11:22",
        "12:02",
        "12:42",
        "13:17",
        "13:47",
        "14:17",
        "14:47",
        "15:17",
        "15:47",
        "16:21",
        "16:52",
        "17:22",
        "17:49",
        "18:25",
        "18:49",
        "19:16",
        "19:37",
        "20:02",
        "20:22",
        "20:45",
        "21:14",
        "21:40",
        "22:20",
        "23:18"
    ],
    "saturday": [
        "6:38",
        "7:53",
        "8:33",
        "9:13",
        "9:53",
        "10:33",
        "11:18",
        "12:05",
        "12:43",
        "13:23",
        "14:05",
        "14:43",
        "15:23",
        "16:06",
        "16:41",
        "17:11",
        "17:43",
        "18:23",
        "19:03",
        "19:39",
        "20:19",
        "21:02",
        "21:49",
        "23:15"
    ],
    "holiday": [
        "6:38",
        "7:53",
        "8:33",
        "9:13",
        "9:53",
        "10:33",
        "11:13",
        "12:00",
        "12:42",
        "13:22",
        "14:04",
        "14:42",
        "15:22",
        "16:04",
        "16:35",
        "17:07",
        "17:40",
        "18:20",
        "19:00",
        "19:40",
        "20:19",
        "21:02",
        "21:49",
        "23:15"
    ],
    "url": "https://www.kanachu.co.jp/dia/diagram/timetable01_js/course:0000800879-17/node:00127733/kt:0/lname:/"
}
