{
    "date": "2025/04/01",
    "name": "土屋橋",
    "position": "-",
    "system": "平71",
    "destinations": [
        "欠ノ上",
        "南平橋",
        "下大槻",
        "秦才橋",
        "なでしこ広場前",
        "室川橋",
        "河原町(秦野市)",
        "台町(秦野市)",
        "片町通り",
        "上宿通り",
        "大川橋(秦野市)",
        "まほろば大橋",
        "秦野駅"
    ],
    "weekday": [
        "6:47",
        "7:28",
        "7:34",
        "7:44",
        "8:06",
        "8:26",
        "8:35",
        "9:00",
        "9:25",
        "9:54",
        "10:24",
        "10:54",
        "11:29",
        "12:09",
        "12:49",
        "13:24",
        "13:54",
        "14:24",
        "14:54",
        "15:24",
        "15:54",
        "16:28",
        "16:59",
        "17:29",
        "17:56",
        "18:32",
        "18:56",
        "19:23",
        "19:44",
        "20:09",
        "20:29",
        "20:52",
        "21:21",
        "21:47",
        "22:27",
        "23:25"
    ],
    "saturday": [
        "6:45",
        "8:00",
        "8:40",
        "9:20",
        "10:00",
        "10:40",
        "11:25",
        "12:12",
        "12:50",
        "13:30",
        "14:12",
        "14:50",
        "15:30",
        "16:13",
        "16:48",
        "17:18",
        "17:50",
        "18:30",
        "19:10",
        "19:46",
        "20:26",
        "21:09",
        "21:56",
        "23:22"
    ],
    "holiday": [
        "6:44",
        "7:59",
        "8:40",
        "9:20",
        "10:00",
        "10:40",
        "11:20",
        "12:07",
        "12:49",
        "13:29",
        "14:11",
        "14:49",
        "15:29",
        "16:11",
        "16:42",
        "17:14",
        "17:47",
        "18:27",
        "19:07",
        "19:47",
        "20:26",
        "21:09",
        "21:56",
        "23:22"
    ],
    "url": "https://www.kanachu.co.jp/dia/diagram/timetable01_js/course:0000800879-23/node:00127727/kt:0/lname:/"
}
