{
    "date": "2025/04/01",
    "name": "欠ノ上",
    "position": "-",
    "system": "平71",
    "destinations": [
        "南平橋",
        "下大槻",
        "秦才橋",
        "なでしこ広場前",
        "室川橋",
        "河原町(秦野市)",
        "台町(秦野市)",
        "片町通り",
        "上宿通り",
        "大川橋(秦野市)",
        "まほろば大橋",
        "秦野駅"
    ],
    "weekday": [
        "6:48",
        "7:29",
        "7:35",
        "7:45",
        "8:07",
        "8:27",
        "8:36",
        "9:01",
        "9:26",
        "9:55",
        "10:25",
        "10:55",
        "11:30",
        "12:10",
        "12:50",
        "13:25",
        "13:55",
        "14:25",
        "14:55",
        "15:25",
        "15:55",
        "16:29",
        "17:00",
        "17:30",
        "17:57",
        "18:33",
        "18:57",
        "19:24",
        "19:45",
        "20:10",
        "20:30",
        "20:53",
        "21:22",
        "21:48",
        "22:28",
        "23:26"
    ],
    "saturday": [
        "6:46",
        "8:01",
        "8:41",
        "9:21",
        "10:01",
        "10:41",
        "11:26",
        "12:13",
        "12:51",
        "13:31",
        "14:13",
        "14:51",
        "15:31",
        "16:14",
        "16:49",
        "17:19",
        "17:51",
        "18:31",
        "19:11",
        "19:47",
        "20:27",
        "21:10",
        "21:57",
        "23:23"
    ],
    "holiday": [
        "6:45",
        "8:00",
        "8:41",
        "9:21",
        "10:01",
        "10:41",
        "11:21",
        "12:08",
        "12:50",
        "13:30",
        "14:12",
        "14:50",
        "15:30",
        "16:12",
        "16:43",
        "17:15",
        "17:48",
        "18:28",
        "19:08",
        "19:48",
        "20:27",
        "21:10",
        "21:57",
        "23:23"
    ],
    "url": "https://www.kanachu.co.jp/dia/diagram/timetable01_js/course:0000800879-24/node:00127726/kt:0/lname:/"
}
