{
    "date": "2025/04/01",
    "name": "下大槻",
    "position": "-",
    "system": "平71",
    "destinations": [
        "秦才橋",
        "なでしこ広場前",
        "室川橋",
        "河原町(秦野市)",
        "台町(秦野市)",
        "片町通り",
        "上宿通り",
        "大川橋(秦野市)",
        "まほろば大橋",
        "秦野駅"
    ],
    "weekday": [
        "6:50",
        "7:31",
        "7:37",
        "7:47",
        "8:09",
        "8:29",
        "8:38",
        "9:03",
        "9:28",
        "9:57",
        "10:27",
        "10:57",
        "11:32",
        "12:12",
        "12:52",
        "13:27",
        "13:57",
        "14:27",
        "14:57",
        "15:27",
        "15:57",
        "16:31",
        "17:02",
        "17:32",
        "17:59",
        "18:35",
        "18:59",
        "19:26",
        "19:47",
        "20:12",
        "20:32",
        "20:55",
        "21:24",
        "21:50",
        "22:30",
        "23:28"
    ],
    "saturday": [
        "6:48",
        "8:03",
        "8:43",
        "9:23",
        "10:03",
        "10:43",
        "11:28",
        "12:15",
        "12:53",
        "13:33",
        "14:15",
        "14:53",
        "15:33",
        "16:16",
        "16:51",
        "17:21",
        "17:53",
        "18:33",
        "19:13",
        "19:49",
        "20:29",
        "21:12",
        "21:59",
        "23:25"
    ],
    "holiday": [
        "6:47",
        "8:02",
        "8:43",
        "9:23",
        "10:03",
        "10:43",
        "11:23",
        "12:10",
        "12:52",
        "13:32",
        "14:14",
        "14:52",
        "15:32",
        "16:14",
        "16:45",
        "17:17",
        "17:50",
        "18:30",
        "19:10",
        "19:50",
        "20:29",
        "21:12",
        "21:59",
        "23:25"
    ],
    "url": "https://www.kanachu.co.jp/dia/diagram/timetable01_js/course:0000800879-26/node:00127724/kt:0/lname:/"
}
