{
    "date": "2025/04/01",
    "name": "なでしこ広場前",
    "position": "-",
    "system": "平71",
    "destinations": [
        "室川橋",
        "河原町(秦野市)",
        "台町(秦野市)",
        "片町通り",
        "上宿通り",
        "大川橋(秦野市)",
        "まほろば大橋",
        "秦野駅"
    ],
    "weekday": [
        "6:53",
        "7:34",
        "7:40",
        "7:50",
        "8:12",
        "8:32",
        "8:41",
        "9:06",
        "9:31",
        "10:00",
        "10:30",
        "11:00",
        "11:35",
        "12:15",
        "12:55",
        "13:30",
        "14:00",
        "14:30",
        "15:00",
        "15:30",
        "16:00",
        "16:34",
        "17:05",
        "17:35",
        "18:02",
        "18:38",
        "19:02",
        "19:29",
        "19:50",
        "20:15",
        "20:35",
        "20:58",
        "21:27",
        "21:53",
        "22:33",
        "23:31"
    ],
    "saturday": [
        "6:51",
        "8:06",
        "8:46",
        "9:26",
        "10:06",
        "10:46",
        "11:31",
        "12:18",
        "12:56",
        "13:36",
        "14:18",
        "14:56",
        "15:36",
        "16:19",
        "16:54",
        "17:24",
        "17:56",
        "18:36",
        "19:15",
        "19:51",
        "20:31",
        "21:14",
        "22:01",
        "23:27"
    ],
    "holiday": [
        "6:49",
        "8:04",
        "8:45",
        "9:25",
        "10:05",
        "10:45",
        "11:25",
        "12:12",
        "12:54",
        "13:34",
        "14:16",
        "14:54",
        "15:34",
        "16:16",
        "16:47",
        "17:19",
        "17:52",
        "18:32",
        "19:12",
        "19:52",
        "20:31",
        "21:14",
        "22:01",
        "23:27"
    ],
    "url": "https://www.kanachu.co.jp/dia/diagram/timetable01_js/course:0000800879-28/node:00127722/kt:0/lname:/"
}
