{
    "date": "2025/04/01",
    "name": "室川橋",
    "position": "-",
    "system": "平71",
    "destinations": [
        "河原町(秦野市)",
        "台町(秦野市)",
        "片町通り",
        "上宿通り",
        "大川橋(秦野市)",
        "まほろば大橋",
        "秦野駅"
    ],
    "weekday": [
        "6:54",
        "7:35",
        "7:41",
        "7:51",
        "8:13",
        "8:33",
        "8:42",
        "9:07",
        "9:32",
        "10:01",
        "10:31",
        "11:01",
        "11:36",
        "12:16",
        "12:56",
        "13:31",
        "14:01",
        "14:31",
        "15:01",
        "15:31",
        "16:01",
        "16:35",
        "17:06",
        "17:36",
        "18:03",
        "18:39",
        "19:03",
        "19:30",
        "19:51",
        "20:16",
        "20:36",
        "20:59",
        "21:28",
        "21:54",
        "22:34",
        "23:32"
    ],
    "saturday": [
        "6:52",
        "8:07",
        "8:47",
        "9:27",
        "10:07",
        "10:47",
        "11:32",
        "12:19",
        "12:57",
        "13:37",
        "14:19",
        "14:57",
        "15:37",
        "16:20",
        "16:55",
        "17:25",
        "17:57",
        "18:37",
        "19:16",
        "19:52",
        "20:32",
        "21:15",
        "22:02",
        "23:28"
    ],
    "holiday": [
        "6:50",
        "8:05",
        "8:46",
        "9:26",
        "10:06",
        "10:46",
        "11:26",
        "12:13",
        "12:55",
        "13:35",
        "14:17",
        "14:55",
        "15:35",
        "16:17",
        "16:48",
        "17:20",
        "17:53",
        "18:33",
        "19:13",
        "19:53",
        "20:32",
        "21:15",
        "22:02",
        "23:28"
    ],
    "url": "https://www.kanachu.co.jp/dia/diagram/timetable01_js/course:0000800879-29/node:00127721/kt:0/lname:/"
}
