{
    "date": "2025/04/01",
    "name": "台町(秦野市)",
    "position": "-",
    "system": "平71",
    "destinations": [
        "片町通り",
        "上宿通り",
        "大川橋(秦野市)",
        "まほろば大橋",
        "秦野駅"
    ],
    "weekday": [
        "6:57",
        "7:40",
        "7:46",
        "7:56",
        "8:16",
        "8:36",
        "8:45",
        "9:10",
        "9:35",
        "10:04",
        "10:34",
        "11:04",
        "11:39",
        "12:19",
        "12:59",
        "13:34",
        "14:04",
        "14:34",
        "15:04",
        "15:34",
        "16:06",
        "16:40",
        "17:11",
        "17:41",
        "18:08",
        "18:44",
        "19:06",
        "19:33",
        "19:54",
        "20:19",
        "20:39",
        "21:02",
        "21:31",
        "21:57",
        "22:37",
        "23:35"
    ],
    "saturday": [
        "6:54",
        "8:10",
        "8:50",
        "9:30",
        "10:10",
        "10:50",
        "11:36",
        "12:23",
        "13:01",
        "13:41",
        "14:23",
        "15:01",
        "15:41",
        "16:25",
        "17:00",
        "17:28",
        "18:00",
        "18:40",
        "19:18",
        "19:54",
        "20:34",
        "21:17",
        "22:04",
        "23:30"
    ],
    "holiday": [
        "6:53",
        "8:08",
        "8:49",
        "9:29",
        "10:09",
        "10:49",
        "11:29",
        "12:17",
        "12:59",
        "13:39",
        "14:21",
        "14:59",
        "15:39",
        "16:20",
        "16:51",
        "17:23",
        "17:56",
        "18:36",
        "19:16",
        "19:56",
        "20:34",
        "21:17",
        "22:04",
        "23:30"
    ],
    "url": "https://www.kanachu.co.jp/dia/diagram/timetable01_js/course:0000800879-31/node:00127719/kt:0/lname:/"
}
