{
    "date": "2025/04/01",
    "name": "片町通り",
    "position": "-",
    "system": "平71",
    "destinations": [
        "上宿通り",
        "大川橋(秦野市)",
        "まほろば大橋",
        "秦野駅"
    ],
    "weekday": [
        "6:58",
        "7:41",
        "7:47",
        "7:57",
        "8:17",
        "8:37",
        "8:46",
        "9:11",
        "9:36",
        "10:05",
        "10:35",
        "11:05",
        "11:40",
        "12:20",
        "13:00",
        "13:35",
        "14:05",
        "14:35",
        "15:05",
        "15:35",
        "16:07",
        "16:41",
        "17:12",
        "17:42",
        "18:09",
        "18:45",
        "19:07",
        "19:34",
        "19:55",
        "20:20",
        "20:40",
        "21:03",
        "21:32",
        "21:58",
        "22:38",
        "23:36"
    ],
    "saturday": [
        "6:55",
        "8:11",
        "8:51",
        "9:31",
        "10:11",
        "10:51",
        "11:37",
        "12:24",
        "13:02",
        "13:42",
        "14:24",
        "15:02",
        "15:42",
        "16:26",
        "17:01",
        "17:29",
        "18:01",
        "18:41",
        "19:19",
        "19:55",
        "20:35",
        "21:18",
        "22:05",
        "23:31"
    ],
    "holiday": [
        "6:54",
        "8:09",
        "8:50",
        "9:30",
        "10:10",
        "10:50",
        "11:30",
        "12:18",
        "13:00",
        "13:40",
        "14:22",
        "15:00",
        "15:40",
        "16:21",
        "16:52",
        "17:24",
        "17:57",
        "18:37",
        "19:17",
        "19:57",
        "20:35",
        "21:18",
        "22:05",
        "23:31"
    ],
    "url": "https://www.kanachu.co.jp/dia/diagram/timetable01_js/course:0000800879-32/node:00127718/kt:0/lname:/"
}
