{
    "date": "2025/04/01",
    "name": "大川橋(秦野市)",
    "position": "-",
    "system": "平71",
    "destinations": [
        "まほろば大橋",
        "秦野駅"
    ],
    "weekday": [
        "7:00",
        "7:43",
        "7:49",
        "7:59",
        "8:19",
        "8:39",
        "8:48",
        "9:13",
        "9:38",
        "10:07",
        "10:37",
        "11:07",
        "11:42",
        "12:22",
        "13:02",
        "13:37",
        "14:07",
        "14:37",
        "15:07",
        "15:37",
        "16:09",
        "16:43",
        "17:14",
        "17:44",
        "18:11",
        "18:47",
        "19:09",
        "19:36",
        "19:57",
        "20:22",
        "20:42",
        "21:05",
        "21:34",
        "22:00",
        "22:40",
        "23:38"
    ],
    "saturday": [
        "6:57",
        "8:13",
        "8:53",
        "9:33",
        "10:13",
        "10:53",
        "11:39",
        "12:26",
        "13:04",
        "13:44",
        "14:26",
        "15:04",
        "15:44",
        "16:28",
        "17:03",
        "17:31",
        "18:03",
        "18:43",
        "19:21",
        "19:57",
        "20:37",
        "21:20",
        "22:07",
        "23:33"
    ],
    "holiday": [
        "6:56",
        "8:11",
        "8:52",
        "9:32",
        "10:12",
        "10:52",
        "11:32",
        "12:20",
        "13:02",
        "13:42",
        "14:24",
        "15:02",
        "15:42",
        "16:23",
        "16:54",
        "17:26",
        "17:59",
        "18:39",
        "19:19",
        "19:59",
        "20:37",
        "21:20",
        "22:07",
        "23:33"
    ],
    "url": "https://www.kanachu.co.jp/dia/diagram/timetable01_js/course:0000800879-34/node:00127716/kt:0/lname:/"
}
