{
    "date": "2025/04/19",
    "name": "グッディプレイス前",
    "position": "-",
    "system": "相14",
    "destinations": [
        "清新中学校入口",
        "日金沢上",
        "横山団地",
        "高校入口(相模原市中央区)",
        "星が丘住宅前",
        "横山六丁目",
        "上溝"
    ],
    "weekday": [
        "6:48",
        "7:18",
        "7:48",
        "8:18",
        "8:48",
        "9:18",
        "9:48",
        "10:18",
        "10:48",
        "11:23",
        "12:03",
        "12:43",
        "13:23",
        "14:03",
        "14:43",
        "15:18",
        "15:48",
        "16:18",
        "16:48",
        "17:18",
        "17:48",
        "18:18",
        "18:48",
        "19:18",
        "19:48",
        "20:18",
        "20:48",
        "21:13"
    ],
    "saturday": [
        "7:43",
        "8:33",
        "9:23",
        "10:13",
        "11:03",
        "11:53",
        "12:43",
        "13:33",
        "14:23",
        "15:13",
        "16:03",
        "16:53",
        "17:43",
        "18:33",
        "19:23",
        "20:13",
        "21:03"
    ],
    "holiday": [
        "7:43",
        "8:33",
        "9:23",
        "10:13",
        "11:03",
        "11:53",
        "12:43",
        "13:33",
        "14:23",
        "15:13",
        "16:03",
        "16:53",
        "17:43",
        "18:33",
        "19:23",
        "20:13",
        "21:03"
    ],
    "url": "https://www.kanachu.co.jp/dia/diagram/timetable01_js/course:0000802371-3/node:00129230/kt:0/lname:/"
}
