{
    "date": "2025/04/19",
    "name": "清新中学校入口",
    "position": "-",
    "system": "相14",
    "destinations": [
        "日金沢上",
        "横山団地",
        "高校入口(相模原市中央区)",
        "星が丘住宅前",
        "横山六丁目",
        "上溝"
    ],
    "weekday": [
        "6:49",
        "7:19",
        "7:49",
        "8:19",
        "8:49",
        "9:19",
        "9:49",
        "10:19",
        "10:49",
        "11:24",
        "12:04",
        "12:44",
        "13:24",
        "14:04",
        "14:44",
        "15:19",
        "15:49",
        "16:19",
        "16:49",
        "17:19",
        "17:49",
        "18:19",
        "18:49",
        "19:19",
        "19:49",
        "20:19",
        "20:49",
        "21:14"
    ],
    "saturday": [
        "7:44",
        "8:34",
        "9:24",
        "10:14",
        "11:04",
        "11:54",
        "12:44",
        "13:34",
        "14:24",
        "15:14",
        "16:04",
        "16:54",
        "17:44",
        "18:34",
        "19:24",
        "20:14",
        "21:04"
    ],
    "holiday": [
        "7:44",
        "8:34",
        "9:24",
        "10:14",
        "11:04",
        "11:54",
        "12:44",
        "13:34",
        "14:24",
        "15:14",
        "16:04",
        "16:54",
        "17:44",
        "18:34",
        "19:24",
        "20:14",
        "21:04"
    ],
    "url": "https://www.kanachu.co.jp/dia/diagram/timetable01_js/course:0000802371-4/node:00129176/kt:0/lname:/"
}
