{
    "date": "2025/04/19",
    "name": "星が丘住宅前",
    "position": "-",
    "system": "相14",
    "destinations": [
        "横山六丁目",
        "上溝"
    ],
    "weekday": [
        "6:54",
        "7:24",
        "7:54",
        "8:24",
        "8:54",
        "9:24",
        "9:54",
        "10:24",
        "10:54",
        "11:29",
        "12:09",
        "12:49",
        "13:29",
        "14:09",
        "14:49",
        "15:24",
        "15:54",
        "16:24",
        "16:54",
        "17:24",
        "17:54",
        "18:24",
        "18:54",
        "19:24",
        "19:54",
        "20:24",
        "20:54",
        "21:19"
    ],
    "saturday": [
        "7:49",
        "8:39",
        "9:29",
        "10:19",
        "11:09",
        "11:59",
        "12:49",
        "13:39",
        "14:29",
        "15:19",
        "16:09",
        "16:59",
        "17:49",
        "18:39",
        "19:29",
        "20:19",
        "21:09"
    ],
    "holiday": [
        "7:49",
        "8:39",
        "9:29",
        "10:19",
        "11:09",
        "11:59",
        "12:49",
        "13:39",
        "14:29",
        "15:19",
        "16:09",
        "16:59",
        "17:49",
        "18:39",
        "19:29",
        "20:19",
        "21:09"
    ],
    "url": "https://www.kanachu.co.jp/dia/diagram/timetable01_js/course:0000802371-8/node:00129254/kt:0/lname:/"
}
