{
    "date": "2025/01/14",
    "name": "市役所入口(厚木市)",
    "position": "-",
    "system": "厚46",
    "destinations": [
        "合同庁舎前(厚木市)",
        "厚木高校前",
        "アステモ[Astemo]前〔旧:日立アステモ前〕",
        "片岸(厚木市)",
        "温水",
        "高坪入口",
        "温水幼稚園前",
        "スポーツセンター入口(厚木市)",
        "高坪",
        "上高坪",
        "権現堂(厚木市)",
        "愛名",
        "八ツ橋",
        "白山(厚木市)",
        "旗谷入口",
        "小鮎公民館前",
        "台ノ上",
        "学校前(厚木市)",
        "局前(厚木市)",
        "打越(厚木市)",
        "矢崎(厚木市)",
        "古沢(厚木市)",
        "上古沢",
        "ネポン入口",
        "上分"
    ],
    "weekday": [
        "7:07",
        "7:48",
        "8:28",
        "9:28",
        "10:28",
        "11:28",
        "12:28",
        "14:28",
        "15:28",
        "16:28",
        "16:58",
        "17:58",
        "18:28"
    ],
    "saturday": [],
    "holiday": [],
    "url": "https://www.kanachu.co.jp/dia/diagram/timetable01_js/course:0000801631-3/node:00128396/kt:0/lname:/"
}
