{
    "date": "2025/01/14",
    "name": "八ツ橋",
    "position": "-",
    "system": "厚46",
    "destinations": [
        "白山(厚木市)",
        "旗谷入口",
        "小鮎公民館前",
        "台ノ上",
        "学校前(厚木市)",
        "局前(厚木市)",
        "打越(厚木市)",
        "矢崎(厚木市)",
        "古沢(厚木市)",
        "上古沢",
        "ネポン入口",
        "上分"
    ],
    "weekday": [
        "7:19",
        "8:01",
        "8:41",
        "9:40",
        "10:40",
        "11:40",
        "12:40",
        "14:40",
        "15:40",
        "16:41",
        "17:11",
        "18:11",
        "18:41"
    ],
    "saturday": [],
    "holiday": [],
    "url": "https://www.kanachu.co.jp/dia/diagram/timetable01_js/course:0000801631-16/node:00128511/kt:0/lname:/"
}
