{
    "date": "2025/01/14",
    "name": "小鮎公民館前",
    "position": "-",
    "system": "厚46",
    "destinations": [
        "台ノ上",
        "学校前(厚木市)",
        "局前(厚木市)",
        "打越(厚木市)",
        "矢崎(厚木市)",
        "古沢(厚木市)",
        "上古沢",
        "ネポン入口",
        "上分"
    ],
    "weekday": [
        "7:23",
        "8:05",
        "8:45",
        "9:44",
        "10:44",
        "11:44",
        "12:44",
        "14:44",
        "15:44",
        "16:45",
        "17:15",
        "18:15",
        "18:45"
    ],
    "saturday": [],
    "holiday": [],
    "url": "https://www.kanachu.co.jp/dia/diagram/timetable01_js/course:0000801631-19/node:00128697/kt:0/lname:/"
}
