{
    "date": "2025/04/01",
    "name": "若葉台駅",
    "position": "-",
    "system": "鶴21",
    "destinations": [
        "下黒川",
        "黒川(川崎市麻生区)",
        "日影(川崎市麻生区)",
        "入谷戸(真光寺町/町田市)",
        "真光寺(町田市)",
        "下谷戸入口",
        "和光学園(町田市)",
        "街道口",
        "団地南(町田市)",
        "鶴川三丁目",
        "消防署前(鶴川出張所/町田市)",
        "鶴川市民センター前",
        "下大蔵",
        "金井入口",
        "上能ヶ谷",
        "鶴川駅西口",
        "鶴川駅"
    ],
    "weekday": [
        "6:33",
        "6:58",
        "7:14",
        "7:32",
        "7:53",
        "8:04",
        "8:14",
        "8:24",
        "8:40",
        "8:57",
        "9:20",
        "10:00",
        "10:40",
        "11:20",
        "12:00",
        "12:42",
        "13:20",
        "14:00",
        "14:40",
        "15:22",
        "15:42",
        "16:02",
        "16:22",
        "16:52",
        "17:25",
        "17:57",
        "18:27",
        "18:57",
        "19:25",
        "19:55",
        "20:30",
        "21:06",
        "21:37"
    ],
    "saturday": [
        "6:40",
        "7:16",
        "7:53",
        "8:29",
        "9:05",
        "9:46",
        "10:29",
        "11:09",
        "11:49",
        "12:29",
        "13:09",
        "13:49",
        "14:29",
        "15:09",
        "15:54",
        "16:32",
        "17:11",
        "17:50",
        "18:30",
        "19:10",
        "20:09",
        "21:12"
    ],
    "holiday": [
        "6:40",
        "7:16",
        "7:53",
        "8:29",
        "9:08",
        "9:46",
        "10:29",
        "11:09",
        "12:09",
        "13:09",
        "14:09",
        "15:09",
        "16:09",
        "17:09",
        "18:09",
        "19:10",
        "20:09",
        "21:12"
    ],
    "url": "https://www.kanachu.co.jp/dia/diagram/timetable01_js/course:0000803442-1/node:00020475/kt:0/lname:/"
}
