{
    "date": "2025/04/01",
    "name": "黒川(川崎市麻生区)",
    "position": "-",
    "system": "鶴21",
    "destinations": [
        "日影(川崎市麻生区)",
        "入谷戸(真光寺町/町田市)",
        "真光寺(町田市)",
        "下谷戸入口",
        "和光学園(町田市)",
        "街道口",
        "団地南(町田市)",
        "鶴川三丁目",
        "消防署前(鶴川出張所/町田市)",
        "鶴川市民センター前",
        "下大蔵",
        "金井入口",
        "上能ヶ谷",
        "鶴川駅西口",
        "鶴川駅"
    ],
    "weekday": [
        "6:36",
        "7:01",
        "7:17",
        "7:35",
        "7:56",
        "8:07",
        "8:17",
        "8:27",
        "8:43",
        "9:00",
        "9:23",
        "10:03",
        "10:43",
        "11:23",
        "12:03",
        "12:45",
        "13:23",
        "14:03",
        "14:43",
        "15:25",
        "15:45",
        "16:05",
        "16:25",
        "16:55",
        "17:28",
        "18:00",
        "18:30",
        "19:00",
        "19:28",
        "19:58",
        "20:33",
        "21:09",
        "21:40"
    ],
    "saturday": [
        "6:43",
        "7:19",
        "7:56",
        "8:32",
        "9:08",
        "9:49",
        "10:32",
        "11:12",
        "11:52",
        "12:32",
        "13:12",
        "13:52",
        "14:32",
        "15:12",
        "15:57",
        "16:35",
        "17:14",
        "17:53",
        "18:33",
        "19:13",
        "20:12",
        "21:15"
    ],
    "holiday": [
        "6:43",
        "7:19",
        "7:56",
        "8:32",
        "9:11",
        "9:49",
        "10:32",
        "11:12",
        "12:12",
        "13:12",
        "14:12",
        "15:12",
        "16:12",
        "17:12",
        "18:12",
        "19:13",
        "20:12",
        "21:15"
    ],
    "url": "https://www.kanachu.co.jp/dia/diagram/timetable01_js/course:0000803442-3/node:00049272/kt:0/lname:/"
}
