{
    "date": "2025/04/01",
    "name": "日影(川崎市麻生区)",
    "position": "-",
    "system": "鶴21",
    "destinations": [
        "入谷戸(真光寺町/町田市)",
        "真光寺(町田市)",
        "下谷戸入口",
        "和光学園(町田市)",
        "街道口",
        "団地南(町田市)",
        "鶴川三丁目",
        "消防署前(鶴川出張所/町田市)",
        "鶴川市民センター前",
        "下大蔵",
        "金井入口",
        "上能ヶ谷",
        "鶴川駅西口",
        "鶴川駅"
    ],
    "weekday": [
        "6:37",
        "7:02",
        "7:18",
        "7:36",
        "7:57",
        "8:08",
        "8:18",
        "8:28",
        "8:44",
        "9:01",
        "9:24",
        "10:04",
        "10:44",
        "11:24",
        "12:04",
        "12:46",
        "13:24",
        "14:04",
        "14:44",
        "15:26",
        "15:46",
        "16:06",
        "16:26",
        "16:56",
        "17:29",
        "18:01",
        "18:31",
        "19:01",
        "19:29",
        "19:59",
        "20:34",
        "21:10",
        "21:41"
    ],
    "saturday": [
        "6:44",
        "7:20",
        "7:57",
        "8:33",
        "9:09",
        "9:50",
        "10:33",
        "11:13",
        "11:53",
        "12:33",
        "13:13",
        "13:53",
        "14:33",
        "15:13",
        "15:58",
        "16:36",
        "17:15",
        "17:54",
        "18:34",
        "19:14",
        "20:13",
        "21:16"
    ],
    "holiday": [
        "6:44",
        "7:20",
        "7:57",
        "8:33",
        "9:12",
        "9:50",
        "10:33",
        "11:13",
        "12:13",
        "13:13",
        "14:13",
        "15:13",
        "16:13",
        "17:13",
        "18:13",
        "19:14",
        "20:13",
        "21:16"
    ],
    "url": "https://www.kanachu.co.jp/dia/diagram/timetable01_js/course:0000803442-4/node:00129472/kt:0/lname:/"
}
