{
    "date": "2025/04/01",
    "name": "下谷戸入口",
    "position": "-",
    "system": "鶴21",
    "destinations": [
        "和光学園(町田市)",
        "街道口",
        "団地南(町田市)",
        "鶴川三丁目",
        "消防署前(鶴川出張所/町田市)",
        "鶴川市民センター前",
        "下大蔵",
        "金井入口",
        "上能ヶ谷",
        "鶴川駅西口",
        "鶴川駅"
    ],
    "weekday": [
        "6:41",
        "7:07",
        "7:23",
        "7:41",
        "8:02",
        "8:13",
        "8:23",
        "8:33",
        "8:49",
        "9:06",
        "9:29",
        "10:09",
        "10:49",
        "11:29",
        "12:09",
        "12:51",
        "13:29",
        "14:09",
        "14:49",
        "15:31",
        "15:51",
        "16:11",
        "16:31",
        "17:01",
        "17:34",
        "18:06",
        "18:36",
        "19:05",
        "19:33",
        "20:03",
        "20:38",
        "21:14",
        "21:45"
    ],
    "saturday": [
        "6:48",
        "7:24",
        "8:01",
        "8:37",
        "9:13",
        "9:54",
        "10:38",
        "11:18",
        "11:58",
        "12:38",
        "13:18",
        "13:58",
        "14:38",
        "15:18",
        "16:03",
        "16:41",
        "17:20",
        "17:59",
        "18:38",
        "19:18",
        "20:17",
        "21:20"
    ],
    "holiday": [
        "6:48",
        "7:24",
        "8:01",
        "8:37",
        "9:16",
        "9:54",
        "10:38",
        "11:18",
        "12:18",
        "13:18",
        "14:18",
        "15:18",
        "16:18",
        "17:18",
        "18:17",
        "19:18",
        "20:17",
        "21:20"
    ],
    "url": "https://www.kanachu.co.jp/dia/diagram/timetable01_js/course:0000803442-7/node:00129470/kt:0/lname:/"
}
