{
    "date": "2025/04/01",
    "name": "上能ヶ谷",
    "position": "-",
    "system": "鶴21",
    "destinations": [
        "鶴川駅西口",
        "鶴川駅"
    ],
    "weekday": [
        "6:51",
        "7:18",
        "7:34",
        "7:52",
        "8:13",
        "8:24",
        "8:34",
        "8:44",
        "9:00",
        "9:16",
        "9:39",
        "10:19",
        "10:59",
        "11:39",
        "12:19",
        "13:01",
        "13:39",
        "14:20",
        "15:00",
        "15:42",
        "16:02",
        "16:22",
        "16:42",
        "17:12",
        "17:45",
        "18:17",
        "18:47",
        "19:15",
        "19:43",
        "20:13",
        "20:48",
        "21:24",
        "21:55"
    ],
    "saturday": [
        "6:58",
        "7:34",
        "8:11",
        "8:47",
        "9:23",
        "10:04",
        "10:49",
        "11:29",
        "12:09",
        "12:49",
        "13:29",
        "14:09",
        "14:49",
        "15:29",
        "16:14",
        "16:52",
        "17:31",
        "18:10",
        "18:48",
        "19:28",
        "20:27",
        "21:30"
    ],
    "holiday": [
        "6:58",
        "7:34",
        "8:11",
        "8:47",
        "9:26",
        "10:04",
        "10:49",
        "11:29",
        "12:29",
        "13:29",
        "14:29",
        "15:29",
        "16:29",
        "17:29",
        "18:27",
        "19:28",
        "20:27",
        "21:30"
    ],
    "url": "https://www.kanachu.co.jp/dia/diagram/timetable01_js/course:0000803442-16/node:00129439/kt:0/lname:/"
}
