{
    "date": "2025/03/15",
    "name": "上落合(綾瀬市)",
    "position": "-",
    "system": "長37",
    "destinations": [
        "大法寺(綾瀬市)",
        "綾瀬車庫(綾瀬市)"
    ],
    "weekday": [
        "8:19",
        "16:54",
        "17:14",
        "18:09",
        "19:09",
        "20:34",
        "21:05",
        "22:47"
    ],
    "saturday": [
        "19:34",
        "20:34",
        "22:48"
    ],
    "holiday": [
        "19:34",
        "20:34",
        "22:48"
    ],
    "url": "https://www.kanachu.co.jp/dia/diagram/timetable01_js/course:0000800013-7/node:00129990/kt:0/lname:/"
}
