{
    "date": "2025/10/20",
    "name": "市役所谷戸山公園前",
    "position": "-",
    "system": "台04",
    "destinations": [
        "緑ヶ丘住宅入口",
        "市営住宅前(座間市)",
        "立野台下",
        "立野台",
        "立野台公園北",
        "天台(座間市)",
        "座間駅",
        "星谷観音前",
        "鈴鹿(座間市)",
        "座間電話局前",
        "新河原宿",
        "ひまわり畑入口",
        "新田宿中央",
        "新田宿南",
        "座間四ツ谷"
    ],
    "weekday": [
        "7:04",
        "7:54",
        "8:34",
        "9:34",
        "10:34",
        "11:29",
        "12:34",
        "13:34",
        "14:34",
        "15:34",
        "16:34",
        "17:39"
    ],
    "saturday": [
        "8:33",
        "9:34",
        "10:34",
        "11:34",
        "12:34",
        "13:34",
        "14:34",
        "15:34",
        "16:34",
        "17:39"
    ],
    "holiday": [
        "8:33",
        "9:34",
        "10:34",
        "11:34",
        "12:34",
        "13:34",
        "14:34",
        "15:34",
        "16:34",
        "17:39"
    ],
    "url": "https://www.kanachu.co.jp/dia/diagram/timetable01_js/course:0000801550-3/node:00130003/kt:0/lname:/"
}
