{
    "date": "2025/10/20",
    "name": "星谷観音前",
    "position": "-",
    "system": "台04",
    "destinations": [
        "鈴鹿(座間市)",
        "座間電話局前",
        "新河原宿",
        "ひまわり畑入口",
        "新田宿中央",
        "新田宿南",
        "座間四ツ谷"
    ],
    "weekday": [
        "7:18",
        "8:08",
        "8:48",
        "9:48",
        "10:48",
        "11:43",
        "12:48",
        "13:48",
        "14:48",
        "15:48",
        "16:48",
        "17:53"
    ],
    "saturday": [
        "8:45",
        "9:47",
        "10:47",
        "11:47",
        "12:47",
        "13:47",
        "14:47",
        "15:47",
        "16:47",
        "17:52"
    ],
    "holiday": [
        "8:45",
        "9:47",
        "10:47",
        "11:47",
        "12:47",
        "13:47",
        "14:47",
        "15:47",
        "16:47",
        "17:52"
    ],
    "url": "https://www.kanachu.co.jp/dia/diagram/timetable01_js/course:0000801550-11/node:00128568/kt:0/lname:/"
}
