{
    "date": "2025/10/20",
    "name": "鈴鹿(座間市)",
    "position": "-",
    "system": "台04",
    "destinations": [
        "座間電話局前",
        "新河原宿",
        "ひまわり畑入口",
        "新田宿中央",
        "新田宿南",
        "座間四ツ谷"
    ],
    "weekday": [
        "7:21",
        "8:11",
        "8:51",
        "9:51",
        "10:51",
        "11:46",
        "12:51",
        "13:51",
        "14:51",
        "15:51",
        "16:51",
        "17:56"
    ],
    "saturday": [
        "8:47",
        "9:49",
        "10:49",
        "11:49",
        "12:49",
        "13:49",
        "14:49",
        "15:49",
        "16:49",
        "17:54"
    ],
    "holiday": [
        "8:47",
        "9:49",
        "10:49",
        "11:49",
        "12:49",
        "13:49",
        "14:49",
        "15:49",
        "16:49",
        "17:54"
    ],
    "url": "https://www.kanachu.co.jp/dia/diagram/timetable01_js/course:0000801550-12/node:00128569/kt:0/lname:/"
}
