{
    "date": "2025/10/20",
    "name": "座間電話局前",
    "position": "-",
    "system": "台04",
    "destinations": [
        "新河原宿",
        "ひまわり畑入口",
        "新田宿中央",
        "新田宿南",
        "座間四ツ谷"
    ],
    "weekday": [
        "7:22",
        "8:12",
        "8:52",
        "9:52",
        "10:52",
        "11:47",
        "12:52",
        "13:52",
        "14:52",
        "15:52",
        "16:52",
        "17:57"
    ],
    "saturday": [
        "8:48",
        "9:50",
        "10:50",
        "11:50",
        "12:50",
        "13:50",
        "14:50",
        "15:50",
        "16:50",
        "17:55"
    ],
    "holiday": [
        "8:48",
        "9:50",
        "10:50",
        "11:50",
        "12:50",
        "13:50",
        "14:50",
        "15:50",
        "16:50",
        "17:55"
    ],
    "url": "https://www.kanachu.co.jp/dia/diagram/timetable01_js/course:0000801550-13/node:00128545/kt:0/lname:/"
}
