{
    "date": "2025/03/15",
    "name": "滝の沢(藤沢市)",
    "position": "-",
    "system": "辻24",
    "destinations": [
        "駒寄",
        "二番構保健医療センター",
        "ライフタウン中央(藤沢市)",
        "大庭小学校",
        "小糸",
        "南センター前(藤沢市)",
        "西高校前(藤沢市)",
        "有藤",
        "大庭隧道",
        "城南一丁目",
        "神台公園前",
        "辻堂駅北口"
    ],
    "weekday": [],
    "saturday": [
        "5:27",
        "5:52",
        "6:08",
        "6:32",
        "6:50",
        "7:07",
        "7:27",
        "7:42",
        "7:47",
        "8:07",
        "8:42",
        "9:42",
        "10:42",
        "15:07",
        "16:07",
        "17:07",
        "18:07",
        "19:07",
        "19:26",
        "20:07",
        "20:45"
    ],
    "holiday": [
        "5:47",
        "6:08",
        "6:32",
        "6:47",
        "7:47",
        "8:07",
        "8:27",
        "8:47",
        "9:07",
        "9:27",
        "9:47",
        "10:27",
        "10:47",
        "11:07",
        "11:47",
        "12:07",
        "12:27",
        "13:07",
        "13:27",
        "13:47",
        "14:27",
        "14:47",
        "15:07",
        "15:47",
        "16:07",
        "16:27",
        "17:07",
        "17:27",
        "17:47",
        "18:27",
        "18:47",
        "19:45"
    ],
    "url": "https://www.kanachu.co.jp/dia/diagram/timetable01_js/course:0000802314-3/node:00129946/kt:0/lname:/"
}
