{
    "date": "2025/03/15",
    "name": "大庭隧道",
    "position": "-",
    "system": "辻24",
    "destinations": [
        "城南一丁目",
        "神台公園前",
        "辻堂駅北口"
    ],
    "weekday": [],
    "saturday": [
        "5:36",
        "6:01",
        "6:17",
        "6:41",
        "6:59",
        "7:16",
        "7:36",
        "7:51",
        "7:56",
        "8:16",
        "8:51",
        "9:51",
        "10:51",
        "15:16",
        "16:16",
        "17:16",
        "18:16",
        "19:16",
        "19:35",
        "20:16",
        "20:54"
    ],
    "holiday": [
        "5:56",
        "6:17",
        "6:41",
        "6:56",
        "7:56",
        "8:16",
        "8:36",
        "8:56",
        "9:16",
        "9:36",
        "9:56",
        "10:36",
        "10:56",
        "11:16",
        "11:56",
        "12:16",
        "12:36",
        "13:16",
        "13:36",
        "13:56",
        "14:36",
        "14:56",
        "15:16",
        "15:56",
        "16:16",
        "16:36",
        "17:16",
        "17:36",
        "17:56",
        "18:36",
        "18:56",
        "19:54"
    ],
    "url": "https://www.kanachu.co.jp/dia/diagram/timetable01_js/course:0000802314-12/node:00129937/kt:0/lname:/"
}
