{
    "date": "2026/01/16",
    "name": "今宿市営住宅前",
    "position": "-",
    "system": "コ16",
    "destinations": [
        "鶴嶺小学校前",
        "鶴嶺八幡宮",
        "浜之郷西",
        "TBS",
        "浜之郷",
        "浜之郷入口",
        "ジャスコ前(茅ケ崎市)",
        "市民文化会館前(茅ケ崎市)",
        "茅ヶ崎駅北",
        "中央公園前(茅ケ崎市)",
        "前の田",
        "北茅ヶ崎駅入口",
        "市立病院(茅ケ崎市)"
    ],
    "weekday": [
        "8:56",
        "10:26",
        "13:26",
        "15:26",
        "18:26"
    ],
    "saturday": [
        "8:56",
        "10:26",
        "13:26",
        "15:26",
        "18:26"
    ],
    "holiday": [
        "8:56",
        "10:26",
        "13:26",
        "15:26",
        "18:26"
    ],
    "url": "https://www.kanachu.co.jp/dia/diagram/timetable01_js/course:0000804302-32/node:00127376/kt:0/lname:/"
}
