{
    "date": "2026/01/16",
    "name": "ジャスコ前(茅ケ崎市)",
    "position": "-",
    "system": "コ16",
    "destinations": [
        "市民文化会館前(茅ケ崎市)",
        "茅ヶ崎駅北",
        "中央公園前(茅ケ崎市)",
        "前の田",
        "北茅ヶ崎駅入口",
        "市立病院(茅ケ崎市)"
    ],
    "weekday": [
        "9:05",
        "10:35",
        "13:35",
        "15:35",
        "18:35"
    ],
    "saturday": [
        "9:05",
        "10:35",
        "13:35",
        "15:35",
        "18:35"
    ],
    "holiday": [
        "9:05",
        "10:35",
        "13:35",
        "15:35",
        "18:35"
    ],
    "url": "https://www.kanachu.co.jp/dia/diagram/timetable01_js/course:0000804302-39/node:00127288/kt:0/lname:/"
}
