{
    "date": "2020/08/24",
    "name": "桂台中央",
    "position": "-",
    "system": "港31",
    "destinations": [
        "霞が淵公園前",
        "花篭公園前",
        "尾月",
        "山手学院入口",
        "稲荷森",
        "中野町",
        "元大橋",
        "若竹町(横浜市栄区)",
        "元大橋公園前",
        "港南台西公園",
        "横浜女子短期大学前",
        "港南台駅"
    ],
    "weekday": [
        "6:35",
        "6:54",
        "7:09",
        "7:29",
        "8:23"
    ],
    "saturday": [],
    "holiday": [],
    "url": "https://www.kanachu.co.jp/dia/diagram/timetable01_js/course:0000801196-1/node:00126537/kt:0/lname:/"
}
