{
    "date": "2025/07/27",
    "name": "中井町役場入口",
    "position": "-",
    "system": "二30",
    "destinations": [
        "中井役場前",
        "万年橋(足柄上郡中井町)",
        "中井郵便局前",
        "五所ノ宮",
        "滝ノ前(足柄上郡中井町)",
        "北田(足柄上郡中井町)",
        "遠藤(足柄上郡中井町)",
        "上小竹",
        "隧道口",
        "坂呂橋",
        "下小竹",
        "下中駐在所前",
        "下中小学校前",
        "診療所前(小田原市)",
        "鐘藪",
        "中村原",
        "下原(小田原市)",
        "橘中学校入口(小田原市)",
        "押切(中郡二宮町)",
        "押切坂上",
        "山西(中郡二宮町)",
        "吾妻神社前(中郡二宮町)",
        "梅沢(中郡二宮町)",
        "藤田電機前(中郡二宮町)",
        "二宮駅南口"
    ],
    "weekday": [
        "5:38",
        "6:03",
        "6:18",
        "6:33",
        "6:48",
        "7:00",
        "7:12",
        "7:24",
        "7:38",
        "7:53",
        "8:05",
        "8:27",
        "8:50",
        "9:17",
        "9:50",
        "10:17",
        "10:47",
        "11:17",
        "11:48",
        "12:17",
        "12:47",
        "13:17",
        "13:47",
        "14:17",
        "14:47",
        "15:17",
        "15:47",
        "16:17",
        "16:47",
        "20:15"
    ],
    "saturday": [
        "5:43",
        "6:23",
        "6:53",
        "7:23",
        "7:53",
        "8:18",
        "8:48",
        "9:23",
        "9:53",
        "10:23",
        "10:56",
        "11:23",
        "11:56",
        "12:23",
        "12:56",
        "13:23",
        "13:56",
        "14:23",
        "14:56",
        "15:27",
        "15:56",
        "16:27",
        "16:58",
        "17:26",
        "17:53",
        "18:27",
        "18:53",
        "19:58"
    ],
    "holiday": [
        "5:43",
        "6:23",
        "6:53",
        "7:23",
        "7:53",
        "8:18",
        "8:48",
        "9:23",
        "9:53",
        "10:23",
        "10:56",
        "11:23",
        "11:56",
        "12:23",
        "12:56",
        "13:23",
        "13:56",
        "14:23",
        "14:56",
        "15:27",
        "15:56",
        "16:27",
        "16:58",
        "17:26",
        "17:53",
        "18:27",
        "18:53",
        "19:58"
    ],
    "url": "https://www.kanachu.co.jp/dia/diagram/timetable01_js/course:0000803783-1/node:00127950/kt:0/lname:/"
}
