{
    "date": "2025/07/27",
    "name": "滝ノ前(足柄上郡中井町)",
    "position": "-",
    "system": "二30",
    "destinations": [
        "北田(足柄上郡中井町)",
        "遠藤(足柄上郡中井町)",
        "上小竹",
        "隧道口",
        "坂呂橋",
        "下小竹",
        "下中駐在所前",
        "下中小学校前",
        "診療所前(小田原市)",
        "鐘藪",
        "中村原",
        "下原(小田原市)",
        "橘中学校入口(小田原市)",
        "押切(中郡二宮町)",
        "押切坂上",
        "山西(中郡二宮町)",
        "吾妻神社前(中郡二宮町)",
        "梅沢(中郡二宮町)",
        "藤田電機前(中郡二宮町)",
        "二宮駅南口"
    ],
    "weekday": [
        "5:42",
        "6:07",
        "6:22",
        "6:37",
        "6:52",
        "7:04",
        "7:16",
        "7:28",
        "7:42",
        "7:57",
        "8:09",
        "8:31",
        "8:54",
        "9:21",
        "9:54",
        "10:21",
        "10:51",
        "11:21",
        "11:52",
        "12:21",
        "12:51",
        "13:21",
        "13:51",
        "14:21",
        "14:51",
        "15:21",
        "15:51",
        "16:21",
        "16:51",
        "20:19"
    ],
    "saturday": [
        "5:47",
        "6:27",
        "6:57",
        "7:27",
        "7:57",
        "8:22",
        "8:52",
        "9:27",
        "9:57",
        "10:27",
        "11:00",
        "11:27",
        "12:00",
        "12:27",
        "13:00",
        "13:27",
        "14:00",
        "14:27",
        "15:00",
        "15:31",
        "16:00",
        "16:31",
        "17:02",
        "17:30",
        "17:57",
        "18:31",
        "18:57",
        "20:02"
    ],
    "holiday": [
        "5:47",
        "6:27",
        "6:57",
        "7:27",
        "7:57",
        "8:22",
        "8:52",
        "9:27",
        "9:57",
        "10:27",
        "11:00",
        "11:27",
        "12:00",
        "12:27",
        "13:00",
        "13:27",
        "14:00",
        "14:27",
        "15:00",
        "15:31",
        "16:00",
        "16:31",
        "17:02",
        "17:30",
        "17:57",
        "18:31",
        "18:57",
        "20:02"
    ],
    "url": "https://www.kanachu.co.jp/dia/diagram/timetable01_js/course:0000803783-6/node:00127966/kt:0/lname:/"
}
