{
    "date": "2025/07/27",
    "name": "橘中学校入口(小田原市)",
    "position": "-",
    "system": "二30",
    "destinations": [
        "押切(中郡二宮町)",
        "押切坂上",
        "山西(中郡二宮町)",
        "吾妻神社前(中郡二宮町)",
        "梅沢(中郡二宮町)",
        "藤田電機前(中郡二宮町)",
        "二宮駅南口"
    ],
    "weekday": [
        "5:53",
        "6:18",
        "6:33",
        "6:48",
        "7:03",
        "7:15",
        "7:27",
        "7:39",
        "7:53",
        "8:08",
        "8:20",
        "8:42",
        "9:05",
        "9:32",
        "10:05",
        "10:32",
        "11:02",
        "11:32",
        "12:03",
        "12:32",
        "13:02",
        "13:32",
        "14:02",
        "14:32",
        "15:02",
        "15:32",
        "16:02",
        "16:32",
        "17:02",
        "20:30"
    ],
    "saturday": [
        "5:58",
        "6:38",
        "7:08",
        "7:38",
        "8:08",
        "8:33",
        "9:03",
        "9:38",
        "10:08",
        "10:38",
        "11:11",
        "11:38",
        "12:11",
        "12:38",
        "13:11",
        "13:38",
        "14:11",
        "14:38",
        "15:11",
        "15:42",
        "16:11",
        "16:42",
        "17:13",
        "17:41",
        "18:08",
        "18:42",
        "19:08",
        "20:13"
    ],
    "holiday": [
        "5:58",
        "6:38",
        "7:08",
        "7:38",
        "8:08",
        "8:33",
        "9:03",
        "9:38",
        "10:08",
        "10:38",
        "11:11",
        "11:38",
        "12:11",
        "12:38",
        "13:11",
        "13:38",
        "14:11",
        "14:38",
        "15:11",
        "15:42",
        "16:11",
        "16:42",
        "17:13",
        "17:41",
        "18:08",
        "18:42",
        "19:08",
        "20:13"
    ],
    "url": "https://www.kanachu.co.jp/dia/diagram/timetable01_js/course:0000803783-19/node:00127978/kt:0/lname:/"
}
