{
    "date": "2025/10/20",
    "name": "熊の谷公園",
    "position": "-",
    "system": "津04",
    "destinations": [
        "あかね台入口(横浜市青葉区)",
        "堀の内(横浜市青葉区)",
        "長津田三丁目",
        "長津田駅北口"
    ],
    "weekday": [
        "6:58",
        "8:00",
        "9:00",
        "19:24",
        "20:24"
    ],
    "saturday": [],
    "holiday": [],
    "url": "https://www.kanachu.co.jp/dia/diagram/timetable01_js/course:0000802142-3/node:00019241/kt:0/lname:/"
}
