{
    "date": "2025/08/30",
    "name": "弘明寺口",
    "position": "-",
    "system": "井12",
    "destinations": [
        "六ツ川町",
        "上六ツ川",
        "大池(横浜市南区)",
        "引越坂",
        "横浜パークタウン第一降車場",
        "横浜パークタウン"
    ],
    "weekday": [
        "10:08",
        "10:48",
        "11:28",
        "12:08",
        "12:48",
        "13:28",
        "14:08",
        "14:48",
        "15:23",
        "16:03",
        "16:52",
        "17:27",
        "17:57",
        "18:27",
        "18:57",
        "19:27",
        "19:57",
        "20:27",
        "20:57",
        "21:27",
        "21:58",
        "22:29"
    ],
    "saturday": [
        "10:04",
        "10:34",
        "11:18",
        "12:03",
        "12:48",
        "13:35",
        "14:20",
        "15:05",
        "15:50",
        "16:35",
        "17:20",
        "18:05",
        "18:50",
        "19:33",
        "20:18",
        "21:03",
        "21:51"
    ],
    "holiday": [
        "10:04",
        "10:34",
        "11:18",
        "12:03",
        "12:48",
        "13:35",
        "14:20",
        "15:05",
        "15:50",
        "16:35",
        "17:20",
        "18:05",
        "18:50",
        "19:33",
        "20:18",
        "21:03",
        "21:51"
    ],
    "url": "https://www.kanachu.co.jp/dia/diagram/timetable01_js/course:0000803852-5/node:00126628/kt:0/lname:/"
}
