{
    "date": "2025/08/30",
    "name": "上六ツ川",
    "position": "-",
    "system": "井12",
    "destinations": [
        "大池(横浜市南区)",
        "引越坂",
        "横浜パークタウン第一降車場",
        "横浜パークタウン"
    ],
    "weekday": [
        "10:10",
        "10:50",
        "11:30",
        "12:10",
        "12:50",
        "13:30",
        "14:10",
        "14:50",
        "15:25",
        "16:05",
        "16:54",
        "17:29",
        "17:59",
        "18:29",
        "18:59",
        "19:29",
        "19:59",
        "20:29",
        "20:59",
        "21:29",
        "22:00",
        "22:31"
    ],
    "saturday": [
        "10:06",
        "10:36",
        "11:20",
        "12:05",
        "12:50",
        "13:37",
        "14:22",
        "15:07",
        "15:52",
        "16:37",
        "17:22",
        "18:07",
        "18:52",
        "19:35",
        "20:20",
        "21:05",
        "21:53"
    ],
    "holiday": [
        "10:06",
        "10:36",
        "11:20",
        "12:05",
        "12:50",
        "13:37",
        "14:22",
        "15:07",
        "15:52",
        "16:37",
        "17:22",
        "18:07",
        "18:52",
        "19:35",
        "20:20",
        "21:05",
        "21:53"
    ],
    "url": "https://www.kanachu.co.jp/dia/diagram/timetable01_js/course:0000803852-7/node:00126626/kt:0/lname:/"
}
