{
    "date": "2025/03/15",
    "name": "茅ヶ崎駅",
    "position": "-",
    "system": "茅46",
    "destinations": [
        "市民文化会館前(茅ケ崎市)",
        "ジャスコ前(茅ケ崎市)",
        "保健所前(茅ケ崎市)",
        "肥地力",
        "登象",
        "鶴嶺小学校前",
        "辻東(茅ケ崎市)",
        "萩園辻",
        "辻西(茅ケ崎市)",
        "萩園(茅ケ崎市)",
        "番場(茅ケ崎市)",
        "田端(高座郡寒川町)",
        "田端耕地",
        "寒川高校前(高座郡寒川町)",
        "寒川十字路",
        "景観寺"
    ],
    "weekday": [
        "20:40",
        "21:25"
    ],
    "saturday": [
        "19:30",
        "20:30"
    ],
    "holiday": [
        "19:30"
    ],
    "url": "https://www.kanachu.co.jp/dia/diagram/timetable01_js/course:0000803490-1/node:00127126/kt:0/lname:/"
}
