{
    "date": "2025/03/15",
    "name": "ジャスコ前(茅ケ崎市)",
    "position": "-",
    "system": "茅46",
    "destinations": [
        "保健所前(茅ケ崎市)",
        "肥地力",
        "登象",
        "鶴嶺小学校前",
        "辻東(茅ケ崎市)",
        "萩園辻",
        "辻西(茅ケ崎市)",
        "萩園(茅ケ崎市)",
        "番場(茅ケ崎市)",
        "田端(高座郡寒川町)",
        "田端耕地",
        "寒川高校前(高座郡寒川町)",
        "寒川十字路",
        "景観寺"
    ],
    "weekday": [
        "20:44",
        "21:29"
    ],
    "saturday": [
        "19:34",
        "20:34"
    ],
    "holiday": [
        "19:34"
    ],
    "url": "https://www.kanachu.co.jp/dia/diagram/timetable01_js/course:0000803490-3/node:00127288/kt:0/lname:/"
}
