{
    "date": "2025/03/15",
    "name": "鶴嶺小学校前",
    "position": "-",
    "system": "茅46",
    "destinations": [
        "辻東(茅ケ崎市)",
        "萩園辻",
        "辻西(茅ケ崎市)",
        "萩園(茅ケ崎市)",
        "番場(茅ケ崎市)",
        "田端(高座郡寒川町)",
        "田端耕地",
        "寒川高校前(高座郡寒川町)",
        "寒川十字路",
        "景観寺"
    ],
    "weekday": [
        "20:49",
        "21:34"
    ],
    "saturday": [
        "19:39",
        "20:39"
    ],
    "holiday": [
        "19:39"
    ],
    "url": "https://www.kanachu.co.jp/dia/diagram/timetable01_js/course:0000803490-7/node:00127200/kt:0/lname:/"
}
