{
    "date": "2025/03/15",
    "name": "萩園辻",
    "position": "-",
    "system": "茅46",
    "destinations": [
        "辻西(茅ケ崎市)",
        "萩園(茅ケ崎市)",
        "番場(茅ケ崎市)",
        "田端(高座郡寒川町)",
        "田端耕地",
        "寒川高校前(高座郡寒川町)",
        "寒川十字路",
        "景観寺"
    ],
    "weekday": [
        "20:51",
        "21:36"
    ],
    "saturday": [
        "19:41",
        "20:41"
    ],
    "holiday": [
        "19:41"
    ],
    "url": "https://www.kanachu.co.jp/dia/diagram/timetable01_js/course:0000803490-9/node:00127192/kt:0/lname:/"
}
