{
    "date": "2025/11/16",
    "name": "水道企業団前(横浜市旭区)",
    "position": "-",
    "system": "",
    "destinations": [
        "西部病院前",
        "矢指町入口",
        "程ヶ谷カントリークラブ前",
        "川井橋",
        "東根",
        "原分",
        "亀甲山",
        "大貫橋",
        "若葉台南",
        "若葉台近隣公園前",
        "若葉台中学校前",
        "霧が丘高校前",
        "若葉台車庫前",
        "若葉台中央(横浜市旭区)"
    ],
    "weekday": [
        "6:20",
        "6:29",
        "6:52",
        "7:02",
        "7:08",
        "7:14",
        "7:20",
        "7:24",
        "7:32",
        "7:36",
        "7:40",
        "7:44",
        "7:52",
        "7:56",
        "8:00",
        "8:04",
        "8:12",
        "8:18",
        "8:24",
        "8:30",
        "8:42",
        "8:50",
        "8:58",
        "9:02",
        "9:12",
        "9:22",
        "9:42",
        "9:52",
        "10:02",
        "10:12",
        "10:22",
        "10:42",
        "10:52",
        "11:02",
        "11:12",
        "11:22",
        "11:42",
        "11:52",
        "12:02",
        "12:12",
        "12:22",
        "12:42",
        "12:52",
        "13:05",
        "13:18",
        "13:42",
        "13:52",
        "14:05",
        "14:18",
        "14:42",
        "14:52",
        "15:02",
        "15:10",
        "15:19",
        "15:27",
        "15:44",
        "15:53",
        "16:02",
        "16:10",
        "16:19",
        "16:27",
        "16:44",
        "16:53",
        "17:02",
        "17:09",
        "17:17",
        "17:24",
        "17:39",
        "17:47",
        "17:54",
        "18:02",
        "18:10",
        "18:19",
        "18:27",
        "18:49",
        "19:02",
        "19:17",
        "19:47",
        "20:02",
        "20:17",
        "20:47",
        "21:12",
        "21:47",
        "22:07",
        "22:32"
    ],
    "saturday": [
        "6:25",
        "6:57",
        "7:09",
        "7:20",
        "7:38",
        "7:47",
        "7:56",
        "8:02",
        "8:12",
        "8:22",
        "8:42",
        "8:52",
        "9:02",
        "9:20",
        "9:50",
        "10:02",
        "10:20",
        "10:50",
        "11:02",
        "11:20",
        "11:50",
        "12:02",
        "12:20",
        "12:50",
        "13:02",
        "13:20",
        "13:50",
        "14:02",
        "14:20",
        "14:50",
        "15:02",
        "15:20",
        "15:50",
        "16:02",
        "16:20",
        "16:50",
        "17:02",
        "17:20",
        "17:50",
        "18:02",
        "18:20",
        "18:50",
        "19:02",
        "19:20",
        "19:50",
        "20:42",
        "21:02",
        "21:42",
        "22:02"
    ],
    "holiday": [
        "6:47",
        "7:14",
        "7:26",
        "7:50",
        "8:02",
        "8:20",
        "8:50",
        "9:02",
        "9:20",
        "9:50",
        "10:02",
        "10:20",
        "10:50",
        "11:02",
        "11:20",
        "11:50",
        "12:02",
        "12:20",
        "12:50",
        "13:02",
        "13:20",
        "13:50",
        "14:02",
        "14:20",
        "14:50",
        "15:02",
        "15:20",
        "15:50",
        "16:02",
        "16:20",
        "16:50",
        "17:02",
        "17:20",
        "17:50",
        "18:02",
        "18:17",
        "18:47",
        "19:02",
        "19:17",
        "19:47",
        "20:07",
        "21:07",
        "21:27"
    ],
    "url": "https://www.kanachu.co.jp/dia/diagram/timetable01_js/course:0000803539-3/node:00129723/kt:0/lname:/"
}
