{
    "date": "2025/11/16",
    "name": "西部病院前",
    "position": "-",
    "system": "",
    "destinations": [
        "矢指町入口",
        "程ヶ谷カントリークラブ前",
        "川井橋",
        "東根",
        "原分",
        "亀甲山",
        "大貫橋",
        "若葉台南",
        "若葉台近隣公園前",
        "若葉台中学校前",
        "霧が丘高校前",
        "若葉台車庫前",
        "若葉台中央(横浜市旭区)"
    ],
    "weekday": [
        "6:21",
        "6:30",
        "6:53",
        "7:03",
        "7:09",
        "7:15",
        "7:21",
        "7:25",
        "7:33",
        "7:37",
        "7:41",
        "7:45",
        "7:53",
        "7:57",
        "8:01",
        "8:05",
        "8:13",
        "8:19",
        "8:25",
        "8:31",
        "8:43",
        "8:51",
        "8:59",
        "9:03",
        "9:13",
        "9:23",
        "9:43",
        "9:53",
        "10:03",
        "10:13",
        "10:23",
        "10:43",
        "10:53",
        "11:03",
        "11:13",
        "11:23",
        "11:43",
        "11:53",
        "12:03",
        "12:13",
        "12:23",
        "12:43",
        "12:53",
        "13:06",
        "13:19",
        "13:43",
        "13:53",
        "14:06",
        "14:19",
        "14:43",
        "14:53",
        "15:03",
        "15:11",
        "15:20",
        "15:28",
        "15:45",
        "15:54",
        "16:03",
        "16:11",
        "16:20",
        "16:28",
        "16:45",
        "16:54",
        "17:03",
        "17:10",
        "17:18",
        "17:25",
        "17:40",
        "17:48",
        "17:55",
        "18:03",
        "18:11",
        "18:20",
        "18:28",
        "18:50",
        "19:03",
        "19:18",
        "19:48",
        "20:03",
        "20:18",
        "20:48",
        "21:13",
        "21:48",
        "22:08",
        "22:33"
    ],
    "saturday": [
        "6:26",
        "6:58",
        "7:10",
        "7:21",
        "7:39",
        "7:48",
        "7:57",
        "8:03",
        "8:13",
        "8:23",
        "8:43",
        "8:53",
        "9:03",
        "9:21",
        "9:51",
        "10:03",
        "10:21",
        "10:51",
        "11:03",
        "11:21",
        "11:51",
        "12:03",
        "12:21",
        "12:51",
        "13:03",
        "13:21",
        "13:51",
        "14:03",
        "14:21",
        "14:51",
        "15:03",
        "15:21",
        "15:51",
        "16:03",
        "16:21",
        "16:51",
        "17:03",
        "17:21",
        "17:51",
        "18:03",
        "18:21",
        "18:51",
        "19:03",
        "19:21",
        "19:51",
        "20:43",
        "21:03",
        "21:43",
        "22:03"
    ],
    "holiday": [
        "6:48",
        "7:15",
        "7:27",
        "7:51",
        "8:03",
        "8:21",
        "8:51",
        "9:03",
        "9:21",
        "9:51",
        "10:03",
        "10:21",
        "10:51",
        "11:03",
        "11:21",
        "11:51",
        "12:03",
        "12:21",
        "12:51",
        "13:03",
        "13:21",
        "13:51",
        "14:03",
        "14:21",
        "14:51",
        "15:03",
        "15:21",
        "15:51",
        "16:03",
        "16:21",
        "16:51",
        "17:03",
        "17:21",
        "17:51",
        "18:03",
        "18:18",
        "18:48",
        "19:03",
        "19:18",
        "19:48",
        "20:08",
        "21:08",
        "21:28"
    ],
    "url": "https://www.kanachu.co.jp/dia/diagram/timetable01_js/course:0000803539-4/node:00129724/kt:0/lname:/"
}
