{
    "date": "2025/11/16",
    "name": "程ヶ谷カントリークラブ前",
    "position": "-",
    "system": "",
    "destinations": [
        "川井橋",
        "東根",
        "原分",
        "亀甲山",
        "大貫橋",
        "若葉台南",
        "若葉台近隣公園前",
        "若葉台中学校前",
        "霧が丘高校前",
        "若葉台車庫前",
        "若葉台中央(横浜市旭区)"
    ],
    "weekday": [
        "6:23",
        "6:32",
        "6:55",
        "7:05",
        "7:11",
        "7:17",
        "7:23",
        "7:27",
        "7:35",
        "7:39",
        "7:43",
        "7:47",
        "7:55",
        "7:59",
        "8:03",
        "8:07",
        "8:15",
        "8:21",
        "8:27",
        "8:33",
        "8:45",
        "8:53",
        "9:01",
        "9:05",
        "9:15",
        "9:25",
        "9:45",
        "9:55",
        "10:05",
        "10:15",
        "10:25",
        "10:45",
        "10:55",
        "11:05",
        "11:15",
        "11:25",
        "11:45",
        "11:55",
        "12:05",
        "12:15",
        "12:25",
        "12:45",
        "12:55",
        "13:08",
        "13:21",
        "13:45",
        "13:55",
        "14:08",
        "14:21",
        "14:45",
        "14:55",
        "15:05",
        "15:13",
        "15:22",
        "15:30",
        "15:47",
        "15:56",
        "16:05",
        "16:13",
        "16:22",
        "16:30",
        "16:47",
        "16:56",
        "17:05",
        "17:12",
        "17:20",
        "17:27",
        "17:42",
        "17:50",
        "17:57",
        "18:05",
        "18:13",
        "18:22",
        "18:30",
        "18:52",
        "19:05",
        "19:20",
        "19:50",
        "20:05",
        "20:20",
        "20:50",
        "21:15",
        "21:50",
        "22:10",
        "22:35"
    ],
    "saturday": [
        "6:28",
        "7:00",
        "7:12",
        "7:23",
        "7:41",
        "7:50",
        "7:59",
        "8:05",
        "8:15",
        "8:25",
        "8:45",
        "8:55",
        "9:05",
        "9:23",
        "9:53",
        "10:05",
        "10:23",
        "10:53",
        "11:05",
        "11:23",
        "11:53",
        "12:05",
        "12:23",
        "12:53",
        "13:05",
        "13:23",
        "13:53",
        "14:05",
        "14:23",
        "14:53",
        "15:05",
        "15:23",
        "15:53",
        "16:05",
        "16:23",
        "16:53",
        "17:05",
        "17:23",
        "17:53",
        "18:05",
        "18:23",
        "18:53",
        "19:05",
        "19:23",
        "19:53",
        "20:45",
        "21:05",
        "21:45",
        "22:05"
    ],
    "holiday": [
        "6:50",
        "7:17",
        "7:29",
        "7:53",
        "8:05",
        "8:23",
        "8:53",
        "9:05",
        "9:23",
        "9:53",
        "10:05",
        "10:23",
        "10:53",
        "11:05",
        "11:23",
        "11:53",
        "12:05",
        "12:23",
        "12:53",
        "13:05",
        "13:23",
        "13:53",
        "14:05",
        "14:23",
        "14:53",
        "15:05",
        "15:23",
        "15:53",
        "16:05",
        "16:23",
        "16:53",
        "17:05",
        "17:23",
        "17:53",
        "18:05",
        "18:20",
        "18:50",
        "19:05",
        "19:20",
        "19:50",
        "20:10",
        "21:10",
        "21:30"
    ],
    "url": "https://www.kanachu.co.jp/dia/diagram/timetable01_js/course:0000803539-6/node:00129726/kt:0/lname:/"
}
