{
    "date": "2025/11/16",
    "name": "原分",
    "position": "-",
    "system": "116",
    "destinations": [
        "亀甲山",
        "大貫橋",
        "若葉台南",
        "若葉台近隣公園前",
        "若葉台中学校前",
        "霧が丘高校前",
        "若葉台車庫前",
        "若葉台中央(横浜市旭区)"
    ],
    "weekday": [
        "6:26",
        "6:35",
        "6:58",
        "7:08",
        "7:14",
        "7:20",
        "7:26",
        "7:30",
        "7:38",
        "7:42",
        "7:46",
        "7:50",
        "7:58",
        "8:02",
        "8:06",
        "8:10",
        "8:18",
        "8:24",
        "8:30",
        "8:36",
        "8:48",
        "8:56",
        "9:04",
        "9:08",
        "9:18",
        "9:28",
        "9:48",
        "9:58",
        "10:08",
        "10:18",
        "10:28",
        "10:48",
        "10:58",
        "11:08",
        "11:18",
        "11:28",
        "11:48",
        "11:58",
        "12:08",
        "12:18",
        "12:28",
        "12:48",
        "12:58",
        "13:11",
        "13:24",
        "13:48",
        "13:58",
        "14:11",
        "14:24",
        "14:48",
        "14:58",
        "15:08",
        "15:16",
        "15:25",
        "15:33",
        "15:50",
        "15:59",
        "16:08",
        "16:16",
        "16:25",
        "16:33",
        "16:50",
        "16:59",
        "17:08",
        "17:15",
        "17:23",
        "17:30",
        "17:45",
        "17:53",
        "18:00",
        "18:08",
        "18:16",
        "18:25",
        "18:33",
        "18:55",
        "19:08",
        "19:23",
        "19:53",
        "20:08",
        "20:23",
        "20:53",
        "21:18",
        "21:53",
        "22:13",
        "22:38"
    ],
    "saturday": [
        "6:31",
        "7:03",
        "7:15",
        "7:26",
        "7:44",
        "7:53",
        "8:02",
        "8:08",
        "8:18",
        "8:28",
        "8:48",
        "8:58",
        "9:08",
        "9:26",
        "9:56",
        "10:08",
        "10:26",
        "10:56",
        "11:08",
        "11:26",
        "11:56",
        "12:08",
        "12:26",
        "12:56",
        "13:08",
        "13:26",
        "13:56",
        "14:08",
        "14:26",
        "14:56",
        "15:08",
        "15:26",
        "15:56",
        "16:08",
        "16:26",
        "16:56",
        "17:08",
        "17:26",
        "17:56",
        "18:08",
        "18:26",
        "18:56",
        "19:08",
        "19:26",
        "19:56",
        "20:48",
        "21:08",
        "21:48",
        "22:08"
    ],
    "holiday": [
        "6:53",
        "7:20",
        "7:32",
        "7:56",
        "8:08",
        "8:26",
        "8:56",
        "9:08",
        "9:26",
        "9:56",
        "10:08",
        "10:26",
        "10:56",
        "11:08",
        "11:26",
        "11:56",
        "12:08",
        "12:26",
        "12:56",
        "13:08",
        "13:26",
        "13:56",
        "14:08",
        "14:26",
        "14:56",
        "15:08",
        "15:26",
        "15:56",
        "16:08",
        "16:26",
        "16:56",
        "17:08",
        "17:26",
        "17:56",
        "18:08",
        "18:23",
        "18:53",
        "19:08",
        "19:23",
        "19:53",
        "20:13",
        "21:13",
        "21:33"
    ],
    "url": "https://www.kanachu.co.jp/dia/diagram/timetable01_js/course:0000803539-9/node:00129729/kt:0/lname:/"
}
