{
    "date": "2025/11/16",
    "name": "若葉台南",
    "position": "-",
    "system": "116",
    "destinations": [
        "若葉台近隣公園前",
        "若葉台中学校前",
        "霧が丘高校前",
        "若葉台車庫前",
        "若葉台中央(横浜市旭区)"
    ],
    "weekday": [
        "6:29",
        "6:38",
        "7:01",
        "7:11",
        "7:17",
        "7:23",
        "7:29",
        "7:33",
        "7:41",
        "7:45",
        "7:49",
        "7:53",
        "8:01",
        "8:05",
        "8:09",
        "8:13",
        "8:21",
        "8:27",
        "8:33",
        "8:39",
        "8:51",
        "8:59",
        "9:07",
        "9:11",
        "9:21",
        "9:31",
        "9:51",
        "10:01",
        "10:11",
        "10:21",
        "10:31",
        "10:51",
        "11:01",
        "11:11",
        "11:21",
        "11:31",
        "11:51",
        "12:01",
        "12:11",
        "12:21",
        "12:31",
        "12:51",
        "13:01",
        "13:14",
        "13:27",
        "13:51",
        "14:01",
        "14:14",
        "14:27",
        "14:51",
        "15:01",
        "15:11",
        "15:19",
        "15:28",
        "15:36",
        "15:53",
        "16:02",
        "16:11",
        "16:19",
        "16:28",
        "16:36",
        "16:53",
        "17:02",
        "17:11",
        "17:18",
        "17:26",
        "17:33",
        "17:48",
        "17:56",
        "18:03",
        "18:11",
        "18:19",
        "18:28",
        "18:36",
        "18:58",
        "19:11",
        "19:26",
        "19:56",
        "20:11",
        "20:26",
        "20:56",
        "21:21",
        "21:56",
        "22:16",
        "22:41"
    ],
    "saturday": [
        "6:34",
        "7:06",
        "7:18",
        "7:29",
        "7:47",
        "7:56",
        "8:05",
        "8:11",
        "8:21",
        "8:31",
        "8:51",
        "9:01",
        "9:11",
        "9:29",
        "9:59",
        "10:11",
        "10:29",
        "10:59",
        "11:11",
        "11:29",
        "11:59",
        "12:11",
        "12:29",
        "12:59",
        "13:11",
        "13:29",
        "13:59",
        "14:11",
        "14:29",
        "14:59",
        "15:11",
        "15:29",
        "15:59",
        "16:11",
        "16:29",
        "16:59",
        "17:11",
        "17:29",
        "17:59",
        "18:11",
        "18:29",
        "18:59",
        "19:11",
        "19:29",
        "19:59",
        "20:51",
        "21:11",
        "21:51",
        "22:11"
    ],
    "holiday": [
        "6:56",
        "7:23",
        "7:35",
        "7:59",
        "8:11",
        "8:29",
        "8:59",
        "9:11",
        "9:29",
        "9:59",
        "10:11",
        "10:29",
        "10:59",
        "11:11",
        "11:29",
        "11:59",
        "12:11",
        "12:29",
        "12:59",
        "13:11",
        "13:29",
        "13:59",
        "14:11",
        "14:29",
        "14:59",
        "15:11",
        "15:29",
        "15:59",
        "16:11",
        "16:29",
        "16:59",
        "17:11",
        "17:29",
        "17:59",
        "18:11",
        "18:26",
        "18:56",
        "19:11",
        "19:26",
        "19:56",
        "20:16",
        "21:16",
        "21:36"
    ],
    "url": "https://www.kanachu.co.jp/dia/diagram/timetable01_js/course:0000803539-12/node:00103262/kt:0/lname:/"
}
