{
    "date": "2025/11/16",
    "name": "霧が丘高校前",
    "position": "-",
    "system": "",
    "destinations": [
        "若葉台車庫前",
        "若葉台中央(横浜市旭区)"
    ],
    "weekday": [
        "6:32",
        "6:41",
        "7:04",
        "7:14",
        "7:20",
        "7:26",
        "7:32",
        "7:36",
        "7:44",
        "7:48",
        "7:52",
        "7:56",
        "8:04",
        "8:08",
        "8:12",
        "8:16",
        "8:24",
        "8:30",
        "8:36",
        "8:42",
        "8:54",
        "9:02",
        "9:10",
        "9:14",
        "9:24",
        "9:34",
        "9:54",
        "10:04",
        "10:14",
        "10:24",
        "10:34",
        "10:54",
        "11:04",
        "11:14",
        "11:24",
        "11:34",
        "11:54",
        "12:04",
        "12:14",
        "12:24",
        "12:34",
        "12:54",
        "13:04",
        "13:17",
        "13:30",
        "13:54",
        "14:04",
        "14:17",
        "14:30",
        "14:54",
        "15:04",
        "15:14",
        "15:22",
        "15:31",
        "15:39",
        "15:56",
        "16:05",
        "16:14",
        "16:22",
        "16:31",
        "16:39",
        "16:56",
        "17:05",
        "17:14",
        "17:21",
        "17:29",
        "17:36",
        "17:51",
        "17:59",
        "18:06",
        "18:14",
        "18:22",
        "18:31",
        "18:39",
        "19:01",
        "19:14",
        "19:29",
        "19:59",
        "20:14",
        "20:29",
        "20:59",
        "21:24",
        "21:59",
        "22:19",
        "22:44"
    ],
    "saturday": [
        "6:37",
        "7:09",
        "7:21",
        "7:32",
        "7:50",
        "7:59",
        "8:08",
        "8:14",
        "8:24",
        "8:34",
        "8:54",
        "9:04",
        "9:14",
        "9:32",
        "10:02",
        "10:14",
        "10:32",
        "11:02",
        "11:14",
        "11:32",
        "12:02",
        "12:14",
        "12:32",
        "13:02",
        "13:14",
        "13:32",
        "14:02",
        "14:14",
        "14:32",
        "15:02",
        "15:14",
        "15:32",
        "16:02",
        "16:14",
        "16:32",
        "17:02",
        "17:14",
        "17:32",
        "18:02",
        "18:14",
        "18:32",
        "19:02",
        "19:14",
        "19:32",
        "20:02",
        "20:54",
        "21:14",
        "21:54",
        "22:14"
    ],
    "holiday": [
        "6:59",
        "7:26",
        "7:38",
        "8:02",
        "8:14",
        "8:32",
        "9:02",
        "9:14",
        "9:32",
        "10:02",
        "10:14",
        "10:32",
        "11:02",
        "11:14",
        "11:32",
        "12:02",
        "12:14",
        "12:32",
        "13:02",
        "13:14",
        "13:32",
        "14:02",
        "14:14",
        "14:32",
        "15:02",
        "15:14",
        "15:32",
        "16:02",
        "16:14",
        "16:32",
        "17:02",
        "17:14",
        "17:32",
        "18:02",
        "18:14",
        "18:29",
        "18:59",
        "19:14",
        "19:29",
        "19:59",
        "20:19",
        "21:19",
        "21:39"
    ],
    "url": "https://www.kanachu.co.jp/dia/diagram/timetable01_js/course:0000803539-15/node:00019298/kt:0/lname:/"
}
