{
    "date": "2025/11/16",
    "name": "山下(平塚市)",
    "position": "-",
    "system": "平33",
    "destinations": [
        "上山下(平塚市)",
        "下万田",
        "上万田",
        "万田自治会館前",
        "小向(平塚市)",
        "下出縄",
        "上出縄",
        "上寺坂",
        "境橋(中郡大磯町)",
        "弁天通り(平塚市)",
        "松岩寺"
    ],
    "weekday": [
        "7:00",
        "7:23",
        "7:39",
        "7:59",
        "8:23",
        "8:52",
        "9:52",
        "10:53",
        "11:53",
        "12:53",
        "13:53",
        "14:53",
        "15:23",
        "15:53",
        "16:53",
        "17:23",
        "17:53",
        "18:22",
        "18:53",
        "19:22",
        "19:52",
        "20:22",
        "20:52",
        "21:22",
        "22:22"
    ],
    "saturday": [
        "7:16",
        "7:46",
        "8:41",
        "9:46",
        "10:52",
        "11:52",
        "12:52",
        "13:52",
        "14:52",
        "15:52",
        "16:52",
        "17:22",
        "17:52",
        "18:19",
        "18:52",
        "19:22",
        "19:52",
        "20:22",
        "21:22",
        "22:22"
    ],
    "holiday": [
        "7:16",
        "7:46",
        "8:41",
        "9:46",
        "10:52",
        "11:52",
        "12:52",
        "13:52",
        "14:52",
        "15:52",
        "16:52",
        "17:22",
        "17:52",
        "18:19",
        "18:52",
        "19:22",
        "19:52",
        "20:22",
        "21:22",
        "22:22"
    ],
    "url": "https://www.kanachu.co.jp/dia/diagram/timetable01_js/course:0000800592-11/node:00127532/kt:0/lname:/"
}
