{
    "date": "2025/11/16",
    "name": "下万田",
    "position": "-",
    "system": "平33",
    "destinations": [
        "上万田",
        "万田自治会館前",
        "小向(平塚市)",
        "下出縄",
        "上出縄",
        "上寺坂",
        "境橋(中郡大磯町)",
        "弁天通り(平塚市)",
        "松岩寺"
    ],
    "weekday": [
        "7:02",
        "7:25",
        "7:41",
        "8:01",
        "8:25",
        "8:54",
        "9:54",
        "10:55",
        "11:55",
        "12:55",
        "13:55",
        "14:55",
        "15:25",
        "15:55",
        "16:55",
        "17:25",
        "17:55",
        "18:24",
        "18:55",
        "19:24",
        "19:54",
        "20:24",
        "20:54",
        "21:24",
        "22:24"
    ],
    "saturday": [
        "7:18",
        "7:48",
        "8:43",
        "9:48",
        "10:54",
        "11:54",
        "12:54",
        "13:54",
        "14:54",
        "15:54",
        "16:54",
        "17:24",
        "17:54",
        "18:21",
        "18:54",
        "19:24",
        "19:54",
        "20:24",
        "21:24",
        "22:24"
    ],
    "holiday": [
        "7:18",
        "7:48",
        "8:43",
        "9:48",
        "10:54",
        "11:54",
        "12:54",
        "13:54",
        "14:54",
        "15:54",
        "16:54",
        "17:24",
        "17:54",
        "18:21",
        "18:54",
        "19:24",
        "19:54",
        "20:24",
        "21:24",
        "22:24"
    ],
    "url": "https://www.kanachu.co.jp/dia/diagram/timetable01_js/course:0000800592-13/node:00127534/kt:0/lname:/"
}
