{
    "date": "2025/11/16",
    "name": "上万田",
    "position": "-",
    "system": "平33",
    "destinations": [
        "万田自治会館前",
        "小向(平塚市)",
        "下出縄",
        "上出縄",
        "上寺坂",
        "境橋(中郡大磯町)",
        "弁天通り(平塚市)",
        "松岩寺"
    ],
    "weekday": [
        "7:03",
        "7:26",
        "7:42",
        "8:02",
        "8:26",
        "8:55",
        "9:55",
        "10:56",
        "11:56",
        "12:56",
        "13:56",
        "14:56",
        "15:26",
        "15:56",
        "16:56",
        "17:26",
        "17:56",
        "18:25",
        "18:56",
        "19:25",
        "19:55",
        "20:25",
        "20:55",
        "21:25",
        "22:25"
    ],
    "saturday": [
        "7:19",
        "7:49",
        "8:44",
        "9:49",
        "10:55",
        "11:55",
        "12:55",
        "13:55",
        "14:55",
        "15:55",
        "16:55",
        "17:25",
        "17:55",
        "18:22",
        "18:55",
        "19:25",
        "19:55",
        "20:25",
        "21:25",
        "22:25"
    ],
    "holiday": [
        "7:19",
        "7:49",
        "8:44",
        "9:49",
        "10:55",
        "11:55",
        "12:55",
        "13:55",
        "14:55",
        "15:55",
        "16:55",
        "17:25",
        "17:55",
        "18:22",
        "18:55",
        "19:25",
        "19:55",
        "20:25",
        "21:25",
        "22:25"
    ],
    "url": "https://www.kanachu.co.jp/dia/diagram/timetable01_js/course:0000800592-14/node:00127535/kt:0/lname:/"
}
