{
    "date": "2025/11/16",
    "name": "上寺坂",
    "position": "-",
    "system": "平33",
    "destinations": [
        "境橋(中郡大磯町)",
        "弁天通り(平塚市)",
        "松岩寺"
    ],
    "weekday": [
        "7:09",
        "7:32",
        "7:48",
        "8:08",
        "8:32",
        "9:01",
        "10:01",
        "11:02",
        "12:02",
        "13:02",
        "14:02",
        "15:02",
        "15:32",
        "16:02",
        "17:02",
        "17:32",
        "18:02",
        "18:31",
        "19:02",
        "19:31",
        "20:01",
        "20:31",
        "21:01",
        "21:31",
        "22:31"
    ],
    "saturday": [
        "7:25",
        "7:55",
        "8:50",
        "9:55",
        "11:01",
        "12:01",
        "13:01",
        "14:01",
        "15:01",
        "16:01",
        "17:01",
        "17:31",
        "18:01",
        "18:28",
        "19:01",
        "19:31",
        "20:01",
        "20:31",
        "21:31",
        "22:31"
    ],
    "holiday": [
        "7:25",
        "7:55",
        "8:50",
        "9:55",
        "11:01",
        "12:01",
        "13:01",
        "14:01",
        "15:01",
        "16:01",
        "17:01",
        "17:31",
        "18:01",
        "18:28",
        "19:01",
        "19:31",
        "20:01",
        "20:31",
        "21:31",
        "22:31"
    ],
    "url": "https://www.kanachu.co.jp/dia/diagram/timetable01_js/course:0000800592-19/node:00127542/kt:0/lname:/"
}
