{
    "date": "2025/04/01",
    "name": "平和台坂上",
    "position": "-",
    "system": "鶴25",
    "destinations": [
        "平和台北",
        "第二公園前(町田市)",
        "平和台幼稚園前",
        "平和台坂上",
        "平和台入口",
        "能ヶ谷二丁目",
        "鶴川駅"
    ],
    "weekday": [
        "6:31",
        "7:06",
        "7:39",
        "8:11",
        "9:11",
        "10:11",
        "11:11",
        "12:11",
        "13:11",
        "14:11",
        "15:11",
        "16:11",
        "16:51",
        "17:31",
        "18:11",
        "18:51",
        "19:31",
        "20:11",
        "21:11",
        "22:13"
    ],
    "saturday": [
        "7:16",
        "8:16",
        "9:16",
        "10:16",
        "11:16",
        "12:16",
        "13:16",
        "14:16",
        "15:16",
        "16:16",
        "17:16",
        "18:16",
        "19:16"
    ],
    "holiday": [
        "8:16",
        "9:16",
        "10:16",
        "11:16",
        "12:16",
        "13:16",
        "14:16",
        "15:16",
        "16:16",
        "17:16",
        "18:16",
        "19:16"
    ],
    "url": "https://www.kanachu.co.jp/dia/diagram/timetable01_js/course:0000803451-4/node:00129489/kt:0/lname:/"
}
