{
    "date": "2025/04/01",
    "name": "平和台北",
    "position": "-",
    "system": "鶴25",
    "destinations": [
        "第二公園前(町田市)",
        "平和台幼稚園前",
        "平和台坂上",
        "平和台入口",
        "能ヶ谷二丁目",
        "鶴川駅"
    ],
    "weekday": [
        "6:32",
        "7:07",
        "7:40",
        "8:12",
        "9:12",
        "10:12",
        "11:12",
        "12:12",
        "13:12",
        "14:12",
        "15:12",
        "16:12",
        "16:52",
        "17:32",
        "18:12",
        "18:52",
        "19:32",
        "20:12",
        "21:12",
        "22:14"
    ],
    "saturday": [
        "7:17",
        "8:17",
        "9:17",
        "10:17",
        "11:17",
        "12:17",
        "13:17",
        "14:17",
        "15:17",
        "16:17",
        "17:17",
        "18:17",
        "19:17"
    ],
    "holiday": [
        "8:17",
        "9:17",
        "10:17",
        "11:17",
        "12:17",
        "13:17",
        "14:17",
        "15:17",
        "16:17",
        "17:17",
        "18:17",
        "19:17"
    ],
    "url": "https://www.kanachu.co.jp/dia/diagram/timetable01_js/course:0000803451-5/node:00129490/kt:0/lname:/"
}
