{
    "date": "2025/04/19",
    "name": "古淵駅入口",
    "position": "-",
    "system": "古01",
    "destinations": [
        "老人ホーム入口(相模原市南区)",
        "大野台二丁目",
        "大野台中央小入口",
        "ゴルフ場前(相模原市南区)",
        "大野台四丁目",
        "大野台八丁目",
        "大野台入口",
        "麻溝台入口",
        "麻溝台高校",
        "北里大学病院・北里大学"
    ],
    "weekday": [
        "7:33",
        "8:03",
        "8:43",
        "9:13",
        "9:43",
        "10:43",
        "11:33",
        "12:33",
        "13:03",
        "14:03",
        "15:03",
        "16:03",
        "17:08",
        "17:40",
        "18:15",
        "18:50",
        "19:20",
        "19:50",
        "20:36"
    ],
    "saturday": [
        "7:33",
        "8:03",
        "9:03",
        "10:03",
        "11:03",
        "12:03",
        "13:03",
        "14:03",
        "15:03",
        "16:03",
        "17:03",
        "18:03",
        "19:03",
        "20:03"
    ],
    "holiday": [
        "8:03",
        "9:03",
        "10:03",
        "11:03",
        "12:03",
        "13:03",
        "14:03",
        "15:03",
        "16:03",
        "17:03",
        "18:03",
        "19:03",
        "20:03"
    ],
    "url": "https://www.kanachu.co.jp/dia/diagram/timetable01_js/course:0000801900-2/node:00129314/kt:0/lname:/"
}
