{
    "date": "2024/04/01",
    "name": "北里大学病院・北里大学",
    "position": "-",
    "system": "大59",
    "destinations": [
        "麻溝台高校",
        "麻溝台入口",
        "さがみ緑風園前",
        "麻溝台中学校入口",
        "麻溝台",
        "水道路(相模原市南区)",
        "双葉入口",
        "御園五丁目",
        "みゆき台団地",
        "御園二丁目",
        "上原団地",
        "谷口台小学校前",
        "相模女子大前",
        "相模大野駅北口"
    ],
    "weekday": [
        "5:30",
        "5:42",
        "5:54",
        "6:01",
        "6:08",
        "6:15",
        "6:23",
        "6:29",
        "6:35",
        "6:41",
        "6:49",
        "6:55",
        "6:59",
        "7:03",
        "7:09",
        "7:14",
        "7:22",
        "7:28",
        "7:33",
        "7:39",
        "7:47",
        "8:07",
        "8:18",
        "8:33",
        "8:57",
        "9:17",
        "9:47",
        "10:21",
        "10:36",
        "11:11",
        "11:41",
        "12:16",
        "12:41",
        "13:16",
        "13:46",
        "14:16",
        "14:46",
        "15:16",
        "15:46",
        "16:12",
        "16:24",
        "16:42",
        "17:07",
        "17:30",
        "17:42",
        "18:05",
        "18:40",
        "19:09",
        "19:34",
        "20:17",
        "20:37",
        "21:07",
        "21:32",
        "22:22"
    ],
    "saturday": [
        "5:52",
        "6:17",
        "6:37",
        "6:52",
        "7:07",
        "7:22",
        "7:37",
        "8:00",
        "8:12",
        "8:24",
        "8:51",
        "9:16",
        "9:26",
        "9:46",
        "10:16",
        "10:46",
        "11:16",
        "11:39",
        "11:51",
        "12:16",
        "12:31",
        "13:36",
        "14:44",
        "15:31",
        "16:32",
        "17:32",
        "18:17",
        "19:17",
        "20:52",
        "21:52"
    ],
    "holiday": [
        "6:12",
        "6:42",
        "7:02",
        "7:24",
        "7:42",
        "8:55",
        "9:36",
        "10:36",
        "11:31",
        "12:31",
        "13:31",
        "14:31",
        "15:36",
        "16:36",
        "17:41",
        "20:22",
        "21:07"
    ],
    "url": "https://www.kanachu.co.jp/dia/diagram/timetable01_js/course:0000803518-1/node:00129119/kt:0/lname:/"
}
