{
    "date": "2024/04/01",
    "name": "麻溝台中学校入口",
    "position": "-",
    "system": "大59",
    "destinations": [
        "麻溝台",
        "水道路(相模原市南区)",
        "双葉入口",
        "御園五丁目",
        "みゆき台団地",
        "御園二丁目",
        "上原団地",
        "谷口台小学校前",
        "相模女子大前",
        "相模大野駅北口"
    ],
    "weekday": [
        "5:34",
        "5:46",
        "5:58",
        "6:05",
        "6:12",
        "6:19",
        "6:27",
        "6:33",
        "6:39",
        "6:45",
        "6:53",
        "6:59",
        "7:03",
        "7:08",
        "7:14",
        "7:19",
        "7:27",
        "7:33",
        "7:38",
        "7:44",
        "7:52",
        "8:12",
        "8:23",
        "8:38",
        "9:02",
        "9:22",
        "9:52",
        "10:26",
        "10:41",
        "11:16",
        "11:46",
        "12:21",
        "12:46",
        "13:21",
        "13:51",
        "14:21",
        "14:51",
        "15:21",
        "15:51",
        "16:18",
        "16:30",
        "16:48",
        "17:13",
        "17:36",
        "17:48",
        "18:11",
        "18:46",
        "19:14",
        "19:39",
        "20:21",
        "20:41",
        "21:11",
        "21:36",
        "22:26"
    ],
    "saturday": [
        "5:56",
        "6:21",
        "6:41",
        "6:56",
        "7:11",
        "7:26",
        "7:41",
        "8:05",
        "8:17",
        "8:29",
        "8:56",
        "9:21",
        "9:31",
        "9:51",
        "10:21",
        "10:51",
        "11:21",
        "11:44",
        "11:56",
        "12:21",
        "12:36",
        "13:41",
        "14:49",
        "15:36",
        "16:37",
        "17:37",
        "18:22",
        "19:21",
        "20:56",
        "21:56"
    ],
    "holiday": [
        "6:16",
        "6:46",
        "7:06",
        "7:28",
        "7:46",
        "8:59",
        "9:41",
        "10:41",
        "11:36",
        "12:36",
        "13:36",
        "14:36",
        "15:41",
        "16:41",
        "17:46",
        "20:26",
        "21:11"
    ],
    "url": "https://www.kanachu.co.jp/dia/diagram/timetable01_js/course:0000803518-5/node:00129697/kt:0/lname:/"
}
