{
    "date": "2024/04/01",
    "name": "御園五丁目",
    "position": "-",
    "system": "大59",
    "destinations": [
        "みゆき台団地",
        "御園二丁目",
        "上原団地",
        "谷口台小学校前",
        "相模女子大前",
        "相模大野駅北口"
    ],
    "weekday": [
        "5:40",
        "5:52",
        "6:04",
        "6:11",
        "6:18",
        "6:25",
        "6:33",
        "6:39",
        "6:45",
        "6:51",
        "6:59",
        "7:06",
        "7:10",
        "7:15",
        "7:21",
        "7:26",
        "7:34",
        "7:40",
        "7:45",
        "7:51",
        "7:59",
        "8:19",
        "8:30",
        "8:45",
        "9:09",
        "9:29",
        "9:59",
        "10:32",
        "10:47",
        "11:22",
        "11:52",
        "12:27",
        "12:52",
        "13:27",
        "13:57",
        "14:27",
        "14:57",
        "15:27",
        "15:57",
        "16:25",
        "16:37",
        "16:55",
        "17:21",
        "17:44",
        "17:56",
        "18:18",
        "18:53",
        "19:21",
        "19:46",
        "20:27",
        "20:47",
        "21:17",
        "21:42",
        "22:32"
    ],
    "saturday": [
        "6:02",
        "6:27",
        "6:47",
        "7:02",
        "7:17",
        "7:32",
        "7:47",
        "8:11",
        "8:23",
        "8:35",
        "9:02",
        "9:27",
        "9:37",
        "9:57",
        "10:27",
        "10:57",
        "11:27",
        "11:50",
        "12:02",
        "12:27",
        "12:42",
        "13:47",
        "14:55",
        "15:42",
        "16:44",
        "17:44",
        "18:28",
        "19:27",
        "21:02",
        "22:02"
    ],
    "holiday": [
        "6:22",
        "6:52",
        "7:12",
        "7:34",
        "7:52",
        "9:05",
        "9:47",
        "10:47",
        "11:42",
        "12:42",
        "13:42",
        "14:42",
        "15:47",
        "16:47",
        "17:52",
        "20:32",
        "21:17"
    ],
    "url": "https://www.kanachu.co.jp/dia/diagram/timetable01_js/course:0000803518-9/node:00129261/kt:0/lname:/"
}
