{
    "date": "2024/04/01",
    "name": "谷口台小学校前",
    "position": "-",
    "system": "大59",
    "destinations": [
        "相模女子大前",
        "相模大野駅北口"
    ],
    "weekday": [
        "5:45",
        "5:57",
        "6:09",
        "6:16",
        "6:23",
        "6:30",
        "6:38",
        "6:44",
        "6:50",
        "6:56",
        "7:05",
        "7:12",
        "7:16",
        "7:21",
        "7:27",
        "7:32",
        "7:40",
        "7:46",
        "7:51",
        "7:57",
        "8:05",
        "8:25",
        "8:36",
        "8:51",
        "9:14",
        "9:34",
        "10:04",
        "10:37",
        "10:52",
        "11:27",
        "11:57",
        "12:32",
        "12:57",
        "13:32",
        "14:02",
        "14:32",
        "15:02",
        "15:32",
        "16:02",
        "16:31",
        "16:43",
        "17:01",
        "17:27",
        "17:50",
        "18:02",
        "18:24",
        "18:59",
        "19:25",
        "19:50",
        "20:31",
        "20:51",
        "21:21",
        "21:46",
        "22:36"
    ],
    "saturday": [
        "6:07",
        "6:32",
        "6:52",
        "7:07",
        "7:22",
        "7:37",
        "7:52",
        "8:16",
        "8:28",
        "8:40",
        "9:07",
        "9:32",
        "9:42",
        "10:02",
        "10:32",
        "11:02",
        "11:32",
        "11:55",
        "12:07",
        "12:32",
        "12:47",
        "13:52",
        "15:00",
        "15:47",
        "16:50",
        "17:50",
        "18:32",
        "19:31",
        "21:06",
        "22:06"
    ],
    "holiday": [
        "6:26",
        "6:56",
        "7:16",
        "7:38",
        "7:56",
        "9:10",
        "9:52",
        "10:52",
        "11:47",
        "12:47",
        "13:47",
        "14:47",
        "15:52",
        "16:52",
        "17:57",
        "20:36",
        "21:21"
    ],
    "url": "https://www.kanachu.co.jp/dia/diagram/timetable01_js/course:0000803518-13/node:00129279/kt:0/lname:/"
}
