{
    "date": "2024/04/01",
    "name": "相模女子大前",
    "position": "-",
    "system": "大59",
    "destinations": [
        "相模大野駅北口"
    ],
    "weekday": [
        "5:46",
        "5:58",
        "6:10",
        "6:17",
        "6:24",
        "6:31",
        "6:39",
        "6:45",
        "6:51",
        "6:57",
        "7:06",
        "7:13",
        "7:17",
        "7:22",
        "7:28",
        "7:33",
        "7:41",
        "7:47",
        "7:52",
        "7:58",
        "8:06",
        "8:26",
        "8:37",
        "8:52",
        "9:15",
        "9:35",
        "10:05",
        "10:38",
        "10:53",
        "11:28",
        "11:58",
        "12:33",
        "12:58",
        "13:33",
        "14:03",
        "14:33",
        "15:03",
        "15:33",
        "16:03",
        "16:32",
        "16:44",
        "17:03",
        "17:29",
        "17:52",
        "18:04",
        "18:26",
        "19:01",
        "19:26",
        "19:51",
        "20:32",
        "20:52",
        "21:22",
        "21:47",
        "22:37"
    ],
    "saturday": [
        "6:08",
        "6:33",
        "6:53",
        "7:08",
        "7:23",
        "7:38",
        "7:53",
        "8:17",
        "8:29",
        "8:41",
        "9:08",
        "9:33",
        "9:43",
        "10:03",
        "10:33",
        "11:03",
        "11:33",
        "11:56",
        "12:08",
        "12:33",
        "12:48",
        "13:53",
        "15:01",
        "15:48",
        "16:51",
        "17:51",
        "18:33",
        "19:32",
        "21:07",
        "22:07"
    ],
    "holiday": [
        "6:27",
        "6:57",
        "7:17",
        "7:39",
        "7:57",
        "9:11",
        "9:53",
        "10:53",
        "11:48",
        "12:48",
        "13:48",
        "14:48",
        "15:53",
        "16:53",
        "17:58",
        "20:37",
        "21:22"
    ],
    "url": "https://www.kanachu.co.jp/dia/diagram/timetable01_js/course:0000803518-14/node:00129150/kt:0/lname:/"
}
