{
    "system": "大59",
    "busstops": [
        {
            "index": "1",
            "id": "00129119",
            "name": "北里大学病院・北里大学",
            "lat": "35.537606",
            "lng": "139.394135"
        },
        {
            "index": "2",
            "id": "00129064",
            "name": "麻溝台高校",
            "lat": "35.537472",
            "lng": "139.400357"
        },
        {
            "index": "3",
            "id": "00129121",
            "name": "麻溝台入口",
            "lat": "35.537813",
            "lng": "139.404059"
        },
        {
            "index": "4",
            "id": "00129698",
            "name": "さがみ緑風園前",
            "lat": "35.533437",
            "lng": "139.405581"
        },
        {
            "index": "5",
            "id": "00129697",
            "name": "麻溝台中学校入口",
            "lat": "35.530641",
            "lng": "139.405999"
        },
        {
            "index": "6",
            "id": "00129696",
            "name": "麻溝台",
            "lat": "35.527114",
            "lng": "139.406533"
        },
        {
            "index": "7",
            "id": "00129695",
            "name": "水道路(相模原市南区)",
            "lat": "35.524689",
            "lng": "139.407451"
        },
        {
            "index": "8",
            "id": "00129242",
            "name": "双葉入口",
            "lat": "35.524625",
            "lng": "139.413038"
        },
        {
            "index": "9",
            "id": "00129261",
            "name": "御園五丁目",
            "lat": "35.525005",
            "lng": "139.414397"
        },
        {
            "index": "10",
            "id": "00129258",
            "name": "みゆき台団地",
            "lat": "35.527131",
            "lng": "139.4183"
        },
        {
            "index": "11",
            "id": "00129260",
            "name": "御園二丁目",
            "lat": "35.528812",
            "lng": "139.420572"
        },
        {
            "index": "12",
            "id": "00129078",
            "name": "上原団地",
            "lat": "35.531552",
            "lng": "139.424077"
        },
        {
            "index": "13",
            "id": "00129279",
            "name": "谷口台小学校前",
            "lat": "35.531735",
            "lng": "139.426559"
        },
        {
            "index": "14",
            "id": "00129150",
            "name": "相模女子大前",
            "lat": "35.532038",
            "lng": "139.430209"
        },
        {
            "index": "15",
            "id": "00114298",
            "name": "相模大野駅北口",
            "lat": "35.531961",
            "lng": "139.436873"
        }
    ],
    "route_url": "https://www.kanachu.co.jp/dia/route/index/cid:0000803518/"
}
