{
    "date": "2024/03/16",
    "name": "元大橋公園前",
    "position": "-",
    "system": "港37",
    "destinations": [
        "若竹町(横浜市栄区)",
        "元大橋",
        "中野町",
        "稲荷森",
        "山手学院入口",
        "本郷車庫前(横浜市栄区)",
        "紅葉橋(横浜市栄区)",
        "光明寺(横浜市栄区)",
        "庄戸(横浜市栄区)",
        "庄戸入口",
        "八軒谷戸",
        "西ヶ谷入口",
        "西ヶ谷",
        "上郷ネオポリス"
    ],
    "weekday": [
        "20:42",
        "21:04",
        "21:26",
        "21:48",
        "22:14",
        "22:44",
        "23:16"
    ],
    "saturday": [
        "20:17",
        "20:47",
        "21:17",
        "21:47",
        "22:16"
    ],
    "holiday": [
        "20:17",
        "20:47",
        "21:17",
        "21:47",
        "22:16"
    ],
    "url": "https://www.kanachu.co.jp/dia/diagram/timetable01_js/course:0000800760-4/node:00126548/kt:0/lname:/"
}
