{
    "date": "2024/03/16",
    "name": "本郷車庫前(横浜市栄区)",
    "position": "-",
    "system": "港37",
    "destinations": [
        "紅葉橋(横浜市栄区)",
        "光明寺(横浜市栄区)",
        "庄戸(横浜市栄区)",
        "庄戸入口",
        "八軒谷戸",
        "西ヶ谷入口",
        "西ヶ谷",
        "上郷ネオポリス"
    ],
    "weekday": [
        "20:48",
        "21:10",
        "21:32",
        "21:54",
        "22:20",
        "22:50",
        "23:22"
    ],
    "saturday": [
        "20:23",
        "20:53",
        "21:23",
        "21:53",
        "22:22"
    ],
    "holiday": [
        "20:23",
        "20:53",
        "21:23",
        "21:53",
        "22:22"
    ],
    "url": "https://www.kanachu.co.jp/dia/diagram/timetable01_js/course:0000800760-10/node:00025683/kt:0/lname:/"
}
