{
    "date": "2025/12/20",
    "name": "市民活動拠点ベテルギウス前",
    "position": "-",
    "system": "間23",
    "destinations": [
        "郵便局前(大和市)",
        "職業安定所前(大和市)",
        "市役所市立病院前",
        "オークシティ前",
        "鶴間車庫"
    ],
    "weekday": [
        "20:18"
    ],
    "saturday": [
        "19:28"
    ],
    "holiday": [
        "19:28"
    ],
    "url": "https://www.kanachu.co.jp/dia/diagram/timetable01_js/course:0000803946-4/node:00129613/kt:0/lname:/"
}
