{
    "date": "2023/02/18",
    "name": "駒返橋",
    "position": "-",
    "system": "平50",
    "destinations": [
        "鹿見堂橋",
        "平塚市リサイクルプラザ",
        "大江工業前",
        "ふじみ園前",
        "前鳥神社前",
        "大念寺前",
        "四ノ宮(平塚市)",
        "泉蔵院前",
        "古河電工入口",
        "八幡公民館入口",
        "八幡(平塚市)",
        "八幡入口",
        "コンフォール平塚前",
        "市役所前(平塚市)",
        "四ツ角(平塚市)",
        "平塚駅北口"
    ],
    "weekday": [
        "6:07",
        "6:41",
        "6:59"
    ],
    "saturday": [
        "6:05"
    ],
    "holiday": [
        "6:05"
    ],
    "url": "https://www.kanachu.co.jp/dia/diagram/timetable01_js/course:0000801343-16/node:00127661/kt:0/lname:/"
}
