{
    "date": "2023/02/18",
    "name": "古河電工入口",
    "position": "-",
    "system": "平50",
    "destinations": [
        "八幡公民館入口",
        "八幡(平塚市)",
        "八幡入口",
        "コンフォール平塚前",
        "市役所前(平塚市)",
        "四ツ角(平塚市)",
        "平塚駅北口"
    ],
    "weekday": [
        "6:18",
        "6:53",
        "7:11"
    ],
    "saturday": [
        "6:15"
    ],
    "holiday": [
        "6:15"
    ],
    "url": "https://www.kanachu.co.jp/dia/diagram/timetable01_js/course:0000801343-25/node:00127648/kt:0/lname:/"
}
