{
    "date": "2025/05/11",
    "name": "岩井口",
    "position": "-",
    "system": "船20",
    "destinations": [
        "笠間町",
        "笠間十字路",
        "平島(鎌倉市)",
        "鎌倉女子大前",
        "公田",
        "栄警察署前",
        "天神橋(横浜市栄区)",
        "本郷石橋",
        "鍛冶ヶ谷",
        "七曲",
        "原(横浜市港南区)",
        "港南車庫入口",
        "藤ヶ沢",
        "金井(横浜市港南区)",
        "清水橋(横浜市港南区)",
        "日野(横浜市港南区)",
        "日野小学校前(横浜市港南区)",
        "日野中央公園入口",
        "日野公園墓地入口",
        "新吉原橋",
        "吉原(横浜市港南区)",
        "港南区総合庁舎前",
        "笹下港南中央通り",
        "関の下",
        "上大岡駅",
        "最戸橋",
        "越戸橋(横浜市港南区)",
        "向田橋",
        "南小学校前(横浜市南区)",
        "弘明寺",
        "通町三丁目",
        "通町一丁目",
        "蒔田駅前",
        "宮元町一丁目",
        "お三の宮",
        "吉野町駅前",
        "吉野町一丁目",
        "阪東橋",
        "横浜橋",
        "曙町(横浜市中区)",
        "長者町五丁目",
        "羽衣町(横浜市中区)",
        "尾上町(横浜市中区)",
        "本町四丁目(横浜市中区)",
        "横浜市役所前",
        "桜木町駅前"
    ],
    "weekday": [
        "6:13",
        "6:29",
        "6:52",
        "7:02",
        "7:16",
        "7:27",
        "7:37",
        "7:47",
        "8:04",
        "8:24",
        "8:44",
        "9:08",
        "9:32",
        "9:56",
        "10:20",
        "10:44",
        "11:08",
        "11:32",
        "11:56",
        "12:20",
        "12:44",
        "13:08",
        "13:32",
        "13:56",
        "14:20",
        "14:44",
        "15:08",
        "15:32",
        "15:56",
        "16:20",
        "16:44",
        "17:08",
        "17:32",
        "17:56",
        "18:20",
        "18:44",
        "19:08"
    ],
    "saturday": [
        "6:20",
        "6:46",
        "7:10",
        "7:32",
        "7:50",
        "8:04",
        "8:20",
        "8:36",
        "8:52",
        "9:08",
        "9:24",
        "9:42",
        "10:02",
        "10:22",
        "10:42",
        "11:02",
        "11:24",
        "11:48",
        "12:15",
        "12:45",
        "13:15",
        "13:45",
        "14:15",
        "14:45",
        "15:14",
        "15:44",
        "16:14",
        "16:44",
        "17:14",
        "17:44",
        "18:14",
        "18:50"
    ],
    "holiday": [
        "6:20",
        "6:46",
        "7:10",
        "7:32",
        "7:50",
        "8:04",
        "8:20",
        "8:36",
        "8:52",
        "9:08",
        "9:24",
        "9:42",
        "10:02",
        "10:22",
        "10:42",
        "11:02",
        "11:24",
        "11:48",
        "12:15",
        "12:45",
        "13:15",
        "13:45",
        "14:15",
        "14:45",
        "15:14",
        "15:44",
        "16:14",
        "16:44",
        "17:14",
        "17:44",
        "18:14",
        "18:50"
    ],
    "url": "https://www.kanachu.co.jp/dia/diagram/timetable01_js/course:0000802787-3/node:00126501/kt:0/lname:/"
}
