{
    "date": "2025/05/11",
    "name": "公田",
    "position": "-",
    "system": "船20",
    "destinations": [
        "栄警察署前",
        "天神橋(横浜市栄区)",
        "本郷石橋",
        "鍛冶ヶ谷",
        "七曲",
        "原(横浜市港南区)",
        "港南車庫入口",
        "藤ヶ沢",
        "金井(横浜市港南区)",
        "清水橋(横浜市港南区)",
        "日野(横浜市港南区)",
        "日野小学校前(横浜市港南区)",
        "日野中央公園入口",
        "日野公園墓地入口",
        "新吉原橋",
        "吉原(横浜市港南区)",
        "港南区総合庁舎前",
        "笹下港南中央通り",
        "関の下",
        "上大岡駅",
        "最戸橋",
        "越戸橋(横浜市港南区)",
        "向田橋",
        "南小学校前(横浜市南区)",
        "弘明寺",
        "通町三丁目",
        "通町一丁目",
        "蒔田駅前",
        "宮元町一丁目",
        "お三の宮",
        "吉野町駅前",
        "吉野町一丁目",
        "阪東橋",
        "横浜橋",
        "曙町(横浜市中区)",
        "長者町五丁目",
        "羽衣町(横浜市中区)",
        "尾上町(横浜市中区)",
        "本町四丁目(横浜市中区)",
        "横浜市役所前",
        "桜木町駅前"
    ],
    "weekday": [
        "6:19",
        "6:35",
        "6:58",
        "7:09",
        "7:23",
        "7:34",
        "7:44",
        "7:54",
        "8:11",
        "8:31",
        "8:51",
        "9:15",
        "9:39",
        "10:03",
        "10:27",
        "10:51",
        "11:15",
        "11:39",
        "12:03",
        "12:27",
        "12:51",
        "13:15",
        "13:39",
        "14:03",
        "14:27",
        "14:51",
        "15:15",
        "15:39",
        "16:03",
        "16:27",
        "16:51",
        "17:15",
        "17:39",
        "18:03",
        "18:27",
        "18:51",
        "19:15"
    ],
    "saturday": [
        "6:26",
        "6:52",
        "7:17",
        "7:39",
        "7:57",
        "8:11",
        "8:27",
        "8:43",
        "8:59",
        "9:15",
        "9:31",
        "9:49",
        "10:09",
        "10:29",
        "10:49",
        "11:09",
        "11:31",
        "11:55",
        "12:22",
        "12:52",
        "13:22",
        "13:52",
        "14:22",
        "14:52",
        "15:22",
        "15:52",
        "16:22",
        "16:52",
        "17:22",
        "17:52",
        "18:22",
        "18:58"
    ],
    "holiday": [
        "6:26",
        "6:52",
        "7:17",
        "7:39",
        "7:57",
        "8:11",
        "8:27",
        "8:43",
        "8:59",
        "9:15",
        "9:31",
        "9:49",
        "10:09",
        "10:29",
        "10:49",
        "11:09",
        "11:31",
        "11:55",
        "12:22",
        "12:52",
        "13:22",
        "13:52",
        "14:22",
        "14:52",
        "15:22",
        "15:52",
        "16:22",
        "16:52",
        "17:22",
        "17:52",
        "18:22",
        "18:58"
    ],
    "url": "https://www.kanachu.co.jp/dia/diagram/timetable01_js/course:0000802787-8/node:00126506/kt:0/lname:/"
}
