{
    "date": "2025/05/11",
    "name": "日野(横浜市港南区)",
    "position": "-",
    "system": "船20",
    "destinations": [
        "日野小学校前(横浜市港南区)",
        "日野中央公園入口",
        "日野公園墓地入口",
        "新吉原橋",
        "吉原(横浜市港南区)",
        "港南区総合庁舎前",
        "笹下港南中央通り",
        "関の下",
        "上大岡駅",
        "最戸橋",
        "越戸橋(横浜市港南区)",
        "向田橋",
        "南小学校前(横浜市南区)",
        "弘明寺",
        "通町三丁目",
        "通町一丁目",
        "蒔田駅前",
        "宮元町一丁目",
        "お三の宮",
        "吉野町駅前",
        "吉野町一丁目",
        "阪東橋",
        "横浜橋",
        "曙町(横浜市中区)",
        "長者町五丁目",
        "羽衣町(横浜市中区)",
        "尾上町(横浜市中区)",
        "本町四丁目(横浜市中区)",
        "横浜市役所前",
        "桜木町駅前"
    ],
    "weekday": [
        "6:33",
        "6:49",
        "7:14",
        "7:25",
        "7:39",
        "7:50",
        "8:00",
        "8:10",
        "8:27",
        "8:47",
        "9:07",
        "9:31",
        "9:55",
        "10:19",
        "10:43",
        "11:07",
        "11:31",
        "11:55",
        "12:19",
        "12:43",
        "13:07",
        "13:31",
        "13:55",
        "14:19",
        "14:43",
        "15:07",
        "15:31",
        "15:55",
        "16:19",
        "16:43",
        "17:07",
        "17:31",
        "17:55",
        "18:19",
        "18:43",
        "19:07",
        "19:31"
    ],
    "saturday": [
        "6:40",
        "7:06",
        "7:32",
        "7:54",
        "8:13",
        "8:27",
        "8:43",
        "8:59",
        "9:15",
        "9:31",
        "9:47",
        "10:05",
        "10:25",
        "10:45",
        "11:05",
        "11:25",
        "11:47",
        "12:11",
        "12:38",
        "13:08",
        "13:38",
        "14:08",
        "14:38",
        "15:08",
        "15:38",
        "16:08",
        "16:38",
        "17:08",
        "17:38",
        "18:08",
        "18:38",
        "19:12"
    ],
    "holiday": [
        "6:40",
        "7:06",
        "7:32",
        "7:54",
        "8:13",
        "8:27",
        "8:43",
        "8:59",
        "9:15",
        "9:31",
        "9:47",
        "10:05",
        "10:25",
        "10:45",
        "11:05",
        "11:25",
        "11:47",
        "12:11",
        "12:38",
        "13:08",
        "13:38",
        "14:08",
        "14:38",
        "15:08",
        "15:38",
        "16:08",
        "16:38",
        "17:08",
        "17:38",
        "18:08",
        "18:38",
        "19:12"
    ],
    "url": "https://www.kanachu.co.jp/dia/diagram/timetable01_js/course:0000802787-19/node:00102954/kt:0/lname:/"
}
