{
    "date": "2025/05/11",
    "name": "日野中央公園入口",
    "position": "-",
    "system": "船20",
    "destinations": [
        "日野公園墓地入口",
        "新吉原橋",
        "吉原(横浜市港南区)",
        "港南区総合庁舎前",
        "笹下港南中央通り",
        "関の下",
        "上大岡駅",
        "最戸橋",
        "越戸橋(横浜市港南区)",
        "向田橋",
        "南小学校前(横浜市南区)",
        "弘明寺",
        "通町三丁目",
        "通町一丁目",
        "蒔田駅前",
        "宮元町一丁目",
        "お三の宮",
        "吉野町駅前",
        "吉野町一丁目",
        "阪東橋",
        "横浜橋",
        "曙町(横浜市中区)",
        "長者町五丁目",
        "羽衣町(横浜市中区)",
        "尾上町(横浜市中区)",
        "本町四丁目(横浜市中区)",
        "横浜市役所前",
        "桜木町駅前"
    ],
    "weekday": [
        "6:35",
        "6:51",
        "7:16",
        "7:27",
        "7:41",
        "7:52",
        "8:02",
        "8:12",
        "8:29",
        "8:49",
        "9:09",
        "9:33",
        "9:57",
        "10:21",
        "10:45",
        "11:09",
        "11:33",
        "11:57",
        "12:21",
        "12:45",
        "13:09",
        "13:33",
        "13:57",
        "14:21",
        "14:45",
        "15:09",
        "15:33",
        "15:57",
        "16:21",
        "16:45",
        "17:09",
        "17:33",
        "17:57",
        "18:21",
        "18:45",
        "19:09",
        "19:33"
    ],
    "saturday": [
        "6:42",
        "7:08",
        "7:34",
        "7:56",
        "8:15",
        "8:29",
        "8:45",
        "9:01",
        "9:17",
        "9:33",
        "9:49",
        "10:07",
        "10:27",
        "10:47",
        "11:07",
        "11:27",
        "11:49",
        "12:13",
        "12:40",
        "13:10",
        "13:40",
        "14:10",
        "14:40",
        "15:10",
        "15:40",
        "16:10",
        "16:40",
        "17:10",
        "17:40",
        "18:10",
        "18:40",
        "19:14"
    ],
    "holiday": [
        "6:42",
        "7:08",
        "7:34",
        "7:56",
        "8:15",
        "8:29",
        "8:45",
        "9:01",
        "9:17",
        "9:33",
        "9:49",
        "10:07",
        "10:27",
        "10:47",
        "11:07",
        "11:27",
        "11:49",
        "12:13",
        "12:40",
        "13:10",
        "13:40",
        "14:10",
        "14:40",
        "15:10",
        "15:40",
        "16:10",
        "16:40",
        "17:10",
        "17:40",
        "18:10",
        "18:40",
        "19:14"
    ],
    "url": "https://www.kanachu.co.jp/dia/diagram/timetable01_js/course:0000802787-21/node:00102994/kt:0/lname:/"
}
