{
    "date": "2025/05/11",
    "name": "笹下港南中央通り",
    "position": "-",
    "system": "船20",
    "destinations": [
        "関の下",
        "上大岡駅",
        "最戸橋",
        "越戸橋(横浜市港南区)",
        "向田橋",
        "南小学校前(横浜市南区)",
        "弘明寺",
        "通町三丁目",
        "通町一丁目",
        "蒔田駅前",
        "宮元町一丁目",
        "お三の宮",
        "吉野町駅前",
        "吉野町一丁目",
        "阪東橋",
        "横浜橋",
        "曙町(横浜市中区)",
        "長者町五丁目",
        "羽衣町(横浜市中区)",
        "尾上町(横浜市中区)",
        "本町四丁目(横浜市中区)",
        "横浜市役所前",
        "桜木町駅前"
    ],
    "weekday": [
        "6:40",
        "6:56",
        "7:22",
        "7:33",
        "7:47",
        "7:58",
        "8:08",
        "8:18",
        "8:35",
        "8:55",
        "9:15",
        "9:39",
        "10:03",
        "10:27",
        "10:51",
        "11:15",
        "11:39",
        "12:03",
        "12:27",
        "12:51",
        "13:15",
        "13:39",
        "14:03",
        "14:27",
        "14:51",
        "15:15",
        "15:39",
        "16:03",
        "16:27",
        "16:51",
        "17:15",
        "17:39",
        "18:03",
        "18:27",
        "18:51",
        "19:15",
        "19:39"
    ],
    "saturday": [
        "6:47",
        "7:13",
        "7:39",
        "8:01",
        "8:21",
        "8:35",
        "8:51",
        "9:07",
        "9:23",
        "9:39",
        "9:55",
        "10:13",
        "10:33",
        "10:53",
        "11:13",
        "11:33",
        "11:55",
        "12:19",
        "12:46",
        "13:16",
        "13:46",
        "14:16",
        "14:46",
        "15:16",
        "15:46",
        "16:16",
        "16:46",
        "17:16",
        "17:46",
        "18:16",
        "18:46",
        "19:19"
    ],
    "holiday": [
        "6:47",
        "7:13",
        "7:39",
        "8:01",
        "8:21",
        "8:35",
        "8:51",
        "9:07",
        "9:23",
        "9:39",
        "9:55",
        "10:13",
        "10:33",
        "10:53",
        "11:13",
        "11:33",
        "11:55",
        "12:19",
        "12:46",
        "13:16",
        "13:46",
        "14:16",
        "14:46",
        "15:16",
        "15:46",
        "16:16",
        "16:46",
        "17:16",
        "17:46",
        "18:16",
        "18:46",
        "19:19"
    ],
    "url": "https://www.kanachu.co.jp/dia/diagram/timetable01_js/course:0000802787-26/node:00126558/kt:0/lname:/"
}
