{
    "date": "2025/05/11",
    "name": "上大岡駅",
    "position": "-",
    "system": "船20",
    "destinations": [
        "最戸橋",
        "越戸橋(横浜市港南区)",
        "向田橋",
        "南小学校前(横浜市南区)",
        "弘明寺",
        "通町三丁目",
        "通町一丁目",
        "蒔田駅前",
        "宮元町一丁目",
        "お三の宮",
        "吉野町駅前",
        "吉野町一丁目",
        "阪東橋",
        "横浜橋",
        "曙町(横浜市中区)",
        "長者町五丁目",
        "羽衣町(横浜市中区)",
        "尾上町(横浜市中区)",
        "本町四丁目(横浜市中区)",
        "横浜市役所前",
        "桜木町駅前"
    ],
    "weekday": [
        "6:43",
        "6:59",
        "7:28",
        "7:39",
        "7:53",
        "8:04",
        "8:14",
        "8:24",
        "8:41",
        "9:01",
        "9:21",
        "9:45",
        "10:09",
        "10:33",
        "10:57",
        "11:21",
        "11:45",
        "12:09",
        "12:33",
        "12:57",
        "13:21",
        "13:45",
        "14:09",
        "14:33",
        "14:57",
        "15:21",
        "15:45",
        "16:09",
        "16:33",
        "16:57",
        "17:21",
        "17:45",
        "18:09",
        "18:33",
        "18:57",
        "19:18",
        "19:42"
    ],
    "saturday": [
        "6:52",
        "7:18",
        "7:44",
        "8:06",
        "8:26",
        "8:40",
        "8:56",
        "9:12",
        "9:28",
        "9:44",
        "10:00",
        "10:18",
        "10:38",
        "10:58",
        "11:18",
        "11:38",
        "12:00",
        "12:24",
        "12:51",
        "13:21",
        "13:51",
        "14:21",
        "14:51",
        "15:21",
        "15:51",
        "16:21",
        "16:51",
        "17:21",
        "17:51",
        "18:21",
        "18:51",
        "19:24"
    ],
    "holiday": [
        "6:52",
        "7:18",
        "7:44",
        "8:06",
        "8:26",
        "8:40",
        "8:56",
        "9:12",
        "9:28",
        "9:44",
        "10:00",
        "10:18",
        "10:38",
        "10:58",
        "11:18",
        "11:38",
        "12:00",
        "12:24",
        "12:51",
        "13:21",
        "13:51",
        "14:21",
        "14:51",
        "15:21",
        "15:51",
        "16:21",
        "16:51",
        "17:21",
        "17:51",
        "18:21",
        "18:51",
        "19:24"
    ],
    "url": "https://www.kanachu.co.jp/dia/diagram/timetable01_js/course:0000802787-28/node:00102366/kt:0/lname:/"
}
