{
    "date": "2025/05/11",
    "name": "最戸橋",
    "position": "-",
    "system": "船20",
    "destinations": [
        "越戸橋(横浜市港南区)",
        "向田橋",
        "南小学校前(横浜市南区)",
        "弘明寺",
        "通町三丁目",
        "通町一丁目",
        "蒔田駅前",
        "宮元町一丁目",
        "お三の宮",
        "吉野町駅前",
        "吉野町一丁目",
        "阪東橋",
        "横浜橋",
        "曙町(横浜市中区)",
        "長者町五丁目",
        "羽衣町(横浜市中区)",
        "尾上町(横浜市中区)",
        "本町四丁目(横浜市中区)",
        "横浜市役所前",
        "桜木町駅前"
    ],
    "weekday": [
        "6:45",
        "7:01",
        "7:30",
        "7:41",
        "7:55",
        "8:06",
        "8:16",
        "8:26",
        "8:43",
        "9:03",
        "9:23",
        "9:47",
        "10:11",
        "10:35",
        "10:59",
        "11:23",
        "11:47",
        "12:11",
        "12:35",
        "12:59",
        "13:23",
        "13:47",
        "14:11",
        "14:35",
        "14:59",
        "15:23",
        "15:47",
        "16:11",
        "16:35",
        "16:59",
        "17:23",
        "17:47",
        "18:11",
        "18:35",
        "18:59",
        "19:20",
        "19:44"
    ],
    "saturday": [
        "6:54",
        "7:20",
        "7:46",
        "8:08",
        "8:28",
        "8:42",
        "8:58",
        "9:14",
        "9:30",
        "9:46",
        "10:02",
        "10:20",
        "10:40",
        "11:00",
        "11:20",
        "11:40",
        "12:02",
        "12:26",
        "12:53",
        "13:23",
        "13:53",
        "14:23",
        "14:53",
        "15:23",
        "15:53",
        "16:23",
        "16:53",
        "17:23",
        "17:53",
        "18:23",
        "18:53",
        "19:26"
    ],
    "holiday": [
        "6:54",
        "7:20",
        "7:46",
        "8:08",
        "8:28",
        "8:42",
        "8:58",
        "9:14",
        "9:30",
        "9:46",
        "10:02",
        "10:20",
        "10:40",
        "11:00",
        "11:20",
        "11:40",
        "12:02",
        "12:26",
        "12:53",
        "13:23",
        "13:53",
        "14:23",
        "14:53",
        "15:23",
        "15:53",
        "16:23",
        "16:53",
        "17:23",
        "17:53",
        "18:23",
        "18:53",
        "19:26"
    ],
    "url": "https://www.kanachu.co.jp/dia/diagram/timetable01_js/course:0000802787-29/node:00102535/kt:0/lname:/"
}
