{
    "date": "2025/05/11",
    "name": "向田橋",
    "position": "-",
    "system": "船20",
    "destinations": [
        "南小学校前(横浜市南区)",
        "弘明寺",
        "通町三丁目",
        "通町一丁目",
        "蒔田駅前",
        "宮元町一丁目",
        "お三の宮",
        "吉野町駅前",
        "吉野町一丁目",
        "阪東橋",
        "横浜橋",
        "曙町(横浜市中区)",
        "長者町五丁目",
        "羽衣町(横浜市中区)",
        "尾上町(横浜市中区)",
        "本町四丁目(横浜市中区)",
        "横浜市役所前",
        "桜木町駅前"
    ],
    "weekday": [
        "6:47",
        "7:03",
        "7:32",
        "7:43",
        "7:57",
        "8:08",
        "8:18",
        "8:28",
        "8:45",
        "9:05",
        "9:25",
        "9:49",
        "10:13",
        "10:37",
        "11:01",
        "11:25",
        "11:49",
        "12:13",
        "12:37",
        "13:01",
        "13:25",
        "13:49",
        "14:13",
        "14:37",
        "15:01",
        "15:25",
        "15:49",
        "16:13",
        "16:37",
        "17:01",
        "17:25",
        "17:49",
        "18:13",
        "18:37",
        "19:01",
        "19:22",
        "19:46"
    ],
    "saturday": [
        "6:56",
        "7:22",
        "7:48",
        "8:10",
        "8:30",
        "8:44",
        "9:00",
        "9:16",
        "9:32",
        "9:48",
        "10:04",
        "10:22",
        "10:42",
        "11:02",
        "11:22",
        "11:42",
        "12:04",
        "12:28",
        "12:55",
        "13:25",
        "13:55",
        "14:25",
        "14:55",
        "15:25",
        "15:55",
        "16:25",
        "16:55",
        "17:25",
        "17:55",
        "18:25",
        "18:55",
        "19:28"
    ],
    "holiday": [
        "6:56",
        "7:22",
        "7:48",
        "8:10",
        "8:30",
        "8:44",
        "9:00",
        "9:16",
        "9:32",
        "9:48",
        "10:04",
        "10:22",
        "10:42",
        "11:02",
        "11:22",
        "11:42",
        "12:04",
        "12:28",
        "12:55",
        "13:25",
        "13:55",
        "14:25",
        "14:55",
        "15:25",
        "15:55",
        "16:25",
        "16:55",
        "17:25",
        "17:55",
        "18:25",
        "18:55",
        "19:28"
    ],
    "url": "https://www.kanachu.co.jp/dia/diagram/timetable01_js/course:0000802787-31/node:00103166/kt:0/lname:/"
}
