{
    "date": "2025/05/11",
    "name": "通町三丁目",
    "position": "-",
    "system": "船20",
    "destinations": [
        "通町一丁目",
        "蒔田駅前",
        "宮元町一丁目",
        "お三の宮",
        "吉野町駅前",
        "吉野町一丁目",
        "阪東橋",
        "横浜橋",
        "曙町(横浜市中区)",
        "長者町五丁目",
        "羽衣町(横浜市中区)",
        "尾上町(横浜市中区)",
        "本町四丁目(横浜市中区)",
        "横浜市役所前",
        "桜木町駅前"
    ],
    "weekday": [
        "6:50",
        "7:08",
        "7:37",
        "7:48",
        "8:02",
        "8:13",
        "8:23",
        "8:33",
        "8:50",
        "9:10",
        "9:30",
        "9:54",
        "10:18",
        "10:42",
        "11:06",
        "11:30",
        "11:54",
        "12:18",
        "12:42",
        "13:06",
        "13:30",
        "13:54",
        "14:18",
        "14:42",
        "15:06",
        "15:30",
        "15:54",
        "16:18",
        "16:42",
        "17:06",
        "17:30",
        "17:54",
        "18:18",
        "18:42",
        "19:06",
        "19:27",
        "19:51"
    ],
    "saturday": [
        "6:59",
        "7:25",
        "7:51",
        "8:15",
        "8:35",
        "8:49",
        "9:05",
        "9:21",
        "9:37",
        "9:53",
        "10:09",
        "10:27",
        "10:47",
        "11:07",
        "11:27",
        "11:47",
        "12:09",
        "12:33",
        "13:00",
        "13:30",
        "14:00",
        "14:30",
        "15:00",
        "15:30",
        "16:00",
        "16:30",
        "17:00",
        "17:30",
        "18:00",
        "18:30",
        "19:00",
        "19:31"
    ],
    "holiday": [
        "6:59",
        "7:25",
        "7:51",
        "8:15",
        "8:35",
        "8:49",
        "9:05",
        "9:21",
        "9:37",
        "9:53",
        "10:09",
        "10:27",
        "10:47",
        "11:07",
        "11:27",
        "11:47",
        "12:09",
        "12:33",
        "13:00",
        "13:30",
        "14:00",
        "14:30",
        "15:00",
        "15:30",
        "16:00",
        "16:30",
        "17:00",
        "17:30",
        "18:00",
        "18:30",
        "19:00",
        "19:31"
    ],
    "url": "https://www.kanachu.co.jp/dia/diagram/timetable01_js/course:0000802787-34/node:00102796/kt:0/lname:/"
}
