{
    "date": "2025/05/11",
    "name": "通町一丁目",
    "position": "-",
    "system": "船20",
    "destinations": [
        "蒔田駅前",
        "宮元町一丁目",
        "お三の宮",
        "吉野町駅前",
        "吉野町一丁目",
        "阪東橋",
        "横浜橋",
        "曙町(横浜市中区)",
        "長者町五丁目",
        "羽衣町(横浜市中区)",
        "尾上町(横浜市中区)",
        "本町四丁目(横浜市中区)",
        "横浜市役所前",
        "桜木町駅前"
    ],
    "weekday": [
        "6:51",
        "7:09",
        "7:38",
        "7:49",
        "8:03",
        "8:14",
        "8:24",
        "8:34",
        "8:51",
        "9:11",
        "9:31",
        "9:55",
        "10:19",
        "10:43",
        "11:07",
        "11:31",
        "11:55",
        "12:19",
        "12:43",
        "13:07",
        "13:31",
        "13:55",
        "14:19",
        "14:43",
        "15:07",
        "15:31",
        "15:55",
        "16:19",
        "16:43",
        "17:07",
        "17:31",
        "17:55",
        "18:19",
        "18:43",
        "19:07",
        "19:28",
        "19:52"
    ],
    "saturday": [
        "7:00",
        "7:26",
        "7:52",
        "8:16",
        "8:36",
        "8:50",
        "9:06",
        "9:22",
        "9:38",
        "9:54",
        "10:10",
        "10:28",
        "10:48",
        "11:08",
        "11:28",
        "11:48",
        "12:10",
        "12:34",
        "13:01",
        "13:31",
        "14:01",
        "14:31",
        "15:01",
        "15:31",
        "16:01",
        "16:31",
        "17:01",
        "17:31",
        "18:01",
        "18:31",
        "19:01",
        "19:32"
    ],
    "holiday": [
        "7:00",
        "7:26",
        "7:52",
        "8:16",
        "8:36",
        "8:50",
        "9:06",
        "9:22",
        "9:38",
        "9:54",
        "10:10",
        "10:28",
        "10:48",
        "11:08",
        "11:28",
        "11:48",
        "12:10",
        "12:34",
        "13:01",
        "13:31",
        "14:01",
        "14:31",
        "15:01",
        "15:31",
        "16:01",
        "16:31",
        "17:01",
        "17:31",
        "18:01",
        "18:31",
        "19:01",
        "19:32"
    ],
    "url": "https://www.kanachu.co.jp/dia/diagram/timetable01_js/course:0000802787-35/node:00102795/kt:0/lname:/"
}
