{
    "date": "2025/05/11",
    "name": "蒔田駅前",
    "position": "-",
    "system": "船20",
    "destinations": [
        "宮元町一丁目",
        "お三の宮",
        "吉野町駅前",
        "吉野町一丁目",
        "阪東橋",
        "横浜橋",
        "曙町(横浜市中区)",
        "長者町五丁目",
        "羽衣町(横浜市中区)",
        "尾上町(横浜市中区)",
        "本町四丁目(横浜市中区)",
        "横浜市役所前",
        "桜木町駅前"
    ],
    "weekday": [
        "6:53",
        "7:11",
        "7:40",
        "7:51",
        "8:05",
        "8:16",
        "8:26",
        "8:36",
        "8:53",
        "9:13",
        "9:33",
        "9:57",
        "10:21",
        "10:45",
        "11:09",
        "11:33",
        "11:57",
        "12:21",
        "12:45",
        "13:09",
        "13:33",
        "13:57",
        "14:21",
        "14:45",
        "15:09",
        "15:33",
        "15:57",
        "16:21",
        "16:45",
        "17:09",
        "17:33",
        "17:57",
        "18:21",
        "18:45",
        "19:09",
        "19:30",
        "19:54"
    ],
    "saturday": [
        "7:02",
        "7:28",
        "7:54",
        "8:18",
        "8:38",
        "8:52",
        "9:08",
        "9:24",
        "9:40",
        "9:56",
        "10:12",
        "10:30",
        "10:50",
        "11:10",
        "11:30",
        "11:50",
        "12:12",
        "12:36",
        "13:03",
        "13:33",
        "14:03",
        "14:33",
        "15:03",
        "15:33",
        "16:03",
        "16:33",
        "17:03",
        "17:33",
        "18:03",
        "18:33",
        "19:03",
        "19:34"
    ],
    "holiday": [
        "7:02",
        "7:28",
        "7:54",
        "8:18",
        "8:38",
        "8:52",
        "9:08",
        "9:24",
        "9:40",
        "9:56",
        "10:12",
        "10:30",
        "10:50",
        "11:10",
        "11:30",
        "11:50",
        "12:12",
        "12:36",
        "13:03",
        "13:33",
        "14:03",
        "14:33",
        "15:03",
        "15:33",
        "16:03",
        "16:33",
        "17:03",
        "17:33",
        "18:03",
        "18:33",
        "19:03",
        "19:34"
    ],
    "url": "https://www.kanachu.co.jp/dia/diagram/timetable01_js/course:0000802787-36/node:00103093/kt:0/lname:/"
}
