{
    "date": "2025/05/11",
    "name": "宮元町一丁目",
    "position": "-",
    "system": "船20",
    "destinations": [
        "お三の宮",
        "吉野町駅前",
        "吉野町一丁目",
        "阪東橋",
        "横浜橋",
        "曙町(横浜市中区)",
        "長者町五丁目",
        "羽衣町(横浜市中区)",
        "尾上町(横浜市中区)",
        "本町四丁目(横浜市中区)",
        "横浜市役所前",
        "桜木町駅前"
    ],
    "weekday": [
        "6:54",
        "7:12",
        "7:41",
        "7:52",
        "8:06",
        "8:17",
        "8:27",
        "8:37",
        "8:54",
        "9:14",
        "9:34",
        "9:58",
        "10:22",
        "10:46",
        "11:10",
        "11:34",
        "11:58",
        "12:22",
        "12:46",
        "13:10",
        "13:34",
        "13:58",
        "14:22",
        "14:46",
        "15:10",
        "15:34",
        "15:58",
        "16:22",
        "16:46",
        "17:10",
        "17:34",
        "17:58",
        "18:22",
        "18:46",
        "19:10",
        "19:31",
        "19:55"
    ],
    "saturday": [
        "7:03",
        "7:29",
        "7:55",
        "8:19",
        "8:39",
        "8:53",
        "9:09",
        "9:25",
        "9:41",
        "9:57",
        "10:13",
        "10:31",
        "10:51",
        "11:11",
        "11:31",
        "11:51",
        "12:13",
        "12:37",
        "13:04",
        "13:34",
        "14:04",
        "14:34",
        "15:04",
        "15:34",
        "16:04",
        "16:34",
        "17:04",
        "17:34",
        "18:04",
        "18:34",
        "19:04",
        "19:35"
    ],
    "holiday": [
        "7:03",
        "7:29",
        "7:55",
        "8:19",
        "8:39",
        "8:53",
        "9:09",
        "9:25",
        "9:41",
        "9:57",
        "10:13",
        "10:31",
        "10:51",
        "11:11",
        "11:31",
        "11:51",
        "12:13",
        "12:37",
        "13:04",
        "13:34",
        "14:04",
        "14:34",
        "15:04",
        "15:34",
        "16:04",
        "16:34",
        "17:04",
        "17:34",
        "18:04",
        "18:34",
        "19:04",
        "19:35"
    ],
    "url": "https://www.kanachu.co.jp/dia/diagram/timetable01_js/course:0000802787-37/node:00103139/kt:0/lname:/"
}
