{
    "date": "2025/05/11",
    "name": "吉野町一丁目",
    "position": "-",
    "system": "船20",
    "destinations": [
        "阪東橋",
        "横浜橋",
        "曙町(横浜市中区)",
        "長者町五丁目",
        "羽衣町(横浜市中区)",
        "尾上町(横浜市中区)",
        "本町四丁目(横浜市中区)",
        "横浜市役所前",
        "桜木町駅前"
    ],
    "weekday": [
        "6:57",
        "7:16",
        "7:45",
        "7:56",
        "8:10",
        "8:21",
        "8:31",
        "8:41",
        "8:58",
        "9:18",
        "9:38",
        "10:02",
        "10:26",
        "10:50",
        "11:14",
        "11:38",
        "12:02",
        "12:26",
        "12:50",
        "13:14",
        "13:38",
        "14:02",
        "14:26",
        "14:50",
        "15:14",
        "15:38",
        "16:02",
        "16:26",
        "16:50",
        "17:14",
        "17:38",
        "18:02",
        "18:26",
        "18:50",
        "19:14",
        "19:35",
        "19:59"
    ],
    "saturday": [
        "7:07",
        "7:33",
        "7:59",
        "8:23",
        "8:43",
        "8:57",
        "9:13",
        "9:29",
        "9:45",
        "10:01",
        "10:17",
        "10:35",
        "10:55",
        "11:15",
        "11:35",
        "11:55",
        "12:17",
        "12:41",
        "13:08",
        "13:38",
        "14:08",
        "14:38",
        "15:08",
        "15:38",
        "16:08",
        "16:38",
        "17:08",
        "17:38",
        "18:08",
        "18:38",
        "19:08",
        "19:39"
    ],
    "holiday": [
        "7:07",
        "7:33",
        "7:59",
        "8:23",
        "8:43",
        "8:57",
        "9:13",
        "9:29",
        "9:45",
        "10:01",
        "10:17",
        "10:35",
        "10:55",
        "11:15",
        "11:35",
        "11:55",
        "12:17",
        "12:41",
        "13:08",
        "13:38",
        "14:08",
        "14:38",
        "15:08",
        "15:38",
        "16:08",
        "16:38",
        "17:08",
        "17:38",
        "18:08",
        "18:38",
        "19:08",
        "19:39"
    ],
    "url": "https://www.kanachu.co.jp/dia/diagram/timetable01_js/course:0000802787-40/node:00103232/kt:0/lname:/"
}
