{
    "date": "2025/05/11",
    "name": "横浜橋",
    "position": "-",
    "system": "船20",
    "destinations": [
        "曙町(横浜市中区)",
        "長者町五丁目",
        "羽衣町(横浜市中区)",
        "尾上町(横浜市中区)",
        "本町四丁目(横浜市中区)",
        "横浜市役所前",
        "桜木町駅前"
    ],
    "weekday": [
        "6:59",
        "7:19",
        "7:48",
        "7:59",
        "8:13",
        "8:24",
        "8:34",
        "8:44",
        "9:01",
        "9:21",
        "9:41",
        "10:05",
        "10:29",
        "10:53",
        "11:17",
        "11:41",
        "12:05",
        "12:29",
        "12:53",
        "13:17",
        "13:41",
        "14:05",
        "14:29",
        "14:53",
        "15:17",
        "15:41",
        "16:05",
        "16:29",
        "16:53",
        "17:17",
        "17:41",
        "18:05",
        "18:29",
        "18:53",
        "19:17",
        "19:38",
        "20:02"
    ],
    "saturday": [
        "7:09",
        "7:35",
        "8:01",
        "8:26",
        "8:46",
        "9:00",
        "9:16",
        "9:32",
        "9:48",
        "10:04",
        "10:20",
        "10:38",
        "10:58",
        "11:18",
        "11:38",
        "11:58",
        "12:20",
        "12:44",
        "13:11",
        "13:41",
        "14:11",
        "14:41",
        "15:11",
        "15:41",
        "16:11",
        "16:41",
        "17:11",
        "17:41",
        "18:11",
        "18:41",
        "19:10",
        "19:41"
    ],
    "holiday": [
        "7:09",
        "7:35",
        "8:01",
        "8:26",
        "8:46",
        "9:00",
        "9:16",
        "9:32",
        "9:48",
        "10:04",
        "10:20",
        "10:38",
        "10:58",
        "11:18",
        "11:38",
        "11:58",
        "12:20",
        "12:44",
        "13:11",
        "13:41",
        "14:11",
        "14:41",
        "15:11",
        "15:41",
        "16:11",
        "16:41",
        "17:11",
        "17:41",
        "18:11",
        "18:41",
        "19:10",
        "19:41"
    ],
    "url": "https://www.kanachu.co.jp/dia/diagram/timetable01_js/course:0000802787-42/node:00103225/kt:0/lname:/"
}
