{
    "date": "2025/05/11",
    "name": "羽衣町(横浜市中区)",
    "position": "-",
    "system": "船20",
    "destinations": [
        "尾上町(横浜市中区)",
        "本町四丁目(横浜市中区)",
        "横浜市役所前",
        "桜木町駅前"
    ],
    "weekday": [
        "7:02",
        "7:22",
        "7:51",
        "8:02",
        "8:16",
        "8:27",
        "8:37",
        "8:47",
        "9:04",
        "9:24",
        "9:44",
        "10:08",
        "10:32",
        "10:56",
        "11:20",
        "11:44",
        "12:08",
        "12:32",
        "12:56",
        "13:20",
        "13:44",
        "14:08",
        "14:32",
        "14:56",
        "15:20",
        "15:44",
        "16:08",
        "16:32",
        "16:56",
        "17:20",
        "17:44",
        "18:08",
        "18:32",
        "18:56",
        "19:20",
        "19:41",
        "20:05"
    ],
    "saturday": [
        "7:12",
        "7:38",
        "8:04",
        "8:29",
        "8:49",
        "9:03",
        "9:19",
        "9:35",
        "9:51",
        "10:07",
        "10:23",
        "10:41",
        "11:01",
        "11:21",
        "11:41",
        "12:01",
        "12:23",
        "12:47",
        "13:14",
        "13:44",
        "14:14",
        "14:44",
        "15:14",
        "15:44",
        "16:14",
        "16:44",
        "17:14",
        "17:44",
        "18:14",
        "18:44",
        "19:13",
        "19:44"
    ],
    "holiday": [
        "7:12",
        "7:38",
        "8:04",
        "8:29",
        "8:49",
        "9:03",
        "9:19",
        "9:35",
        "9:51",
        "10:07",
        "10:23",
        "10:41",
        "11:01",
        "11:21",
        "11:41",
        "12:01",
        "12:23",
        "12:47",
        "13:14",
        "13:44",
        "14:14",
        "14:44",
        "15:14",
        "15:44",
        "16:14",
        "16:44",
        "17:14",
        "17:44",
        "18:14",
        "18:44",
        "19:13",
        "19:44"
    ],
    "url": "https://www.kanachu.co.jp/dia/diagram/timetable01_js/course:0000802787-45/node:00102910/kt:0/lname:/"
}
