{
    "system": "船20",
    "busstops": [
        {
            "index": "1",
            "id": "00126594",
            "name": "大船駅(横浜市栄区)",
            "lat": "35.355922",
            "lng": "139.532984"
        },
        {
            "index": "2",
            "id": "00126500",
            "name": "笠間一丁目",
            "lat": "35.357747",
            "lng": "139.533565"
        },
        {
            "index": "3",
            "id": "00126501",
            "name": "岩井口",
            "lat": "35.35998",
            "lng": "139.536398"
        },
        {
            "index": "4",
            "id": "00126502",
            "name": "笠間町",
            "lat": "35.360807",
            "lng": "139.538133"
        },
        {
            "index": "5",
            "id": "00126503",
            "name": "笠間十字路",
            "lat": "35.361358",
            "lng": "139.539952"
        },
        {
            "index": "6",
            "id": "00126504",
            "name": "平島(鎌倉市)",
            "lat": "35.361004",
            "lng": "139.544139"
        },
        {
            "index": "7",
            "id": "00126505",
            "name": "鎌倉女子大前",
            "lat": "35.360268",
            "lng": "139.546633"
        },
        {
            "index": "8",
            "id": "00126506",
            "name": "公田",
            "lat": "35.361233",
            "lng": "139.550352"
        },
        {
            "index": "9",
            "id": "00126609",
            "name": "栄警察署前",
            "lat": "35.362583",
            "lng": "139.553207"
        },
        {
            "index": "10",
            "id": "00126507",
            "name": "天神橋(横浜市栄区)",
            "lat": "35.363475",
            "lng": "139.555167"
        },
        {
            "index": "11",
            "id": "00126550",
            "name": "本郷石橋",
            "lat": "35.365671",
            "lng": "139.558047"
        },
        {
            "index": "12",
            "id": "00126551",
            "name": "鍛冶ヶ谷",
            "lat": "35.368619",
            "lng": "139.5631"
        },
        {
            "index": "13",
            "id": "00126552",
            "name": "七曲",
            "lat": "35.371727",
            "lng": "139.565075"
        },
        {
            "index": "14",
            "id": "00126554",
            "name": "原(横浜市港南区)",
            "lat": "35.375408",
            "lng": "139.566641"
        },
        {
            "index": "15",
            "id": "00102510",
            "name": "港南車庫入口",
            "lat": "35.378765",
            "lng": "139.569802"
        },
        {
            "index": "16",
            "id": "00103008",
            "name": "藤ヶ沢",
            "lat": "35.380556",
            "lng": "139.571649"
        },
        {
            "index": "17",
            "id": "00102359",
            "name": "金井(横浜市港南区)",
            "lat": "35.382651",
            "lng": "139.574428"
        },
        {
            "index": "18",
            "id": "00102574",
            "name": "清水橋(横浜市港南区)",
            "lat": "35.383003",
            "lng": "139.576443"
        },
        {
            "index": "19",
            "id": "00102954",
            "name": "日野(横浜市港南区)",
            "lat": "35.384902",
            "lng": "139.579816"
        },
        {
            "index": "20",
            "id": "00102955",
            "name": "日野小学校前(横浜市港南区)",
            "lat": "35.38734",
            "lng": "139.581405"
        },
        {
            "index": "21",
            "id": "00102994",
            "name": "日野中央公園入口",
            "lat": "35.390344",
            "lng": "139.582423"
        },
        {
            "index": "22",
            "id": "00102958",
            "name": "日野公園墓地入口",
            "lat": "35.393252",
            "lng": "139.58389"
        },
        {
            "index": "23",
            "id": "00102633",
            "name": "新吉原橋",
            "lat": "35.39616",
            "lng": "139.586476"
        },
        {
            "index": "24",
            "id": "00103230",
            "name": "吉原(横浜市港南区)",
            "lat": "35.399159",
            "lng": "139.588277"
        },
        {
            "index": "25",
            "id": "00102499",
            "name": "港南区総合庁舎前",
            "lat": "35.401243",
            "lng": "139.591011"
        },
        {
            "index": "26",
            "id": "00126558",
            "name": "笹下港南中央通り",
            "lat": "35.402284",
            "lng": "139.592948"
        },
        {
            "index": "27",
            "id": "00102671",
            "name": "関の下",
            "lat": "35.405478",
            "lng": "139.595005"
        },
        {
            "index": "28",
            "id": "00102366",
            "name": "上大岡駅",
            "lat": "35.409116",
            "lng": "139.595881"
        },
        {
            "index": "29",
            "id": "00102535",
            "name": "最戸橋",
            "lat": "35.413545",
            "lng": "139.597092"
        },
        {
            "index": "30",
            "id": "00102507",
            "name": "越戸橋(横浜市港南区)",
            "lat": "35.415115",
            "lng": "139.597718"
        },
        {
            "index": "31",
            "id": "00103166",
            "name": "向田橋",
            "lat": "35.416214",
            "lng": "139.598219"
        },
        {
            "index": "32",
            "id": "00103127",
            "name": "南小学校前(横浜市南区)",
            "lat": "35.419547",
            "lng": "139.600069"
        },
        {
            "index": "33",
            "id": "00102458",
            "name": "弘明寺",
            "lat": "35.423485",
            "lng": "139.602084"
        },
        {
            "index": "34",
            "id": "00102796",
            "name": "通町三丁目",
            "lat": "35.426765",
            "lng": "139.604626"
        },
        {
            "index": "35",
            "id": "00102795",
            "name": "通町一丁目",
            "lat": "35.428157",
            "lng": "139.606937"
        },
        {
            "index": "36",
            "id": "00103093",
            "name": "蒔田駅前",
            "lat": "35.429875",
            "lng": "139.609744"
        },
        {
            "index": "37",
            "id": "00103139",
            "name": "宮元町一丁目",
            "lat": "35.431688",
            "lng": "139.612281"
        },
        {
            "index": "38",
            "id": "00102302",
            "name": "お三の宮",
            "lat": "35.434998",
            "lng": "139.616777"
        },
        {
            "index": "39",
            "id": "00103231",
            "name": "吉野町駅前",
            "lat": "35.435713",
            "lng": "139.619293"
        },
        {
            "index": "40",
            "id": "00103232",
            "name": "吉野町一丁目",
            "lat": "35.436426",
            "lng": "139.621731"
        },
        {
            "index": "41",
            "id": "00102928",
            "name": "阪東橋",
            "lat": "35.438729",
            "lng": "139.625585"
        },
        {
            "index": "42",
            "id": "00103225",
            "name": "横浜橋",
            "lat": "35.439473",
            "lng": "139.627055"
        },
        {
            "index": "43",
            "id": "00102204",
            "name": "曙町(横浜市中区)",
            "lat": "35.440807",
            "lng": "139.629104"
        },
        {
            "index": "44",
            "id": "00102725",
            "name": "長者町五丁目",
            "lat": "35.442979",
            "lng": "139.632253"
        },
        {
            "index": "45",
            "id": "00102910",
            "name": "羽衣町(横浜市中区)",
            "lat": "35.444608",
            "lng": "139.634402"
        },
        {
            "index": "46",
            "id": "00102323",
            "name": "尾上町(横浜市中区)",
            "lat": "35.446675",
            "lng": "139.636405"
        },
        {
            "index": "47",
            "id": "00103058",
            "name": "本町四丁目(横浜市中区)",
            "lat": "35.448269",
            "lng": "139.637628"
        },
        {
            "index": "48",
            "id": "00102945",
            "name": "横浜市役所前",
            "lat": "35.449716",
            "lng": "139.63511"
        },
        {
            "index": "49",
            "id": "00102541",
            "name": "桜木町駅前",
            "lat": "35.451928",
            "lng": "139.631804"
        }
    ],
    "route_url": "https://www.kanachu.co.jp/dia/route/index/cid:0000802787/"
}
