{
    "date": "2024/11/16",
    "name": "神台公園前",
    "position": "-",
    "system": "藤03",
    "destinations": [
        "羽鳥郵便局前",
        "明治中学校前",
        "汲田",
        "住宅前(藤沢市明治)",
        "高山(藤沢市)",
        "NOK前",
        "上村橋",
        "上村(藤沢市)",
        "烏森公園前",
        "湘南高校通り",
        "日本精工北門",
        "養老院前",
        "相生町(藤沢市)",
        "三富士町",
        "藤沢駅北口"
    ],
    "weekday": [
        "7:21",
        "9:41",
        "10:43",
        "11:46",
        "12:43",
        "13:43",
        "14:43",
        "15:43",
        "16:41",
        "17:41",
        "18:41"
    ],
    "saturday": [
        "8:44",
        "10:49",
        "12:49",
        "14:49",
        "16:49",
        "18:49"
    ],
    "holiday": [
        "8:44",
        "10:49",
        "12:49",
        "14:49",
        "16:49",
        "18:49"
    ],
    "url": "https://www.kanachu.co.jp/dia/diagram/timetable01_js/course:0000800635-2/node:00130068/kt:0/lname:/"
}
