{
    "date": "2024/11/16",
    "name": "羽鳥郵便局前",
    "position": "-",
    "system": "藤03",
    "destinations": [
        "明治中学校前",
        "汲田",
        "住宅前(藤沢市明治)",
        "高山(藤沢市)",
        "NOK前",
        "上村橋",
        "上村(藤沢市)",
        "烏森公園前",
        "湘南高校通り",
        "日本精工北門",
        "養老院前",
        "相生町(藤沢市)",
        "三富士町",
        "藤沢駅北口"
    ],
    "weekday": [
        "7:22",
        "9:42",
        "10:44",
        "11:47",
        "12:44",
        "13:44",
        "14:44",
        "15:44",
        "16:42",
        "17:42",
        "18:42"
    ],
    "saturday": [
        "8:45",
        "10:50",
        "12:50",
        "14:50",
        "16:50",
        "18:50"
    ],
    "holiday": [
        "8:45",
        "10:50",
        "12:50",
        "14:50",
        "16:50",
        "18:50"
    ],
    "url": "https://www.kanachu.co.jp/dia/diagram/timetable01_js/course:0000800635-3/node:00127086/kt:0/lname:/"
}
