{
    "date": "2024/11/16",
    "name": "上村(藤沢市)",
    "position": "-",
    "system": "藤03",
    "destinations": [
        "烏森公園前",
        "湘南高校通り",
        "日本精工北門",
        "養老院前",
        "相生町(藤沢市)",
        "三富士町",
        "藤沢駅北口"
    ],
    "weekday": [
        "7:28",
        "9:48",
        "10:50",
        "11:53",
        "12:50",
        "13:50",
        "14:50",
        "15:50",
        "16:49",
        "17:49",
        "18:48"
    ],
    "saturday": [
        "8:51",
        "10:56",
        "12:56",
        "14:56",
        "16:57",
        "18:56"
    ],
    "holiday": [
        "8:51",
        "10:56",
        "12:56",
        "14:56",
        "16:57",
        "18:56"
    ],
    "url": "https://www.kanachu.co.jp/dia/diagram/timetable01_js/course:0000800635-10/node:00127081/kt:0/lname:/"
}
