{
    "date": "2024/11/16",
    "name": "日本精工北門",
    "position": "-",
    "system": "藤03",
    "destinations": [
        "養老院前",
        "相生町(藤沢市)",
        "三富士町",
        "藤沢駅北口"
    ],
    "weekday": [
        "7:31",
        "9:51",
        "10:53",
        "11:56",
        "12:53",
        "13:53",
        "14:53",
        "15:53",
        "16:52",
        "17:52",
        "18:50"
    ],
    "saturday": [
        "8:54",
        "10:59",
        "12:59",
        "14:59",
        "17:00",
        "18:58"
    ],
    "holiday": [
        "8:54",
        "10:59",
        "12:59",
        "14:59",
        "17:00",
        "18:58"
    ],
    "url": "https://www.kanachu.co.jp/dia/diagram/timetable01_js/course:0000800635-13/node:00127078/kt:0/lname:/"
}
