{
    "date": "2025/11/16",
    "name": "三福寺前",
    "position": "-",
    "system": "伊80",
    "destinations": [
        "藤田電機前(伊勢原市)",
        "西沼目",
        "つきみの団地",
        "沼目",
        "大田小学校前",
        "下谷(伊勢原市)",
        "沖小稲葉",
        "小稲葉",
        "下小稲葉",
        "新屋(伊勢原市)",
        "西屋(伊勢原市)",
        "下落合(伊勢原市)",
        "長沼(厚木市)",
        "上落合(厚木市)",
        "堤下(厚木市)",
        "田谷(厚木市)",
        "片平入口",
        "愛甲石田駅"
    ],
    "weekday": [
        "6:28",
        "7:57",
        "9:37",
        "10:59",
        "15:14",
        "16:37",
        "17:52"
    ],
    "saturday": [
        "8:42",
        "13:42",
        "17:34"
    ],
    "holiday": [
        "8:42",
        "13:42",
        "17:34"
    ],
    "url": "https://www.kanachu.co.jp/dia/diagram/timetable01_js/course:0000800535-3/node:00128095/kt:0/lname:/"
}
