{
    "date": "2025/11/16",
    "name": "藤田電機前(伊勢原市)",
    "position": "-",
    "system": "伊80",
    "destinations": [
        "西沼目",
        "つきみの団地",
        "沼目",
        "大田小学校前",
        "下谷(伊勢原市)",
        "沖小稲葉",
        "小稲葉",
        "下小稲葉",
        "新屋(伊勢原市)",
        "西屋(伊勢原市)",
        "下落合(伊勢原市)",
        "長沼(厚木市)",
        "上落合(厚木市)",
        "堤下(厚木市)",
        "田谷(厚木市)",
        "片平入口",
        "愛甲石田駅"
    ],
    "weekday": [
        "6:29",
        "7:58",
        "9:38",
        "11:00",
        "15:15",
        "16:38",
        "17:53"
    ],
    "saturday": [
        "8:43",
        "13:43",
        "17:35"
    ],
    "holiday": [
        "8:43",
        "13:43",
        "17:35"
    ],
    "url": "https://www.kanachu.co.jp/dia/diagram/timetable01_js/course:0000800535-4/node:00128096/kt:0/lname:/"
}
