{
    "date": "2025/11/16",
    "name": "大田小学校前",
    "position": "-",
    "system": "伊80",
    "destinations": [
        "下谷(伊勢原市)",
        "沖小稲葉",
        "小稲葉",
        "下小稲葉",
        "新屋(伊勢原市)",
        "西屋(伊勢原市)",
        "下落合(伊勢原市)",
        "長沼(厚木市)",
        "上落合(厚木市)",
        "堤下(厚木市)",
        "田谷(厚木市)",
        "片平入口",
        "愛甲石田駅"
    ],
    "weekday": [
        "6:33",
        "8:02",
        "9:42",
        "11:04",
        "15:19",
        "16:42",
        "17:57"
    ],
    "saturday": [
        "8:47",
        "13:47",
        "17:39"
    ],
    "holiday": [
        "8:47",
        "13:47",
        "17:39"
    ],
    "url": "https://www.kanachu.co.jp/dia/diagram/timetable01_js/course:0000800535-8/node:00128100/kt:0/lname:/"
}
