{
    "date": "2025/11/16",
    "name": "小稲葉",
    "position": "-",
    "system": "伊80",
    "destinations": [
        "下小稲葉",
        "新屋(伊勢原市)",
        "西屋(伊勢原市)",
        "下落合(伊勢原市)",
        "長沼(厚木市)",
        "上落合(厚木市)",
        "堤下(厚木市)",
        "田谷(厚木市)",
        "片平入口",
        "愛甲石田駅"
    ],
    "weekday": [
        "6:36",
        "8:05",
        "9:45",
        "11:07",
        "15:22",
        "16:45",
        "18:00"
    ],
    "saturday": [
        "8:50",
        "13:50",
        "17:42"
    ],
    "holiday": [
        "8:50",
        "13:50",
        "17:42"
    ],
    "url": "https://www.kanachu.co.jp/dia/diagram/timetable01_js/course:0000800535-11/node:00128120/kt:0/lname:/"
}
