{
    "date": "2025/11/16",
    "name": "下小稲葉",
    "position": "-",
    "system": "伊80",
    "destinations": [
        "新屋(伊勢原市)",
        "西屋(伊勢原市)",
        "下落合(伊勢原市)",
        "長沼(厚木市)",
        "上落合(厚木市)",
        "堤下(厚木市)",
        "田谷(厚木市)",
        "片平入口",
        "愛甲石田駅"
    ],
    "weekday": [
        "6:37",
        "8:06",
        "9:46",
        "11:08",
        "15:23",
        "16:46",
        "18:01"
    ],
    "saturday": [
        "8:51",
        "13:51",
        "17:43"
    ],
    "holiday": [
        "8:51",
        "13:51",
        "17:43"
    ],
    "url": "https://www.kanachu.co.jp/dia/diagram/timetable01_js/course:0000800535-12/node:00127619/kt:0/lname:/"
}
