{
    "date": "2025/11/16",
    "name": "新屋(伊勢原市)",
    "position": "-",
    "system": "伊80",
    "destinations": [
        "西屋(伊勢原市)",
        "下落合(伊勢原市)",
        "長沼(厚木市)",
        "上落合(厚木市)",
        "堤下(厚木市)",
        "田谷(厚木市)",
        "片平入口",
        "愛甲石田駅"
    ],
    "weekday": [
        "6:38",
        "8:07",
        "9:47",
        "11:09",
        "15:24",
        "16:47",
        "18:02"
    ],
    "saturday": [
        "8:52",
        "13:52",
        "17:44"
    ],
    "holiday": [
        "8:52",
        "13:52",
        "17:44"
    ],
    "url": "https://www.kanachu.co.jp/dia/diagram/timetable01_js/course:0000800535-13/node:00127620/kt:0/lname:/"
}
