{
    "date": "2025/11/16",
    "name": "長沼(厚木市)",
    "position": "-",
    "system": "伊80",
    "destinations": [
        "上落合(厚木市)",
        "堤下(厚木市)",
        "田谷(厚木市)",
        "片平入口",
        "愛甲石田駅"
    ],
    "weekday": [
        "6:41",
        "8:10",
        "9:50",
        "11:12",
        "15:27",
        "16:50",
        "18:05"
    ],
    "saturday": [
        "8:55",
        "13:55",
        "17:47"
    ],
    "holiday": [
        "8:55",
        "13:55",
        "17:47"
    ],
    "url": "https://www.kanachu.co.jp/dia/diagram/timetable01_js/course:0000800535-16/node:00127623/kt:0/lname:/"
}
