{
    "date": "2023/10/01",
    "name": "上村(大和市)",
    "position": "-",
    "system": "",
    "destinations": [
        "下村",
        "二津屋",
        "城山(大和市)",
        "山谷(大和市)",
        "つきみ野2丁目南",
        "つきみ野1丁目",
        "代官山",
        "南林間駅東口",
        "鶴間中前",
        "鶴間駅東口",
        "鶴間二丁目",
        "オークシティ南",
        "市立病院(大和市)"
    ],
    "weekday": [
        "19:15"
    ],
    "saturday": [
        "18:15"
    ],
    "holiday": [
        "18:15"
    ],
    "url": "https://www.kanachu.co.jp/dia/diagram/timetable01_js/course:0000803398-10/node:00130442/kt:0/lname:/"
}
