{
    "date": "2023/10/01",
    "name": "代官山",
    "position": "-",
    "system": "",
    "destinations": [
        "南林間駅東口",
        "鶴間中前",
        "鶴間駅東口",
        "鶴間二丁目",
        "オークシティ南",
        "市立病院(大和市)"
    ],
    "weekday": [
        "19:25"
    ],
    "saturday": [
        "18:25"
    ],
    "holiday": [
        "18:25"
    ],
    "url": "https://www.kanachu.co.jp/dia/diagram/timetable01_js/course:0000803398-17/node:00130451/kt:0/lname:/"
}
