{
    "date": "2026/01/16",
    "name": "北警察署前(藤沢市)",
    "position": "-",
    "system": "藤39",
    "destinations": [
        "工業団地入口(藤沢市)",
        "南大山",
        "遠藤(藤沢市)",
        "秋葉台小学校",
        "遠藤北原",
        "市営住宅前(藤沢市)",
        "遠藤松原",
        "遠藤中原",
        "湘南ライフタウン",
        "小出一本松",
        "大辻(藤沢市)",
        "丸山大辻",
        "ライフタウン入口",
        "堤羽根沢",
        "湘南カントリークラブ前",
        "羽根沢",
        "大庭小学校",
        "小糸",
        "城下(藤沢市)",
        "舟地蔵",
        "大六天(藤沢市)",
        "明治小学校前",
        "羽鳥(藤沢市)",
        "メルシャン前",
        "引地橋",
        "一中入口(藤沢市)",
        "湘南高校前",
        "台町(藤沢市)",
        "白旗交差点",
        "本町小学校前(藤沢市)",
        "南仲通り二丁目",
        "南仲通り",
        "相生町(藤沢市)",
        "三富士町",
        "藤沢駅北口"
    ],
    "weekday": [
        "6:52",
        "7:20",
        "8:12",
        "8:49",
        "9:37",
        "11:32",
        "13:32",
        "15:32",
        "17:37"
    ],
    "saturday": [],
    "holiday": [],
    "url": "https://www.kanachu.co.jp/dia/diagram/timetable01_js/course:0000804011-3/node:00129895/kt:0/lname:/"
}
