{
    "date": "2026/01/16",
    "name": "台町(藤沢市)",
    "position": "-",
    "system": "藤39",
    "destinations": [
        "白旗交差点",
        "本町小学校前(藤沢市)",
        "南仲通り二丁目",
        "南仲通り",
        "相生町(藤沢市)",
        "三富士町",
        "藤沢駅北口"
    ],
    "weekday": [
        "7:27",
        "7:55",
        "8:47",
        "9:23",
        "10:11",
        "12:06",
        "14:06",
        "16:07",
        "18:11"
    ],
    "saturday": [],
    "holiday": [],
    "url": "https://www.kanachu.co.jp/dia/diagram/timetable01_js/course:0000804011-31/node:00127049/kt:0/lname:/"
}
