{
    "date": "2026/01/16",
    "name": "白旗交差点",
    "position": "-",
    "system": "藤39",
    "destinations": [
        "本町小学校前(藤沢市)",
        "南仲通り二丁目",
        "南仲通り",
        "相生町(藤沢市)",
        "三富士町",
        "藤沢駅北口"
    ],
    "weekday": [
        "7:28",
        "7:56",
        "8:48",
        "9:24",
        "10:12",
        "12:07",
        "14:07",
        "16:08",
        "18:12"
    ],
    "saturday": [],
    "holiday": [],
    "url": "https://www.kanachu.co.jp/dia/diagram/timetable01_js/course:0000804011-32/node:00127012/kt:0/lname:/"
}
