{
    "date": "2025/11/16",
    "name": "谷戸岡",
    "position": "-",
    "system": "伊58",
    "destinations": [
        "桜坂(伊勢原市)",
        "串橋入口",
        "神戸(伊勢原市)",
        "白根公民館前",
        "白根",
        "八雲神社前(伊勢原市)",
        "板戸",
        "大神宮前",
        "本町(伊勢原市)",
        "伊勢原駅北口"
    ],
    "weekday": [
        "7:55",
        "15:39",
        "16:30"
    ],
    "saturday": [],
    "holiday": [],
    "url": "https://www.kanachu.co.jp/dia/diagram/timetable01_js/course:0000801374-6/node:00127982/kt:0/lname:/"
}
