{
    "date": "2025/04/01",
    "name": "町田総合高校前",
    "position": "サイゼリヤ近く",
    "system": "町17",
    "destinations": [
        "木曽南団地",
        "横町(町田市)",
        "境川団地",
        "境川団地中央",
        "境川団地入口",
        "木曽都営入口",
        "桧台入口",
        "森野六丁目",
        "森野五丁目",
        "妙延寺(町田市)",
        "町田市役所市民ホール前",
        "町田バスセンター"
    ],
    "weekday": [
        "6:39",
        "7:34",
        "8:44",
        "9:58",
        "10:58",
        "11:43",
        "12:44",
        "13:44",
        "14:44",
        "15:44",
        "16:58",
        "17:54",
        "18:58",
        "19:18"
    ],
    "saturday": [
        "6:49",
        "8:03",
        "9:03",
        "10:03",
        "11:03",
        "12:03",
        "13:03",
        "14:03",
        "15:03",
        "16:03",
        "17:03",
        "18:03",
        "19:03",
        "20:03"
    ],
    "holiday": [
        "6:49",
        "7:54",
        "9:03",
        "10:03",
        "11:03",
        "12:03",
        "13:03",
        "14:03",
        "15:03",
        "16:03",
        "17:03",
        "18:06",
        "19:03",
        "20:03"
    ],
    "url": "https://www.kanachu.co.jp/dia/diagram/timetable01_js/course:0000803215-11/node:00129495/kt:0/lname:/"
}
