{
    "date": "2025/04/01",
    "name": "妙延寺(町田市)",
    "position": "-",
    "system": "町17",
    "destinations": [
        "町田市役所市民ホール前",
        "町田バスセンター"
    ],
    "weekday": [
        "6:50",
        "7:45",
        "8:55",
        "10:09",
        "11:08",
        "11:53",
        "12:54",
        "13:54",
        "14:54",
        "15:54",
        "17:08",
        "18:04",
        "19:06",
        "19:26"
    ],
    "saturday": [
        "6:57",
        "8:12",
        "9:13",
        "10:13",
        "11:13",
        "12:13",
        "13:13",
        "14:13",
        "15:13",
        "16:13",
        "17:13",
        "18:13",
        "19:10",
        "20:10"
    ],
    "holiday": [
        "6:57",
        "8:02",
        "9:12",
        "10:12",
        "11:13",
        "12:13",
        "13:13",
        "14:13",
        "15:13",
        "16:13",
        "17:13",
        "18:13",
        "19:10",
        "20:10"
    ],
    "url": "https://www.kanachu.co.jp/dia/diagram/timetable01_js/course:0000803215-21/node:00129375/kt:0/lname:/"
}
