{
    "date": "2025/04/01",
    "name": "町田市役所市民ホール前",
    "position": "-",
    "system": "町17",
    "destinations": [
        "町田バスセンター"
    ],
    "weekday": [
        "6:52",
        "7:47",
        "8:57",
        "10:11",
        "11:10",
        "11:55",
        "12:56",
        "13:56",
        "14:56",
        "15:56",
        "17:10",
        "18:06",
        "19:08",
        "19:28"
    ],
    "saturday": [
        "6:59",
        "8:14",
        "9:15",
        "10:15",
        "11:15",
        "12:15",
        "13:15",
        "14:15",
        "15:15",
        "16:15",
        "17:15",
        "18:15",
        "19:12",
        "20:12"
    ],
    "holiday": [
        "6:59",
        "8:04",
        "9:14",
        "10:14",
        "11:15",
        "12:15",
        "13:15",
        "14:15",
        "15:15",
        "16:15",
        "17:15",
        "18:15",
        "19:12",
        "20:12"
    ],
    "url": "https://www.kanachu.co.jp/dia/diagram/timetable01_js/course:0000803215-22/node:00129356/kt:0/lname:/"
}
