{
    "date": "2025/11/16",
    "name": "平塚駅北口",
    "position": "-",
    "system": "平96",
    "destinations": [
        "四ツ角(平塚市)",
        "市役所前(ゴム前/平塚市)",
        "横浜ゴム前",
        "立野町(平塚市)",
        "追分(平塚市)",
        "共済病院前総合公園西",
        "中原下宿",
        "中原御殿",
        "中原上宿",
        "大縄橋",
        "豊田本郷駅",
        "東橋(平塚市)",
        "矢崎(平塚市)"
    ],
    "weekday": [
        "8:43",
        "9:06",
        "19:29",
        "19:53",
        "20:20",
        "20:50",
        "21:20",
        "22:35",
        "23:30"
    ],
    "saturday": [
        "22:25"
    ],
    "holiday": [
        "22:25"
    ],
    "url": "https://www.kanachu.co.jp/dia/diagram/timetable01_js/course:0000803554-1/node:00127464/kt:0/lname:/"
}
