{
    "date": "2025/11/16",
    "name": "立野町(平塚市)",
    "position": "-",
    "system": "平96",
    "destinations": [
        "追分(平塚市)",
        "共済病院前総合公園西",
        "中原下宿",
        "中原御殿",
        "中原上宿",
        "大縄橋",
        "豊田本郷駅",
        "東橋(平塚市)",
        "矢崎(平塚市)"
    ],
    "weekday": [
        "8:48",
        "9:11",
        "19:34",
        "19:58",
        "20:25",
        "20:55",
        "21:25",
        "22:40",
        "23:35"
    ],
    "saturday": [
        "22:30"
    ],
    "holiday": [
        "22:30"
    ],
    "url": "https://www.kanachu.co.jp/dia/diagram/timetable01_js/course:0000803554-5/node:00127555/kt:0/lname:/"
}
