{
    "system": "平96",
    "busstops": [
        {
            "index": "1",
            "id": "00127464",
            "name": "平塚駅北口",
            "lat": "35.328506",
            "lng": "139.35074"
        },
        {
            "index": "2",
            "id": "00127190",
            "name": "四ツ角(平塚市)",
            "lat": "35.330828",
            "lng": "139.350049"
        },
        {
            "index": "3",
            "id": "00127553",
            "name": "市役所前(ゴム前/平塚市)",
            "lat": "35.333286",
            "lng": "139.347605"
        },
        {
            "index": "4",
            "id": "00127554",
            "name": "横浜ゴム前",
            "lat": "35.334945",
            "lng": "139.344682"
        },
        {
            "index": "5",
            "id": "00127555",
            "name": "立野町(平塚市)",
            "lat": "35.335611",
            "lng": "139.341704"
        },
        {
            "index": "6",
            "id": "00127556",
            "name": "追分(平塚市)",
            "lat": "35.336162",
            "lng": "139.338963"
        },
        {
            "index": "7",
            "id": "00128222",
            "name": "共済病院前総合公園西",
            "lat": "35.33919",
            "lng": "139.336672"
        },
        {
            "index": "8",
            "id": "00128069",
            "name": "中原下宿",
            "lat": "35.34143",
            "lng": "139.333953"
        },
        {
            "index": "9",
            "id": "00128068",
            "name": "中原御殿",
            "lat": "35.344617",
            "lng": "139.332346"
        },
        {
            "index": "10",
            "id": "00128067",
            "name": "中原上宿",
            "lat": "35.347543",
            "lng": "139.331109"
        },
        {
            "index": "11",
            "id": "00128066",
            "name": "大縄橋",
            "lat": "35.350448",
            "lng": "139.329876"
        },
        {
            "index": "12",
            "id": "00128065",
            "name": "豊田本郷駅",
            "lat": "35.356644",
            "lng": "139.32692"
        },
        {
            "index": "13",
            "id": "00128064",
            "name": "東橋(平塚市)",
            "lat": "35.358376",
            "lng": "139.32369"
        },
        {
            "index": "14",
            "id": "00128063",
            "name": "矢崎(平塚市)",
            "lat": "35.368324",
            "lng": "139.315306"
        }
    ],
    "route_url": "https://www.kanachu.co.jp/dia/route/index/cid:0000803554/"
}
