{
    "date": "2024/12/16",
    "name": "大川橋(秦野市)",
    "position": "-",
    "system": "秦45",
    "destinations": [
        "上宿通り",
        "片町通り",
        "河原町(秦野市)",
        "室川橋(下大槻団地線)",
        "才ヶ分",
        "才ヶ分踏切",
        "瓜生野入口",
        "秦野高校前",
        "広畑ふれあいプラザ前",
        "下大槻団地",
        "広畑ふれあいプラザ前",
        "宿矢名",
        "矢名",
        "学校入口(秦野市)",
        "東海大学北門",
        "東海大学前駅入口",
        "東海大学前駅南口"
    ],
    "weekday": [
        "5:59",
        "8:06",
        "8:31",
        "11:15",
        "13:35",
        "14:35",
        "16:19",
        "17:19",
        "20:24"
    ],
    "saturday": [
        "9:11",
        "12:14",
        "18:21",
        "20:26"
    ],
    "holiday": [
        "9:11",
        "12:14",
        "18:21",
        "20:26"
    ],
    "url": "https://www.kanachu.co.jp/dia/diagram/timetable01_js/course:0000803656-2/node:00127716/kt:0/lname:/"
}
