{
    "date": "2024/12/16",
    "name": "河原町(秦野市)",
    "position": "-",
    "system": "秦45",
    "destinations": [
        "室川橋(下大槻団地線)",
        "才ヶ分",
        "才ヶ分踏切",
        "瓜生野入口",
        "秦野高校前",
        "広畑ふれあいプラザ前",
        "下大槻団地",
        "広畑ふれあいプラザ前",
        "宿矢名",
        "矢名",
        "学校入口(秦野市)",
        "東海大学北門",
        "東海大学前駅入口",
        "東海大学前駅南口"
    ],
    "weekday": [
        "6:03",
        "8:11",
        "8:36",
        "11:20",
        "13:40",
        "14:40",
        "16:24",
        "17:24",
        "20:29"
    ],
    "saturday": [
        "9:16",
        "12:19",
        "18:26",
        "20:31"
    ],
    "holiday": [
        "9:16",
        "12:19",
        "18:26",
        "20:31"
    ],
    "url": "https://www.kanachu.co.jp/dia/diagram/timetable01_js/course:0000803656-5/node:00127720/kt:0/lname:/"
}
