{
    "date": "2024/12/16",
    "name": "矢名",
    "position": "-",
    "system": "秦45",
    "destinations": [
        "学校入口(秦野市)",
        "東海大学北門",
        "東海大学前駅入口",
        "東海大学前駅南口"
    ],
    "weekday": [
        "6:14",
        "8:25",
        "8:50",
        "11:32",
        "13:52",
        "14:52",
        "16:37",
        "17:37",
        "20:42"
    ],
    "saturday": [
        "9:29",
        "12:32",
        "18:40",
        "20:42"
    ],
    "holiday": [
        "9:29",
        "12:32",
        "18:40",
        "20:42"
    ],
    "url": "https://www.kanachu.co.jp/dia/diagram/timetable01_js/course:0000803656-15/node:00127757/kt:0/lname:/"
}
