{
    "date": "2024/12/16",
    "name": "塚越古墳",
    "position": "-",
    "system": "平77",
    "destinations": [
        "北金目",
        "東海大学東",
        "東海大学1号館前",
        "東海大学前駅入口",
        "東海大学前駅南口"
    ],
    "weekday": [
        "7:56",
        "9:01",
        "10:03",
        "11:01",
        "11:57",
        "12:57",
        "13:58",
        "14:58",
        "15:58",
        "16:59",
        "18:30"
    ],
    "saturday": [
        "10:00",
        "11:00",
        "12:00",
        "13:00",
        "14:00",
        "15:00",
        "16:00"
    ],
    "holiday": [
        "9:59",
        "10:59",
        "11:59",
        "12:59",
        "14:00",
        "15:00",
        "16:00"
    ],
    "url": "https://www.kanachu.co.jp/dia/diagram/timetable01_js/course:0000803651-28/node:00130347/kt:0/lname:/"
}
