{
    "date": "2025/04/01",
    "name": "職業安定所前(大和市)",
    "position": "-",
    "system": "間17",
    "destinations": [
        "市役所市立病院前",
        "市立病院(大和市)",
        "オークシティ前",
        "鶴間二丁目",
        "鶴間駅東口"
    ],
    "weekday": [
        "8:20",
        "9:51",
        "10:39",
        "11:34",
        "12:24",
        "13:14",
        "14:04",
        "14:54",
        "15:44"
    ],
    "saturday": [],
    "holiday": [],
    "url": "https://www.kanachu.co.jp/dia/diagram/timetable01_js/course:0000803762-14/node:00129742/kt:0/lname:/"
}
