{
    "date": "2025/04/01",
    "name": "市立病院(大和市)",
    "position": "-",
    "system": "間17",
    "destinations": [
        "オークシティ前",
        "鶴間二丁目",
        "鶴間駅東口"
    ],
    "weekday": [
        "8:24",
        "9:55",
        "10:43",
        "11:38",
        "12:28",
        "13:18",
        "14:08",
        "14:58",
        "15:48"
    ],
    "saturday": [],
    "holiday": [],
    "url": "https://www.kanachu.co.jp/dia/diagram/timetable01_js/course:0000803762-16/node:00129741/kt:0/lname:/"
}
