{
    "date": "2025/04/01",
    "name": "オークシティ前",
    "position": "-",
    "system": "間17",
    "destinations": [
        "鶴間二丁目",
        "鶴間駅東口"
    ],
    "weekday": [
        "8:26",
        "9:57",
        "10:45",
        "11:40",
        "12:30",
        "13:20",
        "14:10",
        "15:00",
        "15:50"
    ],
    "saturday": [],
    "holiday": [],
    "url": "https://www.kanachu.co.jp/dia/diagram/timetable01_js/course:0000803762-17/node:00129610/kt:0/lname:/"
}
