{
    "date": "2026/01/16",
    "name": "中川橋",
    "position": "-",
    "system": "長37",
    "destinations": [
        "落合(綾瀬市)",
        "上落合(綾瀬市)",
        "大法寺(綾瀬市)",
        "綾瀬車庫(綾瀬市)"
    ],
    "weekday": [
        "8:16",
        "16:51",
        "17:11",
        "18:06",
        "19:06",
        "20:31",
        "21:02",
        "22:44"
    ],
    "saturday": [
        "19:31",
        "20:31",
        "22:45"
    ],
    "holiday": [
        "19:31",
        "20:31",
        "22:45"
    ],
    "url": "https://www.kanachu.co.jp/dia/diagram/timetable01_js/course:0000804125-5/node:00129849/kt:0/lname:/"
}
