{
    "date": "2026/01/16",
    "name": "落合(綾瀬市)",
    "position": "-",
    "system": "長37",
    "destinations": [
        "上落合(綾瀬市)",
        "大法寺(綾瀬市)",
        "綾瀬車庫(綾瀬市)"
    ],
    "weekday": [
        "8:17",
        "16:52",
        "17:12",
        "18:07",
        "19:07",
        "20:32",
        "21:03",
        "22:45"
    ],
    "saturday": [
        "19:32",
        "20:32",
        "22:46"
    ],
    "holiday": [
        "19:32",
        "20:32",
        "22:46"
    ],
    "url": "https://www.kanachu.co.jp/dia/diagram/timetable01_js/course:0000804125-6/node:00129850/kt:0/lname:/"
}
