{
    "date": "2025/07/12",
    "name": "藤沢公民館前",
    "position": "-",
    "system": "藤51",
    "destinations": [
        "本町消防出張所前",
        "藤沢市民病院",
        "白旗神社前",
        "聖園女学院前",
        "藤沢翔陵高校前",
        "亀井野団地入口",
        "新田(藤沢市)",
        "俣野原",
        "下屋敷(藤沢市)",
        "亀井野",
        "亀井野三丁目",
        "雲昌寺",
        "六会",
        "今田(藤沢市)",
        "湘南台駅東口"
    ],
    "weekday": [
        "6:34",
        "7:04",
        "7:29",
        "7:56",
        "8:23",
        "9:22",
        "10:22",
        "11:22",
        "12:17",
        "13:17",
        "14:22",
        "15:22",
        "16:25",
        "17:27",
        "18:31",
        "19:25"
    ],
    "saturday": [
        "8:24",
        "10:14",
        "11:14",
        "12:14",
        "13:14",
        "14:14",
        "15:15",
        "16:15",
        "17:15"
    ],
    "holiday": [
        "8:24",
        "10:14",
        "11:14",
        "12:14",
        "13:14",
        "14:14",
        "15:15",
        "16:15",
        "17:15"
    ],
    "url": "https://www.kanachu.co.jp/dia/diagram/timetable01_js/course:0000802718-4/node:00127010/kt:0/lname:/"
}
