{
    "date": "2025/07/12",
    "name": "俣野原",
    "position": "-",
    "system": "藤51",
    "destinations": [
        "下屋敷(藤沢市)",
        "亀井野",
        "亀井野三丁目",
        "雲昌寺",
        "六会",
        "今田(藤沢市)",
        "湘南台駅東口"
    ],
    "weekday": [
        "6:48",
        "7:20",
        "7:45",
        "8:12",
        "8:39",
        "9:39",
        "10:39",
        "11:39",
        "12:34",
        "13:34",
        "14:39",
        "15:39",
        "16:43",
        "17:45",
        "18:47",
        "19:41"
    ],
    "saturday": [
        "8:38",
        "10:30",
        "11:30",
        "12:30",
        "13:30",
        "14:30",
        "15:33",
        "16:33",
        "17:33"
    ],
    "holiday": [
        "8:38",
        "10:30",
        "11:30",
        "12:30",
        "13:30",
        "14:30",
        "15:33",
        "16:33",
        "17:33"
    ],
    "url": "https://www.kanachu.co.jp/dia/diagram/timetable01_js/course:0000802718-12/node:00127018/kt:0/lname:/"
}
