{
    "date": "2025/07/12",
    "name": "亀井野三丁目",
    "position": "-",
    "system": "藤51",
    "destinations": [
        "雲昌寺",
        "六会",
        "今田(藤沢市)",
        "湘南台駅東口"
    ],
    "weekday": [
        "6:51",
        "7:23",
        "7:48",
        "8:15",
        "8:42",
        "9:42",
        "10:42",
        "11:42",
        "12:37",
        "13:37",
        "14:42",
        "15:42",
        "16:46",
        "17:48",
        "18:50",
        "19:44"
    ],
    "saturday": [
        "8:41",
        "10:33",
        "11:33",
        "12:33",
        "13:33",
        "14:33",
        "15:36",
        "16:36",
        "17:36"
    ],
    "holiday": [
        "8:41",
        "10:33",
        "11:33",
        "12:33",
        "13:33",
        "14:33",
        "15:36",
        "16:36",
        "17:36"
    ],
    "url": "https://www.kanachu.co.jp/dia/diagram/timetable01_js/course:0000802718-15/node:00129885/kt:0/lname:/"
}
