{
    "date": "2025/07/12",
    "name": "六会",
    "position": "-",
    "system": "藤51",
    "destinations": [
        "今田(藤沢市)",
        "湘南台駅東口"
    ],
    "weekday": [
        "6:53",
        "7:25",
        "7:50",
        "8:17",
        "8:44",
        "9:44",
        "10:44",
        "11:44",
        "12:39",
        "13:39",
        "14:44",
        "15:44",
        "16:48",
        "17:50",
        "18:52",
        "19:46"
    ],
    "saturday": [
        "8:43",
        "10:35",
        "11:35",
        "12:35",
        "13:35",
        "14:35",
        "15:38",
        "16:38",
        "17:38"
    ],
    "holiday": [
        "8:43",
        "10:35",
        "11:35",
        "12:35",
        "13:35",
        "14:35",
        "15:38",
        "16:38",
        "17:38"
    ],
    "url": "https://www.kanachu.co.jp/dia/diagram/timetable01_js/course:0000802718-17/node:00129883/kt:0/lname:/"
}
