{
    "date": "2024/12/16",
    "name": "永山駅",
    "position": "-",
    "system": "永65",
    "destinations": [
        "消防署前(多摩市)",
        "大橋(多摩市)",
        "釜沼橋",
        "貝取神社前",
        "貝取北センター",
        "とちのき公園入口",
        "貝取二丁目",
        "豊ヶ丘四丁目",
        "豊ヶ丘六丁目",
        "恵泉女学園大学入口",
        "豊ヶ丘五丁目",
        "落合四丁目",
        "落合三丁目",
        "豊ヶ丘小学校",
        "落合東",
        "多摩センター駅"
    ],
    "weekday": [
        "6:21",
        "6:36",
        "6:52",
        "7:06",
        "7:21",
        "7:36",
        "7:51",
        "8:06",
        "8:21",
        "8:36",
        "8:58",
        "9:20",
        "9:39",
        "9:59",
        "10:19",
        "10:39",
        "10:59",
        "11:19",
        "11:39",
        "11:59",
        "12:19",
        "12:39",
        "12:59",
        "13:19",
        "13:39",
        "13:59",
        "14:19",
        "14:39",
        "15:01",
        "15:19",
        "15:39",
        "15:59",
        "16:19",
        "16:38",
        "16:50",
        "17:00",
        "17:20",
        "17:35",
        "17:50",
        "18:05",
        "18:25",
        "18:45",
        "18:57",
        "19:15",
        "19:35",
        "19:55",
        "20:11",
        "20:20",
        "20:35",
        "20:58",
        "21:20",
        "21:44",
        "22:08"
    ],
    "saturday": [
        "6:36",
        "6:54",
        "7:14",
        "7:34",
        "7:54",
        "8:14",
        "8:34",
        "8:54",
        "9:14",
        "9:34",
        "9:55",
        "10:15",
        "10:35",
        "10:55",
        "11:15",
        "11:35",
        "11:55",
        "12:15",
        "12:35",
        "12:55",
        "13:15",
        "13:35",
        "13:55",
        "14:15",
        "14:35",
        "14:55",
        "15:15",
        "15:35",
        "15:55",
        "16:15",
        "16:35",
        "16:55",
        "17:15",
        "17:35",
        "17:55",
        "18:15",
        "18:35",
        "19:05",
        "19:35",
        "20:05",
        "20:35",
        "21:05"
    ],
    "holiday": [
        "6:36",
        "6:54",
        "7:14",
        "7:34",
        "7:54",
        "8:14",
        "8:34",
        "8:54",
        "9:14",
        "9:34",
        "9:55",
        "10:15",
        "10:35",
        "10:55",
        "11:15",
        "11:35",
        "11:55",
        "12:15",
        "12:35",
        "12:55",
        "13:15",
        "13:35",
        "13:55",
        "14:15",
        "14:35",
        "14:55",
        "15:15",
        "15:35",
        "15:55",
        "16:15",
        "16:35",
        "16:55",
        "17:15",
        "17:35",
        "17:55",
        "18:15",
        "18:35",
        "19:05",
        "19:35",
        "20:05",
        "20:35",
        "21:05"
    ],
    "url": "https://www.kanachu.co.jp/dia/diagram/timetable01_js/course:0000803303-1/node:00020143/kt:0/lname:/"
}
