{
    "date": "2024/12/16",
    "name": "恵泉女学園大学入口",
    "position": "-",
    "system": "永65",
    "destinations": [
        "豊ヶ丘五丁目",
        "落合四丁目",
        "落合三丁目",
        "豊ヶ丘小学校",
        "落合東",
        "多摩センター駅"
    ],
    "weekday": [
        "6:33",
        "6:50",
        "7:04",
        "7:20",
        "7:34",
        "7:50",
        "8:04",
        "8:20",
        "8:34",
        "8:50",
        "9:11",
        "9:34",
        "9:52",
        "10:13",
        "10:32",
        "10:53",
        "11:12",
        "11:33",
        "11:52",
        "12:13",
        "12:32",
        "12:53",
        "13:12",
        "13:33",
        "13:52",
        "14:13",
        "14:32",
        "14:53",
        "15:14",
        "15:33",
        "15:52",
        "16:13",
        "16:32",
        "16:52",
        "17:03",
        "17:14",
        "17:33",
        "17:49",
        "18:03",
        "18:19",
        "18:38",
        "18:59",
        "19:10",
        "19:29",
        "19:48",
        "20:09",
        "20:24",
        "20:33",
        "20:49",
        "21:11",
        "21:34",
        "21:56",
        "22:22"
    ],
    "saturday": [
        "6:48",
        "7:08",
        "7:27",
        "7:48",
        "8:07",
        "8:28",
        "8:47",
        "9:08",
        "9:27",
        "9:48",
        "10:08",
        "10:29",
        "10:48",
        "11:09",
        "11:28",
        "11:49",
        "12:08",
        "12:29",
        "12:48",
        "13:09",
        "13:28",
        "13:49",
        "14:08",
        "14:29",
        "14:48",
        "15:09",
        "15:28",
        "15:49",
        "16:08",
        "16:29",
        "16:48",
        "17:09",
        "17:28",
        "17:49",
        "18:08",
        "18:29",
        "18:48",
        "19:19",
        "19:47",
        "20:19",
        "20:47",
        "21:19"
    ],
    "holiday": [
        "6:48",
        "7:08",
        "7:27",
        "7:48",
        "8:07",
        "8:28",
        "8:47",
        "9:08",
        "9:27",
        "9:48",
        "10:08",
        "10:29",
        "10:48",
        "11:09",
        "11:28",
        "11:49",
        "12:08",
        "12:29",
        "12:48",
        "13:09",
        "13:28",
        "13:49",
        "14:08",
        "14:29",
        "14:48",
        "15:09",
        "15:28",
        "15:49",
        "16:08",
        "16:29",
        "16:48",
        "17:09",
        "17:28",
        "17:49",
        "18:08",
        "18:29",
        "18:48",
        "19:19",
        "19:48",
        "20:19",
        "20:48",
        "21:19"
    ],
    "url": "https://www.kanachu.co.jp/dia/diagram/timetable01_js/course:0000803303-11/node:00020285/kt:0/lname:/"
}
