{
    "date": "2024/12/16",
    "name": "落合三丁目",
    "position": "-",
    "system": "永65",
    "destinations": [
        "豊ヶ丘小学校",
        "落合東",
        "多摩センター駅"
    ],
    "weekday": [
        "6:38",
        "6:54",
        "7:09",
        "7:24",
        "7:40",
        "7:54",
        "8:10",
        "8:24",
        "8:40",
        "8:54",
        "9:17",
        "9:38",
        "9:57",
        "10:17",
        "10:37",
        "10:57",
        "11:17",
        "11:37",
        "11:57",
        "12:17",
        "12:37",
        "12:57",
        "13:17",
        "13:37",
        "13:57",
        "14:17",
        "14:37",
        "14:57",
        "15:19",
        "15:37",
        "15:57",
        "16:17",
        "16:37",
        "16:56",
        "17:08",
        "17:18",
        "17:38",
        "17:53",
        "18:08",
        "18:23",
        "18:43",
        "19:03",
        "19:15",
        "19:33",
        "19:53",
        "20:13",
        "20:29",
        "20:38",
        "20:53",
        "21:16",
        "21:38",
        "22:01",
        "22:26"
    ],
    "saturday": [
        "6:53",
        "7:12",
        "7:32",
        "7:52",
        "8:12",
        "8:32",
        "8:52",
        "9:12",
        "9:32",
        "9:52",
        "10:14",
        "10:33",
        "10:54",
        "11:13",
        "11:34",
        "11:53",
        "12:14",
        "12:33",
        "12:54",
        "13:13",
        "13:33",
        "13:53",
        "14:13",
        "14:33",
        "14:53",
        "15:13",
        "15:33",
        "15:53",
        "16:13",
        "16:33",
        "16:53",
        "17:13",
        "17:33",
        "17:53",
        "18:13",
        "18:33",
        "18:53",
        "19:23",
        "19:52",
        "20:23",
        "20:52",
        "21:23"
    ],
    "holiday": [
        "6:53",
        "7:12",
        "7:32",
        "7:52",
        "8:12",
        "8:32",
        "8:52",
        "9:12",
        "9:33",
        "9:52",
        "10:14",
        "10:33",
        "10:54",
        "11:13",
        "11:34",
        "11:53",
        "12:14",
        "12:33",
        "12:54",
        "13:13",
        "13:34",
        "13:53",
        "14:14",
        "14:33",
        "14:54",
        "15:13",
        "15:34",
        "15:53",
        "16:14",
        "16:33",
        "16:54",
        "17:13",
        "17:33",
        "17:53",
        "18:13",
        "18:33",
        "18:53",
        "19:23",
        "19:53",
        "20:23",
        "20:53",
        "21:23"
    ],
    "url": "https://www.kanachu.co.jp/dia/diagram/timetable01_js/course:0000803303-14/node:00021378/kt:0/lname:/"
}
