{
    "date": "2024/12/16",
    "name": "落合東",
    "position": "-",
    "system": "永65",
    "destinations": [
        "多摩センター駅"
    ],
    "weekday": [
        "6:40",
        "6:57",
        "7:11",
        "7:27",
        "7:42",
        "7:57",
        "8:12",
        "8:27",
        "8:42",
        "8:57",
        "9:19",
        "9:41",
        "9:59",
        "10:20",
        "10:39",
        "11:00",
        "11:19",
        "11:40",
        "11:59",
        "12:20",
        "12:39",
        "13:00",
        "13:19",
        "13:40",
        "13:59",
        "14:20",
        "14:39",
        "15:00",
        "15:21",
        "15:40",
        "15:59",
        "16:20",
        "16:39",
        "16:59",
        "17:10",
        "17:21",
        "17:40",
        "17:56",
        "18:10",
        "18:26",
        "18:45",
        "19:06",
        "19:17",
        "19:36",
        "19:55",
        "20:16",
        "20:31",
        "20:40",
        "20:56",
        "21:18",
        "21:41",
        "22:03",
        "22:29"
    ],
    "saturday": [
        "6:55",
        "7:15",
        "7:34",
        "7:55",
        "8:14",
        "8:35",
        "8:54",
        "9:15",
        "9:34",
        "9:55",
        "10:16",
        "10:36",
        "10:56",
        "11:16",
        "11:36",
        "11:56",
        "12:16",
        "12:36",
        "12:56",
        "13:16",
        "13:35",
        "13:56",
        "14:15",
        "14:36",
        "14:55",
        "15:16",
        "15:35",
        "15:56",
        "16:15",
        "16:36",
        "16:55",
        "17:16",
        "17:35",
        "17:56",
        "18:15",
        "18:36",
        "18:55",
        "19:26",
        "19:54",
        "20:26",
        "20:54",
        "21:26"
    ],
    "holiday": [
        "6:55",
        "7:15",
        "7:34",
        "7:55",
        "8:14",
        "8:35",
        "8:54",
        "9:15",
        "9:35",
        "9:55",
        "10:16",
        "10:36",
        "10:56",
        "11:16",
        "11:36",
        "11:56",
        "12:16",
        "12:36",
        "12:56",
        "13:16",
        "13:36",
        "13:56",
        "14:16",
        "14:36",
        "14:56",
        "15:16",
        "15:36",
        "15:56",
        "16:16",
        "16:36",
        "16:56",
        "17:16",
        "17:35",
        "17:56",
        "18:15",
        "18:36",
        "18:55",
        "19:26",
        "19:55",
        "20:26",
        "20:55",
        "21:26"
    ],
    "url": "https://www.kanachu.co.jp/dia/diagram/timetable01_js/course:0000803303-16/node:00021381/kt:0/lname:/"
}
