{
    "date": "2025/11/16",
    "name": "片町(伊勢原市)",
    "position": "-",
    "system": "伊12",
    "destinations": [
        "峰岸",
        "市光前",
        "〆引",
        "道灌塚前",
        "山王原(伊勢原市)",
        "石倉橋",
        "石倉(伊勢原市)",
        "明神前(伊勢原市)",
        "這子坂",
        "菊屋前",
        "子易",
        "鳥居前(伊勢原市)",
        "大山小学校前(伊勢原市)",
        "大山駅"
    ],
    "weekday": [
        "21:08"
    ],
    "saturday": [
        "19:58",
        "20:28"
    ],
    "holiday": [
        "19:58",
        "20:28"
    ],
    "url": "https://www.kanachu.co.jp/dia/diagram/timetable01_js/course:0000801047-5/node:00128144/kt:0/lname:/"
}
