{
    "date": "2025/11/16",
    "name": "石倉橋",
    "position": "-",
    "system": "伊12",
    "destinations": [
        "石倉(伊勢原市)",
        "明神前(伊勢原市)",
        "這子坂",
        "菊屋前",
        "子易",
        "鳥居前(伊勢原市)",
        "大山小学校前(伊勢原市)",
        "大山駅"
    ],
    "weekday": [
        "21:15"
    ],
    "saturday": [
        "20:04",
        "20:34"
    ],
    "holiday": [
        "20:04",
        "20:34"
    ],
    "url": "https://www.kanachu.co.jp/dia/diagram/timetable01_js/course:0000801047-11/node:00128150/kt:0/lname:/"
}
