{
    "date": "2025/07/27",
    "name": "三屋入口",
    "position": "-",
    "system": "渋05",
    "destinations": [
        "戸川入口西",
        "戸川工業団地",
        "戸川台",
        "桜土手古墳公園",
        "テクノパーク",
        "桜土手(秦野市)",
        "堀川小学校前(秦野市)",
        "渋沢駅北口"
    ],
    "weekday": [
        "6:07",
        "10:57",
        "12:14",
        "14:01",
        "16:44"
    ],
    "saturday": [
        "6:02",
        "9:42",
        "13:10",
        "17:15"
    ],
    "holiday": [
        "6:02",
        "9:42",
        "13:10",
        "17:15"
    ],
    "url": "https://www.kanachu.co.jp/dia/diagram/timetable01_js/course:0000803776-5/node:00127884/kt:0/lname:/"
}
