{
    "date": "2025/08/04",
    "name": "長竹クラブ前",
    "position": "-",
    "system": "橋07",
    "destinations": [
        "長竹(相模原市緑区)",
        "串川橋",
        "上稲生",
        "稲生",
        "下稲生",
        "根小屋中野",
        "無料庵",
        "荒句",
        "城山登山口(相模原市緑区)",
        "小倉原",
        "宮原(相模原市緑区)",
        "小倉(相模原市緑区)",
        "小倉橋(相模原市緑区)",
        "久保沢",
        "城山総合事務所入口",
        "原宿(相模原市緑区)",
        "東原宿",
        "森の上",
        "二本松(相模原市緑区)",
        "相原中央",
        "相原台",
        "大西(相模原市緑区)",
        "上町(相模原市緑区)",
        "香福寺前",
        "旭小学校前(相模原市緑区)",
        "旭農協前",
        "橋本駅北口"
    ],
    "weekday": [
        "6:00",
        "6:55",
        "8:05",
        "9:10",
        "12:10",
        "13:10",
        "15:50",
        "16:50",
        "18:00",
        "19:00"
    ],
    "saturday": [
        "6:05",
        "7:05",
        "8:05",
        "9:10",
        "12:10",
        "13:10",
        "15:50",
        "16:50",
        "18:00",
        "19:00"
    ],
    "holiday": [
        "6:05",
        "7:05",
        "8:05",
        "9:10",
        "12:10",
        "13:10",
        "15:50",
        "16:50",
        "18:00",
        "19:00"
    ],
    "url": "https://www.kanachu.co.jp/dia/diagram/timetable01_js/course:0000801174-13/node:00128838/kt:0/lname:/"
}
