{
    "date": "2025/08/04",
    "name": "下稲生",
    "position": "-",
    "system": "橋07",
    "destinations": [
        "根小屋中野",
        "無料庵",
        "荒句",
        "城山登山口(相模原市緑区)",
        "小倉原",
        "宮原(相模原市緑区)",
        "小倉(相模原市緑区)",
        "小倉橋(相模原市緑区)",
        "久保沢",
        "城山総合事務所入口",
        "原宿(相模原市緑区)",
        "東原宿",
        "森の上",
        "二本松(相模原市緑区)",
        "相原中央",
        "相原台",
        "大西(相模原市緑区)",
        "上町(相模原市緑区)",
        "香福寺前",
        "旭小学校前(相模原市緑区)",
        "旭農協前",
        "橋本駅北口"
    ],
    "weekday": [
        "6:05",
        "7:00",
        "8:10",
        "9:15",
        "12:15",
        "13:15",
        "15:55",
        "16:55",
        "18:05",
        "19:05"
    ],
    "saturday": [
        "6:10",
        "7:10",
        "8:10",
        "9:15",
        "12:15",
        "13:15",
        "15:55",
        "16:55",
        "18:05",
        "19:05"
    ],
    "holiday": [
        "6:10",
        "7:10",
        "8:10",
        "9:15",
        "12:15",
        "13:15",
        "15:55",
        "16:55",
        "18:05",
        "19:05"
    ],
    "url": "https://www.kanachu.co.jp/dia/diagram/timetable01_js/course:0000801174-18/node:00128843/kt:0/lname:/"
}
