{
    "date": "2022/03/12",
    "name": "稲荷森",
    "position": "-",
    "system": "港39",
    "destinations": [
        "中野町",
        "元大橋",
        "若竹町(横浜市栄区)",
        "元大橋公園前",
        "港南台西公園",
        "横浜女子短期大学前",
        "港南台駅"
    ],
    "weekday": [
        "6:05",
        "6:55",
        "7:08",
        "7:46",
        "8:09"
    ],
    "saturday": [],
    "holiday": [],
    "url": "https://www.kanachu.co.jp/dia/diagram/timetable01_js/course:0000800993-3/node:00126512/kt:0/lname:/"
}
