{
    "date": "2025/07/12",
    "name": "湘南台駅西口",
    "position": "-",
    "system": "藤39",
    "destinations": [
        "円行上庭",
        "北警察署前(藤沢市)",
        "工業団地入口(藤沢市)",
        "南大山",
        "遠藤(藤沢市)",
        "秋葉台小学校",
        "遠藤北原",
        "市営住宅前(藤沢市)",
        "遠藤松原",
        "遠藤中原",
        "湘南ライフタウン",
        "小出一本松",
        "大辻(藤沢市)",
        "丸山大辻",
        "ライフタウン入口",
        "堤羽根沢",
        "湘南カントリークラブ前",
        "羽根沢",
        "大庭小学校",
        "小糸",
        "城下(藤沢市)",
        "舟地蔵",
        "大六天(藤沢市)",
        "明治小学校前",
        "羽鳥(藤沢市)",
        "メルシャン前",
        "引地橋",
        "一中入口(藤沢市)",
        "湘南高校前",
        "台町(藤沢市)",
        "白旗交差点",
        "本町小学校前(藤沢市)",
        "南仲通り二丁目",
        "南仲通り",
        "相生町(藤沢市)",
        "三富士町",
        "藤沢駅北口"
    ],
    "weekday": [
        "6:50",
        "7:18",
        "8:10",
        "8:47",
        "9:35",
        "11:30",
        "13:30",
        "15:30",
        "17:35"
    ],
    "saturday": [],
    "holiday": [],
    "url": "https://www.kanachu.co.jp/dia/diagram/timetable01_js/course:0000800305-1/node:00129893/kt:0/lname:/"
}
