{
    "date": "2025/07/12",
    "name": "明治小学校前",
    "position": "-",
    "system": "藤39",
    "destinations": [
        "羽鳥(藤沢市)",
        "メルシャン前",
        "引地橋",
        "一中入口(藤沢市)",
        "湘南高校前",
        "台町(藤沢市)",
        "白旗交差点",
        "本町小学校前(藤沢市)",
        "南仲通り二丁目",
        "南仲通り",
        "相生町(藤沢市)",
        "三富士町",
        "藤沢駅北口"
    ],
    "weekday": [
        "7:18",
        "7:46",
        "8:38",
        "9:15",
        "10:03",
        "11:58",
        "13:58",
        "15:58",
        "18:04"
    ],
    "saturday": [],
    "holiday": [],
    "url": "https://www.kanachu.co.jp/dia/diagram/timetable01_js/course:0000800305-25/node:00127055/kt:0/lname:/"
}
