{
    "date": "2025/07/12",
    "name": "羽鳥(藤沢市)",
    "position": "-",
    "system": "藤39",
    "destinations": [
        "メルシャン前",
        "引地橋",
        "一中入口(藤沢市)",
        "湘南高校前",
        "台町(藤沢市)",
        "白旗交差点",
        "本町小学校前(藤沢市)",
        "南仲通り二丁目",
        "南仲通り",
        "相生町(藤沢市)",
        "三富士町",
        "藤沢駅北口"
    ],
    "weekday": [
        "7:20",
        "7:48",
        "8:40",
        "9:17",
        "10:05",
        "12:00",
        "14:00",
        "16:00",
        "18:05"
    ],
    "saturday": [],
    "holiday": [],
    "url": "https://www.kanachu.co.jp/dia/diagram/timetable01_js/course:0000800305-26/node:00127054/kt:0/lname:/"
}
