{
    "date": "2025/07/12",
    "name": "メルシャン前",
    "position": "-",
    "system": "藤39",
    "destinations": [
        "引地橋",
        "一中入口(藤沢市)",
        "湘南高校前",
        "台町(藤沢市)",
        "白旗交差点",
        "本町小学校前(藤沢市)",
        "南仲通り二丁目",
        "南仲通り",
        "相生町(藤沢市)",
        "三富士町",
        "藤沢駅北口"
    ],
    "weekday": [
        "7:21",
        "7:49",
        "8:41",
        "9:18",
        "10:06",
        "12:01",
        "14:01",
        "16:01",
        "18:06"
    ],
    "saturday": [],
    "holiday": [],
    "url": "https://www.kanachu.co.jp/dia/diagram/timetable01_js/course:0000800305-27/node:00127053/kt:0/lname:/"
}
