{
    "date": "2025/03/15",
    "name": "駒寄",
    "position": "-",
    "system": "辻34",
    "destinations": [
        "二番構保健医療センター",
        "ライフタウン中央(藤沢市)",
        "大庭小学校",
        "小糸",
        "南センター前(藤沢市)",
        "西高校前(藤沢市)",
        "有藤",
        "大庭隧道",
        "城南一丁目",
        "神台公園前",
        "辻堂駅北口"
    ],
    "weekday": [],
    "saturday": [
        "8:28",
        "8:48",
        "9:08",
        "9:28",
        "9:48",
        "10:08",
        "10:28",
        "10:48",
        "11:08",
        "11:28",
        "11:48",
        "12:08",
        "12:28"
    ],
    "holiday": [
        "10:08",
        "11:28",
        "12:48",
        "14:08",
        "15:28",
        "16:48",
        "18:08"
    ],
    "url": "https://www.kanachu.co.jp/dia/diagram/timetable01_js/course:0000802600-7/node:00129945/kt:0/lname:/"
}
