{
    "date": "2025/03/15",
    "name": "二番構保健医療センター",
    "position": "-",
    "system": "辻34",
    "destinations": [
        "ライフタウン中央(藤沢市)",
        "大庭小学校",
        "小糸",
        "南センター前(藤沢市)",
        "西高校前(藤沢市)",
        "有藤",
        "大庭隧道",
        "城南一丁目",
        "神台公園前",
        "辻堂駅北口"
    ],
    "weekday": [],
    "saturday": [
        "8:29",
        "8:49",
        "9:09",
        "9:29",
        "9:49",
        "10:09",
        "10:29",
        "10:49",
        "11:09",
        "11:29",
        "11:49",
        "12:09",
        "12:29"
    ],
    "holiday": [
        "10:09",
        "11:29",
        "12:49",
        "14:09",
        "15:29",
        "16:49",
        "18:09"
    ],
    "url": "https://www.kanachu.co.jp/dia/diagram/timetable01_js/course:0000802600-8/node:00129944/kt:0/lname:/"
}
