{
    "date": "2025/03/15",
    "name": "ライフタウン中央(藤沢市)",
    "position": "-",
    "system": "辻34",
    "destinations": [
        "大庭小学校",
        "小糸",
        "南センター前(藤沢市)",
        "西高校前(藤沢市)",
        "有藤",
        "大庭隧道",
        "城南一丁目",
        "神台公園前",
        "辻堂駅北口"
    ],
    "weekday": [],
    "saturday": [
        "8:30",
        "8:50",
        "9:10",
        "9:30",
        "9:50",
        "10:10",
        "10:30",
        "10:50",
        "11:10",
        "11:30",
        "11:50",
        "12:10",
        "12:30"
    ],
    "holiday": [
        "10:10",
        "11:30",
        "12:50",
        "14:10",
        "15:30",
        "16:50",
        "18:10"
    ],
    "url": "https://www.kanachu.co.jp/dia/diagram/timetable01_js/course:0000802600-9/node:00129943/kt:0/lname:/"
}
