{
    "date": "2025/03/15",
    "name": "南センター前(藤沢市)",
    "position": "-",
    "system": "辻34",
    "destinations": [
        "西高校前(藤沢市)",
        "有藤",
        "大庭隧道",
        "城南一丁目",
        "神台公園前",
        "辻堂駅北口"
    ],
    "weekday": [],
    "saturday": [
        "8:33",
        "8:53",
        "9:13",
        "9:33",
        "9:53",
        "10:13",
        "10:33",
        "10:53",
        "11:13",
        "11:33",
        "11:53",
        "12:13",
        "12:33"
    ],
    "holiday": [
        "10:13",
        "11:33",
        "12:53",
        "14:13",
        "15:33",
        "16:53",
        "18:13"
    ],
    "url": "https://www.kanachu.co.jp/dia/diagram/timetable01_js/course:0000802600-12/node:00129940/kt:0/lname:/"
}
