{
    "date": "2025/03/15",
    "name": "西高校前(藤沢市)",
    "position": "-",
    "system": "辻34",
    "destinations": [
        "有藤",
        "大庭隧道",
        "城南一丁目",
        "神台公園前",
        "辻堂駅北口"
    ],
    "weekday": [],
    "saturday": [
        "8:34",
        "8:54",
        "9:14",
        "9:34",
        "9:54",
        "10:14",
        "10:34",
        "10:54",
        "11:14",
        "11:34",
        "11:54",
        "12:14",
        "12:34"
    ],
    "holiday": [
        "10:14",
        "11:34",
        "12:54",
        "14:14",
        "15:34",
        "16:54",
        "18:14"
    ],
    "url": "https://www.kanachu.co.jp/dia/diagram/timetable01_js/course:0000802600-13/node:00129939/kt:0/lname:/"
}
