{
    "date": "2026/01/16",
    "name": "中平(厚木市)",
    "position": "-",
    "system": "海02",
    "destinations": [
        "依知小学校前",
        "関口(厚木市)",
        "蓮生寺(厚木市)",
        "追分(厚木市)",
        "下依知入口",
        "金田神社前",
        "水道路(厚木市)",
        "今泉(海老名市)",
        "鶴松",
        "海老名駅西口"
    ],
    "weekday": [
        "7:09",
        "8:09"
    ],
    "saturday": [],
    "holiday": [],
    "url": "https://www.kanachu.co.jp/dia/diagram/timetable01_js/course:0000804032-16/node:00128354/kt:0/lname:/"
}
