{
    "date": "2026/01/16",
    "name": "二宮駅南口",
    "position": "-",
    "system": "二32",
    "destinations": [
        "藤田電機前(中郡二宮町)",
        "梅沢(中郡二宮町)",
        "吾妻神社前(中郡二宮町)",
        "山西(中郡二宮町)",
        "押切坂上",
        "押切(中郡二宮町)",
        "橘中学校入口(小田原市)",
        "下原(小田原市)",
        "中村原",
        "テクノパーク中央",
        "テクノパーク北",
        "上町入口(小田原市)",
        "下中小学校前",
        "下中駐在所前",
        "下小竹",
        "坂呂橋",
        "隧道口",
        "上小竹",
        "遠藤(足柄上郡中井町)",
        "北田(足柄上郡中井町)",
        "滝ノ前(足柄上郡中井町)",
        "五所ノ宮",
        "中井郵便局前",
        "万年橋(足柄上郡中井町)",
        "中井役場前",
        "中井町役場入口"
    ],
    "weekday": [
        "7:08",
        "7:33",
        "7:50",
        "8:05",
        "8:20",
        "8:41"
    ],
    "saturday": [],
    "holiday": [],
    "url": "https://www.kanachu.co.jp/dia/diagram/timetable01_js/course:0000804172-1/node:00127489/kt:0/lname:/"
}
