{
    "date": "2026/01/16",
    "name": "下小竹",
    "position": "-",
    "system": "二32",
    "destinations": [
        "坂呂橋",
        "隧道口",
        "上小竹",
        "遠藤(足柄上郡中井町)",
        "北田(足柄上郡中井町)",
        "滝ノ前(足柄上郡中井町)",
        "五所ノ宮",
        "中井郵便局前",
        "万年橋(足柄上郡中井町)",
        "中井役場前",
        "中井町役場入口"
    ],
    "weekday": [
        "7:26",
        "7:51",
        "8:05",
        "8:18",
        "8:33",
        "8:54"
    ],
    "saturday": [],
    "holiday": [],
    "url": "https://www.kanachu.co.jp/dia/diagram/timetable01_js/course:0000804172-16/node:00127972/kt:0/lname:/"
}
