{
    "date": "2026/01/16",
    "name": "中井郵便局前",
    "position": "-",
    "system": "二32",
    "destinations": [
        "万年橋(足柄上郡中井町)",
        "中井役場前",
        "中井町役場入口"
    ],
    "weekday": [
        "7:33",
        "7:58",
        "8:12",
        "8:25",
        "8:40",
        "9:01"
    ],
    "saturday": [],
    "holiday": [],
    "url": "https://www.kanachu.co.jp/dia/diagram/timetable01_js/course:0000804172-24/node:00127964/kt:0/lname:/"
}
