{
    "system": "二32",
    "busstops": [
        {
            "index": "1",
            "id": "00127489",
            "name": "二宮駅南口",
            "lat": "35.298583",
            "lng": "139.258167"
        },
        {
            "index": "2",
            "id": "00127490",
            "name": "藤田電機前(中郡二宮町)",
            "lat": "35.296716",
            "lng": "139.254675"
        },
        {
            "index": "3",
            "id": "00127491",
            "name": "梅沢(中郡二宮町)",
            "lat": "35.295657",
            "lng": "139.251359"
        },
        {
            "index": "4",
            "id": "00127492",
            "name": "吾妻神社前(中郡二宮町)",
            "lat": "35.295066",
            "lng": "139.249803"
        },
        {
            "index": "5",
            "id": "00127493",
            "name": "山西(中郡二宮町)",
            "lat": "35.293621",
            "lng": "139.245737"
        },
        {
            "index": "6",
            "id": "00127494",
            "name": "押切坂上",
            "lat": "35.292019",
            "lng": "139.241793"
        },
        {
            "index": "7",
            "id": "00127495",
            "name": "押切(中郡二宮町)",
            "lat": "35.29012",
            "lng": "139.236787"
        },
        {
            "index": "8",
            "id": "00127978",
            "name": "橘中学校入口(小田原市)",
            "lat": "35.292487",
            "lng": "139.234239"
        },
        {
            "index": "9",
            "id": "00127977",
            "name": "下原(小田原市)",
            "lat": "35.29478",
            "lng": "139.233152"
        },
        {
            "index": "10",
            "id": "00127979",
            "name": "中村原",
            "lat": "35.296021",
            "lng": "139.232726"
        },
        {
            "index": "11",
            "id": "00130387",
            "name": "テクノパーク中央",
            "lat": "35.29539",
            "lng": "139.229406"
        },
        {
            "index": "12",
            "id": "00130388",
            "name": "テクノパーク北",
            "lat": "35.297299",
            "lng": "139.227424"
        },
        {
            "index": "13",
            "id": "00130389",
            "name": "上町入口(小田原市)",
            "lat": "35.299921",
            "lng": "139.228126"
        },
        {
            "index": "14",
            "id": "00127974",
            "name": "下中小学校前",
            "lat": "35.301214",
            "lng": "139.227756"
        },
        {
            "index": "15",
            "id": "00127973",
            "name": "下中駐在所前",
            "lat": "35.303525",
            "lng": "139.226705"
        },
        {
            "index": "16",
            "id": "00127972",
            "name": "下小竹",
            "lat": "35.309182",
            "lng": "139.225712"
        },
        {
            "index": "17",
            "id": "00127971",
            "name": "坂呂橋",
            "lat": "35.311714",
            "lng": "139.225149"
        },
        {
            "index": "18",
            "id": "00127970",
            "name": "隧道口",
            "lat": "35.313259",
            "lng": "139.227271"
        },
        {
            "index": "19",
            "id": "00127969",
            "name": "上小竹",
            "lat": "35.315671",
            "lng": "139.226656"
        },
        {
            "index": "20",
            "id": "00127968",
            "name": "遠藤(足柄上郡中井町)",
            "lat": "35.317488",
            "lng": "139.224942"
        },
        {
            "index": "21",
            "id": "00127967",
            "name": "北田(足柄上郡中井町)",
            "lat": "35.320419",
            "lng": "139.223924"
        },
        {
            "index": "22",
            "id": "00127966",
            "name": "滝ノ前(足柄上郡中井町)",
            "lat": "35.32021",
            "lng": "139.220619"
        },
        {
            "index": "23",
            "id": "00127965",
            "name": "五所ノ宮",
            "lat": "35.322433",
            "lng": "139.219047"
        },
        {
            "index": "24",
            "id": "00127964",
            "name": "中井郵便局前",
            "lat": "35.324072",
            "lng": "139.218459"
        },
        {
            "index": "25",
            "id": "00127963",
            "name": "万年橋(足柄上郡中井町)",
            "lat": "35.328075",
            "lng": "139.218137"
        },
        {
            "index": "26",
            "id": "00127962",
            "name": "中井役場前",
            "lat": "35.33168",
            "lng": "139.218758"
        },
        {
            "index": "27",
            "id": "00127950",
            "name": "中井町役場入口",
            "lat": "35.331814",
            "lng": "139.217943"
        }
    ],
    "route_url": "https://www.kanachu.co.jp/dia/route/index/cid:0000804172/"
}
