{
    "date": "2025/04/01",
    "name": "青根公民館前",
    "position": "-",
    "system": "三55",
    "destinations": [
        "橋津原",
        "平丸",
        "荒井(相模原市緑区)",
        "夫婦園",
        "伏馬田入口",
        "西野々(相模原市緑区)",
        "焼山登山口",
        "東開戸",
        "青野原診療所前",
        "青和学園前",
        "上原(相模原市緑区)",
        "青野原",
        "梶野",
        "牧馬入口",
        "前戸",
        "橋野沢",
        "地蔵前(相模原市緑区)",
        "鮑子取入口",
        "津久井クリーンセンター前",
        "青山(相模原市緑区)",
        "三ヶ木新宿",
        "津久井高校前",
        "三ヶ木"
    ],
    "weekday": [
        "6:56",
        "10:46",
        "16:06",
        "17:36"
    ],
    "saturday": [],
    "holiday": [],
    "url": "https://www.kanachu.co.jp/dia/diagram/timetable01_js/course:0000803807-2/node:00128773/kt:0/lname:/"
}
