{
    "date": "2025/04/01",
    "name": "上原(相模原市緑区)",
    "position": "-",
    "system": "三55",
    "destinations": [
        "青野原",
        "梶野",
        "牧馬入口",
        "前戸",
        "橋野沢",
        "地蔵前(相模原市緑区)",
        "鮑子取入口",
        "津久井クリーンセンター前",
        "青山(相模原市緑区)",
        "三ヶ木新宿",
        "津久井高校前",
        "三ヶ木"
    ],
    "weekday": [
        "7:15",
        "11:05",
        "16:25",
        "17:55"
    ],
    "saturday": [],
    "holiday": [],
    "url": "https://www.kanachu.co.jp/dia/diagram/timetable01_js/course:0000803807-13/node:00128762/kt:0/lname:/"
}
