{
    "date": "2025/10/20",
    "name": "町田ターミナル",
    "position": "-",
    "system": "町77",
    "destinations": [
        "町田バスセンター",
        "原町田四丁目",
        "原町田三丁目",
        "三塚",
        "熊野神社前(成瀬街道側/町田市)",
        "高瀬橋(町田市)",
        "鞍掛",
        "成瀬消防出張所前",
        "成瀬コミュニティセンター前",
        "奈良谷戸入口",
        "山村(町田市)",
        "吹上(町田市)",
        "上和田(横浜市青葉区)",
        "堀の内(横浜市青葉区)",
        "長津田三丁目",
        "長津田駅北口"
    ],
    "weekday": [
        "9:50",
        "10:50",
        "11:50",
        "12:50",
        "13:50",
        "14:50",
        "15:50",
        "16:50",
        "17:50",
        "18:50",
        "19:50",
        "20:52"
    ],
    "saturday": [
        "9:50",
        "10:50",
        "11:50",
        "12:50",
        "13:50",
        "14:50",
        "15:50",
        "16:50",
        "17:50",
        "18:40",
        "19:40",
        "20:40"
    ],
    "holiday": [
        "9:50",
        "10:50",
        "11:50",
        "12:50",
        "13:50",
        "14:50",
        "15:50",
        "16:50",
        "17:40",
        "18:40",
        "19:40"
    ],
    "url": "https://www.kanachu.co.jp/dia/diagram/timetable01_js/course:0000801963-1/node:00129544/kt:0/lname:/"
}
