{
    "date": "2025/10/20",
    "name": "奈良谷戸入口",
    "position": "-",
    "system": "町77",
    "destinations": [
        "山村(町田市)",
        "吹上(町田市)",
        "上和田(横浜市青葉区)",
        "堀の内(横浜市青葉区)",
        "長津田三丁目",
        "長津田駅北口"
    ],
    "weekday": [
        "10:08",
        "11:08",
        "12:08",
        "13:08",
        "14:08",
        "15:08",
        "16:11",
        "17:11",
        "18:11",
        "19:11",
        "20:08",
        "21:09"
    ],
    "saturday": [
        "10:07",
        "11:07",
        "12:08",
        "13:09",
        "14:09",
        "15:09",
        "16:09",
        "17:09",
        "18:09",
        "18:59",
        "19:58",
        "20:58"
    ],
    "holiday": [
        "10:07",
        "11:07",
        "12:07",
        "13:07",
        "14:07",
        "15:08",
        "16:09",
        "17:09",
        "17:59",
        "18:59",
        "19:57"
    ],
    "url": "https://www.kanachu.co.jp/dia/diagram/timetable01_js/course:0000801963-11/node:00129586/kt:0/lname:/"
}
