{
    "date": "2025/10/20",
    "name": "堀の内(横浜市青葉区)",
    "position": "-",
    "system": "町77",
    "destinations": [
        "長津田三丁目",
        "長津田駅北口"
    ],
    "weekday": [
        "10:13",
        "11:13",
        "12:13",
        "13:13",
        "14:13",
        "15:13",
        "16:16",
        "17:16",
        "18:16",
        "19:16",
        "20:13",
        "21:14"
    ],
    "saturday": [
        "10:12",
        "11:12",
        "12:13",
        "13:14",
        "14:14",
        "15:14",
        "16:14",
        "17:14",
        "18:14",
        "19:04",
        "20:03",
        "21:03"
    ],
    "holiday": [
        "10:12",
        "11:12",
        "12:12",
        "13:12",
        "14:12",
        "15:13",
        "16:14",
        "17:14",
        "18:04",
        "19:04",
        "20:02"
    ],
    "url": "https://www.kanachu.co.jp/dia/diagram/timetable01_js/course:0000801963-15/node:00019243/kt:0/lname:/"
}
