{
    "date": "2023/04/16",
    "name": "有藤",
    "position": "-",
    "system": "辻34",
    "destinations": [
        "大庭隧道",
        "城南一丁目",
        "神台公園前",
        "辻堂駅北口"
    ],
    "weekday": [],
    "saturday": [
        "12:55",
        "13:15",
        "13:35",
        "13:55",
        "14:15",
        "14:35",
        "14:55",
        "15:35",
        "15:55",
        "16:35",
        "16:55",
        "17:35",
        "17:55",
        "18:35",
        "18:55",
        "19:53"
    ],
    "holiday": [],
    "url": "https://www.kanachu.co.jp/dia/diagram/timetable01_js/course:0000802599-15/node:00129938/kt:0/lname:/"
}
