{
    "date": "2023/04/16",
    "name": "城南一丁目",
    "position": "-",
    "system": "辻34",
    "destinations": [
        "神台公園前",
        "辻堂駅北口"
    ],
    "weekday": [],
    "saturday": [
        "12:57",
        "13:17",
        "13:37",
        "13:57",
        "14:17",
        "14:37",
        "14:57",
        "15:37",
        "15:57",
        "16:37",
        "16:57",
        "17:37",
        "17:57",
        "18:37",
        "18:57",
        "19:55"
    ],
    "holiday": [],
    "url": "https://www.kanachu.co.jp/dia/diagram/timetable01_js/course:0000802599-17/node:00129936/kt:0/lname:/"
}
