{
    "date": "2026/01/16",
    "name": "銀座通り(平塚市)",
    "position": "-",
    "system": "平26",
    "destinations": [
        "平塚駅北口"
    ],
    "weekday": [
        "8:20",
        "9:32",
        "10:11",
        "11:11",
        "12:09",
        "13:09",
        "14:09",
        "15:09",
        "16:09",
        "17:09",
        "18:15"
    ],
    "saturday": [
        "9:11",
        "10:11",
        "11:11",
        "12:06",
        "13:06",
        "14:06",
        "15:06",
        "16:06",
        "17:06",
        "18:06"
    ],
    "holiday": [
        "9:11",
        "10:11",
        "11:11",
        "12:06",
        "13:06",
        "14:06",
        "15:06",
        "16:06",
        "17:06",
        "18:06"
    ],
    "url": "https://www.kanachu.co.jp/dia/diagram/timetable01_js/course:0000804134-18/node:00127465/kt:0/lname:/"
}
