{
    "date": "2024/04/01",
    "name": "秦野駅",
    "position": "-",
    "system": "秦52",
    "destinations": [
        "大川橋(秦野市)",
        "上宿通り",
        "大道(秦野市)",
        "上大道",
        "宮前(秦野市)",
        "宮上(秦野市)",
        "榎木堂",
        "六反地",
        "田原入口",
        "高砂(秦野市)",
        "高砂車庫前"
    ],
    "weekday": [
        "7:36",
        "8:35",
        "9:07",
        "9:40",
        "11:05",
        "12:05",
        "14:00",
        "15:00",
        "20:15"
    ],
    "saturday": [
        "10:55",
        "11:25",
        "11:55",
        "12:55",
        "13:25",
        "15:25",
        "17:30"
    ],
    "holiday": [
        "10:55",
        "11:25",
        "11:55",
        "12:55",
        "13:25",
        "15:25",
        "17:30"
    ],
    "url": "https://www.kanachu.co.jp/dia/diagram/timetable01_js/course:0000801525-1/node:00127715/kt:0/lname:/"
}
