{
    "date": "2024/04/01",
    "name": "大道(秦野市)",
    "position": "-",
    "system": "秦52",
    "destinations": [
        "上大道",
        "宮前(秦野市)",
        "宮上(秦野市)",
        "榎木堂",
        "六反地",
        "田原入口",
        "高砂(秦野市)",
        "高砂車庫前"
    ],
    "weekday": [
        "7:40",
        "8:39",
        "9:11",
        "9:44",
        "11:09",
        "12:09",
        "14:04",
        "15:04",
        "20:19"
    ],
    "saturday": [
        "10:59",
        "11:29",
        "11:59",
        "12:59",
        "13:29",
        "15:29",
        "17:34"
    ],
    "holiday": [
        "10:59",
        "11:29",
        "11:59",
        "12:59",
        "13:29",
        "15:29",
        "17:34"
    ],
    "url": "https://www.kanachu.co.jp/dia/diagram/timetable01_js/course:0000801525-4/node:00127876/kt:0/lname:/"
}
