{
    "date": "2024/04/01",
    "name": "宮上(秦野市)",
    "position": "-",
    "system": "秦52",
    "destinations": [
        "榎木堂",
        "六反地",
        "田原入口",
        "高砂(秦野市)",
        "高砂車庫前"
    ],
    "weekday": [
        "7:42",
        "8:41",
        "9:13",
        "9:46",
        "11:11",
        "12:11",
        "14:06",
        "15:06",
        "20:21"
    ],
    "saturday": [
        "11:01",
        "11:31",
        "12:01",
        "13:01",
        "13:31",
        "15:31",
        "17:36"
    ],
    "holiday": [
        "11:01",
        "11:31",
        "12:01",
        "13:01",
        "13:31",
        "15:31",
        "17:36"
    ],
    "url": "https://www.kanachu.co.jp/dia/diagram/timetable01_js/course:0000801525-7/node:00127879/kt:0/lname:/"
}
