{
    "date": "2024/04/01",
    "name": "六反地",
    "position": "-",
    "system": "秦52",
    "destinations": [
        "田原入口",
        "高砂(秦野市)",
        "高砂車庫前"
    ],
    "weekday": [
        "7:45",
        "8:43",
        "9:15",
        "9:48",
        "11:13",
        "12:13",
        "14:08",
        "15:08",
        "20:23"
    ],
    "saturday": [
        "11:03",
        "11:33",
        "12:03",
        "13:03",
        "13:33",
        "15:33",
        "17:38"
    ],
    "holiday": [
        "11:03",
        "11:33",
        "12:03",
        "13:03",
        "13:33",
        "15:33",
        "17:38"
    ],
    "url": "https://www.kanachu.co.jp/dia/diagram/timetable01_js/course:0000801525-9/node:00127881/kt:0/lname:/"
}
