{
    "date": "2026/01/16",
    "name": "中井町役場入口",
    "position": "-",
    "system": "秦92",
    "destinations": [
        "中井中学校前",
        "藤沢",
        "才戸",
        "上ノ原(足柄上郡中井町)",
        "井ノ口小学校前",
        "上井ノ口",
        "原(足柄上郡中井町)",
        "猪分",
        "東名秦野",
        "南が丘東",
        "立野緑地入口",
        "日赤病院前(秦野市)",
        "小原台入口(秦野市)",
        "上尾尻橋",
        "秦野駅南口"
    ],
    "weekday": [
        "5:52",
        "6:27",
        "7:02",
        "7:25",
        "7:45",
        "8:08",
        "8:25",
        "8:48",
        "9:18",
        "9:46",
        "10:15",
        "10:45",
        "11:15",
        "11:45",
        "12:15",
        "13:18",
        "13:45",
        "14:15",
        "15:15",
        "15:45",
        "16:16",
        "16:52",
        "17:50",
        "18:16",
        "19:20"
    ],
    "saturday": [
        "8:00",
        "9:00",
        "10:00",
        "11:00",
        "12:02",
        "13:02",
        "14:02",
        "15:02",
        "16:02",
        "17:02",
        "18:10"
    ],
    "holiday": [
        "8:00",
        "9:00",
        "10:00",
        "11:00",
        "12:02",
        "13:02",
        "14:02",
        "15:02",
        "16:02",
        "17:02",
        "18:10"
    ],
    "url": "https://www.kanachu.co.jp/dia/diagram/timetable01_js/course:0000804263-1/node:00127950/kt:0/lname:/"
}
