{
    "date": "2026/01/16",
    "name": "中井中学校前",
    "position": "-",
    "system": "秦92",
    "destinations": [
        "藤沢",
        "才戸",
        "上ノ原(足柄上郡中井町)",
        "井ノ口小学校前",
        "上井ノ口",
        "原(足柄上郡中井町)",
        "猪分",
        "東名秦野",
        "南が丘東",
        "立野緑地入口",
        "日赤病院前(秦野市)",
        "小原台入口(秦野市)",
        "上尾尻橋",
        "秦野駅南口"
    ],
    "weekday": [
        "5:53",
        "6:28",
        "7:03",
        "7:26",
        "7:46",
        "8:09",
        "8:26",
        "8:49",
        "9:19",
        "9:47",
        "10:16",
        "10:46",
        "11:16",
        "11:46",
        "12:16",
        "13:19",
        "13:46",
        "14:16",
        "15:16",
        "15:46",
        "16:17",
        "16:53",
        "17:51",
        "18:17",
        "19:21"
    ],
    "saturday": [
        "8:01",
        "9:01",
        "10:01",
        "11:01",
        "12:03",
        "13:03",
        "14:03",
        "15:03",
        "16:03",
        "17:03",
        "18:11"
    ],
    "holiday": [
        "8:01",
        "9:01",
        "10:01",
        "11:01",
        "12:03",
        "13:03",
        "14:03",
        "15:03",
        "16:03",
        "17:03",
        "18:11"
    ],
    "url": "https://www.kanachu.co.jp/dia/diagram/timetable01_js/course:0000804263-2/node:00127949/kt:0/lname:/"
}
