{
    "date": "2026/01/16",
    "name": "才戸",
    "position": "-",
    "system": "秦92",
    "destinations": [
        "上ノ原(足柄上郡中井町)",
        "井ノ口小学校前",
        "上井ノ口",
        "原(足柄上郡中井町)",
        "猪分",
        "東名秦野",
        "南が丘東",
        "立野緑地入口",
        "日赤病院前(秦野市)",
        "小原台入口(秦野市)",
        "上尾尻橋",
        "秦野駅南口"
    ],
    "weekday": [
        "5:55",
        "6:30",
        "7:05",
        "7:28",
        "7:48",
        "8:11",
        "8:28",
        "8:51",
        "9:21",
        "9:49",
        "10:18",
        "10:48",
        "11:18",
        "11:48",
        "12:18",
        "13:21",
        "13:48",
        "14:18",
        "15:18",
        "15:48",
        "16:19",
        "16:55",
        "17:53",
        "18:19",
        "19:23"
    ],
    "saturday": [
        "8:03",
        "9:03",
        "10:03",
        "11:03",
        "12:05",
        "13:05",
        "14:05",
        "15:05",
        "16:05",
        "17:05",
        "18:13"
    ],
    "holiday": [
        "8:03",
        "9:03",
        "10:03",
        "11:03",
        "12:05",
        "13:05",
        "14:05",
        "15:05",
        "16:05",
        "17:05",
        "18:13"
    ],
    "url": "https://www.kanachu.co.jp/dia/diagram/timetable01_js/course:0000804263-4/node:00127946/kt:0/lname:/"
}
