{
    "date": "2026/01/16",
    "name": "原(足柄上郡中井町)",
    "position": "-",
    "system": "秦92",
    "destinations": [
        "猪分",
        "東名秦野",
        "南が丘東",
        "立野緑地入口",
        "日赤病院前(秦野市)",
        "小原台入口(秦野市)",
        "上尾尻橋",
        "秦野駅南口"
    ],
    "weekday": [
        "5:58",
        "6:33",
        "7:08",
        "7:31",
        "7:51",
        "8:15",
        "8:32",
        "8:55",
        "9:25",
        "9:53",
        "10:22",
        "10:52",
        "11:22",
        "11:52",
        "12:22",
        "13:25",
        "13:52",
        "14:22",
        "15:22",
        "15:52",
        "16:23",
        "16:59",
        "17:57",
        "18:23",
        "19:26"
    ],
    "saturday": [
        "8:06",
        "9:06",
        "10:06",
        "11:06",
        "12:08",
        "13:08",
        "14:08",
        "15:08",
        "16:08",
        "17:08",
        "18:16"
    ],
    "holiday": [
        "8:06",
        "9:06",
        "10:06",
        "11:06",
        "12:08",
        "13:08",
        "14:08",
        "15:08",
        "16:08",
        "17:08",
        "18:16"
    ],
    "url": "https://www.kanachu.co.jp/dia/diagram/timetable01_js/course:0000804263-8/node:00127776/kt:0/lname:/"
}
