{
    "date": "2026/01/16",
    "name": "立野緑地入口",
    "position": "-",
    "system": "秦92",
    "destinations": [
        "日赤病院前(秦野市)",
        "小原台入口(秦野市)",
        "上尾尻橋",
        "秦野駅南口"
    ],
    "weekday": [
        "6:03",
        "6:38",
        "7:13",
        "7:36",
        "7:56",
        "8:20",
        "8:37",
        "9:00",
        "9:30",
        "9:58",
        "10:27",
        "10:57",
        "11:27",
        "11:57",
        "12:27",
        "13:30",
        "13:57",
        "14:27",
        "15:27",
        "15:57",
        "16:28",
        "17:04",
        "18:02",
        "18:28",
        "19:31"
    ],
    "saturday": [
        "8:11",
        "9:11",
        "10:11",
        "11:11",
        "12:13",
        "13:13",
        "14:13",
        "15:13",
        "16:13",
        "17:13",
        "18:21"
    ],
    "holiday": [
        "8:11",
        "9:11",
        "10:11",
        "11:11",
        "12:13",
        "13:13",
        "14:13",
        "15:13",
        "16:13",
        "17:13",
        "18:21"
    ],
    "url": "https://www.kanachu.co.jp/dia/diagram/timetable01_js/course:0000804263-12/node:00128049/kt:0/lname:/"
}
