{
    "date": "2025/07/03",
    "name": "団地中央(茅ケ崎市)",
    "position": "-",
    "system": "茅37",
    "destinations": [
        "西浜高校前",
        "南湖入口",
        "西浜(茅ケ崎市)",
        "海水浴場前(茅ケ崎市)",
        "市営プール前(茅ケ崎市)",
        "茅ヶ崎公園野球場",
        "茅ヶ崎駅入口",
        "東海岸南三丁目",
        "東海岸",
        "会館前(茅ケ崎市)",
        "幸町(茅ケ崎市)",
        "茅ヶ崎駅南口"
    ],
    "weekday": [
        "6:13",
        "6:57",
        "7:50",
        "8:11"
    ],
    "saturday": [
        "6:31",
        "7:31"
    ],
    "holiday": [
        "6:31",
        "7:31"
    ],
    "url": "https://www.kanachu.co.jp/dia/diagram/timetable01_js/course:0000800697-2/node:00127256/kt:0/lname:/"
}
