{
    "date": "2025/07/03",
    "name": "海水浴場前(茅ケ崎市)",
    "position": "-",
    "system": "茅37",
    "destinations": [
        "市営プール前(茅ケ崎市)",
        "茅ヶ崎公園野球場",
        "茅ヶ崎駅入口",
        "東海岸南三丁目",
        "東海岸",
        "会館前(茅ケ崎市)",
        "幸町(茅ケ崎市)",
        "茅ヶ崎駅南口"
    ],
    "weekday": [
        "6:16",
        "7:00",
        "7:53",
        "8:14"
    ],
    "saturday": [
        "6:34",
        "7:34"
    ],
    "holiday": [
        "6:34",
        "7:34"
    ],
    "url": "https://www.kanachu.co.jp/dia/diagram/timetable01_js/course:0000800697-6/node:00127250/kt:0/lname:/"
}
