{
    "date": "2023/04/25",
    "name": "コンフォール平塚前",
    "position": "-",
    "system": "平15",
    "destinations": [
        "八幡入口",
        "八幡(平塚市)",
        "八幡公民館入口",
        "古河電工入口",
        "泉蔵院前",
        "四ノ宮(平塚市)",
        "大念寺前",
        "前鳥神社前",
        "ふじみ園前",
        "大江工業前",
        "平塚市リサイクルプラザ",
        "鹿見堂橋",
        "駒返橋",
        "田村十字路",
        "相模神田",
        "農協神田支所前",
        "柳の内",
        "寄木神社前",
        "真芳寺",
        "ツインシティ大神"
    ],
    "weekday": [
        "10:05",
        "11:05",
        "12:05",
        "13:05",
        "14:05",
        "15:05",
        "16:03",
        "17:04",
        "18:04",
        "19:04"
    ],
    "saturday": [],
    "holiday": [],
    "url": "https://www.kanachu.co.jp/dia/diagram/timetable01_js/course:0000803309-4/node:00127644/kt:0/lname:/"
}
