{
    "date": "2023/04/25",
    "name": "鹿見堂橋",
    "position": "-",
    "system": "平15",
    "destinations": [
        "駒返橋",
        "田村十字路",
        "相模神田",
        "農協神田支所前",
        "柳の内",
        "寄木神社前",
        "真芳寺",
        "ツインシティ大神"
    ],
    "weekday": [
        "10:18",
        "11:18",
        "12:18",
        "13:18",
        "14:18",
        "15:18",
        "16:16",
        "17:18",
        "18:18",
        "19:18"
    ],
    "saturday": [],
    "holiday": [],
    "url": "https://www.kanachu.co.jp/dia/diagram/timetable01_js/course:0000803309-16/node:00127660/kt:0/lname:/"
}
