{
    "system": "伊14",
    "busstops": [
        {
            "index": "1",
            "id": "00128150",
            "name": "石倉橋",
            "lat": "35.411095",
            "lng": "139.288616"
        },
        {
            "index": "2",
            "id": "00128149",
            "name": "山王原(伊勢原市)",
            "lat": "35.409762",
            "lng": "139.290294"
        },
        {
            "index": "3",
            "id": "00128148",
            "name": "道灌塚前",
            "lat": "35.408867",
            "lng": "139.291359"
        },
        {
            "index": "4",
            "id": "00128147",
            "name": "〆引",
            "lat": "35.406191",
            "lng": "139.296167"
        },
        {
            "index": "5",
            "id": "00128146",
            "name": "市光前",
            "lat": "35.405241",
            "lng": "139.298225"
        },
        {
            "index": "6",
            "id": "00128145",
            "name": "峰岸",
            "lat": "35.404167",
            "lng": "139.300696"
        },
        {
            "index": "7",
            "id": "00128144",
            "name": "片町(伊勢原市)",
            "lat": "35.403641",
            "lng": "139.302552"
        },
        {
            "index": "8",
            "id": "00128143",
            "name": "片町十字路",
            "lat": "35.401637",
            "lng": "139.304438"
        },
        {
            "index": "9",
            "id": "00128129",
            "name": "大神宮前",
            "lat": "35.399561",
            "lng": "139.305091"
        },
        {
            "index": "10",
            "id": "00128128",
            "name": "本町(伊勢原市)",
            "lat": "35.397447",
            "lng": "139.309145"
        },
        {
            "index": "11",
            "id": "00128127",
            "name": "伊勢原駅北口",
            "lat": "35.39652",
            "lng": "139.313281"
        }
    ],
    "route_url": "https://www.kanachu.co.jp/dia/route/index/cid:0000803929/"
}
