{
    "date": "2025/11/16",
    "name": "中原御殿",
    "position": "-",
    "system": "平91",
    "destinations": [
        "中原下宿",
        "共済病院前総合公園西",
        "追分(平塚市)",
        "立野町(平塚市)",
        "横浜ゴム前",
        "市役所前(ゴム前/平塚市)",
        "四ツ角(平塚市)",
        "平塚駅北口"
    ],
    "weekday": [
        "5:52",
        "16:57",
        "19:47",
        "22:37"
    ],
    "saturday": [
        "5:59",
        "6:14"
    ],
    "holiday": [
        "5:59",
        "6:19"
    ],
    "url": "https://www.kanachu.co.jp/dia/diagram/timetable01_js/course:0000800225-14/node:00128068/kt:0/lname:/"
}
