{
    "date": "2025/03/15",
    "name": "石川山田",
    "position": "-",
    "system": "湘21",
    "destinations": [
        "和泉橋",
        "寿照寺前",
        "田方(藤沢市)",
        "矢尻(藤沢市)",
        "南原(藤沢市)",
        "湘南ライフタウン"
    ],
    "weekday": [
        "7:30",
        "8:40",
        "20:27",
        "23:03"
    ],
    "saturday": [
        "22:31"
    ],
    "holiday": [
        "22:11"
    ],
    "url": "https://www.kanachu.co.jp/dia/diagram/timetable01_js/course:0000802701-5/node:00129954/kt:0/lname:/"
}
