{
    "date": "2025/04/19",
    "name": "麻溝台高校",
    "position": "-",
    "system": "相25",
    "destinations": [
        "北里大学病院・北里大学",
        "友愛病院前",
        "麻溝車庫",
        "相模原浄水場",
        "陽光台六丁目",
        "緑が丘一丁目(相模原市中央区)",
        "光が丘三丁目(相模原市中央区)",
        "光が丘大通り",
        "光が丘小学校前",
        "光が丘一丁目(相模原市中央区)",
        "千代田五丁目",
        "千代田十字路",
        "千代田一丁目",
        "職業安定所前(相模原市中央区)",
        "ウェルネスさがみはら前",
        "市役所前(相模原市中央区)",
        "グリーンプラザ(相模原市中央区)",
        "西門前(相模原市中央区)",
        "相模原五丁目",
        "相模原駅南口"
    ],
    "weekday": [
        "10:23",
        "10:53",
        "11:23",
        "11:53",
        "12:23",
        "12:53",
        "13:23",
        "13:53",
        "14:23",
        "14:53",
        "15:23",
        "15:48",
        "16:18",
        "16:48",
        "17:18",
        "17:48",
        "18:18",
        "18:48",
        "19:05",
        "19:40",
        "20:15",
        "20:40",
        "21:15",
        "22:10"
    ],
    "saturday": [
        "10:16",
        "11:14",
        "11:49",
        "12:09",
        "13:09",
        "13:49",
        "14:09",
        "15:09",
        "15:49",
        "16:09",
        "17:09",
        "17:49",
        "18:09",
        "19:08",
        "19:43",
        "20:11",
        "20:43",
        "21:13"
    ],
    "holiday": [
        "10:19",
        "11:09",
        "11:49",
        "12:09",
        "13:09",
        "13:49",
        "14:09",
        "15:09",
        "15:49",
        "16:09",
        "16:49",
        "17:09",
        "17:49",
        "18:49",
        "19:46",
        "20:08",
        "20:33",
        "21:13"
    ],
    "url": "https://www.kanachu.co.jp/dia/diagram/timetable01_js/course:0000803499-12/node:00129064/kt:0/lname:/"
}
