{
    "date": "2025/04/19",
    "name": "麻溝車庫",
    "position": "-",
    "system": "相25",
    "destinations": [
        "相模原浄水場",
        "陽光台六丁目",
        "緑が丘一丁目(相模原市中央区)",
        "光が丘三丁目(相模原市中央区)",
        "光が丘大通り",
        "光が丘小学校前",
        "光が丘一丁目(相模原市中央区)",
        "千代田五丁目",
        "千代田十字路",
        "千代田一丁目",
        "職業安定所前(相模原市中央区)",
        "ウェルネスさがみはら前",
        "市役所前(相模原市中央区)",
        "グリーンプラザ(相模原市中央区)",
        "西門前(相模原市中央区)",
        "相模原五丁目",
        "相模原駅南口"
    ],
    "weekday": [
        "10:33",
        "11:03",
        "11:33",
        "12:03",
        "12:33",
        "13:03",
        "13:33",
        "14:03",
        "14:33",
        "15:03",
        "15:33",
        "15:58",
        "16:29",
        "16:59",
        "17:29",
        "17:59",
        "18:29",
        "18:59",
        "19:13",
        "19:48",
        "20:22",
        "20:47",
        "21:22",
        "22:17"
    ],
    "saturday": [
        "10:26",
        "11:24",
        "11:59",
        "12:19",
        "13:19",
        "13:59",
        "14:19",
        "15:19",
        "15:59",
        "16:19",
        "17:19",
        "17:59",
        "18:19",
        "19:16",
        "19:51",
        "20:17",
        "20:49",
        "21:19"
    ],
    "holiday": [
        "10:28",
        "11:18",
        "11:58",
        "12:18",
        "13:18",
        "13:58",
        "14:18",
        "15:18",
        "15:58",
        "16:18",
        "16:58",
        "17:18",
        "17:58",
        "18:58",
        "19:52",
        "20:13",
        "20:38",
        "21:18"
    ],
    "url": "https://www.kanachu.co.jp/dia/diagram/timetable01_js/course:0000803499-15/node:00129224/kt:0/lname:/"
}
