{
    "date": "2025/04/19",
    "name": "陽光台六丁目",
    "position": "-",
    "system": "相25",
    "destinations": [
        "緑が丘一丁目(相模原市中央区)",
        "光が丘三丁目(相模原市中央区)",
        "光が丘大通り",
        "光が丘小学校前",
        "光が丘一丁目(相模原市中央区)",
        "千代田五丁目",
        "千代田十字路",
        "千代田一丁目",
        "職業安定所前(相模原市中央区)",
        "ウェルネスさがみはら前",
        "市役所前(相模原市中央区)",
        "グリーンプラザ(相模原市中央区)",
        "西門前(相模原市中央区)",
        "相模原五丁目",
        "相模原駅南口"
    ],
    "weekday": [
        "10:36",
        "11:06",
        "11:36",
        "12:06",
        "12:36",
        "13:06",
        "13:36",
        "14:06",
        "14:36",
        "15:06",
        "15:36",
        "16:01",
        "16:33",
        "17:03",
        "17:33",
        "18:03",
        "18:33",
        "19:03",
        "19:17",
        "19:52",
        "20:25",
        "20:50",
        "21:25",
        "22:20"
    ],
    "saturday": [
        "10:29",
        "11:27",
        "12:02",
        "12:22",
        "13:22",
        "14:02",
        "14:22",
        "15:22",
        "16:02",
        "16:22",
        "17:22",
        "18:02",
        "18:22",
        "19:19",
        "19:54",
        "20:20",
        "20:52",
        "21:22"
    ],
    "holiday": [
        "10:31",
        "11:21",
        "12:01",
        "12:21",
        "13:21",
        "14:01",
        "14:21",
        "15:21",
        "16:01",
        "16:21",
        "17:01",
        "17:21",
        "18:01",
        "19:01",
        "19:55",
        "20:16",
        "20:41",
        "21:21"
    ],
    "url": "https://www.kanachu.co.jp/dia/diagram/timetable01_js/course:0000803499-17/node:00129290/kt:0/lname:/"
}
