{
    "date": "2024/03/16",
    "name": "桜台一丁目(町田市)",
    "position": "-",
    "system": "淵67",
    "destinations": [
        "桜台入口(町田市)",
        "唐沢(町田市)",
        "桜美林学園",
        "桜美林学園東",
        "桜美林学園前",
        "矢部八幡前",
        "山王下(相模原市中央区)",
        "山王(相模原市中央区)",
        "小学校入口(相模原市中央区)",
        "淵野辺郵便局前",
        "幸町(相模原市中央区)",
        "淵野辺駅北口"
    ],
    "weekday": [
        "8:32",
        "9:00",
        "9:30",
        "10:00",
        "11:00",
        "11:50",
        "12:50",
        "13:50",
        "14:50",
        "15:50",
        "16:50"
    ],
    "saturday": [
        "9:50",
        "10:50",
        "11:50",
        "12:55",
        "13:50",
        "14:50",
        "15:50",
        "16:50"
    ],
    "holiday": [],
    "url": "https://www.kanachu.co.jp/dia/diagram/timetable01_js/course:0000800849-7/node:00129403/kt:0/lname:/"
}
