{
    "date": "2024/03/16",
    "name": "桜美林学園前",
    "position": "-",
    "system": "淵67",
    "destinations": [
        "矢部八幡前",
        "山王下(相模原市中央区)",
        "山王(相模原市中央区)",
        "小学校入口(相模原市中央区)",
        "淵野辺郵便局前",
        "幸町(相模原市中央区)",
        "淵野辺駅北口"
    ],
    "weekday": [
        "8:37",
        "9:05",
        "9:35",
        "10:05",
        "11:05",
        "11:55",
        "12:55",
        "13:55",
        "14:55",
        "15:55",
        "16:55"
    ],
    "saturday": [
        "9:55",
        "10:55",
        "11:55",
        "13:00",
        "13:55",
        "14:55",
        "15:55",
        "16:55"
    ],
    "holiday": [],
    "url": "https://www.kanachu.co.jp/dia/diagram/timetable01_js/course:0000800849-12/node:00130114/kt:0/lname:/"
}
