{
    "date": "2025/01/14",
    "name": "上瀬谷小学校入口",
    "position": "-",
    "system": "瀬03",
    "destinations": [
        "竹村町",
        "中屋敷(横浜市瀬谷区)",
        "本郷原",
        "本郷(横浜市瀬谷区)",
        "瀬谷駅前通り",
        "瀬谷駅"
    ],
    "weekday": [
        "6:23",
        "6:38",
        "6:53",
        "7:09",
        "7:23",
        "7:43",
        "7:59",
        "8:17",
        "12:29",
        "15:07",
        "17:02",
        "17:17",
        "18:02",
        "19:24",
        "20:31",
        "21:22",
        "22:07"
    ],
    "saturday": [
        "8:32",
        "15:02",
        "17:02",
        "17:53",
        "19:22",
        "20:24"
    ],
    "holiday": [
        "8:32",
        "15:02",
        "17:02",
        "17:53",
        "19:22",
        "20:24"
    ],
    "url": "https://www.kanachu.co.jp/dia/diagram/timetable01_js/course:0000801562-5/node:00129654/kt:0/lname:/"
}
