{
    "date": "2025/01/14",
    "name": "中屋敷(横浜市瀬谷区)",
    "position": "-",
    "system": "瀬03",
    "destinations": [
        "本郷原",
        "本郷(横浜市瀬谷区)",
        "瀬谷駅前通り",
        "瀬谷駅"
    ],
    "weekday": [
        "6:26",
        "6:41",
        "6:56",
        "7:12",
        "7:26",
        "7:46",
        "8:02",
        "8:20",
        "12:32",
        "15:10",
        "17:05",
        "17:20",
        "18:05",
        "19:27",
        "20:34",
        "21:25",
        "22:10"
    ],
    "saturday": [
        "8:35",
        "15:05",
        "17:05",
        "17:56",
        "19:25",
        "20:27"
    ],
    "holiday": [
        "8:35",
        "15:05",
        "17:05",
        "17:56",
        "19:25",
        "20:27"
    ],
    "url": "https://www.kanachu.co.jp/dia/diagram/timetable01_js/course:0000801562-7/node:00129656/kt:0/lname:/"
}
