{
    "system": "瀬03",
    "busstops": [
        {
            "index": "1",
            "id": "00129758",
            "name": "マークスプリングス",
            "lat": "35.49881",
            "lng": "139.47207"
        },
        {
            "index": "2",
            "id": "00129784",
            "name": "北町入口",
            "lat": "35.497841",
            "lng": "139.476701"
        },
        {
            "index": "3",
            "id": "00129759",
            "name": "上瀬谷住宅前",
            "lat": "35.496302",
            "lng": "139.474781"
        },
        {
            "index": "4",
            "id": "00129653",
            "name": "八幡神社前(横浜市瀬谷区)",
            "lat": "35.492893",
            "lng": "139.4732"
        },
        {
            "index": "5",
            "id": "00129654",
            "name": "上瀬谷小学校入口",
            "lat": "35.489938",
            "lng": "139.473195"
        },
        {
            "index": "6",
            "id": "00129655",
            "name": "竹村町",
            "lat": "35.487535",
            "lng": "139.472958"
        },
        {
            "index": "7",
            "id": "00129656",
            "name": "中屋敷(横浜市瀬谷区)",
            "lat": "35.481942",
            "lng": "139.475223"
        },
        {
            "index": "8",
            "id": "00129657",
            "name": "本郷原",
            "lat": "35.477607",
            "lng": "139.475709"
        },
        {
            "index": "9",
            "id": "00129658",
            "name": "本郷(横浜市瀬谷区)",
            "lat": "35.474277",
            "lng": "139.477159"
        },
        {
            "index": "10",
            "id": "00129659",
            "name": "瀬谷駅前通り",
            "lat": "35.472284",
            "lng": "139.481953"
        },
        {
            "index": "11",
            "id": "00129660",
            "name": "瀬谷駅",
            "lat": "35.471471",
            "lng": "139.482959"
        }
    ],
    "route_url": "https://www.kanachu.co.jp/dia/route/index/cid:0000801562/"
}
