{
    "date": "2025/05/11",
    "name": "九沢",
    "position": "-",
    "system": "秦27",
    "destinations": [
        "北原(秦野市)",
        "ジョイフルタウン",
        "仲宿(秦野市)",
        "上宿通り",
        "大川橋(秦野市)",
        "まほろば大橋",
        "秦野駅"
    ],
    "weekday": [
        "7:54",
        "8:14",
        "8:34",
        "9:34",
        "10:34",
        "11:34",
        "12:34",
        "13:34",
        "14:40",
        "15:34",
        "16:29",
        "17:29",
        "18:29",
        "19:26",
        "20:31"
    ],
    "saturday": [
        "8:39",
        "9:39",
        "10:39",
        "11:39",
        "12:39",
        "13:39",
        "14:39",
        "15:39",
        "16:39",
        "17:29",
        "18:26",
        "19:26"
    ],
    "holiday": [
        "8:39",
        "9:39",
        "10:39",
        "11:39",
        "12:39",
        "13:39",
        "14:39",
        "15:39",
        "16:39",
        "17:29",
        "18:26",
        "19:26"
    ],
    "url": "https://www.kanachu.co.jp/dia/diagram/timetable01_js/course:0000800381-20/node:00127864/kt:0/lname:/"
}
