{
    "date": "2025/08/04",
    "name": "橋本駅南口",
    "position": "-",
    "system": "橋08",
    "destinations": [
        "橋本二丁目",
        "緑区合同庁舎前(相模原市緑区)",
        "上町(相模原市緑区)",
        "大西(相模原市緑区)",
        "相原台",
        "相原中央",
        "二本松(相模原市緑区)",
        "森の上",
        "東原宿",
        "原宿(相模原市緑区)",
        "城山総合事務所入口",
        "久保沢",
        "谷ヶ原",
        "都井沢",
        "若葉台中央(相模原市緑区)",
        "若葉台住宅"
    ],
    "weekday": [
        "6:30",
        "6:45",
        "7:00",
        "7:15",
        "7:30",
        "7:50",
        "8:12",
        "8:35",
        "8:55",
        "9:13",
        "9:38",
        "10:13",
        "10:38",
        "11:08",
        "11:38",
        "12:18",
        "12:38",
        "13:38",
        "14:38",
        "15:13",
        "16:20",
        "17:05",
        "17:17",
        "18:05",
        "18:25",
        "19:13",
        "19:30"
    ],
    "saturday": [
        "6:45",
        "7:05",
        "7:50",
        "8:13",
        "8:37",
        "9:23",
        "10:08",
        "10:43",
        "11:18",
        "11:47",
        "12:28",
        "13:00",
        "14:08",
        "15:18",
        "16:33",
        "17:08",
        "17:58",
        "18:53",
        "19:53"
    ],
    "holiday": [
        "7:05",
        "7:50",
        "8:13",
        "8:37",
        "9:23",
        "10:08",
        "10:43",
        "11:18",
        "11:47",
        "12:28",
        "13:00",
        "14:08",
        "15:18",
        "16:33",
        "17:08",
        "17:58",
        "18:53",
        "19:53"
    ],
    "url": "https://www.kanachu.co.jp/dia/diagram/timetable01_js/course:0000803130-1/node:00128970/kt:0/lname:/"
}
