{
    "date": "2025/08/04",
    "name": "相原中央",
    "position": "-",
    "system": "橋08",
    "destinations": [
        "二本松(相模原市緑区)",
        "森の上",
        "東原宿",
        "原宿(相模原市緑区)",
        "城山総合事務所入口",
        "久保沢",
        "谷ヶ原",
        "都井沢",
        "若葉台中央(相模原市緑区)",
        "若葉台住宅"
    ],
    "weekday": [
        "6:35",
        "6:50",
        "7:05",
        "7:20",
        "7:35",
        "7:55",
        "8:17",
        "8:41",
        "9:01",
        "9:19",
        "9:44",
        "10:19",
        "10:44",
        "11:14",
        "11:44",
        "12:24",
        "12:44",
        "13:44",
        "14:44",
        "15:19",
        "16:26",
        "17:11",
        "17:23",
        "18:11",
        "18:31",
        "19:19",
        "19:35"
    ],
    "saturday": [
        "6:50",
        "7:10",
        "7:55",
        "8:18",
        "8:42",
        "9:28",
        "10:13",
        "10:48",
        "11:24",
        "11:53",
        "12:34",
        "13:06",
        "14:14",
        "15:24",
        "16:39",
        "17:14",
        "18:04",
        "18:58",
        "19:58"
    ],
    "holiday": [
        "7:10",
        "7:55",
        "8:18",
        "8:42",
        "9:28",
        "10:13",
        "10:48",
        "11:24",
        "11:53",
        "12:34",
        "13:06",
        "14:14",
        "15:24",
        "16:39",
        "17:14",
        "18:04",
        "18:58",
        "19:58"
    ],
    "url": "https://www.kanachu.co.jp/dia/diagram/timetable01_js/course:0000803130-7/node:00128965/kt:0/lname:/"
}
