{
    "date": "2025/08/04",
    "name": "城山総合事務所入口",
    "position": "-",
    "system": "橋08",
    "destinations": [
        "久保沢",
        "谷ヶ原",
        "都井沢",
        "若葉台中央(相模原市緑区)",
        "若葉台住宅"
    ],
    "weekday": [
        "6:39",
        "6:54",
        "7:11",
        "7:26",
        "7:41",
        "8:01",
        "8:23",
        "8:46",
        "9:06",
        "9:24",
        "9:49",
        "10:24",
        "10:49",
        "11:19",
        "11:49",
        "12:29",
        "12:49",
        "13:49",
        "14:49",
        "15:24",
        "16:31",
        "17:17",
        "17:29",
        "18:17",
        "18:37",
        "19:25",
        "19:40"
    ],
    "saturday": [
        "6:55",
        "7:15",
        "8:00",
        "8:23",
        "8:47",
        "9:33",
        "10:18",
        "10:53",
        "11:30",
        "11:59",
        "12:40",
        "13:12",
        "14:20",
        "15:30",
        "16:45",
        "17:20",
        "18:10",
        "19:03",
        "20:03"
    ],
    "holiday": [
        "7:15",
        "8:00",
        "8:23",
        "8:47",
        "9:33",
        "10:18",
        "10:53",
        "11:30",
        "11:59",
        "12:40",
        "13:12",
        "14:20",
        "15:30",
        "16:45",
        "17:20",
        "18:10",
        "19:03",
        "20:03"
    ],
    "url": "https://www.kanachu.co.jp/dia/diagram/timetable01_js/course:0000803130-12/node:00128960/kt:0/lname:/"
}
