{
    "date": "2025/11/16",
    "name": "長沼(厚木市)",
    "position": "-",
    "system": "平68",
    "destinations": [
        "下落合(伊勢原市)",
        "西屋(伊勢原市)",
        "新屋(伊勢原市)",
        "下小稲葉",
        "枝大島入口",
        "横内上",
        "横内四ツ角",
        "横内公民館入口",
        "横内下",
        "横内団地前",
        "今里(平塚市)",
        "坂口(平塚市)",
        "市場前(平塚市)",
        "大野農協前",
        "西真土",
        "大野中学校前",
        "伊勢山(平塚市)",
        "中原中宿",
        "中原東(平塚市)",
        "西新町(平塚市)",
        "平塚球場",
        "総合公園(平塚市)",
        "美術館入口(平塚市)",
        "江陽中学校前(平塚市)",
        "崇善小学校前",
        "明石町(平塚市)",
        "明石町一丁目",
        "四ツ角(平塚市)",
        "平塚駅北口"
    ],
    "weekday": [
        "8:15",
        "10:03",
        "11:03",
        "12:52",
        "13:48",
        "15:23",
        "16:34",
        "17:59",
        "19:32",
        "20:18"
    ],
    "saturday": [
        "8:44",
        "10:08",
        "11:44",
        "16:48",
        "18:08",
        "19:13"
    ],
    "holiday": [
        "8:44",
        "10:08",
        "11:44",
        "16:48",
        "18:08",
        "19:13"
    ],
    "url": "https://www.kanachu.co.jp/dia/diagram/timetable01_js/course:0000802530-6/node:00127623/kt:0/lname:/"
}
