{
    "date": "2025/11/16",
    "name": "新屋(伊勢原市)",
    "position": "-",
    "system": "平68",
    "destinations": [
        "下小稲葉",
        "枝大島入口",
        "横内上",
        "横内四ツ角",
        "横内公民館入口",
        "横内下",
        "横内団地前",
        "今里(平塚市)",
        "坂口(平塚市)",
        "市場前(平塚市)",
        "大野農協前",
        "西真土",
        "大野中学校前",
        "伊勢山(平塚市)",
        "中原中宿",
        "中原東(平塚市)",
        "西新町(平塚市)",
        "平塚球場",
        "総合公園(平塚市)",
        "美術館入口(平塚市)",
        "江陽中学校前(平塚市)",
        "崇善小学校前",
        "明石町(平塚市)",
        "明石町一丁目",
        "四ツ角(平塚市)",
        "平塚駅北口"
    ],
    "weekday": [
        "8:20",
        "10:08",
        "11:08",
        "12:57",
        "13:53",
        "15:28",
        "16:39",
        "18:04",
        "19:37",
        "20:23"
    ],
    "saturday": [
        "8:49",
        "10:13",
        "11:49",
        "16:53",
        "18:13",
        "19:18"
    ],
    "holiday": [
        "8:49",
        "10:13",
        "11:49",
        "16:53",
        "18:13",
        "19:18"
    ],
    "url": "https://www.kanachu.co.jp/dia/diagram/timetable01_js/course:0000802530-9/node:00127620/kt:0/lname:/"
}
