{
    "date": "2025/11/16",
    "name": "横内公民館入口",
    "position": "-",
    "system": "平68",
    "destinations": [
        "横内下",
        "横内団地前",
        "今里(平塚市)",
        "坂口(平塚市)",
        "市場前(平塚市)",
        "大野農協前",
        "西真土",
        "大野中学校前",
        "伊勢山(平塚市)",
        "中原中宿",
        "中原東(平塚市)",
        "西新町(平塚市)",
        "平塚球場",
        "総合公園(平塚市)",
        "美術館入口(平塚市)",
        "江陽中学校前(平塚市)",
        "崇善小学校前",
        "明石町(平塚市)",
        "明石町一丁目",
        "四ツ角(平塚市)",
        "平塚駅北口"
    ],
    "weekday": [
        "8:26",
        "10:14",
        "11:14",
        "13:03",
        "13:59",
        "15:34",
        "16:45",
        "18:10",
        "19:43",
        "20:29"
    ],
    "saturday": [
        "8:55",
        "10:19",
        "11:55",
        "16:59",
        "18:19",
        "19:24"
    ],
    "holiday": [
        "8:55",
        "10:19",
        "11:55",
        "16:59",
        "18:19",
        "19:24"
    ],
    "url": "https://www.kanachu.co.jp/dia/diagram/timetable01_js/course:0000802530-14/node:00127615/kt:0/lname:/"
}
