{
    "date": "2025/11/16",
    "name": "伊勢山(平塚市)",
    "position": "-",
    "system": "平68",
    "destinations": [
        "中原中宿",
        "中原東(平塚市)",
        "西新町(平塚市)",
        "平塚球場",
        "総合公園(平塚市)",
        "美術館入口(平塚市)",
        "江陽中学校前(平塚市)",
        "崇善小学校前",
        "明石町(平塚市)",
        "明石町一丁目",
        "四ツ角(平塚市)",
        "平塚駅北口"
    ],
    "weekday": [
        "8:36",
        "10:24",
        "11:24",
        "13:13",
        "14:09",
        "15:44",
        "16:55",
        "18:20",
        "19:53",
        "20:39"
    ],
    "saturday": [
        "9:05",
        "10:29",
        "12:05",
        "17:09",
        "18:29",
        "19:34"
    ],
    "holiday": [
        "9:05",
        "10:29",
        "12:05",
        "17:09",
        "18:29",
        "19:34"
    ],
    "url": "https://www.kanachu.co.jp/dia/diagram/timetable01_js/course:0000802530-23/node:00127605/kt:0/lname:/"
}
