{
    "date": "2025/11/16",
    "name": "平塚球場",
    "position": "-",
    "system": "平68",
    "destinations": [
        "総合公園(平塚市)",
        "美術館入口(平塚市)",
        "江陽中学校前(平塚市)",
        "崇善小学校前",
        "明石町(平塚市)",
        "明石町一丁目",
        "四ツ角(平塚市)",
        "平塚駅北口"
    ],
    "weekday": [
        "8:41",
        "10:29",
        "11:29",
        "13:18",
        "14:14",
        "15:49",
        "17:00",
        "18:25",
        "19:58",
        "20:44"
    ],
    "saturday": [
        "9:10",
        "10:34",
        "12:10",
        "17:14",
        "18:34",
        "19:39"
    ],
    "holiday": [
        "9:10",
        "10:34",
        "12:10",
        "17:14",
        "18:34",
        "19:39"
    ],
    "url": "https://www.kanachu.co.jp/dia/diagram/timetable01_js/course:0000802530-27/node:00127601/kt:0/lname:/"
}
