{
    "date": "2025/11/16",
    "name": "総合公園(平塚市)",
    "position": "-",
    "system": "平68",
    "destinations": [
        "美術館入口(平塚市)",
        "江陽中学校前(平塚市)",
        "崇善小学校前",
        "明石町(平塚市)",
        "明石町一丁目",
        "四ツ角(平塚市)",
        "平塚駅北口"
    ],
    "weekday": [
        "8:42",
        "10:30",
        "11:30",
        "13:19",
        "14:15",
        "15:50",
        "17:01",
        "18:26",
        "19:59",
        "20:45"
    ],
    "saturday": [
        "9:11",
        "10:35",
        "12:11",
        "17:15",
        "18:35",
        "19:40"
    ],
    "holiday": [
        "9:11",
        "10:35",
        "12:11",
        "17:15",
        "18:35",
        "19:40"
    ],
    "url": "https://www.kanachu.co.jp/dia/diagram/timetable01_js/course:0000802530-28/node:00127600/kt:0/lname:/"
}
