{
    "date": "2025/11/16",
    "name": "崇善小学校前",
    "position": "-",
    "system": "平68",
    "destinations": [
        "明石町(平塚市)",
        "明石町一丁目",
        "四ツ角(平塚市)",
        "平塚駅北口"
    ],
    "weekday": [
        "8:45",
        "10:33",
        "11:33",
        "13:22",
        "14:18",
        "15:53",
        "17:04",
        "18:29",
        "20:02",
        "20:48"
    ],
    "saturday": [
        "9:14",
        "10:38",
        "12:14",
        "17:18",
        "18:38",
        "19:43"
    ],
    "holiday": [
        "9:14",
        "10:38",
        "12:14",
        "17:18",
        "18:38",
        "19:43"
    ],
    "url": "https://www.kanachu.co.jp/dia/diagram/timetable01_js/course:0000802530-31/node:00127597/kt:0/lname:/"
}
