{
    "date": "2025/11/16",
    "name": "明石町(平塚市)",
    "position": "-",
    "system": "平68",
    "destinations": [
        "明石町一丁目",
        "四ツ角(平塚市)",
        "平塚駅北口"
    ],
    "weekday": [
        "8:46",
        "10:34",
        "11:34",
        "13:23",
        "14:19",
        "15:54",
        "17:05",
        "18:30",
        "20:03",
        "20:49"
    ],
    "saturday": [
        "9:15",
        "10:39",
        "12:15",
        "17:19",
        "18:39",
        "19:44"
    ],
    "holiday": [
        "9:15",
        "10:39",
        "12:15",
        "17:19",
        "18:39",
        "19:44"
    ],
    "url": "https://www.kanachu.co.jp/dia/diagram/timetable01_js/course:0000802530-32/node:00127458/kt:0/lname:/"
}
