{
    "date": "2024/12/16",
    "name": "鶴巻温泉駅南口",
    "position": "-",
    "system": "巻02",
    "destinations": [
        "落幡",
        "鶴美ヶ丘",
        "東海大学前駅南口",
        "東海大学前駅入口",
        "東海大学北門",
        "学校入口(秦野市)",
        "矢名",
        "宿矢名",
        "広畑ふれあいプラザ前",
        "下大槻団地"
    ],
    "weekday": [
        "6:08",
        "7:49",
        "9:34",
        "10:32",
        "11:29",
        "12:29",
        "15:29",
        "16:29",
        "17:29",
        "18:29"
    ],
    "saturday": [
        "9:30",
        "10:30",
        "11:30",
        "12:30",
        "13:30",
        "14:30",
        "16:30",
        "17:30"
    ],
    "holiday": [
        "9:30",
        "10:30",
        "11:30",
        "12:30",
        "13:30",
        "14:30",
        "16:30",
        "17:30"
    ],
    "url": "https://www.kanachu.co.jp/dia/diagram/timetable01_js/course:0000803652-1/node:00130497/kt:0/lname:/"
}
