{
    "date": "2024/12/16",
    "name": "東海大学前駅入口",
    "position": "-",
    "system": "巻02",
    "destinations": [
        "東海大学北門",
        "学校入口(秦野市)",
        "矢名",
        "宿矢名",
        "広畑ふれあいプラザ前",
        "下大槻団地"
    ],
    "weekday": [
        "6:14",
        "7:56",
        "9:41",
        "10:39",
        "11:36",
        "12:36",
        "15:36",
        "16:36",
        "17:36",
        "18:36"
    ],
    "saturday": [
        "9:36",
        "10:36",
        "11:36",
        "12:36",
        "13:36",
        "14:36",
        "16:36",
        "17:36"
    ],
    "holiday": [
        "9:36",
        "10:36",
        "11:36",
        "12:36",
        "13:36",
        "14:36",
        "16:36",
        "17:36"
    ],
    "url": "https://www.kanachu.co.jp/dia/diagram/timetable01_js/course:0000803652-5/node:00127760/kt:0/lname:/"
}
