{
    "date": "2025/04/19",
    "name": "淵野辺郵便局前",
    "position": "-",
    "system": "淵22",
    "destinations": [
        "小学校入口(相模原市中央区)",
        "東町(相模原市中央区)",
        "皇武神社入口",
        "淵野辺五丁目",
        "中淵",
        "ニュー相模団地",
        "嶽の内",
        "竜像寺入口",
        "古淵一丁目",
        "古淵駅北",
        "古淵駅"
    ],
    "weekday": [
        "6:24",
        "7:26",
        "8:26",
        "12:31",
        "13:31",
        "17:01",
        "18:01"
    ],
    "saturday": [
        "6:26",
        "7:26",
        "8:26",
        "12:31",
        "13:31",
        "17:01",
        "18:01"
    ],
    "holiday": [
        "6:26",
        "7:26",
        "8:26",
        "12:31",
        "13:31",
        "17:01",
        "18:01"
    ],
    "url": "https://www.kanachu.co.jp/dia/diagram/timetable01_js/course:0000803434-3/node:00129309/kt:0/lname:/"
}
