{
    "date": "2024/05/20",
    "name": "沖小稲葉",
    "position": "-",
    "system": "伊80",
    "destinations": [
        "下谷(伊勢原市)",
        "大田小学校前",
        "沼目",
        "つきみの団地",
        "西沼目",
        "藤田電機前(伊勢原市)",
        "三福寺前",
        "下宿(伊勢原市)",
        "伊勢原駅南口"
    ],
    "weekday": [
        "7:28",
        "8:58",
        "10:28",
        "12:18",
        "15:58",
        "17:23",
        "18:45"
    ],
    "saturday": [
        "9:30",
        "14:30",
        "18:38"
    ],
    "holiday": [
        "9:30",
        "14:30",
        "18:38"
    ],
    "url": "https://www.kanachu.co.jp/dia/diagram/timetable01_js/course:0000803334-12/node:00128119/kt:0/lname:/"
}
