{
    "date": "2024/05/20",
    "name": "三福寺前",
    "position": "-",
    "system": "伊80",
    "destinations": [
        "下宿(伊勢原市)",
        "伊勢原駅南口"
    ],
    "weekday": [
        "7:35",
        "9:05",
        "10:35",
        "12:25",
        "16:05",
        "17:30",
        "18:52"
    ],
    "saturday": [
        "9:37",
        "14:37",
        "18:45"
    ],
    "holiday": [
        "9:37",
        "14:37",
        "18:45"
    ],
    "url": "https://www.kanachu.co.jp/dia/diagram/timetable01_js/course:0000803334-19/node:00128095/kt:0/lname:/"
}
