{
    "system": "伊80",
    "busstops": [
        {
            "index": "1",
            "id": "00128496",
            "name": "愛甲石田駅",
            "lat": "35.417884",
            "lng": "139.343906"
        },
        {
            "index": "2",
            "id": "00128624",
            "name": "片平入口",
            "lat": "35.417702",
            "lng": "139.348198"
        },
        {
            "index": "3",
            "id": "00127626",
            "name": "田谷(厚木市)",
            "lat": "35.413299",
            "lng": "139.349221"
        },
        {
            "index": "4",
            "id": "00127625",
            "name": "堤下(厚木市)",
            "lat": "35.410637",
            "lng": "139.349196"
        },
        {
            "index": "5",
            "id": "00127624",
            "name": "上落合(厚木市)",
            "lat": "35.407245",
            "lng": "139.348986"
        },
        {
            "index": "6",
            "id": "00127623",
            "name": "長沼(厚木市)",
            "lat": "35.403718",
            "lng": "139.349429"
        },
        {
            "index": "7",
            "id": "00127622",
            "name": "下落合(伊勢原市)",
            "lat": "35.399682",
            "lng": "139.350765"
        },
        {
            "index": "8",
            "id": "00127621",
            "name": "西屋(伊勢原市)",
            "lat": "35.396857",
            "lng": "139.350835"
        },
        {
            "index": "9",
            "id": "00127620",
            "name": "新屋(伊勢原市)",
            "lat": "35.39401",
            "lng": "139.351296"
        },
        {
            "index": "10",
            "id": "00127619",
            "name": "下小稲葉",
            "lat": "35.389103",
            "lng": "139.351545"
        },
        {
            "index": "11",
            "id": "00128120",
            "name": "小稲葉",
            "lat": "35.389538",
            "lng": "139.350191"
        },
        {
            "index": "12",
            "id": "00128119",
            "name": "沖小稲葉",
            "lat": "35.390581",
            "lng": "139.343405"
        },
        {
            "index": "13",
            "id": "00128118",
            "name": "下谷(伊勢原市)",
            "lat": "35.391331",
            "lng": "139.338537"
        },
        {
            "index": "14",
            "id": "00128100",
            "name": "大田小学校前",
            "lat": "35.390527",
            "lng": "139.336281"
        },
        {
            "index": "15",
            "id": "00128099",
            "name": "沼目",
            "lat": "35.391933",
            "lng": "139.330766"
        },
        {
            "index": "16",
            "id": "00128098",
            "name": "つきみの団地",
            "lat": "35.392026",
            "lng": "139.328934"
        },
        {
            "index": "17",
            "id": "00128097",
            "name": "西沼目",
            "lat": "35.392346",
            "lng": "139.324879"
        },
        {
            "index": "18",
            "id": "00128096",
            "name": "藤田電機前(伊勢原市)",
            "lat": "35.393938",
            "lng": "139.3206"
        },
        {
            "index": "19",
            "id": "00128095",
            "name": "三福寺前",
            "lat": "35.393984",
            "lng": "139.317323"
        },
        {
            "index": "20",
            "id": "00128057",
            "name": "下宿(伊勢原市)",
            "lat": "35.393478",
            "lng": "139.315859"
        },
        {
            "index": "21",
            "id": "00128056",
            "name": "伊勢原駅南口",
            "lat": "35.395235",
            "lng": "139.313139"
        }
    ],
    "route_url": "https://www.kanachu.co.jp/dia/route/index/cid:0000803334/"
}
