{
    "date": "2025/07/27",
    "name": "堂面(中郡二宮町)",
    "position": "-",
    "system": "二37",
    "destinations": [
        "元町(中郡二宮町)",
        "二宮駅北口"
    ],
    "weekday": [
        "6:57",
        "7:27",
        "7:47",
        "8:02",
        "8:18",
        "8:30",
        "8:47",
        "17:27",
        "17:57",
        "18:27",
        "18:57",
        "19:27",
        "19:57",
        "20:27",
        "20:57",
        "21:27"
    ],
    "saturday": [
        "7:09",
        "8:09",
        "17:56",
        "18:56",
        "19:56",
        "20:56"
    ],
    "holiday": [
        "7:09",
        "8:09",
        "17:56",
        "18:56",
        "19:56",
        "20:56"
    ],
    "url": "https://www.kanachu.co.jp/dia/diagram/timetable01_js/course:0000802629-19/node:00127790/kt:0/lname:/"
}
