{
    "date": "2025/11/16",
    "name": "城山公園前(中郡大磯町)",
    "position": "-",
    "system": "磯13",
    "destinations": [
        "八坂神社(中郡大磯町)",
        "白岩大門",
        "統監道",
        "大磯小学校前",
        "大磯駅"
    ],
    "weekday": [
        "6:10",
        "7:03"
    ],
    "saturday": [
        "6:45"
    ],
    "holiday": [
        "6:45"
    ],
    "url": "https://www.kanachu.co.jp/dia/diagram/timetable01_js/course:0000800036-9/node:00127687/kt:0/lname:/"
}
