{
    "date": "2024/04/01",
    "name": "峯小学校前",
    "position": "-",
    "system": "横51",
    "destinations": [
        "宮田町(横浜市保土ケ谷区)",
        "洪福寺",
        "浅間町車庫前",
        "浅岡橋",
        "浅間下(横浜市西区)",
        "楠町",
        "鶴屋町三丁目",
        "横浜駅西口"
    ],
    "weekday": [
        "7:47",
        "8:09",
        "9:57"
    ],
    "saturday": [],
    "holiday": [],
    "url": "https://www.kanachu.co.jp/dia/diagram/timetable01_js/course:0000802268-30/node:00103135/kt:0/lname:/"
}
