{
    "date": "2025/04/19",
    "name": "大沼中央",
    "position": "-",
    "system": "古09",
    "destinations": [
        "大沼",
        "西通り",
        "西大沼",
        "双葉小学校前(相模原市南区)",
        "双葉一丁目",
        "双葉入口",
        "第一住宅(相模原市南区)",
        "国立相模原病院",
        "相模台まちづくりセンター前",
        "ハウス南門前",
        "鶴ヶ丘団地前",
        "二宮神社前(相模原市南区)",
        "小田急相模原駅"
    ],
    "weekday": [
        "7:03",
        "7:28",
        "8:18",
        "9:13",
        "10:23",
        "11:33",
        "12:43",
        "13:58",
        "15:13",
        "16:23",
        "17:23",
        "18:43",
        "19:23",
        "20:33"
    ],
    "saturday": [
        "8:13",
        "9:18",
        "10:28",
        "11:43",
        "12:58",
        "14:13",
        "15:13",
        "16:28",
        "17:23",
        "18:38",
        "19:53"
    ],
    "holiday": [
        "8:13",
        "9:18",
        "10:28",
        "11:43",
        "12:58",
        "14:13",
        "15:13",
        "16:28",
        "17:23",
        "18:38",
        "19:53"
    ],
    "url": "https://www.kanachu.co.jp/dia/diagram/timetable01_js/course:0000802670-6/node:00129091/kt:0/lname:/"
}
