{
    "date": "2025/04/19",
    "name": "第一住宅(相模原市南区)",
    "position": "-",
    "system": "古09",
    "destinations": [
        "国立相模原病院",
        "相模台まちづくりセンター前",
        "ハウス南門前",
        "鶴ヶ丘団地前",
        "二宮神社前(相模原市南区)",
        "小田急相模原駅"
    ],
    "weekday": [
        "7:10",
        "7:35",
        "8:25",
        "9:20",
        "10:30",
        "11:40",
        "12:50",
        "14:05",
        "15:20",
        "16:30",
        "17:30",
        "18:50",
        "19:30",
        "20:40"
    ],
    "saturday": [
        "8:20",
        "9:25",
        "10:35",
        "11:50",
        "13:05",
        "14:20",
        "15:20",
        "16:35",
        "17:30",
        "18:45",
        "20:00"
    ],
    "holiday": [
        "8:20",
        "9:25",
        "10:35",
        "11:50",
        "13:05",
        "14:20",
        "15:20",
        "16:35",
        "17:30",
        "18:45",
        "20:00"
    ],
    "url": "https://www.kanachu.co.jp/dia/diagram/timetable01_js/course:0000802670-13/node:00129693/kt:0/lname:/"
}
