{
    "date": "2024/03/16",
    "name": "笠間町",
    "position": "-",
    "system": "船24",
    "destinations": [
        "笠間十字路",
        "平島(鎌倉市)",
        "鎌倉女子大前",
        "朝日平和台入口",
        "椎郷",
        "湘南ハイツ",
        "荒井沢公園前",
        "公田ハイツ前"
    ],
    "weekday": [
        "9:41",
        "11:58",
        "14:30",
        "20:38",
        "22:18",
        "22:58"
    ],
    "saturday": [
        "13:15",
        "21:22",
        "22:18"
    ],
    "holiday": [
        "13:15",
        "21:22",
        "22:18"
    ],
    "url": "https://www.kanachu.co.jp/dia/diagram/timetable01_js/course:0000802793-4/node:00126502/kt:0/lname:/"
}
