{
    "date": "2025/11/16",
    "name": "富士見が丘3丁目",
    "position": "-",
    "system": "磯14",
    "destinations": [
        "富士見が丘2丁目",
        "西公園前(中郡大磯町)",
        "北公園前(中郡大磯町)",
        "湘南大磯住宅入口",
        "湘南大磯病院",
        "月京",
        "馬場公園",
        "馬場(中郡大磯町)",
        "城の下",
        "本郷橋(中郡大磯町)",
        "城山公園前(中郡大磯町)",
        "八坂神社(中郡大磯町)",
        "白岩大門",
        "統監道",
        "大磯小学校前",
        "大磯駅"
    ],
    "weekday": [
        "6:33",
        "7:08",
        "7:40",
        "8:15",
        "9:05",
        "9:38",
        "10:11",
        "11:11",
        "12:16",
        "13:11",
        "14:16",
        "15:11",
        "16:16",
        "17:11",
        "18:20",
        "19:03",
        "19:46",
        "20:53",
        "22:26"
    ],
    "saturday": [
        "6:51",
        "7:54",
        "8:58",
        "9:50",
        "10:55",
        "11:50",
        "12:55",
        "13:50",
        "14:55",
        "15:50",
        "16:55",
        "17:50",
        "18:55",
        "19:53",
        "20:54",
        "21:57"
    ],
    "holiday": [
        "6:51",
        "7:54",
        "8:58",
        "9:50",
        "10:55",
        "11:50",
        "12:55",
        "13:50",
        "14:55",
        "15:50",
        "16:55",
        "17:50",
        "18:55",
        "19:53",
        "20:54",
        "21:57"
    ],
    "url": "https://www.kanachu.co.jp/dia/diagram/timetable01_js/course:0000801588-4/node:00127513/kt:0/lname:/"
}
