{
    "date": "2025/11/16",
    "name": "湘南大磯病院",
    "position": "-",
    "system": "磯14",
    "destinations": [
        "月京",
        "馬場公園",
        "馬場(中郡大磯町)",
        "城の下",
        "本郷橋(中郡大磯町)",
        "城山公園前(中郡大磯町)",
        "八坂神社(中郡大磯町)",
        "白岩大門",
        "統監道",
        "大磯小学校前",
        "大磯駅"
    ],
    "weekday": [
        "6:40",
        "7:15",
        "7:47",
        "8:22",
        "9:12",
        "9:45",
        "10:18",
        "11:18",
        "12:23",
        "13:18",
        "14:23",
        "15:18",
        "16:23",
        "17:18",
        "18:27",
        "19:10",
        "19:53",
        "21:00",
        "22:33"
    ],
    "saturday": [
        "6:58",
        "8:01",
        "9:05",
        "9:57",
        "11:02",
        "11:57",
        "13:02",
        "13:57",
        "15:02",
        "15:57",
        "17:02",
        "17:57",
        "19:02",
        "20:00",
        "21:01",
        "22:04"
    ],
    "holiday": [
        "6:58",
        "8:01",
        "9:05",
        "9:57",
        "11:02",
        "11:57",
        "13:02",
        "13:57",
        "15:02",
        "15:57",
        "17:02",
        "17:57",
        "19:02",
        "20:00",
        "21:01",
        "22:04"
    ],
    "url": "https://www.kanachu.co.jp/dia/diagram/timetable01_js/course:0000801588-9/node:00127506/kt:0/lname:/"
}
