{
    "date": "2025/03/15",
    "name": "東山田(藤沢市)",
    "position": "-",
    "system": "長35",
    "destinations": [
        "山谷(藤沢市)",
        "大持",
        "いすゞ前",
        "下土棚",
        "坂下(藤沢市)",
        "住宅前(藤沢市下土棚)",
        "長後市民センター前",
        "長後駅西口"
    ],
    "weekday": [
        "5:53",
        "6:10",
        "6:25",
        "6:39",
        "6:51",
        "7:03",
        "7:26",
        "8:08",
        "9:07",
        "9:32",
        "9:55",
        "10:23",
        "10:53",
        "11:23",
        "11:53",
        "12:23",
        "12:53",
        "13:23",
        "13:53",
        "14:23",
        "14:53",
        "15:23",
        "15:45",
        "16:00",
        "16:28",
        "17:02",
        "17:28",
        "18:00",
        "18:30",
        "18:57",
        "20:08"
    ],
    "saturday": [
        "5:52",
        "6:23",
        "6:53",
        "7:45",
        "8:23",
        "8:53",
        "9:29",
        "10:09",
        "10:49",
        "11:29",
        "12:09",
        "12:49",
        "13:29",
        "14:09",
        "14:49",
        "15:29",
        "16:09",
        "16:49",
        "17:29",
        "18:09",
        "18:49",
        "19:29",
        "20:09",
        "20:49"
    ],
    "holiday": [
        "6:53",
        "7:53",
        "8:23",
        "8:53",
        "9:29",
        "10:09",
        "10:49",
        "11:29",
        "12:09",
        "12:49",
        "13:29",
        "14:09",
        "14:49",
        "15:29",
        "16:09",
        "16:49",
        "17:29",
        "18:09",
        "18:49",
        "19:29",
        "20:09",
        "20:49"
    ],
    "url": "https://www.kanachu.co.jp/dia/diagram/timetable01_js/course:0000800546-15/node:00129819/kt:0/lname:/"
}
