{
    "system": "長35",
    "busstops": [
        {
            "index": "1",
            "id": "00129845",
            "name": "綾瀬車庫(綾瀬市)",
            "lat": "35.425988",
            "lng": "139.427836"
        },
        {
            "index": "2",
            "id": "00129844",
            "name": "吉岡芝原",
            "lat": "35.424592",
            "lng": "139.428559"
        },
        {
            "index": "3",
            "id": "00129843",
            "name": "山根(綾瀬市)",
            "lat": "35.42052",
            "lng": "139.423691"
        },
        {
            "index": "4",
            "id": "00129842",
            "name": "女坂",
            "lat": "35.41791",
            "lng": "139.419339"
        },
        {
            "index": "5",
            "id": "00129841",
            "name": "松葉(藤沢市)",
            "lat": "35.413693",
            "lng": "139.417539"
        },
        {
            "index": "6",
            "id": "00129840",
            "name": "用田神社入口",
            "lat": "35.408766",
            "lng": "139.414652"
        },
        {
            "index": "7",
            "id": "00129827",
            "name": "用田辻",
            "lat": "35.40428",
            "lng": "139.413295"
        },
        {
            "index": "8",
            "id": "00129826",
            "name": "用田(藤沢市)",
            "lat": "35.403941",
            "lng": "139.415519"
        },
        {
            "index": "9",
            "id": "00129825",
            "name": "御所見市民センター前",
            "lat": "35.403985",
            "lng": "139.417634"
        },
        {
            "index": "10",
            "id": "00129824",
            "name": "御所見中学校前",
            "lat": "35.403049",
            "lng": "139.421976"
        },
        {
            "index": "11",
            "id": "00129823",
            "name": "西葛原",
            "lat": "35.402919",
            "lng": "139.424462"
        },
        {
            "index": "12",
            "id": "00129822",
            "name": "葛野",
            "lat": "35.402569",
            "lng": "139.428476"
        },
        {
            "index": "13",
            "id": "00129821",
            "name": "宮の腰(藤沢市)",
            "lat": "35.403897",
            "lng": "139.437185"
        },
        {
            "index": "14",
            "id": "00129820",
            "name": "葛原(藤沢市)",
            "lat": "35.405378",
            "lng": "139.438201"
        },
        {
            "index": "15",
            "id": "00129819",
            "name": "東山田(藤沢市)",
            "lat": "35.407007",
            "lng": "139.441592"
        },
        {
            "index": "16",
            "id": "00129818",
            "name": "山谷(藤沢市)",
            "lat": "35.407127",
            "lng": "139.444749"
        },
        {
            "index": "17",
            "id": "00129817",
            "name": "大持",
            "lat": "35.407231",
            "lng": "139.446632"
        },
        {
            "index": "18",
            "id": "00129816",
            "name": "いすゞ前",
            "lat": "35.407345",
            "lng": "139.449743"
        },
        {
            "index": "19",
            "id": "00129815",
            "name": "下土棚",
            "lat": "35.407362",
            "lng": "139.451082"
        },
        {
            "index": "20",
            "id": "00129814",
            "name": "坂下(藤沢市)",
            "lat": "35.408856",
            "lng": "139.454858"
        },
        {
            "index": "21",
            "id": "00130196",
            "name": "住宅前(藤沢市下土棚)",
            "lat": "35.410128",
            "lng": "139.4573"
        },
        {
            "index": "22",
            "id": "00129813",
            "name": "長後市民センター前",
            "lat": "35.4121",
            "lng": "139.461769"
        },
        {
            "index": "23",
            "id": "00129812",
            "name": "長後駅西口",
            "lat": "35.412472",
            "lng": "139.465116"
        }
    ],
    "route_url": "https://www.kanachu.co.jp/dia/route/index/cid:0000800546/"
}
