{
    "date": "2026/01/16",
    "name": "若葉台中央(横浜市旭区)",
    "position": "-",
    "system": "40",
    "destinations": [
        "地区公園",
        "若葉台南",
        "若葉台近隣公園前",
        "若葉台中学校前",
        "霧が丘高校前",
        "霧が丘公園前",
        "霧ヶ谷",
        "公園前(横浜市緑区)",
        "玄海田",
        "センター前(横浜市緑区)",
        "御前田橋",
        "長津田駅入口"
    ],
    "weekday": [
        "5:38",
        "6:00",
        "6:12",
        "6:24",
        "6:38",
        "6:52",
        "7:02",
        "7:12",
        "7:28",
        "7:45",
        "8:05",
        "8:25",
        "8:45",
        "9:14",
        "9:45",
        "16:15",
        "16:45",
        "17:15",
        "17:45",
        "18:14",
        "18:44",
        "19:15",
        "19:49",
        "20:26",
        "21:30"
    ],
    "saturday": [],
    "holiday": [],
    "url": "https://www.kanachu.co.jp/dia/diagram/timetable01_js/course:0000804112-1/node:00019296/kt:0/lname:/"
}
