{
    "date": "2026/01/16",
    "name": "地区公園",
    "position": "-",
    "system": "40",
    "destinations": [
        "若葉台南",
        "若葉台近隣公園前",
        "若葉台中学校前",
        "霧が丘高校前",
        "霧が丘公園前",
        "霧ヶ谷",
        "公園前(横浜市緑区)",
        "玄海田",
        "センター前(横浜市緑区)",
        "御前田橋",
        "長津田駅入口"
    ],
    "weekday": [
        "5:39",
        "6:01",
        "6:13",
        "6:25",
        "6:39",
        "6:53",
        "7:03",
        "7:13",
        "7:29",
        "7:46",
        "8:06",
        "8:26",
        "8:46",
        "9:15",
        "9:46",
        "16:16",
        "16:46",
        "17:16",
        "17:46",
        "18:15",
        "18:45",
        "19:16",
        "19:50",
        "20:27",
        "21:31"
    ],
    "saturday": [],
    "holiday": [],
    "url": "https://www.kanachu.co.jp/dia/diagram/timetable01_js/course:0000804112-2/node:00102729/kt:0/lname:/"
}
