{
    "date": "2026/01/16",
    "name": "公園前(横浜市緑区)",
    "position": "-",
    "system": "40",
    "destinations": [
        "玄海田",
        "センター前(横浜市緑区)",
        "御前田橋",
        "長津田駅入口"
    ],
    "weekday": [
        "5:49",
        "6:11",
        "6:23",
        "6:35",
        "6:49",
        "7:03",
        "7:14",
        "7:24",
        "7:40",
        "7:57",
        "8:17",
        "8:36",
        "8:56",
        "9:25",
        "9:56",
        "16:27",
        "16:57",
        "17:27",
        "17:57",
        "18:26",
        "18:56",
        "19:27",
        "20:00",
        "20:37",
        "21:41"
    ],
    "saturday": [],
    "holiday": [],
    "url": "https://www.kanachu.co.jp/dia/diagram/timetable01_js/course:0000804112-9/node:00102521/kt:0/lname:/"
}
