{
    "date": "2026/01/16",
    "name": "御前田橋",
    "position": "-",
    "system": "40",
    "destinations": [
        "長津田駅入口"
    ],
    "weekday": [
        "5:52",
        "6:14",
        "6:26",
        "6:38",
        "6:53",
        "7:07",
        "7:18",
        "7:28",
        "7:44",
        "8:01",
        "8:21",
        "8:40",
        "9:00",
        "9:29",
        "10:00",
        "16:31",
        "17:01",
        "17:31",
        "18:01",
        "18:30",
        "19:00",
        "19:31",
        "20:03",
        "20:40",
        "21:44"
    ],
    "saturday": [],
    "holiday": [],
    "url": "https://www.kanachu.co.jp/dia/diagram/timetable01_js/course:0000804112-12/node:00102333/kt:0/lname:/"
}
