{
    "date": "2024/09/02",
    "name": "来迎寺(横浜市戸塚区)",
    "position": "-",
    "system": "戸98",
    "destinations": [
        "谷矢部中央",
        "道祖神前(横浜市戸塚区)",
        "鳥が丘中央",
        "鳥が丘第一公園",
        "上矢部高校",
        "戸塚工業団地",
        "上矢部地区センター前",
        "第二工業団地",
        "第二工業団地中央",
        "ラムーナ横浜戸塚",
        "第二工業団地中央",
        "第二工業団地",
        "諏訪久保",
        "領家一丁目(横浜市泉区)",
        "領家三丁目(横浜市泉区)",
        "領家中学校前",
        "鳥が丘第一公園",
        "鳥が丘中央",
        "道祖神前(横浜市戸塚区)",
        "谷矢部中央",
        "来迎寺(横浜市戸塚区)",
        "柳作東",
        "蔵坪",
        "戸塚駅"
    ],
    "weekday": [
        "8:19",
        "8:38",
        "9:14",
        "9:38",
        "10:02",
        "10:26",
        "10:50",
        "11:14",
        "11:38",
        "12:02",
        "12:26",
        "12:50",
        "13:14",
        "13:38"
    ],
    "saturday": [
        "7:07",
        "7:58",
        "8:22",
        "8:58",
        "9:22",
        "9:58",
        "10:22",
        "11:16",
        "12:04",
        "13:04",
        "13:49"
    ],
    "holiday": [
        "7:10",
        "7:57",
        "8:59",
        "9:46",
        "10:31",
        "11:16",
        "12:04",
        "13:04",
        "13:49"
    ],
    "url": "https://www.kanachu.co.jp/dia/diagram/timetable01_js/course:0000800979-4/node:00126900/kt:0/lname:/"
}
