{
    "date": "2024/09/02",
    "name": "領家中学校前",
    "position": "-",
    "system": "戸98",
    "destinations": [
        "鳥が丘第一公園",
        "鳥が丘中央",
        "道祖神前(横浜市戸塚区)",
        "谷矢部中央",
        "来迎寺(横浜市戸塚区)",
        "柳作東",
        "蔵坪",
        "戸塚駅"
    ],
    "weekday": [
        "8:38",
        "8:57",
        "9:33",
        "9:57",
        "10:21",
        "10:45",
        "11:09",
        "11:33",
        "11:57",
        "12:21",
        "12:45",
        "13:09",
        "13:33",
        "13:57"
    ],
    "saturday": [
        "7:26",
        "8:17",
        "8:41",
        "9:17",
        "9:41",
        "10:17",
        "10:41",
        "11:35",
        "12:23",
        "13:23",
        "14:08"
    ],
    "holiday": [
        "7:29",
        "8:16",
        "9:18",
        "10:05",
        "10:50",
        "11:35",
        "12:23",
        "13:23",
        "14:08"
    ],
    "url": "https://www.kanachu.co.jp/dia/diagram/timetable01_js/course:0000800979-20/node:00126710/kt:0/lname:/"
}
