{
    "date": "2025/05/11",
    "name": "尾上町(横浜市中区)",
    "position": "-",
    "system": "船20",
    "destinations": [
        "羽衣町(横浜市中区)",
        "長者町五丁目",
        "曙町(横浜市中区)",
        "横浜橋",
        "阪東橋",
        "吉野町一丁目",
        "吉野町駅前",
        "お三の宮",
        "宮元町一丁目",
        "蒔田駅前",
        "通町一丁目",
        "通町三丁目",
        "弘明寺",
        "南小学校前(横浜市南区)",
        "向田橋",
        "越戸橋(横浜市港南区)",
        "最戸橋",
        "上大岡駅",
        "関の下",
        "笹下港南中央通り",
        "港南区総合庁舎前",
        "吉原(横浜市港南区)",
        "新吉原橋",
        "日野公園墓地入口",
        "日野中央公園入口",
        "日野小学校前(横浜市港南区)",
        "日野(横浜市港南区)",
        "清水橋(横浜市港南区)",
        "金井(横浜市港南区)",
        "藤ヶ沢",
        "港南車庫入口",
        "原(横浜市港南区)",
        "七曲",
        "鍛冶ヶ谷",
        "本郷石橋",
        "天神橋(横浜市栄区)",
        "栄警察署前",
        "公田",
        "鎌倉女子大前",
        "平島(鎌倉市)",
        "笠間十字路",
        "笠間町",
        "岩井口",
        "大船駅(横浜市栄区)"
    ],
    "weekday": [
        "7:23",
        "7:45",
        "8:14",
        "8:25",
        "8:40",
        "8:50",
        "9:00",
        "9:16",
        "9:26",
        "9:46",
        "10:08",
        "10:32",
        "10:56",
        "11:20",
        "11:44",
        "12:08",
        "12:32",
        "12:56",
        "13:20",
        "13:47",
        "14:08",
        "14:32",
        "14:56",
        "15:20",
        "15:44",
        "16:08",
        "16:32",
        "16:56",
        "17:20",
        "17:44",
        "18:08",
        "18:32",
        "18:56",
        "19:23",
        "19:41",
        "20:08",
        "20:29"
    ],
    "saturday": [
        "7:30",
        "8:02",
        "8:26",
        "8:47",
        "9:07",
        "9:22",
        "9:40",
        "10:00",
        "10:15",
        "10:28",
        "10:46",
        "11:06",
        "11:26",
        "11:47",
        "12:08",
        "12:28",
        "12:49",
        "13:13",
        "13:41",
        "14:12",
        "14:42",
        "15:12",
        "15:42",
        "16:12",
        "16:42",
        "17:12",
        "17:42",
        "18:10",
        "18:51",
        "19:09",
        "19:32",
        "20:05"
    ],
    "holiday": [
        "7:30",
        "8:02",
        "8:26",
        "8:47",
        "9:07",
        "9:22",
        "9:40",
        "10:00",
        "10:15",
        "10:28",
        "10:46",
        "11:06",
        "11:26",
        "11:47",
        "12:08",
        "12:28",
        "12:49",
        "13:13",
        "13:41",
        "14:12",
        "14:42",
        "15:12",
        "15:42",
        "16:12",
        "16:42",
        "17:12",
        "17:42",
        "18:10",
        "18:51",
        "19:09",
        "19:32",
        "20:05"
    ],
    "url": "https://www.kanachu.co.jp/dia/diagram/timetable01_js/course:0000803428-4/node:00102323/kt:0/lname:/"
}
