{
    "date": "2025/05/11",
    "name": "横浜橋",
    "position": "-",
    "system": "船20",
    "destinations": [
        "阪東橋",
        "吉野町一丁目",
        "吉野町駅前",
        "お三の宮",
        "宮元町一丁目",
        "蒔田駅前",
        "通町一丁目",
        "通町三丁目",
        "弘明寺",
        "南小学校前(横浜市南区)",
        "向田橋",
        "越戸橋(横浜市港南区)",
        "最戸橋",
        "上大岡駅",
        "関の下",
        "笹下港南中央通り",
        "港南区総合庁舎前",
        "吉原(横浜市港南区)",
        "新吉原橋",
        "日野公園墓地入口",
        "日野中央公園入口",
        "日野小学校前(横浜市港南区)",
        "日野(横浜市港南区)",
        "清水橋(横浜市港南区)",
        "金井(横浜市港南区)",
        "藤ヶ沢",
        "港南車庫入口",
        "原(横浜市港南区)",
        "七曲",
        "鍛冶ヶ谷",
        "本郷石橋",
        "天神橋(横浜市栄区)",
        "栄警察署前",
        "公田",
        "鎌倉女子大前",
        "平島(鎌倉市)",
        "笠間十字路",
        "笠間町",
        "岩井口",
        "大船駅(横浜市栄区)"
    ],
    "weekday": [
        "7:30",
        "7:52",
        "8:21",
        "8:32",
        "8:47",
        "8:57",
        "9:07",
        "9:23",
        "9:33",
        "9:53",
        "10:15",
        "10:39",
        "11:03",
        "11:27",
        "11:51",
        "12:15",
        "12:39",
        "13:03",
        "13:27",
        "13:54",
        "14:15",
        "14:39",
        "15:03",
        "15:27",
        "15:51",
        "16:15",
        "16:39",
        "17:03",
        "17:27",
        "17:51",
        "18:15",
        "18:39",
        "19:03",
        "19:30",
        "19:48",
        "20:15",
        "20:36"
    ],
    "saturday": [
        "7:34",
        "8:06",
        "8:30",
        "8:51",
        "9:11",
        "9:26",
        "9:44",
        "10:04",
        "10:20",
        "10:33",
        "10:51",
        "11:11",
        "11:31",
        "11:52",
        "12:13",
        "12:33",
        "12:54",
        "13:18",
        "13:46",
        "14:17",
        "14:47",
        "15:17",
        "15:47",
        "16:17",
        "16:47",
        "17:17",
        "17:47",
        "18:15",
        "18:56",
        "19:14",
        "19:37",
        "20:10"
    ],
    "holiday": [
        "7:34",
        "8:06",
        "8:30",
        "8:51",
        "9:11",
        "9:26",
        "9:44",
        "10:04",
        "10:20",
        "10:33",
        "10:51",
        "11:11",
        "11:31",
        "11:52",
        "12:13",
        "12:33",
        "12:54",
        "13:18",
        "13:46",
        "14:17",
        "14:47",
        "15:17",
        "15:47",
        "16:17",
        "16:47",
        "17:17",
        "17:47",
        "18:15",
        "18:56",
        "19:14",
        "19:37",
        "20:10"
    ],
    "url": "https://www.kanachu.co.jp/dia/diagram/timetable01_js/course:0000803428-8/node:00103225/kt:0/lname:/"
}
