{
    "date": "2025/05/11",
    "name": "阪東橋",
    "position": "-",
    "system": "船20",
    "destinations": [
        "吉野町一丁目",
        "吉野町駅前",
        "お三の宮",
        "宮元町一丁目",
        "蒔田駅前",
        "通町一丁目",
        "通町三丁目",
        "弘明寺",
        "南小学校前(横浜市南区)",
        "向田橋",
        "越戸橋(横浜市港南区)",
        "最戸橋",
        "上大岡駅",
        "関の下",
        "笹下港南中央通り",
        "港南区総合庁舎前",
        "吉原(横浜市港南区)",
        "新吉原橋",
        "日野公園墓地入口",
        "日野中央公園入口",
        "日野小学校前(横浜市港南区)",
        "日野(横浜市港南区)",
        "清水橋(横浜市港南区)",
        "金井(横浜市港南区)",
        "藤ヶ沢",
        "港南車庫入口",
        "原(横浜市港南区)",
        "七曲",
        "鍛冶ヶ谷",
        "本郷石橋",
        "天神橋(横浜市栄区)",
        "栄警察署前",
        "公田",
        "鎌倉女子大前",
        "平島(鎌倉市)",
        "笠間十字路",
        "笠間町",
        "岩井口",
        "大船駅(横浜市栄区)"
    ],
    "weekday": [
        "7:31",
        "7:53",
        "8:22",
        "8:33",
        "8:48",
        "8:58",
        "9:08",
        "9:24",
        "9:34",
        "9:54",
        "10:16",
        "10:40",
        "11:04",
        "11:28",
        "11:52",
        "12:16",
        "12:40",
        "13:04",
        "13:28",
        "13:55",
        "14:16",
        "14:40",
        "15:04",
        "15:28",
        "15:52",
        "16:16",
        "16:40",
        "17:04",
        "17:28",
        "17:52",
        "18:16",
        "18:40",
        "19:04",
        "19:31",
        "19:49",
        "20:16",
        "20:37"
    ],
    "saturday": [
        "7:35",
        "8:07",
        "8:31",
        "8:52",
        "9:12",
        "9:27",
        "9:45",
        "10:05",
        "10:21",
        "10:34",
        "10:52",
        "11:12",
        "11:32",
        "11:53",
        "12:14",
        "12:34",
        "12:55",
        "13:19",
        "13:47",
        "14:18",
        "14:48",
        "15:19",
        "15:49",
        "16:19",
        "16:49",
        "17:19",
        "17:49",
        "18:17",
        "18:58",
        "19:16",
        "19:39",
        "20:12"
    ],
    "holiday": [
        "7:35",
        "8:07",
        "8:31",
        "8:52",
        "9:12",
        "9:27",
        "9:45",
        "10:05",
        "10:21",
        "10:34",
        "10:52",
        "11:12",
        "11:32",
        "11:53",
        "12:14",
        "12:34",
        "12:55",
        "13:19",
        "13:47",
        "14:18",
        "14:48",
        "15:19",
        "15:49",
        "16:19",
        "16:49",
        "17:19",
        "17:49",
        "18:17",
        "18:58",
        "19:16",
        "19:39",
        "20:12"
    ],
    "url": "https://www.kanachu.co.jp/dia/diagram/timetable01_js/course:0000803428-9/node:00102928/kt:0/lname:/"
}
