{
    "date": "2025/05/11",
    "name": "吉野町駅前",
    "position": "-",
    "system": "船20",
    "destinations": [
        "お三の宮",
        "宮元町一丁目",
        "蒔田駅前",
        "通町一丁目",
        "通町三丁目",
        "弘明寺",
        "南小学校前(横浜市南区)",
        "向田橋",
        "越戸橋(横浜市港南区)",
        "最戸橋",
        "上大岡駅",
        "関の下",
        "笹下港南中央通り",
        "港南区総合庁舎前",
        "吉原(横浜市港南区)",
        "新吉原橋",
        "日野公園墓地入口",
        "日野中央公園入口",
        "日野小学校前(横浜市港南区)",
        "日野(横浜市港南区)",
        "清水橋(横浜市港南区)",
        "金井(横浜市港南区)",
        "藤ヶ沢",
        "港南車庫入口",
        "原(横浜市港南区)",
        "七曲",
        "鍛冶ヶ谷",
        "本郷石橋",
        "天神橋(横浜市栄区)",
        "栄警察署前",
        "公田",
        "鎌倉女子大前",
        "平島(鎌倉市)",
        "笠間十字路",
        "笠間町",
        "岩井口",
        "大船駅(横浜市栄区)"
    ],
    "weekday": [
        "7:35",
        "7:57",
        "8:26",
        "8:37",
        "8:52",
        "9:02",
        "9:12",
        "9:28",
        "9:38",
        "9:58",
        "10:20",
        "10:44",
        "11:08",
        "11:32",
        "11:56",
        "12:20",
        "12:44",
        "13:08",
        "13:32",
        "13:59",
        "14:20",
        "14:44",
        "15:08",
        "15:32",
        "15:56",
        "16:20",
        "16:44",
        "17:08",
        "17:32",
        "17:56",
        "18:20",
        "18:44",
        "19:08",
        "19:35",
        "19:53",
        "20:20",
        "20:41"
    ],
    "saturday": [
        "7:38",
        "8:10",
        "8:34",
        "8:55",
        "9:15",
        "9:30",
        "9:48",
        "10:09",
        "10:25",
        "10:38",
        "10:56",
        "11:16",
        "11:36",
        "11:57",
        "12:18",
        "12:38",
        "12:59",
        "13:23",
        "13:51",
        "14:22",
        "14:52",
        "15:23",
        "15:53",
        "16:23",
        "16:53",
        "17:23",
        "17:53",
        "18:21",
        "19:02",
        "19:20",
        "19:43",
        "20:16"
    ],
    "holiday": [
        "7:38",
        "8:10",
        "8:34",
        "8:55",
        "9:15",
        "9:30",
        "9:48",
        "10:09",
        "10:25",
        "10:38",
        "10:56",
        "11:16",
        "11:36",
        "11:57",
        "12:18",
        "12:38",
        "12:59",
        "13:23",
        "13:51",
        "14:22",
        "14:52",
        "15:23",
        "15:53",
        "16:23",
        "16:53",
        "17:23",
        "17:53",
        "18:21",
        "19:02",
        "19:20",
        "19:43",
        "20:16"
    ],
    "url": "https://www.kanachu.co.jp/dia/diagram/timetable01_js/course:0000803428-11/node:00103231/kt:0/lname:/"
}
