{
    "date": "2025/05/11",
    "name": "通町一丁目",
    "position": "-",
    "system": "船20",
    "destinations": [
        "通町三丁目",
        "弘明寺",
        "南小学校前(横浜市南区)",
        "向田橋",
        "越戸橋(横浜市港南区)",
        "最戸橋",
        "上大岡駅",
        "関の下",
        "笹下港南中央通り",
        "港南区総合庁舎前",
        "吉原(横浜市港南区)",
        "新吉原橋",
        "日野公園墓地入口",
        "日野中央公園入口",
        "日野小学校前(横浜市港南区)",
        "日野(横浜市港南区)",
        "清水橋(横浜市港南区)",
        "金井(横浜市港南区)",
        "藤ヶ沢",
        "港南車庫入口",
        "原(横浜市港南区)",
        "七曲",
        "鍛冶ヶ谷",
        "本郷石橋",
        "天神橋(横浜市栄区)",
        "栄警察署前",
        "公田",
        "鎌倉女子大前",
        "平島(鎌倉市)",
        "笠間十字路",
        "笠間町",
        "岩井口",
        "大船駅(横浜市栄区)"
    ],
    "weekday": [
        "7:40",
        "8:02",
        "8:31",
        "8:42",
        "8:57",
        "9:07",
        "9:17",
        "9:33",
        "9:43",
        "10:03",
        "10:25",
        "10:49",
        "11:13",
        "11:37",
        "12:01",
        "12:25",
        "12:49",
        "13:13",
        "13:37",
        "14:04",
        "14:25",
        "14:49",
        "15:13",
        "15:37",
        "16:01",
        "16:25",
        "16:49",
        "17:13",
        "17:37",
        "18:01",
        "18:25",
        "18:49",
        "19:14",
        "19:41",
        "19:59",
        "20:26",
        "20:47"
    ],
    "saturday": [
        "7:43",
        "8:15",
        "8:39",
        "9:00",
        "9:20",
        "9:35",
        "9:53",
        "10:14",
        "10:30",
        "10:43",
        "11:01",
        "11:21",
        "11:41",
        "12:02",
        "12:23",
        "12:43",
        "13:04",
        "13:28",
        "13:56",
        "14:27",
        "14:57",
        "15:28",
        "15:58",
        "16:28",
        "16:58",
        "17:28",
        "17:58",
        "18:26",
        "19:08",
        "19:26",
        "19:49",
        "20:22"
    ],
    "holiday": [
        "7:43",
        "8:15",
        "8:39",
        "9:00",
        "9:20",
        "9:35",
        "9:53",
        "10:14",
        "10:30",
        "10:43",
        "11:01",
        "11:21",
        "11:41",
        "12:02",
        "12:23",
        "12:43",
        "13:04",
        "13:28",
        "13:56",
        "14:27",
        "14:57",
        "15:28",
        "15:58",
        "16:28",
        "16:58",
        "17:28",
        "17:58",
        "18:26",
        "19:08",
        "19:26",
        "19:49",
        "20:22"
    ],
    "url": "https://www.kanachu.co.jp/dia/diagram/timetable01_js/course:0000803428-15/node:00102795/kt:0/lname:/"
}
