{
    "date": "2025/05/11",
    "name": "弘明寺",
    "position": "-",
    "system": "船20",
    "destinations": [
        "南小学校前(横浜市南区)",
        "向田橋",
        "越戸橋(横浜市港南区)",
        "最戸橋",
        "上大岡駅",
        "関の下",
        "笹下港南中央通り",
        "港南区総合庁舎前",
        "吉原(横浜市港南区)",
        "新吉原橋",
        "日野公園墓地入口",
        "日野中央公園入口",
        "日野小学校前(横浜市港南区)",
        "日野(横浜市港南区)",
        "清水橋(横浜市港南区)",
        "金井(横浜市港南区)",
        "藤ヶ沢",
        "港南車庫入口",
        "原(横浜市港南区)",
        "七曲",
        "鍛冶ヶ谷",
        "本郷石橋",
        "天神橋(横浜市栄区)",
        "栄警察署前",
        "公田",
        "鎌倉女子大前",
        "平島(鎌倉市)",
        "笠間十字路",
        "笠間町",
        "岩井口",
        "大船駅(横浜市栄区)"
    ],
    "weekday": [
        "7:43",
        "8:05",
        "8:34",
        "8:45",
        "9:00",
        "9:10",
        "9:20",
        "9:36",
        "9:46",
        "10:06",
        "10:28",
        "10:52",
        "11:16",
        "11:40",
        "12:04",
        "12:28",
        "12:52",
        "13:16",
        "13:40",
        "14:07",
        "14:28",
        "14:52",
        "15:16",
        "15:40",
        "16:04",
        "16:28",
        "16:52",
        "17:16",
        "17:40",
        "18:04",
        "18:28",
        "18:52",
        "19:17",
        "19:44",
        "20:02",
        "20:29",
        "20:50"
    ],
    "saturday": [
        "7:45",
        "8:17",
        "8:41",
        "9:02",
        "9:22",
        "9:37",
        "9:55",
        "10:17",
        "10:33",
        "10:46",
        "11:04",
        "11:24",
        "11:44",
        "12:05",
        "12:26",
        "12:46",
        "13:07",
        "13:31",
        "13:59",
        "14:30",
        "15:00",
        "15:31",
        "16:01",
        "16:31",
        "17:01",
        "17:31",
        "18:01",
        "18:29",
        "19:11",
        "19:29",
        "19:52",
        "20:25"
    ],
    "holiday": [
        "7:45",
        "8:17",
        "8:41",
        "9:02",
        "9:22",
        "9:37",
        "9:55",
        "10:17",
        "10:33",
        "10:46",
        "11:04",
        "11:24",
        "11:44",
        "12:05",
        "12:26",
        "12:46",
        "13:07",
        "13:31",
        "13:59",
        "14:30",
        "15:00",
        "15:31",
        "16:01",
        "16:31",
        "17:01",
        "17:31",
        "18:01",
        "18:29",
        "19:11",
        "19:29",
        "19:52",
        "20:25"
    ],
    "url": "https://www.kanachu.co.jp/dia/diagram/timetable01_js/course:0000803428-17/node:00102458/kt:0/lname:/"
}
