{
    "date": "2025/05/11",
    "name": "向田橋",
    "position": "-",
    "system": "船20",
    "destinations": [
        "越戸橋(横浜市港南区)",
        "最戸橋",
        "上大岡駅",
        "関の下",
        "笹下港南中央通り",
        "港南区総合庁舎前",
        "吉原(横浜市港南区)",
        "新吉原橋",
        "日野公園墓地入口",
        "日野中央公園入口",
        "日野小学校前(横浜市港南区)",
        "日野(横浜市港南区)",
        "清水橋(横浜市港南区)",
        "金井(横浜市港南区)",
        "藤ヶ沢",
        "港南車庫入口",
        "原(横浜市港南区)",
        "七曲",
        "鍛冶ヶ谷",
        "本郷石橋",
        "天神橋(横浜市栄区)",
        "栄警察署前",
        "公田",
        "鎌倉女子大前",
        "平島(鎌倉市)",
        "笠間十字路",
        "笠間町",
        "岩井口",
        "大船駅(横浜市栄区)"
    ],
    "weekday": [
        "7:46",
        "8:08",
        "8:37",
        "8:48",
        "9:03",
        "9:13",
        "9:23",
        "9:39",
        "9:49",
        "10:09",
        "10:31",
        "10:55",
        "11:19",
        "11:43",
        "12:07",
        "12:31",
        "12:55",
        "13:19",
        "13:43",
        "14:10",
        "14:31",
        "14:55",
        "15:19",
        "15:43",
        "16:07",
        "16:31",
        "16:55",
        "17:19",
        "17:43",
        "18:07",
        "18:31",
        "18:55",
        "19:20",
        "19:47",
        "20:05",
        "20:32",
        "20:53"
    ],
    "saturday": [
        "7:47",
        "8:19",
        "8:43",
        "9:04",
        "9:24",
        "9:39",
        "9:57",
        "10:20",
        "10:36",
        "10:49",
        "11:07",
        "11:27",
        "11:47",
        "12:08",
        "12:29",
        "12:49",
        "13:10",
        "13:34",
        "14:02",
        "14:33",
        "15:03",
        "15:34",
        "16:04",
        "16:34",
        "17:04",
        "17:34",
        "18:04",
        "18:32",
        "19:14",
        "19:32",
        "19:55",
        "20:28"
    ],
    "holiday": [
        "7:47",
        "8:19",
        "8:43",
        "9:04",
        "9:24",
        "9:39",
        "9:57",
        "10:20",
        "10:36",
        "10:49",
        "11:07",
        "11:27",
        "11:47",
        "12:08",
        "12:29",
        "12:49",
        "13:10",
        "13:34",
        "14:02",
        "14:33",
        "15:03",
        "15:34",
        "16:04",
        "16:34",
        "17:04",
        "17:34",
        "18:04",
        "18:32",
        "19:14",
        "19:32",
        "19:55",
        "20:28"
    ],
    "url": "https://www.kanachu.co.jp/dia/diagram/timetable01_js/course:0000803428-19/node:00103166/kt:0/lname:/"
}
