{
    "date": "2025/05/11",
    "name": "港南区総合庁舎前",
    "position": "-",
    "system": "船20",
    "destinations": [
        "吉原(横浜市港南区)",
        "新吉原橋",
        "日野公園墓地入口",
        "日野中央公園入口",
        "日野小学校前(横浜市港南区)",
        "日野(横浜市港南区)",
        "清水橋(横浜市港南区)",
        "金井(横浜市港南区)",
        "藤ヶ沢",
        "港南車庫入口",
        "原(横浜市港南区)",
        "七曲",
        "鍛冶ヶ谷",
        "本郷石橋",
        "天神橋(横浜市栄区)",
        "栄警察署前",
        "公田",
        "鎌倉女子大前",
        "平島(鎌倉市)",
        "笠間十字路",
        "笠間町",
        "岩井口",
        "大船駅(横浜市栄区)"
    ],
    "weekday": [
        "7:58",
        "8:20",
        "8:49",
        "9:00",
        "9:18",
        "9:28",
        "9:38",
        "9:54",
        "10:04",
        "10:24",
        "10:46",
        "11:10",
        "11:34",
        "11:58",
        "12:22",
        "12:46",
        "13:10",
        "13:34",
        "13:58",
        "14:25",
        "14:46",
        "15:10",
        "15:34",
        "15:58",
        "16:22",
        "16:46",
        "17:10",
        "17:36",
        "18:00",
        "18:24",
        "18:48",
        "19:12",
        "19:36",
        "20:03",
        "20:16",
        "20:43",
        "21:04"
    ],
    "saturday": [
        "8:01",
        "8:33",
        "8:57",
        "9:18",
        "9:38",
        "9:53",
        "10:11",
        "10:37",
        "10:53",
        "11:06",
        "11:24",
        "11:44",
        "12:04",
        "12:25",
        "12:46",
        "13:06",
        "13:27",
        "13:51",
        "14:19",
        "14:50",
        "15:20",
        "15:51",
        "16:21",
        "16:51",
        "17:21",
        "17:51",
        "18:21",
        "18:49",
        "19:29",
        "19:47",
        "20:09",
        "20:39"
    ],
    "holiday": [
        "8:01",
        "8:33",
        "8:57",
        "9:18",
        "9:38",
        "9:53",
        "10:11",
        "10:37",
        "10:53",
        "11:06",
        "11:24",
        "11:44",
        "12:04",
        "12:25",
        "12:46",
        "13:06",
        "13:27",
        "13:51",
        "14:19",
        "14:50",
        "15:20",
        "15:51",
        "16:21",
        "16:51",
        "17:21",
        "17:51",
        "18:21",
        "18:49",
        "19:29",
        "19:47",
        "20:09",
        "20:39"
    ],
    "url": "https://www.kanachu.co.jp/dia/diagram/timetable01_js/course:0000803428-25/node:00102499/kt:0/lname:/"
}
