{
    "date": "2025/05/11",
    "name": "吉原(横浜市港南区)",
    "position": "-",
    "system": "船20",
    "destinations": [
        "新吉原橋",
        "日野公園墓地入口",
        "日野中央公園入口",
        "日野小学校前(横浜市港南区)",
        "日野(横浜市港南区)",
        "清水橋(横浜市港南区)",
        "金井(横浜市港南区)",
        "藤ヶ沢",
        "港南車庫入口",
        "原(横浜市港南区)",
        "七曲",
        "鍛冶ヶ谷",
        "本郷石橋",
        "天神橋(横浜市栄区)",
        "栄警察署前",
        "公田",
        "鎌倉女子大前",
        "平島(鎌倉市)",
        "笠間十字路",
        "笠間町",
        "岩井口",
        "大船駅(横浜市栄区)"
    ],
    "weekday": [
        "7:59",
        "8:21",
        "8:50",
        "9:01",
        "9:19",
        "9:29",
        "9:39",
        "9:55",
        "10:05",
        "10:25",
        "10:47",
        "11:11",
        "11:35",
        "11:59",
        "12:23",
        "12:47",
        "13:11",
        "13:35",
        "13:59",
        "14:26",
        "14:47",
        "15:11",
        "15:35",
        "15:59",
        "16:23",
        "16:47",
        "17:11",
        "17:37",
        "18:01",
        "18:25",
        "18:49",
        "19:13",
        "19:37",
        "20:04",
        "20:17",
        "20:44",
        "21:05"
    ],
    "saturday": [
        "8:02",
        "8:34",
        "8:58",
        "9:19",
        "9:39",
        "9:54",
        "10:12",
        "10:38",
        "10:54",
        "11:07",
        "11:25",
        "11:45",
        "12:05",
        "12:26",
        "12:47",
        "13:07",
        "13:28",
        "13:52",
        "14:20",
        "14:51",
        "15:21",
        "15:52",
        "16:22",
        "16:52",
        "17:22",
        "17:52",
        "18:22",
        "18:50",
        "19:30",
        "19:48",
        "20:10",
        "20:40"
    ],
    "holiday": [
        "8:02",
        "8:34",
        "8:58",
        "9:19",
        "9:39",
        "9:54",
        "10:12",
        "10:38",
        "10:54",
        "11:07",
        "11:25",
        "11:45",
        "12:05",
        "12:26",
        "12:47",
        "13:07",
        "13:28",
        "13:52",
        "14:20",
        "14:51",
        "15:21",
        "15:52",
        "16:22",
        "16:52",
        "17:22",
        "17:52",
        "18:22",
        "18:50",
        "19:30",
        "19:48",
        "20:10",
        "20:40"
    ],
    "url": "https://www.kanachu.co.jp/dia/diagram/timetable01_js/course:0000803428-26/node:00103230/kt:0/lname:/"
}
