{
    "date": "2025/05/11",
    "name": "日野(横浜市港南区)",
    "position": "-",
    "system": "船20",
    "destinations": [
        "清水橋(横浜市港南区)",
        "金井(横浜市港南区)",
        "藤ヶ沢",
        "港南車庫入口",
        "原(横浜市港南区)",
        "七曲",
        "鍛冶ヶ谷",
        "本郷石橋",
        "天神橋(横浜市栄区)",
        "栄警察署前",
        "公田",
        "鎌倉女子大前",
        "平島(鎌倉市)",
        "笠間十字路",
        "笠間町",
        "岩井口",
        "大船駅(横浜市栄区)"
    ],
    "weekday": [
        "8:05",
        "8:27",
        "8:56",
        "9:07",
        "9:25",
        "9:35",
        "9:45",
        "10:01",
        "10:11",
        "10:31",
        "10:53",
        "11:17",
        "11:41",
        "12:05",
        "12:29",
        "12:53",
        "13:17",
        "13:41",
        "14:05",
        "14:32",
        "14:53",
        "15:17",
        "15:41",
        "16:05",
        "16:29",
        "16:53",
        "17:17",
        "17:43",
        "18:07",
        "18:31",
        "18:55",
        "19:19",
        "19:43",
        "20:10",
        "20:23",
        "20:50",
        "21:11"
    ],
    "saturday": [
        "8:08",
        "8:40",
        "9:04",
        "9:25",
        "9:45",
        "10:00",
        "10:18",
        "10:44",
        "11:00",
        "11:13",
        "11:31",
        "11:51",
        "12:11",
        "12:32",
        "12:53",
        "13:13",
        "13:34",
        "13:58",
        "14:26",
        "14:57",
        "15:27",
        "15:58",
        "16:28",
        "16:58",
        "17:28",
        "17:58",
        "18:28",
        "18:56",
        "19:36",
        "19:54",
        "20:16",
        "20:46"
    ],
    "holiday": [
        "8:08",
        "8:40",
        "9:04",
        "9:25",
        "9:45",
        "10:00",
        "10:18",
        "10:44",
        "11:00",
        "11:13",
        "11:31",
        "11:51",
        "12:11",
        "12:32",
        "12:53",
        "13:13",
        "13:34",
        "13:58",
        "14:26",
        "14:57",
        "15:27",
        "15:58",
        "16:28",
        "16:58",
        "17:28",
        "17:58",
        "18:28",
        "18:56",
        "19:36",
        "19:54",
        "20:16",
        "20:46"
    ],
    "url": "https://www.kanachu.co.jp/dia/diagram/timetable01_js/course:0000803428-31/node:00102954/kt:0/lname:/"
}
