{
    "date": "2025/05/11",
    "name": "金井(横浜市港南区)",
    "position": "-",
    "system": "船20",
    "destinations": [
        "藤ヶ沢",
        "港南車庫入口",
        "原(横浜市港南区)",
        "七曲",
        "鍛冶ヶ谷",
        "本郷石橋",
        "天神橋(横浜市栄区)",
        "栄警察署前",
        "公田",
        "鎌倉女子大前",
        "平島(鎌倉市)",
        "笠間十字路",
        "笠間町",
        "岩井口",
        "大船駅(横浜市栄区)"
    ],
    "weekday": [
        "8:08",
        "8:30",
        "8:59",
        "9:10",
        "9:28",
        "9:38",
        "9:48",
        "10:04",
        "10:14",
        "10:34",
        "10:56",
        "11:20",
        "11:44",
        "12:08",
        "12:32",
        "12:56",
        "13:20",
        "13:44",
        "14:08",
        "14:35",
        "14:56",
        "15:20",
        "15:44",
        "16:08",
        "16:32",
        "16:56",
        "17:20",
        "17:46",
        "18:10",
        "18:34",
        "18:58",
        "19:22",
        "19:46",
        "20:12",
        "20:25",
        "20:52",
        "21:13"
    ],
    "saturday": [
        "8:11",
        "8:43",
        "9:07",
        "9:28",
        "9:48",
        "10:03",
        "10:21",
        "10:47",
        "11:03",
        "11:16",
        "11:34",
        "11:54",
        "12:14",
        "12:35",
        "12:56",
        "13:16",
        "13:37",
        "14:01",
        "14:29",
        "15:00",
        "15:30",
        "16:01",
        "16:31",
        "17:01",
        "17:31",
        "18:01",
        "18:31",
        "18:59",
        "19:39",
        "19:57",
        "20:18",
        "20:48"
    ],
    "holiday": [
        "8:11",
        "8:43",
        "9:07",
        "9:28",
        "9:48",
        "10:03",
        "10:21",
        "10:47",
        "11:03",
        "11:16",
        "11:34",
        "11:54",
        "12:14",
        "12:35",
        "12:56",
        "13:16",
        "13:37",
        "14:01",
        "14:29",
        "15:00",
        "15:30",
        "16:01",
        "16:31",
        "17:01",
        "17:31",
        "18:01",
        "18:31",
        "18:59",
        "19:39",
        "19:57",
        "20:18",
        "20:48"
    ],
    "url": "https://www.kanachu.co.jp/dia/diagram/timetable01_js/course:0000803428-33/node:00102359/kt:0/lname:/"
}
