{
    "date": "2025/05/11",
    "name": "原(横浜市港南区)",
    "position": "-",
    "system": "船20",
    "destinations": [
        "七曲",
        "鍛冶ヶ谷",
        "本郷石橋",
        "天神橋(横浜市栄区)",
        "栄警察署前",
        "公田",
        "鎌倉女子大前",
        "平島(鎌倉市)",
        "笠間十字路",
        "笠間町",
        "岩井口",
        "大船駅(横浜市栄区)"
    ],
    "weekday": [
        "8:11",
        "8:33",
        "9:02",
        "9:13",
        "9:31",
        "9:41",
        "9:51",
        "10:07",
        "10:17",
        "10:37",
        "10:59",
        "11:23",
        "11:47",
        "12:11",
        "12:35",
        "12:59",
        "13:23",
        "13:47",
        "14:11",
        "14:38",
        "14:59",
        "15:23",
        "15:47",
        "16:11",
        "16:35",
        "16:59",
        "17:23",
        "17:49",
        "18:13",
        "18:37",
        "19:01",
        "19:25",
        "19:49",
        "20:15",
        "20:28",
        "20:55",
        "21:16"
    ],
    "saturday": [
        "8:14",
        "8:46",
        "9:10",
        "9:31",
        "9:51",
        "10:06",
        "10:24",
        "10:50",
        "11:06",
        "11:19",
        "11:37",
        "11:57",
        "12:17",
        "12:38",
        "12:59",
        "13:19",
        "13:40",
        "14:04",
        "14:32",
        "15:03",
        "15:33",
        "16:04",
        "16:34",
        "17:04",
        "17:34",
        "18:04",
        "18:34",
        "19:02",
        "19:42",
        "20:00",
        "20:21",
        "20:51"
    ],
    "holiday": [
        "8:14",
        "8:46",
        "9:10",
        "9:31",
        "9:51",
        "10:06",
        "10:24",
        "10:50",
        "11:06",
        "11:19",
        "11:37",
        "11:57",
        "12:17",
        "12:38",
        "12:59",
        "13:19",
        "13:40",
        "14:04",
        "14:32",
        "15:03",
        "15:33",
        "16:04",
        "16:34",
        "17:04",
        "17:34",
        "18:04",
        "18:34",
        "19:02",
        "19:42",
        "20:00",
        "20:21",
        "20:51"
    ],
    "url": "https://www.kanachu.co.jp/dia/diagram/timetable01_js/course:0000803428-36/node:00126554/kt:0/lname:/"
}
