{
    "date": "2025/05/11",
    "name": "鍛冶ヶ谷",
    "position": "-",
    "system": "船20",
    "destinations": [
        "本郷石橋",
        "天神橋(横浜市栄区)",
        "栄警察署前",
        "公田",
        "鎌倉女子大前",
        "平島(鎌倉市)",
        "笠間十字路",
        "笠間町",
        "岩井口",
        "大船駅(横浜市栄区)"
    ],
    "weekday": [
        "8:14",
        "8:36",
        "9:05",
        "9:16",
        "9:34",
        "9:44",
        "9:54",
        "10:10",
        "10:20",
        "10:40",
        "11:02",
        "11:26",
        "11:50",
        "12:14",
        "12:38",
        "13:02",
        "13:26",
        "13:50",
        "14:14",
        "14:41",
        "15:02",
        "15:26",
        "15:50",
        "16:14",
        "16:38",
        "17:02",
        "17:26",
        "17:52",
        "18:16",
        "18:40",
        "19:04",
        "19:28",
        "19:52",
        "20:18",
        "20:31",
        "20:58",
        "21:19"
    ],
    "saturday": [
        "8:17",
        "8:49",
        "9:13",
        "9:34",
        "9:54",
        "10:09",
        "10:27",
        "10:53",
        "11:09",
        "11:22",
        "11:40",
        "12:00",
        "12:20",
        "12:41",
        "13:02",
        "13:22",
        "13:43",
        "14:07",
        "14:35",
        "15:06",
        "15:36",
        "16:07",
        "16:37",
        "17:07",
        "17:37",
        "18:07",
        "18:37",
        "19:05",
        "19:45",
        "20:03",
        "20:24",
        "20:54"
    ],
    "holiday": [
        "8:17",
        "8:49",
        "9:13",
        "9:34",
        "9:54",
        "10:09",
        "10:27",
        "10:53",
        "11:09",
        "11:22",
        "11:40",
        "12:00",
        "12:20",
        "12:41",
        "13:02",
        "13:22",
        "13:43",
        "14:07",
        "14:35",
        "15:06",
        "15:36",
        "16:07",
        "16:37",
        "17:07",
        "17:37",
        "18:07",
        "18:37",
        "19:05",
        "19:45",
        "20:03",
        "20:24",
        "20:54"
    ],
    "url": "https://www.kanachu.co.jp/dia/diagram/timetable01_js/course:0000803428-38/node:00126551/kt:0/lname:/"
}
