{
    "date": "2025/05/11",
    "name": "岩井口",
    "position": "-",
    "system": "船20",
    "destinations": [
        "大船駅(横浜市栄区)"
    ],
    "weekday": [
        "8:25",
        "8:47",
        "9:15",
        "9:26",
        "9:44",
        "9:54",
        "10:04",
        "10:20",
        "10:30",
        "10:50",
        "11:12",
        "11:36",
        "12:00",
        "12:24",
        "12:48",
        "13:12",
        "13:36",
        "14:00",
        "14:24",
        "14:51",
        "15:12",
        "15:36",
        "16:00",
        "16:24",
        "16:48",
        "17:13",
        "17:37",
        "18:03",
        "18:27",
        "18:51",
        "19:15",
        "19:39",
        "20:03",
        "20:28",
        "20:41",
        "21:08",
        "21:29"
    ],
    "saturday": [
        "8:28",
        "9:00",
        "9:24",
        "9:45",
        "10:05",
        "10:20",
        "10:38",
        "11:04",
        "11:20",
        "11:33",
        "11:51",
        "12:11",
        "12:31",
        "12:52",
        "13:13",
        "13:33",
        "13:54",
        "14:18",
        "14:46",
        "15:17",
        "15:47",
        "16:18",
        "16:48",
        "17:18",
        "17:48",
        "18:18",
        "18:48",
        "19:15",
        "19:55",
        "20:13",
        "20:34",
        "21:04"
    ],
    "holiday": [
        "8:28",
        "9:00",
        "9:24",
        "9:45",
        "10:05",
        "10:20",
        "10:38",
        "11:04",
        "11:20",
        "11:33",
        "11:51",
        "12:11",
        "12:31",
        "12:52",
        "13:13",
        "13:33",
        "13:54",
        "14:18",
        "14:46",
        "15:17",
        "15:47",
        "16:18",
        "16:48",
        "17:18",
        "17:48",
        "18:18",
        "18:48",
        "19:15",
        "19:55",
        "20:13",
        "20:34",
        "21:04"
    ],
    "url": "https://www.kanachu.co.jp/dia/diagram/timetable01_js/course:0000803428-47/node:00126501/kt:0/lname:/"
}
