{
    "date": "2022/12/17",
    "name": "本村(茅ケ崎市)",
    "position": "-",
    "system": "茅16",
    "destinations": [
        "茅ヶ崎駅"
    ],
    "weekday": [
        "5:38",
        "6:18",
        "6:32",
        "7:40",
        "11:05",
        "12:58"
    ],
    "saturday": [
        "6:30",
        "7:00",
        "7:30",
        "8:25",
        "9:15",
        "11:40",
        "14:00",
        "15:30"
    ],
    "holiday": [
        "6:30",
        "7:00",
        "7:30",
        "8:25",
        "9:15",
        "11:40",
        "14:00",
        "15:30"
    ],
    "url": "https://www.kanachu.co.jp/dia/diagram/timetable01_js/course:0000800946-10/node:00127127/kt:0/lname:/"
}
