{
    "date": "2025/10/06",
    "name": "阿津",
    "position": "-",
    "system": "湖28",
    "destinations": [
        "下阿津",
        "若柳",
        "桂橋(相模原市緑区)",
        "赤馬",
        "津久井やまゆり園前",
        "宿村",
        "千木良診療所前",
        "千木良小学校前",
        "千木良",
        "底沢",
        "小原(相模原市緑区)",
        "平野(相模原市緑区)",
        "北相中学校前",
        "桂北小学校前",
        "相模湖駅"
    ],
    "weekday": [
        "6:27",
        "7:24",
        "8:08",
        "9:10",
        "10:15",
        "11:25",
        "12:22",
        "13:01",
        "14:01",
        "15:06",
        "16:10",
        "17:08",
        "18:05",
        "19:07"
    ],
    "saturday": [
        "6:31",
        "7:24",
        "8:24",
        "9:56",
        "11:47",
        "12:42",
        "13:52",
        "14:52",
        "16:10",
        "17:11",
        "18:06",
        "19:33"
    ],
    "holiday": [
        "6:31",
        "7:24",
        "8:24",
        "9:56",
        "11:47",
        "12:42",
        "13:52",
        "14:52",
        "16:10",
        "17:11",
        "18:06",
        "19:33"
    ],
    "url": "https://www.kanachu.co.jp/dia/diagram/timetable01_js/course:0000803765-7/node:00128908/kt:0/lname:/"
}
