{
    "date": "2025/10/06",
    "name": "小原(相模原市緑区)",
    "position": "-",
    "system": "湖28",
    "destinations": [
        "平野(相模原市緑区)",
        "北相中学校前",
        "桂北小学校前",
        "相模湖駅"
    ],
    "weekday": [
        "6:36",
        "7:33",
        "8:17",
        "9:19",
        "10:24",
        "11:34",
        "12:31",
        "13:10",
        "14:10",
        "15:15",
        "16:19",
        "17:17",
        "18:14",
        "19:16"
    ],
    "saturday": [
        "6:40",
        "7:33",
        "8:33",
        "10:05",
        "11:56",
        "12:51",
        "14:01",
        "15:01",
        "16:19",
        "17:20",
        "18:15",
        "19:42"
    ],
    "holiday": [
        "6:40",
        "7:33",
        "8:33",
        "10:05",
        "11:56",
        "12:51",
        "14:01",
        "15:01",
        "16:19",
        "17:20",
        "18:15",
        "19:42"
    ],
    "url": "https://www.kanachu.co.jp/dia/diagram/timetable01_js/course:0000803765-18/node:00128922/kt:0/lname:/"
}
