{
    "date": "2025/10/06",
    "name": "平野(相模原市緑区)",
    "position": "-",
    "system": "湖28",
    "destinations": [
        "北相中学校前",
        "桂北小学校前",
        "相模湖駅"
    ],
    "weekday": [
        "6:37",
        "7:34",
        "8:18",
        "9:20",
        "10:25",
        "11:35",
        "12:32",
        "13:11",
        "14:11",
        "15:16",
        "16:20",
        "17:18",
        "18:15",
        "19:17"
    ],
    "saturday": [
        "6:41",
        "7:34",
        "8:34",
        "10:06",
        "11:57",
        "12:52",
        "14:02",
        "15:02",
        "16:20",
        "17:21",
        "18:16",
        "19:43"
    ],
    "holiday": [
        "6:41",
        "7:34",
        "8:34",
        "10:06",
        "11:57",
        "12:52",
        "14:02",
        "15:02",
        "16:20",
        "17:21",
        "18:16",
        "19:43"
    ],
    "url": "https://www.kanachu.co.jp/dia/diagram/timetable01_js/course:0000803765-19/node:00128921/kt:0/lname:/"
}
