{
    "date": "2024/03/16",
    "name": "町田市役所市民ホール前",
    "position": "",
    "system": "町18",
    "destinations": [
        "第四小学校前(町田市)",
        "中町二丁目",
        "旭町(町田市)",
        "町田市民病院",
        "五間道路",
        "図書館前(町田市)",
        "中町一丁目(町田市)",
        "原町田五丁目",
        "原町田四丁目",
        "町田ターミナル前",
        "町田バスセンター"
    ],
    "weekday": [
        "7:47",
        "8:27",
        "9:07",
        "9:42",
        "10:22",
        "10:57",
        "11:32",
        "12:07",
        "12:47",
        "13:22",
        "13:57",
        "14:32",
        "15:07",
        "15:47",
        "16:27"
    ],
    "saturday": [],
    "holiday": [],
    "url": "https://www.kanachu.co.jp/dia/diagram/timetable01_js/course:0000803493-2/node:00129356/kt:0/lname:/"
}
