{
    "date": "2024/03/16",
    "name": "原町田五丁目",
    "position": "",
    "system": "町18",
    "destinations": [
        "原町田四丁目",
        "町田ターミナル前",
        "町田バスセンター"
    ],
    "weekday": [
        "8:02",
        "8:42",
        "9:22",
        "9:57",
        "10:37",
        "11:12",
        "11:47",
        "12:22",
        "13:02",
        "13:37",
        "14:12",
        "14:47",
        "15:22",
        "16:02",
        "16:42"
    ],
    "saturday": [],
    "holiday": [],
    "url": "https://www.kanachu.co.jp/dia/diagram/timetable01_js/course:0000803493-10/node:00129464/kt:0/lname:/"
}
