{
    "date": "2024/10/01",
    "name": "竹山団地入口",
    "position": "-",
    "system": "",
    "destinations": [
        "幼稚園前(横浜市緑区)",
        "竹山団地中央",
        "竹山団地"
    ],
    "weekday": [
        "6:12",
        "6:27",
        "6:42",
        "6:53",
        "7:05",
        "7:13",
        "7:23",
        "7:35",
        "7:53",
        "8:03",
        "8:15",
        "8:39",
        "8:48",
        "9:18",
        "9:33",
        "10:03",
        "10:55",
        "11:12",
        "11:30",
        "11:45",
        "12:04",
        "12:25",
        "12:45",
        "13:04",
        "13:22",
        "13:42",
        "14:02",
        "14:25",
        "15:04",
        "15:27",
        "15:47",
        "16:07",
        "16:25",
        "16:45",
        "17:04",
        "17:37",
        "17:47",
        "17:57",
        "18:06",
        "18:29",
        "18:41",
        "18:53",
        "19:08",
        "19:20",
        "19:34",
        "19:45",
        "19:58",
        "20:13",
        "20:53",
        "21:26",
        "21:58",
        "22:23",
        "22:53",
        "23:23"
    ],
    "saturday": [
        "6:27",
        "6:57",
        "7:15",
        "7:35",
        "7:55",
        "8:15",
        "8:33",
        "9:03",
        "9:12",
        "9:27",
        "9:42",
        "9:57",
        "10:12",
        "10:27",
        "10:44",
        "11:04",
        "11:21",
        "12:01",
        "12:20",
        "12:41",
        "13:01",
        "13:21",
        "13:47",
        "14:21",
        "14:41",
        "15:01",
        "15:21",
        "16:01",
        "16:21",
        "16:41",
        "17:21",
        "17:41",
        "18:01",
        "18:41",
        "19:01",
        "19:21",
        "20:01",
        "20:21",
        "21:01",
        "21:27",
        "22:02",
        "22:32"
    ],
    "holiday": [
        "7:02",
        "7:30",
        "7:55",
        "8:15",
        "8:33",
        "8:56",
        "9:16",
        "9:36",
        "9:56",
        "10:20",
        "11:01",
        "11:21",
        "12:01",
        "12:20",
        "12:41",
        "13:01",
        "13:21",
        "13:47",
        "14:21",
        "14:41",
        "15:01",
        "15:21",
        "16:01",
        "16:21",
        "16:41",
        "17:21",
        "17:41",
        "18:01",
        "18:41",
        "19:01",
        "19:21",
        "20:01",
        "20:21",
        "21:01",
        "21:37"
    ],
    "url": "https://www.kanachu.co.jp/dia/diagram/timetable01_js/course:0000802193-4/node:00102700/kt:0/lname:/"
}
