{
    "date": "2025/11/16",
    "name": "王御住グランド前",
    "position": "-",
    "system": "伊19",
    "destinations": [
        "岡崎城址入口",
        "大句",
        "城所入口",
        "矢羽根",
        "馬渡(伊勢原市)",
        "下大竹",
        "伊勢原中学校前",
        "伊勢原駅南口"
    ],
    "weekday": [
        "5:43",
        "6:06",
        "6:26",
        "7:01",
        "7:11",
        "7:38",
        "8:03",
        "8:48",
        "16:33",
        "17:33"
    ],
    "saturday": [
        "6:13",
        "7:13",
        "9:13",
        "10:33",
        "11:33",
        "16:43"
    ],
    "holiday": [
        "6:43",
        "7:13",
        "8:13",
        "9:13",
        "10:33",
        "11:33",
        "16:43"
    ],
    "url": "https://www.kanachu.co.jp/dia/diagram/timetable01_js/course:0000800487-4/node:00128217/kt:0/lname:/"
}
