{
    "date": "2025/11/16",
    "name": "岡崎城址入口",
    "position": "-",
    "system": "伊19",
    "destinations": [
        "大句",
        "城所入口",
        "矢羽根",
        "馬渡(伊勢原市)",
        "下大竹",
        "伊勢原中学校前",
        "伊勢原駅南口"
    ],
    "weekday": [
        "5:44",
        "6:07",
        "6:27",
        "7:02",
        "7:12",
        "7:39",
        "8:04",
        "8:49",
        "16:34",
        "17:34"
    ],
    "saturday": [
        "6:14",
        "7:14",
        "9:14",
        "10:34",
        "11:34",
        "16:44"
    ],
    "holiday": [
        "6:44",
        "7:14",
        "8:14",
        "9:14",
        "10:34",
        "11:34",
        "16:44"
    ],
    "url": "https://www.kanachu.co.jp/dia/diagram/timetable01_js/course:0000800487-5/node:00128218/kt:0/lname:/"
}
