{
    "date": "2025/12/01",
    "name": "大江工業前",
    "position": "-",
    "system": "ー",
    "destinations": [
        "ふじみ園前",
        "前鳥神社前",
        "大念寺前",
        "東真土",
        "真土",
        "大野農協前",
        "西真土",
        "大野中学校前",
        "東中原住宅",
        "伊勢山(平塚市)",
        "中原中宿",
        "中原東(平塚市)",
        "総合公園前(平塚市)",
        "共済病院前総合公園西",
        "江南高校前",
        "南原土手",
        "市民病院前(平塚市)"
    ],
    "weekday": [
        "7:20"
    ],
    "saturday": [],
    "holiday": [],
    "url": "https://www.kanachu.co.jp/dia/diagram/timetable01_js/course:0000803937-7/node:00127659/kt:0/lname:/"
}
