{
    "date": "2025/10/20",
    "name": "原町田三丁目",
    "position": "-",
    "system": "町87",
    "destinations": [
        "三塚",
        "南橋(町田市)",
        "金森郵便局前",
        "金森",
        "市営住宅入口(町田市)",
        "南中学校前(町田市)",
        "金森四丁目",
        "南農協前",
        "町谷原",
        "南町谷原",
        "小川原",
        "町田辻",
        "大ヶ谷戸(町田市)",
        "円成寺前",
        "坂下(鶴間/町田市)",
        "観音寺前(大和市)",
        "下鶴間",
        "諏訪神社",
        "山王原(大和市)",
        "長堀公園前",
        "鶴間二丁目",
        "鶴間駅東口"
    ],
    "weekday": [
        "9:44",
        "10:44",
        "11:44",
        "12:44",
        "13:44",
        "14:44",
        "15:44",
        "16:44",
        "17:38"
    ],
    "saturday": [
        "9:44",
        "10:44",
        "11:44",
        "12:44",
        "13:44",
        "14:44",
        "15:44",
        "16:44",
        "17:44"
    ],
    "holiday": [
        "9:08",
        "10:08",
        "11:08",
        "12:08",
        "13:08",
        "14:08",
        "15:08",
        "16:08",
        "17:08"
    ],
    "url": "https://www.kanachu.co.jp/dia/diagram/timetable01_js/course:0000803916-4/node:00129546/kt:0/lname:/"
}
