{
    "date": "2025/10/20",
    "name": "大ヶ谷戸(町田市)",
    "position": "-",
    "system": "町87",
    "destinations": [
        "円成寺前",
        "坂下(鶴間/町田市)",
        "観音寺前(大和市)",
        "下鶴間",
        "諏訪神社",
        "山王原(大和市)",
        "長堀公園前",
        "鶴間二丁目",
        "鶴間駅東口"
    ],
    "weekday": [
        "10:03",
        "11:03",
        "12:03",
        "13:03",
        "14:03",
        "15:03",
        "16:03",
        "17:03",
        "17:57"
    ],
    "saturday": [
        "10:03",
        "11:03",
        "12:03",
        "13:03",
        "14:03",
        "15:03",
        "16:03",
        "17:03",
        "18:03"
    ],
    "holiday": [
        "9:25",
        "10:25",
        "11:25",
        "12:27",
        "13:27",
        "14:27",
        "15:27",
        "16:27",
        "17:27"
    ],
    "url": "https://www.kanachu.co.jp/dia/diagram/timetable01_js/course:0000803916-17/node:00129531/kt:0/lname:/"
}
