{
    "date": "2025/10/20",
    "name": "山王原(大和市)",
    "position": "-",
    "system": "町87",
    "destinations": [
        "長堀公園前",
        "鶴間二丁目",
        "鶴間駅東口"
    ],
    "weekday": [
        "10:11",
        "11:11",
        "12:11",
        "13:11",
        "14:11",
        "15:11",
        "16:11",
        "17:11",
        "18:05"
    ],
    "saturday": [
        "10:11",
        "11:11",
        "12:11",
        "13:11",
        "14:11",
        "15:11",
        "16:11",
        "17:11",
        "18:11"
    ],
    "holiday": [
        "9:33",
        "10:33",
        "11:33",
        "12:35",
        "13:35",
        "14:35",
        "15:35",
        "16:35",
        "17:35"
    ],
    "url": "https://www.kanachu.co.jp/dia/diagram/timetable01_js/course:0000803916-23/node:00129526/kt:0/lname:/"
}
