{
    "date": "2025/10/20",
    "name": "長堀公園前",
    "position": "-",
    "system": "町87",
    "destinations": [
        "鶴間二丁目",
        "鶴間駅東口"
    ],
    "weekday": [
        "10:13",
        "11:13",
        "12:13",
        "13:13",
        "14:13",
        "15:13",
        "16:13",
        "17:13",
        "18:07"
    ],
    "saturday": [
        "10:13",
        "11:13",
        "12:13",
        "13:13",
        "14:13",
        "15:13",
        "16:13",
        "17:13",
        "18:13"
    ],
    "holiday": [
        "9:35",
        "10:35",
        "11:35",
        "12:37",
        "13:37",
        "14:37",
        "15:37",
        "16:37",
        "17:37"
    ],
    "url": "https://www.kanachu.co.jp/dia/diagram/timetable01_js/course:0000803916-24/node:00130537/kt:0/lname:/"
}
