{
    "date": "2026/01/16",
    "name": "北一号(町田市)",
    "position": "-",
    "system": "古02",
    "destinations": [
        "給水塔前(山崎団地/町田市)",
        "山崎団地センター",
        "山崎団地入口",
        "木曽入口",
        "上横町",
        "境川団地",
        "境川団地中央",
        "鹿島神社入口",
        "古淵駅"
    ],
    "weekday": [
        "6:12",
        "6:42",
        "7:02",
        "7:27",
        "7:52",
        "8:18",
        "8:42",
        "9:09",
        "10:07",
        "11:07",
        "12:07",
        "13:07",
        "14:07",
        "15:07",
        "16:07",
        "17:07",
        "18:02",
        "18:52",
        "19:47",
        "20:47"
    ],
    "saturday": [
        "6:42",
        "7:03",
        "7:42",
        "8:22",
        "8:47",
        "9:32",
        "10:51",
        "11:47",
        "12:47",
        "15:47",
        "16:47",
        "17:47",
        "18:47"
    ],
    "holiday": [
        "8:02",
        "9:22",
        "10:47",
        "12:27",
        "14:07",
        "14:57"
    ],
    "url": "https://www.kanachu.co.jp/dia/diagram/timetable01_js/course:0000804035-3/node:00129390/kt:0/lname:/"
}
