{
    "date": "2026/01/16",
    "name": "木曽入口",
    "position": "-",
    "system": "古02",
    "destinations": [
        "上横町",
        "境川団地",
        "境川団地中央",
        "鹿島神社入口",
        "古淵駅"
    ],
    "weekday": [
        "6:18",
        "6:48",
        "7:08",
        "7:33",
        "7:58",
        "8:24",
        "8:48",
        "9:15",
        "10:13",
        "11:13",
        "12:13",
        "13:13",
        "14:13",
        "15:13",
        "16:13",
        "17:13",
        "18:08",
        "18:58",
        "19:53",
        "20:53"
    ],
    "saturday": [
        "6:48",
        "7:09",
        "7:48",
        "8:28",
        "8:53",
        "9:38",
        "10:57",
        "11:53",
        "12:53",
        "15:53",
        "16:53",
        "17:53",
        "18:53"
    ],
    "holiday": [
        "8:08",
        "9:28",
        "10:53",
        "12:33",
        "14:13",
        "15:03"
    ],
    "url": "https://www.kanachu.co.jp/dia/diagram/timetable01_js/course:0000804035-7/node:00129386/kt:0/lname:/"
}
