{
    "date": "2026/01/16",
    "name": "上横町",
    "position": "-",
    "system": "古02",
    "destinations": [
        "境川団地",
        "境川団地中央",
        "鹿島神社入口",
        "古淵駅"
    ],
    "weekday": [
        "6:19",
        "6:49",
        "7:09",
        "7:34",
        "7:59",
        "8:25",
        "8:49",
        "9:17",
        "10:15",
        "11:15",
        "12:15",
        "13:15",
        "14:15",
        "15:15",
        "16:14",
        "17:14",
        "18:09",
        "18:59",
        "19:54",
        "20:54"
    ],
    "saturday": [
        "6:49",
        "7:10",
        "7:49",
        "8:29",
        "8:54",
        "9:39",
        "10:58",
        "11:54",
        "12:54",
        "15:54",
        "16:54",
        "17:54",
        "18:54"
    ],
    "holiday": [
        "8:09",
        "9:29",
        "10:54",
        "12:34",
        "14:14",
        "15:04"
    ],
    "url": "https://www.kanachu.co.jp/dia/diagram/timetable01_js/course:0000804035-8/node:00129385/kt:0/lname:/"
}
