{
    "date": "2026/01/16",
    "name": "境川団地中央",
    "position": "-",
    "system": "古02",
    "destinations": [
        "鹿島神社入口",
        "古淵駅"
    ],
    "weekday": [
        "6:21",
        "6:51",
        "7:11",
        "7:36",
        "8:01",
        "8:27",
        "8:51",
        "9:19",
        "10:17",
        "11:17",
        "12:17",
        "13:17",
        "14:17",
        "15:17",
        "16:16",
        "17:16",
        "18:11",
        "19:01",
        "19:56",
        "20:56"
    ],
    "saturday": [
        "6:51",
        "7:12",
        "7:51",
        "8:31",
        "8:56",
        "9:41",
        "11:00",
        "11:56",
        "12:56",
        "15:56",
        "16:56",
        "17:56",
        "18:56"
    ],
    "holiday": [
        "8:11",
        "9:31",
        "10:56",
        "12:36",
        "14:16",
        "15:06"
    ],
    "url": "https://www.kanachu.co.jp/dia/diagram/timetable01_js/course:0000804035-10/node:00129381/kt:0/lname:/"
}
