{
    "date": "2025/04/01",
    "name": "鶴川駅",
    "position": "-",
    "system": "鶴10",
    "destinations": [
        "妙行寺前",
        "藤の木(町田市)",
        "悠々園前",
        "千都の杜中央",
        "能ヶ谷神社下",
        "能ヶ谷二丁目",
        "鶴川駅"
    ],
    "weekday": [
        "6:12",
        "7:12",
        "8:12",
        "9:12",
        "10:12",
        "11:12",
        "12:12",
        "13:12",
        "14:12",
        "15:12",
        "16:15",
        "17:15",
        "18:15",
        "19:15",
        "20:15",
        "21:15"
    ],
    "saturday": [
        "7:03",
        "8:03",
        "9:03",
        "10:03",
        "11:03",
        "12:03",
        "13:03",
        "14:03",
        "15:03",
        "16:03",
        "17:03",
        "18:03",
        "19:03",
        "20:03"
    ],
    "holiday": [
        "7:03",
        "8:03",
        "9:03",
        "10:03",
        "11:03",
        "12:03",
        "13:03",
        "14:03",
        "15:03",
        "16:03",
        "17:03",
        "18:03",
        "19:03",
        "20:03"
    ],
    "url": "https://www.kanachu.co.jp/dia/diagram/timetable01_js/course:0000803453-1/node:00049296/kt:0/lname:/"
}
