{
    "date": "2025/04/01",
    "name": "藤の木(町田市)",
    "position": "-",
    "system": "鶴10",
    "destinations": [
        "悠々園前",
        "千都の杜中央",
        "能ヶ谷神社下",
        "能ヶ谷二丁目",
        "鶴川駅"
    ],
    "weekday": [
        "6:15",
        "7:15",
        "8:15",
        "9:15",
        "10:15",
        "11:15",
        "12:15",
        "13:15",
        "14:15",
        "15:15",
        "16:18",
        "17:18",
        "18:18",
        "19:18",
        "20:18",
        "21:18"
    ],
    "saturday": [
        "7:06",
        "8:06",
        "9:06",
        "10:06",
        "11:06",
        "12:06",
        "13:06",
        "14:06",
        "15:06",
        "16:06",
        "17:06",
        "18:06",
        "19:06",
        "20:06"
    ],
    "holiday": [
        "7:06",
        "8:06",
        "9:06",
        "10:06",
        "11:06",
        "12:06",
        "13:06",
        "14:06",
        "15:06",
        "16:06",
        "17:06",
        "18:06",
        "19:06",
        "20:06"
    ],
    "url": "https://www.kanachu.co.jp/dia/diagram/timetable01_js/course:0000803453-3/node:00049311/kt:0/lname:/"
}
