{
    "date": "2026/01/16",
    "name": "寿町(相模原市緑区)",
    "position": "-",
    "system": "橋78",
    "destinations": [
        "寿橋",
        "久保ヶ谷戸",
        "坂下(16号側/町田市)",
        "リーフィア町田小山ヶ丘",
        "多摩美大坂上",
        "多摩美大東",
        "多摩美術大学(八王子市)"
    ],
    "weekday": [
        "11:13",
        "12:13",
        "13:13",
        "14:13",
        "15:13",
        "16:13",
        "17:36",
        "18:26",
        "19:01",
        "20:06",
        "20:56"
    ],
    "saturday": [
        "11:13",
        "12:16",
        "13:13",
        "14:13",
        "15:13",
        "16:11",
        "17:01",
        "18:21",
        "19:26",
        "20:11"
    ],
    "holiday": [
        "11:13",
        "12:16",
        "13:13",
        "14:13",
        "15:13",
        "16:11",
        "17:01",
        "18:11",
        "19:11",
        "20:11"
    ],
    "url": "https://www.kanachu.co.jp/dia/diagram/timetable01_js/course:0000804067-3/node:00128991/kt:0/lname:/"
}
