{
    "date": "2026/01/16",
    "name": "リーフィア町田小山ヶ丘",
    "position": "-",
    "system": "橋78",
    "destinations": [
        "多摩美大坂上",
        "多摩美大東",
        "多摩美術大学(八王子市)"
    ],
    "weekday": [
        "11:20",
        "12:20",
        "13:20",
        "14:20",
        "15:20",
        "16:20",
        "17:43",
        "18:33",
        "19:08",
        "20:13",
        "21:03"
    ],
    "saturday": [
        "11:20",
        "12:23",
        "13:20",
        "14:20",
        "15:20",
        "16:18",
        "17:08",
        "18:28",
        "19:33",
        "20:18"
    ],
    "holiday": [
        "11:20",
        "12:23",
        "13:20",
        "14:20",
        "15:20",
        "16:18",
        "17:08",
        "18:18",
        "19:18",
        "20:18"
    ],
    "url": "https://www.kanachu.co.jp/dia/diagram/timetable01_js/course:0000804067-7/node:00130223/kt:0/lname:/"
}
