{
    "date": "2026/01/16",
    "name": "多摩美大東",
    "position": "-",
    "system": "橋78",
    "destinations": [
        "多摩美術大学(八王子市)"
    ],
    "weekday": [
        "11:21",
        "12:21",
        "13:21",
        "14:21",
        "15:21",
        "16:21",
        "17:44",
        "18:34",
        "19:09",
        "20:14",
        "21:04"
    ],
    "saturday": [
        "11:21",
        "12:24",
        "13:21",
        "14:21",
        "15:21",
        "16:19",
        "17:09",
        "18:29",
        "19:34",
        "20:19"
    ],
    "holiday": [
        "11:21",
        "12:24",
        "13:21",
        "14:21",
        "15:21",
        "16:19",
        "17:09",
        "18:19",
        "19:19",
        "20:19"
    ],
    "url": "https://www.kanachu.co.jp/dia/diagram/timetable01_js/course:0000804067-9/node:00020772/kt:0/lname:/"
}
