{
    "date": "2025/04/01",
    "name": "平塚駅北口",
    "position": "-",
    "system": "平65",
    "destinations": [
        "四ツ角(平塚市)",
        "明石町一丁目",
        "明石町(平塚市)",
        "崇善小学校前",
        "江陽中学校前(平塚市)",
        "美術館入口(平塚市)",
        "総合公園(平塚市)",
        "平塚球場",
        "北新町",
        "第一三共前(平塚市)",
        "三菱ケミカル前",
        "湘南車検場前"
    ],
    "weekday": [
        "7:51"
    ],
    "saturday": [],
    "holiday": [],
    "url": "https://www.kanachu.co.jp/dia/diagram/timetable01_js/course:0000803705-1/node:00127464/kt:0/lname:/"
}
