{
    "date": "2025/04/01",
    "name": "江陽中学校前(平塚市)",
    "position": "-",
    "system": "平65",
    "destinations": [
        "美術館入口(平塚市)",
        "総合公園(平塚市)",
        "平塚球場",
        "北新町",
        "第一三共前(平塚市)",
        "三菱ケミカル前",
        "湘南車検場前"
    ],
    "weekday": [
        "7:54"
    ],
    "saturday": [],
    "holiday": [],
    "url": "https://www.kanachu.co.jp/dia/diagram/timetable01_js/course:0000803705-6/node:00127598/kt:0/lname:/"
}
