{
    "system": "平65",
    "busstops": [
        {
            "index": "1",
            "id": "00127464",
            "name": "平塚駅北口",
            "lat": "35.329086",
            "lng": "139.350204"
        },
        {
            "index": "2",
            "id": "00127190",
            "name": "四ツ角(平塚市)",
            "lat": "35.330828",
            "lng": "139.350049"
        },
        {
            "index": "3",
            "id": "00127457",
            "name": "明石町一丁目",
            "lat": "35.331382",
            "lng": "139.34897"
        },
        {
            "index": "4",
            "id": "00127458",
            "name": "明石町(平塚市)",
            "lat": "35.331281",
            "lng": "139.347852"
        },
        {
            "index": "5",
            "id": "00127597",
            "name": "崇善小学校前",
            "lat": "35.332967",
            "lng": "139.346703"
        },
        {
            "index": "6",
            "id": "00127598",
            "name": "江陽中学校前(平塚市)",
            "lat": "35.3362",
            "lng": "139.346499"
        },
        {
            "index": "7",
            "id": "00127599",
            "name": "美術館入口(平塚市)",
            "lat": "35.337992",
            "lng": "139.3461"
        },
        {
            "index": "8",
            "id": "00127600",
            "name": "総合公園(平塚市)",
            "lat": "35.340859",
            "lng": "139.345414"
        },
        {
            "index": "9",
            "id": "00127601",
            "name": "平塚球場",
            "lat": "35.344602",
            "lng": "139.344633"
        },
        {
            "index": "10",
            "id": "00127630",
            "name": "北新町",
            "lat": "35.347721",
            "lng": "139.343934"
        },
        {
            "index": "11",
            "id": "00127631",
            "name": "第一三共前(平塚市)",
            "lat": "35.350186",
            "lng": "139.343453"
        },
        {
            "index": "12",
            "id": "00127632",
            "name": "三菱ケミカル前",
            "lat": "35.356859",
            "lng": "139.34209"
        },
        {
            "index": "13",
            "id": "00127693",
            "name": "湘南車検場前",
            "lat": "35.359755",
            "lng": "139.341771"
        }
    ],
    "route_url": "https://www.kanachu.co.jp/dia/route/index/cid:0000803705/"
}
