{
    "date": "2017/04/01",
    "name": "寒川郵便局前",
    "position": "-",
    "system": "海73",
    "destinations": [
        "寒川神社参道",
        "寒川神社",
        "旭が丘中学校入口",
        "旭保育園入口",
        "北部文化福祉会館前",
        "キリンビバレッジ前",
        "才戸第一",
        "湘南ユニテック前",
        "行安寺",
        "十二天",
        "本郷五反田橋",
        "下河内",
        "天神下(海老名市)",
        "中河内",
        "オアシス湘南病院前",
        "北上河内",
        "東今里",
        "海老名ケアサポートセンター前",
        "食の創造館前",
        "みずほ団地前",
        "海老名市役所",
        "海老名駅東口"
    ],
    "weekday": [
        "6:42",
        "7:42",
        "8:42",
        "9:42",
        "12:40",
        "13:40",
        "16:40",
        "17:40",
        "18:40",
        "19:40"
    ],
    "saturday": [
        "9:25",
        "11:25",
        "12:25",
        "14:40",
        "15:40",
        "17:40"
    ],
    "holiday": [
        "9:25",
        "11:25",
        "12:25",
        "14:40",
        "15:40",
        "17:40"
    ],
    "url": "https://www.kanachu.co.jp/dia/diagram/timetable01_js/course:0000802495-3/node:00130473/kt:0/lname:/"
}
