{
    "date": "2017/04/01",
    "name": "寒川神社参道",
    "position": "-",
    "system": "海73",
    "destinations": [
        "寒川神社",
        "旭が丘中学校入口",
        "旭保育園入口",
        "北部文化福祉会館前",
        "キリンビバレッジ前",
        "才戸第一",
        "湘南ユニテック前",
        "行安寺",
        "十二天",
        "本郷五反田橋",
        "下河内",
        "天神下(海老名市)",
        "中河内",
        "オアシス湘南病院前",
        "北上河内",
        "東今里",
        "海老名ケアサポートセンター前",
        "食の創造館前",
        "みずほ団地前",
        "海老名市役所",
        "海老名駅東口"
    ],
    "weekday": [
        "6:44",
        "7:44",
        "8:44",
        "9:44",
        "12:42",
        "13:42",
        "16:42",
        "17:42",
        "18:42",
        "19:42"
    ],
    "saturday": [
        "9:27",
        "11:27",
        "12:27",
        "14:42",
        "15:42",
        "17:42"
    ],
    "holiday": [
        "9:27",
        "11:27",
        "12:27",
        "14:42",
        "15:42",
        "17:42"
    ],
    "url": "https://www.kanachu.co.jp/dia/diagram/timetable01_js/course:0000802495-4/node:00130254/kt:0/lname:/"
}
