{
    "date": "2017/04/01",
    "name": "キリンビバレッジ前",
    "position": "-",
    "system": "海73",
    "destinations": [
        "才戸第一",
        "湘南ユニテック前",
        "行安寺",
        "十二天",
        "本郷五反田橋",
        "下河内",
        "天神下(海老名市)",
        "中河内",
        "オアシス湘南病院前",
        "北上河内",
        "東今里",
        "海老名ケアサポートセンター前",
        "食の創造館前",
        "みずほ団地前",
        "海老名市役所",
        "海老名駅東口"
    ],
    "weekday": [
        "6:49",
        "7:49",
        "8:49",
        "9:49",
        "12:47",
        "13:47",
        "16:47",
        "17:47",
        "18:47",
        "19:47"
    ],
    "saturday": [
        "9:32",
        "11:32",
        "12:32",
        "14:47",
        "15:47",
        "17:47"
    ],
    "holiday": [
        "9:32",
        "11:32",
        "12:32",
        "14:47",
        "15:47",
        "17:47"
    ],
    "url": "https://www.kanachu.co.jp/dia/diagram/timetable01_js/course:0000802495-9/node:00130476/kt:0/lname:/"
}
