{
    "date": "2017/04/01",
    "name": "天神下(海老名市)",
    "position": "-",
    "system": "海73",
    "destinations": [
        "中河内",
        "オアシス湘南病院前",
        "北上河内",
        "東今里",
        "海老名ケアサポートセンター前",
        "食の創造館前",
        "みずほ団地前",
        "海老名市役所",
        "海老名駅東口"
    ],
    "weekday": [
        "6:58",
        "7:58",
        "8:58",
        "9:58",
        "12:56",
        "13:56",
        "16:56",
        "17:56",
        "18:56",
        "19:56"
    ],
    "saturday": [
        "9:41",
        "11:41",
        "12:41",
        "14:56",
        "15:56",
        "17:56"
    ],
    "holiday": [
        "9:41",
        "11:41",
        "12:41",
        "14:56",
        "15:56",
        "17:56"
    ],
    "url": "https://www.kanachu.co.jp/dia/diagram/timetable01_js/course:0000802495-16/node:00130470/kt:0/lname:/"
}
