{
    "date": "2017/04/01",
    "name": "オアシス湘南病院前",
    "position": "-",
    "system": "海73",
    "destinations": [
        "北上河内",
        "東今里",
        "海老名ケアサポートセンター前",
        "食の創造館前",
        "みずほ団地前",
        "海老名市役所",
        "海老名駅東口"
    ],
    "weekday": [
        "7:01",
        "8:01",
        "9:01",
        "10:01",
        "12:59",
        "13:59",
        "16:59",
        "17:59",
        "18:59",
        "19:59"
    ],
    "saturday": [
        "9:44",
        "11:44",
        "12:44",
        "14:59",
        "15:59",
        "17:59"
    ],
    "holiday": [
        "9:44",
        "11:44",
        "12:44",
        "14:59",
        "15:59",
        "17:59"
    ],
    "url": "https://www.kanachu.co.jp/dia/diagram/timetable01_js/course:0000802495-18/node:00130468/kt:0/lname:/"
}
