{
    "date": "2017/04/01",
    "name": "東今里",
    "position": "-",
    "system": "海73",
    "destinations": [
        "海老名ケアサポートセンター前",
        "食の創造館前",
        "みずほ団地前",
        "海老名市役所",
        "海老名駅東口"
    ],
    "weekday": [
        "7:03",
        "8:03",
        "9:03",
        "10:03",
        "13:01",
        "14:01",
        "17:01",
        "18:01",
        "19:01",
        "20:01"
    ],
    "saturday": [
        "9:46",
        "11:46",
        "12:46",
        "15:01",
        "16:01",
        "18:01"
    ],
    "holiday": [
        "9:46",
        "11:46",
        "12:46",
        "15:01",
        "16:01",
        "18:01"
    ],
    "url": "https://www.kanachu.co.jp/dia/diagram/timetable01_js/course:0000802495-20/node:00130467/kt:0/lname:/"
}
