{
    "date": "2017/04/01",
    "name": "食の創造館前",
    "position": "-",
    "system": "海73",
    "destinations": [
        "みずほ団地前",
        "海老名市役所",
        "海老名駅東口"
    ],
    "weekday": [
        "7:04",
        "8:04",
        "9:04",
        "10:04",
        "13:02",
        "14:02",
        "17:02",
        "18:02",
        "19:02",
        "20:02"
    ],
    "saturday": [
        "9:47",
        "11:47",
        "12:47",
        "15:02",
        "16:02",
        "18:02"
    ],
    "holiday": [
        "9:47",
        "11:47",
        "12:47",
        "15:02",
        "16:02",
        "18:02"
    ],
    "url": "https://www.kanachu.co.jp/dia/diagram/timetable01_js/course:0000802495-22/node:00130466/kt:0/lname:/"
}
