{
    "system": "海73",
    "busstops": [
        {
            "index": "1",
            "id": "00130231",
            "name": "寒川駅",
            "lat": "35.368175",
            "lng": "139.387267"
        },
        {
            "index": "2",
            "id": "00130257",
            "name": "図書館文書館前",
            "lat": "35.371264",
            "lng": "139.383818"
        },
        {
            "index": "3",
            "id": "00130473",
            "name": "寒川郵便局前",
            "lat": "35.372721",
            "lng": "139.382166"
        },
        {
            "index": "4",
            "id": "00130254",
            "name": "寒川神社参道",
            "lat": "35.376633",
            "lng": "139.38098"
        },
        {
            "index": "5",
            "id": "00130237",
            "name": "寒川神社",
            "lat": "35.380703",
            "lng": "139.383555"
        },
        {
            "index": "6",
            "id": "00130239",
            "name": "旭が丘中学校入口",
            "lat": "35.384694",
            "lng": "139.385312"
        },
        {
            "index": "7",
            "id": "00130240",
            "name": "旭保育園入口",
            "lat": "35.386677",
            "lng": "139.385875"
        },
        {
            "index": "8",
            "id": "00130241",
            "name": "北部文化福祉会館前",
            "lat": "35.389684",
            "lng": "139.386889"
        },
        {
            "index": "9",
            "id": "00130476",
            "name": "キリンビバレッジ前",
            "lat": "35.392699",
            "lng": "139.387385"
        },
        {
            "index": "10",
            "id": "00130243",
            "name": "才戸第一",
            "lat": "35.394816",
            "lng": "139.390491"
        },
        {
            "index": "11",
            "id": "00130244",
            "name": "湘南ユニテック前",
            "lat": "35.397405",
            "lng": "139.391709"
        },
        {
            "index": "12",
            "id": "00130245",
            "name": "行安寺",
            "lat": "35.398279",
            "lng": "139.389528"
        },
        {
            "index": "13",
            "id": "00130246",
            "name": "十二天",
            "lat": "35.398627",
            "lng": "139.387259"
        },
        {
            "index": "14",
            "id": "00130472",
            "name": "本郷五反田橋",
            "lat": "35.404987",
            "lng": "139.387474"
        },
        {
            "index": "15",
            "id": "00130471",
            "name": "下河内",
            "lat": "35.408644",
            "lng": "139.38933"
        },
        {
            "index": "16",
            "id": "00130470",
            "name": "天神下(海老名市)",
            "lat": "35.412159",
            "lng": "139.390354"
        },
        {
            "index": "17",
            "id": "00130469",
            "name": "中河内",
            "lat": "35.416503",
            "lng": "139.391594"
        },
        {
            "index": "18",
            "id": "00130468",
            "name": "オアシス湘南病院前",
            "lat": "35.418831",
            "lng": "139.39187"
        },
        {
            "index": "19",
            "id": "00130475",
            "name": "北上河内",
            "lat": "35.422794",
            "lng": "139.391543"
        },
        {
            "index": "20",
            "id": "00130467",
            "name": "東今里",
            "lat": "35.427141",
            "lng": "139.390591"
        },
        {
            "index": "21",
            "id": "00130474",
            "name": "海老名ケアサポートセンター前",
            "lat": "35.430148",
            "lng": "139.390282"
        },
        {
            "index": "22",
            "id": "00130466",
            "name": "食の創造館前",
            "lat": "35.433663",
            "lng": "139.390228"
        },
        {
            "index": "23",
            "id": "00128612",
            "name": "みずほ団地前",
            "lat": "35.444161",
            "lng": "139.391116"
        },
        {
            "index": "24",
            "id": "00130465",
            "name": "海老名市役所",
            "lat": "35.445778",
            "lng": "139.391288"
        },
        {
            "index": "25",
            "id": "00128604",
            "name": "海老名駅東口",
            "lat": "35.45218",
            "lng": "139.391918"
        }
    ],
    "route_url": "https://www.kanachu.co.jp/dia/route/index/cid:0000802495/"
}
