{
    "date": "2025/04/01",
    "name": "木曽住宅",
    "position": "-",
    "system": "町27",
    "destinations": [
        "三家(町田市)",
        "木曽(町田市)",
        "忠生公園入口",
        "上宿(町田市)",
        "下根岸(町田市)",
        "根岸(根岸町/町田市)",
        "馬駈",
        "図師大橋",
        "日影橋",
        "日大三高入口",
        "桜橋(町田市)",
        "大泉寺",
        "山の端",
        "小山田小学校前",
        "押越",
        "小山田(町田市)"
    ],
    "weekday": [
        "9:54",
        "10:43",
        "11:34",
        "12:24",
        "13:11",
        "14:05",
        "14:54",
        "15:44",
        "16:14",
        "16:44",
        "17:26",
        "17:56",
        "18:31",
        "19:03",
        "19:32",
        "20:07",
        "20:42",
        "21:09"
    ],
    "saturday": [
        "9:52",
        "10:42",
        "11:32",
        "12:23",
        "13:12",
        "14:54",
        "15:44",
        "16:33",
        "16:59",
        "17:23",
        "18:14",
        "19:05",
        "19:52",
        "20:44"
    ],
    "holiday": [
        "9:52",
        "10:42",
        "11:32",
        "12:22",
        "13:15",
        "14:55",
        "15:44",
        "16:34",
        "17:24",
        "18:14",
        "19:52",
        "20:44"
    ],
    "url": "https://www.kanachu.co.jp/dia/diagram/timetable01_js/course:0000802478-9/node:00129362/kt:0/lname:/"
}
