{
    "date": "2025/01/06",
    "name": "横浜駅西口",
    "position": "-",
    "system": "",
    "destinations": [
        "鶴屋町三丁目",
        "市民防災センター前(横浜市神奈川区)",
        "泉町(横浜市神奈川区)",
        "泉町中央(横浜市神奈川区)",
        "松本(横浜市神奈川区)",
        "ガーデン下",
        "島田橋(横浜市神奈川区)",
        "三ツ沢下町駅前",
        "三ツ沢中町",
        "三ツ沢小学校前",
        "三ツ沢上町駅前",
        "三ツ沢西町",
        "岡沢下",
        "岡沢町",
        "横浜新道",
        "常盤園前",
        "和田町交差点",
        "保土ヶ谷中学校前",
        "上星川",
        "杉山神社前(横浜市保土ケ谷区)",
        "川島町(横浜市保土ケ谷区)",
        "西谷妙福寺前",
        "梅の木保育園前",
        "梅の木(横浜市保土ケ谷区)",
        "山崎(横浜市保土ケ谷区)",
        "富士見橋(横浜市保土ケ谷区)",
        "寺下橋",
        "中田(横浜市保土ケ谷区)",
        "上菅田町",
        "笹山(横浜市保土ケ谷区)",
        "辻山",
        "地蔵前(横浜市緑区)",
        "鴨居町",
        "中村通",
        "鴨居橋",
        "白山一丁目(横浜市緑区)",
        "緑車庫前",
        "白山ハイテクパーク",
        "石神(横浜市緑区)",
        "上山町(横浜市緑区)",
        "中山小学校南",
        "中山町",
        "西村橋",
        "中山駅"
    ],
    "weekday": [
        "7:13",
        "7:31",
        "7:52",
        "8:45",
        "10:14",
        "11:28",
        "12:56",
        "14:30",
        "15:31",
        "16:45",
        "17:53",
        "18:58",
        "19:53",
        "20:27"
    ],
    "saturday": [
        "7:10",
        "7:55",
        "8:45",
        "10:08",
        "11:30",
        "12:43",
        "13:38",
        "14:38",
        "15:38",
        "16:38",
        "17:38",
        "18:38",
        "19:38"
    ],
    "holiday": [
        "7:10",
        "7:55",
        "8:45",
        "10:08",
        "11:30",
        "12:38",
        "13:38",
        "14:38",
        "15:38",
        "16:38",
        "17:38",
        "18:38",
        "19:38"
    ],
    "url": "https://www.kanachu.co.jp/dia/diagram/timetable01_js/course:0000803667-1/node:00042735/kt:0/lname:/"
}
