{
    "date": "2025/01/06",
    "name": "泉町(横浜市神奈川区)",
    "position": "-",
    "system": "",
    "destinations": [
        "泉町中央(横浜市神奈川区)",
        "松本(横浜市神奈川区)",
        "ガーデン下",
        "島田橋(横浜市神奈川区)",
        "三ツ沢下町駅前",
        "三ツ沢中町",
        "三ツ沢小学校前",
        "三ツ沢上町駅前",
        "三ツ沢西町",
        "岡沢下",
        "岡沢町",
        "横浜新道",
        "常盤園前",
        "和田町交差点",
        "保土ヶ谷中学校前",
        "上星川",
        "杉山神社前(横浜市保土ケ谷区)",
        "川島町(横浜市保土ケ谷区)",
        "西谷妙福寺前",
        "梅の木保育園前",
        "梅の木(横浜市保土ケ谷区)",
        "山崎(横浜市保土ケ谷区)",
        "富士見橋(横浜市保土ケ谷区)",
        "寺下橋",
        "中田(横浜市保土ケ谷区)",
        "上菅田町",
        "笹山(横浜市保土ケ谷区)",
        "辻山",
        "地蔵前(横浜市緑区)",
        "鴨居町",
        "中村通",
        "鴨居橋",
        "白山一丁目(横浜市緑区)",
        "緑車庫前",
        "白山ハイテクパーク",
        "石神(横浜市緑区)",
        "上山町(横浜市緑区)",
        "中山小学校南",
        "中山町",
        "西村橋",
        "中山駅"
    ],
    "weekday": [
        "7:16",
        "7:34",
        "7:55",
        "8:49",
        "10:18",
        "11:32",
        "12:59",
        "14:33",
        "15:34",
        "16:48",
        "17:56",
        "19:01",
        "19:56",
        "20:30"
    ],
    "saturday": [
        "7:13",
        "7:58",
        "8:49",
        "10:12",
        "11:34",
        "12:47",
        "13:42",
        "14:42",
        "15:42",
        "16:41",
        "17:41",
        "18:42",
        "19:41"
    ],
    "holiday": [
        "7:13",
        "7:58",
        "8:48",
        "10:11",
        "11:33",
        "12:42",
        "13:42",
        "14:42",
        "15:42",
        "16:42",
        "17:41",
        "18:41",
        "19:41"
    ],
    "url": "https://www.kanachu.co.jp/dia/diagram/timetable01_js/course:0000803667-4/node:00102261/kt:0/lname:/"
}
