{
    "date": "2025/01/06",
    "name": "松本(横浜市神奈川区)",
    "position": "-",
    "system": "",
    "destinations": [
        "ガーデン下",
        "島田橋(横浜市神奈川区)",
        "三ツ沢下町駅前",
        "三ツ沢中町",
        "三ツ沢小学校前",
        "三ツ沢上町駅前",
        "三ツ沢西町",
        "岡沢下",
        "岡沢町",
        "横浜新道",
        "常盤園前",
        "和田町交差点",
        "保土ヶ谷中学校前",
        "上星川",
        "杉山神社前(横浜市保土ケ谷区)",
        "川島町(横浜市保土ケ谷区)",
        "西谷妙福寺前",
        "梅の木保育園前",
        "梅の木(横浜市保土ケ谷区)",
        "山崎(横浜市保土ケ谷区)",
        "富士見橋(横浜市保土ケ谷区)",
        "寺下橋",
        "中田(横浜市保土ケ谷区)",
        "上菅田町",
        "笹山(横浜市保土ケ谷区)",
        "辻山",
        "地蔵前(横浜市緑区)",
        "鴨居町",
        "中村通",
        "鴨居橋",
        "白山一丁目(横浜市緑区)",
        "緑車庫前",
        "白山ハイテクパーク",
        "石神(横浜市緑区)",
        "上山町(横浜市緑区)",
        "中山小学校南",
        "中山町",
        "西村橋",
        "中山駅"
    ],
    "weekday": [
        "7:19",
        "7:37",
        "7:58",
        "8:52",
        "10:21",
        "11:35",
        "13:01",
        "14:35",
        "15:36",
        "16:50",
        "17:58",
        "19:03",
        "19:58",
        "20:32"
    ],
    "saturday": [
        "7:15",
        "8:00",
        "8:52",
        "10:15",
        "11:37",
        "12:50",
        "13:45",
        "14:45",
        "15:45",
        "16:44",
        "17:44",
        "18:45",
        "19:43"
    ],
    "holiday": [
        "7:15",
        "8:00",
        "8:50",
        "10:13",
        "11:35",
        "12:45",
        "13:45",
        "14:45",
        "15:45",
        "16:45",
        "17:43",
        "18:43",
        "19:43"
    ],
    "url": "https://www.kanachu.co.jp/dia/diagram/timetable01_js/course:0000803667-6/node:00103097/kt:0/lname:/"
}
