{
    "date": "2025/01/06",
    "name": "三ツ沢下町駅前",
    "position": "-",
    "system": "",
    "destinations": [
        "三ツ沢中町",
        "三ツ沢小学校前",
        "三ツ沢上町駅前",
        "三ツ沢西町",
        "岡沢下",
        "岡沢町",
        "横浜新道",
        "常盤園前",
        "和田町交差点",
        "保土ヶ谷中学校前",
        "上星川",
        "杉山神社前(横浜市保土ケ谷区)",
        "川島町(横浜市保土ケ谷区)",
        "西谷妙福寺前",
        "梅の木保育園前",
        "梅の木(横浜市保土ケ谷区)",
        "山崎(横浜市保土ケ谷区)",
        "富士見橋(横浜市保土ケ谷区)",
        "寺下橋",
        "中田(横浜市保土ケ谷区)",
        "上菅田町",
        "笹山(横浜市保土ケ谷区)",
        "辻山",
        "地蔵前(横浜市緑区)",
        "鴨居町",
        "中村通",
        "鴨居橋",
        "白山一丁目(横浜市緑区)",
        "緑車庫前",
        "白山ハイテクパーク",
        "石神(横浜市緑区)",
        "上山町(横浜市緑区)",
        "中山小学校南",
        "中山町",
        "西村橋",
        "中山駅"
    ],
    "weekday": [
        "7:22",
        "7:40",
        "8:01",
        "8:55",
        "10:24",
        "11:38",
        "13:04",
        "14:38",
        "15:39",
        "16:53",
        "18:01",
        "19:06",
        "20:01",
        "20:35"
    ],
    "saturday": [
        "7:18",
        "8:03",
        "8:55",
        "10:18",
        "11:40",
        "12:53",
        "13:48",
        "14:48",
        "15:48",
        "16:47",
        "17:47",
        "18:48",
        "19:46"
    ],
    "holiday": [
        "7:18",
        "8:03",
        "8:53",
        "10:16",
        "11:38",
        "12:48",
        "13:48",
        "14:48",
        "15:48",
        "16:48",
        "17:46",
        "18:46",
        "19:46"
    ],
    "url": "https://www.kanachu.co.jp/dia/diagram/timetable01_js/course:0000803667-9/node:00103117/kt:0/lname:/"
}
