{
    "date": "2025/01/06",
    "name": "岡沢町",
    "position": "-",
    "system": "01",
    "destinations": [
        "横浜新道",
        "常盤園前",
        "和田町交差点",
        "保土ヶ谷中学校前",
        "上星川",
        "杉山神社前(横浜市保土ケ谷区)",
        "川島町(横浜市保土ケ谷区)",
        "西谷妙福寺前",
        "梅の木保育園前",
        "梅の木(横浜市保土ケ谷区)",
        "山崎(横浜市保土ケ谷区)",
        "富士見橋(横浜市保土ケ谷区)",
        "寺下橋",
        "中田(横浜市保土ケ谷区)",
        "上菅田町",
        "笹山(横浜市保土ケ谷区)",
        "辻山",
        "地蔵前(横浜市緑区)",
        "鴨居町",
        "中村通",
        "鴨居橋",
        "白山一丁目(横浜市緑区)",
        "緑車庫前",
        "白山ハイテクパーク",
        "石神(横浜市緑区)",
        "上山町(横浜市緑区)",
        "中山小学校南",
        "中山町",
        "西村橋",
        "中山駅"
    ],
    "weekday": [
        "7:28",
        "7:46",
        "8:07",
        "9:01",
        "10:30",
        "11:44",
        "13:10",
        "14:44",
        "15:45",
        "16:59",
        "18:07",
        "19:12",
        "20:07",
        "20:41"
    ],
    "saturday": [
        "7:24",
        "8:09",
        "9:01",
        "10:24",
        "11:46",
        "12:59",
        "13:54",
        "14:54",
        "15:54",
        "16:53",
        "17:53",
        "18:54",
        "19:52"
    ],
    "holiday": [
        "7:24",
        "8:09",
        "8:59",
        "10:22",
        "11:44",
        "12:54",
        "13:54",
        "14:54",
        "15:54",
        "16:54",
        "17:52",
        "18:52",
        "19:52"
    ],
    "url": "https://www.kanachu.co.jp/dia/diagram/timetable01_js/course:0000803667-15/node:00102318/kt:0/lname:/"
}
