{
    "date": "2025/01/06",
    "name": "杉山神社前(横浜市保土ケ谷区)",
    "position": "-",
    "system": "01",
    "destinations": [
        "川島町(横浜市保土ケ谷区)",
        "西谷妙福寺前",
        "梅の木保育園前",
        "梅の木(横浜市保土ケ谷区)",
        "山崎(横浜市保土ケ谷区)",
        "富士見橋(横浜市保土ケ谷区)",
        "寺下橋",
        "中田(横浜市保土ケ谷区)",
        "上菅田町",
        "笹山(横浜市保土ケ谷区)",
        "辻山",
        "地蔵前(横浜市緑区)",
        "鴨居町",
        "中村通",
        "鴨居橋",
        "白山一丁目(横浜市緑区)",
        "緑車庫前",
        "白山ハイテクパーク",
        "石神(横浜市緑区)",
        "上山町(横浜市緑区)",
        "中山小学校南",
        "中山町",
        "西村橋",
        "中山駅"
    ],
    "weekday": [
        "7:37",
        "7:55",
        "8:15",
        "9:09",
        "10:38",
        "11:52",
        "13:17",
        "14:51",
        "15:52",
        "17:06",
        "18:18",
        "19:18",
        "20:13",
        "20:47"
    ],
    "saturday": [
        "7:30",
        "8:16",
        "9:08",
        "10:31",
        "11:53",
        "13:06",
        "14:01",
        "15:01",
        "16:01",
        "17:04",
        "18:04",
        "19:01",
        "19:58"
    ],
    "holiday": [
        "7:30",
        "8:15",
        "9:05",
        "10:28",
        "11:50",
        "13:01",
        "14:01",
        "15:01",
        "16:01",
        "17:02",
        "17:59",
        "18:59",
        "19:58"
    ],
    "url": "https://www.kanachu.co.jp/dia/diagram/timetable01_js/course:0000803667-21/node:00102655/kt:0/lname:/"
}
