{
    "date": "2025/01/06",
    "name": "西谷妙福寺前",
    "position": "-",
    "system": "01",
    "destinations": [
        "梅の木保育園前",
        "梅の木(横浜市保土ケ谷区)",
        "山崎(横浜市保土ケ谷区)",
        "富士見橋(横浜市保土ケ谷区)",
        "寺下橋",
        "中田(横浜市保土ケ谷区)",
        "上菅田町",
        "笹山(横浜市保土ケ谷区)",
        "辻山",
        "地蔵前(横浜市緑区)",
        "鴨居町",
        "中村通",
        "鴨居橋",
        "白山一丁目(横浜市緑区)",
        "緑車庫前",
        "白山ハイテクパーク",
        "石神(横浜市緑区)",
        "上山町(横浜市緑区)",
        "中山小学校南",
        "中山町",
        "西村橋",
        "中山駅"
    ],
    "weekday": [
        "7:39",
        "7:57",
        "8:17",
        "9:11",
        "10:40",
        "11:54",
        "13:19",
        "14:53",
        "15:54",
        "17:08",
        "18:20",
        "19:20",
        "20:15",
        "20:49"
    ],
    "saturday": [
        "7:32",
        "8:18",
        "9:10",
        "10:33",
        "11:55",
        "13:08",
        "14:03",
        "15:03",
        "16:03",
        "17:06",
        "18:06",
        "19:03",
        "20:00"
    ],
    "holiday": [
        "7:32",
        "8:17",
        "9:07",
        "10:30",
        "11:52",
        "13:03",
        "14:03",
        "15:03",
        "16:03",
        "17:04",
        "18:01",
        "19:01",
        "20:00"
    ],
    "url": "https://www.kanachu.co.jp/dia/diagram/timetable01_js/course:0000803667-23/node:00102885/kt:0/lname:/"
}
