{
    "date": "2025/01/06",
    "name": "富士見橋(横浜市保土ケ谷区)",
    "position": "-",
    "system": "01",
    "destinations": [
        "寺下橋",
        "中田(横浜市保土ケ谷区)",
        "上菅田町",
        "笹山(横浜市保土ケ谷区)",
        "辻山",
        "地蔵前(横浜市緑区)",
        "鴨居町",
        "中村通",
        "鴨居橋",
        "白山一丁目(横浜市緑区)",
        "緑車庫前",
        "白山ハイテクパーク",
        "石神(横浜市緑区)",
        "上山町(横浜市緑区)",
        "中山小学校南",
        "中山町",
        "西村橋",
        "中山駅"
    ],
    "weekday": [
        "7:44",
        "8:02",
        "8:22",
        "9:16",
        "10:45",
        "11:59",
        "13:24",
        "14:58",
        "15:59",
        "17:13",
        "18:25",
        "19:24",
        "20:19",
        "20:53"
    ],
    "saturday": [
        "7:36",
        "8:23",
        "9:15",
        "10:38",
        "12:00",
        "13:13",
        "14:08",
        "15:08",
        "16:08",
        "17:11",
        "18:11",
        "19:07",
        "20:04"
    ],
    "holiday": [
        "7:36",
        "8:21",
        "9:11",
        "10:34",
        "11:56",
        "13:08",
        "14:08",
        "15:08",
        "16:08",
        "17:09",
        "18:06",
        "19:05",
        "20:04"
    ],
    "url": "https://www.kanachu.co.jp/dia/diagram/timetable01_js/course:0000803667-27/node:00103007/kt:0/lname:/"
}
