{
    "date": "2025/01/06",
    "name": "地蔵前(横浜市緑区)",
    "position": "-",
    "system": "",
    "destinations": [
        "鴨居町",
        "中村通",
        "鴨居橋",
        "白山一丁目(横浜市緑区)",
        "緑車庫前",
        "白山ハイテクパーク",
        "石神(横浜市緑区)",
        "上山町(横浜市緑区)",
        "中山小学校南",
        "中山町",
        "西村橋",
        "中山駅"
    ],
    "weekday": [
        "7:55",
        "8:10",
        "8:30",
        "9:24",
        "10:53",
        "12:07",
        "13:32",
        "15:06",
        "16:07",
        "17:21",
        "18:33",
        "19:32",
        "20:27",
        "21:01"
    ],
    "saturday": [
        "7:44",
        "8:31",
        "9:23",
        "10:46",
        "12:08",
        "13:21",
        "14:16",
        "15:16",
        "16:17",
        "17:20",
        "18:19",
        "19:15",
        "20:12"
    ],
    "holiday": [
        "7:44",
        "8:29",
        "9:19",
        "10:42",
        "12:04",
        "13:16",
        "14:16",
        "15:16",
        "16:16",
        "17:17",
        "18:14",
        "19:13",
        "20:12"
    ],
    "url": "https://www.kanachu.co.jp/dia/diagram/timetable01_js/course:0000803667-33/node:00102577/kt:0/lname:/"
}
