{
    "date": "2025/01/06",
    "name": "白山一丁目(横浜市緑区)",
    "position": "-",
    "system": "",
    "destinations": [
        "緑車庫前",
        "白山ハイテクパーク",
        "石神(横浜市緑区)",
        "上山町(横浜市緑区)",
        "中山小学校南",
        "中山町",
        "西村橋",
        "中山駅"
    ],
    "weekday": [
        "8:03",
        "8:17",
        "8:37",
        "9:31",
        "11:00",
        "12:14",
        "13:39",
        "15:13",
        "16:14",
        "17:28",
        "18:39",
        "19:38",
        "20:33",
        "21:07"
    ],
    "saturday": [
        "7:50",
        "8:38",
        "9:30",
        "10:53",
        "12:15",
        "13:28",
        "14:23",
        "15:23",
        "16:25",
        "17:28",
        "18:26",
        "19:21",
        "20:18"
    ],
    "holiday": [
        "7:50",
        "8:35",
        "9:25",
        "10:48",
        "12:11",
        "13:23",
        "14:23",
        "15:23",
        "16:23",
        "17:24",
        "18:21",
        "19:19",
        "20:18"
    ],
    "url": "https://www.kanachu.co.jp/dia/diagram/timetable01_js/course:0000803667-37/node:00102938/kt:0/lname:/"
}
