{
    "date": "2025/01/06",
    "name": "緑車庫前",
    "position": "-",
    "system": "01",
    "destinations": [
        "白山ハイテクパーク",
        "石神(横浜市緑区)",
        "上山町(横浜市緑区)",
        "中山小学校南",
        "中山町",
        "西村橋",
        "中山駅"
    ],
    "weekday": [
        "8:04",
        "8:18",
        "8:38",
        "9:32",
        "11:01",
        "12:15",
        "13:40",
        "15:14",
        "16:15",
        "17:29",
        "18:40",
        "19:39",
        "20:34",
        "21:08"
    ],
    "saturday": [
        "7:51",
        "8:39",
        "9:31",
        "10:54",
        "12:16",
        "13:29",
        "14:24",
        "15:24",
        "16:26",
        "17:29",
        "18:27",
        "19:22",
        "20:19"
    ],
    "holiday": [
        "7:51",
        "8:36",
        "9:26",
        "10:49",
        "12:12",
        "13:24",
        "14:24",
        "15:24",
        "16:24",
        "17:25",
        "18:22",
        "19:20",
        "20:19"
    ],
    "url": "https://www.kanachu.co.jp/dia/diagram/timetable01_js/course:0000803667-38/node:00103124/kt:0/lname:/"
}
