{
    "date": "2025/01/06",
    "name": "中山小学校南",
    "position": "-",
    "system": "01",
    "destinations": [
        "中山町",
        "西村橋",
        "中山駅"
    ],
    "weekday": [
        "8:08",
        "8:22",
        "8:42",
        "9:36",
        "11:05",
        "12:19",
        "13:44",
        "15:18",
        "16:19",
        "17:33",
        "18:44",
        "19:43",
        "20:38",
        "21:12"
    ],
    "saturday": [
        "7:55",
        "8:43",
        "9:35",
        "10:58",
        "12:20",
        "13:33",
        "14:28",
        "15:28",
        "16:30",
        "17:33",
        "18:31",
        "19:26",
        "20:23"
    ],
    "holiday": [
        "7:55",
        "8:40",
        "9:30",
        "10:53",
        "12:16",
        "13:28",
        "14:28",
        "15:28",
        "16:28",
        "17:29",
        "18:26",
        "19:24",
        "20:23"
    ],
    "url": "https://www.kanachu.co.jp/dia/diagram/timetable01_js/course:0000803667-42/node:00102856/kt:0/lname:/"
}
