{
    "date": "2025/01/06",
    "name": "中山町",
    "position": "-",
    "system": "",
    "destinations": [
        "西村橋",
        "中山駅"
    ],
    "weekday": [
        "8:10",
        "8:24",
        "8:44",
        "9:38",
        "11:07",
        "12:21",
        "13:46",
        "15:20",
        "16:21",
        "17:35",
        "18:46",
        "19:45",
        "20:40",
        "21:14"
    ],
    "saturday": [
        "7:57",
        "8:45",
        "9:37",
        "11:00",
        "12:22",
        "13:35",
        "14:30",
        "15:30",
        "16:32",
        "17:35",
        "18:33",
        "19:28",
        "20:25"
    ],
    "holiday": [
        "7:57",
        "8:42",
        "9:32",
        "10:55",
        "12:18",
        "13:30",
        "14:30",
        "15:30",
        "16:30",
        "17:31",
        "18:28",
        "19:26",
        "20:25"
    ],
    "url": "https://www.kanachu.co.jp/dia/diagram/timetable01_js/course:0000803667-43/node:00102822/kt:0/lname:/"
}
