{
    "date": "2025/01/06",
    "name": "西村橋",
    "position": "-",
    "system": "01",
    "destinations": [
        "中山駅"
    ],
    "weekday": [
        "8:13",
        "8:27",
        "8:47",
        "9:41",
        "11:10",
        "12:24",
        "13:48",
        "15:22",
        "16:23",
        "17:37",
        "18:48",
        "19:47",
        "20:42",
        "21:16"
    ],
    "saturday": [
        "7:59",
        "8:47",
        "9:39",
        "11:02",
        "12:24",
        "13:37",
        "14:32",
        "15:32",
        "16:35",
        "17:38",
        "18:35",
        "19:30",
        "20:27"
    ],
    "holiday": [
        "7:59",
        "8:44",
        "9:34",
        "10:57",
        "12:20",
        "13:32",
        "14:32",
        "15:32",
        "16:33",
        "17:33",
        "18:30",
        "19:28",
        "20:27"
    ],
    "url": "https://www.kanachu.co.jp/dia/diagram/timetable01_js/course:0000803667-44/node:00102860/kt:0/lname:/"
}
