{
    "system": "",
    "busstops": [
        {
            "index": "1",
            "id": "00042735",
            "name": "横浜駅西口",
            "lat": "35.466747",
            "lng": "139.621233"
        },
        {
            "index": "2",
            "id": "00019685",
            "name": "鶴屋町三丁目",
            "lat": "35.469196",
            "lng": "139.618723"
        },
        {
            "index": "3",
            "id": "00102626",
            "name": "市民防災センター前(横浜市神奈川区)",
            "lat": "35.470874",
            "lng": "139.618605"
        },
        {
            "index": "4",
            "id": "00102261",
            "name": "泉町(横浜市神奈川区)",
            "lat": "35.472715",
            "lng": "139.619164"
        },
        {
            "index": "5",
            "id": "00102239",
            "name": "泉町中央(横浜市神奈川区)",
            "lat": "35.473847",
            "lng": "139.620632"
        },
        {
            "index": "6",
            "id": "00103097",
            "name": "松本(横浜市神奈川区)",
            "lat": "35.475668",
            "lng": "139.621544"
        },
        {
            "index": "7",
            "id": "00102341",
            "name": "ガーデン下",
            "lat": "35.476517",
            "lng": "139.61798"
        },
        {
            "index": "8",
            "id": "00102590",
            "name": "島田橋(横浜市神奈川区)",
            "lat": "35.476439",
            "lng": "139.615814"
        },
        {
            "index": "9",
            "id": "00103117",
            "name": "三ツ沢下町駅前",
            "lat": "35.476408",
            "lng": "139.614054"
        },
        {
            "index": "10",
            "id": "00103114",
            "name": "三ツ沢中町",
            "lat": "35.476391",
            "lng": "139.611271"
        },
        {
            "index": "11",
            "id": "00103119",
            "name": "三ツ沢小学校前",
            "lat": "35.476419",
            "lng": "139.608225"
        },
        {
            "index": "12",
            "id": "00103116",
            "name": "三ツ沢上町駅前",
            "lat": "35.476425",
            "lng": "139.605021"
        },
        {
            "index": "13",
            "id": "00103113",
            "name": "三ツ沢西町",
            "lat": "35.475944",
            "lng": "139.601541"
        },
        {
            "index": "14",
            "id": "00102570",
            "name": "岡沢下",
            "lat": "35.473316",
            "lng": "139.598748"
        },
        {
            "index": "15",
            "id": "00102318",
            "name": "岡沢町",
            "lat": "35.472306",
            "lng": "139.597758"
        },
        {
            "index": "16",
            "id": "00103228",
            "name": "横浜新道",
            "lat": "35.470133",
            "lng": "139.593505"
        },
        {
            "index": "17",
            "id": "00102798",
            "name": "常盤園前",
            "lat": "35.467092",
            "lng": "139.589137"
        },
        {
            "index": "18",
            "id": "00103261",
            "name": "和田町交差点",
            "lat": "35.465803",
            "lng": "139.585693"
        },
        {
            "index": "19",
            "id": "00103040",
            "name": "保土ヶ谷中学校前",
            "lat": "35.465869",
            "lng": "139.58312"
        },
        {
            "index": "20",
            "id": "00102369",
            "name": "上星川",
            "lat": "35.468141",
            "lng": "139.579957"
        },
        {
            "index": "21",
            "id": "00102655",
            "name": "杉山神社前(横浜市保土ケ谷区)",
            "lat": "35.471496",
            "lng": "139.576014"
        },
        {
            "index": "22",
            "id": "00102379",
            "name": "川島町(横浜市保土ケ谷区)",
            "lat": "35.472691",
            "lng": "139.575054"
        },
        {
            "index": "23",
            "id": "00102885",
            "name": "西谷妙福寺前",
            "lat": "35.476335",
            "lng": "139.571666"
        },
        {
            "index": "24",
            "id": "00102288",
            "name": "梅の木保育園前",
            "lat": "35.477549",
            "lng": "139.570357"
        },
        {
            "index": "25",
            "id": "00102279",
            "name": "梅の木(横浜市保土ケ谷区)",
            "lat": "35.479712",
            "lng": "139.570081"
        },
        {
            "index": "26",
            "id": "00103202",
            "name": "山崎(横浜市保土ケ谷区)",
            "lat": "35.481452",
            "lng": "139.57054"
        },
        {
            "index": "27",
            "id": "00103007",
            "name": "富士見橋(横浜市保土ケ谷区)",
            "lat": "35.484303",
            "lng": "139.570954"
        },
        {
            "index": "28",
            "id": "00102761",
            "name": "寺下橋",
            "lat": "35.486108",
            "lng": "139.571279"
        },
        {
            "index": "29",
            "id": "00102825",
            "name": "中田(横浜市保土ケ谷区)",
            "lat": "35.489146",
            "lng": "139.571891"
        },
        {
            "index": "30",
            "id": "00102370",
            "name": "上菅田町",
            "lat": "35.490992",
            "lng": "139.570588"
        },
        {
            "index": "31",
            "id": "00102548",
            "name": "笹山(横浜市保土ケ谷区)",
            "lat": "35.492914",
            "lng": "139.568817"
        },
        {
            "index": "32",
            "id": "00102742",
            "name": "辻山",
            "lat": "35.495587",
            "lng": "139.567176"
        },
        {
            "index": "33",
            "id": "00102577",
            "name": "地蔵前(横浜市緑区)",
            "lat": "35.500326",
            "lng": "139.565288"
        },
        {
            "index": "34",
            "id": "00102377",
            "name": "鴨居町",
            "lat": "35.504346",
            "lng": "139.56355"
        },
        {
            "index": "35",
            "id": "00102852",
            "name": "中村通",
            "lat": "35.50677",
            "lng": "139.564018"
        },
        {
            "index": "36",
            "id": "00102375",
            "name": "鴨居橋",
            "lat": "35.50942",
            "lng": "139.56309"
        },
        {
            "index": "37",
            "id": "00102938",
            "name": "白山一丁目(横浜市緑区)",
            "lat": "35.508295",
            "lng": "139.559876"
        },
        {
            "index": "38",
            "id": "00103124",
            "name": "緑車庫前",
            "lat": "35.506701",
            "lng": "139.557314"
        },
        {
            "index": "39",
            "id": "00102939",
            "name": "白山ハイテクパーク",
            "lat": "35.507495",
            "lng": "139.55458"
        },
        {
            "index": "40",
            "id": "00102236",
            "name": "石神(横浜市緑区)",
            "lat": "35.508146",
            "lng": "139.551944"
        },
        {
            "index": "41",
            "id": "00102371",
            "name": "上山町(横浜市緑区)",
            "lat": "35.509031",
            "lng": "139.549802"
        },
        {
            "index": "42",
            "id": "00102856",
            "name": "中山小学校南",
            "lat": "35.510136",
            "lng": "139.545864"
        },
        {
            "index": "43",
            "id": "00102822",
            "name": "中山町",
            "lat": "35.51051",
            "lng": "139.544276"
        },
        {
            "index": "44",
            "id": "00102860",
            "name": "西村橋",
            "lat": "35.513132",
            "lng": "139.541724"
        },
        {
            "index": "45",
            "id": "00102821",
            "name": "中山駅",
            "lat": "35.514143",
            "lng": "139.539771"
        }
    ],
    "route_url": "https://www.kanachu.co.jp/dia/route/index/cid:0000803667/"
}
