{
    "date": "2025/11/16",
    "name": "森の里中学校前",
    "position": "-",
    "system": "愛15",
    "destinations": [
        "北センター(厚木市)",
        "森の里五丁目",
        "森の里"
    ],
    "weekday": [
        "7:34",
        "8:01",
        "8:38",
        "9:42",
        "11:03",
        "12:23",
        "13:36",
        "14:58",
        "16:28",
        "17:43",
        "18:37",
        "19:38",
        "20:43",
        "21:43"
    ],
    "saturday": [
        "6:58",
        "8:19",
        "9:39",
        "10:59",
        "12:19",
        "13:39",
        "14:59",
        "16:19",
        "17:39",
        "18:59",
        "20:18",
        "21:38"
    ],
    "holiday": [
        "6:58",
        "8:19",
        "9:39",
        "10:59",
        "12:19",
        "13:39",
        "14:59",
        "16:19",
        "17:39",
        "18:59",
        "20:18",
        "21:38"
    ],
    "url": "https://www.kanachu.co.jp/dia/diagram/timetable01_js/course:0000800386-20/node:00128668/kt:0/lname:/"
}
