{
    "date": "2025/03/15",
    "name": "湘南台駅西口",
    "position": "-",
    "system": "辻26",
    "destinations": [
        "湘南台住宅前",
        "桐ヶ谷(藤沢市)",
        "南桐原",
        "石川山田",
        "和泉橋",
        "寿照寺前",
        "田方(藤沢市)",
        "矢尻(藤沢市)",
        "南原(藤沢市)",
        "湘南ライフタウン",
        "滝の沢不動前",
        "滝の沢(藤沢市)",
        "駒寄",
        "二番構保健医療センター",
        "ライフタウン中央(藤沢市)",
        "大庭小学校",
        "小糸",
        "南センター前(藤沢市)",
        "西高校前(藤沢市)",
        "有藤",
        "大庭隧道",
        "城南一丁目",
        "羽鳥一丁目",
        "神台公園前",
        "辻堂駅北口"
    ],
    "weekday": [
        "6:10",
        "6:20",
        "6:30",
        "6:40",
        "6:45",
        "6:50",
        "6:55",
        "7:00",
        "7:05",
        "7:10",
        "7:15",
        "7:20",
        "7:30",
        "7:40",
        "7:50",
        "8:00",
        "8:10",
        "8:20",
        "8:30",
        "8:45",
        "9:00",
        "9:17",
        "9:37",
        "9:57",
        "10:20",
        "10:42",
        "10:57",
        "11:20",
        "11:42",
        "11:57",
        "12:20",
        "12:42",
        "12:57",
        "13:20",
        "13:42",
        "13:57",
        "14:20",
        "14:42",
        "14:57",
        "15:20",
        "15:45",
        "16:00",
        "16:15",
        "16:30",
        "16:45",
        "17:00",
        "17:15",
        "17:30",
        "17:45",
        "18:00",
        "18:10",
        "18:20",
        "18:30",
        "18:40",
        "18:50",
        "19:00",
        "19:10",
        "19:20",
        "19:30",
        "19:45",
        "20:00",
        "20:15",
        "20:30",
        "20:45",
        "21:00",
        "21:15",
        "21:30",
        "21:45",
        "22:00",
        "22:20",
        "22:39",
        "23:18"
    ],
    "saturday": [],
    "holiday": [],
    "url": "https://www.kanachu.co.jp/dia/diagram/timetable01_js/course:0000800953-1/node:00129893/kt:0/lname:/"
}
