{
    "date": "2025/03/15",
    "name": "南桐原",
    "position": "-",
    "system": "辻26",
    "destinations": [
        "石川山田",
        "和泉橋",
        "寿照寺前",
        "田方(藤沢市)",
        "矢尻(藤沢市)",
        "南原(藤沢市)",
        "湘南ライフタウン",
        "滝の沢不動前",
        "滝の沢(藤沢市)",
        "駒寄",
        "二番構保健医療センター",
        "ライフタウン中央(藤沢市)",
        "大庭小学校",
        "小糸",
        "南センター前(藤沢市)",
        "西高校前(藤沢市)",
        "有藤",
        "大庭隧道",
        "城南一丁目",
        "羽鳥一丁目",
        "神台公園前",
        "辻堂駅北口"
    ],
    "weekday": [
        "6:14",
        "6:24",
        "6:34",
        "6:44",
        "6:49",
        "6:54",
        "6:59",
        "7:04",
        "7:09",
        "7:14",
        "7:19",
        "7:24",
        "7:34",
        "7:44",
        "7:54",
        "8:04",
        "8:14",
        "8:24",
        "8:34",
        "8:49",
        "9:04",
        "9:21",
        "9:41",
        "10:01",
        "10:24",
        "10:46",
        "11:01",
        "11:24",
        "11:46",
        "12:01",
        "12:24",
        "12:46",
        "13:01",
        "13:24",
        "13:46",
        "14:01",
        "14:24",
        "14:46",
        "15:01",
        "15:24",
        "15:49",
        "16:04",
        "16:19",
        "16:34",
        "16:49",
        "17:04",
        "17:19",
        "17:34",
        "17:49",
        "18:04",
        "18:14",
        "18:24",
        "18:34",
        "18:44",
        "18:54",
        "19:04",
        "19:14",
        "19:24",
        "19:34",
        "19:49",
        "20:04",
        "20:19",
        "20:34",
        "20:49",
        "21:04",
        "21:19",
        "21:34",
        "21:49",
        "22:04",
        "22:24",
        "22:43",
        "23:22"
    ],
    "saturday": [],
    "holiday": [],
    "url": "https://www.kanachu.co.jp/dia/diagram/timetable01_js/course:0000800953-4/node:00129955/kt:0/lname:/"
}
