{
    "date": "2025/03/15",
    "name": "駒寄",
    "position": "-",
    "system": "辻26",
    "destinations": [
        "二番構保健医療センター",
        "ライフタウン中央(藤沢市)",
        "大庭小学校",
        "小糸",
        "南センター前(藤沢市)",
        "西高校前(藤沢市)",
        "有藤",
        "大庭隧道",
        "城南一丁目",
        "羽鳥一丁目",
        "神台公園前",
        "辻堂駅北口"
    ],
    "weekday": [
        "6:27",
        "6:37",
        "6:50",
        "7:00",
        "7:05",
        "7:10",
        "7:15",
        "7:20",
        "7:25",
        "7:30",
        "7:35",
        "7:40",
        "7:51",
        "8:01",
        "8:11",
        "8:21",
        "8:31",
        "8:41",
        "8:51",
        "9:06",
        "9:20",
        "9:37",
        "9:57",
        "10:17",
        "10:40",
        "11:02",
        "11:17",
        "11:40",
        "12:02",
        "12:17",
        "12:40",
        "13:02",
        "13:17",
        "13:40",
        "14:02",
        "14:17",
        "14:40",
        "15:02",
        "15:17",
        "15:40",
        "16:05",
        "16:20",
        "16:35",
        "16:50",
        "17:05",
        "17:21",
        "17:36",
        "17:51",
        "18:06",
        "18:21",
        "18:31",
        "18:41",
        "18:51",
        "19:01",
        "19:11",
        "19:21",
        "19:31",
        "19:41",
        "19:48",
        "20:03",
        "20:18",
        "20:33",
        "20:48",
        "21:03",
        "21:18",
        "21:33",
        "21:48",
        "22:03",
        "22:18",
        "22:38",
        "22:57",
        "23:36"
    ],
    "saturday": [],
    "holiday": [],
    "url": "https://www.kanachu.co.jp/dia/diagram/timetable01_js/course:0000800953-14/node:00129945/kt:0/lname:/"
}
