{
    "date": "2025/03/15",
    "name": "大庭小学校",
    "position": "-",
    "system": "辻26",
    "destinations": [
        "小糸",
        "南センター前(藤沢市)",
        "西高校前(藤沢市)",
        "有藤",
        "大庭隧道",
        "城南一丁目",
        "羽鳥一丁目",
        "神台公園前",
        "辻堂駅北口"
    ],
    "weekday": [
        "6:30",
        "6:40",
        "6:53",
        "7:03",
        "7:08",
        "7:13",
        "7:18",
        "7:23",
        "7:28",
        "7:34",
        "7:39",
        "7:44",
        "7:55",
        "8:05",
        "8:15",
        "8:25",
        "8:35",
        "8:45",
        "8:55",
        "9:09",
        "9:23",
        "9:40",
        "10:00",
        "10:20",
        "10:43",
        "11:05",
        "11:20",
        "11:43",
        "12:05",
        "12:20",
        "12:43",
        "13:05",
        "13:20",
        "13:43",
        "14:05",
        "14:20",
        "14:43",
        "15:05",
        "15:20",
        "15:43",
        "16:08",
        "16:23",
        "16:38",
        "16:53",
        "17:09",
        "17:25",
        "17:40",
        "17:55",
        "18:10",
        "18:25",
        "18:35",
        "18:45",
        "18:55",
        "19:05",
        "19:15",
        "19:25",
        "19:34",
        "19:44",
        "19:51",
        "20:06",
        "20:21",
        "20:36",
        "20:51",
        "21:06",
        "21:21",
        "21:36",
        "21:51",
        "22:06",
        "22:21",
        "22:41",
        "23:00",
        "23:39"
    ],
    "saturday": [],
    "holiday": [],
    "url": "https://www.kanachu.co.jp/dia/diagram/timetable01_js/course:0000800953-17/node:00129942/kt:0/lname:/"
}
