{
    "date": "2025/03/15",
    "name": "西高校前(藤沢市)",
    "position": "-",
    "system": "辻26",
    "destinations": [
        "有藤",
        "大庭隧道",
        "城南一丁目",
        "羽鳥一丁目",
        "神台公園前",
        "辻堂駅北口"
    ],
    "weekday": [
        "6:33",
        "6:43",
        "6:56",
        "7:06",
        "7:11",
        "7:16",
        "7:21",
        "7:26",
        "7:31",
        "7:37",
        "7:42",
        "7:47",
        "7:58",
        "8:08",
        "8:18",
        "8:28",
        "8:38",
        "8:48",
        "8:58",
        "9:12",
        "9:26",
        "9:43",
        "10:03",
        "10:23",
        "10:46",
        "11:08",
        "11:23",
        "11:46",
        "12:08",
        "12:23",
        "12:46",
        "13:08",
        "13:23",
        "13:46",
        "14:08",
        "14:23",
        "14:46",
        "15:08",
        "15:23",
        "15:46",
        "16:11",
        "16:26",
        "16:41",
        "16:56",
        "17:12",
        "17:28",
        "17:43",
        "17:58",
        "18:13",
        "18:28",
        "18:38",
        "18:48",
        "18:58",
        "19:08",
        "19:18",
        "19:28",
        "19:37",
        "19:47",
        "19:54",
        "20:09",
        "20:24",
        "20:39",
        "20:54",
        "21:09",
        "21:24",
        "21:39",
        "21:54",
        "22:09",
        "22:24",
        "22:44",
        "23:03",
        "23:42"
    ],
    "saturday": [],
    "holiday": [],
    "url": "https://www.kanachu.co.jp/dia/diagram/timetable01_js/course:0000800953-20/node:00129939/kt:0/lname:/"
}
