{
    "date": "2025/03/15",
    "name": "有藤",
    "position": "-",
    "system": "辻26",
    "destinations": [
        "大庭隧道",
        "城南一丁目",
        "羽鳥一丁目",
        "神台公園前",
        "辻堂駅北口"
    ],
    "weekday": [
        "6:36",
        "6:46",
        "6:59",
        "7:09",
        "7:14",
        "7:19",
        "7:24",
        "7:29",
        "7:34",
        "7:40",
        "7:45",
        "7:50",
        "8:01",
        "8:11",
        "8:21",
        "8:31",
        "8:41",
        "8:51",
        "9:01",
        "9:13",
        "9:27",
        "9:44",
        "10:04",
        "10:24",
        "10:47",
        "11:09",
        "11:24",
        "11:47",
        "12:09",
        "12:24",
        "12:47",
        "13:09",
        "13:24",
        "13:47",
        "14:09",
        "14:24",
        "14:47",
        "15:09",
        "15:24",
        "15:47",
        "16:12",
        "16:27",
        "16:42",
        "16:57",
        "17:13",
        "17:29",
        "17:44",
        "17:59",
        "18:14",
        "18:29",
        "18:39",
        "18:49",
        "18:59",
        "19:09",
        "19:19",
        "19:29",
        "19:38",
        "19:48",
        "19:55",
        "20:10",
        "20:25",
        "20:40",
        "20:55",
        "21:10",
        "21:25",
        "21:40",
        "21:55",
        "22:10",
        "22:25",
        "22:45",
        "23:04",
        "23:43"
    ],
    "saturday": [],
    "holiday": [],
    "url": "https://www.kanachu.co.jp/dia/diagram/timetable01_js/course:0000800953-21/node:00129938/kt:0/lname:/"
}
