{
    "date": "2025/03/15",
    "name": "城南一丁目",
    "position": "-",
    "system": "辻26",
    "destinations": [
        "羽鳥一丁目",
        "神台公園前",
        "辻堂駅北口"
    ],
    "weekday": [
        "6:38",
        "6:48",
        "7:01",
        "7:11",
        "7:16",
        "7:21",
        "7:26",
        "7:31",
        "7:36",
        "7:42",
        "7:47",
        "7:52",
        "8:03",
        "8:13",
        "8:23",
        "8:33",
        "8:43",
        "8:53",
        "9:03",
        "9:15",
        "9:29",
        "9:46",
        "10:06",
        "10:26",
        "10:49",
        "11:11",
        "11:26",
        "11:49",
        "12:11",
        "12:26",
        "12:49",
        "13:11",
        "13:26",
        "13:49",
        "14:11",
        "14:26",
        "14:49",
        "15:11",
        "15:26",
        "15:49",
        "16:14",
        "16:29",
        "16:44",
        "16:59",
        "17:15",
        "17:31",
        "17:46",
        "18:01",
        "18:16",
        "18:31",
        "18:41",
        "18:51",
        "19:01",
        "19:11",
        "19:21",
        "19:31",
        "19:40",
        "19:50",
        "19:57",
        "20:12",
        "20:27",
        "20:42",
        "20:57",
        "21:12",
        "21:27",
        "21:42",
        "21:57",
        "22:12",
        "22:27",
        "22:47",
        "23:06",
        "23:45"
    ],
    "saturday": [],
    "holiday": [],
    "url": "https://www.kanachu.co.jp/dia/diagram/timetable01_js/course:0000800953-23/node:00129936/kt:0/lname:/"
}
