{
    "date": "2021/02/22",
    "name": "横浜ゴム前",
    "position": "-",
    "system": "平30",
    "destinations": [
        "市役所前(ゴム前/平塚市)",
        "四ツ角(平塚市)",
        "平塚駅北口"
    ],
    "weekday": [
        "6:13",
        "6:28",
        "6:43",
        "6:58",
        "7:15",
        "7:30",
        "7:42",
        "7:57",
        "8:12",
        "8:31",
        "8:51",
        "9:09",
        "9:27",
        "9:57",
        "10:27",
        "10:57",
        "11:27",
        "11:57",
        "12:27",
        "12:52",
        "13:27",
        "13:57",
        "14:27",
        "14:57",
        "15:27",
        "15:57",
        "16:28",
        "16:58",
        "17:23",
        "17:43",
        "18:03",
        "18:33",
        "19:03",
        "19:31",
        "20:02",
        "20:31",
        "21:31"
    ],
    "saturday": [
        "6:57",
        "7:37",
        "8:17",
        "8:57",
        "9:39",
        "10:19",
        "10:59",
        "11:39",
        "12:24",
        "12:59",
        "13:39",
        "14:19",
        "14:59",
        "15:39",
        "16:19",
        "16:59",
        "17:39",
        "18:19",
        "18:59",
        "19:37",
        "20:17"
    ],
    "holiday": [
        "6:57",
        "7:37",
        "8:17",
        "8:57",
        "9:39",
        "10:19",
        "10:59",
        "11:39",
        "12:24",
        "12:59",
        "13:39",
        "14:19",
        "14:59",
        "15:39",
        "16:19",
        "16:59",
        "17:39",
        "18:19",
        "18:59",
        "19:37",
        "20:17"
    ],
    "url": "https://www.kanachu.co.jp/dia/diagram/timetable01_js/course:0000800165-16/node:00127554/kt:0/lname:/"
}
