{
    "date": "2025/01/14",
    "name": "鳶尾山前",
    "position": "-",
    "system": "厚04",
    "destinations": [
        "稲荷木",
        "公所(厚木市)",
        "桝割",
        "子合",
        "荻野新宿",
        "宿原入口",
        "糀屋前(厚木市)",
        "松蓮寺",
        "妻田薬師",
        "中村入口(厚木市)",
        "妻田",
        "三家入口(厚木市)",
        "木売場",
        "市立病院前(厚木市)",
        "税務署入口(厚木市)",
        "市役所入口(厚木市)",
        "本厚木駅",
        "厚木バスセンター"
    ],
    "weekday": [
        "5:17",
        "7:09",
        "7:44"
    ],
    "saturday": [
        "8:11",
        "9:11"
    ],
    "holiday": [],
    "url": "https://www.kanachu.co.jp/dia/diagram/timetable01_js/course:0000800654-10/node:00128273/kt:0/lname:/"
}
