{
    "date": "2025/01/14",
    "name": "妻田",
    "position": "-",
    "system": "厚04",
    "destinations": [
        "三家入口(厚木市)",
        "木売場",
        "市立病院前(厚木市)",
        "税務署入口(厚木市)",
        "市役所入口(厚木市)",
        "本厚木駅",
        "厚木バスセンター"
    ],
    "weekday": [
        "5:31",
        "7:23",
        "8:00"
    ],
    "saturday": [
        "8:25",
        "9:26"
    ],
    "holiday": [],
    "url": "https://www.kanachu.co.jp/dia/diagram/timetable01_js/course:0000800654-21/node:00128262/kt:0/lname:/"
}
