{
    "date": "2025/01/14",
    "name": "三家入口(厚木市)",
    "position": "-",
    "system": "厚04",
    "destinations": [
        "木売場",
        "市立病院前(厚木市)",
        "税務署入口(厚木市)",
        "市役所入口(厚木市)",
        "本厚木駅",
        "厚木バスセンター"
    ],
    "weekday": [
        "5:32",
        "7:24",
        "8:02"
    ],
    "saturday": [
        "8:26",
        "9:28"
    ],
    "holiday": [],
    "url": "https://www.kanachu.co.jp/dia/diagram/timetable01_js/course:0000800654-22/node:00128261/kt:0/lname:/"
}
