{
    "date": "2025/01/14",
    "name": "市立病院前(厚木市)",
    "position": "-",
    "system": "厚04",
    "destinations": [
        "税務署入口(厚木市)",
        "市役所入口(厚木市)",
        "本厚木駅",
        "厚木バスセンター"
    ],
    "weekday": [
        "5:35",
        "7:27",
        "8:06"
    ],
    "saturday": [
        "8:29",
        "9:31"
    ],
    "holiday": [],
    "url": "https://www.kanachu.co.jp/dia/diagram/timetable01_js/course:0000800654-24/node:00128259/kt:0/lname:/"
}
