{
    "date": "2026/01/16",
    "name": "又口橋",
    "position": "-",
    "system": "121",
    "destinations": [
        "新横浜駅前"
    ],
    "weekday": [
        "7:39",
        "8:26",
        "9:24",
        "10:06",
        "11:04",
        "12:04",
        "13:04",
        "14:04",
        "15:04",
        "16:05",
        "17:06",
        "18:05",
        "19:04",
        "20:00"
    ],
    "saturday": [
        "8:44",
        "9:43",
        "10:44",
        "11:44",
        "12:44",
        "13:44",
        "14:44",
        "15:46",
        "16:46",
        "17:46",
        "18:45",
        "19:45"
    ],
    "holiday": [
        "8:44",
        "9:43",
        "10:44",
        "11:44",
        "12:44",
        "13:44",
        "14:44",
        "15:46",
        "16:46",
        "17:46",
        "18:45",
        "19:45"
    ],
    "url": "https://www.kanachu.co.jp/dia/diagram/timetable01_js/course:0000804218-30/node:00019667/kt:0/lname:/"
}
