{
    "date": "2026/01/16",
    "name": "中山車庫",
    "position": "-",
    "system": "峰03",
    "destinations": [
        "白山高校",
        "さわやか苑前",
        "千丸台団地",
        "金草沢",
        "稲荷通",
        "旭環境センター前",
        "下白根橋",
        "白根不動入口",
        "白根町",
        "鶴ヶ峰駅"
    ],
    "weekday": [
        "6:27",
        "10:05",
        "11:35",
        "12:47",
        "14:50",
        "16:38",
        "17:45"
    ],
    "saturday": [
        "7:32",
        "8:22",
        "9:35",
        "10:00",
        "13:40",
        "15:50",
        "17:35"
    ],
    "holiday": [
        "7:50",
        "8:30",
        "9:35",
        "14:37",
        "16:00",
        "17:35"
    ],
    "url": "https://www.kanachu.co.jp/dia/diagram/timetable01_js/course:0000803973-1/node:00130365/kt:0/lname:/"
}
