{
    "date": "2025/08/30",
    "name": "矢部町",
    "position": "-",
    "system": "戸22",
    "destinations": [
        "元町(横浜市戸塚区)",
        "ブリヂストン前",
        "舞岡町入口",
        "舞岡商店街",
        "舞岡中学校前",
        "西根",
        "舞岡"
    ],
    "weekday": [
        "7:01",
        "7:21",
        "7:36",
        "7:51",
        "8:01",
        "8:11",
        "8:21",
        "8:31",
        "8:41",
        "8:51",
        "9:01",
        "9:11",
        "9:21",
        "9:31",
        "9:41",
        "9:51",
        "10:01",
        "10:11",
        "10:21",
        "10:31",
        "10:41",
        "10:51",
        "11:01",
        "11:11",
        "11:21",
        "11:31",
        "11:41",
        "11:51",
        "12:01",
        "12:11",
        "12:21",
        "12:31",
        "12:41",
        "12:51",
        "13:01",
        "13:11",
        "13:21",
        "13:31",
        "13:41",
        "13:51",
        "14:01",
        "14:11",
        "14:21",
        "14:31",
        "14:41",
        "14:51",
        "15:01",
        "15:11",
        "15:21",
        "15:31",
        "15:41",
        "15:51",
        "16:01",
        "16:11",
        "16:21",
        "16:31",
        "16:41",
        "16:51",
        "17:01",
        "17:11",
        "17:21",
        "17:31",
        "17:36",
        "17:41",
        "17:46",
        "17:53",
        "18:01",
        "18:06",
        "18:11",
        "18:21",
        "18:26",
        "18:36",
        "18:43",
        "18:51",
        "18:56",
        "19:01",
        "19:08",
        "19:16",
        "19:26",
        "19:36",
        "19:46",
        "19:51",
        "20:01",
        "20:11",
        "20:21",
        "20:31",
        "20:41",
        "20:51",
        "21:01",
        "21:13",
        "21:25",
        "21:43",
        "22:01",
        "22:23",
        "22:46",
        "23:16"
    ],
    "saturday": [
        "7:01",
        "7:31",
        "8:01",
        "8:16",
        "8:31",
        "8:46",
        "9:01",
        "9:11",
        "9:21",
        "9:31",
        "9:41",
        "9:51",
        "10:01",
        "10:11",
        "10:21",
        "10:31",
        "10:41",
        "10:51",
        "11:01",
        "11:11",
        "11:21",
        "11:31",
        "11:41",
        "11:51",
        "12:01",
        "12:11",
        "12:21",
        "12:31",
        "12:41",
        "12:51",
        "13:01",
        "13:11",
        "13:21",
        "13:31",
        "13:41",
        "13:51",
        "14:01",
        "14:11",
        "14:21",
        "14:31",
        "14:41",
        "14:51",
        "15:01",
        "15:11",
        "15:21",
        "15:31",
        "15:41",
        "15:51",
        "16:01",
        "16:11",
        "16:21",
        "16:31",
        "16:41",
        "16:51",
        "17:01",
        "17:11",
        "17:21",
        "17:31",
        "17:41",
        "17:51",
        "18:01",
        "18:16",
        "18:31",
        "18:46",
        "19:01",
        "19:16",
        "19:31",
        "19:46",
        "20:01",
        "20:16",
        "20:31",
        "20:51",
        "21:11",
        "21:31",
        "21:51",
        "22:21",
        "22:51"
    ],
    "holiday": [
        "7:21",
        "8:01",
        "8:21",
        "8:41",
        "9:01",
        "9:21",
        "9:31",
        "9:41",
        "9:51",
        "10:01",
        "10:11",
        "10:21",
        "10:31",
        "10:41",
        "10:51",
        "11:01",
        "11:11",
        "11:21",
        "11:31",
        "11:41",
        "11:51",
        "12:01",
        "12:11",
        "12:21",
        "12:31",
        "12:41",
        "12:51",
        "13:01",
        "13:11",
        "13:21",
        "13:31",
        "13:41",
        "13:51",
        "14:01",
        "14:11",
        "14:21",
        "14:31",
        "14:41",
        "14:51",
        "15:01",
        "15:11",
        "15:21",
        "15:31",
        "15:41",
        "15:51",
        "16:01",
        "16:11",
        "16:21",
        "16:31",
        "16:41",
        "16:51",
        "17:01",
        "17:11",
        "17:21",
        "17:31",
        "17:41",
        "17:51",
        "18:01",
        "18:16",
        "18:31",
        "18:46",
        "19:01",
        "19:16",
        "19:31",
        "19:46",
        "20:01",
        "20:16",
        "20:31",
        "20:51",
        "21:11",
        "21:31",
        "21:51",
        "22:21",
        "22:51"
    ],
    "url": "https://www.kanachu.co.jp/dia/diagram/timetable01_js/course:0000803899-2/node:00126610/kt:0/lname:/"
}
