{
    "date": "2025/08/30",
    "name": "元町(横浜市戸塚区)",
    "position": "-",
    "system": "戸22",
    "destinations": [
        "ブリヂストン前",
        "舞岡町入口",
        "舞岡商店街",
        "舞岡中学校前",
        "西根",
        "舞岡"
    ],
    "weekday": [
        "7:02",
        "7:22",
        "7:37",
        "7:52",
        "8:02",
        "8:12",
        "8:22",
        "8:32",
        "8:42",
        "8:52",
        "9:02",
        "9:12",
        "9:22",
        "9:32",
        "9:42",
        "9:52",
        "10:02",
        "10:12",
        "10:22",
        "10:32",
        "10:42",
        "10:52",
        "11:02",
        "11:12",
        "11:22",
        "11:32",
        "11:42",
        "11:52",
        "12:02",
        "12:12",
        "12:22",
        "12:32",
        "12:42",
        "12:52",
        "13:02",
        "13:12",
        "13:22",
        "13:32",
        "13:42",
        "13:52",
        "14:02",
        "14:12",
        "14:22",
        "14:32",
        "14:42",
        "14:52",
        "15:02",
        "15:12",
        "15:22",
        "15:32",
        "15:42",
        "15:52",
        "16:02",
        "16:12",
        "16:22",
        "16:32",
        "16:42",
        "16:52",
        "17:02",
        "17:12",
        "17:22",
        "17:32",
        "17:37",
        "17:42",
        "17:47",
        "17:54",
        "18:02",
        "18:07",
        "18:12",
        "18:22",
        "18:27",
        "18:37",
        "18:44",
        "18:52",
        "18:57",
        "19:02",
        "19:09",
        "19:17",
        "19:27",
        "19:37",
        "19:47",
        "19:52",
        "20:02",
        "20:12",
        "20:22",
        "20:32",
        "20:42",
        "20:52",
        "21:02",
        "21:14",
        "21:26",
        "21:44",
        "22:02",
        "22:24",
        "22:47",
        "23:17"
    ],
    "saturday": [
        "7:02",
        "7:32",
        "8:02",
        "8:17",
        "8:32",
        "8:47",
        "9:02",
        "9:12",
        "9:22",
        "9:32",
        "9:42",
        "9:52",
        "10:02",
        "10:12",
        "10:22",
        "10:32",
        "10:42",
        "10:52",
        "11:02",
        "11:12",
        "11:22",
        "11:32",
        "11:42",
        "11:52",
        "12:02",
        "12:12",
        "12:22",
        "12:32",
        "12:42",
        "12:52",
        "13:02",
        "13:12",
        "13:22",
        "13:32",
        "13:42",
        "13:52",
        "14:02",
        "14:12",
        "14:22",
        "14:32",
        "14:42",
        "14:52",
        "15:02",
        "15:12",
        "15:22",
        "15:32",
        "15:42",
        "15:52",
        "16:02",
        "16:12",
        "16:22",
        "16:32",
        "16:42",
        "16:52",
        "17:02",
        "17:12",
        "17:22",
        "17:32",
        "17:42",
        "17:52",
        "18:02",
        "18:17",
        "18:32",
        "18:47",
        "19:02",
        "19:17",
        "19:32",
        "19:47",
        "20:02",
        "20:17",
        "20:32",
        "20:52",
        "21:12",
        "21:32",
        "21:52",
        "22:22",
        "22:52"
    ],
    "holiday": [
        "7:22",
        "8:02",
        "8:22",
        "8:42",
        "9:02",
        "9:22",
        "9:32",
        "9:42",
        "9:52",
        "10:02",
        "10:12",
        "10:22",
        "10:32",
        "10:42",
        "10:52",
        "11:02",
        "11:12",
        "11:22",
        "11:32",
        "11:42",
        "11:52",
        "12:02",
        "12:12",
        "12:22",
        "12:32",
        "12:42",
        "12:52",
        "13:02",
        "13:12",
        "13:22",
        "13:32",
        "13:42",
        "13:52",
        "14:02",
        "14:12",
        "14:22",
        "14:32",
        "14:42",
        "14:52",
        "15:02",
        "15:12",
        "15:22",
        "15:32",
        "15:42",
        "15:52",
        "16:02",
        "16:12",
        "16:22",
        "16:32",
        "16:42",
        "16:52",
        "17:02",
        "17:12",
        "17:22",
        "17:32",
        "17:42",
        "17:52",
        "18:02",
        "18:17",
        "18:32",
        "18:47",
        "19:02",
        "19:17",
        "19:32",
        "19:47",
        "20:02",
        "20:17",
        "20:32",
        "20:52",
        "21:12",
        "21:32",
        "21:52",
        "22:22",
        "22:52"
    ],
    "url": "https://www.kanachu.co.jp/dia/diagram/timetable01_js/course:0000803899-3/node:00126611/kt:0/lname:/"
}
