{
    "date": "2025/08/30",
    "name": "ブリヂストン前",
    "position": "-",
    "system": "戸22",
    "destinations": [
        "舞岡町入口",
        "舞岡商店街",
        "舞岡中学校前",
        "西根",
        "舞岡"
    ],
    "weekday": [
        "7:04",
        "7:24",
        "7:39",
        "7:54",
        "8:04",
        "8:14",
        "8:24",
        "8:34",
        "8:44",
        "8:54",
        "9:04",
        "9:14",
        "9:24",
        "9:34",
        "9:44",
        "9:54",
        "10:04",
        "10:14",
        "10:24",
        "10:34",
        "10:44",
        "10:54",
        "11:04",
        "11:14",
        "11:24",
        "11:34",
        "11:44",
        "11:54",
        "12:04",
        "12:14",
        "12:24",
        "12:34",
        "12:44",
        "12:54",
        "13:04",
        "13:14",
        "13:24",
        "13:34",
        "13:44",
        "13:54",
        "14:04",
        "14:14",
        "14:24",
        "14:34",
        "14:44",
        "14:54",
        "15:04",
        "15:14",
        "15:24",
        "15:34",
        "15:44",
        "15:54",
        "16:04",
        "16:14",
        "16:24",
        "16:34",
        "16:44",
        "16:54",
        "17:04",
        "17:14",
        "17:24",
        "17:34",
        "17:39",
        "17:44",
        "17:49",
        "17:56",
        "18:04",
        "18:09",
        "18:14",
        "18:24",
        "18:29",
        "18:39",
        "18:46",
        "18:54",
        "18:59",
        "19:04",
        "19:11",
        "19:19",
        "19:29",
        "19:39",
        "19:49",
        "19:54",
        "20:04",
        "20:14",
        "20:24",
        "20:34",
        "20:44",
        "20:54",
        "21:04",
        "21:16",
        "21:28",
        "21:46",
        "22:04",
        "22:26",
        "22:49",
        "23:19"
    ],
    "saturday": [
        "7:04",
        "7:34",
        "8:04",
        "8:19",
        "8:34",
        "8:49",
        "9:04",
        "9:14",
        "9:24",
        "9:34",
        "9:44",
        "9:54",
        "10:04",
        "10:14",
        "10:24",
        "10:34",
        "10:44",
        "10:54",
        "11:04",
        "11:14",
        "11:24",
        "11:34",
        "11:44",
        "11:54",
        "12:04",
        "12:14",
        "12:24",
        "12:34",
        "12:44",
        "12:54",
        "13:04",
        "13:14",
        "13:24",
        "13:34",
        "13:44",
        "13:54",
        "14:04",
        "14:14",
        "14:24",
        "14:34",
        "14:44",
        "14:54",
        "15:04",
        "15:14",
        "15:24",
        "15:34",
        "15:44",
        "15:54",
        "16:04",
        "16:14",
        "16:24",
        "16:34",
        "16:44",
        "16:54",
        "17:04",
        "17:14",
        "17:24",
        "17:34",
        "17:44",
        "17:54",
        "18:04",
        "18:19",
        "18:34",
        "18:49",
        "19:04",
        "19:19",
        "19:34",
        "19:49",
        "20:04",
        "20:19",
        "20:34",
        "20:54",
        "21:14",
        "21:34",
        "21:54",
        "22:24",
        "22:54"
    ],
    "holiday": [
        "7:24",
        "8:04",
        "8:24",
        "8:44",
        "9:04",
        "9:24",
        "9:34",
        "9:44",
        "9:54",
        "10:04",
        "10:14",
        "10:24",
        "10:34",
        "10:44",
        "10:54",
        "11:04",
        "11:14",
        "11:24",
        "11:34",
        "11:44",
        "11:54",
        "12:04",
        "12:14",
        "12:24",
        "12:34",
        "12:44",
        "12:54",
        "13:04",
        "13:14",
        "13:24",
        "13:34",
        "13:44",
        "13:54",
        "14:04",
        "14:14",
        "14:24",
        "14:34",
        "14:44",
        "14:54",
        "15:04",
        "15:14",
        "15:24",
        "15:34",
        "15:44",
        "15:54",
        "16:04",
        "16:14",
        "16:24",
        "16:34",
        "16:44",
        "16:54",
        "17:04",
        "17:14",
        "17:24",
        "17:34",
        "17:44",
        "17:54",
        "18:04",
        "18:19",
        "18:34",
        "18:49",
        "19:04",
        "19:19",
        "19:34",
        "19:49",
        "20:04",
        "20:19",
        "20:34",
        "20:54",
        "21:14",
        "21:34",
        "21:54",
        "22:24",
        "22:54"
    ],
    "url": "https://www.kanachu.co.jp/dia/diagram/timetable01_js/course:0000803899-4/node:00126612/kt:0/lname:/"
}
