{
    "date": "2025/08/30",
    "name": "舞岡商店街",
    "position": "-",
    "system": "戸22",
    "destinations": [
        "舞岡中学校前",
        "西根",
        "舞岡"
    ],
    "weekday": [
        "7:06",
        "7:26",
        "7:41",
        "7:56",
        "8:06",
        "8:16",
        "8:26",
        "8:36",
        "8:46",
        "8:56",
        "9:06",
        "9:16",
        "9:26",
        "9:36",
        "9:46",
        "9:56",
        "10:06",
        "10:16",
        "10:26",
        "10:36",
        "10:46",
        "10:56",
        "11:06",
        "11:16",
        "11:26",
        "11:36",
        "11:46",
        "11:56",
        "12:06",
        "12:16",
        "12:26",
        "12:36",
        "12:46",
        "12:56",
        "13:06",
        "13:16",
        "13:26",
        "13:36",
        "13:46",
        "13:56",
        "14:06",
        "14:16",
        "14:26",
        "14:36",
        "14:46",
        "14:56",
        "15:06",
        "15:16",
        "15:26",
        "15:36",
        "15:46",
        "15:56",
        "16:06",
        "16:16",
        "16:26",
        "16:36",
        "16:46",
        "16:56",
        "17:06",
        "17:16",
        "17:26",
        "17:36",
        "17:41",
        "17:46",
        "17:51",
        "17:58",
        "18:06",
        "18:11",
        "18:16",
        "18:26",
        "18:31",
        "18:41",
        "18:48",
        "18:56",
        "19:01",
        "19:06",
        "19:13",
        "19:21",
        "19:31",
        "19:41",
        "19:51",
        "19:56",
        "20:06",
        "20:16",
        "20:26",
        "20:36",
        "20:46",
        "20:56",
        "21:06",
        "21:18",
        "21:30",
        "21:48",
        "22:06",
        "22:28",
        "22:51",
        "23:21"
    ],
    "saturday": [
        "7:06",
        "7:36",
        "8:06",
        "8:21",
        "8:36",
        "8:51",
        "9:06",
        "9:16",
        "9:26",
        "9:36",
        "9:46",
        "9:56",
        "10:06",
        "10:16",
        "10:26",
        "10:36",
        "10:46",
        "10:56",
        "11:06",
        "11:16",
        "11:26",
        "11:36",
        "11:46",
        "11:56",
        "12:06",
        "12:16",
        "12:26",
        "12:36",
        "12:46",
        "12:56",
        "13:06",
        "13:16",
        "13:26",
        "13:36",
        "13:46",
        "13:56",
        "14:06",
        "14:16",
        "14:26",
        "14:36",
        "14:46",
        "14:56",
        "15:06",
        "15:16",
        "15:26",
        "15:36",
        "15:46",
        "15:56",
        "16:06",
        "16:16",
        "16:26",
        "16:36",
        "16:46",
        "16:56",
        "17:06",
        "17:16",
        "17:26",
        "17:36",
        "17:46",
        "17:56",
        "18:06",
        "18:21",
        "18:36",
        "18:51",
        "19:06",
        "19:21",
        "19:36",
        "19:51",
        "20:06",
        "20:21",
        "20:36",
        "20:56",
        "21:16",
        "21:36",
        "21:56",
        "22:26",
        "22:56"
    ],
    "holiday": [
        "7:26",
        "8:06",
        "8:26",
        "8:46",
        "9:06",
        "9:26",
        "9:36",
        "9:46",
        "9:56",
        "10:06",
        "10:16",
        "10:26",
        "10:36",
        "10:46",
        "10:56",
        "11:06",
        "11:16",
        "11:26",
        "11:36",
        "11:46",
        "11:56",
        "12:06",
        "12:16",
        "12:26",
        "12:36",
        "12:46",
        "12:56",
        "13:06",
        "13:16",
        "13:26",
        "13:36",
        "13:46",
        "13:56",
        "14:06",
        "14:16",
        "14:26",
        "14:36",
        "14:46",
        "14:56",
        "15:06",
        "15:16",
        "15:26",
        "15:36",
        "15:46",
        "15:56",
        "16:06",
        "16:16",
        "16:26",
        "16:36",
        "16:46",
        "16:56",
        "17:06",
        "17:16",
        "17:26",
        "17:36",
        "17:46",
        "17:56",
        "18:06",
        "18:21",
        "18:36",
        "18:51",
        "19:06",
        "19:21",
        "19:36",
        "19:51",
        "20:06",
        "20:21",
        "20:36",
        "20:56",
        "21:16",
        "21:36",
        "21:56",
        "22:26",
        "22:56"
    ],
    "url": "https://www.kanachu.co.jp/dia/diagram/timetable01_js/course:0000803899-6/node:00126727/kt:0/lname:/"
}
