{
    "date": "2025/08/30",
    "name": "舞岡中学校前",
    "position": "-",
    "system": "戸22",
    "destinations": [
        "西根",
        "舞岡"
    ],
    "weekday": [
        "7:07",
        "7:27",
        "7:42",
        "7:57",
        "8:07",
        "8:17",
        "8:27",
        "8:37",
        "8:47",
        "8:57",
        "9:07",
        "9:17",
        "9:27",
        "9:37",
        "9:47",
        "9:57",
        "10:07",
        "10:17",
        "10:27",
        "10:37",
        "10:47",
        "10:57",
        "11:07",
        "11:17",
        "11:27",
        "11:37",
        "11:47",
        "11:57",
        "12:07",
        "12:17",
        "12:27",
        "12:37",
        "12:47",
        "12:57",
        "13:07",
        "13:17",
        "13:27",
        "13:37",
        "13:47",
        "13:57",
        "14:07",
        "14:17",
        "14:27",
        "14:37",
        "14:47",
        "14:57",
        "15:07",
        "15:17",
        "15:27",
        "15:37",
        "15:47",
        "15:57",
        "16:07",
        "16:17",
        "16:27",
        "16:37",
        "16:47",
        "16:57",
        "17:07",
        "17:17",
        "17:27",
        "17:37",
        "17:42",
        "17:47",
        "17:52",
        "17:59",
        "18:07",
        "18:12",
        "18:17",
        "18:27",
        "18:32",
        "18:42",
        "18:49",
        "18:57",
        "19:02",
        "19:07",
        "19:14",
        "19:22",
        "19:32",
        "19:42",
        "19:52",
        "19:57",
        "20:07",
        "20:17",
        "20:27",
        "20:37",
        "20:47",
        "20:57",
        "21:07",
        "21:19",
        "21:31",
        "21:49",
        "22:07",
        "22:29",
        "22:52",
        "23:22"
    ],
    "saturday": [
        "7:07",
        "7:37",
        "8:07",
        "8:22",
        "8:37",
        "8:52",
        "9:07",
        "9:17",
        "9:27",
        "9:37",
        "9:47",
        "9:57",
        "10:07",
        "10:17",
        "10:27",
        "10:37",
        "10:47",
        "10:57",
        "11:07",
        "11:17",
        "11:27",
        "11:37",
        "11:47",
        "11:57",
        "12:07",
        "12:17",
        "12:27",
        "12:37",
        "12:47",
        "12:57",
        "13:07",
        "13:17",
        "13:27",
        "13:37",
        "13:47",
        "13:57",
        "14:07",
        "14:17",
        "14:27",
        "14:37",
        "14:47",
        "14:57",
        "15:07",
        "15:17",
        "15:27",
        "15:37",
        "15:47",
        "15:57",
        "16:07",
        "16:17",
        "16:27",
        "16:37",
        "16:47",
        "16:57",
        "17:07",
        "17:17",
        "17:27",
        "17:37",
        "17:47",
        "17:57",
        "18:07",
        "18:22",
        "18:37",
        "18:52",
        "19:07",
        "19:22",
        "19:37",
        "19:52",
        "20:07",
        "20:22",
        "20:37",
        "20:57",
        "21:17",
        "21:37",
        "21:57",
        "22:27",
        "22:57"
    ],
    "holiday": [
        "7:27",
        "8:07",
        "8:27",
        "8:47",
        "9:07",
        "9:27",
        "9:37",
        "9:47",
        "9:57",
        "10:07",
        "10:17",
        "10:27",
        "10:37",
        "10:47",
        "10:57",
        "11:07",
        "11:17",
        "11:27",
        "11:37",
        "11:47",
        "11:57",
        "12:07",
        "12:17",
        "12:27",
        "12:37",
        "12:47",
        "12:57",
        "13:07",
        "13:17",
        "13:27",
        "13:37",
        "13:47",
        "13:57",
        "14:07",
        "14:17",
        "14:27",
        "14:37",
        "14:47",
        "14:57",
        "15:07",
        "15:17",
        "15:27",
        "15:37",
        "15:47",
        "15:57",
        "16:07",
        "16:17",
        "16:27",
        "16:37",
        "16:47",
        "16:57",
        "17:07",
        "17:17",
        "17:27",
        "17:37",
        "17:47",
        "17:57",
        "18:07",
        "18:22",
        "18:37",
        "18:52",
        "19:07",
        "19:22",
        "19:37",
        "19:52",
        "20:07",
        "20:22",
        "20:37",
        "20:57",
        "21:17",
        "21:37",
        "21:57",
        "22:27",
        "22:57"
    ],
    "url": "https://www.kanachu.co.jp/dia/diagram/timetable01_js/course:0000803899-7/node:00126644/kt:0/lname:/"
}
