{
    "date": "2025/03/15",
    "name": "団地中央(綾瀬市)",
    "position": "-",
    "system": "湘22",
    "destinations": [
        "新道向",
        "芝原入口",
        "天沼(藤沢市)",
        "天沼入口",
        "上宮下",
        "宮下(藤沢市)",
        "谷戸入口(藤沢市)",
        "出荷場前",
        "葛原(藤沢市)",
        "公民館前(藤沢市葛原)",
        "菖蒲沢団地",
        "工業団地入口(藤沢市)",
        "北警察署前(藤沢市)",
        "湘南台駅西口"
    ],
    "weekday": [
        "5:56",
        "6:26",
        "6:46",
        "7:01",
        "7:16",
        "8:31",
        "8:51",
        "9:23",
        "9:56",
        "10:21",
        "10:51",
        "11:31",
        "11:51",
        "12:51",
        "13:21",
        "13:51",
        "14:21",
        "15:21",
        "15:51",
        "16:41",
        "17:31",
        "18:26",
        "19:21",
        "20:21"
    ],
    "saturday": [
        "6:21",
        "6:51",
        "7:21",
        "7:51",
        "8:21",
        "8:56",
        "9:21",
        "9:51",
        "10:21",
        "10:51",
        "11:21",
        "11:51",
        "12:51",
        "13:21",
        "13:51",
        "14:21",
        "14:51",
        "15:21",
        "16:01",
        "16:31",
        "17:26",
        "18:21",
        "19:31",
        "20:21"
    ],
    "holiday": [
        "6:21",
        "6:51",
        "7:21",
        "7:51",
        "8:21",
        "8:56",
        "9:21",
        "9:51",
        "10:36",
        "11:21",
        "11:51",
        "12:51",
        "13:21",
        "13:51",
        "14:21",
        "14:51",
        "15:21",
        "16:01",
        "16:31",
        "17:26",
        "18:21",
        "19:21",
        "20:21"
    ],
    "url": "https://www.kanachu.co.jp/dia/diagram/timetable01_js/course:0000801084-2/node:00129898/kt:0/lname:/"
}
