{
    "date": "2025/03/15",
    "name": "上宮下",
    "position": "-",
    "system": "湘22",
    "destinations": [
        "宮下(藤沢市)",
        "谷戸入口(藤沢市)",
        "出荷場前",
        "葛原(藤沢市)",
        "公民館前(藤沢市葛原)",
        "菖蒲沢団地",
        "工業団地入口(藤沢市)",
        "北警察署前(藤沢市)",
        "湘南台駅西口"
    ],
    "weekday": [
        "5:59",
        "6:29",
        "6:49",
        "7:04",
        "7:19",
        "8:34",
        "8:54",
        "9:26",
        "9:59",
        "10:24",
        "10:54",
        "11:34",
        "11:54",
        "12:54",
        "13:24",
        "13:54",
        "14:24",
        "15:24",
        "15:54",
        "16:44",
        "17:34",
        "18:29",
        "19:24",
        "20:24"
    ],
    "saturday": [
        "6:24",
        "6:54",
        "7:24",
        "7:54",
        "8:24",
        "8:59",
        "9:24",
        "9:54",
        "10:24",
        "10:54",
        "11:24",
        "11:54",
        "12:54",
        "13:24",
        "13:54",
        "14:24",
        "14:54",
        "15:24",
        "16:04",
        "16:34",
        "17:29",
        "18:24",
        "19:34",
        "20:24"
    ],
    "holiday": [
        "6:24",
        "6:54",
        "7:24",
        "7:54",
        "8:24",
        "8:59",
        "9:24",
        "9:54",
        "10:39",
        "11:24",
        "11:54",
        "12:54",
        "13:24",
        "13:54",
        "14:24",
        "14:54",
        "15:24",
        "16:04",
        "16:34",
        "17:29",
        "18:24",
        "19:24",
        "20:24"
    ],
    "url": "https://www.kanachu.co.jp/dia/diagram/timetable01_js/course:0000801084-7/node:00129903/kt:0/lname:/"
}
