{
    "date": "2025/03/15",
    "name": "谷戸入口(藤沢市)",
    "position": "-",
    "system": "湘22",
    "destinations": [
        "出荷場前",
        "葛原(藤沢市)",
        "公民館前(藤沢市葛原)",
        "菖蒲沢団地",
        "工業団地入口(藤沢市)",
        "北警察署前(藤沢市)",
        "湘南台駅西口"
    ],
    "weekday": [
        "6:00",
        "6:30",
        "6:50",
        "7:05",
        "7:20",
        "8:35",
        "8:55",
        "9:27",
        "10:00",
        "10:25",
        "10:55",
        "11:35",
        "11:55",
        "12:55",
        "13:25",
        "13:55",
        "14:25",
        "15:25",
        "15:55",
        "16:45",
        "17:35",
        "18:30",
        "19:25",
        "20:25"
    ],
    "saturday": [
        "6:25",
        "6:55",
        "7:25",
        "7:55",
        "8:25",
        "9:00",
        "9:25",
        "9:55",
        "10:25",
        "10:55",
        "11:25",
        "11:55",
        "12:55",
        "13:25",
        "13:55",
        "14:25",
        "14:55",
        "15:25",
        "16:05",
        "16:35",
        "17:30",
        "18:25",
        "19:35",
        "20:25"
    ],
    "holiday": [
        "6:25",
        "6:55",
        "7:25",
        "7:55",
        "8:25",
        "9:00",
        "9:25",
        "9:55",
        "10:40",
        "11:25",
        "11:55",
        "12:55",
        "13:25",
        "13:55",
        "14:25",
        "14:55",
        "15:25",
        "16:05",
        "16:35",
        "17:30",
        "18:25",
        "19:25",
        "20:25"
    ],
    "url": "https://www.kanachu.co.jp/dia/diagram/timetable01_js/course:0000801084-9/node:00129905/kt:0/lname:/"
}
