{
    "date": "2025/03/15",
    "name": "出荷場前",
    "position": "-",
    "system": "湘22",
    "destinations": [
        "葛原(藤沢市)",
        "公民館前(藤沢市葛原)",
        "菖蒲沢団地",
        "工業団地入口(藤沢市)",
        "北警察署前(藤沢市)",
        "湘南台駅西口"
    ],
    "weekday": [
        "6:01",
        "6:31",
        "6:51",
        "7:06",
        "7:21",
        "8:36",
        "8:56",
        "9:28",
        "10:01",
        "10:26",
        "10:56",
        "11:36",
        "11:56",
        "12:56",
        "13:26",
        "13:56",
        "14:26",
        "15:26",
        "15:56",
        "16:46",
        "17:36",
        "18:31",
        "19:26",
        "20:26"
    ],
    "saturday": [
        "6:26",
        "6:56",
        "7:26",
        "7:56",
        "8:26",
        "9:01",
        "9:26",
        "9:56",
        "10:26",
        "10:56",
        "11:26",
        "11:56",
        "12:56",
        "13:26",
        "13:56",
        "14:26",
        "14:56",
        "15:26",
        "16:06",
        "16:36",
        "17:31",
        "18:26",
        "19:36",
        "20:26"
    ],
    "holiday": [
        "6:26",
        "6:56",
        "7:26",
        "7:56",
        "8:26",
        "9:01",
        "9:26",
        "9:56",
        "10:41",
        "11:26",
        "11:56",
        "12:56",
        "13:26",
        "13:56",
        "14:26",
        "14:56",
        "15:26",
        "16:06",
        "16:36",
        "17:31",
        "18:26",
        "19:26",
        "20:26"
    ],
    "url": "https://www.kanachu.co.jp/dia/diagram/timetable01_js/course:0000801084-10/node:00129906/kt:0/lname:/"
}
