{
    "date": "2024/05/20",
    "name": "金山(伊勢原市)",
    "position": "-",
    "system": "平89",
    "destinations": [
        "下原公園前",
        "下宿(伊勢原市)",
        "伊勢原駅南口",
        "千津",
        "ひかり幼稚園前",
        "団地南口(伊勢原市)",
        "団地下大竹",
        "馬渡(伊勢原市)",
        "矢羽根",
        "城所入口",
        "大句",
        "矢崎(平塚市)",
        "東橋(平塚市)",
        "豊田本郷駅",
        "大縄橋",
        "中原上宿",
        "中原御殿",
        "中原下宿",
        "共済病院前総合公園西",
        "追分(平塚市)",
        "立野町(平塚市)",
        "横浜ゴム前",
        "市役所前(ゴム前/平塚市)",
        "四ツ角(平塚市)",
        "平塚駅北口"
    ],
    "weekday": [
        "13:09"
    ],
    "saturday": [],
    "holiday": [],
    "url": "https://www.kanachu.co.jp/dia/diagram/timetable01_js/course:0000801049-5/node:00128125/kt:0/lname:/"
}
