{
    "date": "2025/07/12",
    "name": "雲昌寺",
    "position": "-",
    "system": "藤51",
    "destinations": [
        "亀井野三丁目",
        "亀井野",
        "下屋敷(藤沢市)",
        "俣野原",
        "新田(藤沢市)",
        "亀井野団地入口",
        "藤沢翔陵高校前",
        "聖園女学院前",
        "白旗神社前",
        "藤沢市民病院",
        "本町消防出張所前",
        "藤沢公民館前",
        "遊行寺前",
        "遊行通り四丁目",
        "藤沢駅北口"
    ],
    "weekday": [
        "7:14",
        "7:44",
        "8:14",
        "8:39",
        "9:09",
        "10:09",
        "11:09",
        "12:09",
        "13:05",
        "14:04",
        "15:09",
        "16:09",
        "17:14",
        "18:17",
        "19:17",
        "20:11"
    ],
    "saturday": [
        "8:24",
        "9:04",
        "10:59",
        "11:59",
        "12:59",
        "13:59",
        "14:59",
        "16:03",
        "17:03",
        "18:04"
    ],
    "holiday": [
        "8:24",
        "9:04",
        "10:59",
        "11:59",
        "12:59",
        "13:59",
        "14:59",
        "16:03",
        "17:03",
        "18:04"
    ],
    "url": "https://www.kanachu.co.jp/dia/diagram/timetable01_js/course:0000800575-4/node:00129884/kt:0/lname:/"
}
