{
    "date": "2025/07/12",
    "name": "聖園女学院前",
    "position": "-",
    "system": "藤51",
    "destinations": [
        "白旗神社前",
        "藤沢市民病院",
        "本町消防出張所前",
        "藤沢公民館前",
        "遊行寺前",
        "遊行通り四丁目",
        "藤沢駅北口"
    ],
    "weekday": [
        "7:26",
        "7:56",
        "8:26",
        "8:51",
        "9:21",
        "10:21",
        "11:21",
        "12:21",
        "13:17",
        "14:16",
        "15:21",
        "16:20",
        "17:25",
        "18:27",
        "19:27",
        "20:21"
    ],
    "saturday": [
        "8:35",
        "9:15",
        "11:11",
        "12:11",
        "13:11",
        "14:11",
        "15:10",
        "16:14",
        "17:14",
        "18:14"
    ],
    "holiday": [
        "8:35",
        "9:15",
        "11:11",
        "12:11",
        "13:11",
        "14:11",
        "15:10",
        "16:14",
        "17:14",
        "18:14"
    ],
    "url": "https://www.kanachu.co.jp/dia/diagram/timetable01_js/course:0000800575-12/node:00127014/kt:0/lname:/"
}
