{
    "date": "2025/01/14",
    "name": "春日台一丁目",
    "position": "-",
    "system": "海01",
    "destinations": [
        "春日台入口",
        "一号公園前(愛甲郡愛川町)",
        "諏訪東(愛甲郡愛川町)",
        "中四丁目",
        "中三丁目(愛甲郡愛川町)",
        "中二丁目",
        "中一丁目",
        "東一丁目(厚木市)",
        "団地入口(厚木市)",
        "藤塚(厚木市)",
        "山際",
        "中平(厚木市)",
        "依知小学校前",
        "関口(厚木市)",
        "蓮生寺(厚木市)",
        "追分(厚木市)",
        "下依知入口",
        "金田神社前",
        "水道路(厚木市)",
        "今泉(海老名市)",
        "鶴松",
        "海老名駅西口"
    ],
    "weekday": [
        "5:50",
        "6:00",
        "6:10",
        "6:20",
        "6:28",
        "6:36",
        "6:44",
        "7:03",
        "7:15",
        "7:34",
        "8:10",
        "8:30",
        "8:55",
        "9:25",
        "9:55",
        "10:25",
        "10:55",
        "11:25",
        "11:55",
        "12:25",
        "12:55",
        "13:25",
        "13:55",
        "14:25",
        "14:55",
        "15:25",
        "15:55",
        "16:25",
        "16:52",
        "17:15",
        "17:20",
        "17:35",
        "17:50",
        "18:05",
        "18:20",
        "18:35",
        "18:50",
        "19:05",
        "19:25",
        "19:50",
        "20:20",
        "20:50",
        "21:20",
        "21:50"
    ],
    "saturday": [
        "6:15",
        "6:45",
        "7:15",
        "7:45",
        "8:15",
        "8:45",
        "9:15",
        "9:45",
        "10:15",
        "10:45",
        "11:15",
        "11:45",
        "12:15",
        "12:45",
        "13:15",
        "13:45",
        "14:15",
        "14:45",
        "15:15",
        "15:45",
        "16:15",
        "16:45",
        "17:15",
        "17:45",
        "18:15",
        "18:45",
        "19:15",
        "19:45",
        "20:15",
        "20:50",
        "21:15"
    ],
    "holiday": [
        "6:15",
        "6:45",
        "7:15",
        "7:45",
        "8:14",
        "8:55",
        "9:10",
        "9:50",
        "10:15",
        "10:45",
        "11:15",
        "11:45",
        "12:15",
        "12:45",
        "13:15",
        "13:45",
        "14:15",
        "14:45",
        "15:15",
        "15:45",
        "16:15",
        "16:45",
        "17:15",
        "17:45",
        "18:15",
        "18:45",
        "19:15",
        "19:45",
        "20:15",
        "20:45"
    ],
    "url": "https://www.kanachu.co.jp/dia/diagram/timetable01_js/course:0000802148-7/node:00128373/kt:0/lname:/"
}
