{
    "date": "2025/01/14",
    "name": "一号公園前(愛甲郡愛川町)",
    "position": "-",
    "system": "海01",
    "destinations": [
        "諏訪東(愛甲郡愛川町)",
        "中四丁目",
        "中三丁目(愛甲郡愛川町)",
        "中二丁目",
        "中一丁目",
        "東一丁目(厚木市)",
        "団地入口(厚木市)",
        "藤塚(厚木市)",
        "山際",
        "中平(厚木市)",
        "依知小学校前",
        "関口(厚木市)",
        "蓮生寺(厚木市)",
        "追分(厚木市)",
        "下依知入口",
        "金田神社前",
        "水道路(厚木市)",
        "今泉(海老名市)",
        "鶴松",
        "海老名駅西口"
    ],
    "weekday": [
        "5:52",
        "6:02",
        "6:12",
        "6:22",
        "6:30",
        "6:38",
        "6:46",
        "7:05",
        "7:17",
        "7:36",
        "8:12",
        "8:32",
        "8:57",
        "9:27",
        "9:57",
        "10:27",
        "10:57",
        "11:27",
        "11:57",
        "12:27",
        "12:57",
        "13:27",
        "13:57",
        "14:27",
        "14:57",
        "15:27",
        "15:57",
        "16:27",
        "16:54",
        "17:17",
        "17:22",
        "17:37",
        "17:52",
        "18:07",
        "18:22",
        "18:37",
        "18:52",
        "19:06",
        "19:26",
        "19:51",
        "20:21",
        "20:51",
        "21:21",
        "21:51"
    ],
    "saturday": [
        "6:17",
        "6:47",
        "7:17",
        "7:47",
        "8:17",
        "8:47",
        "9:17",
        "9:47",
        "10:17",
        "10:47",
        "11:17",
        "11:47",
        "12:17",
        "12:47",
        "13:17",
        "13:47",
        "14:17",
        "14:47",
        "15:17",
        "15:47",
        "16:17",
        "16:47",
        "17:17",
        "17:47",
        "18:17",
        "18:47",
        "19:17",
        "19:47",
        "20:17",
        "20:52",
        "21:17"
    ],
    "holiday": [
        "6:17",
        "6:47",
        "7:17",
        "7:47",
        "8:16",
        "8:57",
        "9:12",
        "9:52",
        "10:17",
        "10:47",
        "11:17",
        "11:47",
        "12:17",
        "12:47",
        "13:17",
        "13:47",
        "14:17",
        "14:47",
        "15:17",
        "15:47",
        "16:17",
        "16:47",
        "17:17",
        "17:47",
        "18:17",
        "18:47",
        "19:17",
        "19:47",
        "20:17",
        "20:47"
    ],
    "url": "https://www.kanachu.co.jp/dia/diagram/timetable01_js/course:0000802148-9/node:00128383/kt:0/lname:/"
}
