{
    "date": "2025/01/14",
    "name": "中二丁目",
    "position": "-",
    "system": "海01",
    "destinations": [
        "中一丁目",
        "東一丁目(厚木市)",
        "団地入口(厚木市)",
        "藤塚(厚木市)",
        "山際",
        "中平(厚木市)",
        "依知小学校前",
        "関口(厚木市)",
        "蓮生寺(厚木市)",
        "追分(厚木市)",
        "下依知入口",
        "金田神社前",
        "水道路(厚木市)",
        "今泉(海老名市)",
        "鶴松",
        "海老名駅西口"
    ],
    "weekday": [
        "5:56",
        "6:06",
        "6:16",
        "6:26",
        "6:34",
        "6:42",
        "6:50",
        "7:10",
        "7:22",
        "7:41",
        "8:17",
        "8:37",
        "9:02",
        "9:31",
        "10:01",
        "10:31",
        "11:01",
        "11:31",
        "12:01",
        "12:31",
        "13:01",
        "13:31",
        "14:01",
        "14:31",
        "15:01",
        "15:31",
        "16:01",
        "16:31",
        "16:58",
        "17:22",
        "17:27",
        "17:42",
        "17:57",
        "18:12",
        "18:27",
        "18:42",
        "18:57",
        "19:11",
        "19:31",
        "19:56",
        "20:26",
        "20:56",
        "21:26",
        "21:56"
    ],
    "saturday": [
        "6:21",
        "6:51",
        "7:21",
        "7:51",
        "8:21",
        "8:51",
        "9:21",
        "9:51",
        "10:21",
        "10:51",
        "11:21",
        "11:51",
        "12:21",
        "12:51",
        "13:21",
        "13:51",
        "14:21",
        "14:51",
        "15:21",
        "15:51",
        "16:21",
        "16:51",
        "17:22",
        "17:52",
        "18:22",
        "18:50",
        "19:20",
        "19:50",
        "20:20",
        "20:55",
        "21:20"
    ],
    "holiday": [
        "6:21",
        "6:51",
        "7:21",
        "7:51",
        "8:20",
        "9:01",
        "9:16",
        "9:56",
        "10:21",
        "10:51",
        "11:21",
        "11:51",
        "12:21",
        "12:51",
        "13:21",
        "13:51",
        "14:21",
        "14:51",
        "15:21",
        "15:51",
        "16:21",
        "16:51",
        "17:21",
        "17:51",
        "18:21",
        "18:50",
        "19:20",
        "19:50",
        "20:20",
        "20:50"
    ],
    "url": "https://www.kanachu.co.jp/dia/diagram/timetable01_js/course:0000802148-13/node:00128379/kt:0/lname:/"
}
