{
    "date": "2025/01/14",
    "name": "中一丁目",
    "position": "-",
    "system": "海01",
    "destinations": [
        "東一丁目(厚木市)",
        "団地入口(厚木市)",
        "藤塚(厚木市)",
        "山際",
        "中平(厚木市)",
        "依知小学校前",
        "関口(厚木市)",
        "蓮生寺(厚木市)",
        "追分(厚木市)",
        "下依知入口",
        "金田神社前",
        "水道路(厚木市)",
        "今泉(海老名市)",
        "鶴松",
        "海老名駅西口"
    ],
    "weekday": [
        "5:57",
        "6:07",
        "6:17",
        "6:27",
        "6:35",
        "6:43",
        "6:51",
        "7:11",
        "7:23",
        "7:42",
        "8:18",
        "8:38",
        "9:03",
        "9:32",
        "10:02",
        "10:32",
        "11:02",
        "11:32",
        "12:02",
        "12:32",
        "13:02",
        "13:32",
        "14:02",
        "14:32",
        "15:02",
        "15:32",
        "16:02",
        "16:32",
        "16:59",
        "17:23",
        "17:28",
        "17:43",
        "17:58",
        "18:13",
        "18:28",
        "18:43",
        "18:58",
        "19:12",
        "19:32",
        "19:57",
        "20:27",
        "20:57",
        "21:27",
        "21:57"
    ],
    "saturday": [
        "6:22",
        "6:52",
        "7:22",
        "7:52",
        "8:22",
        "8:52",
        "9:22",
        "9:52",
        "10:22",
        "10:52",
        "11:22",
        "11:52",
        "12:22",
        "12:52",
        "13:22",
        "13:52",
        "14:22",
        "14:52",
        "15:22",
        "15:52",
        "16:22",
        "16:52",
        "17:23",
        "17:53",
        "18:23",
        "18:51",
        "19:21",
        "19:51",
        "20:21",
        "20:56",
        "21:21"
    ],
    "holiday": [
        "6:22",
        "6:52",
        "7:22",
        "7:52",
        "8:21",
        "9:02",
        "9:17",
        "9:57",
        "10:22",
        "10:52",
        "11:22",
        "11:52",
        "12:22",
        "12:52",
        "13:22",
        "13:52",
        "14:22",
        "14:52",
        "15:22",
        "15:52",
        "16:22",
        "16:52",
        "17:22",
        "17:52",
        "18:22",
        "18:51",
        "19:21",
        "19:51",
        "20:21",
        "20:51"
    ],
    "url": "https://www.kanachu.co.jp/dia/diagram/timetable01_js/course:0000802148-14/node:00128378/kt:0/lname:/"
}
