{
    "date": "2025/01/14",
    "name": "団地入口(厚木市)",
    "position": "-",
    "system": "海01",
    "destinations": [
        "藤塚(厚木市)",
        "山際",
        "中平(厚木市)",
        "依知小学校前",
        "関口(厚木市)",
        "蓮生寺(厚木市)",
        "追分(厚木市)",
        "下依知入口",
        "金田神社前",
        "水道路(厚木市)",
        "今泉(海老名市)",
        "鶴松",
        "海老名駅西口"
    ],
    "weekday": [
        "6:00",
        "6:10",
        "6:20",
        "6:30",
        "6:38",
        "6:46",
        "6:54",
        "7:14",
        "7:26",
        "7:45",
        "8:21",
        "8:41",
        "9:06",
        "9:35",
        "10:05",
        "10:35",
        "11:05",
        "11:35",
        "12:05",
        "12:35",
        "13:05",
        "13:35",
        "14:05",
        "14:35",
        "15:05",
        "15:35",
        "16:05",
        "16:35",
        "17:02",
        "17:26",
        "17:31",
        "17:46",
        "18:01",
        "18:16",
        "18:31",
        "18:46",
        "19:01",
        "19:15",
        "19:35",
        "20:00",
        "20:30",
        "21:00",
        "21:30",
        "22:00"
    ],
    "saturday": [
        "6:25",
        "6:55",
        "7:25",
        "7:55",
        "8:25",
        "8:55",
        "9:25",
        "9:55",
        "10:25",
        "10:55",
        "11:25",
        "11:55",
        "12:25",
        "12:55",
        "13:25",
        "13:55",
        "14:25",
        "14:55",
        "15:25",
        "15:55",
        "16:25",
        "16:55",
        "17:26",
        "17:56",
        "18:26",
        "18:54",
        "19:24",
        "19:54",
        "20:24",
        "20:59",
        "21:24"
    ],
    "holiday": [
        "6:24",
        "6:54",
        "7:24",
        "7:55",
        "8:24",
        "9:05",
        "9:20",
        "10:00",
        "10:25",
        "10:55",
        "11:25",
        "11:55",
        "12:25",
        "12:55",
        "13:25",
        "13:55",
        "14:25",
        "14:55",
        "15:25",
        "15:55",
        "16:25",
        "16:55",
        "17:25",
        "17:55",
        "18:25",
        "18:54",
        "19:24",
        "19:54",
        "20:24",
        "20:54"
    ],
    "url": "https://www.kanachu.co.jp/dia/diagram/timetable01_js/course:0000802148-16/node:00128365/kt:0/lname:/"
}
