{
    "date": "2025/03/15",
    "name": "滝の沢不動前",
    "position": "-",
    "system": "辻29",
    "destinations": [
        "滝の沢小学校前",
        "南大平",
        "堤羽根沢",
        "湘南カントリークラブ前",
        "羽根沢",
        "大庭小学校",
        "小糸",
        "南センター前(藤沢市)",
        "西高校前(藤沢市)",
        "有藤",
        "大庭隧道",
        "城南一丁目",
        "羽鳥一丁目",
        "神台公園前",
        "辻堂駅北口"
    ],
    "weekday": [
        "5:41",
        "5:53",
        "6:07",
        "6:29",
        "6:40",
        "6:55",
        "7:03",
        "7:11",
        "7:26",
        "7:36",
        "7:46",
        "7:59",
        "8:39",
        "8:59",
        "9:19",
        "9:49",
        "10:19",
        "10:49",
        "11:19",
        "11:49",
        "12:19",
        "12:49",
        "13:19",
        "13:49",
        "14:19",
        "14:49",
        "15:19",
        "15:49",
        "16:19",
        "16:49",
        "17:19",
        "17:46",
        "18:19",
        "18:44",
        "19:07",
        "19:24",
        "19:52",
        "20:11",
        "20:54",
        "21:09",
        "22:09",
        "23:06"
    ],
    "saturday": [],
    "holiday": [],
    "url": "https://www.kanachu.co.jp/dia/diagram/timetable01_js/course:0000800708-2/node:00129947/kt:0/lname:/"
}
