{
    "date": "2025/03/15",
    "name": "羽鳥一丁目",
    "position": "-",
    "system": "辻29",
    "destinations": [
        "神台公園前",
        "辻堂駅北口"
    ],
    "weekday": [
        "5:54",
        "6:06",
        "6:20",
        "6:44",
        "6:55",
        "7:10",
        "7:18",
        "7:26",
        "7:41",
        "7:51",
        "8:01",
        "8:14",
        "8:52",
        "9:12",
        "9:32",
        "10:02",
        "10:32",
        "11:02",
        "11:32",
        "12:02",
        "12:32",
        "13:02",
        "13:32",
        "14:02",
        "14:32",
        "15:02",
        "15:32",
        "16:02",
        "16:32",
        "17:02",
        "17:32",
        "17:59",
        "18:32",
        "18:57",
        "19:20",
        "19:37",
        "20:05",
        "20:24",
        "21:07",
        "21:22",
        "22:22",
        "23:19"
    ],
    "saturday": [],
    "holiday": [],
    "url": "https://www.kanachu.co.jp/dia/diagram/timetable01_js/course:0000800708-15/node:00129935/kt:0/lname:/"
}
