{
    "date": "2025/03/15",
    "name": "神台公園前",
    "position": "-",
    "system": "辻29",
    "destinations": [
        "辻堂駅北口"
    ],
    "weekday": [
        "5:55",
        "6:07",
        "6:21",
        "6:45",
        "6:56",
        "7:11",
        "7:19",
        "7:27",
        "7:42",
        "7:52",
        "8:02",
        "8:15",
        "8:53",
        "9:13",
        "9:33",
        "10:03",
        "10:33",
        "11:03",
        "11:33",
        "12:03",
        "12:33",
        "13:03",
        "13:33",
        "14:03",
        "14:33",
        "15:03",
        "15:33",
        "16:03",
        "16:33",
        "17:03",
        "17:33",
        "18:00",
        "18:33",
        "18:58",
        "19:21",
        "19:38",
        "20:06",
        "20:25",
        "21:08",
        "21:23",
        "22:23",
        "23:20"
    ],
    "saturday": [],
    "holiday": [],
    "url": "https://www.kanachu.co.jp/dia/diagram/timetable01_js/course:0000800708-16/node:00130068/kt:0/lname:/"
}
