{
    "system": "辻29",
    "busstops": [
        {
            "index": "1",
            "id": "00129948",
            "name": "湘南ライフタウン",
            "lat": "35.374654",
            "lng": "139.434458"
        },
        {
            "index": "2",
            "id": "00129947",
            "name": "滝の沢不動前",
            "lat": "35.372475",
            "lng": "139.4371"
        },
        {
            "index": "3",
            "id": "00129965",
            "name": "滝の沢小学校前",
            "lat": "35.370202",
            "lng": "139.437733"
        },
        {
            "index": "4",
            "id": "00129964",
            "name": "南大平",
            "lat": "35.367682",
            "lng": "139.433257"
        },
        {
            "index": "5",
            "id": "00129963",
            "name": "堤羽根沢",
            "lat": "35.366866",
            "lng": "139.434262"
        },
        {
            "index": "6",
            "id": "00129962",
            "name": "湘南カントリークラブ前",
            "lat": "35.364866",
            "lng": "139.436563"
        },
        {
            "index": "7",
            "id": "00129961",
            "name": "羽根沢",
            "lat": "35.364356",
            "lng": "139.440155"
        },
        {
            "index": "8",
            "id": "00129942",
            "name": "大庭小学校",
            "lat": "35.363322",
            "lng": "139.44549"
        },
        {
            "index": "9",
            "id": "00129941",
            "name": "小糸",
            "lat": "35.35995",
            "lng": "139.444739"
        },
        {
            "index": "10",
            "id": "00129940",
            "name": "南センター前(藤沢市)",
            "lat": "35.358832",
            "lng": "139.444068"
        },
        {
            "index": "11",
            "id": "00129939",
            "name": "西高校前(藤沢市)",
            "lat": "35.355748",
            "lng": "139.442792"
        },
        {
            "index": "12",
            "id": "00129938",
            "name": "有藤",
            "lat": "35.353684",
            "lng": "139.44359"
        },
        {
            "index": "13",
            "id": "00129937",
            "name": "大庭隧道",
            "lat": "35.348001",
            "lng": "139.447316"
        },
        {
            "index": "14",
            "id": "00129936",
            "name": "城南一丁目",
            "lat": "35.346554",
            "lng": "139.448145"
        },
        {
            "index": "15",
            "id": "00129935",
            "name": "羽鳥一丁目",
            "lat": "35.34428",
            "lng": "139.448912"
        },
        {
            "index": "16",
            "id": "00130068",
            "name": "神台公園前",
            "lat": "35.340508",
            "lng": "139.447461"
        },
        {
            "index": "17",
            "id": "00129934",
            "name": "辻堂駅北口",
            "lat": "35.337688",
            "lng": "139.448197"
        }
    ],
    "route_url": "https://www.kanachu.co.jp/dia/route/index/cid:0000800708/"
}
