{
    "date": "2025/04/01",
    "name": "真光寺(町田市)",
    "position": "-",
    "system": "鶴21",
    "destinations": [
        "下谷戸入口",
        "和光学園(町田市)",
        "街道口",
        "団地南(町田市)",
        "鶴川三丁目",
        "消防署前(鶴川出張所/町田市)",
        "鶴川市民センター前",
        "下大蔵",
        "金井入口",
        "上能ヶ谷",
        "鶴川駅西口",
        "鶴川駅"
    ],
    "weekday": [
        "6:40",
        "7:06",
        "7:22",
        "7:40",
        "8:01",
        "8:12",
        "8:22",
        "8:32",
        "8:48",
        "9:05",
        "9:28",
        "10:08",
        "10:48",
        "11:28",
        "12:08",
        "12:50",
        "13:28",
        "14:08",
        "14:48",
        "15:30",
        "15:50",
        "16:10",
        "16:30",
        "17:00",
        "17:33",
        "18:05",
        "18:35",
        "19:04",
        "19:32",
        "20:02",
        "20:37",
        "21:13",
        "21:44"
    ],
    "saturday": [
        "6:47",
        "7:23",
        "8:00",
        "8:36",
        "9:12",
        "9:53",
        "10:37",
        "11:17",
        "11:57",
        "12:37",
        "13:17",
        "13:57",
        "14:37",
        "15:17",
        "16:02",
        "16:40",
        "17:19",
        "17:58",
        "18:37",
        "19:17",
        "20:16",
        "21:19"
    ],
    "holiday": [
        "6:47",
        "7:23",
        "8:00",
        "8:36",
        "9:15",
        "9:53",
        "10:37",
        "11:17",
        "12:17",
        "13:17",
        "14:17",
        "15:17",
        "16:17",
        "17:17",
        "18:16",
        "19:17",
        "20:16",
        "21:19"
    ],
    "url": "https://www.kanachu.co.jp/dia/diagram/timetable01_js/course:0000803442-6/node:00129471/kt:0/lname:/"
}
