{
    "date": "2025/04/01",
    "name": "下大蔵",
    "position": "-",
    "system": "鶴21",
    "destinations": [
        "金井入口",
        "上能ヶ谷",
        "鶴川駅西口",
        "鶴川駅"
    ],
    "weekday": [
        "6:49",
        "7:16",
        "7:32",
        "7:50",
        "8:11",
        "8:22",
        "8:32",
        "8:42",
        "8:58",
        "9:14",
        "9:37",
        "10:17",
        "10:57",
        "11:37",
        "12:17",
        "12:59",
        "13:37",
        "14:18",
        "14:58",
        "15:40",
        "16:00",
        "16:20",
        "16:40",
        "17:10",
        "17:43",
        "18:15",
        "18:45",
        "19:13",
        "19:41",
        "20:11",
        "20:46",
        "21:22",
        "21:53"
    ],
    "saturday": [
        "6:56",
        "7:32",
        "8:09",
        "8:45",
        "9:21",
        "10:02",
        "10:47",
        "11:27",
        "12:07",
        "12:47",
        "13:27",
        "14:07",
        "14:47",
        "15:27",
        "16:12",
        "16:50",
        "17:29",
        "18:08",
        "18:46",
        "19:26",
        "20:25",
        "21:28"
    ],
    "holiday": [
        "6:56",
        "7:32",
        "8:09",
        "8:45",
        "9:24",
        "10:02",
        "10:47",
        "11:27",
        "12:27",
        "13:27",
        "14:27",
        "15:27",
        "16:27",
        "17:27",
        "18:25",
        "19:26",
        "20:25",
        "21:28"
    ],
    "url": "https://www.kanachu.co.jp/dia/diagram/timetable01_js/course:0000803442-14/node:00129437/kt:0/lname:/"
}
