{
    "date": "2025/08/30",
    "name": "日野ヶ丘東",
    "position": "-",
    "system": "上31",
    "destinations": [
        "シティクレスト前",
        "下車ヶ谷",
        "吉原前",
        "吉原下根",
        "吉原(横浜市港南区)",
        "港南区総合庁舎前",
        "笹下港南中央通り",
        "関の下",
        "上大岡駅"
    ],
    "weekday": [
        "6:08",
        "6:36",
        "7:11",
        "10:05",
        "12:40"
    ],
    "saturday": [
        "6:42",
        "9:48",
        "18:58"
    ],
    "holiday": [
        "6:42",
        "9:48"
    ],
    "url": "https://www.kanachu.co.jp/dia/diagram/timetable01_js/course:0000803859-6/node:00126769/kt:0/lname:/"
}
