{
    "date": "2024/03/16",
    "name": "矢沢(横浜市栄区)",
    "position": "-",
    "system": "港84",
    "destinations": [
        "犬山",
        "犬山南",
        "上之中央",
        "上之",
        "紅葉橋(横浜市栄区)",
        "横浜栄高校前",
        "榎戸(横浜市港南区)",
        "横浜女子短期大学前",
        "港南台駅"
    ],
    "weekday": [
        "7:32",
        "9:02",
        "9:22",
        "11:47",
        "13:17",
        "14:17",
        "16:12",
        "16:24"
    ],
    "saturday": [],
    "holiday": [],
    "url": "https://www.kanachu.co.jp/dia/diagram/timetable01_js/course:0000800274-4/node:00126535/kt:0/lname:/"
}
