{
    "date": "2026/01/16",
    "name": "四ツ角(平塚市)",
    "position": "-",
    "system": "平09",
    "destinations": [
        "松原(平塚市)",
        "蔵屋敷",
        "馬入橋",
        "工業団地入口(平塚市)",
        "馬入ふれあい公園入口",
        "長瀞",
        "馬入境",
        "古河電工前(平塚市)",
        "関西ペイント前(平塚市)",
        "工業団地(平塚市)",
        "全農前",
        "小松前",
        "小松電子前",
        "東八幡工業団地",
        "東八幡五丁目",
        "不動ケミカル前",
        "工業団地(平塚市)",
        "関西ペイント前(平塚市)",
        "古河電工前(平塚市)",
        "馬入境",
        "長瀞",
        "馬入ふれあい公園入口",
        "工業団地入口(平塚市)",
        "馬入橋",
        "蔵屋敷",
        "松原(平塚市)",
        "四ツ角(平塚市)",
        "平塚駅北口"
    ],
    "weekday": [
        "6:43",
        "7:07",
        "7:23",
        "7:43",
        "7:48",
        "7:58",
        "8:18",
        "8:53"
    ],
    "saturday": [
        "7:21",
        "7:41",
        "8:41"
    ],
    "holiday": [
        "7:31",
        "8:36"
    ],
    "url": "https://www.kanachu.co.jp/dia/diagram/timetable01_js/course:0000804268-2/node:00127190/kt:0/lname:/"
}
