{
    "date": "2026/01/16",
    "name": "工業団地(平塚市)",
    "position": "-",
    "system": "平09",
    "destinations": [
        "関西ペイント前(平塚市)",
        "古河電工前(平塚市)",
        "馬入境",
        "長瀞",
        "馬入ふれあい公園入口",
        "工業団地入口(平塚市)",
        "馬入橋",
        "蔵屋敷",
        "松原(平塚市)",
        "四ツ角(平塚市)",
        "平塚駅北口"
    ],
    "weekday": [
        "6:57",
        "7:21",
        "7:37",
        "7:57",
        "8:02",
        "8:12",
        "8:32",
        "9:07"
    ],
    "saturday": [
        "7:35",
        "7:55",
        "8:55"
    ],
    "holiday": [
        "7:45",
        "8:50"
    ],
    "url": "https://www.kanachu.co.jp/dia/diagram/timetable01_js/course:0000804268-19/node:00127673/kt:0/lname:/"
}
