{
    "date": "2026/01/16",
    "name": "馬入橋",
    "position": "-",
    "system": "平09",
    "destinations": [
        "蔵屋敷",
        "松原(平塚市)",
        "四ツ角(平塚市)",
        "平塚駅北口"
    ],
    "weekday": [
        "7:03",
        "7:27",
        "7:43",
        "8:03",
        "8:08",
        "8:18",
        "8:38",
        "9:13"
    ],
    "saturday": [
        "7:41",
        "8:01",
        "9:01"
    ],
    "holiday": [
        "7:51",
        "8:56"
    ],
    "url": "https://www.kanachu.co.jp/dia/diagram/timetable01_js/course:0000804268-26/node:00127187/kt:0/lname:/"
}
