{
    "date": "2025/07/27",
    "name": "西大竹",
    "position": "-",
    "system": "平76",
    "destinations": [
        "大竹(秦野市)",
        "東名秦野",
        "猪分",
        "原(足柄上郡中井町)",
        "上井ノ口",
        "井ノ口小学校前",
        "七国峠",
        "七国荘",
        "矢沢(平塚市)",
        "矢沢下",
        "土屋霊園入口",
        "琵琶入口",
        "土屋幼稚園前",
        "中庶子分",
        "神奈川大学",
        "妙円寺前",
        "土沢中学校前",
        "土沢農協前",
        "富士見台病院",
        "飛谷津",
        "吉浜(平塚市)",
        "山入口",
        "山の神(平塚市)",
        "神戸(平塚市)",
        "寺前橋",
        "中沢橋",
        "長久保(平塚市)",
        "公所(平塚市)",
        "堀の内(平塚市)",
        "大町(平塚市)",
        "坂間",
        "河内(平塚市)",
        "徳延",
        "徳延神社前",
        "南原土手",
        "南原(平塚市)",
        "向原(平塚市)",
        "江南高校前",
        "追分(平塚市)",
        "立野町(平塚市)",
        "横浜ゴム前",
        "市役所前(ゴム前/平塚市)",
        "四ツ角(平塚市)",
        "平塚駅北口"
    ],
    "weekday": [
        "5:40",
        "6:10",
        "6:24",
        "7:10",
        "8:07",
        "10:14",
        "11:17",
        "12:17",
        "14:38",
        "16:49",
        "17:53",
        "18:59",
        "20:29"
    ],
    "saturday": [
        "6:28",
        "7:37",
        "8:38",
        "10:29",
        "11:31",
        "12:23",
        "14:38",
        "16:38",
        "17:48",
        "18:48",
        "20:21"
    ],
    "holiday": [
        "6:28",
        "7:37",
        "8:38",
        "10:29",
        "11:31",
        "12:23",
        "14:38",
        "16:38",
        "17:48",
        "18:48",
        "20:21"
    ],
    "url": "https://www.kanachu.co.jp/dia/diagram/timetable01_js/course:0000803383-4/node:00127766/kt:0/lname:/"
}
