{
    "date": "2025/07/27",
    "name": "東名秦野",
    "position": "-",
    "system": "平76",
    "destinations": [
        "猪分",
        "原(足柄上郡中井町)",
        "上井ノ口",
        "井ノ口小学校前",
        "七国峠",
        "七国荘",
        "矢沢(平塚市)",
        "矢沢下",
        "土屋霊園入口",
        "琵琶入口",
        "土屋幼稚園前",
        "中庶子分",
        "神奈川大学",
        "妙円寺前",
        "土沢中学校前",
        "土沢農協前",
        "富士見台病院",
        "飛谷津",
        "吉浜(平塚市)",
        "山入口",
        "山の神(平塚市)",
        "神戸(平塚市)",
        "寺前橋",
        "中沢橋",
        "長久保(平塚市)",
        "公所(平塚市)",
        "堀の内(平塚市)",
        "大町(平塚市)",
        "坂間",
        "河内(平塚市)",
        "徳延",
        "徳延神社前",
        "南原土手",
        "南原(平塚市)",
        "向原(平塚市)",
        "江南高校前",
        "追分(平塚市)",
        "立野町(平塚市)",
        "横浜ゴム前",
        "市役所前(ゴム前/平塚市)",
        "四ツ角(平塚市)",
        "平塚駅北口"
    ],
    "weekday": [
        "5:43",
        "6:13",
        "6:27",
        "7:14",
        "8:11",
        "10:18",
        "11:21",
        "12:21",
        "14:42",
        "16:53",
        "17:57",
        "19:03",
        "20:32"
    ],
    "saturday": [
        "6:32",
        "7:41",
        "8:42",
        "10:33",
        "11:35",
        "12:27",
        "14:42",
        "16:42",
        "17:52",
        "18:52",
        "20:25"
    ],
    "holiday": [
        "6:32",
        "7:41",
        "8:42",
        "10:33",
        "11:35",
        "12:27",
        "14:42",
        "16:42",
        "17:52",
        "18:52",
        "20:25"
    ],
    "url": "https://www.kanachu.co.jp/dia/diagram/timetable01_js/course:0000803383-6/node:00026081/kt:0/lname:/"
}
