{
    "date": "2025/07/27",
    "name": "七国荘",
    "position": "-",
    "system": "平76",
    "destinations": [
        "矢沢(平塚市)",
        "矢沢下",
        "土屋霊園入口",
        "琵琶入口",
        "土屋幼稚園前",
        "中庶子分",
        "神奈川大学",
        "妙円寺前",
        "土沢中学校前",
        "土沢農協前",
        "富士見台病院",
        "飛谷津",
        "吉浜(平塚市)",
        "山入口",
        "山の神(平塚市)",
        "神戸(平塚市)",
        "寺前橋",
        "中沢橋",
        "長久保(平塚市)",
        "公所(平塚市)",
        "堀の内(平塚市)",
        "大町(平塚市)",
        "坂間",
        "河内(平塚市)",
        "徳延",
        "徳延神社前",
        "南原土手",
        "南原(平塚市)",
        "向原(平塚市)",
        "江南高校前",
        "追分(平塚市)",
        "立野町(平塚市)",
        "横浜ゴム前",
        "市役所前(ゴム前/平塚市)",
        "四ツ角(平塚市)",
        "平塚駅北口"
    ],
    "weekday": [
        "5:50",
        "6:20",
        "6:34",
        "7:22",
        "8:19",
        "10:26",
        "11:29",
        "12:29",
        "14:50",
        "17:01",
        "18:05",
        "19:11",
        "20:39"
    ],
    "saturday": [
        "6:39",
        "7:49",
        "8:50",
        "10:41",
        "11:43",
        "12:35",
        "14:50",
        "16:50",
        "18:00",
        "19:00",
        "20:32"
    ],
    "holiday": [
        "6:39",
        "7:49",
        "8:50",
        "10:41",
        "11:43",
        "12:35",
        "14:50",
        "16:50",
        "18:00",
        "19:00",
        "20:32"
    ],
    "url": "https://www.kanachu.co.jp/dia/diagram/timetable01_js/course:0000803383-12/node:00127815/kt:0/lname:/"
}
