{
    "date": "2025/07/27",
    "name": "妙円寺前",
    "position": "-",
    "system": "平76",
    "destinations": [
        "土沢中学校前",
        "土沢農協前",
        "富士見台病院",
        "飛谷津",
        "吉浜(平塚市)",
        "山入口",
        "山の神(平塚市)",
        "神戸(平塚市)",
        "寺前橋",
        "中沢橋",
        "長久保(平塚市)",
        "公所(平塚市)",
        "堀の内(平塚市)",
        "大町(平塚市)",
        "坂間",
        "河内(平塚市)",
        "徳延",
        "徳延神社前",
        "南原土手",
        "南原(平塚市)",
        "向原(平塚市)",
        "江南高校前",
        "追分(平塚市)",
        "立野町(平塚市)",
        "横浜ゴム前",
        "市役所前(ゴム前/平塚市)",
        "四ツ角(平塚市)",
        "平塚駅北口"
    ],
    "weekday": [
        "5:59",
        "6:29",
        "6:43",
        "7:32",
        "8:29",
        "10:35",
        "11:38",
        "12:38",
        "14:59",
        "17:10",
        "18:14",
        "19:20",
        "20:48"
    ],
    "saturday": [
        "6:48",
        "7:58",
        "8:59",
        "10:50",
        "11:52",
        "12:44",
        "14:59",
        "16:59",
        "18:09",
        "19:09",
        "20:41"
    ],
    "holiday": [
        "6:48",
        "7:58",
        "8:59",
        "10:50",
        "11:52",
        "12:44",
        "14:59",
        "16:59",
        "18:09",
        "19:09",
        "20:41"
    ],
    "url": "https://www.kanachu.co.jp/dia/diagram/timetable01_js/course:0000803383-20/node:00127825/kt:0/lname:/"
}
