{
    "date": "2025/07/27",
    "name": "富士見台病院",
    "position": "-",
    "system": "平76",
    "destinations": [
        "飛谷津",
        "吉浜(平塚市)",
        "山入口",
        "山の神(平塚市)",
        "神戸(平塚市)",
        "寺前橋",
        "中沢橋",
        "長久保(平塚市)",
        "公所(平塚市)",
        "堀の内(平塚市)",
        "大町(平塚市)",
        "坂間",
        "河内(平塚市)",
        "徳延",
        "徳延神社前",
        "南原土手",
        "南原(平塚市)",
        "向原(平塚市)",
        "江南高校前",
        "追分(平塚市)",
        "立野町(平塚市)",
        "横浜ゴム前",
        "市役所前(ゴム前/平塚市)",
        "四ツ角(平塚市)",
        "平塚駅北口"
    ],
    "weekday": [
        "6:01",
        "6:31",
        "6:45",
        "7:34",
        "8:31",
        "10:37",
        "11:40",
        "12:40",
        "15:01",
        "17:12",
        "18:16",
        "19:22",
        "20:50"
    ],
    "saturday": [
        "6:50",
        "8:00",
        "9:01",
        "10:52",
        "11:54",
        "12:46",
        "15:01",
        "17:01",
        "18:11",
        "19:11",
        "20:43"
    ],
    "holiday": [
        "6:50",
        "8:00",
        "9:01",
        "10:52",
        "11:54",
        "12:46",
        "15:01",
        "17:01",
        "18:11",
        "19:11",
        "20:43"
    ],
    "url": "https://www.kanachu.co.jp/dia/diagram/timetable01_js/course:0000803383-23/node:00127828/kt:0/lname:/"
}
