{
    "date": "2025/07/27",
    "name": "長久保(平塚市)",
    "position": "-",
    "system": "平76",
    "destinations": [
        "公所(平塚市)",
        "堀の内(平塚市)",
        "大町(平塚市)",
        "坂間",
        "河内(平塚市)",
        "徳延",
        "徳延神社前",
        "南原土手",
        "南原(平塚市)",
        "向原(平塚市)",
        "江南高校前",
        "追分(平塚市)",
        "立野町(平塚市)",
        "横浜ゴム前",
        "市役所前(ゴム前/平塚市)",
        "四ツ角(平塚市)",
        "平塚駅北口"
    ],
    "weekday": [
        "6:08",
        "6:38",
        "6:52",
        "7:42",
        "8:39",
        "10:44",
        "11:47",
        "12:47",
        "15:08",
        "17:19",
        "18:23",
        "19:29",
        "20:57"
    ],
    "saturday": [
        "6:57",
        "8:07",
        "9:08",
        "10:59",
        "12:01",
        "12:53",
        "15:08",
        "17:08",
        "18:18",
        "19:18",
        "20:50"
    ],
    "holiday": [
        "6:57",
        "8:07",
        "9:08",
        "10:59",
        "12:01",
        "12:53",
        "15:08",
        "17:08",
        "18:18",
        "19:18",
        "20:50"
    ],
    "url": "https://www.kanachu.co.jp/dia/diagram/timetable01_js/course:0000803383-31/node:00127568/kt:0/lname:/"
}
