{
    "date": "2025/07/27",
    "name": "公所(平塚市)",
    "position": "-",
    "system": "平76",
    "destinations": [
        "堀の内(平塚市)",
        "大町(平塚市)",
        "坂間",
        "河内(平塚市)",
        "徳延",
        "徳延神社前",
        "南原土手",
        "南原(平塚市)",
        "向原(平塚市)",
        "江南高校前",
        "追分(平塚市)",
        "立野町(平塚市)",
        "横浜ゴム前",
        "市役所前(ゴム前/平塚市)",
        "四ツ角(平塚市)",
        "平塚駅北口"
    ],
    "weekday": [
        "6:09",
        "6:39",
        "6:53",
        "7:43",
        "8:40",
        "10:45",
        "11:48",
        "12:48",
        "15:09",
        "17:20",
        "18:24",
        "19:30",
        "20:58"
    ],
    "saturday": [
        "6:58",
        "8:08",
        "9:09",
        "11:00",
        "12:02",
        "12:54",
        "15:09",
        "17:09",
        "18:19",
        "19:19",
        "20:51"
    ],
    "holiday": [
        "6:58",
        "8:08",
        "9:09",
        "11:00",
        "12:02",
        "12:54",
        "15:09",
        "17:09",
        "18:19",
        "19:19",
        "20:51"
    ],
    "url": "https://www.kanachu.co.jp/dia/diagram/timetable01_js/course:0000803383-32/node:00127567/kt:0/lname:/"
}
