{
    "date": "2025/07/27",
    "name": "大町(平塚市)",
    "position": "-",
    "system": "平76",
    "destinations": [
        "坂間",
        "河内(平塚市)",
        "徳延",
        "徳延神社前",
        "南原土手",
        "南原(平塚市)",
        "向原(平塚市)",
        "江南高校前",
        "追分(平塚市)",
        "立野町(平塚市)",
        "横浜ゴム前",
        "市役所前(ゴム前/平塚市)",
        "四ツ角(平塚市)",
        "平塚駅北口"
    ],
    "weekday": [
        "6:11",
        "6:41",
        "6:55",
        "7:45",
        "8:42",
        "10:47",
        "11:50",
        "12:50",
        "15:11",
        "17:22",
        "18:26",
        "19:32",
        "21:00"
    ],
    "saturday": [
        "7:00",
        "8:10",
        "9:11",
        "11:02",
        "12:04",
        "12:56",
        "15:11",
        "17:11",
        "18:21",
        "19:21",
        "20:53"
    ],
    "holiday": [
        "7:00",
        "8:10",
        "9:11",
        "11:02",
        "12:04",
        "12:56",
        "15:11",
        "17:11",
        "18:21",
        "19:21",
        "20:53"
    ],
    "url": "https://www.kanachu.co.jp/dia/diagram/timetable01_js/course:0000803383-34/node:00127565/kt:0/lname:/"
}
