{
    "date": "2025/07/27",
    "name": "坂間",
    "position": "-",
    "system": "平76",
    "destinations": [
        "河内(平塚市)",
        "徳延",
        "徳延神社前",
        "南原土手",
        "南原(平塚市)",
        "向原(平塚市)",
        "江南高校前",
        "追分(平塚市)",
        "立野町(平塚市)",
        "横浜ゴム前",
        "市役所前(ゴム前/平塚市)",
        "四ツ角(平塚市)",
        "平塚駅北口"
    ],
    "weekday": [
        "6:13",
        "6:43",
        "6:57",
        "7:47",
        "8:44",
        "10:49",
        "11:52",
        "12:52",
        "15:13",
        "17:24",
        "18:28",
        "19:33",
        "21:01"
    ],
    "saturday": [
        "7:02",
        "8:12",
        "9:13",
        "11:04",
        "12:06",
        "12:58",
        "15:13",
        "17:13",
        "18:23",
        "19:22",
        "20:54"
    ],
    "holiday": [
        "7:02",
        "8:12",
        "9:13",
        "11:04",
        "12:06",
        "12:58",
        "15:13",
        "17:13",
        "18:23",
        "19:22",
        "20:54"
    ],
    "url": "https://www.kanachu.co.jp/dia/diagram/timetable01_js/course:0000803383-35/node:00127564/kt:0/lname:/"
}
