{
    "date": "2025/07/27",
    "name": "徳延神社前",
    "position": "-",
    "system": "平76",
    "destinations": [
        "南原土手",
        "南原(平塚市)",
        "向原(平塚市)",
        "江南高校前",
        "追分(平塚市)",
        "立野町(平塚市)",
        "横浜ゴム前",
        "市役所前(ゴム前/平塚市)",
        "四ツ角(平塚市)",
        "平塚駅北口"
    ],
    "weekday": [
        "6:17",
        "6:47",
        "7:01",
        "7:52",
        "8:49",
        "10:52",
        "11:55",
        "12:55",
        "15:16",
        "17:27",
        "18:31",
        "19:36",
        "21:04"
    ],
    "saturday": [
        "7:05",
        "8:15",
        "9:16",
        "11:07",
        "12:09",
        "13:01",
        "15:16",
        "17:16",
        "18:26",
        "19:25",
        "20:57"
    ],
    "holiday": [
        "7:05",
        "8:15",
        "9:16",
        "11:07",
        "12:09",
        "13:01",
        "15:16",
        "17:16",
        "18:26",
        "19:25",
        "20:57"
    ],
    "url": "https://www.kanachu.co.jp/dia/diagram/timetable01_js/course:0000803383-38/node:00127561/kt:0/lname:/"
}
