{
    "date": "2025/07/27",
    "name": "四ツ角(平塚市)",
    "position": "-",
    "system": "平76",
    "destinations": [
        "平塚駅北口"
    ],
    "weekday": [
        "6:30",
        "7:00",
        "7:17",
        "8:08",
        "9:03",
        "11:04",
        "12:07",
        "13:07",
        "15:28",
        "17:42",
        "18:46",
        "19:48",
        "21:16"
    ],
    "saturday": [
        "7:17",
        "8:27",
        "9:28",
        "11:19",
        "12:21",
        "13:13",
        "15:28",
        "17:31",
        "18:41",
        "19:37",
        "21:09"
    ],
    "holiday": [
        "7:17",
        "8:27",
        "9:28",
        "11:19",
        "12:21",
        "13:13",
        "15:28",
        "17:31",
        "18:41",
        "19:37",
        "21:09"
    ],
    "url": "https://www.kanachu.co.jp/dia/diagram/timetable01_js/course:0000803383-47/node:00127190/kt:0/lname:/"
}
