{
    "system": "平76",
    "busstops": [
        {
            "index": "1",
            "id": "00128054",
            "name": "秦野駅南口",
            "lat": "35.369918",
            "lng": "139.225675"
        },
        {
            "index": "2",
            "id": "00127764",
            "name": "秦野郵便局前",
            "lat": "35.368",
            "lng": "139.230835"
        },
        {
            "index": "3",
            "id": "00127765",
            "name": "養泉院",
            "lat": "35.365554",
            "lng": "139.233499"
        },
        {
            "index": "4",
            "id": "00127766",
            "name": "西大竹",
            "lat": "35.36193",
            "lng": "139.234663"
        },
        {
            "index": "5",
            "id": "00127767",
            "name": "大竹(秦野市)",
            "lat": "35.35825",
            "lng": "139.235515"
        },
        {
            "index": "6",
            "id": "00026081",
            "name": "東名秦野",
            "lat": "35.351672",
            "lng": "139.235942"
        },
        {
            "index": "7",
            "id": "00127775",
            "name": "猪分",
            "lat": "35.348113",
            "lng": "139.234687"
        },
        {
            "index": "8",
            "id": "00127776",
            "name": "原(足柄上郡中井町)",
            "lat": "35.345919",
            "lng": "139.233928"
        },
        {
            "index": "9",
            "id": "00127777",
            "name": "上井ノ口",
            "lat": "35.341531",
            "lng": "139.23241"
        },
        {
            "index": "10",
            "id": "00127778",
            "name": "井ノ口小学校前",
            "lat": "35.33909",
            "lng": "139.232629"
        },
        {
            "index": "11",
            "id": "00127814",
            "name": "七国峠",
            "lat": "35.33655",
            "lng": "139.243307"
        },
        {
            "index": "12",
            "id": "00127815",
            "name": "七国荘",
            "lat": "35.338351",
            "lng": "139.246526"
        },
        {
            "index": "13",
            "id": "00127816",
            "name": "矢沢(平塚市)",
            "lat": "35.337882",
            "lng": "139.248916"
        },
        {
            "index": "14",
            "id": "00127817",
            "name": "矢沢下",
            "lat": "35.341302",
            "lng": "139.250662"
        },
        {
            "index": "15",
            "id": "00127818",
            "name": "土屋霊園入口",
            "lat": "35.343101",
            "lng": "139.251185"
        },
        {
            "index": "16",
            "id": "00127819",
            "name": "琵琶入口",
            "lat": "35.34419",
            "lng": "139.253755"
        },
        {
            "index": "17",
            "id": "00127820",
            "name": "土屋幼稚園前",
            "lat": "35.347601",
            "lng": "139.257016"
        },
        {
            "index": "18",
            "id": "00127821",
            "name": "中庶子分",
            "lat": "35.349493",
            "lng": "139.259975"
        },
        {
            "index": "19",
            "id": "00127824",
            "name": "神奈川大学",
            "lat": "35.348448",
            "lng": "139.261405"
        },
        {
            "index": "20",
            "id": "00127825",
            "name": "妙円寺前",
            "lat": "35.347239",
            "lng": "139.264734"
        },
        {
            "index": "21",
            "id": "00127826",
            "name": "土沢中学校前",
            "lat": "35.346008",
            "lng": "139.269958"
        },
        {
            "index": "22",
            "id": "00127827",
            "name": "土沢農協前",
            "lat": "35.345665",
            "lng": "139.271369"
        },
        {
            "index": "23",
            "id": "00127828",
            "name": "富士見台病院",
            "lat": "35.346851",
            "lng": "139.274072"
        },
        {
            "index": "24",
            "id": "00127829",
            "name": "飛谷津",
            "lat": "35.347201",
            "lng": "139.276706"
        },
        {
            "index": "25",
            "id": "00127830",
            "name": "吉浜(平塚市)",
            "lat": "35.346739",
            "lng": "139.279954"
        },
        {
            "index": "26",
            "id": "00127831",
            "name": "山入口",
            "lat": "35.344453",
            "lng": "139.281671"
        },
        {
            "index": "27",
            "id": "00127832",
            "name": "山の神(平塚市)",
            "lat": "35.343816",
            "lng": "139.283169"
        },
        {
            "index": "28",
            "id": "00127833",
            "name": "神戸(平塚市)",
            "lat": "35.344101",
            "lng": "139.290064"
        },
        {
            "index": "29",
            "id": "00127834",
            "name": "寺前橋",
            "lat": "35.34365",
            "lng": "139.291074"
        },
        {
            "index": "30",
            "id": "00127569",
            "name": "中沢橋",
            "lat": "35.342602",
            "lng": "139.294344"
        },
        {
            "index": "31",
            "id": "00127568",
            "name": "長久保(平塚市)",
            "lat": "35.344732",
            "lng": "139.298277"
        },
        {
            "index": "32",
            "id": "00127567",
            "name": "公所(平塚市)",
            "lat": "35.34596",
            "lng": "139.301981"
        },
        {
            "index": "33",
            "id": "00127566",
            "name": "堀の内(平塚市)",
            "lat": "35.345228",
            "lng": "139.304188"
        },
        {
            "index": "34",
            "id": "00127565",
            "name": "大町(平塚市)",
            "lat": "35.341313",
            "lng": "139.304521"
        },
        {
            "index": "35",
            "id": "00127564",
            "name": "坂間",
            "lat": "35.338298",
            "lng": "139.304588"
        },
        {
            "index": "36",
            "id": "00127563",
            "name": "河内(平塚市)",
            "lat": "35.337215",
            "lng": "139.310481"
        },
        {
            "index": "37",
            "id": "00127562",
            "name": "徳延",
            "lat": "35.337519",
            "lng": "139.314777"
        },
        {
            "index": "38",
            "id": "00127561",
            "name": "徳延神社前",
            "lat": "35.338193",
            "lng": "139.318468"
        },
        {
            "index": "39",
            "id": "00127560",
            "name": "南原土手",
            "lat": "35.340116",
            "lng": "139.323452"
        },
        {
            "index": "40",
            "id": "00127559",
            "name": "南原(平塚市)",
            "lat": "35.33909",
            "lng": "139.328274"
        },
        {
            "index": "41",
            "id": "00127558",
            "name": "向原(平塚市)",
            "lat": "35.338081",
            "lng": "139.33083"
        },
        {
            "index": "42",
            "id": "00127557",
            "name": "江南高校前",
            "lat": "35.337154",
            "lng": "139.334505"
        },
        {
            "index": "43",
            "id": "00127556",
            "name": "追分(平塚市)",
            "lat": "35.336297",
            "lng": "139.339242"
        },
        {
            "index": "44",
            "id": "00127555",
            "name": "立野町(平塚市)",
            "lat": "35.335858",
            "lng": "139.341498"
        },
        {
            "index": "45",
            "id": "00127554",
            "name": "横浜ゴム前",
            "lat": "35.335093",
            "lng": "139.344896"
        },
        {
            "index": "46",
            "id": "00127553",
            "name": "市役所前(ゴム前/平塚市)",
            "lat": "35.333646",
            "lng": "139.347366"
        },
        {
            "index": "47",
            "id": "00127190",
            "name": "四ツ角(平塚市)",
            "lat": "35.330399",
            "lng": "139.350432"
        },
        {
            "index": "48",
            "id": "00127464",
            "name": "平塚駅北口",
            "lat": "35.329337",
            "lng": "139.350596"
        }
    ],
    "route_url": "https://www.kanachu.co.jp/dia/route/index/cid:0000803383/"
}
