{
    "date": "2025/08/30",
    "name": "天王山橋",
    "position": "-",
    "system": "戸33",
    "destinations": [
        "前田ハイツ前",
        "川上小学校前(横浜市戸塚区)",
        "公園前(横浜市戸塚区)",
        "富士山下",
        "秋葉",
        "秋葉三叉路",
        "柏尾(横浜市戸塚区)",
        "ポーラ前(横浜市戸塚区)",
        "不動坂(横浜市戸塚区)",
        "ブリヂストン前",
        "元町(横浜市戸塚区)",
        "矢部町",
        "戸塚駅東口"
    ],
    "weekday": [
        "6:32",
        "7:02",
        "7:29",
        "7:41",
        "8:09",
        "8:31",
        "9:09",
        "9:31",
        "10:09",
        "10:31",
        "11:06",
        "11:36",
        "12:06",
        "12:36",
        "13:06",
        "13:36",
        "14:06",
        "14:36",
        "15:06",
        "15:36",
        "16:06",
        "16:36",
        "17:06",
        "17:36",
        "18:02",
        "18:32",
        "19:02",
        "19:32",
        "20:06",
        "20:36",
        "21:06",
        "22:06"
    ],
    "saturday": [
        "7:06",
        "7:26",
        "8:06",
        "8:26",
        "9:09",
        "9:31",
        "10:09",
        "10:31",
        "11:06",
        "11:36",
        "12:06",
        "12:36",
        "13:06",
        "13:36",
        "14:06",
        "14:36",
        "15:06",
        "15:36",
        "16:06",
        "16:36",
        "17:06",
        "17:36",
        "18:06",
        "18:36",
        "19:06",
        "20:06",
        "21:06"
    ],
    "holiday": [
        "7:26",
        "8:06",
        "8:26",
        "9:09",
        "9:31",
        "10:09",
        "10:31",
        "11:06",
        "11:36",
        "12:06",
        "12:36",
        "13:06",
        "13:36",
        "14:06",
        "14:36",
        "15:06",
        "15:36",
        "16:06",
        "16:36",
        "17:06",
        "17:36",
        "18:06",
        "18:36",
        "19:06",
        "20:06",
        "21:06"
    ],
    "url": "https://www.kanachu.co.jp/dia/diagram/timetable01_js/course:0000800198-2/node:00126648/kt:0/lname:/"
}
