{
    "date": "2025/08/30",
    "name": "秋葉",
    "position": "-",
    "system": "戸33",
    "destinations": [
        "秋葉三叉路",
        "柏尾(横浜市戸塚区)",
        "ポーラ前(横浜市戸塚区)",
        "不動坂(横浜市戸塚区)",
        "ブリヂストン前",
        "元町(横浜市戸塚区)",
        "矢部町",
        "戸塚駅東口"
    ],
    "weekday": [
        "6:40",
        "7:10",
        "7:37",
        "7:49",
        "8:17",
        "8:39",
        "9:17",
        "9:39",
        "10:17",
        "10:39",
        "11:14",
        "11:44",
        "12:14",
        "12:44",
        "13:14",
        "13:44",
        "14:14",
        "14:44",
        "15:14",
        "15:44",
        "16:14",
        "16:44",
        "17:14",
        "17:44",
        "18:10",
        "18:40",
        "19:10",
        "19:40",
        "20:14",
        "20:44",
        "21:14",
        "22:14"
    ],
    "saturday": [
        "7:14",
        "7:34",
        "8:14",
        "8:34",
        "9:17",
        "9:39",
        "10:17",
        "10:39",
        "11:14",
        "11:44",
        "12:14",
        "12:44",
        "13:14",
        "13:44",
        "14:14",
        "14:44",
        "15:14",
        "15:44",
        "16:14",
        "16:44",
        "17:14",
        "17:44",
        "18:14",
        "18:44",
        "19:14",
        "20:14",
        "21:14"
    ],
    "holiday": [
        "7:34",
        "8:14",
        "8:34",
        "9:17",
        "9:39",
        "10:17",
        "10:39",
        "11:14",
        "11:44",
        "12:14",
        "12:44",
        "13:14",
        "13:44",
        "14:14",
        "14:44",
        "15:14",
        "15:44",
        "16:14",
        "16:44",
        "17:14",
        "17:44",
        "18:14",
        "18:44",
        "19:14",
        "20:14",
        "21:14"
    ],
    "url": "https://www.kanachu.co.jp/dia/diagram/timetable01_js/course:0000800198-7/node:00126662/kt:0/lname:/"
}
