{
    "date": "2025/08/30",
    "name": "柏尾(横浜市戸塚区)",
    "position": "-",
    "system": "戸33",
    "destinations": [
        "ポーラ前(横浜市戸塚区)",
        "不動坂(横浜市戸塚区)",
        "ブリヂストン前",
        "元町(横浜市戸塚区)",
        "矢部町",
        "戸塚駅東口"
    ],
    "weekday": [
        "6:45",
        "7:15",
        "7:42",
        "7:54",
        "8:22",
        "8:44",
        "9:22",
        "9:44",
        "10:22",
        "10:44",
        "11:19",
        "11:49",
        "12:19",
        "12:49",
        "13:19",
        "13:49",
        "14:19",
        "14:49",
        "15:19",
        "15:49",
        "16:19",
        "16:49",
        "17:19",
        "17:49",
        "18:15",
        "18:45",
        "19:15",
        "19:45",
        "20:19",
        "20:49",
        "21:19",
        "22:19"
    ],
    "saturday": [
        "7:19",
        "7:39",
        "8:19",
        "8:39",
        "9:22",
        "9:44",
        "10:22",
        "10:44",
        "11:19",
        "11:49",
        "12:19",
        "12:49",
        "13:19",
        "13:49",
        "14:19",
        "14:49",
        "15:19",
        "15:49",
        "16:19",
        "16:49",
        "17:19",
        "17:49",
        "18:19",
        "18:49",
        "19:19",
        "20:19",
        "21:19"
    ],
    "holiday": [
        "7:39",
        "8:19",
        "8:39",
        "9:22",
        "9:44",
        "10:22",
        "10:44",
        "11:19",
        "11:49",
        "12:19",
        "12:49",
        "13:19",
        "13:49",
        "14:19",
        "14:49",
        "15:19",
        "15:49",
        "16:19",
        "16:49",
        "17:19",
        "17:49",
        "18:19",
        "18:49",
        "19:19",
        "20:19",
        "21:19"
    ],
    "url": "https://www.kanachu.co.jp/dia/diagram/timetable01_js/course:0000800198-9/node:00126615/kt:0/lname:/"
}
