{
    "date": "2025/08/30",
    "name": "元町(横浜市戸塚区)",
    "position": "-",
    "system": "戸33",
    "destinations": [
        "矢部町",
        "戸塚駅東口"
    ],
    "weekday": [
        "6:50",
        "7:21",
        "7:48",
        "8:00",
        "8:28",
        "8:50",
        "9:28",
        "9:50",
        "10:28",
        "10:50",
        "11:25",
        "11:55",
        "12:25",
        "12:55",
        "13:25",
        "13:55",
        "14:25",
        "14:55",
        "15:25",
        "15:55",
        "16:25",
        "16:55",
        "17:25",
        "17:55",
        "18:21",
        "18:51",
        "19:20",
        "19:50",
        "20:24",
        "20:54",
        "21:24",
        "22:24"
    ],
    "saturday": [
        "7:24",
        "7:44",
        "8:25",
        "8:45",
        "9:28",
        "9:50",
        "10:28",
        "10:50",
        "11:25",
        "11:55",
        "12:25",
        "12:55",
        "13:25",
        "13:55",
        "14:25",
        "14:55",
        "15:25",
        "15:55",
        "16:25",
        "16:55",
        "17:25",
        "17:55",
        "18:25",
        "18:55",
        "19:24",
        "20:24",
        "21:24"
    ],
    "holiday": [
        "7:44",
        "8:25",
        "8:45",
        "9:28",
        "9:50",
        "10:28",
        "10:50",
        "11:25",
        "11:55",
        "12:25",
        "12:55",
        "13:25",
        "13:55",
        "14:25",
        "14:55",
        "15:25",
        "15:55",
        "16:25",
        "16:55",
        "17:25",
        "17:55",
        "18:25",
        "18:55",
        "19:24",
        "20:24",
        "21:24"
    ],
    "url": "https://www.kanachu.co.jp/dia/diagram/timetable01_js/course:0000800198-13/node:00126611/kt:0/lname:/"
}
