{
    "date": "2024/04/01",
    "name": "北方(茅ケ崎市)",
    "position": "-",
    "system": "茅26",
    "destinations": [
        "越の山入口",
        "東岡田",
        "寒川駅入口",
        "寒川駅南口",
        "景観寺",
        "筒井(高座郡寒川町)",
        "大曲(高座郡寒川町)",
        "香川駅入口",
        "大曲橋",
        "変電所前(茅ケ崎市)",
        "西久保(茅ケ崎市)",
        "円蔵",
        "矢畑",
        "肥地力",
        "保健所前(茅ケ崎市)",
        "ジャスコ前(茅ケ崎市)",
        "市民文化会館前(茅ケ崎市)",
        "茅ヶ崎駅"
    ],
    "weekday": [
        "8:57",
        "9:22",
        "9:57",
        "10:22",
        "10:47",
        "11:12",
        "12:12",
        "12:52",
        "13:37",
        "15:07",
        "17:22",
        "18:15"
    ],
    "saturday": [
        "11:32",
        "13:34",
        "15:22",
        "17:22"
    ],
    "holiday": [
        "11:32",
        "13:34",
        "15:22",
        "17:22"
    ],
    "url": "https://www.kanachu.co.jp/dia/diagram/timetable01_js/course:0000800997-3/node:00127150/kt:0/lname:/"
}
