{
    "date": "2024/04/01",
    "name": "東岡田",
    "position": "-",
    "system": "茅26",
    "destinations": [
        "寒川駅入口",
        "寒川駅南口",
        "景観寺",
        "筒井(高座郡寒川町)",
        "大曲(高座郡寒川町)",
        "香川駅入口",
        "大曲橋",
        "変電所前(茅ケ崎市)",
        "西久保(茅ケ崎市)",
        "円蔵",
        "矢畑",
        "肥地力",
        "保健所前(茅ケ崎市)",
        "ジャスコ前(茅ケ崎市)",
        "市民文化会館前(茅ケ崎市)",
        "茅ヶ崎駅"
    ],
    "weekday": [
        "8:59",
        "9:24",
        "9:59",
        "10:24",
        "10:49",
        "11:14",
        "12:14",
        "12:54",
        "13:39",
        "15:09",
        "17:24",
        "18:17"
    ],
    "saturday": [
        "11:34",
        "13:36",
        "15:24",
        "17:24"
    ],
    "holiday": [
        "11:34",
        "13:36",
        "15:24",
        "17:24"
    ],
    "url": "https://www.kanachu.co.jp/dia/diagram/timetable01_js/course:0000800997-5/node:00127152/kt:0/lname:/"
}
