{
    "date": "2024/04/01",
    "name": "寒川駅入口",
    "position": "-",
    "system": "茅26",
    "destinations": [
        "寒川駅南口",
        "景観寺",
        "筒井(高座郡寒川町)",
        "大曲(高座郡寒川町)",
        "香川駅入口",
        "大曲橋",
        "変電所前(茅ケ崎市)",
        "西久保(茅ケ崎市)",
        "円蔵",
        "矢畑",
        "肥地力",
        "保健所前(茅ケ崎市)",
        "ジャスコ前(茅ケ崎市)",
        "市民文化会館前(茅ケ崎市)",
        "茅ヶ崎駅"
    ],
    "weekday": [
        "9:01",
        "9:26",
        "10:01",
        "10:26",
        "10:51",
        "11:16",
        "12:16",
        "12:56",
        "13:41",
        "15:11",
        "17:26",
        "18:19"
    ],
    "saturday": [
        "11:36",
        "13:38",
        "15:26",
        "17:26"
    ],
    "holiday": [
        "11:36",
        "13:38",
        "15:26",
        "17:26"
    ],
    "url": "https://www.kanachu.co.jp/dia/diagram/timetable01_js/course:0000800997-6/node:00127172/kt:0/lname:/"
}
