{
    "date": "2024/04/01",
    "name": "矢畑",
    "position": "-",
    "system": "茅26",
    "destinations": [
        "肥地力",
        "保健所前(茅ケ崎市)",
        "ジャスコ前(茅ケ崎市)",
        "市民文化会館前(茅ケ崎市)",
        "茅ヶ崎駅"
    ],
    "weekday": [
        "9:17",
        "9:42",
        "10:17",
        "10:42",
        "11:07",
        "11:32",
        "12:32",
        "13:12",
        "13:57",
        "15:27",
        "17:43",
        "18:36"
    ],
    "saturday": [
        "11:52",
        "13:54",
        "15:43",
        "17:43"
    ],
    "holiday": [
        "11:53",
        "13:54",
        "15:42",
        "17:43"
    ],
    "url": "https://www.kanachu.co.jp/dia/diagram/timetable01_js/course:0000800997-16/node:00127161/kt:0/lname:/"
}
