{
    "date": "2025/07/12",
    "name": "修道院下",
    "position": "-",
    "system": "藤66",
    "destinations": [
        "修道院前",
        "関東航空前",
        "石原谷",
        "荏原工業団地",
        "茅山(藤沢市)",
        "善行二丁目",
        "善行駅"
    ],
    "weekday": [
        "9:48",
        "10:46"
    ],
    "saturday": [],
    "holiday": [],
    "url": "https://www.kanachu.co.jp/dia/diagram/timetable01_js/course:0000803640-10/node:00127064/kt:0/lname:/"
}
