{
    "date": "2021/10/01",
    "name": "鴨居駅",
    "position": "-",
    "system": "",
    "destinations": [
        "鴨居橋",
        "白山一丁目(横浜市緑区)",
        "白山二丁目(横浜市緑区)",
        "白山中央",
        "白山みどり",
        "白山坂上",
        "白山高校正門前",
        "さわやか苑前",
        "千丸台団地",
        "金草沢",
        "稲荷通",
        "公民館前(横浜市保土ケ谷区)",
        "新井町",
        "新井小学校下",
        "鴨居七丁目",
        "法国寺入口",
        "鴨居六丁目",
        "鴨居町",
        "中村通",
        "鴨居駅"
    ],
    "weekday": [
        "5:54",
        "6:43",
        "7:25",
        "7:38",
        "10:30",
        "12:20",
        "13:30",
        "14:00",
        "15:15",
        "16:00",
        "17:30",
        "18:20",
        "18:40",
        "19:30",
        "20:45"
    ],
    "saturday": [
        "7:15",
        "8:45",
        "11:00",
        "15:00",
        "19:15"
    ],
    "holiday": [
        "7:15",
        "8:45",
        "11:00",
        "15:00",
        "19:15"
    ],
    "url": "https://www.kanachu.co.jp/dia/diagram/timetable01_js/course:0000802805-1/node:00102376/kt:0/lname:/"
}
