{
    "date": "2024/12/16",
    "name": "新大栗橋",
    "position": "-",
    "system": "桜22",
    "destinations": [
        "車橋",
        "諏訪下橋(多摩市)",
        "消防署前(多摩市)",
        "永山駅",
        "諏訪二丁目(多摩市)",
        "諏訪幼稚園前",
        "諏訪南公園",
        "諏訪四丁目(多摩市)",
        "諏訪三丁目(多摩市)"
    ],
    "weekday": [
        "20:43",
        "22:13"
    ],
    "saturday": [
        "20:43",
        "22:13"
    ],
    "holiday": [
        "20:43",
        "21:13"
    ],
    "url": "https://www.kanachu.co.jp/dia/diagram/timetable01_js/course:0000800579-2/node:00020594/kt:0/lname:/"
}
