{
    "date": "2024/12/16",
    "name": "車橋",
    "position": "-",
    "system": "桜22",
    "destinations": [
        "諏訪下橋(多摩市)",
        "消防署前(多摩市)",
        "永山駅",
        "諏訪二丁目(多摩市)",
        "諏訪幼稚園前",
        "諏訪南公園",
        "諏訪四丁目(多摩市)",
        "諏訪三丁目(多摩市)"
    ],
    "weekday": [
        "20:45",
        "22:15"
    ],
    "saturday": [
        "20:45",
        "22:15"
    ],
    "holiday": [
        "20:45",
        "21:15"
    ],
    "url": "https://www.kanachu.co.jp/dia/diagram/timetable01_js/course:0000800579-3/node:00020463/kt:0/lname:/"
}
