{
    "date": "2020/07/13",
    "name": "砂口入口",
    "position": "-",
    "system": "秦96",
    "destinations": [
        "グリーンテク中央",
        "グリーンテク西",
        "才戸",
        "藤沢",
        "中井中学校前",
        "中井町役場入口"
    ],
    "weekday": [
        "6:34",
        "7:44",
        "8:30"
    ],
    "saturday": [],
    "holiday": [],
    "url": "https://www.kanachu.co.jp/dia/diagram/timetable01_js/course:0000800923-9/node:00128035/kt:0/lname:/"
}
