{
    "date": "2024/09/02",
    "name": "グリーンハイム前",
    "position": "-",
    "system": "",
    "destinations": [
        "松陽高校前",
        "阿久和団地入口",
        "阿久和団地東",
        "阿久和団地北",
        "蟹沢公園前",
        "阿久和団地西",
        "集会所前(横浜市瀬谷区)",
        "松陽高校前",
        "グリーンハイム前",
        "いずみ野駅"
    ],
    "weekday": [
        "6:53",
        "7:20",
        "7:40",
        "8:00",
        "8:25",
        "8:50",
        "9:15",
        "9:45",
        "11:55",
        "12:19",
        "12:43",
        "13:07",
        "13:34",
        "13:57",
        "14:21",
        "14:45",
        "15:11",
        "17:21",
        "17:51",
        "18:16",
        "18:36",
        "18:56",
        "19:16",
        "19:36",
        "20:02"
    ],
    "saturday": [
        "7:35",
        "8:00",
        "8:25",
        "8:50",
        "9:15",
        "9:40",
        "10:05",
        "12:06",
        "12:31",
        "12:51",
        "13:11",
        "13:36",
        "14:01",
        "14:26",
        "14:51",
        "15:16",
        "17:31",
        "17:56",
        "18:21",
        "18:46",
        "19:11"
    ],
    "holiday": [
        "7:35",
        "8:00",
        "8:25",
        "8:50",
        "9:15",
        "9:40",
        "10:05",
        "12:06",
        "12:31",
        "12:51",
        "13:11",
        "13:36",
        "14:01",
        "14:26",
        "14:51",
        "15:16",
        "17:31",
        "17:56",
        "18:21",
        "18:46",
        "19:11"
    ],
    "url": "https://www.kanachu.co.jp/dia/diagram/timetable01_js/course:0000800407-2/node:00126940/kt:0/lname:/"
}
