{
    "date": "2024/09/02",
    "name": "松陽高校前",
    "position": "-",
    "system": "",
    "destinations": [
        "阿久和団地入口",
        "阿久和団地東",
        "阿久和団地北",
        "蟹沢公園前",
        "阿久和団地西",
        "集会所前(横浜市瀬谷区)",
        "松陽高校前",
        "グリーンハイム前",
        "いずみ野駅"
    ],
    "weekday": [
        "6:54",
        "7:21",
        "7:41",
        "8:01",
        "8:26",
        "8:51",
        "9:16",
        "9:46",
        "11:56",
        "12:20",
        "12:44",
        "13:08",
        "13:35",
        "13:58",
        "14:22",
        "14:46",
        "15:12",
        "17:22",
        "17:52",
        "18:17",
        "18:37",
        "18:57",
        "19:17",
        "19:37",
        "20:03"
    ],
    "saturday": [
        "7:36",
        "8:01",
        "8:26",
        "8:51",
        "9:16",
        "9:41",
        "10:06",
        "12:07",
        "12:32",
        "12:52",
        "13:12",
        "13:37",
        "14:02",
        "14:27",
        "14:52",
        "15:17",
        "17:32",
        "17:57",
        "18:22",
        "18:47",
        "19:12"
    ],
    "holiday": [
        "7:36",
        "8:01",
        "8:26",
        "8:51",
        "9:16",
        "9:41",
        "10:06",
        "12:07",
        "12:32",
        "12:52",
        "13:12",
        "13:37",
        "14:02",
        "14:27",
        "14:52",
        "15:17",
        "17:32",
        "17:57",
        "18:22",
        "18:47",
        "19:12"
    ],
    "url": "https://www.kanachu.co.jp/dia/diagram/timetable01_js/course:0000800407-3/node:00126939/kt:0/lname:/"
}
