{
    "date": "2024/09/02",
    "name": "阿久和団地北",
    "position": "-",
    "system": "",
    "destinations": [
        "蟹沢公園前",
        "阿久和団地西",
        "集会所前(横浜市瀬谷区)",
        "松陽高校前",
        "グリーンハイム前",
        "いずみ野駅"
    ],
    "weekday": [
        "6:56",
        "7:23",
        "7:43",
        "8:03",
        "8:28",
        "8:53",
        "9:18",
        "9:48",
        "11:58",
        "12:22",
        "12:46",
        "13:10",
        "13:37",
        "14:00",
        "14:24",
        "14:48",
        "15:14",
        "17:24",
        "17:54",
        "18:19",
        "18:39",
        "18:59",
        "19:19",
        "19:39",
        "20:05"
    ],
    "saturday": [
        "7:38",
        "8:03",
        "8:28",
        "8:53",
        "9:18",
        "9:43",
        "10:08",
        "12:09",
        "12:34",
        "12:54",
        "13:14",
        "13:39",
        "14:04",
        "14:29",
        "14:54",
        "15:19",
        "17:34",
        "17:59",
        "18:24",
        "18:49",
        "19:14"
    ],
    "holiday": [
        "7:38",
        "8:03",
        "8:28",
        "8:53",
        "9:18",
        "9:43",
        "10:08",
        "12:09",
        "12:34",
        "12:54",
        "13:14",
        "13:39",
        "14:04",
        "14:29",
        "14:54",
        "15:19",
        "17:34",
        "17:59",
        "18:24",
        "18:49",
        "19:14"
    ],
    "url": "https://www.kanachu.co.jp/dia/diagram/timetable01_js/course:0000800407-6/node:00130218/kt:0/lname:/"
}
