{
    "date": "2024/09/02",
    "name": "松陽高校前",
    "position": "-",
    "system": "い20",
    "destinations": [
        "グリーンハイム前",
        "いずみ野駅"
    ],
    "weekday": [
        "7:00",
        "7:27",
        "7:47",
        "8:07",
        "8:32",
        "8:57",
        "9:22",
        "9:52",
        "12:02",
        "12:26",
        "12:50",
        "13:14",
        "13:41",
        "14:04",
        "14:28",
        "14:52",
        "15:18",
        "17:28",
        "17:58",
        "18:23",
        "18:43",
        "19:03",
        "19:23",
        "19:43",
        "20:09"
    ],
    "saturday": [
        "7:42",
        "8:07",
        "8:32",
        "8:57",
        "9:22",
        "9:47",
        "10:12",
        "12:13",
        "12:38",
        "12:58",
        "13:18",
        "13:43",
        "14:08",
        "14:33",
        "14:58",
        "15:23",
        "17:38",
        "18:03",
        "18:28",
        "18:53",
        "19:18"
    ],
    "holiday": [
        "7:42",
        "8:07",
        "8:32",
        "8:57",
        "9:22",
        "9:47",
        "10:12",
        "12:13",
        "12:38",
        "12:58",
        "13:18",
        "13:43",
        "14:08",
        "14:33",
        "14:58",
        "15:23",
        "17:38",
        "18:03",
        "18:28",
        "18:53",
        "19:18"
    ],
    "url": "https://www.kanachu.co.jp/dia/diagram/timetable01_js/course:0000800407-10/node:00126939/kt:0/lname:/"
}
