{
    "date": "2025/03/15",
    "name": "湘南ライフタウン",
    "position": "-",
    "system": "湘12",
    "destinations": [
        "南原(藤沢市)",
        "矢尻(藤沢市)",
        "遠藤永山",
        "駒寄住宅北",
        "一ノ坪",
        "石川橋",
        "鍛冶山",
        "石川中村",
        "石川山田",
        "南桐原",
        "北警察署前(藤沢市)",
        "湘南台駅東口"
    ],
    "weekday": [
        "6:00",
        "7:20",
        "8:20",
        "9:40",
        "11:00",
        "12:20",
        "13:40",
        "15:00",
        "16:20",
        "17:40",
        "19:00"
    ],
    "saturday": [
        "7:20",
        "8:40",
        "10:00",
        "11:20",
        "12:40",
        "14:00",
        "15:20",
        "16:40",
        "18:00"
    ],
    "holiday": [
        "7:20",
        "8:40",
        "10:00",
        "11:20",
        "12:40",
        "14:00",
        "15:20",
        "16:40",
        "18:00"
    ],
    "url": "https://www.kanachu.co.jp/dia/diagram/timetable01_js/course:0000802774-1/node:00129948/kt:0/lname:/"
}
