{
    "date": "2025/03/15",
    "name": "石川橋",
    "position": "-",
    "system": "湘12",
    "destinations": [
        "鍛冶山",
        "石川中村",
        "石川山田",
        "南桐原",
        "北警察署前(藤沢市)",
        "湘南台駅東口"
    ],
    "weekday": [
        "6:10",
        "7:30",
        "8:30",
        "9:50",
        "11:10",
        "12:30",
        "13:50",
        "15:10",
        "16:30",
        "17:50",
        "19:10"
    ],
    "saturday": [
        "7:30",
        "8:50",
        "10:10",
        "11:30",
        "12:50",
        "14:10",
        "15:30",
        "16:50",
        "18:10"
    ],
    "holiday": [
        "7:30",
        "8:50",
        "10:10",
        "11:30",
        "12:50",
        "14:10",
        "15:30",
        "16:50",
        "18:10"
    ],
    "url": "https://www.kanachu.co.jp/dia/diagram/timetable01_js/course:0000802774-7/node:00127062/kt:0/lname:/"
}
