{
    "date": "2025/03/15",
    "name": "石川中村",
    "position": "-",
    "system": "湘12",
    "destinations": [
        "石川山田",
        "南桐原",
        "北警察署前(藤沢市)",
        "湘南台駅東口"
    ],
    "weekday": [
        "6:13",
        "7:33",
        "8:33",
        "9:53",
        "11:13",
        "12:33",
        "13:53",
        "15:13",
        "16:33",
        "17:53",
        "19:13"
    ],
    "saturday": [
        "7:33",
        "8:53",
        "10:13",
        "11:33",
        "12:53",
        "14:13",
        "15:33",
        "16:53",
        "18:13"
    ],
    "holiday": [
        "7:33",
        "8:53",
        "10:13",
        "11:33",
        "12:53",
        "14:13",
        "15:33",
        "16:53",
        "18:13"
    ],
    "url": "https://www.kanachu.co.jp/dia/diagram/timetable01_js/course:0000802774-9/node:00130498/kt:0/lname:/"
}
