{
    "date": "2025/03/15",
    "name": "北警察署前(藤沢市)",
    "position": "-",
    "system": "湘12",
    "destinations": [
        "湘南台駅東口"
    ],
    "weekday": [
        "6:17",
        "7:38",
        "8:38",
        "9:57",
        "11:17",
        "12:37",
        "13:57",
        "15:17",
        "16:37",
        "17:58",
        "19:17"
    ],
    "saturday": [
        "7:37",
        "8:57",
        "10:17",
        "11:37",
        "12:57",
        "14:17",
        "15:37",
        "16:57",
        "18:17"
    ],
    "holiday": [
        "7:37",
        "8:57",
        "10:17",
        "11:37",
        "12:57",
        "14:17",
        "15:37",
        "16:57",
        "18:17"
    ],
    "url": "https://www.kanachu.co.jp/dia/diagram/timetable01_js/course:0000802774-12/node:00129895/kt:0/lname:/"
}
