{
    "date": "2025/03/15",
    "name": "南大平",
    "position": "-",
    "system": "辻28",
    "destinations": [
        "堤羽根沢",
        "湘南カントリークラブ前",
        "羽根沢",
        "大庭小学校",
        "小糸",
        "城下(藤沢市)",
        "舟地蔵",
        "大六天(藤沢市)",
        "城(藤沢市)",
        "神台公園前",
        "辻堂駅北口"
    ],
    "weekday": [],
    "saturday": [
        "6:43",
        "7:43",
        "9:38",
        "11:40",
        "12:30",
        "13:40",
        "14:30",
        "15:40",
        "17:38",
        "18:43",
        "19:43",
        "20:43"
    ],
    "holiday": [
        "6:43",
        "7:43",
        "9:38",
        "11:40",
        "12:30",
        "13:40",
        "14:30",
        "15:40",
        "17:38",
        "18:43",
        "19:43",
        "20:43"
    ],
    "url": "https://www.kanachu.co.jp/dia/diagram/timetable01_js/course:0000802315-4/node:00129964/kt:0/lname:/"
}
