{
    "date": "2025/03/15",
    "name": "湘南カントリークラブ前",
    "position": "-",
    "system": "辻28",
    "destinations": [
        "羽根沢",
        "大庭小学校",
        "小糸",
        "城下(藤沢市)",
        "舟地蔵",
        "大六天(藤沢市)",
        "城(藤沢市)",
        "神台公園前",
        "辻堂駅北口"
    ],
    "weekday": [],
    "saturday": [
        "6:45",
        "7:45",
        "9:40",
        "11:42",
        "12:32",
        "13:42",
        "14:32",
        "15:42",
        "17:40",
        "18:45",
        "19:45",
        "20:45"
    ],
    "holiday": [
        "6:45",
        "7:45",
        "9:40",
        "11:42",
        "12:32",
        "13:42",
        "14:32",
        "15:42",
        "17:40",
        "18:45",
        "19:45",
        "20:45"
    ],
    "url": "https://www.kanachu.co.jp/dia/diagram/timetable01_js/course:0000802315-6/node:00129962/kt:0/lname:/"
}
