{
    "date": "2025/10/20",
    "name": "山王原(大和市)",
    "position": "-",
    "system": "町87",
    "destinations": [
        "諏訪神社",
        "下鶴間",
        "観音寺前(大和市)",
        "坂下(鶴間/町田市)",
        "円成寺前",
        "大ヶ谷戸(町田市)",
        "町田辻",
        "小川原",
        "南町谷原",
        "町谷原",
        "南農協前",
        "金森四丁目",
        "南中学校前(町田市)",
        "市営住宅入口(町田市)",
        "金森",
        "金森郵便局前",
        "南橋(町田市)",
        "三塚",
        "町田ターミナル前",
        "町田バスセンター"
    ],
    "weekday": [
        "7:57",
        "9:00",
        "10:00",
        "11:00",
        "12:00",
        "13:00",
        "14:00",
        "15:00",
        "16:00",
        "17:00",
        "18:00",
        "19:06"
    ],
    "saturday": [
        "9:01",
        "10:01",
        "11:01",
        "12:00",
        "13:00",
        "14:00",
        "15:00",
        "16:00",
        "17:00",
        "18:00"
    ],
    "holiday": [
        "8:31",
        "9:27",
        "10:30",
        "11:27",
        "12:26",
        "13:26",
        "14:26",
        "15:26",
        "16:26",
        "17:26"
    ],
    "url": "https://www.kanachu.co.jp/dia/diagram/timetable01_js/course:0000803911-4/node:00129526/kt:0/lname:/"
}
