{
    "date": "2025/10/20",
    "name": "下鶴間",
    "position": "-",
    "system": "町87",
    "destinations": [
        "観音寺前(大和市)",
        "坂下(鶴間/町田市)",
        "円成寺前",
        "大ヶ谷戸(町田市)",
        "町田辻",
        "小川原",
        "南町谷原",
        "町谷原",
        "南農協前",
        "金森四丁目",
        "南中学校前(町田市)",
        "市営住宅入口(町田市)",
        "金森",
        "金森郵便局前",
        "南橋(町田市)",
        "三塚",
        "町田ターミナル前",
        "町田バスセンター"
    ],
    "weekday": [
        "7:59",
        "9:02",
        "10:02",
        "11:02",
        "12:02",
        "13:02",
        "14:02",
        "15:02",
        "16:02",
        "17:02",
        "18:02",
        "19:08"
    ],
    "saturday": [
        "9:03",
        "10:03",
        "11:03",
        "12:02",
        "13:02",
        "14:02",
        "15:02",
        "16:02",
        "17:02",
        "18:02"
    ],
    "holiday": [
        "8:33",
        "9:29",
        "10:32",
        "11:29",
        "12:28",
        "13:28",
        "14:28",
        "15:28",
        "16:28",
        "17:28"
    ],
    "url": "https://www.kanachu.co.jp/dia/diagram/timetable01_js/course:0000803911-6/node:00129528/kt:0/lname:/"
}
