{
    "date": "2025/10/20",
    "name": "観音寺前(大和市)",
    "position": "-",
    "system": "町87",
    "destinations": [
        "坂下(鶴間/町田市)",
        "円成寺前",
        "大ヶ谷戸(町田市)",
        "町田辻",
        "小川原",
        "南町谷原",
        "町谷原",
        "南農協前",
        "金森四丁目",
        "南中学校前(町田市)",
        "市営住宅入口(町田市)",
        "金森",
        "金森郵便局前",
        "南橋(町田市)",
        "三塚",
        "町田ターミナル前",
        "町田バスセンター"
    ],
    "weekday": [
        "8:00",
        "9:03",
        "10:03",
        "11:03",
        "12:03",
        "13:03",
        "14:03",
        "15:03",
        "16:03",
        "17:03",
        "18:03",
        "19:09"
    ],
    "saturday": [
        "9:04",
        "10:04",
        "11:04",
        "12:03",
        "13:03",
        "14:03",
        "15:03",
        "16:03",
        "17:03",
        "18:03"
    ],
    "holiday": [
        "8:34",
        "9:30",
        "10:33",
        "11:30",
        "12:29",
        "13:29",
        "14:29",
        "15:29",
        "16:29",
        "17:29"
    ],
    "url": "https://www.kanachu.co.jp/dia/diagram/timetable01_js/course:0000803911-7/node:00129529/kt:0/lname:/"
}
