{
    "date": "2025/10/20",
    "name": "坂下(鶴間/町田市)",
    "position": "-",
    "system": "町87",
    "destinations": [
        "円成寺前",
        "大ヶ谷戸(町田市)",
        "町田辻",
        "小川原",
        "南町谷原",
        "町谷原",
        "南農協前",
        "金森四丁目",
        "南中学校前(町田市)",
        "市営住宅入口(町田市)",
        "金森",
        "金森郵便局前",
        "南橋(町田市)",
        "三塚",
        "町田ターミナル前",
        "町田バスセンター"
    ],
    "weekday": [
        "8:04",
        "9:07",
        "10:07",
        "11:07",
        "12:07",
        "13:07",
        "14:07",
        "15:07",
        "16:07",
        "17:07",
        "18:07",
        "19:13"
    ],
    "saturday": [
        "9:08",
        "10:08",
        "11:08",
        "12:07",
        "13:07",
        "14:07",
        "15:07",
        "16:07",
        "17:07",
        "18:07"
    ],
    "holiday": [
        "8:38",
        "9:34",
        "10:37",
        "11:34",
        "12:33",
        "13:33",
        "14:33",
        "15:33",
        "16:33",
        "17:33"
    ],
    "url": "https://www.kanachu.co.jp/dia/diagram/timetable01_js/course:0000803911-8/node:00130194/kt:0/lname:/"
}
