{
    "date": "2025/10/20",
    "name": "円成寺前",
    "position": "-",
    "system": "町87",
    "destinations": [
        "大ヶ谷戸(町田市)",
        "町田辻",
        "小川原",
        "南町谷原",
        "町谷原",
        "南農協前",
        "金森四丁目",
        "南中学校前(町田市)",
        "市営住宅入口(町田市)",
        "金森",
        "金森郵便局前",
        "南橋(町田市)",
        "三塚",
        "町田ターミナル前",
        "町田バスセンター"
    ],
    "weekday": [
        "8:05",
        "9:08",
        "10:08",
        "11:08",
        "12:08",
        "13:08",
        "14:08",
        "15:08",
        "16:08",
        "17:08",
        "18:08",
        "19:14"
    ],
    "saturday": [
        "9:09",
        "10:09",
        "11:09",
        "12:08",
        "13:08",
        "14:08",
        "15:08",
        "16:08",
        "17:08",
        "18:08"
    ],
    "holiday": [
        "8:39",
        "9:35",
        "10:38",
        "11:35",
        "12:34",
        "13:34",
        "14:34",
        "15:34",
        "16:34",
        "17:34"
    ],
    "url": "https://www.kanachu.co.jp/dia/diagram/timetable01_js/course:0000803911-9/node:00129530/kt:0/lname:/"
}
