{
    "date": "2025/10/20",
    "name": "小川原",
    "position": "-",
    "system": "町87",
    "destinations": [
        "南町谷原",
        "町谷原",
        "南農協前",
        "金森四丁目",
        "南中学校前(町田市)",
        "市営住宅入口(町田市)",
        "金森",
        "金森郵便局前",
        "南橋(町田市)",
        "三塚",
        "町田ターミナル前",
        "町田バスセンター"
    ],
    "weekday": [
        "8:17",
        "9:17",
        "10:17",
        "11:17",
        "12:17",
        "13:17",
        "14:17",
        "15:17",
        "16:17",
        "17:17",
        "18:17",
        "19:23"
    ],
    "saturday": [
        "9:17",
        "10:17",
        "11:17",
        "12:16",
        "13:16",
        "14:16",
        "15:16",
        "16:16",
        "17:16",
        "18:16"
    ],
    "holiday": [
        "8:45",
        "9:43",
        "10:46",
        "11:43",
        "12:42",
        "13:42",
        "14:42",
        "15:42",
        "16:42",
        "17:42"
    ],
    "url": "https://www.kanachu.co.jp/dia/diagram/timetable01_js/course:0000803911-12/node:00129533/kt:0/lname:/"
}
