{
    "date": "2025/10/20",
    "name": "南中学校前(町田市)",
    "position": "-",
    "system": "町87",
    "destinations": [
        "市営住宅入口(町田市)",
        "金森",
        "金森郵便局前",
        "南橋(町田市)",
        "三塚",
        "町田ターミナル前",
        "町田バスセンター"
    ],
    "weekday": [
        "8:24",
        "9:24",
        "10:24",
        "11:24",
        "12:24",
        "13:24",
        "14:24",
        "15:24",
        "16:24",
        "17:24",
        "18:24",
        "19:30"
    ],
    "saturday": [
        "9:24",
        "10:24",
        "11:24",
        "12:24",
        "13:24",
        "14:24",
        "15:24",
        "16:24",
        "17:24",
        "18:24"
    ],
    "holiday": [
        "8:50",
        "9:50",
        "10:53",
        "11:50",
        "12:50",
        "13:50",
        "14:50",
        "15:50",
        "16:50",
        "17:50"
    ],
    "url": "https://www.kanachu.co.jp/dia/diagram/timetable01_js/course:0000803911-17/node:00129538/kt:0/lname:/"
}
