{
    "date": "2025/10/20",
    "name": "三塚",
    "position": "-",
    "system": "町87",
    "destinations": [
        "町田ターミナル前",
        "町田バスセンター"
    ],
    "weekday": [
        "8:29",
        "9:29",
        "10:29",
        "11:29",
        "12:29",
        "13:29",
        "14:29",
        "15:29",
        "16:29",
        "17:29",
        "18:29",
        "19:35"
    ],
    "saturday": [
        "9:29",
        "10:29",
        "11:29",
        "12:29",
        "13:29",
        "14:29",
        "15:29",
        "16:29",
        "17:29",
        "18:29"
    ],
    "holiday": [
        "8:55",
        "9:55",
        "10:58",
        "11:55",
        "12:55",
        "13:55",
        "14:55",
        "15:55",
        "16:55",
        "17:55"
    ],
    "url": "https://www.kanachu.co.jp/dia/diagram/timetable01_js/course:0000803911-22/node:00129543/kt:0/lname:/"
}
