{
    "date": "2024/11/16",
    "name": "藤沢駅北口",
    "position": "-",
    "system": "藤101",
    "destinations": [
        "御所ヶ谷橋",
        "藤が岡1号",
        "藤が岡2号",
        "藤が岡3号",
        "藤が岡4号",
        "藤が岡5号",
        "藤が岡6号",
        "藤が岡7号",
        "藤が岡8号",
        "藤が岡9号",
        "藤が岡10号",
        "藤が岡11号",
        "藤が岡12号",
        "藤が岡13号",
        "藤が岡14号",
        "藤が岡15号",
        "御所ヶ谷橋",
        "藤沢駅北口"
    ],
    "weekday": [
        "6:40",
        "7:10",
        "7:40",
        "8:10",
        "8:30",
        "8:50",
        "9:10",
        "9:30",
        "9:50",
        "10:10",
        "10:30",
        "10:50",
        "11:10",
        "11:30",
        "11:50",
        "12:10",
        "12:30",
        "12:50",
        "13:10",
        "13:30",
        "13:50",
        "14:10",
        "14:30",
        "14:50",
        "15:10",
        "15:30",
        "15:50",
        "16:10",
        "16:30",
        "16:50",
        "17:10",
        "17:30",
        "17:50",
        "18:10",
        "18:30",
        "18:50",
        "19:10",
        "19:30",
        "19:50",
        "20:20",
        "20:50",
        "21:20",
        "21:50",
        "22:20"
    ],
    "saturday": [
        "6:50",
        "7:20",
        "7:50",
        "8:20",
        "8:50",
        "9:10",
        "9:30",
        "9:50",
        "10:10",
        "10:30",
        "10:50",
        "11:10",
        "11:30",
        "11:50",
        "12:10",
        "12:30",
        "12:50",
        "13:10",
        "13:30",
        "13:50",
        "14:10",
        "14:30",
        "14:50",
        "15:10",
        "15:30",
        "15:50",
        "16:10",
        "16:30",
        "16:50",
        "17:10",
        "17:30",
        "17:50",
        "18:10",
        "18:30",
        "18:50",
        "19:20",
        "19:50",
        "20:20",
        "21:00"
    ],
    "holiday": [
        "6:50",
        "7:20",
        "7:50",
        "8:20",
        "8:50",
        "9:10",
        "9:30",
        "9:50",
        "10:10",
        "10:30",
        "10:50",
        "11:10",
        "11:30",
        "11:50",
        "12:10",
        "12:30",
        "12:50",
        "13:10",
        "13:30",
        "13:50",
        "14:10",
        "14:30",
        "14:50",
        "15:10",
        "15:30",
        "15:50",
        "16:10",
        "16:30",
        "16:50",
        "17:10",
        "17:30",
        "17:50",
        "18:10",
        "18:30",
        "18:50",
        "19:20",
        "19:50",
        "20:20",
        "21:00"
    ],
    "url": "https://www.kanachu.co.jp/dia/diagram/timetable01_js/course:0000802584-1/node:00126970/kt:0/lname:/"
}
