{
    "date": "2024/11/16",
    "name": "藤が岡4号",
    "position": "-",
    "system": "藤101",
    "destinations": [
        "藤が岡5号",
        "藤が岡6号",
        "藤が岡7号",
        "藤が岡8号",
        "藤が岡9号",
        "藤が岡10号",
        "藤が岡11号",
        "藤が岡12号",
        "藤が岡13号",
        "藤が岡14号",
        "藤が岡15号",
        "御所ヶ谷橋",
        "藤沢駅北口"
    ],
    "weekday": [
        "6:46",
        "7:16",
        "7:46",
        "8:16",
        "8:36",
        "8:56",
        "9:16",
        "9:36",
        "9:56",
        "10:16",
        "10:36",
        "10:56",
        "11:16",
        "11:36",
        "11:56",
        "12:16",
        "12:36",
        "12:56",
        "13:16",
        "13:36",
        "13:56",
        "14:16",
        "14:36",
        "14:56",
        "15:16",
        "15:36",
        "15:56",
        "16:16",
        "16:36",
        "16:56",
        "17:16",
        "17:36",
        "17:56",
        "18:16",
        "18:36",
        "18:56",
        "19:16",
        "19:36",
        "19:56",
        "20:26",
        "20:56",
        "21:26",
        "21:56",
        "22:26"
    ],
    "saturday": [
        "6:56",
        "7:26",
        "7:56",
        "8:26",
        "8:56",
        "9:16",
        "9:36",
        "9:56",
        "10:16",
        "10:36",
        "10:56",
        "11:16",
        "11:36",
        "11:56",
        "12:16",
        "12:36",
        "12:56",
        "13:16",
        "13:36",
        "13:56",
        "14:16",
        "14:36",
        "14:56",
        "15:16",
        "15:36",
        "15:56",
        "16:16",
        "16:36",
        "16:56",
        "17:16",
        "17:36",
        "17:56",
        "18:16",
        "18:36",
        "18:56",
        "19:26",
        "19:56",
        "20:26",
        "21:06"
    ],
    "holiday": [
        "6:56",
        "7:26",
        "7:56",
        "8:26",
        "8:56",
        "9:16",
        "9:36",
        "9:56",
        "10:16",
        "10:36",
        "10:56",
        "11:16",
        "11:36",
        "11:56",
        "12:16",
        "12:36",
        "12:56",
        "13:16",
        "13:36",
        "13:56",
        "14:16",
        "14:36",
        "14:56",
        "15:16",
        "15:36",
        "15:56",
        "16:16",
        "16:36",
        "16:56",
        "17:16",
        "17:36",
        "17:56",
        "18:16",
        "18:36",
        "18:56",
        "19:26",
        "19:56",
        "20:26",
        "21:06"
    ],
    "url": "https://www.kanachu.co.jp/dia/diagram/timetable01_js/course:0000802584-6/node:00127024/kt:0/lname:/"
}
