{
  "date": "2025/04/01",
  "name": "町田バスセンター",
  "position": "5番のりば",
  "system": "町15",
  "destinations": [
    "町田市役所市民ホール前",
    "妙延寺(町田市)",
    "森野五丁目",
    "森野六丁目",
    "桧台入口",
    "木曽都営入口",
    "境川団地入口",
    "境川団地中央",
    "境川団地",
    "上横町",
    "木曽入口",
    "山崎団地入口",
    "山崎団地センター",
    "給水塔前(山崎団地/町田市)",
    "北一号(町田市)",
    "北二号(町田市)",
    "山崎団地"
  ],
  "weekday": [
    "13:16",
    "14:16",
    "15:16",
    "16:16",
    "17:02",
    "17:35",
    "18:08",
    "18:33",
    "19:05",
    "19:36",
    "20:23",
    "20:43"
  ],
  "saturday": [
    "9:05",
    "10:03",
    "11:13",
    "12:15",
    "12:39",
    "13:15",
    "13:39",
    "14:05",
    "15:05",
    "16:15",
    "17:15",
    "17:44",
    "18:15",
    "18:35",
    "19:05",
    "19:41",
    "20:05",
    "20:35"
  ],
  "holiday": [
    "9:13",
    "10:13",
    "11:13",
    "12:13",
    "12:37",
    "13:13",
    "13:37",
    "14:13",
    "15:13",
    "16:13",
    "17:05",
    "17:41",
    "18:05",
    "18:40",
    "19:05",
    "19:35",
    "20:25"
  ],
  "url": "https://www.kanachu.co.jp/dia/diagram/timetable01_js/course:0000800294-2/node:00025625/kt:0/lname:/dts:1740506400"
}