{
  "date": "2025/04/01",
  "name": "桧台入口",
  "position": "-",
  "system": "町15",
  "destinations": [
    "木曽都営入口",
    "境川団地入口",
    "境川団地中央",
    "境川団地",
    "上横町",
    "木曽入口",
    "山崎団地入口",
    "山崎団地センター",
    "給水塔前(山崎団地/町田市)",
    "北一号(町田市)",
    "北二号(町田市)",
    "山崎団地"
  ],
  "weekday": [
    "13:21",
    "14:21",
    "15:21",
    "16:21",
    "17:07",
    "17:40",
    "18:13",
    "18:38",
    "19:10",
    "19:41",
    "20:28",
    "20:48"
  ],
  "saturday": [
    "9:10",
    "10:08",
    "11:18",
    "12:20",
    "12:44",
    "13:20",
    "13:44",
    "14:10",
    "15:10",
    "16:20",
    "17:20",
    "17:49",
    "18:20",
    "18:40",
    "19:10",
    "19:46",
    "20:10",
    "20:40"
  ],
  "holiday": [
    "9:18",
    "10:18",
    "11:18",
    "12:18",
    "12:42",
    "13:18",
    "13:42",
    "14:18",
    "15:18",
    "16:18",
    "17:10",
    "17:46",
    "18:10",
    "18:45",
    "19:10",
    "19:40",
    "20:30"
  ],
  "url": "https://www.kanachu.co.jp/dia/diagram/timetable01_js/course:0000800294-7/node:00129378/kt:0/lname:/"
}