{
  "date": "2025/04/01",
  "name": "山崎団地センター",
  "position": "-",
  "system": "町15",
  "destinations": [
    "給水塔前(山崎団地/町田市)",
    "北一号(町田市)",
    "北二号(町田市)",
    "山崎団地"
  ],
  "weekday": [
    "13:31",
    "14:31",
    "15:32",
    "16:32",
    "17:18",
    "17:51",
    "18:24",
    "18:49",
    "19:18",
    "19:49",
    "20:36",
    "20:56"
  ],
  "saturday": [
    "9:18",
    "10:16",
    "11:29",
    "12:31",
    "12:55",
    "13:31",
    "13:55",
    "14:21",
    "15:21",
    "16:31",
    "17:31",
    "18:00",
    "18:31",
    "18:51",
    "19:21",
    "19:54",
    "20:18",
    "20:48"
  ],
  "holiday": [
    "9:26",
    "10:26",
    "11:28",
    "12:28",
    "12:52",
    "13:28",
    "13:52",
    "14:28",
    "15:28",
    "16:29",
    "17:21",
    "17:57",
    "18:21",
    "18:56",
    "19:18",
    "19:48",
    "20:38"
  ],
  "url": "https://www.kanachu.co.jp/dia/diagram/timetable01_js/course:0000800294-15/node:00129388/kt:0/lname:/"
}