{
    "date": "2025/03/15",
    "name": "山伏塚",
    "position": "-",
    "system": "茅54",
    "destinations": [
        "神の倉",
        "上の前(茅ケ崎市)",
        "西の谷(茅ケ崎市)",
        "走内",
        "アルバック前",
        "古川(茅ケ崎市)",
        "辻東(茅ケ崎市)",
        "鶴嶺小学校前",
        "登象",
        "肥地力",
        "保健所前(茅ケ崎市)",
        "ジャスコ前(茅ケ崎市)",
        "市民文化会館前(茅ケ崎市)",
        "茅ヶ崎駅"
    ],
    "weekday": [
        "6:38",
        "7:09",
        "7:34",
        "7:54",
        "8:14",
        "8:34",
        "8:54",
        "9:16",
        "9:46",
        "10:04",
        "10:44",
        "11:24",
        "12:04",
        "12:44",
        "13:24",
        "14:04",
        "14:44",
        "15:24",
        "16:04",
        "16:44",
        "17:26",
        "17:46",
        "18:21",
        "18:56",
        "19:41",
        "20:38",
        "21:37"
    ],
    "saturday": [
        "7:49",
        "8:32",
        "9:09",
        "9:29",
        "10:09",
        "11:09",
        "12:09",
        "13:09",
        "14:09",
        "15:09",
        "16:09",
        "17:09",
        "18:09",
        "19:09",
        "20:00",
        "20:53",
        "21:30"
    ],
    "holiday": [
        "8:29",
        "9:09",
        "9:29",
        "10:09",
        "11:09",
        "12:09",
        "13:09",
        "14:09",
        "15:09",
        "16:09",
        "17:09",
        "18:09",
        "19:09",
        "20:01"
    ],
    "url": "https://www.kanachu.co.jp/dia/diagram/timetable01_js/course:0000801267-5/node:00127208/kt:0/lname:/"
}
