{
    "date": "2025/03/15",
    "name": "神の倉",
    "position": "-",
    "system": "茅54",
    "destinations": [
        "上の前(茅ケ崎市)",
        "西の谷(茅ケ崎市)",
        "走内",
        "アルバック前",
        "古川(茅ケ崎市)",
        "辻東(茅ケ崎市)",
        "鶴嶺小学校前",
        "登象",
        "肥地力",
        "保健所前(茅ケ崎市)",
        "ジャスコ前(茅ケ崎市)",
        "市民文化会館前(茅ケ崎市)",
        "茅ヶ崎駅"
    ],
    "weekday": [
        "6:40",
        "7:11",
        "7:36",
        "7:56",
        "8:16",
        "8:36",
        "8:56",
        "9:18",
        "9:48",
        "10:06",
        "10:46",
        "11:26",
        "12:06",
        "12:46",
        "13:26",
        "14:06",
        "14:46",
        "15:26",
        "16:06",
        "16:46",
        "17:28",
        "17:48",
        "18:23",
        "18:58",
        "19:43",
        "20:40",
        "21:39"
    ],
    "saturday": [
        "7:50",
        "8:33",
        "9:10",
        "9:30",
        "10:10",
        "11:10",
        "12:10",
        "13:10",
        "14:10",
        "15:10",
        "16:10",
        "17:10",
        "18:10",
        "19:10",
        "20:01",
        "20:54",
        "21:31"
    ],
    "holiday": [
        "8:30",
        "9:10",
        "9:30",
        "10:10",
        "11:10",
        "12:10",
        "13:10",
        "14:10",
        "15:10",
        "16:10",
        "17:10",
        "18:10",
        "19:10",
        "20:02"
    ],
    "url": "https://www.kanachu.co.jp/dia/diagram/timetable01_js/course:0000801267-6/node:00127207/kt:0/lname:/"
}
