{
    "date": "2025/03/15",
    "name": "ジャスコ前(茅ケ崎市)",
    "position": "-",
    "system": "茅54",
    "destinations": [
        "市民文化会館前(茅ケ崎市)",
        "茅ヶ崎駅"
    ],
    "weekday": [
        "6:54",
        "7:26",
        "7:51",
        "8:11",
        "8:31",
        "8:51",
        "9:11",
        "9:33",
        "10:03",
        "10:21",
        "11:01",
        "11:41",
        "12:21",
        "13:01",
        "13:41",
        "14:21",
        "15:01",
        "15:41",
        "16:21",
        "17:01",
        "17:43",
        "18:03",
        "18:38",
        "19:13",
        "19:58",
        "20:53",
        "21:52"
    ],
    "saturday": [
        "8:04",
        "8:48",
        "9:25",
        "9:45",
        "10:25",
        "11:25",
        "12:25",
        "13:25",
        "14:25",
        "15:25",
        "16:25",
        "17:25",
        "18:25",
        "19:25",
        "20:14",
        "21:07",
        "21:44"
    ],
    "holiday": [
        "8:45",
        "9:25",
        "9:45",
        "10:25",
        "11:25",
        "12:25",
        "13:25",
        "14:25",
        "15:25",
        "16:25",
        "17:25",
        "18:25",
        "19:25",
        "20:14"
    ],
    "url": "https://www.kanachu.co.jp/dia/diagram/timetable01_js/course:0000801267-17/node:00127288/kt:0/lname:/"
}
