{
    "date": "2026/01/16",
    "name": "南光寺前",
    "position": "-",
    "system": "橋57",
    "destinations": [
        "陽原",
        "半在家",
        "田名小学校前",
        "田名バスターミナル",
        "堀の内(相模原市中央区)",
        "雨窪(相模原市中央区)",
        "清水入口(相模原市中央区)",
        "清水(相模原市中央区)",
        "古清水",
        "水場",
        "日々社前",
        "榎戸(相模原市緑区)",
        "大沢まちづくりセンター前",
        "上九沢",
        "六地蔵(相模原市緑区)",
        "上中の原団地",
        "石宮",
        "緑ヶ丘(相模原市緑区)",
        "旭中学校(相模原市緑区)",
        "橋本二丁目",
        "橋本駅南口"
    ],
    "weekday": [
        "5:43",
        "5:58",
        "6:13",
        "6:23",
        "6:33",
        "6:43",
        "6:53",
        "7:23"
    ],
    "saturday": [
        "5:58",
        "6:18",
        "6:38"
    ],
    "holiday": [
        "6:03",
        "6:33"
    ],
    "url": "https://www.kanachu.co.jp/dia/diagram/timetable01_js/course:0000804031-2/node:00129252/kt:0/lname:/"
}
