{
    "date": "2026/01/16",
    "name": "上九沢",
    "position": "-",
    "system": "橋57",
    "destinations": [
        "六地蔵(相模原市緑区)",
        "上中の原団地",
        "石宮",
        "緑ヶ丘(相模原市緑区)",
        "旭中学校(相模原市緑区)",
        "橋本二丁目",
        "橋本駅南口"
    ],
    "weekday": [
        "6:02",
        "6:17",
        "6:32",
        "6:42",
        "6:52",
        "7:02",
        "7:13",
        "7:43"
    ],
    "saturday": [
        "6:18",
        "6:38",
        "6:58"
    ],
    "holiday": [
        "6:23",
        "6:53"
    ],
    "url": "https://www.kanachu.co.jp/dia/diagram/timetable01_js/course:0000804031-16/node:00129110/kt:0/lname:/"
}
