{
    "date": "2025/05/11",
    "name": "朝比奈",
    "position": "-",
    "system": "金24",
    "destinations": [
        "相武隧道",
        "隧道東口",
        "横浜霊園前",
        "森の家前",
        "上郷(横浜市栄区)",
        "長倉町",
        "庄戸入口",
        "庄戸(横浜市栄区)",
        "中島(横浜市栄区)",
        "西ヶ谷入口",
        "西ヶ谷",
        "上郷ネオポリス"
    ],
    "weekday": [
        "8:15",
        "9:57",
        "13:54",
        "15:24",
        "16:54",
        "18:24",
        "19:52",
        "21:32"
    ],
    "saturday": [
        "9:17",
        "10:48",
        "12:30",
        "14:00",
        "15:20",
        "17:10",
        "18:40"
    ],
    "holiday": [
        "9:17",
        "10:48",
        "12:30",
        "14:00",
        "15:20",
        "17:10",
        "18:40"
    ],
    "url": "https://www.kanachu.co.jp/dia/diagram/timetable01_js/course:0000802820-11/node:00113829/kt:0/lname:/"
}
