{
    "date": "2025/05/11",
    "name": "庄戸入口",
    "position": "-",
    "system": "金24",
    "destinations": [
        "庄戸(横浜市栄区)",
        "中島(横浜市栄区)",
        "西ヶ谷入口",
        "西ヶ谷",
        "上郷ネオポリス"
    ],
    "weekday": [
        "8:22",
        "10:05",
        "14:02",
        "15:32",
        "17:02",
        "18:32",
        "19:59",
        "21:39"
    ],
    "saturday": [
        "9:25",
        "10:57",
        "12:39",
        "14:09",
        "15:29",
        "17:19",
        "18:49"
    ],
    "holiday": [
        "9:25",
        "10:57",
        "12:39",
        "14:09",
        "15:29",
        "17:19",
        "18:49"
    ],
    "url": "https://www.kanachu.co.jp/dia/diagram/timetable01_js/course:0000802820-18/node:00126526/kt:0/lname:/"
}
