{
    "system": "上32",
    "busstops": [
        {
            "index": "1",
            "id": "00025554",
            "name": "港南台駅",
            "lat": "35.37466",
            "lng": "139.576719"
        },
        {
            "index": "2",
            "id": "00102495",
            "name": "港南台入口",
            "lat": "35.380377",
            "lng": "139.57865"
        },
        {
            "index": "3",
            "id": "00102574",
            "name": "清水橋(横浜市港南区)",
            "lat": "35.381575",
            "lng": "139.577954"
        },
        {
            "index": "4",
            "id": "00102954",
            "name": "日野(横浜市港南区)",
            "lat": "35.384902",
            "lng": "139.579816"
        },
        {
            "index": "5",
            "id": "00102955",
            "name": "日野小学校前(横浜市港南区)",
            "lat": "35.38734",
            "lng": "139.581405"
        },
        {
            "index": "6",
            "id": "00102994",
            "name": "日野中央公園入口",
            "lat": "35.390344",
            "lng": "139.582423"
        },
        {
            "index": "7",
            "id": "00102958",
            "name": "日野公園墓地入口",
            "lat": "35.393252",
            "lng": "139.58389"
        },
        {
            "index": "8",
            "id": "00102633",
            "name": "新吉原橋",
            "lat": "35.39616",
            "lng": "139.586476"
        },
        {
            "index": "9",
            "id": "00103230",
            "name": "吉原(横浜市港南区)",
            "lat": "35.399159",
            "lng": "139.588277"
        },
        {
            "index": "10",
            "id": "00102499",
            "name": "港南区総合庁舎前",
            "lat": "35.401243",
            "lng": "139.591011"
        },
        {
            "index": "11",
            "id": "00126558",
            "name": "笹下港南中央通り",
            "lat": "35.402284",
            "lng": "139.592948"
        },
        {
            "index": "12",
            "id": "00102671",
            "name": "関の下",
            "lat": "35.405478",
            "lng": "139.595005"
        },
        {
            "index": "13",
            "id": "00102366",
            "name": "上大岡駅",
            "lat": "35.407599",
            "lng": "139.596525"
        }
    ],
    "route_url": "https://www.kanachu.co.jp/dia/route/index/cid:0000801297/"
}
