{
    "date": "2025/03/15",
    "name": "羽鳥郵便局前",
    "position": "-",
    "system": "辻33",
    "destinations": [
        "羽鳥山",
        "南山(藤沢市)",
        "城(藤沢市)",
        "大六天(藤沢市)",
        "舟地蔵",
        "城下(藤沢市)",
        "小糸",
        "大庭小学校",
        "ライフタウン中央(藤沢市)",
        "二番構保健医療センター",
        "駒寄",
        "滝の沢(藤沢市)",
        "滝の沢不動前",
        "湘南ライフタウン",
        "南原(藤沢市)",
        "矢尻(藤沢市)",
        "遠藤松原",
        "宝泉寺(藤沢市)",
        "刈込(藤沢市)",
        "矢崎(藤沢市)",
        "根下(藤沢市)",
        "堂の前(藤沢市)",
        "荒井(藤沢市)",
        "榎戸(藤沢市)",
        "坂口(藤沢市)",
        "古里団地",
        "御所見小学校前",
        "用田(藤沢市)",
        "用田辻",
        "用田神社入口",
        "松葉(藤沢市)",
        "女坂",
        "山根(綾瀬市)",
        "吉岡芝原",
        "綾瀬車庫(綾瀬市)"
    ],
    "weekday": [
        "8:12",
        "10:12",
        "16:12",
        "18:12"
    ],
    "saturday": [
        "10:12",
        "16:14",
        "18:12"
    ],
    "holiday": [
        "10:12",
        "16:14",
        "18:12"
    ],
    "url": "https://www.kanachu.co.jp/dia/diagram/timetable01_js/course:0000802692-3/node:00127086/kt:0/lname:/"
}
