{
    "date": "2025/03/15",
    "name": "舟地蔵",
    "position": "-",
    "system": "辻33",
    "destinations": [
        "城下(藤沢市)",
        "小糸",
        "大庭小学校",
        "ライフタウン中央(藤沢市)",
        "二番構保健医療センター",
        "駒寄",
        "滝の沢(藤沢市)",
        "滝の沢不動前",
        "湘南ライフタウン",
        "南原(藤沢市)",
        "矢尻(藤沢市)",
        "遠藤松原",
        "宝泉寺(藤沢市)",
        "刈込(藤沢市)",
        "矢崎(藤沢市)",
        "根下(藤沢市)",
        "堂の前(藤沢市)",
        "荒井(藤沢市)",
        "榎戸(藤沢市)",
        "坂口(藤沢市)",
        "古里団地",
        "御所見小学校前",
        "用田(藤沢市)",
        "用田辻",
        "用田神社入口",
        "松葉(藤沢市)",
        "女坂",
        "山根(綾瀬市)",
        "吉岡芝原",
        "綾瀬車庫(綾瀬市)"
    ],
    "weekday": [
        "8:18",
        "10:18",
        "16:18",
        "18:18"
    ],
    "saturday": [
        "10:20",
        "16:22",
        "18:20"
    ],
    "holiday": [
        "10:20",
        "16:22",
        "18:20"
    ],
    "url": "https://www.kanachu.co.jp/dia/diagram/timetable01_js/course:0000802692-8/node:00127057/kt:0/lname:/"
}
