{
    "date": "2025/03/15",
    "name": "駒寄",
    "position": "-",
    "system": "辻33",
    "destinations": [
        "滝の沢(藤沢市)",
        "滝の沢不動前",
        "湘南ライフタウン",
        "南原(藤沢市)",
        "矢尻(藤沢市)",
        "遠藤松原",
        "宝泉寺(藤沢市)",
        "刈込(藤沢市)",
        "矢崎(藤沢市)",
        "根下(藤沢市)",
        "堂の前(藤沢市)",
        "荒井(藤沢市)",
        "榎戸(藤沢市)",
        "坂口(藤沢市)",
        "古里団地",
        "御所見小学校前",
        "用田(藤沢市)",
        "用田辻",
        "用田神社入口",
        "松葉(藤沢市)",
        "女坂",
        "山根(綾瀬市)",
        "吉岡芝原",
        "綾瀬車庫(綾瀬市)"
    ],
    "weekday": [
        "8:24",
        "10:24",
        "16:24",
        "18:24"
    ],
    "saturday": [
        "10:26",
        "16:28",
        "18:26"
    ],
    "holiday": [
        "10:26",
        "16:28",
        "18:26"
    ],
    "url": "https://www.kanachu.co.jp/dia/diagram/timetable01_js/course:0000802692-14/node:00129945/kt:0/lname:/"
}
