{
    "date": "2025/03/15",
    "name": "根下(藤沢市)",
    "position": "-",
    "system": "辻33",
    "destinations": [
        "堂の前(藤沢市)",
        "荒井(藤沢市)",
        "榎戸(藤沢市)",
        "坂口(藤沢市)",
        "古里団地",
        "御所見小学校前",
        "用田(藤沢市)",
        "用田辻",
        "用田神社入口",
        "松葉(藤沢市)",
        "女坂",
        "山根(綾瀬市)",
        "吉岡芝原",
        "綾瀬車庫(綾瀬市)"
    ],
    "weekday": [
        "8:39",
        "10:39",
        "16:39",
        "18:39"
    ],
    "saturday": [
        "10:42",
        "16:44",
        "18:42"
    ],
    "holiday": [
        "10:42",
        "16:44",
        "18:42"
    ],
    "url": "https://www.kanachu.co.jp/dia/diagram/timetable01_js/course:0000802692-24/node:00129974/kt:0/lname:/"
}
