{
    "date": "2025/03/15",
    "name": "榎戸(藤沢市)",
    "position": "-",
    "system": "辻33",
    "destinations": [
        "坂口(藤沢市)",
        "古里団地",
        "御所見小学校前",
        "用田(藤沢市)",
        "用田辻",
        "用田神社入口",
        "松葉(藤沢市)",
        "女坂",
        "山根(綾瀬市)",
        "吉岡芝原",
        "綾瀬車庫(綾瀬市)"
    ],
    "weekday": [
        "8:42",
        "10:42",
        "16:42",
        "18:42"
    ],
    "saturday": [
        "10:45",
        "16:47",
        "18:45"
    ],
    "holiday": [
        "10:45",
        "16:47",
        "18:45"
    ],
    "url": "https://www.kanachu.co.jp/dia/diagram/timetable01_js/course:0000802692-27/node:00129977/kt:0/lname:/"
}
