{
    "date": "2022/09/08",
    "name": "日産先進技術開発センター前",
    "position": "-",
    "system": "愛19",
    "destinations": [
        "通信研究所前(厚木市)",
        "若宮橋(厚木市)",
        "榎田",
        "小野橋(厚木市)",
        "小野宮前",
        "広町橋",
        "籠堰橋",
        "聖木",
        "愛甲郵便局前",
        "上愛甲",
        "愛甲橋",
        "堂山",
        "宮前(厚木市)",
        "愛甲石田駅"
    ],
    "weekday": [
        "17:55",
        "18:20",
        "18:30",
        "19:03",
        "19:52",
        "20:21",
        "20:33"
    ],
    "saturday": [],
    "holiday": [],
    "url": "https://www.kanachu.co.jp/dia/diagram/timetable01_js/course:0000800093-2/node:00128519/kt:0/lname:/"
}
