{
    "system": "ー",
    "busstops": [
        {
            "index": "1",
            "id": "00128700",
            "name": "愛川バスセンター",
            "lat": "35.529744",
            "lng": "139.320114"
        },
        {
            "index": "2",
            "id": "00128737",
            "name": "愛川北部病院前",
            "lat": "35.529676",
            "lng": "139.32189"
        },
        {
            "index": "3",
            "id": "00128520",
            "name": "愛川町役場",
            "lat": "35.528732",
            "lng": "139.321121"
        },
        {
            "index": "4",
            "id": "00128326",
            "name": "箕輪(愛甲郡愛川町)",
            "lat": "35.526206",
            "lng": "139.323685"
        },
        {
            "index": "5",
            "id": "00128740",
            "name": "郵便局前(愛甲郡愛川町)",
            "lat": "35.527029",
            "lng": "139.327306"
        },
        {
            "index": "6",
            "id": "00130516",
            "name": "コピオ愛川",
            "lat": "35.532868",
            "lng": "139.329753"
        },
        {
            "index": "7",
            "id": "00128749",
            "name": "春日台団地北",
            "lat": "35.529746",
            "lng": "139.330074"
        },
        {
            "index": "8",
            "id": "00128710",
            "name": "大塚(愛甲郡愛川町)",
            "lat": "35.530996",
            "lng": "139.331313"
        },
        {
            "index": "9",
            "id": "00128711",
            "name": "大塚児童館入口",
            "lat": "35.528241",
            "lng": "139.336299"
        },
        {
            "index": "10",
            "id": "00128712",
            "name": "下大塚",
            "lat": "35.527337",
            "lng": "139.339337"
        },
        {
            "index": "11",
            "id": "00128713",
            "name": "六倉",
            "lat": "35.526437",
            "lng": "139.342447"
        },
        {
            "index": "12",
            "id": "00128382",
            "name": "諏訪東(愛甲郡愛川町)",
            "lat": "35.524074",
            "lng": "139.345291"
        },
        {
            "index": "13",
            "id": "00128387",
            "name": "上六倉",
            "lat": "35.523223",
            "lng": "139.348324"
        },
        {
            "index": "14",
            "id": "00128714",
            "name": "児童遊園地前(愛甲郡愛川町)",
            "lat": "35.524719",
            "lng": "139.347265"
        },
        {
            "index": "15",
            "id": "00128715",
            "name": "六倉坂上",
            "lat": "35.526153",
            "lng": "139.34665"
        },
        {
            "index": "16",
            "id": "00128716",
            "name": "六倉坂",
            "lat": "35.529531",
            "lng": "139.345662"
        },
        {
            "index": "17",
            "id": "00128717",
            "name": "下六倉",
            "lat": "35.527964",
            "lng": "139.347858"
        },
        {
            "index": "18",
            "id": "00130517",
            "name": "大塚下団地",
            "lat": "35.532318",
            "lng": "139.339725"
        },
        {
            "index": "19",
            "id": "00128718",
            "name": "下小沢入口",
            "lat": "35.533767",
            "lng": "139.335825"
        },
        {
            "index": "20",
            "id": "00128719",
            "name": "下小沢",
            "lat": "35.534323",
            "lng": "139.33295"
        },
        {
            "index": "21",
            "id": "00128720",
            "name": "小沢大堀南",
            "lat": "35.535468",
            "lng": "139.331464"
        },
        {
            "index": "22",
            "id": "00128721",
            "name": "小沢大堀北",
            "lat": "35.537326",
            "lng": "139.330679"
        },
        {
            "index": "23",
            "id": "00128722",
            "name": "小沢坂下",
            "lat": "35.53758",
            "lng": "139.329577"
        },
        {
            "index": "24",
            "id": "00128723",
            "name": "小沢坂上",
            "lat": "35.532179",
            "lng": "139.331946"
        },
        {
            "index": "25",
            "id": "00128710",
            "name": "大塚(愛甲郡愛川町)",
            "lat": "35.531062",
            "lng": "139.33159"
        },
        {
            "index": "26",
            "id": "00128749",
            "name": "春日台団地北",
            "lat": "35.529703",
            "lng": "139.330235"
        },
        {
            "index": "27",
            "id": "00130516",
            "name": "コピオ愛川",
            "lat": "35.532868",
            "lng": "139.329753"
        },
        {
            "index": "28",
            "id": "00128740",
            "name": "郵便局前(愛甲郡愛川町)",
            "lat": "35.526948",
            "lng": "139.327456"
        },
        {
            "index": "29",
            "id": "00128326",
            "name": "箕輪(愛甲郡愛川町)",
            "lat": "35.526175",
            "lng": "139.323417"
        },
        {
            "index": "30",
            "id": "00128520",
            "name": "愛川町役場",
            "lat": "35.528508",
            "lng": "139.321159"
        },
        {
            "index": "31",
            "id": "00128737",
            "name": "愛川北部病院前",
            "lat": "35.529717",
            "lng": "139.32184"
        },
        {
            "index": "32",
            "id": "00128700",
            "name": "愛川バスセンター",
            "lat": "35.52974",
            "lng": "139.320187"
        }
    ],
    "route_url": "https://www.kanachu.co.jp/dia/route/index/cid:0000804152/"
}
