{
    "date": "2025/04/19",
    "name": "千代田五丁目",
    "position": "-",
    "system": "相27",
    "destinations": [
        "光が丘一丁目(相模原市中央区)",
        "光が丘小学校前",
        "光が丘大通り",
        "光が丘三丁目(相模原市中央区)",
        "緑が丘一丁目(相模原市中央区)",
        "陽光台六丁目",
        "相模原浄水場",
        "麻溝車庫",
        "友愛病院前",
        "北里大学病院・北里大学",
        "友愛病院前",
        "友愛病院入口",
        "県立相模原公園入口",
        "総合体育館前(相模原市南区)",
        "麻溝台公園前",
        "若草小学校前(相模原市南区)",
        "若草公園前",
        "団地北(相模原市南区)",
        "相武台団地",
        "北相武台",
        "県営住宅入口(座間市)",
        "相武台前駅"
    ],
    "weekday": [
        "6:06",
        "6:37",
        "7:27",
        "8:42",
        "10:50",
        "12:50",
        "14:50",
        "15:45",
        "16:45",
        "17:45",
        "18:45",
        "19:43"
    ],
    "saturday": [
        "7:30",
        "8:29",
        "9:29",
        "10:20",
        "11:20",
        "12:20",
        "13:20",
        "14:20",
        "15:20",
        "16:20",
        "17:20",
        "18:20"
    ],
    "holiday": [
        "7:30",
        "8:30",
        "9:30",
        "10:30",
        "11:20",
        "12:20",
        "13:20",
        "14:20",
        "15:20",
        "16:20",
        "17:20"
    ],
    "url": "https://www.kanachu.co.jp/dia/diagram/timetable01_js/course:0000803532-11/node:00129196/kt:0/lname:/"
}
