{
    "date": "2025/04/19",
    "name": "光が丘小学校前",
    "position": "-",
    "system": "相27",
    "destinations": [
        "光が丘大通り",
        "光が丘三丁目(相模原市中央区)",
        "緑が丘一丁目(相模原市中央区)",
        "陽光台六丁目",
        "相模原浄水場",
        "麻溝車庫",
        "友愛病院前",
        "北里大学病院・北里大学",
        "友愛病院前",
        "友愛病院入口",
        "県立相模原公園入口",
        "総合体育館前(相模原市南区)",
        "麻溝台公園前",
        "若草小学校前(相模原市南区)",
        "若草公園前",
        "団地北(相模原市南区)",
        "相武台団地",
        "北相武台",
        "県営住宅入口(座間市)",
        "相武台前駅"
    ],
    "weekday": [
        "6:08",
        "6:39",
        "7:29",
        "8:44",
        "10:52",
        "12:52",
        "14:52",
        "15:47",
        "16:47",
        "17:47",
        "18:47",
        "19:45"
    ],
    "saturday": [
        "7:32",
        "8:31",
        "9:31",
        "10:22",
        "11:22",
        "12:22",
        "13:22",
        "14:22",
        "15:22",
        "16:22",
        "17:22",
        "18:22"
    ],
    "holiday": [
        "7:32",
        "8:32",
        "9:32",
        "10:32",
        "11:22",
        "12:22",
        "13:22",
        "14:22",
        "15:22",
        "16:22",
        "17:22"
    ],
    "url": "https://www.kanachu.co.jp/dia/diagram/timetable01_js/course:0000803532-13/node:00129122/kt:0/lname:/"
}
