{
    "date": "2025/04/19",
    "name": "光が丘三丁目(相模原市中央区)",
    "position": "-",
    "system": "相27",
    "destinations": [
        "緑が丘一丁目(相模原市中央区)",
        "陽光台六丁目",
        "相模原浄水場",
        "麻溝車庫",
        "友愛病院前",
        "北里大学病院・北里大学",
        "友愛病院前",
        "友愛病院入口",
        "県立相模原公園入口",
        "総合体育館前(相模原市南区)",
        "麻溝台公園前",
        "若草小学校前(相模原市南区)",
        "若草公園前",
        "団地北(相模原市南区)",
        "相武台団地",
        "北相武台",
        "県営住宅入口(座間市)",
        "相武台前駅"
    ],
    "weekday": [
        "6:10",
        "6:41",
        "7:31",
        "8:46",
        "10:54",
        "12:54",
        "14:54",
        "15:49",
        "16:49",
        "17:49",
        "18:49",
        "19:47"
    ],
    "saturday": [
        "7:34",
        "8:33",
        "9:33",
        "10:24",
        "11:24",
        "12:24",
        "13:24",
        "14:24",
        "15:24",
        "16:24",
        "17:24",
        "18:24"
    ],
    "holiday": [
        "7:34",
        "8:34",
        "9:34",
        "10:34",
        "11:24",
        "12:24",
        "13:24",
        "14:24",
        "15:24",
        "16:24",
        "17:24"
    ],
    "url": "https://www.kanachu.co.jp/dia/diagram/timetable01_js/course:0000803532-15/node:00129233/kt:0/lname:/"
}
