{
    "date": "2025/04/19",
    "name": "麻溝車庫",
    "position": "-",
    "system": "相27",
    "destinations": [
        "友愛病院前",
        "北里大学病院・北里大学",
        "友愛病院前",
        "友愛病院入口",
        "県立相模原公園入口",
        "総合体育館前(相模原市南区)",
        "麻溝台公園前",
        "若草小学校前(相模原市南区)",
        "若草公園前",
        "団地北(相模原市南区)",
        "相武台団地",
        "北相武台",
        "県営住宅入口(座間市)",
        "相武台前駅"
    ],
    "weekday": [
        "6:16",
        "6:47",
        "7:37",
        "8:52",
        "11:00",
        "13:00",
        "15:00",
        "15:55",
        "16:55",
        "17:55",
        "18:55",
        "19:52"
    ],
    "saturday": [
        "7:39",
        "8:38",
        "9:38",
        "10:29",
        "11:29",
        "12:29",
        "13:29",
        "14:29",
        "15:29",
        "16:29",
        "17:29",
        "18:29"
    ],
    "holiday": [
        "7:39",
        "8:39",
        "9:39",
        "10:39",
        "11:29",
        "12:29",
        "13:29",
        "14:29",
        "15:29",
        "16:29",
        "17:29"
    ],
    "url": "https://www.kanachu.co.jp/dia/diagram/timetable01_js/course:0000803532-19/node:00129224/kt:0/lname:/"
}
