{
    "date": "2025/04/19",
    "name": "友愛病院入口",
    "position": "-",
    "system": "相27",
    "destinations": [
        "県立相模原公園入口",
        "総合体育館前(相模原市南区)",
        "麻溝台公園前",
        "若草小学校前(相模原市南区)",
        "若草公園前",
        "団地北(相模原市南区)",
        "相武台団地",
        "北相武台",
        "県営住宅入口(座間市)",
        "相武台前駅"
    ],
    "weekday": [
        "6:27",
        "6:58",
        "7:48",
        "9:03",
        "11:09",
        "13:09",
        "15:09",
        "16:04",
        "17:04",
        "18:06",
        "19:08",
        "19:59"
    ],
    "saturday": [
        "7:44",
        "8:44",
        "9:44",
        "10:39",
        "11:39",
        "12:39",
        "13:39",
        "14:39",
        "15:39",
        "16:39",
        "17:39",
        "18:39"
    ],
    "holiday": [
        "7:44",
        "8:44",
        "9:44",
        "10:47",
        "11:37",
        "12:37",
        "13:37",
        "14:37",
        "15:37",
        "16:37",
        "17:37"
    ],
    "url": "https://www.kanachu.co.jp/dia/diagram/timetable01_js/course:0000803532-23/node:00129287/kt:0/lname:/"
}
