{
    "date": "2025/03/15",
    "name": "保健所前(茅ケ崎市)",
    "position": "-",
    "system": "茅48",
    "destinations": [
        "肥地力",
        "登象",
        "鶴嶺小学校前",
        "辻東(茅ケ崎市)",
        "古川(茅ケ崎市)",
        "小中島(茅ケ崎市)",
        "今宿(茅ケ崎市)",
        "町屋(茅ケ崎市)",
        "茶屋町(茅ケ崎市)",
        "十間坂",
        "茅ヶ崎四ツ角",
        "茅ヶ崎駅"
    ],
    "weekday": [
        "6:27",
        "6:34",
        "6:51",
        "7:00",
        "7:15",
        "7:20",
        "7:28",
        "7:38",
        "7:49",
        "8:00",
        "8:22",
        "16:44",
        "17:24",
        "18:04",
        "18:44",
        "19:24",
        "20:14"
    ],
    "saturday": [
        "7:10",
        "9:01",
        "9:49"
    ],
    "holiday": [],
    "url": "https://www.kanachu.co.jp/dia/diagram/timetable01_js/course:0000800605-4/node:00127271/kt:0/lname:/"
}
