{
    "date": "2025/03/15",
    "name": "鶴嶺小学校前",
    "position": "-",
    "system": "茅48",
    "destinations": [
        "辻東(茅ケ崎市)",
        "古川(茅ケ崎市)",
        "小中島(茅ケ崎市)",
        "今宿(茅ケ崎市)",
        "町屋(茅ケ崎市)",
        "茶屋町(茅ケ崎市)",
        "十間坂",
        "茅ヶ崎四ツ角",
        "茅ヶ崎駅"
    ],
    "weekday": [
        "6:31",
        "6:38",
        "6:55",
        "7:05",
        "7:20",
        "7:25",
        "7:33",
        "7:43",
        "7:54",
        "8:05",
        "8:27",
        "16:49",
        "17:29",
        "18:09",
        "18:49",
        "19:29",
        "20:19"
    ],
    "saturday": [
        "7:14",
        "9:06",
        "9:54"
    ],
    "holiday": [],
    "url": "https://www.kanachu.co.jp/dia/diagram/timetable01_js/course:0000800605-7/node:00127200/kt:0/lname:/"
}
