{
    "date": "2025/03/15",
    "name": "町屋(茅ケ崎市)",
    "position": "-",
    "system": "茅48",
    "destinations": [
        "茶屋町(茅ケ崎市)",
        "十間坂",
        "茅ヶ崎四ツ角",
        "茅ヶ崎駅"
    ],
    "weekday": [
        "6:40",
        "6:47",
        "7:04",
        "7:17",
        "7:32",
        "7:37",
        "7:45",
        "7:55",
        "8:06",
        "8:17",
        "8:39",
        "17:01",
        "17:41",
        "18:21",
        "19:01",
        "19:41",
        "20:28"
    ],
    "saturday": [
        "7:24",
        "9:16",
        "10:04"
    ],
    "holiday": [],
    "url": "https://www.kanachu.co.jp/dia/diagram/timetable01_js/course:0000800605-12/node:00127183/kt:0/lname:/"
}
