{
    "date": "2025/03/15",
    "name": "茶屋町(茅ケ崎市)",
    "position": "-",
    "system": "茅48",
    "destinations": [
        "十間坂",
        "茅ヶ崎四ツ角",
        "茅ヶ崎駅"
    ],
    "weekday": [
        "6:41",
        "6:48",
        "7:05",
        "7:18",
        "7:33",
        "7:38",
        "7:46",
        "7:56",
        "8:07",
        "8:18",
        "8:40",
        "17:02",
        "17:42",
        "18:22",
        "19:02",
        "19:42",
        "20:29"
    ],
    "saturday": [
        "7:25",
        "9:17",
        "10:05"
    ],
    "holiday": [],
    "url": "https://www.kanachu.co.jp/dia/diagram/timetable01_js/course:0000800605-13/node:00127182/kt:0/lname:/"
}
