{
    "date": "2025/11/16",
    "name": "三福寺前",
    "position": "-",
    "system": "平88",
    "destinations": [
        "藤田電機前(伊勢原市)",
        "西沼目",
        "つきみの団地",
        "沼目",
        "大田小学校前",
        "下谷上(伊勢原市)",
        "下谷中央",
        "平間入口",
        "大島入口",
        "小鍋島",
        "城島小学校前",
        "城島駐在所前",
        "清雲寺前(平塚市)",
        "豊田本郷駅",
        "新大縄橋",
        "遺跡公園前(平塚市)",
        "中原公園前",
        "中原一丁目(平塚市)",
        "共済病院前総合公園西",
        "追分(平塚市)",
        "営林署前(平塚市)",
        "旭通り(平塚市)",
        "八間通り",
        "平塚文化芸術ホール前",
        "銀座通り(平塚市)",
        "平塚駅北口"
    ],
    "weekday": [
        "5:52",
        "6:35",
        "7:15",
        "7:47",
        "8:47",
        "9:47",
        "10:47",
        "11:47",
        "12:47",
        "13:47",
        "14:47",
        "15:57",
        "16:57",
        "17:57",
        "18:57",
        "19:52"
    ],
    "saturday": [
        "6:02",
        "7:02",
        "8:02",
        "9:02",
        "10:02",
        "11:02",
        "12:02",
        "13:02",
        "14:02",
        "15:02",
        "16:02",
        "17:02",
        "18:02",
        "19:12",
        "20:12"
    ],
    "holiday": [
        "7:02",
        "8:02",
        "9:02",
        "10:02",
        "11:02",
        "12:02",
        "13:02",
        "14:02",
        "15:02",
        "16:02",
        "17:02",
        "18:02",
        "19:12",
        "20:12"
    ],
    "url": "https://www.kanachu.co.jp/dia/diagram/timetable01_js/course:0000801539-3/node:00128095/kt:0/lname:/"
}
