{
    "date": "2025/11/16",
    "name": "平間入口",
    "position": "-",
    "system": "平88",
    "destinations": [
        "大島入口",
        "小鍋島",
        "城島小学校前",
        "城島駐在所前",
        "清雲寺前(平塚市)",
        "豊田本郷駅",
        "新大縄橋",
        "遺跡公園前(平塚市)",
        "中原公園前",
        "中原一丁目(平塚市)",
        "共済病院前総合公園西",
        "追分(平塚市)",
        "営林署前(平塚市)",
        "旭通り(平塚市)",
        "八間通り",
        "平塚文化芸術ホール前",
        "銀座通り(平塚市)",
        "平塚駅北口"
    ],
    "weekday": [
        "5:59",
        "6:42",
        "7:22",
        "7:54",
        "8:54",
        "9:54",
        "10:54",
        "11:54",
        "12:54",
        "13:54",
        "14:54",
        "16:04",
        "17:04",
        "18:04",
        "19:04",
        "19:59"
    ],
    "saturday": [
        "6:09",
        "7:09",
        "8:09",
        "9:09",
        "10:09",
        "11:09",
        "12:09",
        "13:09",
        "14:09",
        "15:09",
        "16:09",
        "17:09",
        "18:09",
        "19:19",
        "20:19"
    ],
    "holiday": [
        "7:09",
        "8:09",
        "9:09",
        "10:09",
        "11:09",
        "12:09",
        "13:09",
        "14:09",
        "15:09",
        "16:09",
        "17:09",
        "18:09",
        "19:19",
        "20:19"
    ],
    "url": "https://www.kanachu.co.jp/dia/diagram/timetable01_js/course:0000801539-11/node:00128103/kt:0/lname:/"
}
