{
    "date": "2025/11/16",
    "name": "平塚文化芸術ホール前",
    "position": "-",
    "system": "平88",
    "destinations": [
        "銀座通り(平塚市)",
        "平塚駅北口"
    ],
    "weekday": [
        "6:19",
        "7:02",
        "7:44",
        "8:16",
        "9:16",
        "10:15",
        "11:15",
        "12:15",
        "13:15",
        "14:15",
        "15:15",
        "16:25",
        "17:26",
        "18:26",
        "19:26",
        "20:19"
    ],
    "saturday": [
        "6:28",
        "7:28",
        "8:28",
        "9:28",
        "10:28",
        "11:28",
        "12:28",
        "13:28",
        "14:28",
        "15:28",
        "16:28",
        "17:28",
        "18:28",
        "19:38",
        "20:38"
    ],
    "holiday": [
        "7:28",
        "8:28",
        "9:28",
        "10:28",
        "11:28",
        "12:28",
        "13:28",
        "14:28",
        "15:28",
        "16:28",
        "17:28",
        "18:28",
        "19:38",
        "20:38"
    ],
    "url": "https://www.kanachu.co.jp/dia/diagram/timetable01_js/course:0000801539-27/node:00127466/kt:0/lname:/"
}
