{
    "date": "2025/07/12",
    "name": "台町(藤沢市)",
    "position": "-",
    "system": "藤40",
    "destinations": [
        "湘南高校前",
        "一中入口(藤沢市)",
        "引地橋",
        "メルシャン前",
        "羽鳥(藤沢市)",
        "明治小学校前",
        "大六天(藤沢市)",
        "舟地蔵",
        "城下(藤沢市)",
        "小糸",
        "大庭小学校",
        "羽根沢",
        "湘南カントリークラブ前",
        "堤羽根沢",
        "ライフタウン入口",
        "丸山大辻",
        "大辻(藤沢市)",
        "小出一本松",
        "湘南ライフタウン"
    ],
    "weekday": [
        "9:58",
        "11:58",
        "13:38",
        "15:38",
        "17:39",
        "19:38",
        "20:37",
        "21:37"
    ],
    "saturday": [
        "6:42",
        "7:42",
        "8:42",
        "9:42",
        "10:43",
        "11:43",
        "12:43",
        "13:43",
        "14:43",
        "15:44",
        "16:44",
        "17:44",
        "18:43",
        "19:37",
        "20:32",
        "21:32"
    ],
    "holiday": [
        "7:42",
        "8:42",
        "9:42",
        "10:43",
        "11:43",
        "12:43",
        "13:43",
        "14:43",
        "15:44",
        "16:44",
        "17:44",
        "18:43",
        "19:37",
        "20:32",
        "21:32"
    ],
    "url": "https://www.kanachu.co.jp/dia/diagram/timetable01_js/course:0000803433-8/node:00127049/kt:0/lname:/"
}
