{
    "date": "2025/07/12",
    "name": "一中入口(藤沢市)",
    "position": "-",
    "system": "藤40",
    "destinations": [
        "引地橋",
        "メルシャン前",
        "羽鳥(藤沢市)",
        "明治小学校前",
        "大六天(藤沢市)",
        "舟地蔵",
        "城下(藤沢市)",
        "小糸",
        "大庭小学校",
        "羽根沢",
        "湘南カントリークラブ前",
        "堤羽根沢",
        "ライフタウン入口",
        "丸山大辻",
        "大辻(藤沢市)",
        "小出一本松",
        "湘南ライフタウン"
    ],
    "weekday": [
        "10:00",
        "12:00",
        "13:40",
        "15:40",
        "17:41",
        "19:40",
        "20:38",
        "21:38"
    ],
    "saturday": [
        "6:43",
        "7:43",
        "8:44",
        "9:44",
        "10:45",
        "11:45",
        "12:45",
        "13:45",
        "14:45",
        "15:46",
        "16:46",
        "17:46",
        "18:45",
        "19:38",
        "20:33",
        "21:33"
    ],
    "holiday": [
        "7:43",
        "8:44",
        "9:44",
        "10:45",
        "11:45",
        "12:45",
        "13:45",
        "14:45",
        "15:46",
        "16:46",
        "17:46",
        "18:45",
        "19:38",
        "20:33",
        "21:33"
    ],
    "url": "https://www.kanachu.co.jp/dia/diagram/timetable01_js/course:0000803433-10/node:00127051/kt:0/lname:/"
}
