{
    "date": "2024/09/02",
    "name": "みやこガーデン",
    "position": "-",
    "system": "弥01",
    "destinations": [
        "岡津幼稚園入口",
        "緑園2丁目",
        "緑園都市駅"
    ],
    "weekday": [
        "6:27",
        "7:07",
        "7:47",
        "8:32",
        "9:12",
        "9:52",
        "10:32",
        "11:12",
        "11:52",
        "12:32",
        "13:12",
        "13:52",
        "14:32",
        "15:12",
        "15:52",
        "16:32",
        "17:12",
        "17:52",
        "18:30",
        "19:12",
        "19:52",
        "20:32"
    ],
    "saturday": [
        "7:45",
        "8:32",
        "9:12",
        "9:52",
        "10:32",
        "11:12",
        "11:52",
        "12:32",
        "13:12",
        "13:52",
        "14:32",
        "15:12",
        "15:52",
        "16:32",
        "17:12",
        "17:52",
        "18:32",
        "19:12",
        "19:52"
    ],
    "holiday": [
        "7:45",
        "8:32",
        "9:12",
        "9:52",
        "10:32",
        "11:12",
        "11:52",
        "12:32",
        "13:12",
        "13:52",
        "14:32",
        "15:12",
        "15:52",
        "16:32",
        "17:12",
        "17:52",
        "18:32",
        "19:12",
        "19:52"
    ],
    "url": "https://www.kanachu.co.jp/dia/diagram/timetable01_js/course:0000801224-6/node:00126917/kt:0/lname:/"
}
