{
    "date": "2024/09/02",
    "name": "岡津幼稚園入口",
    "position": "-",
    "system": "弥01",
    "destinations": [
        "緑園2丁目",
        "緑園都市駅"
    ],
    "weekday": [
        "6:28",
        "7:08",
        "7:48",
        "8:33",
        "9:13",
        "9:53",
        "10:33",
        "11:13",
        "11:53",
        "12:33",
        "13:13",
        "13:53",
        "14:33",
        "15:13",
        "15:53",
        "16:33",
        "17:13",
        "17:53",
        "18:31",
        "19:13",
        "19:53",
        "20:33"
    ],
    "saturday": [
        "7:46",
        "8:33",
        "9:13",
        "9:53",
        "10:33",
        "11:13",
        "11:53",
        "12:33",
        "13:13",
        "13:53",
        "14:33",
        "15:13",
        "15:53",
        "16:33",
        "17:13",
        "17:53",
        "18:33",
        "19:13",
        "19:53"
    ],
    "holiday": [
        "7:46",
        "8:33",
        "9:13",
        "9:53",
        "10:33",
        "11:13",
        "11:53",
        "12:33",
        "13:13",
        "13:53",
        "14:33",
        "15:13",
        "15:53",
        "16:33",
        "17:13",
        "17:53",
        "18:33",
        "19:13",
        "19:53"
    ],
    "url": "https://www.kanachu.co.jp/dia/diagram/timetable01_js/course:0000801224-7/node:00126918/kt:0/lname:/"
}
