{
    "date": "2021/02/01",
    "name": "市立病院(茅ケ崎市)",
    "position": "-",
    "system": "",
    "destinations": [
        "ニュータウン入口(茅ケ崎市)",
        "鶴が台入口",
        "鶴が台中学校南",
        "鶴が台中学校前",
        "甘沼向原",
        "香川小学校入口",
        "教会前(香川/茅ケ崎市)",
        "香川小学校プール前",
        "分教場跡",
        "香川自治会館前",
        "閑居山入口",
        "香川駅",
        "香川南",
        "香川北",
        "北陵高校入口",
        "西方(茅ケ崎市)",
        "下寺尾(茅ケ崎市)",
        "みずき北",
        "北陽中学校入口",
        "カトレアホーム湘南さくら",
        "茅ヶ崎新北陵病院",
        "文教大学",
        "行谷",
        "里山公園西駐車場前",
        "里山公園平成の森前",
        "里山公園",
        "芹沢中部上",
        "芹沢中部(善谷寺前/茅ケ崎市)",
        "芹沢中部下",
        "芹沢細紺",
        "芹沢台田(斎場入口/茅ケ崎市)",
        "芹沢細谷入口",
        "芹沢スポーツ広場",
        "芹沢清水台上",
        "小出小学校西",
        "小出小学校前",
        "小出二本松",
        "堤坂下",
        "堤自治会館前",
        "堤仲谷",
        "浄見寺入口",
        "みずき北",
        "下寺尾(茅ケ崎市)",
        "西方(茅ケ崎市)",
        "北陵高校入口",
        "香川北",
        "香川南",
        "香川駅",
        "閑居山入口",
        "分教場跡",
        "香川小学校プール前",
        "教会前(香川/茅ケ崎市)",
        "香川小学校入口",
        "甘沼向原",
        "鶴が台中学校前",
        "鶴が台中学校南",
        "鶴が台入口",
        "ニュータウン入口(茅ケ崎市)",
        "市立病院(茅ケ崎市)"
    ],
    "weekday": [
        "8:25",
        "10:55",
        "12:25",
        "13:45",
        "16:25",
        "17:45"
    ],
    "saturday": [
        "8:25",
        "10:55",
        "12:25",
        "13:45",
        "16:25"
    ],
    "holiday": [
        "8:25",
        "10:55",
        "12:25",
        "13:45",
        "16:25"
    ],
    "url": "https://www.kanachu.co.jp/dia/diagram/timetable01_js/course:0000801762-1/node:00127153/kt:0/lname:/"
}
