{
    "date": "2021/02/01",
    "name": "里山公園",
    "position": "-",
    "system": "コ09",
    "destinations": [
        "芹沢中部上",
        "芹沢中部(善谷寺前/茅ケ崎市)",
        "芹沢中部下",
        "芹沢細紺",
        "芹沢台田(斎場入口/茅ケ崎市)",
        "芹沢細谷入口",
        "芹沢スポーツ広場",
        "芹沢清水台上",
        "小出小学校西",
        "小出小学校前",
        "小出二本松",
        "堤坂下",
        "堤自治会館前",
        "堤仲谷",
        "浄見寺入口",
        "みずき北",
        "下寺尾(茅ケ崎市)",
        "西方(茅ケ崎市)",
        "北陵高校入口",
        "香川北",
        "香川南",
        "香川駅",
        "閑居山入口",
        "分教場跡",
        "香川小学校プール前",
        "教会前(香川/茅ケ崎市)",
        "香川小学校入口",
        "甘沼向原",
        "鶴が台中学校前",
        "鶴が台中学校南",
        "鶴が台入口",
        "ニュータウン入口(茅ケ崎市)",
        "市立病院(茅ケ崎市)"
    ],
    "weekday": [
        "8:47",
        "11:17",
        "12:47",
        "14:07",
        "16:47",
        "18:07"
    ],
    "saturday": [
        "8:47",
        "11:17",
        "12:47",
        "14:07",
        "16:47"
    ],
    "holiday": [
        "8:47",
        "11:17",
        "12:47",
        "14:07",
        "16:47"
    ],
    "url": "https://www.kanachu.co.jp/dia/diagram/timetable01_js/course:0000801762-27/node:00127335/kt:0/lname:/"
}
