{
    "date": "2021/02/01",
    "name": "芹沢台田(斎場入口/茅ケ崎市)",
    "position": "-",
    "system": "コ09",
    "destinations": [
        "芹沢細谷入口",
        "芹沢スポーツ広場",
        "芹沢清水台上",
        "小出小学校西",
        "小出小学校前",
        "小出二本松",
        "堤坂下",
        "堤自治会館前",
        "堤仲谷",
        "浄見寺入口",
        "みずき北",
        "下寺尾(茅ケ崎市)",
        "西方(茅ケ崎市)",
        "北陵高校入口",
        "香川北",
        "香川南",
        "香川駅",
        "閑居山入口",
        "分教場跡",
        "香川小学校プール前",
        "教会前(香川/茅ケ崎市)",
        "香川小学校入口",
        "甘沼向原",
        "鶴が台中学校前",
        "鶴が台中学校南",
        "鶴が台入口",
        "ニュータウン入口(茅ケ崎市)",
        "市立病院(茅ケ崎市)"
    ],
    "weekday": [
        "8:49",
        "11:19",
        "12:49",
        "14:09",
        "16:49",
        "18:09"
    ],
    "saturday": [
        "8:49",
        "11:19",
        "12:49",
        "14:09",
        "16:49"
    ],
    "holiday": [
        "8:49",
        "11:19",
        "12:49",
        "14:09",
        "16:49"
    ],
    "url": "https://www.kanachu.co.jp/dia/diagram/timetable01_js/course:0000801762-32/node:00127343/kt:0/lname:/"
}
