{
    "date": "2021/02/01",
    "name": "堤自治会館前",
    "position": "-",
    "system": "",
    "destinations": [
        "堤仲谷",
        "浄見寺入口",
        "みずき北",
        "下寺尾(茅ケ崎市)",
        "西方(茅ケ崎市)",
        "北陵高校入口",
        "香川北",
        "香川南",
        "香川駅",
        "閑居山入口",
        "分教場跡",
        "香川小学校プール前",
        "教会前(香川/茅ケ崎市)",
        "香川小学校入口",
        "甘沼向原",
        "鶴が台中学校前",
        "鶴が台中学校南",
        "鶴が台入口",
        "ニュータウン入口(茅ケ崎市)",
        "市立病院(茅ケ崎市)"
    ],
    "weekday": [
        "8:55",
        "11:25",
        "12:55",
        "14:15",
        "16:55",
        "18:15"
    ],
    "saturday": [
        "8:55",
        "11:25",
        "12:55",
        "14:15",
        "16:55"
    ],
    "holiday": [
        "8:55",
        "11:25",
        "12:55",
        "14:15",
        "16:55"
    ],
    "url": "https://www.kanachu.co.jp/dia/diagram/timetable01_js/course:0000801762-40/node:00127356/kt:0/lname:/"
}
