{
    "date": "2021/02/01",
    "name": "香川南",
    "position": "-",
    "system": "",
    "destinations": [
        "香川駅",
        "閑居山入口",
        "分教場跡",
        "香川小学校プール前",
        "教会前(香川/茅ケ崎市)",
        "香川小学校入口",
        "甘沼向原",
        "鶴が台中学校前",
        "鶴が台中学校南",
        "鶴が台入口",
        "ニュータウン入口(茅ケ崎市)",
        "市立病院(茅ケ崎市)"
    ],
    "weekday": [
        "9:01",
        "11:31",
        "13:01",
        "14:21",
        "17:01",
        "18:21"
    ],
    "saturday": [
        "9:01",
        "11:31",
        "13:01",
        "14:21",
        "17:01"
    ],
    "holiday": [
        "9:01",
        "11:31",
        "13:01",
        "14:21",
        "17:01"
    ],
    "url": "https://www.kanachu.co.jp/dia/diagram/timetable01_js/course:0000801762-48/node:00127327/kt:0/lname:/"
}
