{
    "date": "2021/02/01",
    "name": "閑居山入口",
    "position": "-",
    "system": "",
    "destinations": [
        "分教場跡",
        "香川小学校プール前",
        "教会前(香川/茅ケ崎市)",
        "香川小学校入口",
        "甘沼向原",
        "鶴が台中学校前",
        "鶴が台中学校南",
        "鶴が台入口",
        "ニュータウン入口(茅ケ崎市)",
        "市立病院(茅ケ崎市)"
    ],
    "weekday": [
        "9:06",
        "11:36",
        "13:06",
        "14:26",
        "17:06",
        "18:26"
    ],
    "saturday": [
        "9:06",
        "11:36",
        "13:06",
        "14:26",
        "17:06"
    ],
    "holiday": [
        "9:06",
        "11:36",
        "13:06",
        "14:26",
        "17:06"
    ],
    "url": "https://www.kanachu.co.jp/dia/diagram/timetable01_js/course:0000801762-50/node:00127325/kt:0/lname:/"
}
