{
    "date": "2021/02/01",
    "name": "分教場跡",
    "position": "-",
    "system": "",
    "destinations": [
        "香川小学校プール前",
        "教会前(香川/茅ケ崎市)",
        "香川小学校入口",
        "甘沼向原",
        "鶴が台中学校前",
        "鶴が台中学校南",
        "鶴が台入口",
        "ニュータウン入口(茅ケ崎市)",
        "市立病院(茅ケ崎市)"
    ],
    "weekday": [
        "9:07",
        "11:37",
        "13:07",
        "14:27",
        "17:07",
        "18:27"
    ],
    "saturday": [
        "9:07",
        "11:37",
        "13:07",
        "14:27",
        "17:07"
    ],
    "holiday": [
        "9:07",
        "11:37",
        "13:07",
        "14:27",
        "17:07"
    ],
    "url": "https://www.kanachu.co.jp/dia/diagram/timetable01_js/course:0000801762-51/node:00127323/kt:0/lname:/"
}
