{
    "date": "2021/02/01",
    "name": "教会前(香川/茅ケ崎市)",
    "position": "-",
    "system": "",
    "destinations": [
        "香川小学校入口",
        "甘沼向原",
        "鶴が台中学校前",
        "鶴が台中学校南",
        "鶴が台入口",
        "ニュータウン入口(茅ケ崎市)",
        "市立病院(茅ケ崎市)"
    ],
    "weekday": [
        "9:08",
        "11:38",
        "13:08",
        "14:28",
        "17:08",
        "18:28"
    ],
    "saturday": [
        "9:08",
        "11:38",
        "13:08",
        "14:28",
        "17:08"
    ],
    "holiday": [
        "9:08",
        "11:38",
        "13:08",
        "14:28",
        "17:08"
    ],
    "url": "https://www.kanachu.co.jp/dia/diagram/timetable01_js/course:0000801762-53/node:00127321/kt:0/lname:/"
}
