{
    "date": "2021/02/01",
    "name": "鶴が台中学校南",
    "position": "-",
    "system": "",
    "destinations": [
        "鶴が台入口",
        "ニュータウン入口(茅ケ崎市)",
        "市立病院(茅ケ崎市)"
    ],
    "weekday": [
        "9:10",
        "11:40",
        "13:10",
        "14:30",
        "17:10",
        "18:30"
    ],
    "saturday": [
        "9:10",
        "11:40",
        "13:10",
        "14:30",
        "17:10"
    ],
    "holiday": [
        "9:10",
        "11:40",
        "13:10",
        "14:30",
        "17:10"
    ],
    "url": "https://www.kanachu.co.jp/dia/diagram/timetable01_js/course:0000801762-57/node:00127319/kt:0/lname:/"
}
