{
    "date": "2021/02/01",
    "name": "鶴が台入口",
    "position": "-",
    "system": "",
    "destinations": [
        "ニュータウン入口(茅ケ崎市)",
        "市立病院(茅ケ崎市)"
    ],
    "weekday": [
        "9:11",
        "11:41",
        "13:11",
        "14:31",
        "17:11",
        "18:31"
    ],
    "saturday": [
        "9:11",
        "11:41",
        "13:11",
        "14:31",
        "17:11"
    ],
    "holiday": [
        "9:11",
        "11:41",
        "13:11",
        "14:31",
        "17:11"
    ],
    "url": "https://www.kanachu.co.jp/dia/diagram/timetable01_js/course:0000801762-58/node:00127139/kt:0/lname:/"
}
