{
    "date": "2024/01/16",
    "name": "田村十字路",
    "position": "-",
    "system": "平15",
    "destinations": [
        "相模神田",
        "農協神田支所前",
        "柳の内",
        "寄木神社前",
        "真芳寺",
        "ツインシティ大神",
        "大神(平塚市)",
        "下戸田(厚木市)",
        "中戸田",
        "戸田(厚木市)",
        "相川中学校前",
        "愛坪",
        "下酒井",
        "酒井(厚木市)",
        "リバーサイド前(厚木市)",
        "下岡田(厚木市)",
        "岡田(厚木市)",
        "岡田一本杉",
        "富士見町(厚木市)",
        "下宿(厚木市)",
        "旭町(厚木市)",
        "本厚木駅南口"
    ],
    "weekday": [],
    "saturday": [
        "9:36",
        "9:53",
        "10:13",
        "10:35",
        "10:55",
        "11:15",
        "11:35",
        "11:55",
        "12:15",
        "12:35",
        "12:55",
        "13:15",
        "13:35",
        "13:55",
        "14:15",
        "14:35",
        "14:55",
        "15:15",
        "15:35",
        "15:55",
        "16:15",
        "16:35",
        "16:55",
        "17:15",
        "17:35",
        "17:55",
        "18:15",
        "18:35",
        "18:55",
        "19:15",
        "19:35",
        "19:55",
        "20:18"
    ],
    "holiday": [
        "9:36",
        "9:53",
        "10:13",
        "10:35",
        "10:55",
        "11:15",
        "11:35",
        "11:55",
        "12:15",
        "12:35",
        "12:55",
        "13:15",
        "13:35",
        "13:55",
        "14:15",
        "14:35",
        "14:55",
        "15:15",
        "15:35",
        "15:55",
        "16:15",
        "16:35",
        "16:55",
        "17:15",
        "17:35",
        "17:55",
        "18:15",
        "18:35",
        "18:55",
        "19:15",
        "19:35",
        "19:55",
        "20:18"
    ],
    "url": "https://www.kanachu.co.jp/dia/diagram/timetable01_js/course:0000803322-18/node:00127662/kt:0/lname:/"
}
