{
    "date": "2024/01/16",
    "name": "農協神田支所前",
    "position": "-",
    "system": "平15",
    "destinations": [
        "柳の内",
        "寄木神社前",
        "真芳寺",
        "ツインシティ大神",
        "大神(平塚市)",
        "下戸田(厚木市)",
        "中戸田",
        "戸田(厚木市)",
        "相川中学校前",
        "愛坪",
        "下酒井",
        "酒井(厚木市)",
        "リバーサイド前(厚木市)",
        "下岡田(厚木市)",
        "岡田(厚木市)",
        "岡田一本杉",
        "富士見町(厚木市)",
        "下宿(厚木市)",
        "旭町(厚木市)",
        "本厚木駅南口"
    ],
    "weekday": [],
    "saturday": [
        "9:39",
        "9:56",
        "10:16",
        "10:38",
        "10:58",
        "11:18",
        "11:38",
        "11:58",
        "12:18",
        "12:38",
        "12:58",
        "13:18",
        "13:38",
        "13:58",
        "14:18",
        "14:38",
        "14:58",
        "15:18",
        "15:38",
        "15:58",
        "16:18",
        "16:38",
        "16:58",
        "17:18",
        "17:38",
        "17:58",
        "18:18",
        "18:38",
        "18:58",
        "19:18",
        "19:37",
        "19:57",
        "20:20"
    ],
    "holiday": [
        "9:39",
        "9:56",
        "10:16",
        "10:38",
        "10:58",
        "11:18",
        "11:38",
        "11:58",
        "12:18",
        "12:38",
        "12:58",
        "13:18",
        "13:38",
        "13:58",
        "14:18",
        "14:38",
        "14:58",
        "15:18",
        "15:38",
        "15:58",
        "16:18",
        "16:38",
        "16:58",
        "17:18",
        "17:38",
        "17:58",
        "18:18",
        "18:38",
        "18:58",
        "19:18",
        "19:37",
        "19:57",
        "20:20"
    ],
    "url": "https://www.kanachu.co.jp/dia/diagram/timetable01_js/course:0000803322-20/node:00127664/kt:0/lname:/"
}
