{
    "date": "2024/01/16",
    "name": "大神(平塚市)",
    "position": "-",
    "system": "平153",
    "destinations": [
        "下戸田(厚木市)",
        "中戸田",
        "戸田(厚木市)",
        "相川中学校前",
        "愛坪",
        "下酒井",
        "酒井(厚木市)",
        "リバーサイド前(厚木市)",
        "下岡田(厚木市)",
        "岡田(厚木市)",
        "岡田一本杉",
        "富士見町(厚木市)",
        "下宿(厚木市)",
        "旭町(厚木市)",
        "本厚木駅南口"
    ],
    "weekday": [],
    "saturday": [
        "9:53",
        "10:10",
        "10:30",
        "10:52",
        "11:12",
        "11:32",
        "11:52",
        "12:12",
        "12:32",
        "12:52",
        "13:12",
        "13:32",
        "13:52",
        "14:12",
        "14:32",
        "14:52",
        "15:12",
        "15:32",
        "15:52",
        "16:12",
        "16:32",
        "16:52",
        "17:12",
        "17:32",
        "17:52",
        "18:12",
        "18:32",
        "18:52",
        "19:12",
        "19:32",
        "19:49",
        "20:09",
        "20:32"
    ],
    "holiday": [
        "9:53",
        "10:10",
        "10:30",
        "10:52",
        "11:12",
        "11:32",
        "11:52",
        "12:12",
        "12:32",
        "12:52",
        "13:12",
        "13:32",
        "13:52",
        "14:12",
        "14:32",
        "14:52",
        "15:12",
        "15:32",
        "15:52",
        "16:12",
        "16:32",
        "16:52",
        "17:12",
        "17:32",
        "17:52",
        "18:12",
        "18:32",
        "18:52",
        "19:12",
        "19:32",
        "19:49",
        "20:09",
        "20:32"
    ],
    "url": "https://www.kanachu.co.jp/dia/diagram/timetable01_js/course:0000803322-25/node:00128631/kt:0/lname:/"
}
