{
    "date": "2024/01/16",
    "name": "戸田(厚木市)",
    "position": "-",
    "system": "平153",
    "destinations": [
        "相川中学校前",
        "愛坪",
        "下酒井",
        "酒井(厚木市)",
        "リバーサイド前(厚木市)",
        "下岡田(厚木市)",
        "岡田(厚木市)",
        "岡田一本杉",
        "富士見町(厚木市)",
        "下宿(厚木市)",
        "旭町(厚木市)",
        "本厚木駅南口"
    ],
    "weekday": [],
    "saturday": [
        "9:56",
        "10:13",
        "10:33",
        "10:55",
        "11:15",
        "11:35",
        "11:55",
        "12:15",
        "12:35",
        "12:55",
        "13:15",
        "13:35",
        "13:55",
        "14:15",
        "14:35",
        "14:55",
        "15:15",
        "15:35",
        "15:55",
        "16:15",
        "16:35",
        "16:55",
        "17:15",
        "17:35",
        "17:55",
        "18:15",
        "18:35",
        "18:55",
        "19:15",
        "19:35",
        "19:52",
        "20:12",
        "20:35"
    ],
    "holiday": [
        "9:56",
        "10:13",
        "10:33",
        "10:55",
        "11:15",
        "11:35",
        "11:55",
        "12:15",
        "12:35",
        "12:55",
        "13:15",
        "13:35",
        "13:55",
        "14:15",
        "14:35",
        "14:55",
        "15:15",
        "15:35",
        "15:55",
        "16:15",
        "16:35",
        "16:55",
        "17:15",
        "17:35",
        "17:55",
        "18:15",
        "18:35",
        "18:55",
        "19:15",
        "19:35",
        "19:52",
        "20:12",
        "20:35"
    ],
    "url": "https://www.kanachu.co.jp/dia/diagram/timetable01_js/course:0000803322-28/node:00128628/kt:0/lname:/"
}
