{
    "date": "2024/01/16",
    "name": "岡田(厚木市)",
    "position": "-",
    "system": "平15",
    "destinations": [
        "岡田一本杉",
        "富士見町(厚木市)",
        "下宿(厚木市)",
        "旭町(厚木市)",
        "本厚木駅南口"
    ],
    "weekday": [],
    "saturday": [
        "10:04",
        "10:21",
        "10:41",
        "11:03",
        "11:23",
        "11:43",
        "12:03",
        "12:23",
        "12:43",
        "13:03",
        "13:25",
        "13:45",
        "14:05",
        "14:25",
        "14:45",
        "15:05",
        "15:25",
        "15:45",
        "16:05",
        "16:25",
        "16:45",
        "17:05",
        "17:25",
        "17:45",
        "18:05",
        "18:25",
        "18:45",
        "19:05",
        "19:25",
        "19:43",
        "20:00",
        "20:20",
        "20:43"
    ],
    "holiday": [
        "10:04",
        "10:21",
        "10:41",
        "11:03",
        "11:23",
        "11:43",
        "12:03",
        "12:23",
        "12:43",
        "13:03",
        "13:25",
        "13:45",
        "14:05",
        "14:25",
        "14:45",
        "15:05",
        "15:25",
        "15:45",
        "16:05",
        "16:25",
        "16:45",
        "17:05",
        "17:25",
        "17:45",
        "18:05",
        "18:25",
        "18:45",
        "19:05",
        "19:25",
        "19:43",
        "20:00",
        "20:20",
        "20:43"
    ],
    "url": "https://www.kanachu.co.jp/dia/diagram/timetable01_js/course:0000803322-35/node:00128641/kt:0/lname:/"
}
