{
    "date": "2024/01/16",
    "name": "下宿(厚木市)",
    "position": "-",
    "system": "平153",
    "destinations": [
        "旭町(厚木市)",
        "本厚木駅南口"
    ],
    "weekday": [],
    "saturday": [
        "10:08",
        "10:25",
        "10:45",
        "11:07",
        "11:27",
        "11:47",
        "12:07",
        "12:27",
        "12:47",
        "13:07",
        "13:29",
        "13:49",
        "14:09",
        "14:29",
        "14:49",
        "15:09",
        "15:29",
        "15:49",
        "16:09",
        "16:29",
        "16:49",
        "17:09",
        "17:29",
        "17:49",
        "18:09",
        "18:29",
        "18:49",
        "19:09",
        "19:29",
        "19:46",
        "20:03",
        "20:23",
        "20:46"
    ],
    "holiday": [
        "10:08",
        "10:25",
        "10:45",
        "11:07",
        "11:27",
        "11:47",
        "12:07",
        "12:27",
        "12:47",
        "13:07",
        "13:29",
        "13:49",
        "14:09",
        "14:29",
        "14:49",
        "15:09",
        "15:29",
        "15:49",
        "16:09",
        "16:29",
        "16:49",
        "17:09",
        "17:29",
        "17:49",
        "18:09",
        "18:29",
        "18:49",
        "19:09",
        "19:29",
        "19:46",
        "20:03",
        "20:23",
        "20:46"
    ],
    "url": "https://www.kanachu.co.jp/dia/diagram/timetable01_js/course:0000803322-38/node:00128635/kt:0/lname:/"
}
