{
    "system": "平15",
    "busstops": [
        {
            "index": "1",
            "id": "00127464",
            "name": "平塚駅北口",
            "lat": "35.328422",
            "lng": "139.350207"
        },
        {
            "index": "2",
            "id": "00127190",
            "name": "四ツ角(平塚市)",
            "lat": "35.330828",
            "lng": "139.350049"
        },
        {
            "index": "3",
            "id": "00127684",
            "name": "市役所前(平塚市)",
            "lat": "35.334525",
            "lng": "139.350218"
        },
        {
            "index": "4",
            "id": "00127644",
            "name": "コンフォール平塚前",
            "lat": "35.337186",
            "lng": "139.350899"
        },
        {
            "index": "5",
            "id": "00127645",
            "name": "八幡入口",
            "lat": "35.339765",
            "lng": "139.351687"
        },
        {
            "index": "6",
            "id": "00127646",
            "name": "八幡(平塚市)",
            "lat": "35.342147",
            "lng": "139.352567"
        },
        {
            "index": "7",
            "id": "00127647",
            "name": "八幡公民館入口",
            "lat": "35.34423",
            "lng": "139.353228"
        },
        {
            "index": "8",
            "id": "00127648",
            "name": "古河電工入口",
            "lat": "35.346318",
            "lng": "139.354163"
        },
        {
            "index": "9",
            "id": "00127655",
            "name": "泉蔵院前",
            "lat": "35.348877",
            "lng": "139.357034"
        },
        {
            "index": "10",
            "id": "00127656",
            "name": "四ノ宮(平塚市)",
            "lat": "35.353645",
            "lng": "139.360233"
        },
        {
            "index": "11",
            "id": "00127657",
            "name": "大念寺前",
            "lat": "35.354804",
            "lng": "139.361253"
        },
        {
            "index": "12",
            "id": "00127658",
            "name": "前鳥神社前",
            "lat": "35.358091",
            "lng": "139.361947"
        },
        {
            "index": "13",
            "id": "00127650",
            "name": "ふじみ園前",
            "lat": "35.361104",
            "lng": "139.360984"
        },
        {
            "index": "14",
            "id": "00127659",
            "name": "大江工業前",
            "lat": "35.364762",
            "lng": "139.362325"
        },
        {
            "index": "15",
            "id": "00127711",
            "name": "平塚市リサイクルプラザ",
            "lat": "35.365508",
            "lng": "139.362585"
        },
        {
            "index": "16",
            "id": "00127660",
            "name": "鹿見堂橋",
            "lat": "35.367744",
            "lng": "139.362994"
        },
        {
            "index": "17",
            "id": "00127661",
            "name": "駒返橋",
            "lat": "35.37093",
            "lng": "139.364243"
        },
        {
            "index": "18",
            "id": "00127662",
            "name": "田村十字路",
            "lat": "35.373463",
            "lng": "139.364973"
        },
        {
            "index": "19",
            "id": "00127663",
            "name": "相模神田",
            "lat": "35.376806",
            "lng": "139.364859"
        },
        {
            "index": "20",
            "id": "00127664",
            "name": "農協神田支所前",
            "lat": "35.380086",
            "lng": "139.364843"
        },
        {
            "index": "21",
            "id": "00127665",
            "name": "柳の内",
            "lat": "35.382919",
            "lng": "139.365041"
        },
        {
            "index": "22",
            "id": "00127666",
            "name": "寄木神社前",
            "lat": "35.386676",
            "lng": "139.366594"
        },
        {
            "index": "23",
            "id": "00127667",
            "name": "真芳寺",
            "lat": "35.388748",
            "lng": "139.369331"
        },
        {
            "index": "24",
            "id": "00130528",
            "name": "ツインシティ大神",
            "lat": "35.392916",
            "lng": "139.367325"
        },
        {
            "index": "25",
            "id": "00128631",
            "name": "大神(平塚市)",
            "lat": "35.392571",
            "lng": "139.370036"
        },
        {
            "index": "26",
            "id": "00128630",
            "name": "下戸田(厚木市)",
            "lat": "35.396503",
            "lng": "139.370435"
        },
        {
            "index": "27",
            "id": "00128629",
            "name": "中戸田",
            "lat": "35.401074",
            "lng": "139.367025"
        },
        {
            "index": "28",
            "id": "00128628",
            "name": "戸田(厚木市)",
            "lat": "35.404195",
            "lng": "139.366688"
        },
        {
            "index": "29",
            "id": "00128627",
            "name": "相川中学校前",
            "lat": "35.406843",
            "lng": "139.366517"
        },
        {
            "index": "30",
            "id": "00128639",
            "name": "愛坪",
            "lat": "35.40974",
            "lng": "139.364458"
        },
        {
            "index": "31",
            "id": "00128626",
            "name": "下酒井",
            "lat": "35.412708",
            "lng": "139.364621"
        },
        {
            "index": "32",
            "id": "00128328",
            "name": "酒井(厚木市)",
            "lat": "35.416565",
            "lng": "139.365335"
        },
        {
            "index": "33",
            "id": "00127685",
            "name": "リバーサイド前(厚木市)",
            "lat": "35.418172",
            "lng": "139.365474"
        },
        {
            "index": "34",
            "id": "00128640",
            "name": "下岡田(厚木市)",
            "lat": "35.419961",
            "lng": "139.365944"
        },
        {
            "index": "35",
            "id": "00128641",
            "name": "岡田(厚木市)",
            "lat": "35.424971",
            "lng": "139.368763"
        },
        {
            "index": "36",
            "id": "00128642",
            "name": "岡田一本杉",
            "lat": "35.42891",
            "lng": "139.369124"
        },
        {
            "index": "37",
            "id": "00128643",
            "name": "富士見町(厚木市)",
            "lat": "35.431604",
            "lng": "139.36784"
        },
        {
            "index": "38",
            "id": "00128635",
            "name": "下宿(厚木市)",
            "lat": "35.434525",
            "lng": "139.367544"
        },
        {
            "index": "39",
            "id": "00128636",
            "name": "旭町(厚木市)",
            "lat": "35.437729",
            "lng": "139.370146"
        },
        {
            "index": "40",
            "id": "00128637",
            "name": "本厚木駅南口",
            "lat": "35.439159",
            "lng": "139.36474"
        }
    ],
    "route_url": "https://www.kanachu.co.jp/dia/route/index/cid:0000803322/"
}
