{
    "date": "2025/11/16",
    "name": "リバーサイド前(厚木市)",
    "position": "-",
    "system": "厚11",
    "destinations": [
        "下岡田(厚木市)",
        "岡田(厚木市)",
        "岡田一本杉",
        "富士見町(厚木市)",
        "下宿(厚木市)",
        "旭町(厚木市)",
        "本厚木駅南口"
    ],
    "weekday": [
        "10:37",
        "11:37",
        "12:37",
        "13:37",
        "14:37",
        "15:37",
        "16:32",
        "17:34",
        "18:34",
        "19:34",
        "20:33"
    ],
    "saturday": [],
    "holiday": [],
    "url": "https://www.kanachu.co.jp/dia/diagram/timetable01_js/course:0000803320-10/node:00127685/kt:0/lname:/"
}
