{
    "date": "2025/11/16",
    "name": "下岡田(厚木市)",
    "position": "-",
    "system": "厚11",
    "destinations": [
        "岡田(厚木市)",
        "岡田一本杉",
        "富士見町(厚木市)",
        "下宿(厚木市)",
        "旭町(厚木市)",
        "本厚木駅南口"
    ],
    "weekday": [
        "10:38",
        "11:38",
        "12:38",
        "13:38",
        "14:38",
        "15:38",
        "16:33",
        "17:35",
        "18:35",
        "19:35",
        "20:34"
    ],
    "saturday": [],
    "holiday": [],
    "url": "https://www.kanachu.co.jp/dia/diagram/timetable01_js/course:0000803320-11/node:00128640/kt:0/lname:/"
}
