{
    "date": "2023/10/01",
    "name": "つきみ野3丁目",
    "position": "-",
    "system": "",
    "destinations": [
        "つきみ野2丁目",
        "つきみ野2丁目南",
        "山谷(大和市)",
        "松の久保公園",
        "山谷中央",
        "下鶴間",
        "山王原(大和市)",
        "山王原公園",
        "山王原西公園",
        "鶴間駅東口",
        "鶴間二丁目",
        "オークシティ南",
        "市立病院(大和市)"
    ],
    "weekday": [
        "19:54"
    ],
    "saturday": [
        "18:39"
    ],
    "holiday": [
        "18:39"
    ],
    "url": "https://www.kanachu.co.jp/dia/diagram/timetable01_js/course:0000803396-3/node:00130454/kt:0/lname:/"
}
