{
    "date": "2024/07/01",
    "name": "俣野公園・横浜薬大前",
    "position": "-",
    "system": "下15",
    "destinations": [
        "深谷台小学校入口",
        "深谷消防出張所西側",
        "アカシア公園入口",
        "いずみ台",
        "密蔵院前",
        "赤坂橋(横浜市泉区)",
        "下飯田駅"
    ],
    "weekday": [
        "6:30",
        "7:30",
        "8:30",
        "11:30",
        "12:30",
        "13:30",
        "16:30",
        "17:30",
        "18:30"
    ],
    "saturday": [
        "7:30",
        "8:30",
        "11:30",
        "12:30",
        "13:30",
        "16:30",
        "17:30",
        "18:30"
    ],
    "holiday": [
        "7:30",
        "8:30",
        "11:30",
        "12:30",
        "13:30",
        "16:30",
        "17:30",
        "18:30"
    ],
    "url": "https://www.kanachu.co.jp/dia/diagram/timetable01_js/course:0000803566-1/node:00126822/kt:0/lname:/"
}
