{
    "date": "2024/07/01",
    "name": "深谷消防出張所西側",
    "position": "-",
    "system": "下15",
    "destinations": [
        "アカシア公園入口",
        "いずみ台",
        "密蔵院前",
        "赤坂橋(横浜市泉区)",
        "下飯田駅"
    ],
    "weekday": [
        "6:35",
        "7:35",
        "8:35",
        "11:35",
        "12:35",
        "13:35",
        "16:35",
        "17:35",
        "18:35"
    ],
    "saturday": [
        "7:35",
        "8:35",
        "11:35",
        "12:35",
        "13:35",
        "16:35",
        "17:35",
        "18:35"
    ],
    "holiday": [
        "7:35",
        "8:35",
        "11:35",
        "12:35",
        "13:35",
        "16:35",
        "17:35",
        "18:35"
    ],
    "url": "https://www.kanachu.co.jp/dia/diagram/timetable01_js/course:0000803566-3/node:00126963/kt:0/lname:/"
}
