{
    "date": "2024/07/01",
    "name": "いずみ台",
    "position": "-",
    "system": "下15",
    "destinations": [
        "密蔵院前",
        "赤坂橋(横浜市泉区)",
        "下飯田駅"
    ],
    "weekday": [
        "6:37",
        "7:37",
        "8:37",
        "11:37",
        "12:37",
        "13:37",
        "16:37",
        "17:37",
        "18:37"
    ],
    "saturday": [
        "7:37",
        "8:37",
        "11:37",
        "12:37",
        "13:37",
        "16:37",
        "17:37",
        "18:37"
    ],
    "holiday": [
        "7:37",
        "8:37",
        "11:37",
        "12:37",
        "13:37",
        "16:37",
        "17:37",
        "18:37"
    ],
    "url": "https://www.kanachu.co.jp/dia/diagram/timetable01_js/course:0000803566-5/node:00126961/kt:0/lname:/"
}
