{
    "date": "2025/08/30",
    "name": "水田(横浜市港南区)",
    "position": "-",
    "system": "東12",
    "destinations": [
        "中永谷",
        "般若寺橋",
        "下永谷(横浜市港南区)",
        "平戸(横浜市港南区)",
        "国道平戸",
        "品濃口",
        "坂下(横浜市戸塚区)",
        "品濃町(横浜市戸塚区)",
        "東戸塚駅東口"
    ],
    "weekday": [
        "6:21",
        "7:06",
        "7:33",
        "8:36",
        "10:05",
        "11:10",
        "11:56",
        "13:01",
        "14:12",
        "15:51",
        "16:59"
    ],
    "saturday": [
        "6:21",
        "7:06",
        "7:56",
        "8:57",
        "9:54",
        "10:46",
        "12:04",
        "13:11",
        "14:03",
        "15:51"
    ],
    "holiday": [
        "7:01",
        "7:41",
        "8:41",
        "9:53",
        "11:12",
        "15:42"
    ],
    "url": "https://www.kanachu.co.jp/dia/diagram/timetable01_js/course:0000803857-11/node:00102646/kt:0/lname:/"
}
