{
    "date": "2025/08/04",
    "name": "円林寺前",
    "position": "-",
    "system": "橋61",
    "destinations": [
        "境橋(町田市)",
        "根岸(相原町/町田市)",
        "相原十字路",
        "開都",
        "相原小学校前",
        "諏訪神社前(町田市)",
        "相原駅西口",
        "相原(町田市)",
        "堺市民センター前",
        "堺中学校前",
        "堺農協前",
        "坂下(町田街道側/町田市)",
        "相原境",
        "久保ヶ谷戸",
        "寿橋",
        "寿町(相模原市緑区)",
        "旭農協前",
        "橋本駅北口"
    ],
    "weekday": [
        "6:55",
        "7:45",
        "8:25",
        "9:10"
    ],
    "saturday": [
        "8:30",
        "9:18"
    ],
    "holiday": [
        "8:30",
        "9:18"
    ],
    "url": "https://www.kanachu.co.jp/dia/diagram/timetable01_js/course:0000803049-7/node:00128892/kt:0/lname:/"
}
