{
    "date": "2025/08/04",
    "name": "根岸(相原町/町田市)",
    "position": "-",
    "system": "橋61",
    "destinations": [
        "相原十字路",
        "開都",
        "相原小学校前",
        "諏訪神社前(町田市)",
        "相原駅西口",
        "相原(町田市)",
        "堺市民センター前",
        "堺中学校前",
        "堺農協前",
        "坂下(町田街道側/町田市)",
        "相原境",
        "久保ヶ谷戸",
        "寿橋",
        "寿町(相模原市緑区)",
        "旭農協前",
        "橋本駅北口"
    ],
    "weekday": [
        "6:57",
        "7:47",
        "8:27",
        "9:12"
    ],
    "saturday": [
        "8:32",
        "9:20"
    ],
    "holiday": [
        "8:32",
        "9:20"
    ],
    "url": "https://www.kanachu.co.jp/dia/diagram/timetable01_js/course:0000803049-9/node:00128890/kt:0/lname:/"
}
