{
    "date": "2025/08/04",
    "name": "坂下(町田街道側/町田市)",
    "position": "-",
    "system": "橋61",
    "destinations": [
        "相原境",
        "久保ヶ谷戸",
        "寿橋",
        "寿町(相模原市緑区)",
        "旭農協前",
        "橋本駅北口"
    ],
    "weekday": [
        "7:11",
        "8:01",
        "8:41",
        "9:26"
    ],
    "saturday": [
        "8:46",
        "9:34"
    ],
    "holiday": [
        "8:46",
        "9:34"
    ],
    "url": "https://www.kanachu.co.jp/dia/diagram/timetable01_js/course:0000803049-19/node:00021470/kt:0/lname:/"
}
