{
    "date": "2026/01/16",
    "name": "戸塚バスセンター",
    "position": "-",
    "system": "戸64",
    "destinations": [
        "矢沢(横浜市戸塚区)",
        "アザリエ団地入口",
        "日産前(横浜市戸塚区)",
        "踊場",
        "東原(横浜市泉区)",
        "中田(横浜市泉区)",
        "中田小学校入口",
        "中西(横浜市泉区)",
        "立場駅",
        "谷戸入口(横浜市泉区)",
        "和泉(横浜市泉区)",
        "泉区総合庁舎前",
        "和泉坂上",
        "池ノ上(横浜市泉区)",
        "上飯田団地",
        "小学校前(横浜市泉区)",
        "児童公園前(横浜市泉区)",
        "団地入口(横浜市泉区)",
        "飯田神社前",
        "台村",
        "いちょう団地"
    ],
    "weekday": [
        "7:06",
        "8:31",
        "9:11",
        "9:41",
        "10:11",
        "10:41",
        "11:11",
        "11:41",
        "13:11",
        "14:51",
        "15:21",
        "15:51",
        "16:51",
        "17:21",
        "18:51",
        "19:36"
    ],
    "saturday": [
        "7:06",
        "8:31",
        "9:11",
        "9:41",
        "10:11",
        "10:41",
        "11:11",
        "11:41",
        "12:51",
        "14:22",
        "15:51",
        "17:22",
        "17:51",
        "18:36",
        "19:22"
    ],
    "holiday": [
        "7:06",
        "8:31",
        "9:12",
        "9:41",
        "10:12",
        "10:41",
        "11:12",
        "11:41",
        "12:51",
        "14:22",
        "15:51",
        "17:22",
        "17:51",
        "18:36",
        "19:22"
    ],
    "url": "https://www.kanachu.co.jp/dia/diagram/timetable01_js/course:0000804069-1/node:00126775/kt:0/lname:/"
}
