{
    "date": "2026/01/16",
    "name": "東原(横浜市泉区)",
    "position": "-",
    "system": "戸64",
    "destinations": [
        "中田(横浜市泉区)",
        "中田小学校入口",
        "中西(横浜市泉区)",
        "立場駅",
        "谷戸入口(横浜市泉区)",
        "和泉(横浜市泉区)",
        "泉区総合庁舎前",
        "和泉坂上",
        "池ノ上(横浜市泉区)",
        "上飯田団地",
        "小学校前(横浜市泉区)",
        "児童公園前(横浜市泉区)",
        "団地入口(横浜市泉区)",
        "飯田神社前",
        "台村",
        "いちょう団地"
    ],
    "weekday": [
        "7:12",
        "8:37",
        "9:17",
        "9:47",
        "10:17",
        "10:47",
        "11:17",
        "11:47",
        "13:17",
        "14:57",
        "15:27",
        "15:57",
        "16:57",
        "17:27",
        "18:57",
        "19:42"
    ],
    "saturday": [
        "7:12",
        "8:37",
        "9:17",
        "9:47",
        "10:17",
        "10:47",
        "11:17",
        "11:47",
        "12:57",
        "14:28",
        "15:57",
        "17:28",
        "17:57",
        "18:42",
        "19:28"
    ],
    "holiday": [
        "7:12",
        "8:37",
        "9:18",
        "9:47",
        "10:18",
        "10:47",
        "11:18",
        "11:47",
        "12:57",
        "14:28",
        "15:57",
        "17:28",
        "17:57",
        "18:42",
        "19:28"
    ],
    "url": "https://www.kanachu.co.jp/dia/diagram/timetable01_js/course:0000804069-6/node:00126779/kt:0/lname:/"
}
