{
    "date": "2026/01/16",
    "name": "和泉坂上",
    "position": "-",
    "system": "戸64",
    "destinations": [
        "池ノ上(横浜市泉区)",
        "上飯田団地",
        "小学校前(横浜市泉区)",
        "児童公園前(横浜市泉区)",
        "団地入口(横浜市泉区)",
        "飯田神社前",
        "台村",
        "いちょう団地"
    ],
    "weekday": [
        "7:24",
        "8:51",
        "9:31",
        "10:01",
        "10:31",
        "11:01",
        "11:31",
        "12:01",
        "13:31",
        "15:11",
        "15:41",
        "16:11",
        "17:11",
        "17:41",
        "19:11",
        "19:54"
    ],
    "saturday": [
        "7:24",
        "8:51",
        "9:31",
        "10:01",
        "10:31",
        "11:01",
        "11:31",
        "12:01",
        "13:11",
        "14:42",
        "16:11",
        "17:42",
        "18:11",
        "18:56",
        "19:42"
    ],
    "holiday": [
        "7:24",
        "8:51",
        "9:32",
        "10:01",
        "10:32",
        "11:01",
        "11:32",
        "12:01",
        "13:11",
        "14:42",
        "16:11",
        "17:42",
        "18:11",
        "18:56",
        "19:42"
    ],
    "url": "https://www.kanachu.co.jp/dia/diagram/timetable01_js/course:0000804069-14/node:00126787/kt:0/lname:/"
}
