{
    "date": "2026/01/16",
    "name": "飯田神社前",
    "position": "-",
    "system": "戸64",
    "destinations": [
        "台村",
        "いちょう団地"
    ],
    "weekday": [
        "7:32",
        "8:59",
        "9:39",
        "10:09",
        "10:39",
        "11:09",
        "11:39",
        "12:09",
        "13:39",
        "15:19",
        "15:49",
        "16:19",
        "17:19",
        "17:49",
        "19:19",
        "20:02"
    ],
    "saturday": [
        "7:32",
        "8:59",
        "9:39",
        "10:09",
        "10:39",
        "11:09",
        "11:39",
        "12:09",
        "13:19",
        "14:50",
        "16:19",
        "17:50",
        "18:19",
        "19:04",
        "19:50"
    ],
    "holiday": [
        "7:32",
        "8:59",
        "9:40",
        "10:09",
        "10:40",
        "11:09",
        "11:40",
        "12:09",
        "13:19",
        "14:50",
        "16:19",
        "17:50",
        "18:19",
        "19:04",
        "19:50"
    ],
    "url": "https://www.kanachu.co.jp/dia/diagram/timetable01_js/course:0000804069-20/node:00126795/kt:0/lname:/"
}
