{
    "date": "2025/03/15",
    "name": "団地中央(藤沢市)",
    "position": "-",
    "system": "湘13",
    "destinations": [
        "桐原四辻",
        "工業団地入口(藤沢市)",
        "北警察署前(藤沢市)",
        "湘南台駅西口"
    ],
    "weekday": [
        "17:12",
        "17:32",
        "17:52",
        "19:42"
    ],
    "saturday": [],
    "holiday": [],
    "url": "https://www.kanachu.co.jp/dia/diagram/timetable01_js/course:0000802712-9/node:00129926/kt:0/lname:/"
}
