{
    "system": "湘13",
    "busstops": [
        {
            "index": "1",
            "id": "00126881",
            "name": "湘南台駅東口",
            "lat": "35.396714",
            "lng": "139.467701"
        },
        {
            "index": "2",
            "id": "00129895",
            "name": "北警察署前(藤沢市)",
            "lat": "35.395787",
            "lng": "139.457893"
        },
        {
            "index": "3",
            "id": "00129909",
            "name": "工業団地入口(藤沢市)",
            "lat": "35.394185",
            "lng": "139.451615"
        },
        {
            "index": "4",
            "id": "00130006",
            "name": "石川六丁目",
            "lat": "35.391414",
            "lng": "139.450606"
        },
        {
            "index": "5",
            "id": "00130005",
            "name": "公園北(藤沢市)",
            "lat": "35.389123",
            "lng": "139.451571"
        },
        {
            "index": "6",
            "id": "00130004",
            "name": "丸石(藤沢市)",
            "lat": "35.386412",
            "lng": "139.452712"
        },
        {
            "index": "7",
            "id": "00129930",
            "name": "桐原緑道",
            "lat": "35.386772",
            "lng": "139.455191"
        },
        {
            "index": "8",
            "id": "00129927",
            "name": "桐原公園前",
            "lat": "35.388964",
            "lng": "139.453621"
        },
        {
            "index": "9",
            "id": "00129926",
            "name": "団地中央(藤沢市)",
            "lat": "35.39063",
            "lng": "139.452937"
        },
        {
            "index": "10",
            "id": "00129925",
            "name": "桐原四辻",
            "lat": "35.392032",
            "lng": "139.452383"
        },
        {
            "index": "11",
            "id": "00129909",
            "name": "工業団地入口(藤沢市)",
            "lat": "35.394452",
            "lng": "139.451869"
        },
        {
            "index": "12",
            "id": "00129895",
            "name": "北警察署前(藤沢市)",
            "lat": "35.395948",
            "lng": "139.457964"
        },
        {
            "index": "13",
            "id": "00129893",
            "name": "湘南台駅西口",
            "lat": "35.396197",
            "lng": "139.465719"
        }
    ],
    "route_url": "https://www.kanachu.co.jp/dia/route/index/cid:0000802712/"
}
