{
    "date": "2025/01/14",
    "name": "厚木バスセンター",
    "position": "-",
    "system": "厚44",
    "destinations": [
        "本厚木駅",
        "栄町二丁目(厚木市)",
        "恩名公民館前",
        "赤羽根入口",
        "赤羽根中央",
        "温水児童館前",
        "温水",
        "高坪入口",
        "南毛利小学校前",
        "清水(厚木市)",
        "観音坂",
        "上長谷(厚木市)",
        "愛名入口",
        "やまゆり園前(厚木市)",
        "宮地(厚木市)",
        "高松山入口",
        "森の里青山",
        "日産先進技術開発センター前",
        "通信研究所前(厚木市)",
        "森の里センター",
        "厚木西高校",
        "森の里四丁目",
        "森の里五丁目",
        "森の里"
    ],
    "weekday": [
        "10:07",
        "11:07",
        "12:07",
        "13:07",
        "14:07",
        "14:47",
        "15:27",
        "16:15",
        "16:45",
        "17:17",
        "17:55",
        "18:40",
        "19:15",
        "20:15"
    ],
    "saturday": [
        "10:12",
        "11:22",
        "12:22",
        "13:22",
        "14:22",
        "15:22",
        "16:22",
        "17:22",
        "18:12",
        "19:12",
        "20:21"
    ],
    "holiday": [
        "10:12",
        "11:22",
        "12:22",
        "13:22",
        "14:22",
        "15:22",
        "16:22",
        "17:22",
        "18:12",
        "19:12",
        "20:21"
    ],
    "url": "https://www.kanachu.co.jp/dia/diagram/timetable01_js/course:0000800257-1/node:00128256/kt:0/lname:/"
}
