{
    "date": "2025/01/14",
    "name": "上長谷(厚木市)",
    "position": "-",
    "system": "厚44",
    "destinations": [
        "愛名入口",
        "やまゆり園前(厚木市)",
        "宮地(厚木市)",
        "高松山入口",
        "森の里青山",
        "日産先進技術開発センター前",
        "通信研究所前(厚木市)",
        "森の里センター",
        "厚木西高校",
        "森の里四丁目",
        "森の里五丁目",
        "森の里"
    ],
    "weekday": [
        "10:26",
        "11:26",
        "12:26",
        "13:26",
        "14:26",
        "15:06",
        "15:46",
        "16:34",
        "17:04",
        "17:36",
        "18:14",
        "18:59",
        "19:34",
        "20:33"
    ],
    "saturday": [
        "10:29",
        "11:39",
        "12:39",
        "13:39",
        "14:39",
        "15:39",
        "16:39",
        "17:39",
        "18:29",
        "19:29",
        "20:38"
    ],
    "holiday": [
        "10:29",
        "11:39",
        "12:39",
        "13:39",
        "14:39",
        "15:39",
        "16:39",
        "17:39",
        "18:29",
        "19:29",
        "20:38"
    ],
    "url": "https://www.kanachu.co.jp/dia/diagram/timetable01_js/course:0000800257-13/node:00128447/kt:0/lname:/"
}
