{
    "date": "2025/01/14",
    "name": "森の里青山",
    "position": "-",
    "system": "厚44",
    "destinations": [
        "日産先進技術開発センター前",
        "通信研究所前(厚木市)",
        "森の里センター",
        "厚木西高校",
        "森の里四丁目",
        "森の里五丁目",
        "森の里"
    ],
    "weekday": [
        "10:34",
        "11:34",
        "12:34",
        "13:34",
        "14:34",
        "15:14",
        "15:54",
        "16:42",
        "17:12",
        "17:44",
        "18:22",
        "19:07",
        "19:42",
        "20:41"
    ],
    "saturday": [
        "10:36",
        "11:46",
        "12:46",
        "13:46",
        "14:46",
        "15:46",
        "16:46",
        "17:46",
        "18:36",
        "19:36",
        "20:45"
    ],
    "holiday": [
        "10:36",
        "11:46",
        "12:46",
        "13:46",
        "14:46",
        "15:46",
        "16:46",
        "17:46",
        "18:36",
        "19:36",
        "20:45"
    ],
    "url": "https://www.kanachu.co.jp/dia/diagram/timetable01_js/course:0000800257-18/node:00128644/kt:0/lname:/"
}
