{
    "date": "2025/01/14",
    "name": "森の里四丁目",
    "position": "-",
    "system": "厚44",
    "destinations": [
        "森の里五丁目",
        "森の里"
    ],
    "weekday": [
        "10:40",
        "11:40",
        "12:40",
        "13:40",
        "14:40",
        "15:20",
        "16:00",
        "16:48",
        "17:18",
        "17:50",
        "18:28",
        "19:13",
        "19:48",
        "20:47"
    ],
    "saturday": [
        "10:42",
        "11:52",
        "12:52",
        "13:52",
        "14:52",
        "15:52",
        "16:52",
        "17:52",
        "18:42",
        "19:42",
        "20:51"
    ],
    "holiday": [
        "10:42",
        "11:52",
        "12:52",
        "13:52",
        "14:52",
        "15:52",
        "16:52",
        "17:52",
        "18:42",
        "19:42",
        "20:51"
    ],
    "url": "https://www.kanachu.co.jp/dia/diagram/timetable01_js/course:0000800257-23/node:00128661/kt:0/lname:/"
}
