{
    "date": "2026/01/16",
    "name": "横浜駅西口",
    "position": "-",
    "system": "05",
    "destinations": [
        "鶴屋町三丁目",
        "楠町",
        "浅間下(横浜市西区)",
        "浅岡橋",
        "浅間町車庫前",
        "洪福寺",
        "宮田町(横浜市保土ケ谷区)",
        "峯小学校前",
        "峰岡町",
        "常盤園下",
        "和田町(横浜市保土ケ谷区)",
        "保土ヶ谷中学校前",
        "上星川",
        "杉山神社前(横浜市保土ケ谷区)",
        "川島町(横浜市保土ケ谷区)",
        "西谷妙福寺前",
        "梅の木(横浜市保土ケ谷区)",
        "西谷駅前",
        "西谷(横浜市旭区)",
        "下白根橋",
        "白根不動入口",
        "白根町",
        "鶴ヶ峰駅"
    ],
    "weekday": [
        "6:30"
    ],
    "saturday": [],
    "holiday": [],
    "url": "https://www.kanachu.co.jp/dia/diagram/timetable01_js/course:0000804283-1/node:00042735/kt:0/lname:/"
}
