{
    "date": "2024/09/02",
    "name": "グリーンハイム前",
    "position": "-",
    "system": "",
    "destinations": [
        "松陽高校前",
        "三家(横浜市泉区)",
        "早稲田(横浜市泉区)",
        "上飯田(横浜市泉区)",
        "五軒庭",
        "中屋敷(横浜市泉区)",
        "集会所前(横浜市泉区)",
        "渋谷中学校",
        "保育所前(大和市)",
        "いちょう団地",
        "台村",
        "飯田神社前",
        "団地入口(横浜市泉区)",
        "児童公園前(横浜市泉区)",
        "小学校前(横浜市泉区)",
        "上飯田団地",
        "小学校前(横浜市泉区)",
        "児童公園前(横浜市泉区)",
        "団地入口(横浜市泉区)",
        "飯田農協前",
        "上高倉",
        "藤沢湘南台病院前",
        "住宅前(藤沢市高倉)",
        "長後駅"
    ],
    "weekday": [
        "9:20",
        "10:50",
        "12:20",
        "13:50",
        "15:20",
        "16:50",
        "18:20"
    ],
    "saturday": [
        "9:51",
        "11:21",
        "12:51",
        "14:23",
        "15:51",
        "17:21"
    ],
    "holiday": [
        "9:51",
        "11:21",
        "12:51",
        "14:21",
        "15:51",
        "17:21"
    ],
    "url": "https://www.kanachu.co.jp/dia/diagram/timetable01_js/course:0000801442-2/node:00126940/kt:0/lname:/"
}
