{
    "date": "2024/09/02",
    "name": "上飯田(横浜市泉区)",
    "position": "-",
    "system": "",
    "destinations": [
        "五軒庭",
        "中屋敷(横浜市泉区)",
        "集会所前(横浜市泉区)",
        "渋谷中学校",
        "保育所前(大和市)",
        "いちょう団地",
        "台村",
        "飯田神社前",
        "団地入口(横浜市泉区)",
        "児童公園前(横浜市泉区)",
        "小学校前(横浜市泉区)",
        "上飯田団地",
        "小学校前(横浜市泉区)",
        "児童公園前(横浜市泉区)",
        "団地入口(横浜市泉区)",
        "飯田農協前",
        "上高倉",
        "藤沢湘南台病院前",
        "住宅前(藤沢市高倉)",
        "長後駅"
    ],
    "weekday": [
        "9:26",
        "10:56",
        "12:26",
        "13:56",
        "15:26",
        "16:56",
        "18:26"
    ],
    "saturday": [
        "9:57",
        "11:27",
        "12:57",
        "14:29",
        "15:57",
        "17:27"
    ],
    "holiday": [
        "9:57",
        "11:27",
        "12:57",
        "14:27",
        "15:57",
        "17:27"
    ],
    "url": "https://www.kanachu.co.jp/dia/diagram/timetable01_js/course:0000801442-6/node:00126799/kt:0/lname:/"
}
