{
    "date": "2024/09/02",
    "name": "集会所前(横浜市泉区)",
    "position": "-",
    "system": "",
    "destinations": [
        "渋谷中学校",
        "保育所前(大和市)",
        "いちょう団地",
        "台村",
        "飯田神社前",
        "団地入口(横浜市泉区)",
        "児童公園前(横浜市泉区)",
        "小学校前(横浜市泉区)",
        "上飯田団地",
        "小学校前(横浜市泉区)",
        "児童公園前(横浜市泉区)",
        "団地入口(横浜市泉区)",
        "飯田農協前",
        "上高倉",
        "藤沢湘南台病院前",
        "住宅前(藤沢市高倉)",
        "長後駅"
    ],
    "weekday": [
        "9:30",
        "11:00",
        "12:30",
        "14:00",
        "15:30",
        "17:00",
        "18:30"
    ],
    "saturday": [
        "10:01",
        "11:31",
        "13:01",
        "14:33",
        "16:01",
        "17:31"
    ],
    "holiday": [
        "10:01",
        "11:31",
        "13:01",
        "14:31",
        "16:01",
        "17:31"
    ],
    "url": "https://www.kanachu.co.jp/dia/diagram/timetable01_js/course:0000801442-9/node:00126895/kt:0/lname:/"
}
