{
    "date": "2024/09/02",
    "name": "保育所前(大和市)",
    "position": "-",
    "system": "い08",
    "destinations": [
        "いちょう団地",
        "台村",
        "飯田神社前",
        "団地入口(横浜市泉区)",
        "児童公園前(横浜市泉区)",
        "小学校前(横浜市泉区)",
        "上飯田団地",
        "小学校前(横浜市泉区)",
        "児童公園前(横浜市泉区)",
        "団地入口(横浜市泉区)",
        "飯田農協前",
        "上高倉",
        "藤沢湘南台病院前",
        "住宅前(藤沢市高倉)",
        "長後駅"
    ],
    "weekday": [
        "9:32",
        "11:02",
        "12:32",
        "14:02",
        "15:32",
        "17:02",
        "18:32"
    ],
    "saturday": [
        "10:03",
        "11:33",
        "13:03",
        "14:35",
        "16:03",
        "17:33"
    ],
    "holiday": [
        "10:03",
        "11:33",
        "13:03",
        "14:33",
        "16:03",
        "17:33"
    ],
    "url": "https://www.kanachu.co.jp/dia/diagram/timetable01_js/course:0000801442-11/node:00126893/kt:0/lname:/"
}
