{
    "date": "2024/09/02",
    "name": "台村",
    "position": "-",
    "system": "い08",
    "destinations": [
        "飯田神社前",
        "団地入口(横浜市泉区)",
        "児童公園前(横浜市泉区)",
        "小学校前(横浜市泉区)",
        "上飯田団地",
        "小学校前(横浜市泉区)",
        "児童公園前(横浜市泉区)",
        "団地入口(横浜市泉区)",
        "飯田農協前",
        "上高倉",
        "藤沢湘南台病院前",
        "住宅前(藤沢市高倉)",
        "長後駅"
    ],
    "weekday": [
        "9:35",
        "11:05",
        "12:35",
        "14:05",
        "15:35",
        "17:05",
        "18:35"
    ],
    "saturday": [
        "10:06",
        "11:36",
        "13:06",
        "14:38",
        "16:06",
        "17:36"
    ],
    "holiday": [
        "10:06",
        "11:36",
        "13:06",
        "14:36",
        "16:06",
        "17:36"
    ],
    "url": "https://www.kanachu.co.jp/dia/diagram/timetable01_js/course:0000801442-13/node:00126796/kt:0/lname:/"
}
