{
    "date": "2024/09/02",
    "name": "小学校前(横浜市泉区)",
    "position": "-",
    "system": "い08",
    "destinations": [
        "上飯田団地",
        "小学校前(横浜市泉区)",
        "児童公園前(横浜市泉区)",
        "団地入口(横浜市泉区)",
        "飯田農協前",
        "上高倉",
        "藤沢湘南台病院前",
        "住宅前(藤沢市高倉)",
        "長後駅"
    ],
    "weekday": [
        "9:39",
        "11:09",
        "12:39",
        "14:09",
        "15:39",
        "17:09",
        "18:39"
    ],
    "saturday": [
        "10:10",
        "11:40",
        "13:10",
        "14:42",
        "16:10",
        "17:40"
    ],
    "holiday": [
        "10:10",
        "11:40",
        "13:10",
        "14:40",
        "16:10",
        "17:40"
    ],
    "url": "https://www.kanachu.co.jp/dia/diagram/timetable01_js/course:0000801442-17/node:00126806/kt:0/lname:/"
}
