{
    "date": "2024/09/02",
    "name": "児童公園前(横浜市泉区)",
    "position": "-",
    "system": "",
    "destinations": [
        "団地入口(横浜市泉区)",
        "飯田農協前",
        "上高倉",
        "藤沢湘南台病院前",
        "住宅前(藤沢市高倉)",
        "長後駅"
    ],
    "weekday": [
        "9:41",
        "11:11",
        "12:41",
        "14:11",
        "15:41",
        "17:11",
        "18:41"
    ],
    "saturday": [
        "10:12",
        "11:42",
        "13:12",
        "14:44",
        "16:12",
        "17:42"
    ],
    "holiday": [
        "10:12",
        "11:42",
        "13:12",
        "14:42",
        "16:12",
        "17:42"
    ],
    "url": "https://www.kanachu.co.jp/dia/diagram/timetable01_js/course:0000801442-20/node:00126805/kt:0/lname:/"
}
