{
    "system": "い08",
    "busstops": [
        {
            "index": "1",
            "id": "00126932",
            "name": "いずみ野駅",
            "lat": "35.430063",
            "lng": "139.494834"
        },
        {
            "index": "2",
            "id": "00126940",
            "name": "グリーンハイム前",
            "lat": "35.432482",
            "lng": "139.494099"
        },
        {
            "index": "3",
            "id": "00126939",
            "name": "松陽高校前",
            "lat": "35.437034",
            "lng": "139.495279"
        },
        {
            "index": "4",
            "id": "00126941",
            "name": "三家(横浜市泉区)",
            "lat": "35.438641",
            "lng": "139.490072"
        },
        {
            "index": "5",
            "id": "00126942",
            "name": "早稲田(横浜市泉区)",
            "lat": "35.438474",
            "lng": "139.486367"
        },
        {
            "index": "6",
            "id": "00126799",
            "name": "上飯田(横浜市泉区)",
            "lat": "35.439876",
            "lng": "139.479317"
        },
        {
            "index": "7",
            "id": "00126798",
            "name": "五軒庭",
            "lat": "35.43734",
            "lng": "139.477934"
        },
        {
            "index": "8",
            "id": "00126797",
            "name": "中屋敷(横浜市泉区)",
            "lat": "35.433046",
            "lng": "139.476767"
        },
        {
            "index": "9",
            "id": "00126895",
            "name": "集会所前(横浜市泉区)",
            "lat": "35.432327",
            "lng": "139.474104"
        },
        {
            "index": "10",
            "id": "00126894",
            "name": "渋谷中学校",
            "lat": "35.429785",
            "lng": "139.471834"
        },
        {
            "index": "11",
            "id": "00126893",
            "name": "保育所前(大和市)",
            "lat": "35.427516",
            "lng": "139.472779"
        },
        {
            "index": "12",
            "id": "00126808",
            "name": "いちょう団地",
            "lat": "35.42716",
            "lng": "139.474751"
        },
        {
            "index": "13",
            "id": "00126796",
            "name": "台村",
            "lat": "35.428144",
            "lng": "139.476244"
        },
        {
            "index": "14",
            "id": "00126795",
            "name": "飯田神社前",
            "lat": "35.424824",
            "lng": "139.475614"
        },
        {
            "index": "15",
            "id": "00126794",
            "name": "団地入口(横浜市泉区)",
            "lat": "35.420661",
            "lng": "139.478817"
        },
        {
            "index": "16",
            "id": "00126805",
            "name": "児童公園前(横浜市泉区)",
            "lat": "35.421728",
            "lng": "139.479417"
        },
        {
            "index": "17",
            "id": "00126806",
            "name": "小学校前(横浜市泉区)",
            "lat": "35.424227",
            "lng": "139.480867"
        },
        {
            "index": "18",
            "id": "00126807",
            "name": "上飯田団地",
            "lat": "35.426703",
            "lng": "139.482285"
        },
        {
            "index": "19",
            "id": "00126806",
            "name": "小学校前(横浜市泉区)",
            "lat": "35.423261",
            "lng": "139.480567"
        },
        {
            "index": "20",
            "id": "00126805",
            "name": "児童公園前(横浜市泉区)",
            "lat": "35.421049",
            "lng": "139.479183"
        },
        {
            "index": "21",
            "id": "00126794",
            "name": "団地入口(横浜市泉区)",
            "lat": "35.419971",
            "lng": "139.478963"
        },
        {
            "index": "22",
            "id": "00126793",
            "name": "飯田農協前",
            "lat": "35.418326",
            "lng": "139.479666"
        },
        {
            "index": "23",
            "id": "00126789",
            "name": "上高倉",
            "lat": "35.416974",
            "lng": "139.475957"
        },
        {
            "index": "24",
            "id": "00126790",
            "name": "藤沢湘南台病院前",
            "lat": "35.416041",
            "lng": "139.471142"
        },
        {
            "index": "25",
            "id": "00126791",
            "name": "住宅前(藤沢市高倉)",
            "lat": "35.413634",
            "lng": "139.470091"
        },
        {
            "index": "26",
            "id": "00126792",
            "name": "長後駅",
            "lat": "35.411928",
            "lng": "139.465736"
        }
    ],
    "route_url": "https://www.kanachu.co.jp/dia/route/index/cid:0000801442/"
}
