{
    "date": "2025/07/03",
    "name": "海水浴場前(茅ケ崎市)",
    "position": "-",
    "system": "茅38",
    "destinations": [
        "西浜(茅ケ崎市)",
        "南湖入口",
        "西浜高校前",
        "団地中央(茅ケ崎市)",
        "浜見平団地",
        "道の駅湘南ちがさき前",
        "柳島スポーツ公園"
    ],
    "weekday": [
        "8:26",
        "9:36",
        "10:48",
        "11:58",
        "13:08",
        "14:18",
        "15:28",
        "16:38",
        "17:48",
        "18:58"
    ],
    "saturday": [
        "8:06",
        "9:18",
        "10:28",
        "11:38",
        "12:48",
        "13:58",
        "15:08",
        "16:18",
        "17:28",
        "18:38"
    ],
    "holiday": [
        "8:06",
        "9:18",
        "10:28",
        "11:38",
        "12:48",
        "13:58",
        "15:08",
        "16:18",
        "17:28",
        "18:38"
    ],
    "url": "https://www.kanachu.co.jp/dia/diagram/timetable01_js/course:0000803825-9/node:00127250/kt:0/lname:/"
}
