{
    "date": "2026/01/16",
    "name": "橘インター入口",
    "position": "-",
    "system": "国05",
    "destinations": [
        "押切・塔台橋",
        "押切(中郡二宮町)",
        "橘中学校入口(小田原市)",
        "下原(小田原市)",
        "中村原",
        "橘タウンセンター前",
        "テクノパーク西",
        "テクノパーク中央",
        "テクノパーク北",
        "上町入口(小田原市)",
        "下中小学校前",
        "下中駐在所前",
        "下小竹",
        "橘団地"
    ],
    "weekday": [
        "9:08",
        "12:50",
        "14:00"
    ],
    "saturday": [],
    "holiday": [],
    "url": "https://www.kanachu.co.jp/dia/diagram/timetable01_js/course:0000804060-7/node:00127496/kt:0/lname:/"
}
