{
    "date": "2026/01/16",
    "name": "下原(小田原市)",
    "position": "-",
    "system": "国05",
    "destinations": [
        "中村原",
        "橘タウンセンター前",
        "テクノパーク西",
        "テクノパーク中央",
        "テクノパーク北",
        "上町入口(小田原市)",
        "下中小学校前",
        "下中駐在所前",
        "下小竹",
        "橘団地"
    ],
    "weekday": [
        "9:11",
        "12:53",
        "14:03"
    ],
    "saturday": [],
    "holiday": [],
    "url": "https://www.kanachu.co.jp/dia/diagram/timetable01_js/course:0000804060-11/node:00127977/kt:0/lname:/"
}
