{
    "date": "2025/07/12",
    "name": "岡本(鎌倉市)",
    "position": "-",
    "system": "船10",
    "destinations": [
        "公会堂前(鎌倉市)",
        "陣屋坂",
        "陣屋坂上",
        "城宿",
        "城廻中村",
        "城宿",
        "陣屋坂上",
        "陣屋坂",
        "公会堂前(鎌倉市)",
        "岡本(鎌倉市)",
        "玉縄行政センター入口",
        "児童公園前(鎌倉市)",
        "大船駅西口"
    ],
    "weekday": [
        "8:45",
        "9:05",
        "9:45",
        "11:15",
        "11:55",
        "12:35",
        "13:25",
        "14:25",
        "15:13",
        "15:55",
        "16:35",
        "17:15",
        "17:55",
        "18:15",
        "18:40",
        "19:50",
        "20:25",
        "20:59",
        "21:30"
    ],
    "saturday": [
        "8:45",
        "9:25",
        "9:53",
        "10:36",
        "11:16",
        "11:56",
        "12:36",
        "13:16",
        "13:56",
        "14:36",
        "15:16",
        "16:36",
        "17:16",
        "17:56",
        "18:37",
        "19:21"
    ],
    "holiday": [
        "8:45",
        "9:25",
        "9:53",
        "10:36",
        "11:16",
        "11:56",
        "12:36",
        "13:16",
        "13:56",
        "14:36",
        "15:16",
        "16:36",
        "17:16",
        "17:56",
        "18:37",
        "19:21"
    ],
    "url": "https://www.kanachu.co.jp/dia/diagram/timetable01_js/course:0000801427-4/node:00126991/kt:0/lname:/"
}
