{
    "date": "2025/07/12",
    "name": "公会堂前(鎌倉市)",
    "position": "-",
    "system": "船10",
    "destinations": [
        "陣屋坂",
        "陣屋坂上",
        "城宿",
        "城廻中村",
        "城宿",
        "陣屋坂上",
        "陣屋坂",
        "公会堂前(鎌倉市)",
        "岡本(鎌倉市)",
        "玉縄行政センター入口",
        "児童公園前(鎌倉市)",
        "大船駅西口"
    ],
    "weekday": [
        "8:48",
        "9:08",
        "9:48",
        "11:18",
        "11:58",
        "12:38",
        "13:28",
        "14:28",
        "15:16",
        "15:58",
        "16:38",
        "17:18",
        "17:58",
        "18:18",
        "18:43",
        "19:52",
        "20:27",
        "21:01",
        "21:32"
    ],
    "saturday": [
        "8:47",
        "9:27",
        "9:55",
        "10:39",
        "11:19",
        "11:59",
        "12:39",
        "13:19",
        "13:59",
        "14:39",
        "15:19",
        "16:39",
        "17:19",
        "17:59",
        "18:40",
        "19:24"
    ],
    "holiday": [
        "8:47",
        "9:27",
        "9:55",
        "10:39",
        "11:19",
        "11:59",
        "12:39",
        "13:19",
        "13:59",
        "14:39",
        "15:19",
        "16:39",
        "17:19",
        "17:59",
        "18:40",
        "19:24"
    ],
    "url": "https://www.kanachu.co.jp/dia/diagram/timetable01_js/course:0000801427-5/node:00126990/kt:0/lname:/"
}
