{
    "date": "2025/07/12",
    "name": "陣屋坂",
    "position": "-",
    "system": "船10",
    "destinations": [
        "陣屋坂上",
        "城宿",
        "城廻中村",
        "城宿",
        "陣屋坂上",
        "陣屋坂",
        "公会堂前(鎌倉市)",
        "岡本(鎌倉市)",
        "玉縄行政センター入口",
        "児童公園前(鎌倉市)",
        "大船駅西口"
    ],
    "weekday": [
        "8:50",
        "9:10",
        "9:50",
        "11:20",
        "12:00",
        "12:40",
        "13:30",
        "14:30",
        "15:18",
        "16:00",
        "16:40",
        "17:20",
        "18:00",
        "18:20",
        "18:45",
        "19:54",
        "20:29",
        "21:03",
        "21:34"
    ],
    "saturday": [
        "8:49",
        "9:29",
        "9:57",
        "10:41",
        "11:21",
        "12:01",
        "12:41",
        "13:21",
        "14:01",
        "14:41",
        "15:21",
        "16:41",
        "17:21",
        "18:01",
        "18:42",
        "19:26"
    ],
    "holiday": [
        "8:49",
        "9:29",
        "9:57",
        "10:41",
        "11:21",
        "12:01",
        "12:41",
        "13:21",
        "14:01",
        "14:41",
        "15:21",
        "16:41",
        "17:21",
        "18:01",
        "18:42",
        "19:26"
    ],
    "url": "https://www.kanachu.co.jp/dia/diagram/timetable01_js/course:0000801427-6/node:00127121/kt:0/lname:/"
}
