{
    "date": "2025/07/12",
    "name": "城宿",
    "position": "-",
    "system": "船101",
    "destinations": [
        "城廻中村",
        "城宿",
        "陣屋坂上",
        "陣屋坂",
        "公会堂前(鎌倉市)",
        "岡本(鎌倉市)",
        "玉縄行政センター入口",
        "児童公園前(鎌倉市)",
        "大船駅西口"
    ],
    "weekday": [
        "8:52",
        "9:12",
        "9:52",
        "11:22",
        "12:02",
        "12:42",
        "13:32",
        "14:32",
        "15:20",
        "16:02",
        "16:42",
        "17:22",
        "18:02",
        "18:22",
        "18:47",
        "19:56",
        "20:31",
        "21:05",
        "21:36"
    ],
    "saturday": [
        "8:51",
        "9:31",
        "9:59",
        "10:43",
        "11:23",
        "12:03",
        "12:43",
        "13:23",
        "14:03",
        "14:43",
        "15:23",
        "16:43",
        "17:23",
        "18:03",
        "18:44",
        "19:28"
    ],
    "holiday": [
        "8:51",
        "9:31",
        "9:59",
        "10:43",
        "11:23",
        "12:03",
        "12:43",
        "13:23",
        "14:03",
        "14:43",
        "15:23",
        "16:43",
        "17:23",
        "18:03",
        "18:44",
        "19:28"
    ],
    "url": "https://www.kanachu.co.jp/dia/diagram/timetable01_js/course:0000801427-8/node:00127122/kt:0/lname:/"
}
