{
    "date": "2025/07/12",
    "name": "城宿",
    "position": "-",
    "system": "船10",
    "destinations": [
        "陣屋坂上",
        "陣屋坂",
        "公会堂前(鎌倉市)",
        "岡本(鎌倉市)",
        "玉縄行政センター入口",
        "児童公園前(鎌倉市)",
        "大船駅西口"
    ],
    "weekday": [
        "8:58",
        "9:18",
        "9:58",
        "11:28",
        "12:08",
        "12:48",
        "13:38",
        "14:38",
        "15:26",
        "16:08",
        "16:48",
        "17:28",
        "18:08",
        "18:28",
        "18:53",
        "20:00",
        "20:35",
        "21:09",
        "21:40"
    ],
    "saturday": [
        "8:55",
        "9:35",
        "10:04",
        "10:49",
        "11:29",
        "12:09",
        "12:49",
        "13:29",
        "14:09",
        "14:49",
        "15:29",
        "16:49",
        "17:29",
        "18:09",
        "18:50",
        "19:34"
    ],
    "holiday": [
        "8:55",
        "9:35",
        "10:04",
        "10:49",
        "11:29",
        "12:09",
        "12:49",
        "13:29",
        "14:09",
        "14:49",
        "15:29",
        "16:49",
        "17:29",
        "18:09",
        "18:50",
        "19:34"
    ],
    "url": "https://www.kanachu.co.jp/dia/diagram/timetable01_js/course:0000801427-10/node:00127122/kt:0/lname:/"
}
