{
    "date": "2025/07/12",
    "name": "公会堂前(鎌倉市)",
    "position": "-",
    "system": "船10",
    "destinations": [
        "岡本(鎌倉市)",
        "玉縄行政センター入口",
        "児童公園前(鎌倉市)",
        "大船駅西口"
    ],
    "weekday": [
        "9:02",
        "9:22",
        "10:02",
        "11:32",
        "12:12",
        "12:52",
        "13:42",
        "14:42",
        "15:30",
        "16:12",
        "16:52",
        "17:32",
        "18:12",
        "18:32",
        "18:57",
        "20:03",
        "20:38",
        "21:12",
        "21:43"
    ],
    "saturday": [
        "8:58",
        "9:38",
        "10:08",
        "10:53",
        "11:33",
        "12:13",
        "12:53",
        "13:33",
        "14:13",
        "14:53",
        "15:33",
        "16:53",
        "17:33",
        "18:13",
        "18:54",
        "19:38"
    ],
    "holiday": [
        "8:58",
        "9:38",
        "10:08",
        "10:53",
        "11:33",
        "12:13",
        "12:53",
        "13:33",
        "14:13",
        "14:53",
        "15:33",
        "16:53",
        "17:33",
        "18:13",
        "18:54",
        "19:38"
    ],
    "url": "https://www.kanachu.co.jp/dia/diagram/timetable01_js/course:0000801427-13/node:00126990/kt:0/lname:/"
}
