{
    "date": "2025/07/12",
    "name": "岡本(鎌倉市)",
    "position": "-",
    "system": "船101",
    "destinations": [
        "玉縄行政センター入口",
        "児童公園前(鎌倉市)",
        "大船駅西口"
    ],
    "weekday": [
        "9:04",
        "9:24",
        "10:04",
        "11:34",
        "12:14",
        "12:54",
        "13:44",
        "14:44",
        "15:32",
        "16:14",
        "16:54",
        "17:34",
        "18:14",
        "18:34",
        "18:59",
        "20:05",
        "20:40",
        "21:14",
        "21:45"
    ],
    "saturday": [
        "9:00",
        "9:40",
        "10:10",
        "10:55",
        "11:35",
        "12:15",
        "12:55",
        "13:35",
        "14:15",
        "14:55",
        "15:35",
        "16:55",
        "17:35",
        "18:15",
        "18:56",
        "19:40"
    ],
    "holiday": [
        "9:00",
        "9:40",
        "10:10",
        "10:55",
        "11:35",
        "12:15",
        "12:55",
        "13:35",
        "14:15",
        "14:55",
        "15:35",
        "16:55",
        "17:35",
        "18:15",
        "18:56",
        "19:40"
    ],
    "url": "https://www.kanachu.co.jp/dia/diagram/timetable01_js/course:0000801427-14/node:00126991/kt:0/lname:/"
}
