{
    "system": "船10",
    "busstops": [
        {
            "index": "1",
            "id": "00126855",
            "name": "大船駅西口",
            "lat": "35.352463",
            "lng": "139.528646"
        },
        {
            "index": "2",
            "id": "00126992",
            "name": "児童公園前(鎌倉市)",
            "lat": "35.35249",
            "lng": "139.523991"
        },
        {
            "index": "3",
            "id": "00127116",
            "name": "玉縄行政センター入口",
            "lat": "35.350517",
            "lng": "139.522147"
        },
        {
            "index": "4",
            "id": "00126991",
            "name": "岡本(鎌倉市)",
            "lat": "35.349612",
            "lng": "139.519875"
        },
        {
            "index": "5",
            "id": "00126990",
            "name": "公会堂前(鎌倉市)",
            "lat": "35.348843",
            "lng": "139.516069"
        },
        {
            "index": "6",
            "id": "00127121",
            "name": "陣屋坂",
            "lat": "35.350553",
            "lng": "139.514451"
        },
        {
            "index": "7",
            "id": "00127125",
            "name": "陣屋坂上",
            "lat": "35.352656",
            "lng": "139.511729"
        },
        {
            "index": "8",
            "id": "00127122",
            "name": "城宿",
            "lat": "35.35388",
            "lng": "139.510381"
        },
        {
            "index": "9",
            "id": "00127123",
            "name": "城廻中村",
            "lat": "35.355262",
            "lng": "139.506916"
        },
        {
            "index": "10",
            "id": "00127122",
            "name": "城宿",
            "lat": "35.354086",
            "lng": "139.510217"
        },
        {
            "index": "11",
            "id": "00127125",
            "name": "陣屋坂上",
            "lat": "35.351991",
            "lng": "139.512835"
        },
        {
            "index": "12",
            "id": "00127121",
            "name": "陣屋坂",
            "lat": "35.35059",
            "lng": "139.514577"
        },
        {
            "index": "13",
            "id": "00126990",
            "name": "公会堂前(鎌倉市)",
            "lat": "35.34918",
            "lng": "139.516472"
        },
        {
            "index": "14",
            "id": "00126991",
            "name": "岡本(鎌倉市)",
            "lat": "35.349315",
            "lng": "139.520369"
        },
        {
            "index": "15",
            "id": "00127116",
            "name": "玉縄行政センター入口",
            "lat": "35.35027",
            "lng": "139.521667"
        },
        {
            "index": "16",
            "id": "00126992",
            "name": "児童公園前(鎌倉市)",
            "lat": "35.352315",
            "lng": "139.523745"
        },
        {
            "index": "17",
            "id": "00126855",
            "name": "大船駅西口",
            "lat": "35.352416",
            "lng": "139.529024"
        }
    ],
    "route_url": "https://www.kanachu.co.jp/dia/route/index/cid:0000801427/"
}
