{
    "date": "2025/04/01",
    "name": "体育館前(町田市)",
    "position": "-",
    "system": "町54",
    "destinations": [
        "菅原神社前(町田市)",
        "養運寺",
        "市立博物館前(町田市)",
        "ゆうき山",
        "金井小学校入口",
        "藤の台東",
        "藤の台団地",
        "藤の台東",
        "木倉",
        "八幡神社前(町田市)",
        "笹子",
        "栗谷",
        "金井(町田市)",
        "金井入口",
        "上能ヶ谷",
        "鶴川駅西口",
        "鶴川駅"
    ],
    "weekday": [
        "6:32",
        "7:02",
        "7:16",
        "7:38",
        "8:02",
        "8:24",
        "9:00",
        "9:30",
        "10:00",
        "10:30",
        "11:00",
        "12:00",
        "13:00",
        "14:00",
        "15:00",
        "16:07",
        "16:30",
        "17:06",
        "17:30",
        "18:06",
        "18:28",
        "18:52",
        "19:28",
        "19:52",
        "20:16",
        "20:46",
        "21:37"
    ],
    "saturday": [
        "6:39",
        "7:19",
        "7:59",
        "8:19",
        "8:49",
        "9:20",
        "9:50",
        "10:20",
        "10:50",
        "11:20",
        "12:56",
        "13:56",
        "14:56",
        "16:05",
        "16:34",
        "17:04",
        "17:34",
        "18:04",
        "18:34",
        "19:04",
        "19:38",
        "20:37"
    ],
    "holiday": [
        "6:39",
        "7:19",
        "7:59",
        "8:19",
        "8:49",
        "9:20",
        "9:50",
        "10:20",
        "10:50",
        "11:20",
        "12:56",
        "13:56",
        "14:56",
        "16:05",
        "16:34",
        "17:04",
        "17:34",
        "18:04",
        "18:39",
        "19:38",
        "20:47"
    ],
    "url": "https://www.kanachu.co.jp/dia/diagram/timetable01_js/course:0000803444-6/node:00129421/kt:0/lname:/"
}
