{
    "date": "2025/04/01",
    "name": "栗谷",
    "position": "-",
    "system": "町54",
    "destinations": [
        "金井(町田市)",
        "金井入口",
        "上能ヶ谷",
        "鶴川駅西口",
        "鶴川駅"
    ],
    "weekday": [
        "6:53",
        "7:22",
        "7:36",
        "8:00",
        "8:24",
        "8:46",
        "9:20",
        "9:50",
        "10:20",
        "10:50",
        "11:20",
        "12:20",
        "13:20",
        "14:20",
        "15:20",
        "16:27",
        "16:50",
        "17:27",
        "17:51",
        "18:27",
        "18:49",
        "19:12",
        "19:46",
        "20:10",
        "20:34",
        "21:04",
        "21:55"
    ],
    "saturday": [
        "6:57",
        "7:37",
        "8:18",
        "8:39",
        "9:09",
        "9:40",
        "10:10",
        "10:40",
        "11:10",
        "11:40",
        "13:16",
        "14:16",
        "15:17",
        "16:26",
        "16:55",
        "17:26",
        "17:56",
        "18:26",
        "18:56",
        "19:26",
        "19:57",
        "20:55"
    ],
    "holiday": [
        "6:57",
        "7:37",
        "8:18",
        "8:39",
        "9:09",
        "9:40",
        "10:10",
        "10:40",
        "11:10",
        "11:40",
        "13:16",
        "14:16",
        "15:16",
        "16:26",
        "16:55",
        "17:25",
        "17:55",
        "18:25",
        "19:00",
        "19:57",
        "21:05"
    ],
    "url": "https://www.kanachu.co.jp/dia/diagram/timetable01_js/course:0000803444-18/node:00129455/kt:0/lname:/"
}
