{
    "date": "2025/04/01",
    "name": "上能ヶ谷",
    "position": "-",
    "system": "町54",
    "destinations": [
        "鶴川駅西口",
        "鶴川駅"
    ],
    "weekday": [
        "6:57",
        "7:26",
        "7:40",
        "8:04",
        "8:28",
        "8:50",
        "9:24",
        "9:54",
        "10:24",
        "10:54",
        "11:24",
        "12:24",
        "13:24",
        "14:24",
        "15:24",
        "16:31",
        "16:54",
        "17:31",
        "17:55",
        "18:31",
        "18:53",
        "19:16",
        "19:50",
        "20:14",
        "20:38",
        "21:08",
        "21:59"
    ],
    "saturday": [
        "7:01",
        "7:41",
        "8:22",
        "8:43",
        "9:13",
        "9:44",
        "10:14",
        "10:44",
        "11:14",
        "11:44",
        "13:20",
        "14:20",
        "15:21",
        "16:30",
        "16:59",
        "17:30",
        "18:00",
        "18:30",
        "19:00",
        "19:30",
        "20:01",
        "20:59"
    ],
    "holiday": [
        "7:01",
        "7:41",
        "8:22",
        "8:43",
        "9:13",
        "9:44",
        "10:14",
        "10:44",
        "11:14",
        "11:44",
        "13:20",
        "14:20",
        "15:20",
        "16:30",
        "16:59",
        "17:29",
        "17:59",
        "18:29",
        "19:04",
        "20:01",
        "21:09"
    ],
    "url": "https://www.kanachu.co.jp/dia/diagram/timetable01_js/course:0000803444-21/node:00129439/kt:0/lname:/"
}
