{
    "date": "2025/10/01",
    "name": "市民病院前(町田市)",
    "position": "",
    "system": "町26",
    "destinations": [
        "浄水場前(町田市)",
        "滝の沢(町田市)",
        "木曽住宅",
        "三家(町田市)",
        "木曽(町田市)",
        "忠生公園入口",
        "上宿(町田市)",
        "下根岸(町田市)",
        "根岸(根岸町/町田市)",
        "馬駈",
        "図師大橋",
        "図師",
        "並木(町田市)",
        "神学校(町田市)",
        "野津田車庫"
    ],
    "weekday": [
        "7:05",
        "7:39",
        "8:08",
        "8:21",
        "8:31",
        "8:51",
        "9:04",
        "9:09",
        "9:16",
        "9:21",
        "9:26",
        "9:36",
        "9:46",
        "9:56",
        "10:01",
        "10:11",
        "10:22",
        "10:34",
        "10:46",
        "10:58",
        "11:10",
        "11:22",
        "11:34",
        "11:46",
        "11:58",
        "12:10",
        "12:25",
        "12:40",
        "12:55",
        "13:10",
        "13:25",
        "13:40",
        "13:55",
        "14:10",
        "14:25",
        "14:40",
        "14:55",
        "15:10",
        "15:22",
        "15:34",
        "15:46",
        "15:58",
        "16:14",
        "16:26",
        "16:36",
        "16:46",
        "16:56",
        "17:13",
        "17:26",
        "17:43",
        "17:58",
        "18:11",
        "18:21",
        "18:31",
        "18:41",
        "18:51",
        "19:01",
        "19:11",
        "19:19",
        "19:34",
        "19:43",
        "19:59",
        "20:11",
        "20:21",
        "20:31",
        "20:43",
        "20:56",
        "21:10",
        "21:35",
        "21:55",
        "22:15",
        "22:35",
        "22:55",
        "23:18",
        "23:54",
        "24:34"
    ],
    "saturday": [
        "6:55",
        "7:25",
        "7:41",
        "8:05",
        "8:29",
        "8:41",
        "8:53",
        "9:00",
        "9:06",
        "9:19",
        "9:30",
        "9:36",
        "9:42",
        "9:54",
        "10:06",
        "10:20",
        "10:30",
        "10:42",
        "10:54",
        "11:06",
        "11:21",
        "11:32",
        "11:51",
        "12:06",
        "12:18",
        "12:30",
        "12:42",
        "12:54",
        "13:06",
        "13:16",
        "13:26",
        "13:36",
        "13:46",
        "13:56",
        "14:06",
        "14:21",
        "14:36",
        "14:51",
        "15:06",
        "15:19",
        "15:46",
        "16:06",
        "16:36",
        "16:51",
        "17:06",
        "17:22",
        "17:51",
        "18:06",
        "18:21",
        "18:51",
        "19:11",
        "19:36",
        "20:06",
        "21:00",
        "21:35",
        "22:10",
        "22:25",
        "22:55",
        "23:16"
    ],
    "holiday": [
        "7:10",
        "7:30",
        "7:50",
        "8:25",
        "8:55",
        "9:14",
        "9:42",
        "9:54",
        "10:06",
        "10:18",
        "10:30",
        "10:42",
        "10:56",
        "11:06",
        "11:16",
        "11:32",
        "11:51",
        "12:06",
        "12:21",
        "12:36",
        "12:56",
        "13:06",
        "13:19",
        "13:36",
        "13:51",
        "14:06",
        "14:21",
        "14:46",
        "15:06",
        "15:19",
        "15:36",
        "15:51",
        "16:06",
        "16:36",
        "16:51",
        "17:21",
        "17:51",
        "18:06",
        "18:21",
        "18:36",
        "18:53",
        "19:10",
        "19:23",
        "19:45",
        "20:05",
        "20:35",
        "21:05",
        "21:35",
        "22:08",
        "22:25",
        "22:50",
        "23:16"
    ],
    "url": "https://www.kanachu.co.jp/dia/diagram/timetable01_js/course:0000802481-5/node:00129359/kt:0/lname:/"
}
