{
    "date": "2025/10/01",
    "name": "滝の沢(町田市)",
    "position": "-",
    "system": "町26",
    "destinations": [
        "木曽住宅",
        "三家(町田市)",
        "木曽(町田市)",
        "忠生公園入口",
        "上宿(町田市)",
        "下根岸(町田市)",
        "根岸(根岸町/町田市)",
        "馬駈",
        "図師大橋",
        "図師",
        "並木(町田市)",
        "神学校(町田市)",
        "野津田車庫"
    ],
    "weekday": [
        "7:07",
        "7:42",
        "8:11",
        "8:24",
        "8:34",
        "8:54",
        "9:07",
        "9:12",
        "9:19",
        "9:24",
        "9:29",
        "9:39",
        "9:49",
        "9:59",
        "10:04",
        "10:14",
        "10:25",
        "10:37",
        "10:49",
        "11:01",
        "11:13",
        "11:25",
        "11:37",
        "11:49",
        "12:01",
        "12:13",
        "12:28",
        "12:43",
        "12:58",
        "13:13",
        "13:28",
        "13:43",
        "13:58",
        "14:13",
        "14:28",
        "14:43",
        "14:58",
        "15:13",
        "15:25",
        "15:37",
        "15:49",
        "16:01",
        "16:17",
        "16:29",
        "16:39",
        "16:49",
        "16:59",
        "17:17",
        "17:30",
        "17:47",
        "18:02",
        "18:15",
        "18:25",
        "18:35",
        "18:45",
        "18:55",
        "19:04",
        "19:14",
        "19:22",
        "19:37",
        "19:46",
        "20:02",
        "20:14",
        "20:24",
        "20:34",
        "20:46",
        "20:59",
        "21:12",
        "21:37",
        "21:57",
        "22:17",
        "22:37",
        "22:57",
        "23:20",
        "23:56",
        "24:36"
    ],
    "saturday": [
        "6:57",
        "7:27",
        "7:43",
        "8:07",
        "8:31",
        "8:43",
        "8:55",
        "9:02",
        "9:08",
        "9:21",
        "9:32",
        "9:38",
        "9:44",
        "9:56",
        "10:08",
        "10:22",
        "10:32",
        "10:44",
        "10:56",
        "11:09",
        "11:24",
        "11:35",
        "11:54",
        "12:09",
        "12:21",
        "12:33",
        "12:45",
        "12:57",
        "13:09",
        "13:19",
        "13:29",
        "13:39",
        "13:49",
        "13:59",
        "14:10",
        "14:25",
        "14:40",
        "14:55",
        "15:10",
        "15:23",
        "15:50",
        "16:10",
        "16:40",
        "16:55",
        "17:10",
        "17:26",
        "17:55",
        "18:10",
        "18:25",
        "18:55",
        "19:15",
        "19:39",
        "20:09",
        "21:02",
        "21:37",
        "22:12",
        "22:27",
        "22:57",
        "23:18"
    ],
    "holiday": [
        "7:12",
        "7:32",
        "7:52",
        "8:27",
        "8:57",
        "9:17",
        "9:45",
        "9:57",
        "10:09",
        "10:21",
        "10:33",
        "10:45",
        "10:59",
        "11:10",
        "11:20",
        "11:36",
        "11:55",
        "12:10",
        "12:25",
        "12:40",
        "13:00",
        "13:10",
        "13:23",
        "13:40",
        "13:55",
        "14:10",
        "14:25",
        "14:50",
        "15:10",
        "15:23",
        "15:40",
        "15:55",
        "16:10",
        "16:40",
        "16:55",
        "17:25",
        "17:55",
        "18:10",
        "18:25",
        "18:40",
        "18:57",
        "19:12",
        "19:25",
        "19:47",
        "20:07",
        "20:37",
        "21:07",
        "21:37",
        "22:10",
        "22:27",
        "22:52",
        "23:18"
    ],
    "url": "https://www.kanachu.co.jp/dia/diagram/timetable01_js/course:0000802481-7/node:00129361/kt:0/lname:/"
}
