{
    "date": "2025/10/01",
    "name": "三家(町田市)",
    "position": "-",
    "system": "町26",
    "destinations": [
        "木曽(町田市)",
        "忠生公園入口",
        "上宿(町田市)",
        "下根岸(町田市)",
        "根岸(根岸町/町田市)",
        "馬駈",
        "図師大橋",
        "図師",
        "並木(町田市)",
        "神学校(町田市)",
        "野津田車庫"
    ],
    "weekday": [
        "7:10",
        "7:45",
        "8:14",
        "8:27",
        "8:37",
        "8:57",
        "9:10",
        "9:15",
        "9:22",
        "9:27",
        "9:32",
        "9:42",
        "9:52",
        "10:02",
        "10:07",
        "10:17",
        "10:28",
        "10:40",
        "10:52",
        "11:04",
        "11:16",
        "11:28",
        "11:40",
        "11:52",
        "12:04",
        "12:16",
        "12:31",
        "12:46",
        "13:01",
        "13:16",
        "13:31",
        "13:46",
        "14:01",
        "14:16",
        "14:31",
        "14:46",
        "15:01",
        "15:16",
        "15:28",
        "15:40",
        "15:52",
        "16:04",
        "16:20",
        "16:32",
        "16:42",
        "16:52",
        "17:02",
        "17:20",
        "17:33",
        "17:50",
        "18:05",
        "18:18",
        "18:28",
        "18:38",
        "18:48",
        "18:58",
        "19:07",
        "19:17",
        "19:25",
        "19:40",
        "19:49",
        "20:05",
        "20:17",
        "20:27",
        "20:37",
        "20:49",
        "21:02",
        "21:15",
        "21:40",
        "22:00",
        "22:20",
        "22:40",
        "23:00",
        "23:23",
        "23:59",
        "24:39"
    ],
    "saturday": [
        "7:00",
        "7:30",
        "7:46",
        "8:10",
        "8:34",
        "8:46",
        "8:58",
        "9:05",
        "9:11",
        "9:24",
        "9:35",
        "9:41",
        "9:47",
        "9:59",
        "10:11",
        "10:25",
        "10:35",
        "10:47",
        "10:59",
        "11:12",
        "11:27",
        "11:38",
        "11:57",
        "12:12",
        "12:24",
        "12:36",
        "12:48",
        "13:00",
        "13:12",
        "13:22",
        "13:32",
        "13:42",
        "13:52",
        "14:02",
        "14:13",
        "14:28",
        "14:43",
        "14:58",
        "15:13",
        "15:26",
        "15:53",
        "16:13",
        "16:43",
        "16:58",
        "17:13",
        "17:29",
        "17:58",
        "18:13",
        "18:28",
        "18:58",
        "19:18",
        "19:42",
        "20:12",
        "21:05",
        "21:40",
        "22:15",
        "22:30",
        "23:00",
        "23:21"
    ],
    "holiday": [
        "7:15",
        "7:35",
        "7:55",
        "8:30",
        "9:00",
        "9:20",
        "9:48",
        "10:00",
        "10:12",
        "10:24",
        "10:36",
        "10:48",
        "11:02",
        "11:13",
        "11:23",
        "11:39",
        "11:58",
        "12:13",
        "12:28",
        "12:43",
        "13:03",
        "13:13",
        "13:26",
        "13:43",
        "13:58",
        "14:13",
        "14:28",
        "14:53",
        "15:13",
        "15:26",
        "15:43",
        "15:58",
        "16:13",
        "16:43",
        "16:58",
        "17:28",
        "17:58",
        "18:13",
        "18:28",
        "18:43",
        "19:00",
        "19:15",
        "19:28",
        "19:50",
        "20:10",
        "20:40",
        "21:10",
        "21:40",
        "22:13",
        "22:30",
        "22:55",
        "23:21"
    ],
    "url": "https://www.kanachu.co.jp/dia/diagram/timetable01_js/course:0000802481-9/node:00129363/kt:0/lname:/"
}
