{
    "date": "2025/10/01",
    "name": "上宿(町田市)",
    "position": "-",
    "system": "町26",
    "destinations": [
        "下根岸(町田市)",
        "根岸(根岸町/町田市)",
        "馬駈",
        "図師大橋",
        "図師",
        "並木(町田市)",
        "神学校(町田市)",
        "野津田車庫"
    ],
    "weekday": [
        "7:13",
        "7:48",
        "8:17",
        "8:30",
        "8:40",
        "9:00",
        "9:13",
        "9:18",
        "9:25",
        "9:30",
        "9:35",
        "9:45",
        "9:55",
        "10:05",
        "10:10",
        "10:20",
        "10:31",
        "10:43",
        "10:55",
        "11:07",
        "11:19",
        "11:31",
        "11:43",
        "11:55",
        "12:07",
        "12:19",
        "12:34",
        "12:49",
        "13:04",
        "13:19",
        "13:34",
        "13:49",
        "14:04",
        "14:19",
        "14:34",
        "14:49",
        "15:04",
        "15:19",
        "15:31",
        "15:43",
        "15:55",
        "16:07",
        "16:23",
        "16:35",
        "16:45",
        "16:55",
        "17:05",
        "17:23",
        "17:36",
        "17:53",
        "18:08",
        "18:21",
        "18:31",
        "18:41",
        "18:51",
        "19:01",
        "19:10",
        "19:20",
        "19:28",
        "19:43",
        "19:52",
        "20:08",
        "20:20",
        "20:30",
        "20:40",
        "20:52",
        "21:05",
        "21:18",
        "21:43",
        "22:03",
        "22:23",
        "22:43",
        "23:03",
        "23:26",
        "24:02",
        "24:42"
    ],
    "saturday": [
        "7:03",
        "7:33",
        "7:49",
        "8:13",
        "8:37",
        "8:49",
        "9:01",
        "9:08",
        "9:14",
        "9:27",
        "9:38",
        "9:44",
        "9:50",
        "10:02",
        "10:14",
        "10:28",
        "10:38",
        "10:50",
        "11:02",
        "11:15",
        "11:30",
        "11:41",
        "12:00",
        "12:15",
        "12:27",
        "12:39",
        "12:51",
        "13:03",
        "13:15",
        "13:25",
        "13:35",
        "13:45",
        "13:55",
        "14:05",
        "14:16",
        "14:31",
        "14:46",
        "15:01",
        "15:16",
        "15:29",
        "15:56",
        "16:16",
        "16:46",
        "17:01",
        "17:16",
        "17:32",
        "18:01",
        "18:16",
        "18:31",
        "19:01",
        "19:21",
        "19:45",
        "20:15",
        "21:08",
        "21:43",
        "22:18",
        "22:33",
        "23:03",
        "23:24"
    ],
    "holiday": [
        "7:18",
        "7:38",
        "7:58",
        "8:33",
        "9:03",
        "9:23",
        "9:51",
        "10:03",
        "10:15",
        "10:27",
        "10:39",
        "10:51",
        "11:05",
        "11:16",
        "11:26",
        "11:42",
        "12:01",
        "12:16",
        "12:31",
        "12:46",
        "13:06",
        "13:16",
        "13:29",
        "13:46",
        "14:01",
        "14:16",
        "14:31",
        "14:56",
        "15:16",
        "15:29",
        "15:46",
        "16:01",
        "16:16",
        "16:46",
        "17:01",
        "17:31",
        "18:01",
        "18:16",
        "18:31",
        "18:46",
        "19:03",
        "19:18",
        "19:31",
        "19:53",
        "20:13",
        "20:43",
        "21:13",
        "21:43",
        "22:16",
        "22:33",
        "22:58",
        "23:24"
    ],
    "url": "https://www.kanachu.co.jp/dia/diagram/timetable01_js/course:0000802481-12/node:00129365/kt:0/lname:/"
}
