{
    "date": "2025/10/01",
    "name": "下根岸(町田市)",
    "position": "-",
    "system": "町26",
    "destinations": [
        "根岸(根岸町/町田市)",
        "馬駈",
        "図師大橋",
        "図師",
        "並木(町田市)",
        "神学校(町田市)",
        "野津田車庫"
    ],
    "weekday": [
        "7:14",
        "7:49",
        "8:18",
        "8:31",
        "8:41",
        "9:01",
        "9:14",
        "9:19",
        "9:26",
        "9:31",
        "9:36",
        "9:46",
        "9:56",
        "10:06",
        "10:11",
        "10:21",
        "10:32",
        "10:44",
        "10:56",
        "11:08",
        "11:20",
        "11:32",
        "11:44",
        "11:56",
        "12:08",
        "12:20",
        "12:35",
        "12:50",
        "13:05",
        "13:20",
        "13:35",
        "13:50",
        "14:05",
        "14:20",
        "14:35",
        "14:50",
        "15:05",
        "15:20",
        "15:32",
        "15:44",
        "15:56",
        "16:08",
        "16:24",
        "16:36",
        "16:46",
        "16:56",
        "17:06",
        "17:24",
        "17:37",
        "17:54",
        "18:09",
        "18:22",
        "18:32",
        "18:42",
        "18:52",
        "19:02",
        "19:11",
        "19:21",
        "19:29",
        "19:44",
        "19:53",
        "20:09",
        "20:21",
        "20:31",
        "20:41",
        "20:53",
        "21:06",
        "21:19",
        "21:44",
        "22:04",
        "22:24",
        "22:44",
        "23:04",
        "23:27",
        "24:03",
        "24:43"
    ],
    "saturday": [
        "7:04",
        "7:34",
        "7:50",
        "8:14",
        "8:38",
        "8:50",
        "9:02",
        "9:09",
        "9:15",
        "9:28",
        "9:39",
        "9:45",
        "9:51",
        "10:03",
        "10:15",
        "10:29",
        "10:39",
        "10:51",
        "11:03",
        "11:16",
        "11:31",
        "11:42",
        "12:01",
        "12:16",
        "12:28",
        "12:40",
        "12:52",
        "13:04",
        "13:16",
        "13:26",
        "13:36",
        "13:46",
        "13:56",
        "14:06",
        "14:17",
        "14:32",
        "14:47",
        "15:02",
        "15:17",
        "15:30",
        "15:57",
        "16:17",
        "16:47",
        "17:02",
        "17:17",
        "17:33",
        "18:02",
        "18:17",
        "18:32",
        "19:02",
        "19:22",
        "19:46",
        "20:16",
        "21:09",
        "21:44",
        "22:19",
        "22:34",
        "23:04",
        "23:25"
    ],
    "holiday": [
        "7:19",
        "7:39",
        "7:59",
        "8:34",
        "9:04",
        "9:24",
        "9:52",
        "10:04",
        "10:16",
        "10:28",
        "10:40",
        "10:52",
        "11:06",
        "11:17",
        "11:27",
        "11:43",
        "12:02",
        "12:17",
        "12:32",
        "12:47",
        "13:07",
        "13:17",
        "13:30",
        "13:47",
        "14:02",
        "14:17",
        "14:32",
        "14:57",
        "15:17",
        "15:30",
        "15:47",
        "16:02",
        "16:17",
        "16:47",
        "17:02",
        "17:32",
        "18:02",
        "18:17",
        "18:32",
        "18:47",
        "19:04",
        "19:19",
        "19:32",
        "19:54",
        "20:14",
        "20:44",
        "21:14",
        "21:44",
        "22:17",
        "22:34",
        "22:59",
        "23:25"
    ],
    "url": "https://www.kanachu.co.jp/dia/diagram/timetable01_js/course:0000802481-13/node:00129366/kt:0/lname:/"
}
