{
    "date": "2025/10/01",
    "name": "図師大橋",
    "position": "-",
    "system": "町26",
    "destinations": [
        "図師",
        "並木(町田市)",
        "神学校(町田市)",
        "野津田車庫"
    ],
    "weekday": [
        "7:19",
        "7:55",
        "8:24",
        "8:37",
        "8:47",
        "9:06",
        "9:19",
        "9:24",
        "9:31",
        "9:36",
        "9:41",
        "9:51",
        "10:01",
        "10:11",
        "10:16",
        "10:26",
        "10:37",
        "10:49",
        "11:01",
        "11:13",
        "11:25",
        "11:37",
        "11:49",
        "12:01",
        "12:13",
        "12:25",
        "12:40",
        "12:55",
        "13:10",
        "13:25",
        "13:40",
        "13:55",
        "14:10",
        "14:25",
        "14:40",
        "14:55",
        "15:10",
        "15:25",
        "15:37",
        "15:49",
        "16:01",
        "16:13",
        "16:29",
        "16:41",
        "16:51",
        "17:01",
        "17:12",
        "17:30",
        "17:43",
        "18:00",
        "18:15",
        "18:28",
        "18:38",
        "18:48",
        "18:58",
        "19:07",
        "19:16",
        "19:26",
        "19:34",
        "19:49",
        "19:58",
        "20:14",
        "20:26",
        "20:36",
        "20:46",
        "20:58",
        "21:11",
        "21:24",
        "21:49",
        "22:09",
        "22:29",
        "22:49",
        "23:09",
        "23:32",
        "24:07",
        "24:47"
    ],
    "saturday": [
        "7:08",
        "7:38",
        "7:54",
        "8:19",
        "8:43",
        "8:55",
        "9:07",
        "9:14",
        "9:20",
        "9:33",
        "9:44",
        "9:50",
        "9:56",
        "10:08",
        "10:20",
        "10:34",
        "10:44",
        "10:56",
        "11:08",
        "11:21",
        "11:36",
        "11:47",
        "12:06",
        "12:21",
        "12:33",
        "12:45",
        "12:57",
        "13:09",
        "13:21",
        "13:31",
        "13:41",
        "13:51",
        "14:01",
        "14:11",
        "14:22",
        "14:37",
        "14:52",
        "15:07",
        "15:22",
        "15:35",
        "16:02",
        "16:22",
        "16:52",
        "17:08",
        "17:23",
        "17:39",
        "18:08",
        "18:23",
        "18:38",
        "19:08",
        "19:28",
        "19:51",
        "20:21",
        "21:13",
        "21:48",
        "22:23",
        "22:38",
        "23:08",
        "23:29"
    ],
    "holiday": [
        "7:23",
        "7:43",
        "8:03",
        "8:39",
        "9:09",
        "9:29",
        "9:57",
        "10:09",
        "10:21",
        "10:33",
        "10:45",
        "10:57",
        "11:11",
        "11:22",
        "11:32",
        "11:48",
        "12:07",
        "12:22",
        "12:37",
        "12:52",
        "13:12",
        "13:22",
        "13:35",
        "13:52",
        "14:07",
        "14:22",
        "14:37",
        "15:02",
        "15:22",
        "15:35",
        "15:52",
        "16:08",
        "16:23",
        "16:53",
        "17:08",
        "17:38",
        "18:08",
        "18:23",
        "18:38",
        "18:53",
        "19:09",
        "19:24",
        "19:37",
        "19:59",
        "20:18",
        "20:48",
        "21:18",
        "21:48",
        "22:21",
        "22:38",
        "23:03",
        "23:29"
    ],
    "url": "https://www.kanachu.co.jp/dia/diagram/timetable01_js/course:0000802481-16/node:00129369/kt:0/lname:/"
}
