{
    "date": "2025/10/01",
    "name": "神学校(町田市)",
    "position": "",
    "system": "町26",
    "destinations": [
        "野津田車庫"
    ],
    "weekday": [
        "7:22",
        "7:59",
        "8:28",
        "8:41",
        "8:51",
        "9:10",
        "9:23",
        "9:28",
        "9:35",
        "9:40",
        "9:45",
        "9:55",
        "10:05",
        "10:15",
        "10:20",
        "10:30",
        "10:41",
        "10:53",
        "11:05",
        "11:17",
        "11:29",
        "11:41",
        "11:53",
        "12:05",
        "12:17",
        "12:29",
        "12:44",
        "12:59",
        "13:14",
        "13:29",
        "13:44",
        "13:59",
        "14:14",
        "14:29",
        "14:44",
        "14:59",
        "15:14",
        "15:29",
        "15:41",
        "15:53",
        "16:05",
        "16:17",
        "16:33",
        "16:45",
        "16:55",
        "17:05",
        "17:16",
        "17:34",
        "17:47",
        "18:04",
        "18:19",
        "18:32",
        "18:42",
        "18:52",
        "19:02",
        "19:10",
        "19:19",
        "19:29",
        "19:37",
        "19:52",
        "20:01",
        "20:17",
        "20:29",
        "20:39",
        "20:49",
        "21:01",
        "21:14",
        "21:27",
        "21:52",
        "22:12",
        "22:32",
        "22:52",
        "23:12",
        "23:35",
        "24:10",
        "24:50"
    ],
    "saturday": [
        "7:11",
        "7:41",
        "7:57",
        "8:22",
        "8:46",
        "8:58",
        "9:10",
        "9:17",
        "9:23",
        "9:36",
        "9:47",
        "9:53",
        "9:59",
        "10:11",
        "10:23",
        "10:37",
        "10:47",
        "10:59",
        "11:12",
        "11:25",
        "11:40",
        "11:51",
        "12:10",
        "12:25",
        "12:37",
        "12:49",
        "13:01",
        "13:13",
        "13:25",
        "13:35",
        "13:45",
        "13:55",
        "14:05",
        "14:15",
        "14:26",
        "14:41",
        "14:56",
        "15:11",
        "15:26",
        "15:39",
        "16:06",
        "16:26",
        "16:56",
        "17:12",
        "17:27",
        "17:43",
        "18:12",
        "18:27",
        "18:42",
        "19:12",
        "19:32",
        "19:54",
        "20:24",
        "21:16",
        "21:51",
        "22:26",
        "22:41",
        "23:11",
        "23:32"
    ],
    "holiday": [
        "7:26",
        "7:46",
        "8:06",
        "8:42",
        "9:12",
        "9:32",
        "10:00",
        "10:12",
        "10:24",
        "10:36",
        "10:48",
        "11:00",
        "11:15",
        "11:26",
        "11:36",
        "11:52",
        "12:11",
        "12:26",
        "12:41",
        "12:56",
        "13:16",
        "13:26",
        "13:39",
        "13:56",
        "14:11",
        "14:26",
        "14:41",
        "15:06",
        "15:26",
        "15:39",
        "15:56",
        "16:12",
        "16:27",
        "16:57",
        "17:12",
        "17:42",
        "18:12",
        "18:27",
        "18:42",
        "18:57",
        "19:13",
        "19:28",
        "19:41",
        "20:02",
        "20:21",
        "20:51",
        "21:21",
        "21:51",
        "22:24",
        "22:41",
        "23:06",
        "23:32"
    ],
    "url": "https://www.kanachu.co.jp/dia/diagram/timetable01_js/course:0000802481-19/node:00129372/kt:0/lname:/"
}
