{
    "date": "2025/03/15",
    "name": "立場ターミナル",
    "position": "-",
    "system": "湘07",
    "destinations": [
        "西原(横浜市泉区)",
        "萩丸",
        "大丸(横浜市泉区)",
        "原田(横浜市泉区)",
        "下和泉",
        "四ツ谷(横浜市泉区)",
        "南小学校前(横浜市泉区)",
        "下飯田",
        "元木(横浜市泉区)",
        "今田西原",
        "図書館前(藤沢市)",
        "今田上原",
        "下高倉(藤沢市)",
        "湘南台駅東口"
    ],
    "weekday": [
        "6:15",
        "7:15",
        "8:15",
        "9:15",
        "10:15",
        "11:15",
        "12:15",
        "13:15",
        "14:15",
        "15:15",
        "16:15",
        "17:15",
        "18:15",
        "19:15",
        "20:26"
    ],
    "saturday": [
        "7:35",
        "8:35",
        "9:35",
        "10:35",
        "11:35",
        "12:35",
        "13:35",
        "14:35",
        "15:35",
        "16:35",
        "17:35",
        "18:35",
        "19:35"
    ],
    "holiday": [
        "7:35",
        "8:35",
        "9:35",
        "10:35",
        "11:35",
        "12:35",
        "13:35",
        "14:35",
        "15:35",
        "16:35",
        "17:35",
        "18:35",
        "19:35"
    ],
    "url": "https://www.kanachu.co.jp/dia/diagram/timetable01_js/course:0000802715-1/node:00126783/kt:0/lname:/"
}
