{
    "date": "2025/03/15",
    "name": "原田(横浜市泉区)",
    "position": "-",
    "system": "湘07",
    "destinations": [
        "下和泉",
        "四ツ谷(横浜市泉区)",
        "南小学校前(横浜市泉区)",
        "下飯田",
        "元木(横浜市泉区)",
        "今田西原",
        "図書館前(藤沢市)",
        "今田上原",
        "下高倉(藤沢市)",
        "湘南台駅東口"
    ],
    "weekday": [
        "6:20",
        "7:20",
        "8:20",
        "9:20",
        "10:20",
        "11:20",
        "12:20",
        "13:20",
        "14:20",
        "15:20",
        "16:20",
        "17:20",
        "18:20",
        "19:20",
        "20:31"
    ],
    "saturday": [
        "7:40",
        "8:40",
        "9:40",
        "10:40",
        "11:40",
        "12:40",
        "13:40",
        "14:40",
        "15:40",
        "16:40",
        "17:40",
        "18:40",
        "19:40"
    ],
    "holiday": [
        "7:40",
        "8:40",
        "9:40",
        "10:40",
        "11:40",
        "12:40",
        "13:40",
        "14:40",
        "15:40",
        "16:40",
        "17:40",
        "18:40",
        "19:40"
    ],
    "url": "https://www.kanachu.co.jp/dia/diagram/timetable01_js/course:0000802715-5/node:00126871/kt:0/lname:/"
}
