{
    "date": "2025/03/15",
    "name": "滝の沢不動前",
    "position": "-",
    "system": "辻33",
    "destinations": [
        "滝の沢(藤沢市)",
        "駒寄",
        "二番構保健医療センター",
        "ライフタウン中央(藤沢市)",
        "大庭小学校",
        "小糸",
        "城下(藤沢市)",
        "舟地蔵",
        "大六天(藤沢市)",
        "城(藤沢市)",
        "南山(藤沢市)",
        "羽鳥山",
        "羽鳥郵便局前",
        "神台公園前",
        "辻堂駅北口"
    ],
    "weekday": [
        "7:52",
        "10:22",
        "16:22"
    ],
    "saturday": [
        "8:22",
        "10:22",
        "16:22"
    ],
    "holiday": [
        "8:22",
        "10:22",
        "16:22"
    ],
    "url": "https://www.kanachu.co.jp/dia/diagram/timetable01_js/course:0000801970-23/node:00129947/kt:0/lname:/"
}
