{
    "date": "2025/03/15",
    "name": "城下(藤沢市)",
    "position": "-",
    "system": "辻33",
    "destinations": [
        "舟地蔵",
        "大六天(藤沢市)",
        "城(藤沢市)",
        "南山(藤沢市)",
        "羽鳥山",
        "羽鳥郵便局前",
        "神台公園前",
        "辻堂駅北口"
    ],
    "weekday": [
        "7:59",
        "10:29",
        "16:29"
    ],
    "saturday": [
        "8:29",
        "10:29",
        "16:29"
    ],
    "holiday": [
        "8:29",
        "10:29",
        "16:29"
    ],
    "url": "https://www.kanachu.co.jp/dia/diagram/timetable01_js/course:0000801970-30/node:00129970/kt:0/lname:/"
}
