{
    "date": "2025/05/11",
    "name": "椎郷",
    "position": "-",
    "system": "船24",
    "destinations": [
        "湘南ハイツ",
        "荒井沢公園前",
        "公田ハイツ前",
        "椎郷",
        "朝日平和台入口",
        "鎌倉女子大前",
        "平島(鎌倉市)",
        "笠間十字路",
        "笠間町",
        "岩井口",
        "大船駅(横浜市栄区)"
    ],
    "weekday": [
        "8:58",
        "9:27",
        "10:15",
        "10:57",
        "11:42",
        "12:27",
        "13:08",
        "13:27",
        "13:57",
        "15:07",
        "15:27",
        "15:57",
        "16:23",
        "16:45",
        "17:07",
        "17:29",
        "17:51",
        "18:13",
        "18:35",
        "18:57",
        "19:19",
        "19:41",
        "20:03",
        "20:23",
        "21:12",
        "21:50"
    ],
    "saturday": [
        "9:22",
        "10:07",
        "10:47",
        "11:37",
        "12:22",
        "13:07",
        "13:47",
        "14:32",
        "15:26",
        "16:23",
        "17:08",
        "17:53",
        "18:38",
        "19:20",
        "20:02",
        "20:44"
    ],
    "holiday": [
        "9:22",
        "10:07",
        "10:47",
        "11:37",
        "12:22",
        "13:07",
        "13:47",
        "14:32",
        "15:26",
        "16:23",
        "17:08",
        "17:53",
        "18:38",
        "19:20",
        "20:02",
        "20:44"
    ],
    "url": "https://www.kanachu.co.jp/dia/diagram/timetable01_js/course:0000802937-9/node:00126543/kt:0/lname:/"
}
