{
    "date": "2025/05/11",
    "name": "椎郷",
    "position": "-",
    "system": "船24",
    "destinations": [
        "朝日平和台入口",
        "鎌倉女子大前",
        "平島(鎌倉市)",
        "笠間十字路",
        "笠間町",
        "岩井口",
        "大船駅(横浜市栄区)"
    ],
    "weekday": [
        "9:10",
        "9:39",
        "10:27",
        "11:09",
        "11:54",
        "12:39",
        "13:20",
        "13:39",
        "14:09",
        "15:19",
        "15:39",
        "16:09",
        "16:35",
        "16:57",
        "17:19",
        "17:41",
        "18:03",
        "18:25",
        "18:47",
        "19:09",
        "19:31",
        "19:53",
        "20:14",
        "20:34",
        "21:23",
        "22:01"
    ],
    "saturday": [
        "9:34",
        "10:19",
        "10:59",
        "11:49",
        "12:34",
        "13:19",
        "13:59",
        "14:44",
        "15:38",
        "16:35",
        "17:20",
        "18:05",
        "18:50",
        "19:32",
        "20:14",
        "20:56"
    ],
    "holiday": [
        "9:34",
        "10:19",
        "10:59",
        "11:49",
        "12:34",
        "13:19",
        "13:59",
        "14:44",
        "15:38",
        "16:35",
        "17:20",
        "18:05",
        "18:50",
        "19:32",
        "20:14",
        "20:56"
    ],
    "url": "https://www.kanachu.co.jp/dia/diagram/timetable01_js/course:0000802937-13/node:00126543/kt:0/lname:/"
}
