{
    "date": "2025/08/04",
    "name": "原宿公園西",
    "position": "-",
    "system": "橋27",
    "destinations": [
        "八幡神社前(相模原市緑区)",
        "二本松二丁目",
        "公園前(相模原市緑区)",
        "住宅前(相模原市緑区)",
        "日本板硝子前(相模原市緑区)",
        "西橋本三丁目",
        "北警察署前(相模原市緑区)",
        "緑区合同庁舎前(相模原市緑区)",
        "橋本二丁目",
        "橋本駅南口"
    ],
    "weekday": [
        "5:40",
        "6:00",
        "6:20",
        "6:39",
        "6:57",
        "7:07",
        "7:21",
        "7:41",
        "8:01",
        "8:21",
        "8:46",
        "9:06",
        "9:40",
        "10:30",
        "11:30",
        "12:30",
        "13:30",
        "14:30",
        "15:30",
        "16:10",
        "16:50",
        "17:38",
        "18:20",
        "18:50",
        "19:30",
        "20:10",
        "20:50"
    ],
    "saturday": [
        "6:10",
        "6:50",
        "7:30",
        "8:10",
        "8:50",
        "9:25",
        "10:25",
        "11:25",
        "12:15",
        "13:20",
        "14:20",
        "15:20",
        "16:20",
        "17:35",
        "18:30",
        "19:20"
    ],
    "holiday": [
        "6:50",
        "7:30",
        "8:10",
        "8:50",
        "9:25",
        "10:25",
        "11:25",
        "12:15",
        "13:20",
        "14:20",
        "15:20",
        "16:20",
        "17:35",
        "18:30",
        "19:20"
    ],
    "url": "https://www.kanachu.co.jp/dia/diagram/timetable01_js/course:0000800632-2/node:00128999/kt:0/lname:/"
}
