{
    "date": "2025/08/04",
    "name": "住宅前(相模原市緑区)",
    "position": "-",
    "system": "橋27",
    "destinations": [
        "日本板硝子前(相模原市緑区)",
        "西橋本三丁目",
        "北警察署前(相模原市緑区)",
        "緑区合同庁舎前(相模原市緑区)",
        "橋本二丁目",
        "橋本駅南口"
    ],
    "weekday": [
        "5:43",
        "6:03",
        "6:23",
        "6:42",
        "7:00",
        "7:10",
        "7:24",
        "7:44",
        "8:04",
        "8:24",
        "8:49",
        "9:09",
        "9:43",
        "10:33",
        "11:33",
        "12:33",
        "13:33",
        "14:33",
        "15:33",
        "16:13",
        "16:53",
        "17:41",
        "18:23",
        "18:53",
        "19:33",
        "20:13",
        "20:53"
    ],
    "saturday": [
        "6:13",
        "6:53",
        "7:33",
        "8:13",
        "8:53",
        "9:28",
        "10:28",
        "11:28",
        "12:18",
        "13:23",
        "14:23",
        "15:23",
        "16:23",
        "17:38",
        "18:33",
        "19:23"
    ],
    "holiday": [
        "6:53",
        "7:33",
        "8:13",
        "8:53",
        "9:28",
        "10:28",
        "11:28",
        "12:18",
        "13:23",
        "14:23",
        "15:23",
        "16:23",
        "17:38",
        "18:33",
        "19:23"
    ],
    "url": "https://www.kanachu.co.jp/dia/diagram/timetable01_js/course:0000800632-6/node:00128974/kt:0/lname:/"
}
