{
    "date": "2025/08/04",
    "name": "北警察署前(相模原市緑区)",
    "position": "-",
    "system": "橋27",
    "destinations": [
        "緑区合同庁舎前(相模原市緑区)",
        "橋本二丁目",
        "橋本駅南口"
    ],
    "weekday": [
        "5:46",
        "6:06",
        "6:26",
        "6:45",
        "7:03",
        "7:13",
        "7:27",
        "7:47",
        "8:07",
        "8:27",
        "8:52",
        "9:12",
        "9:46",
        "10:36",
        "11:36",
        "12:36",
        "13:36",
        "14:36",
        "15:36",
        "16:16",
        "16:56",
        "17:44",
        "18:26",
        "18:56",
        "19:36",
        "20:16",
        "20:56"
    ],
    "saturday": [
        "6:16",
        "6:56",
        "7:36",
        "8:16",
        "8:56",
        "9:31",
        "10:31",
        "11:31",
        "12:21",
        "13:26",
        "14:26",
        "15:26",
        "16:26",
        "17:41",
        "18:36",
        "19:26"
    ],
    "holiday": [
        "6:56",
        "7:36",
        "8:16",
        "8:56",
        "9:31",
        "10:31",
        "11:31",
        "12:21",
        "13:26",
        "14:26",
        "15:26",
        "16:26",
        "17:41",
        "18:36",
        "19:26"
    ],
    "url": "https://www.kanachu.co.jp/dia/diagram/timetable01_js/course:0000800632-9/node:00129042/kt:0/lname:/"
}
