{
    "system": "橋27",
    "busstops": [
        {
            "index": "1",
            "id": "00129001",
            "name": "原宿五丁目",
            "lat": "35.593784",
            "lng": "139.308131"
        },
        {
            "index": "2",
            "id": "00128999",
            "name": "原宿公園西",
            "lat": "35.593548",
            "lng": "139.312385"
        },
        {
            "index": "3",
            "id": "00128998",
            "name": "八幡神社前(相模原市緑区)",
            "lat": "35.593571",
            "lng": "139.316278"
        },
        {
            "index": "4",
            "id": "00128997",
            "name": "二本松二丁目",
            "lat": "35.593934",
            "lng": "139.319177"
        },
        {
            "index": "5",
            "id": "00128975",
            "name": "公園前(相模原市緑区)",
            "lat": "35.594249",
            "lng": "139.321852"
        },
        {
            "index": "6",
            "id": "00128974",
            "name": "住宅前(相模原市緑区)",
            "lat": "35.594516",
            "lng": "139.324047"
        },
        {
            "index": "7",
            "id": "00128973",
            "name": "日本板硝子前(相模原市緑区)",
            "lat": "35.59491",
            "lng": "139.327421"
        },
        {
            "index": "8",
            "id": "00128972",
            "name": "西橋本三丁目",
            "lat": "35.595211",
            "lng": "139.331808"
        },
        {
            "index": "9",
            "id": "00129042",
            "name": "北警察署前(相模原市緑区)",
            "lat": "35.595202",
            "lng": "139.334555"
        },
        {
            "index": "10",
            "id": "00129000",
            "name": "緑区合同庁舎前(相模原市緑区)",
            "lat": "35.595297",
            "lng": "139.336692"
        },
        {
            "index": "11",
            "id": "00128971",
            "name": "橋本二丁目",
            "lat": "35.595384",
            "lng": "139.340769"
        },
        {
            "index": "12",
            "id": "00128970",
            "name": "橋本駅南口",
            "lat": "35.594627",
            "lng": "139.344271"
        }
    ],
    "route_url": "https://www.kanachu.co.jp/dia/route/index/cid:0000800632/"
}
