{
    "date": "2023/07/01",
    "name": "柳の内",
    "position": "-",
    "system": "平15",
    "destinations": [
        "農協神田支所前",
        "相模神田",
        "田村十字路",
        "駒返橋",
        "鹿見堂橋",
        "平塚市リサイクルプラザ",
        "大江工業前",
        "ふじみ園前",
        "前鳥神社前",
        "大念寺前",
        "四ノ宮(平塚市)",
        "泉蔵院前",
        "古河電工入口",
        "八幡公民館入口",
        "八幡(平塚市)",
        "八幡入口",
        "コンフォール平塚前",
        "市役所前(平塚市)",
        "四ツ角(平塚市)",
        "平塚駅北口"
    ],
    "weekday": [],
    "saturday": [
        "9:56",
        "10:13",
        "10:33",
        "10:55",
        "11:15",
        "11:35",
        "11:55",
        "12:15",
        "12:35",
        "12:55",
        "13:15",
        "13:35",
        "13:55",
        "14:15",
        "14:35",
        "14:55",
        "15:15",
        "15:35",
        "15:55",
        "16:15",
        "16:35",
        "16:55",
        "17:15",
        "17:35",
        "17:55",
        "18:15",
        "18:35",
        "18:55",
        "19:15",
        "19:34",
        "19:53",
        "20:13",
        "20:33"
    ],
    "holiday": [
        "9:56",
        "10:13",
        "10:33",
        "10:55",
        "11:15",
        "11:35",
        "11:55",
        "12:15",
        "12:35",
        "12:55",
        "13:15",
        "13:35",
        "13:55",
        "14:15",
        "14:35",
        "14:55",
        "15:15",
        "15:35",
        "15:55",
        "16:15",
        "16:35",
        "16:55",
        "17:15",
        "17:35",
        "17:55",
        "18:15",
        "18:35",
        "18:55",
        "19:15",
        "19:34",
        "19:53",
        "20:13",
        "20:33"
    ],
    "url": "https://www.kanachu.co.jp/dia/diagram/timetable01_js/course:0000803321-20/node:00127665/kt:0/lname:/"
}
