{
    "date": "2023/07/01",
    "name": "田村十字路",
    "position": "-",
    "system": "平15",
    "destinations": [
        "駒返橋",
        "鹿見堂橋",
        "平塚市リサイクルプラザ",
        "大江工業前",
        "ふじみ園前",
        "前鳥神社前",
        "大念寺前",
        "四ノ宮(平塚市)",
        "泉蔵院前",
        "古河電工入口",
        "八幡公民館入口",
        "八幡(平塚市)",
        "八幡入口",
        "コンフォール平塚前",
        "市役所前(平塚市)",
        "四ツ角(平塚市)",
        "平塚駅北口"
    ],
    "weekday": [],
    "saturday": [
        "9:59",
        "10:16",
        "10:36",
        "10:58",
        "11:18",
        "11:38",
        "11:58",
        "12:18",
        "12:38",
        "12:58",
        "13:18",
        "13:38",
        "13:58",
        "14:18",
        "14:38",
        "14:58",
        "15:18",
        "15:38",
        "15:58",
        "16:18",
        "16:38",
        "16:58",
        "17:18",
        "17:38",
        "17:58",
        "18:18",
        "18:38",
        "18:58",
        "19:18",
        "19:37",
        "19:56",
        "20:16",
        "20:36"
    ],
    "holiday": [
        "9:59",
        "10:16",
        "10:36",
        "10:58",
        "11:18",
        "11:38",
        "11:58",
        "12:18",
        "12:38",
        "12:58",
        "13:18",
        "13:38",
        "13:58",
        "14:18",
        "14:38",
        "14:58",
        "15:18",
        "15:38",
        "15:58",
        "16:18",
        "16:38",
        "16:58",
        "17:18",
        "17:38",
        "17:58",
        "18:18",
        "18:38",
        "18:58",
        "19:18",
        "19:37",
        "19:56",
        "20:16",
        "20:36"
    ],
    "url": "https://www.kanachu.co.jp/dia/diagram/timetable01_js/course:0000803321-23/node:00127662/kt:0/lname:/"
}
