{
    "date": "2023/07/01",
    "name": "四ノ宮(平塚市)",
    "position": "-",
    "system": "平15",
    "destinations": [
        "泉蔵院前",
        "古河電工入口",
        "八幡公民館入口",
        "八幡(平塚市)",
        "八幡入口",
        "コンフォール平塚前",
        "市役所前(平塚市)",
        "四ツ角(平塚市)",
        "平塚駅北口"
    ],
    "weekday": [],
    "saturday": [
        "10:08",
        "10:25",
        "10:45",
        "11:07",
        "11:27",
        "11:47",
        "12:07",
        "12:27",
        "12:47",
        "13:07",
        "13:27",
        "13:47",
        "14:07",
        "14:27",
        "14:47",
        "15:07",
        "15:27",
        "15:47",
        "16:07",
        "16:27",
        "16:47",
        "17:07",
        "17:27",
        "17:47",
        "18:07",
        "18:27",
        "18:47",
        "19:07",
        "19:27",
        "19:44",
        "20:03",
        "20:23",
        "20:43"
    ],
    "holiday": [
        "10:08",
        "10:25",
        "10:45",
        "11:07",
        "11:27",
        "11:47",
        "12:07",
        "12:27",
        "12:47",
        "13:07",
        "13:27",
        "13:47",
        "14:07",
        "14:27",
        "14:47",
        "15:07",
        "15:27",
        "15:47",
        "16:07",
        "16:27",
        "16:47",
        "17:07",
        "17:27",
        "17:47",
        "18:07",
        "18:27",
        "18:47",
        "19:07",
        "19:27",
        "19:44",
        "20:03",
        "20:23",
        "20:43"
    ],
    "url": "https://www.kanachu.co.jp/dia/diagram/timetable01_js/course:0000803321-31/node:00127656/kt:0/lname:/"
}
