{
    "date": "2023/07/01",
    "name": "八幡入口",
    "position": "-",
    "system": "平153",
    "destinations": [
        "コンフォール平塚前",
        "市役所前(平塚市)",
        "四ツ角(平塚市)",
        "平塚駅北口"
    ],
    "weekday": [],
    "saturday": [
        "10:14",
        "10:31",
        "10:51",
        "11:13",
        "11:33",
        "11:53",
        "12:13",
        "12:33",
        "12:53",
        "13:13",
        "13:33",
        "13:53",
        "14:13",
        "14:33",
        "14:53",
        "15:13",
        "15:33",
        "15:53",
        "16:13",
        "16:33",
        "16:53",
        "17:13",
        "17:33",
        "17:53",
        "18:13",
        "18:33",
        "18:53",
        "19:13",
        "19:33",
        "19:50",
        "20:09",
        "20:29",
        "20:49"
    ],
    "holiday": [
        "10:14",
        "10:31",
        "10:51",
        "11:13",
        "11:33",
        "11:53",
        "12:13",
        "12:33",
        "12:53",
        "13:13",
        "13:33",
        "13:53",
        "14:13",
        "14:33",
        "14:53",
        "15:13",
        "15:33",
        "15:53",
        "16:13",
        "16:33",
        "16:53",
        "17:13",
        "17:33",
        "17:53",
        "18:13",
        "18:33",
        "18:53",
        "19:13",
        "19:33",
        "19:50",
        "20:09",
        "20:29",
        "20:49"
    ],
    "url": "https://www.kanachu.co.jp/dia/diagram/timetable01_js/course:0000803321-36/node:00127645/kt:0/lname:/"
}
