{
    "date": "2024/12/16",
    "name": "秦野駅",
    "position": "-",
    "system": "秦44",
    "destinations": [
        "大川橋(秦野市)",
        "上宿通り",
        "片町通り",
        "河原町(秦野市)",
        "室川橋(下大槻団地線)",
        "才ヶ分",
        "才ヶ分踏切",
        "瓜生野入口",
        "秦野高校前",
        "広畑ふれあいプラザ前",
        "下大槻団地",
        "広畑ふれあいプラザ前",
        "宿矢名",
        "矢名",
        "学校入口(秦野市)",
        "東海大学北門",
        "東海大学前駅入口",
        "東海大学前駅南口",
        "鶴美ヶ丘",
        "落幡",
        "鶴巻温泉駅南口"
    ],
    "weekday": [
        "5:34",
        "6:33",
        "7:12",
        "10:52"
    ],
    "saturday": [
        "15:51"
    ],
    "holiday": [
        "15:51"
    ],
    "url": "https://www.kanachu.co.jp/dia/diagram/timetable01_js/course:0000803663-1/node:00127715/kt:0/lname:/"
}
