{
    "date": "2024/12/16",
    "name": "河原町(秦野市)",
    "position": "-",
    "system": "秦44",
    "destinations": [
        "室川橋(下大槻団地線)",
        "才ヶ分",
        "才ヶ分踏切",
        "瓜生野入口",
        "秦野高校前",
        "広畑ふれあいプラザ前",
        "下大槻団地",
        "広畑ふれあいプラザ前",
        "宿矢名",
        "矢名",
        "学校入口(秦野市)",
        "東海大学北門",
        "東海大学前駅入口",
        "東海大学前駅南口",
        "鶴美ヶ丘",
        "落幡",
        "鶴巻温泉駅南口"
    ],
    "weekday": [
        "5:39",
        "6:38",
        "7:18",
        "10:58"
    ],
    "saturday": [
        "15:57"
    ],
    "holiday": [
        "15:57"
    ],
    "url": "https://www.kanachu.co.jp/dia/diagram/timetable01_js/course:0000803663-5/node:00127720/kt:0/lname:/"
}
