{
    "date": "2024/12/16",
    "name": "下大槻団地",
    "position": "-",
    "system": "秦44",
    "destinations": [
        "広畑ふれあいプラザ前",
        "宿矢名",
        "矢名",
        "学校入口(秦野市)",
        "東海大学北門",
        "東海大学前駅入口",
        "東海大学前駅南口",
        "鶴美ヶ丘",
        "落幡",
        "鶴巻温泉駅南口"
    ],
    "weekday": [
        "5:48",
        "6:47",
        "7:28",
        "11:08"
    ],
    "saturday": [
        "16:09"
    ],
    "holiday": [
        "16:09"
    ],
    "url": "https://www.kanachu.co.jp/dia/diagram/timetable01_js/course:0000803663-12/node:00127755/kt:0/lname:/"
}
