{
    "date": "2025/08/30",
    "name": "秋葉三叉路",
    "position": "-",
    "system": "東02",
    "destinations": [
        "秋葉",
        "富士山下",
        "公園前(横浜市戸塚区)",
        "川上小学校前(横浜市戸塚区)",
        "前田ハイツ前",
        "天王山橋",
        "東戸塚駅東口"
    ],
    "weekday": [
        "5:35",
        "5:45",
        "5:58",
        "6:11",
        "6:21",
        "6:40",
        "6:54",
        "6:59",
        "7:09",
        "7:19",
        "7:24",
        "7:44",
        "8:20",
        "9:54",
        "10:24",
        "10:54",
        "11:24",
        "11:54",
        "12:24",
        "12:54",
        "13:24",
        "13:54",
        "14:24",
        "14:54",
        "15:24",
        "15:54",
        "16:24",
        "16:54",
        "17:24",
        "17:54",
        "18:24",
        "18:52"
    ],
    "saturday": [
        "6:18",
        "6:51",
        "7:21",
        "7:51",
        "8:19",
        "8:49",
        "9:24",
        "9:54",
        "10:24",
        "10:54",
        "11:24",
        "11:54",
        "12:24",
        "12:54",
        "13:24",
        "13:54",
        "14:24",
        "14:54",
        "15:24",
        "15:54",
        "16:24",
        "16:54",
        "17:24",
        "18:24"
    ],
    "holiday": [
        "6:56",
        "7:51",
        "8:19",
        "8:49",
        "9:24",
        "9:54",
        "10:24",
        "10:54",
        "11:24",
        "11:54",
        "12:24",
        "12:54",
        "13:24",
        "13:54",
        "14:24",
        "14:54",
        "15:24",
        "15:54",
        "16:24",
        "16:54",
        "17:24",
        "18:24"
    ],
    "url": "https://www.kanachu.co.jp/dia/diagram/timetable01_js/course:0000803831-8/node:00126661/kt:0/lname:/"
}
