{
    "date": "2025/07/27",
    "name": "南5号前",
    "position": "-",
    "system": "二38",
    "destinations": [
        "四ツ谷(中郡二宮町)",
        "中里(中郡二宮町)",
        "中島(中郡二宮町)",
        "堂面(中郡二宮町)",
        "元町(中郡二宮町)",
        "二宮駅北口"
    ],
    "weekday": [
        "8:19",
        "8:59",
        "9:38",
        "10:33",
        "11:28",
        "12:28",
        "13:28",
        "14:28",
        "15:24",
        "16:08",
        "16:53",
        "17:38",
        "18:16"
    ],
    "saturday": [
        "9:20",
        "10:13",
        "11:43",
        "12:20",
        "13:13",
        "14:43",
        "15:20",
        "16:13",
        "17:45"
    ],
    "holiday": [
        "9:20",
        "10:13",
        "11:43",
        "12:20",
        "13:13",
        "14:43",
        "15:20",
        "16:13",
        "17:45"
    ],
    "url": "https://www.kanachu.co.jp/dia/diagram/timetable01_js/course:0000802557-5/node:00127794/kt:0/lname:/"
}
