{
    "date": "2025/01/14",
    "name": "金田下宿",
    "position": "-",
    "system": "厚60",
    "destinations": [
        "積水ソフランウイズ前",
        "鮎津橋",
        "元町(厚木市)",
        "小田急通り",
        "厚木バスセンター"
    ],
    "weekday": [
        "6:32",
        "6:59",
        "7:56",
        "8:26",
        "8:56",
        "9:23",
        "9:53",
        "10:23",
        "10:48",
        "11:18",
        "11:48",
        "12:18",
        "12:48",
        "13:18",
        "13:48",
        "14:18",
        "14:48",
        "15:18",
        "15:48",
        "16:18",
        "16:48",
        "17:14",
        "17:37",
        "17:57",
        "18:57",
        "19:54"
    ],
    "saturday": [
        "7:03",
        "7:40",
        "8:16",
        "8:40",
        "9:16",
        "9:40",
        "10:04",
        "10:39",
        "11:03",
        "11:45",
        "12:30",
        "13:00",
        "13:45",
        "14:30",
        "15:00",
        "15:45",
        "16:30",
        "17:00",
        "17:45",
        "18:30",
        "19:44"
    ],
    "holiday": [
        "7:04",
        "8:10",
        "9:10",
        "10:10",
        "11:10",
        "12:10",
        "13:10",
        "14:10",
        "15:10",
        "16:10",
        "17:10",
        "18:10",
        "19:09"
    ],
    "url": "https://www.kanachu.co.jp/dia/diagram/timetable01_js/course:0000800322-28/node:00128346/kt:0/lname:/"
}
