{
    "date": "2026/01/16",
    "name": "下小沢",
    "position": "-",
    "system": "ー",
    "destinations": [
        "小沢大堀南",
        "小沢大堀北",
        "小沢坂下",
        "小沢坂上",
        "大塚(愛甲郡愛川町)",
        "春日台団地北",
        "郵便局前(愛甲郡愛川町)",
        "箕輪(愛甲郡愛川町)",
        "愛川町役場",
        "愛川北部病院前",
        "愛川バスセンター"
    ],
    "weekday": [
        "8:26"
    ],
    "saturday": [],
    "holiday": [],
    "url": "https://www.kanachu.co.jp/dia/diagram/timetable01_js/course:0000804185-19/node:00128719/kt:0/lname:/"
}
