{
    "date": "2024/04/01",
    "name": "寒川駅南口",
    "position": "-",
    "system": "茅26",
    "destinations": [
        "景観寺",
        "筒井(高座郡寒川町)",
        "大曲(高座郡寒川町)",
        "香川駅入口",
        "大曲橋",
        "変電所前(茅ケ崎市)",
        "西久保(茅ケ崎市)",
        "円蔵",
        "矢畑",
        "肥地力",
        "保健所前(茅ケ崎市)",
        "ジャスコ前(茅ケ崎市)",
        "市民文化会館前(茅ケ崎市)",
        "茅ヶ崎駅"
    ],
    "weekday": [
        "9:05",
        "9:30",
        "10:05",
        "10:30",
        "10:55",
        "11:20",
        "12:20",
        "13:00",
        "13:45",
        "15:15",
        "17:30",
        "18:23"
    ],
    "saturday": [
        "11:40",
        "13:42",
        "15:30",
        "17:30"
    ],
    "holiday": [
        "11:40",
        "13:42",
        "15:30",
        "17:30"
    ],
    "url": "https://www.kanachu.co.jp/dia/diagram/timetable01_js/course:0000800997-7/node:00127314/kt:0/lname:/"
}
