{
    "date": "2024/04/01",
    "name": "香川駅入口",
    "position": "-",
    "system": "茅26",
    "destinations": [
        "大曲橋",
        "変電所前(茅ケ崎市)",
        "西久保(茅ケ崎市)",
        "円蔵",
        "矢畑",
        "肥地力",
        "保健所前(茅ケ崎市)",
        "ジャスコ前(茅ケ崎市)",
        "市民文化会館前(茅ケ崎市)",
        "茅ヶ崎駅"
    ],
    "weekday": [
        "9:09",
        "9:34",
        "10:09",
        "10:34",
        "10:59",
        "11:24",
        "12:24",
        "13:04",
        "13:49",
        "15:19",
        "17:34",
        "18:27"
    ],
    "saturday": [
        "11:44",
        "13:46",
        "15:34",
        "17:34"
    ],
    "holiday": [
        "11:44",
        "13:46",
        "15:34",
        "17:34"
    ],
    "url": "https://www.kanachu.co.jp/dia/diagram/timetable01_js/course:0000800997-11/node:00127165/kt:0/lname:/"
}
