{
    "date": "2024/04/01",
    "name": "大曲橋",
    "position": "-",
    "system": "茅26",
    "destinations": [
        "変電所前(茅ケ崎市)",
        "西久保(茅ケ崎市)",
        "円蔵",
        "矢畑",
        "肥地力",
        "保健所前(茅ケ崎市)",
        "ジャスコ前(茅ケ崎市)",
        "市民文化会館前(茅ケ崎市)",
        "茅ヶ崎駅"
    ],
    "weekday": [
        "9:10",
        "9:35",
        "10:10",
        "10:35",
        "11:00",
        "11:25",
        "12:25",
        "13:05",
        "13:50",
        "15:20",
        "17:35",
        "18:28"
    ],
    "saturday": [
        "11:45",
        "13:47",
        "15:35",
        "17:35"
    ],
    "holiday": [
        "11:45",
        "13:47",
        "15:35",
        "17:35"
    ],
    "url": "https://www.kanachu.co.jp/dia/diagram/timetable01_js/course:0000800997-12/node:00127277/kt:0/lname:/"
}
