{
    "date": "2024/04/01",
    "name": "肥地力",
    "position": "-",
    "system": "茅26",
    "destinations": [
        "保健所前(茅ケ崎市)",
        "ジャスコ前(茅ケ崎市)",
        "市民文化会館前(茅ケ崎市)",
        "茅ヶ崎駅"
    ],
    "weekday": [
        "9:18",
        "9:43",
        "10:18",
        "10:43",
        "11:08",
        "11:33",
        "12:33",
        "13:13",
        "13:58",
        "15:28",
        "17:44",
        "18:37"
    ],
    "saturday": [
        "11:53",
        "13:55",
        "15:44",
        "17:44"
    ],
    "holiday": [
        "11:54",
        "13:55",
        "15:43",
        "17:44"
    ],
    "url": "https://www.kanachu.co.jp/dia/diagram/timetable01_js/course:0000800997-17/node:00127160/kt:0/lname:/"
}
