{
    "date": "2025/11/16",
    "name": "鶴巻温泉駅",
    "position": "-",
    "system": "伊59",
    "destinations": [
        "笠窪",
        "谷戸岡",
        "大住台",
        "坪ノ内",
        "桜坂(伊勢原市)",
        "串橋入口",
        "神戸(伊勢原市)",
        "白根公民館前",
        "白根",
        "八雲神社前(伊勢原市)",
        "板戸",
        "大神宮前",
        "本町(伊勢原市)",
        "伊勢原駅北口"
    ],
    "weekday": [
        "6:30",
        "7:10",
        "7:35",
        "8:20",
        "9:05",
        "9:55",
        "10:55",
        "11:55",
        "12:55",
        "13:55",
        "14:55",
        "15:55",
        "16:55",
        "17:55",
        "18:25",
        "18:55",
        "19:45",
        "20:45"
    ],
    "saturday": [
        "7:35",
        "8:35",
        "9:35",
        "10:35",
        "11:35",
        "12:35",
        "13:35",
        "14:35",
        "15:35",
        "16:35",
        "17:35",
        "18:35",
        "19:35",
        "20:35"
    ],
    "holiday": [
        "7:35",
        "8:35",
        "9:35",
        "10:35",
        "11:35",
        "12:35",
        "13:35",
        "14:35",
        "15:35",
        "16:35",
        "17:35",
        "18:35",
        "19:35",
        "20:35"
    ],
    "url": "https://www.kanachu.co.jp/dia/diagram/timetable01_js/course:0000800128-1/node:00127763/kt:0/lname:/"
}
