{
    "date": "2024/05/20",
    "name": "横内団地前",
    "position": "-",
    "system": "伊82",
    "destinations": [
        "横内下",
        "横内公民館入口",
        "横内四ツ角",
        "横内上",
        "枝大島入口",
        "下小稲葉",
        "小稲葉",
        "沖小稲葉",
        "下谷(伊勢原市)",
        "大田小学校前",
        "沼目",
        "つきみの団地",
        "西沼目",
        "藤田電機前(伊勢原市)",
        "三福寺前",
        "下宿(伊勢原市)",
        "伊勢原駅南口"
    ],
    "weekday": [
        "5:47",
        "6:17",
        "7:01"
    ],
    "saturday": [
        "6:25",
        "7:05"
    ],
    "holiday": [
        "7:05"
    ],
    "url": "https://www.kanachu.co.jp/dia/diagram/timetable01_js/course:0000803353-3/node:00127613/kt:0/lname:/"
}
