{
    "date": "2024/05/20",
    "name": "横内上",
    "position": "-",
    "system": "伊82",
    "destinations": [
        "枝大島入口",
        "下小稲葉",
        "小稲葉",
        "沖小稲葉",
        "下谷(伊勢原市)",
        "大田小学校前",
        "沼目",
        "つきみの団地",
        "西沼目",
        "藤田電機前(伊勢原市)",
        "三福寺前",
        "下宿(伊勢原市)",
        "伊勢原駅南口"
    ],
    "weekday": [
        "5:52",
        "6:22",
        "7:06"
    ],
    "saturday": [
        "6:30",
        "7:10"
    ],
    "holiday": [
        "7:10"
    ],
    "url": "https://www.kanachu.co.jp/dia/diagram/timetable01_js/course:0000803353-7/node:00127617/kt:0/lname:/"
}
