{
    "date": "2024/05/20",
    "name": "沖小稲葉",
    "position": "-",
    "system": "伊82",
    "destinations": [
        "下谷(伊勢原市)",
        "大田小学校前",
        "沼目",
        "つきみの団地",
        "西沼目",
        "藤田電機前(伊勢原市)",
        "三福寺前",
        "下宿(伊勢原市)",
        "伊勢原駅南口"
    ],
    "weekday": [
        "5:56",
        "6:26",
        "7:11"
    ],
    "saturday": [
        "6:34",
        "7:14"
    ],
    "holiday": [
        "7:14"
    ],
    "url": "https://www.kanachu.co.jp/dia/diagram/timetable01_js/course:0000803353-11/node:00128119/kt:0/lname:/"
}
