{
    "date": "2024/05/20",
    "name": "沼目",
    "position": "-",
    "system": "伊82",
    "destinations": [
        "つきみの団地",
        "西沼目",
        "藤田電機前(伊勢原市)",
        "三福寺前",
        "下宿(伊勢原市)",
        "伊勢原駅南口"
    ],
    "weekday": [
        "5:59",
        "6:29",
        "7:14"
    ],
    "saturday": [
        "6:37",
        "7:17"
    ],
    "holiday": [
        "7:17"
    ],
    "url": "https://www.kanachu.co.jp/dia/diagram/timetable01_js/course:0000803353-14/node:00128099/kt:0/lname:/"
}
