{
    "date": "2024/05/20",
    "name": "西沼目",
    "position": "-",
    "system": "伊82",
    "destinations": [
        "藤田電機前(伊勢原市)",
        "三福寺前",
        "下宿(伊勢原市)",
        "伊勢原駅南口"
    ],
    "weekday": [
        "6:01",
        "6:31",
        "7:16"
    ],
    "saturday": [
        "6:39",
        "7:19"
    ],
    "holiday": [
        "7:19"
    ],
    "url": "https://www.kanachu.co.jp/dia/diagram/timetable01_js/course:0000803353-16/node:00128097/kt:0/lname:/"
}
