{
    "system": "伊82",
    "busstops": [
        {
            "index": "1",
            "id": "00127611",
            "name": "坂口(平塚市)",
            "lat": "35.360345",
            "lng": "139.350973"
        },
        {
            "index": "2",
            "id": "00127612",
            "name": "今里(平塚市)",
            "lat": "35.362584",
            "lng": "139.351021"
        },
        {
            "index": "3",
            "id": "00127613",
            "name": "横内団地前",
            "lat": "35.366462",
            "lng": "139.349918"
        },
        {
            "index": "4",
            "id": "00127614",
            "name": "横内下",
            "lat": "35.371014",
            "lng": "139.350349"
        },
        {
            "index": "5",
            "id": "00127615",
            "name": "横内公民館入口",
            "lat": "35.373509",
            "lng": "139.351025"
        },
        {
            "index": "6",
            "id": "00127616",
            "name": "横内四ツ角",
            "lat": "35.375608",
            "lng": "139.352621"
        },
        {
            "index": "7",
            "id": "00127617",
            "name": "横内上",
            "lat": "35.378037",
            "lng": "139.352919"
        },
        {
            "index": "8",
            "id": "00127618",
            "name": "枝大島入口",
            "lat": "35.386134",
            "lng": "139.35265"
        },
        {
            "index": "9",
            "id": "00127619",
            "name": "下小稲葉",
            "lat": "35.389103",
            "lng": "139.351545"
        },
        {
            "index": "10",
            "id": "00128120",
            "name": "小稲葉",
            "lat": "35.389538",
            "lng": "139.350191"
        },
        {
            "index": "11",
            "id": "00128119",
            "name": "沖小稲葉",
            "lat": "35.390581",
            "lng": "139.343405"
        },
        {
            "index": "12",
            "id": "00128118",
            "name": "下谷(伊勢原市)",
            "lat": "35.391331",
            "lng": "139.338537"
        },
        {
            "index": "13",
            "id": "00128100",
            "name": "大田小学校前",
            "lat": "35.390527",
            "lng": "139.336281"
        },
        {
            "index": "14",
            "id": "00128099",
            "name": "沼目",
            "lat": "35.391933",
            "lng": "139.330766"
        },
        {
            "index": "15",
            "id": "00128098",
            "name": "つきみの団地",
            "lat": "35.392026",
            "lng": "139.328934"
        },
        {
            "index": "16",
            "id": "00128097",
            "name": "西沼目",
            "lat": "35.392346",
            "lng": "139.324879"
        },
        {
            "index": "17",
            "id": "00128096",
            "name": "藤田電機前(伊勢原市)",
            "lat": "35.393938",
            "lng": "139.3206"
        },
        {
            "index": "18",
            "id": "00128095",
            "name": "三福寺前",
            "lat": "35.393984",
            "lng": "139.317323"
        },
        {
            "index": "19",
            "id": "00128057",
            "name": "下宿(伊勢原市)",
            "lat": "35.393478",
            "lng": "139.315859"
        },
        {
            "index": "20",
            "id": "00128056",
            "name": "伊勢原駅南口",
            "lat": "35.395235",
            "lng": "139.313139"
        }
    ],
    "route_url": "https://www.kanachu.co.jp/dia/route/index/cid:0000803353/"
}
