{
    "date": "2022/10/16",
    "name": "紅葉橋(横浜市栄区)",
    "position": "-",
    "system": "港82",
    "destinations": [
        "上之",
        "上之中央",
        "犬山南",
        "犬山",
        "矢沢(横浜市栄区)",
        "桂山公園",
        "桂台中央",
        "霞が淵公園前",
        "花篭公園前",
        "尾月",
        "山手学院入口",
        "稲荷森",
        "中野町",
        "元大橋",
        "若竹町(横浜市栄区)",
        "元大橋公園前",
        "港南台西公園",
        "横浜女子短期大学前",
        "港南台駅"
    ],
    "weekday": [
        "14:12",
        "15:12",
        "16:12",
        "17:12",
        "18:12",
        "19:12",
        "20:11"
    ],
    "saturday": [
        "13:13",
        "14:13",
        "15:14",
        "16:14",
        "17:14",
        "18:14",
        "19:32",
        "20:12"
    ],
    "holiday": [
        "13:13",
        "14:13",
        "15:14",
        "16:14",
        "17:14",
        "18:14",
        "19:32",
        "20:12"
    ],
    "url": "https://www.kanachu.co.jp/dia/diagram/timetable01_js/course:0000801304-11/node:00126514/kt:0/lname:/"
}
