{
    "date": "2022/10/16",
    "name": "犬山南",
    "position": "-",
    "system": "港82",
    "destinations": [
        "犬山",
        "矢沢(横浜市栄区)",
        "桂山公園",
        "桂台中央",
        "霞が淵公園前",
        "花篭公園前",
        "尾月",
        "山手学院入口",
        "稲荷森",
        "中野町",
        "元大橋",
        "若竹町(横浜市栄区)",
        "元大橋公園前",
        "港南台西公園",
        "横浜女子短期大学前",
        "港南台駅"
    ],
    "weekday": [
        "14:15",
        "15:15",
        "16:15",
        "17:15",
        "18:15",
        "19:15",
        "20:14"
    ],
    "saturday": [
        "13:16",
        "14:16",
        "15:17",
        "16:17",
        "17:17",
        "18:17",
        "19:35",
        "20:15"
    ],
    "holiday": [
        "13:16",
        "14:16",
        "15:17",
        "16:17",
        "17:17",
        "18:17",
        "19:35",
        "20:15"
    ],
    "url": "https://www.kanachu.co.jp/dia/diagram/timetable01_js/course:0000801304-14/node:00126533/kt:0/lname:/"
}
