{
    "date": "2022/10/16",
    "name": "稲荷森",
    "position": "-",
    "system": "港82",
    "destinations": [
        "中野町",
        "元大橋",
        "若竹町(横浜市栄区)",
        "元大橋公園前",
        "港南台西公園",
        "横浜女子短期大学前",
        "港南台駅"
    ],
    "weekday": [
        "14:26",
        "15:26",
        "16:26",
        "17:26",
        "18:26",
        "19:26",
        "20:25"
    ],
    "saturday": [
        "13:27",
        "14:27",
        "15:28",
        "16:28",
        "17:28",
        "18:28",
        "19:46",
        "20:26"
    ],
    "holiday": [
        "13:27",
        "14:27",
        "15:28",
        "16:28",
        "17:28",
        "18:28",
        "19:46",
        "20:26"
    ],
    "url": "https://www.kanachu.co.jp/dia/diagram/timetable01_js/course:0000801304-23/node:00126512/kt:0/lname:/"
}
