{
    "date": "2022/10/16",
    "name": "中野町",
    "position": "-",
    "system": "港82",
    "destinations": [
        "元大橋",
        "若竹町(横浜市栄区)",
        "元大橋公園前",
        "港南台西公園",
        "横浜女子短期大学前",
        "港南台駅"
    ],
    "weekday": [
        "14:27",
        "15:27",
        "16:27",
        "17:27",
        "18:27",
        "19:27",
        "20:26"
    ],
    "saturday": [
        "13:28",
        "14:28",
        "15:29",
        "16:29",
        "17:29",
        "18:29",
        "19:47",
        "20:27"
    ],
    "holiday": [
        "13:28",
        "14:28",
        "15:29",
        "16:29",
        "17:29",
        "18:29",
        "19:47",
        "20:27"
    ],
    "url": "https://www.kanachu.co.jp/dia/diagram/timetable01_js/course:0000801304-24/node:00126511/kt:0/lname:/"
}
