{
    "date": "2022/10/16",
    "name": "港南台西公園",
    "position": "-",
    "system": "港82",
    "destinations": [
        "横浜女子短期大学前",
        "港南台駅"
    ],
    "weekday": [
        "14:31",
        "15:31",
        "16:31",
        "17:31",
        "18:31",
        "19:31",
        "20:30"
    ],
    "saturday": [
        "13:32",
        "14:32",
        "15:33",
        "16:33",
        "17:33",
        "18:33",
        "19:51",
        "20:31"
    ],
    "holiday": [
        "13:32",
        "14:32",
        "15:33",
        "16:33",
        "17:33",
        "18:33",
        "19:51",
        "20:31"
    ],
    "url": "https://www.kanachu.co.jp/dia/diagram/timetable01_js/course:0000801304-28/node:00126549/kt:0/lname:/"
}
