{
    "date": "2022/10/16",
    "name": "横浜女子短期大学前",
    "position": "-",
    "system": "港82",
    "destinations": [
        "港南台駅"
    ],
    "weekday": [
        "14:32",
        "15:32",
        "16:32",
        "17:32",
        "18:32",
        "19:32",
        "20:31"
    ],
    "saturday": [
        "13:33",
        "14:33",
        "15:34",
        "16:34",
        "17:34",
        "18:34",
        "19:52",
        "20:32"
    ],
    "holiday": [
        "13:33",
        "14:33",
        "15:34",
        "16:34",
        "17:34",
        "18:34",
        "19:52",
        "20:32"
    ],
    "url": "https://www.kanachu.co.jp/dia/diagram/timetable01_js/course:0000801304-29/node:00103234/kt:0/lname:/"
}
