{
    "system": "港82",
    "busstops": [
        {
            "index": "1",
            "id": "00025554",
            "name": "港南台駅",
            "lat": "35.374568",
            "lng": "139.57676"
        },
        {
            "index": "2",
            "id": "00103234",
            "name": "横浜女子短期大学前",
            "lat": "35.370728",
            "lng": "139.577645"
        },
        {
            "index": "3",
            "id": "00126549",
            "name": "港南台西公園",
            "lat": "35.371609",
            "lng": "139.57364"
        },
        {
            "index": "4",
            "id": "00126548",
            "name": "元大橋公園前",
            "lat": "35.370358",
            "lng": "139.571981"
        },
        {
            "index": "5",
            "id": "00126547",
            "name": "若竹町(横浜市栄区)",
            "lat": "35.369065",
            "lng": "139.569549"
        },
        {
            "index": "6",
            "id": "00126546",
            "name": "元大橋",
            "lat": "35.365918",
            "lng": "139.567329"
        },
        {
            "index": "7",
            "id": "00126511",
            "name": "中野町",
            "lat": "35.3647",
            "lng": "139.566819"
        },
        {
            "index": "8",
            "id": "00126512",
            "name": "稲荷森",
            "lat": "35.364368",
            "lng": "139.568984"
        },
        {
            "index": "9",
            "id": "00126513",
            "name": "山手学院入口",
            "lat": "35.363581",
            "lng": "139.57266"
        },
        {
            "index": "10",
            "id": "00025683",
            "name": "本郷車庫前(横浜市栄区)",
            "lat": "35.362702",
            "lng": "139.574926"
        },
        {
            "index": "11",
            "id": "00126514",
            "name": "紅葉橋(横浜市栄区)",
            "lat": "35.360528",
            "lng": "139.577465"
        },
        {
            "index": "12",
            "id": "00126531",
            "name": "上之",
            "lat": "35.35803",
            "lng": "139.577275"
        },
        {
            "index": "13",
            "id": "00126532",
            "name": "上之中央",
            "lat": "35.356445",
            "lng": "139.575223"
        },
        {
            "index": "14",
            "id": "00126533",
            "name": "犬山南",
            "lat": "35.353641",
            "lng": "139.575473"
        },
        {
            "index": "15",
            "id": "00126534",
            "name": "犬山",
            "lat": "35.352973",
            "lng": "139.572618"
        },
        {
            "index": "16",
            "id": "00126535",
            "name": "矢沢(横浜市栄区)",
            "lat": "35.352758",
            "lng": "139.568984"
        },
        {
            "index": "17",
            "id": "00126536",
            "name": "桂山公園",
            "lat": "35.352782",
            "lng": "139.56661"
        },
        {
            "index": "18",
            "id": "00126537",
            "name": "桂台中央",
            "lat": "35.35368",
            "lng": "139.563649"
        },
        {
            "index": "19",
            "id": "00130229",
            "name": "霞が淵公園前",
            "lat": "35.356555",
            "lng": "139.566699"
        },
        {
            "index": "20",
            "id": "00130228",
            "name": "花篭公園前",
            "lat": "35.357266",
            "lng": "139.570322"
        },
        {
            "index": "21",
            "id": "00130226",
            "name": "尾月",
            "lat": "35.361338",
            "lng": "139.571478"
        },
        {
            "index": "22",
            "id": "00126513",
            "name": "山手学院入口",
            "lat": "35.363589",
            "lng": "139.572433"
        },
        {
            "index": "23",
            "id": "00126512",
            "name": "稲荷森",
            "lat": "35.364251",
            "lng": "139.568941"
        },
        {
            "index": "24",
            "id": "00126511",
            "name": "中野町",
            "lat": "35.364372",
            "lng": "139.566712"
        },
        {
            "index": "25",
            "id": "00126546",
            "name": "元大橋",
            "lat": "35.365926",
            "lng": "139.567341"
        },
        {
            "index": "26",
            "id": "00126547",
            "name": "若竹町(横浜市栄区)",
            "lat": "35.369298",
            "lng": "139.569547"
        },
        {
            "index": "27",
            "id": "00126548",
            "name": "元大橋公園前",
            "lat": "35.370144",
            "lng": "139.571428"
        },
        {
            "index": "28",
            "id": "00126549",
            "name": "港南台西公園",
            "lat": "35.371586",
            "lng": "139.574193"
        },
        {
            "index": "29",
            "id": "00103234",
            "name": "横浜女子短期大学前",
            "lat": "35.371048",
            "lng": "139.577525"
        },
        {
            "index": "30",
            "id": "00025554",
            "name": "港南台駅",
            "lat": "35.375136",
            "lng": "139.576877"
        }
    ],
    "route_url": "https://www.kanachu.co.jp/dia/route/index/cid:0000801304/"
}
