{
    "date": "2025/01/06",
    "name": "下白根橋",
    "position": "-",
    "system": "",
    "destinations": [
        "西谷駅前",
        "梅の木(横浜市保土ケ谷区)",
        "川島町(横浜市保土ケ谷区)",
        "上星川",
        "和田町(横浜市保土ケ谷区)",
        "峯小学校前",
        "洪福寺",
        "横浜駅西口"
    ],
    "weekday": [],
    "saturday": [
        "6:10",
        "6:25",
        "6:50",
        "7:21",
        "7:51",
        "8:21",
        "8:51",
        "9:21",
        "9:51",
        "10:21",
        "10:51",
        "11:21",
        "11:51",
        "12:21",
        "12:51",
        "13:21",
        "13:51",
        "14:21",
        "14:51",
        "15:21",
        "15:51",
        "16:25",
        "16:55",
        "17:25",
        "17:55",
        "18:25",
        "18:55",
        "19:25",
        "19:55",
        "20:25"
    ],
    "holiday": [
        "6:50",
        "7:21",
        "7:51",
        "8:21",
        "8:51",
        "9:21",
        "9:51",
        "10:21",
        "10:51",
        "11:21",
        "11:51",
        "12:21",
        "12:51",
        "13:21",
        "13:51",
        "14:21",
        "14:51",
        "15:21",
        "15:51",
        "16:25",
        "16:55",
        "17:25",
        "17:55",
        "18:25",
        "18:55",
        "19:25",
        "19:55",
        "20:25"
    ],
    "url": "https://www.kanachu.co.jp/dia/diagram/timetable01_js/course:0000803672-5/node:00102591/kt:0/lname:/"
}
