{
    "date": "2025/01/06",
    "name": "和田町(横浜市保土ケ谷区)",
    "position": "-",
    "system": "62",
    "destinations": [
        "峯小学校前",
        "洪福寺",
        "横浜駅西口"
    ],
    "weekday": [],
    "saturday": [
        "6:20",
        "6:35",
        "7:00",
        "7:33",
        "8:03",
        "8:33",
        "9:03",
        "9:36",
        "10:06",
        "10:36",
        "11:06",
        "11:36",
        "12:06",
        "12:36",
        "13:06",
        "13:36",
        "14:06",
        "14:36",
        "15:06",
        "15:36",
        "16:06",
        "16:36",
        "17:06",
        "17:36",
        "18:06",
        "18:36",
        "19:06",
        "19:34",
        "20:04",
        "20:34"
    ],
    "holiday": [
        "7:00",
        "7:33",
        "8:03",
        "8:33",
        "9:03",
        "9:36",
        "10:06",
        "10:36",
        "11:06",
        "11:36",
        "12:06",
        "12:36",
        "13:06",
        "13:36",
        "14:06",
        "14:36",
        "15:06",
        "15:36",
        "16:06",
        "16:36",
        "17:06",
        "17:36",
        "18:06",
        "18:36",
        "19:06",
        "19:34",
        "20:04",
        "20:34"
    ],
    "url": "https://www.kanachu.co.jp/dia/diagram/timetable01_js/course:0000803672-10/node:00103260/kt:0/lname:/"
}
