{
    "date": "2025/01/06",
    "name": "洪福寺",
    "position": "-",
    "system": "",
    "destinations": [
        "横浜駅西口"
    ],
    "weekday": [],
    "saturday": [
        "6:26",
        "6:41",
        "7:06",
        "7:39",
        "8:09",
        "8:39",
        "9:09",
        "9:42",
        "10:12",
        "10:42",
        "11:12",
        "11:42",
        "12:12",
        "12:42",
        "13:12",
        "13:42",
        "14:12",
        "14:42",
        "15:12",
        "15:42",
        "16:12",
        "16:42",
        "17:12",
        "17:42",
        "18:12",
        "18:42",
        "19:12",
        "19:38",
        "20:08",
        "20:38"
    ],
    "holiday": [
        "7:06",
        "7:39",
        "8:09",
        "8:39",
        "9:09",
        "9:42",
        "10:12",
        "10:42",
        "11:12",
        "11:42",
        "12:12",
        "12:42",
        "13:12",
        "13:42",
        "14:12",
        "14:42",
        "15:12",
        "15:42",
        "16:12",
        "16:42",
        "17:12",
        "17:42",
        "18:12",
        "18:42",
        "19:12",
        "19:38",
        "20:08",
        "20:38"
    ],
    "url": "https://www.kanachu.co.jp/dia/diagram/timetable01_js/course:0000803672-12/node:00102504/kt:0/lname:/"
}
