{
    "date": "2025/07/12",
    "name": "花の木(藤沢市)",
    "position": "-",
    "system": "藤36",
    "destinations": [
        "善行",
        "善行南",
        "善行大橋",
        "善行二丁目",
        "善行駅"
    ],
    "weekday": [
        "15:51",
        "17:44",
        "18:50",
        "20:54"
    ],
    "saturday": [
        "8:09",
        "9:10",
        "12:55",
        "17:12",
        "18:06",
        "19:10",
        "20:54"
    ],
    "holiday": [
        "8:09",
        "9:10",
        "12:55",
        "17:12",
        "18:06",
        "19:10",
        "20:54"
    ],
    "url": "https://www.kanachu.co.jp/dia/diagram/timetable01_js/course:0000801328-9/node:00127068/kt:0/lname:/"
}
