{
  "date": "2024/03/16",
  "name": "町田市役所市民ホール前",
  "position": "-",
  "system": "町27",
  "destinations": [
    "第四小学校前(町田市)",
    "森野三丁目",
    "市民病院前(町田市)",
    "浄水場前(町田市)",
    "滝の沢(町田市)",
    "木曽住宅",
    "三家(町田市)",
    "木曽(町田市)",
    "忠生公園入口",
    "上宿(町田市)",
    "下根岸(町田市)",
    "根岸(根岸町/町田市)",
    "馬駈",
    "図師大橋",
    "日影橋",
    "日大三高入口",
    "桜橋(町田市)",
    "大泉寺",
    "山の端",
    "小山田小学校前",
    "押越",
    "小山田(町田市)"
  ],
  "weekday": [
    "6:55",
    "7:25",
    "7:55",
    "8:55",
    "21:55"
  ],
  "saturday": [
    "6:55",
    "7:55",
    "8:55",
    "21:25"
  ],
  "holiday": [
    "6:55",
    "7:55",
    "8:55",
    "21:25"
  ],
  "url": "https://www.kanachu.co.jp/dia/diagram/timetable01_js/course:0000802475-2/node:00129356/kt:0/lname:/"
}