{
  "date": "2024/03/16",
  "name": "町田バスセンター",
  "position": "14番のりば",
  "system": "町45",
  "destinations": [
    "町田市役所市民ホール前",
    "第四小学校前(町田市)",
    "森野三丁目",
    "市民病院前(町田市)",
    "浄水場前(町田市)",
    "滝の沢(町田市)",
    "木曽住宅",
    "三家(町田市)",
    "木曽(町田市)",
    "忠生公園入口",
    "上宿(町田市)",
    "下根岸(町田市)",
    "根岸(根岸町/町田市)",
    "馬駈",
    "図師大橋",
    "図師",
    "並木(町田市)",
    "ろうわ学校",
    "南多摩整形外科",
    "都立野津田高校"
  ],
  "weekday": [
    "7:17", "7:40", "7:50"
  ],
  "saturday": [
  ],
  "holiday": [
  ]
}
