{
    "date": "2025/07/12",
    "name": "諏訪神社前(横浜市戸塚区)",
    "position": "-",
    "system": "藤55",
    "destinations": [
        "影取",
        "聖母の園前",
        "横浜医療センター前",
        "横浜医療センター"
    ],
    "weekday": [],
    "saturday": [
        "8:15",
        "9:15",
        "10:18",
        "11:18",
        "12:18",
        "13:18",
        "14:18",
        "15:18",
        "16:20",
        "17:20",
        "18:20",
        "19:16"
    ],
    "holiday": [
        "8:15",
        "9:15",
        "10:18",
        "11:18",
        "12:18",
        "13:18",
        "14:18",
        "15:18",
        "16:20",
        "17:20",
        "18:20",
        "19:16"
    ],
    "url": "https://www.kanachu.co.jp/dia/diagram/timetable01_js/course:0000803072-6/node:00126979/kt:0/lname:/"
}
