{
    "date": "2025/07/12",
    "name": "横浜医療センター前",
    "position": "-",
    "system": "藤55",
    "destinations": [
        "横浜医療センター"
    ],
    "weekday": [],
    "saturday": [
        "8:22",
        "9:22",
        "10:26",
        "11:26",
        "12:26",
        "13:26",
        "14:26",
        "15:26",
        "16:28",
        "17:28",
        "18:28",
        "19:23"
    ],
    "holiday": [
        "8:22",
        "9:22",
        "10:26",
        "11:26",
        "12:26",
        "13:26",
        "14:26",
        "15:26",
        "16:28",
        "17:28",
        "18:28",
        "19:23"
    ],
    "url": "https://www.kanachu.co.jp/dia/diagram/timetable01_js/course:0000803072-9/node:00126819/kt:0/lname:/"
}
