{
    "date": "2025/11/16",
    "name": "本厚木駅南口",
    "position": "-",
    "system": "平53",
    "destinations": [
        "旭町(厚木市)",
        "下宿(厚木市)",
        "富士見町(厚木市)",
        "岡田一本杉",
        "岡田(厚木市)",
        "下岡田(厚木市)",
        "リバーサイド前(厚木市)",
        "酒井(厚木市)",
        "下酒井",
        "愛坪",
        "相川中学校前",
        "戸田(厚木市)",
        "中戸田",
        "下戸田(厚木市)",
        "大神(平塚市)",
        "真芳寺",
        "寄木神社前",
        "柳の内",
        "農協神田支所前",
        "相模神田",
        "田村十字路",
        "駒返橋",
        "鹿見堂橋",
        "平塚市リサイクルプラザ",
        "大江工業前",
        "ふじみ園前",
        "前鳥神社前",
        "大念寺前",
        "四ノ宮(平塚市)",
        "泉蔵院前",
        "古河電工入口",
        "八幡公民館入口",
        "八幡(平塚市)",
        "八幡入口",
        "コンフォール平塚前",
        "市役所前(平塚市)",
        "四ツ角(平塚市)",
        "平塚駅北口"
    ],
    "weekday": [
        "5:56",
        "6:16",
        "6:31",
        "6:46",
        "7:01",
        "7:11",
        "7:21",
        "7:32",
        "7:41",
        "7:51",
        "7:56",
        "8:06",
        "8:16",
        "8:26",
        "8:36",
        "8:46",
        "9:02",
        "9:21",
        "9:36",
        "9:52",
        "10:09",
        "10:29",
        "10:49",
        "11:09",
        "11:29",
        "11:49",
        "12:09",
        "12:29",
        "12:49",
        "13:09",
        "13:29",
        "13:49",
        "14:09",
        "14:29",
        "14:49",
        "15:09",
        "15:29",
        "15:49",
        "16:07",
        "16:22",
        "16:37",
        "16:52",
        "17:03",
        "17:15",
        "17:35",
        "17:45",
        "17:54",
        "17:59",
        "18:04",
        "18:14",
        "18:24",
        "18:44",
        "19:00",
        "19:17",
        "19:34",
        "20:00",
        "20:22",
        "20:44",
        "21:06",
        "21:29",
        "21:50",
        "22:04",
        "22:34"
    ],
    "saturday": [
        "6:10",
        "6:40",
        "7:00",
        "7:20",
        "7:40",
        "7:55",
        "8:10",
        "8:25",
        "8:40",
        "8:55",
        "9:10",
        "20:24",
        "20:42",
        "21:00",
        "21:20",
        "21:50",
        "22:20"
    ],
    "holiday": [
        "6:10",
        "6:40",
        "7:00",
        "7:20",
        "7:40",
        "7:55",
        "8:10",
        "8:25",
        "8:40",
        "9:00",
        "20:24",
        "20:42",
        "21:00",
        "21:20",
        "21:50",
        "22:20"
    ],
    "url": "https://www.kanachu.co.jp/dia/diagram/timetable01_js/course:0000801543-1/node:00128637/kt:0/lname:/"
}
