{
    "date": "2025/11/16",
    "name": "下岡田(厚木市)",
    "position": "-",
    "system": "平53",
    "destinations": [
        "リバーサイド前(厚木市)",
        "酒井(厚木市)",
        "下酒井",
        "愛坪",
        "相川中学校前",
        "戸田(厚木市)",
        "中戸田",
        "下戸田(厚木市)",
        "大神(平塚市)",
        "真芳寺",
        "寄木神社前",
        "柳の内",
        "農協神田支所前",
        "相模神田",
        "田村十字路",
        "駒返橋",
        "鹿見堂橋",
        "平塚市リサイクルプラザ",
        "大江工業前",
        "ふじみ園前",
        "前鳥神社前",
        "大念寺前",
        "四ノ宮(平塚市)",
        "泉蔵院前",
        "古河電工入口",
        "八幡公民館入口",
        "八幡(平塚市)",
        "八幡入口",
        "コンフォール平塚前",
        "市役所前(平塚市)",
        "四ツ角(平塚市)",
        "平塚駅北口"
    ],
    "weekday": [
        "6:02",
        "6:22",
        "6:37",
        "6:52",
        "7:07",
        "7:17",
        "7:27",
        "7:38",
        "7:47",
        "7:57",
        "8:02",
        "8:12",
        "8:22",
        "8:32",
        "8:42",
        "8:52",
        "9:08",
        "9:27",
        "9:42",
        "9:58",
        "10:15",
        "10:35",
        "10:55",
        "11:15",
        "11:35",
        "11:55",
        "12:15",
        "12:35",
        "12:55",
        "13:15",
        "13:35",
        "13:55",
        "14:15",
        "14:35",
        "14:55",
        "15:15",
        "15:35",
        "15:55",
        "16:13",
        "16:28",
        "16:43",
        "16:58",
        "17:09",
        "17:21",
        "17:41",
        "17:51",
        "18:00",
        "18:05",
        "18:10",
        "18:20",
        "18:30",
        "18:50",
        "19:06",
        "19:23",
        "19:40",
        "20:06",
        "20:28",
        "20:50",
        "21:12",
        "21:35",
        "21:56",
        "22:10",
        "22:40"
    ],
    "saturday": [
        "6:16",
        "6:46",
        "7:06",
        "7:26",
        "7:46",
        "8:01",
        "8:16",
        "8:31",
        "8:46",
        "9:01",
        "9:16",
        "20:30",
        "20:48",
        "21:06",
        "21:26",
        "21:56",
        "22:26"
    ],
    "holiday": [
        "6:16",
        "6:46",
        "7:06",
        "7:26",
        "7:46",
        "8:01",
        "8:16",
        "8:31",
        "8:46",
        "9:06",
        "20:30",
        "20:48",
        "21:06",
        "21:26",
        "21:56",
        "22:26"
    ],
    "url": "https://www.kanachu.co.jp/dia/diagram/timetable01_js/course:0000801543-7/node:00128640/kt:0/lname:/"
}
