{
    "date": "2025/11/16",
    "name": "酒井(厚木市)",
    "position": "-",
    "system": "平53",
    "destinations": [
        "下酒井",
        "愛坪",
        "相川中学校前",
        "戸田(厚木市)",
        "中戸田",
        "下戸田(厚木市)",
        "大神(平塚市)",
        "真芳寺",
        "寄木神社前",
        "柳の内",
        "農協神田支所前",
        "相模神田",
        "田村十字路",
        "駒返橋",
        "鹿見堂橋",
        "平塚市リサイクルプラザ",
        "大江工業前",
        "ふじみ園前",
        "前鳥神社前",
        "大念寺前",
        "四ノ宮(平塚市)",
        "泉蔵院前",
        "古河電工入口",
        "八幡公民館入口",
        "八幡(平塚市)",
        "八幡入口",
        "コンフォール平塚前",
        "市役所前(平塚市)",
        "四ツ角(平塚市)",
        "平塚駅北口"
    ],
    "weekday": [
        "6:06",
        "6:26",
        "6:42",
        "6:57",
        "7:12",
        "7:22",
        "7:32",
        "7:43",
        "7:52",
        "8:02",
        "8:07",
        "8:17",
        "8:27",
        "8:37",
        "8:47",
        "8:57",
        "9:12",
        "9:31",
        "9:46",
        "10:02",
        "10:19",
        "10:39",
        "10:59",
        "11:19",
        "11:39",
        "11:59",
        "12:19",
        "12:39",
        "12:59",
        "13:19",
        "13:39",
        "13:59",
        "14:19",
        "14:39",
        "14:59",
        "15:19",
        "15:39",
        "15:59",
        "16:17",
        "16:32",
        "16:48",
        "17:03",
        "17:14",
        "17:26",
        "17:46",
        "17:56",
        "18:05",
        "18:10",
        "18:15",
        "18:25",
        "18:35",
        "18:55",
        "19:11",
        "19:28",
        "19:44",
        "20:10",
        "20:32",
        "20:54",
        "21:16",
        "21:39",
        "22:00",
        "22:14",
        "22:44"
    ],
    "saturday": [
        "6:20",
        "6:50",
        "7:10",
        "7:30",
        "7:50",
        "8:05",
        "8:20",
        "8:35",
        "8:50",
        "9:05",
        "9:20",
        "20:34",
        "20:52",
        "21:10",
        "21:30",
        "22:00",
        "22:30"
    ],
    "holiday": [
        "6:20",
        "6:50",
        "7:10",
        "7:30",
        "7:50",
        "8:05",
        "8:20",
        "8:35",
        "8:50",
        "9:10",
        "20:34",
        "20:52",
        "21:10",
        "21:30",
        "22:00",
        "22:30"
    ],
    "url": "https://www.kanachu.co.jp/dia/diagram/timetable01_js/course:0000801543-9/node:00128328/kt:0/lname:/"
}
