{
    "date": "2025/11/16",
    "name": "戸田(厚木市)",
    "position": "-",
    "system": "平53",
    "destinations": [
        "中戸田",
        "下戸田(厚木市)",
        "大神(平塚市)",
        "真芳寺",
        "寄木神社前",
        "柳の内",
        "農協神田支所前",
        "相模神田",
        "田村十字路",
        "駒返橋",
        "鹿見堂橋",
        "平塚市リサイクルプラザ",
        "大江工業前",
        "ふじみ園前",
        "前鳥神社前",
        "大念寺前",
        "四ノ宮(平塚市)",
        "泉蔵院前",
        "古河電工入口",
        "八幡公民館入口",
        "八幡(平塚市)",
        "八幡入口",
        "コンフォール平塚前",
        "市役所前(平塚市)",
        "四ツ角(平塚市)",
        "平塚駅北口"
    ],
    "weekday": [
        "6:10",
        "6:30",
        "6:46",
        "7:01",
        "7:16",
        "7:26",
        "7:36",
        "7:47",
        "7:56",
        "8:06",
        "8:11",
        "8:21",
        "8:31",
        "8:41",
        "8:51",
        "9:01",
        "9:16",
        "9:35",
        "9:50",
        "10:06",
        "10:23",
        "10:43",
        "11:03",
        "11:23",
        "11:43",
        "12:03",
        "12:23",
        "12:43",
        "13:03",
        "13:23",
        "13:43",
        "14:03",
        "14:23",
        "14:43",
        "15:03",
        "15:23",
        "15:43",
        "16:03",
        "16:21",
        "16:36",
        "16:52",
        "17:07",
        "17:18",
        "17:30",
        "17:50",
        "18:00",
        "18:09",
        "18:14",
        "18:19",
        "18:29",
        "18:39",
        "18:59",
        "19:15",
        "19:32",
        "19:48",
        "20:14",
        "20:36",
        "20:58",
        "21:20",
        "21:43",
        "22:04",
        "22:18",
        "22:48"
    ],
    "saturday": [
        "6:24",
        "6:54",
        "7:14",
        "7:34",
        "7:54",
        "8:09",
        "8:24",
        "8:39",
        "8:54",
        "9:09",
        "9:24",
        "20:38",
        "20:56",
        "21:14",
        "21:34",
        "22:04",
        "22:34"
    ],
    "holiday": [
        "6:24",
        "6:54",
        "7:14",
        "7:34",
        "7:54",
        "8:09",
        "8:24",
        "8:39",
        "8:54",
        "9:14",
        "20:38",
        "20:56",
        "21:14",
        "21:34",
        "22:04",
        "22:34"
    ],
    "url": "https://www.kanachu.co.jp/dia/diagram/timetable01_js/course:0000801543-13/node:00128628/kt:0/lname:/"
}
