{
    "date": "2025/11/16",
    "name": "下戸田(厚木市)",
    "position": "-",
    "system": "平53",
    "destinations": [
        "大神(平塚市)",
        "真芳寺",
        "寄木神社前",
        "柳の内",
        "農協神田支所前",
        "相模神田",
        "田村十字路",
        "駒返橋",
        "鹿見堂橋",
        "平塚市リサイクルプラザ",
        "大江工業前",
        "ふじみ園前",
        "前鳥神社前",
        "大念寺前",
        "四ノ宮(平塚市)",
        "泉蔵院前",
        "古河電工入口",
        "八幡公民館入口",
        "八幡(平塚市)",
        "八幡入口",
        "コンフォール平塚前",
        "市役所前(平塚市)",
        "四ツ角(平塚市)",
        "平塚駅北口"
    ],
    "weekday": [
        "6:12",
        "6:32",
        "6:48",
        "7:03",
        "7:18",
        "7:28",
        "7:38",
        "7:49",
        "7:58",
        "8:08",
        "8:13",
        "8:23",
        "8:33",
        "8:43",
        "8:53",
        "9:03",
        "9:18",
        "9:37",
        "9:52",
        "10:08",
        "10:25",
        "10:45",
        "11:05",
        "11:25",
        "11:45",
        "12:05",
        "12:25",
        "12:45",
        "13:05",
        "13:25",
        "13:45",
        "14:05",
        "14:25",
        "14:45",
        "15:05",
        "15:25",
        "15:45",
        "16:05",
        "16:23",
        "16:38",
        "16:54",
        "17:09",
        "17:20",
        "17:32",
        "17:52",
        "18:02",
        "18:11",
        "18:16",
        "18:21",
        "18:31",
        "18:41",
        "19:01",
        "19:17",
        "19:34",
        "19:50",
        "20:16",
        "20:38",
        "21:00",
        "21:22",
        "21:45",
        "22:06",
        "22:20",
        "22:50"
    ],
    "saturday": [
        "6:26",
        "6:56",
        "7:16",
        "7:36",
        "7:56",
        "8:11",
        "8:26",
        "8:41",
        "8:56",
        "9:11",
        "9:26",
        "20:40",
        "20:58",
        "21:16",
        "21:36",
        "22:06",
        "22:36"
    ],
    "holiday": [
        "6:26",
        "6:56",
        "7:16",
        "7:36",
        "7:56",
        "8:11",
        "8:26",
        "8:41",
        "8:56",
        "9:16",
        "20:40",
        "20:58",
        "21:16",
        "21:36",
        "22:06",
        "22:36"
    ],
    "url": "https://www.kanachu.co.jp/dia/diagram/timetable01_js/course:0000801543-15/node:00128630/kt:0/lname:/"
}
