{
    "date": "2025/11/16",
    "name": "真芳寺",
    "position": "-",
    "system": "平53",
    "destinations": [
        "寄木神社前",
        "柳の内",
        "農協神田支所前",
        "相模神田",
        "田村十字路",
        "駒返橋",
        "鹿見堂橋",
        "平塚市リサイクルプラザ",
        "大江工業前",
        "ふじみ園前",
        "前鳥神社前",
        "大念寺前",
        "四ノ宮(平塚市)",
        "泉蔵院前",
        "古河電工入口",
        "八幡公民館入口",
        "八幡(平塚市)",
        "八幡入口",
        "コンフォール平塚前",
        "市役所前(平塚市)",
        "四ツ角(平塚市)",
        "平塚駅北口"
    ],
    "weekday": [
        "6:14",
        "6:34",
        "6:50",
        "7:05",
        "7:20",
        "7:30",
        "7:40",
        "7:51",
        "8:00",
        "8:10",
        "8:15",
        "8:25",
        "8:35",
        "8:45",
        "8:55",
        "9:05",
        "9:20",
        "9:39",
        "9:54",
        "10:10",
        "10:27",
        "10:47",
        "11:07",
        "11:27",
        "11:47",
        "12:07",
        "12:27",
        "12:47",
        "13:07",
        "13:27",
        "13:47",
        "14:07",
        "14:27",
        "14:47",
        "15:07",
        "15:27",
        "15:47",
        "16:07",
        "16:25",
        "16:40",
        "16:56",
        "17:11",
        "17:22",
        "17:34",
        "17:54",
        "18:04",
        "18:13",
        "18:18",
        "18:23",
        "18:33",
        "18:43",
        "19:03",
        "19:19",
        "19:36",
        "19:52",
        "20:18",
        "20:40",
        "21:02",
        "21:24",
        "21:47",
        "22:08",
        "22:22",
        "22:52"
    ],
    "saturday": [
        "6:28",
        "6:58",
        "7:18",
        "7:38",
        "7:58",
        "8:13",
        "8:28",
        "8:43",
        "8:58",
        "9:13",
        "9:28",
        "20:42",
        "21:00",
        "21:18",
        "21:38",
        "22:08",
        "22:38"
    ],
    "holiday": [
        "6:28",
        "6:58",
        "7:18",
        "7:38",
        "7:58",
        "8:13",
        "8:28",
        "8:43",
        "8:58",
        "9:18",
        "20:42",
        "21:00",
        "21:18",
        "21:38",
        "22:08",
        "22:38"
    ],
    "url": "https://www.kanachu.co.jp/dia/diagram/timetable01_js/course:0000801543-17/node:00127667/kt:0/lname:/"
}
