{
    "date": "2025/11/16",
    "name": "寄木神社前",
    "position": "-",
    "system": "平53",
    "destinations": [
        "柳の内",
        "農協神田支所前",
        "相模神田",
        "田村十字路",
        "駒返橋",
        "鹿見堂橋",
        "平塚市リサイクルプラザ",
        "大江工業前",
        "ふじみ園前",
        "前鳥神社前",
        "大念寺前",
        "四ノ宮(平塚市)",
        "泉蔵院前",
        "古河電工入口",
        "八幡公民館入口",
        "八幡(平塚市)",
        "八幡入口",
        "コンフォール平塚前",
        "市役所前(平塚市)",
        "四ツ角(平塚市)",
        "平塚駅北口"
    ],
    "weekday": [
        "6:15",
        "6:35",
        "6:51",
        "7:06",
        "7:21",
        "7:31",
        "7:41",
        "7:52",
        "8:01",
        "8:11",
        "8:16",
        "8:26",
        "8:36",
        "8:46",
        "8:56",
        "9:06",
        "9:21",
        "9:40",
        "9:55",
        "10:11",
        "10:28",
        "10:48",
        "11:08",
        "11:28",
        "11:48",
        "12:08",
        "12:28",
        "12:48",
        "13:08",
        "13:28",
        "13:48",
        "14:08",
        "14:28",
        "14:48",
        "15:08",
        "15:28",
        "15:48",
        "16:08",
        "16:26",
        "16:41",
        "16:57",
        "17:12",
        "17:23",
        "17:35",
        "17:55",
        "18:05",
        "18:14",
        "18:19",
        "18:24",
        "18:34",
        "18:44",
        "19:04",
        "19:20",
        "19:37",
        "19:53",
        "20:19",
        "20:41",
        "21:03",
        "21:25",
        "21:48",
        "22:09",
        "22:23",
        "22:53"
    ],
    "saturday": [
        "6:29",
        "6:59",
        "7:19",
        "7:39",
        "7:59",
        "8:14",
        "8:29",
        "8:44",
        "8:59",
        "9:14",
        "9:29",
        "20:43",
        "21:01",
        "21:19",
        "21:39",
        "22:09",
        "22:39"
    ],
    "holiday": [
        "6:29",
        "6:59",
        "7:19",
        "7:39",
        "7:59",
        "8:14",
        "8:29",
        "8:44",
        "8:59",
        "9:19",
        "20:43",
        "21:01",
        "21:19",
        "21:39",
        "22:09",
        "22:39"
    ],
    "url": "https://www.kanachu.co.jp/dia/diagram/timetable01_js/course:0000801543-18/node:00127666/kt:0/lname:/"
}
