{
    "date": "2025/11/16",
    "name": "農協神田支所前",
    "position": "-",
    "system": "平53",
    "destinations": [
        "相模神田",
        "田村十字路",
        "駒返橋",
        "鹿見堂橋",
        "平塚市リサイクルプラザ",
        "大江工業前",
        "ふじみ園前",
        "前鳥神社前",
        "大念寺前",
        "四ノ宮(平塚市)",
        "泉蔵院前",
        "古河電工入口",
        "八幡公民館入口",
        "八幡(平塚市)",
        "八幡入口",
        "コンフォール平塚前",
        "市役所前(平塚市)",
        "四ツ角(平塚市)",
        "平塚駅北口"
    ],
    "weekday": [
        "6:18",
        "6:39",
        "6:55",
        "7:10",
        "7:25",
        "7:35",
        "7:45",
        "7:56",
        "8:05",
        "8:15",
        "8:20",
        "8:30",
        "8:40",
        "8:50",
        "9:00",
        "9:10",
        "9:25",
        "9:44",
        "9:59",
        "10:15",
        "10:32",
        "10:52",
        "11:12",
        "11:32",
        "11:52",
        "12:12",
        "12:32",
        "12:52",
        "13:12",
        "13:32",
        "13:52",
        "14:12",
        "14:32",
        "14:52",
        "15:12",
        "15:32",
        "15:52",
        "16:12",
        "16:30",
        "16:45",
        "17:01",
        "17:16",
        "17:27",
        "17:39",
        "17:59",
        "18:09",
        "18:18",
        "18:23",
        "18:28",
        "18:38",
        "18:48",
        "19:08",
        "19:24",
        "19:40",
        "19:56",
        "20:22",
        "20:44",
        "21:06",
        "21:28",
        "21:51",
        "22:12",
        "22:26",
        "22:56"
    ],
    "saturday": [
        "6:32",
        "7:02",
        "7:23",
        "7:43",
        "8:03",
        "8:18",
        "8:33",
        "8:48",
        "9:03",
        "9:18",
        "9:33",
        "20:46",
        "21:04",
        "21:22",
        "21:42",
        "22:12",
        "22:42"
    ],
    "holiday": [
        "6:32",
        "7:02",
        "7:23",
        "7:43",
        "8:03",
        "8:18",
        "8:33",
        "8:48",
        "9:03",
        "9:23",
        "20:46",
        "21:04",
        "21:22",
        "21:42",
        "22:12",
        "22:42"
    ],
    "url": "https://www.kanachu.co.jp/dia/diagram/timetable01_js/course:0000801543-20/node:00127664/kt:0/lname:/"
}
