{
    "date": "2025/11/16",
    "name": "駒返橋",
    "position": "-",
    "system": "平53",
    "destinations": [
        "鹿見堂橋",
        "平塚市リサイクルプラザ",
        "大江工業前",
        "ふじみ園前",
        "前鳥神社前",
        "大念寺前",
        "四ノ宮(平塚市)",
        "泉蔵院前",
        "古河電工入口",
        "八幡公民館入口",
        "八幡(平塚市)",
        "八幡入口",
        "コンフォール平塚前",
        "市役所前(平塚市)",
        "四ツ角(平塚市)",
        "平塚駅北口"
    ],
    "weekday": [
        "6:21",
        "6:42",
        "6:58",
        "7:14",
        "7:29",
        "7:39",
        "7:49",
        "8:00",
        "8:09",
        "8:19",
        "8:24",
        "8:34",
        "8:44",
        "8:54",
        "9:03",
        "9:13",
        "9:28",
        "9:47",
        "10:02",
        "10:18",
        "10:35",
        "10:55",
        "11:15",
        "11:35",
        "11:55",
        "12:15",
        "12:35",
        "12:55",
        "13:15",
        "13:35",
        "13:55",
        "14:15",
        "14:35",
        "14:55",
        "15:15",
        "15:35",
        "15:55",
        "16:15",
        "16:33",
        "16:48",
        "17:04",
        "17:19",
        "17:30",
        "17:42",
        "18:02",
        "18:12",
        "18:21",
        "18:26",
        "18:31",
        "18:41",
        "18:51",
        "19:11",
        "19:27",
        "19:43",
        "19:59",
        "20:25",
        "20:47",
        "21:09",
        "21:31",
        "21:54",
        "22:15",
        "22:29",
        "22:59"
    ],
    "saturday": [
        "6:35",
        "7:05",
        "7:26",
        "7:46",
        "8:06",
        "8:21",
        "8:36",
        "8:51",
        "9:06",
        "9:21",
        "9:36",
        "20:49",
        "21:07",
        "21:25",
        "21:45",
        "22:15",
        "22:45"
    ],
    "holiday": [
        "6:35",
        "7:05",
        "7:26",
        "7:46",
        "8:06",
        "8:21",
        "8:36",
        "8:51",
        "9:06",
        "9:26",
        "20:49",
        "21:07",
        "21:25",
        "21:45",
        "22:15",
        "22:45"
    ],
    "url": "https://www.kanachu.co.jp/dia/diagram/timetable01_js/course:0000801543-23/node:00127661/kt:0/lname:/"
}
