{
    "date": "2025/11/16",
    "name": "鹿見堂橋",
    "position": "-",
    "system": "平53",
    "destinations": [
        "平塚市リサイクルプラザ",
        "大江工業前",
        "ふじみ園前",
        "前鳥神社前",
        "大念寺前",
        "四ノ宮(平塚市)",
        "泉蔵院前",
        "古河電工入口",
        "八幡公民館入口",
        "八幡(平塚市)",
        "八幡入口",
        "コンフォール平塚前",
        "市役所前(平塚市)",
        "四ツ角(平塚市)",
        "平塚駅北口"
    ],
    "weekday": [
        "6:22",
        "6:43",
        "6:59",
        "7:15",
        "7:30",
        "7:40",
        "7:50",
        "8:01",
        "8:10",
        "8:20",
        "8:25",
        "8:35",
        "8:45",
        "8:55",
        "9:04",
        "9:14",
        "9:29",
        "9:48",
        "10:03",
        "10:19",
        "10:36",
        "10:56",
        "11:16",
        "11:36",
        "11:56",
        "12:16",
        "12:36",
        "12:56",
        "13:16",
        "13:36",
        "13:56",
        "14:16",
        "14:36",
        "14:56",
        "15:16",
        "15:36",
        "15:56",
        "16:16",
        "16:34",
        "16:49",
        "17:05",
        "17:20",
        "17:31",
        "17:43",
        "18:03",
        "18:13",
        "18:22",
        "18:27",
        "18:32",
        "18:42",
        "18:52",
        "19:12",
        "19:28",
        "19:44",
        "20:00",
        "20:26",
        "20:48",
        "21:10",
        "21:32",
        "21:55",
        "22:16",
        "22:30",
        "23:00"
    ],
    "saturday": [
        "6:36",
        "7:06",
        "7:27",
        "7:47",
        "8:07",
        "8:22",
        "8:37",
        "8:52",
        "9:07",
        "9:22",
        "9:37",
        "20:50",
        "21:08",
        "21:26",
        "21:46",
        "22:16",
        "22:46"
    ],
    "holiday": [
        "6:36",
        "7:06",
        "7:27",
        "7:47",
        "8:07",
        "8:22",
        "8:37",
        "8:52",
        "9:07",
        "9:27",
        "20:50",
        "21:08",
        "21:26",
        "21:46",
        "22:16",
        "22:46"
    ],
    "url": "https://www.kanachu.co.jp/dia/diagram/timetable01_js/course:0000801543-24/node:00127660/kt:0/lname:/"
}
