{
    "date": "2025/11/16",
    "name": "大江工業前",
    "position": "-",
    "system": "平53",
    "destinations": [
        "ふじみ園前",
        "前鳥神社前",
        "大念寺前",
        "四ノ宮(平塚市)",
        "泉蔵院前",
        "古河電工入口",
        "八幡公民館入口",
        "八幡(平塚市)",
        "八幡入口",
        "コンフォール平塚前",
        "市役所前(平塚市)",
        "四ツ角(平塚市)",
        "平塚駅北口"
    ],
    "weekday": [
        "6:23",
        "6:45",
        "7:01",
        "7:17",
        "7:32",
        "7:42",
        "7:52",
        "8:03",
        "8:12",
        "8:22",
        "8:27",
        "8:37",
        "8:47",
        "8:57",
        "9:06",
        "9:16",
        "9:31",
        "9:50",
        "10:05",
        "10:21",
        "10:38",
        "10:58",
        "11:18",
        "11:38",
        "11:58",
        "12:18",
        "12:38",
        "12:58",
        "13:18",
        "13:38",
        "13:58",
        "14:18",
        "14:38",
        "14:58",
        "15:18",
        "15:38",
        "15:58",
        "16:18",
        "16:36",
        "16:51",
        "17:07",
        "17:22",
        "17:33",
        "17:45",
        "18:05",
        "18:15",
        "18:24",
        "18:29",
        "18:34",
        "18:44",
        "18:54",
        "19:14",
        "19:30",
        "19:45",
        "20:01",
        "20:27",
        "20:49",
        "21:11",
        "21:33",
        "21:56",
        "22:17",
        "22:31",
        "23:01"
    ],
    "saturday": [
        "6:37",
        "7:07",
        "7:28",
        "7:48",
        "8:08",
        "8:23",
        "8:38",
        "8:53",
        "9:08",
        "9:23",
        "9:38",
        "20:51",
        "21:09",
        "21:27",
        "21:47",
        "22:17",
        "22:47"
    ],
    "holiday": [
        "6:37",
        "7:07",
        "7:28",
        "7:48",
        "8:08",
        "8:23",
        "8:38",
        "8:53",
        "9:08",
        "9:28",
        "20:51",
        "21:09",
        "21:27",
        "21:47",
        "22:17",
        "22:47"
    ],
    "url": "https://www.kanachu.co.jp/dia/diagram/timetable01_js/course:0000801543-26/node:00127659/kt:0/lname:/"
}
