{
    "date": "2025/11/16",
    "name": "ふじみ園前",
    "position": "-",
    "system": "平53",
    "destinations": [
        "前鳥神社前",
        "大念寺前",
        "四ノ宮(平塚市)",
        "泉蔵院前",
        "古河電工入口",
        "八幡公民館入口",
        "八幡(平塚市)",
        "八幡入口",
        "コンフォール平塚前",
        "市役所前(平塚市)",
        "四ツ角(平塚市)",
        "平塚駅北口"
    ],
    "weekday": [
        "6:25",
        "6:47",
        "7:03",
        "7:19",
        "7:34",
        "7:44",
        "7:54",
        "8:05",
        "8:14",
        "8:24",
        "8:29",
        "8:39",
        "8:49",
        "8:59",
        "9:08",
        "9:18",
        "9:33",
        "9:52",
        "10:07",
        "10:23",
        "10:40",
        "11:00",
        "11:20",
        "11:40",
        "12:00",
        "12:20",
        "12:40",
        "13:00",
        "13:20",
        "13:40",
        "14:00",
        "14:20",
        "14:40",
        "15:00",
        "15:20",
        "15:40",
        "16:00",
        "16:20",
        "16:38",
        "16:53",
        "17:09",
        "17:24",
        "17:35",
        "17:47",
        "18:07",
        "18:17",
        "18:26",
        "18:31",
        "18:36",
        "18:46",
        "18:56",
        "19:16",
        "19:32",
        "19:47",
        "20:03",
        "20:29",
        "20:51",
        "21:13",
        "21:35",
        "21:58",
        "22:19",
        "22:33",
        "23:03"
    ],
    "saturday": [
        "6:39",
        "7:09",
        "7:30",
        "7:50",
        "8:10",
        "8:25",
        "8:40",
        "8:55",
        "9:10",
        "9:25",
        "9:40",
        "20:53",
        "21:11",
        "21:29",
        "21:49",
        "22:19",
        "22:49"
    ],
    "holiday": [
        "6:39",
        "7:09",
        "7:30",
        "7:50",
        "8:10",
        "8:25",
        "8:40",
        "8:55",
        "9:10",
        "9:30",
        "20:53",
        "21:11",
        "21:29",
        "21:49",
        "22:19",
        "22:49"
    ],
    "url": "https://www.kanachu.co.jp/dia/diagram/timetable01_js/course:0000801543-27/node:00127650/kt:0/lname:/"
}
