{
    "date": "2025/11/16",
    "name": "コンフォール平塚前",
    "position": "-",
    "system": "平53",
    "destinations": [
        "市役所前(平塚市)",
        "四ツ角(平塚市)",
        "平塚駅北口"
    ],
    "weekday": [
        "6:35",
        "6:57",
        "7:13",
        "7:29",
        "7:44",
        "7:54",
        "8:04",
        "8:15",
        "8:24",
        "8:34",
        "8:39",
        "8:49",
        "8:59",
        "9:09",
        "9:18",
        "9:28",
        "9:43",
        "10:02",
        "10:17",
        "10:33",
        "10:50",
        "11:10",
        "11:30",
        "11:50",
        "12:10",
        "12:30",
        "12:50",
        "13:10",
        "13:30",
        "13:50",
        "14:10",
        "14:30",
        "14:50",
        "15:10",
        "15:30",
        "15:50",
        "16:10",
        "16:30",
        "16:48",
        "17:03",
        "17:19",
        "17:34",
        "17:45",
        "17:57",
        "18:17",
        "18:27",
        "18:36",
        "18:41",
        "18:46",
        "18:56",
        "19:06",
        "19:26",
        "19:42",
        "19:57",
        "20:13",
        "20:39",
        "21:01",
        "21:23",
        "21:45",
        "22:08",
        "22:29",
        "22:43",
        "23:13"
    ],
    "saturday": [
        "6:47",
        "7:19",
        "7:40",
        "8:00",
        "8:20",
        "8:35",
        "8:50",
        "9:05",
        "9:20",
        "9:35",
        "9:50",
        "21:01",
        "21:19",
        "21:37",
        "21:57",
        "22:27",
        "22:57"
    ],
    "holiday": [
        "6:47",
        "7:19",
        "7:40",
        "8:00",
        "8:20",
        "8:35",
        "8:50",
        "9:05",
        "9:20",
        "9:40",
        "21:01",
        "21:19",
        "21:37",
        "21:57",
        "22:27",
        "22:57"
    ],
    "url": "https://www.kanachu.co.jp/dia/diagram/timetable01_js/course:0000801543-36/node:00127644/kt:0/lname:/"
}
