{
    "date": "2025/11/16",
    "name": "四ツ角(平塚市)",
    "position": "-",
    "system": "平53",
    "destinations": [
        "平塚駅北口"
    ],
    "weekday": [
        "6:38",
        "7:00",
        "7:16",
        "7:32",
        "7:47",
        "7:57",
        "8:07",
        "8:18",
        "8:27",
        "8:37",
        "8:42",
        "8:52",
        "9:02",
        "9:12",
        "9:21",
        "9:31",
        "9:46",
        "10:05",
        "10:20",
        "10:36",
        "10:53",
        "11:13",
        "11:33",
        "11:53",
        "12:13",
        "12:33",
        "12:53",
        "13:13",
        "13:33",
        "13:53",
        "14:13",
        "14:33",
        "14:53",
        "15:13",
        "15:33",
        "15:53",
        "16:13",
        "16:33",
        "16:51",
        "17:06",
        "17:22",
        "17:37",
        "17:48",
        "18:00",
        "18:20",
        "18:30",
        "18:39",
        "18:44",
        "18:49",
        "18:59",
        "19:09",
        "19:29",
        "19:45",
        "20:00",
        "20:16",
        "20:42",
        "21:04",
        "21:26",
        "21:48",
        "22:11",
        "22:32",
        "22:46",
        "23:16"
    ],
    "saturday": [
        "6:50",
        "7:22",
        "7:43",
        "8:03",
        "8:23",
        "8:38",
        "8:53",
        "9:08",
        "9:23",
        "9:38",
        "9:53",
        "21:04",
        "21:22",
        "21:40",
        "22:00",
        "22:30",
        "23:00"
    ],
    "holiday": [
        "6:50",
        "7:22",
        "7:43",
        "8:03",
        "8:23",
        "8:38",
        "8:53",
        "9:08",
        "9:23",
        "9:43",
        "21:04",
        "21:22",
        "21:40",
        "22:00",
        "22:30",
        "23:00"
    ],
    "url": "https://www.kanachu.co.jp/dia/diagram/timetable01_js/course:0000801543-38/node:00127190/kt:0/lname:/"
}
