{
    "date": "2025/11/16",
    "name": "平塚駅北口",
    "position": "-",
    "system": "平90",
    "destinations": [
        "四ツ角(平塚市)",
        "市役所前(ゴム前/平塚市)",
        "横浜ゴム前",
        "立野町(平塚市)",
        "追分(平塚市)",
        "共済病院前総合公園西",
        "中原下宿",
        "中原御殿",
        "中原上宿",
        "大縄橋",
        "豊田本郷駅",
        "東橋(平塚市)",
        "矢崎(平塚市)",
        "大句",
        "城所入口",
        "矢羽根",
        "馬渡(伊勢原市)",
        "団地下大竹",
        "団地南口(伊勢原市)",
        "ひかり幼稚園前",
        "千津",
        "伊勢原駅南口"
    ],
    "weekday": [
        "6:30",
        "6:42",
        "6:55",
        "7:16",
        "7:28",
        "7:44",
        "7:52",
        "8:05",
        "8:14",
        "8:25",
        "8:33",
        "8:49",
        "8:58",
        "9:37",
        "9:57",
        "10:17",
        "10:37",
        "10:57",
        "11:17",
        "11:37",
        "11:57",
        "12:17",
        "12:37",
        "12:57",
        "13:17",
        "13:37",
        "13:57",
        "14:17",
        "14:37",
        "14:57",
        "15:17",
        "15:37",
        "15:57",
        "16:07",
        "16:22",
        "16:37",
        "16:52",
        "17:12",
        "17:32",
        "17:52",
        "18:05",
        "18:17",
        "18:29",
        "18:53",
        "19:05",
        "19:17",
        "19:41",
        "20:05",
        "20:35",
        "21:05",
        "21:35",
        "22:05",
        "23:02"
    ],
    "saturday": [
        "6:50",
        "7:10",
        "7:30",
        "7:50",
        "8:10",
        "8:30",
        "8:50",
        "9:10",
        "9:30",
        "9:50",
        "10:10",
        "10:30",
        "10:50",
        "11:10",
        "11:30",
        "11:50",
        "12:10",
        "12:30",
        "12:50",
        "13:10",
        "13:30",
        "13:50",
        "14:10",
        "14:30",
        "14:50",
        "15:10",
        "15:30",
        "15:50",
        "16:10",
        "16:30",
        "16:50",
        "17:10",
        "17:30",
        "17:50",
        "18:10",
        "18:30",
        "18:50",
        "19:10",
        "19:30",
        "19:55",
        "20:25",
        "20:55",
        "21:25",
        "21:57",
        "22:57"
    ],
    "holiday": [
        "6:50",
        "7:20",
        "7:50",
        "8:10",
        "8:30",
        "8:50",
        "9:10",
        "9:30",
        "9:50",
        "10:10",
        "10:30",
        "10:50",
        "11:10",
        "11:30",
        "11:50",
        "12:10",
        "12:30",
        "12:50",
        "13:10",
        "13:30",
        "13:50",
        "14:10",
        "14:30",
        "14:50",
        "15:10",
        "15:30",
        "15:50",
        "16:10",
        "16:30",
        "16:50",
        "17:10",
        "17:30",
        "17:50",
        "18:10",
        "18:30",
        "18:55",
        "19:25",
        "19:55",
        "20:25",
        "20:55",
        "21:25",
        "21:57",
        "22:57"
    ],
    "url": "https://www.kanachu.co.jp/dia/diagram/timetable01_js/course:0000803040-1/node:00127464/kt:0/lname:/"
}
