{
    "date": "2025/11/16",
    "name": "千津",
    "position": "-",
    "system": "平90",
    "destinations": [
        "伊勢原駅南口"
    ],
    "weekday": [
        "6:57",
        "7:10",
        "7:25",
        "7:46",
        "7:58",
        "8:14",
        "8:22",
        "8:35",
        "8:44",
        "8:55",
        "9:03",
        "9:19",
        "9:28",
        "10:07",
        "10:27",
        "10:47",
        "11:07",
        "11:27",
        "11:47",
        "12:07",
        "12:27",
        "12:47",
        "13:07",
        "13:27",
        "13:47",
        "14:07",
        "14:27",
        "14:47",
        "15:07",
        "15:27",
        "15:47",
        "16:07",
        "16:29",
        "16:39",
        "16:54",
        "17:09",
        "17:24",
        "17:44",
        "18:04",
        "18:24",
        "18:37",
        "18:49",
        "19:01",
        "19:25",
        "19:37",
        "19:45",
        "20:08",
        "20:32",
        "21:02",
        "21:32",
        "22:02",
        "22:32",
        "23:29"
    ],
    "saturday": [
        "7:20",
        "7:40",
        "8:00",
        "8:20",
        "8:40",
        "9:00",
        "9:20",
        "9:40",
        "10:00",
        "10:20",
        "10:40",
        "11:00",
        "11:20",
        "11:40",
        "12:00",
        "12:20",
        "12:40",
        "13:00",
        "13:20",
        "13:40",
        "14:00",
        "14:20",
        "14:40",
        "15:00",
        "15:20",
        "15:40",
        "16:00",
        "16:20",
        "16:40",
        "17:00",
        "17:20",
        "17:40",
        "18:00",
        "18:20",
        "18:40",
        "19:00",
        "19:20",
        "19:40",
        "19:58",
        "20:23",
        "20:53",
        "21:23",
        "21:53",
        "22:25",
        "23:25"
    ],
    "holiday": [
        "7:20",
        "7:50",
        "8:20",
        "8:40",
        "9:00",
        "9:20",
        "9:40",
        "10:00",
        "10:20",
        "10:40",
        "11:00",
        "11:20",
        "11:40",
        "12:00",
        "12:20",
        "12:40",
        "13:00",
        "13:20",
        "13:40",
        "14:00",
        "14:20",
        "14:40",
        "15:00",
        "15:20",
        "15:40",
        "16:00",
        "16:20",
        "16:40",
        "17:00",
        "17:20",
        "17:40",
        "18:00",
        "18:20",
        "18:40",
        "19:00",
        "19:25",
        "19:53",
        "20:23",
        "20:53",
        "21:23",
        "21:53",
        "22:25",
        "23:25"
    ],
    "url": "https://www.kanachu.co.jp/dia/diagram/timetable01_js/course:0000803040-22/node:00128071/kt:0/lname:/"
}
