{
    "date": "2024/03/16",
    "name": "常盤(町田市)",
    "position": "-",
    "system": "淵21",
    "destinations": [
        "上矢部本町",
        "薬師堂(相模原市中央区)",
        "淵野辺二丁目",
        "淵野辺一丁目",
        "麻布大学",
        "並木通り(相模原市中央区)",
        "淵野辺駅北口"
    ],
    "weekday": [
        "6:13",
        "6:33",
        "6:53",
        "7:13",
        "7:33",
        "7:53",
        "8:13",
        "8:38",
        "8:58",
        "9:28",
        "10:18",
        "11:18",
        "12:18",
        "13:18",
        "14:18",
        "15:18",
        "16:18",
        "17:08",
        "17:58",
        "18:48",
        "19:38",
        "20:28",
        "21:18"
    ],
    "saturday": [
        "6:23",
        "7:03",
        "7:28",
        "7:53",
        "8:43",
        "9:33",
        "10:23",
        "11:13",
        "12:03",
        "12:53",
        "13:43",
        "14:33",
        "15:23",
        "16:13",
        "17:03",
        "17:53",
        "18:43",
        "19:33",
        "20:23",
        "21:15"
    ],
    "holiday": [
        "6:23",
        "7:03",
        "7:53",
        "8:43",
        "9:33",
        "10:23",
        "11:13",
        "12:03",
        "12:53",
        "13:43",
        "14:33",
        "15:23",
        "16:13",
        "17:03",
        "17:53",
        "18:43",
        "19:33",
        "20:23"
    ],
    "url": "https://www.kanachu.co.jp/dia/diagram/timetable01_js/course:0000803404-9/node:00129202/kt:0/lname:/"
}
