{
    "date": "2024/03/16",
    "name": "麻布大学",
    "position": "-",
    "system": "淵21",
    "destinations": [
        "並木通り(相模原市中央区)",
        "淵野辺駅北口"
    ],
    "weekday": [
        "6:18",
        "6:38",
        "6:58",
        "7:18",
        "7:38",
        "7:58",
        "8:18",
        "8:43",
        "9:03",
        "9:33",
        "10:23",
        "11:23",
        "12:23",
        "13:23",
        "14:23",
        "15:23",
        "16:23",
        "17:13",
        "18:03",
        "18:53",
        "19:43",
        "20:33",
        "21:23"
    ],
    "saturday": [
        "6:28",
        "7:08",
        "7:33",
        "7:58",
        "8:48",
        "9:38",
        "10:28",
        "11:18",
        "12:08",
        "12:58",
        "13:48",
        "14:38",
        "15:28",
        "16:18",
        "17:08",
        "17:58",
        "18:48",
        "19:38",
        "20:28",
        "21:20"
    ],
    "holiday": [
        "6:28",
        "7:08",
        "7:58",
        "8:48",
        "9:38",
        "10:28",
        "11:18",
        "12:08",
        "12:58",
        "13:48",
        "14:38",
        "15:28",
        "16:18",
        "17:08",
        "17:58",
        "18:48",
        "19:38",
        "20:28"
    ],
    "url": "https://www.kanachu.co.jp/dia/diagram/timetable01_js/course:0000803404-14/node:00130102/kt:0/lname:/"
}
