{
    "date": "2025/03/15",
    "name": "香川小学校入口",
    "position": "-",
    "system": "茅17",
    "destinations": [
        "鶴が台中学校前",
        "鶴が台入口",
        "ニュータウン入口(茅ケ崎市)",
        "神奈中営業所前",
        "前の田",
        "中央公園前(茅ケ崎市)",
        "茅ヶ崎駅"
    ],
    "weekday": [
        "6:10",
        "6:41",
        "7:05",
        "7:16",
        "7:46"
    ],
    "saturday": [
        "6:00",
        "6:40",
        "8:05",
        "9:05"
    ],
    "holiday": [
        "6:00",
        "6:40",
        "7:56"
    ],
    "url": "https://www.kanachu.co.jp/dia/diagram/timetable01_js/course:0000800742-2/node:00127157/kt:0/lname:/"
}
