{
    "date": "2025/03/15",
    "name": "ニュータウン入口(茅ケ崎市)",
    "position": "-",
    "system": "茅17",
    "destinations": [
        "神奈中営業所前",
        "前の田",
        "中央公園前(茅ケ崎市)",
        "茅ヶ崎駅"
    ],
    "weekday": [
        "6:15",
        "6:46",
        "7:12",
        "7:23",
        "7:53"
    ],
    "saturday": [
        "6:05",
        "6:45",
        "8:11",
        "9:11"
    ],
    "holiday": [
        "6:05",
        "6:45",
        "8:01"
    ],
    "url": "https://www.kanachu.co.jp/dia/diagram/timetable01_js/course:0000800742-5/node:00127138/kt:0/lname:/"
}
