{
    "date": "2025/01/14",
    "name": "厚木高校前",
    "position": "-",
    "system": "厚33",
    "destinations": [
        "日立アステモ前",
        "片岸(厚木市)",
        "温水",
        "高坪入口",
        "南毛利小学校前",
        "清水(厚木市)",
        "観音坂",
        "上長谷(厚木市)",
        "愛名入口",
        "小野宮前",
        "小野橋(厚木市)",
        "中屋橋",
        "玉川農協前",
        "玉川公民館前",
        "日向川",
        "馬場リハビリ入口",
        "神奈川リハビリ",
        "馬場リハビリ入口",
        "七沢温泉入口",
        "七沢病院入口",
        "広沢寺温泉入口",
        "七沢"
    ],
    "weekday": [
        "7:25",
        "7:36",
        "8:07",
        "8:37",
        "10:06",
        "10:36",
        "11:06",
        "11:36",
        "12:06",
        "12:36",
        "13:06",
        "13:36",
        "14:06",
        "14:36",
        "15:06",
        "15:36",
        "16:37",
        "17:07",
        "18:07",
        "19:06",
        "20:05"
    ],
    "saturday": [
        "7:35",
        "9:05",
        "9:36",
        "10:06",
        "10:36",
        "11:06",
        "11:36",
        "13:06",
        "13:36",
        "15:07",
        "15:37",
        "16:07",
        "16:37",
        "17:07",
        "17:37",
        "19:06"
    ],
    "holiday": [
        "7:35",
        "9:05",
        "9:35",
        "10:05",
        "10:36",
        "11:06",
        "11:36",
        "13:06",
        "13:36",
        "15:07",
        "15:37",
        "16:07",
        "16:37",
        "17:07",
        "17:37",
        "19:06"
    ],
    "url": "https://www.kanachu.co.jp/dia/diagram/timetable01_js/course:0000800810-5/node:00128440/kt:0/lname:/"
}
