{
    "date": "2025/01/14",
    "name": "高坪入口",
    "position": "-",
    "system": "厚33",
    "destinations": [
        "南毛利小学校前",
        "清水(厚木市)",
        "観音坂",
        "上長谷(厚木市)",
        "愛名入口",
        "小野宮前",
        "小野橋(厚木市)",
        "中屋橋",
        "玉川農協前",
        "玉川公民館前",
        "日向川",
        "馬場リハビリ入口",
        "神奈川リハビリ",
        "馬場リハビリ入口",
        "七沢温泉入口",
        "七沢病院入口",
        "広沢寺温泉入口",
        "七沢"
    ],
    "weekday": [
        "7:28",
        "7:39",
        "8:10",
        "8:40",
        "10:09",
        "10:39",
        "11:09",
        "11:39",
        "12:09",
        "12:39",
        "13:09",
        "13:39",
        "14:09",
        "14:39",
        "15:09",
        "15:39",
        "16:40",
        "17:10",
        "18:10",
        "19:09",
        "20:08"
    ],
    "saturday": [
        "7:38",
        "9:08",
        "9:39",
        "10:09",
        "10:39",
        "11:09",
        "11:39",
        "13:09",
        "13:39",
        "15:10",
        "15:40",
        "16:10",
        "16:40",
        "17:10",
        "17:40",
        "19:09"
    ],
    "holiday": [
        "7:38",
        "9:08",
        "9:38",
        "10:08",
        "10:39",
        "11:09",
        "11:39",
        "13:09",
        "13:39",
        "15:10",
        "15:40",
        "16:10",
        "16:40",
        "17:10",
        "17:40",
        "19:09"
    ],
    "url": "https://www.kanachu.co.jp/dia/diagram/timetable01_js/course:0000800810-9/node:00128444/kt:0/lname:/"
}
