{
    "date": "2025/01/14",
    "name": "清水(厚木市)",
    "position": "-",
    "system": "厚33",
    "destinations": [
        "観音坂",
        "上長谷(厚木市)",
        "愛名入口",
        "小野宮前",
        "小野橋(厚木市)",
        "中屋橋",
        "玉川農協前",
        "玉川公民館前",
        "日向川",
        "馬場リハビリ入口",
        "神奈川リハビリ",
        "馬場リハビリ入口",
        "七沢温泉入口",
        "七沢病院入口",
        "広沢寺温泉入口",
        "七沢"
    ],
    "weekday": [
        "7:29",
        "7:41",
        "8:12",
        "8:42",
        "10:11",
        "10:41",
        "11:11",
        "11:41",
        "12:11",
        "12:41",
        "13:11",
        "13:41",
        "14:11",
        "14:41",
        "15:11",
        "15:41",
        "16:42",
        "17:12",
        "18:12",
        "19:10",
        "20:09"
    ],
    "saturday": [
        "7:40",
        "9:10",
        "9:41",
        "10:11",
        "10:41",
        "11:11",
        "11:41",
        "13:11",
        "13:41",
        "15:12",
        "15:42",
        "16:12",
        "16:42",
        "17:12",
        "17:42",
        "19:10"
    ],
    "holiday": [
        "7:39",
        "9:10",
        "9:40",
        "10:10",
        "10:41",
        "11:11",
        "11:41",
        "13:11",
        "13:41",
        "15:12",
        "15:42",
        "16:12",
        "16:42",
        "17:12",
        "17:42",
        "19:10"
    ],
    "url": "https://www.kanachu.co.jp/dia/diagram/timetable01_js/course:0000800810-11/node:00128673/kt:0/lname:/"
}
