{
    "date": "2025/01/14",
    "name": "馬場リハビリ入口",
    "position": "-",
    "system": "厚33",
    "destinations": [
        "神奈川リハビリ",
        "馬場リハビリ入口",
        "七沢温泉入口",
        "七沢病院入口",
        "広沢寺温泉入口",
        "七沢"
    ],
    "weekday": [
        "7:40",
        "7:52",
        "8:23",
        "8:53",
        "10:21",
        "10:51",
        "11:21",
        "11:51",
        "12:21",
        "12:51",
        "13:21",
        "13:51",
        "14:21",
        "14:51",
        "15:21",
        "15:51",
        "16:53",
        "17:23",
        "18:23",
        "19:20",
        "20:19"
    ],
    "saturday": [
        "7:51",
        "9:21",
        "9:52",
        "10:22",
        "10:52",
        "11:22",
        "11:52",
        "13:22",
        "13:52",
        "15:23",
        "15:53",
        "16:23",
        "16:53",
        "17:23",
        "17:53",
        "19:20"
    ],
    "holiday": [
        "7:49",
        "9:21",
        "9:51",
        "10:21",
        "10:52",
        "11:22",
        "11:52",
        "13:22",
        "13:52",
        "15:23",
        "15:53",
        "16:23",
        "16:53",
        "17:23",
        "17:53",
        "19:20"
    ],
    "url": "https://www.kanachu.co.jp/dia/diagram/timetable01_js/course:0000800810-21/node:00128455/kt:0/lname:/"
}
