{
    "date": "2025/01/14",
    "name": "七沢温泉入口",
    "position": "-",
    "system": "厚33",
    "destinations": [
        "七沢病院入口",
        "広沢寺温泉入口",
        "七沢"
    ],
    "weekday": [
        "7:44",
        "7:56",
        "8:27",
        "8:57",
        "10:25",
        "10:55",
        "11:25",
        "11:55",
        "12:25",
        "12:55",
        "13:25",
        "13:55",
        "14:25",
        "14:55",
        "15:25",
        "15:55",
        "16:57",
        "17:27",
        "18:27",
        "19:24",
        "20:23"
    ],
    "saturday": [
        "7:55",
        "9:25",
        "9:56",
        "10:26",
        "10:56",
        "11:26",
        "11:56",
        "13:26",
        "13:56",
        "15:27",
        "15:57",
        "16:27",
        "16:57",
        "17:27",
        "17:57",
        "19:24"
    ],
    "holiday": [
        "7:53",
        "9:25",
        "9:55",
        "10:25",
        "10:56",
        "11:26",
        "11:56",
        "13:26",
        "13:56",
        "15:27",
        "15:57",
        "16:27",
        "16:57",
        "17:27",
        "17:57",
        "19:24"
    ],
    "url": "https://www.kanachu.co.jp/dia/diagram/timetable01_js/course:0000800810-24/node:00128457/kt:0/lname:/"
}
