{
    "date": "2026/01/16",
    "name": "諏訪神社前(町田市)",
    "position": "-",
    "system": "原19",
    "destinations": [
        "相原小学校前",
        "開都",
        "相原十字路",
        "根岸(相原町/町田市)",
        "境橋(町田市)",
        "円林寺前",
        "水の口(町田市)",
        "法政大学入口",
        "法政大学(町田市)"
    ],
    "weekday": [
        "6:06",
        "6:21",
        "6:56",
        "7:32",
        "7:53",
        "8:11",
        "8:36",
        "8:50",
        "8:59",
        "9:46",
        "10:28",
        "10:56",
        "11:13",
        "11:19",
        "11:26",
        "11:35",
        "11:54",
        "12:01",
        "12:32",
        "12:38",
        "12:52",
        "13:01",
        "13:15",
        "13:24",
        "13:32",
        "13:41",
        "14:12",
        "14:26",
        "14:54",
        "15:06",
        "15:18",
        "15:32",
        "16:13",
        "16:42",
        "17:09",
        "17:25",
        "17:56",
        "18:14",
        "18:58",
        "19:39",
        "19:58",
        "20:23",
        "21:08"
    ],
    "saturday": [
        "6:28",
        "7:01",
        "7:36",
        "8:13",
        "8:31",
        "9:01",
        "9:46",
        "10:36",
        "11:21",
        "12:12",
        "12:52",
        "13:38",
        "14:27",
        "15:12",
        "15:57",
        "16:42",
        "17:27",
        "18:12",
        "18:57",
        "19:42",
        "20:26",
        "22:02"
    ],
    "holiday": [
        "6:56",
        "7:36",
        "8:23",
        "9:13",
        "9:53",
        "10:36",
        "11:21",
        "12:12",
        "12:52",
        "13:38",
        "14:27",
        "15:12",
        "15:57",
        "16:42",
        "17:27",
        "18:12",
        "18:57",
        "19:42",
        "20:26"
    ],
    "url": "https://www.kanachu.co.jp/dia/diagram/timetable01_js/course:0000804006-2/node:00128886/kt:0/lname:/"
}
