{
    "date": "2025/11/25",
    "name": "橋本二丁目",
    "position": "-",
    "system": "橋34",
    "destinations": [
        "旭中学校(相模原市緑区)",
        "緑ヶ丘(相模原市緑区)",
        "石宮",
        "上中の原団地",
        "六地蔵(相模原市緑区)",
        "大沢団地前",
        "塚場",
        "下九沢",
        "下九沢宮下",
        "作の口三谷",
        "作の口",
        "上久保",
        "久保(相模原市中央区)",
        "下久保",
        "上溝高校入口",
        "上溝中央",
        "上溝"
    ],
    "weekday": [
        "6:41",
        "7:17",
        "7:52",
        "8:52",
        "9:46",
        "10:46",
        "11:46",
        "12:46",
        "13:46",
        "14:46",
        "15:46",
        "16:46",
        "17:47",
        "18:52",
        "19:22",
        "19:52",
        "20:51",
        "21:52"
    ],
    "saturday": [
        "7:46",
        "8:46",
        "9:46",
        "10:51",
        "11:51",
        "12:51",
        "13:51",
        "14:51",
        "15:51",
        "16:51",
        "17:51",
        "18:51",
        "19:51",
        "20:56"
    ],
    "holiday": [
        "7:56",
        "8:56",
        "9:56",
        "10:56",
        "11:56",
        "12:56",
        "13:51",
        "14:51",
        "15:51",
        "16:51",
        "17:51",
        "18:51",
        "19:51"
    ],
    "url": "https://www.kanachu.co.jp/dia/diagram/timetable01_js/course:0000803793-2/node:00128971/kt:0/lname:/"
}
