{
    "date": "2025/11/25",
    "name": "塚場",
    "position": "-",
    "system": "橋34",
    "destinations": [
        "下九沢",
        "下九沢宮下",
        "作の口三谷",
        "作の口",
        "上久保",
        "久保(相模原市中央区)",
        "下久保",
        "上溝高校入口",
        "上溝中央",
        "上溝"
    ],
    "weekday": [
        "6:51",
        "7:27",
        "8:02",
        "9:02",
        "9:56",
        "10:56",
        "11:56",
        "12:56",
        "13:56",
        "14:56",
        "15:56",
        "16:56",
        "17:57",
        "19:02",
        "19:32",
        "20:02",
        "21:01",
        "22:02"
    ],
    "saturday": [
        "7:56",
        "8:56",
        "9:56",
        "11:01",
        "12:01",
        "13:01",
        "14:01",
        "15:01",
        "16:01",
        "17:01",
        "18:01",
        "19:01",
        "20:01",
        "21:06"
    ],
    "holiday": [
        "8:06",
        "9:06",
        "10:06",
        "11:06",
        "12:06",
        "13:06",
        "14:01",
        "15:01",
        "16:01",
        "17:01",
        "18:01",
        "19:01",
        "20:01"
    ],
    "url": "https://www.kanachu.co.jp/dia/diagram/timetable01_js/course:0000803793-9/node:00129198/kt:0/lname:/"
}
