{
    "date": "2025/11/25",
    "name": "下九沢宮下",
    "position": "-",
    "system": "橋34",
    "destinations": [
        "作の口三谷",
        "作の口",
        "上久保",
        "久保(相模原市中央区)",
        "下久保",
        "上溝高校入口",
        "上溝中央",
        "上溝"
    ],
    "weekday": [
        "6:53",
        "7:29",
        "8:04",
        "9:04",
        "9:58",
        "10:58",
        "11:58",
        "12:58",
        "13:58",
        "14:58",
        "15:58",
        "16:58",
        "17:59",
        "19:04",
        "19:34",
        "20:04",
        "21:03",
        "22:04"
    ],
    "saturday": [
        "7:58",
        "8:58",
        "9:58",
        "11:03",
        "12:03",
        "13:03",
        "14:03",
        "15:03",
        "16:03",
        "17:03",
        "18:03",
        "19:03",
        "20:03",
        "21:08"
    ],
    "holiday": [
        "8:08",
        "9:08",
        "10:08",
        "11:08",
        "12:08",
        "13:08",
        "14:03",
        "15:03",
        "16:03",
        "17:03",
        "18:03",
        "19:03",
        "20:03"
    ],
    "url": "https://www.kanachu.co.jp/dia/diagram/timetable01_js/course:0000803793-11/node:00129308/kt:0/lname:/"
}
