{
    "date": "2025/11/25",
    "name": "上久保",
    "position": "-",
    "system": "橋34",
    "destinations": [
        "久保(相模原市中央区)",
        "下久保",
        "上溝高校入口",
        "上溝中央",
        "上溝"
    ],
    "weekday": [
        "6:56",
        "7:32",
        "8:07",
        "9:07",
        "10:01",
        "11:01",
        "12:01",
        "13:01",
        "14:01",
        "15:01",
        "16:01",
        "17:01",
        "18:02",
        "19:07",
        "19:37",
        "20:07",
        "21:06",
        "22:07"
    ],
    "saturday": [
        "8:01",
        "9:01",
        "10:01",
        "11:06",
        "12:06",
        "13:06",
        "14:06",
        "15:06",
        "16:06",
        "17:06",
        "18:06",
        "19:06",
        "20:06",
        "21:11"
    ],
    "holiday": [
        "8:11",
        "9:11",
        "10:11",
        "11:11",
        "12:11",
        "13:11",
        "14:06",
        "15:06",
        "16:06",
        "17:06",
        "18:06",
        "19:06",
        "20:06"
    ],
    "url": "https://www.kanachu.co.jp/dia/diagram/timetable01_js/course:0000803793-14/node:00129111/kt:0/lname:/"
}
