{
    "date": "2025/11/25",
    "name": "下久保",
    "position": "-",
    "system": "橋34",
    "destinations": [
        "上溝高校入口",
        "上溝中央",
        "上溝"
    ],
    "weekday": [
        "6:58",
        "7:34",
        "8:09",
        "9:09",
        "10:03",
        "11:03",
        "12:03",
        "13:03",
        "14:03",
        "15:03",
        "16:03",
        "17:03",
        "18:04",
        "19:09",
        "19:39",
        "20:09",
        "21:08",
        "22:09"
    ],
    "saturday": [
        "8:03",
        "9:03",
        "10:03",
        "11:08",
        "12:08",
        "13:08",
        "14:08",
        "15:08",
        "16:08",
        "17:08",
        "18:08",
        "19:08",
        "20:08",
        "21:13"
    ],
    "holiday": [
        "8:13",
        "9:13",
        "10:13",
        "11:13",
        "12:13",
        "13:13",
        "14:08",
        "15:08",
        "16:08",
        "17:08",
        "18:08",
        "19:08",
        "20:08"
    ],
    "url": "https://www.kanachu.co.jp/dia/diagram/timetable01_js/course:0000803793-16/node:00129167/kt:0/lname:/"
}
