{
    "date": "2025/11/25",
    "name": "上溝高校入口",
    "position": "-",
    "system": "橋34",
    "destinations": [
        "上溝中央",
        "上溝"
    ],
    "weekday": [
        "6:59",
        "7:35",
        "8:10",
        "9:10",
        "10:04",
        "11:04",
        "12:04",
        "13:04",
        "14:04",
        "15:04",
        "16:04",
        "17:04",
        "18:05",
        "19:10",
        "19:40",
        "20:10",
        "21:09",
        "22:10"
    ],
    "saturday": [
        "8:04",
        "9:04",
        "10:04",
        "11:09",
        "12:09",
        "13:09",
        "14:09",
        "15:09",
        "16:09",
        "17:09",
        "18:09",
        "19:09",
        "20:09",
        "21:14"
    ],
    "holiday": [
        "8:14",
        "9:14",
        "10:14",
        "11:14",
        "12:14",
        "13:14",
        "14:09",
        "15:09",
        "16:09",
        "17:09",
        "18:09",
        "19:09",
        "20:09"
    ],
    "url": "https://www.kanachu.co.jp/dia/diagram/timetable01_js/course:0000803793-17/node:00129179/kt:0/lname:/"
}
