{
    "date": "2025/11/25",
    "name": "上溝中央",
    "position": "-",
    "system": "橋34",
    "destinations": [
        "上溝"
    ],
    "weekday": [
        "7:01",
        "7:37",
        "8:12",
        "9:12",
        "10:06",
        "11:06",
        "12:06",
        "13:06",
        "14:06",
        "15:06",
        "16:06",
        "17:06",
        "18:07",
        "19:12",
        "19:42",
        "20:12",
        "21:11",
        "22:12"
    ],
    "saturday": [
        "8:06",
        "9:06",
        "10:06",
        "11:11",
        "12:11",
        "13:11",
        "14:11",
        "15:11",
        "16:11",
        "17:11",
        "18:11",
        "19:11",
        "20:11",
        "21:16"
    ],
    "holiday": [
        "8:16",
        "9:16",
        "10:16",
        "11:16",
        "12:16",
        "13:16",
        "14:11",
        "15:11",
        "16:11",
        "17:11",
        "18:11",
        "19:11",
        "20:11"
    ],
    "url": "https://www.kanachu.co.jp/dia/diagram/timetable01_js/course:0000803793-18/node:00129348/kt:0/lname:/"
}
