{
    "system": "橋34",
    "busstops": [
        {
            "index": "1",
            "id": "00128970",
            "name": "橋本駅南口",
            "lat": "35.594206",
            "lng": "139.345025"
        },
        {
            "index": "2",
            "id": "00128971",
            "name": "橋本二丁目",
            "lat": "35.595232",
            "lng": "139.340162"
        },
        {
            "index": "3",
            "id": "00129066",
            "name": "旭中学校(相模原市緑区)",
            "lat": "35.588156",
            "lng": "139.341703"
        },
        {
            "index": "4",
            "id": "00129264",
            "name": "緑ヶ丘(相模原市緑区)",
            "lat": "35.58609",
            "lng": "139.340652"
        },
        {
            "index": "5",
            "id": "00129073",
            "name": "石宮",
            "lat": "35.583603",
            "lng": "139.339345"
        },
        {
            "index": "6",
            "id": "00129115",
            "name": "上中の原団地",
            "lat": "35.580521",
            "lng": "139.336038"
        },
        {
            "index": "7",
            "id": "00129297",
            "name": "六地蔵(相模原市緑区)",
            "lat": "35.579697",
            "lng": "139.333007"
        },
        {
            "index": "8",
            "id": "00129100",
            "name": "大沢団地前",
            "lat": "35.576783",
            "lng": "139.336312"
        },
        {
            "index": "9",
            "id": "00129198",
            "name": "塚場",
            "lat": "35.574112",
            "lng": "139.340094"
        },
        {
            "index": "10",
            "id": "00129161",
            "name": "下九沢",
            "lat": "35.571802",
            "lng": "139.340595"
        },
        {
            "index": "11",
            "id": "00129308",
            "name": "下九沢宮下",
            "lat": "35.570569",
            "lng": "139.344734"
        },
        {
            "index": "12",
            "id": "00129145",
            "name": "作の口三谷",
            "lat": "35.568496",
            "lng": "139.347325"
        },
        {
            "index": "13",
            "id": "00129144",
            "name": "作の口",
            "lat": "35.564923",
            "lng": "139.349653"
        },
        {
            "index": "14",
            "id": "00129111",
            "name": "上久保",
            "lat": "35.561649",
            "lng": "139.35244"
        },
        {
            "index": "15",
            "id": "00129129",
            "name": "久保(相模原市中央区)",
            "lat": "35.560686",
            "lng": "139.353236"
        },
        {
            "index": "16",
            "id": "00129167",
            "name": "下久保",
            "lat": "35.558828",
            "lng": "139.355248"
        },
        {
            "index": "17",
            "id": "00129179",
            "name": "上溝高校入口",
            "lat": "35.557563",
            "lng": "139.357005"
        },
        {
            "index": "18",
            "id": "00129348",
            "name": "上溝中央",
            "lat": "35.557198",
            "lng": "139.359942"
        },
        {
            "index": "19",
            "id": "00129347",
            "name": "上溝",
            "lat": "35.557848",
            "lng": "139.36304"
        }
    ],
    "route_url": "https://www.kanachu.co.jp/dia/route/index/cid:0000803793/"
}
