{
    "date": "2025/05/11",
    "name": "金沢八景駅",
    "position": "-",
    "system": "金25",
    "destinations": [
        "金沢八景",
        "六浦橋",
        "上行寺",
        "六浦",
        "大道小学校前",
        "大道(横浜市金沢区)",
        "西大道",
        "住宅前(横浜市金沢区)",
        "大道中学校前",
        "朝比奈",
        "相武隧道",
        "隧道東口",
        "横浜霊園前",
        "森の家前",
        "上郷(横浜市栄区)",
        "長倉町",
        "八軒谷戸",
        "西ヶ谷入口",
        "西ヶ谷",
        "上郷ネオポリス"
    ],
    "weekday": [
        "7:20",
        "7:59",
        "8:22",
        "10:42",
        "12:12"
    ],
    "saturday": [],
    "holiday": [],
    "url": "https://www.kanachu.co.jp/dia/diagram/timetable01_js/course:0000802821-1/node:00113597/kt:0/lname:/"
}
