{
    "date": "2025/05/11",
    "name": "朝比奈",
    "position": "-",
    "system": "金25",
    "destinations": [
        "相武隧道",
        "隧道東口",
        "横浜霊園前",
        "森の家前",
        "上郷(横浜市栄区)",
        "長倉町",
        "八軒谷戸",
        "西ヶ谷入口",
        "西ヶ谷",
        "上郷ネオポリス"
    ],
    "weekday": [
        "7:30",
        "8:09",
        "8:32",
        "10:54",
        "12:24"
    ],
    "saturday": [],
    "holiday": [],
    "url": "https://www.kanachu.co.jp/dia/diagram/timetable01_js/course:0000802821-11/node:00113829/kt:0/lname:/"
}
