{
    "date": "2025/05/11",
    "name": "隧道東口",
    "position": "-",
    "system": "金25",
    "destinations": [
        "横浜霊園前",
        "森の家前",
        "上郷(横浜市栄区)",
        "長倉町",
        "八軒谷戸",
        "西ヶ谷入口",
        "西ヶ谷",
        "上郷ネオポリス"
    ],
    "weekday": [
        "7:32",
        "8:11",
        "8:34",
        "10:57",
        "12:27"
    ],
    "saturday": [],
    "holiday": [],
    "url": "https://www.kanachu.co.jp/dia/diagram/timetable01_js/course:0000802821-13/node:00126522/kt:0/lname:/"
}
