{
    "date": "2024/09/02",
    "name": "瀬谷駅南口",
    "position": "-",
    "system": "瀬02",
    "destinations": [
        "瀬谷四丁目",
        "橋戸二丁目",
        "北新東",
        "下瀬谷中学校前",
        "下瀬谷三丁目",
        "下瀬谷橋",
        "下瀬谷坂上",
        "ひなた山第二",
        "ひなた山バザール前",
        "ひなた山第一",
        "上飯田車庫"
    ],
    "weekday": [
        "19:50",
        "21:30"
    ],
    "saturday": [
        "20:05",
        "21:00"
    ],
    "holiday": [
        "20:05",
        "21:00"
    ],
    "url": "https://www.kanachu.co.jp/dia/diagram/timetable01_js/course:0000803147-1/node:00130521/kt:0/lname:/"
}
