{
    "date": "2024/09/02",
    "name": "瀬谷四丁目",
    "position": "-",
    "system": "瀬02",
    "destinations": [
        "橋戸二丁目",
        "北新東",
        "下瀬谷中学校前",
        "下瀬谷三丁目",
        "下瀬谷橋",
        "下瀬谷坂上",
        "ひなた山第二",
        "ひなた山バザール前",
        "ひなた山第一",
        "上飯田車庫"
    ],
    "weekday": [
        "19:52",
        "21:32"
    ],
    "saturday": [
        "20:07",
        "21:02"
    ],
    "holiday": [
        "20:07",
        "21:02"
    ],
    "url": "https://www.kanachu.co.jp/dia/diagram/timetable01_js/course:0000803147-2/node:00126892/kt:0/lname:/"
}
