{
    "date": "2024/09/02",
    "name": "橋戸二丁目",
    "position": "-",
    "system": "瀬02",
    "destinations": [
        "北新東",
        "下瀬谷中学校前",
        "下瀬谷三丁目",
        "下瀬谷橋",
        "下瀬谷坂上",
        "ひなた山第二",
        "ひなた山バザール前",
        "ひなた山第一",
        "上飯田車庫"
    ],
    "weekday": [
        "19:54",
        "21:34"
    ],
    "saturday": [
        "20:09",
        "21:04"
    ],
    "holiday": [
        "20:09",
        "21:04"
    ],
    "url": "https://www.kanachu.co.jp/dia/diagram/timetable01_js/course:0000803147-3/node:00126891/kt:0/lname:/"
}
