{
    "date": "2024/09/02",
    "name": "ひなた山第二",
    "position": "-",
    "system": "瀬02",
    "destinations": [
        "ひなた山バザール前",
        "ひなた山第一",
        "上飯田車庫"
    ],
    "weekday": [
        "20:02",
        "21:42"
    ],
    "saturday": [
        "20:17",
        "21:12"
    ],
    "holiday": [
        "20:17",
        "21:12"
    ],
    "url": "https://www.kanachu.co.jp/dia/diagram/timetable01_js/course:0000803147-9/node:00126802/kt:0/lname:/"
}
