{
    "date": "2024/12/16",
    "name": "鶴川市民センター入口",
    "position": "-",
    "system": "桜24",
    "destinations": [
        "大蔵(鶴川郵便局前/町田市)",
        "井の花",
        "岩子山",
        "下堤(町田市)",
        "五反田(町田市)",
        "湯船(町田市)",
        "別所(町田市)",
        "中村(町田市小野路町)",
        "京王多摩車庫前",
        "南瓜生",
        "瓜生(多摩市)",
        "南貝取",
        "永山五丁目",
        "永山高校",
        "永山いちょう通り",
        "諏訪南公園",
        "諏訪幼稚園前",
        "諏訪二丁目(多摩市)",
        "永山駅",
        "消防署前(多摩市)",
        "諏訪下橋(多摩市)",
        "車橋",
        "新大栗橋",
        "聖蹟桜ヶ丘駅"
    ],
    "weekday": [
        "6:48",
        "7:32",
        "8:24",
        "9:02",
        "10:02",
        "11:02",
        "12:02",
        "13:02",
        "14:02",
        "15:02",
        "16:02",
        "17:02",
        "18:02",
        "19:02",
        "20:02",
        "20:56"
    ],
    "saturday": [
        "6:55",
        "8:02",
        "9:02",
        "10:02",
        "11:02",
        "12:02",
        "13:04",
        "14:01",
        "15:02",
        "16:02",
        "17:04",
        "18:02",
        "19:02",
        "19:55",
        "20:55"
    ],
    "holiday": [
        "6:55",
        "8:02",
        "9:02",
        "10:02",
        "11:02",
        "12:02",
        "13:04",
        "14:01",
        "15:02",
        "16:02",
        "17:04",
        "18:02",
        "19:02",
        "19:55",
        "20:55"
    ],
    "url": "https://www.kanachu.co.jp/dia/diagram/timetable01_js/course:0000803471-5/node:00129436/kt:0/lname:/"
}
