{
    "date": "2024/12/16",
    "name": "井の花",
    "position": "-",
    "system": "桜24",
    "destinations": [
        "岩子山",
        "下堤(町田市)",
        "五反田(町田市)",
        "湯船(町田市)",
        "別所(町田市)",
        "中村(町田市小野路町)",
        "京王多摩車庫前",
        "南瓜生",
        "瓜生(多摩市)",
        "南貝取",
        "永山五丁目",
        "永山高校",
        "永山いちょう通り",
        "諏訪南公園",
        "諏訪幼稚園前",
        "諏訪二丁目(多摩市)",
        "永山駅",
        "消防署前(多摩市)",
        "諏訪下橋(多摩市)",
        "車橋",
        "新大栗橋",
        "聖蹟桜ヶ丘駅"
    ],
    "weekday": [
        "6:50",
        "7:34",
        "8:26",
        "9:04",
        "10:04",
        "11:04",
        "12:04",
        "13:04",
        "14:04",
        "15:04",
        "16:04",
        "17:04",
        "18:04",
        "19:04",
        "20:04",
        "20:58"
    ],
    "saturday": [
        "6:57",
        "8:04",
        "9:04",
        "10:04",
        "11:04",
        "12:04",
        "13:06",
        "14:03",
        "15:04",
        "16:04",
        "17:06",
        "18:04",
        "19:04",
        "19:57",
        "20:57"
    ],
    "holiday": [
        "6:57",
        "8:04",
        "9:04",
        "10:04",
        "11:04",
        "12:04",
        "13:06",
        "14:03",
        "15:04",
        "16:04",
        "17:06",
        "18:04",
        "19:04",
        "19:57",
        "20:57"
    ],
    "url": "https://www.kanachu.co.jp/dia/diagram/timetable01_js/course:0000803471-7/node:00129473/kt:0/lname:/"
}
