{
    "date": "2024/12/16",
    "name": "岩子山",
    "position": "-",
    "system": "桜24",
    "destinations": [
        "下堤(町田市)",
        "五反田(町田市)",
        "湯船(町田市)",
        "別所(町田市)",
        "中村(町田市小野路町)",
        "京王多摩車庫前",
        "南瓜生",
        "瓜生(多摩市)",
        "南貝取",
        "永山五丁目",
        "永山高校",
        "永山いちょう通り",
        "諏訪南公園",
        "諏訪幼稚園前",
        "諏訪二丁目(多摩市)",
        "永山駅",
        "消防署前(多摩市)",
        "諏訪下橋(多摩市)",
        "車橋",
        "新大栗橋",
        "聖蹟桜ヶ丘駅"
    ],
    "weekday": [
        "6:52",
        "7:36",
        "8:28",
        "9:06",
        "10:06",
        "11:06",
        "12:06",
        "13:06",
        "14:06",
        "15:06",
        "16:06",
        "17:06",
        "18:06",
        "19:06",
        "20:06",
        "21:00"
    ],
    "saturday": [
        "6:59",
        "8:06",
        "9:06",
        "10:06",
        "11:06",
        "12:06",
        "13:08",
        "14:05",
        "15:06",
        "16:06",
        "17:08",
        "18:06",
        "19:06",
        "19:59",
        "20:59"
    ],
    "holiday": [
        "6:59",
        "8:06",
        "9:06",
        "10:06",
        "11:06",
        "12:06",
        "13:08",
        "14:05",
        "15:06",
        "16:06",
        "17:08",
        "18:06",
        "19:06",
        "19:59",
        "20:59"
    ],
    "url": "https://www.kanachu.co.jp/dia/diagram/timetable01_js/course:0000803471-8/node:00129474/kt:0/lname:/"
}
