{
    "date": "2024/12/16",
    "name": "中村(町田市小野路町)",
    "position": "-",
    "system": "桜24",
    "destinations": [
        "京王多摩車庫前",
        "南瓜生",
        "瓜生(多摩市)",
        "南貝取",
        "永山五丁目",
        "永山高校",
        "永山いちょう通り",
        "諏訪南公園",
        "諏訪幼稚園前",
        "諏訪二丁目(多摩市)",
        "永山駅",
        "消防署前(多摩市)",
        "諏訪下橋(多摩市)",
        "車橋",
        "新大栗橋",
        "聖蹟桜ヶ丘駅"
    ],
    "weekday": [
        "7:00",
        "7:44",
        "8:36",
        "9:14",
        "10:14",
        "11:14",
        "12:14",
        "13:14",
        "14:14",
        "15:14",
        "16:14",
        "17:14",
        "18:14",
        "19:14",
        "20:14",
        "21:08"
    ],
    "saturday": [
        "7:07",
        "8:14",
        "9:14",
        "10:14",
        "11:14",
        "12:14",
        "13:16",
        "14:13",
        "15:14",
        "16:14",
        "17:16",
        "18:14",
        "19:14",
        "20:07",
        "21:07"
    ],
    "holiday": [
        "7:07",
        "8:14",
        "9:14",
        "10:14",
        "11:14",
        "12:14",
        "13:16",
        "14:13",
        "15:14",
        "16:14",
        "17:16",
        "18:14",
        "19:14",
        "20:07",
        "21:07"
    ],
    "url": "https://www.kanachu.co.jp/dia/diagram/timetable01_js/course:0000803471-13/node:00130072/kt:0/lname:/"
}
