{
    "date": "2024/12/16",
    "name": "瓜生(多摩市)",
    "position": "-",
    "system": "桜24",
    "destinations": [
        "南貝取",
        "永山五丁目",
        "永山高校",
        "永山いちょう通り",
        "諏訪南公園",
        "諏訪幼稚園前",
        "諏訪二丁目(多摩市)",
        "永山駅",
        "消防署前(多摩市)",
        "諏訪下橋(多摩市)",
        "車橋",
        "新大栗橋",
        "聖蹟桜ヶ丘駅"
    ],
    "weekday": [
        "7:03",
        "7:47",
        "8:39",
        "9:17",
        "10:17",
        "11:17",
        "12:17",
        "13:17",
        "14:17",
        "15:17",
        "16:17",
        "17:17",
        "18:17",
        "19:17",
        "20:17",
        "21:11"
    ],
    "saturday": [
        "7:10",
        "8:17",
        "9:17",
        "10:17",
        "11:17",
        "12:17",
        "13:19",
        "14:16",
        "15:17",
        "16:17",
        "17:19",
        "18:17",
        "19:17",
        "20:10",
        "21:10"
    ],
    "holiday": [
        "7:10",
        "8:17",
        "9:17",
        "10:17",
        "11:17",
        "12:17",
        "13:19",
        "14:16",
        "15:17",
        "16:17",
        "17:19",
        "18:17",
        "19:17",
        "20:10",
        "21:10"
    ],
    "url": "https://www.kanachu.co.jp/dia/diagram/timetable01_js/course:0000803471-16/node:00020133/kt:0/lname:/"
}
