{
    "date": "2024/12/16",
    "name": "永山五丁目",
    "position": "-",
    "system": "桜24",
    "destinations": [
        "永山高校",
        "永山いちょう通り",
        "諏訪南公園",
        "諏訪幼稚園前",
        "諏訪二丁目(多摩市)",
        "永山駅",
        "消防署前(多摩市)",
        "諏訪下橋(多摩市)",
        "車橋",
        "新大栗橋",
        "聖蹟桜ヶ丘駅"
    ],
    "weekday": [
        "7:07",
        "7:51",
        "8:43",
        "9:21",
        "10:21",
        "11:21",
        "12:21",
        "13:21",
        "14:21",
        "15:21",
        "16:21",
        "17:21",
        "18:21",
        "19:21",
        "20:21",
        "21:15"
    ],
    "saturday": [
        "7:14",
        "8:21",
        "9:21",
        "10:21",
        "11:21",
        "12:21",
        "13:23",
        "14:20",
        "15:21",
        "16:21",
        "17:23",
        "18:21",
        "19:21",
        "20:14",
        "21:14"
    ],
    "holiday": [
        "7:14",
        "8:21",
        "9:21",
        "10:21",
        "11:21",
        "12:21",
        "13:23",
        "14:20",
        "15:21",
        "16:21",
        "17:23",
        "18:21",
        "19:21",
        "20:14",
        "21:14"
    ],
    "url": "https://www.kanachu.co.jp/dia/diagram/timetable01_js/course:0000803471-18/node:00020145/kt:0/lname:/"
}
