{
    "date": "2024/12/16",
    "name": "永山高校",
    "position": "-",
    "system": "桜24",
    "destinations": [
        "永山いちょう通り",
        "諏訪南公園",
        "諏訪幼稚園前",
        "諏訪二丁目(多摩市)",
        "永山駅",
        "消防署前(多摩市)",
        "諏訪下橋(多摩市)",
        "車橋",
        "新大栗橋",
        "聖蹟桜ヶ丘駅"
    ],
    "weekday": [
        "7:08",
        "7:52",
        "8:44",
        "9:22",
        "10:22",
        "11:22",
        "12:22",
        "13:22",
        "14:22",
        "15:22",
        "16:22",
        "17:22",
        "18:22",
        "19:22",
        "20:22",
        "21:16"
    ],
    "saturday": [
        "7:15",
        "8:22",
        "9:22",
        "10:22",
        "11:22",
        "12:22",
        "13:24",
        "14:21",
        "15:22",
        "16:22",
        "17:24",
        "18:22",
        "19:22",
        "20:15",
        "21:15"
    ],
    "holiday": [
        "7:15",
        "8:22",
        "9:22",
        "10:22",
        "11:22",
        "12:22",
        "13:24",
        "14:21",
        "15:22",
        "16:22",
        "17:24",
        "18:22",
        "19:22",
        "20:15",
        "21:15"
    ],
    "url": "https://www.kanachu.co.jp/dia/diagram/timetable01_js/course:0000803471-19/node:00020147/kt:0/lname:/"
}
