{
    "date": "2024/12/16",
    "name": "永山駅",
    "position": "-",
    "system": "桜24",
    "destinations": [
        "消防署前(多摩市)",
        "諏訪下橋(多摩市)",
        "車橋",
        "新大栗橋",
        "聖蹟桜ヶ丘駅"
    ],
    "weekday": [
        "7:16",
        "8:00",
        "8:52",
        "9:30",
        "10:30",
        "11:30",
        "12:30",
        "13:30",
        "14:30",
        "15:30",
        "16:30",
        "17:30",
        "18:30",
        "19:30",
        "20:30",
        "21:24"
    ],
    "saturday": [
        "7:23",
        "8:30",
        "9:30",
        "10:30",
        "11:30",
        "12:30",
        "13:32",
        "14:29",
        "15:30",
        "16:30",
        "17:32",
        "18:30",
        "19:30",
        "20:23",
        "21:23"
    ],
    "holiday": [
        "7:23",
        "8:30",
        "9:30",
        "10:30",
        "11:30",
        "12:30",
        "13:32",
        "14:29",
        "15:30",
        "16:30",
        "17:32",
        "18:30",
        "19:30",
        "20:23",
        "21:23"
    ],
    "url": "https://www.kanachu.co.jp/dia/diagram/timetable01_js/course:0000803471-24/node:00020143/kt:0/lname:/"
}
