{
    "date": "2026/01/16",
    "name": "長津田三丁目",
    "position": "-",
    "system": "津03",
    "destinations": [
        "堀の内(横浜市青葉区)",
        "杉山神社前(横浜市青葉区)",
        "中恩田橋",
        "苗万坂",
        "桂台遊水池前",
        "松風台(横浜市青葉区)",
        "椎木地蔵尊入口",
        "榎が丘小学校前",
        "榎が丘",
        "青葉台駅"
    ],
    "weekday": [
        "5:56",
        "6:46",
        "7:40",
        "8:26",
        "9:29",
        "15:49",
        "16:39",
        "17:29"
    ],
    "saturday": [
        "8:56"
    ],
    "holiday": [
        "8:56"
    ],
    "url": "https://www.kanachu.co.jp/dia/diagram/timetable01_js/course:0000804022-2/node:00130357/kt:0/lname:/"
}
