{
    "date": "2026/01/16",
    "name": "堀の内(横浜市青葉区)",
    "position": "-",
    "system": "津03",
    "destinations": [
        "杉山神社前(横浜市青葉区)",
        "中恩田橋",
        "苗万坂",
        "桂台遊水池前",
        "松風台(横浜市青葉区)",
        "椎木地蔵尊入口",
        "榎が丘小学校前",
        "榎が丘",
        "青葉台駅"
    ],
    "weekday": [
        "5:58",
        "6:48",
        "7:42",
        "8:28",
        "9:31",
        "15:51",
        "16:41",
        "17:31"
    ],
    "saturday": [
        "8:58"
    ],
    "holiday": [
        "8:58"
    ],
    "url": "https://www.kanachu.co.jp/dia/diagram/timetable01_js/course:0000804022-3/node:00019243/kt:0/lname:/"
}
