{
    "date": "2026/01/16",
    "name": "中恩田橋",
    "position": "-",
    "system": "津03",
    "destinations": [
        "苗万坂",
        "桂台遊水池前",
        "松風台(横浜市青葉区)",
        "椎木地蔵尊入口",
        "榎が丘小学校前",
        "榎が丘",
        "青葉台駅"
    ],
    "weekday": [
        "6:01",
        "6:51",
        "7:45",
        "8:31",
        "9:33",
        "15:53",
        "16:43",
        "17:33"
    ],
    "saturday": [
        "9:00"
    ],
    "holiday": [
        "9:00"
    ],
    "url": "https://www.kanachu.co.jp/dia/diagram/timetable01_js/course:0000804022-5/node:00019206/kt:0/lname:/"
}
