{
    "date": "2024/03/16",
    "name": "上之中央",
    "position": "-",
    "system": "港83",
    "destinations": [
        "犬山南",
        "犬山",
        "矢沢(横浜市栄区)",
        "桂山公園",
        "桂台中央"
    ],
    "weekday": [
        "6:45",
        "7:13",
        "7:38",
        "8:05",
        "8:35",
        "9:25",
        "9:57",
        "10:25",
        "10:57",
        "11:57",
        "12:25",
        "13:25",
        "14:25",
        "14:57",
        "15:25",
        "16:25",
        "16:55",
        "17:25",
        "17:55",
        "18:20",
        "18:43",
        "18:57",
        "19:20",
        "19:43",
        "19:57"
    ],
    "saturday": [],
    "holiday": [],
    "url": "https://www.kanachu.co.jp/dia/diagram/timetable01_js/course:0000800320-7/node:00126532/kt:0/lname:/"
}
