{
    "date": "2025/01/14",
    "name": "千頭",
    "position": "-",
    "system": "厚18",
    "destinations": [
        "及川",
        "穴口橋",
        "林(厚木市)",
        "戸室",
        "戸室神社下",
        "戸室住宅前",
        "合同庁舎前(厚木市)",
        "市役所入口(厚木市)",
        "本厚木駅"
    ],
    "weekday": [
        "6:57",
        "7:25",
        "7:44",
        "7:57",
        "8:42",
        "9:52",
        "10:52",
        "11:52",
        "12:52",
        "13:52",
        "14:52",
        "15:52",
        "16:52"
    ],
    "saturday": [
        "7:07",
        "8:12",
        "9:12",
        "10:12",
        "11:12",
        "12:12",
        "13:12",
        "14:12",
        "15:12",
        "16:12",
        "17:12",
        "18:12",
        "19:12"
    ],
    "holiday": [
        "8:07",
        "9:07",
        "10:07",
        "11:07",
        "12:07",
        "13:07",
        "14:07",
        "15:07",
        "16:07",
        "17:07",
        "18:07",
        "19:07"
    ],
    "url": "https://www.kanachu.co.jp/dia/diagram/timetable01_js/course:0000801078-11/node:00128402/kt:0/lname:/"
}
