{
    "date": "2025/11/16",
    "name": "駒返橋入口",
    "position": "-",
    "system": "平60",
    "destinations": [
        "田村団地入口",
        "鹿見堂",
        "ふじみ園前",
        "四ノ宮西町",
        "東真土",
        "稲荷前(平塚市)",
        "古河電工入口",
        "八幡公民館入口",
        "八幡(平塚市)",
        "八幡入口",
        "コンフォール平塚前",
        "市役所前(平塚市)",
        "四ツ角(平塚市)",
        "平塚駅北口"
    ],
    "weekday": [
        "5:34",
        "5:54",
        "6:18",
        "6:42",
        "6:54",
        "7:18",
        "7:42",
        "7:55",
        "8:25",
        "9:02",
        "9:42",
        "10:25",
        "10:49",
        "10:55",
        "11:25",
        "11:55",
        "12:25",
        "12:55",
        "13:25",
        "13:55",
        "14:10",
        "14:34",
        "14:58",
        "15:10",
        "15:34",
        "15:58",
        "16:10",
        "16:34",
        "16:58",
        "17:10",
        "17:40",
        "18:12",
        "18:42",
        "19:02",
        "19:37",
        "20:07"
    ],
    "saturday": [
        "6:02",
        "6:52",
        "7:12",
        "7:52",
        "8:12",
        "8:52",
        "9:12",
        "9:52",
        "10:12",
        "10:52",
        "11:12",
        "11:52",
        "12:12",
        "12:52",
        "13:12",
        "13:52",
        "14:12",
        "14:43",
        "14:52",
        "15:12",
        "15:52",
        "16:12",
        "16:52",
        "17:12",
        "17:23",
        "17:43",
        "17:52",
        "18:12",
        "18:52",
        "19:12",
        "19:52",
        "20:07"
    ],
    "holiday": [
        "6:02",
        "6:52",
        "7:12",
        "7:52",
        "8:12",
        "8:52",
        "9:12",
        "9:52",
        "10:12",
        "10:52",
        "11:12",
        "11:52",
        "12:12",
        "12:52",
        "13:12",
        "13:52",
        "14:12",
        "14:43",
        "14:52",
        "15:12",
        "15:52",
        "16:12",
        "16:52",
        "17:12",
        "17:23",
        "17:43",
        "17:52",
        "18:12",
        "18:52",
        "19:12",
        "19:52",
        "20:07"
    ],
    "url": "https://www.kanachu.co.jp/dia/diagram/timetable01_js/course:0000801545-2/node:00127653/kt:0/lname:/"
}
