{
    "date": "2025/11/16",
    "name": "東真土",
    "position": "-",
    "system": "平60",
    "destinations": [
        "稲荷前(平塚市)",
        "古河電工入口",
        "八幡公民館入口",
        "八幡(平塚市)",
        "八幡入口",
        "コンフォール平塚前",
        "市役所前(平塚市)",
        "四ツ角(平塚市)",
        "平塚駅北口"
    ],
    "weekday": [
        "5:40",
        "6:00",
        "6:24",
        "6:48",
        "7:00",
        "7:24",
        "7:48",
        "8:01",
        "8:31",
        "9:08",
        "9:48",
        "10:31",
        "10:55",
        "11:01",
        "11:31",
        "12:01",
        "12:31",
        "13:01",
        "13:31",
        "14:01",
        "14:16",
        "14:40",
        "15:04",
        "15:16",
        "15:40",
        "16:04",
        "16:16",
        "16:40",
        "17:04",
        "17:16",
        "17:46",
        "18:18",
        "18:48",
        "19:08",
        "19:43",
        "20:13"
    ],
    "saturday": [
        "6:08",
        "6:58",
        "7:18",
        "7:58",
        "8:18",
        "8:58",
        "9:18",
        "9:58",
        "10:18",
        "10:58",
        "11:18",
        "11:58",
        "12:18",
        "12:58",
        "13:18",
        "13:58",
        "14:18",
        "14:49",
        "14:58",
        "15:18",
        "15:58",
        "16:18",
        "16:58",
        "17:18",
        "17:29",
        "17:49",
        "17:58",
        "18:18",
        "18:58",
        "19:18",
        "19:58",
        "20:13"
    ],
    "holiday": [
        "6:08",
        "6:58",
        "7:18",
        "7:58",
        "8:18",
        "8:58",
        "9:18",
        "9:58",
        "10:18",
        "10:58",
        "11:18",
        "11:58",
        "12:18",
        "12:58",
        "13:18",
        "13:58",
        "14:18",
        "14:49",
        "14:58",
        "15:18",
        "15:58",
        "16:18",
        "16:58",
        "17:18",
        "17:29",
        "17:49",
        "17:58",
        "18:18",
        "18:58",
        "19:18",
        "19:58",
        "20:13"
    ],
    "url": "https://www.kanachu.co.jp/dia/diagram/timetable01_js/course:0000801545-7/node:00127628/kt:0/lname:/"
}
