{
    "date": "2025/11/16",
    "name": "八幡(平塚市)",
    "position": "-",
    "system": "平60",
    "destinations": [
        "八幡入口",
        "コンフォール平塚前",
        "市役所前(平塚市)",
        "四ツ角(平塚市)",
        "平塚駅北口"
    ],
    "weekday": [
        "5:44",
        "6:04",
        "6:28",
        "6:52",
        "7:05",
        "7:29",
        "7:53",
        "8:06",
        "8:36",
        "9:12",
        "9:52",
        "10:35",
        "10:59",
        "11:05",
        "11:35",
        "12:05",
        "12:35",
        "13:05",
        "13:35",
        "14:05",
        "14:20",
        "14:44",
        "15:08",
        "15:20",
        "15:44",
        "16:08",
        "16:20",
        "16:45",
        "17:09",
        "17:21",
        "17:51",
        "18:23",
        "18:53",
        "19:13",
        "19:47",
        "20:17"
    ],
    "saturday": [
        "6:12",
        "7:02",
        "7:22",
        "8:02",
        "8:22",
        "9:02",
        "9:22",
        "10:02",
        "10:22",
        "11:02",
        "11:22",
        "12:02",
        "12:22",
        "13:02",
        "13:22",
        "14:02",
        "14:22",
        "14:53",
        "15:02",
        "15:22",
        "16:02",
        "16:22",
        "17:02",
        "17:22",
        "17:33",
        "17:53",
        "18:02",
        "18:22",
        "19:02",
        "19:22",
        "20:02",
        "20:17"
    ],
    "holiday": [
        "6:12",
        "7:02",
        "7:22",
        "8:02",
        "8:22",
        "9:02",
        "9:22",
        "10:02",
        "10:22",
        "11:02",
        "11:22",
        "12:02",
        "12:22",
        "13:02",
        "13:22",
        "14:02",
        "14:22",
        "14:53",
        "15:02",
        "15:22",
        "16:02",
        "16:22",
        "17:02",
        "17:22",
        "17:33",
        "17:53",
        "18:02",
        "18:22",
        "19:02",
        "19:22",
        "20:02",
        "20:17"
    ],
    "url": "https://www.kanachu.co.jp/dia/diagram/timetable01_js/course:0000801545-11/node:00127646/kt:0/lname:/"
}
