{
    "date": "2025/11/16",
    "name": "コンフォール平塚前",
    "position": "-",
    "system": "平60",
    "destinations": [
        "市役所前(平塚市)",
        "四ツ角(平塚市)",
        "平塚駅北口"
    ],
    "weekday": [
        "5:46",
        "6:06",
        "6:30",
        "6:54",
        "7:07",
        "7:31",
        "7:55",
        "8:08",
        "8:38",
        "9:14",
        "9:54",
        "10:37",
        "11:01",
        "11:07",
        "11:37",
        "12:07",
        "12:37",
        "13:07",
        "13:37",
        "14:07",
        "14:22",
        "14:46",
        "15:10",
        "15:22",
        "15:46",
        "16:10",
        "16:22",
        "16:47",
        "17:11",
        "17:23",
        "17:53",
        "18:25",
        "18:55",
        "19:15",
        "19:49",
        "20:19"
    ],
    "saturday": [
        "6:13",
        "7:04",
        "7:24",
        "8:04",
        "8:24",
        "9:04",
        "9:24",
        "10:04",
        "10:24",
        "11:04",
        "11:24",
        "12:04",
        "12:24",
        "13:04",
        "13:24",
        "14:04",
        "14:24",
        "14:55",
        "15:04",
        "15:24",
        "16:04",
        "16:24",
        "17:04",
        "17:24",
        "17:35",
        "17:55",
        "18:04",
        "18:24",
        "19:04",
        "19:24",
        "20:03",
        "20:18"
    ],
    "holiday": [
        "6:13",
        "7:04",
        "7:24",
        "8:04",
        "8:24",
        "9:04",
        "9:24",
        "10:04",
        "10:24",
        "11:04",
        "11:24",
        "12:04",
        "12:24",
        "13:04",
        "13:24",
        "14:04",
        "14:24",
        "14:55",
        "15:04",
        "15:24",
        "16:04",
        "16:24",
        "17:04",
        "17:24",
        "17:35",
        "17:55",
        "18:04",
        "18:24",
        "19:04",
        "19:24",
        "20:03",
        "20:18"
    ],
    "url": "https://www.kanachu.co.jp/dia/diagram/timetable01_js/course:0000801545-13/node:00127644/kt:0/lname:/"
}
