{
    "date": "2025/03/15",
    "name": "長谷戸",
    "position": "-",
    "system": "茅03",
    "destinations": [
        "南長谷戸",
        "殿山公園前",
        "八幡神社前(茅ケ崎市)",
        "甘沼",
        "高田(茅ケ崎市)",
        "鶴が台入口",
        "ニュータウン入口(茅ケ崎市)",
        "神奈中営業所前",
        "前の田",
        "中央公園前(茅ケ崎市)",
        "茅ヶ崎駅"
    ],
    "weekday": [
        "6:04",
        "6:17",
        "6:30",
        "6:43",
        "7:12",
        "7:31",
        "7:57",
        "9:43"
    ],
    "saturday": [
        "6:29",
        "7:54",
        "8:21",
        "9:54",
        "11:54",
        "13:47",
        "14:47",
        "15:47",
        "16:47",
        "17:47"
    ],
    "holiday": [
        "6:29",
        "7:06",
        "8:21",
        "9:44",
        "10:44",
        "11:44",
        "12:44",
        "13:44",
        "14:44",
        "15:42",
        "16:42",
        "17:42"
    ],
    "url": "https://www.kanachu.co.jp/dia/diagram/timetable01_js/course:0000801509-9/node:00127144/kt:0/lname:/"
}
