{
    "date": "2025/03/15",
    "name": "殿山公園前",
    "position": "-",
    "system": "茅03",
    "destinations": [
        "八幡神社前(茅ケ崎市)",
        "甘沼",
        "高田(茅ケ崎市)",
        "鶴が台入口",
        "ニュータウン入口(茅ケ崎市)",
        "神奈中営業所前",
        "前の田",
        "中央公園前(茅ケ崎市)",
        "茅ヶ崎駅"
    ],
    "weekday": [
        "6:07",
        "6:20",
        "6:33",
        "6:46",
        "7:16",
        "7:35",
        "8:01",
        "9:47"
    ],
    "saturday": [
        "6:32",
        "7:57",
        "8:25",
        "9:58",
        "11:58",
        "13:51",
        "14:51",
        "15:51",
        "16:51",
        "17:51"
    ],
    "holiday": [
        "6:32",
        "7:09",
        "8:25",
        "9:48",
        "10:48",
        "11:48",
        "12:48",
        "13:48",
        "14:48",
        "15:46",
        "16:46",
        "17:46"
    ],
    "url": "https://www.kanachu.co.jp/dia/diagram/timetable01_js/course:0000801509-11/node:00127142/kt:0/lname:/"
}
