{
    "date": "2025/03/15",
    "name": "甘沼",
    "position": "-",
    "system": "茅03",
    "destinations": [
        "高田(茅ケ崎市)",
        "鶴が台入口",
        "ニュータウン入口(茅ケ崎市)",
        "神奈中営業所前",
        "前の田",
        "中央公園前(茅ケ崎市)",
        "茅ヶ崎駅"
    ],
    "weekday": [
        "6:09",
        "6:22",
        "6:35",
        "6:48",
        "7:18",
        "7:37",
        "8:03",
        "9:49"
    ],
    "saturday": [
        "6:34",
        "7:59",
        "8:27",
        "10:00",
        "12:00",
        "13:53",
        "14:53",
        "15:53",
        "16:53",
        "17:53"
    ],
    "holiday": [
        "6:34",
        "7:11",
        "8:27",
        "9:50",
        "10:50",
        "11:50",
        "12:50",
        "13:50",
        "14:50",
        "15:48",
        "16:48",
        "17:48"
    ],
    "url": "https://www.kanachu.co.jp/dia/diagram/timetable01_js/course:0000801509-13/node:00127141/kt:0/lname:/"
}
