{
    "date": "2025/03/15",
    "name": "鶴が台入口",
    "position": "-",
    "system": "茅03",
    "destinations": [
        "ニュータウン入口(茅ケ崎市)",
        "神奈中営業所前",
        "前の田",
        "中央公園前(茅ケ崎市)",
        "茅ヶ崎駅"
    ],
    "weekday": [
        "6:11",
        "6:24",
        "6:37",
        "6:50",
        "7:20",
        "7:39",
        "8:05",
        "9:51"
    ],
    "saturday": [
        "6:36",
        "8:01",
        "8:29",
        "10:02",
        "12:02",
        "13:55",
        "14:55",
        "15:55",
        "16:55",
        "17:55"
    ],
    "holiday": [
        "6:36",
        "7:13",
        "8:29",
        "9:52",
        "10:52",
        "11:52",
        "12:52",
        "13:52",
        "14:52",
        "15:50",
        "16:50",
        "17:50"
    ],
    "url": "https://www.kanachu.co.jp/dia/diagram/timetable01_js/course:0000801509-15/node:00127139/kt:0/lname:/"
}
