{
    "date": "2025/03/15",
    "name": "東海岸二丁目",
    "position": "-",
    "system": "辻10",
    "destinations": [
        "駐在所前(茅ケ崎市)",
        "東海岸北五丁目",
        "松が丘二丁目(茅ケ崎市)",
        "平和町",
        "浜須賀入口",
        "平和学園前(茅ケ崎市)",
        "富士見町(茅ケ崎市)",
        "東浜須賀",
        "茅ヶ崎学園入口",
        "のぞみ学園前",
        "辻堂団地",
        "高砂(藤沢市)",
        "久根下公園前",
        "辻堂駅南口"
    ],
    "weekday": [],
    "saturday": [
        "6:38",
        "7:38",
        "8:38",
        "9:38",
        "10:38",
        "11:38",
        "12:38",
        "13:38",
        "14:38",
        "15:38",
        "16:38",
        "17:38",
        "18:38",
        "19:38"
    ],
    "holiday": [
        "6:38",
        "7:38",
        "8:38",
        "9:38",
        "10:38",
        "11:38",
        "12:38",
        "13:38",
        "14:38",
        "15:38",
        "16:38",
        "17:38",
        "18:38",
        "19:38"
    ],
    "url": "https://www.kanachu.co.jp/dia/diagram/timetable01_js/course:0000803219-4/node:00127222/kt:0/lname:/"
}
