{
    "date": "2025/03/15",
    "name": "東浜須賀",
    "position": "-",
    "system": "辻10",
    "destinations": [
        "茅ヶ崎学園入口",
        "のぞみ学園前",
        "辻堂団地",
        "高砂(藤沢市)",
        "久根下公園前",
        "辻堂駅南口"
    ],
    "weekday": [],
    "saturday": [
        "6:46",
        "7:46",
        "8:46",
        "9:46",
        "10:46",
        "11:46",
        "12:46",
        "13:46",
        "14:46",
        "15:46",
        "16:46",
        "17:46",
        "18:46",
        "19:46"
    ],
    "holiday": [
        "6:46",
        "7:46",
        "8:46",
        "9:46",
        "10:46",
        "11:46",
        "12:46",
        "13:46",
        "14:46",
        "15:46",
        "16:46",
        "17:46",
        "18:46",
        "19:46"
    ],
    "url": "https://www.kanachu.co.jp/dia/diagram/timetable01_js/course:0000803219-12/node:00127230/kt:0/lname:/"
}
