{
    "date": "2024/03/16",
    "name": "鑓水(八王子市)",
    "position": "-",
    "system": "八77",
    "destinations": [
        "坂下(16号側/町田市)",
        "橋本本町",
        "香福寺前",
        "旭小学校前(相模原市緑区)",
        "旭農協前",
        "橋本駅北口"
    ],
    "weekday": [
        "7:41",
        "8:26",
        "8:56",
        "9:23",
        "10:10",
        "10:53",
        "11:38",
        "12:24",
        "13:09",
        "13:54",
        "14:39",
        "15:24",
        "16:09",
        "16:52",
        "17:41",
        "18:26",
        "19:11",
        "19:53",
        "20:38"
    ],
    "saturday": [
        "8:07",
        "8:52",
        "9:39",
        "10:24",
        "11:09",
        "11:54",
        "12:41",
        "13:26",
        "14:11",
        "14:56",
        "15:41",
        "16:26",
        "17:10",
        "17:54",
        "18:39",
        "19:22",
        "20:18"
    ],
    "holiday": [
        "8:07",
        "8:52",
        "9:39",
        "10:24",
        "11:09",
        "11:54",
        "12:41",
        "13:26",
        "14:11",
        "14:56",
        "15:41",
        "16:26",
        "17:10",
        "17:54",
        "18:39",
        "19:22",
        "20:18"
    ],
    "url": "https://www.kanachu.co.jp/dia/diagram/timetable01_js/course:0000800744-17/node:00130080/kt:0/lname:/"
}
