{
    "date": "2023/10/01",
    "name": "鶴間中前",
    "position": "-",
    "system": "",
    "destinations": [
        "南林間駅東口",
        "代官山",
        "つきみ野1丁目",
        "つきみ野2丁目南",
        "山谷(大和市)",
        "城山(大和市)",
        "二津屋",
        "下村",
        "上村(大和市)",
        "つきみ野メディカルセンター",
        "つきみ野駅",
        "つる舞の里歴史資料館",
        "つきみ野2号公園",
        "つきみ野8丁目",
        "つきみ野北農園",
        "つる舞の里歴史資料館",
        "つきみ野市営住宅前",
        "中央林間4丁目",
        "中央林間駅",
        "中央林間駅南"
    ],
    "weekday": [
        "7:56",
        "9:46",
        "11:31",
        "13:21",
        "15:06",
        "16:56",
        "18:41"
    ],
    "saturday": [
        "7:56",
        "9:46",
        "11:46",
        "13:36",
        "15:36",
        "17:26"
    ],
    "holiday": [
        "7:56",
        "9:46",
        "11:46",
        "13:36",
        "15:36",
        "17:26"
    ],
    "url": "https://www.kanachu.co.jp/dia/diagram/timetable01_js/course:0000803400-5/node:00130450/kt:0/lname:/"
}
