{
    "date": "2023/10/01",
    "name": "代官山",
    "position": "-",
    "system": "ー",
    "destinations": [
        "つきみ野1丁目",
        "つきみ野2丁目南",
        "山谷(大和市)",
        "城山(大和市)",
        "二津屋",
        "下村",
        "上村(大和市)",
        "つきみ野メディカルセンター",
        "つきみ野駅",
        "つる舞の里歴史資料館",
        "つきみ野2号公園",
        "つきみ野8丁目",
        "つきみ野北農園",
        "つる舞の里歴史資料館",
        "つきみ野市営住宅前",
        "中央林間4丁目",
        "中央林間駅",
        "中央林間駅南"
    ],
    "weekday": [
        "8:01",
        "9:51",
        "11:36",
        "13:26",
        "15:11",
        "17:01",
        "18:46"
    ],
    "saturday": [
        "8:01",
        "9:51",
        "11:51",
        "13:41",
        "15:41",
        "17:31"
    ],
    "holiday": [
        "8:01",
        "9:51",
        "11:51",
        "13:41",
        "15:41",
        "17:31"
    ],
    "url": "https://www.kanachu.co.jp/dia/diagram/timetable01_js/course:0000803400-7/node:00130451/kt:0/lname:/"
}
