{
    "date": "2023/10/01",
    "name": "つきみ野2丁目南",
    "position": "-",
    "system": "ー",
    "destinations": [
        "山谷(大和市)",
        "城山(大和市)",
        "二津屋",
        "下村",
        "上村(大和市)",
        "つきみ野メディカルセンター",
        "つきみ野駅",
        "つる舞の里歴史資料館",
        "つきみ野2号公園",
        "つきみ野8丁目",
        "つきみ野北農園",
        "つる舞の里歴史資料館",
        "つきみ野市営住宅前",
        "中央林間4丁目",
        "中央林間駅",
        "中央林間駅南"
    ],
    "weekday": [
        "8:05",
        "9:55",
        "11:40",
        "13:30",
        "15:15",
        "17:05",
        "18:50"
    ],
    "saturday": [
        "8:05",
        "9:55",
        "11:55",
        "13:45",
        "15:45",
        "17:35"
    ],
    "holiday": [
        "8:05",
        "9:55",
        "11:55",
        "13:45",
        "15:45",
        "17:35"
    ],
    "url": "https://www.kanachu.co.jp/dia/diagram/timetable01_js/course:0000803400-9/node:00130462/kt:0/lname:/"
}
