{
    "date": "2023/10/01",
    "name": "城山(大和市)",
    "position": "-",
    "system": "",
    "destinations": [
        "二津屋",
        "下村",
        "上村(大和市)",
        "つきみ野メディカルセンター",
        "つきみ野駅",
        "つる舞の里歴史資料館",
        "つきみ野2号公園",
        "つきみ野8丁目",
        "つきみ野北農園",
        "つる舞の里歴史資料館",
        "つきみ野市営住宅前",
        "中央林間4丁目",
        "中央林間駅",
        "中央林間駅南"
    ],
    "weekday": [
        "8:08",
        "9:58",
        "11:43",
        "13:33",
        "15:18",
        "17:08",
        "18:53"
    ],
    "saturday": [
        "8:08",
        "9:58",
        "11:58",
        "13:48",
        "15:48",
        "17:38"
    ],
    "holiday": [
        "8:08",
        "9:58",
        "11:58",
        "13:48",
        "15:48",
        "17:38"
    ],
    "url": "https://www.kanachu.co.jp/dia/diagram/timetable01_js/course:0000803400-11/node:00130445/kt:0/lname:/"
}
