{
    "date": "2023/10/01",
    "name": "下村",
    "position": "-",
    "system": "ー",
    "destinations": [
        "上村(大和市)",
        "つきみ野メディカルセンター",
        "つきみ野駅",
        "つる舞の里歴史資料館",
        "つきみ野2号公園",
        "つきみ野8丁目",
        "つきみ野北農園",
        "つる舞の里歴史資料館",
        "つきみ野市営住宅前",
        "中央林間4丁目",
        "中央林間駅",
        "中央林間駅南"
    ],
    "weekday": [
        "8:10",
        "10:00",
        "11:45",
        "13:35",
        "15:20",
        "17:10",
        "18:55"
    ],
    "saturday": [
        "8:10",
        "10:00",
        "12:00",
        "13:50",
        "15:50",
        "17:40"
    ],
    "holiday": [
        "8:10",
        "10:00",
        "12:00",
        "13:50",
        "15:50",
        "17:40"
    ],
    "url": "https://www.kanachu.co.jp/dia/diagram/timetable01_js/course:0000803400-13/node:00130443/kt:0/lname:/"
}
