{
    "date": "2023/10/01",
    "name": "上村(大和市)",
    "position": "-",
    "system": "ー",
    "destinations": [
        "つきみ野メディカルセンター",
        "つきみ野駅",
        "つる舞の里歴史資料館",
        "つきみ野2号公園",
        "つきみ野8丁目",
        "つきみ野北農園",
        "つる舞の里歴史資料館",
        "つきみ野市営住宅前",
        "中央林間4丁目",
        "中央林間駅",
        "中央林間駅南"
    ],
    "weekday": [
        "8:11",
        "10:01",
        "11:46",
        "13:36",
        "15:21",
        "17:11",
        "18:56"
    ],
    "saturday": [
        "8:11",
        "10:01",
        "12:01",
        "13:51",
        "15:51",
        "17:41"
    ],
    "holiday": [
        "8:11",
        "10:01",
        "12:01",
        "13:51",
        "15:51",
        "17:41"
    ],
    "url": "https://www.kanachu.co.jp/dia/diagram/timetable01_js/course:0000803400-14/node:00130442/kt:0/lname:/"
}
