{
    "date": "2023/10/01",
    "name": "つきみ野メディカルセンター",
    "position": "-",
    "system": "",
    "destinations": [
        "つきみ野駅",
        "つる舞の里歴史資料館",
        "つきみ野2号公園",
        "つきみ野8丁目",
        "つきみ野北農園",
        "つる舞の里歴史資料館",
        "つきみ野市営住宅前",
        "中央林間4丁目",
        "中央林間駅",
        "中央林間駅南"
    ],
    "weekday": [
        "8:13",
        "10:03",
        "11:48",
        "13:38",
        "15:23",
        "17:13",
        "18:58"
    ],
    "saturday": [
        "8:13",
        "10:03",
        "12:03",
        "13:53",
        "15:53",
        "17:43"
    ],
    "holiday": [
        "8:13",
        "10:03",
        "12:03",
        "13:53",
        "15:53",
        "17:43"
    ],
    "url": "https://www.kanachu.co.jp/dia/diagram/timetable01_js/course:0000803400-15/node:00130461/kt:0/lname:/"
}
