{
    "date": "2023/10/01",
    "name": "つきみ野駅",
    "position": "-",
    "system": "ー",
    "destinations": [
        "つる舞の里歴史資料館",
        "つきみ野2号公園",
        "つきみ野8丁目",
        "つきみ野北農園",
        "つる舞の里歴史資料館",
        "つきみ野市営住宅前",
        "中央林間4丁目",
        "中央林間駅",
        "中央林間駅南"
    ],
    "weekday": [
        "8:17",
        "10:07",
        "11:52",
        "13:42",
        "15:27",
        "17:17",
        "19:02"
    ],
    "saturday": [
        "8:17",
        "10:07",
        "12:07",
        "13:57",
        "15:57",
        "17:47"
    ],
    "holiday": [
        "8:17",
        "10:07",
        "12:07",
        "13:57",
        "15:57",
        "17:47"
    ],
    "url": "https://www.kanachu.co.jp/dia/diagram/timetable01_js/course:0000803400-16/node:00129604/kt:0/lname:/"
}
