{
    "date": "2023/10/01",
    "name": "つきみ野北農園",
    "position": "-",
    "system": "",
    "destinations": [
        "つる舞の里歴史資料館",
        "つきみ野市営住宅前",
        "中央林間4丁目",
        "中央林間駅",
        "中央林間駅南"
    ],
    "weekday": [
        "8:25",
        "10:15",
        "12:00",
        "13:50",
        "15:35",
        "17:25",
        "19:10"
    ],
    "saturday": [
        "8:25",
        "10:15",
        "12:15",
        "14:05",
        "16:05",
        "17:55"
    ],
    "holiday": [
        "8:25",
        "10:15",
        "12:15",
        "14:05",
        "16:05",
        "17:55"
    ],
    "url": "https://www.kanachu.co.jp/dia/diagram/timetable01_js/course:0000803400-20/node:00130460/kt:0/lname:/"
}
