{
    "date": "2023/10/01",
    "name": "つる舞の里歴史資料館",
    "position": "-",
    "system": "",
    "destinations": [
        "つきみ野市営住宅前",
        "中央林間4丁目",
        "中央林間駅",
        "中央林間駅南"
    ],
    "weekday": [
        "8:27",
        "10:17",
        "12:02",
        "13:52",
        "15:37",
        "17:27",
        "19:12"
    ],
    "saturday": [
        "8:27",
        "10:17",
        "12:17",
        "14:07",
        "16:07",
        "17:57"
    ],
    "holiday": [
        "8:27",
        "10:17",
        "12:17",
        "14:07",
        "16:07",
        "17:57"
    ],
    "url": "https://www.kanachu.co.jp/dia/diagram/timetable01_js/course:0000803400-21/node:00130439/kt:0/lname:/"
}
