{
    "date": "2023/10/01",
    "name": "つきみ野市営住宅前",
    "position": "-",
    "system": "ー",
    "destinations": [
        "中央林間4丁目",
        "中央林間駅",
        "中央林間駅南"
    ],
    "weekday": [
        "8:28",
        "10:18",
        "12:03",
        "13:53",
        "15:38",
        "17:28",
        "19:13"
    ],
    "saturday": [
        "8:28",
        "10:18",
        "12:18",
        "14:08",
        "16:08",
        "17:58"
    ],
    "holiday": [
        "8:28",
        "10:18",
        "12:18",
        "14:08",
        "16:08",
        "17:58"
    ],
    "url": "https://www.kanachu.co.jp/dia/diagram/timetable01_js/course:0000803400-22/node:00130456/kt:0/lname:/"
}
