{
    "date": "2023/10/01",
    "name": "中央林間4丁目",
    "position": "-",
    "system": "ー",
    "destinations": [
        "中央林間駅",
        "中央林間駅南"
    ],
    "weekday": [
        "8:31",
        "10:21",
        "12:06",
        "13:56",
        "15:41",
        "17:31",
        "19:16"
    ],
    "saturday": [
        "8:31",
        "10:21",
        "12:21",
        "14:11",
        "16:11",
        "18:01"
    ],
    "holiday": [
        "8:31",
        "10:21",
        "12:21",
        "14:11",
        "16:11",
        "18:01"
    ],
    "url": "https://www.kanachu.co.jp/dia/diagram/timetable01_js/course:0000803400-23/node:00130437/kt:0/lname:/"
}
