{
    "system": "ー",
    "busstops": [
        {
            "index": "1",
            "id": "00130414",
            "name": "市役所(大和市)",
            "lat": "35.487127",
            "lng": "139.457479"
        },
        {
            "index": "2",
            "id": "00129741",
            "name": "市立病院(大和市)",
            "lat": "35.486766",
            "lng": "139.458541"
        },
        {
            "index": "3",
            "id": "00129610",
            "name": "オークシティ前",
            "lat": "35.489774",
            "lng": "139.455854"
        },
        {
            "index": "4",
            "id": "00129524",
            "name": "鶴間二丁目",
            "lat": "35.491626",
            "lng": "139.455033"
        },
        {
            "index": "5",
            "id": "00130450",
            "name": "鶴間中前",
            "lat": "35.494892",
            "lng": "139.453587"
        },
        {
            "index": "6",
            "id": "00130412",
            "name": "南林間駅東口",
            "lat": "35.496312",
            "lng": "139.448183"
        },
        {
            "index": "7",
            "id": "00130451",
            "name": "代官山",
            "lat": "35.499127",
            "lng": "139.45123"
        },
        {
            "index": "8",
            "id": "00130452",
            "name": "つきみ野1丁目",
            "lat": "35.501911",
            "lng": "139.455583"
        },
        {
            "index": "9",
            "id": "00130462",
            "name": "つきみ野2丁目南",
            "lat": "35.503697",
            "lng": "139.461921"
        },
        {
            "index": "10",
            "id": "00130446",
            "name": "山谷(大和市)",
            "lat": "35.507708",
            "lng": "139.463801"
        },
        {
            "index": "11",
            "id": "00130445",
            "name": "城山(大和市)",
            "lat": "35.509538",
            "lng": "139.463844"
        },
        {
            "index": "12",
            "id": "00130444",
            "name": "二津屋",
            "lat": "35.512221",
            "lng": "139.463608"
        },
        {
            "index": "13",
            "id": "00130443",
            "name": "下村",
            "lat": "35.515317",
            "lng": "139.463292"
        },
        {
            "index": "14",
            "id": "00130442",
            "name": "上村(大和市)",
            "lat": "35.514778",
            "lng": "139.460518"
        },
        {
            "index": "15",
            "id": "00130461",
            "name": "つきみ野メディカルセンター",
            "lat": "35.51261",
            "lng": "139.458641"
        },
        {
            "index": "16",
            "id": "00129604",
            "name": "つきみ野駅",
            "lat": "35.510649",
            "lng": "139.457654"
        },
        {
            "index": "17",
            "id": "00130439",
            "name": "つる舞の里歴史資料館",
            "lat": "35.513431",
            "lng": "139.454052"
        },
        {
            "index": "18",
            "id": "00130441",
            "name": "つきみ野2号公園",
            "lat": "35.516797",
            "lng": "139.45388"
        },
        {
            "index": "19",
            "id": "00130440",
            "name": "つきみ野8丁目",
            "lat": "35.516121",
            "lng": "139.452646"
        },
        {
            "index": "20",
            "id": "00130460",
            "name": "つきみ野北農園",
            "lat": "35.513485",
            "lng": "139.451721"
        },
        {
            "index": "21",
            "id": "00130439",
            "name": "つる舞の里歴史資料館",
            "lat": "35.513431",
            "lng": "139.454052"
        },
        {
            "index": "22",
            "id": "00130456",
            "name": "つきみ野市営住宅前",
            "lat": "35.510948",
            "lng": "139.453998"
        },
        {
            "index": "23",
            "id": "00130437",
            "name": "中央林間4丁目",
            "lat": "35.507944",
            "lng": "139.44788"
        },
        {
            "index": "24",
            "id": "00130458",
            "name": "中央林間駅",
            "lat": "35.507228",
            "lng": "139.445366"
        },
        {
            "index": "25",
            "id": "00130413",
            "name": "中央林間駅南",
            "lat": "35.506911",
            "lng": "139.446166"
        }
    ],
    "route_url": "https://www.kanachu.co.jp/dia/route/index/cid:0000803400/"
}
