{
    "date": "2025/10/20",
    "name": "観性寺前",
    "position": "-",
    "system": "成05",
    "destinations": [
        "昭和薬科大学入口",
        "昭和薬科大学",
        "昭和薬科大学入口",
        "成瀬台入口",
        "ポプラヶ丘前",
        "成瀬台二丁目",
        "野村住宅中央",
        "成瀬台"
    ],
    "weekday": [
        "8:40"
    ],
    "saturday": [],
    "holiday": [],
    "url": "https://www.kanachu.co.jp/dia/diagram/timetable01_js/course:0000801873-5/node:00129559/kt:0/lname:/"
}
