{
    "date": "2025/04/01",
    "name": "平塚駅北口",
    "position": "-",
    "system": "平67",
    "destinations": [
        "四ツ角(平塚市)",
        "市役所前(平塚市)",
        "コンフォール平塚前",
        "八幡入口",
        "八幡(平塚市)",
        "八幡公民館入口",
        "古河電工入口",
        "西八幡(平塚市)",
        "神明中学校入口",
        "南真土",
        "大野農協前",
        "市場前(平塚市)",
        "坂口(平塚市)",
        "今里(平塚市)",
        "横内団地前",
        "横内下",
        "横内公民館入口",
        "横内四ツ角",
        "田村車庫"
    ],
    "weekday": [
        "7:13",
        "7:42",
        "8:13",
        "8:33",
        "8:54",
        "9:03",
        "9:23",
        "9:32",
        "9:52",
        "10:12",
        "10:32",
        "10:53",
        "11:12",
        "11:32",
        "11:53",
        "12:13",
        "12:32",
        "12:52",
        "13:13",
        "13:33",
        "13:53",
        "14:13",
        "14:33",
        "14:53",
        "15:12",
        "15:32",
        "15:53",
        "16:12",
        "16:32",
        "16:53",
        "17:12",
        "17:32",
        "17:52",
        "18:12",
        "18:32",
        "18:53",
        "19:12",
        "19:32",
        "19:53",
        "20:12",
        "20:32",
        "20:53",
        "21:12",
        "21:42",
        "22:13",
        "22:44"
    ],
    "saturday": [
        "7:46",
        "8:18",
        "8:53",
        "9:22",
        "9:52",
        "10:22",
        "10:52",
        "11:07",
        "11:22",
        "11:52",
        "12:22",
        "12:32",
        "12:52",
        "13:02",
        "13:22",
        "13:52",
        "14:22",
        "14:52",
        "15:13",
        "15:32",
        "15:52",
        "16:13",
        "16:32",
        "16:52",
        "17:13",
        "17:32",
        "17:52",
        "18:13",
        "18:32",
        "18:52",
        "19:13",
        "19:32",
        "19:53",
        "20:12",
        "20:42",
        "21:12",
        "21:42",
        "22:13"
    ],
    "holiday": [
        "7:46",
        "8:18",
        "8:53",
        "9:22",
        "9:52",
        "10:22",
        "10:52",
        "11:07",
        "11:22",
        "11:52",
        "12:22",
        "12:32",
        "12:52",
        "13:02",
        "13:22",
        "13:52",
        "14:22",
        "14:52",
        "15:13",
        "15:32",
        "15:52",
        "16:13",
        "16:32",
        "16:52",
        "17:13",
        "17:32",
        "17:52",
        "18:13",
        "18:32",
        "18:52",
        "19:13",
        "19:32",
        "19:53",
        "20:12",
        "20:42",
        "21:12",
        "21:42",
        "22:13"
    ],
    "url": "https://www.kanachu.co.jp/dia/diagram/timetable01_js/course:0000803716-1/node:00127464/kt:0/lname:/"
}
