{
    "date": "2025/04/01",
    "name": "八幡(平塚市)",
    "position": "-",
    "system": "平67",
    "destinations": [
        "八幡公民館入口",
        "古河電工入口",
        "西八幡(平塚市)",
        "神明中学校入口",
        "南真土",
        "大野農協前",
        "市場前(平塚市)",
        "坂口(平塚市)",
        "今里(平塚市)",
        "横内団地前",
        "横内下",
        "横内公民館入口",
        "横内四ツ角",
        "田村車庫"
    ],
    "weekday": [
        "7:18",
        "7:47",
        "8:18",
        "8:38",
        "8:59",
        "9:08",
        "9:28",
        "9:37",
        "9:57",
        "10:17",
        "10:37",
        "10:58",
        "11:17",
        "11:37",
        "11:58",
        "12:18",
        "12:37",
        "12:57",
        "13:18",
        "13:38",
        "13:58",
        "14:18",
        "14:38",
        "14:58",
        "15:17",
        "15:37",
        "15:58",
        "16:17",
        "16:37",
        "16:58",
        "17:17",
        "17:37",
        "17:57",
        "18:17",
        "18:37",
        "18:58",
        "19:17",
        "19:37",
        "19:58",
        "20:17",
        "20:37",
        "20:58",
        "21:17",
        "21:47",
        "22:18",
        "22:49"
    ],
    "saturday": [
        "7:51",
        "8:23",
        "8:58",
        "9:27",
        "9:57",
        "10:27",
        "10:57",
        "11:12",
        "11:27",
        "11:57",
        "12:27",
        "12:37",
        "12:57",
        "13:07",
        "13:27",
        "13:57",
        "14:27",
        "14:57",
        "15:18",
        "15:37",
        "15:57",
        "16:18",
        "16:37",
        "16:57",
        "17:18",
        "17:37",
        "17:57",
        "18:18",
        "18:37",
        "18:57",
        "19:18",
        "19:37",
        "19:58",
        "20:17",
        "20:47",
        "21:17",
        "21:47",
        "22:18"
    ],
    "holiday": [
        "7:51",
        "8:23",
        "8:58",
        "9:27",
        "9:57",
        "10:27",
        "10:57",
        "11:12",
        "11:27",
        "11:57",
        "12:27",
        "12:37",
        "12:57",
        "13:07",
        "13:27",
        "13:57",
        "14:27",
        "14:57",
        "15:18",
        "15:37",
        "15:57",
        "16:18",
        "16:37",
        "16:57",
        "17:18",
        "17:37",
        "17:57",
        "18:18",
        "18:37",
        "18:57",
        "19:18",
        "19:37",
        "19:58",
        "20:17",
        "20:47",
        "21:17",
        "21:47",
        "22:18"
    ],
    "url": "https://www.kanachu.co.jp/dia/diagram/timetable01_js/course:0000803716-6/node:00127646/kt:0/lname:/"
}
