{
    "date": "2025/04/01",
    "name": "南真土",
    "position": "-",
    "system": "平67",
    "destinations": [
        "大野農協前",
        "市場前(平塚市)",
        "坂口(平塚市)",
        "今里(平塚市)",
        "横内団地前",
        "横内下",
        "横内公民館入口",
        "横内四ツ角",
        "田村車庫"
    ],
    "weekday": [
        "7:23",
        "7:52",
        "8:23",
        "8:43",
        "9:04",
        "9:13",
        "9:33",
        "9:42",
        "10:02",
        "10:22",
        "10:42",
        "11:03",
        "11:22",
        "11:42",
        "12:03",
        "12:23",
        "12:42",
        "13:02",
        "13:23",
        "13:43",
        "14:03",
        "14:23",
        "14:43",
        "15:03",
        "15:22",
        "15:42",
        "16:03",
        "16:22",
        "16:42",
        "17:03",
        "17:22",
        "17:42",
        "18:02",
        "18:22",
        "18:42",
        "19:03",
        "19:22",
        "19:42",
        "20:03",
        "20:22",
        "20:42",
        "21:03",
        "21:22",
        "21:52",
        "22:23",
        "22:54"
    ],
    "saturday": [
        "7:56",
        "8:28",
        "9:03",
        "9:32",
        "10:02",
        "10:32",
        "11:02",
        "11:17",
        "11:32",
        "12:02",
        "12:32",
        "12:42",
        "13:02",
        "13:12",
        "13:32",
        "14:02",
        "14:32",
        "15:02",
        "15:23",
        "15:42",
        "16:02",
        "16:23",
        "16:42",
        "17:02",
        "17:23",
        "17:42",
        "18:02",
        "18:23",
        "18:42",
        "19:02",
        "19:23",
        "19:42",
        "20:03",
        "20:22",
        "20:52",
        "21:22",
        "21:52",
        "22:23"
    ],
    "holiday": [
        "7:56",
        "8:28",
        "9:03",
        "9:32",
        "10:02",
        "10:32",
        "11:02",
        "11:17",
        "11:32",
        "12:02",
        "12:32",
        "12:42",
        "13:02",
        "13:12",
        "13:32",
        "14:02",
        "14:32",
        "15:02",
        "15:23",
        "15:42",
        "16:02",
        "16:23",
        "16:42",
        "17:02",
        "17:23",
        "17:42",
        "18:02",
        "18:23",
        "18:42",
        "19:02",
        "19:23",
        "19:42",
        "20:03",
        "20:22",
        "20:52",
        "21:22",
        "21:52",
        "22:23"
    ],
    "url": "https://www.kanachu.co.jp/dia/diagram/timetable01_js/course:0000803716-11/node:00127643/kt:0/lname:/"
}
