{
    "date": "2025/04/01",
    "name": "横内四ツ角",
    "position": "-",
    "system": "平67",
    "destinations": [
        "田村車庫"
    ],
    "weekday": [
        "7:32",
        "8:01",
        "8:32",
        "8:52",
        "9:13",
        "9:22",
        "9:42",
        "9:51",
        "10:11",
        "10:31",
        "10:51",
        "11:12",
        "11:31",
        "11:51",
        "12:12",
        "12:32",
        "12:51",
        "13:11",
        "13:32",
        "13:52",
        "14:12",
        "14:32",
        "14:52",
        "15:12",
        "15:31",
        "15:51",
        "16:12",
        "16:31",
        "16:51",
        "17:12",
        "17:31",
        "17:51",
        "18:11",
        "18:31",
        "18:51",
        "19:12",
        "19:31",
        "19:51",
        "20:12",
        "20:31",
        "20:51",
        "21:12",
        "21:31",
        "22:01",
        "22:32",
        "23:03"
    ],
    "saturday": [
        "8:05",
        "8:37",
        "9:12",
        "9:41",
        "10:11",
        "10:41",
        "11:11",
        "11:26",
        "11:41",
        "12:11",
        "12:41",
        "12:51",
        "13:11",
        "13:21",
        "13:41",
        "14:11",
        "14:41",
        "15:11",
        "15:32",
        "15:51",
        "16:11",
        "16:32",
        "16:51",
        "17:11",
        "17:32",
        "17:51",
        "18:11",
        "18:32",
        "18:51",
        "19:11",
        "19:32",
        "19:51",
        "20:12",
        "20:31",
        "21:01",
        "21:31",
        "22:01",
        "22:32"
    ],
    "holiday": [
        "8:05",
        "8:37",
        "9:12",
        "9:41",
        "10:11",
        "10:41",
        "11:11",
        "11:26",
        "11:41",
        "12:11",
        "12:41",
        "12:51",
        "13:11",
        "13:21",
        "13:41",
        "14:11",
        "14:41",
        "15:11",
        "15:32",
        "15:51",
        "16:11",
        "16:32",
        "16:51",
        "17:11",
        "17:32",
        "17:51",
        "18:11",
        "18:32",
        "18:51",
        "19:11",
        "19:32",
        "19:51",
        "20:12",
        "20:31",
        "21:01",
        "21:31",
        "22:01",
        "22:32"
    ],
    "url": "https://www.kanachu.co.jp/dia/diagram/timetable01_js/course:0000803716-19/node:00127616/kt:0/lname:/"
}
