{
    "date": "2024/09/02",
    "name": "皇谷台団地",
    "position": "-",
    "system": "戸73",
    "destinations": [
        "東電前(横浜市戸塚区)",
        "八坂神社前",
        "消防署前(横浜市戸塚区)",
        "戸塚駅西口",
        "戸塚バスセンター"
    ],
    "weekday": [
        "6:51",
        "7:06",
        "7:21",
        "7:28",
        "7:42",
        "8:00",
        "8:09",
        "8:26",
        "8:33",
        "8:49",
        "8:55"
    ],
    "saturday": [],
    "holiday": [],
    "url": "https://www.kanachu.co.jp/dia/diagram/timetable01_js/course:0000803590-9/node:00126839/kt:0/lname:/"
}
