{
    "date": "2024/03/16",
    "name": "木曽住宅",
    "position": "-",
    "system": "町60",
    "destinations": [
        "滝の沢(町田市)",
        "浄水場前(町田市)",
        "市民病院前(町田市)",
        "森野三丁目",
        "保健所入口",
        "森野一丁目",
        "町田バスセンター",
        "町田ターミナル"
    ],
    "weekday": [
        "9:22",
        "10:22",
        "11:22",
        "12:22",
        "13:22",
        "14:22",
        "15:22",
        "16:22",
        "17:26",
        "18:26",
        "19:23",
        "20:13"
    ],
    "saturday": [
        "9:21",
        "10:22",
        "11:22",
        "12:22",
        "13:22",
        "14:25",
        "15:25",
        "16:25",
        "17:25",
        "18:25",
        "19:21",
        "20:25"
    ],
    "holiday": [
        "10:22",
        "11:22",
        "12:22",
        "13:22",
        "14:25",
        "15:25",
        "16:25",
        "17:25",
        "18:25",
        "19:21"
    ],
    "url": "https://www.kanachu.co.jp/dia/diagram/timetable01_js/course:0000803194-30/node:00129362/kt:0/lname:/"
}
