{
    "date": "2024/03/16",
    "name": "森野一丁目",
    "position": "-",
    "system": "町60",
    "destinations": [
        "町田バスセンター",
        "町田ターミナル"
    ],
    "weekday": [
        "9:29",
        "10:29",
        "11:29",
        "12:29",
        "13:29",
        "14:29",
        "15:29",
        "16:29",
        "17:33",
        "18:33",
        "19:30",
        "20:20"
    ],
    "saturday": [
        "9:27",
        "10:28",
        "11:28",
        "12:28",
        "13:28",
        "14:32",
        "15:32",
        "16:32",
        "17:32",
        "18:32",
        "19:28",
        "20:32"
    ],
    "holiday": [
        "10:28",
        "11:28",
        "12:28",
        "13:28",
        "14:32",
        "15:32",
        "16:32",
        "17:32",
        "18:32",
        "19:28"
    ],
    "url": "https://www.kanachu.co.jp/dia/diagram/timetable01_js/course:0000803194-36/node:00129522/kt:0/lname:/"
}
