{
    "date": "2024/03/16",
    "name": "橋本駅北口",
    "position": "-",
    "system": "橋80",
    "destinations": [
        "旭農協前",
        "寿町(相模原市緑区)",
        "寿橋",
        "久保ヶ谷戸",
        "三ツ目(町田市)",
        "堂の前(町田市)",
        "田端(町田市)",
        "坂本橋(町田市)",
        "片所",
        "御嶽堂",
        "沼入口(町田市)",
        "多摩境通り北",
        "神奈中多摩車庫"
    ],
    "weekday": [
        "19:00",
        "19:57",
        "21:00"
    ],
    "saturday": [
        "20:05"
    ],
    "holiday": [],
    "url": "https://www.kanachu.co.jp/dia/diagram/timetable01_js/course:0000802974-1/node:00128969/kt:0/lname:/"
}
