{
    "date": "2024/03/16",
    "name": "久保ヶ谷戸",
    "position": "-",
    "system": "橋80",
    "destinations": [
        "三ツ目(町田市)",
        "堂の前(町田市)",
        "田端(町田市)",
        "坂本橋(町田市)",
        "片所",
        "御嶽堂",
        "沼入口(町田市)",
        "多摩境通り北",
        "神奈中多摩車庫"
    ],
    "weekday": [
        "19:03",
        "20:00",
        "21:03"
    ],
    "saturday": [
        "20:08"
    ],
    "holiday": [],
    "url": "https://www.kanachu.co.jp/dia/diagram/timetable01_js/course:0000802974-5/node:00128992/kt:0/lname:/"
}
