{
    "system": "橋80",
    "busstops": [
        {
            "index": "1",
            "id": "00128969",
            "name": "橋本駅北口",
            "lat": "35.595491",
            "lng": "139.344368"
        },
        {
            "index": "2",
            "id": "00020098",
            "name": "旭農協前",
            "lat": "35.597185",
            "lng": "139.34619"
        },
        {
            "index": "3",
            "id": "00128991",
            "name": "寿町(相模原市緑区)",
            "lat": "35.599163",
            "lng": "139.347471"
        },
        {
            "index": "4",
            "id": "00130222",
            "name": "寿橋",
            "lat": "35.601847",
            "lng": "139.348319"
        },
        {
            "index": "5",
            "id": "00128992",
            "name": "久保ヶ谷戸",
            "lat": "35.60275",
            "lng": "139.349295"
        },
        {
            "index": "6",
            "id": "00130087",
            "name": "三ツ目(町田市)",
            "lat": "35.601854",
            "lng": "139.35201"
        },
        {
            "index": "7",
            "id": "00130088",
            "name": "堂の前(町田市)",
            "lat": "35.600893",
            "lng": "139.354745"
        },
        {
            "index": "8",
            "id": "00130089",
            "name": "田端(町田市)",
            "lat": "35.600355",
            "lng": "139.360391"
        },
        {
            "index": "9",
            "id": "00130090",
            "name": "坂本橋(町田市)",
            "lat": "35.598432",
            "lng": "139.365254"
        },
        {
            "index": "10",
            "id": "00130091",
            "name": "片所",
            "lat": "35.597172",
            "lng": "139.368175"
        },
        {
            "index": "11",
            "id": "00130092",
            "name": "御嶽堂",
            "lat": "35.595854",
            "lng": "139.371359"
        },
        {
            "index": "12",
            "id": "00020533",
            "name": "沼入口(町田市)",
            "lat": "35.596255",
            "lng": "139.376082"
        },
        {
            "index": "13",
            "id": "00130132",
            "name": "多摩境通り北",
            "lat": "35.599786",
            "lng": "139.381948"
        },
        {
            "index": "14",
            "id": "00130122",
            "name": "神奈中多摩車庫",
            "lat": "35.602234",
            "lng": "139.383671"
        }
    ],
    "route_url": "https://www.kanachu.co.jp/dia/route/index/cid:0000802974/"
}
