{
    "date": "2025/11/16",
    "name": "伊勢原駅北口",
    "position": "-",
    "system": "伊43",
    "destinations": [
        "本町(伊勢原市)",
        "中央公民館前(伊勢原市)",
        "関台",
        "団地南(伊勢原市)",
        "団地西(伊勢原市)",
        "鈴川会館前",
        "伊勢原車庫"
    ],
    "weekday": [
        "19:05",
        "20:25"
    ],
    "saturday": [
        "19:30",
        "20:13"
    ],
    "holiday": [
        "19:30",
        "20:13"
    ],
    "url": "https://www.kanachu.co.jp/dia/diagram/timetable01_js/course:0000800486-1/node:00128127/kt:0/lname:/"
}
