{
    "date": "2025/01/14",
    "name": "厚木バスセンター",
    "position": "-",
    "system": "厚01",
    "destinations": [
        "本厚木駅",
        "あつぎ大通り",
        "市役所入口(厚木市)",
        "税務署入口(厚木市)",
        "市立病院前(厚木市)",
        "木売場",
        "三家入口(厚木市)",
        "妻田",
        "中村入口(厚木市)",
        "妻田薬師",
        "松蓮寺",
        "糀屋前(厚木市)",
        "宿原入口",
        "荻野新宿",
        "子合",
        "桝割",
        "公所(厚木市)",
        "稲荷木",
        "鳶尾山前",
        "荻野神社入口",
        "東谷戸入口",
        "久保(厚木市)",
        "泉(厚木市)",
        "源氏河原",
        "相州病院",
        "新道橋(厚木市)",
        "上荻野",
        "上荻野車庫前",
        "平山坂上",
        "半僧坊前",
        "清雲寺入口",
        "細野橋",
        "原臼",
        "野外センター前",
        "馬場(愛甲郡愛川町)",
        "愛川大橋",
        "川北(愛甲郡愛川町)",
        "半原"
    ],
    "weekday": [
        "10:00",
        "11:00",
        "12:00",
        "13:00",
        "14:00",
        "15:00",
        "16:00",
        "16:40",
        "17:15",
        "17:45",
        "18:15",
        "18:45",
        "19:23"
    ],
    "saturday": [
        "10:15",
        "11:15",
        "12:15",
        "13:15",
        "14:15",
        "15:15",
        "16:15",
        "17:15",
        "18:15",
        "19:17"
    ],
    "holiday": [
        "10:15",
        "11:15",
        "12:15",
        "13:15",
        "14:15",
        "15:15",
        "16:15",
        "17:15",
        "18:15",
        "19:17"
    ],
    "url": "https://www.kanachu.co.jp/dia/diagram/timetable01_js/course:0000800129-1/node:00128256/kt:0/lname:/"
}
