{
    "date": "2025/01/14",
    "name": "桝割",
    "position": "-",
    "system": "厚01",
    "destinations": [
        "公所(厚木市)",
        "稲荷木",
        "鳶尾山前",
        "荻野神社入口",
        "東谷戸入口",
        "久保(厚木市)",
        "泉(厚木市)",
        "源氏河原",
        "相州病院",
        "新道橋(厚木市)",
        "上荻野",
        "上荻野車庫前",
        "平山坂上",
        "半僧坊前",
        "清雲寺入口",
        "細野橋",
        "原臼",
        "野外センター前",
        "馬場(愛甲郡愛川町)",
        "愛川大橋",
        "川北(愛甲郡愛川町)",
        "半原"
    ],
    "weekday": [
        "10:21",
        "11:21",
        "12:21",
        "13:21",
        "14:21",
        "15:21",
        "16:22",
        "17:02",
        "17:37",
        "18:07",
        "18:37",
        "19:07",
        "19:42"
    ],
    "saturday": [
        "10:36",
        "11:36",
        "12:36",
        "13:36",
        "14:36",
        "15:37",
        "16:37",
        "17:37",
        "18:37",
        "19:35"
    ],
    "holiday": [
        "10:36",
        "11:36",
        "12:36",
        "13:36",
        "14:36",
        "15:36",
        "16:36",
        "17:36",
        "18:36",
        "19:35"
    ],
    "url": "https://www.kanachu.co.jp/dia/diagram/timetable01_js/course:0000800129-17/node:00128270/kt:0/lname:/"
}
