{
    "date": "2025/01/14",
    "name": "清雲寺入口",
    "position": "-",
    "system": "厚01",
    "destinations": [
        "細野橋",
        "原臼",
        "野外センター前",
        "馬場(愛甲郡愛川町)",
        "愛川大橋",
        "川北(愛甲郡愛川町)",
        "半原"
    ],
    "weekday": [
        "10:35",
        "11:35",
        "12:35",
        "13:35",
        "14:35",
        "15:35",
        "16:36",
        "17:16",
        "17:51",
        "18:21",
        "18:51",
        "19:21",
        "19:56"
    ],
    "saturday": [
        "10:50",
        "11:50",
        "12:50",
        "13:50",
        "14:50",
        "15:51",
        "16:51",
        "17:51",
        "18:51",
        "19:49"
    ],
    "holiday": [
        "10:50",
        "11:50",
        "12:50",
        "13:50",
        "14:50",
        "15:50",
        "16:50",
        "17:50",
        "18:50",
        "19:49"
    ],
    "url": "https://www.kanachu.co.jp/dia/diagram/timetable01_js/course:0000800129-32/node:00128296/kt:0/lname:/"
}
