{
    "date": "2025/01/14",
    "name": "野外センター前",
    "position": "-",
    "system": "厚01",
    "destinations": [
        "馬場(愛甲郡愛川町)",
        "愛川大橋",
        "川北(愛甲郡愛川町)",
        "半原"
    ],
    "weekday": [
        "10:40",
        "11:40",
        "12:40",
        "13:40",
        "14:40",
        "15:40",
        "16:41",
        "17:21",
        "17:56",
        "18:26",
        "18:56",
        "19:26",
        "20:01"
    ],
    "saturday": [
        "10:55",
        "11:55",
        "12:55",
        "13:55",
        "14:55",
        "15:56",
        "16:56",
        "17:56",
        "18:56",
        "19:54"
    ],
    "holiday": [
        "10:55",
        "11:55",
        "12:55",
        "13:55",
        "14:55",
        "15:55",
        "16:55",
        "17:55",
        "18:55",
        "19:54"
    ],
    "url": "https://www.kanachu.co.jp/dia/diagram/timetable01_js/course:0000800129-35/node:00128299/kt:0/lname:/"
}
