{
    "date": "2025/05/11",
    "name": "日野小学校前(横浜市港南区)",
    "position": "-",
    "system": "",
    "destinations": [
        "日野(横浜市港南区)",
        "清水橋(横浜市港南区)",
        "金井(横浜市港南区)",
        "藤ヶ沢",
        "港南車庫入口",
        "原(横浜市港南区)",
        "野村港南台",
        "つつじヶ丘(横浜市港南区)",
        "小山台(横浜市栄区)",
        "小菅ヶ谷橋",
        "西谷戸(横浜市栄区)",
        "渡戸(横浜市栄区)",
        "滝ノ分",
        "地球市民プラザ",
        "本郷台駅"
    ],
    "weekday": [
        "6:39",
        "8:00",
        "9:26",
        "11:13",
        "13:20",
        "15:12",
        "17:14",
        "19:12"
    ],
    "saturday": [
        "7:55",
        "9:39",
        "11:38",
        "13:35",
        "15:42",
        "17:42",
        "19:09"
    ],
    "holiday": [
        "7:55",
        "9:39",
        "11:38",
        "13:35",
        "15:42",
        "17:42",
        "19:09"
    ],
    "url": "https://www.kanachu.co.jp/dia/diagram/timetable01_js/course:0000803818-9/node:00102955/kt:0/lname:/"
}
