{
    "date": "2025/05/11",
    "name": "小山台(横浜市栄区)",
    "position": "-",
    "system": "",
    "destinations": [
        "小菅ヶ谷橋",
        "西谷戸(横浜市栄区)",
        "渡戸(横浜市栄区)",
        "滝ノ分",
        "地球市民プラザ",
        "本郷台駅"
    ],
    "weekday": [
        "6:49",
        "8:11",
        "9:37",
        "11:24",
        "13:31",
        "15:23",
        "17:25",
        "19:23"
    ],
    "saturday": [
        "8:06",
        "9:50",
        "11:49",
        "13:46",
        "15:53",
        "17:53",
        "19:20"
    ],
    "holiday": [
        "8:06",
        "9:50",
        "11:49",
        "13:46",
        "15:53",
        "17:53",
        "19:20"
    ],
    "url": "https://www.kanachu.co.jp/dia/diagram/timetable01_js/course:0000803818-18/node:00126557/kt:0/lname:/"
}
