{
    "date": "2021/02/22",
    "name": "豊田道",
    "position": "-",
    "system": "平21",
    "destinations": [
        "新豊田道",
        "桧扇町",
        "柳町入口",
        "中里(平塚市)",
        "貴峯荘前",
        "平塚農商高校",
        "上平塚",
        "市民病院前(平塚市)",
        "達上ヶ丘",
        "南原土手",
        "長瀬(平塚市)",
        "長瀬北",
        "熊野神社前(平塚市)",
        "長持根下",
        "成願寺(平塚市)",
        "入野前田",
        "金田公民館"
    ],
    "weekday": [
        "7:59",
        "8:29",
        "9:29",
        "10:29",
        "11:28",
        "12:28",
        "13:29",
        "14:29",
        "15:27",
        "16:29",
        "17:30",
        "18:29"
    ],
    "saturday": [
        "9:52",
        "10:49",
        "11:49",
        "12:49",
        "13:49",
        "14:49",
        "15:52",
        "16:49",
        "17:53"
    ],
    "holiday": [
        "9:52",
        "10:49",
        "11:49",
        "12:49",
        "13:49",
        "14:49",
        "15:52",
        "16:49",
        "17:53"
    ],
    "url": "https://www.kanachu.co.jp/dia/diagram/timetable01_js/course:0000800467-5/node:00127468/kt:0/lname:/"
}
