{
    "date": "2021/02/22",
    "name": "新豊田道",
    "position": "-",
    "system": "平21",
    "destinations": [
        "桧扇町",
        "柳町入口",
        "中里(平塚市)",
        "貴峯荘前",
        "平塚農商高校",
        "上平塚",
        "市民病院前(平塚市)",
        "達上ヶ丘",
        "南原土手",
        "長瀬(平塚市)",
        "長瀬北",
        "熊野神社前(平塚市)",
        "長持根下",
        "成願寺(平塚市)",
        "入野前田",
        "金田公民館"
    ],
    "weekday": [
        "8:00",
        "8:30",
        "9:30",
        "10:30",
        "11:29",
        "12:29",
        "13:30",
        "14:30",
        "15:28",
        "16:30",
        "17:31",
        "18:30"
    ],
    "saturday": [
        "9:53",
        "10:50",
        "11:50",
        "12:50",
        "13:50",
        "14:50",
        "15:53",
        "16:50",
        "17:54"
    ],
    "holiday": [
        "9:53",
        "10:50",
        "11:50",
        "12:50",
        "13:50",
        "14:50",
        "15:53",
        "16:50",
        "17:54"
    ],
    "url": "https://www.kanachu.co.jp/dia/diagram/timetable01_js/course:0000800467-6/node:00127585/kt:0/lname:/"
}
