{
    "date": "2021/02/22",
    "name": "桧扇町",
    "position": "-",
    "system": "平21",
    "destinations": [
        "柳町入口",
        "中里(平塚市)",
        "貴峯荘前",
        "平塚農商高校",
        "上平塚",
        "市民病院前(平塚市)",
        "達上ヶ丘",
        "南原土手",
        "長瀬(平塚市)",
        "長瀬北",
        "熊野神社前(平塚市)",
        "長持根下",
        "成願寺(平塚市)",
        "入野前田",
        "金田公民館"
    ],
    "weekday": [
        "8:01",
        "8:31",
        "9:31",
        "10:31",
        "11:30",
        "12:30",
        "13:31",
        "14:31",
        "15:29",
        "16:31",
        "17:32",
        "18:31"
    ],
    "saturday": [
        "9:54",
        "10:51",
        "11:51",
        "12:51",
        "13:51",
        "14:51",
        "15:54",
        "16:51",
        "17:55"
    ],
    "holiday": [
        "9:54",
        "10:51",
        "11:51",
        "12:51",
        "13:51",
        "14:51",
        "15:54",
        "16:51",
        "17:55"
    ],
    "url": "https://www.kanachu.co.jp/dia/diagram/timetable01_js/course:0000800467-7/node:00127586/kt:0/lname:/"
}
