{
    "date": "2021/02/22",
    "name": "中里(平塚市)",
    "position": "-",
    "system": "平21",
    "destinations": [
        "貴峯荘前",
        "平塚農商高校",
        "上平塚",
        "市民病院前(平塚市)",
        "達上ヶ丘",
        "南原土手",
        "長瀬(平塚市)",
        "長瀬北",
        "熊野神社前(平塚市)",
        "長持根下",
        "成願寺(平塚市)",
        "入野前田",
        "金田公民館"
    ],
    "weekday": [
        "8:03",
        "8:33",
        "9:33",
        "10:33",
        "11:32",
        "12:32",
        "13:33",
        "14:33",
        "15:31",
        "16:33",
        "17:34",
        "18:33"
    ],
    "saturday": [
        "9:56",
        "10:53",
        "11:53",
        "12:53",
        "13:53",
        "14:53",
        "15:56",
        "16:53",
        "17:57"
    ],
    "holiday": [
        "9:56",
        "10:53",
        "11:53",
        "12:53",
        "13:53",
        "14:53",
        "15:56",
        "16:53",
        "17:57"
    ],
    "url": "https://www.kanachu.co.jp/dia/diagram/timetable01_js/course:0000800467-9/node:00127596/kt:0/lname:/"
}
