{
    "date": "2021/02/22",
    "name": "長瀬(平塚市)",
    "position": "-",
    "system": "平21",
    "destinations": [
        "長瀬北",
        "熊野神社前(平塚市)",
        "長持根下",
        "成願寺(平塚市)",
        "入野前田",
        "金田公民館"
    ],
    "weekday": [
        "8:11",
        "8:41",
        "9:41",
        "10:41",
        "11:40",
        "12:40",
        "13:41",
        "14:41",
        "15:39",
        "16:41",
        "17:42",
        "18:41"
    ],
    "saturday": [
        "10:04",
        "11:01",
        "12:01",
        "13:01",
        "14:01",
        "15:01",
        "16:04",
        "17:01",
        "18:05"
    ],
    "holiday": [
        "10:04",
        "11:01",
        "12:01",
        "13:01",
        "14:01",
        "15:01",
        "16:04",
        "17:01",
        "18:05"
    ],
    "url": "https://www.kanachu.co.jp/dia/diagram/timetable01_js/course:0000800467-16/node:00127738/kt:0/lname:/"
}
