{
    "date": "2025/11/16",
    "name": "大磯プリンスホテル",
    "position": "-",
    "system": "磯07",
    "destinations": [
        "大磯プリンスホテル入口",
        "中丸(中郡大磯町)",
        "城山公園前(中郡大磯町)",
        "八坂神社(中郡大磯町)",
        "白岩大門",
        "統監道",
        "大磯小学校前",
        "大磯駅"
    ],
    "weekday": [],
    "saturday": [
        "11:30",
        "12:45",
        "13:45",
        "14:45",
        "15:45",
        "16:25",
        "17:20"
    ],
    "holiday": [
        "11:30",
        "12:45",
        "13:45",
        "14:45",
        "15:45",
        "16:25",
        "17:20"
    ],
    "url": "https://www.kanachu.co.jp/dia/diagram/timetable01_js/course:0000802879-1/node:00127714/kt:0/lname:/"
}
