{
    "date": "2025/11/16",
    "name": "城山公園前(中郡大磯町)",
    "position": "-",
    "system": "磯07",
    "destinations": [
        "八坂神社(中郡大磯町)",
        "白岩大門",
        "統監道",
        "大磯小学校前",
        "大磯駅"
    ],
    "weekday": [],
    "saturday": [
        "11:34",
        "12:49",
        "13:49",
        "14:49",
        "15:49",
        "16:29",
        "17:24"
    ],
    "holiday": [
        "11:34",
        "12:49",
        "13:49",
        "14:49",
        "15:49",
        "16:29",
        "17:24"
    ],
    "url": "https://www.kanachu.co.jp/dia/diagram/timetable01_js/course:0000802879-4/node:00127687/kt:0/lname:/"
}
