{
    "date": "2025/11/16",
    "name": "白岩大門",
    "position": "-",
    "system": "磯07",
    "destinations": [
        "統監道",
        "大磯小学校前",
        "大磯駅"
    ],
    "weekday": [],
    "saturday": [
        "11:36",
        "12:51",
        "13:51",
        "14:51",
        "15:51",
        "16:31",
        "17:26"
    ],
    "holiday": [
        "11:36",
        "12:51",
        "13:51",
        "14:51",
        "15:51",
        "16:31",
        "17:26"
    ],
    "url": "https://www.kanachu.co.jp/dia/diagram/timetable01_js/course:0000802879-6/node:00127479/kt:0/lname:/"
}
