{
    "date": "2026/01/16",
    "name": "木売場",
    "position": "-",
    "system": "厚66",
    "destinations": [
        "三家入口(厚木市)",
        "妻田",
        "中村入口(厚木市)",
        "妻田薬師",
        "松蓮寺",
        "糀屋前(厚木市)",
        "宿原入口",
        "山王坂上",
        "山王坂下(厚木市)",
        "清源院前",
        "睦合北公民館前",
        "十軒村",
        "上三田",
        "才戸橋",
        "下川入",
        "坂本(愛甲郡愛川町)",
        "桜台(愛甲郡愛川町)",
        "運輸支局入口(愛甲郡愛川町)",
        "一本松(愛甲郡愛川町)",
        "局前(愛甲郡愛川町)",
        "中津(愛甲郡愛川町)",
        "東中学校前(愛甲郡愛川町)",
        "箕輪(愛甲郡愛川町)",
        "愛川町役場",
        "愛川バスセンター"
    ],
    "weekday": [
        "6:10",
        "6:50",
        "7:25",
        "8:13",
        "8:59",
        "9:50",
        "10:50",
        "11:50",
        "12:50",
        "13:49",
        "14:50",
        "15:50",
        "16:54",
        "17:53",
        "18:59",
        "19:35",
        "20:24",
        "21:27"
    ],
    "saturday": [
        "6:57",
        "7:32",
        "8:18",
        "9:18",
        "10:13",
        "11:13",
        "12:13",
        "13:13",
        "14:13",
        "15:13",
        "16:13",
        "17:13",
        "18:13",
        "19:14",
        "20:04",
        "21:19"
    ],
    "holiday": [
        "7:14",
        "8:11",
        "9:16",
        "10:13",
        "11:13",
        "12:13",
        "13:13",
        "14:13",
        "15:13",
        "16:13",
        "17:13",
        "18:16",
        "19:12",
        "20:19"
    ],
    "url": "https://www.kanachu.co.jp/dia/diagram/timetable01_js/course:0000804242-7/node:00128260/kt:0/lname:/"
}
