{
    "date": "2026/01/16",
    "name": "三家入口(厚木市)",
    "position": "-",
    "system": "厚66",
    "destinations": [
        "妻田",
        "中村入口(厚木市)",
        "妻田薬師",
        "松蓮寺",
        "糀屋前(厚木市)",
        "宿原入口",
        "山王坂上",
        "山王坂下(厚木市)",
        "清源院前",
        "睦合北公民館前",
        "十軒村",
        "上三田",
        "才戸橋",
        "下川入",
        "坂本(愛甲郡愛川町)",
        "桜台(愛甲郡愛川町)",
        "運輸支局入口(愛甲郡愛川町)",
        "一本松(愛甲郡愛川町)",
        "局前(愛甲郡愛川町)",
        "中津(愛甲郡愛川町)",
        "東中学校前(愛甲郡愛川町)",
        "箕輪(愛甲郡愛川町)",
        "愛川町役場",
        "愛川バスセンター"
    ],
    "weekday": [
        "6:11",
        "6:51",
        "7:26",
        "8:14",
        "9:00",
        "9:51",
        "10:51",
        "11:51",
        "12:51",
        "13:50",
        "14:51",
        "15:51",
        "16:55",
        "17:54",
        "19:00",
        "19:36",
        "20:25",
        "21:28"
    ],
    "saturday": [
        "6:58",
        "7:33",
        "8:19",
        "9:19",
        "10:14",
        "11:14",
        "12:14",
        "13:14",
        "14:14",
        "15:14",
        "16:14",
        "17:14",
        "18:14",
        "19:15",
        "20:05",
        "21:20"
    ],
    "holiday": [
        "7:15",
        "8:12",
        "9:17",
        "10:14",
        "11:14",
        "12:14",
        "13:14",
        "14:14",
        "15:14",
        "16:14",
        "17:14",
        "18:17",
        "19:13",
        "20:20"
    ],
    "url": "https://www.kanachu.co.jp/dia/diagram/timetable01_js/course:0000804242-8/node:00128261/kt:0/lname:/"
}
