{
    "date": "2026/01/16",
    "name": "山王坂上",
    "position": "-",
    "system": "厚66",
    "destinations": [
        "山王坂下(厚木市)",
        "清源院前",
        "睦合北公民館前",
        "十軒村",
        "上三田",
        "才戸橋",
        "下川入",
        "坂本(愛甲郡愛川町)",
        "桜台(愛甲郡愛川町)",
        "運輸支局入口(愛甲郡愛川町)",
        "一本松(愛甲郡愛川町)",
        "局前(愛甲郡愛川町)",
        "中津(愛甲郡愛川町)",
        "東中学校前(愛甲郡愛川町)",
        "箕輪(愛甲郡愛川町)",
        "愛川町役場",
        "愛川バスセンター"
    ],
    "weekday": [
        "6:18",
        "6:58",
        "7:33",
        "8:23",
        "9:09",
        "10:00",
        "11:00",
        "12:00",
        "13:00",
        "13:59",
        "15:00",
        "16:00",
        "17:04",
        "18:03",
        "19:08",
        "19:44",
        "20:33",
        "21:36"
    ],
    "saturday": [
        "7:05",
        "7:41",
        "8:27",
        "9:28",
        "10:23",
        "11:23",
        "12:23",
        "13:23",
        "14:23",
        "15:23",
        "16:23",
        "17:23",
        "18:23",
        "19:23",
        "20:13",
        "21:28"
    ],
    "holiday": [
        "7:22",
        "8:20",
        "9:25",
        "10:23",
        "11:23",
        "12:23",
        "13:23",
        "14:23",
        "15:23",
        "16:23",
        "17:23",
        "18:26",
        "19:21",
        "20:28"
    ],
    "url": "https://www.kanachu.co.jp/dia/diagram/timetable01_js/course:0000804242-15/node:00128312/kt:0/lname:/"
}
