{
    "date": "2026/01/16",
    "name": "睦合北公民館前",
    "position": "-",
    "system": "厚66",
    "destinations": [
        "十軒村",
        "上三田",
        "才戸橋",
        "下川入",
        "坂本(愛甲郡愛川町)",
        "桜台(愛甲郡愛川町)",
        "運輸支局入口(愛甲郡愛川町)",
        "一本松(愛甲郡愛川町)",
        "局前(愛甲郡愛川町)",
        "中津(愛甲郡愛川町)",
        "東中学校前(愛甲郡愛川町)",
        "箕輪(愛甲郡愛川町)",
        "愛川町役場",
        "愛川バスセンター"
    ],
    "weekday": [
        "6:23",
        "7:03",
        "7:40",
        "8:30",
        "9:14",
        "10:05",
        "11:05",
        "12:05",
        "13:05",
        "14:04",
        "15:05",
        "16:05",
        "17:09",
        "18:08",
        "19:13",
        "19:49",
        "20:38",
        "21:41"
    ],
    "saturday": [
        "7:09",
        "7:45",
        "8:31",
        "9:32",
        "10:27",
        "11:27",
        "12:27",
        "13:27",
        "14:27",
        "15:27",
        "16:27",
        "17:27",
        "18:27",
        "19:27",
        "20:17",
        "21:32"
    ],
    "holiday": [
        "7:26",
        "8:24",
        "9:29",
        "10:27",
        "11:27",
        "12:27",
        "13:27",
        "14:27",
        "15:27",
        "16:27",
        "17:27",
        "18:30",
        "19:25",
        "20:32"
    ],
    "url": "https://www.kanachu.co.jp/dia/diagram/timetable01_js/course:0000804242-18/node:00128315/kt:0/lname:/"
}
