{
    "date": "2026/01/16",
    "name": "下川入",
    "position": "-",
    "system": "厚66",
    "destinations": [
        "坂本(愛甲郡愛川町)",
        "桜台(愛甲郡愛川町)",
        "運輸支局入口(愛甲郡愛川町)",
        "一本松(愛甲郡愛川町)",
        "局前(愛甲郡愛川町)",
        "中津(愛甲郡愛川町)",
        "東中学校前(愛甲郡愛川町)",
        "箕輪(愛甲郡愛川町)",
        "愛川町役場",
        "愛川バスセンター"
    ],
    "weekday": [
        "6:29",
        "7:09",
        "7:49",
        "8:39",
        "9:20",
        "10:11",
        "11:11",
        "12:11",
        "13:11",
        "14:10",
        "15:11",
        "16:11",
        "17:15",
        "18:14",
        "19:19",
        "19:55",
        "20:44",
        "21:47"
    ],
    "saturday": [
        "7:13",
        "7:49",
        "8:35",
        "9:36",
        "10:31",
        "11:31",
        "12:31",
        "13:31",
        "14:31",
        "15:31",
        "16:31",
        "17:31",
        "18:31",
        "19:31",
        "20:21",
        "21:36"
    ],
    "holiday": [
        "7:30",
        "8:28",
        "9:33",
        "10:31",
        "11:31",
        "12:31",
        "13:31",
        "14:31",
        "15:31",
        "16:31",
        "17:31",
        "18:34",
        "19:29",
        "20:36"
    ],
    "url": "https://www.kanachu.co.jp/dia/diagram/timetable01_js/course:0000804242-22/node:00128310/kt:0/lname:/"
}
