{
    "date": "2026/01/16",
    "name": "局前(愛甲郡愛川町)",
    "position": "-",
    "system": "厚66",
    "destinations": [
        "中津(愛甲郡愛川町)",
        "東中学校前(愛甲郡愛川町)",
        "箕輪(愛甲郡愛川町)",
        "愛川町役場",
        "愛川バスセンター"
    ],
    "weekday": [
        "6:37",
        "7:17",
        "7:58",
        "8:48",
        "9:28",
        "10:19",
        "11:19",
        "12:19",
        "13:19",
        "14:18",
        "15:19",
        "16:19",
        "17:23",
        "18:22",
        "19:27",
        "20:03",
        "20:52",
        "21:55"
    ],
    "saturday": [
        "7:20",
        "7:56",
        "8:42",
        "9:43",
        "10:38",
        "11:38",
        "12:38",
        "13:38",
        "14:38",
        "15:38",
        "16:38",
        "17:38",
        "18:38",
        "19:38",
        "20:28",
        "21:43"
    ],
    "holiday": [
        "7:37",
        "8:35",
        "9:40",
        "10:38",
        "11:38",
        "12:38",
        "13:38",
        "14:38",
        "15:38",
        "16:38",
        "17:38",
        "18:41",
        "19:36",
        "20:43"
    ],
    "url": "https://www.kanachu.co.jp/dia/diagram/timetable01_js/course:0000804242-27/node:00128323/kt:0/lname:/"
}
