{
    "date": "2025/03/15",
    "name": "前の田",
    "position": "-",
    "system": "茅03",
    "destinations": [
        "神奈中営業所前",
        "ニュータウン入口(茅ケ崎市)",
        "鶴が台入口",
        "高田(茅ケ崎市)",
        "甘沼",
        "八幡神社前(茅ケ崎市)",
        "殿山公園前",
        "南長谷戸",
        "長谷戸",
        "堤坂下",
        "小出二本松",
        "丸山大辻",
        "ライフタウン入口",
        "南大平",
        "滝の沢小学校前",
        "滝の沢不動前",
        "湘南ライフタウン"
    ],
    "weekday": [
        "8:01",
        "15:03",
        "16:03",
        "17:03",
        "18:06",
        "19:06",
        "19:58",
        "21:08",
        "21:48",
        "22:38"
    ],
    "saturday": [
        "12:53",
        "13:53",
        "14:53",
        "15:53",
        "16:53",
        "17:53",
        "18:53",
        "19:53",
        "20:38",
        "21:38"
    ],
    "holiday": [
        "8:53",
        "9:53",
        "10:53",
        "11:53",
        "12:53",
        "13:53",
        "14:53",
        "15:53",
        "16:53",
        "17:53",
        "18:53",
        "19:53",
        "20:38",
        "21:38"
    ],
    "url": "https://www.kanachu.co.jp/dia/diagram/timetable01_js/course:0000802704-3/node:00127136/kt:0/lname:/"
}
