{
    "date": "2025/03/15",
    "name": "神奈中営業所前",
    "position": "-",
    "system": "茅03",
    "destinations": [
        "ニュータウン入口(茅ケ崎市)",
        "鶴が台入口",
        "高田(茅ケ崎市)",
        "甘沼",
        "八幡神社前(茅ケ崎市)",
        "殿山公園前",
        "南長谷戸",
        "長谷戸",
        "堤坂下",
        "小出二本松",
        "丸山大辻",
        "ライフタウン入口",
        "南大平",
        "滝の沢小学校前",
        "滝の沢不動前",
        "湘南ライフタウン"
    ],
    "weekday": [
        "8:03",
        "15:05",
        "16:05",
        "17:05",
        "18:08",
        "19:08",
        "20:00",
        "21:09",
        "21:49",
        "22:39"
    ],
    "saturday": [
        "12:55",
        "13:55",
        "14:55",
        "15:55",
        "16:55",
        "17:55",
        "18:55",
        "19:54",
        "20:39",
        "21:39"
    ],
    "holiday": [
        "8:55",
        "9:55",
        "10:55",
        "11:55",
        "12:55",
        "13:55",
        "14:55",
        "15:55",
        "16:55",
        "17:55",
        "18:55",
        "19:54",
        "20:39",
        "21:39"
    ],
    "url": "https://www.kanachu.co.jp/dia/diagram/timetable01_js/course:0000802704-4/node:00127137/kt:0/lname:/"
}
