{
    "date": "2025/03/15",
    "name": "南長谷戸",
    "position": "-",
    "system": "茅03",
    "destinations": [
        "長谷戸",
        "堤坂下",
        "小出二本松",
        "丸山大辻",
        "ライフタウン入口",
        "南大平",
        "滝の沢小学校前",
        "滝の沢不動前",
        "湘南ライフタウン"
    ],
    "weekday": [
        "8:11",
        "15:13",
        "16:13",
        "17:13",
        "18:16",
        "19:16",
        "20:07",
        "21:16",
        "21:56",
        "22:46"
    ],
    "saturday": [
        "13:03",
        "14:03",
        "15:03",
        "16:03",
        "17:03",
        "18:03",
        "19:02",
        "20:01",
        "20:46",
        "21:46"
    ],
    "holiday": [
        "9:03",
        "10:03",
        "11:03",
        "12:03",
        "13:03",
        "14:03",
        "15:03",
        "16:03",
        "17:03",
        "18:03",
        "19:02",
        "20:01",
        "20:46",
        "21:46"
    ],
    "url": "https://www.kanachu.co.jp/dia/diagram/timetable01_js/course:0000802704-11/node:00127143/kt:0/lname:/"
}
