{
    "date": "2025/03/15",
    "name": "小出二本松",
    "position": "-",
    "system": "茅03",
    "destinations": [
        "丸山大辻",
        "ライフタウン入口",
        "南大平",
        "滝の沢小学校前",
        "滝の沢不動前",
        "湘南ライフタウン"
    ],
    "weekday": [
        "8:16",
        "15:18",
        "16:18",
        "17:18",
        "18:21",
        "19:21",
        "20:12",
        "21:21",
        "22:01",
        "22:51"
    ],
    "saturday": [
        "13:08",
        "14:08",
        "15:08",
        "16:08",
        "17:08",
        "18:08",
        "19:07",
        "20:06",
        "20:51",
        "21:51"
    ],
    "holiday": [
        "9:08",
        "10:08",
        "11:08",
        "12:08",
        "13:08",
        "14:08",
        "15:08",
        "16:08",
        "17:08",
        "18:08",
        "19:07",
        "20:06",
        "20:51",
        "21:51"
    ],
    "url": "https://www.kanachu.co.jp/dia/diagram/timetable01_js/course:0000802704-14/node:00127146/kt:0/lname:/"
}
