{
    "date": "2025/03/15",
    "name": "ライフタウン入口",
    "position": "-",
    "system": "茅03",
    "destinations": [
        "南大平",
        "滝の沢小学校前",
        "滝の沢不動前",
        "湘南ライフタウン"
    ],
    "weekday": [
        "8:18",
        "15:20",
        "16:20",
        "17:20",
        "18:23",
        "19:23",
        "20:14",
        "21:23",
        "22:03",
        "22:53"
    ],
    "saturday": [
        "13:10",
        "14:10",
        "15:10",
        "16:10",
        "17:10",
        "18:10",
        "19:09",
        "20:08",
        "20:53",
        "21:53"
    ],
    "holiday": [
        "9:10",
        "10:10",
        "11:10",
        "12:10",
        "13:10",
        "14:10",
        "15:10",
        "16:10",
        "17:10",
        "18:10",
        "19:09",
        "20:08",
        "20:53",
        "21:53"
    ],
    "url": "https://www.kanachu.co.jp/dia/diagram/timetable01_js/course:0000802704-16/node:00129960/kt:0/lname:/"
}
