{
    "date": "2025/03/15",
    "name": "南大平",
    "position": "-",
    "system": "茅03",
    "destinations": [
        "滝の沢小学校前",
        "滝の沢不動前",
        "湘南ライフタウン"
    ],
    "weekday": [
        "8:19",
        "15:21",
        "16:21",
        "17:21",
        "18:24",
        "19:24",
        "20:15",
        "21:24",
        "22:04",
        "22:54"
    ],
    "saturday": [
        "13:11",
        "14:11",
        "15:11",
        "16:11",
        "17:11",
        "18:11",
        "19:10",
        "20:09",
        "20:54",
        "21:54"
    ],
    "holiday": [
        "9:11",
        "10:11",
        "11:11",
        "12:11",
        "13:11",
        "14:11",
        "15:11",
        "16:11",
        "17:11",
        "18:11",
        "19:10",
        "20:09",
        "20:54",
        "21:54"
    ],
    "url": "https://www.kanachu.co.jp/dia/diagram/timetable01_js/course:0000802704-17/node:00129964/kt:0/lname:/"
}
