{
    "system": "町62",
    "destination": "神奈中多摩車庫",
    "stations": [
        {
            "name": "町田バスセンター",
            "file": "01_machida_bus_center_13.json"
        },
        {
            "name": "町田市役所東",
            "file": ""
        },
        {
            "name": "保健所入口",
            "file": ""
        },
        {
            "name": "森野三丁目",
            "file": ""
        },
        {
            "name": "市民病院前(町田市)",
            "file": ""
        },
        {
            "name": "浄水場前(町田市)",
            "file": ""
        },
        {
            "name": "滝の沢(町田市)",
            "file": ""
        },
        {
            "name": "木曽住宅",
            "file": ""
        },
        {
            "name": "三家(町田市)",
            "file": ""
        },
        {
            "name": "木曽(町田市)",
            "file": ""
        },
        {
            "name": "忠生公園入口",
            "file": ""
        },
        {
            "name": "上宿(町田市)",
            "file": ""
        },
        {
            "name": "下根岸(町田市)",
            "file": ""
        },
        {
            "name": "根岸(根岸町/町田市)",
            "file": ""
        },
        {
            "name": "忠生都営住宅前",
            "file": ""
        },
        {
            "name": "矢部",
            "file": ""
        },
        {
            "name": "下常盤",
            "file": ""
        },
        {
            "name": "中常盤",
            "file": ""
        },
        {
            "name": "常盤(町田市)",
            "file": ""
        },
        {
            "name": "下馬場",
            "file": ""
        },
        {
            "name": "馬場十字路",
            "file": ""
        },
        {
            "name": "中村不動入口",
            "file": ""
        },
        {
            "name": "小山郵便局前",
            "file": ""
        },
        {
            "name": "小山小学校前(町田市)",
            "file": ""
        },
        {
            "name": "横土手",
            "file": ""
        },
        {
            "name": "沼入口(町田市)",
            "file": ""
        },
        {
            "name": "多摩境通り北",
            "file": ""
        },
        {
            "name": "神奈中多摩車庫",
            "file": ""
        }
    ]
}
