{
    "date": "2025/10/20",
    "name": "諏訪神社",
    "position": "-",
    "system": "町88",
    "destinations": [
        "下鶴間",
        "観音寺前(大和市)",
        "坂下(鶴間/町田市)",
        "円成寺前",
        "大ヶ谷戸(町田市)",
        "町田辻",
        "小川原",
        "南町谷原",
        "町谷原",
        "南農協前",
        "金森四丁目",
        "南中学校前(町田市)",
        "市営住宅入口(町田市)",
        "金森",
        "金森郵便局前",
        "南橋(町田市)",
        "三塚",
        "町田ターミナル前",
        "町田バスセンター"
    ],
    "weekday": [
        "5:22",
        "5:36",
        "6:04",
        "6:16",
        "6:42",
        "7:12",
        "7:34"
    ],
    "saturday": [
        "5:37",
        "6:02",
        "6:46",
        "7:15",
        "8:04",
        "20:28"
    ],
    "holiday": [
        "5:37",
        "6:02",
        "6:27",
        "7:27",
        "10:19",
        "20:29"
    ],
    "url": "https://www.kanachu.co.jp/dia/diagram/timetable01_js/course:0000803907-4/node:00129527/kt:0/lname:/"
}
