{
    "date": "2025/10/20",
    "name": "町田辻",
    "position": "-",
    "system": "町88",
    "destinations": [
        "小川原",
        "南町谷原",
        "町谷原",
        "南農協前",
        "金森四丁目",
        "南中学校前(町田市)",
        "市営住宅入口(町田市)",
        "金森",
        "金森郵便局前",
        "南橋(町田市)",
        "三塚",
        "町田ターミナル前",
        "町田バスセンター"
    ],
    "weekday": [
        "5:36",
        "5:50",
        "6:18",
        "6:30",
        "6:56",
        "7:30",
        "7:52"
    ],
    "saturday": [
        "5:49",
        "6:14",
        "6:58",
        "7:27",
        "8:16",
        "20:40"
    ],
    "holiday": [
        "5:49",
        "6:14",
        "6:39",
        "7:39",
        "10:33",
        "20:39"
    ],
    "url": "https://www.kanachu.co.jp/dia/diagram/timetable01_js/course:0000803907-10/node:00129532/kt:0/lname:/"
}
