{
    "date": "2025/10/20",
    "name": "市営住宅入口(町田市)",
    "position": "-",
    "system": "町88",
    "destinations": [
        "金森",
        "金森郵便局前",
        "南橋(町田市)",
        "三塚",
        "町田ターミナル前",
        "町田バスセンター"
    ],
    "weekday": [
        "5:43",
        "5:57",
        "6:25",
        "6:37",
        "7:04",
        "7:39",
        "8:01"
    ],
    "saturday": [
        "5:56",
        "6:21",
        "7:06",
        "7:36",
        "8:25",
        "20:47"
    ],
    "holiday": [
        "5:56",
        "6:21",
        "6:46",
        "7:46",
        "10:42",
        "20:46"
    ],
    "url": "https://www.kanachu.co.jp/dia/diagram/timetable01_js/course:0000803907-17/node:00129539/kt:0/lname:/"
}
