{
    "date": "2025/10/20",
    "name": "金森",
    "position": "-",
    "system": "町88",
    "destinations": [
        "金森郵便局前",
        "南橋(町田市)",
        "三塚",
        "町田ターミナル前",
        "町田バスセンター"
    ],
    "weekday": [
        "5:44",
        "5:58",
        "6:26",
        "6:38",
        "7:05",
        "7:40",
        "8:02"
    ],
    "saturday": [
        "5:57",
        "6:22",
        "7:07",
        "7:37",
        "8:26",
        "20:48"
    ],
    "holiday": [
        "5:57",
        "6:22",
        "6:47",
        "7:47",
        "10:43",
        "20:47"
    ],
    "url": "https://www.kanachu.co.jp/dia/diagram/timetable01_js/course:0000803907-18/node:00129540/kt:0/lname:/"
}
