{
    "date": "2025/10/20",
    "name": "南橋(町田市)",
    "position": "-",
    "system": "町88",
    "destinations": [
        "三塚",
        "町田ターミナル前",
        "町田バスセンター"
    ],
    "weekday": [
        "5:46",
        "6:00",
        "6:28",
        "6:40",
        "7:07",
        "7:42",
        "8:04"
    ],
    "saturday": [
        "5:59",
        "6:24",
        "7:09",
        "7:39",
        "8:28",
        "20:50"
    ],
    "holiday": [
        "5:59",
        "6:24",
        "6:49",
        "7:49",
        "10:45",
        "20:49"
    ],
    "url": "https://www.kanachu.co.jp/dia/diagram/timetable01_js/course:0000803907-20/node:00129542/kt:0/lname:/"
}
