{
    "date": "2025/08/30",
    "name": "中村(横浜市戸塚区)",
    "position": "-",
    "system": "東10",
    "destinations": [
        "さかえ橋",
        "横浜緑園高校入口",
        "西蓮寺(横浜市戸塚区)",
        "名瀬",
        "フェリス女学院",
        "緑園都市駅"
    ],
    "weekday": [
        "6:46",
        "6:59",
        "7:11",
        "7:23",
        "7:35",
        "7:46",
        "7:59",
        "8:10",
        "8:25",
        "8:53",
        "9:22",
        "9:52",
        "10:22",
        "10:52",
        "11:22",
        "11:52",
        "12:22",
        "12:52",
        "13:22",
        "13:52",
        "14:22",
        "14:52",
        "15:22",
        "15:52",
        "16:22",
        "16:52",
        "17:23",
        "17:53",
        "18:16",
        "18:46",
        "19:01",
        "19:15",
        "19:30",
        "19:45",
        "20:21",
        "20:51",
        "21:23",
        "21:47",
        "22:23",
        "22:48"
    ],
    "saturday": [
        "6:51",
        "7:21",
        "7:51",
        "8:21",
        "8:51",
        "9:21",
        "9:51",
        "10:22",
        "10:52",
        "11:22",
        "11:52",
        "12:22",
        "12:52",
        "13:22",
        "13:52",
        "14:22",
        "14:52",
        "15:22",
        "15:52",
        "16:22",
        "16:52",
        "17:22",
        "17:52",
        "18:22",
        "18:52",
        "19:24",
        "19:48",
        "20:24",
        "20:48",
        "21:26",
        "22:01"
    ],
    "holiday": [
        "6:51",
        "7:21",
        "7:51",
        "8:21",
        "8:51",
        "9:21",
        "9:51",
        "10:22",
        "10:52",
        "11:22",
        "11:52",
        "12:22",
        "12:52",
        "13:22",
        "13:52",
        "14:22",
        "14:52",
        "15:22",
        "15:52",
        "16:22",
        "16:52",
        "17:22",
        "17:52",
        "18:21",
        "18:51",
        "19:23",
        "19:47",
        "20:23",
        "20:47",
        "21:26",
        "22:01"
    ],
    "url": "https://www.kanachu.co.jp/dia/diagram/timetable01_js/course:0000803124-7/node:00126653/kt:0/lname:/"
}
