{
    "date": "2025/08/30",
    "name": "横浜緑園高校入口",
    "position": "-",
    "system": "東10",
    "destinations": [
        "西蓮寺(横浜市戸塚区)",
        "名瀬",
        "フェリス女学院",
        "緑園都市駅"
    ],
    "weekday": [
        "6:49",
        "7:02",
        "7:14",
        "7:26",
        "7:38",
        "7:49",
        "8:02",
        "8:13",
        "8:28",
        "8:56",
        "9:25",
        "9:55",
        "10:25",
        "10:55",
        "11:25",
        "11:55",
        "12:25",
        "12:55",
        "13:25",
        "13:55",
        "14:25",
        "14:55",
        "15:25",
        "15:55",
        "16:25",
        "16:55",
        "17:26",
        "17:56",
        "18:19",
        "18:49",
        "19:04",
        "19:18",
        "19:33",
        "19:48",
        "20:24",
        "20:54",
        "21:26",
        "21:50",
        "22:26",
        "22:51"
    ],
    "saturday": [
        "6:54",
        "7:24",
        "7:54",
        "8:24",
        "8:54",
        "9:24",
        "9:54",
        "10:25",
        "10:55",
        "11:25",
        "11:55",
        "12:25",
        "12:55",
        "13:25",
        "13:55",
        "14:25",
        "14:55",
        "15:25",
        "15:55",
        "16:25",
        "16:55",
        "17:25",
        "17:55",
        "18:25",
        "18:55",
        "19:27",
        "19:51",
        "20:27",
        "20:51",
        "21:29",
        "22:04"
    ],
    "holiday": [
        "6:54",
        "7:24",
        "7:54",
        "8:24",
        "8:54",
        "9:24",
        "9:54",
        "10:25",
        "10:55",
        "11:25",
        "11:55",
        "12:25",
        "12:55",
        "13:25",
        "13:55",
        "14:25",
        "14:55",
        "15:25",
        "15:55",
        "16:25",
        "16:55",
        "17:25",
        "17:55",
        "18:24",
        "18:54",
        "19:26",
        "19:50",
        "20:26",
        "20:50",
        "21:29",
        "22:04"
    ],
    "url": "https://www.kanachu.co.jp/dia/diagram/timetable01_js/course:0000803124-9/node:00126655/kt:0/lname:/"
}
