{
    "date": "2025/08/30",
    "name": "名瀬",
    "position": "-",
    "system": "東10",
    "destinations": [
        "フェリス女学院",
        "緑園都市駅"
    ],
    "weekday": [
        "6:51",
        "7:04",
        "7:16",
        "7:28",
        "7:40",
        "7:51",
        "8:04",
        "8:15",
        "8:30",
        "8:58",
        "9:27",
        "9:57",
        "10:27",
        "10:57",
        "11:27",
        "11:57",
        "12:27",
        "12:57",
        "13:27",
        "13:57",
        "14:27",
        "14:57",
        "15:27",
        "15:57",
        "16:27",
        "16:57",
        "17:29",
        "17:59",
        "18:22",
        "18:52",
        "19:06",
        "19:20",
        "19:35",
        "19:50",
        "20:26",
        "20:56",
        "21:28",
        "21:52",
        "22:28",
        "22:53"
    ],
    "saturday": [
        "6:56",
        "7:26",
        "7:56",
        "8:26",
        "8:56",
        "9:27",
        "9:57",
        "10:28",
        "10:58",
        "11:28",
        "11:58",
        "12:28",
        "12:58",
        "13:28",
        "13:58",
        "14:28",
        "14:58",
        "15:28",
        "15:58",
        "16:28",
        "16:58",
        "17:28",
        "17:58",
        "18:28",
        "18:58",
        "19:29",
        "19:53",
        "20:29",
        "20:53",
        "21:31",
        "22:06"
    ],
    "holiday": [
        "6:56",
        "7:26",
        "7:56",
        "8:26",
        "8:56",
        "9:26",
        "9:56",
        "10:27",
        "10:57",
        "11:28",
        "11:58",
        "12:28",
        "12:58",
        "13:28",
        "13:58",
        "14:28",
        "14:58",
        "15:28",
        "15:58",
        "16:28",
        "16:58",
        "17:28",
        "17:58",
        "18:27",
        "18:57",
        "19:28",
        "19:52",
        "20:28",
        "20:52",
        "21:31",
        "22:06"
    ],
    "url": "https://www.kanachu.co.jp/dia/diagram/timetable01_js/course:0000803124-11/node:00126657/kt:0/lname:/"
}
