{
    "date": "2021/10/01",
    "name": "鴨居橋",
    "position": "-",
    "system": "",
    "destinations": [
        "白山一丁目(横浜市緑区)",
        "白山二丁目(横浜市緑区)",
        "白山中央",
        "白山みどり",
        "白山坂上",
        "白山高校正門前",
        "さわやか苑前",
        "千丸台団地",
        "金草沢",
        "稲荷通",
        "公民館前(横浜市保土ケ谷区)",
        "新井町",
        "新井小学校下",
        "鴨居七丁目",
        "法国寺入口",
        "鴨居六丁目",
        "鴨居町",
        "中村通",
        "鴨居駅"
    ],
    "weekday": [
        "5:56",
        "6:45",
        "7:27",
        "7:40",
        "10:32",
        "12:22",
        "13:32",
        "14:02",
        "15:17",
        "16:02",
        "17:32",
        "18:22",
        "18:42",
        "19:32",
        "20:47"
    ],
    "saturday": [
        "7:17",
        "8:47",
        "11:02",
        "15:02",
        "19:17"
    ],
    "holiday": [
        "7:17",
        "8:47",
        "11:02",
        "15:02",
        "19:17"
    ],
    "url": "https://www.kanachu.co.jp/dia/diagram/timetable01_js/course:0000802805-2/node:00102375/kt:0/lname:/"
}
