{
    "date": "2021/10/01",
    "name": "白山中央",
    "position": "-",
    "system": "119",
    "destinations": [
        "白山みどり",
        "白山坂上",
        "白山高校正門前",
        "さわやか苑前",
        "千丸台団地",
        "金草沢",
        "稲荷通",
        "公民館前(横浜市保土ケ谷区)",
        "新井町",
        "新井小学校下",
        "鴨居七丁目",
        "法国寺入口",
        "鴨居六丁目",
        "鴨居町",
        "中村通",
        "鴨居駅"
    ],
    "weekday": [
        "5:59",
        "6:48",
        "7:30",
        "7:43",
        "10:35",
        "12:25",
        "13:35",
        "14:05",
        "15:20",
        "16:05",
        "17:35",
        "18:25",
        "18:45",
        "19:35",
        "20:50"
    ],
    "saturday": [
        "7:20",
        "8:50",
        "11:05",
        "15:05",
        "19:20"
    ],
    "holiday": [
        "7:20",
        "8:50",
        "11:05",
        "15:05",
        "19:20"
    ],
    "url": "https://www.kanachu.co.jp/dia/diagram/timetable01_js/course:0000802805-5/node:00102933/kt:0/lname:/"
}
