{
    "date": "2021/10/01",
    "name": "さわやか苑前",
    "position": "-",
    "system": "119",
    "destinations": [
        "千丸台団地",
        "金草沢",
        "稲荷通",
        "公民館前(横浜市保土ケ谷区)",
        "新井町",
        "新井小学校下",
        "鴨居七丁目",
        "法国寺入口",
        "鴨居六丁目",
        "鴨居町",
        "中村通",
        "鴨居駅"
    ],
    "weekday": [
        "6:04",
        "6:53",
        "7:36",
        "7:49",
        "10:40",
        "12:30",
        "13:40",
        "14:11",
        "15:26",
        "16:11",
        "17:41",
        "18:31",
        "18:51",
        "19:40",
        "20:55"
    ],
    "saturday": [
        "7:25",
        "8:55",
        "11:10",
        "15:10",
        "19:25"
    ],
    "holiday": [
        "7:25",
        "8:55",
        "11:10",
        "15:10",
        "19:25"
    ],
    "url": "https://www.kanachu.co.jp/dia/diagram/timetable01_js/course:0000802805-9/node:00102559/kt:0/lname:/"
}
