{
    "date": "2021/10/01",
    "name": "稲荷通",
    "position": "-",
    "system": "119",
    "destinations": [
        "公民館前(横浜市保土ケ谷区)",
        "新井町",
        "新井小学校下",
        "鴨居七丁目",
        "法国寺入口",
        "鴨居六丁目",
        "鴨居町",
        "中村通",
        "鴨居駅"
    ],
    "weekday": [
        "6:09",
        "6:58",
        "7:41",
        "7:54",
        "10:45",
        "12:35",
        "13:45",
        "14:16",
        "15:31",
        "16:16",
        "17:46",
        "18:36",
        "18:56",
        "19:45",
        "21:00"
    ],
    "saturday": [
        "7:30",
        "9:00",
        "11:15",
        "15:15",
        "19:30"
    ],
    "holiday": [
        "7:30",
        "9:00",
        "11:15",
        "15:15",
        "19:30"
    ],
    "url": "https://www.kanachu.co.jp/dia/diagram/timetable01_js/course:0000802805-12/node:00102259/kt:0/lname:/"
}
