{
    "date": "2021/10/01",
    "name": "公民館前(横浜市保土ケ谷区)",
    "position": "-",
    "system": "119",
    "destinations": [
        "新井町",
        "新井小学校下",
        "鴨居七丁目",
        "法国寺入口",
        "鴨居六丁目",
        "鴨居町",
        "中村通",
        "鴨居駅"
    ],
    "weekday": [
        "6:11",
        "7:00",
        "7:43",
        "7:56",
        "10:47",
        "12:37",
        "13:47",
        "14:18",
        "15:33",
        "16:18",
        "17:48",
        "18:38",
        "18:58",
        "19:47",
        "21:02"
    ],
    "saturday": [
        "7:32",
        "9:02",
        "11:17",
        "15:17",
        "19:32"
    ],
    "holiday": [
        "7:32",
        "9:02",
        "11:17",
        "15:17",
        "19:32"
    ],
    "url": "https://www.kanachu.co.jp/dia/diagram/timetable01_js/course:0000802805-13/node:00102515/kt:0/lname:/"
}
