{
    "date": "2021/10/01",
    "name": "新井小学校下",
    "position": "-",
    "system": "",
    "destinations": [
        "鴨居七丁目",
        "法国寺入口",
        "鴨居六丁目",
        "鴨居町",
        "中村通",
        "鴨居駅"
    ],
    "weekday": [
        "6:13",
        "7:02",
        "7:46",
        "7:59",
        "10:49",
        "12:39",
        "13:49",
        "14:21",
        "15:36",
        "16:21",
        "17:51",
        "18:41",
        "19:01",
        "19:49",
        "21:04"
    ],
    "saturday": [
        "7:34",
        "9:04",
        "11:19",
        "15:19",
        "19:34"
    ],
    "holiday": [
        "7:34",
        "9:04",
        "11:19",
        "15:19",
        "19:34"
    ],
    "url": "https://www.kanachu.co.jp/dia/diagram/timetable01_js/course:0000802805-15/node:00102222/kt:0/lname:/"
}
