{
    "date": "2021/10/01",
    "name": "法国寺入口",
    "position": "-",
    "system": "",
    "destinations": [
        "鴨居六丁目",
        "鴨居町",
        "中村通",
        "鴨居駅"
    ],
    "weekday": [
        "6:16",
        "7:05",
        "7:50",
        "8:03",
        "10:52",
        "12:42",
        "13:52",
        "14:24",
        "15:39",
        "16:24",
        "17:54",
        "18:44",
        "19:04",
        "19:52",
        "21:07"
    ],
    "saturday": [
        "7:37",
        "9:07",
        "11:22",
        "15:22",
        "19:37"
    ],
    "holiday": [
        "7:37",
        "9:07",
        "11:22",
        "15:22",
        "19:37"
    ],
    "url": "https://www.kanachu.co.jp/dia/diagram/timetable01_js/course:0000802805-17/node:00103071/kt:0/lname:/"
}
