{
    "date": "2021/10/01",
    "name": "鴨居町",
    "position": "-",
    "system": "119",
    "destinations": [
        "中村通",
        "鴨居駅"
    ],
    "weekday": [
        "6:20",
        "7:09",
        "7:54",
        "8:07",
        "10:56",
        "12:46",
        "13:56",
        "14:28",
        "15:43",
        "16:28",
        "17:58",
        "18:48",
        "19:08",
        "19:56",
        "21:11"
    ],
    "saturday": [
        "7:41",
        "9:11",
        "11:26",
        "15:26",
        "19:41"
    ],
    "holiday": [
        "7:41",
        "9:11",
        "11:26",
        "15:26",
        "19:41"
    ],
    "url": "https://www.kanachu.co.jp/dia/diagram/timetable01_js/course:0000802805-19/node:00102377/kt:0/lname:/"
}
