{
    "date": "2021/10/01",
    "name": "中村通",
    "position": "-",
    "system": "",
    "destinations": [
        "鴨居駅"
    ],
    "weekday": [
        "6:21",
        "7:10",
        "7:55",
        "8:08",
        "10:57",
        "12:47",
        "13:57",
        "14:29",
        "15:44",
        "16:29",
        "17:59",
        "18:49",
        "19:09",
        "19:57",
        "21:12"
    ],
    "saturday": [
        "7:42",
        "9:12",
        "11:27",
        "15:27",
        "19:42"
    ],
    "holiday": [
        "7:42",
        "9:12",
        "11:27",
        "15:27",
        "19:42"
    ],
    "url": "https://www.kanachu.co.jp/dia/diagram/timetable01_js/course:0000802805-20/node:00102852/kt:0/lname:/"
}
