{
    "system": "",
    "busstops": [
        {
            "index": "1",
            "id": "00102376",
            "name": "鴨居駅",
            "lat": "35.510618",
            "lng": "139.567181"
        },
        {
            "index": "2",
            "id": "00102375",
            "name": "鴨居橋",
            "lat": "35.50942",
            "lng": "139.56309"
        },
        {
            "index": "3",
            "id": "00102938",
            "name": "白山一丁目(横浜市緑区)",
            "lat": "35.508295",
            "lng": "139.559876"
        },
        {
            "index": "4",
            "id": "00103268",
            "name": "白山二丁目(横浜市緑区)",
            "lat": "35.505776",
            "lng": "139.559698"
        },
        {
            "index": "5",
            "id": "00102933",
            "name": "白山中央",
            "lat": "35.50419",
            "lng": "139.557194"
        },
        {
            "index": "6",
            "id": "00102934",
            "name": "白山みどり",
            "lat": "35.502156",
            "lng": "139.553847"
        },
        {
            "index": "7",
            "id": "00102932",
            "name": "白山坂上",
            "lat": "35.500578",
            "lng": "139.551743"
        },
        {
            "index": "8",
            "id": "00130372",
            "name": "白山高校正門前",
            "lat": "35.498847",
            "lng": "139.550726"
        },
        {
            "index": "9",
            "id": "00102559",
            "name": "さわやか苑前",
            "lat": "35.494721",
            "lng": "139.550719"
        },
        {
            "index": "10",
            "id": "00102675",
            "name": "千丸台団地",
            "lat": "35.491752",
            "lng": "139.551432"
        },
        {
            "index": "11",
            "id": "00102361",
            "name": "金草沢",
            "lat": "35.487617",
            "lng": "139.554356"
        },
        {
            "index": "12",
            "id": "00102259",
            "name": "稲荷通",
            "lat": "35.48575",
            "lng": "139.556569"
        },
        {
            "index": "13",
            "id": "00102515",
            "name": "公民館前(横浜市保土ケ谷区)",
            "lat": "35.488139",
            "lng": "139.558225"
        },
        {
            "index": "14",
            "id": "00102223",
            "name": "新井町",
            "lat": "35.489739",
            "lng": "139.558208"
        },
        {
            "index": "15",
            "id": "00102222",
            "name": "新井小学校下",
            "lat": "35.494283",
            "lng": "139.557367"
        },
        {
            "index": "16",
            "id": "00102390",
            "name": "鴨居七丁目",
            "lat": "35.497115",
            "lng": "139.556667"
        },
        {
            "index": "17",
            "id": "00103071",
            "name": "法国寺入口",
            "lat": "35.500535",
            "lng": "139.556512"
        },
        {
            "index": "18",
            "id": "00102389",
            "name": "鴨居六丁目",
            "lat": "35.503538",
            "lng": "139.561935"
        },
        {
            "index": "19",
            "id": "00102377",
            "name": "鴨居町",
            "lat": "35.504295",
            "lng": "139.562931"
        },
        {
            "index": "20",
            "id": "00102852",
            "name": "中村通",
            "lat": "35.50677",
            "lng": "139.564018"
        },
        {
            "index": "21",
            "id": "00102376",
            "name": "鴨居駅",
            "lat": "35.51052",
            "lng": "139.56704"
        }
    ],
    "route_url": "https://www.kanachu.co.jp/dia/route/index/cid:0000802805/"
}
