{
    "date": "2020/10/05",
    "name": "西海岸3丁目",
    "position": "-",
    "system": "辻03",
    "destinations": [
        "交通公園前(藤沢市)",
        "辻堂海浜公園入口",
        "高砂小学校前(藤沢市)",
        "高砂(藤沢市)",
        "久根下公園前",
        "辻堂駅南口"
    ],
    "weekday": [
        "6:15",
        "6:35",
        "6:51",
        "7:11",
        "7:32",
        "7:51",
        "8:11",
        "8:30",
        "8:51",
        "9:11",
        "9:41",
        "10:21",
        "11:01",
        "11:41",
        "12:21",
        "13:00",
        "13:41",
        "14:21",
        "15:00",
        "15:41",
        "16:21",
        "17:01",
        "17:21",
        "17:41",
        "18:01",
        "18:21",
        "18:41",
        "19:01",
        "19:21",
        "19:42",
        "20:01",
        "20:40"
    ],
    "saturday": [
        "6:41",
        "7:21",
        "8:00",
        "8:41",
        "9:21",
        "9:41",
        "10:00",
        "10:21",
        "10:41",
        "11:00",
        "11:21",
        "11:41",
        "12:00",
        "12:21",
        "13:00",
        "13:41",
        "14:21",
        "15:00",
        "15:41",
        "16:21",
        "17:00",
        "17:41",
        "18:00",
        "18:21",
        "18:41",
        "19:00",
        "19:21",
        "20:00"
    ],
    "holiday": [
        "6:41",
        "7:21",
        "8:00",
        "8:41",
        "9:21",
        "9:41",
        "10:00",
        "10:21",
        "10:41",
        "11:00",
        "11:21",
        "11:41",
        "12:00",
        "12:21",
        "13:00",
        "13:41",
        "14:21",
        "15:00",
        "15:41",
        "16:21",
        "17:00",
        "17:41",
        "18:00",
        "18:21",
        "18:41",
        "19:00",
        "19:21",
        "20:00"
    ],
    "url": "https://www.kanachu.co.jp/dia/diagram/timetable01_js/course:0000802427-4/node:00127040/kt:0/lname:/"
}
