{
    "date": "2020/10/05",
    "name": "交通公園前(藤沢市)",
    "position": "-",
    "system": "辻03",
    "destinations": [
        "辻堂海浜公園入口",
        "高砂小学校前(藤沢市)",
        "高砂(藤沢市)",
        "久根下公園前",
        "辻堂駅南口"
    ],
    "weekday": [
        "6:16",
        "6:36",
        "6:52",
        "7:12",
        "7:33",
        "7:52",
        "8:12",
        "8:31",
        "8:52",
        "9:12",
        "9:42",
        "10:22",
        "11:02",
        "11:42",
        "12:22",
        "13:01",
        "13:42",
        "14:22",
        "15:01",
        "15:42",
        "16:22",
        "17:02",
        "17:22",
        "17:42",
        "18:02",
        "18:22",
        "18:42",
        "19:02",
        "19:22",
        "19:43",
        "20:02",
        "20:41"
    ],
    "saturday": [
        "6:42",
        "7:22",
        "8:01",
        "8:42",
        "9:22",
        "9:42",
        "10:01",
        "10:22",
        "10:42",
        "11:01",
        "11:22",
        "11:42",
        "12:01",
        "12:22",
        "13:01",
        "13:42",
        "14:22",
        "15:01",
        "15:42",
        "16:22",
        "17:01",
        "17:42",
        "18:01",
        "18:22",
        "18:42",
        "19:01",
        "19:22",
        "20:01"
    ],
    "holiday": [
        "6:42",
        "7:22",
        "8:01",
        "8:42",
        "9:22",
        "9:42",
        "10:01",
        "10:22",
        "10:42",
        "11:01",
        "11:22",
        "11:42",
        "12:01",
        "12:22",
        "13:01",
        "13:42",
        "14:22",
        "15:01",
        "15:42",
        "16:22",
        "17:01",
        "17:42",
        "18:01",
        "18:22",
        "18:42",
        "19:01",
        "19:22",
        "20:01"
    ],
    "url": "https://www.kanachu.co.jp/dia/diagram/timetable01_js/course:0000802427-5/node:00127039/kt:0/lname:/"
}
