{
    "date": "2026/01/16",
    "name": "大船駅(横浜市栄区)",
    "position": "-",
    "system": "船05",
    "destinations": [
        "笠間一丁目",
        "岩井口",
        "笠間町",
        "笠間十字路",
        "平島(鎌倉市)",
        "鎌倉女子大前",
        "公田",
        "栄警察署前",
        "天神橋(横浜市栄区)",
        "本郷石橋",
        "鍛冶ヶ谷",
        "七曲",
        "原(横浜市港南区)",
        "港南車庫入口",
        "藤ヶ沢",
        "金井(横浜市港南区)",
        "清水橋(横浜市港南区)",
        "日野(横浜市港南区)",
        "日野小学校前(横浜市港南区)",
        "日野中央公園入口",
        "日野公園墓地入口",
        "新吉原橋",
        "吉原(横浜市港南区)",
        "港南区総合庁舎前",
        "笹下港南中央通り",
        "関の下",
        "上大岡駅"
    ],
    "weekday": [
        "6:35",
        "7:32",
        "7:52",
        "19:30",
        "20:00",
        "20:30",
        "21:05",
        "21:45"
    ],
    "saturday": [
        "19:30",
        "20:18",
        "21:06"
    ],
    "holiday": [
        "19:30",
        "20:18",
        "21:06"
    ],
    "url": "https://www.kanachu.co.jp/dia/diagram/timetable01_js/course:0000804287-1/node:00126594/kt:0/lname:/"
}
