{
    "date": "2026/01/16",
    "name": "公田",
    "position": "-",
    "system": "船05",
    "destinations": [
        "栄警察署前",
        "天神橋(横浜市栄区)",
        "本郷石橋",
        "鍛冶ヶ谷",
        "七曲",
        "原(横浜市港南区)",
        "港南車庫入口",
        "藤ヶ沢",
        "金井(横浜市港南区)",
        "清水橋(横浜市港南区)",
        "日野(横浜市港南区)",
        "日野小学校前(横浜市港南区)",
        "日野中央公園入口",
        "日野公園墓地入口",
        "新吉原橋",
        "吉原(横浜市港南区)",
        "港南区総合庁舎前",
        "笹下港南中央通り",
        "関の下",
        "上大岡駅"
    ],
    "weekday": [
        "6:43",
        "7:41",
        "8:01",
        "19:39",
        "20:08",
        "20:38",
        "21:13",
        "21:53"
    ],
    "saturday": [
        "19:39",
        "20:26",
        "21:14"
    ],
    "holiday": [
        "19:39",
        "20:26",
        "21:14"
    ],
    "url": "https://www.kanachu.co.jp/dia/diagram/timetable01_js/course:0000804287-8/node:00126506/kt:0/lname:/"
}
