{
    "date": "2026/01/16",
    "name": "原(横浜市港南区)",
    "position": "-",
    "system": "船05",
    "destinations": [
        "港南車庫入口",
        "藤ヶ沢",
        "金井(横浜市港南区)",
        "清水橋(横浜市港南区)",
        "日野(横浜市港南区)",
        "日野小学校前(横浜市港南区)",
        "日野中央公園入口",
        "日野公園墓地入口",
        "新吉原橋",
        "吉原(横浜市港南区)",
        "港南区総合庁舎前",
        "笹下港南中央通り",
        "関の下",
        "上大岡駅"
    ],
    "weekday": [
        "6:51",
        "7:50",
        "8:10",
        "19:48",
        "20:16",
        "20:46",
        "21:21",
        "22:01"
    ],
    "saturday": [
        "19:47",
        "20:34",
        "21:22"
    ],
    "holiday": [
        "19:47",
        "20:34",
        "21:22"
    ],
    "url": "https://www.kanachu.co.jp/dia/diagram/timetable01_js/course:0000804287-14/node:00126554/kt:0/lname:/"
}
