{
    "date": "2026/01/16",
    "name": "港南車庫入口",
    "position": "-",
    "system": "船05",
    "destinations": [
        "藤ヶ沢",
        "金井(横浜市港南区)",
        "清水橋(横浜市港南区)",
        "日野(横浜市港南区)",
        "日野小学校前(横浜市港南区)",
        "日野中央公園入口",
        "日野公園墓地入口",
        "新吉原橋",
        "吉原(横浜市港南区)",
        "港南区総合庁舎前",
        "笹下港南中央通り",
        "関の下",
        "上大岡駅"
    ],
    "weekday": [
        "6:52",
        "7:51",
        "8:11",
        "19:49",
        "20:17",
        "20:47",
        "21:22",
        "22:02"
    ],
    "saturday": [
        "19:48",
        "20:35",
        "21:23"
    ],
    "holiday": [
        "19:48",
        "20:35",
        "21:23"
    ],
    "url": "https://www.kanachu.co.jp/dia/diagram/timetable01_js/course:0000804287-15/node:00102510/kt:0/lname:/"
}
