{
    "date": "2026/01/16",
    "name": "日野(横浜市港南区)",
    "position": "-",
    "system": "船05",
    "destinations": [
        "日野小学校前(横浜市港南区)",
        "日野中央公園入口",
        "日野公園墓地入口",
        "新吉原橋",
        "吉原(横浜市港南区)",
        "港南区総合庁舎前",
        "笹下港南中央通り",
        "関の下",
        "上大岡駅"
    ],
    "weekday": [
        "6:57",
        "7:57",
        "8:17",
        "19:55",
        "20:22",
        "20:52",
        "21:27",
        "22:07"
    ],
    "saturday": [
        "19:53",
        "20:40",
        "21:28"
    ],
    "holiday": [
        "19:53",
        "20:40",
        "21:28"
    ],
    "url": "https://www.kanachu.co.jp/dia/diagram/timetable01_js/course:0000804287-19/node:00102954/kt:0/lname:/"
}
