{
    "date": "2026/01/16",
    "name": "日野小学校前(横浜市港南区)",
    "position": "-",
    "system": "船05",
    "destinations": [
        "日野中央公園入口",
        "日野公園墓地入口",
        "新吉原橋",
        "吉原(横浜市港南区)",
        "港南区総合庁舎前",
        "笹下港南中央通り",
        "関の下",
        "上大岡駅"
    ],
    "weekday": [
        "6:58",
        "7:58",
        "8:18",
        "19:56",
        "20:23",
        "20:53",
        "21:28",
        "22:08"
    ],
    "saturday": [
        "19:54",
        "20:41",
        "21:29"
    ],
    "holiday": [
        "19:54",
        "20:41",
        "21:29"
    ],
    "url": "https://www.kanachu.co.jp/dia/diagram/timetable01_js/course:0000804287-20/node:00102955/kt:0/lname:/"
}
