{
    "date": "2026/01/16",
    "name": "吉原(横浜市港南区)",
    "position": "-",
    "system": "船05",
    "destinations": [
        "港南区総合庁舎前",
        "笹下港南中央通り",
        "関の下",
        "上大岡駅"
    ],
    "weekday": [
        "7:02",
        "8:02",
        "8:22",
        "20:00",
        "20:27",
        "20:57",
        "21:32",
        "22:12"
    ],
    "saturday": [
        "19:58",
        "20:45",
        "21:33"
    ],
    "holiday": [
        "19:58",
        "20:45",
        "21:33"
    ],
    "url": "https://www.kanachu.co.jp/dia/diagram/timetable01_js/course:0000804287-24/node:00103230/kt:0/lname:/"
}
