{
    "date": "2025/11/16",
    "name": "鶴ヶ峰中学校前",
    "position": "-",
    "system": "",
    "destinations": [
        "今宿小学校入口",
        "今宿中学校前",
        "今宿ハイツ",
        "上白根公園",
        "グリーンヒル上白根",
        "上白根一丁目",
        "今宿中学校前",
        "今宿小学校入口",
        "鶴ヶ峰中学校前",
        "薬王寺入口",
        "鶴ヶ峰本町",
        "鶴ヶ峰駅"
    ],
    "weekday": [
        "6:33",
        "6:58",
        "7:18",
        "7:38",
        "7:58",
        "8:18",
        "8:38",
        "9:08",
        "9:38",
        "10:08",
        "10:38",
        "11:08",
        "11:38",
        "12:08",
        "12:38",
        "13:06",
        "13:36",
        "14:06",
        "14:36",
        "15:06",
        "15:36",
        "16:06",
        "16:36",
        "17:08",
        "17:28",
        "17:48",
        "18:08",
        "18:28",
        "18:48",
        "19:06",
        "19:36",
        "20:06",
        "20:36",
        "21:06"
    ],
    "saturday": [
        "6:28",
        "7:08",
        "7:38",
        "8:08",
        "8:38",
        "9:08",
        "9:38",
        "10:08",
        "10:38",
        "11:08",
        "11:38",
        "12:08",
        "12:38",
        "13:08",
        "13:38",
        "14:08",
        "14:38",
        "15:08",
        "15:38",
        "16:08",
        "16:38",
        "17:08",
        "17:38",
        "18:08",
        "18:38",
        "19:08",
        "19:38",
        "20:08"
    ],
    "holiday": [
        "7:08",
        "7:38",
        "8:08",
        "8:38",
        "9:08",
        "9:38",
        "10:08",
        "10:38",
        "11:08",
        "11:38",
        "12:08",
        "12:38",
        "13:08",
        "13:38",
        "14:08",
        "14:38",
        "15:08",
        "15:38",
        "16:08",
        "16:38",
        "17:08",
        "17:38",
        "18:08",
        "18:38",
        "19:08"
    ],
    "url": "https://www.kanachu.co.jp/dia/diagram/timetable01_js/course:0000802223-4/node:00129718/kt:0/lname:/"
}
