{
    "date": "2025/11/16",
    "name": "グリーンヒル上白根",
    "position": "-",
    "system": "115",
    "destinations": [
        "上白根一丁目",
        "今宿中学校前",
        "今宿小学校入口",
        "鶴ヶ峰中学校前",
        "薬王寺入口",
        "鶴ヶ峰本町",
        "鶴ヶ峰駅"
    ],
    "weekday": [
        "6:39",
        "7:04",
        "7:24",
        "7:44",
        "8:04",
        "8:24",
        "8:44",
        "9:14",
        "9:44",
        "10:14",
        "10:44",
        "11:14",
        "11:44",
        "12:14",
        "12:44",
        "13:12",
        "13:42",
        "14:12",
        "14:42",
        "15:12",
        "15:42",
        "16:12",
        "16:42",
        "17:14",
        "17:34",
        "17:54",
        "18:14",
        "18:34",
        "18:54",
        "19:12",
        "19:42",
        "20:12",
        "20:41",
        "21:11"
    ],
    "saturday": [
        "6:34",
        "7:14",
        "7:44",
        "8:14",
        "8:44",
        "9:14",
        "9:44",
        "10:14",
        "10:44",
        "11:14",
        "11:44",
        "12:14",
        "12:44",
        "13:14",
        "13:44",
        "14:14",
        "14:44",
        "15:14",
        "15:44",
        "16:14",
        "16:44",
        "17:14",
        "17:44",
        "18:14",
        "18:44",
        "19:14",
        "19:44",
        "20:14"
    ],
    "holiday": [
        "7:13",
        "7:43",
        "8:13",
        "8:43",
        "9:14",
        "9:44",
        "10:14",
        "10:44",
        "11:14",
        "11:44",
        "12:14",
        "12:44",
        "13:14",
        "13:44",
        "14:14",
        "14:44",
        "15:14",
        "15:44",
        "16:14",
        "16:44",
        "17:14",
        "17:44",
        "18:14",
        "18:44",
        "19:13"
    ],
    "url": "https://www.kanachu.co.jp/dia/diagram/timetable01_js/course:0000802223-9/node:00129752/kt:0/lname:/"
}
