{
    "date": "2025/11/16",
    "name": "今宿小学校入口",
    "position": "-",
    "system": "",
    "destinations": [
        "鶴ヶ峰中学校前",
        "薬王寺入口",
        "鶴ヶ峰本町",
        "鶴ヶ峰駅"
    ],
    "weekday": [
        "6:45",
        "7:10",
        "7:30",
        "7:50",
        "8:10",
        "8:30",
        "8:50",
        "9:18",
        "9:48",
        "10:18",
        "10:48",
        "11:18",
        "11:48",
        "12:18",
        "12:48",
        "13:16",
        "13:46",
        "14:16",
        "14:46",
        "15:16",
        "15:46",
        "16:16",
        "16:46",
        "17:20",
        "17:40",
        "18:00",
        "18:20",
        "18:40",
        "19:00",
        "19:16",
        "19:46",
        "20:16",
        "20:45",
        "21:15"
    ],
    "saturday": [
        "6:40",
        "7:20",
        "7:50",
        "8:20",
        "8:50",
        "9:18",
        "9:48",
        "10:18",
        "10:48",
        "11:18",
        "11:48",
        "12:18",
        "12:48",
        "13:18",
        "13:48",
        "14:18",
        "14:48",
        "15:18",
        "15:48",
        "16:18",
        "16:48",
        "17:20",
        "17:50",
        "18:20",
        "18:50",
        "19:18",
        "19:48",
        "20:18"
    ],
    "holiday": [
        "7:17",
        "7:47",
        "8:17",
        "8:47",
        "9:18",
        "9:48",
        "10:18",
        "10:48",
        "11:18",
        "11:48",
        "12:18",
        "12:48",
        "13:18",
        "13:48",
        "14:18",
        "14:48",
        "15:18",
        "15:48",
        "16:18",
        "16:48",
        "17:18",
        "17:48",
        "18:18",
        "18:48",
        "19:17"
    ],
    "url": "https://www.kanachu.co.jp/dia/diagram/timetable01_js/course:0000802223-12/node:00129717/kt:0/lname:/"
}
