{
    "system": "115",
    "busstops": [
        {
            "index": "1",
            "id": "00102756",
            "name": "鶴ヶ峰駅",
            "lat": "35.47639",
            "lng": "139.548063"
        },
        {
            "index": "2",
            "id": "00129720",
            "name": "鶴ヶ峰本町",
            "lat": "35.476406",
            "lng": "139.543471"
        },
        {
            "index": "3",
            "id": "00129719",
            "name": "薬王寺入口",
            "lat": "35.477399",
            "lng": "139.540744"
        },
        {
            "index": "4",
            "id": "00129718",
            "name": "鶴ヶ峰中学校前",
            "lat": "35.479613",
            "lng": "139.536811"
        },
        {
            "index": "5",
            "id": "00129717",
            "name": "今宿小学校入口",
            "lat": "35.481642",
            "lng": "139.535233"
        },
        {
            "index": "6",
            "id": "00129737",
            "name": "今宿中学校前",
            "lat": "35.485419",
            "lng": "139.535504"
        },
        {
            "index": "7",
            "id": "00129738",
            "name": "今宿ハイツ",
            "lat": "35.486366",
            "lng": "139.534453"
        },
        {
            "index": "8",
            "id": "00129751",
            "name": "上白根公園",
            "lat": "35.488389",
            "lng": "139.534228"
        },
        {
            "index": "9",
            "id": "00129752",
            "name": "グリーンヒル上白根",
            "lat": "35.488791",
            "lng": "139.53711"
        },
        {
            "index": "10",
            "id": "00129753",
            "name": "上白根一丁目",
            "lat": "35.486569",
            "lng": "139.536793"
        },
        {
            "index": "11",
            "id": "00129737",
            "name": "今宿中学校前",
            "lat": "35.485178",
            "lng": "139.535638"
        },
        {
            "index": "12",
            "id": "00129717",
            "name": "今宿小学校入口",
            "lat": "35.480644",
            "lng": "139.535847"
        },
        {
            "index": "13",
            "id": "00129718",
            "name": "鶴ヶ峰中学校前",
            "lat": "35.479194",
            "lng": "139.537227"
        },
        {
            "index": "14",
            "id": "00129719",
            "name": "薬王寺入口",
            "lat": "35.478306",
            "lng": "139.541599"
        },
        {
            "index": "15",
            "id": "00129720",
            "name": "鶴ヶ峰本町",
            "lat": "35.476762",
            "lng": "139.544163"
        },
        {
            "index": "16",
            "id": "00102756",
            "name": "鶴ヶ峰駅",
            "lat": "35.476228",
            "lng": "139.547972"
        }
    ],
    "route_url": "https://www.kanachu.co.jp/dia/route/index/cid:0000802223/"
}
