{
    "date": "2025/11/25",
    "name": "下原(相模原市南区)",
    "position": "-",
    "system": "当02",
    "destinations": [
        "原当麻駅東",
        "原当麻駅",
        "夢の丘小学校入口",
        "天満宮入口(相模原市)",
        "塩田原",
        "テクノパイル田名工業団地",
        "塩田さくら橋",
        "塩田(相模原市中央区)",
        "向得寺",
        "田名向原遺跡",
        "田名塩田団地前",
        "田名ホーム前",
        "望地(相模原市中央区)",
        "弁天入口(相模原市中央区)",
        "望地キャンプ場入口",
        "南光寺前",
        "陽原",
        "半在家",
        "田名小学校前",
        "田名バスターミナル"
    ],
    "weekday": [
        "7:30",
        "8:20",
        "9:15",
        "10:05",
        "11:35",
        "13:05",
        "14:35",
        "16:05",
        "17:40",
        "18:35",
        "19:20"
    ],
    "saturday": [
        "7:40",
        "9:10",
        "10:40",
        "12:10",
        "13:40",
        "15:10",
        "16:40",
        "18:10"
    ],
    "holiday": [
        "7:40",
        "9:10",
        "10:40",
        "12:10",
        "13:40",
        "15:10",
        "16:40",
        "18:10"
    ],
    "url": "https://www.kanachu.co.jp/dia/diagram/timetable01_js/course:0000803520-5/node:00129166/kt:0/lname:/"
}
