{
    "date": "2025/11/25",
    "name": "天満宮入口(相模原市)",
    "position": "-",
    "system": "当02",
    "destinations": [
        "塩田原",
        "テクノパイル田名工業団地",
        "塩田さくら橋",
        "塩田(相模原市中央区)",
        "向得寺",
        "田名向原遺跡",
        "田名塩田団地前",
        "田名ホーム前",
        "望地(相模原市中央区)",
        "弁天入口(相模原市中央区)",
        "望地キャンプ場入口",
        "南光寺前",
        "陽原",
        "半在家",
        "田名小学校前",
        "田名バスターミナル"
    ],
    "weekday": [
        "7:39",
        "8:29",
        "9:24",
        "10:14",
        "11:44",
        "13:14",
        "14:44",
        "16:14",
        "17:49",
        "18:44",
        "19:29"
    ],
    "saturday": [
        "7:49",
        "9:19",
        "10:49",
        "12:19",
        "13:46",
        "15:16",
        "16:46",
        "18:16"
    ],
    "holiday": [
        "7:49",
        "9:19",
        "10:49",
        "12:19",
        "13:46",
        "15:16",
        "16:46",
        "18:16"
    ],
    "url": "https://www.kanachu.co.jp/dia/diagram/timetable01_js/course:0000803520-9/node:00130364/kt:0/lname:/"
}
