{
    "date": "2025/11/25",
    "name": "テクノパイル田名工業団地",
    "position": "-",
    "system": "当02",
    "destinations": [
        "塩田さくら橋",
        "塩田(相模原市中央区)",
        "向得寺",
        "田名向原遺跡",
        "田名塩田団地前",
        "田名ホーム前",
        "望地(相模原市中央区)",
        "弁天入口(相模原市中央区)",
        "望地キャンプ場入口",
        "南光寺前",
        "陽原",
        "半在家",
        "田名小学校前",
        "田名バスターミナル"
    ],
    "weekday": [
        "7:42",
        "8:32",
        "9:27",
        "10:17",
        "11:47",
        "13:17",
        "14:47",
        "16:17",
        "17:52",
        "18:47",
        "19:32"
    ],
    "saturday": [
        "7:52",
        "9:22",
        "10:52",
        "12:22",
        "13:49",
        "15:19",
        "16:49",
        "18:19"
    ],
    "holiday": [
        "7:52",
        "9:22",
        "10:52",
        "12:22",
        "13:49",
        "15:19",
        "16:49",
        "18:19"
    ],
    "url": "https://www.kanachu.co.jp/dia/diagram/timetable01_js/course:0000803520-11/node:00129269/kt:0/lname:/"
}
