{
    "date": "2025/11/25",
    "name": "塩田(相模原市中央区)",
    "position": "-",
    "system": "当02",
    "destinations": [
        "向得寺",
        "田名向原遺跡",
        "田名塩田団地前",
        "田名ホーム前",
        "望地(相模原市中央区)",
        "弁天入口(相模原市中央区)",
        "望地キャンプ場入口",
        "南光寺前",
        "陽原",
        "半在家",
        "田名小学校前",
        "田名バスターミナル"
    ],
    "weekday": [
        "7:45",
        "8:35",
        "9:30",
        "10:20",
        "11:50",
        "13:20",
        "14:50",
        "16:20",
        "17:55",
        "18:50",
        "19:35"
    ],
    "saturday": [
        "7:55",
        "9:25",
        "10:55",
        "12:25",
        "13:52",
        "15:22",
        "16:52",
        "18:22"
    ],
    "holiday": [
        "7:55",
        "9:25",
        "10:55",
        "12:25",
        "13:52",
        "15:22",
        "16:52",
        "18:22"
    ],
    "url": "https://www.kanachu.co.jp/dia/diagram/timetable01_js/course:0000803520-13/node:00129154/kt:0/lname:/"
}
