{
    "date": "2025/11/25",
    "name": "田名塩田団地前",
    "position": "-",
    "system": "当02",
    "destinations": [
        "田名ホーム前",
        "望地(相模原市中央区)",
        "弁天入口(相模原市中央区)",
        "望地キャンプ場入口",
        "南光寺前",
        "陽原",
        "半在家",
        "田名小学校前",
        "田名バスターミナル"
    ],
    "weekday": [
        "7:49",
        "8:39",
        "9:34",
        "10:24",
        "11:54",
        "13:24",
        "14:54",
        "16:24",
        "17:59",
        "18:54",
        "19:39"
    ],
    "saturday": [
        "7:59",
        "9:29",
        "10:59",
        "12:29",
        "13:56",
        "15:26",
        "16:56",
        "18:26"
    ],
    "holiday": [
        "7:59",
        "9:29",
        "10:59",
        "12:29",
        "13:56",
        "15:26",
        "16:56",
        "18:26"
    ],
    "url": "https://www.kanachu.co.jp/dia/diagram/timetable01_js/course:0000803520-16/node:00129284/kt:0/lname:/"
}
