{
    "date": "2025/11/25",
    "name": "田名ホーム前",
    "position": "-",
    "system": "当02",
    "destinations": [
        "望地(相模原市中央区)",
        "弁天入口(相模原市中央区)",
        "望地キャンプ場入口",
        "南光寺前",
        "陽原",
        "半在家",
        "田名小学校前",
        "田名バスターミナル"
    ],
    "weekday": [
        "7:50",
        "8:40",
        "9:35",
        "10:25",
        "11:54",
        "13:24",
        "14:54",
        "16:24",
        "18:00",
        "18:55",
        "19:40"
    ],
    "saturday": [
        "8:00",
        "9:30",
        "11:00",
        "12:30",
        "13:57",
        "15:27",
        "16:57",
        "18:27"
    ],
    "holiday": [
        "8:00",
        "9:30",
        "11:00",
        "12:30",
        "13:57",
        "15:27",
        "16:57",
        "18:27"
    ],
    "url": "https://www.kanachu.co.jp/dia/diagram/timetable01_js/course:0000803520-17/node:00129186/kt:0/lname:/"
}
