{
    "date": "2025/11/25",
    "name": "望地(相模原市中央区)",
    "position": "-",
    "system": "当02",
    "destinations": [
        "弁天入口(相模原市中央区)",
        "望地キャンプ場入口",
        "南光寺前",
        "陽原",
        "半在家",
        "田名小学校前",
        "田名バスターミナル"
    ],
    "weekday": [
        "7:51",
        "8:41",
        "9:36",
        "10:26",
        "11:55",
        "13:25",
        "14:55",
        "16:25",
        "18:01",
        "18:56",
        "19:41"
    ],
    "saturday": [
        "8:01",
        "9:31",
        "11:01",
        "12:31",
        "13:58",
        "15:28",
        "16:58",
        "18:28"
    ],
    "holiday": [
        "8:01",
        "9:31",
        "11:01",
        "12:31",
        "13:58",
        "15:28",
        "16:58",
        "18:28"
    ],
    "url": "https://www.kanachu.co.jp/dia/diagram/timetable01_js/course:0000803520-18/node:00129276/kt:0/lname:/"
}
