{
    "date": "2025/11/25",
    "name": "陽原",
    "position": "-",
    "system": "当02",
    "destinations": [
        "半在家",
        "田名小学校前",
        "田名バスターミナル"
    ],
    "weekday": [
        "7:54",
        "8:43",
        "9:38",
        "10:28",
        "11:57",
        "13:27",
        "14:57",
        "16:27",
        "18:03",
        "18:58",
        "19:43"
    ],
    "saturday": [
        "8:03",
        "9:33",
        "11:03",
        "12:33",
        "14:00",
        "15:30",
        "17:00",
        "18:30"
    ],
    "holiday": [
        "8:03",
        "9:33",
        "11:03",
        "12:33",
        "14:00",
        "15:30",
        "17:00",
        "18:30"
    ],
    "url": "https://www.kanachu.co.jp/dia/diagram/timetable01_js/course:0000803520-22/node:00129263/kt:0/lname:/"
}
