{
    "date": "2025/11/25",
    "name": "田名小学校前",
    "position": "-",
    "system": "当02",
    "destinations": [
        "田名バスターミナル"
    ],
    "weekday": [
        "7:57",
        "8:45",
        "9:40",
        "10:30",
        "11:59",
        "13:29",
        "14:59",
        "16:29",
        "18:05",
        "19:00",
        "19:45"
    ],
    "saturday": [
        "8:05",
        "9:35",
        "11:05",
        "12:35",
        "14:02",
        "15:32",
        "17:02",
        "18:32"
    ],
    "holiday": [
        "8:05",
        "9:35",
        "11:05",
        "12:35",
        "14:02",
        "15:32",
        "17:02",
        "18:32"
    ],
    "url": "https://www.kanachu.co.jp/dia/diagram/timetable01_js/course:0000803520-24/node:00129183/kt:0/lname:/"
}
