{
    "date": "2024/04/01",
    "name": "滝ノ前(足柄上郡中井町)",
    "position": "-",
    "system": "二32",
    "destinations": [
        "北田(足柄上郡中井町)",
        "遠藤(足柄上郡中井町)",
        "上小竹",
        "隧道口",
        "坂呂橋",
        "下小竹",
        "下中駐在所前",
        "下中小学校前",
        "上町入口(小田原市)",
        "テクノパーク北",
        "テクノパーク中央",
        "中村原",
        "下原(小田原市)",
        "橘中学校入口(小田原市)",
        "押切(中郡二宮町)",
        "押切坂上",
        "山西(中郡二宮町)",
        "吾妻神社前(中郡二宮町)",
        "梅沢(中郡二宮町)",
        "藤田電機前(中郡二宮町)",
        "二宮駅南口"
    ],
    "weekday": [
        "17:18",
        "17:36",
        "18:06",
        "18:36",
        "19:06",
        "19:36"
    ],
    "saturday": [],
    "holiday": [],
    "url": "https://www.kanachu.co.jp/dia/diagram/timetable01_js/course:0000802252-6/node:00127966/kt:0/lname:/"
}
