{
    "date": "2024/04/01",
    "name": "坂呂橋",
    "position": "-",
    "system": "二32",
    "destinations": [
        "下小竹",
        "下中駐在所前",
        "下中小学校前",
        "上町入口(小田原市)",
        "テクノパーク北",
        "テクノパーク中央",
        "中村原",
        "下原(小田原市)",
        "橘中学校入口(小田原市)",
        "押切(中郡二宮町)",
        "押切坂上",
        "山西(中郡二宮町)",
        "吾妻神社前(中郡二宮町)",
        "梅沢(中郡二宮町)",
        "藤田電機前(中郡二宮町)",
        "二宮駅南口"
    ],
    "weekday": [
        "17:23",
        "17:41",
        "18:11",
        "18:41",
        "19:11",
        "19:41"
    ],
    "saturday": [],
    "holiday": [],
    "url": "https://www.kanachu.co.jp/dia/diagram/timetable01_js/course:0000802252-11/node:00127971/kt:0/lname:/"
}
