{
    "date": "2024/04/01",
    "name": "押切(中郡二宮町)",
    "position": "-",
    "system": "二32",
    "destinations": [
        "押切坂上",
        "山西(中郡二宮町)",
        "吾妻神社前(中郡二宮町)",
        "梅沢(中郡二宮町)",
        "藤田電機前(中郡二宮町)",
        "二宮駅南口"
    ],
    "weekday": [
        "17:32",
        "17:50",
        "18:20",
        "18:50",
        "19:20",
        "19:50"
    ],
    "saturday": [],
    "holiday": [],
    "url": "https://www.kanachu.co.jp/dia/diagram/timetable01_js/course:0000802252-21/node:00127495/kt:0/lname:/"
}
