{
    "date": "2025/05/11",
    "name": "井ノ城",
    "position": "-",
    "system": "秦26",
    "destinations": [
        "東田原下宿",
        "東田原神社前",
        "谷戸入口(秦野市)",
        "中庭",
        "朝日神社前",
        "東田原(秦野市)",
        "東農協前",
        "東ノ原",
        "上落合(秦野市)",
        "神奈川病院",
        "落合(秦野市)",
        "末広小学校前",
        "下宿(秦野市)",
        "仲宿(秦野市)",
        "上宿通り",
        "大川橋(秦野市)",
        "まほろば大橋",
        "秦野駅"
    ],
    "weekday": [
        "9:27",
        "10:27",
        "11:27",
        "12:27",
        "13:27",
        "14:27",
        "15:27",
        "16:27",
        "16:47",
        "17:22",
        "17:47",
        "18:22",
        "19:20",
        "20:25"
    ],
    "saturday": [
        "9:32",
        "10:32",
        "11:32",
        "12:32",
        "13:32",
        "14:32",
        "15:32",
        "16:32",
        "17:22",
        "18:22",
        "19:22",
        "20:22"
    ],
    "holiday": [
        "9:32",
        "10:32",
        "11:32",
        "12:32",
        "13:32",
        "14:32",
        "15:32",
        "16:32",
        "17:22",
        "18:22",
        "19:22",
        "20:22"
    ],
    "url": "https://www.kanachu.co.jp/dia/diagram/timetable01_js/course:0000800021-9/node:00127866/kt:0/lname:/"
}
