{
    "date": "2025/05/11",
    "name": "東田原(秦野市)",
    "position": "-",
    "system": "秦26",
    "destinations": [
        "東農協前",
        "東ノ原",
        "上落合(秦野市)",
        "神奈川病院",
        "落合(秦野市)",
        "末広小学校前",
        "下宿(秦野市)",
        "仲宿(秦野市)",
        "上宿通り",
        "大川橋(秦野市)",
        "まほろば大橋",
        "秦野駅"
    ],
    "weekday": [
        "9:33",
        "10:33",
        "11:33",
        "12:33",
        "13:33",
        "14:33",
        "15:33",
        "16:33",
        "16:53",
        "17:28",
        "17:53",
        "18:28",
        "19:26",
        "20:31"
    ],
    "saturday": [
        "9:38",
        "10:38",
        "11:38",
        "12:38",
        "13:38",
        "14:38",
        "15:38",
        "16:38",
        "17:28",
        "18:28",
        "19:28",
        "20:28"
    ],
    "holiday": [
        "9:38",
        "10:38",
        "11:38",
        "12:38",
        "13:38",
        "14:38",
        "15:38",
        "16:38",
        "17:28",
        "18:28",
        "19:28",
        "20:28"
    ],
    "url": "https://www.kanachu.co.jp/dia/diagram/timetable01_js/course:0000800021-15/node:00127872/kt:0/lname:/"
}
