{
    "date": "2025/03/15",
    "name": "中央公園前(茅ケ崎市)",
    "position": "-",
    "system": "茅50",
    "destinations": [
        "前の田",
        "神奈中営業所前",
        "ニュータウン入口(茅ケ崎市)",
        "鶴が台入口",
        "高田(茅ケ崎市)",
        "甘沼",
        "八幡神社前(茅ケ崎市)",
        "殿山公園前",
        "南長谷戸",
        "長谷戸",
        "堤坂下",
        "小出二本松",
        "小出小学校前",
        "芹沢入口",
        "文教大学"
    ],
    "weekday": [
        "7:12",
        "7:49",
        "8:12",
        "8:22",
        "8:29",
        "8:37",
        "8:52",
        "9:17",
        "9:32",
        "9:52",
        "10:02",
        "10:10",
        "10:17",
        "10:32",
        "10:52",
        "11:27",
        "11:50",
        "12:22",
        "12:32",
        "12:47",
        "13:22",
        "13:47",
        "14:22",
        "14:47",
        "15:47",
        "16:44",
        "17:44",
        "18:44",
        "19:37",
        "20:32",
        "20:52"
    ],
    "saturday": [
        "7:32",
        "8:07",
        "8:27",
        "8:47",
        "9:22",
        "9:47",
        "10:02",
        "10:17",
        "10:42",
        "10:57",
        "11:27",
        "11:52",
        "12:27",
        "13:27",
        "14:27",
        "15:27",
        "16:27",
        "17:32",
        "18:27",
        "19:27"
    ],
    "holiday": [
        "7:32",
        "8:27",
        "9:27",
        "10:27",
        "11:27",
        "12:27",
        "13:27",
        "14:27",
        "15:27",
        "16:27",
        "17:27",
        "18:27",
        "19:27"
    ],
    "url": "https://www.kanachu.co.jp/dia/diagram/timetable01_js/course:0000801050-2/node:00127135/kt:0/lname:/"
}
