{
    "date": "2025/03/15",
    "name": "前の田",
    "position": "-",
    "system": "茅50",
    "destinations": [
        "神奈中営業所前",
        "ニュータウン入口(茅ケ崎市)",
        "鶴が台入口",
        "高田(茅ケ崎市)",
        "甘沼",
        "八幡神社前(茅ケ崎市)",
        "殿山公園前",
        "南長谷戸",
        "長谷戸",
        "堤坂下",
        "小出二本松",
        "小出小学校前",
        "芹沢入口",
        "文教大学"
    ],
    "weekday": [
        "7:13",
        "7:50",
        "8:13",
        "8:23",
        "8:30",
        "8:38",
        "8:53",
        "9:18",
        "9:33",
        "9:53",
        "10:03",
        "10:11",
        "10:18",
        "10:33",
        "10:53",
        "11:28",
        "11:51",
        "12:23",
        "12:33",
        "12:48",
        "13:23",
        "13:48",
        "14:23",
        "14:48",
        "15:48",
        "16:45",
        "17:45",
        "18:45",
        "19:38",
        "20:33",
        "20:53"
    ],
    "saturday": [
        "7:33",
        "8:08",
        "8:28",
        "8:48",
        "9:23",
        "9:48",
        "10:03",
        "10:18",
        "10:43",
        "10:58",
        "11:28",
        "11:53",
        "12:28",
        "13:28",
        "14:28",
        "15:28",
        "16:28",
        "17:33",
        "18:28",
        "19:28"
    ],
    "holiday": [
        "7:33",
        "8:28",
        "9:28",
        "10:28",
        "11:28",
        "12:28",
        "13:28",
        "14:28",
        "15:28",
        "16:28",
        "17:28",
        "18:28",
        "19:28"
    ],
    "url": "https://www.kanachu.co.jp/dia/diagram/timetable01_js/course:0000801050-3/node:00127136/kt:0/lname:/"
}
