{
    "date": "2025/03/15",
    "name": "ニュータウン入口(茅ケ崎市)",
    "position": "-",
    "system": "茅50",
    "destinations": [
        "鶴が台入口",
        "高田(茅ケ崎市)",
        "甘沼",
        "八幡神社前(茅ケ崎市)",
        "殿山公園前",
        "南長谷戸",
        "長谷戸",
        "堤坂下",
        "小出二本松",
        "小出小学校前",
        "芹沢入口",
        "文教大学"
    ],
    "weekday": [
        "7:16",
        "7:53",
        "8:16",
        "8:26",
        "8:33",
        "8:41",
        "8:56",
        "9:21",
        "9:36",
        "9:56",
        "10:06",
        "10:14",
        "10:21",
        "10:36",
        "10:56",
        "11:31",
        "11:54",
        "12:26",
        "12:36",
        "12:51",
        "13:26",
        "13:51",
        "14:26",
        "14:51",
        "15:51",
        "16:48",
        "17:48",
        "18:48",
        "19:41",
        "20:35",
        "20:55"
    ],
    "saturday": [
        "7:35",
        "8:11",
        "8:31",
        "8:51",
        "9:26",
        "9:51",
        "10:06",
        "10:21",
        "10:46",
        "11:01",
        "11:31",
        "11:56",
        "12:31",
        "13:31",
        "14:31",
        "15:31",
        "16:31",
        "17:36",
        "18:31",
        "19:30"
    ],
    "holiday": [
        "7:35",
        "8:31",
        "9:31",
        "10:31",
        "11:31",
        "12:31",
        "13:31",
        "14:31",
        "15:31",
        "16:31",
        "17:31",
        "18:31",
        "19:30"
    ],
    "url": "https://www.kanachu.co.jp/dia/diagram/timetable01_js/course:0000801050-5/node:00127138/kt:0/lname:/"
}
