{
    "date": "2025/03/15",
    "name": "鶴が台入口",
    "position": "-",
    "system": "茅50",
    "destinations": [
        "高田(茅ケ崎市)",
        "甘沼",
        "八幡神社前(茅ケ崎市)",
        "殿山公園前",
        "南長谷戸",
        "長谷戸",
        "堤坂下",
        "小出二本松",
        "小出小学校前",
        "芹沢入口",
        "文教大学"
    ],
    "weekday": [
        "7:18",
        "7:55",
        "8:18",
        "8:28",
        "8:35",
        "8:43",
        "8:58",
        "9:23",
        "9:38",
        "9:58",
        "10:08",
        "10:16",
        "10:23",
        "10:38",
        "10:58",
        "11:33",
        "11:56",
        "12:28",
        "12:38",
        "12:53",
        "13:28",
        "13:53",
        "14:28",
        "14:53",
        "15:53",
        "16:50",
        "17:50",
        "18:50",
        "19:43",
        "20:37",
        "20:57"
    ],
    "saturday": [
        "7:36",
        "8:13",
        "8:33",
        "8:53",
        "9:28",
        "9:53",
        "10:08",
        "10:23",
        "10:48",
        "11:03",
        "11:33",
        "11:58",
        "12:33",
        "13:33",
        "14:33",
        "15:33",
        "16:33",
        "17:38",
        "18:33",
        "19:32"
    ],
    "holiday": [
        "7:36",
        "8:33",
        "9:33",
        "10:33",
        "11:33",
        "12:33",
        "13:33",
        "14:33",
        "15:33",
        "16:33",
        "17:33",
        "18:33",
        "19:32"
    ],
    "url": "https://www.kanachu.co.jp/dia/diagram/timetable01_js/course:0000801050-6/node:00127139/kt:0/lname:/"
}
