{
    "date": "2025/03/15",
    "name": "高田(茅ケ崎市)",
    "position": "-",
    "system": "茅50",
    "destinations": [
        "甘沼",
        "八幡神社前(茅ケ崎市)",
        "殿山公園前",
        "南長谷戸",
        "長谷戸",
        "堤坂下",
        "小出二本松",
        "小出小学校前",
        "芹沢入口",
        "文教大学"
    ],
    "weekday": [
        "7:19",
        "7:56",
        "8:19",
        "8:29",
        "8:36",
        "8:44",
        "8:59",
        "9:24",
        "9:39",
        "9:59",
        "10:09",
        "10:17",
        "10:24",
        "10:39",
        "10:59",
        "11:34",
        "11:57",
        "12:29",
        "12:39",
        "12:54",
        "13:29",
        "13:54",
        "14:29",
        "14:54",
        "15:54",
        "16:51",
        "17:51",
        "18:51",
        "19:44",
        "20:38",
        "20:58"
    ],
    "saturday": [
        "7:37",
        "8:14",
        "8:34",
        "8:54",
        "9:29",
        "9:54",
        "10:09",
        "10:24",
        "10:49",
        "11:04",
        "11:34",
        "11:59",
        "12:34",
        "13:34",
        "14:34",
        "15:34",
        "16:34",
        "17:39",
        "18:34",
        "19:33"
    ],
    "holiday": [
        "7:37",
        "8:34",
        "9:34",
        "10:34",
        "11:34",
        "12:34",
        "13:34",
        "14:34",
        "15:34",
        "16:34",
        "17:34",
        "18:34",
        "19:33"
    ],
    "url": "https://www.kanachu.co.jp/dia/diagram/timetable01_js/course:0000801050-7/node:00127140/kt:0/lname:/"
}
