{
    "date": "2025/03/15",
    "name": "甘沼",
    "position": "-",
    "system": "茅50",
    "destinations": [
        "八幡神社前(茅ケ崎市)",
        "殿山公園前",
        "南長谷戸",
        "長谷戸",
        "堤坂下",
        "小出二本松",
        "小出小学校前",
        "芹沢入口",
        "文教大学"
    ],
    "weekday": [
        "7:20",
        "7:57",
        "8:20",
        "8:30",
        "8:37",
        "8:45",
        "9:00",
        "9:25",
        "9:40",
        "10:00",
        "10:10",
        "10:18",
        "10:25",
        "10:40",
        "11:00",
        "11:35",
        "11:58",
        "12:30",
        "12:40",
        "12:55",
        "13:30",
        "13:55",
        "14:30",
        "14:55",
        "15:55",
        "16:52",
        "17:52",
        "18:52",
        "19:45",
        "20:39",
        "20:59"
    ],
    "saturday": [
        "7:38",
        "8:15",
        "8:35",
        "8:55",
        "9:30",
        "9:55",
        "10:10",
        "10:25",
        "10:50",
        "11:05",
        "11:35",
        "12:00",
        "12:35",
        "13:35",
        "14:35",
        "15:35",
        "16:35",
        "17:40",
        "18:35",
        "19:34"
    ],
    "holiday": [
        "7:38",
        "8:35",
        "9:35",
        "10:35",
        "11:35",
        "12:35",
        "13:35",
        "14:35",
        "15:35",
        "16:35",
        "17:35",
        "18:35",
        "19:34"
    ],
    "url": "https://www.kanachu.co.jp/dia/diagram/timetable01_js/course:0000801050-8/node:00127141/kt:0/lname:/"
}
