{
    "date": "2025/03/15",
    "name": "八幡神社前(茅ケ崎市)",
    "position": "-",
    "system": "茅50",
    "destinations": [
        "殿山公園前",
        "南長谷戸",
        "長谷戸",
        "堤坂下",
        "小出二本松",
        "小出小学校前",
        "芹沢入口",
        "文教大学"
    ],
    "weekday": [
        "7:21",
        "7:58",
        "8:21",
        "8:31",
        "8:38",
        "8:46",
        "9:01",
        "9:26",
        "9:41",
        "10:01",
        "10:11",
        "10:19",
        "10:26",
        "10:41",
        "11:01",
        "11:36",
        "11:59",
        "12:31",
        "12:41",
        "12:56",
        "13:31",
        "13:56",
        "14:31",
        "14:56",
        "15:56",
        "16:53",
        "17:53",
        "18:53",
        "19:46",
        "20:40",
        "21:00"
    ],
    "saturday": [
        "7:39",
        "8:16",
        "8:36",
        "8:56",
        "9:31",
        "9:56",
        "10:11",
        "10:26",
        "10:51",
        "11:06",
        "11:36",
        "12:01",
        "12:36",
        "13:36",
        "14:36",
        "15:36",
        "16:36",
        "17:41",
        "18:36",
        "19:35"
    ],
    "holiday": [
        "7:39",
        "8:36",
        "9:36",
        "10:36",
        "11:36",
        "12:36",
        "13:36",
        "14:36",
        "15:36",
        "16:36",
        "17:36",
        "18:36",
        "19:35"
    ],
    "url": "https://www.kanachu.co.jp/dia/diagram/timetable01_js/course:0000801050-9/node:00127267/kt:0/lname:/"
}
