{
    "date": "2025/03/15",
    "name": "長谷戸",
    "position": "-",
    "system": "茅50",
    "destinations": [
        "堤坂下",
        "小出二本松",
        "小出小学校前",
        "芹沢入口",
        "文教大学"
    ],
    "weekday": [
        "7:25",
        "8:02",
        "8:25",
        "8:35",
        "8:42",
        "8:50",
        "9:05",
        "9:30",
        "9:45",
        "10:05",
        "10:15",
        "10:23",
        "10:30",
        "10:45",
        "11:05",
        "11:40",
        "12:03",
        "12:35",
        "12:45",
        "13:00",
        "13:35",
        "14:00",
        "14:35",
        "15:00",
        "16:00",
        "16:57",
        "17:57",
        "18:57",
        "19:50",
        "20:43",
        "21:03"
    ],
    "saturday": [
        "7:42",
        "8:20",
        "8:40",
        "9:00",
        "9:35",
        "10:00",
        "10:15",
        "10:30",
        "10:55",
        "11:10",
        "11:40",
        "12:05",
        "12:40",
        "13:40",
        "14:40",
        "15:40",
        "16:40",
        "17:45",
        "18:40",
        "19:38"
    ],
    "holiday": [
        "7:42",
        "8:40",
        "9:40",
        "10:40",
        "11:40",
        "12:40",
        "13:40",
        "14:40",
        "15:40",
        "16:40",
        "17:40",
        "18:40",
        "19:38"
    ],
    "url": "https://www.kanachu.co.jp/dia/diagram/timetable01_js/course:0000801050-12/node:00127144/kt:0/lname:/"
}
