{
    "date": "2025/03/15",
    "name": "堤坂下",
    "position": "-",
    "system": "茅50",
    "destinations": [
        "小出二本松",
        "小出小学校前",
        "芹沢入口",
        "文教大学"
    ],
    "weekday": [
        "7:26",
        "8:03",
        "8:26",
        "8:36",
        "8:43",
        "8:51",
        "9:06",
        "9:31",
        "9:46",
        "10:06",
        "10:16",
        "10:24",
        "10:31",
        "10:46",
        "11:06",
        "11:41",
        "12:04",
        "12:36",
        "12:46",
        "13:01",
        "13:36",
        "14:01",
        "14:36",
        "15:01",
        "16:01",
        "16:58",
        "17:58",
        "18:58",
        "19:51",
        "20:44",
        "21:04"
    ],
    "saturday": [
        "7:43",
        "8:21",
        "8:41",
        "9:01",
        "9:36",
        "10:01",
        "10:16",
        "10:31",
        "10:56",
        "11:11",
        "11:41",
        "12:06",
        "12:41",
        "13:41",
        "14:41",
        "15:41",
        "16:41",
        "17:46",
        "18:41",
        "19:39"
    ],
    "holiday": [
        "7:43",
        "8:41",
        "9:41",
        "10:41",
        "11:41",
        "12:41",
        "13:41",
        "14:41",
        "15:41",
        "16:41",
        "17:41",
        "18:41",
        "19:39"
    ],
    "url": "https://www.kanachu.co.jp/dia/diagram/timetable01_js/course:0000801050-13/node:00127145/kt:0/lname:/"
}
