{
    "date": "2025/05/11",
    "name": "鍛冶ヶ谷",
    "position": "-",
    "system": "上06",
    "destinations": [
        "七曲",
        "原(横浜市港南区)",
        "港南車庫入口",
        "藤ヶ沢",
        "金井(横浜市港南区)",
        "清水橋(横浜市港南区)",
        "日野(横浜市港南区)",
        "日野小学校前(横浜市港南区)",
        "日野中央公園入口",
        "日野公園墓地入口",
        "新吉原橋",
        "吉原(横浜市港南区)",
        "港南区総合庁舎前",
        "笹下港南中央通り",
        "関の下",
        "上大岡駅"
    ],
    "weekday": [
        "5:38"
    ],
    "saturday": [
        "5:58"
    ],
    "holiday": [
        "5:58"
    ],
    "url": "https://www.kanachu.co.jp/dia/diagram/timetable01_js/course:0000800411-3/node:00126551/kt:0/lname:/"
}
