{
    "date": "2025/05/11",
    "name": "清水橋(横浜市港南区)",
    "position": "-",
    "system": "上06",
    "destinations": [
        "日野(横浜市港南区)",
        "日野小学校前(横浜市港南区)",
        "日野中央公園入口",
        "日野公園墓地入口",
        "新吉原橋",
        "吉原(横浜市港南区)",
        "港南区総合庁舎前",
        "笹下港南中央通り",
        "関の下",
        "上大岡駅"
    ],
    "weekday": [
        "5:45"
    ],
    "saturday": [
        "6:05"
    ],
    "holiday": [
        "6:05"
    ],
    "url": "https://www.kanachu.co.jp/dia/diagram/timetable01_js/course:0000800411-9/node:00102574/kt:0/lname:/"
}
