{
    "date": "2025/11/25",
    "name": "半在家",
    "position": "-",
    "system": "橋57",
    "destinations": [
        "田名小学校前",
        "田名バスターミナル",
        "堀の内(相模原市中央区)",
        "雨窪(相模原市中央区)",
        "清水入口(相模原市中央区)",
        "清水(相模原市中央区)",
        "古清水",
        "水場",
        "日々社前",
        "榎戸(相模原市緑区)",
        "大沢まちづくりセンター前",
        "上九沢",
        "六地蔵(相模原市緑区)",
        "上中の原団地",
        "石宮",
        "緑ヶ丘(相模原市緑区)",
        "旭中学校(相模原市緑区)",
        "橋本二丁目",
        "橋本駅南口"
    ],
    "weekday": [
        "5:45",
        "6:00",
        "6:15",
        "6:25",
        "6:35",
        "6:45",
        "6:55",
        "7:25"
    ],
    "saturday": [
        "6:00",
        "6:20",
        "6:40"
    ],
    "holiday": [
        "6:05",
        "6:35"
    ],
    "url": "https://www.kanachu.co.jp/dia/diagram/timetable01_js/course:0000803800-4/node:00129226/kt:0/lname:/"
}
