{
    "date": "2025/11/16",
    "name": "伊勢原駅南口",
    "position": "-",
    "system": "伊06",
    "destinations": [
        "下宿(伊勢原市)",
        "下原公園前",
        "金山(伊勢原市)",
        "行政センター前(伊勢原市)",
        "伊勢原市役所北口",
        "東海大学病院"
    ],
    "weekday": [
        "7:05",
        "7:20",
        "7:30",
        "7:38",
        "7:50",
        "8:02",
        "8:14",
        "8:26",
        "8:38",
        "8:50",
        "9:05",
        "9:20",
        "9:35",
        "10:05",
        "10:25",
        "10:45",
        "11:05",
        "11:25",
        "11:45",
        "12:05",
        "12:25",
        "12:45",
        "13:05",
        "13:25",
        "13:45",
        "14:05",
        "14:25",
        "14:45",
        "15:05",
        "15:35",
        "16:05",
        "16:35",
        "17:05",
        "17:35",
        "18:05",
        "18:35",
        "19:05"
    ],
    "saturday": [
        "7:30",
        "7:55",
        "8:25",
        "8:55",
        "9:25",
        "9:55",
        "10:25",
        "10:55",
        "11:25",
        "11:55",
        "12:25",
        "12:55",
        "13:25",
        "13:55",
        "14:25",
        "14:55",
        "15:25",
        "15:55"
    ],
    "holiday": [
        "8:25",
        "9:25",
        "10:25",
        "11:25",
        "12:25",
        "13:25",
        "14:25",
        "15:25"
    ],
    "url": "https://www.kanachu.co.jp/dia/diagram/timetable01_js/course:0000800051-1/node:00128056/kt:0/lname:/"
}
