{
    "date": "2025/11/16",
    "name": "下宿(伊勢原市)",
    "position": "-",
    "system": "伊06",
    "destinations": [
        "下原公園前",
        "金山(伊勢原市)",
        "行政センター前(伊勢原市)",
        "伊勢原市役所北口",
        "東海大学病院"
    ],
    "weekday": [
        "7:06",
        "7:21",
        "7:31",
        "7:39",
        "7:51",
        "8:03",
        "8:15",
        "8:27",
        "8:39",
        "8:51",
        "9:06",
        "9:21",
        "9:36",
        "10:06",
        "10:26",
        "10:46",
        "11:06",
        "11:26",
        "11:46",
        "12:06",
        "12:26",
        "12:46",
        "13:06",
        "13:26",
        "13:46",
        "14:06",
        "14:26",
        "14:46",
        "15:06",
        "15:36",
        "16:06",
        "16:36",
        "17:06",
        "17:36",
        "18:06",
        "18:36",
        "19:06"
    ],
    "saturday": [
        "7:31",
        "7:56",
        "8:26",
        "8:56",
        "9:26",
        "9:56",
        "10:26",
        "10:56",
        "11:26",
        "11:56",
        "12:26",
        "12:56",
        "13:26",
        "13:56",
        "14:26",
        "14:56",
        "15:26",
        "15:56"
    ],
    "holiday": [
        "8:26",
        "9:26",
        "10:26",
        "11:26",
        "12:26",
        "13:26",
        "14:26",
        "15:26"
    ],
    "url": "https://www.kanachu.co.jp/dia/diagram/timetable01_js/course:0000800051-2/node:00128057/kt:0/lname:/"
}
