{
    "date": "2025/11/16",
    "name": "下原公園前",
    "position": "-",
    "system": "伊06",
    "destinations": [
        "金山(伊勢原市)",
        "行政センター前(伊勢原市)",
        "伊勢原市役所北口",
        "東海大学病院"
    ],
    "weekday": [
        "7:07",
        "7:22",
        "7:32",
        "7:40",
        "7:52",
        "8:04",
        "8:16",
        "8:28",
        "8:40",
        "8:52",
        "9:07",
        "9:22",
        "9:37",
        "10:07",
        "10:27",
        "10:47",
        "11:07",
        "11:27",
        "11:47",
        "12:07",
        "12:27",
        "12:47",
        "13:07",
        "13:27",
        "13:47",
        "14:07",
        "14:27",
        "14:47",
        "15:07",
        "15:37",
        "16:07",
        "16:37",
        "17:07",
        "17:37",
        "18:07",
        "18:37",
        "19:07"
    ],
    "saturday": [
        "7:32",
        "7:57",
        "8:27",
        "8:57",
        "9:27",
        "9:57",
        "10:27",
        "10:57",
        "11:27",
        "11:57",
        "12:27",
        "12:57",
        "13:27",
        "13:57",
        "14:27",
        "14:57",
        "15:27",
        "15:57"
    ],
    "holiday": [
        "8:27",
        "9:27",
        "10:27",
        "11:27",
        "12:27",
        "13:27",
        "14:27",
        "15:27"
    ],
    "url": "https://www.kanachu.co.jp/dia/diagram/timetable01_js/course:0000800051-3/node:00128124/kt:0/lname:/"
}
