{
  "date": "2024/07/08",
  "name": "町田バスセンター",
  "position": "-",
  "system": "町66",
  "destinations": [
    "町田市役所市民ホール前",
    "第四小学校前(町田市)",
    "森野三丁目",
    "市民病院前(町田市)",
    "浄水場前(町田市)",
    "滝の沢(町田市)",
    "木曽住宅",
    "三家(町田市)",
    "木曽(町田市)",
    "忠生公園入口",
    "忠生公園前",
    "山崎小学校前(東京都)",
    "上山崎",
    "山崎高校入口",
    "下山崎(町田市)"
  ],
  "weekday": [
    "9:15",
    "9:45",
    "10:15",
    "10:50",
    "11:50",
    "12:50",
    "13:50",
    "14:50",
    "15:45",
    "17:02"
  ],
  "saturday": [],
  "holiday": [],
  "url": "https://www.kanachu.co.jp/dia/diagram/timetable01_js/course:0000802683-2/node:00025625/kt:0/lname:/"
}