{
    "date": "2025/10/20",
    "name": "市民活動拠点ベテルギウス前",
    "position": "-",
    "system": "間13",
    "destinations": [
        "郵便局前(大和市)",
        "職業安定所前(大和市)",
        "市役所市立病院前",
        "市立病院(大和市)",
        "オークシティ前",
        "鶴間二丁目",
        "鶴間駅東口"
    ],
    "weekday": [
        "7:36",
        "7:53",
        "8:29",
        "8:53",
        "9:27",
        "14:33",
        "15:23"
    ],
    "saturday": [],
    "holiday": [],
    "url": "https://www.kanachu.co.jp/dia/diagram/timetable01_js/course:0000803785-4/node:00129613/kt:0/lname:/"
}
