{
    "date": "2025/02/24",
    "name": "八坂神社前",
    "position": "-",
    "system": "戸50",
    "destinations": [
        "大坂下",
        "大坂台",
        "大坂上(横浜市戸塚区)",
        "新道大坂上",
        "西横浜国際総合病院前",
        "吹上(横浜市戸塚区)",
        "大運寺",
        "横浜医療センター前",
        "三叉路(横浜市戸塚区)",
        "横浜薬大南門",
        "俣野公園・横浜薬大前",
        "集会所前(横浜市戸塚区)",
        "ドリームハイツ"
    ],
    "weekday": [
        "6:28",
        "6:43",
        "6:58",
        "7:12",
        "7:21",
        "7:42",
        "7:45",
        "7:56",
        "8:00",
        "8:06",
        "8:10",
        "8:18",
        "8:28",
        "8:34",
        "9:30",
        "9:45",
        "9:55",
        "10:11",
        "10:20",
        "10:28",
        "10:45",
        "10:54",
        "11:11",
        "11:20",
        "11:28",
        "11:45",
        "11:54",
        "12:20",
        "12:54",
        "14:11",
        "14:20",
        "14:28",
        "14:45",
        "14:54",
        "15:11",
        "15:20",
        "15:28",
        "15:45",
        "15:54",
        "16:20",
        "16:28",
        "16:36",
        "16:46",
        "16:56",
        "17:03",
        "17:11",
        "17:18",
        "17:32",
        "17:46",
        "18:30",
        "18:35",
        "18:40",
        "18:46",
        "19:08",
        "19:18",
        "19:50",
        "19:58",
        "20:17",
        "20:31",
        "20:45",
        "20:59",
        "21:17",
        "21:26",
        "21:44",
        "22:02",
        "22:22",
        "22:42",
        "23:02"
    ],
    "saturday": [
        "6:08",
        "6:28",
        "6:43",
        "6:55",
        "7:03",
        "7:13",
        "7:23",
        "7:33",
        "7:43",
        "7:53",
        "8:03",
        "8:13",
        "8:23",
        "8:43",
        "8:53",
        "9:11",
        "9:18",
        "9:26",
        "9:41",
        "9:48",
        "9:56",
        "10:11",
        "10:18",
        "10:26",
        "10:41",
        "10:48",
        "10:56",
        "11:11",
        "11:18",
        "11:26",
        "11:41",
        "11:48",
        "11:56",
        "12:11",
        "12:18",
        "12:26",
        "12:41",
        "12:48",
        "12:56",
        "13:11",
        "13:18",
        "13:26",
        "13:41",
        "13:48",
        "13:56",
        "14:11",
        "14:18",
        "14:26",
        "14:41",
        "14:48",
        "14:56",
        "15:11",
        "15:18",
        "15:26",
        "15:41",
        "15:48",
        "15:56",
        "16:11",
        "16:18",
        "16:26",
        "16:41",
        "16:48",
        "16:56",
        "17:11",
        "17:18",
        "17:26",
        "17:33",
        "17:41",
        "17:48",
        "17:56",
        "18:03",
        "18:11",
        "18:18",
        "18:26",
        "18:33",
        "18:41",
        "18:48",
        "18:56",
        "19:03",
        "19:11",
        "19:18",
        "19:26",
        "19:33",
        "19:41",
        "19:48",
        "19:56",
        "20:13",
        "20:33",
        "20:53",
        "21:13",
        "21:33",
        "21:53",
        "22:15",
        "22:43"
    ],
    "holiday": [
        "6:08",
        "6:28",
        "6:43",
        "7:00",
        "7:15",
        "7:23",
        "7:33",
        "7:43",
        "7:53",
        "8:03",
        "8:13",
        "8:23",
        "8:43",
        "8:53",
        "9:11",
        "9:18",
        "9:26",
        "9:41",
        "9:48",
        "9:56",
        "10:11",
        "10:18",
        "10:26",
        "10:41",
        "10:48",
        "10:56",
        "11:11",
        "11:18",
        "11:26",
        "11:41",
        "11:48",
        "11:56",
        "12:11",
        "12:18",
        "12:26",
        "12:41",
        "12:48",
        "12:56",
        "13:11",
        "13:18",
        "13:26",
        "13:41",
        "13:48",
        "13:56",
        "14:11",
        "14:18",
        "14:26",
        "14:41",
        "14:48",
        "14:56",
        "15:11",
        "15:18",
        "15:26",
        "15:41",
        "15:48",
        "15:56",
        "16:11",
        "16:18",
        "16:26",
        "16:41",
        "16:48",
        "16:56",
        "17:11",
        "17:18",
        "17:26",
        "17:33",
        "17:41",
        "17:48",
        "17:56",
        "18:03",
        "18:11",
        "18:18",
        "18:26",
        "18:33",
        "18:41",
        "18:48",
        "18:56",
        "19:03",
        "19:11",
        "19:18",
        "19:26",
        "19:33",
        "19:41",
        "19:48",
        "19:56",
        "20:15",
        "20:39",
        "21:03",
        "21:27",
        "21:51",
        "22:15",
        "22:43"
    ],
    "url": "https://www.kanachu.co.jp/dia/diagram/timetable01_js/course:0000800862-3/node:00126810/kt:0/lname:/"
}
