{
    "date": "2025/02/24",
    "name": "大坂上(横浜市戸塚区)",
    "position": "-",
    "system": "戸50",
    "destinations": [
        "新道大坂上",
        "西横浜国際総合病院前",
        "吹上(横浜市戸塚区)",
        "大運寺",
        "横浜医療センター前",
        "三叉路(横浜市戸塚区)",
        "横浜薬大南門",
        "俣野公園・横浜薬大前",
        "集会所前(横浜市戸塚区)",
        "ドリームハイツ"
    ],
    "weekday": [
        "6:31",
        "6:46",
        "7:01",
        "7:15",
        "7:24",
        "7:45",
        "7:48",
        "7:59",
        "8:03",
        "8:09",
        "8:13",
        "8:21",
        "8:31",
        "8:37",
        "9:33",
        "9:48",
        "9:58",
        "10:14",
        "10:23",
        "10:31",
        "10:48",
        "10:57",
        "11:14",
        "11:23",
        "11:31",
        "11:48",
        "11:57",
        "12:23",
        "12:57",
        "14:14",
        "14:23",
        "14:31",
        "14:48",
        "14:57",
        "15:14",
        "15:23",
        "15:31",
        "15:48",
        "15:57",
        "16:23",
        "16:31",
        "16:39",
        "16:49",
        "16:59",
        "17:06",
        "17:14",
        "17:21",
        "17:35",
        "17:49",
        "18:33",
        "18:38",
        "18:43",
        "18:49",
        "19:11",
        "19:21",
        "19:53",
        "20:01",
        "20:20",
        "20:34",
        "20:48",
        "21:02",
        "21:20",
        "21:29",
        "21:47",
        "22:05",
        "22:25",
        "22:45",
        "23:05"
    ],
    "saturday": [
        "6:11",
        "6:31",
        "6:46",
        "6:58",
        "7:06",
        "7:16",
        "7:26",
        "7:36",
        "7:46",
        "7:56",
        "8:06",
        "8:16",
        "8:26",
        "8:46",
        "8:56",
        "9:14",
        "9:21",
        "9:29",
        "9:44",
        "9:51",
        "9:59",
        "10:14",
        "10:21",
        "10:29",
        "10:44",
        "10:51",
        "10:59",
        "11:14",
        "11:21",
        "11:29",
        "11:44",
        "11:51",
        "11:59",
        "12:14",
        "12:21",
        "12:29",
        "12:44",
        "12:51",
        "12:59",
        "13:14",
        "13:21",
        "13:29",
        "13:44",
        "13:51",
        "13:59",
        "14:14",
        "14:21",
        "14:29",
        "14:44",
        "14:51",
        "14:59",
        "15:14",
        "15:21",
        "15:29",
        "15:44",
        "15:51",
        "15:59",
        "16:14",
        "16:21",
        "16:29",
        "16:44",
        "16:51",
        "16:59",
        "17:14",
        "17:21",
        "17:29",
        "17:36",
        "17:44",
        "17:51",
        "17:59",
        "18:06",
        "18:14",
        "18:21",
        "18:29",
        "18:36",
        "18:44",
        "18:51",
        "18:59",
        "19:06",
        "19:14",
        "19:21",
        "19:29",
        "19:36",
        "19:44",
        "19:51",
        "19:59",
        "20:16",
        "20:36",
        "20:56",
        "21:16",
        "21:36",
        "21:56",
        "22:18",
        "22:46"
    ],
    "holiday": [
        "6:11",
        "6:31",
        "6:46",
        "7:03",
        "7:18",
        "7:26",
        "7:36",
        "7:46",
        "7:56",
        "8:06",
        "8:16",
        "8:26",
        "8:46",
        "8:56",
        "9:14",
        "9:21",
        "9:29",
        "9:44",
        "9:51",
        "9:59",
        "10:14",
        "10:21",
        "10:29",
        "10:44",
        "10:51",
        "10:59",
        "11:14",
        "11:21",
        "11:29",
        "11:44",
        "11:51",
        "11:59",
        "12:14",
        "12:21",
        "12:29",
        "12:44",
        "12:51",
        "12:59",
        "13:14",
        "13:21",
        "13:29",
        "13:44",
        "13:51",
        "13:59",
        "14:14",
        "14:21",
        "14:29",
        "14:44",
        "14:51",
        "14:59",
        "15:14",
        "15:21",
        "15:29",
        "15:44",
        "15:51",
        "15:59",
        "16:14",
        "16:21",
        "16:29",
        "16:44",
        "16:51",
        "16:59",
        "17:14",
        "17:21",
        "17:29",
        "17:36",
        "17:44",
        "17:51",
        "17:59",
        "18:06",
        "18:14",
        "18:21",
        "18:29",
        "18:36",
        "18:44",
        "18:51",
        "18:59",
        "19:06",
        "19:14",
        "19:21",
        "19:29",
        "19:36",
        "19:44",
        "19:51",
        "19:59",
        "20:18",
        "20:42",
        "21:06",
        "21:30",
        "21:54",
        "22:18",
        "22:46"
    ],
    "url": "https://www.kanachu.co.jp/dia/diagram/timetable01_js/course:0000800862-6/node:00126813/kt:0/lname:/"
}
