{
    "date": "2025/01/14",
    "name": "南林間駅前通り",
    "position": "-",
    "system": "小02",
    "destinations": [
        "九条",
        "十一条",
        "ひばりが丘一丁目(座間市)",
        "小松原二丁目",
        "小松原(座間市)",
        "小松原入口",
        "相模が丘",
        "マルマン工場前",
        "小田急住宅前(座間市)",
        "相模台",
        "小田急相模原駅"
    ],
    "weekday": [
        "5:51",
        "6:21",
        "6:51",
        "7:21",
        "7:51",
        "8:26",
        "9:36",
        "10:36",
        "11:36",
        "12:36",
        "13:36",
        "14:36",
        "15:36",
        "16:36"
    ],
    "saturday": [
        "6:36",
        "7:36",
        "8:36",
        "9:36",
        "10:36",
        "11:36",
        "12:36",
        "13:36",
        "14:36",
        "15:36",
        "16:36",
        "17:36",
        "18:36",
        "19:36",
        "20:36"
    ],
    "holiday": [
        "6:36",
        "7:36",
        "8:36",
        "9:36",
        "10:36",
        "11:36",
        "12:36",
        "13:36",
        "14:36",
        "15:36",
        "16:36",
        "17:36",
        "18:36",
        "19:36",
        "20:36"
    ],
    "url": "https://www.kanachu.co.jp/dia/diagram/timetable01_js/course:0000800256-2/node:00129667/kt:0/lname:/"
}
