{
    "date": "2025/01/06",
    "name": "横浜駅西口",
    "position": "-",
    "system": "",
    "destinations": [
        "洪福寺",
        "峯小学校前",
        "和田町(横浜市保土ケ谷区)",
        "上星川",
        "川島町(横浜市保土ケ谷区)",
        "梅の木(横浜市保土ケ谷区)",
        "西谷駅前",
        "下白根橋",
        "愛宕旭環境センター前",
        "稲荷通",
        "金草沢",
        "千丸台団地",
        "千丸台中央",
        "千丸台集会所"
    ],
    "weekday": [
        "9:35",
        "9:55",
        "10:10",
        "10:30",
        "11:05",
        "11:30",
        "11:50",
        "12:05",
        "12:30",
        "13:00",
        "13:30",
        "14:00",
        "14:30",
        "15:00",
        "15:30",
        "15:55",
        "16:10"
    ],
    "saturday": [
        "9:50",
        "10:20",
        "10:50",
        "11:20",
        "11:50",
        "12:20",
        "12:50",
        "13:20",
        "13:50",
        "14:20",
        "14:50",
        "15:20",
        "15:50",
        "16:20"
    ],
    "holiday": [
        "9:50",
        "10:20",
        "10:50",
        "11:20",
        "11:50",
        "12:20",
        "12:50",
        "13:20",
        "13:50",
        "14:20",
        "14:50",
        "15:20",
        "15:50",
        "16:20"
    ],
    "url": "https://www.kanachu.co.jp/dia/diagram/timetable01_js/course:0000803669-1/node:00042735/kt:0/lname:/"
}
