{
    "date": "2025/07/12",
    "name": "台町(藤沢市)",
    "position": "-",
    "system": "藤66",
    "destinations": [
        "伊勢山入口",
        "修道院下",
        "修道院前",
        "関東航空前",
        "石原谷",
        "荏原工業団地",
        "茅山(藤沢市)",
        "善行二丁目",
        "善行駅"
    ],
    "weekday": [
        "9:46",
        "10:44"
    ],
    "saturday": [],
    "holiday": [],
    "url": "https://www.kanachu.co.jp/dia/diagram/timetable01_js/course:0000803640-8/node:00127049/kt:0/lname:/"
}
