{
    "date": "2025/10/20",
    "name": "境橋(横浜市緑区)",
    "position": "-",
    "system": "津01",
    "destinations": [
        "岡部谷戸",
        "高尾下(横浜市緑区)",
        "高尾原",
        "柴山",
        "南町田グランベリーパーク駅"
    ],
    "weekday": [
        "8:23",
        "9:28",
        "12:28",
        "13:28",
        "14:58",
        "15:58",
        "17:08"
    ],
    "saturday": [
        "9:38",
        "14:38"
    ],
    "holiday": [
        "9:38",
        "14:38"
    ],
    "url": "https://www.kanachu.co.jp/dia/diagram/timetable01_js/course:0000802502-9/node:00129572/kt:0/lname:/"
}
