{
    "date": "2025/10/20",
    "name": "岡部谷戸",
    "position": "-",
    "system": "津01",
    "destinations": [
        "高尾下(横浜市緑区)",
        "高尾原",
        "柴山",
        "南町田グランベリーパーク駅"
    ],
    "weekday": [
        "8:24",
        "9:29",
        "12:29",
        "13:29",
        "14:59",
        "15:59",
        "17:09"
    ],
    "saturday": [
        "9:39",
        "14:39"
    ],
    "holiday": [
        "9:39",
        "14:39"
    ],
    "url": "https://www.kanachu.co.jp/dia/diagram/timetable01_js/course:0000802502-10/node:00129571/kt:0/lname:/"
}
