{
    "system": "上06",
    "busstops": [
        {
            "index": "1",
            "id": "00126507",
            "name": "天神橋(横浜市栄区)",
            "lat": "35.363475",
            "lng": "139.555167"
        },
        {
            "index": "2",
            "id": "00126550",
            "name": "本郷石橋",
            "lat": "35.365671",
            "lng": "139.558047"
        },
        {
            "index": "3",
            "id": "00126551",
            "name": "鍛冶ヶ谷",
            "lat": "35.368619",
            "lng": "139.5631"
        },
        {
            "index": "4",
            "id": "00126552",
            "name": "七曲",
            "lat": "35.371727",
            "lng": "139.565075"
        },
        {
            "index": "5",
            "id": "00126554",
            "name": "原(横浜市港南区)",
            "lat": "35.375408",
            "lng": "139.566641"
        },
        {
            "index": "6",
            "id": "00102510",
            "name": "港南車庫入口",
            "lat": "35.378765",
            "lng": "139.569802"
        },
        {
            "index": "7",
            "id": "00103008",
            "name": "藤ヶ沢",
            "lat": "35.380556",
            "lng": "139.571649"
        },
        {
            "index": "8",
            "id": "00102359",
            "name": "金井(横浜市港南区)",
            "lat": "35.382651",
            "lng": "139.574428"
        },
        {
            "index": "9",
            "id": "00102574",
            "name": "清水橋(横浜市港南区)",
            "lat": "35.383003",
            "lng": "139.576443"
        },
        {
            "index": "10",
            "id": "00102954",
            "name": "日野(横浜市港南区)",
            "lat": "35.384902",
            "lng": "139.579816"
        },
        {
            "index": "11",
            "id": "00102955",
            "name": "日野小学校前(横浜市港南区)",
            "lat": "35.38734",
            "lng": "139.581405"
        },
        {
            "index": "12",
            "id": "00102994",
            "name": "日野中央公園入口",
            "lat": "35.390344",
            "lng": "139.582423"
        },
        {
            "index": "13",
            "id": "00102958",
            "name": "日野公園墓地入口",
            "lat": "35.393252",
            "lng": "139.58389"
        },
        {
            "index": "14",
            "id": "00102633",
            "name": "新吉原橋",
            "lat": "35.39616",
            "lng": "139.586476"
        },
        {
            "index": "15",
            "id": "00103230",
            "name": "吉原(横浜市港南区)",
            "lat": "35.399159",
            "lng": "139.588277"
        },
        {
            "index": "16",
            "id": "00102499",
            "name": "港南区総合庁舎前",
            "lat": "35.401243",
            "lng": "139.591011"
        },
        {
            "index": "17",
            "id": "00126558",
            "name": "笹下港南中央通り",
            "lat": "35.402284",
            "lng": "139.592948"
        },
        {
            "index": "18",
            "id": "00102671",
            "name": "関の下",
            "lat": "35.405478",
            "lng": "139.595005"
        },
        {
            "index": "19",
            "id": "00102366",
            "name": "上大岡駅",
            "lat": "35.407599",
            "lng": "139.596525"
        }
    ],
    "route_url": "https://www.kanachu.co.jp/dia/route/index/cid:0000800411/"
}
