{
    "date": "2024/03/16",
    "name": "淵野辺駅北口",
    "position": "-",
    "system": "町29",
    "destinations": [
        "幸町(相模原市中央区)",
        "淵野辺郵便局前",
        "小学校入口(相模原市中央区)",
        "山王(相模原市中央区)",
        "山王下(相模原市中央区)",
        "矢部八幡前",
        "桜美林学園前",
        "忠生都営住宅前",
        "根岸(根岸町/町田市)",
        "下根岸(町田市)",
        "上宿(町田市)",
        "忠生公園入口",
        "木曽(町田市)",
        "三家(町田市)",
        "木曽住宅",
        "滝の沢(町田市)",
        "浄水場前(町田市)",
        "市民病院前(町田市)",
        "森野三丁目",
        "保健所入口",
        "森野一丁目",
        "町田バスセンター"
    ],
    "weekday": [
        "6:00",
        "6:28",
        "7:08",
        "7:45",
        "8:21",
        "9:00",
        "10:16",
        "11:36",
        "12:36",
        "13:56",
        "14:36",
        "15:58",
        "16:36",
        "17:39",
        "18:56",
        "19:38"
    ],
    "saturday": [
        "6:25",
        "7:36",
        "8:51",
        "9:58",
        "10:58",
        "12:18",
        "13:37",
        "14:59",
        "15:58",
        "16:58",
        "17:52",
        "18:25"
    ],
    "holiday": [
        "6:55",
        "7:55",
        "8:56",
        "9:37",
        "10:58",
        "11:58",
        "12:37",
        "13:57",
        "15:19",
        "16:39",
        "18:04"
    ],
    "url": "https://www.kanachu.co.jp/dia/diagram/timetable01_js/course:0000803180-1/node:00129246/kt:0/lname:/"
}
