{
    "date": "2024/03/16",
    "name": "淵野辺郵便局前",
    "position": "-",
    "system": "町29",
    "destinations": [
        "小学校入口(相模原市中央区)",
        "山王(相模原市中央区)",
        "山王下(相模原市中央区)",
        "矢部八幡前",
        "桜美林学園前",
        "忠生都営住宅前",
        "根岸(根岸町/町田市)",
        "下根岸(町田市)",
        "上宿(町田市)",
        "忠生公園入口",
        "木曽(町田市)",
        "三家(町田市)",
        "木曽住宅",
        "滝の沢(町田市)",
        "浄水場前(町田市)",
        "市民病院前(町田市)",
        "森野三丁目",
        "保健所入口",
        "森野一丁目",
        "町田バスセンター"
    ],
    "weekday": [
        "6:01",
        "6:29",
        "7:09",
        "7:46",
        "8:22",
        "9:01",
        "10:17",
        "11:37",
        "12:37",
        "13:57",
        "14:37",
        "15:59",
        "16:37",
        "17:40",
        "18:57",
        "19:39"
    ],
    "saturday": [
        "6:26",
        "7:37",
        "8:52",
        "9:59",
        "10:59",
        "12:19",
        "13:38",
        "15:00",
        "15:59",
        "16:59",
        "17:53",
        "18:26"
    ],
    "holiday": [
        "6:56",
        "7:56",
        "8:57",
        "9:38",
        "10:59",
        "11:59",
        "12:38",
        "13:58",
        "15:20",
        "16:40",
        "18:05"
    ],
    "url": "https://www.kanachu.co.jp/dia/diagram/timetable01_js/course:0000803180-3/node:00129309/kt:0/lname:/"
}
