{
    "date": "2024/03/16",
    "name": "矢部八幡前",
    "position": "-",
    "system": "町29",
    "destinations": [
        "桜美林学園前",
        "忠生都営住宅前",
        "根岸(根岸町/町田市)",
        "下根岸(町田市)",
        "上宿(町田市)",
        "忠生公園入口",
        "木曽(町田市)",
        "三家(町田市)",
        "木曽住宅",
        "滝の沢(町田市)",
        "浄水場前(町田市)",
        "市民病院前(町田市)",
        "森野三丁目",
        "保健所入口",
        "森野一丁目",
        "町田バスセンター"
    ],
    "weekday": [
        "6:04",
        "6:32",
        "7:12",
        "7:49",
        "8:25",
        "9:04",
        "10:20",
        "11:40",
        "12:40",
        "14:00",
        "14:40",
        "16:02",
        "16:40",
        "17:43",
        "19:00",
        "19:42"
    ],
    "saturday": [
        "6:29",
        "7:40",
        "8:55",
        "10:02",
        "11:02",
        "12:22",
        "13:41",
        "15:03",
        "16:02",
        "17:02",
        "17:56",
        "18:29"
    ],
    "holiday": [
        "6:59",
        "7:59",
        "9:00",
        "9:41",
        "11:02",
        "12:02",
        "12:41",
        "14:01",
        "15:23",
        "16:43",
        "18:08"
    ],
    "url": "https://www.kanachu.co.jp/dia/diagram/timetable01_js/course:0000803180-7/node:00130113/kt:0/lname:/"
}
