{
    "date": "2024/03/16",
    "name": "忠生都営住宅前",
    "position": "-",
    "system": "町29",
    "destinations": [
        "根岸(根岸町/町田市)",
        "下根岸(町田市)",
        "上宿(町田市)",
        "忠生公園入口",
        "木曽(町田市)",
        "三家(町田市)",
        "木曽住宅",
        "滝の沢(町田市)",
        "浄水場前(町田市)",
        "市民病院前(町田市)",
        "森野三丁目",
        "保健所入口",
        "森野一丁目",
        "町田バスセンター"
    ],
    "weekday": [
        "6:06",
        "6:34",
        "7:14",
        "7:51",
        "8:27",
        "9:07",
        "10:23",
        "11:43",
        "12:43",
        "14:03",
        "14:43",
        "16:05",
        "16:43",
        "17:46",
        "19:03",
        "19:45"
    ],
    "saturday": [
        "6:31",
        "7:42",
        "8:57",
        "10:05",
        "11:05",
        "12:25",
        "13:44",
        "15:06",
        "16:05",
        "17:05",
        "17:59",
        "18:32"
    ],
    "holiday": [
        "7:01",
        "8:01",
        "9:03",
        "9:44",
        "11:05",
        "12:05",
        "12:44",
        "14:04",
        "15:26",
        "16:46",
        "18:11"
    ],
    "url": "https://www.kanachu.co.jp/dia/diagram/timetable01_js/course:0000803180-9/node:00129515/kt:0/lname:/"
}
