{
    "date": "2024/03/16",
    "name": "下根岸(町田市)",
    "position": "-",
    "system": "町29",
    "destinations": [
        "上宿(町田市)",
        "忠生公園入口",
        "木曽(町田市)",
        "三家(町田市)",
        "木曽住宅",
        "滝の沢(町田市)",
        "浄水場前(町田市)",
        "市民病院前(町田市)",
        "森野三丁目",
        "保健所入口",
        "森野一丁目",
        "町田バスセンター"
    ],
    "weekday": [
        "6:09",
        "6:37",
        "7:17",
        "7:54",
        "8:30",
        "9:10",
        "10:26",
        "11:46",
        "12:46",
        "14:06",
        "14:46",
        "16:08",
        "16:46",
        "17:49",
        "19:06",
        "19:48"
    ],
    "saturday": [
        "6:34",
        "7:45",
        "9:00",
        "10:08",
        "11:08",
        "12:28",
        "13:47",
        "15:09",
        "16:08",
        "17:08",
        "18:02",
        "18:35"
    ],
    "holiday": [
        "7:04",
        "8:04",
        "9:06",
        "9:47",
        "11:08",
        "12:08",
        "12:47",
        "14:07",
        "15:29",
        "16:49",
        "18:14"
    ],
    "url": "https://www.kanachu.co.jp/dia/diagram/timetable01_js/course:0000803180-11/node:00129366/kt:0/lname:/"
}
