{
    "date": "2024/03/16",
    "name": "上宿(町田市)",
    "position": "-",
    "system": "町29",
    "destinations": [
        "忠生公園入口",
        "木曽(町田市)",
        "三家(町田市)",
        "木曽住宅",
        "滝の沢(町田市)",
        "浄水場前(町田市)",
        "市民病院前(町田市)",
        "森野三丁目",
        "保健所入口",
        "森野一丁目",
        "町田バスセンター"
    ],
    "weekday": [
        "6:10",
        "6:38",
        "7:18",
        "7:55",
        "8:31",
        "9:11",
        "10:27",
        "11:47",
        "12:47",
        "14:07",
        "14:47",
        "16:09",
        "16:47",
        "17:50",
        "19:07",
        "19:49"
    ],
    "saturday": [
        "6:35",
        "7:46",
        "9:01",
        "10:09",
        "11:09",
        "12:29",
        "13:48",
        "15:10",
        "16:09",
        "17:09",
        "18:03",
        "18:36"
    ],
    "holiday": [
        "7:05",
        "8:05",
        "9:07",
        "9:48",
        "11:09",
        "12:09",
        "12:48",
        "14:08",
        "15:30",
        "16:50",
        "18:15"
    ],
    "url": "https://www.kanachu.co.jp/dia/diagram/timetable01_js/course:0000803180-12/node:00129365/kt:0/lname:/"
}
