{
    "date": "2024/03/16",
    "name": "保健所入口",
    "position": "-",
    "system": "町29",
    "destinations": [
        "森野一丁目",
        "町田バスセンター"
    ],
    "weekday": [
        "6:19",
        "6:47",
        "7:29",
        "8:06",
        "8:42",
        "9:22",
        "10:38",
        "11:58",
        "12:58",
        "14:18",
        "14:58",
        "16:20",
        "16:58",
        "18:02",
        "19:17",
        "19:59"
    ],
    "saturday": [
        "6:44",
        "7:55",
        "9:10",
        "10:18",
        "11:18",
        "12:38",
        "13:57",
        "15:21",
        "16:20",
        "17:20",
        "18:14",
        "18:47"
    ],
    "holiday": [
        "7:14",
        "8:14",
        "9:16",
        "9:57",
        "11:18",
        "12:18",
        "12:57",
        "14:19",
        "15:41",
        "17:01",
        "18:26"
    ],
    "url": "https://www.kanachu.co.jp/dia/diagram/timetable01_js/course:0000803180-21/node:00129418/kt:0/lname:/"
}
