{
    "date": "2025/04/01",
    "name": "平和台入口",
    "position": "-",
    "system": "鶴13",
    "destinations": [
        "きつねくぼ緑地前",
        "鶴川六丁目",
        "広袴",
        "給水塔前(鶴川団地/町田市)",
        "国士舘大学前",
        "鶴川団地"
    ],
    "weekday": [
        "6:48",
        "7:18",
        "7:48",
        "8:18",
        "8:38",
        "9:08",
        "9:38",
        "10:38",
        "11:38",
        "12:38",
        "13:38",
        "14:38",
        "15:38",
        "16:41",
        "17:05",
        "17:41",
        "18:05",
        "18:35",
        "19:10",
        "19:38",
        "20:08",
        "20:44",
        "21:23"
    ],
    "saturday": [
        "7:23",
        "7:53",
        "8:23",
        "8:47",
        "9:47",
        "10:47",
        "11:47",
        "12:47",
        "13:53",
        "14:53",
        "15:53",
        "16:23",
        "16:53",
        "17:20",
        "17:56",
        "18:20",
        "18:56",
        "19:20",
        "20:23",
        "21:28"
    ],
    "holiday": [
        "7:18",
        "8:18",
        "8:47",
        "9:47",
        "10:53",
        "11:53",
        "12:48",
        "13:48",
        "14:48",
        "15:48",
        "16:23",
        "16:53",
        "17:23",
        "17:53",
        "18:23",
        "18:53",
        "19:23",
        "20:28",
        "21:28"
    ],
    "url": "https://www.kanachu.co.jp/dia/diagram/timetable01_js/course:0000803479-3/node:00049329/kt:0/lname:/"
}
