{
    "date": "2025/08/30",
    "name": "上六ツ川",
    "position": "-",
    "system": "東01",
    "destinations": [
        "大池(横浜市南区)",
        "引越坂",
        "こども医療センター",
        "六ツ川四丁目",
        "山谷(横浜市戸塚区)",
        "坂下口",
        "国道平戸",
        "品濃口",
        "坂下(横浜市戸塚区)",
        "品濃町(横浜市戸塚区)",
        "東戸塚駅東口"
    ],
    "weekday": [
        "6:36",
        "7:05",
        "7:21",
        "7:37",
        "7:51",
        "8:03",
        "8:16",
        "8:36",
        "8:59",
        "9:23",
        "9:52",
        "10:30",
        "11:10",
        "11:50",
        "12:30",
        "12:50",
        "13:10",
        "13:50",
        "14:30",
        "15:10",
        "15:44",
        "16:12",
        "16:44",
        "17:14",
        "17:44",
        "18:14",
        "18:44",
        "19:14",
        "19:44",
        "20:14",
        "20:44",
        "21:13",
        "21:44"
    ],
    "saturday": [
        "7:20",
        "7:50",
        "8:20",
        "8:50",
        "9:20",
        "9:50",
        "10:20",
        "10:50",
        "11:10",
        "11:44",
        "12:29",
        "13:14",
        "14:01",
        "14:46",
        "15:31",
        "16:16",
        "17:01",
        "17:46",
        "18:31",
        "19:16",
        "19:59",
        "20:44",
        "21:29"
    ],
    "holiday": [
        "7:20",
        "7:50",
        "8:20",
        "8:50",
        "9:20",
        "9:50",
        "10:20",
        "10:50",
        "11:10",
        "11:44",
        "12:29",
        "13:14",
        "14:01",
        "14:46",
        "15:31",
        "16:16",
        "17:01",
        "17:46",
        "18:31",
        "19:16",
        "19:59",
        "20:44",
        "21:29"
    ],
    "url": "https://www.kanachu.co.jp/dia/diagram/timetable01_js/course:0000803835-7/node:00126626/kt:0/lname:/"
}
