{
    "date": "2025/08/30",
    "name": "山谷(横浜市戸塚区)",
    "position": "-",
    "system": "東01",
    "destinations": [
        "坂下口",
        "国道平戸",
        "品濃口",
        "坂下(横浜市戸塚区)",
        "品濃町(横浜市戸塚区)",
        "東戸塚駅東口"
    ],
    "weekday": [
        "6:47",
        "7:16",
        "7:32",
        "7:48",
        "8:02",
        "8:14",
        "8:27",
        "8:47",
        "9:10",
        "9:34",
        "10:03",
        "10:41",
        "11:21",
        "12:01",
        "12:41",
        "13:01",
        "13:21",
        "14:01",
        "14:41",
        "15:21",
        "15:55",
        "16:23",
        "16:55",
        "17:25",
        "17:55",
        "18:25",
        "18:55",
        "19:25",
        "19:55",
        "20:25",
        "20:55",
        "21:24",
        "21:55"
    ],
    "saturday": [
        "7:30",
        "8:00",
        "8:31",
        "9:01",
        "9:31",
        "10:01",
        "10:31",
        "11:01",
        "11:21",
        "11:55",
        "12:40",
        "13:25",
        "14:12",
        "14:57",
        "15:42",
        "16:27",
        "17:12",
        "17:57",
        "18:42",
        "19:26",
        "20:09",
        "20:54",
        "21:39"
    ],
    "holiday": [
        "7:30",
        "8:00",
        "8:31",
        "9:01",
        "9:31",
        "10:01",
        "10:31",
        "11:01",
        "11:21",
        "11:55",
        "12:40",
        "13:25",
        "14:12",
        "14:57",
        "15:42",
        "16:27",
        "17:12",
        "17:57",
        "18:42",
        "19:26",
        "20:09",
        "20:54",
        "21:39"
    ],
    "url": "https://www.kanachu.co.jp/dia/diagram/timetable01_js/course:0000803835-12/node:00126620/kt:0/lname:/"
}
