{
    "date": "2025/01/14",
    "name": "学校入口(愛甲郡愛川町)",
    "position": "-",
    "system": "厚02",
    "destinations": [
        "原下(愛甲郡愛川町)",
        "愛川橋",
        "深沢尻",
        "馬渡(愛甲郡愛川町)",
        "田代坂上",
        "田代坂下",
        "愛川田代局前",
        "田代(愛甲郡愛川町)",
        "半僧坊前",
        "平山坂上",
        "上荻野車庫前",
        "上荻野",
        "新道橋(厚木市)",
        "相州病院",
        "源氏河原",
        "泉(厚木市)",
        "久保(厚木市)",
        "東谷戸入口",
        "荻野神社入口",
        "鳶尾山前",
        "稲荷木",
        "公所(厚木市)",
        "桝割",
        "子合",
        "荻野新宿",
        "宿原入口",
        "糀屋前(厚木市)",
        "松蓮寺",
        "妻田薬師",
        "中村入口(厚木市)",
        "妻田",
        "三家入口(厚木市)",
        "木売場",
        "市立病院前(厚木市)",
        "税務署入口(厚木市)",
        "市役所入口(厚木市)",
        "本厚木駅",
        "厚木バスセンター"
    ],
    "weekday": [
        "5:41",
        "6:01",
        "6:21",
        "6:41",
        "7:01",
        "7:21",
        "7:46",
        "8:16",
        "8:46",
        "9:21",
        "10:01",
        "10:41",
        "11:31",
        "12:31",
        "13:31",
        "14:31",
        "15:31",
        "16:31",
        "17:21",
        "18:01",
        "18:31",
        "19:16"
    ],
    "saturday": [
        "5:43",
        "6:33",
        "7:03",
        "8:03",
        "9:03",
        "10:03",
        "10:58",
        "11:58",
        "12:58",
        "13:57",
        "15:03",
        "16:03",
        "17:03",
        "18:03",
        "19:13"
    ],
    "holiday": [
        "5:43",
        "6:43",
        "7:23",
        "8:03",
        "9:03",
        "9:58",
        "10:58",
        "11:58",
        "12:58",
        "13:58",
        "15:03",
        "16:03",
        "17:03",
        "18:03",
        "19:08"
    ],
    "url": "https://www.kanachu.co.jp/dia/diagram/timetable01_js/course:0000801791-3/node:00128293/kt:0/lname:/"
}
