{
    "date": "2025/01/14",
    "name": "原下(愛甲郡愛川町)",
    "position": "-",
    "system": "厚02",
    "destinations": [
        "愛川橋",
        "深沢尻",
        "馬渡(愛甲郡愛川町)",
        "田代坂上",
        "田代坂下",
        "愛川田代局前",
        "田代(愛甲郡愛川町)",
        "半僧坊前",
        "平山坂上",
        "上荻野車庫前",
        "上荻野",
        "新道橋(厚木市)",
        "相州病院",
        "源氏河原",
        "泉(厚木市)",
        "久保(厚木市)",
        "東谷戸入口",
        "荻野神社入口",
        "鳶尾山前",
        "稲荷木",
        "公所(厚木市)",
        "桝割",
        "子合",
        "荻野新宿",
        "宿原入口",
        "糀屋前(厚木市)",
        "松蓮寺",
        "妻田薬師",
        "中村入口(厚木市)",
        "妻田",
        "三家入口(厚木市)",
        "木売場",
        "市立病院前(厚木市)",
        "税務署入口(厚木市)",
        "市役所入口(厚木市)",
        "本厚木駅",
        "厚木バスセンター"
    ],
    "weekday": [
        "5:42",
        "6:02",
        "6:22",
        "6:42",
        "7:02",
        "7:22",
        "7:47",
        "8:17",
        "8:47",
        "9:22",
        "10:02",
        "10:42",
        "11:32",
        "12:32",
        "13:32",
        "14:32",
        "15:32",
        "16:32",
        "17:22",
        "18:02",
        "18:32",
        "19:17"
    ],
    "saturday": [
        "5:44",
        "6:34",
        "7:04",
        "8:04",
        "9:04",
        "10:04",
        "10:59",
        "11:59",
        "12:59",
        "13:58",
        "15:04",
        "16:04",
        "17:04",
        "18:04",
        "19:14"
    ],
    "holiday": [
        "5:44",
        "6:44",
        "7:24",
        "8:04",
        "9:04",
        "9:59",
        "10:59",
        "11:59",
        "12:59",
        "13:59",
        "15:04",
        "16:04",
        "17:04",
        "18:04",
        "19:09"
    ],
    "url": "https://www.kanachu.co.jp/dia/diagram/timetable01_js/course:0000801791-4/node:00128292/kt:0/lname:/"
}
