{
    "date": "2025/01/14",
    "name": "田代坂下",
    "position": "-",
    "system": "厚02",
    "destinations": [
        "愛川田代局前",
        "田代(愛甲郡愛川町)",
        "半僧坊前",
        "平山坂上",
        "上荻野車庫前",
        "上荻野",
        "新道橋(厚木市)",
        "相州病院",
        "源氏河原",
        "泉(厚木市)",
        "久保(厚木市)",
        "東谷戸入口",
        "荻野神社入口",
        "鳶尾山前",
        "稲荷木",
        "公所(厚木市)",
        "桝割",
        "子合",
        "荻野新宿",
        "宿原入口",
        "糀屋前(厚木市)",
        "松蓮寺",
        "妻田薬師",
        "中村入口(厚木市)",
        "妻田",
        "三家入口(厚木市)",
        "木売場",
        "市立病院前(厚木市)",
        "税務署入口(厚木市)",
        "市役所入口(厚木市)",
        "本厚木駅",
        "厚木バスセンター"
    ],
    "weekday": [
        "5:46",
        "6:06",
        "6:26",
        "6:46",
        "7:06",
        "7:26",
        "7:51",
        "8:21",
        "8:51",
        "9:26",
        "10:06",
        "10:46",
        "11:36",
        "12:36",
        "13:36",
        "14:36",
        "15:36",
        "16:36",
        "17:26",
        "18:06",
        "18:36",
        "19:21"
    ],
    "saturday": [
        "5:48",
        "6:38",
        "7:08",
        "8:08",
        "9:08",
        "10:08",
        "11:03",
        "12:03",
        "13:03",
        "14:02",
        "15:08",
        "16:08",
        "17:08",
        "18:08",
        "19:18"
    ],
    "holiday": [
        "5:48",
        "6:48",
        "7:28",
        "8:08",
        "9:08",
        "10:03",
        "11:03",
        "12:03",
        "13:03",
        "14:03",
        "15:08",
        "16:08",
        "17:08",
        "18:08",
        "19:13"
    ],
    "url": "https://www.kanachu.co.jp/dia/diagram/timetable01_js/course:0000801791-9/node:00128287/kt:0/lname:/"
}
