{
    "date": "2025/01/14",
    "name": "上荻野車庫前",
    "position": "-",
    "system": "厚02",
    "destinations": [
        "上荻野",
        "新道橋(厚木市)",
        "相州病院",
        "源氏河原",
        "泉(厚木市)",
        "久保(厚木市)",
        "東谷戸入口",
        "荻野神社入口",
        "鳶尾山前",
        "稲荷木",
        "公所(厚木市)",
        "桝割",
        "子合",
        "荻野新宿",
        "宿原入口",
        "糀屋前(厚木市)",
        "松蓮寺",
        "妻田薬師",
        "中村入口(厚木市)",
        "妻田",
        "三家入口(厚木市)",
        "木売場",
        "市立病院前(厚木市)",
        "税務署入口(厚木市)",
        "市役所入口(厚木市)",
        "本厚木駅",
        "厚木バスセンター"
    ],
    "weekday": [
        "5:52",
        "6:12",
        "6:32",
        "6:52",
        "7:12",
        "7:32",
        "7:57",
        "8:27",
        "8:57",
        "9:32",
        "10:12",
        "10:52",
        "11:42",
        "12:42",
        "13:42",
        "14:42",
        "15:42",
        "16:42",
        "17:32",
        "18:12",
        "18:42",
        "19:27"
    ],
    "saturday": [
        "5:54",
        "6:44",
        "7:14",
        "8:14",
        "9:14",
        "10:14",
        "11:09",
        "12:09",
        "13:09",
        "14:08",
        "15:14",
        "16:14",
        "17:14",
        "18:14",
        "19:24"
    ],
    "holiday": [
        "5:54",
        "6:54",
        "7:34",
        "8:14",
        "9:14",
        "10:09",
        "11:09",
        "12:09",
        "13:09",
        "14:09",
        "15:14",
        "16:14",
        "17:14",
        "18:14",
        "19:19"
    ],
    "url": "https://www.kanachu.co.jp/dia/diagram/timetable01_js/course:0000801791-14/node:00128282/kt:0/lname:/"
}
