{
    "date": "2025/01/14",
    "name": "新道橋(厚木市)",
    "position": "-",
    "system": "厚02",
    "destinations": [
        "相州病院",
        "源氏河原",
        "泉(厚木市)",
        "久保(厚木市)",
        "東谷戸入口",
        "荻野神社入口",
        "鳶尾山前",
        "稲荷木",
        "公所(厚木市)",
        "桝割",
        "子合",
        "荻野新宿",
        "宿原入口",
        "糀屋前(厚木市)",
        "松蓮寺",
        "妻田薬師",
        "中村入口(厚木市)",
        "妻田",
        "三家入口(厚木市)",
        "木売場",
        "市立病院前(厚木市)",
        "税務署入口(厚木市)",
        "市役所入口(厚木市)",
        "本厚木駅",
        "厚木バスセンター"
    ],
    "weekday": [
        "5:54",
        "6:14",
        "6:34",
        "6:54",
        "7:14",
        "7:34",
        "7:59",
        "8:29",
        "8:59",
        "9:34",
        "10:14",
        "10:54",
        "11:44",
        "12:44",
        "13:44",
        "14:44",
        "15:44",
        "16:44",
        "17:34",
        "18:14",
        "18:44",
        "19:29"
    ],
    "saturday": [
        "5:56",
        "6:46",
        "7:16",
        "8:16",
        "9:16",
        "10:16",
        "11:11",
        "12:11",
        "13:11",
        "14:10",
        "15:16",
        "16:16",
        "17:16",
        "18:16",
        "19:26"
    ],
    "holiday": [
        "5:56",
        "6:56",
        "7:36",
        "8:16",
        "9:16",
        "10:11",
        "11:11",
        "12:11",
        "13:11",
        "14:11",
        "15:16",
        "16:16",
        "17:16",
        "18:16",
        "19:21"
    ],
    "url": "https://www.kanachu.co.jp/dia/diagram/timetable01_js/course:0000801791-16/node:00128280/kt:0/lname:/"
}
