{
    "date": "2025/01/14",
    "name": "源氏河原",
    "position": "-",
    "system": "厚02",
    "destinations": [
        "泉(厚木市)",
        "久保(厚木市)",
        "東谷戸入口",
        "荻野神社入口",
        "鳶尾山前",
        "稲荷木",
        "公所(厚木市)",
        "桝割",
        "子合",
        "荻野新宿",
        "宿原入口",
        "糀屋前(厚木市)",
        "松蓮寺",
        "妻田薬師",
        "中村入口(厚木市)",
        "妻田",
        "三家入口(厚木市)",
        "木売場",
        "市立病院前(厚木市)",
        "税務署入口(厚木市)",
        "市役所入口(厚木市)",
        "本厚木駅",
        "厚木バスセンター"
    ],
    "weekday": [
        "5:55",
        "6:15",
        "6:35",
        "6:55",
        "7:15",
        "7:35",
        "8:00",
        "8:30",
        "9:00",
        "9:35",
        "10:15",
        "10:55",
        "11:45",
        "12:45",
        "13:45",
        "14:45",
        "15:45",
        "16:45",
        "17:35",
        "18:15",
        "18:45",
        "19:30"
    ],
    "saturday": [
        "5:57",
        "6:47",
        "7:17",
        "8:17",
        "9:17",
        "10:17",
        "11:12",
        "12:12",
        "13:12",
        "14:11",
        "15:17",
        "16:17",
        "17:17",
        "18:17",
        "19:27"
    ],
    "holiday": [
        "5:57",
        "6:57",
        "7:37",
        "8:17",
        "9:17",
        "10:12",
        "11:12",
        "12:12",
        "13:12",
        "14:12",
        "15:17",
        "16:17",
        "17:17",
        "18:17",
        "19:22"
    ],
    "url": "https://www.kanachu.co.jp/dia/diagram/timetable01_js/course:0000801791-18/node:00128278/kt:0/lname:/"
}
