{
    "date": "2025/01/14",
    "name": "公所(厚木市)",
    "position": "-",
    "system": "厚02",
    "destinations": [
        "桝割",
        "子合",
        "荻野新宿",
        "宿原入口",
        "糀屋前(厚木市)",
        "松蓮寺",
        "妻田薬師",
        "中村入口(厚木市)",
        "妻田",
        "三家入口(厚木市)",
        "木売場",
        "市立病院前(厚木市)",
        "税務署入口(厚木市)",
        "市役所入口(厚木市)",
        "本厚木駅",
        "厚木バスセンター"
    ],
    "weekday": [
        "6:01",
        "6:21",
        "6:41",
        "7:01",
        "7:21",
        "7:41",
        "8:06",
        "8:36",
        "9:06",
        "9:41",
        "10:21",
        "11:01",
        "11:51",
        "12:51",
        "13:51",
        "14:51",
        "15:51",
        "16:51",
        "17:41",
        "18:21",
        "18:51",
        "19:36"
    ],
    "saturday": [
        "6:03",
        "6:53",
        "7:23",
        "8:23",
        "9:23",
        "10:23",
        "11:18",
        "12:18",
        "13:18",
        "14:17",
        "15:23",
        "16:23",
        "17:23",
        "18:23",
        "19:33"
    ],
    "holiday": [
        "6:03",
        "7:03",
        "7:43",
        "8:23",
        "9:23",
        "10:18",
        "11:18",
        "12:18",
        "13:18",
        "14:18",
        "15:23",
        "16:23",
        "17:23",
        "18:23",
        "19:28"
    ],
    "url": "https://www.kanachu.co.jp/dia/diagram/timetable01_js/course:0000801791-25/node:00128271/kt:0/lname:/"
}
