{
    "date": "2025/01/14",
    "name": "荻野新宿",
    "position": "-",
    "system": "厚02",
    "destinations": [
        "宿原入口",
        "糀屋前(厚木市)",
        "松蓮寺",
        "妻田薬師",
        "中村入口(厚木市)",
        "妻田",
        "三家入口(厚木市)",
        "木売場",
        "市立病院前(厚木市)",
        "税務署入口(厚木市)",
        "市役所入口(厚木市)",
        "本厚木駅",
        "厚木バスセンター"
    ],
    "weekday": [
        "6:04",
        "6:24",
        "6:44",
        "7:04",
        "7:24",
        "7:44",
        "8:09",
        "8:39",
        "9:09",
        "9:44",
        "10:24",
        "11:04",
        "11:54",
        "12:54",
        "13:54",
        "14:54",
        "15:54",
        "16:54",
        "17:44",
        "18:24",
        "18:54",
        "19:39"
    ],
    "saturday": [
        "6:06",
        "6:56",
        "7:26",
        "8:26",
        "9:26",
        "10:26",
        "11:21",
        "12:21",
        "13:21",
        "14:20",
        "15:26",
        "16:26",
        "17:26",
        "18:26",
        "19:36"
    ],
    "holiday": [
        "6:06",
        "7:06",
        "7:46",
        "8:26",
        "9:26",
        "10:21",
        "11:21",
        "12:21",
        "13:21",
        "14:21",
        "15:26",
        "16:26",
        "17:26",
        "18:26",
        "19:31"
    ],
    "url": "https://www.kanachu.co.jp/dia/diagram/timetable01_js/course:0000801791-28/node:00128268/kt:0/lname:/"
}
