{
    "date": "2025/01/14",
    "name": "妻田",
    "position": "-",
    "system": "厚02",
    "destinations": [
        "三家入口(厚木市)",
        "木売場",
        "市立病院前(厚木市)",
        "税務署入口(厚木市)",
        "市役所入口(厚木市)",
        "本厚木駅",
        "厚木バスセンター"
    ],
    "weekday": [
        "6:13",
        "6:33",
        "6:53",
        "7:13",
        "7:34",
        "7:55",
        "8:20",
        "8:50",
        "9:20",
        "9:55",
        "10:35",
        "11:15",
        "12:05",
        "13:05",
        "14:05",
        "15:05",
        "16:05",
        "17:05",
        "17:55",
        "18:35",
        "19:04",
        "19:47"
    ],
    "saturday": [
        "6:13",
        "7:03",
        "7:34",
        "8:35",
        "9:36",
        "10:36",
        "11:31",
        "12:31",
        "13:31",
        "14:30",
        "15:38",
        "16:38",
        "17:38",
        "18:38",
        "19:44"
    ],
    "holiday": [
        "6:13",
        "7:13",
        "7:53",
        "8:34",
        "9:34",
        "10:31",
        "11:31",
        "12:31",
        "13:31",
        "14:31",
        "15:38",
        "16:38",
        "17:38",
        "18:38",
        "19:40"
    ],
    "url": "https://www.kanachu.co.jp/dia/diagram/timetable01_js/course:0000801791-34/node:00128262/kt:0/lname:/"
}
