{
    "date": "2025/01/14",
    "name": "市役所入口(厚木市)",
    "position": "-",
    "system": "厚02",
    "destinations": [
        "本厚木駅",
        "厚木バスセンター"
    ],
    "weekday": [
        "6:20",
        "6:40",
        "7:00",
        "7:20",
        "7:44",
        "8:05",
        "8:30",
        "9:00",
        "9:27",
        "10:02",
        "10:42",
        "11:22",
        "12:12",
        "13:12",
        "14:12",
        "15:12",
        "16:14",
        "17:14",
        "18:04",
        "18:44",
        "19:10",
        "19:53"
    ],
    "saturday": [
        "6:19",
        "7:09",
        "7:41",
        "8:42",
        "9:44",
        "10:44",
        "11:39",
        "12:39",
        "13:39",
        "14:38",
        "15:46",
        "16:46",
        "17:46",
        "18:46",
        "19:50"
    ],
    "holiday": [
        "6:19",
        "7:19",
        "7:59",
        "8:40",
        "9:40",
        "10:39",
        "11:39",
        "12:39",
        "13:39",
        "14:39",
        "15:45",
        "16:45",
        "17:45",
        "18:45",
        "19:47"
    ],
    "url": "https://www.kanachu.co.jp/dia/diagram/timetable01_js/course:0000801791-39/node:00128396/kt:0/lname:/"
}
