{
    "date": "2024/10/01",
    "name": "法国寺入口",
    "position": "-",
    "system": "",
    "destinations": [
        "鴨居七丁目",
        "新井小学校下",
        "新井町",
        "公民館前(横浜市保土ケ谷区)",
        "稲荷通",
        "金草沢",
        "千丸台団地",
        "さわやか苑前",
        "白山高校",
        "白山坂上",
        "白山みどり",
        "白山中央",
        "白山二丁目(横浜市緑区)",
        "白山一丁目(横浜市緑区)",
        "鴨居橋",
        "鴨居駅"
    ],
    "weekday": [
        "6:37",
        "7:22",
        "7:52",
        "8:07",
        "8:22",
        "8:37",
        "8:52",
        "9:07",
        "9:37",
        "10:17",
        "11:07",
        "11:37",
        "12:07",
        "13:07",
        "14:37",
        "15:07",
        "15:47",
        "16:27",
        "16:47",
        "17:07",
        "17:57",
        "19:07",
        "20:07",
        "21:22",
        "21:52"
    ],
    "saturday": [
        "6:36",
        "8:06",
        "9:37",
        "10:22",
        "11:52",
        "12:37",
        "13:07",
        "14:07",
        "15:37",
        "16:22",
        "17:08",
        "17:53",
        "18:38",
        "20:06",
        "20:51"
    ],
    "holiday": [
        "6:36",
        "8:06",
        "9:37",
        "10:22",
        "11:52",
        "12:37",
        "13:07",
        "14:07",
        "15:37",
        "16:22",
        "17:07",
        "17:52",
        "18:37",
        "20:16",
        "20:51"
    ],
    "url": "https://www.kanachu.co.jp/dia/diagram/timetable01_js/course:0000802184-5/node:00103071/kt:0/lname:/"
}
