{
    "date": "2024/10/01",
    "name": "新井小学校下",
    "position": "-",
    "system": "119",
    "destinations": [
        "新井町",
        "公民館前(横浜市保土ケ谷区)",
        "稲荷通",
        "金草沢",
        "千丸台団地",
        "さわやか苑前",
        "白山高校",
        "白山坂上",
        "白山みどり",
        "白山中央",
        "白山二丁目(横浜市緑区)",
        "白山一丁目(横浜市緑区)",
        "鴨居橋",
        "鴨居駅"
    ],
    "weekday": [
        "6:41",
        "7:27",
        "7:57",
        "8:12",
        "8:27",
        "8:42",
        "8:57",
        "9:12",
        "9:42",
        "10:22",
        "11:12",
        "11:42",
        "12:12",
        "13:12",
        "14:42",
        "15:12",
        "15:52",
        "16:32",
        "16:52",
        "17:12",
        "18:02",
        "19:12",
        "20:12",
        "21:27",
        "21:57"
    ],
    "saturday": [
        "6:40",
        "8:10",
        "9:41",
        "10:26",
        "11:56",
        "12:41",
        "13:11",
        "14:11",
        "15:41",
        "16:26",
        "17:12",
        "17:57",
        "18:42",
        "20:10",
        "20:55"
    ],
    "holiday": [
        "6:40",
        "8:10",
        "9:41",
        "10:26",
        "11:56",
        "12:41",
        "13:11",
        "14:11",
        "15:41",
        "16:26",
        "17:11",
        "17:56",
        "18:41",
        "20:20",
        "20:55"
    ],
    "url": "https://www.kanachu.co.jp/dia/diagram/timetable01_js/course:0000802184-7/node:00102222/kt:0/lname:/"
}
