{
    "date": "2024/10/01",
    "name": "新井町",
    "position": "-",
    "system": "",
    "destinations": [
        "公民館前(横浜市保土ケ谷区)",
        "稲荷通",
        "金草沢",
        "千丸台団地",
        "さわやか苑前",
        "白山高校",
        "白山坂上",
        "白山みどり",
        "白山中央",
        "白山二丁目(横浜市緑区)",
        "白山一丁目(横浜市緑区)",
        "鴨居橋",
        "鴨居駅"
    ],
    "weekday": [
        "6:42",
        "7:28",
        "7:58",
        "8:13",
        "8:28",
        "8:43",
        "8:58",
        "9:13",
        "9:43",
        "10:23",
        "11:13",
        "11:43",
        "12:13",
        "13:13",
        "14:43",
        "15:13",
        "15:53",
        "16:33",
        "16:53",
        "17:13",
        "18:03",
        "19:13",
        "20:13",
        "21:28",
        "21:58"
    ],
    "saturday": [
        "6:41",
        "8:11",
        "9:43",
        "10:28",
        "11:58",
        "12:43",
        "13:13",
        "14:13",
        "15:43",
        "16:28",
        "17:14",
        "17:59",
        "18:44",
        "20:11",
        "20:56"
    ],
    "holiday": [
        "6:41",
        "8:11",
        "9:43",
        "10:28",
        "11:58",
        "12:43",
        "13:13",
        "14:13",
        "15:43",
        "16:28",
        "17:13",
        "17:58",
        "18:43",
        "20:21",
        "20:56"
    ],
    "url": "https://www.kanachu.co.jp/dia/diagram/timetable01_js/course:0000802184-8/node:00102223/kt:0/lname:/"
}
