{
    "date": "2024/10/01",
    "name": "公民館前(横浜市保土ケ谷区)",
    "position": "-",
    "system": "",
    "destinations": [
        "稲荷通",
        "金草沢",
        "千丸台団地",
        "さわやか苑前",
        "白山高校",
        "白山坂上",
        "白山みどり",
        "白山中央",
        "白山二丁目(横浜市緑区)",
        "白山一丁目(横浜市緑区)",
        "鴨居橋",
        "鴨居駅"
    ],
    "weekday": [
        "6:43",
        "7:29",
        "7:59",
        "8:14",
        "8:29",
        "8:44",
        "8:59",
        "9:14",
        "9:44",
        "10:24",
        "11:14",
        "11:44",
        "12:14",
        "13:14",
        "14:44",
        "15:14",
        "15:54",
        "16:34",
        "16:54",
        "17:14",
        "18:04",
        "19:14",
        "20:14",
        "21:29",
        "21:59"
    ],
    "saturday": [
        "6:42",
        "8:12",
        "9:44",
        "10:29",
        "11:59",
        "12:44",
        "13:14",
        "14:14",
        "15:44",
        "16:29",
        "17:15",
        "18:00",
        "18:45",
        "20:12",
        "20:57"
    ],
    "holiday": [
        "6:42",
        "8:12",
        "9:44",
        "10:29",
        "11:59",
        "12:44",
        "13:14",
        "14:14",
        "15:44",
        "16:29",
        "17:14",
        "17:59",
        "18:44",
        "20:22",
        "20:57"
    ],
    "url": "https://www.kanachu.co.jp/dia/diagram/timetable01_js/course:0000802184-9/node:00102515/kt:0/lname:/"
}
