{
    "date": "2024/10/01",
    "name": "金草沢",
    "position": "-",
    "system": "",
    "destinations": [
        "千丸台団地",
        "さわやか苑前",
        "白山高校",
        "白山坂上",
        "白山みどり",
        "白山中央",
        "白山二丁目(横浜市緑区)",
        "白山一丁目(横浜市緑区)",
        "鴨居橋",
        "鴨居駅"
    ],
    "weekday": [
        "6:45",
        "7:32",
        "8:02",
        "8:17",
        "8:32",
        "8:47",
        "9:02",
        "9:17",
        "9:47",
        "10:27",
        "11:17",
        "11:47",
        "12:17",
        "13:17",
        "14:47",
        "15:17",
        "15:57",
        "16:37",
        "16:57",
        "17:17",
        "18:07",
        "19:17",
        "20:17",
        "21:32",
        "22:02"
    ],
    "saturday": [
        "6:44",
        "8:14",
        "9:46",
        "10:31",
        "12:01",
        "12:46",
        "13:16",
        "14:16",
        "15:46",
        "16:31",
        "17:17",
        "18:02",
        "18:47",
        "20:14",
        "20:59"
    ],
    "holiday": [
        "6:44",
        "8:14",
        "9:46",
        "10:31",
        "12:01",
        "12:46",
        "13:16",
        "14:16",
        "15:46",
        "16:31",
        "17:16",
        "18:01",
        "18:46",
        "20:24",
        "20:59"
    ],
    "url": "https://www.kanachu.co.jp/dia/diagram/timetable01_js/course:0000802184-11/node:00102361/kt:0/lname:/"
}
