{
    "date": "2024/10/01",
    "name": "白山坂上",
    "position": "-",
    "system": "",
    "destinations": [
        "白山みどり",
        "白山中央",
        "白山二丁目(横浜市緑区)",
        "白山一丁目(横浜市緑区)",
        "鴨居橋",
        "鴨居駅"
    ],
    "weekday": [
        "6:53",
        "7:40",
        "8:10",
        "8:25",
        "8:40",
        "8:55",
        "9:10",
        "9:25",
        "9:55",
        "10:35",
        "11:25",
        "11:55",
        "12:25",
        "13:25",
        "14:55",
        "15:25",
        "16:05",
        "16:45",
        "17:05",
        "17:25",
        "18:15",
        "19:25",
        "20:25",
        "21:40",
        "22:10"
    ],
    "saturday": [
        "6:51",
        "8:21",
        "9:53",
        "10:38",
        "12:08",
        "12:53",
        "13:23",
        "14:23",
        "15:53",
        "16:38",
        "17:25",
        "18:10",
        "18:55",
        "20:21",
        "21:06"
    ],
    "holiday": [
        "6:51",
        "8:21",
        "9:53",
        "10:38",
        "12:08",
        "12:53",
        "13:23",
        "14:23",
        "15:53",
        "16:38",
        "17:23",
        "18:08",
        "18:53",
        "20:31",
        "21:06"
    ],
    "url": "https://www.kanachu.co.jp/dia/diagram/timetable01_js/course:0000802184-15/node:00102932/kt:0/lname:/"
}
