{
    "date": "2024/10/01",
    "name": "白山中央",
    "position": "-",
    "system": "",
    "destinations": [
        "白山二丁目(横浜市緑区)",
        "白山一丁目(横浜市緑区)",
        "鴨居橋",
        "鴨居駅"
    ],
    "weekday": [
        "6:55",
        "7:42",
        "8:12",
        "8:27",
        "8:42",
        "8:57",
        "9:12",
        "9:27",
        "9:57",
        "10:37",
        "11:27",
        "11:57",
        "12:27",
        "13:27",
        "14:57",
        "15:27",
        "16:07",
        "16:47",
        "17:07",
        "17:27",
        "18:17",
        "19:27",
        "20:27",
        "21:42",
        "22:12"
    ],
    "saturday": [
        "6:53",
        "8:23",
        "9:55",
        "10:40",
        "12:10",
        "12:55",
        "13:25",
        "14:25",
        "15:55",
        "16:40",
        "17:27",
        "18:12",
        "18:57",
        "20:23",
        "21:08"
    ],
    "holiday": [
        "6:53",
        "8:23",
        "9:55",
        "10:40",
        "12:10",
        "12:55",
        "13:25",
        "14:25",
        "15:55",
        "16:40",
        "17:25",
        "18:10",
        "18:55",
        "20:33",
        "21:08"
    ],
    "url": "https://www.kanachu.co.jp/dia/diagram/timetable01_js/course:0000802184-17/node:00102933/kt:0/lname:/"
}
