{
    "date": "2024/10/01",
    "name": "白山一丁目(横浜市緑区)",
    "position": "-",
    "system": "119",
    "destinations": [
        "鴨居橋",
        "鴨居駅"
    ],
    "weekday": [
        "6:58",
        "7:45",
        "8:15",
        "8:30",
        "8:45",
        "9:00",
        "9:15",
        "9:30",
        "10:00",
        "10:40",
        "11:30",
        "12:00",
        "12:30",
        "13:30",
        "15:00",
        "15:30",
        "16:10",
        "16:50",
        "17:10",
        "17:30",
        "18:20",
        "19:30",
        "20:30",
        "21:45",
        "22:15"
    ],
    "saturday": [
        "6:56",
        "8:26",
        "9:58",
        "10:43",
        "12:13",
        "12:58",
        "13:28",
        "14:28",
        "15:58",
        "16:43",
        "17:30",
        "18:15",
        "19:00",
        "20:26",
        "21:11"
    ],
    "holiday": [
        "6:56",
        "8:26",
        "9:58",
        "10:43",
        "12:13",
        "12:58",
        "13:28",
        "14:28",
        "15:58",
        "16:43",
        "17:28",
        "18:13",
        "18:58",
        "20:36",
        "21:11"
    ],
    "url": "https://www.kanachu.co.jp/dia/diagram/timetable01_js/course:0000802184-19/node:00102938/kt:0/lname:/"
}
