{
    "date": "2026/01/16",
    "name": "市民文化センター前(綾瀬市)",
    "position": "-",
    "system": "長38",
    "destinations": [
        "綾瀬市役所",
        "綾瀬タウンヒルズ前",
        "中郷(綾瀬市)",
        "綾瀬小学校前",
        "綾瀬農協前",
        "大邸",
        "大法寺(綾瀬市)",
        "上落合(綾瀬市)",
        "落合(綾瀬市)",
        "中川橋",
        "上土棚",
        "並塚",
        "上谷台",
        "長後駅西口"
    ],
    "weekday": [
        "10:01",
        "10:31",
        "11:01",
        "11:31",
        "12:01",
        "12:31",
        "13:01",
        "13:31",
        "14:01",
        "14:31",
        "15:01",
        "15:31",
        "16:01",
        "16:36",
        "17:01",
        "17:46",
        "18:01",
        "18:30"
    ],
    "saturday": [],
    "holiday": [],
    "url": "https://www.kanachu.co.jp/dia/diagram/timetable01_js/course:0000804004-3/node:00129861/kt:0/lname:/"
}
