{
    "date": "2026/01/16",
    "name": "上落合(綾瀬市)",
    "position": "-",
    "system": "長38",
    "destinations": [
        "落合(綾瀬市)",
        "中川橋",
        "上土棚",
        "並塚",
        "上谷台",
        "長後駅西口"
    ],
    "weekday": [
        "10:13",
        "10:43",
        "11:13",
        "11:43",
        "12:13",
        "12:43",
        "13:13",
        "13:43",
        "14:13",
        "14:43",
        "15:13",
        "15:43",
        "16:13",
        "16:48",
        "17:13",
        "17:58",
        "18:13",
        "18:42"
    ],
    "saturday": [],
    "holiday": [],
    "url": "https://www.kanachu.co.jp/dia/diagram/timetable01_js/course:0000804004-11/node:00129990/kt:0/lname:/"
}
