{
    "date": "2026/01/16",
    "name": "上土棚",
    "position": "-",
    "system": "長38",
    "destinations": [
        "並塚",
        "上谷台",
        "長後駅西口"
    ],
    "weekday": [
        "10:16",
        "10:46",
        "11:16",
        "11:46",
        "12:16",
        "12:46",
        "13:16",
        "13:46",
        "14:16",
        "14:46",
        "15:16",
        "15:46",
        "16:16",
        "16:51",
        "17:16",
        "18:01",
        "18:16",
        "18:45"
    ],
    "saturday": [],
    "holiday": [],
    "url": "https://www.kanachu.co.jp/dia/diagram/timetable01_js/course:0000804004-14/node:00129848/kt:0/lname:/"
}
