{
    "date": "2023/02/18",
    "name": "市役所前(ゴム前/平塚市)",
    "position": "-",
    "system": "平89",
    "destinations": [
        "横浜ゴム前",
        "立野町(平塚市)",
        "追分(平塚市)",
        "共済病院前総合公園西",
        "中原下宿",
        "中原御殿",
        "中原上宿",
        "大縄橋",
        "豊田本郷駅",
        "東橋(平塚市)",
        "矢崎(平塚市)",
        "大句",
        "城所入口",
        "矢羽根",
        "馬渡(伊勢原市)",
        "団地下大竹",
        "団地南口(伊勢原市)",
        "ひかり幼稚園前",
        "千津",
        "伊勢原駅南口",
        "下宿(伊勢原市)",
        "下原公園前",
        "金山(伊勢原市)",
        "行政センター前(伊勢原市)",
        "伊勢原市役所北口",
        "東海大学病院"
    ],
    "weekday": [
        "9:16"
    ],
    "saturday": [],
    "holiday": [],
    "url": "https://www.kanachu.co.jp/dia/diagram/timetable01_js/course:0000800084-3/node:00127553/kt:0/lname:/"
}
