{
    "date": "2023/02/18",
    "name": "東橋(平塚市)",
    "position": "-",
    "system": "平89",
    "destinations": [
        "矢崎(平塚市)",
        "大句",
        "城所入口",
        "矢羽根",
        "馬渡(伊勢原市)",
        "団地下大竹",
        "団地南口(伊勢原市)",
        "ひかり幼稚園前",
        "千津",
        "伊勢原駅南口",
        "下宿(伊勢原市)",
        "下原公園前",
        "金山(伊勢原市)",
        "行政センター前(伊勢原市)",
        "伊勢原市役所北口",
        "東海大学病院"
    ],
    "weekday": [
        "9:31"
    ],
    "saturday": [],
    "holiday": [],
    "url": "https://www.kanachu.co.jp/dia/diagram/timetable01_js/course:0000800084-13/node:00128064/kt:0/lname:/"
}
