{
    "date": "2025/08/30",
    "name": "港南区総合庁舎前",
    "position": "-",
    "system": "舞01",
    "destinations": [
        "吉原(横浜市港南区)",
        "新吉原橋",
        "吉原小学校前(横浜市港南区)",
        "下車ヶ谷",
        "永作",
        "北永作",
        "馬洗橋",
        "上永谷駅",
        "丸山台(横浜市港南区)",
        "丸山台中学校前",
        "日限山",
        "スポーツ公園前",
        "舞岡地区センター前",
        "リサーチパーク入口",
        "舞岡"
    ],
    "weekday": [
        "7:39",
        "8:56",
        "10:13",
        "11:13",
        "12:13",
        "13:13",
        "14:13",
        "15:13",
        "16:13",
        "17:13",
        "18:13",
        "19:13",
        "22:10"
    ],
    "saturday": [
        "9:13",
        "10:13",
        "11:13",
        "12:13",
        "13:13",
        "14:13",
        "15:13",
        "16:13",
        "17:13",
        "18:13",
        "19:00",
        "22:11"
    ],
    "holiday": [
        "9:13",
        "10:13",
        "11:13",
        "12:13",
        "13:13",
        "14:13",
        "15:13",
        "16:13",
        "17:00",
        "18:00",
        "18:59",
        "21:30"
    ],
    "url": "https://www.kanachu.co.jp/dia/diagram/timetable01_js/course:0000800627-4/node:00102499/kt:0/lname:/"
}
