{
    "date": "2025/08/30",
    "name": "吉原(横浜市港南区)",
    "position": "-",
    "system": "舞01",
    "destinations": [
        "新吉原橋",
        "吉原小学校前(横浜市港南区)",
        "下車ヶ谷",
        "永作",
        "北永作",
        "馬洗橋",
        "上永谷駅",
        "丸山台(横浜市港南区)",
        "丸山台中学校前",
        "日限山",
        "スポーツ公園前",
        "舞岡地区センター前",
        "リサーチパーク入口",
        "舞岡"
    ],
    "weekday": [
        "7:40",
        "8:57",
        "10:14",
        "11:14",
        "12:14",
        "13:14",
        "14:14",
        "15:14",
        "16:14",
        "17:14",
        "18:14",
        "19:14",
        "22:11"
    ],
    "saturday": [
        "9:14",
        "10:14",
        "11:14",
        "12:14",
        "13:14",
        "14:14",
        "15:14",
        "16:14",
        "17:14",
        "18:14",
        "19:01",
        "22:12"
    ],
    "holiday": [
        "9:14",
        "10:14",
        "11:14",
        "12:14",
        "13:14",
        "14:14",
        "15:14",
        "16:14",
        "17:01",
        "18:01",
        "19:00",
        "21:31"
    ],
    "url": "https://www.kanachu.co.jp/dia/diagram/timetable01_js/course:0000800627-5/node:00103230/kt:0/lname:/"
}
