{
    "date": "2025/08/30",
    "name": "丸山台(横浜市港南区)",
    "position": "-",
    "system": "舞01",
    "destinations": [
        "丸山台中学校前",
        "日限山",
        "スポーツ公園前",
        "舞岡地区センター前",
        "リサーチパーク入口",
        "舞岡"
    ],
    "weekday": [
        "7:55",
        "9:12",
        "10:29",
        "11:29",
        "12:29",
        "13:29",
        "14:29",
        "15:29",
        "16:29",
        "17:29",
        "18:29",
        "19:29",
        "22:26"
    ],
    "saturday": [
        "9:29",
        "10:29",
        "11:29",
        "12:29",
        "13:29",
        "14:29",
        "15:29",
        "16:29",
        "17:29",
        "18:29",
        "19:16",
        "22:27"
    ],
    "holiday": [
        "9:29",
        "10:29",
        "11:29",
        "12:29",
        "13:29",
        "14:29",
        "15:29",
        "16:29",
        "17:16",
        "18:16",
        "19:15",
        "21:46"
    ],
    "url": "https://www.kanachu.co.jp/dia/diagram/timetable01_js/course:0000800627-13/node:00103100/kt:0/lname:/"
}
