{
    "date": "2025/08/30",
    "name": "スポーツ公園前",
    "position": "-",
    "system": "舞01",
    "destinations": [
        "舞岡地区センター前",
        "リサーチパーク入口",
        "舞岡"
    ],
    "weekday": [
        "7:58",
        "9:15",
        "10:32",
        "11:32",
        "12:32",
        "13:32",
        "14:32",
        "15:32",
        "16:32",
        "17:32",
        "18:32",
        "19:32",
        "22:29"
    ],
    "saturday": [
        "9:32",
        "10:32",
        "11:32",
        "12:32",
        "13:32",
        "14:32",
        "15:32",
        "16:32",
        "17:32",
        "18:32",
        "19:19",
        "22:30"
    ],
    "holiday": [
        "9:32",
        "10:32",
        "11:32",
        "12:32",
        "13:32",
        "14:32",
        "15:32",
        "16:32",
        "17:19",
        "18:19",
        "19:18",
        "21:49"
    ],
    "url": "https://www.kanachu.co.jp/dia/diagram/timetable01_js/course:0000800627-16/node:00130221/kt:0/lname:/"
}
