{
    "date": "2024/03/16",
    "name": "水場",
    "position": "-",
    "system": "田05",
    "destinations": [
        "古清水",
        "清水(相模原市中央区)",
        "清水入口(相模原市中央区)",
        "雨窪(相模原市中央区)",
        "堀の内(相模原市中央区)",
        "田名バスターミナル"
    ],
    "weekday": [
        "15:55"
    ],
    "saturday": [],
    "holiday": [],
    "url": "https://www.kanachu.co.jp/dia/diagram/timetable01_js/course:0000803484-10/node:00129262/kt:0/lname:/"
}
