{
    "system": "田05",
    "busstops": [
        {
            "index": "1",
            "id": "00130514",
            "name": "相模原協同病院",
            "lat": "35.588482",
            "lng": "139.325322"
        },
        {
            "index": "2",
            "id": "00128977",
            "name": "相模原協同病院入口",
            "lat": "35.589416",
            "lng": "139.321382"
        },
        {
            "index": "3",
            "id": "00128978",
            "name": "内出(相模原市緑区)",
            "lat": "35.584826",
            "lng": "139.319123"
        },
        {
            "index": "4",
            "id": "00128979",
            "name": "合野原",
            "lat": "35.583074",
            "lng": "139.317184"
        },
        {
            "index": "5",
            "id": "00130176",
            "name": "上大島東",
            "lat": "35.579303",
            "lng": "139.315537"
        },
        {
            "index": "6",
            "id": "00130169",
            "name": "上大島南",
            "lat": "35.577156",
            "lng": "139.315601"
        },
        {
            "index": "7",
            "id": "00130170",
            "name": "中の郷(相模原市緑区)",
            "lat": "35.574521",
            "lng": "139.317006"
        },
        {
            "index": "8",
            "id": "00129079",
            "name": "榎戸(相模原市緑区)",
            "lat": "35.570123",
            "lng": "139.321141"
        },
        {
            "index": "9",
            "id": "00129227",
            "name": "日々社前",
            "lat": "35.568575",
            "lng": "139.321899"
        },
        {
            "index": "10",
            "id": "00129262",
            "name": "水場",
            "lat": "35.566183",
            "lng": "139.323027"
        },
        {
            "index": "11",
            "id": "00129135",
            "name": "古清水",
            "lat": "35.563439",
            "lng": "139.326165"
        },
        {
            "index": "12",
            "id": "00129157",
            "name": "清水(相模原市中央区)",
            "lat": "35.560122",
            "lng": "139.327147"
        },
        {
            "index": "13",
            "id": "00129158",
            "name": "清水入口(相模原市中央区)",
            "lat": "35.557567",
            "lng": "139.328185"
        },
        {
            "index": "14",
            "id": "00129069",
            "name": "雨窪(相模原市中央区)",
            "lat": "35.555092",
            "lng": "139.330986"
        },
        {
            "index": "15",
            "id": "00129256",
            "name": "堀の内(相模原市中央区)",
            "lat": "35.552151",
            "lng": "139.33379"
        },
        {
            "index": "16",
            "id": "00129077",
            "name": "田名バスターミナル",
            "lat": "35.550976",
            "lng": "139.334945"
        }
    ],
    "route_url": "https://www.kanachu.co.jp/dia/route/index/cid:0000803484/"
}
