{
    "date": "2021/02/01",
    "name": "市立病院(茅ケ崎市)",
    "position": "-",
    "system": "",
    "destinations": [
        "北茅ヶ崎駅入口",
        "前の田",
        "中央公園前(茅ケ崎市)",
        "茅ヶ崎駅北",
        "市民文化会館前(茅ケ崎市)",
        "ジャスコ東",
        "消防本部前(茅ケ崎市)",
        "矢畑北",
        "円蔵",
        "円蔵下町",
        "陽ざし野",
        "西久保南",
        "西久保保育園・つるみね老人ホーム前",
        "浜之郷小学校",
        "県立茅ヶ崎養護学校",
        "徳洲会老人保健施設浜之郷前",
        "萩園橋",
        "十二天神社入口",
        "萩園橋",
        "徳洲会老人保健施設浜之郷前",
        "浜之郷小学校",
        "西久保保育園・つるみね老人ホーム前",
        "西久保南",
        "陽ざし野",
        "円蔵下町",
        "円蔵",
        "矢畑北",
        "消防本部前(茅ケ崎市)",
        "市民活動サポートセンター前",
        "市民文化会館前(茅ケ崎市)",
        "茅ヶ崎駅北",
        "中央公園前(茅ケ崎市)",
        "前の田",
        "北茅ヶ崎駅入口",
        "市立病院(茅ケ崎市)"
    ],
    "weekday": [
        "7:10",
        "8:20",
        "9:30",
        "12:00",
        "13:10",
        "14:10",
        "15:20",
        "18:10"
    ],
    "saturday": [
        "8:20",
        "9:30",
        "12:00",
        "13:10",
        "14:10",
        "15:20",
        "18:10"
    ],
    "holiday": [
        "8:20",
        "9:30",
        "12:00",
        "13:10",
        "14:10",
        "15:20",
        "18:10"
    ],
    "url": "https://www.kanachu.co.jp/dia/diagram/timetable01_js/course:0000801761-1/node:00127153/kt:0/lname:/"
}
