{
    "date": "2021/02/01",
    "name": "十二天神社入口",
    "position": "-",
    "system": "",
    "destinations": [
        "萩園橋",
        "徳洲会老人保健施設浜之郷前",
        "浜之郷小学校",
        "西久保保育園・つるみね老人ホーム前",
        "西久保南",
        "陽ざし野",
        "円蔵下町",
        "円蔵",
        "矢畑北",
        "消防本部前(茅ケ崎市)",
        "市民活動サポートセンター前",
        "市民文化会館前(茅ケ崎市)",
        "茅ヶ崎駅北",
        "中央公園前(茅ケ崎市)",
        "前の田",
        "北茅ヶ崎駅入口",
        "市立病院(茅ケ崎市)"
    ],
    "weekday": [
        "7:36",
        "8:46",
        "9:56",
        "12:26",
        "13:36",
        "14:36",
        "15:46",
        "18:36"
    ],
    "saturday": [
        "8:46",
        "9:56",
        "12:26",
        "13:36",
        "14:36",
        "15:46",
        "18:36"
    ],
    "holiday": [
        "8:46",
        "9:56",
        "12:26",
        "13:36",
        "14:36",
        "15:46",
        "18:36"
    ],
    "url": "https://www.kanachu.co.jp/dia/diagram/timetable01_js/course:0000801761-19/node:00127416/kt:0/lname:/"
}
