{
    "date": "2021/02/01",
    "name": "西久保保育園・つるみね老人ホーム前",
    "position": "-",
    "system": "",
    "destinations": [
        "西久保南",
        "陽ざし野",
        "円蔵下町",
        "円蔵",
        "矢畑北",
        "消防本部前(茅ケ崎市)",
        "市民活動サポートセンター前",
        "市民文化会館前(茅ケ崎市)",
        "茅ヶ崎駅北",
        "中央公園前(茅ケ崎市)",
        "前の田",
        "北茅ヶ崎駅入口",
        "市立病院(茅ケ崎市)"
    ],
    "weekday": [
        "7:41",
        "8:51",
        "10:01",
        "12:31",
        "13:41",
        "14:41",
        "15:51",
        "18:41"
    ],
    "saturday": [
        "8:51",
        "10:01",
        "12:31",
        "13:41",
        "14:41",
        "15:51",
        "18:41"
    ],
    "holiday": [
        "8:51",
        "10:01",
        "12:31",
        "13:41",
        "14:41",
        "15:51",
        "18:41"
    ],
    "url": "https://www.kanachu.co.jp/dia/diagram/timetable01_js/course:0000801761-23/node:00127364/kt:0/lname:/"
}
