{
    "date": "2021/02/01",
    "name": "市民活動サポートセンター前",
    "position": "-",
    "system": "",
    "destinations": [
        "市民文化会館前(茅ケ崎市)",
        "茅ヶ崎駅北",
        "中央公園前(茅ケ崎市)",
        "前の田",
        "北茅ヶ崎駅入口",
        "市立病院(茅ケ崎市)"
    ],
    "weekday": [
        "7:47",
        "8:57",
        "10:07",
        "12:37",
        "13:47",
        "14:47",
        "15:57",
        "18:47"
    ],
    "saturday": [
        "8:57",
        "10:07",
        "12:37",
        "13:47",
        "14:47",
        "15:57",
        "18:47"
    ],
    "holiday": [
        "8:57",
        "10:07",
        "12:37",
        "13:47",
        "14:47",
        "15:57",
        "18:47"
    ],
    "url": "https://www.kanachu.co.jp/dia/diagram/timetable01_js/course:0000801761-30/node:00127417/kt:0/lname:/"
}
