{
    "date": "2021/02/01",
    "name": "市民文化会館前(茅ケ崎市)",
    "position": "-",
    "system": "",
    "destinations": [
        "茅ヶ崎駅北",
        "中央公園前(茅ケ崎市)",
        "前の田",
        "北茅ヶ崎駅入口",
        "市立病院(茅ケ崎市)"
    ],
    "weekday": [
        "7:48",
        "8:58",
        "10:08",
        "12:38",
        "13:48",
        "14:48",
        "15:58",
        "18:48"
    ],
    "saturday": [
        "8:58",
        "10:08",
        "12:38",
        "13:48",
        "14:48",
        "15:58",
        "18:48"
    ],
    "holiday": [
        "8:58",
        "10:08",
        "12:38",
        "13:48",
        "14:48",
        "15:58",
        "18:48"
    ],
    "url": "https://www.kanachu.co.jp/dia/diagram/timetable01_js/course:0000801761-31/node:00127171/kt:0/lname:/"
}
