{
    "date": "2021/02/01",
    "name": "茅ヶ崎駅北",
    "position": "-",
    "system": "",
    "destinations": [
        "中央公園前(茅ケ崎市)",
        "前の田",
        "北茅ヶ崎駅入口",
        "市立病院(茅ケ崎市)"
    ],
    "weekday": [
        "7:53",
        "9:03",
        "10:13",
        "12:43",
        "13:53",
        "14:53",
        "16:03",
        "18:53"
    ],
    "saturday": [
        "9:03",
        "10:13",
        "12:43",
        "13:53",
        "14:53",
        "16:03",
        "18:53"
    ],
    "holiday": [
        "9:03",
        "10:13",
        "12:43",
        "13:53",
        "14:53",
        "16:03",
        "18:53"
    ],
    "url": "https://www.kanachu.co.jp/dia/diagram/timetable01_js/course:0000801761-32/node:00127415/kt:0/lname:/"
}
