{
    "date": "2021/02/01",
    "name": "中央公園前(茅ケ崎市)",
    "position": "-",
    "system": "コ15",
    "destinations": [
        "前の田",
        "北茅ヶ崎駅入口",
        "市立病院(茅ケ崎市)"
    ],
    "weekday": [
        "7:55",
        "9:05",
        "10:15",
        "12:45",
        "13:55",
        "14:55",
        "16:05",
        "18:55"
    ],
    "saturday": [
        "9:05",
        "10:15",
        "12:45",
        "13:55",
        "14:55",
        "16:05",
        "18:55"
    ],
    "holiday": [
        "9:05",
        "10:15",
        "12:45",
        "13:55",
        "14:55",
        "16:05",
        "18:55"
    ],
    "url": "https://www.kanachu.co.jp/dia/diagram/timetable01_js/course:0000801761-33/node:00127135/kt:0/lname:/"
}
