{
    "date": "2025/07/12",
    "name": "下屋敷(藤沢市)",
    "position": "-",
    "system": "藤58",
    "destinations": [
        "俣野原",
        "新田(藤沢市)",
        "亀井野団地入口",
        "藤沢翔陵高校前",
        "聖園女学院前",
        "白旗神社前",
        "藤沢市民病院",
        "本町消防出張所前",
        "藤沢公民館前",
        "遊行寺前",
        "遊行通り四丁目",
        "藤沢駅北口"
    ],
    "weekday": [
        "6:25"
    ],
    "saturday": [
        "7:28",
        "10:03"
    ],
    "holiday": [
        "7:28",
        "10:03"
    ],
    "url": "https://www.kanachu.co.jp/dia/diagram/timetable01_js/course:0000801548-5/node:00129889/kt:0/lname:/"
}
