{
    "date": "2025/07/12",
    "name": "藤沢翔陵高校前",
    "position": "-",
    "system": "藤58",
    "destinations": [
        "聖園女学院前",
        "白旗神社前",
        "藤沢市民病院",
        "本町消防出張所前",
        "藤沢公民館前",
        "遊行寺前",
        "遊行通り四丁目",
        "藤沢駅北口"
    ],
    "weekday": [
        "6:31"
    ],
    "saturday": [
        "7:34",
        "10:10"
    ],
    "holiday": [
        "7:34",
        "10:10"
    ],
    "url": "https://www.kanachu.co.jp/dia/diagram/timetable01_js/course:0000801548-9/node:00127015/kt:0/lname:/"
}
