{
    "date": "2025/07/12",
    "name": "聖園女学院前",
    "position": "-",
    "system": "藤58",
    "destinations": [
        "白旗神社前",
        "藤沢市民病院",
        "本町消防出張所前",
        "藤沢公民館前",
        "遊行寺前",
        "遊行通り四丁目",
        "藤沢駅北口"
    ],
    "weekday": [
        "6:32"
    ],
    "saturday": [
        "7:35",
        "10:11"
    ],
    "holiday": [
        "7:35",
        "10:11"
    ],
    "url": "https://www.kanachu.co.jp/dia/diagram/timetable01_js/course:0000801548-10/node:00127014/kt:0/lname:/"
}
