{
    "date": "2025/07/12",
    "name": "白旗神社前",
    "position": "-",
    "system": "藤58",
    "destinations": [
        "藤沢市民病院",
        "本町消防出張所前",
        "藤沢公民館前",
        "遊行寺前",
        "遊行通り四丁目",
        "藤沢駅北口"
    ],
    "weekday": [
        "6:34"
    ],
    "saturday": [
        "7:37",
        "10:13"
    ],
    "holiday": [
        "7:37",
        "10:13"
    ],
    "url": "https://www.kanachu.co.jp/dia/diagram/timetable01_js/course:0000801548-11/node:00127013/kt:0/lname:/"
}
