{
    "date": "2025/07/12",
    "name": "三富士町",
    "position": "-",
    "system": "船33",
    "destinations": [
        "相生町(藤沢市)",
        "南仲通り",
        "藤沢小学校前",
        "藤沢橋",
        "山王神社前",
        "公民館前(藤沢市大鋸)",
        "柄沢橋",
        "柄沢神社入口",
        "柄沢大上",
        "長者久保入口",
        "島の神",
        "坂口(鎌倉市)",
        "関谷インター",
        "中村(鎌倉市)",
        "打越(鎌倉市)",
        "植木谷戸",
        "玉縄行政センター入口",
        "児童公園前(鎌倉市)",
        "大船駅西口"
    ],
    "weekday": [
        "5:48",
        "6:08",
        "6:28",
        "6:46",
        "7:08",
        "7:28",
        "7:46",
        "8:16",
        "8:46",
        "9:16",
        "9:46",
        "10:16",
        "10:46",
        "11:16",
        "11:46",
        "12:16",
        "12:46",
        "13:16",
        "13:46",
        "14:16",
        "14:46",
        "15:16",
        "15:46",
        "16:16",
        "16:46",
        "17:16",
        "17:46",
        "18:16",
        "18:46",
        "19:16",
        "19:46",
        "20:16",
        "20:39",
        "21:06",
        "21:33",
        "22:06"
    ],
    "saturday": [
        "5:56",
        "6:36",
        "7:16",
        "7:46",
        "8:16",
        "8:46",
        "9:16",
        "9:46",
        "10:16",
        "10:46",
        "11:16",
        "11:46",
        "12:16",
        "12:46",
        "13:16",
        "13:46",
        "14:16",
        "14:46",
        "15:16",
        "15:46",
        "16:16",
        "16:46",
        "17:16",
        "17:46",
        "18:16",
        "18:46",
        "19:16",
        "19:46",
        "20:21",
        "20:51",
        "21:11",
        "21:31"
    ],
    "holiday": [
        "5:56",
        "6:36",
        "7:16",
        "7:46",
        "8:16",
        "8:46",
        "9:16",
        "9:46",
        "10:16",
        "10:46",
        "11:16",
        "11:46",
        "12:16",
        "12:46",
        "13:16",
        "13:46",
        "14:16",
        "14:46",
        "15:16",
        "15:46",
        "16:16",
        "16:46",
        "17:16",
        "17:46",
        "18:16",
        "18:46",
        "19:16",
        "19:46",
        "20:21",
        "20:51",
        "21:11",
        "21:31"
    ],
    "url": "https://www.kanachu.co.jp/dia/diagram/timetable01_js/course:0000802734-2/node:00126971/kt:0/lname:/"
}
