{
    "date": "2025/07/12",
    "name": "南仲通り",
    "position": "-",
    "system": "船33",
    "destinations": [
        "藤沢小学校前",
        "藤沢橋",
        "山王神社前",
        "公民館前(藤沢市大鋸)",
        "柄沢橋",
        "柄沢神社入口",
        "柄沢大上",
        "長者久保入口",
        "島の神",
        "坂口(鎌倉市)",
        "関谷インター",
        "中村(鎌倉市)",
        "打越(鎌倉市)",
        "植木谷戸",
        "玉縄行政センター入口",
        "児童公園前(鎌倉市)",
        "大船駅西口"
    ],
    "weekday": [
        "5:50",
        "6:10",
        "6:30",
        "6:48",
        "7:10",
        "7:30",
        "7:48",
        "8:18",
        "8:48",
        "9:18",
        "9:48",
        "10:18",
        "10:48",
        "11:18",
        "11:48",
        "12:18",
        "12:48",
        "13:18",
        "13:48",
        "14:18",
        "14:48",
        "15:18",
        "15:48",
        "16:18",
        "16:48",
        "17:18",
        "17:48",
        "18:18",
        "18:48",
        "19:18",
        "19:48",
        "20:18",
        "20:41",
        "21:08",
        "21:35",
        "22:08"
    ],
    "saturday": [
        "5:58",
        "6:38",
        "7:18",
        "7:48",
        "8:18",
        "8:48",
        "9:18",
        "9:48",
        "10:18",
        "10:48",
        "11:18",
        "11:48",
        "12:18",
        "12:48",
        "13:18",
        "13:48",
        "14:18",
        "14:48",
        "15:18",
        "15:48",
        "16:18",
        "16:48",
        "17:18",
        "17:48",
        "18:18",
        "18:48",
        "19:18",
        "19:48",
        "20:23",
        "20:53",
        "21:13",
        "21:33"
    ],
    "holiday": [
        "5:58",
        "6:38",
        "7:18",
        "7:48",
        "8:18",
        "8:48",
        "9:18",
        "9:48",
        "10:18",
        "10:48",
        "11:18",
        "11:48",
        "12:18",
        "12:48",
        "13:18",
        "13:48",
        "14:18",
        "14:48",
        "15:18",
        "15:48",
        "16:18",
        "16:48",
        "17:18",
        "17:48",
        "18:18",
        "18:48",
        "19:18",
        "19:48",
        "20:23",
        "20:53",
        "21:13",
        "21:33"
    ],
    "url": "https://www.kanachu.co.jp/dia/diagram/timetable01_js/course:0000802734-4/node:00126973/kt:0/lname:/"
}
