{
    "date": "2025/07/12",
    "name": "藤沢小学校前",
    "position": "-",
    "system": "船33",
    "destinations": [
        "藤沢橋",
        "山王神社前",
        "公民館前(藤沢市大鋸)",
        "柄沢橋",
        "柄沢神社入口",
        "柄沢大上",
        "長者久保入口",
        "島の神",
        "坂口(鎌倉市)",
        "関谷インター",
        "中村(鎌倉市)",
        "打越(鎌倉市)",
        "植木谷戸",
        "玉縄行政センター入口",
        "児童公園前(鎌倉市)",
        "大船駅西口"
    ],
    "weekday": [
        "5:51",
        "6:11",
        "6:31",
        "6:49",
        "7:11",
        "7:31",
        "7:49",
        "8:19",
        "8:49",
        "9:19",
        "9:49",
        "10:19",
        "10:49",
        "11:19",
        "11:49",
        "12:19",
        "12:49",
        "13:19",
        "13:49",
        "14:19",
        "14:49",
        "15:19",
        "15:49",
        "16:19",
        "16:49",
        "17:19",
        "17:49",
        "18:19",
        "18:49",
        "19:19",
        "19:49",
        "20:19",
        "20:42",
        "21:09",
        "21:36",
        "22:09"
    ],
    "saturday": [
        "5:59",
        "6:39",
        "7:19",
        "7:49",
        "8:19",
        "8:49",
        "9:19",
        "9:49",
        "10:19",
        "10:49",
        "11:19",
        "11:49",
        "12:19",
        "12:49",
        "13:19",
        "13:49",
        "14:19",
        "14:49",
        "15:19",
        "15:49",
        "16:19",
        "16:49",
        "17:19",
        "17:49",
        "18:19",
        "18:49",
        "19:19",
        "19:49",
        "20:24",
        "20:54",
        "21:14",
        "21:34"
    ],
    "holiday": [
        "5:59",
        "6:39",
        "7:19",
        "7:49",
        "8:19",
        "8:49",
        "9:19",
        "9:49",
        "10:19",
        "10:49",
        "11:19",
        "11:49",
        "12:19",
        "12:49",
        "13:19",
        "13:49",
        "14:19",
        "14:49",
        "15:19",
        "15:49",
        "16:19",
        "16:49",
        "17:19",
        "17:49",
        "18:19",
        "18:49",
        "19:19",
        "19:49",
        "20:24",
        "20:54",
        "21:14",
        "21:34"
    ],
    "url": "https://www.kanachu.co.jp/dia/diagram/timetable01_js/course:0000802734-5/node:00126974/kt:0/lname:/"
}
