{
    "date": "2025/07/12",
    "name": "長者久保入口",
    "position": "-",
    "system": "船33",
    "destinations": [
        "島の神",
        "坂口(鎌倉市)",
        "関谷インター",
        "中村(鎌倉市)",
        "打越(鎌倉市)",
        "植木谷戸",
        "玉縄行政センター入口",
        "児童公園前(鎌倉市)",
        "大船駅西口"
    ],
    "weekday": [
        "5:59",
        "6:19",
        "6:41",
        "6:59",
        "7:21",
        "7:41",
        "7:59",
        "8:29",
        "8:59",
        "9:28",
        "9:58",
        "10:28",
        "10:58",
        "11:28",
        "11:58",
        "12:28",
        "12:58",
        "13:28",
        "13:58",
        "14:28",
        "14:58",
        "15:28",
        "15:58",
        "16:28",
        "16:58",
        "17:28",
        "17:58",
        "18:28",
        "18:58",
        "19:26",
        "19:56",
        "20:26",
        "20:49",
        "21:16",
        "21:43",
        "22:16"
    ],
    "saturday": [
        "6:06",
        "6:46",
        "7:26",
        "7:56",
        "8:26",
        "8:56",
        "9:26",
        "9:56",
        "10:28",
        "10:58",
        "11:28",
        "11:58",
        "12:28",
        "12:58",
        "13:28",
        "13:58",
        "14:28",
        "14:58",
        "15:28",
        "15:58",
        "16:28",
        "16:58",
        "17:28",
        "17:58",
        "18:28",
        "18:58",
        "19:27",
        "19:57",
        "20:31",
        "21:01",
        "21:21",
        "21:41"
    ],
    "holiday": [
        "6:06",
        "6:46",
        "7:26",
        "7:56",
        "8:26",
        "8:56",
        "9:26",
        "9:56",
        "10:28",
        "10:58",
        "11:28",
        "11:58",
        "12:28",
        "12:58",
        "13:28",
        "13:58",
        "14:28",
        "14:58",
        "15:28",
        "15:58",
        "16:28",
        "16:58",
        "17:28",
        "17:58",
        "18:28",
        "18:58",
        "19:27",
        "19:57",
        "20:31",
        "21:01",
        "21:21",
        "21:41"
    ],
    "url": "https://www.kanachu.co.jp/dia/diagram/timetable01_js/course:0000802734-12/node:00126995/kt:0/lname:/"
}
