{
    "date": "2025/07/12",
    "name": "島の神",
    "position": "-",
    "system": "船33",
    "destinations": [
        "坂口(鎌倉市)",
        "関谷インター",
        "中村(鎌倉市)",
        "打越(鎌倉市)",
        "植木谷戸",
        "玉縄行政センター入口",
        "児童公園前(鎌倉市)",
        "大船駅西口"
    ],
    "weekday": [
        "6:00",
        "6:20",
        "6:42",
        "7:00",
        "7:22",
        "7:42",
        "8:00",
        "8:30",
        "9:00",
        "9:29",
        "9:59",
        "10:29",
        "10:59",
        "11:29",
        "11:59",
        "12:29",
        "12:59",
        "13:29",
        "13:59",
        "14:29",
        "14:59",
        "15:29",
        "15:59",
        "16:29",
        "16:59",
        "17:29",
        "17:59",
        "18:29",
        "18:59",
        "19:27",
        "19:57",
        "20:27",
        "20:50",
        "21:17",
        "21:44",
        "22:17"
    ],
    "saturday": [
        "6:07",
        "6:47",
        "7:27",
        "7:57",
        "8:27",
        "8:57",
        "9:27",
        "9:57",
        "10:29",
        "10:59",
        "11:29",
        "11:59",
        "12:29",
        "12:59",
        "13:29",
        "13:59",
        "14:29",
        "14:59",
        "15:29",
        "15:59",
        "16:29",
        "16:59",
        "17:29",
        "17:59",
        "18:29",
        "18:59",
        "19:28",
        "19:58",
        "20:32",
        "21:02",
        "21:22",
        "21:42"
    ],
    "holiday": [
        "6:07",
        "6:47",
        "7:27",
        "7:57",
        "8:27",
        "8:57",
        "9:27",
        "9:57",
        "10:29",
        "10:59",
        "11:29",
        "11:59",
        "12:29",
        "12:59",
        "13:29",
        "13:59",
        "14:29",
        "14:59",
        "15:29",
        "15:59",
        "16:29",
        "16:59",
        "17:29",
        "17:59",
        "18:29",
        "18:59",
        "19:28",
        "19:58",
        "20:32",
        "21:02",
        "21:22",
        "21:42"
    ],
    "url": "https://www.kanachu.co.jp/dia/diagram/timetable01_js/course:0000802734-13/node:00126996/kt:0/lname:/"
}
