{
    "date": "2025/07/12",
    "name": "打越(鎌倉市)",
    "position": "-",
    "system": "船33",
    "destinations": [
        "植木谷戸",
        "玉縄行政センター入口",
        "児童公園前(鎌倉市)",
        "大船駅西口"
    ],
    "weekday": [
        "6:09",
        "6:29",
        "6:52",
        "7:10",
        "7:32",
        "7:52",
        "8:10",
        "8:40",
        "9:10",
        "9:39",
        "10:09",
        "10:39",
        "11:09",
        "11:39",
        "12:09",
        "12:39",
        "13:09",
        "13:39",
        "14:09",
        "14:39",
        "15:09",
        "15:39",
        "16:09",
        "16:39",
        "17:08",
        "17:38",
        "18:08",
        "18:38",
        "19:06",
        "19:34",
        "20:04",
        "20:34",
        "20:57",
        "21:24",
        "21:51",
        "22:24"
    ],
    "saturday": [
        "6:15",
        "6:55",
        "7:35",
        "8:05",
        "8:35",
        "9:05",
        "9:35",
        "10:05",
        "10:37",
        "11:07",
        "11:37",
        "12:07",
        "12:37",
        "13:08",
        "13:38",
        "14:08",
        "14:38",
        "15:08",
        "15:38",
        "16:08",
        "16:38",
        "17:08",
        "17:38",
        "18:08",
        "18:38",
        "19:07",
        "19:36",
        "20:06",
        "20:39",
        "21:09",
        "21:29",
        "21:49"
    ],
    "holiday": [
        "6:15",
        "6:55",
        "7:35",
        "8:05",
        "8:35",
        "9:05",
        "9:35",
        "10:05",
        "10:37",
        "11:07",
        "11:37",
        "12:07",
        "12:37",
        "13:08",
        "13:38",
        "14:08",
        "14:38",
        "15:08",
        "15:38",
        "16:08",
        "16:38",
        "17:08",
        "17:38",
        "18:08",
        "18:38",
        "19:07",
        "19:36",
        "20:06",
        "20:39",
        "21:09",
        "21:29",
        "21:49"
    ],
    "url": "https://www.kanachu.co.jp/dia/diagram/timetable01_js/course:0000802734-17/node:00127000/kt:0/lname:/"
}
