{
    "date": "2025/07/12",
    "name": "玉縄行政センター入口",
    "position": "-",
    "system": "船33",
    "destinations": [
        "児童公園前(鎌倉市)",
        "大船駅西口"
    ],
    "weekday": [
        "6:12",
        "6:33",
        "6:57",
        "7:15",
        "7:37",
        "7:57",
        "8:15",
        "8:45",
        "9:14",
        "9:43",
        "10:13",
        "10:43",
        "11:13",
        "11:43",
        "12:13",
        "12:43",
        "13:13",
        "13:43",
        "14:13",
        "14:43",
        "15:13",
        "15:43",
        "16:13",
        "16:43",
        "17:13",
        "17:43",
        "18:13",
        "18:43",
        "19:10",
        "19:38",
        "20:08",
        "20:38",
        "21:01",
        "21:28",
        "21:55",
        "22:28"
    ],
    "saturday": [
        "6:19",
        "6:59",
        "7:39",
        "8:09",
        "8:39",
        "9:09",
        "9:39",
        "10:09",
        "10:41",
        "11:11",
        "11:41",
        "12:11",
        "12:41",
        "13:12",
        "13:42",
        "14:12",
        "14:42",
        "15:12",
        "15:42",
        "16:12",
        "16:42",
        "17:12",
        "17:42",
        "18:12",
        "18:42",
        "19:11",
        "19:40",
        "20:10",
        "20:43",
        "21:13",
        "21:33",
        "21:53"
    ],
    "holiday": [
        "6:19",
        "6:59",
        "7:39",
        "8:09",
        "8:39",
        "9:09",
        "9:39",
        "10:09",
        "10:41",
        "11:11",
        "11:41",
        "12:11",
        "12:41",
        "13:12",
        "13:42",
        "14:12",
        "14:42",
        "15:12",
        "15:42",
        "16:12",
        "16:42",
        "17:12",
        "17:42",
        "18:12",
        "18:42",
        "19:11",
        "19:40",
        "20:10",
        "20:43",
        "21:13",
        "21:33",
        "21:53"
    ],
    "url": "https://www.kanachu.co.jp/dia/diagram/timetable01_js/course:0000802734-19/node:00127116/kt:0/lname:/"
}
