{
    "date": "2025/07/12",
    "name": "児童公園前(鎌倉市)",
    "position": "-",
    "system": "船33",
    "destinations": [
        "大船駅西口"
    ],
    "weekday": [
        "6:13",
        "6:34",
        "6:58",
        "7:16",
        "7:38",
        "7:58",
        "8:16",
        "8:46",
        "9:15",
        "9:44",
        "10:14",
        "10:44",
        "11:14",
        "11:44",
        "12:14",
        "12:44",
        "13:14",
        "13:44",
        "14:14",
        "14:44",
        "15:14",
        "15:44",
        "16:14",
        "16:44",
        "17:14",
        "17:44",
        "18:14",
        "18:44",
        "19:11",
        "19:39",
        "20:09",
        "20:39",
        "21:02",
        "21:29",
        "21:56",
        "22:29"
    ],
    "saturday": [
        "6:20",
        "7:00",
        "7:40",
        "8:10",
        "8:40",
        "9:10",
        "9:40",
        "10:10",
        "10:42",
        "11:12",
        "11:42",
        "12:12",
        "12:42",
        "13:13",
        "13:43",
        "14:13",
        "14:43",
        "15:13",
        "15:43",
        "16:13",
        "16:43",
        "17:13",
        "17:43",
        "18:13",
        "18:43",
        "19:12",
        "19:41",
        "20:11",
        "20:44",
        "21:14",
        "21:34",
        "21:54"
    ],
    "holiday": [
        "6:20",
        "7:00",
        "7:40",
        "8:10",
        "8:40",
        "9:10",
        "9:40",
        "10:10",
        "10:42",
        "11:12",
        "11:42",
        "12:12",
        "12:42",
        "13:13",
        "13:43",
        "14:13",
        "14:43",
        "15:13",
        "15:43",
        "16:13",
        "16:43",
        "17:13",
        "17:43",
        "18:13",
        "18:43",
        "19:12",
        "19:41",
        "20:11",
        "20:44",
        "21:14",
        "21:34",
        "21:54"
    ],
    "url": "https://www.kanachu.co.jp/dia/diagram/timetable01_js/course:0000802734-20/node:00126992/kt:0/lname:/"
}
