{
    "date": "2025/07/12",
    "name": "北警察署前(藤沢市)",
    "position": "-",
    "system": "藤39",
    "destinations": [
        "湘南台駅西口"
    ],
    "weekday": [
        "6:34",
        "6:59",
        "7:53",
        "8:28",
        "9:13",
        "11:13",
        "13:13",
        "15:13",
        "17:14",
        "19:11"
    ],
    "saturday": [],
    "holiday": [],
    "url": "https://www.kanachu.co.jp/dia/diagram/timetable01_js/course:0000801209-36/node:00129895/kt:0/lname:/"
}
