{
    "date": "2024/10/01",
    "name": "緑区合同庁舎前(相模原市緑区)",
    "position": "-",
    "system": "橋30",
    "destinations": [
        "みのり公園入口",
        "ライフタウン西口",
        "ライフタウン東",
        "金属団地内郵便局前",
        "峡の原工業団地",
        "北の丘センター",
        "北公園・ほねごりアリーナ前",
        "北公園入口(相模原市緑区)",
        "九沢自治会館前",
        "内出(相模原市緑区)",
        "合野原",
        "上大島東",
        "上大島南",
        "中の郷(相模原市緑区)",
        "渓松園前",
        "相模川自然の村"
    ],
    "weekday": [
        "8:19",
        "9:04",
        "10:19",
        "12:29",
        "14:39",
        "16:51",
        "18:14",
        "19:04"
    ],
    "saturday": [
        "8:19",
        "9:04",
        "10:19",
        "12:29",
        "14:39",
        "16:51",
        "18:14",
        "19:04"
    ],
    "holiday": [
        "8:19",
        "9:04",
        "10:19",
        "12:29",
        "14:39",
        "16:51",
        "18:14",
        "19:04"
    ],
    "url": "https://www.kanachu.co.jp/dia/diagram/timetable01_js/course:0000803624-3/node:00129000/kt:0/lname:/"
}
