{
    "date": "2025/04/19",
    "name": "相武台団地",
    "position": "-",
    "system": "台13",
    "destinations": [
        "団地北(相模原市南区)",
        "若草公園前",
        "若草小学校前(相模原市南区)",
        "麻溝台公園前",
        "総合体育館前(相模原市南区)",
        "県立相模原公園入口",
        "友愛病院入口",
        "友愛病院前",
        "北里大学病院・北里大学"
    ],
    "weekday": [
        "6:59",
        "7:14",
        "7:56",
        "8:21",
        "9:19",
        "10:34",
        "11:14",
        "12:39",
        "13:14",
        "14:39",
        "15:14",
        "17:15",
        "18:43",
        "19:19",
        "20:09"
    ],
    "saturday": [
        "7:24",
        "8:28",
        "19:25"
    ],
    "holiday": [
        "19:25"
    ],
    "url": "https://www.kanachu.co.jp/dia/diagram/timetable01_js/course:0000801901-4/node:00129180/kt:0/lname:/"
}
