{
    "date": "2025/04/19",
    "name": "麻溝台公園前",
    "position": "-",
    "system": "台13",
    "destinations": [
        "総合体育館前(相模原市南区)",
        "県立相模原公園入口",
        "友愛病院入口",
        "友愛病院前",
        "北里大学病院・北里大学"
    ],
    "weekday": [
        "7:04",
        "7:19",
        "8:01",
        "8:26",
        "9:24",
        "10:39",
        "11:19",
        "12:44",
        "13:19",
        "14:44",
        "15:19",
        "17:20",
        "18:48",
        "19:24",
        "20:14"
    ],
    "saturday": [
        "7:29",
        "8:33",
        "19:30"
    ],
    "holiday": [
        "19:30"
    ],
    "url": "https://www.kanachu.co.jp/dia/diagram/timetable01_js/course:0000801901-8/node:00129065/kt:0/lname:/"
}
