{
    "date": "2025/04/19",
    "name": "相模原駅前郵便局",
    "position": "-",
    "system": "橋55",
    "destinations": [
        "清新本町",
        "氷川神社前(相模原市中央区)",
        "向陽小学校前",
        "日本酸素前",
        "三菱電機前",
        "協栄産業前",
        "東橋本一丁目",
        "旭住宅前",
        "小山(相模原市緑区)",
        "小山新町",
        "橋本駅北口"
    ],
    "weekday": [
        "6:51",
        "7:21",
        "7:51",
        "8:16",
        "8:41",
        "9:06",
        "9:56",
        "10:46",
        "11:36",
        "12:26",
        "13:16",
        "14:06",
        "14:56",
        "15:46",
        "16:36",
        "17:26",
        "17:51",
        "18:16",
        "18:41",
        "19:31"
    ],
    "saturday": [
        "7:46",
        "8:46",
        "9:46",
        "10:46",
        "11:46",
        "12:46",
        "13:46",
        "14:46",
        "15:46",
        "16:46",
        "17:46",
        "18:46"
    ],
    "holiday": [
        "7:46",
        "8:46",
        "9:46",
        "10:46",
        "11:46",
        "12:46",
        "13:46",
        "14:46",
        "15:46",
        "16:46",
        "17:46",
        "18:46"
    ],
    "url": "https://www.kanachu.co.jp/dia/diagram/timetable01_js/course:0000802401-2/node:00129353/kt:0/lname:/"
}
