{
    "date": "2025/04/19",
    "name": "日本酸素前",
    "position": "-",
    "system": "橋55",
    "destinations": [
        "三菱電機前",
        "宮下一丁目〔旧:協栄産業前〕",
        "東橋本一丁目",
        "旭住宅前",
        "小山(相模原市緑区)",
        "小山新町",
        "橋本駅北口"
    ],
    "weekday": [
        "6:56",
        "7:26",
        "7:56",
        "8:21",
        "8:46",
        "9:11",
        "10:01",
        "10:51",
        "11:41",
        "12:31",
        "13:21",
        "14:11",
        "15:01",
        "15:51",
        "16:41",
        "17:31",
        "17:56",
        "18:21",
        "18:46",
        "19:36"
    ],
    "saturday": [
        "7:51",
        "8:51",
        "9:51",
        "10:51",
        "11:51",
        "12:51",
        "13:51",
        "14:51",
        "15:51",
        "16:51",
        "17:51",
        "18:51"
    ],
    "holiday": [
        "7:51",
        "8:51",
        "9:51",
        "10:51",
        "11:51",
        "12:51",
        "13:51",
        "14:51",
        "15:51",
        "16:51",
        "17:51",
        "18:51"
    ],
    "url": "https://www.kanachu.co.jp/dia/diagram/timetable01_js/course:0000802401-6/node:00129214/kt:0/lname:/"
}
