{
    "date": "2025/04/19",
    "name": "相武台前駅",
    "position": "-",
    "system": "台01",
    "destinations": [
        "県営住宅入口(座間市)",
        "北相武台",
        "団地センター前(相模原市南区)",
        "団地西(相模原市南区)",
        "団地東(相模原市南区)",
        "保育園前(相模原市南区)"
    ],
    "weekday": [
        "21:21"
    ],
    "saturday": [
        "21:02"
    ],
    "holiday": [
        "20:02"
    ],
    "url": "https://www.kanachu.co.jp/dia/diagram/timetable01_js/course:0000802889-1/node:00128551/kt:0/lname:/"
}
