{
    "date": "2024/09/02",
    "name": "集会所前(横浜市泉区)",
    "position": "-",
    "system": "戸61",
    "destinations": [
        "渋谷中学校",
        "保育所前(大和市)",
        "いちょう団地",
        "台村",
        "飯田神社前",
        "団地入口(横浜市泉区)",
        "児童公園前(横浜市泉区)",
        "小学校前(横浜市泉区)",
        "上飯田団地",
        "池ノ上(横浜市泉区)",
        "和泉坂上",
        "泉区総合庁舎前",
        "和泉(横浜市泉区)",
        "谷戸入口(横浜市泉区)",
        "立場駅",
        "中西(横浜市泉区)",
        "中田小学校入口",
        "中田(横浜市泉区)",
        "東原(横浜市泉区)",
        "踊場",
        "日産前(横浜市戸塚区)",
        "アザリエ団地入口",
        "矢沢(横浜市戸塚区)",
        "戸塚駅西口",
        "戸塚バスセンター"
    ],
    "weekday": [
        "5:42",
        "6:12",
        "6:42",
        "7:12",
        "8:07",
        "8:27",
        "8:47",
        "9:27",
        "10:07",
        "11:07",
        "13:12",
        "14:42",
        "16:57",
        "18:42"
    ],
    "saturday": [
        "5:57",
        "6:42",
        "7:17",
        "8:17",
        "8:47",
        "9:27",
        "10:07",
        "12:47",
        "14:12",
        "15:42",
        "17:12"
    ],
    "holiday": [
        "5:57",
        "6:42",
        "7:17",
        "8:17",
        "8:47",
        "12:47",
        "14:12",
        "15:42",
        "17:12"
    ],
    "url": "https://www.kanachu.co.jp/dia/diagram/timetable01_js/course:0000803587-5/node:00126895/kt:0/lname:/"
}
