{
    "date": "2024/09/02",
    "name": "保育所前(大和市)",
    "position": "-",
    "system": "戸61",
    "destinations": [
        "いちょう団地",
        "台村",
        "飯田神社前",
        "団地入口(横浜市泉区)",
        "児童公園前(横浜市泉区)",
        "小学校前(横浜市泉区)",
        "上飯田団地",
        "池ノ上(横浜市泉区)",
        "和泉坂上",
        "泉区総合庁舎前",
        "和泉(横浜市泉区)",
        "谷戸入口(横浜市泉区)",
        "立場駅",
        "中西(横浜市泉区)",
        "中田小学校入口",
        "中田(横浜市泉区)",
        "東原(横浜市泉区)",
        "踊場",
        "日産前(横浜市戸塚区)",
        "アザリエ団地入口",
        "矢沢(横浜市戸塚区)",
        "戸塚駅西口",
        "戸塚バスセンター"
    ],
    "weekday": [
        "5:44",
        "6:14",
        "6:44",
        "7:14",
        "8:09",
        "8:29",
        "8:49",
        "9:29",
        "10:09",
        "11:09",
        "13:14",
        "14:44",
        "16:59",
        "18:44"
    ],
    "saturday": [
        "5:59",
        "6:44",
        "7:19",
        "8:19",
        "8:49",
        "9:29",
        "10:09",
        "12:49",
        "14:14",
        "15:44",
        "17:14"
    ],
    "holiday": [
        "5:59",
        "6:44",
        "7:19",
        "8:19",
        "8:49",
        "12:49",
        "14:14",
        "15:44",
        "17:14"
    ],
    "url": "https://www.kanachu.co.jp/dia/diagram/timetable01_js/course:0000803587-7/node:00126893/kt:0/lname:/"
}
