{
    "date": "2024/09/02",
    "name": "いちょう団地",
    "position": "-",
    "system": "戸61",
    "destinations": [
        "台村",
        "飯田神社前",
        "団地入口(横浜市泉区)",
        "児童公園前(横浜市泉区)",
        "小学校前(横浜市泉区)",
        "上飯田団地",
        "池ノ上(横浜市泉区)",
        "和泉坂上",
        "泉区総合庁舎前",
        "和泉(横浜市泉区)",
        "谷戸入口(横浜市泉区)",
        "立場駅",
        "中西(横浜市泉区)",
        "中田小学校入口",
        "中田(横浜市泉区)",
        "東原(横浜市泉区)",
        "踊場",
        "日産前(横浜市戸塚区)",
        "アザリエ団地入口",
        "矢沢(横浜市戸塚区)",
        "戸塚駅西口",
        "戸塚バスセンター"
    ],
    "weekday": [
        "5:46",
        "6:16",
        "6:46",
        "7:16",
        "8:11",
        "8:31",
        "8:51",
        "9:31",
        "10:11",
        "11:11",
        "13:16",
        "14:46",
        "17:01",
        "18:46"
    ],
    "saturday": [
        "6:01",
        "6:46",
        "7:21",
        "8:21",
        "8:51",
        "9:31",
        "10:11",
        "12:51",
        "14:16",
        "15:46",
        "17:16"
    ],
    "holiday": [
        "6:01",
        "6:46",
        "7:21",
        "8:21",
        "8:51",
        "12:51",
        "14:16",
        "15:46",
        "17:16"
    ],
    "url": "https://www.kanachu.co.jp/dia/diagram/timetable01_js/course:0000803587-8/node:00126808/kt:0/lname:/"
}
