{
    "date": "2024/09/02",
    "name": "団地入口(横浜市泉区)",
    "position": "-",
    "system": "戸61",
    "destinations": [
        "児童公園前(横浜市泉区)",
        "小学校前(横浜市泉区)",
        "上飯田団地",
        "池ノ上(横浜市泉区)",
        "和泉坂上",
        "泉区総合庁舎前",
        "和泉(横浜市泉区)",
        "谷戸入口(横浜市泉区)",
        "立場駅",
        "中西(横浜市泉区)",
        "中田小学校入口",
        "中田(横浜市泉区)",
        "東原(横浜市泉区)",
        "踊場",
        "日産前(横浜市戸塚区)",
        "アザリエ団地入口",
        "矢沢(横浜市戸塚区)",
        "戸塚駅西口",
        "戸塚バスセンター"
    ],
    "weekday": [
        "5:49",
        "6:19",
        "6:49",
        "7:19",
        "8:14",
        "8:34",
        "8:54",
        "9:34",
        "10:14",
        "11:14",
        "13:19",
        "14:49",
        "17:04",
        "18:49"
    ],
    "saturday": [
        "6:04",
        "6:49",
        "7:24",
        "8:24",
        "8:54",
        "9:34",
        "10:14",
        "12:54",
        "14:19",
        "15:49",
        "17:19"
    ],
    "holiday": [
        "6:04",
        "6:49",
        "7:24",
        "8:24",
        "8:54",
        "12:54",
        "14:19",
        "15:49",
        "17:19"
    ],
    "url": "https://www.kanachu.co.jp/dia/diagram/timetable01_js/course:0000803587-11/node:00126794/kt:0/lname:/"
}
