{
    "date": "2024/09/02",
    "name": "児童公園前(横浜市泉区)",
    "position": "-",
    "system": "戸61",
    "destinations": [
        "小学校前(横浜市泉区)",
        "上飯田団地",
        "池ノ上(横浜市泉区)",
        "和泉坂上",
        "泉区総合庁舎前",
        "和泉(横浜市泉区)",
        "谷戸入口(横浜市泉区)",
        "立場駅",
        "中西(横浜市泉区)",
        "中田小学校入口",
        "中田(横浜市泉区)",
        "東原(横浜市泉区)",
        "踊場",
        "日産前(横浜市戸塚区)",
        "アザリエ団地入口",
        "矢沢(横浜市戸塚区)",
        "戸塚駅西口",
        "戸塚バスセンター"
    ],
    "weekday": [
        "5:50",
        "6:20",
        "6:50",
        "7:20",
        "8:15",
        "8:35",
        "8:55",
        "9:35",
        "10:15",
        "11:15",
        "13:20",
        "14:50",
        "17:05",
        "18:50"
    ],
    "saturday": [
        "6:05",
        "6:50",
        "7:25",
        "8:25",
        "8:55",
        "9:35",
        "10:15",
        "12:55",
        "14:20",
        "15:50",
        "17:20"
    ],
    "holiday": [
        "6:05",
        "6:50",
        "7:25",
        "8:25",
        "8:55",
        "12:55",
        "14:20",
        "15:50",
        "17:20"
    ],
    "url": "https://www.kanachu.co.jp/dia/diagram/timetable01_js/course:0000803587-12/node:00126805/kt:0/lname:/"
}
