{
    "date": "2024/09/02",
    "name": "上飯田団地",
    "position": "-",
    "system": "戸61",
    "destinations": [
        "池ノ上(横浜市泉区)",
        "和泉坂上",
        "泉区総合庁舎前",
        "和泉(横浜市泉区)",
        "谷戸入口(横浜市泉区)",
        "立場駅",
        "中西(横浜市泉区)",
        "中田小学校入口",
        "中田(横浜市泉区)",
        "東原(横浜市泉区)",
        "踊場",
        "日産前(横浜市戸塚区)",
        "アザリエ団地入口",
        "矢沢(横浜市戸塚区)",
        "戸塚駅西口",
        "戸塚バスセンター"
    ],
    "weekday": [
        "5:52",
        "6:22",
        "6:52",
        "7:22",
        "8:17",
        "8:37",
        "8:57",
        "9:37",
        "10:17",
        "11:17",
        "13:22",
        "14:52",
        "17:07",
        "18:52"
    ],
    "saturday": [
        "6:07",
        "6:52",
        "7:27",
        "8:27",
        "8:57",
        "9:37",
        "10:17",
        "12:57",
        "14:22",
        "15:52",
        "17:22"
    ],
    "holiday": [
        "6:07",
        "6:52",
        "7:27",
        "8:27",
        "8:57",
        "12:57",
        "14:22",
        "15:52",
        "17:22"
    ],
    "url": "https://www.kanachu.co.jp/dia/diagram/timetable01_js/course:0000803587-14/node:00126807/kt:0/lname:/"
}
