{
    "date": "2024/09/02",
    "name": "和泉坂上",
    "position": "-",
    "system": "戸61",
    "destinations": [
        "泉区総合庁舎前",
        "和泉(横浜市泉区)",
        "谷戸入口(横浜市泉区)",
        "立場駅",
        "中西(横浜市泉区)",
        "中田小学校入口",
        "中田(横浜市泉区)",
        "東原(横浜市泉区)",
        "踊場",
        "日産前(横浜市戸塚区)",
        "アザリエ団地入口",
        "矢沢(横浜市戸塚区)",
        "戸塚駅西口",
        "戸塚バスセンター"
    ],
    "weekday": [
        "5:56",
        "6:26",
        "6:56",
        "7:26",
        "8:21",
        "8:41",
        "9:01",
        "9:41",
        "10:21",
        "11:21",
        "13:26",
        "14:56",
        "17:11",
        "18:56"
    ],
    "saturday": [
        "6:11",
        "6:56",
        "7:31",
        "8:31",
        "9:01",
        "9:41",
        "10:21",
        "13:01",
        "14:26",
        "15:56",
        "17:26"
    ],
    "holiday": [
        "6:11",
        "6:56",
        "7:31",
        "8:31",
        "9:01",
        "13:01",
        "14:26",
        "15:56",
        "17:26"
    ],
    "url": "https://www.kanachu.co.jp/dia/diagram/timetable01_js/course:0000803587-16/node:00126787/kt:0/lname:/"
}
