{
    "date": "2024/09/02",
    "name": "東原(横浜市泉区)",
    "position": "-",
    "system": "戸61",
    "destinations": [
        "踊場",
        "日産前(横浜市戸塚区)",
        "アザリエ団地入口",
        "矢沢(横浜市戸塚区)",
        "戸塚駅西口",
        "戸塚バスセンター"
    ],
    "weekday": [
        "6:08",
        "6:38",
        "7:08",
        "7:38",
        "8:33",
        "8:53",
        "9:13",
        "9:53",
        "10:33",
        "11:33",
        "13:38",
        "15:08",
        "17:23",
        "19:08"
    ],
    "saturday": [
        "6:23",
        "7:08",
        "7:43",
        "8:43",
        "9:13",
        "9:53",
        "10:33",
        "13:13",
        "14:38",
        "16:08",
        "17:38"
    ],
    "holiday": [
        "6:23",
        "7:08",
        "7:43",
        "8:43",
        "9:13",
        "13:13",
        "14:38",
        "16:08",
        "17:38"
    ],
    "url": "https://www.kanachu.co.jp/dia/diagram/timetable01_js/course:0000803587-24/node:00126779/kt:0/lname:/"
}
