{
    "date": "2024/09/02",
    "name": "踊場",
    "position": "-",
    "system": "戸61",
    "destinations": [
        "日産前(横浜市戸塚区)",
        "アザリエ団地入口",
        "矢沢(横浜市戸塚区)",
        "戸塚駅西口",
        "戸塚バスセンター"
    ],
    "weekday": [
        "6:09",
        "6:39",
        "7:09",
        "7:39",
        "8:34",
        "8:54",
        "9:14",
        "9:54",
        "10:34",
        "11:34",
        "13:39",
        "15:09",
        "17:24",
        "19:09"
    ],
    "saturday": [
        "6:24",
        "7:09",
        "7:44",
        "8:44",
        "9:14",
        "9:54",
        "10:34",
        "13:14",
        "14:39",
        "16:09",
        "17:39"
    ],
    "holiday": [
        "6:24",
        "7:09",
        "7:44",
        "8:44",
        "9:14",
        "13:14",
        "14:39",
        "16:09",
        "17:39"
    ],
    "url": "https://www.kanachu.co.jp/dia/diagram/timetable01_js/course:0000803587-25/node:00126778/kt:0/lname:/"
}
