{
    "date": "2024/09/02",
    "name": "日産前(横浜市戸塚区)",
    "position": "-",
    "system": "戸61",
    "destinations": [
        "アザリエ団地入口",
        "矢沢(横浜市戸塚区)",
        "戸塚駅西口",
        "戸塚バスセンター"
    ],
    "weekday": [
        "6:10",
        "6:40",
        "7:10",
        "7:40",
        "8:35",
        "8:55",
        "9:15",
        "9:55",
        "10:35",
        "11:35",
        "13:40",
        "15:10",
        "17:25",
        "19:10"
    ],
    "saturday": [
        "6:25",
        "7:10",
        "7:45",
        "8:45",
        "9:15",
        "9:55",
        "10:35",
        "13:15",
        "14:40",
        "16:10",
        "17:40"
    ],
    "holiday": [
        "6:25",
        "7:10",
        "7:45",
        "8:45",
        "9:15",
        "13:15",
        "14:40",
        "16:10",
        "17:40"
    ],
    "url": "https://www.kanachu.co.jp/dia/diagram/timetable01_js/course:0000803587-26/node:00126777/kt:0/lname:/"
}
