{
    "date": "2020/09/18",
    "name": "西小和田",
    "position": "-",
    "system": "辻01",
    "destinations": [
        "菱沼",
        "松林中学校前",
        "茅ヶ崎高校前",
        "本村(茅ケ崎市)",
        "茅ヶ崎駅"
    ],
    "weekday": [
        "6:01",
        "6:25",
        "6:52",
        "7:20",
        "7:46",
        "8:03",
        "8:26",
        "8:41",
        "9:01",
        "9:21",
        "9:41",
        "10:06",
        "10:36",
        "11:06",
        "11:36",
        "12:06",
        "12:36",
        "13:06",
        "13:36",
        "14:06",
        "14:36",
        "15:06",
        "15:36",
        "16:06",
        "16:38",
        "17:01",
        "17:36",
        "18:01",
        "18:21",
        "18:51",
        "19:16",
        "19:36",
        "19:56",
        "20:16",
        "20:47",
        "21:16",
        "21:57",
        "22:57"
    ],
    "saturday": [
        "6:01",
        "6:29",
        "6:56",
        "7:16",
        "7:46",
        "8:21",
        "8:51",
        "9:21",
        "9:56",
        "10:26",
        "10:56",
        "11:26",
        "11:56",
        "12:26",
        "12:56",
        "13:26",
        "13:56",
        "14:26",
        "14:56",
        "15:26",
        "15:56",
        "16:26",
        "16:56",
        "17:26",
        "17:56",
        "18:26",
        "18:56",
        "19:26",
        "19:56",
        "20:23",
        "21:16",
        "22:12",
        "22:58"
    ],
    "holiday": [
        "6:01",
        "6:29",
        "6:56",
        "7:16",
        "7:46",
        "8:21",
        "8:53",
        "9:21",
        "9:56",
        "10:26",
        "10:56",
        "11:26",
        "11:56",
        "12:26",
        "12:56",
        "13:26",
        "13:56",
        "14:26",
        "14:56",
        "15:26",
        "15:56",
        "16:26",
        "16:56",
        "17:26",
        "17:56",
        "18:26",
        "18:56",
        "19:26",
        "19:56",
        "20:23",
        "21:16",
        "22:12",
        "22:58"
    ],
    "url": "https://www.kanachu.co.jp/dia/diagram/timetable01_js/course:0000802856-6/node:00127131/kt:0/lname:/"
}
