{
    "date": "2020/09/18",
    "name": "松林中学校前",
    "position": "-",
    "system": "辻01",
    "destinations": [
        "茅ヶ崎高校前",
        "本村(茅ケ崎市)",
        "茅ヶ崎駅"
    ],
    "weekday": [
        "6:04",
        "6:28",
        "6:55",
        "7:23",
        "7:49",
        "8:06",
        "8:29",
        "8:44",
        "9:04",
        "9:24",
        "9:44",
        "10:09",
        "10:39",
        "11:09",
        "11:39",
        "12:09",
        "12:39",
        "13:09",
        "13:39",
        "14:09",
        "14:39",
        "15:09",
        "15:39",
        "16:09",
        "16:41",
        "17:04",
        "17:39",
        "18:04",
        "18:24",
        "18:54",
        "19:19",
        "19:39",
        "19:59",
        "20:19",
        "20:50",
        "21:19",
        "22:00",
        "23:00"
    ],
    "saturday": [
        "6:04",
        "6:32",
        "6:59",
        "7:19",
        "7:49",
        "8:24",
        "8:54",
        "9:24",
        "9:59",
        "10:29",
        "10:59",
        "11:29",
        "11:59",
        "12:29",
        "12:59",
        "13:29",
        "13:59",
        "14:29",
        "14:59",
        "15:29",
        "15:59",
        "16:29",
        "16:59",
        "17:29",
        "17:59",
        "18:29",
        "18:59",
        "19:29",
        "19:59",
        "20:26",
        "21:19",
        "22:15",
        "23:01"
    ],
    "holiday": [
        "6:04",
        "6:32",
        "6:59",
        "7:19",
        "7:49",
        "8:24",
        "8:56",
        "9:24",
        "9:59",
        "10:29",
        "10:59",
        "11:29",
        "11:59",
        "12:29",
        "12:59",
        "13:29",
        "13:59",
        "14:29",
        "14:59",
        "15:29",
        "15:59",
        "16:29",
        "16:59",
        "17:29",
        "17:59",
        "18:29",
        "18:59",
        "19:29",
        "19:59",
        "20:26",
        "21:19",
        "22:15",
        "23:01"
    ],
    "url": "https://www.kanachu.co.jp/dia/diagram/timetable01_js/course:0000802856-8/node:00127129/kt:0/lname:/"
}
