{
    "system": "辻01",
    "busstops": [
        {
            "index": "1",
            "id": "00129934",
            "name": "辻堂駅北口",
            "lat": "35.337834",
            "lng": "139.446962"
        },
        {
            "index": "2",
            "id": "00130068",
            "name": "神台公園前",
            "lat": "35.340321",
            "lng": "139.447244"
        },
        {
            "index": "3",
            "id": "00127134",
            "name": "二ツ谷",
            "lat": "35.344137",
            "lng": "139.444824"
        },
        {
            "index": "4",
            "id": "00127133",
            "name": "東小和田",
            "lat": "35.341026",
            "lng": "139.437347"
        },
        {
            "index": "5",
            "id": "00127132",
            "name": "小和田(茅ケ崎市)",
            "lat": "35.338324",
            "lng": "139.433673"
        },
        {
            "index": "6",
            "id": "00127131",
            "name": "西小和田",
            "lat": "35.337115",
            "lng": "139.430863"
        },
        {
            "index": "7",
            "id": "00127130",
            "name": "菱沼",
            "lat": "35.33756",
            "lng": "139.425357"
        },
        {
            "index": "8",
            "id": "00127129",
            "name": "松林中学校前",
            "lat": "35.337556",
            "lng": "139.421913"
        },
        {
            "index": "9",
            "id": "00127128",
            "name": "茅ヶ崎高校前",
            "lat": "35.336852",
            "lng": "139.418376"
        },
        {
            "index": "10",
            "id": "00127127",
            "name": "本村(茅ケ崎市)",
            "lat": "35.336008",
            "lng": "139.413614"
        },
        {
            "index": "11",
            "id": "00127126",
            "name": "茅ヶ崎駅",
            "lat": "35.331146",
            "lng": "139.406276"
        }
    ],
    "route_url": "https://www.kanachu.co.jp/dia/route/index/cid:0000802856/"
}
