{
    "date": "2025/08/04",
    "name": "小松(相模原市緑区)",
    "position": "-",
    "system": "橋26",
    "destinations": [
        "城山公民館",
        "城山総合事務所前",
        "城山総合事務所入口",
        "原宿(相模原市緑区)",
        "東原宿",
        "森の上",
        "二本松(相模原市緑区)",
        "相原中央",
        "相原台",
        "大西(相模原市緑区)",
        "上町(相模原市緑区)",
        "香福寺前",
        "旭小学校前(相模原市緑区)",
        "旭農協前",
        "橋本駅北口"
    ],
    "weekday": [],
    "saturday": [],
    "holiday": [
        "10:21"
    ],
    "url": "https://www.kanachu.co.jp/dia/diagram/timetable01_js/course:0000800300-13/node:00128876/kt:0/lname:/"
}
