{
    "date": "2025/11/16",
    "name": "南公園前(中郡大磯町)",
    "position": "-",
    "system": "磯13",
    "destinations": [
        "西公園前(中郡大磯町)",
        "北公園前(中郡大磯町)",
        "湘南大磯住宅入口",
        "湘南大磯病院",
        "天の杜",
        "大磯プリンスホテル入口",
        "中丸(中郡大磯町)",
        "城山公園前(中郡大磯町)",
        "八坂神社(中郡大磯町)",
        "白岩大門",
        "統監道",
        "大磯小学校前",
        "大磯駅"
    ],
    "weekday": [
        "6:01",
        "6:54"
    ],
    "saturday": [
        "6:36"
    ],
    "holiday": [
        "6:36"
    ],
    "url": "https://www.kanachu.co.jp/dia/diagram/timetable01_js/course:0000800036-1/node:00127508/kt:0/lname:/"
}
