{
    "date": "2025/11/16",
    "name": "北公園前(中郡大磯町)",
    "position": "-",
    "system": "磯13",
    "destinations": [
        "湘南大磯住宅入口",
        "湘南大磯病院",
        "天の杜",
        "大磯プリンスホテル入口",
        "中丸(中郡大磯町)",
        "城山公園前(中郡大磯町)",
        "八坂神社(中郡大磯町)",
        "白岩大門",
        "統監道",
        "大磯小学校前",
        "大磯駅"
    ],
    "weekday": [
        "6:03",
        "6:56"
    ],
    "saturday": [
        "6:38"
    ],
    "holiday": [
        "6:38"
    ],
    "url": "https://www.kanachu.co.jp/dia/diagram/timetable01_js/course:0000800036-3/node:00127510/kt:0/lname:/"
}
