{
    "date": "2021/09/09",
    "name": "伊勢原駅北口",
    "position": "-",
    "system": "伊16",
    "destinations": [
        "本町(伊勢原市)",
        "中央公民館前(伊勢原市)",
        "関台",
        "団地南(伊勢原市)",
        "団地西(伊勢原市)",
        "鈴川会館前",
        "伊勢原車庫",
        "団地北(伊勢原市)",
        "向原(伊勢原市)",
        "三の宮(伊勢原市)",
        "原田(伊勢原市)",
        "伯母様",
        "中谷(伊勢原市)",
        "比々多神社",
        "栗原入口",
        "東京農大伊勢原農場前",
        "栗原(伊勢原市)"
    ],
    "weekday": [
        "7:33",
        "8:40",
        "9:35",
        "15:33",
        "16:30",
        "17:35",
        "18:35",
        "19:35"
    ],
    "saturday": [
        "7:30",
        "8:30",
        "9:30",
        "16:30",
        "17:30",
        "18:30"
    ],
    "holiday": [
        "7:30",
        "8:30",
        "9:30",
        "16:30",
        "17:30",
        "18:30"
    ],
    "url": "https://www.kanachu.co.jp/dia/diagram/timetable01_js/course:0000800550-1/node:00128127/kt:0/lname:/"
}
