{
    "date": "2021/09/09",
    "name": "団地北(伊勢原市)",
    "position": "-",
    "system": "伊16",
    "destinations": [
        "向原(伊勢原市)",
        "三の宮(伊勢原市)",
        "原田(伊勢原市)",
        "伯母様",
        "中谷(伊勢原市)",
        "比々多神社",
        "栗原入口",
        "東京農大伊勢原農場前",
        "栗原(伊勢原市)"
    ],
    "weekday": [
        "7:42",
        "8:48",
        "9:43",
        "15:41",
        "16:38",
        "17:43",
        "18:43",
        "19:43"
    ],
    "saturday": [
        "7:38",
        "8:38",
        "9:38",
        "16:38",
        "17:38",
        "18:38"
    ],
    "holiday": [
        "7:38",
        "8:38",
        "9:38",
        "16:38",
        "17:38",
        "18:38"
    ],
    "url": "https://www.kanachu.co.jp/dia/diagram/timetable01_js/course:0000800550-9/node:00128142/kt:0/lname:/"
}
