{
    "date": "2021/09/09",
    "name": "原田(伊勢原市)",
    "position": "-",
    "system": "伊16",
    "destinations": [
        "伯母様",
        "中谷(伊勢原市)",
        "比々多神社",
        "栗原入口",
        "東京農大伊勢原農場前",
        "栗原(伊勢原市)"
    ],
    "weekday": [
        "7:45",
        "8:51",
        "9:46",
        "15:44",
        "16:41",
        "17:46",
        "18:46",
        "19:46"
    ],
    "saturday": [
        "7:40",
        "8:40",
        "9:40",
        "16:40",
        "17:40",
        "18:40"
    ],
    "holiday": [
        "7:40",
        "8:40",
        "9:40",
        "16:40",
        "17:40",
        "18:40"
    ],
    "url": "https://www.kanachu.co.jp/dia/diagram/timetable01_js/course:0000800550-12/node:00128165/kt:0/lname:/"
}
