{
    "date": "2025/08/30",
    "name": "井土ヶ谷下町",
    "position": "-",
    "system": "井12",
    "destinations": [
        "鶴巻(横浜市南区)",
        "住宅前(横浜市南区)",
        "南永田",
        "弘明寺口",
        "六ツ川町",
        "上六ツ川",
        "大池(横浜市南区)",
        "引越坂",
        "横浜パークタウン第一降車場",
        "横浜パークタウン"
    ],
    "weekday": [
        "10:00",
        "10:40",
        "11:20",
        "12:00",
        "12:40",
        "13:20",
        "14:00",
        "14:40",
        "15:15",
        "15:55",
        "16:44",
        "17:19",
        "17:49",
        "18:19",
        "18:49",
        "19:19",
        "19:49",
        "20:19",
        "20:49",
        "21:19",
        "21:50",
        "22:21"
    ],
    "saturday": [
        "9:56",
        "10:26",
        "11:10",
        "11:55",
        "12:40",
        "13:27",
        "14:12",
        "14:57",
        "15:42",
        "16:27",
        "17:12",
        "17:57",
        "18:42",
        "19:25",
        "20:10",
        "20:55",
        "21:43"
    ],
    "holiday": [
        "9:56",
        "10:26",
        "11:10",
        "11:55",
        "12:40",
        "13:27",
        "14:12",
        "14:57",
        "15:42",
        "16:27",
        "17:12",
        "17:57",
        "18:42",
        "19:25",
        "20:10",
        "20:55",
        "21:43"
    ],
    "url": "https://www.kanachu.co.jp/dia/diagram/timetable01_js/course:0000803852-1/node:00102234/kt:0/lname:/"
}
