{
    "date": "2025/08/30",
    "name": "大池(横浜市南区)",
    "position": "-",
    "system": "井12",
    "destinations": [
        "引越坂",
        "横浜パークタウン第一降車場",
        "横浜パークタウン"
    ],
    "weekday": [
        "10:12",
        "10:52",
        "11:32",
        "12:12",
        "12:52",
        "13:32",
        "14:12",
        "14:52",
        "15:27",
        "16:07",
        "16:56",
        "17:31",
        "18:01",
        "18:31",
        "19:01",
        "19:31",
        "20:01",
        "20:31",
        "21:01",
        "21:31",
        "22:02",
        "22:33"
    ],
    "saturday": [
        "10:08",
        "10:38",
        "11:22",
        "12:07",
        "12:52",
        "13:39",
        "14:24",
        "15:09",
        "15:54",
        "16:39",
        "17:24",
        "18:09",
        "18:54",
        "19:37",
        "20:22",
        "21:07",
        "21:55"
    ],
    "holiday": [
        "10:08",
        "10:38",
        "11:22",
        "12:07",
        "12:52",
        "13:39",
        "14:24",
        "15:09",
        "15:54",
        "16:39",
        "17:24",
        "18:09",
        "18:54",
        "19:37",
        "20:22",
        "21:07",
        "21:55"
    ],
    "url": "https://www.kanachu.co.jp/dia/diagram/timetable01_js/course:0000803852-8/node:00126625/kt:0/lname:/"
}
