{
    "date": "2025/08/30",
    "name": "引越坂",
    "position": "-",
    "system": "井12",
    "destinations": [
        "横浜パークタウン第一降車場",
        "横浜パークタウン"
    ],
    "weekday": [
        "10:14",
        "10:54",
        "11:34",
        "12:14",
        "12:54",
        "13:34",
        "14:14",
        "14:54",
        "15:29",
        "16:09",
        "16:58",
        "17:33",
        "18:03",
        "18:33",
        "19:03",
        "19:33",
        "20:03",
        "20:33",
        "21:03",
        "21:33",
        "22:04",
        "22:35"
    ],
    "saturday": [
        "10:10",
        "10:40",
        "11:24",
        "12:09",
        "12:54",
        "13:41",
        "14:26",
        "15:11",
        "15:56",
        "16:41",
        "17:26",
        "18:11",
        "18:56",
        "19:38",
        "20:23",
        "21:08",
        "21:56"
    ],
    "holiday": [
        "10:10",
        "10:40",
        "11:24",
        "12:09",
        "12:54",
        "13:41",
        "14:26",
        "15:11",
        "15:56",
        "16:41",
        "17:26",
        "18:11",
        "18:56",
        "19:38",
        "20:23",
        "21:08",
        "21:56"
    ],
    "url": "https://www.kanachu.co.jp/dia/diagram/timetable01_js/course:0000803852-9/node:00126624/kt:0/lname:/"
}
