{
    "date": "2025/03/15",
    "name": "大塚本町",
    "position": "-",
    "system": "長24",
    "destinations": [
        "共ヶ丘",
        "寺尾峰",
        "子ノ神(綾瀬市)",
        "綾北小学校前",
        "寺尾(綾瀬市)",
        "観音入口",
        "上深谷",
        "綾瀬小学校前",
        "綾瀬農協前",
        "大邸",
        "大法寺(綾瀬市)",
        "上落合(綾瀬市)",
        "落合(綾瀬市)",
        "中川橋",
        "上土棚",
        "並塚",
        "上谷台",
        "長後駅西口"
    ],
    "weekday": [
        "6:27",
        "6:59",
        "7:17",
        "7:32",
        "7:47",
        "8:02",
        "8:17",
        "8:32",
        "8:47",
        "9:02",
        "9:22",
        "9:42",
        "10:09",
        "10:39",
        "11:09",
        "11:39",
        "12:09",
        "12:39",
        "13:09",
        "13:39",
        "14:09",
        "14:39",
        "15:09",
        "15:39",
        "16:09",
        "16:42",
        "17:05",
        "17:27",
        "17:47",
        "18:07",
        "18:30",
        "19:00",
        "19:27",
        "19:57",
        "20:22",
        "20:52",
        "21:22",
        "21:56",
        "22:34"
    ],
    "saturday": [
        "6:27",
        "6:57",
        "7:27",
        "7:52",
        "8:22",
        "8:52",
        "9:22",
        "9:52",
        "10:22",
        "10:52",
        "11:22",
        "11:52",
        "12:22",
        "12:52",
        "13:22",
        "13:52",
        "14:22",
        "14:52",
        "15:22",
        "15:52",
        "16:22",
        "16:52",
        "17:22",
        "17:52",
        "18:22",
        "18:52",
        "19:22",
        "19:52",
        "20:22",
        "20:52",
        "21:22",
        "22:04"
    ],
    "holiday": [
        "6:57",
        "7:27",
        "7:52",
        "8:22",
        "8:52",
        "9:22",
        "9:52",
        "10:22",
        "10:52",
        "11:22",
        "11:52",
        "12:22",
        "12:52",
        "13:22",
        "13:52",
        "14:22",
        "14:52",
        "15:22",
        "15:52",
        "16:22",
        "16:52",
        "17:22",
        "17:52",
        "18:22",
        "18:52",
        "19:22",
        "19:52",
        "20:22",
        "20:52",
        "21:22",
        "22:04"
    ],
    "url": "https://www.kanachu.co.jp/dia/diagram/timetable01_js/course:0000801177-3/node:00129870/kt:0/lname:/"
}
