{
    "date": "2025/03/15",
    "name": "綾瀬農協前",
    "position": "-",
    "system": "長24",
    "destinations": [
        "大邸",
        "大法寺(綾瀬市)",
        "上落合(綾瀬市)",
        "落合(綾瀬市)",
        "中川橋",
        "上土棚",
        "並塚",
        "上谷台",
        "長後駅西口"
    ],
    "weekday": [
        "6:39",
        "7:11",
        "7:33",
        "7:48",
        "8:03",
        "8:18",
        "8:31",
        "8:46",
        "9:01",
        "9:16",
        "9:36",
        "9:56",
        "10:23",
        "10:53",
        "11:23",
        "11:53",
        "12:23",
        "12:53",
        "13:23",
        "13:53",
        "14:23",
        "14:53",
        "15:23",
        "15:53",
        "16:23",
        "16:56",
        "17:21",
        "17:43",
        "18:03",
        "18:23",
        "18:46",
        "19:12",
        "19:39",
        "20:09",
        "20:34",
        "21:04",
        "21:34",
        "22:08",
        "22:46"
    ],
    "saturday": [
        "6:39",
        "7:09",
        "7:39",
        "8:04",
        "8:34",
        "9:04",
        "9:34",
        "10:04",
        "10:34",
        "11:04",
        "11:34",
        "12:04",
        "12:34",
        "13:04",
        "13:34",
        "14:04",
        "14:34",
        "15:04",
        "15:34",
        "16:04",
        "16:34",
        "17:04",
        "17:34",
        "18:04",
        "18:34",
        "19:04",
        "19:34",
        "20:04",
        "20:34",
        "21:04",
        "21:34",
        "22:16"
    ],
    "holiday": [
        "7:09",
        "7:39",
        "8:04",
        "8:34",
        "9:04",
        "9:34",
        "10:04",
        "10:34",
        "11:04",
        "11:34",
        "12:04",
        "12:34",
        "13:04",
        "13:34",
        "14:04",
        "14:34",
        "15:04",
        "15:34",
        "16:04",
        "16:34",
        "17:04",
        "17:34",
        "18:04",
        "18:34",
        "19:04",
        "19:34",
        "20:04",
        "20:34",
        "21:04",
        "21:34",
        "22:16"
    ],
    "url": "https://www.kanachu.co.jp/dia/diagram/timetable01_js/course:0000801177-12/node:00129857/kt:0/lname:/"
}
