{
    "date": "2025/03/15",
    "name": "大法寺(綾瀬市)",
    "position": "-",
    "system": "長24",
    "destinations": [
        "上落合(綾瀬市)",
        "落合(綾瀬市)",
        "中川橋",
        "上土棚",
        "並塚",
        "上谷台",
        "長後駅西口"
    ],
    "weekday": [
        "6:41",
        "7:13",
        "7:35",
        "7:50",
        "8:05",
        "8:20",
        "8:33",
        "8:48",
        "9:03",
        "9:18",
        "9:38",
        "9:58",
        "10:25",
        "10:55",
        "11:25",
        "11:55",
        "12:25",
        "12:55",
        "13:25",
        "13:55",
        "14:25",
        "14:55",
        "15:25",
        "15:55",
        "16:25",
        "16:58",
        "17:23",
        "17:45",
        "18:05",
        "18:25",
        "18:48",
        "19:14",
        "19:41",
        "20:11",
        "20:36",
        "21:06",
        "21:36",
        "22:10",
        "22:48"
    ],
    "saturday": [
        "6:41",
        "7:11",
        "7:41",
        "8:06",
        "8:36",
        "9:06",
        "9:36",
        "10:06",
        "10:36",
        "11:06",
        "11:36",
        "12:06",
        "12:36",
        "13:06",
        "13:36",
        "14:06",
        "14:36",
        "15:06",
        "15:36",
        "16:06",
        "16:36",
        "17:06",
        "17:36",
        "18:06",
        "18:36",
        "19:06",
        "19:36",
        "20:06",
        "20:36",
        "21:06",
        "21:36",
        "22:18"
    ],
    "holiday": [
        "7:11",
        "7:41",
        "8:06",
        "8:36",
        "9:06",
        "9:36",
        "10:06",
        "10:36",
        "11:06",
        "11:36",
        "12:06",
        "12:36",
        "13:06",
        "13:36",
        "14:06",
        "14:36",
        "15:06",
        "15:36",
        "16:06",
        "16:36",
        "17:06",
        "17:36",
        "18:06",
        "18:36",
        "19:06",
        "19:36",
        "20:06",
        "20:36",
        "21:06",
        "21:36",
        "22:18"
    ],
    "url": "https://www.kanachu.co.jp/dia/diagram/timetable01_js/course:0000801177-14/node:00129851/kt:0/lname:/"
}
