{
    "date": "2025/03/15",
    "name": "中川橋",
    "position": "-",
    "system": "長24",
    "destinations": [
        "上土棚",
        "並塚",
        "上谷台",
        "長後駅西口"
    ],
    "weekday": [
        "6:46",
        "7:18",
        "7:43",
        "7:58",
        "8:13",
        "8:28",
        "8:38",
        "8:53",
        "9:08",
        "9:23",
        "9:43",
        "10:03",
        "10:30",
        "11:00",
        "11:30",
        "12:00",
        "12:30",
        "13:00",
        "13:30",
        "14:00",
        "14:30",
        "15:00",
        "15:30",
        "16:00",
        "16:30",
        "17:03",
        "17:28",
        "17:50",
        "18:10",
        "18:30",
        "18:53",
        "19:19",
        "19:46",
        "20:16",
        "20:41",
        "21:11",
        "21:41",
        "22:15",
        "22:53"
    ],
    "saturday": [
        "6:44",
        "7:14",
        "7:44",
        "8:09",
        "8:39",
        "9:09",
        "9:39",
        "10:09",
        "10:39",
        "11:09",
        "11:39",
        "12:09",
        "12:39",
        "13:09",
        "13:39",
        "14:09",
        "14:39",
        "15:09",
        "15:39",
        "16:09",
        "16:39",
        "17:09",
        "17:39",
        "18:09",
        "18:39",
        "19:09",
        "19:39",
        "20:09",
        "20:39",
        "21:09",
        "21:39",
        "22:21"
    ],
    "holiday": [
        "7:14",
        "7:44",
        "8:09",
        "8:39",
        "9:09",
        "9:39",
        "10:09",
        "10:39",
        "11:09",
        "11:39",
        "12:09",
        "12:39",
        "13:09",
        "13:39",
        "14:09",
        "14:39",
        "15:09",
        "15:39",
        "16:09",
        "16:39",
        "17:09",
        "17:39",
        "18:09",
        "18:39",
        "19:09",
        "19:39",
        "20:09",
        "20:39",
        "21:09",
        "21:39",
        "22:21"
    ],
    "url": "https://www.kanachu.co.jp/dia/diagram/timetable01_js/course:0000801177-17/node:00129849/kt:0/lname:/"
}
