{
    "date": "2025/03/15",
    "name": "上谷台",
    "position": "-",
    "system": "長24",
    "destinations": [
        "長後駅西口"
    ],
    "weekday": [
        "6:50",
        "7:22",
        "7:48",
        "8:03",
        "8:18",
        "8:32",
        "8:42",
        "8:57",
        "9:12",
        "9:27",
        "9:47",
        "10:07",
        "10:34",
        "11:04",
        "11:34",
        "12:04",
        "12:34",
        "13:04",
        "13:34",
        "14:04",
        "14:34",
        "15:04",
        "15:34",
        "16:04",
        "16:34",
        "17:07",
        "17:32",
        "17:54",
        "18:14",
        "18:34",
        "18:57",
        "19:23",
        "19:50",
        "20:20",
        "20:45",
        "21:15",
        "21:45",
        "22:19",
        "22:57"
    ],
    "saturday": [
        "6:48",
        "7:18",
        "7:48",
        "8:13",
        "8:43",
        "9:13",
        "9:43",
        "10:13",
        "10:43",
        "11:13",
        "11:43",
        "12:13",
        "12:43",
        "13:13",
        "13:43",
        "14:13",
        "14:43",
        "15:13",
        "15:43",
        "16:13",
        "16:43",
        "17:13",
        "17:43",
        "18:13",
        "18:43",
        "19:13",
        "19:43",
        "20:13",
        "20:43",
        "21:13",
        "21:43",
        "22:25"
    ],
    "holiday": [
        "7:18",
        "7:48",
        "8:13",
        "8:43",
        "9:13",
        "9:43",
        "10:13",
        "10:43",
        "11:13",
        "11:43",
        "12:13",
        "12:43",
        "13:13",
        "13:43",
        "14:13",
        "14:43",
        "15:13",
        "15:43",
        "16:13",
        "16:43",
        "17:13",
        "17:43",
        "18:13",
        "18:43",
        "19:13",
        "19:43",
        "20:13",
        "20:43",
        "21:13",
        "21:43",
        "22:25"
    ],
    "url": "https://www.kanachu.co.jp/dia/diagram/timetable01_js/course:0000801177-20/node:00129846/kt:0/lname:/"
}
