{
    "date": "2026/01/16",
    "name": "素心学院前",
    "position": "-",
    "system": "二03",
    "destinations": [
        "国府中学西口",
        "湘南大磯住宅入口",
        "湘南大磯病院",
        "月京",
        "馬場公園",
        "馬場(中郡大磯町)",
        "城の下",
        "大磯運動公園前"
    ],
    "weekday": [
        "11:37"
    ],
    "saturday": [],
    "holiday": [],
    "url": "https://www.kanachu.co.jp/dia/diagram/timetable01_js/course:0000804284-22/node:00127515/kt:0/lname:/"
}
