{
    "system": "二03",
    "busstops": [
        {
            "index": "1",
            "id": "00127683",
            "name": "二宮駅北口",
            "lat": "35.29921",
            "lng": "139.257759"
        },
        {
            "index": "2",
            "id": "00127791",
            "name": "元町(中郡二宮町)",
            "lat": "35.301632",
            "lng": "139.258545"
        },
        {
            "index": "3",
            "id": "00127790",
            "name": "堂面(中郡二宮町)",
            "lat": "35.305898",
            "lng": "139.254996"
        },
        {
            "index": "4",
            "id": "00127528",
            "name": "栗谷前",
            "lat": "35.308718",
            "lng": "139.258102"
        },
        {
            "index": "5",
            "id": "00127527",
            "name": "桜美園前",
            "lat": "35.314746",
            "lng": "139.256477"
        },
        {
            "index": "6",
            "id": "00127526",
            "name": "富士見平",
            "lat": "35.318979",
            "lng": "139.257067"
        },
        {
            "index": "7",
            "id": "00127525",
            "name": "西久保(中郡大磯町)",
            "lat": "35.321881",
            "lng": "139.258204"
        },
        {
            "index": "8",
            "id": "00130206",
            "name": "西久保福祉館前",
            "lat": "35.324297",
            "lng": "139.257952"
        },
        {
            "index": "9",
            "id": "00130207",
            "name": "黒岩公民館前",
            "lat": "35.32663",
            "lng": "139.260205"
        },
        {
            "index": "10",
            "id": "00130208",
            "name": "黒岩台",
            "lat": "35.326296",
            "lng": "139.264016"
        },
        {
            "index": "11",
            "id": "00130207",
            "name": "黒岩公民館前",
            "lat": "35.32652",
            "lng": "139.260066"
        },
        {
            "index": "12",
            "id": "00130206",
            "name": "西久保福祉館前",
            "lat": "35.324271",
            "lng": "139.258086"
        },
        {
            "index": "13",
            "id": "00127525",
            "name": "西久保(中郡大磯町)",
            "lat": "35.321343",
            "lng": "139.258199"
        },
        {
            "index": "14",
            "id": "00127523",
            "name": "黒岩入口",
            "lat": "35.323186",
            "lng": "139.259893"
        },
        {
            "index": "15",
            "id": "00127522",
            "name": "上舟窪",
            "lat": "35.321835",
            "lng": "139.262694"
        },
        {
            "index": "16",
            "id": "00127521",
            "name": "舟窪",
            "lat": "35.321183",
            "lng": "139.262872"
        },
        {
            "index": "17",
            "id": "00127520",
            "name": "公民館前(中郡大磯町)",
            "lat": "35.321233",
            "lng": "139.265752"
        },
        {
            "index": "18",
            "id": "00127519",
            "name": "天神下(中郡大磯町)",
            "lat": "35.322108",
            "lng": "139.266938"
        },
        {
            "index": "19",
            "id": "00127518",
            "name": "虫窪",
            "lat": "35.323085",
            "lng": "139.267994"
        },
        {
            "index": "20",
            "id": "00127517",
            "name": "ぼったり",
            "lat": "35.320712",
            "lng": "139.270033"
        },
        {
            "index": "21",
            "id": "00127516",
            "name": "下田(中郡大磯町)",
            "lat": "35.317832",
            "lng": "139.272973"
        },
        {
            "index": "22",
            "id": "00127515",
            "name": "素心学院前",
            "lat": "35.316151",
            "lng": "139.273026"
        },
        {
            "index": "23",
            "id": "00127514",
            "name": "国府中学西口",
            "lat": "35.313842",
            "lng": "139.272624"
        },
        {
            "index": "24",
            "id": "00127511",
            "name": "湘南大磯住宅入口",
            "lat": "35.311139",
            "lng": "139.272436"
        },
        {
            "index": "25",
            "id": "00127506",
            "name": "湘南大磯病院",
            "lat": "35.309578",
            "lng": "139.27515"
        },
        {
            "index": "26",
            "id": "00127549",
            "name": "月京",
            "lat": "35.310018",
            "lng": "139.277436"
        },
        {
            "index": "27",
            "id": "00127697",
            "name": "馬場公園",
            "lat": "35.309807",
            "lng": "139.280747"
        },
        {
            "index": "28",
            "id": "00127696",
            "name": "馬場(中郡大磯町)",
            "lat": "35.309619",
            "lng": "139.284382"
        },
        {
            "index": "29",
            "id": "00127695",
            "name": "城の下",
            "lat": "35.308716",
            "lng": "139.287097"
        },
        {
            "index": "30",
            "id": "00130205",
            "name": "大磯運動公園前",
            "lat": "35.308946",
            "lng": "139.289549"
        }
    ],
    "route_url": "https://www.kanachu.co.jp/dia/route/index/cid:0000804284/"
}
