{
    "date": "2025/04/19",
    "name": "千代田五丁目",
    "position": "-",
    "system": "相29",
    "destinations": [
        "千代田十字路",
        "千代田一丁目",
        "職業安定所前(相模原市中央区)",
        "ウェルネスさがみはら前",
        "市役所前(相模原市中央区)",
        "グリーンプラザ(相模原市中央区)",
        "西門前(相模原市中央区)",
        "相模原五丁目",
        "相模原駅南口"
    ],
    "weekday": [
        "9:44",
        "11:29",
        "13:29",
        "15:29",
        "16:22",
        "17:02",
        "17:32",
        "18:02",
        "20:17",
        "22:02"
    ],
    "saturday": [
        "9:14"
    ],
    "holiday": [
        "9:12",
        "18:29",
        "19:32"
    ],
    "url": "https://www.kanachu.co.jp/dia/diagram/timetable01_js/course:0000803511-11/node:00129196/kt:0/lname:/"
}
