{
    "date": "2024/03/16",
    "name": "韮尾根",
    "position": "-",
    "system": "三51",
    "destinations": [
        "石ヶ沢",
        "串川橋",
        "長竹(相模原市緑区)",
        "長竹クラブ前",
        "上長竹",
        "関(相模原市緑区)",
        "関・宮原",
        "新屋敷(相模原市緑区)",
        "小沢(相模原市緑区)",
        "青山(相模原市緑区)",
        "三ヶ木新宿",
        "津久井高校前",
        "三ヶ木"
    ],
    "weekday": [
        "6:53",
        "7:58",
        "9:03",
        "12:03",
        "13:03",
        "14:03",
        "16:38",
        "17:53",
        "18:53",
        "19:48"
    ],
    "saturday": [
        "7:58",
        "9:03",
        "12:03",
        "13:03",
        "14:03",
        "16:38",
        "17:53",
        "18:53",
        "19:48"
    ],
    "holiday": [
        "7:58",
        "9:03",
        "12:03",
        "13:03",
        "14:03",
        "16:38",
        "17:53",
        "18:53",
        "19:48"
    ],
    "url": "https://www.kanachu.co.jp/dia/diagram/timetable01_js/course:0000800375-5/node:00128853/kt:0/lname:/"
}
