{
    "date": "2026/01/16",
    "name": "南橋(町田市)",
    "position": "-",
    "system": "町83",
    "destinations": [
        "金森郵便局前",
        "金森",
        "市営住宅入口(町田市)",
        "南中学校前(町田市)",
        "金森四丁目",
        "南農協前",
        "小川入口(町田市)",
        "柳谷戸",
        "小川中央",
        "つくし野二丁目(町田市)",
        "つくし野小学校",
        "つくし野駅"
    ],
    "weekday": [
        "6:28",
        "6:52",
        "7:17",
        "7:37",
        "7:57",
        "8:10",
        "8:34",
        "8:58"
    ],
    "saturday": [
        "6:32",
        "7:22",
        "7:45",
        "8:22",
        "8:58"
    ],
    "holiday": [
        "7:20",
        "8:25",
        "8:55"
    ],
    "url": "https://www.kanachu.co.jp/dia/diagram/timetable01_js/course:0000804162-5/node:00129542/kt:0/lname:/"
}
