{
    "date": "2026/01/16",
    "name": "市営住宅入口(町田市)",
    "position": "-",
    "system": "町83",
    "destinations": [
        "南中学校前(町田市)",
        "金森四丁目",
        "南農協前",
        "小川入口(町田市)",
        "柳谷戸",
        "小川中央",
        "つくし野二丁目(町田市)",
        "つくし野小学校",
        "つくし野駅"
    ],
    "weekday": [
        "6:33",
        "6:57",
        "7:22",
        "7:42",
        "8:02",
        "8:15",
        "8:39",
        "9:03"
    ],
    "saturday": [
        "6:35",
        "7:27",
        "7:50",
        "8:27",
        "9:03"
    ],
    "holiday": [
        "7:23",
        "8:28",
        "8:58"
    ],
    "url": "https://www.kanachu.co.jp/dia/diagram/timetable01_js/course:0000804162-8/node:00129539/kt:0/lname:/"
}
