{
    "date": "2026/01/16",
    "name": "南中学校前(町田市)",
    "position": "-",
    "system": "町83",
    "destinations": [
        "金森四丁目",
        "南農協前",
        "小川入口(町田市)",
        "柳谷戸",
        "小川中央",
        "つくし野二丁目(町田市)",
        "つくし野小学校",
        "つくし野駅"
    ],
    "weekday": [
        "6:34",
        "6:58",
        "7:23",
        "7:43",
        "8:03",
        "8:16",
        "8:40",
        "9:04"
    ],
    "saturday": [
        "6:36",
        "7:28",
        "7:51",
        "8:28",
        "9:04"
    ],
    "holiday": [
        "7:24",
        "8:29",
        "8:59"
    ],
    "url": "https://www.kanachu.co.jp/dia/diagram/timetable01_js/course:0000804162-9/node:00129538/kt:0/lname:/"
}
