{
    "date": "2025/02/24",
    "name": "飯田北小学校入口",
    "position": "-",
    "system": "下05",
    "destinations": [
        "上飯田中学校入口",
        "向原(横浜市泉区)",
        "池ノ上(横浜市泉区)",
        "和泉坂上",
        "三柱神社入口",
        "左馬神社入口",
        "ゆめが丘駅",
        "下飯田駅",
        "赤坂橋(横浜市泉区)",
        "密蔵院前",
        "いずみ台",
        "アカシア公園入口",
        "深谷消防出張所西側",
        "深谷台小学校入口",
        "富士見ヶ丘入口",
        "戸塚西公園入口",
        "横浜薬大南門",
        "俣野公園・横浜薬大前",
        "集会所前(横浜市戸塚区)",
        "ドリームハイツ"
    ],
    "weekday": [
        "5:43",
        "6:08",
        "6:33",
        "6:59",
        "8:23",
        "10:02",
        "11:19",
        "12:19",
        "13:19",
        "15:01",
        "15:24",
        "16:14",
        "17:14",
        "18:58",
        "19:40",
        "20:19"
    ],
    "saturday": [
        "5:48",
        "6:13",
        "7:33",
        "8:28",
        "9:33",
        "10:03",
        "12:19",
        "13:19",
        "14:43",
        "15:19",
        "16:19",
        "18:19"
    ],
    "holiday": [
        "5:48",
        "6:13",
        "7:33",
        "8:28",
        "9:33",
        "10:03",
        "12:19",
        "13:19",
        "14:43",
        "15:19",
        "16:19",
        "18:19"
    ],
    "url": "https://www.kanachu.co.jp/dia/diagram/timetable01_js/course:0000803529-4/node:00126907/kt:0/lname:/"
}
