{
    "date": "2025/02/24",
    "name": "三柱神社入口",
    "position": "-",
    "system": "下05",
    "destinations": [
        "左馬神社入口",
        "ゆめが丘駅",
        "下飯田駅",
        "赤坂橋(横浜市泉区)",
        "密蔵院前",
        "いずみ台",
        "アカシア公園入口",
        "深谷消防出張所西側",
        "深谷台小学校入口",
        "富士見ヶ丘入口",
        "戸塚西公園入口",
        "横浜薬大南門",
        "俣野公園・横浜薬大前",
        "集会所前(横浜市戸塚区)",
        "ドリームハイツ"
    ],
    "weekday": [
        "5:48",
        "6:13",
        "6:38",
        "7:04",
        "8:28",
        "10:07",
        "11:24",
        "12:24",
        "13:24",
        "15:06",
        "15:29",
        "16:19",
        "17:19",
        "19:03",
        "19:45",
        "20:24"
    ],
    "saturday": [
        "5:53",
        "6:18",
        "7:38",
        "8:33",
        "9:38",
        "10:08",
        "12:24",
        "13:24",
        "14:48",
        "15:24",
        "16:24",
        "18:24"
    ],
    "holiday": [
        "5:53",
        "6:18",
        "7:38",
        "8:33",
        "9:38",
        "10:08",
        "12:24",
        "13:24",
        "14:48",
        "15:24",
        "16:24",
        "18:24"
    ],
    "url": "https://www.kanachu.co.jp/dia/diagram/timetable01_js/course:0000803529-9/node:00126955/kt:0/lname:/"
}
