{
    "date": "2025/02/24",
    "name": "赤坂橋(横浜市泉区)",
    "position": "-",
    "system": "下05",
    "destinations": [
        "密蔵院前",
        "いずみ台",
        "アカシア公園入口",
        "深谷消防出張所西側",
        "深谷台小学校入口",
        "富士見ヶ丘入口",
        "戸塚西公園入口",
        "横浜薬大南門",
        "俣野公園・横浜薬大前",
        "集会所前(横浜市戸塚区)",
        "ドリームハイツ"
    ],
    "weekday": [
        "5:56",
        "6:21",
        "6:46",
        "7:12",
        "8:36",
        "10:15",
        "11:32",
        "12:32",
        "13:32",
        "15:14",
        "15:37",
        "16:27",
        "17:27",
        "19:11",
        "19:53",
        "20:32"
    ],
    "saturday": [
        "6:01",
        "6:26",
        "7:46",
        "8:41",
        "9:46",
        "10:16",
        "12:32",
        "13:32",
        "14:56",
        "15:32",
        "16:32",
        "18:32"
    ],
    "holiday": [
        "6:01",
        "6:26",
        "7:46",
        "8:41",
        "9:46",
        "10:16",
        "12:32",
        "13:32",
        "14:56",
        "15:32",
        "16:32",
        "18:32"
    ],
    "url": "https://www.kanachu.co.jp/dia/diagram/timetable01_js/course:0000803529-13/node:00126959/kt:0/lname:/"
}
