{
    "date": "2025/02/24",
    "name": "密蔵院前",
    "position": "-",
    "system": "下05",
    "destinations": [
        "いずみ台",
        "アカシア公園入口",
        "深谷消防出張所西側",
        "深谷台小学校入口",
        "富士見ヶ丘入口",
        "戸塚西公園入口",
        "横浜薬大南門",
        "俣野公園・横浜薬大前",
        "集会所前(横浜市戸塚区)",
        "ドリームハイツ"
    ],
    "weekday": [
        "5:57",
        "6:22",
        "6:47",
        "7:13",
        "8:37",
        "10:16",
        "11:33",
        "12:33",
        "13:33",
        "15:15",
        "15:38",
        "16:28",
        "17:28",
        "19:12",
        "19:54",
        "20:33"
    ],
    "saturday": [
        "6:02",
        "6:27",
        "7:47",
        "8:42",
        "9:47",
        "10:17",
        "12:33",
        "13:33",
        "14:57",
        "15:33",
        "16:33",
        "18:33"
    ],
    "holiday": [
        "6:02",
        "6:27",
        "7:47",
        "8:42",
        "9:47",
        "10:17",
        "12:33",
        "13:33",
        "14:57",
        "15:33",
        "16:33",
        "18:33"
    ],
    "url": "https://www.kanachu.co.jp/dia/diagram/timetable01_js/course:0000803529-14/node:00126960/kt:0/lname:/"
}
