{
    "date": "2025/02/24",
    "name": "アカシア公園入口",
    "position": "-",
    "system": "下05",
    "destinations": [
        "深谷消防出張所西側",
        "深谷台小学校入口",
        "富士見ヶ丘入口",
        "戸塚西公園入口",
        "横浜薬大南門",
        "俣野公園・横浜薬大前",
        "集会所前(横浜市戸塚区)",
        "ドリームハイツ"
    ],
    "weekday": [
        "5:58",
        "6:23",
        "6:48",
        "7:14",
        "8:38",
        "10:17",
        "11:34",
        "12:34",
        "13:34",
        "15:16",
        "15:39",
        "16:29",
        "17:29",
        "19:13",
        "19:55",
        "20:34"
    ],
    "saturday": [
        "6:03",
        "6:28",
        "7:48",
        "8:43",
        "9:48",
        "10:18",
        "12:34",
        "13:34",
        "14:58",
        "15:34",
        "16:34",
        "18:34"
    ],
    "holiday": [
        "6:03",
        "6:28",
        "7:48",
        "8:43",
        "9:48",
        "10:18",
        "12:34",
        "13:34",
        "14:58",
        "15:34",
        "16:34",
        "18:34"
    ],
    "url": "https://www.kanachu.co.jp/dia/diagram/timetable01_js/course:0000803529-16/node:00126962/kt:0/lname:/"
}
