{
    "date": "2025/02/24",
    "name": "深谷消防出張所西側",
    "position": "-",
    "system": "下05",
    "destinations": [
        "深谷台小学校入口",
        "富士見ヶ丘入口",
        "戸塚西公園入口",
        "横浜薬大南門",
        "俣野公園・横浜薬大前",
        "集会所前(横浜市戸塚区)",
        "ドリームハイツ"
    ],
    "weekday": [
        "5:59",
        "6:24",
        "6:49",
        "7:15",
        "8:39",
        "10:18",
        "11:35",
        "12:35",
        "13:35",
        "15:17",
        "15:40",
        "16:30",
        "17:30",
        "19:14",
        "19:56",
        "20:35"
    ],
    "saturday": [
        "6:04",
        "6:29",
        "7:49",
        "8:44",
        "9:49",
        "10:19",
        "12:35",
        "13:35",
        "14:59",
        "15:35",
        "16:35",
        "18:35"
    ],
    "holiday": [
        "6:04",
        "6:29",
        "7:49",
        "8:44",
        "9:49",
        "10:19",
        "12:35",
        "13:35",
        "14:59",
        "15:35",
        "16:35",
        "18:35"
    ],
    "url": "https://www.kanachu.co.jp/dia/diagram/timetable01_js/course:0000803529-17/node:00126963/kt:0/lname:/"
}
