{
    "date": "2025/02/24",
    "name": "富士見ヶ丘入口",
    "position": "-",
    "system": "下05",
    "destinations": [
        "戸塚西公園入口",
        "横浜薬大南門",
        "俣野公園・横浜薬大前",
        "集会所前(横浜市戸塚区)",
        "ドリームハイツ"
    ],
    "weekday": [
        "6:01",
        "6:26",
        "6:51",
        "7:17",
        "8:41",
        "10:20",
        "11:37",
        "12:37",
        "13:37",
        "15:19",
        "15:42",
        "16:32",
        "17:32",
        "19:16",
        "19:58",
        "20:37"
    ],
    "saturday": [
        "6:06",
        "6:31",
        "7:51",
        "8:46",
        "9:51",
        "10:21",
        "12:37",
        "13:37",
        "15:01",
        "15:37",
        "16:37",
        "18:37"
    ],
    "holiday": [
        "6:06",
        "6:31",
        "7:51",
        "8:46",
        "9:51",
        "10:21",
        "12:37",
        "13:37",
        "15:01",
        "15:37",
        "16:37",
        "18:37"
    ],
    "url": "https://www.kanachu.co.jp/dia/diagram/timetable01_js/course:0000803529-19/node:00126965/kt:0/lname:/"
}
