{
    "date": "2025/08/04",
    "name": "合野原",
    "position": "-",
    "system": "橋33",
    "destinations": [
        "内出(相模原市緑区)",
        "相模原協同病院入口",
        "上の原(相模原市緑区)",
        "公園前(相模原市緑区)",
        "住宅前(相模原市緑区)",
        "日本板硝子前(相模原市緑区)",
        "西橋本三丁目",
        "北警察署前(相模原市緑区)",
        "緑区合同庁舎前(相模原市緑区)",
        "橋本二丁目",
        "橋本駅南口"
    ],
    "weekday": [
        "5:41",
        "6:01",
        "6:16",
        "6:31",
        "6:46",
        "6:59",
        "7:11",
        "7:26",
        "7:36",
        "7:51",
        "8:01",
        "8:11",
        "8:26",
        "8:41",
        "8:56",
        "9:06",
        "9:26",
        "9:56",
        "10:16",
        "10:51",
        "11:11",
        "11:51",
        "12:11",
        "12:51",
        "13:11",
        "13:51",
        "14:11",
        "14:51",
        "15:11",
        "15:46",
        "16:06",
        "16:36",
        "17:06",
        "17:26",
        "17:46",
        "18:06",
        "18:21",
        "18:36",
        "18:56",
        "19:16",
        "19:36",
        "19:56",
        "20:16",
        "20:36",
        "20:56",
        "21:21",
        "22:01"
    ],
    "saturday": [
        "6:01",
        "6:41",
        "7:01",
        "7:21",
        "7:46",
        "8:01",
        "8:16",
        "8:36",
        "9:01",
        "9:41",
        "10:06",
        "10:46",
        "11:01",
        "11:41",
        "11:51",
        "12:41",
        "12:56",
        "13:46",
        "14:01",
        "14:46",
        "15:01",
        "15:41",
        "16:06",
        "16:51",
        "17:06",
        "17:46",
        "18:01",
        "18:46",
        "19:16",
        "19:41",
        "20:11",
        "20:46",
        "21:01",
        "22:01"
    ],
    "holiday": [
        "6:21",
        "7:01",
        "7:21",
        "7:46",
        "8:01",
        "8:16",
        "8:36",
        "9:01",
        "9:41",
        "10:06",
        "10:46",
        "11:01",
        "11:41",
        "11:51",
        "12:41",
        "12:56",
        "13:46",
        "14:01",
        "14:46",
        "15:01",
        "15:41",
        "16:06",
        "16:51",
        "17:06",
        "17:46",
        "18:01",
        "18:46",
        "19:16",
        "19:41",
        "20:11",
        "21:01"
    ],
    "url": "https://www.kanachu.co.jp/dia/diagram/timetable01_js/course:0000801280-2/node:00128979/kt:0/lname:/"
}
