{
    "date": "2025/08/04",
    "name": "内出(相模原市緑区)",
    "position": "-",
    "system": "橋33",
    "destinations": [
        "相模原協同病院入口",
        "上の原(相模原市緑区)",
        "公園前(相模原市緑区)",
        "住宅前(相模原市緑区)",
        "日本板硝子前(相模原市緑区)",
        "西橋本三丁目",
        "北警察署前(相模原市緑区)",
        "緑区合同庁舎前(相模原市緑区)",
        "橋本二丁目",
        "橋本駅南口"
    ],
    "weekday": [
        "5:42",
        "6:02",
        "6:17",
        "6:32",
        "6:47",
        "7:00",
        "7:12",
        "7:27",
        "7:37",
        "7:52",
        "8:02",
        "8:12",
        "8:27",
        "8:42",
        "8:57",
        "9:07",
        "9:27",
        "9:57",
        "10:17",
        "10:52",
        "11:12",
        "11:52",
        "12:12",
        "12:52",
        "13:12",
        "13:52",
        "14:12",
        "14:52",
        "15:12",
        "15:47",
        "16:07",
        "16:37",
        "17:07",
        "17:27",
        "17:47",
        "18:07",
        "18:22",
        "18:37",
        "18:57",
        "19:16",
        "19:36",
        "19:56",
        "20:16",
        "20:36",
        "20:56",
        "21:21",
        "22:01"
    ],
    "saturday": [
        "6:02",
        "6:42",
        "7:02",
        "7:22",
        "7:47",
        "8:02",
        "8:17",
        "8:37",
        "9:02",
        "9:42",
        "10:07",
        "10:47",
        "11:02",
        "11:42",
        "11:52",
        "12:42",
        "12:57",
        "13:47",
        "14:02",
        "14:47",
        "15:02",
        "15:42",
        "16:07",
        "16:52",
        "17:07",
        "17:47",
        "18:02",
        "18:47",
        "19:17",
        "19:42",
        "20:11",
        "20:46",
        "21:01",
        "22:01"
    ],
    "holiday": [
        "6:22",
        "7:02",
        "7:22",
        "7:47",
        "8:02",
        "8:17",
        "8:37",
        "9:02",
        "9:42",
        "10:07",
        "10:47",
        "11:02",
        "11:42",
        "11:52",
        "12:42",
        "12:57",
        "13:47",
        "14:02",
        "14:47",
        "15:02",
        "15:42",
        "16:07",
        "16:52",
        "17:07",
        "17:47",
        "18:02",
        "18:47",
        "19:16",
        "19:41",
        "20:11",
        "21:01"
    ],
    "url": "https://www.kanachu.co.jp/dia/diagram/timetable01_js/course:0000801280-3/node:00128978/kt:0/lname:/"
}
