{
    "date": "2025/08/04",
    "name": "日本板硝子前(相模原市緑区)",
    "position": "-",
    "system": "橋33",
    "destinations": [
        "西橋本三丁目",
        "北警察署前(相模原市緑区)",
        "緑区合同庁舎前(相模原市緑区)",
        "橋本二丁目",
        "橋本駅南口"
    ],
    "weekday": [
        "5:47",
        "6:07",
        "6:22",
        "6:37",
        "6:52",
        "7:05",
        "7:17",
        "7:32",
        "7:42",
        "7:57",
        "8:07",
        "8:17",
        "8:32",
        "8:47",
        "9:02",
        "9:12",
        "9:32",
        "10:02",
        "10:22",
        "10:57",
        "11:17",
        "11:57",
        "12:17",
        "12:57",
        "13:17",
        "13:57",
        "14:17",
        "14:57",
        "15:17",
        "15:52",
        "16:12",
        "16:42",
        "17:12",
        "17:32",
        "17:52",
        "18:12",
        "18:27",
        "18:42",
        "19:02",
        "19:21",
        "19:41",
        "20:01",
        "20:21",
        "20:41",
        "21:01",
        "21:26",
        "22:06"
    ],
    "saturday": [
        "6:07",
        "6:47",
        "7:07",
        "7:27",
        "7:52",
        "8:07",
        "8:22",
        "8:42",
        "9:07",
        "9:47",
        "10:12",
        "10:52",
        "11:07",
        "11:47",
        "11:57",
        "12:47",
        "13:02",
        "13:52",
        "14:07",
        "14:52",
        "15:07",
        "15:47",
        "16:12",
        "16:57",
        "17:12",
        "17:52",
        "18:07",
        "18:52",
        "19:22",
        "19:47",
        "20:16",
        "20:51",
        "21:06",
        "22:06"
    ],
    "holiday": [
        "6:27",
        "7:07",
        "7:27",
        "7:52",
        "8:07",
        "8:22",
        "8:42",
        "9:07",
        "9:47",
        "10:12",
        "10:52",
        "11:07",
        "11:47",
        "11:57",
        "12:47",
        "13:02",
        "13:52",
        "14:07",
        "14:52",
        "15:07",
        "15:47",
        "16:12",
        "16:57",
        "17:12",
        "17:52",
        "18:07",
        "18:52",
        "19:21",
        "19:46",
        "20:16",
        "21:06"
    ],
    "url": "https://www.kanachu.co.jp/dia/diagram/timetable01_js/course:0000801280-8/node:00128973/kt:0/lname:/"
}
