{
    "date": "2024/12/16",
    "name": "平塚文化芸術ホール前",
    "position": "-",
    "system": "平77",
    "destinations": [
        "八間通り",
        "豊田道",
        "新豊田道",
        "桧扇町",
        "富士見小学校前(平塚市)",
        "豊原町",
        "諏訪町(平塚市)",
        "大久保公園(平塚市)",
        "貴峯荘前",
        "平塚農商高校",
        "上平塚",
        "市民病院前(平塚市)",
        "達上ヶ丘",
        "南原土手",
        "長瀬(平塚市)",
        "長持",
        "水神橋(平塚市)",
        "平塚支援学校前",
        "飯島(平塚市)",
        "片岡(平塚市)",
        "南金目",
        "金目駅",
        "堀町(平塚市)",
        "みずほ小学校",
        "塚越古墳",
        "北金目",
        "東海大学東",
        "東海大学1号館前",
        "東海大学前駅入口",
        "東海大学前駅南口"
    ],
    "weekday": [
        "7:25",
        "8:30",
        "9:35",
        "10:33",
        "11:29",
        "12:29",
        "13:30",
        "14:30",
        "15:30",
        "16:30",
        "17:59"
    ],
    "saturday": [
        "9:32",
        "10:32",
        "11:32",
        "12:32",
        "13:32",
        "14:32",
        "15:32"
    ],
    "holiday": [
        "9:32",
        "10:32",
        "11:32",
        "12:32",
        "13:32",
        "14:32",
        "15:32"
    ],
    "url": "https://www.kanachu.co.jp/dia/diagram/timetable01_js/course:0000803651-3/node:00127466/kt:0/lname:/"
}
