{
    "date": "2024/12/16",
    "name": "新豊田道",
    "position": "-",
    "system": "平77",
    "destinations": [
        "桧扇町",
        "富士見小学校前(平塚市)",
        "豊原町",
        "諏訪町(平塚市)",
        "大久保公園(平塚市)",
        "貴峯荘前",
        "平塚農商高校",
        "上平塚",
        "市民病院前(平塚市)",
        "達上ヶ丘",
        "南原土手",
        "長瀬(平塚市)",
        "長持",
        "水神橋(平塚市)",
        "平塚支援学校前",
        "飯島(平塚市)",
        "片岡(平塚市)",
        "南金目",
        "金目駅",
        "堀町(平塚市)",
        "みずほ小学校",
        "塚越古墳",
        "北金目",
        "東海大学東",
        "東海大学1号館前",
        "東海大学前駅入口",
        "東海大学前駅南口"
    ],
    "weekday": [
        "7:28",
        "8:33",
        "9:38",
        "10:36",
        "11:32",
        "12:32",
        "13:33",
        "14:33",
        "15:33",
        "16:33",
        "18:02"
    ],
    "saturday": [
        "9:35",
        "10:35",
        "11:35",
        "12:35",
        "13:35",
        "14:35",
        "15:35"
    ],
    "holiday": [
        "9:35",
        "10:35",
        "11:35",
        "12:35",
        "13:35",
        "14:35",
        "15:35"
    ],
    "url": "https://www.kanachu.co.jp/dia/diagram/timetable01_js/course:0000803651-6/node:00127585/kt:0/lname:/"
}
