{
    "date": "2024/12/16",
    "name": "桧扇町",
    "position": "-",
    "system": "平77",
    "destinations": [
        "富士見小学校前(平塚市)",
        "豊原町",
        "諏訪町(平塚市)",
        "大久保公園(平塚市)",
        "貴峯荘前",
        "平塚農商高校",
        "上平塚",
        "市民病院前(平塚市)",
        "達上ヶ丘",
        "南原土手",
        "長瀬(平塚市)",
        "長持",
        "水神橋(平塚市)",
        "平塚支援学校前",
        "飯島(平塚市)",
        "片岡(平塚市)",
        "南金目",
        "金目駅",
        "堀町(平塚市)",
        "みずほ小学校",
        "塚越古墳",
        "北金目",
        "東海大学東",
        "東海大学1号館前",
        "東海大学前駅入口",
        "東海大学前駅南口"
    ],
    "weekday": [
        "7:29",
        "8:34",
        "9:39",
        "10:37",
        "11:33",
        "12:33",
        "13:34",
        "14:34",
        "15:34",
        "16:34",
        "18:03"
    ],
    "saturday": [
        "9:36",
        "10:36",
        "11:36",
        "12:36",
        "13:36",
        "14:36",
        "15:36"
    ],
    "holiday": [
        "9:36",
        "10:36",
        "11:36",
        "12:36",
        "13:36",
        "14:36",
        "15:36"
    ],
    "url": "https://www.kanachu.co.jp/dia/diagram/timetable01_js/course:0000803651-7/node:00127586/kt:0/lname:/"
}
