{
    "date": "2024/12/16",
    "name": "市民病院前(平塚市)",
    "position": "-",
    "system": "平77",
    "destinations": [
        "達上ヶ丘",
        "南原土手",
        "長瀬(平塚市)",
        "長持",
        "水神橋(平塚市)",
        "平塚支援学校前",
        "飯島(平塚市)",
        "片岡(平塚市)",
        "南金目",
        "金目駅",
        "堀町(平塚市)",
        "みずほ小学校",
        "塚越古墳",
        "北金目",
        "東海大学東",
        "東海大学1号館前",
        "東海大学前駅入口",
        "東海大学前駅南口"
    ],
    "weekday": [
        "7:39",
        "8:44",
        "9:49",
        "10:47",
        "11:43",
        "12:43",
        "13:44",
        "14:44",
        "15:44",
        "16:44",
        "18:13"
    ],
    "saturday": [
        "9:46",
        "10:46",
        "11:46",
        "12:46",
        "13:46",
        "14:46",
        "15:46"
    ],
    "holiday": [
        "9:46",
        "10:46",
        "11:46",
        "12:46",
        "13:46",
        "14:46",
        "15:46"
    ],
    "url": "https://www.kanachu.co.jp/dia/diagram/timetable01_js/course:0000803651-15/node:00127583/kt:0/lname:/"
}
