{
    "date": "2024/12/16",
    "name": "達上ヶ丘",
    "position": "-",
    "system": "平77",
    "destinations": [
        "南原土手",
        "長瀬(平塚市)",
        "長持",
        "水神橋(平塚市)",
        "平塚支援学校前",
        "飯島(平塚市)",
        "片岡(平塚市)",
        "南金目",
        "金目駅",
        "堀町(平塚市)",
        "みずほ小学校",
        "塚越古墳",
        "北金目",
        "東海大学東",
        "東海大学1号館前",
        "東海大学前駅入口",
        "東海大学前駅南口"
    ],
    "weekday": [
        "7:40",
        "8:45",
        "9:50",
        "10:48",
        "11:44",
        "12:44",
        "13:45",
        "14:45",
        "15:45",
        "16:45",
        "18:14"
    ],
    "saturday": [
        "9:47",
        "10:47",
        "11:47",
        "12:47",
        "13:47",
        "14:47",
        "15:47"
    ],
    "holiday": [
        "9:47",
        "10:47",
        "11:47",
        "12:47",
        "13:47",
        "14:47",
        "15:47"
    ],
    "url": "https://www.kanachu.co.jp/dia/diagram/timetable01_js/course:0000803651-16/node:00127584/kt:0/lname:/"
}
