{
    "date": "2024/12/16",
    "name": "長瀬(平塚市)",
    "position": "-",
    "system": "平77",
    "destinations": [
        "長持",
        "水神橋(平塚市)",
        "平塚支援学校前",
        "飯島(平塚市)",
        "片岡(平塚市)",
        "南金目",
        "金目駅",
        "堀町(平塚市)",
        "みずほ小学校",
        "塚越古墳",
        "北金目",
        "東海大学東",
        "東海大学1号館前",
        "東海大学前駅入口",
        "東海大学前駅南口"
    ],
    "weekday": [
        "7:42",
        "8:47",
        "9:52",
        "10:50",
        "11:46",
        "12:46",
        "13:47",
        "14:47",
        "15:47",
        "16:47",
        "18:16"
    ],
    "saturday": [
        "9:49",
        "10:49",
        "11:49",
        "12:49",
        "13:49",
        "14:49",
        "15:49"
    ],
    "holiday": [
        "9:49",
        "10:49",
        "11:49",
        "12:49",
        "13:49",
        "14:49",
        "15:49"
    ],
    "url": "https://www.kanachu.co.jp/dia/diagram/timetable01_js/course:0000803651-18/node:00127738/kt:0/lname:/"
}
