{
    "date": "2024/12/16",
    "name": "堀町(平塚市)",
    "position": "-",
    "system": "平77",
    "destinations": [
        "みずほ小学校",
        "塚越古墳",
        "北金目",
        "東海大学東",
        "東海大学1号館前",
        "東海大学前駅入口",
        "東海大学前駅南口"
    ],
    "weekday": [
        "7:54",
        "8:59",
        "10:01",
        "10:59",
        "11:55",
        "12:55",
        "13:56",
        "14:56",
        "15:56",
        "16:57",
        "18:28"
    ],
    "saturday": [
        "9:58",
        "10:58",
        "11:58",
        "12:58",
        "13:58",
        "14:58",
        "15:58"
    ],
    "holiday": [
        "9:57",
        "10:57",
        "11:57",
        "12:57",
        "13:58",
        "14:58",
        "15:58"
    ],
    "url": "https://www.kanachu.co.jp/dia/diagram/timetable01_js/course:0000803651-26/node:00128236/kt:0/lname:/"
}
