{
    "date": "2024/12/16",
    "name": "北金目",
    "position": "-",
    "system": "平77",
    "destinations": [
        "東海大学東",
        "東海大学1号館前",
        "東海大学前駅入口",
        "東海大学前駅南口"
    ],
    "weekday": [
        "7:57",
        "9:02",
        "10:04",
        "11:02",
        "11:58",
        "12:58",
        "13:59",
        "14:59",
        "15:59",
        "17:00",
        "18:31"
    ],
    "saturday": [
        "10:01",
        "11:01",
        "12:01",
        "13:01",
        "14:01",
        "15:01",
        "16:01"
    ],
    "holiday": [
        "10:00",
        "11:00",
        "12:00",
        "13:00",
        "14:01",
        "15:01",
        "16:01"
    ],
    "url": "https://www.kanachu.co.jp/dia/diagram/timetable01_js/course:0000803651-29/node:00130533/kt:0/lname:/"
}
