{
    "date": "2012/09/13",
    "name": "上愛甲",
    "position": "-",
    "system": "愛24",
    "destinations": [
        "愛甲原住宅",
        "大上(厚木市)",
        "聖木",
        "毛利台南入口",
        "上長谷(厚木市)",
        "愛名入口",
        "やまゆり園前(厚木市)",
        "宮地(厚木市)",
        "中愛名",
        "愛名",
        "八ツ橋",
        "白山(厚木市)",
        "六堂辻",
        "古松台入口",
        "千頭坂下",
        "千頭",
        "及川富士塚",
        "小山(厚木市)",
        "荻野新宿",
        "宿原入口",
        "糀屋前(厚木市)",
        "松蓮寺"
    ],
    "weekday": [
        "6:25",
        "7:51",
        "17:16",
        "18:51"
    ],
    "saturday": [
        "6:25",
        "7:51",
        "17:16",
        "18:51"
    ],
    "holiday": [
        "6:25",
        "7:50",
        "17:16",
        "18:51"
    ],
    "url": "https://www.kanachu.co.jp/dia/diagram/timetable01_js/course:0000800811-5/node:00128527/kt:0/lname:/"
}
