{
    "date": "2012/09/13",
    "name": "大上(厚木市)",
    "position": "-",
    "system": "愛24",
    "destinations": [
        "聖木",
        "毛利台南入口",
        "上長谷(厚木市)",
        "愛名入口",
        "やまゆり園前(厚木市)",
        "宮地(厚木市)",
        "中愛名",
        "愛名",
        "八ツ橋",
        "白山(厚木市)",
        "六堂辻",
        "古松台入口",
        "千頭坂下",
        "千頭",
        "及川富士塚",
        "小山(厚木市)",
        "荻野新宿",
        "宿原入口",
        "糀屋前(厚木市)",
        "松蓮寺"
    ],
    "weekday": [
        "6:27",
        "7:53",
        "17:18",
        "18:53"
    ],
    "saturday": [
        "6:27",
        "7:53",
        "17:18",
        "18:53"
    ],
    "holiday": [
        "6:27",
        "7:52",
        "17:18",
        "18:53"
    ],
    "url": "https://www.kanachu.co.jp/dia/diagram/timetable01_js/course:0000800811-7/node:00128525/kt:0/lname:/"
}
