{
    "date": "2012/09/01",
    "name": "白山(厚木市)",
    "position": "-",
    "system": "愛24",
    "destinations": [
        "六堂辻",
        "古松台入口",
        "千頭坂下",
        "千頭",
        "及川富士塚",
        "小山(厚木市)",
        "荻野新宿",
        "宿原入口",
        "糀屋前(厚木市)",
        "松蓮寺"
    ],
    "weekday": [
        "6:37",
        "8:03",
        "17:28",
        "19:03"
    ],
    "saturday": [
        "6:37",
        "8:03",
        "17:28",
        "19:03"
    ],
    "holiday": [
        "6:37",
        "8:02",
        "17:28",
        "19:03"
    ],
    "url": "https://www.kanachu.co.jp/dia/diagram/timetable01_js/course:0000800811-17/node:00128476/kt:0/lname:/"
}
