{
    "date": "2012/09/01",
    "name": "六堂辻",
    "position": "-",
    "system": "愛24",
    "destinations": [
        "古松台入口",
        "千頭坂下",
        "千頭",
        "及川富士塚",
        "小山(厚木市)",
        "荻野新宿",
        "宿原入口",
        "糀屋前(厚木市)",
        "松蓮寺"
    ],
    "weekday": [
        "6:38",
        "8:04",
        "17:29",
        "19:04"
    ],
    "saturday": [
        "6:38",
        "8:04",
        "17:29",
        "19:04"
    ],
    "holiday": [
        "6:38",
        "8:03",
        "17:29",
        "19:04"
    ],
    "url": "https://www.kanachu.co.jp/dia/diagram/timetable01_js/course:0000800811-18/node:00128477/kt:0/lname:/"
}
