{
    "date": "2012/09/01",
    "name": "古松台入口",
    "position": "-",
    "system": "愛24",
    "destinations": [
        "千頭坂下",
        "千頭",
        "及川富士塚",
        "小山(厚木市)",
        "荻野新宿",
        "宿原入口",
        "糀屋前(厚木市)",
        "松蓮寺"
    ],
    "weekday": [
        "6:39",
        "8:05",
        "17:30",
        "19:05"
    ],
    "saturday": [
        "6:39",
        "8:05",
        "17:30",
        "19:05"
    ],
    "holiday": [
        "6:39",
        "8:04",
        "17:30",
        "19:05"
    ],
    "url": "https://www.kanachu.co.jp/dia/diagram/timetable01_js/course:0000800811-19/node:00128478/kt:0/lname:/"
}
