{
    "date": "2012/09/01",
    "name": "千頭坂下",
    "position": "-",
    "system": "愛24",
    "destinations": [
        "千頭",
        "及川富士塚",
        "小山(厚木市)",
        "荻野新宿",
        "宿原入口",
        "糀屋前(厚木市)",
        "松蓮寺"
    ],
    "weekday": [
        "6:40",
        "8:06",
        "17:31",
        "19:06"
    ],
    "saturday": [
        "6:40",
        "8:06",
        "17:31",
        "19:06"
    ],
    "holiday": [
        "6:40",
        "8:05",
        "17:31",
        "19:06"
    ],
    "url": "https://www.kanachu.co.jp/dia/diagram/timetable01_js/course:0000800811-20/node:00128678/kt:0/lname:/"
}
