{
    "system": "愛24",
    "busstops": [
        {
            "index": "1",
            "id": "00128496",
            "name": "愛甲石田駅",
            "lat": "35.418042",
            "lng": "139.344115"
        },
        {
            "index": "2",
            "id": "00128495",
            "name": "宮前(厚木市)",
            "lat": "35.420482",
            "lng": "139.341804"
        },
        {
            "index": "3",
            "id": "00128529",
            "name": "堂山",
            "lat": "35.421563",
            "lng": "139.339575"
        },
        {
            "index": "4",
            "id": "00128528",
            "name": "愛甲橋",
            "lat": "35.42344",
            "lng": "139.335608"
        },
        {
            "index": "5",
            "id": "00128527",
            "name": "上愛甲",
            "lat": "35.42479",
            "lng": "139.332824"
        },
        {
            "index": "6",
            "id": "00128526",
            "name": "愛甲原住宅",
            "lat": "35.423832",
            "lng": "139.331303"
        },
        {
            "index": "7",
            "id": "00128525",
            "name": "大上(厚木市)",
            "lat": "35.426201",
            "lng": "139.329291"
        },
        {
            "index": "8",
            "id": "00128524",
            "name": "聖木",
            "lat": "35.428788",
            "lng": "139.32869"
        },
        {
            "index": "9",
            "id": "00128659",
            "name": "毛利台南入口",
            "lat": "35.432849",
            "lng": "139.330541"
        },
        {
            "index": "10",
            "id": "00128447",
            "name": "上長谷(厚木市)",
            "lat": "35.432797",
            "lng": "139.32641"
        },
        {
            "index": "11",
            "id": "00128448",
            "name": "愛名入口",
            "lat": "35.436038",
            "lng": "139.324547"
        },
        {
            "index": "12",
            "id": "00128515",
            "name": "やまゆり園前(厚木市)",
            "lat": "35.439567",
            "lng": "139.323841"
        },
        {
            "index": "13",
            "id": "00128514",
            "name": "宮地(厚木市)",
            "lat": "35.443256",
            "lng": "139.325941"
        },
        {
            "index": "14",
            "id": "00128513",
            "name": "中愛名",
            "lat": "35.445628",
            "lng": "139.326831"
        },
        {
            "index": "15",
            "id": "00128512",
            "name": "愛名",
            "lat": "35.447669",
            "lng": "139.328109"
        },
        {
            "index": "16",
            "id": "00128511",
            "name": "八ツ橋",
            "lat": "35.450278",
            "lng": "139.329279"
        },
        {
            "index": "17",
            "id": "00128476",
            "name": "白山(厚木市)",
            "lat": "35.454181",
            "lng": "139.329873"
        },
        {
            "index": "18",
            "id": "00128477",
            "name": "六堂辻",
            "lat": "35.455906",
            "lng": "139.330376"
        },
        {
            "index": "19",
            "id": "00128478",
            "name": "古松台入口",
            "lat": "35.460555",
            "lng": "139.332625"
        },
        {
            "index": "20",
            "id": "00128678",
            "name": "千頭坂下",
            "lat": "35.464642",
            "lng": "139.336674"
        },
        {
            "index": "21",
            "id": "00128402",
            "name": "千頭",
            "lat": "35.467416",
            "lng": "139.33814"
        },
        {
            "index": "22",
            "id": "00128677",
            "name": "及川富士塚",
            "lat": "35.469421",
            "lng": "139.339877"
        },
        {
            "index": "23",
            "id": "00128676",
            "name": "小山(厚木市)",
            "lat": "35.473435",
            "lng": "139.341021"
        },
        {
            "index": "24",
            "id": "00128268",
            "name": "荻野新宿",
            "lat": "35.477734",
            "lng": "139.341055"
        },
        {
            "index": "25",
            "id": "00128267",
            "name": "宿原入口",
            "lat": "35.474574",
            "lng": "139.344987"
        },
        {
            "index": "26",
            "id": "00128266",
            "name": "糀屋前(厚木市)",
            "lat": "35.472994",
            "lng": "139.346533"
        },
        {
            "index": "27",
            "id": "00128265",
            "name": "松蓮寺",
            "lat": "35.470132",
            "lng": "139.34929"
        }
    ],
    "route_url": "https://www.kanachu.co.jp/dia/route/index/cid:0000800811/"
}
