{
    "date": "2026/01/16",
    "name": "六反地",
    "position": "-",
    "system": "秦51",
    "destinations": [
        "田原入口",
        "羽根入口",
        "三屋入口",
        "戸川入口",
        "菩提原",
        "菩提(秦野市)",
        "横野入口",
        "戸沢入口",
        "戸川",
        "平和橋(秦野市)",
        "大倉入口",
        "関(秦野市)",
        "堀川",
        "堀西駐在所前",
        "中道(秦野市)",
        "西小学校前(秦野市)",
        "西中学校前(秦野市)",
        "柳町(秦野市)",
        "渋沢駅北口"
    ],
    "weekday": [
        "6:38",
        "6:53",
        "7:06",
        "7:14",
        "7:24",
        "7:39",
        "7:50",
        "8:09",
        "8:29",
        "8:58",
        "9:28",
        "9:58",
        "10:28",
        "10:58",
        "11:28",
        "11:58",
        "12:28",
        "12:58",
        "13:28",
        "13:58",
        "14:28",
        "14:58",
        "15:28",
        "15:58",
        "16:18",
        "16:37",
        "16:56",
        "17:13",
        "17:33",
        "17:53",
        "18:13",
        "18:33",
        "18:53",
        "19:20",
        "19:50",
        "20:35",
        "21:20",
        "22:02"
    ],
    "saturday": [
        "6:48",
        "7:18",
        "7:48",
        "8:18",
        "8:48",
        "9:18",
        "9:48",
        "10:18",
        "10:48",
        "11:18",
        "11:48",
        "12:18",
        "12:48",
        "13:18",
        "13:48",
        "14:18",
        "14:48",
        "15:18",
        "15:48",
        "16:18",
        "16:48",
        "17:18",
        "17:48",
        "18:18",
        "18:48",
        "19:18",
        "19:48",
        "20:18",
        "20:58",
        "21:43"
    ],
    "holiday": [
        "6:48",
        "7:18",
        "7:48",
        "8:18",
        "8:48",
        "9:18",
        "9:48",
        "10:18",
        "10:48",
        "11:18",
        "11:48",
        "12:18",
        "12:48",
        "13:18",
        "13:48",
        "14:18",
        "14:48",
        "15:18",
        "15:48",
        "16:18",
        "16:48",
        "17:18",
        "17:48",
        "18:18",
        "18:48",
        "19:18",
        "19:48",
        "20:18",
        "20:58",
        "21:43"
    ],
    "url": "https://www.kanachu.co.jp/dia/diagram/timetable01_js/course:0000804029-9/node:00127881/kt:0/lname:/"
}
