{
    "date": "2026/01/16",
    "name": "田原入口",
    "position": "-",
    "system": "秦51",
    "destinations": [
        "羽根入口",
        "三屋入口",
        "戸川入口",
        "菩提原",
        "菩提(秦野市)",
        "横野入口",
        "戸沢入口",
        "戸川",
        "平和橋(秦野市)",
        "大倉入口",
        "関(秦野市)",
        "堀川",
        "堀西駐在所前",
        "中道(秦野市)",
        "西小学校前(秦野市)",
        "西中学校前(秦野市)",
        "柳町(秦野市)",
        "渋沢駅北口"
    ],
    "weekday": [
        "6:39",
        "6:54",
        "7:07",
        "7:15",
        "7:25",
        "7:40",
        "7:51",
        "8:10",
        "8:30",
        "8:59",
        "9:29",
        "9:59",
        "10:29",
        "10:59",
        "11:29",
        "11:59",
        "12:29",
        "12:59",
        "13:29",
        "13:59",
        "14:29",
        "14:59",
        "15:29",
        "15:59",
        "16:19",
        "16:38",
        "16:57",
        "17:14",
        "17:34",
        "17:54",
        "18:14",
        "18:34",
        "18:54",
        "19:21",
        "19:51",
        "20:36",
        "21:21",
        "22:03"
    ],
    "saturday": [
        "6:49",
        "7:19",
        "7:49",
        "8:19",
        "8:49",
        "9:19",
        "9:49",
        "10:19",
        "10:49",
        "11:19",
        "11:49",
        "12:19",
        "12:49",
        "13:19",
        "13:49",
        "14:19",
        "14:49",
        "15:19",
        "15:49",
        "16:19",
        "16:49",
        "17:19",
        "17:49",
        "18:19",
        "18:49",
        "19:19",
        "19:49",
        "20:19",
        "20:59",
        "21:44"
    ],
    "holiday": [
        "6:49",
        "7:19",
        "7:49",
        "8:19",
        "8:49",
        "9:19",
        "9:49",
        "10:19",
        "10:49",
        "11:19",
        "11:49",
        "12:19",
        "12:49",
        "13:19",
        "13:49",
        "14:19",
        "14:49",
        "15:19",
        "15:49",
        "16:19",
        "16:49",
        "17:19",
        "17:49",
        "18:19",
        "18:49",
        "19:19",
        "19:49",
        "20:19",
        "20:59",
        "21:44"
    ],
    "url": "https://www.kanachu.co.jp/dia/diagram/timetable01_js/course:0000804029-10/node:00127882/kt:0/lname:/"
}
