{
    "date": "2026/01/16",
    "name": "戸川",
    "position": "-",
    "system": "秦51",
    "destinations": [
        "平和橋(秦野市)",
        "大倉入口",
        "関(秦野市)",
        "堀川",
        "堀西駐在所前",
        "中道(秦野市)",
        "西小学校前(秦野市)",
        "西中学校前(秦野市)",
        "柳町(秦野市)",
        "渋沢駅北口"
    ],
    "weekday": [
        "6:47",
        "7:02",
        "7:17",
        "7:25",
        "7:35",
        "7:50",
        "8:01",
        "8:20",
        "8:38",
        "9:07",
        "9:37",
        "10:07",
        "10:37",
        "11:07",
        "11:37",
        "12:07",
        "12:37",
        "13:07",
        "13:37",
        "14:07",
        "14:37",
        "15:07",
        "15:37",
        "16:07",
        "16:27",
        "16:46",
        "17:05",
        "17:22",
        "17:42",
        "18:02",
        "18:22",
        "18:42",
        "19:02",
        "19:29",
        "19:59",
        "20:44",
        "21:29",
        "22:11"
    ],
    "saturday": [
        "6:57",
        "7:27",
        "7:57",
        "8:27",
        "8:57",
        "9:27",
        "9:57",
        "10:27",
        "10:57",
        "11:27",
        "11:57",
        "12:27",
        "12:57",
        "13:27",
        "13:57",
        "14:27",
        "14:57",
        "15:27",
        "15:57",
        "16:27",
        "16:57",
        "17:27",
        "17:57",
        "18:27",
        "18:57",
        "19:27",
        "19:57",
        "20:27",
        "21:07",
        "21:52"
    ],
    "holiday": [
        "6:57",
        "7:27",
        "7:57",
        "8:27",
        "8:57",
        "9:27",
        "9:57",
        "10:27",
        "10:57",
        "11:27",
        "11:57",
        "12:27",
        "12:57",
        "13:27",
        "13:57",
        "14:27",
        "14:57",
        "15:27",
        "15:57",
        "16:27",
        "16:57",
        "17:27",
        "17:57",
        "18:27",
        "18:57",
        "19:27",
        "19:57",
        "20:27",
        "21:07",
        "21:52"
    ],
    "url": "https://www.kanachu.co.jp/dia/diagram/timetable01_js/course:0000804029-18/node:00127890/kt:0/lname:/"
}
