{
    "date": "2025/08/04",
    "name": "若葉台住宅",
    "position": "-",
    "system": "橋28",
    "destinations": [
        "新若葉台",
        "若葉台七丁目",
        "かたくりの里",
        "広田小学校前",
        "町屋本町",
        "砂(相模原市緑区)",
        "本郷(相模原市緑区)",
        "城山相原界",
        "東原宿",
        "森の上",
        "二本松(相模原市緑区)",
        "相原中央",
        "相原台",
        "大西(相模原市緑区)",
        "上町(相模原市緑区)",
        "緑区合同庁舎前(相模原市緑区)",
        "橋本二丁目",
        "橋本駅南口"
    ],
    "weekday": [
        "6:14",
        "6:50",
        "7:14",
        "7:50",
        "8:50"
    ],
    "saturday": [
        "6:50",
        "7:37",
        "8:47",
        "9:38"
    ],
    "holiday": [
        "7:37",
        "8:47",
        "9:38"
    ],
    "url": "https://www.kanachu.co.jp/dia/diagram/timetable01_js/course:0000800214-1/node:00128874/kt:0/lname:/"
}
