{
    "date": "2025/08/04",
    "name": "本郷(相模原市緑区)",
    "position": "-",
    "system": "橋28",
    "destinations": [
        "城山相原界",
        "東原宿",
        "森の上",
        "二本松(相模原市緑区)",
        "相原中央",
        "相原台",
        "大西(相模原市緑区)",
        "上町(相模原市緑区)",
        "緑区合同庁舎前(相模原市緑区)",
        "橋本二丁目",
        "橋本駅南口"
    ],
    "weekday": [
        "6:22",
        "6:58",
        "7:22",
        "7:58",
        "8:58"
    ],
    "saturday": [
        "6:58",
        "7:45",
        "8:55",
        "9:46"
    ],
    "holiday": [
        "7:45",
        "8:55",
        "9:46"
    ],
    "url": "https://www.kanachu.co.jp/dia/diagram/timetable01_js/course:0000800214-8/node:00129004/kt:0/lname:/"
}
