{
    "date": "2025/08/04",
    "name": "相原台",
    "position": "-",
    "system": "橋28",
    "destinations": [
        "大西(相模原市緑区)",
        "上町(相模原市緑区)",
        "緑区合同庁舎前(相模原市緑区)",
        "橋本二丁目",
        "橋本駅南口"
    ],
    "weekday": [
        "6:28",
        "7:05",
        "7:29",
        "8:05",
        "9:05"
    ],
    "saturday": [
        "7:03",
        "7:50",
        "9:00",
        "9:51"
    ],
    "holiday": [
        "7:50",
        "9:00",
        "9:51"
    ],
    "url": "https://www.kanachu.co.jp/dia/diagram/timetable01_js/course:0000800214-14/node:00128966/kt:0/lname:/"
}
