{
    "date": "2025/08/04",
    "name": "上町(相模原市緑区)",
    "position": "-",
    "system": "橋28",
    "destinations": [
        "緑区合同庁舎前(相模原市緑区)",
        "橋本二丁目",
        "橋本駅南口"
    ],
    "weekday": [
        "6:30",
        "7:07",
        "7:31",
        "8:07",
        "9:07"
    ],
    "saturday": [
        "7:05",
        "7:52",
        "9:02",
        "9:53"
    ],
    "holiday": [
        "7:52",
        "9:02",
        "9:53"
    ],
    "url": "https://www.kanachu.co.jp/dia/diagram/timetable01_js/course:0000800214-16/node:00128968/kt:0/lname:/"
}
