{
    "date": "2025/08/04",
    "name": "上長竹",
    "position": "-",
    "system": "橋04",
    "destinations": [
        "長竹クラブ前",
        "串川グラウンド前",
        "沼(相模原市緑区)",
        "長尾(相模原市緑区)",
        "金原準工前",
        "富士塚前(相模原市緑区)",
        "ひがし会館",
        "東金原",
        "相模原協同病院",
        "峡の原車庫",
        "西橋本三丁目",
        "北警察署前(相模原市緑区)",
        "緑区合同庁舎前(相模原市緑区)",
        "橋本二丁目",
        "橋本駅南口"
    ],
    "weekday": [
        "7:37"
    ],
    "saturday": [
        "7:37"
    ],
    "holiday": [],
    "url": "https://www.kanachu.co.jp/dia/diagram/timetable01_js/course:0000802997-9/node:00128837/kt:0/lname:/"
}
