{
    "date": "2025/04/01",
    "name": "扇橋(町田市)",
    "position": "-",
    "system": "町31",
    "destinations": [
        "日大三高東",
        "結道",
        "松下谷戸",
        "図師",
        "図師大橋",
        "馬駈",
        "根岸(根岸町/町田市)",
        "下根岸(町田市)",
        "上宿(町田市)",
        "忠生公園入口",
        "木曽(町田市)",
        "三家(町田市)",
        "木曽住宅",
        "滝の沢(町田市)",
        "浄水場前(町田市)",
        "市民病院前(町田市)",
        "森野三丁目",
        "第四小学校前(町田市)",
        "町田市役所市民ホール前",
        "町田バスセンター"
    ],
    "weekday": [
        "6:45",
        "7:51",
        "8:26",
        "9:51",
        "10:51",
        "11:31",
        "12:16",
        "13:16",
        "14:41",
        "15:31",
        "16:16",
        "17:18",
        "18:56"
    ],
    "saturday": [
        "7:21",
        "9:01",
        "10:41",
        "12:21",
        "14:04",
        "16:01"
    ],
    "holiday": [
        "7:29",
        "9:01",
        "10:41",
        "12:21",
        "14:01",
        "15:51"
    ],
    "url": "https://www.kanachu.co.jp/dia/diagram/timetable01_js/course:0000803324-3/node:00020713/kt:0/lname:/"
}
