{
    "date": "2025/04/01",
    "name": "図師大橋",
    "position": "-",
    "system": "町31",
    "destinations": [
        "馬駈",
        "根岸(根岸町/町田市)",
        "下根岸(町田市)",
        "上宿(町田市)",
        "忠生公園入口",
        "木曽(町田市)",
        "三家(町田市)",
        "木曽住宅",
        "滝の沢(町田市)",
        "浄水場前(町田市)",
        "市民病院前(町田市)",
        "森野三丁目",
        "第四小学校前(町田市)",
        "町田市役所市民ホール前",
        "町田バスセンター"
    ],
    "weekday": [
        "6:51",
        "7:57",
        "8:32",
        "9:57",
        "10:57",
        "11:37",
        "12:22",
        "13:22",
        "14:47",
        "15:37",
        "16:22",
        "17:24",
        "19:02"
    ],
    "saturday": [
        "7:27",
        "9:07",
        "10:47",
        "12:27",
        "14:10",
        "16:07"
    ],
    "holiday": [
        "7:35",
        "9:07",
        "10:47",
        "12:27",
        "14:07",
        "15:57"
    ],
    "url": "https://www.kanachu.co.jp/dia/diagram/timetable01_js/course:0000803324-8/node:00129369/kt:0/lname:/"
}
