{
    "date": "2025/04/01",
    "name": "下根岸(町田市)",
    "position": "-",
    "system": "町31",
    "destinations": [
        "上宿(町田市)",
        "忠生公園入口",
        "木曽(町田市)",
        "三家(町田市)",
        "木曽住宅",
        "滝の沢(町田市)",
        "浄水場前(町田市)",
        "市民病院前(町田市)",
        "森野三丁目",
        "第四小学校前(町田市)",
        "町田市役所市民ホール前",
        "町田バスセンター"
    ],
    "weekday": [
        "6:57",
        "8:03",
        "8:38",
        "10:03",
        "11:03",
        "11:43",
        "12:28",
        "13:28",
        "14:53",
        "15:43",
        "16:28",
        "17:30",
        "19:07"
    ],
    "saturday": [
        "7:33",
        "9:12",
        "10:52",
        "12:32",
        "14:15",
        "16:12"
    ],
    "holiday": [
        "7:41",
        "9:12",
        "10:52",
        "12:32",
        "14:12",
        "16:02"
    ],
    "url": "https://www.kanachu.co.jp/dia/diagram/timetable01_js/course:0000803324-11/node:00129366/kt:0/lname:/"
}
