{
    "date": "2025/04/01",
    "name": "町田市役所市民ホール前",
    "position": "-",
    "system": "町31",
    "destinations": [
        "町田バスセンター"
    ],
    "weekday": [
        "7:13",
        "8:19",
        "8:54",
        "10:19",
        "11:19",
        "11:59",
        "12:44",
        "13:44",
        "15:09",
        "15:59",
        "16:44",
        "17:46",
        "19:22"
    ],
    "saturday": [
        "7:48",
        "9:28",
        "11:08",
        "12:48",
        "14:31",
        "16:28"
    ],
    "holiday": [
        "7:56",
        "9:28",
        "11:08",
        "12:48",
        "14:28",
        "16:18"
    ],
    "url": "https://www.kanachu.co.jp/dia/diagram/timetable01_js/course:0000803324-22/node:00129356/kt:0/lname:/"
}
