{
    "date": "2025/05/11",
    "name": "笠間一丁目",
    "position": "-",
    "system": "船05",
    "destinations": [
        "岩井口",
        "笠間町",
        "笠間十字路",
        "平島(鎌倉市)",
        "鎌倉女子大前",
        "公田",
        "栄警察署前",
        "天神橋(横浜市栄区)",
        "本郷石橋",
        "鍛冶ヶ谷",
        "七曲",
        "原(横浜市港南区)",
        "港南車庫入口",
        "藤ヶ沢",
        "金井(横浜市港南区)",
        "清水橋(横浜市港南区)",
        "日野(横浜市港南区)",
        "日野小学校前(横浜市港南区)",
        "日野中央公園入口",
        "日野公園墓地入口",
        "新吉原橋",
        "吉原(横浜市港南区)",
        "港南区総合庁舎前",
        "笹下港南中央通り",
        "関の下",
        "上大岡駅"
    ],
    "weekday": [
        "6:36",
        "7:33",
        "7:53",
        "19:31",
        "20:01",
        "20:31",
        "21:06",
        "21:46"
    ],
    "saturday": [
        "19:31",
        "20:19",
        "21:07"
    ],
    "holiday": [
        "19:31",
        "20:19",
        "21:07"
    ],
    "url": "https://www.kanachu.co.jp/dia/diagram/timetable01_js/course:0000802792-2/node:00126500/kt:0/lname:/"
}
