{
    "date": "2025/05/11",
    "name": "笠間十字路",
    "position": "-",
    "system": "船05",
    "destinations": [
        "平島(鎌倉市)",
        "鎌倉女子大前",
        "公田",
        "栄警察署前",
        "天神橋(横浜市栄区)",
        "本郷石橋",
        "鍛冶ヶ谷",
        "七曲",
        "原(横浜市港南区)",
        "港南車庫入口",
        "藤ヶ沢",
        "金井(横浜市港南区)",
        "清水橋(横浜市港南区)",
        "日野(横浜市港南区)",
        "日野小学校前(横浜市港南区)",
        "日野中央公園入口",
        "日野公園墓地入口",
        "新吉原橋",
        "吉原(横浜市港南区)",
        "港南区総合庁舎前",
        "笹下港南中央通り",
        "関の下",
        "上大岡駅"
    ],
    "weekday": [
        "6:39",
        "7:36",
        "7:56",
        "19:34",
        "20:04",
        "20:34",
        "21:09",
        "21:49"
    ],
    "saturday": [
        "19:34",
        "20:22",
        "21:10"
    ],
    "holiday": [
        "19:34",
        "20:22",
        "21:10"
    ],
    "url": "https://www.kanachu.co.jp/dia/diagram/timetable01_js/course:0000802792-5/node:00126503/kt:0/lname:/"
}
