{
    "date": "2025/05/11",
    "name": "栄警察署前",
    "position": "-",
    "system": "船05",
    "destinations": [
        "天神橋(横浜市栄区)",
        "本郷石橋",
        "鍛冶ヶ谷",
        "七曲",
        "原(横浜市港南区)",
        "港南車庫入口",
        "藤ヶ沢",
        "金井(横浜市港南区)",
        "清水橋(横浜市港南区)",
        "日野(横浜市港南区)",
        "日野小学校前(横浜市港南区)",
        "日野中央公園入口",
        "日野公園墓地入口",
        "新吉原橋",
        "吉原(横浜市港南区)",
        "港南区総合庁舎前",
        "笹下港南中央通り",
        "関の下",
        "上大岡駅"
    ],
    "weekday": [
        "6:44",
        "7:42",
        "8:02",
        "19:40",
        "20:09",
        "20:39",
        "21:14",
        "21:54"
    ],
    "saturday": [
        "19:40",
        "20:27",
        "21:15"
    ],
    "holiday": [
        "19:40",
        "20:27",
        "21:15"
    ],
    "url": "https://www.kanachu.co.jp/dia/diagram/timetable01_js/course:0000802792-9/node:00126609/kt:0/lname:/"
}
