{
    "date": "2025/05/11",
    "name": "本郷石橋",
    "position": "-",
    "system": "船05",
    "destinations": [
        "鍛冶ヶ谷",
        "七曲",
        "原(横浜市港南区)",
        "港南車庫入口",
        "藤ヶ沢",
        "金井(横浜市港南区)",
        "清水橋(横浜市港南区)",
        "日野(横浜市港南区)",
        "日野小学校前(横浜市港南区)",
        "日野中央公園入口",
        "日野公園墓地入口",
        "新吉原橋",
        "吉原(横浜市港南区)",
        "港南区総合庁舎前",
        "笹下港南中央通り",
        "関の下",
        "上大岡駅"
    ],
    "weekday": [
        "6:46",
        "7:44",
        "8:04",
        "19:42",
        "20:11",
        "20:41",
        "21:16",
        "21:56"
    ],
    "saturday": [
        "19:42",
        "20:29",
        "21:17"
    ],
    "holiday": [
        "19:42",
        "20:29",
        "21:17"
    ],
    "url": "https://www.kanachu.co.jp/dia/diagram/timetable01_js/course:0000802792-11/node:00126550/kt:0/lname:/"
}
