{
    "date": "2025/05/11",
    "name": "藤ヶ沢",
    "position": "-",
    "system": "船05",
    "destinations": [
        "金井(横浜市港南区)",
        "清水橋(横浜市港南区)",
        "日野(横浜市港南区)",
        "日野小学校前(横浜市港南区)",
        "日野中央公園入口",
        "日野公園墓地入口",
        "新吉原橋",
        "吉原(横浜市港南区)",
        "港南区総合庁舎前",
        "笹下港南中央通り",
        "関の下",
        "上大岡駅"
    ],
    "weekday": [
        "6:53",
        "7:52",
        "8:12",
        "19:50",
        "20:18",
        "20:48",
        "21:23",
        "22:03"
    ],
    "saturday": [
        "19:49",
        "20:36",
        "21:24"
    ],
    "holiday": [
        "19:49",
        "20:36",
        "21:24"
    ],
    "url": "https://www.kanachu.co.jp/dia/diagram/timetable01_js/course:0000802792-16/node:00103008/kt:0/lname:/"
}
