{
    "date": "2025/05/11",
    "name": "金井(横浜市港南区)",
    "position": "-",
    "system": "船05",
    "destinations": [
        "清水橋(横浜市港南区)",
        "日野(横浜市港南区)",
        "日野小学校前(横浜市港南区)",
        "日野中央公園入口",
        "日野公園墓地入口",
        "新吉原橋",
        "吉原(横浜市港南区)",
        "港南区総合庁舎前",
        "笹下港南中央通り",
        "関の下",
        "上大岡駅"
    ],
    "weekday": [
        "6:54",
        "7:54",
        "8:14",
        "19:52",
        "20:19",
        "20:49",
        "21:24",
        "22:04"
    ],
    "saturday": [
        "19:50",
        "20:37",
        "21:25"
    ],
    "holiday": [
        "19:50",
        "20:37",
        "21:25"
    ],
    "url": "https://www.kanachu.co.jp/dia/diagram/timetable01_js/course:0000802792-17/node:00102359/kt:0/lname:/"
}
