{
    "date": "2025/05/11",
    "name": "日野公園墓地入口",
    "position": "-",
    "system": "船05",
    "destinations": [
        "新吉原橋",
        "吉原(横浜市港南区)",
        "港南区総合庁舎前",
        "笹下港南中央通り",
        "関の下",
        "上大岡駅"
    ],
    "weekday": [
        "7:00",
        "8:00",
        "8:20",
        "19:58",
        "20:25",
        "20:55",
        "21:30",
        "22:10"
    ],
    "saturday": [
        "19:56",
        "20:43",
        "21:31"
    ],
    "holiday": [
        "19:56",
        "20:43",
        "21:31"
    ],
    "url": "https://www.kanachu.co.jp/dia/diagram/timetable01_js/course:0000802792-22/node:00102958/kt:0/lname:/"
}
