{
    "date": "2025/05/11",
    "name": "笹下港南中央通り",
    "position": "-",
    "system": "船05",
    "destinations": [
        "関の下",
        "上大岡駅"
    ],
    "weekday": [
        "7:05",
        "8:05",
        "8:25",
        "20:03",
        "20:29",
        "20:59",
        "21:34",
        "22:14"
    ],
    "saturday": [
        "20:00",
        "20:47",
        "21:35"
    ],
    "holiday": [
        "20:00",
        "20:47",
        "21:35"
    ],
    "url": "https://www.kanachu.co.jp/dia/diagram/timetable01_js/course:0000802792-26/node:00126558/kt:0/lname:/"
}
