{
    "date": "2025/03/15",
    "name": "工業団地入口(藤沢市)",
    "position": "-",
    "system": "湘23",
    "destinations": [
        "北警察署前(藤沢市)",
        "湘南台駅西口"
    ],
    "weekday": [
        "14:45",
        "15:05",
        "15:14",
        "15:56",
        "16:02",
        "16:24",
        "19:56",
        "20:11",
        "20:26",
        "20:41",
        "20:56",
        "21:06",
        "21:21",
        "21:41",
        "21:56",
        "22:41"
    ],
    "saturday": [
        "13:19",
        "13:23",
        "13:27",
        "14:26",
        "15:26",
        "16:26",
        "17:26",
        "18:26",
        "19:23",
        "19:53",
        "20:18"
    ],
    "holiday": [],
    "url": "https://www.kanachu.co.jp/dia/diagram/timetable01_js/course:0000800141-6/node:00129909/kt:0/lname:/"
}
