{
    "date": "2024/03/16",
    "name": "横浜女子短期大学前",
    "position": "-",
    "system": "港84",
    "destinations": [
        "榎戸(横浜市港南区)",
        "横浜栄高校前",
        "紅葉橋(横浜市栄区)",
        "上之",
        "上之中央",
        "犬山南",
        "犬山",
        "矢沢(横浜市栄区)",
        "桂山公園",
        "桂台中央",
        "北桂台"
    ],
    "weekday": [
        "11:17",
        "12:52",
        "13:47",
        "15:45",
        "20:12",
        "20:37"
    ],
    "saturday": [],
    "holiday": [],
    "url": "https://www.kanachu.co.jp/dia/diagram/timetable01_js/course:0000800823-2/node:00103234/kt:0/lname:/"
}
