{
    "system": "港84",
    "busstops": [
        {
            "index": "1",
            "id": "00025554",
            "name": "港南台駅",
            "lat": "35.374568",
            "lng": "139.57676"
        },
        {
            "index": "2",
            "id": "00103234",
            "name": "横浜女子短期大学前",
            "lat": "35.370728",
            "lng": "139.577645"
        },
        {
            "index": "3",
            "id": "00102293",
            "name": "榎戸(横浜市港南区)",
            "lat": "35.367981",
            "lng": "139.580886"
        },
        {
            "index": "4",
            "id": "00126608",
            "name": "横浜栄高校前",
            "lat": "35.365613",
            "lng": "139.579026"
        },
        {
            "index": "5",
            "id": "00126514",
            "name": "紅葉橋(横浜市栄区)",
            "lat": "35.360528",
            "lng": "139.577465"
        },
        {
            "index": "6",
            "id": "00126531",
            "name": "上之",
            "lat": "35.35803",
            "lng": "139.577275"
        },
        {
            "index": "7",
            "id": "00126532",
            "name": "上之中央",
            "lat": "35.356445",
            "lng": "139.575223"
        },
        {
            "index": "8",
            "id": "00126533",
            "name": "犬山南",
            "lat": "35.353641",
            "lng": "139.575473"
        },
        {
            "index": "9",
            "id": "00126534",
            "name": "犬山",
            "lat": "35.352973",
            "lng": "139.572618"
        },
        {
            "index": "10",
            "id": "00126535",
            "name": "矢沢(横浜市栄区)",
            "lat": "35.352758",
            "lng": "139.568984"
        },
        {
            "index": "11",
            "id": "00126536",
            "name": "桂山公園",
            "lat": "35.352782",
            "lng": "139.56661"
        },
        {
            "index": "12",
            "id": "00126537",
            "name": "桂台中央",
            "lat": "35.35368",
            "lng": "139.563649"
        },
        {
            "index": "13",
            "id": "00126538",
            "name": "北桂台",
            "lat": "35.358126",
            "lng": "139.563779"
        }
    ],
    "route_url": "https://www.kanachu.co.jp/dia/route/index/cid:0000800823/"
}
