{
    "date": "2024/12/16",
    "name": "宿矢名",
    "position": "-",
    "system": "巻02",
    "destinations": [
        "広畑ふれあいプラザ前",
        "下大槻団地"
    ],
    "weekday": [
        "6:18",
        "8:00",
        "9:45",
        "10:43",
        "11:40",
        "12:40",
        "15:40",
        "16:40",
        "17:40",
        "18:40"
    ],
    "saturday": [
        "9:40",
        "10:40",
        "11:40",
        "12:40",
        "13:40",
        "14:40",
        "16:40",
        "17:40"
    ],
    "holiday": [
        "9:40",
        "10:40",
        "11:40",
        "12:40",
        "13:40",
        "14:40",
        "16:40",
        "17:40"
    ],
    "url": "https://www.kanachu.co.jp/dia/diagram/timetable01_js/course:0000803652-9/node:00127756/kt:0/lname:/"
}
