{
    "date": "2025/01/14",
    "name": "馬場リハビリ入口",
    "position": "-",
    "system": "厚39",
    "destinations": [
        "日向川",
        "玉川公民館前",
        "玉川農協前",
        "中屋橋",
        "小野橋(厚木市)",
        "小野宮前",
        "愛名入口",
        "上長谷(厚木市)",
        "観音坂",
        "清水(厚木市)",
        "南毛利小学校前",
        "高坪入口",
        "温水",
        "片岸(厚木市)",
        "アステモ[Astemo]前〔旧:日立アステモ前〕",
        "厚木高校前",
        "合同庁舎前(厚木市)",
        "市役所入口(厚木市)",
        "本厚木駅",
        "厚木バスセンター"
    ],
    "weekday": [
        "6:05",
        "6:53",
        "7:17",
        "7:51",
        "9:52",
        "16:12",
        "16:52",
        "17:07",
        "18:22",
        "19:22",
        "20:22"
    ],
    "saturday": [
        "6:27",
        "7:27",
        "8:52",
        "12:52",
        "14:52",
        "19:02",
        "21:12"
    ],
    "holiday": [
        "6:27",
        "7:27",
        "8:52",
        "12:52",
        "14:52",
        "19:02",
        "21:12"
    ],
    "url": "https://www.kanachu.co.jp/dia/diagram/timetable01_js/course:0000803330-2/node:00128455/kt:0/lname:/"
}
