{
    "date": "2025/01/14",
    "name": "日向川",
    "position": "-",
    "system": "厚39",
    "destinations": [
        "玉川公民館前",
        "玉川農協前",
        "中屋橋",
        "小野橋(厚木市)",
        "小野宮前",
        "愛名入口",
        "上長谷(厚木市)",
        "観音坂",
        "清水(厚木市)",
        "南毛利小学校前",
        "高坪入口",
        "温水",
        "片岸(厚木市)",
        "アステモ[Astemo]前〔旧:日立アステモ前〕",
        "厚木高校前",
        "合同庁舎前(厚木市)",
        "市役所入口(厚木市)",
        "本厚木駅",
        "厚木バスセンター"
    ],
    "weekday": [
        "6:06",
        "6:54",
        "7:18",
        "7:52",
        "9:53",
        "16:13",
        "16:53",
        "17:08",
        "18:23",
        "19:23",
        "20:23"
    ],
    "saturday": [
        "6:28",
        "7:28",
        "8:53",
        "12:53",
        "14:53",
        "19:03",
        "21:13"
    ],
    "holiday": [
        "6:28",
        "7:28",
        "8:53",
        "12:53",
        "14:53",
        "19:03",
        "21:13"
    ],
    "url": "https://www.kanachu.co.jp/dia/diagram/timetable01_js/course:0000803330-3/node:00128454/kt:0/lname:/"
}
