{
    "date": "2025/01/14",
    "name": "玉川公民館前",
    "position": "-",
    "system": "厚39",
    "destinations": [
        "玉川農協前",
        "中屋橋",
        "小野橋(厚木市)",
        "小野宮前",
        "愛名入口",
        "上長谷(厚木市)",
        "観音坂",
        "清水(厚木市)",
        "南毛利小学校前",
        "高坪入口",
        "温水",
        "片岸(厚木市)",
        "日立アステモ前",
        "厚木高校前",
        "合同庁舎前(厚木市)",
        "市役所入口(厚木市)",
        "本厚木駅",
        "厚木バスセンター"
    ],
    "weekday": [
        "6:07",
        "6:55",
        "7:19",
        "7:53",
        "9:54",
        "16:14",
        "16:54",
        "17:09",
        "18:24",
        "19:24",
        "20:24"
    ],
    "saturday": [
        "6:29",
        "7:29",
        "8:54",
        "12:54",
        "14:54",
        "19:04",
        "21:14"
    ],
    "holiday": [
        "6:29",
        "7:29",
        "8:54",
        "12:54",
        "14:54",
        "19:04",
        "21:14"
    ],
    "url": "https://www.kanachu.co.jp/dia/diagram/timetable01_js/course:0000803330-4/node:00128453/kt:0/lname:/"
}
