{
    "date": "2025/01/14",
    "name": "小野宮前",
    "position": "-",
    "system": "厚39",
    "destinations": [
        "愛名入口",
        "上長谷(厚木市)",
        "観音坂",
        "清水(厚木市)",
        "南毛利小学校前",
        "高坪入口",
        "温水",
        "片岸(厚木市)",
        "アステモ[Astemo]前〔旧:日立アステモ前〕",
        "厚木高校前",
        "合同庁舎前(厚木市)",
        "市役所入口(厚木市)",
        "本厚木駅",
        "厚木バスセンター"
    ],
    "weekday": [
        "6:09",
        "6:57",
        "7:21",
        "7:56",
        "9:56",
        "16:17",
        "16:57",
        "17:12",
        "18:27",
        "19:26",
        "20:26"
    ],
    "saturday": [
        "6:31",
        "7:31",
        "8:57",
        "12:57",
        "14:57",
        "19:06",
        "21:16"
    ],
    "holiday": [
        "6:31",
        "7:31",
        "8:57",
        "12:57",
        "14:57",
        "19:06",
        "21:16"
    ],
    "url": "https://www.kanachu.co.jp/dia/diagram/timetable01_js/course:0000803330-8/node:00128449/kt:0/lname:/"
}
