{
    "date": "2025/01/14",
    "name": "清水(厚木市)",
    "position": "-",
    "system": "厚39",
    "destinations": [
        "南毛利小学校前",
        "高坪入口",
        "温水",
        "片岸(厚木市)",
        "アステモ[Astemo]前〔旧:日立アステモ前〕",
        "厚木高校前",
        "合同庁舎前(厚木市)",
        "市役所入口(厚木市)",
        "本厚木駅",
        "厚木バスセンター"
    ],
    "weekday": [
        "6:15",
        "7:03",
        "7:27",
        "8:02",
        "10:02",
        "16:23",
        "17:03",
        "17:18",
        "18:33",
        "19:32",
        "20:32"
    ],
    "saturday": [
        "6:35",
        "7:35",
        "9:01",
        "13:01",
        "15:01",
        "19:10",
        "21:20"
    ],
    "holiday": [
        "6:35",
        "7:35",
        "9:01",
        "13:01",
        "15:01",
        "19:10",
        "21:20"
    ],
    "url": "https://www.kanachu.co.jp/dia/diagram/timetable01_js/course:0000803330-12/node:00128673/kt:0/lname:/"
}
