{
    "date": "2025/01/14",
    "name": "南毛利小学校前",
    "position": "-",
    "system": "厚39",
    "destinations": [
        "高坪入口",
        "温水",
        "片岸(厚木市)",
        "日立アステモ前",
        "厚木高校前",
        "合同庁舎前(厚木市)",
        "市役所入口(厚木市)",
        "本厚木駅",
        "厚木バスセンター"
    ],
    "weekday": [
        "6:16",
        "7:04",
        "7:28",
        "8:03",
        "10:03",
        "16:24",
        "17:04",
        "17:19",
        "18:34",
        "19:33",
        "20:33"
    ],
    "saturday": [
        "6:36",
        "7:36",
        "9:02",
        "13:02",
        "15:02",
        "19:11",
        "21:21"
    ],
    "holiday": [
        "6:36",
        "7:36",
        "9:02",
        "13:02",
        "15:02",
        "19:11",
        "21:21"
    ],
    "url": "https://www.kanachu.co.jp/dia/diagram/timetable01_js/course:0000803330-13/node:00128445/kt:0/lname:/"
}
