{
    "date": "2025/01/14",
    "name": "片岸(厚木市)",
    "position": "-",
    "system": "厚39",
    "destinations": [
        "日立アステモ前",
        "厚木高校前",
        "合同庁舎前(厚木市)",
        "市役所入口(厚木市)",
        "本厚木駅",
        "厚木バスセンター"
    ],
    "weekday": [
        "6:20",
        "7:08",
        "7:32",
        "8:07",
        "10:07",
        "16:28",
        "17:08",
        "17:23",
        "18:38",
        "19:37",
        "20:37"
    ],
    "saturday": [
        "6:40",
        "7:40",
        "9:06",
        "13:06",
        "15:06",
        "19:15",
        "21:25"
    ],
    "holiday": [
        "6:40",
        "7:40",
        "9:06",
        "13:06",
        "15:06",
        "19:15",
        "21:25"
    ],
    "url": "https://www.kanachu.co.jp/dia/diagram/timetable01_js/course:0000803330-16/node:00128442/kt:0/lname:/"
}
