{
    "date": "2025/05/11",
    "name": "団地下(横浜市栄区)",
    "position": "-",
    "system": "本21",
    "destinations": [
        "団地入口(横浜市栄区)",
        "天神橋(横浜市栄区)",
        "栄警察署前",
        "公田",
        "栄区役所前",
        "本郷台駅"
    ],
    "weekday": [
        "9:56",
        "11:56",
        "13:56",
        "15:56"
    ],
    "saturday": [
        "10:26",
        "12:26",
        "14:26"
    ],
    "holiday": [
        "10:26",
        "12:26",
        "14:26"
    ],
    "url": "https://www.kanachu.co.jp/dia/diagram/timetable01_js/course:0000802877-2/node:00126540/kt:0/lname:/"
}
