{
    "date": "2024/03/16",
    "name": "小山ヶ丘小学校前",
    "position": "-",
    "system": "橋73",
    "destinations": [
        "三ツ目山公園",
        "多摩美術大学南",
        "寿橋",
        "寿町(相模原市緑区)",
        "旭農協前",
        "橋本駅北口"
    ],
    "weekday": [],
    "saturday": [
        "9:54",
        "10:39",
        "10:59",
        "11:49",
        "12:49",
        "13:39",
        "13:59",
        "14:39",
        "14:59",
        "15:49",
        "16:49",
        "17:49"
    ],
    "holiday": [
        "9:54",
        "10:49",
        "11:49",
        "12:49",
        "13:49",
        "14:49",
        "15:49",
        "16:49",
        "17:49"
    ],
    "url": "https://www.kanachu.co.jp/dia/diagram/timetable01_js/course:0000800393-4/node:00130130/kt:0/lname:/"
}
