{
    "date": "2024/03/16",
    "name": "旭農協前",
    "position": "-",
    "system": "橋73",
    "destinations": [
        "橋本駅北口"
    ],
    "weekday": [],
    "saturday": [
        "9:59",
        "10:44",
        "11:04",
        "11:54",
        "12:54",
        "13:44",
        "14:04",
        "14:44",
        "15:04",
        "15:54",
        "16:54",
        "17:54"
    ],
    "holiday": [
        "9:59",
        "10:54",
        "11:54",
        "12:54",
        "13:54",
        "14:54",
        "15:54",
        "16:54",
        "17:54"
    ],
    "url": "https://www.kanachu.co.jp/dia/diagram/timetable01_js/course:0000800393-9/node:00020098/kt:0/lname:/"
}
