{
    "date": "2025/10/20",
    "name": "つくし野小学校",
    "position": "-",
    "system": "町83",
    "destinations": [
        "つくし野駅"
    ],
    "weekday": [
        "6:43",
        "7:07",
        "7:32",
        "7:52",
        "8:12",
        "8:25",
        "8:49",
        "9:13"
    ],
    "saturday": [
        "6:45",
        "7:37",
        "8:00",
        "8:37",
        "9:13"
    ],
    "holiday": [
        "7:33",
        "8:38",
        "9:08"
    ],
    "url": "https://www.kanachu.co.jp/dia/diagram/timetable01_js/course:0000800704-16/node:00129556/kt:0/lname:/"
}
