{
    "date": "2024/03/16",
    "name": "木曽住宅",
    "position": "-",
    "system": "町30",
    "destinations": [
        "三家(町田市)",
        "木曽(町田市)",
        "忠生公園入口",
        "上宿(町田市)",
        "下根岸(町田市)",
        "根岸(根岸町/町田市)",
        "忠生都営住宅前",
        "矢部",
        "下常盤",
        "中常盤",
        "常盤(町田市)",
        "下馬場",
        "馬場十字路",
        "中村不動入口",
        "小山郵便局前",
        "小山小学校前(町田市)",
        "横土手",
        "御嶽堂",
        "片所",
        "坂本橋(町田市)",
        "田端(町田市)",
        "堂の前(町田市)",
        "三ツ目(町田市)",
        "久保ヶ谷戸",
        "寿橋",
        "寿町(相模原市緑区)",
        "旭農協前",
        "橋本駅北口"
    ],
    "weekday": [
        "5:52",
        "6:24",
        "6:44",
        "7:02",
        "7:18",
        "7:33",
        "8:03",
        "8:18",
        "8:33",
        "8:43",
        "8:53",
        "21:18",
        "21:48",
        "22:18"
    ],
    "saturday": [
        "5:52",
        "6:28",
        "7:03",
        "7:33",
        "8:13",
        "8:33",
        "21:28"
    ],
    "holiday": [
        "6:12",
        "6:51",
        "7:21",
        "7:51",
        "8:21",
        "8:50",
        "21:28"
    ],
    "url": "https://www.kanachu.co.jp/dia/diagram/timetable01_js/course:0000802971-8/node:00129362/kt:0/lname:/"
}
