{
    "date": "2024/03/16",
    "name": "三家(町田市)",
    "position": "-",
    "system": "町30",
    "destinations": [
        "木曽(町田市)",
        "忠生公園入口",
        "上宿(町田市)",
        "下根岸(町田市)",
        "根岸(根岸町/町田市)",
        "忠生都営住宅前",
        "矢部",
        "下常盤",
        "中常盤",
        "常盤(町田市)",
        "下馬場",
        "馬場十字路",
        "中村不動入口",
        "小山郵便局前",
        "小山小学校前(町田市)",
        "横土手",
        "御嶽堂",
        "片所",
        "坂本橋(町田市)",
        "田端(町田市)",
        "堂の前(町田市)",
        "三ツ目(町田市)",
        "久保ヶ谷戸",
        "寿橋",
        "寿町(相模原市緑区)",
        "旭農協前",
        "橋本駅北口"
    ],
    "weekday": [
        "5:53",
        "6:25",
        "6:45",
        "7:03",
        "7:19",
        "7:34",
        "8:04",
        "8:19",
        "8:34",
        "8:44",
        "8:54",
        "21:19",
        "21:49",
        "22:19"
    ],
    "saturday": [
        "5:53",
        "6:29",
        "7:04",
        "7:34",
        "8:14",
        "8:34",
        "21:29"
    ],
    "holiday": [
        "6:13",
        "6:52",
        "7:22",
        "7:52",
        "8:22",
        "8:51",
        "21:29"
    ],
    "url": "https://www.kanachu.co.jp/dia/diagram/timetable01_js/course:0000802971-9/node:00129363/kt:0/lname:/"
}
