{
    "date": "2024/03/16",
    "name": "小山小学校前(町田市)",
    "position": "-",
    "system": "町30",
    "destinations": [
        "横土手",
        "御嶽堂",
        "片所",
        "坂本橋(町田市)",
        "田端(町田市)",
        "堂の前(町田市)",
        "三ツ目(町田市)",
        "久保ヶ谷戸",
        "寿橋",
        "寿町(相模原市緑区)",
        "旭農協前",
        "橋本駅北口"
    ],
    "weekday": [
        "6:10",
        "6:42",
        "7:02",
        "7:23",
        "7:39",
        "7:54",
        "8:24",
        "8:39",
        "8:54",
        "9:04",
        "9:14",
        "21:35",
        "22:05",
        "22:35"
    ],
    "saturday": [
        "6:10",
        "6:46",
        "7:22",
        "7:52",
        "8:32",
        "8:52",
        "21:43"
    ],
    "holiday": [
        "6:30",
        "7:10",
        "7:40",
        "8:10",
        "8:40",
        "9:10",
        "21:43"
    ],
    "url": "https://www.kanachu.co.jp/dia/diagram/timetable01_js/course:0000802971-24/node:00130093/kt:0/lname:/"
}
