{
    "date": "2025/07/12",
    "name": "本町消防出張所前",
    "position": "-",
    "system": "藤51",
    "destinations": [
        "藤沢市民病院",
        "白旗神社前",
        "聖園女学院前",
        "藤沢翔陵高校前",
        "亀井野団地入口",
        "新田(藤沢市)",
        "俣野原",
        "下屋敷(藤沢市)",
        "亀井野",
        "亀井野三丁目",
        "雲昌寺",
        "六会",
        "今田(藤沢市)",
        "湘南台駅東口"
    ],
    "weekday": [
        "6:35",
        "7:05",
        "7:30",
        "7:57",
        "8:24",
        "9:23",
        "10:23",
        "11:23",
        "12:18",
        "13:18",
        "14:23",
        "15:23",
        "16:26",
        "17:28",
        "18:32",
        "19:26"
    ],
    "saturday": [
        "8:25",
        "10:15",
        "11:15",
        "12:15",
        "13:15",
        "14:15",
        "15:16",
        "16:16",
        "17:16"
    ],
    "holiday": [
        "8:25",
        "10:15",
        "11:15",
        "12:15",
        "13:15",
        "14:15",
        "15:16",
        "16:16",
        "17:16"
    ],
    "url": "https://www.kanachu.co.jp/dia/diagram/timetable01_js/course:0000802718-5/node:00127011/kt:0/lname:/"
}
