{
    "date": "2025/07/12",
    "name": "藤沢翔陵高校前",
    "position": "-",
    "system": "藤51",
    "destinations": [
        "亀井野団地入口",
        "新田(藤沢市)",
        "俣野原",
        "下屋敷(藤沢市)",
        "亀井野",
        "亀井野三丁目",
        "雲昌寺",
        "六会",
        "今田(藤沢市)",
        "湘南台駅東口"
    ],
    "weekday": [
        "6:43",
        "7:14",
        "7:39",
        "8:06",
        "8:33",
        "9:33",
        "10:33",
        "11:33",
        "12:28",
        "13:28",
        "14:33",
        "15:33",
        "16:37",
        "17:39",
        "18:41",
        "19:35"
    ],
    "saturday": [
        "8:33",
        "10:24",
        "11:24",
        "12:24",
        "13:24",
        "14:24",
        "15:27",
        "16:27",
        "17:27"
    ],
    "holiday": [
        "8:33",
        "10:24",
        "11:24",
        "12:24",
        "13:24",
        "14:24",
        "15:27",
        "16:27",
        "17:27"
    ],
    "url": "https://www.kanachu.co.jp/dia/diagram/timetable01_js/course:0000802718-9/node:00127015/kt:0/lname:/"
}
