{
    "date": "2025/07/12",
    "name": "下屋敷(藤沢市)",
    "position": "-",
    "system": "藤51",
    "destinations": [
        "亀井野",
        "亀井野三丁目",
        "雲昌寺",
        "六会",
        "今田(藤沢市)",
        "湘南台駅東口"
    ],
    "weekday": [
        "6:49",
        "7:21",
        "7:46",
        "8:13",
        "8:40",
        "9:40",
        "10:40",
        "11:40",
        "12:35",
        "13:35",
        "14:40",
        "15:40",
        "16:44",
        "17:46",
        "18:48",
        "19:42"
    ],
    "saturday": [
        "8:39",
        "10:31",
        "11:31",
        "12:31",
        "13:31",
        "14:31",
        "15:34",
        "16:34",
        "17:34"
    ],
    "holiday": [
        "8:39",
        "10:31",
        "11:31",
        "12:31",
        "13:31",
        "14:31",
        "15:34",
        "16:34",
        "17:34"
    ],
    "url": "https://www.kanachu.co.jp/dia/diagram/timetable01_js/course:0000802718-13/node:00129889/kt:0/lname:/"
}
