{
    "date": "2025/07/12",
    "name": "雲昌寺",
    "position": "-",
    "system": "藤51",
    "destinations": [
        "六会",
        "今田(藤沢市)",
        "湘南台駅東口"
    ],
    "weekday": [
        "6:52",
        "7:24",
        "7:49",
        "8:16",
        "8:43",
        "9:43",
        "10:43",
        "11:43",
        "12:38",
        "13:38",
        "14:43",
        "15:43",
        "16:47",
        "17:49",
        "18:51",
        "19:45"
    ],
    "saturday": [
        "8:42",
        "10:34",
        "11:34",
        "12:34",
        "13:34",
        "14:34",
        "15:37",
        "16:37",
        "17:37"
    ],
    "holiday": [
        "8:42",
        "10:34",
        "11:34",
        "12:34",
        "13:34",
        "14:34",
        "15:37",
        "16:37",
        "17:37"
    ],
    "url": "https://www.kanachu.co.jp/dia/diagram/timetable01_js/course:0000802718-16/node:00129884/kt:0/lname:/"
}
