{
    "date": "2026/01/16",
    "name": "北2号前",
    "position": "-",
    "system": "二33",
    "destinations": [
        "北3号前",
        "北4号前",
        "北5号前",
        "中2号前",
        "南1号前",
        "南2号前",
        "南5号前",
        "四ツ谷(中郡二宮町)",
        "中里(中郡二宮町)",
        "中島(中郡二宮町)",
        "堂面(中郡二宮町)",
        "元町(中郡二宮町)",
        "二宮駅北口"
    ],
    "weekday": [
        "6:26",
        "6:56",
        "7:26",
        "7:56",
        "8:36"
    ],
    "saturday": [
        "6:27",
        "7:29",
        "8:29"
    ],
    "holiday": [
        "6:27",
        "7:29",
        "8:29"
    ],
    "url": "https://www.kanachu.co.jp/dia/diagram/timetable01_js/course:0000804206-3/node:00127797/kt:0/lname:/"
}
