{
    "date": "2026/01/16",
    "name": "北5号前",
    "position": "-",
    "system": "二33",
    "destinations": [
        "中2号前",
        "南1号前",
        "南2号前",
        "南5号前",
        "四ツ谷(中郡二宮町)",
        "中里(中郡二宮町)",
        "中島(中郡二宮町)",
        "堂面(中郡二宮町)",
        "元町(中郡二宮町)",
        "二宮駅北口"
    ],
    "weekday": [
        "6:29",
        "6:59",
        "7:29",
        "7:59",
        "8:39"
    ],
    "saturday": [
        "6:30",
        "7:32",
        "8:32"
    ],
    "holiday": [
        "6:30",
        "7:32",
        "8:32"
    ],
    "url": "https://www.kanachu.co.jp/dia/diagram/timetable01_js/course:0000804206-6/node:00127800/kt:0/lname:/"
}
