{
    "system": "二33",
    "busstops": [
        {
            "index": "1",
            "id": "00127786",
            "name": "団地中央(中郡二宮町)",
            "lat": "35.312088",
            "lng": "139.243463"
        },
        {
            "index": "2",
            "id": "00127796",
            "name": "北1号前",
            "lat": "35.313407",
            "lng": "139.242576"
        },
        {
            "index": "3",
            "id": "00127797",
            "name": "北2号前",
            "lat": "35.313084",
            "lng": "139.239534"
        },
        {
            "index": "4",
            "id": "00127798",
            "name": "北3号前",
            "lat": "35.314139",
            "lng": "139.240124"
        },
        {
            "index": "5",
            "id": "00127799",
            "name": "北4号前",
            "lat": "35.314464",
            "lng": "139.238891"
        },
        {
            "index": "6",
            "id": "00127800",
            "name": "北5号前",
            "lat": "35.31257",
            "lng": "139.237722"
        },
        {
            "index": "7",
            "id": "00127804",
            "name": "中2号前",
            "lat": "35.309315",
            "lng": "139.236909"
        },
        {
            "index": "8",
            "id": "00127805",
            "name": "南1号前",
            "lat": "35.307066",
            "lng": "139.237447"
        },
        {
            "index": "9",
            "id": "00127806",
            "name": "南2号前",
            "lat": "35.305773",
            "lng": "139.239848"
        },
        {
            "index": "10",
            "id": "00127794",
            "name": "南5号前",
            "lat": "35.308032",
            "lng": "139.242924"
        },
        {
            "index": "11",
            "id": "00127792",
            "name": "四ツ谷(中郡二宮町)",
            "lat": "35.308686",
            "lng": "139.245583"
        },
        {
            "index": "12",
            "id": "00127788",
            "name": "中里(中郡二宮町)",
            "lat": "35.308627",
            "lng": "139.250211"
        },
        {
            "index": "13",
            "id": "00127789",
            "name": "中島(中郡二宮町)",
            "lat": "35.307516",
            "lng": "139.25288"
        },
        {
            "index": "14",
            "id": "00127790",
            "name": "堂面(中郡二宮町)",
            "lat": "35.305482",
            "lng": "139.255251"
        },
        {
            "index": "15",
            "id": "00127791",
            "name": "元町(中郡二宮町)",
            "lat": "35.301529",
            "lng": "139.257673"
        },
        {
            "index": "16",
            "id": "00127683",
            "name": "二宮駅北口",
            "lat": "35.29915",
            "lng": "139.257459"
        }
    ],
    "route_url": "https://www.kanachu.co.jp/dia/route/index/cid:0000804206/"
}
