{
    "date": "2024/03/16",
    "name": "橋本駅北口",
    "position": "-",
    "system": "橋78",
    "destinations": [
        "旭農協前",
        "寿町(相模原市緑区)",
        "寿橋",
        "久保ヶ谷戸",
        "坂下(16号側/町田市)",
        "リーフィア町田小山ヶ丘",
        "多摩美大坂上",
        "多摩美大東",
        "多摩美術大学(八王子市)"
    ],
    "weekday": [
        "11:12",
        "12:12",
        "13:12",
        "14:12",
        "15:12",
        "16:12",
        "17:35",
        "18:25",
        "19:00",
        "20:05",
        "20:55"
    ],
    "saturday": [
        "11:12",
        "12:15",
        "13:12",
        "14:12",
        "15:12",
        "16:10",
        "17:00",
        "18:20",
        "19:25",
        "20:10"
    ],
    "holiday": [
        "11:12",
        "12:15",
        "13:12",
        "14:12",
        "15:12",
        "16:10",
        "17:00",
        "18:10",
        "19:10",
        "20:10"
    ],
    "url": "https://www.kanachu.co.jp/dia/diagram/timetable01_js/course:0000800896-1/node:00128969/kt:0/lname:/"
}
