{
    "date": "2024/03/16",
    "name": "久保ヶ谷戸",
    "position": "-",
    "system": "橋78",
    "destinations": [
        "坂下(16号側/町田市)",
        "リーフィア町田小山ヶ丘",
        "多摩美大坂上",
        "多摩美大東",
        "多摩美術大学(八王子市)"
    ],
    "weekday": [
        "11:15",
        "12:15",
        "13:15",
        "14:15",
        "15:15",
        "16:15",
        "17:38",
        "18:28",
        "19:03",
        "20:08",
        "20:58"
    ],
    "saturday": [
        "11:15",
        "12:18",
        "13:15",
        "14:15",
        "15:15",
        "16:13",
        "17:03",
        "18:23",
        "19:28",
        "20:13"
    ],
    "holiday": [
        "11:15",
        "12:18",
        "13:15",
        "14:15",
        "15:15",
        "16:13",
        "17:03",
        "18:13",
        "19:13",
        "20:13"
    ],
    "url": "https://www.kanachu.co.jp/dia/diagram/timetable01_js/course:0000800896-5/node:00128992/kt:0/lname:/"
}
