{
    "date": "2025/07/27",
    "name": "秦野駅南口",
    "position": "-",
    "system": "秦60",
    "destinations": [
        "秦野郵便局前",
        "養泉院",
        "西大竹",
        "大竹(秦野市)",
        "東名秦野",
        "猪分",
        "原(足柄上郡中井町)",
        "上井ノ口",
        "井ノ口小学校前",
        "北窪入口",
        "下井ノ口",
        "五分一",
        "梅ノ木(中郡二宮町)",
        "一色(中郡二宮町)",
        "下谷(中郡二宮町)",
        "岩崎(中郡二宮町)",
        "団地中央(中郡二宮町)",
        "二宮高校入口",
        "中里(中郡二宮町)",
        "中島(中郡二宮町)",
        "堂面(中郡二宮町)",
        "元町(中郡二宮町)",
        "二宮駅北口"
    ],
    "weekday": [
        "5:15",
        "5:36",
        "6:10",
        "6:35",
        "7:15",
        "7:45",
        "8:15",
        "9:00",
        "10:10",
        "12:00",
        "13:00",
        "15:00",
        "16:00",
        "16:50",
        "17:50",
        "18:50",
        "19:40"
    ],
    "saturday": [
        "5:50",
        "7:50",
        "8:50",
        "10:50",
        "13:50",
        "15:50",
        "19:50"
    ],
    "holiday": [
        "5:50",
        "7:50",
        "8:50",
        "10:50",
        "13:50",
        "15:50",
        "19:50"
    ],
    "url": "https://www.kanachu.co.jp/dia/diagram/timetable01_js/course:0000801226-1/node:00128054/kt:0/lname:/"
}
