{
    "date": "2025/07/27",
    "name": "養泉院",
    "position": "-",
    "system": "秦60",
    "destinations": [
        "西大竹",
        "大竹(秦野市)",
        "東名秦野",
        "猪分",
        "原(足柄上郡中井町)",
        "上井ノ口",
        "井ノ口小学校前",
        "北窪入口",
        "下井ノ口",
        "五分一",
        "梅ノ木(中郡二宮町)",
        "一色(中郡二宮町)",
        "下谷(中郡二宮町)",
        "岩崎(中郡二宮町)",
        "団地中央(中郡二宮町)",
        "二宮高校入口",
        "中里(中郡二宮町)",
        "中島(中郡二宮町)",
        "堂面(中郡二宮町)",
        "元町(中郡二宮町)",
        "二宮駅北口"
    ],
    "weekday": [
        "5:19",
        "5:40",
        "6:14",
        "6:39",
        "7:20",
        "7:50",
        "8:20",
        "9:05",
        "10:15",
        "12:05",
        "13:05",
        "15:05",
        "16:05",
        "16:55",
        "17:55",
        "18:55",
        "19:45"
    ],
    "saturday": [
        "5:54",
        "7:54",
        "8:54",
        "10:54",
        "13:54",
        "15:54",
        "19:54"
    ],
    "holiday": [
        "5:54",
        "7:54",
        "8:54",
        "10:54",
        "13:54",
        "15:54",
        "19:54"
    ],
    "url": "https://www.kanachu.co.jp/dia/diagram/timetable01_js/course:0000801226-3/node:00127765/kt:0/lname:/"
}
