{
    "date": "2025/07/27",
    "name": "西大竹",
    "position": "-",
    "system": "秦60",
    "destinations": [
        "大竹(秦野市)",
        "東名秦野",
        "猪分",
        "原(足柄上郡中井町)",
        "上井ノ口",
        "井ノ口小学校前",
        "北窪入口",
        "下井ノ口",
        "五分一",
        "梅ノ木(中郡二宮町)",
        "一色(中郡二宮町)",
        "下谷(中郡二宮町)",
        "岩崎(中郡二宮町)",
        "団地中央(中郡二宮町)",
        "二宮高校入口",
        "中里(中郡二宮町)",
        "中島(中郡二宮町)",
        "堂面(中郡二宮町)",
        "元町(中郡二宮町)",
        "二宮駅北口"
    ],
    "weekday": [
        "5:21",
        "5:42",
        "6:16",
        "6:41",
        "7:22",
        "7:52",
        "8:22",
        "9:07",
        "10:17",
        "12:07",
        "13:07",
        "15:07",
        "16:07",
        "16:57",
        "17:57",
        "18:57",
        "19:47"
    ],
    "saturday": [
        "5:56",
        "7:56",
        "8:56",
        "10:56",
        "13:56",
        "15:56",
        "19:56"
    ],
    "holiday": [
        "5:56",
        "7:56",
        "8:56",
        "10:56",
        "13:56",
        "15:56",
        "19:56"
    ],
    "url": "https://www.kanachu.co.jp/dia/diagram/timetable01_js/course:0000801226-4/node:00127766/kt:0/lname:/"
}
