{
    "date": "2025/07/27",
    "name": "大竹(秦野市)",
    "position": "-",
    "system": "秦60",
    "destinations": [
        "東名秦野",
        "猪分",
        "原(足柄上郡中井町)",
        "上井ノ口",
        "井ノ口小学校前",
        "北窪入口",
        "下井ノ口",
        "五分一",
        "梅ノ木(中郡二宮町)",
        "一色(中郡二宮町)",
        "下谷(中郡二宮町)",
        "岩崎(中郡二宮町)",
        "団地中央(中郡二宮町)",
        "二宮高校入口",
        "中里(中郡二宮町)",
        "中島(中郡二宮町)",
        "堂面(中郡二宮町)",
        "元町(中郡二宮町)",
        "二宮駅北口"
    ],
    "weekday": [
        "5:22",
        "5:43",
        "6:17",
        "6:42",
        "7:23",
        "7:53",
        "8:23",
        "9:08",
        "10:18",
        "12:08",
        "13:08",
        "15:08",
        "16:08",
        "16:58",
        "17:58",
        "18:58",
        "19:48"
    ],
    "saturday": [
        "5:57",
        "7:57",
        "8:57",
        "10:57",
        "13:57",
        "15:57",
        "19:57"
    ],
    "holiday": [
        "5:57",
        "7:57",
        "8:57",
        "10:57",
        "13:57",
        "15:57",
        "19:57"
    ],
    "url": "https://www.kanachu.co.jp/dia/diagram/timetable01_js/course:0000801226-5/node:00127767/kt:0/lname:/"
}
