{
    "date": "2025/07/27",
    "name": "北窪入口",
    "position": "-",
    "system": "秦60",
    "destinations": [
        "下井ノ口",
        "五分一",
        "梅ノ木(中郡二宮町)",
        "一色(中郡二宮町)",
        "下谷(中郡二宮町)",
        "岩崎(中郡二宮町)",
        "団地中央(中郡二宮町)",
        "二宮高校入口",
        "中里(中郡二宮町)",
        "中島(中郡二宮町)",
        "堂面(中郡二宮町)",
        "元町(中郡二宮町)",
        "二宮駅北口"
    ],
    "weekday": [
        "5:28",
        "5:49",
        "6:23",
        "6:48",
        "7:31",
        "8:01",
        "8:31",
        "9:16",
        "10:26",
        "12:16",
        "13:16",
        "15:16",
        "16:16",
        "17:06",
        "18:06",
        "19:06",
        "19:56"
    ],
    "saturday": [
        "6:04",
        "8:04",
        "9:04",
        "11:04",
        "14:04",
        "16:04",
        "20:04"
    ],
    "holiday": [
        "6:04",
        "8:04",
        "9:04",
        "11:04",
        "14:04",
        "16:04",
        "20:04"
    ],
    "url": "https://www.kanachu.co.jp/dia/diagram/timetable01_js/course:0000801226-11/node:00127779/kt:0/lname:/"
}
