{
    "date": "2025/07/27",
    "name": "五分一",
    "position": "-",
    "system": "秦60",
    "destinations": [
        "梅ノ木(中郡二宮町)",
        "一色(中郡二宮町)",
        "下谷(中郡二宮町)",
        "岩崎(中郡二宮町)",
        "団地中央(中郡二宮町)",
        "二宮高校入口",
        "中里(中郡二宮町)",
        "中島(中郡二宮町)",
        "堂面(中郡二宮町)",
        "元町(中郡二宮町)",
        "二宮駅北口"
    ],
    "weekday": [
        "5:30",
        "5:51",
        "6:25",
        "6:50",
        "7:34",
        "8:04",
        "8:34",
        "9:19",
        "10:29",
        "12:19",
        "13:19",
        "15:19",
        "16:19",
        "17:09",
        "18:09",
        "19:09",
        "19:59"
    ],
    "saturday": [
        "6:06",
        "8:07",
        "9:07",
        "11:07",
        "14:07",
        "16:07",
        "20:07"
    ],
    "holiday": [
        "6:06",
        "8:07",
        "9:07",
        "11:07",
        "14:07",
        "16:07",
        "20:07"
    ],
    "url": "https://www.kanachu.co.jp/dia/diagram/timetable01_js/course:0000801226-13/node:00127781/kt:0/lname:/"
}
