{
    "date": "2025/07/27",
    "name": "下谷(中郡二宮町)",
    "position": "-",
    "system": "秦60",
    "destinations": [
        "岩崎(中郡二宮町)",
        "団地中央(中郡二宮町)",
        "二宮高校入口",
        "中里(中郡二宮町)",
        "中島(中郡二宮町)",
        "堂面(中郡二宮町)",
        "元町(中郡二宮町)",
        "二宮駅北口"
    ],
    "weekday": [
        "5:33",
        "5:54",
        "6:28",
        "6:53",
        "7:37",
        "8:07",
        "8:37",
        "9:22",
        "10:32",
        "12:22",
        "13:22",
        "15:22",
        "16:22",
        "17:12",
        "18:12",
        "19:12",
        "20:02"
    ],
    "saturday": [
        "6:09",
        "8:10",
        "9:10",
        "11:10",
        "14:10",
        "16:10",
        "20:10"
    ],
    "holiday": [
        "6:09",
        "8:10",
        "9:10",
        "11:10",
        "14:10",
        "16:10",
        "20:10"
    ],
    "url": "https://www.kanachu.co.jp/dia/diagram/timetable01_js/course:0000801226-16/node:00127784/kt:0/lname:/"
}
