{
    "date": "2025/07/27",
    "name": "団地中央(中郡二宮町)",
    "position": "-",
    "system": "秦60",
    "destinations": [
        "二宮高校入口",
        "中里(中郡二宮町)",
        "中島(中郡二宮町)",
        "堂面(中郡二宮町)",
        "元町(中郡二宮町)",
        "二宮駅北口"
    ],
    "weekday": [
        "5:38",
        "5:59",
        "6:33",
        "6:58",
        "7:42",
        "8:12",
        "8:42",
        "9:27",
        "10:37",
        "12:27",
        "13:27",
        "15:27",
        "16:27",
        "17:17",
        "18:17",
        "19:17",
        "20:07"
    ],
    "saturday": [
        "6:13",
        "8:15",
        "9:15",
        "11:15",
        "14:15",
        "16:15",
        "20:15"
    ],
    "holiday": [
        "6:13",
        "8:15",
        "9:15",
        "11:15",
        "14:15",
        "16:15",
        "20:15"
    ],
    "url": "https://www.kanachu.co.jp/dia/diagram/timetable01_js/course:0000801226-18/node:00127786/kt:0/lname:/"
}
