{
    "date": "2025/07/27",
    "name": "二宮高校入口",
    "position": "-",
    "system": "秦60",
    "destinations": [
        "中里(中郡二宮町)",
        "中島(中郡二宮町)",
        "堂面(中郡二宮町)",
        "元町(中郡二宮町)",
        "二宮駅北口"
    ],
    "weekday": [
        "5:40",
        "6:01",
        "6:35",
        "7:00",
        "7:44",
        "8:14",
        "8:44",
        "9:29",
        "10:39",
        "12:29",
        "13:29",
        "15:29",
        "16:29",
        "17:19",
        "18:19",
        "19:19",
        "20:09"
    ],
    "saturday": [
        "6:15",
        "8:17",
        "9:17",
        "11:17",
        "14:17",
        "16:17",
        "20:17"
    ],
    "holiday": [
        "6:15",
        "8:17",
        "9:17",
        "11:17",
        "14:17",
        "16:17",
        "20:17"
    ],
    "url": "https://www.kanachu.co.jp/dia/diagram/timetable01_js/course:0000801226-19/node:00127787/kt:0/lname:/"
}
