{
    "date": "2018/04/01",
    "name": "横内公民館入口",
    "position": "-",
    "system": "",
    "destinations": [
        "横内下",
        "横内団地前",
        "今里(平塚市)",
        "坂口(平塚市)",
        "市場前(平塚市)",
        "大野農協前",
        "西真土",
        "大野中学校前",
        "東中原住宅",
        "伊勢山(平塚市)",
        "中原中宿",
        "中原東(平塚市)",
        "総合公園前(平塚市)",
        "共済病院前総合公園西",
        "市民病院前(平塚市)"
    ],
    "weekday": [
        "9:21",
        "14:11"
    ],
    "saturday": [],
    "holiday": [],
    "url": "https://www.kanachu.co.jp/dia/diagram/timetable01_js/course:0000802666-10/node:00127615/kt:0/lname:/"
}
