{
    "date": "2018/04/01",
    "name": "中原中宿",
    "position": "-",
    "system": "",
    "destinations": [
        "中原東(平塚市)",
        "総合公園前(平塚市)",
        "共済病院前総合公園西",
        "市民病院前(平塚市)"
    ],
    "weekday": [
        "9:34",
        "14:24"
    ],
    "saturday": [],
    "holiday": [],
    "url": "https://www.kanachu.co.jp/dia/diagram/timetable01_js/course:0000802666-21/node:00127604/kt:0/lname:/"
}
