{
    "date": "2025/08/04",
    "name": "開都",
    "position": "-",
    "system": "原23",
    "destinations": [
        "相原小学校前",
        "諏訪神社前(町田市)",
        "相原駅西口"
    ],
    "weekday": [
        "7:54",
        "8:39",
        "9:08",
        "9:48",
        "10:53",
        "11:08",
        "12:43",
        "13:23",
        "14:33",
        "15:13",
        "16:13",
        "17:03",
        "17:13",
        "18:23",
        "19:23"
    ],
    "saturday": [
        "8:53",
        "9:43",
        "10:43",
        "11:08",
        "12:48",
        "13:48",
        "14:18",
        "15:18",
        "16:18",
        "17:18"
    ],
    "holiday": [],
    "url": "https://www.kanachu.co.jp/dia/diagram/timetable01_js/course:0000802292-5/node:00128888/kt:0/lname:/"
}
