{
    "date": "2025/07/27",
    "name": "宮前(秦野市)",
    "position": "-",
    "system": "秦54",
    "destinations": [
        "宮上(秦野市)",
        "榎木堂",
        "六反地",
        "田原入口",
        "羽根入口",
        "三屋入口",
        "戸川入口西",
        "戸川工業団地",
        "戸川台",
        "桜土手古墳公園",
        "テクノパーク",
        "桜土手(秦野市)",
        "堀川小学校前(秦野市)",
        "渋沢駅北口"
    ],
    "weekday": [
        "6:10",
        "6:55",
        "7:25",
        "7:50",
        "8:12",
        "13:00",
        "17:04"
    ],
    "saturday": [],
    "holiday": [],
    "url": "https://www.kanachu.co.jp/dia/diagram/timetable01_js/course:0000801927-6/node:00127878/kt:0/lname:/"
}
