{
    "date": "2025/07/27",
    "name": "六反地",
    "position": "-",
    "system": "秦54",
    "destinations": [
        "田原入口",
        "羽根入口",
        "三屋入口",
        "戸川入口西",
        "戸川工業団地",
        "戸川台",
        "桜土手古墳公園",
        "テクノパーク",
        "桜土手(秦野市)",
        "堀川小学校前(秦野市)",
        "渋沢駅北口"
    ],
    "weekday": [
        "6:13",
        "6:58",
        "7:29",
        "7:54",
        "8:16",
        "13:03",
        "17:07"
    ],
    "saturday": [],
    "holiday": [],
    "url": "https://www.kanachu.co.jp/dia/diagram/timetable01_js/course:0000801927-9/node:00127881/kt:0/lname:/"
}
