{
    "date": "2021/02/01",
    "name": "磯子センター前",
    "position": "-",
    "system": "60",
    "destinations": [
        "芦名橋",
        "宮の下(横浜市磯子区)",
        "山王谷",
        "磯子台",
        "浜小学校前",
        "広町(横浜市磯子区)",
        "笹堀",
        "仲久保",
        "坂上(横浜市磯子区)",
        "大岡住宅前",
        "藤の木(横浜市南区)",
        "弘明寺",
        "通町三丁目",
        "通町一丁目",
        "蒔田駅前",
        "蒔田中学校前(横浜市南区)",
        "蒔田橋",
        "通町一丁目",
        "通町三丁目",
        "弘明寺",
        "藤の木(横浜市南区)",
        "大岡住宅前",
        "坂上(横浜市磯子区)",
        "仲久保",
        "横浜岡村郵便局前",
        "笹堀",
        "広町(横浜市磯子区)",
        "浜小学校前",
        "磯子台",
        "山王谷",
        "宮の下(横浜市磯子区)",
        "芦名橋",
        "磯子センター前",
        "磯子駅前"
    ],
    "weekday": [
        "6:52",
        "7:32",
        "8:12",
        "9:32",
        "10:52",
        "12:12",
        "13:32",
        "14:42",
        "15:52",
        "17:02",
        "18:22",
        "20:32"
    ],
    "saturday": [
        "7:24",
        "8:04",
        "9:14",
        "10:24",
        "11:14",
        "12:32",
        "13:52",
        "15:14",
        "16:34",
        "17:14",
        "18:24",
        "20:22"
    ],
    "holiday": [
        "7:24",
        "8:04",
        "9:14",
        "10:24",
        "11:14",
        "12:32",
        "13:52",
        "15:14",
        "16:34",
        "17:14",
        "18:24",
        "20:22"
    ],
    "url": "https://www.kanachu.co.jp/dia/diagram/timetable01_js/course:0000801621-2/node:00126761/kt:0/lname:/"
}
