{
    "date": "2021/02/01",
    "name": "山王谷",
    "position": "-",
    "system": "",
    "destinations": [
        "磯子台",
        "浜小学校前",
        "広町(横浜市磯子区)",
        "笹堀",
        "仲久保",
        "坂上(横浜市磯子区)",
        "大岡住宅前",
        "藤の木(横浜市南区)",
        "弘明寺",
        "通町三丁目",
        "通町一丁目",
        "蒔田駅前",
        "蒔田中学校前(横浜市南区)",
        "蒔田橋",
        "通町一丁目",
        "通町三丁目",
        "弘明寺",
        "藤の木(横浜市南区)",
        "大岡住宅前",
        "坂上(横浜市磯子区)",
        "仲久保",
        "横浜岡村郵便局前",
        "笹堀",
        "広町(横浜市磯子区)",
        "浜小学校前",
        "磯子台",
        "山王谷",
        "宮の下(横浜市磯子区)",
        "芦名橋",
        "磯子センター前",
        "磯子駅前"
    ],
    "weekday": [
        "6:58",
        "7:38",
        "8:18",
        "9:38",
        "10:58",
        "12:18",
        "13:38",
        "14:48",
        "15:58",
        "17:08",
        "18:28",
        "20:37"
    ],
    "saturday": [
        "7:30",
        "8:10",
        "9:20",
        "10:30",
        "11:20",
        "12:38",
        "13:58",
        "15:20",
        "16:40",
        "17:20",
        "18:30",
        "20:27"
    ],
    "holiday": [
        "7:30",
        "8:10",
        "9:20",
        "10:30",
        "11:20",
        "12:38",
        "13:58",
        "15:20",
        "16:40",
        "17:20",
        "18:30",
        "20:27"
    ],
    "url": "https://www.kanachu.co.jp/dia/diagram/timetable01_js/course:0000801621-5/node:00126763/kt:0/lname:/"
}
