{
    "date": "2021/02/01",
    "name": "磯子台",
    "position": "-",
    "system": "60",
    "destinations": [
        "浜小学校前",
        "広町(横浜市磯子区)",
        "笹堀",
        "仲久保",
        "坂上(横浜市磯子区)",
        "大岡住宅前",
        "藤の木(横浜市南区)",
        "弘明寺",
        "通町三丁目",
        "通町一丁目",
        "蒔田駅前",
        "蒔田中学校前(横浜市南区)",
        "蒔田橋",
        "通町一丁目",
        "通町三丁目",
        "弘明寺",
        "藤の木(横浜市南区)",
        "大岡住宅前",
        "坂上(横浜市磯子区)",
        "仲久保",
        "横浜岡村郵便局前",
        "笹堀",
        "広町(横浜市磯子区)",
        "浜小学校前",
        "磯子台",
        "山王谷",
        "宮の下(横浜市磯子区)",
        "芦名橋",
        "磯子センター前",
        "磯子駅前"
    ],
    "weekday": [
        "7:00",
        "7:40",
        "8:20",
        "9:40",
        "11:00",
        "12:20",
        "13:40",
        "14:50",
        "16:00",
        "17:10",
        "18:30",
        "20:39"
    ],
    "saturday": [
        "7:32",
        "8:12",
        "9:22",
        "10:32",
        "11:22",
        "12:40",
        "14:00",
        "15:22",
        "16:42",
        "17:22",
        "18:32",
        "20:29"
    ],
    "holiday": [
        "7:32",
        "8:12",
        "9:22",
        "10:32",
        "11:22",
        "12:40",
        "14:00",
        "15:22",
        "16:42",
        "17:22",
        "18:32",
        "20:29"
    ],
    "url": "https://www.kanachu.co.jp/dia/diagram/timetable01_js/course:0000801621-6/node:00126764/kt:0/lname:/"
}
