{
    "date": "2021/02/01",
    "name": "笹堀",
    "position": "-",
    "system": "60",
    "destinations": [
        "仲久保",
        "坂上(横浜市磯子区)",
        "大岡住宅前",
        "藤の木(横浜市南区)",
        "弘明寺",
        "通町三丁目",
        "通町一丁目",
        "蒔田駅前",
        "蒔田中学校前(横浜市南区)",
        "蒔田橋",
        "通町一丁目",
        "通町三丁目",
        "弘明寺",
        "藤の木(横浜市南区)",
        "大岡住宅前",
        "坂上(横浜市磯子区)",
        "仲久保",
        "横浜岡村郵便局前",
        "笹堀",
        "広町(横浜市磯子区)",
        "浜小学校前",
        "磯子台",
        "山王谷",
        "宮の下(横浜市磯子区)",
        "芦名橋",
        "磯子センター前",
        "磯子駅前"
    ],
    "weekday": [
        "7:04",
        "7:44",
        "8:24",
        "9:44",
        "11:04",
        "12:24",
        "13:44",
        "14:54",
        "16:04",
        "17:14",
        "18:34",
        "20:42"
    ],
    "saturday": [
        "7:36",
        "8:16",
        "9:26",
        "10:36",
        "11:26",
        "12:44",
        "14:04",
        "15:26",
        "16:46",
        "17:26",
        "18:36",
        "20:32"
    ],
    "holiday": [
        "7:36",
        "8:16",
        "9:26",
        "10:36",
        "11:26",
        "12:44",
        "14:04",
        "15:26",
        "16:46",
        "17:26",
        "18:36",
        "20:32"
    ],
    "url": "https://www.kanachu.co.jp/dia/diagram/timetable01_js/course:0000801621-9/node:00102547/kt:0/lname:/"
}
