{
    "date": "2021/02/01",
    "name": "仲久保",
    "position": "-",
    "system": "",
    "destinations": [
        "坂上(横浜市磯子区)",
        "大岡住宅前",
        "藤の木(横浜市南区)",
        "弘明寺",
        "通町三丁目",
        "通町一丁目",
        "蒔田駅前",
        "蒔田中学校前(横浜市南区)",
        "蒔田橋",
        "通町一丁目",
        "通町三丁目",
        "弘明寺",
        "藤の木(横浜市南区)",
        "大岡住宅前",
        "坂上(横浜市磯子区)",
        "仲久保",
        "横浜岡村郵便局前",
        "笹堀",
        "広町(横浜市磯子区)",
        "浜小学校前",
        "磯子台",
        "山王谷",
        "宮の下(横浜市磯子区)",
        "芦名橋",
        "磯子センター前",
        "磯子駅前"
    ],
    "weekday": [
        "7:06",
        "7:46",
        "8:26",
        "9:46",
        "11:06",
        "12:26",
        "13:46",
        "14:56",
        "16:06",
        "17:16",
        "18:36",
        "20:43"
    ],
    "saturday": [
        "7:38",
        "8:18",
        "9:28",
        "10:38",
        "11:28",
        "12:46",
        "14:06",
        "15:28",
        "16:48",
        "17:28",
        "18:38",
        "20:33"
    ],
    "holiday": [
        "7:38",
        "8:18",
        "9:28",
        "10:38",
        "11:28",
        "12:46",
        "14:06",
        "15:28",
        "16:48",
        "17:28",
        "18:38",
        "20:33"
    ],
    "url": "https://www.kanachu.co.jp/dia/diagram/timetable01_js/course:0000801621-10/node:00102830/kt:0/lname:/"
}
