{
    "date": "2021/02/01",
    "name": "坂上(横浜市磯子区)",
    "position": "-",
    "system": "",
    "destinations": [
        "大岡住宅前",
        "藤の木(横浜市南区)",
        "弘明寺",
        "通町三丁目",
        "通町一丁目",
        "蒔田駅前",
        "蒔田中学校前(横浜市南区)",
        "蒔田橋",
        "通町一丁目",
        "通町三丁目",
        "弘明寺",
        "藤の木(横浜市南区)",
        "大岡住宅前",
        "坂上(横浜市磯子区)",
        "仲久保",
        "横浜岡村郵便局前",
        "笹堀",
        "広町(横浜市磯子区)",
        "浜小学校前",
        "磯子台",
        "山王谷",
        "宮の下(横浜市磯子区)",
        "芦名橋",
        "磯子センター前",
        "磯子駅前"
    ],
    "weekday": [
        "7:07",
        "7:47",
        "8:27",
        "9:47",
        "11:07",
        "12:27",
        "13:47",
        "14:57",
        "16:07",
        "17:17",
        "18:37",
        "20:44"
    ],
    "saturday": [
        "7:39",
        "8:19",
        "9:29",
        "10:39",
        "11:29",
        "12:47",
        "14:07",
        "15:29",
        "16:49",
        "17:29",
        "18:39",
        "20:34"
    ],
    "holiday": [
        "7:39",
        "8:19",
        "9:29",
        "10:39",
        "11:29",
        "12:47",
        "14:07",
        "15:29",
        "16:49",
        "17:29",
        "18:39",
        "20:34"
    ],
    "url": "https://www.kanachu.co.jp/dia/diagram/timetable01_js/course:0000801621-11/node:00102538/kt:0/lname:/"
}
