{
    "date": "2021/02/01",
    "name": "大岡住宅前",
    "position": "-",
    "system": "",
    "destinations": [
        "藤の木(横浜市南区)",
        "弘明寺",
        "通町三丁目",
        "通町一丁目",
        "蒔田駅前",
        "蒔田中学校前(横浜市南区)",
        "蒔田橋",
        "通町一丁目",
        "通町三丁目",
        "弘明寺",
        "藤の木(横浜市南区)",
        "大岡住宅前",
        "坂上(横浜市磯子区)",
        "仲久保",
        "横浜岡村郵便局前",
        "笹堀",
        "広町(横浜市磯子区)",
        "浜小学校前",
        "磯子台",
        "山王谷",
        "宮の下(横浜市磯子区)",
        "芦名橋",
        "磯子センター前",
        "磯子駅前"
    ],
    "weekday": [
        "7:09",
        "7:49",
        "8:29",
        "9:49",
        "11:09",
        "12:29",
        "13:49",
        "14:59",
        "16:09",
        "17:19",
        "18:39",
        "20:46"
    ],
    "saturday": [
        "7:41",
        "8:21",
        "9:31",
        "10:41",
        "11:31",
        "12:49",
        "14:09",
        "15:31",
        "16:51",
        "17:31",
        "18:41",
        "20:36"
    ],
    "holiday": [
        "7:41",
        "8:21",
        "9:31",
        "10:41",
        "11:31",
        "12:49",
        "14:09",
        "15:31",
        "16:51",
        "17:31",
        "18:41",
        "20:36"
    ],
    "url": "https://www.kanachu.co.jp/dia/diagram/timetable01_js/course:0000801621-12/node:00102309/kt:0/lname:/"
}
