{
    "date": "2021/02/01",
    "name": "弘明寺",
    "position": "-",
    "system": "",
    "destinations": [
        "藤の木(横浜市南区)",
        "大岡住宅前",
        "坂上(横浜市磯子区)",
        "仲久保",
        "横浜岡村郵便局前",
        "笹堀",
        "広町(横浜市磯子区)",
        "浜小学校前",
        "磯子台",
        "山王谷",
        "宮の下(横浜市磯子区)",
        "芦名橋",
        "磯子センター前",
        "磯子駅前"
    ],
    "weekday": [
        "7:25",
        "8:05",
        "8:45",
        "10:05",
        "11:25",
        "12:45",
        "14:05",
        "15:15",
        "16:25",
        "17:35",
        "18:55",
        "21:01"
    ],
    "saturday": [
        "7:57",
        "8:37",
        "9:47",
        "10:57",
        "11:47",
        "13:05",
        "14:25",
        "15:47",
        "17:07",
        "17:47",
        "18:57",
        "20:51"
    ],
    "holiday": [
        "7:57",
        "8:37",
        "9:47",
        "10:57",
        "11:47",
        "13:05",
        "14:25",
        "15:47",
        "17:07",
        "17:47",
        "18:57",
        "20:51"
    ],
    "url": "https://www.kanachu.co.jp/dia/diagram/timetable01_js/course:0000801621-22/node:00102458/kt:0/lname:/"
}
