{
    "date": "2021/02/01",
    "name": "坂上(横浜市磯子区)",
    "position": "-",
    "system": "60",
    "destinations": [
        "仲久保",
        "横浜岡村郵便局前",
        "笹堀",
        "広町(横浜市磯子区)",
        "浜小学校前",
        "磯子台",
        "山王谷",
        "宮の下(横浜市磯子区)",
        "芦名橋",
        "磯子センター前",
        "磯子駅前"
    ],
    "weekday": [
        "7:30",
        "8:10",
        "8:50",
        "10:10",
        "11:30",
        "12:50",
        "14:10",
        "15:20",
        "16:30",
        "17:40",
        "19:00",
        "21:05"
    ],
    "saturday": [
        "8:02",
        "8:42",
        "9:52",
        "11:02",
        "11:52",
        "13:10",
        "14:30",
        "15:52",
        "17:12",
        "17:52",
        "19:02",
        "20:55"
    ],
    "holiday": [
        "8:02",
        "8:42",
        "9:52",
        "11:02",
        "11:52",
        "13:10",
        "14:30",
        "15:52",
        "17:12",
        "17:52",
        "19:02",
        "20:55"
    ],
    "url": "https://www.kanachu.co.jp/dia/diagram/timetable01_js/course:0000801621-25/node:00102538/kt:0/lname:/"
}
