{
    "date": "2021/02/01",
    "name": "仲久保",
    "position": "-",
    "system": "60",
    "destinations": [
        "横浜岡村郵便局前",
        "笹堀",
        "広町(横浜市磯子区)",
        "浜小学校前",
        "磯子台",
        "山王谷",
        "宮の下(横浜市磯子区)",
        "芦名橋",
        "磯子センター前",
        "磯子駅前"
    ],
    "weekday": [
        "7:31",
        "8:11",
        "8:51",
        "10:11",
        "11:31",
        "12:51",
        "14:11",
        "15:21",
        "16:31",
        "17:41",
        "19:01",
        "21:06"
    ],
    "saturday": [
        "8:03",
        "8:43",
        "9:53",
        "11:03",
        "11:53",
        "13:11",
        "14:31",
        "15:53",
        "17:13",
        "17:53",
        "19:03",
        "20:56"
    ],
    "holiday": [
        "8:03",
        "8:43",
        "9:53",
        "11:03",
        "11:53",
        "13:11",
        "14:31",
        "15:53",
        "17:13",
        "17:53",
        "19:03",
        "20:56"
    ],
    "url": "https://www.kanachu.co.jp/dia/diagram/timetable01_js/course:0000801621-26/node:00102830/kt:0/lname:/"
}
