{
    "date": "2021/02/01",
    "name": "笹堀",
    "position": "-",
    "system": "60",
    "destinations": [
        "広町(横浜市磯子区)",
        "浜小学校前",
        "磯子台",
        "山王谷",
        "宮の下(横浜市磯子区)",
        "芦名橋",
        "磯子センター前",
        "磯子駅前"
    ],
    "weekday": [
        "7:34",
        "8:14",
        "8:54",
        "10:14",
        "11:34",
        "12:54",
        "14:14",
        "15:24",
        "16:34",
        "17:44",
        "19:04",
        "21:08"
    ],
    "saturday": [
        "8:06",
        "8:46",
        "9:56",
        "11:06",
        "11:56",
        "13:14",
        "14:34",
        "15:56",
        "17:16",
        "17:56",
        "19:06",
        "20:58"
    ],
    "holiday": [
        "8:06",
        "8:46",
        "9:56",
        "11:06",
        "11:56",
        "13:14",
        "14:34",
        "15:56",
        "17:16",
        "17:56",
        "19:06",
        "20:58"
    ],
    "url": "https://www.kanachu.co.jp/dia/diagram/timetable01_js/course:0000801621-28/node:00102547/kt:0/lname:/"
}
