{
    "date": "2021/02/01",
    "name": "広町(横浜市磯子区)",
    "position": "-",
    "system": "60",
    "destinations": [
        "浜小学校前",
        "磯子台",
        "山王谷",
        "宮の下(横浜市磯子区)",
        "芦名橋",
        "磯子センター前",
        "磯子駅前"
    ],
    "weekday": [
        "7:36",
        "8:16",
        "8:56",
        "10:16",
        "11:36",
        "12:56",
        "14:16",
        "15:26",
        "16:36",
        "17:46",
        "19:06",
        "21:10"
    ],
    "saturday": [
        "8:08",
        "8:48",
        "9:58",
        "11:08",
        "11:58",
        "13:16",
        "14:36",
        "15:58",
        "17:18",
        "17:58",
        "19:08",
        "21:00"
    ],
    "holiday": [
        "8:08",
        "8:48",
        "9:58",
        "11:08",
        "11:58",
        "13:16",
        "14:36",
        "15:58",
        "17:18",
        "17:58",
        "19:08",
        "21:00"
    ],
    "url": "https://www.kanachu.co.jp/dia/diagram/timetable01_js/course:0000801621-29/node:00102979/kt:0/lname:/"
}
