{
    "date": "2021/02/01",
    "name": "浜小学校前",
    "position": "-",
    "system": "60",
    "destinations": [
        "磯子台",
        "山王谷",
        "宮の下(横浜市磯子区)",
        "芦名橋",
        "磯子センター前",
        "磯子駅前"
    ],
    "weekday": [
        "7:37",
        "8:17",
        "8:57",
        "10:17",
        "11:37",
        "12:57",
        "14:17",
        "15:27",
        "16:37",
        "17:47",
        "19:07",
        "21:11"
    ],
    "saturday": [
        "8:09",
        "8:49",
        "9:59",
        "11:09",
        "11:59",
        "13:17",
        "14:37",
        "15:59",
        "17:19",
        "17:59",
        "19:09",
        "21:01"
    ],
    "holiday": [
        "8:09",
        "8:49",
        "9:59",
        "11:09",
        "11:59",
        "13:17",
        "14:37",
        "15:59",
        "17:19",
        "17:59",
        "19:09",
        "21:01"
    ],
    "url": "https://www.kanachu.co.jp/dia/diagram/timetable01_js/course:0000801621-30/node:00102919/kt:0/lname:/"
}
