{
    "date": "2021/02/01",
    "name": "磯子台",
    "position": "-",
    "system": "",
    "destinations": [
        "山王谷",
        "宮の下(横浜市磯子区)",
        "芦名橋",
        "磯子センター前",
        "磯子駅前"
    ],
    "weekday": [
        "7:38",
        "8:18",
        "8:58",
        "10:18",
        "11:38",
        "12:58",
        "14:18",
        "15:28",
        "16:38",
        "17:48",
        "19:08",
        "21:12"
    ],
    "saturday": [
        "8:10",
        "8:50",
        "10:00",
        "11:10",
        "12:00",
        "13:18",
        "14:38",
        "16:00",
        "17:20",
        "18:00",
        "19:10",
        "21:02"
    ],
    "holiday": [
        "8:10",
        "8:50",
        "10:00",
        "11:10",
        "12:00",
        "13:18",
        "14:38",
        "16:00",
        "17:20",
        "18:00",
        "19:10",
        "21:02"
    ],
    "url": "https://www.kanachu.co.jp/dia/diagram/timetable01_js/course:0000801621-31/node:00126764/kt:0/lname:/"
}
