{
    "date": "2025/01/14",
    "name": "長津田三丁目",
    "position": "-",
    "system": "津02",
    "destinations": [
        "長津田駅北口"
    ],
    "weekday": [
        "5:47",
        "6:07",
        "6:24",
        "6:39",
        "6:52",
        "7:14",
        "7:27",
        "7:42",
        "7:55",
        "8:17",
        "8:45",
        "9:53",
        "10:53",
        "11:23",
        "11:53",
        "12:23",
        "12:53",
        "13:53",
        "14:53",
        "15:53",
        "16:53",
        "17:22"
    ],
    "saturday": [
        "6:13",
        "6:48",
        "7:23",
        "7:54",
        "8:09",
        "8:34",
        "9:14",
        "9:54",
        "10:34",
        "11:24",
        "12:24",
        "13:24",
        "14:24",
        "15:24",
        "16:24"
    ],
    "holiday": [
        "6:33",
        "7:13",
        "7:54",
        "8:09",
        "8:34",
        "9:14",
        "9:54",
        "10:34",
        "11:24",
        "12:24",
        "13:24",
        "14:24",
        "15:24",
        "16:24"
    ],
    "url": "https://www.kanachu.co.jp/dia/diagram/timetable01_js/course:0000801957-10/node:00130357/kt:0/lname:/"
}
