{
    "date": "2025/11/16",
    "name": "蔵屋敷",
    "position": "-",
    "system": "茅06",
    "destinations": [
        "馬入橋",
        "新田入口(茅ケ崎市)",
        "中島(茅ケ崎市)",
        "今宿(茅ケ崎市)",
        "町屋(茅ケ崎市)",
        "茶屋町(茅ケ崎市)",
        "十間坂",
        "茅ヶ崎四ツ角",
        "茅ヶ崎駅"
    ],
    "weekday": [
        "5:39",
        "5:56",
        "6:13",
        "6:30",
        "6:47",
        "7:03",
        "7:18",
        "7:33",
        "7:53",
        "8:13",
        "8:43",
        "9:13",
        "9:43",
        "10:13",
        "10:43",
        "11:13",
        "11:43",
        "12:13",
        "12:43",
        "13:13",
        "13:43",
        "14:13",
        "14:43",
        "15:13",
        "15:43",
        "16:13",
        "16:43",
        "17:03",
        "17:24",
        "17:44",
        "18:03",
        "18:23",
        "18:44",
        "18:58",
        "19:18",
        "19:33",
        "19:52",
        "20:10",
        "20:33",
        "20:56",
        "21:27",
        "22:05",
        "23:13"
    ],
    "saturday": [
        "6:23",
        "6:53",
        "7:26",
        "7:51",
        "8:13",
        "8:33",
        "8:53",
        "9:18",
        "9:48",
        "10:18",
        "10:48",
        "11:18",
        "11:48",
        "12:18",
        "12:48",
        "13:18",
        "13:48",
        "14:18",
        "14:48",
        "15:18",
        "15:48",
        "16:18",
        "16:48",
        "17:18",
        "17:48",
        "18:18",
        "18:48",
        "19:18",
        "19:48",
        "20:18",
        "20:48",
        "21:18",
        "21:48"
    ],
    "holiday": [
        "6:23",
        "6:53",
        "7:26",
        "7:51",
        "8:13",
        "8:33",
        "8:53",
        "9:18",
        "9:48",
        "10:18",
        "10:48",
        "11:18",
        "11:48",
        "12:18",
        "12:48",
        "13:18",
        "13:48",
        "14:18",
        "14:48",
        "15:18",
        "15:48",
        "16:18",
        "16:48",
        "17:18",
        "17:48",
        "18:18",
        "18:48",
        "19:18",
        "19:48",
        "20:18",
        "20:48",
        "21:18",
        "21:48"
    ],
    "url": "https://www.kanachu.co.jp/dia/diagram/timetable01_js/course:0000800924-4/node:00127188/kt:0/lname:/"
}
