{
    "date": "2025/11/16",
    "name": "馬入橋",
    "position": "-",
    "system": "茅06",
    "destinations": [
        "新田入口(茅ケ崎市)",
        "中島(茅ケ崎市)",
        "今宿(茅ケ崎市)",
        "町屋(茅ケ崎市)",
        "茶屋町(茅ケ崎市)",
        "十間坂",
        "茅ヶ崎四ツ角",
        "茅ヶ崎駅"
    ],
    "weekday": [
        "5:40",
        "5:57",
        "6:14",
        "6:31",
        "6:48",
        "7:04",
        "7:19",
        "7:34",
        "7:54",
        "8:14",
        "8:44",
        "9:14",
        "9:44",
        "10:14",
        "10:44",
        "11:14",
        "11:44",
        "12:14",
        "12:44",
        "13:14",
        "13:44",
        "14:14",
        "14:44",
        "15:14",
        "15:44",
        "16:14",
        "16:44",
        "17:04",
        "17:25",
        "17:45",
        "18:04",
        "18:24",
        "18:45",
        "18:59",
        "19:19",
        "19:34",
        "19:53",
        "20:11",
        "20:34",
        "20:57",
        "21:28",
        "22:06",
        "23:14"
    ],
    "saturday": [
        "6:24",
        "6:54",
        "7:27",
        "7:52",
        "8:14",
        "8:34",
        "8:54",
        "9:19",
        "9:49",
        "10:19",
        "10:49",
        "11:19",
        "11:49",
        "12:19",
        "12:49",
        "13:19",
        "13:49",
        "14:19",
        "14:49",
        "15:19",
        "15:49",
        "16:19",
        "16:49",
        "17:19",
        "17:49",
        "18:19",
        "18:49",
        "19:19",
        "19:49",
        "20:19",
        "20:49",
        "21:19",
        "21:49"
    ],
    "holiday": [
        "6:24",
        "6:54",
        "7:27",
        "7:52",
        "8:14",
        "8:34",
        "8:54",
        "9:19",
        "9:49",
        "10:19",
        "10:49",
        "11:19",
        "11:49",
        "12:19",
        "12:49",
        "13:19",
        "13:49",
        "14:19",
        "14:49",
        "15:19",
        "15:49",
        "16:19",
        "16:49",
        "17:19",
        "17:49",
        "18:19",
        "18:49",
        "19:19",
        "19:49",
        "20:19",
        "20:49",
        "21:19",
        "21:49"
    ],
    "url": "https://www.kanachu.co.jp/dia/diagram/timetable01_js/course:0000800924-5/node:00127187/kt:0/lname:/"
}
