{
    "date": "2025/11/16",
    "name": "十間坂",
    "position": "-",
    "system": "茅06",
    "destinations": [
        "茅ヶ崎四ツ角",
        "茅ヶ崎駅"
    ],
    "weekday": [
        "5:49",
        "6:06",
        "6:23",
        "6:40",
        "6:57",
        "7:15",
        "7:30",
        "7:45",
        "8:05",
        "8:25",
        "8:55",
        "9:25",
        "9:55",
        "10:25",
        "10:55",
        "11:25",
        "11:55",
        "12:25",
        "12:55",
        "13:25",
        "13:55",
        "14:25",
        "14:55",
        "15:25",
        "15:55",
        "16:25",
        "16:55",
        "17:15",
        "17:36",
        "17:56",
        "18:15",
        "18:35",
        "18:56",
        "19:10",
        "19:30",
        "19:42",
        "20:01",
        "20:19",
        "20:42",
        "21:05",
        "21:36",
        "22:14",
        "23:22"
    ],
    "saturday": [
        "6:32",
        "7:02",
        "7:35",
        "8:00",
        "8:22",
        "8:42",
        "9:02",
        "9:29",
        "9:59",
        "10:29",
        "10:59",
        "11:29",
        "11:59",
        "12:29",
        "12:59",
        "13:29",
        "13:59",
        "14:29",
        "14:59",
        "15:29",
        "15:59",
        "16:29",
        "16:59",
        "17:29",
        "17:59",
        "18:29",
        "18:59",
        "19:29",
        "19:57",
        "20:27",
        "20:57",
        "21:27",
        "21:57"
    ],
    "holiday": [
        "6:32",
        "7:02",
        "7:35",
        "8:00",
        "8:22",
        "8:42",
        "9:02",
        "9:29",
        "9:59",
        "10:29",
        "10:59",
        "11:29",
        "11:59",
        "12:29",
        "12:59",
        "13:29",
        "13:59",
        "14:29",
        "14:59",
        "15:29",
        "15:59",
        "16:29",
        "16:59",
        "17:29",
        "17:59",
        "18:29",
        "18:59",
        "19:29",
        "19:57",
        "20:27",
        "20:57",
        "21:27",
        "21:57"
    ],
    "url": "https://www.kanachu.co.jp/dia/diagram/timetable01_js/course:0000800924-11/node:00127181/kt:0/lname:/"
}
