{
    "date": "2025/11/16",
    "name": "茅ヶ崎四ツ角",
    "position": "-",
    "system": "茅06",
    "destinations": [
        "茅ヶ崎駅"
    ],
    "weekday": [
        "5:50",
        "6:07",
        "6:24",
        "6:41",
        "6:58",
        "7:16",
        "7:31",
        "7:46",
        "8:06",
        "8:26",
        "8:56",
        "9:26",
        "9:56",
        "10:26",
        "10:56",
        "11:26",
        "11:56",
        "12:26",
        "12:56",
        "13:26",
        "13:56",
        "14:26",
        "14:56",
        "15:26",
        "15:56",
        "16:26",
        "16:56",
        "17:16",
        "17:37",
        "17:57",
        "18:16",
        "18:36",
        "18:57",
        "19:11",
        "19:31",
        "19:43",
        "20:02",
        "20:20",
        "20:43",
        "21:06",
        "21:37",
        "22:15",
        "23:23"
    ],
    "saturday": [
        "6:33",
        "7:03",
        "7:36",
        "8:01",
        "8:23",
        "8:43",
        "9:03",
        "9:30",
        "10:00",
        "10:30",
        "11:00",
        "11:30",
        "12:00",
        "12:30",
        "13:00",
        "13:30",
        "14:00",
        "14:30",
        "15:00",
        "15:30",
        "16:00",
        "16:30",
        "17:00",
        "17:30",
        "18:00",
        "18:30",
        "19:00",
        "19:30",
        "19:58",
        "20:28",
        "20:58",
        "21:28",
        "21:58"
    ],
    "holiday": [
        "6:33",
        "7:03",
        "7:36",
        "8:01",
        "8:23",
        "8:43",
        "9:03",
        "9:30",
        "10:00",
        "10:30",
        "11:00",
        "11:30",
        "12:00",
        "12:30",
        "13:00",
        "13:30",
        "14:00",
        "14:30",
        "15:00",
        "15:30",
        "16:00",
        "16:30",
        "17:00",
        "17:30",
        "18:00",
        "18:30",
        "19:00",
        "19:30",
        "19:58",
        "20:28",
        "20:58",
        "21:28",
        "21:58"
    ],
    "url": "https://www.kanachu.co.jp/dia/diagram/timetable01_js/course:0000800924-12/node:00127159/kt:0/lname:/"
}
