{
    "date": "2024/03/16",
    "name": "桜美林学園東",
    "position": "-",
    "system": "淵30",
    "destinations": [
        "桜美林学園",
        "唐沢(町田市)",
        "桜台入口(町田市)",
        "桜台一丁目(町田市)",
        "桜台センター前",
        "桜台二丁目(町田市)",
        "小山田桜台"
    ],
    "weekday": [
        "6:56",
        "7:16",
        "7:26",
        "7:36",
        "7:46",
        "16:46",
        "17:16",
        "17:36",
        "17:56",
        "18:16",
        "18:36",
        "18:56",
        "19:18",
        "19:36",
        "19:56",
        "20:16",
        "20:58",
        "21:36",
        "22:21",
        "22:56"
    ],
    "saturday": [
        "6:36",
        "7:16",
        "7:56",
        "17:16",
        "17:56",
        "18:36",
        "19:16",
        "19:56",
        "20:36",
        "21:26"
    ],
    "holiday": [
        "7:56",
        "8:36",
        "9:16",
        "9:57",
        "10:36",
        "11:16",
        "11:56",
        "12:36",
        "13:16",
        "14:01",
        "14:36",
        "15:16",
        "15:56",
        "16:36",
        "17:16",
        "17:56",
        "18:36",
        "19:16",
        "19:56",
        "20:41"
    ],
    "url": "https://www.kanachu.co.jp/dia/diagram/timetable01_js/course:0000800925-9/node:00129485/kt:0/lname:/"
}
