{
    "date": "2026/01/16",
    "name": "平塚文化芸術ホール前",
    "position": "-",
    "system": "平21",
    "destinations": [
        "銀座通り(平塚市)",
        "平塚駅北口"
    ],
    "weekday": [
        "7:41",
        "8:11",
        "9:11",
        "10:11",
        "11:11",
        "12:11",
        "13:11",
        "14:11",
        "15:11",
        "16:11",
        "17:11",
        "18:11"
    ],
    "saturday": [
        "9:18",
        "10:33",
        "11:33",
        "12:33",
        "13:33",
        "14:33",
        "15:33",
        "16:33",
        "17:33",
        "18:33",
        "19:33"
    ],
    "holiday": [
        "9:18",
        "10:33",
        "11:33",
        "12:33",
        "13:33",
        "14:33",
        "15:33",
        "16:33",
        "17:33",
        "18:33",
        "19:33"
    ],
    "url": "https://www.kanachu.co.jp/dia/diagram/timetable01_js/course:0000804229-20/node:00127466/kt:0/lname:/"
}
