{
    "date": "2025/04/01",
    "name": "町田バスセンター",
    "position": "2番乗り場",
    "system": "町78",
    "destinations": [
        "町田市役所市民ホール前",
        "妙延寺(町田市)",
        "森野五丁目",
        "森野六丁目",
        "桧台入口",
        "木曽都営入口",
        "境川団地入口",
        "境川団地中央",
        "境川団地",
        "横町(町田市)",
        "木曽南団地",
        "町田総合高校前",
        "上の原(町田市)",
        "忠生",
        "JA忠生支店前",
        "忠生三丁目",
        "馬駈",
        "図師大橋",
        "図師",
        "並木(町田市)",
        "神学校(町田市)",
        "野津田車庫"
    ],
    "weekday": [
        "8:45",
        "9:42",
        "10:42",
        "11:42",
        "12:42",
        "13:42",
        "14:42",
        "15:42",
        "16:50",
        "18:44",
        "21:12",
        "22:45"
    ],
    "saturday": [
        "9:40",
        "10:38",
        "11:38",
        "12:42",
        "13:42",
        "14:40",
        "15:40",
        "16:42",
        "17:40",
        "18:40",
        "19:36",
        "20:20",
        "21:00",
        "22:45"
    ],
    "holiday": [
        "9:45",
        "10:45",
        "11:45",
        "12:45",
        "13:45",
        "14:45",
        "15:45",
        "16:45",
        "17:45",
        "18:45",
        "19:50",
        "20:20",
        "21:05"
    ],
    "url": "https://www.kanachu.co.jp/dia/diagram/timetable01_js/course:0000800826-1/node:00025625/kt:0/lname:/"
}
