{
    "date": "2024/10/01",
    "name": "鴨居駅",
    "position": "-",
    "system": "",
    "destinations": [
        "中村通",
        "鴨居町",
        "鴨居六丁目",
        "法国寺入口",
        "鴨居七丁目",
        "新井小学校下",
        "新井町",
        "公民館前(横浜市保土ケ谷区)",
        "稲荷通",
        "金草沢",
        "千丸台団地",
        "さわやか苑前",
        "白山高校",
        "白山坂上",
        "白山みどり",
        "白山中央",
        "白山二丁目(横浜市緑区)",
        "白山一丁目(横浜市緑区)",
        "鴨居橋",
        "鴨居駅"
    ],
    "weekday": [
        "6:30",
        "7:15",
        "7:45",
        "8:00",
        "8:15",
        "8:30",
        "8:45",
        "9:00",
        "9:30",
        "10:10",
        "11:00",
        "11:30",
        "12:00",
        "13:00",
        "14:30",
        "15:00",
        "15:40",
        "16:20",
        "16:40",
        "17:00",
        "17:50",
        "19:00",
        "20:00",
        "21:15",
        "21:45"
    ],
    "saturday": [
        "6:30",
        "8:00",
        "9:30",
        "10:15",
        "11:45",
        "12:30",
        "13:00",
        "14:00",
        "15:30",
        "16:15",
        "17:00",
        "17:45",
        "18:30",
        "20:00",
        "20:45"
    ],
    "holiday": [
        "6:30",
        "8:00",
        "9:30",
        "10:15",
        "11:45",
        "12:30",
        "13:00",
        "14:00",
        "15:30",
        "16:15",
        "17:00",
        "17:45",
        "18:30",
        "20:10",
        "20:45"
    ],
    "url": "https://www.kanachu.co.jp/dia/diagram/timetable01_js/course:0000802184-1/node:00102376/kt:0/lname:/"
}
