{
    "date": "2024/10/01",
    "name": "千丸台団地",
    "position": "-",
    "system": "",
    "destinations": [
        "さわやか苑前",
        "白山高校",
        "白山坂上",
        "白山みどり",
        "白山中央",
        "白山二丁目(横浜市緑区)",
        "白山一丁目(横浜市緑区)",
        "鴨居橋",
        "鴨居駅"
    ],
    "weekday": [
        "6:47",
        "7:33",
        "8:03",
        "8:18",
        "8:33",
        "8:48",
        "9:03",
        "9:18",
        "9:48",
        "10:28",
        "11:18",
        "11:48",
        "12:18",
        "13:18",
        "14:48",
        "15:18",
        "15:58",
        "16:38",
        "16:58",
        "17:18",
        "18:08",
        "19:18",
        "20:18",
        "21:33",
        "22:03"
    ],
    "saturday": [
        "6:45",
        "8:15",
        "9:47",
        "10:32",
        "12:02",
        "12:47",
        "13:17",
        "14:17",
        "15:47",
        "16:32",
        "17:19",
        "18:04",
        "18:49",
        "20:15",
        "21:00"
    ],
    "holiday": [
        "6:45",
        "8:15",
        "9:47",
        "10:32",
        "12:02",
        "12:47",
        "13:17",
        "14:17",
        "15:47",
        "16:32",
        "17:17",
        "18:02",
        "18:47",
        "20:25",
        "21:00"
    ],
    "url": "https://www.kanachu.co.jp/dia/diagram/timetable01_js/course:0000802184-12/node:00102675/kt:0/lname:/"
}
