{
    "date": "2024/10/01",
    "name": "鴨居橋",
    "position": "-",
    "system": "",
    "destinations": [
        "鴨居駅"
    ],
    "weekday": [
        "6:59",
        "7:46",
        "8:16",
        "8:31",
        "8:46",
        "9:01",
        "9:16",
        "9:31",
        "10:01",
        "10:41",
        "11:31",
        "12:01",
        "12:31",
        "13:31",
        "15:01",
        "15:31",
        "16:11",
        "16:51",
        "17:11",
        "17:31",
        "18:21",
        "19:31",
        "20:31",
        "21:46",
        "22:16"
    ],
    "saturday": [
        "6:57",
        "8:27",
        "9:59",
        "10:44",
        "12:14",
        "12:59",
        "13:29",
        "14:29",
        "15:59",
        "16:44",
        "17:31",
        "18:16",
        "19:01",
        "20:27",
        "21:12"
    ],
    "holiday": [
        "6:57",
        "8:27",
        "9:59",
        "10:44",
        "12:14",
        "12:59",
        "13:29",
        "14:29",
        "15:59",
        "16:44",
        "17:29",
        "18:14",
        "18:59",
        "20:37",
        "21:12"
    ],
    "url": "https://www.kanachu.co.jp/dia/diagram/timetable01_js/course:0000802184-20/node:00102375/kt:0/lname:/"
}
