{
    "date": "2025/08/30",
    "name": "品濃口",
    "position": "-",
    "system": "東12",
    "destinations": [
        "下永谷(横浜市港南区)",
        "般若寺橋",
        "中永谷",
        "水田(横浜市港南区)",
        "日限地蔵入口",
        "永野小学校前",
        "上永谷駅",
        "丸山台(横浜市港南区)",
        "丸山台中学校前",
        "日限山",
        "日限山小学校入口",
        "港南プラザ",
        "西洗",
        "京急ニュータウン"
    ],
    "weekday": [
        "9:20",
        "10:13",
        "11:13",
        "12:19",
        "13:22",
        "14:29",
        "16:19",
        "17:25",
        "18:07",
        "18:53",
        "19:57"
    ],
    "saturday": [
        "8:11",
        "9:09",
        "10:01",
        "11:23",
        "12:23",
        "13:23",
        "14:23",
        "16:16",
        "17:21",
        "18:07",
        "18:56",
        "20:19"
    ],
    "holiday": [
        "9:27",
        "10:29",
        "11:30",
        "12:23",
        "13:23",
        "14:39",
        "16:23",
        "18:33",
        "19:30"
    ],
    "url": "https://www.kanachu.co.jp/dia/diagram/timetable01_js/course:0000801564-4/node:00126617/kt:0/lname:/"
}
