{
    "date": "2025/08/30",
    "name": "般若寺橋",
    "position": "-",
    "system": "東12",
    "destinations": [
        "中永谷",
        "水田(横浜市港南区)",
        "日限地蔵入口",
        "永野小学校前",
        "上永谷駅",
        "丸山台(横浜市港南区)",
        "丸山台中学校前",
        "日限山",
        "日限山小学校入口",
        "港南プラザ",
        "西洗",
        "京急ニュータウン"
    ],
    "weekday": [
        "9:25",
        "10:18",
        "11:18",
        "12:24",
        "13:27",
        "14:34",
        "16:24",
        "17:30",
        "18:12",
        "18:58",
        "20:02"
    ],
    "saturday": [
        "8:15",
        "9:13",
        "10:06",
        "11:28",
        "12:28",
        "13:28",
        "14:28",
        "16:21",
        "17:26",
        "18:12",
        "19:01",
        "20:23"
    ],
    "holiday": [
        "9:31",
        "10:34",
        "11:35",
        "12:28",
        "13:28",
        "14:44",
        "16:28",
        "18:38",
        "19:35"
    ],
    "url": "https://www.kanachu.co.jp/dia/diagram/timetable01_js/course:0000801564-6/node:00102927/kt:0/lname:/"
}
