{
    "date": "2025/08/30",
    "name": "丸山台(横浜市港南区)",
    "position": "-",
    "system": "東12",
    "destinations": [
        "丸山台中学校前",
        "日限山",
        "日限山小学校入口",
        "港南プラザ",
        "西洗",
        "京急ニュータウン"
    ],
    "weekday": [
        "9:38",
        "10:31",
        "11:31",
        "12:37",
        "13:40",
        "14:47",
        "16:37",
        "17:43",
        "18:25",
        "19:11",
        "20:11"
    ],
    "saturday": [
        "8:24",
        "9:22",
        "10:19",
        "11:41",
        "12:41",
        "13:41",
        "14:41",
        "16:34",
        "17:39",
        "18:25",
        "19:14",
        "20:32"
    ],
    "holiday": [
        "9:40",
        "10:47",
        "11:48",
        "12:41",
        "13:41",
        "14:57",
        "16:41",
        "18:51",
        "19:44"
    ],
    "url": "https://www.kanachu.co.jp/dia/diagram/timetable01_js/course:0000801564-12/node:00103100/kt:0/lname:/"
}
