{
    "date": "2025/08/30",
    "name": "港南プラザ",
    "position": "-",
    "system": "東12",
    "destinations": [
        "西洗",
        "京急ニュータウン"
    ],
    "weekday": [
        "9:43",
        "10:36",
        "11:36",
        "12:42",
        "13:45",
        "14:52",
        "16:42",
        "17:48",
        "18:30",
        "19:16",
        "20:16"
    ],
    "saturday": [
        "8:29",
        "9:27",
        "10:24",
        "11:46",
        "12:46",
        "13:46",
        "14:46",
        "16:39",
        "17:44",
        "18:30",
        "19:19",
        "20:37"
    ],
    "holiday": [
        "9:45",
        "10:52",
        "11:53",
        "12:46",
        "13:46",
        "15:02",
        "16:46",
        "18:56",
        "19:49"
    ],
    "url": "https://www.kanachu.co.jp/dia/diagram/timetable01_js/course:0000801564-16/node:00102500/kt:0/lname:/"
}
