{
    "date": "2025/08/30",
    "name": "西洗",
    "position": "-",
    "system": "東12",
    "destinations": [
        "京急ニュータウン"
    ],
    "weekday": [
        "9:44",
        "10:37",
        "11:37",
        "12:43",
        "13:46",
        "14:53",
        "16:43",
        "17:49",
        "18:31",
        "19:17",
        "20:17"
    ],
    "saturday": [
        "8:30",
        "9:28",
        "10:25",
        "11:47",
        "12:47",
        "13:47",
        "14:47",
        "16:40",
        "17:45",
        "18:31",
        "19:20",
        "20:38"
    ],
    "holiday": [
        "9:46",
        "10:53",
        "11:54",
        "12:47",
        "13:47",
        "15:03",
        "16:47",
        "18:57",
        "19:50"
    ],
    "url": "https://www.kanachu.co.jp/dia/diagram/timetable01_js/course:0000801564-17/node:00102878/kt:0/lname:/"
}
