{
    "system": "東12",
    "busstops": [
        {
            "index": "1",
            "id": "00126647",
            "name": "東戸塚駅東口",
            "lat": "35.430204",
            "lng": "139.558067"
        },
        {
            "index": "2",
            "id": "00126642",
            "name": "品濃町(横浜市戸塚区)",
            "lat": "35.429046",
            "lng": "139.559705"
        },
        {
            "index": "3",
            "id": "00126641",
            "name": "坂下(横浜市戸塚区)",
            "lat": "35.425859",
            "lng": "139.560158"
        },
        {
            "index": "4",
            "id": "00126617",
            "name": "品濃口",
            "lat": "35.420834",
            "lng": "139.558865"
        },
        {
            "index": "5",
            "id": "00102596",
            "name": "下永谷(横浜市港南区)",
            "lat": "35.417623",
            "lng": "139.561294"
        },
        {
            "index": "6",
            "id": "00102927",
            "name": "般若寺橋",
            "lat": "35.414698",
            "lng": "139.561184"
        },
        {
            "index": "7",
            "id": "00102823",
            "name": "中永谷",
            "lat": "35.411299",
            "lng": "139.561836"
        },
        {
            "index": "8",
            "id": "00102646",
            "name": "水田(横浜市港南区)",
            "lat": "35.408071",
            "lng": "139.56536"
        },
        {
            "index": "9",
            "id": "00102960",
            "name": "日限地蔵入口",
            "lat": "35.406767",
            "lng": "139.566844"
        },
        {
            "index": "10",
            "id": "00102835",
            "name": "永野小学校前",
            "lat": "35.404719",
            "lng": "139.570223"
        },
        {
            "index": "11",
            "id": "00102365",
            "name": "上永谷駅",
            "lat": "35.400853",
            "lng": "139.571649"
        },
        {
            "index": "12",
            "id": "00103100",
            "name": "丸山台(横浜市港南区)",
            "lat": "35.397987",
            "lng": "139.567718"
        },
        {
            "index": "13",
            "id": "00103094",
            "name": "丸山台中学校前",
            "lat": "35.396273",
            "lng": "139.564609"
        },
        {
            "index": "14",
            "id": "00102959",
            "name": "日限山",
            "lat": "35.397581",
            "lng": "139.561932"
        },
        {
            "index": "15",
            "id": "00102982",
            "name": "日限山小学校入口",
            "lat": "35.395156",
            "lng": "139.559007"
        },
        {
            "index": "16",
            "id": "00102500",
            "name": "港南プラザ",
            "lat": "35.39092",
            "lng": "139.559125"
        },
        {
            "index": "17",
            "id": "00102878",
            "name": "西洗",
            "lat": "35.389805",
            "lng": "139.556148"
        },
        {
            "index": "18",
            "id": "00102473",
            "name": "京急ニュータウン",
            "lat": "35.387557",
            "lng": "139.554587"
        }
    ],
    "route_url": "https://www.kanachu.co.jp/dia/route/index/cid:0000801564/"
}
