{
    "date": "2025/04/19",
    "name": "麻溝台入口",
    "position": "-",
    "system": "小04",
    "destinations": [
        "麻溝台高校",
        "北里大学病院・北里大学"
    ],
    "weekday": [
        "6:27",
        "6:52",
        "7:28",
        "7:46",
        "7:59",
        "8:50",
        "9:07",
        "9:56",
        "10:56",
        "11:56",
        "12:56",
        "13:56",
        "14:56",
        "15:56",
        "16:57",
        "17:57",
        "18:57",
        "20:27"
    ],
    "saturday": [
        "8:07",
        "8:52",
        "11:48",
        "13:48",
        "15:48",
        "17:48",
        "19:52"
    ],
    "holiday": [
        "8:07",
        "8:52",
        "9:52",
        "11:48",
        "13:48",
        "15:52",
        "16:57",
        "17:52",
        "18:52",
        "19:52"
    ],
    "url": "https://www.kanachu.co.jp/dia/diagram/timetable01_js/course:0000801894-13/node:00129121/kt:0/lname:/"
}
