{
    "date": "2025/04/19",
    "name": "麻溝台高校",
    "position": "-",
    "system": "小04",
    "destinations": [
        "北里大学病院・北里大学"
    ],
    "weekday": [
        "6:29",
        "6:54",
        "7:30",
        "7:48",
        "8:01",
        "8:52",
        "9:09",
        "9:58",
        "10:58",
        "11:58",
        "12:58",
        "13:58",
        "14:58",
        "15:58",
        "16:59",
        "17:59",
        "18:59",
        "20:28"
    ],
    "saturday": [
        "8:09",
        "8:54",
        "11:50",
        "13:50",
        "15:50",
        "17:50",
        "19:54"
    ],
    "holiday": [
        "8:09",
        "8:54",
        "9:54",
        "11:50",
        "13:50",
        "15:54",
        "16:59",
        "17:54",
        "18:54",
        "19:53"
    ],
    "url": "https://www.kanachu.co.jp/dia/diagram/timetable01_js/course:0000801894-14/node:00129064/kt:0/lname:/"
}
