{
    "date": "2024/09/02",
    "name": "瀬谷四丁目",
    "position": "-",
    "system": "立01",
    "destinations": [
        "橋戸二丁目",
        "北新東",
        "下瀬谷中学校前",
        "下瀬谷三丁目",
        "下瀬谷橋",
        "下瀬谷坂上",
        "ひなた山第二",
        "ひなた山バザール前",
        "ひなた山第一",
        "早稲田(横浜市泉区)",
        "三家(横浜市泉区)",
        "松陽高校前",
        "グリーンハイム前",
        "いずみ野駅",
        "泉警察署前",
        "富士塚(横浜市泉区)",
        "芝原(横浜市泉区)",
        "横浜泉郵便局前",
        "三ツ俣",
        "立場駅",
        "立場ターミナル"
    ],
    "weekday": [
        "6:52",
        "7:12",
        "7:37",
        "8:02",
        "8:27",
        "8:52",
        "9:22",
        "9:52",
        "10:22",
        "10:52",
        "11:22",
        "11:52",
        "12:22",
        "12:52",
        "13:22",
        "13:52",
        "14:22",
        "14:52",
        "15:22",
        "15:52",
        "16:22",
        "16:52",
        "17:22",
        "17:52",
        "18:22",
        "18:52",
        "19:22",
        "20:32"
    ],
    "saturday": [
        "7:12",
        "7:52",
        "8:32",
        "9:12",
        "9:52",
        "10:32",
        "11:12",
        "11:52",
        "12:32",
        "13:12",
        "13:52",
        "14:32",
        "15:12",
        "15:52",
        "16:32",
        "17:12",
        "17:52",
        "18:32",
        "19:12"
    ],
    "holiday": [
        "7:12",
        "7:52",
        "8:32",
        "9:12",
        "9:52",
        "10:32",
        "11:12",
        "11:52",
        "12:32",
        "13:12",
        "13:52",
        "14:32",
        "15:12",
        "15:52",
        "16:32",
        "17:12",
        "17:52",
        "18:32",
        "19:12"
    ],
    "url": "https://www.kanachu.co.jp/dia/diagram/timetable01_js/course:0000803142-2/node:00126892/kt:0/lname:/"
}
