{
    "date": "2024/09/02",
    "name": "早稲田(横浜市泉区)",
    "position": "-",
    "system": "立01",
    "destinations": [
        "三家(横浜市泉区)",
        "松陽高校前",
        "グリーンハイム前",
        "いずみ野駅",
        "泉警察署前",
        "富士塚(横浜市泉区)",
        "芝原(横浜市泉区)",
        "横浜泉郵便局前",
        "三ツ俣",
        "立場駅",
        "立場ターミナル"
    ],
    "weekday": [
        "7:07",
        "7:27",
        "7:52",
        "8:17",
        "8:42",
        "9:07",
        "9:37",
        "10:07",
        "10:37",
        "11:07",
        "11:37",
        "12:07",
        "12:37",
        "13:07",
        "13:37",
        "14:07",
        "14:37",
        "15:07",
        "15:37",
        "16:07",
        "16:37",
        "17:07",
        "17:37",
        "18:07",
        "18:37",
        "19:07",
        "19:37",
        "20:47"
    ],
    "saturday": [
        "7:27",
        "8:07",
        "8:47",
        "9:27",
        "10:07",
        "10:47",
        "11:27",
        "12:07",
        "12:47",
        "13:27",
        "14:07",
        "14:47",
        "15:29",
        "16:09",
        "16:49",
        "17:29",
        "18:09",
        "18:49",
        "19:29"
    ],
    "holiday": [
        "7:27",
        "8:07",
        "8:47",
        "9:27",
        "10:07",
        "10:47",
        "11:27",
        "12:07",
        "12:47",
        "13:27",
        "14:07",
        "14:47",
        "15:29",
        "16:09",
        "16:49",
        "17:29",
        "18:09",
        "18:49",
        "19:29"
    ],
    "url": "https://www.kanachu.co.jp/dia/diagram/timetable01_js/course:0000803142-12/node:00126942/kt:0/lname:/"
}
