{
    "date": "2024/02/17",
    "name": "和光学園(町田市)",
    "position": "-",
    "system": "鶴23",
    "destinations": [
        "街道口",
        "団地南(町田市)",
        "鶴川三丁目",
        "消防署前(鶴川出張所/町田市)",
        "鶴川駅"
    ],
    "weekday": [
        "7:15",
        "7:30",
        "7:40",
        "8:25",
        "8:35",
        "8:50",
        "14:00",
        "14:10",
        "14:40",
        "14:50",
        "15:00",
        "15:10",
        "15:20",
        "15:25",
        "15:30",
        "15:40",
        "16:00",
        "16:20",
        "16:40",
        "17:00",
        "17:10",
        "17:30",
        "17:55",
        "18:15"
    ],
    "saturday": [],
    "holiday": [],
    "url": "https://www.kanachu.co.jp/dia/diagram/timetable01_js/course:0000803473-1/node:00129469/kt:0/lname:/"
}
