{
    "date": "2024/02/17",
    "name": "消防署前(鶴川出張所/町田市)",
    "position": "-",
    "system": "鶴23",
    "destinations": [
        "鶴川駅"
    ],
    "weekday": [
        "7:19",
        "7:34",
        "7:44",
        "8:29",
        "8:39",
        "8:54",
        "14:04",
        "14:14",
        "14:44",
        "14:54",
        "15:04",
        "15:14",
        "15:24",
        "15:29",
        "15:34",
        "15:44",
        "16:04",
        "16:24",
        "16:44",
        "17:04",
        "17:14",
        "17:34",
        "17:59",
        "18:19"
    ],
    "saturday": [],
    "holiday": [],
    "url": "https://www.kanachu.co.jp/dia/diagram/timetable01_js/course:0000803473-5/node:00049325/kt:0/lname:/"
}
