{
    "date": "2025/08/30",
    "name": "横浜市役所前",
    "position": "-",
    "system": "",
    "destinations": [
        "本町四丁目(横浜市中区)",
        "本町一丁目(横浜市中区)",
        "日本大通り駅県庁前",
        "芸術劇場・NHK前",
        "中華街入口",
        "山下町(横浜市中区)",
        "元町入口",
        "港の見える丘公園前",
        "元町公園前",
        "代官坂上",
        "山手町(横浜市中区)",
        "イタリア山庭園前",
        "地蔵坂上(横浜市中区)",
        "打越橋",
        "石川小学校前(横浜市南区)",
        "唐沢(横浜市南区)",
        "平楽中学校前",
        "中丸(横浜市南区)",
        "増徳院前",
        "山谷(横浜市南区)",
        "中村橋(横浜市南区)",
        "東蒔田町",
        "堀の内町",
        "榎町二丁目",
        "蒔田駅前",
        "蒔田中学校前(横浜市南区)",
        "井土ヶ谷下町",
        "南センター(横浜市南区)",
        "井土ヶ谷",
        "井土ヶ谷駅前",
        "南太田四丁目",
        "北永田",
        "保土ヶ谷橋",
        "保土ヶ谷駅東口"
    ],
    "weekday": [
        "6:38",
        "7:04",
        "7:20",
        "7:36",
        "7:46",
        "7:58",
        "8:17",
        "8:32",
        "8:47",
        "9:04",
        "9:22",
        "9:51",
        "10:24",
        "10:44",
        "11:07",
        "11:32",
        "11:57",
        "12:22",
        "12:53",
        "13:14",
        "13:39",
        "14:07",
        "14:27",
        "14:57",
        "15:27",
        "15:57",
        "16:29",
        "17:00",
        "17:20",
        "17:35",
        "17:53",
        "18:13",
        "19:17",
        "21:00"
    ],
    "saturday": [
        "6:42",
        "7:06",
        "7:31",
        "8:01",
        "8:33",
        "9:01",
        "9:31",
        "10:01",
        "10:26",
        "10:44",
        "11:06",
        "11:24",
        "11:46",
        "12:16",
        "12:45",
        "13:16",
        "13:46",
        "14:16",
        "14:44",
        "15:16",
        "15:46",
        "16:16",
        "16:44",
        "17:16"
    ],
    "holiday": [
        "6:42",
        "7:06",
        "7:31",
        "8:01",
        "8:33",
        "9:01",
        "9:31",
        "10:01",
        "10:26",
        "10:44",
        "11:06",
        "11:24",
        "11:46",
        "12:16",
        "12:45",
        "13:16",
        "13:46",
        "14:16",
        "14:44",
        "15:16",
        "15:46",
        "16:16",
        "16:44",
        "17:16"
    ],
    "url": "https://www.kanachu.co.jp/dia/diagram/timetable01_js/course:0000802081-2/node:00102945/kt:0/lname:/"
}
