{
    "date": "2025/08/30",
    "name": "本町四丁目(横浜市中区)",
    "position": "-",
    "system": "",
    "destinations": [
        "本町一丁目(横浜市中区)",
        "日本大通り駅県庁前",
        "芸術劇場・NHK前",
        "中華街入口",
        "山下町(横浜市中区)",
        "元町入口",
        "港の見える丘公園前",
        "元町公園前",
        "代官坂上",
        "山手町(横浜市中区)",
        "イタリア山庭園前",
        "地蔵坂上(横浜市中区)",
        "打越橋",
        "石川小学校前(横浜市南区)",
        "唐沢(横浜市南区)",
        "平楽中学校前",
        "中丸(横浜市南区)",
        "増徳院前",
        "山谷(横浜市南区)",
        "中村橋(横浜市南区)",
        "東蒔田町",
        "堀の内町",
        "榎町二丁目",
        "蒔田駅前",
        "蒔田中学校前(横浜市南区)",
        "井土ヶ谷下町",
        "南センター(横浜市南区)",
        "井土ヶ谷",
        "井土ヶ谷駅前",
        "南太田四丁目",
        "北永田",
        "保土ヶ谷橋",
        "保土ヶ谷駅東口"
    ],
    "weekday": [
        "6:39",
        "7:06",
        "7:22",
        "7:38",
        "7:48",
        "8:00",
        "8:19",
        "8:34",
        "8:49",
        "9:06",
        "9:24",
        "9:53",
        "10:26",
        "10:46",
        "11:09",
        "11:34",
        "11:59",
        "12:24",
        "12:55",
        "13:16",
        "13:41",
        "14:09",
        "14:29",
        "14:59",
        "15:29",
        "15:59",
        "16:31",
        "17:02",
        "17:22",
        "17:37",
        "17:55",
        "18:15",
        "19:19",
        "21:01"
    ],
    "saturday": [
        "6:43",
        "7:08",
        "7:33",
        "8:03",
        "8:35",
        "9:03",
        "9:33",
        "10:03",
        "10:28",
        "10:46",
        "11:08",
        "11:26",
        "11:48",
        "12:18",
        "12:47",
        "13:18",
        "13:48",
        "14:18",
        "14:46",
        "15:18",
        "15:48",
        "16:18",
        "16:46",
        "17:18"
    ],
    "holiday": [
        "6:43",
        "7:07",
        "7:32",
        "8:03",
        "8:35",
        "9:03",
        "9:33",
        "10:03",
        "10:28",
        "10:46",
        "11:08",
        "11:26",
        "11:48",
        "12:18",
        "12:47",
        "13:18",
        "13:48",
        "14:18",
        "14:46",
        "15:18",
        "15:48",
        "16:18",
        "16:46",
        "17:18"
    ],
    "url": "https://www.kanachu.co.jp/dia/diagram/timetable01_js/course:0000802081-3/node:00103058/kt:0/lname:/"
}
