{
    "date": "2025/08/30",
    "name": "本町一丁目(横浜市中区)",
    "position": "-",
    "system": "",
    "destinations": [
        "日本大通り駅県庁前",
        "芸術劇場・NHK前",
        "中華街入口",
        "山下町(横浜市中区)",
        "元町入口",
        "港の見える丘公園前",
        "元町公園前",
        "代官坂上",
        "山手町(横浜市中区)",
        "イタリア山庭園前",
        "地蔵坂上(横浜市中区)",
        "打越橋",
        "石川小学校前(横浜市南区)",
        "唐沢(横浜市南区)",
        "平楽中学校前",
        "中丸(横浜市南区)",
        "増徳院前",
        "山谷(横浜市南区)",
        "中村橋(横浜市南区)",
        "東蒔田町",
        "堀の内町",
        "榎町二丁目",
        "蒔田駅前",
        "蒔田中学校前(横浜市南区)",
        "井土ヶ谷下町",
        "南センター(横浜市南区)",
        "井土ヶ谷",
        "井土ヶ谷駅前",
        "南太田四丁目",
        "北永田",
        "保土ヶ谷橋",
        "保土ヶ谷駅東口"
    ],
    "weekday": [
        "6:40",
        "7:07",
        "7:23",
        "7:39",
        "7:49",
        "8:01",
        "8:20",
        "8:35",
        "8:50",
        "9:07",
        "9:25",
        "9:54",
        "10:27",
        "10:47",
        "11:10",
        "11:35",
        "12:00",
        "12:25",
        "12:56",
        "13:17",
        "13:42",
        "14:10",
        "14:30",
        "15:00",
        "15:30",
        "16:00",
        "16:32",
        "17:03",
        "17:23",
        "17:38",
        "17:56",
        "18:16",
        "19:20",
        "21:02"
    ],
    "saturday": [
        "6:44",
        "7:09",
        "7:34",
        "8:04",
        "8:36",
        "9:04",
        "9:34",
        "10:04",
        "10:29",
        "10:47",
        "11:09",
        "11:27",
        "11:49",
        "12:19",
        "12:48",
        "13:19",
        "13:49",
        "14:19",
        "14:47",
        "15:19",
        "15:49",
        "16:19",
        "16:47",
        "17:19"
    ],
    "holiday": [
        "6:44",
        "7:08",
        "7:33",
        "8:04",
        "8:36",
        "9:04",
        "9:34",
        "10:04",
        "10:29",
        "10:47",
        "11:09",
        "11:27",
        "11:49",
        "12:19",
        "12:48",
        "13:19",
        "13:49",
        "14:19",
        "14:47",
        "15:19",
        "15:49",
        "16:19",
        "16:47",
        "17:19"
    ],
    "url": "https://www.kanachu.co.jp/dia/diagram/timetable01_js/course:0000802081-4/node:00103059/kt:0/lname:/"
}
