{
    "date": "2025/08/30",
    "name": "元町公園前",
    "position": "-",
    "system": "",
    "destinations": [
        "代官坂上",
        "山手町(横浜市中区)",
        "イタリア山庭園前",
        "地蔵坂上(横浜市中区)",
        "打越橋",
        "石川小学校前(横浜市南区)",
        "唐沢(横浜市南区)",
        "平楽中学校前",
        "中丸(横浜市南区)",
        "増徳院前",
        "山谷(横浜市南区)",
        "中村橋(横浜市南区)",
        "東蒔田町",
        "堀の内町",
        "榎町二丁目",
        "蒔田駅前",
        "蒔田中学校前(横浜市南区)",
        "井土ヶ谷下町",
        "南センター(横浜市南区)",
        "井土ヶ谷",
        "井土ヶ谷駅前",
        "南太田四丁目",
        "北永田",
        "保土ヶ谷橋",
        "保土ヶ谷駅東口"
    ],
    "weekday": [
        "6:49",
        "7:18",
        "7:34",
        "7:50",
        "8:00",
        "8:12",
        "8:31",
        "8:46",
        "9:01",
        "9:18",
        "9:36",
        "10:05",
        "10:38",
        "10:58",
        "11:21",
        "11:46",
        "12:11",
        "12:36",
        "13:07",
        "13:28",
        "13:53",
        "14:21",
        "14:41",
        "15:11",
        "15:41",
        "16:11",
        "16:43",
        "17:14",
        "17:34",
        "17:49",
        "18:07",
        "18:27",
        "19:31",
        "21:12"
    ],
    "saturday": [
        "6:53",
        "7:20",
        "7:45",
        "8:15",
        "8:47",
        "9:15",
        "9:45",
        "10:15",
        "10:40",
        "10:58",
        "11:20",
        "11:38",
        "12:00",
        "12:30",
        "12:59",
        "13:30",
        "14:00",
        "14:30",
        "14:58",
        "15:30",
        "16:00",
        "16:30",
        "16:58",
        "17:30"
    ],
    "holiday": [
        "6:53",
        "7:17",
        "7:42",
        "8:15",
        "8:47",
        "9:15",
        "9:45",
        "10:15",
        "10:40",
        "10:58",
        "11:20",
        "11:38",
        "12:00",
        "12:30",
        "12:59",
        "13:30",
        "14:00",
        "14:30",
        "14:58",
        "15:30",
        "16:00",
        "16:30",
        "16:58",
        "17:30"
    ],
    "url": "https://www.kanachu.co.jp/dia/diagram/timetable01_js/course:0000802081-11/node:00126760/kt:0/lname:/"
}
