{
    "date": "2025/08/30",
    "name": "代官坂上",
    "position": "-",
    "system": "",
    "destinations": [
        "山手町(横浜市中区)",
        "イタリア山庭園前",
        "地蔵坂上(横浜市中区)",
        "打越橋",
        "石川小学校前(横浜市南区)",
        "唐沢(横浜市南区)",
        "平楽中学校前",
        "中丸(横浜市南区)",
        "増徳院前",
        "山谷(横浜市南区)",
        "中村橋(横浜市南区)",
        "東蒔田町",
        "堀の内町",
        "榎町二丁目",
        "蒔田駅前",
        "蒔田中学校前(横浜市南区)",
        "井土ヶ谷下町",
        "南センター(横浜市南区)",
        "井土ヶ谷",
        "井土ヶ谷駅前",
        "南太田四丁目",
        "北永田",
        "保土ヶ谷橋",
        "保土ヶ谷駅東口"
    ],
    "weekday": [
        "6:51",
        "7:20",
        "7:36",
        "7:52",
        "8:02",
        "8:14",
        "8:33",
        "8:48",
        "9:03",
        "9:20",
        "9:38",
        "10:07",
        "10:40",
        "11:00",
        "11:23",
        "11:48",
        "12:13",
        "12:38",
        "13:09",
        "13:30",
        "13:55",
        "14:23",
        "14:43",
        "15:13",
        "15:43",
        "16:13",
        "16:45",
        "17:16",
        "17:36",
        "17:51",
        "18:09",
        "18:29",
        "19:33",
        "21:14"
    ],
    "saturday": [
        "6:54",
        "7:21",
        "7:46",
        "8:16",
        "8:48",
        "9:16",
        "9:46",
        "10:16",
        "10:41",
        "10:59",
        "11:21",
        "11:39",
        "12:01",
        "12:31",
        "13:00",
        "13:31",
        "14:01",
        "14:31",
        "14:59",
        "15:31",
        "16:01",
        "16:31",
        "16:59",
        "17:31"
    ],
    "holiday": [
        "6:54",
        "7:18",
        "7:43",
        "8:16",
        "8:48",
        "9:16",
        "9:46",
        "10:16",
        "10:41",
        "10:59",
        "11:21",
        "11:39",
        "12:01",
        "12:31",
        "13:00",
        "13:31",
        "14:01",
        "14:31",
        "14:59",
        "15:31",
        "16:01",
        "16:31",
        "16:59",
        "17:31"
    ],
    "url": "https://www.kanachu.co.jp/dia/diagram/timetable01_js/course:0000802081-12/node:00126759/kt:0/lname:/"
}
