{
    "date": "2025/08/30",
    "name": "石川小学校前(横浜市南区)",
    "position": "-",
    "system": "11",
    "destinations": [
        "唐沢(横浜市南区)",
        "平楽中学校前",
        "中丸(横浜市南区)",
        "増徳院前",
        "山谷(横浜市南区)",
        "中村橋(横浜市南区)",
        "東蒔田町",
        "堀の内町",
        "榎町二丁目",
        "蒔田駅前",
        "蒔田中学校前(横浜市南区)",
        "井土ヶ谷下町",
        "南センター(横浜市南区)",
        "井土ヶ谷",
        "井土ヶ谷駅前",
        "南太田四丁目",
        "北永田",
        "保土ヶ谷橋",
        "保土ヶ谷駅東口"
    ],
    "weekday": [
        "6:56",
        "7:25",
        "7:41",
        "7:57",
        "8:07",
        "8:19",
        "8:38",
        "8:53",
        "9:08",
        "9:25",
        "9:43",
        "10:12",
        "10:45",
        "11:05",
        "11:28",
        "11:53",
        "12:18",
        "12:43",
        "13:14",
        "13:35",
        "14:00",
        "14:28",
        "14:48",
        "15:18",
        "15:48",
        "16:18",
        "16:50",
        "17:21",
        "17:41",
        "17:56",
        "18:14",
        "18:34",
        "19:38",
        "21:19"
    ],
    "saturday": [
        "6:59",
        "7:26",
        "7:51",
        "8:21",
        "8:53",
        "9:21",
        "9:51",
        "10:21",
        "10:46",
        "11:04",
        "11:26",
        "11:44",
        "12:06",
        "12:36",
        "13:05",
        "13:36",
        "14:06",
        "14:36",
        "15:04",
        "15:36",
        "16:06",
        "16:36",
        "17:04",
        "17:36"
    ],
    "holiday": [
        "6:59",
        "7:23",
        "7:48",
        "8:21",
        "8:53",
        "9:21",
        "9:51",
        "10:21",
        "10:46",
        "11:04",
        "11:26",
        "11:44",
        "12:06",
        "12:36",
        "13:05",
        "13:36",
        "14:06",
        "14:36",
        "15:04",
        "15:36",
        "16:06",
        "16:36",
        "17:04",
        "17:36"
    ],
    "url": "https://www.kanachu.co.jp/dia/diagram/timetable01_js/course:0000802081-17/node:00126754/kt:0/lname:/"
}
