{
    "date": "2025/08/30",
    "name": "増徳院前",
    "position": "-",
    "system": "11",
    "destinations": [
        "山谷(横浜市南区)",
        "中村橋(横浜市南区)",
        "東蒔田町",
        "堀の内町",
        "榎町二丁目",
        "蒔田駅前",
        "蒔田中学校前(横浜市南区)",
        "井土ヶ谷下町",
        "南センター(横浜市南区)",
        "井土ヶ谷",
        "井土ヶ谷駅前",
        "南太田四丁目",
        "北永田",
        "保土ヶ谷橋",
        "保土ヶ谷駅東口"
    ],
    "weekday": [
        "7:00",
        "7:29",
        "7:45",
        "8:01",
        "8:11",
        "8:23",
        "8:42",
        "8:57",
        "9:12",
        "9:29",
        "9:47",
        "10:16",
        "10:49",
        "11:09",
        "11:32",
        "11:57",
        "12:22",
        "12:47",
        "13:18",
        "13:39",
        "14:04",
        "14:32",
        "14:52",
        "15:22",
        "15:52",
        "16:22",
        "16:54",
        "17:25",
        "17:45",
        "18:00",
        "18:18",
        "18:38",
        "19:42",
        "21:23"
    ],
    "saturday": [
        "7:03",
        "7:30",
        "7:55",
        "8:25",
        "8:57",
        "9:25",
        "9:55",
        "10:25",
        "10:50",
        "11:08",
        "11:30",
        "11:48",
        "12:10",
        "12:40",
        "13:09",
        "13:40",
        "14:10",
        "14:40",
        "15:08",
        "15:40",
        "16:10",
        "16:40",
        "17:08",
        "17:40"
    ],
    "holiday": [
        "7:03",
        "7:27",
        "7:52",
        "8:25",
        "8:57",
        "9:25",
        "9:55",
        "10:25",
        "10:50",
        "11:08",
        "11:30",
        "11:48",
        "12:10",
        "12:40",
        "13:09",
        "13:40",
        "14:10",
        "14:40",
        "15:08",
        "15:40",
        "16:10",
        "16:40",
        "17:08",
        "17:40"
    ],
    "url": "https://www.kanachu.co.jp/dia/diagram/timetable01_js/course:0000802081-21/node:00126750/kt:0/lname:/"
}
