{
    "date": "2025/08/30",
    "name": "山谷(横浜市南区)",
    "position": "-",
    "system": "11",
    "destinations": [
        "中村橋(横浜市南区)",
        "東蒔田町",
        "堀の内町",
        "榎町二丁目",
        "蒔田駅前",
        "蒔田中学校前(横浜市南区)",
        "井土ヶ谷下町",
        "南センター(横浜市南区)",
        "井土ヶ谷",
        "井土ヶ谷駅前",
        "南太田四丁目",
        "北永田",
        "保土ヶ谷橋",
        "保土ヶ谷駅東口"
    ],
    "weekday": [
        "7:02",
        "7:31",
        "7:47",
        "8:03",
        "8:13",
        "8:25",
        "8:44",
        "8:59",
        "9:14",
        "9:31",
        "9:49",
        "10:18",
        "10:51",
        "11:11",
        "11:34",
        "11:59",
        "12:24",
        "12:49",
        "13:20",
        "13:41",
        "14:06",
        "14:34",
        "14:54",
        "15:24",
        "15:54",
        "16:24",
        "16:56",
        "17:27",
        "17:47",
        "18:02",
        "18:20",
        "18:40",
        "19:44",
        "21:25"
    ],
    "saturday": [
        "7:05",
        "7:32",
        "7:57",
        "8:27",
        "8:59",
        "9:27",
        "9:57",
        "10:27",
        "10:52",
        "11:10",
        "11:32",
        "11:50",
        "12:12",
        "12:42",
        "13:11",
        "13:42",
        "14:12",
        "14:42",
        "15:10",
        "15:42",
        "16:12",
        "16:42",
        "17:10",
        "17:42"
    ],
    "holiday": [
        "7:05",
        "7:29",
        "7:54",
        "8:27",
        "8:59",
        "9:27",
        "9:57",
        "10:27",
        "10:52",
        "11:10",
        "11:32",
        "11:50",
        "12:12",
        "12:42",
        "13:11",
        "13:42",
        "14:12",
        "14:42",
        "15:10",
        "15:42",
        "16:12",
        "16:42",
        "17:10",
        "17:42"
    ],
    "url": "https://www.kanachu.co.jp/dia/diagram/timetable01_js/course:0000802081-22/node:00126749/kt:0/lname:/"
}
