{
    "date": "2025/08/30",
    "name": "榎町二丁目",
    "position": "-",
    "system": "11",
    "destinations": [
        "蒔田駅前",
        "蒔田中学校前(横浜市南区)",
        "井土ヶ谷下町",
        "南センター(横浜市南区)",
        "井土ヶ谷",
        "井土ヶ谷駅前",
        "南太田四丁目",
        "北永田",
        "保土ヶ谷橋",
        "保土ヶ谷駅東口"
    ],
    "weekday": [
        "7:10",
        "7:39",
        "7:55",
        "8:11",
        "8:21",
        "8:33",
        "8:52",
        "9:07",
        "9:22",
        "9:39",
        "9:57",
        "10:26",
        "10:59",
        "11:19",
        "11:42",
        "12:07",
        "12:32",
        "12:57",
        "13:28",
        "13:49",
        "14:14",
        "14:42",
        "15:02",
        "15:32",
        "16:02",
        "16:32",
        "17:04",
        "17:35",
        "17:55",
        "18:10",
        "18:28",
        "18:48",
        "19:52",
        "21:33"
    ],
    "saturday": [
        "7:13",
        "7:40",
        "8:05",
        "8:35",
        "9:07",
        "9:35",
        "10:05",
        "10:35",
        "11:00",
        "11:18",
        "11:40",
        "11:58",
        "12:20",
        "12:50",
        "13:19",
        "13:50",
        "14:20",
        "14:50",
        "15:18",
        "15:50",
        "16:20",
        "16:50",
        "17:18",
        "17:50"
    ],
    "holiday": [
        "7:12",
        "7:36",
        "8:01",
        "8:35",
        "9:07",
        "9:35",
        "10:05",
        "10:35",
        "11:00",
        "11:18",
        "11:40",
        "11:58",
        "12:20",
        "12:50",
        "13:19",
        "13:50",
        "14:20",
        "14:50",
        "15:18",
        "15:50",
        "16:20",
        "16:50",
        "17:18",
        "17:50"
    ],
    "url": "https://www.kanachu.co.jp/dia/diagram/timetable01_js/course:0000802081-26/node:00126746/kt:0/lname:/"
}
