{
    "date": "2025/08/30",
    "name": "蒔田中学校前(横浜市南区)",
    "position": "-",
    "system": "11",
    "destinations": [
        "井土ヶ谷下町",
        "南センター(横浜市南区)",
        "井土ヶ谷",
        "井土ヶ谷駅前",
        "南太田四丁目",
        "北永田",
        "保土ヶ谷橋",
        "保土ヶ谷駅東口"
    ],
    "weekday": [
        "7:13",
        "7:42",
        "7:58",
        "8:14",
        "8:24",
        "8:36",
        "8:55",
        "9:10",
        "9:25",
        "9:42",
        "10:00",
        "10:29",
        "11:02",
        "11:22",
        "11:45",
        "12:10",
        "12:35",
        "13:00",
        "13:31",
        "13:52",
        "14:17",
        "14:45",
        "15:05",
        "15:35",
        "16:05",
        "16:35",
        "17:07",
        "17:38",
        "17:58",
        "18:13",
        "18:31",
        "18:51",
        "19:55",
        "21:36"
    ],
    "saturday": [
        "7:16",
        "7:43",
        "8:08",
        "8:38",
        "9:10",
        "9:38",
        "10:08",
        "10:38",
        "11:03",
        "11:21",
        "11:43",
        "12:01",
        "12:23",
        "12:53",
        "13:22",
        "13:53",
        "14:23",
        "14:53",
        "15:21",
        "15:53",
        "16:23",
        "16:53",
        "17:21",
        "17:53"
    ],
    "holiday": [
        "7:15",
        "7:39",
        "8:04",
        "8:38",
        "9:10",
        "9:38",
        "10:08",
        "10:38",
        "11:03",
        "11:21",
        "11:43",
        "12:01",
        "12:23",
        "12:53",
        "13:22",
        "13:53",
        "14:23",
        "14:53",
        "15:21",
        "15:53",
        "16:23",
        "16:53",
        "17:21",
        "17:53"
    ],
    "url": "https://www.kanachu.co.jp/dia/diagram/timetable01_js/course:0000802081-28/node:00103130/kt:0/lname:/"
}
