{
    "date": "2025/08/30",
    "name": "井土ヶ谷下町",
    "position": "-",
    "system": "",
    "destinations": [
        "南センター(横浜市南区)",
        "井土ヶ谷",
        "井土ヶ谷駅前",
        "南太田四丁目",
        "北永田",
        "保土ヶ谷橋",
        "保土ヶ谷駅東口"
    ],
    "weekday": [
        "7:14",
        "7:43",
        "7:59",
        "8:15",
        "8:25",
        "8:37",
        "8:56",
        "9:11",
        "9:26",
        "9:43",
        "10:01",
        "10:30",
        "11:03",
        "11:23",
        "11:46",
        "12:11",
        "12:36",
        "13:01",
        "13:32",
        "13:53",
        "14:18",
        "14:46",
        "15:06",
        "15:36",
        "16:06",
        "16:36",
        "17:08",
        "17:39",
        "17:59",
        "18:14",
        "18:32",
        "18:52",
        "19:56",
        "21:37"
    ],
    "saturday": [
        "7:17",
        "7:44",
        "8:09",
        "8:39",
        "9:11",
        "9:39",
        "10:09",
        "10:39",
        "11:04",
        "11:22",
        "11:44",
        "12:02",
        "12:24",
        "12:54",
        "13:23",
        "13:54",
        "14:24",
        "14:54",
        "15:22",
        "15:54",
        "16:24",
        "16:54",
        "17:22",
        "17:54"
    ],
    "holiday": [
        "7:16",
        "7:40",
        "8:05",
        "8:39",
        "9:11",
        "9:39",
        "10:09",
        "10:39",
        "11:04",
        "11:22",
        "11:44",
        "12:02",
        "12:24",
        "12:54",
        "13:23",
        "13:54",
        "14:24",
        "14:54",
        "15:22",
        "15:54",
        "16:24",
        "16:54",
        "17:22",
        "17:54"
    ],
    "url": "https://www.kanachu.co.jp/dia/diagram/timetable01_js/course:0000802081-29/node:00102234/kt:0/lname:/"
}
