{
    "date": "2025/08/30",
    "name": "井土ヶ谷",
    "position": "-",
    "system": "",
    "destinations": [
        "井土ヶ谷駅前",
        "南太田四丁目",
        "北永田",
        "保土ヶ谷橋",
        "保土ヶ谷駅東口"
    ],
    "weekday": [
        "7:16",
        "7:45",
        "8:01",
        "8:17",
        "8:27",
        "8:39",
        "8:58",
        "9:13",
        "9:28",
        "9:45",
        "10:03",
        "10:32",
        "11:05",
        "11:25",
        "11:48",
        "12:13",
        "12:38",
        "13:03",
        "13:34",
        "13:55",
        "14:20",
        "14:48",
        "15:08",
        "15:38",
        "16:08",
        "16:38",
        "17:10",
        "17:41",
        "18:01",
        "18:16",
        "18:34",
        "18:54",
        "19:58",
        "21:39"
    ],
    "saturday": [
        "7:19",
        "7:46",
        "8:11",
        "8:41",
        "9:13",
        "9:41",
        "10:11",
        "10:41",
        "11:06",
        "11:24",
        "11:46",
        "12:04",
        "12:26",
        "12:56",
        "13:25",
        "13:56",
        "14:26",
        "14:56",
        "15:24",
        "15:56",
        "16:26",
        "16:56",
        "17:24",
        "17:56"
    ],
    "holiday": [
        "7:18",
        "7:42",
        "8:07",
        "8:41",
        "9:13",
        "9:41",
        "10:11",
        "10:41",
        "11:06",
        "11:24",
        "11:46",
        "12:04",
        "12:26",
        "12:56",
        "13:25",
        "13:56",
        "14:26",
        "14:56",
        "15:24",
        "15:56",
        "16:26",
        "16:56",
        "17:24",
        "17:56"
    ],
    "url": "https://www.kanachu.co.jp/dia/diagram/timetable01_js/course:0000802081-31/node:00102233/kt:0/lname:/"
}
