{
    "date": "2025/08/30",
    "name": "南太田四丁目",
    "position": "-",
    "system": "11",
    "destinations": [
        "北永田",
        "保土ヶ谷橋",
        "保土ヶ谷駅東口"
    ],
    "weekday": [
        "7:20",
        "7:49",
        "8:05",
        "8:21",
        "8:31",
        "8:43",
        "9:02",
        "9:17",
        "9:32",
        "9:49",
        "10:07",
        "10:36",
        "11:09",
        "11:29",
        "11:52",
        "12:17",
        "12:42",
        "13:07",
        "13:38",
        "13:59",
        "14:24",
        "14:52",
        "15:12",
        "15:42",
        "16:12",
        "16:42",
        "17:14",
        "17:45",
        "18:05",
        "18:20",
        "18:38",
        "18:58",
        "20:02",
        "21:42"
    ],
    "saturday": [
        "7:23",
        "7:50",
        "8:15",
        "8:45",
        "9:17",
        "9:45",
        "10:15",
        "10:45",
        "11:10",
        "11:28",
        "11:50",
        "12:08",
        "12:30",
        "13:00",
        "13:29",
        "14:00",
        "14:30",
        "15:00",
        "15:28",
        "16:00",
        "16:30",
        "17:00",
        "17:28",
        "18:00"
    ],
    "holiday": [
        "7:21",
        "7:45",
        "8:11",
        "8:45",
        "9:17",
        "9:45",
        "10:15",
        "10:45",
        "11:10",
        "11:28",
        "11:50",
        "12:08",
        "12:30",
        "13:00",
        "13:29",
        "14:00",
        "14:30",
        "15:00",
        "15:28",
        "16:00",
        "16:30",
        "17:00",
        "17:28",
        "18:00"
    ],
    "url": "https://www.kanachu.co.jp/dia/diagram/timetable01_js/course:0000802081-33/node:00103129/kt:0/lname:/"
}
