{
    "system": "",
    "busstops": [
        {
            "index": "1",
            "id": "00102541",
            "name": "桜木町駅前",
            "lat": "35.45203",
            "lng": "139.631416"
        },
        {
            "index": "2",
            "id": "00102945",
            "name": "横浜市役所前",
            "lat": "35.449887",
            "lng": "139.634986"
        },
        {
            "index": "3",
            "id": "00103058",
            "name": "本町四丁目(横浜市中区)",
            "lat": "35.448881",
            "lng": "139.638902"
        },
        {
            "index": "4",
            "id": "00103059",
            "name": "本町一丁目(横浜市中区)",
            "lat": "35.447918",
            "lng": "139.640807"
        },
        {
            "index": "5",
            "id": "00102893",
            "name": "日本大通り駅県庁前",
            "lat": "35.446486",
            "lng": "139.64335"
        },
        {
            "index": "6",
            "id": "00102401",
            "name": "芸術劇場・NHK前",
            "lat": "35.445523",
            "lng": "139.645117"
        },
        {
            "index": "7",
            "id": "00102721",
            "name": "中華街入口",
            "lat": "35.443971",
            "lng": "139.648414"
        },
        {
            "index": "8",
            "id": "00103200",
            "name": "山下町(横浜市中区)",
            "lat": "35.443066",
            "lng": "139.649706"
        },
        {
            "index": "9",
            "id": "00103184",
            "name": "元町入口",
            "lat": "35.442072",
            "lng": "139.651718"
        },
        {
            "index": "10",
            "id": "00103108",
            "name": "港の見える丘公園前",
            "lat": "35.439627",
            "lng": "139.653429"
        },
        {
            "index": "11",
            "id": "00126760",
            "name": "元町公園前",
            "lat": "35.437761",
            "lng": "139.651975"
        },
        {
            "index": "12",
            "id": "00126759",
            "name": "代官坂上",
            "lat": "35.437631",
            "lng": "139.648832"
        },
        {
            "index": "13",
            "id": "00126758",
            "name": "山手町(横浜市中区)",
            "lat": "35.436936",
            "lng": "139.647154"
        },
        {
            "index": "14",
            "id": "00126757",
            "name": "イタリア山庭園前",
            "lat": "35.435357",
            "lng": "139.643819"
        },
        {
            "index": "15",
            "id": "00126756",
            "name": "地蔵坂上(横浜市中区)",
            "lat": "35.434627",
            "lng": "139.641252"
        },
        {
            "index": "16",
            "id": "00126755",
            "name": "打越橋",
            "lat": "35.433624",
            "lng": "139.639149"
        },
        {
            "index": "17",
            "id": "00126754",
            "name": "石川小学校前(横浜市南区)",
            "lat": "35.432813",
            "lng": "139.636969"
        },
        {
            "index": "18",
            "id": "00126753",
            "name": "唐沢(横浜市南区)",
            "lat": "35.432842",
            "lng": "139.633972"
        },
        {
            "index": "19",
            "id": "00126752",
            "name": "平楽中学校前",
            "lat": "35.431636",
            "lng": "139.633152"
        },
        {
            "index": "20",
            "id": "00126751",
            "name": "中丸(横浜市南区)",
            "lat": "35.429793",
            "lng": "139.631663"
        },
        {
            "index": "21",
            "id": "00126750",
            "name": "増徳院前",
            "lat": "35.428742",
            "lng": "139.630636"
        },
        {
            "index": "22",
            "id": "00126749",
            "name": "山谷(横浜市南区)",
            "lat": "35.429476",
            "lng": "139.625156"
        },
        {
            "index": "23",
            "id": "00102817",
            "name": "中村橋(横浜市南区)",
            "lat": "35.431126",
            "lng": "139.62062"
        },
        {
            "index": "24",
            "id": "00126748",
            "name": "東蒔田町",
            "lat": "35.429708",
            "lng": "139.61661"
        },
        {
            "index": "25",
            "id": "00126747",
            "name": "堀の内町",
            "lat": "35.429741",
            "lng": "139.615197"
        },
        {
            "index": "26",
            "id": "00126746",
            "name": "榎町二丁目",
            "lat": "35.429756",
            "lng": "139.612869"
        },
        {
            "index": "27",
            "id": "00103093",
            "name": "蒔田駅前",
            "lat": "35.430703",
            "lng": "139.610117"
        },
        {
            "index": "28",
            "id": "00103130",
            "name": "蒔田中学校前(横浜市南区)",
            "lat": "35.431849",
            "lng": "139.608891"
        },
        {
            "index": "29",
            "id": "00102234",
            "name": "井土ヶ谷下町",
            "lat": "35.432656",
            "lng": "139.607057"
        },
        {
            "index": "30",
            "id": "00126631",
            "name": "南センター(横浜市南区)",
            "lat": "35.433484",
            "lng": "139.605533"
        },
        {
            "index": "31",
            "id": "00102233",
            "name": "井土ヶ谷",
            "lat": "35.432863",
            "lng": "139.604025"
        },
        {
            "index": "32",
            "id": "00102232",
            "name": "井土ヶ谷駅前",
            "lat": "35.434136",
            "lng": "139.60137"
        },
        {
            "index": "33",
            "id": "00103129",
            "name": "南太田四丁目",
            "lat": "35.436076",
            "lng": "139.599369"
        },
        {
            "index": "34",
            "id": "00102432",
            "name": "北永田",
            "lat": "35.438747",
            "lng": "139.595965"
        },
        {
            "index": "35",
            "id": "00103042",
            "name": "保土ヶ谷橋",
            "lat": "35.444279",
            "lng": "139.596963"
        },
        {
            "index": "36",
            "id": "00103043",
            "name": "保土ヶ谷駅東口",
            "lat": "35.446018",
            "lng": "139.600066"
        }
    ],
    "route_url": "https://www.kanachu.co.jp/dia/route/index/cid:0000802081/"
}
