{
    "date": "2026/01/16",
    "name": "夢の丘小学校入口",
    "position": "-",
    "system": "当02",
    "destinations": [
        "原当麻駅",
        "原当麻駅東",
        "下原(相模原市南区)",
        "山の神坂下",
        "県立相模原公園前",
        "友愛病院前",
        "北里大学病院・北里大学"
    ],
    "weekday": [
        "6:55",
        "7:36",
        "8:36",
        "9:26",
        "11:01",
        "12:31",
        "14:01",
        "15:31",
        "17:01",
        "17:56",
        "18:41"
    ],
    "saturday": [
        "7:10",
        "8:36",
        "10:06",
        "11:36",
        "13:06",
        "14:36",
        "16:06",
        "17:36"
    ],
    "holiday": [
        "7:10",
        "8:36",
        "10:06",
        "11:36",
        "13:06",
        "14:36",
        "16:06",
        "17:36"
    ],
    "url": "https://www.kanachu.co.jp/dia/diagram/timetable01_js/course:0000803987-18/node:00129267/kt:0/lname:/"
}
