{
    "date": "2026/01/16",
    "name": "県立相模原公園前",
    "position": "-",
    "system": "当02",
    "destinations": [
        "友愛病院前",
        "北里大学病院・北里大学"
    ],
    "weekday": [
        "7:03",
        "7:46",
        "8:45",
        "9:35",
        "11:10",
        "12:40",
        "14:10",
        "15:40",
        "17:10",
        "18:05",
        "18:50"
    ],
    "saturday": [
        "7:20",
        "8:47",
        "10:17",
        "11:47",
        "13:17",
        "14:47",
        "16:17",
        "17:47"
    ],
    "holiday": [
        "7:20",
        "8:47",
        "10:17",
        "11:47",
        "13:17",
        "14:47",
        "16:17",
        "17:47"
    ],
    "url": "https://www.kanachu.co.jp/dia/diagram/timetable01_js/course:0000803987-23/node:00129133/kt:0/lname:/"
}
