{
    "date": "2026/01/16",
    "name": "友愛病院前",
    "position": "-",
    "system": "当02",
    "destinations": [
        "北里大学病院・北里大学"
    ],
    "weekday": [
        "7:05",
        "7:48",
        "8:47",
        "9:37",
        "11:12",
        "12:42",
        "14:12",
        "15:42",
        "17:12",
        "18:07",
        "18:52"
    ],
    "saturday": [
        "7:22",
        "8:49",
        "10:19",
        "11:49",
        "13:19",
        "14:49",
        "16:19",
        "17:49"
    ],
    "holiday": [
        "7:22",
        "8:49",
        "10:19",
        "11:49",
        "13:19",
        "14:49",
        "16:19",
        "17:49"
    ],
    "url": "https://www.kanachu.co.jp/dia/diagram/timetable01_js/course:0000803987-24/node:00129286/kt:0/lname:/"
}
