{
    "date": "2025/10/20",
    "name": "赤坂(海老名市)",
    "position": "-",
    "system": "海03",
    "destinations": [
        "パブコ前",
        "天野原",
        "東建ハイツ前",
        "かしわ台駅"
    ],
    "weekday": [
        "7:48",
        "8:43",
        "9:33",
        "12:03",
        "12:58",
        "13:58",
        "16:48",
        "17:38"
    ],
    "saturday": [
        "8:27",
        "9:17",
        "12:02",
        "12:57",
        "13:42",
        "16:42",
        "17:37",
        "18:37"
    ],
    "holiday": [
        "8:27",
        "9:17",
        "12:02",
        "12:57",
        "13:42",
        "16:42",
        "17:37",
        "18:37"
    ],
    "url": "https://www.kanachu.co.jp/dia/diagram/timetable01_js/course:0000800784-7/node:00128617/kt:0/lname:/"
}
