{
    "date": "2025/05/11",
    "name": "大船駅(横浜市栄区)",
    "position": "-",
    "system": "船11",
    "destinations": [
        "笠間一丁目",
        "岩井口",
        "笠間町",
        "笠間十字路",
        "平島(鎌倉市)",
        "鎌倉女子大前",
        "公田",
        "栄警察署前",
        "天神橋(横浜市栄区)",
        "南河内(横浜市栄区)",
        "本郷小学校前",
        "北桂台",
        "桂台中央",
        "桂山公園",
        "矢沢(横浜市栄区)",
        "犬山",
        "犬山南",
        "上之中央",
        "上之"
    ],
    "weekday": [
        "7:23",
        "7:53",
        "8:13",
        "8:51",
        "9:21",
        "9:37",
        "9:55",
        "10:18",
        "10:38",
        "10:58",
        "11:17",
        "11:37",
        "11:59",
        "12:18",
        "12:42",
        "12:58",
        "13:21",
        "13:42",
        "13:57",
        "14:13",
        "14:30",
        "14:45",
        "14:58",
        "15:13",
        "15:28",
        "15:43",
        "15:58",
        "16:15",
        "16:30",
        "16:45",
        "16:58",
        "17:10",
        "17:20",
        "17:30",
        "17:44",
        "17:58",
        "18:10",
        "18:22",
        "18:33",
        "18:46",
        "18:58",
        "19:10",
        "19:25",
        "19:37",
        "19:56",
        "20:10",
        "20:25",
        "20:40",
        "20:55",
        "21:15",
        "21:28",
        "21:43",
        "21:58",
        "22:21",
        "22:50",
        "23:18",
        "23:45"
    ],
    "saturday": [
        "7:10",
        "7:35",
        "8:10",
        "8:50",
        "9:17",
        "9:47",
        "10:16",
        "10:46",
        "11:03",
        "11:24",
        "11:46",
        "12:03",
        "12:24",
        "12:46",
        "13:04",
        "13:24",
        "13:46",
        "14:04",
        "14:24",
        "14:46",
        "15:05",
        "15:25",
        "15:46",
        "16:06",
        "16:24",
        "16:46",
        "17:08",
        "17:24",
        "17:48",
        "18:06",
        "18:25",
        "18:48",
        "19:09",
        "19:29",
        "19:49",
        "20:19",
        "20:47",
        "21:17",
        "21:47",
        "22:17"
    ],
    "holiday": [
        "7:10",
        "7:35",
        "8:10",
        "8:50",
        "9:17",
        "9:47",
        "10:16",
        "10:46",
        "11:03",
        "11:24",
        "11:46",
        "12:03",
        "12:24",
        "12:46",
        "13:04",
        "13:24",
        "13:46",
        "14:04",
        "14:24",
        "14:46",
        "15:05",
        "15:25",
        "15:46",
        "16:06",
        "16:24",
        "16:46",
        "17:08",
        "17:24",
        "17:48",
        "18:06",
        "18:25",
        "18:48",
        "19:09",
        "19:29",
        "19:49",
        "20:19",
        "20:47",
        "21:17",
        "21:47",
        "22:17"
    ],
    "url": "https://www.kanachu.co.jp/dia/diagram/timetable01_js/course:0000800037-1/node:00126594/kt:0/lname:/"
}
