{
  "date": "2025/04/01",
  "name": "町田市役所市民ホール前",
  "position": "-",
  "system": "町33",
  "destinations": [
    "町田バスセンター"
  ],
  "weekday": [
    "5:55",
    "6:09",
    "6:23",
    "6:40",
    "6:54",
    "7:07",
    "7:17",
    "7:26",
    "7:34",
    "7:43",
    "7:53",
    "8:03",
    "8:26",
    "8:51",
    "9:07",
    "9:20",
    "9:50",
    "10:20",
    "11:03",
    "11:18",
    "12:00",
    "12:18",
    "13:00",
    "13:18",
    "14:00",
    "14:18",
    "15:00",
    "15:20",
    "16:00",
    "16:20",
    "16:50",
    "17:20",
    "17:40",
    "18:00",
    "18:20",
    "18:40",
    "19:00",
    "19:17",
    "19:57",
    "20:27",
    "21:21",
    "22:21"
  ],
  "saturday": [
    "5:54",
    "6:26",
    "6:56",
    "7:18",
    "7:38",
    "7:58",
    "8:23",
    "8:43",
    "9:03",
    "9:25",
    "9:45",
    "10:05",
    "10:25",
    "10:45",
    "11:04",
    "11:24",
    "11:44",
    "12:04",
    "12:24",
    "12:44",
    "13:04",
    "13:24",
    "13:44",
    "14:04",
    "14:24",
    "14:44",
    "15:04",
    "15:24",
    "15:44",
    "16:04",
    "16:25",
    "16:45",
    "17:05",
    "17:25",
    "17:45",
    "18:05",
    "18:25",
    "18:45",
    "19:05",
    "19:26",
    "19:56",
    "20:26",
    "20:56",
    "21:25",
    "21:55"
  ],
  "holiday": [
    "5:54",
    "6:51",
    "7:17",
    "7:47",
    "8:17",
    "8:37",
    "8:57",
    "9:29",
    "9:49",
    "10:04",
    "10:24",
    "10:44",
    "11:04",
    "11:23",
    "11:43",
    "12:03",
    "12:23",
    "12:43",
    "13:03",
    "13:23",
    "13:43",
    "14:03",
    "14:23",
    "14:43",
    "15:03",
    "15:24",
    "15:44",
    "16:04",
    "16:24",
    "16:44",
    "17:04",
    "17:39",
    "18:11",
    "18:36",
    "19:01",
    "19:21",
    "19:41",
    "20:15",
    "20:35",
    "21:15"
  ],
  "url": "https://www.kanachu.co.jp/dia/diagram/timetable01_js/course:0000803196-18/node:00129356/kt:0/lname:/"
}