{
    "date": "2025/11/16",
    "name": "森の里中学校前",
    "position": "-",
    "system": "愛15",
    "destinations": [
        "森の里三丁目",
        "森の里小学校前",
        "森の里二丁目",
        "森の里一丁目",
        "若宮橋(厚木市)",
        "榎田",
        "小野橋(厚木市)",
        "小野宮前",
        "愛名入口",
        "上長谷(厚木市)",
        "毛利台南入口",
        "聖木",
        "大上(厚木市)",
        "愛甲原住宅",
        "上愛甲",
        "愛甲橋",
        "堂山",
        "宮前(厚木市)",
        "愛甲石田駅"
    ],
    "weekday": [
        "6:17",
        "6:42",
        "7:02",
        "7:32",
        "8:02",
        "9:02",
        "10:02",
        "11:17",
        "12:42",
        "14:02",
        "15:17",
        "16:43",
        "18:02",
        "18:57",
        "19:57"
    ],
    "saturday": [
        "6:02",
        "7:22",
        "8:42",
        "10:02",
        "11:17",
        "12:42",
        "14:02",
        "15:17",
        "16:42",
        "18:02",
        "19:17",
        "20:42"
    ],
    "holiday": [
        "6:02",
        "7:22",
        "8:42",
        "10:02",
        "11:17",
        "12:42",
        "14:02",
        "15:17",
        "16:42",
        "18:02",
        "19:17",
        "20:42"
    ],
    "url": "https://www.kanachu.co.jp/dia/diagram/timetable01_js/course:0000800508-4/node:00128668/kt:0/lname:/"
}
