{
    "date": "2025/11/16",
    "name": "森の里二丁目",
    "position": "-",
    "system": "愛15",
    "destinations": [
        "森の里一丁目",
        "若宮橋(厚木市)",
        "榎田",
        "小野橋(厚木市)",
        "小野宮前",
        "愛名入口",
        "上長谷(厚木市)",
        "毛利台南入口",
        "聖木",
        "大上(厚木市)",
        "愛甲原住宅",
        "上愛甲",
        "愛甲橋",
        "堂山",
        "宮前(厚木市)",
        "愛甲石田駅"
    ],
    "weekday": [
        "6:19",
        "6:44",
        "7:04",
        "7:34",
        "8:04",
        "9:04",
        "10:04",
        "11:19",
        "12:44",
        "14:04",
        "15:19",
        "16:45",
        "18:04",
        "18:59",
        "19:59"
    ],
    "saturday": [
        "6:04",
        "7:24",
        "8:44",
        "10:04",
        "11:19",
        "12:44",
        "14:04",
        "15:19",
        "16:44",
        "18:04",
        "19:19",
        "20:44"
    ],
    "holiday": [
        "6:04",
        "7:24",
        "8:44",
        "10:04",
        "11:19",
        "12:44",
        "14:04",
        "15:19",
        "16:44",
        "18:04",
        "19:19",
        "20:44"
    ],
    "url": "https://www.kanachu.co.jp/dia/diagram/timetable01_js/course:0000800508-7/node:00128646/kt:0/lname:/"
}
