{
    "date": "2026/01/16",
    "name": "箕輪辻",
    "position": "-",
    "system": "海01",
    "destinations": [
        "愛川高校入口",
        "文化会館入口(愛甲郡愛川町)",
        "春日台団地",
        "春日台三丁目(愛甲郡愛川町)",
        "春日台一丁目",
        "春日台入口",
        "一号公園前(愛甲郡愛川町)",
        "諏訪東(愛甲郡愛川町)",
        "中四丁目",
        "中三丁目(愛甲郡愛川町)",
        "中二丁目",
        "中一丁目",
        "東一丁目(厚木市)",
        "団地入口(厚木市)",
        "藤塚(厚木市)",
        "山際",
        "中平(厚木市)",
        "依知小学校前",
        "関口(厚木市)",
        "蓮生寺(厚木市)",
        "追分(厚木市)",
        "下依知入口",
        "金田神社前",
        "水道路(厚木市)",
        "今泉(海老名市)",
        "鶴松",
        "海老名駅西口"
    ],
    "weekday": [
        "5:45",
        "5:55",
        "6:05",
        "6:15",
        "6:23",
        "6:31",
        "6:39",
        "6:58",
        "7:10",
        "7:29",
        "8:05",
        "8:25",
        "8:50",
        "9:20",
        "9:50",
        "10:20",
        "10:50",
        "11:20",
        "11:50",
        "12:20",
        "12:50",
        "13:20",
        "13:50",
        "14:20",
        "14:50",
        "15:20",
        "15:50",
        "16:20",
        "16:47",
        "17:10",
        "17:15",
        "17:30",
        "17:45",
        "18:00",
        "18:15",
        "18:30",
        "18:45",
        "19:00",
        "19:20",
        "19:45",
        "20:15",
        "20:45",
        "21:15",
        "21:45"
    ],
    "saturday": [
        "6:10",
        "6:40",
        "7:10",
        "7:40",
        "8:10",
        "8:40",
        "9:10",
        "9:40",
        "10:10",
        "10:40",
        "11:10",
        "11:40",
        "12:10",
        "12:40",
        "13:10",
        "13:40",
        "14:10",
        "14:40",
        "15:10",
        "15:40",
        "16:10",
        "16:40",
        "17:10",
        "17:40",
        "18:10",
        "18:40",
        "19:10",
        "19:40",
        "20:10",
        "20:45",
        "21:10"
    ],
    "holiday": [
        "6:10",
        "6:40",
        "7:10",
        "7:40",
        "8:09",
        "8:50",
        "9:05",
        "9:45",
        "10:10",
        "10:40",
        "11:10",
        "11:40",
        "12:10",
        "12:40",
        "13:10",
        "13:40",
        "14:10",
        "14:40",
        "15:10",
        "15:40",
        "16:10",
        "16:40",
        "17:10",
        "17:40",
        "18:10",
        "18:40",
        "19:10",
        "19:40",
        "20:10",
        "20:40"
    ],
    "url": "https://www.kanachu.co.jp/dia/diagram/timetable01_js/course:0000804189-2/node:00128327/kt:0/lname:/"
}
