{
    "date": "2026/01/16",
    "name": "文化会館入口(愛甲郡愛川町)",
    "position": "-",
    "system": "海01",
    "destinations": [
        "春日台団地",
        "春日台三丁目(愛甲郡愛川町)",
        "春日台一丁目",
        "春日台入口",
        "一号公園前(愛甲郡愛川町)",
        "諏訪東(愛甲郡愛川町)",
        "中四丁目",
        "中三丁目(愛甲郡愛川町)",
        "中二丁目",
        "中一丁目",
        "東一丁目(厚木市)",
        "団地入口(厚木市)",
        "藤塚(厚木市)",
        "山際",
        "中平(厚木市)",
        "依知小学校前",
        "関口(厚木市)",
        "蓮生寺(厚木市)",
        "追分(厚木市)",
        "下依知入口",
        "金田神社前",
        "水道路(厚木市)",
        "今泉(海老名市)",
        "鶴松",
        "海老名駅西口"
    ],
    "weekday": [
        "5:47",
        "5:57",
        "6:07",
        "6:17",
        "6:25",
        "6:33",
        "6:41",
        "7:00",
        "7:12",
        "7:31",
        "8:07",
        "8:27",
        "8:52",
        "9:22",
        "9:52",
        "10:22",
        "10:52",
        "11:22",
        "11:52",
        "12:22",
        "12:52",
        "13:22",
        "13:52",
        "14:22",
        "14:52",
        "15:22",
        "15:52",
        "16:22",
        "16:49",
        "17:12",
        "17:17",
        "17:32",
        "17:47",
        "18:02",
        "18:17",
        "18:32",
        "18:47",
        "19:02",
        "19:22",
        "19:47",
        "20:17",
        "20:47",
        "21:17",
        "21:47"
    ],
    "saturday": [
        "6:12",
        "6:42",
        "7:12",
        "7:42",
        "8:12",
        "8:42",
        "9:12",
        "9:42",
        "10:12",
        "10:42",
        "11:12",
        "11:42",
        "12:12",
        "12:42",
        "13:12",
        "13:42",
        "14:12",
        "14:42",
        "15:12",
        "15:42",
        "16:12",
        "16:42",
        "17:12",
        "17:42",
        "18:12",
        "18:42",
        "19:12",
        "19:42",
        "20:12",
        "20:47",
        "21:12"
    ],
    "holiday": [
        "6:12",
        "6:42",
        "7:12",
        "7:42",
        "8:11",
        "8:52",
        "9:07",
        "9:47",
        "10:12",
        "10:42",
        "11:12",
        "11:42",
        "12:12",
        "12:42",
        "13:12",
        "13:42",
        "14:12",
        "14:42",
        "15:12",
        "15:42",
        "16:12",
        "16:42",
        "17:12",
        "17:42",
        "18:12",
        "18:42",
        "19:12",
        "19:42",
        "20:12",
        "20:42"
    ],
    "url": "https://www.kanachu.co.jp/dia/diagram/timetable01_js/course:0000804189-4/node:00128376/kt:0/lname:/"
}
