{
    "date": "2026/01/16",
    "name": "春日台団地",
    "position": "-",
    "system": "海01",
    "destinations": [
        "春日台三丁目(愛甲郡愛川町)",
        "春日台一丁目",
        "春日台入口",
        "一号公園前(愛甲郡愛川町)",
        "諏訪東(愛甲郡愛川町)",
        "中四丁目",
        "中三丁目(愛甲郡愛川町)",
        "中二丁目",
        "中一丁目",
        "東一丁目(厚木市)",
        "団地入口(厚木市)",
        "藤塚(厚木市)",
        "山際",
        "中平(厚木市)",
        "依知小学校前",
        "関口(厚木市)",
        "蓮生寺(厚木市)",
        "追分(厚木市)",
        "下依知入口",
        "金田神社前",
        "水道路(厚木市)",
        "今泉(海老名市)",
        "鶴松",
        "海老名駅西口"
    ],
    "weekday": [
        "5:49",
        "5:59",
        "6:09",
        "6:19",
        "6:27",
        "6:35",
        "6:43",
        "7:02",
        "7:14",
        "7:33",
        "8:09",
        "8:29",
        "8:54",
        "9:24",
        "9:54",
        "10:24",
        "10:54",
        "11:24",
        "11:54",
        "12:24",
        "12:54",
        "13:24",
        "13:54",
        "14:24",
        "14:54",
        "15:24",
        "15:54",
        "16:24",
        "16:51",
        "17:14",
        "17:19",
        "17:34",
        "17:49",
        "18:04",
        "18:19",
        "18:34",
        "18:49",
        "19:04",
        "19:24",
        "19:49",
        "20:19",
        "20:49",
        "21:19",
        "21:49"
    ],
    "saturday": [
        "6:14",
        "6:44",
        "7:14",
        "7:44",
        "8:14",
        "8:44",
        "9:14",
        "9:44",
        "10:14",
        "10:44",
        "11:14",
        "11:44",
        "12:14",
        "12:44",
        "13:14",
        "13:44",
        "14:14",
        "14:44",
        "15:14",
        "15:44",
        "16:14",
        "16:44",
        "17:14",
        "17:44",
        "18:14",
        "18:44",
        "19:14",
        "19:44",
        "20:14",
        "20:49",
        "21:14"
    ],
    "holiday": [
        "6:14",
        "6:44",
        "7:14",
        "7:44",
        "8:13",
        "8:54",
        "9:09",
        "9:49",
        "10:14",
        "10:44",
        "11:14",
        "11:44",
        "12:14",
        "12:44",
        "13:14",
        "13:44",
        "14:14",
        "14:44",
        "15:14",
        "15:44",
        "16:14",
        "16:44",
        "17:14",
        "17:44",
        "18:14",
        "18:44",
        "19:14",
        "19:44",
        "20:14",
        "20:44"
    ],
    "url": "https://www.kanachu.co.jp/dia/diagram/timetable01_js/course:0000804189-5/node:00128375/kt:0/lname:/"
}
