{
    "date": "2026/01/16",
    "name": "下依知入口",
    "position": "-",
    "system": "海01",
    "destinations": [
        "金田神社前",
        "水道路(厚木市)",
        "今泉(海老名市)",
        "鶴松",
        "海老名駅西口"
    ],
    "weekday": [
        "6:11",
        "6:21",
        "6:31",
        "6:41",
        "6:49",
        "6:57",
        "7:06",
        "7:28",
        "7:40",
        "7:59",
        "8:36",
        "8:56",
        "9:20",
        "9:49",
        "10:19",
        "10:49",
        "11:19",
        "11:49",
        "12:19",
        "12:49",
        "13:19",
        "13:49",
        "14:19",
        "14:49",
        "15:19",
        "15:49",
        "16:19",
        "16:49",
        "17:18",
        "17:42",
        "17:47",
        "18:02",
        "18:17",
        "18:32",
        "18:47",
        "19:02",
        "19:14",
        "19:28",
        "19:48",
        "20:13",
        "20:43",
        "21:13",
        "21:43",
        "22:13"
    ],
    "saturday": [
        "6:36",
        "7:06",
        "7:36",
        "8:06",
        "8:36",
        "9:06",
        "9:36",
        "10:07",
        "10:37",
        "11:07",
        "11:37",
        "12:07",
        "12:37",
        "13:07",
        "13:37",
        "14:07",
        "14:37",
        "15:07",
        "15:37",
        "16:07",
        "16:37",
        "17:07",
        "17:38",
        "18:08",
        "18:37",
        "19:04",
        "19:34",
        "20:04",
        "20:34",
        "21:09",
        "21:34"
    ],
    "holiday": [
        "6:34",
        "7:04",
        "7:34",
        "8:06",
        "8:35",
        "9:16",
        "9:31",
        "10:11",
        "10:36",
        "11:06",
        "11:36",
        "12:06",
        "12:36",
        "13:06",
        "13:36",
        "14:06",
        "14:36",
        "15:06",
        "15:36",
        "16:06",
        "16:36",
        "17:06",
        "17:36",
        "18:06",
        "18:36",
        "19:04",
        "19:34",
        "20:04",
        "20:34",
        "21:04"
    ],
    "url": "https://www.kanachu.co.jp/dia/diagram/timetable01_js/course:0000804189-24/node:00128349/kt:0/lname:/"
}
