{
    "date": "2026/01/16",
    "name": "今泉(海老名市)",
    "position": "-",
    "system": "海01",
    "destinations": [
        "鶴松",
        "海老名駅西口"
    ],
    "weekday": [
        "6:18",
        "6:28",
        "6:38",
        "6:48",
        "6:56",
        "7:04",
        "7:19",
        "7:41",
        "7:53",
        "8:09",
        "8:46",
        "9:06",
        "9:27",
        "9:56",
        "10:26",
        "10:56",
        "11:26",
        "11:56",
        "12:26",
        "12:56",
        "13:26",
        "13:56",
        "14:26",
        "14:56",
        "15:26",
        "15:56",
        "16:26",
        "16:56",
        "17:25",
        "17:49",
        "17:54",
        "18:09",
        "18:24",
        "18:39",
        "18:54",
        "19:08",
        "19:20",
        "19:34",
        "19:54",
        "20:19",
        "20:49",
        "21:19",
        "21:49",
        "22:19"
    ],
    "saturday": [
        "6:43",
        "7:13",
        "7:43",
        "8:13",
        "8:43",
        "9:13",
        "9:43",
        "10:14",
        "10:44",
        "11:14",
        "11:44",
        "12:14",
        "12:44",
        "13:14",
        "13:44",
        "14:14",
        "14:44",
        "15:14",
        "15:44",
        "16:14",
        "16:44",
        "17:15",
        "17:46",
        "18:16",
        "18:42",
        "19:09",
        "19:39",
        "20:09",
        "20:39",
        "21:14",
        "21:39"
    ],
    "holiday": [
        "6:40",
        "7:10",
        "7:40",
        "8:12",
        "8:41",
        "9:22",
        "9:37",
        "10:17",
        "10:42",
        "11:12",
        "11:42",
        "12:12",
        "12:42",
        "13:12",
        "13:42",
        "14:12",
        "14:42",
        "15:12",
        "15:42",
        "16:12",
        "16:42",
        "17:12",
        "17:42",
        "18:12",
        "18:41",
        "19:09",
        "19:39",
        "20:09",
        "20:39",
        "21:09"
    ],
    "url": "https://www.kanachu.co.jp/dia/diagram/timetable01_js/course:0000804189-27/node:00128543/kt:0/lname:/"
}
