{
    "date": "2026/01/16",
    "name": "鶴松",
    "position": "-",
    "system": "海01",
    "destinations": [
        "海老名駅西口"
    ],
    "weekday": [
        "6:19",
        "6:29",
        "6:39",
        "6:49",
        "6:57",
        "7:06",
        "7:21",
        "7:43",
        "7:55",
        "8:11",
        "8:48",
        "9:07",
        "9:28",
        "9:57",
        "10:27",
        "10:57",
        "11:27",
        "11:57",
        "12:27",
        "12:57",
        "13:27",
        "13:57",
        "14:27",
        "14:57",
        "15:27",
        "15:57",
        "16:27",
        "16:57",
        "17:27",
        "17:51",
        "17:56",
        "18:11",
        "18:26",
        "18:41",
        "18:56",
        "19:09",
        "19:21",
        "19:35",
        "19:55",
        "20:20",
        "20:50",
        "21:20",
        "21:50",
        "22:20"
    ],
    "saturday": [
        "6:44",
        "7:14",
        "7:44",
        "8:14",
        "8:44",
        "9:14",
        "9:44",
        "10:15",
        "10:45",
        "11:15",
        "11:45",
        "12:15",
        "12:45",
        "13:15",
        "13:45",
        "14:15",
        "14:45",
        "15:15",
        "15:45",
        "16:15",
        "16:45",
        "17:16",
        "17:47",
        "18:17",
        "18:43",
        "19:10",
        "19:40",
        "20:10",
        "20:40",
        "21:15",
        "21:40"
    ],
    "holiday": [
        "6:41",
        "7:11",
        "7:41",
        "8:13",
        "8:42",
        "9:23",
        "9:38",
        "10:18",
        "10:43",
        "11:13",
        "11:43",
        "12:13",
        "12:43",
        "13:13",
        "13:43",
        "14:13",
        "14:43",
        "15:13",
        "15:43",
        "16:13",
        "16:43",
        "17:13",
        "17:43",
        "18:13",
        "18:42",
        "19:10",
        "19:40",
        "20:10",
        "20:40",
        "21:10"
    ],
    "url": "https://www.kanachu.co.jp/dia/diagram/timetable01_js/course:0000804189-28/node:00128542/kt:0/lname:/"
}
