{
    "date": "2025/03/15",
    "name": "番場(茅ケ崎市)",
    "position": "-",
    "system": "茅46",
    "destinations": [
        "田端(高座郡寒川町)",
        "田端耕地",
        "寒川高校前(高座郡寒川町)",
        "寒川十字路",
        "景観寺"
    ],
    "weekday": [
        "20:55",
        "21:40"
    ],
    "saturday": [
        "19:45",
        "20:45"
    ],
    "holiday": [
        "19:45"
    ],
    "url": "https://www.kanachu.co.jp/dia/diagram/timetable01_js/course:0000803490-12/node:00127195/kt:0/lname:/"
}
