{
    "date": "2025/08/30",
    "name": "桜岡小学校前",
    "position": "-",
    "system": "",
    "destinations": [
        "最戸町",
        "南が丘中学校前",
        "別所宮下",
        "普門院前",
        "水道橋下",
        "芹が谷山谷",
        "芹が谷",
        "せりぎんタウン",
        "芹が谷団地前",
        "永谷地区センター前",
        "平戸(横浜市港南区)",
        "下永谷(横浜市港南区)",
        "般若寺橋",
        "中永谷",
        "水田(横浜市港南区)",
        "日限地蔵入口",
        "永野小学校前",
        "上永谷駅"
    ],
    "weekday": [
        "7:12",
        "8:10",
        "9:11",
        "10:11",
        "11:17",
        "16:17",
        "16:28",
        "17:21",
        "17:33",
        "18:21",
        "18:31",
        "18:35",
        "18:39",
        "18:47",
        "18:51",
        "19:03",
        "19:09",
        "19:21",
        "19:27",
        "19:39",
        "19:51",
        "20:03",
        "20:17",
        "20:24",
        "20:39",
        "20:47",
        "21:12",
        "21:22",
        "21:42",
        "21:52",
        "22:48",
        "23:10"
    ],
    "saturday": [
        "7:32",
        "16:18",
        "16:33",
        "17:18",
        "17:33",
        "18:18",
        "18:33",
        "19:13",
        "19:23",
        "19:43",
        "20:14",
        "20:26",
        "20:50",
        "21:35",
        "22:20",
        "22:35",
        "22:50",
        "23:10"
    ],
    "holiday": [
        "16:30",
        "18:33",
        "19:23",
        "19:43",
        "20:19",
        "20:31",
        "20:55",
        "21:37",
        "21:52",
        "22:22",
        "22:42",
        "23:02"
    ],
    "url": "https://www.kanachu.co.jp/dia/diagram/timetable01_js/course:0000803875-3/node:00126560/kt:0/lname:/"
}
