{
    "date": "2025/08/30",
    "name": "水田(横浜市港南区)",
    "position": "-",
    "system": "",
    "destinations": [
        "日限地蔵入口",
        "永野小学校前",
        "上永谷駅"
    ],
    "weekday": [
        "7:30",
        "8:32",
        "9:33",
        "10:33",
        "11:39",
        "16:39",
        "16:50",
        "17:43",
        "17:55",
        "18:43",
        "18:53",
        "18:57",
        "19:01",
        "19:09",
        "19:13",
        "19:25",
        "19:31",
        "19:43",
        "19:49",
        "20:01",
        "20:11",
        "20:21",
        "20:35",
        "20:42",
        "20:57",
        "21:05",
        "21:30",
        "21:40",
        "22:00",
        "22:10",
        "23:06",
        "23:28"
    ],
    "saturday": [
        "7:50",
        "16:40",
        "16:55",
        "17:40",
        "17:55",
        "18:40",
        "18:55",
        "19:35",
        "19:45",
        "20:04",
        "20:32",
        "20:44",
        "21:08",
        "21:53",
        "22:38",
        "22:53",
        "23:08",
        "23:28"
    ],
    "holiday": [
        "16:52",
        "18:55",
        "19:43",
        "20:01",
        "20:37",
        "20:49",
        "21:13",
        "21:55",
        "22:10",
        "22:40",
        "23:00",
        "23:20"
    ],
    "url": "https://www.kanachu.co.jp/dia/diagram/timetable01_js/course:0000803875-18/node:00102646/kt:0/lname:/"
}
