{
    "date": "2025/08/30",
    "name": "永野小学校前",
    "position": "-",
    "system": "",
    "destinations": [
        "上永谷駅"
    ],
    "weekday": [
        "7:33",
        "8:35",
        "9:36",
        "10:36",
        "11:42",
        "16:42",
        "16:53",
        "17:46",
        "17:58",
        "18:46",
        "18:56",
        "19:00",
        "19:04",
        "19:12",
        "19:16",
        "19:28",
        "19:34",
        "19:46",
        "19:52",
        "20:04",
        "20:14",
        "20:24",
        "20:38",
        "20:45",
        "21:00",
        "21:08",
        "21:33",
        "21:43",
        "22:03",
        "22:13",
        "23:09",
        "23:31"
    ],
    "saturday": [
        "7:53",
        "16:43",
        "16:58",
        "17:43",
        "17:58",
        "18:43",
        "18:58",
        "19:38",
        "19:48",
        "20:07",
        "20:35",
        "20:47",
        "21:11",
        "21:56",
        "22:41",
        "22:56",
        "23:11",
        "23:31"
    ],
    "holiday": [
        "16:55",
        "18:58",
        "19:46",
        "20:04",
        "20:40",
        "20:52",
        "21:16",
        "21:58",
        "22:13",
        "22:43",
        "23:03",
        "23:23"
    ],
    "url": "https://www.kanachu.co.jp/dia/diagram/timetable01_js/course:0000803875-20/node:00102835/kt:0/lname:/"
}
