{
    "date": "2025/10/20",
    "name": "町田バスセンター",
    "position": "9番乗り場",
    "system": "町85",
    "destinations": [
        "原町田四丁目",
        "原町田三丁目",
        "三塚",
        "南橋(町田市)",
        "金森郵便局前",
        "金森",
        "市営住宅入口(町田市)",
        "南中学校前(町田市)",
        "金森四丁目",
        "南農協前",
        "町谷原",
        "南町谷原",
        "小川(町田市)",
        "やなぎ公園前",
        "すずかけ台駅"
    ],
    "weekday": [
        "6:02",
        "6:32",
        "7:02",
        "7:22",
        "8:00",
        "8:17"
    ],
    "saturday": [
        "7:02",
        "7:30",
        "8:05",
        "8:29"
    ],
    "holiday": [
        "6:45",
        "7:40",
        "8:35"
    ],
    "url": "https://www.kanachu.co.jp/dia/diagram/timetable01_js/course:0000800297-1/node:00025625/kt:0/lname:/"
}
