{
    "date": "2025/10/20",
    "name": "三塚",
    "position": "-",
    "system": "町85",
    "destinations": [
        "南橋(町田市)",
        "金森郵便局前",
        "金森",
        "市営住宅入口(町田市)",
        "南中学校前(町田市)",
        "金森四丁目",
        "南農協前",
        "町谷原",
        "南町谷原",
        "小川(町田市)",
        "やなぎ公園前",
        "すずかけ台駅"
    ],
    "weekday": [
        "6:06",
        "6:36",
        "7:06",
        "7:26",
        "8:04",
        "8:21"
    ],
    "saturday": [
        "7:06",
        "7:34",
        "8:09",
        "8:33"
    ],
    "holiday": [
        "6:49",
        "7:44",
        "8:39"
    ],
    "url": "https://www.kanachu.co.jp/dia/diagram/timetable01_js/course:0000800297-4/node:00129543/kt:0/lname:/"
}
