{
    "date": "2025/10/20",
    "name": "金森郵便局前",
    "position": "-",
    "system": "町85",
    "destinations": [
        "金森",
        "市営住宅入口(町田市)",
        "南中学校前(町田市)",
        "金森四丁目",
        "南農協前",
        "町谷原",
        "南町谷原",
        "小川(町田市)",
        "やなぎ公園前",
        "すずかけ台駅"
    ],
    "weekday": [
        "6:08",
        "6:38",
        "7:08",
        "7:28",
        "8:06",
        "8:23"
    ],
    "saturday": [
        "7:08",
        "7:36",
        "8:11",
        "8:35"
    ],
    "holiday": [
        "6:51",
        "7:46",
        "8:41"
    ],
    "url": "https://www.kanachu.co.jp/dia/diagram/timetable01_js/course:0000800297-6/node:00129541/kt:0/lname:/"
}
