{
    "date": "2025/10/20",
    "name": "市営住宅入口(町田市)",
    "position": "-",
    "system": "町85",
    "destinations": [
        "南中学校前(町田市)",
        "金森四丁目",
        "南農協前",
        "町谷原",
        "南町谷原",
        "小川(町田市)",
        "やなぎ公園前",
        "すずかけ台駅"
    ],
    "weekday": [
        "6:12",
        "6:42",
        "7:12",
        "7:32",
        "8:10",
        "8:27"
    ],
    "saturday": [
        "7:12",
        "7:40",
        "8:15",
        "8:39"
    ],
    "holiday": [
        "6:53",
        "7:48",
        "8:43"
    ],
    "url": "https://www.kanachu.co.jp/dia/diagram/timetable01_js/course:0000800297-8/node:00129539/kt:0/lname:/"
}
