{
    "date": "2025/10/20",
    "name": "南中学校前(町田市)",
    "position": "-",
    "system": "町85",
    "destinations": [
        "金森四丁目",
        "南農協前",
        "町谷原",
        "南町谷原",
        "小川(町田市)",
        "やなぎ公園前",
        "すずかけ台駅"
    ],
    "weekday": [
        "6:13",
        "6:43",
        "7:13",
        "7:33",
        "8:11",
        "8:28"
    ],
    "saturday": [
        "7:13",
        "7:41",
        "8:16",
        "8:40"
    ],
    "holiday": [
        "6:54",
        "7:49",
        "8:44"
    ],
    "url": "https://www.kanachu.co.jp/dia/diagram/timetable01_js/course:0000800297-9/node:00129538/kt:0/lname:/"
}
