{
    "date": "2026/01/16",
    "name": "玉縄出張所前",
    "position": "-",
    "system": "船35",
    "destinations": [
        "栄光学園前",
        "玉縄台",
        "打越(鎌倉市)",
        "清泉女学院"
    ],
    "weekday": [
        "6:39",
        "6:57",
        "7:03",
        "7:09",
        "7:15",
        "7:21",
        "7:27",
        "7:33",
        "7:39",
        "7:45",
        "7:51",
        "7:57",
        "8:03",
        "8:09",
        "8:15",
        "8:19",
        "8:23",
        "8:27",
        "8:35",
        "8:48",
        "9:01",
        "9:21",
        "9:41",
        "10:01",
        "10:21",
        "10:41",
        "11:01",
        "11:21",
        "11:41",
        "12:01",
        "12:21",
        "12:41",
        "13:01",
        "13:21",
        "13:41",
        "14:01",
        "14:21",
        "14:41",
        "15:01",
        "15:11",
        "15:31",
        "15:41",
        "15:49",
        "15:57",
        "16:05",
        "16:13",
        "16:23",
        "16:35",
        "16:45",
        "16:53",
        "17:01",
        "17:12",
        "17:23",
        "17:34",
        "17:45",
        "17:57",
        "18:01",
        "18:11",
        "18:26",
        "18:41",
        "19:01",
        "19:21",
        "19:41",
        "20:01",
        "20:21",
        "20:41"
    ],
    "saturday": [
        "6:41",
        "7:01",
        "7:09",
        "7:21",
        "7:33",
        "7:39",
        "7:51",
        "8:01",
        "8:11",
        "8:21",
        "8:41",
        "9:01",
        "9:21",
        "9:41",
        "10:01",
        "10:21",
        "10:41",
        "11:01",
        "11:21",
        "11:41",
        "12:01",
        "12:21",
        "12:41",
        "13:01",
        "13:21",
        "13:41",
        "14:01",
        "14:21",
        "14:41",
        "15:01",
        "15:21",
        "15:41",
        "16:01",
        "16:21",
        "16:41",
        "17:01",
        "17:21",
        "17:41",
        "18:01",
        "18:21",
        "18:41",
        "19:01",
        "19:21",
        "19:41",
        "20:01",
        "20:21",
        "20:41"
    ],
    "holiday": [
        "6:41",
        "7:01",
        "7:21",
        "7:41",
        "8:01",
        "8:21",
        "8:41",
        "9:01",
        "9:21",
        "9:41",
        "10:01",
        "10:21",
        "10:41",
        "11:01",
        "11:21",
        "11:41",
        "12:01",
        "12:21",
        "12:41",
        "13:01",
        "13:21",
        "13:41",
        "14:01",
        "14:21",
        "14:41",
        "15:01",
        "15:21",
        "15:41",
        "16:01",
        "16:21",
        "16:41",
        "17:01",
        "17:21",
        "17:41",
        "18:01",
        "18:21",
        "18:41",
        "19:01",
        "19:21",
        "19:41",
        "20:01",
        "20:21",
        "20:41"
    ],
    "url": "https://www.kanachu.co.jp/dia/diagram/timetable01_js/course:0000804161-2/node:00127002/kt:0/lname:/"
}
