{
    "date": "2021/02/01",
    "name": "鶴嶺小学校前",
    "position": "-",
    "system": "",
    "destinations": [
        "鶴嶺八幡宮",
        "浜之郷西",
        "TBS",
        "浜之郷",
        "浜之郷入口",
        "ジャスコ前(茅ケ崎市)",
        "市民文化会館前(茅ケ崎市)",
        "茅ヶ崎駅北",
        "中央公園前(茅ケ崎市)",
        "前の田",
        "北茅ヶ崎駅入口",
        "市立病院(茅ケ崎市)"
    ],
    "weekday": [
        "8:57",
        "10:27",
        "13:27",
        "15:27",
        "18:27"
    ],
    "saturday": [
        "8:57",
        "10:27",
        "13:27",
        "15:27",
        "18:27"
    ],
    "holiday": [
        "8:57",
        "10:27",
        "13:27",
        "15:27",
        "18:27"
    ],
    "url": "https://www.kanachu.co.jp/dia/diagram/timetable01_js/course:0000801988-33/node:00127200/kt:0/lname:/"
}
