{
    "date": "2021/02/01",
    "name": "北茅ヶ崎駅入口",
    "position": "-",
    "system": "",
    "destinations": [
        "市立病院(茅ケ崎市)"
    ],
    "weekday": [
        "9:16",
        "10:46",
        "13:46",
        "15:46",
        "18:46"
    ],
    "saturday": [
        "9:16",
        "10:46",
        "13:46",
        "15:46",
        "18:46"
    ],
    "holiday": [
        "9:16",
        "10:46",
        "13:46",
        "15:46",
        "18:46"
    ],
    "url": "https://www.kanachu.co.jp/dia/diagram/timetable01_js/course:0000801988-44/node:00130311/kt:0/lname:/"
}
