{
    "date": "2025/03/15",
    "name": "浜須賀入口",
    "position": "-",
    "system": "辻10",
    "destinations": [
        "平和町",
        "松が丘二丁目(茅ケ崎市)",
        "東海岸北五丁目",
        "駐在所前(茅ケ崎市)",
        "東海岸二丁目",
        "会館前(茅ケ崎市)",
        "幸町(茅ケ崎市)",
        "茅ヶ崎駅南口"
    ],
    "weekday": [],
    "saturday": [
        "7:16",
        "8:16",
        "9:16",
        "10:18",
        "11:18",
        "12:18",
        "13:18",
        "14:18",
        "15:18",
        "16:18",
        "17:18",
        "18:18",
        "19:16",
        "20:16"
    ],
    "holiday": [
        "7:16",
        "8:16",
        "9:16",
        "10:18",
        "11:18",
        "12:18",
        "13:18",
        "14:18",
        "15:18",
        "16:18",
        "17:18",
        "18:18",
        "19:16",
        "20:16"
    ],
    "url": "https://www.kanachu.co.jp/dia/diagram/timetable01_js/course:0000803220-10/node:00127269/kt:0/lname:/"
}
