{
    "date": "2025/03/15",
    "name": "平和町",
    "position": "-",
    "system": "辻10",
    "destinations": [
        "松が丘二丁目(茅ケ崎市)",
        "東海岸北五丁目",
        "駐在所前(茅ケ崎市)",
        "東海岸二丁目",
        "会館前(茅ケ崎市)",
        "幸町(茅ケ崎市)",
        "茅ヶ崎駅南口"
    ],
    "weekday": [],
    "saturday": [
        "7:18",
        "8:18",
        "9:18",
        "10:20",
        "11:20",
        "12:20",
        "13:20",
        "14:20",
        "15:20",
        "16:20",
        "17:20",
        "18:20",
        "19:18",
        "20:18"
    ],
    "holiday": [
        "7:18",
        "8:18",
        "9:18",
        "10:20",
        "11:20",
        "12:20",
        "13:20",
        "14:20",
        "15:20",
        "16:20",
        "17:20",
        "18:20",
        "19:18",
        "20:18"
    ],
    "url": "https://www.kanachu.co.jp/dia/diagram/timetable01_js/course:0000803220-11/node:00127226/kt:0/lname:/"
}
