{
    "date": "2025/03/15",
    "name": "東海岸二丁目",
    "position": "-",
    "system": "辻10",
    "destinations": [
        "会館前(茅ケ崎市)",
        "幸町(茅ケ崎市)",
        "茅ヶ崎駅南口"
    ],
    "weekday": [],
    "saturday": [
        "7:21",
        "8:21",
        "9:21",
        "10:23",
        "11:23",
        "12:23",
        "13:23",
        "14:23",
        "15:23",
        "16:23",
        "17:23",
        "18:23",
        "19:21",
        "20:21"
    ],
    "holiday": [
        "7:21",
        "8:21",
        "9:21",
        "10:23",
        "11:23",
        "12:23",
        "13:23",
        "14:23",
        "15:23",
        "16:23",
        "17:23",
        "18:23",
        "19:21",
        "20:21"
    ],
    "url": "https://www.kanachu.co.jp/dia/diagram/timetable01_js/course:0000803220-15/node:00127222/kt:0/lname:/"
}
