{
    "date": "2025/04/01",
    "name": "堂地",
    "position": "-",
    "system": "野05",
    "destinations": [
        "中井戸(相模原市緑区)",
        "大鐘",
        "白井(相模原市緑区)",
        "小津久",
        "舟久保",
        "梁瀬橋",
        "牧野入口",
        "奥牧野"
    ],
    "weekday": [
        "6:29",
        "6:56",
        "19:24"
    ],
    "saturday": [
        "6:56",
        "19:29"
    ],
    "holiday": [
        "6:56",
        "19:29"
    ],
    "url": "https://www.kanachu.co.jp/dia/diagram/timetable01_js/course:0000803774-14/node:00128803/kt:0/lname:/"
}
