{
    "date": "2025/08/04",
    "name": "串川橋",
    "position": "-",
    "system": "橋07",
    "destinations": [
        "上稲生",
        "稲生",
        "下稲生",
        "根小屋中野",
        "無料庵",
        "荒句",
        "城山登山口(相模原市緑区)",
        "小倉原",
        "宮原(相模原市緑区)",
        "小倉(相模原市緑区)",
        "小倉橋(相模原市緑区)",
        "久保沢",
        "城山総合事務所入口",
        "原宿(相模原市緑区)",
        "東原宿",
        "森の上",
        "二本松(相模原市緑区)",
        "相原中央",
        "相原台",
        "大西(相模原市緑区)",
        "上町(相模原市緑区)",
        "香福寺前",
        "旭小学校前(相模原市緑区)",
        "旭農協前",
        "橋本駅北口"
    ],
    "weekday": [
        "6:02",
        "6:57",
        "8:07",
        "9:12",
        "12:12",
        "13:12",
        "15:52",
        "16:52",
        "18:02",
        "19:02"
    ],
    "saturday": [
        "6:07",
        "7:07",
        "8:07",
        "9:12",
        "12:12",
        "13:12",
        "15:52",
        "16:52",
        "18:02",
        "19:02"
    ],
    "holiday": [
        "6:07",
        "7:07",
        "8:07",
        "9:12",
        "12:12",
        "13:12",
        "15:52",
        "16:52",
        "18:02",
        "19:02"
    ],
    "url": "https://www.kanachu.co.jp/dia/diagram/timetable01_js/course:0000801174-15/node:00128840/kt:0/lname:/"
}
