{
    "date": "2025/08/04",
    "name": "稲生",
    "position": "-",
    "system": "橋07",
    "destinations": [
        "下稲生",
        "根小屋中野",
        "無料庵",
        "荒句",
        "城山登山口(相模原市緑区)",
        "小倉原",
        "宮原(相模原市緑区)",
        "小倉(相模原市緑区)",
        "小倉橋(相模原市緑区)",
        "久保沢",
        "城山総合事務所入口",
        "原宿(相模原市緑区)",
        "東原宿",
        "森の上",
        "二本松(相模原市緑区)",
        "相原中央",
        "相原台",
        "大西(相模原市緑区)",
        "上町(相模原市緑区)",
        "香福寺前",
        "旭小学校前(相模原市緑区)",
        "旭農協前",
        "橋本駅北口"
    ],
    "weekday": [
        "6:04",
        "6:59",
        "8:09",
        "9:14",
        "12:14",
        "13:14",
        "15:54",
        "16:54",
        "18:04",
        "19:04"
    ],
    "saturday": [
        "6:09",
        "7:09",
        "8:09",
        "9:14",
        "12:14",
        "13:14",
        "15:54",
        "16:54",
        "18:04",
        "19:04"
    ],
    "holiday": [
        "6:09",
        "7:09",
        "8:09",
        "9:14",
        "12:14",
        "13:14",
        "15:54",
        "16:54",
        "18:04",
        "19:04"
    ],
    "url": "https://www.kanachu.co.jp/dia/diagram/timetable01_js/course:0000801174-17/node:00128842/kt:0/lname:/"
}
