{
    "date": "2025/08/04",
    "name": "城山登山口(相模原市緑区)",
    "position": "-",
    "system": "橋07",
    "destinations": [
        "小倉原",
        "宮原(相模原市緑区)",
        "小倉(相模原市緑区)",
        "小倉橋(相模原市緑区)",
        "久保沢",
        "城山総合事務所入口",
        "原宿(相模原市緑区)",
        "東原宿",
        "森の上",
        "二本松(相模原市緑区)",
        "相原中央",
        "相原台",
        "大西(相模原市緑区)",
        "上町(相模原市緑区)",
        "香福寺前",
        "旭小学校前(相模原市緑区)",
        "旭農協前",
        "橋本駅北口"
    ],
    "weekday": [
        "6:10",
        "7:05",
        "8:15",
        "9:20",
        "12:20",
        "13:20",
        "16:00",
        "17:00",
        "18:10",
        "19:10"
    ],
    "saturday": [
        "6:15",
        "7:15",
        "8:15",
        "9:20",
        "12:20",
        "13:20",
        "16:00",
        "17:00",
        "18:10",
        "19:10"
    ],
    "holiday": [
        "6:15",
        "7:15",
        "8:15",
        "9:20",
        "12:20",
        "13:20",
        "16:00",
        "17:00",
        "18:10",
        "19:10"
    ],
    "url": "https://www.kanachu.co.jp/dia/diagram/timetable01_js/course:0000801174-22/node:00128847/kt:0/lname:/"
}
