{
    "date": "2025/08/04",
    "name": "久保沢",
    "position": "-",
    "system": "橋07",
    "destinations": [
        "城山総合事務所入口",
        "原宿(相模原市緑区)",
        "東原宿",
        "森の上",
        "二本松(相模原市緑区)",
        "相原中央",
        "相原台",
        "大西(相模原市緑区)",
        "上町(相模原市緑区)",
        "香福寺前",
        "旭小学校前(相模原市緑区)",
        "旭農協前",
        "橋本駅北口"
    ],
    "weekday": [
        "6:16",
        "7:11",
        "8:21",
        "9:26",
        "12:26",
        "13:26",
        "16:06",
        "17:06",
        "18:16",
        "19:16"
    ],
    "saturday": [
        "6:21",
        "7:21",
        "8:21",
        "9:26",
        "12:26",
        "13:26",
        "16:06",
        "17:06",
        "18:16",
        "19:16"
    ],
    "holiday": [
        "6:21",
        "7:21",
        "8:21",
        "9:26",
        "12:26",
        "13:26",
        "16:06",
        "17:06",
        "18:16",
        "19:16"
    ],
    "url": "https://www.kanachu.co.jp/dia/diagram/timetable01_js/course:0000801174-27/node:00128959/kt:0/lname:/"
}
