{
    "date": "2025/08/04",
    "name": "城山総合事務所入口",
    "position": "-",
    "system": "橋07",
    "destinations": [
        "原宿(相模原市緑区)",
        "東原宿",
        "森の上",
        "二本松(相模原市緑区)",
        "相原中央",
        "相原台",
        "大西(相模原市緑区)",
        "上町(相模原市緑区)",
        "香福寺前",
        "旭小学校前(相模原市緑区)",
        "旭農協前",
        "橋本駅北口"
    ],
    "weekday": [
        "6:18",
        "7:13",
        "8:23",
        "9:28",
        "12:28",
        "13:28",
        "16:08",
        "17:08",
        "18:18",
        "19:18"
    ],
    "saturday": [
        "6:23",
        "7:23",
        "8:23",
        "9:28",
        "12:28",
        "13:28",
        "16:08",
        "17:08",
        "18:18",
        "19:18"
    ],
    "holiday": [
        "6:23",
        "7:23",
        "8:23",
        "9:28",
        "12:28",
        "13:28",
        "16:08",
        "17:08",
        "18:18",
        "19:18"
    ],
    "url": "https://www.kanachu.co.jp/dia/diagram/timetable01_js/course:0000801174-28/node:00128960/kt:0/lname:/"
}
