{
    "date": "2025/08/04",
    "name": "二本松(相模原市緑区)",
    "position": "-",
    "system": "橋07",
    "destinations": [
        "相原中央",
        "相原台",
        "大西(相模原市緑区)",
        "上町(相模原市緑区)",
        "香福寺前",
        "旭小学校前(相模原市緑区)",
        "旭農協前",
        "橋本駅北口"
    ],
    "weekday": [
        "6:22",
        "7:18",
        "8:28",
        "9:33",
        "12:33",
        "13:33",
        "16:13",
        "17:13",
        "18:23",
        "19:21"
    ],
    "saturday": [
        "6:26",
        "7:26",
        "8:26",
        "9:33",
        "12:33",
        "13:33",
        "16:13",
        "17:13",
        "18:23",
        "19:21"
    ],
    "holiday": [
        "6:26",
        "7:26",
        "8:26",
        "9:33",
        "12:33",
        "13:33",
        "16:13",
        "17:13",
        "18:23",
        "19:21"
    ],
    "url": "https://www.kanachu.co.jp/dia/diagram/timetable01_js/course:0000801174-32/node:00128964/kt:0/lname:/"
}
