{
    "date": "2025/08/04",
    "name": "相原台",
    "position": "-",
    "system": "橋07",
    "destinations": [
        "大西(相模原市緑区)",
        "上町(相模原市緑区)",
        "香福寺前",
        "旭小学校前(相模原市緑区)",
        "旭農協前",
        "橋本駅北口"
    ],
    "weekday": [
        "6:24",
        "7:20",
        "8:30",
        "9:35",
        "12:35",
        "13:35",
        "16:15",
        "17:15",
        "18:25",
        "19:23"
    ],
    "saturday": [
        "6:28",
        "7:28",
        "8:28",
        "9:35",
        "12:35",
        "13:35",
        "16:15",
        "17:15",
        "18:25",
        "19:23"
    ],
    "holiday": [
        "6:28",
        "7:28",
        "8:28",
        "9:35",
        "12:35",
        "13:35",
        "16:15",
        "17:15",
        "18:25",
        "19:23"
    ],
    "url": "https://www.kanachu.co.jp/dia/diagram/timetable01_js/course:0000801174-34/node:00128966/kt:0/lname:/"
}
