{
    "date": "2025/08/04",
    "name": "大西(相模原市緑区)",
    "position": "-",
    "system": "橋07",
    "destinations": [
        "上町(相模原市緑区)",
        "香福寺前",
        "旭小学校前(相模原市緑区)",
        "旭農協前",
        "橋本駅北口"
    ],
    "weekday": [
        "6:25",
        "7:21",
        "8:31",
        "9:36",
        "12:36",
        "13:36",
        "16:16",
        "17:16",
        "18:26",
        "19:24"
    ],
    "saturday": [
        "6:29",
        "7:29",
        "8:29",
        "9:36",
        "12:36",
        "13:36",
        "16:16",
        "17:16",
        "18:26",
        "19:24"
    ],
    "holiday": [
        "6:29",
        "7:29",
        "8:29",
        "9:36",
        "12:36",
        "13:36",
        "16:16",
        "17:16",
        "18:26",
        "19:24"
    ],
    "url": "https://www.kanachu.co.jp/dia/diagram/timetable01_js/course:0000801174-35/node:00128967/kt:0/lname:/"
}
