{
    "date": "2025/08/04",
    "name": "旭小学校前(相模原市緑区)",
    "position": "-",
    "system": "橋07",
    "destinations": [
        "旭農協前",
        "橋本駅北口"
    ],
    "weekday": [
        "6:30",
        "7:29",
        "8:39",
        "9:43",
        "12:43",
        "13:43",
        "16:23",
        "17:23",
        "18:33",
        "19:29"
    ],
    "saturday": [
        "6:34",
        "7:34",
        "8:34",
        "9:43",
        "12:43",
        "13:44",
        "16:24",
        "17:24",
        "18:34",
        "19:29"
    ],
    "holiday": [
        "6:34",
        "7:34",
        "8:34",
        "9:43",
        "12:43",
        "13:44",
        "16:24",
        "17:24",
        "18:34",
        "19:29"
    ],
    "url": "https://www.kanachu.co.jp/dia/diagram/timetable01_js/course:0000801174-38/node:00020095/kt:0/lname:/"
}
