{
    "date": "2025/08/04",
    "name": "旭農協前",
    "position": "-",
    "system": "橋07",
    "destinations": [
        "橋本駅北口"
    ],
    "weekday": [
        "6:31",
        "7:31",
        "8:41",
        "9:44",
        "12:44",
        "13:44",
        "16:24",
        "17:24",
        "18:34",
        "19:31"
    ],
    "saturday": [
        "6:36",
        "7:36",
        "8:36",
        "9:45",
        "12:45",
        "13:45",
        "16:25",
        "17:25",
        "18:35",
        "19:30"
    ],
    "holiday": [
        "6:35",
        "7:35",
        "8:35",
        "9:44",
        "12:44",
        "13:45",
        "16:25",
        "17:25",
        "18:35",
        "19:30"
    ],
    "url": "https://www.kanachu.co.jp/dia/diagram/timetable01_js/course:0000801174-39/node:00020098/kt:0/lname:/"
}
