{
  "date": "2025/04/01",
  "name": "町田バスセンター",
  "position": "14番のりば",
  "system": "町26",
  "destinations": [
    "町田市役所市民ホール前",
    "第四小学校前(町田市)",
    "森野三丁目",
    "市民病院前(町田市)",
    "浄水場前(町田市)",
    "滝の沢(町田市)",
    "木曽住宅",
    "三家(町田市)",
    "木曽(町田市)",
    "忠生公園入口",
    "上宿(町田市)",
    "下根岸(町田市)",
    "根岸(根岸町/町田市)",
    "馬駈",
    "図師大橋",
    "図師",
    "並木(町田市)",
    "神学校(町田市)",
    "野津田車庫"
  ],
  "weekday": [
    "7:00",
    "7:33",
    "8:02",
    "8:15",
    "8:25",
    "8:45",
    "8:58",
    "9:03",
    "9:10",
    "9:15",
    "9:20",
    "9:30",
    "9:40",
    "9:50",
    "9:55",
    "10:05",
    "10:16",
    "10:28",
    "10:40",
    "10:48",
    "10:56",
    "11:04",
    "11:16",
    "11:28",
    "11:40",
    "11:52",
    "12:04",
    "12:19",
    "12:34",
    "12:49",
    "13:04",
    "13:19",
    "13:34",
    "13:49",
    "14:04",
    "14:19",
    "14:34",
    "14:49",
    "15:04",
    "15:16",
    "15:28",
    "15:40",
    "15:52",
    "16:08",
    "16:20",
    "16:30",
    "16:40",
    "16:50",
    "17:07",
    "17:20",
    "17:37",
    "17:52",
    "18:05",
    "18:15",
    "18:25",
    "18:35",
    "18:45",
    "18:55",
    "19:05",
    "19:13",
    "19:28",
    "19:37",
    "19:53",
    "20:05",
    "20:15",
    "20:25",
    "20:37",
    "20:50",
    "21:05",
    "21:30",
    "21:50",
    "22:10",
    "22:30",
    "22:50",
    "23:13",
    "23:50",
    "24:30"
  ],
  "saturday": [
    "6:50",
    "7:20",
    "7:36",
    "8:00",
    "8:24",
    "8:36",
    "8:48",
    "8:55",
    "9:30",
    "9:00",
    "9:13",
    "9:24",
    "9:36",
    "9:48",
    "10:48",
    "10:00",
    "10:14",
    "10:24",
    "10:36",
    "11:00",
    "11:15",
    "11:26",
    "11:45",
    "12:00",
    "12:12",
    "12:24",
    "12:36",
    "12:48",
    "13:00",
    "13:10",
    "13:20",
    "13:30",
    "13:40",
    "13:50",
    "14:00",
    "14:15",
    "14:30",
    "14:45",
    "15:40",
    "15:00",
    "15:13",
    "16:30",
    "16:00",
    "16:45",
    "17:00",
    "17:16",
    "17:45",
    "18:15",
    "18:45",
    "18:00",
    "19:05",
    "19:30",
    "20:00",
    "20:55",
    "21:30",
    "22:50",
    "22:05",
    "22:20",
    "23:11"
  ],
  "holiday": [
    "7:05",
    "7:25",
    "7:45",
    "8:20",
    "8:50",
    "9:36",
    "9:48",
    "9:08",
    "10:00",
    "10:24",
    "10:36",
    "10:12",
    "10:50",
    "11:00",
    "11:26",
    "11:45",
    "11:10",
    "12:00",
    "12:15",
    "12:30",
    "12:50",
    "13:00",
    "13:30",
    "13:13",
    "13:45",
    "14:00",
    "14:15",
    "14:40",
    "15:00",
    "15:13",
    "15:30",
    "15:45",
    "16:30",
    "16:00",
    "16:45",
    "17:45",
    "17:15",
    "18:15",
    "18:00",
    "18:30",
    "18:47",
    "19:05",
    "19:18",
    "19:40",
    "20:00",
    "20:30",
    "21:30",
    "21:00",
    "22:20",
    "22:03",
    "22:45",
    "23:11"
  ],
  "url": "https://www.kanachu.co.jp/dia/diagram/timetable01_js/course:0000802481-1/node:00025625/kt:0/lname:/dts:1740679200"
}