{
    "date": "2024/12/16",
    "name": "東海大学前駅入口",
    "position": "-",
    "system": "平73",
    "destinations": [
        "東海大学1号館前",
        "東海大学東",
        "北金目",
        "塚越古墳",
        "みずほ小学校",
        "堀町(平塚市)",
        "金目駅",
        "南金目",
        "片岡(平塚市)",
        "広川矢崎",
        "金旭中学校入口",
        "広川(平塚市)",
        "江東",
        "公所(平塚市)",
        "堀の内(平塚市)",
        "河内富士見",
        "纒公民館前",
        "川井(平塚市)",
        "纒入口",
        "南原土手",
        "南原(平塚市)",
        "向原(平塚市)",
        "江南高校前",
        "追分(平塚市)",
        "立野町(平塚市)",
        "横浜ゴム前",
        "市役所前(ゴム前/平塚市)",
        "四ツ角(平塚市)",
        "平塚駅北口"
    ],
    "weekday": [
        "5:42",
        "6:10",
        "6:48",
        "7:18",
        "7:54",
        "8:34",
        "9:03",
        "10:04",
        "10:55",
        "11:46",
        "12:48",
        "13:47",
        "14:47",
        "15:51",
        "16:55",
        "17:55",
        "18:31",
        "19:23",
        "20:19",
        "21:11"
    ],
    "saturday": [
        "6:01",
        "6:52",
        "7:40",
        "8:37",
        "9:41",
        "10:49",
        "11:49",
        "12:49",
        "13:49",
        "14:49",
        "15:49",
        "17:00",
        "17:41",
        "18:26",
        "19:29",
        "20:35",
        "21:11"
    ],
    "holiday": [
        "6:01",
        "6:52",
        "7:40",
        "8:37",
        "9:41",
        "10:49",
        "11:49",
        "12:49",
        "13:49",
        "14:49",
        "15:49",
        "17:00",
        "17:41",
        "18:26",
        "19:29",
        "20:35",
        "21:11"
    ],
    "url": "https://www.kanachu.co.jp/dia/diagram/timetable01_js/course:0000803657-2/node:00127760/kt:0/lname:/"
}
