{
    "date": "2024/12/16",
    "name": "東海大学1号館前",
    "position": "-",
    "system": "平73",
    "destinations": [
        "東海大学東",
        "北金目",
        "塚越古墳",
        "みずほ小学校",
        "堀町(平塚市)",
        "金目駅",
        "南金目",
        "片岡(平塚市)",
        "広川矢崎",
        "金旭中学校入口",
        "広川(平塚市)",
        "江東",
        "公所(平塚市)",
        "堀の内(平塚市)",
        "河内富士見",
        "纒公民館前",
        "川井(平塚市)",
        "纒入口",
        "南原土手",
        "南原(平塚市)",
        "向原(平塚市)",
        "江南高校前",
        "追分(平塚市)",
        "立野町(平塚市)",
        "横浜ゴム前",
        "市役所前(ゴム前/平塚市)",
        "四ツ角(平塚市)",
        "平塚駅北口"
    ],
    "weekday": [
        "5:46",
        "6:14",
        "6:52",
        "7:22",
        "7:58",
        "8:38",
        "9:07",
        "10:08",
        "10:59",
        "11:50",
        "12:52",
        "13:51",
        "14:51",
        "15:55",
        "16:59",
        "17:59",
        "18:35",
        "19:27",
        "20:23",
        "21:15"
    ],
    "saturday": [
        "6:05",
        "6:56",
        "7:44",
        "8:41",
        "9:45",
        "10:53",
        "11:53",
        "12:53",
        "13:53",
        "14:53",
        "15:53",
        "17:04",
        "17:45",
        "18:30",
        "19:33",
        "20:39",
        "21:15"
    ],
    "holiday": [
        "6:05",
        "6:56",
        "7:44",
        "8:41",
        "9:45",
        "10:53",
        "11:53",
        "12:53",
        "13:53",
        "14:53",
        "15:53",
        "17:04",
        "17:45",
        "18:30",
        "19:33",
        "20:39",
        "21:15"
    ],
    "url": "https://www.kanachu.co.jp/dia/diagram/timetable01_js/course:0000803657-3/node:00130522/kt:0/lname:/"
}
