{
    "date": "2024/12/16",
    "name": "片岡(平塚市)",
    "position": "-",
    "system": "平73",
    "destinations": [
        "広川矢崎",
        "金旭中学校入口",
        "広川(平塚市)",
        "江東",
        "公所(平塚市)",
        "堀の内(平塚市)",
        "河内富士見",
        "纒公民館前",
        "川井(平塚市)",
        "纒入口",
        "南原土手",
        "南原(平塚市)",
        "向原(平塚市)",
        "江南高校前",
        "追分(平塚市)",
        "立野町(平塚市)",
        "横浜ゴム前",
        "市役所前(ゴム前/平塚市)",
        "四ツ角(平塚市)",
        "平塚駅北口"
    ],
    "weekday": [
        "5:55",
        "6:23",
        "7:02",
        "7:32",
        "8:08",
        "8:48",
        "9:16",
        "10:17",
        "11:08",
        "11:59",
        "13:01",
        "14:00",
        "15:00",
        "16:05",
        "17:09",
        "18:09",
        "18:45",
        "19:36",
        "20:32",
        "21:24"
    ],
    "saturday": [
        "6:13",
        "7:04",
        "7:52",
        "8:49",
        "9:53",
        "11:01",
        "12:01",
        "13:01",
        "14:01",
        "15:01",
        "16:01",
        "17:12",
        "17:53",
        "18:38",
        "19:41",
        "20:47",
        "21:23"
    ],
    "holiday": [
        "6:13",
        "7:04",
        "7:52",
        "8:49",
        "9:53",
        "11:01",
        "12:01",
        "13:01",
        "14:01",
        "15:01",
        "16:01",
        "17:12",
        "17:53",
        "18:38",
        "19:41",
        "20:47",
        "21:23"
    ],
    "url": "https://www.kanachu.co.jp/dia/diagram/timetable01_js/course:0000803657-11/node:00127733/kt:0/lname:/"
}
