{
    "date": "2024/12/16",
    "name": "広川(平塚市)",
    "position": "-",
    "system": "平73",
    "destinations": [
        "江東",
        "公所(平塚市)",
        "堀の内(平塚市)",
        "河内富士見",
        "纒公民館前",
        "川井(平塚市)",
        "纒入口",
        "南原土手",
        "南原(平塚市)",
        "向原(平塚市)",
        "江南高校前",
        "追分(平塚市)",
        "立野町(平塚市)",
        "横浜ゴム前",
        "市役所前(ゴム前/平塚市)",
        "四ツ角(平塚市)",
        "平塚駅北口"
    ],
    "weekday": [
        "5:57",
        "6:25",
        "7:06",
        "7:36",
        "8:12",
        "8:52",
        "9:19",
        "10:20",
        "11:11",
        "12:02",
        "13:04",
        "14:03",
        "15:03",
        "16:08",
        "17:12",
        "18:12",
        "18:48",
        "19:38",
        "20:34",
        "21:26"
    ],
    "saturday": [
        "6:15",
        "7:06",
        "7:54",
        "8:51",
        "9:56",
        "11:04",
        "12:04",
        "13:04",
        "14:04",
        "15:04",
        "16:05",
        "17:16",
        "17:57",
        "18:42",
        "19:43",
        "20:49",
        "21:25"
    ],
    "holiday": [
        "6:15",
        "7:06",
        "7:54",
        "8:51",
        "9:56",
        "11:04",
        "12:04",
        "13:04",
        "14:04",
        "15:04",
        "16:05",
        "17:16",
        "17:57",
        "18:42",
        "19:43",
        "20:49",
        "21:25"
    ],
    "url": "https://www.kanachu.co.jp/dia/diagram/timetable01_js/course:0000803657-14/node:00127746/kt:0/lname:/"
}
