{
    "date": "2024/12/16",
    "name": "纒公民館前",
    "position": "-",
    "system": "平73",
    "destinations": [
        "川井(平塚市)",
        "纒入口",
        "南原土手",
        "南原(平塚市)",
        "向原(平塚市)",
        "江南高校前",
        "追分(平塚市)",
        "立野町(平塚市)",
        "横浜ゴム前",
        "市役所前(ゴム前/平塚市)",
        "四ツ角(平塚市)",
        "平塚駅北口"
    ],
    "weekday": [
        "6:02",
        "6:30",
        "7:11",
        "7:41",
        "8:17",
        "8:57",
        "9:24",
        "10:25",
        "11:16",
        "12:07",
        "13:09",
        "14:08",
        "15:08",
        "16:13",
        "17:17",
        "18:17",
        "18:53",
        "19:43",
        "20:39",
        "21:31"
    ],
    "saturday": [
        "6:20",
        "7:11",
        "7:59",
        "8:56",
        "10:01",
        "11:09",
        "12:09",
        "13:09",
        "14:09",
        "15:09",
        "16:10",
        "17:21",
        "18:02",
        "18:47",
        "19:48",
        "20:54",
        "21:30"
    ],
    "holiday": [
        "6:20",
        "7:11",
        "7:59",
        "8:56",
        "10:01",
        "11:09",
        "12:09",
        "13:09",
        "14:09",
        "15:09",
        "16:10",
        "17:21",
        "18:02",
        "18:47",
        "19:48",
        "20:54",
        "21:30"
    ],
    "url": "https://www.kanachu.co.jp/dia/diagram/timetable01_js/course:0000803657-19/node:00127743/kt:0/lname:/"
}
