{
    "date": "2024/12/16",
    "name": "向原(平塚市)",
    "position": "-",
    "system": "平73",
    "destinations": [
        "江南高校前",
        "追分(平塚市)",
        "立野町(平塚市)",
        "横浜ゴム前",
        "市役所前(ゴム前/平塚市)",
        "四ツ角(平塚市)",
        "平塚駅北口"
    ],
    "weekday": [
        "6:09",
        "6:37",
        "7:20",
        "7:50",
        "8:26",
        "9:05",
        "9:31",
        "10:32",
        "11:23",
        "12:14",
        "13:16",
        "14:15",
        "15:15",
        "16:22",
        "17:26",
        "18:26",
        "19:02",
        "19:50",
        "20:46",
        "21:38"
    ],
    "saturday": [
        "6:28",
        "7:19",
        "8:07",
        "9:04",
        "10:09",
        "11:17",
        "12:17",
        "13:17",
        "14:17",
        "15:17",
        "16:19",
        "17:30",
        "18:11",
        "18:56",
        "19:56",
        "21:02",
        "21:38"
    ],
    "holiday": [
        "6:28",
        "7:19",
        "8:07",
        "9:04",
        "10:09",
        "11:17",
        "12:17",
        "13:17",
        "14:17",
        "15:17",
        "16:19",
        "17:30",
        "18:11",
        "18:56",
        "19:56",
        "21:02",
        "21:38"
    ],
    "url": "https://www.kanachu.co.jp/dia/diagram/timetable01_js/course:0000803657-24/node:00127558/kt:0/lname:/"
}
