{
    "date": "2024/12/16",
    "name": "追分(平塚市)",
    "position": "-",
    "system": "平73",
    "destinations": [
        "立野町(平塚市)",
        "横浜ゴム前",
        "市役所前(ゴム前/平塚市)",
        "四ツ角(平塚市)",
        "平塚駅北口"
    ],
    "weekday": [
        "6:12",
        "6:40",
        "7:24",
        "7:54",
        "8:30",
        "9:08",
        "9:34",
        "10:35",
        "11:26",
        "12:17",
        "13:19",
        "14:18",
        "15:18",
        "16:25",
        "17:29",
        "18:29",
        "19:05",
        "19:53",
        "20:49",
        "21:41"
    ],
    "saturday": [
        "6:31",
        "7:22",
        "8:10",
        "9:07",
        "10:12",
        "11:20",
        "12:20",
        "13:20",
        "14:20",
        "15:20",
        "16:22",
        "17:33",
        "18:14",
        "18:59",
        "19:59",
        "21:05",
        "21:41"
    ],
    "holiday": [
        "6:31",
        "7:22",
        "8:10",
        "9:07",
        "10:12",
        "11:20",
        "12:20",
        "13:20",
        "14:20",
        "15:20",
        "16:22",
        "17:33",
        "18:14",
        "18:59",
        "19:59",
        "21:05",
        "21:41"
    ],
    "url": "https://www.kanachu.co.jp/dia/diagram/timetable01_js/course:0000803657-26/node:00127556/kt:0/lname:/"
}
