{
    "date": "2024/12/16",
    "name": "横浜ゴム前",
    "position": "-",
    "system": "平73",
    "destinations": [
        "市役所前(ゴム前/平塚市)",
        "四ツ角(平塚市)",
        "平塚駅北口"
    ],
    "weekday": [
        "6:14",
        "6:42",
        "7:26",
        "7:56",
        "8:32",
        "9:10",
        "9:36",
        "10:37",
        "11:28",
        "12:19",
        "13:21",
        "14:20",
        "15:20",
        "16:27",
        "17:31",
        "18:31",
        "19:07",
        "19:55",
        "20:51",
        "21:43"
    ],
    "saturday": [
        "6:33",
        "7:24",
        "8:12",
        "9:09",
        "10:14",
        "11:22",
        "12:22",
        "13:22",
        "14:22",
        "15:22",
        "16:24",
        "17:35",
        "18:16",
        "19:01",
        "20:01",
        "21:07",
        "21:43"
    ],
    "holiday": [
        "6:33",
        "7:24",
        "8:12",
        "9:09",
        "10:14",
        "11:22",
        "12:22",
        "13:22",
        "14:22",
        "15:22",
        "16:24",
        "17:35",
        "18:16",
        "19:01",
        "20:01",
        "21:07",
        "21:43"
    ],
    "url": "https://www.kanachu.co.jp/dia/diagram/timetable01_js/course:0000803657-28/node:00127554/kt:0/lname:/"
}
