{
    "date": "2025/08/30",
    "name": "狩場町",
    "position": "-",
    "system": "保06",
    "destinations": [
        "児童遊園地入口",
        "権太坂上",
        "権太坂",
        "元町橋交番前",
        "樹源寺前",
        "保土ヶ谷町2丁目",
        "八幡橋(横浜市保土ケ谷区)",
        "保土ヶ谷橋",
        "保土ヶ谷駅東口"
    ],
    "weekday": [
        "5:16",
        "5:31",
        "7:25",
        "7:49"
    ],
    "saturday": [
        "6:05",
        "6:34",
        "7:06",
        "7:36",
        "7:54",
        "8:36",
        "8:54",
        "9:16",
        "9:36",
        "9:55",
        "10:12",
        "10:43",
        "11:13",
        "11:43",
        "12:13",
        "12:43",
        "13:13",
        "13:43",
        "14:13",
        "14:43"
    ],
    "holiday": [
        "6:05",
        "6:34",
        "7:06",
        "7:36",
        "7:54",
        "8:36",
        "8:54",
        "9:16",
        "9:36",
        "9:55",
        "10:12",
        "10:43",
        "11:13",
        "11:43",
        "12:13",
        "12:43",
        "13:13",
        "13:43",
        "14:13",
        "14:43"
    ],
    "url": "https://www.kanachu.co.jp/dia/diagram/timetable01_js/course:0000802352-10/node:00102378/kt:0/lname:/"
}
