{
    "date": "2024/05/20",
    "name": "愛甲石田駅",
    "position": "-",
    "system": "伊80",
    "destinations": [
        "片平入口",
        "田谷(厚木市)",
        "堤下(厚木市)",
        "上落合(厚木市)",
        "長沼(厚木市)",
        "下落合(伊勢原市)",
        "西屋(伊勢原市)",
        "新屋(伊勢原市)",
        "下小稲葉",
        "小稲葉",
        "沖小稲葉",
        "下谷(伊勢原市)",
        "大田小学校前",
        "沼目",
        "つきみの団地",
        "西沼目",
        "藤田電機前(伊勢原市)",
        "三福寺前",
        "下宿(伊勢原市)",
        "伊勢原駅南口"
    ],
    "weekday": [
        "7:15",
        "8:45",
        "10:15",
        "12:05",
        "15:45",
        "17:10",
        "18:32"
    ],
    "saturday": [
        "9:17",
        "14:17",
        "18:25"
    ],
    "holiday": [
        "9:17",
        "14:17",
        "18:25"
    ],
    "url": "https://www.kanachu.co.jp/dia/diagram/timetable01_js/course:0000803334-1/node:00128496/kt:0/lname:/"
}
