{
    "date": "2024/05/20",
    "name": "片平入口",
    "position": "-",
    "system": "伊80",
    "destinations": [
        "田谷(厚木市)",
        "堤下(厚木市)",
        "上落合(厚木市)",
        "長沼(厚木市)",
        "下落合(伊勢原市)",
        "西屋(伊勢原市)",
        "新屋(伊勢原市)",
        "下小稲葉",
        "小稲葉",
        "沖小稲葉",
        "下谷(伊勢原市)",
        "大田小学校前",
        "沼目",
        "つきみの団地",
        "西沼目",
        "藤田電機前(伊勢原市)",
        "三福寺前",
        "下宿(伊勢原市)",
        "伊勢原駅南口"
    ],
    "weekday": [
        "7:16",
        "8:46",
        "10:16",
        "12:06",
        "15:46",
        "17:11",
        "18:33"
    ],
    "saturday": [
        "9:18",
        "14:18",
        "18:26"
    ],
    "holiday": [
        "9:18",
        "14:18",
        "18:26"
    ],
    "url": "https://www.kanachu.co.jp/dia/diagram/timetable01_js/course:0000803334-2/node:00128624/kt:0/lname:/"
}
