{
    "date": "2024/05/20",
    "name": "下落合(伊勢原市)",
    "position": "-",
    "system": "伊80",
    "destinations": [
        "西屋(伊勢原市)",
        "新屋(伊勢原市)",
        "下小稲葉",
        "小稲葉",
        "沖小稲葉",
        "下谷(伊勢原市)",
        "大田小学校前",
        "沼目",
        "つきみの団地",
        "西沼目",
        "藤田電機前(伊勢原市)",
        "三福寺前",
        "下宿(伊勢原市)",
        "伊勢原駅南口"
    ],
    "weekday": [
        "7:22",
        "8:52",
        "10:22",
        "12:12",
        "15:52",
        "17:17",
        "18:39"
    ],
    "saturday": [
        "9:24",
        "14:24",
        "18:32"
    ],
    "holiday": [
        "9:24",
        "14:24",
        "18:32"
    ],
    "url": "https://www.kanachu.co.jp/dia/diagram/timetable01_js/course:0000803334-7/node:00127622/kt:0/lname:/"
}
