{
    "date": "2024/05/20",
    "name": "大田小学校前",
    "position": "-",
    "system": "伊80",
    "destinations": [
        "沼目",
        "つきみの団地",
        "西沼目",
        "藤田電機前(伊勢原市)",
        "三福寺前",
        "下宿(伊勢原市)",
        "伊勢原駅南口"
    ],
    "weekday": [
        "7:29",
        "8:59",
        "10:29",
        "12:19",
        "15:59",
        "17:24",
        "18:46"
    ],
    "saturday": [
        "9:31",
        "14:31",
        "18:39"
    ],
    "holiday": [
        "9:31",
        "14:31",
        "18:39"
    ],
    "url": "https://www.kanachu.co.jp/dia/diagram/timetable01_js/course:0000803334-14/node:00128100/kt:0/lname:/"
}
