{
    "date": "2024/05/20",
    "name": "沼目",
    "position": "-",
    "system": "伊80",
    "destinations": [
        "つきみの団地",
        "西沼目",
        "藤田電機前(伊勢原市)",
        "三福寺前",
        "下宿(伊勢原市)",
        "伊勢原駅南口"
    ],
    "weekday": [
        "7:30",
        "9:00",
        "10:30",
        "12:20",
        "16:00",
        "17:25",
        "18:47"
    ],
    "saturday": [
        "9:32",
        "14:32",
        "18:40"
    ],
    "holiday": [
        "9:32",
        "14:32",
        "18:40"
    ],
    "url": "https://www.kanachu.co.jp/dia/diagram/timetable01_js/course:0000803334-15/node:00128099/kt:0/lname:/"
}
