{
    "date": "2024/05/20",
    "name": "西沼目",
    "position": "-",
    "system": "伊80",
    "destinations": [
        "藤田電機前(伊勢原市)",
        "三福寺前",
        "下宿(伊勢原市)",
        "伊勢原駅南口"
    ],
    "weekday": [
        "7:32",
        "9:02",
        "10:32",
        "12:22",
        "16:02",
        "17:27",
        "18:49"
    ],
    "saturday": [
        "9:34",
        "14:34",
        "18:42"
    ],
    "holiday": [
        "9:34",
        "14:34",
        "18:42"
    ],
    "url": "https://www.kanachu.co.jp/dia/diagram/timetable01_js/course:0000803334-17/node:00128097/kt:0/lname:/"
}
