{
    "date": "2024/07/01",
    "name": "坂本(鎌倉市)",
    "position": "-",
    "system": "船22",
    "destinations": [
        "長尾台(横浜市栄区)",
        "宮ノ前(横浜市栄区)",
        "小蓋山",
        "田谷(横浜市栄区)",
        "常勝寺(横浜市栄区)",
        "青少年センター前(横浜市栄区)",
        "千秀小学校前",
        "神社前(横浜市栄区)",
        "小雀",
        "庚申塚(横浜市戸塚区)",
        "原宿四ツ角",
        "横浜医療センター前",
        "三叉路(横浜市戸塚区)",
        "横浜薬大南門",
        "俣野公園・横浜薬大前",
        "横浜薬大南門",
        "深谷(横浜市戸塚区)",
        "クラブ前(横浜市戸塚区)",
        "汲沢入口",
        "深谷小入口",
        "住宅前(横浜市泉区)",
        "通信隊前",
        "高砂苑前",
        "萩丸",
        "西原(横浜市泉区)",
        "立場ターミナル"
    ],
    "weekday": [
        "6:56",
        "7:37",
        "8:07",
        "8:21",
        "8:43",
        "9:01",
        "9:39",
        "9:57",
        "10:19",
        "10:49",
        "11:19",
        "11:49",
        "12:19",
        "12:49",
        "13:19",
        "13:49",
        "14:19",
        "14:49",
        "15:19",
        "15:49",
        "16:19",
        "16:49",
        "17:19",
        "17:59",
        "18:23",
        "18:47",
        "19:12",
        "19:37",
        "20:17",
        "20:57",
        "21:37",
        "22:12",
        "22:42",
        "23:07",
        "23:49"
    ],
    "saturday": [
        "7:22",
        "7:57",
        "8:27",
        "8:57",
        "9:27",
        "9:57",
        "10:27",
        "11:22",
        "12:22",
        "13:22",
        "14:22",
        "15:22",
        "16:22",
        "17:22",
        "18:22",
        "19:22",
        "20:32",
        "21:32",
        "22:32",
        "23:07"
    ],
    "holiday": [
        "7:22",
        "8:22",
        "9:22",
        "10:22",
        "11:22",
        "12:22",
        "13:22",
        "14:22",
        "15:22",
        "16:22",
        "17:22",
        "18:22",
        "19:22",
        "20:32",
        "21:32",
        "22:32",
        "23:07"
    ],
    "url": "https://www.kanachu.co.jp/dia/diagram/timetable01_js/course:0000803563-2/node:00126854/kt:0/lname:/"
}
