{
    "date": "2024/07/01",
    "name": "小蓋山",
    "position": "-",
    "system": "船22",
    "destinations": [
        "田谷(横浜市栄区)",
        "常勝寺(横浜市栄区)",
        "青少年センター前(横浜市栄区)",
        "千秀小学校前",
        "神社前(横浜市栄区)",
        "小雀",
        "庚申塚(横浜市戸塚区)",
        "原宿四ツ角",
        "横浜医療センター前",
        "三叉路(横浜市戸塚区)",
        "横浜薬大南門",
        "俣野公園・横浜薬大前",
        "横浜薬大南門",
        "深谷(横浜市戸塚区)",
        "クラブ前(横浜市戸塚区)",
        "汲沢入口",
        "深谷小入口",
        "住宅前(横浜市泉区)",
        "通信隊前",
        "高砂苑前",
        "萩丸",
        "西原(横浜市泉区)",
        "立場ターミナル"
    ],
    "weekday": [
        "6:59",
        "7:40",
        "8:10",
        "8:24",
        "8:46",
        "9:04",
        "9:42",
        "10:00",
        "10:22",
        "10:52",
        "11:22",
        "11:52",
        "12:22",
        "12:52",
        "13:22",
        "13:52",
        "14:22",
        "14:52",
        "15:22",
        "15:52",
        "16:22",
        "16:52",
        "17:22",
        "18:02",
        "18:26",
        "18:50",
        "19:15",
        "19:40",
        "20:20",
        "21:00",
        "21:40",
        "22:15",
        "22:45",
        "23:10",
        "23:52"
    ],
    "saturday": [
        "7:25",
        "8:00",
        "8:30",
        "9:00",
        "9:30",
        "10:00",
        "10:30",
        "11:25",
        "12:25",
        "13:25",
        "14:25",
        "15:25",
        "16:25",
        "17:25",
        "18:25",
        "19:25",
        "20:35",
        "21:35",
        "22:35",
        "23:10"
    ],
    "holiday": [
        "7:25",
        "8:25",
        "9:25",
        "10:25",
        "11:25",
        "12:25",
        "13:25",
        "14:25",
        "15:25",
        "16:25",
        "17:25",
        "18:25",
        "19:25",
        "20:35",
        "21:35",
        "22:35",
        "23:10"
    ],
    "url": "https://www.kanachu.co.jp/dia/diagram/timetable01_js/course:0000803563-5/node:00126851/kt:0/lname:/"
}
