{
    "date": "2024/07/01",
    "name": "神社前(横浜市栄区)",
    "position": "-",
    "system": "船22",
    "destinations": [
        "小雀",
        "庚申塚(横浜市戸塚区)",
        "原宿四ツ角",
        "横浜医療センター前",
        "三叉路(横浜市戸塚区)",
        "横浜薬大南門",
        "俣野公園・横浜薬大前",
        "横浜薬大南門",
        "深谷(横浜市戸塚区)",
        "クラブ前(横浜市戸塚区)",
        "汲沢入口",
        "深谷小入口",
        "住宅前(横浜市泉区)",
        "通信隊前",
        "高砂苑前",
        "萩丸",
        "西原(横浜市泉区)",
        "立場ターミナル"
    ],
    "weekday": [
        "7:04",
        "7:45",
        "8:15",
        "8:29",
        "8:51",
        "9:09",
        "9:47",
        "10:05",
        "10:27",
        "10:57",
        "11:27",
        "11:57",
        "12:27",
        "12:57",
        "13:27",
        "13:57",
        "14:27",
        "14:57",
        "15:27",
        "15:57",
        "16:27",
        "16:57",
        "17:27",
        "18:07",
        "18:31",
        "18:55",
        "19:20",
        "19:45",
        "20:25",
        "21:05",
        "21:45",
        "22:20",
        "22:50",
        "23:15",
        "23:57"
    ],
    "saturday": [
        "7:30",
        "8:05",
        "8:35",
        "9:05",
        "9:35",
        "10:05",
        "10:35",
        "11:30",
        "12:30",
        "13:30",
        "14:30",
        "15:30",
        "16:30",
        "17:30",
        "18:30",
        "19:30",
        "20:40",
        "21:40",
        "22:40",
        "23:15"
    ],
    "holiday": [
        "7:30",
        "8:30",
        "9:30",
        "10:30",
        "11:30",
        "12:30",
        "13:30",
        "14:30",
        "15:30",
        "16:30",
        "17:30",
        "18:30",
        "19:30",
        "20:40",
        "21:40",
        "22:40",
        "23:15"
    ],
    "url": "https://www.kanachu.co.jp/dia/diagram/timetable01_js/course:0000803563-10/node:00126924/kt:0/lname:/"
}
