{
    "date": "2024/07/01",
    "name": "小雀",
    "position": "-",
    "system": "船22",
    "destinations": [
        "庚申塚(横浜市戸塚区)",
        "原宿四ツ角",
        "横浜医療センター前",
        "三叉路(横浜市戸塚区)",
        "横浜薬大南門",
        "俣野公園・横浜薬大前",
        "横浜薬大南門",
        "深谷(横浜市戸塚区)",
        "クラブ前(横浜市戸塚区)",
        "汲沢入口",
        "深谷小入口",
        "住宅前(横浜市泉区)",
        "通信隊前",
        "高砂苑前",
        "萩丸",
        "西原(横浜市泉区)",
        "立場ターミナル"
    ],
    "weekday": [
        "7:05",
        "7:46",
        "8:16",
        "8:30",
        "8:52",
        "9:10",
        "9:48",
        "10:06",
        "10:28",
        "10:58",
        "11:28",
        "11:58",
        "12:28",
        "12:58",
        "13:28",
        "13:58",
        "14:28",
        "14:58",
        "15:28",
        "15:58",
        "16:28",
        "16:58",
        "17:28",
        "18:08",
        "18:32",
        "18:56",
        "19:21",
        "19:46",
        "20:26",
        "21:06",
        "21:46",
        "22:21",
        "22:51",
        "23:16",
        "23:58"
    ],
    "saturday": [
        "7:31",
        "8:06",
        "8:36",
        "9:06",
        "9:36",
        "10:06",
        "10:36",
        "11:31",
        "12:31",
        "13:31",
        "14:31",
        "15:31",
        "16:31",
        "17:31",
        "18:31",
        "19:31",
        "20:41",
        "21:41",
        "22:41",
        "23:16"
    ],
    "holiday": [
        "7:31",
        "8:31",
        "9:31",
        "10:31",
        "11:31",
        "12:31",
        "13:31",
        "14:31",
        "15:31",
        "16:31",
        "17:31",
        "18:31",
        "19:31",
        "20:41",
        "21:41",
        "22:41",
        "23:16"
    ],
    "url": "https://www.kanachu.co.jp/dia/diagram/timetable01_js/course:0000803563-11/node:00126925/kt:0/lname:/"
}
