{
    "date": "2025/03/15",
    "name": "小糸",
    "position": "-",
    "system": "辻28",
    "destinations": [
        "大庭小学校",
        "羽根沢",
        "湘南カントリークラブ前",
        "堤羽根沢",
        "南大平",
        "滝の沢小学校前",
        "滝の沢不動前",
        "湘南ライフタウン"
    ],
    "weekday": [
        "7:17",
        "9:09",
        "11:09",
        "12:14",
        "13:09",
        "14:14",
        "15:09",
        "17:09",
        "18:45",
        "19:19",
        "19:45",
        "20:47",
        "21:47"
    ],
    "saturday": [
        "7:20",
        "8:20",
        "9:11",
        "11:13",
        "12:23",
        "13:13",
        "14:23",
        "15:13",
        "17:11",
        "19:20",
        "20:18",
        "21:18"
    ],
    "holiday": [
        "7:20",
        "8:20",
        "9:11",
        "11:13",
        "12:23",
        "13:13",
        "14:23",
        "15:13",
        "17:11",
        "19:20",
        "20:18",
        "21:18"
    ],
    "url": "https://www.kanachu.co.jp/dia/diagram/timetable01_js/course:0000802687-8/node:00129941/kt:0/lname:/"
}
