{
    "date": "2025/03/15",
    "name": "湘南カントリークラブ前",
    "position": "-",
    "system": "辻28",
    "destinations": [
        "堤羽根沢",
        "南大平",
        "滝の沢小学校前",
        "滝の沢不動前",
        "湘南ライフタウン"
    ],
    "weekday": [
        "7:20",
        "9:12",
        "11:12",
        "12:17",
        "13:12",
        "14:17",
        "15:12",
        "17:12",
        "18:48",
        "19:22",
        "19:48",
        "20:50",
        "21:50"
    ],
    "saturday": [
        "7:23",
        "8:23",
        "9:14",
        "11:16",
        "12:26",
        "13:16",
        "14:26",
        "15:16",
        "17:14",
        "19:23",
        "20:21",
        "21:21"
    ],
    "holiday": [
        "7:23",
        "8:23",
        "9:14",
        "11:16",
        "12:26",
        "13:16",
        "14:26",
        "15:16",
        "17:14",
        "19:23",
        "20:21",
        "21:21"
    ],
    "url": "https://www.kanachu.co.jp/dia/diagram/timetable01_js/course:0000802687-11/node:00129962/kt:0/lname:/"
}
