{
    "date": "2021/02/01",
    "name": "堤仲谷",
    "position": "-",
    "system": "コ07",
    "destinations": [
        "浄見寺入口",
        "みずき北",
        "下寺尾(茅ケ崎市)",
        "西方(茅ケ崎市)",
        "北陵高校入口",
        "香川北",
        "香川南",
        "香川駅",
        "閑居山入口",
        "分教場跡",
        "香川小学校プール前",
        "教会前(香川/茅ケ崎市)",
        "香川小学校入口",
        "甘沼向原",
        "鶴が台中学校前",
        "鶴が台中学校南",
        "鶴が台入口",
        "ニュータウン入口(茅ケ崎市)",
        "市立病院(茅ケ崎市)"
    ],
    "weekday": [
        "7:36"
    ],
    "saturday": [],
    "holiday": [],
    "url": "https://www.kanachu.co.jp/dia/diagram/timetable01_js/course:0000800759-12/node:00127338/kt:0/lname:/"
}
