{
    "date": "2021/02/01",
    "name": "甘沼向原",
    "position": "-",
    "system": "",
    "destinations": [
        "鶴が台中学校前",
        "鶴が台中学校南",
        "鶴が台入口",
        "ニュータウン入口(茅ケ崎市)",
        "市立病院(茅ケ崎市)"
    ],
    "weekday": [
        "7:50"
    ],
    "saturday": [],
    "holiday": [],
    "url": "https://www.kanachu.co.jp/dia/diagram/timetable01_js/course:0000800759-26/node:00127320/kt:0/lname:/"
}
