{
    "date": "2025/04/01",
    "name": "葛輪",
    "position": "-",
    "system": "橋59",
    "destinations": [
        "下九沢",
        "塚場",
        "塚場坂上",
        "南町(相模原市緑区)",
        "旭中学校(相模原市緑区)",
        "橋本二丁目",
        "橋本駅南口"
    ],
    "weekday": [
        "6:16",
        "6:46",
        "7:17"
    ],
    "saturday": [
        "6:05",
        "6:35",
        "7:05"
    ],
    "holiday": [
        "6:05",
        "6:35",
        "7:05"
    ],
    "url": "https://www.kanachu.co.jp/dia/diagram/timetable01_js/course:0000803775-8/node:00129131/kt:0/lname:/"
}
