{
    "date": "2026/01/16",
    "name": "スポーツセンター入口(厚木市)",
    "position": "-",
    "system": "厚32",
    "destinations": [
        "高坪",
        "上高坪",
        "権現堂(厚木市)",
        "愛名",
        "八ツ橋",
        "白山(厚木市)",
        "旗谷入口",
        "小鮎公民館前",
        "台ノ上",
        "学校前(厚木市)",
        "局前(厚木市)",
        "打越(厚木市)",
        "矢崎(厚木市)",
        "古沢(厚木市)",
        "上古沢",
        "ネポン入口",
        "上分",
        "旗谷下"
    ],
    "weekday": [
        "13:36",
        "17:37",
        "19:07"
    ],
    "saturday": [],
    "holiday": [],
    "url": "https://www.kanachu.co.jp/dia/diagram/timetable01_js/course:0000804148-11/node:00128491/kt:0/lname:/"
}
