{
    "date": "2026/01/16",
    "name": "局前(厚木市)",
    "position": "-",
    "system": "厚32",
    "destinations": [
        "打越(厚木市)",
        "矢崎(厚木市)",
        "古沢(厚木市)",
        "上古沢",
        "ネポン入口",
        "上分",
        "旗谷下"
    ],
    "weekday": [
        "13:46",
        "17:47",
        "19:17"
    ],
    "saturday": [],
    "holiday": [],
    "url": "https://www.kanachu.co.jp/dia/diagram/timetable01_js/course:0000804148-22/node:00128481/kt:0/lname:/"
}
