{
    "date": "2024/09/02",
    "name": "小学校前(横浜市泉区)",
    "position": "-",
    "system": "",
    "destinations": [
        "児童公園前(横浜市泉区)",
        "団地入口(横浜市泉区)",
        "飯田神社前",
        "台村",
        "いちょう団地",
        "保育所前(大和市)",
        "渋谷中学校",
        "集会所前(横浜市泉区)",
        "中屋敷(横浜市泉区)",
        "五軒庭",
        "上飯田(横浜市泉区)",
        "早稲田(横浜市泉区)",
        "三家(横浜市泉区)",
        "松陽高校前",
        "グリーンハイム前",
        "いずみ野駅"
    ],
    "weekday": [
        "8:45",
        "10:15",
        "11:45",
        "13:15",
        "14:45",
        "16:15",
        "17:45"
    ],
    "saturday": [
        "9:16",
        "10:46",
        "12:16",
        "13:46",
        "15:18",
        "16:46"
    ],
    "holiday": [
        "9:16",
        "10:46",
        "12:16",
        "13:46",
        "15:16",
        "16:46"
    ],
    "url": "https://www.kanachu.co.jp/dia/diagram/timetable01_js/course:0000801092-10/node:00126806/kt:0/lname:/"
}
