{
    "date": "2025/07/27",
    "name": "橘団地",
    "position": "-",
    "system": "二41",
    "destinations": [
        "橘団地中央",
        "インター入口",
        "南3号前",
        "峠公園",
        "百合が丘坂下",
        "釜野橋",
        "釜野",
        "二宮駅北口"
    ],
    "weekday": [
        "6:15",
        "6:45",
        "7:15",
        "7:45",
        "18:52",
        "19:32",
        "20:52"
    ],
    "saturday": [
        "6:33",
        "7:13",
        "7:53",
        "8:33",
        "10:54",
        "13:54",
        "16:54",
        "18:34",
        "19:10",
        "20:32"
    ],
    "holiday": [
        "6:33",
        "7:13",
        "7:53",
        "8:33",
        "10:54",
        "13:54",
        "16:54",
        "18:34",
        "19:10",
        "20:32"
    ],
    "url": "https://www.kanachu.co.jp/dia/diagram/timetable01_js/course:0000802556-1/node:00127813/kt:0/lname:/"
}
