{
    "date": "2025/07/27",
    "name": "橘団地中央",
    "position": "-",
    "system": "二41",
    "destinations": [
        "インター入口",
        "南3号前",
        "峠公園",
        "百合が丘坂下",
        "釜野橋",
        "釜野",
        "二宮駅北口"
    ],
    "weekday": [
        "6:16",
        "6:46",
        "7:16",
        "7:46",
        "18:53",
        "19:33",
        "20:53"
    ],
    "saturday": [
        "6:34",
        "7:14",
        "7:54",
        "8:34",
        "10:55",
        "13:55",
        "16:55",
        "18:35",
        "19:11",
        "20:33"
    ],
    "holiday": [
        "6:34",
        "7:14",
        "7:54",
        "8:34",
        "10:55",
        "13:55",
        "16:55",
        "18:35",
        "19:11",
        "20:33"
    ],
    "url": "https://www.kanachu.co.jp/dia/diagram/timetable01_js/course:0000802556-2/node:00127812/kt:0/lname:/"
}
