{
    "date": "2025/07/27",
    "name": "インター入口",
    "position": "-",
    "system": "二41",
    "destinations": [
        "南3号前",
        "峠公園",
        "百合が丘坂下",
        "釜野橋",
        "釜野",
        "二宮駅北口"
    ],
    "weekday": [
        "6:17",
        "6:47",
        "7:17",
        "7:47",
        "18:54",
        "19:34",
        "20:54"
    ],
    "saturday": [
        "6:35",
        "7:15",
        "7:55",
        "8:35",
        "10:56",
        "13:56",
        "16:56",
        "18:36",
        "19:12",
        "20:34"
    ],
    "holiday": [
        "6:35",
        "7:15",
        "7:55",
        "8:35",
        "10:56",
        "13:56",
        "16:56",
        "18:36",
        "19:12",
        "20:34"
    ],
    "url": "https://www.kanachu.co.jp/dia/diagram/timetable01_js/course:0000802556-3/node:00127811/kt:0/lname:/"
}
