{
    "date": "2025/07/27",
    "name": "南3号前",
    "position": "-",
    "system": "二41",
    "destinations": [
        "峠公園",
        "百合が丘坂下",
        "釜野橋",
        "釜野",
        "二宮駅北口"
    ],
    "weekday": [
        "6:18",
        "6:48",
        "7:19",
        "7:49",
        "18:55",
        "19:35",
        "20:55"
    ],
    "saturday": [
        "6:36",
        "7:16",
        "7:56",
        "8:36",
        "10:57",
        "13:57",
        "16:57",
        "18:37",
        "19:13",
        "20:35"
    ],
    "holiday": [
        "6:36",
        "7:16",
        "7:56",
        "8:36",
        "10:57",
        "13:57",
        "16:57",
        "18:37",
        "19:13",
        "20:35"
    ],
    "url": "https://www.kanachu.co.jp/dia/diagram/timetable01_js/course:0000802556-4/node:00127807/kt:0/lname:/"
}
