{
    "date": "2025/07/27",
    "name": "峠公園",
    "position": "-",
    "system": "二41",
    "destinations": [
        "百合が丘坂下",
        "釜野橋",
        "釜野",
        "二宮駅北口"
    ],
    "weekday": [
        "6:19",
        "6:49",
        "7:20",
        "7:50",
        "18:56",
        "19:36",
        "20:56"
    ],
    "saturday": [
        "6:37",
        "7:17",
        "7:57",
        "8:37",
        "10:58",
        "13:58",
        "16:58",
        "18:38",
        "19:14",
        "20:36"
    ],
    "holiday": [
        "6:37",
        "7:17",
        "7:57",
        "8:37",
        "10:58",
        "13:58",
        "16:58",
        "18:38",
        "19:14",
        "20:36"
    ],
    "url": "https://www.kanachu.co.jp/dia/diagram/timetable01_js/course:0000802556-5/node:00128032/kt:0/lname:/"
}
