{
    "date": "2025/07/27",
    "name": "釜野",
    "position": "-",
    "system": "二41",
    "destinations": [
        "二宮駅北口"
    ],
    "weekday": [
        "6:22",
        "6:52",
        "7:23",
        "7:53",
        "18:59",
        "19:39",
        "20:59"
    ],
    "saturday": [
        "6:40",
        "7:20",
        "8:00",
        "8:40",
        "11:01",
        "14:01",
        "17:01",
        "18:41",
        "19:17",
        "20:39"
    ],
    "holiday": [
        "6:40",
        "7:20",
        "8:00",
        "8:40",
        "11:01",
        "14:01",
        "17:01",
        "18:41",
        "19:17",
        "20:39"
    ],
    "url": "https://www.kanachu.co.jp/dia/diagram/timetable01_js/course:0000802556-8/node:00128029/kt:0/lname:/"
}
