{
    "system": "二41",
    "busstops": [
        {
            "index": "1",
            "id": "00127813",
            "name": "橘団地",
            "lat": "35.309533",
            "lng": "139.231275"
        },
        {
            "index": "2",
            "id": "00127812",
            "name": "橘団地中央",
            "lat": "35.309749",
            "lng": "139.234096"
        },
        {
            "index": "3",
            "id": "00127811",
            "name": "インター入口",
            "lat": "35.308975",
            "lng": "139.235843"
        },
        {
            "index": "4",
            "id": "00127807",
            "name": "南3号前",
            "lat": "35.307354",
            "lng": "139.240042"
        },
        {
            "index": "5",
            "id": "00128032",
            "name": "峠公園",
            "lat": "35.305217",
            "lng": "139.240542"
        },
        {
            "index": "6",
            "id": "00128031",
            "name": "百合が丘坂下",
            "lat": "35.301954",
            "lng": "139.24139"
        },
        {
            "index": "7",
            "id": "00128030",
            "name": "釜野橋",
            "lat": "35.299755",
            "lng": "139.244496"
        },
        {
            "index": "8",
            "id": "00128029",
            "name": "釜野",
            "lat": "35.29788",
            "lng": "139.245646"
        },
        {
            "index": "9",
            "id": "00127683",
            "name": "二宮駅北口",
            "lat": "35.299089",
            "lng": "139.257381"
        }
    ],
    "route_url": "https://www.kanachu.co.jp/dia/route/index/cid:0000802556/"
}
