{
    "date": "2025/11/16",
    "name": "下宿(伊勢原市)",
    "position": "-",
    "system": "平88",
    "destinations": [
        "三福寺前",
        "藤田電機前(伊勢原市)",
        "西沼目",
        "つきみの団地",
        "沼目",
        "大田小学校前",
        "下谷上(伊勢原市)",
        "下谷中央",
        "平間入口",
        "大島入口",
        "小鍋島",
        "城島小学校前",
        "城島駐在所前",
        "清雲寺前(平塚市)",
        "豊田本郷駅",
        "新大縄橋",
        "遺跡公園前(平塚市)",
        "中原公園前",
        "中原一丁目(平塚市)",
        "共済病院前総合公園西",
        "追分(平塚市)",
        "営林署前(平塚市)",
        "旭通り(平塚市)",
        "八間通り",
        "平塚文化芸術ホール前",
        "銀座通り(平塚市)",
        "平塚駅北口"
    ],
    "weekday": [
        "5:51",
        "6:34",
        "7:14",
        "7:46",
        "8:46",
        "9:46",
        "10:46",
        "11:46",
        "12:46",
        "13:46",
        "14:46",
        "15:56",
        "16:56",
        "17:56",
        "18:56",
        "19:51"
    ],
    "saturday": [
        "6:01",
        "7:01",
        "8:01",
        "9:01",
        "10:01",
        "11:01",
        "12:01",
        "13:01",
        "14:01",
        "15:01",
        "16:01",
        "17:01",
        "18:01",
        "19:11",
        "20:11"
    ],
    "holiday": [
        "7:01",
        "8:01",
        "9:01",
        "10:01",
        "11:01",
        "12:01",
        "13:01",
        "14:01",
        "15:01",
        "16:01",
        "17:01",
        "18:01",
        "19:11",
        "20:11"
    ],
    "url": "https://www.kanachu.co.jp/dia/diagram/timetable01_js/course:0000801539-2/node:00128057/kt:0/lname:/"
}
