{
    "date": "2025/11/16",
    "name": "西沼目",
    "position": "-",
    "system": "平88",
    "destinations": [
        "つきみの団地",
        "沼目",
        "大田小学校前",
        "下谷上(伊勢原市)",
        "下谷中央",
        "平間入口",
        "大島入口",
        "小鍋島",
        "城島小学校前",
        "城島駐在所前",
        "清雲寺前(平塚市)",
        "豊田本郷駅",
        "新大縄橋",
        "遺跡公園前(平塚市)",
        "中原公園前",
        "中原一丁目(平塚市)",
        "共済病院前総合公園西",
        "追分(平塚市)",
        "営林署前(平塚市)",
        "旭通り(平塚市)",
        "八間通り",
        "平塚文化芸術ホール前",
        "銀座通り(平塚市)",
        "平塚駅北口"
    ],
    "weekday": [
        "5:54",
        "6:37",
        "7:17",
        "7:49",
        "8:49",
        "9:49",
        "10:49",
        "11:49",
        "12:49",
        "13:49",
        "14:49",
        "15:59",
        "16:59",
        "17:59",
        "18:59",
        "19:54"
    ],
    "saturday": [
        "6:04",
        "7:04",
        "8:04",
        "9:04",
        "10:04",
        "11:04",
        "12:04",
        "13:04",
        "14:04",
        "15:04",
        "16:04",
        "17:04",
        "18:04",
        "19:14",
        "20:14"
    ],
    "holiday": [
        "7:04",
        "8:04",
        "9:04",
        "10:04",
        "11:04",
        "12:04",
        "13:04",
        "14:04",
        "15:04",
        "16:04",
        "17:04",
        "18:04",
        "19:14",
        "20:14"
    ],
    "url": "https://www.kanachu.co.jp/dia/diagram/timetable01_js/course:0000801539-5/node:00128097/kt:0/lname:/"
}
