{
    "date": "2025/11/16",
    "name": "中原公園前",
    "position": "-",
    "system": "平88",
    "destinations": [
        "中原一丁目(平塚市)",
        "共済病院前総合公園西",
        "追分(平塚市)",
        "営林署前(平塚市)",
        "旭通り(平塚市)",
        "八間通り",
        "平塚文化芸術ホール前",
        "銀座通り(平塚市)",
        "平塚駅北口"
    ],
    "weekday": [
        "6:10",
        "6:53",
        "7:33",
        "8:05",
        "9:05",
        "10:05",
        "11:05",
        "12:05",
        "13:05",
        "14:05",
        "15:05",
        "16:15",
        "17:15",
        "18:15",
        "19:15",
        "20:10"
    ],
    "saturday": [
        "6:20",
        "7:20",
        "8:20",
        "9:20",
        "10:20",
        "11:20",
        "12:20",
        "13:20",
        "14:20",
        "15:20",
        "16:20",
        "17:20",
        "18:20",
        "19:30",
        "20:30"
    ],
    "holiday": [
        "7:20",
        "8:20",
        "9:20",
        "10:20",
        "11:20",
        "12:20",
        "13:20",
        "14:20",
        "15:20",
        "16:20",
        "17:20",
        "18:20",
        "19:30",
        "20:30"
    ],
    "url": "https://www.kanachu.co.jp/dia/diagram/timetable01_js/course:0000801539-20/node:00128111/kt:0/lname:/"
}
