{
    "date": "2025/11/16",
    "name": "八間通り",
    "position": "-",
    "system": "平88",
    "destinations": [
        "平塚文化芸術ホール前",
        "銀座通り(平塚市)",
        "平塚駅北口"
    ],
    "weekday": [
        "6:18",
        "7:01",
        "7:43",
        "8:15",
        "9:15",
        "10:14",
        "11:14",
        "12:14",
        "13:14",
        "14:14",
        "15:14",
        "16:24",
        "17:25",
        "18:25",
        "19:25",
        "20:18"
    ],
    "saturday": [
        "6:27",
        "7:27",
        "8:27",
        "9:27",
        "10:27",
        "11:27",
        "12:27",
        "13:27",
        "14:27",
        "15:27",
        "16:27",
        "17:27",
        "18:27",
        "19:37",
        "20:37"
    ],
    "holiday": [
        "7:27",
        "8:27",
        "9:27",
        "10:27",
        "11:27",
        "12:27",
        "13:27",
        "14:27",
        "15:27",
        "16:27",
        "17:27",
        "18:27",
        "19:37",
        "20:37"
    ],
    "url": "https://www.kanachu.co.jp/dia/diagram/timetable01_js/course:0000801539-26/node:00127467/kt:0/lname:/"
}
