{
    "date": "2025/10/20",
    "name": "南橋(町田市)",
    "position": "-",
    "system": "町85",
    "destinations": [
        "金森郵便局前",
        "金森",
        "市営住宅入口(町田市)",
        "南中学校前(町田市)",
        "金森四丁目",
        "南農協前",
        "町谷原",
        "南町谷原",
        "小川(町田市)",
        "やなぎ公園前",
        "すずかけ台駅"
    ],
    "weekday": [
        "9:10",
        "9:34",
        "10:10",
        "10:34",
        "11:10",
        "11:34",
        "12:10",
        "12:34",
        "13:10",
        "13:34",
        "14:10",
        "14:34",
        "15:10",
        "15:34",
        "16:10",
        "16:34",
        "17:10",
        "17:30",
        "18:10",
        "18:34",
        "19:10",
        "19:46",
        "20:36",
        "21:05"
    ],
    "saturday": [
        "9:10",
        "9:34",
        "10:10",
        "10:34",
        "11:10",
        "11:34",
        "12:10",
        "12:34",
        "13:10",
        "13:34",
        "14:10",
        "14:34",
        "15:10",
        "15:34",
        "16:10",
        "16:34",
        "17:10",
        "17:34",
        "18:10",
        "18:34",
        "19:10",
        "19:40",
        "20:30"
    ],
    "holiday": [
        "9:40",
        "10:40",
        "11:40",
        "12:40",
        "13:40",
        "14:40",
        "15:40",
        "16:40",
        "17:40",
        "18:40",
        "19:30",
        "20:30"
    ],
    "url": "https://www.kanachu.co.jp/dia/diagram/timetable01_js/course:0000800163-6/node:00129542/kt:0/lname:/"
}
