{
    "date": "2025/10/20",
    "name": "南町谷原",
    "position": "-",
    "system": "町85",
    "destinations": [
        "小川(町田市)",
        "やなぎ公園前",
        "すずかけ台駅"
    ],
    "weekday": [
        "9:21",
        "9:45",
        "10:21",
        "10:45",
        "11:21",
        "11:45",
        "12:21",
        "12:45",
        "13:21",
        "13:45",
        "14:21",
        "14:45",
        "15:21",
        "15:45",
        "16:21",
        "16:45",
        "17:21",
        "17:41",
        "18:21",
        "18:45",
        "19:21",
        "19:57",
        "20:44",
        "21:13"
    ],
    "saturday": [
        "9:21",
        "9:45",
        "10:21",
        "10:45",
        "11:21",
        "11:45",
        "12:21",
        "12:45",
        "13:21",
        "13:45",
        "14:21",
        "14:45",
        "15:21",
        "15:45",
        "16:21",
        "16:45",
        "17:21",
        "17:45",
        "18:21",
        "18:45",
        "19:21",
        "19:51",
        "20:38"
    ],
    "holiday": [
        "9:51",
        "10:51",
        "11:51",
        "12:51",
        "13:51",
        "14:51",
        "15:51",
        "16:51",
        "17:51",
        "18:51",
        "19:38",
        "20:38"
    ],
    "url": "https://www.kanachu.co.jp/dia/diagram/timetable01_js/course:0000800163-14/node:00129534/kt:0/lname:/"
}
