{
    "date": "2025/01/14",
    "name": "才戸橋",
    "position": "-",
    "system": "厚07",
    "destinations": [
        "棚沢",
        "下谷(厚木市)",
        "リコー前",
        "神奈川工科大学前",
        "子中",
        "荻野新宿",
        "宿原入口",
        "糀屋前(厚木市)",
        "松蓮寺",
        "妻田薬師",
        "中村入口(厚木市)",
        "妻田",
        "三家入口(厚木市)",
        "木売場",
        "市立病院前(厚木市)",
        "税務署入口(厚木市)",
        "市役所入口(厚木市)",
        "本厚木駅",
        "厚木バスセンター"
    ],
    "weekday": [
        "6:12",
        "6:37",
        "6:52",
        "7:12",
        "7:43",
        "8:08",
        "8:48",
        "9:22",
        "10:22",
        "11:27",
        "12:27",
        "13:12",
        "14:07",
        "15:12",
        "16:12",
        "17:07",
        "17:52",
        "18:42",
        "19:17",
        "19:52",
        "20:32",
        "21:27",
        "22:12"
    ],
    "saturday": [
        "6:45",
        "7:47",
        "8:47",
        "9:47",
        "10:47",
        "11:47",
        "12:47",
        "13:47",
        "14:47",
        "15:47",
        "16:47",
        "17:47",
        "18:47",
        "19:47",
        "20:47",
        "21:42"
    ],
    "holiday": [
        "6:41",
        "7:47",
        "8:47",
        "9:47",
        "10:47",
        "11:47",
        "12:47",
        "13:47",
        "14:47",
        "15:47",
        "16:47",
        "17:47",
        "18:47",
        "19:47"
    ],
    "url": "https://www.kanachu.co.jp/dia/diagram/timetable01_js/course:0000800131-3/node:00128318/kt:0/lname:/"
}
