{
    "date": "2025/01/14",
    "name": "下谷(厚木市)",
    "position": "-",
    "system": "厚07",
    "destinations": [
        "リコー前",
        "神奈川工科大学前",
        "子中",
        "荻野新宿",
        "宿原入口",
        "糀屋前(厚木市)",
        "松蓮寺",
        "妻田薬師",
        "中村入口(厚木市)",
        "妻田",
        "三家入口(厚木市)",
        "木売場",
        "市立病院前(厚木市)",
        "税務署入口(厚木市)",
        "市役所入口(厚木市)",
        "本厚木駅",
        "厚木バスセンター"
    ],
    "weekday": [
        "6:13",
        "6:38",
        "6:53",
        "7:13",
        "7:45",
        "8:10",
        "8:50",
        "9:23",
        "10:23",
        "11:28",
        "12:28",
        "13:13",
        "14:08",
        "15:13",
        "16:14",
        "17:09",
        "17:54",
        "18:44",
        "19:18",
        "19:53",
        "20:33",
        "21:28",
        "22:13"
    ],
    "saturday": [
        "6:46",
        "7:48",
        "8:48",
        "9:48",
        "10:48",
        "11:48",
        "12:48",
        "13:48",
        "14:48",
        "15:48",
        "16:48",
        "17:48",
        "18:48",
        "19:48",
        "20:48",
        "21:43"
    ],
    "holiday": [
        "6:42",
        "7:48",
        "8:48",
        "9:48",
        "10:48",
        "11:48",
        "12:48",
        "13:48",
        "14:48",
        "15:48",
        "16:48",
        "17:48",
        "18:48",
        "19:48"
    ],
    "url": "https://www.kanachu.co.jp/dia/diagram/timetable01_js/course:0000800131-5/node:00128307/kt:0/lname:/"
}
