{
    "date": "2025/01/14",
    "name": "宿原入口",
    "position": "-",
    "system": "厚07",
    "destinations": [
        "糀屋前(厚木市)",
        "松蓮寺",
        "妻田薬師",
        "中村入口(厚木市)",
        "妻田",
        "三家入口(厚木市)",
        "木売場",
        "市立病院前(厚木市)",
        "税務署入口(厚木市)",
        "市役所入口(厚木市)",
        "本厚木駅",
        "厚木バスセンター"
    ],
    "weekday": [
        "6:19",
        "6:44",
        "6:59",
        "7:19",
        "7:53",
        "8:18",
        "8:58",
        "9:30",
        "10:30",
        "11:35",
        "12:35",
        "13:20",
        "14:15",
        "15:20",
        "16:24",
        "17:19",
        "18:04",
        "18:54",
        "19:24",
        "19:59",
        "20:39",
        "21:34",
        "22:19"
    ],
    "saturday": [
        "6:52",
        "7:54",
        "8:54",
        "9:55",
        "10:55",
        "11:55",
        "12:55",
        "13:55",
        "14:55",
        "15:57",
        "16:57",
        "17:57",
        "18:57",
        "19:54",
        "20:54",
        "21:49"
    ],
    "holiday": [
        "6:48",
        "7:54",
        "8:54",
        "9:54",
        "10:55",
        "11:55",
        "12:55",
        "13:55",
        "14:55",
        "15:56",
        "16:56",
        "17:56",
        "18:56",
        "19:54"
    ],
    "url": "https://www.kanachu.co.jp/dia/diagram/timetable01_js/course:0000800131-10/node:00128267/kt:0/lname:/"
}
