{
    "date": "2025/01/14",
    "name": "妻田薬師",
    "position": "-",
    "system": "厚07",
    "destinations": [
        "中村入口(厚木市)",
        "妻田",
        "三家入口(厚木市)",
        "木売場",
        "市立病院前(厚木市)",
        "税務署入口(厚木市)",
        "市役所入口(厚木市)",
        "本厚木駅",
        "厚木バスセンター"
    ],
    "weekday": [
        "6:22",
        "6:47",
        "7:02",
        "7:22",
        "7:57",
        "8:22",
        "9:02",
        "9:34",
        "10:34",
        "11:39",
        "12:39",
        "13:24",
        "14:19",
        "15:24",
        "16:28",
        "17:23",
        "18:08",
        "18:58",
        "19:28",
        "20:03",
        "20:43",
        "21:38",
        "22:23"
    ],
    "saturday": [
        "6:55",
        "7:58",
        "8:58",
        "9:59",
        "10:59",
        "11:59",
        "12:59",
        "13:59",
        "14:59",
        "16:02",
        "17:02",
        "18:02",
        "19:02",
        "19:58",
        "20:58",
        "21:53"
    ],
    "holiday": [
        "6:51",
        "7:57",
        "8:57",
        "9:57",
        "10:59",
        "11:59",
        "12:59",
        "13:59",
        "14:59",
        "16:01",
        "17:01",
        "18:01",
        "19:01",
        "19:58"
    ],
    "url": "https://www.kanachu.co.jp/dia/diagram/timetable01_js/course:0000800131-13/node:00128264/kt:0/lname:/"
}
