{
    "date": "2025/01/14",
    "name": "三家入口(厚木市)",
    "position": "-",
    "system": "厚07",
    "destinations": [
        "木売場",
        "市立病院前(厚木市)",
        "税務署入口(厚木市)",
        "市役所入口(厚木市)",
        "本厚木駅",
        "厚木バスセンター"
    ],
    "weekday": [
        "6:27",
        "6:52",
        "7:07",
        "7:27",
        "8:04",
        "8:29",
        "9:08",
        "9:40",
        "10:40",
        "11:45",
        "12:45",
        "13:30",
        "14:25",
        "15:30",
        "16:34",
        "17:29",
        "18:14",
        "19:04",
        "19:32",
        "20:07",
        "20:47",
        "21:42",
        "22:27"
    ],
    "saturday": [
        "6:58",
        "8:02",
        "9:03",
        "10:05",
        "11:05",
        "12:05",
        "13:05",
        "14:05",
        "15:04",
        "16:08",
        "17:08",
        "18:08",
        "19:06",
        "20:02",
        "21:02",
        "21:57"
    ],
    "holiday": [
        "6:54",
        "8:00",
        "9:01",
        "10:01",
        "11:04",
        "12:04",
        "13:04",
        "14:04",
        "15:04",
        "16:07",
        "17:07",
        "18:07",
        "19:05",
        "20:02"
    ],
    "url": "https://www.kanachu.co.jp/dia/diagram/timetable01_js/course:0000800131-16/node:00128261/kt:0/lname:/"
}
