{
    "date": "",
    "name": "川井宿",
    "position": "-",
    "system": "横04",
    "destinations": [
        "福泉寺前(横浜市旭区)",
        "宮の下(横浜市旭区)",
        "長源寺前(横浜市旭区)",
        "上川井町",
        "大貫橋",
        "亀甲山",
        "桜山(横浜市旭区)",
        "卸センター前",
        "笹原(横浜市瀬谷区)",
        "瀬谷入口",
        "観音寺前(大和市)",
        "下鶴間",
        "諏訪神社",
        "山王原(大和市)",
        "長堀公園前",
        "鶴間二丁目",
        "鶴間駅東口"
    ],
    "weekday": [],
    "saturday": [],
    "holiday": [],
    "url": "https://www.kanachu.co.jp/dia/diagram/timetable01_js/course:0000803918-34/node:00129711/kt:0/lname:/"
}
