{
    "date": "2025/08/30",
    "name": "西根",
    "position": "-",
    "system": "戸22",
    "destinations": [
        "舞岡中学校前",
        "舞岡町入口",
        "ブリヂストン前",
        "元町(横浜市戸塚区)",
        "矢部町",
        "戸塚駅東口"
    ],
    "weekday": [
        "5:26",
        "5:41",
        "5:51",
        "6:01",
        "6:06",
        "6:11",
        "6:16",
        "6:21",
        "6:26",
        "6:31",
        "6:36",
        "6:41",
        "6:46",
        "6:51",
        "6:56",
        "7:01",
        "7:06",
        "7:11",
        "7:16",
        "7:21",
        "7:26",
        "7:31",
        "7:36",
        "7:41",
        "7:46",
        "7:53",
        "8:00",
        "8:07",
        "8:13",
        "8:19",
        "8:25",
        "8:31",
        "8:37",
        "8:43",
        "8:51",
        "9:01",
        "9:11",
        "9:21",
        "9:31",
        "9:41",
        "9:51",
        "10:01",
        "10:11",
        "10:21",
        "10:31",
        "10:41",
        "10:51",
        "11:01",
        "11:11",
        "11:21",
        "11:31",
        "11:41",
        "11:51",
        "12:01",
        "12:11",
        "12:21",
        "12:31",
        "12:41",
        "12:51",
        "13:01",
        "13:11",
        "13:21",
        "13:31",
        "13:41",
        "13:51",
        "14:01",
        "14:11",
        "14:21",
        "14:31",
        "14:41",
        "14:51",
        "15:01",
        "15:11",
        "15:21",
        "15:31",
        "15:41",
        "15:51",
        "16:01",
        "16:11",
        "16:21",
        "16:31",
        "16:41",
        "16:51",
        "17:01",
        "17:11",
        "17:21",
        "17:31",
        "17:41",
        "17:51",
        "18:21",
        "18:51",
        "19:21",
        "19:51",
        "20:21",
        "21:01"
    ],
    "saturday": [
        "5:46",
        "6:16",
        "6:41",
        "7:01",
        "7:21",
        "7:41",
        "8:01",
        "8:11",
        "8:21",
        "8:31",
        "8:41",
        "8:51",
        "9:01",
        "9:11",
        "9:21",
        "9:31",
        "9:41",
        "9:51",
        "10:01",
        "10:11",
        "10:21",
        "10:31",
        "10:41",
        "10:51",
        "11:01",
        "11:11",
        "11:21",
        "11:31",
        "11:41",
        "11:51",
        "12:01",
        "12:11",
        "12:21",
        "12:31",
        "12:41",
        "12:51",
        "13:01",
        "13:11",
        "13:21",
        "13:31",
        "13:41",
        "13:51",
        "14:01",
        "14:11",
        "14:21",
        "14:31",
        "14:41",
        "14:51",
        "15:01",
        "15:11",
        "15:21",
        "15:31",
        "15:41",
        "15:51",
        "16:01",
        "16:11",
        "16:21",
        "16:31",
        "16:41",
        "16:51",
        "17:06",
        "17:21",
        "17:36",
        "17:51",
        "18:21",
        "18:51",
        "19:21",
        "20:01",
        "21:01"
    ],
    "holiday": [
        "5:46",
        "6:16",
        "6:41",
        "7:01",
        "7:21",
        "7:41",
        "8:01",
        "8:11",
        "8:21",
        "8:31",
        "8:41",
        "8:51",
        "9:01",
        "9:11",
        "9:21",
        "9:31",
        "9:41",
        "9:51",
        "10:01",
        "10:11",
        "10:21",
        "10:31",
        "10:41",
        "10:51",
        "11:01",
        "11:11",
        "11:21",
        "11:31",
        "11:41",
        "11:51",
        "12:01",
        "12:11",
        "12:21",
        "12:31",
        "12:41",
        "12:51",
        "13:01",
        "13:11",
        "13:21",
        "13:31",
        "13:41",
        "13:51",
        "14:01",
        "14:11",
        "14:21",
        "14:31",
        "14:41",
        "14:51",
        "15:01",
        "15:11",
        "15:21",
        "15:31",
        "15:41",
        "15:51",
        "16:01",
        "16:11",
        "16:21",
        "16:31",
        "16:41",
        "16:51",
        "17:06",
        "17:21",
        "17:36",
        "17:51",
        "18:21",
        "18:51",
        "19:21",
        "20:01",
        "21:01"
    ],
    "url": "https://www.kanachu.co.jp/dia/diagram/timetable01_js/course:0000800861-2/node:00126645/kt:0/lname:/"
}
