{
    "date": "2026/01/16",
    "name": "瀬谷警察署前",
    "position": "-",
    "system": "間15",
    "destinations": [
        "二ツ橋(横浜市瀬谷区)",
        "相沢原",
        "相沢",
        "瀬谷駅",
        "瀬谷駅前通り",
        "本郷(横浜市瀬谷区)",
        "本郷原",
        "中屋敷(横浜市瀬谷区)",
        "竹村町",
        "上瀬谷小学校入口",
        "八幡神社前(横浜市瀬谷区)",
        "馬場屋敷",
        "目黒",
        "長堀公園前",
        "鶴間二丁目",
        "鶴間駅東口"
    ],
    "weekday": [
        "14:53"
    ],
    "saturday": [],
    "holiday": [],
    "url": "https://www.kanachu.co.jp/dia/diagram/timetable01_js/course:0000804251-2/node:00129665/kt:0/lname:/"
}
