{
    "date": "2026/01/16",
    "name": "今宿ハイツ",
    "position": "-",
    "system": "115",
    "destinations": [
        "上白根公園",
        "グリーンヒル上白根",
        "上白根一丁目",
        "今宿中学校前",
        "今宿小学校入口",
        "鶴ヶ峰中学校前",
        "薬王寺入口",
        "鶴ヶ峰本町",
        "鶴ヶ峰駅"
    ],
    "weekday": [
        "6:16"
    ],
    "saturday": [],
    "holiday": [
        "6:36"
    ],
    "url": "https://www.kanachu.co.jp/dia/diagram/timetable01_js/course:0000804243-1/node:00129738/kt:0/lname:/"
}
