{
    "date": "2016/12/19",
    "name": "辻堂団地西",
    "position": "-",
    "system": "辻03",
    "destinations": [
        "辻堂団地"
    ],
    "weekday": [
        "7:00",
        "7:15",
        "7:35",
        "7:56",
        "8:15",
        "8:35",
        "8:55",
        "9:15",
        "10:05",
        "10:45",
        "11:25",
        "12:05",
        "12:45",
        "13:25",
        "14:05",
        "14:45",
        "15:25",
        "16:05",
        "16:45",
        "17:25",
        "17:45",
        "18:06",
        "18:25",
        "18:47",
        "19:05",
        "19:26",
        "19:46",
        "20:06",
        "20:28",
        "21:06"
    ],
    "saturday": [
        "7:05",
        "7:45",
        "8:25",
        "9:05",
        "9:45",
        "10:05",
        "10:25",
        "10:45",
        "11:05",
        "11:25",
        "11:45",
        "12:05",
        "12:45",
        "13:25",
        "14:05",
        "14:45",
        "15:25",
        "16:05",
        "16:45",
        "17:25",
        "17:45",
        "18:05",
        "18:25",
        "18:45",
        "19:05",
        "19:25",
        "19:45",
        "20:25",
        "20:53"
    ],
    "holiday": [
        "7:05",
        "7:45",
        "8:25",
        "9:05",
        "9:45",
        "10:05",
        "10:25",
        "10:45",
        "11:05",
        "11:25",
        "11:45",
        "12:05",
        "12:45",
        "13:25",
        "14:05",
        "14:45",
        "15:25",
        "16:05",
        "16:45",
        "17:25",
        "17:45",
        "18:05",
        "18:25",
        "18:45",
        "19:05",
        "19:25",
        "19:45",
        "20:25",
        "20:53"
    ],
    "url": "https://www.kanachu.co.jp/dia/diagram/timetable01_js/course:0000802426-9/node:00130410/kt:0/lname:/"
}
