{
    "date": "2025/07/12",
    "name": "長尾台(横浜市栄区)",
    "position": "-",
    "system": "船37",
    "destinations": [
        "宮ノ前(横浜市栄区)",
        "小蓋山",
        "田谷(横浜市栄区)",
        "面谷戸",
        "関谷(鎌倉市)",
        "中村(鎌倉市)",
        "打越(鎌倉市)",
        "清泉女学院"
    ],
    "weekday": [
        "9:47",
        "11:03",
        "16:12",
        "17:12"
    ],
    "saturday": [
        "9:17",
        "10:14"
    ],
    "holiday": [
        "9:17",
        "10:14"
    ],
    "url": "https://www.kanachu.co.jp/dia/diagram/timetable01_js/course:0000802733-3/node:00126853/kt:0/lname:/"
}
