{
    "date": "2025/07/12",
    "name": "宮ノ前(横浜市栄区)",
    "position": "-",
    "system": "船37",
    "destinations": [
        "小蓋山",
        "田谷(横浜市栄区)",
        "面谷戸",
        "関谷(鎌倉市)",
        "中村(鎌倉市)",
        "打越(鎌倉市)",
        "清泉女学院"
    ],
    "weekday": [
        "9:48",
        "11:04",
        "16:13",
        "17:13"
    ],
    "saturday": [
        "9:18",
        "10:15"
    ],
    "holiday": [
        "9:18",
        "10:15"
    ],
    "url": "https://www.kanachu.co.jp/dia/diagram/timetable01_js/course:0000802733-4/node:00126852/kt:0/lname:/"
}
