{
    "date": "2025/07/12",
    "name": "田谷(横浜市栄区)",
    "position": "-",
    "system": "船37",
    "destinations": [
        "面谷戸",
        "関谷(鎌倉市)",
        "中村(鎌倉市)",
        "打越(鎌倉市)",
        "清泉女学院"
    ],
    "weekday": [
        "9:50",
        "11:06",
        "16:15",
        "17:15"
    ],
    "saturday": [
        "9:20",
        "10:17"
    ],
    "holiday": [
        "9:20",
        "10:17"
    ],
    "url": "https://www.kanachu.co.jp/dia/diagram/timetable01_js/course:0000802733-6/node:00126850/kt:0/lname:/"
}
