{
    "date": "2025/07/12",
    "name": "中村(鎌倉市)",
    "position": "-",
    "system": "船37",
    "destinations": [
        "打越(鎌倉市)",
        "清泉女学院"
    ],
    "weekday": [
        "9:54",
        "11:10",
        "16:19",
        "17:19"
    ],
    "saturday": [
        "9:24",
        "10:21"
    ],
    "holiday": [
        "9:24",
        "10:21"
    ],
    "url": "https://www.kanachu.co.jp/dia/diagram/timetable01_js/course:0000802733-9/node:00126999/kt:0/lname:/"
}
