{
    "date": "2024/09/02",
    "name": "大坂下",
    "position": "-",
    "system": "戸60",
    "destinations": [
        "大坂台",
        "細田(横浜市戸塚区)",
        "横浜桜陽高校前",
        "五霊神社前",
        "宝寿院前",
        "中村三叉路",
        "二軒家(横浜市戸塚区)",
        "住宅前(横浜市泉区)",
        "通信隊前",
        "高砂苑前",
        "萩丸",
        "西原(横浜市泉区)",
        "立場ターミナル"
    ],
    "weekday": [
        "6:04",
        "6:29",
        "6:54",
        "7:10",
        "7:22",
        "7:34",
        "7:45",
        "7:54",
        "8:06",
        "8:12",
        "8:18",
        "8:24",
        "8:36",
        "8:49",
        "9:09",
        "9:29",
        "9:49",
        "10:09",
        "10:29",
        "10:49",
        "11:09",
        "11:29",
        "11:49",
        "12:09",
        "12:29",
        "12:49",
        "13:09",
        "13:29",
        "13:49",
        "14:09",
        "14:29",
        "14:49",
        "15:09",
        "15:29",
        "15:49",
        "16:04",
        "16:19",
        "16:34",
        "16:49",
        "17:04",
        "17:19",
        "17:34",
        "17:49",
        "18:04",
        "18:16",
        "18:28",
        "18:40",
        "18:52",
        "19:04",
        "19:19",
        "19:34",
        "19:49",
        "20:04",
        "20:28",
        "20:52",
        "21:16",
        "21:44",
        "22:14",
        "22:44",
        "23:14"
    ],
    "saturday": [
        "6:44",
        "7:24",
        "7:44",
        "8:04",
        "8:24",
        "8:44",
        "9:04",
        "9:24",
        "9:44",
        "10:04",
        "10:24",
        "10:44",
        "11:04",
        "11:24",
        "11:44",
        "12:04",
        "12:24",
        "12:44",
        "13:04",
        "13:24",
        "13:44",
        "14:04",
        "14:24",
        "14:44",
        "15:04",
        "15:24",
        "15:44",
        "16:04",
        "16:24",
        "16:44",
        "17:04",
        "17:24",
        "17:44",
        "18:04",
        "18:24",
        "18:44",
        "19:04",
        "19:24",
        "19:44",
        "20:04",
        "20:34",
        "21:04",
        "21:34",
        "22:04",
        "22:39",
        "23:14"
    ],
    "holiday": [
        "6:44",
        "7:24",
        "7:44",
        "8:04",
        "8:24",
        "8:44",
        "9:04",
        "9:24",
        "9:44",
        "10:04",
        "10:24",
        "10:44",
        "11:04",
        "11:24",
        "11:44",
        "12:04",
        "12:24",
        "12:44",
        "13:04",
        "13:24",
        "13:44",
        "14:04",
        "14:24",
        "14:44",
        "15:04",
        "15:24",
        "15:44",
        "16:04",
        "16:24",
        "16:44",
        "17:04",
        "17:24",
        "17:44",
        "18:04",
        "18:24",
        "18:44",
        "19:04",
        "19:24",
        "19:44",
        "20:04",
        "20:34",
        "21:04",
        "21:34",
        "22:04",
        "22:39",
        "23:14"
    ],
    "url": "https://www.kanachu.co.jp/dia/diagram/timetable01_js/course:0000803635-4/node:00126811/kt:0/lname:/"
}
