{
    "date": "2024/09/02",
    "name": "大坂台",
    "position": "-",
    "system": "戸60",
    "destinations": [
        "細田(横浜市戸塚区)",
        "横浜桜陽高校前",
        "五霊神社前",
        "宝寿院前",
        "中村三叉路",
        "二軒家(横浜市戸塚区)",
        "住宅前(横浜市泉区)",
        "通信隊前",
        "高砂苑前",
        "萩丸",
        "西原(横浜市泉区)",
        "立場ターミナル"
    ],
    "weekday": [
        "6:05",
        "6:30",
        "6:55",
        "7:11",
        "7:23",
        "7:35",
        "7:46",
        "7:55",
        "8:07",
        "8:13",
        "8:19",
        "8:25",
        "8:37",
        "8:50",
        "9:10",
        "9:30",
        "9:50",
        "10:10",
        "10:30",
        "10:50",
        "11:10",
        "11:30",
        "11:50",
        "12:10",
        "12:30",
        "12:50",
        "13:10",
        "13:30",
        "13:50",
        "14:10",
        "14:30",
        "14:50",
        "15:10",
        "15:30",
        "15:50",
        "16:05",
        "16:20",
        "16:35",
        "16:50",
        "17:05",
        "17:20",
        "17:35",
        "17:50",
        "18:05",
        "18:17",
        "18:29",
        "18:41",
        "18:53",
        "19:05",
        "19:20",
        "19:35",
        "19:50",
        "20:05",
        "20:29",
        "20:53",
        "21:17",
        "21:45",
        "22:15",
        "22:45",
        "23:15"
    ],
    "saturday": [
        "6:45",
        "7:25",
        "7:45",
        "8:05",
        "8:25",
        "8:45",
        "9:05",
        "9:25",
        "9:45",
        "10:05",
        "10:25",
        "10:45",
        "11:05",
        "11:25",
        "11:45",
        "12:05",
        "12:25",
        "12:45",
        "13:05",
        "13:25",
        "13:45",
        "14:05",
        "14:25",
        "14:45",
        "15:05",
        "15:25",
        "15:45",
        "16:05",
        "16:25",
        "16:45",
        "17:05",
        "17:25",
        "17:45",
        "18:05",
        "18:25",
        "18:45",
        "19:05",
        "19:25",
        "19:45",
        "20:05",
        "20:35",
        "21:05",
        "21:35",
        "22:05",
        "22:40",
        "23:15"
    ],
    "holiday": [
        "6:45",
        "7:25",
        "7:45",
        "8:05",
        "8:25",
        "8:45",
        "9:05",
        "9:25",
        "9:45",
        "10:05",
        "10:25",
        "10:45",
        "11:05",
        "11:25",
        "11:45",
        "12:05",
        "12:25",
        "12:45",
        "13:05",
        "13:25",
        "13:45",
        "14:05",
        "14:25",
        "14:45",
        "15:05",
        "15:25",
        "15:45",
        "16:05",
        "16:25",
        "16:45",
        "17:05",
        "17:25",
        "17:45",
        "18:05",
        "18:25",
        "18:45",
        "19:05",
        "19:25",
        "19:45",
        "20:05",
        "20:35",
        "21:05",
        "21:35",
        "22:05",
        "22:40",
        "23:15"
    ],
    "url": "https://www.kanachu.co.jp/dia/diagram/timetable01_js/course:0000803635-5/node:00126812/kt:0/lname:/"
}
