{
    "date": "2024/09/02",
    "name": "細田(横浜市戸塚区)",
    "position": "-",
    "system": "戸60",
    "destinations": [
        "横浜桜陽高校前",
        "五霊神社前",
        "宝寿院前",
        "中村三叉路",
        "二軒家(横浜市戸塚区)",
        "住宅前(横浜市泉区)",
        "通信隊前",
        "高砂苑前",
        "萩丸",
        "西原(横浜市泉区)",
        "立場ターミナル"
    ],
    "weekday": [
        "6:07",
        "6:32",
        "6:57",
        "7:13",
        "7:25",
        "7:37",
        "7:48",
        "7:57",
        "8:09",
        "8:15",
        "8:21",
        "8:27",
        "8:39",
        "8:52",
        "9:12",
        "9:32",
        "9:52",
        "10:12",
        "10:32",
        "10:52",
        "11:12",
        "11:32",
        "11:52",
        "12:12",
        "12:32",
        "12:52",
        "13:12",
        "13:32",
        "13:52",
        "14:12",
        "14:32",
        "14:52",
        "15:12",
        "15:32",
        "15:52",
        "16:07",
        "16:22",
        "16:37",
        "16:52",
        "17:07",
        "17:22",
        "17:37",
        "17:52",
        "18:07",
        "18:19",
        "18:31",
        "18:43",
        "18:55",
        "19:07",
        "19:22",
        "19:37",
        "19:52",
        "20:07",
        "20:31",
        "20:55",
        "21:19",
        "21:47",
        "22:17",
        "22:47",
        "23:17"
    ],
    "saturday": [
        "6:47",
        "7:27",
        "7:47",
        "8:07",
        "8:27",
        "8:47",
        "9:07",
        "9:27",
        "9:47",
        "10:07",
        "10:27",
        "10:47",
        "11:07",
        "11:27",
        "11:47",
        "12:07",
        "12:27",
        "12:47",
        "13:07",
        "13:27",
        "13:47",
        "14:07",
        "14:27",
        "14:47",
        "15:07",
        "15:27",
        "15:47",
        "16:07",
        "16:27",
        "16:47",
        "17:07",
        "17:27",
        "17:47",
        "18:07",
        "18:27",
        "18:47",
        "19:07",
        "19:27",
        "19:47",
        "20:07",
        "20:37",
        "21:07",
        "21:37",
        "22:07",
        "22:42",
        "23:17"
    ],
    "holiday": [
        "6:47",
        "7:27",
        "7:47",
        "8:07",
        "8:27",
        "8:47",
        "9:07",
        "9:27",
        "9:47",
        "10:07",
        "10:27",
        "10:47",
        "11:07",
        "11:27",
        "11:47",
        "12:07",
        "12:27",
        "12:47",
        "13:07",
        "13:27",
        "13:47",
        "14:07",
        "14:27",
        "14:47",
        "15:07",
        "15:27",
        "15:47",
        "16:07",
        "16:27",
        "16:47",
        "17:07",
        "17:27",
        "17:47",
        "18:07",
        "18:27",
        "18:47",
        "19:07",
        "19:27",
        "19:47",
        "20:07",
        "20:37",
        "21:07",
        "21:37",
        "22:07",
        "22:42",
        "23:17"
    ],
    "url": "https://www.kanachu.co.jp/dia/diagram/timetable01_js/course:0000803635-6/node:00126825/kt:0/lname:/"
}
