{
    "date": "2024/09/02",
    "name": "横浜桜陽高校前",
    "position": "-",
    "system": "戸60",
    "destinations": [
        "五霊神社前",
        "宝寿院前",
        "中村三叉路",
        "二軒家(横浜市戸塚区)",
        "住宅前(横浜市泉区)",
        "通信隊前",
        "高砂苑前",
        "萩丸",
        "西原(横浜市泉区)",
        "立場ターミナル"
    ],
    "weekday": [
        "6:08",
        "6:33",
        "6:58",
        "7:14",
        "7:26",
        "7:38",
        "7:49",
        "7:58",
        "8:10",
        "8:16",
        "8:22",
        "8:28",
        "8:40",
        "8:53",
        "9:13",
        "9:33",
        "9:53",
        "10:13",
        "10:33",
        "10:53",
        "11:13",
        "11:33",
        "11:53",
        "12:13",
        "12:33",
        "12:53",
        "13:13",
        "13:33",
        "13:53",
        "14:13",
        "14:33",
        "14:53",
        "15:13",
        "15:33",
        "15:53",
        "16:08",
        "16:23",
        "16:38",
        "16:53",
        "17:08",
        "17:23",
        "17:38",
        "17:53",
        "18:08",
        "18:20",
        "18:32",
        "18:44",
        "18:56",
        "19:08",
        "19:23",
        "19:38",
        "19:53",
        "20:08",
        "20:32",
        "20:56",
        "21:20",
        "21:48",
        "22:18",
        "22:48",
        "23:18"
    ],
    "saturday": [
        "6:48",
        "7:28",
        "7:48",
        "8:08",
        "8:28",
        "8:48",
        "9:08",
        "9:28",
        "9:48",
        "10:08",
        "10:28",
        "10:48",
        "11:08",
        "11:28",
        "11:48",
        "12:08",
        "12:28",
        "12:48",
        "13:08",
        "13:28",
        "13:48",
        "14:08",
        "14:28",
        "14:48",
        "15:08",
        "15:28",
        "15:48",
        "16:08",
        "16:28",
        "16:48",
        "17:08",
        "17:28",
        "17:48",
        "18:08",
        "18:28",
        "18:48",
        "19:08",
        "19:28",
        "19:48",
        "20:08",
        "20:38",
        "21:08",
        "21:38",
        "22:08",
        "22:43",
        "23:18"
    ],
    "holiday": [
        "6:48",
        "7:28",
        "7:48",
        "8:08",
        "8:28",
        "8:48",
        "9:08",
        "9:28",
        "9:48",
        "10:08",
        "10:28",
        "10:48",
        "11:08",
        "11:28",
        "11:48",
        "12:08",
        "12:28",
        "12:48",
        "13:08",
        "13:28",
        "13:48",
        "14:08",
        "14:28",
        "14:48",
        "15:08",
        "15:28",
        "15:48",
        "16:08",
        "16:28",
        "16:48",
        "17:08",
        "17:28",
        "17:48",
        "18:08",
        "18:28",
        "18:48",
        "19:08",
        "19:28",
        "19:48",
        "20:08",
        "20:38",
        "21:08",
        "21:38",
        "22:08",
        "22:43",
        "23:18"
    ],
    "url": "https://www.kanachu.co.jp/dia/diagram/timetable01_js/course:0000803635-7/node:00126826/kt:0/lname:/"
}
