{
    "date": "2024/09/02",
    "name": "二軒家(横浜市戸塚区)",
    "position": "-",
    "system": "戸60",
    "destinations": [
        "住宅前(横浜市泉区)",
        "通信隊前",
        "高砂苑前",
        "萩丸",
        "西原(横浜市泉区)",
        "立場ターミナル"
    ],
    "weekday": [
        "6:13",
        "6:38",
        "7:03",
        "7:19",
        "7:31",
        "7:43",
        "7:54",
        "8:03",
        "8:15",
        "8:21",
        "8:27",
        "8:33",
        "8:45",
        "8:58",
        "9:18",
        "9:38",
        "9:58",
        "10:18",
        "10:38",
        "10:58",
        "11:18",
        "11:38",
        "11:58",
        "12:18",
        "12:38",
        "12:58",
        "13:18",
        "13:38",
        "13:58",
        "14:18",
        "14:38",
        "14:58",
        "15:18",
        "15:38",
        "15:58",
        "16:13",
        "16:28",
        "16:43",
        "16:58",
        "17:13",
        "17:28",
        "17:43",
        "17:58",
        "18:13",
        "18:25",
        "18:37",
        "18:49",
        "19:01",
        "19:13",
        "19:28",
        "19:43",
        "19:58",
        "20:13",
        "20:37",
        "21:01",
        "21:25",
        "21:53",
        "22:23",
        "22:53",
        "23:23"
    ],
    "saturday": [
        "6:53",
        "7:33",
        "7:53",
        "8:13",
        "8:33",
        "8:53",
        "9:13",
        "9:33",
        "9:53",
        "10:13",
        "10:33",
        "10:53",
        "11:13",
        "11:33",
        "11:53",
        "12:13",
        "12:33",
        "12:53",
        "13:13",
        "13:33",
        "13:53",
        "14:13",
        "14:33",
        "14:53",
        "15:13",
        "15:33",
        "15:53",
        "16:13",
        "16:33",
        "16:53",
        "17:13",
        "17:33",
        "17:53",
        "18:13",
        "18:33",
        "18:53",
        "19:13",
        "19:33",
        "19:53",
        "20:13",
        "20:43",
        "21:13",
        "21:43",
        "22:13",
        "22:48",
        "23:23"
    ],
    "holiday": [
        "6:53",
        "7:33",
        "7:53",
        "8:13",
        "8:33",
        "8:53",
        "9:13",
        "9:33",
        "9:53",
        "10:13",
        "10:33",
        "10:53",
        "11:13",
        "11:33",
        "11:53",
        "12:13",
        "12:33",
        "12:53",
        "13:13",
        "13:33",
        "13:53",
        "14:13",
        "14:33",
        "14:53",
        "15:13",
        "15:33",
        "15:53",
        "16:13",
        "16:33",
        "16:53",
        "17:13",
        "17:33",
        "17:53",
        "18:13",
        "18:33",
        "18:53",
        "19:13",
        "19:33",
        "19:53",
        "20:13",
        "20:43",
        "21:13",
        "21:43",
        "22:13",
        "22:48",
        "23:23"
    ],
    "url": "https://www.kanachu.co.jp/dia/diagram/timetable01_js/course:0000803635-11/node:00126830/kt:0/lname:/"
}
