{
    "date": "2025/01/14",
    "name": "玉川農協前",
    "position": "-",
    "system": "厚38",
    "destinations": [
        "玉川公民館前",
        "日向川",
        "馬場リハビリ入口",
        "神奈川リハビリ",
        "馬場リハビリ入口",
        "七沢温泉入口",
        "七沢病院前",
        "七沢城跡",
        "高旗観音",
        "七沢温泉",
        "高旗観音",
        "七沢城跡",
        "七沢病院前",
        "七沢病院入口",
        "広沢寺温泉入口",
        "鐘ヶ獄",
        "河鹿の沢",
        "広沢寺温泉"
    ],
    "weekday": [
        "9:18",
        "16:20"
    ],
    "saturday": [
        "8:18",
        "12:19",
        "14:19",
        "18:20"
    ],
    "holiday": [
        "8:18",
        "12:19",
        "14:19",
        "18:20"
    ],
    "url": "https://www.kanachu.co.jp/dia/diagram/timetable01_js/course:0000803340-18/node:00128452/kt:0/lname:/"
}
