{
    "date": "2025/01/14",
    "name": "七沢城跡",
    "position": "-",
    "system": "厚38",
    "destinations": [
        "七沢病院前",
        "七沢病院入口",
        "広沢寺温泉入口",
        "鐘ヶ獄",
        "河鹿の沢",
        "広沢寺温泉"
    ],
    "weekday": [
        "9:32",
        "16:34"
    ],
    "saturday": [
        "8:32",
        "12:33",
        "14:33",
        "18:34"
    ],
    "holiday": [
        "8:32",
        "12:33",
        "14:33",
        "18:34"
    ],
    "url": "https://www.kanachu.co.jp/dia/diagram/timetable01_js/course:0000803340-30/node:00128465/kt:0/lname:/"
}
