{
    "date": "2025/07/12",
    "name": "城南(藤沢市)",
    "position": "-",
    "system": "辻07",
    "destinations": [
        "城南一丁目",
        "神台公園前",
        "辻堂駅北口"
    ],
    "weekday": [],
    "saturday": [
        "6:44",
        "7:24",
        "8:04",
        "8:47",
        "9:27",
        "10:04",
        "10:44",
        "11:26",
        "12:04",
        "12:44",
        "13:24",
        "14:08",
        "14:46",
        "15:33",
        "16:18",
        "16:46",
        "17:31",
        "18:16",
        "18:57",
        "19:34",
        "20:12"
    ],
    "holiday": [
        "7:04",
        "7:45",
        "8:27",
        "9:07",
        "9:50",
        "10:32",
        "11:14",
        "11:57",
        "12:39",
        "13:57",
        "14:43",
        "15:25",
        "16:10",
        "16:55",
        "17:25",
        "18:10"
    ],
    "url": "https://www.kanachu.co.jp/dia/diagram/timetable01_js/course:0000802316-6/node:00127272/kt:0/lname:/"
}
