{
    "date": "2025/07/12",
    "name": "神台公園前",
    "position": "-",
    "system": "辻07",
    "destinations": [
        "辻堂駅北口"
    ],
    "weekday": [],
    "saturday": [
        "6:47",
        "7:27",
        "8:07",
        "8:50",
        "9:30",
        "10:07",
        "10:47",
        "11:29",
        "12:07",
        "12:47",
        "13:27",
        "14:11",
        "14:49",
        "15:36",
        "16:21",
        "16:49",
        "17:34",
        "18:19",
        "19:00",
        "19:37",
        "20:15"
    ],
    "holiday": [
        "7:07",
        "7:48",
        "8:30",
        "9:10",
        "9:53",
        "10:35",
        "11:17",
        "12:00",
        "12:42",
        "14:00",
        "14:46",
        "15:28",
        "16:13",
        "16:58",
        "17:28",
        "18:13"
    ],
    "url": "https://www.kanachu.co.jp/dia/diagram/timetable01_js/course:0000802316-8/node:00130068/kt:0/lname:/"
}
