{
    "date": "2025/01/14",
    "name": "片岸(厚木市)",
    "position": "-",
    "system": "厚38",
    "destinations": [
        "温水",
        "高坪入口",
        "南毛利小学校前",
        "清水(厚木市)",
        "観音坂",
        "上長谷(厚木市)",
        "愛名入口",
        "小野宮前",
        "小野橋(厚木市)",
        "中屋橋",
        "玉川農協前",
        "玉川公民館前",
        "日向川",
        "馬場リハビリ入口",
        "神奈川リハビリ",
        "馬場リハビリ入口",
        "七沢温泉入口",
        "七沢病院前",
        "七沢城跡",
        "高旗観音",
        "七沢温泉",
        "高旗観音",
        "七沢城跡",
        "七沢病院前",
        "七沢病院入口",
        "広沢寺温泉入口",
        "鐘ヶ獄",
        "河鹿の沢",
        "広沢寺温泉"
    ],
    "weekday": [
        "9:08",
        "16:09"
    ],
    "saturday": [
        "8:07",
        "12:08",
        "14:08",
        "18:09"
    ],
    "holiday": [
        "8:07",
        "12:08",
        "14:08",
        "18:09"
    ],
    "url": "https://www.kanachu.co.jp/dia/diagram/timetable01_js/course:0000803340-7/node:00128442/kt:0/lname:/"
}
