{
    "date": "2025/01/14",
    "name": "愛名入口",
    "position": "-",
    "system": "厚38",
    "destinations": [
        "小野宮前",
        "小野橋(厚木市)",
        "中屋橋",
        "玉川農協前",
        "玉川公民館前",
        "日向川",
        "馬場リハビリ入口",
        "神奈川リハビリ",
        "馬場リハビリ入口",
        "七沢温泉入口",
        "七沢病院前",
        "七沢城跡",
        "高旗観音",
        "七沢温泉",
        "高旗観音",
        "七沢城跡",
        "七沢病院前",
        "七沢病院入口",
        "広沢寺温泉入口",
        "鐘ヶ獄",
        "河鹿の沢",
        "広沢寺温泉"
    ],
    "weekday": [
        "9:14",
        "16:15"
    ],
    "saturday": [
        "8:13",
        "12:14",
        "14:14",
        "18:15"
    ],
    "holiday": [
        "8:13",
        "12:14",
        "14:14",
        "18:15"
    ],
    "url": "https://www.kanachu.co.jp/dia/diagram/timetable01_js/course:0000803340-14/node:00128448/kt:0/lname:/"
}
