{
    "date": "2025/01/14",
    "name": "神奈川リハビリ",
    "position": "-",
    "system": "厚38",
    "destinations": [
        "馬場リハビリ入口",
        "七沢温泉入口",
        "七沢病院前",
        "七沢城跡",
        "高旗観音",
        "七沢温泉",
        "高旗観音",
        "七沢城跡",
        "七沢病院前",
        "七沢病院入口",
        "広沢寺温泉入口",
        "鐘ヶ獄",
        "河鹿の沢",
        "広沢寺温泉"
    ],
    "weekday": [
        "9:23",
        "16:25"
    ],
    "saturday": [
        "8:23",
        "12:24",
        "14:24",
        "18:25"
    ],
    "holiday": [
        "8:23",
        "12:24",
        "14:24",
        "18:25"
    ],
    "url": "https://www.kanachu.co.jp/dia/diagram/timetable01_js/course:0000803340-22/node:00128456/kt:0/lname:/"
}
