{
    "date": "2025/01/14",
    "name": "七沢温泉入口",
    "position": "-",
    "system": "厚38",
    "destinations": [
        "七沢病院前",
        "七沢城跡",
        "高旗観音",
        "七沢温泉",
        "高旗観音",
        "七沢城跡",
        "七沢病院前",
        "七沢病院入口",
        "広沢寺温泉入口",
        "鐘ヶ獄",
        "河鹿の沢",
        "広沢寺温泉"
    ],
    "weekday": [
        "9:25",
        "16:27"
    ],
    "saturday": [
        "8:25",
        "12:26",
        "14:26",
        "18:27"
    ],
    "holiday": [
        "8:25",
        "12:26",
        "14:26",
        "18:27"
    ],
    "url": "https://www.kanachu.co.jp/dia/diagram/timetable01_js/course:0000803340-24/node:00128457/kt:0/lname:/"
}
