{
    "date": "2025/01/14",
    "name": "高旗観音",
    "position": "-",
    "system": "厚38",
    "destinations": [
        "七沢温泉",
        "高旗観音",
        "七沢城跡",
        "七沢病院前",
        "七沢病院入口",
        "広沢寺温泉入口",
        "鐘ヶ獄",
        "河鹿の沢",
        "広沢寺温泉"
    ],
    "weekday": [
        "9:29",
        "16:31"
    ],
    "saturday": [
        "8:29",
        "12:30",
        "14:30",
        "18:31"
    ],
    "holiday": [
        "8:29",
        "12:30",
        "14:30",
        "18:31"
    ],
    "url": "https://www.kanachu.co.jp/dia/diagram/timetable01_js/course:0000803340-27/node:00128466/kt:0/lname:/"
}
