{
    "date": "2025/01/14",
    "name": "七沢温泉",
    "position": "-",
    "system": "厚38",
    "destinations": [
        "高旗観音",
        "七沢城跡",
        "七沢病院前",
        "七沢病院入口",
        "広沢寺温泉入口",
        "鐘ヶ獄",
        "河鹿の沢",
        "広沢寺温泉"
    ],
    "weekday": [
        "9:30",
        "16:32"
    ],
    "saturday": [
        "8:30",
        "12:31",
        "14:31",
        "18:32"
    ],
    "holiday": [
        "8:30",
        "12:31",
        "14:31",
        "18:32"
    ],
    "url": "https://www.kanachu.co.jp/dia/diagram/timetable01_js/course:0000803340-28/node:00128467/kt:0/lname:/"
}
