{
    "date": "2025/04/19",
    "name": "鳩川住宅前",
    "position": "-",
    "system": "淵53",
    "destinations": [
        "上溝高校入口",
        "上溝中央",
        "上溝",
        "横山坂上",
        "星が丘(相模原市中央区)",
        "千代田(相模原市中央区)",
        "栄公園前",
        "弥栄(相模原市中央区)",
        "淵野辺十字路",
        "淵野辺駅入口",
        "淵野辺駅南口"
    ],
    "weekday": [
        "6:56",
        "7:12",
        "7:57",
        "8:22",
        "8:47",
        "9:11",
        "9:36",
        "10:06",
        "10:36",
        "11:06",
        "11:36",
        "12:06",
        "12:36",
        "13:06",
        "13:36",
        "14:06",
        "14:36",
        "15:06",
        "15:36",
        "16:41",
        "17:13",
        "17:43",
        "18:13",
        "18:43",
        "19:11",
        "20:06",
        "21:06"
    ],
    "saturday": [
        "7:06",
        "7:36",
        "8:06",
        "8:36",
        "9:06",
        "9:36",
        "10:06",
        "10:36",
        "11:06",
        "11:36",
        "12:06",
        "12:36",
        "13:06",
        "13:36",
        "14:06",
        "14:36",
        "15:06",
        "15:36",
        "16:06",
        "16:36",
        "17:06",
        "17:36",
        "18:06",
        "18:36",
        "19:36",
        "20:06",
        "20:36",
        "21:36"
    ],
    "holiday": [
        "7:06",
        "7:51",
        "8:36",
        "9:21",
        "10:06",
        "10:51",
        "11:36",
        "12:21",
        "13:06",
        "13:51",
        "14:36",
        "15:21",
        "16:06",
        "16:51",
        "17:36",
        "18:21",
        "19:06",
        "19:51",
        "20:36"
    ],
    "url": "https://www.kanachu.co.jp/dia/diagram/timetable01_js/course:0000802370-5/node:00129219/kt:0/lname:/"
}
