{
    "date": "2025/04/19",
    "name": "上溝高校入口",
    "position": "-",
    "system": "淵53",
    "destinations": [
        "上溝中央",
        "上溝",
        "横山坂上",
        "星が丘(相模原市中央区)",
        "千代田(相模原市中央区)",
        "栄公園前",
        "弥栄(相模原市中央区)",
        "淵野辺十字路",
        "淵野辺駅入口",
        "淵野辺駅南口"
    ],
    "weekday": [
        "6:57",
        "7:13",
        "7:58",
        "8:23",
        "8:48",
        "9:12",
        "9:37",
        "10:07",
        "10:37",
        "11:07",
        "11:37",
        "12:07",
        "12:37",
        "13:07",
        "13:37",
        "14:07",
        "14:37",
        "15:07",
        "15:37",
        "16:42",
        "17:15",
        "17:45",
        "18:15",
        "18:45",
        "19:12",
        "20:07",
        "21:07"
    ],
    "saturday": [
        "7:07",
        "7:37",
        "8:07",
        "8:37",
        "9:07",
        "9:37",
        "10:07",
        "10:37",
        "11:07",
        "11:37",
        "12:07",
        "12:37",
        "13:07",
        "13:37",
        "14:07",
        "14:37",
        "15:07",
        "15:37",
        "16:07",
        "16:37",
        "17:07",
        "17:37",
        "18:07",
        "18:37",
        "19:37",
        "20:07",
        "20:37",
        "21:37"
    ],
    "holiday": [
        "7:07",
        "7:52",
        "8:37",
        "9:22",
        "10:07",
        "10:52",
        "11:37",
        "12:22",
        "13:07",
        "13:52",
        "14:37",
        "15:22",
        "16:07",
        "16:52",
        "17:37",
        "18:22",
        "19:07",
        "19:52",
        "20:37"
    ],
    "url": "https://www.kanachu.co.jp/dia/diagram/timetable01_js/course:0000802370-6/node:00129179/kt:0/lname:/"
}
