{
    "date": "2025/04/19",
    "name": "星が丘(相模原市中央区)",
    "position": "-",
    "system": "淵53",
    "destinations": [
        "千代田(相模原市中央区)",
        "栄公園前",
        "弥栄(相模原市中央区)",
        "淵野辺十字路",
        "淵野辺駅入口",
        "淵野辺駅南口"
    ],
    "weekday": [
        "7:06",
        "7:23",
        "8:08",
        "8:33",
        "8:58",
        "9:22",
        "9:47",
        "10:17",
        "10:47",
        "11:17",
        "11:47",
        "12:17",
        "12:47",
        "13:17",
        "13:47",
        "14:17",
        "14:47",
        "15:17",
        "15:47",
        "16:52",
        "17:26",
        "17:56",
        "18:26",
        "18:56",
        "19:20",
        "20:15",
        "21:15"
    ],
    "saturday": [
        "7:16",
        "7:46",
        "8:16",
        "8:46",
        "9:16",
        "9:46",
        "10:16",
        "10:46",
        "11:16",
        "11:46",
        "12:16",
        "12:46",
        "13:16",
        "13:46",
        "14:16",
        "14:46",
        "15:16",
        "15:46",
        "16:16",
        "16:46",
        "17:16",
        "17:46",
        "18:16",
        "18:46",
        "19:46",
        "20:16",
        "20:46",
        "21:46"
    ],
    "holiday": [
        "7:17",
        "8:02",
        "8:47",
        "9:32",
        "10:17",
        "11:02",
        "11:47",
        "12:32",
        "13:17",
        "14:02",
        "14:47",
        "15:32",
        "16:17",
        "17:02",
        "17:47",
        "18:32",
        "19:17",
        "20:02",
        "20:47"
    ],
    "url": "https://www.kanachu.co.jp/dia/diagram/timetable01_js/course:0000802370-10/node:00129253/kt:0/lname:/"
}
