{
    "date": "2025/03/15",
    "name": "茅ヶ崎駅",
    "position": "-",
    "system": "茅81",
    "destinations": [
        "中央公園前(茅ケ崎市)",
        "前の田",
        "神奈中営業所前",
        "ニュータウン入口(茅ケ崎市)",
        "鶴が台入口",
        "鶴が台中学校前",
        "鶴が台名店街入口",
        "鶴が台団地",
        "香川小学校入口",
        "松風台(茅ケ崎市)"
    ],
    "weekday": [
        "19:30",
        "20:04",
        "20:20",
        "20:55",
        "21:15",
        "21:35",
        "22:15",
        "22:55",
        "23:25"
    ],
    "saturday": [
        "20:50",
        "22:45"
    ],
    "holiday": [
        "20:50",
        "22:45"
    ],
    "url": "https://www.kanachu.co.jp/dia/diagram/timetable01_js/course:0000802959-1/node:00127126/kt:0/lname:/"
}
