{
    "date": "2025/03/15",
    "name": "ニュータウン入口(茅ケ崎市)",
    "position": "-",
    "system": "茅81",
    "destinations": [
        "鶴が台入口",
        "鶴が台中学校前",
        "鶴が台名店街入口",
        "鶴が台団地",
        "香川小学校入口",
        "松風台(茅ケ崎市)"
    ],
    "weekday": [
        "19:35",
        "20:09",
        "20:25",
        "21:00",
        "21:20",
        "21:40",
        "22:20",
        "23:00",
        "23:30"
    ],
    "saturday": [
        "20:55",
        "22:50"
    ],
    "holiday": [
        "20:55",
        "22:50"
    ],
    "url": "https://www.kanachu.co.jp/dia/diagram/timetable01_js/course:0000802959-5/node:00127138/kt:0/lname:/"
}
