{
    "date": "2025/03/15",
    "name": "香川小学校入口",
    "position": "-",
    "system": "茅81",
    "destinations": [
        "松風台(茅ケ崎市)"
    ],
    "weekday": [
        "19:43",
        "20:17",
        "20:33",
        "21:08",
        "21:28",
        "21:48",
        "22:28",
        "23:08",
        "23:37"
    ],
    "saturday": [
        "21:03",
        "22:58"
    ],
    "holiday": [
        "21:03",
        "22:58"
    ],
    "url": "https://www.kanachu.co.jp/dia/diagram/timetable01_js/course:0000802959-10/node:00127157/kt:0/lname:/"
}
