{
    "date": "2025/04/01",
    "name": "市民病院前(町田市)",
    "position": "-",
    "system": "町31",
    "destinations": [
        "浄水場前(町田市)",
        "滝の沢(町田市)",
        "木曽住宅",
        "三家(町田市)",
        "木曽(町田市)",
        "忠生公園入口",
        "上宿(町田市)",
        "下根岸(町田市)",
        "根岸(根岸町/町田市)",
        "馬駈",
        "図師大橋",
        "図師",
        "松下谷戸",
        "結道",
        "日大三高東",
        "扇橋(町田市)",
        "多摩丘陵病院",
        "多摩丘陵リハビリテーション病院"
    ],
    "weekday": [
        "7:35",
        "8:36",
        "9:14",
        "10:40",
        "11:40",
        "13:04",
        "14:04",
        "14:43",
        "15:26",
        "16:21",
        "17:46",
        "18:16",
        "19:51"
    ],
    "saturday": [
        "8:15",
        "9:58",
        "11:41",
        "13:21",
        "15:11",
        "17:11"
    ],
    "holiday": [
        "8:13",
        "9:56",
        "11:46",
        "13:16",
        "15:11",
        "17:11"
    ],
    "url": "https://www.kanachu.co.jp/dia/diagram/timetable01_js/course:0000803323-5/node:00129359/kt:0/lname:/"
}
