{
    "date": "2025/04/01",
    "name": "滝の沢(町田市)",
    "position": "-",
    "system": "町31",
    "destinations": [
        "木曽住宅",
        "三家(町田市)",
        "木曽(町田市)",
        "忠生公園入口",
        "上宿(町田市)",
        "下根岸(町田市)",
        "根岸(根岸町/町田市)",
        "馬駈",
        "図師大橋",
        "図師",
        "松下谷戸",
        "結道",
        "日大三高東",
        "扇橋(町田市)",
        "多摩丘陵病院",
        "多摩丘陵リハビリテーション病院"
    ],
    "weekday": [
        "7:38",
        "8:39",
        "9:17",
        "10:43",
        "11:43",
        "13:07",
        "14:07",
        "14:46",
        "15:29",
        "16:24",
        "17:50",
        "18:20",
        "19:54"
    ],
    "saturday": [
        "8:17",
        "10:00",
        "11:44",
        "13:24",
        "15:15",
        "17:15"
    ],
    "holiday": [
        "8:15",
        "9:59",
        "11:50",
        "13:20",
        "15:15",
        "17:15"
    ],
    "url": "https://www.kanachu.co.jp/dia/diagram/timetable01_js/course:0000803323-7/node:00129361/kt:0/lname:/"
}
