{
    "date": "2025/04/01",
    "name": "木曽(町田市)",
    "position": "-",
    "system": "町31",
    "destinations": [
        "忠生公園入口",
        "上宿(町田市)",
        "下根岸(町田市)",
        "根岸(根岸町/町田市)",
        "馬駈",
        "図師大橋",
        "図師",
        "松下谷戸",
        "結道",
        "日大三高東",
        "扇橋(町田市)",
        "多摩丘陵病院",
        "多摩丘陵リハビリテーション病院"
    ],
    "weekday": [
        "7:42",
        "8:43",
        "9:21",
        "10:47",
        "11:47",
        "13:11",
        "14:11",
        "14:50",
        "15:33",
        "16:28",
        "17:54",
        "18:24",
        "19:58"
    ],
    "saturday": [
        "8:21",
        "10:04",
        "11:48",
        "13:28",
        "15:19",
        "17:19"
    ],
    "holiday": [
        "8:19",
        "10:03",
        "11:54",
        "13:24",
        "15:19",
        "17:19"
    ],
    "url": "https://www.kanachu.co.jp/dia/diagram/timetable01_js/course:0000803323-10/node:00129364/kt:0/lname:/"
}
