{
    "date": "2025/04/01",
    "name": "野津田車庫",
    "position": "-",
    "system": "淵23",
    "destinations": [
        "神学校(町田市)",
        "並木(町田市)",
        "図師",
        "図師大橋",
        "馬駈",
        "根岸(根岸町/町田市)",
        "根岸橋(相模原市中央区)",
        "山王平",
        "東町(相模原市中央区)",
        "小学校入口(相模原市中央区)",
        "淵野辺郵便局前",
        "幸町(相模原市中央区)",
        "淵野辺駅北口"
    ],
    "weekday": [
        "6:43",
        "9:20",
        "10:15",
        "15:55",
        "16:55",
        "17:55",
        "18:55"
    ],
    "saturday": [
        "8:20",
        "9:15",
        "12:15",
        "16:55",
        "17:55"
    ],
    "holiday": [
        "8:25",
        "9:15",
        "12:15",
        "16:55",
        "17:55"
    ],
    "url": "https://www.kanachu.co.jp/dia/diagram/timetable01_js/course:0000803247-1/node:00129373/kt:0/lname:/"
}
