{
    "date": "2025/04/01",
    "name": "神学校(町田市)",
    "position": "-",
    "system": "淵23",
    "destinations": [
        "並木(町田市)",
        "図師",
        "図師大橋",
        "馬駈",
        "根岸(根岸町/町田市)",
        "根岸橋(相模原市中央区)",
        "山王平",
        "東町(相模原市中央区)",
        "小学校入口(相模原市中央区)",
        "淵野辺郵便局前",
        "幸町(相模原市中央区)",
        "淵野辺駅北口"
    ],
    "weekday": [
        "6:44",
        "9:21",
        "10:16",
        "15:56",
        "16:56",
        "17:56",
        "18:56"
    ],
    "saturday": [
        "8:21",
        "9:16",
        "12:16",
        "16:56",
        "17:56"
    ],
    "holiday": [
        "8:26",
        "9:16",
        "12:16",
        "16:56",
        "17:56"
    ],
    "url": "https://www.kanachu.co.jp/dia/diagram/timetable01_js/course:0000803247-2/node:00129372/kt:0/lname:/"
}
