{
    "date": "2024/09/02",
    "name": "アザリエ団地入口",
    "position": "-",
    "system": "戸79",
    "destinations": [
        "日産前(横浜市戸塚区)",
        "踊場",
        "谷戸矢部入口",
        "鳥が丘南",
        "鳥が丘小学校入口",
        "戸塚斎場前",
        "領家中学校前",
        "白百合台団地",
        "西が岡三丁目",
        "福祉センター前(横浜市泉区)",
        "西が岡一丁目",
        "親善病院前",
        "弥生台駅"
    ],
    "weekday": [
        "6:34",
        "7:03",
        "7:23",
        "7:46",
        "8:08",
        "8:23",
        "8:53",
        "9:23",
        "9:53",
        "10:23",
        "11:03",
        "11:43",
        "12:23",
        "13:03",
        "13:43",
        "14:23",
        "15:03",
        "15:43",
        "16:23",
        "16:53",
        "17:23",
        "17:53",
        "18:23",
        "18:53",
        "19:23",
        "19:53",
        "20:33",
        "21:13",
        "22:00"
    ],
    "saturday": [
        "7:08",
        "8:08",
        "8:58",
        "9:38",
        "10:18",
        "10:58",
        "11:38",
        "12:18",
        "12:58",
        "13:38",
        "14:18",
        "14:58",
        "15:38",
        "16:18",
        "16:58",
        "17:38",
        "18:18",
        "18:58",
        "19:38",
        "20:18",
        "21:23"
    ],
    "holiday": [
        "7:08",
        "8:08",
        "8:58",
        "9:38",
        "10:18",
        "10:58",
        "11:38",
        "12:18",
        "12:58",
        "13:38",
        "14:18",
        "14:58",
        "15:38",
        "16:18",
        "16:58",
        "17:38",
        "18:18",
        "18:58",
        "19:38",
        "20:18",
        "21:23"
    ],
    "url": "https://www.kanachu.co.jp/dia/diagram/timetable01_js/course:0000803544-3/node:00126862/kt:0/lname:/"
}
