{
    "date": "2024/09/02",
    "name": "戸塚斎場前",
    "position": "-",
    "system": "戸79",
    "destinations": [
        "領家中学校前",
        "白百合台団地",
        "西が岡三丁目",
        "福祉センター前(横浜市泉区)",
        "西が岡一丁目",
        "親善病院前",
        "弥生台駅"
    ],
    "weekday": [
        "6:40",
        "7:09",
        "7:29",
        "7:52",
        "8:14",
        "8:29",
        "8:59",
        "9:29",
        "9:59",
        "10:29",
        "11:09",
        "11:49",
        "12:29",
        "13:09",
        "13:49",
        "14:29",
        "15:09",
        "15:49",
        "16:29",
        "16:59",
        "17:29",
        "17:59",
        "18:29",
        "18:59",
        "19:29",
        "19:59",
        "20:39",
        "21:19",
        "22:06"
    ],
    "saturday": [
        "7:14",
        "8:14",
        "9:04",
        "9:44",
        "10:24",
        "11:04",
        "11:44",
        "12:24",
        "13:04",
        "13:44",
        "14:24",
        "15:04",
        "15:44",
        "16:24",
        "17:04",
        "17:44",
        "18:24",
        "19:04",
        "19:44",
        "20:24",
        "21:29"
    ],
    "holiday": [
        "7:14",
        "8:14",
        "9:04",
        "9:44",
        "10:24",
        "11:04",
        "11:44",
        "12:24",
        "13:04",
        "13:44",
        "14:24",
        "15:04",
        "15:44",
        "16:24",
        "17:04",
        "17:44",
        "18:24",
        "19:04",
        "19:44",
        "20:24",
        "21:29"
    ],
    "url": "https://www.kanachu.co.jp/dia/diagram/timetable01_js/course:0000803544-9/node:00126910/kt:0/lname:/"
}
