{
    "date": "2024/09/02",
    "name": "領家中学校前",
    "position": "-",
    "system": "戸79",
    "destinations": [
        "白百合台団地",
        "西が岡三丁目",
        "福祉センター前(横浜市泉区)",
        "西が岡一丁目",
        "親善病院前",
        "弥生台駅"
    ],
    "weekday": [
        "6:41",
        "7:10",
        "7:30",
        "7:53",
        "8:15",
        "8:30",
        "9:00",
        "9:30",
        "10:00",
        "10:30",
        "11:10",
        "11:50",
        "12:30",
        "13:10",
        "13:50",
        "14:30",
        "15:10",
        "15:50",
        "16:30",
        "17:00",
        "17:30",
        "18:00",
        "18:30",
        "19:00",
        "19:30",
        "20:00",
        "20:40",
        "21:20",
        "22:07"
    ],
    "saturday": [
        "7:15",
        "8:15",
        "9:05",
        "9:45",
        "10:25",
        "11:05",
        "11:45",
        "12:25",
        "13:05",
        "13:45",
        "14:25",
        "15:05",
        "15:45",
        "16:25",
        "17:05",
        "17:45",
        "18:25",
        "19:05",
        "19:45",
        "20:25",
        "21:30"
    ],
    "holiday": [
        "7:15",
        "8:15",
        "9:05",
        "9:45",
        "10:25",
        "11:05",
        "11:45",
        "12:25",
        "13:05",
        "13:45",
        "14:25",
        "15:05",
        "15:45",
        "16:25",
        "17:05",
        "17:45",
        "18:25",
        "19:05",
        "19:45",
        "20:25",
        "21:30"
    ],
    "url": "https://www.kanachu.co.jp/dia/diagram/timetable01_js/course:0000803544-10/node:00126710/kt:0/lname:/"
}
