{
    "date": "2024/09/02",
    "name": "西が岡三丁目",
    "position": "-",
    "system": "戸79",
    "destinations": [
        "福祉センター前(横浜市泉区)",
        "西が岡一丁目",
        "親善病院前",
        "弥生台駅"
    ],
    "weekday": [
        "6:44",
        "7:13",
        "7:33",
        "7:56",
        "8:18",
        "8:33",
        "9:03",
        "9:33",
        "10:03",
        "10:33",
        "11:13",
        "11:53",
        "12:33",
        "13:13",
        "13:53",
        "14:33",
        "15:13",
        "15:53",
        "16:33",
        "17:03",
        "17:33",
        "18:03",
        "18:33",
        "19:03",
        "19:33",
        "20:03",
        "20:43",
        "21:23",
        "22:10"
    ],
    "saturday": [
        "7:18",
        "8:18",
        "9:08",
        "9:48",
        "10:28",
        "11:08",
        "11:48",
        "12:28",
        "13:08",
        "13:48",
        "14:28",
        "15:08",
        "15:48",
        "16:28",
        "17:08",
        "17:48",
        "18:28",
        "19:08",
        "19:48",
        "20:28",
        "21:33"
    ],
    "holiday": [
        "7:18",
        "8:18",
        "9:08",
        "9:48",
        "10:28",
        "11:08",
        "11:48",
        "12:28",
        "13:08",
        "13:48",
        "14:28",
        "15:08",
        "15:48",
        "16:28",
        "17:08",
        "17:48",
        "18:28",
        "19:08",
        "19:48",
        "20:28",
        "21:33"
    ],
    "url": "https://www.kanachu.co.jp/dia/diagram/timetable01_js/course:0000803544-12/node:00126694/kt:0/lname:/"
}
