{
    "date": "2025/11/16",
    "name": "白山高校",
    "position": "-",
    "system": "鴨02",
    "destinations": [
        "中山車庫"
    ],
    "weekday": [
        "10:46",
        "11:20",
        "12:34",
        "13:56",
        "14:24",
        "14:51",
        "16:19",
        "16:32",
        "17:09",
        "17:47",
        "19:12",
        "19:33",
        "20:49",
        "20:55",
        "23:08"
    ],
    "saturday": [
        "8:14",
        "8:51",
        "11:07",
        "13:25",
        "13:52",
        "14:55",
        "15:41",
        "16:41",
        "17:12",
        "17:32",
        "18:48",
        "20:09",
        "21:55"
    ],
    "holiday": [
        "9:46",
        "11:22",
        "13:53",
        "15:28",
        "16:45",
        "18:41",
        "19:24",
        "20:29",
        "21:34"
    ],
    "url": "https://www.kanachu.co.jp/dia/diagram/timetable01_js/course:0000803639-9/node:00102931/kt:0/lname:/"
}
