{
    "date": "2025/08/30",
    "name": "横浜市役所前",
    "position": "-",
    "system": "戸47",
    "destinations": [
        "本町四丁目(横浜市中区)",
        "尾上町(横浜市中区)",
        "羽衣町(横浜市中区)",
        "長者町五丁目",
        "曙町(横浜市中区)",
        "横浜橋",
        "阪東橋",
        "吉野町一丁目",
        "吉野町駅前",
        "前里町",
        "南太田駅前",
        "Y校前",
        "南センター(横浜市南区)",
        "井土ヶ谷",
        "住宅前(横浜市南区)",
        "南永田",
        "弘明寺口",
        "六ツ川町",
        "上六ツ川",
        "大池(横浜市南区)",
        "引越坂",
        "六ツ川四丁目",
        "山谷(横浜市戸塚区)",
        "坂下口",
        "国道平戸",
        "品濃口",
        "赤関橋",
        "柏尾(横浜市戸塚区)",
        "ポーラ前(横浜市戸塚区)",
        "不動坂(横浜市戸塚区)",
        "ブリヂストン前",
        "元町(横浜市戸塚区)",
        "矢部町",
        "戸塚駅東口"
    ],
    "weekday": [
        "8:28",
        "9:08",
        "10:15",
        "10:39",
        "11:27",
        "12:39",
        "13:51",
        "15:03",
        "15:39",
        "16:15",
        "17:27",
        "18:39",
        "20:06",
        "20:40",
        "21:50",
        "22:20",
        "22:50"
    ],
    "saturday": [
        "7:09",
        "7:49",
        "8:56",
        "9:55",
        "10:56",
        "11:56",
        "12:56",
        "13:59",
        "14:59",
        "15:59",
        "16:59",
        "17:59",
        "19:04",
        "19:35",
        "20:35",
        "21:41",
        "22:17"
    ],
    "holiday": [
        "7:04",
        "7:44",
        "8:56",
        "9:55",
        "10:56",
        "11:56",
        "12:56",
        "13:59",
        "14:59",
        "15:59",
        "16:59",
        "17:59",
        "19:04",
        "19:35",
        "20:35",
        "21:41",
        "22:17"
    ],
    "url": "https://www.kanachu.co.jp/dia/diagram/timetable01_js/course:0000803832-2/node:00102945/kt:0/lname:/"
}
