{
    "date": "2025/08/30",
    "name": "羽衣町(横浜市中区)",
    "position": "-",
    "system": "戸47",
    "destinations": [
        "長者町五丁目",
        "曙町(横浜市中区)",
        "横浜橋",
        "阪東橋",
        "吉野町一丁目",
        "吉野町駅前",
        "前里町",
        "南太田駅前",
        "Y校前",
        "南センター(横浜市南区)",
        "井土ヶ谷",
        "住宅前(横浜市南区)",
        "南永田",
        "弘明寺口",
        "六ツ川町",
        "上六ツ川",
        "大池(横浜市南区)",
        "引越坂",
        "六ツ川四丁目",
        "山谷(横浜市戸塚区)",
        "坂下口",
        "国道平戸",
        "品濃口",
        "赤関橋",
        "柏尾(横浜市戸塚区)",
        "ポーラ前(横浜市戸塚区)",
        "不動坂(横浜市戸塚区)",
        "ブリヂストン前",
        "元町(横浜市戸塚区)",
        "矢部町",
        "戸塚駅東口"
    ],
    "weekday": [
        "8:33",
        "9:13",
        "10:20",
        "10:44",
        "11:32",
        "12:44",
        "13:56",
        "15:08",
        "15:44",
        "16:20",
        "17:32",
        "18:44",
        "20:11",
        "20:45",
        "21:55",
        "22:25",
        "22:55"
    ],
    "saturday": [
        "7:14",
        "7:54",
        "9:01",
        "10:00",
        "11:01",
        "12:01",
        "13:01",
        "14:04",
        "15:04",
        "16:04",
        "17:04",
        "18:04",
        "19:09",
        "19:40",
        "20:40",
        "21:46",
        "22:22"
    ],
    "holiday": [
        "7:09",
        "7:49",
        "9:01",
        "10:00",
        "11:01",
        "12:01",
        "13:01",
        "14:04",
        "15:04",
        "16:04",
        "17:04",
        "18:04",
        "19:09",
        "19:40",
        "20:40",
        "21:46",
        "22:22"
    ],
    "url": "https://www.kanachu.co.jp/dia/diagram/timetable01_js/course:0000803832-5/node:00102910/kt:0/lname:/"
}
