{
    "date": "2025/08/30",
    "name": "横浜橋",
    "position": "-",
    "system": "戸47",
    "destinations": [
        "阪東橋",
        "吉野町一丁目",
        "吉野町駅前",
        "前里町",
        "南太田駅前",
        "Y校前",
        "南センター(横浜市南区)",
        "井土ヶ谷",
        "住宅前(横浜市南区)",
        "南永田",
        "弘明寺口",
        "六ツ川町",
        "上六ツ川",
        "大池(横浜市南区)",
        "引越坂",
        "六ツ川四丁目",
        "山谷(横浜市戸塚区)",
        "坂下口",
        "国道平戸",
        "品濃口",
        "赤関橋",
        "柏尾(横浜市戸塚区)",
        "ポーラ前(横浜市戸塚区)",
        "不動坂(横浜市戸塚区)",
        "ブリヂストン前",
        "元町(横浜市戸塚区)",
        "矢部町",
        "戸塚駅東口"
    ],
    "weekday": [
        "8:38",
        "9:18",
        "10:25",
        "10:49",
        "11:37",
        "12:49",
        "14:01",
        "15:13",
        "15:49",
        "16:25",
        "17:37",
        "18:49",
        "20:14",
        "20:48",
        "21:58",
        "22:28",
        "22:58"
    ],
    "saturday": [
        "7:17",
        "7:57",
        "9:06",
        "10:05",
        "11:06",
        "12:06",
        "13:06",
        "14:09",
        "15:09",
        "16:09",
        "17:09",
        "18:09",
        "19:12",
        "19:43",
        "20:43",
        "21:49",
        "22:25"
    ],
    "holiday": [
        "7:12",
        "7:52",
        "9:06",
        "10:05",
        "11:06",
        "12:06",
        "13:06",
        "14:09",
        "15:09",
        "16:09",
        "17:09",
        "18:09",
        "19:12",
        "19:43",
        "20:43",
        "21:49",
        "22:25"
    ],
    "url": "https://www.kanachu.co.jp/dia/diagram/timetable01_js/course:0000803832-8/node:00103225/kt:0/lname:/"
}
