{
    "date": "2025/08/30",
    "name": "阪東橋",
    "position": "-",
    "system": "戸47",
    "destinations": [
        "吉野町一丁目",
        "吉野町駅前",
        "前里町",
        "南太田駅前",
        "Y校前",
        "南センター(横浜市南区)",
        "井土ヶ谷",
        "住宅前(横浜市南区)",
        "南永田",
        "弘明寺口",
        "六ツ川町",
        "上六ツ川",
        "大池(横浜市南区)",
        "引越坂",
        "六ツ川四丁目",
        "山谷(横浜市戸塚区)",
        "坂下口",
        "国道平戸",
        "品濃口",
        "赤関橋",
        "柏尾(横浜市戸塚区)",
        "ポーラ前(横浜市戸塚区)",
        "不動坂(横浜市戸塚区)",
        "ブリヂストン前",
        "元町(横浜市戸塚区)",
        "矢部町",
        "戸塚駅東口"
    ],
    "weekday": [
        "8:39",
        "9:19",
        "10:26",
        "10:50",
        "11:38",
        "12:50",
        "14:02",
        "15:14",
        "15:50",
        "16:26",
        "17:38",
        "18:50",
        "20:15",
        "20:49",
        "21:59",
        "22:29",
        "22:59"
    ],
    "saturday": [
        "7:18",
        "7:58",
        "9:07",
        "10:06",
        "11:07",
        "12:07",
        "13:07",
        "14:10",
        "15:10",
        "16:10",
        "17:10",
        "18:10",
        "19:13",
        "19:44",
        "20:44",
        "21:50",
        "22:26"
    ],
    "holiday": [
        "7:13",
        "7:53",
        "9:07",
        "10:06",
        "11:07",
        "12:07",
        "13:07",
        "14:10",
        "15:10",
        "16:10",
        "17:10",
        "18:10",
        "19:13",
        "19:44",
        "20:44",
        "21:50",
        "22:26"
    ],
    "url": "https://www.kanachu.co.jp/dia/diagram/timetable01_js/course:0000803832-9/node:00102928/kt:0/lname:/"
}
