{
    "date": "2025/08/30",
    "name": "前里町",
    "position": "-",
    "system": "戸47",
    "destinations": [
        "南太田駅前",
        "Y校前",
        "南センター(横浜市南区)",
        "井土ヶ谷",
        "住宅前(横浜市南区)",
        "南永田",
        "弘明寺口",
        "六ツ川町",
        "上六ツ川",
        "大池(横浜市南区)",
        "引越坂",
        "六ツ川四丁目",
        "山谷(横浜市戸塚区)",
        "坂下口",
        "国道平戸",
        "品濃口",
        "赤関橋",
        "柏尾(横浜市戸塚区)",
        "ポーラ前(横浜市戸塚区)",
        "不動坂(横浜市戸塚区)",
        "ブリヂストン前",
        "元町(横浜市戸塚区)",
        "矢部町",
        "戸塚駅東口"
    ],
    "weekday": [
        "8:45",
        "9:25",
        "10:32",
        "10:56",
        "11:44",
        "12:56",
        "14:08",
        "15:20",
        "15:56",
        "16:32",
        "17:44",
        "18:56",
        "20:20",
        "20:54",
        "22:04",
        "22:34",
        "23:04"
    ],
    "saturday": [
        "7:23",
        "8:04",
        "9:13",
        "10:12",
        "11:13",
        "12:13",
        "13:13",
        "14:16",
        "15:16",
        "16:16",
        "17:16",
        "18:16",
        "19:18",
        "19:49",
        "20:49",
        "21:55",
        "22:31"
    ],
    "holiday": [
        "7:18",
        "7:58",
        "9:13",
        "10:12",
        "11:13",
        "12:13",
        "13:13",
        "14:16",
        "15:16",
        "16:16",
        "17:16",
        "18:16",
        "19:18",
        "19:49",
        "20:49",
        "21:55",
        "22:31"
    ],
    "url": "https://www.kanachu.co.jp/dia/diagram/timetable01_js/course:0000803832-12/node:00126634/kt:0/lname:/"
}
