{
    "date": "2025/08/30",
    "name": "Y校前",
    "position": "-",
    "system": "戸47",
    "destinations": [
        "南センター(横浜市南区)",
        "井土ヶ谷",
        "住宅前(横浜市南区)",
        "南永田",
        "弘明寺口",
        "六ツ川町",
        "上六ツ川",
        "大池(横浜市南区)",
        "引越坂",
        "六ツ川四丁目",
        "山谷(横浜市戸塚区)",
        "坂下口",
        "国道平戸",
        "品濃口",
        "赤関橋",
        "柏尾(横浜市戸塚区)",
        "ポーラ前(横浜市戸塚区)",
        "不動坂(横浜市戸塚区)",
        "ブリヂストン前",
        "元町(横浜市戸塚区)",
        "矢部町",
        "戸塚駅東口"
    ],
    "weekday": [
        "8:48",
        "9:28",
        "10:35",
        "10:59",
        "11:47",
        "12:59",
        "14:11",
        "15:23",
        "15:59",
        "16:36",
        "17:48",
        "19:00",
        "20:23",
        "20:57",
        "22:07",
        "22:37",
        "23:07"
    ],
    "saturday": [
        "7:26",
        "8:07",
        "9:16",
        "10:15",
        "11:16",
        "12:16",
        "13:16",
        "14:19",
        "15:20",
        "16:20",
        "17:20",
        "18:20",
        "19:21",
        "19:52",
        "20:52",
        "21:58",
        "22:34"
    ],
    "holiday": [
        "7:21",
        "8:01",
        "9:16",
        "10:15",
        "11:16",
        "12:16",
        "13:16",
        "14:19",
        "15:20",
        "16:20",
        "17:20",
        "18:20",
        "19:21",
        "19:52",
        "20:52",
        "21:58",
        "22:34"
    ],
    "url": "https://www.kanachu.co.jp/dia/diagram/timetable01_js/course:0000803832-14/node:00126632/kt:0/lname:/"
}
