{
    "date": "2025/08/30",
    "name": "井土ヶ谷",
    "position": "-",
    "system": "戸47",
    "destinations": [
        "住宅前(横浜市南区)",
        "南永田",
        "弘明寺口",
        "六ツ川町",
        "上六ツ川",
        "大池(横浜市南区)",
        "引越坂",
        "六ツ川四丁目",
        "山谷(横浜市戸塚区)",
        "坂下口",
        "国道平戸",
        "品濃口",
        "赤関橋",
        "柏尾(横浜市戸塚区)",
        "ポーラ前(横浜市戸塚区)",
        "不動坂(横浜市戸塚区)",
        "ブリヂストン前",
        "元町(横浜市戸塚区)",
        "矢部町",
        "戸塚駅東口"
    ],
    "weekday": [
        "8:51",
        "9:31",
        "10:38",
        "11:02",
        "11:50",
        "13:02",
        "14:14",
        "15:26",
        "16:02",
        "16:40",
        "17:52",
        "19:04",
        "20:26",
        "21:00",
        "22:10",
        "22:40",
        "23:10"
    ],
    "saturday": [
        "7:29",
        "8:10",
        "9:19",
        "10:18",
        "11:19",
        "12:19",
        "13:19",
        "14:22",
        "15:24",
        "16:24",
        "17:24",
        "18:24",
        "19:24",
        "19:55",
        "20:55",
        "22:01",
        "22:37"
    ],
    "holiday": [
        "7:24",
        "8:04",
        "9:19",
        "10:18",
        "11:19",
        "12:19",
        "13:19",
        "14:22",
        "15:24",
        "16:24",
        "17:24",
        "18:24",
        "19:24",
        "19:55",
        "20:55",
        "22:01",
        "22:37"
    ],
    "url": "https://www.kanachu.co.jp/dia/diagram/timetable01_js/course:0000803832-16/node:00102233/kt:0/lname:/"
}
