{
    "date": "2025/08/30",
    "name": "住宅前(横浜市南区)",
    "position": "-",
    "system": "戸47",
    "destinations": [
        "南永田",
        "弘明寺口",
        "六ツ川町",
        "上六ツ川",
        "大池(横浜市南区)",
        "引越坂",
        "六ツ川四丁目",
        "山谷(横浜市戸塚区)",
        "坂下口",
        "国道平戸",
        "品濃口",
        "赤関橋",
        "柏尾(横浜市戸塚区)",
        "ポーラ前(横浜市戸塚区)",
        "不動坂(横浜市戸塚区)",
        "ブリヂストン前",
        "元町(横浜市戸塚区)",
        "矢部町",
        "戸塚駅東口"
    ],
    "weekday": [
        "8:53",
        "9:33",
        "10:40",
        "11:04",
        "11:52",
        "13:04",
        "14:16",
        "15:28",
        "16:04",
        "16:42",
        "17:54",
        "19:06",
        "20:28",
        "21:02",
        "22:12",
        "22:42",
        "23:12"
    ],
    "saturday": [
        "7:31",
        "8:12",
        "9:21",
        "10:20",
        "11:21",
        "12:21",
        "13:21",
        "14:24",
        "15:26",
        "16:26",
        "17:26",
        "18:26",
        "19:26",
        "19:57",
        "20:57",
        "22:03",
        "22:39"
    ],
    "holiday": [
        "7:26",
        "8:06",
        "9:21",
        "10:20",
        "11:21",
        "12:21",
        "13:21",
        "14:24",
        "15:26",
        "16:26",
        "17:26",
        "18:26",
        "19:26",
        "19:57",
        "20:57",
        "22:03",
        "22:39"
    ],
    "url": "https://www.kanachu.co.jp/dia/diagram/timetable01_js/course:0000803832-17/node:00126630/kt:0/lname:/"
}
