{
    "date": "2025/08/30",
    "name": "弘明寺口",
    "position": "-",
    "system": "戸47",
    "destinations": [
        "六ツ川町",
        "上六ツ川",
        "大池(横浜市南区)",
        "引越坂",
        "六ツ川四丁目",
        "山谷(横浜市戸塚区)",
        "坂下口",
        "国道平戸",
        "品濃口",
        "赤関橋",
        "柏尾(横浜市戸塚区)",
        "ポーラ前(横浜市戸塚区)",
        "不動坂(横浜市戸塚区)",
        "ブリヂストン前",
        "元町(横浜市戸塚区)",
        "矢部町",
        "戸塚駅東口"
    ],
    "weekday": [
        "8:56",
        "9:36",
        "10:43",
        "11:07",
        "11:55",
        "13:07",
        "14:19",
        "15:31",
        "16:07",
        "16:45",
        "17:57",
        "19:09",
        "20:31",
        "21:05",
        "22:15",
        "22:45",
        "23:15"
    ],
    "saturday": [
        "7:34",
        "8:15",
        "9:24",
        "10:23",
        "11:24",
        "12:24",
        "13:24",
        "14:27",
        "15:29",
        "16:29",
        "17:29",
        "18:29",
        "19:29",
        "20:00",
        "21:00",
        "22:06",
        "22:42"
    ],
    "holiday": [
        "7:29",
        "8:09",
        "9:24",
        "10:23",
        "11:24",
        "12:24",
        "13:24",
        "14:27",
        "15:29",
        "16:29",
        "17:29",
        "18:29",
        "19:29",
        "20:00",
        "21:00",
        "22:06",
        "22:42"
    ],
    "url": "https://www.kanachu.co.jp/dia/diagram/timetable01_js/course:0000803832-19/node:00126628/kt:0/lname:/"
}
