{
    "date": "2025/08/30",
    "name": "上六ツ川",
    "position": "-",
    "system": "戸47",
    "destinations": [
        "大池(横浜市南区)",
        "引越坂",
        "六ツ川四丁目",
        "山谷(横浜市戸塚区)",
        "坂下口",
        "国道平戸",
        "品濃口",
        "赤関橋",
        "柏尾(横浜市戸塚区)",
        "ポーラ前(横浜市戸塚区)",
        "不動坂(横浜市戸塚区)",
        "ブリヂストン前",
        "元町(横浜市戸塚区)",
        "矢部町",
        "戸塚駅東口"
    ],
    "weekday": [
        "8:58",
        "9:38",
        "10:45",
        "11:09",
        "11:57",
        "13:09",
        "14:21",
        "15:33",
        "16:09",
        "16:47",
        "17:59",
        "19:11",
        "20:33",
        "21:07",
        "22:17",
        "22:47",
        "23:17"
    ],
    "saturday": [
        "7:36",
        "8:17",
        "9:26",
        "10:25",
        "11:26",
        "12:26",
        "13:26",
        "14:29",
        "15:31",
        "16:31",
        "17:31",
        "18:31",
        "19:31",
        "20:02",
        "21:02",
        "22:08",
        "22:44"
    ],
    "holiday": [
        "7:31",
        "8:11",
        "9:26",
        "10:25",
        "11:26",
        "12:26",
        "13:26",
        "14:29",
        "15:31",
        "16:31",
        "17:31",
        "18:31",
        "19:31",
        "20:02",
        "21:02",
        "22:08",
        "22:44"
    ],
    "url": "https://www.kanachu.co.jp/dia/diagram/timetable01_js/course:0000803832-21/node:00126626/kt:0/lname:/"
}
