{
    "date": "2025/08/30",
    "name": "大池(横浜市南区)",
    "position": "-",
    "system": "戸47",
    "destinations": [
        "引越坂",
        "六ツ川四丁目",
        "山谷(横浜市戸塚区)",
        "坂下口",
        "国道平戸",
        "品濃口",
        "赤関橋",
        "柏尾(横浜市戸塚区)",
        "ポーラ前(横浜市戸塚区)",
        "不動坂(横浜市戸塚区)",
        "ブリヂストン前",
        "元町(横浜市戸塚区)",
        "矢部町",
        "戸塚駅東口"
    ],
    "weekday": [
        "9:00",
        "9:40",
        "10:47",
        "11:11",
        "11:59",
        "13:11",
        "14:23",
        "15:35",
        "16:11",
        "16:49",
        "18:01",
        "19:13",
        "20:35",
        "21:09",
        "22:19",
        "22:49",
        "23:19"
    ],
    "saturday": [
        "7:38",
        "8:19",
        "9:28",
        "10:27",
        "11:28",
        "12:28",
        "13:28",
        "14:31",
        "15:33",
        "16:33",
        "17:33",
        "18:33",
        "19:33",
        "20:04",
        "21:04",
        "22:10",
        "22:46"
    ],
    "holiday": [
        "7:33",
        "8:13",
        "9:28",
        "10:27",
        "11:28",
        "12:28",
        "13:28",
        "14:31",
        "15:33",
        "16:33",
        "17:33",
        "18:33",
        "19:33",
        "20:04",
        "21:04",
        "22:10",
        "22:46"
    ],
    "url": "https://www.kanachu.co.jp/dia/diagram/timetable01_js/course:0000803832-22/node:00126625/kt:0/lname:/"
}
