{
    "date": "2025/08/30",
    "name": "六ツ川四丁目",
    "position": "-",
    "system": "戸47",
    "destinations": [
        "山谷(横浜市戸塚区)",
        "坂下口",
        "国道平戸",
        "品濃口",
        "赤関橋",
        "柏尾(横浜市戸塚区)",
        "ポーラ前(横浜市戸塚区)",
        "不動坂(横浜市戸塚区)",
        "ブリヂストン前",
        "元町(横浜市戸塚区)",
        "矢部町",
        "戸塚駅東口"
    ],
    "weekday": [
        "9:04",
        "9:44",
        "10:51",
        "11:15",
        "12:03",
        "13:15",
        "14:27",
        "15:39",
        "16:15",
        "16:53",
        "18:05",
        "19:16",
        "20:38",
        "21:12",
        "22:22",
        "22:52",
        "23:22"
    ],
    "saturday": [
        "7:41",
        "8:23",
        "9:32",
        "10:31",
        "11:32",
        "12:32",
        "13:32",
        "14:35",
        "15:37",
        "16:37",
        "17:37",
        "18:37",
        "19:36",
        "20:07",
        "21:07",
        "22:13",
        "22:49"
    ],
    "holiday": [
        "7:36",
        "8:17",
        "9:32",
        "10:31",
        "11:32",
        "12:32",
        "13:32",
        "14:35",
        "15:37",
        "16:37",
        "17:37",
        "18:37",
        "19:36",
        "20:07",
        "21:07",
        "22:13",
        "22:49"
    ],
    "url": "https://www.kanachu.co.jp/dia/diagram/timetable01_js/course:0000803832-24/node:00126622/kt:0/lname:/"
}
