{
    "date": "2025/08/30",
    "name": "山谷(横浜市戸塚区)",
    "position": "-",
    "system": "戸47",
    "destinations": [
        "坂下口",
        "国道平戸",
        "品濃口",
        "赤関橋",
        "柏尾(横浜市戸塚区)",
        "ポーラ前(横浜市戸塚区)",
        "不動坂(横浜市戸塚区)",
        "ブリヂストン前",
        "元町(横浜市戸塚区)",
        "矢部町",
        "戸塚駅東口"
    ],
    "weekday": [
        "9:06",
        "9:46",
        "10:53",
        "11:17",
        "12:05",
        "13:17",
        "14:29",
        "15:41",
        "16:17",
        "16:55",
        "18:07",
        "19:18",
        "20:40",
        "21:14",
        "22:24",
        "22:54",
        "23:24"
    ],
    "saturday": [
        "7:43",
        "8:25",
        "9:34",
        "10:33",
        "11:34",
        "12:34",
        "13:34",
        "14:37",
        "15:39",
        "16:39",
        "17:39",
        "18:39",
        "19:38",
        "20:09",
        "21:09",
        "22:15",
        "22:51"
    ],
    "holiday": [
        "7:38",
        "8:19",
        "9:34",
        "10:33",
        "11:34",
        "12:34",
        "13:34",
        "14:37",
        "15:39",
        "16:39",
        "17:39",
        "18:39",
        "19:38",
        "20:09",
        "21:09",
        "22:15",
        "22:51"
    ],
    "url": "https://www.kanachu.co.jp/dia/diagram/timetable01_js/course:0000803832-25/node:00126620/kt:0/lname:/"
}
