{
    "date": "2025/08/30",
    "name": "坂下口",
    "position": "-",
    "system": "戸47",
    "destinations": [
        "国道平戸",
        "品濃口",
        "赤関橋",
        "柏尾(横浜市戸塚区)",
        "ポーラ前(横浜市戸塚区)",
        "不動坂(横浜市戸塚区)",
        "ブリヂストン前",
        "元町(横浜市戸塚区)",
        "矢部町",
        "戸塚駅東口"
    ],
    "weekday": [
        "9:08",
        "9:48",
        "10:55",
        "11:19",
        "12:07",
        "13:19",
        "14:31",
        "15:43",
        "16:19",
        "16:57",
        "18:09",
        "19:20",
        "20:42",
        "21:16",
        "22:26",
        "22:56",
        "23:26"
    ],
    "saturday": [
        "7:45",
        "8:27",
        "9:36",
        "10:35",
        "11:36",
        "12:36",
        "13:36",
        "14:39",
        "15:41",
        "16:41",
        "17:41",
        "18:41",
        "19:40",
        "20:11",
        "21:11",
        "22:17",
        "22:53"
    ],
    "holiday": [
        "7:40",
        "8:21",
        "9:36",
        "10:35",
        "11:36",
        "12:36",
        "13:36",
        "14:39",
        "15:41",
        "16:41",
        "17:41",
        "18:41",
        "19:40",
        "20:11",
        "21:11",
        "22:17",
        "22:53"
    ],
    "url": "https://www.kanachu.co.jp/dia/diagram/timetable01_js/course:0000803832-26/node:00126619/kt:0/lname:/"
}
