{
    "date": "2025/08/30",
    "name": "国道平戸",
    "position": "-",
    "system": "戸47",
    "destinations": [
        "品濃口",
        "赤関橋",
        "柏尾(横浜市戸塚区)",
        "ポーラ前(横浜市戸塚区)",
        "不動坂(横浜市戸塚区)",
        "ブリヂストン前",
        "元町(横浜市戸塚区)",
        "矢部町",
        "戸塚駅東口"
    ],
    "weekday": [
        "9:10",
        "9:50",
        "10:57",
        "11:21",
        "12:09",
        "13:21",
        "14:33",
        "15:45",
        "16:21",
        "16:59",
        "18:11",
        "19:22",
        "20:44",
        "21:18",
        "22:28",
        "22:58",
        "23:28"
    ],
    "saturday": [
        "7:47",
        "8:29",
        "9:38",
        "10:37",
        "11:38",
        "12:38",
        "13:38",
        "14:41",
        "15:43",
        "16:43",
        "17:43",
        "18:43",
        "19:42",
        "20:13",
        "21:13",
        "22:19",
        "22:55"
    ],
    "holiday": [
        "7:42",
        "8:23",
        "9:38",
        "10:37",
        "11:38",
        "12:38",
        "13:38",
        "14:41",
        "15:43",
        "16:43",
        "17:43",
        "18:43",
        "19:42",
        "20:13",
        "21:13",
        "22:19",
        "22:55"
    ],
    "url": "https://www.kanachu.co.jp/dia/diagram/timetable01_js/course:0000803832-27/node:00126618/kt:0/lname:/"
}
