{
    "date": "2025/08/30",
    "name": "柏尾(横浜市戸塚区)",
    "position": "-",
    "system": "戸47",
    "destinations": [
        "ポーラ前(横浜市戸塚区)",
        "不動坂(横浜市戸塚区)",
        "ブリヂストン前",
        "元町(横浜市戸塚区)",
        "矢部町",
        "戸塚駅東口"
    ],
    "weekday": [
        "9:16",
        "9:56",
        "11:03",
        "11:27",
        "12:15",
        "13:27",
        "14:39",
        "15:51",
        "16:27",
        "17:05",
        "18:17",
        "19:27",
        "20:49",
        "21:23",
        "22:33",
        "23:03",
        "23:33"
    ],
    "saturday": [
        "7:52",
        "8:35",
        "9:44",
        "10:43",
        "11:44",
        "12:44",
        "13:44",
        "14:47",
        "15:49",
        "16:49",
        "17:49",
        "18:49",
        "19:47",
        "20:18",
        "21:18",
        "22:24",
        "23:00"
    ],
    "holiday": [
        "7:47",
        "8:29",
        "9:44",
        "10:43",
        "11:44",
        "12:44",
        "13:44",
        "14:47",
        "15:49",
        "16:49",
        "17:49",
        "18:49",
        "19:47",
        "20:18",
        "21:18",
        "22:24",
        "23:00"
    ],
    "url": "https://www.kanachu.co.jp/dia/diagram/timetable01_js/course:0000803832-30/node:00126615/kt:0/lname:/"
}
