{
    "date": "2025/08/30",
    "name": "ポーラ前(横浜市戸塚区)",
    "position": "-",
    "system": "戸47",
    "destinations": [
        "不動坂(横浜市戸塚区)",
        "ブリヂストン前",
        "元町(横浜市戸塚区)",
        "矢部町",
        "戸塚駅東口"
    ],
    "weekday": [
        "9:17",
        "9:57",
        "11:04",
        "11:28",
        "12:16",
        "13:28",
        "14:40",
        "15:52",
        "16:28",
        "17:06",
        "18:18",
        "19:28",
        "20:50",
        "21:24",
        "22:34",
        "23:04",
        "23:34"
    ],
    "saturday": [
        "7:53",
        "8:36",
        "9:45",
        "10:44",
        "11:45",
        "12:45",
        "13:45",
        "14:48",
        "15:50",
        "16:50",
        "17:50",
        "18:50",
        "19:48",
        "20:19",
        "21:19",
        "22:25",
        "23:01"
    ],
    "holiday": [
        "7:48",
        "8:30",
        "9:45",
        "10:44",
        "11:45",
        "12:45",
        "13:45",
        "14:48",
        "15:50",
        "16:50",
        "17:50",
        "18:50",
        "19:48",
        "20:19",
        "21:19",
        "22:25",
        "23:01"
    ],
    "url": "https://www.kanachu.co.jp/dia/diagram/timetable01_js/course:0000803832-31/node:00126614/kt:0/lname:/"
}
