{
    "date": "2025/11/16",
    "name": "中山駅",
    "position": "-",
    "system": "横52",
    "destinations": [
        "緑区役所前",
        "台村町",
        "三保交差点",
        "宮根(横浜市緑区)",
        "住宅前(横浜市緑区)",
        "薬師谷戸",
        "三保橋",
        "坂下(横浜市緑区)",
        "梅田(横浜市緑区)",
        "梅田谷戸",
        "三保市民の森",
        "笹峰",
        "横丁",
        "川井宿",
        "下宿(横浜市旭区)",
        "都岡町",
        "農協前(横浜市旭区)",
        "筑池",
        "今宿(横浜市旭区)",
        "今宿小学校入口",
        "鶴ヶ峰中学校前",
        "薬王寺入口",
        "鶴ヶ峰本町",
        "鶴ヶ峰駅",
        "白根町",
        "白根不動入口",
        "下白根橋",
        "西谷(横浜市旭区)",
        "西谷駅前",
        "梅の木(横浜市保土ケ谷区)",
        "西谷妙福寺前",
        "川島町(横浜市保土ケ谷区)",
        "杉山神社前(横浜市保土ケ谷区)",
        "上星川",
        "保土ヶ谷中学校前",
        "和田町(横浜市保土ケ谷区)",
        "常盤園下",
        "峰岡町",
        "峯小学校前",
        "宮田町(横浜市保土ケ谷区)",
        "洪福寺",
        "浅間町車庫前",
        "浅岡橋",
        "浅間下(横浜市西区)",
        "楠町",
        "鶴屋町三丁目",
        "横浜駅西口"
    ],
    "weekday": [
        "6:47",
        "7:47",
        "8:40",
        "9:52",
        "10:56",
        "11:56",
        "12:54",
        "13:56",
        "14:52",
        "15:58",
        "16:56",
        "18:00"
    ],
    "saturday": [
        "6:47",
        "8:54",
        "9:47",
        "10:47",
        "11:44",
        "12:44",
        "13:44",
        "14:49",
        "15:44",
        "16:49",
        "17:44",
        "20:34"
    ],
    "holiday": [
        "8:59",
        "9:50",
        "10:44",
        "11:44",
        "12:44",
        "13:44",
        "14:47",
        "15:47",
        "16:44",
        "17:44"
    ],
    "url": "https://www.kanachu.co.jp/dia/diagram/timetable01_js/course:0000802279-1/node:00102821/kt:0/lname:/"
}
