{
    "date": "2025/11/16",
    "name": "西谷妙福寺前",
    "position": "-",
    "system": "横52",
    "destinations": [
        "川島町(横浜市保土ケ谷区)",
        "杉山神社前(横浜市保土ケ谷区)",
        "上星川",
        "保土ヶ谷中学校前",
        "和田町(横浜市保土ケ谷区)",
        "常盤園下",
        "峰岡町",
        "峯小学校前",
        "宮田町(横浜市保土ケ谷区)",
        "洪福寺",
        "浅間町車庫前",
        "浅岡橋",
        "浅間下(横浜市西区)",
        "楠町",
        "鶴屋町三丁目",
        "横浜駅西口"
    ],
    "weekday": [
        "7:29",
        "8:34",
        "9:23",
        "10:35",
        "11:39",
        "12:39",
        "13:37",
        "14:39",
        "15:35",
        "16:44",
        "17:42",
        "18:41"
    ],
    "saturday": [
        "7:28",
        "9:38",
        "10:32",
        "11:32",
        "12:24",
        "13:24",
        "14:24",
        "15:29",
        "16:24",
        "17:29",
        "18:24",
        "21:12"
    ],
    "holiday": [
        "9:43",
        "10:30",
        "11:24",
        "12:24",
        "13:24",
        "14:24",
        "15:27",
        "16:27",
        "17:24",
        "18:24"
    ],
    "url": "https://www.kanachu.co.jp/dia/diagram/timetable01_js/course:0000802279-32/node:00102885/kt:0/lname:/"
}
