{
    "date": "2025/11/16",
    "name": "洪福寺",
    "position": "-",
    "system": "横52",
    "destinations": [
        "浅間町車庫前",
        "浅岡橋",
        "浅間下(横浜市西区)",
        "楠町",
        "鶴屋町三丁目",
        "横浜駅西口"
    ],
    "weekday": [
        "7:41",
        "8:46",
        "9:35",
        "10:47",
        "11:51",
        "12:51",
        "13:49",
        "14:51",
        "15:47",
        "16:56",
        "17:54",
        "18:53"
    ],
    "saturday": [
        "7:40",
        "9:50",
        "10:44",
        "11:44",
        "12:36",
        "13:36",
        "14:36",
        "15:41",
        "16:36",
        "17:41",
        "18:36",
        "21:24"
    ],
    "holiday": [
        "9:55",
        "10:42",
        "11:36",
        "12:36",
        "13:36",
        "14:36",
        "15:39",
        "16:39",
        "17:36",
        "18:36"
    ],
    "url": "https://www.kanachu.co.jp/dia/diagram/timetable01_js/course:0000802279-42/node:00102504/kt:0/lname:/"
}
