{
    "date": "2024/09/02",
    "name": "藤沢湘南台病院前",
    "position": "-",
    "system": "長55",
    "destinations": [
        "上高倉",
        "飯田農協前",
        "団地入口(横浜市泉区)",
        "児童公園前(横浜市泉区)",
        "小学校前(横浜市泉区)",
        "上飯田団地",
        "小学校前(横浜市泉区)",
        "児童公園前(横浜市泉区)",
        "団地入口(横浜市泉区)",
        "飯田神社前",
        "台村",
        "いちょう団地",
        "保育所前(大和市)",
        "渋谷中学校",
        "集会所前(横浜市泉区)",
        "中屋敷(横浜市泉区)",
        "五軒庭",
        "上飯田(横浜市泉区)",
        "上飯田車庫"
    ],
    "weekday": [
        "7:23",
        "19:11"
    ],
    "saturday": [
        "7:38",
        "18:08"
    ],
    "holiday": [
        "7:38",
        "18:08"
    ],
    "url": "https://www.kanachu.co.jp/dia/diagram/timetable01_js/course:0000800090-3/node:00126790/kt:0/lname:/"
}
