{
    "date": "2024/09/02",
    "name": "小学校前(横浜市泉区)",
    "position": "-",
    "system": "長55",
    "destinations": [
        "上飯田団地",
        "小学校前(横浜市泉区)",
        "児童公園前(横浜市泉区)",
        "団地入口(横浜市泉区)",
        "飯田神社前",
        "台村",
        "いちょう団地",
        "保育所前(大和市)",
        "渋谷中学校",
        "集会所前(横浜市泉区)",
        "中屋敷(横浜市泉区)",
        "五軒庭",
        "上飯田(横浜市泉区)",
        "上飯田車庫"
    ],
    "weekday": [
        "7:29",
        "19:17"
    ],
    "saturday": [
        "7:44",
        "18:14"
    ],
    "holiday": [
        "7:44",
        "18:14"
    ],
    "url": "https://www.kanachu.co.jp/dia/diagram/timetable01_js/course:0000800090-8/node:00126806/kt:0/lname:/"
}
