{
    "date": "2024/09/02",
    "name": "上飯田団地",
    "position": "-",
    "system": "長55",
    "destinations": [
        "小学校前(横浜市泉区)",
        "児童公園前(横浜市泉区)",
        "団地入口(横浜市泉区)",
        "飯田神社前",
        "台村",
        "いちょう団地",
        "保育所前(大和市)",
        "渋谷中学校",
        "集会所前(横浜市泉区)",
        "中屋敷(横浜市泉区)",
        "五軒庭",
        "上飯田(横浜市泉区)",
        "上飯田車庫"
    ],
    "weekday": [
        "7:30",
        "19:18"
    ],
    "saturday": [
        "7:45",
        "18:15"
    ],
    "holiday": [
        "7:45",
        "18:15"
    ],
    "url": "https://www.kanachu.co.jp/dia/diagram/timetable01_js/course:0000800090-9/node:00126807/kt:0/lname:/"
}
