{
    "system": "長55",
    "busstops": [
        {
            "index": "1",
            "id": "00126792",
            "name": "長後駅",
            "lat": "35.412019",
            "lng": "139.466151"
        },
        {
            "index": "2",
            "id": "00126791",
            "name": "住宅前(藤沢市高倉)",
            "lat": "35.413555",
            "lng": "139.469879"
        },
        {
            "index": "3",
            "id": "00126790",
            "name": "藤沢湘南台病院前",
            "lat": "35.416179",
            "lng": "139.47125"
        },
        {
            "index": "4",
            "id": "00126789",
            "name": "上高倉",
            "lat": "35.417022",
            "lng": "139.475819"
        },
        {
            "index": "5",
            "id": "00126793",
            "name": "飯田農協前",
            "lat": "35.418481",
            "lng": "139.479484"
        },
        {
            "index": "6",
            "id": "00126794",
            "name": "団地入口(横浜市泉区)",
            "lat": "35.420649",
            "lng": "139.478805"
        },
        {
            "index": "7",
            "id": "00126805",
            "name": "児童公園前(横浜市泉区)",
            "lat": "35.421742",
            "lng": "139.479492"
        },
        {
            "index": "8",
            "id": "00126806",
            "name": "小学校前(横浜市泉区)",
            "lat": "35.424153",
            "lng": "139.480865"
        },
        {
            "index": "9",
            "id": "00126807",
            "name": "上飯田団地",
            "lat": "35.426702",
            "lng": "139.482324"
        },
        {
            "index": "10",
            "id": "00126806",
            "name": "小学校前(横浜市泉区)",
            "lat": "35.423748",
            "lng": "139.480798"
        },
        {
            "index": "11",
            "id": "00126805",
            "name": "児童公園前(横浜市泉区)",
            "lat": "35.421038",
            "lng": "139.479181"
        },
        {
            "index": "12",
            "id": "00126794",
            "name": "団地入口(横浜市泉区)",
            "lat": "35.420861",
            "lng": "139.478183"
        },
        {
            "index": "13",
            "id": "00126795",
            "name": "飯田神社前",
            "lat": "35.425322",
            "lng": "139.475544"
        },
        {
            "index": "14",
            "id": "00126796",
            "name": "台村",
            "lat": "35.42806",
            "lng": "139.476034"
        },
        {
            "index": "15",
            "id": "00126808",
            "name": "いちょう団地",
            "lat": "35.42711",
            "lng": "139.474642"
        },
        {
            "index": "16",
            "id": "00126893",
            "name": "保育所前(大和市)",
            "lat": "35.42743",
            "lng": "139.472641"
        },
        {
            "index": "17",
            "id": "00126894",
            "name": "渋谷中学校",
            "lat": "35.429743",
            "lng": "139.471667"
        },
        {
            "index": "18",
            "id": "00126895",
            "name": "集会所前(横浜市泉区)",
            "lat": "35.432336",
            "lng": "139.474138"
        },
        {
            "index": "19",
            "id": "00126797",
            "name": "中屋敷(横浜市泉区)",
            "lat": "35.433559",
            "lng": "139.477184"
        },
        {
            "index": "20",
            "id": "00126798",
            "name": "五軒庭",
            "lat": "35.437353",
            "lng": "139.47785"
        },
        {
            "index": "21",
            "id": "00126799",
            "name": "上飯田(横浜市泉区)",
            "lat": "35.439618",
            "lng": "139.479074"
        },
        {
            "index": "22",
            "id": "00126905",
            "name": "上飯田車庫",
            "lat": "35.442658",
            "lng": "139.478233"
        }
    ],
    "route_url": "https://www.kanachu.co.jp/dia/route/index/cid:0000800090/"
}
