{
    "date": "2025/08/04",
    "name": "城山総合事務所入口",
    "position": "-",
    "system": "橋08",
    "destinations": [
        "原宿(相模原市緑区)",
        "東原宿",
        "森の上",
        "二本松(相模原市緑区)",
        "相原中央",
        "相原台",
        "大西(相模原市緑区)",
        "上町(相模原市緑区)",
        "緑区合同庁舎前(相模原市緑区)",
        "橋本二丁目",
        "橋本駅南口"
    ],
    "weekday": [
        "6:03",
        "6:29",
        "6:45",
        "7:09",
        "7:43",
        "8:14",
        "8:35",
        "9:12",
        "9:50",
        "10:15",
        "10:45",
        "11:15",
        "11:45",
        "12:15",
        "13:15",
        "14:15",
        "15:15",
        "15:50",
        "16:25",
        "16:49",
        "17:24",
        "17:58",
        "18:28",
        "18:48",
        "19:07"
    ],
    "saturday": [
        "6:17",
        "6:40",
        "7:21",
        "8:07",
        "9:12",
        "9:58",
        "10:13",
        "10:47",
        "11:24",
        "11:56",
        "12:29",
        "13:36",
        "14:47",
        "16:04",
        "16:36",
        "17:14",
        "17:49",
        "18:24",
        "19:00",
        "19:30"
    ],
    "holiday": [
        "6:40",
        "7:21",
        "8:07",
        "9:12",
        "9:58",
        "10:13",
        "10:47",
        "11:24",
        "11:56",
        "12:29",
        "13:36",
        "14:47",
        "16:04",
        "16:36",
        "17:14",
        "17:49",
        "18:24",
        "19:00",
        "19:30"
    ],
    "url": "https://www.kanachu.co.jp/dia/diagram/timetable01_js/course:0000801206-6/node:00128960/kt:0/lname:/"
}
