{
    "date": "2025/08/04",
    "name": "森の上",
    "position": "-",
    "system": "橋08",
    "destinations": [
        "二本松(相模原市緑区)",
        "相原中央",
        "相原台",
        "大西(相模原市緑区)",
        "上町(相模原市緑区)",
        "緑区合同庁舎前(相模原市緑区)",
        "橋本二丁目",
        "橋本駅南口"
    ],
    "weekday": [
        "6:06",
        "6:32",
        "6:48",
        "7:12",
        "7:46",
        "8:17",
        "8:38",
        "9:15",
        "9:53",
        "10:18",
        "10:48",
        "11:18",
        "11:48",
        "12:18",
        "13:18",
        "14:18",
        "15:18",
        "15:53",
        "16:28",
        "16:52",
        "17:27",
        "18:01",
        "18:31",
        "18:51",
        "19:09"
    ],
    "saturday": [
        "6:19",
        "6:42",
        "7:23",
        "8:09",
        "9:14",
        "10:00",
        "10:15",
        "10:49",
        "11:27",
        "11:59",
        "12:32",
        "13:39",
        "14:50",
        "16:07",
        "16:39",
        "17:17",
        "17:52",
        "18:27",
        "19:02",
        "19:32"
    ],
    "holiday": [
        "6:42",
        "7:23",
        "8:09",
        "9:14",
        "10:00",
        "10:15",
        "10:49",
        "11:27",
        "11:59",
        "12:32",
        "13:39",
        "14:50",
        "16:07",
        "16:39",
        "17:17",
        "17:52",
        "18:27",
        "19:02",
        "19:32"
    ],
    "url": "https://www.kanachu.co.jp/dia/diagram/timetable01_js/course:0000801206-9/node:00128963/kt:0/lname:/"
}
