{
    "date": "2025/08/04",
    "name": "二本松(相模原市緑区)",
    "position": "-",
    "system": "橋08",
    "destinations": [
        "相原中央",
        "相原台",
        "大西(相模原市緑区)",
        "上町(相模原市緑区)",
        "緑区合同庁舎前(相模原市緑区)",
        "橋本二丁目",
        "橋本駅南口"
    ],
    "weekday": [
        "6:07",
        "6:33",
        "6:50",
        "7:14",
        "7:48",
        "8:19",
        "8:40",
        "9:17",
        "9:55",
        "10:20",
        "10:50",
        "11:20",
        "11:50",
        "12:20",
        "13:20",
        "14:20",
        "15:20",
        "15:55",
        "16:30",
        "16:54",
        "17:29",
        "18:03",
        "18:33",
        "18:53",
        "19:10"
    ],
    "saturday": [
        "6:20",
        "6:43",
        "7:24",
        "8:10",
        "9:15",
        "10:01",
        "10:16",
        "10:50",
        "11:29",
        "12:01",
        "12:34",
        "13:41",
        "14:52",
        "16:09",
        "16:41",
        "17:19",
        "17:54",
        "18:29",
        "19:03",
        "19:33"
    ],
    "holiday": [
        "6:43",
        "7:24",
        "8:10",
        "9:15",
        "10:01",
        "10:16",
        "10:50",
        "11:29",
        "12:01",
        "12:34",
        "13:41",
        "14:52",
        "16:09",
        "16:41",
        "17:19",
        "17:54",
        "18:29",
        "19:03",
        "19:33"
    ],
    "url": "https://www.kanachu.co.jp/dia/diagram/timetable01_js/course:0000801206-10/node:00128964/kt:0/lname:/"
}
