{
    "date": "2025/08/04",
    "name": "相原中央",
    "position": "-",
    "system": "橋08",
    "destinations": [
        "相原台",
        "大西(相模原市緑区)",
        "上町(相模原市緑区)",
        "緑区合同庁舎前(相模原市緑区)",
        "橋本二丁目",
        "橋本駅南口"
    ],
    "weekday": [
        "6:08",
        "6:34",
        "6:51",
        "7:15",
        "7:49",
        "8:20",
        "8:41",
        "9:18",
        "9:56",
        "10:21",
        "10:51",
        "11:21",
        "11:51",
        "12:21",
        "13:21",
        "14:21",
        "15:21",
        "15:56",
        "16:31",
        "16:55",
        "17:30",
        "18:04",
        "18:34",
        "18:54",
        "19:11"
    ],
    "saturday": [
        "6:21",
        "6:44",
        "7:25",
        "8:11",
        "9:16",
        "10:02",
        "10:17",
        "10:51",
        "11:30",
        "12:02",
        "12:35",
        "13:42",
        "14:53",
        "16:10",
        "16:42",
        "17:20",
        "17:55",
        "18:30",
        "19:04",
        "19:34"
    ],
    "holiday": [
        "6:44",
        "7:25",
        "8:11",
        "9:16",
        "10:02",
        "10:17",
        "10:51",
        "11:30",
        "12:02",
        "12:35",
        "13:42",
        "14:53",
        "16:10",
        "16:42",
        "17:20",
        "17:55",
        "18:30",
        "19:04",
        "19:34"
    ],
    "url": "https://www.kanachu.co.jp/dia/diagram/timetable01_js/course:0000801206-11/node:00128965/kt:0/lname:/"
}
