{
    "date": "2025/08/04",
    "name": "大西(相模原市緑区)",
    "position": "-",
    "system": "橋08",
    "destinations": [
        "上町(相模原市緑区)",
        "緑区合同庁舎前(相模原市緑区)",
        "橋本二丁目",
        "橋本駅南口"
    ],
    "weekday": [
        "6:10",
        "6:36",
        "6:53",
        "7:17",
        "7:51",
        "8:22",
        "8:43",
        "9:20",
        "9:58",
        "10:23",
        "10:53",
        "11:23",
        "11:53",
        "12:23",
        "13:23",
        "14:23",
        "15:23",
        "15:58",
        "16:33",
        "16:57",
        "17:32",
        "18:06",
        "18:36",
        "18:56",
        "19:13"
    ],
    "saturday": [
        "6:23",
        "6:46",
        "7:27",
        "8:13",
        "9:18",
        "10:04",
        "10:19",
        "10:53",
        "11:32",
        "12:04",
        "12:37",
        "13:44",
        "14:55",
        "16:12",
        "16:44",
        "17:22",
        "17:57",
        "18:32",
        "19:06",
        "19:36"
    ],
    "holiday": [
        "6:46",
        "7:27",
        "8:13",
        "9:18",
        "10:04",
        "10:19",
        "10:53",
        "11:32",
        "12:04",
        "12:37",
        "13:44",
        "14:55",
        "16:12",
        "16:44",
        "17:22",
        "17:57",
        "18:32",
        "19:06",
        "19:36"
    ],
    "url": "https://www.kanachu.co.jp/dia/diagram/timetable01_js/course:0000801206-13/node:00128967/kt:0/lname:/"
}
