{
    "date": "2025/08/04",
    "name": "橋本二丁目",
    "position": "-",
    "system": "橋08",
    "destinations": [
        "橋本駅南口"
    ],
    "weekday": [
        "6:14",
        "6:40",
        "6:57",
        "7:21",
        "7:55",
        "8:26",
        "8:47",
        "9:24",
        "10:02",
        "10:27",
        "10:57",
        "11:27",
        "11:57",
        "12:27",
        "13:27",
        "14:27",
        "15:27",
        "16:02",
        "16:37",
        "17:01",
        "17:36",
        "18:10",
        "18:40",
        "19:00",
        "19:17"
    ],
    "saturday": [
        "6:27",
        "6:50",
        "7:31",
        "8:17",
        "9:22",
        "10:08",
        "10:23",
        "10:57",
        "11:36",
        "12:08",
        "12:41",
        "13:48",
        "14:59",
        "16:16",
        "16:48",
        "17:26",
        "18:01",
        "18:36",
        "19:10",
        "19:40"
    ],
    "holiday": [
        "6:50",
        "7:31",
        "8:17",
        "9:22",
        "10:08",
        "10:23",
        "10:57",
        "11:36",
        "12:08",
        "12:41",
        "13:48",
        "14:59",
        "16:16",
        "16:48",
        "17:26",
        "18:01",
        "18:36",
        "19:10",
        "19:40"
    ],
    "url": "https://www.kanachu.co.jp/dia/diagram/timetable01_js/course:0000801206-16/node:00128971/kt:0/lname:/"
}
