{
    "date": "2025/04/01",
    "name": "町田バスセンター",
    "position": "5番乗り場",
    "system": "町24",
    "destinations": [
        "町田市役所市民ホール前",
        "第四小学校前(町田市)",
        "森野三丁目",
        "市民病院前(町田市)",
        "浄水場前(町田市)",
        "滝の沢(町田市)",
        "木曽住宅",
        "三家(町田市)",
        "木曽入口",
        "山崎団地入口",
        "山崎団地センター",
        "給水塔前(山崎団地/町田市)",
        "北一号(町田市)",
        "北二号(町田市)",
        "山崎団地"
    ],
    "weekday": [
        "13:09",
        "13:26",
        "13:36",
        "13:57",
        "14:09",
        "14:26",
        "14:36",
        "14:57",
        "15:09",
        "15:26",
        "15:36",
        "15:49",
        "16:08",
        "16:24",
        "16:32",
        "16:49",
        "17:21",
        "17:49",
        "18:21",
        "18:46",
        "19:20",
        "19:52",
        "20:13",
        "20:33",
        "20:53"
    ],
    "saturday": [
        "9:17",
        "9:29",
        "9:53",
        "10:13",
        "10:23",
        "10:32",
        "10:53",
        "11:03",
        "11:22",
        "11:30",
        "11:53",
        "12:03",
        "12:27",
        "12:50",
        "13:04",
        "13:27",
        "13:52",
        "14:18",
        "14:44",
        "14:55",
        "15:18",
        "15:44",
        "15:56",
        "16:03",
        "16:26",
        "16:47",
        "16:57",
        "17:03",
        "17:26",
        "17:37",
        "17:54",
        "18:02",
        "18:24",
        "18:44",
        "18:54",
        "19:17",
        "19:29",
        "19:53",
        "20:15",
        "20:50"
    ],
    "holiday": [
        "9:05",
        "9:25",
        "9:45",
        "9:55",
        "10:03",
        "10:25",
        "10:48",
        "11:05",
        "11:24",
        "11:48",
        "12:05",
        "12:24",
        "12:48",
        "13:05",
        "13:26",
        "13:48",
        "14:05",
        "14:25",
        "14:48",
        "15:05",
        "15:25",
        "15:48",
        "16:05",
        "16:26",
        "16:48",
        "17:17",
        "17:29",
        "17:53",
        "18:16",
        "18:28",
        "18:52",
        "19:20",
        "19:50",
        "20:10",
        "20:45"
    ],
    "url": "https://www.kanachu.co.jp/dia/diagram/timetable01_js/course:0000801242-2/node:00025625/kt:0/lname:/"
}
