{
    "date": "2025/04/01",
    "name": "市民病院前(町田市)",
    "position": "-",
    "system": "町24",
    "destinations": [
        "浄水場前(町田市)",
        "滝の沢(町田市)",
        "木曽住宅",
        "三家(町田市)",
        "木曽入口",
        "山崎団地入口",
        "山崎団地センター",
        "給水塔前(山崎団地/町田市)",
        "北一号(町田市)",
        "北二号(町田市)",
        "山崎団地"
    ],
    "weekday": [
        "13:15",
        "13:32",
        "13:42",
        "14:03",
        "14:15",
        "14:32",
        "14:42",
        "15:03",
        "15:15",
        "15:32",
        "15:42",
        "15:55",
        "16:14",
        "16:30",
        "16:38",
        "16:55",
        "17:27",
        "17:55",
        "18:27",
        "18:52",
        "19:26",
        "19:58",
        "20:19",
        "20:39",
        "20:59"
    ],
    "saturday": [
        "9:23",
        "9:35",
        "9:59",
        "10:19",
        "10:29",
        "10:38",
        "10:59",
        "11:09",
        "11:28",
        "11:36",
        "11:59",
        "12:09",
        "12:33",
        "12:56",
        "13:10",
        "13:33",
        "13:58",
        "14:24",
        "14:50",
        "15:01",
        "15:24",
        "15:50",
        "16:02",
        "16:09",
        "16:32",
        "16:53",
        "17:03",
        "17:09",
        "17:32",
        "17:43",
        "18:00",
        "18:08",
        "18:30",
        "18:50",
        "19:00",
        "19:23",
        "19:35",
        "19:59",
        "20:21",
        "20:55"
    ],
    "holiday": [
        "9:11",
        "9:31",
        "9:51",
        "10:01",
        "10:09",
        "10:31",
        "10:54",
        "11:11",
        "11:30",
        "11:54",
        "12:11",
        "12:30",
        "12:54",
        "13:11",
        "13:32",
        "13:54",
        "14:11",
        "14:31",
        "14:54",
        "15:11",
        "15:31",
        "15:54",
        "16:11",
        "16:32",
        "16:54",
        "17:23",
        "17:35",
        "17:59",
        "18:22",
        "18:34",
        "18:58",
        "19:25",
        "19:55",
        "20:15",
        "20:50"
    ],
    "url": "https://www.kanachu.co.jp/dia/diagram/timetable01_js/course:0000801242-6/node:00129359/kt:0/lname:/"
}
