{
    "date": "2025/04/01",
    "name": "三家(町田市)",
    "position": "-",
    "system": "町24",
    "destinations": [
        "木曽入口",
        "山崎団地入口",
        "山崎団地センター",
        "給水塔前(山崎団地/町田市)",
        "北一号(町田市)",
        "北二号(町田市)",
        "山崎団地"
    ],
    "weekday": [
        "13:21",
        "13:38",
        "13:48",
        "14:09",
        "14:21",
        "14:38",
        "14:48",
        "15:09",
        "15:21",
        "15:38",
        "15:48",
        "16:01",
        "16:20",
        "16:36",
        "16:44",
        "17:01",
        "17:34",
        "18:02",
        "18:34",
        "18:59",
        "19:32",
        "20:04",
        "20:25",
        "20:45",
        "21:05"
    ],
    "saturday": [
        "9:28",
        "9:40",
        "10:04",
        "10:24",
        "10:34",
        "10:43",
        "11:04",
        "11:15",
        "11:34",
        "11:42",
        "12:05",
        "12:15",
        "12:39",
        "13:02",
        "13:16",
        "13:39",
        "14:04",
        "14:31",
        "14:57",
        "15:08",
        "15:31",
        "15:57",
        "16:09",
        "16:16",
        "16:39",
        "17:00",
        "17:10",
        "17:16",
        "17:39",
        "17:50",
        "18:07",
        "18:15",
        "18:37",
        "18:57",
        "19:07",
        "19:30",
        "19:41",
        "20:05",
        "20:27",
        "21:00"
    ],
    "holiday": [
        "9:17",
        "9:37",
        "9:57",
        "10:07",
        "10:15",
        "10:37",
        "11:00",
        "11:18",
        "11:37",
        "12:01",
        "12:18",
        "12:37",
        "13:01",
        "13:18",
        "13:39",
        "14:01",
        "14:18",
        "14:38",
        "15:01",
        "15:18",
        "15:38",
        "16:01",
        "16:18",
        "16:39",
        "17:01",
        "17:30",
        "17:42",
        "18:06",
        "18:29",
        "18:41",
        "19:05",
        "19:30",
        "20:00",
        "20:20",
        "20:55"
    ],
    "url": "https://www.kanachu.co.jp/dia/diagram/timetable01_js/course:0000801242-10/node:00129363/kt:0/lname:/"
}
