{
    "date": "2023/11/01",
    "name": "湘南大磯病院",
    "position": "-",
    "system": "黒01",
    "destinations": [
        "湘南大磯住宅入口",
        "国府中学西口",
        "素心学院前",
        "下田(中郡大磯町)",
        "ぼったり",
        "虫窪",
        "天神下(中郡大磯町)",
        "公民館前(中郡大磯町)",
        "舟窪",
        "上舟窪",
        "黒岩入口",
        "西久保(中郡大磯町)",
        "西久保福祉館前",
        "黒岩公民館前",
        "黒岩台"
    ],
    "weekday": [
        "16:00"
    ],
    "saturday": [],
    "holiday": [],
    "url": "https://www.kanachu.co.jp/dia/diagram/timetable01_js/course:0000803044-1/node:00127506/kt:0/lname:/"
}
