{
    "date": "2025/04/01",
    "name": "ひばりが丘一丁目(座間市)",
    "position": "-",
    "system": "林03",
    "destinations": [
        "十一条",
        "九条",
        "南林間駅前通り",
        "南林間駅"
    ],
    "weekday": [
        "6:06",
        "6:21",
        "6:42",
        "6:52",
        "7:12",
        "7:22",
        "7:32",
        "7:43",
        "7:53",
        "8:03",
        "8:13",
        "8:24",
        "8:36",
        "8:43",
        "8:53",
        "9:00",
        "9:08",
        "9:23",
        "9:33",
        "9:53",
        "10:13",
        "10:33",
        "10:53",
        "11:13",
        "11:33",
        "11:53",
        "12:13",
        "12:33",
        "12:53",
        "13:13",
        "13:33",
        "13:53",
        "14:13",
        "14:33",
        "14:53",
        "15:13",
        "15:33",
        "15:53",
        "16:13",
        "16:33",
        "16:53",
        "17:13",
        "17:33",
        "17:43",
        "17:53",
        "18:03",
        "18:13",
        "18:23",
        "18:34",
        "18:45",
        "18:56",
        "19:13",
        "19:28",
        "19:53",
        "20:11",
        "20:28",
        "20:51",
        "21:21",
        "22:06"
    ],
    "saturday": [
        "6:16",
        "6:51",
        "7:11",
        "7:31",
        "7:51",
        "8:11",
        "8:31",
        "8:51",
        "9:13",
        "9:33",
        "9:53",
        "10:13",
        "10:33",
        "11:13",
        "11:53",
        "12:33",
        "12:53",
        "13:33",
        "13:53",
        "14:13",
        "14:33",
        "14:53",
        "15:13",
        "15:33",
        "15:53",
        "16:13",
        "16:33",
        "16:53",
        "17:13",
        "17:33",
        "17:53",
        "18:13",
        "18:33",
        "18:53",
        "19:13",
        "19:33",
        "19:53",
        "20:13",
        "20:33",
        "20:53",
        "21:13",
        "21:48"
    ],
    "holiday": [
        "6:51",
        "7:31",
        "7:51",
        "8:11",
        "8:51",
        "9:33",
        "9:53",
        "10:33",
        "10:53",
        "11:33",
        "12:03",
        "12:33",
        "12:53",
        "13:33",
        "13:53",
        "14:33",
        "14:53",
        "15:13",
        "15:33",
        "15:53",
        "16:13",
        "16:33",
        "16:53",
        "17:13",
        "17:33",
        "17:53",
        "18:13",
        "18:33",
        "18:53",
        "19:13",
        "19:33",
        "19:53",
        "20:13",
        "20:33",
        "20:53",
        "21:13"
    ],
    "url": "https://www.kanachu.co.jp/dia/diagram/timetable01_js/course:0000803693-5/node:00129682/kt:0/lname:/"
}
