{
    "date": "2025/04/01",
    "name": "十一条",
    "position": "-",
    "system": "林03",
    "destinations": [
        "九条",
        "南林間駅前通り",
        "南林間駅"
    ],
    "weekday": [
        "6:07",
        "6:22",
        "6:43",
        "6:53",
        "7:13",
        "7:23",
        "7:33",
        "7:44",
        "7:54",
        "8:04",
        "8:14",
        "8:25",
        "8:37",
        "8:44",
        "8:54",
        "9:01",
        "9:09",
        "9:24",
        "9:34",
        "9:54",
        "10:14",
        "10:34",
        "10:54",
        "11:14",
        "11:34",
        "11:54",
        "12:14",
        "12:34",
        "12:54",
        "13:14",
        "13:34",
        "13:54",
        "14:14",
        "14:34",
        "14:54",
        "15:14",
        "15:34",
        "15:54",
        "16:14",
        "16:34",
        "16:54",
        "17:14",
        "17:34",
        "17:44",
        "17:54",
        "18:04",
        "18:14",
        "18:24",
        "18:35",
        "18:46",
        "18:57",
        "19:14",
        "19:29",
        "19:54",
        "20:12",
        "20:29",
        "20:52",
        "21:22",
        "22:07"
    ],
    "saturday": [
        "6:17",
        "6:52",
        "7:12",
        "7:32",
        "7:52",
        "8:12",
        "8:32",
        "8:52",
        "9:14",
        "9:34",
        "9:54",
        "10:14",
        "10:34",
        "11:14",
        "11:54",
        "12:34",
        "12:54",
        "13:34",
        "13:54",
        "14:14",
        "14:34",
        "14:54",
        "15:14",
        "15:34",
        "15:54",
        "16:14",
        "16:34",
        "16:54",
        "17:14",
        "17:34",
        "17:54",
        "18:14",
        "18:34",
        "18:54",
        "19:14",
        "19:34",
        "19:54",
        "20:14",
        "20:34",
        "20:54",
        "21:14",
        "21:49"
    ],
    "holiday": [
        "6:52",
        "7:32",
        "7:52",
        "8:12",
        "8:52",
        "9:34",
        "9:54",
        "10:34",
        "10:54",
        "11:34",
        "12:04",
        "12:34",
        "12:54",
        "13:34",
        "13:54",
        "14:34",
        "14:54",
        "15:14",
        "15:34",
        "15:54",
        "16:14",
        "16:34",
        "16:54",
        "17:14",
        "17:34",
        "17:54",
        "18:14",
        "18:34",
        "18:54",
        "19:14",
        "19:34",
        "19:54",
        "20:14",
        "20:34",
        "20:54",
        "21:14"
    ],
    "url": "https://www.kanachu.co.jp/dia/diagram/timetable01_js/course:0000803693-6/node:00129683/kt:0/lname:/"
}
