{
    "date": "2025/04/01",
    "name": "南林間駅前通り",
    "position": "-",
    "system": "林03",
    "destinations": [
        "南林間駅"
    ],
    "weekday": [
        "6:10",
        "6:25",
        "6:46",
        "6:56",
        "7:16",
        "7:26",
        "7:36",
        "7:47",
        "7:57",
        "8:07",
        "8:17",
        "8:28",
        "8:40",
        "8:47",
        "8:57",
        "9:04",
        "9:12",
        "9:27",
        "9:37",
        "9:57",
        "10:17",
        "10:37",
        "10:57",
        "11:17",
        "11:37",
        "11:57",
        "12:17",
        "12:37",
        "12:57",
        "13:17",
        "13:37",
        "13:57",
        "14:17",
        "14:37",
        "14:57",
        "15:17",
        "15:37",
        "15:57",
        "16:17",
        "16:37",
        "16:57",
        "17:17",
        "17:37",
        "17:47",
        "17:57",
        "18:07",
        "18:17",
        "18:27",
        "18:38",
        "18:49",
        "19:00",
        "19:17",
        "19:32",
        "19:57",
        "20:15",
        "20:32",
        "20:55",
        "21:25",
        "22:10"
    ],
    "saturday": [
        "6:20",
        "6:55",
        "7:15",
        "7:35",
        "7:55",
        "8:15",
        "8:35",
        "8:55",
        "9:17",
        "9:37",
        "9:57",
        "10:17",
        "10:37",
        "11:17",
        "11:57",
        "12:37",
        "12:57",
        "13:37",
        "13:57",
        "14:17",
        "14:37",
        "14:57",
        "15:17",
        "15:37",
        "15:57",
        "16:17",
        "16:37",
        "16:57",
        "17:17",
        "17:37",
        "17:57",
        "18:17",
        "18:37",
        "18:57",
        "19:17",
        "19:37",
        "19:57",
        "20:17",
        "20:37",
        "20:57",
        "21:17",
        "21:52"
    ],
    "holiday": [
        "6:55",
        "7:35",
        "7:55",
        "8:15",
        "8:55",
        "9:37",
        "9:57",
        "10:37",
        "10:57",
        "11:37",
        "12:07",
        "12:37",
        "12:57",
        "13:37",
        "13:57",
        "14:37",
        "14:57",
        "15:17",
        "15:37",
        "15:57",
        "16:17",
        "16:37",
        "16:57",
        "17:17",
        "17:37",
        "17:57",
        "18:17",
        "18:37",
        "18:57",
        "19:17",
        "19:37",
        "19:57",
        "20:17",
        "20:37",
        "20:57",
        "21:17"
    ],
    "url": "https://www.kanachu.co.jp/dia/diagram/timetable01_js/course:0000803693-8/node:00129667/kt:0/lname:/"
}
