{
    "date": "2025/02/24",
    "name": "横浜薬大南門",
    "position": "-",
    "system": "下05",
    "destinations": [
        "戸塚西公園入口",
        "富士見ヶ丘入口",
        "深谷台小学校入口",
        "深谷消防出張所西側",
        "アカシア公園入口",
        "いずみ台",
        "密蔵院前",
        "赤坂橋(横浜市泉区)",
        "下飯田駅",
        "ゆめが丘駅",
        "左馬神社入口",
        "三柱神社入口",
        "和泉坂上",
        "池ノ上(横浜市泉区)",
        "向原(横浜市泉区)",
        "上飯田中学校入口",
        "飯田北小学校入口",
        "ひなた山第一",
        "ひなた山",
        "上飯田車庫"
    ],
    "weekday": [
        "8:58",
        "9:58",
        "10:58",
        "12:18",
        "13:13",
        "14:03",
        "15:54",
        "16:43",
        "17:50",
        "18:13",
        "19:40",
        "20:48",
        "21:55"
    ],
    "saturday": [
        "9:03",
        "10:23",
        "10:46",
        "12:53",
        "13:53",
        "14:08",
        "15:35",
        "16:03",
        "17:48",
        "18:20",
        "19:48",
        "20:48"
    ],
    "holiday": [
        "9:03",
        "10:23",
        "10:46",
        "12:53",
        "13:53",
        "14:08",
        "15:35",
        "16:03",
        "17:48",
        "18:20",
        "19:48",
        "20:48"
    ],
    "url": "https://www.kanachu.co.jp/dia/diagram/timetable01_js/course:0000803551-4/node:00126821/kt:0/lname:/"
}
