{
    "date": "2025/02/24",
    "name": "戸塚西公園入口",
    "position": "-",
    "system": "下05",
    "destinations": [
        "富士見ヶ丘入口",
        "深谷台小学校入口",
        "深谷消防出張所西側",
        "アカシア公園入口",
        "いずみ台",
        "密蔵院前",
        "赤坂橋(横浜市泉区)",
        "下飯田駅",
        "ゆめが丘駅",
        "左馬神社入口",
        "三柱神社入口",
        "和泉坂上",
        "池ノ上(横浜市泉区)",
        "向原(横浜市泉区)",
        "上飯田中学校入口",
        "飯田北小学校入口",
        "ひなた山第一",
        "ひなた山",
        "上飯田車庫"
    ],
    "weekday": [
        "9:00",
        "10:00",
        "11:00",
        "12:20",
        "13:15",
        "14:05",
        "15:56",
        "16:45",
        "17:52",
        "18:15",
        "19:42",
        "20:50",
        "21:57"
    ],
    "saturday": [
        "9:05",
        "10:25",
        "10:48",
        "12:55",
        "13:55",
        "14:10",
        "15:37",
        "16:05",
        "17:50",
        "18:22",
        "19:50",
        "20:50"
    ],
    "holiday": [
        "9:05",
        "10:25",
        "10:48",
        "12:55",
        "13:55",
        "14:10",
        "15:37",
        "16:05",
        "17:50",
        "18:22",
        "19:50",
        "20:50"
    ],
    "url": "https://www.kanachu.co.jp/dia/diagram/timetable01_js/course:0000803551-5/node:00126966/kt:0/lname:/"
}
