{
    "date": "2025/02/24",
    "name": "富士見ヶ丘入口",
    "position": "-",
    "system": "下05",
    "destinations": [
        "深谷台小学校入口",
        "深谷消防出張所西側",
        "アカシア公園入口",
        "いずみ台",
        "密蔵院前",
        "赤坂橋(横浜市泉区)",
        "下飯田駅",
        "ゆめが丘駅",
        "左馬神社入口",
        "三柱神社入口",
        "和泉坂上",
        "池ノ上(横浜市泉区)",
        "向原(横浜市泉区)",
        "上飯田中学校入口",
        "飯田北小学校入口",
        "ひなた山第一",
        "ひなた山",
        "上飯田車庫"
    ],
    "weekday": [
        "9:01",
        "10:01",
        "11:01",
        "12:21",
        "13:16",
        "14:06",
        "15:57",
        "16:46",
        "17:53",
        "18:16",
        "19:43",
        "20:51",
        "21:58"
    ],
    "saturday": [
        "9:06",
        "10:26",
        "10:49",
        "12:56",
        "13:56",
        "14:11",
        "15:38",
        "16:06",
        "17:51",
        "18:23",
        "19:51",
        "20:51"
    ],
    "holiday": [
        "9:06",
        "10:26",
        "10:49",
        "12:56",
        "13:56",
        "14:11",
        "15:38",
        "16:06",
        "17:51",
        "18:23",
        "19:51",
        "20:51"
    ],
    "url": "https://www.kanachu.co.jp/dia/diagram/timetable01_js/course:0000803551-6/node:00126965/kt:0/lname:/"
}
