{
    "date": "2025/02/24",
    "name": "深谷消防出張所西側",
    "position": "-",
    "system": "下05",
    "destinations": [
        "アカシア公園入口",
        "いずみ台",
        "密蔵院前",
        "赤坂橋(横浜市泉区)",
        "下飯田駅",
        "ゆめが丘駅",
        "左馬神社入口",
        "三柱神社入口",
        "和泉坂上",
        "池ノ上(横浜市泉区)",
        "向原(横浜市泉区)",
        "上飯田中学校入口",
        "飯田北小学校入口",
        "ひなた山第一",
        "ひなた山",
        "上飯田車庫"
    ],
    "weekday": [
        "9:03",
        "10:03",
        "11:03",
        "12:23",
        "13:18",
        "14:08",
        "15:59",
        "16:48",
        "17:55",
        "18:18",
        "19:45",
        "20:53",
        "21:59"
    ],
    "saturday": [
        "9:08",
        "10:28",
        "10:51",
        "12:58",
        "13:58",
        "14:13",
        "15:40",
        "16:08",
        "17:53",
        "18:25",
        "19:53",
        "20:53"
    ],
    "holiday": [
        "9:08",
        "10:28",
        "10:51",
        "12:58",
        "13:58",
        "14:13",
        "15:40",
        "16:08",
        "17:53",
        "18:25",
        "19:53",
        "20:53"
    ],
    "url": "https://www.kanachu.co.jp/dia/diagram/timetable01_js/course:0000803551-8/node:00126963/kt:0/lname:/"
}
