{
    "date": "2025/02/24",
    "name": "三柱神社入口",
    "position": "-",
    "system": "下05",
    "destinations": [
        "和泉坂上",
        "池ノ上(横浜市泉区)",
        "向原(横浜市泉区)",
        "上飯田中学校入口",
        "飯田北小学校入口",
        "ひなた山第一",
        "ひなた山",
        "上飯田車庫"
    ],
    "weekday": [
        "9:15",
        "10:15",
        "11:15",
        "12:35",
        "13:30",
        "14:20",
        "16:11",
        "17:00",
        "18:07",
        "18:30",
        "19:57",
        "21:03",
        "22:07"
    ],
    "saturday": [
        "9:20",
        "10:40",
        "11:03",
        "13:10",
        "14:10",
        "14:25",
        "15:52",
        "16:20",
        "18:05",
        "18:37",
        "20:05",
        "21:03"
    ],
    "holiday": [
        "9:20",
        "10:40",
        "11:03",
        "13:10",
        "14:10",
        "14:25",
        "15:52",
        "16:20",
        "18:05",
        "18:37",
        "20:05",
        "21:03"
    ],
    "url": "https://www.kanachu.co.jp/dia/diagram/timetable01_js/course:0000803551-16/node:00126955/kt:0/lname:/"
}
