{
    "system": "下05",
    "busstops": [
        {
            "index": "1",
            "id": "00126824",
            "name": "ドリームハイツ",
            "lat": "35.389048",
            "lng": "139.490668"
        },
        {
            "index": "2",
            "id": "00126823",
            "name": "集会所前(横浜市戸塚区)",
            "lat": "35.388132",
            "lng": "139.493551"
        },
        {
            "index": "3",
            "id": "00126822",
            "name": "俣野公園・横浜薬大前",
            "lat": "35.385149",
            "lng": "139.494901"
        },
        {
            "index": "4",
            "id": "00126821",
            "name": "横浜薬大南門",
            "lat": "35.383182",
            "lng": "139.497663"
        },
        {
            "index": "5",
            "id": "00126966",
            "name": "戸塚西公園入口",
            "lat": "35.384866",
            "lng": "139.4999"
        },
        {
            "index": "6",
            "id": "00126965",
            "name": "富士見ヶ丘入口",
            "lat": "35.388243",
            "lng": "139.498286"
        },
        {
            "index": "7",
            "id": "00126964",
            "name": "深谷台小学校入口",
            "lat": "35.389212",
            "lng": "139.497259"
        },
        {
            "index": "8",
            "id": "00126963",
            "name": "深谷消防出張所西側",
            "lat": "35.389985",
            "lng": "139.496079"
        },
        {
            "index": "9",
            "id": "00126962",
            "name": "アカシア公園入口",
            "lat": "35.391964",
            "lng": "139.492534"
        },
        {
            "index": "10",
            "id": "00126961",
            "name": "いずみ台",
            "lat": "35.392781",
            "lng": "139.491051"
        },
        {
            "index": "11",
            "id": "00126960",
            "name": "密蔵院前",
            "lat": "35.396171",
            "lng": "139.486329"
        },
        {
            "index": "12",
            "id": "00126959",
            "name": "赤坂橋(横浜市泉区)",
            "lat": "35.398897",
            "lng": "139.485134"
        },
        {
            "index": "13",
            "id": "00130532",
            "name": "下飯田駅",
            "lat": "35.403539",
            "lng": "139.4828"
        },
        {
            "index": "14",
            "id": "00130531",
            "name": "ゆめが丘駅",
            "lat": "35.405764",
            "lng": "139.482132"
        },
        {
            "index": "15",
            "id": "00126956",
            "name": "左馬神社入口",
            "lat": "35.412194",
            "lng": "139.484473"
        },
        {
            "index": "16",
            "id": "00126955",
            "name": "三柱神社入口",
            "lat": "35.415695",
            "lng": "139.484867"
        },
        {
            "index": "17",
            "id": "00126787",
            "name": "和泉坂上",
            "lat": "35.417519",
            "lng": "139.485173"
        },
        {
            "index": "18",
            "id": "00126906",
            "name": "池ノ上(横浜市泉区)",
            "lat": "35.422557",
            "lng": "139.484679"
        },
        {
            "index": "19",
            "id": "00126898",
            "name": "向原(横浜市泉区)",
            "lat": "35.42896",
            "lng": "139.484383"
        },
        {
            "index": "20",
            "id": "00126897",
            "name": "上飯田中学校入口",
            "lat": "35.431064",
            "lng": "139.484484"
        },
        {
            "index": "21",
            "id": "00126907",
            "name": "飯田北小学校入口",
            "lat": "35.434859",
            "lng": "139.4846"
        },
        {
            "index": "22",
            "id": "00126800",
            "name": "ひなた山第一",
            "lat": "35.441259",
            "lng": "139.484383"
        },
        {
            "index": "23",
            "id": "00126702",
            "name": "ひなた山",
            "lat": "35.442823",
            "lng": "139.483037"
        },
        {
            "index": "24",
            "id": "00126905",
            "name": "上飯田車庫",
            "lat": "35.442658",
            "lng": "139.478233"
        }
    ],
    "route_url": "https://www.kanachu.co.jp/dia/route/index/cid:0000803551/"
}
