{
    "date": "2025/08/04",
    "name": "大河原(相模原市中央区)",
    "position": "-",
    "system": "相32",
    "destinations": [
        "大山団地入口",
        "橋本十字路",
        "緑ヶ丘(相模原市緑区)",
        "金属工業団地(相模原市緑区)",
        "峡の原",
        "峡の原車庫",
        "相模原協同病院"
    ],
    "weekday": [
        "7:15",
        "7:50",
        "8:10",
        "8:30",
        "8:50",
        "9:40",
        "10:15",
        "10:45"
    ],
    "saturday": [
        "7:40",
        "8:05",
        "9:00",
        "9:30",
        "10:30",
        "10:50"
    ],
    "holiday": [
        "7:40"
    ],
    "url": "https://www.kanachu.co.jp/dia/diagram/timetable01_js/course:0000802998-4/node:00129099/kt:0/lname:/"
}
