{
    "date": "2025/08/04",
    "name": "峡の原",
    "position": "-",
    "system": "相32",
    "destinations": [
        "峡の原車庫",
        "相模原協同病院"
    ],
    "weekday": [
        "7:24",
        "7:59",
        "8:19",
        "8:39",
        "8:59",
        "9:49",
        "10:24",
        "10:54"
    ],
    "saturday": [
        "7:49",
        "8:14",
        "9:09",
        "9:39",
        "10:39",
        "10:59"
    ],
    "holiday": [
        "7:49"
    ],
    "url": "https://www.kanachu.co.jp/dia/diagram/timetable01_js/course:0000802998-9/node:00129221/kt:0/lname:/"
}
