{
    "date": "2026/01/16",
    "name": "市立病院(大和市)",
    "position": "-",
    "system": "ー",
    "destinations": [
        "オークシティ前",
        "鶴間2丁目",
        "鶴間中前",
        "南林間駅東口",
        "代官山",
        "つきみ野1丁目",
        "つきみ野2丁目南",
        "山谷(大和市)",
        "城山(大和市)",
        "二津屋",
        "下村",
        "上村(大和市)",
        "つきみ野メディカルセンター",
        "つきみ野駅",
        "つる舞の里歴史資料館",
        "つきみ野2号公園",
        "つきみ野8丁目",
        "つきみ野北農園",
        "つる舞の里歴史資料館",
        "つきみ野市営住宅前",
        "中央林間4丁目",
        "中央林間駅",
        "中央林間駅南"
    ],
    "weekday": [
        "7:51",
        "9:41",
        "11:26",
        "13:16",
        "15:01",
        "16:51",
        "18:36"
    ],
    "saturday": [
        "7:51",
        "9:41",
        "11:41",
        "13:31",
        "15:31",
        "17:21"
    ],
    "holiday": [
        "7:51",
        "9:41",
        "11:41",
        "13:31",
        "15:31",
        "17:21"
    ],
    "url": "https://www.kanachu.co.jp/dia/diagram/timetable01_js/course:0000804157-2/node:00129741/kt:0/lname:/"
}
