{
    "date": "2024/04/01",
    "name": "南原土手",
    "position": "-",
    "system": "平31",
    "destinations": [
        "徳延神社前",
        "徳延",
        "河内(平塚市)",
        "坂間",
        "大町(平塚市)",
        "堀の内(平塚市)",
        "公所(平塚市)",
        "長久保(平塚市)",
        "中沢橋",
        "松岩寺"
    ],
    "weekday": [],
    "saturday": [
        "20:56"
    ],
    "holiday": [
        "20:56"
    ],
    "url": "https://www.kanachu.co.jp/dia/diagram/timetable01_js/course:0000800613-10/node:00127560/kt:0/lname:/"
}
