{
    "date": "2026/01/16",
    "name": "今宿(横浜市旭区)",
    "position": "-",
    "system": "05",
    "destinations": [
        "今宿小学校入口",
        "鶴ヶ峰中学校前",
        "薬王寺入口",
        "鶴ヶ峰本町",
        "鶴ヶ峰駅",
        "白根町",
        "白根不動入口",
        "下白根橋",
        "西谷(横浜市旭区)",
        "西谷駅前",
        "梅の木(横浜市保土ケ谷区)",
        "西谷妙福寺前",
        "川島町(横浜市保土ケ谷区)",
        "杉山神社前(横浜市保土ケ谷区)",
        "上星川",
        "保土ヶ谷中学校前",
        "和田町(横浜市保土ケ谷区)",
        "常盤園下",
        "峰岡町",
        "峯小学校前",
        "宮田町(横浜市保土ケ谷区)",
        "洪福寺",
        "浅間町車庫前",
        "浅岡橋",
        "浅間下(横浜市西区)",
        "楠町",
        "鶴屋町三丁目",
        "横浜駅西口"
    ],
    "weekday": [
        "6:12",
        "6:35",
        "7:39",
        "8:39",
        "9:39",
        "10:46",
        "11:46",
        "12:46",
        "13:46",
        "14:46",
        "15:46",
        "16:46",
        "17:47",
        "18:47",
        "19:46",
        "20:56",
        "22:12"
    ],
    "saturday": [
        "5:49",
        "6:25",
        "7:23",
        "7:59",
        "8:36",
        "9:36",
        "10:38",
        "11:36",
        "12:36",
        "13:36",
        "14:36",
        "15:36",
        "16:36",
        "17:36",
        "18:36",
        "19:36",
        "20:13"
    ],
    "holiday": [
        "6:12",
        "7:09",
        "7:57",
        "8:30",
        "9:36",
        "10:36",
        "11:36",
        "12:36",
        "13:36",
        "14:36",
        "15:38",
        "16:36",
        "17:36",
        "18:36",
        "19:41",
        "20:11"
    ],
    "url": "https://www.kanachu.co.jp/dia/diagram/timetable01_js/course:0000804131-17/node:00129716/kt:0/lname:/"
}
