{
    "date": "2026/01/16",
    "name": "鶴ヶ峰中学校前",
    "position": "-",
    "system": "05",
    "destinations": [
        "薬王寺入口",
        "鶴ヶ峰本町",
        "鶴ヶ峰駅",
        "白根町",
        "白根不動入口",
        "下白根橋",
        "西谷(横浜市旭区)",
        "西谷駅前",
        "梅の木(横浜市保土ケ谷区)",
        "西谷妙福寺前",
        "川島町(横浜市保土ケ谷区)",
        "杉山神社前(横浜市保土ケ谷区)",
        "上星川",
        "保土ヶ谷中学校前",
        "和田町(横浜市保土ケ谷区)",
        "常盤園下",
        "峰岡町",
        "峯小学校前",
        "宮田町(横浜市保土ケ谷区)",
        "洪福寺",
        "浅間町車庫前",
        "浅岡橋",
        "浅間下(横浜市西区)",
        "楠町",
        "鶴屋町三丁目",
        "横浜駅西口"
    ],
    "weekday": [
        "6:14",
        "6:37",
        "7:41",
        "8:41",
        "9:41",
        "10:48",
        "11:48",
        "12:48",
        "13:48",
        "14:48",
        "15:48",
        "16:48",
        "17:49",
        "18:49",
        "19:48",
        "20:58",
        "22:14"
    ],
    "saturday": [
        "5:51",
        "6:27",
        "7:25",
        "8:01",
        "8:38",
        "9:38",
        "10:40",
        "11:38",
        "12:38",
        "13:38",
        "14:38",
        "15:38",
        "16:38",
        "17:38",
        "18:38",
        "19:38",
        "20:15"
    ],
    "holiday": [
        "6:14",
        "7:11",
        "7:59",
        "8:32",
        "9:38",
        "10:38",
        "11:38",
        "12:38",
        "13:38",
        "14:38",
        "15:40",
        "16:38",
        "17:38",
        "18:38",
        "19:43",
        "20:13"
    ],
    "url": "https://www.kanachu.co.jp/dia/diagram/timetable01_js/course:0000804131-19/node:00129718/kt:0/lname:/"
}
