{
    "date": "2026/01/16",
    "name": "鶴ヶ峰駅",
    "position": "-",
    "system": "05",
    "destinations": [
        "白根町",
        "白根不動入口",
        "下白根橋",
        "西谷(横浜市旭区)",
        "西谷駅前",
        "梅の木(横浜市保土ケ谷区)",
        "西谷妙福寺前",
        "川島町(横浜市保土ケ谷区)",
        "杉山神社前(横浜市保土ケ谷区)",
        "上星川",
        "保土ヶ谷中学校前",
        "和田町(横浜市保土ケ谷区)",
        "常盤園下",
        "峰岡町",
        "峯小学校前",
        "宮田町(横浜市保土ケ谷区)",
        "洪福寺",
        "浅間町車庫前",
        "浅岡橋",
        "浅間下(横浜市西区)",
        "楠町",
        "鶴屋町三丁目",
        "横浜駅西口"
    ],
    "weekday": [
        "6:22",
        "6:45",
        "7:55",
        "8:55",
        "9:51",
        "10:58",
        "11:58",
        "12:58",
        "13:58",
        "14:58",
        "15:58",
        "17:01",
        "18:02",
        "18:57",
        "19:56",
        "21:02",
        "22:18"
    ],
    "saturday": [
        "5:59",
        "6:35",
        "7:33",
        "8:12",
        "8:49",
        "9:50",
        "10:52",
        "11:50",
        "12:45",
        "13:45",
        "14:45",
        "15:45",
        "16:45",
        "17:45",
        "18:45",
        "19:45",
        "20:19"
    ],
    "holiday": [
        "6:22",
        "7:19",
        "8:10",
        "8:43",
        "9:45",
        "10:45",
        "11:45",
        "12:45",
        "13:45",
        "14:45",
        "15:47",
        "16:45",
        "17:45",
        "18:45",
        "19:50",
        "20:17"
    ],
    "url": "https://www.kanachu.co.jp/dia/diagram/timetable01_js/course:0000804131-22/node:00102756/kt:0/lname:/"
}
