{
    "date": "2026/01/16",
    "name": "白根不動入口",
    "position": "-",
    "system": "05",
    "destinations": [
        "下白根橋",
        "西谷(横浜市旭区)",
        "西谷駅前",
        "梅の木(横浜市保土ケ谷区)",
        "西谷妙福寺前",
        "川島町(横浜市保土ケ谷区)",
        "杉山神社前(横浜市保土ケ谷区)",
        "上星川",
        "保土ヶ谷中学校前",
        "和田町(横浜市保土ケ谷区)",
        "常盤園下",
        "峰岡町",
        "峯小学校前",
        "宮田町(横浜市保土ケ谷区)",
        "洪福寺",
        "浅間町車庫前",
        "浅岡橋",
        "浅間下(横浜市西区)",
        "楠町",
        "鶴屋町三丁目",
        "横浜駅西口"
    ],
    "weekday": [
        "6:25",
        "6:48",
        "7:58",
        "8:58",
        "9:54",
        "11:01",
        "12:01",
        "13:01",
        "14:01",
        "15:01",
        "16:01",
        "17:04",
        "18:05",
        "19:00",
        "19:59",
        "21:06",
        "22:22"
    ],
    "saturday": [
        "6:02",
        "6:38",
        "7:36",
        "8:15",
        "8:52",
        "9:53",
        "10:55",
        "11:53",
        "12:48",
        "13:48",
        "14:48",
        "15:48",
        "16:48",
        "17:48",
        "18:48",
        "19:48",
        "20:23"
    ],
    "holiday": [
        "6:25",
        "7:22",
        "8:13",
        "8:46",
        "9:48",
        "10:48",
        "11:48",
        "12:48",
        "13:48",
        "14:48",
        "15:50",
        "16:48",
        "17:48",
        "18:48",
        "19:53",
        "20:21"
    ],
    "url": "https://www.kanachu.co.jp/dia/diagram/timetable01_js/course:0000804131-24/node:00102605/kt:0/lname:/"
}
