{
    "date": "2026/01/16",
    "name": "上星川",
    "position": "-",
    "system": "05",
    "destinations": [
        "保土ヶ谷中学校前",
        "和田町(横浜市保土ケ谷区)",
        "常盤園下",
        "峰岡町",
        "峯小学校前",
        "宮田町(横浜市保土ケ谷区)",
        "洪福寺",
        "浅間町車庫前",
        "浅岡橋",
        "浅間下(横浜市西区)",
        "楠町",
        "鶴屋町三丁目",
        "横浜駅西口"
    ],
    "weekday": [
        "6:35",
        "6:58",
        "8:08",
        "9:08",
        "10:04",
        "11:11",
        "12:11",
        "13:11",
        "14:11",
        "15:11",
        "16:11",
        "17:14",
        "18:15",
        "19:10",
        "20:09",
        "21:16",
        "22:32"
    ],
    "saturday": [
        "6:12",
        "6:48",
        "7:46",
        "8:25",
        "9:02",
        "10:03",
        "11:05",
        "12:03",
        "12:58",
        "13:58",
        "14:58",
        "15:58",
        "16:58",
        "17:58",
        "18:58",
        "19:58",
        "20:33"
    ],
    "holiday": [
        "6:35",
        "7:32",
        "8:23",
        "8:56",
        "9:58",
        "10:58",
        "11:58",
        "12:58",
        "13:58",
        "14:58",
        "16:00",
        "16:58",
        "17:58",
        "18:58",
        "20:03",
        "20:31"
    ],
    "url": "https://www.kanachu.co.jp/dia/diagram/timetable01_js/course:0000804131-32/node:00102369/kt:0/lname:/"
}
