{
    "date": "2026/01/16",
    "name": "峰岡町",
    "position": "-",
    "system": "05",
    "destinations": [
        "峯小学校前",
        "宮田町(横浜市保土ケ谷区)",
        "洪福寺",
        "浅間町車庫前",
        "浅岡橋",
        "浅間下(横浜市西区)",
        "楠町",
        "鶴屋町三丁目",
        "横浜駅西口"
    ],
    "weekday": [
        "6:40",
        "7:03",
        "8:13",
        "9:13",
        "10:09",
        "11:16",
        "12:16",
        "13:16",
        "14:16",
        "15:16",
        "16:16",
        "17:19",
        "18:20",
        "19:15",
        "20:14",
        "21:21",
        "22:37"
    ],
    "saturday": [
        "6:17",
        "6:53",
        "7:51",
        "8:30",
        "9:07",
        "10:08",
        "11:10",
        "12:08",
        "13:03",
        "14:03",
        "15:03",
        "16:03",
        "17:03",
        "18:03",
        "19:03",
        "20:03",
        "20:38"
    ],
    "holiday": [
        "6:40",
        "7:37",
        "8:28",
        "9:01",
        "10:03",
        "11:03",
        "12:03",
        "13:03",
        "14:03",
        "15:03",
        "16:05",
        "17:03",
        "18:03",
        "19:03",
        "20:08",
        "20:36"
    ],
    "url": "https://www.kanachu.co.jp/dia/diagram/timetable01_js/course:0000804131-36/node:00103136/kt:0/lname:/"
}
