{
    "date": "2026/01/16",
    "name": "宮田町(横浜市保土ケ谷区)",
    "position": "-",
    "system": "05",
    "destinations": [
        "洪福寺",
        "浅間町車庫前",
        "浅岡橋",
        "浅間下(横浜市西区)",
        "楠町",
        "鶴屋町三丁目",
        "横浜駅西口"
    ],
    "weekday": [
        "6:42",
        "7:05",
        "8:15",
        "9:15",
        "10:11",
        "11:18",
        "12:18",
        "13:18",
        "14:18",
        "15:18",
        "16:18",
        "17:21",
        "18:22",
        "19:17",
        "20:16",
        "21:23",
        "22:39"
    ],
    "saturday": [
        "6:19",
        "6:55",
        "7:53",
        "8:32",
        "9:09",
        "10:10",
        "11:12",
        "12:10",
        "13:05",
        "14:05",
        "15:05",
        "16:05",
        "17:05",
        "18:05",
        "19:05",
        "20:05",
        "20:40"
    ],
    "holiday": [
        "6:42",
        "7:39",
        "8:30",
        "9:03",
        "10:05",
        "11:05",
        "12:05",
        "13:05",
        "14:05",
        "15:05",
        "16:07",
        "17:05",
        "18:05",
        "19:05",
        "20:10",
        "20:38"
    ],
    "url": "https://www.kanachu.co.jp/dia/diagram/timetable01_js/course:0000804131-38/node:00103140/kt:0/lname:/"
}
