{
    "date": "2026/01/16",
    "name": "浅岡橋",
    "position": "-",
    "system": "05",
    "destinations": [
        "浅間下(横浜市西区)",
        "楠町",
        "鶴屋町三丁目",
        "横浜駅西口"
    ],
    "weekday": [
        "6:45",
        "7:09",
        "8:19",
        "9:19",
        "10:15",
        "11:22",
        "12:22",
        "13:22",
        "14:22",
        "15:22",
        "16:22",
        "17:25",
        "18:26",
        "19:21",
        "20:19",
        "21:26",
        "22:42"
    ],
    "saturday": [
        "6:22",
        "6:58",
        "7:56",
        "8:35",
        "9:12",
        "10:13",
        "11:15",
        "12:13",
        "13:08",
        "14:08",
        "15:08",
        "16:08",
        "17:08",
        "18:08",
        "19:08",
        "20:08",
        "20:43"
    ],
    "holiday": [
        "6:45",
        "7:42",
        "8:33",
        "9:06",
        "10:08",
        "11:08",
        "12:08",
        "13:08",
        "14:08",
        "15:08",
        "16:10",
        "17:08",
        "18:08",
        "19:08",
        "20:13",
        "20:41"
    ],
    "url": "https://www.kanachu.co.jp/dia/diagram/timetable01_js/course:0000804131-41/node:00102205/kt:0/lname:/"
}
