{
    "date": "2024/04/01",
    "name": "富士見町入口",
    "position": "-",
    "system": "秦12",
    "destinations": [
        "富士見橋・警察署入口",
        "浄屋入口",
        "カルチャーパーク前",
        "水無瀬橋(秦野市)",
        "三屋出口",
        "塚原橋(秦野市)",
        "古墳公園前",
        "上河原(秦野市)",
        "平和橋(秦野市)",
        "大倉入口",
        "関(秦野市)",
        "堀川",
        "堀西駐在所前",
        "中道(秦野市)",
        "西小学校前(秦野市)",
        "西中学校前(秦野市)",
        "柳町(秦野市)",
        "渋沢駅北口"
    ],
    "weekday": [
        "6:27",
        "8:14",
        "8:52",
        "9:44",
        "10:57",
        "14:57",
        "15:57",
        "18:47"
    ],
    "saturday": [
        "8:48",
        "9:48",
        "11:12",
        "14:01",
        "16:12",
        "17:16"
    ],
    "holiday": [
        "8:48",
        "9:48",
        "11:12",
        "14:01",
        "16:12",
        "17:16"
    ],
    "url": "https://www.kanachu.co.jp/dia/diagram/timetable01_js/course:0000802748-6/node:00127914/kt:0/lname:/"
}
