{
    "date": "2024/04/01",
    "name": "関(秦野市)",
    "position": "-",
    "system": "秦12",
    "destinations": [
        "堀川",
        "堀西駐在所前",
        "中道(秦野市)",
        "西小学校前(秦野市)",
        "西中学校前(秦野市)",
        "柳町(秦野市)",
        "渋沢駅北口"
    ],
    "weekday": [
        "6:37",
        "8:24",
        "9:02",
        "9:54",
        "11:07",
        "15:07",
        "16:07",
        "18:57"
    ],
    "saturday": [
        "8:58",
        "9:58",
        "11:22",
        "14:11",
        "16:22",
        "17:26"
    ],
    "holiday": [
        "8:58",
        "9:58",
        "11:22",
        "14:11",
        "16:22",
        "17:26"
    ],
    "url": "https://www.kanachu.co.jp/dia/diagram/timetable01_js/course:0000802748-17/node:00127893/kt:0/lname:/"
}
