{
    "date": "2024/04/01",
    "name": "堀川",
    "position": "-",
    "system": "秦12",
    "destinations": [
        "堀西駐在所前",
        "中道(秦野市)",
        "西小学校前(秦野市)",
        "西中学校前(秦野市)",
        "柳町(秦野市)",
        "渋沢駅北口"
    ],
    "weekday": [
        "6:38",
        "8:25",
        "9:03",
        "9:55",
        "11:08",
        "15:08",
        "16:08",
        "18:58"
    ],
    "saturday": [
        "8:59",
        "9:59",
        "11:23",
        "14:12",
        "16:23",
        "17:27"
    ],
    "holiday": [
        "8:59",
        "9:59",
        "11:23",
        "14:12",
        "16:23",
        "17:27"
    ],
    "url": "https://www.kanachu.co.jp/dia/diagram/timetable01_js/course:0000802748-18/node:00127894/kt:0/lname:/"
}
