{
    "date": "2025/10/20",
    "name": "原町田三丁目",
    "position": "-",
    "system": "町89",
    "destinations": [
        "三塚",
        "南橋(町田市)",
        "金森二丁目西",
        "防災いこいの広場入口",
        "都営金森アパート前",
        "かわせみ会館前",
        "西田(町田市)",
        "西田峯山公園前",
        "定方寺公園入口",
        "町谷(町田市)",
        "南町田四丁目",
        "南町田北",
        "南町田グランベリーパーク駅"
    ],
    "weekday": [
        "7:00",
        "7:26",
        "7:48",
        "8:21",
        "8:40"
    ],
    "saturday": [
        "7:26",
        "8:05",
        "8:40"
    ],
    "holiday": [
        "7:26",
        "8:05",
        "8:40"
    ],
    "url": "https://www.kanachu.co.jp/dia/diagram/timetable01_js/course:0000802504-3/node:00129546/kt:0/lname:/"
}
