{
    "date": "2025/10/20",
    "name": "金森二丁目西",
    "position": "-",
    "system": "町89",
    "destinations": [
        "防災いこいの広場入口",
        "都営金森アパート前",
        "かわせみ会館前",
        "西田(町田市)",
        "西田峯山公園前",
        "定方寺公園入口",
        "町谷(町田市)",
        "南町田四丁目",
        "南町田北",
        "南町田グランベリーパーク駅"
    ],
    "weekday": [
        "7:05",
        "7:31",
        "7:53",
        "8:25",
        "8:44"
    ],
    "saturday": [
        "7:30",
        "8:09",
        "8:44"
    ],
    "holiday": [
        "7:30",
        "8:09",
        "8:44"
    ],
    "url": "https://www.kanachu.co.jp/dia/diagram/timetable01_js/course:0000802504-6/node:00129792/kt:0/lname:/"
}
