{
    "date": "2025/10/20",
    "name": "かわせみ会館前",
    "position": "-",
    "system": "町89",
    "destinations": [
        "西田(町田市)",
        "西田峯山公園前",
        "定方寺公園入口",
        "町谷(町田市)",
        "南町田四丁目",
        "南町田北",
        "南町田グランベリーパーク駅"
    ],
    "weekday": [
        "7:08",
        "7:34",
        "7:56",
        "8:28",
        "8:47"
    ],
    "saturday": [
        "7:33",
        "8:12",
        "8:47"
    ],
    "holiday": [
        "7:33",
        "8:12",
        "8:47"
    ],
    "url": "https://www.kanachu.co.jp/dia/diagram/timetable01_js/course:0000802504-9/node:00129795/kt:0/lname:/"
}
