{
    "date": "2025/10/20",
    "name": "町田バスセンター",
    "position": "8番乗り場",
    "system": "町75",
    "destinations": [
        "原町田四丁目",
        "原町田三丁目",
        "三塚",
        "熊野神社前(成瀬街道側/町田市)",
        "高瀬橋(町田市)",
        "鞍掛",
        "成瀬消防出張所前",
        "成瀬コミュニティセンター前",
        "成瀬高校入口",
        "南成瀬",
        "成瀬駅"
    ],
    "weekday": [
        "7:30"
    ],
    "saturday": [
        "8:15"
    ],
    "holiday": [
        "8:35"
    ],
    "url": "https://www.kanachu.co.jp/dia/diagram/timetable01_js/course:0000800570-1/node:00025625/kt:0/lname:/"
}
