{
    "date": "2025/10/20",
    "name": "鞍掛",
    "position": "-",
    "system": "町75",
    "destinations": [
        "成瀬消防出張所前",
        "成瀬コミュニティセンター前",
        "成瀬高校入口",
        "南成瀬",
        "成瀬駅"
    ],
    "weekday": [
        "7:38"
    ],
    "saturday": [
        "8:23"
    ],
    "holiday": [
        "8:43"
    ],
    "url": "https://www.kanachu.co.jp/dia/diagram/timetable01_js/course:0000800570-7/node:00129583/kt:0/lname:/"
}
