{
    "date": "2025/08/30",
    "name": "般若寺橋",
    "position": "-",
    "system": "東12",
    "destinations": [
        "下永谷(横浜市港南区)",
        "平戸(横浜市港南区)",
        "国道平戸",
        "品濃口",
        "坂下(横浜市戸塚区)",
        "品濃町(横浜市戸塚区)",
        "東戸塚駅東口"
    ],
    "weekday": [
        "10:48"
    ],
    "saturday": [
        "11:46",
        "12:48",
        "13:48",
        "14:46"
    ],
    "holiday": [
        "10:43",
        "11:46",
        "12:48",
        "13:48",
        "14:46"
    ],
    "url": "https://www.kanachu.co.jp/dia/diagram/timetable01_js/course:0000803863-6/node:00102927/kt:0/lname:/"
}
