{
    "date": "2025/08/30",
    "name": "国道平戸",
    "position": "-",
    "system": "東12",
    "destinations": [
        "品濃口",
        "坂下(横浜市戸塚区)",
        "品濃町(横浜市戸塚区)",
        "東戸塚駅東口"
    ],
    "weekday": [
        "10:54"
    ],
    "saturday": [
        "11:52",
        "12:54",
        "13:54",
        "14:52"
    ],
    "holiday": [
        "10:49",
        "11:52",
        "12:54",
        "13:54",
        "14:52"
    ],
    "url": "https://www.kanachu.co.jp/dia/diagram/timetable01_js/course:0000803863-9/node:00126618/kt:0/lname:/"
}
