{
    "date": "2026/01/16",
    "name": "鶴ヶ峰駅",
    "position": "-",
    "system": "峰03",
    "destinations": [
        "白根町",
        "白根不動入口",
        "下白根橋",
        "愛宕旭環境センター前",
        "稲荷通",
        "金草沢",
        "千丸台団地",
        "さわやか苑前",
        "白山高校",
        "中山車庫"
    ],
    "weekday": [
        "8:10",
        "10:22",
        "12:55",
        "15:05",
        "18:20",
        "20:17"
    ],
    "saturday": [
        "8:36",
        "10:35",
        "14:05",
        "17:03",
        "19:05"
    ],
    "holiday": [
        "8:26",
        "11:09",
        "16:04",
        "18:03"
    ],
    "url": "https://www.kanachu.co.jp/dia/diagram/timetable01_js/course:0000803972-1/node:00102756/kt:0/lname:/"
}
