{
    "date": "2026/01/16",
    "name": "千丸台団地",
    "position": "-",
    "system": "峰03",
    "destinations": [
        "さわやか苑前",
        "白山高校",
        "中山車庫"
    ],
    "weekday": [
        "8:18",
        "10:30",
        "13:03",
        "15:13",
        "18:28",
        "20:25"
    ],
    "saturday": [
        "8:44",
        "10:43",
        "14:13",
        "17:11",
        "19:13"
    ],
    "holiday": [
        "8:34",
        "11:17",
        "16:12",
        "18:11"
    ],
    "url": "https://www.kanachu.co.jp/dia/diagram/timetable01_js/course:0000803972-8/node:00102675/kt:0/lname:/"
}
