{
  "date": "2024/07/08",
  "name": "森野五丁目",
  "position": "-",
  "system": "町61",
  "destinations": [
    "森野六丁目",
    "桧台入口",
    "木曽都営入口",
    "境川団地入口",
    "境川団地中央",
    "境川団地",
    "上横町",
    "木曽入口",
    "山崎団地入口",
    "山崎団地センター",
    "給水塔前(山崎団地/町田市)",
    "今井谷戸",
    "藤の台団地",
    "藤の台東",
    "遊歩公園",
    "入谷戸(やくし台/町田市)",
    "やくし台二丁目",
    "やくし台三丁目",
    "やくし台センター",
    "薬師ヶ丘",
    "野津田神社入口",
    "袋橋",
    "田中入口",
    "野津田車庫"
  ],
  "weekday": [
    "24:21"
  ],
  "saturday": [],
  "holiday": [],
  "url": "https://www.kanachu.co.jp/dia/diagram/timetable01_js/course:0000800236-4/node:00129376/kt:0/lname:/"
}