{
    "date": "2024/09/02",
    "name": "辻前",
    "position": "-",
    "system": "戸73",
    "destinations": [
        "金井(横浜市栄区)",
        "日ノ出橋(横浜市戸塚区)",
        "ヒルズ南戸塚",
        "下郷(横浜市戸塚区)",
        "長久保(横浜市戸塚区)",
        "法務局前(横浜市戸塚区)",
        "皇谷台団地",
        "東電前(横浜市戸塚区)",
        "八坂神社前",
        "消防署前(横浜市戸塚区)",
        "戸塚駅西口",
        "戸塚バスセンター"
    ],
    "weekday": [
        "6:43",
        "6:58",
        "7:13",
        "7:20",
        "7:34",
        "7:52",
        "8:01",
        "8:18",
        "8:25",
        "8:41",
        "8:47"
    ],
    "saturday": [],
    "holiday": [],
    "url": "https://www.kanachu.co.jp/dia/diagram/timetable01_js/course:0000803590-2/node:00126845/kt:0/lname:/"
}
