{
    "date": "2024/09/02",
    "name": "金井(横浜市栄区)",
    "position": "-",
    "system": "戸73",
    "destinations": [
        "日ノ出橋(横浜市戸塚区)",
        "ヒルズ南戸塚",
        "下郷(横浜市戸塚区)",
        "長久保(横浜市戸塚区)",
        "法務局前(横浜市戸塚区)",
        "皇谷台団地",
        "東電前(横浜市戸塚区)",
        "八坂神社前",
        "消防署前(横浜市戸塚区)",
        "戸塚駅西口",
        "戸塚バスセンター"
    ],
    "weekday": [
        "6:44",
        "6:59",
        "7:14",
        "7:21",
        "7:35",
        "7:53",
        "8:02",
        "8:19",
        "8:26",
        "8:42",
        "8:48"
    ],
    "saturday": [],
    "holiday": [],
    "url": "https://www.kanachu.co.jp/dia/diagram/timetable01_js/course:0000803590-3/node:00126844/kt:0/lname:/"
}
