{
    "date": "2024/09/02",
    "name": "ヒルズ南戸塚",
    "position": "-",
    "system": "戸73",
    "destinations": [
        "下郷(横浜市戸塚区)",
        "長久保(横浜市戸塚区)",
        "法務局前(横浜市戸塚区)",
        "皇谷台団地",
        "東電前(横浜市戸塚区)",
        "八坂神社前",
        "消防署前(横浜市戸塚区)",
        "戸塚駅西口",
        "戸塚バスセンター"
    ],
    "weekday": [
        "6:46",
        "7:01",
        "7:16",
        "7:23",
        "7:37",
        "7:55",
        "8:04",
        "8:21",
        "8:28",
        "8:44",
        "8:50"
    ],
    "saturday": [],
    "holiday": [],
    "url": "https://www.kanachu.co.jp/dia/diagram/timetable01_js/course:0000803590-5/node:00126856/kt:0/lname:/"
}
