{
    "date": "2024/09/02",
    "name": "長久保(横浜市戸塚区)",
    "position": "-",
    "system": "戸73",
    "destinations": [
        "法務局前(横浜市戸塚区)",
        "皇谷台団地",
        "東電前(横浜市戸塚区)",
        "八坂神社前",
        "消防署前(横浜市戸塚区)",
        "戸塚駅西口",
        "戸塚バスセンター"
    ],
    "weekday": [
        "6:49",
        "7:04",
        "7:19",
        "7:26",
        "7:40",
        "7:58",
        "8:07",
        "8:24",
        "8:31",
        "8:47",
        "8:53"
    ],
    "saturday": [],
    "holiday": [],
    "url": "https://www.kanachu.co.jp/dia/diagram/timetable01_js/course:0000803590-7/node:00126841/kt:0/lname:/"
}
