{
    "date": "2026/01/16",
    "name": "小田急相模原駅",
    "position": "-",
    "system": "小05",
    "destinations": [
        "イオンモール座間"
    ],
    "weekday": [
        "7:10",
        "8:00",
        "8:42",
        "9:25",
        "10:02",
        "10:42",
        "11:12",
        "11:52",
        "12:32",
        "13:12",
        "13:52",
        "14:32",
        "15:12",
        "15:52",
        "16:32",
        "17:12",
        "17:52",
        "18:32",
        "19:05",
        "19:40",
        "20:20",
        "21:00",
        "21:30",
        "22:05"
    ],
    "saturday": [
        "7:30",
        "8:10",
        "8:50",
        "9:30",
        "10:10",
        "10:50",
        "11:30",
        "12:10",
        "12:50",
        "13:30",
        "14:10",
        "14:50",
        "15:30",
        "16:10",
        "16:50",
        "17:30",
        "18:10",
        "18:50",
        "19:30",
        "20:10",
        "20:50",
        "21:20",
        "21:50",
        "22:20"
    ],
    "holiday": [
        "7:30",
        "8:10",
        "8:50",
        "9:30",
        "10:10",
        "10:50",
        "11:30",
        "12:10",
        "12:50",
        "13:30",
        "14:10",
        "14:50",
        "15:30",
        "16:10",
        "16:50",
        "17:30",
        "18:10",
        "18:50",
        "19:30",
        "20:10",
        "20:50",
        "21:20",
        "21:50",
        "22:20"
    ],
    "url": "https://www.kanachu.co.jp/dia/diagram/timetable01_js/course:0000804239-1/node:00129690/kt:0/lname:/"
}
