{
    "date": "2024/03/16",
    "name": "下常盤",
    "position": "-",
    "system": "町62",
    "destinations": [
        "中常盤",
        "常盤(町田市)",
        "下馬場",
        "馬場十字路",
        "中村不動入口",
        "小山郵便局前",
        "小山小学校前(町田市)",
        "横土手",
        "沼入口(町田市)",
        "多摩境通り北",
        "神奈中多摩車庫"
    ],
    "weekday": [
        "22:59"
    ],
    "saturday": [
        "22:09",
        "22:49"
    ],
    "holiday": [
        "22:09",
        "22:49"
    ],
    "url": "https://www.kanachu.co.jp/dia/diagram/timetable01_js/course:0000802021-17/node:00130099/kt:0/lname:/"
}
