{
    "date": "2025/07/27",
    "name": "才戸入口",
    "position": "-",
    "system": "秦21",
    "destinations": [
        "久保(秦野市)",
        "中丸橋(秦野市)",
        "東中学校前(秦野市)",
        "藤棚(秦野市)",
        "上原入口",
        "上原台",
        "名古木",
        "落合入口",
        "末広小学校前",
        "下宿(秦野市)",
        "仲宿(秦野市)",
        "上宿通り",
        "大川橋(秦野市)",
        "まほろば大橋",
        "秦野駅"
    ],
    "weekday": [
        "9:47"
    ],
    "saturday": [
        "8:45",
        "9:10",
        "10:30",
        "15:00",
        "15:17",
        "16:05",
        "17:12"
    ],
    "holiday": [
        "8:45",
        "9:10",
        "10:30",
        "15:00",
        "15:17",
        "16:05",
        "17:12"
    ],
    "url": "https://www.kanachu.co.jp/dia/diagram/timetable01_js/course:0000803380-9/node:00127846/kt:0/lname:/"
}
