{
    "date": "2025/07/27",
    "name": "中丸橋(秦野市)",
    "position": "-",
    "system": "秦21",
    "destinations": [
        "東中学校前(秦野市)",
        "藤棚(秦野市)",
        "上原入口",
        "上原台",
        "名古木",
        "落合入口",
        "末広小学校前",
        "下宿(秦野市)",
        "仲宿(秦野市)",
        "上宿通り",
        "大川橋(秦野市)",
        "まほろば大橋",
        "秦野駅"
    ],
    "weekday": [
        "9:49"
    ],
    "saturday": [
        "8:47",
        "9:12",
        "10:32",
        "15:02",
        "15:19",
        "16:07",
        "17:14"
    ],
    "holiday": [
        "8:47",
        "9:12",
        "10:32",
        "15:02",
        "15:19",
        "16:07",
        "17:14"
    ],
    "url": "https://www.kanachu.co.jp/dia/diagram/timetable01_js/course:0000803380-11/node:00127844/kt:0/lname:/"
}
