{
    "date": "2025/07/27",
    "name": "上原入口",
    "position": "-",
    "system": "秦21",
    "destinations": [
        "上原台",
        "名古木",
        "落合入口",
        "末広小学校前",
        "下宿(秦野市)",
        "仲宿(秦野市)",
        "上宿通り",
        "大川橋(秦野市)",
        "まほろば大橋",
        "秦野駅"
    ],
    "weekday": [
        "9:51"
    ],
    "saturday": [
        "8:49",
        "9:14",
        "10:34",
        "15:04",
        "15:21",
        "16:09",
        "17:16"
    ],
    "holiday": [
        "8:49",
        "9:14",
        "10:34",
        "15:04",
        "15:21",
        "16:09",
        "17:16"
    ],
    "url": "https://www.kanachu.co.jp/dia/diagram/timetable01_js/course:0000803380-14/node:00127841/kt:0/lname:/"
}
