{
    "date": "2024/03/16",
    "name": "鹿島神社入口",
    "position": "-",
    "system": "古02",
    "destinations": [
        "境川団地中央",
        "境川団地",
        "上横町",
        "木曽入口",
        "山崎団地入口",
        "山崎団地センター",
        "給水塔前(山崎団地/町田市)",
        "北一号(町田市)",
        "北二号(町田市)",
        "山崎団地"
    ],
    "weekday": [
        "6:31",
        "7:01",
        "7:26",
        "7:51",
        "8:16",
        "8:45",
        "9:06",
        "9:36",
        "10:36",
        "11:36",
        "12:36",
        "13:36",
        "14:36",
        "15:36",
        "16:36",
        "17:36",
        "18:26",
        "19:16",
        "20:16",
        "21:16"
    ],
    "saturday": [
        "6:21",
        "7:21",
        "8:01",
        "8:21",
        "9:11",
        "11:16",
        "12:16",
        "13:16",
        "15:16",
        "16:16",
        "17:16",
        "18:16",
        "19:16"
    ],
    "holiday": [
        "7:41",
        "9:01",
        "10:21",
        "11:56",
        "13:41",
        "14:31"
    ],
    "url": "https://www.kanachu.co.jp/dia/diagram/timetable01_js/course:0000800116-2/node:00129493/kt:0/lname:/"
}
