{
    "date": "2024/03/16",
    "name": "上横町",
    "position": "-",
    "system": "古02",
    "destinations": [
        "木曽入口",
        "山崎団地入口",
        "山崎団地センター",
        "給水塔前(山崎団地/町田市)",
        "北一号(町田市)",
        "北二号(町田市)",
        "山崎団地"
    ],
    "weekday": [
        "6:35",
        "7:05",
        "7:30",
        "7:56",
        "8:21",
        "8:50",
        "9:10",
        "9:40",
        "10:40",
        "11:40",
        "12:40",
        "13:40",
        "14:40",
        "15:40",
        "16:41",
        "17:41",
        "18:31",
        "19:20",
        "20:20",
        "21:20"
    ],
    "saturday": [
        "6:25",
        "7:25",
        "8:05",
        "8:25",
        "9:15",
        "11:20",
        "12:20",
        "13:20",
        "15:20",
        "16:20",
        "17:20",
        "18:20",
        "19:20"
    ],
    "holiday": [
        "7:45",
        "9:05",
        "10:25",
        "12:00",
        "13:45",
        "14:35"
    ],
    "url": "https://www.kanachu.co.jp/dia/diagram/timetable01_js/course:0000800116-5/node:00129385/kt:0/lname:/"
}
