{
    "date": "2024/03/16",
    "name": "給水塔前(山崎団地/町田市)",
    "position": "-",
    "system": "古02",
    "destinations": [
        "北一号(町田市)",
        "北二号(町田市)",
        "山崎団地"
    ],
    "weekday": [
        "6:41",
        "7:11",
        "7:36",
        "8:02",
        "8:27",
        "8:56",
        "9:16",
        "9:46",
        "10:46",
        "11:46",
        "12:46",
        "13:46",
        "14:46",
        "15:46",
        "16:47",
        "17:47",
        "18:37",
        "19:26",
        "20:26",
        "21:26"
    ],
    "saturday": [
        "6:29",
        "7:29",
        "8:09",
        "8:29",
        "9:20",
        "11:25",
        "12:25",
        "13:25",
        "15:25",
        "16:25",
        "17:25",
        "18:25",
        "19:24"
    ],
    "holiday": [
        "7:49",
        "9:10",
        "10:30",
        "12:05",
        "13:50",
        "14:40"
    ],
    "url": "https://www.kanachu.co.jp/dia/diagram/timetable01_js/course:0000800116-9/node:00129389/kt:0/lname:/"
}
