{
    "date": "2024/03/16",
    "name": "北二号(町田市)",
    "position": "-",
    "system": "古02",
    "destinations": [
        "山崎団地"
    ],
    "weekday": [
        "6:43",
        "7:13",
        "7:38",
        "8:04",
        "8:29",
        "8:58",
        "9:18",
        "9:48",
        "10:48",
        "11:48",
        "12:48",
        "13:48",
        "14:48",
        "15:48",
        "16:49",
        "17:49",
        "18:39",
        "19:28",
        "20:28",
        "21:28"
    ],
    "saturday": [
        "6:31",
        "7:31",
        "8:11",
        "8:31",
        "9:22",
        "11:27",
        "12:27",
        "13:27",
        "15:27",
        "16:27",
        "17:27",
        "18:27",
        "19:26"
    ],
    "holiday": [
        "7:51",
        "9:12",
        "10:32",
        "12:07",
        "13:52",
        "14:42"
    ],
    "url": "https://www.kanachu.co.jp/dia/diagram/timetable01_js/course:0000800116-11/node:00129391/kt:0/lname:/"
}
