{
    "date": "2025/10/20",
    "name": "長津田駅北口",
    "position": "-",
    "system": "町77",
    "destinations": [
        "長津田三丁目",
        "堀の内(横浜市青葉区)",
        "上和田(横浜市青葉区)",
        "吹上(町田市)",
        "山村(町田市)",
        "奈良谷戸入口",
        "成瀬コミュニティセンター前",
        "成瀬消防出張所前",
        "鞍掛",
        "高瀬橋(町田市)",
        "熊野神社前(成瀬街道側/町田市)",
        "三塚",
        "町田ターミナル前",
        "町田バスセンター"
    ],
    "weekday": [
        "6:15",
        "6:50",
        "7:30",
        "7:55",
        "8:23",
        "8:40",
        "9:10",
        "9:40",
        "10:10",
        "10:40",
        "11:40",
        "12:40",
        "13:40",
        "14:40",
        "15:40",
        "16:40",
        "17:40",
        "18:40",
        "19:40",
        "20:30",
        "21:31"
    ],
    "saturday": [
        "7:10",
        "8:20",
        "9:10",
        "9:40",
        "10:40",
        "11:40",
        "12:40",
        "13:40",
        "14:40",
        "15:40",
        "16:40",
        "17:40",
        "18:30",
        "19:30",
        "20:30",
        "21:31"
    ],
    "holiday": [
        "7:10",
        "8:10",
        "9:20",
        "10:40",
        "11:40",
        "12:40",
        "13:40",
        "14:40",
        "15:40",
        "16:30",
        "17:30",
        "18:30",
        "19:30",
        "20:30",
        "21:31"
    ],
    "url": "https://www.kanachu.co.jp/dia/diagram/timetable01_js/course:0000803197-1/node:00130356/kt:0/lname:/"
}
