{
    "date": "2025/10/20",
    "name": "堀の内(横浜市青葉区)",
    "position": "-",
    "system": "町77",
    "destinations": [
        "上和田(横浜市青葉区)",
        "吹上(町田市)",
        "山村(町田市)",
        "奈良谷戸入口",
        "成瀬コミュニティセンター前",
        "成瀬消防出張所前",
        "鞍掛",
        "高瀬橋(町田市)",
        "熊野神社前(成瀬街道側/町田市)",
        "三塚",
        "町田ターミナル前",
        "町田バスセンター"
    ],
    "weekday": [
        "6:18",
        "6:53",
        "7:33",
        "7:58",
        "8:26",
        "8:43",
        "9:13",
        "9:43",
        "10:13",
        "10:43",
        "11:43",
        "12:43",
        "13:43",
        "14:43",
        "15:43",
        "16:43",
        "17:43",
        "18:43",
        "19:43",
        "20:33",
        "21:34"
    ],
    "saturday": [
        "7:13",
        "8:23",
        "9:13",
        "9:43",
        "10:43",
        "11:43",
        "12:43",
        "13:43",
        "14:43",
        "15:43",
        "16:43",
        "17:43",
        "18:33",
        "19:33",
        "20:33",
        "21:34"
    ],
    "holiday": [
        "7:13",
        "8:13",
        "9:23",
        "10:43",
        "11:43",
        "12:43",
        "13:43",
        "14:43",
        "15:43",
        "16:33",
        "17:33",
        "18:33",
        "19:33",
        "20:33",
        "21:34"
    ],
    "url": "https://www.kanachu.co.jp/dia/diagram/timetable01_js/course:0000803197-3/node:00019243/kt:0/lname:/"
}
