{
    "date": "2025/10/20",
    "name": "吹上(町田市)",
    "position": "-",
    "system": "町77",
    "destinations": [
        "山村(町田市)",
        "奈良谷戸入口",
        "成瀬コミュニティセンター前",
        "成瀬消防出張所前",
        "鞍掛",
        "高瀬橋(町田市)",
        "熊野神社前(成瀬街道側/町田市)",
        "三塚",
        "町田ターミナル前",
        "町田バスセンター"
    ],
    "weekday": [
        "6:21",
        "6:56",
        "7:36",
        "8:01",
        "8:29",
        "8:46",
        "9:16",
        "9:46",
        "10:16",
        "10:46",
        "11:46",
        "12:46",
        "13:46",
        "14:46",
        "15:46",
        "16:46",
        "17:46",
        "18:46",
        "19:46",
        "20:36",
        "21:37"
    ],
    "saturday": [
        "7:16",
        "8:26",
        "9:16",
        "9:46",
        "10:46",
        "11:46",
        "12:46",
        "13:46",
        "14:46",
        "15:46",
        "16:46",
        "17:46",
        "18:36",
        "19:36",
        "20:36",
        "21:37"
    ],
    "holiday": [
        "7:16",
        "8:16",
        "9:26",
        "10:46",
        "11:46",
        "12:46",
        "13:46",
        "14:46",
        "15:46",
        "16:36",
        "17:36",
        "18:36",
        "19:36",
        "20:36",
        "21:37"
    ],
    "url": "https://www.kanachu.co.jp/dia/diagram/timetable01_js/course:0000803197-5/node:00129588/kt:0/lname:/"
}
