{
    "date": "2025/10/20",
    "name": "奈良谷戸入口",
    "position": "-",
    "system": "町77",
    "destinations": [
        "成瀬コミュニティセンター前",
        "成瀬消防出張所前",
        "鞍掛",
        "高瀬橋(町田市)",
        "熊野神社前(成瀬街道側/町田市)",
        "三塚",
        "町田ターミナル前",
        "町田バスセンター"
    ],
    "weekday": [
        "6:23",
        "6:58",
        "7:38",
        "8:03",
        "8:31",
        "8:48",
        "9:18",
        "9:48",
        "10:18",
        "10:48",
        "11:48",
        "12:48",
        "13:48",
        "14:48",
        "15:48",
        "16:48",
        "17:48",
        "18:48",
        "19:48",
        "20:38",
        "21:39"
    ],
    "saturday": [
        "7:18",
        "8:28",
        "9:18",
        "9:48",
        "10:48",
        "11:48",
        "12:48",
        "13:48",
        "14:48",
        "15:48",
        "16:48",
        "17:48",
        "18:38",
        "19:38",
        "20:38",
        "21:39"
    ],
    "holiday": [
        "7:18",
        "8:18",
        "9:28",
        "10:48",
        "11:48",
        "12:48",
        "13:48",
        "14:48",
        "15:48",
        "16:38",
        "17:38",
        "18:38",
        "19:38",
        "20:38",
        "21:39"
    ],
    "url": "https://www.kanachu.co.jp/dia/diagram/timetable01_js/course:0000803197-7/node:00129586/kt:0/lname:/"
}
