{
    "date": "2025/10/20",
    "name": "三塚",
    "position": "-",
    "system": "町77",
    "destinations": [
        "町田ターミナル前",
        "町田バスセンター"
    ],
    "weekday": [
        "6:31",
        "7:06",
        "7:46",
        "8:11",
        "8:39",
        "8:56",
        "9:26",
        "9:56",
        "10:26",
        "10:56",
        "11:56",
        "12:56",
        "13:56",
        "14:56",
        "15:56",
        "16:56",
        "17:56",
        "18:56",
        "19:56",
        "20:46",
        "21:46"
    ],
    "saturday": [
        "7:25",
        "8:35",
        "9:26",
        "9:56",
        "10:56",
        "11:56",
        "12:56",
        "13:56",
        "14:56",
        "15:56",
        "16:56",
        "17:56",
        "18:46",
        "19:45",
        "20:45",
        "21:45"
    ],
    "holiday": [
        "7:25",
        "8:25",
        "9:36",
        "10:56",
        "11:56",
        "12:56",
        "13:56",
        "14:56",
        "15:56",
        "16:46",
        "17:46",
        "18:46",
        "19:45",
        "20:45",
        "21:45"
    ],
    "url": "https://www.kanachu.co.jp/dia/diagram/timetable01_js/course:0000803197-13/node:00129543/kt:0/lname:/"
}
