{
    "date": "2025/04/01",
    "name": "藤の台東",
    "position": "",
    "system": "町37",
    "destinations": [
        "遊歩公園",
        "入谷戸(やくし台/町田市)",
        "やくし台二丁目",
        "やくし台三丁目",
        "やくし台センター"
    ],
    "weekday": [
        "6:36",
        "7:13",
        "7:37",
        "8:01",
        "8:25",
        "8:57",
        "9:22",
        "9:57",
        "10:45",
        "11:25",
        "12:05",
        "12:50",
        "13:25",
        "14:00",
        "14:40",
        "15:22",
        "16:02",
        "16:42",
        "17:26",
        "18:01",
        "18:36",
        "19:04",
        "19:24",
        "19:59",
        "20:19",
        "20:49",
        "21:26",
        "22:16"
    ],
    "saturday": [
        "7:11",
        "7:49",
        "8:20",
        "8:50",
        "9:22",
        "9:52",
        "10:29",
        "11:04",
        "11:45",
        "12:25",
        "13:05",
        "13:45",
        "14:26",
        "15:16",
        "16:07",
        "16:45",
        "17:17",
        "17:46",
        "18:22",
        "19:01",
        "19:40",
        "20:21",
        "20:56",
        "21:36",
        "22:16"
    ],
    "holiday": [
        "7:11",
        "7:49",
        "8:20",
        "8:50",
        "9:23",
        "9:53",
        "10:30",
        "11:05",
        "11:46",
        "12:26",
        "13:06",
        "13:46",
        "14:28",
        "15:16",
        "16:11",
        "16:41",
        "17:11",
        "17:44",
        "18:23",
        "19:01",
        "19:36",
        "20:18",
        "20:56",
        "21:36",
        "22:16"
    ],
    "url": "https://www.kanachu.co.jp/dia/diagram/timetable01_js/course:0000802676-15/node:00129450/kt:0/lname:/"
}
