{
    "date": "2025/07/27",
    "name": "梅沢(中郡二宮町)",
    "position": "-",
    "system": "二30",
    "destinations": [
        "吾妻神社前(中郡二宮町)",
        "山西(中郡二宮町)",
        "押切坂上",
        "押切(中郡二宮町)",
        "橘中学校入口(小田原市)",
        "下原(小田原市)",
        "中村原",
        "鐘藪",
        "診療所前(小田原市)",
        "下中小学校前",
        "下中駐在所前",
        "下小竹",
        "坂呂橋",
        "隧道口",
        "上小竹",
        "遠藤(足柄上郡中井町)",
        "北田(足柄上郡中井町)",
        "滝ノ前(足柄上郡中井町)",
        "五所ノ宮",
        "中井郵便局前",
        "万年橋(足柄上郡中井町)",
        "中井役場前",
        "中井町役場入口"
    ],
    "weekday": [
        "6:54",
        "9:09",
        "9:39",
        "10:05",
        "10:34",
        "10:59",
        "11:29",
        "12:06",
        "12:36",
        "12:59",
        "13:29",
        "13:59",
        "14:29",
        "14:59",
        "15:25",
        "15:59",
        "16:31",
        "17:01",
        "17:31",
        "17:56",
        "18:11",
        "18:39",
        "18:57",
        "19:27",
        "19:57",
        "20:23",
        "20:53",
        "21:29",
        "21:55",
        "22:29"
    ],
    "saturday": [
        "7:57",
        "8:31",
        "9:06",
        "9:41",
        "10:06",
        "10:36",
        "11:06",
        "11:36",
        "12:06",
        "12:36",
        "13:06",
        "13:36",
        "14:06",
        "14:36",
        "15:06",
        "15:36",
        "16:06",
        "16:36",
        "17:03",
        "17:33",
        "18:03",
        "18:39",
        "19:09",
        "19:33",
        "20:01",
        "20:36",
        "21:06",
        "22:05"
    ],
    "holiday": [
        "7:57",
        "8:31",
        "9:06",
        "9:41",
        "10:06",
        "10:36",
        "11:06",
        "11:36",
        "12:06",
        "12:36",
        "13:06",
        "13:36",
        "14:06",
        "14:36",
        "15:06",
        "15:36",
        "16:06",
        "16:36",
        "17:03",
        "17:33",
        "18:03",
        "18:39",
        "19:09",
        "19:33",
        "20:01",
        "20:36",
        "21:06",
        "22:05"
    ],
    "url": "https://www.kanachu.co.jp/dia/diagram/timetable01_js/course:0000803766-3/node:00127491/kt:0/lname:/"
}
