{
    "date": "2025/07/27",
    "name": "鐘藪",
    "position": "-",
    "system": "二30",
    "destinations": [
        "診療所前(小田原市)",
        "下中小学校前",
        "下中駐在所前",
        "下小竹",
        "坂呂橋",
        "隧道口",
        "上小竹",
        "遠藤(足柄上郡中井町)",
        "北田(足柄上郡中井町)",
        "滝ノ前(足柄上郡中井町)",
        "五所ノ宮",
        "中井郵便局前",
        "万年橋(足柄上郡中井町)",
        "中井役場前",
        "中井町役場入口"
    ],
    "weekday": [
        "7:02",
        "9:15",
        "9:45",
        "10:11",
        "10:40",
        "11:05",
        "11:35",
        "12:12",
        "12:42",
        "13:05",
        "13:35",
        "14:05",
        "14:35",
        "15:05",
        "15:31",
        "16:05",
        "16:37",
        "17:07",
        "17:37",
        "18:02",
        "18:17",
        "18:45",
        "19:03",
        "19:33",
        "20:03",
        "20:29",
        "20:59",
        "21:35",
        "22:01",
        "22:35"
    ],
    "saturday": [
        "8:03",
        "8:37",
        "9:12",
        "9:47",
        "10:12",
        "10:42",
        "11:12",
        "11:42",
        "12:12",
        "12:42",
        "13:12",
        "13:42",
        "14:12",
        "14:42",
        "15:12",
        "15:42",
        "16:12",
        "16:42",
        "17:09",
        "17:39",
        "18:09",
        "18:45",
        "19:15",
        "19:39",
        "20:07",
        "20:42",
        "21:12",
        "22:11"
    ],
    "holiday": [
        "8:03",
        "8:37",
        "9:12",
        "9:47",
        "10:12",
        "10:42",
        "11:12",
        "11:42",
        "12:12",
        "12:42",
        "13:12",
        "13:42",
        "14:12",
        "14:42",
        "15:12",
        "15:42",
        "16:12",
        "16:42",
        "17:09",
        "17:39",
        "18:09",
        "18:45",
        "19:15",
        "19:39",
        "20:07",
        "20:42",
        "21:12",
        "22:11"
    ],
    "url": "https://www.kanachu.co.jp/dia/diagram/timetable01_js/course:0000803766-11/node:00127976/kt:0/lname:/"
}
