{
    "date": "2025/07/27",
    "name": "北田(足柄上郡中井町)",
    "position": "-",
    "system": "二30",
    "destinations": [
        "滝ノ前(足柄上郡中井町)",
        "五所ノ宮",
        "中井郵便局前",
        "万年橋(足柄上郡中井町)",
        "中井役場前",
        "中井町役場入口"
    ],
    "weekday": [
        "7:10",
        "9:23",
        "9:53",
        "10:19",
        "10:48",
        "11:13",
        "11:43",
        "12:20",
        "12:50",
        "13:13",
        "13:43",
        "14:13",
        "14:43",
        "15:13",
        "15:39",
        "16:13",
        "16:45",
        "17:15",
        "17:45",
        "18:10",
        "18:25",
        "18:53",
        "19:11",
        "19:41",
        "20:11",
        "20:37",
        "21:07",
        "21:43",
        "22:09",
        "22:43"
    ],
    "saturday": [
        "8:11",
        "8:45",
        "9:20",
        "9:55",
        "10:20",
        "10:50",
        "11:20",
        "11:50",
        "12:20",
        "12:50",
        "13:20",
        "13:50",
        "14:20",
        "14:50",
        "15:20",
        "15:50",
        "16:20",
        "16:50",
        "17:17",
        "17:47",
        "18:17",
        "18:53",
        "19:23",
        "19:47",
        "20:15",
        "20:50",
        "21:20",
        "22:19"
    ],
    "holiday": [
        "8:11",
        "8:45",
        "9:20",
        "9:55",
        "10:20",
        "10:50",
        "11:20",
        "11:50",
        "12:20",
        "12:50",
        "13:20",
        "13:50",
        "14:20",
        "14:50",
        "15:20",
        "15:50",
        "16:20",
        "16:50",
        "17:17",
        "17:47",
        "18:17",
        "18:53",
        "19:23",
        "19:47",
        "20:15",
        "20:50",
        "21:20",
        "22:19"
    ],
    "url": "https://www.kanachu.co.jp/dia/diagram/timetable01_js/course:0000803766-20/node:00127967/kt:0/lname:/"
}
