{
    "date": "2025/07/27",
    "name": "中井郵便局前",
    "position": "-",
    "system": "二30",
    "destinations": [
        "万年橋(足柄上郡中井町)",
        "中井役場前",
        "中井町役場入口"
    ],
    "weekday": [
        "7:13",
        "9:26",
        "9:56",
        "10:22",
        "10:51",
        "11:16",
        "11:46",
        "12:23",
        "12:53",
        "13:16",
        "13:46",
        "14:16",
        "14:46",
        "15:16",
        "15:42",
        "16:16",
        "16:48",
        "17:18",
        "17:48",
        "18:13",
        "18:28",
        "18:56",
        "19:14",
        "19:44",
        "20:14",
        "20:40",
        "21:10",
        "21:46",
        "22:12",
        "22:46"
    ],
    "saturday": [
        "8:14",
        "8:48",
        "9:23",
        "9:58",
        "10:23",
        "10:53",
        "11:23",
        "11:53",
        "12:23",
        "12:53",
        "13:23",
        "13:53",
        "14:23",
        "14:53",
        "15:23",
        "15:53",
        "16:23",
        "16:53",
        "17:20",
        "17:50",
        "18:20",
        "18:56",
        "19:26",
        "19:50",
        "20:18",
        "20:53",
        "21:23",
        "22:22"
    ],
    "holiday": [
        "8:14",
        "8:48",
        "9:23",
        "9:58",
        "10:23",
        "10:53",
        "11:23",
        "11:53",
        "12:23",
        "12:53",
        "13:23",
        "13:53",
        "14:23",
        "14:53",
        "15:23",
        "15:53",
        "16:23",
        "16:53",
        "17:20",
        "17:50",
        "18:20",
        "18:56",
        "19:26",
        "19:50",
        "20:18",
        "20:53",
        "21:23",
        "22:22"
    ],
    "url": "https://www.kanachu.co.jp/dia/diagram/timetable01_js/course:0000803766-23/node:00127964/kt:0/lname:/"
}
