{
    "date": "2025/07/27",
    "name": "万年橋(足柄上郡中井町)",
    "position": "-",
    "system": "二30",
    "destinations": [
        "中井役場前",
        "中井町役場入口"
    ],
    "weekday": [
        "7:14",
        "9:27",
        "9:57",
        "10:23",
        "10:52",
        "11:17",
        "11:47",
        "12:24",
        "12:54",
        "13:17",
        "13:47",
        "14:17",
        "14:47",
        "15:17",
        "15:43",
        "16:17",
        "16:49",
        "17:19",
        "17:49",
        "18:14",
        "18:29",
        "18:57",
        "19:15",
        "19:45",
        "20:15",
        "20:41",
        "21:11",
        "21:47",
        "22:13",
        "22:47"
    ],
    "saturday": [
        "8:15",
        "8:49",
        "9:24",
        "9:59",
        "10:24",
        "10:54",
        "11:24",
        "11:54",
        "12:24",
        "12:54",
        "13:24",
        "13:54",
        "14:24",
        "14:54",
        "15:24",
        "15:54",
        "16:24",
        "16:54",
        "17:21",
        "17:51",
        "18:21",
        "18:57",
        "19:27",
        "19:51",
        "20:19",
        "20:54",
        "21:24",
        "22:23"
    ],
    "holiday": [
        "8:15",
        "8:49",
        "9:24",
        "9:59",
        "10:24",
        "10:54",
        "11:24",
        "11:54",
        "12:24",
        "12:54",
        "13:24",
        "13:54",
        "14:24",
        "14:54",
        "15:24",
        "15:54",
        "16:24",
        "16:54",
        "17:21",
        "17:51",
        "18:21",
        "18:57",
        "19:27",
        "19:51",
        "20:19",
        "20:54",
        "21:24",
        "22:23"
    ],
    "url": "https://www.kanachu.co.jp/dia/diagram/timetable01_js/course:0000803766-24/node:00127963/kt:0/lname:/"
}
