{
    "date": "2025/05/11",
    "name": "大船駅(横浜市栄区)",
    "position": "-",
    "system": "船14",
    "destinations": [
        "笠間一丁目",
        "岩井口",
        "笠間町",
        "笠間十字路",
        "平島(鎌倉市)",
        "鎌倉女子大前",
        "朝日平和台入口",
        "椎郷",
        "湘南ハイツ"
    ],
    "weekday": [
        "6:17",
        "6:37",
        "6:57",
        "7:20",
        "7:40",
        "8:00",
        "8:20"
    ],
    "saturday": [
        "7:10",
        "7:50",
        "8:30"
    ],
    "holiday": [
        "7:10",
        "7:50",
        "8:30"
    ],
    "url": "https://www.kanachu.co.jp/dia/diagram/timetable01_js/course:0000802811-1/node:00126594/kt:0/lname:/"
}
