{
    "date": "2024/09/02",
    "name": "上矢部地区センター前",
    "position": "-",
    "system": "戸91",
    "destinations": [
        "諏訪久保",
        "領家一丁目(横浜市泉区)",
        "領家三丁目(横浜市泉区)",
        "領家中学校前",
        "鳥が丘第一公園",
        "鳥が丘中央",
        "道祖神前(横浜市戸塚区)",
        "谷矢部中央",
        "来迎寺(横浜市戸塚区)",
        "柳作東",
        "蔵坪",
        "戸塚駅"
    ],
    "weekday": [
        "6:02",
        "6:10",
        "6:26",
        "7:02",
        "7:15",
        "7:46"
    ],
    "saturday": [
        "6:51",
        "7:05",
        "7:58"
    ],
    "holiday": [
        "6:57",
        "7:56"
    ],
    "url": "https://www.kanachu.co.jp/dia/diagram/timetable01_js/course:0000800402-3/node:00126708/kt:0/lname:/"
}
