{
    "date": "2024/09/02",
    "name": "諏訪久保",
    "position": "-",
    "system": "戸91",
    "destinations": [
        "領家一丁目(横浜市泉区)",
        "領家三丁目(横浜市泉区)",
        "領家中学校前",
        "鳥が丘第一公園",
        "鳥が丘中央",
        "道祖神前(横浜市戸塚区)",
        "谷矢部中央",
        "来迎寺(横浜市戸塚区)",
        "柳作東",
        "蔵坪",
        "戸塚駅"
    ],
    "weekday": [
        "6:04",
        "6:12",
        "6:28",
        "7:04",
        "7:17",
        "7:48"
    ],
    "saturday": [
        "6:53",
        "7:07",
        "8:00"
    ],
    "holiday": [
        "6:59",
        "7:58"
    ],
    "url": "https://www.kanachu.co.jp/dia/diagram/timetable01_js/course:0000800402-4/node:00126903/kt:0/lname:/"
}
