{
    "date": "2024/09/02",
    "name": "領家三丁目(横浜市泉区)",
    "position": "-",
    "system": "戸91",
    "destinations": [
        "領家中学校前",
        "鳥が丘第一公園",
        "鳥が丘中央",
        "道祖神前(横浜市戸塚区)",
        "谷矢部中央",
        "来迎寺(横浜市戸塚区)",
        "柳作東",
        "蔵坪",
        "戸塚駅"
    ],
    "weekday": [
        "6:07",
        "6:15",
        "6:31",
        "7:07",
        "7:20",
        "7:51"
    ],
    "saturday": [
        "6:56",
        "7:10",
        "8:03"
    ],
    "holiday": [
        "7:02",
        "8:01"
    ],
    "url": "https://www.kanachu.co.jp/dia/diagram/timetable01_js/course:0000800402-6/node:00126713/kt:0/lname:/"
}
