{
    "date": "2024/09/02",
    "name": "蔵坪",
    "position": "-",
    "system": "戸91",
    "destinations": [
        "戸塚駅"
    ],
    "weekday": [
        "6:17",
        "6:25",
        "6:41",
        "7:17",
        "7:30",
        "8:01"
    ],
    "saturday": [
        "7:06",
        "7:20",
        "8:13"
    ],
    "holiday": [
        "7:12",
        "8:11"
    ],
    "url": "https://www.kanachu.co.jp/dia/diagram/timetable01_js/course:0000800402-14/node:00126899/kt:0/lname:/"
}
