{
    "date": "2025/10/20",
    "name": "原町田四丁目",
    "position": "-",
    "system": "町89",
    "destinations": [
        "原町田三丁目",
        "三塚",
        "南橋(町田市)",
        "金森二丁目西",
        "防災いこいの広場入口",
        "都営金森アパート前",
        "かわせみ会館前",
        "西田(町田市)",
        "西田峯山公園前",
        "定方寺公園入口",
        "町谷(町田市)",
        "南町田四丁目",
        "南町田北",
        "南町田グランベリーパーク駅"
    ],
    "weekday": [
        "9:25",
        "10:10",
        "10:50",
        "11:44",
        "13:05",
        "13:50",
        "14:48",
        "15:50",
        "16:50",
        "17:32",
        "18:12",
        "18:54",
        "19:32",
        "20:10",
        "20:54",
        "21:32",
        "22:22"
    ],
    "saturday": [
        "9:30",
        "10:50",
        "12:10",
        "13:30",
        "14:27",
        "16:27",
        "17:41",
        "19:02",
        "19:54",
        "20:42",
        "21:34"
    ],
    "holiday": [
        "9:30",
        "10:50",
        "12:10",
        "13:30",
        "14:27",
        "16:27",
        "17:41",
        "19:02",
        "19:54",
        "20:42",
        "21:34"
    ],
    "url": "https://www.kanachu.co.jp/dia/diagram/timetable01_js/course:0000802496-3/node:00129465/kt:0/lname:/"
}
