{
    "date": "2025/10/20",
    "name": "三塚",
    "position": "-",
    "system": "町89",
    "destinations": [
        "南橋(町田市)",
        "金森二丁目西",
        "防災いこいの広場入口",
        "都営金森アパート前",
        "かわせみ会館前",
        "西田(町田市)",
        "西田峯山公園前",
        "定方寺公園入口",
        "町谷(町田市)",
        "南町田四丁目",
        "南町田北",
        "南町田グランベリーパーク駅"
    ],
    "weekday": [
        "9:27",
        "10:12",
        "10:52",
        "11:46",
        "13:07",
        "13:52",
        "14:50",
        "15:52",
        "16:52",
        "17:34",
        "18:14",
        "18:56",
        "19:34",
        "20:12",
        "20:56",
        "21:34",
        "22:24"
    ],
    "saturday": [
        "9:32",
        "10:52",
        "12:12",
        "13:32",
        "14:29",
        "16:29",
        "17:43",
        "19:04",
        "19:56",
        "20:44",
        "21:36"
    ],
    "holiday": [
        "9:32",
        "10:52",
        "12:12",
        "13:32",
        "14:29",
        "16:29",
        "17:43",
        "19:04",
        "19:56",
        "20:44",
        "21:36"
    ],
    "url": "https://www.kanachu.co.jp/dia/diagram/timetable01_js/course:0000802496-5/node:00129543/kt:0/lname:/"
}
