{
    "date": "2025/10/20",
    "name": "都営金森アパート前",
    "position": "-",
    "system": "町89",
    "destinations": [
        "かわせみ会館前",
        "西田(町田市)",
        "西田峯山公園前",
        "定方寺公園入口",
        "町谷(町田市)",
        "南町田四丁目",
        "南町田北",
        "南町田グランベリーパーク駅"
    ],
    "weekday": [
        "9:32",
        "10:17",
        "10:57",
        "11:51",
        "13:12",
        "13:57",
        "14:55",
        "15:57",
        "16:57",
        "17:39",
        "18:19",
        "19:01",
        "19:39",
        "20:17",
        "21:01",
        "21:39",
        "22:29"
    ],
    "saturday": [
        "9:37",
        "10:57",
        "12:17",
        "13:37",
        "14:34",
        "16:34",
        "17:48",
        "19:09",
        "20:01",
        "20:49",
        "21:41"
    ],
    "holiday": [
        "9:37",
        "10:57",
        "12:17",
        "13:37",
        "14:34",
        "16:34",
        "17:48",
        "19:09",
        "20:01",
        "20:49",
        "21:41"
    ],
    "url": "https://www.kanachu.co.jp/dia/diagram/timetable01_js/course:0000802496-9/node:00129794/kt:0/lname:/"
}
