{
    "date": "2025/10/20",
    "name": "かわせみ会館前",
    "position": "-",
    "system": "町89",
    "destinations": [
        "西田(町田市)",
        "西田峯山公園前",
        "定方寺公園入口",
        "町谷(町田市)",
        "南町田四丁目",
        "南町田北",
        "南町田グランベリーパーク駅"
    ],
    "weekday": [
        "9:33",
        "10:18",
        "10:58",
        "11:52",
        "13:13",
        "13:58",
        "14:56",
        "15:58",
        "16:58",
        "17:40",
        "18:20",
        "19:02",
        "19:40",
        "20:18",
        "21:02",
        "21:40",
        "22:30"
    ],
    "saturday": [
        "9:38",
        "10:58",
        "12:18",
        "13:38",
        "14:35",
        "16:35",
        "17:49",
        "19:10",
        "20:02",
        "20:50",
        "21:42"
    ],
    "holiday": [
        "9:38",
        "10:58",
        "12:18",
        "13:38",
        "14:35",
        "16:35",
        "17:49",
        "19:10",
        "20:02",
        "20:50",
        "21:42"
    ],
    "url": "https://www.kanachu.co.jp/dia/diagram/timetable01_js/course:0000802496-10/node:00129795/kt:0/lname:/"
}
