{
    "date": "2025/10/20",
    "name": "西田(町田市)",
    "position": "-",
    "system": "町89",
    "destinations": [
        "西田峯山公園前",
        "定方寺公園入口",
        "町谷(町田市)",
        "南町田四丁目",
        "南町田北",
        "南町田グランベリーパーク駅"
    ],
    "weekday": [
        "9:34",
        "10:19",
        "10:59",
        "11:53",
        "13:14",
        "13:59",
        "14:57",
        "15:59",
        "16:59",
        "17:41",
        "18:21",
        "19:03",
        "19:41",
        "20:19",
        "21:03",
        "21:41",
        "22:31"
    ],
    "saturday": [
        "9:39",
        "10:59",
        "12:19",
        "13:39",
        "14:36",
        "16:36",
        "17:50",
        "19:11",
        "20:03",
        "20:51",
        "21:43"
    ],
    "holiday": [
        "9:39",
        "10:59",
        "12:19",
        "13:39",
        "14:36",
        "16:36",
        "17:50",
        "19:11",
        "20:03",
        "20:51",
        "21:43"
    ],
    "url": "https://www.kanachu.co.jp/dia/diagram/timetable01_js/course:0000802496-11/node:00129796/kt:0/lname:/"
}
