{
    "date": "2024/03/16",
    "name": "まちだテクノパーク前",
    "position": "-",
    "system": "橋76",
    "destinations": [
        "小山内裏公園南",
        "多摩境駅",
        "町有",
        "響きの丘",
        "小山ヶ丘小学校前",
        "三ツ目山公園",
        "多摩美術大学南",
        "寿橋",
        "寿町(相模原市緑区)",
        "旭農協前",
        "橋本駅北口"
    ],
    "weekday": [
        "5:50",
        "6:00",
        "6:12",
        "6:25",
        "6:35",
        "6:45",
        "6:55",
        "7:03",
        "7:11",
        "7:23",
        "7:35",
        "7:45",
        "7:55",
        "8:05",
        "8:15",
        "8:25",
        "8:40",
        "8:55",
        "9:15",
        "9:45",
        "10:15",
        "10:35",
        "10:55",
        "11:15",
        "11:35",
        "11:55",
        "12:15",
        "12:35",
        "12:55",
        "13:15",
        "13:40",
        "13:55",
        "14:10",
        "14:25",
        "14:40",
        "14:55",
        "15:10",
        "15:25",
        "15:40",
        "15:55",
        "16:15",
        "16:35",
        "16:50",
        "17:05",
        "17:20",
        "17:30",
        "17:40",
        "17:55",
        "18:05",
        "18:15",
        "18:30",
        "18:40",
        "19:05",
        "19:40",
        "20:56"
    ],
    "saturday": [
        "6:50",
        "7:10",
        "7:30",
        "7:50",
        "8:05",
        "8:20",
        "8:35",
        "8:50",
        "9:05",
        "9:20",
        "10:05",
        "11:05",
        "12:05",
        "13:05",
        "14:05",
        "15:05",
        "16:05",
        "17:05",
        "18:05",
        "18:40",
        "19:20",
        "20:35"
    ],
    "holiday": [
        "6:10",
        "6:40",
        "7:15",
        "7:35",
        "8:00",
        "8:20",
        "8:35",
        "8:50",
        "9:05",
        "9:20",
        "10:05",
        "11:05",
        "12:05",
        "13:05",
        "14:05",
        "15:05",
        "16:05",
        "17:05",
        "18:05",
        "18:40",
        "19:15",
        "20:15"
    ],
    "url": "https://www.kanachu.co.jp/dia/diagram/timetable01_js/course:0000800858-4/node:00130120/kt:0/lname:/"
}
