{
    "date": "2024/03/16",
    "name": "町有",
    "position": "-",
    "system": "橋76",
    "destinations": [
        "響きの丘",
        "小山ヶ丘小学校前",
        "三ツ目山公園",
        "多摩美術大学南",
        "寿橋",
        "寿町(相模原市緑区)",
        "旭農協前",
        "橋本駅北口"
    ],
    "weekday": [
        "5:56",
        "6:06",
        "6:18",
        "6:31",
        "6:41",
        "6:51",
        "7:01",
        "7:10",
        "7:18",
        "7:30",
        "7:42",
        "7:52",
        "8:02",
        "8:12",
        "8:22",
        "8:32",
        "8:47",
        "9:02",
        "9:22",
        "9:52",
        "10:22",
        "10:42",
        "11:02",
        "11:22",
        "11:42",
        "12:02",
        "12:22",
        "12:42",
        "13:02",
        "13:22",
        "13:47",
        "14:02",
        "14:17",
        "14:32",
        "14:47",
        "15:02",
        "15:17",
        "15:32",
        "15:47",
        "16:02",
        "16:22",
        "16:42",
        "16:57",
        "17:12",
        "17:27",
        "17:37",
        "17:47",
        "18:02",
        "18:12",
        "18:22",
        "18:37",
        "18:47",
        "19:12",
        "19:47",
        "21:02"
    ],
    "saturday": [
        "6:56",
        "7:16",
        "7:36",
        "7:56",
        "8:11",
        "8:26",
        "8:41",
        "8:56",
        "9:14",
        "9:31",
        "10:17",
        "11:17",
        "12:17",
        "13:17",
        "14:17",
        "15:17",
        "16:17",
        "17:17",
        "18:17",
        "18:47",
        "19:27",
        "20:41"
    ],
    "holiday": [
        "6:16",
        "6:46",
        "7:21",
        "7:41",
        "8:06",
        "8:26",
        "8:41",
        "8:56",
        "9:14",
        "9:31",
        "10:17",
        "11:17",
        "12:17",
        "13:17",
        "14:17",
        "15:17",
        "16:17",
        "17:17",
        "18:17",
        "18:47",
        "19:22",
        "20:21"
    ],
    "url": "https://www.kanachu.co.jp/dia/diagram/timetable01_js/course:0000800858-7/node:00130118/kt:0/lname:/"
}
