{
    "date": "2025/03/15",
    "name": "保健所前(茅ケ崎市)",
    "position": "-",
    "system": "茅53",
    "destinations": [
        "肥地力",
        "登象",
        "鶴嶺小学校前",
        "辻東(茅ケ崎市)",
        "古川(茅ケ崎市)",
        "アルバック前",
        "走内",
        "西の谷(茅ケ崎市)",
        "萩園第一公園前",
        "寒川工業団地入口",
        "東京応化工業前",
        "新明和前(高座郡寒川町)",
        "旭ファイバー寮前",
        "下河原(高座郡寒川町)",
        "八角広場前",
        "笠谷入口",
        "一之宮(高座郡寒川町)",
        "寒川駅南口"
    ],
    "weekday": [
        "6:30",
        "6:48",
        "7:07",
        "7:24",
        "7:44",
        "8:09",
        "8:24",
        "8:34",
        "9:14",
        "9:54",
        "10:34",
        "11:14",
        "11:54",
        "12:34",
        "13:14",
        "13:54",
        "14:34",
        "15:14",
        "15:54",
        "16:34",
        "17:14",
        "17:54",
        "18:34",
        "19:14",
        "19:59",
        "20:59"
    ],
    "saturday": [
        "6:46",
        "7:53",
        "8:19",
        "8:54",
        "9:14",
        "10:14",
        "11:14",
        "12:14",
        "13:14",
        "14:14",
        "15:14",
        "16:14",
        "17:14",
        "18:14",
        "19:14",
        "20:14"
    ],
    "holiday": [
        "7:13",
        "8:13",
        "9:13",
        "10:14",
        "11:14",
        "12:14",
        "13:14",
        "14:14",
        "15:14",
        "16:14",
        "17:14",
        "18:14",
        "19:14"
    ],
    "url": "https://www.kanachu.co.jp/dia/diagram/timetable01_js/course:0000800111-4/node:00127271/kt:0/lname:/"
}
