{
    "date": "2025/03/15",
    "name": "下河原(高座郡寒川町)",
    "position": "-",
    "system": "茅53",
    "destinations": [
        "八角広場前",
        "笠谷入口",
        "一之宮(高座郡寒川町)",
        "寒川駅南口"
    ],
    "weekday": [
        "6:48",
        "7:06",
        "7:27",
        "7:44",
        "8:04",
        "8:29",
        "8:44",
        "8:54",
        "9:34",
        "10:14",
        "10:54",
        "11:34",
        "12:14",
        "12:54",
        "13:34",
        "14:14",
        "14:54",
        "15:34",
        "16:14",
        "16:54",
        "17:34",
        "18:14",
        "18:54",
        "19:34",
        "20:17",
        "21:17"
    ],
    "saturday": [
        "7:03",
        "8:10",
        "8:37",
        "9:12",
        "9:32",
        "10:34",
        "11:34",
        "12:34",
        "13:34",
        "14:34",
        "15:34",
        "16:34",
        "17:34",
        "18:34",
        "19:33",
        "20:31"
    ],
    "holiday": [
        "7:30",
        "8:31",
        "9:31",
        "10:34",
        "11:34",
        "12:34",
        "13:34",
        "14:34",
        "15:34",
        "16:34",
        "17:34",
        "18:34",
        "19:33"
    ],
    "url": "https://www.kanachu.co.jp/dia/diagram/timetable01_js/course:0000800111-18/node:00127213/kt:0/lname:/"
}
