{
    "date": "2025/01/14",
    "name": "鮎津橋",
    "position": "-",
    "system": "厚60",
    "destinations": [
        "積水ソフランウイズ前",
        "金田下宿",
        "金田(厚木市)",
        "金田神社前",
        "下依知入口",
        "追分(厚木市)",
        "蓮生寺(厚木市)",
        "関口(厚木市)",
        "依知小学校前",
        "中平(厚木市)",
        "中荻原",
        "六本松(厚木市)",
        "坂本入口",
        "桜台(愛甲郡愛川町)",
        "運輸支局入口(愛甲郡愛川町)",
        "一本松(愛甲郡愛川町)",
        "局前(愛甲郡愛川町)",
        "中津(愛甲郡愛川町)",
        "東中学校前(愛甲郡愛川町)",
        "箕輪(愛甲郡愛川町)",
        "愛川町役場",
        "箕輪辻",
        "愛川高校前",
        "高峰小学校前",
        "愛川ハイテク団地入口",
        "三増下宿",
        "三増",
        "中里遊園地前",
        "上三増"
    ],
    "weekday": [
        "6:24",
        "6:49",
        "7:58",
        "8:21",
        "8:46",
        "9:21",
        "9:51",
        "10:21",
        "10:51",
        "11:21",
        "11:51",
        "12:21",
        "12:51",
        "13:21",
        "13:51",
        "14:21",
        "14:51",
        "15:21",
        "15:51",
        "16:21",
        "16:51",
        "17:21",
        "17:51",
        "18:31",
        "18:45",
        "19:45"
    ],
    "saturday": [
        "6:54",
        "7:19",
        "7:55",
        "8:17",
        "8:41",
        "9:17",
        "9:41",
        "10:21",
        "11:06",
        "11:36",
        "12:21",
        "13:06",
        "13:36",
        "14:21",
        "15:06",
        "15:36",
        "16:21",
        "17:06",
        "17:36",
        "18:21",
        "19:05",
        "19:35"
    ],
    "holiday": [
        "6:54",
        "7:44",
        "8:44",
        "9:44",
        "10:46",
        "11:46",
        "12:46",
        "13:46",
        "14:46",
        "15:46",
        "16:46",
        "17:46",
        "18:45",
        "19:45"
    ],
    "url": "https://www.kanachu.co.jp/dia/diagram/timetable01_js/course:0000801184-4/node:00128344/kt:0/lname:/"
}
