{
    "date": "2025/01/14",
    "name": "金田下宿",
    "position": "-",
    "system": "厚60",
    "destinations": [
        "金田(厚木市)",
        "金田神社前",
        "下依知入口",
        "追分(厚木市)",
        "蓮生寺(厚木市)",
        "関口(厚木市)",
        "依知小学校前",
        "中平(厚木市)",
        "中荻原",
        "六本松(厚木市)",
        "坂本入口",
        "桜台(愛甲郡愛川町)",
        "運輸支局入口(愛甲郡愛川町)",
        "一本松(愛甲郡愛川町)",
        "局前(愛甲郡愛川町)",
        "中津(愛甲郡愛川町)",
        "東中学校前(愛甲郡愛川町)",
        "箕輪(愛甲郡愛川町)",
        "愛川町役場",
        "箕輪辻",
        "愛川高校前",
        "高峰小学校前",
        "愛川ハイテク団地入口",
        "三増下宿",
        "三増",
        "中里遊園地前",
        "上三増"
    ],
    "weekday": [
        "6:26",
        "6:51",
        "8:01",
        "8:23",
        "8:48",
        "9:23",
        "9:53",
        "10:23",
        "10:53",
        "11:23",
        "11:53",
        "12:23",
        "12:53",
        "13:23",
        "13:53",
        "14:23",
        "14:53",
        "15:23",
        "15:53",
        "16:23",
        "16:53",
        "17:23",
        "17:53",
        "18:33",
        "18:47",
        "19:47"
    ],
    "saturday": [
        "6:56",
        "7:21",
        "7:58",
        "8:20",
        "8:44",
        "9:20",
        "9:44",
        "10:24",
        "11:09",
        "11:39",
        "12:24",
        "13:09",
        "13:39",
        "14:24",
        "15:09",
        "15:39",
        "16:24",
        "17:09",
        "17:39",
        "18:24",
        "19:08",
        "19:38"
    ],
    "holiday": [
        "6:56",
        "7:46",
        "8:46",
        "9:46",
        "10:49",
        "11:49",
        "12:49",
        "13:49",
        "14:49",
        "15:49",
        "16:49",
        "17:49",
        "18:48",
        "19:48"
    ],
    "url": "https://www.kanachu.co.jp/dia/diagram/timetable01_js/course:0000801184-6/node:00128346/kt:0/lname:/"
}
