{
    "date": "2025/01/14",
    "name": "運輸支局入口(愛甲郡愛川町)",
    "position": "-",
    "system": "厚60",
    "destinations": [
        "一本松(愛甲郡愛川町)",
        "局前(愛甲郡愛川町)",
        "中津(愛甲郡愛川町)",
        "東中学校前(愛甲郡愛川町)",
        "箕輪(愛甲郡愛川町)",
        "愛川町役場",
        "箕輪辻",
        "愛川高校前",
        "高峰小学校前",
        "愛川ハイテク団地入口",
        "三増下宿",
        "三増",
        "中里遊園地前",
        "上三増"
    ],
    "weekday": [
        "6:45",
        "7:11",
        "8:23",
        "8:45",
        "9:10",
        "9:45",
        "10:15",
        "10:45",
        "11:15",
        "11:45",
        "12:15",
        "12:45",
        "13:15",
        "13:45",
        "14:15",
        "14:45",
        "15:15",
        "15:45",
        "16:15",
        "16:45",
        "17:15",
        "17:45",
        "18:15",
        "18:52",
        "19:06",
        "20:06"
    ],
    "saturday": [
        "7:14",
        "7:40",
        "8:18",
        "8:40",
        "9:04",
        "9:40",
        "10:04",
        "10:44",
        "11:29",
        "11:59",
        "12:44",
        "13:29",
        "13:59",
        "14:44",
        "15:29",
        "15:59",
        "16:44",
        "17:29",
        "17:59",
        "18:43",
        "19:26",
        "19:56"
    ],
    "holiday": [
        "7:12",
        "8:04",
        "9:04",
        "10:04",
        "11:09",
        "12:09",
        "13:09",
        "14:09",
        "15:09",
        "16:09",
        "17:09",
        "18:09",
        "19:06",
        "20:06"
    ],
    "url": "https://www.kanachu.co.jp/dia/diagram/timetable01_js/course:0000801184-19/node:00128321/kt:0/lname:/"
}
