{
    "date": "2025/01/14",
    "name": "愛川町役場",
    "position": "-",
    "system": "厚60",
    "destinations": [
        "箕輪辻",
        "愛川高校前",
        "高峰小学校前",
        "愛川ハイテク団地入口",
        "三増下宿",
        "三増",
        "中里遊園地前",
        "上三増"
    ],
    "weekday": [
        "6:51",
        "7:18",
        "8:29",
        "8:51",
        "9:16",
        "9:51",
        "10:21",
        "10:51",
        "11:21",
        "11:51",
        "12:21",
        "12:51",
        "13:21",
        "13:51",
        "14:21",
        "14:51",
        "15:21",
        "15:51",
        "16:21",
        "16:51",
        "17:21",
        "17:51",
        "18:21",
        "18:57",
        "19:11",
        "20:11"
    ],
    "saturday": [
        "7:20",
        "7:46",
        "8:24",
        "8:46",
        "9:10",
        "9:46",
        "10:10",
        "10:50",
        "11:35",
        "12:05",
        "12:50",
        "13:35",
        "14:05",
        "14:50",
        "15:35",
        "16:05",
        "16:50",
        "17:35",
        "18:05",
        "18:48",
        "19:31",
        "20:01"
    ],
    "holiday": [
        "7:18",
        "8:10",
        "9:10",
        "10:10",
        "11:15",
        "12:15",
        "13:15",
        "14:15",
        "15:15",
        "16:15",
        "17:15",
        "18:15",
        "19:11",
        "20:11"
    ],
    "url": "https://www.kanachu.co.jp/dia/diagram/timetable01_js/course:0000801184-25/node:00128520/kt:0/lname:/"
}
