{
    "date": "2025/05/11",
    "name": "新吉原橋",
    "position": "-",
    "system": "上32",
    "destinations": [
        "吉原(横浜市港南区)",
        "港南区総合庁舎前",
        "笹下港南中央通り",
        "関の下",
        "上大岡駅"
    ],
    "weekday": [
        "6:19",
        "7:01",
        "7:20",
        "7:49",
        "8:36",
        "9:14",
        "10:29",
        "10:54",
        "11:46",
        "12:19",
        "12:54",
        "13:51",
        "14:34",
        "15:09",
        "15:45",
        "16:10",
        "16:34",
        "17:44",
        "18:09"
    ],
    "saturday": [
        "8:09",
        "9:48",
        "10:09",
        "10:54",
        "11:29",
        "12:04",
        "12:47",
        "14:14",
        "14:39",
        "15:49",
        "16:31",
        "18:09"
    ],
    "holiday": [
        "8:09",
        "9:48",
        "10:09",
        "10:54",
        "11:29",
        "12:04",
        "12:47",
        "14:14",
        "14:39",
        "15:49",
        "16:31",
        "18:09"
    ],
    "url": "https://www.kanachu.co.jp/dia/diagram/timetable01_js/course:0000801297-8/node:00102633/kt:0/lname:/"
}
