{
    "date": "2025/05/11",
    "name": "吉原(横浜市港南区)",
    "position": "-",
    "system": "上32",
    "destinations": [
        "港南区総合庁舎前",
        "笹下港南中央通り",
        "関の下",
        "上大岡駅"
    ],
    "weekday": [
        "6:20",
        "7:02",
        "7:21",
        "7:50",
        "8:37",
        "9:15",
        "10:30",
        "10:55",
        "11:47",
        "12:20",
        "12:55",
        "13:52",
        "14:35",
        "15:10",
        "15:46",
        "16:11",
        "16:35",
        "17:45",
        "18:10"
    ],
    "saturday": [
        "8:10",
        "9:49",
        "10:10",
        "10:55",
        "11:30",
        "12:05",
        "12:48",
        "14:15",
        "14:40",
        "15:50",
        "16:32",
        "18:10"
    ],
    "holiday": [
        "8:10",
        "9:49",
        "10:10",
        "10:55",
        "11:30",
        "12:05",
        "12:48",
        "14:15",
        "14:40",
        "15:50",
        "16:32",
        "18:10"
    ],
    "url": "https://www.kanachu.co.jp/dia/diagram/timetable01_js/course:0000801297-9/node:00103230/kt:0/lname:/"
}
