{
    "date": "2025/11/25",
    "name": "上久保",
    "position": "-",
    "system": "橋34",
    "destinations": [
        "作の口",
        "作の口三谷",
        "下九沢宮下",
        "下九沢",
        "塚場",
        "大沢団地前",
        "六地蔵(相模原市緑区)",
        "上中の原団地",
        "石宮",
        "緑ヶ丘(相模原市緑区)",
        "旭中学校(相模原市緑区)",
        "橋本二丁目",
        "橋本駅南口"
    ],
    "weekday": [
        "6:01",
        "6:16",
        "6:31",
        "6:46",
        "7:06",
        "7:31",
        "8:01",
        "8:46",
        "9:36",
        "10:36",
        "11:36",
        "12:36",
        "13:36",
        "14:36",
        "15:36",
        "16:36",
        "17:36",
        "18:36",
        "19:51"
    ],
    "saturday": [
        "6:06",
        "6:36",
        "7:06",
        "7:32",
        "8:31",
        "9:31",
        "10:31",
        "11:36",
        "12:36",
        "13:36",
        "14:36",
        "15:36",
        "16:36",
        "17:36",
        "18:36",
        "19:35"
    ],
    "holiday": [
        "6:36",
        "7:36",
        "8:41",
        "9:41",
        "10:41",
        "11:41",
        "12:41",
        "13:41",
        "14:36",
        "15:36",
        "16:36",
        "17:36",
        "18:36",
        "19:35"
    ],
    "url": "https://www.kanachu.co.jp/dia/diagram/timetable01_js/course:0000803792-6/node:00129111/kt:0/lname:/"
}
