{
    "date": "2025/11/25",
    "name": "塚場",
    "position": "-",
    "system": "橋34",
    "destinations": [
        "大沢団地前",
        "六地蔵(相模原市緑区)",
        "上中の原団地",
        "石宮",
        "緑ヶ丘(相模原市緑区)",
        "旭中学校(相模原市緑区)",
        "橋本二丁目",
        "橋本駅南口"
    ],
    "weekday": [
        "6:06",
        "6:21",
        "6:36",
        "6:51",
        "7:13",
        "7:38",
        "8:08",
        "8:53",
        "9:41",
        "10:41",
        "11:41",
        "12:41",
        "13:41",
        "14:41",
        "15:41",
        "16:41",
        "17:41",
        "18:41",
        "19:56"
    ],
    "saturday": [
        "6:11",
        "6:41",
        "7:11",
        "7:37",
        "8:36",
        "9:36",
        "10:36",
        "11:41",
        "12:41",
        "13:41",
        "14:41",
        "15:41",
        "16:41",
        "17:41",
        "18:41",
        "19:39"
    ],
    "holiday": [
        "6:41",
        "7:41",
        "8:46",
        "9:46",
        "10:46",
        "11:46",
        "12:46",
        "13:46",
        "14:41",
        "15:41",
        "16:41",
        "17:41",
        "18:41",
        "19:39"
    ],
    "url": "https://www.kanachu.co.jp/dia/diagram/timetable01_js/course:0000803792-11/node:00129198/kt:0/lname:/"
}
