{
    "date": "2025/11/25",
    "name": "大沢団地前",
    "position": "-",
    "system": "橋34",
    "destinations": [
        "六地蔵(相模原市緑区)",
        "上中の原団地",
        "石宮",
        "緑ヶ丘(相模原市緑区)",
        "旭中学校(相模原市緑区)",
        "橋本二丁目",
        "橋本駅南口"
    ],
    "weekday": [
        "6:07",
        "6:22",
        "6:37",
        "6:52",
        "7:14",
        "7:39",
        "8:09",
        "8:54",
        "9:42",
        "10:42",
        "11:42",
        "12:42",
        "13:42",
        "14:42",
        "15:42",
        "16:42",
        "17:42",
        "18:42",
        "19:57"
    ],
    "saturday": [
        "6:12",
        "6:42",
        "7:12",
        "7:38",
        "8:37",
        "9:37",
        "10:37",
        "11:42",
        "12:42",
        "13:42",
        "14:42",
        "15:42",
        "16:42",
        "17:42",
        "18:42",
        "19:40"
    ],
    "holiday": [
        "6:42",
        "7:42",
        "8:47",
        "9:47",
        "10:47",
        "11:47",
        "12:47",
        "13:47",
        "14:42",
        "15:42",
        "16:42",
        "17:42",
        "18:42",
        "19:40"
    ],
    "url": "https://www.kanachu.co.jp/dia/diagram/timetable01_js/course:0000803792-12/node:00129100/kt:0/lname:/"
}
