{
    "date": "2025/04/01",
    "name": "湘南海岸公園前",
    "position": "-",
    "system": "平15",
    "destinations": [
        "なぎさプロムナード",
        "教会前(平塚市)",
        "商工会議所前",
        "平塚駅南口"
    ],
    "weekday": [
        "13:20",
        "13:40",
        "14:00",
        "14:20",
        "14:40",
        "15:00",
        "15:20",
        "15:40",
        "16:00",
        "16:20",
        "16:40",
        "17:00",
        "17:20",
        "17:40",
        "18:00",
        "18:20",
        "18:40",
        "18:55",
        "19:13",
        "19:34",
        "19:52",
        "20:10",
        "20:31",
        "20:51",
        "21:16",
        "21:41",
        "22:00",
        "22:26"
    ],
    "saturday": [
        "13:10",
        "13:30",
        "13:50",
        "14:10",
        "14:30",
        "14:50",
        "15:10",
        "15:30",
        "15:50",
        "16:10",
        "16:30",
        "16:50",
        "17:10",
        "17:30",
        "17:50",
        "18:10",
        "18:30",
        "18:50",
        "19:10",
        "19:30",
        "19:50",
        "20:10",
        "20:38",
        "21:01",
        "21:27",
        "21:46",
        "22:06",
        "22:26"
    ],
    "holiday": [
        "13:10",
        "13:30",
        "13:50",
        "14:10",
        "14:30",
        "14:50",
        "15:10",
        "15:30",
        "15:50",
        "16:10",
        "16:30",
        "16:50",
        "17:10",
        "17:30",
        "17:50",
        "18:10",
        "18:30",
        "18:50",
        "19:10",
        "19:30",
        "19:50",
        "20:10",
        "20:38",
        "21:01",
        "21:27",
        "21:46",
        "22:06",
        "22:26"
    ],
    "url": "https://www.kanachu.co.jp/dia/diagram/timetable01_js/course:0000803803-10/node:00127426/kt:0/lname:/"
}
