{
    "date": "2025/04/01",
    "name": "商工会議所前",
    "position": "-",
    "system": "平15",
    "destinations": [
        "平塚駅南口"
    ],
    "weekday": [
        "13:22",
        "13:42",
        "14:02",
        "14:22",
        "14:42",
        "15:02",
        "15:22",
        "15:42",
        "16:02",
        "16:22",
        "16:42",
        "17:02",
        "17:22",
        "17:42",
        "18:02",
        "18:22",
        "18:42",
        "18:57",
        "19:15",
        "19:36",
        "19:54",
        "20:12",
        "20:33",
        "20:53",
        "21:18",
        "21:43",
        "22:02",
        "22:28"
    ],
    "saturday": [
        "13:12",
        "13:32",
        "13:52",
        "14:12",
        "14:32",
        "14:52",
        "15:12",
        "15:32",
        "15:52",
        "16:12",
        "16:32",
        "16:52",
        "17:12",
        "17:32",
        "17:52",
        "18:12",
        "18:32",
        "18:52",
        "19:12",
        "19:32",
        "19:52",
        "20:12",
        "20:40",
        "21:03",
        "21:29",
        "21:48",
        "22:08",
        "22:28"
    ],
    "holiday": [
        "13:12",
        "13:32",
        "13:52",
        "14:12",
        "14:32",
        "14:52",
        "15:12",
        "15:32",
        "15:52",
        "16:12",
        "16:32",
        "16:52",
        "17:12",
        "17:32",
        "17:52",
        "18:12",
        "18:32",
        "18:52",
        "19:12",
        "19:32",
        "19:52",
        "20:12",
        "20:40",
        "21:03",
        "21:29",
        "21:48",
        "22:08",
        "22:28"
    ],
    "url": "https://www.kanachu.co.jp/dia/diagram/timetable01_js/course:0000803803-13/node:00127423/kt:0/lname:/"
}
