{
    "date": "2025/03/15",
    "name": "愛川高校入口",
    "position": "-",
    "system": "海01",
    "destinations": [
        "箕輪辻",
        "愛川バスセンター"
    ],
    "weekday": [
        "6:48",
        "7:20",
        "7:30",
        "7:41",
        "7:51",
        "8:01",
        "8:12",
        "8:22",
        "8:32",
        "8:41",
        "8:56",
        "9:14",
        "9:34",
        "9:54",
        "10:24",
        "11:09",
        "12:09",
        "13:09",
        "13:55",
        "14:24",
        "14:55",
        "15:24",
        "15:55",
        "16:24",
        "16:55",
        "17:15",
        "17:36",
        "17:56",
        "18:16",
        "18:36",
        "18:56",
        "19:17",
        "19:35",
        "19:53",
        "20:09",
        "20:49",
        "21:14",
        "21:59",
        "22:56"
    ],
    "saturday": [
        "7:16",
        "7:36",
        "7:56",
        "8:21",
        "8:46",
        "9:31",
        "10:31",
        "11:32",
        "12:32",
        "13:32",
        "14:32",
        "15:17",
        "15:47",
        "16:17",
        "16:48",
        "17:18",
        "17:48",
        "18:18",
        "18:48",
        "19:13",
        "19:43",
        "20:13",
        "20:43",
        "21:13",
        "21:46",
        "22:14",
        "22:46"
    ],
    "holiday": [
        "7:32",
        "8:07",
        "8:42",
        "9:27",
        "10:28",
        "11:29",
        "12:29",
        "13:29",
        "14:29",
        "15:14",
        "15:44",
        "16:14",
        "16:44",
        "17:14",
        "17:44",
        "18:14",
        "18:44",
        "19:12",
        "19:42",
        "20:12",
        "20:42",
        "21:12",
        "21:45",
        "22:13"
    ],
    "url": "https://www.kanachu.co.jp/dia/diagram/timetable01_js/course:0000802150-27/node:00128377/kt:0/lname:/"
}
