{
    "date": "2025/03/15",
    "name": "箕輪辻",
    "position": "-",
    "system": "海01",
    "destinations": [
        "愛川バスセンター"
    ],
    "weekday": [
        "6:50",
        "7:22",
        "7:32",
        "7:43",
        "7:53",
        "8:03",
        "8:14",
        "8:24",
        "8:34",
        "8:43",
        "8:58",
        "9:16",
        "9:36",
        "9:56",
        "10:26",
        "11:11",
        "12:11",
        "13:11",
        "13:57",
        "14:26",
        "14:57",
        "15:26",
        "15:57",
        "16:26",
        "16:57",
        "17:17",
        "17:38",
        "17:58",
        "18:18",
        "18:38",
        "18:58",
        "19:19",
        "19:36",
        "19:54",
        "20:10",
        "20:50",
        "21:15",
        "22:00",
        "22:57"
    ],
    "saturday": [
        "7:18",
        "7:38",
        "7:58",
        "8:23",
        "8:48",
        "9:33",
        "10:33",
        "11:34",
        "12:34",
        "13:34",
        "14:34",
        "15:19",
        "15:49",
        "16:19",
        "16:50",
        "17:20",
        "17:50",
        "18:20",
        "18:49",
        "19:14",
        "19:44",
        "20:14",
        "20:44",
        "21:14",
        "21:47",
        "22:15",
        "22:47"
    ],
    "holiday": [
        "7:33",
        "8:08",
        "8:43",
        "9:28",
        "10:29",
        "11:30",
        "12:30",
        "13:30",
        "14:30",
        "15:15",
        "15:45",
        "16:15",
        "16:45",
        "17:15",
        "17:45",
        "18:15",
        "18:45",
        "19:13",
        "19:43",
        "20:13",
        "20:43",
        "21:13",
        "21:46",
        "22:14"
    ],
    "url": "https://www.kanachu.co.jp/dia/diagram/timetable01_js/course:0000802150-28/node:00128327/kt:0/lname:/"
}
