{
    "date": "2025/04/01",
    "name": "日野(相模原市緑区)",
    "position": "-",
    "system": "野08",
    "destinations": [
        "中里橋(相模原市緑区)",
        "陣馬登山口",
        "沢井住宅前",
        "上沢井",
        "上河原(相模原市緑区)",
        "藤野北小学校前",
        "入間坂",
        "橋詰入口",
        "鎌沢入口",
        "寺外戸",
        "和田(相模原市緑区)"
    ],
    "weekday": [
        "7:27",
        "8:12",
        "13:54",
        "14:33",
        "15:27",
        "16:48",
        "18:08"
    ],
    "saturday": [
        "8:06",
        "9:08",
        "9:42",
        "13:14",
        "14:17",
        "15:27",
        "16:54",
        "18:08"
    ],
    "holiday": [
        "8:06",
        "9:08",
        "9:42",
        "13:14",
        "14:17",
        "15:27",
        "16:54",
        "18:08"
    ],
    "url": "https://www.kanachu.co.jp/dia/diagram/timetable01_js/course:0000803750-3/node:00128813/kt:0/lname:/"
}
