{
    "date": "2025/04/01",
    "name": "橋詰入口",
    "position": "-",
    "system": "野08",
    "destinations": [
        "鎌沢入口",
        "寺外戸",
        "和田(相模原市緑区)"
    ],
    "weekday": [
        "7:35",
        "8:20",
        "14:02",
        "14:41",
        "15:35",
        "16:56",
        "18:16"
    ],
    "saturday": [
        "8:14",
        "9:16",
        "9:50",
        "13:22",
        "14:25",
        "15:35",
        "17:02",
        "18:16"
    ],
    "holiday": [
        "8:14",
        "9:16",
        "9:50",
        "13:22",
        "14:25",
        "15:35",
        "17:02",
        "18:16"
    ],
    "url": "https://www.kanachu.co.jp/dia/diagram/timetable01_js/course:0000803750-11/node:00128821/kt:0/lname:/"
}
