{
    "date": "2025/04/19",
    "name": "女子美術大学",
    "position": "-",
    "system": "古04",
    "destinations": [
        "総合体育館前(相模原市南区)",
        "麻溝台工業団地",
        "麻溝台一丁目",
        "工業団地入口(相模原市)",
        "オルガノ前",
        "西大沼三丁目",
        "相模原南病院前",
        "古淵駅入口",
        "古淵駅"
    ],
    "weekday": [
        "7:54",
        "8:05",
        "9:00",
        "9:35",
        "10:00",
        "11:00",
        "12:00",
        "13:00",
        "14:05",
        "15:10",
        "15:40",
        "16:40",
        "16:50",
        "17:30",
        "17:50",
        "18:20",
        "18:50",
        "19:20",
        "20:20"
    ],
    "saturday": [
        "9:00",
        "9:30",
        "10:00",
        "11:00",
        "12:00",
        "13:00",
        "14:00",
        "15:10",
        "16:00",
        "17:00",
        "18:00"
    ],
    "holiday": [
        "9:00",
        "10:00",
        "11:00",
        "12:00",
        "13:00",
        "14:00",
        "15:00",
        "16:00",
        "17:00",
        "18:00"
    ],
    "url": "https://www.kanachu.co.jp/dia/diagram/timetable01_js/course:0000803417-1/node:00129312/kt:0/lname:/"
}
