{
    "date": "2025/04/19",
    "name": "麻溝台一丁目",
    "position": "-",
    "system": "古04",
    "destinations": [
        "工業団地入口(相模原市)",
        "オルガノ前",
        "西大沼三丁目",
        "相模原南病院前",
        "古淵駅入口",
        "古淵駅"
    ],
    "weekday": [
        "7:58",
        "8:09",
        "9:04",
        "9:39",
        "10:04",
        "11:04",
        "12:04",
        "13:04",
        "14:09",
        "15:14",
        "15:44",
        "16:44",
        "16:54",
        "17:34",
        "17:54",
        "18:24",
        "18:54",
        "19:24",
        "20:24"
    ],
    "saturday": [
        "9:04",
        "9:34",
        "10:04",
        "11:04",
        "12:04",
        "13:04",
        "14:04",
        "15:14",
        "16:04",
        "17:04",
        "18:04"
    ],
    "holiday": [
        "9:04",
        "10:04",
        "11:04",
        "12:04",
        "13:04",
        "14:04",
        "15:04",
        "16:04",
        "17:04",
        "18:04"
    ],
    "url": "https://www.kanachu.co.jp/dia/diagram/timetable01_js/course:0000803417-4/node:00129310/kt:0/lname:/"
}
