{
    "system": "古04",
    "busstops": [
        {
            "index": "1",
            "id": "00129312",
            "name": "女子美術大学",
            "lat": "35.529109",
            "lng": "139.39029"
        },
        {
            "index": "2",
            "id": "00129178",
            "name": "総合体育館前(相模原市南区)",
            "lat": "35.529657",
            "lng": "139.394493"
        },
        {
            "index": "3",
            "id": "00129311",
            "name": "麻溝台工業団地",
            "lat": "35.531927",
            "lng": "139.396172"
        },
        {
            "index": "4",
            "id": "00129310",
            "name": "麻溝台一丁目",
            "lat": "35.532409",
            "lng": "139.401247"
        },
        {
            "index": "5",
            "id": "00130530",
            "name": "工業団地入口(相模原市)",
            "lat": "35.532783",
            "lng": "139.404795"
        },
        {
            "index": "6",
            "id": "00129197",
            "name": "オルガノ前",
            "lat": "35.539138",
            "lng": "139.411973"
        },
        {
            "index": "7",
            "id": "00130200",
            "name": "西大沼三丁目",
            "lat": "35.541867",
            "lng": "139.412737"
        },
        {
            "index": "8",
            "id": "00129354",
            "name": "相模原南病院前",
            "lat": "35.549276",
            "lng": "139.414929"
        },
        {
            "index": "9",
            "id": "00129314",
            "name": "古淵駅入口",
            "lat": "35.553625",
            "lng": "139.418177"
        },
        {
            "index": "10",
            "id": "00129313",
            "name": "古淵駅",
            "lat": "35.555809",
            "lng": "139.419386"
        }
    ],
    "route_url": "https://www.kanachu.co.jp/dia/route/index/cid:0000803417/"
}
