{
    "date": "2025/07/12",
    "name": "大船駅西口",
    "position": "-",
    "system": "船34",
    "destinations": [
        "児童公園前(鎌倉市)",
        "玉縄行政センター入口",
        "南岡本"
    ],
    "weekday": [
        "6:38",
        "7:00",
        "7:40",
        "8:30",
        "9:00",
        "9:30",
        "10:30",
        "11:40",
        "12:30",
        "13:30",
        "14:30",
        "15:40",
        "16:00",
        "16:30",
        "17:00",
        "17:22",
        "17:44",
        "18:00",
        "18:30",
        "19:00",
        "20:00",
        "21:00",
        "22:05"
    ],
    "saturday": [
        "6:55",
        "7:25",
        "7:55",
        "8:25",
        "9:00",
        "10:00",
        "11:00",
        "12:00",
        "13:00",
        "14:00",
        "15:00",
        "16:00",
        "17:00",
        "17:30",
        "18:00",
        "19:00",
        "20:00",
        "21:00",
        "22:00"
    ],
    "holiday": [
        "6:55",
        "7:25",
        "8:25",
        "9:00",
        "10:00",
        "11:00",
        "12:00",
        "13:00",
        "14:00",
        "15:00",
        "16:00",
        "17:00",
        "18:00",
        "19:00",
        "20:00",
        "21:00",
        "22:00"
    ],
    "url": "https://www.kanachu.co.jp/dia/diagram/timetable01_js/course:0000800273-1/node:00126855/kt:0/lname:/"
}
