{
    "date": "2025/07/12",
    "name": "児童公園前(鎌倉市)",
    "position": "-",
    "system": "船34",
    "destinations": [
        "玉縄行政センター入口",
        "南岡本"
    ],
    "weekday": [
        "6:39",
        "7:01",
        "7:41",
        "8:31",
        "9:01",
        "9:31",
        "10:31",
        "11:41",
        "12:31",
        "13:31",
        "14:31",
        "15:41",
        "16:01",
        "16:31",
        "17:01",
        "17:23",
        "17:45",
        "18:01",
        "18:31",
        "19:01",
        "20:01",
        "21:01",
        "22:06"
    ],
    "saturday": [
        "6:56",
        "7:26",
        "7:56",
        "8:26",
        "9:01",
        "10:01",
        "11:01",
        "12:01",
        "13:01",
        "14:01",
        "15:01",
        "16:01",
        "17:01",
        "17:31",
        "18:01",
        "19:01",
        "20:01",
        "21:01",
        "22:01"
    ],
    "holiday": [
        "6:56",
        "7:26",
        "8:26",
        "9:01",
        "10:01",
        "11:01",
        "12:01",
        "13:01",
        "14:01",
        "15:01",
        "16:01",
        "17:01",
        "18:01",
        "19:01",
        "20:01",
        "21:01",
        "22:01"
    ],
    "url": "https://www.kanachu.co.jp/dia/diagram/timetable01_js/course:0000800273-2/node:00126992/kt:0/lname:/"
}
