{
    "date": "2025/02/24",
    "name": "三家(横浜市泉区)",
    "position": "-",
    "system": "",
    "destinations": [
        "松陽高校前",
        "グリーンハイム前",
        "いずみ野駅",
        "泉警察署前",
        "富士塚(横浜市泉区)",
        "芝原(横浜市泉区)",
        "横浜泉郵便局前",
        "三ツ俣",
        "立場駅",
        "立場ターミナル"
    ],
    "weekday": [
        "6:31",
        "9:23",
        "9:48",
        "10:23",
        "11:23",
        "12:23",
        "12:53",
        "13:23",
        "13:53",
        "14:23",
        "14:53",
        "15:23",
        "15:53",
        "16:23",
        "16:53",
        "17:23",
        "17:53",
        "18:23",
        "18:53"
    ],
    "saturday": [
        "7:53",
        "8:28",
        "9:08",
        "9:48",
        "10:28",
        "11:08",
        "11:48",
        "12:28",
        "13:08",
        "13:48",
        "14:28",
        "15:08",
        "15:48",
        "16:28",
        "17:08",
        "20:10"
    ],
    "holiday": [
        "7:53",
        "8:28",
        "9:08",
        "9:48",
        "10:28",
        "11:08",
        "11:48",
        "12:28",
        "13:08",
        "13:48",
        "14:28",
        "15:08",
        "15:48",
        "16:28",
        "17:08",
        "20:10"
    ],
    "url": "https://www.kanachu.co.jp/dia/diagram/timetable01_js/course:0000800547-5/node:00126941/kt:0/lname:/"
}
