{
    "date": "2026/01/16",
    "name": "和泉坂上",
    "position": "-",
    "system": "立02",
    "destinations": [
        "いずみ中央駅",
        "泉区総合庁舎前",
        "和泉(横浜市泉区)",
        "谷戸入口(横浜市泉区)",
        "立場ターミナル"
    ],
    "weekday": [
        "10:29",
        "12:39",
        "13:09",
        "14:39",
        "15:39",
        "16:44",
        "17:54",
        "18:44",
        "20:29"
    ],
    "saturday": [
        "10:44",
        "12:54",
        "13:44",
        "14:14",
        "15:34",
        "16:54",
        "17:59",
        "18:39",
        "20:29"
    ],
    "holiday": [
        "10:44",
        "12:54",
        "13:44",
        "14:14",
        "15:34",
        "16:54",
        "17:59",
        "18:39",
        "20:29"
    ],
    "url": "https://www.kanachu.co.jp/dia/diagram/timetable01_js/course:0000803953-8/node:00126787/kt:0/lname:/"
}
