{
    "date": "2025/07/12",
    "name": "住宅前(藤沢市明治)",
    "position": "-",
    "system": "藤09",
    "destinations": [
        "梅ヶ枝通り",
        "湘南台",
        "引地橋",
        "一中入口(藤沢市)",
        "湘南高校前",
        "台町(藤沢市)",
        "白旗交差点",
        "本町小学校前(藤沢市)",
        "南仲通り二丁目",
        "南仲通り",
        "相生町(藤沢市)",
        "三富士町",
        "藤沢駅北口"
    ],
    "weekday": [
        "7:29",
        "8:04",
        "8:29",
        "16:14",
        "18:17",
        "20:09"
    ],
    "saturday": [
        "7:52",
        "9:57",
        "11:52",
        "13:57",
        "15:57",
        "17:59",
        "19:52"
    ],
    "holiday": [
        "7:52",
        "9:57",
        "11:52",
        "13:57",
        "15:57",
        "17:59",
        "19:52"
    ],
    "url": "https://www.kanachu.co.jp/dia/diagram/timetable01_js/course:0000801502-6/node:00130195/kt:0/lname:/"
}
