{
    "date": "2025/07/12",
    "name": "湘南高校前",
    "position": "-",
    "system": "藤09",
    "destinations": [
        "台町(藤沢市)",
        "白旗交差点",
        "本町小学校前(藤沢市)",
        "南仲通り二丁目",
        "南仲通り",
        "相生町(藤沢市)",
        "三富士町",
        "藤沢駅北口"
    ],
    "weekday": [
        "7:35",
        "8:10",
        "8:35",
        "16:20",
        "18:23",
        "20:15"
    ],
    "saturday": [
        "7:58",
        "10:03",
        "11:58",
        "14:03",
        "16:03",
        "18:05",
        "19:58"
    ],
    "holiday": [
        "7:58",
        "10:03",
        "11:58",
        "14:03",
        "16:03",
        "18:05",
        "19:58"
    ],
    "url": "https://www.kanachu.co.jp/dia/diagram/timetable01_js/course:0000801502-11/node:00127050/kt:0/lname:/"
}
