{
    "date": "2025/07/12",
    "name": "相生町(藤沢市)",
    "position": "-",
    "system": "藤09",
    "destinations": [
        "三富士町",
        "藤沢駅北口"
    ],
    "weekday": [
        "7:43",
        "8:18",
        "8:43",
        "16:28",
        "18:30",
        "20:21"
    ],
    "saturday": [
        "8:04",
        "10:10",
        "12:05",
        "14:10",
        "16:11",
        "18:12",
        "20:04"
    ],
    "holiday": [
        "8:04",
        "10:10",
        "12:05",
        "14:10",
        "16:11",
        "18:12",
        "20:04"
    ],
    "url": "https://www.kanachu.co.jp/dia/diagram/timetable01_js/course:0000801502-17/node:00126972/kt:0/lname:/"
}
