{
    "date": "2025/04/01",
    "name": "内出(相模原市緑区)",
    "position": "-",
    "system": "橋36",
    "destinations": [
        "九沢自治会館前",
        "北公園入口(相模原市緑区)",
        "中村(相模原市緑区)",
        "六地蔵(相模原市緑区)",
        "上中の原団地",
        "石宮",
        "緑ヶ丘(相模原市緑区)",
        "旭中学校(相模原市緑区)",
        "橋本二丁目",
        "橋本駅南口"
    ],
    "weekday": [
        "5:34",
        "5:54",
        "6:09",
        "6:24",
        "6:44",
        "7:04",
        "7:22",
        "7:43",
        "8:04",
        "8:22",
        "8:47",
        "9:17",
        "9:54",
        "10:24",
        "11:02",
        "11:27",
        "12:02",
        "12:27",
        "13:02",
        "13:27",
        "14:02",
        "14:27",
        "15:02",
        "15:27",
        "16:02",
        "16:27",
        "17:02",
        "17:27",
        "18:02",
        "18:32",
        "18:44",
        "18:59",
        "19:14",
        "19:39",
        "19:59",
        "20:39"
    ],
    "saturday": [
        "6:27",
        "6:57",
        "7:27",
        "7:57",
        "8:27",
        "8:57",
        "9:27",
        "9:57",
        "10:27",
        "10:57",
        "11:27",
        "11:57",
        "12:27",
        "12:57",
        "13:27",
        "13:57",
        "14:27",
        "14:57",
        "15:27",
        "15:57",
        "16:27",
        "16:57",
        "17:27",
        "17:57",
        "18:27",
        "18:57",
        "19:27",
        "19:57",
        "20:27",
        "20:57"
    ],
    "holiday": [
        "6:57",
        "7:27",
        "7:57",
        "8:27",
        "8:57",
        "9:27",
        "9:57",
        "10:27",
        "10:57",
        "11:27",
        "11:57",
        "12:27",
        "12:57",
        "13:27",
        "13:57",
        "14:27",
        "14:57",
        "15:27",
        "15:57",
        "16:27",
        "16:57",
        "17:27",
        "17:57",
        "18:27",
        "18:57",
        "19:27",
        "19:57",
        "20:27"
    ],
    "url": "https://www.kanachu.co.jp/dia/diagram/timetable01_js/course:0000803761-5/node:00128978/kt:0/lname:/"
}
