{
    "date": "2025/04/01",
    "name": "北公園入口(相模原市緑区)",
    "position": "-",
    "system": "橋36",
    "destinations": [
        "中村(相模原市緑区)",
        "六地蔵(相模原市緑区)",
        "上中の原団地",
        "石宮",
        "緑ヶ丘(相模原市緑区)",
        "旭中学校(相模原市緑区)",
        "橋本二丁目",
        "橋本駅南口"
    ],
    "weekday": [
        "5:37",
        "5:57",
        "6:12",
        "6:27",
        "6:47",
        "7:07",
        "7:25",
        "7:46",
        "8:07",
        "8:25",
        "8:50",
        "9:20",
        "9:57",
        "10:27",
        "11:05",
        "11:30",
        "12:05",
        "12:30",
        "13:05",
        "13:30",
        "14:05",
        "14:30",
        "15:05",
        "15:30",
        "16:05",
        "16:30",
        "17:05",
        "17:30",
        "18:05",
        "18:35",
        "18:47",
        "19:02",
        "19:17",
        "19:42",
        "20:02",
        "20:42"
    ],
    "saturday": [
        "6:30",
        "7:00",
        "7:30",
        "8:00",
        "8:30",
        "9:00",
        "9:30",
        "10:00",
        "10:30",
        "11:00",
        "11:30",
        "12:00",
        "12:30",
        "13:00",
        "13:30",
        "14:00",
        "14:30",
        "15:00",
        "15:30",
        "16:00",
        "16:30",
        "17:00",
        "17:30",
        "18:00",
        "18:30",
        "19:00",
        "19:30",
        "20:00",
        "20:30",
        "21:00"
    ],
    "holiday": [
        "7:00",
        "7:30",
        "8:00",
        "8:30",
        "9:00",
        "9:30",
        "10:00",
        "10:30",
        "11:00",
        "11:30",
        "12:00",
        "12:30",
        "13:00",
        "13:30",
        "14:00",
        "14:30",
        "15:00",
        "15:30",
        "16:00",
        "16:30",
        "17:00",
        "17:30",
        "18:00",
        "18:30",
        "19:00",
        "19:30",
        "20:00",
        "20:30"
    ],
    "url": "https://www.kanachu.co.jp/dia/diagram/timetable01_js/course:0000803761-7/node:00129104/kt:0/lname:/"
}
