{
    "date": "2025/04/01",
    "name": "中村(相模原市緑区)",
    "position": "-",
    "system": "橋36",
    "destinations": [
        "六地蔵(相模原市緑区)",
        "上中の原団地",
        "石宮",
        "緑ヶ丘(相模原市緑区)",
        "旭中学校(相模原市緑区)",
        "橋本二丁目",
        "橋本駅南口"
    ],
    "weekday": [
        "5:38",
        "5:58",
        "6:13",
        "6:28",
        "6:48",
        "7:08",
        "7:26",
        "7:47",
        "8:08",
        "8:26",
        "8:51",
        "9:21",
        "9:58",
        "10:28",
        "11:06",
        "11:31",
        "12:06",
        "12:31",
        "13:06",
        "13:31",
        "14:06",
        "14:31",
        "15:06",
        "15:31",
        "16:06",
        "16:31",
        "17:06",
        "17:31",
        "18:06",
        "18:36",
        "18:48",
        "19:03",
        "19:18",
        "19:43",
        "20:03",
        "20:43"
    ],
    "saturday": [
        "6:31",
        "7:01",
        "7:31",
        "8:01",
        "8:31",
        "9:01",
        "9:31",
        "10:01",
        "10:31",
        "11:01",
        "11:31",
        "12:01",
        "12:31",
        "13:01",
        "13:31",
        "14:01",
        "14:31",
        "15:01",
        "15:31",
        "16:01",
        "16:31",
        "17:01",
        "17:31",
        "18:01",
        "18:31",
        "19:01",
        "19:31",
        "20:01",
        "20:31",
        "21:01"
    ],
    "holiday": [
        "7:01",
        "7:31",
        "8:01",
        "8:31",
        "9:01",
        "9:31",
        "10:01",
        "10:31",
        "11:01",
        "11:31",
        "12:01",
        "12:31",
        "13:01",
        "13:31",
        "14:01",
        "14:31",
        "15:01",
        "15:31",
        "16:01",
        "16:31",
        "17:01",
        "17:31",
        "18:01",
        "18:31",
        "19:01",
        "19:31",
        "20:01",
        "20:31"
    ],
    "url": "https://www.kanachu.co.jp/dia/diagram/timetable01_js/course:0000803761-8/node:00129206/kt:0/lname:/"
}
