{
    "date": "2025/04/01",
    "name": "石宮",
    "position": "-",
    "system": "橋36",
    "destinations": [
        "緑ヶ丘(相模原市緑区)",
        "旭中学校(相模原市緑区)",
        "橋本二丁目",
        "橋本駅南口"
    ],
    "weekday": [
        "5:41",
        "6:01",
        "6:16",
        "6:31",
        "6:51",
        "7:13",
        "7:31",
        "7:52",
        "8:13",
        "8:31",
        "8:56",
        "9:25",
        "10:02",
        "10:32",
        "11:10",
        "11:35",
        "12:10",
        "12:35",
        "13:10",
        "13:35",
        "14:10",
        "14:35",
        "15:10",
        "15:35",
        "16:10",
        "16:35",
        "17:10",
        "17:35",
        "18:10",
        "18:40",
        "18:52",
        "19:07",
        "19:22",
        "19:47",
        "20:06",
        "20:46"
    ],
    "saturday": [
        "6:34",
        "7:04",
        "7:34",
        "8:04",
        "8:34",
        "9:04",
        "9:34",
        "10:04",
        "10:34",
        "11:04",
        "11:34",
        "12:04",
        "12:34",
        "13:04",
        "13:34",
        "14:04",
        "14:34",
        "15:04",
        "15:34",
        "16:04",
        "16:34",
        "17:04",
        "17:34",
        "18:04",
        "18:34",
        "19:04",
        "19:34",
        "20:04",
        "20:34",
        "21:04"
    ],
    "holiday": [
        "7:04",
        "7:34",
        "8:04",
        "8:34",
        "9:04",
        "9:34",
        "10:04",
        "10:34",
        "11:04",
        "11:34",
        "12:04",
        "12:34",
        "13:04",
        "13:34",
        "14:04",
        "14:34",
        "15:04",
        "15:34",
        "16:04",
        "16:34",
        "17:04",
        "17:34",
        "18:04",
        "18:34",
        "19:04",
        "19:34",
        "20:04",
        "20:34"
    ],
    "url": "https://www.kanachu.co.jp/dia/diagram/timetable01_js/course:0000803761-11/node:00129073/kt:0/lname:/"
}
