{
    "date": "2025/04/01",
    "name": "旭中学校(相模原市緑区)",
    "position": "-",
    "system": "橋36",
    "destinations": [
        "橋本二丁目",
        "橋本駅南口"
    ],
    "weekday": [
        "5:43",
        "6:03",
        "6:18",
        "6:33",
        "6:53",
        "7:15",
        "7:33",
        "7:54",
        "8:15",
        "8:33",
        "8:58",
        "9:27",
        "10:04",
        "10:34",
        "11:12",
        "11:37",
        "12:12",
        "12:37",
        "13:12",
        "13:37",
        "14:12",
        "14:37",
        "15:12",
        "15:37",
        "16:12",
        "16:37",
        "17:12",
        "17:37",
        "18:12",
        "18:42",
        "18:54",
        "19:09",
        "19:24",
        "19:49",
        "20:08",
        "20:48"
    ],
    "saturday": [
        "6:36",
        "7:06",
        "7:36",
        "8:06",
        "8:36",
        "9:06",
        "9:36",
        "10:06",
        "10:36",
        "11:06",
        "11:36",
        "12:06",
        "12:36",
        "13:06",
        "13:36",
        "14:06",
        "14:36",
        "15:06",
        "15:36",
        "16:06",
        "16:36",
        "17:06",
        "17:36",
        "18:06",
        "18:36",
        "19:06",
        "19:36",
        "20:06",
        "20:36",
        "21:06"
    ],
    "holiday": [
        "7:06",
        "7:36",
        "8:06",
        "8:36",
        "9:06",
        "9:36",
        "10:06",
        "10:36",
        "11:06",
        "11:36",
        "12:06",
        "12:36",
        "13:06",
        "13:36",
        "14:06",
        "14:36",
        "15:06",
        "15:36",
        "16:06",
        "16:36",
        "17:06",
        "17:36",
        "18:06",
        "18:36",
        "19:06",
        "19:36",
        "20:06",
        "20:36"
    ],
    "url": "https://www.kanachu.co.jp/dia/diagram/timetable01_js/course:0000803761-13/node:00129066/kt:0/lname:/"
}
