{
    "system": "橋36",
    "busstops": [
        {
            "index": "1",
            "id": "00128980",
            "name": "上大島",
            "lat": "35.581588",
            "lng": "139.313885"
        },
        {
            "index": "2",
            "id": "00129107",
            "name": "上大島北",
            "lat": "35.583233",
            "lng": "139.312428"
        },
        {
            "index": "3",
            "id": "00129106",
            "name": "上九沢団地",
            "lat": "35.586757",
            "lng": "139.314727"
        },
        {
            "index": "4",
            "id": "00129105",
            "name": "上九沢団地北",
            "lat": "35.587175",
            "lng": "139.315735"
        },
        {
            "index": "5",
            "id": "00128978",
            "name": "内出(相模原市緑区)",
            "lat": "35.586085",
            "lng": "139.318407"
        },
        {
            "index": "6",
            "id": "00129128",
            "name": "九沢自治会館前",
            "lat": "35.584322",
            "lng": "139.325855"
        },
        {
            "index": "7",
            "id": "00129104",
            "name": "北公園入口(相模原市緑区)",
            "lat": "35.583371",
            "lng": "139.32795"
        },
        {
            "index": "8",
            "id": "00129206",
            "name": "中村(相模原市緑区)",
            "lat": "35.581879",
            "lng": "139.330259"
        },
        {
            "index": "9",
            "id": "00129297",
            "name": "六地蔵(相模原市緑区)",
            "lat": "35.580456",
            "lng": "139.332274"
        },
        {
            "index": "10",
            "id": "00129115",
            "name": "上中の原団地",
            "lat": "35.5806",
            "lng": "139.33596"
        },
        {
            "index": "11",
            "id": "00129073",
            "name": "石宮",
            "lat": "35.583533",
            "lng": "139.339147"
        },
        {
            "index": "12",
            "id": "00129264",
            "name": "緑ヶ丘(相模原市緑区)",
            "lat": "35.586307",
            "lng": "139.340626"
        },
        {
            "index": "13",
            "id": "00129066",
            "name": "旭中学校(相模原市緑区)",
            "lat": "35.588562",
            "lng": "139.341794"
        },
        {
            "index": "14",
            "id": "00128971",
            "name": "橋本二丁目",
            "lat": "35.595384",
            "lng": "139.340769"
        },
        {
            "index": "15",
            "id": "00128970",
            "name": "橋本駅南口",
            "lat": "35.594627",
            "lng": "139.344271"
        }
    ],
    "route_url": "https://www.kanachu.co.jp/dia/route/index/cid:0000803761/"
}
