{
    "date": "2025/10/20",
    "name": "天野原",
    "position": "-",
    "system": "海03",
    "destinations": [
        "パブコ前",
        "赤坂(海老名市)",
        "県営団地入口(海老名市)",
        "望地(海老名市)",
        "東国分",
        "国分(海老名市)",
        "中央一丁目(海老名市)",
        "海老名駅東口"
    ],
    "weekday": [
        "8:02",
        "8:57",
        "9:47",
        "12:22",
        "13:17",
        "14:17",
        "17:07",
        "17:57"
    ],
    "saturday": [
        "7:52",
        "8:42",
        "9:32",
        "12:22",
        "13:12",
        "14:02",
        "17:07",
        "17:57"
    ],
    "holiday": [
        "7:52",
        "8:42",
        "9:32",
        "12:22",
        "13:12",
        "14:02",
        "17:07",
        "17:57"
    ],
    "url": "https://www.kanachu.co.jp/dia/diagram/timetable01_js/course:0000801197-3/node:00128619/kt:0/lname:/"
}
