{
    "date": "2025/10/20",
    "name": "県営団地入口(海老名市)",
    "position": "-",
    "system": "海03",
    "destinations": [
        "望地(海老名市)",
        "東国分",
        "国分(海老名市)",
        "中央一丁目(海老名市)",
        "海老名駅東口"
    ],
    "weekday": [
        "8:05",
        "9:00",
        "9:50",
        "12:25",
        "13:20",
        "14:20",
        "17:10",
        "18:00"
    ],
    "saturday": [
        "7:55",
        "8:45",
        "9:35",
        "12:25",
        "13:15",
        "14:05",
        "17:10",
        "18:00"
    ],
    "holiday": [
        "7:55",
        "8:45",
        "9:35",
        "12:25",
        "13:15",
        "14:05",
        "17:10",
        "18:00"
    ],
    "url": "https://www.kanachu.co.jp/dia/diagram/timetable01_js/course:0000801197-6/node:00128616/kt:0/lname:/"
}
