{
    "system": "",
    "busstops": [
        {
            "index": "1",
            "id": "00019296",
            "name": "若葉台中央(横浜市旭区)",
            "lat": "35.506424",
            "lng": "139.498388"
        },
        {
            "index": "2",
            "id": "00102729",
            "name": "地区公園",
            "lat": "35.503598",
            "lng": "139.496419"
        },
        {
            "index": "3",
            "id": "00103262",
            "name": "若葉台南",
            "lat": "35.500043",
            "lng": "139.500083"
        },
        {
            "index": "4",
            "id": "00103263",
            "name": "若葉台近隣公園前",
            "lat": "35.502957",
            "lng": "139.503976"
        },
        {
            "index": "5",
            "id": "00103267",
            "name": "若葉台中学校前",
            "lat": "35.50609",
            "lng": "139.503247"
        },
        {
            "index": "6",
            "id": "00019298",
            "name": "霧が丘高校前",
            "lat": "35.510312",
            "lng": "139.502916"
        },
        {
            "index": "7",
            "id": "00102438",
            "name": "霧が丘公園前",
            "lat": "35.512521",
            "lng": "139.5007"
        },
        {
            "index": "8",
            "id": "00102439",
            "name": "霧ヶ谷",
            "lat": "35.516216",
            "lng": "139.498774"
        },
        {
            "index": "9",
            "id": "00102521",
            "name": "公園前(横浜市緑区)",
            "lat": "35.518778",
            "lng": "139.496521"
        },
        {
            "index": "10",
            "id": "00102481",
            "name": "玄海田",
            "lat": "35.521519",
            "lng": "139.497994"
        },
        {
            "index": "11",
            "id": "00102680",
            "name": "センター前(横浜市緑区)",
            "lat": "35.523276",
            "lng": "139.498452"
        },
        {
            "index": "12",
            "id": "00102333",
            "name": "御前田橋",
            "lat": "35.525507",
            "lng": "139.498222"
        },
        {
            "index": "13",
            "id": "00102858",
            "name": "長津田駅入口",
            "lat": "35.529933",
            "lng": "139.495856"
        }
    ],
    "route_url": "https://www.kanachu.co.jp/dia/route/index/cid:0000802213/"
}
