{
    "system": "伊11",
    "busstops": [
        {
            "index": "1",
            "id": "00128162",
            "name": "大山ケーブル",
            "lat": "35.424192",
            "lng": "139.249624"
        },
        {
            "index": "2",
            "id": "00128127",
            "name": "伊勢原駅北口",
            "lat": "35.39652",
            "lng": "139.313281"
        }
    ],
    "route_url": "https://www.kanachu.co.jp/dia/route/index/cid:0000802266/"
}
