{
    "date": "2025/11/16",
    "name": "仲田(厚木市)",
    "position": "-",
    "system": "愛20",
    "destinations": [
        "依胡田",
        "柳町(厚木市)",
        "仲町(厚木市長谷)",
        "毛利台南入口",
        "上長谷(厚木市)",
        "愛名入口",
        "毛利台団地"
    ],
    "weekday": [
        "6:38",
        "7:10",
        "7:40",
        "8:10",
        "8:40",
        "9:38",
        "10:38",
        "11:38",
        "12:38",
        "13:38",
        "14:38",
        "15:38",
        "16:40",
        "17:40",
        "18:40",
        "19:38",
        "20:38"
    ],
    "saturday": [
        "7:39",
        "8:39",
        "9:39",
        "10:39",
        "11:39",
        "12:39",
        "13:39",
        "14:39",
        "15:39",
        "16:39",
        "17:39",
        "18:39",
        "19:39",
        "20:39"
    ],
    "holiday": [
        "7:39",
        "8:39",
        "9:39",
        "10:39",
        "11:39",
        "12:39",
        "13:39",
        "14:39",
        "15:39",
        "16:39",
        "17:39",
        "18:39",
        "19:39",
        "20:39"
    ],
    "url": "https://www.kanachu.co.jp/dia/diagram/timetable01_js/course:0000800901-4/node:00128506/kt:0/lname:/"
}
