{
    "date": "2025/11/16",
    "name": "上長谷(厚木市)",
    "position": "-",
    "system": "愛20",
    "destinations": [
        "愛名入口",
        "毛利台団地"
    ],
    "weekday": [
        "6:43",
        "7:15",
        "7:45",
        "8:15",
        "8:45",
        "9:43",
        "10:43",
        "11:43",
        "12:43",
        "13:43",
        "14:43",
        "15:43",
        "16:45",
        "17:45",
        "18:45",
        "19:43",
        "20:43"
    ],
    "saturday": [
        "7:44",
        "8:44",
        "9:44",
        "10:44",
        "11:44",
        "12:44",
        "13:44",
        "14:44",
        "15:44",
        "16:44",
        "17:44",
        "18:44",
        "19:44",
        "20:44"
    ],
    "holiday": [
        "7:44",
        "8:44",
        "9:44",
        "10:44",
        "11:44",
        "12:44",
        "13:44",
        "14:44",
        "15:44",
        "16:44",
        "17:44",
        "18:44",
        "19:44",
        "20:44"
    ],
    "url": "https://www.kanachu.co.jp/dia/diagram/timetable01_js/course:0000800901-9/node:00128447/kt:0/lname:/"
}
