{
    "date": "2025/11/16",
    "name": "愛名入口",
    "position": "-",
    "system": "愛20",
    "destinations": [
        "毛利台団地"
    ],
    "weekday": [
        "6:45",
        "7:18",
        "7:48",
        "8:18",
        "8:48",
        "9:45",
        "10:45",
        "11:45",
        "12:45",
        "13:45",
        "14:45",
        "15:45",
        "16:48",
        "17:48",
        "18:48",
        "19:45",
        "20:45"
    ],
    "saturday": [
        "7:46",
        "8:46",
        "9:46",
        "10:46",
        "11:46",
        "12:46",
        "13:46",
        "14:46",
        "15:46",
        "16:46",
        "17:46",
        "18:46",
        "19:45",
        "20:45"
    ],
    "holiday": [
        "7:46",
        "8:46",
        "9:46",
        "10:46",
        "11:46",
        "12:46",
        "13:46",
        "14:46",
        "15:46",
        "16:46",
        "17:46",
        "18:46",
        "19:45",
        "20:45"
    ],
    "url": "https://www.kanachu.co.jp/dia/diagram/timetable01_js/course:0000800901-10/node:00128448/kt:0/lname:/"
}
