{
    "system": "愛20",
    "busstops": [
        {
            "index": "1",
            "id": "00128496",
            "name": "愛甲石田駅",
            "lat": "35.417884",
            "lng": "139.343906"
        },
        {
            "index": "2",
            "id": "00128623",
            "name": "坊中(厚木市)",
            "lat": "35.422838",
            "lng": "139.348676"
        },
        {
            "index": "3",
            "id": "00128505",
            "name": "船子",
            "lat": "35.426093",
            "lng": "139.349364"
        },
        {
            "index": "4",
            "id": "00128506",
            "name": "仲田(厚木市)",
            "lat": "35.426704",
            "lng": "139.347312"
        },
        {
            "index": "5",
            "id": "00128507",
            "name": "依胡田",
            "lat": "35.427796",
            "lng": "139.341747"
        },
        {
            "index": "6",
            "id": "00128508",
            "name": "柳町(厚木市)",
            "lat": "35.428587",
            "lng": "139.337896"
        },
        {
            "index": "7",
            "id": "00130197",
            "name": "仲町(厚木市長谷)",
            "lat": "35.429486",
            "lng": "139.334693"
        },
        {
            "index": "8",
            "id": "00128659",
            "name": "毛利台南入口",
            "lat": "35.432849",
            "lng": "139.330541"
        },
        {
            "index": "9",
            "id": "00128447",
            "name": "上長谷(厚木市)",
            "lat": "35.432797",
            "lng": "139.32641"
        },
        {
            "index": "10",
            "id": "00128448",
            "name": "愛名入口",
            "lat": "35.435622",
            "lng": "139.325505"
        },
        {
            "index": "11",
            "id": "00128523",
            "name": "毛利台団地",
            "lat": "35.439696",
            "lng": "139.328465"
        }
    ],
    "route_url": "https://www.kanachu.co.jp/dia/route/index/cid:0000800901/"
}
