{
    "date": "2026/01/16",
    "name": "台村町",
    "position": "-",
    "system": "中57",
    "destinations": [
        "中山駅",
        "緑区役所前",
        "台村町",
        "薬師谷戸",
        "萬徳寺別院前",
        "けやき通り(横浜市緑区)",
        "自治会館前(横浜市緑区)",
        "武蔵中山台西"
    ],
    "weekday": [
        "6:55",
        "7:30",
        "8:10",
        "8:45",
        "9:30",
        "12:30",
        "13:05",
        "13:40",
        "14:20",
        "17:00",
        "17:35",
        "18:20",
        "18:55",
        "19:35",
        "20:10"
    ],
    "saturday": [
        "6:55",
        "7:30",
        "8:10",
        "8:45",
        "9:30",
        "12:30",
        "13:05",
        "13:40",
        "14:20",
        "17:00",
        "17:35",
        "18:20",
        "18:55",
        "19:35",
        "20:10"
    ],
    "holiday": [
        "9:30",
        "10:05",
        "10:40",
        "11:20",
        "11:55",
        "12:30",
        "14:55",
        "15:30",
        "16:05",
        "16:45"
    ],
    "url": "https://www.kanachu.co.jp/dia/diagram/timetable01_js/course:0000804014-7/node:00102701/kt:0/lname:/"
}
