{
    "date": "2026/01/16",
    "name": "緑区役所前",
    "position": "-",
    "system": "中57",
    "destinations": [
        "台村町",
        "薬師谷戸",
        "萬徳寺別院前",
        "けやき通り(横浜市緑区)",
        "自治会館前(横浜市緑区)",
        "武蔵中山台西"
    ],
    "weekday": [
        "7:01",
        "7:36",
        "8:16",
        "8:51",
        "9:36",
        "12:36",
        "13:11",
        "13:46",
        "14:26",
        "17:06",
        "17:41",
        "18:26",
        "19:01",
        "19:41",
        "20:16"
    ],
    "saturday": [
        "7:01",
        "7:36",
        "8:16",
        "8:51",
        "9:36",
        "12:36",
        "13:11",
        "13:46",
        "14:26",
        "17:06",
        "17:41",
        "18:26",
        "19:01",
        "19:41",
        "20:16"
    ],
    "holiday": [
        "9:36",
        "10:11",
        "10:46",
        "11:26",
        "12:01",
        "12:36",
        "15:01",
        "15:36",
        "16:11",
        "16:51"
    ],
    "url": "https://www.kanachu.co.jp/dia/diagram/timetable01_js/course:0000804014-9/node:00130395/kt:0/lname:/"
}
