{
    "date": "2026/01/16",
    "name": "萬徳寺別院前",
    "position": "-",
    "system": "中57",
    "destinations": [
        "けやき通り(横浜市緑区)",
        "自治会館前(横浜市緑区)",
        "武蔵中山台西"
    ],
    "weekday": [
        "7:06",
        "7:41",
        "8:21",
        "8:56",
        "9:41",
        "12:41",
        "13:16",
        "13:51",
        "14:31",
        "17:11",
        "17:46",
        "18:31",
        "19:06",
        "19:46",
        "20:21"
    ],
    "saturday": [
        "7:06",
        "7:41",
        "8:21",
        "8:56",
        "9:41",
        "12:41",
        "13:16",
        "13:51",
        "14:31",
        "17:11",
        "17:46",
        "18:31",
        "19:06",
        "19:46",
        "20:21"
    ],
    "holiday": [
        "9:41",
        "10:16",
        "10:51",
        "11:31",
        "12:06",
        "12:41",
        "15:06",
        "15:41",
        "16:16",
        "16:56"
    ],
    "url": "https://www.kanachu.co.jp/dia/diagram/timetable01_js/course:0000804014-12/node:00130394/kt:0/lname:/"
}
