{
    "date": "2024/03/16",
    "name": "日大三高",
    "position": "-",
    "system": "淵67",
    "destinations": [
        "桜橋(町田市)",
        "清住平",
        "小山田桜台",
        "桜台二丁目(町田市)",
        "桜台センター前",
        "桜台一丁目(町田市)",
        "桜台入口(町田市)",
        "唐沢(町田市)",
        "桜美林学園",
        "桜美林学園東",
        "桜美林学園前",
        "矢部八幡前",
        "山王下(相模原市中央区)",
        "山王(相模原市中央区)",
        "小学校入口(相模原市中央区)",
        "淵野辺郵便局前",
        "幸町(相模原市中央区)",
        "淵野辺駅北口"
    ],
    "weekday": [
        "8:22",
        "8:50",
        "9:20",
        "9:50",
        "10:50",
        "11:40",
        "12:40",
        "13:40",
        "14:40",
        "15:40",
        "16:40"
    ],
    "saturday": [
        "9:40",
        "10:40",
        "11:40",
        "12:45",
        "13:40",
        "14:40",
        "15:40",
        "16:40"
    ],
    "holiday": [],
    "url": "https://www.kanachu.co.jp/dia/diagram/timetable01_js/course:0000800849-1/node:00021091/kt:0/lname:/"
}
