{
    "date": "2024/03/16",
    "name": "桜橋(町田市)",
    "position": "-",
    "system": "淵67",
    "destinations": [
        "清住平",
        "小山田桜台",
        "桜台二丁目(町田市)",
        "桜台センター前",
        "桜台一丁目(町田市)",
        "桜台入口(町田市)",
        "唐沢(町田市)",
        "桜美林学園",
        "桜美林学園東",
        "桜美林学園前",
        "矢部八幡前",
        "山王下(相模原市中央区)",
        "山王(相模原市中央区)",
        "小学校入口(相模原市中央区)",
        "淵野辺郵便局前",
        "幸町(相模原市中央区)",
        "淵野辺駅北口"
    ],
    "weekday": [
        "8:24",
        "8:52",
        "9:22",
        "9:52",
        "10:52",
        "11:42",
        "12:42",
        "13:42",
        "14:42",
        "15:42",
        "16:42"
    ],
    "saturday": [
        "9:42",
        "10:42",
        "11:42",
        "12:47",
        "13:42",
        "14:42",
        "15:42",
        "16:42"
    ],
    "holiday": [],
    "url": "https://www.kanachu.co.jp/dia/diagram/timetable01_js/course:0000800849-2/node:00129409/kt:0/lname:/"
}
