{
    "date": "2024/03/16",
    "name": "清住平",
    "position": "-",
    "system": "淵67",
    "destinations": [
        "小山田桜台",
        "桜台二丁目(町田市)",
        "桜台センター前",
        "桜台一丁目(町田市)",
        "桜台入口(町田市)",
        "唐沢(町田市)",
        "桜美林学園",
        "桜美林学園東",
        "桜美林学園前",
        "矢部八幡前",
        "山王下(相模原市中央区)",
        "山王(相模原市中央区)",
        "小学校入口(相模原市中央区)",
        "淵野辺郵便局前",
        "幸町(相模原市中央区)",
        "淵野辺駅北口"
    ],
    "weekday": [
        "8:25",
        "8:53",
        "9:23",
        "9:53",
        "10:53",
        "11:43",
        "12:43",
        "13:43",
        "14:43",
        "15:43",
        "16:43"
    ],
    "saturday": [
        "9:43",
        "10:43",
        "11:43",
        "12:48",
        "13:43",
        "14:43",
        "15:43",
        "16:43"
    ],
    "holiday": [],
    "url": "https://www.kanachu.co.jp/dia/diagram/timetable01_js/course:0000800849-3/node:00130131/kt:0/lname:/"
}
