{
    "date": "2024/03/16",
    "name": "桜台入口(町田市)",
    "position": "-",
    "system": "淵67",
    "destinations": [
        "唐沢(町田市)",
        "桜美林学園",
        "桜美林学園東",
        "桜美林学園前",
        "矢部八幡前",
        "山王下(相模原市中央区)",
        "山王(相模原市中央区)",
        "小学校入口(相模原市中央区)",
        "淵野辺郵便局前",
        "幸町(相模原市中央区)",
        "淵野辺駅北口"
    ],
    "weekday": [
        "8:33",
        "9:01",
        "9:31",
        "10:01",
        "11:01",
        "11:51",
        "12:51",
        "13:51",
        "14:51",
        "15:51",
        "16:51"
    ],
    "saturday": [
        "9:51",
        "10:51",
        "11:51",
        "12:56",
        "13:51",
        "14:51",
        "15:51",
        "16:51"
    ],
    "holiday": [],
    "url": "https://www.kanachu.co.jp/dia/diagram/timetable01_js/course:0000800849-8/node:00129402/kt:0/lname:/"
}
