{
    "date": "2024/03/16",
    "name": "幸町(相模原市中央区)",
    "position": "-",
    "system": "淵67",
    "destinations": [
        "淵野辺駅北口"
    ],
    "weekday": [
        "8:41",
        "9:09",
        "9:39",
        "10:09",
        "11:09",
        "11:59",
        "12:59",
        "13:59",
        "14:59",
        "15:59",
        "16:59"
    ],
    "saturday": [
        "9:59",
        "10:59",
        "11:59",
        "13:04",
        "13:59",
        "14:59",
        "15:59",
        "16:59"
    ],
    "holiday": [],
    "url": "https://www.kanachu.co.jp/dia/diagram/timetable01_js/course:0000800849-18/node:00129148/kt:0/lname:/"
}
