{
    "date": "2025/10/01",
    "name": "元町北(二宮町)",
    "position": "-",
    "system": "",
    "destinations": [
        "中島(中郡二宮町)",
        "中里(中郡二宮町)",
        "県営団地入口(二宮町)",
        "団地中央(中郡二宮町)",
        "南4号前",
        "南5号前",
        "中里2丁目",
        "釜野隧道",
        "山西小学校前",
        "釜野交差点東",
        "山西プール前",
        "川勾神社入口",
        "密厳院北",
        "山西防災コミュニティセンター",
        "山西(中郡二宮町)",
        "吾妻神社前(中郡二宮町)",
        "二宮駅北口"
    ],
    "weekday": [
        "9:50",
        "14:50"
    ],
    "saturday": [],
    "holiday": [],
    "url": "https://www.kanachu.co.jp/dia/diagram/timetable01_js/course:0000803906-10/node:00130481/kt:0/lname:/"
}
