{
    "date": "2025/10/01",
    "name": "釜野交差点東",
    "position": "-",
    "system": "",
    "destinations": [
        "山西プール前",
        "川勾神社入口",
        "密厳院北",
        "山西防災コミュニティセンター",
        "山西(中郡二宮町)",
        "吾妻神社前(中郡二宮町)",
        "二宮駅北口"
    ],
    "weekday": [
        "10:05",
        "15:05"
    ],
    "saturday": [],
    "holiday": [],
    "url": "https://www.kanachu.co.jp/dia/diagram/timetable01_js/course:0000803906-20/node:00130158/kt:0/lname:/"
}
