{
    "date": "2025/10/01",
    "name": "川勾神社入口",
    "position": "-",
    "system": "ー",
    "destinations": [
        "密厳院北",
        "山西防災コミュニティセンター",
        "山西(中郡二宮町)",
        "吾妻神社前(中郡二宮町)",
        "二宮駅北口"
    ],
    "weekday": [
        "10:07",
        "15:07"
    ],
    "saturday": [],
    "holiday": [],
    "url": "https://www.kanachu.co.jp/dia/diagram/timetable01_js/course:0000803906-22/node:00130151/kt:0/lname:/"
}
