{
    "system": "ー",
    "busstops": [
        {
            "index": "1",
            "id": "00127683",
            "name": "二宮駅北口",
            "lat": "35.299204",
            "lng": "139.257931"
        },
        {
            "index": "2",
            "id": "00130164",
            "name": "ラディアン",
            "lat": "35.304415",
            "lng": "139.257759"
        },
        {
            "index": "3",
            "id": "00130483",
            "name": "富士見が丘交差点上",
            "lat": "35.307232",
            "lng": "139.260766"
        },
        {
            "index": "4",
            "id": "00130155",
            "name": "富士見が丘児童館前",
            "lat": "35.307184",
            "lng": "139.262496"
        },
        {
            "index": "5",
            "id": "00130154",
            "name": "寿考園前",
            "lat": "35.309281",
            "lng": "139.263167"
        },
        {
            "index": "6",
            "id": "00130153",
            "name": "富士見が丘3丁目入口",
            "lat": "35.310083",
            "lng": "139.260798"
        },
        {
            "index": "7",
            "id": "00130482",
            "name": "富士見が丘3丁目北",
            "lat": "35.312442",
            "lng": "139.262105"
        },
        {
            "index": "8",
            "id": "00130156",
            "name": "松根",
            "lat": "35.311626",
            "lng": "139.260023"
        },
        {
            "index": "9",
            "id": "00127528",
            "name": "栗谷前",
            "lat": "35.308123",
            "lng": "139.258113"
        },
        {
            "index": "10",
            "id": "00130481",
            "name": "元町北(二宮町)",
            "lat": "35.307119",
            "lng": "139.256531"
        },
        {
            "index": "11",
            "id": "00127789",
            "name": "中島(中郡二宮町)",
            "lat": "35.307263",
            "lng": "139.252921"
        },
        {
            "index": "12",
            "id": "00127788",
            "name": "中里(中郡二宮町)",
            "lat": "35.308337",
            "lng": "139.248849"
        },
        {
            "index": "13",
            "id": "00130524",
            "name": "県営団地入口(二宮町)",
            "lat": "35.314884",
            "lng": "139.242978"
        },
        {
            "index": "14",
            "id": "00127786",
            "name": "団地中央(中郡二宮町)",
            "lat": "35.31209",
            "lng": "139.24346"
        },
        {
            "index": "15",
            "id": "00127795",
            "name": "南4号前",
            "lat": "35.310293",
            "lng": "139.244292"
        },
        {
            "index": "16",
            "id": "00127794",
            "name": "南5号前",
            "lat": "35.308037",
            "lng": "139.242969"
        },
        {
            "index": "17",
            "id": "00130161",
            "name": "中里2丁目",
            "lat": "35.307762",
            "lng": "139.246494"
        },
        {
            "index": "18",
            "id": "00130160",
            "name": "釜野隧道",
            "lat": "35.305658",
            "lng": "139.247006"
        },
        {
            "index": "19",
            "id": "00130159",
            "name": "山西小学校前",
            "lat": "35.302615",
            "lng": "139.246413"
        },
        {
            "index": "20",
            "id": "00130158",
            "name": "釜野交差点東",
            "lat": "35.300359",
            "lng": "139.245809"
        },
        {
            "index": "21",
            "id": "00130152",
            "name": "山西プール前",
            "lat": "35.297826",
            "lng": "139.243544"
        },
        {
            "index": "22",
            "id": "00130151",
            "name": "川勾神社入口",
            "lat": "35.296707",
            "lng": "139.23948"
        },
        {
            "index": "23",
            "id": "00130150",
            "name": "密厳院北",
            "lat": "35.295207",
            "lng": "139.239289"
        },
        {
            "index": "24",
            "id": "00130149",
            "name": "山西防災コミュニティセンター",
            "lat": "35.292308",
            "lng": "139.2407"
        },
        {
            "index": "25",
            "id": "00127493",
            "name": "山西(中郡二宮町)",
            "lat": "35.293736",
            "lng": "139.245627"
        },
        {
            "index": "26",
            "id": "00127492",
            "name": "吾妻神社前(中郡二宮町)",
            "lat": "35.29529",
            "lng": "139.25004"
        },
        {
            "index": "27",
            "id": "00127683",
            "name": "二宮駅北口",
            "lat": "35.299204",
            "lng": "139.257934"
        }
    ],
    "route_url": "https://www.kanachu.co.jp/dia/route/index/cid:0000803906/"
}
