{
    "date": "2013/11/01",
    "name": "大上五丁目",
    "position": "-",
    "system": "",
    "destinations": [
        "大上四丁目",
        "青原",
        "坂下(綾瀬市)",
        "子ノ神(綾瀬市)",
        "綾北小学校前",
        "寺尾入口",
        "寺尾本町一丁目",
        "寺尾南",
        "報恩寺入口",
        "市民スポーツセンター北",
        "市民スポーツセンター",
        "妻之神前",
        "綾瀬メディカルプラザ",
        "長龍寺前",
        "深谷中四丁目",
        "ハンディホームセンター前",
        "綾瀬厚生病院",
        "市民文化センター前(綾瀬市)",
        "綾瀬市役所"
    ],
    "weekday": [
        "7:43",
        "9:22",
        "11:27",
        "13:07",
        "14:45",
        "16:45",
        "18:27"
    ],
    "saturday": [
        "7:43",
        "9:22",
        "11:27",
        "13:07",
        "14:45",
        "16:45",
        "18:27"
    ],
    "holiday": [
        "7:43",
        "9:22",
        "11:27",
        "13:07",
        "14:45",
        "16:45",
        "18:27"
    ],
    "url": "https://www.kanachu.co.jp/dia/diagram/timetable01_js/course:0000801752-7/node:00130070/kt:0/lname:/"
}
