{
    "date": "2013/11/01",
    "name": "寺尾入口",
    "position": "-",
    "system": "",
    "destinations": [
        "寺尾本町一丁目",
        "寺尾南",
        "報恩寺入口",
        "市民スポーツセンター北",
        "市民スポーツセンター",
        "妻之神前",
        "綾瀬メディカルプラザ",
        "長龍寺前",
        "深谷中四丁目",
        "ハンディホームセンター前",
        "綾瀬厚生病院",
        "市民文化センター前(綾瀬市)",
        "綾瀬市役所"
    ],
    "weekday": [
        "7:52",
        "9:31",
        "11:36",
        "13:16",
        "14:54",
        "16:54",
        "18:36"
    ],
    "saturday": [
        "7:52",
        "9:31",
        "11:36",
        "13:16",
        "14:54",
        "16:54",
        "18:36"
    ],
    "holiday": [
        "7:52",
        "9:31",
        "11:36",
        "13:16",
        "14:54",
        "16:54",
        "18:36"
    ],
    "url": "https://www.kanachu.co.jp/dia/diagram/timetable01_js/course:0000801752-13/node:00130050/kt:0/lname:/"
}
