{
    "date": "2025/04/01",
    "name": "中町二丁目",
    "position": "-",
    "system": "町51",
    "destinations": [
        "町田郵便局前",
        "体育館前(町田市)",
        "菅原神社前(町田市)",
        "養運寺",
        "ストアー前(町田市)",
        "団地南口(町田市)",
        "南大谷都営前",
        "協同住宅",
        "中町三丁目(町田市)",
        "町田第一小学校入口",
        "町田駅"
    ],
    "weekday": [
        "5:43",
        "6:02",
        "6:15",
        "6:30",
        "6:45",
        "6:58",
        "7:11",
        "7:23",
        "7:35",
        "7:47",
        "8:03",
        "8:23",
        "8:41",
        "9:03",
        "9:23",
        "9:43",
        "10:03",
        "10:23",
        "10:43",
        "11:03",
        "11:23",
        "11:43",
        "12:03",
        "12:23",
        "12:43",
        "13:03",
        "13:23",
        "13:43",
        "14:03",
        "14:23",
        "14:43",
        "15:03",
        "15:23",
        "15:43",
        "16:03",
        "16:31",
        "16:51",
        "17:11",
        "17:31",
        "17:51",
        "18:06",
        "18:26",
        "18:46",
        "19:06",
        "19:26",
        "19:46",
        "20:06",
        "20:26",
        "20:46",
        "21:05",
        "21:25",
        "21:45",
        "22:05",
        "22:25",
        "22:45",
        "23:16"
    ],
    "saturday": [
        "6:35",
        "7:15",
        "7:46",
        "8:16",
        "8:46",
        "9:16",
        "9:40",
        "10:06",
        "10:46",
        "11:06",
        "11:26",
        "12:06",
        "12:46",
        "13:26",
        "14:06",
        "14:46",
        "15:26",
        "16:06",
        "16:46",
        "17:06",
        "17:36",
        "18:06",
        "18:38",
        "19:08",
        "19:38",
        "20:08",
        "20:38",
        "21:07",
        "21:37",
        "22:07"
    ],
    "holiday": [
        "6:35",
        "7:15",
        "7:45",
        "8:15",
        "8:45",
        "9:16",
        "9:40",
        "10:06",
        "10:46",
        "11:26",
        "12:06",
        "12:46",
        "13:26",
        "14:06",
        "14:46",
        "15:26",
        "16:06",
        "16:46",
        "17:31",
        "18:06",
        "18:38",
        "19:08",
        "19:38",
        "20:08",
        "20:38",
        "21:07",
        "21:37",
        "22:07"
    ],
    "url": "https://www.kanachu.co.jp/dia/diagram/timetable01_js/course:0000801938-4/node:00130353/kt:0/lname:/"
}
