{
    "date": "2025/04/01",
    "name": "体育館前(町田市)",
    "position": "-",
    "system": "町51",
    "destinations": [
        "菅原神社前(町田市)",
        "養運寺",
        "ストアー前(町田市)",
        "団地南口(町田市)",
        "南大谷都営前",
        "協同住宅",
        "中町三丁目(町田市)",
        "町田第一小学校入口",
        "町田駅"
    ],
    "weekday": [
        "5:46",
        "6:05",
        "6:18",
        "6:33",
        "6:48",
        "7:01",
        "7:14",
        "7:26",
        "7:38",
        "7:50",
        "8:06",
        "8:26",
        "8:44",
        "9:06",
        "9:26",
        "9:46",
        "10:06",
        "10:26",
        "10:46",
        "11:06",
        "11:26",
        "11:46",
        "12:06",
        "12:26",
        "12:46",
        "13:06",
        "13:26",
        "13:46",
        "14:06",
        "14:26",
        "14:46",
        "15:06",
        "15:26",
        "15:46",
        "16:06",
        "16:34",
        "16:54",
        "17:14",
        "17:34",
        "17:54",
        "18:09",
        "18:29",
        "18:49",
        "19:09",
        "19:29",
        "19:49",
        "20:09",
        "20:29",
        "20:49",
        "21:08",
        "21:28",
        "21:48",
        "22:08",
        "22:28",
        "22:48",
        "23:19"
    ],
    "saturday": [
        "6:38",
        "7:18",
        "7:49",
        "8:19",
        "8:49",
        "9:19",
        "9:43",
        "10:09",
        "10:49",
        "11:09",
        "11:29",
        "12:09",
        "12:49",
        "13:29",
        "14:09",
        "14:49",
        "15:29",
        "16:09",
        "16:49",
        "17:09",
        "17:39",
        "18:09",
        "18:41",
        "19:11",
        "19:41",
        "20:11",
        "20:41",
        "21:10",
        "21:40",
        "22:10"
    ],
    "holiday": [
        "6:38",
        "7:18",
        "7:48",
        "8:18",
        "8:48",
        "9:19",
        "9:43",
        "10:09",
        "10:49",
        "11:29",
        "12:09",
        "12:49",
        "13:29",
        "14:09",
        "14:49",
        "15:29",
        "16:09",
        "16:49",
        "17:34",
        "18:09",
        "18:41",
        "19:11",
        "19:41",
        "20:11",
        "20:41",
        "21:10",
        "21:40",
        "22:10"
    ],
    "url": "https://www.kanachu.co.jp/dia/diagram/timetable01_js/course:0000801938-6/node:00129421/kt:0/lname:/"
}
