{
    "date": "2025/04/01",
    "name": "町田第一小学校入口",
    "position": "-",
    "system": "町51",
    "destinations": [
        "町田駅"
    ],
    "weekday": [
        "5:55",
        "6:14",
        "6:27",
        "6:42",
        "6:57",
        "7:12",
        "7:25",
        "7:37",
        "7:49",
        "8:01",
        "8:17",
        "8:37",
        "8:55",
        "9:16",
        "9:36",
        "9:56",
        "10:16",
        "10:36",
        "10:56",
        "11:16",
        "11:36",
        "11:56",
        "12:16",
        "12:36",
        "12:56",
        "13:16",
        "13:36",
        "13:56",
        "14:16",
        "14:36",
        "14:56",
        "15:16",
        "15:36",
        "15:56",
        "16:16",
        "16:44",
        "17:04",
        "17:25",
        "17:45",
        "18:05",
        "18:20",
        "18:40",
        "19:00",
        "19:20",
        "19:40",
        "20:00",
        "20:18",
        "20:38",
        "20:58",
        "21:17",
        "21:37",
        "21:57",
        "22:17",
        "22:37",
        "22:57",
        "23:28"
    ],
    "saturday": [
        "6:47",
        "7:27",
        "8:00",
        "8:30",
        "9:00",
        "9:30",
        "9:54",
        "10:20",
        "11:00",
        "11:20",
        "11:40",
        "12:20",
        "13:00",
        "13:40",
        "14:20",
        "15:00",
        "15:40",
        "16:20",
        "17:00",
        "17:20",
        "17:50",
        "18:20",
        "18:52",
        "19:22",
        "19:52",
        "20:20",
        "20:50",
        "21:19",
        "21:49",
        "22:19"
    ],
    "holiday": [
        "6:47",
        "7:27",
        "7:57",
        "8:27",
        "8:57",
        "9:30",
        "9:54",
        "10:20",
        "11:00",
        "11:40",
        "12:20",
        "13:00",
        "13:40",
        "14:20",
        "15:00",
        "15:40",
        "16:20",
        "17:00",
        "17:45",
        "18:20",
        "18:52",
        "19:22",
        "19:52",
        "20:20",
        "20:50",
        "21:19",
        "21:49",
        "22:19"
    ],
    "url": "https://www.kanachu.co.jp/dia/diagram/timetable01_js/course:0000801938-14/node:00129463/kt:0/lname:/"
}
