{
    "date": "2025/11/16",
    "name": "竹園小学校前",
    "position": "-",
    "system": "伊01",
    "destinations": [
        "御岳",
        "岡崎福祉館前",
        "馬渡(伊勢原市)",
        "団地下大竹",
        "団地南口(伊勢原市)",
        "ひかり幼稚園前",
        "千津",
        "伊勢原駅南口"
    ],
    "weekday": [
        "5:46",
        "6:06",
        "6:26",
        "6:51",
        "7:06",
        "7:21"
    ],
    "saturday": [
        "6:16",
        "6:56",
        "7:21",
        "8:21",
        "10:22",
        "11:22"
    ],
    "holiday": [
        "6:16",
        "6:56",
        "7:26",
        "8:22",
        "10:22",
        "11:22"
    ],
    "url": "https://www.kanachu.co.jp/dia/diagram/timetable01_js/course:0000800497-8/node:00128077/kt:0/lname:/"
}
