{
    "date": "2025/11/16",
    "name": "団地下大竹",
    "position": "-",
    "system": "伊01",
    "destinations": [
        "団地南口(伊勢原市)",
        "ひかり幼稚園前",
        "千津",
        "伊勢原駅南口"
    ],
    "weekday": [
        "5:50",
        "6:10",
        "6:30",
        "6:55",
        "7:10",
        "7:25"
    ],
    "saturday": [
        "6:20",
        "7:00",
        "7:25",
        "8:25",
        "10:26",
        "11:26"
    ],
    "holiday": [
        "6:20",
        "7:00",
        "7:30",
        "8:26",
        "10:26",
        "11:26"
    ],
    "url": "https://www.kanachu.co.jp/dia/diagram/timetable01_js/course:0000800497-12/node:00128074/kt:0/lname:/"
}
