{
    "date": "2025/11/16",
    "name": "千津",
    "position": "-",
    "system": "伊01",
    "destinations": [
        "伊勢原駅南口"
    ],
    "weekday": [
        "5:53",
        "6:13",
        "6:33",
        "6:58",
        "7:14",
        "7:29"
    ],
    "saturday": [
        "6:23",
        "7:03",
        "7:28",
        "8:29",
        "10:30",
        "11:30"
    ],
    "holiday": [
        "6:23",
        "7:03",
        "7:34",
        "8:30",
        "10:30",
        "11:30"
    ],
    "url": "https://www.kanachu.co.jp/dia/diagram/timetable01_js/course:0000800497-15/node:00128071/kt:0/lname:/"
}
