{
    "date": "2025/05/11",
    "name": "笠間一丁目",
    "position": "-",
    "system": "船11",
    "destinations": [
        "岩井口",
        "笠間町",
        "笠間十字路",
        "平島(鎌倉市)",
        "鎌倉女子大前",
        "公田",
        "栄警察署前",
        "天神橋(横浜市栄区)",
        "南河内(横浜市栄区)",
        "本郷小学校前",
        "北桂台",
        "桂台中央",
        "桂山公園",
        "矢沢(横浜市栄区)",
        "犬山",
        "犬山南",
        "上之中央",
        "上之"
    ],
    "weekday": [
        "7:24",
        "7:54",
        "8:14",
        "8:52",
        "9:22",
        "9:38",
        "9:56",
        "10:19",
        "10:39",
        "10:59",
        "11:18",
        "11:38",
        "12:00",
        "12:19",
        "12:43",
        "12:59",
        "13:22",
        "13:43",
        "13:58",
        "14:14",
        "14:31",
        "14:46",
        "14:59",
        "15:14",
        "15:29",
        "15:44",
        "15:59",
        "16:16",
        "16:31",
        "16:46",
        "16:59",
        "17:11",
        "17:21",
        "17:31",
        "17:45",
        "17:59",
        "18:11",
        "18:23",
        "18:34",
        "18:47",
        "18:59",
        "19:11",
        "19:26",
        "19:38",
        "19:57",
        "20:11",
        "20:26",
        "20:41",
        "20:56",
        "21:16",
        "21:29",
        "21:44",
        "21:59",
        "22:22",
        "22:51",
        "23:19",
        "23:46"
    ],
    "saturday": [
        "7:11",
        "7:36",
        "8:11",
        "8:51",
        "9:18",
        "9:48",
        "10:17",
        "10:47",
        "11:04",
        "11:25",
        "11:47",
        "12:04",
        "12:25",
        "12:47",
        "13:05",
        "13:25",
        "13:47",
        "14:05",
        "14:25",
        "14:47",
        "15:06",
        "15:26",
        "15:47",
        "16:07",
        "16:25",
        "16:47",
        "17:09",
        "17:25",
        "17:49",
        "18:07",
        "18:26",
        "18:49",
        "19:10",
        "19:30",
        "19:50",
        "20:20",
        "20:48",
        "21:18",
        "21:48",
        "22:18"
    ],
    "holiday": [
        "7:11",
        "7:36",
        "8:11",
        "8:51",
        "9:18",
        "9:48",
        "10:17",
        "10:47",
        "11:04",
        "11:25",
        "11:47",
        "12:04",
        "12:25",
        "12:47",
        "13:05",
        "13:25",
        "13:47",
        "14:05",
        "14:25",
        "14:47",
        "15:06",
        "15:26",
        "15:47",
        "16:07",
        "16:25",
        "16:47",
        "17:09",
        "17:25",
        "17:49",
        "18:07",
        "18:26",
        "18:49",
        "19:10",
        "19:30",
        "19:50",
        "20:20",
        "20:48",
        "21:18",
        "21:48",
        "22:18"
    ],
    "url": "https://www.kanachu.co.jp/dia/diagram/timetable01_js/course:0000800037-2/node:00126500/kt:0/lname:/"
}
