{
    "date": "2025/05/11",
    "name": "岩井口",
    "position": "-",
    "system": "船11",
    "destinations": [
        "笠間町",
        "笠間十字路",
        "平島(鎌倉市)",
        "鎌倉女子大前",
        "公田",
        "栄警察署前",
        "天神橋(横浜市栄区)",
        "南河内(横浜市栄区)",
        "本郷小学校前",
        "北桂台",
        "桂台中央",
        "桂山公園",
        "矢沢(横浜市栄区)",
        "犬山",
        "犬山南",
        "上之中央",
        "上之"
    ],
    "weekday": [
        "7:25",
        "7:55",
        "8:15",
        "8:53",
        "9:23",
        "9:39",
        "9:57",
        "10:20",
        "10:40",
        "11:00",
        "11:19",
        "11:39",
        "12:01",
        "12:20",
        "12:44",
        "13:00",
        "13:23",
        "13:44",
        "13:59",
        "14:15",
        "14:32",
        "14:47",
        "15:00",
        "15:15",
        "15:30",
        "15:45",
        "16:00",
        "16:17",
        "16:32",
        "16:47",
        "17:00",
        "17:12",
        "17:22",
        "17:32",
        "17:46",
        "18:00",
        "18:12",
        "18:24",
        "18:35",
        "18:48",
        "19:00",
        "19:12",
        "19:27",
        "19:39",
        "19:58",
        "20:12",
        "20:27",
        "20:42",
        "20:57",
        "21:17",
        "21:30",
        "21:45",
        "22:00",
        "22:23",
        "22:52",
        "23:20",
        "23:47"
    ],
    "saturday": [
        "7:12",
        "7:37",
        "8:12",
        "8:52",
        "9:19",
        "9:49",
        "10:18",
        "10:48",
        "11:05",
        "11:26",
        "11:48",
        "12:05",
        "12:26",
        "12:48",
        "13:06",
        "13:26",
        "13:48",
        "14:06",
        "14:26",
        "14:48",
        "15:07",
        "15:27",
        "15:48",
        "16:08",
        "16:26",
        "16:48",
        "17:10",
        "17:26",
        "17:50",
        "18:08",
        "18:27",
        "18:50",
        "19:11",
        "19:31",
        "19:51",
        "20:21",
        "20:49",
        "21:19",
        "21:49",
        "22:19"
    ],
    "holiday": [
        "7:12",
        "7:37",
        "8:12",
        "8:52",
        "9:19",
        "9:49",
        "10:18",
        "10:48",
        "11:05",
        "11:26",
        "11:48",
        "12:05",
        "12:26",
        "12:48",
        "13:06",
        "13:26",
        "13:48",
        "14:06",
        "14:26",
        "14:48",
        "15:07",
        "15:27",
        "15:48",
        "16:08",
        "16:26",
        "16:48",
        "17:10",
        "17:26",
        "17:50",
        "18:08",
        "18:27",
        "18:50",
        "19:11",
        "19:31",
        "19:51",
        "20:21",
        "20:49",
        "21:19",
        "21:49",
        "22:19"
    ],
    "url": "https://www.kanachu.co.jp/dia/diagram/timetable01_js/course:0000800037-3/node:00126501/kt:0/lname:/"
}
