{
    "date": "2025/05/11",
    "name": "鎌倉女子大前",
    "position": "-",
    "system": "船11",
    "destinations": [
        "公田",
        "栄警察署前",
        "天神橋(横浜市栄区)",
        "南河内(横浜市栄区)",
        "本郷小学校前",
        "北桂台",
        "桂台中央",
        "桂山公園",
        "矢沢(横浜市栄区)",
        "犬山",
        "犬山南",
        "上之中央",
        "上之"
    ],
    "weekday": [
        "7:30",
        "8:00",
        "8:20",
        "8:58",
        "9:28",
        "9:44",
        "10:02",
        "10:25",
        "10:45",
        "11:05",
        "11:24",
        "11:44",
        "12:06",
        "12:25",
        "12:49",
        "13:05",
        "13:28",
        "13:49",
        "14:04",
        "14:20",
        "14:37",
        "14:52",
        "15:05",
        "15:20",
        "15:35",
        "15:50",
        "16:05",
        "16:22",
        "16:37",
        "16:52",
        "17:05",
        "17:17",
        "17:27",
        "17:37",
        "17:51",
        "18:05",
        "18:17",
        "18:29",
        "18:40",
        "18:53",
        "19:05",
        "19:17",
        "19:32",
        "19:44",
        "20:03",
        "20:16",
        "20:31",
        "20:46",
        "21:01",
        "21:21",
        "21:34",
        "21:49",
        "22:04",
        "22:27",
        "22:56",
        "23:24",
        "23:51"
    ],
    "saturday": [
        "7:17",
        "7:42",
        "8:17",
        "8:57",
        "9:24",
        "9:54",
        "10:23",
        "10:53",
        "11:10",
        "11:31",
        "11:53",
        "12:10",
        "12:31",
        "12:53",
        "13:11",
        "13:31",
        "13:53",
        "14:11",
        "14:31",
        "14:53",
        "15:13",
        "15:33",
        "15:54",
        "16:14",
        "16:32",
        "16:54",
        "17:16",
        "17:32",
        "17:56",
        "18:14",
        "18:33",
        "18:56",
        "19:16",
        "19:36",
        "19:56",
        "20:25",
        "20:53",
        "21:23",
        "21:53",
        "22:23"
    ],
    "holiday": [
        "7:17",
        "7:42",
        "8:17",
        "8:57",
        "9:24",
        "9:54",
        "10:23",
        "10:53",
        "11:10",
        "11:31",
        "11:53",
        "12:10",
        "12:31",
        "12:53",
        "13:11",
        "13:31",
        "13:53",
        "14:11",
        "14:31",
        "14:53",
        "15:13",
        "15:33",
        "15:54",
        "16:14",
        "16:32",
        "16:54",
        "17:16",
        "17:32",
        "17:56",
        "18:14",
        "18:33",
        "18:56",
        "19:16",
        "19:36",
        "19:56",
        "20:25",
        "20:53",
        "21:23",
        "21:53",
        "22:23"
    ],
    "url": "https://www.kanachu.co.jp/dia/diagram/timetable01_js/course:0000800037-7/node:00126505/kt:0/lname:/"
}
