{
    "date": "2025/05/11",
    "name": "公田",
    "position": "-",
    "system": "船11",
    "destinations": [
        "栄警察署前",
        "天神橋(横浜市栄区)",
        "南河内(横浜市栄区)",
        "本郷小学校前",
        "北桂台",
        "桂台中央",
        "桂山公園",
        "矢沢(横浜市栄区)",
        "犬山",
        "犬山南",
        "上之中央",
        "上之"
    ],
    "weekday": [
        "7:32",
        "8:02",
        "8:22",
        "9:00",
        "9:30",
        "9:46",
        "10:04",
        "10:27",
        "10:47",
        "11:07",
        "11:26",
        "11:46",
        "12:08",
        "12:27",
        "12:51",
        "13:07",
        "13:30",
        "13:51",
        "14:06",
        "14:22",
        "14:39",
        "14:54",
        "15:07",
        "15:22",
        "15:37",
        "15:52",
        "16:07",
        "16:24",
        "16:39",
        "16:54",
        "17:07",
        "17:19",
        "17:29",
        "17:39",
        "17:53",
        "18:07",
        "18:19",
        "18:31",
        "18:42",
        "18:55",
        "19:07",
        "19:19",
        "19:34",
        "19:46",
        "20:04",
        "20:17",
        "20:32",
        "20:47",
        "21:02",
        "21:22",
        "21:35",
        "21:50",
        "22:05",
        "22:28",
        "22:57",
        "23:25",
        "23:52"
    ],
    "saturday": [
        "7:19",
        "7:44",
        "8:19",
        "8:59",
        "9:26",
        "9:56",
        "10:25",
        "10:55",
        "11:12",
        "11:33",
        "11:55",
        "12:12",
        "12:33",
        "12:55",
        "13:13",
        "13:33",
        "13:55",
        "14:13",
        "14:33",
        "14:55",
        "15:15",
        "15:35",
        "15:56",
        "16:16",
        "16:34",
        "16:56",
        "17:18",
        "17:34",
        "17:58",
        "18:16",
        "18:35",
        "18:58",
        "19:18",
        "19:38",
        "19:58",
        "20:26",
        "20:54",
        "21:24",
        "21:54",
        "22:24"
    ],
    "holiday": [
        "7:19",
        "7:44",
        "8:19",
        "8:59",
        "9:26",
        "9:56",
        "10:25",
        "10:55",
        "11:12",
        "11:33",
        "11:55",
        "12:12",
        "12:33",
        "12:55",
        "13:13",
        "13:33",
        "13:55",
        "14:13",
        "14:33",
        "14:55",
        "15:15",
        "15:35",
        "15:56",
        "16:16",
        "16:34",
        "16:56",
        "17:18",
        "17:34",
        "17:58",
        "18:16",
        "18:35",
        "18:58",
        "19:18",
        "19:38",
        "19:58",
        "20:26",
        "20:54",
        "21:24",
        "21:54",
        "22:24"
    ],
    "url": "https://www.kanachu.co.jp/dia/diagram/timetable01_js/course:0000800037-8/node:00126506/kt:0/lname:/"
}
