{
    "date": "2025/05/11",
    "name": "南河内(横浜市栄区)",
    "position": "-",
    "system": "船11",
    "destinations": [
        "本郷小学校前",
        "北桂台",
        "桂台中央",
        "桂山公園",
        "矢沢(横浜市栄区)",
        "犬山",
        "犬山南",
        "上之中央",
        "上之"
    ],
    "weekday": [
        "7:35",
        "8:05",
        "8:25",
        "9:03",
        "9:33",
        "9:49",
        "10:07",
        "10:30",
        "10:50",
        "11:10",
        "11:29",
        "11:49",
        "12:11",
        "12:30",
        "12:54",
        "13:10",
        "13:33",
        "13:54",
        "14:09",
        "14:25",
        "14:42",
        "14:57",
        "15:10",
        "15:25",
        "15:40",
        "15:55",
        "16:10",
        "16:27",
        "16:42",
        "16:57",
        "17:10",
        "17:22",
        "17:32",
        "17:42",
        "17:56",
        "18:10",
        "18:22",
        "18:34",
        "18:45",
        "18:58",
        "19:10",
        "19:22",
        "19:37",
        "19:49",
        "20:07",
        "20:20",
        "20:35",
        "20:50",
        "21:05",
        "21:25",
        "21:38",
        "21:53",
        "22:08",
        "22:31",
        "23:00",
        "23:28",
        "23:55"
    ],
    "saturday": [
        "7:22",
        "7:47",
        "8:22",
        "9:02",
        "9:29",
        "9:59",
        "10:29",
        "10:59",
        "11:16",
        "11:37",
        "11:59",
        "12:16",
        "12:37",
        "12:59",
        "13:17",
        "13:37",
        "13:59",
        "14:17",
        "14:37",
        "14:59",
        "15:19",
        "15:39",
        "16:00",
        "16:20",
        "16:38",
        "17:00",
        "17:22",
        "17:38",
        "18:02",
        "18:20",
        "18:39",
        "19:02",
        "19:21",
        "19:41",
        "20:01",
        "20:29",
        "20:57",
        "21:27",
        "21:57",
        "22:27"
    ],
    "holiday": [
        "7:22",
        "7:47",
        "8:22",
        "9:02",
        "9:29",
        "9:59",
        "10:29",
        "10:59",
        "11:16",
        "11:37",
        "11:59",
        "12:16",
        "12:37",
        "12:59",
        "13:17",
        "13:37",
        "13:59",
        "14:17",
        "14:37",
        "14:59",
        "15:19",
        "15:39",
        "16:00",
        "16:20",
        "16:38",
        "17:00",
        "17:22",
        "17:38",
        "18:02",
        "18:20",
        "18:39",
        "19:02",
        "19:21",
        "19:41",
        "20:01",
        "20:29",
        "20:57",
        "21:27",
        "21:57",
        "22:27"
    ],
    "url": "https://www.kanachu.co.jp/dia/diagram/timetable01_js/course:0000800037-11/node:00126508/kt:0/lname:/"
}
