{
    "date": "2025/05/11",
    "name": "北桂台",
    "position": "-",
    "system": "船11",
    "destinations": [
        "桂台中央",
        "桂山公園",
        "矢沢(横浜市栄区)",
        "犬山",
        "犬山南",
        "上之中央",
        "上之"
    ],
    "weekday": [
        "7:38",
        "8:08",
        "8:28",
        "9:06",
        "9:36",
        "9:52",
        "10:10",
        "10:33",
        "10:53",
        "11:13",
        "11:32",
        "11:52",
        "12:14",
        "12:33",
        "12:57",
        "13:13",
        "13:36",
        "13:57",
        "14:12",
        "14:28",
        "14:45",
        "15:00",
        "15:13",
        "15:28",
        "15:43",
        "15:58",
        "16:13",
        "16:30",
        "16:45",
        "17:00",
        "17:13",
        "17:25",
        "17:35",
        "17:45",
        "17:59",
        "18:13",
        "18:25",
        "18:37",
        "18:48",
        "19:01",
        "19:13",
        "19:25",
        "19:40",
        "19:52",
        "20:10",
        "20:23",
        "20:38",
        "20:53",
        "21:08",
        "21:28",
        "21:41",
        "21:56",
        "22:11",
        "22:34",
        "23:03",
        "23:31",
        "23:58"
    ],
    "saturday": [
        "7:25",
        "7:50",
        "8:25",
        "9:05",
        "9:32",
        "10:02",
        "10:32",
        "11:02",
        "11:19",
        "11:40",
        "12:02",
        "12:19",
        "12:40",
        "13:02",
        "13:20",
        "13:40",
        "14:02",
        "14:20",
        "14:40",
        "15:02",
        "15:22",
        "15:42",
        "16:03",
        "16:23",
        "16:41",
        "17:03",
        "17:25",
        "17:41",
        "18:05",
        "18:23",
        "18:42",
        "19:05",
        "19:24",
        "19:44",
        "20:04",
        "20:32",
        "21:00",
        "21:30",
        "22:00",
        "22:30"
    ],
    "holiday": [
        "7:25",
        "7:50",
        "8:25",
        "9:05",
        "9:32",
        "10:02",
        "10:32",
        "11:02",
        "11:19",
        "11:40",
        "12:02",
        "12:19",
        "12:40",
        "13:02",
        "13:20",
        "13:40",
        "14:02",
        "14:20",
        "14:40",
        "15:02",
        "15:22",
        "15:42",
        "16:03",
        "16:23",
        "16:41",
        "17:03",
        "17:25",
        "17:41",
        "18:05",
        "18:23",
        "18:42",
        "19:05",
        "19:24",
        "19:44",
        "20:04",
        "20:32",
        "21:00",
        "21:30",
        "22:00",
        "22:30"
    ],
    "url": "https://www.kanachu.co.jp/dia/diagram/timetable01_js/course:0000800037-13/node:00126538/kt:0/lname:/"
}
