{
    "date": "2025/05/11",
    "name": "桂台中央",
    "position": "-",
    "system": "船11",
    "destinations": [
        "桂山公園",
        "矢沢(横浜市栄区)",
        "犬山",
        "犬山南",
        "上之中央",
        "上之"
    ],
    "weekday": [
        "7:40",
        "8:10",
        "8:30",
        "9:08",
        "9:38",
        "9:54",
        "10:12",
        "10:35",
        "10:55",
        "11:15",
        "11:34",
        "11:54",
        "12:16",
        "12:35",
        "12:59",
        "13:15",
        "13:38",
        "13:59",
        "14:14",
        "14:30",
        "14:47",
        "15:02",
        "15:15",
        "15:30",
        "15:45",
        "16:00",
        "16:15",
        "16:32",
        "16:47",
        "17:02",
        "17:15",
        "17:27",
        "17:37",
        "17:47",
        "18:01",
        "18:15",
        "18:27",
        "18:39",
        "18:50",
        "19:03",
        "19:15",
        "19:27",
        "19:42",
        "19:54",
        "20:12",
        "20:25",
        "20:40",
        "20:55",
        "21:10",
        "21:30",
        "21:43",
        "21:58",
        "22:13",
        "22:36",
        "23:05",
        "23:33",
        "24:00"
    ],
    "saturday": [
        "7:27",
        "7:52",
        "8:27",
        "9:07",
        "9:34",
        "10:04",
        "10:34",
        "11:04",
        "11:21",
        "11:42",
        "12:04",
        "12:21",
        "12:42",
        "13:04",
        "13:22",
        "13:42",
        "14:04",
        "14:22",
        "14:42",
        "15:04",
        "15:24",
        "15:44",
        "16:05",
        "16:25",
        "16:43",
        "17:05",
        "17:27",
        "17:43",
        "18:07",
        "18:25",
        "18:44",
        "19:07",
        "19:26",
        "19:46",
        "20:06",
        "20:34",
        "21:02",
        "21:32",
        "22:02",
        "22:32"
    ],
    "holiday": [
        "7:27",
        "7:52",
        "8:27",
        "9:07",
        "9:34",
        "10:04",
        "10:34",
        "11:04",
        "11:21",
        "11:42",
        "12:04",
        "12:21",
        "12:42",
        "13:04",
        "13:22",
        "13:42",
        "14:04",
        "14:22",
        "14:42",
        "15:04",
        "15:24",
        "15:44",
        "16:05",
        "16:25",
        "16:43",
        "17:05",
        "17:27",
        "17:43",
        "18:07",
        "18:25",
        "18:44",
        "19:07",
        "19:26",
        "19:46",
        "20:06",
        "20:34",
        "21:02",
        "21:32",
        "22:02",
        "22:32"
    ],
    "url": "https://www.kanachu.co.jp/dia/diagram/timetable01_js/course:0000800037-14/node:00126537/kt:0/lname:/"
}
