{
    "date": "2025/05/11",
    "name": "犬山南",
    "position": "-",
    "system": "船11",
    "destinations": [
        "上之中央",
        "上之"
    ],
    "weekday": [
        "7:44",
        "8:14",
        "8:34",
        "9:12",
        "9:42",
        "9:58",
        "10:16",
        "10:39",
        "10:59",
        "11:19",
        "11:38",
        "11:58",
        "12:20",
        "12:39",
        "13:03",
        "13:19",
        "13:42",
        "14:03",
        "14:18",
        "14:34",
        "14:51",
        "15:06",
        "15:19",
        "15:34",
        "15:49",
        "16:04",
        "16:19",
        "16:36",
        "16:51",
        "17:06",
        "17:19",
        "17:31",
        "17:41",
        "17:51",
        "18:05",
        "18:19",
        "18:31",
        "18:43",
        "18:54",
        "19:07",
        "19:19",
        "19:31",
        "19:46",
        "19:58",
        "20:16",
        "20:29",
        "20:44",
        "20:59",
        "21:14",
        "21:34",
        "21:47",
        "22:02",
        "22:17",
        "22:40",
        "23:09",
        "23:37",
        "24:04"
    ],
    "saturday": [
        "7:31",
        "7:56",
        "8:31",
        "9:11",
        "9:38",
        "10:09",
        "10:39",
        "11:09",
        "11:26",
        "11:47",
        "12:09",
        "12:26",
        "12:47",
        "13:09",
        "13:27",
        "13:47",
        "14:09",
        "14:27",
        "14:47",
        "15:09",
        "15:29",
        "15:49",
        "16:10",
        "16:30",
        "16:48",
        "17:10",
        "17:32",
        "17:48",
        "18:12",
        "18:30",
        "18:49",
        "19:11",
        "19:30",
        "19:50",
        "20:10",
        "20:38",
        "21:06",
        "21:36",
        "22:06",
        "22:36"
    ],
    "holiday": [
        "7:31",
        "7:56",
        "8:31",
        "9:11",
        "9:38",
        "10:09",
        "10:39",
        "11:09",
        "11:26",
        "11:47",
        "12:09",
        "12:26",
        "12:47",
        "13:09",
        "13:27",
        "13:47",
        "14:09",
        "14:27",
        "14:47",
        "15:09",
        "15:29",
        "15:49",
        "16:10",
        "16:30",
        "16:48",
        "17:10",
        "17:32",
        "17:48",
        "18:12",
        "18:30",
        "18:49",
        "19:11",
        "19:30",
        "19:50",
        "20:10",
        "20:38",
        "21:06",
        "21:36",
        "22:06",
        "22:36"
    ],
    "url": "https://www.kanachu.co.jp/dia/diagram/timetable01_js/course:0000800037-18/node:00126533/kt:0/lname:/"
}
