{
    "system": "船11",
    "busstops": [
        {
            "index": "1",
            "id": "00126594",
            "name": "大船駅(横浜市栄区)",
            "lat": "35.355657",
            "lng": "139.532895"
        },
        {
            "index": "2",
            "id": "00126500",
            "name": "笠間一丁目",
            "lat": "35.357747",
            "lng": "139.533565"
        },
        {
            "index": "3",
            "id": "00126501",
            "name": "岩井口",
            "lat": "35.35998",
            "lng": "139.536398"
        },
        {
            "index": "4",
            "id": "00126502",
            "name": "笠間町",
            "lat": "35.360807",
            "lng": "139.538133"
        },
        {
            "index": "5",
            "id": "00126503",
            "name": "笠間十字路",
            "lat": "35.361358",
            "lng": "139.539952"
        },
        {
            "index": "6",
            "id": "00126504",
            "name": "平島(鎌倉市)",
            "lat": "35.361004",
            "lng": "139.544139"
        },
        {
            "index": "7",
            "id": "00126505",
            "name": "鎌倉女子大前",
            "lat": "35.360268",
            "lng": "139.546633"
        },
        {
            "index": "8",
            "id": "00126506",
            "name": "公田",
            "lat": "35.361233",
            "lng": "139.550352"
        },
        {
            "index": "9",
            "id": "00126609",
            "name": "栄警察署前",
            "lat": "35.362583",
            "lng": "139.553207"
        },
        {
            "index": "10",
            "id": "00126507",
            "name": "天神橋(横浜市栄区)",
            "lat": "35.363475",
            "lng": "139.555167"
        },
        {
            "index": "11",
            "id": "00126508",
            "name": "南河内(横浜市栄区)",
            "lat": "35.363666",
            "lng": "139.557813"
        },
        {
            "index": "12",
            "id": "00126509",
            "name": "本郷小学校前",
            "lat": "35.362922",
            "lng": "139.560436"
        },
        {
            "index": "13",
            "id": "00126538",
            "name": "北桂台",
            "lat": "35.357958",
            "lng": "139.56392"
        },
        {
            "index": "14",
            "id": "00126537",
            "name": "桂台中央",
            "lat": "35.354152",
            "lng": "139.563821"
        },
        {
            "index": "15",
            "id": "00126536",
            "name": "桂山公園",
            "lat": "35.352906",
            "lng": "139.566764"
        },
        {
            "index": "16",
            "id": "00126535",
            "name": "矢沢(横浜市栄区)",
            "lat": "35.352856",
            "lng": "139.569232"
        },
        {
            "index": "17",
            "id": "00126534",
            "name": "犬山",
            "lat": "35.353094",
            "lng": "139.572799"
        },
        {
            "index": "18",
            "id": "00126533",
            "name": "犬山南",
            "lat": "35.353711",
            "lng": "139.57535"
        },
        {
            "index": "19",
            "id": "00126532",
            "name": "上之中央",
            "lat": "35.356158",
            "lng": "139.575083"
        },
        {
            "index": "20",
            "id": "00126531",
            "name": "上之",
            "lat": "35.358587",
            "lng": "139.577345"
        }
    ],
    "route_url": "https://www.kanachu.co.jp/dia/route/index/cid:0000800037/"
}
