{
    "date": "2018/03/17",
    "name": "若竹町(横浜市栄区)",
    "position": "-",
    "system": "港31",
    "destinations": [
        "元大橋",
        "中野町",
        "稲荷森",
        "山手学院入口",
        "尾月",
        "上郷小学校前",
        "花篭公園前",
        "桂台中央"
    ],
    "weekday": [
        "7:15",
        "8:03"
    ],
    "saturday": [],
    "holiday": [],
    "url": "https://www.kanachu.co.jp/dia/diagram/timetable01_js/course:0000800031-5/node:00126547/kt:0/lname:/"
}
