{
    "date": "2020/11/16",
    "name": "岡田一本杉(新道/厚木市)",
    "position": "-",
    "system": "厚10",
    "destinations": [
        "岡田(新道/厚木市)",
        "岡田電話局前",
        "厚木アクスト"
    ],
    "weekday": [
        "10:33",
        "11:13",
        "11:53",
        "12:33",
        "13:13",
        "13:53",
        "14:33",
        "15:13",
        "15:53",
        "16:33",
        "17:33"
    ],
    "saturday": [
        "7:13",
        "7:53",
        "8:33",
        "9:13",
        "9:53",
        "10:33",
        "11:13",
        "11:53",
        "12:33",
        "13:13",
        "13:53",
        "14:33",
        "15:13",
        "15:53",
        "16:33",
        "17:13",
        "17:53",
        "18:33",
        "19:13",
        "19:53"
    ],
    "holiday": [
        "7:13",
        "7:53",
        "8:33",
        "9:13",
        "9:53",
        "10:33",
        "11:13",
        "11:53",
        "12:33",
        "13:13",
        "13:53",
        "14:33",
        "15:13",
        "15:53",
        "16:33",
        "17:13",
        "17:53",
        "18:33",
        "19:13",
        "19:53"
    ],
    "url": "https://www.kanachu.co.jp/dia/diagram/timetable01_js/course:0000801627-2/node:00128634/kt:0/lname:/"
}
