{
    "date": "2020/11/16",
    "name": "岡田(新道/厚木市)",
    "position": "-",
    "system": "厚105",
    "destinations": [
        "岡田電話局前",
        "厚木アクスト"
    ],
    "weekday": [
        "10:34",
        "11:14",
        "11:54",
        "12:34",
        "13:14",
        "13:54",
        "14:34",
        "15:14",
        "15:54",
        "16:34",
        "17:34"
    ],
    "saturday": [
        "7:14",
        "7:54",
        "8:34",
        "9:14",
        "9:54",
        "10:34",
        "11:14",
        "11:54",
        "12:34",
        "13:14",
        "13:54",
        "14:34",
        "15:14",
        "15:54",
        "16:34",
        "17:14",
        "17:54",
        "18:34",
        "19:14",
        "19:54"
    ],
    "holiday": [
        "7:13",
        "7:53",
        "8:33",
        "9:13",
        "9:53",
        "10:33",
        "11:13",
        "11:53",
        "12:33",
        "13:13",
        "13:53",
        "14:33",
        "15:13",
        "15:53",
        "16:33",
        "17:13",
        "17:53",
        "18:33",
        "19:13",
        "19:53"
    ],
    "url": "https://www.kanachu.co.jp/dia/diagram/timetable01_js/course:0000801627-3/node:00128633/kt:0/lname:/"
}
