{
    "date": "2024/09/02",
    "name": "向原(横浜市瀬谷区)",
    "position": "-",
    "system": "境11",
    "destinations": [
        "原中学校前",
        "三ツ境小学校前",
        "旭ヶ丘(横浜市瀬谷区)",
        "住宅前(横浜市瀬谷区)",
        "富士見台(横浜市瀬谷区)",
        "富士見通り商店街",
        "三ツ境駅"
    ],
    "weekday": [
        "5:46",
        "5:59",
        "6:09",
        "6:25",
        "6:33",
        "6:48",
        "6:55",
        "7:02",
        "7:16",
        "7:23",
        "7:30",
        "7:42",
        "7:48",
        "7:54",
        "8:00",
        "8:07",
        "8:22",
        "8:32",
        "8:55",
        "9:11",
        "9:43",
        "10:13",
        "10:28",
        "10:58",
        "11:28",
        "11:43",
        "12:13",
        "12:43",
        "12:58",
        "13:28",
        "13:58",
        "14:13",
        "14:43",
        "15:13",
        "15:28",
        "15:58",
        "16:28",
        "16:43",
        "17:13",
        "17:43",
        "18:14",
        "18:24",
        "18:44",
        "18:54",
        "19:19",
        "19:49",
        "20:34",
        "20:59",
        "21:29",
        "21:57",
        "22:42"
    ],
    "saturday": [
        "5:49",
        "6:23",
        "7:13",
        "7:43",
        "8:13",
        "8:28",
        "8:58",
        "9:28",
        "9:43",
        "10:13",
        "10:43",
        "10:58",
        "11:28",
        "11:58",
        "12:13",
        "12:43",
        "13:13",
        "13:28",
        "13:58",
        "14:28",
        "14:43",
        "15:13",
        "15:43",
        "15:58",
        "16:28",
        "16:58",
        "17:13",
        "17:43",
        "18:13",
        "18:28",
        "18:58",
        "19:28",
        "19:43",
        "20:13",
        "20:53",
        "21:38"
    ],
    "holiday": [
        "5:49",
        "6:23",
        "7:13",
        "7:43",
        "8:13",
        "8:28",
        "8:58",
        "9:28",
        "9:43",
        "10:13",
        "10:43",
        "10:58",
        "11:28",
        "11:58",
        "12:13",
        "12:43",
        "13:13",
        "13:28",
        "13:58",
        "14:28",
        "14:43",
        "15:13",
        "15:43",
        "15:58",
        "16:28",
        "16:58",
        "17:13",
        "17:43",
        "18:13",
        "18:28",
        "18:58",
        "19:28",
        "19:43",
        "20:13",
        "20:53",
        "21:38"
    ],
    "url": "https://www.kanachu.co.jp/dia/diagram/timetable01_js/course:0000801455-5/node:00126947/kt:0/lname:/"
}
