{
    "date": "2025/04/01",
    "name": "栗谷前",
    "position": "-",
    "system": "磯01",
    "destinations": [
        "桜美園前",
        "富士見平",
        "西久保(中郡大磯町)",
        "西久保福祉館前",
        "黒岩公民館前",
        "黒岩台",
        "黒岩公民館前",
        "西久保福祉館前",
        "西久保(中郡大磯町)",
        "黒岩入口",
        "上舟窪",
        "舟窪",
        "公民館前(中郡大磯町)",
        "天神下(中郡大磯町)",
        "虫窪",
        "ぼったり",
        "下田(中郡大磯町)",
        "素心学院前",
        "国府中学西口",
        "湘南大磯住宅入口",
        "湘南大磯病院",
        "月京",
        "馬場公園",
        "馬場(中郡大磯町)",
        "城の下",
        "大磯運動公園前",
        "大町(中郡大磯町)",
        "白岩神社西",
        "白岩神社東",
        "統監道",
        "大磯小学校前",
        "大磯駅"
    ],
    "weekday": [
        "12:59"
    ],
    "saturday": [],
    "holiday": [],
    "url": "https://www.kanachu.co.jp/dia/diagram/timetable01_js/course:0000801827-4/node:00127528/kt:0/lname:/"
}
