{
    "date": "2025/03/15",
    "name": "南原(藤沢市)",
    "position": "-",
    "system": "湘12",
    "destinations": [
        "湘南ライフタウン"
    ],
    "weekday": [
        "8:20",
        "9:19",
        "10:39",
        "11:59",
        "13:21",
        "14:39",
        "15:59",
        "17:22",
        "18:40",
        "20:07"
    ],
    "saturday": [
        "8:21",
        "9:39",
        "10:59",
        "12:21",
        "13:39",
        "14:59",
        "16:19",
        "17:39",
        "19:07"
    ],
    "holiday": [
        "8:21",
        "9:39",
        "10:59",
        "12:21",
        "13:39",
        "14:59",
        "16:19",
        "17:39",
        "19:07"
    ],
    "url": "https://www.kanachu.co.jp/dia/diagram/timetable01_js/course:0000802919-12/node:00129949/kt:0/lname:/"
}
