{
    "date": "2025/11/16",
    "name": "香川駅入口",
    "position": "-",
    "system": "茅25",
    "destinations": [
        "大曲橋",
        "変電所前(茅ケ崎市)",
        "西久保(茅ケ崎市)",
        "円蔵",
        "矢畑",
        "肥地力",
        "保健所前(茅ケ崎市)",
        "ジャスコ前(茅ケ崎市)",
        "市民文化会館前(茅ケ崎市)",
        "茅ヶ崎駅"
    ],
    "weekday": [
        "6:04",
        "6:19",
        "6:34",
        "6:48",
        "7:02",
        "7:16",
        "7:30",
        "7:44",
        "8:04",
        "8:29",
        "11:49",
        "13:24",
        "14:19",
        "14:49",
        "15:44",
        "16:09",
        "16:44",
        "17:14",
        "18:04",
        "18:49",
        "19:14",
        "19:44",
        "20:19",
        "20:59",
        "21:41"
    ],
    "saturday": [
        "6:34",
        "7:39",
        "8:09",
        "8:46",
        "9:14",
        "9:44",
        "10:14",
        "10:44",
        "11:14",
        "12:14",
        "12:44",
        "13:14",
        "14:14",
        "14:44",
        "15:14",
        "16:04",
        "16:34",
        "17:04",
        "18:09",
        "18:39",
        "19:09",
        "19:39",
        "20:09",
        "20:39",
        "21:19"
    ],
    "holiday": [
        "6:34",
        "7:39",
        "8:09",
        "8:46",
        "9:14",
        "9:44",
        "10:14",
        "10:44",
        "11:14",
        "12:14",
        "12:44",
        "13:14",
        "14:14",
        "14:44",
        "15:14",
        "16:04",
        "16:34",
        "17:04",
        "18:09",
        "18:44",
        "19:22",
        "20:22",
        "21:19"
    ],
    "url": "https://www.kanachu.co.jp/dia/diagram/timetable01_js/course:0000800049-5/node:00127165/kt:0/lname:/"
}
