{
    "date": "2025/11/16",
    "name": "円蔵",
    "position": "-",
    "system": "茅25",
    "destinations": [
        "矢畑",
        "肥地力",
        "保健所前(茅ケ崎市)",
        "ジャスコ前(茅ケ崎市)",
        "市民文化会館前(茅ケ崎市)",
        "茅ヶ崎駅"
    ],
    "weekday": [
        "6:08",
        "6:23",
        "6:38",
        "6:52",
        "7:06",
        "7:20",
        "7:38",
        "7:52",
        "8:12",
        "8:37",
        "11:56",
        "13:31",
        "14:26",
        "14:56",
        "15:51",
        "16:16",
        "16:52",
        "17:22",
        "18:12",
        "18:57",
        "19:18",
        "19:48",
        "20:23",
        "21:03",
        "21:45"
    ],
    "saturday": [
        "6:38",
        "7:43",
        "8:13",
        "8:50",
        "9:18",
        "9:52",
        "10:22",
        "10:52",
        "11:21",
        "12:21",
        "12:51",
        "13:21",
        "14:21",
        "14:51",
        "15:22",
        "16:12",
        "16:42",
        "17:12",
        "18:17",
        "18:47",
        "19:13",
        "19:43",
        "20:13",
        "20:43",
        "21:23"
    ],
    "holiday": [
        "6:38",
        "7:43",
        "8:13",
        "8:50",
        "9:18",
        "9:52",
        "10:22",
        "10:52",
        "11:22",
        "12:22",
        "12:52",
        "13:21",
        "14:21",
        "14:51",
        "15:21",
        "16:11",
        "16:42",
        "17:12",
        "18:17",
        "18:52",
        "19:26",
        "20:26",
        "21:23"
    ],
    "url": "https://www.kanachu.co.jp/dia/diagram/timetable01_js/course:0000800049-9/node:00127162/kt:0/lname:/"
}
