{
    "date": "2025/11/16",
    "name": "肥地力",
    "position": "-",
    "system": "茅25",
    "destinations": [
        "保健所前(茅ケ崎市)",
        "ジャスコ前(茅ケ崎市)",
        "市民文化会館前(茅ケ崎市)",
        "茅ヶ崎駅"
    ],
    "weekday": [
        "6:10",
        "6:25",
        "6:40",
        "6:54",
        "7:08",
        "7:22",
        "7:40",
        "7:54",
        "8:14",
        "8:39",
        "11:58",
        "13:33",
        "14:28",
        "14:58",
        "15:53",
        "16:18",
        "16:54",
        "17:24",
        "18:14",
        "18:59",
        "19:20",
        "19:50",
        "20:25",
        "21:05",
        "21:47"
    ],
    "saturday": [
        "6:40",
        "7:45",
        "8:15",
        "8:52",
        "9:20",
        "9:54",
        "10:24",
        "10:54",
        "11:23",
        "12:23",
        "12:53",
        "13:23",
        "14:23",
        "14:53",
        "15:24",
        "16:14",
        "16:44",
        "17:14",
        "18:19",
        "18:49",
        "19:15",
        "19:45",
        "20:15",
        "20:45",
        "21:25"
    ],
    "holiday": [
        "6:40",
        "7:45",
        "8:15",
        "8:52",
        "9:20",
        "9:54",
        "10:24",
        "10:54",
        "11:24",
        "12:24",
        "12:54",
        "13:23",
        "14:23",
        "14:53",
        "15:23",
        "16:13",
        "16:44",
        "17:14",
        "18:19",
        "18:54",
        "19:28",
        "20:28",
        "21:25"
    ],
    "url": "https://www.kanachu.co.jp/dia/diagram/timetable01_js/course:0000800049-11/node:00127160/kt:0/lname:/"
}
