{
    "date": "2025/11/16",
    "name": "市民文化会館前(茅ケ崎市)",
    "position": "-",
    "system": "茅25",
    "destinations": [
        "茅ヶ崎駅"
    ],
    "weekday": [
        "6:13",
        "6:28",
        "6:43",
        "6:57",
        "7:11",
        "7:25",
        "7:43",
        "7:57",
        "8:17",
        "8:42",
        "12:01",
        "13:36",
        "14:31",
        "15:01",
        "15:56",
        "16:21",
        "16:57",
        "17:27",
        "18:17",
        "19:02",
        "19:23",
        "19:53",
        "20:28",
        "21:08",
        "21:50"
    ],
    "saturday": [
        "6:43",
        "7:48",
        "8:18",
        "8:55",
        "9:23",
        "9:57",
        "10:27",
        "10:57",
        "11:26",
        "12:26",
        "12:56",
        "13:26",
        "14:26",
        "14:56",
        "15:27",
        "16:17",
        "16:47",
        "17:17",
        "18:22",
        "18:52",
        "19:18",
        "19:48",
        "20:18",
        "20:48",
        "21:28"
    ],
    "holiday": [
        "6:43",
        "7:48",
        "8:18",
        "8:55",
        "9:23",
        "9:57",
        "10:27",
        "10:57",
        "11:27",
        "12:27",
        "12:57",
        "13:26",
        "14:26",
        "14:56",
        "15:26",
        "16:16",
        "16:47",
        "17:17",
        "18:22",
        "18:57",
        "19:31",
        "20:31",
        "21:28"
    ],
    "url": "https://www.kanachu.co.jp/dia/diagram/timetable01_js/course:0000800049-14/node:00127171/kt:0/lname:/"
}
