{
    "date": "2025/11/16",
    "name": "伊勢原車庫",
    "position": "-",
    "system": "伊43",
    "destinations": [
        "鈴川会館前",
        "団地西(伊勢原市)",
        "団地南(伊勢原市)",
        "関台",
        "中央公民館前(伊勢原市)",
        "本町(伊勢原市)",
        "伊勢原駅北口"
    ],
    "weekday": [
        "5:35",
        "6:43",
        "7:43"
    ],
    "saturday": [
        "17:39",
        "19:09"
    ],
    "holiday": [
        "19:09"
    ],
    "url": "https://www.kanachu.co.jp/dia/diagram/timetable01_js/course:0000801524-1/node:00128141/kt:0/lname:/"
}
