{
    "date": "2025/11/16",
    "name": "団地南(伊勢原市)",
    "position": "-",
    "system": "伊43",
    "destinations": [
        "関台",
        "中央公民館前(伊勢原市)",
        "本町(伊勢原市)",
        "伊勢原駅北口"
    ],
    "weekday": [
        "5:37",
        "6:45",
        "7:45"
    ],
    "saturday": [
        "17:41",
        "19:11"
    ],
    "holiday": [
        "19:11"
    ],
    "url": "https://www.kanachu.co.jp/dia/diagram/timetable01_js/course:0000801524-4/node:00128138/kt:0/lname:/"
}
