{
    "date": "2025/01/14",
    "name": "柳町(厚木市)",
    "position": "-",
    "system": "厚43",
    "destinations": [
        "依胡田",
        "仲田(厚木市)",
        "船子",
        "農大入口",
        "赤羽根入口",
        "恩名下",
        "厚木市文化会館前",
        "中町四丁目(厚木市)",
        "本厚木駅",
        "厚木バスセンター"
    ],
    "weekday": [
        "6:04",
        "6:44",
        "7:24",
        "8:04",
        "8:49",
        "9:49",
        "10:49",
        "11:49",
        "12:49",
        "13:49",
        "14:49",
        "15:49",
        "16:49",
        "17:29",
        "18:09",
        "18:49",
        "19:29",
        "20:19"
    ],
    "saturday": [
        "6:58",
        "7:43",
        "8:43",
        "9:43",
        "10:43",
        "11:43",
        "12:43",
        "13:43",
        "14:43",
        "15:43",
        "16:43",
        "17:43",
        "18:43",
        "19:43"
    ],
    "holiday": [
        "6:58",
        "7:43",
        "8:43",
        "9:43",
        "10:43",
        "11:43",
        "12:43",
        "13:43",
        "14:43",
        "15:43",
        "16:43",
        "17:43",
        "18:43",
        "19:43"
    ],
    "url": "https://www.kanachu.co.jp/dia/diagram/timetable01_js/course:0000801494-16/node:00128508/kt:0/lname:/"
}
