{
    "date": "2026/01/16",
    "name": "瀬谷警察入口",
    "position": "-",
    "system": "境30",
    "destinations": [
        "中丸(横浜市瀬谷区)",
        "上橋(横浜市瀬谷区)",
        "相沢原",
        "相沢",
        "幼稚園前(横浜市瀬谷区)",
        "東台(横浜市瀬谷区)",
        "細谷戸第1",
        "細谷戸第2",
        "細谷戸第3",
        "細谷戸第4",
        "細谷戸第5"
    ],
    "weekday": [
        "11:31",
        "12:31",
        "13:36",
        "14:28",
        "15:26",
        "16:11"
    ],
    "saturday": [],
    "holiday": [],
    "url": "https://www.kanachu.co.jp/dia/diagram/timetable01_js/course:0000804109-2/node:00129663/kt:0/lname:/"
}
