{
    "date": "2025/09/18",
    "name": "橋本二丁目",
    "position": "-",
    "system": "橋58",
    "destinations": [
        "旭中学校(相模原市緑区)",
        "南町(相模原市緑区)",
        "塚場坂上",
        "宮の上(相模原市)",
        "あじさい通り中央",
        "日電寮前",
        "下九沢団地"
    ],
    "weekday": [
        "6:36",
        "7:07",
        "7:37",
        "8:07",
        "9:06",
        "10:06",
        "11:06",
        "12:06",
        "13:06",
        "14:06",
        "15:06",
        "16:06",
        "17:07",
        "18:07",
        "19:07",
        "20:06",
        "20:56"
    ],
    "saturday": [
        "8:01",
        "8:56",
        "9:56",
        "10:56",
        "11:56",
        "12:56",
        "13:56",
        "14:56",
        "15:56",
        "16:56",
        "17:56",
        "18:56",
        "19:56"
    ],
    "holiday": [
        "8:01",
        "8:56",
        "9:56",
        "10:56",
        "11:56",
        "12:56",
        "13:56",
        "14:56",
        "15:56",
        "16:56",
        "17:56",
        "18:56",
        "19:56"
    ],
    "url": "https://www.kanachu.co.jp/dia/diagram/timetable01_js/course:0000802399-2/node:00128971/kt:0/lname:/"
}
