{
    "date": "2025/09/18",
    "name": "旭中学校(相模原市緑区)",
    "position": "-",
    "system": "橋58",
    "destinations": [
        "南町(相模原市緑区)",
        "塚場坂上",
        "宮の上(相模原市)",
        "あじさい通り中央",
        "日電寮前",
        "下九沢団地"
    ],
    "weekday": [
        "6:39",
        "7:10",
        "7:40",
        "8:10",
        "9:09",
        "10:09",
        "11:09",
        "12:09",
        "13:09",
        "14:09",
        "15:09",
        "16:09",
        "17:10",
        "18:10",
        "19:10",
        "20:09",
        "20:59"
    ],
    "saturday": [
        "8:04",
        "8:59",
        "9:59",
        "10:59",
        "11:59",
        "12:59",
        "13:59",
        "14:59",
        "15:59",
        "16:59",
        "17:59",
        "18:59",
        "19:59"
    ],
    "holiday": [
        "8:04",
        "8:59",
        "9:59",
        "10:59",
        "11:59",
        "12:59",
        "13:59",
        "14:59",
        "15:59",
        "16:59",
        "17:59",
        "18:59",
        "19:59"
    ],
    "url": "https://www.kanachu.co.jp/dia/diagram/timetable01_js/course:0000802399-3/node:00129066/kt:0/lname:/"
}
