{
    "date": "2025/09/18",
    "name": "宮の上(相模原市)",
    "position": "-",
    "system": "橋58",
    "destinations": [
        "あじさい通り中央",
        "日電寮前",
        "下九沢団地"
    ],
    "weekday": [
        "6:43",
        "7:14",
        "7:44",
        "8:14",
        "9:13",
        "10:13",
        "11:13",
        "12:13",
        "13:13",
        "14:13",
        "15:13",
        "16:13",
        "17:14",
        "18:14",
        "19:14",
        "20:13",
        "21:03"
    ],
    "saturday": [
        "8:08",
        "9:03",
        "10:03",
        "11:03",
        "12:03",
        "13:03",
        "14:03",
        "15:03",
        "16:03",
        "17:03",
        "18:03",
        "19:03",
        "20:03"
    ],
    "holiday": [
        "8:08",
        "9:03",
        "10:03",
        "11:03",
        "12:03",
        "13:03",
        "14:03",
        "15:03",
        "16:03",
        "17:03",
        "18:03",
        "19:03",
        "20:03"
    ],
    "url": "https://www.kanachu.co.jp/dia/diagram/timetable01_js/course:0000802399-6/node:00130362/kt:0/lname:/"
}
