{
    "date": "2025/01/14",
    "name": "金田下宿",
    "position": "-",
    "system": "厚59",
    "destinations": [
        "金田(厚木市)",
        "金田神社前",
        "下依知入口",
        "追分(厚木市)",
        "蓮生寺(厚木市)",
        "関口(厚木市)",
        "依知小学校前",
        "中平(厚木市)",
        "中荻原",
        "六本松(厚木市)",
        "坂本入口",
        "桜台(愛甲郡愛川町)",
        "運輸支局入口(愛甲郡愛川町)",
        "一本松(愛甲郡愛川町)",
        "局前(愛甲郡愛川町)",
        "中津(愛甲郡愛川町)",
        "東中学校前(愛甲郡愛川町)",
        "箕輪(愛甲郡愛川町)",
        "愛川町役場",
        "箕輪辻",
        "愛川高校前",
        "高峰小学校前",
        "愛川ハイテク団地入口",
        "三増下宿",
        "三増",
        "中央養鶏前",
        "中原(愛甲郡愛川町)",
        "上志田(愛甲郡愛川町)",
        "上野原(愛甲郡愛川町)",
        "中学校前(愛甲郡愛川町)",
        "田代坂上",
        "馬渡(愛甲郡愛川町)",
        "深沢尻",
        "愛川橋",
        "原下(愛甲郡愛川町)",
        "学校入口(愛甲郡愛川町)",
        "撚糸組合前",
        "半原"
    ],
    "weekday": [
        "18:13",
        "19:17"
    ],
    "saturday": [],
    "holiday": [],
    "url": "https://www.kanachu.co.jp/dia/diagram/timetable01_js/course:0000801554-6/node:00128346/kt:0/lname:/"
}
