{
    "date": "2025/01/14",
    "name": "中央養鶏前",
    "position": "-",
    "system": "厚59",
    "destinations": [
        "中原(愛甲郡愛川町)",
        "上志田(愛甲郡愛川町)",
        "上野原(愛甲郡愛川町)",
        "中学校前(愛甲郡愛川町)",
        "田代坂上",
        "馬渡(愛甲郡愛川町)",
        "深沢尻",
        "愛川橋",
        "原下(愛甲郡愛川町)",
        "学校入口(愛甲郡愛川町)",
        "撚糸組合前",
        "半原"
    ],
    "weekday": [
        "18:44",
        "19:45"
    ],
    "saturday": [],
    "holiday": [],
    "url": "https://www.kanachu.co.jp/dia/diagram/timetable01_js/course:0000801554-32/node:00128335/kt:0/lname:/"
}
