{
    "date": "2025/03/15",
    "name": "茅ヶ崎駅",
    "position": "-",
    "system": "茅50",
    "destinations": [
        "中央公園前(茅ケ崎市)",
        "前の田",
        "神奈中営業所前",
        "ニュータウン入口(茅ケ崎市)",
        "鶴が台入口",
        "高田(茅ケ崎市)",
        "甘沼",
        "八幡神社前(茅ケ崎市)",
        "殿山公園前",
        "南長谷戸",
        "長谷戸",
        "堤坂下",
        "小出二本松",
        "小出小学校前",
        "芹沢入口",
        "文教大学"
    ],
    "weekday": [
        "7:10",
        "7:47",
        "8:10",
        "8:20",
        "8:27",
        "8:35",
        "8:50",
        "9:15",
        "9:30",
        "9:50",
        "10:00",
        "10:08",
        "10:15",
        "10:30",
        "10:50",
        "11:25",
        "11:48",
        "12:20",
        "12:30",
        "12:45",
        "13:20",
        "13:45",
        "14:20",
        "14:45",
        "15:45",
        "16:42",
        "17:42",
        "18:42",
        "19:35",
        "20:30",
        "20:50"
    ],
    "saturday": [
        "7:30",
        "8:05",
        "8:25",
        "8:45",
        "9:20",
        "9:45",
        "10:00",
        "10:15",
        "10:40",
        "10:55",
        "11:25",
        "11:50",
        "12:25",
        "13:25",
        "14:25",
        "15:25",
        "16:25",
        "17:30",
        "18:25",
        "19:25"
    ],
    "holiday": [
        "7:30",
        "8:25",
        "9:25",
        "10:25",
        "11:25",
        "12:25",
        "13:25",
        "14:25",
        "15:25",
        "16:25",
        "17:25",
        "18:25",
        "19:25"
    ],
    "url": "https://www.kanachu.co.jp/dia/diagram/timetable01_js/course:0000801050-1/node:00127126/kt:0/lname:/"
}
