{
    "date": "2025/11/16",
    "name": "追分(平塚市)",
    "position": "-",
    "system": "平91",
    "destinations": [
        "共済病院前総合公園西",
        "中原下宿",
        "中原御殿",
        "中原上宿",
        "大縄橋",
        "豊田本郷駅",
        "東橋(平塚市)",
        "矢崎(平塚市)",
        "大句",
        "城所入口",
        "矢羽根",
        "馬渡(伊勢原市)",
        "下大竹",
        "伊勢原中学校前",
        "伊勢原駅南口"
    ],
    "weekday": [
        "6:12",
        "6:24",
        "7:42",
        "8:26",
        "9:00"
    ],
    "saturday": [
        "6:31"
    ],
    "holiday": [
        "6:31"
    ],
    "url": "https://www.kanachu.co.jp/dia/diagram/timetable01_js/course:0000801119-6/node:00127556/kt:0/lname:/"
}
