{
    "date": "2021/02/22",
    "name": "通信研究所前(厚木市)",
    "position": "-",
    "system": "愛18",
    "destinations": [
        "若宮橋(厚木市)",
        "榎田",
        "小野橋(厚木市)",
        "小野宮前",
        "広町橋",
        "籠堰橋",
        "聖木",
        "愛甲郵便局前",
        "上愛甲",
        "愛甲橋",
        "堂山",
        "宮前(厚木市)",
        "愛甲石田駅"
    ],
    "weekday": [
        "10:15",
        "10:45",
        "11:15",
        "11:30",
        "11:35",
        "11:55",
        "12:25",
        "12:35",
        "13:15",
        "13:50",
        "14:40",
        "15:35",
        "15:45",
        "16:30",
        "16:35",
        "16:40",
        "16:50",
        "17:10",
        "17:30",
        "17:40",
        "17:50",
        "18:10",
        "18:15",
        "18:35"
    ],
    "saturday": [
        "8:03",
        "8:23",
        "9:03",
        "9:18",
        "10:03",
        "11:03",
        "12:03",
        "13:03",
        "14:03",
        "15:03",
        "16:03",
        "17:03",
        "18:03",
        "19:03"
    ],
    "holiday": [
        "9:03",
        "10:03",
        "11:03",
        "12:03",
        "13:03",
        "14:03",
        "15:03",
        "16:03",
        "17:03",
        "18:03"
    ],
    "url": "https://www.kanachu.co.jp/dia/diagram/timetable01_js/course:0000801457-2/node:00128518/kt:0/lname:/"
}
