{
    "date": "2021/02/22",
    "name": "広町橋",
    "position": "-",
    "system": "愛18",
    "destinations": [
        "籠堰橋",
        "聖木",
        "愛甲郵便局前",
        "上愛甲",
        "愛甲橋",
        "堂山",
        "宮前(厚木市)",
        "愛甲石田駅"
    ],
    "weekday": [
        "10:19",
        "10:49",
        "11:19",
        "11:34",
        "11:39",
        "11:59",
        "12:29",
        "12:39",
        "13:19",
        "13:54",
        "14:44",
        "15:39",
        "15:49",
        "16:34",
        "16:39",
        "16:44",
        "16:54",
        "17:14",
        "17:34",
        "17:44",
        "17:54",
        "18:14",
        "18:19",
        "18:39"
    ],
    "saturday": [
        "8:08",
        "8:28",
        "9:08",
        "9:23",
        "10:08",
        "11:08",
        "12:08",
        "13:08",
        "14:08",
        "15:08",
        "16:08",
        "17:08",
        "18:08",
        "19:06"
    ],
    "holiday": [
        "9:08",
        "10:08",
        "11:08",
        "12:08",
        "13:08",
        "14:08",
        "15:08",
        "16:08",
        "17:08",
        "18:08"
    ],
    "url": "https://www.kanachu.co.jp/dia/diagram/timetable01_js/course:0000801457-7/node:00128498/kt:0/lname:/"
}
