{
    "date": "2021/02/22",
    "name": "堂山",
    "position": "-",
    "system": "愛18",
    "destinations": [
        "宮前(厚木市)",
        "愛甲石田駅"
    ],
    "weekday": [
        "10:25",
        "10:55",
        "11:25",
        "11:40",
        "11:45",
        "12:05",
        "12:35",
        "12:45",
        "13:25",
        "14:00",
        "14:50",
        "15:45",
        "15:55",
        "16:41",
        "16:46",
        "16:51",
        "17:01",
        "17:21",
        "17:41",
        "17:51",
        "18:01",
        "18:21",
        "18:26",
        "18:46"
    ],
    "saturday": [
        "8:14",
        "8:34",
        "9:14",
        "9:29",
        "10:14",
        "11:14",
        "12:14",
        "13:14",
        "14:14",
        "15:14",
        "16:14",
        "17:14",
        "18:14",
        "19:12"
    ],
    "holiday": [
        "9:14",
        "10:14",
        "11:14",
        "12:14",
        "13:14",
        "14:14",
        "15:14",
        "16:14",
        "17:14",
        "18:14"
    ],
    "url": "https://www.kanachu.co.jp/dia/diagram/timetable01_js/course:0000801457-13/node:00128529/kt:0/lname:/"
}
