{
    "date": "2024/03/16",
    "name": "横浜女子短期大学前",
    "position": "-",
    "system": "港37",
    "destinations": [
        "港南台西公園",
        "元大橋公園前",
        "若竹町(横浜市栄区)",
        "元大橋",
        "中野町",
        "稲荷森",
        "山手学院入口",
        "本郷車庫前(横浜市栄区)",
        "紅葉橋(横浜市栄区)",
        "光明寺(横浜市栄区)",
        "庄戸(横浜市栄区)",
        "庄戸入口",
        "八軒谷戸",
        "西ヶ谷入口",
        "西ヶ谷",
        "上郷ネオポリス"
    ],
    "weekday": [
        "20:40",
        "21:02",
        "21:24",
        "21:46",
        "22:12",
        "22:42",
        "23:14"
    ],
    "saturday": [
        "20:15",
        "20:45",
        "21:15",
        "21:45",
        "22:14"
    ],
    "holiday": [
        "20:15",
        "20:45",
        "21:15",
        "21:45",
        "22:14"
    ],
    "url": "https://www.kanachu.co.jp/dia/diagram/timetable01_js/course:0000800760-2/node:00103234/kt:0/lname:/"
}
