{
    "date": "2024/03/16",
    "name": "港南台西公園",
    "position": "-",
    "system": "港37",
    "destinations": [
        "元大橋公園前",
        "若竹町(横浜市栄区)",
        "元大橋",
        "中野町",
        "稲荷森",
        "山手学院入口",
        "本郷車庫前(横浜市栄区)",
        "紅葉橋(横浜市栄区)",
        "光明寺(横浜市栄区)",
        "庄戸(横浜市栄区)",
        "庄戸入口",
        "八軒谷戸",
        "西ヶ谷入口",
        "西ヶ谷",
        "上郷ネオポリス"
    ],
    "weekday": [
        "20:41",
        "21:03",
        "21:25",
        "21:47",
        "22:13",
        "22:43",
        "23:15"
    ],
    "saturday": [
        "20:16",
        "20:46",
        "21:16",
        "21:46",
        "22:15"
    ],
    "holiday": [
        "20:16",
        "20:46",
        "21:16",
        "21:46",
        "22:15"
    ],
    "url": "https://www.kanachu.co.jp/dia/diagram/timetable01_js/course:0000800760-3/node:00126549/kt:0/lname:/"
}
