{
    "date": "2024/03/16",
    "name": "稲荷森",
    "position": "-",
    "system": "港37",
    "destinations": [
        "山手学院入口",
        "本郷車庫前(横浜市栄区)",
        "紅葉橋(横浜市栄区)",
        "光明寺(横浜市栄区)",
        "庄戸(横浜市栄区)",
        "庄戸入口",
        "八軒谷戸",
        "西ヶ谷入口",
        "西ヶ谷",
        "上郷ネオポリス"
    ],
    "weekday": [
        "20:46",
        "21:08",
        "21:30",
        "21:52",
        "22:18",
        "22:48",
        "23:20"
    ],
    "saturday": [
        "20:21",
        "20:51",
        "21:21",
        "21:51",
        "22:20"
    ],
    "holiday": [
        "20:21",
        "20:51",
        "21:21",
        "21:51",
        "22:20"
    ],
    "url": "https://www.kanachu.co.jp/dia/diagram/timetable01_js/course:0000800760-8/node:00126512/kt:0/lname:/"
}
