{
    "date": "2024/03/16",
    "name": "庄戸(横浜市栄区)",
    "position": "-",
    "system": "港37",
    "destinations": [
        "庄戸入口",
        "八軒谷戸",
        "西ヶ谷入口",
        "西ヶ谷",
        "上郷ネオポリス"
    ],
    "weekday": [
        "20:52",
        "21:14",
        "21:36",
        "21:58",
        "22:24",
        "22:54",
        "23:26"
    ],
    "saturday": [
        "20:28",
        "20:58",
        "21:28",
        "21:58",
        "22:27"
    ],
    "holiday": [
        "20:28",
        "20:58",
        "21:28",
        "21:58",
        "22:27"
    ],
    "url": "https://www.kanachu.co.jp/dia/diagram/timetable01_js/course:0000800760-13/node:00126527/kt:0/lname:/"
}
