{
    "date": "2025/07/27",
    "name": "桜橋(秦野市)",
    "position": "-",
    "system": "秦11",
    "destinations": [
        "本町中学校前",
        "富士見町入口",
        "富士見橋・警察署入口",
        "浄屋入口",
        "カルチャーパーク前",
        "高砂車庫前"
    ],
    "weekday": [
        "7:13",
        "7:23",
        "7:33",
        "7:43",
        "7:53",
        "8:03",
        "8:23",
        "9:25",
        "9:55",
        "10:25",
        "10:40",
        "11:25",
        "11:40",
        "11:55",
        "12:25",
        "12:40",
        "12:55",
        "13:25",
        "13:40",
        "13:55",
        "14:25",
        "14:40",
        "15:30",
        "16:26",
        "16:56",
        "17:26",
        "17:56",
        "18:26",
        "18:41",
        "18:56",
        "19:25",
        "19:40",
        "19:55",
        "20:15",
        "20:35",
        "20:55",
        "21:15",
        "21:50",
        "22:17",
        "22:47"
    ],
    "saturday": [
        "7:12",
        "7:40",
        "7:55",
        "8:25",
        "8:40",
        "8:55",
        "9:10",
        "9:30",
        "9:50",
        "10:10",
        "10:30",
        "10:50",
        "11:05",
        "11:25",
        "11:45",
        "12:05",
        "12:25",
        "12:45",
        "13:05",
        "13:25",
        "13:45",
        "14:05",
        "14:25",
        "14:45",
        "15:05",
        "15:25",
        "15:45",
        "16:05",
        "16:25",
        "16:45",
        "17:05",
        "17:32",
        "17:48",
        "18:07",
        "18:22",
        "18:37",
        "18:52",
        "19:07",
        "19:27",
        "19:47",
        "20:12",
        "20:47",
        "21:12",
        "21:42",
        "22:27"
    ],
    "holiday": [
        "7:12",
        "7:40",
        "7:55",
        "8:25",
        "8:40",
        "8:55",
        "9:10",
        "9:30",
        "9:50",
        "10:10",
        "10:30",
        "10:50",
        "11:05",
        "11:25",
        "11:45",
        "12:05",
        "12:25",
        "12:45",
        "13:05",
        "13:25",
        "13:45",
        "14:05",
        "14:25",
        "14:45",
        "15:05",
        "15:25",
        "15:45",
        "16:05",
        "16:25",
        "16:45",
        "17:05",
        "17:32",
        "17:48",
        "18:07",
        "18:22",
        "18:37",
        "18:52",
        "19:07",
        "19:27",
        "19:47",
        "20:12",
        "20:47",
        "21:12",
        "21:42",
        "22:27"
    ],
    "url": "https://www.kanachu.co.jp/dia/diagram/timetable01_js/course:0000802939-4/node:00127912/kt:0/lname:/"
}
