{
    "date": "2025/11/16",
    "name": "若葉台中央(横浜市旭区)",
    "position": "-",
    "system": "",
    "destinations": [
        "若葉台車庫前",
        "霧が丘高校前",
        "若葉台中学校前",
        "若葉台近隣公園前",
        "若葉台南",
        "大貫橋",
        "亀甲山",
        "原分",
        "東根",
        "川井橋",
        "程ヶ谷カントリークラブ前",
        "矢指町入口",
        "西部病院前",
        "水道企業団前(横浜市旭区)",
        "つゆきの森",
        "三ツ境駅北口"
    ],
    "weekday": [
        "5:58",
        "6:20",
        "6:30",
        "6:42",
        "6:52",
        "6:56",
        "7:04",
        "7:08",
        "7:12",
        "7:16",
        "7:20",
        "7:24",
        "7:28",
        "7:38",
        "7:44",
        "7:52",
        "7:59",
        "8:08",
        "8:14",
        "8:26",
        "8:32",
        "8:38",
        "8:45",
        "8:52",
        "9:07",
        "9:17",
        "9:27",
        "9:37",
        "9:47",
        "10:07",
        "10:17",
        "10:27",
        "10:37",
        "10:47",
        "11:07",
        "11:17",
        "11:27",
        "11:37",
        "11:47",
        "12:07",
        "12:17",
        "12:30",
        "12:43",
        "13:07",
        "13:17",
        "13:30",
        "13:43",
        "14:07",
        "14:17",
        "14:27",
        "14:37",
        "14:47",
        "15:05",
        "15:14",
        "15:22",
        "15:31",
        "15:39",
        "15:47",
        "16:04",
        "16:11",
        "16:19",
        "16:26",
        "16:34",
        "16:40",
        "16:48",
        "17:04",
        "17:11",
        "17:19",
        "17:26",
        "17:34",
        "17:41",
        "17:51",
        "18:05",
        "18:14",
        "18:22",
        "18:31",
        "18:44",
        "19:12",
        "19:27",
        "19:42",
        "20:12",
        "20:37",
        "21:02",
        "21:20",
        "21:33"
    ],
    "saturday": [
        "6:10",
        "6:25",
        "6:54",
        "7:13",
        "7:24",
        "7:33",
        "7:43",
        "7:53",
        "8:15",
        "8:27",
        "8:48",
        "9:15",
        "9:27",
        "9:48",
        "10:15",
        "10:27",
        "10:48",
        "11:15",
        "11:27",
        "11:48",
        "12:15",
        "12:27",
        "12:48",
        "13:15",
        "13:27",
        "13:48",
        "14:15",
        "14:27",
        "14:48",
        "15:15",
        "15:27",
        "15:48",
        "16:15",
        "16:27",
        "16:48",
        "17:15",
        "17:27",
        "17:48",
        "18:18",
        "18:33",
        "18:47",
        "19:18",
        "19:42",
        "20:23",
        "21:13",
        "21:33"
    ],
    "holiday": [
        "6:10",
        "6:40",
        "7:15",
        "7:27",
        "7:48",
        "8:15",
        "8:27",
        "8:48",
        "9:15",
        "9:27",
        "9:48",
        "10:15",
        "10:27",
        "10:48",
        "11:15",
        "11:27",
        "11:48",
        "12:15",
        "12:27",
        "12:48",
        "13:15",
        "13:27",
        "13:48",
        "14:15",
        "14:27",
        "14:48",
        "15:15",
        "15:27",
        "15:48",
        "16:15",
        "16:27",
        "16:48",
        "17:15",
        "17:27",
        "17:48",
        "18:17",
        "18:33",
        "18:48",
        "19:12",
        "19:27",
        "19:42",
        "20:37",
        "20:52"
    ],
    "url": "https://www.kanachu.co.jp/dia/diagram/timetable01_js/course:0000802239-1/node:00019296/kt:0/lname:/"
}
