{
    "date": "2025/11/16",
    "name": "若葉台車庫前",
    "position": "-",
    "system": "",
    "destinations": [
        "霧が丘高校前",
        "若葉台中学校前",
        "若葉台近隣公園前",
        "若葉台南",
        "大貫橋",
        "亀甲山",
        "原分",
        "東根",
        "川井橋",
        "程ヶ谷カントリークラブ前",
        "矢指町入口",
        "西部病院前",
        "水道企業団前(横浜市旭区)",
        "つゆきの森",
        "三ツ境駅北口"
    ],
    "weekday": [
        "5:59",
        "6:21",
        "6:31",
        "6:43",
        "6:53",
        "6:57",
        "7:05",
        "7:09",
        "7:13",
        "7:17",
        "7:21",
        "7:25",
        "7:29",
        "7:39",
        "7:45",
        "7:53",
        "8:00",
        "8:09",
        "8:15",
        "8:27",
        "8:33",
        "8:39",
        "8:46",
        "8:53",
        "9:08",
        "9:18",
        "9:28",
        "9:38",
        "9:48",
        "10:08",
        "10:18",
        "10:28",
        "10:38",
        "10:48",
        "11:08",
        "11:18",
        "11:28",
        "11:38",
        "11:48",
        "12:08",
        "12:18",
        "12:31",
        "12:44",
        "13:08",
        "13:18",
        "13:31",
        "13:44",
        "14:08",
        "14:18",
        "14:28",
        "14:38",
        "14:48",
        "15:06",
        "15:15",
        "15:23",
        "15:32",
        "15:40",
        "15:48",
        "16:05",
        "16:12",
        "16:20",
        "16:27",
        "16:35",
        "16:41",
        "16:49",
        "17:05",
        "17:12",
        "17:20",
        "17:27",
        "17:35",
        "17:42",
        "17:52",
        "18:06",
        "18:15",
        "18:23",
        "18:32",
        "18:45",
        "19:13",
        "19:28",
        "19:43",
        "20:13",
        "20:38",
        "21:03",
        "21:21",
        "21:34"
    ],
    "saturday": [
        "6:11",
        "6:26",
        "6:55",
        "7:14",
        "7:25",
        "7:34",
        "7:44",
        "7:54",
        "8:16",
        "8:28",
        "8:49",
        "9:16",
        "9:28",
        "9:49",
        "10:16",
        "10:28",
        "10:49",
        "11:16",
        "11:28",
        "11:49",
        "12:16",
        "12:28",
        "12:49",
        "13:16",
        "13:28",
        "13:49",
        "14:16",
        "14:28",
        "14:49",
        "15:16",
        "15:28",
        "15:49",
        "16:16",
        "16:28",
        "16:49",
        "17:16",
        "17:28",
        "17:49",
        "18:19",
        "18:34",
        "18:48",
        "19:19",
        "19:43",
        "20:24",
        "21:14",
        "21:34"
    ],
    "holiday": [
        "6:11",
        "6:41",
        "7:16",
        "7:28",
        "7:49",
        "8:16",
        "8:28",
        "8:49",
        "9:16",
        "9:28",
        "9:49",
        "10:16",
        "10:28",
        "10:49",
        "11:16",
        "11:28",
        "11:49",
        "12:16",
        "12:28",
        "12:49",
        "13:16",
        "13:28",
        "13:49",
        "14:16",
        "14:28",
        "14:49",
        "15:16",
        "15:28",
        "15:49",
        "16:16",
        "16:28",
        "16:49",
        "17:16",
        "17:28",
        "17:49",
        "18:18",
        "18:34",
        "18:49",
        "19:13",
        "19:28",
        "19:43",
        "20:38",
        "20:53"
    ],
    "url": "https://www.kanachu.co.jp/dia/diagram/timetable01_js/course:0000802239-2/node:00019297/kt:0/lname:/"
}
