{
    "date": "2025/11/16",
    "name": "つゆきの森",
    "position": "-",
    "system": "116",
    "destinations": [
        "三ツ境駅北口"
    ],
    "weekday": [
        "6:14",
        "6:36",
        "6:46",
        "6:58",
        "7:08",
        "7:12",
        "7:20",
        "7:24",
        "7:28",
        "7:32",
        "7:36",
        "7:40",
        "7:44",
        "7:54",
        "8:00",
        "8:08",
        "8:15",
        "8:24",
        "8:30",
        "8:42",
        "8:48",
        "8:54",
        "9:01",
        "9:08",
        "9:23",
        "9:33",
        "9:43",
        "9:53",
        "10:03",
        "10:23",
        "10:33",
        "10:43",
        "10:53",
        "11:03",
        "11:23",
        "11:33",
        "11:43",
        "11:53",
        "12:03",
        "12:23",
        "12:33",
        "12:46",
        "12:59",
        "13:23",
        "13:33",
        "13:46",
        "13:59",
        "14:23",
        "14:33",
        "14:43",
        "14:53",
        "15:03",
        "15:21",
        "15:30",
        "15:38",
        "15:47",
        "15:55",
        "16:03",
        "16:20",
        "16:27",
        "16:35",
        "16:42",
        "16:50",
        "16:56",
        "17:04",
        "17:20",
        "17:27",
        "17:35",
        "17:42",
        "17:50",
        "17:57",
        "18:07",
        "18:21",
        "18:30",
        "18:38",
        "18:47",
        "19:00",
        "19:28",
        "19:43",
        "19:58",
        "20:28",
        "20:53",
        "21:18",
        "21:36",
        "21:49"
    ],
    "saturday": [
        "6:26",
        "6:41",
        "7:10",
        "7:29",
        "7:40",
        "7:49",
        "7:59",
        "8:09",
        "8:31",
        "8:43",
        "9:04",
        "9:31",
        "9:43",
        "10:04",
        "10:31",
        "10:43",
        "11:04",
        "11:31",
        "11:43",
        "12:04",
        "12:31",
        "12:43",
        "13:04",
        "13:31",
        "13:43",
        "14:04",
        "14:31",
        "14:43",
        "15:04",
        "15:31",
        "15:43",
        "16:04",
        "16:31",
        "16:43",
        "17:04",
        "17:31",
        "17:43",
        "18:04",
        "18:34",
        "18:49",
        "19:03",
        "19:34",
        "19:58",
        "20:39",
        "21:29",
        "21:49"
    ],
    "holiday": [
        "6:26",
        "6:56",
        "7:31",
        "7:43",
        "8:04",
        "8:31",
        "8:43",
        "9:04",
        "9:31",
        "9:43",
        "10:04",
        "10:31",
        "10:43",
        "11:04",
        "11:31",
        "11:43",
        "12:04",
        "12:31",
        "12:43",
        "13:04",
        "13:31",
        "13:43",
        "14:04",
        "14:31",
        "14:43",
        "15:04",
        "15:31",
        "15:43",
        "16:04",
        "16:31",
        "16:43",
        "17:04",
        "17:31",
        "17:43",
        "18:04",
        "18:33",
        "18:49",
        "19:04",
        "19:28",
        "19:43",
        "19:58",
        "20:53",
        "21:08"
    ],
    "url": "https://www.kanachu.co.jp/dia/diagram/timetable01_js/course:0000802239-16/node:00129781/kt:0/lname:/"
}
