{
    "date": "2024/07/01",
    "name": "大船駅西口",
    "position": "-",
    "system": "船22",
    "destinations": [
        "坂本(鎌倉市)",
        "長尾台(横浜市栄区)",
        "宮ノ前(横浜市栄区)",
        "小蓋山",
        "田谷(横浜市栄区)",
        "常勝寺(横浜市栄区)",
        "青少年センター前(横浜市栄区)",
        "千秀小学校前",
        "神社前(横浜市栄区)",
        "小雀",
        "庚申塚(横浜市戸塚区)",
        "原宿四ツ角",
        "横浜医療センター前",
        "三叉路(横浜市戸塚区)",
        "横浜薬大南門",
        "俣野公園・横浜薬大前",
        "横浜薬大南門",
        "深谷(横浜市戸塚区)",
        "クラブ前(横浜市戸塚区)",
        "汲沢入口",
        "深谷小入口",
        "住宅前(横浜市泉区)",
        "通信隊前",
        "高砂苑前",
        "萩丸",
        "西原(横浜市泉区)",
        "立場ターミナル"
    ],
    "weekday": [
        "6:54",
        "7:35",
        "8:05",
        "8:19",
        "8:41",
        "8:59",
        "9:37",
        "9:55",
        "10:17",
        "10:47",
        "11:17",
        "11:47",
        "12:17",
        "12:47",
        "13:17",
        "13:47",
        "14:17",
        "14:47",
        "15:17",
        "15:47",
        "16:17",
        "16:47",
        "17:17",
        "17:57",
        "18:21",
        "18:45",
        "19:10",
        "19:35",
        "20:15",
        "20:55",
        "21:35",
        "22:10",
        "22:40",
        "23:05",
        "23:47"
    ],
    "saturday": [
        "7:20",
        "7:55",
        "8:25",
        "8:55",
        "9:25",
        "9:55",
        "10:25",
        "11:20",
        "12:20",
        "13:20",
        "14:20",
        "15:20",
        "16:20",
        "17:20",
        "18:20",
        "19:20",
        "20:30",
        "21:30",
        "22:30",
        "23:05"
    ],
    "holiday": [
        "7:20",
        "8:20",
        "9:20",
        "10:20",
        "11:20",
        "12:20",
        "13:20",
        "14:20",
        "15:20",
        "16:20",
        "17:20",
        "18:20",
        "19:20",
        "20:30",
        "21:30",
        "22:30",
        "23:05"
    ],
    "url": "https://www.kanachu.co.jp/dia/diagram/timetable01_js/course:0000803563-1/node:00126855/kt:0/lname:/"
}
