{
    "date": "2024/07/01",
    "name": "青少年センター前(横浜市栄区)",
    "position": "-",
    "system": "船22",
    "destinations": [
        "千秀小学校前",
        "神社前(横浜市栄区)",
        "小雀",
        "庚申塚(横浜市戸塚区)",
        "原宿四ツ角",
        "横浜医療センター前",
        "三叉路(横浜市戸塚区)",
        "横浜薬大南門",
        "俣野公園・横浜薬大前",
        "横浜薬大南門",
        "深谷(横浜市戸塚区)",
        "クラブ前(横浜市戸塚区)",
        "汲沢入口",
        "深谷小入口",
        "住宅前(横浜市泉区)",
        "通信隊前",
        "高砂苑前",
        "萩丸",
        "西原(横浜市泉区)",
        "立場ターミナル"
    ],
    "weekday": [
        "7:02",
        "7:43",
        "8:13",
        "8:27",
        "8:49",
        "9:07",
        "9:45",
        "10:03",
        "10:25",
        "10:55",
        "11:25",
        "11:55",
        "12:25",
        "12:55",
        "13:25",
        "13:55",
        "14:25",
        "14:55",
        "15:25",
        "15:55",
        "16:25",
        "16:55",
        "17:25",
        "18:05",
        "18:29",
        "18:53",
        "19:18",
        "19:43",
        "20:23",
        "21:03",
        "21:43",
        "22:18",
        "22:48",
        "23:13",
        "23:55"
    ],
    "saturday": [
        "7:28",
        "8:03",
        "8:33",
        "9:03",
        "9:33",
        "10:03",
        "10:33",
        "11:28",
        "12:28",
        "13:28",
        "14:28",
        "15:28",
        "16:28",
        "17:28",
        "18:28",
        "19:28",
        "20:38",
        "21:38",
        "22:38",
        "23:13"
    ],
    "holiday": [
        "7:28",
        "8:28",
        "9:28",
        "10:28",
        "11:28",
        "12:28",
        "13:28",
        "14:28",
        "15:28",
        "16:28",
        "17:28",
        "18:28",
        "19:28",
        "20:38",
        "21:38",
        "22:38",
        "23:13"
    ],
    "url": "https://www.kanachu.co.jp/dia/diagram/timetable01_js/course:0000803563-8/node:00126922/kt:0/lname:/"
}
