{
    "date": "2024/07/01",
    "name": "庚申塚(横浜市戸塚区)",
    "position": "-",
    "system": "船22",
    "destinations": [
        "原宿四ツ角",
        "横浜医療センター前",
        "三叉路(横浜市戸塚区)",
        "横浜薬大南門",
        "俣野公園・横浜薬大前",
        "横浜薬大南門",
        "深谷(横浜市戸塚区)",
        "クラブ前(横浜市戸塚区)",
        "汲沢入口",
        "深谷小入口",
        "住宅前(横浜市泉区)",
        "通信隊前",
        "高砂苑前",
        "萩丸",
        "西原(横浜市泉区)",
        "立場ターミナル"
    ],
    "weekday": [
        "7:06",
        "7:47",
        "8:17",
        "8:31",
        "8:53",
        "9:11",
        "9:49",
        "10:07",
        "10:29",
        "10:59",
        "11:29",
        "11:59",
        "12:29",
        "12:59",
        "13:29",
        "13:59",
        "14:29",
        "14:59",
        "15:29",
        "15:59",
        "16:29",
        "16:59",
        "17:29",
        "18:09",
        "18:33",
        "18:57",
        "19:22",
        "19:47",
        "20:27",
        "21:07",
        "21:47",
        "22:22",
        "22:52",
        "23:17",
        "23:59"
    ],
    "saturday": [
        "7:32",
        "8:07",
        "8:37",
        "9:07",
        "9:37",
        "10:07",
        "10:37",
        "11:32",
        "12:32",
        "13:32",
        "14:32",
        "15:32",
        "16:32",
        "17:32",
        "18:32",
        "19:32",
        "20:42",
        "21:42",
        "22:42",
        "23:17"
    ],
    "holiday": [
        "7:32",
        "8:32",
        "9:32",
        "10:32",
        "11:32",
        "12:32",
        "13:32",
        "14:32",
        "15:32",
        "16:32",
        "17:32",
        "18:32",
        "19:32",
        "20:42",
        "21:42",
        "22:42",
        "23:17"
    ],
    "url": "https://www.kanachu.co.jp/dia/diagram/timetable01_js/course:0000803563-12/node:00126926/kt:0/lname:/"
}
