{
    "date": "2024/07/01",
    "name": "横浜医療センター前",
    "position": "-",
    "system": "船22",
    "destinations": [
        "三叉路(横浜市戸塚区)",
        "横浜薬大南門",
        "俣野公園・横浜薬大前",
        "横浜薬大南門",
        "深谷(横浜市戸塚区)",
        "クラブ前(横浜市戸塚区)",
        "汲沢入口",
        "深谷小入口",
        "住宅前(横浜市泉区)",
        "通信隊前",
        "高砂苑前",
        "萩丸",
        "西原(横浜市泉区)",
        "立場ターミナル"
    ],
    "weekday": [
        "7:10",
        "7:51",
        "8:21",
        "8:35",
        "8:57",
        "9:15",
        "9:53",
        "10:11",
        "10:33",
        "11:03",
        "11:33",
        "12:03",
        "12:33",
        "13:03",
        "13:33",
        "14:03",
        "14:33",
        "15:03",
        "15:33",
        "16:03",
        "16:33",
        "17:03",
        "17:33",
        "18:13",
        "18:37",
        "19:01",
        "19:26",
        "19:51",
        "20:31",
        "21:11",
        "21:51",
        "22:26",
        "22:56",
        "23:21",
        "24:03"
    ],
    "saturday": [
        "7:36",
        "8:11",
        "8:41",
        "9:11",
        "9:41",
        "10:11",
        "10:41",
        "11:36",
        "12:36",
        "13:36",
        "14:36",
        "15:36",
        "16:36",
        "17:36",
        "18:36",
        "19:36",
        "20:46",
        "21:46",
        "22:46",
        "23:21"
    ],
    "holiday": [
        "7:36",
        "8:36",
        "9:36",
        "10:36",
        "11:36",
        "12:36",
        "13:36",
        "14:36",
        "15:36",
        "16:36",
        "17:36",
        "18:36",
        "19:36",
        "20:46",
        "21:46",
        "22:46",
        "23:21"
    ],
    "url": "https://www.kanachu.co.jp/dia/diagram/timetable01_js/course:0000803563-14/node:00126819/kt:0/lname:/"
}
