{
    "date": "2024/07/01",
    "name": "三叉路(横浜市戸塚区)",
    "position": "-",
    "system": "船22",
    "destinations": [
        "横浜薬大南門",
        "俣野公園・横浜薬大前",
        "横浜薬大南門",
        "深谷(横浜市戸塚区)",
        "クラブ前(横浜市戸塚区)",
        "汲沢入口",
        "深谷小入口",
        "住宅前(横浜市泉区)",
        "通信隊前",
        "高砂苑前",
        "萩丸",
        "西原(横浜市泉区)",
        "立場ターミナル"
    ],
    "weekday": [
        "7:11",
        "7:52",
        "8:22",
        "8:36",
        "8:58",
        "9:16",
        "9:54",
        "10:12",
        "10:34",
        "11:04",
        "11:34",
        "12:04",
        "12:34",
        "13:04",
        "13:34",
        "14:04",
        "14:34",
        "15:04",
        "15:34",
        "16:04",
        "16:34",
        "17:04",
        "17:34",
        "18:14",
        "18:38",
        "19:02",
        "19:27",
        "19:52",
        "20:32",
        "21:12",
        "21:52",
        "22:27",
        "22:57",
        "23:22",
        "24:04"
    ],
    "saturday": [
        "7:37",
        "8:12",
        "8:42",
        "9:12",
        "9:42",
        "10:12",
        "10:42",
        "11:37",
        "12:37",
        "13:37",
        "14:37",
        "15:37",
        "16:37",
        "17:37",
        "18:37",
        "19:37",
        "20:47",
        "21:47",
        "22:47",
        "23:22"
    ],
    "holiday": [
        "7:37",
        "8:37",
        "9:37",
        "10:37",
        "11:37",
        "12:37",
        "13:37",
        "14:37",
        "15:37",
        "16:37",
        "17:37",
        "18:37",
        "19:37",
        "20:47",
        "21:47",
        "22:47",
        "23:22"
    ],
    "url": "https://www.kanachu.co.jp/dia/diagram/timetable01_js/course:0000803563-15/node:00126820/kt:0/lname:/"
}
