{
    "date": "2024/07/01",
    "name": "クラブ前(横浜市戸塚区)",
    "position": "-",
    "system": "船22",
    "destinations": [
        "汲沢入口",
        "深谷小入口",
        "住宅前(横浜市泉区)",
        "通信隊前",
        "高砂苑前",
        "萩丸",
        "西原(横浜市泉区)",
        "立場ターミナル"
    ],
    "weekday": [
        "7:23",
        "8:04",
        "8:34",
        "8:48",
        "9:10",
        "9:28",
        "10:06",
        "10:24",
        "10:46",
        "11:16",
        "11:46",
        "12:16",
        "12:46",
        "13:16",
        "13:46",
        "14:16",
        "14:46",
        "15:16",
        "15:46",
        "16:16",
        "16:46",
        "17:16",
        "17:46",
        "18:26",
        "18:50",
        "19:14",
        "19:39",
        "20:04",
        "20:41",
        "21:21",
        "22:01",
        "22:36",
        "23:06",
        "23:31",
        "24:11"
    ],
    "saturday": [
        "7:46",
        "8:21",
        "8:51",
        "9:24",
        "9:54",
        "10:24",
        "10:54",
        "11:49",
        "12:49",
        "13:49",
        "14:49",
        "15:49",
        "16:49",
        "17:49",
        "18:49",
        "19:46",
        "20:56",
        "21:56",
        "22:56",
        "23:31"
    ],
    "holiday": [
        "7:46",
        "8:46",
        "9:49",
        "10:49",
        "11:49",
        "12:49",
        "13:49",
        "14:49",
        "15:49",
        "16:49",
        "17:49",
        "18:49",
        "19:46",
        "20:56",
        "21:56",
        "22:56",
        "23:31"
    ],
    "url": "https://www.kanachu.co.jp/dia/diagram/timetable01_js/course:0000803563-20/node:00126836/kt:0/lname:/"
}
