{
    "date": "2024/07/01",
    "name": "深谷小入口",
    "position": "-",
    "system": "船22",
    "destinations": [
        "住宅前(横浜市泉区)",
        "通信隊前",
        "高砂苑前",
        "萩丸",
        "西原(横浜市泉区)",
        "立場ターミナル"
    ],
    "weekday": [
        "7:25",
        "8:06",
        "8:36",
        "8:50",
        "9:12",
        "9:30",
        "10:08",
        "10:26",
        "10:48",
        "11:18",
        "11:48",
        "12:18",
        "12:48",
        "13:18",
        "13:48",
        "14:18",
        "14:48",
        "15:18",
        "15:48",
        "16:18",
        "16:48",
        "17:18",
        "17:48",
        "18:28",
        "18:52",
        "19:16",
        "19:41",
        "20:06",
        "20:43",
        "21:23",
        "22:03",
        "22:38",
        "23:08",
        "23:33",
        "24:13"
    ],
    "saturday": [
        "7:48",
        "8:23",
        "8:53",
        "9:26",
        "9:56",
        "10:26",
        "10:56",
        "11:51",
        "12:51",
        "13:51",
        "14:51",
        "15:51",
        "16:51",
        "17:51",
        "18:51",
        "19:48",
        "20:58",
        "21:58",
        "22:58",
        "23:33"
    ],
    "holiday": [
        "7:48",
        "8:48",
        "9:51",
        "10:51",
        "11:51",
        "12:51",
        "13:51",
        "14:51",
        "15:51",
        "16:51",
        "17:51",
        "18:51",
        "19:48",
        "20:58",
        "21:58",
        "22:58",
        "23:33"
    ],
    "url": "https://www.kanachu.co.jp/dia/diagram/timetable01_js/course:0000803563-22/node:00130215/kt:0/lname:/"
}
