{
    "date": "2024/07/01",
    "name": "高砂苑前",
    "position": "-",
    "system": "船22",
    "destinations": [
        "萩丸",
        "西原(横浜市泉区)",
        "立場ターミナル"
    ],
    "weekday": [
        "7:30",
        "8:11",
        "8:41",
        "8:55",
        "9:17",
        "9:35",
        "10:13",
        "10:31",
        "10:53",
        "11:23",
        "11:53",
        "12:23",
        "12:53",
        "13:23",
        "13:53",
        "14:23",
        "14:53",
        "15:23",
        "15:53",
        "16:23",
        "16:53",
        "17:23",
        "17:53",
        "18:33",
        "18:57",
        "19:21",
        "19:46",
        "20:10",
        "20:47",
        "21:27",
        "22:07",
        "22:42",
        "23:12",
        "23:37",
        "24:17"
    ],
    "saturday": [
        "7:52",
        "8:27",
        "8:57",
        "9:31",
        "10:01",
        "10:31",
        "11:01",
        "11:56",
        "12:56",
        "13:56",
        "14:56",
        "15:56",
        "16:56",
        "17:56",
        "18:56",
        "19:52",
        "21:02",
        "22:02",
        "23:02",
        "23:37"
    ],
    "holiday": [
        "7:52",
        "8:52",
        "9:56",
        "10:56",
        "11:56",
        "12:56",
        "13:56",
        "14:56",
        "15:56",
        "16:56",
        "17:56",
        "18:56",
        "19:52",
        "21:02",
        "22:02",
        "23:02",
        "23:37"
    ],
    "url": "https://www.kanachu.co.jp/dia/diagram/timetable01_js/course:0000803563-25/node:00126833/kt:0/lname:/"
}
