{
    "date": "2020/11/24",
    "name": "横浜薬大南門",
    "position": "-",
    "system": "船24",
    "destinations": [
        "三叉路(横浜市戸塚区)",
        "横浜医療センター前",
        "原宿四ツ角",
        "庚申塚(横浜市戸塚区)",
        "小雀",
        "神社前(横浜市栄区)",
        "千秀小学校前",
        "青少年センター前(横浜市栄区)",
        "常勝寺(横浜市栄区)",
        "田谷(横浜市栄区)",
        "小蓋山",
        "宮ノ前(横浜市栄区)",
        "長尾台(横浜市栄区)",
        "坂本(鎌倉市)",
        "大船駅西口"
    ],
    "weekday": [
        "6:03",
        "6:28",
        "6:41",
        "6:53",
        "7:03",
        "7:08",
        "7:38",
        "7:44",
        "8:42",
        "16:32",
        "16:40",
        "17:01"
    ],
    "saturday": [
        "6:03"
    ],
    "holiday": [
        "6:03"
    ],
    "url": "https://www.kanachu.co.jp/dia/diagram/timetable01_js/course:0000800586-2/node:00126821/kt:0/lname:/"
}
