{
    "date": "2020/11/24",
    "name": "三叉路(横浜市戸塚区)",
    "position": "-",
    "system": "船24",
    "destinations": [
        "横浜医療センター前",
        "原宿四ツ角",
        "庚申塚(横浜市戸塚区)",
        "小雀",
        "神社前(横浜市栄区)",
        "千秀小学校前",
        "青少年センター前(横浜市栄区)",
        "常勝寺(横浜市栄区)",
        "田谷(横浜市栄区)",
        "小蓋山",
        "宮ノ前(横浜市栄区)",
        "長尾台(横浜市栄区)",
        "坂本(鎌倉市)",
        "大船駅西口"
    ],
    "weekday": [
        "6:05",
        "6:30",
        "6:43",
        "6:55",
        "7:05",
        "7:10",
        "7:40",
        "7:46",
        "8:44",
        "16:34",
        "16:42",
        "17:03"
    ],
    "saturday": [
        "6:05"
    ],
    "holiday": [
        "6:05"
    ],
    "url": "https://www.kanachu.co.jp/dia/diagram/timetable01_js/course:0000800586-3/node:00126820/kt:0/lname:/"
}
