{
    "date": "2020/11/24",
    "name": "横浜医療センター前",
    "position": "-",
    "system": "船24",
    "destinations": [
        "原宿四ツ角",
        "庚申塚(横浜市戸塚区)",
        "小雀",
        "神社前(横浜市栄区)",
        "千秀小学校前",
        "青少年センター前(横浜市栄区)",
        "常勝寺(横浜市栄区)",
        "田谷(横浜市栄区)",
        "小蓋山",
        "宮ノ前(横浜市栄区)",
        "長尾台(横浜市栄区)",
        "坂本(鎌倉市)",
        "大船駅西口"
    ],
    "weekday": [
        "6:06",
        "6:31",
        "6:44",
        "6:56",
        "7:06",
        "7:11",
        "7:41",
        "7:47",
        "8:45",
        "16:35",
        "16:43",
        "17:04"
    ],
    "saturday": [
        "6:06"
    ],
    "holiday": [
        "6:06"
    ],
    "url": "https://www.kanachu.co.jp/dia/diagram/timetable01_js/course:0000800586-4/node:00126819/kt:0/lname:/"
}
