{
    "date": "2020/11/24",
    "name": "神社前(横浜市栄区)",
    "position": "-",
    "system": "船24",
    "destinations": [
        "千秀小学校前",
        "青少年センター前(横浜市栄区)",
        "常勝寺(横浜市栄区)",
        "田谷(横浜市栄区)",
        "小蓋山",
        "宮ノ前(横浜市栄区)",
        "長尾台(横浜市栄区)",
        "坂本(鎌倉市)",
        "大船駅西口"
    ],
    "weekday": [
        "6:12",
        "6:37",
        "6:50",
        "7:02",
        "7:12",
        "7:17",
        "7:47",
        "7:53",
        "8:51",
        "16:41",
        "16:49",
        "17:10"
    ],
    "saturday": [
        "6:12"
    ],
    "holiday": [
        "6:12"
    ],
    "url": "https://www.kanachu.co.jp/dia/diagram/timetable01_js/course:0000800586-8/node:00126924/kt:0/lname:/"
}
