{
    "date": "2020/11/24",
    "name": "千秀小学校前",
    "position": "-",
    "system": "船24",
    "destinations": [
        "青少年センター前(横浜市栄区)",
        "常勝寺(横浜市栄区)",
        "田谷(横浜市栄区)",
        "小蓋山",
        "宮ノ前(横浜市栄区)",
        "長尾台(横浜市栄区)",
        "坂本(鎌倉市)",
        "大船駅西口"
    ],
    "weekday": [
        "6:13",
        "6:38",
        "6:51",
        "7:03",
        "7:13",
        "7:18",
        "7:48",
        "7:54",
        "8:52",
        "16:42",
        "16:50",
        "17:11"
    ],
    "saturday": [
        "6:13"
    ],
    "holiday": [
        "6:13"
    ],
    "url": "https://www.kanachu.co.jp/dia/diagram/timetable01_js/course:0000800586-9/node:00126923/kt:0/lname:/"
}
