{
    "date": "2020/11/24",
    "name": "青少年センター前(横浜市栄区)",
    "position": "-",
    "system": "船24",
    "destinations": [
        "常勝寺(横浜市栄区)",
        "田谷(横浜市栄区)",
        "小蓋山",
        "宮ノ前(横浜市栄区)",
        "長尾台(横浜市栄区)",
        "坂本(鎌倉市)",
        "大船駅西口"
    ],
    "weekday": [
        "6:14",
        "6:39",
        "6:52",
        "7:04",
        "7:14",
        "7:19",
        "7:49",
        "7:55",
        "8:53",
        "16:43",
        "16:51",
        "17:12"
    ],
    "saturday": [
        "6:14"
    ],
    "holiday": [
        "6:14"
    ],
    "url": "https://www.kanachu.co.jp/dia/diagram/timetable01_js/course:0000800586-10/node:00126922/kt:0/lname:/"
}
