{
    "date": "2020/11/24",
    "name": "田谷(横浜市栄区)",
    "position": "-",
    "system": "船24",
    "destinations": [
        "小蓋山",
        "宮ノ前(横浜市栄区)",
        "長尾台(横浜市栄区)",
        "坂本(鎌倉市)",
        "大船駅西口"
    ],
    "weekday": [
        "6:16",
        "6:41",
        "6:54",
        "7:06",
        "7:16",
        "7:21",
        "7:51",
        "7:57",
        "8:55",
        "16:45",
        "16:53",
        "17:14"
    ],
    "saturday": [
        "6:16"
    ],
    "holiday": [
        "6:16"
    ],
    "url": "https://www.kanachu.co.jp/dia/diagram/timetable01_js/course:0000800586-12/node:00126850/kt:0/lname:/"
}
