{
    "system": "コ16",
    "busstops": [
        {
            "index": "1",
            "id": "00127372",
            "name": "環境事業センター",
            "lat": "35.345604",
            "lng": "139.37667"
        },
        {
            "index": "2",
            "id": "00127371",
            "name": "萩園西",
            "lat": "35.344104",
            "lng": "139.377121"
        },
        {
            "index": "3",
            "id": "00127370",
            "name": "萩園台河原",
            "lat": "35.341118",
            "lng": "139.376654"
        },
        {
            "index": "4",
            "id": "00127202",
            "name": "古川(茅ケ崎市)",
            "lat": "35.338686",
            "lng": "139.379841"
        },
        {
            "index": "5",
            "id": "00127373",
            "name": "今宿北",
            "lat": "35.337598",
            "lng": "139.383014"
        },
        {
            "index": "6",
            "id": "00127191",
            "name": "県住入口",
            "lat": "35.335943",
            "lng": "139.382951"
        },
        {
            "index": "7",
            "id": "00127374",
            "name": "宮ノ前(茅ケ崎市)",
            "lat": "35.334273",
            "lng": "139.382629"
        },
        {
            "index": "8",
            "id": "00127375",
            "name": "入ノ田",
            "lat": "35.33461",
            "lng": "139.384054"
        },
        {
            "index": "9",
            "id": "00127376",
            "name": "今宿市営住宅前",
            "lat": "35.336455",
            "lng": "139.385282"
        },
        {
            "index": "10",
            "id": "00127200",
            "name": "鶴嶺小学校前",
            "lat": "35.337223",
            "lng": "139.389531"
        },
        {
            "index": "11",
            "id": "00127377",
            "name": "鶴嶺八幡宮",
            "lat": "35.33669",
            "lng": "139.392333"
        },
        {
            "index": "12",
            "id": "00127378",
            "name": "浜之郷西",
            "lat": "35.333741",
            "lng": "139.394514"
        },
        {
            "index": "13",
            "id": "00127379",
            "name": "TBS",
            "lat": "35.332365",
            "lng": "139.393752"
        },
        {
            "index": "14",
            "id": "00127380",
            "name": "浜之郷",
            "lat": "35.333535",
            "lng": "139.395778"
        },
        {
            "index": "15",
            "id": "00127418",
            "name": "浜之郷入口",
            "lat": "35.334173",
            "lng": "139.397923"
        },
        {
            "index": "16",
            "id": "00127288",
            "name": "ジャスコ前(茅ケ崎市)",
            "lat": "35.335268",
            "lng": "139.402327"
        },
        {
            "index": "17",
            "id": "00127171",
            "name": "市民文化会館前(茅ケ崎市)",
            "lat": "35.335053",
            "lng": "139.404988"
        },
        {
            "index": "18",
            "id": "00127415",
            "name": "茅ヶ崎駅北",
            "lat": "35.332083",
            "lng": "139.406317"
        },
        {
            "index": "19",
            "id": "00127135",
            "name": "中央公園前(茅ケ崎市)",
            "lat": "35.334628",
            "lng": "139.407764"
        },
        {
            "index": "20",
            "id": "00127136",
            "name": "前の田",
            "lat": "35.337476",
            "lng": "139.409841"
        },
        {
            "index": "21",
            "id": "00130311",
            "name": "北茅ヶ崎駅入口",
            "lat": "35.339299",
            "lng": "139.410688"
        },
        {
            "index": "22",
            "id": "00127153",
            "name": "市立病院(茅ケ崎市)",
            "lat": "35.340323",
            "lng": "139.414955"
        }
    ],
    "route_url": "https://www.kanachu.co.jp/dia/route/index/cid:0000804276/"
}
