{
    "date": "2025/04/01",
    "name": "高浜台",
    "position": "-",
    "system": "平13",
    "destinations": [
        "稲荷山(平塚市)",
        "第二公園",
        "高浜高校前",
        "なぎさプロムナード",
        "教会前(平塚市)",
        "商工会議所前",
        "平塚駅南口"
    ],
    "weekday": [
        "6:13",
        "6:33",
        "6:54",
        "7:16",
        "7:40",
        "8:06",
        "8:30",
        "8:55",
        "9:52",
        "10:52",
        "11:52",
        "12:52",
        "13:52",
        "14:52"
    ],
    "saturday": [
        "6:17",
        "6:47",
        "7:17",
        "7:47",
        "8:17",
        "8:47",
        "9:52",
        "10:52",
        "11:52",
        "12:53",
        "13:53",
        "14:53"
    ],
    "holiday": [
        "6:17",
        "6:47",
        "7:17",
        "7:47",
        "8:17",
        "8:47",
        "9:52",
        "10:52",
        "11:52",
        "12:53",
        "13:53",
        "14:53"
    ],
    "url": "https://www.kanachu.co.jp/dia/diagram/timetable01_js/course:0000803798-9/node:00127439/kt:0/lname:/"
}
