{
    "date": "2025/04/01",
    "name": "稲荷山(平塚市)",
    "position": "-",
    "system": "平13",
    "destinations": [
        "第二公園",
        "高浜高校前",
        "なぎさプロムナード",
        "教会前(平塚市)",
        "商工会議所前",
        "平塚駅南口"
    ],
    "weekday": [
        "6:15",
        "6:35",
        "6:56",
        "7:19",
        "7:43",
        "8:08",
        "8:32",
        "8:57",
        "9:54",
        "10:54",
        "11:54",
        "12:54",
        "13:54",
        "14:54"
    ],
    "saturday": [
        "6:19",
        "6:49",
        "7:19",
        "7:49",
        "8:19",
        "8:49",
        "9:54",
        "10:54",
        "11:54",
        "12:55",
        "13:55",
        "14:55"
    ],
    "holiday": [
        "6:19",
        "6:49",
        "7:19",
        "7:49",
        "8:19",
        "8:49",
        "9:54",
        "10:54",
        "11:54",
        "12:55",
        "13:55",
        "14:55"
    ],
    "url": "https://www.kanachu.co.jp/dia/diagram/timetable01_js/course:0000803798-10/node:00127438/kt:0/lname:/"
}
