{
    "date": "2025/08/30",
    "name": "南小学校前(横浜市南区)",
    "position": "-",
    "system": "",
    "destinations": [
        "向田橋",
        "最戸町",
        "南が丘中学校前",
        "別所宮下",
        "普門院前",
        "水道橋下",
        "芹が谷山谷",
        "芹が谷",
        "せりぎんタウン",
        "芹が谷団地前",
        "永谷地区センター前",
        "平戸(横浜市港南区)",
        "国道平戸",
        "品濃口",
        "坂下(横浜市戸塚区)",
        "品濃町(横浜市戸塚区)",
        "東戸塚駅東口"
    ],
    "weekday": [
        "9:48",
        "11:53",
        "13:58",
        "15:58"
    ],
    "saturday": [],
    "holiday": [],
    "url": "https://www.kanachu.co.jp/dia/diagram/timetable01_js/course:0000803847-29/node:00103127/kt:0/lname:/"
}
