{
    "date": "2025/09/08",
    "name": "湘南台駅西口",
    "position": "-",
    "system": "湘25",
    "destinations": [
        "南大山",
        "慶応大学",
        "慶応大学本館前",
        "慶応中高等部前"
    ],
    "weekday": [
        "7:10",
        "7:17",
        "7:23",
        "7:29",
        "7:34",
        "7:41",
        "7:47",
        "7:53",
        "7:59",
        "8:04",
        "8:08",
        "8:12",
        "8:17",
        "8:24",
        "8:32",
        "8:38",
        "8:45",
        "8:50",
        "8:55",
        "9:00",
        "9:05",
        "9:12",
        "9:20",
        "9:28",
        "9:36",
        "9:48",
        "10:12",
        "10:22",
        "10:42",
        "12:00",
        "12:10",
        "12:20",
        "12:45",
        "13:05",
        "13:20",
        "13:30",
        "14:05",
        "14:25",
        "14:52",
        "15:12",
        "15:40",
        "15:54",
        "16:01",
        "16:08",
        "16:27",
        "16:37",
        "16:47",
        "16:54",
        "17:02",
        "17:10",
        "17:18",
        "17:28",
        "17:38",
        "17:46",
        "17:53",
        "18:00",
        "18:08",
        "18:24",
        "18:32",
        "18:39",
        "18:46",
        "18:53",
        "19:00",
        "19:13",
        "19:28",
        "19:53"
    ],
    "saturday": [
        "7:17",
        "7:23",
        "7:29",
        "7:34",
        "7:41",
        "7:47",
        "7:53",
        "7:59",
        "8:04",
        "8:08",
        "8:12",
        "8:17",
        "8:24",
        "8:33",
        "8:42",
        "8:51",
        "8:59",
        "9:10",
        "9:22",
        "9:35",
        "10:00",
        "10:15",
        "11:00",
        "11:15",
        "11:35",
        "12:00",
        "12:15",
        "12:30",
        "12:40",
        "13:00",
        "13:11",
        "13:18",
        "13:25",
        "13:32",
        "13:50",
        "13:58",
        "14:06",
        "14:14",
        "14:23",
        "14:33",
        "14:50",
        "15:10",
        "15:30",
        "16:05",
        "16:20",
        "16:35",
        "17:05",
        "17:20",
        "17:35",
        "18:15",
        "18:30",
        "19:03",
        "19:20"
    ],
    "holiday": [],
    "url": "https://www.kanachu.co.jp/dia/diagram/timetable01_js/course:0000802872-1/node:00129893/kt:0/lname:/"
}
