{
    "date": "2025/03/15",
    "name": "滝の沢(藤沢市)",
    "position": "-",
    "system": "辻26",
    "destinations": [
        "駒寄",
        "二番構保健医療センター",
        "ライフタウン中央(藤沢市)",
        "大庭小学校",
        "小糸",
        "南センター前(藤沢市)",
        "西高校前(藤沢市)",
        "有藤",
        "大庭隧道",
        "城南一丁目",
        "羽鳥一丁目",
        "神台公園前",
        "辻堂駅北口"
    ],
    "weekday": [
        "6:26",
        "6:36",
        "6:49",
        "6:59",
        "7:04",
        "7:09",
        "7:14",
        "7:19",
        "7:24",
        "7:29",
        "7:34",
        "7:39",
        "7:50",
        "8:00",
        "8:10",
        "8:20",
        "8:30",
        "8:40",
        "8:50",
        "9:05",
        "9:19",
        "9:36",
        "9:56",
        "10:16",
        "10:39",
        "11:01",
        "11:16",
        "11:39",
        "12:01",
        "12:16",
        "12:39",
        "13:01",
        "13:16",
        "13:39",
        "14:01",
        "14:16",
        "14:39",
        "15:01",
        "15:16",
        "15:39",
        "16:04",
        "16:19",
        "16:34",
        "16:49",
        "17:04",
        "17:20",
        "17:35",
        "17:50",
        "18:05",
        "18:20",
        "18:30",
        "18:40",
        "18:50",
        "19:00",
        "19:10",
        "19:20",
        "19:30",
        "19:40",
        "19:47",
        "20:02",
        "20:17",
        "20:32",
        "20:47",
        "21:02",
        "21:17",
        "21:32",
        "21:47",
        "22:02",
        "22:17",
        "22:37",
        "22:56",
        "23:35"
    ],
    "saturday": [],
    "holiday": [],
    "url": "https://www.kanachu.co.jp/dia/diagram/timetable01_js/course:0000800953-13/node:00129946/kt:0/lname:/"
}
