{
    "date": "2025/03/15",
    "name": "二番構保健医療センター",
    "position": "-",
    "system": "辻26",
    "destinations": [
        "ライフタウン中央(藤沢市)",
        "大庭小学校",
        "小糸",
        "南センター前(藤沢市)",
        "西高校前(藤沢市)",
        "有藤",
        "大庭隧道",
        "城南一丁目",
        "羽鳥一丁目",
        "神台公園前",
        "辻堂駅北口"
    ],
    "weekday": [
        "6:28",
        "6:38",
        "6:51",
        "7:01",
        "7:06",
        "7:11",
        "7:16",
        "7:21",
        "7:26",
        "7:31",
        "7:36",
        "7:41",
        "7:52",
        "8:02",
        "8:12",
        "8:22",
        "8:32",
        "8:42",
        "8:52",
        "9:07",
        "9:21",
        "9:38",
        "9:58",
        "10:18",
        "10:41",
        "11:03",
        "11:18",
        "11:41",
        "12:03",
        "12:18",
        "12:41",
        "13:03",
        "13:18",
        "13:41",
        "14:03",
        "14:18",
        "14:41",
        "15:03",
        "15:18",
        "15:41",
        "16:06",
        "16:21",
        "16:36",
        "16:51",
        "17:06",
        "17:22",
        "17:37",
        "17:52",
        "18:07",
        "18:22",
        "18:32",
        "18:42",
        "18:52",
        "19:02",
        "19:12",
        "19:22",
        "19:32",
        "19:42",
        "19:49",
        "20:04",
        "20:19",
        "20:34",
        "20:49",
        "21:04",
        "21:19",
        "21:34",
        "21:49",
        "22:04",
        "22:19",
        "22:39",
        "22:58",
        "23:37"
    ],
    "saturday": [],
    "holiday": [],
    "url": "https://www.kanachu.co.jp/dia/diagram/timetable01_js/course:0000800953-15/node:00129944/kt:0/lname:/"
}
