{
    "date": "2024/01/15",
    "name": "柳作東",
    "position": "-",
    "system": "戸96",
    "destinations": [
        "来迎寺(横浜市戸塚区)",
        "谷矢部中央",
        "道祖神前(横浜市戸塚区)",
        "鳥が丘中央",
        "鳥が丘第一公園",
        "第一工業団地",
        "第二工業団地",
        "第二工業団地中央",
        "ラムーナ横浜戸塚"
    ],
    "weekday": [
        "6:19",
        "7:09",
        "7:31",
        "7:54",
        "8:32",
        "9:09"
    ],
    "saturday": [],
    "holiday": [],
    "url": "https://www.kanachu.co.jp/dia/diagram/timetable01_js/course:0000801347-3/node:00126967/kt:0/lname:/"
}
