{
    "date": "2024/01/15",
    "name": "鳥が丘中央",
    "position": "-",
    "system": "戸96",
    "destinations": [
        "鳥が丘第一公園",
        "第一工業団地",
        "第二工業団地",
        "第二工業団地中央",
        "ラムーナ横浜戸塚"
    ],
    "weekday": [
        "6:23",
        "7:13",
        "7:35",
        "7:58",
        "8:36",
        "9:13"
    ],
    "saturday": [],
    "holiday": [],
    "url": "https://www.kanachu.co.jp/dia/diagram/timetable01_js/course:0000801347-7/node:00126859/kt:0/lname:/"
}
