{
    "system": "戸96",
    "busstops": [
        {
            "index": "1",
            "id": "00126869",
            "name": "戸塚駅",
            "lat": "35.403305",
            "lng": "139.53345"
        },
        {
            "index": "2",
            "id": "00126899",
            "name": "蔵坪",
            "lat": "35.406969",
            "lng": "139.533402"
        },
        {
            "index": "3",
            "id": "00126967",
            "name": "柳作東",
            "lat": "35.408196",
            "lng": "139.531908"
        },
        {
            "index": "4",
            "id": "00126900",
            "name": "来迎寺(横浜市戸塚区)",
            "lat": "35.409389",
            "lng": "139.52952"
        },
        {
            "index": "5",
            "id": "00126901",
            "name": "谷矢部中央",
            "lat": "35.408838",
            "lng": "139.527957"
        },
        {
            "index": "6",
            "id": "00126902",
            "name": "道祖神前(横浜市戸塚区)",
            "lat": "35.408871",
            "lng": "139.526243"
        },
        {
            "index": "7",
            "id": "00126859",
            "name": "鳥が丘中央",
            "lat": "35.41156",
            "lng": "139.52506"
        },
        {
            "index": "8",
            "id": "00126860",
            "name": "鳥が丘第一公園",
            "lat": "35.413952",
            "lng": "139.524218"
        },
        {
            "index": "9",
            "id": "00126911",
            "name": "第一工業団地",
            "lat": "35.416646",
            "lng": "139.524239"
        },
        {
            "index": "10",
            "id": "00126913",
            "name": "第二工業団地",
            "lat": "35.419224",
            "lng": "139.529842"
        },
        {
            "index": "11",
            "id": "00126914",
            "name": "第二工業団地中央",
            "lat": "35.417027",
            "lng": "139.531849"
        },
        {
            "index": "12",
            "id": "00126915",
            "name": "ラムーナ横浜戸塚",
            "lat": "35.415213",
            "lng": "139.533996"
        }
    ],
    "route_url": "https://www.kanachu.co.jp/dia/route/index/cid:0000801347/"
}
