{
    "date": "2025/03/15",
    "name": "今泉(海老名市)",
    "position": "-",
    "system": "海01",
    "destinations": [
        "水道路(厚木市)",
        "金田神社前",
        "下依知入口",
        "追分(厚木市)",
        "蓮生寺(厚木市)",
        "関口(厚木市)",
        "依知小学校前",
        "中平(厚木市)",
        "山際",
        "藤塚(厚木市)",
        "団地入口(厚木市)",
        "東一丁目(厚木市)",
        "中一丁目",
        "中二丁目",
        "中三丁目(愛甲郡愛川町)",
        "中四丁目",
        "諏訪東(愛甲郡愛川町)",
        "一号公園前(愛甲郡愛川町)",
        "春日台入口",
        "春日台一丁目",
        "春日台三丁目(愛甲郡愛川町)",
        "春日台団地",
        "文化会館入口(愛甲郡愛川町)",
        "愛川高校入口",
        "箕輪辻",
        "愛川バスセンター"
    ],
    "weekday": [
        "6:13",
        "6:43",
        "6:53",
        "7:03",
        "7:13",
        "7:23",
        "7:33",
        "7:43",
        "7:53",
        "8:03",
        "8:18",
        "8:38",
        "8:58",
        "9:18",
        "9:48",
        "10:33",
        "11:33",
        "12:33",
        "13:19",
        "13:48",
        "14:19",
        "14:48",
        "15:19",
        "15:48",
        "16:19",
        "16:39",
        "16:59",
        "17:19",
        "17:39",
        "17:59",
        "18:19",
        "18:40",
        "18:58",
        "19:18",
        "19:38",
        "20:18",
        "20:43",
        "21:28",
        "22:25"
    ],
    "saturday": [
        "6:43",
        "7:03",
        "7:23",
        "7:48",
        "8:13",
        "8:58",
        "9:58",
        "10:58",
        "11:58",
        "12:58",
        "13:58",
        "14:43",
        "15:13",
        "15:43",
        "16:13",
        "16:43",
        "17:13",
        "17:43",
        "18:13",
        "18:43",
        "19:13",
        "19:43",
        "20:13",
        "20:43",
        "21:16",
        "21:44",
        "22:16"
    ],
    "holiday": [
        "7:03",
        "7:38",
        "8:13",
        "8:58",
        "9:58",
        "10:58",
        "11:58",
        "12:58",
        "13:58",
        "14:43",
        "15:13",
        "15:43",
        "16:13",
        "16:43",
        "17:13",
        "17:43",
        "18:13",
        "18:43",
        "19:13",
        "19:43",
        "20:13",
        "20:43",
        "21:16",
        "21:44"
    ],
    "url": "https://www.kanachu.co.jp/dia/diagram/timetable01_js/course:0000802150-3/node:00128543/kt:0/lname:/"
}
