{
    "date": "2025/03/15",
    "name": "関口(厚木市)",
    "position": "-",
    "system": "海01",
    "destinations": [
        "依知小学校前",
        "中平(厚木市)",
        "山際",
        "藤塚(厚木市)",
        "団地入口(厚木市)",
        "東一丁目(厚木市)",
        "中一丁目",
        "中二丁目",
        "中三丁目(愛甲郡愛川町)",
        "中四丁目",
        "諏訪東(愛甲郡愛川町)",
        "一号公園前(愛甲郡愛川町)",
        "春日台入口",
        "春日台一丁目",
        "春日台三丁目(愛甲郡愛川町)",
        "春日台団地",
        "文化会館入口(愛甲郡愛川町)",
        "愛川高校入口",
        "箕輪辻",
        "愛川バスセンター"
    ],
    "weekday": [
        "6:25",
        "6:55",
        "7:05",
        "7:16",
        "7:26",
        "7:36",
        "7:47",
        "7:57",
        "8:07",
        "8:17",
        "8:32",
        "8:50",
        "9:10",
        "9:30",
        "10:00",
        "10:45",
        "11:45",
        "12:45",
        "13:31",
        "14:00",
        "14:31",
        "15:00",
        "15:31",
        "16:00",
        "16:31",
        "16:51",
        "17:12",
        "17:32",
        "17:52",
        "18:12",
        "18:32",
        "18:53",
        "19:11",
        "19:31",
        "19:47",
        "20:27",
        "20:52",
        "21:37",
        "22:34"
    ],
    "saturday": [
        "6:54",
        "7:14",
        "7:34",
        "7:59",
        "8:24",
        "9:09",
        "10:09",
        "11:10",
        "12:10",
        "13:10",
        "14:10",
        "14:55",
        "15:25",
        "15:55",
        "16:26",
        "16:56",
        "17:26",
        "17:56",
        "18:26",
        "18:52",
        "19:22",
        "19:52",
        "20:22",
        "20:52",
        "21:25",
        "21:53",
        "22:25"
    ],
    "holiday": [
        "7:12",
        "7:47",
        "8:22",
        "9:07",
        "10:07",
        "11:08",
        "12:08",
        "13:08",
        "14:08",
        "14:53",
        "15:23",
        "15:53",
        "16:23",
        "16:53",
        "17:23",
        "17:53",
        "18:23",
        "18:52",
        "19:22",
        "19:52",
        "20:22",
        "20:52",
        "21:25",
        "21:53"
    ],
    "url": "https://www.kanachu.co.jp/dia/diagram/timetable01_js/course:0000802150-9/node:00128352/kt:0/lname:/"
}
