{
    "date": "2025/03/15",
    "name": "依知小学校前",
    "position": "-",
    "system": "海01",
    "destinations": [
        "中平(厚木市)",
        "山際",
        "藤塚(厚木市)",
        "団地入口(厚木市)",
        "東一丁目(厚木市)",
        "中一丁目",
        "中二丁目",
        "中三丁目(愛甲郡愛川町)",
        "中四丁目",
        "諏訪東(愛甲郡愛川町)",
        "一号公園前(愛甲郡愛川町)",
        "春日台入口",
        "春日台一丁目",
        "春日台三丁目(愛甲郡愛川町)",
        "春日台団地",
        "文化会館入口(愛甲郡愛川町)",
        "愛川高校入口",
        "箕輪辻",
        "愛川バスセンター"
    ],
    "weekday": [
        "6:28",
        "6:58",
        "7:08",
        "7:19",
        "7:29",
        "7:39",
        "7:50",
        "8:00",
        "8:10",
        "8:20",
        "8:35",
        "8:53",
        "9:13",
        "9:33",
        "10:03",
        "10:48",
        "11:48",
        "12:48",
        "13:34",
        "14:03",
        "14:34",
        "15:03",
        "15:34",
        "16:03",
        "16:34",
        "16:54",
        "17:15",
        "17:35",
        "17:55",
        "18:15",
        "18:35",
        "18:56",
        "19:14",
        "19:34",
        "19:50",
        "20:30",
        "20:55",
        "21:40",
        "22:37"
    ],
    "saturday": [
        "6:56",
        "7:16",
        "7:36",
        "8:01",
        "8:26",
        "9:11",
        "10:11",
        "11:12",
        "12:12",
        "13:12",
        "14:12",
        "14:57",
        "15:27",
        "15:57",
        "16:28",
        "16:58",
        "17:28",
        "17:58",
        "18:28",
        "18:54",
        "19:24",
        "19:54",
        "20:24",
        "20:54",
        "21:27",
        "21:55",
        "22:27"
    ],
    "holiday": [
        "7:14",
        "7:49",
        "8:24",
        "9:09",
        "10:09",
        "11:10",
        "12:10",
        "13:10",
        "14:10",
        "14:55",
        "15:25",
        "15:55",
        "16:25",
        "16:55",
        "17:25",
        "17:55",
        "18:25",
        "18:54",
        "19:24",
        "19:54",
        "20:24",
        "20:54",
        "21:27",
        "21:55"
    ],
    "url": "https://www.kanachu.co.jp/dia/diagram/timetable01_js/course:0000802150-10/node:00128353/kt:0/lname:/"
}
