{
    "date": "2025/03/15",
    "name": "中平(厚木市)",
    "position": "-",
    "system": "海01",
    "destinations": [
        "山際",
        "藤塚(厚木市)",
        "団地入口(厚木市)",
        "東一丁目(厚木市)",
        "中一丁目",
        "中二丁目",
        "中三丁目(愛甲郡愛川町)",
        "中四丁目",
        "諏訪東(愛甲郡愛川町)",
        "一号公園前(愛甲郡愛川町)",
        "春日台入口",
        "春日台一丁目",
        "春日台三丁目(愛甲郡愛川町)",
        "春日台団地",
        "文化会館入口(愛甲郡愛川町)",
        "愛川高校入口",
        "箕輪辻",
        "愛川バスセンター"
    ],
    "weekday": [
        "6:30",
        "7:00",
        "7:10",
        "7:21",
        "7:31",
        "7:41",
        "7:52",
        "8:02",
        "8:12",
        "8:22",
        "8:37",
        "8:55",
        "9:15",
        "9:35",
        "10:05",
        "10:50",
        "11:50",
        "12:50",
        "13:36",
        "14:05",
        "14:36",
        "15:05",
        "15:36",
        "16:05",
        "16:36",
        "16:56",
        "17:17",
        "17:37",
        "17:57",
        "18:17",
        "18:37",
        "18:58",
        "19:16",
        "19:35",
        "19:51",
        "20:31",
        "20:56",
        "21:41",
        "22:38"
    ],
    "saturday": [
        "6:58",
        "7:18",
        "7:38",
        "8:03",
        "8:28",
        "9:13",
        "10:13",
        "11:14",
        "12:14",
        "13:14",
        "14:14",
        "14:59",
        "15:29",
        "15:59",
        "16:30",
        "17:00",
        "17:30",
        "18:00",
        "18:30",
        "18:55",
        "19:25",
        "19:55",
        "20:25",
        "20:55",
        "21:28",
        "21:56",
        "22:28"
    ],
    "holiday": [
        "7:15",
        "7:50",
        "8:25",
        "9:10",
        "10:11",
        "11:12",
        "12:12",
        "13:12",
        "14:12",
        "14:57",
        "15:27",
        "15:57",
        "16:27",
        "16:57",
        "17:27",
        "17:57",
        "18:27",
        "18:55",
        "19:25",
        "19:55",
        "20:25",
        "20:55",
        "21:28",
        "21:56"
    ],
    "url": "https://www.kanachu.co.jp/dia/diagram/timetable01_js/course:0000802150-11/node:00128354/kt:0/lname:/"
}
