{
    "date": "2025/03/15",
    "name": "山際",
    "position": "-",
    "system": "海01",
    "destinations": [
        "藤塚(厚木市)",
        "団地入口(厚木市)",
        "東一丁目(厚木市)",
        "中一丁目",
        "中二丁目",
        "中三丁目(愛甲郡愛川町)",
        "中四丁目",
        "諏訪東(愛甲郡愛川町)",
        "一号公園前(愛甲郡愛川町)",
        "春日台入口",
        "春日台一丁目",
        "春日台三丁目(愛甲郡愛川町)",
        "春日台団地",
        "文化会館入口(愛甲郡愛川町)",
        "愛川高校入口",
        "箕輪辻",
        "愛川バスセンター"
    ],
    "weekday": [
        "6:32",
        "7:02",
        "7:12",
        "7:23",
        "7:33",
        "7:43",
        "7:54",
        "8:04",
        "8:14",
        "8:24",
        "8:39",
        "8:57",
        "9:17",
        "9:37",
        "10:07",
        "10:52",
        "11:52",
        "12:52",
        "13:38",
        "14:07",
        "14:38",
        "15:07",
        "15:38",
        "16:07",
        "16:38",
        "16:58",
        "17:19",
        "17:39",
        "17:59",
        "18:19",
        "18:39",
        "19:00",
        "19:18",
        "19:37",
        "19:53",
        "20:33",
        "20:58",
        "21:43",
        "22:40"
    ],
    "saturday": [
        "7:00",
        "7:20",
        "7:40",
        "8:05",
        "8:30",
        "9:15",
        "10:15",
        "11:16",
        "12:16",
        "13:16",
        "14:16",
        "15:01",
        "15:31",
        "16:01",
        "16:32",
        "17:02",
        "17:32",
        "18:02",
        "18:32",
        "18:57",
        "19:27",
        "19:57",
        "20:27",
        "20:57",
        "21:30",
        "21:58",
        "22:30"
    ],
    "holiday": [
        "7:17",
        "7:52",
        "8:27",
        "9:12",
        "10:13",
        "11:14",
        "12:14",
        "13:14",
        "14:14",
        "14:59",
        "15:29",
        "15:59",
        "16:29",
        "16:59",
        "17:29",
        "17:59",
        "18:29",
        "18:57",
        "19:27",
        "19:57",
        "20:27",
        "20:57",
        "21:30",
        "21:58"
    ],
    "url": "https://www.kanachu.co.jp/dia/diagram/timetable01_js/course:0000802150-12/node:00128355/kt:0/lname:/"
}
