{
    "date": "2025/03/15",
    "name": "藤塚(厚木市)",
    "position": "-",
    "system": "海01",
    "destinations": [
        "団地入口(厚木市)",
        "東一丁目(厚木市)",
        "中一丁目",
        "中二丁目",
        "中三丁目(愛甲郡愛川町)",
        "中四丁目",
        "諏訪東(愛甲郡愛川町)",
        "一号公園前(愛甲郡愛川町)",
        "春日台入口",
        "春日台一丁目",
        "春日台三丁目(愛甲郡愛川町)",
        "春日台団地",
        "文化会館入口(愛甲郡愛川町)",
        "愛川高校入口",
        "箕輪辻",
        "愛川バスセンター"
    ],
    "weekday": [
        "6:33",
        "7:04",
        "7:14",
        "7:25",
        "7:35",
        "7:45",
        "7:56",
        "8:06",
        "8:16",
        "8:26",
        "8:41",
        "8:59",
        "9:19",
        "9:39",
        "10:09",
        "10:54",
        "11:54",
        "12:54",
        "13:40",
        "14:09",
        "14:40",
        "15:09",
        "15:40",
        "16:09",
        "16:40",
        "17:00",
        "17:21",
        "17:41",
        "18:01",
        "18:21",
        "18:41",
        "19:02",
        "19:20",
        "19:38",
        "19:54",
        "20:34",
        "20:59",
        "21:44",
        "22:41"
    ],
    "saturday": [
        "7:01",
        "7:21",
        "7:41",
        "8:06",
        "8:31",
        "9:16",
        "10:16",
        "11:17",
        "12:17",
        "13:17",
        "14:17",
        "15:02",
        "15:32",
        "16:02",
        "16:33",
        "17:03",
        "17:33",
        "18:03",
        "18:33",
        "18:58",
        "19:28",
        "19:58",
        "20:28",
        "20:58",
        "21:31",
        "21:59",
        "22:31"
    ],
    "holiday": [
        "7:18",
        "7:53",
        "8:28",
        "9:13",
        "10:14",
        "11:15",
        "12:15",
        "13:15",
        "14:15",
        "15:00",
        "15:30",
        "16:00",
        "16:30",
        "17:00",
        "17:30",
        "18:00",
        "18:30",
        "18:58",
        "19:28",
        "19:58",
        "20:28",
        "20:58",
        "21:31",
        "21:59"
    ],
    "url": "https://www.kanachu.co.jp/dia/diagram/timetable01_js/course:0000802150-13/node:00128356/kt:0/lname:/"
}
