{
    "date": "2025/03/15",
    "name": "団地入口(厚木市)",
    "position": "-",
    "system": "海01",
    "destinations": [
        "東一丁目(厚木市)",
        "中一丁目",
        "中二丁目",
        "中三丁目(愛甲郡愛川町)",
        "中四丁目",
        "諏訪東(愛甲郡愛川町)",
        "一号公園前(愛甲郡愛川町)",
        "春日台入口",
        "春日台一丁目",
        "春日台三丁目(愛甲郡愛川町)",
        "春日台団地",
        "文化会館入口(愛甲郡愛川町)",
        "愛川高校入口",
        "箕輪辻",
        "愛川バスセンター"
    ],
    "weekday": [
        "6:34",
        "7:05",
        "7:15",
        "7:26",
        "7:36",
        "7:46",
        "7:57",
        "8:07",
        "8:17",
        "8:27",
        "8:42",
        "9:00",
        "9:20",
        "9:40",
        "10:10",
        "10:55",
        "11:55",
        "12:55",
        "13:41",
        "14:10",
        "14:41",
        "15:10",
        "15:41",
        "16:10",
        "16:41",
        "17:01",
        "17:22",
        "17:42",
        "18:02",
        "18:22",
        "18:42",
        "19:03",
        "19:21",
        "19:39",
        "19:55",
        "20:35",
        "21:00",
        "21:45",
        "22:42"
    ],
    "saturday": [
        "7:02",
        "7:22",
        "7:42",
        "8:07",
        "8:32",
        "9:17",
        "10:17",
        "11:18",
        "12:18",
        "13:18",
        "14:18",
        "15:03",
        "15:33",
        "16:03",
        "16:34",
        "17:04",
        "17:34",
        "18:04",
        "18:34",
        "18:59",
        "19:29",
        "19:59",
        "20:29",
        "20:59",
        "21:32",
        "22:00",
        "22:32"
    ],
    "holiday": [
        "7:19",
        "7:54",
        "8:29",
        "9:14",
        "10:15",
        "11:16",
        "12:16",
        "13:16",
        "14:16",
        "15:01",
        "15:31",
        "16:01",
        "16:31",
        "17:01",
        "17:31",
        "18:01",
        "18:31",
        "18:59",
        "19:29",
        "19:59",
        "20:29",
        "20:59",
        "21:32",
        "22:00"
    ],
    "url": "https://www.kanachu.co.jp/dia/diagram/timetable01_js/course:0000802150-14/node:00128365/kt:0/lname:/"
}
