{
    "date": "2025/03/15",
    "name": "中一丁目",
    "position": "-",
    "system": "海01",
    "destinations": [
        "中二丁目",
        "中三丁目(愛甲郡愛川町)",
        "中四丁目",
        "諏訪東(愛甲郡愛川町)",
        "一号公園前(愛甲郡愛川町)",
        "春日台入口",
        "春日台一丁目",
        "春日台三丁目(愛甲郡愛川町)",
        "春日台団地",
        "文化会館入口(愛甲郡愛川町)",
        "愛川高校入口",
        "箕輪辻",
        "愛川バスセンター"
    ],
    "weekday": [
        "6:37",
        "7:08",
        "7:18",
        "7:29",
        "7:39",
        "7:49",
        "8:00",
        "8:10",
        "8:20",
        "8:30",
        "8:45",
        "9:03",
        "9:23",
        "9:43",
        "10:13",
        "10:58",
        "11:58",
        "12:58",
        "13:44",
        "14:13",
        "14:44",
        "15:13",
        "15:44",
        "16:13",
        "16:44",
        "17:04",
        "17:25",
        "17:45",
        "18:05",
        "18:25",
        "18:45",
        "19:06",
        "19:24",
        "19:42",
        "19:58",
        "20:38",
        "21:03",
        "21:48",
        "22:45"
    ],
    "saturday": [
        "7:05",
        "7:25",
        "7:45",
        "8:10",
        "8:35",
        "9:20",
        "10:20",
        "11:21",
        "12:21",
        "13:21",
        "14:21",
        "15:06",
        "15:36",
        "16:06",
        "16:37",
        "17:07",
        "17:37",
        "18:07",
        "18:37",
        "19:02",
        "19:32",
        "20:02",
        "20:32",
        "21:02",
        "21:35",
        "22:03",
        "22:35"
    ],
    "holiday": [
        "7:21",
        "7:56",
        "8:31",
        "9:16",
        "10:17",
        "11:18",
        "12:18",
        "13:18",
        "14:18",
        "15:03",
        "15:33",
        "16:03",
        "16:33",
        "17:03",
        "17:33",
        "18:03",
        "18:33",
        "19:01",
        "19:31",
        "20:01",
        "20:31",
        "21:01",
        "21:34",
        "22:02"
    ],
    "url": "https://www.kanachu.co.jp/dia/diagram/timetable01_js/course:0000802150-16/node:00128378/kt:0/lname:/"
}
