{
    "date": "2025/03/15",
    "name": "文化会館入口(愛甲郡愛川町)",
    "position": "-",
    "system": "海01",
    "destinations": [
        "愛川高校入口",
        "箕輪辻",
        "愛川バスセンター"
    ],
    "weekday": [
        "6:47",
        "7:19",
        "7:29",
        "7:40",
        "7:50",
        "8:00",
        "8:11",
        "8:21",
        "8:31",
        "8:40",
        "8:55",
        "9:13",
        "9:33",
        "9:53",
        "10:23",
        "11:08",
        "12:08",
        "13:08",
        "13:54",
        "14:23",
        "14:54",
        "15:23",
        "15:54",
        "16:23",
        "16:54",
        "17:14",
        "17:35",
        "17:55",
        "18:15",
        "18:35",
        "18:55",
        "19:16",
        "19:34",
        "19:52",
        "20:08",
        "20:48",
        "21:13",
        "21:58",
        "22:55"
    ],
    "saturday": [
        "7:15",
        "7:35",
        "7:55",
        "8:20",
        "8:45",
        "9:30",
        "10:30",
        "11:31",
        "12:31",
        "13:31",
        "14:31",
        "15:16",
        "15:46",
        "16:16",
        "16:47",
        "17:17",
        "17:47",
        "18:17",
        "18:47",
        "19:12",
        "19:42",
        "20:12",
        "20:42",
        "21:12",
        "21:45",
        "22:13",
        "22:45"
    ],
    "holiday": [
        "7:31",
        "8:06",
        "8:41",
        "9:26",
        "10:27",
        "11:28",
        "12:28",
        "13:28",
        "14:28",
        "15:13",
        "15:43",
        "16:13",
        "16:43",
        "17:13",
        "17:43",
        "18:13",
        "18:43",
        "19:11",
        "19:41",
        "20:11",
        "20:41",
        "21:11",
        "21:44",
        "22:12"
    ],
    "url": "https://www.kanachu.co.jp/dia/diagram/timetable01_js/course:0000802150-26/node:00128376/kt:0/lname:/"
}
