{
    "date": "2025/03/15",
    "name": "南センター前(藤沢市)",
    "position": "-",
    "system": "辻29",
    "destinations": [
        "西高校前(藤沢市)",
        "有藤",
        "大庭隧道",
        "城南一丁目",
        "神台公園前",
        "辻堂駅北口"
    ],
    "weekday": [],
    "saturday": [
        "6:28",
        "7:08",
        "7:28",
        "8:08",
        "8:28",
        "9:01",
        "9:28",
        "10:01",
        "10:28",
        "11:01",
        "11:28",
        "12:01",
        "12:28",
        "13:01",
        "13:28",
        "14:01",
        "14:28",
        "15:01",
        "15:28",
        "16:01",
        "16:28",
        "17:01",
        "17:28",
        "18:01",
        "18:28",
        "19:08",
        "19:28",
        "20:08",
        "20:28",
        "21:08",
        "21:28",
        "22:08"
    ],
    "holiday": [
        "6:28",
        "7:13",
        "7:33",
        "8:08",
        "8:28",
        "9:01",
        "9:28",
        "10:01",
        "10:28",
        "11:01",
        "11:28",
        "12:01",
        "12:28",
        "13:01",
        "13:28",
        "14:01",
        "14:28",
        "15:01",
        "15:28",
        "16:01",
        "16:28",
        "17:01",
        "17:28",
        "18:01",
        "18:28",
        "19:08",
        "19:28",
        "20:08",
        "20:28",
        "21:08",
        "21:28"
    ],
    "url": "https://www.kanachu.co.jp/dia/diagram/timetable01_js/course:0000802320-10/node:00129940/kt:0/lname:/"
}
