{
    "date": "2025/07/12",
    "name": "善行団地西",
    "position": "-",
    "system": "善05",
    "destinations": [
        "善行団地",
        "マーケット前",
        "団地入口(藤沢市)",
        "善行駅"
    ],
    "weekday": [
        "6:16",
        "6:36",
        "6:56",
        "7:17",
        "7:38",
        "7:58",
        "8:21",
        "8:44",
        "9:12",
        "9:48",
        "10:32",
        "11:20",
        "12:08",
        "12:56"
    ],
    "saturday": [
        "6:36",
        "6:56",
        "7:17",
        "7:38",
        "7:58",
        "8:21",
        "8:44",
        "9:12",
        "9:36",
        "9:58",
        "10:19",
        "10:40",
        "11:20",
        "12:08",
        "12:56"
    ],
    "holiday": [
        "6:36",
        "6:56",
        "7:17",
        "7:38",
        "7:58",
        "8:21",
        "8:44",
        "9:12",
        "9:36",
        "9:58",
        "10:19",
        "10:40",
        "11:20",
        "12:08",
        "12:56"
    ],
    "url": "https://www.kanachu.co.jp/dia/diagram/timetable01_js/course:0000801703-5/node:00130303/kt:0/lname:/"
}
