{
    "date": "2026/01/16",
    "name": "西谷戸(横浜市栄区)",
    "position": "-",
    "system": "138",
    "destinations": [
        "渡戸(横浜市栄区)",
        "滝ノ分",
        "地球市民プラザ",
        "本郷台駅"
    ],
    "weekday": [
        "6:13",
        "6:36",
        "7:08",
        "7:26",
        "7:43",
        "8:00",
        "8:21",
        "8:41",
        "9:01",
        "9:21",
        "9:51",
        "10:21",
        "10:51",
        "11:21",
        "11:51",
        "12:21",
        "12:51",
        "13:21",
        "13:51",
        "14:21",
        "14:51",
        "15:21",
        "15:51",
        "16:21",
        "16:51",
        "17:21",
        "17:51",
        "18:21",
        "18:51",
        "19:21",
        "19:51",
        "20:21",
        "20:51",
        "21:24",
        "21:50",
        "22:26"
    ],
    "saturday": [
        "7:11",
        "7:41",
        "8:11",
        "8:41",
        "9:11",
        "9:41",
        "10:11",
        "10:41",
        "11:11",
        "11:41",
        "12:11",
        "12:41",
        "13:11",
        "13:41",
        "14:11",
        "14:41",
        "15:11",
        "15:41",
        "16:11",
        "16:41",
        "17:11",
        "17:41",
        "18:11",
        "18:41",
        "19:11",
        "19:41",
        "20:29",
        "21:24"
    ],
    "holiday": [
        "7:11",
        "7:41",
        "8:11",
        "8:41",
        "9:11",
        "9:41",
        "10:11",
        "10:41",
        "11:11",
        "11:41",
        "12:11",
        "12:41",
        "13:11",
        "13:41",
        "14:11",
        "14:41",
        "15:11",
        "15:41",
        "16:11",
        "16:41",
        "17:11",
        "17:41",
        "18:11",
        "18:41",
        "19:11",
        "19:41",
        "20:29",
        "21:24"
    ],
    "url": "https://www.kanachu.co.jp/dia/diagram/timetable01_js/course:0000804003-10/node:00126599/kt:0/lname:/"
}
