{
  "date": "2024/03/16",
  "name": "山王(相模原市中央区)",
  "position": "-",
  "system": "町29",
  "destinations": [
    "小学校入口(相模原市中央区)",
    "淵野辺郵便局前",
    "幸町(相模原市中央区)",
    "淵野辺駅北口"
  ],
  "weekday": [
    "6:53",
    "7:24",
    "8:05",
    "8:39",
    "9:21",
    "10:06",
    "11:19",
    "12:42",
    "13:42",
    "15:02",
    "15:46",
    "17:06",
    "17:49",
    "18:48",
    "20:02",
    "20:40"
  ],
  "saturday": [
    "7:18",
    "8:33",
    "9:44",
    "11:00",
    "12:00",
    "13:17",
    "14:42",
    "16:06",
    "17:06",
    "18:06",
    "18:56",
    "19:28"
  ],
  "holiday": [
    "7:43",
    "8:43",
    "10:00",
    "10:40",
    "12:00",
    "13:00",
    "13:40",
    "15:02",
    "16:26",
    "17:41",
    "19:06"
  ],
  "url": "https://www.kanachu.co.jp/dia/diagram/timetable01_js/course:0000802014-19/node:00130111/kt:0/lname:/"
}