{
    "date": "2024/12/16",
    "name": "宿矢名",
    "position": "-",
    "system": "巻02",
    "destinations": [
        "矢名",
        "学校入口(秦野市)",
        "東海大学北門",
        "東海大学前駅入口",
        "東海大学前駅南口",
        "鶴美ヶ丘",
        "落幡",
        "鶴巻温泉駅南口"
    ],
    "weekday": [
        "8:12",
        "9:17",
        "10:16",
        "12:13",
        "13:12",
        "14:12",
        "15:12",
        "16:12",
        "17:12",
        "18:12"
    ],
    "saturday": [
        "9:12",
        "10:12",
        "11:12",
        "12:12",
        "13:12",
        "14:12",
        "15:12",
        "17:12"
    ],
    "holiday": [
        "9:12",
        "10:12",
        "11:12",
        "12:12",
        "13:12",
        "14:12",
        "15:12",
        "17:12"
    ],
    "url": "https://www.kanachu.co.jp/dia/diagram/timetable01_js/course:0000803664-3/node:00127756/kt:0/lname:/"
}
