{
    "date": "2025/04/19",
    "name": "四ツ谷(相模原市中央区)",
    "position": "-",
    "system": "淵53",
    "destinations": [
        "田名バスターミナル"
    ],
    "weekday": [
        "6:43",
        "7:17",
        "7:53",
        "8:13",
        "8:43",
        "9:13",
        "9:42",
        "10:12",
        "10:42",
        "11:12",
        "11:42",
        "12:12",
        "12:42",
        "13:12",
        "13:42",
        "14:12",
        "14:42",
        "15:12",
        "15:42",
        "16:12",
        "16:47",
        "17:18",
        "17:48",
        "18:18",
        "18:48",
        "19:13",
        "19:42",
        "20:12",
        "20:32",
        "21:34"
    ],
    "saturday": [
        "6:53",
        "7:33",
        "8:08",
        "8:38",
        "9:08",
        "9:38",
        "10:10",
        "10:40",
        "11:10",
        "11:40",
        "12:10",
        "12:40",
        "13:10",
        "13:40",
        "14:10",
        "14:40",
        "15:10",
        "15:40",
        "16:10",
        "16:40",
        "17:10",
        "17:40",
        "18:10",
        "18:40",
        "19:08",
        "19:38",
        "20:08",
        "20:38",
        "21:08"
    ],
    "holiday": [
        "6:53",
        "7:33",
        "8:08",
        "8:53",
        "9:38",
        "10:25",
        "11:10",
        "11:55",
        "12:40",
        "13:25",
        "14:10",
        "14:55",
        "15:40",
        "16:25",
        "17:10",
        "17:55",
        "18:40",
        "19:23",
        "20:08"
    ],
    "url": "https://www.kanachu.co.jp/dia/diagram/timetable01_js/course:0000802372-15/node:00129289/kt:0/lname:/"
}
