{
    "date": "2024/02/17",
    "name": "街道口",
    "position": "-",
    "system": "鶴23",
    "destinations": [
        "和光学園(町田市)"
    ],
    "weekday": [
        "7:34",
        "8:04",
        "8:14",
        "8:19",
        "8:29",
        "8:39",
        "14:29",
        "14:39",
        "15:14",
        "15:29",
        "15:49",
        "16:09",
        "16:29",
        "16:49",
        "17:03",
        "17:19",
        "17:59"
    ],
    "saturday": [],
    "holiday": [],
    "url": "https://www.kanachu.co.jp/dia/diagram/timetable01_js/course:0000803477-5/node:00049328/kt:0/lname:/"
}
