{
    "date": "2025/01/14",
    "name": "団地入口(厚木市)",
    "position": "-",
    "system": "厚62",
    "destinations": [
        "藤塚(厚木市)",
        "山際",
        "中平(厚木市)",
        "依知小学校前",
        "関口(厚木市)",
        "蓮生寺(厚木市)",
        "追分(厚木市)",
        "下依知入口",
        "金田神社前",
        "金田(厚木市)",
        "金田下宿",
        "積水ソフランウイズ前",
        "鮎津橋",
        "元町(厚木市)",
        "小田急通り",
        "厚木バスセンター"
    ],
    "weekday": [
        "7:37",
        "8:02",
        "8:21",
        "8:31",
        "8:51",
        "17:03",
        "17:26",
        "17:56"
    ],
    "saturday": [],
    "holiday": [],
    "url": "https://www.kanachu.co.jp/dia/diagram/timetable01_js/course:0000800034-31/node:00128365/kt:0/lname:/"
}
