{
    "date": "2025/01/14",
    "name": "下依知入口",
    "position": "-",
    "system": "厚62",
    "destinations": [
        "金田神社前",
        "金田(厚木市)",
        "金田下宿",
        "積水ソフランウイズ前",
        "鮎津橋",
        "元町(厚木市)",
        "小田急通り",
        "厚木バスセンター"
    ],
    "weekday": [
        "7:52",
        "8:17",
        "8:36",
        "8:46",
        "9:06",
        "17:18",
        "17:41",
        "18:11"
    ],
    "saturday": [],
    "holiday": [],
    "url": "https://www.kanachu.co.jp/dia/diagram/timetable01_js/course:0000800034-39/node:00128349/kt:0/lname:/"
}
