{
    "date": "2025/10/20",
    "name": "原町田四丁目",
    "position": "-",
    "system": "町85",
    "destinations": [
        "原町田三丁目",
        "三塚",
        "南橋(町田市)",
        "金森郵便局前",
        "金森",
        "市営住宅入口(町田市)",
        "南中学校前(町田市)",
        "金森四丁目",
        "南農協前",
        "町谷原",
        "南町谷原",
        "小川(町田市)",
        "やなぎ公園前",
        "すずかけ台駅"
    ],
    "weekday": [
        "6:04",
        "6:34",
        "7:04",
        "7:24",
        "8:02",
        "8:19"
    ],
    "saturday": [
        "7:04",
        "7:32",
        "8:07",
        "8:31"
    ],
    "holiday": [
        "6:47",
        "7:42",
        "8:37"
    ],
    "url": "https://www.kanachu.co.jp/dia/diagram/timetable01_js/course:0000800297-2/node:00129465/kt:0/lname:/"
}
