{
    "date": "2025/10/20",
    "name": "南農協前",
    "position": "-",
    "system": "町85",
    "destinations": [
        "町谷原",
        "南町谷原",
        "小川(町田市)",
        "やなぎ公園前",
        "すずかけ台駅"
    ],
    "weekday": [
        "6:15",
        "6:45",
        "7:15",
        "7:35",
        "8:13",
        "8:30"
    ],
    "saturday": [
        "7:15",
        "7:43",
        "8:18",
        "8:42"
    ],
    "holiday": [
        "6:56",
        "7:51",
        "8:46"
    ],
    "url": "https://www.kanachu.co.jp/dia/diagram/timetable01_js/course:0000800297-11/node:00129536/kt:0/lname:/"
}
