{
    "date": "2025/08/30",
    "name": "国道平戸",
    "position": "-",
    "system": "",
    "destinations": [
        "品濃口",
        "坂下(横浜市戸塚区)",
        "品濃町(横浜市戸塚区)",
        "東戸塚駅東口"
    ],
    "weekday": [
        "6:11",
        "6:46",
        "7:16",
        "7:28",
        "7:40"
    ],
    "saturday": [],
    "holiday": [],
    "url": "https://www.kanachu.co.jp/dia/diagram/timetable01_js/course:0000803848-6/node:00126618/kt:0/lname:/"
}
