{
    "system": "南02",
    "busstops": [
        {
            "index": "1",
            "id": "00129758",
            "name": "マークスプリングス",
            "lat": "35.498731",
            "lng": "139.472019"
        },
        {
            "index": "2",
            "id": "00129730",
            "name": "南町田グランベリーパーク駅",
            "lat": "35.512274",
            "lng": "139.470687"
        }
    ],
    "route_url": "https://www.kanachu.co.jp/dia/route/index/cid:0000802500/"
}
