{
    "date": "2025/08/30",
    "name": "水道橋下",
    "position": "-",
    "system": "",
    "destinations": [
        "普門院前",
        "別所宮下",
        "南が丘中学校前",
        "最戸町",
        "最戸橋",
        "上大岡駅"
    ],
    "weekday": [
        "9:42",
        "10:42",
        "11:42",
        "12:32",
        "13:10",
        "14:10",
        "17:12",
        "20:22"
    ],
    "saturday": [
        "10:17",
        "11:06",
        "12:42",
        "12:52",
        "13:42",
        "14:42"
    ],
    "holiday": [
        "12:42",
        "12:53",
        "13:42",
        "14:42",
        "15:42",
        "20:40"
    ],
    "url": "https://www.kanachu.co.jp/dia/diagram/timetable01_js/course:0000803830-3/node:00126565/kt:0/lname:/"
}
