{
    "date": "2025/08/30",
    "name": "別所宮下",
    "position": "-",
    "system": "",
    "destinations": [
        "南が丘中学校前",
        "最戸町",
        "最戸橋",
        "上大岡駅"
    ],
    "weekday": [
        "9:45",
        "10:45",
        "11:45",
        "12:35",
        "13:13",
        "14:13",
        "17:15",
        "20:25"
    ],
    "saturday": [
        "10:20",
        "11:09",
        "12:45",
        "12:55",
        "13:45",
        "14:45"
    ],
    "holiday": [
        "12:45",
        "12:56",
        "13:45",
        "14:45",
        "15:45",
        "20:42"
    ],
    "url": "https://www.kanachu.co.jp/dia/diagram/timetable01_js/course:0000803830-5/node:00126563/kt:0/lname:/"
}
