{
    "date": "2025/08/30",
    "name": "南が丘中学校前",
    "position": "-",
    "system": "71",
    "destinations": [
        "最戸町",
        "最戸橋",
        "上大岡駅"
    ],
    "weekday": [
        "9:46",
        "10:46",
        "11:46",
        "12:36",
        "13:14",
        "14:14",
        "17:16",
        "20:26"
    ],
    "saturday": [
        "10:21",
        "11:10",
        "12:46",
        "12:56",
        "13:46",
        "14:46"
    ],
    "holiday": [
        "12:46",
        "12:57",
        "13:46",
        "14:46",
        "15:46",
        "20:43"
    ],
    "url": "https://www.kanachu.co.jp/dia/diagram/timetable01_js/course:0000803830-6/node:00126562/kt:0/lname:/"
}
