{
    "date": "2025/08/30",
    "name": "最戸橋",
    "position": "-",
    "system": "",
    "destinations": [
        "上大岡駅"
    ],
    "weekday": [
        "9:50",
        "10:50",
        "11:50",
        "12:40",
        "13:18",
        "14:18",
        "17:20",
        "20:30"
    ],
    "saturday": [
        "10:25",
        "11:14",
        "12:50",
        "13:00",
        "13:50",
        "14:50"
    ],
    "holiday": [
        "12:50",
        "13:01",
        "13:50",
        "14:50",
        "15:50",
        "20:46"
    ],
    "url": "https://www.kanachu.co.jp/dia/diagram/timetable01_js/course:0000803830-8/node:00102535/kt:0/lname:/"
}
