{
    "date": "2025/08/04",
    "name": "相原十字路",
    "position": "-",
    "system": "原23",
    "destinations": [
        "真米",
        "東京家政学院前",
        "東京家政学院"
    ],
    "weekday": [
        "8:25",
        "8:39",
        "8:49",
        "9:30",
        "10:34",
        "11:35",
        "12:24",
        "13:04",
        "14:14",
        "14:54",
        "15:54",
        "16:34"
    ],
    "saturday": [
        "8:34",
        "9:24",
        "10:16",
        "11:26",
        "12:29",
        "13:06",
        "14:06",
        "15:06",
        "16:06",
        "17:06"
    ],
    "holiday": [],
    "url": "https://www.kanachu.co.jp/dia/diagram/timetable01_js/course:0000802297-5/node:00128889/kt:0/lname:/"
}
