{
    "date": "2024/07/08",
    "name": "フェリシア高校前",
    "position": "-",
    "system": "鶴01",
    "destinations": [
        "下三輪入口",
        "三輪(町田市)",
        "妙福寺前(町田市)",
        "廣慶寺前",
        "フェリシアこども短期大学"
    ],
    "weekday": [
        "6:44",
        "7:24",
        "8:07",
        "8:23",
        "8:43",
        "9:07",
        "9:44",
        "10:24",
        "11:04",
        "11:44",
        "12:24",
        "13:04",
        "13:44",
        "14:24",
        "15:04",
        "15:44",
        "16:04",
        "16:24",
        "16:44",
        "17:14",
        "17:57",
        "18:41",
        "19:21",
        "19:59",
        "20:41",
        "21:41"
    ],
    "saturday": [
        "7:57",
        "8:57",
        "9:57",
        "10:57",
        "11:57",
        "12:57",
        "13:57",
        "14:57",
        "15:57",
        "16:57",
        "17:57",
        "18:57",
        "19:57"
    ],
    "holiday": [
        "7:57",
        "8:57",
        "9:57",
        "10:57",
        "11:57",
        "12:57",
        "13:57",
        "14:57",
        "15:57",
        "16:57",
        "17:57",
        "18:57",
        "19:57"
    ],
    "url": "https://www.kanachu.co.jp/dia/diagram/timetable01_js/course:0000803436-5/node:00129444/kt:0/lname:/"
}
