{
    "date": "2025/03/15",
    "name": "湘南みずき",
    "position": "-",
    "system": "茅19",
    "destinations": [
        "みずき二丁目",
        "西方(茅ケ崎市)",
        "北陵高校入口",
        "せせらぎ公園入口(茅ケ崎市)",
        "湘南みずき",
        "みずき四丁目",
        "香川二丁目",
        "松風台(茅ケ崎市)",
        "香川小学校入口",
        "鶴が台中学校前",
        "鶴が台入口",
        "ニュータウン入口(茅ケ崎市)",
        "神奈中営業所前",
        "前の田",
        "中央公園前(茅ケ崎市)",
        "茅ヶ崎駅"
    ],
    "weekday": [
        "8:09",
        "9:02",
        "9:59",
        "10:59",
        "11:55",
        "12:55",
        "13:55",
        "14:55",
        "15:55",
        "16:41",
        "17:44",
        "18:47"
    ],
    "saturday": [
        "9:17",
        "10:24",
        "11:19",
        "12:24",
        "13:24",
        "14:24",
        "15:24",
        "16:24",
        "17:24",
        "18:24",
        "19:30"
    ],
    "holiday": [
        "9:27",
        "10:19",
        "11:19",
        "12:24",
        "13:24",
        "14:24",
        "15:24",
        "16:24",
        "17:24",
        "18:24",
        "19:30"
    ],
    "url": "https://www.kanachu.co.jp/dia/diagram/timetable01_js/course:0000800670-12/node:00127409/kt:0/lname:/"
}
