{
    "date": "2025/03/15",
    "name": "香川二丁目",
    "position": "-",
    "system": "茅19",
    "destinations": [
        "松風台(茅ケ崎市)",
        "香川小学校入口",
        "鶴が台中学校前",
        "鶴が台入口",
        "ニュータウン入口(茅ケ崎市)",
        "神奈中営業所前",
        "前の田",
        "中央公園前(茅ケ崎市)",
        "茅ヶ崎駅"
    ],
    "weekday": [
        "8:16",
        "9:09",
        "10:06",
        "11:06",
        "12:02",
        "13:02",
        "14:02",
        "15:02",
        "16:02",
        "16:48",
        "17:51",
        "18:54"
    ],
    "saturday": [
        "9:24",
        "10:31",
        "11:26",
        "12:31",
        "13:31",
        "14:31",
        "15:31",
        "16:31",
        "17:31",
        "18:31",
        "19:37"
    ],
    "holiday": [
        "9:34",
        "10:26",
        "11:26",
        "12:31",
        "13:31",
        "14:31",
        "15:31",
        "16:31",
        "17:31",
        "18:31",
        "19:37"
    ],
    "url": "https://www.kanachu.co.jp/dia/diagram/timetable01_js/course:0000800670-19/node:00127407/kt:0/lname:/"
}
