{
    "date": "2025/03/15",
    "name": "香川小学校入口",
    "position": "-",
    "system": "茅19",
    "destinations": [
        "鶴が台中学校前",
        "鶴が台入口",
        "ニュータウン入口(茅ケ崎市)",
        "神奈中営業所前",
        "前の田",
        "中央公園前(茅ケ崎市)",
        "茅ヶ崎駅"
    ],
    "weekday": [
        "8:23",
        "9:16",
        "10:13",
        "11:13",
        "12:09",
        "13:09",
        "14:09",
        "15:09",
        "16:09",
        "16:55",
        "17:58",
        "19:01"
    ],
    "saturday": [
        "9:29",
        "10:38",
        "11:33",
        "12:38",
        "13:38",
        "14:38",
        "15:38",
        "16:38",
        "17:38",
        "18:38",
        "19:42"
    ],
    "holiday": [
        "9:39",
        "10:33",
        "11:33",
        "12:38",
        "13:38",
        "14:38",
        "15:38",
        "16:38",
        "17:38",
        "18:38",
        "19:42"
    ],
    "url": "https://www.kanachu.co.jp/dia/diagram/timetable01_js/course:0000800670-21/node:00127157/kt:0/lname:/"
}
