{
    "date": "2025/03/15",
    "name": "ニュータウン入口(茅ケ崎市)",
    "position": "-",
    "system": "茅19",
    "destinations": [
        "神奈中営業所前",
        "前の田",
        "中央公園前(茅ケ崎市)",
        "茅ヶ崎駅"
    ],
    "weekday": [
        "8:30",
        "9:23",
        "10:20",
        "11:20",
        "12:16",
        "13:16",
        "14:16",
        "15:16",
        "16:16",
        "17:02",
        "18:05",
        "19:08"
    ],
    "saturday": [
        "9:35",
        "10:45",
        "11:40",
        "12:45",
        "13:45",
        "14:45",
        "15:45",
        "16:45",
        "17:45",
        "18:45",
        "19:47"
    ],
    "holiday": [
        "9:45",
        "10:40",
        "11:40",
        "12:45",
        "13:45",
        "14:45",
        "15:45",
        "16:45",
        "17:45",
        "18:45",
        "19:47"
    ],
    "url": "https://www.kanachu.co.jp/dia/diagram/timetable01_js/course:0000800670-24/node:00127138/kt:0/lname:/"
}
