{
    "date": "2025/03/15",
    "name": "神奈中営業所前",
    "position": "-",
    "system": "茅19",
    "destinations": [
        "前の田",
        "中央公園前(茅ケ崎市)",
        "茅ヶ崎駅"
    ],
    "weekday": [
        "8:31",
        "9:24",
        "10:21",
        "11:21",
        "12:17",
        "13:17",
        "14:17",
        "15:17",
        "16:17",
        "17:03",
        "18:06",
        "19:09"
    ],
    "saturday": [
        "9:36",
        "10:46",
        "11:41",
        "12:46",
        "13:46",
        "14:46",
        "15:46",
        "16:46",
        "17:46",
        "18:46",
        "19:48"
    ],
    "holiday": [
        "9:46",
        "10:41",
        "11:41",
        "12:46",
        "13:46",
        "14:46",
        "15:46",
        "16:46",
        "17:46",
        "18:46",
        "19:48"
    ],
    "url": "https://www.kanachu.co.jp/dia/diagram/timetable01_js/course:0000800670-25/node:00127137/kt:0/lname:/"
}
