{
    "date": "2025/03/15",
    "name": "前の田",
    "position": "-",
    "system": "茅19",
    "destinations": [
        "中央公園前(茅ケ崎市)",
        "茅ヶ崎駅"
    ],
    "weekday": [
        "8:32",
        "9:25",
        "10:22",
        "11:22",
        "12:18",
        "13:18",
        "14:18",
        "15:18",
        "16:18",
        "17:04",
        "18:07",
        "19:10"
    ],
    "saturday": [
        "9:37",
        "10:47",
        "11:42",
        "12:47",
        "13:47",
        "14:47",
        "15:47",
        "16:47",
        "17:47",
        "18:47",
        "19:49"
    ],
    "holiday": [
        "9:47",
        "10:42",
        "11:42",
        "12:47",
        "13:47",
        "14:47",
        "15:47",
        "16:47",
        "17:47",
        "18:47",
        "19:49"
    ],
    "url": "https://www.kanachu.co.jp/dia/diagram/timetable01_js/course:0000800670-26/node:00127136/kt:0/lname:/"
}
