{
    "date": "2025/03/15",
    "name": "中央公園前(茅ケ崎市)",
    "position": "-",
    "system": "茅19",
    "destinations": [
        "茅ヶ崎駅"
    ],
    "weekday": [
        "8:34",
        "9:27",
        "10:24",
        "11:24",
        "12:20",
        "13:20",
        "14:20",
        "15:20",
        "16:20",
        "17:06",
        "18:09",
        "19:12"
    ],
    "saturday": [
        "9:39",
        "10:49",
        "11:44",
        "12:49",
        "13:49",
        "14:49",
        "15:49",
        "16:49",
        "17:49",
        "18:49",
        "19:51"
    ],
    "holiday": [
        "9:49",
        "10:44",
        "11:44",
        "12:49",
        "13:49",
        "14:49",
        "15:49",
        "16:49",
        "17:49",
        "18:49",
        "19:51"
    ],
    "url": "https://www.kanachu.co.jp/dia/diagram/timetable01_js/course:0000800670-27/node:00127135/kt:0/lname:/"
}
