{
    "date": "2024/04/01",
    "name": "あかね台入口(伊勢原市)",
    "position": "-",
    "system": "愛02",
    "destinations": [
        "高森四丁目",
        "会館前(伊勢原市)",
        "高森二丁目",
        "18号棟前",
        "22号棟前",
        "5号棟前",
        "すみだ公園"
    ],
    "weekday": [
        "20:12",
        "22:27"
    ],
    "saturday": [],
    "holiday": [],
    "url": "https://www.kanachu.co.jp/dia/diagram/timetable01_js/course:0000801062-6/node:00128241/kt:0/lname:/"
}
