{
    "date": "2015/10/28",
    "name": "諏訪町(秦野市)",
    "position": "-",
    "system": "秦15",
    "destinations": [
        "南公民館前(秦野市)",
        "白笹稲荷神社入口",
        "畑中(秦野市)",
        "平沢(秦野市平沢)",
        "震生湖",
        "小原(足柄上郡中井町)",
        "後窪",
        "水無窪",
        "本別所",
        "本境",
        "境コミュニティーセンター前",
        "原中(足柄上郡中井町)",
        "原下(足柄上郡中井町)",
        "大塚(足柄上郡中井町)",
        "やまゆり園前(足柄上郡中井町)",
        "才戸",
        "藤沢",
        "中井中学校前",
        "中井役場前",
        "万年橋(足柄上郡中井町)"
    ],
    "weekday": [
        "7:28"
    ],
    "saturday": [],
    "holiday": [],
    "url": "https://www.kanachu.co.jp/dia/diagram/timetable01_js/course:0000802154-4/node:00127930/kt:0/lname:/"
}
