{
    "date": "2025/04/01",
    "name": "忠生公園前",
    "position": "-",
    "system": "町33",
    "destinations": [
        "山崎小学校前(東京都)",
        "上山崎",
        "山崎高校入口",
        "下山崎(町田市)"
    ],
    "weekday": [
        "6:18",
        "6:33",
        "6:58",
        "7:22",
        "7:36",
        "8:03",
        "8:22",
        "8:35",
        "8:45",
        "9:10",
        "9:44",
        "10:16",
        "10:44",
        "11:26",
        "11:44",
        "12:24",
        "12:42",
        "13:24",
        "13:44",
        "14:24",
        "14:44",
        "15:24",
        "15:44",
        "16:19",
        "16:38",
        "16:58",
        "17:38",
        "17:58",
        "18:16",
        "18:36",
        "18:58",
        "19:14",
        "19:36",
        "19:56",
        "20:14",
        "20:44",
        "21:18",
        "21:51",
        "22:18",
        "22:48",
        "23:13",
        "23:43"
    ],
    "saturday": [
        "6:23",
        "7:23",
        "7:53",
        "8:24",
        "8:49",
        "9:04",
        "9:24",
        "9:42",
        "10:04",
        "10:24",
        "10:44",
        "11:04",
        "11:26",
        "11:46",
        "12:06",
        "12:24",
        "12:44",
        "13:06",
        "13:24",
        "13:44",
        "14:06",
        "14:26",
        "14:44",
        "15:06",
        "15:26",
        "15:44",
        "16:06",
        "16:24",
        "16:44",
        "17:06",
        "17:24",
        "17:44",
        "18:06",
        "18:24",
        "18:44",
        "19:06",
        "19:38",
        "20:03",
        "20:36",
        "21:03",
        "21:36",
        "22:03",
        "22:33",
        "23:13"
    ],
    "holiday": [
        "6:23",
        "7:23",
        "8:23",
        "8:53",
        "9:24",
        "9:49",
        "10:24",
        "10:49",
        "11:26",
        "11:46",
        "12:06",
        "12:26",
        "12:46",
        "13:06",
        "13:26",
        "13:46",
        "14:06",
        "14:26",
        "14:46",
        "15:06",
        "15:26",
        "15:46",
        "16:06",
        "16:26",
        "16:46",
        "17:06",
        "17:26",
        "17:46",
        "18:06",
        "18:26",
        "18:46",
        "19:05",
        "19:23",
        "19:55",
        "20:23",
        "20:55",
        "21:58",
        "22:53"
    ],
    "url": "https://www.kanachu.co.jp/dia/diagram/timetable01_js/course:0000802682-15/node:00129393/kt:0/lname:/"
}
