{
    "date": "2026/01/16",
    "name": "菅田町入口",
    "position": "-",
    "system": "121",
    "destinations": [
        "八反橋",
        "羽沢下町",
        "羽沢町",
        "東泉寺前",
        "羽沢団地前",
        "三枚町",
        "生花市場前",
        "羽沢横浜国大駅前",
        "高山(横浜市神奈川区)",
        "羽沢南",
        "池の谷戸(横浜市保土ケ谷区)",
        "川島住宅",
        "杉山神社前(横浜市保土ケ谷区)",
        "上星川",
        "保土ヶ谷中学校前",
        "和田町(横浜市保土ケ谷区)",
        "常盤園下",
        "峰岡町",
        "峯小学校前",
        "宮田町(横浜市保土ケ谷区)",
        "洪福寺",
        "天王町(横浜市保土ケ谷区)",
        "天王町駅前",
        "大門通",
        "帷子町会館前",
        "保土ヶ谷駅西口"
    ],
    "weekday": [
        "6:49",
        "7:50",
        "8:31",
        "9:30",
        "10:30",
        "11:30",
        "12:30",
        "13:30",
        "14:30",
        "15:30",
        "16:30",
        "17:30",
        "18:30"
    ],
    "saturday": [
        "7:05",
        "8:07",
        "9:07",
        "10:06",
        "11:06",
        "12:09",
        "13:06",
        "14:06",
        "15:08",
        "16:07",
        "17:07",
        "18:09"
    ],
    "holiday": [
        "7:05",
        "8:08",
        "9:07",
        "10:06",
        "11:06",
        "12:06",
        "13:06",
        "14:06",
        "15:08",
        "16:07",
        "17:07",
        "18:07"
    ],
    "url": "https://www.kanachu.co.jp/dia/diagram/timetable01_js/course:0000804261-4/node:00102657/kt:0/lname:/"
}
