{
    "date": "2026/01/16",
    "name": "和田町(横浜市保土ケ谷区)",
    "position": "-",
    "system": "121",
    "destinations": [
        "常盤園下",
        "峰岡町",
        "峯小学校前",
        "宮田町(横浜市保土ケ谷区)",
        "洪福寺",
        "天王町(横浜市保土ケ谷区)",
        "天王町駅前",
        "大門通",
        "帷子町会館前",
        "保土ヶ谷駅西口"
    ],
    "weekday": [
        "7:10",
        "8:12",
        "8:53",
        "9:50",
        "10:50",
        "11:51",
        "12:51",
        "13:51",
        "14:51",
        "15:51",
        "16:51",
        "17:52",
        "18:52"
    ],
    "saturday": [
        "7:25",
        "8:27",
        "9:27",
        "10:26",
        "11:26",
        "12:29",
        "13:26",
        "14:27",
        "15:29",
        "16:28",
        "17:28",
        "18:30"
    ],
    "holiday": [
        "7:25",
        "8:28",
        "9:27",
        "10:26",
        "11:26",
        "12:26",
        "13:26",
        "14:27",
        "15:29",
        "16:28",
        "17:28",
        "18:28"
    ],
    "url": "https://www.kanachu.co.jp/dia/diagram/timetable01_js/course:0000804261-20/node:00103260/kt:0/lname:/"
}
