{
    "date": "2026/01/16",
    "name": "常盤園下",
    "position": "-",
    "system": "121",
    "destinations": [
        "峰岡町",
        "峯小学校前",
        "宮田町(横浜市保土ケ谷区)",
        "洪福寺",
        "天王町(横浜市保土ケ谷区)",
        "天王町駅前",
        "大門通",
        "帷子町会館前",
        "保土ヶ谷駅西口"
    ],
    "weekday": [
        "7:11",
        "8:13",
        "8:54",
        "9:51",
        "10:51",
        "11:52",
        "12:52",
        "13:52",
        "14:52",
        "15:52",
        "16:52",
        "17:53",
        "18:53"
    ],
    "saturday": [
        "7:26",
        "8:28",
        "9:28",
        "10:27",
        "11:27",
        "12:30",
        "13:27",
        "14:28",
        "15:30",
        "16:29",
        "17:29",
        "18:31"
    ],
    "holiday": [
        "7:26",
        "8:29",
        "9:28",
        "10:27",
        "11:27",
        "12:27",
        "13:27",
        "14:28",
        "15:30",
        "16:29",
        "17:29",
        "18:29"
    ],
    "url": "https://www.kanachu.co.jp/dia/diagram/timetable01_js/course:0000804261-21/node:00102799/kt:0/lname:/"
}
