{
    "date": "2026/01/16",
    "name": "峰岡町",
    "position": "-",
    "system": "121",
    "destinations": [
        "峯小学校前",
        "宮田町(横浜市保土ケ谷区)",
        "洪福寺",
        "天王町(横浜市保土ケ谷区)",
        "天王町駅前",
        "大門通",
        "帷子町会館前",
        "保土ヶ谷駅西口"
    ],
    "weekday": [
        "7:12",
        "8:14",
        "8:55",
        "9:52",
        "10:52",
        "11:53",
        "12:53",
        "13:53",
        "14:53",
        "15:53",
        "16:53",
        "17:54",
        "18:54"
    ],
    "saturday": [
        "7:27",
        "8:29",
        "9:29",
        "10:28",
        "11:28",
        "12:31",
        "13:28",
        "14:29",
        "15:31",
        "16:30",
        "17:30",
        "18:32"
    ],
    "holiday": [
        "7:27",
        "8:30",
        "9:29",
        "10:28",
        "11:28",
        "12:28",
        "13:28",
        "14:29",
        "15:31",
        "16:30",
        "17:30",
        "18:30"
    ],
    "url": "https://www.kanachu.co.jp/dia/diagram/timetable01_js/course:0000804261-22/node:00103136/kt:0/lname:/"
}
