{
    "date": "2025/10/06",
    "name": "谷ヶ原",
    "position": "-",
    "system": "橋01",
    "destinations": [
        "久保沢",
        "城山総合事務所入口",
        "原宿(相模原市緑区)",
        "東原宿",
        "森の上",
        "二本松(相模原市緑区)",
        "相原中央",
        "相原台",
        "大西(相模原市緑区)",
        "上町(相模原市緑区)",
        "香福寺前",
        "旭小学校前(相模原市緑区)",
        "旭農協前",
        "橋本駅北口"
    ],
    "weekday": [
        "5:44",
        "6:14",
        "6:24",
        "6:34",
        "7:01",
        "7:11",
        "7:17",
        "7:33",
        "7:41",
        "7:57",
        "8:07",
        "8:18",
        "8:33",
        "8:48",
        "9:03",
        "9:18",
        "9:33",
        "9:48",
        "10:03",
        "10:18",
        "10:33",
        "10:48",
        "11:03",
        "11:18",
        "11:33",
        "11:48",
        "12:03",
        "12:18",
        "12:33",
        "12:48",
        "13:03",
        "13:18",
        "13:33",
        "13:48",
        "14:03",
        "14:18",
        "14:33",
        "14:48",
        "15:03",
        "15:18",
        "15:33",
        "15:48",
        "16:01",
        "16:13",
        "16:24",
        "16:36",
        "16:48",
        "16:58",
        "17:09",
        "17:21",
        "17:33",
        "17:45",
        "17:59",
        "18:12",
        "18:25",
        "18:38",
        "18:50",
        "19:03",
        "19:14",
        "19:34",
        "19:54",
        "20:14",
        "20:34",
        "20:54",
        "21:14",
        "21:44",
        "22:14"
    ],
    "saturday": [
        "5:34",
        "5:59",
        "6:24",
        "6:44",
        "7:04",
        "7:29",
        "7:44",
        "7:59",
        "8:14",
        "8:29",
        "8:44",
        "8:56",
        "9:12",
        "9:27",
        "9:42",
        "9:57",
        "10:12",
        "10:27",
        "10:42",
        "10:57",
        "11:12",
        "11:27",
        "11:42",
        "11:57",
        "12:12",
        "12:27",
        "12:42",
        "12:52",
        "13:07",
        "13:22",
        "13:37",
        "13:52",
        "14:07",
        "14:22",
        "14:37",
        "14:52",
        "15:07",
        "15:22",
        "15:37",
        "15:52",
        "16:07",
        "16:22",
        "16:37",
        "16:52",
        "17:07",
        "17:22",
        "17:37",
        "17:52",
        "18:07",
        "18:30",
        "18:49",
        "19:04",
        "19:19",
        "19:34",
        "19:54",
        "20:14",
        "20:34",
        "20:54",
        "21:14",
        "21:44",
        "22:14"
    ],
    "holiday": [
        "5:34",
        "6:04",
        "6:34",
        "7:04",
        "7:29",
        "7:44",
        "7:59",
        "8:14",
        "8:29",
        "8:44",
        "8:56",
        "9:12",
        "9:27",
        "9:42",
        "9:57",
        "10:12",
        "10:27",
        "10:42",
        "10:57",
        "11:12",
        "11:27",
        "11:42",
        "11:57",
        "12:12",
        "12:27",
        "12:42",
        "12:52",
        "13:07",
        "13:22",
        "13:37",
        "13:52",
        "14:07",
        "14:22",
        "14:37",
        "14:52",
        "15:07",
        "15:22",
        "15:37",
        "15:52",
        "16:07",
        "16:22",
        "16:37",
        "16:52",
        "17:07",
        "17:22",
        "17:37",
        "17:52",
        "18:07",
        "18:30",
        "18:49",
        "19:04",
        "19:19",
        "19:34",
        "19:54",
        "20:14",
        "20:34",
        "20:54",
        "21:14",
        "21:44"
    ],
    "url": "https://www.kanachu.co.jp/dia/diagram/timetable01_js/course:0000803763-17/node:00128958/kt:0/lname:/"
}
