{
    "date": "2025/10/06",
    "name": "大西(相模原市緑区)",
    "position": "-",
    "system": "橋01",
    "destinations": [
        "上町(相模原市緑区)",
        "香福寺前",
        "旭小学校前(相模原市緑区)",
        "旭農協前",
        "橋本駅北口"
    ],
    "weekday": [
        "5:54",
        "6:24",
        "6:34",
        "6:44",
        "7:13",
        "7:23",
        "7:29",
        "7:45",
        "7:53",
        "8:09",
        "8:19",
        "8:30",
        "8:45",
        "9:00",
        "9:15",
        "9:30",
        "9:45",
        "10:00",
        "10:15",
        "10:30",
        "10:45",
        "11:00",
        "11:15",
        "11:30",
        "11:45",
        "12:00",
        "12:15",
        "12:30",
        "12:45",
        "13:00",
        "13:15",
        "13:30",
        "13:45",
        "14:00",
        "14:15",
        "14:30",
        "14:45",
        "15:00",
        "15:15",
        "15:30",
        "15:45",
        "16:00",
        "16:13",
        "16:25",
        "16:36",
        "16:48",
        "17:00",
        "17:10",
        "17:21",
        "17:33",
        "17:45",
        "17:57",
        "18:11",
        "18:24",
        "18:37",
        "18:50",
        "19:02",
        "19:12",
        "19:23",
        "19:43",
        "20:03",
        "20:23",
        "20:43",
        "21:03",
        "21:23",
        "21:53",
        "22:23"
    ],
    "saturday": [
        "5:43",
        "6:08",
        "6:33",
        "6:53",
        "7:13",
        "7:38",
        "7:53",
        "8:08",
        "8:23",
        "8:38",
        "8:53",
        "9:07",
        "9:24",
        "9:39",
        "9:54",
        "10:09",
        "10:24",
        "10:39",
        "10:54",
        "11:09",
        "11:24",
        "11:39",
        "11:54",
        "12:09",
        "12:24",
        "12:39",
        "12:54",
        "13:04",
        "13:19",
        "13:34",
        "13:49",
        "14:04",
        "14:19",
        "14:34",
        "14:49",
        "15:04",
        "15:19",
        "15:34",
        "15:49",
        "16:04",
        "16:19",
        "16:34",
        "16:49",
        "17:04",
        "17:19",
        "17:34",
        "17:49",
        "18:04",
        "18:19",
        "18:40",
        "18:58",
        "19:13",
        "19:28",
        "19:43",
        "20:03",
        "20:23",
        "20:43",
        "21:03",
        "21:23",
        "21:53",
        "22:23"
    ],
    "holiday": [
        "5:43",
        "6:13",
        "6:43",
        "7:13",
        "7:38",
        "7:53",
        "8:08",
        "8:23",
        "8:38",
        "8:53",
        "9:07",
        "9:24",
        "9:39",
        "9:54",
        "10:09",
        "10:24",
        "10:39",
        "10:54",
        "11:09",
        "11:24",
        "11:39",
        "11:54",
        "12:09",
        "12:24",
        "12:39",
        "12:54",
        "13:04",
        "13:19",
        "13:34",
        "13:49",
        "14:04",
        "14:19",
        "14:34",
        "14:49",
        "15:04",
        "15:19",
        "15:34",
        "15:49",
        "16:04",
        "16:19",
        "16:34",
        "16:49",
        "17:04",
        "17:19",
        "17:34",
        "17:49",
        "18:04",
        "18:19",
        "18:40",
        "18:58",
        "19:13",
        "19:28",
        "19:43",
        "20:03",
        "20:23",
        "20:43",
        "21:03",
        "21:23",
        "21:53"
    ],
    "url": "https://www.kanachu.co.jp/dia/diagram/timetable01_js/course:0000803763-26/node:00128967/kt:0/lname:/"
}
