{
    "date": "2025/10/06",
    "name": "旭農協前",
    "position": "-",
    "system": "橋01",
    "destinations": [
        "橋本駅北口"
    ],
    "weekday": [
        "6:00",
        "6:30",
        "6:40",
        "6:51",
        "7:23",
        "7:33",
        "7:39",
        "7:55",
        "8:03",
        "8:19",
        "8:29",
        "8:40",
        "8:53",
        "9:08",
        "9:23",
        "9:38",
        "9:53",
        "10:08",
        "10:23",
        "10:38",
        "10:53",
        "11:08",
        "11:23",
        "11:38",
        "11:53",
        "12:08",
        "12:23",
        "12:38",
        "12:53",
        "13:08",
        "13:23",
        "13:38",
        "13:53",
        "14:08",
        "14:23",
        "14:38",
        "14:53",
        "15:08",
        "15:23",
        "15:38",
        "15:53",
        "16:08",
        "16:21",
        "16:33",
        "16:44",
        "16:56",
        "17:08",
        "17:18",
        "17:29",
        "17:41",
        "17:53",
        "18:05",
        "18:19",
        "18:32",
        "18:45",
        "18:58",
        "19:09",
        "19:19",
        "19:30",
        "19:50",
        "20:10",
        "20:30",
        "20:50",
        "21:10",
        "21:30",
        "22:00",
        "22:30"
    ],
    "saturday": [
        "5:49",
        "6:14",
        "6:39",
        "6:59",
        "7:19",
        "7:44",
        "7:59",
        "8:14",
        "8:29",
        "8:44",
        "8:59",
        "9:15",
        "9:32",
        "9:47",
        "10:02",
        "10:17",
        "10:32",
        "10:47",
        "11:03",
        "11:18",
        "11:33",
        "11:48",
        "12:03",
        "12:18",
        "12:33",
        "12:48",
        "13:02",
        "13:13",
        "13:28",
        "13:43",
        "13:58",
        "14:13",
        "14:28",
        "14:43",
        "14:58",
        "15:13",
        "15:28",
        "15:43",
        "15:58",
        "16:13",
        "16:28",
        "16:43",
        "16:58",
        "17:13",
        "17:28",
        "17:43",
        "17:58",
        "18:13",
        "18:28",
        "18:46",
        "19:04",
        "19:19",
        "19:34",
        "19:49",
        "20:09",
        "20:29",
        "20:49",
        "21:09",
        "21:29",
        "21:59",
        "22:29"
    ],
    "holiday": [
        "5:49",
        "6:19",
        "6:49",
        "7:19",
        "7:44",
        "7:59",
        "8:14",
        "8:29",
        "8:44",
        "8:59",
        "9:15",
        "9:32",
        "9:47",
        "10:02",
        "10:17",
        "10:32",
        "10:47",
        "11:02",
        "11:17",
        "11:32",
        "11:47",
        "12:02",
        "12:17",
        "12:32",
        "12:47",
        "13:02",
        "13:13",
        "13:28",
        "13:43",
        "13:58",
        "14:13",
        "14:28",
        "14:43",
        "14:58",
        "15:13",
        "15:28",
        "15:43",
        "15:58",
        "16:13",
        "16:28",
        "16:43",
        "16:58",
        "17:13",
        "17:28",
        "17:43",
        "17:58",
        "18:13",
        "18:28",
        "18:46",
        "19:04",
        "19:19",
        "19:34",
        "19:49",
        "20:09",
        "20:29",
        "20:49",
        "21:09",
        "21:29",
        "21:59"
    ],
    "url": "https://www.kanachu.co.jp/dia/diagram/timetable01_js/course:0000803763-30/node:00020098/kt:0/lname:/"
}
