{
    "date": "2025/10/20",
    "name": "立野台公園北",
    "position": "-",
    "system": "下02",
    "destinations": [
        "立野台",
        "立野台下",
        "栗原神社前",
        "栗原交番前",
        "下栗原",
        "さがみ野駅北口"
    ],
    "weekday": [
        "7:19",
        "8:33",
        "9:55",
        "11:15",
        "12:40",
        "13:55",
        "15:15",
        "16:40"
    ],
    "saturday": [
        "10:00",
        "11:20",
        "12:40",
        "14:00",
        "15:20",
        "16:40"
    ],
    "holiday": [
        "10:00",
        "11:20",
        "12:40",
        "14:00",
        "15:20",
        "16:40"
    ],
    "url": "https://www.kanachu.co.jp/dia/diagram/timetable01_js/course:0000800397-11/node:00128573/kt:0/lname:/"
}
