{
    "date": "2025/10/20",
    "name": "下栗原",
    "position": "-",
    "system": "下02",
    "destinations": [
        "さがみ野駅北口"
    ],
    "weekday": [
        "7:28",
        "8:42",
        "10:04",
        "11:24",
        "12:49",
        "14:04",
        "15:24",
        "16:49"
    ],
    "saturday": [
        "10:08",
        "11:28",
        "12:48",
        "14:08",
        "15:28",
        "16:48"
    ],
    "holiday": [
        "10:08",
        "11:28",
        "12:48",
        "14:08",
        "15:28",
        "16:48"
    ],
    "url": "https://www.kanachu.co.jp/dia/diagram/timetable01_js/course:0000800397-16/node:00129757/kt:0/lname:/"
}
