{
    "date": "2025/04/19",
    "name": "鹿沼公園南入口",
    "position": "-",
    "system": "相02",
    "destinations": [
        "淵野辺十字路",
        "宇宙科学研究本部",
        "共和(相模原市中央区)",
        "嶽の内入口",
        "老人ホーム入口(相模原市南区)",
        "古淵駅入口",
        "大野小学校入口",
        "市営斎場入口",
        "南警察署前(相模原市南区)",
        "相模病院入口",
        "鵜野森",
        "谷口(相模原市南区)",
        "相模大野駅北口"
    ],
    "weekday": [
        "5:48",
        "6:08",
        "6:23",
        "6:35",
        "6:47",
        "6:59",
        "7:14",
        "7:29",
        "7:49",
        "8:09",
        "8:39",
        "9:09",
        "9:39",
        "10:09",
        "10:39",
        "11:09",
        "11:39",
        "12:09",
        "12:39",
        "13:09",
        "13:39",
        "14:09",
        "14:39",
        "15:09",
        "15:39",
        "16:09",
        "16:39",
        "17:09",
        "17:29",
        "17:49",
        "18:09",
        "18:39",
        "19:09",
        "19:39",
        "20:18",
        "20:58",
        "21:48"
    ],
    "saturday": [
        "6:07",
        "6:37",
        "7:07",
        "7:37",
        "8:08",
        "8:38",
        "9:08",
        "9:38",
        "10:08",
        "10:38",
        "11:08",
        "11:38",
        "12:08",
        "12:38",
        "13:08",
        "13:38",
        "14:08",
        "14:38",
        "15:08",
        "15:38",
        "16:08",
        "16:38",
        "17:08",
        "17:38",
        "18:08",
        "18:38",
        "19:07",
        "19:47",
        "20:37",
        "21:27"
    ],
    "holiday": [
        "6:07",
        "6:37",
        "7:07",
        "7:37",
        "8:08",
        "8:38",
        "9:08",
        "9:38",
        "10:08",
        "10:38",
        "11:08",
        "11:38",
        "12:08",
        "12:38",
        "13:08",
        "13:38",
        "14:08",
        "14:38",
        "15:08",
        "15:38",
        "16:08",
        "16:38",
        "17:08",
        "17:38",
        "18:08",
        "18:38",
        "19:07",
        "19:47",
        "20:37",
        "21:27"
    ],
    "url": "https://www.kanachu.co.jp/dia/diagram/timetable01_js/course:0000802392-7/node:00129102/kt:0/lname:/"
}
