{
    "date": "2025/04/19",
    "name": "宇宙科学研究本部",
    "position": "-",
    "system": "相02",
    "destinations": [
        "共和(相模原市中央区)",
        "嶽の内入口",
        "老人ホーム入口(相模原市南区)",
        "古淵駅入口",
        "大野小学校入口",
        "市営斎場入口",
        "南警察署前(相模原市南区)",
        "相模病院入口",
        "鵜野森",
        "谷口(相模原市南区)",
        "相模大野駅北口"
    ],
    "weekday": [
        "5:50",
        "6:10",
        "6:25",
        "6:37",
        "6:49",
        "7:01",
        "7:16",
        "7:31",
        "7:51",
        "8:11",
        "8:41",
        "9:11",
        "9:41",
        "10:11",
        "10:41",
        "11:11",
        "11:41",
        "12:11",
        "12:41",
        "13:11",
        "13:41",
        "14:11",
        "14:41",
        "15:11",
        "15:41",
        "16:11",
        "16:41",
        "17:11",
        "17:31",
        "17:51",
        "18:11",
        "18:41",
        "19:11",
        "19:41",
        "20:20",
        "21:00",
        "21:50"
    ],
    "saturday": [
        "6:09",
        "6:39",
        "7:09",
        "7:39",
        "8:10",
        "8:40",
        "9:10",
        "9:40",
        "10:10",
        "10:40",
        "11:10",
        "11:40",
        "12:10",
        "12:40",
        "13:10",
        "13:40",
        "14:10",
        "14:40",
        "15:10",
        "15:40",
        "16:10",
        "16:40",
        "17:10",
        "17:40",
        "18:10",
        "18:40",
        "19:09",
        "19:49",
        "20:39",
        "21:29"
    ],
    "holiday": [
        "6:09",
        "6:39",
        "7:09",
        "7:39",
        "8:10",
        "8:40",
        "9:10",
        "9:40",
        "10:10",
        "10:40",
        "11:10",
        "11:40",
        "12:10",
        "12:40",
        "13:10",
        "13:40",
        "14:10",
        "14:40",
        "15:10",
        "15:40",
        "16:10",
        "16:40",
        "17:10",
        "17:40",
        "18:10",
        "18:40",
        "19:09",
        "19:49",
        "20:39",
        "21:29"
    ],
    "url": "https://www.kanachu.co.jp/dia/diagram/timetable01_js/course:0000802392-9/node:00129075/kt:0/lname:/"
}
