{
    "date": "2025/04/19",
    "name": "谷口(相模原市南区)",
    "position": "-",
    "system": "相02",
    "destinations": [
        "相模大野駅北口"
    ],
    "weekday": [
        "6:04",
        "6:24",
        "6:39",
        "6:51",
        "7:04",
        "7:23",
        "7:38",
        "7:53",
        "8:13",
        "8:33",
        "9:02",
        "9:32",
        "10:02",
        "10:32",
        "11:02",
        "11:32",
        "12:02",
        "12:32",
        "13:02",
        "13:32",
        "14:02",
        "14:32",
        "15:02",
        "15:32",
        "16:02",
        "16:32",
        "17:02",
        "17:32",
        "17:52",
        "18:12",
        "18:32",
        "19:02",
        "19:32",
        "20:02",
        "20:34",
        "21:14",
        "22:04"
    ],
    "saturday": [
        "6:22",
        "6:52",
        "7:22",
        "7:52",
        "8:32",
        "9:02",
        "9:32",
        "10:02",
        "10:32",
        "11:02",
        "11:32",
        "12:02",
        "12:32",
        "13:02",
        "13:32",
        "14:02",
        "14:32",
        "15:02",
        "15:32",
        "16:02",
        "16:32",
        "17:02",
        "17:32",
        "18:02",
        "18:32",
        "19:02",
        "19:22",
        "20:02",
        "20:52",
        "21:42"
    ],
    "holiday": [
        "6:22",
        "6:52",
        "7:22",
        "7:52",
        "8:32",
        "9:02",
        "9:32",
        "10:02",
        "10:32",
        "11:02",
        "11:32",
        "12:02",
        "12:32",
        "13:02",
        "13:32",
        "14:02",
        "14:32",
        "15:02",
        "15:32",
        "16:02",
        "16:32",
        "17:02",
        "17:32",
        "18:02",
        "18:32",
        "19:02",
        "19:22",
        "20:02",
        "20:52",
        "21:42"
    ],
    "url": "https://www.kanachu.co.jp/dia/diagram/timetable01_js/course:0000802392-19/node:00129278/kt:0/lname:/"
}
