{
    "date": "2022/02/05",
    "name": "町屋(茅ケ崎市)",
    "position": "-",
    "system": "茅35",
    "destinations": [
        "茶屋町(茅ケ崎市)",
        "十間坂",
        "茅ヶ崎四ツ角",
        "茅ヶ崎駅"
    ],
    "weekday": [
        "5:39",
        "5:58",
        "6:13",
        "6:33",
        "6:50",
        "6:57",
        "7:10",
        "7:17",
        "7:31",
        "7:47",
        "8:15",
        "9:23",
        "9:43",
        "10:23",
        "10:43",
        "11:23",
        "11:43",
        "12:23",
        "12:43",
        "13:23",
        "13:48",
        "14:23",
        "14:48",
        "15:23",
        "15:48",
        "16:26",
        "16:46",
        "17:28",
        "17:53",
        "18:28",
        "18:53",
        "19:23",
        "19:53"
    ],
    "saturday": [
        "5:44",
        "6:13",
        "6:35",
        "6:56",
        "7:15",
        "7:35",
        "8:15",
        "8:35",
        "9:15",
        "9:35",
        "10:15",
        "10:35",
        "11:15",
        "11:35",
        "12:15",
        "12:35",
        "13:15",
        "13:35",
        "14:15",
        "14:35",
        "15:15",
        "15:35",
        "16:15",
        "16:35",
        "17:18",
        "17:38",
        "17:58",
        "18:18",
        "18:38",
        "18:58",
        "19:18",
        "19:38",
        "20:23",
        "21:23",
        "22:23"
    ],
    "holiday": [
        "5:44",
        "6:13",
        "6:35",
        "6:56",
        "7:15",
        "7:35",
        "8:15",
        "8:35",
        "9:15",
        "9:35",
        "10:15",
        "10:35",
        "11:15",
        "11:35",
        "12:15",
        "12:35",
        "13:15",
        "13:35",
        "14:15",
        "14:35",
        "15:15",
        "15:35",
        "16:15",
        "16:35",
        "17:18",
        "17:38",
        "17:58",
        "18:18",
        "18:38",
        "18:58",
        "19:18",
        "19:38",
        "20:23",
        "21:23",
        "22:23"
    ],
    "url": "https://www.kanachu.co.jp/dia/diagram/timetable01_js/course:0000802113-4/node:00127183/kt:0/lname:/"
}
