{
    "date": "2022/02/05",
    "name": "茅ヶ崎四ツ角",
    "position": "-",
    "system": "茅35",
    "destinations": [
        "茅ヶ崎駅"
    ],
    "weekday": [
        "5:42",
        "6:01",
        "6:16",
        "6:36",
        "6:53",
        "7:00",
        "7:13",
        "7:20",
        "7:34",
        "7:50",
        "8:18",
        "9:26",
        "9:46",
        "10:26",
        "10:46",
        "11:26",
        "11:46",
        "12:26",
        "12:46",
        "13:26",
        "13:51",
        "14:26",
        "14:51",
        "15:26",
        "15:51",
        "16:29",
        "16:49",
        "17:31",
        "17:56",
        "18:31",
        "18:56",
        "19:26",
        "19:56"
    ],
    "saturday": [
        "5:47",
        "6:16",
        "6:38",
        "6:59",
        "7:18",
        "7:38",
        "8:18",
        "8:38",
        "9:18",
        "9:38",
        "10:18",
        "10:38",
        "11:18",
        "11:38",
        "12:18",
        "12:38",
        "13:18",
        "13:38",
        "14:18",
        "14:38",
        "15:18",
        "15:38",
        "16:18",
        "16:38",
        "17:21",
        "17:41",
        "18:01",
        "18:21",
        "18:41",
        "19:01",
        "19:21",
        "19:41",
        "20:26",
        "21:26",
        "22:26"
    ],
    "holiday": [
        "5:47",
        "6:16",
        "6:38",
        "6:59",
        "7:18",
        "7:38",
        "8:18",
        "8:38",
        "9:18",
        "9:38",
        "10:18",
        "10:38",
        "11:18",
        "11:38",
        "12:18",
        "12:38",
        "13:18",
        "13:38",
        "14:18",
        "14:38",
        "15:18",
        "15:38",
        "16:18",
        "16:38",
        "17:21",
        "17:41",
        "18:01",
        "18:21",
        "18:41",
        "19:01",
        "19:21",
        "19:41",
        "20:26",
        "21:26",
        "22:26"
    ],
    "url": "https://www.kanachu.co.jp/dia/diagram/timetable01_js/course:0000802113-7/node:00127159/kt:0/lname:/"
}
