{
    "date": "2025/04/01",
    "name": "舟久保",
    "position": "-",
    "system": "野12",
    "destinations": [
        "小津久",
        "白井(相模原市緑区)",
        "大鐘",
        "中井戸(相模原市緑区)",
        "堂地",
        "宮ノ前(相模原市緑区)",
        "吉原入口",
        "賽の神",
        "中尾(相模原市緑区)",
        "やまなみ温泉入口",
        "やまなみ温泉",
        "やまなみ温泉入口",
        "中尾(相模原市緑区)",
        "賽の神",
        "馬本",
        "藤野芸術の家",
        "赤沢(相模原市緑区)",
        "杉西",
        "山口原",
        "金剛山",
        "追分(相模原市緑区)",
        "名倉入口",
        "日連大橋",
        "藤野駅"
    ],
    "weekday": [
        "6:45",
        "7:48",
        "8:58",
        "14:06",
        "15:33",
        "16:06",
        "17:20",
        "18:14"
    ],
    "saturday": [
        "6:59",
        "8:59",
        "14:02",
        "15:32",
        "17:24",
        "18:13"
    ],
    "holiday": [
        "6:59",
        "8:59",
        "14:02",
        "15:32",
        "17:24",
        "18:13"
    ],
    "url": "https://www.kanachu.co.jp/dia/diagram/timetable01_js/course:0000803771-4/node:00128808/kt:0/lname:/"
}
