{
    "date": "2025/04/01",
    "name": "宮ノ前(相模原市緑区)",
    "position": "-",
    "system": "野12",
    "destinations": [
        "吉原入口",
        "賽の神",
        "中尾(相模原市緑区)",
        "やまなみ温泉入口",
        "やまなみ温泉",
        "やまなみ温泉入口",
        "中尾(相模原市緑区)",
        "賽の神",
        "馬本",
        "藤野芸術の家",
        "赤沢(相模原市緑区)",
        "杉西",
        "山口原",
        "金剛山",
        "追分(相模原市緑区)",
        "名倉入口",
        "日連大橋",
        "藤野駅"
    ],
    "weekday": [
        "6:49",
        "7:52",
        "9:02",
        "14:10",
        "15:37",
        "16:10",
        "17:24",
        "18:18"
    ],
    "saturday": [
        "7:03",
        "9:03",
        "14:06",
        "15:36",
        "17:28",
        "18:17"
    ],
    "holiday": [
        "7:03",
        "9:03",
        "14:06",
        "15:36",
        "17:28",
        "18:17"
    ],
    "url": "https://www.kanachu.co.jp/dia/diagram/timetable01_js/course:0000803771-10/node:00128802/kt:0/lname:/"
}
