{
    "date": "2025/04/01",
    "name": "馬本",
    "position": "-",
    "system": "野12",
    "destinations": [
        "藤野芸術の家",
        "赤沢(相模原市緑区)",
        "杉西",
        "山口原",
        "金剛山",
        "追分(相模原市緑区)",
        "名倉入口",
        "日連大橋",
        "藤野駅"
    ],
    "weekday": [
        "6:58",
        "8:01",
        "9:11",
        "14:19",
        "15:46",
        "16:19",
        "17:33",
        "18:27"
    ],
    "saturday": [
        "7:12",
        "9:12",
        "14:15",
        "15:45",
        "17:37",
        "18:26"
    ],
    "holiday": [
        "7:12",
        "9:12",
        "14:15",
        "15:45",
        "17:37",
        "18:26"
    ],
    "url": "https://www.kanachu.co.jp/dia/diagram/timetable01_js/course:0000803771-19/node:00128796/kt:0/lname:/"
}
