{
    "date": "2025/04/01",
    "name": "山口原",
    "position": "-",
    "system": "野12",
    "destinations": [
        "金剛山",
        "追分(相模原市緑区)",
        "名倉入口",
        "日連大橋",
        "藤野駅"
    ],
    "weekday": [
        "7:00",
        "8:03",
        "9:13",
        "14:21",
        "15:48",
        "16:21",
        "17:35",
        "18:29"
    ],
    "saturday": [
        "7:14",
        "9:14",
        "14:17",
        "15:47",
        "17:39",
        "18:28"
    ],
    "holiday": [
        "7:14",
        "9:14",
        "14:17",
        "15:47",
        "17:39",
        "18:28"
    ],
    "url": "https://www.kanachu.co.jp/dia/diagram/timetable01_js/course:0000803771-23/node:00128792/kt:0/lname:/"
}
