{
    "date": "2024/03/16",
    "name": "小山上沼公園",
    "position": "-",
    "system": "橋76",
    "destinations": [
        "まちだテクノパーク前",
        "小山内裏公園南",
        "多摩境駅",
        "町有",
        "響きの丘",
        "小山ヶ丘小学校前",
        "三ツ目山公園",
        "多摩美術大学南",
        "寿橋",
        "寿町(相模原市緑区)",
        "旭農協前",
        "橋本駅北口"
    ],
    "weekday": [
        "5:49",
        "5:59",
        "6:11",
        "6:24",
        "6:34",
        "6:44",
        "6:54",
        "7:02",
        "7:10",
        "7:22",
        "7:34",
        "7:44",
        "7:54",
        "8:04",
        "8:14",
        "8:24",
        "8:39",
        "8:54",
        "9:14",
        "9:44",
        "10:14",
        "10:34",
        "10:54",
        "11:14",
        "11:34",
        "11:54",
        "12:14",
        "12:34",
        "12:54",
        "13:14",
        "13:39",
        "13:54",
        "14:09",
        "14:24",
        "14:39",
        "14:54",
        "15:09",
        "15:24",
        "15:39",
        "15:54",
        "16:14",
        "16:34",
        "16:49",
        "17:04",
        "17:19",
        "17:29",
        "17:39",
        "17:54",
        "18:04",
        "18:14",
        "18:29",
        "18:39",
        "19:04",
        "19:39",
        "20:55"
    ],
    "saturday": [
        "6:49",
        "7:09",
        "7:29",
        "7:49",
        "8:04",
        "8:19",
        "8:34",
        "8:49",
        "9:04",
        "9:19",
        "10:04",
        "11:04",
        "12:04",
        "13:04",
        "14:04",
        "15:04",
        "16:04",
        "17:04",
        "18:04",
        "18:39",
        "19:19",
        "20:34"
    ],
    "holiday": [
        "6:09",
        "6:39",
        "7:14",
        "7:34",
        "7:59",
        "8:19",
        "8:34",
        "8:49",
        "9:04",
        "9:19",
        "10:04",
        "11:04",
        "12:04",
        "13:04",
        "14:04",
        "15:04",
        "16:04",
        "17:04",
        "18:04",
        "18:39",
        "19:14",
        "20:14"
    ],
    "url": "https://www.kanachu.co.jp/dia/diagram/timetable01_js/course:0000800858-3/node:00130121/kt:0/lname:/"
}
