{
    "date": "2024/03/16",
    "name": "三ツ目山公園",
    "position": "-",
    "system": "橋76",
    "destinations": [
        "多摩美術大学南",
        "寿橋",
        "寿町(相模原市緑区)",
        "旭農協前",
        "橋本駅北口"
    ],
    "weekday": [
        "5:59",
        "6:09",
        "6:21",
        "6:34",
        "6:44",
        "6:54",
        "7:04",
        "7:13",
        "7:21",
        "7:33",
        "7:45",
        "7:55",
        "8:05",
        "8:15",
        "8:25",
        "8:35",
        "8:50",
        "9:05",
        "9:25",
        "9:55",
        "10:25",
        "10:45",
        "11:05",
        "11:25",
        "11:45",
        "12:05",
        "12:25",
        "12:45",
        "13:05",
        "13:25",
        "13:50",
        "14:05",
        "14:20",
        "14:35",
        "14:50",
        "15:05",
        "15:20",
        "15:35",
        "15:50",
        "16:05",
        "16:25",
        "16:45",
        "17:00",
        "17:15",
        "17:30",
        "17:40",
        "17:50",
        "18:05",
        "18:15",
        "18:25",
        "18:40",
        "18:50",
        "19:15",
        "19:50",
        "21:05"
    ],
    "saturday": [
        "6:59",
        "7:19",
        "7:39",
        "7:59",
        "8:14",
        "8:29",
        "8:44",
        "8:59",
        "9:17",
        "9:34",
        "10:20",
        "11:20",
        "12:20",
        "13:20",
        "14:20",
        "15:20",
        "16:20",
        "17:20",
        "18:20",
        "18:50",
        "19:30",
        "20:44"
    ],
    "holiday": [
        "6:19",
        "6:49",
        "7:24",
        "7:44",
        "8:09",
        "8:29",
        "8:44",
        "8:59",
        "9:17",
        "9:34",
        "10:20",
        "11:20",
        "12:20",
        "13:20",
        "14:20",
        "15:20",
        "16:20",
        "17:20",
        "18:20",
        "18:50",
        "19:25",
        "20:24"
    ],
    "url": "https://www.kanachu.co.jp/dia/diagram/timetable01_js/course:0000800858-10/node:00130116/kt:0/lname:/"
}
