{
    "date": "2025/12/20",
    "name": "寿橋",
    "position": "-",
    "system": "橋76",
    "destinations": [
        "寿町(相模原市緑区)",
        "旭農協前",
        "橋本駅北口"
    ],
    "weekday": [
        "6:01",
        "6:11",
        "6:23",
        "6:36",
        "6:46",
        "6:56",
        "7:07",
        "7:16",
        "7:24",
        "7:36",
        "7:48",
        "7:58",
        "8:08",
        "8:18",
        "8:28",
        "8:38",
        "8:53",
        "9:08",
        "9:28",
        "9:58",
        "10:28",
        "10:48",
        "11:08",
        "11:28",
        "11:48",
        "12:08",
        "12:28",
        "12:48",
        "13:08",
        "13:28",
        "13:53",
        "14:08",
        "14:23",
        "14:38",
        "14:53",
        "15:08",
        "15:23",
        "15:38",
        "15:53",
        "16:08",
        "16:28",
        "16:48",
        "17:03",
        "17:18",
        "17:33",
        "17:43",
        "17:53",
        "18:08",
        "18:18",
        "18:28",
        "18:43",
        "18:53",
        "19:18",
        "19:53",
        "21:07"
    ],
    "saturday": [
        "7:01",
        "7:21",
        "7:41",
        "8:01",
        "8:16",
        "8:31",
        "8:46",
        "9:01",
        "9:19",
        "9:36",
        "11:23",
        "13:23",
        "15:23",
        "17:23",
        "18:23",
        "18:53",
        "19:33",
        "20:46"
    ],
    "holiday": [
        "6:21",
        "6:51",
        "7:26",
        "7:46",
        "8:11",
        "8:31",
        "8:46",
        "9:01",
        "9:19",
        "9:36",
        "11:23",
        "13:23",
        "15:23",
        "17:23",
        "18:23",
        "18:53",
        "19:28",
        "20:26"
    ],
    "url": "https://www.kanachu.co.jp/dia/diagram/timetable01_js/course:0000800858-12/node:00130222/kt:0/lname:/"
}
