{
    "date": "2025/12/20",
    "name": "旭農協前",
    "position": "-",
    "system": "橋76",
    "destinations": [
        "橋本駅北口"
    ],
    "weekday": [
        "6:02",
        "6:12",
        "6:24",
        "6:37",
        "6:47",
        "6:57",
        "7:08",
        "7:17",
        "7:25",
        "7:37",
        "7:49",
        "7:59",
        "8:09",
        "8:19",
        "8:29",
        "8:39",
        "8:54",
        "9:09",
        "9:29",
        "9:59",
        "10:29",
        "10:49",
        "11:09",
        "11:29",
        "11:49",
        "12:09",
        "12:29",
        "12:49",
        "13:09",
        "13:29",
        "13:54",
        "14:09",
        "14:24",
        "14:39",
        "14:54",
        "15:09",
        "15:24",
        "15:39",
        "15:54",
        "16:09",
        "16:29",
        "16:49",
        "17:04",
        "17:19",
        "17:34",
        "17:44",
        "17:54",
        "18:09",
        "18:19",
        "18:29",
        "18:44",
        "18:54",
        "19:19",
        "19:54",
        "21:08"
    ],
    "saturday": [
        "7:02",
        "7:22",
        "7:42",
        "8:02",
        "8:17",
        "8:32",
        "8:47",
        "9:02",
        "9:20",
        "9:37",
        "11:24",
        "13:24",
        "15:24",
        "17:24",
        "18:24",
        "18:54",
        "19:34",
        "20:47"
    ],
    "holiday": [
        "6:22",
        "6:52",
        "7:27",
        "7:47",
        "8:12",
        "8:32",
        "8:47",
        "9:02",
        "9:20",
        "9:37",
        "11:24",
        "13:24",
        "15:24",
        "17:24",
        "18:24",
        "18:54",
        "19:29",
        "20:27"
    ],
    "url": "https://www.kanachu.co.jp/dia/diagram/timetable01_js/course:0000800858-14/node:00020098/kt:0/lname:/"
}
