{
    "date": "2024/09/02",
    "name": "保育所前(大和市)",
    "position": "-",
    "system": "い06",
    "destinations": [
        "渋谷中学校",
        "集会所前(横浜市泉区)",
        "中屋敷(横浜市泉区)",
        "飯田神社前",
        "団地入口(横浜市泉区)",
        "児童公園前(横浜市泉区)",
        "小学校前(横浜市泉区)",
        "上飯田団地",
        "金子山",
        "泉警察署前",
        "いずみ野駅"
    ],
    "weekday": [
        "13:21",
        "14:01",
        "14:41",
        "15:21",
        "16:01",
        "16:41",
        "17:21",
        "18:01",
        "18:41",
        "19:21",
        "20:01"
    ],
    "saturday": [
        "13:11",
        "13:51",
        "14:31",
        "15:11",
        "15:51",
        "16:31",
        "17:11",
        "17:51",
        "18:31",
        "19:11"
    ],
    "holiday": [
        "13:11",
        "13:51",
        "14:33",
        "15:11",
        "15:51",
        "16:31",
        "17:11",
        "17:51",
        "18:31",
        "19:11"
    ],
    "url": "https://www.kanachu.co.jp/dia/diagram/timetable01_js/course:0000802851-10/node:00126893/kt:0/lname:/"
}
