{
    "date": "2024/09/02",
    "name": "渋谷中学校",
    "position": "-",
    "system": "",
    "destinations": [
        "集会所前(横浜市泉区)",
        "中屋敷(横浜市泉区)",
        "飯田神社前",
        "団地入口(横浜市泉区)",
        "児童公園前(横浜市泉区)",
        "小学校前(横浜市泉区)",
        "上飯田団地",
        "金子山",
        "泉警察署前",
        "いずみ野駅"
    ],
    "weekday": [
        "13:22",
        "14:02",
        "14:42",
        "15:22",
        "16:02",
        "16:42",
        "17:22",
        "18:02",
        "18:42",
        "19:22",
        "20:02"
    ],
    "saturday": [
        "13:12",
        "13:52",
        "14:32",
        "15:12",
        "15:52",
        "16:32",
        "17:12",
        "17:52",
        "18:32",
        "19:12"
    ],
    "holiday": [
        "13:12",
        "13:52",
        "14:34",
        "15:12",
        "15:52",
        "16:32",
        "17:12",
        "17:52",
        "18:32",
        "19:12"
    ],
    "url": "https://www.kanachu.co.jp/dia/diagram/timetable01_js/course:0000802851-11/node:00126894/kt:0/lname:/"
}
