{
    "date": "2024/09/02",
    "name": "中屋敷(横浜市泉区)",
    "position": "-",
    "system": "",
    "destinations": [
        "飯田神社前",
        "団地入口(横浜市泉区)",
        "児童公園前(横浜市泉区)",
        "小学校前(横浜市泉区)",
        "上飯田団地",
        "金子山",
        "泉警察署前",
        "いずみ野駅"
    ],
    "weekday": [
        "13:25",
        "14:05",
        "14:45",
        "15:25",
        "16:05",
        "16:45",
        "17:25",
        "18:05",
        "18:45",
        "19:25",
        "20:05"
    ],
    "saturday": [
        "13:15",
        "13:55",
        "14:35",
        "15:15",
        "15:55",
        "16:35",
        "17:15",
        "17:55",
        "18:35",
        "19:15"
    ],
    "holiday": [
        "13:15",
        "13:55",
        "14:37",
        "15:15",
        "15:55",
        "16:35",
        "17:15",
        "17:55",
        "18:35",
        "19:15"
    ],
    "url": "https://www.kanachu.co.jp/dia/diagram/timetable01_js/course:0000802851-13/node:00126797/kt:0/lname:/"
}
