{
    "date": "2024/09/02",
    "name": "団地入口(横浜市泉区)",
    "position": "-",
    "system": "い06",
    "destinations": [
        "児童公園前(横浜市泉区)",
        "小学校前(横浜市泉区)",
        "上飯田団地",
        "金子山",
        "泉警察署前",
        "いずみ野駅"
    ],
    "weekday": [
        "13:27",
        "14:07",
        "14:47",
        "15:27",
        "16:07",
        "16:47",
        "17:27",
        "18:07",
        "18:47",
        "19:27",
        "20:07"
    ],
    "saturday": [
        "13:17",
        "13:57",
        "14:37",
        "15:17",
        "15:57",
        "16:37",
        "17:17",
        "17:57",
        "18:37",
        "19:17"
    ],
    "holiday": [
        "13:17",
        "13:57",
        "14:39",
        "15:17",
        "15:57",
        "16:37",
        "17:17",
        "17:57",
        "18:37",
        "19:17"
    ],
    "url": "https://www.kanachu.co.jp/dia/diagram/timetable01_js/course:0000802851-15/node:00126794/kt:0/lname:/"
}
