{
    "date": "2024/10/01",
    "name": "橋本駅南口",
    "position": "-",
    "system": "橋30",
    "destinations": [
        "橋本二丁目",
        "緑区合同庁舎前(相模原市緑区)",
        "みのり公園入口",
        "ライフタウン西口",
        "ライフタウン東",
        "金属団地内郵便局前",
        "峡の原工業団地",
        "北の丘センター",
        "北公園・ほねごりアリーナ前",
        "北公園入口(相模原市緑区)",
        "九沢自治会館前",
        "内出(相模原市緑区)",
        "合野原",
        "上大島東",
        "上大島南",
        "中の郷(相模原市緑区)",
        "渓松園前",
        "相模川自然の村"
    ],
    "weekday": [
        "11:10",
        "13:20",
        "15:30",
        "17:40"
    ],
    "saturday": [
        "11:10",
        "13:20",
        "15:30",
        "17:40"
    ],
    "holiday": [
        "11:10",
        "13:20",
        "15:30",
        "17:40"
    ],
    "url": "https://www.kanachu.co.jp/dia/diagram/timetable01_js/course:0000803634-2/node:00128970/kt:0/lname:/"
}
