{
    "date": "2024/10/01",
    "name": "上大島東",
    "position": "-",
    "system": "橋30",
    "destinations": [
        "上大島南",
        "中の郷(相模原市緑区)",
        "渓松園前",
        "相模川自然の村"
    ],
    "weekday": [
        "11:30",
        "13:40",
        "15:50",
        "18:00"
    ],
    "saturday": [
        "11:30",
        "13:40",
        "15:50",
        "18:00"
    ],
    "holiday": [
        "11:30",
        "13:40",
        "15:50",
        "18:00"
    ],
    "url": "https://www.kanachu.co.jp/dia/diagram/timetable01_js/course:0000803634-16/node:00130176/kt:0/lname:/"
}
