{
    "date": "2025/01/14",
    "name": "上分",
    "position": "-",
    "system": "厚46",
    "destinations": [
        "ネポン入口",
        "上古沢",
        "古沢(厚木市)",
        "矢崎(厚木市)",
        "打越(厚木市)",
        "局前(厚木市)",
        "学校前(厚木市)",
        "台ノ上",
        "小鮎公民館前",
        "旗谷入口",
        "白山(厚木市)",
        "八ツ橋",
        "愛名",
        "権現堂(厚木市)",
        "上高坪",
        "高坪",
        "スポーツセンター入口(厚木市)",
        "温水幼稚園前",
        "高坪入口",
        "温水",
        "片岸(厚木市)",
        "日立アステモ前",
        "厚木高校前",
        "合同庁舎前(厚木市)",
        "市役所入口(厚木市)",
        "本厚木駅",
        "厚木バスセンター"
    ],
    "weekday": [
        "7:43",
        "8:33",
        "9:13",
        "10:13",
        "11:13",
        "12:13",
        "13:13",
        "15:13",
        "16:13",
        "17:13",
        "17:43",
        "18:43",
        "19:13",
        "20:22"
    ],
    "saturday": [
        "9:07",
        "10:07"
    ],
    "holiday": [],
    "url": "https://www.kanachu.co.jp/dia/diagram/timetable01_js/course:0000801632-1/node:00128488/kt:0/lname:/"
}
