{
    "date": "2025/01/14",
    "name": "上古沢",
    "position": "-",
    "system": "厚46",
    "destinations": [
        "古沢(厚木市)",
        "矢崎(厚木市)",
        "打越(厚木市)",
        "局前(厚木市)",
        "学校前(厚木市)",
        "台ノ上",
        "小鮎公民館前",
        "旗谷入口",
        "白山(厚木市)",
        "八ツ橋",
        "愛名",
        "権現堂(厚木市)",
        "上高坪",
        "高坪",
        "スポーツセンター入口(厚木市)",
        "温水幼稚園前",
        "高坪入口",
        "温水",
        "片岸(厚木市)",
        "日立アステモ前",
        "厚木高校前",
        "合同庁舎前(厚木市)",
        "市役所入口(厚木市)",
        "本厚木駅",
        "厚木バスセンター"
    ],
    "weekday": [
        "7:45",
        "8:35",
        "9:15",
        "10:15",
        "11:15",
        "12:15",
        "13:15",
        "15:15",
        "16:15",
        "17:15",
        "17:45",
        "18:45",
        "19:15",
        "20:24"
    ],
    "saturday": [
        "9:09",
        "10:09"
    ],
    "holiday": [],
    "url": "https://www.kanachu.co.jp/dia/diagram/timetable01_js/course:0000801632-3/node:00128485/kt:0/lname:/"
}
