{
    "date": "2025/01/14",
    "name": "局前(厚木市)",
    "position": "-",
    "system": "厚46",
    "destinations": [
        "学校前(厚木市)",
        "台ノ上",
        "小鮎公民館前",
        "旗谷入口",
        "白山(厚木市)",
        "八ツ橋",
        "愛名",
        "権現堂(厚木市)",
        "上高坪",
        "高坪",
        "スポーツセンター入口(厚木市)",
        "温水幼稚園前",
        "高坪入口",
        "温水",
        "片岸(厚木市)",
        "日立アステモ前",
        "厚木高校前",
        "合同庁舎前(厚木市)",
        "市役所入口(厚木市)",
        "本厚木駅",
        "厚木バスセンター"
    ],
    "weekday": [
        "7:49",
        "8:39",
        "9:19",
        "10:19",
        "11:19",
        "12:19",
        "13:19",
        "15:19",
        "16:19",
        "17:19",
        "17:49",
        "18:49",
        "19:19",
        "20:28"
    ],
    "saturday": [
        "9:13",
        "10:13"
    ],
    "holiday": [],
    "url": "https://www.kanachu.co.jp/dia/diagram/timetable01_js/course:0000801632-7/node:00128481/kt:0/lname:/"
}
