{
    "date": "2025/01/14",
    "name": "小鮎公民館前",
    "position": "-",
    "system": "厚46",
    "destinations": [
        "旗谷入口",
        "白山(厚木市)",
        "八ツ橋",
        "愛名",
        "権現堂(厚木市)",
        "上高坪",
        "高坪",
        "スポーツセンター入口(厚木市)",
        "温水幼稚園前",
        "高坪入口",
        "温水",
        "片岸(厚木市)",
        "日立アステモ前",
        "厚木高校前",
        "合同庁舎前(厚木市)",
        "市役所入口(厚木市)",
        "本厚木駅",
        "厚木バスセンター"
    ],
    "weekday": [
        "7:51",
        "8:41",
        "9:21",
        "10:21",
        "11:21",
        "12:21",
        "13:21",
        "15:21",
        "16:21",
        "17:21",
        "17:51",
        "18:51",
        "19:21",
        "20:30"
    ],
    "saturday": [
        "9:15",
        "10:15"
    ],
    "holiday": [],
    "url": "https://www.kanachu.co.jp/dia/diagram/timetable01_js/course:0000801632-10/node:00128697/kt:0/lname:/"
}
