{
    "date": "2025/01/14",
    "name": "八ツ橋",
    "position": "-",
    "system": "厚46",
    "destinations": [
        "愛名",
        "権現堂(厚木市)",
        "上高坪",
        "高坪",
        "スポーツセンター入口(厚木市)",
        "温水幼稚園前",
        "高坪入口",
        "温水",
        "片岸(厚木市)",
        "日立アステモ前",
        "厚木高校前",
        "合同庁舎前(厚木市)",
        "市役所入口(厚木市)",
        "本厚木駅",
        "厚木バスセンター"
    ],
    "weekday": [
        "7:55",
        "8:45",
        "9:25",
        "10:25",
        "11:25",
        "12:25",
        "13:25",
        "15:25",
        "16:25",
        "17:25",
        "17:55",
        "18:55",
        "19:25",
        "20:34"
    ],
    "saturday": [
        "9:19",
        "10:19"
    ],
    "holiday": [],
    "url": "https://www.kanachu.co.jp/dia/diagram/timetable01_js/course:0000801632-13/node:00128511/kt:0/lname:/"
}
