{
    "date": "2025/01/14",
    "name": "温水幼稚園前",
    "position": "-",
    "system": "厚46",
    "destinations": [
        "高坪入口",
        "温水",
        "片岸(厚木市)",
        "アステモ[Astemo]前〔旧:日立アステモ前〕",
        "厚木高校前",
        "合同庁舎前(厚木市)",
        "市役所入口(厚木市)",
        "本厚木駅",
        "厚木バスセンター"
    ],
    "weekday": [
        "8:02",
        "8:52",
        "9:32",
        "10:32",
        "11:32",
        "12:32",
        "13:32",
        "15:32",
        "16:32",
        "17:32",
        "18:02",
        "19:02",
        "19:32",
        "20:41"
    ],
    "saturday": [
        "9:26",
        "10:26"
    ],
    "holiday": [],
    "url": "https://www.kanachu.co.jp/dia/diagram/timetable01_js/course:0000801632-19/node:00128490/kt:0/lname:/"
}
