{
    "date": "2025/01/14",
    "name": "温水",
    "position": "-",
    "system": "厚46",
    "destinations": [
        "片岸(厚木市)",
        "日立アステモ前",
        "厚木高校前",
        "合同庁舎前(厚木市)",
        "市役所入口(厚木市)",
        "本厚木駅",
        "厚木バスセンター"
    ],
    "weekday": [
        "8:05",
        "8:55",
        "9:35",
        "10:35",
        "11:35",
        "12:35",
        "13:35",
        "15:35",
        "16:35",
        "17:35",
        "18:05",
        "19:05",
        "19:35",
        "20:44"
    ],
    "saturday": [
        "9:29",
        "10:29"
    ],
    "holiday": [],
    "url": "https://www.kanachu.co.jp/dia/diagram/timetable01_js/course:0000801632-21/node:00128443/kt:0/lname:/"
}
