{
    "date": "2025/01/14",
    "name": "片岸(厚木市)",
    "position": "-",
    "system": "厚46",
    "destinations": [
        "日立アステモ前",
        "厚木高校前",
        "合同庁舎前(厚木市)",
        "市役所入口(厚木市)",
        "本厚木駅",
        "厚木バスセンター"
    ],
    "weekday": [
        "8:06",
        "8:56",
        "9:36",
        "10:36",
        "11:36",
        "12:36",
        "13:36",
        "15:36",
        "16:36",
        "17:36",
        "18:06",
        "19:06",
        "19:36",
        "20:45"
    ],
    "saturday": [
        "9:30",
        "10:30"
    ],
    "holiday": [],
    "url": "https://www.kanachu.co.jp/dia/diagram/timetable01_js/course:0000801632-22/node:00128442/kt:0/lname:/"
}
