{
    "date": "2025/01/14",
    "name": "日立アステモ前",
    "position": "-",
    "system": "厚46",
    "destinations": [
        "厚木高校前",
        "合同庁舎前(厚木市)",
        "市役所入口(厚木市)",
        "本厚木駅",
        "厚木バスセンター"
    ],
    "weekday": [
        "8:07",
        "8:57",
        "9:37",
        "10:37",
        "11:37",
        "12:37",
        "13:37",
        "15:37",
        "16:37",
        "17:37",
        "18:07",
        "19:07",
        "19:37",
        "20:46"
    ],
    "saturday": [
        "9:31",
        "10:31"
    ],
    "holiday": [],
    "url": "https://www.kanachu.co.jp/dia/diagram/timetable01_js/course:0000801632-23/node:00128441/kt:0/lname:/"
}
