{
    "date": "2025/03/15",
    "name": "大法寺(綾瀬市)",
    "position": "-",
    "system": "長24",
    "destinations": [
        "大邸",
        "綾瀬農協前",
        "綾瀬小学校前",
        "上深谷",
        "観音入口",
        "寺尾(綾瀬市)",
        "綾北小学校前",
        "子ノ神(綾瀬市)",
        "寺尾峰",
        "共ヶ丘",
        "大塚本町",
        "大塚上町",
        "さがみ野駅"
    ],
    "weekday": [
        "5:55",
        "6:18",
        "6:40",
        "6:55",
        "7:10",
        "7:25",
        "7:40",
        "7:55",
        "8:10",
        "8:25",
        "8:45",
        "9:05",
        "9:35",
        "10:05",
        "10:35",
        "11:05",
        "11:35",
        "12:05",
        "12:35",
        "13:05",
        "13:35",
        "14:05",
        "14:35",
        "15:05",
        "15:35",
        "16:05",
        "16:25",
        "16:45",
        "17:05",
        "17:25",
        "17:48",
        "18:18",
        "18:48",
        "19:18",
        "19:48",
        "20:18",
        "20:49",
        "21:18",
        "21:48"
    ],
    "saturday": [
        "5:55",
        "6:25",
        "6:55",
        "7:20",
        "7:50",
        "8:20",
        "8:50",
        "9:20",
        "9:50",
        "10:20",
        "10:50",
        "11:20",
        "11:50",
        "12:20",
        "12:50",
        "13:20",
        "13:50",
        "14:20",
        "14:50",
        "15:20",
        "15:50",
        "16:20",
        "16:50",
        "17:20",
        "17:50",
        "18:20",
        "18:50",
        "19:20",
        "19:50",
        "20:20",
        "20:50",
        "21:27"
    ],
    "holiday": [
        "6:25",
        "6:55",
        "7:20",
        "7:50",
        "8:20",
        "8:50",
        "9:20",
        "9:50",
        "10:20",
        "10:50",
        "11:20",
        "11:50",
        "12:20",
        "12:50",
        "13:20",
        "13:50",
        "14:20",
        "14:50",
        "15:20",
        "15:50",
        "16:20",
        "16:50",
        "17:20",
        "17:50",
        "18:20",
        "18:50",
        "19:20",
        "19:50",
        "20:20",
        "20:50",
        "21:27"
    ],
    "url": "https://www.kanachu.co.jp/dia/diagram/timetable01_js/course:0000800162-8/node:00129851/kt:0/lname:/"
}
