{
    "date": "2025/03/15",
    "name": "寺尾(綾瀬市)",
    "position": "-",
    "system": "長24",
    "destinations": [
        "綾北小学校前",
        "子ノ神(綾瀬市)",
        "寺尾峰",
        "共ヶ丘",
        "大塚本町",
        "大塚上町",
        "さがみ野駅"
    ],
    "weekday": [
        "6:04",
        "6:28",
        "6:50",
        "7:05",
        "7:20",
        "7:38",
        "7:52",
        "8:07",
        "8:22",
        "8:37",
        "8:57",
        "9:15",
        "9:45",
        "10:15",
        "10:45",
        "11:15",
        "11:45",
        "12:15",
        "12:45",
        "13:15",
        "13:45",
        "14:15",
        "14:45",
        "15:15",
        "15:45",
        "16:15",
        "16:37",
        "16:57",
        "17:17",
        "17:37",
        "18:00",
        "18:30",
        "19:00",
        "19:30",
        "19:58",
        "20:28",
        "20:59",
        "21:28",
        "21:58"
    ],
    "saturday": [
        "6:03",
        "6:33",
        "7:03",
        "7:28",
        "7:58",
        "8:28",
        "8:58",
        "9:28",
        "9:58",
        "10:28",
        "10:58",
        "11:28",
        "11:58",
        "12:28",
        "12:58",
        "13:28",
        "13:58",
        "14:28",
        "14:58",
        "15:28",
        "15:58",
        "16:28",
        "16:58",
        "17:28",
        "17:58",
        "18:28",
        "18:58",
        "19:28",
        "19:58",
        "20:28",
        "20:58",
        "21:35"
    ],
    "holiday": [
        "6:33",
        "7:03",
        "7:28",
        "7:58",
        "8:28",
        "8:58",
        "9:28",
        "9:58",
        "10:28",
        "10:58",
        "11:28",
        "11:58",
        "12:28",
        "12:58",
        "13:28",
        "13:58",
        "14:28",
        "14:58",
        "15:28",
        "15:58",
        "16:28",
        "16:58",
        "17:28",
        "17:58",
        "18:28",
        "18:58",
        "19:28",
        "19:58",
        "20:28",
        "20:58",
        "21:35"
    ],
    "url": "https://www.kanachu.co.jp/dia/diagram/timetable01_js/course:0000800162-14/node:00129865/kt:0/lname:/"
}
