{
    "date": "2025/03/15",
    "name": "大塚上町",
    "position": "-",
    "system": "長24",
    "destinations": [
        "さがみ野駅"
    ],
    "weekday": [
        "6:11",
        "6:35",
        "6:57",
        "7:12",
        "7:27",
        "7:46",
        "8:00",
        "8:15",
        "8:30",
        "8:45",
        "9:05",
        "9:22",
        "9:52",
        "10:22",
        "10:52",
        "11:22",
        "11:52",
        "12:22",
        "12:52",
        "13:22",
        "13:52",
        "14:22",
        "14:52",
        "15:22",
        "15:52",
        "16:22",
        "16:45",
        "17:05",
        "17:25",
        "17:45",
        "18:08",
        "18:38",
        "19:08",
        "19:38",
        "20:05",
        "20:35",
        "21:06",
        "21:35",
        "22:05"
    ],
    "saturday": [
        "6:10",
        "6:40",
        "7:10",
        "7:35",
        "8:05",
        "8:35",
        "9:05",
        "9:35",
        "10:05",
        "10:35",
        "11:05",
        "11:35",
        "12:05",
        "12:35",
        "13:05",
        "13:35",
        "14:05",
        "14:35",
        "15:05",
        "15:35",
        "16:05",
        "16:35",
        "17:05",
        "17:35",
        "18:05",
        "18:35",
        "19:05",
        "19:35",
        "20:05",
        "20:35",
        "21:05",
        "21:42"
    ],
    "holiday": [
        "6:40",
        "7:10",
        "7:35",
        "8:05",
        "8:35",
        "9:05",
        "9:35",
        "10:05",
        "10:35",
        "11:05",
        "11:35",
        "12:05",
        "12:35",
        "13:05",
        "13:35",
        "14:05",
        "14:35",
        "15:05",
        "15:35",
        "16:05",
        "16:35",
        "17:05",
        "17:35",
        "18:05",
        "18:35",
        "19:05",
        "19:35",
        "20:05",
        "20:35",
        "21:05",
        "21:42"
    ],
    "url": "https://www.kanachu.co.jp/dia/diagram/timetable01_js/course:0000800162-20/node:00129871/kt:0/lname:/"
}
