{
    "date": "2024/03/16",
    "name": "並木通り(相模原市中央区)",
    "position": "-",
    "system": "淵21",
    "destinations": [
        "麻布大学",
        "淵野辺一丁目",
        "淵野辺二丁目",
        "薬師堂(相模原市中央区)",
        "上矢部本町",
        "常盤(町田市)",
        "常盤台(町田市)",
        "種入",
        "池谷戸",
        "平(町田市)",
        "小山田(町田市)",
        "押越",
        "下根(町田市)",
        "小山田はなみずきの丘"
    ],
    "weekday": [
        "6:26",
        "6:46",
        "7:17",
        "7:41",
        "8:31",
        "8:56",
        "9:21",
        "9:46",
        "10:46",
        "11:46",
        "12:46",
        "13:46",
        "14:46",
        "15:46",
        "16:36",
        "17:29",
        "18:16",
        "19:09",
        "19:59",
        "20:46",
        "21:36"
    ],
    "saturday": [
        "6:36",
        "7:21",
        "9:01",
        "9:51",
        "10:41",
        "11:31",
        "12:21",
        "13:11",
        "14:01",
        "14:51",
        "15:41",
        "16:31",
        "17:21",
        "18:11",
        "19:01",
        "19:51",
        "20:41",
        "21:31"
    ],
    "holiday": [
        "6:36",
        "7:21",
        "8:11",
        "9:51",
        "10:41",
        "11:31",
        "12:21",
        "13:11",
        "14:01",
        "14:51",
        "15:41",
        "16:31",
        "17:21",
        "18:11",
        "19:01",
        "19:51",
        "20:41"
    ],
    "url": "https://www.kanachu.co.jp/dia/diagram/timetable01_js/course:0000803407-2/node:00130101/kt:0/lname:/"
}
