{
    "date": "2024/03/16",
    "name": "淵野辺一丁目",
    "position": "-",
    "system": "淵21",
    "destinations": [
        "淵野辺二丁目",
        "薬師堂(相模原市中央区)",
        "上矢部本町",
        "常盤(町田市)",
        "常盤台(町田市)",
        "種入",
        "池谷戸",
        "平(町田市)",
        "小山田(町田市)",
        "押越",
        "下根(町田市)",
        "小山田はなみずきの丘"
    ],
    "weekday": [
        "6:28",
        "6:48",
        "7:19",
        "7:43",
        "8:33",
        "8:58",
        "9:23",
        "9:48",
        "10:48",
        "11:48",
        "12:48",
        "13:48",
        "14:48",
        "15:48",
        "16:38",
        "17:31",
        "18:18",
        "19:11",
        "20:01",
        "20:48",
        "21:38"
    ],
    "saturday": [
        "6:38",
        "7:23",
        "9:03",
        "9:53",
        "10:43",
        "11:33",
        "12:23",
        "13:13",
        "14:03",
        "14:53",
        "15:43",
        "16:33",
        "17:23",
        "18:13",
        "19:03",
        "19:53",
        "20:43",
        "21:33"
    ],
    "holiday": [
        "6:38",
        "7:23",
        "8:13",
        "9:53",
        "10:43",
        "11:33",
        "12:23",
        "13:13",
        "14:03",
        "14:53",
        "15:43",
        "16:33",
        "17:23",
        "18:13",
        "19:03",
        "19:53",
        "20:43"
    ],
    "url": "https://www.kanachu.co.jp/dia/diagram/timetable01_js/course:0000803407-4/node:00130103/kt:0/lname:/"
}
