{
    "date": "2024/03/16",
    "name": "常盤(町田市)",
    "position": "-",
    "system": "淵21",
    "destinations": [
        "常盤台(町田市)",
        "種入",
        "池谷戸",
        "平(町田市)",
        "小山田(町田市)",
        "押越",
        "下根(町田市)",
        "小山田はなみずきの丘"
    ],
    "weekday": [
        "6:30",
        "6:50",
        "7:21",
        "7:45",
        "8:35",
        "9:00",
        "9:25",
        "9:50",
        "10:50",
        "11:50",
        "12:50",
        "13:50",
        "14:50",
        "15:50",
        "16:40",
        "17:33",
        "18:20",
        "19:13",
        "20:03",
        "20:50",
        "21:40"
    ],
    "saturday": [
        "6:40",
        "7:25",
        "9:05",
        "9:55",
        "10:45",
        "11:35",
        "12:25",
        "13:15",
        "14:05",
        "14:55",
        "15:45",
        "16:35",
        "17:25",
        "18:15",
        "19:05",
        "19:55",
        "20:45",
        "21:35"
    ],
    "holiday": [
        "6:40",
        "7:25",
        "8:15",
        "9:55",
        "10:45",
        "11:35",
        "12:25",
        "13:15",
        "14:05",
        "14:55",
        "15:45",
        "16:35",
        "17:25",
        "18:15",
        "19:05",
        "19:55",
        "20:45"
    ],
    "url": "https://www.kanachu.co.jp/dia/diagram/timetable01_js/course:0000803407-8/node:00129202/kt:0/lname:/"
}
