{
    "date": "2024/03/16",
    "name": "平(町田市)",
    "position": "-",
    "system": "淵21",
    "destinations": [
        "小山田(町田市)",
        "押越",
        "下根(町田市)",
        "小山田はなみずきの丘"
    ],
    "weekday": [
        "6:34",
        "6:54",
        "7:25",
        "7:49",
        "8:39",
        "9:04",
        "9:29",
        "9:54",
        "10:54",
        "11:54",
        "12:54",
        "13:54",
        "14:54",
        "15:54",
        "16:44",
        "17:37",
        "18:24",
        "19:17",
        "20:07",
        "20:54",
        "21:44"
    ],
    "saturday": [
        "6:44",
        "7:29",
        "9:09",
        "9:59",
        "10:49",
        "11:39",
        "12:29",
        "13:19",
        "14:09",
        "14:59",
        "15:49",
        "16:39",
        "17:29",
        "18:19",
        "19:09",
        "19:59",
        "20:49",
        "21:39"
    ],
    "holiday": [
        "6:44",
        "7:29",
        "8:19",
        "9:59",
        "10:49",
        "11:39",
        "12:29",
        "13:19",
        "14:09",
        "14:59",
        "15:49",
        "16:39",
        "17:29",
        "18:19",
        "19:09",
        "19:59",
        "20:49"
    ],
    "url": "https://www.kanachu.co.jp/dia/diagram/timetable01_js/course:0000803407-12/node:00130110/kt:0/lname:/"
}
