{
    "date": "2025/01/14",
    "name": "西二丁目(愛甲郡愛川町)",
    "position": "-",
    "system": "厚61",
    "destinations": [
        "西一丁目(厚木市)",
        "南中央通り",
        "東一丁目(厚木市)",
        "団地入口(厚木市)",
        "藤塚(厚木市)",
        "山際",
        "中平(厚木市)",
        "依知小学校前",
        "関口(厚木市)",
        "蓮生寺(厚木市)",
        "追分(厚木市)",
        "下依知入口",
        "金田神社前",
        "金田(厚木市)",
        "金田下宿",
        "積水ソフランウイズ前",
        "鮎津橋",
        "元町(厚木市)",
        "小田急通り",
        "厚木バスセンター"
    ],
    "weekday": [
        "6:10",
        "6:50",
        "7:09",
        "7:45",
        "8:05",
        "8:25",
        "18:05",
        "18:35",
        "19:05",
        "19:40",
        "20:30",
        "20:55",
        "21:30"
    ],
    "saturday": [
        "6:05",
        "6:25",
        "7:07",
        "7:43",
        "8:07",
        "8:43",
        "9:07",
        "9:31",
        "10:07",
        "10:31",
        "11:10",
        "11:40",
        "12:25",
        "13:10",
        "13:40",
        "14:25",
        "15:10",
        "15:40",
        "16:25",
        "17:10",
        "17:40",
        "18:26",
        "19:06",
        "20:11",
        "20:56"
    ],
    "holiday": [
        "6:15",
        "7:10",
        "8:10",
        "9:10",
        "10:10",
        "11:10",
        "12:10",
        "13:10",
        "14:10",
        "15:10",
        "16:10",
        "17:10",
        "18:10",
        "19:11",
        "20:01",
        "20:56"
    ],
    "url": "https://www.kanachu.co.jp/dia/diagram/timetable01_js/course:0000801023-7/node:00128369/kt:0/lname:/"
}
