{
    "date": "2025/01/14",
    "name": "西一丁目(厚木市)",
    "position": "-",
    "system": "厚61",
    "destinations": [
        "南中央通り",
        "東一丁目(厚木市)",
        "団地入口(厚木市)",
        "藤塚(厚木市)",
        "山際",
        "中平(厚木市)",
        "依知小学校前",
        "関口(厚木市)",
        "蓮生寺(厚木市)",
        "追分(厚木市)",
        "下依知入口",
        "金田神社前",
        "金田(厚木市)",
        "金田下宿",
        "積水ソフランウイズ前",
        "鮎津橋",
        "元町(厚木市)",
        "小田急通り",
        "厚木バスセンター"
    ],
    "weekday": [
        "6:12",
        "6:52",
        "7:11",
        "7:47",
        "8:07",
        "8:27",
        "18:07",
        "18:37",
        "19:07",
        "19:42",
        "20:32",
        "20:57",
        "21:32"
    ],
    "saturday": [
        "6:07",
        "6:27",
        "7:09",
        "7:45",
        "8:09",
        "8:45",
        "9:09",
        "9:33",
        "10:09",
        "10:33",
        "11:12",
        "11:42",
        "12:27",
        "13:12",
        "13:42",
        "14:27",
        "15:12",
        "15:42",
        "16:27",
        "17:12",
        "17:42",
        "18:28",
        "19:08",
        "20:13",
        "20:58"
    ],
    "holiday": [
        "6:17",
        "7:12",
        "8:12",
        "9:12",
        "10:12",
        "11:12",
        "12:12",
        "13:12",
        "14:12",
        "15:12",
        "16:12",
        "17:12",
        "18:12",
        "19:13",
        "20:03",
        "20:58"
    ],
    "url": "https://www.kanachu.co.jp/dia/diagram/timetable01_js/course:0000801023-8/node:00128368/kt:0/lname:/"
}
