{
    "date": "2025/01/14",
    "name": "東一丁目(厚木市)",
    "position": "-",
    "system": "厚61",
    "destinations": [
        "団地入口(厚木市)",
        "藤塚(厚木市)",
        "山際",
        "中平(厚木市)",
        "依知小学校前",
        "関口(厚木市)",
        "蓮生寺(厚木市)",
        "追分(厚木市)",
        "下依知入口",
        "金田神社前",
        "金田(厚木市)",
        "金田下宿",
        "積水ソフランウイズ前",
        "鮎津橋",
        "元町(厚木市)",
        "小田急通り",
        "厚木バスセンター"
    ],
    "weekday": [
        "6:14",
        "6:54",
        "7:13",
        "7:49",
        "8:09",
        "8:29",
        "18:09",
        "18:39",
        "19:09",
        "19:44",
        "20:34",
        "20:59",
        "21:34"
    ],
    "saturday": [
        "6:09",
        "6:29",
        "7:11",
        "7:47",
        "8:11",
        "8:47",
        "9:11",
        "9:35",
        "10:11",
        "10:35",
        "11:14",
        "11:44",
        "12:29",
        "13:14",
        "13:44",
        "14:29",
        "15:14",
        "15:44",
        "16:29",
        "17:14",
        "17:44",
        "18:30",
        "19:10",
        "20:15",
        "21:00"
    ],
    "holiday": [
        "6:19",
        "7:14",
        "8:14",
        "9:14",
        "10:14",
        "11:14",
        "12:14",
        "13:14",
        "14:14",
        "15:14",
        "16:14",
        "17:14",
        "18:14",
        "19:15",
        "20:05",
        "21:00"
    ],
    "url": "https://www.kanachu.co.jp/dia/diagram/timetable01_js/course:0000801023-10/node:00128366/kt:0/lname:/"
}
