{
    "date": "2025/01/14",
    "name": "山際",
    "position": "-",
    "system": "厚61",
    "destinations": [
        "中平(厚木市)",
        "依知小学校前",
        "関口(厚木市)",
        "蓮生寺(厚木市)",
        "追分(厚木市)",
        "下依知入口",
        "金田神社前",
        "金田(厚木市)",
        "金田下宿",
        "積水ソフランウイズ前",
        "鮎津橋",
        "元町(厚木市)",
        "小田急通り",
        "厚木バスセンター"
    ],
    "weekday": [
        "6:18",
        "6:58",
        "7:18",
        "7:55",
        "8:15",
        "8:35",
        "18:14",
        "18:44",
        "19:14",
        "19:49",
        "20:39",
        "21:04",
        "21:39"
    ],
    "saturday": [
        "6:13",
        "6:33",
        "7:15",
        "7:51",
        "8:15",
        "8:51",
        "9:15",
        "9:39",
        "10:15",
        "10:39",
        "11:18",
        "11:48",
        "12:33",
        "13:18",
        "13:48",
        "14:33",
        "15:18",
        "15:48",
        "16:33",
        "17:18",
        "17:48",
        "18:33",
        "19:13",
        "20:18",
        "21:03"
    ],
    "holiday": [
        "6:23",
        "7:18",
        "8:18",
        "9:18",
        "10:18",
        "11:18",
        "12:18",
        "13:18",
        "14:18",
        "15:18",
        "16:18",
        "17:18",
        "18:18",
        "19:18",
        "20:08",
        "21:03"
    ],
    "url": "https://www.kanachu.co.jp/dia/diagram/timetable01_js/course:0000801023-13/node:00128355/kt:0/lname:/"
}
