{
    "date": "2025/01/14",
    "name": "依知小学校前",
    "position": "-",
    "system": "厚61",
    "destinations": [
        "関口(厚木市)",
        "蓮生寺(厚木市)",
        "追分(厚木市)",
        "下依知入口",
        "金田神社前",
        "金田(厚木市)",
        "金田下宿",
        "積水ソフランウイズ前",
        "鮎津橋",
        "元町(厚木市)",
        "小田急通り",
        "厚木バスセンター"
    ],
    "weekday": [
        "6:21",
        "7:01",
        "7:22",
        "7:59",
        "8:19",
        "8:39",
        "18:19",
        "18:49",
        "19:18",
        "19:53",
        "20:43",
        "21:08",
        "21:43"
    ],
    "saturday": [
        "6:16",
        "6:36",
        "7:18",
        "7:54",
        "8:18",
        "8:54",
        "9:18",
        "9:42",
        "10:18",
        "10:42",
        "11:21",
        "11:51",
        "12:36",
        "13:21",
        "13:51",
        "14:36",
        "15:21",
        "15:51",
        "16:36",
        "17:21",
        "17:51",
        "18:36",
        "19:16",
        "20:21",
        "21:06"
    ],
    "holiday": [
        "6:26",
        "7:21",
        "8:21",
        "9:21",
        "10:21",
        "11:21",
        "12:21",
        "13:21",
        "14:21",
        "15:21",
        "16:21",
        "17:21",
        "18:21",
        "19:21",
        "20:11",
        "21:06"
    ],
    "url": "https://www.kanachu.co.jp/dia/diagram/timetable01_js/course:0000801023-15/node:00128353/kt:0/lname:/"
}
