{
    "date": "2026/01/16",
    "name": "幸町(茅ケ崎市)",
    "position": "-",
    "system": "辻13",
    "destinations": [
        "会館前(茅ケ崎市)",
        "東海岸二丁目",
        "駐在所前(茅ケ崎市)",
        "東海岸北五丁目",
        "松が丘二丁目(茅ケ崎市)",
        "平和町",
        "浜須賀入口",
        "平和学園前(茅ケ崎市)",
        "富士見町(茅ケ崎市)",
        "常盤町(茅ケ崎市)",
        "テラス",
        "兵金山",
        "浜竹",
        "辻堂駅西口",
        "辻堂駅南口"
    ],
    "weekday": [
        "5:51",
        "6:11",
        "6:36",
        "6:43",
        "7:06",
        "7:21",
        "7:36",
        "7:51",
        "8:06",
        "8:26",
        "9:11",
        "10:11",
        "11:11",
        "12:11",
        "13:11",
        "14:11",
        "15:11",
        "15:28",
        "15:41",
        "16:16",
        "16:38",
        "17:16",
        "17:38",
        "18:16",
        "18:38",
        "19:16",
        "19:38",
        "20:16",
        "20:46",
        "21:18",
        "21:38",
        "22:13",
        "22:50"
    ],
    "saturday": [
        "6:06",
        "7:06",
        "8:06",
        "9:06",
        "10:06",
        "11:06",
        "12:06",
        "13:06",
        "14:06",
        "15:06",
        "16:06",
        "17:06",
        "18:06",
        "19:06",
        "20:06",
        "21:06",
        "22:07"
    ],
    "holiday": [
        "6:06",
        "7:06",
        "8:06",
        "9:06",
        "10:06",
        "11:06",
        "12:06",
        "13:06",
        "14:06",
        "15:06",
        "16:06",
        "17:06",
        "18:06",
        "19:06",
        "20:06",
        "21:06",
        "22:07"
    ],
    "url": "https://www.kanachu.co.jp/dia/diagram/timetable01_js/course:0000804094-2/node:00127220/kt:0/lname:/"
}
