{
    "date": "2026/01/16",
    "name": "会館前(茅ケ崎市)",
    "position": "-",
    "system": "辻13",
    "destinations": [
        "東海岸二丁目",
        "駐在所前(茅ケ崎市)",
        "東海岸北五丁目",
        "松が丘二丁目(茅ケ崎市)",
        "平和町",
        "浜須賀入口",
        "平和学園前(茅ケ崎市)",
        "富士見町(茅ケ崎市)",
        "常盤町(茅ケ崎市)",
        "テラス",
        "兵金山",
        "浜竹",
        "辻堂駅西口",
        "辻堂駅南口"
    ],
    "weekday": [
        "5:52",
        "6:12",
        "6:37",
        "6:44",
        "7:07",
        "7:22",
        "7:37",
        "7:52",
        "8:07",
        "8:27",
        "9:12",
        "10:12",
        "11:12",
        "12:12",
        "13:12",
        "14:12",
        "15:12",
        "15:29",
        "15:42",
        "16:17",
        "16:39",
        "17:17",
        "17:39",
        "18:17",
        "18:39",
        "19:17",
        "19:39",
        "20:17",
        "20:47",
        "21:19",
        "21:39",
        "22:14",
        "22:51"
    ],
    "saturday": [
        "6:07",
        "7:07",
        "8:07",
        "9:07",
        "10:07",
        "11:07",
        "12:07",
        "13:07",
        "14:07",
        "15:07",
        "16:07",
        "17:07",
        "18:07",
        "19:07",
        "20:07",
        "21:07",
        "22:08"
    ],
    "holiday": [
        "6:07",
        "7:07",
        "8:07",
        "9:07",
        "10:07",
        "11:07",
        "12:07",
        "13:07",
        "14:07",
        "15:07",
        "16:07",
        "17:07",
        "18:07",
        "19:07",
        "20:07",
        "21:07",
        "22:08"
    ],
    "url": "https://www.kanachu.co.jp/dia/diagram/timetable01_js/course:0000804094-3/node:00127221/kt:0/lname:/"
}
