{
    "date": "2026/01/16",
    "name": "平和学園前(茅ケ崎市)",
    "position": "-",
    "system": "辻13",
    "destinations": [
        "富士見町(茅ケ崎市)",
        "常盤町(茅ケ崎市)",
        "テラス",
        "兵金山",
        "浜竹",
        "辻堂駅西口",
        "辻堂駅南口"
    ],
    "weekday": [
        "5:59",
        "6:19",
        "6:44",
        "6:51",
        "7:14",
        "7:29",
        "7:44",
        "7:59",
        "8:14",
        "8:34",
        "9:19",
        "10:19",
        "11:19",
        "12:19",
        "13:19",
        "14:19",
        "15:19",
        "15:36",
        "15:49",
        "16:24",
        "16:46",
        "17:24",
        "17:46",
        "18:24",
        "18:46",
        "19:24",
        "19:46",
        "20:24",
        "20:54",
        "21:26",
        "21:46",
        "22:21",
        "22:58"
    ],
    "saturday": [
        "6:14",
        "7:14",
        "8:14",
        "9:14",
        "10:14",
        "11:14",
        "12:14",
        "13:14",
        "14:14",
        "15:14",
        "16:14",
        "17:14",
        "18:14",
        "19:14",
        "20:14",
        "21:14",
        "22:15"
    ],
    "holiday": [
        "6:14",
        "7:14",
        "8:14",
        "9:14",
        "10:14",
        "11:14",
        "12:14",
        "13:14",
        "14:14",
        "15:14",
        "16:14",
        "17:14",
        "18:14",
        "19:14",
        "20:14",
        "21:14",
        "22:15"
    ],
    "url": "https://www.kanachu.co.jp/dia/diagram/timetable01_js/course:0000804094-10/node:00127227/kt:0/lname:/"
}
