{
    "date": "2026/01/16",
    "name": "常盤町(茅ケ崎市)",
    "position": "-",
    "system": "辻13",
    "destinations": [
        "テラス",
        "兵金山",
        "浜竹",
        "辻堂駅西口",
        "辻堂駅南口"
    ],
    "weekday": [
        "6:01",
        "6:21",
        "6:46",
        "6:53",
        "7:16",
        "7:31",
        "7:46",
        "8:01",
        "8:16",
        "8:36",
        "9:21",
        "10:21",
        "11:21",
        "12:21",
        "13:21",
        "14:21",
        "15:21",
        "15:38",
        "15:51",
        "16:26",
        "16:48",
        "17:26",
        "17:48",
        "18:26",
        "18:48",
        "19:26",
        "19:48",
        "20:26",
        "20:56",
        "21:28",
        "21:48",
        "22:23",
        "23:00"
    ],
    "saturday": [
        "6:16",
        "7:16",
        "8:16",
        "9:16",
        "10:16",
        "11:16",
        "12:16",
        "13:16",
        "14:16",
        "15:16",
        "16:16",
        "17:16",
        "18:16",
        "19:16",
        "20:16",
        "21:16",
        "22:17"
    ],
    "holiday": [
        "6:16",
        "7:16",
        "8:16",
        "9:16",
        "10:16",
        "11:16",
        "12:16",
        "13:16",
        "14:16",
        "15:16",
        "16:16",
        "17:16",
        "18:16",
        "19:16",
        "20:16",
        "21:16",
        "22:17"
    ],
    "url": "https://www.kanachu.co.jp/dia/diagram/timetable01_js/course:0000804094-12/node:00127280/kt:0/lname:/"
}
