{
    "date": "2025/08/30",
    "name": "芹が谷",
    "position": "-",
    "system": "",
    "destinations": [
        "せりぎんタウン",
        "芹が谷団地前",
        "永谷地区センター前",
        "平戸(横浜市港南区)",
        "下永谷(横浜市港南区)",
        "般若寺橋",
        "中永谷",
        "水田(横浜市港南区)",
        "日限地蔵入口",
        "永野小学校前",
        "上永谷駅",
        "馬洗橋",
        "北永作",
        "永作",
        "下車ヶ谷",
        "吉原小学校前(横浜市港南区)",
        "新吉原橋",
        "吉原(横浜市港南区)",
        "港南区総合庁舎前",
        "笹下港南中央通り",
        "関の下",
        "上大岡駅"
    ],
    "weekday": [
        "8:00",
        "8:42",
        "9:42",
        "10:03",
        "10:42",
        "11:42",
        "12:10",
        "12:42",
        "13:10",
        "13:42",
        "14:10",
        "14:42",
        "15:10",
        "15:42",
        "16:10",
        "17:10",
        "18:09",
        "19:07",
        "20:08",
        "21:04"
    ],
    "saturday": [
        "7:10",
        "8:11",
        "9:10",
        "9:42",
        "10:10",
        "10:42",
        "11:10",
        "11:42",
        "12:10",
        "12:42",
        "13:07",
        "13:42",
        "14:07",
        "14:42",
        "15:07",
        "15:42",
        "16:07",
        "17:07",
        "18:07",
        "19:05",
        "20:05",
        "21:15"
    ],
    "holiday": [
        "8:11",
        "8:42",
        "9:10",
        "9:42",
        "10:10",
        "10:42",
        "11:10",
        "11:42",
        "12:10",
        "12:42",
        "13:10",
        "13:42",
        "14:07",
        "14:42",
        "15:07",
        "15:42",
        "16:07",
        "17:07",
        "17:42",
        "18:07",
        "19:05",
        "20:05",
        "21:17"
    ],
    "url": "https://www.kanachu.co.jp/dia/diagram/timetable01_js/course:0000803868-10/node:00126567/kt:0/lname:/"
}
