{
    "date": "2025/11/16",
    "name": "美術館入口(平塚市)",
    "position": "-",
    "system": "平86",
    "destinations": [
        "総合公園(平塚市)",
        "平塚球場",
        "西新町(平塚市)",
        "中原東(平塚市)",
        "中原中宿",
        "伊勢山(平塚市)",
        "住宅前(平塚市)",
        "大野中学校前",
        "西真土",
        "大野農協前",
        "市場前(平塚市)",
        "坂口(平塚市)",
        "今里(平塚市)",
        "横内団地前",
        "横内下",
        "横内公民館入口",
        "横内四ツ角",
        "横内上",
        "枝大島入口",
        "下小稲葉",
        "小稲葉",
        "沖小稲葉",
        "下谷(伊勢原市)",
        "大田小学校前",
        "沼目",
        "つきみの団地",
        "西沼目",
        "藤田電機前(伊勢原市)",
        "三福寺前",
        "下宿(伊勢原市)",
        "伊勢原駅南口"
    ],
    "weekday": [
        "6:35",
        "6:55",
        "7:15",
        "7:40",
        "8:00",
        "8:21",
        "8:42",
        "9:02",
        "9:31",
        "10:30",
        "11:30",
        "12:15",
        "13:15",
        "14:15",
        "15:05",
        "16:05",
        "16:25",
        "17:05",
        "17:40",
        "18:12",
        "18:42",
        "19:12",
        "19:40",
        "20:10",
        "20:45"
    ],
    "saturday": [
        "7:25",
        "8:25",
        "9:30",
        "10:30",
        "11:30",
        "12:30",
        "13:30",
        "14:30",
        "15:30",
        "16:30",
        "17:30",
        "18:30",
        "19:30",
        "20:25"
    ],
    "holiday": [
        "7:25",
        "8:25",
        "9:30",
        "10:30",
        "11:30",
        "12:30",
        "13:30",
        "14:30",
        "15:30",
        "16:30",
        "17:30",
        "18:30",
        "19:30",
        "20:25"
    ],
    "url": "https://www.kanachu.co.jp/dia/diagram/timetable01_js/course:0000803332-7/node:00127599/kt:0/lname:/"
}
