{
    "date": "2025/11/16",
    "name": "平塚球場",
    "position": "-",
    "system": "平86",
    "destinations": [
        "西新町(平塚市)",
        "中原東(平塚市)",
        "中原中宿",
        "伊勢山(平塚市)",
        "住宅前(平塚市)",
        "大野中学校前",
        "西真土",
        "大野農協前",
        "市場前(平塚市)",
        "坂口(平塚市)",
        "今里(平塚市)",
        "横内団地前",
        "横内下",
        "横内公民館入口",
        "横内四ツ角",
        "横内上",
        "枝大島入口",
        "下小稲葉",
        "小稲葉",
        "沖小稲葉",
        "下谷(伊勢原市)",
        "大田小学校前",
        "沼目",
        "つきみの団地",
        "西沼目",
        "藤田電機前(伊勢原市)",
        "三福寺前",
        "下宿(伊勢原市)",
        "伊勢原駅南口"
    ],
    "weekday": [
        "6:37",
        "6:57",
        "7:17",
        "7:42",
        "8:02",
        "8:23",
        "8:44",
        "9:04",
        "9:33",
        "10:32",
        "11:32",
        "12:17",
        "13:17",
        "14:17",
        "15:07",
        "16:07",
        "16:27",
        "17:07",
        "17:42",
        "18:14",
        "18:44",
        "19:14",
        "19:42",
        "20:12",
        "20:47"
    ],
    "saturday": [
        "7:27",
        "8:27",
        "9:32",
        "10:32",
        "11:32",
        "12:32",
        "13:32",
        "14:32",
        "15:32",
        "16:32",
        "17:32",
        "18:32",
        "19:32",
        "20:27"
    ],
    "holiday": [
        "7:27",
        "8:27",
        "9:32",
        "10:32",
        "11:32",
        "12:32",
        "13:32",
        "14:32",
        "15:32",
        "16:32",
        "17:32",
        "18:32",
        "19:32",
        "20:27"
    ],
    "url": "https://www.kanachu.co.jp/dia/diagram/timetable01_js/course:0000803332-9/node:00127601/kt:0/lname:/"
}
