{
    "date": "2025/11/16",
    "name": "西新町(平塚市)",
    "position": "-",
    "system": "平86",
    "destinations": [
        "中原東(平塚市)",
        "中原中宿",
        "伊勢山(平塚市)",
        "住宅前(平塚市)",
        "大野中学校前",
        "西真土",
        "大野農協前",
        "市場前(平塚市)",
        "坂口(平塚市)",
        "今里(平塚市)",
        "横内団地前",
        "横内下",
        "横内公民館入口",
        "横内四ツ角",
        "横内上",
        "枝大島入口",
        "下小稲葉",
        "小稲葉",
        "沖小稲葉",
        "下谷(伊勢原市)",
        "大田小学校前",
        "沼目",
        "つきみの団地",
        "西沼目",
        "藤田電機前(伊勢原市)",
        "三福寺前",
        "下宿(伊勢原市)",
        "伊勢原駅南口"
    ],
    "weekday": [
        "6:38",
        "6:58",
        "7:18",
        "7:43",
        "8:03",
        "8:24",
        "8:45",
        "9:05",
        "9:34",
        "10:33",
        "11:33",
        "12:18",
        "13:18",
        "14:18",
        "15:08",
        "16:08",
        "16:28",
        "17:08",
        "17:43",
        "18:15",
        "18:45",
        "19:15",
        "19:43",
        "20:13",
        "20:48"
    ],
    "saturday": [
        "7:28",
        "8:28",
        "9:33",
        "10:33",
        "11:33",
        "12:33",
        "13:33",
        "14:33",
        "15:33",
        "16:33",
        "17:33",
        "18:33",
        "19:33",
        "20:28"
    ],
    "holiday": [
        "7:28",
        "8:28",
        "9:33",
        "10:33",
        "11:33",
        "12:33",
        "13:33",
        "14:33",
        "15:33",
        "16:33",
        "17:33",
        "18:33",
        "19:33",
        "20:28"
    ],
    "url": "https://www.kanachu.co.jp/dia/diagram/timetable01_js/course:0000803332-10/node:00127602/kt:0/lname:/"
}
