{
    "date": "2025/11/16",
    "name": "伊勢山(平塚市)",
    "position": "-",
    "system": "平86",
    "destinations": [
        "住宅前(平塚市)",
        "大野中学校前",
        "西真土",
        "大野農協前",
        "市場前(平塚市)",
        "坂口(平塚市)",
        "今里(平塚市)",
        "横内団地前",
        "横内下",
        "横内公民館入口",
        "横内四ツ角",
        "横内上",
        "枝大島入口",
        "下小稲葉",
        "小稲葉",
        "沖小稲葉",
        "下谷(伊勢原市)",
        "大田小学校前",
        "沼目",
        "つきみの団地",
        "西沼目",
        "藤田電機前(伊勢原市)",
        "三福寺前",
        "下宿(伊勢原市)",
        "伊勢原駅南口"
    ],
    "weekday": [
        "6:41",
        "7:01",
        "7:21",
        "7:46",
        "8:06",
        "8:27",
        "8:48",
        "9:08",
        "9:37",
        "10:36",
        "11:36",
        "12:21",
        "13:21",
        "14:21",
        "15:11",
        "16:11",
        "16:31",
        "17:11",
        "17:46",
        "18:18",
        "18:48",
        "19:18",
        "19:46",
        "20:16",
        "20:51"
    ],
    "saturday": [
        "7:31",
        "8:31",
        "9:36",
        "10:36",
        "11:36",
        "12:36",
        "13:36",
        "14:36",
        "15:36",
        "16:36",
        "17:36",
        "18:36",
        "19:36",
        "20:31"
    ],
    "holiday": [
        "7:31",
        "8:31",
        "9:36",
        "10:36",
        "11:36",
        "12:36",
        "13:36",
        "14:36",
        "15:36",
        "16:36",
        "17:36",
        "18:36",
        "19:36",
        "20:31"
    ],
    "url": "https://www.kanachu.co.jp/dia/diagram/timetable01_js/course:0000803332-13/node:00127605/kt:0/lname:/"
}
