{
    "date": "2025/11/16",
    "name": "住宅前(平塚市)",
    "position": "-",
    "system": "平86",
    "destinations": [
        "大野中学校前",
        "西真土",
        "大野農協前",
        "市場前(平塚市)",
        "坂口(平塚市)",
        "今里(平塚市)",
        "横内団地前",
        "横内下",
        "横内公民館入口",
        "横内四ツ角",
        "横内上",
        "枝大島入口",
        "下小稲葉",
        "小稲葉",
        "沖小稲葉",
        "下谷(伊勢原市)",
        "大田小学校前",
        "沼目",
        "つきみの団地",
        "西沼目",
        "藤田電機前(伊勢原市)",
        "三福寺前",
        "下宿(伊勢原市)",
        "伊勢原駅南口"
    ],
    "weekday": [
        "6:42",
        "7:02",
        "7:22",
        "7:47",
        "8:07",
        "8:28",
        "8:49",
        "9:09",
        "9:38",
        "10:37",
        "11:37",
        "12:22",
        "13:22",
        "14:22",
        "15:12",
        "16:12",
        "16:32",
        "17:12",
        "17:47",
        "18:19",
        "18:49",
        "19:19",
        "19:47",
        "20:17",
        "20:52"
    ],
    "saturday": [
        "7:32",
        "8:32",
        "9:37",
        "10:37",
        "11:37",
        "12:37",
        "13:37",
        "14:37",
        "15:37",
        "16:37",
        "17:37",
        "18:37",
        "19:37",
        "20:32"
    ],
    "holiday": [
        "7:32",
        "8:32",
        "9:37",
        "10:37",
        "11:37",
        "12:37",
        "13:37",
        "14:37",
        "15:37",
        "16:37",
        "17:37",
        "18:37",
        "19:37",
        "20:32"
    ],
    "url": "https://www.kanachu.co.jp/dia/diagram/timetable01_js/course:0000803332-14/node:00127606/kt:0/lname:/"
}
