{
    "date": "2025/11/16",
    "name": "横内団地前",
    "position": "-",
    "system": "平86",
    "destinations": [
        "横内下",
        "横内公民館入口",
        "横内四ツ角",
        "横内上",
        "枝大島入口",
        "下小稲葉",
        "小稲葉",
        "沖小稲葉",
        "下谷(伊勢原市)",
        "大田小学校前",
        "沼目",
        "つきみの団地",
        "西沼目",
        "藤田電機前(伊勢原市)",
        "三福寺前",
        "下宿(伊勢原市)",
        "伊勢原駅南口"
    ],
    "weekday": [
        "6:49",
        "7:09",
        "7:29",
        "7:54",
        "8:14",
        "8:35",
        "8:56",
        "9:16",
        "9:45",
        "10:44",
        "11:44",
        "12:29",
        "13:29",
        "14:29",
        "15:19",
        "16:19",
        "16:39",
        "17:19",
        "17:54",
        "18:26",
        "18:56",
        "19:26",
        "19:54",
        "20:24",
        "20:59"
    ],
    "saturday": [
        "7:39",
        "8:39",
        "9:44",
        "10:44",
        "11:44",
        "12:44",
        "13:44",
        "14:44",
        "15:44",
        "16:44",
        "17:44",
        "18:44",
        "19:44",
        "20:39"
    ],
    "holiday": [
        "7:39",
        "8:39",
        "9:44",
        "10:44",
        "11:44",
        "12:44",
        "13:44",
        "14:44",
        "15:44",
        "16:44",
        "17:44",
        "18:44",
        "19:44",
        "20:39"
    ],
    "url": "https://www.kanachu.co.jp/dia/diagram/timetable01_js/course:0000803332-21/node:00127613/kt:0/lname:/"
}
