{
    "date": "2025/11/16",
    "name": "横内上",
    "position": "-",
    "system": "平86",
    "destinations": [
        "枝大島入口",
        "下小稲葉",
        "小稲葉",
        "沖小稲葉",
        "下谷(伊勢原市)",
        "大田小学校前",
        "沼目",
        "つきみの団地",
        "西沼目",
        "藤田電機前(伊勢原市)",
        "三福寺前",
        "下宿(伊勢原市)",
        "伊勢原駅南口"
    ],
    "weekday": [
        "6:54",
        "7:14",
        "7:34",
        "7:59",
        "8:19",
        "8:40",
        "9:01",
        "9:21",
        "9:50",
        "10:49",
        "11:49",
        "12:34",
        "13:34",
        "14:34",
        "15:24",
        "16:24",
        "16:44",
        "17:24",
        "17:59",
        "18:31",
        "19:01",
        "19:31",
        "19:59",
        "20:29",
        "21:04"
    ],
    "saturday": [
        "7:44",
        "8:44",
        "9:49",
        "10:49",
        "11:49",
        "12:49",
        "13:49",
        "14:49",
        "15:49",
        "16:49",
        "17:49",
        "18:49",
        "19:49",
        "20:44"
    ],
    "holiday": [
        "7:44",
        "8:44",
        "9:49",
        "10:49",
        "11:49",
        "12:49",
        "13:49",
        "14:49",
        "15:49",
        "16:49",
        "17:49",
        "18:49",
        "19:49",
        "20:44"
    ],
    "url": "https://www.kanachu.co.jp/dia/diagram/timetable01_js/course:0000803332-25/node:00127617/kt:0/lname:/"
}
