{
    "date": "2025/11/16",
    "name": "枝大島入口",
    "position": "-",
    "system": "平86",
    "destinations": [
        "下小稲葉",
        "小稲葉",
        "沖小稲葉",
        "下谷(伊勢原市)",
        "大田小学校前",
        "沼目",
        "つきみの団地",
        "西沼目",
        "藤田電機前(伊勢原市)",
        "三福寺前",
        "下宿(伊勢原市)",
        "伊勢原駅南口"
    ],
    "weekday": [
        "6:55",
        "7:16",
        "7:36",
        "8:01",
        "8:21",
        "8:42",
        "9:03",
        "9:23",
        "9:51",
        "10:50",
        "11:50",
        "12:35",
        "13:35",
        "14:35",
        "15:25",
        "16:25",
        "16:46",
        "17:26",
        "18:01",
        "18:33",
        "19:03",
        "19:32",
        "20:00",
        "20:30",
        "21:05"
    ],
    "saturday": [
        "7:45",
        "8:45",
        "9:50",
        "10:50",
        "11:50",
        "12:50",
        "13:50",
        "14:50",
        "15:50",
        "16:50",
        "17:50",
        "18:50",
        "19:50",
        "20:45"
    ],
    "holiday": [
        "7:45",
        "8:45",
        "9:50",
        "10:50",
        "11:50",
        "12:50",
        "13:50",
        "14:50",
        "15:50",
        "16:50",
        "17:50",
        "18:50",
        "19:50",
        "20:45"
    ],
    "url": "https://www.kanachu.co.jp/dia/diagram/timetable01_js/course:0000803332-26/node:00127618/kt:0/lname:/"
}
