{
    "date": "2025/11/16",
    "name": "下小稲葉",
    "position": "-",
    "system": "平86",
    "destinations": [
        "小稲葉",
        "沖小稲葉",
        "下谷(伊勢原市)",
        "大田小学校前",
        "沼目",
        "つきみの団地",
        "西沼目",
        "藤田電機前(伊勢原市)",
        "三福寺前",
        "下宿(伊勢原市)",
        "伊勢原駅南口"
    ],
    "weekday": [
        "6:56",
        "7:17",
        "7:37",
        "8:02",
        "8:22",
        "8:43",
        "9:04",
        "9:24",
        "9:52",
        "10:51",
        "11:51",
        "12:36",
        "13:36",
        "14:36",
        "15:26",
        "16:26",
        "16:47",
        "17:27",
        "18:02",
        "18:34",
        "19:04",
        "19:33",
        "20:01",
        "20:31",
        "21:06"
    ],
    "saturday": [
        "7:46",
        "8:46",
        "9:51",
        "10:51",
        "11:51",
        "12:51",
        "13:51",
        "14:51",
        "15:51",
        "16:51",
        "17:51",
        "18:51",
        "19:51",
        "20:46"
    ],
    "holiday": [
        "7:46",
        "8:46",
        "9:51",
        "10:51",
        "11:51",
        "12:51",
        "13:51",
        "14:51",
        "15:51",
        "16:51",
        "17:51",
        "18:51",
        "19:51",
        "20:46"
    ],
    "url": "https://www.kanachu.co.jp/dia/diagram/timetable01_js/course:0000803332-27/node:00127619/kt:0/lname:/"
}
