{
    "date": "2025/11/16",
    "name": "沖小稲葉",
    "position": "-",
    "system": "平86",
    "destinations": [
        "下谷(伊勢原市)",
        "大田小学校前",
        "沼目",
        "つきみの団地",
        "西沼目",
        "藤田電機前(伊勢原市)",
        "三福寺前",
        "下宿(伊勢原市)",
        "伊勢原駅南口"
    ],
    "weekday": [
        "6:58",
        "7:19",
        "7:39",
        "8:04",
        "8:24",
        "8:45",
        "9:06",
        "9:26",
        "9:54",
        "10:53",
        "11:53",
        "12:38",
        "13:38",
        "14:38",
        "15:28",
        "16:28",
        "16:49",
        "17:29",
        "18:04",
        "18:36",
        "19:06",
        "19:35",
        "20:03",
        "20:33",
        "21:08"
    ],
    "saturday": [
        "7:48",
        "8:48",
        "9:53",
        "10:53",
        "11:53",
        "12:53",
        "13:53",
        "14:53",
        "15:53",
        "16:53",
        "17:53",
        "18:53",
        "19:53",
        "20:48"
    ],
    "holiday": [
        "7:48",
        "8:48",
        "9:53",
        "10:53",
        "11:53",
        "12:53",
        "13:53",
        "14:53",
        "15:53",
        "16:53",
        "17:53",
        "18:53",
        "19:53",
        "20:48"
    ],
    "url": "https://www.kanachu.co.jp/dia/diagram/timetable01_js/course:0000803332-29/node:00128119/kt:0/lname:/"
}
