{
    "date": "2025/11/16",
    "name": "沼目",
    "position": "-",
    "system": "平86",
    "destinations": [
        "つきみの団地",
        "西沼目",
        "藤田電機前(伊勢原市)",
        "三福寺前",
        "下宿(伊勢原市)",
        "伊勢原駅南口"
    ],
    "weekday": [
        "7:01",
        "7:22",
        "7:42",
        "8:07",
        "8:27",
        "8:48",
        "9:09",
        "9:29",
        "9:57",
        "10:56",
        "11:56",
        "12:41",
        "13:41",
        "14:41",
        "15:31",
        "16:31",
        "16:52",
        "17:32",
        "18:07",
        "18:39",
        "19:09",
        "19:38",
        "20:06",
        "20:36",
        "21:11"
    ],
    "saturday": [
        "7:51",
        "8:51",
        "9:56",
        "10:56",
        "11:56",
        "12:56",
        "13:56",
        "14:56",
        "15:56",
        "16:56",
        "17:56",
        "18:56",
        "19:56",
        "20:51"
    ],
    "holiday": [
        "7:51",
        "8:51",
        "9:56",
        "10:56",
        "11:56",
        "12:56",
        "13:56",
        "14:56",
        "15:56",
        "16:56",
        "17:56",
        "18:56",
        "19:56",
        "20:51"
    ],
    "url": "https://www.kanachu.co.jp/dia/diagram/timetable01_js/course:0000803332-32/node:00128099/kt:0/lname:/"
}
