{
    "date": "2025/11/16",
    "name": "西沼目",
    "position": "-",
    "system": "平86",
    "destinations": [
        "藤田電機前(伊勢原市)",
        "三福寺前",
        "下宿(伊勢原市)",
        "伊勢原駅南口"
    ],
    "weekday": [
        "7:03",
        "7:24",
        "7:44",
        "8:09",
        "8:29",
        "8:50",
        "9:11",
        "9:31",
        "9:59",
        "10:58",
        "11:58",
        "12:43",
        "13:43",
        "14:43",
        "15:33",
        "16:33",
        "16:54",
        "17:34",
        "18:09",
        "18:41",
        "19:11",
        "19:40",
        "20:08",
        "20:38",
        "21:13"
    ],
    "saturday": [
        "7:53",
        "8:53",
        "9:58",
        "10:58",
        "11:58",
        "12:58",
        "13:58",
        "14:58",
        "15:58",
        "16:58",
        "17:58",
        "18:58",
        "19:58",
        "20:53"
    ],
    "holiday": [
        "7:53",
        "8:53",
        "9:58",
        "10:58",
        "11:58",
        "12:58",
        "13:58",
        "14:58",
        "15:58",
        "16:58",
        "17:58",
        "18:58",
        "19:58",
        "20:53"
    ],
    "url": "https://www.kanachu.co.jp/dia/diagram/timetable01_js/course:0000803332-34/node:00128097/kt:0/lname:/"
}
