{
    "date": "2025/11/16",
    "name": "三福寺前",
    "position": "-",
    "system": "平86",
    "destinations": [
        "下宿(伊勢原市)",
        "伊勢原駅南口"
    ],
    "weekday": [
        "7:06",
        "7:27",
        "7:47",
        "8:12",
        "8:32",
        "8:53",
        "9:14",
        "9:34",
        "10:02",
        "11:01",
        "12:01",
        "12:46",
        "13:46",
        "14:46",
        "15:36",
        "16:36",
        "16:57",
        "17:37",
        "18:12",
        "18:44",
        "19:14",
        "19:43",
        "20:11",
        "20:41",
        "21:16"
    ],
    "saturday": [
        "7:56",
        "8:56",
        "10:01",
        "11:01",
        "12:01",
        "13:01",
        "14:01",
        "15:01",
        "16:01",
        "17:01",
        "18:01",
        "19:01",
        "20:01",
        "20:56"
    ],
    "holiday": [
        "7:56",
        "8:56",
        "10:01",
        "11:01",
        "12:01",
        "13:01",
        "14:01",
        "15:01",
        "16:01",
        "17:01",
        "18:01",
        "19:01",
        "20:01",
        "20:56"
    ],
    "url": "https://www.kanachu.co.jp/dia/diagram/timetable01_js/course:0000803332-36/node:00128095/kt:0/lname:/"
}
