{
    "date": "2025/10/20",
    "name": "天満宮(大和市)",
    "position": "-",
    "system": "和03",
    "destinations": [
        "大和南",
        "山王塚(大和市)",
        "上野原(大和市)",
        "住宅入口(大和市)",
        "学校入口(大和市)",
        "桜株(大和市)",
        "指導農場前",
        "上和田(上和田団地側/大和市)",
        "団地入口(大和市)",
        "上和田団地"
    ],
    "weekday": [
        "6:16",
        "6:46",
        "7:12",
        "7:42",
        "8:32",
        "9:22",
        "10:12",
        "11:02",
        "11:52",
        "12:42",
        "13:32",
        "14:22",
        "15:12",
        "16:02",
        "16:52",
        "17:12",
        "17:42",
        "18:07",
        "18:32",
        "19:22",
        "20:11",
        "21:02"
    ],
    "saturday": [
        "7:26",
        "8:41",
        "9:42",
        "10:42",
        "11:42",
        "12:42",
        "13:42",
        "14:42",
        "15:42",
        "16:42",
        "17:42",
        "18:42",
        "19:42",
        "20:31"
    ],
    "holiday": [
        "8:41",
        "9:42",
        "10:42",
        "11:42",
        "12:42",
        "13:42",
        "14:42",
        "15:42",
        "16:42",
        "17:42",
        "18:42",
        "19:41",
        "20:21"
    ],
    "url": "https://www.kanachu.co.jp/dia/diagram/timetable01_js/course:0000800199-2/node:00129743/kt:0/lname:/"
}
