{
    "date": "2025/10/20",
    "name": "上和田(上和田団地側/大和市)",
    "position": "-",
    "system": "和03",
    "destinations": [
        "団地入口(大和市)",
        "上和田団地"
    ],
    "weekday": [
        "6:27",
        "6:57",
        "7:24",
        "7:54",
        "8:44",
        "9:34",
        "10:24",
        "11:14",
        "12:04",
        "12:54",
        "13:44",
        "14:34",
        "15:24",
        "16:14",
        "17:04",
        "17:24",
        "17:54",
        "18:19",
        "18:44",
        "19:34",
        "20:22",
        "21:13"
    ],
    "saturday": [
        "7:37",
        "8:52",
        "9:54",
        "10:54",
        "11:54",
        "12:54",
        "13:54",
        "14:54",
        "15:54",
        "16:54",
        "17:54",
        "18:54",
        "19:54",
        "20:42"
    ],
    "holiday": [
        "8:52",
        "9:54",
        "10:54",
        "11:54",
        "12:54",
        "13:54",
        "14:54",
        "15:54",
        "16:54",
        "17:54",
        "18:54",
        "19:52",
        "20:32"
    ],
    "url": "https://www.kanachu.co.jp/dia/diagram/timetable01_js/course:0000800199-10/node:00129641/kt:0/lname:/"
}
