{
    "date": "2025/07/12",
    "name": "清泉女学院",
    "position": "-",
    "system": "船35",
    "destinations": [
        "打越(鎌倉市)",
        "玉縄台",
        "栄光学園前",
        "玉縄出張所前",
        "大船駅西口"
    ],
    "weekday": [
        "6:08",
        "6:29",
        "6:40",
        "6:49",
        "6:58",
        "7:06",
        "7:13",
        "7:19",
        "7:25",
        "7:31",
        "7:37",
        "7:45",
        "7:49",
        "7:53",
        "7:57",
        "8:01",
        "8:05",
        "8:09",
        "8:13",
        "8:19",
        "8:25",
        "8:29",
        "8:33",
        "8:37",
        "8:45",
        "8:57",
        "9:09",
        "9:29",
        "9:49",
        "10:09",
        "10:29",
        "10:49",
        "11:09",
        "11:29",
        "11:49",
        "12:09",
        "12:29",
        "12:49",
        "13:09",
        "13:29",
        "13:49",
        "14:09",
        "14:29",
        "14:49",
        "15:09",
        "15:19",
        "15:27",
        "15:35",
        "15:43",
        "15:51",
        "15:59",
        "16:07",
        "16:15",
        "16:23",
        "16:31",
        "16:39",
        "16:47",
        "16:51",
        "16:55",
        "17:03",
        "17:07",
        "17:11",
        "17:20",
        "17:25",
        "17:31",
        "17:42",
        "17:47",
        "17:57",
        "18:09",
        "18:19",
        "18:37",
        "18:49",
        "19:09",
        "19:29",
        "19:49",
        "20:09",
        "20:29",
        "20:49"
    ],
    "saturday": [
        "6:49",
        "7:09",
        "7:17",
        "7:29",
        "7:41",
        "7:47",
        "7:59",
        "8:09",
        "8:19",
        "8:29",
        "8:49",
        "9:09",
        "9:29",
        "9:49",
        "10:09",
        "10:29",
        "10:49",
        "11:09",
        "11:29",
        "11:49",
        "12:09",
        "12:31",
        "12:49",
        "13:09",
        "13:29",
        "13:49",
        "14:09",
        "14:29",
        "14:49",
        "15:09",
        "15:29",
        "15:49",
        "16:09",
        "16:29",
        "16:49",
        "17:09",
        "17:29",
        "17:49",
        "18:09",
        "18:29",
        "18:49",
        "19:09",
        "19:29",
        "19:49",
        "20:09",
        "20:29",
        "20:49"
    ],
    "holiday": [
        "6:49",
        "7:09",
        "7:29",
        "7:49",
        "8:09",
        "8:29",
        "8:49",
        "9:09",
        "9:29",
        "9:49",
        "10:09",
        "10:29",
        "10:49",
        "11:09",
        "11:29",
        "11:49",
        "12:09",
        "12:29",
        "12:49",
        "13:09",
        "13:29",
        "13:49",
        "14:09",
        "14:29",
        "14:49",
        "15:09",
        "15:29",
        "15:49",
        "16:09",
        "16:29",
        "16:49",
        "17:09",
        "17:29",
        "17:49",
        "18:09",
        "18:29",
        "18:49",
        "19:09",
        "19:29",
        "19:49",
        "20:09",
        "20:29",
        "20:49"
    ],
    "url": "https://www.kanachu.co.jp/dia/diagram/timetable01_js/course:0000801423-1/node:00127005/kt:0/lname:/"
}
