{
    "date": "2025/07/12",
    "name": "玉縄出張所前",
    "position": "-",
    "system": "船35",
    "destinations": [
        "大船駅西口"
    ],
    "weekday": [
        "6:12",
        "6:33",
        "6:44",
        "6:53",
        "7:02",
        "7:10",
        "7:17",
        "7:23",
        "7:29",
        "7:35",
        "7:41",
        "7:49",
        "7:53",
        "7:57",
        "8:01",
        "8:05",
        "8:09",
        "8:13",
        "8:17",
        "8:23",
        "8:29",
        "8:33",
        "8:37",
        "8:41",
        "8:49",
        "9:01",
        "9:13",
        "9:33",
        "9:53",
        "10:13",
        "10:33",
        "10:53",
        "11:13",
        "11:33",
        "11:53",
        "12:13",
        "12:33",
        "12:53",
        "13:13",
        "13:33",
        "13:53",
        "14:13",
        "14:33",
        "14:53",
        "15:13",
        "15:23",
        "15:31",
        "15:39",
        "15:47",
        "15:55",
        "16:03",
        "16:11",
        "16:19",
        "16:27",
        "16:35",
        "16:43",
        "16:51",
        "16:55",
        "16:59",
        "17:07",
        "17:11",
        "17:15",
        "17:24",
        "17:29",
        "17:35",
        "17:46",
        "17:51",
        "18:01",
        "18:13",
        "18:23",
        "18:41",
        "18:53",
        "19:13",
        "19:33",
        "19:53",
        "20:13",
        "20:33",
        "20:53"
    ],
    "saturday": [
        "6:53",
        "7:13",
        "7:21",
        "7:33",
        "7:45",
        "7:51",
        "8:03",
        "8:13",
        "8:23",
        "8:33",
        "8:53",
        "9:13",
        "9:33",
        "9:53",
        "10:13",
        "10:33",
        "10:53",
        "11:13",
        "11:33",
        "11:53",
        "12:13",
        "12:35",
        "12:53",
        "13:13",
        "13:33",
        "13:53",
        "14:13",
        "14:33",
        "14:53",
        "15:13",
        "15:33",
        "15:53",
        "16:13",
        "16:33",
        "16:53",
        "17:13",
        "17:33",
        "17:53",
        "18:13",
        "18:33",
        "18:53",
        "19:13",
        "19:33",
        "19:53",
        "20:13",
        "20:33",
        "20:53"
    ],
    "holiday": [
        "6:53",
        "7:13",
        "7:33",
        "7:53",
        "8:13",
        "8:33",
        "8:53",
        "9:13",
        "9:33",
        "9:53",
        "10:13",
        "10:33",
        "10:53",
        "11:13",
        "11:33",
        "11:53",
        "12:13",
        "12:33",
        "12:53",
        "13:13",
        "13:33",
        "13:53",
        "14:13",
        "14:33",
        "14:53",
        "15:13",
        "15:33",
        "15:53",
        "16:13",
        "16:33",
        "16:53",
        "17:13",
        "17:33",
        "17:53",
        "18:13",
        "18:33",
        "18:53",
        "19:13",
        "19:33",
        "19:53",
        "20:13",
        "20:33",
        "20:53"
    ],
    "url": "https://www.kanachu.co.jp/dia/diagram/timetable01_js/course:0000801423-5/node:00127002/kt:0/lname:/"
}
