{
    "date": "2024/04/01",
    "name": "用田(藤沢市)",
    "position": "-",
    "system": "長16",
    "destinations": [
        "御所見市民センター前",
        "御所見中学校前",
        "西葛原",
        "葛野",
        "宮の腰(藤沢市)",
        "葛原(藤沢市)",
        "東山田(藤沢市)",
        "山谷(藤沢市)",
        "大持",
        "いすゞ前",
        "下土棚",
        "坂下(藤沢市)",
        "住宅前(藤沢市下土棚)",
        "長後市民センター前",
        "長後駅西口"
    ],
    "weekday": [
        "7:09",
        "7:29",
        "7:51",
        "8:09",
        "8:25",
        "9:12",
        "9:40",
        "10:02",
        "10:32",
        "11:02",
        "11:32",
        "12:02",
        "12:32",
        "13:02",
        "13:32",
        "14:02",
        "14:32",
        "15:02",
        "15:32",
        "16:02",
        "16:36",
        "17:06",
        "17:36",
        "18:06",
        "18:36",
        "19:06",
        "19:36",
        "20:06",
        "20:31",
        "21:11",
        "21:55"
    ],
    "saturday": [
        "7:16",
        "8:01",
        "8:31",
        "9:01",
        "9:42",
        "10:22",
        "11:02",
        "11:42",
        "12:22",
        "13:02",
        "13:42",
        "14:22",
        "15:02",
        "15:42",
        "16:22",
        "17:02",
        "17:42",
        "18:22",
        "19:02",
        "19:42",
        "20:22",
        "21:22"
    ],
    "holiday": [
        "7:16",
        "8:01",
        "8:31",
        "9:01",
        "9:42",
        "10:22",
        "11:02",
        "11:42",
        "12:22",
        "13:02",
        "13:42",
        "14:22",
        "15:02",
        "15:42",
        "16:22",
        "17:02",
        "17:42",
        "18:22",
        "19:02",
        "19:42",
        "20:22",
        "21:22"
    ],
    "url": "https://www.kanachu.co.jp/dia/diagram/timetable01_js/course:0000801556-19/node:00129826/kt:0/lname:/"
}
