{
    "date": "2024/04/01",
    "name": "西葛原",
    "position": "-",
    "system": "長16",
    "destinations": [
        "葛野",
        "宮の腰(藤沢市)",
        "葛原(藤沢市)",
        "東山田(藤沢市)",
        "山谷(藤沢市)",
        "大持",
        "いすゞ前",
        "下土棚",
        "坂下(藤沢市)",
        "住宅前(藤沢市下土棚)",
        "長後市民センター前",
        "長後駅西口"
    ],
    "weekday": [
        "7:12",
        "7:32",
        "7:54",
        "8:12",
        "8:28",
        "9:15",
        "9:43",
        "10:05",
        "10:35",
        "11:05",
        "11:35",
        "12:05",
        "12:35",
        "13:05",
        "13:35",
        "14:05",
        "14:35",
        "15:05",
        "15:35",
        "16:05",
        "16:39",
        "17:09",
        "17:39",
        "18:09",
        "18:39",
        "19:09",
        "19:39",
        "20:09",
        "20:34",
        "21:14",
        "21:58"
    ],
    "saturday": [
        "7:19",
        "8:04",
        "8:34",
        "9:04",
        "9:45",
        "10:25",
        "11:05",
        "11:45",
        "12:25",
        "13:05",
        "13:45",
        "14:25",
        "15:05",
        "15:45",
        "16:25",
        "17:05",
        "17:45",
        "18:25",
        "19:05",
        "19:45",
        "20:25",
        "21:25"
    ],
    "holiday": [
        "7:19",
        "8:04",
        "8:34",
        "9:04",
        "9:45",
        "10:25",
        "11:05",
        "11:45",
        "12:25",
        "13:05",
        "13:45",
        "14:25",
        "15:05",
        "15:45",
        "16:25",
        "17:05",
        "17:45",
        "18:25",
        "19:05",
        "19:45",
        "20:25",
        "21:25"
    ],
    "url": "https://www.kanachu.co.jp/dia/diagram/timetable01_js/course:0000801556-22/node:00129823/kt:0/lname:/"
}
