{
    "date": "2024/04/01",
    "name": "坂下(藤沢市)",
    "position": "-",
    "system": "長16",
    "destinations": [
        "住宅前(藤沢市下土棚)",
        "長後市民センター前",
        "長後駅西口"
    ],
    "weekday": [
        "7:20",
        "7:40",
        "8:02",
        "8:20",
        "8:36",
        "9:23",
        "9:51",
        "10:13",
        "10:43",
        "11:13",
        "11:43",
        "12:13",
        "12:43",
        "13:13",
        "13:43",
        "14:13",
        "14:43",
        "15:13",
        "15:43",
        "16:13",
        "16:47",
        "17:17",
        "17:47",
        "18:17",
        "18:47",
        "19:17",
        "19:47",
        "20:17",
        "20:42",
        "21:22",
        "22:06"
    ],
    "saturday": [
        "7:27",
        "8:12",
        "8:42",
        "9:12",
        "9:53",
        "10:33",
        "11:13",
        "11:53",
        "12:33",
        "13:13",
        "13:53",
        "14:33",
        "15:13",
        "15:53",
        "16:33",
        "17:13",
        "17:53",
        "18:33",
        "19:13",
        "19:53",
        "20:33",
        "21:33"
    ],
    "holiday": [
        "7:27",
        "8:12",
        "8:42",
        "9:12",
        "9:53",
        "10:33",
        "11:13",
        "11:53",
        "12:33",
        "13:13",
        "13:53",
        "14:33",
        "15:13",
        "15:53",
        "16:33",
        "17:13",
        "17:53",
        "18:33",
        "19:13",
        "19:53",
        "20:33",
        "21:33"
    ],
    "url": "https://www.kanachu.co.jp/dia/diagram/timetable01_js/course:0000801556-31/node:00129814/kt:0/lname:/"
}
