{
    "date": "2026/01/16",
    "name": "萬徳寺別院前",
    "position": "-",
    "system": "中57",
    "destinations": [
        "けやき通り(横浜市緑区)",
        "自治会館前(横浜市緑区)",
        "武蔵中山台西"
    ],
    "weekday": [
        "12:06",
        "16:36"
    ],
    "saturday": [
        "12:06",
        "16:36"
    ],
    "holiday": [],
    "url": "https://www.kanachu.co.jp/dia/diagram/timetable01_js/course:0000804168-5/node:00130394/kt:0/lname:/"
}
