{
    "date": "2025/01/14",
    "name": "妻田",
    "position": "-",
    "system": "厚06",
    "destinations": [
        "中村入口(厚木市)",
        "妻田薬師",
        "松蓮寺",
        "糀屋前(厚木市)",
        "宿原入口",
        "荻野新宿",
        "子合",
        "桝割",
        "公所(厚木市)",
        "稲荷木",
        "鳶尾山前",
        "鳶尾四丁目",
        "鳶尾団地"
    ],
    "weekday": [
        "24:37"
    ],
    "saturday": [],
    "holiday": [],
    "url": "https://www.kanachu.co.jp/dia/diagram/timetable01_js/course:0000803495-8/node:00128262/kt:0/lname:/"
}
