{
    "date": "2025/01/14",
    "name": "荻野新宿",
    "position": "-",
    "system": "厚06",
    "destinations": [
        "子合",
        "桝割",
        "公所(厚木市)",
        "稲荷木",
        "鳶尾山前",
        "鳶尾四丁目",
        "鳶尾団地"
    ],
    "weekday": [
        "24:45"
    ],
    "saturday": [],
    "holiday": [],
    "url": "https://www.kanachu.co.jp/dia/diagram/timetable01_js/course:0000803495-14/node:00128268/kt:0/lname:/"
}
