{
    "date": "2023/07/01",
    "name": "本厚木駅南口",
    "position": "-",
    "system": "平15",
    "destinations": [
        "岡田一本杉(新道/厚木市)",
        "岡田電話局前",
        "酒井(新道/厚木市)",
        "戸田(新道/厚木市)",
        "ツインシティ大神",
        "大神(新道/平塚市)",
        "神田小学校前(平塚市)",
        "駒返橋入口",
        "田村団地入口",
        "東真土",
        "平塚駅北口"
    ],
    "weekday": [
        "9:25",
        "10:25",
        "11:25",
        "12:25",
        "13:25",
        "14:25",
        "15:25",
        "16:25",
        "17:25",
        "18:25",
        "19:25"
    ],
    "saturday": [
        "9:23",
        "9:55",
        "10:21",
        "10:55",
        "11:21",
        "11:55",
        "12:21",
        "12:55",
        "13:21",
        "13:55",
        "14:21",
        "14:55",
        "15:21",
        "15:55",
        "16:21",
        "16:55",
        "17:21",
        "17:55",
        "18:22",
        "19:21"
    ],
    "holiday": [
        "9:23",
        "9:55",
        "10:21",
        "10:55",
        "11:21",
        "11:55",
        "12:21",
        "12:55",
        "13:21",
        "13:55",
        "14:21",
        "14:55",
        "15:21",
        "15:55",
        "16:21",
        "16:55",
        "17:21",
        "17:55",
        "18:22",
        "19:21"
    ],
    "url": "https://www.kanachu.co.jp/dia/diagram/timetable01_js/course:0000803318-1/node:00128637/kt:0/lname:/"
}
