{
    "date": "2023/07/01",
    "name": "岡田電話局前",
    "position": "-",
    "system": "平157",
    "destinations": [
        "酒井(新道/厚木市)",
        "戸田(新道/厚木市)",
        "ツインシティ大神",
        "大神(新道/平塚市)",
        "神田小学校前(平塚市)",
        "駒返橋入口",
        "田村団地入口",
        "東真土",
        "平塚駅北口"
    ],
    "weekday": [
        "9:31",
        "10:31",
        "11:31",
        "12:31",
        "13:31",
        "14:31",
        "15:31",
        "16:32",
        "17:32",
        "18:32",
        "19:31"
    ],
    "saturday": [
        "9:29",
        "10:01",
        "10:27",
        "11:01",
        "11:27",
        "12:01",
        "12:27",
        "13:01",
        "13:27",
        "14:01",
        "14:27",
        "15:01",
        "15:27",
        "16:01",
        "16:28",
        "17:02",
        "17:28",
        "18:02",
        "18:29",
        "19:27"
    ],
    "holiday": [
        "9:29",
        "10:01",
        "10:27",
        "11:01",
        "11:27",
        "12:01",
        "12:27",
        "13:01",
        "13:27",
        "14:01",
        "14:27",
        "15:01",
        "15:27",
        "16:01",
        "16:28",
        "17:02",
        "17:28",
        "18:02",
        "18:29",
        "19:27"
    ],
    "url": "https://www.kanachu.co.jp/dia/diagram/timetable01_js/course:0000803318-3/node:00128632/kt:0/lname:/"
}
