{
    "date": "2023/07/01",
    "name": "駒返橋入口",
    "position": "-",
    "system": "平157",
    "destinations": [
        "田村団地入口",
        "東真土",
        "平塚駅北口"
    ],
    "weekday": [
        "9:47",
        "10:47",
        "11:47",
        "12:47",
        "13:47",
        "14:47",
        "15:47",
        "16:47",
        "17:47",
        "18:47",
        "19:45"
    ],
    "saturday": [
        "9:45",
        "10:17",
        "10:43",
        "11:17",
        "11:43",
        "12:17",
        "12:43",
        "13:17",
        "13:43",
        "14:17",
        "14:43",
        "15:17",
        "15:43",
        "16:16",
        "16:43",
        "17:17",
        "17:43",
        "18:17",
        "18:44",
        "19:41"
    ],
    "holiday": [
        "9:45",
        "10:17",
        "10:43",
        "11:17",
        "11:43",
        "12:17",
        "12:43",
        "13:17",
        "13:43",
        "14:17",
        "14:43",
        "15:17",
        "15:43",
        "16:16",
        "16:43",
        "17:17",
        "17:43",
        "18:17",
        "18:44",
        "19:41"
    ],
    "url": "https://www.kanachu.co.jp/dia/diagram/timetable01_js/course:0000803318-9/node:00127653/kt:0/lname:/"
}
