{
    "date": "2023/07/01",
    "name": "田村団地入口",
    "position": "-",
    "system": "平15",
    "destinations": [
        "東真土",
        "平塚駅北口"
    ],
    "weekday": [
        "9:48",
        "10:48",
        "11:48",
        "12:48",
        "13:48",
        "14:48",
        "15:48",
        "16:48",
        "17:48",
        "18:48",
        "19:46"
    ],
    "saturday": [
        "9:46",
        "10:18",
        "10:44",
        "11:18",
        "11:44",
        "12:18",
        "12:44",
        "13:18",
        "13:44",
        "14:18",
        "14:44",
        "15:18",
        "15:44",
        "16:17",
        "16:44",
        "17:18",
        "17:44",
        "18:18",
        "18:45",
        "19:42"
    ],
    "holiday": [
        "9:46",
        "10:18",
        "10:44",
        "11:18",
        "11:44",
        "12:18",
        "12:44",
        "13:18",
        "13:44",
        "14:18",
        "14:44",
        "15:18",
        "15:44",
        "16:17",
        "16:44",
        "17:18",
        "17:44",
        "18:18",
        "18:45",
        "19:42"
    ],
    "url": "https://www.kanachu.co.jp/dia/diagram/timetable01_js/course:0000803318-10/node:00127652/kt:0/lname:/"
}
