{
    "date": "2025/05/11",
    "name": "公田",
    "position": "-",
    "system": "船08",
    "destinations": [
        "栄警察署前",
        "天神橋(横浜市栄区)",
        "南河内(横浜市栄区)",
        "本郷小学校前",
        "本郷(横浜市栄区)",
        "中野町",
        "稲荷森",
        "山手学院入口",
        "本郷車庫前(横浜市栄区)",
        "紅葉橋(横浜市栄区)",
        "光明寺(横浜市栄区)",
        "中島(横浜市栄区)",
        "八軒谷戸",
        "長倉町",
        "上郷(横浜市栄区)",
        "森の家前",
        "横浜霊園前",
        "隧道東口",
        "相武隧道",
        "朝比奈",
        "大道中学校前",
        "住宅前(横浜市金沢区)",
        "西大道",
        "大道(横浜市金沢区)",
        "大道小学校前",
        "六浦",
        "上行寺",
        "六浦橋",
        "金沢八景",
        "金沢八景駅"
    ],
    "weekday": [
        "6:26",
        "6:48",
        "7:09",
        "7:29",
        "7:49",
        "8:09",
        "8:29",
        "8:49",
        "9:09",
        "9:39",
        "10:09",
        "10:39",
        "11:09",
        "11:39",
        "12:09",
        "12:39",
        "13:09",
        "13:39",
        "14:09",
        "14:39",
        "15:09",
        "15:39",
        "16:09",
        "16:39",
        "17:09",
        "17:39",
        "18:09",
        "18:39",
        "19:14",
        "19:54",
        "20:23",
        "20:53",
        "21:32",
        "22:23"
    ],
    "saturday": [
        "6:38",
        "7:03",
        "7:31",
        "7:59",
        "8:34",
        "9:14",
        "9:54",
        "10:34",
        "11:14",
        "11:54",
        "12:34",
        "13:14",
        "13:54",
        "14:34",
        "15:15",
        "15:55",
        "16:35",
        "17:15",
        "17:55",
        "18:25",
        "18:55",
        "19:34",
        "20:40"
    ],
    "holiday": [
        "6:38",
        "7:03",
        "7:31",
        "7:59",
        "8:34",
        "9:14",
        "9:54",
        "10:34",
        "11:14",
        "11:54",
        "12:34",
        "13:14",
        "13:54",
        "14:34",
        "15:15",
        "15:55",
        "16:35",
        "17:15",
        "17:55",
        "18:25",
        "18:55",
        "19:34",
        "20:40"
    ],
    "url": "https://www.kanachu.co.jp/dia/diagram/timetable01_js/course:0000802827-8/node:00126506/kt:0/lname:/"
}
