{
    "date": "2025/05/11",
    "name": "中野町",
    "position": "-",
    "system": "船08",
    "destinations": [
        "稲荷森",
        "山手学院入口",
        "本郷車庫前(横浜市栄区)",
        "紅葉橋(横浜市栄区)",
        "光明寺(横浜市栄区)",
        "中島(横浜市栄区)",
        "八軒谷戸",
        "長倉町",
        "上郷(横浜市栄区)",
        "森の家前",
        "横浜霊園前",
        "隧道東口",
        "相武隧道",
        "朝比奈",
        "大道中学校前",
        "住宅前(横浜市金沢区)",
        "西大道",
        "大道(横浜市金沢区)",
        "大道小学校前",
        "六浦",
        "上行寺",
        "六浦橋",
        "金沢八景",
        "金沢八景駅"
    ],
    "weekday": [
        "6:31",
        "6:53",
        "7:14",
        "7:34",
        "7:54",
        "8:14",
        "8:34",
        "8:54",
        "9:14",
        "9:44",
        "10:14",
        "10:44",
        "11:14",
        "11:44",
        "12:14",
        "12:44",
        "13:14",
        "13:44",
        "14:14",
        "14:44",
        "15:14",
        "15:44",
        "16:14",
        "16:44",
        "17:14",
        "17:44",
        "18:14",
        "18:44",
        "19:19",
        "19:59",
        "20:28",
        "20:58",
        "21:37",
        "22:28"
    ],
    "saturday": [
        "6:44",
        "7:09",
        "7:37",
        "8:05",
        "8:40",
        "9:20",
        "10:00",
        "10:42",
        "11:22",
        "12:02",
        "12:42",
        "13:22",
        "14:02",
        "14:42",
        "15:22",
        "16:02",
        "16:42",
        "17:22",
        "18:02",
        "18:32",
        "19:01",
        "19:39",
        "20:45"
    ],
    "holiday": [
        "6:44",
        "7:09",
        "7:37",
        "8:05",
        "8:40",
        "9:20",
        "10:00",
        "10:42",
        "11:22",
        "12:02",
        "12:42",
        "13:22",
        "14:02",
        "14:42",
        "15:22",
        "16:02",
        "16:42",
        "17:22",
        "18:02",
        "18:32",
        "19:01",
        "19:39",
        "20:45"
    ],
    "url": "https://www.kanachu.co.jp/dia/diagram/timetable01_js/course:0000802827-14/node:00126511/kt:0/lname:/"
}
