{
    "date": "2025/05/11",
    "name": "本郷車庫前(横浜市栄区)",
    "position": "-",
    "system": "船08",
    "destinations": [
        "紅葉橋(横浜市栄区)",
        "光明寺(横浜市栄区)",
        "中島(横浜市栄区)",
        "八軒谷戸",
        "長倉町",
        "上郷(横浜市栄区)",
        "森の家前",
        "横浜霊園前",
        "隧道東口",
        "相武隧道",
        "朝比奈",
        "大道中学校前",
        "住宅前(横浜市金沢区)",
        "西大道",
        "大道(横浜市金沢区)",
        "大道小学校前",
        "六浦",
        "上行寺",
        "六浦橋",
        "金沢八景",
        "金沢八景駅"
    ],
    "weekday": [
        "6:35",
        "6:57",
        "7:18",
        "7:38",
        "7:58",
        "8:18",
        "8:38",
        "8:58",
        "9:18",
        "9:48",
        "10:18",
        "10:48",
        "11:18",
        "11:48",
        "12:18",
        "12:48",
        "13:18",
        "13:48",
        "14:18",
        "14:48",
        "15:18",
        "15:48",
        "16:18",
        "16:48",
        "17:18",
        "17:48",
        "18:18",
        "18:48",
        "19:22",
        "20:02",
        "20:31",
        "21:01",
        "21:40",
        "22:31"
    ],
    "saturday": [
        "6:47",
        "7:12",
        "7:40",
        "8:08",
        "8:43",
        "9:23",
        "10:05",
        "10:47",
        "11:27",
        "12:07",
        "12:47",
        "13:27",
        "14:07",
        "14:47",
        "15:27",
        "16:07",
        "16:47",
        "17:27",
        "18:07",
        "18:37",
        "19:04",
        "19:42",
        "20:48"
    ],
    "holiday": [
        "6:47",
        "7:12",
        "7:40",
        "8:08",
        "8:43",
        "9:23",
        "10:05",
        "10:47",
        "11:27",
        "12:07",
        "12:47",
        "13:27",
        "14:07",
        "14:47",
        "15:27",
        "16:07",
        "16:47",
        "17:27",
        "18:07",
        "18:37",
        "19:04",
        "19:42",
        "20:48"
    ],
    "url": "https://www.kanachu.co.jp/dia/diagram/timetable01_js/course:0000802827-17/node:00025683/kt:0/lname:/"
}
