{
    "date": "2025/05/11",
    "name": "森の家前",
    "position": "-",
    "system": "船08",
    "destinations": [
        "横浜霊園前",
        "隧道東口",
        "相武隧道",
        "朝比奈",
        "大道中学校前",
        "住宅前(横浜市金沢区)",
        "西大道",
        "大道(横浜市金沢区)",
        "大道小学校前",
        "六浦",
        "上行寺",
        "六浦橋",
        "金沢八景",
        "金沢八景駅"
    ],
    "weekday": [
        "6:44",
        "7:06",
        "7:27",
        "7:47",
        "8:07",
        "8:27",
        "8:47",
        "9:07",
        "9:27",
        "9:57",
        "10:27",
        "10:57",
        "11:27",
        "11:57",
        "12:27",
        "12:57",
        "13:27",
        "13:57",
        "14:27",
        "14:57",
        "15:27",
        "15:57",
        "16:27",
        "16:57",
        "17:27",
        "17:57",
        "18:27",
        "18:57",
        "19:30",
        "20:09",
        "20:38",
        "21:08",
        "21:47",
        "22:38"
    ],
    "saturday": [
        "6:54",
        "7:20",
        "7:48",
        "8:16",
        "8:51",
        "9:31",
        "10:13",
        "10:55",
        "11:35",
        "12:15",
        "12:55",
        "13:35",
        "14:15",
        "14:55",
        "15:35",
        "16:15",
        "16:55",
        "17:35",
        "18:15",
        "18:45",
        "19:12",
        "19:50",
        "20:55"
    ],
    "holiday": [
        "6:54",
        "7:20",
        "7:48",
        "8:16",
        "8:51",
        "9:31",
        "10:13",
        "10:55",
        "11:35",
        "12:15",
        "12:55",
        "13:35",
        "14:15",
        "14:55",
        "15:35",
        "16:15",
        "16:55",
        "17:35",
        "18:15",
        "18:45",
        "19:12",
        "19:50",
        "20:55"
    ],
    "url": "https://www.kanachu.co.jp/dia/diagram/timetable01_js/course:0000802827-24/node:00126520/kt:0/lname:/"
}
