{
    "date": "2025/05/11",
    "name": "隧道東口",
    "position": "-",
    "system": "船08",
    "destinations": [
        "相武隧道",
        "朝比奈",
        "大道中学校前",
        "住宅前(横浜市金沢区)",
        "西大道",
        "大道(横浜市金沢区)",
        "大道小学校前",
        "六浦",
        "上行寺",
        "六浦橋",
        "金沢八景",
        "金沢八景駅"
    ],
    "weekday": [
        "6:45",
        "7:08",
        "7:29",
        "7:49",
        "8:09",
        "8:29",
        "8:49",
        "9:09",
        "9:29",
        "9:59",
        "10:29",
        "10:59",
        "11:29",
        "11:59",
        "12:29",
        "12:59",
        "13:29",
        "13:59",
        "14:29",
        "14:59",
        "15:29",
        "15:59",
        "16:29",
        "16:59",
        "17:29",
        "17:59",
        "18:29",
        "18:59",
        "19:32",
        "20:10",
        "20:39",
        "21:09",
        "21:48",
        "22:39"
    ],
    "saturday": [
        "6:55",
        "7:22",
        "7:50",
        "8:18",
        "8:53",
        "9:33",
        "10:15",
        "10:57",
        "11:37",
        "12:17",
        "12:57",
        "13:37",
        "14:17",
        "14:57",
        "15:37",
        "16:17",
        "16:57",
        "17:37",
        "18:17",
        "18:47",
        "19:14",
        "19:52",
        "20:57"
    ],
    "holiday": [
        "6:55",
        "7:22",
        "7:50",
        "8:18",
        "8:53",
        "9:33",
        "10:15",
        "10:57",
        "11:37",
        "12:17",
        "12:57",
        "13:37",
        "14:17",
        "14:57",
        "15:37",
        "16:17",
        "16:57",
        "17:37",
        "18:17",
        "18:47",
        "19:14",
        "19:52",
        "20:57"
    ],
    "url": "https://www.kanachu.co.jp/dia/diagram/timetable01_js/course:0000802827-26/node:00126522/kt:0/lname:/"
}
