{
    "date": "2025/05/11",
    "name": "住宅前(横浜市金沢区)",
    "position": "-",
    "system": "船08",
    "destinations": [
        "西大道",
        "大道(横浜市金沢区)",
        "大道小学校前",
        "六浦",
        "上行寺",
        "六浦橋",
        "金沢八景",
        "金沢八景駅"
    ],
    "weekday": [
        "6:49",
        "7:13",
        "7:34",
        "7:54",
        "8:14",
        "8:34",
        "8:54",
        "9:15",
        "9:35",
        "10:05",
        "10:35",
        "11:05",
        "11:35",
        "12:05",
        "12:35",
        "13:05",
        "13:35",
        "14:05",
        "14:35",
        "15:05",
        "15:35",
        "16:05",
        "16:35",
        "17:05",
        "17:35",
        "18:05",
        "18:35",
        "19:05",
        "19:37",
        "20:14",
        "20:43",
        "21:13",
        "21:52",
        "22:43"
    ],
    "saturday": [
        "6:59",
        "7:27",
        "7:55",
        "8:23",
        "8:58",
        "9:38",
        "10:21",
        "11:03",
        "11:43",
        "12:23",
        "13:03",
        "13:43",
        "14:23",
        "15:03",
        "15:43",
        "16:23",
        "17:03",
        "17:43",
        "18:23",
        "18:53",
        "19:19",
        "19:57",
        "21:01"
    ],
    "holiday": [
        "6:59",
        "7:27",
        "7:55",
        "8:23",
        "8:58",
        "9:38",
        "10:21",
        "11:03",
        "11:43",
        "12:23",
        "13:03",
        "13:43",
        "14:23",
        "15:03",
        "15:43",
        "16:23",
        "17:03",
        "17:43",
        "18:23",
        "18:53",
        "19:19",
        "19:57",
        "21:01"
    ],
    "url": "https://www.kanachu.co.jp/dia/diagram/timetable01_js/course:0000802827-30/node:00113603/kt:0/lname:/"
}
