{
    "date": "2025/05/11",
    "name": "西大道",
    "position": "-",
    "system": "船08",
    "destinations": [
        "大道(横浜市金沢区)",
        "大道小学校前",
        "六浦",
        "上行寺",
        "六浦橋",
        "金沢八景",
        "金沢八景駅"
    ],
    "weekday": [
        "6:50",
        "7:14",
        "7:35",
        "7:55",
        "8:15",
        "8:35",
        "8:55",
        "9:16",
        "9:36",
        "10:06",
        "10:36",
        "11:06",
        "11:36",
        "12:06",
        "12:36",
        "13:06",
        "13:36",
        "14:06",
        "14:36",
        "15:06",
        "15:36",
        "16:06",
        "16:36",
        "17:06",
        "17:36",
        "18:06",
        "18:36",
        "19:06",
        "19:38",
        "20:15",
        "20:44",
        "21:14",
        "21:53",
        "22:44"
    ],
    "saturday": [
        "7:00",
        "7:28",
        "7:56",
        "8:24",
        "8:59",
        "9:39",
        "10:22",
        "11:04",
        "11:44",
        "12:24",
        "13:04",
        "13:44",
        "14:24",
        "15:04",
        "15:44",
        "16:24",
        "17:04",
        "17:44",
        "18:24",
        "18:54",
        "19:20",
        "19:58",
        "21:02"
    ],
    "holiday": [
        "7:00",
        "7:28",
        "7:56",
        "8:24",
        "8:59",
        "9:39",
        "10:22",
        "11:04",
        "11:44",
        "12:24",
        "13:04",
        "13:44",
        "14:24",
        "15:04",
        "15:44",
        "16:24",
        "17:04",
        "17:44",
        "18:24",
        "18:54",
        "19:20",
        "19:58",
        "21:02"
    ],
    "url": "https://www.kanachu.co.jp/dia/diagram/timetable01_js/course:0000802827-31/node:00113602/kt:0/lname:/"
}
