{
    "date": "2025/05/11",
    "name": "六浦橋",
    "position": "-",
    "system": "船08",
    "destinations": [
        "金沢八景",
        "金沢八景駅"
    ],
    "weekday": [
        "6:54",
        "7:19",
        "7:40",
        "8:00",
        "8:20",
        "8:40",
        "9:00",
        "9:21",
        "9:41",
        "10:11",
        "10:41",
        "11:11",
        "11:41",
        "12:11",
        "12:41",
        "13:11",
        "13:41",
        "14:11",
        "14:41",
        "15:11",
        "15:41",
        "16:11",
        "16:41",
        "17:11",
        "17:41",
        "18:11",
        "18:41",
        "19:11",
        "19:43",
        "20:19",
        "20:48",
        "21:18",
        "21:57",
        "22:48"
    ],
    "saturday": [
        "7:04",
        "7:32",
        "8:00",
        "8:28",
        "9:03",
        "9:43",
        "10:27",
        "11:09",
        "11:49",
        "12:29",
        "13:09",
        "13:49",
        "14:29",
        "15:09",
        "15:49",
        "16:29",
        "17:09",
        "17:49",
        "18:29",
        "18:59",
        "19:24",
        "20:02",
        "21:06"
    ],
    "holiday": [
        "7:04",
        "7:32",
        "8:00",
        "8:28",
        "9:03",
        "9:43",
        "10:27",
        "11:09",
        "11:49",
        "12:29",
        "13:09",
        "13:49",
        "14:29",
        "15:09",
        "15:49",
        "16:29",
        "17:09",
        "17:49",
        "18:29",
        "18:59",
        "19:24",
        "20:02",
        "21:06"
    ],
    "url": "https://www.kanachu.co.jp/dia/diagram/timetable01_js/course:0000802827-36/node:00113541/kt:0/lname:/"
}
