{
    "date": "2025/04/19",
    "name": "宇宙科学研究本部",
    "position": "-",
    "system": "淵37",
    "destinations": [
        "市立博物館前(相模原市中央区)",
        "国民生活センター",
        "弥栄一丁目",
        "弥栄小学校前",
        "青葉児童館前",
        "和泉短大前",
        "淵野辺公園",
        "大野台三丁目",
        "大野台中央",
        "由野台二丁目",
        "共和(相模原市中央区)",
        "宇宙科学研究本部",
        "共和一丁目",
        "淵野辺駅入口",
        "淵野辺駅南口"
    ],
    "weekday": [
        "6:44",
        "7:24",
        "7:44",
        "8:04",
        "8:24",
        "8:44",
        "9:24",
        "10:04",
        "10:44",
        "11:24"
    ],
    "saturday": [
        "7:14",
        "7:54",
        "8:34",
        "9:14",
        "9:54",
        "10:34",
        "11:14",
        "11:54"
    ],
    "holiday": [
        "7:14",
        "7:54",
        "8:34",
        "9:14",
        "9:54",
        "10:34",
        "11:14",
        "11:54"
    ],
    "url": "https://www.kanachu.co.jp/dia/diagram/timetable01_js/course:0000802766-4/node:00129075/kt:0/lname:/"
}
