{
    "date": "2025/04/19",
    "name": "弥栄一丁目",
    "position": "-",
    "system": "淵37",
    "destinations": [
        "弥栄小学校前",
        "青葉児童館前",
        "和泉短大前",
        "淵野辺公園",
        "大野台三丁目",
        "大野台中央",
        "由野台二丁目",
        "共和(相模原市中央区)",
        "宇宙科学研究本部",
        "共和一丁目",
        "淵野辺駅入口",
        "淵野辺駅南口"
    ],
    "weekday": [
        "6:47",
        "7:27",
        "7:47",
        "8:07",
        "8:27",
        "8:47",
        "9:27",
        "10:07",
        "10:47",
        "11:27"
    ],
    "saturday": [
        "7:17",
        "7:57",
        "8:37",
        "9:17",
        "9:57",
        "10:37",
        "11:17",
        "11:57"
    ],
    "holiday": [
        "7:17",
        "7:57",
        "8:37",
        "9:17",
        "9:57",
        "10:37",
        "11:17",
        "11:57"
    ],
    "url": "https://www.kanachu.co.jp/dia/diagram/timetable01_js/course:0000802766-7/node:00129304/kt:0/lname:/"
}
