{
    "date": "2025/04/19",
    "name": "大野台三丁目",
    "position": "-",
    "system": "淵37",
    "destinations": [
        "大野台中央",
        "由野台二丁目",
        "共和(相模原市中央区)",
        "宇宙科学研究本部",
        "共和一丁目",
        "淵野辺駅入口",
        "淵野辺駅南口"
    ],
    "weekday": [
        "6:53",
        "7:33",
        "7:53",
        "8:13",
        "8:33",
        "8:53",
        "9:33",
        "10:13",
        "10:53",
        "11:33"
    ],
    "saturday": [
        "7:23",
        "8:03",
        "8:43",
        "9:23",
        "10:03",
        "10:43",
        "11:23",
        "12:03"
    ],
    "holiday": [
        "7:23",
        "8:03",
        "8:43",
        "9:23",
        "10:03",
        "10:43",
        "11:23",
        "12:03"
    ],
    "url": "https://www.kanachu.co.jp/dia/diagram/timetable01_js/course:0000802766-12/node:00129095/kt:0/lname:/"
}
