{
    "date": "2025/04/19",
    "name": "宇宙科学研究本部",
    "position": "-",
    "system": "淵37",
    "destinations": [
        "共和一丁目",
        "淵野辺駅入口",
        "淵野辺駅南口"
    ],
    "weekday": [
        "6:59",
        "7:40",
        "8:00",
        "8:20",
        "8:40",
        "9:00",
        "9:40",
        "10:20",
        "11:00",
        "11:40"
    ],
    "saturday": [
        "7:28",
        "8:08",
        "8:48",
        "9:28",
        "10:10",
        "10:50",
        "11:30",
        "12:10"
    ],
    "holiday": [
        "7:28",
        "8:08",
        "8:48",
        "9:28",
        "10:10",
        "10:50",
        "11:30",
        "12:10"
    ],
    "url": "https://www.kanachu.co.jp/dia/diagram/timetable01_js/course:0000802766-16/node:00129075/kt:0/lname:/"
}
