{
    "date": "2026/01/16",
    "name": "三ツ境駅北口",
    "position": "-",
    "system": "116",
    "destinations": [
        "つゆきの森",
        "水道企業団前(横浜市旭区)",
        "西部病院前",
        "矢指町入口",
        "程ヶ谷カントリークラブ前",
        "川井橋",
        "東根",
        "原分",
        "亀甲山",
        "大貫橋",
        "若葉台南",
        "若葉台近隣公園前",
        "若葉台中学校前",
        "霧が丘高校前",
        "若葉台車庫前",
        "若葉台中央(横浜市旭区)"
    ],
    "weekday": [
        "6:18",
        "6:27",
        "6:50",
        "7:00",
        "7:06",
        "7:12",
        "7:18",
        "7:22",
        "7:30",
        "7:34",
        "7:38",
        "7:42",
        "7:50",
        "7:54",
        "7:58",
        "8:02",
        "8:10",
        "8:16",
        "8:22",
        "8:28",
        "8:40",
        "8:48",
        "8:56",
        "9:00",
        "9:10",
        "9:20",
        "9:40",
        "9:50",
        "10:00",
        "10:10",
        "10:20",
        "10:40",
        "10:50",
        "11:00",
        "11:10",
        "11:20",
        "11:40",
        "11:50",
        "12:00",
        "12:10",
        "12:20",
        "12:40",
        "12:50",
        "13:03",
        "13:16",
        "13:40",
        "13:50",
        "14:03",
        "14:16",
        "14:40",
        "14:50",
        "15:00",
        "15:08",
        "15:17",
        "15:25",
        "15:42",
        "15:51",
        "16:00",
        "16:08",
        "16:17",
        "16:25",
        "16:42",
        "16:51",
        "17:00",
        "17:07",
        "17:15",
        "17:22",
        "17:37",
        "17:45",
        "17:52",
        "18:00",
        "18:08",
        "18:17",
        "18:25",
        "18:47",
        "19:00",
        "19:15",
        "19:45",
        "20:00",
        "20:15",
        "20:45",
        "21:10",
        "21:45",
        "22:05",
        "22:30"
    ],
    "saturday": [
        "6:23",
        "6:55",
        "7:07",
        "7:18",
        "7:36",
        "7:45",
        "7:54",
        "8:00",
        "8:10",
        "8:20",
        "8:40",
        "8:50",
        "9:00",
        "9:18",
        "9:48",
        "10:00",
        "10:18",
        "10:48",
        "11:00",
        "11:18",
        "11:48",
        "12:00",
        "12:18",
        "12:48",
        "13:00",
        "13:18",
        "13:48",
        "14:00",
        "14:18",
        "14:48",
        "15:00",
        "15:18",
        "15:48",
        "16:00",
        "16:18",
        "16:48",
        "17:00",
        "17:18",
        "17:48",
        "18:00",
        "18:18",
        "18:48",
        "19:00",
        "19:18",
        "19:48",
        "20:40",
        "21:00",
        "21:40",
        "22:00"
    ],
    "holiday": [
        "6:45",
        "7:12",
        "7:24",
        "7:48",
        "8:00",
        "8:18",
        "8:48",
        "9:00",
        "9:18",
        "9:48",
        "10:00",
        "10:18",
        "10:48",
        "11:00",
        "11:18",
        "11:48",
        "12:00",
        "12:18",
        "12:48",
        "13:00",
        "13:18",
        "13:48",
        "14:00",
        "14:18",
        "14:48",
        "15:00",
        "15:18",
        "15:48",
        "16:00",
        "16:18",
        "16:48",
        "17:00",
        "17:18",
        "17:48",
        "18:00",
        "18:15",
        "18:45",
        "19:00",
        "19:15",
        "19:45",
        "20:05",
        "21:05",
        "21:25"
    ],
    "url": "https://www.kanachu.co.jp/dia/diagram/timetable01_js/course:0000804220-1/node:00129664/kt:0/lname:/"
}
