{
    "date": "2026/01/16",
    "name": "川井橋",
    "position": "-",
    "system": "116",
    "destinations": [
        "東根",
        "原分",
        "亀甲山",
        "大貫橋",
        "若葉台南",
        "若葉台近隣公園前",
        "若葉台中学校前",
        "霧が丘高校前",
        "若葉台車庫前",
        "若葉台中央(横浜市旭区)"
    ],
    "weekday": [
        "6:24",
        "6:33",
        "6:56",
        "7:06",
        "7:12",
        "7:18",
        "7:24",
        "7:28",
        "7:36",
        "7:40",
        "7:44",
        "7:48",
        "7:56",
        "8:00",
        "8:04",
        "8:08",
        "8:16",
        "8:22",
        "8:28",
        "8:34",
        "8:46",
        "8:54",
        "9:02",
        "9:06",
        "9:16",
        "9:26",
        "9:46",
        "9:56",
        "10:06",
        "10:16",
        "10:26",
        "10:46",
        "10:56",
        "11:06",
        "11:16",
        "11:26",
        "11:46",
        "11:56",
        "12:06",
        "12:16",
        "12:26",
        "12:46",
        "12:56",
        "13:09",
        "13:22",
        "13:46",
        "13:56",
        "14:09",
        "14:22",
        "14:46",
        "14:56",
        "15:06",
        "15:14",
        "15:23",
        "15:31",
        "15:48",
        "15:57",
        "16:06",
        "16:14",
        "16:23",
        "16:31",
        "16:48",
        "16:57",
        "17:06",
        "17:13",
        "17:21",
        "17:28",
        "17:43",
        "17:51",
        "17:58",
        "18:06",
        "18:14",
        "18:23",
        "18:31",
        "18:53",
        "19:06",
        "19:21",
        "19:51",
        "20:06",
        "20:21",
        "20:51",
        "21:16",
        "21:51",
        "22:11",
        "22:36"
    ],
    "saturday": [
        "6:29",
        "7:01",
        "7:13",
        "7:24",
        "7:42",
        "7:51",
        "8:00",
        "8:06",
        "8:16",
        "8:26",
        "8:46",
        "8:56",
        "9:06",
        "9:24",
        "9:54",
        "10:06",
        "10:24",
        "10:54",
        "11:06",
        "11:24",
        "11:54",
        "12:06",
        "12:24",
        "12:54",
        "13:06",
        "13:24",
        "13:54",
        "14:06",
        "14:24",
        "14:54",
        "15:06",
        "15:24",
        "15:54",
        "16:06",
        "16:24",
        "16:54",
        "17:06",
        "17:24",
        "17:54",
        "18:06",
        "18:24",
        "18:54",
        "19:06",
        "19:24",
        "19:54",
        "20:46",
        "21:06",
        "21:46",
        "22:06"
    ],
    "holiday": [
        "6:51",
        "7:18",
        "7:30",
        "7:54",
        "8:06",
        "8:24",
        "8:54",
        "9:06",
        "9:24",
        "9:54",
        "10:06",
        "10:24",
        "10:54",
        "11:06",
        "11:24",
        "11:54",
        "12:06",
        "12:24",
        "12:54",
        "13:06",
        "13:24",
        "13:54",
        "14:06",
        "14:24",
        "14:54",
        "15:06",
        "15:24",
        "15:54",
        "16:06",
        "16:24",
        "16:54",
        "17:06",
        "17:24",
        "17:54",
        "18:06",
        "18:21",
        "18:51",
        "19:06",
        "19:21",
        "19:51",
        "20:11",
        "21:11",
        "21:31"
    ],
    "url": "https://www.kanachu.co.jp/dia/diagram/timetable01_js/course:0000804220-7/node:00129727/kt:0/lname:/"
}
