{
    "date": "2026/01/16",
    "name": "東根",
    "position": "-",
    "system": "116",
    "destinations": [
        "原分",
        "亀甲山",
        "大貫橋",
        "若葉台南",
        "若葉台近隣公園前",
        "若葉台中学校前",
        "霧が丘高校前",
        "若葉台車庫前",
        "若葉台中央(横浜市旭区)"
    ],
    "weekday": [
        "6:25",
        "6:34",
        "6:57",
        "7:07",
        "7:13",
        "7:19",
        "7:25",
        "7:29",
        "7:37",
        "7:41",
        "7:45",
        "7:49",
        "7:57",
        "8:01",
        "8:05",
        "8:09",
        "8:17",
        "8:23",
        "8:29",
        "8:35",
        "8:47",
        "8:55",
        "9:03",
        "9:07",
        "9:17",
        "9:27",
        "9:47",
        "9:57",
        "10:07",
        "10:17",
        "10:27",
        "10:47",
        "10:57",
        "11:07",
        "11:17",
        "11:27",
        "11:47",
        "11:57",
        "12:07",
        "12:17",
        "12:27",
        "12:47",
        "12:57",
        "13:10",
        "13:23",
        "13:47",
        "13:57",
        "14:10",
        "14:23",
        "14:47",
        "14:57",
        "15:07",
        "15:15",
        "15:24",
        "15:32",
        "15:49",
        "15:58",
        "16:07",
        "16:15",
        "16:24",
        "16:32",
        "16:49",
        "16:58",
        "17:07",
        "17:14",
        "17:22",
        "17:29",
        "17:44",
        "17:52",
        "17:59",
        "18:07",
        "18:15",
        "18:24",
        "18:32",
        "18:54",
        "19:07",
        "19:22",
        "19:52",
        "20:07",
        "20:22",
        "20:52",
        "21:17",
        "21:52",
        "22:12",
        "22:37"
    ],
    "saturday": [
        "6:30",
        "7:02",
        "7:14",
        "7:25",
        "7:43",
        "7:52",
        "8:01",
        "8:07",
        "8:17",
        "8:27",
        "8:47",
        "8:57",
        "9:07",
        "9:25",
        "9:55",
        "10:07",
        "10:25",
        "10:55",
        "11:07",
        "11:25",
        "11:55",
        "12:07",
        "12:25",
        "12:55",
        "13:07",
        "13:25",
        "13:55",
        "14:07",
        "14:25",
        "14:55",
        "15:07",
        "15:25",
        "15:55",
        "16:07",
        "16:25",
        "16:55",
        "17:07",
        "17:25",
        "17:55",
        "18:07",
        "18:25",
        "18:55",
        "19:07",
        "19:25",
        "19:55",
        "20:47",
        "21:07",
        "21:47",
        "22:07"
    ],
    "holiday": [
        "6:52",
        "7:19",
        "7:31",
        "7:55",
        "8:07",
        "8:25",
        "8:55",
        "9:07",
        "9:25",
        "9:55",
        "10:07",
        "10:25",
        "10:55",
        "11:07",
        "11:25",
        "11:55",
        "12:07",
        "12:25",
        "12:55",
        "13:07",
        "13:25",
        "13:55",
        "14:07",
        "14:25",
        "14:55",
        "15:07",
        "15:25",
        "15:55",
        "16:07",
        "16:25",
        "16:55",
        "17:07",
        "17:25",
        "17:55",
        "18:07",
        "18:22",
        "18:52",
        "19:07",
        "19:22",
        "19:52",
        "20:12",
        "21:12",
        "21:32"
    ],
    "url": "https://www.kanachu.co.jp/dia/diagram/timetable01_js/course:0000804220-8/node:00129728/kt:0/lname:/"
}
