{
    "date": "2026/01/16",
    "name": "若葉台中学校前",
    "position": "-",
    "system": "116",
    "destinations": [
        "霧が丘高校前",
        "若葉台車庫前",
        "若葉台中央(横浜市旭区)"
    ],
    "weekday": [
        "6:31",
        "6:40",
        "7:03",
        "7:13",
        "7:19",
        "7:25",
        "7:31",
        "7:35",
        "7:43",
        "7:47",
        "7:51",
        "7:55",
        "8:03",
        "8:07",
        "8:11",
        "8:15",
        "8:23",
        "8:29",
        "8:35",
        "8:41",
        "8:53",
        "9:01",
        "9:09",
        "9:13",
        "9:23",
        "9:33",
        "9:53",
        "10:03",
        "10:13",
        "10:23",
        "10:33",
        "10:53",
        "11:03",
        "11:13",
        "11:23",
        "11:33",
        "11:53",
        "12:03",
        "12:13",
        "12:23",
        "12:33",
        "12:53",
        "13:03",
        "13:16",
        "13:29",
        "13:53",
        "14:03",
        "14:16",
        "14:29",
        "14:53",
        "15:03",
        "15:13",
        "15:21",
        "15:30",
        "15:38",
        "15:55",
        "16:04",
        "16:13",
        "16:21",
        "16:30",
        "16:38",
        "16:55",
        "17:04",
        "17:13",
        "17:20",
        "17:28",
        "17:35",
        "17:50",
        "17:58",
        "18:05",
        "18:13",
        "18:21",
        "18:30",
        "18:38",
        "19:00",
        "19:13",
        "19:28",
        "19:58",
        "20:13",
        "20:28",
        "20:58",
        "21:23",
        "21:58",
        "22:18",
        "22:43"
    ],
    "saturday": [
        "6:36",
        "7:08",
        "7:20",
        "7:31",
        "7:49",
        "7:58",
        "8:07",
        "8:13",
        "8:23",
        "8:33",
        "8:53",
        "9:03",
        "9:13",
        "9:31",
        "10:01",
        "10:13",
        "10:31",
        "11:01",
        "11:13",
        "11:31",
        "12:01",
        "12:13",
        "12:31",
        "13:01",
        "13:13",
        "13:31",
        "14:01",
        "14:13",
        "14:31",
        "15:01",
        "15:13",
        "15:31",
        "16:01",
        "16:13",
        "16:31",
        "17:01",
        "17:13",
        "17:31",
        "18:01",
        "18:13",
        "18:31",
        "19:01",
        "19:13",
        "19:31",
        "20:01",
        "20:53",
        "21:13",
        "21:53",
        "22:13"
    ],
    "holiday": [
        "6:58",
        "7:25",
        "7:37",
        "8:01",
        "8:13",
        "8:31",
        "9:01",
        "9:13",
        "9:31",
        "10:01",
        "10:13",
        "10:31",
        "11:01",
        "11:13",
        "11:31",
        "12:01",
        "12:13",
        "12:31",
        "13:01",
        "13:13",
        "13:31",
        "14:01",
        "14:13",
        "14:31",
        "15:01",
        "15:13",
        "15:31",
        "16:01",
        "16:13",
        "16:31",
        "17:01",
        "17:13",
        "17:31",
        "18:01",
        "18:13",
        "18:28",
        "18:58",
        "19:13",
        "19:28",
        "19:58",
        "20:18",
        "21:18",
        "21:38"
    ],
    "url": "https://www.kanachu.co.jp/dia/diagram/timetable01_js/course:0000804220-14/node:00103267/kt:0/lname:/"
}
