{
    "date": "2025/03/15",
    "name": "藤沢・綾瀬ふれあいの杜",
    "position": "-",
    "system": "長43",
    "destinations": [
        "上土棚南",
        "上土棚中7",
        "綾南会館",
        "さがみ農協前",
        "蓮光寺(綾瀬市)",
        "熊野神社(綾瀬市)",
        "奥田",
        "長後市民センター前",
        "長後駅西口"
    ],
    "weekday": [
        "5:57",
        "6:37",
        "6:54",
        "7:17",
        "7:40",
        "8:03",
        "8:26",
        "8:49",
        "9:12",
        "9:35",
        "9:58",
        "10:21",
        "11:07",
        "11:53",
        "12:16",
        "12:39",
        "13:02",
        "13:25",
        "14:11",
        "14:34",
        "14:57",
        "15:20",
        "15:43",
        "16:06",
        "16:52",
        "17:15",
        "17:38",
        "18:01",
        "18:24",
        "18:47",
        "19:10",
        "19:33",
        "20:19",
        "20:42",
        "21:28"
    ],
    "saturday": [
        "6:17",
        "6:54",
        "7:17",
        "7:40",
        "8:03",
        "8:26",
        "8:49",
        "9:12",
        "9:35",
        "9:58",
        "10:21",
        "11:07",
        "11:53",
        "12:16",
        "12:39",
        "13:02",
        "13:25",
        "14:11",
        "14:34",
        "14:57",
        "15:20",
        "15:43",
        "16:06",
        "16:52",
        "17:15",
        "17:38",
        "18:01",
        "18:24",
        "18:47",
        "19:33",
        "20:19",
        "20:42",
        "21:28"
    ],
    "holiday": [
        "6:17",
        "6:54",
        "7:17",
        "7:40",
        "8:03",
        "8:26",
        "8:49",
        "9:12",
        "9:35",
        "9:58",
        "10:21",
        "11:07",
        "11:53",
        "12:16",
        "12:39",
        "13:02",
        "13:25",
        "14:11",
        "14:34",
        "14:57",
        "15:20",
        "15:43",
        "16:06",
        "16:52",
        "17:15",
        "17:38",
        "18:01",
        "18:24",
        "18:47",
        "19:33",
        "20:19",
        "20:42",
        "21:28"
    ],
    "url": "https://www.kanachu.co.jp/dia/diagram/timetable01_js/course:0000800069-3/node:00130020/kt:0/lname:/"
}
