{
    "date": "2025/03/15",
    "name": "上土棚南",
    "position": "-",
    "system": "長43",
    "destinations": [
        "上土棚中7",
        "綾南会館",
        "さがみ農協前",
        "蓮光寺(綾瀬市)",
        "熊野神社(綾瀬市)",
        "奥田",
        "長後市民センター前",
        "長後駅西口"
    ],
    "weekday": [
        "5:59",
        "6:39",
        "6:56",
        "7:19",
        "7:42",
        "8:05",
        "8:28",
        "8:51",
        "9:14",
        "9:37",
        "10:00",
        "10:23",
        "11:09",
        "11:55",
        "12:18",
        "12:41",
        "13:04",
        "13:27",
        "14:13",
        "14:36",
        "14:59",
        "15:22",
        "15:45",
        "16:08",
        "16:54",
        "17:17",
        "17:40",
        "18:03",
        "18:26",
        "18:49",
        "19:12",
        "19:35",
        "20:21",
        "20:44",
        "21:30"
    ],
    "saturday": [
        "6:19",
        "6:56",
        "7:19",
        "7:42",
        "8:05",
        "8:28",
        "8:51",
        "9:14",
        "9:37",
        "10:00",
        "10:23",
        "11:09",
        "11:55",
        "12:18",
        "12:41",
        "13:04",
        "13:27",
        "14:13",
        "14:36",
        "14:59",
        "15:22",
        "15:45",
        "16:08",
        "16:54",
        "17:17",
        "17:40",
        "18:03",
        "18:26",
        "18:49",
        "19:35",
        "20:21",
        "20:44",
        "21:30"
    ],
    "holiday": [
        "6:19",
        "6:56",
        "7:19",
        "7:42",
        "8:05",
        "8:28",
        "8:51",
        "9:14",
        "9:37",
        "10:00",
        "10:23",
        "11:09",
        "11:55",
        "12:18",
        "12:41",
        "13:04",
        "13:27",
        "14:13",
        "14:36",
        "14:59",
        "15:22",
        "15:45",
        "16:08",
        "16:54",
        "17:17",
        "17:40",
        "18:03",
        "18:26",
        "18:49",
        "19:35",
        "20:21",
        "20:44",
        "21:30"
    ],
    "url": "https://www.kanachu.co.jp/dia/diagram/timetable01_js/course:0000800069-4/node:00130019/kt:0/lname:/"
}
