{
    "date": "2025/01/14",
    "name": "市役所入口(厚木市)",
    "position": "-",
    "system": "厚39",
    "destinations": [
        "合同庁舎前(厚木市)",
        "厚木高校前",
        "日立アステモ前",
        "片岸(厚木市)",
        "温水",
        "高坪入口",
        "南毛利小学校前",
        "清水(厚木市)",
        "観音坂",
        "上長谷(厚木市)",
        "愛名入口",
        "小野宮前",
        "小野橋(厚木市)",
        "中屋橋",
        "玉川農協前",
        "玉川公民館前",
        "日向川",
        "馬場リハビリ入口",
        "神奈川リハビリ"
    ],
    "weekday": [
        "6:17",
        "6:42",
        "7:02",
        "9:33",
        "17:33",
        "18:33",
        "19:37",
        "20:32",
        "21:32",
        "22:47"
    ],
    "saturday": [
        "6:47",
        "8:22",
        "12:23",
        "14:23",
        "18:33",
        "19:32",
        "20:42",
        "22:02",
        "22:47"
    ],
    "holiday": [
        "6:47",
        "8:22",
        "12:23",
        "14:23",
        "18:33",
        "19:32",
        "20:42",
        "21:42",
        "22:45"
    ],
    "url": "https://www.kanachu.co.jp/dia/diagram/timetable01_js/course:0000800186-3/node:00128396/kt:0/lname:/"
}
