{
    "date": "2025/01/14",
    "name": "南毛利小学校前",
    "position": "-",
    "system": "厚39",
    "destinations": [
        "清水(厚木市)",
        "観音坂",
        "上長谷(厚木市)",
        "愛名入口",
        "小野宮前",
        "小野橋(厚木市)",
        "中屋橋",
        "玉川農協前",
        "玉川公民館前",
        "日向川",
        "馬場リハビリ入口",
        "神奈川リハビリ"
    ],
    "weekday": [
        "6:24",
        "6:49",
        "7:09",
        "9:40",
        "17:41",
        "18:41",
        "19:44",
        "20:39",
        "21:39",
        "22:54"
    ],
    "saturday": [
        "6:54",
        "8:29",
        "12:30",
        "14:30",
        "18:41",
        "19:39",
        "20:49",
        "22:09",
        "22:54"
    ],
    "holiday": [
        "6:54",
        "8:29",
        "12:30",
        "14:30",
        "18:41",
        "19:39",
        "20:49",
        "21:49",
        "22:52"
    ],
    "url": "https://www.kanachu.co.jp/dia/diagram/timetable01_js/course:0000800186-10/node:00128445/kt:0/lname:/"
}
