{
    "date": "2025/01/14",
    "name": "愛名入口",
    "position": "-",
    "system": "厚39",
    "destinations": [
        "小野宮前",
        "小野橋(厚木市)",
        "中屋橋",
        "玉川農協前",
        "玉川公民館前",
        "日向川",
        "馬場リハビリ入口",
        "神奈川リハビリ"
    ],
    "weekday": [
        "6:27",
        "6:52",
        "7:12",
        "9:44",
        "17:45",
        "18:45",
        "19:47",
        "20:42",
        "21:42",
        "22:57"
    ],
    "saturday": [
        "6:57",
        "8:33",
        "12:34",
        "14:34",
        "18:45",
        "19:42",
        "20:52",
        "22:12",
        "22:57"
    ],
    "holiday": [
        "6:57",
        "8:33",
        "12:34",
        "14:34",
        "18:45",
        "19:42",
        "20:52",
        "21:52",
        "22:55"
    ],
    "url": "https://www.kanachu.co.jp/dia/diagram/timetable01_js/course:0000800186-14/node:00128448/kt:0/lname:/"
}
