{
    "date": "2024/12/16",
    "name": "飯島(平塚市)",
    "position": "-",
    "system": "平77",
    "destinations": [
        "平塚支援学校前",
        "水神橋(平塚市)",
        "長持",
        "長瀬(平塚市)",
        "南原土手",
        "市民病院前(平塚市)",
        "達上ヶ丘",
        "上平塚",
        "平塚農商高校",
        "貴峯荘前",
        "大久保公園(平塚市)",
        "諏訪町(平塚市)",
        "豊原町",
        "富士見小学校前(平塚市)",
        "桧扇町",
        "新豊田道",
        "豊田道",
        "八間通り",
        "平塚文化芸術ホール前",
        "銀座通り(平塚市)",
        "平塚駅北口"
    ],
    "weekday": [
        "8:34",
        "9:35",
        "10:37",
        "11:37",
        "12:31",
        "13:31",
        "14:31",
        "15:30",
        "16:34",
        "17:34",
        "19:04"
    ],
    "saturday": [
        "10:33",
        "11:33",
        "12:33",
        "13:33",
        "14:33",
        "15:33",
        "16:33"
    ],
    "holiday": [
        "10:33",
        "11:33",
        "12:33",
        "13:33",
        "14:33",
        "15:33",
        "16:33"
    ],
    "url": "https://www.kanachu.co.jp/dia/diagram/timetable01_js/course:0000803654-12/node:00127734/kt:0/lname:/"
}
