{
    "date": "2024/12/16",
    "name": "南原土手",
    "position": "-",
    "system": "平77",
    "destinations": [
        "市民病院前(平塚市)",
        "達上ヶ丘",
        "上平塚",
        "平塚農商高校",
        "貴峯荘前",
        "大久保公園(平塚市)",
        "諏訪町(平塚市)",
        "豊原町",
        "富士見小学校前(平塚市)",
        "桧扇町",
        "新豊田道",
        "豊田道",
        "八間通り",
        "平塚文化芸術ホール前",
        "銀座通り(平塚市)",
        "平塚駅北口"
    ],
    "weekday": [
        "8:41",
        "9:41",
        "10:43",
        "11:43",
        "12:37",
        "13:37",
        "14:37",
        "15:36",
        "16:40",
        "17:40",
        "19:09"
    ],
    "saturday": [
        "10:40",
        "11:40",
        "12:40",
        "13:40",
        "14:40",
        "15:40",
        "16:40"
    ],
    "holiday": [
        "10:39",
        "11:39",
        "12:39",
        "13:39",
        "14:39",
        "15:39",
        "16:39"
    ],
    "url": "https://www.kanachu.co.jp/dia/diagram/timetable01_js/course:0000803654-17/node:00127560/kt:0/lname:/"
}
