{
    "date": "2024/12/16",
    "name": "平塚農商高校",
    "position": "-",
    "system": "平77",
    "destinations": [
        "貴峯荘前",
        "大久保公園(平塚市)",
        "諏訪町(平塚市)",
        "豊原町",
        "富士見小学校前(平塚市)",
        "桧扇町",
        "新豊田道",
        "豊田道",
        "八間通り",
        "平塚文化芸術ホール前",
        "銀座通り(平塚市)",
        "平塚駅北口"
    ],
    "weekday": [
        "8:53",
        "9:49",
        "10:51",
        "11:51",
        "12:45",
        "13:45",
        "14:45",
        "15:44",
        "16:49",
        "17:49",
        "19:17"
    ],
    "saturday": [
        "10:48",
        "11:48",
        "12:48",
        "13:48",
        "14:48",
        "15:48",
        "16:48"
    ],
    "holiday": [
        "10:47",
        "11:47",
        "12:47",
        "13:47",
        "14:47",
        "15:47",
        "16:47"
    ],
    "url": "https://www.kanachu.co.jp/dia/diagram/timetable01_js/course:0000803654-21/node:00127592/kt:0/lname:/"
}
