{
    "date": "2024/12/16",
    "name": "銀座通り(平塚市)",
    "position": "-",
    "system": "平77",
    "destinations": [
        "平塚駅北口"
    ],
    "weekday": [
        "9:04",
        "10:00",
        "11:02",
        "12:02",
        "12:56",
        "13:56",
        "14:56",
        "15:55",
        "17:00",
        "18:00",
        "19:28"
    ],
    "saturday": [
        "10:59",
        "11:59",
        "12:59",
        "13:59",
        "14:59",
        "15:59",
        "16:59"
    ],
    "holiday": [
        "10:58",
        "11:58",
        "12:58",
        "13:58",
        "14:58",
        "15:58",
        "16:58"
    ],
    "url": "https://www.kanachu.co.jp/dia/diagram/timetable01_js/course:0000803654-32/node:00127465/kt:0/lname:/"
}
