{
    "date": "2025/03/15",
    "name": "芹沢入口",
    "position": "-",
    "system": "茅50",
    "destinations": [
        "小出小学校前",
        "小出二本松",
        "堤坂下",
        "長谷戸",
        "南長谷戸",
        "殿山公園前",
        "八幡神社前(茅ケ崎市)",
        "甘沼",
        "高田(茅ケ崎市)",
        "鶴が台入口",
        "ニュータウン入口(茅ケ崎市)",
        "神奈中営業所前",
        "前の田",
        "中央公園前(茅ケ崎市)",
        "茅ヶ崎駅"
    ],
    "weekday": [
        "7:01",
        "7:43",
        "8:28",
        "9:03",
        "9:48",
        "10:09",
        "10:43",
        "11:01",
        "11:38",
        "11:56",
        "12:21",
        "12:38",
        "12:55",
        "13:35",
        "13:51",
        "14:35",
        "14:51",
        "15:01",
        "15:35",
        "15:51",
        "16:11",
        "16:31",
        "16:41",
        "16:56",
        "17:11",
        "17:26",
        "17:46",
        "18:11",
        "18:21",
        "18:46",
        "19:01",
        "20:01",
        "21:46"
    ],
    "saturday": [
        "7:04",
        "8:02",
        "8:49",
        "9:07",
        "10:06",
        "10:36",
        "10:51",
        "11:06",
        "11:36",
        "12:11",
        "12:43",
        "13:06",
        "14:06",
        "15:06",
        "16:06",
        "17:06",
        "18:06"
    ],
    "holiday": [
        "7:57",
        "9:01",
        "10:01",
        "11:01",
        "12:01",
        "13:06",
        "14:06",
        "15:06",
        "16:06",
        "17:06",
        "18:06"
    ],
    "url": "https://www.kanachu.co.jp/dia/diagram/timetable01_js/course:0000800478-2/node:00127278/kt:0/lname:/"
}
