{
    "date": "2025/03/15",
    "name": "南長谷戸",
    "position": "-",
    "system": "茅50",
    "destinations": [
        "殿山公園前",
        "八幡神社前(茅ケ崎市)",
        "甘沼",
        "高田(茅ケ崎市)",
        "鶴が台入口",
        "ニュータウン入口(茅ケ崎市)",
        "神奈中営業所前",
        "前の田",
        "中央公園前(茅ケ崎市)",
        "茅ヶ崎駅"
    ],
    "weekday": [
        "7:07",
        "7:49",
        "8:34",
        "9:09",
        "9:54",
        "10:15",
        "10:49",
        "11:07",
        "11:44",
        "12:02",
        "12:27",
        "12:44",
        "13:01",
        "13:41",
        "13:57",
        "14:41",
        "14:57",
        "15:07",
        "15:41",
        "15:57",
        "16:17",
        "16:37",
        "16:47",
        "17:02",
        "17:17",
        "17:32",
        "17:52",
        "18:17",
        "18:27",
        "18:52",
        "19:07",
        "20:06",
        "21:51"
    ],
    "saturday": [
        "7:09",
        "8:08",
        "8:55",
        "9:13",
        "10:12",
        "10:42",
        "10:57",
        "11:12",
        "11:42",
        "12:17",
        "12:49",
        "13:12",
        "14:12",
        "15:12",
        "16:12",
        "17:12",
        "18:12"
    ],
    "holiday": [
        "8:02",
        "9:07",
        "10:07",
        "11:07",
        "12:07",
        "13:12",
        "14:12",
        "15:12",
        "16:12",
        "17:12",
        "18:12"
    ],
    "url": "https://www.kanachu.co.jp/dia/diagram/timetable01_js/course:0000800478-7/node:00127143/kt:0/lname:/"
}
