{
    "date": "2025/03/15",
    "name": "神奈中営業所前",
    "position": "-",
    "system": "茅50",
    "destinations": [
        "前の田",
        "中央公園前(茅ケ崎市)",
        "茅ヶ崎駅"
    ],
    "weekday": [
        "7:16",
        "7:58",
        "8:43",
        "9:18",
        "10:03",
        "10:24",
        "10:58",
        "11:16",
        "11:53",
        "12:11",
        "12:36",
        "12:53",
        "13:10",
        "13:50",
        "14:06",
        "14:50",
        "15:06",
        "15:16",
        "15:50",
        "16:06",
        "16:26",
        "16:46",
        "16:56",
        "17:11",
        "17:26",
        "17:41",
        "18:01",
        "18:26",
        "18:36",
        "19:01",
        "19:16",
        "20:14",
        "21:59"
    ],
    "saturday": [
        "7:17",
        "8:17",
        "9:04",
        "9:22",
        "10:21",
        "10:51",
        "11:06",
        "11:21",
        "11:51",
        "12:26",
        "12:58",
        "13:21",
        "14:21",
        "15:21",
        "16:21",
        "17:21",
        "18:21"
    ],
    "holiday": [
        "8:11",
        "9:16",
        "10:16",
        "11:16",
        "12:16",
        "13:21",
        "14:21",
        "15:21",
        "16:21",
        "17:21",
        "18:21"
    ],
    "url": "https://www.kanachu.co.jp/dia/diagram/timetable01_js/course:0000800478-14/node:00127137/kt:0/lname:/"
}
