{
    "system": "茅50",
    "busstops": [
        {
            "index": "1",
            "id": "00127148",
            "name": "文教大学",
            "lat": "35.368534",
            "lng": "139.41608"
        },
        {
            "index": "2",
            "id": "00127278",
            "name": "芹沢入口",
            "lat": "35.371228",
            "lng": "139.421061"
        },
        {
            "index": "3",
            "id": "00127147",
            "name": "小出小学校前",
            "lat": "35.371311",
            "lng": "139.42288"
        },
        {
            "index": "4",
            "id": "00127146",
            "name": "小出二本松",
            "lat": "35.369984",
            "lng": "139.423702"
        },
        {
            "index": "5",
            "id": "00127145",
            "name": "堤坂下",
            "lat": "35.365131",
            "lng": "139.421688"
        },
        {
            "index": "6",
            "id": "00127144",
            "name": "長谷戸",
            "lat": "35.360426",
            "lng": "139.421342"
        },
        {
            "index": "7",
            "id": "00127143",
            "name": "南長谷戸",
            "lat": "35.357083",
            "lng": "139.420196"
        },
        {
            "index": "8",
            "id": "00127142",
            "name": "殿山公園前",
            "lat": "35.3547",
            "lng": "139.420375"
        },
        {
            "index": "9",
            "id": "00127267",
            "name": "八幡神社前(茅ケ崎市)",
            "lat": "35.352284",
            "lng": "139.417809"
        },
        {
            "index": "10",
            "id": "00127141",
            "name": "甘沼",
            "lat": "35.351184",
            "lng": "139.415142"
        },
        {
            "index": "11",
            "id": "00127140",
            "name": "高田(茅ケ崎市)",
            "lat": "35.349103",
            "lng": "139.414183"
        },
        {
            "index": "12",
            "id": "00127139",
            "name": "鶴が台入口",
            "lat": "35.345351",
            "lng": "139.412818"
        },
        {
            "index": "13",
            "id": "00127138",
            "name": "ニュータウン入口(茅ケ崎市)",
            "lat": "35.342673",
            "lng": "139.411871"
        },
        {
            "index": "14",
            "id": "00127137",
            "name": "神奈中営業所前",
            "lat": "35.341014",
            "lng": "139.411205"
        },
        {
            "index": "15",
            "id": "00127136",
            "name": "前の田",
            "lat": "35.337346",
            "lng": "139.409871"
        },
        {
            "index": "16",
            "id": "00127135",
            "name": "中央公園前(茅ケ崎市)",
            "lat": "35.334645",
            "lng": "139.407949"
        },
        {
            "index": "17",
            "id": "00127126",
            "name": "茅ヶ崎駅",
            "lat": "35.331146",
            "lng": "139.406276"
        }
    ],
    "route_url": "https://www.kanachu.co.jp/dia/route/index/cid:0000800478/"
}
