{
    "date": "2025/01/14",
    "name": "厚木バスセンター",
    "position": "-",
    "system": "厚79",
    "destinations": [
        "小田急通り",
        "元町(厚木市)",
        "鮎津橋",
        "積水ソフランウイズ前",
        "金田下宿",
        "金田(厚木市)",
        "金田神社前",
        "下依知入口",
        "追分(厚木市)",
        "蓮生寺(厚木市)",
        "関口(厚木市)",
        "依知小学校前",
        "中平(厚木市)",
        "山際",
        "藤塚(厚木市)",
        "上依知",
        "依知神社前",
        "昭和橋(相模原市南区)",
        "下当麻",
        "当麻市場",
        "夢の丘小学校入口",
        "原当麻駅"
    ],
    "weekday": [
        "5:50",
        "6:50",
        "7:20",
        "8:00",
        "8:50",
        "9:38",
        "10:38",
        "15:38",
        "16:25",
        "17:20",
        "18:15",
        "19:50"
    ],
    "saturday": [
        "7:30",
        "9:45",
        "10:45",
        "12:45",
        "13:45",
        "15:45",
        "16:45",
        "18:45"
    ],
    "holiday": [
        "7:25",
        "9:20",
        "10:20",
        "12:20",
        "13:20",
        "15:20",
        "16:20",
        "18:20"
    ],
    "url": "https://www.kanachu.co.jp/dia/diagram/timetable01_js/course:0000800549-1/node:00128256/kt:0/lname:/"
}
