{
    "date": "2025/01/14",
    "name": "元町(厚木市)",
    "position": "-",
    "system": "厚79",
    "destinations": [
        "鮎津橋",
        "積水ソフランウイズ前",
        "金田下宿",
        "金田(厚木市)",
        "金田神社前",
        "下依知入口",
        "追分(厚木市)",
        "蓮生寺(厚木市)",
        "関口(厚木市)",
        "依知小学校前",
        "中平(厚木市)",
        "山際",
        "藤塚(厚木市)",
        "上依知",
        "依知神社前",
        "昭和橋(相模原市南区)",
        "下当麻",
        "当麻市場",
        "夢の丘小学校入口",
        "原当麻駅"
    ],
    "weekday": [
        "5:53",
        "6:53",
        "7:24",
        "8:05",
        "8:55",
        "9:43",
        "10:43",
        "15:43",
        "16:30",
        "17:25",
        "18:20",
        "19:54"
    ],
    "saturday": [
        "7:33",
        "9:49",
        "10:50",
        "12:50",
        "13:50",
        "15:50",
        "16:50",
        "18:49"
    ],
    "holiday": [
        "7:28",
        "9:23",
        "10:25",
        "12:25",
        "13:25",
        "15:25",
        "16:25",
        "18:25"
    ],
    "url": "https://www.kanachu.co.jp/dia/diagram/timetable01_js/course:0000800549-3/node:00128343/kt:0/lname:/"
}
