{
    "date": "2025/01/14",
    "name": "積水ソフランウイズ前",
    "position": "-",
    "system": "厚79",
    "destinations": [
        "金田下宿",
        "金田(厚木市)",
        "金田神社前",
        "下依知入口",
        "追分(厚木市)",
        "蓮生寺(厚木市)",
        "関口(厚木市)",
        "依知小学校前",
        "中平(厚木市)",
        "山際",
        "藤塚(厚木市)",
        "上依知",
        "依知神社前",
        "昭和橋(相模原市南区)",
        "下当麻",
        "当麻市場",
        "夢の丘小学校入口",
        "原当麻駅"
    ],
    "weekday": [
        "5:55",
        "6:55",
        "7:27",
        "8:07",
        "8:57",
        "9:45",
        "10:45",
        "15:45",
        "16:32",
        "17:27",
        "18:22",
        "19:56"
    ],
    "saturday": [
        "7:36",
        "9:52",
        "10:53",
        "12:53",
        "13:53",
        "15:53",
        "16:53",
        "18:52"
    ],
    "holiday": [
        "7:30",
        "9:25",
        "10:28",
        "12:28",
        "13:28",
        "15:28",
        "16:28",
        "18:28"
    ],
    "url": "https://www.kanachu.co.jp/dia/diagram/timetable01_js/course:0000800549-5/node:00128345/kt:0/lname:/"
}
