{
    "date": "2025/01/14",
    "name": "追分(厚木市)",
    "position": "-",
    "system": "厚79",
    "destinations": [
        "蓮生寺(厚木市)",
        "関口(厚木市)",
        "依知小学校前",
        "中平(厚木市)",
        "山際",
        "藤塚(厚木市)",
        "上依知",
        "依知神社前",
        "昭和橋(相模原市南区)",
        "下当麻",
        "当麻市場",
        "夢の丘小学校入口",
        "原当麻駅"
    ],
    "weekday": [
        "6:01",
        "7:01",
        "7:36",
        "8:15",
        "9:05",
        "9:53",
        "10:53",
        "15:53",
        "16:40",
        "17:35",
        "18:30",
        "20:02"
    ],
    "saturday": [
        "7:43",
        "9:59",
        "11:00",
        "13:00",
        "14:00",
        "16:00",
        "17:00",
        "18:58"
    ],
    "holiday": [
        "7:36",
        "9:31",
        "10:35",
        "12:35",
        "13:35",
        "15:35",
        "16:35",
        "18:35"
    ],
    "url": "https://www.kanachu.co.jp/dia/diagram/timetable01_js/course:0000800549-10/node:00128350/kt:0/lname:/"
}
