{
    "date": "2025/01/14",
    "name": "関口(厚木市)",
    "position": "-",
    "system": "厚79",
    "destinations": [
        "依知小学校前",
        "中平(厚木市)",
        "山際",
        "藤塚(厚木市)",
        "上依知",
        "依知神社前",
        "昭和橋(相模原市南区)",
        "下当麻",
        "当麻市場",
        "夢の丘小学校入口",
        "原当麻駅"
    ],
    "weekday": [
        "6:04",
        "7:03",
        "7:38",
        "8:17",
        "9:07",
        "9:55",
        "10:55",
        "15:55",
        "16:42",
        "17:37",
        "18:32",
        "20:04"
    ],
    "saturday": [
        "7:45",
        "10:01",
        "11:02",
        "13:02",
        "14:02",
        "16:02",
        "17:02",
        "19:00"
    ],
    "holiday": [
        "7:38",
        "9:33",
        "10:37",
        "12:37",
        "13:37",
        "15:37",
        "16:37",
        "18:37"
    ],
    "url": "https://www.kanachu.co.jp/dia/diagram/timetable01_js/course:0000800549-12/node:00128352/kt:0/lname:/"
}
