{
    "date": "2025/01/14",
    "name": "中平(厚木市)",
    "position": "-",
    "system": "厚79",
    "destinations": [
        "山際",
        "藤塚(厚木市)",
        "上依知",
        "依知神社前",
        "昭和橋(相模原市南区)",
        "下当麻",
        "当麻市場",
        "夢の丘小学校入口",
        "原当麻駅"
    ],
    "weekday": [
        "6:09",
        "7:08",
        "7:43",
        "8:22",
        "9:12",
        "10:00",
        "11:00",
        "16:00",
        "16:47",
        "17:42",
        "18:36",
        "20:08"
    ],
    "saturday": [
        "7:49",
        "10:05",
        "11:06",
        "13:06",
        "14:06",
        "16:06",
        "17:06",
        "19:03"
    ],
    "holiday": [
        "7:41",
        "9:36",
        "10:41",
        "12:41",
        "13:41",
        "15:41",
        "16:41",
        "18:40"
    ],
    "url": "https://www.kanachu.co.jp/dia/diagram/timetable01_js/course:0000800549-14/node:00128354/kt:0/lname:/"
}
