{
    "date": "2025/01/14",
    "name": "依知神社前",
    "position": "-",
    "system": "厚79",
    "destinations": [
        "昭和橋(相模原市南区)",
        "下当麻",
        "当麻市場",
        "夢の丘小学校入口",
        "原当麻駅"
    ],
    "weekday": [
        "6:15",
        "7:15",
        "7:50",
        "8:29",
        "9:19",
        "10:07",
        "11:07",
        "16:07",
        "16:54",
        "17:50",
        "18:42",
        "20:14"
    ],
    "saturday": [
        "7:55",
        "10:11",
        "11:12",
        "13:12",
        "14:12",
        "16:12",
        "17:12",
        "19:09"
    ],
    "holiday": [
        "7:47",
        "9:42",
        "10:47",
        "12:47",
        "13:47",
        "15:47",
        "16:47",
        "18:46"
    ],
    "url": "https://www.kanachu.co.jp/dia/diagram/timetable01_js/course:0000800549-18/node:00128358/kt:0/lname:/"
}
