{
    "system": "厚79",
    "busstops": [
        {
            "index": "1",
            "id": "00128256",
            "name": "厚木バスセンター",
            "lat": "35.441206",
            "lng": "139.366499"
        },
        {
            "index": "2",
            "id": "00128340",
            "name": "小田急通り",
            "lat": "35.442431",
            "lng": "139.366093"
        },
        {
            "index": "3",
            "id": "00128343",
            "name": "元町(厚木市)",
            "lat": "35.448015",
            "lng": "139.366051"
        },
        {
            "index": "4",
            "id": "00128344",
            "name": "鮎津橋",
            "lat": "35.45164",
            "lng": "139.365726"
        },
        {
            "index": "5",
            "id": "00128345",
            "name": "積水ソフランウイズ前",
            "lat": "35.45426",
            "lng": "139.368982"
        },
        {
            "index": "6",
            "id": "00128346",
            "name": "金田下宿",
            "lat": "35.459944",
            "lng": "139.367718"
        },
        {
            "index": "7",
            "id": "00128347",
            "name": "金田(厚木市)",
            "lat": "35.463912",
            "lng": "139.368015"
        },
        {
            "index": "8",
            "id": "00128348",
            "name": "金田神社前",
            "lat": "35.466463",
            "lng": "139.367995"
        },
        {
            "index": "9",
            "id": "00128349",
            "name": "下依知入口",
            "lat": "35.470753",
            "lng": "139.367705"
        },
        {
            "index": "10",
            "id": "00128350",
            "name": "追分(厚木市)",
            "lat": "35.475786",
            "lng": "139.366837"
        },
        {
            "index": "11",
            "id": "00128351",
            "name": "蓮生寺(厚木市)",
            "lat": "35.480945",
            "lng": "139.365683"
        },
        {
            "index": "12",
            "id": "00128352",
            "name": "関口(厚木市)",
            "lat": "35.484805",
            "lng": "139.3651"
        },
        {
            "index": "13",
            "id": "00128353",
            "name": "依知小学校前",
            "lat": "35.491105",
            "lng": "139.36402"
        },
        {
            "index": "14",
            "id": "00128354",
            "name": "中平(厚木市)",
            "lat": "35.496727",
            "lng": "139.3627"
        },
        {
            "index": "15",
            "id": "00128355",
            "name": "山際",
            "lat": "35.503976",
            "lng": "139.360858"
        },
        {
            "index": "16",
            "id": "00128356",
            "name": "藤塚(厚木市)",
            "lat": "35.509548",
            "lng": "139.360576"
        },
        {
            "index": "17",
            "id": "00128357",
            "name": "上依知",
            "lat": "35.51509",
            "lng": "139.364798"
        },
        {
            "index": "18",
            "id": "00128358",
            "name": "依知神社前",
            "lat": "35.51755",
            "lng": "139.365654"
        },
        {
            "index": "19",
            "id": "00128359",
            "name": "昭和橋(相模原市南区)",
            "lat": "35.523152",
            "lng": "139.366351"
        },
        {
            "index": "20",
            "id": "00128360",
            "name": "下当麻",
            "lat": "35.525557",
            "lng": "139.364801"
        },
        {
            "index": "21",
            "id": "00128361",
            "name": "当麻市場",
            "lat": "35.528858",
            "lng": "139.365064"
        },
        {
            "index": "22",
            "id": "00129267",
            "name": "夢の丘小学校入口",
            "lat": "35.532137",
            "lng": "139.369668"
        },
        {
            "index": "23",
            "id": "00129319",
            "name": "原当麻駅",
            "lat": "35.529399",
            "lng": "139.3752"
        }
    ],
    "route_url": "https://www.kanachu.co.jp/dia/route/index/cid:0000800549/"
}
