{
  "date": "2024/07/08",
  "name": "町田バスセンター",
  "position": "14番のりば",
  "system": "町27",
  "destinations": [
    "上宿"
  ],
  "weekday": [
    "6:53",
    "7:23", "7:53",
    "8:53",
    "9:43",
    "10:32",
    "11:23",
    "12:13",
    "13:00", "13:54",
    "14:43",
    "15:33",
    "16:03", "16:33",
    "17:13", "17:43",
    "18:18", "18:51",
    "19:23", "19:58",
    "20:31",
    "21:00", "21:53"
  ],
  "saturday": [
    "6:53",
    "7:53",
    "8:53",
    "9:43",
    "10:33",
    "11:23",
    "12:14",
    "13:03",
    "14:43",
    "15:33",
    "16:21", "16:48",
    "17:11",
    "18:03", "18:53",
    "19:41",
    "20:40",
    "21:23"
  ],
  "holiday": [
    "6:53",
    "7:53",
    "8:53",
    "9:43",
    "10:33",
    "11:23",
    "12:13",
    "13:03",
    "14:43",
    "15:33",
    "16:23",
    "17:13",
    "18:03",
    "19:43",
    "20:40",
    "21:23"
  ]
}
