{
    "date": "2024/04/01",
    "name": "大江工業前",
    "position": "-",
    "system": "平51",
    "destinations": [
        "ふじみ園前",
        "前鳥神社前",
        "大念寺前",
        "四ノ宮(平塚市)",
        "泉蔵院前",
        "古河電工入口",
        "八幡公民館入口",
        "八幡(平塚市)",
        "八幡入口",
        "コンフォール平塚前",
        "市役所前(平塚市)",
        "四ツ角(平塚市)",
        "平塚駅北口"
    ],
    "weekday": [
        "5:44",
        "6:34",
        "17:51",
        "20:52"
    ],
    "saturday": [
        "5:43"
    ],
    "holiday": [],
    "url": "https://www.kanachu.co.jp/dia/diagram/timetable01_js/course:0000800017-7/node:00127659/kt:0/lname:/"
}
