{
    "date": "2024/04/01",
    "name": "八幡(平塚市)",
    "position": "-",
    "system": "平51",
    "destinations": [
        "八幡入口",
        "コンフォール平塚前",
        "市役所前(平塚市)",
        "四ツ角(平塚市)",
        "平塚駅北口"
    ],
    "weekday": [
        "5:54",
        "6:44",
        "18:01",
        "21:02"
    ],
    "saturday": [
        "5:52"
    ],
    "holiday": [],
    "url": "https://www.kanachu.co.jp/dia/diagram/timetable01_js/course:0000800017-15/node:00127646/kt:0/lname:/"
}
