{
    "date": "2025/04/19",
    "name": "大野台入口",
    "position": "-",
    "system": "大25",
    "destinations": [
        "オルガノ前",
        "大沼",
        "大沼小学校前",
        "東通り(相模原市南区)",
        "団地入口(相模原市南区)",
        "小沼(相模原市南区)",
        "南中前(相模原市南区)",
        "グリーンホール前",
        "相模大野駅北口"
    ],
    "weekday": [
        "5:58",
        "6:10"
    ],
    "saturday": [
        "6:04"
    ],
    "holiday": [],
    "url": "https://www.kanachu.co.jp/dia/diagram/timetable01_js/course:0000803513-13/node:00129093/kt:0/lname:/"
}
