{
    "date": "2021/04/01",
    "name": "水の口(町田市)",
    "position": "-",
    "system": "橋16",
    "destinations": [
        "公会堂前(町田市)",
        "大戸橋",
        "上大戸",
        "ネイチャーファクトリー東京町田",
        "大戸(相模原市緑区)"
    ],
    "weekday": [
        "7:48"
    ],
    "saturday": [],
    "holiday": [],
    "url": "https://www.kanachu.co.jp/dia/diagram/timetable01_js/course:0000800965-19/node:00128893/kt:0/lname:/"
}
