{
    "date": "2025/03/15",
    "name": "綾瀬農協前",
    "position": "-",
    "system": "長38",
    "destinations": [
        "綾瀬小学校前",
        "中郷(綾瀬市)",
        "綾瀬タウンヒルズ前",
        "綾瀬市役所",
        "市民文化センター前(綾瀬市)",
        "春日原(綾瀬市)",
        "綾瀬車庫(綾瀬市)"
    ],
    "weekday": [
        "8:37",
        "9:52",
        "10:22",
        "10:52",
        "11:22",
        "11:52",
        "12:22",
        "12:52",
        "13:22",
        "13:52",
        "14:22",
        "14:52",
        "15:22",
        "15:52",
        "16:17"
    ],
    "saturday": [],
    "holiday": [],
    "url": "https://www.kanachu.co.jp/dia/diagram/timetable01_js/course:0000801115-10/node:00129857/kt:0/lname:/"
}
