{
    "date": "2025/03/15",
    "name": "春日原(綾瀬市)",
    "position": "-",
    "system": "長38",
    "destinations": [
        "綾瀬車庫(綾瀬市)"
    ],
    "weekday": [
        "8:44",
        "9:59",
        "10:29",
        "10:59",
        "11:29",
        "11:59",
        "12:29",
        "12:59",
        "13:29",
        "13:59",
        "14:29",
        "14:59",
        "15:29",
        "15:59",
        "16:24"
    ],
    "saturday": [],
    "holiday": [],
    "url": "https://www.kanachu.co.jp/dia/diagram/timetable01_js/course:0000801115-16/node:00129862/kt:0/lname:/"
}
