{
    "system": "長38",
    "busstops": [
        {
            "index": "1",
            "id": "00129812",
            "name": "長後駅西口",
            "lat": "35.412409",
            "lng": "139.464748"
        },
        {
            "index": "2",
            "id": "00129846",
            "name": "上谷台",
            "lat": "35.417758",
            "lng": "139.457977"
        },
        {
            "index": "3",
            "id": "00129847",
            "name": "並塚",
            "lat": "35.419735",
            "lng": "139.451839"
        },
        {
            "index": "4",
            "id": "00129848",
            "name": "上土棚",
            "lat": "35.419906",
            "lng": "139.448641"
        },
        {
            "index": "5",
            "id": "00129849",
            "name": "中川橋",
            "lat": "35.421451",
            "lng": "139.443797"
        },
        {
            "index": "6",
            "id": "00129850",
            "name": "落合(綾瀬市)",
            "lat": "35.423102",
            "lng": "139.439715"
        },
        {
            "index": "7",
            "id": "00129990",
            "name": "上落合(綾瀬市)",
            "lat": "35.4248",
            "lng": "139.438138"
        },
        {
            "index": "8",
            "id": "00129851",
            "name": "大法寺(綾瀬市)",
            "lat": "35.429135",
            "lng": "139.436901"
        },
        {
            "index": "9",
            "id": "00129856",
            "name": "大邸",
            "lat": "35.433625",
            "lng": "139.436587"
        },
        {
            "index": "10",
            "id": "00129857",
            "name": "綾瀬農協前",
            "lat": "35.435913",
            "lng": "139.435659"
        },
        {
            "index": "11",
            "id": "00129858",
            "name": "綾瀬小学校前",
            "lat": "35.438774",
            "lng": "139.433571"
        },
        {
            "index": "12",
            "id": "00129859",
            "name": "中郷(綾瀬市)",
            "lat": "35.438963",
            "lng": "139.432032"
        },
        {
            "index": "13",
            "id": "00129860",
            "name": "綾瀬タウンヒルズ前",
            "lat": "35.437041",
            "lng": "139.428573"
        },
        {
            "index": "14",
            "id": "00130000",
            "name": "綾瀬市役所",
            "lat": "35.43774",
            "lng": "139.42672"
        },
        {
            "index": "15",
            "id": "00129861",
            "name": "市民文化センター前(綾瀬市)",
            "lat": "35.433485",
            "lng": "139.429595"
        },
        {
            "index": "16",
            "id": "00129862",
            "name": "春日原(綾瀬市)",
            "lat": "35.429133",
            "lng": "139.43198"
        },
        {
            "index": "17",
            "id": "00129845",
            "name": "綾瀬車庫(綾瀬市)",
            "lat": "35.425558",
            "lng": "139.428205"
        }
    ],
    "route_url": "https://www.kanachu.co.jp/dia/route/index/cid:0000801115/"
}
