{
    "date": "2024/10/01",
    "name": "北の丘センター",
    "position": "-",
    "system": "橋30",
    "destinations": [
        "北公園・ほねごりアリーナ前",
        "北公園入口(相模原市緑区)",
        "九沢自治会館前",
        "内出(相模原市緑区)",
        "合野原",
        "上大島東",
        "上大島南",
        "中の郷(相模原市緑区)",
        "渓松園前",
        "相模川自然の村"
    ],
    "weekday": [
        "11:24",
        "13:34",
        "15:44",
        "17:54"
    ],
    "saturday": [
        "11:24",
        "13:34",
        "15:44",
        "17:54"
    ],
    "holiday": [
        "11:24",
        "13:34",
        "15:44",
        "17:54"
    ],
    "url": "https://www.kanachu.co.jp/dia/diagram/timetable01_js/course:0000803634-10/node:00130167/kt:0/lname:/"
}
