{
    "date": "2025/04/01",
    "name": "国府中学西口",
    "position": "-",
    "system": "磯01",
    "destinations": [
        "素心学院前",
        "下田(中郡大磯町)",
        "ぼったり",
        "虫窪",
        "天神下(中郡大磯町)",
        "公民館前(中郡大磯町)",
        "舟窪",
        "上舟窪",
        "黒岩入口",
        "西久保(中郡大磯町)",
        "西久保福祉館前",
        "黒岩公民館前",
        "黒岩台",
        "黒岩公民館前",
        "西久保福祉館前",
        "西久保(中郡大磯町)",
        "富士見平",
        "桜美園前",
        "栗谷前",
        "堂面(中郡二宮町)",
        "元町(中郡二宮町)",
        "二宮駅北口"
    ],
    "weekday": [
        "14:08",
        "18:28"
    ],
    "saturday": [],
    "holiday": [],
    "url": "https://www.kanachu.co.jp/dia/diagram/timetable01_js/course:0000803738-14/node:00127514/kt:0/lname:/"
}
