{
    "date": "2025/04/01",
    "name": "西久保(中郡大磯町)",
    "position": "-",
    "system": "磯01",
    "destinations": [
        "西久保福祉館前",
        "黒岩公民館前",
        "黒岩台",
        "黒岩公民館前",
        "西久保福祉館前",
        "西久保(中郡大磯町)",
        "富士見平",
        "桜美園前",
        "栗谷前",
        "堂面(中郡二宮町)",
        "元町(中郡二宮町)",
        "二宮駅北口"
    ],
    "weekday": [
        "14:19",
        "18:39"
    ],
    "saturday": [],
    "holiday": [],
    "url": "https://www.kanachu.co.jp/dia/diagram/timetable01_js/course:0000803738-24/node:00127525/kt:0/lname:/"
}
