{
    "date": "2025/07/27",
    "name": "南が丘東",
    "position": "-",
    "system": "秦92",
    "destinations": [
        "東名秦野",
        "猪分",
        "原(足柄上郡中井町)",
        "上井ノ口",
        "井ノ口小学校前",
        "上ノ原(足柄上郡中井町)",
        "才戸",
        "藤沢",
        "中井中学校前",
        "中井町役場入口"
    ],
    "weekday": [
        "7:02",
        "7:17",
        "8:04",
        "8:51",
        "9:26",
        "9:56",
        "10:23",
        "10:52",
        "11:24",
        "11:52",
        "12:56",
        "13:25",
        "13:57",
        "14:57",
        "15:26",
        "15:57",
        "16:26",
        "16:52",
        "17:32",
        "17:56",
        "18:56",
        "19:56",
        "21:00"
    ],
    "saturday": [
        "7:36",
        "8:36",
        "9:36",
        "10:39",
        "11:39",
        "12:39",
        "13:39",
        "14:39",
        "15:39",
        "16:40",
        "17:49",
        "18:49"
    ],
    "holiday": [
        "7:36",
        "8:36",
        "9:36",
        "10:39",
        "11:39",
        "12:39",
        "13:39",
        "14:39",
        "15:39",
        "16:40",
        "17:49",
        "18:49"
    ],
    "url": "https://www.kanachu.co.jp/dia/diagram/timetable01_js/course:0000801575-6/node:00127774/kt:0/lname:/"
}
