{
    "date": "2025/07/27",
    "name": "上ノ原(足柄上郡中井町)",
    "position": "-",
    "system": "秦92",
    "destinations": [
        "才戸",
        "藤沢",
        "中井中学校前",
        "中井町役場入口"
    ],
    "weekday": [
        "7:09",
        "7:24",
        "8:12",
        "8:59",
        "9:34",
        "10:04",
        "10:31",
        "11:00",
        "11:32",
        "12:00",
        "13:04",
        "13:33",
        "14:05",
        "15:05",
        "15:34",
        "16:05",
        "16:34",
        "17:00",
        "17:40",
        "18:04",
        "19:04",
        "20:03",
        "21:07"
    ],
    "saturday": [
        "7:43",
        "8:43",
        "9:43",
        "10:46",
        "11:46",
        "12:46",
        "13:46",
        "14:46",
        "15:46",
        "16:47",
        "17:56",
        "18:56"
    ],
    "holiday": [
        "7:43",
        "8:43",
        "9:43",
        "10:46",
        "11:46",
        "12:46",
        "13:46",
        "14:46",
        "15:46",
        "16:47",
        "17:56",
        "18:56"
    ],
    "url": "https://www.kanachu.co.jp/dia/diagram/timetable01_js/course:0000801575-12/node:00127947/kt:0/lname:/"
}
