{
    "date": "2024/09/02",
    "name": "富士橋",
    "position": "-",
    "system": "戸12",
    "destinations": [
        "不動坂(横浜市戸塚区)",
        "ブリヂストン前",
        "元町(横浜市戸塚区)",
        "戸塚駅西口",
        "戸塚バスセンター"
    ],
    "weekday": [
        "6:32",
        "7:14",
        "7:40",
        "7:56",
        "8:15",
        "8:54",
        "9:39",
        "10:15",
        "11:03",
        "11:39",
        "12:15",
        "13:15",
        "14:15",
        "15:15",
        "16:12",
        "17:15",
        "17:42",
        "18:09",
        "18:39",
        "19:13",
        "20:01",
        "20:32",
        "21:57"
    ],
    "saturday": [
        "8:02",
        "9:00",
        "10:00",
        "11:02",
        "12:02",
        "13:02",
        "14:02",
        "15:03",
        "16:01",
        "16:42",
        "17:40",
        "18:39",
        "19:07",
        "19:39"
    ],
    "holiday": [
        "8:02",
        "9:02",
        "10:00",
        "11:02",
        "12:05",
        "13:05",
        "14:06",
        "15:04",
        "16:04",
        "16:40",
        "17:40",
        "18:39",
        "19:21",
        "20:01"
    ],
    "url": "https://www.kanachu.co.jp/dia/diagram/timetable01_js/course:0000803576-12/node:00126668/kt:0/lname:/"
}
