{
    "date": "2024/09/02",
    "name": "不動坂(横浜市戸塚区)",
    "position": "-",
    "system": "戸12",
    "destinations": [
        "ブリヂストン前",
        "元町(横浜市戸塚区)",
        "戸塚駅西口",
        "戸塚バスセンター"
    ],
    "weekday": [
        "6:35",
        "7:17",
        "7:43",
        "7:59",
        "8:18",
        "8:57",
        "9:42",
        "10:18",
        "11:06",
        "11:42",
        "12:18",
        "13:18",
        "14:18",
        "15:18",
        "16:15",
        "17:18",
        "17:45",
        "18:12",
        "18:42",
        "19:16",
        "20:04",
        "20:35",
        "22:00"
    ],
    "saturday": [
        "8:05",
        "9:03",
        "10:03",
        "11:05",
        "12:05",
        "13:05",
        "14:05",
        "15:06",
        "16:04",
        "16:45",
        "17:43",
        "18:42",
        "19:10",
        "19:42"
    ],
    "holiday": [
        "8:05",
        "9:05",
        "10:03",
        "11:05",
        "12:08",
        "13:08",
        "14:09",
        "15:07",
        "16:07",
        "16:43",
        "17:43",
        "18:42",
        "19:24",
        "20:03"
    ],
    "url": "https://www.kanachu.co.jp/dia/diagram/timetable01_js/course:0000803576-13/node:00126613/kt:0/lname:/"
}
