{
    "date": "2026/01/16",
    "name": "団地南(伊勢原市)",
    "position": "-",
    "system": "伊01",
    "destinations": [
        "関台",
        "谷戸大竹",
        "竹園小学校入口",
        "竹園小学校前",
        "御岳",
        "岡崎福祉館前",
        "馬渡(伊勢原市)",
        "団地下大竹",
        "団地南口(伊勢原市)",
        "ひかり幼稚園前",
        "千津",
        "伊勢原駅南口"
    ],
    "weekday": [
        "10:08",
        "11:08",
        "12:08",
        "14:08",
        "15:08",
        "16:08",
        "17:03",
        "18:03"
    ],
    "saturday": [],
    "holiday": [],
    "url": "https://www.kanachu.co.jp/dia/diagram/timetable01_js/course:0000804107-4/node:00128138/kt:0/lname:/"
}
