{
    "date": "2026/01/16",
    "name": "谷戸大竹",
    "position": "-",
    "system": "伊01",
    "destinations": [
        "竹園小学校入口",
        "竹園小学校前",
        "御岳",
        "岡崎福祉館前",
        "馬渡(伊勢原市)",
        "団地下大竹",
        "団地南口(伊勢原市)",
        "ひかり幼稚園前",
        "千津",
        "伊勢原駅南口"
    ],
    "weekday": [
        "10:10",
        "11:10",
        "12:10",
        "14:10",
        "15:10",
        "16:10",
        "17:05",
        "18:05"
    ],
    "saturday": [],
    "holiday": [],
    "url": "https://www.kanachu.co.jp/dia/diagram/timetable01_js/course:0000804107-6/node:00128093/kt:0/lname:/"
}
