{
    "date": "2025/03/15",
    "name": "滝の沢小学校前",
    "position": "-",
    "system": "辻29",
    "destinations": [
        "南大平",
        "堤羽根沢",
        "湘南カントリークラブ前",
        "羽根沢",
        "大庭小学校",
        "小糸",
        "南センター前(藤沢市)",
        "西高校前(藤沢市)",
        "有藤",
        "大庭隧道",
        "城南一丁目",
        "羽鳥一丁目",
        "神台公園前",
        "辻堂駅北口"
    ],
    "weekday": [
        "5:42",
        "5:54",
        "6:08",
        "6:30",
        "6:41",
        "6:56",
        "7:04",
        "7:12",
        "7:27",
        "7:37",
        "7:47",
        "8:00",
        "8:40",
        "9:00",
        "9:20",
        "9:50",
        "10:20",
        "10:50",
        "11:20",
        "11:50",
        "12:20",
        "12:50",
        "13:20",
        "13:50",
        "14:20",
        "14:50",
        "15:20",
        "15:50",
        "16:20",
        "16:50",
        "17:20",
        "17:47",
        "18:20",
        "18:45",
        "19:08",
        "19:25",
        "19:53",
        "20:12",
        "20:55",
        "21:10",
        "22:10",
        "23:07"
    ],
    "saturday": [],
    "holiday": [],
    "url": "https://www.kanachu.co.jp/dia/diagram/timetable01_js/course:0000800708-3/node:00129965/kt:0/lname:/"
}
