{
    "date": "2025/03/15",
    "name": "南大平",
    "position": "-",
    "system": "辻29",
    "destinations": [
        "堤羽根沢",
        "湘南カントリークラブ前",
        "羽根沢",
        "大庭小学校",
        "小糸",
        "南センター前(藤沢市)",
        "西高校前(藤沢市)",
        "有藤",
        "大庭隧道",
        "城南一丁目",
        "羽鳥一丁目",
        "神台公園前",
        "辻堂駅北口"
    ],
    "weekday": [
        "5:43",
        "5:55",
        "6:09",
        "6:31",
        "6:42",
        "6:57",
        "7:05",
        "7:13",
        "7:28",
        "7:38",
        "7:48",
        "8:01",
        "8:41",
        "9:01",
        "9:21",
        "9:51",
        "10:21",
        "10:51",
        "11:21",
        "11:51",
        "12:21",
        "12:51",
        "13:21",
        "13:51",
        "14:21",
        "14:51",
        "15:21",
        "15:51",
        "16:21",
        "16:51",
        "17:21",
        "17:48",
        "18:21",
        "18:46",
        "19:09",
        "19:26",
        "19:54",
        "20:13",
        "20:56",
        "21:11",
        "22:11",
        "23:08"
    ],
    "saturday": [],
    "holiday": [],
    "url": "https://www.kanachu.co.jp/dia/diagram/timetable01_js/course:0000800708-4/node:00129964/kt:0/lname:/"
}
