{
    "date": "2025/11/16",
    "name": "岡田(厚木市)",
    "position": "-",
    "system": "厚11",
    "destinations": [
        "岡田一本杉",
        "富士見町(厚木市)",
        "下宿(厚木市)",
        "旭町(厚木市)",
        "本厚木駅南口"
    ],
    "weekday": [
        "10:39",
        "11:39",
        "12:39",
        "13:39",
        "14:39",
        "15:39",
        "16:34",
        "17:36",
        "18:36",
        "19:36",
        "20:35"
    ],
    "saturday": [],
    "holiday": [],
    "url": "https://www.kanachu.co.jp/dia/diagram/timetable01_js/course:0000803320-12/node:00128641/kt:0/lname:/"
}
