{
    "system": "厚11",
    "busstops": [
        {
            "index": "1",
            "id": "00130528",
            "name": "ツインシティ大神",
            "lat": "35.392916",
            "lng": "139.367325"
        },
        {
            "index": "2",
            "id": "00128631",
            "name": "大神(平塚市)",
            "lat": "35.392571",
            "lng": "139.370036"
        },
        {
            "index": "3",
            "id": "00128630",
            "name": "下戸田(厚木市)",
            "lat": "35.396503",
            "lng": "139.370435"
        },
        {
            "index": "4",
            "id": "00128629",
            "name": "中戸田",
            "lat": "35.401074",
            "lng": "139.367025"
        },
        {
            "index": "5",
            "id": "00128628",
            "name": "戸田(厚木市)",
            "lat": "35.404195",
            "lng": "139.366688"
        },
        {
            "index": "6",
            "id": "00128627",
            "name": "相川中学校前",
            "lat": "35.406843",
            "lng": "139.366517"
        },
        {
            "index": "7",
            "id": "00128639",
            "name": "愛坪",
            "lat": "35.40974",
            "lng": "139.364458"
        },
        {
            "index": "8",
            "id": "00128626",
            "name": "下酒井",
            "lat": "35.412708",
            "lng": "139.364621"
        },
        {
            "index": "9",
            "id": "00128328",
            "name": "酒井(厚木市)",
            "lat": "35.416565",
            "lng": "139.365335"
        },
        {
            "index": "10",
            "id": "00127685",
            "name": "リバーサイド前(厚木市)",
            "lat": "35.418172",
            "lng": "139.365474"
        },
        {
            "index": "11",
            "id": "00128640",
            "name": "下岡田(厚木市)",
            "lat": "35.419961",
            "lng": "139.365944"
        },
        {
            "index": "12",
            "id": "00128641",
            "name": "岡田(厚木市)",
            "lat": "35.424971",
            "lng": "139.368763"
        },
        {
            "index": "13",
            "id": "00128642",
            "name": "岡田一本杉",
            "lat": "35.42891",
            "lng": "139.369124"
        },
        {
            "index": "14",
            "id": "00128643",
            "name": "富士見町(厚木市)",
            "lat": "35.431604",
            "lng": "139.36784"
        },
        {
            "index": "15",
            "id": "00128635",
            "name": "下宿(厚木市)",
            "lat": "35.434525",
            "lng": "139.367544"
        },
        {
            "index": "16",
            "id": "00128636",
            "name": "旭町(厚木市)",
            "lat": "35.437729",
            "lng": "139.370146"
        },
        {
            "index": "17",
            "id": "00128637",
            "name": "本厚木駅南口",
            "lat": "35.439159",
            "lng": "139.36474"
        }
    ],
    "route_url": "https://www.kanachu.co.jp/dia/route/index/cid:0000803320/"
}
