{
    "date": "2025/04/01",
    "name": "森野六丁目",
    "position": "-",
    "system": "町78",
    "destinations": [
        "桧台入口",
        "木曽都営入口",
        "境川団地入口",
        "境川団地中央",
        "境川団地",
        "横町(町田市)",
        "木曽南団地",
        "町田総合高校前",
        "上の原(町田市)",
        "忠生",
        "JA忠生支店前",
        "忠生三丁目",
        "馬駈",
        "図師大橋",
        "図師",
        "並木(町田市)",
        "神学校(町田市)",
        "野津田車庫"
    ],
    "weekday": [
        "8:49",
        "9:46",
        "10:46",
        "11:46",
        "12:46",
        "13:46",
        "14:46",
        "15:46",
        "16:54",
        "18:48",
        "21:16",
        "22:49"
    ],
    "saturday": [
        "9:44",
        "10:42",
        "11:42",
        "12:46",
        "13:46",
        "14:44",
        "15:44",
        "16:46",
        "17:44",
        "18:44",
        "19:40",
        "20:24",
        "21:04",
        "22:49"
    ],
    "holiday": [
        "9:49",
        "10:49",
        "11:49",
        "12:49",
        "13:49",
        "14:49",
        "15:49",
        "16:49",
        "17:49",
        "18:49",
        "19:54",
        "20:24",
        "21:09"
    ],
    "url": "https://www.kanachu.co.jp/dia/diagram/timetable01_js/course:0000800826-5/node:00129377/kt:0/lname:/"
}
