{
    "date": "2025/04/01",
    "name": "境川団地中央",
    "position": "-",
    "system": "町78",
    "destinations": [
        "境川団地",
        "横町(町田市)",
        "木曽南団地",
        "町田総合高校前",
        "上の原(町田市)",
        "忠生",
        "JA忠生支店前",
        "忠生三丁目",
        "馬駈",
        "図師大橋",
        "図師",
        "並木(町田市)",
        "神学校(町田市)",
        "野津田車庫"
    ],
    "weekday": [
        "8:53",
        "9:51",
        "10:51",
        "11:51",
        "12:51",
        "13:51",
        "14:51",
        "15:51",
        "16:59",
        "18:53",
        "21:19",
        "22:52"
    ],
    "saturday": [
        "9:47",
        "10:45",
        "11:47",
        "12:51",
        "13:51",
        "14:49",
        "15:49",
        "16:51",
        "17:49",
        "18:49",
        "19:43",
        "20:27",
        "21:07",
        "22:52"
    ],
    "holiday": [
        "9:52",
        "10:52",
        "11:54",
        "12:54",
        "13:54",
        "14:54",
        "15:54",
        "16:54",
        "17:54",
        "18:54",
        "19:57",
        "20:27",
        "21:12"
    ],
    "url": "https://www.kanachu.co.jp/dia/diagram/timetable01_js/course:0000800826-9/node:00129381/kt:0/lname:/"
}
