{
    "date": "2025/04/01",
    "name": "忠生三丁目",
    "position": "",
    "system": "町78",
    "destinations": [
        "馬駈",
        "図師大橋",
        "図師",
        "並木(町田市)",
        "神学校(町田市)",
        "野津田車庫"
    ],
    "weekday": [
        "9:03",
        "10:01",
        "11:01",
        "12:01",
        "13:01",
        "14:01",
        "15:01",
        "16:01",
        "17:09",
        "19:03",
        "21:28",
        "23:01"
    ],
    "saturday": [
        "9:57",
        "10:55",
        "11:57",
        "13:01",
        "14:01",
        "14:59",
        "15:59",
        "17:01",
        "17:59",
        "18:59",
        "19:52",
        "20:36",
        "21:16",
        "23:01"
    ],
    "holiday": [
        "10:02",
        "11:02",
        "12:04",
        "13:04",
        "14:04",
        "15:04",
        "16:04",
        "17:04",
        "18:04",
        "19:04",
        "20:06",
        "20:36",
        "21:21"
    ],
    "url": "https://www.kanachu.co.jp/dia/diagram/timetable01_js/course:0000800826-17/node:00129396/kt:0/lname:/"
}
