{
    "date": "2025/04/01",
    "name": "並木(町田市)",
    "position": "",
    "system": "町78",
    "destinations": [
        "神学校(町田市)",
        "野津田車庫"
    ],
    "weekday": [
        "9:09",
        "10:07",
        "11:07",
        "12:07",
        "13:07",
        "14:07",
        "15:08",
        "16:08",
        "17:16",
        "19:10",
        "21:34",
        "23:07"
    ],
    "saturday": [
        "10:03",
        "11:01",
        "12:03",
        "13:07",
        "14:08",
        "15:06",
        "16:06",
        "17:08",
        "18:06",
        "19:06",
        "19:58",
        "20:42",
        "21:22",
        "23:07"
    ],
    "holiday": [
        "10:08",
        "11:09",
        "12:11",
        "13:11",
        "14:11",
        "15:11",
        "16:11",
        "17:11",
        "18:11",
        "19:10",
        "20:12",
        "20:42",
        "21:27"
    ],
    "url": "https://www.kanachu.co.jp/dia/diagram/timetable01_js/course:0000800826-21/node:00129371/kt:0/lname:/"
}
