{
    "date": "2025/04/01",
    "name": "神学校(町田市)",
    "position": "",
    "system": "町78",
    "destinations": [
        "野津田車庫"
    ],
    "weekday": [
        "9:11",
        "10:09",
        "11:09",
        "12:09",
        "13:09",
        "14:09",
        "15:10",
        "16:10",
        "17:18",
        "19:11",
        "21:35",
        "23:08"
    ],
    "saturday": [
        "10:04",
        "11:03",
        "12:05",
        "13:09",
        "14:10",
        "15:08",
        "16:08",
        "17:10",
        "18:08",
        "19:07",
        "19:59",
        "20:43",
        "21:23",
        "23:08"
    ],
    "holiday": [
        "10:09",
        "11:11",
        "12:13",
        "13:13",
        "14:13",
        "15:13",
        "16:13",
        "17:13",
        "18:13",
        "19:12",
        "20:13",
        "20:43",
        "21:28"
    ],
    "url": "https://www.kanachu.co.jp/dia/diagram/timetable01_js/course:0000800826-22/node:00129372/kt:0/lname:/"
}
