{
    "date": "2026/01/16",
    "name": "堂面(中郡二宮町)",
    "position": "-",
    "system": "二38",
    "destinations": [
        "元町(中郡二宮町)",
        "二宮駅北口"
    ],
    "weekday": [
        "8:24",
        "9:04",
        "9:43",
        "10:38",
        "11:33",
        "12:33",
        "13:33",
        "14:33",
        "15:29",
        "16:13",
        "16:58",
        "17:43",
        "18:21"
    ],
    "saturday": [
        "9:25",
        "10:18",
        "11:48",
        "12:25",
        "13:18",
        "14:48",
        "15:25",
        "16:18",
        "17:50"
    ],
    "holiday": [
        "9:25",
        "10:18",
        "11:48",
        "12:25",
        "13:18",
        "14:48",
        "15:25",
        "16:18",
        "17:50"
    ],
    "url": "https://www.kanachu.co.jp/dia/diagram/timetable01_js/course:0000804007-9/node:00127790/kt:0/lname:/"
}
