{
    "date": "2023/02/18",
    "name": "聖木",
    "position": "-",
    "system": "愛17",
    "destinations": [
        "籠堰橋",
        "広町橋",
        "小野宮前",
        "小野橋(厚木市)",
        "榎田",
        "若宮橋(厚木市)",
        "通信研究所前(厚木市)",
        "日産先進技術開発センター",
        "日産先進技術開発センター前",
        "森の里青山",
        "厚木西高校",
        "森の里四丁目",
        "森の里五丁目",
        "森の里"
    ],
    "weekday": [
        "6:56",
        "7:09",
        "7:19",
        "7:32",
        "7:41",
        "7:53",
        "8:08",
        "8:21",
        "8:33",
        "8:44",
        "8:55",
        "9:24",
        "9:44",
        "10:04",
        "10:33",
        "11:03",
        "11:33",
        "12:03"
    ],
    "saturday": [],
    "holiday": [],
    "url": "https://www.kanachu.co.jp/dia/diagram/timetable01_js/course:0000801460-7/node:00128524/kt:0/lname:/"
}
