{
    "date": "2023/02/18",
    "name": "榎田",
    "position": "-",
    "system": "愛17",
    "destinations": [
        "若宮橋(厚木市)",
        "通信研究所前(厚木市)",
        "日産先進技術開発センター",
        "日産先進技術開発センター前",
        "森の里青山",
        "厚木西高校",
        "森の里四丁目",
        "森の里五丁目",
        "森の里"
    ],
    "weekday": [
        "7:03",
        "7:16",
        "7:26",
        "7:39",
        "7:48",
        "8:00",
        "8:15",
        "8:28",
        "8:39",
        "8:50",
        "9:01",
        "9:30",
        "9:50",
        "10:10",
        "10:39",
        "11:09",
        "11:39",
        "12:09"
    ],
    "saturday": [],
    "holiday": [],
    "url": "https://www.kanachu.co.jp/dia/diagram/timetable01_js/course:0000801460-12/node:00128517/kt:0/lname:/"
}
