{
    "date": "2023/02/18",
    "name": "日産先進技術開発センター",
    "position": "-",
    "system": "愛17",
    "destinations": [
        "日産先進技術開発センター前",
        "森の里青山",
        "厚木西高校",
        "森の里四丁目",
        "森の里五丁目",
        "森の里"
    ],
    "weekday": [
        "7:08",
        "7:21",
        "7:31",
        "7:45",
        "7:54",
        "8:06",
        "8:21",
        "8:33",
        "8:42",
        "8:53",
        "9:04",
        "9:33",
        "9:53",
        "10:13",
        "10:42",
        "11:12",
        "11:42",
        "12:12"
    ],
    "saturday": [],
    "holiday": [],
    "url": "https://www.kanachu.co.jp/dia/diagram/timetable01_js/course:0000801460-15/node:00128252/kt:0/lname:/"
}
