{
    "date": "2023/02/18",
    "name": "日産先進技術開発センター前",
    "position": "-",
    "system": "愛17",
    "destinations": [
        "森の里青山",
        "厚木西高校",
        "森の里四丁目",
        "森の里五丁目",
        "森の里"
    ],
    "weekday": [
        "7:09",
        "7:22",
        "7:32",
        "7:46",
        "7:55",
        "8:07",
        "8:22",
        "8:34",
        "8:43",
        "8:54",
        "9:05",
        "9:34",
        "9:54",
        "10:14",
        "10:43",
        "11:13",
        "11:43",
        "12:13"
    ],
    "saturday": [],
    "holiday": [],
    "url": "https://www.kanachu.co.jp/dia/diagram/timetable01_js/course:0000801460-16/node:00128519/kt:0/lname:/"
}
