{
    "date": "2023/02/18",
    "name": "森の里青山",
    "position": "-",
    "system": "愛17",
    "destinations": [
        "厚木西高校",
        "森の里四丁目",
        "森の里五丁目",
        "森の里"
    ],
    "weekday": [
        "7:10",
        "7:23",
        "7:33",
        "7:47",
        "7:56",
        "8:08",
        "8:23",
        "8:35",
        "8:44",
        "8:55",
        "9:06",
        "9:35",
        "9:55",
        "10:15",
        "10:44",
        "11:14",
        "11:44",
        "12:14"
    ],
    "saturday": [],
    "holiday": [],
    "url": "https://www.kanachu.co.jp/dia/diagram/timetable01_js/course:0000801460-17/node:00128644/kt:0/lname:/"
}
