{
    "date": "2023/02/18",
    "name": "厚木西高校",
    "position": "-",
    "system": "愛17",
    "destinations": [
        "森の里四丁目",
        "森の里五丁目",
        "森の里"
    ],
    "weekday": [
        "7:11",
        "7:24",
        "7:34",
        "7:48",
        "7:57",
        "8:09",
        "8:24",
        "8:36",
        "8:45",
        "8:56",
        "9:07",
        "9:36",
        "9:56",
        "10:16",
        "10:45",
        "11:15",
        "11:45",
        "12:15"
    ],
    "saturday": [],
    "holiday": [],
    "url": "https://www.kanachu.co.jp/dia/diagram/timetable01_js/course:0000801460-18/node:00128663/kt:0/lname:/"
}
