{
    "date": "2025/11/16",
    "name": "大磯小学校前",
    "position": "-",
    "system": "磯07",
    "destinations": [
        "統監道",
        "白岩大門",
        "八坂神社(中郡大磯町)",
        "城山公園前(中郡大磯町)",
        "中丸(中郡大磯町)",
        "大磯プリンスホテル入口",
        "大磯プリンスホテル"
    ],
    "weekday": [],
    "saturday": [
        "11:11",
        "12:13",
        "13:21",
        "14:13",
        "15:13",
        "16:06",
        "16:46"
    ],
    "holiday": [
        "11:11",
        "12:13",
        "13:21",
        "14:13",
        "15:13",
        "16:06",
        "16:46"
    ],
    "url": "https://www.kanachu.co.jp/dia/diagram/timetable01_js/course:0000802881-2/node:00127456/kt:0/lname:/"
}
