{
    "date": "2025/11/16",
    "name": "城山公園前(中郡大磯町)",
    "position": "-",
    "system": "磯07",
    "destinations": [
        "中丸(中郡大磯町)",
        "大磯プリンスホテル入口",
        "大磯プリンスホテル"
    ],
    "weekday": [],
    "saturday": [
        "11:16",
        "12:18",
        "13:26",
        "14:18",
        "15:18",
        "16:11",
        "16:51"
    ],
    "holiday": [
        "11:16",
        "12:18",
        "13:26",
        "14:18",
        "15:18",
        "16:11",
        "16:51"
    ],
    "url": "https://www.kanachu.co.jp/dia/diagram/timetable01_js/course:0000802881-6/node:00127687/kt:0/lname:/"
}
