{
    "date": "2025/11/16",
    "name": "中丸(中郡大磯町)",
    "position": "-",
    "system": "磯07",
    "destinations": [
        "大磯プリンスホテル入口",
        "大磯プリンスホテル"
    ],
    "weekday": [],
    "saturday": [
        "11:17",
        "12:19",
        "13:27",
        "14:19",
        "15:19",
        "16:12",
        "16:52"
    ],
    "holiday": [
        "11:17",
        "12:19",
        "13:27",
        "14:19",
        "15:19",
        "16:12",
        "16:52"
    ],
    "url": "https://www.kanachu.co.jp/dia/diagram/timetable01_js/course:0000802881-7/node:00127481/kt:0/lname:/"
}
