{
    "date": "2025/04/19",
    "name": "田名坂上",
    "position": "-",
    "system": "淵53",
    "destinations": [
        "田名バスターミナル",
        "四ツ谷(相模原市中央区)",
        "田名工業団地入口",
        "石橋(相模原市中央区)",
        "鳩川住宅前",
        "上溝高校入口",
        "上溝中央",
        "上溝",
        "横山坂上",
        "星が丘(相模原市中央区)",
        "千代田(相模原市中央区)",
        "栄公園前",
        "弥栄(相模原市中央区)",
        "淵野辺十字路",
        "淵野辺駅入口",
        "淵野辺駅南口"
    ],
    "weekday": [
        "5:44",
        "6:04",
        "6:24",
        "7:24"
    ],
    "saturday": [
        "5:44",
        "6:24"
    ],
    "holiday": [
        "6:14"
    ],
    "url": "https://www.kanachu.co.jp/dia/diagram/timetable01_js/course:0000802407-3/node:00129182/kt:0/lname:/"
}
