{
    "date": "2025/04/19",
    "name": "栄公園前",
    "position": "-",
    "system": "淵53",
    "destinations": [
        "弥栄(相模原市中央区)",
        "淵野辺十字路",
        "淵野辺駅入口",
        "淵野辺駅南口"
    ],
    "weekday": [
        "6:10",
        "6:30",
        "6:50",
        "7:53"
    ],
    "saturday": [
        "6:10",
        "6:50"
    ],
    "holiday": [
        "6:40"
    ],
    "url": "https://www.kanachu.co.jp/dia/diagram/timetable01_js/course:0000802407-15/node:00129143/kt:0/lname:/"
}
