{
    "date": "2025/11/16",
    "name": "片町十字路",
    "position": "-",
    "system": "伊13",
    "destinations": [
        "片町(伊勢原市)",
        "峰岸",
        "市光前",
        "〆引",
        "道灌塚前",
        "山王原(伊勢原市)",
        "石倉橋",
        "石倉(伊勢原市)",
        "御伊勢の森",
        "産業能率大学"
    ],
    "weekday": [
        "8:17",
        "8:23",
        "8:29",
        "8:35",
        "8:39",
        "8:43",
        "10:11",
        "10:19",
        "10:27",
        "10:30",
        "10:33",
        "10:36",
        "10:39",
        "12:23",
        "12:38",
        "12:53",
        "13:38",
        "14:33",
        "14:43"
    ],
    "saturday": [],
    "holiday": [],
    "url": "https://www.kanachu.co.jp/dia/diagram/timetable01_js/course:0000800943-4/node:00128143/kt:0/lname:/"
}
