{
    "date": "2025/11/16",
    "name": "石倉橋",
    "position": "-",
    "system": "伊13",
    "destinations": [
        "石倉(伊勢原市)",
        "御伊勢の森",
        "産業能率大学"
    ],
    "weekday": [
        "8:23",
        "8:29",
        "8:35",
        "8:41",
        "8:45",
        "8:49",
        "10:17",
        "10:25",
        "10:33",
        "10:36",
        "10:39",
        "10:42",
        "10:45",
        "12:29",
        "12:44",
        "12:59",
        "13:44",
        "14:39",
        "14:49"
    ],
    "saturday": [],
    "holiday": [],
    "url": "https://www.kanachu.co.jp/dia/diagram/timetable01_js/course:0000800943-11/node:00128150/kt:0/lname:/"
}
