{
  "date": "2025/04/01",
  "name": "境川団地",
  "position": "-",
  "system": "町15",
  "destinations": [
    "上横町",
    "木曽入口",
    "山崎団地入口",
    "山崎団地センター",
    "給水塔前(山崎団地/町田市)",
    "北一号(町田市)",
    "北二号(町田市)",
    "山崎団地"
  ],
  "weekday": [
    "9:30",
    "10:30",
    "11:30",
    "12:24"
  ],
  "saturday": [],
  "holiday": [],
  "url": "https://www.kanachu.co.jp/dia/diagram/timetable01_js/course:0000802965-12/node:00129382/kt:0/lname:/"
}