{
    "date": "2025/01/14",
    "name": "依知小学校前",
    "position": "-",
    "system": "海09",
    "destinations": [
        "中平(厚木市)",
        "中荻原",
        "六本松(厚木市)",
        "坂本入口",
        "桜台(愛甲郡愛川町)",
        "運輸支局入口(愛甲郡愛川町)",
        "一本松(愛甲郡愛川町)",
        "局前(愛甲郡愛川町)",
        "中津(愛甲郡愛川町)",
        "東中学校前(愛甲郡愛川町)",
        "箕輪(愛甲郡愛川町)",
        "愛川町役場",
        "愛川バスセンター"
    ],
    "weekday": [
        "6:48",
        "7:14",
        "7:44",
        "8:25",
        "9:23",
        "10:18",
        "11:18",
        "12:18",
        "13:18",
        "14:18",
        "15:18",
        "16:18",
        "17:24",
        "18:24",
        "19:24",
        "20:20",
        "21:20",
        "22:10",
        "23:11"
    ],
    "saturday": [
        "7:11",
        "7:51",
        "8:41",
        "9:41",
        "10:42",
        "11:42",
        "12:42",
        "13:42",
        "14:42",
        "15:42",
        "16:43",
        "17:43",
        "18:40",
        "19:39",
        "20:44",
        "21:46",
        "22:56"
    ],
    "holiday": [
        "7:39",
        "8:39",
        "9:39",
        "10:40",
        "11:40",
        "12:40",
        "13:40",
        "14:40",
        "15:40",
        "16:40",
        "17:40",
        "18:40",
        "19:39",
        "20:49"
    ],
    "url": "https://www.kanachu.co.jp/dia/diagram/timetable01_js/course:0000802149-10/node:00128353/kt:0/lname:/"
}
