{
    "date": "2025/01/14",
    "name": "一本松(愛甲郡愛川町)",
    "position": "-",
    "system": "海09",
    "destinations": [
        "局前(愛甲郡愛川町)",
        "中津(愛甲郡愛川町)",
        "東中学校前(愛甲郡愛川町)",
        "箕輪(愛甲郡愛川町)",
        "愛川町役場",
        "愛川バスセンター"
    ],
    "weekday": [
        "6:58",
        "7:25",
        "7:57",
        "8:37",
        "9:34",
        "10:29",
        "11:29",
        "12:29",
        "13:29",
        "14:29",
        "15:29",
        "16:29",
        "17:35",
        "18:35",
        "19:35",
        "20:30",
        "21:30",
        "22:20",
        "23:21"
    ],
    "saturday": [
        "7:22",
        "8:02",
        "8:52",
        "9:52",
        "10:53",
        "11:53",
        "12:53",
        "13:53",
        "14:53",
        "15:53",
        "16:54",
        "17:54",
        "18:50",
        "19:49",
        "20:54",
        "21:56",
        "23:06"
    ],
    "holiday": [
        "7:49",
        "8:49",
        "9:49",
        "10:51",
        "11:51",
        "12:51",
        "13:51",
        "14:51",
        "15:51",
        "16:51",
        "17:51",
        "18:50",
        "19:49",
        "20:59"
    ],
    "url": "https://www.kanachu.co.jp/dia/diagram/timetable01_js/course:0000802149-17/node:00128322/kt:0/lname:/"
}
