{
    "date": "2025/01/14",
    "name": "局前(愛甲郡愛川町)",
    "position": "-",
    "system": "海09",
    "destinations": [
        "中津(愛甲郡愛川町)",
        "東中学校前(愛甲郡愛川町)",
        "箕輪(愛甲郡愛川町)",
        "愛川町役場",
        "愛川バスセンター"
    ],
    "weekday": [
        "6:59",
        "7:26",
        "7:58",
        "8:38",
        "9:35",
        "10:30",
        "11:30",
        "12:30",
        "13:30",
        "14:30",
        "15:30",
        "16:30",
        "17:36",
        "18:36",
        "19:36",
        "20:31",
        "21:31",
        "22:21",
        "23:22"
    ],
    "saturday": [
        "7:23",
        "8:03",
        "8:53",
        "9:53",
        "10:54",
        "11:54",
        "12:54",
        "13:54",
        "14:54",
        "15:54",
        "16:55",
        "17:55",
        "18:51",
        "19:50",
        "20:55",
        "21:57",
        "23:07"
    ],
    "holiday": [
        "7:50",
        "8:50",
        "9:50",
        "10:52",
        "11:52",
        "12:52",
        "13:52",
        "14:52",
        "15:52",
        "16:52",
        "17:52",
        "18:51",
        "19:50",
        "21:00"
    ],
    "url": "https://www.kanachu.co.jp/dia/diagram/timetable01_js/course:0000802149-18/node:00128323/kt:0/lname:/"
}
