{
    "date": "2025/01/14",
    "name": "箕輪(愛甲郡愛川町)",
    "position": "-",
    "system": "海09",
    "destinations": [
        "愛川町役場",
        "愛川バスセンター"
    ],
    "weekday": [
        "7:03",
        "7:30",
        "8:02",
        "8:41",
        "9:38",
        "10:33",
        "11:33",
        "12:33",
        "13:33",
        "14:33",
        "15:33",
        "16:33",
        "17:39",
        "18:39",
        "19:39",
        "20:34",
        "21:34",
        "22:24",
        "23:25"
    ],
    "saturday": [
        "7:26",
        "8:06",
        "8:56",
        "9:56",
        "10:57",
        "11:57",
        "12:57",
        "13:57",
        "14:57",
        "15:57",
        "16:58",
        "17:58",
        "18:54",
        "19:53",
        "20:58",
        "22:00",
        "23:10"
    ],
    "holiday": [
        "7:53",
        "8:53",
        "9:53",
        "10:55",
        "11:55",
        "12:55",
        "13:55",
        "14:55",
        "15:55",
        "16:55",
        "17:55",
        "18:54",
        "19:53",
        "21:03"
    ],
    "url": "https://www.kanachu.co.jp/dia/diagram/timetable01_js/course:0000802149-21/node:00128326/kt:0/lname:/"
}
