{
    "date": "2026/01/16",
    "name": "馬入境",
    "position": "-",
    "system": "平09",
    "destinations": [
        "長瀞",
        "馬入ふれあい公園入口",
        "工業団地入口(平塚市)",
        "馬入橋",
        "蔵屋敷",
        "松原(平塚市)",
        "四ツ角(平塚市)",
        "平塚駅北口"
    ],
    "weekday": [
        "9:34",
        "10:14",
        "10:44",
        "11:14",
        "11:44",
        "12:14",
        "12:44",
        "13:14",
        "13:44",
        "14:14",
        "14:44",
        "15:14",
        "15:44",
        "16:14",
        "16:34",
        "16:54",
        "17:11",
        "17:35",
        "17:45",
        "17:55",
        "18:02",
        "18:11",
        "18:29",
        "18:45",
        "18:55",
        "19:09",
        "19:27",
        "19:52",
        "20:27",
        "21:07",
        "22:02"
    ],
    "saturday": [
        "9:52",
        "10:52",
        "11:52",
        "12:52",
        "13:52",
        "14:52",
        "15:52",
        "16:52",
        "17:52",
        "18:52"
    ],
    "holiday": [
        "9:52",
        "10:52",
        "11:52",
        "12:52",
        "13:52",
        "14:52",
        "15:52",
        "16:52",
        "17:27",
        "18:27"
    ],
    "url": "https://www.kanachu.co.jp/dia/diagram/timetable01_js/course:0000804267-22/node:00127681/kt:0/lname:/"
}
