{
    "date": "2025/11/16",
    "name": "金山(伊勢原市)",
    "position": "-",
    "system": "伊06",
    "destinations": [
        "下原公園前",
        "下宿(伊勢原市)",
        "伊勢原駅南口"
    ],
    "weekday": [
        "7:25",
        "8:00",
        "8:30",
        "9:00",
        "9:15",
        "9:30",
        "9:45",
        "10:00",
        "10:15",
        "10:30",
        "10:50",
        "11:10",
        "11:30",
        "11:50",
        "12:10",
        "12:30",
        "12:50",
        "13:30",
        "13:50",
        "14:10",
        "14:30",
        "14:50",
        "15:10",
        "15:30",
        "15:50",
        "16:05",
        "16:20",
        "16:35",
        "16:50",
        "17:05",
        "17:20",
        "17:40",
        "18:00",
        "18:30",
        "19:00",
        "19:30"
    ],
    "saturday": [
        "8:50",
        "9:20",
        "9:50",
        "10:20",
        "10:50",
        "11:20",
        "11:50",
        "12:20",
        "12:50",
        "13:20",
        "13:50",
        "14:20",
        "14:50",
        "15:20",
        "15:50",
        "16:20"
    ],
    "holiday": [
        "8:50",
        "9:50",
        "10:50",
        "11:50",
        "12:50",
        "13:50",
        "14:50",
        "15:50"
    ],
    "url": "https://www.kanachu.co.jp/dia/diagram/timetable01_js/course:0000800452-5/node:00128125/kt:0/lname:/"
}
