{
    "date": "2025/04/19",
    "name": "下之街道",
    "position": "-",
    "system": "田01",
    "destinations": [
        "角田",
        "宮上(愛甲郡愛川町)",
        "角田大橋",
        "下戸倉",
        "戸倉(愛甲郡愛川町)",
        "田代(愛甲郡愛川町)",
        "愛川田代局前",
        "田代坂下",
        "田代坂上",
        "馬渡(愛甲郡愛川町)",
        "深沢尻",
        "愛川橋",
        "原下(愛甲郡愛川町)",
        "学校入口(愛甲郡愛川町)",
        "撚糸組合前",
        "半原"
    ],
    "weekday": [
        "7:21",
        "8:06",
        "8:46",
        "9:21",
        "10:01",
        "10:41",
        "12:01",
        "12:41",
        "14:01",
        "15:21",
        "16:01",
        "16:41",
        "17:21",
        "18:01",
        "18:41",
        "19:21",
        "20:01",
        "20:38",
        "21:50"
    ],
    "saturday": [
        "7:21",
        "8:01",
        "8:41",
        "9:21",
        "10:01",
        "10:41",
        "12:01",
        "12:41",
        "13:21",
        "14:41",
        "15:21",
        "16:01",
        "16:41",
        "17:21",
        "18:01",
        "18:41",
        "19:20",
        "20:00",
        "20:40"
    ],
    "holiday": [
        "7:21",
        "8:01",
        "8:41",
        "9:21",
        "10:01",
        "10:41",
        "12:01",
        "12:41",
        "13:21",
        "14:41",
        "15:21",
        "16:01",
        "16:41",
        "17:21",
        "18:01",
        "18:41",
        "19:20",
        "20:00",
        "20:40"
    ],
    "url": "https://www.kanachu.co.jp/dia/diagram/timetable01_js/course:0000803327-7/node:00129163/kt:0/lname:/"
}
