{
    "date": "2025/04/19",
    "name": "宮上(愛甲郡愛川町)",
    "position": "-",
    "system": "田01",
    "destinations": [
        "角田大橋",
        "下戸倉",
        "戸倉(愛甲郡愛川町)",
        "田代(愛甲郡愛川町)",
        "愛川田代局前",
        "田代坂下",
        "田代坂上",
        "馬渡(愛甲郡愛川町)",
        "深沢尻",
        "愛川橋",
        "原下(愛甲郡愛川町)",
        "学校入口(愛甲郡愛川町)",
        "撚糸組合前",
        "半原"
    ],
    "weekday": [
        "7:23",
        "8:08",
        "8:48",
        "9:23",
        "10:03",
        "10:43",
        "12:03",
        "12:43",
        "14:03",
        "15:23",
        "16:03",
        "16:43",
        "17:23",
        "18:03",
        "18:43",
        "19:23",
        "20:03",
        "20:40",
        "21:52"
    ],
    "saturday": [
        "7:23",
        "8:03",
        "8:43",
        "9:23",
        "10:03",
        "10:43",
        "12:03",
        "12:43",
        "13:23",
        "14:43",
        "15:23",
        "16:03",
        "16:43",
        "17:23",
        "18:03",
        "18:43",
        "19:22",
        "20:02",
        "20:42"
    ],
    "holiday": [
        "7:23",
        "8:03",
        "8:43",
        "9:23",
        "10:03",
        "10:43",
        "12:03",
        "12:43",
        "13:23",
        "14:43",
        "15:23",
        "16:03",
        "16:43",
        "17:23",
        "18:03",
        "18:43",
        "19:22",
        "20:02",
        "20:42"
    ],
    "url": "https://www.kanachu.co.jp/dia/diagram/timetable01_js/course:0000803327-9/node:00129275/kt:0/lname:/"
}
