{
    "date": "2025/04/19",
    "name": "角田大橋",
    "position": "-",
    "system": "田01",
    "destinations": [
        "下戸倉",
        "戸倉(愛甲郡愛川町)",
        "田代(愛甲郡愛川町)",
        "愛川田代局前",
        "田代坂下",
        "田代坂上",
        "馬渡(愛甲郡愛川町)",
        "深沢尻",
        "愛川橋",
        "原下(愛甲郡愛川町)",
        "学校入口(愛甲郡愛川町)",
        "撚糸組合前",
        "半原"
    ],
    "weekday": [
        "7:24",
        "8:09",
        "8:49",
        "9:24",
        "10:04",
        "10:44",
        "12:04",
        "12:44",
        "14:04",
        "15:24",
        "16:04",
        "16:44",
        "17:24",
        "18:04",
        "18:44",
        "19:24",
        "20:04",
        "20:41",
        "21:53"
    ],
    "saturday": [
        "7:24",
        "8:04",
        "8:44",
        "9:24",
        "10:04",
        "10:44",
        "12:04",
        "12:44",
        "13:24",
        "14:44",
        "15:24",
        "16:04",
        "16:44",
        "17:24",
        "18:04",
        "18:44",
        "19:23",
        "20:03",
        "20:43"
    ],
    "holiday": [
        "7:24",
        "8:04",
        "8:44",
        "9:24",
        "10:04",
        "10:44",
        "12:04",
        "12:44",
        "13:24",
        "14:44",
        "15:24",
        "16:04",
        "16:44",
        "17:24",
        "18:04",
        "18:44",
        "19:23",
        "20:03",
        "20:43"
    ],
    "url": "https://www.kanachu.co.jp/dia/diagram/timetable01_js/course:0000803327-10/node:00129170/kt:0/lname:/"
}
