{
    "date": "2025/04/19",
    "name": "下戸倉",
    "position": "-",
    "system": "田01",
    "destinations": [
        "戸倉(愛甲郡愛川町)",
        "田代(愛甲郡愛川町)",
        "愛川田代局前",
        "田代坂下",
        "田代坂上",
        "馬渡(愛甲郡愛川町)",
        "深沢尻",
        "愛川橋",
        "原下(愛甲郡愛川町)",
        "学校入口(愛甲郡愛川町)",
        "撚糸組合前",
        "半原"
    ],
    "weekday": [
        "7:25",
        "8:10",
        "8:50",
        "9:25",
        "10:05",
        "10:45",
        "12:05",
        "12:45",
        "14:05",
        "15:25",
        "16:05",
        "16:45",
        "17:25",
        "18:05",
        "18:45",
        "19:25",
        "20:05",
        "20:42",
        "21:54"
    ],
    "saturday": [
        "7:25",
        "8:05",
        "8:45",
        "9:25",
        "10:05",
        "10:45",
        "12:05",
        "12:45",
        "13:25",
        "14:45",
        "15:25",
        "16:05",
        "16:45",
        "17:25",
        "18:05",
        "18:45",
        "19:24",
        "20:04",
        "20:44"
    ],
    "holiday": [
        "7:25",
        "8:05",
        "8:45",
        "9:25",
        "10:05",
        "10:45",
        "12:05",
        "12:45",
        "13:25",
        "14:45",
        "15:25",
        "16:05",
        "16:45",
        "17:25",
        "18:05",
        "18:45",
        "19:24",
        "20:04",
        "20:44"
    ],
    "url": "https://www.kanachu.co.jp/dia/diagram/timetable01_js/course:0000803327-11/node:00129164/kt:0/lname:/"
}
