{
    "date": "2025/04/19",
    "name": "田代(愛甲郡愛川町)",
    "position": "-",
    "system": "田01",
    "destinations": [
        "愛川田代局前",
        "田代坂下",
        "田代坂上",
        "馬渡(愛甲郡愛川町)",
        "深沢尻",
        "愛川橋",
        "原下(愛甲郡愛川町)",
        "学校入口(愛甲郡愛川町)",
        "撚糸組合前",
        "半原"
    ],
    "weekday": [
        "7:27",
        "8:12",
        "8:52",
        "9:27",
        "10:07",
        "10:47",
        "12:07",
        "12:47",
        "14:07",
        "15:27",
        "16:07",
        "16:47",
        "17:27",
        "18:07",
        "18:47",
        "19:27",
        "20:07",
        "20:44",
        "21:56"
    ],
    "saturday": [
        "7:27",
        "8:07",
        "8:47",
        "9:27",
        "10:07",
        "10:47",
        "12:07",
        "12:47",
        "13:27",
        "14:47",
        "15:27",
        "16:07",
        "16:47",
        "17:27",
        "18:07",
        "18:47",
        "19:26",
        "20:06",
        "20:46"
    ],
    "holiday": [
        "7:27",
        "8:07",
        "8:47",
        "9:27",
        "10:07",
        "10:47",
        "12:07",
        "12:47",
        "13:27",
        "14:47",
        "15:27",
        "16:07",
        "16:47",
        "17:27",
        "18:07",
        "18:47",
        "19:26",
        "20:06",
        "20:46"
    ],
    "url": "https://www.kanachu.co.jp/dia/diagram/timetable01_js/course:0000803327-13/node:00128285/kt:0/lname:/"
}
