{
    "date": "2025/04/19",
    "name": "馬渡(愛甲郡愛川町)",
    "position": "-",
    "system": "田01",
    "destinations": [
        "深沢尻",
        "愛川橋",
        "原下(愛甲郡愛川町)",
        "学校入口(愛甲郡愛川町)",
        "撚糸組合前",
        "半原"
    ],
    "weekday": [
        "7:31",
        "8:16",
        "8:56",
        "9:31",
        "10:11",
        "10:51",
        "12:11",
        "12:51",
        "14:11",
        "15:31",
        "16:11",
        "16:51",
        "17:31",
        "18:11",
        "18:51",
        "19:31",
        "20:11",
        "20:48",
        "22:00"
    ],
    "saturday": [
        "7:31",
        "8:11",
        "8:51",
        "9:31",
        "10:11",
        "10:51",
        "12:11",
        "12:51",
        "13:31",
        "14:51",
        "15:31",
        "16:11",
        "16:51",
        "17:31",
        "18:11",
        "18:51",
        "19:30",
        "20:10",
        "20:50"
    ],
    "holiday": [
        "7:31",
        "8:11",
        "8:51",
        "9:31",
        "10:11",
        "10:51",
        "12:11",
        "12:51",
        "13:31",
        "14:51",
        "15:31",
        "16:11",
        "16:51",
        "17:31",
        "18:11",
        "18:51",
        "19:30",
        "20:10",
        "20:50"
    ],
    "url": "https://www.kanachu.co.jp/dia/diagram/timetable01_js/course:0000803327-17/node:00128289/kt:0/lname:/"
}
