{
    "date": "2025/04/01",
    "name": "打越(平塚市)",
    "position": "-",
    "system": "平12",
    "destinations": [
        "明神前(平塚市)",
        "長姫町",
        "新地(平塚市)",
        "須賀四ツ角",
        "札の辻(平塚市)",
        "南町(平塚市)",
        "須賀港"
    ],
    "weekday": [
        "6:25",
        "6:40",
        "6:56",
        "7:08",
        "7:26",
        "7:41",
        "7:56",
        "8:16",
        "8:36",
        "8:56",
        "9:16",
        "9:36",
        "9:56",
        "10:16",
        "10:36",
        "10:56",
        "11:16",
        "11:36",
        "11:56",
        "12:16",
        "12:36",
        "12:56",
        "13:16",
        "13:36",
        "13:56",
        "14:16",
        "14:36",
        "14:56",
        "15:16",
        "15:36",
        "15:56",
        "16:16",
        "16:36",
        "16:56",
        "17:16",
        "17:36",
        "17:56",
        "18:16",
        "18:36",
        "18:56",
        "19:17",
        "19:37",
        "19:57",
        "20:17",
        "20:37",
        "20:57",
        "21:17",
        "21:41",
        "22:06",
        "22:38"
    ],
    "saturday": [
        "6:36",
        "6:56",
        "7:16",
        "7:36",
        "7:56",
        "8:16",
        "8:56",
        "9:16",
        "9:36",
        "9:56",
        "10:16",
        "10:36",
        "10:56",
        "11:16",
        "11:36",
        "11:56",
        "12:17",
        "12:37",
        "12:57",
        "13:17",
        "13:37",
        "13:57",
        "14:17",
        "14:37",
        "14:57",
        "15:17",
        "15:37",
        "15:57",
        "16:17",
        "16:37",
        "16:56",
        "17:16",
        "17:36",
        "17:56",
        "18:16",
        "18:36",
        "18:56",
        "19:16",
        "19:37",
        "19:57",
        "20:16",
        "20:36",
        "20:56",
        "21:14",
        "21:37",
        "22:06",
        "22:35"
    ],
    "holiday": [
        "6:36",
        "6:56",
        "7:16",
        "7:36",
        "7:56",
        "8:16",
        "8:56",
        "9:16",
        "9:36",
        "9:56",
        "10:16",
        "10:36",
        "10:56",
        "11:16",
        "11:36",
        "11:56",
        "12:17",
        "12:37",
        "12:57",
        "13:17",
        "13:37",
        "13:57",
        "14:17",
        "14:37",
        "14:57",
        "15:17",
        "15:37",
        "15:57",
        "16:17",
        "16:37",
        "16:56",
        "17:16",
        "17:36",
        "17:56",
        "18:16",
        "18:36",
        "18:56",
        "19:16",
        "19:37",
        "19:57",
        "20:16",
        "20:36",
        "20:56",
        "21:14",
        "21:37",
        "22:06",
        "22:35"
    ],
    "url": "https://www.kanachu.co.jp/dia/diagram/timetable01_js/course:0000803797-2/node:00127427/kt:0/lname:/"
}
