{
    "date": "2025/04/01",
    "name": "長姫町",
    "position": "-",
    "system": "平12",
    "destinations": [
        "新地(平塚市)",
        "須賀四ツ角",
        "札の辻(平塚市)",
        "南町(平塚市)",
        "須賀港"
    ],
    "weekday": [
        "6:27",
        "6:42",
        "6:58",
        "7:10",
        "7:28",
        "7:43",
        "7:58",
        "8:18",
        "8:38",
        "8:58",
        "9:18",
        "9:38",
        "9:58",
        "10:18",
        "10:38",
        "10:58",
        "11:18",
        "11:38",
        "11:58",
        "12:18",
        "12:38",
        "12:58",
        "13:18",
        "13:38",
        "13:58",
        "14:18",
        "14:38",
        "14:58",
        "15:18",
        "15:38",
        "15:58",
        "16:18",
        "16:38",
        "16:58",
        "17:18",
        "17:38",
        "17:58",
        "18:18",
        "18:38",
        "18:58",
        "19:19",
        "19:39",
        "19:59",
        "20:19",
        "20:39",
        "20:59",
        "21:19",
        "21:43",
        "22:08",
        "22:40"
    ],
    "saturday": [
        "6:38",
        "6:58",
        "7:18",
        "7:38",
        "7:58",
        "8:18",
        "8:58",
        "9:18",
        "9:38",
        "9:58",
        "10:18",
        "10:38",
        "10:58",
        "11:18",
        "11:38",
        "11:58",
        "12:19",
        "12:39",
        "12:59",
        "13:19",
        "13:39",
        "13:59",
        "14:19",
        "14:39",
        "14:59",
        "15:19",
        "15:39",
        "15:59",
        "16:19",
        "16:39",
        "16:58",
        "17:18",
        "17:38",
        "17:58",
        "18:18",
        "18:38",
        "18:58",
        "19:18",
        "19:39",
        "19:59",
        "20:18",
        "20:38",
        "20:58",
        "21:16",
        "21:39",
        "22:08",
        "22:37"
    ],
    "holiday": [
        "6:38",
        "6:58",
        "7:18",
        "7:38",
        "7:58",
        "8:18",
        "8:58",
        "9:18",
        "9:38",
        "9:58",
        "10:18",
        "10:38",
        "10:58",
        "11:18",
        "11:38",
        "11:58",
        "12:19",
        "12:39",
        "12:59",
        "13:19",
        "13:39",
        "13:59",
        "14:19",
        "14:39",
        "14:59",
        "15:19",
        "15:39",
        "15:59",
        "16:19",
        "16:39",
        "16:58",
        "17:18",
        "17:38",
        "17:58",
        "18:18",
        "18:38",
        "18:58",
        "19:18",
        "19:39",
        "19:59",
        "20:18",
        "20:38",
        "20:58",
        "21:16",
        "21:39",
        "22:08",
        "22:37"
    ],
    "url": "https://www.kanachu.co.jp/dia/diagram/timetable01_js/course:0000803797-4/node:00127429/kt:0/lname:/"
}
