{
    "date": "2025/04/01",
    "name": "須賀四ツ角",
    "position": "-",
    "system": "平12",
    "destinations": [
        "札の辻(平塚市)",
        "南町(平塚市)",
        "須賀港"
    ],
    "weekday": [
        "6:28",
        "6:43",
        "6:59",
        "7:11",
        "7:29",
        "7:44",
        "7:59",
        "8:19",
        "8:39",
        "8:59",
        "9:19",
        "9:39",
        "9:59",
        "10:19",
        "10:39",
        "10:59",
        "11:19",
        "11:39",
        "11:59",
        "12:19",
        "12:39",
        "12:59",
        "13:19",
        "13:39",
        "13:59",
        "14:19",
        "14:39",
        "14:59",
        "15:19",
        "15:39",
        "15:59",
        "16:19",
        "16:39",
        "16:59",
        "17:19",
        "17:39",
        "17:59",
        "18:19",
        "18:39",
        "18:59",
        "19:20",
        "19:40",
        "20:00",
        "20:20",
        "20:40",
        "21:00",
        "21:20",
        "21:44",
        "22:09",
        "22:41"
    ],
    "saturday": [
        "6:39",
        "6:59",
        "7:19",
        "7:39",
        "7:59",
        "8:19",
        "8:59",
        "9:19",
        "9:39",
        "9:59",
        "10:19",
        "10:39",
        "10:59",
        "11:19",
        "11:39",
        "11:59",
        "12:20",
        "12:40",
        "13:00",
        "13:20",
        "13:40",
        "14:00",
        "14:20",
        "14:40",
        "15:00",
        "15:20",
        "15:40",
        "16:00",
        "16:20",
        "16:40",
        "16:59",
        "17:19",
        "17:39",
        "17:59",
        "18:19",
        "18:39",
        "18:59",
        "19:19",
        "19:40",
        "20:00",
        "20:19",
        "20:39",
        "20:59",
        "21:17",
        "21:40",
        "22:09",
        "22:38"
    ],
    "holiday": [
        "6:39",
        "6:59",
        "7:19",
        "7:39",
        "7:59",
        "8:19",
        "8:59",
        "9:19",
        "9:39",
        "9:59",
        "10:19",
        "10:39",
        "10:59",
        "11:19",
        "11:39",
        "11:59",
        "12:20",
        "12:40",
        "13:00",
        "13:20",
        "13:40",
        "14:00",
        "14:20",
        "14:40",
        "15:00",
        "15:20",
        "15:40",
        "16:00",
        "16:20",
        "16:40",
        "16:59",
        "17:19",
        "17:39",
        "17:59",
        "18:19",
        "18:39",
        "18:59",
        "19:19",
        "19:40",
        "20:00",
        "20:19",
        "20:39",
        "20:59",
        "21:17",
        "21:40",
        "22:09",
        "22:38"
    ],
    "url": "https://www.kanachu.co.jp/dia/diagram/timetable01_js/course:0000803797-6/node:00127432/kt:0/lname:/"
}
