{
    "date": "2025/04/01",
    "name": "札の辻(平塚市)",
    "position": "-",
    "system": "平12",
    "destinations": [
        "南町(平塚市)",
        "須賀港"
    ],
    "weekday": [
        "6:29",
        "6:44",
        "7:00",
        "7:12",
        "7:30",
        "7:45",
        "8:00",
        "8:20",
        "8:40",
        "9:00",
        "9:20",
        "9:40",
        "10:00",
        "10:20",
        "10:40",
        "11:00",
        "11:20",
        "11:40",
        "12:00",
        "12:20",
        "12:40",
        "13:00",
        "13:20",
        "13:40",
        "14:00",
        "14:20",
        "14:40",
        "15:00",
        "15:20",
        "15:40",
        "16:00",
        "16:20",
        "16:40",
        "17:00",
        "17:20",
        "17:40",
        "18:00",
        "18:20",
        "18:40",
        "19:00",
        "19:21",
        "19:41",
        "20:01",
        "20:21",
        "20:41",
        "21:01",
        "21:21",
        "21:45",
        "22:10",
        "22:42"
    ],
    "saturday": [
        "6:40",
        "7:00",
        "7:20",
        "7:40",
        "8:00",
        "8:20",
        "9:00",
        "9:20",
        "9:40",
        "10:00",
        "10:20",
        "10:40",
        "11:00",
        "11:20",
        "11:40",
        "12:00",
        "12:21",
        "12:41",
        "13:01",
        "13:21",
        "13:41",
        "14:01",
        "14:21",
        "14:41",
        "15:01",
        "15:21",
        "15:41",
        "16:01",
        "16:21",
        "16:41",
        "17:00",
        "17:20",
        "17:40",
        "18:00",
        "18:20",
        "18:40",
        "19:00",
        "19:20",
        "19:41",
        "20:01",
        "20:20",
        "20:40",
        "21:00",
        "21:18",
        "21:41",
        "22:10",
        "22:39"
    ],
    "holiday": [
        "6:40",
        "7:00",
        "7:20",
        "7:40",
        "8:00",
        "8:20",
        "9:00",
        "9:20",
        "9:40",
        "10:00",
        "10:20",
        "10:40",
        "11:00",
        "11:20",
        "11:40",
        "12:00",
        "12:21",
        "12:41",
        "13:01",
        "13:21",
        "13:41",
        "14:01",
        "14:21",
        "14:41",
        "15:01",
        "15:21",
        "15:41",
        "16:01",
        "16:21",
        "16:41",
        "17:00",
        "17:20",
        "17:40",
        "18:00",
        "18:20",
        "18:40",
        "19:00",
        "19:20",
        "19:41",
        "20:01",
        "20:20",
        "20:40",
        "21:00",
        "21:18",
        "21:41",
        "22:10",
        "22:39"
    ],
    "url": "https://www.kanachu.co.jp/dia/diagram/timetable01_js/course:0000803797-7/node:00127433/kt:0/lname:/"
}
