{
    "system": "平12",
    "busstops": [
        {
            "index": "1",
            "id": "00127422",
            "name": "平塚駅南口",
            "lat": "35.327093",
            "lng": "139.351817"
        },
        {
            "index": "2",
            "id": "00127427",
            "name": "打越(平塚市)",
            "lat": "35.326491",
            "lng": "139.355735"
        },
        {
            "index": "3",
            "id": "00127428",
            "name": "明神前(平塚市)",
            "lat": "35.324632",
            "lng": "139.358658"
        },
        {
            "index": "4",
            "id": "00127429",
            "name": "長姫町",
            "lat": "35.323793",
            "lng": "139.359914"
        },
        {
            "index": "5",
            "id": "00127431",
            "name": "新地(平塚市)",
            "lat": "35.322213",
            "lng": "139.36163"
        },
        {
            "index": "6",
            "id": "00127432",
            "name": "須賀四ツ角",
            "lat": "35.321124",
            "lng": "139.363004"
        },
        {
            "index": "7",
            "id": "00127433",
            "name": "札の辻(平塚市)",
            "lat": "35.320047",
            "lng": "139.364195"
        },
        {
            "index": "8",
            "id": "00127434",
            "name": "南町(平塚市)",
            "lat": "35.319522",
            "lng": "139.365133"
        },
        {
            "index": "9",
            "id": "00127435",
            "name": "須賀港",
            "lat": "35.319786",
            "lng": "139.366014"
        }
    ],
    "route_url": "https://www.kanachu.co.jp/dia/route/index/cid:0000803797/"
}
