{
    "date": "2025/05/11",
    "name": "大川橋(秦野市)",
    "position": "-",
    "system": "秦22",
    "destinations": [
        "上宿通り",
        "仲宿(秦野市)",
        "下宿(秦野市)",
        "末広小学校前",
        "落合(秦野市)",
        "神奈川病院"
    ],
    "weekday": [
        "8:16",
        "8:33",
        "8:41"
    ],
    "saturday": [],
    "holiday": [],
    "url": "https://www.kanachu.co.jp/dia/diagram/timetable01_js/course:0000801401-2/node:00127716/kt:0/lname:/"
}
