{
    "date": "2025/04/19",
    "name": "南中前(相模原市南区)",
    "position": "-",
    "system": "相25",
    "destinations": [
        "小沼(相模原市南区)",
        "団地入口(相模原市南区)",
        "東通り(相模原市南区)",
        "大沼小学校前",
        "大沼",
        "オルガノ前",
        "大野台入口",
        "麻溝台入口",
        "麻溝台高校",
        "北里大学病院・北里大学",
        "友愛病院前",
        "麻溝車庫",
        "相模原浄水場",
        "陽光台六丁目",
        "緑が丘一丁目(相模原市中央区)",
        "光が丘三丁目(相模原市中央区)",
        "光が丘大通り",
        "光が丘小学校前",
        "光が丘一丁目(相模原市中央区)",
        "千代田五丁目",
        "千代田十字路",
        "千代田一丁目",
        "職業安定所前(相模原市中央区)",
        "ウェルネスさがみはら前",
        "市役所前(相模原市中央区)",
        "グリーンプラザ(相模原市中央区)",
        "西門前(相模原市中央区)",
        "相模原五丁目",
        "相模原駅南口"
    ],
    "weekday": [
        "6:08",
        "6:18",
        "6:28",
        "6:38",
        "6:49",
        "6:59",
        "7:09",
        "7:19",
        "7:34",
        "7:49",
        "8:01",
        "8:09",
        "8:24",
        "8:55",
        "9:40"
    ],
    "saturday": [
        "6:22",
        "7:03",
        "7:43",
        "8:18",
        "9:03"
    ],
    "holiday": [
        "6:23",
        "6:48",
        "7:08",
        "7:25",
        "8:05",
        "9:05",
        "9:45"
    ],
    "url": "https://www.kanachu.co.jp/dia/diagram/timetable01_js/course:0000803498-2/node:00129205/kt:0/lname:/"
}
