{
    "date": "2025/04/19",
    "name": "大沼小学校前",
    "position": "-",
    "system": "相25",
    "destinations": [
        "大沼",
        "オルガノ前",
        "大野台入口",
        "麻溝台入口",
        "麻溝台高校",
        "北里大学病院・北里大学",
        "友愛病院前",
        "麻溝車庫",
        "相模原浄水場",
        "陽光台六丁目",
        "緑が丘一丁目(相模原市中央区)",
        "光が丘三丁目(相模原市中央区)",
        "光が丘大通り",
        "光が丘小学校前",
        "光が丘一丁目(相模原市中央区)",
        "千代田五丁目",
        "千代田十字路",
        "千代田一丁目",
        "職業安定所前(相模原市中央区)",
        "ウェルネスさがみはら前",
        "市役所前(相模原市中央区)",
        "グリーンプラザ(相模原市中央区)",
        "西門前(相模原市中央区)",
        "相模原五丁目",
        "相模原駅南口"
    ],
    "weekday": [
        "6:12",
        "6:22",
        "6:32",
        "6:42",
        "6:53",
        "7:04",
        "7:14",
        "7:24",
        "7:39",
        "7:54",
        "8:06",
        "8:14",
        "8:29",
        "9:00",
        "9:45"
    ],
    "saturday": [
        "6:26",
        "7:07",
        "7:47",
        "8:22",
        "9:07"
    ],
    "holiday": [
        "6:27",
        "6:52",
        "7:12",
        "7:29",
        "8:09",
        "9:09",
        "9:49"
    ],
    "url": "https://www.kanachu.co.jp/dia/diagram/timetable01_js/course:0000803498-6/node:00129088/kt:0/lname:/"
}
