{
    "date": "2025/04/19",
    "name": "大沼",
    "position": "-",
    "system": "相25",
    "destinations": [
        "オルガノ前",
        "大野台入口",
        "麻溝台入口",
        "麻溝台高校",
        "北里大学病院・北里大学",
        "友愛病院前",
        "麻溝車庫",
        "相模原浄水場",
        "陽光台六丁目",
        "緑が丘一丁目(相模原市中央区)",
        "光が丘三丁目(相模原市中央区)",
        "光が丘大通り",
        "光が丘小学校前",
        "光が丘一丁目(相模原市中央区)",
        "千代田五丁目",
        "千代田十字路",
        "千代田一丁目",
        "職業安定所前(相模原市中央区)",
        "ウェルネスさがみはら前",
        "市役所前(相模原市中央区)",
        "グリーンプラザ(相模原市中央区)",
        "西門前(相模原市中央区)",
        "相模原五丁目",
        "相模原駅南口"
    ],
    "weekday": [
        "6:13",
        "6:23",
        "6:33",
        "6:43",
        "6:54",
        "7:05",
        "7:15",
        "7:25",
        "7:40",
        "7:55",
        "8:07",
        "8:15",
        "8:30",
        "9:01",
        "9:46"
    ],
    "saturday": [
        "6:27",
        "7:08",
        "7:48",
        "8:23",
        "9:08"
    ],
    "holiday": [
        "6:28",
        "6:53",
        "7:13",
        "7:30",
        "8:10",
        "9:10",
        "9:50"
    ],
    "url": "https://www.kanachu.co.jp/dia/diagram/timetable01_js/course:0000803498-7/node:00129089/kt:0/lname:/"
}
