{
    "date": "2025/04/19",
    "name": "オルガノ前",
    "position": "-",
    "system": "相25",
    "destinations": [
        "大野台入口",
        "麻溝台入口",
        "麻溝台高校",
        "北里大学病院・北里大学",
        "友愛病院前",
        "麻溝車庫",
        "相模原浄水場",
        "陽光台六丁目",
        "緑が丘一丁目(相模原市中央区)",
        "光が丘三丁目(相模原市中央区)",
        "光が丘大通り",
        "光が丘小学校前",
        "光が丘一丁目(相模原市中央区)",
        "千代田五丁目",
        "千代田十字路",
        "千代田一丁目",
        "職業安定所前(相模原市中央区)",
        "ウェルネスさがみはら前",
        "市役所前(相模原市中央区)",
        "グリーンプラザ(相模原市中央区)",
        "西門前(相模原市中央区)",
        "相模原五丁目",
        "相模原駅南口"
    ],
    "weekday": [
        "6:14",
        "6:24",
        "6:34",
        "6:44",
        "6:55",
        "7:07",
        "7:17",
        "7:27",
        "7:42",
        "7:57",
        "8:09",
        "8:17",
        "8:32",
        "9:03",
        "9:48"
    ],
    "saturday": [
        "6:28",
        "7:09",
        "7:49",
        "8:24",
        "9:09"
    ],
    "holiday": [
        "6:29",
        "6:54",
        "7:14",
        "7:31",
        "8:11",
        "9:11",
        "9:51"
    ],
    "url": "https://www.kanachu.co.jp/dia/diagram/timetable01_js/course:0000803498-8/node:00129197/kt:0/lname:/"
}
