{
    "date": "2025/04/19",
    "name": "陽光台六丁目",
    "position": "-",
    "system": "相25",
    "destinations": [
        "緑が丘一丁目(相模原市中央区)",
        "光が丘三丁目(相模原市中央区)",
        "光が丘大通り",
        "光が丘小学校前",
        "光が丘一丁目(相模原市中央区)",
        "千代田五丁目",
        "千代田十字路",
        "千代田一丁目",
        "職業安定所前(相模原市中央区)",
        "ウェルネスさがみはら前",
        "市役所前(相模原市中央区)",
        "グリーンプラザ(相模原市中央区)",
        "西門前(相模原市中央区)",
        "相模原五丁目",
        "相模原駅南口"
    ],
    "weekday": [
        "6:30",
        "6:40",
        "6:50",
        "7:00",
        "7:11",
        "7:26",
        "7:36",
        "7:46",
        "8:01",
        "8:16",
        "8:28",
        "8:36",
        "8:51",
        "9:21",
        "10:06"
    ],
    "saturday": [
        "6:42",
        "7:26",
        "8:06",
        "8:41",
        "9:26"
    ],
    "holiday": [
        "6:44",
        "7:09",
        "7:29",
        "7:46",
        "8:26",
        "9:26",
        "10:06"
    ],
    "url": "https://www.kanachu.co.jp/dia/diagram/timetable01_js/course:0000803498-16/node:00129290/kt:0/lname:/"
}
