{
    "date": "2025/04/19",
    "name": "緑が丘一丁目(相模原市中央区)",
    "position": "-",
    "system": "相25",
    "destinations": [
        "光が丘三丁目(相模原市中央区)",
        "光が丘大通り",
        "光が丘小学校前",
        "光が丘一丁目(相模原市中央区)",
        "千代田五丁目",
        "千代田十字路",
        "千代田一丁目",
        "職業安定所前(相模原市中央区)",
        "ウェルネスさがみはら前",
        "市役所前(相模原市中央区)",
        "グリーンプラザ(相模原市中央区)",
        "西門前(相模原市中央区)",
        "相模原五丁目",
        "相模原駅南口"
    ],
    "weekday": [
        "6:31",
        "6:41",
        "6:51",
        "7:01",
        "7:12",
        "7:27",
        "7:37",
        "7:47",
        "8:02",
        "8:17",
        "8:29",
        "8:37",
        "8:52",
        "9:22",
        "10:07"
    ],
    "saturday": [
        "6:43",
        "7:27",
        "8:07",
        "8:42",
        "9:27"
    ],
    "holiday": [
        "6:45",
        "7:10",
        "7:30",
        "7:47",
        "8:27",
        "9:27",
        "10:07"
    ],
    "url": "https://www.kanachu.co.jp/dia/diagram/timetable01_js/course:0000803498-17/node:00129265/kt:0/lname:/"
}
