{
    "date": "2025/04/19",
    "name": "光が丘小学校前",
    "position": "-",
    "system": "相25",
    "destinations": [
        "光が丘一丁目(相模原市中央区)",
        "千代田五丁目",
        "千代田十字路",
        "千代田一丁目",
        "職業安定所前(相模原市中央区)",
        "ウェルネスさがみはら前",
        "市役所前(相模原市中央区)",
        "グリーンプラザ(相模原市中央区)",
        "西門前(相模原市中央区)",
        "相模原五丁目",
        "相模原駅南口"
    ],
    "weekday": [
        "6:34",
        "6:44",
        "6:54",
        "7:05",
        "7:16",
        "7:31",
        "7:41",
        "7:51",
        "8:06",
        "8:21",
        "8:33",
        "8:41",
        "8:56",
        "9:26",
        "10:11"
    ],
    "saturday": [
        "6:46",
        "7:31",
        "8:11",
        "8:46",
        "9:31"
    ],
    "holiday": [
        "6:48",
        "7:13",
        "7:33",
        "7:50",
        "8:30",
        "9:30",
        "10:11"
    ],
    "url": "https://www.kanachu.co.jp/dia/diagram/timetable01_js/course:0000803498-20/node:00129122/kt:0/lname:/"
}
