{
    "date": "2025/04/19",
    "name": "千代田十字路",
    "position": "-",
    "system": "相25",
    "destinations": [
        "千代田一丁目",
        "職業安定所前(相模原市中央区)",
        "ウェルネスさがみはら前",
        "市役所前(相模原市中央区)",
        "グリーンプラザ(相模原市中央区)",
        "西門前(相模原市中央区)",
        "相模原五丁目",
        "相模原駅南口"
    ],
    "weekday": [
        "6:37",
        "6:47",
        "6:57",
        "7:09",
        "7:20",
        "7:35",
        "7:45",
        "7:55",
        "8:10",
        "8:25",
        "8:37",
        "8:45",
        "9:00",
        "9:30",
        "10:15"
    ],
    "saturday": [
        "6:49",
        "7:35",
        "8:15",
        "8:50",
        "9:35"
    ],
    "holiday": [
        "6:51",
        "7:16",
        "7:36",
        "7:53",
        "8:33",
        "9:33",
        "10:15"
    ],
    "url": "https://www.kanachu.co.jp/dia/diagram/timetable01_js/course:0000803498-23/node:00128533/kt:0/lname:/"
}
