{
    "date": "2025/04/19",
    "name": "千代田一丁目",
    "position": "-",
    "system": "相25",
    "destinations": [
        "職業安定所前(相模原市中央区)",
        "ウェルネスさがみはら前",
        "市役所前(相模原市中央区)",
        "グリーンプラザ(相模原市中央区)",
        "西門前(相模原市中央区)",
        "相模原五丁目",
        "相模原駅南口"
    ],
    "weekday": [
        "6:38",
        "6:48",
        "6:58",
        "7:10",
        "7:21",
        "7:36",
        "7:46",
        "7:56",
        "8:11",
        "8:26",
        "8:38",
        "8:46",
        "9:01",
        "9:31",
        "10:16"
    ],
    "saturday": [
        "6:50",
        "7:36",
        "8:16",
        "8:51",
        "9:36"
    ],
    "holiday": [
        "6:52",
        "7:17",
        "7:37",
        "7:54",
        "8:34",
        "9:34",
        "10:16"
    ],
    "url": "https://www.kanachu.co.jp/dia/diagram/timetable01_js/course:0000803498-24/node:00128534/kt:0/lname:/"
}
