{
    "date": "2025/04/19",
    "name": "職業安定所前(相模原市中央区)",
    "position": "-",
    "system": "相25",
    "destinations": [
        "ウェルネスさがみはら前",
        "市役所前(相模原市中央区)",
        "グリーンプラザ(相模原市中央区)",
        "西門前(相模原市中央区)",
        "相模原五丁目",
        "相模原駅南口"
    ],
    "weekday": [
        "6:39",
        "6:49",
        "6:59",
        "7:11",
        "7:22",
        "7:37",
        "7:47",
        "7:57",
        "8:12",
        "8:27",
        "8:39",
        "8:47",
        "9:02",
        "9:32",
        "10:17"
    ],
    "saturday": [
        "6:51",
        "7:37",
        "8:17",
        "8:52",
        "9:37"
    ],
    "holiday": [
        "6:53",
        "7:18",
        "7:38",
        "7:55",
        "8:35",
        "9:35",
        "10:17"
    ],
    "url": "https://www.kanachu.co.jp/dia/diagram/timetable01_js/course:0000803498-25/node:00128535/kt:0/lname:/"
}
