{
    "date": "2025/04/19",
    "name": "ウェルネスさがみはら前",
    "position": "-",
    "system": "相25",
    "destinations": [
        "市役所前(相模原市中央区)",
        "グリーンプラザ(相模原市中央区)",
        "西門前(相模原市中央区)",
        "相模原五丁目",
        "相模原駅南口"
    ],
    "weekday": [
        "6:41",
        "6:51",
        "7:01",
        "7:14",
        "7:25",
        "7:40",
        "7:50",
        "8:00",
        "8:15",
        "8:30",
        "8:42",
        "8:50",
        "9:05",
        "9:35",
        "10:19"
    ],
    "saturday": [
        "6:52",
        "7:39",
        "8:19",
        "8:54",
        "9:39"
    ],
    "holiday": [
        "6:54",
        "7:20",
        "7:40",
        "7:57",
        "8:37",
        "9:37",
        "10:19"
    ],
    "url": "https://www.kanachu.co.jp/dia/diagram/timetable01_js/course:0000803498-26/node:00128536/kt:0/lname:/"
}
