{
    "system": "相25",
    "busstops": [
        {
            "index": "1",
            "id": "00114298",
            "name": "相模大野駅北口",
            "lat": "35.531268",
            "lng": "139.436263"
        },
        {
            "index": "2",
            "id": "00129205",
            "name": "南中前(相模原市南区)",
            "lat": "35.537014",
            "lng": "139.429937"
        },
        {
            "index": "3",
            "id": "00129137",
            "name": "小沼(相模原市南区)",
            "lat": "35.538813",
            "lng": "139.429745"
        },
        {
            "index": "4",
            "id": "00129193",
            "name": "団地入口(相模原市南区)",
            "lat": "35.537833",
            "lng": "139.426155"
        },
        {
            "index": "5",
            "id": "00129237",
            "name": "東通り(相模原市南区)",
            "lat": "35.53762",
            "lng": "139.423725"
        },
        {
            "index": "6",
            "id": "00129088",
            "name": "大沼小学校前",
            "lat": "35.537545",
            "lng": "139.418858"
        },
        {
            "index": "7",
            "id": "00129089",
            "name": "大沼",
            "lat": "35.537928",
            "lng": "139.415201"
        },
        {
            "index": "8",
            "id": "00129197",
            "name": "オルガノ前",
            "lat": "35.538332",
            "lng": "139.410941"
        },
        {
            "index": "9",
            "id": "00129093",
            "name": "大野台入口",
            "lat": "35.538061",
            "lng": "139.40798"
        },
        {
            "index": "10",
            "id": "00129121",
            "name": "麻溝台入口",
            "lat": "35.537581",
            "lng": "139.403131"
        },
        {
            "index": "11",
            "id": "00129064",
            "name": "麻溝台高校",
            "lat": "35.537079",
            "lng": "139.397622"
        },
        {
            "index": "12",
            "id": "00129119",
            "name": "北里大学病院・北里大学",
            "lat": "35.537541",
            "lng": "139.393576"
        },
        {
            "index": "13",
            "id": "00129286",
            "name": "友愛病院前",
            "lat": "35.536585",
            "lng": "139.392132"
        },
        {
            "index": "14",
            "id": "00129224",
            "name": "麻溝車庫",
            "lat": "35.538388",
            "lng": "139.387366"
        },
        {
            "index": "15",
            "id": "00129151",
            "name": "相模原浄水場",
            "lat": "35.541775",
            "lng": "139.383206"
        },
        {
            "index": "16",
            "id": "00129290",
            "name": "陽光台六丁目",
            "lat": "35.547468",
            "lng": "139.379928"
        },
        {
            "index": "17",
            "id": "00129265",
            "name": "緑が丘一丁目(相模原市中央区)",
            "lat": "35.54873",
            "lng": "139.379212"
        },
        {
            "index": "18",
            "id": "00129233",
            "name": "光が丘三丁目(相模原市中央区)",
            "lat": "35.5512",
            "lng": "139.377831"
        },
        {
            "index": "19",
            "id": "00129234",
            "name": "光が丘大通り",
            "lat": "35.553373",
            "lng": "139.376619"
        },
        {
            "index": "20",
            "id": "00129122",
            "name": "光が丘小学校前",
            "lat": "35.555107",
            "lng": "139.37565"
        },
        {
            "index": "21",
            "id": "00129232",
            "name": "光が丘一丁目(相模原市中央区)",
            "lat": "35.556846",
            "lng": "139.3751"
        },
        {
            "index": "22",
            "id": "00129196",
            "name": "千代田五丁目",
            "lat": "35.561149",
            "lng": "139.374105"
        },
        {
            "index": "23",
            "id": "00128533",
            "name": "千代田十字路",
            "lat": "35.563584",
            "lng": "139.373786"
        },
        {
            "index": "24",
            "id": "00128534",
            "name": "千代田一丁目",
            "lat": "35.566898",
            "lng": "139.375932"
        },
        {
            "index": "25",
            "id": "00128535",
            "name": "職業安定所前(相模原市中央区)",
            "lat": "35.568473",
            "lng": "139.376951"
        },
        {
            "index": "26",
            "id": "00128536",
            "name": "ウェルネスさがみはら前",
            "lat": "35.569837",
            "lng": "139.37488"
        },
        {
            "index": "27",
            "id": "00128537",
            "name": "市役所前(相模原市中央区)",
            "lat": "35.571324",
            "lng": "139.374246"
        },
        {
            "index": "28",
            "id": "00128538",
            "name": "グリーンプラザ(相模原市中央区)",
            "lat": "35.574154",
            "lng": "139.376289"
        },
        {
            "index": "29",
            "id": "00128539",
            "name": "西門前(相模原市中央区)",
            "lat": "35.57683",
            "lng": "139.376765"
        },
        {
            "index": "30",
            "id": "00128540",
            "name": "相模原五丁目",
            "lat": "35.578232",
            "lng": "139.3741"
        },
        {
            "index": "31",
            "id": "00129335",
            "name": "相模原駅南口",
            "lat": "35.580691",
            "lng": "139.371167"
        }
    ],
    "route_url": "https://www.kanachu.co.jp/dia/route/index/cid:0000803498/"
}
