{
    "date": "2021/04/01",
    "name": "津久井高校前",
    "position": "-",
    "system": "三53",
    "destinations": [
        "三ヶ木新宿",
        "青山(相模原市緑区)",
        "小沢(相模原市緑区)",
        "新屋敷(相模原市緑区)",
        "関・宮原",
        "関(相模原市緑区)",
        "六間入口",
        "南沢(相模原市緑区)",
        "馬石橋",
        "渡戸(相模原市緑区)",
        "中開戸",
        "鳥屋郵便局前",
        "鳥屋学園前",
        "西門坂",
        "鳥屋(相模原市緑区)",
        "鳥居原ふれあいの館"
    ],
    "weekday": [
        "11:35",
        "12:35",
        "15:15",
        "16:15"
    ],
    "saturday": [
        "11:35",
        "12:35",
        "15:15",
        "16:15"
    ],
    "holiday": [
        "11:35",
        "12:35",
        "15:15",
        "16:15"
    ],
    "url": "https://www.kanachu.co.jp/dia/diagram/timetable01_js/course:0000800641-2/node:00128751/kt:0/lname:/"
}
