{
    "date": "2021/04/01",
    "name": "青山(相模原市緑区)",
    "position": "-",
    "system": "三53",
    "destinations": [
        "小沢(相模原市緑区)",
        "新屋敷(相模原市緑区)",
        "関・宮原",
        "関(相模原市緑区)",
        "六間入口",
        "南沢(相模原市緑区)",
        "馬石橋",
        "渡戸(相模原市緑区)",
        "中開戸",
        "鳥屋郵便局前",
        "鳥屋学園前",
        "西門坂",
        "鳥屋(相模原市緑区)",
        "鳥居原ふれあいの館"
    ],
    "weekday": [
        "11:37",
        "12:37",
        "15:17",
        "16:17"
    ],
    "saturday": [
        "11:37",
        "12:37",
        "15:17",
        "16:17"
    ],
    "holiday": [
        "11:37",
        "12:37",
        "15:17",
        "16:17"
    ],
    "url": "https://www.kanachu.co.jp/dia/diagram/timetable01_js/course:0000800641-4/node:00128753/kt:0/lname:/"
}
