{
    "date": "2021/04/01",
    "name": "新屋敷(相模原市緑区)",
    "position": "-",
    "system": "三53",
    "destinations": [
        "関・宮原",
        "関(相模原市緑区)",
        "六間入口",
        "南沢(相模原市緑区)",
        "馬石橋",
        "渡戸(相模原市緑区)",
        "中開戸",
        "鳥屋郵便局前",
        "鳥屋学園前",
        "西門坂",
        "鳥屋(相模原市緑区)",
        "鳥居原ふれあいの館"
    ],
    "weekday": [
        "11:39",
        "12:39",
        "15:19",
        "16:19"
    ],
    "saturday": [
        "11:39",
        "12:39",
        "15:19",
        "16:19"
    ],
    "holiday": [
        "11:39",
        "12:39",
        "15:19",
        "16:19"
    ],
    "url": "https://www.kanachu.co.jp/dia/diagram/timetable01_js/course:0000800641-6/node:00128826/kt:0/lname:/"
}
