{
    "date": "2021/04/01",
    "name": "馬石橋",
    "position": "-",
    "system": "三53",
    "destinations": [
        "渡戸(相模原市緑区)",
        "中開戸",
        "鳥屋郵便局前",
        "鳥屋学園前",
        "西門坂",
        "鳥屋(相模原市緑区)",
        "鳥居原ふれあいの館"
    ],
    "weekday": [
        "11:44",
        "12:44",
        "15:24",
        "16:24"
    ],
    "saturday": [
        "11:44",
        "12:44",
        "15:24",
        "16:24"
    ],
    "holiday": [
        "11:44",
        "12:44",
        "15:24",
        "16:24"
    ],
    "url": "https://www.kanachu.co.jp/dia/diagram/timetable01_js/course:0000800641-11/node:00128830/kt:0/lname:/"
}
