{
    "date": "2021/04/01",
    "name": "中開戸",
    "position": "-",
    "system": "三53",
    "destinations": [
        "鳥屋郵便局前",
        "鳥屋学園前",
        "西門坂",
        "鳥屋(相模原市緑区)",
        "鳥居原ふれあいの館"
    ],
    "weekday": [
        "11:46",
        "12:46",
        "15:26",
        "16:26"
    ],
    "saturday": [
        "11:46",
        "12:46",
        "15:26",
        "16:26"
    ],
    "holiday": [
        "11:46",
        "12:46",
        "15:26",
        "16:26"
    ],
    "url": "https://www.kanachu.co.jp/dia/diagram/timetable01_js/course:0000800641-13/node:00128832/kt:0/lname:/"
}
