{
    "date": "2021/04/01",
    "name": "鳥屋郵便局前",
    "position": "-",
    "system": "三53",
    "destinations": [
        "鳥屋学園前",
        "西門坂",
        "鳥屋(相模原市緑区)",
        "鳥居原ふれあいの館"
    ],
    "weekday": [
        "11:47",
        "12:47",
        "15:27",
        "16:27"
    ],
    "saturday": [
        "11:47",
        "12:47",
        "15:27",
        "16:27"
    ],
    "holiday": [
        "11:47",
        "12:47",
        "15:27",
        "16:27"
    ],
    "url": "https://www.kanachu.co.jp/dia/diagram/timetable01_js/course:0000800641-14/node:00128833/kt:0/lname:/"
}
