{
    "date": "2025/10/20",
    "name": "オークシティ前",
    "position": "-",
    "system": "間13",
    "destinations": [
        "鶴間二丁目",
        "鶴間駅東口"
    ],
    "weekday": [
        "18:46",
        "19:34",
        "20:24"
    ],
    "saturday": [
        "8:10",
        "19:36"
    ],
    "holiday": [
        "8:10",
        "19:35"
    ],
    "url": "https://www.kanachu.co.jp/dia/diagram/timetable01_js/course:0000803777-8/node:00129610/kt:0/lname:/"
}
