{
    "date": "2025/04/19",
    "name": "あじさい通り中央",
    "position": "-",
    "system": "橋58",
    "destinations": [
        "宮の上(相模原市)",
        "塚場坂上",
        "南町(相模原市緑区)",
        "旭中学校(相模原市緑区)",
        "橋本二丁目",
        "橋本駅南口"
    ],
    "weekday": [
        "6:07",
        "6:42",
        "7:07",
        "7:37",
        "8:37",
        "9:37",
        "10:37",
        "11:37",
        "12:37",
        "13:37",
        "14:37",
        "15:37",
        "16:37",
        "17:37",
        "18:37",
        "19:37"
    ],
    "saturday": [
        "7:27",
        "8:27",
        "9:32",
        "10:32",
        "11:32",
        "12:32",
        "13:32",
        "14:32",
        "15:32",
        "16:32",
        "17:32",
        "18:22",
        "19:32"
    ],
    "holiday": [
        "7:27",
        "8:27",
        "9:32",
        "10:32",
        "11:32",
        "12:32",
        "13:32",
        "14:32",
        "15:32",
        "16:32",
        "17:32",
        "18:22",
        "19:32"
    ],
    "url": "https://www.kanachu.co.jp/dia/diagram/timetable01_js/course:0000802358-3/node:00130363/kt:0/lname:/"
}
