{
    "date": "2025/04/19",
    "name": "宮の上(相模原市)",
    "position": "-",
    "system": "橋58",
    "destinations": [
        "塚場坂上",
        "南町(相模原市緑区)",
        "旭中学校(相模原市緑区)",
        "橋本二丁目",
        "橋本駅南口"
    ],
    "weekday": [
        "6:08",
        "6:43",
        "7:08",
        "7:38",
        "8:38",
        "9:38",
        "10:38",
        "11:38",
        "12:38",
        "13:38",
        "14:38",
        "15:38",
        "16:38",
        "17:38",
        "18:38",
        "19:38"
    ],
    "saturday": [
        "7:28",
        "8:28",
        "9:33",
        "10:33",
        "11:33",
        "12:33",
        "13:33",
        "14:33",
        "15:33",
        "16:33",
        "17:33",
        "18:23",
        "19:33"
    ],
    "holiday": [
        "7:28",
        "8:28",
        "9:33",
        "10:33",
        "11:33",
        "12:33",
        "13:33",
        "14:33",
        "15:33",
        "16:33",
        "17:33",
        "18:23",
        "19:33"
    ],
    "url": "https://www.kanachu.co.jp/dia/diagram/timetable01_js/course:0000802358-4/node:00130362/kt:0/lname:/"
}
