{
    "date": "2025/04/19",
    "name": "南町(相模原市緑区)",
    "position": "-",
    "system": "橋58",
    "destinations": [
        "旭中学校(相模原市緑区)",
        "橋本二丁目",
        "橋本駅南口"
    ],
    "weekday": [
        "6:11",
        "6:46",
        "7:12",
        "7:42",
        "8:42",
        "9:41",
        "10:41",
        "11:41",
        "12:41",
        "13:41",
        "14:41",
        "15:41",
        "16:41",
        "17:42",
        "18:42",
        "19:42"
    ],
    "saturday": [
        "7:31",
        "8:31",
        "9:36",
        "10:36",
        "11:36",
        "12:36",
        "13:36",
        "14:36",
        "15:36",
        "16:36",
        "17:36",
        "18:26",
        "19:36"
    ],
    "holiday": [
        "7:31",
        "8:31",
        "9:36",
        "10:36",
        "11:36",
        "12:36",
        "13:36",
        "14:36",
        "15:36",
        "16:36",
        "17:36",
        "18:26",
        "19:36"
    ],
    "url": "https://www.kanachu.co.jp/dia/diagram/timetable01_js/course:0000802358-6/node:00129266/kt:0/lname:/"
}
