{
    "date": "2025/04/01",
    "name": "鶴川団地",
    "position": "-",
    "system": "鶴13",
    "destinations": [
        "広袴一丁目",
        "国士舘大学前",
        "給水塔前(鶴川団地/町田市)",
        "広袴",
        "鶴川六丁目",
        "きつねくぼ緑地前",
        "平和台入口",
        "能ヶ谷二丁目",
        "鶴川駅"
    ],
    "weekday": [
        "6:25",
        "6:45",
        "7:16",
        "7:45",
        "8:15",
        "8:45",
        "9:05",
        "9:35",
        "10:05",
        "11:05",
        "12:05",
        "13:05",
        "14:05",
        "15:05",
        "16:05",
        "17:08",
        "17:32",
        "18:08",
        "18:33",
        "19:03",
        "19:37",
        "20:30"
    ],
    "saturday": [
        "6:35",
        "7:50",
        "8:20",
        "8:50",
        "9:14",
        "10:14",
        "11:14",
        "12:14",
        "13:14",
        "14:20",
        "15:20",
        "16:20",
        "16:50",
        "17:20",
        "17:47",
        "18:23",
        "18:47",
        "19:23",
        "19:50"
    ],
    "holiday": [
        "7:45",
        "8:45",
        "9:14",
        "10:14",
        "11:20",
        "12:20",
        "13:20",
        "14:15",
        "15:15",
        "16:15",
        "16:50",
        "17:20",
        "17:50",
        "18:20",
        "18:50",
        "19:20",
        "19:50"
    ],
    "url": "https://www.kanachu.co.jp/dia/diagram/timetable01_js/course:0000803458-1/node:00129466/kt:0/lname:/"
}
