{
    "date": "2025/04/01",
    "name": "給水塔前(鶴川団地/町田市)",
    "position": "-",
    "system": "鶴13",
    "destinations": [
        "広袴",
        "鶴川六丁目",
        "きつねくぼ緑地前",
        "平和台入口",
        "能ヶ谷二丁目",
        "鶴川駅"
    ],
    "weekday": [
        "6:27",
        "6:47",
        "7:18",
        "7:47",
        "8:17",
        "8:47",
        "9:07",
        "9:37",
        "10:07",
        "11:07",
        "12:07",
        "13:07",
        "14:07",
        "15:07",
        "16:07",
        "17:10",
        "17:34",
        "18:10",
        "18:35",
        "19:05",
        "19:39",
        "20:32"
    ],
    "saturday": [
        "6:37",
        "7:52",
        "8:22",
        "8:52",
        "9:16",
        "10:16",
        "11:16",
        "12:16",
        "13:16",
        "14:22",
        "15:22",
        "16:22",
        "16:52",
        "17:22",
        "17:49",
        "18:25",
        "18:49",
        "19:25",
        "19:52"
    ],
    "holiday": [
        "7:47",
        "8:47",
        "9:16",
        "10:16",
        "11:22",
        "12:22",
        "13:22",
        "14:17",
        "15:17",
        "16:17",
        "16:52",
        "17:22",
        "17:52",
        "18:22",
        "18:52",
        "19:22",
        "19:52"
    ],
    "url": "https://www.kanachu.co.jp/dia/diagram/timetable01_js/course:0000803458-4/node:00049321/kt:0/lname:/"
}
