{
    "date": "2025/10/20",
    "name": "南町田グランベリーパーク駅",
    "position": "-",
    "system": "南03",
    "destinations": [
        "町田辻",
        "大ヶ谷戸(町田市)",
        "円成寺前",
        "坂下(鶴間/町田市)",
        "マークスプリングス"
    ],
    "weekday": [
        "20:30",
        "21:10",
        "21:50",
        "22:25"
    ],
    "saturday": [
        "20:42",
        "21:31"
    ],
    "holiday": [
        "20:42",
        "21:31"
    ],
    "url": "https://www.kanachu.co.jp/dia/diagram/timetable01_js/course:0000802503-1/node:00129730/kt:0/lname:/"
}
