{
    "date": "2025/10/20",
    "name": "町田辻",
    "position": "-",
    "system": "南03",
    "destinations": [
        "大ヶ谷戸(町田市)",
        "円成寺前",
        "坂下(鶴間/町田市)",
        "マークスプリングス"
    ],
    "weekday": [
        "20:34",
        "21:14",
        "21:54",
        "22:29"
    ],
    "saturday": [
        "20:46",
        "21:35"
    ],
    "holiday": [
        "20:46",
        "21:35"
    ],
    "url": "https://www.kanachu.co.jp/dia/diagram/timetable01_js/course:0000802503-2/node:00129532/kt:0/lname:/"
}
