{
    "date": "2025/07/27",
    "name": "上ノ原(足柄上郡中井町)",
    "position": "-",
    "system": "秦92",
    "destinations": [
        "井ノ口小学校前",
        "上井ノ口",
        "原(足柄上郡中井町)",
        "猪分",
        "東名秦野",
        "南が丘東",
        "立野緑地入口",
        "日赤病院前(秦野市)",
        "小原台入口(秦野市)",
        "上尾尻橋",
        "秦野駅南口"
    ],
    "weekday": [
        "5:56",
        "6:31",
        "7:06",
        "7:29",
        "7:49",
        "8:12",
        "8:29",
        "8:52",
        "9:22",
        "9:50",
        "10:19",
        "10:49",
        "11:19",
        "11:49",
        "12:19",
        "13:22",
        "13:49",
        "14:19",
        "15:19",
        "15:49",
        "16:20",
        "16:56",
        "17:54",
        "18:20",
        "19:24"
    ],
    "saturday": [
        "8:04",
        "9:04",
        "10:04",
        "11:04",
        "12:06",
        "13:06",
        "14:06",
        "15:06",
        "16:06",
        "17:06",
        "18:14"
    ],
    "holiday": [
        "8:04",
        "9:04",
        "10:04",
        "11:04",
        "12:06",
        "13:06",
        "14:06",
        "15:06",
        "16:06",
        "17:06",
        "18:14"
    ],
    "url": "https://www.kanachu.co.jp/dia/diagram/timetable01_js/course:0000801360-5/node:00127947/kt:0/lname:/"
}
