{
    "date": "2025/07/27",
    "name": "上井ノ口",
    "position": "-",
    "system": "秦92",
    "destinations": [
        "原(足柄上郡中井町)",
        "猪分",
        "東名秦野",
        "南が丘東",
        "立野緑地入口",
        "日赤病院前(秦野市)",
        "小原台入口(秦野市)",
        "上尾尻橋",
        "秦野駅南口"
    ],
    "weekday": [
        "5:57",
        "6:32",
        "7:07",
        "7:30",
        "7:50",
        "8:13",
        "8:30",
        "8:53",
        "9:23",
        "9:51",
        "10:20",
        "10:50",
        "11:20",
        "11:50",
        "12:20",
        "13:23",
        "13:50",
        "14:20",
        "15:20",
        "15:50",
        "16:21",
        "16:57",
        "17:55",
        "18:21",
        "19:25"
    ],
    "saturday": [
        "8:05",
        "9:05",
        "10:05",
        "11:05",
        "12:07",
        "13:07",
        "14:07",
        "15:07",
        "16:07",
        "17:07",
        "18:15"
    ],
    "holiday": [
        "8:05",
        "9:05",
        "10:05",
        "11:05",
        "12:07",
        "13:07",
        "14:07",
        "15:07",
        "16:07",
        "17:07",
        "18:15"
    ],
    "url": "https://www.kanachu.co.jp/dia/diagram/timetable01_js/course:0000801360-7/node:00127777/kt:0/lname:/"
}
