{
    "date": "2025/07/27",
    "name": "東名秦野",
    "position": "-",
    "system": "秦92",
    "destinations": [
        "南が丘東",
        "立野緑地入口",
        "日赤病院前(秦野市)",
        "小原台入口(秦野市)",
        "上尾尻橋",
        "秦野駅南口"
    ],
    "weekday": [
        "6:00",
        "6:35",
        "7:10",
        "7:33",
        "7:53",
        "8:17",
        "8:34",
        "8:57",
        "9:27",
        "9:55",
        "10:24",
        "10:54",
        "11:24",
        "11:54",
        "12:24",
        "13:27",
        "13:54",
        "14:24",
        "15:24",
        "15:54",
        "16:25",
        "17:01",
        "17:59",
        "18:25",
        "19:28"
    ],
    "saturday": [
        "8:08",
        "9:08",
        "10:08",
        "11:08",
        "12:10",
        "13:10",
        "14:10",
        "15:10",
        "16:10",
        "17:10",
        "18:18"
    ],
    "holiday": [
        "8:08",
        "9:08",
        "10:08",
        "11:08",
        "12:10",
        "13:10",
        "14:10",
        "15:10",
        "16:10",
        "17:10",
        "18:18"
    ],
    "url": "https://www.kanachu.co.jp/dia/diagram/timetable01_js/course:0000801360-10/node:00026081/kt:0/lname:/"
}
