{
    "date": "2025/07/27",
    "name": "南が丘東",
    "position": "-",
    "system": "秦92",
    "destinations": [
        "立野緑地入口",
        "日赤病院前(秦野市)",
        "小原台入口(秦野市)",
        "上尾尻橋",
        "秦野駅南口"
    ],
    "weekday": [
        "6:02",
        "6:37",
        "7:12",
        "7:35",
        "7:55",
        "8:19",
        "8:36",
        "8:59",
        "9:29",
        "9:57",
        "10:26",
        "10:56",
        "11:26",
        "11:56",
        "12:26",
        "13:29",
        "13:56",
        "14:26",
        "15:26",
        "15:56",
        "16:27",
        "17:03",
        "18:01",
        "18:27",
        "19:30"
    ],
    "saturday": [
        "8:10",
        "9:10",
        "10:10",
        "11:10",
        "12:12",
        "13:12",
        "14:12",
        "15:12",
        "16:12",
        "17:12",
        "18:20"
    ],
    "holiday": [
        "8:10",
        "9:10",
        "10:10",
        "11:10",
        "12:12",
        "13:12",
        "14:12",
        "15:12",
        "16:12",
        "17:12",
        "18:20"
    ],
    "url": "https://www.kanachu.co.jp/dia/diagram/timetable01_js/course:0000801360-11/node:00127774/kt:0/lname:/"
}
