{
    "date": "2025/07/27",
    "name": "小原台入口(秦野市)",
    "position": "-",
    "system": "秦92",
    "destinations": [
        "上尾尻橋",
        "秦野駅南口"
    ],
    "weekday": [
        "6:09",
        "6:44",
        "7:19",
        "7:42",
        "8:02",
        "8:27",
        "8:44",
        "9:07",
        "9:37",
        "10:05",
        "10:34",
        "11:04",
        "11:34",
        "12:04",
        "12:34",
        "13:37",
        "14:04",
        "14:34",
        "15:34",
        "16:04",
        "16:35",
        "17:11",
        "18:09",
        "18:35",
        "19:37"
    ],
    "saturday": [
        "8:17",
        "9:17",
        "10:17",
        "11:17",
        "12:19",
        "13:19",
        "14:19",
        "15:19",
        "16:19",
        "17:19",
        "18:27"
    ],
    "holiday": [
        "8:17",
        "9:17",
        "10:17",
        "11:17",
        "12:19",
        "13:19",
        "14:19",
        "15:19",
        "16:19",
        "17:19",
        "18:27"
    ],
    "url": "https://www.kanachu.co.jp/dia/diagram/timetable01_js/course:0000801360-14/node:00127768/kt:0/lname:/"
}
