{
    "date": "2024/09/02",
    "name": "長後駅",
    "position": "-",
    "system": "長54",
    "destinations": [
        "住宅前(藤沢市高倉)",
        "藤沢湘南台病院前",
        "上高倉",
        "飯田(横浜市泉区)",
        "和泉坂上",
        "泉区総合庁舎前",
        "和泉(横浜市泉区)",
        "谷戸入口(横浜市泉区)",
        "立場ターミナル"
    ],
    "weekday": [
        "7:00",
        "7:50",
        "8:40",
        "9:30",
        "10:20",
        "11:10",
        "12:00",
        "12:50",
        "13:40",
        "14:30",
        "15:20",
        "16:10",
        "17:00",
        "17:50",
        "18:40",
        "19:30",
        "20:20"
    ],
    "saturday": [
        "8:15",
        "9:05",
        "9:55",
        "10:45",
        "11:35",
        "12:25",
        "13:15",
        "14:05",
        "14:55",
        "15:45",
        "16:35",
        "17:25",
        "18:15",
        "19:05",
        "19:55"
    ],
    "holiday": [
        "8:15",
        "9:05",
        "9:55",
        "10:45",
        "11:35",
        "12:25",
        "13:15",
        "14:05",
        "14:55",
        "15:45",
        "16:35",
        "17:25",
        "18:15",
        "19:05",
        "19:55"
    ],
    "url": "https://www.kanachu.co.jp/dia/diagram/timetable01_js/course:0000800303-1/node:00126792/kt:0/lname:/"
}
