{
    "date": "2024/09/02",
    "name": "上高倉",
    "position": "-",
    "system": "長54",
    "destinations": [
        "飯田(横浜市泉区)",
        "和泉坂上",
        "泉区総合庁舎前",
        "和泉(横浜市泉区)",
        "谷戸入口(横浜市泉区)",
        "立場ターミナル"
    ],
    "weekday": [
        "7:04",
        "7:54",
        "8:44",
        "9:34",
        "10:24",
        "11:14",
        "12:04",
        "12:54",
        "13:44",
        "14:34",
        "15:24",
        "16:14",
        "17:04",
        "17:54",
        "18:44",
        "19:34",
        "20:24"
    ],
    "saturday": [
        "8:19",
        "9:09",
        "9:59",
        "10:49",
        "11:39",
        "12:29",
        "13:19",
        "14:09",
        "14:59",
        "15:49",
        "16:39",
        "17:29",
        "18:19",
        "19:09",
        "19:59"
    ],
    "holiday": [
        "8:19",
        "9:09",
        "9:59",
        "10:49",
        "11:39",
        "12:29",
        "13:19",
        "14:09",
        "14:59",
        "15:49",
        "16:39",
        "17:29",
        "18:19",
        "19:09",
        "19:59"
    ],
    "url": "https://www.kanachu.co.jp/dia/diagram/timetable01_js/course:0000800303-4/node:00126789/kt:0/lname:/"
}
