{
    "date": "2024/09/02",
    "name": "泉区総合庁舎前",
    "position": "-",
    "system": "長54",
    "destinations": [
        "和泉(横浜市泉区)",
        "谷戸入口(横浜市泉区)",
        "立場ターミナル"
    ],
    "weekday": [
        "7:08",
        "7:58",
        "8:48",
        "9:38",
        "10:28",
        "11:18",
        "12:08",
        "12:58",
        "13:48",
        "14:38",
        "15:28",
        "16:18",
        "17:08",
        "17:58",
        "18:48",
        "19:38",
        "20:28"
    ],
    "saturday": [
        "8:23",
        "9:13",
        "10:03",
        "10:53",
        "11:43",
        "12:33",
        "13:23",
        "14:13",
        "15:03",
        "15:53",
        "16:43",
        "17:33",
        "18:23",
        "19:13",
        "20:03"
    ],
    "holiday": [
        "8:23",
        "9:13",
        "10:03",
        "10:53",
        "11:43",
        "12:33",
        "13:23",
        "14:13",
        "15:03",
        "15:53",
        "16:43",
        "17:33",
        "18:23",
        "19:13",
        "20:03"
    ],
    "url": "https://www.kanachu.co.jp/dia/diagram/timetable01_js/course:0000800303-7/node:00126786/kt:0/lname:/"
}
