{
    "date": "2025/04/01",
    "name": "南金目",
    "position": "-",
    "system": "平73",
    "destinations": [
        "金目駅",
        "堀町(平塚市)",
        "みずほ小学校",
        "塚越古墳",
        "北金目",
        "東海大学東",
        "東海大学1号館前",
        "東海大学前駅入口",
        "東海大学前駅南口"
    ],
    "weekday": [
        "6:55",
        "7:27",
        "8:10",
        "8:35",
        "9:19",
        "9:39",
        "10:30",
        "11:24",
        "12:22",
        "13:24",
        "14:24",
        "15:26",
        "16:30",
        "17:25",
        "18:05",
        "19:00",
        "19:32",
        "19:57",
        "20:47",
        "22:30"
    ],
    "saturday": [
        "7:16",
        "8:10",
        "8:55",
        "9:16",
        "10:26",
        "11:26",
        "12:26",
        "13:26",
        "14:26",
        "15:26",
        "16:31",
        "17:15",
        "17:55",
        "19:05",
        "20:08",
        "20:47",
        "22:25"
    ],
    "holiday": [
        "7:16",
        "8:10",
        "8:55",
        "9:16",
        "10:26",
        "11:26",
        "12:26",
        "13:26",
        "14:26",
        "15:26",
        "16:31",
        "17:15",
        "17:55",
        "19:05",
        "20:08",
        "20:47",
        "22:25"
    ],
    "url": "https://www.kanachu.co.jp/dia/diagram/timetable01_js/course:0000803658-22/node:00127732/kt:0/lname:/"
}
