{
    "date": "2026/01/16",
    "name": "松陽高校前",
    "position": "-",
    "system": "い08",
    "destinations": [
        "三家(横浜市泉区)",
        "早稲田(横浜市泉区)",
        "上飯田(横浜市泉区)",
        "五軒庭",
        "中屋敷(横浜市泉区)",
        "集会所前(横浜市泉区)",
        "渋谷中学校",
        "保育所前(大和市)",
        "いちょう団地",
        "台村",
        "飯田神社前",
        "団地入口(横浜市泉区)",
        "児童公園前(横浜市泉区)",
        "小学校前(横浜市泉区)",
        "上飯田団地",
        "小学校前(横浜市泉区)",
        "児童公園前(横浜市泉区)",
        "団地入口(横浜市泉区)",
        "飯田農協前",
        "上高倉",
        "藤沢湘南台病院前",
        "住宅前(藤沢市高倉)",
        "長後駅"
    ],
    "weekday": [
        "9:21",
        "10:51",
        "12:21",
        "13:51",
        "15:21",
        "16:51",
        "18:21"
    ],
    "saturday": [
        "9:52",
        "11:22",
        "12:52",
        "14:24",
        "15:52",
        "17:22"
    ],
    "holiday": [
        "9:52",
        "11:22",
        "12:52",
        "14:22",
        "15:52",
        "17:22"
    ],
    "url": "https://www.kanachu.co.jp/dia/diagram/timetable01_js/course:0000804271-3/node:00126939/kt:0/lname:/"
}
