{
    "date": "2026/01/16",
    "name": "早稲田(横浜市泉区)",
    "position": "-",
    "system": "い08",
    "destinations": [
        "上飯田(横浜市泉区)",
        "五軒庭",
        "中屋敷(横浜市泉区)",
        "集会所前(横浜市泉区)",
        "渋谷中学校",
        "保育所前(大和市)",
        "いちょう団地",
        "台村",
        "飯田神社前",
        "団地入口(横浜市泉区)",
        "児童公園前(横浜市泉区)",
        "小学校前(横浜市泉区)",
        "上飯田団地",
        "小学校前(横浜市泉区)",
        "児童公園前(横浜市泉区)",
        "団地入口(横浜市泉区)",
        "飯田農協前",
        "上高倉",
        "藤沢湘南台病院前",
        "住宅前(藤沢市高倉)",
        "長後駅"
    ],
    "weekday": [
        "9:24",
        "10:54",
        "12:24",
        "13:54",
        "15:24",
        "16:54",
        "18:24"
    ],
    "saturday": [
        "9:55",
        "11:25",
        "12:55",
        "14:27",
        "15:55",
        "17:25"
    ],
    "holiday": [
        "9:55",
        "11:25",
        "12:55",
        "14:25",
        "15:55",
        "17:25"
    ],
    "url": "https://www.kanachu.co.jp/dia/diagram/timetable01_js/course:0000804271-5/node:00126942/kt:0/lname:/"
}
