{
    "date": "2026/01/16",
    "name": "渋谷中学校",
    "position": "-",
    "system": "い08",
    "destinations": [
        "保育所前(大和市)",
        "いちょう団地",
        "台村",
        "飯田神社前",
        "団地入口(横浜市泉区)",
        "児童公園前(横浜市泉区)",
        "小学校前(横浜市泉区)",
        "上飯田団地",
        "小学校前(横浜市泉区)",
        "児童公園前(横浜市泉区)",
        "団地入口(横浜市泉区)",
        "飯田農協前",
        "上高倉",
        "藤沢湘南台病院前",
        "住宅前(藤沢市高倉)",
        "長後駅"
    ],
    "weekday": [
        "9:31",
        "11:01",
        "12:31",
        "14:01",
        "15:31",
        "17:01",
        "18:31"
    ],
    "saturday": [
        "10:02",
        "11:32",
        "13:02",
        "14:34",
        "16:02",
        "17:32"
    ],
    "holiday": [
        "10:02",
        "11:32",
        "13:02",
        "14:32",
        "16:02",
        "17:32"
    ],
    "url": "https://www.kanachu.co.jp/dia/diagram/timetable01_js/course:0000804271-10/node:00126894/kt:0/lname:/"
}
