{
    "date": "2026/01/16",
    "name": "飯田農協前",
    "position": "-",
    "system": "い08",
    "destinations": [
        "上高倉",
        "藤沢湘南台病院前",
        "住宅前(藤沢市高倉)",
        "長後駅"
    ],
    "weekday": [
        "9:42",
        "11:12",
        "12:42",
        "14:12",
        "15:42",
        "17:12",
        "18:42"
    ],
    "saturday": [
        "10:13",
        "11:43",
        "13:13",
        "14:45",
        "16:13",
        "17:43"
    ],
    "holiday": [
        "10:13",
        "11:43",
        "13:13",
        "14:43",
        "16:13",
        "17:43"
    ],
    "url": "https://www.kanachu.co.jp/dia/diagram/timetable01_js/course:0000804271-22/node:00126793/kt:0/lname:/"
}
