{
    "date": "2026/01/16",
    "name": "上高倉",
    "position": "-",
    "system": "い08",
    "destinations": [
        "藤沢湘南台病院前",
        "住宅前(藤沢市高倉)",
        "長後駅"
    ],
    "weekday": [
        "9:44",
        "11:14",
        "12:44",
        "14:14",
        "15:44",
        "17:14",
        "18:44"
    ],
    "saturday": [
        "10:15",
        "11:45",
        "13:15",
        "14:47",
        "16:15",
        "17:45"
    ],
    "holiday": [
        "10:15",
        "11:45",
        "13:15",
        "14:45",
        "16:15",
        "17:45"
    ],
    "url": "https://www.kanachu.co.jp/dia/diagram/timetable01_js/course:0000804271-23/node:00126789/kt:0/lname:/"
}
