{
    "date": "2024/04/01",
    "name": "工業団地入口(相模原市)",
    "position": "-",
    "system": "大60",
    "destinations": [
        "麻溝台一丁目",
        "麻溝台工業団地",
        "総合体育館前(相模原市南区)",
        "女子美術大学"
    ],
    "weekday": [
        "10:13",
        "10:23",
        "10:33",
        "10:48",
        "11:03",
        "11:33",
        "12:03",
        "12:18",
        "12:28",
        "12:36",
        "12:43",
        "12:51",
        "12:58",
        "13:33",
        "14:03",
        "14:33",
        "15:03",
        "15:33",
        "16:03",
        "16:33",
        "17:31",
        "17:56",
        "18:26",
        "18:56",
        "19:13"
    ],
    "saturday": [
        "10:13",
        "10:33",
        "10:58",
        "11:13",
        "11:33",
        "11:58",
        "12:13",
        "12:28",
        "12:53",
        "13:13",
        "13:43",
        "14:13",
        "14:53",
        "15:13",
        "15:43",
        "16:13",
        "16:43",
        "17:13",
        "17:43",
        "18:13",
        "18:43",
        "19:13"
    ],
    "holiday": [
        "7:53",
        "8:13",
        "8:38",
        "9:13",
        "9:38",
        "10:13",
        "10:38",
        "11:13",
        "11:38",
        "12:13",
        "12:38",
        "13:13",
        "13:38",
        "14:13",
        "14:38",
        "15:13",
        "15:38",
        "16:13",
        "16:38",
        "17:13",
        "17:38",
        "18:18",
        "18:33",
        "19:03",
        "19:18",
        "19:33"
    ],
    "url": "https://www.kanachu.co.jp/dia/diagram/timetable01_js/course:0000803418-13/node:00130530/kt:0/lname:/"
}
