{
    "date": "2026/01/16",
    "name": "有藤",
    "position": "-",
    "system": "辻34",
    "destinations": [
        "西高校前(藤沢市)",
        "南センター前(藤沢市)",
        "小糸",
        "大庭小学校",
        "ライフタウン中央(藤沢市)",
        "二番構保健医療センター",
        "駒寄",
        "滝の沢(藤沢市)",
        "滝の沢不動前",
        "湘南ライフタウン",
        "刈込(藤沢市)",
        "諸之木",
        "慶応大学",
        "慶応大学本館前",
        "慶応中高降車場"
    ],
    "weekday": [
        "7:10",
        "7:30",
        "7:50",
        "8:01",
        "8:09",
        "8:20",
        "8:31",
        "9:28",
        "9:40",
        "9:55",
        "10:29",
        "10:51",
        "11:09",
        "11:29",
        "11:51",
        "12:09",
        "12:29",
        "12:51",
        "13:09",
        "13:29",
        "13:51",
        "14:09",
        "14:29",
        "14:51",
        "15:09",
        "15:29",
        "15:51",
        "16:09",
        "17:38",
        "17:50",
        "21:15",
        "21:55"
    ],
    "saturday": [
        "7:39",
        "7:59",
        "8:19",
        "8:39",
        "8:59",
        "9:19",
        "9:39",
        "9:59",
        "10:19",
        "10:39",
        "10:59",
        "11:19",
        "11:39",
        "11:59",
        "12:19",
        "12:39",
        "12:59",
        "13:19",
        "13:39",
        "13:59",
        "14:39",
        "14:59",
        "15:39",
        "15:59",
        "16:39",
        "16:59",
        "17:39",
        "17:59",
        "18:39"
    ],
    "holiday": [],
    "url": "https://www.kanachu.co.jp/dia/diagram/timetable01_js/course:0000803996-6/node:00129938/kt:0/lname:/"
}
