{
    "date": "2026/01/16",
    "name": "大庭小学校",
    "position": "-",
    "system": "辻34",
    "destinations": [
        "ライフタウン中央(藤沢市)",
        "二番構保健医療センター",
        "駒寄",
        "滝の沢(藤沢市)",
        "滝の沢不動前",
        "湘南ライフタウン",
        "刈込(藤沢市)",
        "諸之木",
        "慶応大学",
        "慶応大学本館前",
        "慶応中高降車場"
    ],
    "weekday": [
        "7:14",
        "7:34",
        "7:54",
        "8:05",
        "8:13",
        "8:24",
        "8:35",
        "9:32",
        "9:44",
        "9:59",
        "10:33",
        "10:55",
        "11:13",
        "11:33",
        "11:55",
        "12:13",
        "12:33",
        "12:55",
        "13:13",
        "13:33",
        "13:55",
        "14:13",
        "14:33",
        "14:55",
        "15:13",
        "15:33",
        "15:55",
        "16:13",
        "17:42",
        "17:54",
        "21:19",
        "21:59"
    ],
    "saturday": [
        "7:43",
        "8:03",
        "8:23",
        "8:43",
        "9:03",
        "9:23",
        "9:43",
        "10:03",
        "10:23",
        "10:43",
        "11:03",
        "11:23",
        "11:43",
        "12:03",
        "12:23",
        "12:43",
        "13:03",
        "13:23",
        "13:43",
        "14:03",
        "14:43",
        "15:03",
        "15:43",
        "16:03",
        "16:43",
        "17:03",
        "17:43",
        "18:03",
        "18:43"
    ],
    "holiday": [],
    "url": "https://www.kanachu.co.jp/dia/diagram/timetable01_js/course:0000803996-10/node:00129942/kt:0/lname:/"
}
