{
    "date": "2026/01/16",
    "name": "駒寄",
    "position": "-",
    "system": "辻34",
    "destinations": [
        "滝の沢(藤沢市)",
        "滝の沢不動前",
        "湘南ライフタウン",
        "刈込(藤沢市)",
        "諸之木",
        "慶応大学",
        "慶応大学本館前",
        "慶応中高降車場"
    ],
    "weekday": [
        "7:17",
        "7:37",
        "7:57",
        "8:08",
        "8:16",
        "8:27",
        "8:38",
        "9:35",
        "9:47",
        "10:02",
        "10:36",
        "10:58",
        "11:16",
        "11:36",
        "11:58",
        "12:16",
        "12:36",
        "12:58",
        "13:16",
        "13:36",
        "13:58",
        "14:16",
        "14:36",
        "14:58",
        "15:16",
        "15:36",
        "15:58",
        "16:16",
        "17:45",
        "17:57",
        "21:22",
        "22:02"
    ],
    "saturday": [
        "7:46",
        "8:06",
        "8:26",
        "8:46",
        "9:06",
        "9:26",
        "9:46",
        "10:06",
        "10:26",
        "10:46",
        "11:06",
        "11:26",
        "11:46",
        "12:06",
        "12:26",
        "12:46",
        "13:06",
        "13:26",
        "13:46",
        "14:06",
        "14:46",
        "15:06",
        "15:46",
        "16:06",
        "16:46",
        "17:06",
        "17:46",
        "18:06",
        "18:46"
    ],
    "holiday": [],
    "url": "https://www.kanachu.co.jp/dia/diagram/timetable01_js/course:0000803996-13/node:00129945/kt:0/lname:/"
}
