{
    "date": "2026/01/16",
    "name": "諸之木",
    "position": "-",
    "system": "辻34",
    "destinations": [
        "慶応大学",
        "慶応大学本館前",
        "慶応中高降車場"
    ],
    "weekday": [
        "7:24",
        "7:44",
        "8:04",
        "8:15",
        "8:23",
        "8:34",
        "8:45",
        "9:42",
        "9:54",
        "10:09",
        "10:43",
        "11:05",
        "11:23",
        "11:43",
        "12:05",
        "12:23",
        "12:43",
        "13:05",
        "13:23",
        "13:43",
        "14:05",
        "14:23",
        "14:43",
        "15:05",
        "15:23",
        "15:43",
        "16:05",
        "16:23",
        "17:52",
        "18:04",
        "21:29",
        "22:09"
    ],
    "saturday": [
        "7:53",
        "8:13",
        "8:33",
        "8:53",
        "9:13",
        "9:33",
        "9:53",
        "10:13",
        "10:33",
        "10:53",
        "11:13",
        "11:33",
        "11:53",
        "12:13",
        "12:33",
        "12:53",
        "13:13",
        "13:33",
        "13:53",
        "14:13",
        "14:53",
        "15:13",
        "15:53",
        "16:13",
        "16:53",
        "17:13",
        "17:53",
        "18:13",
        "18:53"
    ],
    "holiday": [],
    "url": "https://www.kanachu.co.jp/dia/diagram/timetable01_js/course:0000803996-18/node:00129987/kt:0/lname:/"
}
