{
    "date": "2026/01/16",
    "name": "慶応大学本館前",
    "position": "-",
    "system": "辻34",
    "destinations": [
        "慶応中高降車場"
    ],
    "weekday": [
        "7:26",
        "7:46",
        "8:06",
        "8:17",
        "8:25",
        "8:36",
        "8:47",
        "9:44",
        "9:56",
        "10:11",
        "10:45",
        "11:07",
        "11:25",
        "11:45",
        "12:07",
        "12:25",
        "12:45",
        "13:07",
        "13:25",
        "13:45",
        "14:07",
        "14:25",
        "14:45",
        "15:07",
        "15:25",
        "15:45",
        "16:07",
        "16:25",
        "17:54",
        "18:06",
        "21:31",
        "22:11"
    ],
    "saturday": [
        "7:55",
        "8:15",
        "8:35",
        "8:55",
        "9:15",
        "9:35",
        "9:55",
        "10:15",
        "10:35",
        "10:55",
        "11:15",
        "11:35",
        "11:55",
        "12:15",
        "12:35",
        "12:55",
        "13:15",
        "13:35",
        "13:55",
        "14:15",
        "14:55",
        "15:15",
        "15:55",
        "16:15",
        "16:55",
        "17:15",
        "17:55",
        "18:15",
        "18:55"
    ],
    "holiday": [],
    "url": "https://www.kanachu.co.jp/dia/diagram/timetable01_js/course:0000803996-20/node:00129986/kt:0/lname:/"
}
