{
    "date": "2025/07/27",
    "name": "西小学校前(秦野市)",
    "position": "-",
    "system": "渋02",
    "destinations": [
        "西中学校前(秦野市)",
        "柳町(秦野市)",
        "渋沢駅北口"
    ],
    "weekday": [
        "6:29",
        "7:16",
        "7:46",
        "8:18",
        "8:56",
        "9:59",
        "10:59",
        "11:59",
        "12:59",
        "13:59",
        "14:29",
        "14:59",
        "15:29",
        "16:01",
        "16:31",
        "17:01",
        "18:01",
        "19:01",
        "19:57"
    ],
    "saturday": [
        "7:17",
        "7:47",
        "8:19",
        "8:35",
        "8:49",
        "9:15",
        "9:23",
        "9:47",
        "10:19",
        "10:47",
        "11:24",
        "11:47",
        "12:24",
        "12:49",
        "13:20",
        "13:47",
        "14:17",
        "14:47",
        "15:19",
        "15:47",
        "16:04",
        "16:19",
        "16:27",
        "16:47",
        "17:04",
        "17:17",
        "17:44",
        "17:57",
        "18:17",
        "18:47",
        "19:17",
        "19:47"
    ],
    "holiday": [
        "7:17",
        "7:47",
        "8:19",
        "8:35",
        "8:49",
        "9:15",
        "9:23",
        "9:47",
        "10:19",
        "10:47",
        "11:24",
        "11:47",
        "12:24",
        "12:49",
        "13:20",
        "13:47",
        "14:17",
        "14:47",
        "15:19",
        "15:47",
        "16:04",
        "16:19",
        "16:27",
        "16:47",
        "17:04",
        "17:17",
        "17:44",
        "17:57",
        "18:17",
        "18:47",
        "19:17",
        "19:47"
    ],
    "url": "https://www.kanachu.co.jp/dia/diagram/timetable01_js/course:0000803356-12/node:00127896/kt:0/lname:/"
}
