{
    "date": "2025/07/27",
    "name": "西中学校前(秦野市)",
    "position": "-",
    "system": "渋02",
    "destinations": [
        "柳町(秦野市)",
        "渋沢駅北口"
    ],
    "weekday": [
        "6:30",
        "7:17",
        "7:47",
        "8:19",
        "8:57",
        "10:00",
        "11:00",
        "12:00",
        "13:00",
        "14:00",
        "14:30",
        "15:00",
        "15:30",
        "16:02",
        "16:32",
        "17:02",
        "18:02",
        "19:02",
        "19:58"
    ],
    "saturday": [
        "7:18",
        "7:48",
        "8:20",
        "8:36",
        "8:50",
        "9:16",
        "9:24",
        "9:48",
        "10:20",
        "10:48",
        "11:25",
        "11:48",
        "12:25",
        "12:50",
        "13:21",
        "13:48",
        "14:18",
        "14:48",
        "15:20",
        "15:48",
        "16:05",
        "16:20",
        "16:28",
        "16:48",
        "17:05",
        "17:18",
        "17:45",
        "17:58",
        "18:18",
        "18:48",
        "19:18",
        "19:48"
    ],
    "holiday": [
        "7:18",
        "7:48",
        "8:20",
        "8:36",
        "8:50",
        "9:16",
        "9:24",
        "9:48",
        "10:20",
        "10:48",
        "11:25",
        "11:48",
        "12:25",
        "12:50",
        "13:21",
        "13:48",
        "14:18",
        "14:48",
        "15:20",
        "15:48",
        "16:05",
        "16:20",
        "16:28",
        "16:48",
        "17:05",
        "17:18",
        "17:45",
        "17:58",
        "18:18",
        "18:48",
        "19:18",
        "19:48"
    ],
    "url": "https://www.kanachu.co.jp/dia/diagram/timetable01_js/course:0000803356-13/node:00127897/kt:0/lname:/"
}
