{
    "date": "2025/08/30",
    "name": "水田(横浜市港南区)",
    "position": "-",
    "system": "",
    "destinations": [
        "中永谷",
        "般若寺橋",
        "下永谷(横浜市港南区)",
        "平戸(横浜市港南区)",
        "芹が谷団地前",
        "せりぎんタウン",
        "芹が谷",
        "芹が谷山谷",
        "水道橋下",
        "普門院前",
        "別所宮下",
        "南が丘中学校前",
        "最戸町",
        "最戸橋",
        "上大岡駅"
    ],
    "weekday": [
        "6:38",
        "6:59",
        "7:26",
        "7:34",
        "7:49",
        "7:56",
        "8:08",
        "8:31",
        "8:39",
        "8:55",
        "9:35",
        "9:55",
        "10:35",
        "10:55",
        "11:35",
        "11:55",
        "12:31",
        "13:01",
        "13:31",
        "14:01",
        "14:31",
        "15:01",
        "15:31",
        "16:01",
        "16:31",
        "17:28",
        "17:38",
        "18:08",
        "18:30",
        "18:42",
        "19:06",
        "19:33",
        "20:03",
        "20:15",
        "20:35",
        "21:15",
        "21:48"
    ],
    "saturday": [
        "7:55",
        "8:35",
        "8:54",
        "9:36",
        "9:54",
        "10:36",
        "10:55",
        "11:35",
        "11:55",
        "12:35",
        "12:55",
        "13:35",
        "13:55",
        "14:35",
        "14:55",
        "15:31",
        "16:01",
        "16:31",
        "17:03",
        "17:33",
        "18:03",
        "18:33",
        "19:03",
        "20:03",
        "21:30"
    ],
    "holiday": [
        "7:52",
        "8:35",
        "8:55",
        "9:35",
        "9:55",
        "10:35",
        "10:55",
        "11:35",
        "11:55",
        "12:35",
        "12:55",
        "13:35",
        "13:55",
        "14:35",
        "14:55",
        "15:35",
        "15:55",
        "16:31",
        "17:03",
        "17:33",
        "19:45",
        "21:45"
    ],
    "url": "https://www.kanachu.co.jp/dia/diagram/timetable01_js/course:0000803869-13/node:00102646/kt:0/lname:/"
}
