{
    "date": "2025/08/30",
    "name": "中永谷",
    "position": "-",
    "system": "",
    "destinations": [
        "般若寺橋",
        "下永谷(横浜市港南区)",
        "平戸(横浜市港南区)",
        "芹が谷団地前",
        "せりぎんタウン",
        "芹が谷",
        "芹が谷山谷",
        "水道橋下",
        "普門院前",
        "別所宮下",
        "南が丘中学校前",
        "最戸町",
        "最戸橋",
        "上大岡駅"
    ],
    "weekday": [
        "6:39",
        "7:00",
        "7:27",
        "7:35",
        "7:50",
        "7:57",
        "8:09",
        "8:32",
        "8:40",
        "8:56",
        "9:36",
        "9:56",
        "10:36",
        "10:56",
        "11:36",
        "11:56",
        "12:32",
        "13:02",
        "13:32",
        "14:02",
        "14:32",
        "15:02",
        "15:32",
        "16:02",
        "16:32",
        "17:29",
        "17:39",
        "18:09",
        "18:31",
        "18:43",
        "19:07",
        "19:34",
        "20:04",
        "20:16",
        "20:36",
        "21:16",
        "21:49"
    ],
    "saturday": [
        "7:56",
        "8:36",
        "8:55",
        "9:37",
        "9:55",
        "10:37",
        "10:56",
        "11:36",
        "11:56",
        "12:36",
        "12:56",
        "13:36",
        "13:56",
        "14:36",
        "14:56",
        "15:32",
        "16:02",
        "16:32",
        "17:04",
        "17:34",
        "18:04",
        "18:34",
        "19:04",
        "20:04",
        "21:31"
    ],
    "holiday": [
        "7:53",
        "8:36",
        "8:56",
        "9:36",
        "9:56",
        "10:36",
        "10:56",
        "11:36",
        "11:56",
        "12:36",
        "12:56",
        "13:36",
        "13:56",
        "14:36",
        "14:56",
        "15:36",
        "15:56",
        "16:32",
        "17:04",
        "17:34",
        "19:46",
        "21:46"
    ],
    "url": "https://www.kanachu.co.jp/dia/diagram/timetable01_js/course:0000803869-14/node:00102823/kt:0/lname:/"
}
