{
    "date": "2025/08/30",
    "name": "下永谷(横浜市港南区)",
    "position": "-",
    "system": "",
    "destinations": [
        "平戸(横浜市港南区)",
        "芹が谷団地前",
        "せりぎんタウン",
        "芹が谷",
        "芹が谷山谷",
        "水道橋下",
        "普門院前",
        "別所宮下",
        "南が丘中学校前",
        "最戸町",
        "最戸橋",
        "上大岡駅"
    ],
    "weekday": [
        "6:41",
        "7:02",
        "7:29",
        "7:37",
        "7:52",
        "7:59",
        "8:11",
        "8:34",
        "8:42",
        "8:58",
        "9:38",
        "9:58",
        "10:38",
        "10:58",
        "11:38",
        "11:58",
        "12:34",
        "13:04",
        "13:34",
        "14:04",
        "14:34",
        "15:04",
        "15:34",
        "16:04",
        "16:34",
        "17:31",
        "17:41",
        "18:11",
        "18:33",
        "18:45",
        "19:09",
        "19:36",
        "20:06",
        "20:18",
        "20:38",
        "21:18",
        "21:51"
    ],
    "saturday": [
        "7:58",
        "8:38",
        "8:57",
        "9:39",
        "9:57",
        "10:39",
        "10:58",
        "11:38",
        "11:58",
        "12:38",
        "12:58",
        "13:38",
        "13:58",
        "14:38",
        "14:58",
        "15:34",
        "16:04",
        "16:34",
        "17:06",
        "17:36",
        "18:06",
        "18:36",
        "19:06",
        "20:06",
        "21:33"
    ],
    "holiday": [
        "7:55",
        "8:38",
        "8:58",
        "9:38",
        "9:58",
        "10:38",
        "10:58",
        "11:38",
        "11:58",
        "12:38",
        "12:58",
        "13:38",
        "13:58",
        "14:38",
        "14:58",
        "15:38",
        "15:58",
        "16:34",
        "17:06",
        "17:36",
        "19:48",
        "21:48"
    ],
    "url": "https://www.kanachu.co.jp/dia/diagram/timetable01_js/course:0000803869-16/node:00102596/kt:0/lname:/"
}
