{
    "date": "2025/08/30",
    "name": "せりぎんタウン",
    "position": "-",
    "system": "",
    "destinations": [
        "芹が谷",
        "芹が谷山谷",
        "水道橋下",
        "普門院前",
        "別所宮下",
        "南が丘中学校前",
        "最戸町",
        "最戸橋",
        "上大岡駅"
    ],
    "weekday": [
        "6:47",
        "7:08",
        "7:35",
        "7:43",
        "7:58",
        "8:05",
        "8:17",
        "8:40",
        "8:48",
        "9:04",
        "9:44",
        "10:04",
        "10:44",
        "11:04",
        "11:44",
        "12:04",
        "12:40",
        "13:10",
        "13:40",
        "14:10",
        "14:40",
        "15:10",
        "15:40",
        "16:10",
        "16:40",
        "17:37",
        "17:47",
        "18:17",
        "18:39",
        "18:51",
        "19:15",
        "19:42",
        "20:11",
        "20:23",
        "20:43",
        "21:23",
        "21:56"
    ],
    "saturday": [
        "8:04",
        "8:44",
        "9:03",
        "9:45",
        "10:03",
        "10:45",
        "11:04",
        "11:44",
        "12:04",
        "12:44",
        "13:04",
        "13:44",
        "14:04",
        "14:44",
        "15:04",
        "15:40",
        "16:10",
        "16:40",
        "17:12",
        "17:42",
        "18:12",
        "18:42",
        "19:12",
        "20:11",
        "21:38"
    ],
    "holiday": [
        "8:01",
        "8:44",
        "9:04",
        "9:44",
        "10:04",
        "10:44",
        "11:04",
        "11:44",
        "12:04",
        "12:44",
        "13:04",
        "13:44",
        "14:04",
        "14:44",
        "15:04",
        "15:44",
        "16:04",
        "16:40",
        "17:12",
        "17:42",
        "19:53",
        "21:53"
    ],
    "url": "https://www.kanachu.co.jp/dia/diagram/timetable01_js/course:0000803869-19/node:00126568/kt:0/lname:/"
}
