{
    "date": "2025/04/01",
    "name": "山王ガーデン入口",
    "position": "-",
    "system": "鶴66",
    "destinations": [
        "春日台",
        "大蔵(鶴川郵便局前/町田市)",
        "鶴川市民センター入口",
        "下大蔵",
        "金井入口",
        "上能ヶ谷",
        "鶴川駅西口",
        "鶴川駅"
    ],
    "weekday": [
        "5:52",
        "6:50",
        "7:47",
        "8:47",
        "9:47",
        "10:46",
        "11:46",
        "12:46",
        "13:46",
        "14:46",
        "15:47",
        "16:47",
        "17:47",
        "18:47"
    ],
    "saturday": [
        "6:45",
        "7:45",
        "8:45",
        "9:45",
        "10:45",
        "11:45",
        "12:45",
        "13:45",
        "14:45",
        "15:45",
        "16:45",
        "17:45",
        "18:45"
    ],
    "holiday": [
        "7:45",
        "8:45",
        "9:45",
        "10:45",
        "11:45",
        "12:45",
        "13:45",
        "14:45",
        "15:45",
        "16:45",
        "17:45",
        "18:45"
    ],
    "url": "https://www.kanachu.co.jp/dia/diagram/timetable01_js/course:0000803446-6/node:00130306/kt:0/lname:/"
}
