{
    "date": "2025/04/01",
    "name": "鶴川市民センター入口",
    "position": "-",
    "system": "鶴66",
    "destinations": [
        "下大蔵",
        "金井入口",
        "上能ヶ谷",
        "鶴川駅西口",
        "鶴川駅"
    ],
    "weekday": [
        "5:56",
        "6:54",
        "7:52",
        "8:52",
        "9:51",
        "10:50",
        "11:50",
        "12:50",
        "13:50",
        "14:50",
        "15:52",
        "16:52",
        "17:52",
        "18:52"
    ],
    "saturday": [
        "6:49",
        "7:50",
        "8:50",
        "9:50",
        "10:50",
        "11:50",
        "12:50",
        "13:50",
        "14:50",
        "15:50",
        "16:50",
        "17:50",
        "18:50"
    ],
    "holiday": [
        "7:50",
        "8:50",
        "9:50",
        "10:50",
        "11:50",
        "12:50",
        "13:50",
        "14:50",
        "15:50",
        "16:50",
        "17:50",
        "18:50"
    ],
    "url": "https://www.kanachu.co.jp/dia/diagram/timetable01_js/course:0000803446-9/node:00129436/kt:0/lname:/"
}
