{
    "date": "2025/04/01",
    "name": "下大蔵",
    "position": "-",
    "system": "鶴66",
    "destinations": [
        "金井入口",
        "上能ヶ谷",
        "鶴川駅西口",
        "鶴川駅"
    ],
    "weekday": [
        "5:57",
        "6:55",
        "7:53",
        "8:53",
        "9:52",
        "10:51",
        "11:51",
        "12:51",
        "13:51",
        "14:51",
        "15:53",
        "16:53",
        "17:53",
        "18:53"
    ],
    "saturday": [
        "6:50",
        "7:51",
        "8:51",
        "9:51",
        "10:51",
        "11:51",
        "12:51",
        "13:51",
        "14:51",
        "15:51",
        "16:51",
        "17:51",
        "18:51"
    ],
    "holiday": [
        "7:51",
        "8:51",
        "9:51",
        "10:51",
        "11:51",
        "12:51",
        "13:51",
        "14:51",
        "15:51",
        "16:51",
        "17:51",
        "18:51"
    ],
    "url": "https://www.kanachu.co.jp/dia/diagram/timetable01_js/course:0000803446-10/node:00129437/kt:0/lname:/"
}
