{
    "date": "2025/10/20",
    "name": "観性寺前",
    "position": "-",
    "system": "成01",
    "destinations": [
        "成瀬台入口",
        "ポプラヶ丘前",
        "成瀬台二丁目",
        "野村住宅中央",
        "成瀬台"
    ],
    "weekday": [
        "7:25",
        "9:08",
        "10:35",
        "17:58",
        "18:58",
        "19:55",
        "20:10",
        "21:23",
        "22:03",
        "22:50"
    ],
    "saturday": [
        "20:15",
        "20:55",
        "21:35"
    ],
    "holiday": [
        "7:05",
        "7:35",
        "8:55",
        "20:15",
        "20:55"
    ],
    "url": "https://www.kanachu.co.jp/dia/diagram/timetable01_js/course:0000803017-5/node:00129559/kt:0/lname:/"
}
