{
    "date": "2025/10/20",
    "name": "成瀬台入口",
    "position": "-",
    "system": "成01",
    "destinations": [
        "ポプラヶ丘前",
        "成瀬台二丁目",
        "野村住宅中央",
        "成瀬台"
    ],
    "weekday": [
        "7:26",
        "9:09",
        "10:36",
        "17:59",
        "18:59",
        "19:56",
        "20:11",
        "21:24",
        "22:04",
        "22:51"
    ],
    "saturday": [
        "20:16",
        "20:56",
        "21:36"
    ],
    "holiday": [
        "7:06",
        "7:36",
        "8:56",
        "20:16",
        "20:56"
    ],
    "url": "https://www.kanachu.co.jp/dia/diagram/timetable01_js/course:0000803017-6/node:00129599/kt:0/lname:/"
}
