{
    "date": "2025/10/20",
    "name": "野村住宅中央",
    "position": "-",
    "system": "成01",
    "destinations": [
        "成瀬台"
    ],
    "weekday": [
        "7:29",
        "9:12",
        "10:39",
        "18:02",
        "19:02",
        "19:59",
        "20:14",
        "21:27",
        "22:07",
        "22:54"
    ],
    "saturday": [
        "20:19",
        "20:59",
        "21:39"
    ],
    "holiday": [
        "7:09",
        "7:39",
        "8:59",
        "20:19",
        "20:59"
    ],
    "url": "https://www.kanachu.co.jp/dia/diagram/timetable01_js/course:0000803017-9/node:00129602/kt:0/lname:/"
}
