{
    "date": "2025/07/12",
    "name": "桐原公園前",
    "position": "-",
    "system": "藤34",
    "destinations": [
        "一色上",
        "東京ラヂエーター前",
        "プレス工業前(藤沢市)",
        "石川(藤沢市)",
        "石川橋",
        "五反田(藤沢市)",
        "北の谷",
        "弁天前(藤沢市)",
        "天神社前",
        "舟地蔵",
        "大六天(藤沢市)",
        "明治小学校前",
        "羽鳥(藤沢市)",
        "メルシャン前",
        "引地橋",
        "一中入口(藤沢市)",
        "湘南高校前",
        "台町(藤沢市)",
        "本町消防出張所前",
        "藤沢公民館前",
        "遊行寺前",
        "遊行通り四丁目",
        "藤沢駅北口"
    ],
    "weekday": [
        "6:14",
        "6:44",
        "7:39",
        "8:11",
        "9:04",
        "10:08",
        "11:04",
        "12:04",
        "13:08",
        "14:04",
        "15:06",
        "16:04",
        "17:04",
        "18:04",
        "19:04",
        "20:04"
    ],
    "saturday": [
        "6:14",
        "7:09",
        "8:09",
        "9:09",
        "17:11",
        "18:11",
        "19:11",
        "20:04"
    ],
    "holiday": [
        "6:14",
        "7:09",
        "8:09",
        "9:09",
        "17:11",
        "18:11",
        "19:11",
        "20:04"
    ],
    "url": "https://www.kanachu.co.jp/dia/diagram/timetable01_js/course:0000802019-4/node:00129927/kt:0/lname:/"
}
