{
    "date": "2025/07/12",
    "name": "一色上",
    "position": "-",
    "system": "藤34",
    "destinations": [
        "東京ラヂエーター前",
        "プレス工業前(藤沢市)",
        "石川(藤沢市)",
        "石川橋",
        "五反田(藤沢市)",
        "北の谷",
        "弁天前(藤沢市)",
        "天神社前",
        "舟地蔵",
        "大六天(藤沢市)",
        "明治小学校前",
        "羽鳥(藤沢市)",
        "メルシャン前",
        "引地橋",
        "一中入口(藤沢市)",
        "湘南高校前",
        "台町(藤沢市)",
        "本町消防出張所前",
        "藤沢公民館前",
        "遊行寺前",
        "遊行通り四丁目",
        "藤沢駅北口"
    ],
    "weekday": [
        "6:16",
        "6:46",
        "7:41",
        "8:13",
        "9:06",
        "10:10",
        "11:06",
        "12:06",
        "13:10",
        "14:06",
        "15:08",
        "16:06",
        "17:06",
        "18:06",
        "19:06",
        "20:06"
    ],
    "saturday": [
        "6:16",
        "7:11",
        "8:11",
        "9:11",
        "17:13",
        "18:13",
        "19:13",
        "20:06"
    ],
    "holiday": [
        "6:16",
        "7:11",
        "8:11",
        "9:11",
        "17:13",
        "18:13",
        "19:13",
        "20:06"
    ],
    "url": "https://www.kanachu.co.jp/dia/diagram/timetable01_js/course:0000802019-5/node:00129928/kt:0/lname:/"
}
