{
    "date": "2025/07/12",
    "name": "天神社前",
    "position": "-",
    "system": "藤34",
    "destinations": [
        "舟地蔵",
        "大六天(藤沢市)",
        "明治小学校前",
        "羽鳥(藤沢市)",
        "メルシャン前",
        "引地橋",
        "一中入口(藤沢市)",
        "湘南高校前",
        "台町(藤沢市)",
        "本町消防出張所前",
        "藤沢公民館前",
        "遊行寺前",
        "遊行通り四丁目",
        "藤沢駅北口"
    ],
    "weekday": [
        "6:25",
        "6:55",
        "7:52",
        "8:24",
        "9:17",
        "10:21",
        "11:17",
        "12:17",
        "13:21",
        "14:17",
        "15:19",
        "16:17",
        "17:17",
        "18:16",
        "19:16",
        "20:15"
    ],
    "saturday": [
        "6:25",
        "7:20",
        "8:20",
        "9:20",
        "17:24",
        "18:23",
        "19:23",
        "20:15"
    ],
    "holiday": [
        "6:25",
        "7:20",
        "8:20",
        "9:20",
        "17:24",
        "18:23",
        "19:23",
        "20:15"
    ],
    "url": "https://www.kanachu.co.jp/dia/diagram/timetable01_js/course:0000802019-13/node:00127058/kt:0/lname:/"
}
