{
    "date": "2025/07/12",
    "name": "舟地蔵",
    "position": "-",
    "system": "藤34",
    "destinations": [
        "大六天(藤沢市)",
        "明治小学校前",
        "羽鳥(藤沢市)",
        "メルシャン前",
        "引地橋",
        "一中入口(藤沢市)",
        "湘南高校前",
        "台町(藤沢市)",
        "本町消防出張所前",
        "藤沢公民館前",
        "遊行寺前",
        "遊行通り四丁目",
        "藤沢駅北口"
    ],
    "weekday": [
        "6:26",
        "6:56",
        "7:53",
        "8:25",
        "9:18",
        "10:22",
        "11:18",
        "12:18",
        "13:22",
        "14:18",
        "15:20",
        "16:18",
        "17:18",
        "18:17",
        "19:17",
        "20:16"
    ],
    "saturday": [
        "6:26",
        "7:21",
        "8:21",
        "9:21",
        "17:25",
        "18:24",
        "19:24",
        "20:16"
    ],
    "holiday": [
        "6:26",
        "7:21",
        "8:21",
        "9:21",
        "17:25",
        "18:24",
        "19:24",
        "20:16"
    ],
    "url": "https://www.kanachu.co.jp/dia/diagram/timetable01_js/course:0000802019-14/node:00127057/kt:0/lname:/"
}
