{
    "date": "2025/07/12",
    "name": "メルシャン前",
    "position": "-",
    "system": "藤34",
    "destinations": [
        "引地橋",
        "一中入口(藤沢市)",
        "湘南高校前",
        "台町(藤沢市)",
        "本町消防出張所前",
        "藤沢公民館前",
        "遊行寺前",
        "遊行通り四丁目",
        "藤沢駅北口"
    ],
    "weekday": [
        "6:31",
        "7:01",
        "7:59",
        "8:31",
        "9:24",
        "10:28",
        "11:24",
        "12:24",
        "13:28",
        "14:24",
        "15:26",
        "16:24",
        "17:24",
        "18:22",
        "19:22",
        "20:21"
    ],
    "saturday": [
        "6:31",
        "7:26",
        "8:26",
        "9:26",
        "17:31",
        "18:29",
        "19:29",
        "20:21"
    ],
    "holiday": [
        "6:31",
        "7:26",
        "8:26",
        "9:26",
        "17:31",
        "18:29",
        "19:29",
        "20:21"
    ],
    "url": "https://www.kanachu.co.jp/dia/diagram/timetable01_js/course:0000802019-18/node:00127053/kt:0/lname:/"
}
