{
    "date": "2025/07/12",
    "name": "本町消防出張所前",
    "position": "-",
    "system": "藤34",
    "destinations": [
        "藤沢公民館前",
        "遊行寺前",
        "遊行通り四丁目",
        "藤沢駅北口"
    ],
    "weekday": [
        "6:36",
        "7:09",
        "8:07",
        "8:39",
        "9:31",
        "10:35",
        "11:31",
        "12:31",
        "13:35",
        "14:31",
        "15:33",
        "16:32",
        "17:32",
        "18:29",
        "19:29",
        "20:26"
    ],
    "saturday": [
        "6:36",
        "7:31",
        "8:33",
        "9:33",
        "17:39",
        "18:36",
        "19:34",
        "20:26"
    ],
    "holiday": [
        "6:36",
        "7:31",
        "8:33",
        "9:33",
        "17:39",
        "18:36",
        "19:34",
        "20:26"
    ],
    "url": "https://www.kanachu.co.jp/dia/diagram/timetable01_js/course:0000802019-23/node:00127011/kt:0/lname:/"
}
