{
    "date": "2025/10/20",
    "name": "町田ターミナル",
    "position": "-",
    "system": "町92",
    "destinations": [
        "町田バスセンター",
        "原町田四丁目",
        "原町田三丁目",
        "三塚",
        "熊野神社前(成瀬街道側/町田市)",
        "高ヶ坂センター前",
        "高ヶ坂",
        "団地入口(町田市)",
        "高ヶ坂団地"
    ],
    "weekday": [
        "9:02",
        "9:33",
        "10:03",
        "10:33",
        "11:03",
        "11:33",
        "12:03",
        "12:33",
        "13:03",
        "13:33",
        "14:03",
        "14:33",
        "15:03",
        "15:33",
        "16:03",
        "16:33",
        "17:03",
        "17:33",
        "18:03",
        "18:33",
        "18:55",
        "19:15",
        "19:45",
        "20:15",
        "20:55",
        "21:55"
    ],
    "saturday": [
        "9:08",
        "9:30",
        "9:53",
        "10:23",
        "10:53",
        "11:23",
        "11:53",
        "12:23",
        "12:53",
        "13:23",
        "13:53",
        "14:23",
        "14:53",
        "15:23",
        "15:53",
        "16:23",
        "16:53",
        "17:20",
        "17:45",
        "18:15",
        "18:45",
        "19:25",
        "20:05",
        "20:45",
        "21:25"
    ],
    "holiday": [
        "9:23",
        "9:53",
        "10:23",
        "10:53",
        "11:23",
        "11:53",
        "12:23",
        "12:53",
        "13:23",
        "13:53",
        "14:23",
        "14:53",
        "15:23",
        "15:53",
        "16:23",
        "16:53",
        "17:20",
        "17:45",
        "18:15",
        "18:45",
        "19:25",
        "20:05",
        "20:45",
        "21:25"
    ],
    "url": "https://www.kanachu.co.jp/dia/diagram/timetable01_js/course:0000801573-1/node:00129544/kt:0/lname:/"
}
