{
    "date": "2025/10/20",
    "name": "原町田四丁目",
    "position": "-",
    "system": "町92",
    "destinations": [
        "原町田三丁目",
        "三塚",
        "熊野神社前(成瀬街道側/町田市)",
        "高ヶ坂センター前",
        "高ヶ坂",
        "団地入口(町田市)",
        "高ヶ坂団地"
    ],
    "weekday": [
        "9:09",
        "9:40",
        "10:10",
        "10:40",
        "11:10",
        "11:40",
        "12:10",
        "12:40",
        "13:10",
        "13:40",
        "14:10",
        "14:40",
        "15:10",
        "15:40",
        "16:10",
        "16:40",
        "17:10",
        "17:40",
        "18:10",
        "18:40",
        "19:02",
        "19:22",
        "19:52",
        "20:22",
        "21:02",
        "22:02"
    ],
    "saturday": [
        "9:15",
        "9:37",
        "10:00",
        "10:30",
        "11:00",
        "11:30",
        "12:00",
        "12:30",
        "13:00",
        "13:30",
        "14:00",
        "14:30",
        "15:00",
        "15:30",
        "16:00",
        "16:30",
        "17:00",
        "17:27",
        "17:52",
        "18:22",
        "18:52",
        "19:32",
        "20:12",
        "20:52",
        "21:32"
    ],
    "holiday": [
        "9:30",
        "10:00",
        "10:30",
        "11:00",
        "11:30",
        "12:00",
        "12:30",
        "13:00",
        "13:30",
        "14:00",
        "14:30",
        "15:00",
        "15:30",
        "16:00",
        "16:30",
        "17:00",
        "17:27",
        "17:52",
        "18:22",
        "18:52",
        "19:32",
        "20:12",
        "20:52",
        "21:32"
    ],
    "url": "https://www.kanachu.co.jp/dia/diagram/timetable01_js/course:0000801573-3/node:00129465/kt:0/lname:/"
}
