{
    "date": "2025/10/20",
    "name": "原町田三丁目",
    "position": "-",
    "system": "町92",
    "destinations": [
        "三塚",
        "熊野神社前(成瀬街道側/町田市)",
        "高ヶ坂センター前",
        "高ヶ坂",
        "団地入口(町田市)",
        "高ヶ坂団地"
    ],
    "weekday": [
        "9:10",
        "9:41",
        "10:11",
        "10:41",
        "11:11",
        "11:41",
        "12:11",
        "12:41",
        "13:11",
        "13:41",
        "14:11",
        "14:41",
        "15:11",
        "15:41",
        "16:11",
        "16:41",
        "17:11",
        "17:41",
        "18:11",
        "18:41",
        "19:03",
        "19:23",
        "19:53",
        "20:23",
        "21:03",
        "22:03"
    ],
    "saturday": [
        "9:16",
        "9:38",
        "10:01",
        "10:31",
        "11:01",
        "11:31",
        "12:01",
        "12:31",
        "13:01",
        "13:31",
        "14:01",
        "14:31",
        "15:01",
        "15:31",
        "16:01",
        "16:31",
        "17:01",
        "17:28",
        "17:53",
        "18:23",
        "18:53",
        "19:33",
        "20:13",
        "20:53",
        "21:33"
    ],
    "holiday": [
        "9:31",
        "10:01",
        "10:31",
        "11:01",
        "11:31",
        "12:01",
        "12:31",
        "13:01",
        "13:31",
        "14:01",
        "14:31",
        "15:01",
        "15:31",
        "16:01",
        "16:31",
        "17:01",
        "17:28",
        "17:53",
        "18:23",
        "18:53",
        "19:33",
        "20:13",
        "20:53",
        "21:33"
    ],
    "url": "https://www.kanachu.co.jp/dia/diagram/timetable01_js/course:0000801573-4/node:00129546/kt:0/lname:/"
}
