{
    "date": "2025/10/20",
    "name": "熊野神社前(成瀬街道側/町田市)",
    "position": "-",
    "system": "町92",
    "destinations": [
        "高ヶ坂センター前",
        "高ヶ坂",
        "団地入口(町田市)",
        "高ヶ坂団地"
    ],
    "weekday": [
        "9:14",
        "9:45",
        "10:15",
        "10:45",
        "11:15",
        "11:45",
        "12:15",
        "12:45",
        "13:15",
        "13:45",
        "14:15",
        "14:45",
        "15:15",
        "15:45",
        "16:15",
        "16:45",
        "17:15",
        "17:45",
        "18:15",
        "18:45",
        "19:07",
        "19:27",
        "19:57",
        "20:26",
        "21:06",
        "22:06"
    ],
    "saturday": [
        "9:19",
        "9:41",
        "10:04",
        "10:34",
        "11:04",
        "11:34",
        "12:05",
        "12:35",
        "13:05",
        "13:35",
        "14:05",
        "14:35",
        "15:05",
        "15:35",
        "16:05",
        "16:35",
        "17:05",
        "17:32",
        "17:57",
        "18:27",
        "18:57",
        "19:36",
        "20:16",
        "20:56",
        "21:36"
    ],
    "holiday": [
        "9:34",
        "10:04",
        "10:34",
        "11:04",
        "11:34",
        "12:04",
        "12:34",
        "13:04",
        "13:34",
        "14:04",
        "14:34",
        "15:05",
        "15:35",
        "16:05",
        "16:35",
        "17:05",
        "17:32",
        "17:57",
        "18:27",
        "18:57",
        "19:36",
        "20:16",
        "20:56",
        "21:36"
    ],
    "url": "https://www.kanachu.co.jp/dia/diagram/timetable01_js/course:0000801573-6/node:00129581/kt:0/lname:/"
}
