{
    "date": "2025/10/20",
    "name": "高ヶ坂",
    "position": "-",
    "system": "町92",
    "destinations": [
        "団地入口(町田市)",
        "高ヶ坂団地"
    ],
    "weekday": [
        "9:15",
        "9:46",
        "10:16",
        "10:46",
        "11:16",
        "11:46",
        "12:16",
        "12:46",
        "13:16",
        "13:46",
        "14:16",
        "14:46",
        "15:16",
        "15:46",
        "16:16",
        "16:46",
        "17:16",
        "17:46",
        "18:16",
        "18:46",
        "19:08",
        "19:28",
        "19:58",
        "20:27",
        "21:07",
        "22:07"
    ],
    "saturday": [
        "9:20",
        "9:42",
        "10:05",
        "10:35",
        "11:05",
        "11:35",
        "12:06",
        "12:36",
        "13:06",
        "13:36",
        "14:06",
        "14:36",
        "15:06",
        "15:36",
        "16:06",
        "16:36",
        "17:06",
        "17:33",
        "17:58",
        "18:28",
        "18:58",
        "19:37",
        "20:17",
        "20:57",
        "21:37"
    ],
    "holiday": [
        "9:35",
        "10:05",
        "10:35",
        "11:05",
        "11:35",
        "12:05",
        "12:35",
        "13:05",
        "13:35",
        "14:05",
        "14:35",
        "15:06",
        "15:36",
        "16:06",
        "16:36",
        "17:06",
        "17:33",
        "17:58",
        "18:28",
        "18:58",
        "19:37",
        "20:17",
        "20:57",
        "21:37"
    ],
    "url": "https://www.kanachu.co.jp/dia/diagram/timetable01_js/course:0000801573-8/node:00129578/kt:0/lname:/"
}
