{
    "date": "2025/10/20",
    "name": "職業安定所前(大和市)",
    "position": "-",
    "system": "間17",
    "destinations": [
        "郵便局前(大和市)",
        "市民活動拠点ベテルギウス前",
        "豊川稲荷前(大和市)",
        "新橋通り(大和市)",
        "大和駅西口",
        "中央四丁目(大和市)",
        "草柳一丁目",
        "草柳二丁目",
        "草柳三丁目",
        "引地台公園入口",
        "山王橋(大和市)",
        "富士見橋(大和市)",
        "桜ヶ丘駅西口"
    ],
    "weekday": [
        "6:09",
        "7:08",
        "8:48"
    ],
    "saturday": [
        "8:25",
        "9:25",
        "10:25",
        "11:15",
        "12:05",
        "12:55",
        "13:45",
        "14:35",
        "15:25",
        "16:15",
        "17:05",
        "17:55"
    ],
    "holiday": [
        "8:25",
        "9:25",
        "10:25",
        "11:15",
        "12:05",
        "12:55",
        "13:45",
        "14:35",
        "15:25",
        "16:15",
        "17:05",
        "17:55"
    ],
    "url": "https://www.kanachu.co.jp/dia/diagram/timetable01_js/course:0000803742-5/node:00129742/kt:0/lname:/"
}
