{
    "date": "2025/10/20",
    "name": "郵便局前(大和市)",
    "position": "-",
    "system": "間17",
    "destinations": [
        "市民活動拠点ベテルギウス前",
        "豊川稲荷前(大和市)",
        "新橋通り(大和市)",
        "大和駅西口",
        "中央四丁目(大和市)",
        "草柳一丁目",
        "草柳二丁目",
        "草柳三丁目",
        "引地台公園入口",
        "山王橋(大和市)",
        "富士見橋(大和市)",
        "桜ヶ丘駅西口"
    ],
    "weekday": [
        "6:10",
        "7:09",
        "8:49"
    ],
    "saturday": [
        "8:26",
        "9:26",
        "10:26",
        "11:16",
        "12:06",
        "12:56",
        "13:46",
        "14:36",
        "15:26",
        "16:16",
        "17:06",
        "17:56"
    ],
    "holiday": [
        "8:26",
        "9:26",
        "10:26",
        "11:16",
        "12:06",
        "12:56",
        "13:46",
        "14:36",
        "15:26",
        "16:16",
        "17:06",
        "17:56"
    ],
    "url": "https://www.kanachu.co.jp/dia/diagram/timetable01_js/course:0000803742-6/node:00129612/kt:0/lname:/"
}
