{
    "date": "2025/10/20",
    "name": "富士見橋(大和市)",
    "position": "-",
    "system": "間17",
    "destinations": [
        "桜ヶ丘駅西口"
    ],
    "weekday": [
        "6:30",
        "7:29",
        "9:09"
    ],
    "saturday": [
        "8:46",
        "9:46",
        "10:46",
        "11:36",
        "12:26",
        "13:16",
        "14:06",
        "14:56",
        "15:46",
        "16:36",
        "17:26",
        "18:16"
    ],
    "holiday": [
        "8:46",
        "9:46",
        "10:46",
        "11:36",
        "12:26",
        "13:16",
        "14:06",
        "14:56",
        "15:46",
        "16:36",
        "17:26",
        "18:16"
    ],
    "url": "https://www.kanachu.co.jp/dia/diagram/timetable01_js/course:0000803742-17/node:00129623/kt:0/lname:/"
}
