{
    "date": "2025/05/11",
    "name": "公田団地",
    "position": "-",
    "system": "船17",
    "destinations": [
        "団地下(横浜市栄区)",
        "団地入口(横浜市栄区)",
        "天神橋(横浜市栄区)",
        "栄警察署前",
        "公田",
        "鎌倉女子大前",
        "平島(鎌倉市)",
        "笠間十字路",
        "笠間町",
        "岩井口",
        "大船駅(横浜市栄区)"
    ],
    "weekday": [
        "5:59",
        "6:12",
        "6:32",
        "6:52",
        "7:12",
        "7:32",
        "7:52",
        "8:12",
        "8:32",
        "8:52",
        "9:03",
        "9:20",
        "9:40",
        "10:00",
        "10:20",
        "10:40",
        "11:00",
        "11:20",
        "11:40",
        "12:00",
        "12:20",
        "12:40",
        "13:00",
        "13:20",
        "13:40",
        "14:00",
        "14:20",
        "14:40",
        "15:00",
        "15:20",
        "15:42",
        "16:00",
        "16:20",
        "16:42",
        "17:05",
        "17:26",
        "17:48",
        "18:10",
        "18:32",
        "18:54",
        "19:16",
        "19:38",
        "20:00",
        "20:22",
        "20:44",
        "21:06",
        "21:45",
        "22:05",
        "22:27"
    ],
    "saturday": [
        "6:30",
        "7:03",
        "7:20",
        "7:40",
        "8:00",
        "8:20",
        "8:40",
        "9:00",
        "9:20",
        "9:40",
        "10:00",
        "10:20",
        "10:40",
        "11:00",
        "11:20",
        "11:40",
        "12:00",
        "12:30",
        "12:50",
        "13:15",
        "13:40",
        "14:05",
        "14:30",
        "14:55",
        "15:15",
        "15:30",
        "15:45",
        "16:06",
        "16:21",
        "16:43",
        "17:05",
        "17:27",
        "17:51",
        "18:15",
        "18:45",
        "19:11",
        "19:40",
        "20:20"
    ],
    "holiday": [
        "6:30",
        "7:03",
        "7:20",
        "7:40",
        "8:00",
        "8:20",
        "8:40",
        "9:00",
        "9:20",
        "9:40",
        "10:00",
        "10:20",
        "10:40",
        "11:00",
        "11:20",
        "11:40",
        "12:00",
        "12:30",
        "12:50",
        "13:15",
        "13:40",
        "14:05",
        "14:30",
        "14:55",
        "15:15",
        "15:30",
        "15:45",
        "16:06",
        "16:21",
        "16:43",
        "17:05",
        "17:27",
        "17:51",
        "18:15",
        "18:45",
        "19:11",
        "19:40",
        "20:20"
    ],
    "url": "https://www.kanachu.co.jp/dia/diagram/timetable01_js/course:0000802930-1/node:00126541/kt:0/lname:/"
}
