{
    "date": "2025/05/11",
    "name": "鎌倉女子大前",
    "position": "-",
    "system": "船17",
    "destinations": [
        "平島(鎌倉市)",
        "笠間十字路",
        "笠間町",
        "岩井口",
        "大船駅(横浜市栄区)"
    ],
    "weekday": [
        "6:06",
        "6:19",
        "6:39",
        "6:59",
        "7:19",
        "7:39",
        "7:59",
        "8:19",
        "8:39",
        "8:59",
        "9:10",
        "9:27",
        "9:47",
        "10:07",
        "10:27",
        "10:47",
        "11:07",
        "11:27",
        "11:47",
        "12:07",
        "12:27",
        "12:47",
        "13:07",
        "13:27",
        "13:47",
        "14:07",
        "14:27",
        "14:47",
        "15:07",
        "15:27",
        "15:49",
        "16:07",
        "16:27",
        "16:49",
        "17:12",
        "17:33",
        "17:55",
        "18:17",
        "18:39",
        "19:01",
        "19:23",
        "19:45",
        "20:06",
        "20:28",
        "20:50",
        "21:12",
        "21:51",
        "22:11",
        "22:33"
    ],
    "saturday": [
        "6:37",
        "7:11",
        "7:28",
        "7:48",
        "8:08",
        "8:28",
        "8:48",
        "9:08",
        "9:28",
        "9:48",
        "10:08",
        "10:28",
        "10:48",
        "11:08",
        "11:28",
        "11:48",
        "12:08",
        "12:38",
        "12:58",
        "13:23",
        "13:48",
        "14:13",
        "14:38",
        "15:03",
        "15:23",
        "15:38",
        "15:53",
        "16:14",
        "16:29",
        "16:51",
        "17:13",
        "17:35",
        "17:59",
        "18:23",
        "18:53",
        "19:18",
        "19:47",
        "20:27"
    ],
    "holiday": [
        "6:37",
        "7:11",
        "7:28",
        "7:48",
        "8:08",
        "8:28",
        "8:48",
        "9:08",
        "9:28",
        "9:48",
        "10:08",
        "10:28",
        "10:48",
        "11:08",
        "11:28",
        "11:48",
        "12:08",
        "12:38",
        "12:58",
        "13:23",
        "13:48",
        "14:13",
        "14:38",
        "15:03",
        "15:23",
        "15:38",
        "15:53",
        "16:14",
        "16:29",
        "16:51",
        "17:13",
        "17:35",
        "17:59",
        "18:23",
        "18:53",
        "19:18",
        "19:47",
        "20:27"
    ],
    "url": "https://www.kanachu.co.jp/dia/diagram/timetable01_js/course:0000802930-7/node:00126505/kt:0/lname:/"
}
