{
    "system": "船17",
    "busstops": [
        {
            "index": "1",
            "id": "00126541",
            "name": "公田団地",
            "lat": "35.35872",
            "lng": "139.556663"
        },
        {
            "index": "2",
            "id": "00126540",
            "name": "団地下(横浜市栄区)",
            "lat": "35.359993",
            "lng": "139.556485"
        },
        {
            "index": "3",
            "id": "00126539",
            "name": "団地入口(横浜市栄区)",
            "lat": "35.36241",
            "lng": "139.556997"
        },
        {
            "index": "4",
            "id": "00126507",
            "name": "天神橋(横浜市栄区)",
            "lat": "35.363256",
            "lng": "139.555255"
        },
        {
            "index": "5",
            "id": "00126609",
            "name": "栄警察署前",
            "lat": "35.362342",
            "lng": "139.553224"
        },
        {
            "index": "6",
            "id": "00126506",
            "name": "公田",
            "lat": "35.361053",
            "lng": "139.550497"
        },
        {
            "index": "7",
            "id": "00126505",
            "name": "鎌倉女子大前",
            "lat": "35.360113",
            "lng": "139.546834"
        },
        {
            "index": "8",
            "id": "00126504",
            "name": "平島(鎌倉市)",
            "lat": "35.360823",
            "lng": "139.544062"
        },
        {
            "index": "9",
            "id": "00126503",
            "name": "笠間十字路",
            "lat": "35.361021",
            "lng": "139.539279"
        },
        {
            "index": "10",
            "id": "00126502",
            "name": "笠間町",
            "lat": "35.360496",
            "lng": "139.537543"
        },
        {
            "index": "11",
            "id": "00126501",
            "name": "岩井口",
            "lat": "35.359325",
            "lng": "139.535652"
        },
        {
            "index": "12",
            "id": "00126594",
            "name": "大船駅(横浜市栄区)",
            "lat": "35.355998",
            "lng": "139.533269"
        }
    ],
    "route_url": "https://www.kanachu.co.jp/dia/route/index/cid:0000802930/"
}
