{
    "date": "2025/10/20",
    "name": "つくし野駅",
    "position": "-",
    "system": "つ01",
    "destinations": [
        "つくし野小学校",
        "つくし野二丁目(町田市)",
        "小川中央",
        "柳谷戸",
        "小川小学校前",
        "小川かえで公園前",
        "小川高校入口",
        "成瀬駅ガード南",
        "成瀬駅",
        "南成瀬",
        "成瀬高校入口",
        "中村(町田市成瀬)",
        "観性寺前",
        "成瀬台入口",
        "ポプラヶ丘前",
        "成瀬台二丁目",
        "野村住宅中央",
        "成瀬台"
    ],
    "weekday": [
        "6:48",
        "7:43",
        "8:43",
        "9:41",
        "11:18",
        "13:18",
        "15:18",
        "16:18",
        "17:11",
        "18:04",
        "19:08",
        "20:31"
    ],
    "saturday": [
        "6:48",
        "7:18",
        "8:18",
        "9:18",
        "10:18",
        "11:18",
        "13:18",
        "15:18",
        "16:18",
        "17:18",
        "18:28",
        "19:28"
    ],
    "holiday": [
        "8:18",
        "9:18",
        "10:18",
        "11:18",
        "13:18",
        "15:18",
        "16:18",
        "17:18",
        "18:28",
        "19:28"
    ],
    "url": "https://www.kanachu.co.jp/dia/diagram/timetable01_js/course:0000801032-1/node:00129557/kt:0/lname:/"
}
