{
    "date": "2025/10/20",
    "name": "つくし野二丁目(町田市)",
    "position": "-",
    "system": "つ01",
    "destinations": [
        "小川中央",
        "柳谷戸",
        "小川小学校前",
        "小川かえで公園前",
        "小川高校入口",
        "成瀬駅ガード南",
        "成瀬駅",
        "南成瀬",
        "成瀬高校入口",
        "中村(町田市成瀬)",
        "観性寺前",
        "成瀬台入口",
        "ポプラヶ丘前",
        "成瀬台二丁目",
        "野村住宅中央",
        "成瀬台"
    ],
    "weekday": [
        "6:49",
        "7:44",
        "8:44",
        "9:42",
        "11:19",
        "13:19",
        "15:19",
        "16:19",
        "17:12",
        "18:05",
        "19:09",
        "20:32"
    ],
    "saturday": [
        "6:49",
        "7:19",
        "8:19",
        "9:19",
        "10:19",
        "11:19",
        "13:19",
        "15:19",
        "16:19",
        "17:19",
        "18:29",
        "19:29"
    ],
    "holiday": [
        "8:19",
        "9:19",
        "10:19",
        "11:19",
        "13:19",
        "15:19",
        "16:19",
        "17:19",
        "18:29",
        "19:29"
    ],
    "url": "https://www.kanachu.co.jp/dia/diagram/timetable01_js/course:0000801032-3/node:00129564/kt:0/lname:/"
}
