{
    "date": "2025/10/20",
    "name": "小川中央",
    "position": "-",
    "system": "",
    "destinations": [
        "柳谷戸",
        "小川小学校前",
        "小川かえで公園前",
        "小川高校入口",
        "成瀬駅ガード南",
        "成瀬駅",
        "南成瀬",
        "成瀬高校入口",
        "中村(町田市成瀬)",
        "観性寺前",
        "成瀬台入口",
        "ポプラヶ丘前",
        "成瀬台二丁目",
        "野村住宅中央",
        "成瀬台"
    ],
    "weekday": [
        "6:50",
        "7:45",
        "8:45",
        "9:43",
        "11:20",
        "13:20",
        "15:20",
        "16:20",
        "17:13",
        "18:06",
        "19:10",
        "20:33"
    ],
    "saturday": [
        "6:50",
        "7:20",
        "8:20",
        "9:20",
        "10:20",
        "11:20",
        "13:20",
        "15:20",
        "16:20",
        "17:20",
        "18:30",
        "19:30"
    ],
    "holiday": [
        "8:20",
        "9:20",
        "10:20",
        "11:20",
        "13:20",
        "15:20",
        "16:20",
        "17:20",
        "18:30",
        "19:30"
    ],
    "url": "https://www.kanachu.co.jp/dia/diagram/timetable01_js/course:0000801032-4/node:00129555/kt:0/lname:/"
}
