{
    "date": "2025/10/20",
    "name": "成瀬高校入口",
    "position": "-",
    "system": "",
    "destinations": [
        "中村(町田市成瀬)",
        "観性寺前",
        "成瀬台入口",
        "ポプラヶ丘前",
        "成瀬台二丁目",
        "野村住宅中央",
        "成瀬台"
    ],
    "weekday": [
        "7:02",
        "7:57",
        "8:57",
        "9:55",
        "11:32",
        "13:32",
        "15:32",
        "16:32",
        "17:25",
        "18:18",
        "19:22",
        "20:45"
    ],
    "saturday": [
        "7:02",
        "7:32",
        "8:32",
        "9:32",
        "10:32",
        "11:32",
        "13:32",
        "15:32",
        "16:32",
        "17:32",
        "18:42",
        "19:42"
    ],
    "holiday": [
        "8:32",
        "9:32",
        "10:32",
        "11:32",
        "13:32",
        "15:32",
        "16:32",
        "17:32",
        "18:42",
        "19:42"
    ],
    "url": "https://www.kanachu.co.jp/dia/diagram/timetable01_js/course:0000801032-12/node:00129561/kt:0/lname:/"
}
