{
    "date": "2025/10/20",
    "name": "観性寺前",
    "position": "-",
    "system": "",
    "destinations": [
        "成瀬台入口",
        "ポプラヶ丘前",
        "成瀬台二丁目",
        "野村住宅中央",
        "成瀬台"
    ],
    "weekday": [
        "7:05",
        "8:00",
        "9:00",
        "9:58",
        "11:35",
        "13:35",
        "15:35",
        "16:35",
        "17:28",
        "18:21",
        "19:25",
        "20:48"
    ],
    "saturday": [
        "7:05",
        "7:35",
        "8:35",
        "9:35",
        "10:35",
        "11:35",
        "13:35",
        "15:35",
        "16:35",
        "17:35",
        "18:45",
        "19:45"
    ],
    "holiday": [
        "8:35",
        "9:35",
        "10:35",
        "11:35",
        "13:35",
        "15:35",
        "16:35",
        "17:35",
        "18:45",
        "19:45"
    ],
    "url": "https://www.kanachu.co.jp/dia/diagram/timetable01_js/course:0000801032-14/node:00129559/kt:0/lname:/"
}
