{
    "date": "2025/10/20",
    "name": "成瀬台入口",
    "position": "-",
    "system": "つ01",
    "destinations": [
        "ポプラヶ丘前",
        "成瀬台二丁目",
        "野村住宅中央",
        "成瀬台"
    ],
    "weekday": [
        "7:06",
        "8:01",
        "9:01",
        "9:59",
        "11:36",
        "13:36",
        "15:36",
        "16:36",
        "17:29",
        "18:22",
        "19:26",
        "20:49"
    ],
    "saturday": [
        "7:06",
        "7:36",
        "8:36",
        "9:36",
        "10:36",
        "11:36",
        "13:36",
        "15:36",
        "16:36",
        "17:36",
        "18:46",
        "19:46"
    ],
    "holiday": [
        "8:36",
        "9:36",
        "10:36",
        "11:36",
        "13:36",
        "15:36",
        "16:36",
        "17:36",
        "18:46",
        "19:46"
    ],
    "url": "https://www.kanachu.co.jp/dia/diagram/timetable01_js/course:0000801032-15/node:00129599/kt:0/lname:/"
}
