{
    "date": "2025/10/20",
    "name": "ポプラヶ丘前",
    "position": "-",
    "system": "",
    "destinations": [
        "成瀬台二丁目",
        "野村住宅中央",
        "成瀬台"
    ],
    "weekday": [
        "7:07",
        "8:02",
        "9:02",
        "10:00",
        "11:37",
        "13:37",
        "15:37",
        "16:37",
        "17:30",
        "18:23",
        "19:27",
        "20:50"
    ],
    "saturday": [
        "7:07",
        "7:37",
        "8:37",
        "9:37",
        "10:37",
        "11:37",
        "13:37",
        "15:37",
        "16:37",
        "17:37",
        "18:47",
        "19:47"
    ],
    "holiday": [
        "8:37",
        "9:37",
        "10:37",
        "11:37",
        "13:37",
        "15:37",
        "16:37",
        "17:37",
        "18:47",
        "19:47"
    ],
    "url": "https://www.kanachu.co.jp/dia/diagram/timetable01_js/course:0000801032-16/node:00129600/kt:0/lname:/"
}
