{
    "date": "2025/10/20",
    "name": "成瀬台二丁目",
    "position": "-",
    "system": "",
    "destinations": [
        "野村住宅中央",
        "成瀬台"
    ],
    "weekday": [
        "7:08",
        "8:03",
        "9:03",
        "10:01",
        "11:38",
        "13:38",
        "15:38",
        "16:38",
        "17:31",
        "18:24",
        "19:28",
        "20:51"
    ],
    "saturday": [
        "7:08",
        "7:38",
        "8:38",
        "9:38",
        "10:38",
        "11:38",
        "13:38",
        "15:38",
        "16:38",
        "17:38",
        "18:48",
        "19:48"
    ],
    "holiday": [
        "8:38",
        "9:38",
        "10:38",
        "11:38",
        "13:38",
        "15:38",
        "16:38",
        "17:38",
        "18:48",
        "19:48"
    ],
    "url": "https://www.kanachu.co.jp/dia/diagram/timetable01_js/course:0000801032-17/node:00129601/kt:0/lname:/"
}
