{
    "date": "2025/10/20",
    "name": "野村住宅中央",
    "position": "-",
    "system": "",
    "destinations": [
        "成瀬台"
    ],
    "weekday": [
        "7:09",
        "8:04",
        "9:04",
        "10:02",
        "11:39",
        "13:39",
        "15:39",
        "16:39",
        "17:32",
        "18:25",
        "19:29",
        "20:52"
    ],
    "saturday": [
        "7:09",
        "7:39",
        "8:39",
        "9:39",
        "10:39",
        "11:39",
        "13:39",
        "15:39",
        "16:39",
        "17:39",
        "18:49",
        "19:49"
    ],
    "holiday": [
        "8:39",
        "9:39",
        "10:39",
        "11:39",
        "13:39",
        "15:39",
        "16:39",
        "17:39",
        "18:49",
        "19:49"
    ],
    "url": "https://www.kanachu.co.jp/dia/diagram/timetable01_js/course:0000801032-18/node:00129602/kt:0/lname:/"
}
