{
    "date": "2025/08/30",
    "name": "般若寺橋",
    "position": "-",
    "system": "上20",
    "destinations": [
        "下永谷(横浜市港南区)",
        "平戸(横浜市港南区)"
    ],
    "weekday": [
        "22:23"
    ],
    "saturday": [
        "19:43",
        "21:02",
        "22:14"
    ],
    "holiday": [
        "18:40",
        "21:02"
    ],
    "url": "https://www.kanachu.co.jp/dia/diagram/timetable01_js/course:0000803839-15/node:00102927/kt:0/lname:/"
}
