{
    "date": "2024/10/01",
    "name": "愛川バスセンター",
    "position": "-",
    "system": "",
    "destinations": [
        "愛川町役場",
        "愛川北部病院前",
        "箕輪辻",
        "愛川高校前",
        "高峰小学校前",
        "ハイテク団地入口",
        "下宿(愛甲郡愛川町)",
        "三増",
        "中央養鶏前",
        "中原(愛甲郡愛川町)",
        "上志田(愛甲郡愛川町)",
        "上野原(愛甲郡愛川町)",
        "愛川中学校前",
        "田代坂下",
        "愛川田代局前",
        "田代(愛甲郡愛川町)",
        "半僧坊前(県道側/愛甲郡愛川町)",
        "半僧坊前(国道側/愛甲郡愛川町)",
        "清雲寺前(愛甲郡愛川町)",
        "塚原橋(愛甲郡愛川町)",
        "鈴木製材所前",
        "八木クリニック",
        "市之田",
        "NKビル前",
        "半原小学校入口",
        "伊保(愛甲郡愛川町)",
        "撚糸組合前",
        "半原",
        "川北(愛甲郡愛川町)",
        "愛川大橋",
        "馬場(愛甲郡愛川町)",
        "愛川ふれあいの村・野外センター前",
        "たからや前",
        "原臼",
        "成井新聞店前",
        "細野橋",
        "清雲寺入口",
        "半僧坊前(国道側/愛甲郡愛川町)",
        "半僧坊前(県道側/愛甲郡愛川町)",
        "田代(愛甲郡愛川町)",
        "戸倉(愛甲郡愛川町)",
        "下戸倉",
        "角田大橋",
        "宮上(愛甲郡愛川町)",
        "峰(愛甲郡愛川町)",
        "中央養鶏前",
        "三増",
        "下宿(愛甲郡愛川町)",
        "ハイテク団地入口",
        "高峰小学校前",
        "愛川高校前",
        "箕輪辻",
        "愛川北部病院前",
        "愛川町役場",
        "愛川バスセンター"
    ],
    "weekday": [
        "7:00",
        "8:35",
        "11:30",
        "13:25",
        "16:10",
        "17:45"
    ],
    "saturday": [],
    "holiday": [],
    "url": "https://www.kanachu.co.jp/dia/diagram/timetable01_js/course:0000803627-1/node:00128700/kt:0/lname:/"
}
