{
    "date": "2024/10/01",
    "name": "撚糸組合前",
    "position": "-",
    "system": "ー",
    "destinations": [
        "半原",
        "川北(愛甲郡愛川町)",
        "愛川大橋",
        "馬場(愛甲郡愛川町)",
        "愛川ふれあいの村・野外センター前",
        "たからや前",
        "原臼",
        "成井新聞店前",
        "細野橋",
        "清雲寺入口",
        "半僧坊前(国道側/愛甲郡愛川町)",
        "半僧坊前(県道側/愛甲郡愛川町)",
        "田代(愛甲郡愛川町)",
        "戸倉(愛甲郡愛川町)",
        "下戸倉",
        "角田大橋",
        "宮上(愛甲郡愛川町)",
        "峰(愛甲郡愛川町)",
        "中央養鶏前",
        "三増",
        "下宿(愛甲郡愛川町)",
        "ハイテク団地入口",
        "高峰小学校前",
        "愛川高校前",
        "箕輪辻",
        "愛川北部病院前",
        "愛川町役場",
        "愛川バスセンター"
    ],
    "weekday": [
        "7:36",
        "9:11",
        "12:06",
        "14:01",
        "16:46",
        "18:21"
    ],
    "saturday": [],
    "holiday": [],
    "url": "https://www.kanachu.co.jp/dia/diagram/timetable01_js/course:0000803627-28/node:00128294/kt:0/lname:/"
}
