{
    "date": "2024/10/01",
    "name": "成井新聞店前",
    "position": "-",
    "system": "ー",
    "destinations": [
        "細野橋",
        "清雲寺入口",
        "半僧坊前(国道側/愛甲郡愛川町)",
        "半僧坊前(県道側/愛甲郡愛川町)",
        "田代(愛甲郡愛川町)",
        "戸倉(愛甲郡愛川町)",
        "下戸倉",
        "角田大橋",
        "宮上(愛甲郡愛川町)",
        "峰(愛甲郡愛川町)",
        "中央養鶏前",
        "三増",
        "下宿(愛甲郡愛川町)",
        "ハイテク団地入口",
        "高峰小学校前",
        "愛川高校前",
        "箕輪辻",
        "愛川北部病院前",
        "愛川町役場",
        "愛川バスセンター"
    ],
    "weekday": [
        "7:46",
        "9:21",
        "12:16",
        "14:11",
        "16:56",
        "18:31"
    ],
    "saturday": [],
    "holiday": [],
    "url": "https://www.kanachu.co.jp/dia/diagram/timetable01_js/course:0000803627-36/node:00128709/kt:0/lname:/"
}
