{
    "date": "2024/10/01",
    "name": "半僧坊前(国道側/愛甲郡愛川町)",
    "position": "-",
    "system": "ー",
    "destinations": [
        "半僧坊前(県道側/愛甲郡愛川町)",
        "田代(愛甲郡愛川町)",
        "戸倉(愛甲郡愛川町)",
        "下戸倉",
        "角田大橋",
        "宮上(愛甲郡愛川町)",
        "峰(愛甲郡愛川町)",
        "中央養鶏前",
        "三増",
        "下宿(愛甲郡愛川町)",
        "ハイテク団地入口",
        "高峰小学校前",
        "愛川高校前",
        "箕輪辻",
        "愛川北部病院前",
        "愛川町役場",
        "愛川バスセンター"
    ],
    "weekday": [
        "7:53",
        "9:28",
        "12:23",
        "14:18",
        "17:03",
        "18:38"
    ],
    "saturday": [],
    "holiday": [],
    "url": "https://www.kanachu.co.jp/dia/diagram/timetable01_js/course:0000803627-39/node:00128732/kt:0/lname:/"
}
