{
    "date": "2024/10/01",
    "name": "戸倉(愛甲郡愛川町)",
    "position": "-",
    "system": "",
    "destinations": [
        "下戸倉",
        "角田大橋",
        "宮上(愛甲郡愛川町)",
        "峰(愛甲郡愛川町)",
        "中央養鶏前",
        "三増",
        "下宿(愛甲郡愛川町)",
        "ハイテク団地入口",
        "高峰小学校前",
        "愛川高校前",
        "箕輪辻",
        "愛川北部病院前",
        "愛川町役場",
        "愛川バスセンター"
    ],
    "weekday": [
        "7:55",
        "9:30",
        "12:25",
        "14:20",
        "17:05",
        "18:40"
    ],
    "saturday": [],
    "holiday": [],
    "url": "https://www.kanachu.co.jp/dia/diagram/timetable01_js/course:0000803627-42/node:00129201/kt:0/lname:/"
}
