{
    "date": "2024/10/01",
    "name": "宮上(愛甲郡愛川町)",
    "position": "-",
    "system": "",
    "destinations": [
        "峰(愛甲郡愛川町)",
        "中央養鶏前",
        "三増",
        "下宿(愛甲郡愛川町)",
        "ハイテク団地入口",
        "高峰小学校前",
        "愛川高校前",
        "箕輪辻",
        "愛川北部病院前",
        "愛川町役場",
        "愛川バスセンター"
    ],
    "weekday": [
        "7:59",
        "9:34",
        "12:29",
        "14:24",
        "17:09",
        "18:44"
    ],
    "saturday": [],
    "holiday": [],
    "url": "https://www.kanachu.co.jp/dia/diagram/timetable01_js/course:0000803627-45/node:00129275/kt:0/lname:/"
}
