{
    "date": "2024/10/01",
    "name": "ハイテク団地入口",
    "position": "-",
    "system": "ー",
    "destinations": [
        "高峰小学校前",
        "愛川高校前",
        "箕輪辻",
        "愛川北部病院前",
        "愛川町役場",
        "愛川バスセンター"
    ],
    "weekday": [
        "8:08",
        "9:43",
        "12:38",
        "14:33",
        "17:18",
        "18:53"
    ],
    "saturday": [],
    "holiday": [],
    "url": "https://www.kanachu.co.jp/dia/diagram/timetable01_js/course:0000803627-50/node:00128733/kt:0/lname:/"
}
