{
    "date": "2025/11/16",
    "name": "日向岡入口",
    "position": "-",
    "system": "平28",
    "destinations": [
        "大町(平塚市)",
        "坂間",
        "高村団地入口",
        "南河内(平塚市)",
        "山下団地入口",
        "神明下",
        "平塚大橋",
        "上平塚",
        "平塚農商高校",
        "貴峯荘前",
        "中里(平塚市)",
        "柳町入口",
        "桧扇町",
        "大鳥公園前(平塚市)",
        "見附町",
        "明石町四丁目",
        "明石町(平塚市)",
        "明石町一丁目",
        "四ツ角(平塚市)",
        "平塚駅北口"
    ],
    "weekday": [
        "6:07",
        "6:27",
        "6:47",
        "7:07",
        "7:27",
        "7:47",
        "8:07",
        "8:37",
        "9:09",
        "9:39",
        "10:09",
        "10:39",
        "11:09",
        "11:39",
        "12:09",
        "12:39",
        "13:09",
        "13:39",
        "14:09",
        "14:39",
        "15:09",
        "15:39",
        "16:09",
        "16:39",
        "17:09",
        "17:39",
        "18:39",
        "19:39",
        "20:37",
        "21:37"
    ],
    "saturday": [
        "6:37",
        "7:37",
        "8:07",
        "8:37",
        "9:07",
        "9:37",
        "10:22",
        "11:02",
        "11:42",
        "12:22",
        "13:02",
        "13:42",
        "14:22",
        "15:02",
        "15:42",
        "16:22",
        "17:02",
        "17:42",
        "18:22",
        "19:02",
        "19:42",
        "20:52"
    ],
    "holiday": [
        "7:22",
        "8:07",
        "8:37",
        "9:07",
        "9:37",
        "10:22",
        "11:02",
        "11:42",
        "12:22",
        "13:02",
        "13:42",
        "14:22",
        "15:02",
        "15:42",
        "16:22",
        "17:02",
        "17:42",
        "18:22",
        "19:02",
        "19:42",
        "20:52"
    ],
    "url": "https://www.kanachu.co.jp/dia/diagram/timetable01_js/course:0000800018-4/node:00127579/kt:0/lname:/"
}
