{
    "date": "2025/11/16",
    "name": "桧扇町",
    "position": "-",
    "system": "平28",
    "destinations": [
        "大鳥公園前(平塚市)",
        "見附町",
        "明石町四丁目",
        "明石町(平塚市)",
        "明石町一丁目",
        "四ツ角(平塚市)",
        "平塚駅北口"
    ],
    "weekday": [
        "6:19",
        "6:39",
        "6:59",
        "7:19",
        "7:39",
        "7:59",
        "8:19",
        "8:49",
        "9:21",
        "9:51",
        "10:21",
        "10:51",
        "11:21",
        "11:51",
        "12:21",
        "12:51",
        "13:21",
        "13:51",
        "14:21",
        "14:51",
        "15:21",
        "15:51",
        "16:21",
        "16:51",
        "17:21",
        "17:51",
        "18:51",
        "19:51",
        "20:49",
        "21:49"
    ],
    "saturday": [
        "6:49",
        "7:49",
        "8:19",
        "8:49",
        "9:19",
        "9:49",
        "10:34",
        "11:14",
        "11:54",
        "12:34",
        "13:14",
        "13:54",
        "14:34",
        "15:14",
        "15:54",
        "16:34",
        "17:14",
        "17:54",
        "18:34",
        "19:14",
        "19:54",
        "21:04"
    ],
    "holiday": [
        "7:34",
        "8:19",
        "8:49",
        "9:19",
        "9:49",
        "10:34",
        "11:14",
        "11:54",
        "12:34",
        "13:14",
        "13:54",
        "14:34",
        "15:14",
        "15:54",
        "16:34",
        "17:14",
        "17:54",
        "18:34",
        "19:14",
        "19:54",
        "21:04"
    ],
    "url": "https://www.kanachu.co.jp/dia/diagram/timetable01_js/course:0000800018-17/node:00127586/kt:0/lname:/"
}
