{
    "date": "2025/11/16",
    "name": "明石町(平塚市)",
    "position": "-",
    "system": "平65",
    "destinations": [
        "崇善小学校前",
        "江陽中学校前(平塚市)",
        "美術館入口(平塚市)",
        "総合公園(平塚市)",
        "平塚球場",
        "北新町",
        "第一三共前(平塚市)",
        "三菱ケミカル前",
        "湘南車検場前",
        "打間木下",
        "打間木上",
        "美里",
        "下島(平塚市)",
        "四ツ谷入口(平塚市)",
        "大島(平塚市)",
        "大島北",
        "大島住宅",
        "横内四ツ角",
        "田村車庫"
    ],
    "weekday": [
        "7:19",
        "7:33",
        "7:40",
        "7:46",
        "8:02",
        "8:11",
        "8:22",
        "8:31",
        "9:07",
        "9:21",
        "9:41",
        "10:06",
        "10:21",
        "10:48",
        "11:06",
        "11:21",
        "11:46",
        "12:01",
        "12:21",
        "12:46",
        "13:06",
        "13:51",
        "14:17",
        "14:31",
        "14:51",
        "15:16",
        "16:16",
        "16:46",
        "18:21",
        "18:41",
        "19:01",
        "19:31",
        "20:16",
        "20:56",
        "21:56"
    ],
    "saturday": [
        "7:06",
        "8:11",
        "8:41",
        "9:36",
        "10:06",
        "10:36",
        "11:05",
        "12:06",
        "12:36",
        "13:06",
        "14:06",
        "14:36",
        "15:06",
        "16:06",
        "16:36",
        "17:01",
        "18:01",
        "18:41",
        "19:06",
        "20:41",
        "21:41"
    ],
    "holiday": [
        "8:11",
        "8:41",
        "9:36",
        "10:06",
        "10:36",
        "11:05",
        "12:06",
        "12:36",
        "13:06",
        "14:06",
        "14:36",
        "15:06",
        "16:06",
        "16:36",
        "17:01",
        "18:01",
        "18:41",
        "19:06",
        "20:41",
        "21:41"
    ],
    "url": "https://www.kanachu.co.jp/dia/diagram/timetable01_js/course:0000801248-4/node:00127458/kt:0/lname:/"
}
