{
    "date": "2025/11/16",
    "name": "江陽中学校前(平塚市)",
    "position": "-",
    "system": "平65",
    "destinations": [
        "美術館入口(平塚市)",
        "総合公園(平塚市)",
        "平塚球場",
        "北新町",
        "第一三共前(平塚市)",
        "三菱ケミカル前",
        "湘南車検場前",
        "打間木下",
        "打間木上",
        "美里",
        "下島(平塚市)",
        "四ツ谷入口(平塚市)",
        "大島(平塚市)",
        "大島北",
        "大島住宅",
        "横内四ツ角",
        "田村車庫"
    ],
    "weekday": [
        "7:21",
        "7:35",
        "7:42",
        "7:48",
        "8:04",
        "8:13",
        "8:24",
        "8:33",
        "9:09",
        "9:23",
        "9:43",
        "10:08",
        "10:23",
        "10:50",
        "11:08",
        "11:23",
        "11:48",
        "12:03",
        "12:23",
        "12:48",
        "13:08",
        "13:53",
        "14:19",
        "14:33",
        "14:53",
        "15:18",
        "16:18",
        "16:48",
        "18:23",
        "18:43",
        "19:03",
        "19:33",
        "20:18",
        "20:58",
        "21:58"
    ],
    "saturday": [
        "7:08",
        "8:13",
        "8:43",
        "9:38",
        "10:08",
        "10:38",
        "11:07",
        "12:08",
        "12:38",
        "13:08",
        "14:08",
        "14:38",
        "15:08",
        "16:08",
        "16:38",
        "17:03",
        "18:03",
        "18:43",
        "19:08",
        "20:43",
        "21:43"
    ],
    "holiday": [
        "8:13",
        "8:43",
        "9:38",
        "10:08",
        "10:38",
        "11:07",
        "12:08",
        "12:38",
        "13:08",
        "14:08",
        "14:38",
        "15:08",
        "16:08",
        "16:38",
        "17:03",
        "18:03",
        "18:43",
        "19:08",
        "20:43",
        "21:43"
    ],
    "url": "https://www.kanachu.co.jp/dia/diagram/timetable01_js/course:0000801248-6/node:00127598/kt:0/lname:/"
}
