{
    "date": "2025/11/16",
    "name": "湘南車検場前",
    "position": "-",
    "system": "平65",
    "destinations": [
        "打間木下",
        "打間木上",
        "美里",
        "下島(平塚市)",
        "四ツ谷入口(平塚市)",
        "大島(平塚市)",
        "大島北",
        "大島住宅",
        "横内四ツ角",
        "田村車庫"
    ],
    "weekday": [
        "7:26",
        "7:40",
        "7:47",
        "7:53",
        "8:09",
        "8:18",
        "8:29",
        "8:38",
        "9:14",
        "9:28",
        "9:48",
        "10:13",
        "10:28",
        "10:55",
        "11:13",
        "11:28",
        "11:53",
        "12:08",
        "12:28",
        "12:53",
        "13:13",
        "13:58",
        "14:24",
        "14:38",
        "14:58",
        "15:23",
        "16:23",
        "16:53",
        "18:28",
        "18:48",
        "19:08",
        "19:38",
        "20:23",
        "21:03",
        "22:03"
    ],
    "saturday": [
        "7:13",
        "8:18",
        "8:48",
        "9:43",
        "10:13",
        "10:43",
        "11:12",
        "12:13",
        "12:43",
        "13:13",
        "14:13",
        "14:43",
        "15:13",
        "16:13",
        "16:43",
        "17:08",
        "18:08",
        "18:48",
        "19:13",
        "20:48",
        "21:48"
    ],
    "holiday": [
        "8:18",
        "8:48",
        "9:43",
        "10:13",
        "10:43",
        "11:12",
        "12:13",
        "12:43",
        "13:13",
        "14:13",
        "14:43",
        "15:13",
        "16:13",
        "16:43",
        "17:08",
        "18:08",
        "18:48",
        "19:13",
        "20:48",
        "21:48"
    ],
    "url": "https://www.kanachu.co.jp/dia/diagram/timetable01_js/course:0000801248-13/node:00127693/kt:0/lname:/"
}
