{
    "date": "2025/11/16",
    "name": "美里",
    "position": "-",
    "system": "平65",
    "destinations": [
        "下島(平塚市)",
        "四ツ谷入口(平塚市)",
        "大島(平塚市)",
        "大島北",
        "大島住宅",
        "横内四ツ角",
        "田村車庫"
    ],
    "weekday": [
        "7:29",
        "7:43",
        "7:50",
        "7:56",
        "8:12",
        "8:21",
        "8:32",
        "8:41",
        "9:17",
        "9:31",
        "9:51",
        "10:16",
        "10:31",
        "10:58",
        "11:16",
        "11:31",
        "11:56",
        "12:11",
        "12:31",
        "12:56",
        "13:16",
        "14:01",
        "14:27",
        "14:41",
        "15:01",
        "15:26",
        "16:26",
        "16:56",
        "18:31",
        "18:51",
        "19:11",
        "19:41",
        "20:26",
        "21:06",
        "22:06"
    ],
    "saturday": [
        "7:16",
        "8:21",
        "8:51",
        "9:46",
        "10:16",
        "10:46",
        "11:15",
        "12:16",
        "12:46",
        "13:16",
        "14:16",
        "14:46",
        "15:16",
        "16:16",
        "16:46",
        "17:11",
        "18:11",
        "18:51",
        "19:16",
        "20:51",
        "21:51"
    ],
    "holiday": [
        "8:21",
        "8:51",
        "9:46",
        "10:16",
        "10:46",
        "11:15",
        "12:16",
        "12:46",
        "13:16",
        "14:16",
        "14:46",
        "15:16",
        "16:16",
        "16:46",
        "17:11",
        "18:11",
        "18:51",
        "19:16",
        "20:51",
        "21:51"
    ],
    "url": "https://www.kanachu.co.jp/dia/diagram/timetable01_js/course:0000801248-16/node:00127635/kt:0/lname:/"
}
