{
    "date": "2025/11/16",
    "name": "四ツ谷入口(平塚市)",
    "position": "-",
    "system": "平65",
    "destinations": [
        "大島(平塚市)",
        "大島北",
        "大島住宅",
        "横内四ツ角",
        "田村車庫"
    ],
    "weekday": [
        "7:31",
        "7:45",
        "7:52",
        "7:58",
        "8:14",
        "8:23",
        "8:34",
        "8:43",
        "9:19",
        "9:33",
        "9:53",
        "10:18",
        "10:33",
        "11:00",
        "11:18",
        "11:33",
        "11:58",
        "12:13",
        "12:33",
        "12:58",
        "13:18",
        "14:03",
        "14:29",
        "14:43",
        "15:03",
        "15:28",
        "16:28",
        "16:58",
        "18:33",
        "18:53",
        "19:13",
        "19:43",
        "20:28",
        "21:08",
        "22:08"
    ],
    "saturday": [
        "7:18",
        "8:23",
        "8:53",
        "9:48",
        "10:18",
        "10:48",
        "11:17",
        "12:18",
        "12:48",
        "13:18",
        "14:18",
        "14:48",
        "15:18",
        "16:18",
        "16:48",
        "17:13",
        "18:13",
        "18:53",
        "19:18",
        "20:53",
        "21:53"
    ],
    "holiday": [
        "8:23",
        "8:53",
        "9:48",
        "10:18",
        "10:48",
        "11:17",
        "12:18",
        "12:48",
        "13:18",
        "14:18",
        "14:48",
        "15:18",
        "16:18",
        "16:48",
        "17:13",
        "18:13",
        "18:53",
        "19:18",
        "20:53",
        "21:53"
    ],
    "url": "https://www.kanachu.co.jp/dia/diagram/timetable01_js/course:0000801248-18/node:00127637/kt:0/lname:/"
}
