{
    "date": "2025/11/16",
    "name": "大島北",
    "position": "-",
    "system": "平65",
    "destinations": [
        "大島住宅",
        "横内四ツ角",
        "田村車庫"
    ],
    "weekday": [
        "7:33",
        "7:47",
        "7:54",
        "8:00",
        "8:16",
        "8:25",
        "8:36",
        "8:45",
        "9:21",
        "9:35",
        "9:55",
        "10:20",
        "10:35",
        "11:02",
        "11:20",
        "11:35",
        "12:00",
        "12:15",
        "12:35",
        "13:00",
        "13:20",
        "14:05",
        "14:31",
        "14:45",
        "15:05",
        "15:30",
        "16:30",
        "17:00",
        "18:35",
        "18:55",
        "19:15",
        "19:45",
        "20:30",
        "21:10",
        "22:10"
    ],
    "saturday": [
        "7:20",
        "8:25",
        "8:55",
        "9:50",
        "10:20",
        "10:50",
        "11:19",
        "12:20",
        "12:50",
        "13:20",
        "14:20",
        "14:50",
        "15:20",
        "16:20",
        "16:50",
        "17:15",
        "18:15",
        "18:55",
        "19:20",
        "20:55",
        "21:55"
    ],
    "holiday": [
        "8:25",
        "8:55",
        "9:50",
        "10:20",
        "10:50",
        "11:19",
        "12:20",
        "12:50",
        "13:20",
        "14:20",
        "14:50",
        "15:20",
        "16:20",
        "16:50",
        "17:15",
        "18:15",
        "18:55",
        "19:20",
        "20:55",
        "21:55"
    ],
    "url": "https://www.kanachu.co.jp/dia/diagram/timetable01_js/course:0000801248-20/node:00127639/kt:0/lname:/"
}
