{
    "date": "2025/11/16",
    "name": "横内四ツ角",
    "position": "-",
    "system": "平65",
    "destinations": [
        "田村車庫"
    ],
    "weekday": [
        "7:36",
        "7:50",
        "7:57",
        "8:03",
        "8:19",
        "8:28",
        "8:39",
        "8:48",
        "9:24",
        "9:38",
        "9:58",
        "10:23",
        "10:38",
        "11:05",
        "11:23",
        "11:38",
        "12:03",
        "12:18",
        "12:38",
        "13:03",
        "13:23",
        "14:08",
        "14:34",
        "14:48",
        "15:08",
        "15:33",
        "16:33",
        "17:03",
        "18:38",
        "18:58",
        "19:18",
        "19:48",
        "20:33",
        "21:13",
        "22:13"
    ],
    "saturday": [
        "7:23",
        "8:28",
        "8:58",
        "9:53",
        "10:23",
        "10:53",
        "11:22",
        "12:23",
        "12:53",
        "13:23",
        "14:23",
        "14:53",
        "15:23",
        "16:23",
        "16:53",
        "17:18",
        "18:18",
        "18:58",
        "19:23",
        "20:58",
        "21:58"
    ],
    "holiday": [
        "8:28",
        "8:58",
        "9:53",
        "10:23",
        "10:53",
        "11:22",
        "12:23",
        "12:53",
        "13:23",
        "14:23",
        "14:53",
        "15:23",
        "16:23",
        "16:53",
        "17:18",
        "18:18",
        "18:58",
        "19:23",
        "20:58",
        "21:58"
    ],
    "url": "https://www.kanachu.co.jp/dia/diagram/timetable01_js/course:0000801248-22/node:00127616/kt:0/lname:/"
}
