{
    "system": "平65",
    "busstops": [
        {
            "index": "1",
            "id": "00127464",
            "name": "平塚駅北口",
            "lat": "35.329086",
            "lng": "139.350204"
        },
        {
            "index": "2",
            "id": "00127190",
            "name": "四ツ角(平塚市)",
            "lat": "35.330828",
            "lng": "139.350049"
        },
        {
            "index": "3",
            "id": "00127457",
            "name": "明石町一丁目",
            "lat": "35.331382",
            "lng": "139.34897"
        },
        {
            "index": "4",
            "id": "00127458",
            "name": "明石町(平塚市)",
            "lat": "35.331281",
            "lng": "139.347852"
        },
        {
            "index": "5",
            "id": "00127597",
            "name": "崇善小学校前",
            "lat": "35.332967",
            "lng": "139.346703"
        },
        {
            "index": "6",
            "id": "00127598",
            "name": "江陽中学校前(平塚市)",
            "lat": "35.3362",
            "lng": "139.346499"
        },
        {
            "index": "7",
            "id": "00127599",
            "name": "美術館入口(平塚市)",
            "lat": "35.337992",
            "lng": "139.3461"
        },
        {
            "index": "8",
            "id": "00127600",
            "name": "総合公園(平塚市)",
            "lat": "35.340859",
            "lng": "139.345414"
        },
        {
            "index": "9",
            "id": "00127601",
            "name": "平塚球場",
            "lat": "35.344602",
            "lng": "139.344633"
        },
        {
            "index": "10",
            "id": "00127630",
            "name": "北新町",
            "lat": "35.347721",
            "lng": "139.343934"
        },
        {
            "index": "11",
            "id": "00127631",
            "name": "第一三共前(平塚市)",
            "lat": "35.350186",
            "lng": "139.343453"
        },
        {
            "index": "12",
            "id": "00127632",
            "name": "三菱ケミカル前",
            "lat": "35.356859",
            "lng": "139.34209"
        },
        {
            "index": "13",
            "id": "00127693",
            "name": "湘南車検場前",
            "lat": "35.359755",
            "lng": "139.341771"
        },
        {
            "index": "14",
            "id": "00127633",
            "name": "打間木下",
            "lat": "35.362303",
            "lng": "139.342286"
        },
        {
            "index": "15",
            "id": "00127634",
            "name": "打間木上",
            "lat": "35.364714",
            "lng": "139.342381"
        },
        {
            "index": "16",
            "id": "00127635",
            "name": "美里",
            "lat": "35.36693",
            "lng": "139.342198"
        },
        {
            "index": "17",
            "id": "00127636",
            "name": "下島(平塚市)",
            "lat": "35.36948",
            "lng": "139.342114"
        },
        {
            "index": "18",
            "id": "00127637",
            "name": "四ツ谷入口(平塚市)",
            "lat": "35.372017",
            "lng": "139.342125"
        },
        {
            "index": "19",
            "id": "00127638",
            "name": "大島(平塚市)",
            "lat": "35.375591",
            "lng": "139.342375"
        },
        {
            "index": "20",
            "id": "00127639",
            "name": "大島北",
            "lat": "35.377706",
            "lng": "139.342782"
        },
        {
            "index": "21",
            "id": "00127640",
            "name": "大島住宅",
            "lat": "35.377775",
            "lng": "139.345102"
        },
        {
            "index": "22",
            "id": "00127616",
            "name": "横内四ツ角",
            "lat": "35.376146",
            "lng": "139.35098"
        },
        {
            "index": "23",
            "id": "00114295",
            "name": "田村車庫",
            "lat": "35.376016",
            "lng": "139.358556"
        }
    ],
    "route_url": "https://www.kanachu.co.jp/dia/route/index/cid:0000801248/"
}
