{
    "date": "2022/02/05",
    "name": "茅ヶ崎四ツ角",
    "position": "-",
    "system": "茅35",
    "destinations": [
        "十間坂",
        "茶屋町(茅ケ崎市)",
        "町屋(茅ケ崎市)",
        "団地北口(茅ケ崎市)",
        "団地中央(茅ケ崎市)",
        "浜見平団地"
    ],
    "weekday": [
        "9:07",
        "9:27",
        "10:07",
        "10:27",
        "11:07",
        "11:27",
        "12:07",
        "12:27",
        "13:07",
        "13:32",
        "14:07",
        "14:32",
        "15:07",
        "15:32",
        "16:10",
        "16:30",
        "17:12",
        "17:37",
        "18:12",
        "18:37",
        "19:07",
        "19:37",
        "20:07",
        "20:42",
        "21:07",
        "21:42",
        "22:27",
        "22:42",
        "22:57",
        "23:17",
        "23:51"
    ],
    "saturday": [
        "6:37",
        "6:57",
        "7:17",
        "8:17",
        "8:57",
        "9:17",
        "9:57",
        "10:17",
        "10:57",
        "11:17",
        "11:57",
        "12:17",
        "12:57",
        "13:17",
        "13:57",
        "14:17",
        "14:57",
        "15:17",
        "15:57",
        "16:12",
        "16:27",
        "17:02",
        "17:22",
        "17:42",
        "18:02",
        "18:22",
        "18:42",
        "19:02",
        "19:22",
        "19:42",
        "20:07",
        "20:37",
        "21:07",
        "21:37",
        "22:07",
        "22:37",
        "23:07"
    ],
    "holiday": [
        "6:37",
        "6:57",
        "7:17",
        "8:17",
        "8:57",
        "9:17",
        "9:57",
        "10:17",
        "10:57",
        "11:17",
        "11:57",
        "12:17",
        "12:57",
        "13:17",
        "13:57",
        "14:17",
        "14:57",
        "15:17",
        "15:57",
        "16:12",
        "16:27",
        "17:02",
        "17:22",
        "17:42",
        "18:02",
        "18:22",
        "18:42",
        "19:02",
        "19:22",
        "19:42",
        "20:07",
        "20:37",
        "21:07",
        "21:37",
        "22:07",
        "22:37",
        "23:07"
    ],
    "url": "https://www.kanachu.co.jp/dia/diagram/timetable01_js/course:0000802114-2/node:00127159/kt:0/lname:/"
}
