{
    "date": "2022/02/05",
    "name": "茶屋町(茅ケ崎市)",
    "position": "-",
    "system": "茅35",
    "destinations": [
        "町屋(茅ケ崎市)",
        "団地北口(茅ケ崎市)",
        "団地中央(茅ケ崎市)",
        "浜見平団地"
    ],
    "weekday": [
        "9:09",
        "9:29",
        "10:09",
        "10:29",
        "11:09",
        "11:29",
        "12:09",
        "12:29",
        "13:09",
        "13:34",
        "14:09",
        "14:34",
        "15:09",
        "15:34",
        "16:12",
        "16:32",
        "17:14",
        "17:39",
        "18:14",
        "18:39",
        "19:09",
        "19:39",
        "20:09",
        "20:44",
        "21:09",
        "21:44",
        "22:29",
        "22:44",
        "22:59",
        "23:19",
        "23:53"
    ],
    "saturday": [
        "6:39",
        "6:59",
        "7:19",
        "8:19",
        "8:59",
        "9:19",
        "9:59",
        "10:19",
        "10:59",
        "11:19",
        "11:59",
        "12:19",
        "12:59",
        "13:19",
        "13:59",
        "14:19",
        "14:59",
        "15:19",
        "15:59",
        "16:14",
        "16:29",
        "17:04",
        "17:24",
        "17:44",
        "18:04",
        "18:24",
        "18:44",
        "19:04",
        "19:24",
        "19:44",
        "20:09",
        "20:39",
        "21:09",
        "21:39",
        "22:09",
        "22:39",
        "23:09"
    ],
    "holiday": [
        "6:39",
        "6:59",
        "7:19",
        "8:19",
        "8:59",
        "9:19",
        "9:59",
        "10:19",
        "10:59",
        "11:19",
        "11:59",
        "12:19",
        "12:59",
        "13:19",
        "13:59",
        "14:19",
        "14:59",
        "15:19",
        "15:59",
        "16:14",
        "16:29",
        "17:04",
        "17:24",
        "17:44",
        "18:04",
        "18:24",
        "18:44",
        "19:04",
        "19:24",
        "19:44",
        "20:09",
        "20:39",
        "21:09",
        "21:39",
        "22:09",
        "22:39",
        "23:09"
    ],
    "url": "https://www.kanachu.co.jp/dia/diagram/timetable01_js/course:0000802114-4/node:00127182/kt:0/lname:/"
}
