{
    "date": "2025/04/19",
    "name": "グリーンホール前",
    "position": "-",
    "system": "大68",
    "destinations": [
        "南中前(相模原市南区)",
        "小沼(相模原市南区)",
        "団地入口(相模原市南区)",
        "東通り(相模原市南区)",
        "大沼小学校前",
        "大沼",
        "オルガノ前",
        "大野台入口",
        "麻溝台入口",
        "麻溝台高校",
        "北里大学病院・北里大学",
        "友愛病院前",
        "麻溝車庫"
    ],
    "weekday": [
        "22:24",
        "23:02"
    ],
    "saturday": [
        "22:02",
        "22:27",
        "22:52"
    ],
    "holiday": [
        "21:32",
        "22:02",
        "22:27"
    ],
    "url": "https://www.kanachu.co.jp/dia/diagram/timetable01_js/course:0000803530-2/node:00129307/kt:0/lname:/"
}
