{
    "date": "2025/04/19",
    "name": "東通り(相模原市南区)",
    "position": "-",
    "system": "大68",
    "destinations": [
        "大沼小学校前",
        "大沼",
        "オルガノ前",
        "大野台入口",
        "麻溝台入口",
        "麻溝台高校",
        "北里大学病院・北里大学",
        "友愛病院前",
        "麻溝車庫"
    ],
    "weekday": [
        "22:29",
        "23:07"
    ],
    "saturday": [
        "22:07",
        "22:32",
        "22:57"
    ],
    "holiday": [
        "21:37",
        "22:07",
        "22:32"
    ],
    "url": "https://www.kanachu.co.jp/dia/diagram/timetable01_js/course:0000803530-6/node:00129237/kt:0/lname:/"
}
