{
    "date": "2025/04/19",
    "name": "友愛病院前",
    "position": "-",
    "system": "大68",
    "destinations": [
        "麻溝車庫"
    ],
    "weekday": [
        "22:42",
        "23:20"
    ],
    "saturday": [
        "22:19",
        "22:44",
        "23:09"
    ],
    "holiday": [
        "21:48",
        "22:18",
        "22:43"
    ],
    "url": "https://www.kanachu.co.jp/dia/diagram/timetable01_js/course:0000803530-14/node:00129286/kt:0/lname:/"
}
