{
    "date": "2025/11/16",
    "name": "柳の内",
    "position": "-",
    "system": "平50",
    "destinations": [
        "寄木神社前",
        "真芳寺",
        "大神(平塚市)",
        "下戸田(厚木市)",
        "中戸田",
        "戸田(厚木市)",
        "相川中学校前",
        "愛坪",
        "下酒井",
        "酒井(厚木市)",
        "リバーサイド前(厚木市)"
    ],
    "weekday": [
        "23:22"
    ],
    "saturday": [
        "22:44"
    ],
    "holiday": [
        "22:44"
    ],
    "url": "https://www.kanachu.co.jp/dia/diagram/timetable01_js/course:0000803113-21/node:00127665/kt:0/lname:/"
}
