{
    "date": "2025/11/16",
    "name": "戸田(厚木市)",
    "position": "-",
    "system": "平50",
    "destinations": [
        "相川中学校前",
        "愛坪",
        "下酒井",
        "酒井(厚木市)",
        "リバーサイド前(厚木市)"
    ],
    "weekday": [
        "23:28"
    ],
    "saturday": [
        "22:50"
    ],
    "holiday": [
        "22:50"
    ],
    "url": "https://www.kanachu.co.jp/dia/diagram/timetable01_js/course:0000803113-27/node:00128628/kt:0/lname:/"
}
