{
    "date": "2025/05/11",
    "name": "南河内(横浜市栄区)",
    "position": "-",
    "system": "船15",
    "destinations": [
        "天神橋(横浜市栄区)",
        "栄警察署前",
        "公田",
        "鎌倉女子大前",
        "平島(鎌倉市)",
        "笠間十字路",
        "笠間町",
        "岩井口",
        "大船駅(横浜市栄区)"
    ],
    "weekday": [
        "5:42",
        "5:59",
        "6:10",
        "7:37",
        "17:26",
        "18:21",
        "18:58",
        "19:49"
    ],
    "saturday": [
        "5:55",
        "6:15",
        "12:38",
        "17:18",
        "17:58"
    ],
    "holiday": [
        "5:55",
        "6:15",
        "12:38",
        "17:18",
        "17:58"
    ],
    "url": "https://www.kanachu.co.jp/dia/diagram/timetable01_js/course:0000803824-7/node:00126508/kt:0/lname:/"
}
