{
    "date": "2012/09/18",
    "name": "第二工業団地",
    "position": "-",
    "system": "戸96",
    "destinations": [
        "諏訪久保南",
        "第一工業団地",
        "鳥が丘第一公園",
        "鳥が丘中央",
        "道祖神前(横浜市戸塚区)",
        "谷矢部中央",
        "来迎寺(横浜市戸塚区)",
        "柳作東",
        "蔵坪",
        "戸塚駅"
    ],
    "weekday": [
        "17:09",
        "17:40",
        "18:08",
        "18:22",
        "18:42",
        "19:04",
        "19:38",
        "20:30",
        "20:57",
        "21:47"
    ],
    "saturday": [],
    "holiday": [],
    "url": "https://www.kanachu.co.jp/dia/diagram/timetable01_js/course:0000800092-3/node:00126913/kt:0/lname:/"
}
