{
    "date": "2016/03/26",
    "name": "公民館前(愛甲郡清川村)",
    "position": "-",
    "system": "厚22",
    "destinations": [
        "中里(愛甲郡清川村)",
        "郵便局前(愛甲郡清川村)",
        "別所温泉入口",
        "尾崎(愛甲郡清川村)",
        "御門橋",
        "上舟沢",
        "舟沢",
        "華厳橋",
        "上飯山(厚木市)",
        "飯山温泉入口",
        "志田原",
        "尼寺(厚木市)",
        "飯山観音前",
        "橋場(厚木市)",
        "飯盛山",
        "宮の里入口",
        "宮の里(厚木市)",
        "宮の里センター",
        "宮の里東",
        "宮の里入口",
        "飯盛山",
        "光福寺(厚木市)",
        "小鮎久保",
        "ゴルフ場入口(厚木市)",
        "上千頭",
        "千頭",
        "及川",
        "穴口橋",
        "林(厚木市)",
        "戸室",
        "戸室神社下",
        "戸室住宅前",
        "合同庁舎前(厚木市)",
        "市役所入口(厚木市)",
        "本厚木駅"
    ],
    "weekday": [
        "6:03"
    ],
    "saturday": [],
    "holiday": [],
    "url": "https://www.kanachu.co.jp/dia/diagram/timetable01_js/course:0000800843-8/node:00128421/kt:0/lname:/"
}
