{
    "date": "2026/01/16",
    "name": "大野中学校前",
    "position": "-",
    "system": "平68",
    "destinations": [
        "西真土",
        "大野農協前",
        "市場前(平塚市)",
        "坂口(平塚市)",
        "今里(平塚市)",
        "横内団地前",
        "横内下",
        "横内公民館入口",
        "横内四ツ角",
        "横内上",
        "枝大島入口",
        "下小稲葉",
        "新屋(伊勢原市)",
        "西屋(伊勢原市)",
        "下落合(伊勢原市)",
        "長沼(厚木市)",
        "上落合(厚木市)",
        "堤下(厚木市)",
        "田谷(厚木市)",
        "片平入口",
        "愛甲石田駅"
    ],
    "weekday": [
        "7:11",
        "9:11",
        "10:11",
        "12:01",
        "12:51",
        "14:33",
        "15:31",
        "16:53",
        "18:28",
        "19:26"
    ],
    "saturday": [
        "7:46",
        "9:21",
        "10:51",
        "15:51",
        "17:16",
        "18:21"
    ],
    "holiday": [
        "7:46",
        "9:21",
        "10:51",
        "15:51",
        "17:16",
        "18:21"
    ],
    "url": "https://www.kanachu.co.jp/dia/diagram/timetable01_js/course:0000804270-15/node:00127607/kt:0/lname:/"
}
