{
    "date": "2026/01/16",
    "name": "西真土",
    "position": "-",
    "system": "平68",
    "destinations": [
        "大野農協前",
        "市場前(平塚市)",
        "坂口(平塚市)",
        "今里(平塚市)",
        "横内団地前",
        "横内下",
        "横内公民館入口",
        "横内四ツ角",
        "横内上",
        "枝大島入口",
        "下小稲葉",
        "新屋(伊勢原市)",
        "西屋(伊勢原市)",
        "下落合(伊勢原市)",
        "長沼(厚木市)",
        "上落合(厚木市)",
        "堤下(厚木市)",
        "田谷(厚木市)",
        "片平入口",
        "愛甲石田駅"
    ],
    "weekday": [
        "7:12",
        "9:12",
        "10:12",
        "12:02",
        "12:52",
        "14:34",
        "15:32",
        "16:54",
        "18:29",
        "19:27"
    ],
    "saturday": [
        "7:47",
        "9:22",
        "10:52",
        "15:52",
        "17:17",
        "18:22"
    ],
    "holiday": [
        "7:47",
        "9:22",
        "10:52",
        "15:52",
        "17:17",
        "18:22"
    ],
    "url": "https://www.kanachu.co.jp/dia/diagram/timetable01_js/course:0000804270-16/node:00127608/kt:0/lname:/"
}
