{
    "date": "2026/01/16",
    "name": "堤下(厚木市)",
    "position": "-",
    "system": "平68",
    "destinations": [
        "田谷(厚木市)",
        "片平入口",
        "愛甲石田駅"
    ],
    "weekday": [
        "7:32",
        "9:32",
        "10:32",
        "12:22",
        "13:12",
        "14:54",
        "15:52",
        "17:14",
        "18:49",
        "19:47"
    ],
    "saturday": [
        "8:07",
        "9:42",
        "11:12",
        "16:12",
        "17:37",
        "18:42"
    ],
    "holiday": [
        "8:07",
        "9:42",
        "11:12",
        "16:12",
        "17:37",
        "18:42"
    ],
    "url": "https://www.kanachu.co.jp/dia/diagram/timetable01_js/course:0000804270-33/node:00127625/kt:0/lname:/"
}
