{
    "date": "2022/02/05",
    "name": "松尾入口",
    "position": "-",
    "system": "茅31",
    "destinations": [
        "松尾(茅ケ崎市)",
        "柳島(茅ケ崎市)",
        "浜見平団地",
        "団地中央(茅ケ崎市)",
        "団地北口(茅ケ崎市)",
        "町屋(茅ケ崎市)",
        "茶屋町(茅ケ崎市)",
        "十間坂",
        "茅ヶ崎四ツ角",
        "茅ヶ崎駅"
    ],
    "weekday": [
        "5:56",
        "6:15",
        "6:34",
        "6:56",
        "7:15",
        "7:30",
        "7:45",
        "7:59",
        "8:15",
        "8:30",
        "8:45",
        "8:59",
        "9:56",
        "10:56",
        "11:56",
        "12:56",
        "13:56",
        "14:56",
        "15:56",
        "16:56",
        "17:26",
        "17:56",
        "18:26",
        "18:56",
        "19:31",
        "19:56",
        "20:31",
        "21:01",
        "21:31",
        "22:01",
        "22:16"
    ],
    "saturday": [
        "7:46",
        "8:46",
        "9:46",
        "10:46",
        "11:46",
        "12:46",
        "13:46",
        "14:46",
        "15:46",
        "16:46"
    ],
    "holiday": [
        "7:46",
        "8:46",
        "9:46",
        "10:46",
        "11:46",
        "12:46",
        "13:46",
        "14:46",
        "15:46",
        "16:46"
    ],
    "url": "https://www.kanachu.co.jp/dia/diagram/timetable01_js/course:0000802115-6/node:00127315/kt:0/lname:/"
}
