{
    "date": "2022/02/05",
    "name": "柳島(茅ケ崎市)",
    "position": "-",
    "system": "茅31",
    "destinations": [
        "浜見平団地",
        "団地中央(茅ケ崎市)",
        "団地北口(茅ケ崎市)",
        "町屋(茅ケ崎市)",
        "茶屋町(茅ケ崎市)",
        "十間坂",
        "茅ヶ崎四ツ角",
        "茅ヶ崎駅"
    ],
    "weekday": [
        "5:58",
        "6:17",
        "6:36",
        "6:58",
        "7:17",
        "7:32",
        "7:47",
        "8:01",
        "8:17",
        "8:32",
        "8:47",
        "9:01",
        "9:58",
        "10:58",
        "11:58",
        "12:58",
        "13:58",
        "14:58",
        "15:58",
        "16:58",
        "17:28",
        "17:58",
        "18:28",
        "18:58",
        "19:33",
        "19:58",
        "20:33",
        "21:03",
        "21:33",
        "22:03",
        "22:18"
    ],
    "saturday": [
        "7:48",
        "8:48",
        "9:48",
        "10:48",
        "11:48",
        "12:48",
        "13:48",
        "14:48",
        "15:48",
        "16:48"
    ],
    "holiday": [
        "7:48",
        "8:48",
        "9:48",
        "10:48",
        "11:48",
        "12:48",
        "13:48",
        "14:48",
        "15:48",
        "16:48"
    ],
    "url": "https://www.kanachu.co.jp/dia/diagram/timetable01_js/course:0000802115-8/node:00127259/kt:0/lname:/"
}
