{
    "date": "2022/02/05",
    "name": "団地中央(茅ケ崎市)",
    "position": "-",
    "system": "茅31",
    "destinations": [
        "団地北口(茅ケ崎市)",
        "町屋(茅ケ崎市)",
        "茶屋町(茅ケ崎市)",
        "十間坂",
        "茅ヶ崎四ツ角",
        "茅ヶ崎駅"
    ],
    "weekday": [
        "6:02",
        "6:21",
        "6:40",
        "7:02",
        "7:23",
        "7:38",
        "7:53",
        "8:07",
        "8:23",
        "8:38",
        "8:53",
        "9:07",
        "10:04",
        "11:04",
        "12:04",
        "13:04",
        "14:04",
        "15:04",
        "16:04",
        "17:04",
        "17:34",
        "18:04",
        "18:34",
        "19:04",
        "19:39",
        "20:04",
        "20:37",
        "21:07",
        "21:37",
        "22:07",
        "22:22"
    ],
    "saturday": [
        "7:54",
        "8:54",
        "9:54",
        "10:54",
        "11:54",
        "12:54",
        "13:54",
        "14:54",
        "15:54",
        "16:54"
    ],
    "holiday": [
        "7:54",
        "8:54",
        "9:54",
        "10:54",
        "11:54",
        "12:54",
        "13:54",
        "14:54",
        "15:54",
        "16:54"
    ],
    "url": "https://www.kanachu.co.jp/dia/diagram/timetable01_js/course:0000802115-10/node:00127256/kt:0/lname:/"
}
