{
    "date": "2025/01/14",
    "name": "本厚木駅",
    "position": "-",
    "system": "厚26",
    "destinations": [
        "あつぎ大通り",
        "市役所入口(厚木市)",
        "合同庁舎前(厚木市)",
        "厚木高校前",
        "日立アステモ前",
        "アンリツ前",
        "緑ヶ丘入口(厚木市)",
        "黄金原",
        "小金",
        "白山(厚木市)",
        "六堂辻",
        "古松台入口",
        "東京工芸大学前",
        "東京工芸大学"
    ],
    "weekday": [
        "6:26",
        "6:36",
        "6:44",
        "6:56",
        "7:01",
        "7:07",
        "7:13",
        "7:19",
        "7:27",
        "7:31",
        "7:38",
        "7:44",
        "7:50",
        "7:56",
        "8:04",
        "8:09",
        "8:15",
        "8:20",
        "8:27",
        "8:32",
        "8:43",
        "8:57",
        "9:07",
        "9:22",
        "9:42",
        "10:02",
        "10:22",
        "10:42",
        "11:02",
        "11:22",
        "11:42",
        "12:02",
        "12:22",
        "12:42",
        "13:02",
        "13:22",
        "13:42",
        "14:02",
        "14:22",
        "14:42",
        "15:02",
        "15:22",
        "15:42",
        "16:02",
        "16:22",
        "16:42",
        "17:02",
        "17:22",
        "17:41",
        "18:02",
        "18:17",
        "18:32",
        "18:52",
        "19:11",
        "19:32",
        "19:52",
        "20:12",
        "20:31",
        "20:54",
        "21:24",
        "21:54",
        "22:34"
    ],
    "saturday": [
        "6:41",
        "7:21",
        "7:51",
        "8:06",
        "8:20",
        "8:36",
        "8:51",
        "9:22",
        "9:52",
        "10:22",
        "10:52",
        "11:22",
        "11:52",
        "12:22",
        "12:52",
        "13:22",
        "13:52",
        "14:22",
        "14:52",
        "15:22",
        "15:52",
        "16:22",
        "16:52",
        "17:22",
        "17:52",
        "18:22",
        "18:52",
        "19:21",
        "19:51",
        "20:21",
        "20:51",
        "21:21",
        "21:56",
        "22:36"
    ],
    "holiday": [
        "6:51",
        "7:21",
        "7:51",
        "8:20",
        "8:51",
        "9:21",
        "9:51",
        "10:22",
        "10:52",
        "11:22",
        "11:52",
        "12:22",
        "12:52",
        "13:22",
        "13:52",
        "14:22",
        "14:52",
        "15:22",
        "15:52",
        "16:22",
        "16:52",
        "17:22",
        "17:52",
        "18:22",
        "18:52",
        "19:21",
        "19:51",
        "20:31",
        "21:11",
        "21:51"
    ],
    "url": "https://www.kanachu.co.jp/dia/diagram/timetable01_js/course:0000802540-2/node:00025684/kt:0/lname:/"
}
