{
    "date": "2025/01/14",
    "name": "日立アステモ前",
    "position": "-",
    "system": "厚26",
    "destinations": [
        "アンリツ前",
        "緑ヶ丘入口(厚木市)",
        "黄金原",
        "小金",
        "白山(厚木市)",
        "六堂辻",
        "古松台入口",
        "東京工芸大学前",
        "東京工芸大学"
    ],
    "weekday": [
        "6:32",
        "6:42",
        "6:50",
        "7:02",
        "7:07",
        "7:13",
        "7:19",
        "7:25",
        "7:33",
        "7:38",
        "7:45",
        "7:51",
        "7:57",
        "8:03",
        "8:11",
        "8:16",
        "8:22",
        "8:27",
        "8:34",
        "8:39",
        "8:50",
        "9:04",
        "9:13",
        "9:28",
        "9:48",
        "10:08",
        "10:28",
        "10:48",
        "11:08",
        "11:28",
        "11:48",
        "12:08",
        "12:28",
        "12:48",
        "13:08",
        "13:28",
        "13:48",
        "14:08",
        "14:28",
        "14:48",
        "15:08",
        "15:28",
        "15:48",
        "16:10",
        "16:30",
        "16:50",
        "17:10",
        "17:30",
        "17:49",
        "18:10",
        "18:25",
        "18:40",
        "19:00",
        "19:17",
        "19:38",
        "19:58",
        "20:18",
        "20:37",
        "21:00",
        "21:30",
        "22:00",
        "22:40"
    ],
    "saturday": [
        "6:47",
        "7:27",
        "7:57",
        "8:12",
        "8:26",
        "8:42",
        "8:57",
        "9:28",
        "9:58",
        "10:28",
        "10:58",
        "11:28",
        "11:58",
        "12:28",
        "12:58",
        "13:28",
        "13:58",
        "14:28",
        "14:58",
        "15:30",
        "16:00",
        "16:30",
        "17:00",
        "17:30",
        "18:00",
        "18:30",
        "19:00",
        "19:27",
        "19:57",
        "20:27",
        "20:57",
        "21:27",
        "22:02",
        "22:42"
    ],
    "holiday": [
        "6:57",
        "7:27",
        "7:57",
        "8:26",
        "8:57",
        "9:27",
        "9:57",
        "10:28",
        "10:58",
        "11:28",
        "11:58",
        "12:28",
        "12:58",
        "13:28",
        "13:58",
        "14:28",
        "14:58",
        "15:29",
        "15:59",
        "16:29",
        "16:59",
        "17:29",
        "17:59",
        "18:29",
        "18:59",
        "19:27",
        "19:57",
        "20:37",
        "21:17",
        "21:57"
    ],
    "url": "https://www.kanachu.co.jp/dia/diagram/timetable01_js/course:0000802540-7/node:00128441/kt:0/lname:/"
}
