{
    "date": "2025/01/14",
    "name": "厚木バスセンター",
    "position": "-",
    "system": "厚39",
    "destinations": [
        "あつぎ大通り",
        "市役所入口(厚木市)",
        "合同庁舎前(厚木市)",
        "厚木高校前",
        "日立アステモ前",
        "片岸(厚木市)",
        "温水",
        "高坪入口",
        "南毛利小学校前",
        "清水(厚木市)",
        "観音坂",
        "上長谷(厚木市)",
        "愛名入口",
        "小野宮前",
        "小野橋(厚木市)",
        "中屋橋",
        "玉川農協前",
        "玉川公民館前",
        "日向川",
        "馬場リハビリ入口",
        "神奈川リハビリ"
    ],
    "weekday": [
        "6:15",
        "6:40",
        "7:00",
        "9:30",
        "17:30",
        "18:30",
        "19:35",
        "20:30",
        "21:30",
        "22:45"
    ],
    "saturday": [
        "6:45",
        "8:20",
        "12:20",
        "14:20",
        "18:30",
        "19:30",
        "20:40",
        "22:00",
        "22:45"
    ],
    "holiday": [
        "6:45",
        "8:20",
        "12:20",
        "14:20",
        "18:30",
        "19:30",
        "20:40",
        "21:40",
        "22:43"
    ],
    "url": "https://www.kanachu.co.jp/dia/diagram/timetable01_js/course:0000800186-1/node:00128256/kt:0/lname:/"
}
