{
    "date": "2025/01/14",
    "name": "あつぎ大通り",
    "position": "-",
    "system": "厚39",
    "destinations": [
        "市役所入口(厚木市)",
        "合同庁舎前(厚木市)",
        "厚木高校前",
        "アステモ[Astemo]前〔旧:日立アステモ前〕",
        "片岸(厚木市)",
        "温水",
        "高坪入口",
        "南毛利小学校前",
        "清水(厚木市)",
        "観音坂",
        "上長谷(厚木市)",
        "愛名入口",
        "小野宮前",
        "小野橋(厚木市)",
        "中屋橋",
        "玉川農協前",
        "玉川公民館前",
        "日向川",
        "馬場リハビリ入口",
        "神奈川リハビリ"
    ],
    "weekday": [
        "6:16",
        "6:41",
        "7:01",
        "9:32",
        "17:32",
        "18:32",
        "19:36",
        "20:31",
        "21:31",
        "22:46"
    ],
    "saturday": [
        "6:46",
        "8:21",
        "12:22",
        "14:22",
        "18:32",
        "19:31",
        "20:41",
        "22:01",
        "22:46"
    ],
    "holiday": [
        "6:46",
        "8:21",
        "12:22",
        "14:22",
        "18:32",
        "19:31",
        "20:41",
        "21:41",
        "22:44"
    ],
    "url": "https://www.kanachu.co.jp/dia/diagram/timetable01_js/course:0000800186-2/node:00128257/kt:0/lname:/"
}
