{
    "date": "2025/01/14",
    "name": "厚木高校前",
    "position": "-",
    "system": "厚39",
    "destinations": [
        "アステモ[Astemo]前〔旧:日立アステモ前〕",
        "片岸(厚木市)",
        "温水",
        "高坪入口",
        "南毛利小学校前",
        "清水(厚木市)",
        "観音坂",
        "上長谷(厚木市)",
        "愛名入口",
        "小野宮前",
        "小野橋(厚木市)",
        "中屋橋",
        "玉川農協前",
        "玉川公民館前",
        "日向川",
        "馬場リハビリ入口",
        "神奈川リハビリ"
    ],
    "weekday": [
        "6:20",
        "6:45",
        "7:05",
        "9:36",
        "17:37",
        "18:37",
        "19:40",
        "20:35",
        "21:35",
        "22:50"
    ],
    "saturday": [
        "6:50",
        "8:25",
        "12:26",
        "14:26",
        "18:37",
        "19:35",
        "20:45",
        "22:05",
        "22:50"
    ],
    "holiday": [
        "6:50",
        "8:25",
        "12:26",
        "14:26",
        "18:37",
        "19:35",
        "20:45",
        "21:45",
        "22:48"
    ],
    "url": "https://www.kanachu.co.jp/dia/diagram/timetable01_js/course:0000800186-5/node:00128440/kt:0/lname:/"
}
