{
    "date": "2025/01/14",
    "name": "観音坂",
    "position": "-",
    "system": "厚39",
    "destinations": [
        "上長谷(厚木市)",
        "愛名入口",
        "小野宮前",
        "小野橋(厚木市)",
        "中屋橋",
        "玉川農協前",
        "玉川公民館前",
        "日向川",
        "馬場リハビリ入口",
        "神奈川リハビリ"
    ],
    "weekday": [
        "6:25",
        "6:50",
        "7:10",
        "9:42",
        "17:43",
        "18:43",
        "19:45",
        "20:40",
        "21:40",
        "22:55"
    ],
    "saturday": [
        "6:55",
        "8:31",
        "12:32",
        "14:32",
        "18:43",
        "19:40",
        "20:50",
        "22:10",
        "22:55"
    ],
    "holiday": [
        "6:55",
        "8:31",
        "12:32",
        "14:32",
        "18:43",
        "19:40",
        "20:50",
        "21:50",
        "22:53"
    ],
    "url": "https://www.kanachu.co.jp/dia/diagram/timetable01_js/course:0000800186-12/node:00128446/kt:0/lname:/"
}
