{
    "date": "2025/01/14",
    "name": "中屋橋",
    "position": "-",
    "system": "厚39",
    "destinations": [
        "玉川農協前",
        "玉川公民館前",
        "日向川",
        "馬場リハビリ入口",
        "神奈川リハビリ"
    ],
    "weekday": [
        "6:30",
        "6:55",
        "7:15",
        "9:47",
        "17:49",
        "18:49",
        "19:50",
        "20:45",
        "21:45",
        "23:00"
    ],
    "saturday": [
        "7:00",
        "8:37",
        "12:38",
        "14:38",
        "18:49",
        "19:45",
        "20:55",
        "22:15",
        "23:00"
    ],
    "holiday": [
        "7:00",
        "8:37",
        "12:38",
        "14:38",
        "18:49",
        "19:45",
        "20:55",
        "21:55",
        "22:58"
    ],
    "url": "https://www.kanachu.co.jp/dia/diagram/timetable01_js/course:0000800186-17/node:00128451/kt:0/lname:/"
}
