{
    "date": "2025/01/14",
    "name": "日向川",
    "position": "-",
    "system": "厚39",
    "destinations": [
        "馬場リハビリ入口",
        "神奈川リハビリ"
    ],
    "weekday": [
        "6:33",
        "6:58",
        "7:18",
        "9:50",
        "17:52",
        "18:52",
        "19:53",
        "20:48",
        "21:48",
        "23:03"
    ],
    "saturday": [
        "7:03",
        "8:40",
        "12:41",
        "14:41",
        "18:52",
        "19:48",
        "20:58",
        "22:18",
        "23:03"
    ],
    "holiday": [
        "7:03",
        "8:40",
        "12:41",
        "14:41",
        "18:52",
        "19:48",
        "20:58",
        "21:58",
        "23:01"
    ],
    "url": "https://www.kanachu.co.jp/dia/diagram/timetable01_js/course:0000800186-20/node:00128454/kt:0/lname:/"
}
