{
    "date": "2025/01/14",
    "name": "馬場リハビリ入口",
    "position": "-",
    "system": "厚39",
    "destinations": [
        "神奈川リハビリ"
    ],
    "weekday": [
        "6:34",
        "6:59",
        "7:19",
        "9:51",
        "17:53",
        "18:53",
        "19:54",
        "20:49",
        "21:49",
        "23:04"
    ],
    "saturday": [
        "7:04",
        "8:41",
        "12:42",
        "14:42",
        "18:53",
        "19:49",
        "20:59",
        "22:19",
        "23:04"
    ],
    "holiday": [
        "7:04",
        "8:41",
        "12:42",
        "14:42",
        "18:53",
        "19:49",
        "20:59",
        "21:59",
        "23:02"
    ],
    "url": "https://www.kanachu.co.jp/dia/diagram/timetable01_js/course:0000800186-21/node:00128455/kt:0/lname:/"
}
