{
    "date": "2024/07/08",
    "name": "山崎団地センター",
    "position": "-",
    "system": "町13",
    "destinations": [
        "山崎団地入口",
        "木曽入口",
        "境川団地",
        "町田バスセンター"
    ],
    "weekday": [
        "6:20",
        "6:32",
        "6:44",
        "6:56",
        "7:06",
        "7:15",
        "7:25",
        "7:38",
        "7:48",
        "8:00",
        "8:12",
        "8:24",
        "8:36",
        "8:48",
        "9:20",
        "9:48",
        "10:17",
        "11:17",
        "12:15",
        "13:00",
        "13:17",
        "14:17",
        "15:15",
        "15:35",
        "16:15",
        "16:45",
        "16:50",
        "17:10",
        "17:40",
        "18:35",
        "18:50",
        "19:10"
    ],
    "saturday": [
        "9:08",
        "10:07",
        "11:10",
        "14:08",
        "15:08",
        "16:08"
    ],
    "holiday": [
        "9:12",
        "10:10",
        "11:08",
        "14:09",
        "15:06",
        "16:06"
    ],
    "url": "https://www.kanachu.co.jp/dia/diagram/timetable01_js/course:0000803603-1/node:00129388/kt:0/lname:/"
}
