{
    "date": "2024/07/08",
    "name": "木曽入口",
    "position": "-",
    "system": "町13",
    "destinations": [
        "境川団地",
        "町田バスセンター"
    ],
    "weekday": [
        "6:23",
        "6:35",
        "6:47",
        "6:59",
        "7:09",
        "7:18",
        "7:28",
        "7:41",
        "7:51",
        "8:03",
        "8:15",
        "8:27",
        "8:39",
        "8:51",
        "9:23",
        "9:51",
        "10:20",
        "11:20",
        "12:18",
        "13:03",
        "13:20",
        "14:20",
        "15:18",
        "15:38",
        "16:18",
        "16:48",
        "16:53",
        "17:13",
        "17:43",
        "18:38",
        "18:53",
        "19:13"
    ],
    "saturday": [
        "9:11",
        "10:10",
        "11:13",
        "14:11",
        "15:11",
        "16:11"
    ],
    "holiday": [
        "9:15",
        "10:13",
        "11:11",
        "14:12",
        "15:09",
        "16:09"
    ],
    "url": "https://www.kanachu.co.jp/dia/diagram/timetable01_js/course:0000803603-3/node:00129386/kt:0/lname:/"
}
