{
    "date": "2025/08/30",
    "name": "井土ヶ谷下町",
    "position": "-",
    "system": "井11",
    "destinations": [
        "鶴巻(横浜市南区)",
        "住宅前(横浜市南区)",
        "南永田",
        "弘明寺口",
        "六ツ川町",
        "上六ツ川",
        "大池(横浜市南区)",
        "大池通り",
        "南永田入口",
        "南永田中央",
        "南永田団地"
    ],
    "weekday": [
        "6:45",
        "7:25",
        "7:35",
        "7:45",
        "7:55",
        "8:05",
        "8:15",
        "8:25",
        "8:35",
        "8:45",
        "8:55",
        "9:10",
        "9:30",
        "9:50",
        "10:10",
        "10:30",
        "10:50",
        "11:10",
        "11:30",
        "11:50",
        "12:10",
        "12:30",
        "12:50",
        "13:10",
        "13:30",
        "13:50",
        "14:10",
        "14:30",
        "14:50",
        "15:04",
        "15:22",
        "15:39",
        "15:51",
        "16:04",
        "16:16",
        "16:28",
        "16:40",
        "16:50",
        "17:00",
        "17:10",
        "17:20",
        "17:30",
        "17:40",
        "17:50",
        "18:00",
        "18:10",
        "18:20",
        "18:30",
        "18:40",
        "18:50",
        "19:00",
        "19:10",
        "19:25",
        "19:40",
        "19:55",
        "20:10",
        "20:24",
        "20:43",
        "21:07",
        "21:28",
        "21:51",
        "22:35"
    ],
    "saturday": [
        "7:03",
        "7:33",
        "7:49",
        "8:05",
        "8:23",
        "8:39",
        "8:55",
        "9:11",
        "9:27",
        "9:43",
        "9:59",
        "10:15",
        "10:31",
        "10:47",
        "11:03",
        "11:19",
        "11:35",
        "11:51",
        "12:07",
        "12:23",
        "12:39",
        "12:55",
        "13:11",
        "13:29",
        "13:45",
        "14:01",
        "14:18",
        "14:36",
        "14:54",
        "15:10",
        "15:26",
        "15:42",
        "15:58",
        "16:14",
        "16:30",
        "16:46",
        "17:02",
        "17:18",
        "17:34",
        "17:50",
        "18:06",
        "18:22",
        "18:38",
        "18:54",
        "19:10",
        "19:26",
        "19:46",
        "20:10",
        "20:34",
        "20:58",
        "21:22",
        "21:46",
        "22:34"
    ],
    "holiday": [
        "7:11",
        "7:38",
        "8:05",
        "8:23",
        "8:39",
        "8:55",
        "9:11",
        "9:27",
        "9:43",
        "9:59",
        "10:15",
        "10:31",
        "10:47",
        "11:03",
        "11:19",
        "11:35",
        "11:51",
        "12:07",
        "12:23",
        "12:39",
        "12:55",
        "13:11",
        "13:29",
        "13:45",
        "14:01",
        "14:18",
        "14:36",
        "14:54",
        "15:10",
        "15:26",
        "15:42",
        "15:58",
        "16:14",
        "16:30",
        "16:46",
        "17:02",
        "17:18",
        "17:34",
        "17:50",
        "18:06",
        "18:22",
        "18:38",
        "18:54",
        "19:10",
        "19:26",
        "19:46",
        "20:10",
        "20:34",
        "20:58",
        "21:46",
        "22:34"
    ],
    "url": "https://www.kanachu.co.jp/dia/diagram/timetable01_js/course:0000802984-1/node:00102234/kt:0/lname:/"
}
