{
    "date": "2025/04/19",
    "name": "麻溝車庫",
    "position": "-",
    "system": "相27",
    "destinations": [
        "相模原浄水場",
        "陽光台六丁目",
        "緑が丘一丁目(相模原市中央区)",
        "光が丘三丁目(相模原市中央区)",
        "光が丘大通り",
        "光が丘小学校前",
        "光が丘一丁目(相模原市中央区)",
        "千代田五丁目",
        "千代田十字路",
        "千代田一丁目",
        "職業安定所前(相模原市中央区)",
        "ウェルネスさがみはら前",
        "市役所前(相模原市中央区)",
        "グリーンプラザ(相模原市中央区)",
        "西門前(相模原市中央区)",
        "相模原五丁目",
        "相模原駅南口"
    ],
    "weekday": [
        "7:01",
        "7:53",
        "9:03",
        "10:18",
        "12:18",
        "14:18",
        "16:19",
        "17:09",
        "18:14"
    ],
    "saturday": [
        "7:03",
        "8:23",
        "9:43",
        "10:44",
        "11:44",
        "12:44",
        "13:44",
        "14:44",
        "15:44",
        "16:44",
        "17:44",
        "18:43"
    ],
    "holiday": [
        "8:03",
        "8:43",
        "9:43",
        "10:43",
        "11:43",
        "12:43",
        "13:43",
        "14:43",
        "15:43",
        "16:43",
        "17:43",
        "18:43"
    ],
    "url": "https://www.kanachu.co.jp/dia/diagram/timetable01_js/course:0000803525-15/node:00129224/kt:0/lname:/"
}
