{
    "date": "2025/04/19",
    "name": "職業安定所前(相模原市中央区)",
    "position": "-",
    "system": "相27",
    "destinations": [
        "ウェルネスさがみはら前",
        "市役所前(相模原市中央区)",
        "グリーンプラザ(相模原市中央区)",
        "西門前(相模原市中央区)",
        "相模原五丁目",
        "相模原駅南口"
    ],
    "weekday": [
        "7:15",
        "8:07",
        "9:17",
        "10:32",
        "12:32",
        "14:32",
        "16:35",
        "17:25",
        "18:30"
    ],
    "saturday": [
        "7:17",
        "8:37",
        "9:57",
        "10:58",
        "11:58",
        "12:58",
        "13:58",
        "14:58",
        "15:58",
        "16:58",
        "17:58",
        "18:57"
    ],
    "holiday": [
        "8:15",
        "8:55",
        "9:55",
        "10:57",
        "11:57",
        "12:57",
        "13:57",
        "14:57",
        "15:57",
        "16:57",
        "17:57",
        "18:57"
    ],
    "url": "https://www.kanachu.co.jp/dia/diagram/timetable01_js/course:0000803525-26/node:00128535/kt:0/lname:/"
}
