{
    "date": "2024/03/16",
    "name": "岩井口",
    "position": "-",
    "system": "船24",
    "destinations": [
        "笠間町",
        "笠間十字路",
        "平島(鎌倉市)",
        "鎌倉女子大前",
        "朝日平和台入口",
        "椎郷",
        "湘南ハイツ",
        "荒井沢公園前",
        "公田ハイツ前"
    ],
    "weekday": [
        "9:40",
        "11:57",
        "14:29",
        "20:37",
        "22:17",
        "22:57"
    ],
    "saturday": [
        "13:14",
        "21:21",
        "22:17"
    ],
    "holiday": [
        "13:14",
        "21:21",
        "22:17"
    ],
    "url": "https://www.kanachu.co.jp/dia/diagram/timetable01_js/course:0000802793-3/node:00126501/kt:0/lname:/"
}
