{
    "date": "2024/03/16",
    "name": "荒井沢公園前",
    "position": "-",
    "system": "船24",
    "destinations": [
        "公田ハイツ前"
    ],
    "weekday": [
        "9:56",
        "12:13",
        "14:45",
        "20:51",
        "22:31",
        "23:11"
    ],
    "saturday": [
        "13:30",
        "21:35",
        "22:31"
    ],
    "holiday": [
        "13:30",
        "21:35",
        "22:31"
    ],
    "url": "https://www.kanachu.co.jp/dia/diagram/timetable01_js/course:0000802793-11/node:00126597/kt:0/lname:/"
}
