{
    "date": "2025/04/19",
    "name": "上溝中央",
    "position": "-",
    "system": "大15",
    "destinations": [
        "本町(相模原市中央区)",
        "元町(相模原市中央区)",
        "農協下",
        "田中住宅前",
        "北相前",
        "亀ヶ池八幡宮前",
        "田島(相模原市中央区)",
        "虹吹",
        "七曲り下",
        "上溝新開",
        "古山三谷",
        "下古山",
        "中丸(相模原市南区)",
        "下中丸",
        "下原橋",
        "下原中央",
        "新中丸橋",
        "原当麻駅",
        "原当麻駅東",
        "下原(相模原市南区)",
        "山の神坂下",
        "県立相模原公園前",
        "友愛病院前",
        "北里大学病院・北里大学",
        "麻溝台高校",
        "麻溝台入口",
        "大野台入口",
        "オルガノ前",
        "大沼",
        "大沼小学校前",
        "東通り(相模原市南区)",
        "団地入口(相模原市南区)",
        "小沼(相模原市南区)",
        "南中前(相模原市南区)",
        "グリーンホール前",
        "相模大野駅北口"
    ],
    "weekday": [
        "6:30",
        "7:07",
        "7:51",
        "8:44",
        "9:51",
        "11:05",
        "12:05",
        "13:35",
        "14:35",
        "15:57",
        "16:32",
        "18:03",
        "18:57",
        "20:31"
    ],
    "saturday": [
        "6:20",
        "7:20",
        "9:05",
        "10:12",
        "11:12",
        "12:17",
        "13:17",
        "14:42",
        "16:12",
        "17:12",
        "18:12",
        "19:16",
        "20:36"
    ],
    "holiday": [
        "6:36",
        "7:20",
        "8:45",
        "9:33",
        "11:16",
        "12:16",
        "13:16",
        "14:31",
        "16:16",
        "17:16",
        "18:16",
        "19:16",
        "20:34"
    ],
    "url": "https://www.kanachu.co.jp/dia/diagram/timetable01_js/course:0000803500-2/node:00129348/kt:0/lname:/"
}
