{
    "date": "2025/04/19",
    "name": "本町(相模原市中央区)",
    "position": "-",
    "system": "大15",
    "destinations": [
        "元町(相模原市中央区)",
        "農協下",
        "田中住宅前",
        "北相前",
        "亀ヶ池八幡宮前",
        "田島(相模原市中央区)",
        "虹吹",
        "七曲り下",
        "上溝新開",
        "古山三谷",
        "下古山",
        "中丸(相模原市南区)",
        "下中丸",
        "下原橋",
        "下原中央",
        "新中丸橋",
        "原当麻駅",
        "原当麻駅東",
        "下原(相模原市南区)",
        "山の神坂下",
        "県立相模原公園前",
        "友愛病院前",
        "北里大学病院・北里大学",
        "麻溝台高校",
        "麻溝台入口",
        "大野台入口",
        "オルガノ前",
        "大沼",
        "大沼小学校前",
        "東通り(相模原市南区)",
        "団地入口(相模原市南区)",
        "小沼(相模原市南区)",
        "南中前(相模原市南区)",
        "グリーンホール前",
        "相模大野駅北口"
    ],
    "weekday": [
        "6:31",
        "7:08",
        "7:52",
        "8:45",
        "9:52",
        "11:06",
        "12:06",
        "13:36",
        "14:36",
        "15:58",
        "16:33",
        "18:04",
        "18:58",
        "20:32"
    ],
    "saturday": [
        "6:21",
        "7:21",
        "9:06",
        "10:13",
        "11:13",
        "12:18",
        "13:18",
        "14:43",
        "16:13",
        "17:13",
        "18:13",
        "19:17",
        "20:37"
    ],
    "holiday": [
        "6:37",
        "7:21",
        "8:46",
        "9:34",
        "11:17",
        "12:17",
        "13:17",
        "14:32",
        "16:17",
        "17:17",
        "18:17",
        "19:17",
        "20:35"
    ],
    "url": "https://www.kanachu.co.jp/dia/diagram/timetable01_js/course:0000803500-3/node:00128531/kt:0/lname:/"
}
