{
    "date": "2025/04/19",
    "name": "元町(相模原市中央区)",
    "position": "-",
    "system": "大15",
    "destinations": [
        "農協下",
        "田中住宅前",
        "北相前",
        "亀ヶ池八幡宮前",
        "田島(相模原市中央区)",
        "虹吹",
        "七曲り下",
        "上溝新開",
        "古山三谷",
        "下古山",
        "中丸(相模原市南区)",
        "下中丸",
        "下原橋",
        "下原中央",
        "新中丸橋",
        "原当麻駅",
        "原当麻駅東",
        "下原(相模原市南区)",
        "山の神坂下",
        "県立相模原公園前",
        "友愛病院前",
        "北里大学病院・北里大学",
        "麻溝台高校",
        "麻溝台入口",
        "大野台入口",
        "オルガノ前",
        "大沼",
        "大沼小学校前",
        "東通り(相模原市南区)",
        "団地入口(相模原市南区)",
        "小沼(相模原市南区)",
        "南中前(相模原市南区)",
        "グリーンホール前",
        "相模大野駅北口"
    ],
    "weekday": [
        "6:32",
        "7:09",
        "7:53",
        "8:46",
        "9:53",
        "11:07",
        "12:07",
        "13:37",
        "14:37",
        "15:59",
        "16:34",
        "18:05",
        "18:59",
        "20:33"
    ],
    "saturday": [
        "6:22",
        "7:22",
        "9:07",
        "10:14",
        "11:14",
        "12:19",
        "13:19",
        "14:44",
        "16:14",
        "17:14",
        "18:14",
        "19:18",
        "20:38"
    ],
    "holiday": [
        "6:38",
        "7:22",
        "8:47",
        "9:35",
        "11:18",
        "12:18",
        "13:18",
        "14:33",
        "16:18",
        "17:18",
        "18:18",
        "19:18",
        "20:36"
    ],
    "url": "https://www.kanachu.co.jp/dia/diagram/timetable01_js/course:0000803500-4/node:00128530/kt:0/lname:/"
}
