{
    "date": "2025/04/19",
    "name": "農協下",
    "position": "-",
    "system": "大15",
    "destinations": [
        "田中住宅前",
        "北相前",
        "亀ヶ池八幡宮前",
        "田島(相模原市中央区)",
        "虹吹",
        "七曲り下",
        "上溝新開",
        "古山三谷",
        "下古山",
        "中丸(相模原市南区)",
        "下中丸",
        "下原橋",
        "下原中央",
        "新中丸橋",
        "原当麻駅",
        "原当麻駅東",
        "下原(相模原市南区)",
        "山の神坂下",
        "県立相模原公園前",
        "友愛病院前",
        "北里大学病院・北里大学",
        "麻溝台高校",
        "麻溝台入口",
        "大野台入口",
        "オルガノ前",
        "大沼",
        "大沼小学校前",
        "東通り(相模原市南区)",
        "団地入口(相模原市南区)",
        "小沼(相模原市南区)",
        "南中前(相模原市南区)",
        "グリーンホール前",
        "相模大野駅北口"
    ],
    "weekday": [
        "6:33",
        "7:11",
        "7:55",
        "8:48",
        "9:54",
        "11:08",
        "12:08",
        "13:38",
        "14:38",
        "16:00",
        "16:35",
        "18:06",
        "19:00",
        "20:34"
    ],
    "saturday": [
        "6:23",
        "7:23",
        "9:08",
        "10:15",
        "11:15",
        "12:20",
        "13:20",
        "14:45",
        "16:15",
        "17:15",
        "18:15",
        "19:19",
        "20:39"
    ],
    "holiday": [
        "6:39",
        "7:23",
        "8:48",
        "9:36",
        "11:19",
        "12:19",
        "13:19",
        "14:34",
        "16:19",
        "17:19",
        "18:19",
        "19:19",
        "20:37"
    ],
    "url": "https://www.kanachu.co.jp/dia/diagram/timetable01_js/course:0000803500-5/node:00129218/kt:0/lname:/"
}
