{
    "date": "2025/04/19",
    "name": "田島(相模原市中央区)",
    "position": "-",
    "system": "大15",
    "destinations": [
        "虹吹",
        "七曲り下",
        "上溝新開",
        "古山三谷",
        "下古山",
        "中丸(相模原市南区)",
        "下中丸",
        "下原橋",
        "下原中央",
        "新中丸橋",
        "原当麻駅",
        "原当麻駅東",
        "下原(相模原市南区)",
        "山の神坂下",
        "県立相模原公園前",
        "友愛病院前",
        "北里大学病院・北里大学",
        "麻溝台高校",
        "麻溝台入口",
        "大野台入口",
        "オルガノ前",
        "大沼",
        "大沼小学校前",
        "東通り(相模原市南区)",
        "団地入口(相模原市南区)",
        "小沼(相模原市南区)",
        "南中前(相模原市南区)",
        "グリーンホール前",
        "相模大野駅北口"
    ],
    "weekday": [
        "6:37",
        "7:15",
        "7:59",
        "8:52",
        "9:58",
        "11:12",
        "12:12",
        "13:42",
        "14:42",
        "16:04",
        "16:39",
        "18:10",
        "19:04",
        "20:38"
    ],
    "saturday": [
        "6:27",
        "7:27",
        "9:12",
        "10:19",
        "11:19",
        "12:24",
        "13:24",
        "14:49",
        "16:19",
        "17:19",
        "18:19",
        "19:23",
        "20:43"
    ],
    "holiday": [
        "6:43",
        "7:27",
        "8:52",
        "9:40",
        "11:23",
        "12:23",
        "13:23",
        "14:38",
        "16:23",
        "17:23",
        "18:23",
        "19:23",
        "20:41"
    ],
    "url": "https://www.kanachu.co.jp/dia/diagram/timetable01_js/course:0000803500-9/node:00129181/kt:0/lname:/"
}
