{
    "date": "2025/04/19",
    "name": "下古山",
    "position": "-",
    "system": "大15",
    "destinations": [
        "中丸(相模原市南区)",
        "下中丸",
        "下原橋",
        "下原中央",
        "新中丸橋",
        "原当麻駅",
        "原当麻駅東",
        "下原(相模原市南区)",
        "山の神坂下",
        "県立相模原公園前",
        "友愛病院前",
        "北里大学病院・北里大学",
        "麻溝台高校",
        "麻溝台入口",
        "大野台入口",
        "オルガノ前",
        "大沼",
        "大沼小学校前",
        "東通り(相模原市南区)",
        "団地入口(相模原市南区)",
        "小沼(相模原市南区)",
        "南中前(相模原市南区)",
        "グリーンホール前",
        "相模大野駅北口"
    ],
    "weekday": [
        "6:42",
        "7:20",
        "8:04",
        "8:57",
        "10:03",
        "11:17",
        "12:17",
        "13:47",
        "14:47",
        "16:09",
        "16:44",
        "18:15",
        "19:09",
        "20:43"
    ],
    "saturday": [
        "6:32",
        "7:32",
        "9:17",
        "10:24",
        "11:24",
        "12:29",
        "13:29",
        "14:54",
        "16:24",
        "17:24",
        "18:24",
        "19:28",
        "20:48"
    ],
    "holiday": [
        "6:48",
        "7:32",
        "8:57",
        "9:45",
        "11:28",
        "12:28",
        "13:28",
        "14:43",
        "16:28",
        "17:28",
        "18:28",
        "19:28",
        "20:46"
    ],
    "url": "https://www.kanachu.co.jp/dia/diagram/timetable01_js/course:0000803500-14/node:00129165/kt:0/lname:/"
}
