{
    "date": "2025/04/19",
    "name": "中丸(相模原市南区)",
    "position": "-",
    "system": "大15",
    "destinations": [
        "下中丸",
        "下原橋",
        "下原中央",
        "新中丸橋",
        "原当麻駅",
        "原当麻駅東",
        "下原(相模原市南区)",
        "山の神坂下",
        "県立相模原公園前",
        "友愛病院前",
        "北里大学病院・北里大学",
        "麻溝台高校",
        "麻溝台入口",
        "大野台入口",
        "オルガノ前",
        "大沼",
        "大沼小学校前",
        "東通り(相模原市南区)",
        "団地入口(相模原市南区)",
        "小沼(相模原市南区)",
        "南中前(相模原市南区)",
        "グリーンホール前",
        "相模大野駅北口"
    ],
    "weekday": [
        "6:43",
        "7:21",
        "8:05",
        "8:58",
        "10:04",
        "11:18",
        "12:18",
        "13:48",
        "14:48",
        "16:10",
        "16:45",
        "18:16",
        "19:10",
        "20:44"
    ],
    "saturday": [
        "6:33",
        "7:33",
        "9:18",
        "10:25",
        "11:25",
        "12:30",
        "13:30",
        "14:55",
        "16:25",
        "17:25",
        "18:25",
        "19:29",
        "20:49"
    ],
    "holiday": [
        "6:49",
        "7:33",
        "8:58",
        "9:46",
        "11:29",
        "12:29",
        "13:29",
        "14:44",
        "16:29",
        "17:29",
        "18:29",
        "19:29",
        "20:47"
    ],
    "url": "https://www.kanachu.co.jp/dia/diagram/timetable01_js/course:0000803500-15/node:00129209/kt:0/lname:/"
}
