{
    "date": "2025/04/19",
    "name": "下原橋",
    "position": "-",
    "system": "大15",
    "destinations": [
        "下原中央",
        "新中丸橋",
        "原当麻駅",
        "原当麻駅東",
        "下原(相模原市南区)",
        "山の神坂下",
        "県立相模原公園前",
        "友愛病院前",
        "北里大学病院・北里大学",
        "麻溝台高校",
        "麻溝台入口",
        "大野台入口",
        "オルガノ前",
        "大沼",
        "大沼小学校前",
        "東通り(相模原市南区)",
        "団地入口(相模原市南区)",
        "小沼(相模原市南区)",
        "南中前(相模原市南区)",
        "グリーンホール前",
        "相模大野駅北口"
    ],
    "weekday": [
        "6:44",
        "7:23",
        "8:07",
        "9:00",
        "10:05",
        "11:19",
        "12:19",
        "13:49",
        "14:49",
        "16:11",
        "16:46",
        "18:17",
        "19:11",
        "20:45"
    ],
    "saturday": [
        "6:34",
        "7:34",
        "9:19",
        "10:26",
        "11:26",
        "12:31",
        "13:31",
        "14:56",
        "16:26",
        "17:26",
        "18:26",
        "19:30",
        "20:50"
    ],
    "holiday": [
        "6:50",
        "7:34",
        "8:59",
        "9:47",
        "11:30",
        "12:30",
        "13:30",
        "14:45",
        "16:30",
        "17:30",
        "18:30",
        "19:30",
        "20:48"
    ],
    "url": "https://www.kanachu.co.jp/dia/diagram/timetable01_js/course:0000803500-17/node:00129351/kt:0/lname:/"
}
