{
    "date": "2025/04/19",
    "name": "下原中央",
    "position": "-",
    "system": "大15",
    "destinations": [
        "新中丸橋",
        "原当麻駅",
        "原当麻駅東",
        "下原(相模原市南区)",
        "山の神坂下",
        "県立相模原公園前",
        "友愛病院前",
        "北里大学病院・北里大学",
        "麻溝台高校",
        "麻溝台入口",
        "大野台入口",
        "オルガノ前",
        "大沼",
        "大沼小学校前",
        "東通り(相模原市南区)",
        "団地入口(相模原市南区)",
        "小沼(相模原市南区)",
        "南中前(相模原市南区)",
        "グリーンホール前",
        "相模大野駅北口"
    ],
    "weekday": [
        "6:45",
        "7:24",
        "8:08",
        "9:01",
        "10:06",
        "11:20",
        "12:20",
        "13:50",
        "14:50",
        "16:12",
        "16:47",
        "18:18",
        "19:12",
        "20:46"
    ],
    "saturday": [
        "6:35",
        "7:35",
        "9:20",
        "10:27",
        "11:27",
        "12:32",
        "13:32",
        "14:57",
        "16:27",
        "17:27",
        "18:27",
        "19:31",
        "20:51"
    ],
    "holiday": [
        "6:51",
        "7:35",
        "9:00",
        "9:48",
        "11:31",
        "12:31",
        "13:31",
        "14:46",
        "16:31",
        "17:31",
        "18:31",
        "19:31",
        "20:49"
    ],
    "url": "https://www.kanachu.co.jp/dia/diagram/timetable01_js/course:0000803500-18/node:00129350/kt:0/lname:/"
}
