{
    "date": "2025/04/19",
    "name": "原当麻駅",
    "position": "-",
    "system": "大15",
    "destinations": [
        "原当麻駅東",
        "下原(相模原市南区)",
        "山の神坂下",
        "県立相模原公園前",
        "友愛病院前",
        "北里大学病院・北里大学",
        "麻溝台高校",
        "麻溝台入口",
        "大野台入口",
        "オルガノ前",
        "大沼",
        "大沼小学校前",
        "東通り(相模原市南区)",
        "団地入口(相模原市南区)",
        "小沼(相模原市南区)",
        "南中前(相模原市南区)",
        "グリーンホール前",
        "相模大野駅北口"
    ],
    "weekday": [
        "6:49",
        "7:29",
        "8:13",
        "9:05",
        "10:10",
        "11:24",
        "12:24",
        "13:54",
        "14:54",
        "16:16",
        "16:51",
        "18:22",
        "19:16",
        "20:50"
    ],
    "saturday": [
        "6:39",
        "7:39",
        "9:24",
        "10:31",
        "11:31",
        "12:36",
        "13:36",
        "15:01",
        "16:31",
        "17:31",
        "18:31",
        "19:35",
        "20:55"
    ],
    "holiday": [
        "6:55",
        "7:39",
        "9:04",
        "9:52",
        "11:35",
        "12:35",
        "13:35",
        "14:50",
        "16:35",
        "17:35",
        "18:35",
        "19:35",
        "20:53"
    ],
    "url": "https://www.kanachu.co.jp/dia/diagram/timetable01_js/course:0000803500-20/node:00129319/kt:0/lname:/"
}
