{
    "date": "2025/04/19",
    "name": "下原(相模原市南区)",
    "position": "-",
    "system": "大15",
    "destinations": [
        "山の神坂下",
        "県立相模原公園前",
        "友愛病院前",
        "北里大学病院・北里大学",
        "麻溝台高校",
        "麻溝台入口",
        "大野台入口",
        "オルガノ前",
        "大沼",
        "大沼小学校前",
        "東通り(相模原市南区)",
        "団地入口(相模原市南区)",
        "小沼(相模原市南区)",
        "南中前(相模原市南区)",
        "グリーンホール前",
        "相模大野駅北口"
    ],
    "weekday": [
        "6:51",
        "7:31",
        "8:15",
        "9:07",
        "10:12",
        "11:26",
        "12:26",
        "13:56",
        "14:56",
        "16:18",
        "16:53",
        "18:24",
        "19:18",
        "20:52"
    ],
    "saturday": [
        "6:41",
        "7:41",
        "9:26",
        "10:33",
        "11:33",
        "12:38",
        "13:38",
        "15:03",
        "16:33",
        "17:33",
        "18:33",
        "19:37",
        "20:57"
    ],
    "holiday": [
        "6:57",
        "7:41",
        "9:06",
        "9:54",
        "11:37",
        "12:37",
        "13:37",
        "14:52",
        "16:37",
        "17:37",
        "18:37",
        "19:37",
        "20:55"
    ],
    "url": "https://www.kanachu.co.jp/dia/diagram/timetable01_js/course:0000803500-22/node:00129166/kt:0/lname:/"
}
