{
    "date": "2025/04/19",
    "name": "麻溝台入口",
    "position": "-",
    "system": "大15",
    "destinations": [
        "大野台入口",
        "オルガノ前",
        "大沼",
        "大沼小学校前",
        "東通り(相模原市南区)",
        "団地入口(相模原市南区)",
        "小沼(相模原市南区)",
        "南中前(相模原市南区)",
        "グリーンホール前",
        "相模大野駅北口"
    ],
    "weekday": [
        "6:59",
        "7:49",
        "8:33",
        "9:18",
        "10:23",
        "11:37",
        "12:37",
        "14:07",
        "15:07",
        "16:32",
        "17:07",
        "18:38",
        "19:26",
        "21:00"
    ],
    "saturday": [
        "6:49",
        "7:49",
        "9:34",
        "10:44",
        "11:44",
        "12:49",
        "13:49",
        "15:14",
        "16:44",
        "17:44",
        "18:44",
        "19:48",
        "21:05"
    ],
    "holiday": [
        "7:05",
        "7:49",
        "9:14",
        "10:03",
        "11:48",
        "12:48",
        "13:48",
        "15:03",
        "16:48",
        "17:48",
        "18:48",
        "19:48",
        "21:04"
    ],
    "url": "https://www.kanachu.co.jp/dia/diagram/timetable01_js/course:0000803500-28/node:00129121/kt:0/lname:/"
}
