{
    "date": "2025/04/19",
    "name": "オルガノ前",
    "position": "-",
    "system": "大15",
    "destinations": [
        "大沼",
        "大沼小学校前",
        "東通り(相模原市南区)",
        "団地入口(相模原市南区)",
        "小沼(相模原市南区)",
        "南中前(相模原市南区)",
        "グリーンホール前",
        "相模大野駅北口"
    ],
    "weekday": [
        "7:01",
        "7:51",
        "8:35",
        "9:20",
        "10:25",
        "11:39",
        "12:39",
        "14:09",
        "15:09",
        "16:35",
        "17:10",
        "18:41",
        "19:28",
        "21:02"
    ],
    "saturday": [
        "6:51",
        "7:51",
        "9:36",
        "10:46",
        "11:46",
        "12:51",
        "13:51",
        "15:16",
        "16:46",
        "17:46",
        "18:46",
        "19:50",
        "21:07"
    ],
    "holiday": [
        "7:07",
        "7:51",
        "9:16",
        "10:05",
        "11:50",
        "12:50",
        "13:50",
        "15:05",
        "16:50",
        "17:50",
        "18:50",
        "19:50",
        "21:06"
    ],
    "url": "https://www.kanachu.co.jp/dia/diagram/timetable01_js/course:0000803500-30/node:00129197/kt:0/lname:/"
}
