{
    "date": "2025/04/19",
    "name": "大沼小学校前",
    "position": "-",
    "system": "大15",
    "destinations": [
        "東通り(相模原市南区)",
        "団地入口(相模原市南区)",
        "小沼(相模原市南区)",
        "南中前(相模原市南区)",
        "グリーンホール前",
        "相模大野駅北口"
    ],
    "weekday": [
        "7:04",
        "7:54",
        "8:38",
        "9:23",
        "10:28",
        "11:42",
        "12:42",
        "14:12",
        "15:12",
        "16:38",
        "17:13",
        "18:44",
        "19:31",
        "21:05"
    ],
    "saturday": [
        "6:54",
        "7:54",
        "9:39",
        "10:49",
        "11:49",
        "12:54",
        "13:54",
        "15:19",
        "16:49",
        "17:49",
        "18:49",
        "19:53",
        "21:10"
    ],
    "holiday": [
        "7:10",
        "7:54",
        "9:19",
        "10:08",
        "11:53",
        "12:53",
        "13:53",
        "15:08",
        "16:53",
        "17:53",
        "18:53",
        "19:53",
        "21:09"
    ],
    "url": "https://www.kanachu.co.jp/dia/diagram/timetable01_js/course:0000803500-32/node:00129088/kt:0/lname:/"
}
