{
    "date": "2025/04/19",
    "name": "団地入口(相模原市南区)",
    "position": "-",
    "system": "大15",
    "destinations": [
        "小沼(相模原市南区)",
        "南中前(相模原市南区)",
        "グリーンホール前",
        "相模大野駅北口"
    ],
    "weekday": [
        "7:06",
        "7:56",
        "8:40",
        "9:25",
        "10:30",
        "11:44",
        "12:44",
        "14:14",
        "15:14",
        "16:40",
        "17:15",
        "18:46",
        "19:33",
        "21:07"
    ],
    "saturday": [
        "6:56",
        "7:56",
        "9:41",
        "10:51",
        "11:51",
        "12:56",
        "13:56",
        "15:21",
        "16:51",
        "17:51",
        "18:51",
        "19:55",
        "21:12"
    ],
    "holiday": [
        "7:12",
        "7:56",
        "9:21",
        "10:10",
        "11:55",
        "12:55",
        "13:55",
        "15:10",
        "16:55",
        "17:55",
        "18:55",
        "19:55",
        "21:11"
    ],
    "url": "https://www.kanachu.co.jp/dia/diagram/timetable01_js/course:0000803500-34/node:00129193/kt:0/lname:/"
}
