{
    "date": "2025/04/19",
    "name": "南中前(相模原市南区)",
    "position": "-",
    "system": "大15",
    "destinations": [
        "グリーンホール前",
        "相模大野駅北口"
    ],
    "weekday": [
        "7:09",
        "7:59",
        "8:43",
        "9:28",
        "10:33",
        "11:47",
        "12:47",
        "14:17",
        "15:17",
        "16:43",
        "17:18",
        "18:49",
        "19:36",
        "21:09"
    ],
    "saturday": [
        "6:58",
        "7:58",
        "9:44",
        "10:54",
        "11:54",
        "12:59",
        "13:59",
        "15:24",
        "16:54",
        "17:54",
        "18:54",
        "19:58",
        "21:14"
    ],
    "holiday": [
        "7:14",
        "7:58",
        "9:24",
        "10:13",
        "11:58",
        "12:58",
        "13:58",
        "15:13",
        "16:58",
        "17:58",
        "18:58",
        "19:58",
        "21:13"
    ],
    "url": "https://www.kanachu.co.jp/dia/diagram/timetable01_js/course:0000803500-36/node:00129205/kt:0/lname:/"
}
