{
    "date": "2026/01/16",
    "name": "上横町",
    "position": "-",
    "system": "古03",
    "destinations": [
        "境川団地",
        "境川団地中央",
        "鹿島神社入口",
        "古淵駅"
    ],
    "weekday": [
        "5:58",
        "6:38",
        "7:24",
        "8:14",
        "9:05",
        "9:45",
        "10:45",
        "11:45",
        "12:45",
        "13:45",
        "14:45",
        "15:44",
        "16:44",
        "17:44",
        "18:33",
        "19:23",
        "20:23"
    ],
    "saturday": [
        "6:08",
        "7:28",
        "8:08",
        "9:08",
        "10:03",
        "16:23",
        "17:23",
        "18:23",
        "19:23",
        "20:18"
    ],
    "holiday": [
        "7:28",
        "8:48",
        "10:08",
        "11:38",
        "13:18",
        "15:53",
        "16:48",
        "17:43",
        "18:43",
        "19:43"
    ],
    "url": "https://www.kanachu.co.jp/dia/diagram/timetable01_js/course:0000803968-7/node:00129385/kt:0/lname:/"
}
