{
    "date": "2025/08/04",
    "name": "金属工業団地(相模原市緑区)",
    "position": "-",
    "system": "相32",
    "destinations": [
        "緑ヶ丘(相模原市緑区)",
        "橋本十字路",
        "大山団地入口",
        "大河原(相模原市中央区)",
        "清新小学校前",
        "さがみ夢大通り",
        "相模原駅南口"
    ],
    "weekday": [
        "13:12",
        "13:52",
        "14:27",
        "15:07",
        "15:52",
        "16:27",
        "17:17",
        "17:47",
        "18:17",
        "18:42"
    ],
    "saturday": [
        "12:47",
        "13:17",
        "13:47",
        "14:17",
        "15:07",
        "15:37",
        "16:37",
        "17:17",
        "17:57"
    ],
    "holiday": [
        "17:17",
        "17:47"
    ],
    "url": "https://www.kanachu.co.jp/dia/diagram/timetable01_js/course:0000803002-4/node:00129118/kt:0/lname:/"
}
