{
    "date": "2025/03/15",
    "name": "綾北小学校前",
    "position": "-",
    "system": "さ03",
    "destinations": [
        "寺尾(綾瀬市)",
        "観音入口",
        "上深谷",
        "本郷(綾瀬市)",
        "綾瀬工業団地入口",
        "与蔵山下",
        "中郷(綾瀬市)",
        "観音橋",
        "浅間橋際",
        "ハンディホームセンター前",
        "春日原(綾瀬市)",
        "吉岡芝原",
        "団地中央(綾瀬市)",
        "吉岡工業団地"
    ],
    "weekday": [
        "7:13",
        "19:41"
    ],
    "saturday": [
        "9:11",
        "16:41",
        "18:11"
    ],
    "holiday": [
        "9:11",
        "16:41",
        "18:11"
    ],
    "url": "https://www.kanachu.co.jp/dia/diagram/timetable01_js/course:0000802331-7/node:00129866/kt:0/lname:/"
}
