{
    "date": "2025/03/15",
    "name": "上深谷",
    "position": "-",
    "system": "",
    "destinations": [
        "本郷(綾瀬市)",
        "綾瀬工業団地入口",
        "与蔵山下",
        "中郷(綾瀬市)",
        "観音橋",
        "浅間橋際",
        "ハンディホームセンター前",
        "春日原(綾瀬市)",
        "吉岡芝原",
        "団地中央(綾瀬市)",
        "吉岡工業団地"
    ],
    "weekday": [
        "7:18",
        "19:46"
    ],
    "saturday": [
        "9:16",
        "16:46",
        "18:16"
    ],
    "holiday": [
        "9:16",
        "16:46",
        "18:16"
    ],
    "url": "https://www.kanachu.co.jp/dia/diagram/timetable01_js/course:0000802331-10/node:00129863/kt:0/lname:/"
}
