{
    "date": "2025/03/15",
    "name": "本郷(綾瀬市)",
    "position": "-",
    "system": "",
    "destinations": [
        "綾瀬工業団地入口",
        "与蔵山下",
        "中郷(綾瀬市)",
        "観音橋",
        "浅間橋際",
        "ハンディホームセンター前",
        "春日原(綾瀬市)",
        "吉岡芝原",
        "団地中央(綾瀬市)",
        "吉岡工業団地"
    ],
    "weekday": [
        "7:19",
        "19:47"
    ],
    "saturday": [
        "9:17",
        "16:47",
        "18:17"
    ],
    "holiday": [
        "9:17",
        "16:47",
        "18:17"
    ],
    "url": "https://www.kanachu.co.jp/dia/diagram/timetable01_js/course:0000802331-11/node:00129999/kt:0/lname:/"
}
