{
    "date": "2025/03/15",
    "name": "中郷(綾瀬市)",
    "position": "-",
    "system": "さ03",
    "destinations": [
        "観音橋",
        "浅間橋際",
        "ハンディホームセンター前",
        "春日原(綾瀬市)",
        "吉岡芝原",
        "団地中央(綾瀬市)",
        "吉岡工業団地"
    ],
    "weekday": [
        "7:23",
        "19:51"
    ],
    "saturday": [
        "9:21",
        "16:51",
        "18:21"
    ],
    "holiday": [
        "9:21",
        "16:51",
        "18:21"
    ],
    "url": "https://www.kanachu.co.jp/dia/diagram/timetable01_js/course:0000802331-14/node:00129859/kt:0/lname:/"
}
