{
    "date": "2025/01/14",
    "name": "愛名入口",
    "position": "-",
    "system": "厚44",
    "destinations": [
        "やまゆり園前(厚木市)",
        "宮地(厚木市)",
        "高松山入口",
        "森の里青山",
        "日産先進技術開発センター前",
        "通信研究所前(厚木市)",
        "森の里センター",
        "厚木西高校",
        "森の里四丁目",
        "森の里五丁目",
        "森の里"
    ],
    "weekday": [
        "6:48",
        "7:23",
        "7:44",
        "8:08",
        "8:28",
        "8:58",
        "9:27"
    ],
    "saturday": [
        "7:24",
        "8:24",
        "9:24"
    ],
    "holiday": [
        "7:24",
        "8:24",
        "9:24"
    ],
    "url": "https://www.kanachu.co.jp/dia/diagram/timetable01_js/course:0000800845-13/node:00128448/kt:0/lname:/"
}
