{
    "date": "2025/01/14",
    "name": "宮地(厚木市)",
    "position": "-",
    "system": "厚44",
    "destinations": [
        "高松山入口",
        "森の里青山",
        "日産先進技術開発センター前",
        "通信研究所前(厚木市)",
        "森の里センター",
        "厚木西高校",
        "森の里四丁目",
        "森の里五丁目",
        "森の里"
    ],
    "weekday": [
        "6:50",
        "7:25",
        "7:46",
        "8:10",
        "8:30",
        "9:00",
        "9:29"
    ],
    "saturday": [
        "7:26",
        "8:26",
        "9:26"
    ],
    "holiday": [
        "7:26",
        "8:26",
        "9:26"
    ],
    "url": "https://www.kanachu.co.jp/dia/diagram/timetable01_js/course:0000800845-15/node:00128514/kt:0/lname:/"
}
