{
    "date": "2025/01/14",
    "name": "高松山入口",
    "position": "-",
    "system": "厚44",
    "destinations": [
        "森の里青山",
        "日産先進技術開発センター前",
        "通信研究所前(厚木市)",
        "森の里センター",
        "厚木西高校",
        "森の里四丁目",
        "森の里五丁目",
        "森の里"
    ],
    "weekday": [
        "6:52",
        "7:27",
        "7:48",
        "8:12",
        "8:32",
        "9:02",
        "9:31"
    ],
    "saturday": [
        "7:28",
        "8:28",
        "9:28"
    ],
    "holiday": [
        "7:28",
        "8:28",
        "9:28"
    ],
    "url": "https://www.kanachu.co.jp/dia/diagram/timetable01_js/course:0000800845-16/node:00128516/kt:0/lname:/"
}
