{
    "date": "2025/01/14",
    "name": "森の里青山",
    "position": "-",
    "system": "厚44",
    "destinations": [
        "日産先進技術開発センター前",
        "通信研究所前(厚木市)",
        "森の里センター",
        "厚木西高校",
        "森の里四丁目",
        "森の里五丁目",
        "森の里"
    ],
    "weekday": [
        "6:55",
        "7:30",
        "7:52",
        "8:16",
        "8:36",
        "9:05",
        "9:34"
    ],
    "saturday": [
        "7:30",
        "8:30",
        "9:30"
    ],
    "holiday": [
        "7:30",
        "8:30",
        "9:30"
    ],
    "url": "https://www.kanachu.co.jp/dia/diagram/timetable01_js/course:0000800845-17/node:00128644/kt:0/lname:/"
}
