{
    "date": "2025/03/15",
    "name": "湘南台駅西口",
    "position": "-",
    "system": "湘20",
    "destinations": [
        "円行上庭",
        "北警察署前(藤沢市)",
        "加温処理場前",
        "大山(藤沢市)",
        "大下(藤沢市)",
        "六地蔵(藤沢市)",
        "仲之桜",
        "笹久保(藤沢市)",
        "菖蒲沢(藤沢市)",
        "西菖蒲沢",
        "御所見中学校前",
        "御所見市民センター前",
        "用田(藤沢市)",
        "用田辻",
        "用田神社入口",
        "松葉(藤沢市)",
        "女坂",
        "山根(綾瀬市)",
        "吉岡芝原",
        "綾瀬車庫(綾瀬市)"
    ],
    "weekday": [
        "7:30",
        "8:30",
        "9:30",
        "10:30",
        "11:30",
        "12:00",
        "12:45",
        "13:30",
        "14:00",
        "14:50",
        "15:25",
        "15:55",
        "16:25",
        "17:00",
        "17:30",
        "18:00",
        "18:35",
        "19:00",
        "19:30",
        "20:00",
        "20:30",
        "21:00",
        "21:30",
        "22:20"
    ],
    "saturday": [
        "7:30",
        "8:20",
        "9:40",
        "10:35",
        "11:00",
        "11:35",
        "12:00",
        "13:00",
        "13:25",
        "14:00",
        "14:25",
        "15:00",
        "15:25",
        "15:55",
        "16:25",
        "17:00",
        "17:25",
        "18:00",
        "18:25",
        "19:00",
        "19:25",
        "20:00",
        "20:27",
        "21:06"
    ],
    "holiday": [
        "7:30",
        "8:20",
        "9:40",
        "10:35",
        "11:00",
        "11:35",
        "12:00",
        "13:00",
        "13:25",
        "14:00",
        "14:25",
        "15:00",
        "15:25",
        "15:55",
        "16:25",
        "17:00",
        "17:25",
        "18:00",
        "18:25",
        "19:00",
        "19:25",
        "20:00",
        "20:27",
        "21:06"
    ],
    "url": "https://www.kanachu.co.jp/dia/diagram/timetable01_js/course:0000800582-1/node:00129893/kt:0/lname:/"
}
