{
    "date": "2025/03/15",
    "name": "円行上庭",
    "position": "-",
    "system": "湘20",
    "destinations": [
        "北警察署前(藤沢市)",
        "加温処理場前",
        "大山(藤沢市)",
        "大下(藤沢市)",
        "六地蔵(藤沢市)",
        "仲之桜",
        "笹久保(藤沢市)",
        "菖蒲沢(藤沢市)",
        "西菖蒲沢",
        "御所見中学校前",
        "御所見市民センター前",
        "用田(藤沢市)",
        "用田辻",
        "用田神社入口",
        "松葉(藤沢市)",
        "女坂",
        "山根(綾瀬市)",
        "吉岡芝原",
        "綾瀬車庫(綾瀬市)"
    ],
    "weekday": [
        "7:31",
        "8:31",
        "9:31",
        "10:31",
        "11:31",
        "12:01",
        "12:46",
        "13:31",
        "14:01",
        "14:51",
        "15:26",
        "15:56",
        "16:26",
        "17:01",
        "17:31",
        "18:01",
        "18:36",
        "19:01",
        "19:31",
        "20:01",
        "20:31",
        "21:01",
        "21:31",
        "22:21"
    ],
    "saturday": [
        "7:31",
        "8:21",
        "9:41",
        "10:36",
        "11:01",
        "11:36",
        "12:01",
        "13:01",
        "13:26",
        "14:01",
        "14:26",
        "15:01",
        "15:26",
        "15:56",
        "16:26",
        "17:01",
        "17:26",
        "18:01",
        "18:26",
        "19:01",
        "19:26",
        "20:01",
        "20:28",
        "21:07"
    ],
    "holiday": [
        "7:31",
        "8:21",
        "9:41",
        "10:36",
        "11:01",
        "11:36",
        "12:01",
        "13:01",
        "13:26",
        "14:01",
        "14:26",
        "15:01",
        "15:26",
        "15:56",
        "16:26",
        "17:01",
        "17:26",
        "18:01",
        "18:26",
        "19:01",
        "19:26",
        "20:01",
        "20:28",
        "21:07"
    ],
    "url": "https://www.kanachu.co.jp/dia/diagram/timetable01_js/course:0000800582-2/node:00129896/kt:0/lname:/"
}
