{
    "date": "2025/03/15",
    "name": "用田辻",
    "position": "-",
    "system": "湘20",
    "destinations": [
        "用田神社入口",
        "松葉(藤沢市)",
        "女坂",
        "山根(綾瀬市)",
        "吉岡芝原",
        "綾瀬車庫(綾瀬市)"
    ],
    "weekday": [
        "7:45",
        "8:45",
        "9:45",
        "10:45",
        "11:45",
        "12:15",
        "13:00",
        "13:45",
        "14:15",
        "15:05",
        "15:40",
        "16:10",
        "16:40",
        "17:15",
        "17:45",
        "18:15",
        "18:50",
        "19:15",
        "19:45",
        "20:15",
        "20:45",
        "21:15",
        "21:45",
        "22:35"
    ],
    "saturday": [
        "7:45",
        "8:35",
        "9:55",
        "10:50",
        "11:15",
        "11:50",
        "12:15",
        "13:15",
        "13:40",
        "14:15",
        "14:40",
        "15:15",
        "15:40",
        "16:10",
        "16:40",
        "17:15",
        "17:40",
        "18:15",
        "18:40",
        "19:15",
        "19:40",
        "20:15",
        "20:42",
        "21:21"
    ],
    "holiday": [
        "7:45",
        "8:35",
        "9:55",
        "10:50",
        "11:15",
        "11:50",
        "12:15",
        "13:15",
        "13:40",
        "14:15",
        "14:40",
        "15:15",
        "15:40",
        "16:10",
        "16:40",
        "17:15",
        "17:40",
        "18:15",
        "18:40",
        "19:15",
        "19:40",
        "20:15",
        "20:42",
        "21:21"
    ],
    "url": "https://www.kanachu.co.jp/dia/diagram/timetable01_js/course:0000800582-15/node:00129827/kt:0/lname:/"
}
