{
    "date": "2025/04/19",
    "name": "北里大学病院・北里大学",
    "position": "-",
    "system": "大15",
    "destinations": [
        "友愛病院前",
        "県立相模原公園前",
        "山の神坂下",
        "下原(相模原市南区)",
        "原当麻駅東",
        "原当麻駅"
    ],
    "weekday": [
        "21:48"
    ],
    "saturday": [
        "21:47"
    ],
    "holiday": [
        "20:51"
    ],
    "url": "https://www.kanachu.co.jp/dia/diagram/timetable01_js/course:0000803739-13/node:00129119/kt:0/lname:/"
}
