{
    "date": "2025/07/12",
    "name": "植木(鎌倉市)",
    "position": "-",
    "system": "船31",
    "destinations": [
        "久成寺前",
        "渡内第三会館前",
        "渡内",
        "藤ヶ岡中学校前",
        "隆昌院前",
        "柄沢",
        "柄沢十字路",
        "並木台",
        "慈眼寺"
    ],
    "weekday": [
        "17:47",
        "18:37",
        "19:31",
        "20:36"
    ],
    "saturday": [],
    "holiday": [],
    "url": "https://www.kanachu.co.jp/dia/diagram/timetable01_js/course:0000802101-6/node:00126989/kt:0/lname:/"
}
