{
    "system": "船31",
    "busstops": [
        {
            "index": "1",
            "id": "00126855",
            "name": "大船駅西口",
            "lat": "35.352463",
            "lng": "139.528646"
        },
        {
            "index": "2",
            "id": "00126992",
            "name": "児童公園前(鎌倉市)",
            "lat": "35.35249",
            "lng": "139.523991"
        },
        {
            "index": "3",
            "id": "00127116",
            "name": "玉縄行政センター入口",
            "lat": "35.350517",
            "lng": "139.522147"
        },
        {
            "index": "4",
            "id": "00126991",
            "name": "岡本(鎌倉市)",
            "lat": "35.349612",
            "lng": "139.519875"
        },
        {
            "index": "5",
            "id": "00126990",
            "name": "公会堂前(鎌倉市)",
            "lat": "35.348843",
            "lng": "139.516069"
        },
        {
            "index": "6",
            "id": "00126989",
            "name": "植木(鎌倉市)",
            "lat": "35.349581",
            "lng": "139.513617"
        },
        {
            "index": "7",
            "id": "00126988",
            "name": "久成寺前",
            "lat": "35.350714",
            "lng": "139.510962"
        },
        {
            "index": "8",
            "id": "00126987",
            "name": "渡内第三会館前",
            "lat": "35.349717",
            "lng": "139.506871"
        },
        {
            "index": "9",
            "id": "00126986",
            "name": "渡内",
            "lat": "35.349417",
            "lng": "139.503885"
        },
        {
            "index": "10",
            "id": "00126985",
            "name": "藤ヶ岡中学校前",
            "lat": "35.348996",
            "lng": "139.499974"
        },
        {
            "index": "11",
            "id": "00130373",
            "name": "隆昌院前",
            "lat": "35.350179",
            "lng": "139.497649"
        },
        {
            "index": "12",
            "id": "00130312",
            "name": "柄沢",
            "lat": "35.353078",
            "lng": "139.498607"
        },
        {
            "index": "13",
            "id": "00130313",
            "name": "柄沢十字路",
            "lat": "35.354627",
            "lng": "139.501929"
        },
        {
            "index": "14",
            "id": "00130314",
            "name": "並木台",
            "lat": "35.352958",
            "lng": "139.503554"
        },
        {
            "index": "15",
            "id": "00130315",
            "name": "慈眼寺",
            "lat": "35.350878",
            "lng": "139.502996"
        }
    ],
    "route_url": "https://www.kanachu.co.jp/dia/route/index/cid:0000802101/"
}
