{
    "date": "2023/11/01",
    "name": "天神下(中郡大磯町)",
    "position": "-",
    "system": "二02",
    "destinations": [
        "公民館前(中郡大磯町)",
        "舟窪",
        "上舟窪",
        "黒岩入口",
        "西久保(中郡大磯町)",
        "西久保福祉館前",
        "黒岩公民館前",
        "黒岩台",
        "黒岩公民館前",
        "西久保福祉館前",
        "西久保(中郡大磯町)",
        "富士見平",
        "桜美園前",
        "栗谷前",
        "堂面(中郡二宮町)",
        "元町(中郡二宮町)",
        "二宮駅北口"
    ],
    "weekday": [
        "7:08",
        "15:13"
    ],
    "saturday": [],
    "holiday": [],
    "url": "https://www.kanachu.co.jp/dia/diagram/timetable01_js/course:0000800840-8/node:00127519/kt:0/lname:/"
}
