{
    "date": "2026/01/16",
    "name": "日野(横浜市港南区)",
    "position": "-",
    "system": "139",
    "destinations": [
        "日野小学校前(横浜市港南区)",
        "日野中央公園入口",
        "日野公園墓地入口",
        "新吉原橋",
        "吉原(横浜市港南区)",
        "港南区総合庁舎前",
        "笹下港南中央通り",
        "関の下",
        "上大岡駅"
    ],
    "weekday": [
        "6:06",
        "7:28",
        "8:49",
        "10:35",
        "12:45",
        "14:35",
        "16:35",
        "18:36"
    ],
    "saturday": [
        "7:18",
        "8:57",
        "10:59",
        "12:59",
        "14:59",
        "17:02",
        "18:30"
    ],
    "holiday": [
        "7:18",
        "8:57",
        "10:59",
        "12:59",
        "14:59",
        "17:02",
        "18:30"
    ],
    "url": "https://www.kanachu.co.jp/dia/diagram/timetable01_js/course:0000804149-14/node:00102954/kt:0/lname:/"
}
