{
    "date": "2026/01/16",
    "name": "関の下",
    "position": "-",
    "system": "139",
    "destinations": [
        "上大岡駅"
    ],
    "weekday": [
        "6:14",
        "7:37",
        "8:58",
        "10:44",
        "12:54",
        "14:44",
        "16:44",
        "18:45"
    ],
    "saturday": [
        "7:27",
        "9:06",
        "11:08",
        "13:08",
        "15:08",
        "17:11",
        "18:39"
    ],
    "holiday": [
        "7:27",
        "9:06",
        "11:08",
        "13:08",
        "15:08",
        "17:11",
        "18:39"
    ],
    "url": "https://www.kanachu.co.jp/dia/diagram/timetable01_js/course:0000804149-22/node:00102671/kt:0/lname:/"
}
