{
    "date": "2024/07/08",
    "name": "小山田桜台",
    "position": "-",
    "system": "町34",
    "destinations": [
        "桜台二丁目(町田市)",
        "桜台センター前",
        "桜台一丁目(町田市)",
        "桜台入口(町田市)",
        "唐沢(町田市)",
        "桜美林学園",
        "忠生四丁目",
        "忠霊塔前",
        "忠生三丁目",
        "町田工業高校前",
        "忠生二丁目",
        "忠生公園前",
        "忠生公園入口",
        "木曽(町田市)",
        "三家(町田市)",
        "木曽住宅",
        "滝の沢(町田市)",
        "浄水場前(町田市)",
        "市民病院前(町田市)",
        "森野三丁目",
        "第四小学校前(町田市)",
        "町田市役所市民ホール前",
        "町田バスセンター"
    ],
    "weekday": [
        "8:14",
        "8:50",
        "9:15",
        "9:55",
        "10:25",
        "10:45",
        "11:25",
        "12:25",
        "13:25",
        "14:25",
        "15:25",
        "16:25"
    ],
    "saturday": [
        "8:20",
        "9:20",
        "10:20",
        "11:20",
        "12:25",
        "13:25",
        "14:25",
        "15:25",
        "16:25"
    ],
    "holiday": [],
    "url": "https://www.kanachu.co.jp/dia/diagram/timetable01_js/course:0000803187-1/node:00129406/kt:0/lname:/"
}
