{
    "date": "2024/07/08",
    "name": "桜台センター前",
    "position": "-",
    "system": "町34",
    "destinations": [
        "桜台一丁目(町田市)",
        "桜台入口(町田市)",
        "唐沢(町田市)",
        "桜美林学園",
        "忠生四丁目",
        "忠霊塔前",
        "忠生三丁目",
        "町田工業高校前",
        "忠生二丁目",
        "忠生公園前",
        "忠生公園入口",
        "木曽(町田市)",
        "三家(町田市)",
        "木曽住宅",
        "滝の沢(町田市)",
        "浄水場前(町田市)",
        "市民病院前(町田市)",
        "森野三丁目",
        "第四小学校前(町田市)",
        "町田市役所市民ホール前",
        "町田バスセンター"
    ],
    "weekday": [
        "8:16",
        "8:52",
        "9:17",
        "9:57",
        "10:27",
        "10:47",
        "11:27",
        "12:27",
        "13:27",
        "14:27",
        "15:27",
        "16:27"
    ],
    "saturday": [
        "8:22",
        "9:22",
        "10:22",
        "11:22",
        "12:27",
        "13:27",
        "14:27",
        "15:27",
        "16:27"
    ],
    "holiday": [],
    "url": "https://www.kanachu.co.jp/dia/diagram/timetable01_js/course:0000803187-3/node:00129404/kt:0/lname:/"
}
