{
    "date": "2024/07/08",
    "name": "忠生四丁目",
    "position": "-",
    "system": "町34",
    "destinations": [
        "忠霊塔前",
        "忠生三丁目",
        "町田工業高校前",
        "忠生二丁目",
        "忠生公園前",
        "忠生公園入口",
        "木曽(町田市)",
        "三家(町田市)",
        "木曽住宅",
        "滝の沢(町田市)",
        "浄水場前(町田市)",
        "市民病院前(町田市)",
        "森野三丁目",
        "第四小学校前(町田市)",
        "町田市役所市民ホール前",
        "町田バスセンター"
    ],
    "weekday": [
        "8:21",
        "8:57",
        "9:22",
        "10:02",
        "10:32",
        "10:52",
        "11:32",
        "12:32",
        "13:32",
        "14:32",
        "15:32",
        "16:32"
    ],
    "saturday": [
        "8:27",
        "9:27",
        "10:27",
        "11:27",
        "12:32",
        "13:32",
        "14:32",
        "15:32",
        "16:32"
    ],
    "holiday": [],
    "url": "https://www.kanachu.co.jp/dia/diagram/timetable01_js/course:0000803187-8/node:00129399/kt:0/lname:/"
}
