{
    "date": "2024/07/08",
    "name": "木曽(町田市)",
    "position": "-",
    "system": "町34",
    "destinations": [
        "三家(町田市)",
        "木曽住宅",
        "滝の沢(町田市)",
        "浄水場前(町田市)",
        "市民病院前(町田市)",
        "森野三丁目",
        "第四小学校前(町田市)",
        "町田市役所市民ホール前",
        "町田バスセンター"
    ],
    "weekday": [
        "8:32",
        "9:08",
        "9:32",
        "10:12",
        "10:41",
        "11:01",
        "11:41",
        "12:41",
        "13:41",
        "14:41",
        "15:41",
        "16:41"
    ],
    "saturday": [
        "8:36",
        "9:36",
        "10:36",
        "11:36",
        "12:41",
        "13:41",
        "14:41",
        "15:41",
        "16:40"
    ],
    "holiday": [],
    "url": "https://www.kanachu.co.jp/dia/diagram/timetable01_js/course:0000803187-15/node:00129364/kt:0/lname:/"
}
