{
    "date": "2024/07/08",
    "name": "三家(町田市)",
    "position": "-",
    "system": "町34",
    "destinations": [
        "木曽住宅",
        "滝の沢(町田市)",
        "浄水場前(町田市)",
        "市民病院前(町田市)",
        "森野三丁目",
        "第四小学校前(町田市)",
        "町田市役所市民ホール前",
        "町田バスセンター"
    ],
    "weekday": [
        "8:34",
        "9:10",
        "9:34",
        "10:14",
        "10:43",
        "11:03",
        "11:43",
        "12:43",
        "13:43",
        "14:43",
        "15:43",
        "16:43"
    ],
    "saturday": [
        "8:38",
        "9:38",
        "10:38",
        "11:38",
        "12:43",
        "13:43",
        "14:43",
        "15:43",
        "16:42"
    ],
    "holiday": [],
    "url": "https://www.kanachu.co.jp/dia/diagram/timetable01_js/course:0000803187-16/node:00129363/kt:0/lname:/"
}
