{
    "date": "2024/07/08",
    "name": "木曽住宅",
    "position": "-",
    "system": "町34",
    "destinations": [
        "滝の沢(町田市)",
        "浄水場前(町田市)",
        "市民病院前(町田市)",
        "森野三丁目",
        "第四小学校前(町田市)",
        "町田市役所市民ホール前",
        "町田バスセンター"
    ],
    "weekday": [
        "8:35",
        "9:11",
        "9:35",
        "10:15",
        "10:44",
        "11:04",
        "11:44",
        "12:44",
        "13:44",
        "14:44",
        "15:44",
        "16:44"
    ],
    "saturday": [
        "8:39",
        "9:39",
        "10:39",
        "11:39",
        "12:44",
        "13:44",
        "14:44",
        "15:44",
        "16:43"
    ],
    "holiday": [],
    "url": "https://www.kanachu.co.jp/dia/diagram/timetable01_js/course:0000803187-17/node:00129362/kt:0/lname:/"
}
