{
    "date": "2024/07/08",
    "name": "森野三丁目",
    "position": "-",
    "system": "町34",
    "destinations": [
        "第四小学校前(町田市)",
        "町田市役所市民ホール前",
        "町田バスセンター"
    ],
    "weekday": [
        "8:41",
        "9:17",
        "9:41",
        "10:21",
        "10:50",
        "11:10",
        "11:50",
        "12:50",
        "13:50",
        "14:50",
        "15:50",
        "16:50"
    ],
    "saturday": [
        "8:44",
        "9:45",
        "10:45",
        "11:45",
        "12:50",
        "13:50",
        "14:50",
        "15:50",
        "16:49"
    ],
    "holiday": [],
    "url": "https://www.kanachu.co.jp/dia/diagram/timetable01_js/course:0000803187-21/node:00129358/kt:0/lname:/"
}
