{
    "date": "2025/04/01",
    "name": "山崎団地",
    "position": "-",
    "system": "町24",
    "destinations": [
        "北二号(町田市)",
        "北一号(町田市)",
        "給水塔前(山崎団地/町田市)",
        "山崎団地センター",
        "山崎団地入口",
        "木曽入口",
        "三家(町田市)",
        "木曽住宅",
        "滝の沢(町田市)",
        "浄水場前(町田市)",
        "市民病院前(町田市)",
        "森野三丁目",
        "第四小学校前(町田市)",
        "町田市役所市民ホール前",
        "町田バスセンター",
        "町田ターミナル"
    ],
    "weekday": [
        "8:48",
        "9:00",
        "9:06",
        "9:20",
        "9:26",
        "9:48",
        "9:54",
        "10:01",
        "10:18",
        "10:26",
        "10:42",
        "10:48",
        "11:01",
        "11:19",
        "11:29",
        "11:49",
        "11:59",
        "12:19",
        "12:29",
        "12:46",
        "13:01",
        "13:19",
        "13:29",
        "13:51",
        "14:01",
        "14:19",
        "14:29",
        "14:46",
        "14:54",
        "15:01",
        "15:14",
        "15:46",
        "15:54",
        "16:14",
        "16:29",
        "16:49",
        "16:59",
        "17:11",
        "17:24",
        "17:44",
        "17:57",
        "18:12",
        "18:54",
        "19:14",
        "20:00",
        "20:30"
    ],
    "saturday": [
        "8:44",
        "8:54",
        "9:10",
        "9:20",
        "9:36",
        "9:46",
        "9:54",
        "10:07",
        "10:13",
        "10:20",
        "10:34",
        "10:46",
        "10:54",
        "11:11",
        "11:22",
        "11:42",
        "11:52",
        "12:11",
        "12:20",
        "12:40",
        "12:50",
        "13:12",
        "13:24",
        "13:49",
        "14:12",
        "14:24",
        "14:49",
        "15:12",
        "15:24",
        "15:49",
        "16:15",
        "16:43",
        "17:15",
        "17:44",
        "18:00",
        "19:00",
        "20:00"
    ],
    "holiday": [
        "8:54",
        "9:14",
        "9:24",
        "9:34",
        "9:54",
        "10:11",
        "10:20",
        "10:40",
        "10:50",
        "11:12",
        "11:24",
        "11:48",
        "12:12",
        "12:24",
        "12:48",
        "13:12",
        "13:24",
        "13:48",
        "14:15",
        "14:45",
        "15:15",
        "15:45",
        "16:15",
        "16:45",
        "17:15",
        "17:45",
        "17:59",
        "18:59",
        "19:59"
    ],
    "url": "https://www.kanachu.co.jp/dia/diagram/timetable01_js/course:0000803164-1/node:00129392/kt:0/lname:/"
}
