{
    "date": "2025/04/01",
    "name": "北二号(町田市)",
    "position": "-",
    "system": "町24",
    "destinations": [
        "北一号(町田市)",
        "給水塔前(山崎団地/町田市)",
        "山崎団地センター",
        "山崎団地入口",
        "木曽入口",
        "三家(町田市)",
        "木曽住宅",
        "滝の沢(町田市)",
        "浄水場前(町田市)",
        "市民病院前(町田市)",
        "森野三丁目",
        "第四小学校前(町田市)",
        "町田市役所市民ホール前",
        "町田バスセンター",
        "町田ターミナル"
    ],
    "weekday": [
        "8:49",
        "9:01",
        "9:07",
        "9:21",
        "9:27",
        "9:49",
        "9:55",
        "10:02",
        "10:19",
        "10:27",
        "10:43",
        "10:49",
        "11:02",
        "11:20",
        "11:30",
        "11:50",
        "12:00",
        "12:20",
        "12:30",
        "12:47",
        "13:02",
        "13:20",
        "13:30",
        "13:52",
        "14:02",
        "14:20",
        "14:30",
        "14:47",
        "14:55",
        "15:02",
        "15:15",
        "15:47",
        "15:55",
        "16:15",
        "16:30",
        "16:50",
        "17:00",
        "17:12",
        "17:25",
        "17:45",
        "17:58",
        "18:13",
        "18:55",
        "19:15",
        "20:01",
        "20:31"
    ],
    "saturday": [
        "8:45",
        "8:55",
        "9:11",
        "9:21",
        "9:37",
        "9:47",
        "9:55",
        "10:08",
        "10:14",
        "10:21",
        "10:35",
        "10:47",
        "10:55",
        "11:12",
        "11:23",
        "11:43",
        "11:53",
        "12:12",
        "12:21",
        "12:41",
        "12:51",
        "13:13",
        "13:25",
        "13:50",
        "14:13",
        "14:25",
        "14:50",
        "15:13",
        "15:25",
        "15:50",
        "16:16",
        "16:44",
        "17:16",
        "17:45",
        "18:01",
        "19:01",
        "20:01"
    ],
    "holiday": [
        "8:55",
        "9:15",
        "9:25",
        "9:35",
        "9:55",
        "10:12",
        "10:21",
        "10:41",
        "10:51",
        "11:13",
        "11:25",
        "11:49",
        "12:13",
        "12:25",
        "12:49",
        "13:13",
        "13:25",
        "13:49",
        "14:16",
        "14:46",
        "15:16",
        "15:46",
        "16:16",
        "16:46",
        "17:16",
        "17:46",
        "18:00",
        "19:00",
        "20:00"
    ],
    "url": "https://www.kanachu.co.jp/dia/diagram/timetable01_js/course:0000803164-2/node:00129391/kt:0/lname:/"
}
