{
    "date": "2025/04/01",
    "name": "滝の沢(町田市)",
    "position": "-",
    "system": "町24",
    "destinations": [
        "浄水場前(町田市)",
        "市民病院前(町田市)",
        "森野三丁目",
        "第四小学校前(町田市)",
        "町田市役所市民ホール前",
        "町田バスセンター",
        "町田ターミナル"
    ],
    "weekday": [
        "9:03",
        "9:15",
        "9:21",
        "9:35",
        "9:41",
        "10:03",
        "10:09",
        "10:16",
        "10:33",
        "10:40",
        "10:56",
        "11:02",
        "11:15",
        "11:33",
        "11:43",
        "12:03",
        "12:13",
        "12:33",
        "12:43",
        "13:00",
        "13:15",
        "13:33",
        "13:43",
        "14:05",
        "14:15",
        "14:33",
        "14:43",
        "15:00",
        "15:08",
        "15:15",
        "15:28",
        "16:00",
        "16:08",
        "16:28",
        "16:43",
        "17:03",
        "17:13",
        "17:25",
        "17:38",
        "17:58",
        "18:11",
        "18:26",
        "19:08",
        "19:27",
        "20:13",
        "20:43"
    ],
    "saturday": [
        "8:57",
        "9:09",
        "9:25",
        "9:35",
        "9:51",
        "10:01",
        "10:09",
        "10:22",
        "10:28",
        "10:35",
        "10:49",
        "11:01",
        "11:08",
        "11:25",
        "11:36",
        "11:56",
        "12:06",
        "12:25",
        "12:34",
        "12:54",
        "13:04",
        "13:26",
        "13:38",
        "14:03",
        "14:26",
        "14:38",
        "15:03",
        "15:26",
        "15:38",
        "16:03",
        "16:29",
        "16:57",
        "17:29",
        "17:58",
        "18:14",
        "19:13",
        "20:13"
    ],
    "holiday": [
        "9:08",
        "9:29",
        "9:39",
        "9:49",
        "10:09",
        "10:26",
        "10:35",
        "10:55",
        "11:05",
        "11:26",
        "11:38",
        "12:02",
        "12:26",
        "12:38",
        "13:02",
        "13:26",
        "13:38",
        "14:02",
        "14:29",
        "14:59",
        "15:29",
        "15:59",
        "16:29",
        "16:59",
        "17:29",
        "17:59",
        "18:11",
        "19:11",
        "20:11"
    ],
    "url": "https://www.kanachu.co.jp/dia/diagram/timetable01_js/course:0000803164-10/node:00129361/kt:0/lname:/"
}
