{
    "date": "2025/04/01",
    "name": "市民病院前(町田市)",
    "position": "-",
    "system": "町24",
    "destinations": [
        "森野三丁目",
        "第四小学校前(町田市)",
        "町田市役所市民ホール前",
        "町田バスセンター",
        "町田ターミナル"
    ],
    "weekday": [
        "9:06",
        "9:18",
        "9:24",
        "9:38",
        "9:44",
        "10:06",
        "10:12",
        "10:19",
        "10:36",
        "10:43",
        "10:59",
        "11:05",
        "11:18",
        "11:36",
        "11:46",
        "12:06",
        "12:16",
        "12:36",
        "12:46",
        "13:03",
        "13:18",
        "13:36",
        "13:46",
        "14:08",
        "14:18",
        "14:36",
        "14:46",
        "15:03",
        "15:11",
        "15:18",
        "15:31",
        "16:03",
        "16:11",
        "16:31",
        "16:46",
        "17:06",
        "17:16",
        "17:28",
        "17:41",
        "18:01",
        "18:14",
        "18:29",
        "19:11",
        "19:30",
        "20:16",
        "20:46"
    ],
    "saturday": [
        "9:00",
        "9:12",
        "9:28",
        "9:38",
        "9:54",
        "10:04",
        "10:12",
        "10:25",
        "10:31",
        "10:38",
        "10:52",
        "11:04",
        "11:11",
        "11:28",
        "11:39",
        "11:59",
        "12:09",
        "12:28",
        "12:37",
        "12:57",
        "13:07",
        "13:29",
        "13:41",
        "14:06",
        "14:29",
        "14:41",
        "15:06",
        "15:29",
        "15:41",
        "16:06",
        "16:32",
        "17:00",
        "17:32",
        "18:01",
        "18:17",
        "19:16",
        "20:16"
    ],
    "holiday": [
        "9:11",
        "9:32",
        "9:42",
        "9:52",
        "10:12",
        "10:29",
        "10:38",
        "10:58",
        "11:08",
        "11:29",
        "11:41",
        "12:05",
        "12:29",
        "12:41",
        "13:05",
        "13:29",
        "13:41",
        "14:05",
        "14:32",
        "15:02",
        "15:32",
        "16:02",
        "16:32",
        "17:02",
        "17:32",
        "18:02",
        "18:14",
        "19:14",
        "20:13"
    ],
    "url": "https://www.kanachu.co.jp/dia/diagram/timetable01_js/course:0000803164-12/node:00129359/kt:0/lname:/"
}
