{
    "system": "町24",
    "busstops": [
        {
            "index": "1",
            "id": "00129392",
            "name": "山崎団地",
            "lat": "35.572526",
            "lng": "139.432965"
        },
        {
            "index": "2",
            "id": "00129391",
            "name": "北二号(町田市)",
            "lat": "35.574809",
            "lng": "139.433074"
        },
        {
            "index": "3",
            "id": "00129390",
            "name": "北一号(町田市)",
            "lat": "35.574648",
            "lng": "139.437622"
        },
        {
            "index": "4",
            "id": "00129389",
            "name": "給水塔前(山崎団地/町田市)",
            "lat": "35.571509",
            "lng": "139.438415"
        },
        {
            "index": "5",
            "id": "00129388",
            "name": "山崎団地センター",
            "lat": "35.567577",
            "lng": "139.435824"
        },
        {
            "index": "6",
            "id": "00129387",
            "name": "山崎団地入口",
            "lat": "35.567876",
            "lng": "139.430116"
        },
        {
            "index": "7",
            "id": "00129386",
            "name": "木曽入口",
            "lat": "35.566829",
            "lng": "139.424741"
        },
        {
            "index": "8",
            "id": "00129363",
            "name": "三家(町田市)",
            "lat": "35.564466",
            "lng": "139.425704"
        },
        {
            "index": "9",
            "id": "00129362",
            "name": "木曽住宅",
            "lat": "35.563166",
            "lng": "139.426949"
        },
        {
            "index": "10",
            "id": "00129361",
            "name": "滝の沢(町田市)",
            "lat": "35.559343",
            "lng": "139.430489"
        },
        {
            "index": "11",
            "id": "00129360",
            "name": "浄水場前(町田市)",
            "lat": "35.55662",
            "lng": "139.434645"
        },
        {
            "index": "12",
            "id": "00129359",
            "name": "市民病院前(町田市)",
            "lat": "35.554809",
            "lng": "139.436868"
        },
        {
            "index": "13",
            "id": "00129358",
            "name": "森野三丁目",
            "lat": "35.552844",
            "lng": "139.439345"
        },
        {
            "index": "14",
            "id": "00129357",
            "name": "第四小学校前(町田市)",
            "lat": "35.55096",
            "lng": "139.438816"
        },
        {
            "index": "15",
            "id": "00129356",
            "name": "町田市役所市民ホール前",
            "lat": "35.547368",
            "lng": "139.438983"
        },
        {
            "index": "16",
            "id": "00025625",
            "name": "町田バスセンター",
            "lat": "35.543525",
            "lng": "139.444385"
        },
        {
            "index": "17",
            "id": "00129544",
            "name": "町田ターミナル",
            "lat": "35.540151",
            "lng": "139.449349"
        }
    ],
    "route_url": "https://www.kanachu.co.jp/dia/route/index/cid:0000803164/"
}
