{
    "date": "2023/02/18",
    "name": "堀の内(平塚市)",
    "position": "-",
    "system": "平37",
    "destinations": [
        "公所(平塚市)",
        "長久保(平塚市)",
        "中沢橋",
        "寺前橋",
        "神戸(平塚市)",
        "山の神(平塚市)",
        "山入口",
        "吉浜(平塚市)",
        "飛谷津",
        "富士見台病院",
        "土沢農協前",
        "土沢中学校前",
        "妙円寺前",
        "神奈川大学"
    ],
    "weekday": [],
    "saturday": [
        "10:30",
        "15:05",
        "16:45"
    ],
    "holiday": [
        "8:05",
        "8:35",
        "10:30",
        "15:05",
        "16:45"
    ],
    "url": "https://www.kanachu.co.jp/dia/diagram/timetable01_js/course:0000803265-15/node:00127566/kt:0/lname:/"
}
