{
    "date": "2023/02/18",
    "name": "公所(平塚市)",
    "position": "-",
    "system": "平37",
    "destinations": [
        "長久保(平塚市)",
        "中沢橋",
        "寺前橋",
        "神戸(平塚市)",
        "山の神(平塚市)",
        "山入口",
        "吉浜(平塚市)",
        "飛谷津",
        "富士見台病院",
        "土沢農協前",
        "土沢中学校前",
        "妙円寺前",
        "神奈川大学"
    ],
    "weekday": [],
    "saturday": [
        "10:31",
        "15:06",
        "16:46"
    ],
    "holiday": [
        "8:06",
        "8:36",
        "10:31",
        "15:06",
        "16:46"
    ],
    "url": "https://www.kanachu.co.jp/dia/diagram/timetable01_js/course:0000803265-16/node:00127567/kt:0/lname:/"
}
