{
    "date": "2023/02/18",
    "name": "山の神(平塚市)",
    "position": "-",
    "system": "平37",
    "destinations": [
        "山入口",
        "吉浜(平塚市)",
        "飛谷津",
        "富士見台病院",
        "土沢農協前",
        "土沢中学校前",
        "妙円寺前",
        "神奈川大学"
    ],
    "weekday": [],
    "saturday": [
        "10:36",
        "15:11",
        "16:51"
    ],
    "holiday": [
        "8:11",
        "8:41",
        "10:36",
        "15:11",
        "16:51"
    ],
    "url": "https://www.kanachu.co.jp/dia/diagram/timetable01_js/course:0000803265-21/node:00127832/kt:0/lname:/"
}
