{
    "date": "2025/01/14",
    "name": "藤塚(厚木市)",
    "position": "-",
    "system": "厚74",
    "destinations": [
        "上依知",
        "上依知中央",
        "長坂下",
        "東四丁目(愛甲郡愛川町)",
        "長坂(厚木市)"
    ],
    "weekday": [
        "18:19",
        "19:42"
    ],
    "saturday": [],
    "holiday": [],
    "url": "https://www.kanachu.co.jp/dia/diagram/timetable01_js/course:0000800971-16/node:00128356/kt:0/lname:/"
}
