{
    "date": "2024/04/01",
    "name": "平塚駅北口",
    "position": "-",
    "system": "平26",
    "destinations": [
        "銀座通り(平塚市)",
        "平塚文化芸術ホール前",
        "八間通り",
        "豊田道",
        "柳町(平塚市)",
        "古花水",
        "桜ヶ丘公園(平塚市)",
        "桜ヶ丘",
        "上平塚",
        "市民病院前(平塚市)",
        "達上ヶ丘",
        "上平塚",
        "神明下",
        "山下団地入口",
        "南河内(平塚市)",
        "勝原小学校前(平塚市)",
        "高村団地"
    ],
    "weekday": [
        "7:29",
        "8:30",
        "9:18",
        "10:18",
        "11:18",
        "12:18",
        "13:18",
        "14:18",
        "15:18",
        "16:18",
        "17:12"
    ],
    "saturday": [
        "8:16",
        "9:16",
        "10:16",
        "11:16",
        "12:16",
        "13:16",
        "14:16",
        "15:16",
        "16:16",
        "17:16"
    ],
    "holiday": [
        "8:16",
        "9:16",
        "10:16",
        "11:16",
        "12:16",
        "13:16",
        "14:16",
        "15:16",
        "16:16",
        "17:16"
    ],
    "url": "https://www.kanachu.co.jp/dia/diagram/timetable01_js/course:0000800192-1/node:00127464/kt:0/lname:/"
}
