{
    "date": "2024/04/01",
    "name": "八間通り",
    "position": "-",
    "system": "平26",
    "destinations": [
        "豊田道",
        "柳町(平塚市)",
        "古花水",
        "桜ヶ丘公園(平塚市)",
        "桜ヶ丘",
        "上平塚",
        "市民病院前(平塚市)",
        "達上ヶ丘",
        "上平塚",
        "神明下",
        "山下団地入口",
        "南河内(平塚市)",
        "勝原小学校前(平塚市)",
        "高村団地"
    ],
    "weekday": [
        "7:32",
        "8:33",
        "9:21",
        "10:21",
        "11:21",
        "12:21",
        "13:21",
        "14:21",
        "15:21",
        "16:21",
        "17:15"
    ],
    "saturday": [
        "8:19",
        "9:19",
        "10:19",
        "11:19",
        "12:19",
        "13:19",
        "14:19",
        "15:19",
        "16:19",
        "17:19"
    ],
    "holiday": [
        "8:19",
        "9:19",
        "10:19",
        "11:19",
        "12:19",
        "13:19",
        "14:19",
        "15:19",
        "16:19",
        "17:19"
    ],
    "url": "https://www.kanachu.co.jp/dia/diagram/timetable01_js/course:0000800192-4/node:00127467/kt:0/lname:/"
}
