{
    "date": "2024/04/01",
    "name": "豊田道",
    "position": "-",
    "system": "平26",
    "destinations": [
        "柳町(平塚市)",
        "古花水",
        "桜ヶ丘公園(平塚市)",
        "桜ヶ丘",
        "上平塚",
        "市民病院前(平塚市)",
        "達上ヶ丘",
        "上平塚",
        "神明下",
        "山下団地入口",
        "南河内(平塚市)",
        "勝原小学校前(平塚市)",
        "高村団地"
    ],
    "weekday": [
        "7:33",
        "8:34",
        "9:22",
        "10:22",
        "11:22",
        "12:22",
        "13:22",
        "14:22",
        "15:22",
        "16:22",
        "17:16"
    ],
    "saturday": [
        "8:20",
        "9:20",
        "10:20",
        "11:20",
        "12:20",
        "13:20",
        "14:20",
        "15:20",
        "16:20",
        "17:20"
    ],
    "holiday": [
        "8:20",
        "9:20",
        "10:20",
        "11:20",
        "12:20",
        "13:20",
        "14:20",
        "15:20",
        "16:20",
        "17:20"
    ],
    "url": "https://www.kanachu.co.jp/dia/diagram/timetable01_js/course:0000800192-5/node:00127468/kt:0/lname:/"
}
