{
    "date": "2024/04/01",
    "name": "古花水",
    "position": "-",
    "system": "平26",
    "destinations": [
        "桜ヶ丘公園(平塚市)",
        "桜ヶ丘",
        "上平塚",
        "市民病院前(平塚市)",
        "達上ヶ丘",
        "上平塚",
        "神明下",
        "山下団地入口",
        "南河内(平塚市)",
        "勝原小学校前(平塚市)",
        "高村団地"
    ],
    "weekday": [
        "7:35",
        "8:36",
        "9:24",
        "10:24",
        "11:24",
        "12:24",
        "13:24",
        "14:24",
        "15:24",
        "16:24",
        "17:18"
    ],
    "saturday": [
        "8:22",
        "9:22",
        "10:22",
        "11:22",
        "12:22",
        "13:22",
        "14:22",
        "15:22",
        "16:22",
        "17:22"
    ],
    "holiday": [
        "8:22",
        "9:22",
        "10:22",
        "11:22",
        "12:22",
        "13:22",
        "14:22",
        "15:22",
        "16:22",
        "17:22"
    ],
    "url": "https://www.kanachu.co.jp/dia/diagram/timetable01_js/course:0000800192-7/node:00127470/kt:0/lname:/"
}
