{
    "date": "2024/04/01",
    "name": "山下団地入口",
    "position": "-",
    "system": "平26",
    "destinations": [
        "南河内(平塚市)",
        "勝原小学校前(平塚市)",
        "高村団地"
    ],
    "weekday": [
        "7:44",
        "8:45",
        "9:33",
        "10:33",
        "11:33",
        "12:33",
        "13:33",
        "14:33",
        "15:33",
        "16:33",
        "17:27"
    ],
    "saturday": [
        "8:31",
        "9:31",
        "10:31",
        "11:31",
        "12:31",
        "13:31",
        "14:31",
        "15:31",
        "16:31",
        "17:31"
    ],
    "holiday": [
        "8:31",
        "9:31",
        "10:31",
        "11:31",
        "12:31",
        "13:31",
        "14:31",
        "15:31",
        "16:31",
        "17:31"
    ],
    "url": "https://www.kanachu.co.jp/dia/diagram/timetable01_js/course:0000800192-15/node:00127574/kt:0/lname:/"
}
