{
    "date": "2024/03/16",
    "name": "木曽入口",
    "position": "-",
    "system": "町35",
    "destinations": [
        "上横町",
        "境川団地",
        "境川団地中央",
        "境川団地入口",
        "木曽都営入口",
        "桧台入口",
        "森野六丁目",
        "森野五丁目",
        "妙延寺(町田市)",
        "町田市役所市民ホール前",
        "町田バスセンター"
    ],
    "weekday": [],
    "saturday": [
        "5:36"
    ],
    "holiday": [],
    "url": "https://www.kanachu.co.jp/dia/diagram/timetable01_js/course:0000803241-12/node:00129386/kt:0/lname:/"
}
