{
    "date": "2023/10/01",
    "name": "ゆとりの森",
    "position": "-",
    "system": "ー",
    "destinations": [
        "神明橋",
        "常泉寺入口",
        "下福田小前",
        "新幹線高架橋下",
        "蓮慶寺入口",
        "下福田中前",
        "敬愛の園入口",
        "県営サンハイツ渋谷前",
        "高座渋谷駅東口",
        "高座渋谷駅西口",
        "モール入口",
        "札の辻(大和市)",
        "千本桜商店街",
        "福田コミセン前",
        "福田小前",
        "山下(大和市)",
        "桜丘学習センター前",
        "桜ヶ丘駅西口",
        "まごころ地域福祉センター",
        "柳橋小入口",
        "日飛入口",
        "引地台公園",
        "中央6丁目",
        "大和警察署前",
        "大和駅"
    ],
    "weekday": [
        "9:13",
        "10:08",
        "10:58",
        "11:48",
        "13:33",
        "14:28",
        "15:28",
        "16:18",
        "17:13",
        "18:03"
    ],
    "saturday": [
        "9:13",
        "10:08",
        "10:58",
        "11:48",
        "13:33",
        "14:28",
        "15:28",
        "16:18",
        "17:13",
        "18:03"
    ],
    "holiday": [
        "9:13",
        "10:08",
        "10:58",
        "11:48",
        "13:33",
        "14:28",
        "15:28",
        "16:18",
        "17:13",
        "18:03"
    ],
    "url": "https://www.kanachu.co.jp/dia/diagram/timetable01_js/course:0000803401-21/node:00130435/kt:0/lname:/"
}
