{
    "date": "2023/10/01",
    "name": "蓮慶寺入口",
    "position": "-",
    "system": "ー",
    "destinations": [
        "下福田中前",
        "敬愛の園入口",
        "県営サンハイツ渋谷前",
        "高座渋谷駅東口",
        "高座渋谷駅西口",
        "モール入口",
        "札の辻(大和市)",
        "千本桜商店街",
        "福田コミセン前",
        "福田小前",
        "山下(大和市)",
        "桜丘学習センター前",
        "桜ヶ丘駅西口",
        "まごころ地域福祉センター",
        "柳橋小入口",
        "日飛入口",
        "引地台公園",
        "中央6丁目",
        "大和警察署前",
        "大和駅"
    ],
    "weekday": [
        "9:20",
        "10:15",
        "11:05",
        "11:55",
        "13:40",
        "14:35",
        "15:35",
        "16:25",
        "17:20",
        "18:10"
    ],
    "saturday": [
        "9:20",
        "10:15",
        "11:05",
        "11:55",
        "13:40",
        "14:35",
        "15:35",
        "16:25",
        "17:20",
        "18:10"
    ],
    "holiday": [
        "9:20",
        "10:15",
        "11:05",
        "11:55",
        "13:40",
        "14:35",
        "15:35",
        "16:25",
        "17:20",
        "18:10"
    ],
    "url": "https://www.kanachu.co.jp/dia/diagram/timetable01_js/course:0000803401-26/node:00130427/kt:0/lname:/"
}
