{
    "date": "2023/10/01",
    "name": "高座渋谷駅西口",
    "position": "-",
    "system": "",
    "destinations": [
        "モール入口",
        "札の辻(大和市)",
        "千本桜商店街",
        "福田コミセン前",
        "福田小前",
        "山下(大和市)",
        "桜丘学習センター前",
        "桜ヶ丘駅西口",
        "まごころ地域福祉センター",
        "柳橋小入口",
        "日飛入口",
        "引地台公園",
        "中央6丁目",
        "大和警察署前",
        "大和駅"
    ],
    "weekday": [
        "9:34",
        "10:29",
        "11:19",
        "12:09",
        "13:54",
        "14:49",
        "15:49",
        "16:39",
        "17:34",
        "18:24"
    ],
    "saturday": [
        "9:34",
        "10:29",
        "11:19",
        "12:09",
        "13:54",
        "14:49",
        "15:49",
        "16:39",
        "17:34",
        "18:24"
    ],
    "holiday": [
        "9:34",
        "10:29",
        "11:19",
        "12:09",
        "13:54",
        "14:49",
        "15:49",
        "16:39",
        "17:34",
        "18:24"
    ],
    "url": "https://www.kanachu.co.jp/dia/diagram/timetable01_js/course:0000803401-31/node:00130432/kt:0/lname:/"
}
