{
    "date": "2023/10/01",
    "name": "札の辻(大和市)",
    "position": "-",
    "system": "",
    "destinations": [
        "千本桜商店街",
        "福田コミセン前",
        "福田小前",
        "山下(大和市)",
        "桜丘学習センター前",
        "桜ヶ丘駅西口",
        "まごころ地域福祉センター",
        "柳橋小入口",
        "日飛入口",
        "引地台公園",
        "中央6丁目",
        "大和警察署前",
        "大和駅"
    ],
    "weekday": [
        "9:36",
        "10:31",
        "11:21",
        "12:11",
        "13:56",
        "14:51",
        "15:51",
        "16:41",
        "17:36",
        "18:26"
    ],
    "saturday": [
        "9:36",
        "10:31",
        "11:21",
        "12:11",
        "13:56",
        "14:51",
        "15:51",
        "16:41",
        "17:36",
        "18:26"
    ],
    "holiday": [
        "9:36",
        "10:31",
        "11:21",
        "12:11",
        "13:56",
        "14:51",
        "15:51",
        "16:41",
        "17:36",
        "18:26"
    ],
    "url": "https://www.kanachu.co.jp/dia/diagram/timetable01_js/course:0000803401-33/node:00129996/kt:0/lname:/"
}
