{
    "date": "2023/10/01",
    "name": "日飛入口",
    "position": "-",
    "system": "",
    "destinations": [
        "引地台公園",
        "中央6丁目",
        "大和警察署前",
        "大和駅"
    ],
    "weekday": [
        "9:53",
        "10:48",
        "11:38",
        "12:28",
        "14:13",
        "15:08",
        "16:08",
        "16:58",
        "17:53",
        "18:43"
    ],
    "saturday": [
        "9:53",
        "10:48",
        "11:38",
        "12:28",
        "14:13",
        "15:08",
        "16:08",
        "16:58",
        "17:53",
        "18:43"
    ],
    "holiday": [
        "9:53",
        "10:48",
        "11:38",
        "12:28",
        "14:13",
        "15:08",
        "16:08",
        "16:58",
        "17:53",
        "18:43"
    ],
    "url": "https://www.kanachu.co.jp/dia/diagram/timetable01_js/course:0000803401-42/node:00130417/kt:0/lname:/"
}
