{
    "date": "2026/01/16",
    "name": "大川橋(秦野市)",
    "position": "-",
    "system": "秦20",
    "destinations": [
        "上宿通り",
        "仲宿(秦野市)",
        "下宿(秦野市)",
        "末広小学校前",
        "落合入口",
        "名古木",
        "上原台",
        "上原入口",
        "藤棚(秦野市)",
        "東中学校前(秦野市)",
        "中丸橋(秦野市)",
        "久保(秦野市)",
        "才戸入口",
        "小蓑毛",
        "鳥居前(秦野市)",
        "青年橋",
        "蓑毛中",
        "蓑毛"
    ],
    "weekday": [
        "7:11",
        "7:41",
        "8:01",
        "9:31",
        "10:31",
        "11:21",
        "12:21",
        "13:21",
        "14:21",
        "15:21",
        "15:51",
        "16:21",
        "16:51",
        "17:21",
        "17:51",
        "18:21",
        "18:51",
        "19:21",
        "20:01",
        "21:01",
        "22:01"
    ],
    "saturday": [
        "7:01",
        "7:26",
        "8:01",
        "8:36",
        "9:31",
        "10:31",
        "11:31",
        "12:31",
        "13:31",
        "16:36",
        "17:36",
        "18:36",
        "19:36",
        "20:36",
        "21:36"
    ],
    "holiday": [
        "7:01",
        "7:26",
        "8:01",
        "8:36",
        "9:31",
        "10:31",
        "11:31",
        "12:31",
        "13:31",
        "16:36",
        "17:36",
        "18:36",
        "19:36",
        "20:36",
        "21:36"
    ],
    "url": "https://www.kanachu.co.jp/dia/diagram/timetable01_js/course:0000804291-2/node:00127716/kt:0/lname:/"
}
