{
    "date": "2026/01/16",
    "name": "鳥居前(秦野市)",
    "position": "-",
    "system": "秦20",
    "destinations": [
        "青年橋",
        "蓑毛中",
        "蓑毛"
    ],
    "weekday": [
        "7:23",
        "7:53",
        "8:13",
        "9:43",
        "10:43",
        "11:33",
        "12:33",
        "13:33",
        "14:33",
        "15:33",
        "16:03",
        "16:33",
        "17:03",
        "17:33",
        "18:03",
        "18:33",
        "19:03",
        "19:33",
        "20:13",
        "21:13",
        "22:13"
    ],
    "saturday": [
        "7:13",
        "7:38",
        "8:13",
        "8:48",
        "9:43",
        "10:43",
        "11:43",
        "12:43",
        "13:43",
        "16:48",
        "17:48",
        "18:48",
        "19:48",
        "20:48",
        "21:48"
    ],
    "holiday": [
        "7:13",
        "7:38",
        "8:13",
        "8:48",
        "9:43",
        "10:43",
        "11:43",
        "12:43",
        "13:43",
        "16:48",
        "17:48",
        "18:48",
        "19:48",
        "20:48",
        "21:48"
    ],
    "url": "https://www.kanachu.co.jp/dia/diagram/timetable01_js/course:0000804291-17/node:00127848/kt:0/lname:/"
}
