{
    "date": "2025/08/04",
    "name": "日赤病院前(相模原市緑区)",
    "position": "-",
    "system": "橋09",
    "destinations": [
        "太井",
        "小網",
        "久保入口(相模原市緑区)",
        "三井南",
        "三井地域センター前",
        "三井(相模原市緑区)",
        "峯の薬師入口",
        "上中沢",
        "中沢(相模原市緑区)",
        "三本松(相模原市緑区)",
        "城山(相模原市緑区)",
        "城山高校前",
        "都井沢",
        "谷ヶ原",
        "久保沢",
        "城山総合事務所入口",
        "原宿(相模原市緑区)",
        "東原宿",
        "森の上",
        "二本松(相模原市緑区)",
        "相原中央",
        "相原台",
        "大西(相模原市緑区)",
        "上町(相模原市緑区)",
        "香福寺前",
        "旭小学校前(相模原市緑区)",
        "旭農協前",
        "橋本駅北口"
    ],
    "weekday": [
        "6:06",
        "6:41",
        "8:19",
        "9:01",
        "11:51",
        "12:26",
        "14:56",
        "15:56",
        "17:16",
        "18:13",
        "20:46"
    ],
    "saturday": [
        "6:06",
        "6:41",
        "8:19",
        "9:01",
        "11:51",
        "12:26",
        "15:01",
        "15:56",
        "17:16",
        "18:13",
        "20:46"
    ],
    "holiday": [
        "6:06",
        "6:41",
        "8:19",
        "9:01",
        "11:51",
        "12:26",
        "15:01",
        "15:56",
        "17:16",
        "18:13",
        "20:46"
    ],
    "url": "https://www.kanachu.co.jp/dia/diagram/timetable01_js/course:0000801993-15/node:00128950/kt:0/lname:/"
}
