{
    "date": "2025/08/04",
    "name": "三井南",
    "position": "-",
    "system": "橋09",
    "destinations": [
        "三井地域センター前",
        "三井(相模原市緑区)",
        "峯の薬師入口",
        "上中沢",
        "中沢(相模原市緑区)",
        "三本松(相模原市緑区)",
        "城山(相模原市緑区)",
        "城山高校前",
        "都井沢",
        "谷ヶ原",
        "久保沢",
        "城山総合事務所入口",
        "原宿(相模原市緑区)",
        "東原宿",
        "森の上",
        "二本松(相模原市緑区)",
        "相原中央",
        "相原台",
        "大西(相模原市緑区)",
        "上町(相模原市緑区)",
        "香福寺前",
        "旭小学校前(相模原市緑区)",
        "旭農協前",
        "橋本駅北口"
    ],
    "weekday": [
        "6:09",
        "6:44",
        "8:22",
        "9:04",
        "11:54",
        "12:29",
        "14:59",
        "15:59",
        "17:19",
        "18:16",
        "20:49"
    ],
    "saturday": [
        "6:09",
        "6:44",
        "8:22",
        "9:04",
        "11:54",
        "12:29",
        "15:04",
        "15:59",
        "17:19",
        "18:16",
        "20:49"
    ],
    "holiday": [
        "6:09",
        "6:44",
        "8:22",
        "9:04",
        "11:54",
        "12:29",
        "15:04",
        "15:59",
        "17:19",
        "18:16",
        "20:49"
    ],
    "url": "https://www.kanachu.co.jp/dia/diagram/timetable01_js/course:0000801993-19/node:00128866/kt:0/lname:/"
}
