{
    "date": "2025/08/30",
    "name": "平戸(横浜市港南区)",
    "position": "-",
    "system": "",
    "destinations": [
        "芹が谷団地前",
        "せりぎんタウン",
        "芹が谷",
        "芹が谷山谷",
        "水道橋下",
        "普門院前",
        "別所宮下",
        "南が丘中学校前",
        "最戸町",
        "最戸橋",
        "上大岡駅"
    ],
    "weekday": [
        "6:49",
        "6:58",
        "7:14",
        "7:20",
        "7:26",
        "7:35",
        "7:43",
        "7:49",
        "7:52",
        "8:06",
        "8:18",
        "8:34",
        "8:41",
        "8:57",
        "9:13",
        "9:28",
        "9:48",
        "10:08",
        "10:28",
        "10:48",
        "11:08",
        "11:28",
        "11:48",
        "12:11",
        "12:28",
        "12:48",
        "13:11",
        "13:28",
        "13:48",
        "14:11",
        "14:28",
        "14:48",
        "15:11",
        "15:28",
        "15:48",
        "16:11",
        "16:28",
        "16:48",
        "17:08",
        "17:24",
        "17:36",
        "17:48",
        "18:00",
        "18:12",
        "18:24",
        "18:36",
        "18:48",
        "19:00",
        "19:12",
        "19:28",
        "19:44",
        "20:02",
        "20:17",
        "20:33",
        "20:49",
        "21:09",
        "21:39",
        "22:09",
        "22:40",
        "23:22"
    ],
    "saturday": [
        "7:08",
        "7:28",
        "7:48",
        "8:08",
        "8:28",
        "8:48",
        "9:06",
        "9:30",
        "9:48",
        "10:06",
        "10:30",
        "10:48",
        "11:08",
        "11:28",
        "11:48",
        "12:11",
        "12:28",
        "12:48",
        "13:11",
        "13:28",
        "13:48",
        "14:11",
        "14:28",
        "14:48",
        "15:11",
        "15:28",
        "15:48",
        "16:11",
        "16:28",
        "16:48",
        "17:08",
        "17:28",
        "17:48",
        "18:08",
        "18:28",
        "18:48",
        "19:08",
        "19:28",
        "19:48",
        "20:17",
        "20:47",
        "21:17",
        "21:57",
        "22:40"
    ],
    "holiday": [
        "7:18",
        "7:48",
        "8:08",
        "8:28",
        "8:48",
        "9:08",
        "9:28",
        "9:48",
        "10:08",
        "10:28",
        "10:48",
        "11:08",
        "11:28",
        "11:48",
        "12:11",
        "12:28",
        "12:48",
        "13:11",
        "13:28",
        "13:48",
        "14:11",
        "14:28",
        "14:48",
        "15:11",
        "15:28",
        "15:48",
        "16:11",
        "16:28",
        "16:48",
        "17:08",
        "17:28",
        "17:48",
        "18:08",
        "18:28",
        "18:48",
        "19:08",
        "19:28",
        "19:47",
        "20:17",
        "20:47",
        "21:23",
        "22:09"
    ],
    "url": "https://www.kanachu.co.jp/dia/diagram/timetable01_js/course:0000803864-5/node:00102977/kt:0/lname:/"
}
