{
    "date": "2025/08/30",
    "name": "せりぎんタウン",
    "position": "-",
    "system": "",
    "destinations": [
        "芹が谷",
        "芹が谷山谷",
        "水道橋下",
        "普門院前",
        "別所宮下",
        "南が丘中学校前",
        "最戸町",
        "最戸橋",
        "上大岡駅"
    ],
    "weekday": [
        "6:52",
        "7:01",
        "7:17",
        "7:23",
        "7:29",
        "7:38",
        "7:46",
        "7:52",
        "7:55",
        "8:09",
        "8:21",
        "8:37",
        "8:44",
        "9:00",
        "9:16",
        "9:31",
        "9:51",
        "10:11",
        "10:31",
        "10:51",
        "11:11",
        "11:31",
        "11:51",
        "12:14",
        "12:31",
        "12:51",
        "13:14",
        "13:31",
        "13:51",
        "14:14",
        "14:31",
        "14:51",
        "15:14",
        "15:31",
        "15:51",
        "16:14",
        "16:31",
        "16:51",
        "17:11",
        "17:27",
        "17:39",
        "17:51",
        "18:03",
        "18:15",
        "18:27",
        "18:39",
        "18:51",
        "19:03",
        "19:15",
        "19:31",
        "19:47",
        "20:05",
        "20:20",
        "20:36",
        "20:52",
        "21:12",
        "21:42",
        "22:12",
        "22:43",
        "23:25"
    ],
    "saturday": [
        "7:11",
        "7:31",
        "7:51",
        "8:11",
        "8:31",
        "8:51",
        "9:09",
        "9:33",
        "9:51",
        "10:09",
        "10:33",
        "10:51",
        "11:11",
        "11:31",
        "11:51",
        "12:14",
        "12:31",
        "12:51",
        "13:14",
        "13:31",
        "13:51",
        "14:14",
        "14:31",
        "14:51",
        "15:14",
        "15:31",
        "15:51",
        "16:14",
        "16:31",
        "16:51",
        "17:11",
        "17:31",
        "17:51",
        "18:11",
        "18:31",
        "18:51",
        "19:11",
        "19:31",
        "19:51",
        "20:20",
        "20:50",
        "21:20",
        "22:00",
        "22:43"
    ],
    "holiday": [
        "7:21",
        "7:51",
        "8:11",
        "8:31",
        "8:51",
        "9:11",
        "9:31",
        "9:51",
        "10:11",
        "10:31",
        "10:51",
        "11:11",
        "11:31",
        "11:51",
        "12:14",
        "12:31",
        "12:51",
        "13:14",
        "13:31",
        "13:51",
        "14:14",
        "14:31",
        "14:51",
        "15:14",
        "15:31",
        "15:51",
        "16:14",
        "16:31",
        "16:51",
        "17:11",
        "17:31",
        "17:51",
        "18:11",
        "18:31",
        "18:51",
        "19:11",
        "19:31",
        "19:50",
        "20:20",
        "20:50",
        "21:26",
        "22:12"
    ],
    "url": "https://www.kanachu.co.jp/dia/diagram/timetable01_js/course:0000803864-7/node:00126568/kt:0/lname:/"
}
