{
    "date": "2025/08/30",
    "name": "水道橋下",
    "position": "-",
    "system": "",
    "destinations": [
        "普門院前",
        "別所宮下",
        "南が丘中学校前",
        "最戸町",
        "最戸橋",
        "上大岡駅"
    ],
    "weekday": [
        "6:57",
        "7:06",
        "7:22",
        "7:28",
        "7:34",
        "7:43",
        "7:51",
        "7:57",
        "8:00",
        "8:14",
        "8:26",
        "8:42",
        "8:49",
        "9:05",
        "9:21",
        "9:36",
        "9:56",
        "10:16",
        "10:36",
        "10:56",
        "11:16",
        "11:36",
        "11:56",
        "12:19",
        "12:36",
        "12:56",
        "13:19",
        "13:36",
        "13:56",
        "14:19",
        "14:36",
        "14:56",
        "15:19",
        "15:36",
        "15:56",
        "16:19",
        "16:36",
        "16:56",
        "17:16",
        "17:32",
        "17:44",
        "17:56",
        "18:08",
        "18:20",
        "18:32",
        "18:44",
        "18:56",
        "19:08",
        "19:20",
        "19:36",
        "19:52",
        "20:10",
        "20:25",
        "20:41",
        "20:57",
        "21:17",
        "21:47",
        "22:17",
        "22:48",
        "23:30"
    ],
    "saturday": [
        "7:16",
        "7:36",
        "7:56",
        "8:16",
        "8:36",
        "8:56",
        "9:14",
        "9:38",
        "9:56",
        "10:14",
        "10:38",
        "10:56",
        "11:16",
        "11:36",
        "11:56",
        "12:19",
        "12:36",
        "12:56",
        "13:19",
        "13:36",
        "13:56",
        "14:19",
        "14:36",
        "14:56",
        "15:19",
        "15:36",
        "15:56",
        "16:19",
        "16:36",
        "16:56",
        "17:16",
        "17:36",
        "17:56",
        "18:16",
        "18:36",
        "18:56",
        "19:16",
        "19:36",
        "19:56",
        "20:25",
        "20:55",
        "21:25",
        "22:05",
        "22:48"
    ],
    "holiday": [
        "7:26",
        "7:56",
        "8:16",
        "8:36",
        "8:56",
        "9:16",
        "9:36",
        "9:56",
        "10:16",
        "10:36",
        "10:56",
        "11:16",
        "11:36",
        "11:56",
        "12:19",
        "12:36",
        "12:56",
        "13:19",
        "13:36",
        "13:56",
        "14:19",
        "14:36",
        "14:56",
        "15:19",
        "15:36",
        "15:56",
        "16:19",
        "16:36",
        "16:56",
        "17:16",
        "17:36",
        "17:56",
        "18:16",
        "18:36",
        "18:56",
        "19:16",
        "19:36",
        "19:55",
        "20:25",
        "20:55",
        "21:31",
        "22:17"
    ],
    "url": "https://www.kanachu.co.jp/dia/diagram/timetable01_js/course:0000803864-10/node:00126565/kt:0/lname:/"
}
