{
    "date": "2025/08/30",
    "name": "普門院前",
    "position": "-",
    "system": "203",
    "destinations": [
        "別所宮下",
        "南が丘中学校前",
        "最戸町",
        "最戸橋",
        "上大岡駅"
    ],
    "weekday": [
        "6:59",
        "7:08",
        "7:24",
        "7:30",
        "7:36",
        "7:45",
        "7:53",
        "7:59",
        "8:02",
        "8:16",
        "8:28",
        "8:44",
        "8:51",
        "9:07",
        "9:23",
        "9:38",
        "9:58",
        "10:18",
        "10:38",
        "10:58",
        "11:18",
        "11:38",
        "11:58",
        "12:21",
        "12:38",
        "12:58",
        "13:21",
        "13:38",
        "13:58",
        "14:21",
        "14:38",
        "14:58",
        "15:21",
        "15:38",
        "15:58",
        "16:21",
        "16:38",
        "16:58",
        "17:18",
        "17:34",
        "17:46",
        "17:58",
        "18:10",
        "18:22",
        "18:34",
        "18:46",
        "18:58",
        "19:10",
        "19:22",
        "19:38",
        "19:54",
        "20:12",
        "20:27",
        "20:43",
        "20:59",
        "21:19",
        "21:49",
        "22:19",
        "22:50",
        "23:32"
    ],
    "saturday": [
        "7:18",
        "7:38",
        "7:58",
        "8:18",
        "8:38",
        "8:58",
        "9:16",
        "9:40",
        "9:58",
        "10:16",
        "10:40",
        "10:58",
        "11:18",
        "11:38",
        "11:58",
        "12:21",
        "12:38",
        "12:58",
        "13:21",
        "13:38",
        "13:58",
        "14:21",
        "14:38",
        "14:58",
        "15:21",
        "15:38",
        "15:58",
        "16:21",
        "16:38",
        "16:58",
        "17:18",
        "17:38",
        "17:58",
        "18:18",
        "18:38",
        "18:58",
        "19:18",
        "19:38",
        "19:58",
        "20:26",
        "20:56",
        "21:26",
        "22:06",
        "22:49"
    ],
    "holiday": [
        "7:28",
        "7:58",
        "8:18",
        "8:38",
        "8:58",
        "9:18",
        "9:38",
        "9:58",
        "10:18",
        "10:38",
        "10:58",
        "11:18",
        "11:38",
        "11:58",
        "12:21",
        "12:38",
        "12:58",
        "13:21",
        "13:38",
        "13:58",
        "14:21",
        "14:38",
        "14:58",
        "15:21",
        "15:38",
        "15:58",
        "16:21",
        "16:38",
        "16:58",
        "17:18",
        "17:38",
        "17:58",
        "18:18",
        "18:38",
        "18:58",
        "19:18",
        "19:37",
        "19:56",
        "20:26",
        "20:56",
        "21:32",
        "22:18"
    ],
    "url": "https://www.kanachu.co.jp/dia/diagram/timetable01_js/course:0000803864-11/node:00126564/kt:0/lname:/"
}
