{
    "system": "",
    "busstops": [
        {
            "index": "1",
            "id": "00126647",
            "name": "東戸塚駅東口",
            "lat": "35.430204",
            "lng": "139.558067"
        },
        {
            "index": "2",
            "id": "00126642",
            "name": "品濃町(横浜市戸塚区)",
            "lat": "35.429046",
            "lng": "139.559705"
        },
        {
            "index": "3",
            "id": "00126641",
            "name": "坂下(横浜市戸塚区)",
            "lat": "35.425859",
            "lng": "139.560158"
        },
        {
            "index": "4",
            "id": "00126617",
            "name": "品濃口",
            "lat": "35.420834",
            "lng": "139.558865"
        },
        {
            "index": "5",
            "id": "00102977",
            "name": "平戸(横浜市港南区)",
            "lat": "35.418827",
            "lng": "139.562474"
        },
        {
            "index": "6",
            "id": "00126569",
            "name": "芹が谷団地前",
            "lat": "35.417153",
            "lng": "139.567506"
        },
        {
            "index": "7",
            "id": "00126568",
            "name": "せりぎんタウン",
            "lat": "35.416726",
            "lng": "139.57092"
        },
        {
            "index": "8",
            "id": "00126567",
            "name": "芹が谷",
            "lat": "35.415964",
            "lng": "139.574826"
        },
        {
            "index": "9",
            "id": "00126566",
            "name": "芹が谷山谷",
            "lat": "35.414584",
            "lng": "139.578287"
        },
        {
            "index": "10",
            "id": "00126565",
            "name": "水道橋下",
            "lat": "35.413663",
            "lng": "139.580977"
        },
        {
            "index": "11",
            "id": "00126564",
            "name": "普門院前",
            "lat": "35.412926",
            "lng": "139.585839"
        },
        {
            "index": "12",
            "id": "00126563",
            "name": "別所宮下",
            "lat": "35.413614",
            "lng": "139.588034"
        },
        {
            "index": "13",
            "id": "00126562",
            "name": "南が丘中学校前",
            "lat": "35.414764",
            "lng": "139.590122"
        },
        {
            "index": "14",
            "id": "00126561",
            "name": "最戸町",
            "lat": "35.415437",
            "lng": "139.594325"
        },
        {
            "index": "15",
            "id": "00102535",
            "name": "最戸橋",
            "lat": "35.413348",
            "lng": "139.597266"
        },
        {
            "index": "16",
            "id": "00102366",
            "name": "上大岡駅",
            "lat": "35.408496",
            "lng": "139.596256"
        }
    ],
    "route_url": "https://www.kanachu.co.jp/dia/route/index/cid:0000803864/"
}
