{
    "date": "2025/11/16",
    "name": "長坂谷公園南",
    "position": "-",
    "system": "中55",
    "destinations": [
        "中山車庫"
    ],
    "weekday": [
        "8:29",
        "9:09",
        "12:59",
        "15:03",
        "18:07"
    ],
    "saturday": [
        "8:29",
        "9:34",
        "11:58",
        "13:44",
        "17:51"
    ],
    "holiday": [
        "8:29",
        "13:44",
        "17:44"
    ],
    "url": "https://www.kanachu.co.jp/dia/diagram/timetable01_js/course:0000802230-3/node:00130366/kt:0/lname:/"
}
