{
    "date": "2023/04/01",
    "name": "成瀬が丘三丁目東",
    "position": "-",
    "system": "",
    "destinations": [
        "三丁目児童公園入口",
        "成瀬が丘三丁目西",
        "金森図書館前",
        "松葉谷戸公園入口",
        "都営金森第9前",
        "金森二丁目中央",
        "金森",
        "都営金森第11入口",
        "市営住宅入口(町田市)",
        "南中学校前(町田市)",
        "南中学校東(町田市)",
        "柳橋",
        "みずき山ふるさとの森",
        "南第四小学校入口",
        "都立小川高校前",
        "成瀬が丘二丁目西",
        "成瀬駅南口前"
    ],
    "weekday": [
        "7:11",
        "8:04",
        "8:57",
        "9:53",
        "10:46",
        "11:39",
        "12:35",
        "13:28",
        "14:24",
        "15:17",
        "16:10",
        "17:06",
        "18:02",
        "19:03",
        "19:56",
        "20:53"
    ],
    "saturday": [
        "8:04",
        "8:57",
        "9:53",
        "10:46",
        "11:39",
        "12:35",
        "13:28",
        "14:24",
        "15:17",
        "16:10",
        "17:06",
        "18:02",
        "19:03"
    ],
    "holiday": [
        "8:04",
        "8:57",
        "9:53",
        "10:46",
        "11:39",
        "12:35",
        "13:28",
        "14:24",
        "15:17",
        "16:10",
        "17:06",
        "18:02",
        "19:03"
    ],
    "url": "https://www.kanachu.co.jp/dia/diagram/timetable01_js/course:0000803298-2/node:00129761/kt:0/lname:/"
}
