{
    "date": "2023/04/01",
    "name": "成瀬が丘三丁目西",
    "position": "-",
    "system": "ー",
    "destinations": [
        "金森図書館前",
        "松葉谷戸公園入口",
        "都営金森第9前",
        "金森二丁目中央",
        "金森",
        "都営金森第11入口",
        "市営住宅入口(町田市)",
        "南中学校前(町田市)",
        "南中学校東(町田市)",
        "柳橋",
        "みずき山ふるさとの森",
        "南第四小学校入口",
        "都立小川高校前",
        "成瀬が丘二丁目西",
        "成瀬駅南口前"
    ],
    "weekday": [
        "7:12",
        "8:05",
        "8:58",
        "9:54",
        "10:47",
        "11:40",
        "12:36",
        "13:29",
        "14:25",
        "15:18",
        "16:11",
        "17:07",
        "18:03",
        "19:04",
        "19:57",
        "20:54"
    ],
    "saturday": [
        "8:05",
        "8:58",
        "9:54",
        "10:47",
        "11:40",
        "12:36",
        "13:29",
        "14:25",
        "15:18",
        "16:11",
        "17:07",
        "18:03",
        "19:04"
    ],
    "holiday": [
        "8:05",
        "8:58",
        "9:54",
        "10:47",
        "11:40",
        "12:36",
        "13:29",
        "14:25",
        "15:18",
        "16:11",
        "17:07",
        "18:03",
        "19:04"
    ],
    "url": "https://www.kanachu.co.jp/dia/diagram/timetable01_js/course:0000803298-4/node:00129763/kt:0/lname:/"
}
