{
    "date": "2023/04/01",
    "name": "金森二丁目中央",
    "position": "-",
    "system": "ー",
    "destinations": [
        "金森",
        "都営金森第11入口",
        "市営住宅入口(町田市)",
        "南中学校前(町田市)",
        "南中学校東(町田市)",
        "柳橋",
        "みずき山ふるさとの森",
        "南第四小学校入口",
        "都立小川高校前",
        "成瀬が丘二丁目西",
        "成瀬駅南口前"
    ],
    "weekday": [
        "7:14",
        "8:07",
        "9:00",
        "9:56",
        "10:49",
        "11:42",
        "12:38",
        "13:31",
        "14:27",
        "15:20",
        "16:13",
        "17:09",
        "18:05",
        "19:06",
        "19:59",
        "20:56"
    ],
    "saturday": [
        "8:07",
        "9:00",
        "9:56",
        "10:49",
        "11:42",
        "12:38",
        "13:31",
        "14:27",
        "15:20",
        "16:13",
        "17:09",
        "18:05",
        "19:06"
    ],
    "holiday": [
        "8:07",
        "9:00",
        "9:56",
        "10:49",
        "11:42",
        "12:38",
        "13:31",
        "14:27",
        "15:20",
        "16:13",
        "17:09",
        "18:05",
        "19:06"
    ],
    "url": "https://www.kanachu.co.jp/dia/diagram/timetable01_js/course:0000803298-8/node:00129767/kt:0/lname:/"
}
