{
    "date": "2023/04/01",
    "name": "市営住宅入口(町田市)",
    "position": "-",
    "system": "ー",
    "destinations": [
        "南中学校前(町田市)",
        "南中学校東(町田市)",
        "柳橋",
        "みずき山ふるさとの森",
        "南第四小学校入口",
        "都立小川高校前",
        "成瀬が丘二丁目西",
        "成瀬駅南口前"
    ],
    "weekday": [
        "7:17",
        "8:10",
        "9:03",
        "9:59",
        "10:52",
        "11:45",
        "12:41",
        "13:34",
        "14:30",
        "15:23",
        "16:16",
        "17:12",
        "18:08",
        "19:09",
        "20:02",
        "20:59"
    ],
    "saturday": [
        "8:10",
        "9:03",
        "9:59",
        "10:52",
        "11:45",
        "12:41",
        "13:34",
        "14:30",
        "15:23",
        "16:16",
        "17:12",
        "18:08",
        "19:09"
    ],
    "holiday": [
        "8:10",
        "9:03",
        "9:59",
        "10:52",
        "11:45",
        "12:41",
        "13:34",
        "14:30",
        "15:23",
        "16:16",
        "17:12",
        "18:08",
        "19:09"
    ],
    "url": "https://www.kanachu.co.jp/dia/diagram/timetable01_js/course:0000803298-11/node:00129539/kt:0/lname:/"
}
