{
    "date": "2023/04/01",
    "name": "南中学校前(町田市)",
    "position": "-",
    "system": "ー",
    "destinations": [
        "南中学校東(町田市)",
        "柳橋",
        "みずき山ふるさとの森",
        "南第四小学校入口",
        "都立小川高校前",
        "成瀬が丘二丁目西",
        "成瀬駅南口前"
    ],
    "weekday": [
        "7:18",
        "8:11",
        "9:04",
        "10:00",
        "10:53",
        "11:46",
        "12:42",
        "13:35",
        "14:31",
        "15:24",
        "16:17",
        "17:13",
        "18:09",
        "19:10",
        "20:03",
        "21:00"
    ],
    "saturday": [
        "8:11",
        "9:04",
        "10:00",
        "10:53",
        "11:46",
        "12:42",
        "13:35",
        "14:31",
        "15:24",
        "16:17",
        "17:13",
        "18:09",
        "19:10"
    ],
    "holiday": [
        "8:11",
        "9:04",
        "10:00",
        "10:53",
        "11:46",
        "12:42",
        "13:35",
        "14:31",
        "15:24",
        "16:17",
        "17:13",
        "18:09",
        "19:10"
    ],
    "url": "https://www.kanachu.co.jp/dia/diagram/timetable01_js/course:0000803298-12/node:00129538/kt:0/lname:/"
}
