{
    "date": "2023/04/01",
    "name": "南中学校東(町田市)",
    "position": "-",
    "system": "",
    "destinations": [
        "柳橋",
        "みずき山ふるさとの森",
        "南第四小学校入口",
        "都立小川高校前",
        "成瀬が丘二丁目西",
        "成瀬駅南口前"
    ],
    "weekday": [
        "7:20",
        "8:13",
        "9:06",
        "10:02",
        "10:55",
        "11:48",
        "12:44",
        "13:37",
        "14:33",
        "15:26",
        "16:19",
        "17:15",
        "18:11",
        "19:12",
        "20:05",
        "21:02"
    ],
    "saturday": [
        "8:13",
        "9:06",
        "10:02",
        "10:55",
        "11:48",
        "12:44",
        "13:37",
        "14:33",
        "15:26",
        "16:19",
        "17:15",
        "18:11",
        "19:12"
    ],
    "holiday": [
        "8:13",
        "9:06",
        "10:02",
        "10:55",
        "11:48",
        "12:44",
        "13:37",
        "14:33",
        "15:26",
        "16:19",
        "17:15",
        "18:11",
        "19:12"
    ],
    "url": "https://www.kanachu.co.jp/dia/diagram/timetable01_js/course:0000803298-13/node:00129547/kt:0/lname:/"
}
