{
    "system": "ー",
    "busstops": [
        {
            "index": "1",
            "id": "00129760",
            "name": "成瀬駅南口前",
            "lat": "35.535255",
            "lng": "139.472576"
        },
        {
            "index": "2",
            "id": "00129761",
            "name": "成瀬が丘三丁目東",
            "lat": "35.535364",
            "lng": "139.46958"
        },
        {
            "index": "3",
            "id": "00129762",
            "name": "三丁目児童公園入口",
            "lat": "35.535231",
            "lng": "139.468464"
        },
        {
            "index": "4",
            "id": "00129763",
            "name": "成瀬が丘三丁目西",
            "lat": "35.534631",
            "lng": "139.466847"
        },
        {
            "index": "5",
            "id": "00129764",
            "name": "金森図書館前",
            "lat": "35.533979",
            "lng": "139.465467"
        },
        {
            "index": "6",
            "id": "00129765",
            "name": "松葉谷戸公園入口",
            "lat": "35.53487",
            "lng": "139.463531"
        },
        {
            "index": "7",
            "id": "00129766",
            "name": "都営金森第9前",
            "lat": "35.534513",
            "lng": "139.461964"
        },
        {
            "index": "8",
            "id": "00129767",
            "name": "金森二丁目中央",
            "lat": "35.533914",
            "lng": "139.460764"
        },
        {
            "index": "9",
            "id": "00129540",
            "name": "金森",
            "lat": "35.532705",
            "lng": "139.461073"
        },
        {
            "index": "10",
            "id": "00129768",
            "name": "都営金森第11入口",
            "lat": "35.530779",
            "lng": "139.462071"
        },
        {
            "index": "11",
            "id": "00129539",
            "name": "市営住宅入口(町田市)",
            "lat": "35.529124",
            "lng": "139.462792"
        },
        {
            "index": "12",
            "id": "00129538",
            "name": "南中学校前(町田市)",
            "lat": "35.527715",
            "lng": "139.464214"
        },
        {
            "index": "13",
            "id": "00129547",
            "name": "南中学校東(町田市)",
            "lat": "35.526893",
            "lng": "139.465811"
        },
        {
            "index": "14",
            "id": "00130523",
            "name": "柳橋",
            "lat": "35.527634",
            "lng": "139.467061"
        },
        {
            "index": "15",
            "id": "00129771",
            "name": "みずき山ふるさとの森",
            "lat": "35.530819",
            "lng": "139.468237"
        },
        {
            "index": "16",
            "id": "00129772",
            "name": "南第四小学校入口",
            "lat": "35.532313",
            "lng": "139.467747"
        },
        {
            "index": "17",
            "id": "00129773",
            "name": "都立小川高校前",
            "lat": "35.533674",
            "lng": "139.46987"
        },
        {
            "index": "18",
            "id": "00129774",
            "name": "成瀬が丘二丁目西",
            "lat": "35.535881",
            "lng": "139.470411"
        },
        {
            "index": "19",
            "id": "00129760",
            "name": "成瀬駅南口前",
            "lat": "35.535255",
            "lng": "139.472576"
        }
    ],
    "route_url": "https://www.kanachu.co.jp/dia/route/index/cid:0000803298/"
}
