{
    "date": "2025/02/24",
    "name": "ドリームハイツ",
    "position": "-",
    "system": "戸50",
    "destinations": [
        "集会所前(横浜市戸塚区)",
        "俣野公園・横浜薬大前",
        "横浜薬大南門",
        "三叉路(横浜市戸塚区)",
        "横浜医療センター前",
        "原宿(横浜市戸塚区)",
        "大運寺",
        "吹上(横浜市戸塚区)",
        "西横浜国際総合病院前",
        "新道大坂上",
        "大坂上(横浜市戸塚区)",
        "大坂台",
        "大坂下",
        "八坂神社前",
        "消防署前(横浜市戸塚区)",
        "戸塚駅西口",
        "戸塚バスセンター"
    ],
    "weekday": [
        "5:20",
        "5:34",
        "5:41",
        "5:47",
        "5:54",
        "6:01",
        "6:05",
        "6:26",
        "6:33",
        "6:51",
        "7:06",
        "7:24",
        "7:36",
        "7:42",
        "7:58",
        "8:43",
        "8:51",
        "9:08",
        "9:16",
        "9:25",
        "9:35",
        "9:45",
        "9:52",
        "9:59",
        "10:18",
        "10:27",
        "10:43",
        "10:52",
        "10:58",
        "11:15",
        "11:24",
        "11:41",
        "11:50",
        "11:58",
        "12:15",
        "12:58",
        "13:41",
        "14:24",
        "14:41",
        "14:50",
        "14:58",
        "15:15",
        "15:24",
        "15:41",
        "15:50",
        "15:58",
        "16:15",
        "16:24",
        "17:39",
        "17:44",
        "17:49",
        "17:54",
        "18:08",
        "18:22",
        "18:33",
        "19:09",
        "19:28",
        "19:38",
        "19:48",
        "20:20",
        "20:45",
        "21:04",
        "21:32",
        "21:54",
        "22:09"
    ],
    "saturday": [
        "5:54",
        "6:18",
        "6:30",
        "6:42",
        "6:54",
        "7:02",
        "7:10",
        "7:18",
        "7:26",
        "7:34",
        "7:42",
        "7:49",
        "7:54",
        "8:02",
        "8:10",
        "8:18",
        "8:26",
        "8:34",
        "8:42",
        "8:48",
        "8:54",
        "9:00",
        "9:12",
        "9:18",
        "9:24",
        "9:30",
        "9:42",
        "9:48",
        "9:54",
        "10:00",
        "10:12",
        "10:18",
        "10:24",
        "10:30",
        "10:42",
        "10:48",
        "10:57",
        "11:12",
        "11:19",
        "11:27",
        "11:42",
        "11:49",
        "11:57",
        "12:12",
        "12:19",
        "12:27",
        "12:42",
        "12:49",
        "12:57",
        "13:12",
        "13:19",
        "13:27",
        "13:42",
        "13:49",
        "13:57",
        "14:12",
        "14:19",
        "14:27",
        "14:42",
        "14:49",
        "14:57",
        "15:12",
        "15:19",
        "15:27",
        "15:42",
        "15:49",
        "15:57",
        "16:12",
        "16:19",
        "16:27",
        "16:42",
        "16:49",
        "16:57",
        "17:12",
        "17:19",
        "17:27",
        "17:42",
        "17:49",
        "17:57",
        "18:04",
        "18:12",
        "18:19",
        "18:27",
        "18:34",
        "18:42",
        "18:49",
        "19:04",
        "19:19",
        "19:34",
        "19:49",
        "20:04",
        "20:19",
        "20:34"
    ],
    "holiday": [
        "5:54",
        "6:24",
        "6:39",
        "7:04",
        "7:14",
        "7:34",
        "7:44",
        "7:54",
        "8:02",
        "8:10",
        "8:18",
        "8:26",
        "8:34",
        "8:42",
        "8:49",
        "8:54",
        "9:10",
        "9:18",
        "9:26",
        "9:42",
        "9:49",
        "9:57",
        "10:12",
        "10:19",
        "10:27",
        "10:42",
        "10:49",
        "10:57",
        "11:12",
        "11:19",
        "11:27",
        "11:42",
        "11:49",
        "11:57",
        "12:12",
        "12:19",
        "12:27",
        "12:42",
        "12:49",
        "12:57",
        "13:12",
        "13:19",
        "13:27",
        "13:42",
        "13:49",
        "13:57",
        "14:12",
        "14:19",
        "14:27",
        "14:42",
        "14:49",
        "14:57",
        "15:12",
        "15:19",
        "15:27",
        "15:42",
        "15:49",
        "15:57",
        "16:12",
        "16:19",
        "16:27",
        "16:42",
        "16:49",
        "16:57",
        "17:12",
        "17:19",
        "17:27",
        "17:42",
        "17:49",
        "17:57",
        "18:04",
        "18:12",
        "18:19",
        "18:27",
        "18:34",
        "18:42",
        "18:49",
        "19:04",
        "19:19",
        "19:34",
        "19:49",
        "20:04",
        "20:19",
        "20:34"
    ],
    "url": "https://www.kanachu.co.jp/dia/diagram/timetable01_js/course:0000803593-1/node:00126824/kt:0/lname:/"
}
