{
    "date": "2025/02/24",
    "name": "横浜薬大南門",
    "position": "-",
    "system": "戸50",
    "destinations": [
        "三叉路(横浜市戸塚区)",
        "横浜医療センター前",
        "原宿(横浜市戸塚区)",
        "大運寺",
        "吹上(横浜市戸塚区)",
        "西横浜国際総合病院前",
        "新道大坂上",
        "大坂上(横浜市戸塚区)",
        "大坂台",
        "大坂下",
        "八坂神社前",
        "消防署前(横浜市戸塚区)",
        "戸塚駅西口",
        "戸塚バスセンター"
    ],
    "weekday": [
        "5:23",
        "5:37",
        "5:44",
        "5:50",
        "5:57",
        "6:04",
        "6:08",
        "6:29",
        "6:36",
        "6:54",
        "7:09",
        "7:27",
        "7:39",
        "7:45",
        "8:01",
        "8:46",
        "8:54",
        "9:11",
        "9:19",
        "9:28",
        "9:38",
        "9:48",
        "9:55",
        "10:02",
        "10:21",
        "10:30",
        "10:46",
        "10:55",
        "11:01",
        "11:18",
        "11:27",
        "11:44",
        "11:53",
        "12:01",
        "12:18",
        "13:01",
        "13:44",
        "14:27",
        "14:44",
        "14:53",
        "15:01",
        "15:18",
        "15:27",
        "15:44",
        "15:53",
        "16:01",
        "16:18",
        "16:27",
        "17:42",
        "17:47",
        "17:52",
        "17:57",
        "18:11",
        "18:25",
        "18:36",
        "19:12",
        "19:31",
        "19:41",
        "19:51",
        "20:23",
        "20:48",
        "21:07",
        "21:35",
        "21:57",
        "22:12"
    ],
    "saturday": [
        "5:57",
        "6:21",
        "6:33",
        "6:45",
        "6:57",
        "7:05",
        "7:13",
        "7:21",
        "7:29",
        "7:37",
        "7:45",
        "7:52",
        "7:57",
        "8:05",
        "8:13",
        "8:21",
        "8:29",
        "8:37",
        "8:45",
        "8:51",
        "8:57",
        "9:03",
        "9:15",
        "9:21",
        "9:27",
        "9:33",
        "9:45",
        "9:51",
        "9:57",
        "10:03",
        "10:15",
        "10:21",
        "10:27",
        "10:33",
        "10:45",
        "10:51",
        "11:00",
        "11:15",
        "11:22",
        "11:30",
        "11:45",
        "11:52",
        "12:00",
        "12:15",
        "12:22",
        "12:30",
        "12:45",
        "12:52",
        "13:00",
        "13:15",
        "13:22",
        "13:30",
        "13:45",
        "13:52",
        "14:00",
        "14:15",
        "14:22",
        "14:30",
        "14:45",
        "14:52",
        "15:00",
        "15:15",
        "15:22",
        "15:30",
        "15:45",
        "15:52",
        "16:00",
        "16:15",
        "16:22",
        "16:30",
        "16:45",
        "16:52",
        "17:00",
        "17:15",
        "17:22",
        "17:30",
        "17:45",
        "17:52",
        "18:00",
        "18:07",
        "18:15",
        "18:22",
        "18:30",
        "18:37",
        "18:45",
        "18:52",
        "19:07",
        "19:22",
        "19:37",
        "19:52",
        "20:07",
        "20:22",
        "20:37"
    ],
    "holiday": [
        "5:57",
        "6:27",
        "6:42",
        "7:07",
        "7:17",
        "7:37",
        "7:47",
        "7:57",
        "8:05",
        "8:13",
        "8:21",
        "8:29",
        "8:37",
        "8:45",
        "8:52",
        "8:57",
        "9:13",
        "9:21",
        "9:29",
        "9:45",
        "9:52",
        "10:00",
        "10:15",
        "10:22",
        "10:30",
        "10:45",
        "10:52",
        "11:00",
        "11:15",
        "11:22",
        "11:30",
        "11:45",
        "11:52",
        "12:00",
        "12:15",
        "12:22",
        "12:30",
        "12:45",
        "12:52",
        "13:00",
        "13:15",
        "13:22",
        "13:30",
        "13:45",
        "13:52",
        "14:00",
        "14:15",
        "14:22",
        "14:30",
        "14:45",
        "14:52",
        "15:00",
        "15:15",
        "15:22",
        "15:30",
        "15:45",
        "15:52",
        "16:00",
        "16:15",
        "16:22",
        "16:30",
        "16:45",
        "16:52",
        "17:00",
        "17:15",
        "17:22",
        "17:30",
        "17:45",
        "17:52",
        "18:00",
        "18:07",
        "18:15",
        "18:22",
        "18:30",
        "18:37",
        "18:45",
        "18:52",
        "19:07",
        "19:22",
        "19:37",
        "19:52",
        "20:07",
        "20:22",
        "20:37"
    ],
    "url": "https://www.kanachu.co.jp/dia/diagram/timetable01_js/course:0000803593-4/node:00126821/kt:0/lname:/"
}
