{
    "date": "2025/02/24",
    "name": "大運寺",
    "position": "-",
    "system": "戸50",
    "destinations": [
        "吹上(横浜市戸塚区)",
        "西横浜国際総合病院前",
        "新道大坂上",
        "大坂上(横浜市戸塚区)",
        "大坂台",
        "大坂下",
        "八坂神社前",
        "消防署前(横浜市戸塚区)",
        "戸塚駅西口",
        "戸塚バスセンター"
    ],
    "weekday": [
        "5:29",
        "5:43",
        "5:50",
        "5:56",
        "6:03",
        "6:10",
        "6:14",
        "6:36",
        "6:44",
        "7:02",
        "7:17",
        "7:35",
        "7:47",
        "7:53",
        "8:09",
        "8:54",
        "9:02",
        "9:17",
        "9:25",
        "9:34",
        "9:44",
        "9:54",
        "10:01",
        "10:08",
        "10:27",
        "10:36",
        "10:52",
        "11:01",
        "11:07",
        "11:24",
        "11:33",
        "11:50",
        "11:59",
        "12:07",
        "12:24",
        "13:07",
        "13:50",
        "14:33",
        "14:50",
        "14:59",
        "15:07",
        "15:24",
        "15:33",
        "15:50",
        "15:59",
        "16:07",
        "16:24",
        "16:33",
        "17:48",
        "17:53",
        "17:58",
        "18:03",
        "18:17",
        "18:31",
        "18:42",
        "19:18",
        "19:37",
        "19:47",
        "19:57",
        "20:29",
        "20:54",
        "21:13",
        "21:41",
        "22:03",
        "22:18"
    ],
    "saturday": [
        "6:02",
        "6:26",
        "6:38",
        "6:50",
        "7:02",
        "7:10",
        "7:18",
        "7:26",
        "7:34",
        "7:42",
        "7:50",
        "7:57",
        "8:02",
        "8:10",
        "8:18",
        "8:26",
        "8:34",
        "8:42",
        "8:50",
        "8:56",
        "9:02",
        "9:08",
        "9:20",
        "9:26",
        "9:32",
        "9:38",
        "9:50",
        "9:56",
        "10:02",
        "10:08",
        "10:20",
        "10:26",
        "10:32",
        "10:38",
        "10:50",
        "10:56",
        "11:05",
        "11:20",
        "11:27",
        "11:35",
        "11:50",
        "11:57",
        "12:05",
        "12:20",
        "12:27",
        "12:35",
        "12:50",
        "12:57",
        "13:05",
        "13:20",
        "13:27",
        "13:35",
        "13:50",
        "13:57",
        "14:05",
        "14:20",
        "14:27",
        "14:35",
        "14:50",
        "14:57",
        "15:05",
        "15:20",
        "15:27",
        "15:35",
        "15:50",
        "15:57",
        "16:05",
        "16:20",
        "16:27",
        "16:35",
        "16:50",
        "16:57",
        "17:05",
        "17:20",
        "17:27",
        "17:35",
        "17:50",
        "17:57",
        "18:05",
        "18:12",
        "18:20",
        "18:27",
        "18:35",
        "18:42",
        "18:50",
        "18:57",
        "19:12",
        "19:27",
        "19:42",
        "19:57",
        "20:12",
        "20:27",
        "20:42"
    ],
    "holiday": [
        "6:02",
        "6:32",
        "6:47",
        "7:12",
        "7:22",
        "7:42",
        "7:52",
        "8:02",
        "8:10",
        "8:18",
        "8:26",
        "8:34",
        "8:42",
        "8:50",
        "8:57",
        "9:02",
        "9:18",
        "9:26",
        "9:34",
        "9:50",
        "9:57",
        "10:05",
        "10:20",
        "10:27",
        "10:35",
        "10:50",
        "10:57",
        "11:05",
        "11:20",
        "11:27",
        "11:35",
        "11:50",
        "11:57",
        "12:05",
        "12:20",
        "12:27",
        "12:35",
        "12:50",
        "12:57",
        "13:05",
        "13:20",
        "13:27",
        "13:35",
        "13:50",
        "13:57",
        "14:05",
        "14:20",
        "14:27",
        "14:35",
        "14:50",
        "14:57",
        "15:05",
        "15:20",
        "15:27",
        "15:35",
        "15:50",
        "15:57",
        "16:05",
        "16:20",
        "16:27",
        "16:35",
        "16:50",
        "16:57",
        "17:05",
        "17:20",
        "17:27",
        "17:35",
        "17:50",
        "17:57",
        "18:05",
        "18:12",
        "18:20",
        "18:27",
        "18:35",
        "18:42",
        "18:50",
        "18:57",
        "19:12",
        "19:27",
        "19:42",
        "19:57",
        "20:12",
        "20:27",
        "20:42"
    ],
    "url": "https://www.kanachu.co.jp/dia/diagram/timetable01_js/course:0000803593-8/node:00126817/kt:0/lname:/"
}
