{
    "date": "2025/02/24",
    "name": "吹上(横浜市戸塚区)",
    "position": "-",
    "system": "戸50",
    "destinations": [
        "西横浜国際総合病院前",
        "新道大坂上",
        "大坂上(横浜市戸塚区)",
        "大坂台",
        "大坂下",
        "八坂神社前",
        "消防署前(横浜市戸塚区)",
        "戸塚駅西口",
        "戸塚バスセンター"
    ],
    "weekday": [
        "5:31",
        "5:45",
        "5:52",
        "5:58",
        "6:05",
        "6:12",
        "6:16",
        "6:39",
        "6:47",
        "7:05",
        "7:20",
        "7:38",
        "7:50",
        "7:56",
        "8:12",
        "8:57",
        "9:04",
        "9:19",
        "9:27",
        "9:36",
        "9:46",
        "9:56",
        "10:03",
        "10:10",
        "10:29",
        "10:38",
        "10:54",
        "11:03",
        "11:09",
        "11:26",
        "11:35",
        "11:52",
        "12:01",
        "12:09",
        "12:26",
        "13:09",
        "13:52",
        "14:35",
        "14:52",
        "15:01",
        "15:09",
        "15:26",
        "15:35",
        "15:52",
        "16:01",
        "16:09",
        "16:26",
        "16:35",
        "17:50",
        "17:55",
        "18:00",
        "18:05",
        "18:19",
        "18:33",
        "18:44",
        "19:20",
        "19:39",
        "19:49",
        "19:59",
        "20:31",
        "20:56",
        "21:15",
        "21:43",
        "22:05",
        "22:20"
    ],
    "saturday": [
        "6:03",
        "6:27",
        "6:39",
        "6:51",
        "7:03",
        "7:11",
        "7:19",
        "7:27",
        "7:35",
        "7:43",
        "7:51",
        "7:58",
        "8:03",
        "8:11",
        "8:19",
        "8:27",
        "8:35",
        "8:43",
        "8:51",
        "8:57",
        "9:03",
        "9:09",
        "9:21",
        "9:27",
        "9:33",
        "9:39",
        "9:51",
        "9:57",
        "10:03",
        "10:09",
        "10:21",
        "10:27",
        "10:33",
        "10:39",
        "10:51",
        "10:57",
        "11:06",
        "11:21",
        "11:28",
        "11:36",
        "11:51",
        "11:58",
        "12:06",
        "12:21",
        "12:28",
        "12:36",
        "12:51",
        "12:58",
        "13:06",
        "13:21",
        "13:28",
        "13:36",
        "13:51",
        "13:58",
        "14:06",
        "14:21",
        "14:28",
        "14:36",
        "14:51",
        "14:58",
        "15:06",
        "15:21",
        "15:28",
        "15:36",
        "15:51",
        "15:58",
        "16:06",
        "16:21",
        "16:28",
        "16:36",
        "16:51",
        "16:58",
        "17:06",
        "17:21",
        "17:28",
        "17:36",
        "17:51",
        "17:58",
        "18:06",
        "18:13",
        "18:21",
        "18:28",
        "18:36",
        "18:43",
        "18:51",
        "18:58",
        "19:13",
        "19:28",
        "19:43",
        "19:58",
        "20:13",
        "20:28",
        "20:43"
    ],
    "holiday": [
        "6:03",
        "6:33",
        "6:48",
        "7:13",
        "7:23",
        "7:43",
        "7:53",
        "8:03",
        "8:11",
        "8:19",
        "8:27",
        "8:35",
        "8:43",
        "8:51",
        "8:58",
        "9:03",
        "9:19",
        "9:27",
        "9:35",
        "9:51",
        "9:58",
        "10:06",
        "10:21",
        "10:28",
        "10:36",
        "10:51",
        "10:58",
        "11:06",
        "11:21",
        "11:28",
        "11:36",
        "11:51",
        "11:58",
        "12:06",
        "12:21",
        "12:28",
        "12:36",
        "12:51",
        "12:58",
        "13:06",
        "13:21",
        "13:28",
        "13:36",
        "13:51",
        "13:58",
        "14:06",
        "14:21",
        "14:28",
        "14:36",
        "14:51",
        "14:58",
        "15:06",
        "15:21",
        "15:28",
        "15:36",
        "15:51",
        "15:58",
        "16:06",
        "16:21",
        "16:28",
        "16:36",
        "16:51",
        "16:58",
        "17:06",
        "17:21",
        "17:28",
        "17:36",
        "17:51",
        "17:58",
        "18:06",
        "18:13",
        "18:21",
        "18:28",
        "18:36",
        "18:43",
        "18:51",
        "18:58",
        "19:13",
        "19:28",
        "19:43",
        "19:58",
        "20:13",
        "20:28",
        "20:43"
    ],
    "url": "https://www.kanachu.co.jp/dia/diagram/timetable01_js/course:0000803593-9/node:00126816/kt:0/lname:/"
}
