{
    "date": "2025/02/24",
    "name": "新道大坂上",
    "position": "-",
    "system": "戸50",
    "destinations": [
        "大坂上(横浜市戸塚区)",
        "大坂台",
        "大坂下",
        "八坂神社前",
        "消防署前(横浜市戸塚区)",
        "戸塚駅西口",
        "戸塚バスセンター"
    ],
    "weekday": [
        "5:33",
        "5:47",
        "5:54",
        "6:00",
        "6:07",
        "6:14",
        "6:18",
        "6:42",
        "6:50",
        "7:08",
        "7:23",
        "7:41",
        "7:53",
        "7:59",
        "8:15",
        "9:00",
        "9:06",
        "9:21",
        "9:29",
        "9:38",
        "9:48",
        "9:58",
        "10:05",
        "10:12",
        "10:31",
        "10:40",
        "10:56",
        "11:05",
        "11:11",
        "11:28",
        "11:37",
        "11:54",
        "12:03",
        "12:11",
        "12:28",
        "13:11",
        "13:54",
        "14:37",
        "14:54",
        "15:03",
        "15:11",
        "15:28",
        "15:37",
        "15:54",
        "16:03",
        "16:11",
        "16:28",
        "16:37",
        "17:52",
        "17:57",
        "18:02",
        "18:07",
        "18:21",
        "18:35",
        "18:46",
        "19:22",
        "19:41",
        "19:51",
        "20:01",
        "20:33",
        "20:58",
        "21:17",
        "21:45",
        "22:07",
        "22:22"
    ],
    "saturday": [
        "6:05",
        "6:29",
        "6:41",
        "6:53",
        "7:05",
        "7:13",
        "7:21",
        "7:29",
        "7:37",
        "7:45",
        "7:53",
        "8:00",
        "8:05",
        "8:13",
        "8:21",
        "8:29",
        "8:37",
        "8:45",
        "8:53",
        "8:59",
        "9:05",
        "9:11",
        "9:23",
        "9:29",
        "9:35",
        "9:41",
        "9:53",
        "9:59",
        "10:05",
        "10:11",
        "10:23",
        "10:29",
        "10:35",
        "10:41",
        "10:53",
        "10:59",
        "11:08",
        "11:23",
        "11:30",
        "11:38",
        "11:53",
        "12:00",
        "12:08",
        "12:23",
        "12:30",
        "12:38",
        "12:53",
        "13:00",
        "13:08",
        "13:23",
        "13:30",
        "13:38",
        "13:53",
        "14:00",
        "14:08",
        "14:23",
        "14:30",
        "14:38",
        "14:53",
        "15:00",
        "15:08",
        "15:23",
        "15:30",
        "15:38",
        "15:53",
        "16:00",
        "16:08",
        "16:23",
        "16:30",
        "16:38",
        "16:53",
        "17:00",
        "17:08",
        "17:23",
        "17:30",
        "17:38",
        "17:53",
        "18:00",
        "18:08",
        "18:15",
        "18:23",
        "18:30",
        "18:38",
        "18:45",
        "18:53",
        "19:00",
        "19:15",
        "19:30",
        "19:45",
        "20:00",
        "20:15",
        "20:30",
        "20:45"
    ],
    "holiday": [
        "6:05",
        "6:35",
        "6:50",
        "7:15",
        "7:25",
        "7:45",
        "7:55",
        "8:05",
        "8:13",
        "8:21",
        "8:29",
        "8:37",
        "8:45",
        "8:53",
        "9:00",
        "9:05",
        "9:21",
        "9:29",
        "9:37",
        "9:53",
        "10:00",
        "10:08",
        "10:23",
        "10:30",
        "10:38",
        "10:53",
        "11:00",
        "11:08",
        "11:23",
        "11:30",
        "11:38",
        "11:53",
        "12:00",
        "12:08",
        "12:23",
        "12:30",
        "12:38",
        "12:53",
        "13:00",
        "13:08",
        "13:23",
        "13:30",
        "13:38",
        "13:53",
        "14:00",
        "14:08",
        "14:23",
        "14:30",
        "14:38",
        "14:53",
        "15:00",
        "15:08",
        "15:23",
        "15:30",
        "15:38",
        "15:53",
        "16:00",
        "16:08",
        "16:23",
        "16:30",
        "16:38",
        "16:53",
        "17:00",
        "17:08",
        "17:23",
        "17:30",
        "17:38",
        "17:53",
        "18:00",
        "18:08",
        "18:15",
        "18:23",
        "18:30",
        "18:38",
        "18:45",
        "18:53",
        "19:00",
        "19:15",
        "19:30",
        "19:45",
        "20:00",
        "20:15",
        "20:30",
        "20:45"
    ],
    "url": "https://www.kanachu.co.jp/dia/diagram/timetable01_js/course:0000803593-11/node:00126814/kt:0/lname:/"
}
