{
    "date": "2025/02/24",
    "name": "大坂上(横浜市戸塚区)",
    "position": "-",
    "system": "戸50",
    "destinations": [
        "大坂台",
        "大坂下",
        "八坂神社前",
        "消防署前(横浜市戸塚区)",
        "戸塚駅西口",
        "戸塚バスセンター"
    ],
    "weekday": [
        "5:34",
        "5:48",
        "5:55",
        "6:01",
        "6:08",
        "6:15",
        "6:19",
        "6:44",
        "6:52",
        "7:10",
        "7:25",
        "7:43",
        "7:55",
        "8:01",
        "8:17",
        "9:01",
        "9:07",
        "9:22",
        "9:30",
        "9:39",
        "9:49",
        "9:59",
        "10:06",
        "10:13",
        "10:32",
        "10:41",
        "10:57",
        "11:06",
        "11:12",
        "11:29",
        "11:38",
        "11:55",
        "12:04",
        "12:12",
        "12:29",
        "13:12",
        "13:55",
        "14:38",
        "14:55",
        "15:04",
        "15:12",
        "15:29",
        "15:38",
        "15:55",
        "16:04",
        "16:12",
        "16:29",
        "16:38",
        "17:53",
        "17:58",
        "18:03",
        "18:08",
        "18:22",
        "18:36",
        "18:47",
        "19:23",
        "19:42",
        "19:52",
        "20:02",
        "20:34",
        "20:59",
        "21:18",
        "21:46",
        "22:08",
        "22:23"
    ],
    "saturday": [
        "6:06",
        "6:30",
        "6:42",
        "6:54",
        "7:06",
        "7:14",
        "7:22",
        "7:30",
        "7:38",
        "7:46",
        "7:54",
        "8:01",
        "8:06",
        "8:14",
        "8:22",
        "8:30",
        "8:38",
        "8:46",
        "8:54",
        "9:00",
        "9:06",
        "9:12",
        "9:24",
        "9:30",
        "9:36",
        "9:42",
        "9:54",
        "10:00",
        "10:06",
        "10:12",
        "10:24",
        "10:30",
        "10:36",
        "10:42",
        "10:54",
        "11:00",
        "11:09",
        "11:24",
        "11:31",
        "11:39",
        "11:54",
        "12:01",
        "12:09",
        "12:24",
        "12:31",
        "12:39",
        "12:54",
        "13:01",
        "13:09",
        "13:24",
        "13:31",
        "13:39",
        "13:54",
        "14:01",
        "14:09",
        "14:24",
        "14:31",
        "14:39",
        "14:54",
        "15:01",
        "15:09",
        "15:24",
        "15:31",
        "15:39",
        "15:54",
        "16:01",
        "16:09",
        "16:24",
        "16:31",
        "16:39",
        "16:54",
        "17:01",
        "17:09",
        "17:24",
        "17:31",
        "17:39",
        "17:54",
        "18:01",
        "18:09",
        "18:16",
        "18:24",
        "18:31",
        "18:39",
        "18:46",
        "18:54",
        "19:01",
        "19:16",
        "19:31",
        "19:46",
        "20:01",
        "20:16",
        "20:31",
        "20:46"
    ],
    "holiday": [
        "6:06",
        "6:36",
        "6:51",
        "7:16",
        "7:26",
        "7:46",
        "7:56",
        "8:06",
        "8:14",
        "8:22",
        "8:30",
        "8:38",
        "8:46",
        "8:54",
        "9:01",
        "9:06",
        "9:22",
        "9:30",
        "9:38",
        "9:54",
        "10:01",
        "10:09",
        "10:24",
        "10:31",
        "10:39",
        "10:54",
        "11:01",
        "11:09",
        "11:24",
        "11:31",
        "11:39",
        "11:54",
        "12:01",
        "12:09",
        "12:24",
        "12:31",
        "12:39",
        "12:54",
        "13:01",
        "13:09",
        "13:24",
        "13:31",
        "13:39",
        "13:54",
        "14:01",
        "14:09",
        "14:24",
        "14:31",
        "14:39",
        "14:54",
        "15:01",
        "15:09",
        "15:24",
        "15:31",
        "15:39",
        "15:54",
        "16:01",
        "16:09",
        "16:24",
        "16:31",
        "16:39",
        "16:54",
        "17:01",
        "17:09",
        "17:24",
        "17:31",
        "17:39",
        "17:54",
        "18:01",
        "18:09",
        "18:16",
        "18:24",
        "18:31",
        "18:39",
        "18:46",
        "18:54",
        "19:01",
        "19:16",
        "19:31",
        "19:46",
        "20:01",
        "20:16",
        "20:31",
        "20:46"
    ],
    "url": "https://www.kanachu.co.jp/dia/diagram/timetable01_js/course:0000803593-12/node:00126813/kt:0/lname:/"
}
