{
    "date": "2025/04/01",
    "name": "白井(相模原市緑区)",
    "position": "-",
    "system": "野05",
    "destinations": [
        "大鐘",
        "中井戸(相模原市緑区)",
        "堂地",
        "宮ノ前(相模原市緑区)",
        "吉原入口",
        "賽の神",
        "馬本",
        "藤野芸術の家",
        "赤沢(相模原市緑区)",
        "杉西",
        "山口原",
        "金剛山",
        "追分(相模原市緑区)",
        "名倉入口",
        "日連大橋",
        "藤野駅"
    ],
    "weekday": [
        "6:26",
        "7:20"
    ],
    "saturday": [
        "6:26",
        "7:22"
    ],
    "holiday": [
        "6:26",
        "7:22"
    ],
    "url": "https://www.kanachu.co.jp/dia/diagram/timetable01_js/course:0000803772-6/node:00128806/kt:0/lname:/"
}
