{
    "date": "2025/04/01",
    "name": "山口原",
    "position": "-",
    "system": "野05",
    "destinations": [
        "金剛山",
        "追分(相模原市緑区)",
        "名倉入口",
        "日連大橋",
        "藤野駅"
    ],
    "weekday": [
        "6:33",
        "7:27"
    ],
    "saturday": [
        "6:33",
        "7:29"
    ],
    "holiday": [
        "6:33",
        "7:29"
    ],
    "url": "https://www.kanachu.co.jp/dia/diagram/timetable01_js/course:0000803772-17/node:00128792/kt:0/lname:/"
}
