{
    "date": "2025/04/01",
    "name": "金剛山",
    "position": "-",
    "system": "野05",
    "destinations": [
        "追分(相模原市緑区)",
        "名倉入口",
        "日連大橋",
        "藤野駅"
    ],
    "weekday": [
        "6:34",
        "7:28"
    ],
    "saturday": [
        "6:34",
        "7:30"
    ],
    "holiday": [
        "6:34",
        "7:30"
    ],
    "url": "https://www.kanachu.co.jp/dia/diagram/timetable01_js/course:0000803772-18/node:00128791/kt:0/lname:/"
}
