{
    "date": "2025/04/01",
    "name": "追分(相模原市緑区)",
    "position": "-",
    "system": "野05",
    "destinations": [
        "名倉入口",
        "日連大橋",
        "藤野駅"
    ],
    "weekday": [
        "6:35",
        "7:29"
    ],
    "saturday": [
        "6:35",
        "7:31"
    ],
    "holiday": [
        "6:35",
        "7:31"
    ],
    "url": "https://www.kanachu.co.jp/dia/diagram/timetable01_js/course:0000803772-19/node:00128790/kt:0/lname:/"
}
