{
    "date": "2026/01/16",
    "name": "御園二丁目",
    "position": "-",
    "system": "大59",
    "destinations": [
        "みゆき台団地",
        "御園五丁目",
        "双葉入口",
        "桜台(相模原市南区)",
        "水道路(相模原市南区)",
        "麻溝台",
        "麻溝台中学校入口",
        "さがみ緑風園前",
        "麻溝台入口",
        "麻溝台高校",
        "北里大学病院・北里大学"
    ],
    "weekday": [
        "6:20",
        "7:12",
        "7:47",
        "8:12",
        "8:30",
        "8:57",
        "9:15",
        "9:35",
        "9:55",
        "10:10",
        "11:10",
        "11:40",
        "12:15",
        "12:55",
        "13:10",
        "13:40",
        "14:10",
        "14:40",
        "15:10",
        "15:40",
        "16:10",
        "16:40",
        "16:55",
        "17:06",
        "17:36",
        "17:56",
        "18:06",
        "18:26",
        "18:36",
        "18:56",
        "19:15",
        "19:25",
        "19:35",
        "19:45",
        "19:55",
        "20:05",
        "20:17",
        "20:29",
        "20:41",
        "20:53",
        "21:05",
        "21:20",
        "21:35",
        "21:50"
    ],
    "saturday": [
        "6:25",
        "6:45",
        "7:10",
        "7:50",
        "8:15",
        "8:45",
        "9:20",
        "9:50",
        "10:35",
        "11:35",
        "12:35",
        "12:55",
        "13:20",
        "13:50",
        "14:30",
        "15:20",
        "15:50",
        "16:20",
        "16:50",
        "17:20",
        "17:50",
        "18:20",
        "18:50",
        "19:20",
        "19:35",
        "20:05",
        "20:25",
        "20:45",
        "21:05"
    ],
    "holiday": [
        "6:45",
        "7:15",
        "8:50",
        "9:50",
        "10:50",
        "11:50",
        "12:50",
        "13:50",
        "14:50",
        "15:50",
        "16:50",
        "17:50",
        "18:40",
        "19:45",
        "20:05",
        "20:25",
        "20:45"
    ],
    "url": "https://www.kanachu.co.jp/dia/diagram/timetable01_js/course:0000804047-5/node:00129260/kt:0/lname:/"
}
