{
    "date": "2026/01/16",
    "name": "水道路(相模原市南区)",
    "position": "-",
    "system": "大59",
    "destinations": [
        "麻溝台",
        "麻溝台中学校入口",
        "さがみ緑風園前",
        "麻溝台入口",
        "麻溝台高校",
        "北里大学病院・北里大学"
    ],
    "weekday": [
        "6:25",
        "7:19",
        "7:54",
        "8:19",
        "8:37",
        "9:03",
        "9:20",
        "9:40",
        "10:00",
        "10:15",
        "11:15",
        "11:45",
        "12:20",
        "13:00",
        "13:15",
        "13:45",
        "14:15",
        "14:45",
        "15:15",
        "15:45",
        "16:15",
        "16:45",
        "17:00",
        "17:13",
        "17:43",
        "18:03",
        "18:13",
        "18:33",
        "18:43",
        "19:02",
        "19:20",
        "19:30",
        "19:40",
        "19:50",
        "20:00",
        "20:10",
        "20:22",
        "20:34",
        "20:46",
        "20:58",
        "21:10",
        "21:25",
        "21:40",
        "21:55"
    ],
    "saturday": [
        "6:30",
        "6:50",
        "7:15",
        "7:55",
        "8:20",
        "8:50",
        "9:25",
        "9:55",
        "10:40",
        "11:40",
        "12:40",
        "13:00",
        "13:25",
        "13:55",
        "14:35",
        "15:25",
        "15:55",
        "16:25",
        "16:55",
        "17:25",
        "17:55",
        "18:25",
        "18:55",
        "19:25",
        "19:40",
        "20:10",
        "20:30",
        "20:50",
        "21:10"
    ],
    "holiday": [
        "6:50",
        "7:20",
        "8:55",
        "9:55",
        "10:55",
        "11:55",
        "12:55",
        "13:55",
        "14:55",
        "15:55",
        "16:55",
        "17:55",
        "18:45",
        "19:50",
        "20:10",
        "20:30",
        "20:50"
    ],
    "url": "https://www.kanachu.co.jp/dia/diagram/timetable01_js/course:0000804047-10/node:00129695/kt:0/lname:/"
}
