{
    "date": "2026/01/16",
    "name": "麻溝台",
    "position": "-",
    "system": "大59",
    "destinations": [
        "麻溝台中学校入口",
        "さがみ緑風園前",
        "麻溝台入口",
        "麻溝台高校",
        "北里大学病院・北里大学"
    ],
    "weekday": [
        "6:26",
        "7:20",
        "7:55",
        "8:20",
        "8:38",
        "9:04",
        "9:21",
        "9:41",
        "10:01",
        "10:16",
        "11:16",
        "11:46",
        "12:21",
        "13:01",
        "13:16",
        "13:46",
        "14:16",
        "14:46",
        "15:16",
        "15:46",
        "16:16",
        "16:46",
        "17:01",
        "17:14",
        "17:44",
        "18:04",
        "18:14",
        "18:34",
        "18:44",
        "19:03",
        "19:21",
        "19:31",
        "19:41",
        "19:51",
        "20:01",
        "20:11",
        "20:23",
        "20:35",
        "20:47",
        "20:59",
        "21:11",
        "21:26",
        "21:41",
        "21:56"
    ],
    "saturday": [
        "6:31",
        "6:51",
        "7:16",
        "7:56",
        "8:21",
        "8:51",
        "9:26",
        "9:56",
        "10:41",
        "11:41",
        "12:41",
        "13:01",
        "13:26",
        "13:56",
        "14:36",
        "15:26",
        "15:56",
        "16:26",
        "16:56",
        "17:26",
        "17:56",
        "18:26",
        "18:56",
        "19:26",
        "19:41",
        "20:11",
        "20:31",
        "20:51",
        "21:11"
    ],
    "holiday": [
        "6:51",
        "7:21",
        "8:56",
        "9:56",
        "10:56",
        "11:56",
        "12:56",
        "13:56",
        "14:56",
        "15:56",
        "16:56",
        "17:56",
        "18:46",
        "19:51",
        "20:11",
        "20:31",
        "20:51"
    ],
    "url": "https://www.kanachu.co.jp/dia/diagram/timetable01_js/course:0000804047-11/node:00129696/kt:0/lname:/"
}
