{
    "date": "2025/04/01",
    "name": "上中の原団地",
    "position": "-",
    "system": "橋36",
    "destinations": [
        "六地蔵(相模原市緑区)",
        "中村(相模原市緑区)",
        "北公園入口(相模原市緑区)",
        "九沢自治会館前",
        "内出(相模原市緑区)",
        "上九沢団地北",
        "上九沢団地",
        "上大島北",
        "上大島"
    ],
    "weekday": [
        "6:22",
        "6:37",
        "6:57",
        "7:16",
        "7:38",
        "8:18",
        "8:43",
        "9:20",
        "10:00",
        "10:35",
        "11:00",
        "11:35",
        "12:00",
        "12:35",
        "13:00",
        "13:35",
        "14:00",
        "14:35",
        "15:00",
        "15:35",
        "16:00",
        "16:35",
        "17:00",
        "17:36",
        "18:01",
        "18:16",
        "18:33",
        "18:48",
        "19:13",
        "19:33",
        "19:48",
        "20:15",
        "20:42",
        "21:17",
        "21:42"
    ],
    "saturday": [
        "7:00",
        "7:30",
        "8:00",
        "8:30",
        "9:00",
        "9:30",
        "10:00",
        "10:30",
        "11:00",
        "11:30",
        "12:00",
        "12:30",
        "13:00",
        "13:30",
        "14:00",
        "14:30",
        "15:00",
        "15:30",
        "16:00",
        "16:30",
        "17:00",
        "17:30",
        "18:00",
        "18:30",
        "19:00",
        "19:30",
        "20:00",
        "20:30",
        "21:00",
        "21:30"
    ],
    "holiday": [
        "7:30",
        "8:00",
        "8:30",
        "9:00",
        "9:30",
        "10:00",
        "10:30",
        "11:00",
        "11:30",
        "12:00",
        "12:30",
        "13:00",
        "13:30",
        "14:00",
        "14:30",
        "15:00",
        "15:30",
        "16:00",
        "16:30",
        "17:00",
        "17:30",
        "18:00",
        "18:30",
        "19:00",
        "19:30",
        "20:00",
        "20:30",
        "21:00"
    ],
    "url": "https://www.kanachu.co.jp/dia/diagram/timetable01_js/course:0000803813-6/node:00129115/kt:0/lname:/"
}
