{
    "date": "2025/04/01",
    "name": "北公園入口(相模原市緑区)",
    "position": "-",
    "system": "橋36",
    "destinations": [
        "九沢自治会館前",
        "内出(相模原市緑区)",
        "上九沢団地北",
        "上九沢団地",
        "上大島北",
        "上大島"
    ],
    "weekday": [
        "6:26",
        "6:41",
        "7:01",
        "7:20",
        "7:42",
        "8:22",
        "8:47",
        "9:24",
        "10:04",
        "10:39",
        "11:04",
        "11:39",
        "12:04",
        "12:39",
        "13:04",
        "13:39",
        "14:04",
        "14:39",
        "15:04",
        "15:39",
        "16:04",
        "16:39",
        "17:04",
        "17:40",
        "18:05",
        "18:20",
        "18:37",
        "18:52",
        "19:17",
        "19:37",
        "19:52",
        "20:19",
        "20:46",
        "21:21",
        "21:46"
    ],
    "saturday": [
        "7:03",
        "7:33",
        "8:03",
        "8:33",
        "9:03",
        "9:33",
        "10:03",
        "10:33",
        "11:03",
        "11:33",
        "12:03",
        "12:33",
        "13:03",
        "13:33",
        "14:03",
        "14:33",
        "15:03",
        "15:33",
        "16:03",
        "16:33",
        "17:03",
        "17:33",
        "18:03",
        "18:33",
        "19:03",
        "19:33",
        "20:03",
        "20:33",
        "21:03",
        "21:33"
    ],
    "holiday": [
        "7:33",
        "8:03",
        "8:33",
        "9:03",
        "9:33",
        "10:03",
        "10:33",
        "11:03",
        "11:33",
        "12:03",
        "12:33",
        "13:03",
        "13:33",
        "14:03",
        "14:33",
        "15:03",
        "15:33",
        "16:03",
        "16:33",
        "17:03",
        "17:33",
        "18:03",
        "18:33",
        "19:03",
        "19:33",
        "20:03",
        "20:33",
        "21:03"
    ],
    "url": "https://www.kanachu.co.jp/dia/diagram/timetable01_js/course:0000803813-9/node:00129104/kt:0/lname:/"
}
