{
    "date": "2025/04/01",
    "name": "内出(相模原市緑区)",
    "position": "-",
    "system": "橋36",
    "destinations": [
        "上九沢団地北",
        "上九沢団地",
        "上大島北",
        "上大島"
    ],
    "weekday": [
        "6:29",
        "6:44",
        "7:04",
        "7:23",
        "7:45",
        "8:25",
        "8:50",
        "9:27",
        "10:07",
        "10:42",
        "11:07",
        "11:42",
        "12:07",
        "12:42",
        "13:07",
        "13:42",
        "14:07",
        "14:42",
        "15:07",
        "15:42",
        "16:07",
        "16:42",
        "17:07",
        "17:43",
        "18:08",
        "18:23",
        "18:40",
        "18:55",
        "19:20",
        "19:40",
        "19:55",
        "20:22",
        "20:49",
        "21:24",
        "21:49"
    ],
    "saturday": [
        "7:06",
        "7:36",
        "8:06",
        "8:36",
        "9:06",
        "9:36",
        "10:06",
        "10:36",
        "11:06",
        "11:36",
        "12:06",
        "12:36",
        "13:06",
        "13:36",
        "14:06",
        "14:36",
        "15:06",
        "15:36",
        "16:06",
        "16:36",
        "17:06",
        "17:36",
        "18:06",
        "18:36",
        "19:06",
        "19:36",
        "20:06",
        "20:36",
        "21:06",
        "21:36"
    ],
    "holiday": [
        "7:36",
        "8:06",
        "8:36",
        "9:06",
        "9:36",
        "10:06",
        "10:36",
        "11:06",
        "11:36",
        "12:06",
        "12:36",
        "13:06",
        "13:36",
        "14:06",
        "14:36",
        "15:06",
        "15:36",
        "16:06",
        "16:36",
        "17:06",
        "17:36",
        "18:06",
        "18:36",
        "19:06",
        "19:36",
        "20:06",
        "20:36",
        "21:06"
    ],
    "url": "https://www.kanachu.co.jp/dia/diagram/timetable01_js/course:0000803813-11/node:00128978/kt:0/lname:/"
}
