{
    "date": "2025/04/01",
    "name": "上九沢団地",
    "position": "-",
    "system": "橋36",
    "destinations": [
        "上大島北",
        "上大島"
    ],
    "weekday": [
        "6:31",
        "6:46",
        "7:06",
        "7:25",
        "7:47",
        "8:27",
        "8:52",
        "9:29",
        "10:09",
        "10:44",
        "11:09",
        "11:44",
        "12:09",
        "12:44",
        "13:09",
        "13:44",
        "14:09",
        "14:44",
        "15:09",
        "15:44",
        "16:09",
        "16:44",
        "17:09",
        "17:45",
        "18:10",
        "18:25",
        "18:42",
        "18:57",
        "19:22",
        "19:42",
        "19:57",
        "20:24",
        "20:51",
        "21:26",
        "21:51"
    ],
    "saturday": [
        "7:08",
        "7:38",
        "8:08",
        "8:38",
        "9:08",
        "9:38",
        "10:08",
        "10:38",
        "11:08",
        "11:38",
        "12:08",
        "12:38",
        "13:08",
        "13:38",
        "14:08",
        "14:38",
        "15:08",
        "15:38",
        "16:08",
        "16:38",
        "17:08",
        "17:38",
        "18:08",
        "18:38",
        "19:08",
        "19:38",
        "20:08",
        "20:38",
        "21:08",
        "21:38"
    ],
    "holiday": [
        "7:38",
        "8:08",
        "8:38",
        "9:08",
        "9:38",
        "10:08",
        "10:38",
        "11:08",
        "11:38",
        "12:08",
        "12:38",
        "13:08",
        "13:38",
        "14:08",
        "14:38",
        "15:08",
        "15:38",
        "16:08",
        "16:38",
        "17:08",
        "17:38",
        "18:08",
        "18:38",
        "19:08",
        "19:38",
        "20:08",
        "20:38",
        "21:08"
    ],
    "url": "https://www.kanachu.co.jp/dia/diagram/timetable01_js/course:0000803813-13/node:00129106/kt:0/lname:/"
}
