{
    "date": "2025/04/01",
    "name": "上大島北",
    "position": "-",
    "system": "橋36",
    "destinations": [
        "上大島"
    ],
    "weekday": [
        "6:32",
        "6:47",
        "7:07",
        "7:26",
        "7:48",
        "8:28",
        "8:53",
        "9:30",
        "10:10",
        "10:45",
        "11:10",
        "11:45",
        "12:10",
        "12:45",
        "13:10",
        "13:45",
        "14:10",
        "14:45",
        "15:10",
        "15:45",
        "16:10",
        "16:45",
        "17:10",
        "17:46",
        "18:11",
        "18:26",
        "18:43",
        "18:58",
        "19:23",
        "19:43",
        "19:58",
        "20:25",
        "20:52",
        "21:27",
        "21:52"
    ],
    "saturday": [
        "7:09",
        "7:39",
        "8:09",
        "8:39",
        "9:09",
        "9:39",
        "10:09",
        "10:39",
        "11:09",
        "11:39",
        "12:09",
        "12:39",
        "13:09",
        "13:39",
        "14:09",
        "14:39",
        "15:09",
        "15:39",
        "16:09",
        "16:39",
        "17:09",
        "17:39",
        "18:09",
        "18:39",
        "19:09",
        "19:39",
        "20:09",
        "20:39",
        "21:09",
        "21:39"
    ],
    "holiday": [
        "7:39",
        "8:09",
        "8:39",
        "9:09",
        "9:39",
        "10:09",
        "10:39",
        "11:09",
        "11:39",
        "12:09",
        "12:39",
        "13:09",
        "13:39",
        "14:09",
        "14:39",
        "15:09",
        "15:39",
        "16:09",
        "16:39",
        "17:09",
        "17:39",
        "18:09",
        "18:39",
        "19:09",
        "19:39",
        "20:09",
        "20:39",
        "21:09"
    ],
    "url": "https://www.kanachu.co.jp/dia/diagram/timetable01_js/course:0000803813-14/node:00129107/kt:0/lname:/"
}
