{
    "date": "2025/04/19",
    "name": "市民会館前(相模原市中央区)",
    "position": "-",
    "system": "相12",
    "destinations": [
        "JA相模原市前",
        "高校入口(相模原市中央区)",
        "星が丘住宅前",
        "横山六丁目",
        "上溝"
    ],
    "weekday": [
        "7:07",
        "7:35",
        "8:07",
        "8:27",
        "8:47",
        "9:07",
        "9:37",
        "10:07",
        "10:37",
        "11:07",
        "11:47",
        "12:25",
        "13:07",
        "13:47",
        "14:25",
        "15:07",
        "15:37",
        "16:07",
        "16:37",
        "17:07",
        "17:37",
        "18:07",
        "18:37",
        "19:07",
        "19:37",
        "20:36",
        "21:36"
    ],
    "saturday": [
        "7:16",
        "8:06",
        "8:56",
        "9:46",
        "10:36",
        "11:26",
        "12:16",
        "13:06",
        "13:56",
        "14:46",
        "15:36",
        "16:26",
        "17:16",
        "18:06",
        "18:56",
        "19:46"
    ],
    "holiday": [
        "7:16",
        "8:06",
        "8:56",
        "9:46",
        "10:36",
        "11:26",
        "12:16",
        "13:06",
        "13:56",
        "14:46",
        "15:36",
        "16:26",
        "17:16",
        "18:06",
        "18:56",
        "19:46"
    ],
    "url": "https://www.kanachu.co.jp/dia/diagram/timetable01_js/course:0000802424-7/node:00129153/kt:0/lname:/"
}
