{
    "date": "2025/04/19",
    "name": "JA相模原市前",
    "position": "-",
    "system": "相12",
    "destinations": [
        "高校入口(相模原市中央区)",
        "星が丘住宅前",
        "横山六丁目",
        "上溝"
    ],
    "weekday": [
        "7:08",
        "7:36",
        "8:08",
        "8:28",
        "8:48",
        "9:08",
        "9:38",
        "10:08",
        "10:38",
        "11:08",
        "11:48",
        "12:26",
        "13:08",
        "13:48",
        "14:26",
        "15:08",
        "15:38",
        "16:08",
        "16:38",
        "17:08",
        "17:38",
        "18:08",
        "18:38",
        "19:08",
        "19:38",
        "20:37",
        "21:37"
    ],
    "saturday": [
        "7:17",
        "8:07",
        "8:57",
        "9:47",
        "10:37",
        "11:27",
        "12:17",
        "13:07",
        "13:57",
        "14:47",
        "15:37",
        "16:27",
        "17:17",
        "18:07",
        "18:57",
        "19:47"
    ],
    "holiday": [
        "7:17",
        "8:07",
        "8:57",
        "9:47",
        "10:37",
        "11:27",
        "12:17",
        "13:07",
        "13:57",
        "14:47",
        "15:37",
        "16:27",
        "17:17",
        "18:07",
        "18:57",
        "19:47"
    ],
    "url": "https://www.kanachu.co.jp/dia/diagram/timetable01_js/course:0000802424-8/node:00129103/kt:0/lname:/"
}
