{
    "date": "2025/04/19",
    "name": "横山六丁目",
    "position": "-",
    "system": "相12",
    "destinations": [
        "上溝"
    ],
    "weekday": [
        "7:11",
        "7:39",
        "8:11",
        "8:31",
        "8:51",
        "9:11",
        "9:41",
        "10:11",
        "10:41",
        "11:11",
        "11:51",
        "12:29",
        "13:11",
        "13:51",
        "14:29",
        "15:11",
        "15:41",
        "16:11",
        "16:41",
        "17:11",
        "17:41",
        "18:11",
        "18:41",
        "19:11",
        "19:41",
        "20:40",
        "21:40"
    ],
    "saturday": [
        "7:20",
        "8:10",
        "9:00",
        "9:50",
        "10:40",
        "11:30",
        "12:20",
        "13:10",
        "14:00",
        "14:50",
        "15:40",
        "16:30",
        "17:20",
        "18:10",
        "19:00",
        "19:50"
    ],
    "holiday": [
        "7:20",
        "8:10",
        "9:00",
        "9:50",
        "10:40",
        "11:30",
        "12:20",
        "13:10",
        "14:00",
        "14:50",
        "15:40",
        "16:30",
        "17:20",
        "18:10",
        "19:00",
        "19:50"
    ],
    "url": "https://www.kanachu.co.jp/dia/diagram/timetable01_js/course:0000802424-11/node:00129294/kt:0/lname:/"
}
