{
    "date": "2025/11/16",
    "name": "大貫橋",
    "position": "-",
    "system": "境21",
    "destinations": [
        "亀甲山",
        "原分",
        "東根",
        "川井橋",
        "程ヶ谷カントリークラブ前",
        "矢指町入口",
        "西部病院前",
        "水道企業団前(横浜市旭区)",
        "つゆきの森",
        "三ツ境駅北口"
    ],
    "weekday": [
        "8:26"
    ],
    "saturday": [],
    "holiday": [],
    "url": "https://www.kanachu.co.jp/dia/diagram/timetable01_js/course:0000802233-16/node:00129706/kt:0/lname:/"
}
