{
    "date": "2025/01/06",
    "name": "洪福寺",
    "position": "-",
    "system": "",
    "destinations": [
        "峯小学校前",
        "和田町(横浜市保土ケ谷区)",
        "上星川",
        "川島町(横浜市保土ケ谷区)",
        "梅の木(横浜市保土ケ谷区)",
        "西谷駅前",
        "下白根橋",
        "愛宕旭環境センター前",
        "稲荷通",
        "金草沢",
        "千丸台団地"
    ],
    "weekday": [
        "6:48",
        "7:18",
        "7:43",
        "7:53",
        "8:13",
        "8:23",
        "8:43",
        "9:05",
        "9:13",
        "9:28",
        "16:43",
        "17:05",
        "17:33",
        "17:45",
        "17:58",
        "18:18",
        "18:28",
        "18:48",
        "19:08",
        "19:28",
        "19:53",
        "20:08",
        "20:33",
        "21:08",
        "21:43",
        "22:18",
        "22:43"
    ],
    "saturday": [
        "7:08",
        "7:38",
        "8:13",
        "8:48",
        "9:23",
        "16:59",
        "17:29",
        "17:59",
        "18:29",
        "18:59",
        "19:29",
        "19:58",
        "20:23",
        "20:38",
        "21:13",
        "22:13"
    ],
    "holiday": [
        "7:38",
        "8:13",
        "8:48",
        "9:23",
        "16:59",
        "17:29",
        "17:59",
        "18:29",
        "18:59",
        "19:29",
        "19:58",
        "20:23",
        "20:38",
        "21:13"
    ],
    "url": "https://www.kanachu.co.jp/dia/diagram/timetable01_js/course:0000803675-2/node:00102504/kt:0/lname:/"
}
