{
    "date": "2025/01/06",
    "name": "梅の木(横浜市保土ケ谷区)",
    "position": "-",
    "system": "",
    "destinations": [
        "西谷駅前",
        "下白根橋",
        "愛宕旭環境センター前",
        "稲荷通",
        "金草沢",
        "千丸台団地"
    ],
    "weekday": [
        "6:58",
        "7:29",
        "7:54",
        "8:04",
        "8:24",
        "8:34",
        "8:54",
        "9:16",
        "9:24",
        "9:39",
        "16:56",
        "17:18",
        "17:46",
        "17:58",
        "18:11",
        "18:31",
        "18:41",
        "19:01",
        "19:20",
        "19:40",
        "20:05",
        "20:18",
        "20:43",
        "21:18",
        "21:53",
        "22:28",
        "22:53"
    ],
    "saturday": [
        "7:18",
        "7:48",
        "8:23",
        "8:58",
        "9:33",
        "17:13",
        "17:43",
        "18:13",
        "18:43",
        "19:13",
        "19:43",
        "20:08",
        "20:33",
        "20:48",
        "21:23",
        "22:23"
    ],
    "holiday": [
        "7:48",
        "8:23",
        "8:58",
        "9:33",
        "17:13",
        "17:43",
        "18:13",
        "18:43",
        "19:13",
        "19:43",
        "20:08",
        "20:33",
        "20:48",
        "21:23"
    ],
    "url": "https://www.kanachu.co.jp/dia/diagram/timetable01_js/course:0000803675-7/node:00102279/kt:0/lname:/"
}
