{
    "system": "",
    "busstops": [
        {
            "index": "1",
            "id": "00042735",
            "name": "横浜駅西口",
            "lat": "35.466603",
            "lng": "139.621089"
        },
        {
            "index": "2",
            "id": "00102504",
            "name": "洪福寺",
            "lat": "35.457143",
            "lng": "139.604681"
        },
        {
            "index": "3",
            "id": "00103135",
            "name": "峯小学校前",
            "lat": "35.460338",
            "lng": "139.597855"
        },
        {
            "index": "4",
            "id": "00103260",
            "name": "和田町(横浜市保土ケ谷区)",
            "lat": "35.464829",
            "lng": "139.589371"
        },
        {
            "index": "5",
            "id": "00102369",
            "name": "上星川",
            "lat": "35.468141",
            "lng": "139.579957"
        },
        {
            "index": "6",
            "id": "00102379",
            "name": "川島町(横浜市保土ケ谷区)",
            "lat": "35.472691",
            "lng": "139.575054"
        },
        {
            "index": "7",
            "id": "00102279",
            "name": "梅の木(横浜市保土ケ谷区)",
            "lat": "35.477893",
            "lng": "139.569141"
        },
        {
            "index": "8",
            "id": "00102883",
            "name": "西谷駅前",
            "lat": "35.478387",
            "lng": "139.566251"
        },
        {
            "index": "9",
            "id": "00102591",
            "name": "下白根橋",
            "lat": "35.480574",
            "lng": "139.557255"
        },
        {
            "index": "10",
            "id": "00102214",
            "name": "愛宕旭環境センター前",
            "lat": "35.483026",
            "lng": "139.556858"
        },
        {
            "index": "11",
            "id": "00102259",
            "name": "稲荷通",
            "lat": "35.485363",
            "lng": "139.556678"
        },
        {
            "index": "12",
            "id": "00102361",
            "name": "金草沢",
            "lat": "35.488871",
            "lng": "139.553183"
        },
        {
            "index": "13",
            "id": "00102675",
            "name": "千丸台団地",
            "lat": "35.49035",
            "lng": "139.552261"
        }
    ],
    "route_url": "https://www.kanachu.co.jp/dia/route/index/cid:0000803675/"
}
