{
    "date": "2021/02/01",
    "name": "矢畑北",
    "position": "-",
    "system": "",
    "destinations": [
        "円蔵",
        "円蔵下町",
        "陽ざし野",
        "西久保南",
        "西久保保育園・つるみね老人ホーム前",
        "浜之郷小学校",
        "県立茅ヶ崎養護学校",
        "徳洲会老人保健施設浜之郷前",
        "萩園橋",
        "十二天神社入口",
        "萩園橋",
        "徳洲会老人保健施設浜之郷前",
        "浜之郷小学校",
        "西久保保育園・つるみね老人ホーム前",
        "西久保南",
        "陽ざし野",
        "円蔵下町",
        "円蔵",
        "矢畑北",
        "消防本部前(茅ケ崎市)",
        "市民活動サポートセンター前",
        "市民文化会館前(茅ケ崎市)",
        "茅ヶ崎駅北",
        "中央公園前(茅ケ崎市)",
        "前の田",
        "北茅ヶ崎駅入口",
        "市立病院(茅ケ崎市)"
    ],
    "weekday": [
        "7:26",
        "8:36",
        "9:46",
        "12:16",
        "13:26",
        "14:26",
        "15:36",
        "18:26"
    ],
    "saturday": [
        "8:36",
        "9:46",
        "12:16",
        "13:26",
        "14:26",
        "15:36",
        "18:26"
    ],
    "holiday": [
        "8:36",
        "9:46",
        "12:16",
        "13:26",
        "14:26",
        "15:36",
        "18:26"
    ],
    "url": "https://www.kanachu.co.jp/dia/diagram/timetable01_js/course:0000801761-9/node:00127360/kt:0/lname:/"
}
