{
    "date": "2024/07/01",
    "name": "宮ノ前(横浜市栄区)",
    "position": "-",
    "system": "戸72",
    "destinations": [
        "小蓋山",
        "田谷(横浜市栄区)",
        "洞窟前",
        "山王(横浜市栄区)",
        "住友電工前",
        "金井高校前",
        "辻前",
        "金井(横浜市栄区)",
        "日ノ出橋(横浜市戸塚区)",
        "ヒルズ南戸塚",
        "下郷(横浜市戸塚区)",
        "長久保(横浜市戸塚区)",
        "法務局前(横浜市戸塚区)",
        "皇谷台団地",
        "東電前(横浜市戸塚区)",
        "八坂神社前",
        "消防署前(横浜市戸塚区)",
        "戸塚駅西口",
        "戸塚バスセンター"
    ],
    "weekday": [
        "6:12",
        "6:29",
        "6:43",
        "8:48",
        "9:04",
        "9:24",
        "9:44",
        "10:04",
        "10:24",
        "10:44",
        "11:04",
        "11:24",
        "11:44",
        "12:04",
        "12:24",
        "12:44",
        "13:04",
        "13:24",
        "13:44",
        "14:04",
        "14:24",
        "14:44",
        "15:04",
        "15:24",
        "15:44",
        "16:04",
        "16:24",
        "16:44"
    ],
    "saturday": [
        "6:12",
        "6:39",
        "7:09",
        "7:39",
        "7:59",
        "8:19",
        "8:44",
        "9:14",
        "9:44",
        "10:14",
        "10:44",
        "11:14",
        "11:44",
        "12:14",
        "12:44",
        "13:14",
        "13:44",
        "14:14",
        "14:44",
        "15:14",
        "15:44",
        "16:04",
        "16:24",
        "16:44"
    ],
    "holiday": [
        "6:12",
        "6:39",
        "7:09",
        "7:39",
        "8:11",
        "8:44",
        "9:14",
        "9:44",
        "10:14",
        "10:44",
        "11:14",
        "11:44",
        "12:14",
        "12:44",
        "13:14",
        "13:44",
        "14:14",
        "14:44",
        "15:14",
        "15:44",
        "16:14",
        "16:44"
    ],
    "url": "https://www.kanachu.co.jp/dia/diagram/timetable01_js/course:0000803601-4/node:00126852/kt:0/lname:/"
}
