{
    "date": "2024/07/01",
    "name": "山王(横浜市栄区)",
    "position": "-",
    "system": "戸72",
    "destinations": [
        "住友電工前",
        "金井高校前",
        "辻前",
        "金井(横浜市栄区)",
        "日ノ出橋(横浜市戸塚区)",
        "ヒルズ南戸塚",
        "下郷(横浜市戸塚区)",
        "長久保(横浜市戸塚区)",
        "法務局前(横浜市戸塚区)",
        "皇谷台団地",
        "東電前(横浜市戸塚区)",
        "八坂神社前",
        "消防署前(横浜市戸塚区)",
        "戸塚駅西口",
        "戸塚バスセンター"
    ],
    "weekday": [
        "6:16",
        "6:33",
        "6:47",
        "8:52",
        "9:08",
        "9:28",
        "9:48",
        "10:08",
        "10:28",
        "10:48",
        "11:08",
        "11:28",
        "11:48",
        "12:08",
        "12:28",
        "12:48",
        "13:08",
        "13:28",
        "13:48",
        "14:08",
        "14:28",
        "14:48",
        "15:08",
        "15:28",
        "15:48",
        "16:08",
        "16:28",
        "16:48"
    ],
    "saturday": [
        "6:16",
        "6:43",
        "7:13",
        "7:43",
        "8:03",
        "8:23",
        "8:48",
        "9:18",
        "9:48",
        "10:18",
        "10:48",
        "11:18",
        "11:48",
        "12:18",
        "12:48",
        "13:18",
        "13:48",
        "14:18",
        "14:48",
        "15:18",
        "15:48",
        "16:08",
        "16:28",
        "16:48"
    ],
    "holiday": [
        "6:16",
        "6:43",
        "7:13",
        "7:43",
        "8:15",
        "8:48",
        "9:18",
        "9:48",
        "10:18",
        "10:48",
        "11:18",
        "11:48",
        "12:18",
        "12:48",
        "13:18",
        "13:48",
        "14:18",
        "14:48",
        "15:18",
        "15:48",
        "16:18",
        "16:48"
    ],
    "url": "https://www.kanachu.co.jp/dia/diagram/timetable01_js/course:0000803601-8/node:00126848/kt:0/lname:/"
}
