{
    "date": "2024/07/01",
    "name": "皇谷台団地",
    "position": "-",
    "system": "戸72",
    "destinations": [
        "東電前(横浜市戸塚区)",
        "八坂神社前",
        "消防署前(横浜市戸塚区)",
        "戸塚駅西口",
        "戸塚バスセンター"
    ],
    "weekday": [
        "6:27",
        "6:44",
        "6:58",
        "9:03",
        "9:19",
        "9:39",
        "9:59",
        "10:19",
        "10:39",
        "10:59",
        "11:19",
        "11:39",
        "11:59",
        "12:19",
        "12:39",
        "12:59",
        "13:19",
        "13:39",
        "13:59",
        "14:19",
        "14:39",
        "14:59",
        "15:19",
        "15:39",
        "15:59",
        "16:19",
        "16:39",
        "16:59"
    ],
    "saturday": [
        "6:27",
        "6:54",
        "7:24",
        "7:54",
        "8:14",
        "8:34",
        "8:59",
        "9:29",
        "9:59",
        "10:29",
        "10:59",
        "11:29",
        "11:59",
        "12:29",
        "12:59",
        "13:29",
        "13:59",
        "14:29",
        "14:59",
        "15:29",
        "15:59",
        "16:19",
        "16:39",
        "16:59"
    ],
    "holiday": [
        "6:27",
        "6:54",
        "7:24",
        "7:54",
        "8:26",
        "8:59",
        "9:29",
        "9:59",
        "10:29",
        "10:59",
        "11:29",
        "11:59",
        "12:29",
        "12:59",
        "13:29",
        "13:59",
        "14:29",
        "14:59",
        "15:29",
        "15:59",
        "16:29",
        "16:59"
    ],
    "url": "https://www.kanachu.co.jp/dia/diagram/timetable01_js/course:0000803601-18/node:00126839/kt:0/lname:/"
}
