{
    "date": "2024/07/01",
    "name": "東電前(横浜市戸塚区)",
    "position": "-",
    "system": "戸72",
    "destinations": [
        "八坂神社前",
        "消防署前(横浜市戸塚区)",
        "戸塚駅西口",
        "戸塚バスセンター"
    ],
    "weekday": [
        "6:28",
        "6:45",
        "6:59",
        "9:04",
        "9:20",
        "9:40",
        "10:00",
        "10:20",
        "10:40",
        "11:00",
        "11:20",
        "11:40",
        "12:00",
        "12:20",
        "12:40",
        "13:00",
        "13:20",
        "13:40",
        "14:00",
        "14:20",
        "14:40",
        "15:00",
        "15:20",
        "15:40",
        "16:00",
        "16:20",
        "16:40",
        "17:00"
    ],
    "saturday": [
        "6:28",
        "6:55",
        "7:25",
        "7:55",
        "8:15",
        "8:35",
        "9:00",
        "9:30",
        "10:00",
        "10:30",
        "11:00",
        "11:30",
        "12:00",
        "12:30",
        "13:00",
        "13:30",
        "14:00",
        "14:30",
        "15:00",
        "15:30",
        "16:00",
        "16:20",
        "16:40",
        "17:00"
    ],
    "holiday": [
        "6:28",
        "6:55",
        "7:25",
        "7:55",
        "8:27",
        "9:00",
        "9:30",
        "10:00",
        "10:30",
        "11:00",
        "11:30",
        "12:00",
        "12:30",
        "13:00",
        "13:30",
        "14:00",
        "14:30",
        "15:00",
        "15:30",
        "16:00",
        "16:30",
        "17:00"
    ],
    "url": "https://www.kanachu.co.jp/dia/diagram/timetable01_js/course:0000803601-19/node:00126838/kt:0/lname:/"
}
