{
    "date": "2024/07/01",
    "name": "八坂神社前",
    "position": "-",
    "system": "戸72",
    "destinations": [
        "消防署前(横浜市戸塚区)",
        "戸塚駅西口",
        "戸塚バスセンター"
    ],
    "weekday": [
        "6:29",
        "6:46",
        "7:00",
        "9:05",
        "9:21",
        "9:41",
        "10:01",
        "10:21",
        "10:41",
        "11:01",
        "11:21",
        "11:41",
        "12:01",
        "12:21",
        "12:41",
        "13:01",
        "13:21",
        "13:41",
        "14:01",
        "14:21",
        "14:41",
        "15:01",
        "15:21",
        "15:41",
        "16:01",
        "16:21",
        "16:41",
        "17:01"
    ],
    "saturday": [
        "6:29",
        "6:56",
        "7:26",
        "7:56",
        "8:16",
        "8:36",
        "9:01",
        "9:31",
        "10:01",
        "10:31",
        "11:01",
        "11:31",
        "12:01",
        "12:31",
        "13:01",
        "13:31",
        "14:01",
        "14:31",
        "15:01",
        "15:31",
        "16:01",
        "16:21",
        "16:41",
        "17:01"
    ],
    "holiday": [
        "6:29",
        "6:56",
        "7:26",
        "7:56",
        "8:28",
        "9:01",
        "9:31",
        "10:01",
        "10:31",
        "11:01",
        "11:31",
        "12:01",
        "12:31",
        "13:01",
        "13:31",
        "14:01",
        "14:31",
        "15:01",
        "15:31",
        "16:01",
        "16:31",
        "17:01"
    ],
    "url": "https://www.kanachu.co.jp/dia/diagram/timetable01_js/course:0000803601-20/node:00126810/kt:0/lname:/"
}
