{
    "date": "2024/12/16",
    "name": "消防署前(多摩市)",
    "position": "-",
    "system": "桜23",
    "destinations": [
        "永山駅",
        "諏訪二丁目(多摩市)",
        "諏訪幼稚園前",
        "諏訪南公園",
        "永山いちょう通り",
        "永山高校",
        "永山五丁目"
    ],
    "weekday": [
        "7:46",
        "7:51",
        "8:40",
        "9:40",
        "10:40",
        "11:40",
        "12:40",
        "13:40",
        "14:40",
        "15:40",
        "16:40",
        "17:40",
        "18:40",
        "19:40",
        "21:51"
    ],
    "saturday": [
        "8:40",
        "9:40",
        "10:40",
        "11:40",
        "12:40",
        "13:40",
        "14:40",
        "15:40",
        "16:40",
        "17:40",
        "18:40",
        "21:51"
    ],
    "holiday": [
        "8:40",
        "9:40",
        "10:40",
        "11:40",
        "12:40",
        "13:40",
        "14:40",
        "15:40",
        "16:40",
        "17:40",
        "18:40",
        "21:51"
    ],
    "url": "https://www.kanachu.co.jp/dia/diagram/timetable01_js/course:0000802973-5/node:00021488/kt:0/lname:/"
}
