{
    "date": "2024/12/16",
    "name": "永山駅",
    "position": "-",
    "system": "桜23",
    "destinations": [
        "諏訪二丁目(多摩市)",
        "諏訪幼稚園前",
        "諏訪南公園",
        "永山いちょう通り",
        "永山高校",
        "永山五丁目"
    ],
    "weekday": [
        "7:51",
        "7:56",
        "8:45",
        "9:45",
        "10:45",
        "11:45",
        "12:45",
        "13:45",
        "14:45",
        "15:45",
        "16:45",
        "17:45",
        "18:45",
        "19:45",
        "21:56"
    ],
    "saturday": [
        "8:45",
        "9:45",
        "10:45",
        "11:45",
        "12:45",
        "13:45",
        "14:45",
        "15:45",
        "16:45",
        "17:45",
        "18:45",
        "21:56"
    ],
    "holiday": [
        "8:45",
        "9:45",
        "10:45",
        "11:45",
        "12:45",
        "13:45",
        "14:45",
        "15:45",
        "16:45",
        "17:45",
        "18:45",
        "21:56"
    ],
    "url": "https://www.kanachu.co.jp/dia/diagram/timetable01_js/course:0000802973-6/node:00020143/kt:0/lname:/"
}
