{
    "date": "2021/09/09",
    "name": "粕屋下宿",
    "position": "-",
    "system": "伊76",
    "destinations": [
        "成瀬農協前",
        "白金",
        "小金塚",
        "谷戸入",
        "道了尊入口",
        "愛甲石田駅"
    ],
    "weekday": [
        "6:59",
        "7:59",
        "8:59",
        "9:59",
        "10:59",
        "11:59",
        "12:59",
        "14:59",
        "15:59",
        "16:59",
        "17:59",
        "18:59",
        "19:59"
    ],
    "saturday": [
        "6:59",
        "7:59",
        "8:59",
        "9:59",
        "10:54",
        "11:59",
        "12:59",
        "13:59",
        "14:59",
        "15:59",
        "16:59",
        "17:59"
    ],
    "holiday": [
        "6:59",
        "7:59",
        "8:59",
        "9:59",
        "10:54",
        "11:59",
        "12:59",
        "13:59",
        "14:59",
        "15:59",
        "16:59",
        "17:59"
    ],
    "url": "https://www.kanachu.co.jp/dia/diagram/timetable01_js/course:0000800995-6/node:00128209/kt:0/lname:/"
}
