{
    "date": "2021/09/09",
    "name": "成瀬農協前",
    "position": "-",
    "system": "伊76",
    "destinations": [
        "白金",
        "小金塚",
        "谷戸入",
        "道了尊入口",
        "愛甲石田駅"
    ],
    "weekday": [
        "7:01",
        "8:01",
        "9:01",
        "10:01",
        "11:01",
        "12:01",
        "13:01",
        "15:01",
        "16:01",
        "17:01",
        "18:01",
        "19:01",
        "20:01"
    ],
    "saturday": [
        "7:01",
        "8:01",
        "9:01",
        "10:01",
        "10:56",
        "12:01",
        "13:01",
        "14:01",
        "15:01",
        "16:01",
        "17:01",
        "18:01"
    ],
    "holiday": [
        "7:01",
        "8:01",
        "9:01",
        "10:01",
        "10:56",
        "12:01",
        "13:01",
        "14:01",
        "15:01",
        "16:01",
        "17:01",
        "18:01"
    ],
    "url": "https://www.kanachu.co.jp/dia/diagram/timetable01_js/course:0000800995-7/node:00128210/kt:0/lname:/"
}
