{
    "date": "2021/09/09",
    "name": "小金塚",
    "position": "-",
    "system": "伊76",
    "destinations": [
        "谷戸入",
        "道了尊入口",
        "愛甲石田駅"
    ],
    "weekday": [
        "7:03",
        "8:03",
        "9:03",
        "10:03",
        "11:03",
        "12:03",
        "13:03",
        "15:03",
        "16:03",
        "17:03",
        "18:03",
        "19:03",
        "20:03"
    ],
    "saturday": [
        "7:03",
        "8:03",
        "9:03",
        "10:03",
        "10:58",
        "12:03",
        "13:03",
        "14:03",
        "15:03",
        "16:03",
        "17:03",
        "18:03"
    ],
    "holiday": [
        "7:03",
        "8:03",
        "9:03",
        "10:03",
        "10:58",
        "12:03",
        "13:03",
        "14:03",
        "15:03",
        "16:03",
        "17:03",
        "18:03"
    ],
    "url": "https://www.kanachu.co.jp/dia/diagram/timetable01_js/course:0000800995-9/node:00128212/kt:0/lname:/"
}
