{
    "date": "2021/09/09",
    "name": "谷戸入",
    "position": "-",
    "system": "伊76",
    "destinations": [
        "道了尊入口",
        "愛甲石田駅"
    ],
    "weekday": [
        "7:04",
        "8:04",
        "9:04",
        "10:04",
        "11:04",
        "12:04",
        "13:04",
        "15:04",
        "16:04",
        "17:04",
        "18:04",
        "19:04",
        "20:04"
    ],
    "saturday": [
        "7:04",
        "8:04",
        "9:04",
        "10:04",
        "10:59",
        "12:04",
        "13:04",
        "14:04",
        "15:04",
        "16:04",
        "17:04",
        "18:04"
    ],
    "holiday": [
        "7:04",
        "8:04",
        "9:04",
        "10:04",
        "10:59",
        "12:04",
        "13:04",
        "14:04",
        "15:04",
        "16:04",
        "17:04",
        "18:04"
    ],
    "url": "https://www.kanachu.co.jp/dia/diagram/timetable01_js/course:0000800995-10/node:00128213/kt:0/lname:/"
}
