{
    "date": "2024/09/02",
    "name": "元町(横浜市戸塚区)",
    "position": "-",
    "system": "戸12",
    "destinations": [
        "ブリヂストン前",
        "不動坂(横浜市戸塚区)",
        "富士橋",
        "上矢部インター",
        "上矢部",
        "日の森",
        "下岡津",
        "岡津",
        "岡津橋",
        "まほろば",
        "西田橋",
        "中川地区センター入口",
        "親善病院前",
        "弥生台駅"
    ],
    "weekday": [
        "7:33",
        "8:03",
        "8:20",
        "8:40",
        "9:08",
        "9:49",
        "10:49",
        "11:49",
        "12:49",
        "13:49",
        "14:49",
        "15:49",
        "16:49",
        "17:25",
        "17:45",
        "18:15",
        "18:45",
        "19:21",
        "19:51",
        "20:20",
        "21:16"
    ],
    "saturday": [
        "8:27",
        "9:13",
        "10:15",
        "11:15",
        "11:49",
        "12:49",
        "13:49",
        "14:49",
        "15:49",
        "16:35",
        "17:15",
        "18:15",
        "19:15",
        "20:41"
    ],
    "holiday": [
        "8:34",
        "9:35",
        "10:15",
        "11:15",
        "11:49",
        "12:40",
        "13:40",
        "14:40",
        "15:49",
        "16:37",
        "17:13",
        "18:13",
        "19:13",
        "20:37"
    ],
    "url": "https://www.kanachu.co.jp/dia/diagram/timetable01_js/course:0000803577-2/node:00126611/kt:0/lname:/"
}
