{
    "date": "2024/09/02",
    "name": "上矢部",
    "position": "-",
    "system": "戸12",
    "destinations": [
        "日の森",
        "下岡津",
        "岡津",
        "岡津橋",
        "まほろば",
        "西田橋",
        "中川地区センター入口",
        "親善病院前",
        "弥生台駅"
    ],
    "weekday": [
        "7:41",
        "8:11",
        "8:28",
        "8:48",
        "9:15",
        "9:56",
        "10:56",
        "11:56",
        "12:56",
        "13:56",
        "14:56",
        "15:56",
        "16:56",
        "17:33",
        "17:53",
        "18:23",
        "18:53",
        "19:27",
        "19:57",
        "20:26",
        "21:22"
    ],
    "saturday": [
        "8:33",
        "9:19",
        "10:21",
        "11:21",
        "11:55",
        "12:55",
        "13:55",
        "14:56",
        "15:56",
        "16:42",
        "17:22",
        "18:21",
        "19:21",
        "20:47"
    ],
    "holiday": [
        "8:40",
        "9:41",
        "10:21",
        "11:21",
        "11:55",
        "12:46",
        "13:46",
        "14:47",
        "15:56",
        "16:44",
        "17:20",
        "18:19",
        "19:19",
        "20:43"
    ],
    "url": "https://www.kanachu.co.jp/dia/diagram/timetable01_js/course:0000803577-7/node:00126670/kt:0/lname:/"
}
