{
    "date": "2024/09/02",
    "name": "下岡津",
    "position": "-",
    "system": "戸12",
    "destinations": [
        "岡津",
        "岡津橋",
        "まほろば",
        "西田橋",
        "中川地区センター入口",
        "親善病院前",
        "弥生台駅"
    ],
    "weekday": [
        "7:44",
        "8:14",
        "8:31",
        "8:51",
        "9:18",
        "9:59",
        "10:59",
        "11:59",
        "12:59",
        "13:59",
        "14:59",
        "15:59",
        "16:59",
        "17:36",
        "17:56",
        "18:26",
        "18:56",
        "19:29",
        "19:59",
        "20:28",
        "21:24"
    ],
    "saturday": [
        "8:35",
        "9:21",
        "10:23",
        "11:23",
        "11:57",
        "12:57",
        "13:57",
        "14:59",
        "15:59",
        "16:45",
        "17:25",
        "18:24",
        "19:24",
        "20:49"
    ],
    "holiday": [
        "8:42",
        "9:43",
        "10:23",
        "11:23",
        "11:57",
        "12:48",
        "13:48",
        "14:50",
        "15:59",
        "16:47",
        "17:23",
        "18:22",
        "19:22",
        "20:45"
    ],
    "url": "https://www.kanachu.co.jp/dia/diagram/timetable01_js/course:0000803577-9/node:00126672/kt:0/lname:/"
}
