{
    "date": "2026/01/16",
    "name": "長源寺前(横浜市旭区)",
    "position": "-",
    "system": "115",
    "destinations": [
        "上川井町",
        "大貫橋",
        "若葉台南",
        "若葉台近隣公園前",
        "若葉台中学校前",
        "霧が丘高校前",
        "若葉台車庫前",
        "若葉台中央(横浜市旭区)"
    ],
    "weekday": [
        "6:31",
        "6:54",
        "7:07",
        "7:27",
        "8:11",
        "8:20",
        "8:57",
        "10:11",
        "10:55",
        "12:05",
        "12:27",
        "13:05",
        "14:05",
        "14:27",
        "15:05",
        "16:05",
        "16:27",
        "17:05",
        "18:05",
        "18:27",
        "19:05",
        "20:07",
        "20:29",
        "21:02",
        "21:15",
        "22:10",
        "22:25",
        "23:10"
    ],
    "saturday": [
        "6:35",
        "7:55",
        "9:00",
        "9:42",
        "11:10",
        "11:50",
        "12:10",
        "13:10",
        "13:50",
        "14:10",
        "15:10",
        "15:50",
        "16:10",
        "17:10",
        "17:50",
        "18:12",
        "19:10",
        "19:50",
        "20:14",
        "20:50",
        "23:15"
    ],
    "holiday": [
        "6:39",
        "8:10",
        "8:35",
        "9:30",
        "10:10",
        "11:10",
        "11:50",
        "12:12",
        "13:10",
        "13:50",
        "14:10",
        "15:10",
        "15:50",
        "16:10",
        "17:09",
        "17:50",
        "18:10",
        "19:12",
        "19:50",
        "20:10",
        "23:15"
    ],
    "url": "https://www.kanachu.co.jp/dia/diagram/timetable01_js/course:0000804255-14/node:00129708/kt:0/lname:/"
}
