{
    "date": "2026/01/16",
    "name": "大貫橋",
    "position": "-",
    "system": "115",
    "destinations": [
        "若葉台南",
        "若葉台近隣公園前",
        "若葉台中学校前",
        "霧が丘高校前",
        "若葉台車庫前",
        "若葉台中央(横浜市旭区)"
    ],
    "weekday": [
        "6:33",
        "6:56",
        "7:09",
        "7:29",
        "8:13",
        "8:22",
        "8:59",
        "10:13",
        "10:57",
        "12:07",
        "12:29",
        "13:07",
        "14:07",
        "14:29",
        "15:07",
        "16:07",
        "16:29",
        "17:07",
        "18:07",
        "18:29",
        "19:07",
        "20:09",
        "20:31",
        "21:04",
        "21:17",
        "22:12",
        "22:27",
        "23:12"
    ],
    "saturday": [
        "6:37",
        "7:57",
        "9:02",
        "9:44",
        "11:12",
        "11:52",
        "12:12",
        "13:12",
        "13:52",
        "14:12",
        "15:12",
        "15:52",
        "16:12",
        "17:12",
        "17:52",
        "18:14",
        "19:12",
        "19:52",
        "20:16",
        "20:52",
        "23:17"
    ],
    "holiday": [
        "6:41",
        "8:12",
        "8:37",
        "9:32",
        "10:12",
        "11:12",
        "11:52",
        "12:14",
        "13:12",
        "13:52",
        "14:12",
        "15:12",
        "15:52",
        "16:12",
        "17:11",
        "17:52",
        "18:12",
        "19:14",
        "19:52",
        "20:12",
        "23:17"
    ],
    "url": "https://www.kanachu.co.jp/dia/diagram/timetable01_js/course:0000804255-16/node:00129706/kt:0/lname:/"
}
