{
    "system": "115",
    "busstops": [
        {
            "index": "1",
            "id": "00102756",
            "name": "鶴ヶ峰駅",
            "lat": "35.476127",
            "lng": "139.547819"
        },
        {
            "index": "2",
            "id": "00129720",
            "name": "鶴ヶ峰本町",
            "lat": "35.476406",
            "lng": "139.543471"
        },
        {
            "index": "3",
            "id": "00129719",
            "name": "薬王寺入口",
            "lat": "35.477422",
            "lng": "139.540644"
        },
        {
            "index": "4",
            "id": "00129718",
            "name": "鶴ヶ峰中学校前",
            "lat": "35.479164",
            "lng": "139.537248"
        },
        {
            "index": "5",
            "id": "00129717",
            "name": "今宿小学校入口",
            "lat": "35.481522",
            "lng": "139.532777"
        },
        {
            "index": "6",
            "id": "00129716",
            "name": "今宿(横浜市旭区)",
            "lat": "35.482589",
            "lng": "139.530439"
        },
        {
            "index": "7",
            "id": "00129715",
            "name": "筑池",
            "lat": "35.484144",
            "lng": "139.524902"
        },
        {
            "index": "8",
            "id": "00129714",
            "name": "農協前(横浜市旭区)",
            "lat": "35.485212",
            "lng": "139.523381"
        },
        {
            "index": "9",
            "id": "00129713",
            "name": "都岡町",
            "lat": "35.48654",
            "lng": "139.521512"
        },
        {
            "index": "10",
            "id": "00129712",
            "name": "下宿(横浜市旭区)",
            "lat": "35.488214",
            "lng": "139.519301"
        },
        {
            "index": "11",
            "id": "00129711",
            "name": "川井宿",
            "lat": "35.489686",
            "lng": "139.516608"
        },
        {
            "index": "12",
            "id": "00129710",
            "name": "福泉寺前(横浜市旭区)",
            "lat": "35.492072",
            "lng": "139.512296"
        },
        {
            "index": "13",
            "id": "00129709",
            "name": "宮の下(横浜市旭区)",
            "lat": "35.494053",
            "lng": "139.508462"
        },
        {
            "index": "14",
            "id": "00129708",
            "name": "長源寺前(横浜市旭区)",
            "lat": "35.495673",
            "lng": "139.505141"
        },
        {
            "index": "15",
            "id": "00129707",
            "name": "上川井町",
            "lat": "35.496981",
            "lng": "139.502149"
        },
        {
            "index": "16",
            "id": "00129706",
            "name": "大貫橋",
            "lat": "35.498217",
            "lng": "139.500015"
        },
        {
            "index": "17",
            "id": "00103262",
            "name": "若葉台南",
            "lat": "35.501503",
            "lng": "139.501237"
        },
        {
            "index": "18",
            "id": "00103263",
            "name": "若葉台近隣公園前",
            "lat": "35.502957",
            "lng": "139.503976"
        },
        {
            "index": "19",
            "id": "00103267",
            "name": "若葉台中学校前",
            "lat": "35.50609",
            "lng": "139.503247"
        },
        {
            "index": "20",
            "id": "00019298",
            "name": "霧が丘高校前",
            "lat": "35.508928",
            "lng": "139.502331"
        },
        {
            "index": "21",
            "id": "00019297",
            "name": "若葉台車庫前",
            "lat": "35.508924",
            "lng": "139.499984"
        },
        {
            "index": "22",
            "id": "00019296",
            "name": "若葉台中央(横浜市旭区)",
            "lat": "35.506416",
            "lng": "139.498962"
        }
    ],
    "route_url": "https://www.kanachu.co.jp/dia/route/index/cid:0000804255/"
}
