{
    "date": "2023/02/18",
    "name": "宮前(厚木市)",
    "position": "-",
    "system": "愛21",
    "destinations": [
        "堂山",
        "愛甲橋",
        "上愛甲",
        "愛甲郵便局前",
        "聖木",
        "籠堰橋",
        "広町橋",
        "小野宮前",
        "小野橋(厚木市)",
        "榎田",
        "若宮橋(厚木市)",
        "通信研究所前(厚木市)",
        "松蔭大学",
        "日産先進技術開発センター"
    ],
    "weekday": [
        "7:22",
        "7:41",
        "7:55",
        "7:59",
        "8:10",
        "8:22",
        "8:34",
        "8:47",
        "8:57",
        "9:04",
        "9:11",
        "9:31",
        "9:51",
        "12:32",
        "13:02",
        "13:47",
        "14:27",
        "14:52",
        "18:22",
        "18:52",
        "19:27"
    ],
    "saturday": [],
    "holiday": [],
    "url": "https://www.kanachu.co.jp/dia/diagram/timetable01_js/course:0000800504-2/node:00128495/kt:0/lname:/"
}
