{
    "date": "2023/02/18",
    "name": "小野橋(厚木市)",
    "position": "-",
    "system": "愛21",
    "destinations": [
        "榎田",
        "若宮橋(厚木市)",
        "通信研究所前(厚木市)",
        "松蔭大学",
        "日産先進技術開発センター"
    ],
    "weekday": [
        "7:32",
        "7:53",
        "8:07",
        "8:11",
        "8:22",
        "8:33",
        "8:42",
        "8:55",
        "9:05",
        "9:12",
        "9:19",
        "9:39",
        "9:59",
        "12:40",
        "13:10",
        "13:55",
        "14:35",
        "15:00",
        "18:30",
        "19:00",
        "19:35"
    ],
    "saturday": [],
    "holiday": [],
    "url": "https://www.kanachu.co.jp/dia/diagram/timetable01_js/course:0000800504-11/node:00128450/kt:0/lname:/"
}
