{
    "date": "2026/01/16",
    "name": "永作",
    "position": "-",
    "system": "舞01",
    "destinations": [
        "北永作",
        "馬洗橋",
        "上永谷駅",
        "丸山台(横浜市港南区)",
        "丸山台中学校前",
        "日限山",
        "スポーツ公園前",
        "舞岡地区センター前",
        "リサーチパーク入口",
        "舞岡"
    ],
    "weekday": [
        "7:46",
        "9:03",
        "10:20",
        "11:20",
        "12:20",
        "13:20",
        "14:20",
        "15:20",
        "16:20",
        "17:20",
        "18:20",
        "19:20",
        "22:17"
    ],
    "saturday": [
        "9:20",
        "10:20",
        "11:20",
        "12:20",
        "13:20",
        "14:20",
        "15:20",
        "16:20",
        "17:20",
        "18:20",
        "19:07",
        "22:18"
    ],
    "holiday": [
        "9:20",
        "10:20",
        "11:20",
        "12:20",
        "13:20",
        "14:20",
        "15:20",
        "16:20",
        "17:07",
        "18:07",
        "19:06",
        "21:37"
    ],
    "url": "https://www.kanachu.co.jp/dia/diagram/timetable01_js/course:0000803963-9/node:00126578/kt:0/lname:/"
}
