{
    "date": "2026/01/16",
    "name": "上永谷駅",
    "position": "-",
    "system": "舞01",
    "destinations": [
        "丸山台(横浜市港南区)",
        "丸山台中学校前",
        "日限山",
        "スポーツ公園前",
        "舞岡地区センター前",
        "リサーチパーク入口",
        "舞岡"
    ],
    "weekday": [
        "7:53",
        "9:10",
        "10:27",
        "11:27",
        "12:27",
        "13:27",
        "14:27",
        "15:27",
        "16:27",
        "17:27",
        "18:27",
        "19:27",
        "22:24"
    ],
    "saturday": [
        "9:27",
        "10:27",
        "11:27",
        "12:27",
        "13:27",
        "14:27",
        "15:27",
        "16:27",
        "17:27",
        "18:27",
        "19:14",
        "22:25"
    ],
    "holiday": [
        "9:27",
        "10:27",
        "11:27",
        "12:27",
        "13:27",
        "14:27",
        "15:27",
        "16:27",
        "17:14",
        "18:14",
        "19:13",
        "21:44"
    ],
    "url": "https://www.kanachu.co.jp/dia/diagram/timetable01_js/course:0000803963-12/node:00102365/kt:0/lname:/"
}
