{
    "date": "2026/01/16",
    "name": "舞岡地区センター前",
    "position": "-",
    "system": "舞01",
    "destinations": [
        "リサーチパーク入口",
        "舞岡"
    ],
    "weekday": [
        "8:00",
        "9:17",
        "10:34",
        "11:34",
        "12:34",
        "13:34",
        "14:34",
        "15:34",
        "16:34",
        "17:34",
        "18:34",
        "19:34",
        "22:31"
    ],
    "saturday": [
        "9:34",
        "10:34",
        "11:34",
        "12:34",
        "13:34",
        "14:34",
        "15:34",
        "16:34",
        "17:34",
        "18:34",
        "19:21",
        "22:32"
    ],
    "holiday": [
        "9:34",
        "10:34",
        "11:34",
        "12:34",
        "13:34",
        "14:34",
        "15:34",
        "16:34",
        "17:21",
        "18:21",
        "19:20",
        "21:51"
    ],
    "url": "https://www.kanachu.co.jp/dia/diagram/timetable01_js/course:0000803963-17/node:00130220/kt:0/lname:/"
}
