{
    "date": "2023/02/18",
    "name": "洗水",
    "position": "-",
    "system": "伊22",
    "destinations": [
        "高部屋小学校前",
        "温泉入口(伊勢原市)",
        "和田内",
        "秋山(伊勢原市)",
        "台久保",
        "道灌塚前",
        "〆引",
        "市光前",
        "峰岸",
        "片町(伊勢原市)",
        "片町十字路",
        "大神宮前",
        "本町(伊勢原市)",
        "伊勢原駅北口"
    ],
    "weekday": [
        "7:54",
        "15:54"
    ],
    "saturday": [],
    "holiday": [],
    "url": "https://www.kanachu.co.jp/dia/diagram/timetable01_js/course:0000803357-6/node:00128179/kt:0/lname:/"
}
