{
    "date": "2023/02/18",
    "name": "〆引",
    "position": "-",
    "system": "伊22",
    "destinations": [
        "市光前",
        "峰岸",
        "片町(伊勢原市)",
        "片町十字路",
        "大神宮前",
        "本町(伊勢原市)",
        "伊勢原駅北口"
    ],
    "weekday": [
        "8:01",
        "16:01"
    ],
    "saturday": [],
    "holiday": [],
    "url": "https://www.kanachu.co.jp/dia/diagram/timetable01_js/course:0000803357-13/node:00128147/kt:0/lname:/"
}
