{
    "system": "伊22",
    "busstops": [
        {
            "index": "1",
            "id": "00128184",
            "name": "日向薬師",
            "lat": "35.435559",
            "lng": "139.27721"
        },
        {
            "index": "2",
            "id": "00128183",
            "name": "坊中(伊勢原市)",
            "lat": "35.435615",
            "lng": "139.28029"
        },
        {
            "index": "3",
            "id": "00128182",
            "name": "高橋(伊勢原市)",
            "lat": "35.435178",
            "lng": "139.282076"
        },
        {
            "index": "4",
            "id": "00128181",
            "name": "藤野入口",
            "lat": "35.433495",
            "lng": "139.286802"
        },
        {
            "index": "5",
            "id": "00128180",
            "name": "諏訪坂下",
            "lat": "35.430768",
            "lng": "139.290042"
        },
        {
            "index": "6",
            "id": "00128179",
            "name": "洗水",
            "lat": "35.42959",
            "lng": "139.291158"
        },
        {
            "index": "7",
            "id": "00128178",
            "name": "高部屋小学校前",
            "lat": "35.422458",
            "lng": "139.294548"
        },
        {
            "index": "8",
            "id": "00128177",
            "name": "温泉入口(伊勢原市)",
            "lat": "35.420414",
            "lng": "139.294391"
        },
        {
            "index": "9",
            "id": "00128187",
            "name": "和田内",
            "lat": "35.417349",
            "lng": "139.294881"
        },
        {
            "index": "10",
            "id": "00128186",
            "name": "秋山(伊勢原市)",
            "lat": "35.413515",
            "lng": "139.295197"
        },
        {
            "index": "11",
            "id": "00128185",
            "name": "台久保",
            "lat": "35.410813",
            "lng": "139.293505"
        },
        {
            "index": "12",
            "id": "00128148",
            "name": "道灌塚前",
            "lat": "35.408932",
            "lng": "139.292314"
        },
        {
            "index": "13",
            "id": "00128147",
            "name": "〆引",
            "lat": "35.406191",
            "lng": "139.296167"
        },
        {
            "index": "14",
            "id": "00128146",
            "name": "市光前",
            "lat": "35.405241",
            "lng": "139.298225"
        },
        {
            "index": "15",
            "id": "00128145",
            "name": "峰岸",
            "lat": "35.404167",
            "lng": "139.300696"
        },
        {
            "index": "16",
            "id": "00128144",
            "name": "片町(伊勢原市)",
            "lat": "35.403641",
            "lng": "139.302552"
        },
        {
            "index": "17",
            "id": "00128143",
            "name": "片町十字路",
            "lat": "35.401637",
            "lng": "139.304438"
        },
        {
            "index": "18",
            "id": "00128129",
            "name": "大神宮前",
            "lat": "35.399561",
            "lng": "139.305091"
        },
        {
            "index": "19",
            "id": "00128128",
            "name": "本町(伊勢原市)",
            "lat": "35.397447",
            "lng": "139.309145"
        },
        {
            "index": "20",
            "id": "00128127",
            "name": "伊勢原駅北口",
            "lat": "35.39652",
            "lng": "139.313281"
        }
    ],
    "route_url": "https://www.kanachu.co.jp/dia/route/index/cid:0000803357/"
}
