{
    "date": "2024/03/16",
    "name": "名瀬ホーム前",
    "position": "-",
    "system": "東16",
    "destinations": [
        "ネオポリス公園",
        "公園前商店街入口",
        "公園前(横浜市戸塚区)",
        "資源循環局前",
        "川上インター前",
        "東戸塚駅西口"
    ],
    "weekday": [
        "6:21",
        "6:39",
        "6:59"
    ],
    "saturday": [
        "6:33",
        "9:49"
    ],
    "holiday": [
        "6:33",
        "9:49"
    ],
    "url": "https://www.kanachu.co.jp/dia/diagram/timetable01_js/course:0000802525-5/node:00126723/kt:0/lname:/"
}
