{
    "date": "2025/04/19",
    "name": "横山坂上",
    "position": "-",
    "system": "淵53",
    "destinations": [
        "上溝",
        "上溝中央",
        "上溝高校入口",
        "鳩川住宅前",
        "石橋(相模原市中央区)",
        "田名工業団地入口",
        "四ツ谷(相模原市中央区)",
        "田名バスターミナル",
        "田名坂上",
        "ふれあい科学館前",
        "水郷田名"
    ],
    "weekday": [
        "20:48",
        "22:05",
        "22:50"
    ],
    "saturday": [
        "21:24",
        "22:24"
    ],
    "holiday": [
        "20:39",
        "21:24",
        "22:24"
    ],
    "url": "https://www.kanachu.co.jp/dia/diagram/timetable01_js/course:0000802393-8/node:00128532/kt:0/lname:/"
}
