{
    "date": "2025/04/19",
    "name": "上溝中央",
    "position": "-",
    "system": "淵53",
    "destinations": [
        "上溝高校入口",
        "鳩川住宅前",
        "石橋(相模原市中央区)",
        "田名工業団地入口",
        "四ツ谷(相模原市中央区)",
        "田名バスターミナル",
        "田名坂上",
        "ふれあい科学館前",
        "水郷田名"
    ],
    "weekday": [
        "20:55",
        "22:12",
        "22:57"
    ],
    "saturday": [
        "21:32",
        "22:32"
    ],
    "holiday": [
        "20:47",
        "21:32",
        "22:32"
    ],
    "url": "https://www.kanachu.co.jp/dia/diagram/timetable01_js/course:0000802393-10/node:00129348/kt:0/lname:/"
}
