{
    "date": "2025/04/19",
    "name": "石橋(相模原市中央区)",
    "position": "-",
    "system": "淵53",
    "destinations": [
        "田名工業団地入口",
        "四ツ谷(相模原市中央区)",
        "田名バスターミナル",
        "田名坂上",
        "ふれあい科学館前",
        "水郷田名"
    ],
    "weekday": [
        "20:58",
        "22:15",
        "23:00"
    ],
    "saturday": [
        "21:35",
        "22:35"
    ],
    "holiday": [
        "20:50",
        "21:35",
        "22:35"
    ],
    "url": "https://www.kanachu.co.jp/dia/diagram/timetable01_js/course:0000802393-13/node:00129072/kt:0/lname:/"
}
