{
    "date": "2025/04/19",
    "name": "田名坂上",
    "position": "-",
    "system": "淵53",
    "destinations": [
        "ふれあい科学館前",
        "水郷田名"
    ],
    "weekday": [
        "21:04",
        "22:21",
        "23:06"
    ],
    "saturday": [
        "21:42",
        "22:42"
    ],
    "holiday": [
        "20:57",
        "21:42",
        "22:42"
    ],
    "url": "https://www.kanachu.co.jp/dia/diagram/timetable01_js/course:0000802393-17/node:00129182/kt:0/lname:/"
}
