{
    "date": "2025/04/01",
    "name": "須賀四ツ角",
    "position": "-",
    "system": "平12",
    "destinations": [
        "新地(平塚市)",
        "長姫町",
        "明神前(平塚市)",
        "打越(平塚市)",
        "平塚駅南口"
    ],
    "weekday": [
        "6:07",
        "6:22",
        "6:37",
        "6:52",
        "7:07",
        "7:22",
        "7:37",
        "7:52",
        "8:07",
        "8:22",
        "8:37",
        "8:52",
        "9:07",
        "9:27",
        "9:47",
        "10:07",
        "10:27",
        "10:47",
        "11:07",
        "11:27",
        "11:47",
        "12:07",
        "12:27",
        "12:47",
        "13:07",
        "13:27",
        "13:47",
        "14:07",
        "14:27",
        "14:47",
        "15:07",
        "15:27",
        "15:47",
        "16:07",
        "16:27",
        "17:06",
        "17:50",
        "18:06",
        "18:26",
        "19:06",
        "19:27",
        "20:07",
        "20:27",
        "20:48",
        "21:07",
        "21:27",
        "21:51",
        "22:16"
    ],
    "saturday": [
        "6:27",
        "6:47",
        "7:07",
        "7:27",
        "7:47",
        "8:07",
        "8:27",
        "8:47",
        "9:07",
        "9:27",
        "9:47",
        "10:07",
        "10:27",
        "10:47",
        "11:07",
        "11:27",
        "11:47",
        "12:07",
        "12:28",
        "12:48",
        "13:08",
        "13:28",
        "13:48",
        "14:07",
        "14:27",
        "14:47",
        "15:07",
        "15:27",
        "15:47",
        "16:07",
        "16:27",
        "17:06",
        "17:26",
        "18:06",
        "18:26",
        "19:06",
        "19:50",
        "20:07",
        "20:51",
        "21:24",
        "21:47",
        "22:16"
    ],
    "holiday": [
        "6:27",
        "6:47",
        "7:07",
        "7:27",
        "7:47",
        "8:07",
        "8:27",
        "8:47",
        "9:07",
        "9:27",
        "9:47",
        "10:07",
        "10:27",
        "10:47",
        "11:07",
        "11:27",
        "11:47",
        "12:07",
        "12:28",
        "12:48",
        "13:08",
        "13:28",
        "13:48",
        "14:07",
        "14:27",
        "14:47",
        "15:07",
        "15:27",
        "15:47",
        "16:07",
        "16:27",
        "17:06",
        "17:26",
        "18:06",
        "18:26",
        "19:06",
        "19:50",
        "20:07",
        "20:51",
        "21:24",
        "21:47",
        "22:16"
    ],
    "url": "https://www.kanachu.co.jp/dia/diagram/timetable01_js/course:0000803746-4/node:00127432/kt:0/lname:/"
}
