{
    "date": "2025/04/01",
    "name": "新地(平塚市)",
    "position": "-",
    "system": "平12",
    "destinations": [
        "長姫町",
        "明神前(平塚市)",
        "打越(平塚市)",
        "平塚駅南口"
    ],
    "weekday": [
        "6:08",
        "6:23",
        "6:38",
        "6:53",
        "7:08",
        "7:23",
        "7:38",
        "7:53",
        "8:08",
        "8:23",
        "8:38",
        "8:53",
        "9:08",
        "9:28",
        "9:48",
        "10:08",
        "10:28",
        "10:48",
        "11:08",
        "11:28",
        "11:48",
        "12:08",
        "12:28",
        "12:48",
        "13:08",
        "13:28",
        "13:48",
        "14:08",
        "14:28",
        "14:48",
        "15:08",
        "15:28",
        "15:48",
        "16:08",
        "16:28",
        "17:07",
        "17:51",
        "18:07",
        "18:27",
        "19:07",
        "19:28",
        "20:08",
        "20:28",
        "20:49",
        "21:08",
        "21:28",
        "21:52",
        "22:17"
    ],
    "saturday": [
        "6:28",
        "6:48",
        "7:08",
        "7:28",
        "7:48",
        "8:08",
        "8:28",
        "8:48",
        "9:08",
        "9:28",
        "9:48",
        "10:08",
        "10:28",
        "10:48",
        "11:08",
        "11:28",
        "11:48",
        "12:08",
        "12:29",
        "12:49",
        "13:09",
        "13:29",
        "13:49",
        "14:08",
        "14:28",
        "14:48",
        "15:08",
        "15:28",
        "15:48",
        "16:08",
        "16:28",
        "17:07",
        "17:27",
        "18:07",
        "18:27",
        "19:07",
        "19:51",
        "20:08",
        "20:52",
        "21:25",
        "21:48",
        "22:17"
    ],
    "holiday": [
        "6:28",
        "6:48",
        "7:08",
        "7:28",
        "7:48",
        "8:08",
        "8:28",
        "8:48",
        "9:08",
        "9:28",
        "9:48",
        "10:08",
        "10:28",
        "10:48",
        "11:08",
        "11:28",
        "11:48",
        "12:08",
        "12:29",
        "12:49",
        "13:09",
        "13:29",
        "13:49",
        "14:08",
        "14:28",
        "14:48",
        "15:08",
        "15:28",
        "15:48",
        "16:08",
        "16:28",
        "17:07",
        "17:27",
        "18:07",
        "18:27",
        "19:07",
        "19:51",
        "20:08",
        "20:52",
        "21:25",
        "21:48",
        "22:17"
    ],
    "url": "https://www.kanachu.co.jp/dia/diagram/timetable01_js/course:0000803746-5/node:00127431/kt:0/lname:/"
}
