{
    "date": "2025/04/01",
    "name": "打越(平塚市)",
    "position": "-",
    "system": "平12",
    "destinations": [
        "平塚駅南口"
    ],
    "weekday": [
        "6:10",
        "6:25",
        "6:40",
        "6:55",
        "7:10",
        "7:25",
        "7:40",
        "7:55",
        "8:10",
        "8:25",
        "8:40",
        "8:55",
        "9:10",
        "9:30",
        "9:50",
        "10:10",
        "10:30",
        "10:50",
        "11:10",
        "11:30",
        "11:50",
        "12:10",
        "12:30",
        "12:50",
        "13:10",
        "13:30",
        "13:50",
        "14:10",
        "14:30",
        "14:50",
        "15:10",
        "15:30",
        "15:50",
        "16:10",
        "16:30",
        "17:10",
        "17:54",
        "18:10",
        "18:30",
        "19:10",
        "19:31",
        "20:11",
        "20:31",
        "20:52",
        "21:11",
        "21:31",
        "21:55",
        "22:20"
    ],
    "saturday": [
        "6:30",
        "6:50",
        "7:10",
        "7:30",
        "7:50",
        "8:10",
        "8:30",
        "8:50",
        "9:10",
        "9:30",
        "9:50",
        "10:10",
        "10:30",
        "10:50",
        "11:10",
        "11:30",
        "11:50",
        "12:10",
        "12:31",
        "12:51",
        "13:11",
        "13:31",
        "13:51",
        "14:11",
        "14:31",
        "14:51",
        "15:11",
        "15:31",
        "15:51",
        "16:11",
        "16:31",
        "17:10",
        "17:30",
        "18:10",
        "18:30",
        "19:10",
        "19:54",
        "20:11",
        "20:55",
        "21:28",
        "21:51",
        "22:20"
    ],
    "holiday": [
        "6:30",
        "6:50",
        "7:10",
        "7:30",
        "7:50",
        "8:10",
        "8:30",
        "8:50",
        "9:10",
        "9:30",
        "9:50",
        "10:10",
        "10:30",
        "10:50",
        "11:10",
        "11:30",
        "11:50",
        "12:10",
        "12:31",
        "12:51",
        "13:11",
        "13:31",
        "13:51",
        "14:11",
        "14:31",
        "14:51",
        "15:11",
        "15:31",
        "15:51",
        "16:11",
        "16:31",
        "17:10",
        "17:30",
        "18:10",
        "18:30",
        "19:10",
        "19:54",
        "20:11",
        "20:55",
        "21:28",
        "21:51",
        "22:20"
    ],
    "url": "https://www.kanachu.co.jp/dia/diagram/timetable01_js/course:0000803746-8/node:00127427/kt:0/lname:/"
}
