{
    "date": "2024/04/01",
    "name": "入野前田",
    "position": "-",
    "system": "平20",
    "destinations": [
        "成願寺(平塚市)",
        "長持根下",
        "熊野神社前(平塚市)",
        "長瀬北",
        "長瀬(平塚市)",
        "南原土手",
        "南原(平塚市)",
        "向原(平塚市)",
        "江南高校前",
        "追分(平塚市)",
        "営林署前(平塚市)",
        "旭通り(平塚市)",
        "八間通り",
        "平塚文化芸術ホール前",
        "銀座通り(平塚市)",
        "平塚駅北口"
    ],
    "weekday": [
        "6:23",
        "6:53",
        "18:53",
        "20:18",
        "21:23"
    ],
    "saturday": [
        "7:00",
        "8:00"
    ],
    "holiday": [
        "7:00",
        "8:00"
    ],
    "url": "https://www.kanachu.co.jp/dia/diagram/timetable01_js/course:0000800848-2/node:00127704/kt:0/lname:/"
}
