{
    "date": "2024/04/01",
    "name": "向原(平塚市)",
    "position": "-",
    "system": "平20",
    "destinations": [
        "江南高校前",
        "追分(平塚市)",
        "営林署前(平塚市)",
        "旭通り(平塚市)",
        "八間通り",
        "平塚文化芸術ホール前",
        "銀座通り(平塚市)",
        "平塚駅北口"
    ],
    "weekday": [
        "6:30",
        "7:00",
        "19:00",
        "20:25",
        "21:30"
    ],
    "saturday": [
        "7:07",
        "8:07"
    ],
    "holiday": [
        "7:07",
        "8:07"
    ],
    "url": "https://www.kanachu.co.jp/dia/diagram/timetable01_js/course:0000800848-10/node:00127558/kt:0/lname:/"
}
