{
    "date": "2024/04/01",
    "name": "追分(平塚市)",
    "position": "-",
    "system": "平20",
    "destinations": [
        "営林署前(平塚市)",
        "旭通り(平塚市)",
        "八間通り",
        "平塚文化芸術ホール前",
        "銀座通り(平塚市)",
        "平塚駅北口"
    ],
    "weekday": [
        "6:32",
        "7:02",
        "19:02",
        "20:27",
        "21:32"
    ],
    "saturday": [
        "7:09",
        "8:09"
    ],
    "holiday": [
        "7:09",
        "8:09"
    ],
    "url": "https://www.kanachu.co.jp/dia/diagram/timetable01_js/course:0000800848-12/node:00127556/kt:0/lname:/"
}
