{
    "date": "2024/04/01",
    "name": "営林署前(平塚市)",
    "position": "-",
    "system": "平20",
    "destinations": [
        "旭通り(平塚市)",
        "八間通り",
        "平塚文化芸術ホール前",
        "銀座通り(平塚市)",
        "平塚駅北口"
    ],
    "weekday": [
        "6:33",
        "7:03",
        "19:03",
        "20:28",
        "21:33"
    ],
    "saturday": [
        "7:10",
        "8:10"
    ],
    "holiday": [
        "7:10",
        "8:10"
    ],
    "url": "https://www.kanachu.co.jp/dia/diagram/timetable01_js/course:0000800848-13/node:00127739/kt:0/lname:/"
}
