{
    "date": "2025/03/15",
    "name": "神台公園前",
    "position": "-",
    "system": "辻24",
    "destinations": [
        "羽鳥一丁目",
        "城南一丁目",
        "大庭隧道",
        "有藤",
        "西高校前(藤沢市)",
        "南センター前(藤沢市)",
        "小糸",
        "大庭小学校",
        "ライフタウン中央(藤沢市)",
        "二番構保健医療センター",
        "駒寄",
        "滝の沢(藤沢市)",
        "滝の沢不動前",
        "湘南ライフタウン"
    ],
    "weekday": [
        "8:07",
        "8:25",
        "19:59",
        "20:28",
        "20:39",
        "21:01",
        "21:31",
        "22:26",
        "23:11",
        "23:33",
        "23:55",
        "24:11"
    ],
    "saturday": [
        "8:10",
        "9:10",
        "10:10",
        "11:10",
        "14:15",
        "15:15",
        "16:15",
        "17:15",
        "18:15",
        "18:55",
        "19:15",
        "19:35",
        "19:55",
        "20:13",
        "20:23",
        "20:35",
        "21:01",
        "21:11",
        "21:41",
        "22:16",
        "22:53",
        "23:06"
    ],
    "holiday": [
        "8:15",
        "8:35",
        "8:55",
        "9:35",
        "9:55",
        "10:15",
        "10:55",
        "11:15",
        "11:35",
        "12:15",
        "12:35",
        "12:55",
        "13:35",
        "13:55",
        "14:15",
        "14:55",
        "15:15",
        "15:35",
        "16:15",
        "16:35",
        "16:55",
        "17:35",
        "17:55",
        "18:15",
        "18:55",
        "19:15",
        "20:13",
        "20:21",
        "21:01",
        "21:41",
        "22:01",
        "22:34",
        "22:53"
    ],
    "url": "https://www.kanachu.co.jp/dia/diagram/timetable01_js/course:0000801471-2/node:00130068/kt:0/lname:/"
}
