{
    "date": "2025/03/15",
    "name": "小糸",
    "position": "-",
    "system": "辻24",
    "destinations": [
        "大庭小学校",
        "ライフタウン中央(藤沢市)",
        "二番構保健医療センター",
        "駒寄",
        "滝の沢(藤沢市)",
        "滝の沢不動前",
        "湘南ライフタウン"
    ],
    "weekday": [
        "8:14",
        "8:32",
        "20:06",
        "20:35",
        "20:46",
        "21:08",
        "21:38",
        "22:33",
        "23:18",
        "23:40",
        "24:02",
        "24:18"
    ],
    "saturday": [
        "8:17",
        "9:17",
        "10:17",
        "11:17",
        "14:22",
        "15:22",
        "16:22",
        "17:22",
        "18:22",
        "19:02",
        "19:22",
        "19:42",
        "20:02",
        "20:20",
        "20:30",
        "20:42",
        "21:08",
        "21:18",
        "21:48",
        "22:23",
        "23:00",
        "23:13"
    ],
    "holiday": [
        "8:22",
        "8:42",
        "9:02",
        "9:42",
        "10:02",
        "10:22",
        "11:02",
        "11:22",
        "11:42",
        "12:22",
        "12:42",
        "13:02",
        "13:42",
        "14:02",
        "14:22",
        "15:02",
        "15:22",
        "15:42",
        "16:22",
        "16:42",
        "17:02",
        "17:42",
        "18:02",
        "18:22",
        "19:02",
        "19:22",
        "20:20",
        "20:28",
        "21:08",
        "21:48",
        "22:08",
        "22:41",
        "23:00"
    ],
    "url": "https://www.kanachu.co.jp/dia/diagram/timetable01_js/course:0000801471-9/node:00129941/kt:0/lname:/"
}
