{
    "date": "2025/03/15",
    "name": "ライフタウン中央(藤沢市)",
    "position": "-",
    "system": "辻24",
    "destinations": [
        "二番構保健医療センター",
        "駒寄",
        "滝の沢(藤沢市)",
        "滝の沢不動前",
        "湘南ライフタウン"
    ],
    "weekday": [
        "8:16",
        "8:34",
        "20:08",
        "20:37",
        "20:48",
        "21:10",
        "21:40",
        "22:35",
        "23:20",
        "23:42",
        "24:04",
        "24:20"
    ],
    "saturday": [
        "8:19",
        "9:19",
        "10:19",
        "11:19",
        "14:24",
        "15:24",
        "16:24",
        "17:24",
        "18:24",
        "19:04",
        "19:24",
        "19:44",
        "20:04",
        "20:22",
        "20:32",
        "20:44",
        "21:10",
        "21:20",
        "21:50",
        "22:25",
        "23:02",
        "23:15"
    ],
    "holiday": [
        "8:24",
        "8:44",
        "9:04",
        "9:44",
        "10:04",
        "10:24",
        "11:04",
        "11:24",
        "11:44",
        "12:24",
        "12:44",
        "13:04",
        "13:44",
        "14:04",
        "14:24",
        "15:04",
        "15:24",
        "15:44",
        "16:24",
        "16:44",
        "17:04",
        "17:44",
        "18:04",
        "18:24",
        "19:04",
        "19:24",
        "20:22",
        "20:30",
        "21:10",
        "21:50",
        "22:10",
        "22:43",
        "23:02"
    ],
    "url": "https://www.kanachu.co.jp/dia/diagram/timetable01_js/course:0000801471-11/node:00129943/kt:0/lname:/"
}
