{
    "date": "2025/03/15",
    "name": "二番構保健医療センター",
    "position": "-",
    "system": "辻24",
    "destinations": [
        "駒寄",
        "滝の沢(藤沢市)",
        "滝の沢不動前",
        "湘南ライフタウン"
    ],
    "weekday": [
        "8:17",
        "8:35",
        "20:09",
        "20:38",
        "20:49",
        "21:11",
        "21:41",
        "22:36",
        "23:21",
        "23:43",
        "24:05",
        "24:21"
    ],
    "saturday": [
        "8:20",
        "9:20",
        "10:20",
        "11:20",
        "14:25",
        "15:25",
        "16:25",
        "17:25",
        "18:25",
        "19:05",
        "19:25",
        "19:45",
        "20:05",
        "20:23",
        "20:33",
        "20:45",
        "21:11",
        "21:21",
        "21:51",
        "22:26",
        "23:03",
        "23:16"
    ],
    "holiday": [
        "8:25",
        "8:45",
        "9:05",
        "9:45",
        "10:05",
        "10:25",
        "11:05",
        "11:25",
        "11:45",
        "12:25",
        "12:45",
        "13:05",
        "13:45",
        "14:05",
        "14:25",
        "15:05",
        "15:25",
        "15:45",
        "16:25",
        "16:45",
        "17:05",
        "17:45",
        "18:05",
        "18:25",
        "19:05",
        "19:25",
        "20:23",
        "20:31",
        "21:11",
        "21:51",
        "22:11",
        "22:44",
        "23:03"
    ],
    "url": "https://www.kanachu.co.jp/dia/diagram/timetable01_js/course:0000801471-12/node:00129944/kt:0/lname:/"
}
