{
    "date": "2025/03/15",
    "name": "駒寄",
    "position": "-",
    "system": "辻24",
    "destinations": [
        "滝の沢(藤沢市)",
        "滝の沢不動前",
        "湘南ライフタウン"
    ],
    "weekday": [
        "8:18",
        "8:36",
        "20:10",
        "20:39",
        "20:50",
        "21:12",
        "21:42",
        "22:37",
        "23:22",
        "23:44",
        "24:06",
        "24:22"
    ],
    "saturday": [
        "8:21",
        "9:21",
        "10:21",
        "11:21",
        "14:26",
        "15:26",
        "16:26",
        "17:26",
        "18:26",
        "19:06",
        "19:26",
        "19:46",
        "20:06",
        "20:24",
        "20:34",
        "20:46",
        "21:12",
        "21:22",
        "21:52",
        "22:27",
        "23:04",
        "23:17"
    ],
    "holiday": [
        "8:26",
        "8:46",
        "9:06",
        "9:46",
        "10:06",
        "10:26",
        "11:06",
        "11:26",
        "11:46",
        "12:26",
        "12:46",
        "13:06",
        "13:46",
        "14:06",
        "14:26",
        "15:06",
        "15:26",
        "15:46",
        "16:26",
        "16:46",
        "17:06",
        "17:46",
        "18:06",
        "18:26",
        "19:06",
        "19:26",
        "20:24",
        "20:32",
        "21:12",
        "21:52",
        "22:12",
        "22:45",
        "23:04"
    ],
    "url": "https://www.kanachu.co.jp/dia/diagram/timetable01_js/course:0000801471-13/node:00129945/kt:0/lname:/"
}
