{
    "date": "2025/03/15",
    "name": "滝の沢(藤沢市)",
    "position": "-",
    "system": "辻24",
    "destinations": [
        "滝の沢不動前",
        "湘南ライフタウン"
    ],
    "weekday": [
        "8:19",
        "8:37",
        "20:11",
        "20:40",
        "20:51",
        "21:13",
        "21:43",
        "22:38",
        "23:23",
        "23:45",
        "24:07",
        "24:23"
    ],
    "saturday": [
        "8:22",
        "9:22",
        "10:22",
        "11:22",
        "14:27",
        "15:27",
        "16:27",
        "17:27",
        "18:27",
        "19:07",
        "19:27",
        "19:47",
        "20:07",
        "20:25",
        "20:35",
        "20:47",
        "21:13",
        "21:23",
        "21:53",
        "22:28",
        "23:05",
        "23:18"
    ],
    "holiday": [
        "8:27",
        "8:47",
        "9:07",
        "9:47",
        "10:07",
        "10:27",
        "11:07",
        "11:27",
        "11:47",
        "12:27",
        "12:47",
        "13:07",
        "13:47",
        "14:07",
        "14:27",
        "15:07",
        "15:27",
        "15:47",
        "16:27",
        "16:47",
        "17:07",
        "17:47",
        "18:07",
        "18:27",
        "19:07",
        "19:27",
        "20:25",
        "20:33",
        "21:13",
        "21:53",
        "22:13",
        "22:46",
        "23:05"
    ],
    "url": "https://www.kanachu.co.jp/dia/diagram/timetable01_js/course:0000801471-14/node:00129946/kt:0/lname:/"
}
