{
    "date": "2021/10/16",
    "name": "相模大野駅北口",
    "position": "-",
    "system": "相05",
    "destinations": [
        "グリーンホール前",
        "南中前(相模原市南区)",
        "小沼(相模原市南区)",
        "団地入口(相模原市南区)",
        "東通り(相模原市南区)",
        "大沼小学校前",
        "大沼",
        "オルガノ前",
        "大野台入口",
        "大野台八丁目",
        "大野台四丁目",
        "ゴルフ場前(相模原市南区)",
        "松が丘(相模原市南区)",
        "大野台三丁目",
        "淵野辺公園",
        "和泉短大前",
        "青葉児童館前",
        "弥栄二丁目",
        "相生三丁目",
        "相生(相模原市中央区)",
        "富士見団地入口",
        "税務署前(相模原市中央区)",
        "市民会館前(相模原市中央区)",
        "市役所前(相模原市中央区)",
        "グリーンプラザ(相模原市中央区)",
        "西門前(相模原市中央区)",
        "相模原五丁目",
        "相模原駅南口"
    ],
    "weekday": [
        "10:15",
        "10:45",
        "11:15",
        "11:45",
        "12:20",
        "12:45",
        "13:20",
        "13:45",
        "14:15",
        "14:45",
        "15:15",
        "15:45",
        "16:15",
        "16:45",
        "17:15",
        "17:45",
        "18:15",
        "18:45",
        "19:20",
        "19:45",
        "20:10",
        "20:45",
        "21:15",
        "21:45",
        "22:15",
        "22:45"
    ],
    "saturday": [
        "10:10",
        "10:40",
        "11:10",
        "11:40",
        "12:10",
        "12:40",
        "13:10",
        "13:40",
        "14:10",
        "14:40",
        "15:10",
        "15:40",
        "16:10",
        "16:40",
        "17:10",
        "17:40",
        "18:10",
        "18:40",
        "19:10",
        "19:40",
        "20:10",
        "20:40",
        "21:10",
        "21:40",
        "22:10"
    ],
    "holiday": [
        "10:10",
        "10:40",
        "11:10",
        "11:40",
        "12:10",
        "12:40",
        "13:10",
        "13:40",
        "14:10",
        "14:40",
        "15:10",
        "15:40",
        "16:10",
        "16:40",
        "17:10",
        "17:40",
        "18:10",
        "18:40",
        "19:10",
        "19:40",
        "20:10",
        "20:40",
        "21:10",
        "21:40"
    ],
    "url": "https://www.kanachu.co.jp/dia/diagram/timetable01_js/course:0000802988-1/node:00114298/kt:0/lname:/"
}
