{
    "date": "2021/10/16",
    "name": "小沼(相模原市南区)",
    "position": "-",
    "system": "相05",
    "destinations": [
        "団地入口(相模原市南区)",
        "東通り(相模原市南区)",
        "大沼小学校前",
        "大沼",
        "オルガノ前",
        "大野台入口",
        "大野台八丁目",
        "大野台四丁目",
        "ゴルフ場前(相模原市南区)",
        "松が丘(相模原市南区)",
        "大野台三丁目",
        "淵野辺公園",
        "和泉短大前",
        "青葉児童館前",
        "弥栄二丁目",
        "相生三丁目",
        "相生(相模原市中央区)",
        "富士見団地入口",
        "税務署前(相模原市中央区)",
        "市民会館前(相模原市中央区)",
        "市役所前(相模原市中央区)",
        "グリーンプラザ(相模原市中央区)",
        "西門前(相模原市中央区)",
        "相模原五丁目",
        "相模原駅南口"
    ],
    "weekday": [
        "10:20",
        "10:50",
        "11:20",
        "11:50",
        "12:25",
        "12:50",
        "13:25",
        "13:50",
        "14:20",
        "14:50",
        "15:20",
        "15:50",
        "16:20",
        "16:50",
        "17:20",
        "17:50",
        "18:20",
        "18:50",
        "19:25",
        "19:50",
        "20:15",
        "20:50",
        "21:20",
        "21:50",
        "22:20",
        "22:50"
    ],
    "saturday": [
        "10:15",
        "10:45",
        "11:15",
        "11:45",
        "12:15",
        "12:45",
        "13:15",
        "13:45",
        "14:15",
        "14:45",
        "15:15",
        "15:45",
        "16:15",
        "16:45",
        "17:15",
        "17:45",
        "18:15",
        "18:45",
        "19:15",
        "19:45",
        "20:15",
        "20:45",
        "21:15",
        "21:45",
        "22:15"
    ],
    "holiday": [
        "10:15",
        "10:45",
        "11:15",
        "11:45",
        "12:15",
        "12:45",
        "13:15",
        "13:45",
        "14:15",
        "14:45",
        "15:15",
        "15:45",
        "16:15",
        "16:45",
        "17:15",
        "17:45",
        "18:15",
        "18:45",
        "19:15",
        "19:45",
        "20:15",
        "20:45",
        "21:15",
        "21:45"
    ],
    "url": "https://www.kanachu.co.jp/dia/diagram/timetable01_js/course:0000802988-4/node:00129137/kt:0/lname:/"
}
