{
    "date": "2021/10/16",
    "name": "大野台四丁目",
    "position": "-",
    "system": "相05",
    "destinations": [
        "ゴルフ場前(相模原市南区)",
        "松が丘(相模原市南区)",
        "大野台三丁目",
        "淵野辺公園",
        "和泉短大前",
        "青葉児童館前",
        "弥栄二丁目",
        "相生三丁目",
        "相生(相模原市中央区)",
        "富士見団地入口",
        "税務署前(相模原市中央区)",
        "市民会館前(相模原市中央区)",
        "市役所前(相模原市中央区)",
        "グリーンプラザ(相模原市中央区)",
        "西門前(相模原市中央区)",
        "相模原五丁目",
        "相模原駅南口"
    ],
    "weekday": [
        "10:31",
        "11:01",
        "11:31",
        "12:01",
        "12:36",
        "13:01",
        "13:36",
        "14:01",
        "14:31",
        "15:01",
        "15:31",
        "16:01",
        "16:31",
        "17:01",
        "17:31",
        "18:01",
        "18:31",
        "19:01",
        "19:36",
        "20:01",
        "20:23",
        "20:58",
        "21:28",
        "21:58",
        "22:28",
        "22:58"
    ],
    "saturday": [
        "10:26",
        "10:56",
        "11:26",
        "11:56",
        "12:26",
        "12:56",
        "13:26",
        "13:56",
        "14:26",
        "14:56",
        "15:26",
        "15:56",
        "16:26",
        "16:56",
        "17:26",
        "17:56",
        "18:23",
        "18:53",
        "19:23",
        "19:53",
        "20:23",
        "20:53",
        "21:23",
        "21:53",
        "22:23"
    ],
    "holiday": [
        "10:26",
        "10:56",
        "11:26",
        "11:56",
        "12:26",
        "12:56",
        "13:26",
        "13:56",
        "14:26",
        "14:56",
        "15:26",
        "15:56",
        "16:26",
        "16:56",
        "17:26",
        "17:56",
        "18:23",
        "18:53",
        "19:23",
        "19:53",
        "20:23",
        "20:53",
        "21:23",
        "21:53"
    ],
    "url": "https://www.kanachu.co.jp/dia/diagram/timetable01_js/course:0000802988-12/node:00129096/kt:0/lname:/"
}
