{
    "date": "2021/10/16",
    "name": "大野台三丁目",
    "position": "-",
    "system": "相05",
    "destinations": [
        "淵野辺公園",
        "和泉短大前",
        "青葉児童館前",
        "弥栄二丁目",
        "相生三丁目",
        "相生(相模原市中央区)",
        "富士見団地入口",
        "税務署前(相模原市中央区)",
        "市民会館前(相模原市中央区)",
        "市役所前(相模原市中央区)",
        "グリーンプラザ(相模原市中央区)",
        "西門前(相模原市中央区)",
        "相模原五丁目",
        "相模原駅南口"
    ],
    "weekday": [
        "10:35",
        "11:05",
        "11:35",
        "12:05",
        "12:40",
        "13:05",
        "13:40",
        "14:05",
        "14:35",
        "15:05",
        "15:35",
        "16:05",
        "16:35",
        "17:05",
        "17:35",
        "18:05",
        "18:35",
        "19:05",
        "19:40",
        "20:04",
        "20:26",
        "21:01",
        "21:31",
        "22:01",
        "22:31",
        "23:01"
    ],
    "saturday": [
        "10:30",
        "11:00",
        "11:30",
        "12:00",
        "12:30",
        "13:00",
        "13:30",
        "14:00",
        "14:30",
        "15:00",
        "15:30",
        "16:00",
        "16:30",
        "17:00",
        "17:30",
        "18:00",
        "18:26",
        "18:56",
        "19:26",
        "19:56",
        "20:26",
        "20:56",
        "21:26",
        "21:56",
        "22:26"
    ],
    "holiday": [
        "10:30",
        "11:00",
        "11:30",
        "12:00",
        "12:30",
        "13:00",
        "13:30",
        "14:00",
        "14:30",
        "15:00",
        "15:30",
        "16:00",
        "16:30",
        "17:00",
        "17:30",
        "18:00",
        "18:26",
        "18:56",
        "19:26",
        "19:56",
        "20:26",
        "20:56",
        "21:26",
        "21:56"
    ],
    "url": "https://www.kanachu.co.jp/dia/diagram/timetable01_js/course:0000802988-15/node:00129095/kt:0/lname:/"
}
