{
    "date": "2021/10/16",
    "name": "和泉短大前",
    "position": "-",
    "system": "相05",
    "destinations": [
        "青葉児童館前",
        "弥栄二丁目",
        "相生三丁目",
        "相生(相模原市中央区)",
        "富士見団地入口",
        "税務署前(相模原市中央区)",
        "市民会館前(相模原市中央区)",
        "市役所前(相模原市中央区)",
        "グリーンプラザ(相模原市中央区)",
        "西門前(相模原市中央区)",
        "相模原五丁目",
        "相模原駅南口"
    ],
    "weekday": [
        "10:38",
        "11:08",
        "11:38",
        "12:08",
        "12:43",
        "13:08",
        "13:43",
        "14:08",
        "14:38",
        "15:08",
        "15:38",
        "16:08",
        "16:38",
        "17:08",
        "17:38",
        "18:08",
        "18:38",
        "19:08",
        "19:43",
        "20:07",
        "20:29",
        "21:04",
        "21:34",
        "22:04",
        "22:34",
        "23:04"
    ],
    "saturday": [
        "10:33",
        "11:03",
        "11:33",
        "12:03",
        "12:33",
        "13:03",
        "13:33",
        "14:03",
        "14:33",
        "15:03",
        "15:33",
        "16:03",
        "16:33",
        "17:03",
        "17:33",
        "18:03",
        "18:29",
        "18:59",
        "19:29",
        "19:59",
        "20:29",
        "20:59",
        "21:29",
        "21:59",
        "22:29"
    ],
    "holiday": [
        "10:33",
        "11:03",
        "11:33",
        "12:03",
        "12:33",
        "13:03",
        "13:33",
        "14:03",
        "14:33",
        "15:03",
        "15:33",
        "16:03",
        "16:33",
        "17:03",
        "17:33",
        "18:03",
        "18:29",
        "18:59",
        "19:29",
        "19:59",
        "20:29",
        "20:59",
        "21:29",
        "21:59"
    ],
    "url": "https://www.kanachu.co.jp/dia/diagram/timetable01_js/course:0000802988-17/node:00129071/kt:0/lname:/"
}
