{
    "date": "2021/10/16",
    "name": "市民会館前(相模原市中央区)",
    "position": "-",
    "system": "相05",
    "destinations": [
        "市役所前(相模原市中央区)",
        "グリーンプラザ(相模原市中央区)",
        "西門前(相模原市中央区)",
        "相模原五丁目",
        "相模原駅南口"
    ],
    "weekday": [
        "10:49",
        "11:19",
        "11:49",
        "12:19",
        "12:54",
        "13:19",
        "13:54",
        "14:19",
        "14:49",
        "15:19",
        "15:49",
        "16:19",
        "16:49",
        "17:19",
        "17:49",
        "18:19",
        "18:49",
        "19:19",
        "19:54",
        "20:16",
        "20:38",
        "21:13",
        "21:43",
        "22:13",
        "22:43",
        "23:13"
    ],
    "saturday": [
        "10:44",
        "11:14",
        "11:44",
        "12:14",
        "12:44",
        "13:14",
        "13:44",
        "14:14",
        "14:44",
        "15:14",
        "15:44",
        "16:14",
        "16:44",
        "17:14",
        "17:44",
        "18:12",
        "18:38",
        "19:08",
        "19:38",
        "20:08",
        "20:38",
        "21:08",
        "21:38",
        "22:08",
        "22:38"
    ],
    "holiday": [
        "10:44",
        "11:14",
        "11:44",
        "12:14",
        "12:44",
        "13:14",
        "13:44",
        "14:14",
        "14:44",
        "15:14",
        "15:44",
        "16:14",
        "16:44",
        "17:14",
        "17:44",
        "18:12",
        "18:38",
        "19:08",
        "19:38",
        "20:08",
        "20:38",
        "21:08",
        "21:38",
        "22:08"
    ],
    "url": "https://www.kanachu.co.jp/dia/diagram/timetable01_js/course:0000802988-24/node:00129153/kt:0/lname:/"
}
