{
    "date": "2025/10/20",
    "name": "町谷原",
    "position": "-",
    "system": "町87",
    "destinations": [
        "南町谷原",
        "小川原",
        "町田辻",
        "大ヶ谷戸(町田市)",
        "円成寺前",
        "坂下(鶴間/町田市)",
        "観音寺前(大和市)",
        "下鶴間",
        "諏訪神社",
        "山王原(大和市)",
        "長堀公園前",
        "鶴間二丁目",
        "鶴間駅東口"
    ],
    "weekday": [
        "9:55",
        "10:55",
        "11:55",
        "12:55",
        "13:55",
        "14:55",
        "15:55",
        "16:55",
        "17:49"
    ],
    "saturday": [
        "9:55",
        "10:55",
        "11:55",
        "12:55",
        "13:55",
        "14:55",
        "15:55",
        "16:55",
        "17:55"
    ],
    "holiday": [
        "9:19",
        "10:19",
        "11:19",
        "12:19",
        "13:19",
        "14:19",
        "15:19",
        "16:19",
        "17:19"
    ],
    "url": "https://www.kanachu.co.jp/dia/diagram/timetable01_js/course:0000803916-13/node:00129535/kt:0/lname:/"
}
