{
    "date": "2025/10/20",
    "name": "観音寺前(大和市)",
    "position": "-",
    "system": "町87",
    "destinations": [
        "下鶴間",
        "諏訪神社",
        "山王原(大和市)",
        "長堀公園前",
        "鶴間二丁目",
        "鶴間駅東口"
    ],
    "weekday": [
        "10:08",
        "11:08",
        "12:08",
        "13:08",
        "14:08",
        "15:08",
        "16:08",
        "17:08",
        "18:02"
    ],
    "saturday": [
        "10:08",
        "11:08",
        "12:08",
        "13:08",
        "14:08",
        "15:08",
        "16:08",
        "17:08",
        "18:08"
    ],
    "holiday": [
        "9:30",
        "10:30",
        "11:30",
        "12:32",
        "13:32",
        "14:32",
        "15:32",
        "16:32",
        "17:32"
    ],
    "url": "https://www.kanachu.co.jp/dia/diagram/timetable01_js/course:0000803916-20/node:00129529/kt:0/lname:/"
}
