{
    "date": "2025/03/15",
    "name": "刈込(藤沢市)",
    "position": "-",
    "system": "辻35",
    "destinations": [
        "湘南ライフタウン",
        "滝の沢不動前",
        "滝の沢(藤沢市)",
        "駒寄",
        "二番構保健医療センター",
        "ライフタウン中央(藤沢市)",
        "小糸",
        "辻堂駅北口"
    ],
    "weekday": [
        "9:20"
    ],
    "saturday": [],
    "holiday": [],
    "url": "https://www.kanachu.co.jp/dia/diagram/timetable01_js/course:0000802705-3/node:00129972/kt:0/lname:/"
}
