{
    "date": "2026/01/16",
    "name": "集会所前(横浜市戸塚区)",
    "position": "-",
    "system": "下05",
    "destinations": [
        "俣野公園・横浜薬大前",
        "横浜薬大南門",
        "戸塚西公園入口",
        "富士見ヶ丘入口",
        "深谷台小学校入口",
        "深谷消防出張所西側",
        "アカシア公園入口",
        "いずみ台",
        "密蔵院前",
        "赤坂橋(横浜市泉区)",
        "下飯田駅",
        "ゆめが丘駅",
        "左馬神社入口",
        "三柱神社入口",
        "和泉坂上",
        "池ノ上(横浜市泉区)",
        "向原(横浜市泉区)",
        "上飯田中学校入口",
        "飯田北小学校入口",
        "ひなた山第一",
        "ひなた山",
        "上飯田車庫"
    ],
    "weekday": [
        "8:56",
        "9:56",
        "10:56",
        "12:16",
        "13:11",
        "14:01",
        "15:52",
        "16:41",
        "17:48",
        "18:11",
        "19:38",
        "20:46",
        "21:53"
    ],
    "saturday": [
        "9:01",
        "10:21",
        "10:44",
        "12:51",
        "13:51",
        "14:06",
        "15:33",
        "16:01",
        "17:46",
        "18:18",
        "19:46",
        "20:46"
    ],
    "holiday": [
        "9:01",
        "10:21",
        "10:44",
        "12:51",
        "13:51",
        "14:06",
        "15:33",
        "16:01",
        "17:46",
        "18:18",
        "19:46",
        "20:46"
    ],
    "url": "https://www.kanachu.co.jp/dia/diagram/timetable01_js/course:0000804120-2/node:00126823/kt:0/lname:/"
}
