{
    "date": "2026/01/16",
    "name": "アカシア公園入口",
    "position": "-",
    "system": "下05",
    "destinations": [
        "いずみ台",
        "密蔵院前",
        "赤坂橋(横浜市泉区)",
        "下飯田駅",
        "ゆめが丘駅",
        "左馬神社入口",
        "三柱神社入口",
        "和泉坂上",
        "池ノ上(横浜市泉区)",
        "向原(横浜市泉区)",
        "上飯田中学校入口",
        "飯田北小学校入口",
        "ひなた山第一",
        "ひなた山",
        "上飯田車庫"
    ],
    "weekday": [
        "9:04",
        "10:04",
        "11:04",
        "12:24",
        "13:19",
        "14:09",
        "16:00",
        "16:49",
        "17:56",
        "18:19",
        "19:46",
        "20:54",
        "22:00"
    ],
    "saturday": [
        "9:09",
        "10:29",
        "10:52",
        "12:59",
        "13:59",
        "14:14",
        "15:41",
        "16:09",
        "17:54",
        "18:26",
        "19:54",
        "20:54"
    ],
    "holiday": [
        "9:09",
        "10:29",
        "10:52",
        "12:59",
        "13:59",
        "14:14",
        "15:41",
        "16:09",
        "17:54",
        "18:26",
        "19:54",
        "20:54"
    ],
    "url": "https://www.kanachu.co.jp/dia/diagram/timetable01_js/course:0000804120-9/node:00126962/kt:0/lname:/"
}
