{
    "date": "2026/01/16",
    "name": "向原(横浜市泉区)",
    "position": "-",
    "system": "下05",
    "destinations": [
        "上飯田中学校入口",
        "飯田北小学校入口",
        "ひなた山第一",
        "ひなた山",
        "上飯田車庫"
    ],
    "weekday": [
        "9:19",
        "10:19",
        "11:19",
        "12:39",
        "13:34",
        "14:24",
        "16:15",
        "17:04",
        "18:11",
        "18:34",
        "20:01",
        "21:06",
        "22:10"
    ],
    "saturday": [
        "9:24",
        "10:44",
        "11:07",
        "13:14",
        "14:14",
        "14:29",
        "15:56",
        "16:24",
        "18:09",
        "18:41",
        "20:09",
        "21:06"
    ],
    "holiday": [
        "9:24",
        "10:44",
        "11:07",
        "13:14",
        "14:14",
        "14:29",
        "15:56",
        "16:24",
        "18:09",
        "18:41",
        "20:09",
        "21:06"
    ],
    "url": "https://www.kanachu.co.jp/dia/diagram/timetable01_js/course:0000804120-19/node:00126898/kt:0/lname:/"
}
