{
    "date": "2026/01/16",
    "name": "上飯田中学校入口",
    "position": "-",
    "system": "下05",
    "destinations": [
        "飯田北小学校入口",
        "ひなた山第一",
        "ひなた山",
        "上飯田車庫"
    ],
    "weekday": [
        "9:20",
        "10:20",
        "11:20",
        "12:40",
        "13:35",
        "14:25",
        "16:16",
        "17:05",
        "18:12",
        "18:35",
        "20:02",
        "21:07",
        "22:11"
    ],
    "saturday": [
        "9:25",
        "10:45",
        "11:08",
        "13:15",
        "14:15",
        "14:30",
        "15:57",
        "16:25",
        "18:10",
        "18:42",
        "20:10",
        "21:07"
    ],
    "holiday": [
        "9:25",
        "10:45",
        "11:08",
        "13:15",
        "14:15",
        "14:30",
        "15:57",
        "16:25",
        "18:10",
        "18:42",
        "20:10",
        "21:07"
    ],
    "url": "https://www.kanachu.co.jp/dia/diagram/timetable01_js/course:0000804120-20/node:00126897/kt:0/lname:/"
}
