{
    "date": "2026/01/16",
    "name": "飯田北小学校入口",
    "position": "-",
    "system": "下05",
    "destinations": [
        "ひなた山第一",
        "ひなた山",
        "上飯田車庫"
    ],
    "weekday": [
        "9:21",
        "10:21",
        "11:21",
        "12:41",
        "13:36",
        "14:26",
        "16:17",
        "17:06",
        "18:13",
        "18:36",
        "20:03",
        "21:08",
        "22:12"
    ],
    "saturday": [
        "9:26",
        "10:46",
        "11:09",
        "13:16",
        "14:16",
        "14:31",
        "15:58",
        "16:26",
        "18:11",
        "18:43",
        "20:11",
        "21:08"
    ],
    "holiday": [
        "9:26",
        "10:46",
        "11:09",
        "13:16",
        "14:16",
        "14:31",
        "15:58",
        "16:26",
        "18:11",
        "18:43",
        "20:11",
        "21:08"
    ],
    "url": "https://www.kanachu.co.jp/dia/diagram/timetable01_js/course:0000804120-21/node:00126907/kt:0/lname:/"
}
