{
    "date": "2025/07/27",
    "name": "四ツ谷(中郡二宮町)",
    "position": "-",
    "system": "二35",
    "destinations": [
        "谷屋津",
        "南5号前",
        "南4号前",
        "団地中央(中郡二宮町)",
        "北1号前",
        "北2号前",
        "北3号前",
        "北4号前",
        "北5号前",
        "北6号前",
        "一色小学校前(中郡二宮町)",
        "団地中央(中郡二宮町)",
        "南4号前",
        "南5号前",
        "四ツ谷(中郡二宮町)",
        "中里(中郡二宮町)",
        "中島(中郡二宮町)",
        "堂面(中郡二宮町)",
        "元町(中郡二宮町)",
        "二宮駅北口"
    ],
    "weekday": [
        "9:23",
        "10:32",
        "11:37",
        "12:32",
        "13:37",
        "14:32",
        "15:32",
        "16:32"
    ],
    "saturday": [
        "9:12",
        "10:17",
        "11:12",
        "12:12",
        "13:17",
        "14:17",
        "15:17",
        "16:17"
    ],
    "holiday": [
        "9:12",
        "10:17",
        "11:12",
        "12:12",
        "13:17",
        "14:17",
        "15:17",
        "16:17"
    ],
    "url": "https://www.kanachu.co.jp/dia/diagram/timetable01_js/course:0000800154-6/node:00127792/kt:0/lname:/"
}
