{
    "date": "2025/07/27",
    "name": "南5号前",
    "position": "-",
    "system": "二35",
    "destinations": [
        "南4号前",
        "団地中央(中郡二宮町)",
        "北1号前",
        "北2号前",
        "北3号前",
        "北4号前",
        "北5号前",
        "北6号前",
        "一色小学校前(中郡二宮町)",
        "団地中央(中郡二宮町)",
        "南4号前",
        "南5号前",
        "四ツ谷(中郡二宮町)",
        "中里(中郡二宮町)",
        "中島(中郡二宮町)",
        "堂面(中郡二宮町)",
        "元町(中郡二宮町)",
        "二宮駅北口"
    ],
    "weekday": [
        "9:24",
        "10:33",
        "11:38",
        "12:33",
        "13:38",
        "14:33",
        "15:33",
        "16:33"
    ],
    "saturday": [
        "9:13",
        "10:18",
        "11:13",
        "12:13",
        "13:18",
        "14:18",
        "15:18",
        "16:18"
    ],
    "holiday": [
        "9:13",
        "10:18",
        "11:13",
        "12:13",
        "13:18",
        "14:18",
        "15:18",
        "16:18"
    ],
    "url": "https://www.kanachu.co.jp/dia/diagram/timetable01_js/course:0000800154-8/node:00127794/kt:0/lname:/"
}
