{
    "date": "2025/07/27",
    "name": "北6号前",
    "position": "-",
    "system": "二35",
    "destinations": [
        "一色小学校前(中郡二宮町)",
        "団地中央(中郡二宮町)",
        "南4号前",
        "南5号前",
        "四ツ谷(中郡二宮町)",
        "中里(中郡二宮町)",
        "中島(中郡二宮町)",
        "堂面(中郡二宮町)",
        "元町(中郡二宮町)",
        "二宮駅北口"
    ],
    "weekday": [
        "9:35",
        "10:44",
        "11:49",
        "12:44",
        "13:49",
        "14:44",
        "15:44",
        "16:44"
    ],
    "saturday": [
        "9:23",
        "10:28",
        "11:23",
        "12:23",
        "13:28",
        "14:28",
        "15:28",
        "16:28"
    ],
    "holiday": [
        "9:23",
        "10:28",
        "11:23",
        "12:23",
        "13:28",
        "14:28",
        "15:28",
        "16:28"
    ],
    "url": "https://www.kanachu.co.jp/dia/diagram/timetable01_js/course:0000800154-16/node:00127801/kt:0/lname:/"
}
