{
    "date": "2025/07/27",
    "name": "南5号前",
    "position": "-",
    "system": "二35",
    "destinations": [
        "四ツ谷(中郡二宮町)",
        "中里(中郡二宮町)",
        "中島(中郡二宮町)",
        "堂面(中郡二宮町)",
        "元町(中郡二宮町)",
        "二宮駅北口"
    ],
    "weekday": [
        "9:40",
        "10:49",
        "11:54",
        "12:49",
        "13:54",
        "14:49",
        "15:49",
        "16:49"
    ],
    "saturday": [
        "9:29",
        "10:34",
        "11:29",
        "12:29",
        "13:34",
        "14:34",
        "15:34",
        "16:34"
    ],
    "holiday": [
        "9:29",
        "10:34",
        "11:29",
        "12:29",
        "13:34",
        "14:34",
        "15:34",
        "16:34"
    ],
    "url": "https://www.kanachu.co.jp/dia/diagram/timetable01_js/course:0000800154-20/node:00127794/kt:0/lname:/"
}
