{
    "date": "2025/07/27",
    "name": "堂面(中郡二宮町)",
    "position": "-",
    "system": "二35",
    "destinations": [
        "元町(中郡二宮町)",
        "二宮駅北口"
    ],
    "weekday": [
        "9:45",
        "10:54",
        "11:59",
        "12:54",
        "13:59",
        "14:54",
        "15:54",
        "16:54"
    ],
    "saturday": [
        "9:34",
        "10:39",
        "11:34",
        "12:34",
        "13:39",
        "14:39",
        "15:39",
        "16:39"
    ],
    "holiday": [
        "9:34",
        "10:39",
        "11:34",
        "12:34",
        "13:39",
        "14:39",
        "15:39",
        "16:39"
    ],
    "url": "https://www.kanachu.co.jp/dia/diagram/timetable01_js/course:0000800154-24/node:00127790/kt:0/lname:/"
}
