{
    "date": "2025/04/19",
    "name": "団地入口(相模原市南区)",
    "position": "-",
    "system": "相25",
    "destinations": [
        "東通り(相模原市南区)",
        "大沼小学校前",
        "大沼",
        "オルガノ前",
        "大野台入口",
        "麻溝台入口",
        "麻溝台高校",
        "北里大学病院・北里大学",
        "友愛病院前",
        "麻溝車庫",
        "相模原浄水場",
        "陽光台六丁目",
        "緑が丘一丁目(相模原市中央区)",
        "光が丘三丁目(相模原市中央区)",
        "光が丘大通り",
        "光が丘小学校前",
        "光が丘一丁目(相模原市中央区)",
        "千代田五丁目",
        "千代田十字路",
        "千代田一丁目",
        "職業安定所前(相模原市中央区)",
        "ウェルネスさがみはら前",
        "市役所前(相模原市中央区)",
        "グリーンプラザ(相模原市中央区)",
        "西門前(相模原市中央区)",
        "相模原五丁目",
        "相模原駅南口"
    ],
    "weekday": [
        "10:12",
        "10:42",
        "11:12",
        "11:42",
        "12:12",
        "12:42",
        "13:12",
        "13:42",
        "14:12",
        "14:42",
        "15:12",
        "15:37",
        "16:07",
        "16:37",
        "17:07",
        "17:37",
        "18:07",
        "18:37",
        "18:57",
        "19:33",
        "20:08",
        "20:33",
        "21:08",
        "22:03"
    ],
    "saturday": [
        "10:06",
        "11:04",
        "11:39",
        "11:59",
        "12:59",
        "13:39",
        "13:59",
        "14:59",
        "15:39",
        "15:59",
        "16:59",
        "17:39",
        "17:59",
        "18:59",
        "19:34",
        "20:04",
        "20:36",
        "21:06"
    ],
    "holiday": [
        "10:09",
        "10:59",
        "11:39",
        "11:59",
        "12:59",
        "13:39",
        "13:59",
        "14:59",
        "15:39",
        "15:59",
        "16:39",
        "16:59",
        "17:39",
        "18:39",
        "19:39",
        "20:01",
        "20:26",
        "21:06"
    ],
    "url": "https://www.kanachu.co.jp/dia/diagram/timetable01_js/course:0000803499-5/node:00129193/kt:0/lname:/"
}
