{
    "date": "2025/04/19",
    "name": "東通り(相模原市南区)",
    "position": "-",
    "system": "相25",
    "destinations": [
        "大沼小学校前",
        "大沼",
        "オルガノ前",
        "大野台入口",
        "麻溝台入口",
        "麻溝台高校",
        "北里大学病院・北里大学",
        "友愛病院前",
        "麻溝車庫",
        "相模原浄水場",
        "陽光台六丁目",
        "緑が丘一丁目(相模原市中央区)",
        "光が丘三丁目(相模原市中央区)",
        "光が丘大通り",
        "光が丘小学校前",
        "光が丘一丁目(相模原市中央区)",
        "千代田五丁目",
        "千代田十字路",
        "千代田一丁目",
        "職業安定所前(相模原市中央区)",
        "ウェルネスさがみはら前",
        "市役所前(相模原市中央区)",
        "グリーンプラザ(相模原市中央区)",
        "西門前(相模原市中央区)",
        "相模原五丁目",
        "相模原駅南口"
    ],
    "weekday": [
        "10:13",
        "10:43",
        "11:13",
        "11:43",
        "12:13",
        "12:43",
        "13:13",
        "13:43",
        "14:13",
        "14:43",
        "15:13",
        "15:38",
        "16:08",
        "16:38",
        "17:08",
        "17:38",
        "18:08",
        "18:38",
        "18:58",
        "19:34",
        "20:09",
        "20:34",
        "21:09",
        "22:04"
    ],
    "saturday": [
        "10:07",
        "11:05",
        "11:40",
        "12:00",
        "13:00",
        "13:40",
        "14:00",
        "15:00",
        "15:40",
        "16:00",
        "17:00",
        "17:40",
        "18:00",
        "19:00",
        "19:35",
        "20:05",
        "20:37",
        "21:07"
    ],
    "holiday": [
        "10:10",
        "11:00",
        "11:40",
        "12:00",
        "13:00",
        "13:40",
        "14:00",
        "15:00",
        "15:40",
        "16:00",
        "16:40",
        "17:00",
        "17:40",
        "18:40",
        "19:40",
        "20:02",
        "20:27",
        "21:07"
    ],
    "url": "https://www.kanachu.co.jp/dia/diagram/timetable01_js/course:0000803499-6/node:00129237/kt:0/lname:/"
}
