{
    "date": "2025/04/19",
    "name": "大沼",
    "position": "-",
    "system": "相25",
    "destinations": [
        "オルガノ前",
        "大野台入口",
        "麻溝台入口",
        "麻溝台高校",
        "北里大学病院・北里大学",
        "友愛病院前",
        "麻溝車庫",
        "相模原浄水場",
        "陽光台六丁目",
        "緑が丘一丁目(相模原市中央区)",
        "光が丘三丁目(相模原市中央区)",
        "光が丘大通り",
        "光が丘小学校前",
        "光が丘一丁目(相模原市中央区)",
        "千代田五丁目",
        "千代田十字路",
        "千代田一丁目",
        "職業安定所前(相模原市中央区)",
        "ウェルネスさがみはら前",
        "市役所前(相模原市中央区)",
        "グリーンプラザ(相模原市中央区)",
        "西門前(相模原市中央区)",
        "相模原五丁目",
        "相模原駅南口"
    ],
    "weekday": [
        "10:16",
        "10:46",
        "11:16",
        "11:46",
        "12:16",
        "12:46",
        "13:16",
        "13:46",
        "14:16",
        "14:46",
        "15:16",
        "15:41",
        "16:11",
        "16:41",
        "17:11",
        "17:41",
        "18:11",
        "18:41",
        "19:01",
        "19:36",
        "20:11",
        "20:36",
        "21:11",
        "22:06"
    ],
    "saturday": [
        "10:10",
        "11:08",
        "11:43",
        "12:03",
        "13:03",
        "13:43",
        "14:03",
        "15:03",
        "15:43",
        "16:03",
        "17:03",
        "17:43",
        "18:03",
        "19:03",
        "19:38",
        "20:07",
        "20:39",
        "21:09"
    ],
    "holiday": [
        "10:13",
        "11:03",
        "11:43",
        "12:03",
        "13:03",
        "13:43",
        "14:03",
        "15:03",
        "15:43",
        "16:03",
        "16:43",
        "17:03",
        "17:43",
        "18:43",
        "19:42",
        "20:04",
        "20:29",
        "21:09"
    ],
    "url": "https://www.kanachu.co.jp/dia/diagram/timetable01_js/course:0000803499-8/node:00129089/kt:0/lname:/"
}
