{
    "date": "2025/04/19",
    "name": "オルガノ前",
    "position": "-",
    "system": "相25",
    "destinations": [
        "大野台入口",
        "麻溝台入口",
        "麻溝台高校",
        "北里大学病院・北里大学",
        "友愛病院前",
        "麻溝車庫",
        "相模原浄水場",
        "陽光台六丁目",
        "緑が丘一丁目(相模原市中央区)",
        "光が丘三丁目(相模原市中央区)",
        "光が丘大通り",
        "光が丘小学校前",
        "光が丘一丁目(相模原市中央区)",
        "千代田五丁目",
        "千代田十字路",
        "千代田一丁目",
        "職業安定所前(相模原市中央区)",
        "ウェルネスさがみはら前",
        "市役所前(相模原市中央区)",
        "グリーンプラザ(相模原市中央区)",
        "西門前(相模原市中央区)",
        "相模原五丁目",
        "相模原駅南口"
    ],
    "weekday": [
        "10:18",
        "10:48",
        "11:18",
        "11:48",
        "12:18",
        "12:48",
        "13:18",
        "13:48",
        "14:18",
        "14:48",
        "15:18",
        "15:43",
        "16:13",
        "16:43",
        "17:13",
        "17:43",
        "18:13",
        "18:43",
        "19:02",
        "19:37",
        "20:12",
        "20:37",
        "21:12",
        "22:07"
    ],
    "saturday": [
        "10:12",
        "11:10",
        "11:45",
        "12:05",
        "13:05",
        "13:45",
        "14:05",
        "15:05",
        "15:45",
        "16:05",
        "17:05",
        "17:45",
        "18:05",
        "19:04",
        "19:39",
        "20:08",
        "20:40",
        "21:10"
    ],
    "holiday": [
        "10:15",
        "11:05",
        "11:45",
        "12:05",
        "13:05",
        "13:45",
        "14:05",
        "15:05",
        "15:45",
        "16:05",
        "16:45",
        "17:05",
        "17:45",
        "18:45",
        "19:43",
        "20:05",
        "20:30",
        "21:10"
    ],
    "url": "https://www.kanachu.co.jp/dia/diagram/timetable01_js/course:0000803499-9/node:00129197/kt:0/lname:/"
}
