{
    "date": "2025/04/19",
    "name": "大野台入口",
    "position": "-",
    "system": "相25",
    "destinations": [
        "麻溝台入口",
        "麻溝台高校",
        "北里大学病院・北里大学",
        "友愛病院前",
        "麻溝車庫",
        "相模原浄水場",
        "陽光台六丁目",
        "緑が丘一丁目(相模原市中央区)",
        "光が丘三丁目(相模原市中央区)",
        "光が丘大通り",
        "光が丘小学校前",
        "光が丘一丁目(相模原市中央区)",
        "千代田五丁目",
        "千代田十字路",
        "千代田一丁目",
        "職業安定所前(相模原市中央区)",
        "ウェルネスさがみはら前",
        "市役所前(相模原市中央区)",
        "グリーンプラザ(相模原市中央区)",
        "西門前(相模原市中央区)",
        "相模原五丁目",
        "相模原駅南口"
    ],
    "weekday": [
        "10:19",
        "10:49",
        "11:19",
        "11:49",
        "12:19",
        "12:49",
        "13:19",
        "13:49",
        "14:19",
        "14:49",
        "15:19",
        "15:44",
        "16:14",
        "16:44",
        "17:14",
        "17:44",
        "18:14",
        "18:44",
        "19:03",
        "19:38",
        "20:13",
        "20:38",
        "21:13",
        "22:08"
    ],
    "saturday": [
        "10:13",
        "11:11",
        "11:46",
        "12:06",
        "13:06",
        "13:46",
        "14:06",
        "15:06",
        "15:46",
        "16:06",
        "17:06",
        "17:46",
        "18:06",
        "19:05",
        "19:40",
        "20:09",
        "20:41",
        "21:11"
    ],
    "holiday": [
        "10:16",
        "11:06",
        "11:46",
        "12:06",
        "13:06",
        "13:46",
        "14:06",
        "15:06",
        "15:46",
        "16:06",
        "16:46",
        "17:06",
        "17:46",
        "18:46",
        "19:44",
        "20:06",
        "20:31",
        "21:11"
    ],
    "url": "https://www.kanachu.co.jp/dia/diagram/timetable01_js/course:0000803499-10/node:00129093/kt:0/lname:/"
}
