{
    "date": "2025/04/19",
    "name": "麻溝台入口",
    "position": "-",
    "system": "相25",
    "destinations": [
        "麻溝台高校",
        "北里大学病院・北里大学",
        "友愛病院前",
        "麻溝車庫",
        "相模原浄水場",
        "陽光台六丁目",
        "緑が丘一丁目(相模原市中央区)",
        "光が丘三丁目(相模原市中央区)",
        "光が丘大通り",
        "光が丘小学校前",
        "光が丘一丁目(相模原市中央区)",
        "千代田五丁目",
        "千代田十字路",
        "千代田一丁目",
        "職業安定所前(相模原市中央区)",
        "ウェルネスさがみはら前",
        "市役所前(相模原市中央区)",
        "グリーンプラザ(相模原市中央区)",
        "西門前(相模原市中央区)",
        "相模原五丁目",
        "相模原駅南口"
    ],
    "weekday": [
        "10:21",
        "10:51",
        "11:21",
        "11:51",
        "12:21",
        "12:51",
        "13:21",
        "13:51",
        "14:21",
        "14:51",
        "15:21",
        "15:46",
        "16:16",
        "16:46",
        "17:16",
        "17:46",
        "18:16",
        "18:46",
        "19:04",
        "19:39",
        "20:14",
        "20:39",
        "21:14",
        "22:09"
    ],
    "saturday": [
        "10:14",
        "11:12",
        "11:47",
        "12:07",
        "13:07",
        "13:47",
        "14:07",
        "15:07",
        "15:47",
        "16:07",
        "17:07",
        "17:47",
        "18:07",
        "19:06",
        "19:41",
        "20:10",
        "20:42",
        "21:12"
    ],
    "holiday": [
        "10:17",
        "11:07",
        "11:47",
        "12:07",
        "13:07",
        "13:47",
        "14:07",
        "15:07",
        "15:47",
        "16:07",
        "16:47",
        "17:07",
        "17:47",
        "18:47",
        "19:45",
        "20:07",
        "20:32",
        "21:12"
    ],
    "url": "https://www.kanachu.co.jp/dia/diagram/timetable01_js/course:0000803499-11/node:00129121/kt:0/lname:/"
}
