{
    "date": "2025/04/19",
    "name": "光が丘三丁目(相模原市中央区)",
    "position": "-",
    "system": "相25",
    "destinations": [
        "光が丘大通り",
        "光が丘小学校前",
        "光が丘一丁目(相模原市中央区)",
        "千代田五丁目",
        "千代田十字路",
        "千代田一丁目",
        "職業安定所前(相模原市中央区)",
        "ウェルネスさがみはら前",
        "市役所前(相模原市中央区)",
        "グリーンプラザ(相模原市中央区)",
        "西門前(相模原市中央区)",
        "相模原五丁目",
        "相模原駅南口"
    ],
    "weekday": [
        "10:38",
        "11:08",
        "11:38",
        "12:08",
        "12:38",
        "13:08",
        "13:38",
        "14:08",
        "14:38",
        "15:08",
        "15:38",
        "16:03",
        "16:35",
        "17:05",
        "17:35",
        "18:05",
        "18:35",
        "19:05",
        "19:19",
        "19:54",
        "20:27",
        "20:52",
        "21:27",
        "22:22"
    ],
    "saturday": [
        "10:31",
        "11:29",
        "12:04",
        "12:24",
        "13:24",
        "14:04",
        "14:24",
        "15:24",
        "16:04",
        "16:24",
        "17:24",
        "18:04",
        "18:24",
        "19:21",
        "19:56",
        "20:22",
        "20:54",
        "21:24"
    ],
    "holiday": [
        "10:33",
        "11:23",
        "12:03",
        "12:23",
        "13:23",
        "14:03",
        "14:23",
        "15:23",
        "16:03",
        "16:23",
        "17:03",
        "17:23",
        "18:03",
        "19:03",
        "19:57",
        "20:18",
        "20:43",
        "21:23"
    ],
    "url": "https://www.kanachu.co.jp/dia/diagram/timetable01_js/course:0000803499-19/node:00129233/kt:0/lname:/"
}
