{
    "date": "2025/04/19",
    "name": "光が丘小学校前",
    "position": "-",
    "system": "相25",
    "destinations": [
        "光が丘一丁目(相模原市中央区)",
        "千代田五丁目",
        "千代田十字路",
        "千代田一丁目",
        "職業安定所前(相模原市中央区)",
        "ウェルネスさがみはら前",
        "市役所前(相模原市中央区)",
        "グリーンプラザ(相模原市中央区)",
        "西門前(相模原市中央区)",
        "相模原五丁目",
        "相模原駅南口"
    ],
    "weekday": [
        "10:41",
        "11:11",
        "11:41",
        "12:11",
        "12:41",
        "13:11",
        "13:41",
        "14:11",
        "14:41",
        "15:11",
        "15:41",
        "16:06",
        "16:38",
        "17:08",
        "17:38",
        "18:08",
        "18:38",
        "19:07",
        "19:21",
        "19:56",
        "20:29",
        "20:54",
        "21:29",
        "22:24"
    ],
    "saturday": [
        "10:34",
        "11:32",
        "12:07",
        "12:27",
        "13:27",
        "14:07",
        "14:27",
        "15:27",
        "16:07",
        "16:27",
        "17:27",
        "18:07",
        "18:27",
        "19:23",
        "19:58",
        "20:24",
        "20:56",
        "21:26"
    ],
    "holiday": [
        "10:36",
        "11:26",
        "12:06",
        "12:26",
        "13:26",
        "14:06",
        "14:26",
        "15:26",
        "16:06",
        "16:26",
        "17:06",
        "17:26",
        "18:06",
        "19:05",
        "19:59",
        "20:20",
        "20:45",
        "21:25"
    ],
    "url": "https://www.kanachu.co.jp/dia/diagram/timetable01_js/course:0000803499-21/node:00129122/kt:0/lname:/"
}
