{
    "date": "2025/04/19",
    "name": "職業安定所前(相模原市中央区)",
    "position": "-",
    "system": "相25",
    "destinations": [
        "ウェルネスさがみはら前",
        "市役所前(相模原市中央区)",
        "グリーンプラザ(相模原市中央区)",
        "西門前(相模原市中央区)",
        "相模原五丁目",
        "相模原駅南口"
    ],
    "weekday": [
        "10:47",
        "11:17",
        "11:47",
        "12:17",
        "12:47",
        "13:17",
        "13:47",
        "14:17",
        "14:47",
        "15:17",
        "15:47",
        "16:13",
        "16:45",
        "17:15",
        "17:45",
        "18:15",
        "18:45",
        "19:13",
        "19:27",
        "20:02",
        "20:35",
        "21:00",
        "21:35",
        "22:30"
    ],
    "saturday": [
        "10:40",
        "11:38",
        "12:13",
        "12:33",
        "13:33",
        "14:13",
        "14:33",
        "15:33",
        "16:13",
        "16:33",
        "17:33",
        "18:13",
        "18:33",
        "19:28",
        "20:03",
        "20:29",
        "21:01",
        "21:31"
    ],
    "holiday": [
        "10:42",
        "11:32",
        "12:12",
        "12:32",
        "13:32",
        "14:12",
        "14:32",
        "15:32",
        "16:12",
        "16:32",
        "17:12",
        "17:32",
        "18:12",
        "19:10",
        "20:04",
        "20:25",
        "20:50",
        "21:30"
    ],
    "url": "https://www.kanachu.co.jp/dia/diagram/timetable01_js/course:0000803499-26/node:00128535/kt:0/lname:/"
}
