{
    "date": "2025/04/19",
    "name": "ウェルネスさがみはら前",
    "position": "-",
    "system": "相25",
    "destinations": [
        "市役所前(相模原市中央区)",
        "グリーンプラザ(相模原市中央区)",
        "西門前(相模原市中央区)",
        "相模原五丁目",
        "相模原駅南口"
    ],
    "weekday": [
        "10:49",
        "11:19",
        "11:49",
        "12:19",
        "12:49",
        "13:19",
        "13:49",
        "14:19",
        "14:49",
        "15:19",
        "15:49",
        "16:16",
        "16:48",
        "17:18",
        "17:48",
        "18:18",
        "18:48",
        "19:15",
        "19:29",
        "20:03",
        "20:36",
        "21:01",
        "21:36",
        "22:31"
    ],
    "saturday": [
        "10:42",
        "11:40",
        "12:15",
        "12:35",
        "13:35",
        "14:15",
        "14:35",
        "15:35",
        "16:15",
        "16:35",
        "17:35",
        "18:15",
        "18:35",
        "19:30",
        "20:05",
        "20:31",
        "21:02",
        "21:32"
    ],
    "holiday": [
        "10:44",
        "11:34",
        "12:14",
        "12:34",
        "13:34",
        "14:14",
        "14:34",
        "15:34",
        "16:14",
        "16:34",
        "17:14",
        "17:34",
        "18:14",
        "19:12",
        "20:06",
        "20:27",
        "20:52",
        "21:31"
    ],
    "url": "https://www.kanachu.co.jp/dia/diagram/timetable01_js/course:0000803499-27/node:00128536/kt:0/lname:/"
}
