{
    "date": "2025/04/19",
    "name": "市役所前(相模原市中央区)",
    "position": "-",
    "system": "相25",
    "destinations": [
        "グリーンプラザ(相模原市中央区)",
        "西門前(相模原市中央区)",
        "相模原五丁目",
        "相模原駅南口"
    ],
    "weekday": [
        "10:50",
        "11:20",
        "11:50",
        "12:20",
        "12:50",
        "13:20",
        "13:50",
        "14:20",
        "14:50",
        "15:20",
        "15:50",
        "16:18",
        "16:50",
        "17:20",
        "17:50",
        "18:20",
        "18:50",
        "19:16",
        "19:30",
        "20:04",
        "20:37",
        "21:02",
        "21:37",
        "22:32"
    ],
    "saturday": [
        "10:43",
        "11:41",
        "12:16",
        "12:36",
        "13:36",
        "14:16",
        "14:36",
        "15:36",
        "16:16",
        "16:36",
        "17:36",
        "18:16",
        "18:36",
        "19:31",
        "20:06",
        "20:32",
        "21:03",
        "21:33"
    ],
    "holiday": [
        "10:45",
        "11:35",
        "12:15",
        "12:35",
        "13:35",
        "14:15",
        "14:35",
        "15:35",
        "16:15",
        "16:35",
        "17:15",
        "17:35",
        "18:15",
        "19:13",
        "20:07",
        "20:28",
        "20:53",
        "21:32"
    ],
    "url": "https://www.kanachu.co.jp/dia/diagram/timetable01_js/course:0000803499-28/node:00128537/kt:0/lname:/"
}
