{
    "date": "2025/04/19",
    "name": "西門前(相模原市中央区)",
    "position": "-",
    "system": "相25",
    "destinations": [
        "相模原五丁目",
        "相模原駅南口"
    ],
    "weekday": [
        "10:55",
        "11:25",
        "11:55",
        "12:25",
        "12:55",
        "13:25",
        "13:55",
        "14:25",
        "14:55",
        "15:25",
        "15:55",
        "16:23",
        "16:55",
        "17:25",
        "17:55",
        "18:25",
        "18:55",
        "19:21",
        "19:35",
        "20:08",
        "20:41",
        "21:06",
        "21:41",
        "22:36"
    ],
    "saturday": [
        "10:47",
        "11:45",
        "12:20",
        "12:40",
        "13:40",
        "14:20",
        "14:40",
        "15:40",
        "16:20",
        "16:40",
        "17:40",
        "18:20",
        "18:40",
        "19:35",
        "20:10",
        "20:36",
        "21:07",
        "21:37"
    ],
    "holiday": [
        "10:49",
        "11:39",
        "12:19",
        "12:39",
        "13:39",
        "14:19",
        "14:39",
        "15:39",
        "16:19",
        "16:39",
        "17:19",
        "17:39",
        "18:19",
        "19:17",
        "20:11",
        "20:32",
        "20:57",
        "21:36"
    ],
    "url": "https://www.kanachu.co.jp/dia/diagram/timetable01_js/course:0000803499-30/node:00128539/kt:0/lname:/"
}
