{
    "date": "2025/07/12",
    "name": "松林ケアセンター前",
    "position": "-",
    "system": "辻07",
    "destinations": [
        "菱沼一丁目",
        "六図",
        "城南(藤沢市)",
        "城南一丁目",
        "羽鳥一丁目",
        "神台公園前",
        "辻堂駅北口"
    ],
    "weekday": [
        "5:56",
        "6:26",
        "6:46",
        "7:01",
        "7:21",
        "7:41",
        "8:01",
        "8:26",
        "8:49",
        "9:24",
        "10:01",
        "10:41",
        "11:23",
        "12:01",
        "12:41",
        "13:21",
        "14:05",
        "14:43",
        "15:29",
        "16:14",
        "16:42",
        "17:27",
        "18:12",
        "18:35",
        "19:16",
        "19:56",
        "20:36"
    ],
    "saturday": [],
    "holiday": [],
    "url": "https://www.kanachu.co.jp/dia/diagram/timetable01_js/course:0000800468-3/node:00127287/kt:0/lname:/"
}
