{
    "date": "2025/07/12",
    "name": "菱沼一丁目",
    "position": "-",
    "system": "辻07",
    "destinations": [
        "六図",
        "城南(藤沢市)",
        "城南一丁目",
        "羽鳥一丁目",
        "神台公園前",
        "辻堂駅北口"
    ],
    "weekday": [
        "5:57",
        "6:27",
        "6:47",
        "7:02",
        "7:22",
        "7:42",
        "8:02",
        "8:27",
        "8:50",
        "9:25",
        "10:02",
        "10:42",
        "11:24",
        "12:02",
        "12:42",
        "13:22",
        "14:06",
        "14:44",
        "15:30",
        "16:15",
        "16:43",
        "17:28",
        "18:13",
        "18:36",
        "19:17",
        "19:57",
        "20:37"
    ],
    "saturday": [],
    "holiday": [],
    "url": "https://www.kanachu.co.jp/dia/diagram/timetable01_js/course:0000800468-4/node:00127274/kt:0/lname:/"
}
