{
    "system": "辻07",
    "busstops": [
        {
            "index": "1",
            "id": "00127276",
            "name": "赤羽根(茅ケ崎市)",
            "lat": "35.34914",
            "lng": "139.419828"
        },
        {
            "index": "2",
            "id": "00127275",
            "name": "中赤羽根",
            "lat": "35.347834",
            "lng": "139.424158"
        },
        {
            "index": "3",
            "id": "00127287",
            "name": "松林ケアセンター前",
            "lat": "35.347086",
            "lng": "139.428732"
        },
        {
            "index": "4",
            "id": "00127274",
            "name": "菱沼一丁目",
            "lat": "35.346911",
            "lng": "139.4324"
        },
        {
            "index": "5",
            "id": "00127273",
            "name": "六図",
            "lat": "35.347387",
            "lng": "139.439648"
        },
        {
            "index": "6",
            "id": "00127272",
            "name": "城南(藤沢市)",
            "lat": "35.347733",
            "lng": "139.445009"
        },
        {
            "index": "7",
            "id": "00129936",
            "name": "城南一丁目",
            "lat": "35.346554",
            "lng": "139.448145"
        },
        {
            "index": "8",
            "id": "00129935",
            "name": "羽鳥一丁目",
            "lat": "35.34428",
            "lng": "139.448912"
        },
        {
            "index": "9",
            "id": "00130068",
            "name": "神台公園前",
            "lat": "35.340508",
            "lng": "139.447461"
        },
        {
            "index": "10",
            "id": "00129934",
            "name": "辻堂駅北口",
            "lat": "35.337688",
            "lng": "139.448197"
        }
    ],
    "route_url": "https://www.kanachu.co.jp/dia/route/index/cid:0000800468/"
}
