{
    "date": "2025/01/14",
    "name": "毛利台団地",
    "position": "-",
    "system": "厚48",
    "destinations": [
        "毛利台一丁目",
        "毛利台入口",
        "権現堂(厚木市)",
        "上高坪",
        "高坪",
        "スポーツセンター入口(厚木市)",
        "温水幼稚園前",
        "高坪入口",
        "温水",
        "片岸(厚木市)",
        "アステモ[Astemo]前〔旧:日立アステモ前〕",
        "厚木高校前",
        "合同庁舎前(厚木市)",
        "市役所入口(厚木市)",
        "本厚木駅",
        "厚木バスセンター"
    ],
    "weekday": [
        "6:00",
        "6:15",
        "6:30",
        "6:45",
        "7:00",
        "7:15",
        "7:30",
        "7:45",
        "8:10",
        "8:35",
        "9:10",
        "9:40",
        "10:10",
        "10:40",
        "11:10",
        "11:40",
        "12:10",
        "12:40",
        "13:10",
        "13:40",
        "14:10",
        "14:40",
        "15:10",
        "15:40",
        "16:10",
        "16:40",
        "17:10",
        "17:40",
        "18:10",
        "18:40",
        "19:20"
    ],
    "saturday": [
        "6:10",
        "6:50",
        "7:45",
        "8:45",
        "9:05",
        "9:40",
        "10:05",
        "10:40",
        "11:50",
        "12:50",
        "13:50",
        "14:50",
        "15:50",
        "16:50",
        "17:50"
    ],
    "holiday": [
        "6:10",
        "6:50",
        "7:45",
        "8:45",
        "9:45",
        "10:45",
        "11:50",
        "12:50",
        "13:50",
        "14:50",
        "15:50",
        "16:50"
    ],
    "url": "https://www.kanachu.co.jp/dia/diagram/timetable01_js/course:0000800710-1/node:00128523/kt:0/lname:/"
}
