{
    "date": "2025/01/14",
    "name": "毛利台一丁目",
    "position": "-",
    "system": "厚48",
    "destinations": [
        "毛利台入口",
        "権現堂(厚木市)",
        "上高坪",
        "高坪",
        "スポーツセンター入口(厚木市)",
        "温水幼稚園前",
        "高坪入口",
        "温水",
        "片岸(厚木市)",
        "日立アステモ前",
        "厚木高校前",
        "合同庁舎前(厚木市)",
        "市役所入口(厚木市)",
        "本厚木駅",
        "厚木バスセンター"
    ],
    "weekday": [
        "6:01",
        "6:16",
        "6:31",
        "6:46",
        "7:01",
        "7:16",
        "7:31",
        "7:46",
        "8:11",
        "8:36",
        "9:11",
        "9:41",
        "10:11",
        "10:41",
        "11:11",
        "11:41",
        "12:11",
        "12:41",
        "13:11",
        "13:41",
        "14:11",
        "14:41",
        "15:11",
        "15:41",
        "16:11",
        "16:41",
        "17:11",
        "17:41",
        "18:11",
        "18:41",
        "19:21"
    ],
    "saturday": [
        "6:11",
        "6:51",
        "7:46",
        "8:46",
        "9:06",
        "9:41",
        "10:06",
        "10:41",
        "11:51",
        "12:51",
        "13:51",
        "14:51",
        "15:51",
        "16:51",
        "17:51"
    ],
    "holiday": [
        "6:11",
        "6:51",
        "7:46",
        "8:46",
        "9:46",
        "10:46",
        "11:51",
        "12:51",
        "13:51",
        "14:51",
        "15:51",
        "16:51"
    ],
    "url": "https://www.kanachu.co.jp/dia/diagram/timetable01_js/course:0000800710-2/node:00128522/kt:0/lname:/"
}
