{
    "date": "2025/01/14",
    "name": "スポーツセンター入口(厚木市)",
    "position": "-",
    "system": "厚48",
    "destinations": [
        "温水幼稚園前",
        "高坪入口",
        "温水",
        "片岸(厚木市)",
        "アステモ[Astemo]前〔旧:日立アステモ前〕",
        "厚木高校前",
        "合同庁舎前(厚木市)",
        "市役所入口(厚木市)",
        "本厚木駅",
        "厚木バスセンター"
    ],
    "weekday": [
        "6:05",
        "6:20",
        "6:35",
        "6:50",
        "7:05",
        "7:20",
        "7:35",
        "7:50",
        "8:15",
        "8:40",
        "9:15",
        "9:45",
        "10:15",
        "10:45",
        "11:15",
        "11:45",
        "12:15",
        "12:45",
        "13:15",
        "13:45",
        "14:15",
        "14:45",
        "15:15",
        "15:45",
        "16:15",
        "16:45",
        "17:15",
        "17:45",
        "18:15",
        "18:45",
        "19:25"
    ],
    "saturday": [
        "6:15",
        "6:55",
        "7:50",
        "8:50",
        "9:10",
        "9:45",
        "10:10",
        "10:45",
        "11:55",
        "12:55",
        "13:55",
        "14:55",
        "15:55",
        "16:55",
        "17:55"
    ],
    "holiday": [
        "6:15",
        "6:55",
        "7:50",
        "8:50",
        "9:50",
        "10:50",
        "11:55",
        "12:55",
        "13:55",
        "14:55",
        "15:55",
        "16:55"
    ],
    "url": "https://www.kanachu.co.jp/dia/diagram/timetable01_js/course:0000800710-7/node:00128491/kt:0/lname:/"
}
