{
    "date": "2025/01/14",
    "name": "高坪入口",
    "position": "-",
    "system": "厚48",
    "destinations": [
        "温水",
        "片岸(厚木市)",
        "日立アステモ前",
        "厚木高校前",
        "合同庁舎前(厚木市)",
        "市役所入口(厚木市)",
        "本厚木駅",
        "厚木バスセンター"
    ],
    "weekday": [
        "6:07",
        "6:22",
        "6:37",
        "6:52",
        "7:07",
        "7:22",
        "7:37",
        "7:52",
        "8:17",
        "8:42",
        "9:17",
        "9:47",
        "10:17",
        "10:47",
        "11:17",
        "11:47",
        "12:17",
        "12:47",
        "13:17",
        "13:47",
        "14:17",
        "14:47",
        "15:17",
        "15:47",
        "16:17",
        "16:47",
        "17:17",
        "17:47",
        "18:17",
        "18:47",
        "19:27"
    ],
    "saturday": [
        "6:17",
        "6:57",
        "7:52",
        "8:52",
        "9:12",
        "9:47",
        "10:12",
        "10:47",
        "11:57",
        "12:57",
        "13:57",
        "14:57",
        "15:57",
        "16:57",
        "17:57"
    ],
    "holiday": [
        "6:17",
        "6:57",
        "7:52",
        "8:52",
        "9:52",
        "10:52",
        "11:57",
        "12:57",
        "13:57",
        "14:57",
        "15:57",
        "16:57"
    ],
    "url": "https://www.kanachu.co.jp/dia/diagram/timetable01_js/course:0000800710-9/node:00128444/kt:0/lname:/"
}
