{
    "date": "2025/01/14",
    "name": "温水",
    "position": "-",
    "system": "厚48",
    "destinations": [
        "片岸(厚木市)",
        "日立アステモ前",
        "厚木高校前",
        "合同庁舎前(厚木市)",
        "市役所入口(厚木市)",
        "本厚木駅",
        "厚木バスセンター"
    ],
    "weekday": [
        "6:09",
        "6:24",
        "6:39",
        "6:54",
        "7:09",
        "7:24",
        "7:39",
        "7:54",
        "8:19",
        "8:44",
        "9:19",
        "9:49",
        "10:19",
        "10:49",
        "11:19",
        "11:49",
        "12:19",
        "12:49",
        "13:19",
        "13:49",
        "14:19",
        "14:49",
        "15:19",
        "15:49",
        "16:19",
        "16:49",
        "17:19",
        "17:49",
        "18:19",
        "18:49",
        "19:29"
    ],
    "saturday": [
        "6:19",
        "6:59",
        "7:54",
        "8:54",
        "9:14",
        "9:49",
        "10:14",
        "10:49",
        "11:59",
        "12:59",
        "13:59",
        "14:59",
        "15:59",
        "16:59",
        "17:59"
    ],
    "holiday": [
        "6:19",
        "6:59",
        "7:54",
        "8:54",
        "9:54",
        "10:54",
        "11:59",
        "12:59",
        "13:59",
        "14:59",
        "15:59",
        "16:59"
    ],
    "url": "https://www.kanachu.co.jp/dia/diagram/timetable01_js/course:0000800710-10/node:00128443/kt:0/lname:/"
}
