{
    "date": "2025/01/14",
    "name": "片岸(厚木市)",
    "position": "-",
    "system": "厚48",
    "destinations": [
        "日立アステモ前",
        "厚木高校前",
        "合同庁舎前(厚木市)",
        "市役所入口(厚木市)",
        "本厚木駅",
        "厚木バスセンター"
    ],
    "weekday": [
        "6:10",
        "6:25",
        "6:40",
        "6:55",
        "7:10",
        "7:25",
        "7:40",
        "7:55",
        "8:20",
        "8:45",
        "9:20",
        "9:50",
        "10:20",
        "10:50",
        "11:20",
        "11:50",
        "12:20",
        "12:50",
        "13:20",
        "13:50",
        "14:20",
        "14:50",
        "15:20",
        "15:50",
        "16:20",
        "16:50",
        "17:20",
        "17:50",
        "18:20",
        "18:50",
        "19:30"
    ],
    "saturday": [
        "6:20",
        "7:00",
        "7:55",
        "8:55",
        "9:15",
        "9:50",
        "10:15",
        "10:50",
        "12:00",
        "13:00",
        "14:00",
        "15:00",
        "16:00",
        "17:00",
        "18:00"
    ],
    "holiday": [
        "6:20",
        "7:00",
        "7:55",
        "8:55",
        "9:55",
        "10:55",
        "12:00",
        "13:00",
        "14:00",
        "15:00",
        "16:00",
        "17:00"
    ],
    "url": "https://www.kanachu.co.jp/dia/diagram/timetable01_js/course:0000800710-11/node:00128442/kt:0/lname:/"
}
