{
    "date": "2025/01/14",
    "name": "本厚木駅",
    "position": "-",
    "system": "厚48",
    "destinations": [
        "厚木バスセンター"
    ],
    "weekday": [
        "6:16",
        "6:31",
        "6:46",
        "7:01",
        "7:16",
        "7:31",
        "7:50",
        "8:05",
        "8:30",
        "8:55",
        "9:28",
        "9:58",
        "10:28",
        "10:58",
        "11:28",
        "11:58",
        "12:28",
        "12:58",
        "13:28",
        "13:58",
        "14:28",
        "14:58",
        "15:28",
        "15:58",
        "16:30",
        "17:00",
        "17:30",
        "18:00",
        "18:30",
        "19:00",
        "19:36"
    ],
    "saturday": [
        "6:26",
        "7:06",
        "8:01",
        "9:01",
        "9:23",
        "9:58",
        "10:23",
        "10:58",
        "12:08",
        "13:08",
        "14:08",
        "15:10",
        "16:10",
        "17:10",
        "18:10"
    ],
    "holiday": [
        "6:26",
        "7:06",
        "8:01",
        "9:01",
        "10:01",
        "11:03",
        "12:08",
        "13:08",
        "14:08",
        "15:10",
        "16:10",
        "17:10"
    ],
    "url": "https://www.kanachu.co.jp/dia/diagram/timetable01_js/course:0000800710-16/node:00025684/kt:0/lname:/"
}
