{
    "date": "2024/03/16",
    "name": "湘南台駅西口",
    "position": "-",
    "system": "湘11",
    "destinations": [
        "円行上庭",
        "北警察署前(藤沢市)",
        "工業団地入口(藤沢市)",
        "南大山",
        "遠藤(藤沢市)",
        "秋葉台小学校",
        "遠藤北原",
        "市営住宅前(藤沢市)",
        "遠藤松原",
        "遠藤中原",
        "湘南ライフタウン",
        "小出一本松",
        "大辻(藤沢市)",
        "小出二本松",
        "堤坂下",
        "長谷戸",
        "南長谷戸",
        "殿山公園前",
        "八幡神社前(茅ケ崎市)",
        "甘沼",
        "高田(茅ケ崎市)",
        "鶴が台入口",
        "ニュータウン入口(茅ケ崎市)",
        "神奈中営業所前",
        "前の田",
        "中央公園前(茅ケ崎市)",
        "茅ヶ崎駅"
    ],
    "weekday": [
        "6:35",
        "7:00",
        "7:45",
        "8:30",
        "9:05",
        "10:00",
        "10:55",
        "11:55",
        "12:55",
        "13:55",
        "14:55",
        "16:10",
        "17:15",
        "18:15",
        "19:10",
        "20:12",
        "20:58",
        "22:08"
    ],
    "saturday": [
        "6:33",
        "7:18",
        "8:15",
        "9:15",
        "10:00",
        "11:00",
        "12:05",
        "13:05",
        "14:05",
        "15:05",
        "16:05",
        "17:05",
        "18:05",
        "19:05",
        "19:55",
        "20:55",
        "21:50"
    ],
    "holiday": [
        "6:33",
        "7:18",
        "8:15",
        "9:00",
        "10:00",
        "11:05",
        "12:05",
        "13:05",
        "14:05",
        "15:05",
        "16:05",
        "17:05",
        "18:05",
        "19:05",
        "19:55",
        "20:55",
        "21:50"
    ],
    "url": "https://www.kanachu.co.jp/dia/diagram/timetable01_js/course:0000800070-1/node:00129893/kt:0/lname:/"
}
