{
    "date": "2024/03/16",
    "name": "湘南ライフタウン",
    "position": "-",
    "system": "湘11",
    "destinations": [
        "小出一本松",
        "大辻(藤沢市)",
        "小出二本松",
        "堤坂下",
        "長谷戸",
        "南長谷戸",
        "殿山公園前",
        "八幡神社前(茅ケ崎市)",
        "甘沼",
        "高田(茅ケ崎市)",
        "鶴が台入口",
        "ニュータウン入口(茅ケ崎市)",
        "神奈中営業所前",
        "前の田",
        "中央公園前(茅ケ崎市)",
        "茅ヶ崎駅"
    ],
    "weekday": [
        "6:49",
        "7:15",
        "8:00",
        "8:45",
        "9:20",
        "10:15",
        "11:10",
        "12:10",
        "13:10",
        "14:10",
        "15:10",
        "16:25",
        "17:30",
        "18:30",
        "19:25",
        "20:26",
        "21:12",
        "22:22"
    ],
    "saturday": [
        "6:46",
        "7:31",
        "8:30",
        "9:30",
        "10:15",
        "11:15",
        "12:20",
        "13:20",
        "14:20",
        "15:20",
        "16:20",
        "17:20",
        "18:20",
        "19:18",
        "20:08",
        "21:08",
        "22:03"
    ],
    "holiday": [
        "6:46",
        "7:31",
        "8:30",
        "9:15",
        "10:15",
        "11:20",
        "12:20",
        "13:20",
        "14:20",
        "15:20",
        "16:20",
        "17:20",
        "18:20",
        "19:18",
        "20:08",
        "21:08",
        "22:03"
    ],
    "url": "https://www.kanachu.co.jp/dia/diagram/timetable01_js/course:0000800070-12/node:00129948/kt:0/lname:/"
}
