{
    "date": "2024/03/16",
    "name": "小出二本松",
    "position": "-",
    "system": "湘11",
    "destinations": [
        "堤坂下",
        "長谷戸",
        "南長谷戸",
        "殿山公園前",
        "八幡神社前(茅ケ崎市)",
        "甘沼",
        "高田(茅ケ崎市)",
        "鶴が台入口",
        "ニュータウン入口(茅ケ崎市)",
        "神奈中営業所前",
        "前の田",
        "中央公園前(茅ケ崎市)",
        "茅ヶ崎駅"
    ],
    "weekday": [
        "6:54",
        "7:20",
        "8:05",
        "8:50",
        "9:25",
        "10:20",
        "11:15",
        "12:15",
        "13:15",
        "14:15",
        "15:15",
        "16:30",
        "17:35",
        "18:35",
        "19:30",
        "20:31",
        "21:17",
        "22:27"
    ],
    "saturday": [
        "6:51",
        "7:36",
        "8:35",
        "9:35",
        "10:20",
        "11:20",
        "12:25",
        "13:25",
        "14:25",
        "15:25",
        "16:25",
        "17:25",
        "18:25",
        "19:23",
        "20:13",
        "21:13",
        "22:08"
    ],
    "holiday": [
        "6:51",
        "7:36",
        "8:35",
        "9:20",
        "10:20",
        "11:25",
        "12:25",
        "13:25",
        "14:25",
        "15:25",
        "16:25",
        "17:25",
        "18:25",
        "19:23",
        "20:13",
        "21:13",
        "22:08"
    ],
    "url": "https://www.kanachu.co.jp/dia/diagram/timetable01_js/course:0000800070-15/node:00127146/kt:0/lname:/"
}
