{
    "date": "2024/03/16",
    "name": "長谷戸",
    "position": "-",
    "system": "湘11",
    "destinations": [
        "南長谷戸",
        "殿山公園前",
        "八幡神社前(茅ケ崎市)",
        "甘沼",
        "高田(茅ケ崎市)",
        "鶴が台入口",
        "ニュータウン入口(茅ケ崎市)",
        "神奈中営業所前",
        "前の田",
        "中央公園前(茅ケ崎市)",
        "茅ヶ崎駅"
    ],
    "weekday": [
        "6:56",
        "7:22",
        "8:07",
        "8:52",
        "9:27",
        "10:22",
        "11:17",
        "12:17",
        "13:17",
        "14:17",
        "15:17",
        "16:32",
        "17:37",
        "18:37",
        "19:32",
        "20:33",
        "21:19",
        "22:29"
    ],
    "saturday": [
        "6:53",
        "7:38",
        "8:37",
        "9:37",
        "10:22",
        "11:22",
        "12:27",
        "13:27",
        "14:27",
        "15:27",
        "16:27",
        "17:27",
        "18:27",
        "19:25",
        "20:15",
        "21:15",
        "22:10"
    ],
    "holiday": [
        "6:53",
        "7:38",
        "8:37",
        "9:22",
        "10:22",
        "11:27",
        "12:27",
        "13:27",
        "14:27",
        "15:27",
        "16:27",
        "17:27",
        "18:27",
        "19:25",
        "20:15",
        "21:15",
        "22:10"
    ],
    "url": "https://www.kanachu.co.jp/dia/diagram/timetable01_js/course:0000800070-17/node:00127144/kt:0/lname:/"
}
