{
    "date": "2024/03/16",
    "name": "殿山公園前",
    "position": "-",
    "system": "湘11",
    "destinations": [
        "八幡神社前(茅ケ崎市)",
        "甘沼",
        "高田(茅ケ崎市)",
        "鶴が台入口",
        "ニュータウン入口(茅ケ崎市)",
        "神奈中営業所前",
        "前の田",
        "中央公園前(茅ケ崎市)",
        "茅ヶ崎駅"
    ],
    "weekday": [
        "6:59",
        "7:26",
        "8:11",
        "8:56",
        "9:31",
        "10:26",
        "11:21",
        "12:21",
        "13:21",
        "14:21",
        "15:21",
        "16:36",
        "17:41",
        "18:41",
        "19:36",
        "20:36",
        "21:22",
        "22:32"
    ],
    "saturday": [
        "6:56",
        "7:41",
        "8:41",
        "9:41",
        "10:26",
        "11:26",
        "12:31",
        "13:31",
        "14:31",
        "15:31",
        "16:31",
        "17:31",
        "18:31",
        "19:28",
        "20:18",
        "21:18",
        "22:13"
    ],
    "holiday": [
        "6:56",
        "7:41",
        "8:41",
        "9:26",
        "10:26",
        "11:31",
        "12:31",
        "13:31",
        "14:31",
        "15:31",
        "16:31",
        "17:31",
        "18:31",
        "19:28",
        "20:18",
        "21:18",
        "22:13"
    ],
    "url": "https://www.kanachu.co.jp/dia/diagram/timetable01_js/course:0000800070-19/node:00127142/kt:0/lname:/"
}
