{
    "date": "2024/03/16",
    "name": "八幡神社前(茅ケ崎市)",
    "position": "-",
    "system": "湘11",
    "destinations": [
        "甘沼",
        "高田(茅ケ崎市)",
        "鶴が台入口",
        "ニュータウン入口(茅ケ崎市)",
        "神奈中営業所前",
        "前の田",
        "中央公園前(茅ケ崎市)",
        "茅ヶ崎駅"
    ],
    "weekday": [
        "7:00",
        "7:27",
        "8:12",
        "8:57",
        "9:32",
        "10:27",
        "11:22",
        "12:22",
        "13:22",
        "14:22",
        "15:22",
        "16:37",
        "17:42",
        "18:42",
        "19:37",
        "20:37",
        "21:23",
        "22:33"
    ],
    "saturday": [
        "6:57",
        "7:42",
        "8:42",
        "9:42",
        "10:27",
        "11:27",
        "12:32",
        "13:32",
        "14:32",
        "15:32",
        "16:32",
        "17:32",
        "18:32",
        "19:29",
        "20:19",
        "21:19",
        "22:14"
    ],
    "holiday": [
        "6:57",
        "7:42",
        "8:42",
        "9:27",
        "10:27",
        "11:32",
        "12:32",
        "13:32",
        "14:32",
        "15:32",
        "16:32",
        "17:32",
        "18:32",
        "19:29",
        "20:19",
        "21:19",
        "22:14"
    ],
    "url": "https://www.kanachu.co.jp/dia/diagram/timetable01_js/course:0000800070-20/node:00127267/kt:0/lname:/"
}
