{
    "date": "2024/03/16",
    "name": "鶴が台入口",
    "position": "-",
    "system": "湘11",
    "destinations": [
        "ニュータウン入口(茅ケ崎市)",
        "神奈中営業所前",
        "前の田",
        "中央公園前(茅ケ崎市)",
        "茅ヶ崎駅"
    ],
    "weekday": [
        "7:03",
        "7:30",
        "8:15",
        "9:00",
        "9:35",
        "10:30",
        "11:25",
        "12:25",
        "13:25",
        "14:25",
        "15:25",
        "16:40",
        "17:45",
        "18:45",
        "19:40",
        "20:40",
        "21:26",
        "22:36"
    ],
    "saturday": [
        "7:00",
        "7:45",
        "8:45",
        "9:45",
        "10:30",
        "11:30",
        "12:35",
        "13:35",
        "14:35",
        "15:35",
        "16:35",
        "17:35",
        "18:35",
        "19:32",
        "20:22",
        "21:22",
        "22:17"
    ],
    "holiday": [
        "7:00",
        "7:45",
        "8:45",
        "9:30",
        "10:30",
        "11:35",
        "12:35",
        "13:35",
        "14:35",
        "15:35",
        "16:35",
        "17:35",
        "18:35",
        "19:32",
        "20:22",
        "21:22",
        "22:17"
    ],
    "url": "https://www.kanachu.co.jp/dia/diagram/timetable01_js/course:0000800070-23/node:00127139/kt:0/lname:/"
}
