{
    "date": "2024/03/16",
    "name": "前の田",
    "position": "-",
    "system": "湘11",
    "destinations": [
        "中央公園前(茅ケ崎市)",
        "茅ヶ崎駅"
    ],
    "weekday": [
        "7:07",
        "7:34",
        "8:19",
        "9:04",
        "9:39",
        "10:34",
        "11:29",
        "12:29",
        "13:29",
        "14:29",
        "15:29",
        "16:44",
        "17:49",
        "18:49",
        "19:44",
        "20:43",
        "21:29",
        "22:39"
    ],
    "saturday": [
        "7:03",
        "7:48",
        "8:49",
        "9:49",
        "10:34",
        "11:34",
        "12:39",
        "13:39",
        "14:39",
        "15:39",
        "16:39",
        "17:39",
        "18:39",
        "19:35",
        "20:25",
        "21:25",
        "22:20"
    ],
    "holiday": [
        "7:03",
        "7:48",
        "8:49",
        "9:34",
        "10:34",
        "11:39",
        "12:39",
        "13:39",
        "14:39",
        "15:39",
        "16:39",
        "17:39",
        "18:39",
        "19:35",
        "20:25",
        "21:25",
        "22:20"
    ],
    "url": "https://www.kanachu.co.jp/dia/diagram/timetable01_js/course:0000800070-26/node:00127136/kt:0/lname:/"
}
