{
    "date": "2025/10/20",
    "name": "苗万坂",
    "position": "-",
    "system": "津03",
    "destinations": [
        "桂台遊水池前",
        "松風台(横浜市青葉区)",
        "椎木地蔵尊入口",
        "榎が丘小学校前",
        "榎が丘",
        "青葉台駅"
    ],
    "weekday": [
        "6:02",
        "6:52",
        "7:46",
        "8:32",
        "9:34",
        "15:54",
        "16:44",
        "17:34"
    ],
    "saturday": [
        "9:01"
    ],
    "holiday": [
        "9:01"
    ],
    "url": "https://www.kanachu.co.jp/dia/diagram/timetable01_js/course:0000801965-6/node:00019245/kt:0/lname:/"
}
