{
    "date": "2025/10/20",
    "name": "桂台遊水池前",
    "position": "-",
    "system": "津03",
    "destinations": [
        "松風台(横浜市青葉区)",
        "椎木地蔵尊入口",
        "榎が丘小学校前",
        "榎が丘",
        "青葉台駅"
    ],
    "weekday": [
        "6:03",
        "6:53",
        "7:47",
        "8:33",
        "9:35",
        "15:55",
        "16:45",
        "17:35"
    ],
    "saturday": [
        "9:02"
    ],
    "holiday": [
        "9:02"
    ],
    "url": "https://www.kanachu.co.jp/dia/diagram/timetable01_js/course:0000801965-7/node:00019246/kt:0/lname:/"
}
