{
    "date": "2025/08/30",
    "name": "西蓮寺(横浜市戸塚区)",
    "position": "-",
    "system": "東10",
    "destinations": [
        "横浜緑園高校入口",
        "さかえ橋",
        "中村(横浜市戸塚区)",
        "妙法寺(横浜市戸塚区)",
        "公園前(横浜市戸塚区)",
        "川上小学校前(横浜市戸塚区)",
        "前田ハイツ前",
        "天王山橋",
        "東戸塚駅東口"
    ],
    "weekday": [
        "6:05",
        "6:35",
        "7:03",
        "7:16",
        "7:27",
        "7:39",
        "7:51",
        "8:02",
        "8:15",
        "8:30",
        "8:47",
        "9:14",
        "9:44",
        "10:14",
        "10:44",
        "11:14",
        "11:44",
        "12:14",
        "12:44",
        "13:14",
        "13:44",
        "14:14",
        "14:44",
        "15:14",
        "15:44",
        "16:14",
        "16:44",
        "17:14",
        "17:44",
        "18:14",
        "18:38",
        "19:08",
        "19:23",
        "19:38",
        "20:08",
        "20:40",
        "21:10",
        "21:42",
        "22:06"
    ],
    "saturday": [
        "6:41",
        "7:11",
        "7:41",
        "8:11",
        "8:41",
        "8:58",
        "9:14",
        "9:44",
        "10:14",
        "10:44",
        "11:14",
        "11:44",
        "12:14",
        "12:44",
        "13:14",
        "13:44",
        "14:14",
        "14:44",
        "15:14",
        "15:44",
        "16:14",
        "16:44",
        "17:14",
        "17:44",
        "18:14",
        "18:44",
        "19:14",
        "19:46",
        "20:10",
        "20:41",
        "21:10"
    ],
    "holiday": [
        "6:41",
        "7:11",
        "7:41",
        "8:11",
        "8:41",
        "9:14",
        "9:44",
        "10:14",
        "10:44",
        "11:14",
        "11:44",
        "12:14",
        "12:44",
        "13:14",
        "13:44",
        "14:14",
        "14:44",
        "15:14",
        "15:44",
        "16:14",
        "16:44",
        "17:14",
        "17:44",
        "18:14",
        "18:44",
        "19:14",
        "19:46",
        "20:10",
        "20:41",
        "21:10"
    ],
    "url": "https://www.kanachu.co.jp/dia/diagram/timetable01_js/course:0000803838-4/node:00126656/kt:0/lname:/"
}
