{
    "date": "2025/08/30",
    "name": "横浜緑園高校入口",
    "position": "-",
    "system": "東10",
    "destinations": [
        "さかえ橋",
        "中村(横浜市戸塚区)",
        "妙法寺(横浜市戸塚区)",
        "公園前(横浜市戸塚区)",
        "川上小学校前(横浜市戸塚区)",
        "前田ハイツ前",
        "天王山橋",
        "東戸塚駅東口"
    ],
    "weekday": [
        "6:06",
        "6:36",
        "7:04",
        "7:17",
        "7:28",
        "7:40",
        "7:52",
        "8:03",
        "8:16",
        "8:31",
        "8:48",
        "9:15",
        "9:45",
        "10:15",
        "10:45",
        "11:15",
        "11:45",
        "12:15",
        "12:45",
        "13:15",
        "13:45",
        "14:15",
        "14:45",
        "15:15",
        "15:45",
        "16:15",
        "16:45",
        "17:15",
        "17:45",
        "18:15",
        "18:39",
        "19:09",
        "19:24",
        "19:39",
        "20:09",
        "20:41",
        "21:11",
        "21:43",
        "22:07"
    ],
    "saturday": [
        "6:42",
        "7:12",
        "7:42",
        "8:12",
        "8:42",
        "8:59",
        "9:15",
        "9:45",
        "10:15",
        "10:45",
        "11:15",
        "11:45",
        "12:15",
        "12:45",
        "13:15",
        "13:45",
        "14:15",
        "14:45",
        "15:15",
        "15:45",
        "16:15",
        "16:45",
        "17:15",
        "17:45",
        "18:15",
        "18:45",
        "19:15",
        "19:47",
        "20:11",
        "20:42",
        "21:11"
    ],
    "holiday": [
        "6:42",
        "7:12",
        "7:42",
        "8:12",
        "8:42",
        "9:15",
        "9:45",
        "10:15",
        "10:45",
        "11:15",
        "11:45",
        "12:15",
        "12:45",
        "13:15",
        "13:45",
        "14:15",
        "14:45",
        "15:15",
        "15:45",
        "16:15",
        "16:45",
        "17:15",
        "17:45",
        "18:15",
        "18:45",
        "19:15",
        "19:47",
        "20:11",
        "20:42",
        "21:11"
    ],
    "url": "https://www.kanachu.co.jp/dia/diagram/timetable01_js/course:0000803838-5/node:00126655/kt:0/lname:/"
}
