{
    "date": "2025/08/30",
    "name": "中村(横浜市戸塚区)",
    "position": "-",
    "system": "東10",
    "destinations": [
        "妙法寺(横浜市戸塚区)",
        "公園前(横浜市戸塚区)",
        "川上小学校前(横浜市戸塚区)",
        "前田ハイツ前",
        "天王山橋",
        "東戸塚駅東口"
    ],
    "weekday": [
        "6:08",
        "6:38",
        "7:08",
        "7:21",
        "7:32",
        "7:44",
        "7:56",
        "8:07",
        "8:20",
        "8:35",
        "8:52",
        "9:17",
        "9:47",
        "10:17",
        "10:47",
        "11:17",
        "11:47",
        "12:17",
        "12:47",
        "13:17",
        "13:47",
        "14:17",
        "14:47",
        "15:17",
        "15:47",
        "16:17",
        "16:47",
        "17:17",
        "17:47",
        "18:17",
        "18:41",
        "19:11",
        "19:26",
        "19:41",
        "20:11",
        "20:43",
        "21:13",
        "21:45",
        "22:09"
    ],
    "saturday": [
        "6:44",
        "7:14",
        "7:44",
        "8:14",
        "8:44",
        "9:01",
        "9:17",
        "9:47",
        "10:17",
        "10:47",
        "11:17",
        "11:47",
        "12:17",
        "12:47",
        "13:17",
        "13:47",
        "14:17",
        "14:47",
        "15:17",
        "15:47",
        "16:17",
        "16:47",
        "17:17",
        "17:47",
        "18:17",
        "18:47",
        "19:17",
        "19:49",
        "20:13",
        "20:44",
        "21:13"
    ],
    "holiday": [
        "6:44",
        "7:14",
        "7:44",
        "8:14",
        "8:44",
        "9:17",
        "9:47",
        "10:17",
        "10:47",
        "11:17",
        "11:47",
        "12:17",
        "12:47",
        "13:17",
        "13:47",
        "14:17",
        "14:47",
        "15:17",
        "15:47",
        "16:17",
        "16:47",
        "17:17",
        "17:47",
        "18:17",
        "18:47",
        "19:17",
        "19:49",
        "20:13",
        "20:44",
        "21:13"
    ],
    "url": "https://www.kanachu.co.jp/dia/diagram/timetable01_js/course:0000803838-7/node:00126653/kt:0/lname:/"
}
