{
    "date": "2025/08/30",
    "name": "前田ハイツ前",
    "position": "-",
    "system": "東10",
    "destinations": [
        "天王山橋",
        "東戸塚駅東口"
    ],
    "weekday": [
        "6:12",
        "6:42",
        "7:13",
        "7:26",
        "7:37",
        "7:49",
        "8:01",
        "8:12",
        "8:25",
        "8:40",
        "8:57",
        "9:21",
        "9:51",
        "10:21",
        "10:51",
        "11:21",
        "11:51",
        "12:21",
        "12:51",
        "13:21",
        "13:51",
        "14:21",
        "14:51",
        "15:21",
        "15:51",
        "16:21",
        "16:51",
        "17:21",
        "17:51",
        "18:21",
        "18:45",
        "19:15",
        "19:30",
        "19:45",
        "20:15",
        "20:47",
        "21:17",
        "21:49",
        "22:13"
    ],
    "saturday": [
        "6:48",
        "7:18",
        "7:48",
        "8:18",
        "8:48",
        "9:05",
        "9:21",
        "9:51",
        "10:21",
        "10:51",
        "11:21",
        "11:51",
        "12:21",
        "12:51",
        "13:21",
        "13:51",
        "14:21",
        "14:51",
        "15:21",
        "15:51",
        "16:21",
        "16:51",
        "17:21",
        "17:51",
        "18:21",
        "18:51",
        "19:21",
        "19:53",
        "20:17",
        "20:48",
        "21:17"
    ],
    "holiday": [
        "6:48",
        "7:18",
        "7:48",
        "8:18",
        "8:48",
        "9:21",
        "9:51",
        "10:21",
        "10:51",
        "11:21",
        "11:51",
        "12:21",
        "12:51",
        "13:21",
        "13:51",
        "14:21",
        "14:51",
        "15:21",
        "15:51",
        "16:21",
        "16:51",
        "17:21",
        "17:51",
        "18:21",
        "18:51",
        "19:21",
        "19:53",
        "20:17",
        "20:48",
        "21:17"
    ],
    "url": "https://www.kanachu.co.jp/dia/diagram/timetable01_js/course:0000803838-11/node:00126649/kt:0/lname:/"
}
