{
    "date": "2024/09/02",
    "name": "元町(横浜市戸塚区)",
    "position": "-",
    "system": "戸19",
    "destinations": [
        "ブリヂストン前",
        "不動坂(横浜市戸塚区)",
        "富士橋",
        "上矢部インター",
        "上矢部",
        "日の森",
        "下岡津",
        "岡津",
        "岡津橋",
        "まほろば",
        "下新橋",
        "新橋町(横浜市泉区)",
        "観音寺前(横浜市泉区)",
        "相模新橋",
        "大中村",
        "中村(横浜市瀬谷区)",
        "阿久和",
        "宮の腰(横浜市瀬谷区)",
        "谷戸阿久和",
        "上阿久和",
        "旭ヶ丘(横浜市瀬谷区)",
        "住宅前(横浜市瀬谷区)",
        "富士見台(横浜市瀬谷区)",
        "富士見通り商店街",
        "三ツ境駅"
    ],
    "weekday": [
        "6:07",
        "6:33",
        "6:47",
        "6:57",
        "7:13",
        "7:20",
        "7:55",
        "8:08",
        "18:51",
        "19:57",
        "20:52"
    ],
    "saturday": [
        "6:05",
        "6:47",
        "7:17",
        "7:41",
        "8:02",
        "8:24",
        "19:05",
        "20:05",
        "21:05"
    ],
    "holiday": [
        "6:25",
        "6:59",
        "7:29",
        "7:58",
        "8:28",
        "18:49",
        "19:49",
        "21:01"
    ],
    "url": "https://www.kanachu.co.jp/dia/diagram/timetable01_js/course:0000803573-2/node:00126611/kt:0/lname:/"
}
