{
    "date": "2026/01/16",
    "name": "新和入口",
    "position": "-",
    "system": "い04",
    "destinations": [
        "阿久和坂上",
        "原店(横浜市瀬谷区)",
        "向原(横浜市瀬谷区)",
        "原中学校前",
        "三ツ境小学校前",
        "旭ヶ丘(横浜市瀬谷区)",
        "住宅前(横浜市瀬谷区)",
        "富士見台(横浜市瀬谷区)",
        "富士見通り商店街",
        "三ツ境駅"
    ],
    "weekday": [
        "6:12",
        "6:36",
        "7:04",
        "7:31",
        "8:08",
        "8:38",
        "9:23",
        "9:53",
        "10:38",
        "11:08",
        "11:53",
        "12:23",
        "13:08",
        "13:38",
        "14:23",
        "14:53",
        "15:38",
        "16:08",
        "16:53",
        "17:23",
        "17:53",
        "18:27",
        "18:59",
        "19:29",
        "20:02"
    ],
    "saturday": [
        "6:43",
        "7:23",
        "7:53",
        "8:38",
        "9:08",
        "9:53",
        "10:23",
        "11:08",
        "11:38",
        "12:23",
        "12:53",
        "13:38",
        "14:08",
        "14:53",
        "15:23",
        "16:08",
        "16:38",
        "17:23",
        "17:53",
        "18:38",
        "19:08"
    ],
    "holiday": [
        "6:43",
        "7:23",
        "7:53",
        "8:38",
        "9:08",
        "9:53",
        "10:23",
        "11:08",
        "11:38",
        "12:23",
        "12:53",
        "13:38",
        "14:08",
        "14:53",
        "15:23",
        "16:08",
        "16:38",
        "17:23",
        "17:53",
        "18:38",
        "19:08"
    ],
    "url": "https://www.kanachu.co.jp/dia/diagram/timetable01_js/course:0000804091-7/node:00126944/kt:0/lname:/"
}
