{
    "date": "2025/03/15",
    "name": "女坂",
    "position": "-",
    "system": "湘19",
    "destinations": [
        "松葉(藤沢市)",
        "用田神社入口",
        "用田辻",
        "中原(藤沢市)",
        "宮原(藤沢市)",
        "宮原中央",
        "宮原南",
        "獺郷",
        "獺郷公民館前",
        "光友会入口",
        "堂の前(藤沢市)",
        "荒井(藤沢市)",
        "榎戸(藤沢市)",
        "打戻大仲",
        "宇都母知神社入口",
        "遠藤西の谷",
        "遠藤打越",
        "慶応大学",
        "藤沢ジャンボゴルフ前(藤沢市)",
        "遠藤(藤沢市)",
        "南大山",
        "工業団地入口(藤沢市)",
        "北警察署前(藤沢市)",
        "湘南台駅西口"
    ],
    "weekday": [
        "6:23",
        "7:00",
        "7:38",
        "8:33",
        "9:33",
        "10:08",
        "10:53",
        "11:58",
        "12:53",
        "13:53",
        "14:53",
        "15:53",
        "16:40",
        "17:33",
        "17:58",
        "18:53",
        "19:53"
    ],
    "saturday": [
        "6:58",
        "7:38",
        "8:28",
        "9:28",
        "10:03",
        "10:53",
        "11:53",
        "12:53",
        "13:53",
        "14:53",
        "15:53",
        "16:53",
        "17:53",
        "18:53"
    ],
    "holiday": [
        "6:58",
        "7:38",
        "8:28",
        "9:28",
        "10:03",
        "10:53",
        "11:53",
        "12:53",
        "13:53",
        "14:53",
        "15:53",
        "16:53",
        "17:53",
        "18:42"
    ],
    "url": "https://www.kanachu.co.jp/dia/diagram/timetable01_js/course:0000801973-4/node:00129842/kt:0/lname:/"
}
