{
    "date": "2025/03/15",
    "name": "中原(藤沢市)",
    "position": "-",
    "system": "湘19",
    "destinations": [
        "宮原(藤沢市)",
        "宮原中央",
        "宮原南",
        "獺郷",
        "獺郷公民館前",
        "光友会入口",
        "堂の前(藤沢市)",
        "荒井(藤沢市)",
        "榎戸(藤沢市)",
        "打戻大仲",
        "宇都母知神社入口",
        "遠藤西の谷",
        "遠藤打越",
        "慶応大学",
        "藤沢ジャンボゴルフ前(藤沢市)",
        "遠藤(藤沢市)",
        "南大山",
        "工業団地入口(藤沢市)",
        "北警察署前(藤沢市)",
        "湘南台駅西口"
    ],
    "weekday": [
        "6:28",
        "7:05",
        "7:43",
        "8:38",
        "9:38",
        "10:13",
        "10:58",
        "12:03",
        "12:58",
        "13:58",
        "14:58",
        "15:58",
        "16:45",
        "17:38",
        "18:03",
        "18:58",
        "19:58"
    ],
    "saturday": [
        "7:03",
        "7:43",
        "8:33",
        "9:33",
        "10:08",
        "10:58",
        "11:58",
        "12:58",
        "13:58",
        "14:58",
        "15:58",
        "16:58",
        "17:58",
        "18:58"
    ],
    "holiday": [
        "7:03",
        "7:43",
        "8:33",
        "9:33",
        "10:08",
        "10:58",
        "11:58",
        "12:58",
        "13:58",
        "14:58",
        "15:58",
        "16:58",
        "17:58",
        "18:47"
    ],
    "url": "https://www.kanachu.co.jp/dia/diagram/timetable01_js/course:0000801973-8/node:00127180/kt:0/lname:/"
}
