{
    "date": "2025/03/15",
    "name": "宮原(藤沢市)",
    "position": "-",
    "system": "湘19",
    "destinations": [
        "宮原中央",
        "宮原南",
        "獺郷",
        "獺郷公民館前",
        "光友会入口",
        "堂の前(藤沢市)",
        "荒井(藤沢市)",
        "榎戸(藤沢市)",
        "打戻大仲",
        "宇都母知神社入口",
        "遠藤西の谷",
        "遠藤打越",
        "慶応大学",
        "藤沢ジャンボゴルフ前(藤沢市)",
        "遠藤(藤沢市)",
        "南大山",
        "工業団地入口(藤沢市)",
        "北警察署前(藤沢市)",
        "湘南台駅西口"
    ],
    "weekday": [
        "6:29",
        "7:06",
        "7:44",
        "8:39",
        "9:39",
        "10:14",
        "10:59",
        "12:04",
        "12:59",
        "13:59",
        "14:59",
        "15:59",
        "16:46",
        "17:39",
        "18:04",
        "18:59",
        "19:59"
    ],
    "saturday": [
        "7:04",
        "7:44",
        "8:34",
        "9:34",
        "10:09",
        "10:59",
        "11:59",
        "12:59",
        "13:59",
        "14:59",
        "15:59",
        "16:59",
        "17:59",
        "18:59"
    ],
    "holiday": [
        "7:04",
        "7:44",
        "8:34",
        "9:34",
        "10:09",
        "10:59",
        "11:59",
        "12:59",
        "13:59",
        "14:59",
        "15:59",
        "16:59",
        "17:59",
        "18:48"
    ],
    "url": "https://www.kanachu.co.jp/dia/diagram/timetable01_js/course:0000801973-9/node:00127179/kt:0/lname:/"
}
