{
    "date": "2025/03/15",
    "name": "堂の前(藤沢市)",
    "position": "-",
    "system": "湘19",
    "destinations": [
        "荒井(藤沢市)",
        "榎戸(藤沢市)",
        "打戻大仲",
        "宇都母知神社入口",
        "遠藤西の谷",
        "遠藤打越",
        "慶応大学",
        "藤沢ジャンボゴルフ前(藤沢市)",
        "遠藤(藤沢市)",
        "南大山",
        "工業団地入口(藤沢市)",
        "北警察署前(藤沢市)",
        "湘南台駅西口"
    ],
    "weekday": [
        "6:34",
        "7:11",
        "7:49",
        "8:44",
        "9:44",
        "10:19",
        "11:04",
        "12:09",
        "13:04",
        "14:04",
        "15:04",
        "16:04",
        "16:51",
        "17:44",
        "18:09",
        "19:04",
        "20:04"
    ],
    "saturday": [
        "7:09",
        "7:49",
        "8:39",
        "9:39",
        "10:14",
        "11:04",
        "12:04",
        "13:04",
        "14:04",
        "15:04",
        "16:04",
        "17:04",
        "18:04",
        "19:04"
    ],
    "holiday": [
        "7:09",
        "7:49",
        "8:39",
        "9:39",
        "10:14",
        "11:04",
        "12:04",
        "13:04",
        "14:04",
        "15:04",
        "16:04",
        "17:04",
        "18:04",
        "18:53"
    ],
    "url": "https://www.kanachu.co.jp/dia/diagram/timetable01_js/course:0000801973-15/node:00129975/kt:0/lname:/"
}
