{
    "date": "2025/03/15",
    "name": "藤沢ジャンボゴルフ前(藤沢市)",
    "position": "-",
    "system": "湘19",
    "destinations": [
        "遠藤(藤沢市)",
        "南大山",
        "工業団地入口(藤沢市)",
        "北警察署前(藤沢市)",
        "湘南台駅西口"
    ],
    "weekday": [
        "6:44",
        "7:21",
        "7:59",
        "8:54",
        "9:54",
        "10:29",
        "11:14",
        "12:19",
        "13:14",
        "14:14",
        "15:14",
        "16:14",
        "17:01",
        "17:54",
        "18:19",
        "19:14",
        "20:14"
    ],
    "saturday": [
        "7:19",
        "7:59",
        "8:49",
        "9:49",
        "10:24",
        "11:14",
        "12:14",
        "13:14",
        "14:14",
        "15:14",
        "16:14",
        "17:14",
        "18:14",
        "19:14"
    ],
    "holiday": [
        "7:19",
        "7:59",
        "8:49",
        "9:49",
        "10:24",
        "11:14",
        "12:14",
        "13:14",
        "14:14",
        "15:14",
        "16:14",
        "17:14",
        "18:14",
        "19:03"
    ],
    "url": "https://www.kanachu.co.jp/dia/diagram/timetable01_js/course:0000801973-23/node:00129988/kt:0/lname:/"
}
