{
    "date": "2025/04/19",
    "name": "グリーンハイツC2前",
    "position": "-",
    "system": "町06",
    "destinations": [
        "グリーンハイツC3前",
        "北ひろば前",
        "グリーンハイツF4前",
        "柏木公園前",
        "鵜野森一丁目",
        "リリエンハイム前",
        "鵜野森団地入口",
        "町田市役所市民ホール前",
        "町田バスセンター"
    ],
    "weekday": [
        "6:41",
        "6:56",
        "7:19",
        "7:31",
        "7:43",
        "7:55",
        "8:07",
        "8:22",
        "8:37",
        "8:52",
        "9:06",
        "9:21",
        "9:36",
        "9:51",
        "10:06",
        "10:21",
        "10:36",
        "10:51",
        "11:06",
        "11:21",
        "11:36",
        "11:51",
        "12:06",
        "12:21",
        "12:36",
        "12:51",
        "13:06",
        "13:21",
        "13:36",
        "13:51",
        "14:06",
        "14:21",
        "14:36",
        "14:51",
        "15:06",
        "15:21",
        "15:36",
        "15:51",
        "16:06",
        "16:21",
        "16:36",
        "16:51",
        "17:07",
        "17:22",
        "17:37",
        "17:52",
        "18:07",
        "18:22",
        "18:37",
        "18:52",
        "19:06",
        "19:21",
        "19:51",
        "20:06",
        "20:46",
        "21:16",
        "21:46",
        "22:16"
    ],
    "saturday": [
        "6:56",
        "7:26",
        "8:06",
        "8:26",
        "8:46",
        "9:06",
        "9:26",
        "9:46",
        "10:07",
        "10:27",
        "10:47",
        "11:07",
        "11:27",
        "11:47",
        "12:07",
        "12:27",
        "12:47",
        "13:07",
        "13:27",
        "13:47",
        "14:07",
        "14:27",
        "14:47",
        "15:07",
        "15:27",
        "15:47",
        "16:07",
        "16:27",
        "16:47",
        "17:07",
        "17:27",
        "17:47",
        "18:07",
        "18:27",
        "18:47",
        "19:06",
        "19:46",
        "20:16",
        "20:56"
    ],
    "holiday": [
        "6:56",
        "7:26",
        "8:06",
        "8:26",
        "8:46",
        "9:06",
        "9:26",
        "9:46",
        "10:07",
        "10:27",
        "10:47",
        "11:07",
        "11:27",
        "11:47",
        "12:07",
        "12:27",
        "12:47",
        "13:07",
        "13:27",
        "13:47",
        "14:07",
        "14:27",
        "14:47",
        "15:07",
        "15:27",
        "15:47",
        "16:07",
        "16:27",
        "16:47",
        "17:07",
        "17:27",
        "17:47",
        "18:07",
        "18:27",
        "18:47",
        "19:06",
        "19:46",
        "20:16",
        "20:56"
    ],
    "url": "https://www.kanachu.co.jp/dia/diagram/timetable01_js/course:0000802674-6/node:00129333/kt:0/lname:/"
}
