{
    "date": "2025/04/19",
    "name": "北ひろば前",
    "position": "-",
    "system": "町06",
    "destinations": [
        "グリーンハイツF4前",
        "柏木公園前",
        "鵜野森一丁目",
        "リリエンハイム前",
        "鵜野森団地入口",
        "町田市役所市民ホール前",
        "町田バスセンター"
    ],
    "weekday": [
        "6:43",
        "6:58",
        "7:24",
        "7:36",
        "7:48",
        "8:00",
        "8:12",
        "8:27",
        "8:42",
        "8:57",
        "9:08",
        "9:23",
        "9:38",
        "9:53",
        "10:08",
        "10:23",
        "10:38",
        "10:53",
        "11:08",
        "11:23",
        "11:38",
        "11:53",
        "12:08",
        "12:23",
        "12:38",
        "12:53",
        "13:08",
        "13:23",
        "13:38",
        "13:53",
        "14:08",
        "14:23",
        "14:38",
        "14:53",
        "15:08",
        "15:23",
        "15:38",
        "15:53",
        "16:08",
        "16:23",
        "16:38",
        "16:53",
        "17:12",
        "17:27",
        "17:42",
        "17:57",
        "18:12",
        "18:27",
        "18:42",
        "18:57",
        "19:08",
        "19:23",
        "19:53",
        "20:08",
        "20:48",
        "21:18",
        "21:48",
        "22:18"
    ],
    "saturday": [
        "7:00",
        "7:30",
        "8:10",
        "8:30",
        "8:50",
        "9:10",
        "9:30",
        "9:50",
        "10:12",
        "10:32",
        "10:52",
        "11:12",
        "11:32",
        "11:52",
        "12:12",
        "12:32",
        "12:52",
        "13:12",
        "13:32",
        "13:52",
        "14:12",
        "14:32",
        "14:52",
        "15:12",
        "15:32",
        "15:52",
        "16:12",
        "16:32",
        "16:52",
        "17:12",
        "17:32",
        "17:52",
        "18:12",
        "18:32",
        "18:52",
        "19:10",
        "19:50",
        "20:20",
        "21:00"
    ],
    "holiday": [
        "7:00",
        "7:30",
        "8:10",
        "8:30",
        "8:50",
        "9:10",
        "9:30",
        "9:50",
        "10:12",
        "10:32",
        "10:52",
        "11:12",
        "11:32",
        "11:52",
        "12:12",
        "12:32",
        "12:52",
        "13:12",
        "13:32",
        "13:52",
        "14:12",
        "14:32",
        "14:52",
        "15:12",
        "15:32",
        "15:52",
        "16:12",
        "16:32",
        "16:52",
        "17:12",
        "17:32",
        "17:52",
        "18:12",
        "18:32",
        "18:52",
        "19:10",
        "19:50",
        "20:20",
        "21:00"
    ],
    "url": "https://www.kanachu.co.jp/dia/diagram/timetable01_js/course:0000802674-8/node:00129337/kt:0/lname:/"
}
