{
    "date": "2025/04/19",
    "name": "町田市役所市民ホール前",
    "position": "-",
    "system": "町06",
    "destinations": [
        "町田バスセンター"
    ],
    "weekday": [
        "6:50",
        "7:06",
        "7:33",
        "7:45",
        "7:57",
        "8:09",
        "8:21",
        "8:36",
        "8:51",
        "9:05",
        "9:16",
        "9:31",
        "9:46",
        "10:01",
        "10:16",
        "10:31",
        "10:46",
        "11:01",
        "11:16",
        "11:31",
        "11:46",
        "12:01",
        "12:16",
        "12:31",
        "12:46",
        "13:01",
        "13:16",
        "13:31",
        "13:46",
        "14:01",
        "14:16",
        "14:31",
        "14:46",
        "15:01",
        "15:16",
        "15:31",
        "15:46",
        "16:01",
        "16:16",
        "16:31",
        "16:46",
        "17:01",
        "17:21",
        "17:36",
        "17:51",
        "18:06",
        "18:21",
        "18:36",
        "18:51",
        "19:05",
        "19:15",
        "19:30",
        "20:00",
        "20:15",
        "20:55",
        "21:25",
        "21:55",
        "22:25"
    ],
    "saturday": [
        "7:07",
        "7:37",
        "8:17",
        "8:37",
        "8:57",
        "9:17",
        "9:37",
        "9:57",
        "10:21",
        "10:41",
        "11:01",
        "11:21",
        "11:41",
        "12:01",
        "12:21",
        "12:41",
        "13:01",
        "13:21",
        "13:41",
        "14:01",
        "14:21",
        "14:41",
        "15:01",
        "15:21",
        "15:41",
        "16:01",
        "16:21",
        "16:41",
        "17:01",
        "17:21",
        "17:41",
        "18:01",
        "18:21",
        "18:41",
        "19:01",
        "19:17",
        "19:57",
        "20:27",
        "21:07"
    ],
    "holiday": [
        "7:07",
        "7:37",
        "8:17",
        "8:37",
        "8:57",
        "9:17",
        "9:37",
        "9:57",
        "10:21",
        "10:41",
        "11:01",
        "11:21",
        "11:41",
        "12:01",
        "12:21",
        "12:41",
        "13:01",
        "13:21",
        "13:41",
        "14:01",
        "14:21",
        "14:41",
        "15:01",
        "15:21",
        "15:41",
        "16:01",
        "16:21",
        "16:41",
        "17:01",
        "17:21",
        "17:41",
        "18:01",
        "18:21",
        "18:41",
        "19:01",
        "19:17",
        "19:57",
        "20:27",
        "21:07"
    ],
    "url": "https://www.kanachu.co.jp/dia/diagram/timetable01_js/course:0000802674-14/node:00129356/kt:0/lname:/"
}
