{
    "date": "2025/08/04",
    "name": "又野八幡神社前",
    "position": "-",
    "system": "橋09",
    "destinations": [
        "又野城山",
        "野尻(相模原市緑区)",
        "原替戸東",
        "原替戸",
        "変電所前(相模原市緑区)",
        "二本木(相模原市緑区)",
        "桜木(相模原市緑区)",
        "三ヶ木"
    ],
    "weekday": [
        "7:47",
        "8:25",
        "9:54",
        "10:29",
        "13:24",
        "13:59",
        "16:36",
        "17:34",
        "19:03",
        "19:49",
        "22:08"
    ],
    "saturday": [
        "7:42",
        "8:20",
        "9:54",
        "10:29",
        "13:26",
        "14:01",
        "16:36",
        "17:34",
        "19:01",
        "19:46",
        "22:09"
    ],
    "holiday": [
        "7:42",
        "8:20",
        "9:54",
        "10:29",
        "13:26",
        "14:01",
        "16:36",
        "17:34",
        "19:01",
        "19:46",
        "22:09"
    ],
    "url": "https://www.kanachu.co.jp/dia/diagram/timetable01_js/course:0000801992-35/node:00129037/kt:0/lname:/"
}
