{
    "date": "2025/05/11",
    "name": "上大岡駅",
    "position": "-",
    "system": "船05",
    "destinations": [
        "関の下",
        "笹下港南中央通り",
        "港南区総合庁舎前",
        "吉原(横浜市港南区)",
        "新吉原橋",
        "日野公園墓地入口",
        "日野中央公園入口",
        "日野小学校前(横浜市港南区)",
        "日野(横浜市港南区)",
        "清水橋(横浜市港南区)",
        "金井(横浜市港南区)",
        "藤ヶ沢",
        "港南車庫入口",
        "原(横浜市港南区)",
        "七曲",
        "鍛冶ヶ谷",
        "本郷石橋",
        "天神橋(横浜市栄区)",
        "栄警察署前",
        "公田",
        "鎌倉女子大前",
        "平島(鎌倉市)",
        "笠間十字路",
        "笠間町",
        "岩井口",
        "大船駅(横浜市栄区)"
    ],
    "weekday": [
        "6:36",
        "7:17",
        "8:30",
        "8:50",
        "20:22",
        "20:50",
        "21:25",
        "21:55",
        "22:28"
    ],
    "saturday": [
        "6:25",
        "20:20",
        "21:23"
    ],
    "holiday": [
        "6:25",
        "20:20",
        "21:23"
    ],
    "url": "https://www.kanachu.co.jp/dia/diagram/timetable01_js/course:0000803427-1/node:00102366/kt:0/lname:/"
}
