{
    "date": "2025/05/11",
    "name": "吉原(横浜市港南区)",
    "position": "-",
    "system": "船05",
    "destinations": [
        "新吉原橋",
        "日野公園墓地入口",
        "日野中央公園入口",
        "日野小学校前(横浜市港南区)",
        "日野(横浜市港南区)",
        "清水橋(横浜市港南区)",
        "金井(横浜市港南区)",
        "藤ヶ沢",
        "港南車庫入口",
        "原(横浜市港南区)",
        "七曲",
        "鍛冶ヶ谷",
        "本郷石橋",
        "天神橋(横浜市栄区)",
        "栄警察署前",
        "公田",
        "鎌倉女子大前",
        "平島(鎌倉市)",
        "笠間十字路",
        "笠間町",
        "岩井口",
        "大船駅(横浜市栄区)"
    ],
    "weekday": [
        "6:41",
        "7:23",
        "8:36",
        "8:56",
        "20:27",
        "20:55",
        "21:30",
        "22:00",
        "22:33"
    ],
    "saturday": [
        "6:30",
        "20:25",
        "21:28"
    ],
    "holiday": [
        "6:30",
        "20:25",
        "21:28"
    ],
    "url": "https://www.kanachu.co.jp/dia/diagram/timetable01_js/course:0000803427-5/node:00103230/kt:0/lname:/"
}
