{
    "date": "2025/05/11",
    "name": "金井(横浜市港南区)",
    "position": "-",
    "system": "船05",
    "destinations": [
        "藤ヶ沢",
        "港南車庫入口",
        "原(横浜市港南区)",
        "七曲",
        "鍛冶ヶ谷",
        "本郷石橋",
        "天神橋(横浜市栄区)",
        "栄警察署前",
        "公田",
        "鎌倉女子大前",
        "平島(鎌倉市)",
        "笠間十字路",
        "笠間町",
        "岩井口",
        "大船駅(横浜市栄区)"
    ],
    "weekday": [
        "6:49",
        "7:32",
        "8:45",
        "9:05",
        "20:35",
        "21:03",
        "21:38",
        "22:08",
        "22:41"
    ],
    "saturday": [
        "6:38",
        "20:33",
        "21:36"
    ],
    "holiday": [
        "6:38",
        "20:33",
        "21:36"
    ],
    "url": "https://www.kanachu.co.jp/dia/diagram/timetable01_js/course:0000803427-12/node:00102359/kt:0/lname:/"
}
