{
    "date": "2025/05/11",
    "name": "本郷石橋",
    "position": "-",
    "system": "船05",
    "destinations": [
        "天神橋(横浜市栄区)",
        "栄警察署前",
        "公田",
        "鎌倉女子大前",
        "平島(鎌倉市)",
        "笠間十字路",
        "笠間町",
        "岩井口",
        "大船駅(横浜市栄区)"
    ],
    "weekday": [
        "6:56",
        "7:39",
        "8:52",
        "9:12",
        "20:42",
        "21:10",
        "21:45",
        "22:15",
        "22:48"
    ],
    "saturday": [
        "6:45",
        "20:40",
        "21:43"
    ],
    "holiday": [
        "6:45",
        "20:40",
        "21:43"
    ],
    "url": "https://www.kanachu.co.jp/dia/diagram/timetable01_js/course:0000803427-18/node:00126550/kt:0/lname:/"
}
