{
    "date": "2025/05/11",
    "name": "港南台西公園",
    "position": "-",
    "system": "港33",
    "destinations": [
        "元大橋公園前",
        "若竹町(横浜市栄区)",
        "元大橋",
        "中野町",
        "稲荷森",
        "山手学院入口",
        "本郷車庫前(横浜市栄区)",
        "紅葉橋(横浜市栄区)",
        "上之",
        "上之中央",
        "犬山南",
        "犬山",
        "矢沢(横浜市栄区)",
        "桂山公園",
        "桂台中央"
    ],
    "weekday": [
        "6:28",
        "7:33",
        "21:14"
    ],
    "saturday": [
        "7:57",
        "10:54",
        "11:53",
        "13:23",
        "14:23",
        "15:23",
        "16:23",
        "17:23",
        "18:23",
        "19:03",
        "20:31"
    ],
    "holiday": [
        "7:57",
        "10:54",
        "11:53",
        "13:23",
        "14:23",
        "15:23",
        "16:23",
        "17:23",
        "18:23",
        "19:03",
        "20:31"
    ],
    "url": "https://www.kanachu.co.jp/dia/diagram/timetable01_js/course:0000801325-3/node:00126549/kt:0/lname:/"
}
