{
    "date": "2025/05/11",
    "name": "若竹町(横浜市栄区)",
    "position": "-",
    "system": "港33",
    "destinations": [
        "元大橋",
        "中野町",
        "稲荷森",
        "山手学院入口",
        "本郷車庫前(横浜市栄区)",
        "紅葉橋(横浜市栄区)",
        "上之",
        "上之中央",
        "犬山南",
        "犬山",
        "矢沢(横浜市栄区)",
        "桂山公園",
        "桂台中央"
    ],
    "weekday": [
        "6:30",
        "7:35",
        "21:16"
    ],
    "saturday": [
        "7:59",
        "10:56",
        "11:55",
        "13:25",
        "14:25",
        "15:25",
        "16:25",
        "17:25",
        "18:25",
        "19:05",
        "20:33"
    ],
    "holiday": [
        "7:59",
        "10:56",
        "11:55",
        "13:25",
        "14:25",
        "15:25",
        "16:25",
        "17:25",
        "18:25",
        "19:05",
        "20:33"
    ],
    "url": "https://www.kanachu.co.jp/dia/diagram/timetable01_js/course:0000801325-5/node:00126547/kt:0/lname:/"
}
