{
    "date": "2025/05/11",
    "name": "稲荷森",
    "position": "-",
    "system": "港33",
    "destinations": [
        "山手学院入口",
        "本郷車庫前(横浜市栄区)",
        "紅葉橋(横浜市栄区)",
        "上之",
        "上之中央",
        "犬山南",
        "犬山",
        "矢沢(横浜市栄区)",
        "桂山公園",
        "桂台中央"
    ],
    "weekday": [
        "6:33",
        "7:38",
        "21:19"
    ],
    "saturday": [
        "8:02",
        "10:59",
        "11:58",
        "13:28",
        "14:28",
        "15:28",
        "16:28",
        "17:28",
        "18:28",
        "19:08",
        "20:36"
    ],
    "holiday": [
        "8:02",
        "10:59",
        "11:58",
        "13:28",
        "14:28",
        "15:28",
        "16:28",
        "17:28",
        "18:28",
        "19:08",
        "20:36"
    ],
    "url": "https://www.kanachu.co.jp/dia/diagram/timetable01_js/course:0000801325-8/node:00126512/kt:0/lname:/"
}
