{
    "date": "2024/03/16",
    "name": "港南台駅",
    "position": "-",
    "system": "港35",
    "destinations": [
        "横浜女子短期大学前",
        "港南台西公園",
        "元大橋公園前",
        "若竹町(横浜市栄区)",
        "元大橋",
        "中野町",
        "稲荷森",
        "山手学院入口",
        "本郷車庫前(横浜市栄区)",
        "紅葉橋(横浜市栄区)",
        "光明寺(横浜市栄区)",
        "庄戸(横浜市栄区)",
        "庄戸五丁目",
        "庄戸三丁目南",
        "庄戸一丁目",
        "庄戸(横浜市栄区)"
    ],
    "weekday": [
        "19:07",
        "19:27",
        "19:47",
        "20:07"
    ],
    "saturday": [
        "19:10"
    ],
    "holiday": [
        "19:10"
    ],
    "url": "https://www.kanachu.co.jp/dia/diagram/timetable01_js/course:0000803325-1/node:00025554/kt:0/lname:/"
}
