{
    "date": "2024/03/16",
    "name": "元大橋公園前",
    "position": "-",
    "system": "港35",
    "destinations": [
        "若竹町(横浜市栄区)",
        "元大橋",
        "中野町",
        "稲荷森",
        "山手学院入口",
        "本郷車庫前(横浜市栄区)",
        "紅葉橋(横浜市栄区)",
        "光明寺(横浜市栄区)",
        "庄戸(横浜市栄区)",
        "庄戸五丁目",
        "庄戸三丁目南",
        "庄戸一丁目",
        "庄戸(横浜市栄区)"
    ],
    "weekday": [
        "19:11",
        "19:31",
        "19:51",
        "20:11"
    ],
    "saturday": [
        "19:14"
    ],
    "holiday": [
        "19:14"
    ],
    "url": "https://www.kanachu.co.jp/dia/diagram/timetable01_js/course:0000803325-4/node:00126548/kt:0/lname:/"
}
