{
    "date": "2024/03/16",
    "name": "若竹町(横浜市栄区)",
    "position": "-",
    "system": "港35",
    "destinations": [
        "元大橋",
        "中野町",
        "稲荷森",
        "山手学院入口",
        "本郷車庫前(横浜市栄区)",
        "紅葉橋(横浜市栄区)",
        "光明寺(横浜市栄区)",
        "庄戸(横浜市栄区)",
        "庄戸五丁目",
        "庄戸三丁目南",
        "庄戸一丁目",
        "庄戸(横浜市栄区)"
    ],
    "weekday": [
        "19:12",
        "19:32",
        "19:52",
        "20:12"
    ],
    "saturday": [
        "19:15"
    ],
    "holiday": [
        "19:15"
    ],
    "url": "https://www.kanachu.co.jp/dia/diagram/timetable01_js/course:0000803325-5/node:00126547/kt:0/lname:/"
}
