{
    "date": "2024/03/16",
    "name": "中野町",
    "position": "-",
    "system": "港35",
    "destinations": [
        "稲荷森",
        "山手学院入口",
        "本郷車庫前(横浜市栄区)",
        "紅葉橋(横浜市栄区)",
        "光明寺(横浜市栄区)",
        "庄戸(横浜市栄区)",
        "庄戸五丁目",
        "庄戸三丁目南",
        "庄戸一丁目",
        "庄戸(横浜市栄区)"
    ],
    "weekday": [
        "19:14",
        "19:34",
        "19:54",
        "20:14"
    ],
    "saturday": [
        "19:17"
    ],
    "holiday": [
        "19:17"
    ],
    "url": "https://www.kanachu.co.jp/dia/diagram/timetable01_js/course:0000803325-7/node:00126511/kt:0/lname:/"
}
