{
    "date": "2020/11/16",
    "name": "厚木アクスト",
    "position": "-",
    "system": "厚105",
    "destinations": [
        "岡田電話局前",
        "岡田(新道/厚木市)",
        "岡田一本杉(新道/厚木市)",
        "本厚木駅南口"
    ],
    "weekday": [
        "10:50",
        "11:30",
        "12:10",
        "12:50",
        "13:30",
        "14:10",
        "14:50",
        "15:30",
        "16:10",
        "16:50"
    ],
    "saturday": [
        "7:30",
        "8:10",
        "8:50",
        "9:30",
        "10:10",
        "10:50",
        "11:30",
        "12:10",
        "12:50",
        "13:30",
        "14:10",
        "14:50",
        "15:30",
        "16:10",
        "16:50"
    ],
    "holiday": [
        "7:30",
        "8:10",
        "8:50",
        "9:30",
        "10:10",
        "10:50",
        "11:30",
        "12:10",
        "12:50",
        "13:30",
        "14:10",
        "14:50",
        "15:30",
        "16:10",
        "16:50"
    ],
    "url": "https://www.kanachu.co.jp/dia/diagram/timetable01_js/course:0000801623-1/node:00127706/kt:0/lname:/"
}
