{
    "date": "2020/11/16",
    "name": "岡田電話局前",
    "position": "-",
    "system": "厚10",
    "destinations": [
        "岡田(新道/厚木市)",
        "岡田一本杉(新道/厚木市)",
        "本厚木駅南口"
    ],
    "weekday": [
        "10:51",
        "11:31",
        "12:11",
        "12:51",
        "13:31",
        "14:11",
        "14:51",
        "15:31",
        "16:11",
        "16:51"
    ],
    "saturday": [
        "7:31",
        "8:11",
        "8:51",
        "9:31",
        "10:11",
        "10:51",
        "11:31",
        "12:11",
        "12:51",
        "13:31",
        "14:11",
        "14:51",
        "15:31",
        "16:11",
        "16:51"
    ],
    "holiday": [
        "7:31",
        "8:11",
        "8:51",
        "9:31",
        "10:11",
        "10:51",
        "11:31",
        "12:11",
        "12:51",
        "13:31",
        "14:11",
        "14:51",
        "15:31",
        "16:11",
        "16:51"
    ],
    "url": "https://www.kanachu.co.jp/dia/diagram/timetable01_js/course:0000801623-2/node:00128632/kt:0/lname:/"
}
