{
    "date": "2025/08/30",
    "name": "港南橋",
    "position": "-",
    "system": "上20",
    "destinations": [
        "室ノ木(横浜市港南区)",
        "月見ヶ丘団地前",
        "南高校前(横浜市港南区)",
        "上永谷住宅入口",
        "島越",
        "上永谷中学校前",
        "日限地蔵入口",
        "水田(横浜市港南区)",
        "中永谷",
        "般若寺橋",
        "下永谷(横浜市港南区)",
        "平戸(横浜市港南区)",
        "国道平戸",
        "品濃口",
        "坂下(横浜市戸塚区)",
        "品濃町(横浜市戸塚区)",
        "東戸塚駅東口"
    ],
    "weekday": [
        "6:40",
        "7:05",
        "7:32",
        "8:05",
        "8:33",
        "9:05",
        "9:33",
        "10:05",
        "11:05",
        "12:05",
        "12:35",
        "13:05",
        "13:35",
        "14:05",
        "14:35",
        "15:05",
        "15:35",
        "16:05",
        "16:35",
        "17:05",
        "17:35",
        "18:05",
        "18:41",
        "19:35",
        "20:45"
    ],
    "saturday": [
        "7:10",
        "8:05",
        "8:35",
        "9:05",
        "9:35",
        "10:05",
        "11:05",
        "12:05",
        "13:05",
        "14:05",
        "15:05",
        "15:35",
        "16:05",
        "16:35",
        "17:05",
        "17:35",
        "18:05",
        "18:35",
        "19:05",
        "20:20"
    ],
    "holiday": [
        "7:15",
        "8:05",
        "9:05",
        "10:05",
        "11:05",
        "12:05",
        "13:05",
        "14:05",
        "15:05",
        "16:05",
        "16:35",
        "17:05",
        "17:35",
        "18:05",
        "19:05",
        "20:05"
    ],
    "url": "https://www.kanachu.co.jp/dia/diagram/timetable01_js/course:0000803855-5/node:00126575/kt:0/lname:/"
}
