{
    "date": "2025/08/30",
    "name": "南高校前(横浜市港南区)",
    "position": "-",
    "system": "上20",
    "destinations": [
        "上永谷住宅入口",
        "島越",
        "上永谷中学校前",
        "日限地蔵入口",
        "水田(横浜市港南区)",
        "中永谷",
        "般若寺橋",
        "下永谷(横浜市港南区)",
        "平戸(横浜市港南区)",
        "国道平戸",
        "品濃口",
        "坂下(横浜市戸塚区)",
        "品濃町(横浜市戸塚区)",
        "東戸塚駅東口"
    ],
    "weekday": [
        "6:43",
        "7:08",
        "7:36",
        "8:09",
        "8:37",
        "9:09",
        "9:37",
        "10:09",
        "11:09",
        "12:09",
        "12:39",
        "13:09",
        "13:39",
        "14:09",
        "14:39",
        "15:09",
        "15:39",
        "16:09",
        "16:40",
        "17:10",
        "17:40",
        "18:10",
        "18:46",
        "19:40",
        "20:48"
    ],
    "saturday": [
        "7:13",
        "8:09",
        "8:39",
        "9:09",
        "9:39",
        "10:09",
        "11:09",
        "12:09",
        "13:09",
        "14:09",
        "15:09",
        "15:39",
        "16:09",
        "16:40",
        "17:10",
        "17:40",
        "18:10",
        "18:40",
        "19:10",
        "20:23"
    ],
    "holiday": [
        "7:18",
        "8:09",
        "9:09",
        "10:09",
        "11:09",
        "12:09",
        "13:09",
        "14:09",
        "15:09",
        "16:09",
        "16:40",
        "17:10",
        "17:40",
        "18:10",
        "19:10",
        "20:08"
    ],
    "url": "https://www.kanachu.co.jp/dia/diagram/timetable01_js/course:0000803855-8/node:00113527/kt:0/lname:/"
}
