{
    "date": "2025/08/30",
    "name": "国道平戸",
    "position": "-",
    "system": "上20",
    "destinations": [
        "品濃口",
        "坂下(横浜市戸塚区)",
        "品濃町(横浜市戸塚区)",
        "東戸塚駅東口"
    ],
    "weekday": [
        "6:58",
        "7:23",
        "7:52",
        "8:25",
        "8:53",
        "9:25",
        "9:53",
        "10:25",
        "11:25",
        "12:24",
        "12:54",
        "13:24",
        "13:54",
        "14:24",
        "14:54",
        "15:24",
        "15:54",
        "16:24",
        "16:56",
        "17:26",
        "17:56",
        "18:26",
        "19:02",
        "19:56",
        "21:02"
    ],
    "saturday": [
        "7:28",
        "8:24",
        "8:54",
        "9:24",
        "9:54",
        "10:24",
        "11:24",
        "12:24",
        "13:24",
        "14:24",
        "15:24",
        "15:54",
        "16:24",
        "16:56",
        "17:26",
        "17:56",
        "18:26",
        "18:56",
        "19:26",
        "20:37"
    ],
    "holiday": [
        "7:33",
        "8:24",
        "9:24",
        "10:24",
        "11:24",
        "12:24",
        "13:24",
        "14:24",
        "15:24",
        "16:24",
        "16:56",
        "17:26",
        "17:56",
        "18:26",
        "19:26",
        "20:22"
    ],
    "url": "https://www.kanachu.co.jp/dia/diagram/timetable01_js/course:0000803855-18/node:00126618/kt:0/lname:/"
}
