{
    "date": "2025/07/27",
    "name": "戸川工業団地",
    "position": "-",
    "system": "秦54",
    "destinations": [
        "戸川入口西",
        "三屋入口",
        "羽根入口",
        "田原入口",
        "六反地",
        "榎木堂",
        "宮上(秦野市)",
        "宮前(秦野市)",
        "上大道",
        "大道(秦野市)",
        "上宿通り",
        "大川橋(秦野市)",
        "まほろば大橋",
        "秦野駅"
    ],
    "weekday": [
        "6:42",
        "7:30",
        "8:03",
        "8:28",
        "15:39",
        "16:42",
        "17:13"
    ],
    "saturday": [],
    "holiday": [],
    "url": "https://www.kanachu.co.jp/dia/diagram/timetable01_js/course:0000801928-7/node:00130351/kt:0/lname:/"
}
