{
    "date": "2025/08/04",
    "name": "橋本駅北口",
    "position": "-",
    "system": "橋61",
    "destinations": [
        "旭農協前",
        "寿町(相模原市緑区)",
        "寿橋",
        "久保ヶ谷戸",
        "相原境",
        "坂下(町田街道側/町田市)",
        "堺農協前",
        "堺中学校前",
        "堺市民センター前",
        "相原(町田市)",
        "相原駅西口",
        "諏訪神社前(町田市)",
        "相原小学校前",
        "開都",
        "相原十字路",
        "根岸(相原町/町田市)",
        "境橋(町田市)",
        "円林寺前",
        "水の口(町田市)",
        "公会堂前(町田市)",
        "大戸橋",
        "上大戸",
        "ネイチャーファクトリー東京町田",
        "大戸(相模原市緑区)"
    ],
    "weekday": [
        "19:54",
        "20:29"
    ],
    "saturday": [
        "18:14",
        "18:56",
        "19:39"
    ],
    "holiday": [
        "18:14",
        "18:56"
    ],
    "url": "https://www.kanachu.co.jp/dia/diagram/timetable01_js/course:0000803037-1/node:00128969/kt:0/lname:/"
}
