{
    "date": "2025/08/04",
    "name": "相原(町田市)",
    "position": "-",
    "system": "橋61",
    "destinations": [
        "相原駅西口",
        "諏訪神社前(町田市)",
        "相原小学校前",
        "開都",
        "相原十字路",
        "根岸(相原町/町田市)",
        "境橋(町田市)",
        "円林寺前",
        "水の口(町田市)",
        "公会堂前(町田市)",
        "大戸橋",
        "上大戸",
        "ネイチャーファクトリー東京町田",
        "大戸(相模原市緑区)"
    ],
    "weekday": [
        "20:03",
        "20:38"
    ],
    "saturday": [
        "18:23",
        "19:05",
        "19:48"
    ],
    "holiday": [
        "18:23",
        "19:05"
    ],
    "url": "https://www.kanachu.co.jp/dia/diagram/timetable01_js/course:0000803037-11/node:00128885/kt:0/lname:/"
}
