{
    "date": "2025/08/04",
    "name": "相原駅西口",
    "position": "-",
    "system": "橋61",
    "destinations": [
        "諏訪神社前(町田市)",
        "相原小学校前",
        "開都",
        "相原十字路",
        "根岸(相原町/町田市)",
        "境橋(町田市)",
        "円林寺前",
        "水の口(町田市)",
        "公会堂前(町田市)",
        "大戸橋",
        "上大戸",
        "ネイチャーファクトリー東京町田",
        "大戸(相模原市緑区)"
    ],
    "weekday": [
        "20:10",
        "20:45"
    ],
    "saturday": [
        "18:30",
        "19:12",
        "19:55"
    ],
    "holiday": [
        "18:30",
        "19:12"
    ],
    "url": "https://www.kanachu.co.jp/dia/diagram/timetable01_js/course:0000803037-12/node:00130397/kt:0/lname:/"
}
