{
    "date": "2025/08/04",
    "name": "相原十字路",
    "position": "-",
    "system": "橋61",
    "destinations": [
        "根岸(相原町/町田市)",
        "境橋(町田市)",
        "円林寺前",
        "水の口(町田市)",
        "公会堂前(町田市)",
        "大戸橋",
        "上大戸",
        "ネイチャーファクトリー東京町田",
        "大戸(相模原市緑区)"
    ],
    "weekday": [
        "20:14",
        "20:49"
    ],
    "saturday": [
        "18:34",
        "19:16",
        "19:59"
    ],
    "holiday": [
        "18:34",
        "19:16"
    ],
    "url": "https://www.kanachu.co.jp/dia/diagram/timetable01_js/course:0000803037-16/node:00128889/kt:0/lname:/"
}
