{
    "date": "2025/08/04",
    "name": "円林寺前",
    "position": "-",
    "system": "橋61",
    "destinations": [
        "水の口(町田市)",
        "公会堂前(町田市)",
        "大戸橋",
        "上大戸",
        "ネイチャーファクトリー東京町田",
        "大戸(相模原市緑区)"
    ],
    "weekday": [
        "20:17",
        "20:52"
    ],
    "saturday": [
        "18:37",
        "19:19",
        "20:02"
    ],
    "holiday": [
        "18:37",
        "19:19"
    ],
    "url": "https://www.kanachu.co.jp/dia/diagram/timetable01_js/course:0000803037-19/node:00128892/kt:0/lname:/"
}
