{
    "date": "2024/12/16",
    "name": "金井入口",
    "position": "-",
    "system": "鶴32",
    "destinations": [
        "下大蔵",
        "鶴川市民センター入口",
        "大蔵(鶴川郵便局前/町田市)",
        "井の花",
        "岩子山",
        "下堤(町田市)",
        "五反田(町田市)",
        "サンシティ町田",
        "新屋敷(町田市)",
        "小野神社前(町田市)",
        "中宿(町田市)",
        "小野路",
        "浅間下(町田市)",
        "南野二丁目"
    ],
    "weekday": [
        "21:37"
    ],
    "saturday": [
        "21:15"
    ],
    "holiday": [
        "21:15"
    ],
    "url": "https://www.kanachu.co.jp/dia/diagram/timetable01_js/course:0000803455-3/node:00129438/kt:0/lname:/"
}
