{
    "date": "2024/12/16",
    "name": "岩子山",
    "position": "-",
    "system": "鶴32",
    "destinations": [
        "下堤(町田市)",
        "五反田(町田市)",
        "サンシティ町田",
        "新屋敷(町田市)",
        "小野神社前(町田市)",
        "中宿(町田市)",
        "小野路",
        "浅間下(町田市)",
        "南野二丁目"
    ],
    "weekday": [
        "21:43"
    ],
    "saturday": [
        "21:21"
    ],
    "holiday": [
        "21:21"
    ],
    "url": "https://www.kanachu.co.jp/dia/diagram/timetable01_js/course:0000803455-8/node:00129474/kt:0/lname:/"
}
