{
    "date": "2025/08/30",
    "name": "品濃口",
    "position": "-",
    "system": "保06",
    "destinations": [
        "赤関橋",
        "柏尾(横浜市戸塚区)",
        "ポーラ前(横浜市戸塚区)",
        "不動坂(横浜市戸塚区)"
    ],
    "weekday": [
        "23:31",
        "23:56",
        "24:31"
    ],
    "saturday": [
        "22:51",
        "23:31"
    ],
    "holiday": [],
    "url": "https://www.kanachu.co.jp/dia/diagram/timetable01_js/course:0000802985-15/node:00126617/kt:0/lname:/"
}
