{
    "date": "2025/11/16",
    "name": "千丸台団地",
    "position": "-",
    "system": "",
    "destinations": [
        "金草沢",
        "稲荷通",
        "旭環境センター前",
        "下白根橋",
        "西谷駅前",
        "梅の木(横浜市保土ケ谷区)",
        "川島町(横浜市保土ケ谷区)",
        "上星川",
        "和田町(横浜市保土ケ谷区)",
        "峯小学校前",
        "洪福寺",
        "横浜駅西口"
    ],
    "weekday": [
        "5:55",
        "6:12",
        "6:28",
        "6:36",
        "6:47",
        "6:58",
        "7:10",
        "7:20",
        "7:30",
        "7:40",
        "7:55",
        "8:08",
        "8:30",
        "8:55",
        "9:15",
        "9:45",
        "10:10",
        "10:30",
        "10:50",
        "11:10",
        "11:35",
        "12:05",
        "12:35",
        "13:05",
        "13:35",
        "14:05",
        "14:35",
        "15:05",
        "15:25",
        "15:45",
        "16:05",
        "16:30",
        "16:50",
        "17:05",
        "17:25",
        "17:40",
        "17:55",
        "18:15",
        "18:45",
        "19:30",
        "19:59",
        "20:45",
        "21:45"
    ],
    "saturday": [],
    "holiday": [],
    "url": "https://www.kanachu.co.jp/dia/diagram/timetable01_js/course:0000803665-1/node:00102675/kt:0/lname:/"
}
