{
    "date": "2025/11/16",
    "name": "金草沢",
    "position": "-",
    "system": "",
    "destinations": [
        "稲荷通",
        "旭環境センター前",
        "下白根橋",
        "西谷駅前",
        "梅の木(横浜市保土ケ谷区)",
        "川島町(横浜市保土ケ谷区)",
        "上星川",
        "和田町(横浜市保土ケ谷区)",
        "峯小学校前",
        "洪福寺",
        "横浜駅西口"
    ],
    "weekday": [
        "5:56",
        "6:13",
        "6:29",
        "6:37",
        "6:48",
        "6:59",
        "7:11",
        "7:21",
        "7:31",
        "7:41",
        "7:56",
        "8:09",
        "8:31",
        "8:56",
        "9:16",
        "9:46",
        "10:11",
        "10:31",
        "10:51",
        "11:11",
        "11:36",
        "12:06",
        "12:36",
        "13:06",
        "13:36",
        "14:06",
        "14:36",
        "15:06",
        "15:26",
        "15:46",
        "16:06",
        "16:31",
        "16:51",
        "17:06",
        "17:26",
        "17:41",
        "17:56",
        "18:16",
        "18:46",
        "19:31",
        "20:00",
        "20:46",
        "21:46"
    ],
    "saturday": [],
    "holiday": [],
    "url": "https://www.kanachu.co.jp/dia/diagram/timetable01_js/course:0000803665-2/node:00102361/kt:0/lname:/"
}
