{
    "date": "2025/11/16",
    "name": "下白根橋",
    "position": "-",
    "system": "",
    "destinations": [
        "西谷駅前",
        "梅の木(横浜市保土ケ谷区)",
        "川島町(横浜市保土ケ谷区)",
        "上星川",
        "和田町(横浜市保土ケ谷区)",
        "峯小学校前",
        "洪福寺",
        "横浜駅西口"
    ],
    "weekday": [
        "6:00",
        "6:17",
        "6:33",
        "6:42",
        "6:53",
        "7:04",
        "7:16",
        "7:26",
        "7:36",
        "7:46",
        "8:01",
        "8:14",
        "8:36",
        "9:01",
        "9:21",
        "9:51",
        "10:16",
        "10:36",
        "10:56",
        "11:16",
        "11:41",
        "12:11",
        "12:41",
        "13:11",
        "13:41",
        "14:11",
        "14:41",
        "15:11",
        "15:31",
        "15:51",
        "16:11",
        "16:36",
        "16:56",
        "17:11",
        "17:31",
        "17:46",
        "18:01",
        "18:21",
        "18:51",
        "19:36",
        "20:05",
        "20:50",
        "21:50"
    ],
    "saturday": [],
    "holiday": [],
    "url": "https://www.kanachu.co.jp/dia/diagram/timetable01_js/course:0000803665-5/node:00102591/kt:0/lname:/"
}
