{
    "date": "2025/11/16",
    "name": "梅の木(横浜市保土ケ谷区)",
    "position": "-",
    "system": "",
    "destinations": [
        "川島町(横浜市保土ケ谷区)",
        "上星川",
        "和田町(横浜市保土ケ谷区)",
        "峯小学校前",
        "洪福寺",
        "横浜駅西口"
    ],
    "weekday": [
        "6:04",
        "6:21",
        "6:37",
        "6:47",
        "6:58",
        "7:09",
        "7:21",
        "7:31",
        "7:41",
        "7:51",
        "8:06",
        "8:19",
        "8:40",
        "9:05",
        "9:25",
        "9:55",
        "10:20",
        "10:40",
        "11:00",
        "11:20",
        "11:45",
        "12:15",
        "12:45",
        "13:15",
        "13:45",
        "14:15",
        "14:45",
        "15:15",
        "15:35",
        "15:55",
        "16:15",
        "16:40",
        "17:00",
        "17:15",
        "17:35",
        "17:50",
        "18:05",
        "18:25",
        "18:55",
        "19:40",
        "20:09",
        "20:53",
        "21:53"
    ],
    "saturday": [],
    "holiday": [],
    "url": "https://www.kanachu.co.jp/dia/diagram/timetable01_js/course:0000803665-7/node:00102279/kt:0/lname:/"
}
