{
    "date": "2025/11/16",
    "name": "上星川",
    "position": "-",
    "system": "",
    "destinations": [
        "和田町(横浜市保土ケ谷区)",
        "峯小学校前",
        "洪福寺",
        "横浜駅西口"
    ],
    "weekday": [
        "6:08",
        "6:25",
        "6:41",
        "6:53",
        "7:04",
        "7:15",
        "7:27",
        "7:37",
        "7:47",
        "7:57",
        "8:12",
        "8:25",
        "8:45",
        "9:10",
        "9:30",
        "10:00",
        "10:25",
        "10:45",
        "11:05",
        "11:25",
        "11:50",
        "12:20",
        "12:50",
        "13:20",
        "13:50",
        "14:20",
        "14:50",
        "15:20",
        "15:40",
        "16:00",
        "16:20",
        "16:45",
        "17:05",
        "17:20",
        "17:40",
        "17:55",
        "18:10",
        "18:30",
        "19:00",
        "19:45",
        "20:14",
        "20:57",
        "21:57"
    ],
    "saturday": [],
    "holiday": [],
    "url": "https://www.kanachu.co.jp/dia/diagram/timetable01_js/course:0000803665-9/node:00102369/kt:0/lname:/"
}
