{
    "date": "2025/04/01",
    "name": "押越",
    "position": "-",
    "system": "町27",
    "destinations": [
        "小山田小学校前",
        "山の端",
        "大泉寺",
        "桜橋(町田市)",
        "日大三高入口",
        "日影橋",
        "図師大橋",
        "馬駈",
        "根岸(根岸町/町田市)",
        "下根岸(町田市)",
        "上宿(町田市)",
        "忠生公園入口",
        "木曽(町田市)",
        "三家(町田市)",
        "木曽住宅",
        "滝の沢(町田市)",
        "浄水場前(町田市)",
        "市民病院前(町田市)",
        "森野三丁目",
        "第四小学校前(町田市)",
        "町田市役所市民ホール前",
        "町田バスセンター"
    ],
    "weekday": [
        "6:13",
        "6:43",
        "7:03",
        "7:18",
        "7:38",
        "8:03",
        "21:03",
        "21:53"
    ],
    "saturday": [
        "6:13",
        "7:13",
        "8:03",
        "20:33"
    ],
    "holiday": [
        "6:55",
        "7:13",
        "8:03",
        "20:27"
    ],
    "url": "https://www.kanachu.co.jp/dia/diagram/timetable01_js/course:0000803178-2/node:00130123/kt:0/lname:/"
}
