{
    "date": "2025/04/01",
    "name": "桜橋(町田市)",
    "position": "-",
    "system": "町27",
    "destinations": [
        "日大三高入口",
        "日影橋",
        "図師大橋",
        "馬駈",
        "根岸(根岸町/町田市)",
        "下根岸(町田市)",
        "上宿(町田市)",
        "忠生公園入口",
        "木曽(町田市)",
        "三家(町田市)",
        "木曽住宅",
        "滝の沢(町田市)",
        "浄水場前(町田市)",
        "市民病院前(町田市)",
        "森野三丁目",
        "第四小学校前(町田市)",
        "町田市役所市民ホール前",
        "町田バスセンター"
    ],
    "weekday": [
        "6:17",
        "6:47",
        "7:07",
        "7:22",
        "7:42",
        "8:07",
        "21:07",
        "21:57"
    ],
    "saturday": [
        "6:17",
        "7:17",
        "8:07",
        "20:37"
    ],
    "holiday": [
        "6:59",
        "7:17",
        "8:07",
        "20:31"
    ],
    "url": "https://www.kanachu.co.jp/dia/diagram/timetable01_js/course:0000803178-6/node:00129409/kt:0/lname:/"
}
