{
    "date": "2025/04/01",
    "name": "日影橋",
    "position": "-",
    "system": "町27",
    "destinations": [
        "図師大橋",
        "馬駈",
        "根岸(根岸町/町田市)",
        "下根岸(町田市)",
        "上宿(町田市)",
        "忠生公園入口",
        "木曽(町田市)",
        "三家(町田市)",
        "木曽住宅",
        "滝の沢(町田市)",
        "浄水場前(町田市)",
        "市民病院前(町田市)",
        "森野三丁目",
        "第四小学校前(町田市)",
        "町田市役所市民ホール前",
        "町田バスセンター"
    ],
    "weekday": [
        "6:19",
        "6:49",
        "7:09",
        "7:24",
        "7:44",
        "8:09",
        "21:09",
        "21:59"
    ],
    "saturday": [
        "6:19",
        "7:19",
        "8:09",
        "20:39"
    ],
    "holiday": [
        "7:01",
        "7:19",
        "8:09",
        "20:33"
    ],
    "url": "https://www.kanachu.co.jp/dia/diagram/timetable01_js/course:0000803178-8/node:00129407/kt:0/lname:/"
}
