{
    "date": "2025/04/01",
    "name": "下根岸(町田市)",
    "position": "-",
    "system": "町27",
    "destinations": [
        "上宿(町田市)",
        "忠生公園入口",
        "木曽(町田市)",
        "三家(町田市)",
        "木曽住宅",
        "滝の沢(町田市)",
        "浄水場前(町田市)",
        "市民病院前(町田市)",
        "森野三丁目",
        "第四小学校前(町田市)",
        "町田市役所市民ホール前",
        "町田バスセンター"
    ],
    "weekday": [
        "6:24",
        "6:54",
        "7:15",
        "7:31",
        "7:51",
        "8:15",
        "21:15",
        "22:05"
    ],
    "saturday": [
        "6:24",
        "7:24",
        "8:14",
        "20:45"
    ],
    "holiday": [
        "7:08",
        "7:24",
        "8:16",
        "20:39"
    ],
    "url": "https://www.kanachu.co.jp/dia/diagram/timetable01_js/course:0000803178-12/node:00129366/kt:0/lname:/"
}
