{
    "date": "2025/04/01",
    "name": "上宿(町田市)",
    "position": "-",
    "system": "町27",
    "destinations": [
        "忠生公園入口",
        "木曽(町田市)",
        "三家(町田市)",
        "木曽住宅",
        "滝の沢(町田市)",
        "浄水場前(町田市)",
        "市民病院前(町田市)",
        "森野三丁目",
        "第四小学校前(町田市)",
        "町田市役所市民ホール前",
        "町田バスセンター"
    ],
    "weekday": [
        "6:25",
        "6:55",
        "7:16",
        "7:32",
        "7:52",
        "8:16",
        "21:16",
        "22:06"
    ],
    "saturday": [
        "6:25",
        "7:25",
        "8:15",
        "20:46"
    ],
    "holiday": [
        "7:09",
        "7:25",
        "8:17",
        "20:40"
    ],
    "url": "https://www.kanachu.co.jp/dia/diagram/timetable01_js/course:0000803178-13/node:00129365/kt:0/lname:/"
}
