{
    "date": "2025/04/01",
    "name": "木曽住宅",
    "position": "",
    "system": "町27",
    "destinations": [
        "滝の沢(町田市)",
        "浄水場前(町田市)",
        "市民病院前(町田市)",
        "森野三丁目",
        "第四小学校前(町田市)",
        "町田市役所市民ホール前",
        "町田バスセンター"
    ],
    "weekday": [
        "6:29",
        "6:59",
        "7:21",
        "7:37",
        "7:57",
        "8:21",
        "21:20",
        "22:10"
    ],
    "saturday": [
        "6:29",
        "7:29",
        "8:19",
        "20:50"
    ],
    "holiday": [
        "7:14",
        "7:29",
        "8:22",
        "20:44"
    ],
    "url": "https://www.kanachu.co.jp/dia/diagram/timetable01_js/course:0000803178-17/node:00129362/kt:0/lname:/"
}
