{
    "date": "2025/04/01",
    "name": "浄水場前(町田市)",
    "position": "",
    "system": "町27",
    "destinations": [
        "市民病院前(町田市)",
        "森野三丁目",
        "第四小学校前(町田市)",
        "町田市役所市民ホール前",
        "町田バスセンター"
    ],
    "weekday": [
        "6:31",
        "7:01",
        "7:24",
        "7:41",
        "8:01",
        "8:24",
        "21:22",
        "22:12"
    ],
    "saturday": [
        "6:31",
        "7:31",
        "8:21",
        "20:54"
    ],
    "holiday": [
        "7:17",
        "7:31",
        "8:25",
        "20:46"
    ],
    "url": "https://www.kanachu.co.jp/dia/diagram/timetable01_js/course:0000803178-19/node:00129360/kt:0/lname:/"
}
