{
    "date": "2025/04/01",
    "name": "北二号(町田市)",
    "position": "-",
    "system": "町24",
    "destinations": [
        "山崎団地"
    ],
    "weekday": [
        "13:30",
        "13:47",
        "13:57",
        "14:18",
        "14:30",
        "14:47",
        "14:57",
        "15:19",
        "15:31",
        "15:48",
        "15:58",
        "16:11",
        "16:30",
        "16:46",
        "16:54",
        "17:11",
        "17:44",
        "18:12",
        "18:44",
        "19:08",
        "19:41",
        "20:13",
        "20:34",
        "20:54",
        "21:13"
    ],
    "saturday": [
        "9:37",
        "9:49",
        "10:13",
        "10:33",
        "10:43",
        "10:52",
        "11:13",
        "11:24",
        "11:43",
        "11:51",
        "12:14",
        "12:24",
        "12:48",
        "13:11",
        "13:25",
        "13:48",
        "14:14",
        "14:41",
        "15:07",
        "15:18",
        "15:41",
        "16:07",
        "16:19",
        "16:26",
        "16:49",
        "17:10",
        "17:20",
        "17:26",
        "17:49",
        "18:00",
        "18:17",
        "18:25",
        "18:47",
        "19:07",
        "19:17",
        "19:39",
        "19:50",
        "20:14",
        "20:36",
        "21:08"
    ],
    "holiday": [
        "9:26",
        "9:46",
        "10:06",
        "10:16",
        "10:24",
        "10:46",
        "11:09",
        "11:27",
        "11:46",
        "12:10",
        "12:27",
        "12:46",
        "13:10",
        "13:27",
        "13:48",
        "14:10",
        "14:27",
        "14:47",
        "15:10",
        "15:27",
        "15:47",
        "16:10",
        "16:27",
        "16:48",
        "17:10",
        "17:39",
        "17:51",
        "18:15",
        "18:38",
        "18:50",
        "19:14",
        "19:39",
        "20:09",
        "20:28",
        "21:03"
    ],
    "url": "https://www.kanachu.co.jp/dia/diagram/timetable01_js/course:0000801242-16/node:00129391/kt:0/lname:/"
}
