{
    "date": "2025/10/20",
    "name": "市役所市立病院前",
    "position": "-",
    "system": "間17",
    "destinations": [
        "職業安定所前(大和市)",
        "郵便局前(大和市)",
        "市民活動拠点ベテルギウス前",
        "豊川稲荷前(大和市)",
        "新橋通り(大和市)",
        "大和駅西口",
        "中央四丁目(大和市)",
        "草柳一丁目",
        "草柳二丁目",
        "草柳三丁目",
        "引地台公園入口",
        "山王橋(大和市)",
        "富士見橋(大和市)",
        "桜ヶ丘駅西口"
    ],
    "weekday": [
        "9:37",
        "10:27",
        "11:12",
        "12:07",
        "12:57",
        "13:47",
        "14:37",
        "15:27",
        "16:17",
        "17:07",
        "17:57"
    ],
    "saturday": [],
    "holiday": [],
    "url": "https://www.kanachu.co.jp/dia/diagram/timetable01_js/course:0000803782-5/node:00129611/kt:0/lname:/"
}
