{
    "date": "2025/10/20",
    "name": "市民活動拠点ベテルギウス前",
    "position": "-",
    "system": "間17",
    "destinations": [
        "豊川稲荷前(大和市)",
        "新橋通り(大和市)",
        "大和駅西口",
        "中央四丁目(大和市)",
        "草柳一丁目",
        "草柳二丁目",
        "草柳三丁目",
        "引地台公園入口",
        "山王橋(大和市)",
        "富士見橋(大和市)",
        "桜ヶ丘駅西口"
    ],
    "weekday": [
        "9:43",
        "10:33",
        "11:18",
        "12:13",
        "13:03",
        "13:53",
        "14:43",
        "15:33",
        "16:23",
        "17:13",
        "18:03"
    ],
    "saturday": [],
    "holiday": [],
    "url": "https://www.kanachu.co.jp/dia/diagram/timetable01_js/course:0000803782-8/node:00129613/kt:0/lname:/"
}
