{
    "date": "2025/08/30",
    "name": "上大岡駅",
    "position": "-",
    "system": "",
    "destinations": [
        "慰霊堂入口",
        "桜岡小学校前",
        "最戸町",
        "南が丘中学校前",
        "別所宮下",
        "普門院前",
        "水道橋下",
        "芹が谷山谷",
        "芹が谷",
        "せりぎんタウン",
        "芹が谷団地前",
        "永谷地区センター前",
        "平戸(横浜市港南区)",
        "国道平戸",
        "品濃口",
        "坂下(横浜市戸塚区)",
        "品濃町(横浜市戸塚区)",
        "東戸塚駅東口"
    ],
    "weekday": [
        "6:08",
        "6:17",
        "6:37",
        "6:45",
        "6:52",
        "7:03",
        "7:15",
        "7:31",
        "7:39",
        "7:47",
        "7:55",
        "8:10",
        "8:25",
        "8:40",
        "9:00",
        "9:20",
        "9:40",
        "10:00",
        "10:20",
        "10:40",
        "11:00",
        "11:20",
        "11:40",
        "12:00",
        "12:20",
        "12:40",
        "13:00",
        "13:20",
        "13:40",
        "14:00",
        "14:20",
        "14:40",
        "15:00",
        "15:20",
        "15:40",
        "16:00",
        "16:20",
        "16:36",
        "16:48",
        "17:00",
        "17:12",
        "17:24",
        "17:36",
        "17:48",
        "18:00",
        "18:12",
        "18:24",
        "18:40",
        "18:56",
        "19:12",
        "19:30",
        "19:42",
        "20:07",
        "20:30",
        "21:00",
        "21:30",
        "22:00",
        "22:30"
    ],
    "saturday": [
        "6:20",
        "6:40",
        "7:00",
        "7:20",
        "7:40",
        "8:00",
        "8:18",
        "8:42",
        "9:00",
        "9:18",
        "9:42",
        "10:00",
        "10:20",
        "10:40",
        "11:00",
        "11:20",
        "11:40",
        "12:00",
        "12:18",
        "12:36",
        "13:00",
        "13:18",
        "13:36",
        "14:00",
        "14:18",
        "14:36",
        "15:00",
        "15:18",
        "15:36",
        "16:00",
        "16:22",
        "16:37",
        "17:00",
        "17:22",
        "17:37",
        "18:00",
        "18:22",
        "18:40",
        "19:00",
        "19:30",
        "20:00",
        "20:36",
        "21:18",
        "22:03"
    ],
    "holiday": [
        "6:30",
        "7:00",
        "7:20",
        "7:40",
        "8:00",
        "8:20",
        "8:40",
        "9:00",
        "9:20",
        "9:40",
        "10:00",
        "10:20",
        "10:40",
        "11:00",
        "11:20",
        "11:40",
        "12:00",
        "12:20",
        "12:40",
        "13:00",
        "13:18",
        "13:36",
        "14:00",
        "14:18",
        "14:36",
        "15:00",
        "15:18",
        "15:36",
        "16:00",
        "16:18",
        "16:36",
        "17:00",
        "17:18",
        "17:36",
        "18:00",
        "18:20",
        "18:40",
        "19:00",
        "19:30",
        "20:05",
        "20:41",
        "21:20"
    ],
    "url": "https://www.kanachu.co.jp/dia/diagram/timetable01_js/course:0000803876-1/node:00102366/kt:0/lname:/"
}
