{
    "date": "2025/08/30",
    "name": "桜岡小学校前",
    "position": "-",
    "system": "203",
    "destinations": [
        "最戸町",
        "南が丘中学校前",
        "別所宮下",
        "普門院前",
        "水道橋下",
        "芹が谷山谷",
        "芹が谷",
        "せりぎんタウン",
        "芹が谷団地前",
        "永谷地区センター前",
        "平戸(横浜市港南区)",
        "国道平戸",
        "品濃口",
        "坂下(横浜市戸塚区)",
        "品濃町(横浜市戸塚区)",
        "東戸塚駅東口"
    ],
    "weekday": [
        "6:11",
        "6:20",
        "6:40",
        "6:48",
        "6:55",
        "7:06",
        "7:18",
        "7:34",
        "7:42",
        "7:50",
        "7:58",
        "8:13",
        "8:28",
        "8:43",
        "9:03",
        "9:23",
        "9:43",
        "10:03",
        "10:23",
        "10:43",
        "11:03",
        "11:23",
        "11:43",
        "12:03",
        "12:23",
        "12:43",
        "13:03",
        "13:23",
        "13:43",
        "14:03",
        "14:23",
        "14:43",
        "15:03",
        "15:23",
        "15:43",
        "16:03",
        "16:23",
        "16:39",
        "16:51",
        "17:03",
        "17:15",
        "17:27",
        "17:39",
        "17:51",
        "18:03",
        "18:15",
        "18:27",
        "18:43",
        "18:59",
        "19:15",
        "19:33",
        "19:45",
        "20:09",
        "20:32",
        "21:02",
        "21:32",
        "22:02",
        "22:32"
    ],
    "saturday": [
        "6:22",
        "6:42",
        "7:02",
        "7:22",
        "7:42",
        "8:02",
        "8:21",
        "8:45",
        "9:03",
        "9:21",
        "9:45",
        "10:03",
        "10:23",
        "10:43",
        "11:03",
        "11:23",
        "11:43",
        "12:03",
        "12:21",
        "12:39",
        "13:03",
        "13:21",
        "13:39",
        "14:03",
        "14:21",
        "14:39",
        "15:03",
        "15:21",
        "15:39",
        "16:03",
        "16:25",
        "16:40",
        "17:03",
        "17:25",
        "17:40",
        "18:03",
        "18:25",
        "18:43",
        "19:03",
        "19:33",
        "20:03",
        "20:38",
        "21:20",
        "22:05"
    ],
    "holiday": [
        "6:32",
        "7:02",
        "7:22",
        "7:42",
        "8:02",
        "8:23",
        "8:43",
        "9:03",
        "9:23",
        "9:43",
        "10:03",
        "10:23",
        "10:43",
        "11:03",
        "11:23",
        "11:43",
        "12:03",
        "12:23",
        "12:43",
        "13:03",
        "13:21",
        "13:39",
        "14:03",
        "14:21",
        "14:39",
        "15:03",
        "15:21",
        "15:39",
        "16:03",
        "16:21",
        "16:39",
        "17:03",
        "17:21",
        "17:39",
        "18:03",
        "18:23",
        "18:43",
        "19:03",
        "19:33",
        "20:07",
        "20:43",
        "21:22"
    ],
    "url": "https://www.kanachu.co.jp/dia/diagram/timetable01_js/course:0000803876-3/node:00126560/kt:0/lname:/"
}
