{
    "date": "2025/08/30",
    "name": "最戸町",
    "position": "-",
    "system": "",
    "destinations": [
        "南が丘中学校前",
        "別所宮下",
        "普門院前",
        "水道橋下",
        "芹が谷山谷",
        "芹が谷",
        "せりぎんタウン",
        "芹が谷団地前",
        "永谷地区センター前",
        "平戸(横浜市港南区)",
        "国道平戸",
        "品濃口",
        "坂下(横浜市戸塚区)",
        "品濃町(横浜市戸塚区)",
        "東戸塚駅東口"
    ],
    "weekday": [
        "6:13",
        "6:22",
        "6:42",
        "6:50",
        "6:57",
        "7:08",
        "7:20",
        "7:36",
        "7:44",
        "7:52",
        "8:00",
        "8:15",
        "8:30",
        "8:45",
        "9:05",
        "9:25",
        "9:45",
        "10:05",
        "10:25",
        "10:45",
        "11:05",
        "11:25",
        "11:45",
        "12:05",
        "12:25",
        "12:45",
        "13:05",
        "13:25",
        "13:45",
        "14:05",
        "14:25",
        "14:45",
        "15:05",
        "15:25",
        "15:45",
        "16:05",
        "16:25",
        "16:41",
        "16:53",
        "17:05",
        "17:17",
        "17:29",
        "17:41",
        "17:53",
        "18:05",
        "18:17",
        "18:29",
        "18:45",
        "19:01",
        "19:17",
        "19:35",
        "19:47",
        "20:11",
        "20:34",
        "21:04",
        "21:34",
        "22:04",
        "22:34"
    ],
    "saturday": [
        "6:24",
        "6:44",
        "7:04",
        "7:24",
        "7:44",
        "8:04",
        "8:23",
        "8:47",
        "9:05",
        "9:23",
        "9:47",
        "10:05",
        "10:25",
        "10:45",
        "11:05",
        "11:25",
        "11:45",
        "12:05",
        "12:23",
        "12:41",
        "13:05",
        "13:23",
        "13:41",
        "14:05",
        "14:23",
        "14:41",
        "15:05",
        "15:23",
        "15:41",
        "16:05",
        "16:27",
        "16:42",
        "17:05",
        "17:27",
        "17:42",
        "18:05",
        "18:27",
        "18:45",
        "19:05",
        "19:35",
        "20:05",
        "20:40",
        "21:22",
        "22:07"
    ],
    "holiday": [
        "6:34",
        "7:04",
        "7:24",
        "7:44",
        "8:04",
        "8:25",
        "8:45",
        "9:05",
        "9:25",
        "9:45",
        "10:05",
        "10:25",
        "10:45",
        "11:05",
        "11:25",
        "11:45",
        "12:05",
        "12:25",
        "12:45",
        "13:05",
        "13:23",
        "13:41",
        "14:05",
        "14:23",
        "14:41",
        "15:05",
        "15:23",
        "15:41",
        "16:05",
        "16:23",
        "16:41",
        "17:05",
        "17:23",
        "17:41",
        "18:05",
        "18:25",
        "18:45",
        "19:05",
        "19:35",
        "20:09",
        "20:45",
        "21:24"
    ],
    "url": "https://www.kanachu.co.jp/dia/diagram/timetable01_js/course:0000803876-4/node:00126561/kt:0/lname:/"
}
