{
    "date": "2025/08/30",
    "name": "南が丘中学校前",
    "position": "-",
    "system": "",
    "destinations": [
        "別所宮下",
        "普門院前",
        "水道橋下",
        "芹が谷山谷",
        "芹が谷",
        "せりぎんタウン",
        "芹が谷団地前",
        "永谷地区センター前",
        "平戸(横浜市港南区)",
        "国道平戸",
        "品濃口",
        "坂下(横浜市戸塚区)",
        "品濃町(横浜市戸塚区)",
        "東戸塚駅東口"
    ],
    "weekday": [
        "6:14",
        "6:23",
        "6:43",
        "6:51",
        "6:58",
        "7:09",
        "7:21",
        "7:38",
        "7:46",
        "7:54",
        "8:02",
        "8:17",
        "8:32",
        "8:47",
        "9:07",
        "9:27",
        "9:47",
        "10:07",
        "10:27",
        "10:47",
        "11:07",
        "11:27",
        "11:47",
        "12:07",
        "12:27",
        "12:47",
        "13:07",
        "13:27",
        "13:47",
        "14:07",
        "14:27",
        "14:47",
        "15:07",
        "15:27",
        "15:47",
        "16:07",
        "16:27",
        "16:43",
        "16:55",
        "17:07",
        "17:19",
        "17:31",
        "17:43",
        "17:55",
        "18:07",
        "18:19",
        "18:31",
        "18:47",
        "19:03",
        "19:19",
        "19:37",
        "19:49",
        "20:12",
        "20:35",
        "21:05",
        "21:35",
        "22:05",
        "22:35"
    ],
    "saturday": [
        "6:25",
        "6:45",
        "7:05",
        "7:25",
        "7:45",
        "8:06",
        "8:25",
        "8:49",
        "9:07",
        "9:25",
        "9:49",
        "10:07",
        "10:27",
        "10:47",
        "11:07",
        "11:27",
        "11:47",
        "12:07",
        "12:25",
        "12:43",
        "13:07",
        "13:25",
        "13:43",
        "14:07",
        "14:25",
        "14:43",
        "15:07",
        "15:25",
        "15:43",
        "16:07",
        "16:29",
        "16:44",
        "17:07",
        "17:29",
        "17:44",
        "18:07",
        "18:29",
        "18:47",
        "19:07",
        "19:37",
        "20:06",
        "20:41",
        "21:23",
        "22:08"
    ],
    "holiday": [
        "6:35",
        "7:05",
        "7:25",
        "7:45",
        "8:06",
        "8:27",
        "8:47",
        "9:07",
        "9:27",
        "9:47",
        "10:07",
        "10:27",
        "10:47",
        "11:07",
        "11:27",
        "11:47",
        "12:07",
        "12:27",
        "12:47",
        "13:07",
        "13:25",
        "13:43",
        "14:07",
        "14:25",
        "14:43",
        "15:07",
        "15:25",
        "15:43",
        "16:07",
        "16:25",
        "16:43",
        "17:07",
        "17:25",
        "17:43",
        "18:07",
        "18:27",
        "18:47",
        "19:07",
        "19:36",
        "20:10",
        "20:46",
        "21:25"
    ],
    "url": "https://www.kanachu.co.jp/dia/diagram/timetable01_js/course:0000803876-5/node:00126562/kt:0/lname:/"
}
