{
    "date": "2025/08/30",
    "name": "別所宮下",
    "position": "-",
    "system": "",
    "destinations": [
        "普門院前",
        "水道橋下",
        "芹が谷山谷",
        "芹が谷",
        "せりぎんタウン",
        "芹が谷団地前",
        "永谷地区センター前",
        "平戸(横浜市港南区)",
        "国道平戸",
        "品濃口",
        "坂下(横浜市戸塚区)",
        "品濃町(横浜市戸塚区)",
        "東戸塚駅東口"
    ],
    "weekday": [
        "6:15",
        "6:24",
        "6:44",
        "6:52",
        "6:59",
        "7:10",
        "7:22",
        "7:39",
        "7:47",
        "7:55",
        "8:03",
        "8:18",
        "8:33",
        "8:48",
        "9:08",
        "9:28",
        "9:48",
        "10:08",
        "10:28",
        "10:48",
        "11:08",
        "11:28",
        "11:48",
        "12:08",
        "12:28",
        "12:48",
        "13:08",
        "13:28",
        "13:48",
        "14:08",
        "14:28",
        "14:48",
        "15:08",
        "15:28",
        "15:48",
        "16:08",
        "16:28",
        "16:44",
        "16:56",
        "17:08",
        "17:20",
        "17:32",
        "17:44",
        "17:56",
        "18:08",
        "18:20",
        "18:32",
        "18:48",
        "19:04",
        "19:20",
        "19:38",
        "19:50",
        "20:13",
        "20:36",
        "21:06",
        "21:36",
        "22:06",
        "22:36"
    ],
    "saturday": [
        "6:26",
        "6:46",
        "7:06",
        "7:26",
        "7:46",
        "8:07",
        "8:26",
        "8:50",
        "9:08",
        "9:26",
        "9:50",
        "10:08",
        "10:28",
        "10:48",
        "11:08",
        "11:28",
        "11:48",
        "12:08",
        "12:26",
        "12:44",
        "13:08",
        "13:26",
        "13:44",
        "14:08",
        "14:26",
        "14:44",
        "15:08",
        "15:26",
        "15:44",
        "16:08",
        "16:30",
        "16:45",
        "17:08",
        "17:30",
        "17:45",
        "18:08",
        "18:30",
        "18:48",
        "19:08",
        "19:38",
        "20:07",
        "20:42",
        "21:24",
        "22:09"
    ],
    "holiday": [
        "6:36",
        "7:06",
        "7:26",
        "7:46",
        "8:07",
        "8:28",
        "8:48",
        "9:08",
        "9:28",
        "9:48",
        "10:08",
        "10:28",
        "10:48",
        "11:08",
        "11:28",
        "11:48",
        "12:08",
        "12:28",
        "12:48",
        "13:08",
        "13:26",
        "13:44",
        "14:08",
        "14:26",
        "14:44",
        "15:08",
        "15:26",
        "15:44",
        "16:08",
        "16:26",
        "16:44",
        "17:08",
        "17:26",
        "17:44",
        "18:08",
        "18:28",
        "18:48",
        "19:08",
        "19:37",
        "20:11",
        "20:47",
        "21:26"
    ],
    "url": "https://www.kanachu.co.jp/dia/diagram/timetable01_js/course:0000803876-6/node:00126563/kt:0/lname:/"
}
