{
    "date": "2025/08/30",
    "name": "水道橋下",
    "position": "-",
    "system": "",
    "destinations": [
        "芹が谷山谷",
        "芹が谷",
        "せりぎんタウン",
        "芹が谷団地前",
        "永谷地区センター前",
        "平戸(横浜市港南区)",
        "国道平戸",
        "品濃口",
        "坂下(横浜市戸塚区)",
        "品濃町(横浜市戸塚区)",
        "東戸塚駅東口"
    ],
    "weekday": [
        "6:17",
        "6:26",
        "6:46",
        "6:54",
        "7:01",
        "7:12",
        "7:24",
        "7:42",
        "7:50",
        "7:58",
        "8:06",
        "8:21",
        "8:36",
        "8:51",
        "9:11",
        "9:31",
        "9:51",
        "10:11",
        "10:31",
        "10:51",
        "11:11",
        "11:31",
        "11:51",
        "12:11",
        "12:31",
        "12:51",
        "13:11",
        "13:31",
        "13:51",
        "14:11",
        "14:31",
        "14:51",
        "15:11",
        "15:31",
        "15:51",
        "16:11",
        "16:31",
        "16:47",
        "16:59",
        "17:11",
        "17:23",
        "17:35",
        "17:47",
        "17:59",
        "18:11",
        "18:23",
        "18:35",
        "18:51",
        "19:07",
        "19:23",
        "19:41",
        "19:53",
        "20:15",
        "20:38",
        "21:08",
        "21:38",
        "22:08",
        "22:38"
    ],
    "saturday": [
        "6:28",
        "6:48",
        "7:08",
        "7:28",
        "7:48",
        "8:10",
        "8:29",
        "8:53",
        "9:11",
        "9:29",
        "9:53",
        "10:11",
        "10:31",
        "10:51",
        "11:11",
        "11:31",
        "11:51",
        "12:11",
        "12:29",
        "12:47",
        "13:11",
        "13:29",
        "13:47",
        "14:11",
        "14:29",
        "14:47",
        "15:11",
        "15:29",
        "15:47",
        "16:11",
        "16:33",
        "16:48",
        "17:11",
        "17:33",
        "17:48",
        "18:11",
        "18:33",
        "18:51",
        "19:11",
        "19:41",
        "20:09",
        "20:44",
        "21:26",
        "22:11"
    ],
    "holiday": [
        "6:38",
        "7:08",
        "7:28",
        "7:48",
        "8:10",
        "8:31",
        "8:51",
        "9:11",
        "9:31",
        "9:51",
        "10:11",
        "10:31",
        "10:51",
        "11:11",
        "11:31",
        "11:51",
        "12:11",
        "12:31",
        "12:51",
        "13:11",
        "13:29",
        "13:47",
        "14:11",
        "14:29",
        "14:47",
        "15:11",
        "15:29",
        "15:47",
        "16:11",
        "16:29",
        "16:47",
        "17:11",
        "17:29",
        "17:47",
        "18:11",
        "18:31",
        "18:51",
        "19:11",
        "19:39",
        "20:13",
        "20:49",
        "21:28"
    ],
    "url": "https://www.kanachu.co.jp/dia/diagram/timetable01_js/course:0000803876-8/node:00126565/kt:0/lname:/"
}
