{
    "date": "2025/08/30",
    "name": "芹が谷",
    "position": "-",
    "system": "",
    "destinations": [
        "せりぎんタウン",
        "芹が谷団地前",
        "永谷地区センター前",
        "平戸(横浜市港南区)",
        "国道平戸",
        "品濃口",
        "坂下(横浜市戸塚区)",
        "品濃町(横浜市戸塚区)",
        "東戸塚駅東口"
    ],
    "weekday": [
        "6:21",
        "6:30",
        "6:50",
        "6:58",
        "7:05",
        "7:16",
        "7:28",
        "7:46",
        "7:54",
        "8:02",
        "8:10",
        "8:25",
        "8:40",
        "8:55",
        "9:15",
        "9:35",
        "9:55",
        "10:15",
        "10:35",
        "10:55",
        "11:15",
        "11:35",
        "11:55",
        "12:15",
        "12:35",
        "12:55",
        "13:15",
        "13:35",
        "13:55",
        "14:15",
        "14:35",
        "14:55",
        "15:15",
        "15:35",
        "15:55",
        "16:15",
        "16:35",
        "16:51",
        "17:03",
        "17:15",
        "17:27",
        "17:39",
        "17:51",
        "18:03",
        "18:15",
        "18:27",
        "18:39",
        "18:55",
        "19:11",
        "19:27",
        "19:45",
        "19:57",
        "20:19",
        "20:42",
        "21:12",
        "21:42",
        "22:12",
        "22:42"
    ],
    "saturday": [
        "6:32",
        "6:52",
        "7:12",
        "7:32",
        "7:52",
        "8:14",
        "8:33",
        "8:57",
        "9:15",
        "9:33",
        "9:57",
        "10:15",
        "10:35",
        "10:55",
        "11:15",
        "11:35",
        "11:55",
        "12:15",
        "12:33",
        "12:51",
        "13:15",
        "13:33",
        "13:51",
        "14:15",
        "14:33",
        "14:51",
        "15:15",
        "15:33",
        "15:51",
        "16:15",
        "16:37",
        "16:52",
        "17:15",
        "17:37",
        "17:52",
        "18:15",
        "18:37",
        "18:55",
        "19:15",
        "19:45",
        "20:13",
        "20:48",
        "21:30",
        "22:15"
    ],
    "holiday": [
        "6:42",
        "7:12",
        "7:32",
        "7:52",
        "8:14",
        "8:35",
        "8:55",
        "9:15",
        "9:35",
        "9:55",
        "10:15",
        "10:35",
        "10:55",
        "11:15",
        "11:35",
        "11:55",
        "12:15",
        "12:35",
        "12:55",
        "13:15",
        "13:33",
        "13:51",
        "14:15",
        "14:33",
        "14:51",
        "15:15",
        "15:33",
        "15:51",
        "16:15",
        "16:33",
        "16:51",
        "17:15",
        "17:33",
        "17:51",
        "18:15",
        "18:35",
        "18:55",
        "19:15",
        "19:43",
        "20:17",
        "20:53",
        "21:32"
    ],
    "url": "https://www.kanachu.co.jp/dia/diagram/timetable01_js/course:0000803876-10/node:00126567/kt:0/lname:/"
}
