{
    "date": "2025/08/30",
    "name": "永谷地区センター前",
    "position": "-",
    "system": "",
    "destinations": [
        "平戸(横浜市港南区)",
        "国道平戸",
        "品濃口",
        "坂下(横浜市戸塚区)",
        "品濃町(横浜市戸塚区)",
        "東戸塚駅東口"
    ],
    "weekday": [
        "6:23",
        "6:32",
        "6:52",
        "7:00",
        "7:07",
        "7:18",
        "7:30",
        "7:48",
        "7:56",
        "8:04",
        "8:12",
        "8:27",
        "8:42",
        "8:57",
        "9:17",
        "9:37",
        "9:57",
        "10:17",
        "10:37",
        "10:57",
        "11:17",
        "11:37",
        "11:57",
        "12:17",
        "12:37",
        "12:57",
        "13:17",
        "13:37",
        "13:57",
        "14:17",
        "14:37",
        "14:57",
        "15:17",
        "15:37",
        "15:57",
        "16:17",
        "16:37",
        "16:53",
        "17:05",
        "17:17",
        "17:29",
        "17:41",
        "17:53",
        "18:05",
        "18:17",
        "18:29",
        "18:41",
        "18:57",
        "19:13",
        "19:29",
        "19:47",
        "19:59",
        "20:21",
        "20:44",
        "21:14",
        "21:44",
        "22:14",
        "22:44"
    ],
    "saturday": [
        "6:34",
        "6:54",
        "7:14",
        "7:34",
        "7:54",
        "8:16",
        "8:35",
        "8:59",
        "9:17",
        "9:35",
        "9:59",
        "10:17",
        "10:37",
        "10:57",
        "11:17",
        "11:37",
        "11:57",
        "12:17",
        "12:35",
        "12:53",
        "13:17",
        "13:35",
        "13:53",
        "14:17",
        "14:35",
        "14:53",
        "15:17",
        "15:35",
        "15:53",
        "16:17",
        "16:39",
        "16:54",
        "17:17",
        "17:39",
        "17:54",
        "18:17",
        "18:39",
        "18:57",
        "19:17",
        "19:47",
        "20:15",
        "20:50",
        "21:32",
        "22:17"
    ],
    "holiday": [
        "6:44",
        "7:14",
        "7:34",
        "7:54",
        "8:16",
        "8:37",
        "8:57",
        "9:17",
        "9:37",
        "9:57",
        "10:17",
        "10:37",
        "10:57",
        "11:17",
        "11:37",
        "11:57",
        "12:17",
        "12:37",
        "12:57",
        "13:17",
        "13:35",
        "13:53",
        "14:17",
        "14:35",
        "14:53",
        "15:17",
        "15:35",
        "15:53",
        "16:17",
        "16:35",
        "16:53",
        "17:17",
        "17:35",
        "17:53",
        "18:17",
        "18:37",
        "18:57",
        "19:17",
        "19:45",
        "20:19",
        "20:55",
        "21:34"
    ],
    "url": "https://www.kanachu.co.jp/dia/diagram/timetable01_js/course:0000803876-13/node:00130495/kt:0/lname:/"
}
