{
    "date": "2025/08/30",
    "name": "国道平戸",
    "position": "-",
    "system": "",
    "destinations": [
        "品濃口",
        "坂下(横浜市戸塚区)",
        "品濃町(横浜市戸塚区)",
        "東戸塚駅東口"
    ],
    "weekday": [
        "6:27",
        "6:36",
        "6:56",
        "7:04",
        "7:11",
        "7:22",
        "7:34",
        "7:52",
        "8:00",
        "8:08",
        "8:16",
        "8:31",
        "8:46",
        "9:01",
        "9:21",
        "9:41",
        "10:01",
        "10:21",
        "10:41",
        "11:01",
        "11:21",
        "11:41",
        "12:01",
        "12:21",
        "12:41",
        "13:01",
        "13:21",
        "13:41",
        "14:01",
        "14:21",
        "14:41",
        "15:01",
        "15:21",
        "15:41",
        "16:01",
        "16:21",
        "16:41",
        "16:57",
        "17:09",
        "17:21",
        "17:33",
        "17:45",
        "17:57",
        "18:09",
        "18:21",
        "18:33",
        "18:45",
        "19:01",
        "19:17",
        "19:33",
        "19:51",
        "20:03",
        "20:25",
        "20:48",
        "21:18",
        "21:48",
        "22:18",
        "22:48"
    ],
    "saturday": [
        "6:38",
        "6:58",
        "7:18",
        "7:38",
        "7:58",
        "8:20",
        "8:39",
        "9:03",
        "9:21",
        "9:39",
        "10:03",
        "10:21",
        "10:41",
        "11:01",
        "11:21",
        "11:41",
        "12:01",
        "12:21",
        "12:39",
        "12:57",
        "13:21",
        "13:39",
        "13:57",
        "14:21",
        "14:39",
        "14:57",
        "15:21",
        "15:39",
        "15:57",
        "16:21",
        "16:43",
        "16:58",
        "17:21",
        "17:43",
        "17:58",
        "18:21",
        "18:43",
        "19:01",
        "19:21",
        "19:51",
        "20:19",
        "20:54",
        "21:36",
        "22:21"
    ],
    "holiday": [
        "6:48",
        "7:18",
        "7:38",
        "7:58",
        "8:20",
        "8:41",
        "9:01",
        "9:21",
        "9:41",
        "10:01",
        "10:21",
        "10:41",
        "11:01",
        "11:21",
        "11:41",
        "12:01",
        "12:21",
        "12:41",
        "13:01",
        "13:21",
        "13:39",
        "13:57",
        "14:21",
        "14:39",
        "14:57",
        "15:21",
        "15:39",
        "15:57",
        "16:21",
        "16:39",
        "16:57",
        "17:21",
        "17:39",
        "17:57",
        "18:21",
        "18:41",
        "19:01",
        "19:21",
        "19:49",
        "20:23",
        "20:59",
        "21:38"
    ],
    "url": "https://www.kanachu.co.jp/dia/diagram/timetable01_js/course:0000803876-15/node:00126618/kt:0/lname:/"
}
