{
    "date": "2025/08/30",
    "name": "品濃口",
    "position": "-",
    "system": "",
    "destinations": [
        "坂下(横浜市戸塚区)",
        "品濃町(横浜市戸塚区)",
        "東戸塚駅東口"
    ],
    "weekday": [
        "6:29",
        "6:38",
        "6:58",
        "7:06",
        "7:13",
        "7:24",
        "7:36",
        "7:54",
        "8:02",
        "8:10",
        "8:18",
        "8:33",
        "8:48",
        "9:03",
        "9:23",
        "9:43",
        "10:03",
        "10:23",
        "10:43",
        "11:03",
        "11:23",
        "11:43",
        "12:03",
        "12:23",
        "12:43",
        "13:03",
        "13:23",
        "13:43",
        "14:03",
        "14:23",
        "14:43",
        "15:03",
        "15:23",
        "15:43",
        "16:03",
        "16:23",
        "16:43",
        "16:59",
        "17:11",
        "17:23",
        "17:35",
        "17:47",
        "17:59",
        "18:11",
        "18:23",
        "18:35",
        "18:47",
        "19:03",
        "19:19",
        "19:35",
        "19:53",
        "20:05",
        "20:27",
        "20:50",
        "21:20",
        "21:50",
        "22:20",
        "22:50"
    ],
    "saturday": [
        "6:40",
        "7:00",
        "7:20",
        "7:40",
        "8:00",
        "8:22",
        "8:41",
        "9:05",
        "9:23",
        "9:41",
        "10:05",
        "10:23",
        "10:43",
        "11:03",
        "11:23",
        "11:43",
        "12:03",
        "12:23",
        "12:41",
        "12:59",
        "13:23",
        "13:41",
        "13:59",
        "14:23",
        "14:41",
        "14:59",
        "15:23",
        "15:41",
        "15:59",
        "16:23",
        "16:45",
        "17:00",
        "17:23",
        "17:45",
        "18:00",
        "18:23",
        "18:45",
        "19:03",
        "19:23",
        "19:53",
        "20:21",
        "20:56",
        "21:38",
        "22:23"
    ],
    "holiday": [
        "6:50",
        "7:20",
        "7:40",
        "8:00",
        "8:22",
        "8:43",
        "9:03",
        "9:23",
        "9:43",
        "10:03",
        "10:23",
        "10:43",
        "11:03",
        "11:23",
        "11:43",
        "12:03",
        "12:23",
        "12:43",
        "13:03",
        "13:23",
        "13:41",
        "13:59",
        "14:23",
        "14:41",
        "14:59",
        "15:23",
        "15:41",
        "15:59",
        "16:23",
        "16:41",
        "16:59",
        "17:23",
        "17:41",
        "17:59",
        "18:23",
        "18:43",
        "19:03",
        "19:23",
        "19:51",
        "20:25",
        "21:01",
        "21:40"
    ],
    "url": "https://www.kanachu.co.jp/dia/diagram/timetable01_js/course:0000803876-16/node:00126617/kt:0/lname:/"
}
