{
    "date": "2025/08/30",
    "name": "坂下(横浜市戸塚区)",
    "position": "-",
    "system": "",
    "destinations": [
        "品濃町(横浜市戸塚区)",
        "東戸塚駅東口"
    ],
    "weekday": [
        "6:30",
        "6:39",
        "6:59",
        "7:07",
        "7:14",
        "7:25",
        "7:37",
        "7:55",
        "8:03",
        "8:11",
        "8:19",
        "8:34",
        "8:49",
        "9:04",
        "9:24",
        "9:44",
        "10:04",
        "10:24",
        "10:44",
        "11:04",
        "11:24",
        "11:44",
        "12:04",
        "12:24",
        "12:44",
        "13:04",
        "13:24",
        "13:44",
        "14:04",
        "14:24",
        "14:44",
        "15:04",
        "15:24",
        "15:44",
        "16:04",
        "16:24",
        "16:44",
        "17:00",
        "17:12",
        "17:24",
        "17:36",
        "17:48",
        "18:00",
        "18:12",
        "18:24",
        "18:36",
        "18:48",
        "19:04",
        "19:20",
        "19:36",
        "19:54",
        "20:06",
        "20:28",
        "20:51",
        "21:21",
        "21:51",
        "22:21",
        "22:51"
    ],
    "saturday": [
        "6:41",
        "7:01",
        "7:21",
        "7:41",
        "8:01",
        "8:23",
        "8:42",
        "9:06",
        "9:24",
        "9:42",
        "10:06",
        "10:24",
        "10:44",
        "11:04",
        "11:24",
        "11:44",
        "12:04",
        "12:24",
        "12:42",
        "13:00",
        "13:24",
        "13:42",
        "14:00",
        "14:24",
        "14:42",
        "15:00",
        "15:24",
        "15:42",
        "16:00",
        "16:24",
        "16:46",
        "17:01",
        "17:24",
        "17:46",
        "18:01",
        "18:24",
        "18:46",
        "19:04",
        "19:24",
        "19:54",
        "20:22",
        "20:57",
        "21:39",
        "22:24"
    ],
    "holiday": [
        "6:51",
        "7:21",
        "7:41",
        "8:01",
        "8:23",
        "8:44",
        "9:04",
        "9:24",
        "9:44",
        "10:04",
        "10:24",
        "10:44",
        "11:04",
        "11:24",
        "11:44",
        "12:04",
        "12:24",
        "12:44",
        "13:04",
        "13:24",
        "13:42",
        "14:00",
        "14:24",
        "14:42",
        "15:00",
        "15:24",
        "15:42",
        "16:00",
        "16:24",
        "16:42",
        "17:00",
        "17:24",
        "17:42",
        "18:00",
        "18:24",
        "18:44",
        "19:04",
        "19:24",
        "19:52",
        "20:26",
        "21:02",
        "21:41"
    ],
    "url": "https://www.kanachu.co.jp/dia/diagram/timetable01_js/course:0000803876-17/node:00126641/kt:0/lname:/"
}
