{
    "date": "2025/08/30",
    "name": "品濃町(横浜市戸塚区)",
    "position": "-",
    "system": "",
    "destinations": [
        "東戸塚駅東口"
    ],
    "weekday": [
        "6:31",
        "6:40",
        "7:00",
        "7:08",
        "7:15",
        "7:26",
        "7:38",
        "7:56",
        "8:04",
        "8:12",
        "8:20",
        "8:35",
        "8:50",
        "9:05",
        "9:25",
        "9:45",
        "10:05",
        "10:25",
        "10:45",
        "11:05",
        "11:25",
        "11:45",
        "12:05",
        "12:25",
        "12:45",
        "13:05",
        "13:25",
        "13:45",
        "14:05",
        "14:25",
        "14:45",
        "15:05",
        "15:25",
        "15:45",
        "16:05",
        "16:25",
        "16:45",
        "17:01",
        "17:13",
        "17:25",
        "17:37",
        "17:49",
        "18:01",
        "18:13",
        "18:25",
        "18:37",
        "18:49",
        "19:05",
        "19:21",
        "19:37",
        "19:55",
        "20:07",
        "20:29",
        "20:52",
        "21:22",
        "21:52",
        "22:22",
        "22:52"
    ],
    "saturday": [
        "6:42",
        "7:02",
        "7:22",
        "7:42",
        "8:02",
        "8:24",
        "8:43",
        "9:07",
        "9:25",
        "9:43",
        "10:07",
        "10:25",
        "10:45",
        "11:05",
        "11:25",
        "11:45",
        "12:05",
        "12:25",
        "12:43",
        "13:01",
        "13:25",
        "13:43",
        "14:01",
        "14:25",
        "14:43",
        "15:01",
        "15:25",
        "15:43",
        "16:01",
        "16:25",
        "16:47",
        "17:02",
        "17:25",
        "17:47",
        "18:02",
        "18:25",
        "18:47",
        "19:05",
        "19:25",
        "19:55",
        "20:23",
        "20:58",
        "21:40",
        "22:25"
    ],
    "holiday": [
        "6:52",
        "7:22",
        "7:42",
        "8:02",
        "8:24",
        "8:45",
        "9:05",
        "9:25",
        "9:45",
        "10:05",
        "10:25",
        "10:45",
        "11:05",
        "11:25",
        "11:45",
        "12:05",
        "12:25",
        "12:45",
        "13:05",
        "13:25",
        "13:43",
        "14:01",
        "14:25",
        "14:43",
        "15:01",
        "15:25",
        "15:43",
        "16:01",
        "16:25",
        "16:43",
        "17:01",
        "17:25",
        "17:43",
        "18:01",
        "18:25",
        "18:45",
        "19:05",
        "19:25",
        "19:53",
        "20:27",
        "21:03",
        "21:42"
    ],
    "url": "https://www.kanachu.co.jp/dia/diagram/timetable01_js/course:0000803876-18/node:00126642/kt:0/lname:/"
}
