{
    "date": "2024/03/16",
    "name": "市民病院前(町田市)",
    "position": "",
    "system": "町60",
    "destinations": [
        "浄水場前(町田市)",
        "滝の沢(町田市)",
        "木曽住宅",
        "三家(町田市)",
        "木曽(町田市)",
        "忠生公園入口",
        "上宿(町田市)",
        "下根岸(町田市)",
        "根岸(根岸町/町田市)",
        "忠生都営住宅前",
        "矢部",
        "下常盤",
        "中常盤",
        "常盤(町田市)",
        "下馬場",
        "馬場十字路",
        "中村不動入口",
        "小山郵便局前",
        "小山小学校前(町田市)",
        "横土手",
        "御嶽堂",
        "片所",
        "坂本橋(町田市)",
        "多摩境駅",
        "田端(町田市)",
        "堂の前(町田市)",
        "三ツ目(町田市)",
        "久保ヶ谷戸",
        "寿橋",
        "寿町(相模原市緑区)",
        "旭農協前",
        "橋本駅北口"
    ],
    "weekday": [
        "10:00",
        "10:56",
        "11:56",
        "12:56",
        "13:56",
        "14:56",
        "16:00",
        "17:00",
        "18:01",
        "19:01",
        "19:56",
        "20:46"
    ],
    "saturday": [
        "9:56",
        "10:56",
        "11:56",
        "12:56",
        "13:56",
        "14:56",
        "16:00",
        "17:00",
        "18:00",
        "19:00",
        "20:00",
        "20:56"
    ],
    "holiday": [
        "10:56",
        "11:56",
        "12:56",
        "13:56",
        "14:56",
        "16:00",
        "17:00",
        "18:00",
        "19:00",
        "19:56"
    ],
    "url": "https://www.kanachu.co.jp/dia/diagram/timetable01_js/course:0000802015-6/node:00129359/kt:0/lname:/"
}
