{
    "date": "2024/03/16",
    "name": "忠生公園入口",
    "position": "",
    "system": "町60",
    "destinations": [
        "上宿(町田市)",
        "下根岸(町田市)",
        "根岸(根岸町/町田市)",
        "忠生都営住宅前",
        "矢部",
        "下常盤",
        "中常盤",
        "常盤(町田市)",
        "下馬場",
        "馬場十字路",
        "中村不動入口",
        "小山郵便局前",
        "小山小学校前(町田市)",
        "横土手",
        "御嶽堂",
        "片所",
        "坂本橋(町田市)",
        "多摩境駅",
        "田端(町田市)",
        "堂の前(町田市)",
        "三ツ目(町田市)",
        "久保ヶ谷戸",
        "寿橋",
        "寿町(相模原市緑区)",
        "旭農協前",
        "橋本駅北口"
    ],
    "weekday": [
        "10:08",
        "11:04",
        "12:04",
        "13:04",
        "14:04",
        "15:04",
        "16:08",
        "17:09",
        "18:10",
        "19:07",
        "20:02",
        "20:52"
    ],
    "saturday": [
        "10:02",
        "11:02",
        "12:02",
        "13:02",
        "14:02",
        "15:04",
        "16:08",
        "17:08",
        "18:08",
        "19:06",
        "20:06",
        "21:02"
    ],
    "holiday": [
        "11:02",
        "12:02",
        "13:02",
        "14:02",
        "15:04",
        "16:08",
        "17:08",
        "18:08",
        "19:06",
        "20:02"
    ],
    "url": "https://www.kanachu.co.jp/dia/diagram/timetable01_js/course:0000802015-12/node:00129494/kt:0/lname:/"
}
