{
    "date": "2024/03/16",
    "name": "中常盤",
    "position": "-",
    "system": "町60",
    "destinations": [
        "常盤(町田市)",
        "下馬場",
        "馬場十字路",
        "中村不動入口",
        "小山郵便局前",
        "小山小学校前(町田市)",
        "横土手",
        "御嶽堂",
        "片所",
        "坂本橋(町田市)",
        "多摩境駅",
        "田端(町田市)",
        "堂の前(町田市)",
        "三ツ目(町田市)",
        "久保ヶ谷戸",
        "寿橋",
        "寿町(相模原市緑区)",
        "旭農協前",
        "橋本駅北口"
    ],
    "weekday": [
        "10:18",
        "11:14",
        "12:14",
        "13:14",
        "14:14",
        "15:14",
        "16:18",
        "17:19",
        "18:20",
        "19:16",
        "20:11",
        "21:01"
    ],
    "saturday": [
        "10:12",
        "11:12",
        "12:12",
        "13:12",
        "14:12",
        "15:14",
        "16:18",
        "17:18",
        "18:18",
        "19:14",
        "20:14",
        "21:10"
    ],
    "holiday": [
        "11:12",
        "12:12",
        "13:12",
        "14:12",
        "15:14",
        "16:18",
        "17:18",
        "18:18",
        "19:14",
        "20:10"
    ],
    "url": "https://www.kanachu.co.jp/dia/diagram/timetable01_js/course:0000802015-19/node:00130098/kt:0/lname:/"
}
