{
    "date": "2024/03/16",
    "name": "横土手",
    "position": "",
    "system": "町60",
    "destinations": [
        "御嶽堂",
        "片所",
        "坂本橋(町田市)",
        "多摩境駅",
        "田端(町田市)",
        "堂の前(町田市)",
        "三ツ目(町田市)",
        "久保ヶ谷戸",
        "寿橋",
        "寿町(相模原市緑区)",
        "旭農協前",
        "橋本駅北口"
    ],
    "weekday": [
        "10:27",
        "11:23",
        "12:23",
        "13:23",
        "14:23",
        "15:23",
        "16:27",
        "17:29",
        "18:30",
        "19:26",
        "20:21",
        "21:11"
    ],
    "saturday": [
        "10:21",
        "11:21",
        "12:21",
        "13:21",
        "14:21",
        "15:23",
        "16:27",
        "17:27",
        "18:27",
        "19:23",
        "20:23",
        "21:19"
    ],
    "holiday": [
        "11:21",
        "12:21",
        "13:21",
        "14:21",
        "15:23",
        "16:27",
        "17:27",
        "18:27",
        "19:23",
        "20:19"
    ],
    "url": "https://www.kanachu.co.jp/dia/diagram/timetable01_js/course:0000802015-26/node:00020167/kt:0/lname:/"
}
