{
    "date": "2024/03/16",
    "name": "寿橋",
    "position": "",
    "system": "町60",
    "destinations": [
        "寿町(相模原市緑区)",
        "旭農協前",
        "橋本駅北口"
    ],
    "weekday": [
        "10:44",
        "11:40",
        "12:40",
        "13:40",
        "14:40",
        "15:40",
        "16:44",
        "17:46",
        "18:47",
        "19:43",
        "20:38",
        "21:28"
    ],
    "saturday": [
        "10:37",
        "11:37",
        "12:37",
        "13:37",
        "14:37",
        "15:39",
        "16:43",
        "17:43",
        "18:43",
        "19:39",
        "20:39",
        "21:35"
    ],
    "holiday": [
        "11:37",
        "12:37",
        "13:37",
        "14:37",
        "15:39",
        "16:43",
        "17:43",
        "18:43",
        "19:39",
        "20:35"
    ],
    "url": "https://www.kanachu.co.jp/dia/diagram/timetable01_js/course:0000802015-35/node:00130222/kt:0/lname:/"
}
