{
    "date": "2025/03/15",
    "name": "綾瀬車庫(綾瀬市)",
    "position": "-",
    "system": "長37",
    "destinations": [
        "大法寺(綾瀬市)",
        "上落合(綾瀬市)",
        "落合(綾瀬市)",
        "中川橋",
        "上土棚",
        "並塚",
        "上谷台",
        "長後駅西口"
    ],
    "weekday": [
        "5:26",
        "6:23",
        "6:34",
        "6:37",
        "6:52",
        "7:05",
        "7:16",
        "7:30",
        "7:46"
    ],
    "saturday": [
        "5:32"
    ],
    "holiday": [
        "6:02"
    ],
    "url": "https://www.kanachu.co.jp/dia/diagram/timetable01_js/course:0000800268-1/node:00129845/kt:0/lname:/"
}
