{
    "date": "2025/03/15",
    "name": "落合(綾瀬市)",
    "position": "-",
    "system": "長37",
    "destinations": [
        "中川橋",
        "上土棚",
        "並塚",
        "上谷台",
        "長後駅西口"
    ],
    "weekday": [
        "5:32",
        "6:29",
        "6:40",
        "6:43",
        "6:58",
        "7:11",
        "7:22",
        "7:36",
        "7:52"
    ],
    "saturday": [
        "5:38"
    ],
    "holiday": [
        "6:08"
    ],
    "url": "https://www.kanachu.co.jp/dia/diagram/timetable01_js/course:0000800268-4/node:00129850/kt:0/lname:/"
}
