{
    "date": "2025/03/15",
    "name": "中川橋",
    "position": "-",
    "system": "長37",
    "destinations": [
        "上土棚",
        "並塚",
        "上谷台",
        "長後駅西口"
    ],
    "weekday": [
        "5:33",
        "6:30",
        "6:41",
        "6:44",
        "6:59",
        "7:12",
        "7:23",
        "7:37",
        "7:53"
    ],
    "saturday": [
        "5:39"
    ],
    "holiday": [
        "6:09"
    ],
    "url": "https://www.kanachu.co.jp/dia/diagram/timetable01_js/course:0000800268-5/node:00129849/kt:0/lname:/"
}
