{
    "date": "2025/04/19",
    "name": "麻溝台",
    "position": "-",
    "system": "相21",
    "destinations": [
        "麻溝台中学校入口",
        "さがみ緑風園前",
        "麻溝台入口",
        "麻溝台高校",
        "北里大学病院・北里大学",
        "友愛病院前",
        "麻溝車庫",
        "相模原浄水場",
        "陽光台六丁目",
        "緑が丘一丁目(相模原市中央区)",
        "光が丘三丁目(相模原市中央区)",
        "光が丘大通り",
        "光が丘小学校前",
        "光が丘一丁目(相模原市中央区)",
        "千代田五丁目",
        "千代田十字路",
        "千代田一丁目",
        "職業安定所前(相模原市中央区)",
        "ウェルネスさがみはら前",
        "市役所前(相模原市中央区)",
        "グリーンプラザ(相模原市中央区)",
        "西門前(相模原市中央区)",
        "相模原五丁目",
        "相模原駅南口"
    ],
    "weekday": [
        "7:11",
        "8:26",
        "9:33",
        "10:33",
        "11:33",
        "12:33",
        "13:33",
        "14:33",
        "15:33",
        "16:23",
        "17:23",
        "18:28",
        "19:21"
    ],
    "saturday": [
        "7:29",
        "9:49",
        "10:45",
        "12:45",
        "14:45",
        "16:45",
        "18:45"
    ],
    "holiday": [
        "10:45",
        "12:45",
        "14:45"
    ],
    "url": "https://www.kanachu.co.jp/dia/diagram/timetable01_js/course:0000803524-10/node:00129696/kt:0/lname:/"
}
