{
    "date": "2025/04/19",
    "name": "麻溝台高校",
    "position": "-",
    "system": "相21",
    "destinations": [
        "北里大学病院・北里大学",
        "友愛病院前",
        "麻溝車庫",
        "相模原浄水場",
        "陽光台六丁目",
        "緑が丘一丁目(相模原市中央区)",
        "光が丘三丁目(相模原市中央区)",
        "光が丘大通り",
        "光が丘小学校前",
        "光が丘一丁目(相模原市中央区)",
        "千代田五丁目",
        "千代田十字路",
        "千代田一丁目",
        "職業安定所前(相模原市中央区)",
        "ウェルネスさがみはら前",
        "市役所前(相模原市中央区)",
        "グリーンプラザ(相模原市中央区)",
        "西門前(相模原市中央区)",
        "相模原五丁目",
        "相模原駅南口"
    ],
    "weekday": [
        "7:17",
        "8:32",
        "9:38",
        "10:38",
        "11:38",
        "12:38",
        "13:38",
        "14:38",
        "15:38",
        "16:28",
        "17:28",
        "18:33",
        "19:25"
    ],
    "saturday": [
        "7:34",
        "9:54",
        "10:50",
        "12:50",
        "14:50",
        "16:50",
        "18:50"
    ],
    "holiday": [
        "10:50",
        "12:50",
        "14:50"
    ],
    "url": "https://www.kanachu.co.jp/dia/diagram/timetable01_js/course:0000803524-14/node:00129064/kt:0/lname:/"
}
