{
    "date": "2025/04/19",
    "name": "友愛病院前",
    "position": "-",
    "system": "相21",
    "destinations": [
        "麻溝車庫",
        "相模原浄水場",
        "陽光台六丁目",
        "緑が丘一丁目(相模原市中央区)",
        "光が丘三丁目(相模原市中央区)",
        "光が丘大通り",
        "光が丘小学校前",
        "光が丘一丁目(相模原市中央区)",
        "千代田五丁目",
        "千代田十字路",
        "千代田一丁目",
        "職業安定所前(相模原市中央区)",
        "ウェルネスさがみはら前",
        "市役所前(相模原市中央区)",
        "グリーンプラザ(相模原市中央区)",
        "西門前(相模原市中央区)",
        "相模原五丁目",
        "相模原駅南口"
    ],
    "weekday": [
        "7:26",
        "8:41",
        "9:46",
        "10:46",
        "11:46",
        "12:46",
        "13:46",
        "14:46",
        "15:46",
        "16:36",
        "17:36",
        "18:41",
        "19:31"
    ],
    "saturday": [
        "7:41",
        "10:01",
        "10:57",
        "12:57",
        "14:57",
        "16:57",
        "18:57"
    ],
    "holiday": [
        "10:56",
        "12:56",
        "14:56"
    ],
    "url": "https://www.kanachu.co.jp/dia/diagram/timetable01_js/course:0000803524-16/node:00129286/kt:0/lname:/"
}
