{
    "date": "2025/04/19",
    "name": "光が丘三丁目(相模原市中央区)",
    "position": "-",
    "system": "相21",
    "destinations": [
        "光が丘大通り",
        "光が丘小学校前",
        "光が丘一丁目(相模原市中央区)",
        "千代田五丁目",
        "千代田十字路",
        "千代田一丁目",
        "職業安定所前(相模原市中央区)",
        "ウェルネスさがみはら前",
        "市役所前(相模原市中央区)",
        "グリーンプラザ(相模原市中央区)",
        "西門前(相模原市中央区)",
        "相模原五丁目",
        "相模原駅南口"
    ],
    "weekday": [
        "7:33",
        "8:48",
        "9:53",
        "10:53",
        "11:53",
        "12:53",
        "13:53",
        "14:53",
        "15:53",
        "16:45",
        "17:45",
        "18:50",
        "19:39"
    ],
    "saturday": [
        "7:48",
        "10:08",
        "11:04",
        "13:04",
        "15:04",
        "17:04",
        "19:04"
    ],
    "holiday": [
        "11:03",
        "13:03",
        "15:03"
    ],
    "url": "https://www.kanachu.co.jp/dia/diagram/timetable01_js/course:0000803524-21/node:00129233/kt:0/lname:/"
}
