{
    "date": "2025/04/19",
    "name": "グリーンプラザ(相模原市中央区)",
    "position": "-",
    "system": "相21",
    "destinations": [
        "西門前(相模原市中央区)",
        "相模原五丁目",
        "相模原駅南口"
    ],
    "weekday": [
        "7:49",
        "9:04",
        "10:08",
        "11:08",
        "12:08",
        "13:08",
        "14:08",
        "15:08",
        "16:10",
        "17:03",
        "18:03",
        "19:06",
        "19:53"
    ],
    "saturday": [
        "8:02",
        "10:22",
        "11:18",
        "13:18",
        "15:18",
        "17:18",
        "19:16"
    ],
    "holiday": [
        "11:17",
        "13:17",
        "15:17"
    ],
    "url": "https://www.kanachu.co.jp/dia/diagram/timetable01_js/course:0000803524-31/node:00128538/kt:0/lname:/"
}
