{
    "date": "2025/11/16",
    "name": "コンフォール平塚前",
    "position": "-",
    "system": "平50",
    "destinations": [
        "八幡入口",
        "八幡(平塚市)",
        "八幡公民館入口",
        "古河電工入口",
        "泉蔵院前",
        "四ノ宮(平塚市)",
        "大念寺前",
        "前鳥神社前",
        "ふじみ園前",
        "大江工業前",
        "平塚市リサイクルプラザ",
        "鹿見堂橋",
        "駒返橋",
        "田村十字路",
        "相模神田",
        "農協神田支所前",
        "柳の内",
        "寄木神社前",
        "真芳寺",
        "大神(平塚市)",
        "下戸田(厚木市)",
        "中戸田",
        "戸田(厚木市)",
        "相川中学校前",
        "愛坪",
        "下酒井",
        "酒井(厚木市)",
        "リバーサイド前(厚木市)"
    ],
    "weekday": [
        "23:03"
    ],
    "saturday": [
        "22:25"
    ],
    "holiday": [
        "22:25"
    ],
    "url": "https://www.kanachu.co.jp/dia/diagram/timetable01_js/course:0000803113-4/node:00127644/kt:0/lname:/"
}
