{
    "date": "2025/11/16",
    "name": "相模神田",
    "position": "-",
    "system": "平50",
    "destinations": [
        "農協神田支所前",
        "柳の内",
        "寄木神社前",
        "真芳寺",
        "大神(平塚市)",
        "下戸田(厚木市)",
        "中戸田",
        "戸田(厚木市)",
        "相川中学校前",
        "愛坪",
        "下酒井",
        "酒井(厚木市)",
        "リバーサイド前(厚木市)"
    ],
    "weekday": [
        "23:19"
    ],
    "saturday": [
        "22:41"
    ],
    "holiday": [
        "22:41"
    ],
    "url": "https://www.kanachu.co.jp/dia/diagram/timetable01_js/course:0000803113-19/node:00127663/kt:0/lname:/"
}
