{
    "date": "2025/04/01",
    "name": "藤の台団地",
    "position": "-",
    "system": "町54",
    "destinations": [
        "藤の台東",
        "金井小学校入口",
        "ゆうき山",
        "市立博物館前(町田市)",
        "養運寺",
        "菅原神社前(町田市)",
        "体育館前(町田市)",
        "町田郵便局前",
        "中町二丁目",
        "第四小学校前(町田市)",
        "町田市役所市民ホール前",
        "町田バスセンター"
    ],
    "weekday": [
        "7:00",
        "7:44",
        "8:15",
        "8:45",
        "9:17",
        "9:41",
        "10:17",
        "10:41",
        "11:42",
        "12:42",
        "13:42",
        "14:42",
        "15:42",
        "16:12",
        "16:41",
        "17:08",
        "17:44",
        "18:08",
        "18:44",
        "19:08",
        "19:35",
        "20:05",
        "20:35",
        "21:05",
        "21:45",
        "22:15"
    ],
    "saturday": [
        "6:50",
        "7:20",
        "7:50",
        "8:17",
        "8:41",
        "9:15",
        "9:35",
        "10:41",
        "11:42",
        "12:42",
        "13:42",
        "14:42",
        "15:42",
        "16:11",
        "16:41",
        "17:11",
        "17:41",
        "18:11",
        "18:41",
        "19:11",
        "19:51",
        "20:21",
        "21:11",
        "21:41"
    ],
    "holiday": [
        "6:45",
        "7:50",
        "8:20",
        "8:50",
        "9:20",
        "9:50",
        "10:50",
        "11:42",
        "12:42",
        "13:42",
        "14:42",
        "15:42",
        "16:11",
        "16:41",
        "17:11",
        "17:41",
        "18:11",
        "18:41",
        "19:11",
        "20:11",
        "21:11"
    ],
    "url": "https://www.kanachu.co.jp/dia/diagram/timetable01_js/course:0000803454-10/node:00129451/kt:0/lname:/"
}
