{
    "date": "2025/04/01",
    "name": "町田市役所市民ホール前",
    "position": "-",
    "system": "町54",
    "destinations": [
        "町田バスセンター"
    ],
    "weekday": [
        "7:15",
        "8:00",
        "8:31",
        "9:01",
        "9:33",
        "9:57",
        "10:33",
        "10:57",
        "11:58",
        "12:58",
        "13:58",
        "14:58",
        "15:57",
        "16:27",
        "16:56",
        "17:24",
        "18:00",
        "18:24",
        "19:00",
        "19:21",
        "19:48",
        "20:18",
        "20:48",
        "21:18",
        "21:57",
        "22:27"
    ],
    "saturday": [
        "7:03",
        "7:33",
        "8:03",
        "8:32",
        "8:56",
        "9:31",
        "9:51",
        "10:57",
        "11:58",
        "12:58",
        "13:58",
        "14:58",
        "15:58",
        "16:25",
        "16:54",
        "17:24",
        "17:54",
        "18:24",
        "18:54",
        "19:24",
        "20:03",
        "20:33",
        "21:23",
        "21:53"
    ],
    "holiday": [
        "6:58",
        "8:03",
        "8:35",
        "9:05",
        "9:36",
        "10:06",
        "11:06",
        "11:58",
        "12:58",
        "13:58",
        "14:58",
        "15:58",
        "16:27",
        "16:57",
        "17:27",
        "17:57",
        "18:27",
        "18:57",
        "19:24",
        "20:23",
        "21:23"
    ],
    "url": "https://www.kanachu.co.jp/dia/diagram/timetable01_js/course:0000803454-21/node:00129356/kt:0/lname:/"
}
