{
    "date": "2025/11/16",
    "name": "片町十字路",
    "position": "-",
    "system": "伊37",
    "destinations": [
        "片町(伊勢原市)",
        "共済会館入口",
        "りんどう寮前",
        "川上(伊勢原市)",
        "専修大学入口(伊勢原市)",
        "総合運動公園入口",
        "分れ道",
        "日向新田",
        "薬師入口",
        "はつみ坂",
        "日向川",
        "馬場リハビリ入口",
        "神奈川リハビリ"
    ],
    "weekday": [
        "19:23"
    ],
    "saturday": [
        "18:33"
    ],
    "holiday": [
        "18:33"
    ],
    "url": "https://www.kanachu.co.jp/dia/diagram/timetable01_js/course:0000803020-4/node:00128143/kt:0/lname:/"
}
