{
    "date": "2025/03/15",
    "name": "茅ヶ崎駅",
    "position": "-",
    "system": "茅48",
    "destinations": [
        "市民文化会館前(茅ケ崎市)",
        "ジャスコ前(茅ケ崎市)",
        "保健所前(茅ケ崎市)",
        "肥地力",
        "登象",
        "鶴嶺小学校前",
        "辻東(茅ケ崎市)",
        "古川(茅ケ崎市)",
        "小中島(茅ケ崎市)",
        "今宿(茅ケ崎市)",
        "町屋(茅ケ崎市)",
        "茶屋町(茅ケ崎市)",
        "十間坂",
        "茅ヶ崎四ツ角",
        "茅ヶ崎駅"
    ],
    "weekday": [
        "6:24",
        "6:31",
        "6:48",
        "6:57",
        "7:11",
        "7:16",
        "7:24",
        "7:34",
        "7:45",
        "7:56",
        "8:18",
        "16:40",
        "17:20",
        "18:00",
        "18:40",
        "19:20",
        "20:10"
    ],
    "saturday": [
        "7:07",
        "8:57",
        "9:45"
    ],
    "holiday": [],
    "url": "https://www.kanachu.co.jp/dia/diagram/timetable01_js/course:0000800605-1/node:00127126/kt:0/lname:/"
}
