{
    "date": "2024/03/16",
    "name": "鳶尾山前",
    "position": "-",
    "system": "厚10",
    "destinations": [
        "荻野神社入口",
        "東谷戸入口",
        "みはる野",
        "みはる野一丁目",
        "みはる野中央",
        "みはる野二丁目",
        "まつかげ台",
        "泉(厚木市)",
        "源氏河原",
        "相州病院",
        "新道橋(厚木市)",
        "上荻野",
        "上荻野車庫前"
    ],
    "weekday": [],
    "saturday": [
        "21:54",
        "22:55"
    ],
    "holiday": [
        "21:54",
        "22:38"
    ],
    "url": "https://www.kanachu.co.jp/dia/diagram/timetable01_js/course:0000803342-20/node:00128273/kt:0/lname:/"
}
