{
    "date": "2024/03/16",
    "name": "泉(厚木市)",
    "position": "-",
    "system": "厚10",
    "destinations": [
        "源氏河原",
        "相州病院",
        "新道橋(厚木市)",
        "上荻野",
        "上荻野車庫前"
    ],
    "weekday": [],
    "saturday": [
        "22:01",
        "23:02"
    ],
    "holiday": [
        "22:01",
        "22:45"
    ],
    "url": "https://www.kanachu.co.jp/dia/diagram/timetable01_js/course:0000803342-28/node:00128277/kt:0/lname:/"
}
