{
    "date": "2024/03/16",
    "name": "市民病院前(町田市)",
    "position": "-",
    "system": "町30",
    "destinations": [
        "浄水場前(町田市)",
        "滝の沢(町田市)",
        "木曽住宅",
        "三家(町田市)",
        "木曽(町田市)",
        "忠生公園入口",
        "上宿(町田市)",
        "下根岸(町田市)",
        "根岸(根岸町/町田市)",
        "忠生都営住宅前",
        "矢部",
        "下常盤",
        "中常盤",
        "常盤(町田市)",
        "下馬場",
        "馬場十字路",
        "中村不動入口",
        "小山郵便局前",
        "小山小学校前(町田市)",
        "横土手",
        "御嶽堂",
        "片所",
        "坂本橋(町田市)",
        "田端(町田市)",
        "堂の前(町田市)",
        "三ツ目(町田市)",
        "久保ヶ谷戸",
        "寿橋",
        "寿町(相模原市緑区)",
        "旭農協前",
        "橋本駅北口"
    ],
    "weekday": [
        "9:18",
        "9:38",
        "10:16",
        "10:36",
        "11:16",
        "11:36",
        "12:16",
        "12:36",
        "13:16",
        "13:36",
        "14:16",
        "14:36",
        "15:20",
        "15:40",
        "16:20",
        "16:40",
        "17:21",
        "17:41",
        "18:21",
        "18:41",
        "19:20",
        "19:40",
        "20:16"
    ],
    "saturday": [
        "9:16",
        "9:36",
        "10:16",
        "10:36",
        "11:16",
        "11:36",
        "12:16",
        "12:36",
        "13:16",
        "13:36",
        "14:16",
        "14:36",
        "15:20",
        "15:40",
        "16:20",
        "16:40",
        "17:20",
        "17:40",
        "18:25",
        "19:27",
        "20:26"
    ],
    "holiday": [
        "9:16",
        "9:36",
        "9:56",
        "10:16",
        "10:36",
        "11:16",
        "11:36",
        "12:16",
        "12:36",
        "13:16",
        "13:36",
        "14:16",
        "14:36",
        "15:28",
        "16:26",
        "17:35",
        "18:25",
        "19:27",
        "20:26",
        "20:56"
    ],
    "url": "https://www.kanachu.co.jp/dia/diagram/timetable01_js/course:0000802018-6/node:00129359/kt:0/lname:/"
}
