{
    "date": "2024/03/16",
    "name": "木曽(町田市)",
    "position": "-",
    "system": "町30",
    "destinations": [
        "忠生公園入口",
        "上宿(町田市)",
        "下根岸(町田市)",
        "根岸(根岸町/町田市)",
        "忠生都営住宅前",
        "矢部",
        "下常盤",
        "中常盤",
        "常盤(町田市)",
        "下馬場",
        "馬場十字路",
        "中村不動入口",
        "小山郵便局前",
        "小山小学校前(町田市)",
        "横土手",
        "御嶽堂",
        "片所",
        "坂本橋(町田市)",
        "田端(町田市)",
        "堂の前(町田市)",
        "三ツ目(町田市)",
        "久保ヶ谷戸",
        "寿橋",
        "寿町(相模原市緑区)",
        "旭農協前",
        "橋本駅北口"
    ],
    "weekday": [
        "9:25",
        "9:45",
        "10:23",
        "10:43",
        "11:23",
        "11:43",
        "12:23",
        "12:43",
        "13:23",
        "13:43",
        "14:23",
        "14:43",
        "15:27",
        "15:47",
        "16:27",
        "16:47",
        "17:29",
        "17:49",
        "18:29",
        "18:49",
        "19:25",
        "19:45",
        "20:21"
    ],
    "saturday": [
        "9:21",
        "9:41",
        "10:21",
        "10:41",
        "11:21",
        "11:41",
        "12:21",
        "12:41",
        "13:21",
        "13:41",
        "14:23",
        "14:43",
        "15:27",
        "15:47",
        "16:27",
        "16:47",
        "17:27",
        "17:47",
        "18:32",
        "19:32",
        "20:31"
    ],
    "holiday": [
        "9:21",
        "9:41",
        "10:01",
        "10:21",
        "10:41",
        "11:21",
        "11:41",
        "12:21",
        "12:41",
        "13:21",
        "13:41",
        "14:23",
        "14:43",
        "15:35",
        "16:33",
        "17:42",
        "18:32",
        "19:32",
        "20:31",
        "21:01"
    ],
    "url": "https://www.kanachu.co.jp/dia/diagram/timetable01_js/course:0000802018-11/node:00129364/kt:0/lname:/"
}
