{
    "date": "2024/03/16",
    "name": "上宿(町田市)",
    "position": "",
    "system": "町30",
    "destinations": [
        "下根岸(町田市)",
        "根岸(根岸町/町田市)",
        "忠生都営住宅前",
        "矢部",
        "下常盤",
        "中常盤",
        "常盤(町田市)",
        "下馬場",
        "馬場十字路",
        "中村不動入口",
        "小山郵便局前",
        "小山小学校前(町田市)",
        "横土手",
        "御嶽堂",
        "片所",
        "坂本橋(町田市)",
        "田端(町田市)",
        "堂の前(町田市)",
        "三ツ目(町田市)",
        "久保ヶ谷戸",
        "寿橋",
        "寿町(相模原市緑区)",
        "旭農協前",
        "橋本駅北口"
    ],
    "weekday": [
        "9:27",
        "9:47",
        "10:25",
        "10:45",
        "11:25",
        "11:45",
        "12:25",
        "12:45",
        "13:25",
        "13:45",
        "14:25",
        "14:45",
        "15:29",
        "15:49",
        "16:29",
        "16:49",
        "17:31",
        "17:51",
        "18:31",
        "18:51",
        "19:27",
        "19:47",
        "20:23"
    ],
    "saturday": [
        "9:23",
        "9:43",
        "10:23",
        "10:43",
        "11:23",
        "11:43",
        "12:23",
        "12:43",
        "13:23",
        "13:43",
        "14:25",
        "14:45",
        "15:29",
        "15:49",
        "16:29",
        "16:49",
        "17:29",
        "17:49",
        "18:34",
        "19:34",
        "20:33"
    ],
    "holiday": [
        "9:23",
        "9:43",
        "10:03",
        "10:23",
        "10:43",
        "11:23",
        "11:43",
        "12:23",
        "12:43",
        "13:23",
        "13:43",
        "14:25",
        "14:45",
        "15:37",
        "16:35",
        "17:44",
        "18:34",
        "19:34",
        "20:33",
        "21:03"
    ],
    "url": "https://www.kanachu.co.jp/dia/diagram/timetable01_js/course:0000802018-13/node:00129365/kt:0/lname:/"
}
