{
    "date": "2024/03/16",
    "name": "下根岸(町田市)",
    "position": "-",
    "system": "町30",
    "destinations": [
        "根岸(根岸町/町田市)",
        "忠生都営住宅前",
        "矢部",
        "下常盤",
        "中常盤",
        "常盤(町田市)",
        "下馬場",
        "馬場十字路",
        "中村不動入口",
        "小山郵便局前",
        "小山小学校前(町田市)",
        "横土手",
        "御嶽堂",
        "片所",
        "坂本橋(町田市)",
        "田端(町田市)",
        "堂の前(町田市)",
        "三ツ目(町田市)",
        "久保ヶ谷戸",
        "寿橋",
        "寿町(相模原市緑区)",
        "旭農協前",
        "橋本駅北口"
    ],
    "weekday": [
        "9:28",
        "9:48",
        "10:26",
        "10:46",
        "11:26",
        "11:46",
        "12:26",
        "12:46",
        "13:26",
        "13:46",
        "14:26",
        "14:46",
        "15:30",
        "15:50",
        "16:30",
        "16:50",
        "17:32",
        "17:52",
        "18:32",
        "18:52",
        "19:28",
        "19:48",
        "20:24"
    ],
    "saturday": [
        "9:24",
        "9:44",
        "10:24",
        "10:44",
        "11:24",
        "11:44",
        "12:24",
        "12:44",
        "13:24",
        "13:44",
        "14:26",
        "14:46",
        "15:30",
        "15:50",
        "16:30",
        "16:50",
        "17:30",
        "17:50",
        "18:35",
        "19:35",
        "20:34"
    ],
    "holiday": [
        "9:24",
        "9:44",
        "10:04",
        "10:24",
        "10:44",
        "11:24",
        "11:44",
        "12:24",
        "12:44",
        "13:24",
        "13:44",
        "14:26",
        "14:46",
        "15:38",
        "16:36",
        "17:45",
        "18:35",
        "19:35",
        "20:34",
        "21:04"
    ],
    "url": "https://www.kanachu.co.jp/dia/diagram/timetable01_js/course:0000802018-14/node:00129366/kt:0/lname:/"
}
