{
    "date": "2024/03/16",
    "name": "忠生都営住宅前",
    "position": "-",
    "system": "町30",
    "destinations": [
        "矢部",
        "下常盤",
        "中常盤",
        "常盤(町田市)",
        "下馬場",
        "馬場十字路",
        "中村不動入口",
        "小山郵便局前",
        "小山小学校前(町田市)",
        "横土手",
        "御嶽堂",
        "片所",
        "坂本橋(町田市)",
        "田端(町田市)",
        "堂の前(町田市)",
        "三ツ目(町田市)",
        "久保ヶ谷戸",
        "寿橋",
        "寿町(相模原市緑区)",
        "旭農協前",
        "橋本駅北口"
    ],
    "weekday": [
        "9:31",
        "9:51",
        "10:29",
        "10:49",
        "11:29",
        "11:49",
        "12:29",
        "12:49",
        "13:29",
        "13:49",
        "14:29",
        "14:49",
        "15:33",
        "15:53",
        "16:33",
        "16:53",
        "17:35",
        "17:55",
        "18:35",
        "18:55",
        "19:31",
        "19:51",
        "20:27"
    ],
    "saturday": [
        "9:27",
        "9:47",
        "10:27",
        "10:47",
        "11:27",
        "11:47",
        "12:27",
        "12:47",
        "13:27",
        "13:47",
        "14:29",
        "14:49",
        "15:33",
        "15:53",
        "16:33",
        "16:53",
        "17:33",
        "17:53",
        "18:38",
        "19:37",
        "20:36"
    ],
    "holiday": [
        "9:27",
        "9:47",
        "10:07",
        "10:27",
        "10:47",
        "11:27",
        "11:47",
        "12:27",
        "12:47",
        "13:27",
        "13:47",
        "14:29",
        "14:49",
        "15:41",
        "16:39",
        "17:48",
        "18:38",
        "19:37",
        "20:36",
        "21:06"
    ],
    "url": "https://www.kanachu.co.jp/dia/diagram/timetable01_js/course:0000802018-16/node:00129515/kt:0/lname:/"
}
