{
    "date": "2024/03/16",
    "name": "坂本橋(町田市)",
    "position": "",
    "system": "町30",
    "destinations": [
        "田端(町田市)",
        "堂の前(町田市)",
        "三ツ目(町田市)",
        "久保ヶ谷戸",
        "寿橋",
        "寿町(相模原市緑区)",
        "旭農協前",
        "橋本駅北口"
    ],
    "weekday": [
        "9:49",
        "10:09",
        "10:47",
        "11:07",
        "11:47",
        "12:07",
        "12:47",
        "13:07",
        "13:47",
        "14:07",
        "14:47",
        "15:07",
        "15:51",
        "16:11",
        "16:51",
        "17:11",
        "17:54",
        "18:14",
        "18:54",
        "19:14",
        "19:49",
        "20:09",
        "20:45"
    ],
    "saturday": [
        "9:45",
        "10:05",
        "10:45",
        "11:05",
        "11:45",
        "12:05",
        "12:45",
        "13:05",
        "13:45",
        "14:05",
        "14:47",
        "15:07",
        "15:51",
        "16:11",
        "16:51",
        "17:11",
        "17:51",
        "18:11",
        "18:56",
        "19:54",
        "20:53"
    ],
    "holiday": [
        "9:45",
        "10:05",
        "10:25",
        "10:45",
        "11:05",
        "11:45",
        "12:05",
        "12:45",
        "13:05",
        "13:45",
        "14:05",
        "14:47",
        "15:07",
        "15:59",
        "16:57",
        "18:06",
        "18:56",
        "19:54",
        "20:53",
        "21:23"
    ],
    "url": "https://www.kanachu.co.jp/dia/diagram/timetable01_js/course:0000802018-29/node:00130090/kt:0/lname:/"
}
