{
    "date": "2024/03/16",
    "name": "堂の前(町田市)",
    "position": "",
    "system": "町30",
    "destinations": [
        "三ツ目(町田市)",
        "久保ヶ谷戸",
        "寿橋",
        "寿町(相模原市緑区)",
        "旭農協前",
        "橋本駅北口"
    ],
    "weekday": [
        "9:51",
        "10:11",
        "10:49",
        "11:09",
        "11:49",
        "12:09",
        "12:49",
        "13:09",
        "13:49",
        "14:09",
        "14:49",
        "15:09",
        "15:53",
        "16:13",
        "16:53",
        "17:13",
        "17:56",
        "18:16",
        "18:56",
        "19:16",
        "19:51",
        "20:11",
        "20:47"
    ],
    "saturday": [
        "9:47",
        "10:07",
        "10:47",
        "11:07",
        "11:47",
        "12:07",
        "12:47",
        "13:07",
        "13:47",
        "14:07",
        "14:49",
        "15:09",
        "15:53",
        "16:13",
        "16:53",
        "17:13",
        "17:53",
        "18:13",
        "18:58",
        "19:56",
        "20:55"
    ],
    "holiday": [
        "9:47",
        "10:07",
        "10:27",
        "10:47",
        "11:07",
        "11:47",
        "12:07",
        "12:47",
        "13:07",
        "13:47",
        "14:07",
        "14:49",
        "15:09",
        "16:01",
        "16:59",
        "18:08",
        "18:58",
        "19:56",
        "20:55",
        "21:25"
    ],
    "url": "https://www.kanachu.co.jp/dia/diagram/timetable01_js/course:0000802018-31/node:00130088/kt:0/lname:/"
}
