{
    "date": "2024/03/16",
    "name": "久保ヶ谷戸",
    "position": "",
    "system": "町30",
    "destinations": [
        "寿橋",
        "寿町(相模原市緑区)",
        "旭農協前",
        "橋本駅北口"
    ],
    "weekday": [
        "9:53",
        "10:13",
        "10:51",
        "11:11",
        "11:51",
        "12:11",
        "12:51",
        "13:11",
        "13:51",
        "14:11",
        "14:51",
        "15:11",
        "15:55",
        "16:15",
        "16:55",
        "17:15",
        "17:58",
        "18:18",
        "18:58",
        "19:18",
        "19:53",
        "20:13",
        "20:49"
    ],
    "saturday": [
        "9:49",
        "10:09",
        "10:49",
        "11:09",
        "11:49",
        "12:09",
        "12:49",
        "13:09",
        "13:49",
        "14:09",
        "14:51",
        "15:11",
        "15:55",
        "16:15",
        "16:55",
        "17:15",
        "17:55",
        "18:15",
        "19:00",
        "19:58",
        "20:57"
    ],
    "holiday": [
        "9:49",
        "10:09",
        "10:29",
        "10:49",
        "11:09",
        "11:49",
        "12:09",
        "12:49",
        "13:09",
        "13:49",
        "14:09",
        "14:51",
        "15:11",
        "16:03",
        "17:01",
        "18:10",
        "19:00",
        "19:58",
        "20:57",
        "21:27"
    ],
    "url": "https://www.kanachu.co.jp/dia/diagram/timetable01_js/course:0000802018-33/node:00128992/kt:0/lname:/"
}
