{
    "date": "2024/03/16",
    "name": "寿橋",
    "position": "-",
    "system": "町30",
    "destinations": [
        "寿町(相模原市緑区)",
        "旭農協前",
        "橋本駅北口"
    ],
    "weekday": [
        "9:54",
        "10:14",
        "10:52",
        "11:12",
        "11:52",
        "12:12",
        "12:52",
        "13:12",
        "13:52",
        "14:12",
        "14:52",
        "15:12",
        "15:56",
        "16:16",
        "16:56",
        "17:16",
        "17:59",
        "18:19",
        "18:59",
        "19:19",
        "19:54",
        "20:14",
        "20:50"
    ],
    "saturday": [
        "9:50",
        "10:10",
        "10:50",
        "11:10",
        "11:50",
        "12:10",
        "12:50",
        "13:10",
        "13:50",
        "14:10",
        "14:52",
        "15:12",
        "15:56",
        "16:16",
        "16:56",
        "17:16",
        "17:56",
        "18:16",
        "19:01",
        "19:59",
        "20:58"
    ],
    "holiday": [
        "9:50",
        "10:10",
        "10:30",
        "10:50",
        "11:10",
        "11:50",
        "12:10",
        "12:50",
        "13:10",
        "13:50",
        "14:10",
        "14:52",
        "15:12",
        "16:04",
        "17:02",
        "18:11",
        "19:01",
        "19:59",
        "20:58",
        "21:28"
    ],
    "url": "https://www.kanachu.co.jp/dia/diagram/timetable01_js/course:0000802018-34/node:00130222/kt:0/lname:/"
}
