{
    "date": "2026/01/16",
    "name": "水田(横浜市港南区)",
    "position": "-",
    "system": "東12",
    "destinations": [
        "日限地蔵入口",
        "永野小学校前",
        "上永谷駅",
        "丸山台(横浜市港南区)",
        "丸山台中学校前",
        "日限山",
        "日限山小学校入口",
        "港南プラザ",
        "西洗",
        "京急ニュータウン"
    ],
    "weekday": [
        "9:28",
        "10:21",
        "11:21",
        "12:27",
        "13:30",
        "14:37",
        "16:27",
        "17:33",
        "18:15",
        "19:01",
        "20:04"
    ],
    "saturday": [
        "8:17",
        "9:15",
        "10:09",
        "11:31",
        "12:31",
        "13:31",
        "14:31",
        "16:24",
        "17:29",
        "18:15",
        "19:04",
        "20:25"
    ],
    "holiday": [
        "9:33",
        "10:37",
        "11:38",
        "12:31",
        "13:31",
        "14:47",
        "16:31",
        "18:41",
        "19:37"
    ],
    "url": "https://www.kanachu.co.jp/dia/diagram/timetable01_js/course:0000804084-8/node:00102646/kt:0/lname:/"
}
