{
    "date": "2026/01/16",
    "name": "永野小学校前",
    "position": "-",
    "system": "東12",
    "destinations": [
        "上永谷駅",
        "丸山台(横浜市港南区)",
        "丸山台中学校前",
        "日限山",
        "日限山小学校入口",
        "港南プラザ",
        "西洗",
        "京急ニュータウン"
    ],
    "weekday": [
        "9:31",
        "10:24",
        "11:24",
        "12:30",
        "13:33",
        "14:40",
        "16:30",
        "17:36",
        "18:18",
        "19:04",
        "20:07"
    ],
    "saturday": [
        "8:20",
        "9:18",
        "10:12",
        "11:34",
        "12:34",
        "13:34",
        "14:34",
        "16:27",
        "17:32",
        "18:18",
        "19:07",
        "20:28"
    ],
    "holiday": [
        "9:36",
        "10:40",
        "11:41",
        "12:34",
        "13:34",
        "14:50",
        "16:34",
        "18:44",
        "19:40"
    ],
    "url": "https://www.kanachu.co.jp/dia/diagram/timetable01_js/course:0000804084-10/node:00102835/kt:0/lname:/"
}
