{
    "date": "2026/01/16",
    "name": "大磯小学校前",
    "position": "-",
    "system": "二01",
    "destinations": [
        "大磯駅",
        "図書館前(中郡大磯町)",
        "大磯局前",
        "山王町(中郡大磯町)",
        "長者町(中郡大磯町)",
        "化粧坂",
        "花水",
        "桜ヶ丘公園(平塚市)",
        "桜ヶ丘",
        "上平塚",
        "市民病院前(平塚市)"
    ],
    "weekday": [
        "8:17"
    ],
    "saturday": [],
    "holiday": [],
    "url": "https://www.kanachu.co.jp/dia/diagram/timetable01_js/course:0000804160-35/node:00127456/kt:0/lname:/"
}
