{
    "date": "2025/03/15",
    "name": "慶応大学本館前",
    "position": "-",
    "system": "湘24",
    "destinations": [
        "慶応中高等部前"
    ],
    "weekday": [
        "13:29",
        "14:29",
        "15:24",
        "16:29",
        "17:29",
        "18:29",
        "19:29",
        "20:24",
        "21:24"
    ],
    "saturday": [],
    "holiday": [],
    "url": "https://www.kanachu.co.jp/dia/diagram/timetable01_js/course:0000800857-11/node:00129986/kt:0/lname:/"
}
