{
    "date": "2025/07/03",
    "name": "幸町(茅ケ崎市)",
    "position": "-",
    "system": "茅37",
    "destinations": [
        "会館前(茅ケ崎市)",
        "東海岸",
        "東海岸南三丁目",
        "茅ヶ崎駅入口",
        "茅ヶ崎公園野球場",
        "市営プール前(茅ケ崎市)",
        "海水浴場前(茅ケ崎市)",
        "西浜(茅ケ崎市)",
        "南湖入口",
        "西浜高校前",
        "団地中央(茅ケ崎市)",
        "浜見平団地"
    ],
    "weekday": [
        "6:36",
        "7:21",
        "7:51",
        "19:57",
        "20:54"
    ],
    "saturday": [
        "7:01",
        "19:43"
    ],
    "holiday": [
        "7:01",
        "19:43"
    ],
    "url": "https://www.kanachu.co.jp/dia/diagram/timetable01_js/course:0000800819-2/node:00127220/kt:0/lname:/"
}
