{
    "date": "2025/07/12",
    "name": "遊行通り四丁目",
    "position": "-",
    "system": "藤35",
    "destinations": [
        "遊行寺前",
        "藤沢公民館前",
        "本町消防出張所前",
        "白旗交差点",
        "台町(藤沢市)",
        "伊勢山入口",
        "修道院下",
        "修道院前",
        "関東航空前",
        "石原谷",
        "荏原工業団地"
    ],
    "weekday": [
        "16:32",
        "17:32",
        "18:07",
        "18:36",
        "19:11",
        "19:51"
    ],
    "saturday": [
        "7:51",
        "8:56",
        "9:36",
        "10:36",
        "11:36",
        "12:36",
        "13:36",
        "14:36",
        "15:37",
        "16:37",
        "17:37",
        "18:36",
        "19:36"
    ],
    "holiday": [
        "7:51",
        "8:56",
        "9:36",
        "10:36",
        "11:36",
        "12:36",
        "13:36",
        "14:36",
        "15:37",
        "16:37",
        "17:37",
        "18:36",
        "19:36"
    ],
    "url": "https://www.kanachu.co.jp/dia/diagram/timetable01_js/course:0000800981-2/node:00127019/kt:0/lname:/"
}
