{
    "date": "2025/07/12",
    "name": "関東航空前",
    "position": "-",
    "system": "藤35",
    "destinations": [
        "石原谷",
        "荏原工業団地"
    ],
    "weekday": [
        "16:44",
        "17:44",
        "18:19",
        "18:47",
        "19:22",
        "20:02"
    ],
    "saturday": [
        "8:01",
        "9:06",
        "9:46",
        "10:47",
        "11:47",
        "12:47",
        "13:47",
        "14:47",
        "15:49",
        "16:49",
        "17:49",
        "18:47",
        "19:46"
    ],
    "holiday": [
        "8:01",
        "9:06",
        "9:46",
        "10:47",
        "11:47",
        "12:47",
        "13:47",
        "14:47",
        "15:49",
        "16:49",
        "17:49",
        "18:47",
        "19:46"
    ],
    "url": "https://www.kanachu.co.jp/dia/diagram/timetable01_js/course:0000800981-11/node:00127066/kt:0/lname:/"
}
