{
    "date": "2022/02/05",
    "name": "団地北口(茅ケ崎市)",
    "position": "-",
    "system": "茅33",
    "destinations": [
        "団地中央(茅ケ崎市)",
        "仲町(茅ケ崎市)",
        "中海岸四丁目",
        "中海岸",
        "会館前(茅ケ崎市)",
        "幸町(茅ケ崎市)",
        "茅ヶ崎駅南口"
    ],
    "weekday": [
        "5:54",
        "6:10",
        "6:26",
        "6:42",
        "6:58",
        "7:13",
        "7:27",
        "7:41",
        "7:55",
        "8:09"
    ],
    "saturday": [
        "5:59",
        "6:25",
        "6:45",
        "7:05",
        "7:25",
        "7:45",
        "8:05",
        "8:25"
    ],
    "holiday": [
        "5:59",
        "6:25",
        "6:45",
        "7:05",
        "7:25",
        "7:45",
        "8:05",
        "8:25"
    ],
    "url": "https://www.kanachu.co.jp/dia/diagram/timetable01_js/course:0000800891-5/node:00127257/kt:0/lname:/"
}
