{
    "date": "2020/05/11",
    "name": "東戸塚駅西口",
    "position": "-",
    "system": "東16",
    "destinations": [
        "川上インター前",
        "資源循環局前",
        "川上小学校前(横浜市戸塚区)",
        "公園前(横浜市戸塚区)",
        "妙法寺(横浜市戸塚区)",
        "名瀬小学校入口",
        "市営第二住宅入口",
        "名瀬スポーツ公園入口",
        "新戸塚病院前",
        "名瀬ホーム前",
        "ネオポリス公園",
        "公園前商店街入口"
    ],
    "weekday": [
        "19:25",
        "19:40",
        "22:26"
    ],
    "saturday": [
        "19:30",
        "21:05"
    ],
    "holiday": [
        "19:30",
        "21:05"
    ],
    "url": "https://www.kanachu.co.jp/dia/diagram/timetable01_js/course:0000802531-1/node:00126664/kt:0/lname:/"
}
