{
    "date": "2020/05/11",
    "name": "名瀬スポーツ公園入口",
    "position": "-",
    "system": "東16",
    "destinations": [
        "新戸塚病院前",
        "名瀬ホーム前",
        "ネオポリス公園",
        "公園前商店街入口"
    ],
    "weekday": [
        "19:37",
        "19:52",
        "22:37"
    ],
    "saturday": [
        "19:42",
        "21:16"
    ],
    "holiday": [
        "19:42",
        "21:16"
    ],
    "url": "https://www.kanachu.co.jp/dia/diagram/timetable01_js/course:0000802531-9/node:00126721/kt:0/lname:/"
}
