{
    "date": "2020/05/11",
    "name": "新戸塚病院前",
    "position": "-",
    "system": "東16",
    "destinations": [
        "名瀬ホーム前",
        "ネオポリス公園",
        "公園前商店街入口"
    ],
    "weekday": [
        "19:38",
        "19:53",
        "22:39"
    ],
    "saturday": [
        "19:43",
        "21:17"
    ],
    "holiday": [
        "19:43",
        "21:17"
    ],
    "url": "https://www.kanachu.co.jp/dia/diagram/timetable01_js/course:0000802531-10/node:00126722/kt:0/lname:/"
}
