{
    "date": "2024/09/02",
    "name": "八坂神社前",
    "position": "-",
    "system": "戸75",
    "destinations": [
        "東電前(横浜市戸塚区)",
        "皇谷台団地",
        "法務局前(横浜市戸塚区)",
        "長久保(横浜市戸塚区)",
        "下郷(横浜市戸塚区)",
        "日ノ出橋(横浜市戸塚区)",
        "金井(横浜市栄区)",
        "辻前",
        "金井高校前"
    ],
    "weekday": [
        "6:33",
        "6:48",
        "6:55",
        "7:09",
        "7:23",
        "7:37",
        "7:51",
        "7:58",
        "8:11",
        "8:17"
    ],
    "saturday": [],
    "holiday": [],
    "url": "https://www.kanachu.co.jp/dia/diagram/timetable01_js/course:0000803561-3/node:00126810/kt:0/lname:/"
}
