{
    "date": "2024/09/02",
    "name": "皇谷台団地",
    "position": "-",
    "system": "戸75",
    "destinations": [
        "法務局前(横浜市戸塚区)",
        "長久保(横浜市戸塚区)",
        "下郷(横浜市戸塚区)",
        "日ノ出橋(横浜市戸塚区)",
        "金井(横浜市栄区)",
        "辻前",
        "金井高校前"
    ],
    "weekday": [
        "6:35",
        "6:50",
        "6:57",
        "7:11",
        "7:25",
        "7:39",
        "7:53",
        "8:00",
        "8:13",
        "8:19"
    ],
    "saturday": [],
    "holiday": [],
    "url": "https://www.kanachu.co.jp/dia/diagram/timetable01_js/course:0000803561-5/node:00126839/kt:0/lname:/"
}
