{
    "date": "2024/09/02",
    "name": "長久保(横浜市戸塚区)",
    "position": "-",
    "system": "戸75",
    "destinations": [
        "下郷(横浜市戸塚区)",
        "日ノ出橋(横浜市戸塚区)",
        "金井(横浜市栄区)",
        "辻前",
        "金井高校前"
    ],
    "weekday": [
        "6:37",
        "6:52",
        "6:59",
        "7:13",
        "7:27",
        "7:41",
        "7:55",
        "8:02",
        "8:15",
        "8:21"
    ],
    "saturday": [],
    "holiday": [],
    "url": "https://www.kanachu.co.jp/dia/diagram/timetable01_js/course:0000803561-7/node:00126841/kt:0/lname:/"
}
