{
    "date": "2024/03/16",
    "name": "小山田桜台",
    "position": "-",
    "system": "淵30",
    "destinations": [
        "桜台二丁目(町田市)",
        "桜台センター前",
        "桜台一丁目(町田市)",
        "桜台入口(町田市)",
        "唐沢(町田市)",
        "桜美林学園",
        "桜美林学園東",
        "桜美林学園前",
        "矢部八幡前",
        "山王下(相模原市中央区)",
        "山王(相模原市中央区)",
        "小学校入口(相模原市中央区)",
        "淵野辺郵便局前",
        "幸町(相模原市中央区)",
        "淵野辺駅北口"
    ],
    "weekday": [
        "6:00",
        "6:30",
        "6:50",
        "7:00",
        "7:10",
        "7:20",
        "7:30",
        "7:40",
        "7:50",
        "8:00",
        "17:10",
        "17:30",
        "17:50",
        "18:10",
        "18:30",
        "18:50",
        "19:10",
        "19:30",
        "19:50",
        "20:10",
        "20:30",
        "21:10",
        "21:55"
    ],
    "saturday": [
        "6:10",
        "6:50",
        "7:10",
        "7:30",
        "7:50",
        "8:20",
        "8:50",
        "17:30",
        "18:10",
        "18:50",
        "19:30",
        "20:10",
        "20:50"
    ],
    "holiday": [
        "7:30",
        "8:10",
        "8:50",
        "9:30",
        "10:10",
        "10:50",
        "11:30",
        "12:10",
        "12:50",
        "13:30",
        "14:10",
        "14:50",
        "15:30",
        "16:10",
        "16:50",
        "17:30",
        "18:10",
        "18:50",
        "19:30",
        "20:10"
    ],
    "url": "https://www.kanachu.co.jp/dia/diagram/timetable01_js/course:0000800753-1/node:00129406/kt:0/lname:/"
}
