{
    "date": "2024/03/16",
    "name": "桜台センター前",
    "position": "-",
    "system": "淵30",
    "destinations": [
        "桜台一丁目(町田市)",
        "桜台入口(町田市)",
        "唐沢(町田市)",
        "桜美林学園",
        "桜美林学園東",
        "桜美林学園前",
        "矢部八幡前",
        "山王下(相模原市中央区)",
        "山王(相模原市中央区)",
        "小学校入口(相模原市中央区)",
        "淵野辺郵便局前",
        "幸町(相模原市中央区)",
        "淵野辺駅北口"
    ],
    "weekday": [
        "6:02",
        "6:32",
        "6:52",
        "7:02",
        "7:12",
        "7:22",
        "7:32",
        "7:42",
        "7:52",
        "8:02",
        "17:12",
        "17:32",
        "17:52",
        "18:12",
        "18:32",
        "18:52",
        "19:12",
        "19:32",
        "19:52",
        "20:12",
        "20:32",
        "21:12",
        "21:57"
    ],
    "saturday": [
        "6:12",
        "6:52",
        "7:12",
        "7:32",
        "7:52",
        "8:22",
        "8:52",
        "17:32",
        "18:12",
        "18:52",
        "19:32",
        "20:12",
        "20:52"
    ],
    "holiday": [
        "7:32",
        "8:12",
        "8:52",
        "9:32",
        "10:12",
        "10:52",
        "11:32",
        "12:12",
        "12:52",
        "13:32",
        "14:12",
        "14:52",
        "15:32",
        "16:12",
        "16:52",
        "17:32",
        "18:12",
        "18:52",
        "19:32",
        "20:12"
    ],
    "url": "https://www.kanachu.co.jp/dia/diagram/timetable01_js/course:0000800753-3/node:00129404/kt:0/lname:/"
}
