{
    "date": "2024/03/16",
    "name": "桜台入口(町田市)",
    "position": "-",
    "system": "淵30",
    "destinations": [
        "唐沢(町田市)",
        "桜美林学園",
        "桜美林学園東",
        "桜美林学園前",
        "矢部八幡前",
        "山王下(相模原市中央区)",
        "山王(相模原市中央区)",
        "小学校入口(相模原市中央区)",
        "淵野辺郵便局前",
        "幸町(相模原市中央区)",
        "淵野辺駅北口"
    ],
    "weekday": [
        "6:04",
        "6:34",
        "6:54",
        "7:04",
        "7:14",
        "7:24",
        "7:34",
        "7:44",
        "7:54",
        "8:04",
        "17:14",
        "17:34",
        "17:54",
        "18:14",
        "18:34",
        "18:54",
        "19:14",
        "19:34",
        "19:54",
        "20:14",
        "20:34",
        "21:14",
        "21:59"
    ],
    "saturday": [
        "6:14",
        "6:54",
        "7:14",
        "7:34",
        "7:54",
        "8:24",
        "8:54",
        "17:34",
        "18:14",
        "18:54",
        "19:34",
        "20:14",
        "20:54"
    ],
    "holiday": [
        "7:34",
        "8:14",
        "8:54",
        "9:34",
        "10:14",
        "10:54",
        "11:34",
        "12:14",
        "12:54",
        "13:34",
        "14:14",
        "14:54",
        "15:34",
        "16:14",
        "16:54",
        "17:34",
        "18:14",
        "18:54",
        "19:34",
        "20:14"
    ],
    "url": "https://www.kanachu.co.jp/dia/diagram/timetable01_js/course:0000800753-5/node:00129402/kt:0/lname:/"
}
