{
    "date": "2024/03/16",
    "name": "唐沢(町田市)",
    "position": "-",
    "system": "淵30",
    "destinations": [
        "桜美林学園",
        "桜美林学園東",
        "桜美林学園前",
        "矢部八幡前",
        "山王下(相模原市中央区)",
        "山王(相模原市中央区)",
        "小学校入口(相模原市中央区)",
        "淵野辺郵便局前",
        "幸町(相模原市中央区)",
        "淵野辺駅北口"
    ],
    "weekday": [
        "6:05",
        "6:35",
        "6:55",
        "7:05",
        "7:15",
        "7:25",
        "7:35",
        "7:45",
        "7:55",
        "8:05",
        "17:15",
        "17:35",
        "17:55",
        "18:15",
        "18:35",
        "18:55",
        "19:15",
        "19:35",
        "19:55",
        "20:15",
        "20:35",
        "21:15",
        "22:00"
    ],
    "saturday": [
        "6:15",
        "6:55",
        "7:15",
        "7:35",
        "7:55",
        "8:25",
        "8:55",
        "17:35",
        "18:15",
        "18:55",
        "19:35",
        "20:15",
        "20:55"
    ],
    "holiday": [
        "7:35",
        "8:15",
        "8:55",
        "9:35",
        "10:15",
        "10:55",
        "11:35",
        "12:15",
        "12:55",
        "13:35",
        "14:15",
        "14:55",
        "15:35",
        "16:15",
        "16:55",
        "17:35",
        "18:15",
        "18:55",
        "19:35",
        "20:15"
    ],
    "url": "https://www.kanachu.co.jp/dia/diagram/timetable01_js/course:0000800753-6/node:00129401/kt:0/lname:/"
}
