{
    "date": "2024/03/16",
    "name": "矢部八幡前",
    "position": "-",
    "system": "淵30",
    "destinations": [
        "山王下(相模原市中央区)",
        "山王(相模原市中央区)",
        "小学校入口(相模原市中央区)",
        "淵野辺郵便局前",
        "幸町(相模原市中央区)",
        "淵野辺駅北口"
    ],
    "weekday": [
        "6:09",
        "6:39",
        "6:59",
        "7:09",
        "7:19",
        "7:29",
        "7:39",
        "7:49",
        "7:59",
        "8:09",
        "17:19",
        "17:39",
        "17:59",
        "18:19",
        "18:39",
        "18:59",
        "19:19",
        "19:39",
        "19:59",
        "20:19",
        "20:39",
        "21:19",
        "22:04"
    ],
    "saturday": [
        "6:19",
        "6:59",
        "7:19",
        "7:39",
        "7:59",
        "8:29",
        "8:59",
        "17:39",
        "18:19",
        "18:59",
        "19:39",
        "20:19",
        "20:59"
    ],
    "holiday": [
        "7:39",
        "8:19",
        "8:59",
        "9:39",
        "10:19",
        "10:59",
        "11:39",
        "12:19",
        "12:59",
        "13:39",
        "14:19",
        "14:59",
        "15:39",
        "16:19",
        "16:59",
        "17:39",
        "18:19",
        "18:59",
        "19:39",
        "20:19"
    ],
    "url": "https://www.kanachu.co.jp/dia/diagram/timetable01_js/course:0000800753-10/node:00130113/kt:0/lname:/"
}
