{
    "date": "2024/03/16",
    "name": "小学校入口(相模原市中央区)",
    "position": "-",
    "system": "淵30",
    "destinations": [
        "淵野辺郵便局前",
        "幸町(相模原市中央区)",
        "淵野辺駅北口"
    ],
    "weekday": [
        "6:11",
        "6:41",
        "7:01",
        "7:11",
        "7:21",
        "7:31",
        "7:41",
        "7:51",
        "8:01",
        "8:11",
        "17:21",
        "17:41",
        "18:01",
        "18:21",
        "18:41",
        "19:01",
        "19:21",
        "19:41",
        "20:01",
        "20:21",
        "20:41",
        "21:21",
        "22:06"
    ],
    "saturday": [
        "6:21",
        "7:01",
        "7:21",
        "7:41",
        "8:01",
        "8:31",
        "9:01",
        "17:41",
        "18:21",
        "19:01",
        "19:41",
        "20:21",
        "21:01"
    ],
    "holiday": [
        "7:41",
        "8:21",
        "9:01",
        "9:41",
        "10:21",
        "11:01",
        "11:41",
        "12:21",
        "13:01",
        "13:41",
        "14:21",
        "15:01",
        "15:41",
        "16:21",
        "17:01",
        "17:41",
        "18:21",
        "19:01",
        "19:41",
        "20:21"
    ],
    "url": "https://www.kanachu.co.jp/dia/diagram/timetable01_js/course:0000800753-13/node:00129159/kt:0/lname:/"
}
