{
    "system": "淵30",
    "busstops": [
        {
            "index": "1",
            "id": "00129406",
            "name": "小山田桜台",
            "lat": "35.588107",
            "lng": "139.402382"
        },
        {
            "index": "2",
            "id": "00129405",
            "name": "桜台二丁目(町田市)",
            "lat": "35.590701",
            "lng": "139.400526"
        },
        {
            "index": "3",
            "id": "00129404",
            "name": "桜台センター前",
            "lat": "35.590887",
            "lng": "139.403464"
        },
        {
            "index": "4",
            "id": "00129403",
            "name": "桜台一丁目(町田市)",
            "lat": "35.590382",
            "lng": "139.405728"
        },
        {
            "index": "5",
            "id": "00129402",
            "name": "桜台入口(町田市)",
            "lat": "35.587557",
            "lng": "139.40645"
        },
        {
            "index": "6",
            "id": "00129401",
            "name": "唐沢(町田市)",
            "lat": "35.583996",
            "lng": "139.405753"
        },
        {
            "index": "7",
            "id": "00129400",
            "name": "桜美林学園",
            "lat": "35.582288",
            "lng": "139.407867"
        },
        {
            "index": "8",
            "id": "00129485",
            "name": "桜美林学園東",
            "lat": "35.580049",
            "lng": "139.408458"
        },
        {
            "index": "9",
            "id": "00130114",
            "name": "桜美林学園前",
            "lat": "35.578833",
            "lng": "139.40698"
        },
        {
            "index": "10",
            "id": "00130113",
            "name": "矢部八幡前",
            "lat": "35.577093",
            "lng": "139.4041"
        },
        {
            "index": "11",
            "id": "00130112",
            "name": "山王下(相模原市中央区)",
            "lat": "35.575639",
            "lng": "139.40194"
        },
        {
            "index": "12",
            "id": "00130111",
            "name": "山王(相模原市中央区)",
            "lat": "35.573684",
            "lng": "139.39994"
        },
        {
            "index": "13",
            "id": "00129159",
            "name": "小学校入口(相模原市中央区)",
            "lat": "35.572773",
            "lng": "139.398719"
        },
        {
            "index": "14",
            "id": "00129309",
            "name": "淵野辺郵便局前",
            "lat": "35.571632",
            "lng": "139.39757"
        },
        {
            "index": "15",
            "id": "00129148",
            "name": "幸町(相模原市中央区)",
            "lat": "35.570473",
            "lng": "139.396519"
        },
        {
            "index": "16",
            "id": "00129246",
            "name": "淵野辺駅北口",
            "lat": "35.569097",
            "lng": "139.394529"
        }
    ],
    "route_url": "https://www.kanachu.co.jp/dia/route/index/cid:0000800753/"
}
