{
    "date": "2025/07/27",
    "name": "柳町(秦野市)",
    "position": "-",
    "system": "渋02",
    "destinations": [
        "西中学校前(秦野市)",
        "西小学校前(秦野市)",
        "中道(秦野市)",
        "堀西駐在所前",
        "堀川",
        "関(秦野市)",
        "大倉入口",
        "北(秦野市)",
        "久保庭",
        "八幡宮前(秦野市)",
        "蔵林寺",
        "鍛冶ヶ谷戸",
        "大倉(秦野市)"
    ],
    "weekday": [
        "6:49",
        "7:17",
        "7:48",
        "8:26",
        "8:59",
        "9:29",
        "10:29",
        "11:29",
        "12:29",
        "13:29",
        "14:29",
        "14:59",
        "15:29",
        "15:59",
        "16:29",
        "17:27",
        "18:21",
        "19:31",
        "20:46"
    ],
    "saturday": [
        "6:49",
        "7:03",
        "7:19",
        "7:37",
        "7:51",
        "8:09",
        "8:21",
        "8:47",
        "8:56",
        "9:19",
        "9:51",
        "10:19",
        "10:57",
        "11:19",
        "11:56",
        "12:19",
        "12:52",
        "13:19",
        "13:49",
        "14:19",
        "14:49",
        "15:19",
        "15:34",
        "15:49",
        "16:19",
        "16:36",
        "16:49",
        "17:11",
        "17:23",
        "17:49",
        "18:19",
        "18:49",
        "19:19"
    ],
    "holiday": [
        "6:49",
        "7:03",
        "7:19",
        "7:37",
        "7:51",
        "8:09",
        "8:21",
        "8:47",
        "8:56",
        "9:19",
        "9:51",
        "10:19",
        "10:57",
        "11:19",
        "11:56",
        "12:19",
        "12:52",
        "13:19",
        "13:49",
        "14:19",
        "14:49",
        "15:19",
        "15:34",
        "15:49",
        "16:19",
        "16:36",
        "16:49",
        "17:11",
        "17:23",
        "17:49",
        "18:19",
        "18:49",
        "19:19"
    ],
    "url": "https://www.kanachu.co.jp/dia/diagram/timetable01_js/course:0000800350-2/node:00127898/kt:0/lname:/"
}
