{
    "date": "2025/07/27",
    "name": "堀川",
    "position": "-",
    "system": "渋02",
    "destinations": [
        "関(秦野市)",
        "大倉入口",
        "北(秦野市)",
        "久保庭",
        "八幡宮前(秦野市)",
        "蔵林寺",
        "鍛冶ヶ谷戸",
        "大倉(秦野市)"
    ],
    "weekday": [
        "6:53",
        "7:21",
        "7:52",
        "8:30",
        "9:03",
        "9:33",
        "10:33",
        "11:33",
        "12:33",
        "13:33",
        "14:33",
        "15:03",
        "15:33",
        "16:03",
        "16:33",
        "17:31",
        "18:25",
        "19:35",
        "20:50"
    ],
    "saturday": [
        "6:53",
        "7:07",
        "7:23",
        "7:41",
        "7:55",
        "8:13",
        "8:25",
        "8:51",
        "9:00",
        "9:23",
        "9:55",
        "10:23",
        "11:01",
        "11:23",
        "12:00",
        "12:23",
        "12:56",
        "13:23",
        "13:53",
        "14:23",
        "14:53",
        "15:23",
        "15:38",
        "15:53",
        "16:23",
        "16:40",
        "16:53",
        "17:15",
        "17:27",
        "17:53",
        "18:23",
        "18:53",
        "19:23"
    ],
    "holiday": [
        "6:53",
        "7:07",
        "7:23",
        "7:41",
        "7:55",
        "8:13",
        "8:25",
        "8:51",
        "9:00",
        "9:23",
        "9:55",
        "10:23",
        "11:01",
        "11:23",
        "12:00",
        "12:23",
        "12:56",
        "13:23",
        "13:53",
        "14:23",
        "14:53",
        "15:23",
        "15:38",
        "15:53",
        "16:23",
        "16:40",
        "16:53",
        "17:15",
        "17:27",
        "17:53",
        "18:23",
        "18:53",
        "19:23"
    ],
    "url": "https://www.kanachu.co.jp/dia/diagram/timetable01_js/course:0000800350-7/node:00127894/kt:0/lname:/"
}
