{
    "date": "2025/07/27",
    "name": "八幡宮前(秦野市)",
    "position": "-",
    "system": "渋02",
    "destinations": [
        "蔵林寺",
        "鍛冶ヶ谷戸",
        "大倉(秦野市)"
    ],
    "weekday": [
        "6:57",
        "7:25",
        "7:56",
        "8:34",
        "9:07",
        "9:37",
        "10:37",
        "11:37",
        "12:37",
        "13:37",
        "14:37",
        "15:07",
        "15:37",
        "16:07",
        "16:37",
        "17:35",
        "18:29",
        "19:39",
        "20:54"
    ],
    "saturday": [
        "6:57",
        "7:11",
        "7:27",
        "7:45",
        "7:59",
        "8:17",
        "8:29",
        "8:55",
        "9:04",
        "9:27",
        "9:59",
        "10:27",
        "11:05",
        "11:27",
        "12:04",
        "12:27",
        "13:00",
        "13:27",
        "13:57",
        "14:27",
        "14:57",
        "15:27",
        "15:42",
        "15:57",
        "16:27",
        "16:44",
        "16:57",
        "17:19",
        "17:31",
        "17:57",
        "18:27",
        "18:57",
        "19:27"
    ],
    "holiday": [
        "6:57",
        "7:11",
        "7:27",
        "7:45",
        "7:59",
        "8:17",
        "8:29",
        "8:55",
        "9:04",
        "9:27",
        "9:59",
        "10:27",
        "11:05",
        "11:27",
        "12:04",
        "12:27",
        "13:00",
        "13:27",
        "13:57",
        "14:27",
        "14:57",
        "15:27",
        "15:42",
        "15:57",
        "16:27",
        "16:44",
        "16:57",
        "17:19",
        "17:31",
        "17:57",
        "18:27",
        "18:57",
        "19:27"
    ],
    "url": "https://www.kanachu.co.jp/dia/diagram/timetable01_js/course:0000800350-12/node:00127907/kt:0/lname:/"
}
