{
    "date": "2024/04/01",
    "name": "柳町(秦野市)",
    "position": "-",
    "system": "秦51",
    "destinations": [
        "西中学校前(秦野市)",
        "西小学校前(秦野市)",
        "中道(秦野市)",
        "堀西駐在所前",
        "堀川",
        "関(秦野市)",
        "大倉入口",
        "平和橋(秦野市)",
        "戸川",
        "戸沢入口",
        "横野入口",
        "菩提(秦野市)",
        "菩提原",
        "戸川入口",
        "三屋入口",
        "羽根入口",
        "田原入口",
        "六反地",
        "榎木堂",
        "宮上(秦野市)",
        "宮前(秦野市)",
        "上大道",
        "大道(秦野市)",
        "上宿通り",
        "大川橋(秦野市)",
        "まほろば大橋",
        "秦野駅"
    ],
    "weekday": [
        "6:46",
        "7:05",
        "7:26",
        "7:35",
        "7:45",
        "8:00",
        "8:20",
        "8:42",
        "9:05",
        "9:35",
        "10:05",
        "10:35",
        "11:05",
        "11:35",
        "12:05",
        "12:35",
        "13:05",
        "13:35",
        "14:05",
        "14:35",
        "15:05",
        "15:35",
        "16:05",
        "16:35",
        "16:52",
        "17:13",
        "17:37",
        "17:49",
        "18:08",
        "18:28",
        "18:49",
        "19:08",
        "19:38",
        "20:23",
        "21:08",
        "21:56"
    ],
    "saturday": [
        "6:30",
        "7:30",
        "8:00",
        "8:30",
        "9:00",
        "9:30",
        "10:00",
        "10:30",
        "11:00",
        "11:30",
        "12:00",
        "12:30",
        "13:00",
        "13:30",
        "14:00",
        "14:30",
        "15:00",
        "15:30",
        "16:00",
        "16:30",
        "17:00",
        "17:30",
        "18:00",
        "18:30",
        "19:00",
        "19:30",
        "20:00",
        "20:50"
    ],
    "holiday": [
        "6:30",
        "7:30",
        "8:00",
        "8:30",
        "9:00",
        "9:30",
        "10:00",
        "10:30",
        "11:00",
        "11:30",
        "12:00",
        "12:30",
        "13:00",
        "13:30",
        "14:00",
        "14:30",
        "15:00",
        "15:30",
        "16:00",
        "16:30",
        "17:00",
        "17:30",
        "18:00",
        "18:30",
        "19:00",
        "19:30",
        "20:00",
        "20:50"
    ],
    "url": "https://www.kanachu.co.jp/dia/diagram/timetable01_js/course:0000801290-2/node:00127898/kt:0/lname:/"
}
