{
    "date": "2024/04/01",
    "name": "宮前(秦野市)",
    "position": "-",
    "system": "秦51",
    "destinations": [
        "上大道",
        "大道(秦野市)",
        "上宿通り",
        "大川橋(秦野市)",
        "まほろば大橋",
        "秦野駅"
    ],
    "weekday": [
        "7:09",
        "7:29",
        "7:50",
        "7:59",
        "8:09",
        "8:24",
        "8:41",
        "9:03",
        "9:26",
        "9:56",
        "10:26",
        "10:56",
        "11:26",
        "11:56",
        "12:26",
        "12:56",
        "13:26",
        "13:56",
        "14:26",
        "14:56",
        "15:26",
        "15:56",
        "16:26",
        "16:58",
        "17:15",
        "17:36",
        "18:00",
        "18:12",
        "18:31",
        "18:49",
        "19:10",
        "19:29",
        "19:59",
        "20:44",
        "21:29",
        "22:17"
    ],
    "saturday": [
        "6:51",
        "7:51",
        "8:21",
        "8:51",
        "9:21",
        "9:51",
        "10:21",
        "10:51",
        "11:21",
        "11:51",
        "12:21",
        "12:51",
        "13:21",
        "13:51",
        "14:21",
        "14:51",
        "15:21",
        "15:51",
        "16:21",
        "16:51",
        "17:21",
        "17:51",
        "18:21",
        "18:51",
        "19:21",
        "19:51",
        "20:21",
        "21:11"
    ],
    "holiday": [
        "6:51",
        "7:51",
        "8:21",
        "8:51",
        "9:21",
        "9:51",
        "10:21",
        "10:51",
        "11:21",
        "11:51",
        "12:21",
        "12:51",
        "13:21",
        "13:51",
        "14:21",
        "14:51",
        "15:21",
        "15:51",
        "16:21",
        "16:51",
        "17:21",
        "17:51",
        "18:21",
        "18:51",
        "19:21",
        "19:51",
        "20:21",
        "21:11"
    ],
    "url": "https://www.kanachu.co.jp/dia/diagram/timetable01_js/course:0000801290-23/node:00127878/kt:0/lname:/"
}
