{
    "date": "2025/03/15",
    "name": "矢尻(藤沢市)",
    "position": "-",
    "system": "湘17",
    "destinations": [
        "田方(藤沢市)",
        "寿照寺前",
        "和泉橋",
        "石川山田",
        "南桐原",
        "桐ヶ谷(藤沢市)",
        "湘南台住宅前",
        "湘南台駅西口"
    ],
    "weekday": [
        "6:43",
        "8:12",
        "8:42",
        "9:12",
        "9:42",
        "10:17",
        "10:42",
        "11:12",
        "11:42",
        "12:12",
        "12:42",
        "13:12",
        "13:42",
        "14:12",
        "14:42",
        "14:57",
        "15:12",
        "15:42",
        "16:12",
        "16:37",
        "16:42",
        "16:47",
        "17:02",
        "17:12",
        "17:27",
        "17:42",
        "17:57",
        "18:12",
        "18:17",
        "18:27",
        "18:34",
        "18:47",
        "19:02",
        "19:32",
        "20:02",
        "20:32"
    ],
    "saturday": [
        "8:12",
        "9:12",
        "9:47",
        "10:12",
        "10:47",
        "11:12",
        "11:47",
        "12:19",
        "12:47",
        "13:12",
        "13:47",
        "14:12",
        "14:47",
        "15:12",
        "15:47",
        "16:12",
        "16:47",
        "17:12",
        "17:47",
        "18:07",
        "18:47",
        "19:07",
        "19:47"
    ],
    "holiday": [
        "8:12",
        "9:12",
        "9:47",
        "10:12",
        "10:47",
        "11:12",
        "11:47",
        "12:12",
        "12:47",
        "13:12",
        "13:47",
        "14:12",
        "14:47",
        "15:12",
        "15:47",
        "16:12",
        "16:47",
        "17:12",
        "17:47",
        "18:07"
    ],
    "url": "https://www.kanachu.co.jp/dia/diagram/timetable01_js/course:0000800645-8/node:00129950/kt:0/lname:/"
}
