{
    "date": "2025/03/15",
    "name": "石川山田",
    "position": "-",
    "system": "湘17",
    "destinations": [
        "南桐原",
        "桐ヶ谷(藤沢市)",
        "湘南台住宅前",
        "湘南台駅西口"
    ],
    "weekday": [
        "6:49",
        "8:18",
        "8:48",
        "9:18",
        "9:48",
        "10:23",
        "10:48",
        "11:18",
        "11:48",
        "12:18",
        "12:48",
        "13:18",
        "13:48",
        "14:18",
        "14:48",
        "15:03",
        "15:18",
        "15:48",
        "16:18",
        "16:43",
        "16:48",
        "16:53",
        "17:08",
        "17:18",
        "17:33",
        "17:48",
        "18:03",
        "18:18",
        "18:23",
        "18:33",
        "18:40",
        "18:53",
        "19:08",
        "19:38",
        "20:08",
        "20:38"
    ],
    "saturday": [
        "8:18",
        "9:18",
        "9:53",
        "10:18",
        "10:53",
        "11:18",
        "11:53",
        "12:25",
        "12:53",
        "13:18",
        "13:53",
        "14:18",
        "14:53",
        "15:18",
        "15:53",
        "16:18",
        "16:53",
        "17:18",
        "17:53",
        "18:13",
        "18:53",
        "19:13",
        "19:53"
    ],
    "holiday": [
        "8:18",
        "9:18",
        "9:53",
        "10:18",
        "10:53",
        "11:18",
        "11:53",
        "12:18",
        "12:53",
        "13:18",
        "13:53",
        "14:18",
        "14:53",
        "15:18",
        "15:53",
        "16:18",
        "16:53",
        "17:18",
        "17:53",
        "18:13"
    ],
    "url": "https://www.kanachu.co.jp/dia/diagram/timetable01_js/course:0000800645-12/node:00129954/kt:0/lname:/"
}
