{
    "date": "2026/01/16",
    "name": "田原入口",
    "position": "-",
    "system": "秦52",
    "destinations": [
        "六反地",
        "榎木堂",
        "宮上(秦野市)",
        "宮前(秦野市)",
        "上大道",
        "大道(秦野市)",
        "上宿通り",
        "大川橋(秦野市)",
        "まほろば大橋",
        "秦野駅"
    ],
    "weekday": [
        "5:38",
        "5:55",
        "6:12",
        "6:41",
        "7:19",
        "16:59",
        "17:15",
        "17:51",
        "18:16"
    ],
    "saturday": [
        "6:21",
        "8:32",
        "9:05",
        "11:37",
        "13:33",
        "15:01",
        "15:31"
    ],
    "holiday": [
        "6:21",
        "8:32",
        "9:05",
        "11:37",
        "13:33",
        "15:01",
        "15:31"
    ],
    "url": "https://www.kanachu.co.jp/dia/diagram/timetable01_js/course:0000803961-3/node:00127882/kt:0/lname:/"
}
