{
    "date": "2024/03/16",
    "name": "淵野辺駅北口",
    "position": "-",
    "system": "淵21",
    "destinations": [
        "並木通り(相模原市中央区)",
        "麻布大学",
        "淵野辺一丁目",
        "淵野辺二丁目",
        "薬師堂(相模原市中央区)",
        "上矢部本町",
        "常盤(町田市)",
        "常盤台(町田市)",
        "種入",
        "池谷戸",
        "平(町田市)",
        "小山田(町田市)",
        "押越",
        "下根(町田市)",
        "小山田はなみずきの丘"
    ],
    "weekday": [
        "6:25",
        "6:45",
        "7:16",
        "7:40",
        "8:30",
        "8:55",
        "9:20",
        "9:45",
        "10:45",
        "11:45",
        "12:45",
        "13:45",
        "14:45",
        "15:45",
        "16:35",
        "17:28",
        "18:15",
        "19:08",
        "19:58",
        "20:45",
        "21:35"
    ],
    "saturday": [
        "6:35",
        "7:20",
        "9:00",
        "9:50",
        "10:40",
        "11:30",
        "12:20",
        "13:10",
        "14:00",
        "14:50",
        "15:40",
        "16:30",
        "17:20",
        "18:10",
        "19:00",
        "19:50",
        "20:40",
        "21:30"
    ],
    "holiday": [
        "6:35",
        "7:20",
        "8:10",
        "9:50",
        "10:40",
        "11:30",
        "12:20",
        "13:10",
        "14:00",
        "14:50",
        "15:40",
        "16:30",
        "17:20",
        "18:10",
        "19:00",
        "19:50",
        "20:40"
    ],
    "url": "https://www.kanachu.co.jp/dia/diagram/timetable01_js/course:0000803407-1/node:00129246/kt:0/lname:/"
}
