{
    "date": "2024/03/16",
    "name": "薬師堂(相模原市中央区)",
    "position": "-",
    "system": "淵21",
    "destinations": [
        "上矢部本町",
        "常盤(町田市)",
        "常盤台(町田市)",
        "種入",
        "池谷戸",
        "平(町田市)",
        "小山田(町田市)",
        "押越",
        "下根(町田市)",
        "小山田はなみずきの丘"
    ],
    "weekday": [
        "6:29",
        "6:49",
        "7:20",
        "7:44",
        "8:34",
        "8:59",
        "9:24",
        "9:49",
        "10:49",
        "11:49",
        "12:49",
        "13:49",
        "14:49",
        "15:49",
        "16:39",
        "17:32",
        "18:19",
        "19:12",
        "20:02",
        "20:49",
        "21:39"
    ],
    "saturday": [
        "6:39",
        "7:24",
        "9:04",
        "9:54",
        "10:44",
        "11:34",
        "12:24",
        "13:14",
        "14:04",
        "14:54",
        "15:44",
        "16:34",
        "17:24",
        "18:14",
        "19:04",
        "19:54",
        "20:44",
        "21:34"
    ],
    "holiday": [
        "6:39",
        "7:24",
        "8:14",
        "9:54",
        "10:44",
        "11:34",
        "12:24",
        "13:14",
        "14:04",
        "14:54",
        "15:44",
        "16:34",
        "17:24",
        "18:14",
        "19:04",
        "19:54",
        "20:44"
    ],
    "url": "https://www.kanachu.co.jp/dia/diagram/timetable01_js/course:0000803407-6/node:00130105/kt:0/lname:/"
}
