{
    "date": "2024/03/16",
    "name": "小山田(町田市)",
    "position": "-",
    "system": "淵21",
    "destinations": [
        "押越",
        "下根(町田市)",
        "小山田はなみずきの丘"
    ],
    "weekday": [
        "6:36",
        "6:56",
        "7:27",
        "7:51",
        "8:41",
        "9:06",
        "9:31",
        "9:56",
        "10:56",
        "11:56",
        "12:56",
        "13:56",
        "14:56",
        "15:56",
        "16:46",
        "17:39",
        "18:26",
        "19:19",
        "20:09",
        "20:56",
        "21:46"
    ],
    "saturday": [
        "6:46",
        "7:31",
        "9:11",
        "10:01",
        "10:51",
        "11:41",
        "12:31",
        "13:21",
        "14:11",
        "15:01",
        "15:51",
        "16:41",
        "17:31",
        "18:21",
        "19:11",
        "20:01",
        "20:51",
        "21:41"
    ],
    "holiday": [
        "6:46",
        "7:31",
        "8:21",
        "10:01",
        "10:51",
        "11:41",
        "12:31",
        "13:21",
        "14:11",
        "15:01",
        "15:51",
        "16:41",
        "17:31",
        "18:21",
        "19:11",
        "20:01",
        "20:51"
    ],
    "url": "https://www.kanachu.co.jp/dia/diagram/timetable01_js/course:0000803407-13/node:00129086/kt:0/lname:/"
}
