{
    "date": "2021/02/01",
    "name": "今宿市営住宅前",
    "position": "-",
    "system": "",
    "destinations": [
        "入ノ田",
        "宮ノ前(茅ケ崎市)",
        "県住入口",
        "日枝神社入口",
        "古川(茅ケ崎市)",
        "萩園台河原",
        "萩園西",
        "環境事業センター",
        "温水プール(茅ケ崎市)",
        "環境事業センター",
        "萩園西",
        "萩園台河原",
        "古川(茅ケ崎市)",
        "今宿北",
        "県住入口",
        "宮ノ前(茅ケ崎市)",
        "入ノ田",
        "今宿市営住宅前",
        "鶴嶺小学校前",
        "鶴嶺八幡宮",
        "浜之郷西",
        "TBS",
        "浜之郷",
        "浜之郷入口",
        "ジャスコ前(茅ケ崎市)",
        "市民文化会館前(茅ケ崎市)",
        "茅ヶ崎駅北",
        "中央公園前(茅ケ崎市)",
        "前の田",
        "北茅ヶ崎駅入口",
        "市立病院(茅ケ崎市)"
    ],
    "weekday": [
        "8:32",
        "10:02",
        "13:02",
        "15:02",
        "18:02"
    ],
    "saturday": [
        "8:32",
        "10:02",
        "13:02",
        "15:02",
        "18:02"
    ],
    "holiday": [
        "8:32",
        "10:02",
        "13:02",
        "15:02",
        "18:02"
    ],
    "url": "https://www.kanachu.co.jp/dia/diagram/timetable01_js/course:0000801988-14/node:00127376/kt:0/lname:/"
}
