{
    "date": "2021/02/01",
    "name": "古川(茅ケ崎市)",
    "position": "-",
    "system": "コ16",
    "destinations": [
        "萩園台河原",
        "萩園西",
        "環境事業センター",
        "温水プール(茅ケ崎市)",
        "環境事業センター",
        "萩園西",
        "萩園台河原",
        "古川(茅ケ崎市)",
        "今宿北",
        "県住入口",
        "宮ノ前(茅ケ崎市)",
        "入ノ田",
        "今宿市営住宅前",
        "鶴嶺小学校前",
        "鶴嶺八幡宮",
        "浜之郷西",
        "TBS",
        "浜之郷",
        "浜之郷入口",
        "ジャスコ前(茅ケ崎市)",
        "市民文化会館前(茅ケ崎市)",
        "茅ヶ崎駅北",
        "中央公園前(茅ケ崎市)",
        "前の田",
        "北茅ヶ崎駅入口",
        "市立病院(茅ケ崎市)"
    ],
    "weekday": [
        "8:36",
        "10:06",
        "13:06",
        "15:06",
        "18:06"
    ],
    "saturday": [
        "8:36",
        "10:06",
        "13:06",
        "15:06",
        "18:06"
    ],
    "holiday": [
        "8:36",
        "10:06",
        "13:06",
        "15:06",
        "18:06"
    ],
    "url": "https://www.kanachu.co.jp/dia/diagram/timetable01_js/course:0000801988-19/node:00127202/kt:0/lname:/"
}
