{
    "date": "2021/02/01",
    "name": "鶴嶺八幡宮",
    "position": "-",
    "system": "",
    "destinations": [
        "浜之郷西",
        "TBS",
        "浜之郷",
        "浜之郷入口",
        "ジャスコ前(茅ケ崎市)",
        "市民文化会館前(茅ケ崎市)",
        "茅ヶ崎駅北",
        "中央公園前(茅ケ崎市)",
        "前の田",
        "北茅ヶ崎駅入口",
        "市立病院(茅ケ崎市)"
    ],
    "weekday": [
        "8:59",
        "10:29",
        "13:29",
        "15:29",
        "18:29"
    ],
    "saturday": [
        "8:59",
        "10:29",
        "13:29",
        "15:29",
        "18:29"
    ],
    "holiday": [
        "8:59",
        "10:29",
        "13:29",
        "15:29",
        "18:29"
    ],
    "url": "https://www.kanachu.co.jp/dia/diagram/timetable01_js/course:0000801988-34/node:00127377/kt:0/lname:/"
}
