{
    "date": "2021/02/01",
    "name": "浜之郷西",
    "position": "-",
    "system": "",
    "destinations": [
        "TBS",
        "浜之郷",
        "浜之郷入口",
        "ジャスコ前(茅ケ崎市)",
        "市民文化会館前(茅ケ崎市)",
        "茅ヶ崎駅北",
        "中央公園前(茅ケ崎市)",
        "前の田",
        "北茅ヶ崎駅入口",
        "市立病院(茅ケ崎市)"
    ],
    "weekday": [
        "9:00",
        "10:30",
        "13:30",
        "15:30",
        "18:30"
    ],
    "saturday": [
        "9:00",
        "10:30",
        "13:30",
        "15:30",
        "18:30"
    ],
    "holiday": [
        "9:00",
        "10:30",
        "13:30",
        "15:30",
        "18:30"
    ],
    "url": "https://www.kanachu.co.jp/dia/diagram/timetable01_js/course:0000801988-35/node:00127378/kt:0/lname:/"
}
