{
    "date": "2021/02/01",
    "name": "浜之郷入口",
    "position": "-",
    "system": "",
    "destinations": [
        "ジャスコ前(茅ケ崎市)",
        "市民文化会館前(茅ケ崎市)",
        "茅ヶ崎駅北",
        "中央公園前(茅ケ崎市)",
        "前の田",
        "北茅ヶ崎駅入口",
        "市立病院(茅ケ崎市)"
    ],
    "weekday": [
        "9:03",
        "10:33",
        "13:33",
        "15:33",
        "18:33"
    ],
    "saturday": [
        "9:03",
        "10:33",
        "13:33",
        "15:33",
        "18:33"
    ],
    "holiday": [
        "9:03",
        "10:33",
        "13:33",
        "15:33",
        "18:33"
    ],
    "url": "https://www.kanachu.co.jp/dia/diagram/timetable01_js/course:0000801988-38/node:00127418/kt:0/lname:/"
}
