{
    "date": "2021/09/09",
    "name": "本町(伊勢原市)",
    "position": "-",
    "system": "伊16",
    "destinations": [
        "中央公民館前(伊勢原市)",
        "関台",
        "団地南(伊勢原市)",
        "団地西(伊勢原市)",
        "鈴川会館前",
        "伊勢原車庫",
        "団地北(伊勢原市)",
        "向原(伊勢原市)",
        "三の宮(伊勢原市)",
        "原田(伊勢原市)",
        "伯母様",
        "中谷(伊勢原市)",
        "比々多神社",
        "栗原入口",
        "東京農大伊勢原農場前",
        "栗原(伊勢原市)"
    ],
    "weekday": [
        "7:34",
        "8:41",
        "9:36",
        "15:34",
        "16:31",
        "17:36",
        "18:36",
        "19:36"
    ],
    "saturday": [
        "7:31",
        "8:31",
        "9:31",
        "16:31",
        "17:31",
        "18:31"
    ],
    "holiday": [
        "7:31",
        "8:31",
        "9:31",
        "16:31",
        "17:31",
        "18:31"
    ],
    "url": "https://www.kanachu.co.jp/dia/diagram/timetable01_js/course:0000800550-2/node:00128128/kt:0/lname:/"
}
