{
    "date": "2021/09/09",
    "name": "東京農大伊勢原農場前",
    "position": "-",
    "system": "伊16",
    "destinations": [
        "栗原(伊勢原市)"
    ],
    "weekday": [
        "7:50",
        "8:56",
        "9:51",
        "15:49",
        "16:46",
        "17:51",
        "18:51",
        "19:51"
    ],
    "saturday": [
        "7:45",
        "8:45",
        "9:45",
        "16:45",
        "17:45",
        "18:45"
    ],
    "holiday": [
        "7:45",
        "8:45",
        "9:45",
        "16:45",
        "17:45",
        "18:45"
    ],
    "url": "https://www.kanachu.co.jp/dia/diagram/timetable01_js/course:0000800550-17/node:00128239/kt:0/lname:/"
}
