{
    "date": "2024/09/02",
    "name": "泉区総合庁舎前",
    "position": "-",
    "system": "長54",
    "destinations": [
        "和泉坂上",
        "飯田(横浜市泉区)",
        "上高倉",
        "藤沢湘南台病院前",
        "住宅前(藤沢市高倉)",
        "長後駅"
    ],
    "weekday": [
        "6:40",
        "7:30",
        "8:20",
        "9:10",
        "10:00",
        "10:50",
        "11:40",
        "12:30",
        "13:20",
        "14:10",
        "15:00",
        "15:50",
        "16:40",
        "17:30",
        "18:20",
        "19:10",
        "20:00"
    ],
    "saturday": [
        "7:54",
        "8:44",
        "9:34",
        "10:24",
        "11:14",
        "12:04",
        "12:54",
        "13:44",
        "14:34",
        "15:24",
        "16:14",
        "17:04",
        "17:54",
        "18:44",
        "19:34"
    ],
    "holiday": [
        "7:54",
        "8:44",
        "9:34",
        "10:24",
        "11:14",
        "12:04",
        "12:54",
        "13:44",
        "14:34",
        "15:24",
        "16:14",
        "17:04",
        "17:54",
        "18:44",
        "19:34"
    ],
    "url": "https://www.kanachu.co.jp/dia/diagram/timetable01_js/course:0000800261-4/node:00126786/kt:0/lname:/"
}
