{
    "date": "2024/09/02",
    "name": "上高倉",
    "position": "-",
    "system": "長54",
    "destinations": [
        "藤沢湘南台病院前",
        "住宅前(藤沢市高倉)",
        "長後駅"
    ],
    "weekday": [
        "6:44",
        "7:34",
        "8:24",
        "9:14",
        "10:04",
        "10:54",
        "11:44",
        "12:34",
        "13:24",
        "14:14",
        "15:04",
        "15:54",
        "16:44",
        "17:34",
        "18:24",
        "19:14",
        "20:04"
    ],
    "saturday": [
        "7:58",
        "8:48",
        "9:38",
        "10:28",
        "11:18",
        "12:08",
        "12:58",
        "13:48",
        "14:38",
        "15:28",
        "16:18",
        "17:08",
        "17:58",
        "18:48",
        "19:38"
    ],
    "holiday": [
        "7:58",
        "8:48",
        "9:38",
        "10:28",
        "11:18",
        "12:08",
        "12:58",
        "13:48",
        "14:38",
        "15:28",
        "16:18",
        "17:08",
        "17:58",
        "18:48",
        "19:38"
    ],
    "url": "https://www.kanachu.co.jp/dia/diagram/timetable01_js/course:0000800261-7/node:00126789/kt:0/lname:/"
}
