{
    "date": "2024/09/02",
    "name": "藤沢湘南台病院前",
    "position": "-",
    "system": "長54",
    "destinations": [
        "住宅前(藤沢市高倉)",
        "長後駅"
    ],
    "weekday": [
        "6:45",
        "7:35",
        "8:25",
        "9:15",
        "10:05",
        "10:55",
        "11:45",
        "12:35",
        "13:25",
        "14:15",
        "15:05",
        "15:55",
        "16:45",
        "17:35",
        "18:25",
        "19:15",
        "20:05"
    ],
    "saturday": [
        "7:59",
        "8:49",
        "9:39",
        "10:29",
        "11:19",
        "12:09",
        "12:59",
        "13:49",
        "14:39",
        "15:29",
        "16:19",
        "17:09",
        "17:59",
        "18:49",
        "19:39"
    ],
    "holiday": [
        "7:59",
        "8:49",
        "9:39",
        "10:29",
        "11:19",
        "12:09",
        "12:59",
        "13:49",
        "14:39",
        "15:29",
        "16:19",
        "17:09",
        "17:59",
        "18:49",
        "19:39"
    ],
    "url": "https://www.kanachu.co.jp/dia/diagram/timetable01_js/course:0000800261-8/node:00126790/kt:0/lname:/"
}
