{
    "date": "2025/01/14",
    "name": "飯山観音前",
    "position": "-",
    "system": "厚19",
    "destinations": [
        "橋場(厚木市)",
        "光福寺(厚木市)",
        "小鮎久保",
        "ゴルフ場入口(厚木市)",
        "上千頭",
        "千頭",
        "及川",
        "穴口橋",
        "林(厚木市)",
        "戸室",
        "愛光病院前",
        "市立病院前(バイパス側)",
        "市立病院前(厚木市)",
        "税務署入口(厚木市)",
        "市役所入口(厚木市)",
        "本厚木駅"
    ],
    "weekday": [
        "5:49",
        "6:36",
        "7:13",
        "7:57",
        "8:46",
        "19:26"
    ],
    "saturday": [
        "6:26"
    ],
    "holiday": [
        "6:26"
    ],
    "url": "https://www.kanachu.co.jp/dia/diagram/timetable01_js/course:0000803680-21/node:00128408/kt:0/lname:/"
}
