{
    "date": "2025/01/14",
    "name": "及川",
    "position": "-",
    "system": "厚19",
    "destinations": [
        "穴口橋",
        "林(厚木市)",
        "戸室",
        "愛光病院前",
        "市立病院前(バイパス側)",
        "市立病院前(厚木市)",
        "税務署入口(厚木市)",
        "市役所入口(厚木市)",
        "本厚木駅"
    ],
    "weekday": [
        "5:56",
        "6:43",
        "7:20",
        "8:04",
        "8:53",
        "19:33"
    ],
    "saturday": [
        "6:33"
    ],
    "holiday": [
        "6:33"
    ],
    "url": "https://www.kanachu.co.jp/dia/diagram/timetable01_js/course:0000803680-28/node:00128401/kt:0/lname:/"
}
