{
    "date": "2025/01/14",
    "name": "愛光病院前",
    "position": "-",
    "system": "厚19",
    "destinations": [
        "市立病院前(バイパス側)",
        "市立病院前(厚木市)",
        "税務署入口(厚木市)",
        "市役所入口(厚木市)",
        "本厚木駅"
    ],
    "weekday": [
        "6:01",
        "6:48",
        "7:25",
        "8:09",
        "8:58",
        "19:38"
    ],
    "saturday": [
        "6:38"
    ],
    "holiday": [
        "6:38"
    ],
    "url": "https://www.kanachu.co.jp/dia/diagram/timetable01_js/course:0000803680-32/node:00128397/kt:0/lname:/"
}
