{
    "date": "2025/01/14",
    "name": "市立病院前(厚木市)",
    "position": "-",
    "system": "厚19",
    "destinations": [
        "税務署入口(厚木市)",
        "市役所入口(厚木市)",
        "本厚木駅"
    ],
    "weekday": [
        "6:04",
        "6:51",
        "7:28",
        "8:12",
        "9:01",
        "19:41"
    ],
    "saturday": [
        "6:41"
    ],
    "holiday": [
        "6:41"
    ],
    "url": "https://www.kanachu.co.jp/dia/diagram/timetable01_js/course:0000803680-34/node:00128259/kt:0/lname:/"
}
