{
    "system": "厚19",
    "busstops": [
        {
            "index": "1",
            "id": "00128428",
            "name": "上煤ヶ谷",
            "lat": "35.493847",
            "lng": "139.267182"
        },
        {
            "index": "2",
            "id": "00128427",
            "name": "柿ノ木平",
            "lat": "35.491386",
            "lng": "139.270131"
        },
        {
            "index": "3",
            "id": "00128426",
            "name": "坂尻(愛甲郡清川村)",
            "lat": "35.489464",
            "lng": "139.270968"
        },
        {
            "index": "4",
            "id": "00128425",
            "name": "古在家",
            "lat": "35.486372",
            "lng": "139.272369"
        },
        {
            "index": "5",
            "id": "00128424",
            "name": "煤ヶ谷",
            "lat": "35.484265",
            "lng": "139.274013"
        },
        {
            "index": "6",
            "id": "00128423",
            "name": "清川村役場前",
            "lat": "35.482784",
            "lng": "139.27662"
        },
        {
            "index": "7",
            "id": "00128422",
            "name": "小学校前(愛甲郡清川村)",
            "lat": "35.481253",
            "lng": "139.278031"
        },
        {
            "index": "8",
            "id": "00128421",
            "name": "公民館前(愛甲郡清川村)",
            "lat": "35.479434",
            "lng": "139.280271"
        },
        {
            "index": "9",
            "id": "00128420",
            "name": "中里(愛甲郡清川村)",
            "lat": "35.477396",
            "lng": "139.281725"
        },
        {
            "index": "10",
            "id": "00128419",
            "name": "郵便局前(愛甲郡清川村)",
            "lat": "35.476227",
            "lng": "139.283332"
        },
        {
            "index": "11",
            "id": "00128418",
            "name": "別所温泉入口",
            "lat": "35.473198",
            "lng": "139.285209"
        },
        {
            "index": "12",
            "id": "00128417",
            "name": "尾崎(愛甲郡清川村)",
            "lat": "35.472619",
            "lng": "139.287229"
        },
        {
            "index": "13",
            "id": "00128416",
            "name": "御門橋",
            "lat": "35.472665",
            "lng": "139.291601"
        },
        {
            "index": "14",
            "id": "00128415",
            "name": "上舟沢",
            "lat": "35.476188",
            "lng": "139.293605"
        },
        {
            "index": "15",
            "id": "00128414",
            "name": "舟沢",
            "lat": "35.478602",
            "lng": "139.29355"
        },
        {
            "index": "16",
            "id": "00128413",
            "name": "華厳橋",
            "lat": "35.480563",
            "lng": "139.29475"
        },
        {
            "index": "17",
            "id": "00128412",
            "name": "上飯山(厚木市)",
            "lat": "35.483301",
            "lng": "139.302662"
        },
        {
            "index": "18",
            "id": "00128411",
            "name": "飯山温泉入口",
            "lat": "35.480411",
            "lng": "139.305363"
        },
        {
            "index": "19",
            "id": "00128410",
            "name": "志田原",
            "lat": "35.477591",
            "lng": "139.307626"
        },
        {
            "index": "20",
            "id": "00128409",
            "name": "尼寺(厚木市)",
            "lat": "35.475336",
            "lng": "139.309483"
        },
        {
            "index": "21",
            "id": "00128408",
            "name": "飯山観音前",
            "lat": "35.47223",
            "lng": "139.311342"
        },
        {
            "index": "22",
            "id": "00128407",
            "name": "橋場(厚木市)",
            "lat": "35.471326",
            "lng": "139.313772"
        },
        {
            "index": "23",
            "id": "00128406",
            "name": "光福寺(厚木市)",
            "lat": "35.470897",
            "lng": "139.31777"
        },
        {
            "index": "24",
            "id": "00128405",
            "name": "小鮎久保",
            "lat": "35.470798",
            "lng": "139.322767"
        },
        {
            "index": "25",
            "id": "00128404",
            "name": "ゴルフ場入口(厚木市)",
            "lat": "35.469777",
            "lng": "139.326282"
        },
        {
            "index": "26",
            "id": "00128403",
            "name": "上千頭",
            "lat": "35.467849",
            "lng": "139.333397"
        },
        {
            "index": "27",
            "id": "00128402",
            "name": "千頭",
            "lat": "35.466962",
            "lng": "139.336976"
        },
        {
            "index": "28",
            "id": "00128401",
            "name": "及川",
            "lat": "35.46537",
            "lng": "139.341948"
        },
        {
            "index": "29",
            "id": "00128400",
            "name": "穴口橋",
            "lat": "35.460065",
            "lng": "139.3475"
        },
        {
            "index": "30",
            "id": "00128399",
            "name": "林(厚木市)",
            "lat": "35.455606",
            "lng": "139.348588"
        },
        {
            "index": "31",
            "id": "00128398",
            "name": "戸室",
            "lat": "35.453366",
            "lng": "139.351269"
        },
        {
            "index": "32",
            "id": "00128397",
            "name": "愛光病院前",
            "lat": "35.450528",
            "lng": "139.356171"
        },
        {
            "index": "33",
            "id": "00130292",
            "name": "市立病院前(バイパス側)",
            "lat": "35.449482",
            "lng": "139.359688"
        },
        {
            "index": "34",
            "id": "00128259",
            "name": "市立病院前(厚木市)",
            "lat": "35.447478",
            "lng": "139.361283"
        },
        {
            "index": "35",
            "id": "00128258",
            "name": "税務署入口(厚木市)",
            "lat": "35.446455",
            "lng": "139.361174"
        },
        {
            "index": "36",
            "id": "00128396",
            "name": "市役所入口(厚木市)",
            "lat": "35.442124",
            "lng": "139.361848"
        },
        {
            "index": "37",
            "id": "00025684",
            "name": "本厚木駅",
            "lat": "35.440542",
            "lng": "139.363859"
        }
    ],
    "route_url": "https://www.kanachu.co.jp/dia/route/index/cid:0000803680/"
}
