{
    "date": "2025/04/01",
    "name": "石宮",
    "position": "-",
    "system": "橋57",
    "destinations": [
        "上中の原団地",
        "六地蔵(相模原市緑区)",
        "上九沢",
        "大沢まちづくりセンター前",
        "榎戸(相模原市緑区)",
        "日々社前",
        "水場",
        "古清水",
        "清水(相模原市中央区)",
        "清水入口(相模原市中央区)",
        "雨窪(相模原市中央区)",
        "堀の内(相模原市中央区)",
        "田名バスターミナル",
        "田名小学校前",
        "半在家",
        "陽原",
        "南光寺前",
        "望地キャンプ場入口"
    ],
    "weekday": [
        "19:52",
        "20:46",
        "21:26",
        "21:46",
        "22:16",
        "22:46",
        "23:08"
    ],
    "saturday": [
        "21:16",
        "21:46",
        "22:16"
    ],
    "holiday": [
        "21:11",
        "21:41"
    ],
    "url": "https://www.kanachu.co.jp/dia/diagram/timetable01_js/course:0000803817-5/node:00129073/kt:0/lname:/"
}
