{
    "date": "2025/04/01",
    "name": "上九沢",
    "position": "-",
    "system": "橋57",
    "destinations": [
        "大沢まちづくりセンター前",
        "榎戸(相模原市緑区)",
        "日々社前",
        "水場",
        "古清水",
        "清水(相模原市中央区)",
        "清水入口(相模原市中央区)",
        "雨窪(相模原市中央区)",
        "堀の内(相模原市中央区)",
        "田名バスターミナル",
        "田名小学校前",
        "半在家",
        "陽原",
        "南光寺前",
        "望地キャンプ場入口"
    ],
    "weekday": [
        "19:56",
        "20:50",
        "21:30",
        "21:50",
        "22:20",
        "22:50",
        "23:12"
    ],
    "saturday": [
        "21:20",
        "21:50",
        "22:20"
    ],
    "holiday": [
        "21:15",
        "21:45"
    ],
    "url": "https://www.kanachu.co.jp/dia/diagram/timetable01_js/course:0000803817-8/node:00129110/kt:0/lname:/"
}
