{
    "date": "2025/04/01",
    "name": "榎戸(相模原市緑区)",
    "position": "-",
    "system": "橋57",
    "destinations": [
        "日々社前",
        "水場",
        "古清水",
        "清水(相模原市中央区)",
        "清水入口(相模原市中央区)",
        "雨窪(相模原市中央区)",
        "堀の内(相模原市中央区)",
        "田名バスターミナル",
        "田名小学校前",
        "半在家",
        "陽原",
        "南光寺前",
        "望地キャンプ場入口"
    ],
    "weekday": [
        "19:59",
        "20:53",
        "21:33",
        "21:53",
        "22:23",
        "22:53",
        "23:15"
    ],
    "saturday": [
        "21:23",
        "21:53",
        "22:23"
    ],
    "holiday": [
        "21:18",
        "21:48"
    ],
    "url": "https://www.kanachu.co.jp/dia/diagram/timetable01_js/course:0000803817-10/node:00129079/kt:0/lname:/"
}
