{
    "date": "2025/04/01",
    "name": "南光寺前",
    "position": "-",
    "system": "橋57",
    "destinations": [
        "望地キャンプ場入口"
    ],
    "weekday": [
        "20:14",
        "21:08",
        "21:48",
        "22:08",
        "22:38",
        "23:08",
        "23:30"
    ],
    "saturday": [
        "21:38",
        "22:08",
        "22:38"
    ],
    "holiday": [
        "21:33",
        "22:03"
    ],
    "url": "https://www.kanachu.co.jp/dia/diagram/timetable01_js/course:0000803817-22/node:00129252/kt:0/lname:/"
}
