{
    "date": "2015/11/01",
    "name": "市民文化センター前(綾瀬市)",
    "position": "-",
    "system": "",
    "destinations": [
        "綾瀬厚生病院",
        "ハンディホームセンター前",
        "浅間橋(綾瀬市)",
        "新道(綾瀬市)",
        "深谷交番",
        "深谷南一丁目",
        "落合北五丁目",
        "びわみ堂",
        "田向(綾瀬市)",
        "長坂上",
        "落合南",
        "藤沢・綾瀬ふれあいの杜",
        "上土棚南二丁目",
        "グリーンハイツ3号棟前",
        "グリーンハイツ6号棟前",
        "綾南会館",
        "さがみ農協前",
        "上土棚団地前",
        "綾南地区センター",
        "上土棚南",
        "藤沢・綾瀬ふれあいの杜",
        "落合南",
        "長坂上",
        "田向(綾瀬市)",
        "びわみ堂",
        "落合北五丁目",
        "深谷南一丁目",
        "深谷交番",
        "新道(綾瀬市)",
        "浅間橋(綾瀬市)",
        "ハンディホームセンター前",
        "綾瀬厚生病院",
        "市民文化センター前(綾瀬市)",
        "綾瀬市役所"
    ],
    "weekday": [
        "7:32",
        "8:32",
        "9:52",
        "11:12",
        "12:32",
        "14:02",
        "15:07",
        "16:22",
        "17:32"
    ],
    "saturday": [
        "7:32",
        "8:32",
        "9:52",
        "11:12",
        "12:32",
        "14:02",
        "15:07",
        "16:22",
        "17:32"
    ],
    "holiday": [
        "7:32",
        "8:32",
        "9:52",
        "11:12",
        "12:32",
        "14:02",
        "15:07",
        "16:22",
        "17:32"
    ],
    "url": "https://www.kanachu.co.jp/dia/diagram/timetable01_js/course:0000802156-2/node:00129861/kt:0/lname:/"
}
