{
    "date": "2015/11/01",
    "name": "グリーンハイツ6号棟前",
    "position": "-",
    "system": "",
    "destinations": [
        "綾南会館",
        "さがみ農協前",
        "上土棚団地前",
        "綾南地区センター",
        "上土棚南",
        "藤沢・綾瀬ふれあいの杜",
        "落合南",
        "長坂上",
        "田向(綾瀬市)",
        "びわみ堂",
        "落合北五丁目",
        "深谷南一丁目",
        "深谷交番",
        "新道(綾瀬市)",
        "浅間橋(綾瀬市)",
        "ハンディホームセンター前",
        "綾瀬厚生病院",
        "市民文化センター前(綾瀬市)",
        "綾瀬市役所"
    ],
    "weekday": [
        "7:50",
        "8:50",
        "10:10",
        "11:30",
        "12:50",
        "14:20",
        "15:25",
        "16:40",
        "17:50"
    ],
    "saturday": [
        "7:50",
        "8:50",
        "10:10",
        "11:30",
        "12:50",
        "14:20",
        "15:25",
        "16:40",
        "17:50"
    ],
    "holiday": [
        "7:50",
        "8:50",
        "10:10",
        "11:30",
        "12:50",
        "14:20",
        "15:25",
        "16:40",
        "17:50"
    ],
    "url": "https://www.kanachu.co.jp/dia/diagram/timetable01_js/course:0000802156-17/node:00130377/kt:0/lname:/"
}
