{
    "date": "2015/11/01",
    "name": "さがみ農協前",
    "position": "-",
    "system": "",
    "destinations": [
        "上土棚団地前",
        "綾南地区センター",
        "上土棚南",
        "藤沢・綾瀬ふれあいの杜",
        "落合南",
        "長坂上",
        "田向(綾瀬市)",
        "びわみ堂",
        "落合北五丁目",
        "深谷南一丁目",
        "深谷交番",
        "新道(綾瀬市)",
        "浅間橋(綾瀬市)",
        "ハンディホームセンター前",
        "綾瀬厚生病院",
        "市民文化センター前(綾瀬市)",
        "綾瀬市役所"
    ],
    "weekday": [
        "7:51",
        "8:51",
        "10:11",
        "11:31",
        "12:51",
        "14:21",
        "15:26",
        "16:41",
        "17:51"
    ],
    "saturday": [
        "7:51",
        "8:51",
        "10:11",
        "11:31",
        "12:51",
        "14:21",
        "15:26",
        "16:41",
        "17:51"
    ],
    "holiday": [
        "7:51",
        "8:51",
        "10:11",
        "11:31",
        "12:51",
        "14:21",
        "15:26",
        "16:41",
        "17:51"
    ],
    "url": "https://www.kanachu.co.jp/dia/diagram/timetable01_js/course:0000802156-19/node:00130009/kt:0/lname:/"
}
