{
    "date": "2015/11/01",
    "name": "綾南地区センター",
    "position": "-",
    "system": "ー",
    "destinations": [
        "上土棚南",
        "藤沢・綾瀬ふれあいの杜",
        "落合南",
        "長坂上",
        "田向(綾瀬市)",
        "びわみ堂",
        "落合北五丁目",
        "深谷南一丁目",
        "深谷交番",
        "新道(綾瀬市)",
        "浅間橋(綾瀬市)",
        "ハンディホームセンター前",
        "綾瀬厚生病院",
        "市民文化センター前(綾瀬市)",
        "綾瀬市役所"
    ],
    "weekday": [
        "7:52",
        "8:52",
        "10:12",
        "11:32",
        "12:52",
        "14:22",
        "15:27",
        "16:42",
        "17:52"
    ],
    "saturday": [
        "7:52",
        "8:52",
        "10:12",
        "11:32",
        "12:52",
        "14:22",
        "15:27",
        "16:42",
        "17:52"
    ],
    "holiday": [
        "7:52",
        "8:52",
        "10:12",
        "11:32",
        "12:52",
        "14:22",
        "15:27",
        "16:42",
        "17:52"
    ],
    "url": "https://www.kanachu.co.jp/dia/diagram/timetable01_js/course:0000802156-21/node:00130011/kt:0/lname:/"
}
