{
    "date": "2015/11/01",
    "name": "上土棚南",
    "position": "-",
    "system": "",
    "destinations": [
        "藤沢・綾瀬ふれあいの杜",
        "落合南",
        "長坂上",
        "田向(綾瀬市)",
        "びわみ堂",
        "落合北五丁目",
        "深谷南一丁目",
        "深谷交番",
        "新道(綾瀬市)",
        "浅間橋(綾瀬市)",
        "ハンディホームセンター前",
        "綾瀬厚生病院",
        "市民文化センター前(綾瀬市)",
        "綾瀬市役所"
    ],
    "weekday": [
        "7:53",
        "8:53",
        "10:13",
        "11:33",
        "12:53",
        "14:23",
        "15:28",
        "16:43",
        "17:53"
    ],
    "saturday": [
        "7:53",
        "8:53",
        "10:13",
        "11:33",
        "12:53",
        "14:23",
        "15:28",
        "16:43",
        "17:53"
    ],
    "holiday": [
        "7:53",
        "8:53",
        "10:13",
        "11:33",
        "12:53",
        "14:23",
        "15:28",
        "16:43",
        "17:53"
    ],
    "url": "https://www.kanachu.co.jp/dia/diagram/timetable01_js/course:0000802156-22/node:00130019/kt:0/lname:/"
}
