{
    "date": "2015/11/01",
    "name": "落合南",
    "position": "-",
    "system": "ー",
    "destinations": [
        "長坂上",
        "田向(綾瀬市)",
        "びわみ堂",
        "落合北五丁目",
        "深谷南一丁目",
        "深谷交番",
        "新道(綾瀬市)",
        "浅間橋(綾瀬市)",
        "ハンディホームセンター前",
        "綾瀬厚生病院",
        "市民文化センター前(綾瀬市)",
        "綾瀬市役所"
    ],
    "weekday": [
        "7:54",
        "8:54",
        "10:14",
        "11:34",
        "12:54",
        "14:24",
        "15:29",
        "16:44",
        "17:54"
    ],
    "saturday": [
        "7:54",
        "8:54",
        "10:14",
        "11:34",
        "12:54",
        "14:24",
        "15:29",
        "16:44",
        "17:54"
    ],
    "holiday": [
        "7:54",
        "8:54",
        "10:14",
        "11:34",
        "12:54",
        "14:24",
        "15:29",
        "16:44",
        "17:54"
    ],
    "url": "https://www.kanachu.co.jp/dia/diagram/timetable01_js/course:0000802156-24/node:00130021/kt:0/lname:/"
}
