{
    "date": "2015/11/01",
    "name": "深谷交番",
    "position": "-",
    "system": "",
    "destinations": [
        "新道(綾瀬市)",
        "浅間橋(綾瀬市)",
        "ハンディホームセンター前",
        "綾瀬厚生病院",
        "市民文化センター前(綾瀬市)",
        "綾瀬市役所"
    ],
    "weekday": [
        "8:02",
        "9:02",
        "10:22",
        "11:42",
        "13:02",
        "14:32",
        "15:37",
        "16:52",
        "18:02"
    ],
    "saturday": [
        "8:02",
        "9:02",
        "10:22",
        "11:42",
        "13:02",
        "14:32",
        "15:37",
        "16:52",
        "18:02"
    ],
    "holiday": [
        "8:02",
        "9:02",
        "10:22",
        "11:42",
        "13:02",
        "14:32",
        "15:37",
        "16:52",
        "18:02"
    ],
    "url": "https://www.kanachu.co.jp/dia/diagram/timetable01_js/course:0000802156-30/node:00130063/kt:0/lname:/"
}
