{
    "date": "2015/11/01",
    "name": "新道(綾瀬市)",
    "position": "-",
    "system": "",
    "destinations": [
        "浅間橋(綾瀬市)",
        "ハンディホームセンター前",
        "綾瀬厚生病院",
        "市民文化センター前(綾瀬市)",
        "綾瀬市役所"
    ],
    "weekday": [
        "8:03",
        "9:03",
        "10:23",
        "11:43",
        "13:03",
        "14:33",
        "15:38",
        "16:53",
        "18:03"
    ],
    "saturday": [
        "8:03",
        "9:03",
        "10:23",
        "11:43",
        "13:03",
        "14:33",
        "15:38",
        "16:53",
        "18:03"
    ],
    "holiday": [
        "8:03",
        "9:03",
        "10:23",
        "11:43",
        "13:03",
        "14:33",
        "15:38",
        "16:53",
        "18:03"
    ],
    "url": "https://www.kanachu.co.jp/dia/diagram/timetable01_js/course:0000802156-31/node:00130062/kt:0/lname:/"
}
