{
    "date": "2015/11/01",
    "name": "浅間橋(綾瀬市)",
    "position": "-",
    "system": "ー",
    "destinations": [
        "ハンディホームセンター前",
        "綾瀬厚生病院",
        "市民文化センター前(綾瀬市)",
        "綾瀬市役所"
    ],
    "weekday": [
        "8:04",
        "9:04",
        "10:24",
        "11:44",
        "13:04",
        "14:34",
        "15:39",
        "16:54",
        "18:04"
    ],
    "saturday": [
        "8:04",
        "9:04",
        "10:24",
        "11:44",
        "13:04",
        "14:34",
        "15:39",
        "16:54",
        "18:04"
    ],
    "holiday": [
        "8:04",
        "9:04",
        "10:24",
        "11:44",
        "13:04",
        "14:34",
        "15:39",
        "16:54",
        "18:04"
    ],
    "url": "https://www.kanachu.co.jp/dia/diagram/timetable01_js/course:0000802156-32/node:00130061/kt:0/lname:/"
}
