{
    "date": "2015/11/01",
    "name": "市民文化センター前(綾瀬市)",
    "position": "-",
    "system": "ー",
    "destinations": [
        "綾瀬市役所"
    ],
    "weekday": [
        "8:08",
        "9:08",
        "10:28",
        "11:48",
        "13:08",
        "14:38",
        "15:43",
        "16:58",
        "18:08"
    ],
    "saturday": [
        "8:08",
        "9:08",
        "10:28",
        "11:48",
        "13:08",
        "14:38",
        "15:43",
        "16:58",
        "18:08"
    ],
    "holiday": [
        "8:08",
        "9:08",
        "10:28",
        "11:48",
        "13:08",
        "14:38",
        "15:43",
        "16:58",
        "18:08"
    ],
    "url": "https://www.kanachu.co.jp/dia/diagram/timetable01_js/course:0000802156-35/node:00129861/kt:0/lname:/"
}
