{
    "date": "2025/07/12",
    "name": "湘南台住宅前",
    "position": "-",
    "system": "藤34",
    "destinations": [
        "桐ヶ谷(藤沢市)",
        "桐原公園前",
        "一色上",
        "東京ラヂエーター前",
        "プレス工業前(藤沢市)",
        "石川(藤沢市)",
        "石川橋",
        "五反田(藤沢市)",
        "北の谷",
        "弁天前(藤沢市)",
        "天神社前",
        "舟地蔵",
        "大六天(藤沢市)",
        "明治小学校前",
        "羽鳥(藤沢市)",
        "メルシャン前",
        "引地橋",
        "一中入口(藤沢市)",
        "湘南高校前",
        "台町(藤沢市)",
        "本町消防出張所前",
        "藤沢公民館前",
        "遊行寺前",
        "遊行通り四丁目",
        "藤沢駅北口"
    ],
    "weekday": [
        "6:11",
        "6:41",
        "7:36",
        "8:08",
        "9:01",
        "10:05",
        "11:01",
        "12:01",
        "13:05",
        "14:01",
        "15:03",
        "16:01",
        "17:01",
        "18:01",
        "19:01",
        "20:01"
    ],
    "saturday": [
        "6:11",
        "7:06",
        "8:06",
        "9:06",
        "17:08",
        "18:08",
        "19:08",
        "20:01"
    ],
    "holiday": [
        "6:11",
        "7:06",
        "8:06",
        "9:06",
        "17:08",
        "18:08",
        "19:08",
        "20:01"
    ],
    "url": "https://www.kanachu.co.jp/dia/diagram/timetable01_js/course:0000802019-2/node:00129894/kt:0/lname:/"
}
