{
    "date": "2025/07/12",
    "name": "石川橋",
    "position": "-",
    "system": "藤34",
    "destinations": [
        "五反田(藤沢市)",
        "北の谷",
        "弁天前(藤沢市)",
        "天神社前",
        "舟地蔵",
        "大六天(藤沢市)",
        "明治小学校前",
        "羽鳥(藤沢市)",
        "メルシャン前",
        "引地橋",
        "一中入口(藤沢市)",
        "湘南高校前",
        "台町(藤沢市)",
        "本町消防出張所前",
        "藤沢公民館前",
        "遊行寺前",
        "遊行通り四丁目",
        "藤沢駅北口"
    ],
    "weekday": [
        "6:21",
        "6:51",
        "7:47",
        "8:19",
        "9:12",
        "10:16",
        "11:12",
        "12:12",
        "13:16",
        "14:12",
        "15:14",
        "16:12",
        "17:12",
        "18:12",
        "19:12",
        "20:11"
    ],
    "saturday": [
        "6:21",
        "7:16",
        "8:16",
        "9:16",
        "17:19",
        "18:18",
        "19:18",
        "20:11"
    ],
    "holiday": [
        "6:21",
        "7:16",
        "8:16",
        "9:16",
        "17:19",
        "18:18",
        "19:18",
        "20:11"
    ],
    "url": "https://www.kanachu.co.jp/dia/diagram/timetable01_js/course:0000802019-9/node:00127062/kt:0/lname:/"
}
