{
    "date": "2025/11/16",
    "name": "聖木",
    "position": "-",
    "system": "愛15",
    "destinations": [
        "毛利台南入口",
        "上長谷(厚木市)",
        "愛名入口",
        "小野宮前",
        "小野橋(厚木市)",
        "榎田",
        "若宮橋(厚木市)",
        "森の里一丁目",
        "森の里二丁目",
        "森の里小学校前",
        "森の里三丁目",
        "森の里中学校前",
        "北センター(厚木市)",
        "森の里五丁目",
        "森の里"
    ],
    "weekday": [
        "7:22",
        "7:49",
        "8:26",
        "9:31",
        "10:52",
        "12:12",
        "13:25",
        "14:47",
        "16:17",
        "17:31",
        "18:25",
        "19:27",
        "20:32",
        "21:32"
    ],
    "saturday": [
        "6:47",
        "8:07",
        "9:27",
        "10:47",
        "12:07",
        "13:27",
        "14:47",
        "16:07",
        "17:27",
        "18:47",
        "20:07",
        "21:27"
    ],
    "holiday": [
        "6:47",
        "8:07",
        "9:27",
        "10:47",
        "12:07",
        "13:27",
        "14:47",
        "16:07",
        "17:27",
        "18:47",
        "20:07",
        "21:27"
    ],
    "url": "https://www.kanachu.co.jp/dia/diagram/timetable01_js/course:0000800386-8/node:00128524/kt:0/lname:/"
}
