{
    "date": "2025/11/16",
    "name": "愛名入口",
    "position": "-",
    "system": "愛15",
    "destinations": [
        "小野宮前",
        "小野橋(厚木市)",
        "榎田",
        "若宮橋(厚木市)",
        "森の里一丁目",
        "森の里二丁目",
        "森の里小学校前",
        "森の里三丁目",
        "森の里中学校前",
        "北センター(厚木市)",
        "森の里五丁目",
        "森の里"
    ],
    "weekday": [
        "7:25",
        "7:52",
        "8:29",
        "9:34",
        "10:55",
        "12:15",
        "13:28",
        "14:50",
        "16:20",
        "17:34",
        "18:28",
        "19:30",
        "20:35",
        "21:35"
    ],
    "saturday": [
        "6:50",
        "8:10",
        "9:30",
        "10:50",
        "12:10",
        "13:30",
        "14:50",
        "16:10",
        "17:30",
        "18:50",
        "20:10",
        "21:30"
    ],
    "holiday": [
        "6:50",
        "8:10",
        "9:30",
        "10:50",
        "12:10",
        "13:30",
        "14:50",
        "16:10",
        "17:30",
        "18:50",
        "20:10",
        "21:30"
    ],
    "url": "https://www.kanachu.co.jp/dia/diagram/timetable01_js/course:0000800386-11/node:00128448/kt:0/lname:/"
}
