{
    "date": "2025/11/16",
    "name": "榎田",
    "position": "-",
    "system": "愛15",
    "destinations": [
        "若宮橋(厚木市)",
        "森の里一丁目",
        "森の里二丁目",
        "森の里小学校前",
        "森の里三丁目",
        "森の里中学校前",
        "北センター(厚木市)",
        "森の里五丁目",
        "森の里"
    ],
    "weekday": [
        "7:29",
        "7:56",
        "8:33",
        "9:37",
        "10:58",
        "12:18",
        "13:31",
        "14:53",
        "16:23",
        "17:38",
        "18:32",
        "19:33",
        "20:38",
        "21:38"
    ],
    "saturday": [
        "6:53",
        "8:14",
        "9:34",
        "10:54",
        "12:14",
        "13:34",
        "14:54",
        "16:14",
        "17:34",
        "18:54",
        "20:13",
        "21:33"
    ],
    "holiday": [
        "6:53",
        "8:14",
        "9:34",
        "10:54",
        "12:14",
        "13:34",
        "14:54",
        "16:14",
        "17:34",
        "18:54",
        "20:13",
        "21:33"
    ],
    "url": "https://www.kanachu.co.jp/dia/diagram/timetable01_js/course:0000800386-14/node:00128517/kt:0/lname:/"
}
