{
    "date": "2025/11/16",
    "name": "森の里二丁目",
    "position": "-",
    "system": "愛15",
    "destinations": [
        "森の里小学校前",
        "森の里三丁目",
        "森の里中学校前",
        "北センター(厚木市)",
        "森の里五丁目",
        "森の里"
    ],
    "weekday": [
        "7:32",
        "7:59",
        "8:36",
        "9:40",
        "11:01",
        "12:21",
        "13:34",
        "14:56",
        "16:26",
        "17:41",
        "18:35",
        "19:36",
        "20:41",
        "21:41"
    ],
    "saturday": [
        "6:56",
        "8:17",
        "9:37",
        "10:57",
        "12:17",
        "13:37",
        "14:57",
        "16:17",
        "17:37",
        "18:57",
        "20:16",
        "21:36"
    ],
    "holiday": [
        "6:56",
        "8:17",
        "9:37",
        "10:57",
        "12:17",
        "13:37",
        "14:57",
        "16:17",
        "17:37",
        "18:57",
        "20:16",
        "21:36"
    ],
    "url": "https://www.kanachu.co.jp/dia/diagram/timetable01_js/course:0000800386-17/node:00128646/kt:0/lname:/"
}
