{
    "date": "2024/03/16",
    "name": "淵野辺駅北口",
    "position": "-",
    "system": "淵30",
    "destinations": [
        "幸町(相模原市中央区)",
        "淵野辺郵便局前",
        "小学校入口(相模原市中央区)",
        "山王(相模原市中央区)",
        "山王下(相模原市中央区)",
        "矢部八幡前",
        "桜美林学園前",
        "桜美林学園東",
        "桜美林学園",
        "唐沢(町田市)",
        "桜台入口(町田市)",
        "桜台一丁目(町田市)",
        "桜台センター前",
        "桜台二丁目(町田市)",
        "小山田桜台"
    ],
    "weekday": [
        "6:50",
        "7:10",
        "7:20",
        "7:30",
        "7:40",
        "16:40",
        "17:10",
        "17:30",
        "17:50",
        "18:10",
        "18:30",
        "18:50",
        "19:12",
        "19:30",
        "19:50",
        "20:10",
        "20:52",
        "21:30",
        "22:15",
        "22:50"
    ],
    "saturday": [
        "6:30",
        "7:10",
        "7:50",
        "17:10",
        "17:50",
        "18:30",
        "19:10",
        "19:50",
        "20:30",
        "21:20"
    ],
    "holiday": [
        "7:50",
        "8:30",
        "9:10",
        "9:51",
        "10:30",
        "11:10",
        "11:50",
        "12:30",
        "13:10",
        "13:55",
        "14:30",
        "15:10",
        "15:50",
        "16:30",
        "17:10",
        "17:50",
        "18:30",
        "19:10",
        "19:50",
        "20:35"
    ],
    "url": "https://www.kanachu.co.jp/dia/diagram/timetable01_js/course:0000800925-1/node:00129246/kt:0/lname:/"
}
