{
    "date": "2024/03/16",
    "name": "桜台入口(町田市)",
    "position": "-",
    "system": "淵30",
    "destinations": [
        "桜台一丁目(町田市)",
        "桜台センター前",
        "桜台二丁目(町田市)",
        "小山田桜台"
    ],
    "weekday": [
        "6:59",
        "7:19",
        "7:29",
        "7:39",
        "7:49",
        "16:49",
        "17:19",
        "17:39",
        "17:59",
        "18:19",
        "18:39",
        "18:59",
        "19:21",
        "19:39",
        "19:59",
        "20:19",
        "21:01",
        "21:39",
        "22:24",
        "22:59"
    ],
    "saturday": [
        "6:39",
        "7:19",
        "7:59",
        "17:19",
        "17:59",
        "18:39",
        "19:19",
        "19:59",
        "20:39",
        "21:29"
    ],
    "holiday": [
        "7:59",
        "8:39",
        "9:19",
        "10:00",
        "10:39",
        "11:19",
        "11:59",
        "12:39",
        "13:19",
        "14:04",
        "14:39",
        "15:19",
        "15:59",
        "16:39",
        "17:19",
        "17:59",
        "18:39",
        "19:19",
        "19:59",
        "20:44"
    ],
    "url": "https://www.kanachu.co.jp/dia/diagram/timetable01_js/course:0000800925-12/node:00129402/kt:0/lname:/"
}
