{
    "date": "2021/02/01",
    "name": "磯子センター前",
    "position": "-",
    "system": "",
    "destinations": [
        "芦名橋",
        "宮の下(横浜市磯子区)",
        "山王谷",
        "磯子台",
        "浜小学校前",
        "広町(横浜市磯子区)",
        "笹堀",
        "仲久保",
        "坂上(横浜市磯子区)",
        "大岡住宅前",
        "藤の木(横浜市南区)",
        "弘明寺",
        "通町三丁目",
        "通町一丁目",
        "蒔田駅前",
        "蒔田中学校前(横浜市南区)"
    ],
    "weekday": [
        "19:35",
        "21:42"
    ],
    "saturday": [
        "19:34",
        "21:32"
    ],
    "holiday": [
        "19:34",
        "21:32"
    ],
    "url": "https://www.kanachu.co.jp/dia/diagram/timetable01_js/course:0000803014-2/node:00126761/kt:0/lname:/"
}
