{
    "date": "2021/02/01",
    "name": "浜小学校前",
    "position": "-",
    "system": "",
    "destinations": [
        "広町(横浜市磯子区)",
        "笹堀",
        "仲久保",
        "坂上(横浜市磯子区)",
        "大岡住宅前",
        "藤の木(横浜市南区)",
        "弘明寺",
        "通町三丁目",
        "通町一丁目",
        "蒔田駅前",
        "蒔田中学校前(横浜市南区)"
    ],
    "weekday": [
        "19:44",
        "21:50"
    ],
    "saturday": [
        "19:43",
        "21:40"
    ],
    "holiday": [
        "19:43",
        "21:40"
    ],
    "url": "https://www.kanachu.co.jp/dia/diagram/timetable01_js/course:0000803014-7/node:00102919/kt:0/lname:/"
}
