{
    "date": "2021/02/01",
    "name": "笹堀",
    "position": "-",
    "system": "",
    "destinations": [
        "仲久保",
        "坂上(横浜市磯子区)",
        "大岡住宅前",
        "藤の木(横浜市南区)",
        "弘明寺",
        "通町三丁目",
        "通町一丁目",
        "蒔田駅前",
        "蒔田中学校前(横浜市南区)"
    ],
    "weekday": [
        "19:47",
        "21:52"
    ],
    "saturday": [
        "19:46",
        "21:42"
    ],
    "holiday": [
        "19:46",
        "21:42"
    ],
    "url": "https://www.kanachu.co.jp/dia/diagram/timetable01_js/course:0000803014-9/node:00102547/kt:0/lname:/"
}
