{
    "date": "2021/02/01",
    "name": "坂上(横浜市磯子区)",
    "position": "-",
    "system": "60",
    "destinations": [
        "大岡住宅前",
        "藤の木(横浜市南区)",
        "弘明寺",
        "通町三丁目",
        "通町一丁目",
        "蒔田駅前",
        "蒔田中学校前(横浜市南区)"
    ],
    "weekday": [
        "19:50",
        "21:54"
    ],
    "saturday": [
        "19:49",
        "21:44"
    ],
    "holiday": [
        "19:49",
        "21:44"
    ],
    "url": "https://www.kanachu.co.jp/dia/diagram/timetable01_js/course:0000803014-11/node:00102538/kt:0/lname:/"
}
