{
    "date": "2021/02/01",
    "name": "通町一丁目",
    "position": "-",
    "system": "",
    "destinations": [
        "蒔田駅前",
        "蒔田中学校前(横浜市南区)"
    ],
    "weekday": [
        "19:58",
        "22:01"
    ],
    "saturday": [
        "19:57",
        "21:51"
    ],
    "holiday": [
        "19:57",
        "21:51"
    ],
    "url": "https://www.kanachu.co.jp/dia/diagram/timetable01_js/course:0000803014-16/node:00102795/kt:0/lname:/"
}
