{
    "date": "2025/10/20",
    "name": "小川かえで公園前",
    "position": "-",
    "system": "",
    "destinations": [
        "小川小学校前",
        "柳谷戸",
        "小川中央",
        "つくし野二丁目(町田市)",
        "つくし野小学校",
        "つくし野駅"
    ],
    "weekday": [
        "6:39",
        "7:18",
        "7:48",
        "8:30",
        "9:11",
        "10:11",
        "12:18",
        "14:18",
        "16:17",
        "17:42",
        "18:42",
        "19:37"
    ],
    "saturday": [
        "6:47",
        "7:17",
        "8:11",
        "9:15",
        "11:18",
        "12:18",
        "14:20",
        "16:20",
        "17:19",
        "18:19",
        "19:27"
    ],
    "holiday": [
        "8:40",
        "9:38",
        "11:18",
        "12:18",
        "14:20",
        "16:20",
        "17:19",
        "18:19"
    ],
    "url": "https://www.kanachu.co.jp/dia/diagram/timetable01_js/course:0000801099-13/node:00129549/kt:0/lname:/"
}
