{
    "date": "2024/12/16",
    "name": "瓜生野入口",
    "position": "-",
    "system": "秦44",
    "destinations": [
        "秦野高校前",
        "広畑ふれあいプラザ前",
        "下大槻団地",
        "広畑ふれあいプラザ前",
        "宿矢名",
        "矢名",
        "学校入口(秦野市)",
        "東海大学北門",
        "東海大学前駅入口",
        "東海大学前駅南口",
        "鶴美ヶ丘",
        "落幡",
        "鶴巻温泉駅南口"
    ],
    "weekday": [
        "5:43",
        "6:42",
        "7:22",
        "11:02"
    ],
    "saturday": [
        "16:01"
    ],
    "holiday": [
        "16:01"
    ],
    "url": "https://www.kanachu.co.jp/dia/diagram/timetable01_js/course:0000803663-9/node:00127752/kt:0/lname:/"
}
