{
    "date": "2024/12/16",
    "name": "永山五丁目",
    "position": "-",
    "system": "鶴31",
    "destinations": [
        "南貝取",
        "瓜生(多摩市)",
        "南瓜生",
        "京王多摩車庫前",
        "中村(町田市小野路町)",
        "別所(町田市)",
        "湯船(町田市)",
        "五反田(町田市)",
        "下堤(町田市)",
        "岩子山",
        "井の花",
        "大蔵(鶴川郵便局前/町田市)",
        "鶴川市民センター入口",
        "下大蔵",
        "金井入口",
        "上能ヶ谷",
        "鶴川駅西口",
        "鶴川駅"
    ],
    "weekday": [
        "6:48"
    ],
    "saturday": [
        "7:18"
    ],
    "holiday": [
        "7:18"
    ],
    "url": "https://www.kanachu.co.jp/dia/diagram/timetable01_js/course:0000803438-7/node:00020145/kt:0/lname:/"
}
