{
    "date": "2024/12/16",
    "name": "中村(町田市小野路町)",
    "position": "-",
    "system": "鶴31",
    "destinations": [
        "別所(町田市)",
        "湯船(町田市)",
        "五反田(町田市)",
        "下堤(町田市)",
        "岩子山",
        "井の花",
        "大蔵(鶴川郵便局前/町田市)",
        "鶴川市民センター入口",
        "下大蔵",
        "金井入口",
        "上能ヶ谷",
        "鶴川駅西口",
        "鶴川駅"
    ],
    "weekday": [
        "6:54"
    ],
    "saturday": [
        "7:24"
    ],
    "holiday": [
        "7:24"
    ],
    "url": "https://www.kanachu.co.jp/dia/diagram/timetable01_js/course:0000803438-12/node:00130072/kt:0/lname:/"
}
