{
    "date": "2024/12/16",
    "name": "湯船(町田市)",
    "position": "-",
    "system": "鶴31",
    "destinations": [
        "五反田(町田市)",
        "下堤(町田市)",
        "岩子山",
        "井の花",
        "大蔵(鶴川郵便局前/町田市)",
        "鶴川市民センター入口",
        "下大蔵",
        "金井入口",
        "上能ヶ谷",
        "鶴川駅西口",
        "鶴川駅"
    ],
    "weekday": [
        "6:56"
    ],
    "saturday": [
        "7:26"
    ],
    "holiday": [
        "7:26"
    ],
    "url": "https://www.kanachu.co.jp/dia/diagram/timetable01_js/course:0000803438-14/node:00130074/kt:0/lname:/"
}
