{
    "date": "2025/04/19",
    "name": "さがみ夢大通り",
    "position": "-",
    "system": "相02",
    "destinations": [
        "相模原警察署前",
        "中央小学校北",
        "矢部駅入口",
        "鹿沼台",
        "鹿沼公園南入口",
        "淵野辺十字路",
        "宇宙科学研究本部",
        "共和(相模原市中央区)",
        "嶽の内入口",
        "老人ホーム入口(相模原市南区)",
        "古淵駅入口",
        "大野小学校入口",
        "市営斎場入口",
        "南警察署前(相模原市南区)",
        "相模病院入口",
        "鵜野森",
        "谷口(相模原市南区)",
        "相模大野駅北口"
    ],
    "weekday": [
        "5:41",
        "6:01",
        "6:16",
        "6:28",
        "6:40",
        "6:52",
        "7:06",
        "7:21",
        "7:41",
        "8:01",
        "8:31",
        "9:01",
        "9:31",
        "10:01",
        "10:31",
        "11:01",
        "11:31",
        "12:01",
        "12:31",
        "13:01",
        "13:31",
        "14:01",
        "14:31",
        "15:01",
        "15:31",
        "16:01",
        "16:31",
        "17:01",
        "17:21",
        "17:41",
        "18:01",
        "18:31",
        "19:01",
        "19:31",
        "20:11",
        "20:51",
        "21:41"
    ],
    "saturday": [
        "6:01",
        "6:31",
        "7:01",
        "7:31",
        "8:01",
        "8:31",
        "9:01",
        "9:31",
        "10:01",
        "10:31",
        "11:01",
        "11:31",
        "12:01",
        "12:31",
        "13:01",
        "13:31",
        "14:01",
        "14:31",
        "15:01",
        "15:31",
        "16:01",
        "16:31",
        "17:01",
        "17:31",
        "18:01",
        "18:31",
        "19:01",
        "19:41",
        "20:31",
        "21:21"
    ],
    "holiday": [
        "6:01",
        "6:31",
        "7:01",
        "7:31",
        "8:01",
        "8:31",
        "9:01",
        "9:31",
        "10:01",
        "10:31",
        "11:01",
        "11:31",
        "12:01",
        "12:31",
        "13:01",
        "13:31",
        "14:01",
        "14:31",
        "15:01",
        "15:31",
        "16:01",
        "16:31",
        "17:01",
        "17:31",
        "18:01",
        "18:31",
        "19:01",
        "19:41",
        "20:31",
        "21:21"
    ],
    "url": "https://www.kanachu.co.jp/dia/diagram/timetable01_js/course:0000802392-2/node:00129080/kt:0/lname:/"
}
