{
    "date": "2025/04/19",
    "name": "相模原警察署前",
    "position": "-",
    "system": "相02",
    "destinations": [
        "中央小学校北",
        "矢部駅入口",
        "鹿沼台",
        "鹿沼公園南入口",
        "淵野辺十字路",
        "宇宙科学研究本部",
        "共和(相模原市中央区)",
        "嶽の内入口",
        "老人ホーム入口(相模原市南区)",
        "古淵駅入口",
        "大野小学校入口",
        "市営斎場入口",
        "南警察署前(相模原市南区)",
        "相模病院入口",
        "鵜野森",
        "谷口(相模原市南区)",
        "相模大野駅北口"
    ],
    "weekday": [
        "5:43",
        "6:03",
        "6:18",
        "6:30",
        "6:42",
        "6:54",
        "7:09",
        "7:24",
        "7:44",
        "8:04",
        "8:34",
        "9:04",
        "9:34",
        "10:04",
        "10:34",
        "11:04",
        "11:34",
        "12:04",
        "12:34",
        "13:04",
        "13:34",
        "14:04",
        "14:34",
        "15:04",
        "15:34",
        "16:04",
        "16:34",
        "17:04",
        "17:24",
        "17:44",
        "18:04",
        "18:34",
        "19:04",
        "19:34",
        "20:13",
        "20:53",
        "21:43"
    ],
    "saturday": [
        "6:03",
        "6:33",
        "7:03",
        "7:33",
        "8:03",
        "8:33",
        "9:03",
        "9:33",
        "10:03",
        "10:33",
        "11:03",
        "11:33",
        "12:03",
        "12:33",
        "13:03",
        "13:33",
        "14:03",
        "14:33",
        "15:03",
        "15:33",
        "16:03",
        "16:33",
        "17:03",
        "17:33",
        "18:03",
        "18:33",
        "19:03",
        "19:43",
        "20:33",
        "21:23"
    ],
    "holiday": [
        "6:03",
        "6:33",
        "7:03",
        "7:33",
        "8:03",
        "8:33",
        "9:03",
        "9:33",
        "10:03",
        "10:33",
        "11:03",
        "11:33",
        "12:03",
        "12:33",
        "13:03",
        "13:33",
        "14:03",
        "14:33",
        "15:03",
        "15:33",
        "16:03",
        "16:33",
        "17:03",
        "17:33",
        "18:03",
        "18:33",
        "19:03",
        "19:43",
        "20:33",
        "21:23"
    ],
    "url": "https://www.kanachu.co.jp/dia/diagram/timetable01_js/course:0000802392-3/node:00129132/kt:0/lname:/"
}
