{
    "date": "2025/04/19",
    "name": "矢部駅入口",
    "position": "-",
    "system": "相02",
    "destinations": [
        "鹿沼台",
        "鹿沼公園南入口",
        "淵野辺十字路",
        "宇宙科学研究本部",
        "共和(相模原市中央区)",
        "嶽の内入口",
        "老人ホーム入口(相模原市南区)",
        "古淵駅入口",
        "大野小学校入口",
        "市営斎場入口",
        "南警察署前(相模原市南区)",
        "相模病院入口",
        "鵜野森",
        "谷口(相模原市南区)",
        "相模大野駅北口"
    ],
    "weekday": [
        "5:45",
        "6:05",
        "6:20",
        "6:32",
        "6:44",
        "6:56",
        "7:11",
        "7:26",
        "7:46",
        "8:06",
        "8:36",
        "9:06",
        "9:36",
        "10:06",
        "10:36",
        "11:06",
        "11:36",
        "12:06",
        "12:36",
        "13:06",
        "13:36",
        "14:06",
        "14:36",
        "15:06",
        "15:36",
        "16:06",
        "16:36",
        "17:06",
        "17:26",
        "17:46",
        "18:06",
        "18:36",
        "19:06",
        "19:36",
        "20:15",
        "20:55",
        "21:45"
    ],
    "saturday": [
        "6:05",
        "6:35",
        "7:05",
        "7:35",
        "8:05",
        "8:35",
        "9:05",
        "9:35",
        "10:05",
        "10:35",
        "11:05",
        "11:35",
        "12:05",
        "12:35",
        "13:05",
        "13:35",
        "14:05",
        "14:35",
        "15:05",
        "15:35",
        "16:05",
        "16:35",
        "17:05",
        "17:35",
        "18:05",
        "18:35",
        "19:05",
        "19:45",
        "20:35",
        "21:25"
    ],
    "holiday": [
        "6:05",
        "6:35",
        "7:05",
        "7:35",
        "8:05",
        "8:35",
        "9:05",
        "9:35",
        "10:05",
        "10:35",
        "11:05",
        "11:35",
        "12:05",
        "12:35",
        "13:05",
        "13:35",
        "14:05",
        "14:35",
        "15:05",
        "15:35",
        "16:05",
        "16:35",
        "17:05",
        "17:35",
        "18:05",
        "18:35",
        "19:05",
        "19:45",
        "20:35",
        "21:25"
    ],
    "url": "https://www.kanachu.co.jp/dia/diagram/timetable01_js/course:0000802392-5/node:00129282/kt:0/lname:/"
}
