{
    "date": "2025/04/19",
    "name": "大野小学校入口",
    "position": "-",
    "system": "相02",
    "destinations": [
        "市営斎場入口",
        "南警察署前(相模原市南区)",
        "相模病院入口",
        "鵜野森",
        "谷口(相模原市南区)",
        "相模大野駅北口"
    ],
    "weekday": [
        "5:58",
        "6:18",
        "6:33",
        "6:45",
        "6:57",
        "7:14",
        "7:29",
        "7:44",
        "8:04",
        "8:24",
        "8:54",
        "9:24",
        "9:54",
        "10:24",
        "10:54",
        "11:24",
        "11:54",
        "12:24",
        "12:54",
        "13:24",
        "13:54",
        "14:24",
        "14:54",
        "15:24",
        "15:54",
        "16:24",
        "16:54",
        "17:24",
        "17:44",
        "18:04",
        "18:24",
        "18:54",
        "19:24",
        "19:54",
        "20:28",
        "21:08",
        "21:58"
    ],
    "saturday": [
        "6:17",
        "6:47",
        "7:17",
        "7:47",
        "8:23",
        "8:53",
        "9:23",
        "9:53",
        "10:23",
        "10:53",
        "11:23",
        "11:53",
        "12:23",
        "12:53",
        "13:23",
        "13:53",
        "14:23",
        "14:53",
        "15:23",
        "15:53",
        "16:23",
        "16:53",
        "17:23",
        "17:53",
        "18:23",
        "18:53",
        "19:17",
        "19:57",
        "20:47",
        "21:37"
    ],
    "holiday": [
        "6:17",
        "6:47",
        "7:17",
        "7:47",
        "8:23",
        "8:53",
        "9:23",
        "9:53",
        "10:23",
        "10:53",
        "11:23",
        "11:53",
        "12:23",
        "12:53",
        "13:23",
        "13:53",
        "14:23",
        "14:53",
        "15:23",
        "15:53",
        "16:23",
        "16:53",
        "17:23",
        "17:53",
        "18:23",
        "18:53",
        "19:17",
        "19:57",
        "20:47",
        "21:37"
    ],
    "url": "https://www.kanachu.co.jp/dia/diagram/timetable01_js/course:0000802392-14/node:00129098/kt:0/lname:/"
}
