{
    "date": "2025/04/19",
    "name": "鵜野森",
    "position": "-",
    "system": "相02",
    "destinations": [
        "谷口(相模原市南区)",
        "相模大野駅北口"
    ],
    "weekday": [
        "6:03",
        "6:23",
        "6:38",
        "6:50",
        "7:02",
        "7:21",
        "7:36",
        "7:51",
        "8:11",
        "8:31",
        "9:01",
        "9:31",
        "10:01",
        "10:31",
        "11:01",
        "11:31",
        "12:01",
        "12:31",
        "13:01",
        "13:31",
        "14:01",
        "14:31",
        "15:01",
        "15:31",
        "16:01",
        "16:31",
        "17:01",
        "17:31",
        "17:51",
        "18:11",
        "18:31",
        "19:01",
        "19:31",
        "20:01",
        "20:33",
        "21:13",
        "22:03"
    ],
    "saturday": [
        "6:21",
        "6:51",
        "7:21",
        "7:51",
        "8:31",
        "9:01",
        "9:31",
        "10:01",
        "10:31",
        "11:01",
        "11:31",
        "12:01",
        "12:31",
        "13:01",
        "13:31",
        "14:01",
        "14:31",
        "15:01",
        "15:31",
        "16:01",
        "16:31",
        "17:01",
        "17:31",
        "18:01",
        "18:31",
        "19:01",
        "19:21",
        "20:01",
        "20:51",
        "21:41"
    ],
    "holiday": [
        "6:21",
        "6:51",
        "7:21",
        "7:51",
        "8:31",
        "9:01",
        "9:31",
        "10:01",
        "10:31",
        "11:01",
        "11:31",
        "12:01",
        "12:31",
        "13:01",
        "13:31",
        "14:01",
        "14:31",
        "15:01",
        "15:31",
        "16:01",
        "16:31",
        "17:01",
        "17:31",
        "18:01",
        "18:31",
        "19:01",
        "19:21",
        "20:01",
        "20:51",
        "21:41"
    ],
    "url": "https://www.kanachu.co.jp/dia/diagram/timetable01_js/course:0000802392-18/node:00129076/kt:0/lname:/"
}
