{
    "date": "2026/01/16",
    "name": "末広小学校前",
    "position": "-",
    "system": "秦27",
    "destinations": [
        "落合(秦野市)",
        "神奈川病院",
        "上落合(秦野市)",
        "東ノ原",
        "東農協前",
        "東田原(秦野市)",
        "朝日神社前",
        "中庭",
        "谷戸入口(秦野市)",
        "東田原神社前",
        "東田原下宿",
        "井ノ城",
        "くず葉台",
        "九沢",
        "北原(秦野市)",
        "ジョイフルタウン",
        "仲宿(秦野市)",
        "上宿通り",
        "大川橋(秦野市)",
        "まほろば大橋",
        "秦野駅"
    ],
    "weekday": [
        "7:30",
        "7:50",
        "8:10",
        "9:10",
        "10:10",
        "11:10",
        "12:10",
        "13:10",
        "14:16",
        "15:10",
        "16:05",
        "17:05",
        "18:05",
        "19:05",
        "20:10"
    ],
    "saturday": [
        "8:15",
        "9:15",
        "10:15",
        "11:15",
        "12:15",
        "13:15",
        "14:15",
        "15:15",
        "16:15",
        "17:05",
        "18:05",
        "19:05"
    ],
    "holiday": [
        "8:15",
        "9:15",
        "10:15",
        "11:15",
        "12:15",
        "13:15",
        "14:15",
        "15:15",
        "16:15",
        "17:05",
        "18:05",
        "19:05"
    ],
    "url": "https://www.kanachu.co.jp/dia/diagram/timetable01_js/course:0000804105-6/node:00127837/kt:0/lname:/"
}
