{
    "date": "2026/01/16",
    "name": "上落合(秦野市)",
    "position": "-",
    "system": "秦27",
    "destinations": [
        "東ノ原",
        "東農協前",
        "東田原(秦野市)",
        "朝日神社前",
        "中庭",
        "谷戸入口(秦野市)",
        "東田原神社前",
        "東田原下宿",
        "井ノ城",
        "くず葉台",
        "九沢",
        "北原(秦野市)",
        "ジョイフルタウン",
        "仲宿(秦野市)",
        "上宿通り",
        "大川橋(秦野市)",
        "まほろば大橋",
        "秦野駅"
    ],
    "weekday": [
        "7:41",
        "8:01",
        "8:21",
        "9:21",
        "10:21",
        "11:21",
        "12:21",
        "13:21",
        "14:27",
        "15:21",
        "16:16",
        "17:16",
        "18:16",
        "19:14",
        "20:19"
    ],
    "saturday": [
        "8:26",
        "9:26",
        "10:26",
        "11:26",
        "12:26",
        "13:26",
        "14:26",
        "15:26",
        "16:26",
        "17:16",
        "18:14",
        "19:14"
    ],
    "holiday": [
        "8:26",
        "9:26",
        "10:26",
        "11:26",
        "12:26",
        "13:26",
        "14:26",
        "15:26",
        "16:26",
        "17:16",
        "18:14",
        "19:14"
    ],
    "url": "https://www.kanachu.co.jp/dia/diagram/timetable01_js/course:0000804105-9/node:00128028/kt:0/lname:/"
}
