{
    "date": "2026/01/16",
    "name": "谷戸入口(秦野市)",
    "position": "-",
    "system": "秦27",
    "destinations": [
        "東田原神社前",
        "東田原下宿",
        "井ノ城",
        "くず葉台",
        "九沢",
        "北原(秦野市)",
        "ジョイフルタウン",
        "仲宿(秦野市)",
        "上宿通り",
        "大川橋(秦野市)",
        "まほろば大橋",
        "秦野駅"
    ],
    "weekday": [
        "7:47",
        "8:07",
        "8:27",
        "9:27",
        "10:27",
        "11:27",
        "12:27",
        "13:27",
        "14:33",
        "15:27",
        "16:22",
        "17:22",
        "18:22",
        "19:20",
        "20:25"
    ],
    "saturday": [
        "8:32",
        "9:32",
        "10:32",
        "11:32",
        "12:32",
        "13:32",
        "14:32",
        "15:32",
        "16:32",
        "17:22",
        "18:20",
        "19:20"
    ],
    "holiday": [
        "8:32",
        "9:32",
        "10:32",
        "11:32",
        "12:32",
        "13:32",
        "14:32",
        "15:32",
        "16:32",
        "17:22",
        "18:20",
        "19:20"
    ],
    "url": "https://www.kanachu.co.jp/dia/diagram/timetable01_js/course:0000804105-15/node:00127869/kt:0/lname:/"
}
