{
    "date": "2022/12/17",
    "name": "高田三丁目",
    "position": "-",
    "system": "茅14",
    "destinations": [
        "室田二丁目",
        "室田一丁目",
        "室田小学校入口",
        "室田",
        "高田三丁目",
        "ニュータウン中央(茅ケ崎市)",
        "ニュータウン入口(茅ケ崎市)",
        "市立病院(茅ケ崎市)",
        "本村五丁目",
        "本村(茅ケ崎市)",
        "茅ヶ崎駅"
    ],
    "weekday": [
        "12:02",
        "13:32",
        "15:34",
        "16:17"
    ],
    "saturday": [
        "10:52",
        "12:10",
        "12:57",
        "15:57",
        "16:42",
        "17:29",
        "18:19"
    ],
    "holiday": [
        "10:52",
        "12:10",
        "12:57",
        "15:57",
        "16:42",
        "17:29",
        "18:19"
    ],
    "url": "https://www.kanachu.co.jp/dia/diagram/timetable01_js/course:0000801533-7/node:00127261/kt:0/lname:/"
}
