{
    "date": "2022/12/17",
    "name": "室田小学校入口",
    "position": "-",
    "system": "茅14",
    "destinations": [
        "室田",
        "高田三丁目",
        "ニュータウン中央(茅ケ崎市)",
        "ニュータウン入口(茅ケ崎市)",
        "市立病院(茅ケ崎市)",
        "本村五丁目",
        "本村(茅ケ崎市)",
        "茅ヶ崎駅"
    ],
    "weekday": [
        "12:05",
        "13:35",
        "15:37",
        "16:20"
    ],
    "saturday": [
        "10:55",
        "12:13",
        "13:00",
        "16:00",
        "16:45",
        "17:32",
        "18:22"
    ],
    "holiday": [
        "10:55",
        "12:13",
        "13:00",
        "16:00",
        "16:45",
        "17:32",
        "18:22"
    ],
    "url": "https://www.kanachu.co.jp/dia/diagram/timetable01_js/course:0000801533-10/node:00127263/kt:0/lname:/"
}
