{
    "date": "2025/11/25",
    "name": "下久保",
    "position": "-",
    "system": "橋34",
    "destinations": [
        "久保(相模原市中央区)",
        "上久保",
        "作の口",
        "作の口三谷",
        "下九沢宮下",
        "下九沢",
        "塚場",
        "大沢団地前",
        "六地蔵(相模原市緑区)",
        "上中の原団地",
        "石宮",
        "緑ヶ丘(相模原市緑区)",
        "旭中学校(相模原市緑区)",
        "橋本二丁目",
        "橋本駅南口"
    ],
    "weekday": [
        "5:59",
        "6:14",
        "6:29",
        "6:44",
        "7:04",
        "7:29",
        "7:59",
        "8:44",
        "9:34",
        "10:34",
        "11:34",
        "12:34",
        "13:34",
        "14:34",
        "15:34",
        "16:34",
        "17:34",
        "18:34",
        "19:49"
    ],
    "saturday": [
        "6:04",
        "6:34",
        "7:04",
        "7:30",
        "8:29",
        "9:29",
        "10:29",
        "11:34",
        "12:34",
        "13:34",
        "14:34",
        "15:34",
        "16:34",
        "17:34",
        "18:34",
        "19:34"
    ],
    "holiday": [
        "6:34",
        "7:34",
        "8:39",
        "9:39",
        "10:39",
        "11:39",
        "12:39",
        "13:39",
        "14:34",
        "15:34",
        "16:34",
        "17:34",
        "18:34",
        "19:34"
    ],
    "url": "https://www.kanachu.co.jp/dia/diagram/timetable01_js/course:0000803792-4/node:00129167/kt:0/lname:/"
}
