{
    "date": "2025/11/25",
    "name": "作の口",
    "position": "-",
    "system": "橋34",
    "destinations": [
        "作の口三谷",
        "下九沢宮下",
        "下九沢",
        "塚場",
        "大沢団地前",
        "六地蔵(相模原市緑区)",
        "上中の原団地",
        "石宮",
        "緑ヶ丘(相模原市緑区)",
        "旭中学校(相模原市緑区)",
        "橋本二丁目",
        "橋本駅南口"
    ],
    "weekday": [
        "6:02",
        "6:17",
        "6:32",
        "6:47",
        "7:07",
        "7:32",
        "8:02",
        "8:47",
        "9:37",
        "10:37",
        "11:37",
        "12:37",
        "13:37",
        "14:37",
        "15:37",
        "16:37",
        "17:37",
        "18:37",
        "19:52"
    ],
    "saturday": [
        "6:07",
        "6:37",
        "7:07",
        "7:33",
        "8:32",
        "9:32",
        "10:32",
        "11:37",
        "12:37",
        "13:37",
        "14:37",
        "15:37",
        "16:37",
        "17:37",
        "18:37",
        "19:36"
    ],
    "holiday": [
        "6:37",
        "7:37",
        "8:42",
        "9:42",
        "10:42",
        "11:42",
        "12:42",
        "13:42",
        "14:37",
        "15:37",
        "16:37",
        "17:37",
        "18:37",
        "19:36"
    ],
    "url": "https://www.kanachu.co.jp/dia/diagram/timetable01_js/course:0000803792-7/node:00129144/kt:0/lname:/"
}
