{
    "date": "2025/11/25",
    "name": "作の口三谷",
    "position": "-",
    "system": "橋34",
    "destinations": [
        "下九沢宮下",
        "下九沢",
        "塚場",
        "大沢団地前",
        "六地蔵(相模原市緑区)",
        "上中の原団地",
        "石宮",
        "緑ヶ丘(相模原市緑区)",
        "旭中学校(相模原市緑区)",
        "橋本二丁目",
        "橋本駅南口"
    ],
    "weekday": [
        "6:03",
        "6:18",
        "6:33",
        "6:48",
        "7:09",
        "7:34",
        "8:04",
        "8:49",
        "9:38",
        "10:38",
        "11:38",
        "12:38",
        "13:38",
        "14:38",
        "15:38",
        "16:38",
        "17:38",
        "18:38",
        "19:53"
    ],
    "saturday": [
        "6:08",
        "6:38",
        "7:08",
        "7:34",
        "8:33",
        "9:33",
        "10:33",
        "11:38",
        "12:38",
        "13:38",
        "14:38",
        "15:38",
        "16:38",
        "17:38",
        "18:38",
        "19:37"
    ],
    "holiday": [
        "6:38",
        "7:38",
        "8:43",
        "9:43",
        "10:43",
        "11:43",
        "12:43",
        "13:43",
        "14:38",
        "15:38",
        "16:38",
        "17:38",
        "18:38",
        "19:37"
    ],
    "url": "https://www.kanachu.co.jp/dia/diagram/timetable01_js/course:0000803792-8/node:00129145/kt:0/lname:/"
}
