{
    "date": "2025/11/25",
    "name": "下九沢宮下",
    "position": "-",
    "system": "橋34",
    "destinations": [
        "下九沢",
        "塚場",
        "大沢団地前",
        "六地蔵(相模原市緑区)",
        "上中の原団地",
        "石宮",
        "緑ヶ丘(相模原市緑区)",
        "旭中学校(相模原市緑区)",
        "橋本二丁目",
        "橋本駅南口"
    ],
    "weekday": [
        "6:04",
        "6:19",
        "6:34",
        "6:49",
        "7:10",
        "7:35",
        "8:05",
        "8:50",
        "9:39",
        "10:39",
        "11:39",
        "12:39",
        "13:39",
        "14:39",
        "15:39",
        "16:39",
        "17:39",
        "18:39",
        "19:54"
    ],
    "saturday": [
        "6:09",
        "6:39",
        "7:09",
        "7:35",
        "8:34",
        "9:34",
        "10:34",
        "11:39",
        "12:39",
        "13:39",
        "14:39",
        "15:39",
        "16:39",
        "17:39",
        "18:39",
        "19:38"
    ],
    "holiday": [
        "6:39",
        "7:39",
        "8:44",
        "9:44",
        "10:44",
        "11:44",
        "12:44",
        "13:44",
        "14:39",
        "15:39",
        "16:39",
        "17:39",
        "18:39",
        "19:38"
    ],
    "url": "https://www.kanachu.co.jp/dia/diagram/timetable01_js/course:0000803792-9/node:00129308/kt:0/lname:/"
}
