{
    "date": "2025/11/25",
    "name": "石宮",
    "position": "-",
    "system": "橋34",
    "destinations": [
        "緑ヶ丘(相模原市緑区)",
        "旭中学校(相模原市緑区)",
        "橋本二丁目",
        "橋本駅南口"
    ],
    "weekday": [
        "6:11",
        "6:26",
        "6:41",
        "6:56",
        "7:20",
        "7:45",
        "8:15",
        "9:00",
        "9:47",
        "10:47",
        "11:47",
        "12:47",
        "13:47",
        "14:47",
        "15:47",
        "16:47",
        "17:47",
        "18:47",
        "20:02"
    ],
    "saturday": [
        "6:16",
        "6:46",
        "7:16",
        "7:42",
        "8:41",
        "9:41",
        "10:41",
        "11:46",
        "12:46",
        "13:46",
        "14:46",
        "15:46",
        "16:46",
        "17:46",
        "18:46",
        "19:43"
    ],
    "holiday": [
        "6:46",
        "7:46",
        "8:51",
        "9:51",
        "10:51",
        "11:51",
        "12:51",
        "13:51",
        "14:46",
        "15:46",
        "16:46",
        "17:46",
        "18:46",
        "19:43"
    ],
    "url": "https://www.kanachu.co.jp/dia/diagram/timetable01_js/course:0000803792-15/node:00129073/kt:0/lname:/"
}
