{
    "date": "2025/11/25",
    "name": "緑ヶ丘(相模原市緑区)",
    "position": "-",
    "system": "橋34",
    "destinations": [
        "旭中学校(相模原市緑区)",
        "橋本二丁目",
        "橋本駅南口"
    ],
    "weekday": [
        "6:12",
        "6:27",
        "6:42",
        "6:57",
        "7:21",
        "7:46",
        "8:16",
        "9:01",
        "9:48",
        "10:48",
        "11:48",
        "12:48",
        "13:48",
        "14:48",
        "15:48",
        "16:48",
        "17:48",
        "18:48",
        "20:03"
    ],
    "saturday": [
        "6:17",
        "6:47",
        "7:17",
        "7:43",
        "8:42",
        "9:42",
        "10:42",
        "11:47",
        "12:47",
        "13:47",
        "14:47",
        "15:47",
        "16:47",
        "17:47",
        "18:47",
        "19:44"
    ],
    "holiday": [
        "6:47",
        "7:47",
        "8:52",
        "9:52",
        "10:52",
        "11:52",
        "12:52",
        "13:52",
        "14:47",
        "15:47",
        "16:47",
        "17:47",
        "18:47",
        "19:44"
    ],
    "url": "https://www.kanachu.co.jp/dia/diagram/timetable01_js/course:0000803792-16/node:00129264/kt:0/lname:/"
}
