{
    "date": "2025/11/25",
    "name": "旭中学校(相模原市緑区)",
    "position": "-",
    "system": "橋34",
    "destinations": [
        "橋本二丁目",
        "橋本駅南口"
    ],
    "weekday": [
        "6:13",
        "6:28",
        "6:43",
        "6:58",
        "7:22",
        "7:47",
        "8:17",
        "9:02",
        "9:49",
        "10:49",
        "11:49",
        "12:49",
        "13:49",
        "14:49",
        "15:49",
        "16:49",
        "17:49",
        "18:49",
        "20:04"
    ],
    "saturday": [
        "6:18",
        "6:48",
        "7:18",
        "7:44",
        "8:43",
        "9:43",
        "10:43",
        "11:48",
        "12:48",
        "13:48",
        "14:48",
        "15:48",
        "16:48",
        "17:48",
        "18:48",
        "19:45"
    ],
    "holiday": [
        "6:48",
        "7:48",
        "8:53",
        "9:53",
        "10:53",
        "11:53",
        "12:53",
        "13:53",
        "14:48",
        "15:48",
        "16:48",
        "17:48",
        "18:48",
        "19:45"
    ],
    "url": "https://www.kanachu.co.jp/dia/diagram/timetable01_js/course:0000803792-17/node:00129066/kt:0/lname:/"
}
