{
    "date": "2025/03/15",
    "name": "桐ヶ谷(藤沢市)",
    "position": "-",
    "system": "湘17",
    "destinations": [
        "南桐原",
        "石川山田",
        "和泉橋",
        "寿照寺前",
        "田方(藤沢市)",
        "矢尻(藤沢市)",
        "南原(藤沢市)",
        "湘南ライフタウン",
        "小出一本松",
        "大辻(藤沢市)",
        "小出小学校前",
        "芹沢入口",
        "文教大学"
    ],
    "weekday": [
        "7:38",
        "8:08",
        "8:18",
        "8:28",
        "8:40",
        "8:45",
        "8:55",
        "9:10",
        "9:25",
        "9:45",
        "10:05",
        "10:10",
        "10:15",
        "10:20",
        "10:40",
        "11:10",
        "11:40",
        "12:10",
        "12:30",
        "12:40",
        "13:10",
        "13:40",
        "14:10",
        "14:40",
        "15:10",
        "15:40",
        "16:10",
        "16:40",
        "17:10",
        "17:25",
        "17:40",
        "17:58",
        "18:10",
        "18:25",
        "18:40",
        "18:55",
        "19:28",
        "19:58"
    ],
    "saturday": [
        "7:38",
        "8:30",
        "8:39",
        "8:47",
        "9:13",
        "9:33",
        "9:53",
        "10:13",
        "10:27",
        "10:53",
        "11:13",
        "11:38",
        "12:13",
        "12:38",
        "13:13",
        "13:38",
        "14:13",
        "14:38",
        "15:13",
        "15:38",
        "16:13",
        "16:38",
        "17:13",
        "17:33",
        "18:13",
        "18:33",
        "19:13"
    ],
    "holiday": [
        "7:33",
        "8:33",
        "9:13",
        "9:38",
        "10:13",
        "10:38",
        "11:13",
        "11:38",
        "12:13",
        "12:38",
        "13:13",
        "13:38",
        "14:13",
        "14:38",
        "15:13",
        "15:38",
        "16:13",
        "16:38",
        "17:13",
        "17:33",
        "18:13",
        "18:33"
    ],
    "url": "https://www.kanachu.co.jp/dia/diagram/timetable01_js/course:0000800799-3/node:00129956/kt:0/lname:/"
}
