{
    "date": "2025/03/15",
    "name": "田方(藤沢市)",
    "position": "-",
    "system": "湘17",
    "destinations": [
        "矢尻(藤沢市)",
        "南原(藤沢市)",
        "湘南ライフタウン",
        "小出一本松",
        "大辻(藤沢市)",
        "小出小学校前",
        "芹沢入口",
        "文教大学"
    ],
    "weekday": [
        "7:43",
        "8:13",
        "8:23",
        "8:33",
        "8:45",
        "8:50",
        "9:00",
        "9:15",
        "9:30",
        "9:50",
        "10:10",
        "10:15",
        "10:20",
        "10:25",
        "10:45",
        "11:15",
        "11:45",
        "12:15",
        "12:35",
        "12:45",
        "13:15",
        "13:45",
        "14:15",
        "14:45",
        "15:15",
        "15:45",
        "16:15",
        "16:45",
        "17:15",
        "17:30",
        "17:45",
        "18:03",
        "18:15",
        "18:30",
        "18:45",
        "19:00",
        "19:33",
        "20:03"
    ],
    "saturday": [
        "7:43",
        "8:35",
        "8:44",
        "8:52",
        "9:18",
        "9:38",
        "9:58",
        "10:18",
        "10:32",
        "10:58",
        "11:18",
        "11:43",
        "12:18",
        "12:43",
        "13:18",
        "13:43",
        "14:18",
        "14:43",
        "15:18",
        "15:43",
        "16:18",
        "16:43",
        "17:18",
        "17:38",
        "18:18",
        "18:38",
        "19:18"
    ],
    "holiday": [
        "7:38",
        "8:38",
        "9:18",
        "9:43",
        "10:18",
        "10:43",
        "11:18",
        "11:43",
        "12:18",
        "12:43",
        "13:18",
        "13:43",
        "14:18",
        "14:43",
        "15:18",
        "15:43",
        "16:18",
        "16:43",
        "17:18",
        "17:38",
        "18:18",
        "18:38"
    ],
    "url": "https://www.kanachu.co.jp/dia/diagram/timetable01_js/course:0000800799-8/node:00129951/kt:0/lname:/"
}
