{
    "date": "2025/07/12",
    "name": "養老院前",
    "position": "-",
    "system": "藤02",
    "destinations": [
        "日本精工北門",
        "湘南高校通り",
        "烏森公園前",
        "上村(藤沢市)",
        "上村橋",
        "NOK前",
        "高山(藤沢市)",
        "高山車庫"
    ],
    "weekday": [
        "7:53",
        "8:05",
        "8:58",
        "9:36",
        "9:58",
        "10:36",
        "10:58",
        "11:36",
        "11:58",
        "12:40",
        "12:58",
        "13:36",
        "13:58",
        "14:36",
        "14:56",
        "15:36",
        "15:58",
        "16:36",
        "16:58",
        "17:36",
        "17:56",
        "18:36",
        "18:58",
        "19:13",
        "19:36",
        "19:58",
        "20:13",
        "20:45",
        "21:38",
        "22:38",
        "23:43"
    ],
    "saturday": [
        "7:00",
        "7:18",
        "7:45",
        "8:47",
        "9:15",
        "9:35",
        "9:55",
        "10:35",
        "10:55",
        "11:15",
        "11:35",
        "11:55",
        "12:35",
        "12:55",
        "13:15",
        "13:35",
        "13:55",
        "14:35",
        "14:55",
        "15:15",
        "15:35",
        "15:55",
        "16:35",
        "16:55",
        "17:15",
        "17:35",
        "17:55",
        "18:35",
        "18:55",
        "19:15",
        "19:45",
        "20:15",
        "20:45",
        "21:15",
        "22:13",
        "23:03"
    ],
    "holiday": [
        "7:00",
        "7:18",
        "7:45",
        "8:47",
        "9:15",
        "9:35",
        "9:55",
        "10:35",
        "10:55",
        "11:15",
        "11:35",
        "11:55",
        "12:35",
        "12:55",
        "13:15",
        "13:35",
        "13:55",
        "14:35",
        "14:55",
        "15:15",
        "15:35",
        "15:55",
        "16:35",
        "16:55",
        "17:15",
        "17:35",
        "17:55",
        "18:35",
        "18:55",
        "19:15",
        "19:45",
        "20:15",
        "20:45",
        "21:15",
        "22:13",
        "23:03"
    ],
    "url": "https://www.kanachu.co.jp/dia/diagram/timetable01_js/course:0000801154-4/node:00127077/kt:0/lname:/"
}
