{
    "date": "2026/01/16",
    "name": "東根",
    "position": "-",
    "system": "境21",
    "destinations": [
        "川井橋",
        "程ヶ谷カントリークラブ前",
        "矢指町入口",
        "西部病院前",
        "水道企業団前(横浜市旭区)",
        "つゆきの森",
        "三ツ境駅北口"
    ],
    "weekday": [
        "8:30"
    ],
    "saturday": [],
    "holiday": [],
    "url": "https://www.kanachu.co.jp/dia/diagram/timetable01_js/course:0000804054-19/node:00129728/kt:0/lname:/"
}
