{
    "system": "境21",
    "busstops": [
        {
            "index": "1",
            "id": "00019305",
            "name": "十日市場駅",
            "lat": "35.526166",
            "lng": "139.515672"
        },
        {
            "index": "2",
            "id": "00019304",
            "name": "十日市場",
            "lat": "35.524424",
            "lng": "139.511104"
        },
        {
            "index": "3",
            "id": "00019303",
            "name": "中山谷(横浜市緑区)",
            "lat": "35.520841",
            "lng": "139.508025"
        },
        {
            "index": "4",
            "id": "00019302",
            "name": "遊水池前(横浜市緑区)",
            "lat": "35.518571",
            "lng": "139.508243"
        },
        {
            "index": "5",
            "id": "00019301",
            "name": "萱場公園入口",
            "lat": "35.51599",
            "lng": "139.50797"
        },
        {
            "index": "6",
            "id": "00019300",
            "name": "郵便局前(横浜市緑区)",
            "lat": "35.513727",
            "lng": "139.506086"
        },
        {
            "index": "7",
            "id": "00019299",
            "name": "霧が丘センター前",
            "lat": "35.512961",
            "lng": "139.503903"
        },
        {
            "index": "8",
            "id": "00019298",
            "name": "霧が丘高校前",
            "lat": "35.510269",
            "lng": "139.503079"
        },
        {
            "index": "9",
            "id": "00019297",
            "name": "若葉台車庫前",
            "lat": "35.508924",
            "lng": "139.499984"
        },
        {
            "index": "10",
            "id": "00019296",
            "name": "若葉台中央(横浜市旭区)",
            "lat": "35.506423",
            "lng": "139.498577"
        },
        {
            "index": "11",
            "id": "00019297",
            "name": "若葉台車庫前",
            "lat": "35.509018",
            "lng": "139.500271"
        },
        {
            "index": "12",
            "id": "00019298",
            "name": "霧が丘高校前",
            "lat": "35.5085",
            "lng": "139.503095"
        },
        {
            "index": "13",
            "id": "00103267",
            "name": "若葉台中学校前",
            "lat": "35.506437",
            "lng": "139.503254"
        },
        {
            "index": "14",
            "id": "00103263",
            "name": "若葉台近隣公園前",
            "lat": "35.502826",
            "lng": "139.50417"
        },
        {
            "index": "15",
            "id": "00103262",
            "name": "若葉台南",
            "lat": "35.500043",
            "lng": "139.500083"
        },
        {
            "index": "16",
            "id": "00129706",
            "name": "大貫橋",
            "lat": "35.497739",
            "lng": "139.499632"
        },
        {
            "index": "17",
            "id": "00129705",
            "name": "亀甲山",
            "lat": "35.497449",
            "lng": "139.497208"
        },
        {
            "index": "18",
            "id": "00129729",
            "name": "原分",
            "lat": "35.496047",
            "lng": "139.502556"
        },
        {
            "index": "19",
            "id": "00129728",
            "name": "東根",
            "lat": "35.49357",
            "lng": "139.506779"
        },
        {
            "index": "20",
            "id": "00129727",
            "name": "川井橋",
            "lat": "35.49075",
            "lng": "139.505979"
        },
        {
            "index": "21",
            "id": "00129726",
            "name": "程ヶ谷カントリークラブ前",
            "lat": "35.488974",
            "lng": "139.50445"
        },
        {
            "index": "22",
            "id": "00129725",
            "name": "矢指町入口",
            "lat": "35.484514",
            "lng": "139.504295"
        },
        {
            "index": "23",
            "id": "00129724",
            "name": "西部病院前",
            "lat": "35.477236",
            "lng": "139.501711"
        },
        {
            "index": "24",
            "id": "00129723",
            "name": "水道企業団前(横浜市旭区)",
            "lat": "35.47485",
            "lng": "139.501001"
        },
        {
            "index": "25",
            "id": "00129781",
            "name": "つゆきの森",
            "lat": "35.471439",
            "lng": "139.502012"
        },
        {
            "index": "26",
            "id": "00129664",
            "name": "三ツ境駅北口",
            "lat": "35.468489",
            "lng": "139.502114"
        }
    ],
    "route_url": "https://www.kanachu.co.jp/dia/route/index/cid:0000804054/"
}
