{
    "date": "2023/04/01",
    "name": "成瀬駅南口前",
    "position": "-",
    "system": "",
    "destinations": [
        "成瀬が丘三丁目東",
        "三丁目児童公園入口",
        "成瀬が丘三丁目西",
        "金森図書館前",
        "松葉谷戸公園入口",
        "都営金森第9前",
        "金森二丁目中央",
        "金森",
        "都営金森第11入口",
        "市営住宅入口(町田市)",
        "南中学校北",
        "わさび田公園前",
        "みずき山ふるさとの森",
        "南第四小学校入口",
        "都立小川高校前",
        "成瀬が丘二丁目西",
        "成瀬駅南口前"
    ],
    "weekday": [
        "6:45",
        "7:38",
        "8:31",
        "9:24",
        "10:20",
        "11:13",
        "12:09",
        "13:02",
        "13:55",
        "14:51",
        "15:44",
        "16:40",
        "17:36",
        "18:33",
        "19:30",
        "20:24"
    ],
    "saturday": [
        "7:38",
        "8:31",
        "9:24",
        "10:20",
        "11:13",
        "12:09",
        "13:02",
        "13:55",
        "14:51",
        "15:44",
        "16:40",
        "17:36",
        "18:33",
        "19:30"
    ],
    "holiday": [
        "7:38",
        "8:31",
        "9:24",
        "10:20",
        "11:13",
        "12:09",
        "13:02",
        "13:55",
        "14:51",
        "15:44",
        "16:40",
        "17:36",
        "18:33",
        "19:30"
    ],
    "url": "https://www.kanachu.co.jp/dia/diagram/timetable01_js/course:0000803299-1/node:00129760/kt:0/lname:/"
}
