{
    "date": "2023/04/01",
    "name": "成瀬が丘三丁目東",
    "position": "-",
    "system": "",
    "destinations": [
        "三丁目児童公園入口",
        "成瀬が丘三丁目西",
        "金森図書館前",
        "松葉谷戸公園入口",
        "都営金森第9前",
        "金森二丁目中央",
        "金森",
        "都営金森第11入口",
        "市営住宅入口(町田市)",
        "南中学校北",
        "わさび田公園前",
        "みずき山ふるさとの森",
        "南第四小学校入口",
        "都立小川高校前",
        "成瀬が丘二丁目西",
        "成瀬駅南口前"
    ],
    "weekday": [
        "6:46",
        "7:39",
        "8:32",
        "9:25",
        "10:21",
        "11:14",
        "12:10",
        "13:03",
        "13:56",
        "14:52",
        "15:45",
        "16:41",
        "17:37",
        "18:34",
        "19:31",
        "20:25"
    ],
    "saturday": [
        "7:39",
        "8:32",
        "9:25",
        "10:21",
        "11:14",
        "12:10",
        "13:03",
        "13:56",
        "14:52",
        "15:45",
        "16:41",
        "17:37",
        "18:34",
        "19:31"
    ],
    "holiday": [
        "7:39",
        "8:32",
        "9:25",
        "10:21",
        "11:14",
        "12:10",
        "13:03",
        "13:56",
        "14:52",
        "15:45",
        "16:41",
        "17:37",
        "18:34",
        "19:31"
    ],
    "url": "https://www.kanachu.co.jp/dia/diagram/timetable01_js/course:0000803299-2/node:00129761/kt:0/lname:/"
}
