{
    "date": "2023/04/01",
    "name": "金森図書館前",
    "position": "-",
    "system": "ー",
    "destinations": [
        "松葉谷戸公園入口",
        "都営金森第9前",
        "金森二丁目中央",
        "金森",
        "都営金森第11入口",
        "市営住宅入口(町田市)",
        "南中学校北",
        "わさび田公園前",
        "みずき山ふるさとの森",
        "南第四小学校入口",
        "都立小川高校前",
        "成瀬が丘二丁目西",
        "成瀬駅南口前"
    ],
    "weekday": [
        "6:48",
        "7:41",
        "8:34",
        "9:27",
        "10:23",
        "11:16",
        "12:12",
        "13:05",
        "13:58",
        "14:54",
        "15:47",
        "16:43",
        "17:39",
        "18:36",
        "19:33",
        "20:27"
    ],
    "saturday": [
        "7:41",
        "8:34",
        "9:27",
        "10:23",
        "11:16",
        "12:12",
        "13:05",
        "13:58",
        "14:54",
        "15:47",
        "16:43",
        "17:39",
        "18:36",
        "19:33"
    ],
    "holiday": [
        "7:41",
        "8:34",
        "9:27",
        "10:23",
        "11:16",
        "12:12",
        "13:05",
        "13:58",
        "14:54",
        "15:47",
        "16:43",
        "17:39",
        "18:36",
        "19:33"
    ],
    "url": "https://www.kanachu.co.jp/dia/diagram/timetable01_js/course:0000803299-5/node:00129764/kt:0/lname:/"
}
