{
    "date": "2023/04/01",
    "name": "市営住宅入口(町田市)",
    "position": "-",
    "system": "",
    "destinations": [
        "南中学校北",
        "わさび田公園前",
        "みずき山ふるさとの森",
        "南第四小学校入口",
        "都立小川高校前",
        "成瀬が丘二丁目西",
        "成瀬駅南口前"
    ],
    "weekday": [
        "6:52",
        "7:45",
        "8:38",
        "9:31",
        "10:27",
        "11:20",
        "12:16",
        "13:09",
        "14:02",
        "14:58",
        "15:51",
        "16:47",
        "17:43",
        "18:40",
        "19:37",
        "20:31"
    ],
    "saturday": [
        "7:45",
        "8:38",
        "9:31",
        "10:27",
        "11:20",
        "12:16",
        "13:09",
        "14:02",
        "14:58",
        "15:51",
        "16:47",
        "17:43",
        "18:40",
        "19:37"
    ],
    "holiday": [
        "7:45",
        "8:38",
        "9:31",
        "10:27",
        "11:20",
        "12:16",
        "13:09",
        "14:02",
        "14:58",
        "15:51",
        "16:47",
        "17:43",
        "18:40",
        "19:37"
    ],
    "url": "https://www.kanachu.co.jp/dia/diagram/timetable01_js/course:0000803299-11/node:00129539/kt:0/lname:/"
}
