{
    "date": "2023/04/01",
    "name": "わさび田公園前",
    "position": "-",
    "system": "ー",
    "destinations": [
        "みずき山ふるさとの森",
        "南第四小学校入口",
        "都立小川高校前",
        "成瀬が丘二丁目西",
        "成瀬駅南口前"
    ],
    "weekday": [
        "6:54",
        "7:47",
        "8:40",
        "9:33",
        "10:29",
        "11:22",
        "12:18",
        "13:11",
        "14:04",
        "15:00",
        "15:53",
        "16:49",
        "17:45",
        "18:42",
        "19:39",
        "20:33"
    ],
    "saturday": [
        "7:47",
        "8:40",
        "9:33",
        "10:29",
        "11:22",
        "12:18",
        "13:11",
        "14:04",
        "15:00",
        "15:53",
        "16:49",
        "17:45",
        "18:42",
        "19:39"
    ],
    "holiday": [
        "7:47",
        "8:40",
        "9:33",
        "10:29",
        "11:22",
        "12:18",
        "13:11",
        "14:04",
        "15:00",
        "15:53",
        "16:49",
        "17:45",
        "18:42",
        "19:39"
    ],
    "url": "https://www.kanachu.co.jp/dia/diagram/timetable01_js/course:0000803299-13/node:00129770/kt:0/lname:/"
}
