{
    "date": "2023/04/01",
    "name": "成瀬が丘二丁目西",
    "position": "-",
    "system": "",
    "destinations": [
        "成瀬駅南口前"
    ],
    "weekday": [
        "6:57",
        "7:50",
        "8:43",
        "9:36",
        "10:32",
        "11:25",
        "12:21",
        "13:14",
        "14:07",
        "15:03",
        "15:56",
        "16:52",
        "17:48",
        "18:45",
        "19:42",
        "20:36"
    ],
    "saturday": [
        "7:50",
        "8:43",
        "9:36",
        "10:32",
        "11:25",
        "12:21",
        "13:14",
        "14:07",
        "15:03",
        "15:56",
        "16:52",
        "17:48",
        "18:45",
        "19:42"
    ],
    "holiday": [
        "7:50",
        "8:43",
        "9:36",
        "10:32",
        "11:25",
        "12:21",
        "13:14",
        "14:07",
        "15:03",
        "15:56",
        "16:52",
        "17:48",
        "18:45",
        "19:42"
    ],
    "url": "https://www.kanachu.co.jp/dia/diagram/timetable01_js/course:0000803299-17/node:00129774/kt:0/lname:/"
}
