{
    "date": "2020/10/24",
    "name": "相模大野駅北口",
    "position": "-",
    "system": "相05",
    "destinations": [
        "南中前(相模原市南区)",
        "小沼(相模原市南区)",
        "団地入口(相模原市南区)",
        "東通り(相模原市南区)",
        "大沼小学校前",
        "大沼",
        "オルガノ前",
        "大野台入口",
        "大野台八丁目",
        "大野台四丁目",
        "ゴルフ場前(相模原市南区)",
        "松が丘(相模原市南区)",
        "大野台三丁目",
        "淵野辺公園",
        "和泉短大前",
        "青葉児童館前",
        "弥栄二丁目",
        "相生三丁目",
        "相生(相模原市中央区)",
        "富士見団地入口",
        "税務署前(相模原市中央区)",
        "市民会館前(相模原市中央区)",
        "市役所前(相模原市中央区)",
        "グリーンプラザ(相模原市中央区)",
        "西門前(相模原市中央区)",
        "相模原五丁目",
        "相模原駅南口"
    ],
    "weekday": [
        "6:40",
        "6:55",
        "7:10",
        "7:25",
        "7:35",
        "7:45",
        "7:55",
        "8:10",
        "8:25",
        "8:40",
        "8:55",
        "9:10",
        "9:30",
        "9:50"
    ],
    "saturday": [
        "7:05",
        "7:40",
        "8:10",
        "8:45",
        "9:10",
        "9:40"
    ],
    "holiday": [
        "7:05",
        "7:35",
        "8:10",
        "8:40",
        "9:10",
        "9:40"
    ],
    "url": "https://www.kanachu.co.jp/dia/diagram/timetable01_js/course:0000802387-1/node:00114298/kt:0/lname:/"
}
