{
    "date": "2020/10/24",
    "name": "相生三丁目",
    "position": "-",
    "system": "相05",
    "destinations": [
        "相生(相模原市中央区)",
        "富士見団地入口",
        "税務署前(相模原市中央区)",
        "市民会館前(相模原市中央区)",
        "市役所前(相模原市中央区)",
        "グリーンプラザ(相模原市中央区)",
        "西門前(相模原市中央区)",
        "相模原五丁目",
        "相模原駅南口"
    ],
    "weekday": [
        "7:02",
        "7:22",
        "7:38",
        "7:53",
        "8:03",
        "8:13",
        "8:23",
        "8:38",
        "8:53",
        "9:08",
        "9:23",
        "9:38",
        "9:58",
        "10:18"
    ],
    "saturday": [
        "7:27",
        "8:02",
        "8:32",
        "9:08",
        "9:36",
        "10:06"
    ],
    "holiday": [
        "7:26",
        "7:56",
        "8:31",
        "9:01",
        "9:36",
        "10:06"
    ],
    "url": "https://www.kanachu.co.jp/dia/diagram/timetable01_js/course:0000802387-19/node:00129062/kt:0/lname:/"
}
