{
    "date": "2020/10/24",
    "name": "市民会館前(相模原市中央区)",
    "position": "-",
    "system": "相05",
    "destinations": [
        "市役所前(相模原市中央区)",
        "グリーンプラザ(相模原市中央区)",
        "西門前(相模原市中央区)",
        "相模原五丁目",
        "相模原駅南口"
    ],
    "weekday": [
        "7:08",
        "7:28",
        "7:44",
        "7:59",
        "8:09",
        "8:19",
        "8:29",
        "8:44",
        "8:59",
        "9:14",
        "9:29",
        "9:44",
        "10:04",
        "10:24"
    ],
    "saturday": [
        "7:32",
        "8:07",
        "8:37",
        "9:14",
        "9:42",
        "10:12"
    ],
    "holiday": [
        "7:31",
        "8:01",
        "8:36",
        "9:07",
        "9:42",
        "10:12"
    ],
    "url": "https://www.kanachu.co.jp/dia/diagram/timetable01_js/course:0000802387-23/node:00129153/kt:0/lname:/"
}
