{
    "date": "2025/10/06",
    "name": "さがみ湖MORIMORI前",
    "position": "-",
    "system": "湖21",
    "destinations": [
        "石老山入口",
        "相模湖林間公園入口",
        "内郷診療所前",
        "阿津",
        "寸沢嵐",
        "寸沢嵐遺跡前",
        "沼本",
        "道志橋",
        "桜木(相模原市緑区)",
        "三ヶ木"
    ],
    "weekday": [
        "7:26",
        "8:28",
        "9:07",
        "9:38",
        "10:31",
        "11:35",
        "12:35",
        "13:53",
        "14:31",
        "15:46",
        "16:44",
        "17:42",
        "18:55",
        "19:46",
        "20:43"
    ],
    "saturday": [
        "7:36",
        "8:06",
        "8:40",
        "9:06",
        "9:32",
        "10:06",
        "11:04",
        "11:56",
        "12:46",
        "13:16",
        "14:13",
        "15:11",
        "16:14",
        "17:17",
        "18:18",
        "19:16",
        "20:20"
    ],
    "holiday": [
        "7:36",
        "8:06",
        "8:40",
        "9:06",
        "9:32",
        "10:06",
        "11:04",
        "11:56",
        "12:46",
        "13:16",
        "14:13",
        "15:11",
        "16:14",
        "17:17",
        "18:18",
        "19:16",
        "20:20"
    ],
    "url": "https://www.kanachu.co.jp/dia/diagram/timetable01_js/course:0000803745-8/node:00128911/kt:0/lname:/"
}
