{
    "date": "2025/10/06",
    "name": "道志橋",
    "position": "-",
    "system": "湖21",
    "destinations": [
        "桜木(相模原市緑区)",
        "三ヶ木"
    ],
    "weekday": [
        "7:33",
        "8:35",
        "9:14",
        "9:45",
        "10:38",
        "11:42",
        "12:42",
        "14:00",
        "14:38",
        "15:53",
        "16:51",
        "17:49",
        "19:02",
        "19:53",
        "20:50"
    ],
    "saturday": [
        "7:43",
        "8:13",
        "8:47",
        "9:13",
        "9:39",
        "10:13",
        "11:11",
        "12:03",
        "12:53",
        "13:23",
        "14:20",
        "15:18",
        "16:21",
        "17:24",
        "18:25",
        "19:23",
        "20:27"
    ],
    "holiday": [
        "7:43",
        "8:13",
        "8:47",
        "9:13",
        "9:39",
        "10:13",
        "11:11",
        "12:03",
        "12:53",
        "13:23",
        "14:20",
        "15:18",
        "16:21",
        "17:24",
        "18:25",
        "19:23",
        "20:27"
    ],
    "url": "https://www.kanachu.co.jp/dia/diagram/timetable01_js/course:0000803745-16/node:00128903/kt:0/lname:/"
}
