{
    "date": "2025/01/14",
    "name": "あつぎ大通り",
    "position": "-",
    "system": "厚89",
    "destinations": [
        "市役所入口(厚木市)",
        "税務署入口(厚木市)",
        "市立病院前(厚木市)",
        "木売場",
        "三家入口(厚木市)",
        "妻田",
        "中村入口(厚木市)",
        "妻田薬師",
        "松蓮寺",
        "糀屋前(厚木市)",
        "宿原入口",
        "荻野新宿",
        "子中",
        "神奈川工科大学前",
        "リコー前",
        "西四ッ谷",
        "鳶尾団地東",
        "鳶尾一丁目",
        "鳶尾小学校入口",
        "鳶尾団地"
    ],
    "weekday": [
        "6:40",
        "7:17",
        "7:28",
        "7:41",
        "7:56",
        "8:11",
        "8:26",
        "8:46",
        "8:59",
        "9:14",
        "9:31",
        "9:53"
    ],
    "saturday": [
        "7:30",
        "8:41",
        "9:41"
    ],
    "holiday": [
        "7:35",
        "8:41",
        "9:41"
    ],
    "url": "https://www.kanachu.co.jp/dia/diagram/timetable01_js/course:0000800451-2/node:00128257/kt:0/lname:/"
}
