{
    "date": "2025/01/14",
    "name": "市立病院前(厚木市)",
    "position": "-",
    "system": "厚89",
    "destinations": [
        "木売場",
        "三家入口(厚木市)",
        "妻田",
        "中村入口(厚木市)",
        "妻田薬師",
        "松蓮寺",
        "糀屋前(厚木市)",
        "宿原入口",
        "荻野新宿",
        "子中",
        "神奈川工科大学前",
        "リコー前",
        "西四ッ谷",
        "鳶尾団地東",
        "鳶尾一丁目",
        "鳶尾小学校入口",
        "鳶尾団地"
    ],
    "weekday": [
        "6:43",
        "7:20",
        "7:31",
        "7:44",
        "7:59",
        "8:14",
        "8:29",
        "8:49",
        "9:02",
        "9:18",
        "9:35",
        "9:57"
    ],
    "saturday": [
        "7:33",
        "8:44",
        "9:45"
    ],
    "holiday": [
        "7:38",
        "8:44",
        "9:44"
    ],
    "url": "https://www.kanachu.co.jp/dia/diagram/timetable01_js/course:0000800451-5/node:00128259/kt:0/lname:/"
}
