{
    "date": "2025/01/14",
    "name": "中村入口(厚木市)",
    "position": "-",
    "system": "厚89",
    "destinations": [
        "妻田薬師",
        "松蓮寺",
        "糀屋前(厚木市)",
        "宿原入口",
        "荻野新宿",
        "子中",
        "神奈川工科大学前",
        "リコー前",
        "西四ッ谷",
        "鳶尾団地東",
        "鳶尾一丁目",
        "鳶尾小学校入口",
        "鳶尾団地"
    ],
    "weekday": [
        "6:47",
        "7:24",
        "7:36",
        "7:49",
        "8:04",
        "8:19",
        "8:34",
        "8:54",
        "9:07",
        "9:23",
        "9:40",
        "10:02"
    ],
    "saturday": [
        "7:38",
        "8:49",
        "9:50"
    ],
    "holiday": [
        "7:42",
        "8:49",
        "9:49"
    ],
    "url": "https://www.kanachu.co.jp/dia/diagram/timetable01_js/course:0000800451-9/node:00128263/kt:0/lname:/"
}
