{
    "date": "2025/01/14",
    "name": "妻田薬師",
    "position": "-",
    "system": "厚89",
    "destinations": [
        "松蓮寺",
        "糀屋前(厚木市)",
        "宿原入口",
        "荻野新宿",
        "子中",
        "神奈川工科大学前",
        "リコー前",
        "西四ッ谷",
        "鳶尾団地東",
        "鳶尾一丁目",
        "鳶尾小学校入口",
        "鳶尾団地"
    ],
    "weekday": [
        "6:48",
        "7:25",
        "7:37",
        "7:50",
        "8:05",
        "8:20",
        "8:35",
        "8:55",
        "9:08",
        "9:24",
        "9:41",
        "10:03"
    ],
    "saturday": [
        "7:39",
        "8:50",
        "9:51"
    ],
    "holiday": [
        "7:43",
        "8:50",
        "9:50"
    ],
    "url": "https://www.kanachu.co.jp/dia/diagram/timetable01_js/course:0000800451-10/node:00128264/kt:0/lname:/"
}
