{
    "date": "2025/01/14",
    "name": "松蓮寺",
    "position": "-",
    "system": "厚89",
    "destinations": [
        "糀屋前(厚木市)",
        "宿原入口",
        "荻野新宿",
        "子中",
        "神奈川工科大学前",
        "リコー前",
        "西四ッ谷",
        "鳶尾団地東",
        "鳶尾一丁目",
        "鳶尾小学校入口",
        "鳶尾団地"
    ],
    "weekday": [
        "6:49",
        "7:26",
        "7:39",
        "7:52",
        "8:07",
        "8:22",
        "8:37",
        "8:57",
        "9:10",
        "9:26",
        "9:43",
        "10:05"
    ],
    "saturday": [
        "7:40",
        "8:51",
        "9:53"
    ],
    "holiday": [
        "7:44",
        "8:51",
        "9:51"
    ],
    "url": "https://www.kanachu.co.jp/dia/diagram/timetable01_js/course:0000800451-11/node:00128265/kt:0/lname:/"
}
