{
    "date": "2026/01/16",
    "name": "上飯田車庫",
    "position": "-",
    "system": "長55",
    "destinations": [
        "上飯田(横浜市泉区)",
        "五軒庭",
        "中屋敷(横浜市泉区)",
        "集会所前(横浜市泉区)",
        "渋谷中学校",
        "保育所前(大和市)",
        "いちょう団地",
        "台村",
        "飯田神社前",
        "団地入口(横浜市泉区)",
        "児童公園前(横浜市泉区)",
        "小学校前(横浜市泉区)",
        "上飯田団地",
        "小学校前(横浜市泉区)",
        "児童公園前(横浜市泉区)",
        "団地入口(横浜市泉区)",
        "飯田農協前",
        "上高倉",
        "藤沢湘南台病院前",
        "住宅前(藤沢市高倉)",
        "長後駅"
    ],
    "weekday": [
        "6:45",
        "7:55"
    ],
    "saturday": [
        "7:01",
        "8:26"
    ],
    "holiday": [
        "7:01",
        "8:26"
    ],
    "url": "https://www.kanachu.co.jp/dia/diagram/timetable01_js/course:0000804044-1/node:00126905/kt:0/lname:/"
}
