{
    "date": "2026/01/16",
    "name": "飯田神社前",
    "position": "-",
    "system": "長55",
    "destinations": [
        "団地入口(横浜市泉区)",
        "児童公園前(横浜市泉区)",
        "小学校前(横浜市泉区)",
        "上飯田団地",
        "小学校前(横浜市泉区)",
        "児童公園前(横浜市泉区)",
        "団地入口(横浜市泉区)",
        "飯田農協前",
        "上高倉",
        "藤沢湘南台病院前",
        "住宅前(藤沢市高倉)",
        "長後駅"
    ],
    "weekday": [
        "6:55",
        "8:05"
    ],
    "saturday": [
        "7:11",
        "8:36"
    ],
    "holiday": [
        "7:11",
        "8:36"
    ],
    "url": "https://www.kanachu.co.jp/dia/diagram/timetable01_js/course:0000804044-10/node:00126795/kt:0/lname:/"
}
