{
    "date": "2026/01/16",
    "name": "上高倉",
    "position": "-",
    "system": "長55",
    "destinations": [
        "藤沢湘南台病院前",
        "住宅前(藤沢市高倉)",
        "長後駅"
    ],
    "weekday": [
        "7:03",
        "8:13"
    ],
    "saturday": [
        "7:19",
        "8:44"
    ],
    "holiday": [
        "7:19",
        "8:44"
    ],
    "url": "https://www.kanachu.co.jp/dia/diagram/timetable01_js/course:0000804044-19/node:00126789/kt:0/lname:/"
}
