{
    "date": "2025/11/16",
    "name": "総合運動公園入口",
    "position": "-",
    "system": "伊31",
    "destinations": [
        "専修大学入口(伊勢原市)",
        "川上(伊勢原市)",
        "りんどう寮前",
        "共済会館入口",
        "片町(伊勢原市)",
        "片町十字路",
        "大神宮前",
        "本町(伊勢原市)",
        "伊勢原駅北口"
    ],
    "weekday": [
        "7:41"
    ],
    "saturday": [],
    "holiday": [],
    "url": "https://www.kanachu.co.jp/dia/diagram/timetable01_js/course:0000803343-13/node:00128214/kt:0/lname:/"
}
