{
    "date": "2025/11/16",
    "name": "りんどう寮前",
    "position": "-",
    "system": "伊31",
    "destinations": [
        "共済会館入口",
        "片町(伊勢原市)",
        "片町十字路",
        "大神宮前",
        "本町(伊勢原市)",
        "伊勢原駅北口"
    ],
    "weekday": [
        "7:43"
    ],
    "saturday": [],
    "holiday": [],
    "url": "https://www.kanachu.co.jp/dia/diagram/timetable01_js/course:0000803343-16/node:00128173/kt:0/lname:/"
}
