{
  "date": "2024/07/08",
  "name": "町田バスセンター15番線",
  "position": "-",
  "system": "町13",
  "destinations": [
    "境川団地",
    "木曽入口",
    "山崎団地入口",
    "山崎団地センター"
  ],
  "weekday": [
    "8:01",
    "8:09",
    "8:19",
    "9:16",
    "9:47",
    "10:16",
    "10:47",
    "11:47",
    "12:29",
    "12:37",
    "12:47"
  ],
  "saturday": [],
  "holiday": [],
  "url": "https://www.kanachu.co.jp/dia/diagram/timetable01_js/course:0000802960-2/node:00130513/kt:0/lname:/"
}