{
    "date": "2026/01/16",
    "name": "御所見市民センター前",
    "position": "-",
    "system": "湘20",
    "destinations": [
        "御所見中学校前",
        "西菖蒲沢",
        "菖蒲沢(藤沢市)",
        "笹久保(藤沢市)",
        "仲之桜",
        "六地蔵(藤沢市)",
        "大下(藤沢市)",
        "大山(藤沢市)",
        "加温処理場前",
        "北警察署前(藤沢市)",
        "湘南台駅西口"
    ],
    "weekday": [
        "5:51",
        "6:14",
        "6:39",
        "6:58",
        "7:15",
        "7:29",
        "8:04",
        "8:24",
        "8:44",
        "9:44",
        "10:44",
        "11:24",
        "11:49",
        "12:44",
        "13:14",
        "13:44",
        "14:44",
        "15:14",
        "15:44",
        "16:19",
        "16:44",
        "17:24",
        "17:49",
        "18:19",
        "18:49",
        "19:19",
        "19:49"
    ],
    "saturday": [
        "6:02",
        "6:39",
        "6:59",
        "7:17",
        "7:37",
        "8:19",
        "8:52",
        "9:19",
        "9:49",
        "10:19",
        "10:49",
        "11:19",
        "11:49",
        "12:49",
        "13:49",
        "14:24",
        "14:49",
        "15:24",
        "15:49",
        "16:19",
        "16:49",
        "17:19",
        "18:24",
        "18:52",
        "19:19"
    ],
    "holiday": [
        "6:02",
        "6:39",
        "6:59",
        "7:17",
        "7:37",
        "8:19",
        "8:52",
        "9:19",
        "9:49",
        "10:19",
        "10:49",
        "11:19",
        "11:49",
        "12:49",
        "13:49",
        "14:24",
        "14:49",
        "15:24",
        "15:49",
        "16:19",
        "16:49",
        "17:19",
        "18:24",
        "18:52",
        "19:39"
    ],
    "url": "https://www.kanachu.co.jp/dia/diagram/timetable01_js/course:0000804286-9/node:00129825/kt:0/lname:/"
}
