{
    "date": "2026/01/16",
    "name": "笹久保(藤沢市)",
    "position": "-",
    "system": "湘20",
    "destinations": [
        "仲之桜",
        "六地蔵(藤沢市)",
        "大下(藤沢市)",
        "大山(藤沢市)",
        "加温処理場前",
        "北警察署前(藤沢市)",
        "湘南台駅西口"
    ],
    "weekday": [
        "5:55",
        "6:18",
        "6:43",
        "7:02",
        "7:19",
        "7:33",
        "8:08",
        "8:28",
        "8:48",
        "9:48",
        "10:48",
        "11:28",
        "11:53",
        "12:48",
        "13:18",
        "13:48",
        "14:48",
        "15:18",
        "15:48",
        "16:23",
        "16:48",
        "17:28",
        "17:53",
        "18:23",
        "18:53",
        "19:23",
        "19:53"
    ],
    "saturday": [
        "6:06",
        "6:43",
        "7:03",
        "7:21",
        "7:41",
        "8:23",
        "8:56",
        "9:23",
        "9:53",
        "10:23",
        "10:53",
        "11:23",
        "11:53",
        "12:53",
        "13:53",
        "14:28",
        "14:53",
        "15:28",
        "15:53",
        "16:23",
        "16:53",
        "17:23",
        "18:28",
        "18:56",
        "19:23"
    ],
    "holiday": [
        "6:06",
        "6:43",
        "7:03",
        "7:21",
        "7:41",
        "8:23",
        "8:56",
        "9:23",
        "9:53",
        "10:23",
        "10:53",
        "11:23",
        "11:53",
        "12:53",
        "13:53",
        "14:28",
        "14:53",
        "15:28",
        "15:53",
        "16:23",
        "16:53",
        "17:23",
        "18:28",
        "18:56",
        "19:43"
    ],
    "url": "https://www.kanachu.co.jp/dia/diagram/timetable01_js/course:0000804286-13/node:00129915/kt:0/lname:/"
}
