{
    "date": "2026/01/16",
    "name": "大下(藤沢市)",
    "position": "-",
    "system": "湘20",
    "destinations": [
        "大山(藤沢市)",
        "加温処理場前",
        "北警察署前(藤沢市)",
        "湘南台駅西口"
    ],
    "weekday": [
        "5:59",
        "6:22",
        "6:47",
        "7:06",
        "7:23",
        "7:37",
        "8:12",
        "8:32",
        "8:52",
        "9:50",
        "10:50",
        "11:30",
        "11:55",
        "12:50",
        "13:20",
        "13:50",
        "14:50",
        "15:20",
        "15:50",
        "16:25",
        "16:50",
        "17:30",
        "17:55",
        "18:25",
        "18:55",
        "19:25",
        "19:55"
    ],
    "saturday": [
        "6:08",
        "6:45",
        "7:05",
        "7:23",
        "7:43",
        "8:25",
        "8:58",
        "9:25",
        "9:55",
        "10:25",
        "10:55",
        "11:25",
        "11:55",
        "12:55",
        "13:55",
        "14:30",
        "14:55",
        "15:30",
        "15:55",
        "16:25",
        "16:55",
        "17:25",
        "18:30",
        "18:58",
        "19:25"
    ],
    "holiday": [
        "6:08",
        "6:45",
        "7:05",
        "7:23",
        "7:43",
        "8:25",
        "8:58",
        "9:25",
        "9:55",
        "10:25",
        "10:55",
        "11:25",
        "11:55",
        "12:55",
        "13:55",
        "14:30",
        "14:55",
        "15:30",
        "15:55",
        "16:25",
        "16:55",
        "17:25",
        "18:30",
        "18:58",
        "19:45"
    ],
    "url": "https://www.kanachu.co.jp/dia/diagram/timetable01_js/course:0000804286-16/node:00129912/kt:0/lname:/"
}
