{
    "date": "2025/10/20",
    "name": "いちょう団地",
    "position": "-",
    "system": "高01",
    "destinations": [
        "下和田(大和市)",
        "学校前(大和市下和田)",
        "高座渋谷駅東口",
        "上和田南",
        "上和田(上和田団地側/大和市)",
        "団地入口(大和市)",
        "上和田団地"
    ],
    "weekday": [
        "7:03",
        "7:40",
        "8:32",
        "9:22",
        "10:12",
        "11:02",
        "11:52",
        "12:42",
        "13:32",
        "14:22",
        "15:12",
        "16:02",
        "16:52",
        "17:42",
        "18:32",
        "19:22"
    ],
    "saturday": [
        "8:32",
        "9:32",
        "10:32",
        "11:32",
        "12:32",
        "13:32",
        "14:32",
        "15:32",
        "16:32",
        "17:32",
        "18:32",
        "19:34"
    ],
    "holiday": [
        "8:32",
        "9:32",
        "10:32",
        "11:32",
        "12:32",
        "13:32",
        "14:32",
        "15:32",
        "16:32",
        "17:32",
        "18:32",
        "19:34"
    ],
    "url": "https://www.kanachu.co.jp/dia/diagram/timetable01_js/course:0000801124-1/node:00126808/kt:0/lname:/"
}
