{
    "date": "2025/10/20",
    "name": "下和田(大和市)",
    "position": "-",
    "system": "高01",
    "destinations": [
        "学校前(大和市下和田)",
        "高座渋谷駅東口",
        "上和田南",
        "上和田(上和田団地側/大和市)",
        "団地入口(大和市)",
        "上和田団地"
    ],
    "weekday": [
        "7:04",
        "7:41",
        "8:33",
        "9:23",
        "10:13",
        "11:03",
        "11:53",
        "12:43",
        "13:33",
        "14:23",
        "15:13",
        "16:03",
        "16:53",
        "17:43",
        "18:33",
        "19:23"
    ],
    "saturday": [
        "8:33",
        "9:33",
        "10:33",
        "11:33",
        "12:33",
        "13:33",
        "14:33",
        "15:33",
        "16:33",
        "17:33",
        "18:33",
        "19:35"
    ],
    "holiday": [
        "8:33",
        "9:33",
        "10:33",
        "11:33",
        "12:33",
        "13:33",
        "14:33",
        "15:33",
        "16:33",
        "17:33",
        "18:33",
        "19:35"
    ],
    "url": "https://www.kanachu.co.jp/dia/diagram/timetable01_js/course:0000801124-2/node:00129644/kt:0/lname:/"
}
