{
    "date": "2025/10/20",
    "name": "上和田(上和田団地側/大和市)",
    "position": "-",
    "system": "高01",
    "destinations": [
        "団地入口(大和市)",
        "上和田団地"
    ],
    "weekday": [
        "7:12",
        "7:49",
        "8:41",
        "9:31",
        "10:21",
        "11:11",
        "12:01",
        "12:51",
        "13:41",
        "14:31",
        "15:21",
        "16:11",
        "17:01",
        "17:51",
        "18:41",
        "19:31"
    ],
    "saturday": [
        "8:39",
        "9:41",
        "10:41",
        "11:41",
        "12:41",
        "13:41",
        "14:41",
        "15:41",
        "16:41",
        "17:41",
        "18:41",
        "19:43"
    ],
    "holiday": [
        "8:39",
        "9:41",
        "10:41",
        "11:41",
        "12:41",
        "13:41",
        "14:41",
        "15:41",
        "16:41",
        "17:41",
        "18:41",
        "19:43"
    ],
    "url": "https://www.kanachu.co.jp/dia/diagram/timetable01_js/course:0000801124-6/node:00129641/kt:0/lname:/"
}
