{
    "date": "2025/04/01",
    "name": "旭中学校(相模原市緑区)",
    "position": "-",
    "system": "橋59",
    "destinations": [
        "南町(相模原市緑区)",
        "塚場坂上",
        "塚場",
        "下九沢",
        "葛輪",
        "工場入口",
        "上四ツ谷",
        "堀の内(相模原市中央区)",
        "田名バスターミナル"
    ],
    "weekday": [
        "6:54",
        "7:31",
        "7:55",
        "8:30",
        "9:29",
        "10:29",
        "11:29",
        "12:29",
        "13:29",
        "14:29",
        "15:29",
        "16:29",
        "17:20",
        "18:00",
        "18:40",
        "19:18",
        "19:55",
        "20:34",
        "21:09"
    ],
    "saturday": [
        "6:54",
        "7:24",
        "7:54",
        "8:24",
        "9:24",
        "10:24",
        "11:24",
        "12:24",
        "13:24",
        "14:24",
        "15:24",
        "16:24",
        "17:04",
        "17:44",
        "18:24",
        "19:04",
        "19:44",
        "20:24",
        "21:04"
    ],
    "holiday": [
        "6:54",
        "7:24",
        "7:54",
        "8:24",
        "9:24",
        "10:24",
        "11:24",
        "12:24",
        "13:24",
        "14:24",
        "15:24",
        "16:27",
        "17:07",
        "17:47",
        "18:27",
        "19:07",
        "19:44",
        "20:24",
        "21:04"
    ],
    "url": "https://www.kanachu.co.jp/dia/diagram/timetable01_js/course:0000803748-3/node:00129066/kt:0/lname:/"
}
