{
    "date": "2025/11/25",
    "name": "千頭",
    "position": "-",
    "system": "厚20",
    "destinations": [
        "上千頭",
        "ゴルフ場入口(厚木市)",
        "小鮎久保",
        "光福寺(厚木市)",
        "橋場(厚木市)",
        "飯山観音前",
        "尼寺(厚木市)",
        "志田原",
        "飯山温泉入口",
        "上飯山(厚木市)",
        "華厳橋",
        "舟沢",
        "上舟沢",
        "御門橋",
        "尾崎(愛甲郡清川村)",
        "別所温泉入口",
        "郵便局前(愛甲郡清川村)",
        "中里(愛甲郡清川村)",
        "公民館前(愛甲郡清川村)",
        "小学校前(愛甲郡清川村)",
        "清川村役場前",
        "煤ヶ谷",
        "古在家",
        "坂尻(愛甲郡清川村)",
        "柿ノ木平",
        "上煤ヶ谷",
        "土山峠",
        "仏果山登山口",
        "宮ヶ瀬小・中学校前",
        "宮の平(愛甲郡清川村)",
        "三叉路(愛甲郡清川村)",
        "宮ヶ瀬"
    ],
    "weekday": [
        "7:57",
        "8:57",
        "9:55",
        "10:55",
        "11:55",
        "12:55",
        "13:55",
        "14:55",
        "15:55",
        "16:57",
        "17:57",
        "18:57",
        "19:53",
        "20:53",
        "21:53"
    ],
    "saturday": [
        "7:07",
        "7:54",
        "8:54",
        "9:54",
        "10:54",
        "11:54",
        "12:54",
        "13:54",
        "14:54",
        "15:54",
        "16:54",
        "17:54",
        "18:54",
        "19:52"
    ],
    "holiday": [
        "7:07",
        "7:52",
        "8:54",
        "9:54",
        "10:54",
        "11:54",
        "12:54",
        "13:54",
        "14:54",
        "15:54",
        "16:54",
        "17:54",
        "18:54",
        "19:52"
    ],
    "url": "https://www.kanachu.co.jp/dia/diagram/timetable01_js/course:0000802105-11/node:00128402/kt:0/lname:/"
}
