{
    "date": "2024/12/16",
    "name": "落合一丁目",
    "position": "-",
    "system": "鶴32",
    "destinations": [
        "東福寺前(多摩市)",
        "青木葉公園",
        "落合中学校前(多摩市)",
        "東京医療学院大学前",
        "一本杉公園",
        "南野二丁目",
        "浅間下(町田市)",
        "小野路",
        "中宿(町田市)",
        "小野神社前(町田市)",
        "新屋敷(町田市)",
        "サンシティ町田",
        "五反田(町田市)",
        "下堤(町田市)",
        "岩子山",
        "井の花",
        "大蔵(鶴川郵便局前/町田市)",
        "鶴川市民センター入口",
        "下大蔵",
        "金井入口",
        "上能ヶ谷",
        "鶴川駅西口",
        "鶴川駅"
    ],
    "weekday": [
        "5:51",
        "6:51",
        "7:18",
        "7:45",
        "8:11",
        "8:51",
        "9:51",
        "10:51",
        "11:51",
        "12:51",
        "13:51",
        "14:51",
        "15:51",
        "16:51",
        "17:51",
        "18:51",
        "19:51",
        "20:51"
    ],
    "saturday": [
        "6:36",
        "7:21",
        "8:01",
        "8:41",
        "9:29",
        "10:29",
        "11:29",
        "12:29",
        "13:29",
        "14:29",
        "15:29",
        "16:29",
        "17:29",
        "18:29",
        "19:29",
        "20:29"
    ],
    "holiday": [
        "6:41",
        "7:29",
        "8:29",
        "9:29",
        "10:29",
        "11:29",
        "12:29",
        "13:29",
        "14:29",
        "15:29",
        "16:29",
        "17:29",
        "18:29",
        "19:29",
        "20:29"
    ],
    "url": "https://www.kanachu.co.jp/dia/diagram/timetable01_js/course:0000803448-2/node:00021377/kt:0/lname:/"
}
