{
    "date": "2024/12/16",
    "name": "浅間下(町田市)",
    "position": "-",
    "system": "鶴32",
    "destinations": [
        "小野路",
        "中宿(町田市)",
        "小野神社前(町田市)",
        "新屋敷(町田市)",
        "サンシティ町田",
        "五反田(町田市)",
        "下堤(町田市)",
        "岩子山",
        "井の花",
        "大蔵(鶴川郵便局前/町田市)",
        "鶴川市民センター入口",
        "下大蔵",
        "金井入口",
        "上能ヶ谷",
        "鶴川駅西口",
        "鶴川駅"
    ],
    "weekday": [
        "6:01",
        "7:01",
        "7:28",
        "7:55",
        "8:21",
        "9:01",
        "10:01",
        "11:01",
        "12:01",
        "13:01",
        "14:01",
        "15:01",
        "16:01",
        "17:01",
        "18:01",
        "19:01",
        "20:01",
        "21:01"
    ],
    "saturday": [
        "6:46",
        "7:31",
        "8:11",
        "8:51",
        "9:39",
        "10:39",
        "11:39",
        "12:39",
        "13:39",
        "14:39",
        "15:39",
        "16:39",
        "17:39",
        "18:39",
        "19:39",
        "20:39"
    ],
    "holiday": [
        "6:51",
        "7:39",
        "8:39",
        "9:39",
        "10:39",
        "11:39",
        "12:39",
        "13:39",
        "14:39",
        "15:39",
        "16:39",
        "17:39",
        "18:39",
        "19:39",
        "20:39"
    ],
    "url": "https://www.kanachu.co.jp/dia/diagram/timetable01_js/course:0000803448-9/node:00130076/kt:0/lname:/"
}
