{
    "date": "2024/12/16",
    "name": "小野路",
    "position": "-",
    "system": "鶴32",
    "destinations": [
        "中宿(町田市)",
        "小野神社前(町田市)",
        "新屋敷(町田市)",
        "サンシティ町田",
        "五反田(町田市)",
        "下堤(町田市)",
        "岩子山",
        "井の花",
        "大蔵(鶴川郵便局前/町田市)",
        "鶴川市民センター入口",
        "下大蔵",
        "金井入口",
        "上能ヶ谷",
        "鶴川駅西口",
        "鶴川駅"
    ],
    "weekday": [
        "6:02",
        "7:02",
        "7:29",
        "7:56",
        "8:22",
        "9:02",
        "10:02",
        "11:02",
        "12:02",
        "13:02",
        "14:02",
        "15:02",
        "16:02",
        "17:02",
        "18:02",
        "19:02",
        "20:02",
        "21:02"
    ],
    "saturday": [
        "6:47",
        "7:32",
        "8:12",
        "8:52",
        "9:40",
        "10:40",
        "11:40",
        "12:40",
        "13:40",
        "14:40",
        "15:40",
        "16:40",
        "17:40",
        "18:40",
        "19:40",
        "20:40"
    ],
    "holiday": [
        "6:52",
        "7:40",
        "8:40",
        "9:40",
        "10:40",
        "11:40",
        "12:40",
        "13:40",
        "14:40",
        "15:40",
        "16:40",
        "17:40",
        "18:40",
        "19:40",
        "20:40"
    ],
    "url": "https://www.kanachu.co.jp/dia/diagram/timetable01_js/course:0000803448-10/node:00130077/kt:0/lname:/"
}
