{
    "date": "2024/12/16",
    "name": "小野神社前(町田市)",
    "position": "-",
    "system": "鶴32",
    "destinations": [
        "新屋敷(町田市)",
        "サンシティ町田",
        "五反田(町田市)",
        "下堤(町田市)",
        "岩子山",
        "井の花",
        "大蔵(鶴川郵便局前/町田市)",
        "鶴川市民センター入口",
        "下大蔵",
        "金井入口",
        "上能ヶ谷",
        "鶴川駅西口",
        "鶴川駅"
    ],
    "weekday": [
        "6:04",
        "7:04",
        "7:31",
        "7:58",
        "8:24",
        "9:04",
        "10:04",
        "11:04",
        "12:04",
        "13:04",
        "14:04",
        "15:04",
        "16:04",
        "17:04",
        "18:04",
        "19:04",
        "20:04",
        "21:04"
    ],
    "saturday": [
        "6:49",
        "7:34",
        "8:14",
        "8:54",
        "9:42",
        "10:42",
        "11:42",
        "12:42",
        "13:42",
        "14:42",
        "15:42",
        "16:42",
        "17:42",
        "18:42",
        "19:42",
        "20:42"
    ],
    "holiday": [
        "6:54",
        "7:42",
        "8:42",
        "9:42",
        "10:42",
        "11:42",
        "12:42",
        "13:42",
        "14:42",
        "15:42",
        "16:42",
        "17:42",
        "18:42",
        "19:42",
        "20:42"
    ],
    "url": "https://www.kanachu.co.jp/dia/diagram/timetable01_js/course:0000803448-12/node:00129478/kt:0/lname:/"
}
