{
    "date": "2024/12/16",
    "name": "金井入口",
    "position": "-",
    "system": "鶴32",
    "destinations": [
        "上能ヶ谷",
        "鶴川駅西口",
        "鶴川駅"
    ],
    "weekday": [
        "6:14",
        "7:14",
        "7:41",
        "8:08",
        "8:34",
        "9:14",
        "10:14",
        "11:14",
        "12:14",
        "13:14",
        "14:14",
        "15:14",
        "16:14",
        "17:14",
        "18:14",
        "19:14",
        "20:14",
        "21:14"
    ],
    "saturday": [
        "6:59",
        "7:44",
        "8:24",
        "9:04",
        "9:52",
        "10:52",
        "11:52",
        "12:52",
        "13:52",
        "14:52",
        "15:52",
        "16:52",
        "17:52",
        "18:52",
        "19:52",
        "20:52"
    ],
    "holiday": [
        "7:04",
        "7:52",
        "8:52",
        "9:52",
        "10:52",
        "11:52",
        "12:52",
        "13:52",
        "14:52",
        "15:52",
        "16:52",
        "17:52",
        "18:52",
        "19:52",
        "20:52"
    ],
    "url": "https://www.kanachu.co.jp/dia/diagram/timetable01_js/course:0000803448-22/node:00129438/kt:0/lname:/"
}
