{
    "date": "2024/12/16",
    "name": "上能ヶ谷",
    "position": "-",
    "system": "鶴32",
    "destinations": [
        "鶴川駅西口",
        "鶴川駅"
    ],
    "weekday": [
        "6:15",
        "7:15",
        "7:42",
        "8:09",
        "8:35",
        "9:15",
        "10:15",
        "11:15",
        "12:15",
        "13:15",
        "14:15",
        "15:15",
        "16:15",
        "17:15",
        "18:15",
        "19:15",
        "20:15",
        "21:15"
    ],
    "saturday": [
        "7:00",
        "7:45",
        "8:25",
        "9:05",
        "9:53",
        "10:53",
        "11:53",
        "12:53",
        "13:53",
        "14:53",
        "15:53",
        "16:53",
        "17:53",
        "18:53",
        "19:53",
        "20:53"
    ],
    "holiday": [
        "7:05",
        "7:53",
        "8:53",
        "9:53",
        "10:53",
        "11:53",
        "12:53",
        "13:53",
        "14:53",
        "15:53",
        "16:53",
        "17:53",
        "18:53",
        "19:53",
        "20:53"
    ],
    "url": "https://www.kanachu.co.jp/dia/diagram/timetable01_js/course:0000803448-23/node:00129439/kt:0/lname:/"
}
