{
    "date": "2025/01/14",
    "name": "糀屋前(厚木市)",
    "position": "-",
    "system": "厚12",
    "destinations": [
        "宿原入口",
        "荻野新宿",
        "子合",
        "桝割",
        "公所(厚木市)",
        "稲荷木",
        "鳶尾山前",
        "鳶尾四丁目",
        "鳶尾団地",
        "鳶尾四丁目",
        "荻野神社入口",
        "東谷戸入口",
        "みはる野",
        "みはる野一丁目",
        "みはる野中央",
        "みはる野二丁目",
        "まつかげ台"
    ],
    "weekday": [
        "6:46",
        "7:17",
        "7:35",
        "8:03",
        "8:43",
        "9:24",
        "10:04"
    ],
    "saturday": [
        "7:20",
        "7:47",
        "8:17",
        "8:47",
        "9:16",
        "9:46"
    ],
    "holiday": [
        "7:50",
        "8:15",
        "8:47",
        "9:16",
        "9:46"
    ],
    "url": "https://www.kanachu.co.jp/dia/diagram/timetable01_js/course:0000802837-12/node:00128266/kt:0/lname:/"
}
