{
    "date": "2025/04/01",
    "name": "袋橋",
    "position": "-",
    "system": "鶴33",
    "destinations": [
        "綾部入口",
        "川島入口(町田市)",
        "大蔵(鶴川郵便局前/町田市)",
        "鶴川市民センター入口",
        "下大蔵",
        "金井入口",
        "上能ヶ谷",
        "鶴川駅西口",
        "鶴川駅"
    ],
    "weekday": [
        "5:32",
        "6:07",
        "6:27",
        "7:03",
        "7:23",
        "8:23",
        "9:03",
        "9:23",
        "10:03",
        "10:23",
        "11:02",
        "11:22",
        "12:12",
        "13:12",
        "14:02",
        "14:22",
        "15:03",
        "15:23",
        "16:13",
        "17:03",
        "17:23",
        "18:03",
        "18:23",
        "19:02",
        "19:32",
        "20:02",
        "20:32"
    ],
    "saturday": [
        "5:32",
        "5:47",
        "6:12",
        "7:10",
        "8:12",
        "9:02",
        "9:22",
        "10:02",
        "10:22",
        "11:02",
        "11:22",
        "12:02",
        "12:22",
        "13:12",
        "14:12",
        "15:02",
        "15:22",
        "16:12",
        "17:02",
        "17:22",
        "18:02",
        "18:22",
        "19:02",
        "19:22",
        "19:42",
        "20:02"
    ],
    "holiday": [
        "5:32",
        "5:47",
        "6:12",
        "6:42",
        "7:10",
        "8:12",
        "9:02",
        "9:22",
        "10:02",
        "10:22",
        "11:02",
        "11:22",
        "12:02",
        "12:22",
        "13:12",
        "14:12",
        "15:02",
        "15:22",
        "16:12",
        "17:02",
        "17:22",
        "18:02",
        "18:22",
        "19:02",
        "19:22",
        "19:42",
        "20:02"
    ],
    "url": "https://www.kanachu.co.jp/dia/diagram/timetable01_js/course:0000803463-3/node:00129430/kt:0/lname:/"
}
