{
    "date": "2025/04/01",
    "name": "綾部入口",
    "position": "-",
    "system": "鶴33",
    "destinations": [
        "川島入口(町田市)",
        "大蔵(鶴川郵便局前/町田市)",
        "鶴川市民センター入口",
        "下大蔵",
        "金井入口",
        "上能ヶ谷",
        "鶴川駅西口",
        "鶴川駅"
    ],
    "weekday": [
        "5:33",
        "6:08",
        "6:28",
        "7:04",
        "7:24",
        "8:24",
        "9:04",
        "9:24",
        "10:04",
        "10:24",
        "11:03",
        "11:23",
        "12:13",
        "13:13",
        "14:03",
        "14:23",
        "15:04",
        "15:24",
        "16:14",
        "17:04",
        "17:24",
        "18:04",
        "18:24",
        "19:03",
        "19:33",
        "20:03",
        "20:33"
    ],
    "saturday": [
        "5:33",
        "5:48",
        "6:13",
        "7:11",
        "8:13",
        "9:03",
        "9:23",
        "10:03",
        "10:23",
        "11:03",
        "11:23",
        "12:03",
        "12:23",
        "13:13",
        "14:13",
        "15:03",
        "15:23",
        "16:13",
        "17:03",
        "17:23",
        "18:03",
        "18:23",
        "19:03",
        "19:23",
        "19:43",
        "20:03"
    ],
    "holiday": [
        "5:33",
        "5:48",
        "6:13",
        "6:43",
        "7:11",
        "8:13",
        "9:03",
        "9:23",
        "10:03",
        "10:23",
        "11:03",
        "11:23",
        "12:03",
        "12:23",
        "13:13",
        "14:13",
        "15:03",
        "15:23",
        "16:13",
        "17:03",
        "17:23",
        "18:03",
        "18:23",
        "19:03",
        "19:23",
        "19:43",
        "20:03"
    ],
    "url": "https://www.kanachu.co.jp/dia/diagram/timetable01_js/course:0000803463-4/node:00129433/kt:0/lname:/"
}
