{
    "date": "2025/04/01",
    "name": "大蔵(鶴川郵便局前/町田市)",
    "position": "-",
    "system": "鶴33",
    "destinations": [
        "鶴川市民センター入口",
        "下大蔵",
        "金井入口",
        "上能ヶ谷",
        "鶴川駅西口",
        "鶴川駅"
    ],
    "weekday": [
        "5:36",
        "6:11",
        "6:31",
        "7:07",
        "7:27",
        "8:27",
        "9:07",
        "9:27",
        "10:07",
        "10:27",
        "11:06",
        "11:26",
        "12:16",
        "13:16",
        "14:06",
        "14:26",
        "15:07",
        "15:27",
        "16:17",
        "17:07",
        "17:27",
        "18:07",
        "18:27",
        "19:06",
        "19:36",
        "20:06",
        "20:36"
    ],
    "saturday": [
        "5:35",
        "5:50",
        "6:15",
        "7:13",
        "8:16",
        "9:06",
        "9:26",
        "10:06",
        "10:26",
        "11:06",
        "11:26",
        "12:06",
        "12:26",
        "13:16",
        "14:16",
        "15:06",
        "15:26",
        "16:16",
        "17:06",
        "17:26",
        "18:06",
        "18:26",
        "19:06",
        "19:26",
        "19:45",
        "20:05"
    ],
    "holiday": [
        "5:35",
        "5:50",
        "6:15",
        "6:45",
        "7:13",
        "8:15",
        "9:06",
        "9:26",
        "10:06",
        "10:26",
        "11:06",
        "11:26",
        "12:06",
        "12:26",
        "13:16",
        "14:16",
        "15:06",
        "15:26",
        "16:16",
        "17:06",
        "17:26",
        "18:05",
        "18:25",
        "19:05",
        "19:25",
        "19:45",
        "20:05"
    ],
    "url": "https://www.kanachu.co.jp/dia/diagram/timetable01_js/course:0000803463-6/node:00129435/kt:0/lname:/"
}
