{
    "date": "2025/04/01",
    "name": "下大蔵",
    "position": "-",
    "system": "鶴33",
    "destinations": [
        "金井入口",
        "上能ヶ谷",
        "鶴川駅西口",
        "鶴川駅"
    ],
    "weekday": [
        "5:38",
        "6:13",
        "6:33",
        "7:09",
        "7:29",
        "8:29",
        "9:09",
        "9:29",
        "10:09",
        "10:29",
        "11:08",
        "11:28",
        "12:18",
        "13:18",
        "14:08",
        "14:28",
        "15:09",
        "15:29",
        "16:19",
        "17:09",
        "17:29",
        "18:09",
        "18:29",
        "19:08",
        "19:38",
        "20:08",
        "20:38"
    ],
    "saturday": [
        "5:37",
        "5:52",
        "6:17",
        "7:15",
        "8:18",
        "9:08",
        "9:28",
        "10:08",
        "10:28",
        "11:08",
        "11:28",
        "12:08",
        "12:28",
        "13:18",
        "14:18",
        "15:08",
        "15:28",
        "16:18",
        "17:08",
        "17:28",
        "18:08",
        "18:28",
        "19:08",
        "19:28",
        "19:47",
        "20:07"
    ],
    "holiday": [
        "5:37",
        "5:52",
        "6:17",
        "6:47",
        "7:15",
        "8:17",
        "9:08",
        "9:28",
        "10:08",
        "10:28",
        "11:08",
        "11:28",
        "12:08",
        "12:28",
        "13:18",
        "14:18",
        "15:08",
        "15:28",
        "16:18",
        "17:08",
        "17:28",
        "18:07",
        "18:27",
        "19:07",
        "19:27",
        "19:47",
        "20:07"
    ],
    "url": "https://www.kanachu.co.jp/dia/diagram/timetable01_js/course:0000803463-8/node:00129437/kt:0/lname:/"
}
