{
    "date": "2025/04/01",
    "name": "金井入口",
    "position": "-",
    "system": "鶴33",
    "destinations": [
        "上能ヶ谷",
        "鶴川駅西口",
        "鶴川駅"
    ],
    "weekday": [
        "5:39",
        "6:14",
        "6:34",
        "7:10",
        "7:30",
        "8:30",
        "9:10",
        "9:30",
        "10:10",
        "10:30",
        "11:09",
        "11:29",
        "12:19",
        "13:19",
        "14:09",
        "14:29",
        "15:10",
        "15:30",
        "16:20",
        "17:10",
        "17:30",
        "18:10",
        "18:30",
        "19:09",
        "19:39",
        "20:09",
        "20:39"
    ],
    "saturday": [
        "5:38",
        "5:53",
        "6:18",
        "7:16",
        "8:19",
        "9:09",
        "9:29",
        "10:09",
        "10:29",
        "11:09",
        "11:29",
        "12:09",
        "12:29",
        "13:19",
        "14:19",
        "15:09",
        "15:29",
        "16:19",
        "17:09",
        "17:29",
        "18:09",
        "18:29",
        "19:09",
        "19:29",
        "19:48",
        "20:08"
    ],
    "holiday": [
        "5:38",
        "5:53",
        "6:18",
        "6:48",
        "7:16",
        "8:18",
        "9:09",
        "9:29",
        "10:09",
        "10:29",
        "11:09",
        "11:29",
        "12:09",
        "12:29",
        "13:19",
        "14:19",
        "15:09",
        "15:29",
        "16:19",
        "17:09",
        "17:29",
        "18:08",
        "18:28",
        "19:08",
        "19:28",
        "19:48",
        "20:08"
    ],
    "url": "https://www.kanachu.co.jp/dia/diagram/timetable01_js/course:0000803463-9/node:00129438/kt:0/lname:/"
}
