{
    "date": "2025/04/19",
    "name": "淵野辺駅入口",
    "position": "-",
    "system": "淵37",
    "destinations": [
        "共和一丁目",
        "宇宙科学研究本部",
        "市立博物館前(相模原市中央区)",
        "国民生活センター",
        "弥栄一丁目",
        "弥栄小学校前",
        "青葉児童館前",
        "和泉短大前",
        "淵野辺公園",
        "大野台三丁目",
        "大野台中央",
        "由野台二丁目",
        "共和(相模原市中央区)",
        "宇宙科学研究本部",
        "共和一丁目",
        "淵野辺駅入口",
        "淵野辺駅南口"
    ],
    "weekday": [
        "6:41",
        "7:21",
        "7:41",
        "8:01",
        "8:21",
        "8:41",
        "9:21",
        "10:01",
        "10:41",
        "11:21"
    ],
    "saturday": [
        "7:11",
        "7:51",
        "8:31",
        "9:11",
        "9:51",
        "10:31",
        "11:11",
        "11:51"
    ],
    "holiday": [
        "7:11",
        "7:51",
        "8:31",
        "9:11",
        "9:51",
        "10:31",
        "11:11",
        "11:51"
    ],
    "url": "https://www.kanachu.co.jp/dia/diagram/timetable01_js/course:0000802766-2/node:00129125/kt:0/lname:/"
}
