{
    "date": "2025/04/19",
    "name": "市立博物館前(相模原市中央区)",
    "position": "-",
    "system": "淵37",
    "destinations": [
        "国民生活センター",
        "弥栄一丁目",
        "弥栄小学校前",
        "青葉児童館前",
        "和泉短大前",
        "淵野辺公園",
        "大野台三丁目",
        "大野台中央",
        "由野台二丁目",
        "共和(相模原市中央区)",
        "宇宙科学研究本部",
        "共和一丁目",
        "淵野辺駅入口",
        "淵野辺駅南口"
    ],
    "weekday": [
        "6:45",
        "7:25",
        "7:45",
        "8:05",
        "8:25",
        "8:45",
        "9:25",
        "10:05",
        "10:45",
        "11:25"
    ],
    "saturday": [
        "7:15",
        "7:55",
        "8:35",
        "9:15",
        "9:55",
        "10:35",
        "11:15",
        "11:55"
    ],
    "holiday": [
        "7:15",
        "7:55",
        "8:35",
        "9:15",
        "9:55",
        "10:35",
        "11:15",
        "11:55"
    ],
    "url": "https://www.kanachu.co.jp/dia/diagram/timetable01_js/course:0000802766-5/node:00129303/kt:0/lname:/"
}
