{
    "date": "2025/04/19",
    "name": "淵野辺公園",
    "position": "-",
    "system": "淵37",
    "destinations": [
        "大野台三丁目",
        "大野台中央",
        "由野台二丁目",
        "共和(相模原市中央区)",
        "宇宙科学研究本部",
        "共和一丁目",
        "淵野辺駅入口",
        "淵野辺駅南口"
    ],
    "weekday": [
        "6:52",
        "7:32",
        "7:52",
        "8:12",
        "8:32",
        "8:52",
        "9:32",
        "10:12",
        "10:52",
        "11:32"
    ],
    "saturday": [
        "7:22",
        "8:02",
        "8:42",
        "9:22",
        "10:02",
        "10:42",
        "11:22",
        "12:02"
    ],
    "holiday": [
        "7:22",
        "8:02",
        "8:42",
        "9:22",
        "10:02",
        "10:42",
        "11:22",
        "12:02"
    ],
    "url": "https://www.kanachu.co.jp/dia/diagram/timetable01_js/course:0000802766-11/node:00129247/kt:0/lname:/"
}
