{
    "date": "2025/04/19",
    "name": "共和(相模原市中央区)",
    "position": "-",
    "system": "淵37",
    "destinations": [
        "宇宙科学研究本部",
        "共和一丁目",
        "淵野辺駅入口",
        "淵野辺駅南口"
    ],
    "weekday": [
        "6:58",
        "7:38",
        "7:58",
        "8:18",
        "8:38",
        "8:58",
        "9:38",
        "10:18",
        "10:58",
        "11:38"
    ],
    "saturday": [
        "7:27",
        "8:07",
        "8:47",
        "9:27",
        "10:08",
        "10:48",
        "11:28",
        "12:08"
    ],
    "holiday": [
        "7:27",
        "8:07",
        "8:47",
        "9:27",
        "10:08",
        "10:48",
        "11:28",
        "12:08"
    ],
    "url": "https://www.kanachu.co.jp/dia/diagram/timetable01_js/course:0000802766-15/node:00129123/kt:0/lname:/"
}
