{
    "date": "2025/01/06",
    "name": "峯小学校前",
    "position": "-",
    "system": "",
    "destinations": [
        "和田町(横浜市保土ケ谷区)",
        "上星川",
        "川島町(横浜市保土ケ谷区)",
        "梅の木(横浜市保土ケ谷区)",
        "西谷駅前",
        "下白根橋",
        "愛宕旭環境センター前",
        "稲荷通",
        "金草沢",
        "千丸台団地",
        "千丸台中央",
        "千丸台集会所"
    ],
    "weekday": [
        "9:45",
        "10:05",
        "10:20",
        "10:40",
        "11:15",
        "11:40",
        "12:00",
        "12:15",
        "12:40",
        "13:10",
        "13:40",
        "14:10",
        "14:40",
        "15:10",
        "15:40",
        "16:05",
        "16:20"
    ],
    "saturday": [
        "10:00",
        "10:30",
        "11:00",
        "11:30",
        "12:00",
        "12:30",
        "13:00",
        "13:30",
        "14:00",
        "14:30",
        "15:00",
        "15:30",
        "16:01",
        "16:31"
    ],
    "holiday": [
        "10:00",
        "10:30",
        "11:00",
        "11:30",
        "12:00",
        "12:30",
        "13:00",
        "13:30",
        "14:00",
        "14:30",
        "15:00",
        "15:30",
        "16:01",
        "16:31"
    ],
    "url": "https://www.kanachu.co.jp/dia/diagram/timetable01_js/course:0000803669-3/node:00103135/kt:0/lname:/"
}
