{
    "date": "2025/01/06",
    "name": "川島町(横浜市保土ケ谷区)",
    "position": "-",
    "system": "",
    "destinations": [
        "梅の木(横浜市保土ケ谷区)",
        "西谷駅前",
        "下白根橋",
        "愛宕旭環境センター前",
        "稲荷通",
        "金草沢",
        "千丸台団地",
        "千丸台中央",
        "千丸台集会所"
    ],
    "weekday": [
        "9:52",
        "10:12",
        "10:27",
        "10:47",
        "11:22",
        "11:47",
        "12:07",
        "12:22",
        "12:47",
        "13:17",
        "13:47",
        "14:17",
        "14:47",
        "15:17",
        "15:47",
        "16:12",
        "16:29"
    ],
    "saturday": [
        "10:07",
        "10:37",
        "11:07",
        "11:37",
        "12:07",
        "12:37",
        "13:07",
        "13:37",
        "14:07",
        "14:37",
        "15:07",
        "15:37",
        "16:10",
        "16:40"
    ],
    "holiday": [
        "10:07",
        "10:37",
        "11:07",
        "11:37",
        "12:07",
        "12:37",
        "13:07",
        "13:37",
        "14:07",
        "14:37",
        "15:07",
        "15:37",
        "16:10",
        "16:40"
    ],
    "url": "https://www.kanachu.co.jp/dia/diagram/timetable01_js/course:0000803669-6/node:00102379/kt:0/lname:/"
}
