{
    "date": "2025/01/06",
    "name": "下白根橋",
    "position": "-",
    "system": "",
    "destinations": [
        "愛宕旭環境センター前",
        "稲荷通",
        "金草沢",
        "千丸台団地",
        "千丸台中央",
        "千丸台集会所"
    ],
    "weekday": [
        "9:56",
        "10:16",
        "10:31",
        "10:51",
        "11:26",
        "11:51",
        "12:11",
        "12:26",
        "12:51",
        "13:21",
        "13:51",
        "14:21",
        "14:51",
        "15:21",
        "15:51",
        "16:16",
        "16:33"
    ],
    "saturday": [
        "10:11",
        "10:41",
        "11:11",
        "11:41",
        "12:11",
        "12:41",
        "13:11",
        "13:41",
        "14:11",
        "14:41",
        "15:11",
        "15:41",
        "16:17",
        "16:47"
    ],
    "holiday": [
        "10:11",
        "10:41",
        "11:11",
        "11:41",
        "12:11",
        "12:41",
        "13:11",
        "13:41",
        "14:11",
        "14:41",
        "15:11",
        "15:41",
        "16:17",
        "16:47"
    ],
    "url": "https://www.kanachu.co.jp/dia/diagram/timetable01_js/course:0000803669-9/node:00102591/kt:0/lname:/"
}
