{
    "date": "2025/01/06",
    "name": "稲荷通",
    "position": "-",
    "system": "62",
    "destinations": [
        "金草沢",
        "千丸台団地",
        "千丸台中央",
        "千丸台集会所"
    ],
    "weekday": [
        "9:59",
        "10:19",
        "10:34",
        "10:54",
        "11:29",
        "11:54",
        "12:14",
        "12:29",
        "12:54",
        "13:24",
        "13:54",
        "14:24",
        "14:54",
        "15:24",
        "15:54",
        "16:19",
        "16:36"
    ],
    "saturday": [
        "10:14",
        "10:44",
        "11:14",
        "11:44",
        "12:14",
        "12:44",
        "13:14",
        "13:44",
        "14:14",
        "14:44",
        "15:14",
        "15:44",
        "16:21",
        "16:51"
    ],
    "holiday": [
        "10:14",
        "10:44",
        "11:14",
        "11:44",
        "12:14",
        "12:44",
        "13:14",
        "13:44",
        "14:14",
        "14:44",
        "15:14",
        "15:44",
        "16:21",
        "16:51"
    ],
    "url": "https://www.kanachu.co.jp/dia/diagram/timetable01_js/course:0000803669-11/node:00102259/kt:0/lname:/"
}
