{
    "date": "2025/01/06",
    "name": "千丸台団地",
    "position": "-",
    "system": "",
    "destinations": [
        "千丸台中央",
        "千丸台集会所"
    ],
    "weekday": [
        "10:02",
        "10:22",
        "10:37",
        "10:57",
        "11:32",
        "11:57",
        "12:17",
        "12:32",
        "12:57",
        "13:27",
        "13:57",
        "14:27",
        "14:57",
        "15:27",
        "15:57",
        "16:22",
        "16:39"
    ],
    "saturday": [
        "10:17",
        "10:47",
        "11:17",
        "11:47",
        "12:17",
        "12:47",
        "13:17",
        "13:47",
        "14:17",
        "14:47",
        "15:17",
        "15:47",
        "16:24",
        "16:54"
    ],
    "holiday": [
        "10:17",
        "10:47",
        "11:17",
        "11:47",
        "12:17",
        "12:47",
        "13:17",
        "13:47",
        "14:17",
        "14:47",
        "15:17",
        "15:47",
        "16:24",
        "16:54"
    ],
    "url": "https://www.kanachu.co.jp/dia/diagram/timetable01_js/course:0000803669-13/node:00102675/kt:0/lname:/"
}
