{
    "date": "2025/11/16",
    "name": "菊屋前",
    "position": "-",
    "system": "伊12",
    "destinations": [
        "這子坂",
        "明神前(伊勢原市)",
        "石倉(伊勢原市)",
        "石倉橋",
        "山王原(伊勢原市)",
        "道灌塚前",
        "〆引",
        "市光前",
        "峰岸",
        "片町(伊勢原市)",
        "片町十字路",
        "大神宮前",
        "本町(伊勢原市)",
        "伊勢原駅北口"
    ],
    "weekday": [
        "6:33"
    ],
    "saturday": [],
    "holiday": [],
    "url": "https://www.kanachu.co.jp/dia/diagram/timetable01_js/course:0000803361-5/node:00128154/kt:0/lname:/"
}
