{
    "date": "2025/07/27",
    "name": "青年橋",
    "position": "-",
    "system": "秦21",
    "destinations": [
        "鳥居前(秦野市)",
        "小蓑毛",
        "才戸入口",
        "久保(秦野市)",
        "中丸橋(秦野市)",
        "東中学校前(秦野市)",
        "藤棚(秦野市)",
        "上原入口",
        "上原台",
        "名古木",
        "落合入口",
        "末広小学校前",
        "下宿(秦野市)",
        "仲宿(秦野市)",
        "上宿通り",
        "大川橋(秦野市)",
        "まほろば大橋",
        "秦野駅"
    ],
    "weekday": [
        "9:46"
    ],
    "saturday": [
        "8:44",
        "9:09",
        "10:29",
        "14:59",
        "15:16",
        "16:04",
        "17:11"
    ],
    "holiday": [
        "8:44",
        "9:09",
        "10:29",
        "14:59",
        "15:16",
        "16:04",
        "17:11"
    ],
    "url": "https://www.kanachu.co.jp/dia/diagram/timetable01_js/course:0000803380-6/node:00127849/kt:0/lname:/"
}
