{
    "date": "2025/07/27",
    "name": "久保(秦野市)",
    "position": "-",
    "system": "秦21",
    "destinations": [
        "中丸橋(秦野市)",
        "東中学校前(秦野市)",
        "藤棚(秦野市)",
        "上原入口",
        "上原台",
        "名古木",
        "落合入口",
        "末広小学校前",
        "下宿(秦野市)",
        "仲宿(秦野市)",
        "上宿通り",
        "大川橋(秦野市)",
        "まほろば大橋",
        "秦野駅"
    ],
    "weekday": [
        "9:48"
    ],
    "saturday": [
        "8:46",
        "9:11",
        "10:31",
        "15:01",
        "15:18",
        "16:06",
        "17:13"
    ],
    "holiday": [
        "8:46",
        "9:11",
        "10:31",
        "15:01",
        "15:18",
        "16:06",
        "17:13"
    ],
    "url": "https://www.kanachu.co.jp/dia/diagram/timetable01_js/course:0000803380-10/node:00127845/kt:0/lname:/"
}
