{
    "date": "2025/07/27",
    "name": "藤棚(秦野市)",
    "position": "-",
    "system": "秦21",
    "destinations": [
        "上原入口",
        "上原台",
        "名古木",
        "落合入口",
        "末広小学校前",
        "下宿(秦野市)",
        "仲宿(秦野市)",
        "上宿通り",
        "大川橋(秦野市)",
        "まほろば大橋",
        "秦野駅"
    ],
    "weekday": [
        "9:50"
    ],
    "saturday": [
        "8:48",
        "9:13",
        "10:33",
        "15:03",
        "15:20",
        "16:08",
        "17:15"
    ],
    "holiday": [
        "8:48",
        "9:13",
        "10:33",
        "15:03",
        "15:20",
        "16:08",
        "17:15"
    ],
    "url": "https://www.kanachu.co.jp/dia/diagram/timetable01_js/course:0000803380-13/node:00127842/kt:0/lname:/"
}
