{
    "date": "2025/07/27",
    "name": "末広小学校前",
    "position": "-",
    "system": "秦21",
    "destinations": [
        "下宿(秦野市)",
        "仲宿(秦野市)",
        "上宿通り",
        "大川橋(秦野市)",
        "まほろば大橋",
        "秦野駅"
    ],
    "weekday": [
        "9:54"
    ],
    "saturday": [
        "8:52",
        "9:17",
        "10:37",
        "15:07",
        "15:24",
        "16:12",
        "17:19"
    ],
    "holiday": [
        "8:52",
        "9:17",
        "10:37",
        "15:07",
        "15:24",
        "16:12",
        "17:19"
    ],
    "url": "https://www.kanachu.co.jp/dia/diagram/timetable01_js/course:0000803380-18/node:00127837/kt:0/lname:/"
}
