{
    "date": "2025/07/27",
    "name": "仲宿(秦野市)",
    "position": "-",
    "system": "秦21",
    "destinations": [
        "上宿通り",
        "大川橋(秦野市)",
        "まほろば大橋",
        "秦野駅"
    ],
    "weekday": [
        "9:56"
    ],
    "saturday": [
        "8:54",
        "9:19",
        "10:39",
        "15:09",
        "15:26",
        "16:14",
        "17:21"
    ],
    "holiday": [
        "8:54",
        "9:19",
        "10:39",
        "15:09",
        "15:26",
        "16:14",
        "17:21"
    ],
    "url": "https://www.kanachu.co.jp/dia/diagram/timetable01_js/course:0000803380-20/node:00127835/kt:0/lname:/"
}
