{
    "date": "2025/01/06",
    "name": "和田町(横浜市保土ケ谷区)",
    "position": "-",
    "system": "62",
    "destinations": [
        "上星川",
        "川島町(横浜市保土ケ谷区)",
        "梅の木(横浜市保土ケ谷区)",
        "西谷駅前",
        "下白根橋",
        "愛宕旭環境センター前",
        "稲荷通",
        "金草沢",
        "千丸台団地"
    ],
    "weekday": [
        "6:52",
        "7:23",
        "7:48",
        "7:58",
        "8:18",
        "8:28",
        "8:48",
        "9:10",
        "9:18",
        "9:33",
        "16:48",
        "17:10",
        "17:38",
        "17:50",
        "18:03",
        "18:23",
        "18:33",
        "18:53",
        "19:13",
        "19:33",
        "19:58",
        "20:12",
        "20:37",
        "21:12",
        "21:47",
        "22:22",
        "22:47"
    ],
    "saturday": [
        "7:12",
        "7:42",
        "8:17",
        "8:52",
        "9:27",
        "17:04",
        "17:34",
        "18:04",
        "18:34",
        "19:04",
        "19:34",
        "20:02",
        "20:27",
        "20:42",
        "21:17",
        "22:17"
    ],
    "holiday": [
        "7:42",
        "8:17",
        "8:52",
        "9:27",
        "17:04",
        "17:34",
        "18:04",
        "18:34",
        "19:04",
        "19:34",
        "20:02",
        "20:27",
        "20:42",
        "21:17"
    ],
    "url": "https://www.kanachu.co.jp/dia/diagram/timetable01_js/course:0000803675-4/node:00103260/kt:0/lname:/"
}
