{
    "date": "2025/01/06",
    "name": "上星川",
    "position": "-",
    "system": "",
    "destinations": [
        "川島町(横浜市保土ケ谷区)",
        "梅の木(横浜市保土ケ谷区)",
        "西谷駅前",
        "下白根橋",
        "愛宕旭環境センター前",
        "稲荷通",
        "金草沢",
        "千丸台団地"
    ],
    "weekday": [
        "6:54",
        "7:25",
        "7:50",
        "8:00",
        "8:20",
        "8:30",
        "8:50",
        "9:12",
        "9:20",
        "9:35",
        "16:51",
        "17:13",
        "17:41",
        "17:53",
        "18:06",
        "18:26",
        "18:36",
        "18:56",
        "19:16",
        "19:36",
        "20:01",
        "20:14",
        "20:39",
        "21:14",
        "21:49",
        "22:24",
        "22:49"
    ],
    "saturday": [
        "7:14",
        "7:44",
        "8:19",
        "8:54",
        "9:29",
        "17:07",
        "17:37",
        "18:07",
        "18:37",
        "19:07",
        "19:37",
        "20:04",
        "20:29",
        "20:44",
        "21:19",
        "22:19"
    ],
    "holiday": [
        "7:44",
        "8:19",
        "8:54",
        "9:29",
        "17:07",
        "17:37",
        "18:07",
        "18:37",
        "19:07",
        "19:37",
        "20:04",
        "20:29",
        "20:44",
        "21:19"
    ],
    "url": "https://www.kanachu.co.jp/dia/diagram/timetable01_js/course:0000803675-5/node:00102369/kt:0/lname:/"
}
