{
    "date": "2025/01/06",
    "name": "川島町(横浜市保土ケ谷区)",
    "position": "-",
    "system": "",
    "destinations": [
        "梅の木(横浜市保土ケ谷区)",
        "西谷駅前",
        "下白根橋",
        "愛宕旭環境センター前",
        "稲荷通",
        "金草沢",
        "千丸台団地"
    ],
    "weekday": [
        "6:56",
        "7:27",
        "7:52",
        "8:02",
        "8:22",
        "8:32",
        "8:52",
        "9:14",
        "9:22",
        "9:37",
        "16:54",
        "17:16",
        "17:44",
        "17:56",
        "18:09",
        "18:29",
        "18:39",
        "18:59",
        "19:18",
        "19:38",
        "20:03",
        "20:16",
        "20:41",
        "21:16",
        "21:51",
        "22:26",
        "22:51"
    ],
    "saturday": [
        "7:16",
        "7:46",
        "8:21",
        "8:56",
        "9:31",
        "17:10",
        "17:40",
        "18:10",
        "18:40",
        "19:10",
        "19:40",
        "20:06",
        "20:31",
        "20:46",
        "21:21",
        "22:21"
    ],
    "holiday": [
        "7:46",
        "8:21",
        "8:56",
        "9:31",
        "17:10",
        "17:40",
        "18:10",
        "18:40",
        "19:10",
        "19:40",
        "20:06",
        "20:31",
        "20:46",
        "21:21"
    ],
    "url": "https://www.kanachu.co.jp/dia/diagram/timetable01_js/course:0000803675-6/node:00102379/kt:0/lname:/"
}
