{
    "date": "2025/01/06",
    "name": "西谷駅前",
    "position": "-",
    "system": "",
    "destinations": [
        "下白根橋",
        "愛宕旭環境センター前",
        "稲荷通",
        "金草沢",
        "千丸台団地"
    ],
    "weekday": [
        "6:59",
        "7:30",
        "7:55",
        "8:05",
        "8:25",
        "8:35",
        "8:55",
        "9:17",
        "9:25",
        "9:40",
        "16:58",
        "17:20",
        "17:48",
        "18:00",
        "18:13",
        "18:33",
        "18:43",
        "19:03",
        "19:21",
        "19:41",
        "20:06",
        "20:19",
        "20:44",
        "21:19",
        "21:54",
        "22:29",
        "22:54"
    ],
    "saturday": [
        "7:19",
        "7:49",
        "8:24",
        "8:59",
        "9:34",
        "17:15",
        "17:45",
        "18:15",
        "18:45",
        "19:15",
        "19:45",
        "20:09",
        "20:34",
        "20:49",
        "21:24",
        "22:24"
    ],
    "holiday": [
        "7:49",
        "8:24",
        "8:59",
        "9:34",
        "17:15",
        "17:45",
        "18:15",
        "18:45",
        "19:15",
        "19:45",
        "20:09",
        "20:34",
        "20:49",
        "21:24"
    ],
    "url": "https://www.kanachu.co.jp/dia/diagram/timetable01_js/course:0000803675-8/node:00102883/kt:0/lname:/"
}
