{
    "date": "2025/01/06",
    "name": "下白根橋",
    "position": "-",
    "system": "62",
    "destinations": [
        "愛宕旭環境センター前",
        "稲荷通",
        "金草沢",
        "千丸台団地"
    ],
    "weekday": [
        "7:01",
        "7:32",
        "7:57",
        "8:07",
        "8:27",
        "8:37",
        "8:57",
        "9:19",
        "9:27",
        "9:42",
        "17:00",
        "17:22",
        "17:50",
        "18:02",
        "18:15",
        "18:35",
        "18:45",
        "19:05",
        "19:23",
        "19:43",
        "20:08",
        "20:21",
        "20:46",
        "21:21",
        "21:56",
        "22:31",
        "22:56"
    ],
    "saturday": [
        "7:21",
        "7:51",
        "8:26",
        "9:01",
        "9:36",
        "17:17",
        "17:47",
        "18:17",
        "18:47",
        "19:17",
        "19:47",
        "20:11",
        "20:36",
        "20:51",
        "21:26",
        "22:26"
    ],
    "holiday": [
        "7:51",
        "8:26",
        "9:01",
        "9:36",
        "17:17",
        "17:47",
        "18:17",
        "18:47",
        "19:17",
        "19:47",
        "20:11",
        "20:36",
        "20:51",
        "21:26"
    ],
    "url": "https://www.kanachu.co.jp/dia/diagram/timetable01_js/course:0000803675-9/node:00102591/kt:0/lname:/"
}
