{
    "date": "2025/01/06",
    "name": "金草沢",
    "position": "-",
    "system": "",
    "destinations": [
        "千丸台団地"
    ],
    "weekday": [
        "7:05",
        "7:37",
        "8:02",
        "8:12",
        "8:32",
        "8:42",
        "9:02",
        "9:24",
        "9:32",
        "9:47",
        "17:06",
        "17:28",
        "17:56",
        "18:08",
        "18:21",
        "18:41",
        "18:51",
        "19:11",
        "19:28",
        "19:48",
        "20:13",
        "20:25",
        "20:50",
        "21:25",
        "22:00",
        "22:35",
        "23:00"
    ],
    "saturday": [
        "7:26",
        "7:56",
        "8:31",
        "9:06",
        "9:41",
        "17:23",
        "17:53",
        "18:23",
        "18:53",
        "19:23",
        "19:53",
        "20:15",
        "20:40",
        "20:55",
        "21:30",
        "22:30"
    ],
    "holiday": [
        "7:56",
        "8:31",
        "9:06",
        "9:41",
        "17:23",
        "17:53",
        "18:23",
        "18:53",
        "19:23",
        "19:53",
        "20:15",
        "20:40",
        "20:55",
        "21:30"
    ],
    "url": "https://www.kanachu.co.jp/dia/diagram/timetable01_js/course:0000803675-12/node:00102361/kt:0/lname:/"
}
