{
    "date": "2025/05/11",
    "name": "中島(横浜市栄区)",
    "position": "-",
    "system": "金28",
    "destinations": [
        "八軒谷戸",
        "長倉町",
        "上郷(横浜市栄区)",
        "森の家前",
        "横浜霊園前",
        "隧道東口",
        "相武隧道",
        "朝比奈",
        "大道中学校前",
        "住宅前(横浜市金沢区)",
        "西大道",
        "大道(横浜市金沢区)",
        "大道小学校前",
        "六浦",
        "上行寺",
        "六浦橋",
        "金沢八景",
        "金沢八景駅"
    ],
    "weekday": [
        "5:58",
        "6:12"
    ],
    "saturday": [
        "6:08"
    ],
    "holiday": [
        "6:08"
    ],
    "url": "https://www.kanachu.co.jp/dia/diagram/timetable01_js/course:0000802825-4/node:00126516/kt:0/lname:/"
}
