{
    "date": "2025/10/20",
    "name": "下草柳",
    "position": "-",
    "system": "間12",
    "destinations": [
        "大東(大和市)",
        "東原(大和市)",
        "上草柳",
        "笹山入口",
        "慰霊塔公園",
        "水道局前(大和市)",
        "鶴間駅"
    ],
    "weekday": [
        "7:33",
        "8:33",
        "9:23",
        "10:13",
        "11:03",
        "11:53",
        "12:43",
        "13:33",
        "14:23",
        "15:13",
        "16:03",
        "16:53",
        "17:43",
        "18:33",
        "19:23",
        "20:13"
    ],
    "saturday": [
        "7:33",
        "8:23",
        "9:23",
        "10:23",
        "11:23",
        "12:23",
        "13:23",
        "14:23",
        "15:23",
        "16:23",
        "17:23",
        "18:23",
        "19:23"
    ],
    "holiday": [
        "7:33",
        "8:33",
        "9:23",
        "10:23",
        "11:23",
        "12:23",
        "13:23",
        "14:23",
        "15:23",
        "16:23",
        "17:23",
        "18:23",
        "19:23"
    ],
    "url": "https://www.kanachu.co.jp/dia/diagram/timetable01_js/course:0000803806-3/node:00129631/kt:0/lname:/"
}
