{
    "date": "2025/10/20",
    "name": "上草柳",
    "position": "-",
    "system": "間12",
    "destinations": [
        "笹山入口",
        "慰霊塔公園",
        "水道局前(大和市)",
        "鶴間駅"
    ],
    "weekday": [
        "7:36",
        "8:36",
        "9:26",
        "10:16",
        "11:06",
        "11:56",
        "12:46",
        "13:36",
        "14:26",
        "15:16",
        "16:06",
        "16:56",
        "17:46",
        "18:36",
        "19:26",
        "20:16"
    ],
    "saturday": [
        "7:36",
        "8:26",
        "9:26",
        "10:26",
        "11:26",
        "12:26",
        "13:26",
        "14:26",
        "15:26",
        "16:26",
        "17:26",
        "18:26",
        "19:26"
    ],
    "holiday": [
        "7:36",
        "8:36",
        "9:26",
        "10:26",
        "11:26",
        "12:26",
        "13:26",
        "14:26",
        "15:26",
        "16:26",
        "17:26",
        "18:26",
        "19:26"
    ],
    "url": "https://www.kanachu.co.jp/dia/diagram/timetable01_js/course:0000803806-6/node:00129628/kt:0/lname:/"
}
