{
    "date": "2025/10/20",
    "name": "笹山入口",
    "position": "-",
    "system": "間12",
    "destinations": [
        "慰霊塔公園",
        "水道局前(大和市)",
        "鶴間駅"
    ],
    "weekday": [
        "7:38",
        "8:38",
        "9:28",
        "10:18",
        "11:08",
        "11:58",
        "12:48",
        "13:38",
        "14:28",
        "15:18",
        "16:08",
        "16:58",
        "17:48",
        "18:38",
        "19:28",
        "20:18"
    ],
    "saturday": [
        "7:38",
        "8:28",
        "9:28",
        "10:28",
        "11:28",
        "12:28",
        "13:28",
        "14:28",
        "15:28",
        "16:28",
        "17:28",
        "18:28",
        "19:28"
    ],
    "holiday": [
        "7:38",
        "8:38",
        "9:28",
        "10:28",
        "11:28",
        "12:28",
        "13:28",
        "14:28",
        "15:28",
        "16:28",
        "17:28",
        "18:28",
        "19:28"
    ],
    "url": "https://www.kanachu.co.jp/dia/diagram/timetable01_js/course:0000803806-7/node:00129627/kt:0/lname:/"
}
