{
    "date": "2025/10/20",
    "name": "堀の内(横浜市青葉区)",
    "position": "-",
    "system": "津02",
    "destinations": [
        "あかね台入口(横浜市青葉区)",
        "熊の谷公園",
        "あかね台北",
        "奈良三丁目",
        "しあわせ野",
        "成瀬台二丁目",
        "野村住宅中央",
        "成瀬台"
    ],
    "weekday": [
        "8:08",
        "8:23",
        "9:13",
        "10:13",
        "11:13",
        "11:43",
        "12:13",
        "13:13",
        "14:13",
        "15:13",
        "16:13",
        "16:43",
        "17:08",
        "17:28",
        "17:48",
        "18:08",
        "18:28",
        "18:48",
        "19:28",
        "19:48",
        "20:28",
        "21:03",
        "21:38",
        "22:38",
        "23:11",
        "23:53"
    ],
    "saturday": [
        "10:43",
        "11:43",
        "12:43",
        "13:43",
        "14:43",
        "15:43",
        "16:43",
        "17:18",
        "17:48",
        "18:08",
        "18:28",
        "19:08",
        "19:48",
        "20:43",
        "21:28"
    ],
    "holiday": [
        "10:43",
        "11:43",
        "12:43",
        "13:43",
        "14:43",
        "15:43",
        "16:43",
        "17:18",
        "17:48",
        "18:08",
        "18:28",
        "19:08",
        "19:48",
        "20:43",
        "21:28"
    ],
    "url": "https://www.kanachu.co.jp/dia/diagram/timetable01_js/course:0000802354-3/node:00019243/kt:0/lname:/"
}
