{
    "date": "2025/10/20",
    "name": "あかね台入口(横浜市青葉区)",
    "position": "-",
    "system": "津02",
    "destinations": [
        "熊の谷公園",
        "あかね台北",
        "奈良三丁目",
        "しあわせ野",
        "成瀬台二丁目",
        "野村住宅中央",
        "成瀬台"
    ],
    "weekday": [
        "8:09",
        "8:24",
        "9:14",
        "10:14",
        "11:14",
        "11:44",
        "12:14",
        "13:14",
        "14:14",
        "15:14",
        "16:14",
        "16:44",
        "17:09",
        "17:29",
        "17:49",
        "18:09",
        "18:29",
        "18:49",
        "19:29",
        "19:49",
        "20:29",
        "21:04",
        "21:39",
        "22:39",
        "23:12",
        "23:54"
    ],
    "saturday": [
        "10:44",
        "11:44",
        "12:44",
        "13:44",
        "14:44",
        "15:44",
        "16:44",
        "17:19",
        "17:49",
        "18:09",
        "18:29",
        "19:09",
        "19:49",
        "20:44",
        "21:29"
    ],
    "holiday": [
        "10:44",
        "11:44",
        "12:44",
        "13:44",
        "14:44",
        "15:44",
        "16:44",
        "17:19",
        "17:49",
        "18:09",
        "18:29",
        "19:09",
        "19:49",
        "20:44",
        "21:29"
    ],
    "url": "https://www.kanachu.co.jp/dia/diagram/timetable01_js/course:0000802354-4/node:00019242/kt:0/lname:/"
}
