{
    "date": "2025/10/20",
    "name": "野村住宅中央",
    "position": "-",
    "system": "津02",
    "destinations": [
        "成瀬台"
    ],
    "weekday": [
        "8:17",
        "8:32",
        "9:22",
        "10:22",
        "11:22",
        "11:52",
        "12:22",
        "13:22",
        "14:22",
        "15:22",
        "16:22",
        "16:52",
        "17:17",
        "17:37",
        "17:57",
        "18:17",
        "18:37",
        "18:57",
        "19:37",
        "19:57",
        "20:37",
        "21:12",
        "21:47",
        "22:47",
        "23:20",
        "24:02"
    ],
    "saturday": [
        "10:52",
        "11:52",
        "12:52",
        "13:52",
        "14:52",
        "15:52",
        "16:52",
        "17:27",
        "17:57",
        "18:17",
        "18:37",
        "19:17",
        "19:57",
        "20:52",
        "21:37"
    ],
    "holiday": [
        "10:52",
        "11:52",
        "12:52",
        "13:52",
        "14:52",
        "15:52",
        "16:52",
        "17:27",
        "17:57",
        "18:17",
        "18:37",
        "19:17",
        "19:57",
        "20:52",
        "21:37"
    ],
    "url": "https://www.kanachu.co.jp/dia/diagram/timetable01_js/course:0000802354-10/node:00129602/kt:0/lname:/"
}
