{
    "date": "2024/09/02",
    "name": "元町(横浜市戸塚区)",
    "position": "-",
    "system": "戸18",
    "destinations": [
        "ブリヂストン前",
        "不動坂(横浜市戸塚区)",
        "富士橋",
        "上矢部インター",
        "上矢部",
        "日の森",
        "下岡津"
    ],
    "weekday": [
        "18:03",
        "19:03",
        "19:27",
        "19:39",
        "20:36",
        "20:44"
    ],
    "saturday": [
        "17:05",
        "18:05",
        "20:17",
        "21:35"
    ],
    "holiday": [
        "20:13",
        "21:31"
    ],
    "url": "https://www.kanachu.co.jp/dia/diagram/timetable01_js/course:0000803579-2/node:00126611/kt:0/lname:/"
}
