{
    "date": "2024/09/02",
    "name": "上矢部インター",
    "position": "-",
    "system": "戸18",
    "destinations": [
        "上矢部",
        "日の森",
        "下岡津"
    ],
    "weekday": [
        "18:09",
        "19:08",
        "19:32",
        "19:44",
        "20:41",
        "20:49"
    ],
    "saturday": [
        "17:10",
        "18:10",
        "20:22",
        "21:40"
    ],
    "holiday": [
        "20:18",
        "21:36"
    ],
    "url": "https://www.kanachu.co.jp/dia/diagram/timetable01_js/course:0000803579-6/node:00126669/kt:0/lname:/"
}
