{
    "date": "2025/11/16",
    "name": "平塚駅北口",
    "position": "-",
    "system": "平97",
    "destinations": [
        "四ツ角(平塚市)",
        "明石町一丁目",
        "明石町(平塚市)",
        "崇善小学校前",
        "江陽中学校前(平塚市)",
        "美術館入口(平塚市)",
        "総合公園(平塚市)",
        "平塚球場",
        "北新町",
        "第一三共前(平塚市)",
        "三菱ケミカル前",
        "湘南車検場前",
        "打間木下",
        "打間木上",
        "美里",
        "下島(平塚市)",
        "四ツ谷入口(平塚市)",
        "大島(平塚市)",
        "大島北",
        "大島南入口",
        "平間入口",
        "河内(伊勢原市)",
        "東沼目",
        "上平間",
        "平間児童館前",
        "天王原",
        "藤田電機前(伊勢原市)",
        "三福寺前",
        "下宿(伊勢原市)",
        "伊勢原駅南口"
    ],
    "weekday": [
        "7:25",
        "8:54",
        "10:40",
        "13:30",
        "15:45",
        "17:25",
        "17:55",
        "19:45"
    ],
    "saturday": [
        "7:40",
        "9:05",
        "11:45",
        "13:40",
        "15:37",
        "17:37"
    ],
    "holiday": [
        "7:40",
        "9:05",
        "11:45",
        "13:40",
        "15:37",
        "17:37"
    ],
    "url": "https://www.kanachu.co.jp/dia/diagram/timetable01_js/course:0000803348-1/node:00127464/kt:0/lname:/"
}
