{
    "date": "2025/11/16",
    "name": "江陽中学校前(平塚市)",
    "position": "-",
    "system": "平97",
    "destinations": [
        "美術館入口(平塚市)",
        "総合公園(平塚市)",
        "平塚球場",
        "北新町",
        "第一三共前(平塚市)",
        "三菱ケミカル前",
        "湘南車検場前",
        "打間木下",
        "打間木上",
        "美里",
        "下島(平塚市)",
        "四ツ谷入口(平塚市)",
        "大島(平塚市)",
        "大島北",
        "大島南入口",
        "平間入口",
        "河内(伊勢原市)",
        "東沼目",
        "上平間",
        "平間児童館前",
        "天王原",
        "藤田電機前(伊勢原市)",
        "三福寺前",
        "下宿(伊勢原市)",
        "伊勢原駅南口"
    ],
    "weekday": [
        "7:29",
        "8:58",
        "10:44",
        "13:34",
        "15:49",
        "17:29",
        "17:59",
        "19:49"
    ],
    "saturday": [
        "7:44",
        "9:09",
        "11:49",
        "13:44",
        "15:41",
        "17:41"
    ],
    "holiday": [
        "7:44",
        "9:09",
        "11:49",
        "13:44",
        "15:41",
        "17:41"
    ],
    "url": "https://www.kanachu.co.jp/dia/diagram/timetable01_js/course:0000803348-6/node:00127598/kt:0/lname:/"
}
