{
    "date": "2025/11/16",
    "name": "美術館入口(平塚市)",
    "position": "-",
    "system": "平97",
    "destinations": [
        "総合公園(平塚市)",
        "平塚球場",
        "北新町",
        "第一三共前(平塚市)",
        "三菱ケミカル前",
        "湘南車検場前",
        "打間木下",
        "打間木上",
        "美里",
        "下島(平塚市)",
        "四ツ谷入口(平塚市)",
        "大島(平塚市)",
        "大島北",
        "大島南入口",
        "平間入口",
        "河内(伊勢原市)",
        "東沼目",
        "上平間",
        "平間児童館前",
        "天王原",
        "藤田電機前(伊勢原市)",
        "三福寺前",
        "下宿(伊勢原市)",
        "伊勢原駅南口"
    ],
    "weekday": [
        "7:30",
        "8:59",
        "10:45",
        "13:35",
        "15:50",
        "17:30",
        "18:00",
        "19:50"
    ],
    "saturday": [
        "7:45",
        "9:10",
        "11:50",
        "13:45",
        "15:42",
        "17:42"
    ],
    "holiday": [
        "7:45",
        "9:10",
        "11:50",
        "13:45",
        "15:42",
        "17:42"
    ],
    "url": "https://www.kanachu.co.jp/dia/diagram/timetable01_js/course:0000803348-7/node:00127599/kt:0/lname:/"
}
