{
    "date": "2025/11/16",
    "name": "総合公園(平塚市)",
    "position": "-",
    "system": "平97",
    "destinations": [
        "平塚球場",
        "北新町",
        "第一三共前(平塚市)",
        "三菱ケミカル前",
        "湘南車検場前",
        "打間木下",
        "打間木上",
        "美里",
        "下島(平塚市)",
        "四ツ谷入口(平塚市)",
        "大島(平塚市)",
        "大島北",
        "大島南入口",
        "平間入口",
        "河内(伊勢原市)",
        "東沼目",
        "上平間",
        "平間児童館前",
        "天王原",
        "藤田電機前(伊勢原市)",
        "三福寺前",
        "下宿(伊勢原市)",
        "伊勢原駅南口"
    ],
    "weekday": [
        "7:31",
        "9:00",
        "10:46",
        "13:36",
        "15:51",
        "17:31",
        "18:01",
        "19:51"
    ],
    "saturday": [
        "7:46",
        "9:11",
        "11:51",
        "13:46",
        "15:43",
        "17:43"
    ],
    "holiday": [
        "7:46",
        "9:11",
        "11:51",
        "13:46",
        "15:43",
        "17:43"
    ],
    "url": "https://www.kanachu.co.jp/dia/diagram/timetable01_js/course:0000803348-8/node:00127600/kt:0/lname:/"
}
