{
    "date": "2025/11/16",
    "name": "北新町",
    "position": "-",
    "system": "平97",
    "destinations": [
        "第一三共前(平塚市)",
        "三菱ケミカル前",
        "湘南車検場前",
        "打間木下",
        "打間木上",
        "美里",
        "下島(平塚市)",
        "四ツ谷入口(平塚市)",
        "大島(平塚市)",
        "大島北",
        "大島南入口",
        "平間入口",
        "河内(伊勢原市)",
        "東沼目",
        "上平間",
        "平間児童館前",
        "天王原",
        "藤田電機前(伊勢原市)",
        "三福寺前",
        "下宿(伊勢原市)",
        "伊勢原駅南口"
    ],
    "weekday": [
        "7:33",
        "9:02",
        "10:48",
        "13:38",
        "15:53",
        "17:33",
        "18:03",
        "19:53"
    ],
    "saturday": [
        "7:48",
        "9:13",
        "11:53",
        "13:48",
        "15:45",
        "17:45"
    ],
    "holiday": [
        "7:48",
        "9:13",
        "11:53",
        "13:48",
        "15:45",
        "17:45"
    ],
    "url": "https://www.kanachu.co.jp/dia/diagram/timetable01_js/course:0000803348-10/node:00127630/kt:0/lname:/"
}
