{
    "date": "2025/11/16",
    "name": "大島(平塚市)",
    "position": "-",
    "system": "平97",
    "destinations": [
        "大島北",
        "大島南入口",
        "平間入口",
        "河内(伊勢原市)",
        "東沼目",
        "上平間",
        "平間児童館前",
        "天王原",
        "藤田電機前(伊勢原市)",
        "三福寺前",
        "下宿(伊勢原市)",
        "伊勢原駅南口"
    ],
    "weekday": [
        "7:42",
        "9:11",
        "10:57",
        "13:47",
        "16:02",
        "17:42",
        "18:12",
        "20:02"
    ],
    "saturday": [
        "7:57",
        "9:22",
        "12:02",
        "13:57",
        "15:54",
        "17:54"
    ],
    "holiday": [
        "7:57",
        "9:22",
        "12:02",
        "13:57",
        "15:54",
        "17:54"
    ],
    "url": "https://www.kanachu.co.jp/dia/diagram/timetable01_js/course:0000803348-19/node:00127638/kt:0/lname:/"
}
