{
    "date": "2025/11/16",
    "name": "藤田電機前(伊勢原市)",
    "position": "-",
    "system": "平97",
    "destinations": [
        "三福寺前",
        "下宿(伊勢原市)",
        "伊勢原駅南口"
    ],
    "weekday": [
        "7:51",
        "9:20",
        "11:05",
        "13:55",
        "16:10",
        "17:51",
        "18:21",
        "20:09"
    ],
    "saturday": [
        "8:05",
        "9:30",
        "12:10",
        "14:05",
        "16:02",
        "18:02"
    ],
    "holiday": [
        "8:05",
        "9:30",
        "12:10",
        "14:05",
        "16:02",
        "18:02"
    ],
    "url": "https://www.kanachu.co.jp/dia/diagram/timetable01_js/course:0000803348-28/node:00128096/kt:0/lname:/"
}
