{
    "date": "2025/11/16",
    "name": "三福寺前",
    "position": "-",
    "system": "平97",
    "destinations": [
        "下宿(伊勢原市)",
        "伊勢原駅南口"
    ],
    "weekday": [
        "7:52",
        "9:21",
        "11:06",
        "13:56",
        "16:11",
        "17:52",
        "18:22",
        "20:10"
    ],
    "saturday": [
        "8:06",
        "9:31",
        "12:11",
        "14:06",
        "16:03",
        "18:03"
    ],
    "holiday": [
        "8:06",
        "9:31",
        "12:11",
        "14:06",
        "16:03",
        "18:03"
    ],
    "url": "https://www.kanachu.co.jp/dia/diagram/timetable01_js/course:0000803348-29/node:00128095/kt:0/lname:/"
}
