{
    "date": "2026/01/16",
    "name": "戸川入口",
    "position": "-",
    "system": "秦51",
    "destinations": [
        "三屋入口",
        "羽根入口",
        "田原入口",
        "六反地",
        "榎木堂",
        "宮上(秦野市)",
        "宮前(秦野市)",
        "上大道",
        "大道(秦野市)",
        "上宿通り",
        "大川橋(秦野市)",
        "まほろば大橋",
        "秦野駅"
    ],
    "weekday": [
        "6:59",
        "7:18",
        "7:39",
        "7:48",
        "7:58",
        "8:13",
        "8:33",
        "8:55",
        "9:18",
        "9:48",
        "10:18",
        "10:48",
        "11:18",
        "11:48",
        "12:18",
        "12:48",
        "13:18",
        "13:48",
        "14:18",
        "14:48",
        "15:18",
        "15:48",
        "16:18",
        "16:48",
        "17:05",
        "17:26",
        "17:50",
        "18:02",
        "18:21",
        "18:41",
        "19:02",
        "19:21",
        "19:51",
        "20:36",
        "21:21",
        "22:09"
    ],
    "saturday": [
        "6:43",
        "7:43",
        "8:13",
        "8:43",
        "9:13",
        "9:43",
        "10:13",
        "10:43",
        "11:13",
        "11:43",
        "12:13",
        "12:43",
        "13:13",
        "13:43",
        "14:13",
        "14:43",
        "15:13",
        "15:43",
        "16:13",
        "16:43",
        "17:13",
        "17:43",
        "18:13",
        "18:43",
        "19:13",
        "19:43",
        "20:13",
        "21:03"
    ],
    "holiday": [
        "6:43",
        "7:43",
        "8:13",
        "8:43",
        "9:13",
        "9:43",
        "10:13",
        "10:43",
        "11:13",
        "11:43",
        "12:13",
        "12:43",
        "13:13",
        "13:43",
        "14:13",
        "14:43",
        "15:13",
        "15:43",
        "16:13",
        "16:43",
        "17:13",
        "17:43",
        "18:13",
        "18:43",
        "19:13",
        "19:43",
        "20:13",
        "21:03"
    ],
    "url": "https://www.kanachu.co.jp/dia/diagram/timetable01_js/course:0000804045-16/node:00127885/kt:0/lname:/"
}
