{
    "date": "2026/01/16",
    "name": "榎木堂",
    "position": "-",
    "system": "秦51",
    "destinations": [
        "宮上(秦野市)",
        "宮前(秦野市)",
        "上大道",
        "大道(秦野市)",
        "上宿通り",
        "大川橋(秦野市)",
        "まほろば大橋",
        "秦野駅"
    ],
    "weekday": [
        "7:08",
        "7:28",
        "7:49",
        "7:58",
        "8:08",
        "8:23",
        "8:40",
        "9:02",
        "9:25",
        "9:55",
        "10:25",
        "10:55",
        "11:25",
        "11:55",
        "12:25",
        "12:55",
        "13:25",
        "13:55",
        "14:25",
        "14:55",
        "15:25",
        "15:55",
        "16:25",
        "16:57",
        "17:14",
        "17:35",
        "17:59",
        "18:11",
        "18:30",
        "18:48",
        "19:09",
        "19:28",
        "19:58",
        "20:43",
        "21:28",
        "22:16"
    ],
    "saturday": [
        "6:50",
        "7:50",
        "8:20",
        "8:50",
        "9:20",
        "9:50",
        "10:20",
        "10:50",
        "11:20",
        "11:50",
        "12:20",
        "12:50",
        "13:20",
        "13:50",
        "14:20",
        "14:50",
        "15:20",
        "15:50",
        "16:20",
        "16:50",
        "17:20",
        "17:50",
        "18:20",
        "18:50",
        "19:20",
        "19:50",
        "20:20",
        "21:10"
    ],
    "holiday": [
        "6:50",
        "7:50",
        "8:20",
        "8:50",
        "9:20",
        "9:50",
        "10:20",
        "10:50",
        "11:20",
        "11:50",
        "12:20",
        "12:50",
        "13:20",
        "13:50",
        "14:20",
        "14:50",
        "15:20",
        "15:50",
        "16:20",
        "16:50",
        "17:20",
        "17:50",
        "18:20",
        "18:50",
        "19:20",
        "19:50",
        "20:20",
        "21:10"
    ],
    "url": "https://www.kanachu.co.jp/dia/diagram/timetable01_js/course:0000804045-21/node:00127880/kt:0/lname:/"
}
