{
    "date": "2026/01/16",
    "name": "大川橋(秦野市)",
    "position": "-",
    "system": "秦51",
    "destinations": [
        "まほろば大橋",
        "秦野駅"
    ],
    "weekday": [
        "7:14",
        "7:34",
        "7:55",
        "8:04",
        "8:14",
        "8:29",
        "8:46",
        "9:08",
        "9:31",
        "10:01",
        "10:31",
        "11:01",
        "11:31",
        "12:01",
        "12:31",
        "13:01",
        "13:31",
        "14:01",
        "14:31",
        "15:01",
        "15:31",
        "16:01",
        "16:31",
        "17:03",
        "17:20",
        "17:41",
        "18:05",
        "18:17",
        "18:36",
        "18:54",
        "19:15",
        "19:34",
        "20:04",
        "20:49",
        "21:33",
        "22:21"
    ],
    "saturday": [
        "6:56",
        "7:56",
        "8:26",
        "8:56",
        "9:26",
        "9:56",
        "10:26",
        "10:56",
        "11:26",
        "11:56",
        "12:26",
        "12:56",
        "13:26",
        "13:56",
        "14:26",
        "14:56",
        "15:26",
        "15:56",
        "16:26",
        "16:56",
        "17:26",
        "17:56",
        "18:26",
        "18:56",
        "19:26",
        "19:56",
        "20:26",
        "21:14"
    ],
    "holiday": [
        "6:56",
        "7:56",
        "8:26",
        "8:56",
        "9:26",
        "9:56",
        "10:26",
        "10:56",
        "11:26",
        "11:56",
        "12:26",
        "12:56",
        "13:26",
        "13:56",
        "14:26",
        "14:56",
        "15:26",
        "15:56",
        "16:26",
        "16:56",
        "17:26",
        "17:56",
        "18:26",
        "18:56",
        "19:26",
        "19:56",
        "20:26",
        "21:14"
    ],
    "url": "https://www.kanachu.co.jp/dia/diagram/timetable01_js/course:0000804045-27/node:00127716/kt:0/lname:/"
}
