{
    "date": "2025/04/01",
    "name": "三輪入口",
    "position": "-",
    "system": "鶴08",
    "destinations": [
        "岡上",
        "鶴川駅"
    ],
    "weekday": [
        "6:11",
        "6:32",
        "6:52",
        "7:12",
        "7:32",
        "7:52",
        "8:12",
        "8:36",
        "9:06",
        "9:36",
        "10:06",
        "10:36",
        "11:06",
        "11:36",
        "12:06",
        "12:36",
        "13:06",
        "13:36",
        "14:06",
        "14:36",
        "15:06",
        "15:36",
        "16:06",
        "16:36",
        "17:06",
        "17:36",
        "18:07",
        "18:25",
        "18:45",
        "19:07",
        "19:25",
        "19:45",
        "20:07",
        "20:36",
        "21:06",
        "21:36",
        "22:06",
        "22:44"
    ],
    "saturday": [
        "6:40",
        "7:10",
        "7:40",
        "8:10",
        "8:40",
        "9:10",
        "9:40",
        "10:10",
        "10:40",
        "11:10",
        "11:40",
        "12:10",
        "12:40",
        "13:10",
        "13:40",
        "14:10",
        "14:40",
        "15:10",
        "15:40",
        "16:10",
        "16:40",
        "17:10",
        "17:40",
        "18:10",
        "18:40",
        "19:10",
        "19:40",
        "20:10",
        "20:40",
        "21:10",
        "21:40",
        "22:10"
    ],
    "holiday": [
        "7:10",
        "8:10",
        "9:10",
        "9:40",
        "10:10",
        "10:40",
        "11:10",
        "11:40",
        "12:10",
        "12:40",
        "13:10",
        "13:40",
        "14:10",
        "14:40",
        "15:10",
        "15:40",
        "16:10",
        "16:40",
        "17:10",
        "17:40",
        "18:10",
        "18:40",
        "19:10",
        "19:40",
        "20:10",
        "20:40",
        "21:10",
        "21:40"
    ],
    "url": "https://www.kanachu.co.jp/dia/diagram/timetable01_js/course:0000803476-9/node:00049298/kt:0/lname:/"
}
