{
    "date": "2025/08/30",
    "name": "関の下",
    "position": "-",
    "system": "上31",
    "destinations": [
        "笹下港南中央通り",
        "港南区総合庁舎前",
        "吉原(横浜市港南区)",
        "吉原前",
        "日野三丁目",
        "シティクレスト前",
        "日野ヶ丘東",
        "日野ヶ丘中央",
        "日野サザンポート前",
        "公務員住宅中央",
        "下野庭三田",
        "公務員住宅中央",
        "日野サザンポート前",
        "日野ヶ丘中央",
        "日野ヶ丘東",
        "シティクレスト前",
        "下車ヶ谷",
        "吉原前",
        "吉原下根",
        "吉原(横浜市港南区)",
        "港南区総合庁舎前",
        "笹下港南中央通り",
        "関の下",
        "上大岡駅"
    ],
    "weekday": [
        "6:37",
        "7:06",
        "7:25",
        "7:41",
        "7:59",
        "8:31",
        "9:21",
        "10:36",
        "11:25",
        "11:56",
        "12:46",
        "13:12",
        "14:01",
        "14:25",
        "15:16",
        "16:06",
        "16:56",
        "17:46",
        "18:12",
        "18:36",
        "19:01",
        "20:09",
        "21:00"
    ],
    "saturday": [
        "7:09",
        "7:54",
        "8:39",
        "10:19",
        "11:08",
        "11:59",
        "12:49",
        "13:39",
        "14:29",
        "15:19",
        "16:08",
        "16:59",
        "17:49",
        "19:04",
        "19:29",
        "20:19"
    ],
    "holiday": [
        "7:09",
        "7:54",
        "8:39",
        "10:19",
        "11:08",
        "11:59",
        "12:49",
        "13:39",
        "14:29",
        "15:19",
        "16:08",
        "16:59",
        "17:49",
        "18:39"
    ],
    "url": "https://www.kanachu.co.jp/dia/diagram/timetable01_js/course:0000803845-2/node:00102671/kt:0/lname:/"
}
