{
    "date": "2025/08/30",
    "name": "日野三丁目",
    "position": "-",
    "system": "上31",
    "destinations": [
        "シティクレスト前",
        "日野ヶ丘東",
        "日野ヶ丘中央",
        "日野サザンポート前",
        "公務員住宅中央",
        "下野庭三田",
        "公務員住宅中央",
        "日野サザンポート前",
        "日野ヶ丘中央",
        "日野ヶ丘東",
        "シティクレスト前",
        "下車ヶ谷",
        "吉原前",
        "吉原下根",
        "吉原(横浜市港南区)",
        "港南区総合庁舎前",
        "笹下港南中央通り",
        "関の下",
        "上大岡駅"
    ],
    "weekday": [
        "6:44",
        "7:13",
        "7:32",
        "7:48",
        "8:06",
        "8:38",
        "9:28",
        "10:43",
        "11:32",
        "12:03",
        "12:53",
        "13:19",
        "14:08",
        "14:32",
        "15:23",
        "16:13",
        "17:03",
        "17:53",
        "18:19",
        "18:43",
        "19:08",
        "20:16",
        "21:07"
    ],
    "saturday": [
        "7:16",
        "8:01",
        "8:46",
        "10:26",
        "11:15",
        "12:06",
        "12:56",
        "13:46",
        "14:36",
        "15:26",
        "16:15",
        "17:06",
        "17:56",
        "19:11",
        "19:36",
        "20:26"
    ],
    "holiday": [
        "7:16",
        "8:01",
        "8:46",
        "10:26",
        "11:15",
        "12:06",
        "12:56",
        "13:46",
        "14:36",
        "15:26",
        "16:15",
        "17:06",
        "17:56",
        "18:46"
    ],
    "url": "https://www.kanachu.co.jp/dia/diagram/timetable01_js/course:0000803845-7/node:00126767/kt:0/lname:/"
}
