{
    "date": "2025/08/30",
    "name": "日野ヶ丘東",
    "position": "-",
    "system": "上31",
    "destinations": [
        "日野ヶ丘中央",
        "日野サザンポート前",
        "公務員住宅中央",
        "下野庭三田",
        "公務員住宅中央",
        "日野サザンポート前",
        "日野ヶ丘中央",
        "日野ヶ丘東",
        "シティクレスト前",
        "下車ヶ谷",
        "吉原前",
        "吉原下根",
        "吉原(横浜市港南区)",
        "港南区総合庁舎前",
        "笹下港南中央通り",
        "関の下",
        "上大岡駅"
    ],
    "weekday": [
        "6:47",
        "7:16",
        "7:35",
        "7:51",
        "8:09",
        "8:41",
        "9:31",
        "10:46",
        "11:35",
        "12:06",
        "12:56",
        "13:22",
        "14:11",
        "14:35",
        "15:26",
        "16:16",
        "17:06",
        "17:56",
        "18:22",
        "18:46",
        "19:11",
        "20:19",
        "21:10"
    ],
    "saturday": [
        "7:19",
        "8:04",
        "8:49",
        "10:29",
        "11:18",
        "12:09",
        "12:59",
        "13:49",
        "14:39",
        "15:29",
        "16:18",
        "17:09",
        "17:59",
        "19:14",
        "19:39",
        "20:29"
    ],
    "holiday": [
        "7:19",
        "8:04",
        "8:49",
        "10:29",
        "11:18",
        "12:09",
        "12:59",
        "13:49",
        "14:39",
        "15:29",
        "16:18",
        "17:09",
        "17:59",
        "18:49"
    ],
    "url": "https://www.kanachu.co.jp/dia/diagram/timetable01_js/course:0000803845-9/node:00126769/kt:0/lname:/"
}
