{
    "date": "2025/08/30",
    "name": "下車ヶ谷",
    "position": "-",
    "system": "上31",
    "destinations": [
        "吉原前",
        "吉原下根",
        "吉原(横浜市港南区)",
        "港南区総合庁舎前",
        "笹下港南中央通り",
        "関の下",
        "上大岡駅"
    ],
    "weekday": [
        "6:59",
        "7:28",
        "7:47",
        "8:03",
        "8:21",
        "8:53",
        "9:43",
        "10:58",
        "11:47",
        "12:18",
        "13:08",
        "13:34",
        "14:23",
        "14:47",
        "15:38",
        "16:28",
        "17:18",
        "18:08",
        "18:34",
        "18:58",
        "19:23",
        "20:31",
        "21:22"
    ],
    "saturday": [
        "7:31",
        "8:16",
        "9:01",
        "10:41",
        "11:30",
        "12:21",
        "13:11",
        "14:01",
        "14:51",
        "15:41",
        "16:30",
        "17:21",
        "18:11",
        "19:26",
        "19:51",
        "20:41"
    ],
    "holiday": [
        "7:31",
        "8:16",
        "9:01",
        "10:41",
        "11:30",
        "12:21",
        "13:11",
        "14:01",
        "14:51",
        "15:41",
        "16:30",
        "17:21",
        "18:11",
        "19:01"
    ],
    "url": "https://www.kanachu.co.jp/dia/diagram/timetable01_js/course:0000803845-19/node:00126579/kt:0/lname:/"
}
