{
    "date": "2025/08/30",
    "name": "関の下",
    "position": "-",
    "system": "上31",
    "destinations": [
        "上大岡駅"
    ],
    "weekday": [
        "7:06",
        "7:35",
        "7:54",
        "8:10",
        "8:28",
        "9:00",
        "9:50",
        "11:05",
        "11:54",
        "12:25",
        "13:15",
        "13:41",
        "14:30",
        "14:54",
        "15:45",
        "16:35",
        "17:25",
        "18:15",
        "18:41",
        "19:05",
        "19:30",
        "20:37",
        "21:28"
    ],
    "saturday": [
        "7:38",
        "8:23",
        "9:08",
        "10:48",
        "11:37",
        "12:28",
        "13:18",
        "14:08",
        "14:58",
        "15:48",
        "16:37",
        "17:28",
        "18:18",
        "19:33",
        "19:58",
        "20:47"
    ],
    "holiday": [
        "7:38",
        "8:23",
        "9:08",
        "10:48",
        "11:37",
        "12:28",
        "13:18",
        "14:08",
        "14:58",
        "15:48",
        "16:37",
        "17:28",
        "18:18",
        "19:08"
    ],
    "url": "https://www.kanachu.co.jp/dia/diagram/timetable01_js/course:0000803845-25/node:00102671/kt:0/lname:/"
}
