{
    "date": "2026/01/16",
    "name": "住宅前(藤沢市下土棚)",
    "position": "-",
    "system": "長35",
    "destinations": [
        "坂下(藤沢市)",
        "下土棚",
        "いすゞ前",
        "大持",
        "山谷(藤沢市)",
        "東山田(藤沢市)",
        "葛原(藤沢市)",
        "宮の腰(藤沢市)",
        "葛野",
        "西葛原",
        "御所見中学校前",
        "御所見市民センター前",
        "用田(藤沢市)",
        "用田辻",
        "用田神社入口",
        "松葉(藤沢市)",
        "女坂",
        "山根(綾瀬市)",
        "吉岡芝原",
        "綾瀬車庫(綾瀬市)"
    ],
    "weekday": [
        "6:37",
        "7:08",
        "7:14",
        "7:32",
        "7:42",
        "8:01",
        "8:10",
        "8:32",
        "9:02",
        "9:32",
        "10:02",
        "10:32",
        "11:02",
        "11:32",
        "12:02",
        "12:32",
        "13:02",
        "13:32",
        "14:02",
        "14:32",
        "15:02",
        "15:32",
        "16:02",
        "16:32",
        "17:02",
        "17:32",
        "18:02",
        "18:32",
        "19:02",
        "19:37",
        "20:10",
        "21:10",
        "21:50",
        "22:30"
    ],
    "saturday": [
        "8:02",
        "8:42",
        "9:22",
        "10:02",
        "10:42",
        "11:22",
        "12:02",
        "12:42",
        "13:22",
        "14:02",
        "14:42",
        "15:22",
        "16:02",
        "16:42",
        "17:22",
        "18:02",
        "18:42",
        "19:37",
        "20:37",
        "21:19",
        "21:57"
    ],
    "holiday": [
        "8:02",
        "8:42",
        "9:22",
        "10:02",
        "10:42",
        "11:22",
        "12:02",
        "12:42",
        "13:22",
        "14:02",
        "14:42",
        "15:22",
        "16:02",
        "16:42",
        "17:22",
        "18:02",
        "18:42",
        "19:37",
        "20:37",
        "21:19",
        "21:57"
    ],
    "url": "https://www.kanachu.co.jp/dia/diagram/timetable01_js/course:0000804018-3/node:00130196/kt:0/lname:/"
}
