{
    "date": "2026/01/16",
    "name": "いすゞ前",
    "position": "-",
    "system": "長35",
    "destinations": [
        "大持",
        "山谷(藤沢市)",
        "東山田(藤沢市)",
        "葛原(藤沢市)",
        "宮の腰(藤沢市)",
        "葛野",
        "西葛原",
        "御所見中学校前",
        "御所見市民センター前",
        "用田(藤沢市)",
        "用田辻",
        "用田神社入口",
        "松葉(藤沢市)",
        "女坂",
        "山根(綾瀬市)",
        "吉岡芝原",
        "綾瀬車庫(綾瀬市)"
    ],
    "weekday": [
        "6:41",
        "7:12",
        "7:18",
        "7:36",
        "7:46",
        "8:05",
        "8:14",
        "8:36",
        "9:06",
        "9:36",
        "10:06",
        "10:36",
        "11:06",
        "11:36",
        "12:06",
        "12:36",
        "13:06",
        "13:36",
        "14:06",
        "14:36",
        "15:06",
        "15:36",
        "16:06",
        "16:36",
        "17:06",
        "17:36",
        "18:06",
        "18:36",
        "19:06",
        "19:41",
        "20:14",
        "21:14",
        "21:54",
        "22:34"
    ],
    "saturday": [
        "8:06",
        "8:46",
        "9:26",
        "10:06",
        "10:46",
        "11:26",
        "12:06",
        "12:46",
        "13:26",
        "14:06",
        "14:46",
        "15:26",
        "16:06",
        "16:46",
        "17:26",
        "18:06",
        "18:46",
        "19:41",
        "20:41",
        "21:23",
        "22:01"
    ],
    "holiday": [
        "8:06",
        "8:46",
        "9:26",
        "10:06",
        "10:46",
        "11:26",
        "12:06",
        "12:46",
        "13:26",
        "14:06",
        "14:46",
        "15:26",
        "16:06",
        "16:46",
        "17:26",
        "18:06",
        "18:46",
        "19:41",
        "20:41",
        "21:23",
        "22:01"
    ],
    "url": "https://www.kanachu.co.jp/dia/diagram/timetable01_js/course:0000804018-6/node:00129816/kt:0/lname:/"
}
