{
    "date": "2026/01/16",
    "name": "吉岡芝原",
    "position": "-",
    "system": "長35",
    "destinations": [
        "綾瀬車庫(綾瀬市)"
    ],
    "weekday": [
        "6:56",
        "7:27",
        "7:33",
        "7:51",
        "8:01",
        "8:20",
        "8:29",
        "8:51",
        "9:21",
        "9:51",
        "10:21",
        "10:51",
        "11:21",
        "11:51",
        "12:21",
        "12:51",
        "13:21",
        "13:51",
        "14:21",
        "14:51",
        "15:21",
        "15:51",
        "16:21",
        "16:51",
        "17:21",
        "17:51",
        "18:21",
        "18:51",
        "19:21",
        "19:56",
        "20:29",
        "21:29",
        "22:09",
        "22:49"
    ],
    "saturday": [
        "8:21",
        "9:01",
        "9:41",
        "10:21",
        "11:01",
        "11:41",
        "12:21",
        "13:01",
        "13:41",
        "14:21",
        "15:01",
        "15:41",
        "16:21",
        "17:01",
        "17:41",
        "18:21",
        "19:01",
        "19:56",
        "20:56",
        "21:38",
        "22:16"
    ],
    "holiday": [
        "8:21",
        "9:01",
        "9:41",
        "10:21",
        "11:01",
        "11:41",
        "12:21",
        "13:01",
        "13:41",
        "14:21",
        "15:01",
        "15:41",
        "16:21",
        "17:01",
        "17:41",
        "18:21",
        "19:01",
        "19:56",
        "20:56",
        "21:38",
        "22:16"
    ],
    "url": "https://www.kanachu.co.jp/dia/diagram/timetable01_js/course:0000804018-22/node:00129844/kt:0/lname:/"
}
