{
    "date": "2025/08/30",
    "name": "尾上町(横浜市中区)",
    "position": "-",
    "system": "戸48",
    "destinations": [
        "羽衣町(横浜市中区)",
        "長者町五丁目",
        "曙町(横浜市中区)",
        "横浜橋",
        "阪東橋",
        "吉野町一丁目",
        "吉野町駅前",
        "前里町",
        "南太田駅前",
        "Y校前",
        "南センター(横浜市南区)",
        "井土ヶ谷",
        "住宅前(横浜市南区)",
        "南永田",
        "弘明寺口",
        "六ツ川町",
        "上六ツ川",
        "大池(横浜市南区)",
        "引越坂",
        "こども医療センター",
        "六ツ川四丁目",
        "山谷(横浜市戸塚区)",
        "坂下口",
        "国道平戸",
        "品濃口",
        "赤関橋",
        "柏尾(横浜市戸塚区)",
        "ポーラ前(横浜市戸塚区)",
        "不動坂(横浜市戸塚区)",
        "ブリヂストン前",
        "元町(横浜市戸塚区)",
        "矢部町",
        "戸塚駅東口"
    ],
    "weekday": [
        "7:25",
        "7:46",
        "8:11",
        "8:51",
        "9:31",
        "9:54",
        "11:06",
        "11:54",
        "12:18",
        "13:06",
        "13:30",
        "14:18",
        "14:43",
        "15:54",
        "16:42",
        "17:06",
        "17:54",
        "18:18",
        "19:06",
        "19:33"
    ],
    "saturday": [
        "8:24",
        "9:27",
        "10:29",
        "11:29",
        "12:29",
        "13:29",
        "14:32",
        "15:32",
        "16:32",
        "17:32",
        "18:32"
    ],
    "holiday": [
        "8:24",
        "9:27",
        "10:29",
        "11:29",
        "12:29",
        "13:29",
        "14:32",
        "15:32",
        "16:32",
        "17:32",
        "18:32"
    ],
    "url": "https://www.kanachu.co.jp/dia/diagram/timetable01_js/course:0000803836-4/node:00102323/kt:0/lname:/"
}
