{
    "date": "2025/08/30",
    "name": "弘明寺口",
    "position": "-",
    "system": "戸48",
    "destinations": [
        "六ツ川町",
        "上六ツ川",
        "大池(横浜市南区)",
        "引越坂",
        "こども医療センター",
        "六ツ川四丁目",
        "山谷(横浜市戸塚区)",
        "坂下口",
        "国道平戸",
        "品濃口",
        "赤関橋",
        "柏尾(横浜市戸塚区)",
        "ポーラ前(横浜市戸塚区)",
        "不動坂(横浜市戸塚区)",
        "ブリヂストン前",
        "元町(横浜市戸塚区)",
        "矢部町",
        "戸塚駅東口"
    ],
    "weekday": [
        "7:50",
        "8:11",
        "8:36",
        "9:16",
        "9:56",
        "10:19",
        "11:31",
        "12:19",
        "12:43",
        "13:31",
        "13:55",
        "14:43",
        "15:08",
        "16:21",
        "17:09",
        "17:33",
        "18:21",
        "18:45",
        "19:28",
        "19:55"
    ],
    "saturday": [
        "8:49",
        "9:52",
        "10:54",
        "11:54",
        "12:54",
        "13:54",
        "14:57",
        "15:59",
        "16:59",
        "17:59",
        "18:59"
    ],
    "holiday": [
        "8:49",
        "9:52",
        "10:54",
        "11:54",
        "12:54",
        "13:54",
        "14:57",
        "15:59",
        "16:59",
        "17:59",
        "18:59"
    ],
    "url": "https://www.kanachu.co.jp/dia/diagram/timetable01_js/course:0000803836-19/node:00126628/kt:0/lname:/"
}
