{
    "date": "2025/08/30",
    "name": "六ツ川四丁目",
    "position": "-",
    "system": "戸48",
    "destinations": [
        "山谷(横浜市戸塚区)",
        "坂下口",
        "国道平戸",
        "品濃口",
        "赤関橋",
        "柏尾(横浜市戸塚区)",
        "ポーラ前(横浜市戸塚区)",
        "不動坂(横浜市戸塚区)",
        "ブリヂストン前",
        "元町(横浜市戸塚区)",
        "矢部町",
        "戸塚駅東口"
    ],
    "weekday": [
        "8:01",
        "8:22",
        "8:47",
        "9:27",
        "10:07",
        "10:30",
        "11:42",
        "12:30",
        "12:54",
        "13:42",
        "14:06",
        "14:54",
        "15:19",
        "16:32",
        "17:20",
        "17:44",
        "18:32",
        "18:56",
        "19:39",
        "20:06"
    ],
    "saturday": [
        "9:00",
        "10:03",
        "11:05",
        "12:05",
        "13:05",
        "14:05",
        "15:08",
        "16:10",
        "17:10",
        "18:10",
        "19:09"
    ],
    "holiday": [
        "9:00",
        "10:03",
        "11:05",
        "12:05",
        "13:05",
        "14:05",
        "15:08",
        "16:10",
        "17:10",
        "18:10",
        "19:09"
    ],
    "url": "https://www.kanachu.co.jp/dia/diagram/timetable01_js/course:0000803836-25/node:00126622/kt:0/lname:/"
}
