{
    "date": "2024/12/16",
    "name": "諏訪二丁目(多摩市)",
    "position": "-",
    "system": "桜24",
    "destinations": [
        "諏訪幼稚園前",
        "諏訪南公園",
        "永山いちょう通り",
        "永山高校",
        "永山五丁目",
        "南貝取",
        "瓜生(多摩市)",
        "南瓜生",
        "京王多摩車庫前",
        "中村(町田市小野路町)",
        "別所(町田市)",
        "湯船(町田市)",
        "五反田(町田市)",
        "下堤(町田市)",
        "岩子山",
        "井の花",
        "大蔵(鶴川郵便局前/町田市)",
        "鶴川市民センター入口",
        "下大蔵",
        "金井入口",
        "上能ヶ谷",
        "鶴川駅西口",
        "鶴川駅"
    ],
    "weekday": [
        "7:29",
        "8:15",
        "9:13",
        "10:13",
        "11:13",
        "12:13",
        "13:13",
        "14:13",
        "15:13",
        "16:13",
        "17:13",
        "18:13",
        "19:13",
        "20:13",
        "21:10"
    ],
    "saturday": [
        "8:13",
        "9:13",
        "10:13",
        "11:13",
        "12:13",
        "13:13",
        "14:13",
        "15:13",
        "16:13",
        "17:13",
        "18:13",
        "19:10",
        "20:10",
        "21:10"
    ],
    "holiday": [
        "8:13",
        "9:13",
        "10:13",
        "11:13",
        "12:13",
        "13:13",
        "14:13",
        "15:13",
        "16:13",
        "17:13",
        "18:13",
        "19:10",
        "20:10",
        "21:10"
    ],
    "url": "https://www.kanachu.co.jp/dia/diagram/timetable01_js/course:0000803445-7/node:00020624/kt:0/lname:/"
}
