{
    "date": "2025/08/04",
    "name": "相模原駅南口",
    "position": "-",
    "system": "相31",
    "destinations": [
        "さがみ夢大通り",
        "清新小学校前",
        "大河原(相模原市中央区)",
        "大山団地入口",
        "橋本十字路",
        "緑ヶ丘(相模原市緑区)",
        "金属工業団地(相模原市緑区)",
        "峡の原",
        "峡の原車庫"
    ],
    "weekday": [
        "11:15",
        "12:15",
        "12:55",
        "13:40",
        "14:15",
        "14:45",
        "15:40",
        "16:10",
        "16:55",
        "17:35",
        "18:20",
        "18:50",
        "19:35",
        "20:20",
        "21:35"
    ],
    "saturday": [
        "11:35",
        "12:25",
        "12:55",
        "13:25",
        "14:15",
        "14:35",
        "15:35",
        "16:10",
        "16:40",
        "17:25",
        "18:15",
        "18:55",
        "19:25",
        "20:40"
    ],
    "holiday": [
        "8:05",
        "8:40",
        "9:25",
        "10:15",
        "10:45",
        "11:25",
        "12:20",
        "12:45",
        "13:25",
        "14:15",
        "14:40",
        "15:40",
        "16:05",
        "16:50",
        "17:40",
        "18:15",
        "18:55",
        "19:40",
        "20:05"
    ],
    "url": "https://www.kanachu.co.jp/dia/diagram/timetable01_js/course:0000802987-1/node:00129335/kt:0/lname:/"
}
