{
    "date": "2025/08/04",
    "name": "大河原(相模原市中央区)",
    "position": "-",
    "system": "相31",
    "destinations": [
        "大山団地入口",
        "橋本十字路",
        "緑ヶ丘(相模原市緑区)",
        "金属工業団地(相模原市緑区)",
        "峡の原",
        "峡の原車庫"
    ],
    "weekday": [
        "11:20",
        "12:20",
        "13:00",
        "13:45",
        "14:20",
        "14:50",
        "15:45",
        "16:15",
        "17:00",
        "17:40",
        "18:25",
        "18:55",
        "19:40",
        "20:25",
        "21:40"
    ],
    "saturday": [
        "11:40",
        "12:30",
        "13:00",
        "13:30",
        "14:20",
        "14:40",
        "15:40",
        "16:15",
        "16:45",
        "17:30",
        "18:20",
        "19:00",
        "19:30",
        "20:45"
    ],
    "holiday": [
        "8:10",
        "8:45",
        "9:30",
        "10:20",
        "10:50",
        "11:30",
        "12:25",
        "12:50",
        "13:30",
        "14:20",
        "14:45",
        "15:45",
        "16:10",
        "16:55",
        "17:45",
        "18:20",
        "19:00",
        "19:45",
        "20:10"
    ],
    "url": "https://www.kanachu.co.jp/dia/diagram/timetable01_js/course:0000802987-4/node:00129099/kt:0/lname:/"
}
