{
    "date": "2025/08/04",
    "name": "橋本十字路",
    "position": "-",
    "system": "相31",
    "destinations": [
        "緑ヶ丘(相模原市緑区)",
        "金属工業団地(相模原市緑区)",
        "峡の原",
        "峡の原車庫"
    ],
    "weekday": [
        "11:22",
        "12:22",
        "13:02",
        "13:47",
        "14:22",
        "14:52",
        "15:47",
        "16:17",
        "17:02",
        "17:42",
        "18:27",
        "18:57",
        "19:42",
        "20:27",
        "21:42"
    ],
    "saturday": [
        "11:42",
        "12:32",
        "13:02",
        "13:32",
        "14:22",
        "14:42",
        "15:42",
        "16:17",
        "16:47",
        "17:32",
        "18:22",
        "19:02",
        "19:32",
        "20:47"
    ],
    "holiday": [
        "8:12",
        "8:47",
        "9:32",
        "10:22",
        "10:52",
        "11:32",
        "12:27",
        "12:52",
        "13:32",
        "14:22",
        "14:47",
        "15:47",
        "16:12",
        "16:57",
        "17:47",
        "18:22",
        "19:02",
        "19:47",
        "20:12"
    ],
    "url": "https://www.kanachu.co.jp/dia/diagram/timetable01_js/course:0000802987-6/node:00129222/kt:0/lname:/"
}
