{
    "date": "2025/08/04",
    "name": "金属工業団地(相模原市緑区)",
    "position": "-",
    "system": "相31",
    "destinations": [
        "峡の原",
        "峡の原車庫"
    ],
    "weekday": [
        "11:27",
        "12:27",
        "13:07",
        "13:52",
        "14:27",
        "14:57",
        "15:52",
        "16:22",
        "17:07",
        "17:47",
        "18:32",
        "19:02",
        "19:47",
        "20:32",
        "21:47"
    ],
    "saturday": [
        "11:47",
        "12:37",
        "13:07",
        "13:37",
        "14:27",
        "14:47",
        "15:47",
        "16:22",
        "16:52",
        "17:37",
        "18:27",
        "19:07",
        "19:37",
        "20:52"
    ],
    "holiday": [
        "8:17",
        "8:52",
        "9:37",
        "10:27",
        "10:57",
        "11:37",
        "12:32",
        "12:57",
        "13:37",
        "14:27",
        "14:52",
        "15:52",
        "16:17",
        "17:02",
        "17:52",
        "18:27",
        "19:07",
        "19:52",
        "20:17"
    ],
    "url": "https://www.kanachu.co.jp/dia/diagram/timetable01_js/course:0000802987-8/node:00129118/kt:0/lname:/"
}
