{
    "date": "2018/04/01",
    "name": "ららぽーと湘南平塚南",
    "position": "-",
    "system": "平11",
    "destinations": [
        "ららぽーと湘南平塚",
        "四ツ角(平塚市)",
        "平塚駅北口"
    ],
    "weekday": [
        "7:29",
        "7:53",
        "8:05",
        "8:20",
        "8:35",
        "8:50",
        "9:05",
        "9:20",
        "9:35",
        "9:50",
        "10:05",
        "10:20",
        "10:35",
        "10:50",
        "11:05",
        "11:20",
        "11:35",
        "11:50",
        "12:05",
        "12:20",
        "12:35",
        "12:50",
        "13:05",
        "13:20",
        "13:35",
        "13:50",
        "14:05",
        "14:20",
        "14:35",
        "14:50",
        "15:05",
        "15:20",
        "15:35",
        "15:50",
        "16:05",
        "16:20",
        "16:35",
        "16:50",
        "17:05",
        "17:20",
        "17:35",
        "17:50",
        "18:05",
        "18:20",
        "18:35",
        "18:50",
        "19:05",
        "19:20",
        "19:35",
        "19:50",
        "20:05",
        "20:20",
        "20:35",
        "20:50",
        "21:05",
        "21:35",
        "22:11"
    ],
    "saturday": [
        "7:29",
        "7:53",
        "8:05",
        "8:20",
        "8:35",
        "8:50",
        "9:05",
        "9:20",
        "9:35",
        "9:50",
        "10:05",
        "10:17",
        "10:29",
        "10:41",
        "10:53",
        "11:05",
        "11:17",
        "11:29",
        "11:41",
        "11:53",
        "12:05",
        "12:17",
        "12:29",
        "12:41",
        "12:53",
        "13:05",
        "13:17",
        "13:29",
        "13:41",
        "13:53",
        "14:05",
        "14:17",
        "14:29",
        "14:41",
        "14:53",
        "15:05",
        "15:17",
        "15:29",
        "15:41",
        "15:53",
        "16:05",
        "16:17",
        "16:29",
        "16:41",
        "16:53",
        "17:05",
        "17:17",
        "17:29",
        "17:41",
        "17:53",
        "18:05",
        "18:17",
        "18:29",
        "18:41",
        "18:53",
        "19:05",
        "19:20",
        "19:35",
        "19:50",
        "20:05",
        "20:20",
        "20:35",
        "20:50",
        "21:05",
        "21:35",
        "22:11"
    ],
    "holiday": [
        "7:29",
        "7:53",
        "8:05",
        "8:20",
        "8:35",
        "8:50",
        "9:05",
        "9:20",
        "9:35",
        "9:50",
        "10:05",
        "10:17",
        "10:29",
        "10:41",
        "10:53",
        "11:05",
        "11:17",
        "11:29",
        "11:41",
        "11:53",
        "12:05",
        "12:17",
        "12:29",
        "12:41",
        "12:53",
        "13:05",
        "13:17",
        "13:29",
        "13:41",
        "13:53",
        "14:05",
        "14:17",
        "14:29",
        "14:41",
        "14:53",
        "15:05",
        "15:17",
        "15:29",
        "15:41",
        "15:53",
        "16:05",
        "16:17",
        "16:29",
        "16:41",
        "16:53",
        "17:05",
        "17:17",
        "17:29",
        "17:41",
        "17:53",
        "18:05",
        "18:17",
        "18:29",
        "18:41",
        "18:53",
        "19:05",
        "19:20",
        "19:35",
        "19:50",
        "20:05",
        "20:20",
        "20:35",
        "20:50",
        "21:05",
        "21:35",
        "22:11"
    ],
    "url": "https://www.kanachu.co.jp/dia/diagram/timetable01_js/course:0000802353-2/node:00130408/kt:0/lname:/"
}
