{
    "date": "2025/04/01",
    "name": "千頭",
    "position": "-",
    "system": "厚22",
    "destinations": [
        "上千頭",
        "ゴルフ場入口(厚木市)",
        "小鮎久保",
        "光福寺(厚木市)",
        "飯盛山",
        "宮の里入口",
        "宮の里東",
        "宮の里センター",
        "宮の里(厚木市)",
        "宮の里入口",
        "飯盛山",
        "橋場(厚木市)",
        "飯山観音前",
        "尼寺(厚木市)",
        "志田原",
        "飯山温泉入口",
        "上飯山(厚木市)",
        "華厳橋",
        "舟沢",
        "上舟沢",
        "御門橋",
        "尾崎(愛甲郡清川村)",
        "別所温泉入口",
        "郵便局前(愛甲郡清川村)",
        "中里(愛甲郡清川村)",
        "公民館前(愛甲郡清川村)",
        "小学校前(愛甲郡清川村)",
        "清川村役場前",
        "煤ヶ谷",
        "古在家",
        "坂尻(愛甲郡清川村)",
        "柿ノ木平",
        "上煤ヶ谷"
    ],
    "weekday": [
        "22:43",
        "23:13"
    ],
    "saturday": [
        "22:32"
    ],
    "holiday": [
        "22:32"
    ],
    "url": "https://www.kanachu.co.jp/dia/diagram/timetable01_js/course:0000803802-10/node:00128402/kt:0/lname:/"
}
