{
    "date": "2025/08/30",
    "name": "不動坂(横浜市戸塚区)",
    "position": "-",
    "system": "戸01",
    "destinations": [
        "ブリヂストン前",
        "元町(横浜市戸塚区)",
        "矢部町",
        "戸塚駅東口"
    ],
    "weekday": [
        "7:02",
        "7:28"
    ],
    "saturday": [
        "7:00"
    ],
    "holiday": [
        "7:15"
    ],
    "url": "https://www.kanachu.co.jp/dia/diagram/timetable01_js/course:0000801157-18/node:00126613/kt:0/lname:/"
}
