{
    "date": "2025/04/01",
    "name": "木曽都営入口",
    "position": "-",
    "system": "町15",
    "destinations": [
        "桧台入口",
        "森野六丁目",
        "森野五丁目",
        "妙延寺(町田市)",
        "町田市役所市民ホール前",
        "町田バスセンター",
        "町田ターミナル"
    ],
    "weekday": [
        "9:11",
        "9:49",
        "10:50",
        "11:55",
        "12:55",
        "13:55",
        "14:55",
        "15:55",
        "18:50",
        "19:52",
        "20:28"
    ],
    "saturday": [
        "9:42",
        "10:42",
        "11:49",
        "12:19",
        "12:47",
        "13:17",
        "13:55",
        "14:55",
        "15:55",
        "16:46",
        "17:16",
        "17:46",
        "18:46",
        "19:43",
        "20:43"
    ],
    "holiday": [
        "10:00",
        "10:44",
        "11:53",
        "12:17",
        "12:53",
        "13:17",
        "13:53",
        "14:45",
        "15:44",
        "16:44",
        "17:16",
        "17:44",
        "18:40",
        "19:42",
        "20:42"
    ],
    "url": "https://www.kanachu.co.jp/dia/diagram/timetable01_js/course:0000803198-12/node:00129379/kt:0/lname:/"
}
