{
    "date": "2024/09/02",
    "name": "鳥が丘中央",
    "position": "-",
    "system": "戸90",
    "destinations": [
        "鳥が丘第一公園",
        "領家中学校前",
        "領家三丁目(横浜市泉区)",
        "領家一丁目(横浜市泉区)",
        "諏訪久保",
        "上矢部地区センター前",
        "戸塚工業団地",
        "上矢部高校",
        "鳥が丘第一公園",
        "鳥が丘中央",
        "道祖神前(横浜市戸塚区)",
        "谷矢部中央",
        "来迎寺(横浜市戸塚区)",
        "柳作東",
        "蔵坪",
        "戸塚駅"
    ],
    "weekday": [
        "14:18",
        "14:42",
        "15:06",
        "15:30",
        "15:54",
        "16:16",
        "16:36",
        "16:56",
        "17:06",
        "17:21",
        "17:28",
        "17:43",
        "17:51",
        "18:06",
        "18:21",
        "18:28",
        "18:41",
        "18:47",
        "19:00",
        "19:07",
        "19:58",
        "21:12",
        "21:52",
        "22:34"
    ],
    "saturday": [
        "14:16",
        "14:51",
        "15:21",
        "15:51",
        "16:18",
        "16:30",
        "16:54",
        "17:18",
        "17:30",
        "17:54",
        "18:18",
        "18:30",
        "18:54",
        "20:11",
        "20:51",
        "21:12"
    ],
    "holiday": [
        "14:16",
        "14:51",
        "15:21",
        "15:51",
        "16:21",
        "16:51",
        "17:21",
        "17:51",
        "18:06",
        "20:11",
        "20:51",
        "21:12"
    ],
    "url": "https://www.kanachu.co.jp/dia/diagram/timetable01_js/course:0000800609-7/node:00126859/kt:0/lname:/"
}
