{
    "date": "2024/09/02",
    "name": "領家中学校前",
    "position": "-",
    "system": "戸90",
    "destinations": [
        "領家三丁目(横浜市泉区)",
        "領家一丁目(横浜市泉区)",
        "諏訪久保",
        "上矢部地区センター前",
        "戸塚工業団地",
        "上矢部高校",
        "鳥が丘第一公園",
        "鳥が丘中央",
        "道祖神前(横浜市戸塚区)",
        "谷矢部中央",
        "来迎寺(横浜市戸塚区)",
        "柳作東",
        "蔵坪",
        "戸塚駅"
    ],
    "weekday": [
        "14:21",
        "14:45",
        "15:09",
        "15:33",
        "15:57",
        "16:19",
        "16:39",
        "16:59",
        "17:09",
        "17:24",
        "17:31",
        "17:46",
        "17:54",
        "18:09",
        "18:24",
        "18:31",
        "18:44",
        "18:50",
        "19:03",
        "19:10",
        "20:01",
        "21:15",
        "21:55",
        "22:37"
    ],
    "saturday": [
        "14:19",
        "14:54",
        "15:24",
        "15:54",
        "16:21",
        "16:33",
        "16:57",
        "17:21",
        "17:33",
        "17:57",
        "18:21",
        "18:33",
        "18:57",
        "20:14",
        "20:54",
        "21:15"
    ],
    "holiday": [
        "14:19",
        "14:54",
        "15:24",
        "15:54",
        "16:24",
        "16:54",
        "17:24",
        "17:54",
        "18:09",
        "20:14",
        "20:54",
        "21:15"
    ],
    "url": "https://www.kanachu.co.jp/dia/diagram/timetable01_js/course:0000800609-9/node:00126710/kt:0/lname:/"
}
