{
    "date": "2024/09/02",
    "name": "領家三丁目(横浜市泉区)",
    "position": "-",
    "system": "戸90",
    "destinations": [
        "領家一丁目(横浜市泉区)",
        "諏訪久保",
        "上矢部地区センター前",
        "戸塚工業団地",
        "上矢部高校",
        "鳥が丘第一公園",
        "鳥が丘中央",
        "道祖神前(横浜市戸塚区)",
        "谷矢部中央",
        "来迎寺(横浜市戸塚区)",
        "柳作東",
        "蔵坪",
        "戸塚駅"
    ],
    "weekday": [
        "14:23",
        "14:47",
        "15:11",
        "15:35",
        "15:59",
        "16:21",
        "16:41",
        "17:01",
        "17:11",
        "17:26",
        "17:33",
        "17:48",
        "17:56",
        "18:11",
        "18:26",
        "18:33",
        "18:46",
        "18:52",
        "19:05",
        "19:12",
        "20:03",
        "21:17",
        "21:57",
        "22:39"
    ],
    "saturday": [
        "14:21",
        "14:56",
        "15:26",
        "15:56",
        "16:23",
        "16:35",
        "16:59",
        "17:23",
        "17:35",
        "17:59",
        "18:23",
        "18:35",
        "18:59",
        "20:16",
        "20:56",
        "21:17"
    ],
    "holiday": [
        "14:21",
        "14:56",
        "15:26",
        "15:56",
        "16:26",
        "16:56",
        "17:26",
        "17:56",
        "18:11",
        "20:16",
        "20:56",
        "21:17"
    ],
    "url": "https://www.kanachu.co.jp/dia/diagram/timetable01_js/course:0000800609-10/node:00126713/kt:0/lname:/"
}
