{
    "date": "2024/09/02",
    "name": "諏訪久保",
    "position": "-",
    "system": "戸90",
    "destinations": [
        "上矢部地区センター前",
        "戸塚工業団地",
        "上矢部高校",
        "鳥が丘第一公園",
        "鳥が丘中央",
        "道祖神前(横浜市戸塚区)",
        "谷矢部中央",
        "来迎寺(横浜市戸塚区)",
        "柳作東",
        "蔵坪",
        "戸塚駅"
    ],
    "weekday": [
        "14:26",
        "14:50",
        "15:14",
        "15:38",
        "16:02",
        "16:24",
        "16:44",
        "17:04",
        "17:14",
        "17:29",
        "17:36",
        "17:51",
        "17:59",
        "18:14",
        "18:29",
        "18:36",
        "18:49",
        "18:55",
        "19:08",
        "19:15",
        "20:06",
        "21:20",
        "22:00",
        "22:42"
    ],
    "saturday": [
        "14:24",
        "14:59",
        "15:29",
        "15:59",
        "16:26",
        "16:38",
        "17:02",
        "17:26",
        "17:38",
        "18:02",
        "18:26",
        "18:38",
        "19:02",
        "20:19",
        "20:59",
        "21:20"
    ],
    "holiday": [
        "14:24",
        "14:59",
        "15:29",
        "15:59",
        "16:29",
        "16:59",
        "17:29",
        "17:59",
        "18:14",
        "20:19",
        "20:59",
        "21:20"
    ],
    "url": "https://www.kanachu.co.jp/dia/diagram/timetable01_js/course:0000800609-12/node:00126903/kt:0/lname:/"
}
