{
    "date": "2024/09/02",
    "name": "上矢部地区センター前",
    "position": "-",
    "system": "戸90",
    "destinations": [
        "戸塚工業団地",
        "上矢部高校",
        "鳥が丘第一公園",
        "鳥が丘中央",
        "道祖神前(横浜市戸塚区)",
        "谷矢部中央",
        "来迎寺(横浜市戸塚区)",
        "柳作東",
        "蔵坪",
        "戸塚駅"
    ],
    "weekday": [
        "14:28",
        "14:52",
        "15:16",
        "15:40",
        "16:04",
        "16:26",
        "16:46",
        "17:06",
        "17:16",
        "17:31",
        "17:38",
        "17:53",
        "18:01",
        "18:16",
        "18:31",
        "18:38",
        "18:51",
        "18:57",
        "19:10",
        "19:17",
        "20:08",
        "21:22",
        "22:02",
        "22:44"
    ],
    "saturday": [
        "14:26",
        "15:01",
        "15:31",
        "16:01",
        "16:28",
        "16:40",
        "17:04",
        "17:28",
        "17:40",
        "18:04",
        "18:28",
        "18:40",
        "19:04",
        "20:21",
        "21:01",
        "21:22"
    ],
    "holiday": [
        "14:26",
        "15:01",
        "15:31",
        "16:01",
        "16:31",
        "17:01",
        "17:31",
        "18:01",
        "18:16",
        "20:21",
        "21:01",
        "21:22"
    ],
    "url": "https://www.kanachu.co.jp/dia/diagram/timetable01_js/course:0000800609-13/node:00126708/kt:0/lname:/"
}
