{
    "date": "2024/09/02",
    "name": "戸塚工業団地",
    "position": "-",
    "system": "戸90",
    "destinations": [
        "上矢部高校",
        "鳥が丘第一公園",
        "鳥が丘中央",
        "道祖神前(横浜市戸塚区)",
        "谷矢部中央",
        "来迎寺(横浜市戸塚区)",
        "柳作東",
        "蔵坪",
        "戸塚駅"
    ],
    "weekday": [
        "14:29",
        "14:53",
        "15:17",
        "15:41",
        "16:05",
        "16:27",
        "16:47",
        "17:07",
        "17:17",
        "17:32",
        "17:39",
        "17:54",
        "18:02",
        "18:17",
        "18:32",
        "18:39",
        "18:52",
        "18:58",
        "19:11",
        "19:18",
        "20:09",
        "21:23",
        "22:03",
        "22:45"
    ],
    "saturday": [
        "14:27",
        "15:02",
        "15:32",
        "16:02",
        "16:29",
        "16:41",
        "17:05",
        "17:29",
        "17:41",
        "18:05",
        "18:29",
        "18:41",
        "19:05",
        "20:22",
        "21:02",
        "21:23"
    ],
    "holiday": [
        "14:27",
        "15:02",
        "15:32",
        "16:02",
        "16:32",
        "17:02",
        "17:32",
        "18:02",
        "18:17",
        "20:22",
        "21:02",
        "21:23"
    ],
    "url": "https://www.kanachu.co.jp/dia/diagram/timetable01_js/course:0000800609-14/node:00126886/kt:0/lname:/"
}
