{
    "date": "2024/09/02",
    "name": "谷矢部中央",
    "position": "-",
    "system": "戸90",
    "destinations": [
        "来迎寺(横浜市戸塚区)",
        "柳作東",
        "蔵坪",
        "戸塚駅"
    ],
    "weekday": [
        "14:35",
        "14:59",
        "15:23",
        "15:47",
        "16:11",
        "16:33",
        "16:53",
        "17:13",
        "17:23",
        "17:38",
        "17:45",
        "18:00",
        "18:08",
        "18:23",
        "18:38",
        "18:45",
        "18:58",
        "19:04",
        "19:17",
        "19:24",
        "20:15",
        "21:29",
        "22:09",
        "22:51"
    ],
    "saturday": [
        "14:33",
        "15:08",
        "15:38",
        "16:08",
        "16:35",
        "16:47",
        "17:11",
        "17:35",
        "17:47",
        "18:11",
        "18:35",
        "18:47",
        "19:11",
        "20:28",
        "21:08",
        "21:29"
    ],
    "holiday": [
        "14:33",
        "15:08",
        "15:38",
        "16:08",
        "16:38",
        "17:08",
        "17:38",
        "18:08",
        "18:23",
        "20:28",
        "21:08",
        "21:29"
    ],
    "url": "https://www.kanachu.co.jp/dia/diagram/timetable01_js/course:0000800609-19/node:00126901/kt:0/lname:/"
}
