{
    "date": "2024/09/02",
    "name": "来迎寺(横浜市戸塚区)",
    "position": "-",
    "system": "戸90",
    "destinations": [
        "柳作東",
        "蔵坪",
        "戸塚駅"
    ],
    "weekday": [
        "14:36",
        "15:00",
        "15:24",
        "15:48",
        "16:12",
        "16:34",
        "16:54",
        "17:14",
        "17:24",
        "17:39",
        "17:46",
        "18:01",
        "18:09",
        "18:24",
        "18:39",
        "18:46",
        "18:59",
        "19:05",
        "19:18",
        "19:25",
        "20:16",
        "21:30",
        "22:10",
        "22:52"
    ],
    "saturday": [
        "14:34",
        "15:09",
        "15:39",
        "16:09",
        "16:36",
        "16:48",
        "17:12",
        "17:36",
        "17:48",
        "18:12",
        "18:36",
        "18:48",
        "19:12",
        "20:29",
        "21:09",
        "21:30"
    ],
    "holiday": [
        "14:34",
        "15:09",
        "15:39",
        "16:09",
        "16:39",
        "17:09",
        "17:39",
        "18:09",
        "18:24",
        "20:29",
        "21:09",
        "21:30"
    ],
    "url": "https://www.kanachu.co.jp/dia/diagram/timetable01_js/course:0000800609-20/node:00126900/kt:0/lname:/"
}
