{
    "date": "2024/09/02",
    "name": "蔵坪",
    "position": "-",
    "system": "戸90",
    "destinations": [
        "戸塚駅"
    ],
    "weekday": [
        "14:38",
        "15:02",
        "15:26",
        "15:50",
        "16:14",
        "16:36",
        "16:56",
        "17:16",
        "17:26",
        "17:41",
        "17:48",
        "18:03",
        "18:11",
        "18:26",
        "18:41",
        "18:48",
        "19:01",
        "19:07",
        "19:20",
        "19:27",
        "20:18",
        "21:32",
        "22:12",
        "22:54"
    ],
    "saturday": [
        "14:36",
        "15:11",
        "15:41",
        "16:11",
        "16:38",
        "16:50",
        "17:14",
        "17:38",
        "17:50",
        "18:14",
        "18:38",
        "18:50",
        "19:14",
        "20:31",
        "21:11",
        "21:32"
    ],
    "holiday": [
        "14:36",
        "15:11",
        "15:41",
        "16:11",
        "16:41",
        "17:11",
        "17:41",
        "18:11",
        "18:26",
        "20:31",
        "21:11",
        "21:32"
    ],
    "url": "https://www.kanachu.co.jp/dia/diagram/timetable01_js/course:0000800609-22/node:00126899/kt:0/lname:/"
}
