{
    "date": "2024/09/02",
    "name": "親善病院前",
    "position": "-",
    "system": "戸39",
    "destinations": [
        "西が岡一丁目",
        "福祉センター前(横浜市泉区)",
        "西が岡三丁目",
        "白百合台団地",
        "金堀谷",
        "領家谷",
        "西林寺入口",
        "岡津",
        "下岡津",
        "日の森",
        "上矢部",
        "上矢部インター",
        "富士橋",
        "不動坂(横浜市戸塚区)",
        "ブリヂストン前",
        "元町(横浜市戸塚区)",
        "戸塚駅西口",
        "戸塚バスセンター"
    ],
    "weekday": [
        "5:52",
        "6:12",
        "6:33",
        "6:48",
        "7:05",
        "7:25",
        "7:42",
        "8:17",
        "8:57",
        "9:44",
        "10:20",
        "10:56",
        "11:44",
        "12:20",
        "12:44",
        "13:20",
        "13:44",
        "14:20",
        "14:44",
        "15:16",
        "15:36",
        "16:05",
        "16:44",
        "17:02",
        "17:14",
        "17:32",
        "17:44",
        "18:02",
        "18:14",
        "18:32",
        "18:49",
        "19:14",
        "20:07",
        "21:07",
        "21:55",
        "22:43"
    ],
    "saturday": [
        "6:18",
        "7:01",
        "7:19",
        "7:36",
        "8:02",
        "8:22",
        "9:02",
        "9:22",
        "10:02",
        "10:22",
        "10:56",
        "11:20",
        "11:56",
        "12:20",
        "12:56",
        "13:20",
        "13:56",
        "14:20",
        "14:56",
        "15:20",
        "16:03",
        "16:42",
        "17:08",
        "17:42",
        "17:57",
        "18:42",
        "19:09",
        "19:44",
        "20:16",
        "21:23"
    ],
    "holiday": [
        "6:24",
        "6:53",
        "7:20",
        "7:56",
        "8:20",
        "9:02",
        "9:22",
        "10:02",
        "10:22",
        "10:56",
        "11:20",
        "12:17",
        "13:17",
        "14:18",
        "14:57",
        "15:21",
        "16:09",
        "16:42",
        "17:08",
        "17:42",
        "17:57",
        "18:42",
        "19:21",
        "20:16",
        "21:23"
    ],
    "url": "https://www.kanachu.co.jp/dia/diagram/timetable01_js/course:0000803564-2/node:00126697/kt:0/lname:/"
}
