{
    "date": "2024/09/02",
    "name": "岡津",
    "position": "-",
    "system": "戸39",
    "destinations": [
        "下岡津",
        "日の森",
        "上矢部",
        "上矢部インター",
        "富士橋",
        "不動坂(横浜市戸塚区)",
        "ブリヂストン前",
        "元町(横浜市戸塚区)",
        "戸塚駅西口",
        "戸塚バスセンター"
    ],
    "weekday": [
        "6:01",
        "6:21",
        "6:42",
        "6:57",
        "7:14",
        "7:34",
        "7:51",
        "8:26",
        "9:06",
        "9:53",
        "10:29",
        "11:05",
        "11:53",
        "12:29",
        "12:53",
        "13:29",
        "13:53",
        "14:29",
        "14:53",
        "15:25",
        "15:45",
        "16:14",
        "16:53",
        "17:11",
        "17:23",
        "17:41",
        "17:53",
        "18:11",
        "18:23",
        "18:41",
        "18:58",
        "19:23",
        "20:16",
        "21:16",
        "22:04",
        "22:52"
    ],
    "saturday": [
        "6:27",
        "7:10",
        "7:28",
        "7:45",
        "8:11",
        "8:31",
        "9:11",
        "9:31",
        "10:11",
        "10:31",
        "11:05",
        "11:29",
        "12:05",
        "12:29",
        "13:05",
        "13:29",
        "14:05",
        "14:29",
        "15:05",
        "15:29",
        "16:12",
        "16:51",
        "17:17",
        "17:51",
        "18:06",
        "18:51",
        "19:18",
        "19:53",
        "20:25",
        "21:32"
    ],
    "holiday": [
        "6:33",
        "7:02",
        "7:29",
        "8:05",
        "8:29",
        "9:11",
        "9:31",
        "10:11",
        "10:31",
        "11:05",
        "11:29",
        "12:26",
        "13:26",
        "14:27",
        "15:06",
        "15:30",
        "16:18",
        "16:51",
        "17:17",
        "17:51",
        "18:06",
        "18:51",
        "19:30",
        "20:25",
        "21:32"
    ],
    "url": "https://www.kanachu.co.jp/dia/diagram/timetable01_js/course:0000803564-10/node:00126673/kt:0/lname:/"
}
