{
    "date": "2024/09/02",
    "name": "元町(横浜市戸塚区)",
    "position": "-",
    "system": "戸39",
    "destinations": [
        "戸塚駅西口",
        "戸塚バスセンター"
    ],
    "weekday": [
        "6:12",
        "6:32",
        "6:53",
        "7:13",
        "7:33",
        "7:53",
        "8:09",
        "8:43",
        "9:23",
        "10:10",
        "10:46",
        "11:22",
        "12:10",
        "12:46",
        "13:10",
        "13:46",
        "14:10",
        "14:46",
        "15:10",
        "15:42",
        "16:02",
        "16:31",
        "17:10",
        "17:28",
        "17:40",
        "17:58",
        "18:10",
        "18:28",
        "18:40",
        "18:58",
        "19:15",
        "19:40",
        "20:28",
        "21:28",
        "22:16",
        "23:04"
    ],
    "saturday": [
        "6:37",
        "7:25",
        "7:43",
        "8:00",
        "8:26",
        "8:46",
        "9:26",
        "9:46",
        "10:26",
        "10:46",
        "11:20",
        "11:44",
        "12:20",
        "12:44",
        "13:20",
        "13:44",
        "14:21",
        "14:45",
        "15:21",
        "15:45",
        "16:28",
        "17:07",
        "17:33",
        "18:07",
        "18:21",
        "19:06",
        "19:33",
        "20:06",
        "20:35",
        "21:42"
    ],
    "holiday": [
        "6:43",
        "7:17",
        "7:44",
        "8:20",
        "8:44",
        "9:26",
        "9:46",
        "10:26",
        "10:46",
        "11:20",
        "11:44",
        "12:41",
        "13:41",
        "14:43",
        "15:22",
        "15:46",
        "16:34",
        "17:07",
        "17:33",
        "18:07",
        "18:21",
        "19:06",
        "19:45",
        "20:35",
        "21:42"
    ],
    "url": "https://www.kanachu.co.jp/dia/diagram/timetable01_js/course:0000803564-18/node:00126611/kt:0/lname:/"
}
