{
    "date": "2025/03/15",
    "name": "辻堂駅南口",
    "position": "-",
    "system": "辻14",
    "destinations": [
        "辻堂駅西口",
        "浜竹",
        "保育園前(茅ヶ崎市)",
        "松浪小学校前",
        "美住町",
        "ひばりが丘(茅ケ崎市)",
        "桜道(茅ケ崎市)",
        "若松町(茅ケ崎市)"
    ],
    "weekday": [
        "19:50"
    ],
    "saturday": [
        "19:50",
        "22:05"
    ],
    "holiday": [
        "19:50",
        "22:05"
    ],
    "url": "https://www.kanachu.co.jp/dia/diagram/timetable01_js/course:0000802923-1/node:00127111/kt:0/lname:/"
}
