{
    "date": "2024/09/02",
    "name": "富士見通り商店街",
    "position": "-",
    "system": "境01",
    "destinations": [
        "富士見台(横浜市瀬谷区)",
        "住宅前(横浜市瀬谷区)",
        "旭ヶ丘(横浜市瀬谷区)",
        "上阿久和",
        "谷戸阿久和",
        "宮の腰(横浜市瀬谷区)",
        "阿久和",
        "阿久和坂上",
        "阿久和山谷",
        "柳明",
        "遊水池前(横浜市泉区)",
        "ひなた山",
        "上飯田車庫"
    ],
    "weekday": [
        "17:57",
        "18:29"
    ],
    "saturday": [
        "17:01",
        "21:49"
    ],
    "holiday": [
        "16:01",
        "17:01",
        "21:49"
    ],
    "url": "https://www.kanachu.co.jp/dia/diagram/timetable01_js/course:0000801766-3/node:00126705/kt:0/lname:/"
}
