{
    "date": "2024/09/02",
    "name": "住宅前(横浜市瀬谷区)",
    "position": "-",
    "system": "境01",
    "destinations": [
        "旭ヶ丘(横浜市瀬谷区)",
        "上阿久和",
        "谷戸阿久和",
        "宮の腰(横浜市瀬谷区)",
        "阿久和",
        "阿久和坂上",
        "阿久和山谷",
        "柳明",
        "遊水池前(横浜市泉区)",
        "ひなた山",
        "上飯田車庫"
    ],
    "weekday": [
        "17:59",
        "18:31"
    ],
    "saturday": [
        "17:03",
        "21:51"
    ],
    "holiday": [
        "16:03",
        "17:03",
        "21:51"
    ],
    "url": "https://www.kanachu.co.jp/dia/diagram/timetable01_js/course:0000801766-5/node:00126703/kt:0/lname:/"
}
