{
    "date": "2024/09/02",
    "name": "旭ヶ丘(横浜市瀬谷区)",
    "position": "-",
    "system": "境01",
    "destinations": [
        "上阿久和",
        "谷戸阿久和",
        "宮の腰(横浜市瀬谷区)",
        "阿久和",
        "阿久和坂上",
        "阿久和山谷",
        "柳明",
        "遊水池前(横浜市泉区)",
        "ひなた山",
        "上飯田車庫"
    ],
    "weekday": [
        "18:00",
        "18:32"
    ],
    "saturday": [
        "17:05",
        "21:52"
    ],
    "holiday": [
        "16:05",
        "17:05",
        "21:52"
    ],
    "url": "https://www.kanachu.co.jp/dia/diagram/timetable01_js/course:0000801766-6/node:00126685/kt:0/lname:/"
}
