{
    "date": "2024/09/02",
    "name": "宮の腰(横浜市瀬谷区)",
    "position": "-",
    "system": "境01",
    "destinations": [
        "阿久和",
        "阿久和坂上",
        "阿久和山谷",
        "柳明",
        "遊水池前(横浜市泉区)",
        "ひなた山",
        "上飯田車庫"
    ],
    "weekday": [
        "18:03",
        "18:35"
    ],
    "saturday": [
        "17:08",
        "21:55"
    ],
    "holiday": [
        "16:08",
        "17:08",
        "21:55"
    ],
    "url": "https://www.kanachu.co.jp/dia/diagram/timetable01_js/course:0000801766-9/node:00126682/kt:0/lname:/"
}
