{
    "date": "2025/11/16",
    "name": "新横浜駅前",
    "position": "-",
    "system": "131",
    "destinations": [
        "又口橋",
        "港神境",
        "菅田町入口",
        "八反橋",
        "三枚町",
        "生花市場前",
        "羽沢横浜国大駅前",
        "高山(横浜市神奈川区)",
        "羽沢南",
        "池の谷戸(横浜市保土ケ谷区)",
        "川島住宅"
    ],
    "weekday": [
        "20:24"
    ],
    "saturday": [
        "20:05"
    ],
    "holiday": [
        "20:05"
    ],
    "url": "https://www.kanachu.co.jp/dia/diagram/timetable01_js/course:0000802569-1/node:00019632/kt:0/lname:/"
}
