{
    "date": "2024/09/02",
    "name": "汲沢中央",
    "position": "-",
    "system": "戸53",
    "destinations": [
        "汲沢団地"
    ],
    "weekday": [
        "6:43",
        "7:18",
        "7:37",
        "7:52",
        "8:10",
        "8:42",
        "9:12",
        "9:40",
        "10:12",
        "10:42",
        "11:12",
        "11:42",
        "12:12",
        "12:42",
        "13:12",
        "13:42",
        "14:12",
        "14:42",
        "15:12",
        "15:42",
        "16:13",
        "16:43",
        "17:13",
        "17:43",
        "18:13",
        "18:32",
        "18:52",
        "19:13",
        "19:43",
        "20:12",
        "20:42",
        "21:22",
        "22:02",
        "22:47"
    ],
    "saturday": [
        "8:28",
        "8:47",
        "9:07",
        "9:37",
        "10:07",
        "10:37",
        "11:07",
        "11:37",
        "12:07",
        "12:37",
        "13:07",
        "13:37",
        "14:07",
        "14:37",
        "15:07",
        "15:37",
        "16:07",
        "16:37",
        "17:07",
        "17:37",
        "18:07",
        "18:37",
        "19:07",
        "19:37",
        "20:07",
        "20:37",
        "21:07",
        "21:47"
    ],
    "holiday": [
        "8:27",
        "8:47",
        "9:07",
        "9:37",
        "10:07",
        "10:37",
        "11:07",
        "11:37",
        "12:07",
        "12:37",
        "13:07",
        "13:37",
        "14:07",
        "14:37",
        "15:07",
        "15:37",
        "16:07",
        "16:37",
        "17:07",
        "17:37",
        "18:07",
        "18:37",
        "19:07",
        "19:37",
        "20:07",
        "20:37",
        "21:17"
    ],
    "url": "https://www.kanachu.co.jp/dia/diagram/timetable01_js/course:0000803556-7/node:00126884/kt:0/lname:/"
}
