{
    "system": "戸53",
    "busstops": [
        {
            "index": "1",
            "id": "00126775",
            "name": "戸塚バスセンター",
            "lat": "35.400443",
            "lng": "139.532184"
        },
        {
            "index": "2",
            "id": "00126776",
            "name": "矢沢(横浜市戸塚区)",
            "lat": "35.400826",
            "lng": "139.528126"
        },
        {
            "index": "3",
            "id": "00126862",
            "name": "アザリエ団地入口",
            "lat": "35.40122",
            "lng": "139.526243"
        },
        {
            "index": "4",
            "id": "00126777",
            "name": "日産前(横浜市戸塚区)",
            "lat": "35.403281",
            "lng": "139.522831"
        },
        {
            "index": "5",
            "id": "00126882",
            "name": "汲沢団地入口",
            "lat": "35.402195",
            "lng": "139.520826"
        },
        {
            "index": "6",
            "id": "00126883",
            "name": "戸塚高校前",
            "lat": "35.401148",
            "lng": "139.519673"
        },
        {
            "index": "7",
            "id": "00126884",
            "name": "汲沢中央",
            "lat": "35.398314",
            "lng": "139.518882"
        },
        {
            "index": "8",
            "id": "00126885",
            "name": "汲沢団地",
            "lat": "35.397221",
            "lng": "139.517341"
        }
    ],
    "route_url": "https://www.kanachu.co.jp/dia/route/index/cid:0000803556/"
}
