{
    "system": "町83",
    "busstops": [
        {
            "index": "1",
            "id": "00129557",
            "name": "つくし野駅",
            "lat": "35.527531",
            "lng": "139.484484"
        },
        {
            "index": "2",
            "id": "00129556",
            "name": "つくし野小学校",
            "lat": "35.525182",
            "lng": "139.483847"
        },
        {
            "index": "3",
            "id": "00129564",
            "name": "つくし野二丁目(町田市)",
            "lat": "35.523141",
            "lng": "139.482091"
        },
        {
            "index": "4",
            "id": "00129555",
            "name": "小川中央",
            "lat": "35.523931",
            "lng": "139.48034"
        },
        {
            "index": "5",
            "id": "00129554",
            "name": "柳谷戸",
            "lat": "35.524935",
            "lng": "139.47615"
        },
        {
            "index": "6",
            "id": "00129553",
            "name": "小川入口(町田市)",
            "lat": "35.522174",
            "lng": "139.471236"
        },
        {
            "index": "7",
            "id": "00129535",
            "name": "町谷原",
            "lat": "35.522717",
            "lng": "139.46941"
        },
        {
            "index": "8",
            "id": "00129536",
            "name": "南農協前",
            "lat": "35.52409",
            "lng": "139.467934"
        },
        {
            "index": "9",
            "id": "00129537",
            "name": "金森四丁目",
            "lat": "35.525319",
            "lng": "139.466548"
        },
        {
            "index": "10",
            "id": "00129538",
            "name": "南中学校前(町田市)",
            "lat": "35.527808",
            "lng": "139.463898"
        },
        {
            "index": "11",
            "id": "00129539",
            "name": "市営住宅入口(町田市)",
            "lat": "35.529742",
            "lng": "139.46227"
        },
        {
            "index": "12",
            "id": "00129540",
            "name": "金森",
            "lat": "35.532023",
            "lng": "139.461258"
        },
        {
            "index": "13",
            "id": "00129541",
            "name": "金森郵便局前",
            "lat": "35.533804",
            "lng": "139.459644"
        },
        {
            "index": "14",
            "id": "00129542",
            "name": "南橋(町田市)",
            "lat": "35.536445",
            "lng": "139.455972"
        },
        {
            "index": "15",
            "id": "00129543",
            "name": "三塚",
            "lat": "35.538169",
            "lng": "139.453914"
        },
        {
            "index": "16",
            "id": "00129545",
            "name": "町田ターミナル前",
            "lat": "35.540847",
            "lng": "139.448655"
        },
        {
            "index": "17",
            "id": "00025625",
            "name": "町田バスセンター",
            "lat": "35.542707",
            "lng": "139.445092"
        }
    ],
    "route_url": "https://www.kanachu.co.jp/dia/route/index/cid:0000803203/"
}
