{
    "date": "2025/10/20",
    "name": "一の関",
    "position": "-",
    "system": "間10",
    "destinations": [
        "大和小学校前",
        "島津入口",
        "深見(大和市)",
        "遊園地前(大和市)",
        "四ツ角(大和市)",
        "大和駅西口"
    ],
    "weekday": [
        "7:16",
        "7:46",
        "8:44",
        "9:46",
        "10:51",
        "11:41",
        "12:31",
        "13:19",
        "14:26",
        "15:16",
        "15:56",
        "16:46",
        "17:36",
        "18:26",
        "19:16",
        "20:07"
    ],
    "saturday": [
        "8:05",
        "8:48",
        "9:36",
        "10:16",
        "11:03",
        "11:56",
        "12:46",
        "13:36",
        "14:26",
        "15:14",
        "16:14",
        "17:14",
        "18:14",
        "19:14"
    ],
    "holiday": [
        "8:05",
        "8:48",
        "9:36",
        "10:16",
        "11:03",
        "11:56",
        "12:46",
        "13:36",
        "14:26",
        "15:14",
        "16:14",
        "17:14",
        "18:14",
        "19:13"
    ],
    "url": "https://www.kanachu.co.jp/dia/diagram/timetable01_js/course:0000803909-5/node:00129646/kt:0/lname:/"
}
