{
    "date": "2025/10/20",
    "name": "遊園地前(大和市)",
    "position": "-",
    "system": "間10",
    "destinations": [
        "四ツ角(大和市)",
        "大和駅西口"
    ],
    "weekday": [
        "7:22",
        "7:52",
        "8:50",
        "9:52",
        "10:57",
        "11:47",
        "12:37",
        "13:25",
        "14:32",
        "15:22",
        "16:02",
        "16:52",
        "17:42",
        "18:32",
        "19:22",
        "20:13"
    ],
    "saturday": [
        "8:11",
        "8:54",
        "9:43",
        "10:23",
        "11:10",
        "12:03",
        "12:53",
        "13:43",
        "14:33",
        "15:21",
        "16:21",
        "17:21",
        "18:21",
        "19:21"
    ],
    "holiday": [
        "8:11",
        "8:54",
        "9:43",
        "10:23",
        "11:10",
        "12:03",
        "12:53",
        "13:43",
        "14:33",
        "15:21",
        "16:21",
        "17:21",
        "18:21",
        "19:19"
    ],
    "url": "https://www.kanachu.co.jp/dia/diagram/timetable01_js/course:0000803909-9/node:00129650/kt:0/lname:/"
}
