{
    "date": "2025/11/16",
    "name": "伊勢原駅北口",
    "position": "-",
    "system": "伊54",
    "destinations": [
        "本町(伊勢原市)",
        "大神宮前",
        "板戸",
        "八雲神社前(伊勢原市)",
        "白根",
        "白根公民館前",
        "団地北(伊勢原市)",
        "伊勢原車庫"
    ],
    "weekday": [
        "8:05",
        "16:50",
        "18:45",
        "19:45",
        "20:15",
        "21:15"
    ],
    "saturday": [
        "21:05"
    ],
    "holiday": [
        "21:05"
    ],
    "url": "https://www.kanachu.co.jp/dia/diagram/timetable01_js/course:0000800423-1/node:00128127/kt:0/lname:/"
}
