{
    "date": "2025/11/16",
    "name": "八雲神社前(伊勢原市)",
    "position": "-",
    "system": "伊54",
    "destinations": [
        "白根",
        "白根公民館前",
        "団地北(伊勢原市)",
        "伊勢原車庫"
    ],
    "weekday": [
        "8:10",
        "16:55",
        "18:50",
        "19:50",
        "20:20",
        "21:20"
    ],
    "saturday": [
        "21:10"
    ],
    "holiday": [
        "21:10"
    ],
    "url": "https://www.kanachu.co.jp/dia/diagram/timetable01_js/course:0000800423-5/node:00128131/kt:0/lname:/"
}
