{
    "system": "伊54",
    "busstops": [
        {
            "index": "1",
            "id": "00128127",
            "name": "伊勢原駅北口",
            "lat": "35.395601",
            "lng": "139.312514"
        },
        {
            "index": "2",
            "id": "00128128",
            "name": "本町(伊勢原市)",
            "lat": "35.397702",
            "lng": "139.308101"
        },
        {
            "index": "3",
            "id": "00128129",
            "name": "大神宮前",
            "lat": "35.398789",
            "lng": "139.305436"
        },
        {
            "index": "4",
            "id": "00128130",
            "name": "板戸",
            "lat": "35.399922",
            "lng": "139.302252"
        },
        {
            "index": "5",
            "id": "00128131",
            "name": "八雲神社前(伊勢原市)",
            "lat": "35.399315",
            "lng": "139.300489"
        },
        {
            "index": "6",
            "id": "00128132",
            "name": "白根",
            "lat": "35.398104",
            "lng": "139.29601"
        },
        {
            "index": "7",
            "id": "00128133",
            "name": "白根公民館前",
            "lat": "35.397554",
            "lng": "139.293999"
        },
        {
            "index": "8",
            "id": "00128142",
            "name": "団地北(伊勢原市)",
            "lat": "35.395324",
            "lng": "139.292027"
        },
        {
            "index": "9",
            "id": "00128141",
            "name": "伊勢原車庫",
            "lat": "35.393474",
            "lng": "139.293792"
        }
    ],
    "route_url": "https://www.kanachu.co.jp/dia/route/index/cid:0000800423/"
}
