{
    "date": "2018/03/17",
    "name": "藤沢駅北口",
    "position": "-",
    "system": "藤21",
    "destinations": [
        "一本松(藤沢市)",
        "日本精工前",
        "神明町(藤沢市)",
        "ヤクルト前",
        "ソニー前(藤沢市)",
        "高山車庫",
        "ソニー前(藤沢市)",
        "新町三丁目(藤沢市)",
        "新町二丁目(藤沢市)",
        "新町一丁目(藤沢市)",
        "辻堂駅北口",
        "辻堂駅西口",
        "東小和田",
        "小和田小学校",
        "幼稚園前(茅ケ崎市)",
        "菱沼団地入口",
        "菱沼二丁目",
        "松林",
        "松林二丁目",
        "室田一丁目",
        "室田小学校入口",
        "室田",
        "高田三丁目",
        "ニュータウン中央(茅ケ崎市)",
        "ニュータウン入口(茅ケ崎市)",
        "市立病院(茅ケ崎市)",
        "本村五丁目",
        "本村(茅ケ崎市)",
        "茅ヶ崎駅"
    ],
    "weekday": [
        "6:27",
        "7:32",
        "8:11",
        "8:52",
        "9:28",
        "10:43",
        "11:13",
        "12:02",
        "12:33",
        "14:05",
        "14:52",
        "15:25",
        "16:15",
        "17:02",
        "17:46",
        "18:13",
        "18:53",
        "19:46",
        "21:01",
        "22:03"
    ],
    "saturday": [
        "8:17",
        "8:50",
        "9:25",
        "10:02",
        "10:40",
        "11:25",
        "12:08",
        "12:48",
        "13:41",
        "14:24",
        "15:14",
        "15:55",
        "16:42",
        "17:26",
        "18:22",
        "19:02",
        "19:37",
        "20:17"
    ],
    "holiday": [
        "8:17",
        "8:50",
        "9:25",
        "10:02",
        "10:40",
        "11:25",
        "12:08",
        "12:48",
        "13:41",
        "14:24",
        "15:14",
        "15:55",
        "16:42",
        "17:26",
        "18:22",
        "19:02",
        "19:37",
        "20:17"
    ],
    "url": "https://www.kanachu.co.jp/dia/diagram/timetable01_js/course:0000802642-1/node:00126970/kt:0/lname:/"
}
