{
    "date": "2018/03/17",
    "name": "ヤクルト前",
    "position": "-",
    "system": "藤21",
    "destinations": [
        "ソニー前(藤沢市)",
        "高山車庫",
        "ソニー前(藤沢市)",
        "新町三丁目(藤沢市)",
        "新町二丁目(藤沢市)",
        "新町一丁目(藤沢市)",
        "辻堂駅北口",
        "辻堂駅西口",
        "東小和田",
        "小和田小学校",
        "幼稚園前(茅ケ崎市)",
        "菱沼団地入口",
        "菱沼二丁目",
        "松林",
        "松林二丁目",
        "室田一丁目",
        "室田小学校入口",
        "室田",
        "高田三丁目",
        "ニュータウン中央(茅ケ崎市)",
        "ニュータウン入口(茅ケ崎市)",
        "市立病院(茅ケ崎市)",
        "本村五丁目",
        "本村(茅ケ崎市)",
        "茅ヶ崎駅"
    ],
    "weekday": [
        "6:31",
        "7:36",
        "8:15",
        "8:56",
        "9:32",
        "10:47",
        "11:17",
        "12:06",
        "12:37",
        "14:09",
        "14:56",
        "15:29",
        "16:19",
        "17:06",
        "17:50",
        "18:17",
        "18:57",
        "19:50",
        "21:05",
        "22:07"
    ],
    "saturday": [
        "8:21",
        "8:54",
        "9:29",
        "10:06",
        "10:44",
        "11:29",
        "12:12",
        "12:52",
        "13:45",
        "14:28",
        "15:18",
        "15:59",
        "16:46",
        "17:30",
        "18:26",
        "19:06",
        "19:41",
        "20:21"
    ],
    "holiday": [
        "8:21",
        "8:54",
        "9:29",
        "10:06",
        "10:44",
        "11:29",
        "12:12",
        "12:52",
        "13:45",
        "14:28",
        "15:18",
        "15:59",
        "16:46",
        "17:30",
        "18:26",
        "19:06",
        "19:41",
        "20:21"
    ],
    "url": "https://www.kanachu.co.jp/dia/diagram/timetable01_js/course:0000802642-5/node:00127046/kt:0/lname:/"
}
