{
    "date": "2018/03/17",
    "name": "ソニー前(藤沢市)",
    "position": "-",
    "system": "藤21",
    "destinations": [
        "高山車庫",
        "ソニー前(藤沢市)",
        "新町三丁目(藤沢市)",
        "新町二丁目(藤沢市)",
        "新町一丁目(藤沢市)",
        "辻堂駅北口",
        "辻堂駅西口",
        "東小和田",
        "小和田小学校",
        "幼稚園前(茅ケ崎市)",
        "菱沼団地入口",
        "菱沼二丁目",
        "松林",
        "松林二丁目",
        "室田一丁目",
        "室田小学校入口",
        "室田",
        "高田三丁目",
        "ニュータウン中央(茅ケ崎市)",
        "ニュータウン入口(茅ケ崎市)",
        "市立病院(茅ケ崎市)",
        "本村五丁目",
        "本村(茅ケ崎市)",
        "茅ヶ崎駅"
    ],
    "weekday": [
        "6:32",
        "7:37",
        "8:16",
        "8:57",
        "9:33",
        "10:48",
        "11:18",
        "12:07",
        "12:38",
        "14:10",
        "14:57",
        "15:30",
        "16:20",
        "17:07",
        "17:51",
        "18:18",
        "18:58",
        "19:51",
        "21:06",
        "22:08"
    ],
    "saturday": [
        "8:22",
        "8:55",
        "9:30",
        "10:07",
        "10:45",
        "11:30",
        "12:13",
        "12:53",
        "13:46",
        "14:29",
        "15:19",
        "16:00",
        "16:47",
        "17:31",
        "18:27",
        "19:07",
        "19:42",
        "20:22"
    ],
    "holiday": [
        "8:22",
        "8:55",
        "9:30",
        "10:07",
        "10:45",
        "11:30",
        "12:13",
        "12:53",
        "13:46",
        "14:29",
        "15:19",
        "16:00",
        "16:47",
        "17:31",
        "18:27",
        "19:07",
        "19:42",
        "20:22"
    ],
    "url": "https://www.kanachu.co.jp/dia/diagram/timetable01_js/course:0000802642-6/node:00127047/kt:0/lname:/"
}
