{
    "date": "2018/03/17",
    "name": "新町二丁目(藤沢市)",
    "position": "-",
    "system": "藤21",
    "destinations": [
        "新町一丁目(藤沢市)",
        "辻堂駅北口",
        "辻堂駅西口",
        "東小和田",
        "小和田小学校",
        "幼稚園前(茅ケ崎市)",
        "菱沼団地入口",
        "菱沼二丁目",
        "松林",
        "松林二丁目",
        "室田一丁目",
        "室田小学校入口",
        "室田",
        "高田三丁目",
        "ニュータウン中央(茅ケ崎市)",
        "ニュータウン入口(茅ケ崎市)",
        "市立病院(茅ケ崎市)",
        "本村五丁目",
        "本村(茅ケ崎市)",
        "茅ヶ崎駅"
    ],
    "weekday": [
        "6:40",
        "7:45",
        "8:24",
        "9:05",
        "9:41",
        "10:56",
        "11:26",
        "12:15",
        "12:46",
        "14:18",
        "15:05",
        "15:38",
        "16:28",
        "17:15",
        "17:59",
        "18:26",
        "19:06",
        "19:59",
        "21:14",
        "22:16"
    ],
    "saturday": [
        "8:30",
        "9:03",
        "9:38",
        "10:15",
        "10:55",
        "11:40",
        "12:23",
        "13:03",
        "13:56",
        "14:39",
        "15:29",
        "16:10",
        "16:57",
        "17:41",
        "18:37",
        "19:15",
        "19:50",
        "20:30"
    ],
    "holiday": [
        "8:30",
        "9:03",
        "9:38",
        "10:15",
        "10:55",
        "11:40",
        "12:23",
        "13:03",
        "13:56",
        "14:39",
        "15:29",
        "16:10",
        "16:57",
        "17:41",
        "18:37",
        "19:15",
        "19:50",
        "20:30"
    ],
    "url": "https://www.kanachu.co.jp/dia/diagram/timetable01_js/course:0000802642-10/node:00127312/kt:0/lname:/"
}
