{
    "date": "2018/03/17",
    "name": "辻堂駅西口",
    "position": "-",
    "system": "藤21",
    "destinations": [
        "東小和田",
        "小和田小学校",
        "幼稚園前(茅ケ崎市)",
        "菱沼団地入口",
        "菱沼二丁目",
        "松林",
        "松林二丁目",
        "室田一丁目",
        "室田小学校入口",
        "室田",
        "高田三丁目",
        "ニュータウン中央(茅ケ崎市)",
        "ニュータウン入口(茅ケ崎市)",
        "市立病院(茅ケ崎市)",
        "本村五丁目",
        "本村(茅ケ崎市)",
        "茅ヶ崎駅"
    ],
    "weekday": [
        "6:45",
        "7:52",
        "8:31",
        "9:12",
        "9:48",
        "11:03",
        "11:33",
        "12:22",
        "12:53",
        "14:25",
        "15:12",
        "15:45",
        "16:35",
        "17:22",
        "18:06",
        "18:33",
        "19:13",
        "20:04",
        "21:19",
        "22:23"
    ],
    "saturday": [
        "8:35",
        "9:08",
        "9:43",
        "10:20",
        "11:02",
        "11:47",
        "12:30",
        "13:10",
        "14:03",
        "14:46",
        "15:36",
        "16:17",
        "17:04",
        "17:49",
        "18:45",
        "19:20",
        "19:55",
        "20:35"
    ],
    "holiday": [
        "8:35",
        "9:08",
        "9:43",
        "10:20",
        "11:02",
        "11:47",
        "12:30",
        "13:10",
        "14:03",
        "14:46",
        "15:36",
        "16:17",
        "17:04",
        "17:49",
        "18:45",
        "19:20",
        "19:55",
        "20:35"
    ],
    "url": "https://www.kanachu.co.jp/dia/diagram/timetable01_js/course:0000802642-13/node:00127268/kt:0/lname:/"
}
