{
    "date": "2018/03/17",
    "name": "小和田小学校",
    "position": "-",
    "system": "藤21",
    "destinations": [
        "幼稚園前(茅ケ崎市)",
        "菱沼団地入口",
        "菱沼二丁目",
        "松林",
        "松林二丁目",
        "室田一丁目",
        "室田小学校入口",
        "室田",
        "高田三丁目",
        "ニュータウン中央(茅ケ崎市)",
        "ニュータウン入口(茅ケ崎市)",
        "市立病院(茅ケ崎市)",
        "本村五丁目",
        "本村(茅ケ崎市)",
        "茅ヶ崎駅"
    ],
    "weekday": [
        "6:47",
        "7:54",
        "8:33",
        "9:14",
        "9:50",
        "11:05",
        "11:35",
        "12:24",
        "12:55",
        "14:27",
        "15:14",
        "15:47",
        "16:37",
        "17:24",
        "18:08",
        "18:35",
        "19:15",
        "20:06",
        "21:21",
        "22:25"
    ],
    "saturday": [
        "8:37",
        "9:10",
        "9:45",
        "10:22",
        "11:04",
        "11:49",
        "12:32",
        "13:12",
        "14:05",
        "14:48",
        "15:38",
        "16:19",
        "17:06",
        "17:51",
        "18:47",
        "19:22",
        "19:57",
        "20:37"
    ],
    "holiday": [
        "8:37",
        "9:10",
        "9:45",
        "10:22",
        "11:04",
        "11:49",
        "12:32",
        "13:12",
        "14:05",
        "14:48",
        "15:38",
        "16:19",
        "17:06",
        "17:51",
        "18:47",
        "19:22",
        "19:57",
        "20:37"
    ],
    "url": "https://www.kanachu.co.jp/dia/diagram/timetable01_js/course:0000802642-15/node:00127286/kt:0/lname:/"
}
