{
    "date": "2018/03/17",
    "name": "菱沼団地入口",
    "position": "-",
    "system": "藤21",
    "destinations": [
        "菱沼二丁目",
        "松林",
        "松林二丁目",
        "室田一丁目",
        "室田小学校入口",
        "室田",
        "高田三丁目",
        "ニュータウン中央(茅ケ崎市)",
        "ニュータウン入口(茅ケ崎市)",
        "市立病院(茅ケ崎市)",
        "本村五丁目",
        "本村(茅ケ崎市)",
        "茅ヶ崎駅"
    ],
    "weekday": [
        "6:49",
        "7:57",
        "8:36",
        "9:17",
        "9:53",
        "11:08",
        "11:38",
        "12:27",
        "12:58",
        "14:30",
        "15:17",
        "15:50",
        "16:41",
        "17:28",
        "18:12",
        "18:39",
        "19:18",
        "20:08",
        "21:23",
        "22:27"
    ],
    "saturday": [
        "8:39",
        "9:12",
        "9:47",
        "10:24",
        "11:08",
        "11:53",
        "12:36",
        "13:16",
        "14:09",
        "14:52",
        "15:42",
        "16:23",
        "17:11",
        "17:56",
        "18:52",
        "19:25",
        "20:00",
        "20:40"
    ],
    "holiday": [
        "8:39",
        "9:12",
        "9:47",
        "10:24",
        "11:08",
        "11:53",
        "12:36",
        "13:16",
        "14:09",
        "14:52",
        "15:42",
        "16:23",
        "17:11",
        "17:56",
        "18:52",
        "19:25",
        "20:00",
        "20:40"
    ],
    "url": "https://www.kanachu.co.jp/dia/diagram/timetable01_js/course:0000802642-17/node:00127284/kt:0/lname:/"
}
