{
    "date": "2018/03/17",
    "name": "菱沼二丁目",
    "position": "-",
    "system": "藤21",
    "destinations": [
        "松林",
        "松林二丁目",
        "室田一丁目",
        "室田小学校入口",
        "室田",
        "高田三丁目",
        "ニュータウン中央(茅ケ崎市)",
        "ニュータウン入口(茅ケ崎市)",
        "市立病院(茅ケ崎市)",
        "本村五丁目",
        "本村(茅ケ崎市)",
        "茅ヶ崎駅"
    ],
    "weekday": [
        "6:50",
        "7:58",
        "8:37",
        "9:18",
        "9:54",
        "11:09",
        "11:39",
        "12:28",
        "12:59",
        "14:31",
        "15:18",
        "15:51",
        "16:42",
        "17:29",
        "18:13",
        "18:40",
        "19:19",
        "20:09",
        "21:24",
        "22:28"
    ],
    "saturday": [
        "8:40",
        "9:13",
        "9:48",
        "10:25",
        "11:09",
        "11:54",
        "12:37",
        "13:17",
        "14:10",
        "14:53",
        "15:43",
        "16:24",
        "17:12",
        "17:57",
        "18:53",
        "19:26",
        "20:01",
        "20:41"
    ],
    "holiday": [
        "8:40",
        "9:13",
        "9:48",
        "10:25",
        "11:09",
        "11:54",
        "12:37",
        "13:17",
        "14:10",
        "14:53",
        "15:43",
        "16:24",
        "17:12",
        "17:57",
        "18:53",
        "19:26",
        "20:01",
        "20:41"
    ],
    "url": "https://www.kanachu.co.jp/dia/diagram/timetable01_js/course:0000802642-18/node:00127283/kt:0/lname:/"
}
