{
    "date": "2018/03/17",
    "name": "松林",
    "position": "-",
    "system": "藤21",
    "destinations": [
        "松林二丁目",
        "室田一丁目",
        "室田小学校入口",
        "室田",
        "高田三丁目",
        "ニュータウン中央(茅ケ崎市)",
        "ニュータウン入口(茅ケ崎市)",
        "市立病院(茅ケ崎市)",
        "本村五丁目",
        "本村(茅ケ崎市)",
        "茅ヶ崎駅"
    ],
    "weekday": [
        "6:52",
        "8:01",
        "8:40",
        "9:21",
        "9:57",
        "11:12",
        "11:42",
        "12:31",
        "13:02",
        "14:34",
        "15:21",
        "15:54",
        "16:46",
        "17:33",
        "18:17",
        "18:44",
        "19:22",
        "20:11",
        "21:26",
        "22:30"
    ],
    "saturday": [
        "8:42",
        "9:15",
        "9:50",
        "10:27",
        "11:12",
        "11:57",
        "12:41",
        "13:21",
        "14:14",
        "14:57",
        "15:47",
        "16:28",
        "17:16",
        "18:01",
        "18:57",
        "19:28",
        "20:03",
        "20:43"
    ],
    "holiday": [
        "8:42",
        "9:15",
        "9:50",
        "10:27",
        "11:12",
        "11:57",
        "12:41",
        "13:21",
        "14:14",
        "14:57",
        "15:47",
        "16:28",
        "17:16",
        "18:01",
        "18:57",
        "19:28",
        "20:03",
        "20:43"
    ],
    "url": "https://www.kanachu.co.jp/dia/diagram/timetable01_js/course:0000802642-19/node:00127282/kt:0/lname:/"
}
