{
    "date": "2018/03/17",
    "name": "室田一丁目",
    "position": "-",
    "system": "藤21",
    "destinations": [
        "室田小学校入口",
        "室田",
        "高田三丁目",
        "ニュータウン中央(茅ケ崎市)",
        "ニュータウン入口(茅ケ崎市)",
        "市立病院(茅ケ崎市)",
        "本村五丁目",
        "本村(茅ケ崎市)",
        "茅ヶ崎駅"
    ],
    "weekday": [
        "6:54",
        "8:03",
        "8:42",
        "9:23",
        "9:59",
        "11:14",
        "11:44",
        "12:33",
        "13:04",
        "14:36",
        "15:23",
        "15:56",
        "16:48",
        "17:35",
        "18:19",
        "18:46",
        "19:24",
        "20:13",
        "21:28",
        "22:32"
    ],
    "saturday": [
        "8:44",
        "9:17",
        "9:52",
        "10:29",
        "11:14",
        "11:59",
        "12:43",
        "13:23",
        "14:16",
        "14:59",
        "15:49",
        "16:30",
        "17:18",
        "18:03",
        "18:59",
        "19:30",
        "20:05",
        "20:45"
    ],
    "holiday": [
        "8:44",
        "9:17",
        "9:52",
        "10:29",
        "11:14",
        "11:59",
        "12:43",
        "13:23",
        "14:16",
        "14:59",
        "15:49",
        "16:30",
        "17:18",
        "18:03",
        "18:59",
        "19:30",
        "20:05",
        "20:45"
    ],
    "url": "https://www.kanachu.co.jp/dia/diagram/timetable01_js/course:0000802642-21/node:00127264/kt:0/lname:/"
}
