{
    "date": "2018/03/17",
    "name": "室田",
    "position": "-",
    "system": "藤21",
    "destinations": [
        "高田三丁目",
        "ニュータウン中央(茅ケ崎市)",
        "ニュータウン入口(茅ケ崎市)",
        "市立病院(茅ケ崎市)",
        "本村五丁目",
        "本村(茅ケ崎市)",
        "茅ヶ崎駅"
    ],
    "weekday": [
        "6:56",
        "8:05",
        "8:44",
        "9:25",
        "10:01",
        "11:16",
        "11:46",
        "12:35",
        "13:06",
        "14:38",
        "15:25",
        "15:58",
        "16:50",
        "17:37",
        "18:21",
        "18:48",
        "19:26",
        "20:15",
        "21:30",
        "22:34"
    ],
    "saturday": [
        "8:46",
        "9:19",
        "9:54",
        "10:31",
        "11:16",
        "12:01",
        "12:45",
        "13:25",
        "14:18",
        "15:01",
        "15:51",
        "16:32",
        "17:20",
        "18:05",
        "19:01",
        "19:32",
        "20:07",
        "20:47"
    ],
    "holiday": [
        "8:46",
        "9:19",
        "9:54",
        "10:31",
        "11:16",
        "12:01",
        "12:45",
        "13:25",
        "14:18",
        "15:01",
        "15:51",
        "16:32",
        "17:20",
        "18:05",
        "19:01",
        "19:32",
        "20:07",
        "20:47"
    ],
    "url": "https://www.kanachu.co.jp/dia/diagram/timetable01_js/course:0000802642-23/node:00127262/kt:0/lname:/"
}
