{
    "date": "2018/03/17",
    "name": "高田三丁目",
    "position": "-",
    "system": "藤21",
    "destinations": [
        "ニュータウン中央(茅ケ崎市)",
        "ニュータウン入口(茅ケ崎市)",
        "市立病院(茅ケ崎市)",
        "本村五丁目",
        "本村(茅ケ崎市)",
        "茅ヶ崎駅"
    ],
    "weekday": [
        "6:57",
        "8:06",
        "8:45",
        "9:26",
        "10:02",
        "11:17",
        "11:47",
        "12:36",
        "13:07",
        "14:39",
        "15:26",
        "15:59",
        "16:51",
        "17:38",
        "18:22",
        "18:49",
        "19:27",
        "20:16",
        "21:31",
        "22:35"
    ],
    "saturday": [
        "8:47",
        "9:20",
        "9:55",
        "10:32",
        "11:17",
        "12:02",
        "12:46",
        "13:26",
        "14:19",
        "15:02",
        "15:52",
        "16:33",
        "17:21",
        "18:06",
        "19:02",
        "19:33",
        "20:08",
        "20:48"
    ],
    "holiday": [
        "8:47",
        "9:20",
        "9:55",
        "10:32",
        "11:17",
        "12:02",
        "12:46",
        "13:26",
        "14:19",
        "15:02",
        "15:52",
        "16:33",
        "17:21",
        "18:06",
        "19:02",
        "19:33",
        "20:08",
        "20:48"
    ],
    "url": "https://www.kanachu.co.jp/dia/diagram/timetable01_js/course:0000802642-24/node:00127261/kt:0/lname:/"
}
