{
    "date": "2018/03/17",
    "name": "本村五丁目",
    "position": "-",
    "system": "藤21",
    "destinations": [
        "本村(茅ケ崎市)",
        "茅ヶ崎駅"
    ],
    "weekday": [
        "7:02",
        "8:12",
        "8:51",
        "9:32",
        "10:08",
        "11:23",
        "11:53",
        "12:42",
        "13:13",
        "14:45",
        "15:32",
        "16:05",
        "16:57",
        "17:44",
        "18:28",
        "18:55",
        "19:32",
        "20:21",
        "21:36",
        "22:39"
    ],
    "saturday": [
        "8:52",
        "9:25",
        "10:00",
        "10:38",
        "11:23",
        "12:08",
        "12:52",
        "13:32",
        "14:25",
        "15:08",
        "15:58",
        "16:39",
        "17:27",
        "18:12",
        "19:07",
        "19:38",
        "20:13",
        "20:53"
    ],
    "holiday": [
        "8:52",
        "9:25",
        "10:00",
        "10:38",
        "11:23",
        "12:08",
        "12:52",
        "13:32",
        "14:25",
        "15:08",
        "15:58",
        "16:39",
        "17:27",
        "18:12",
        "19:07",
        "19:38",
        "20:13",
        "20:53"
    ],
    "url": "https://www.kanachu.co.jp/dia/diagram/timetable01_js/course:0000802642-28/node:00127316/kt:0/lname:/"
}
