{
    "date": "2026/01/16",
    "name": "国府津駅",
    "position": "-",
    "system": "国04",
    "destinations": [
        "西前川",
        "前川(小田原市)",
        "近戸神社",
        "小学校前(小田原市)",
        "町屋(小田原市)",
        "橘インター入口",
        "押切・塔台橋",
        "押切(中郡二宮町)",
        "橘中学校入口(小田原市)",
        "下原(小田原市)",
        "中村原",
        "鐘藪",
        "診療所前(小田原市)",
        "下中小学校前",
        "下中駐在所前",
        "下小竹",
        "橘団地"
    ],
    "weekday": [
        "19:26"
    ],
    "saturday": [
        "9:03",
        "12:45",
        "13:55",
        "19:26"
    ],
    "holiday": [
        "9:03",
        "12:45",
        "13:55",
        "19:26"
    ],
    "url": "https://www.kanachu.co.jp/dia/diagram/timetable01_js/course:0000804087-1/node:00121436/kt:0/lname:/"
}
