{
    "date": "2026/01/16",
    "name": "下中小学校前",
    "position": "-",
    "system": "国04",
    "destinations": [
        "下中駐在所前",
        "下小竹",
        "橘団地"
    ],
    "weekday": [
        "19:37"
    ],
    "saturday": [
        "9:14",
        "12:56",
        "14:06",
        "19:37"
    ],
    "holiday": [
        "9:14",
        "12:56",
        "14:06",
        "19:37"
    ],
    "url": "https://www.kanachu.co.jp/dia/diagram/timetable01_js/course:0000804087-15/node:00127974/kt:0/lname:/"
}
