{
    "date": "2026/01/16",
    "name": "下中駐在所前",
    "position": "-",
    "system": "国04",
    "destinations": [
        "下小竹",
        "橘団地"
    ],
    "weekday": [
        "19:38"
    ],
    "saturday": [
        "9:15",
        "12:57",
        "14:07",
        "19:38"
    ],
    "holiday": [
        "9:15",
        "12:57",
        "14:07",
        "19:38"
    ],
    "url": "https://www.kanachu.co.jp/dia/diagram/timetable01_js/course:0000804087-16/node:00127973/kt:0/lname:/"
}
