{
    "date": "2025/04/19",
    "name": "谷口(相模原市南区)",
    "position": "-",
    "system": "相02",
    "destinations": [
        "鵜野森",
        "相模病院入口",
        "南警察署前(相模原市南区)",
        "市営斎場入口",
        "大野小学校入口",
        "古淵駅入口",
        "老人ホーム入口(相模原市南区)",
        "嶽の内入口",
        "共和(相模原市中央区)",
        "宇宙科学研究本部",
        "淵野辺十字路",
        "鹿沼公園南入口",
        "鹿沼台",
        "矢部駅入口",
        "中央小学校北",
        "相模原警察署前",
        "さがみ夢大通り",
        "相模原駅南口"
    ],
    "weekday": [
        "6:23",
        "6:53",
        "7:08",
        "7:20",
        "7:32",
        "7:44",
        "7:56",
        "8:13",
        "8:33",
        "8:53",
        "9:23",
        "9:53"
    ],
    "saturday": [
        "6:43",
        "7:18",
        "7:53",
        "8:23",
        "8:53",
        "9:23",
        "9:53"
    ],
    "holiday": [
        "6:43",
        "7:18",
        "7:53",
        "8:23",
        "8:53",
        "9:23",
        "9:53"
    ],
    "url": "https://www.kanachu.co.jp/dia/diagram/timetable01_js/course:0000802380-2/node:00129278/kt:0/lname:/"
}
