{
    "date": "2025/04/19",
    "name": "古淵駅入口",
    "position": "-",
    "system": "相02",
    "destinations": [
        "老人ホーム入口(相模原市南区)",
        "嶽の内入口",
        "共和(相模原市中央区)",
        "宇宙科学研究本部",
        "淵野辺十字路",
        "鹿沼公園南入口",
        "鹿沼台",
        "矢部駅入口",
        "中央小学校北",
        "相模原警察署前",
        "さがみ夢大通り",
        "相模原駅南口"
    ],
    "weekday": [
        "6:30",
        "7:00",
        "7:17",
        "7:29",
        "7:41",
        "7:53",
        "8:05",
        "8:22",
        "8:42",
        "9:02",
        "9:32",
        "10:02"
    ],
    "saturday": [
        "6:50",
        "7:25",
        "8:00",
        "8:30",
        "9:00",
        "9:32",
        "10:02"
    ],
    "holiday": [
        "6:50",
        "7:25",
        "8:00",
        "8:30",
        "9:00",
        "9:32",
        "10:02"
    ],
    "url": "https://www.kanachu.co.jp/dia/diagram/timetable01_js/course:0000802380-8/node:00129314/kt:0/lname:/"
}
