{
    "date": "2025/04/19",
    "name": "中央小学校北",
    "position": "-",
    "system": "相02",
    "destinations": [
        "相模原警察署前",
        "さがみ夢大通り",
        "相模原駅南口"
    ],
    "weekday": [
        "6:40",
        "7:15",
        "7:32",
        "7:44",
        "7:56",
        "8:08",
        "8:20",
        "8:37",
        "8:57",
        "9:17",
        "9:47",
        "10:17"
    ],
    "saturday": [
        "7:00",
        "7:35",
        "8:10",
        "8:40",
        "9:16",
        "9:48",
        "10:18"
    ],
    "holiday": [
        "7:00",
        "7:35",
        "8:10",
        "8:40",
        "9:16",
        "9:48",
        "10:18"
    ],
    "url": "https://www.kanachu.co.jp/dia/diagram/timetable01_js/course:0000802380-17/node:00129302/kt:0/lname:/"
}
