{
    "date": "2025/11/16",
    "name": "銀座通り(平塚市)",
    "position": "-",
    "system": "平29",
    "destinations": [
        "平塚文化芸術ホール前",
        "八間通り",
        "豊田道",
        "柳町(平塚市)",
        "古花水",
        "桜ヶ丘公園(平塚市)",
        "桜ヶ丘",
        "上平塚",
        "神明下",
        "山下団地入口",
        "山下団地",
        "山下団地入口",
        "南河内(平塚市)",
        "勝原小学校前(平塚市)",
        "高村団地"
    ],
    "weekday": [
        "6:14",
        "6:46",
        "7:02",
        "7:23",
        "7:43",
        "7:51",
        "8:01",
        "8:18",
        "8:48",
        "9:46",
        "10:49",
        "11:49",
        "12:49",
        "13:49",
        "14:49",
        "15:39",
        "15:59",
        "16:39",
        "16:59",
        "17:28",
        "17:38",
        "17:53",
        "18:07",
        "18:17",
        "18:29",
        "18:41",
        "18:53",
        "19:08",
        "19:21",
        "19:36",
        "19:53",
        "20:08",
        "20:23",
        "20:43",
        "20:53",
        "21:23",
        "21:53",
        "22:23",
        "22:56",
        "23:36"
    ],
    "saturday": [
        "6:47",
        "7:17",
        "7:47",
        "8:47",
        "9:47",
        "10:47",
        "11:47",
        "12:47",
        "13:47",
        "14:47",
        "15:47",
        "16:47",
        "17:37",
        "17:57",
        "18:17",
        "18:37",
        "18:57",
        "19:17",
        "19:47",
        "20:17",
        "20:47",
        "21:17",
        "21:52",
        "22:22",
        "22:57"
    ],
    "holiday": [
        "6:47",
        "7:17",
        "7:47",
        "8:47",
        "9:47",
        "10:47",
        "11:47",
        "12:47",
        "13:47",
        "14:47",
        "15:47",
        "16:47",
        "17:37",
        "17:57",
        "18:17",
        "18:37",
        "18:57",
        "19:17",
        "19:47",
        "20:17",
        "20:47",
        "21:17",
        "21:52",
        "22:22",
        "22:57"
    ],
    "url": "https://www.kanachu.co.jp/dia/diagram/timetable01_js/course:0000803354-2/node:00127465/kt:0/lname:/"
}
