{
    "date": "2025/11/16",
    "name": "桜ヶ丘公園(平塚市)",
    "position": "-",
    "system": "平29",
    "destinations": [
        "桜ヶ丘",
        "上平塚",
        "神明下",
        "山下団地入口",
        "山下団地",
        "山下団地入口",
        "南河内(平塚市)",
        "勝原小学校前(平塚市)",
        "高村団地"
    ],
    "weekday": [
        "6:20",
        "6:52",
        "7:08",
        "7:29",
        "7:49",
        "7:57",
        "8:07",
        "8:24",
        "8:54",
        "9:52",
        "10:55",
        "11:55",
        "12:55",
        "13:55",
        "14:55",
        "15:45",
        "16:05",
        "16:45",
        "17:05",
        "17:34",
        "17:44",
        "17:59",
        "18:13",
        "18:23",
        "18:35",
        "18:47",
        "18:59",
        "19:14",
        "19:27",
        "19:42",
        "19:59",
        "20:14",
        "20:29",
        "20:49",
        "20:59",
        "21:29",
        "21:59",
        "22:29",
        "23:02",
        "23:41"
    ],
    "saturday": [
        "6:53",
        "7:23",
        "7:53",
        "8:53",
        "9:53",
        "10:53",
        "11:53",
        "12:53",
        "13:53",
        "14:53",
        "15:53",
        "16:53",
        "17:43",
        "18:03",
        "18:23",
        "18:43",
        "19:03",
        "19:23",
        "19:53",
        "20:23",
        "20:53",
        "21:23",
        "21:58",
        "22:28",
        "23:03"
    ],
    "holiday": [
        "6:53",
        "7:23",
        "7:53",
        "8:53",
        "9:53",
        "10:53",
        "11:53",
        "12:53",
        "13:53",
        "14:53",
        "15:53",
        "16:53",
        "17:43",
        "18:03",
        "18:23",
        "18:43",
        "19:03",
        "19:23",
        "19:53",
        "20:23",
        "20:53",
        "21:23",
        "21:58",
        "22:28",
        "23:03"
    ],
    "url": "https://www.kanachu.co.jp/dia/diagram/timetable01_js/course:0000803354-8/node:00127570/kt:0/lname:/"
}
