{
    "date": "2025/11/16",
    "name": "上平塚",
    "position": "-",
    "system": "平29",
    "destinations": [
        "神明下",
        "山下団地入口",
        "山下団地",
        "山下団地入口",
        "南河内(平塚市)",
        "勝原小学校前(平塚市)",
        "高村団地"
    ],
    "weekday": [
        "6:22",
        "6:54",
        "7:10",
        "7:31",
        "7:51",
        "7:59",
        "8:09",
        "8:26",
        "8:56",
        "9:54",
        "10:57",
        "11:57",
        "12:57",
        "13:57",
        "14:57",
        "15:47",
        "16:07",
        "16:47",
        "17:07",
        "17:36",
        "17:46",
        "18:01",
        "18:15",
        "18:25",
        "18:37",
        "18:49",
        "19:01",
        "19:16",
        "19:29",
        "19:44",
        "20:01",
        "20:16",
        "20:31",
        "20:51",
        "21:01",
        "21:31",
        "22:01",
        "22:31",
        "23:04",
        "23:43"
    ],
    "saturday": [
        "6:55",
        "7:25",
        "7:55",
        "8:55",
        "9:55",
        "10:55",
        "11:55",
        "12:55",
        "13:55",
        "14:55",
        "15:55",
        "16:55",
        "17:45",
        "18:05",
        "18:25",
        "18:45",
        "19:05",
        "19:25",
        "19:55",
        "20:25",
        "20:55",
        "21:25",
        "22:00",
        "22:30",
        "23:05"
    ],
    "holiday": [
        "6:55",
        "7:25",
        "7:55",
        "8:55",
        "9:55",
        "10:55",
        "11:55",
        "12:55",
        "13:55",
        "14:55",
        "15:55",
        "16:55",
        "17:45",
        "18:05",
        "18:25",
        "18:45",
        "19:05",
        "19:25",
        "19:55",
        "20:25",
        "20:55",
        "21:25",
        "22:00",
        "22:30",
        "23:05"
    ],
    "url": "https://www.kanachu.co.jp/dia/diagram/timetable01_js/course:0000803354-10/node:00127572/kt:0/lname:/"
}
