{
  "date": "2024/07/08",
  "name": "町田バスセンター",
  "position": "14番のりば",
  "system": "町31",
  "destinations": [
    "町田市役所市民ホール前",
    "第四小学校前(町田市)",
    "森野三丁目",
    "市民病院前(町田市)",
    "浄水場前(町田市)",
    "滝の沢(町田市)",
    "木曽住宅",
    "三家(町田市)",
    "木曽(町田市)",
    "忠生公園入口",
    "上宿(町田市)",
    "下根岸(町田市)",
    "根岸(根岸町/町田市)",
    "馬駈",
    "図師大橋",
    "図師",
    "松下谷戸",
    "結道",
    "日大三高東",
    "扇橋(町田市)",
    "多摩丘陵病院",
    "多摩丘陵リハビリテーション病院"
  ],
  "weekday": [
    "7:06", "7:42",
    "8:30", "8:40", "8:55",
    "9:08",
    "10:34",
    "11:34",
    "12:58",
    "13:58",
    "14:39",
    "15:20",
    "16:15",
    "17:40",
    "18:10",
    "19:40",
    "20:40"
  ],
  "saturday": [
    "7:20",
    "8:10",
    "9:05", "9:52",
    "10:40",
    "11:35",
    "12:20",
    "13:15",
    "14:05",
    "15:05",
    "16:05",
    "17:05",
    "18:05",
    "19:05",
    "20:05"
  ],
  "holiday": [
    "7:20",
    "8:08",
    "9:00", "9:50",
    "10:40",
    "11:40",
    "12:20",
    "13:10",
    "14:05",
    "15:05",
    "16:15",
    "17:05",
    "18:05",
    "19:05",
    "20:05"
  ]
}
