{
    "date": "2025/11/16",
    "name": "坊中(伊勢原市)",
    "position": "-",
    "system": "伊20",
    "destinations": [
        "高橋(伊勢原市)",
        "藤野入口",
        "諏訪坂下",
        "洗水",
        "高部屋小学校前",
        "温泉入口(伊勢原市)",
        "長竹(伊勢原市)",
        "専修大学入口(伊勢原市)",
        "川上(伊勢原市)",
        "りんどう寮前",
        "共済会館入口",
        "片町(伊勢原市)",
        "片町十字路",
        "大神宮前",
        "本町(伊勢原市)",
        "伊勢原駅北口"
    ],
    "weekday": [
        "6:10",
        "6:40",
        "7:15",
        "8:50",
        "9:30",
        "10:20",
        "11:20",
        "13:20",
        "14:20",
        "15:20",
        "16:20",
        "17:20",
        "18:20",
        "19:20"
    ],
    "saturday": [
        "7:27",
        "8:27",
        "9:27",
        "10:27",
        "11:27",
        "12:27",
        "13:27",
        "14:27",
        "15:27",
        "16:27",
        "17:27",
        "18:27",
        "19:27"
    ],
    "holiday": [
        "7:27",
        "8:27",
        "9:27",
        "10:27",
        "11:27",
        "12:27",
        "13:27",
        "14:27",
        "15:27",
        "16:27",
        "17:27",
        "18:27",
        "19:27"
    ],
    "url": "https://www.kanachu.co.jp/dia/diagram/timetable01_js/course:0000803335-2/node:00128183/kt:0/lname:/"
}
