{
    "date": "2025/11/16",
    "name": "諏訪坂下",
    "position": "-",
    "system": "伊20",
    "destinations": [
        "洗水",
        "高部屋小学校前",
        "温泉入口(伊勢原市)",
        "長竹(伊勢原市)",
        "専修大学入口(伊勢原市)",
        "川上(伊勢原市)",
        "りんどう寮前",
        "共済会館入口",
        "片町(伊勢原市)",
        "片町十字路",
        "大神宮前",
        "本町(伊勢原市)",
        "伊勢原駅北口"
    ],
    "weekday": [
        "6:13",
        "6:43",
        "7:18",
        "8:53",
        "9:33",
        "10:23",
        "11:23",
        "13:23",
        "14:23",
        "15:23",
        "16:23",
        "17:23",
        "18:23",
        "19:23"
    ],
    "saturday": [
        "7:30",
        "8:30",
        "9:30",
        "10:30",
        "11:30",
        "12:30",
        "13:30",
        "14:30",
        "15:30",
        "16:30",
        "17:30",
        "18:30",
        "19:30"
    ],
    "holiday": [
        "7:30",
        "8:30",
        "9:30",
        "10:30",
        "11:30",
        "12:30",
        "13:30",
        "14:30",
        "15:30",
        "16:30",
        "17:30",
        "18:30",
        "19:30"
    ],
    "url": "https://www.kanachu.co.jp/dia/diagram/timetable01_js/course:0000803335-5/node:00128180/kt:0/lname:/"
}
