{
    "date": "2025/11/16",
    "name": "りんどう寮前",
    "position": "-",
    "system": "伊20",
    "destinations": [
        "共済会館入口",
        "片町(伊勢原市)",
        "片町十字路",
        "大神宮前",
        "本町(伊勢原市)",
        "伊勢原駅北口"
    ],
    "weekday": [
        "6:19",
        "6:49",
        "7:24",
        "8:59",
        "9:39",
        "10:29",
        "11:29",
        "13:29",
        "14:29",
        "15:29",
        "16:29",
        "17:29",
        "18:29",
        "19:29"
    ],
    "saturday": [
        "7:36",
        "8:36",
        "9:36",
        "10:36",
        "11:36",
        "12:36",
        "13:36",
        "14:36",
        "15:36",
        "16:36",
        "17:36",
        "18:36",
        "19:36"
    ],
    "holiday": [
        "7:36",
        "8:36",
        "9:36",
        "10:36",
        "11:36",
        "12:36",
        "13:36",
        "14:36",
        "15:36",
        "16:36",
        "17:36",
        "18:36",
        "19:36"
    ],
    "url": "https://www.kanachu.co.jp/dia/diagram/timetable01_js/course:0000803335-12/node:00128173/kt:0/lname:/"
}
