{
    "date": "2025/11/16",
    "name": "片町(伊勢原市)",
    "position": "-",
    "system": "伊20",
    "destinations": [
        "片町十字路",
        "大神宮前",
        "本町(伊勢原市)",
        "伊勢原駅北口"
    ],
    "weekday": [
        "6:21",
        "6:51",
        "7:26",
        "9:01",
        "9:41",
        "10:31",
        "11:31",
        "13:31",
        "14:31",
        "15:31",
        "16:31",
        "17:31",
        "18:31",
        "19:31"
    ],
    "saturday": [
        "7:38",
        "8:38",
        "9:38",
        "10:38",
        "11:38",
        "12:38",
        "13:38",
        "14:38",
        "15:38",
        "16:38",
        "17:38",
        "18:38",
        "19:38"
    ],
    "holiday": [
        "7:38",
        "8:38",
        "9:38",
        "10:38",
        "11:38",
        "12:38",
        "13:38",
        "14:38",
        "15:38",
        "16:38",
        "17:38",
        "18:38",
        "19:38"
    ],
    "url": "https://www.kanachu.co.jp/dia/diagram/timetable01_js/course:0000803335-14/node:00128144/kt:0/lname:/"
}
