{
    "date": "2025/11/16",
    "name": "本町(伊勢原市)",
    "position": "-",
    "system": "伊20",
    "destinations": [
        "伊勢原駅北口"
    ],
    "weekday": [
        "6:26",
        "6:56",
        "7:31",
        "9:06",
        "9:46",
        "10:36",
        "11:36",
        "13:36",
        "14:36",
        "15:36",
        "16:36",
        "17:36",
        "18:36",
        "19:36"
    ],
    "saturday": [
        "7:43",
        "8:43",
        "9:43",
        "10:43",
        "11:43",
        "12:43",
        "13:43",
        "14:43",
        "15:43",
        "16:43",
        "17:43",
        "18:43",
        "19:43"
    ],
    "holiday": [
        "7:43",
        "8:43",
        "9:43",
        "10:43",
        "11:43",
        "12:43",
        "13:43",
        "14:43",
        "15:43",
        "16:43",
        "17:43",
        "18:43",
        "19:43"
    ],
    "url": "https://www.kanachu.co.jp/dia/diagram/timetable01_js/course:0000803335-17/node:00128128/kt:0/lname:/"
}
