{
    "date": "2021/02/22",
    "name": "南原(平塚市)",
    "position": "-",
    "system": "平30",
    "destinations": [
        "向原(平塚市)",
        "江南高校前",
        "追分(平塚市)",
        "立野町(平塚市)",
        "横浜ゴム前",
        "市役所前(ゴム前/平塚市)",
        "四ツ角(平塚市)",
        "平塚駅北口"
    ],
    "weekday": [
        "6:07",
        "6:22",
        "6:37",
        "6:52",
        "7:08",
        "7:23",
        "7:35",
        "7:50",
        "8:05",
        "8:24",
        "8:44",
        "9:03",
        "9:21",
        "9:51",
        "10:21",
        "10:51",
        "11:21",
        "11:51",
        "12:21",
        "12:46",
        "13:21",
        "13:51",
        "14:21",
        "14:51",
        "15:21",
        "15:51",
        "16:22",
        "16:52",
        "17:17",
        "17:37",
        "17:57",
        "18:27",
        "18:57",
        "19:25",
        "19:56",
        "20:25",
        "21:25"
    ],
    "saturday": [
        "6:51",
        "7:31",
        "8:11",
        "8:51",
        "9:33",
        "10:13",
        "10:53",
        "11:33",
        "12:18",
        "12:53",
        "13:33",
        "14:13",
        "14:53",
        "15:33",
        "16:13",
        "16:53",
        "17:33",
        "18:13",
        "18:53",
        "19:31",
        "20:11"
    ],
    "holiday": [
        "6:51",
        "7:31",
        "8:11",
        "8:51",
        "9:33",
        "10:13",
        "10:53",
        "11:33",
        "12:18",
        "12:53",
        "13:33",
        "14:13",
        "14:53",
        "15:33",
        "16:13",
        "16:53",
        "17:33",
        "18:13",
        "18:53",
        "19:31",
        "20:11"
    ],
    "url": "https://www.kanachu.co.jp/dia/diagram/timetable01_js/course:0000800165-11/node:00127559/kt:0/lname:/"
}
