{
    "date": "2021/02/22",
    "name": "追分(平塚市)",
    "position": "-",
    "system": "平30",
    "destinations": [
        "立野町(平塚市)",
        "横浜ゴム前",
        "市役所前(ゴム前/平塚市)",
        "四ツ角(平塚市)",
        "平塚駅北口"
    ],
    "weekday": [
        "6:11",
        "6:26",
        "6:41",
        "6:56",
        "7:13",
        "7:28",
        "7:40",
        "7:55",
        "8:10",
        "8:29",
        "8:49",
        "9:07",
        "9:25",
        "9:55",
        "10:25",
        "10:55",
        "11:25",
        "11:55",
        "12:25",
        "12:50",
        "13:25",
        "13:55",
        "14:25",
        "14:55",
        "15:25",
        "15:55",
        "16:26",
        "16:56",
        "17:21",
        "17:41",
        "18:01",
        "18:31",
        "19:01",
        "19:29",
        "20:00",
        "20:29",
        "21:29"
    ],
    "saturday": [
        "6:55",
        "7:35",
        "8:15",
        "8:55",
        "9:37",
        "10:17",
        "10:57",
        "11:37",
        "12:22",
        "12:57",
        "13:37",
        "14:17",
        "14:57",
        "15:37",
        "16:17",
        "16:57",
        "17:37",
        "18:17",
        "18:57",
        "19:35",
        "20:15"
    ],
    "holiday": [
        "6:55",
        "7:35",
        "8:15",
        "8:55",
        "9:36",
        "10:16",
        "10:56",
        "11:36",
        "12:21",
        "12:56",
        "13:36",
        "14:16",
        "14:56",
        "15:36",
        "16:17",
        "16:57",
        "17:37",
        "18:17",
        "18:57",
        "19:35",
        "20:15"
    ],
    "url": "https://www.kanachu.co.jp/dia/diagram/timetable01_js/course:0000800165-14/node:00127556/kt:0/lname:/"
}
