{
    "date": "2021/02/22",
    "name": "市役所前(ゴム前/平塚市)",
    "position": "-",
    "system": "平30",
    "destinations": [
        "四ツ角(平塚市)",
        "平塚駅北口"
    ],
    "weekday": [
        "6:15",
        "6:30",
        "6:45",
        "7:00",
        "7:17",
        "7:32",
        "7:44",
        "7:59",
        "8:14",
        "8:33",
        "8:53",
        "9:10",
        "9:28",
        "9:58",
        "10:28",
        "10:58",
        "11:28",
        "11:58",
        "12:28",
        "12:53",
        "13:28",
        "13:58",
        "14:28",
        "14:58",
        "15:28",
        "15:58",
        "16:30",
        "17:00",
        "17:25",
        "17:45",
        "18:05",
        "18:35",
        "19:04",
        "19:32",
        "20:03",
        "20:32",
        "21:32"
    ],
    "saturday": [
        "6:58",
        "7:38",
        "8:18",
        "8:58",
        "9:41",
        "10:21",
        "11:01",
        "11:41",
        "12:26",
        "13:01",
        "13:41",
        "14:21",
        "15:01",
        "15:41",
        "16:21",
        "17:01",
        "17:41",
        "18:21",
        "19:01",
        "19:38",
        "20:18"
    ],
    "holiday": [
        "6:58",
        "7:38",
        "8:18",
        "8:58",
        "9:40",
        "10:20",
        "11:00",
        "11:40",
        "12:25",
        "13:00",
        "13:40",
        "14:20",
        "15:00",
        "15:40",
        "16:21",
        "17:01",
        "17:41",
        "18:21",
        "19:01",
        "19:38",
        "20:18"
    ],
    "url": "https://www.kanachu.co.jp/dia/diagram/timetable01_js/course:0000800165-17/node:00127553/kt:0/lname:/"
}
