{
    "date": "2025/04/01",
    "name": "日連大橋",
    "position": "-",
    "system": "野11",
    "destinations": [
        "名倉入口",
        "追分(相模原市緑区)",
        "金剛山",
        "山口原",
        "杉西",
        "赤沢(相模原市緑区)",
        "藤野芸術の家",
        "馬本",
        "賽の神",
        "中尾(相模原市緑区)",
        "やまなみ温泉入口",
        "やまなみ温泉"
    ],
    "weekday": [
        "10:36",
        "12:19",
        "18:42",
        "18:54",
        "19:44"
    ],
    "saturday": [
        "10:41",
        "12:21",
        "14:32",
        "16:00",
        "18:42",
        "18:54",
        "19:44"
    ],
    "holiday": [
        "10:41",
        "12:21",
        "14:32",
        "16:00",
        "18:42",
        "18:54",
        "19:44"
    ],
    "url": "https://www.kanachu.co.jp/dia/diagram/timetable01_js/course:0000803787-2/node:00129011/kt:0/lname:/"
}
