{
    "date": "2025/04/01",
    "name": "中尾(相模原市緑区)",
    "position": "-",
    "system": "野11",
    "destinations": [
        "やまなみ温泉入口",
        "やまなみ温泉"
    ],
    "weekday": [
        "10:43",
        "12:26",
        "18:49",
        "19:01",
        "19:51"
    ],
    "saturday": [
        "10:48",
        "12:28",
        "14:39",
        "16:07",
        "18:49",
        "19:01",
        "19:51"
    ],
    "holiday": [
        "10:48",
        "12:28",
        "14:39",
        "16:07",
        "18:49",
        "19:01",
        "19:51"
    ],
    "url": "https://www.kanachu.co.jp/dia/diagram/timetable01_js/course:0000803787-12/node:00128798/kt:0/lname:/"
}
