{
    "date": "2025/08/04",
    "name": "森の上",
    "position": "-",
    "system": "橋31",
    "destinations": [
        "二本松(相模原市緑区)",
        "相原中央",
        "相原台",
        "大西(相模原市緑区)",
        "上町(相模原市緑区)",
        "緑区合同庁舎前(相模原市緑区)",
        "橋本二丁目",
        "橋本駅南口"
    ],
    "weekday": [
        "5:38",
        "6:14",
        "6:37",
        "15:50"
    ],
    "saturday": [],
    "holiday": [],
    "url": "https://www.kanachu.co.jp/dia/diagram/timetable01_js/course:0000800948-9/node:00128963/kt:0/lname:/"
}
