{
    "date": "2026/01/16",
    "name": "団地東(伊勢原市)",
    "position": "-",
    "system": "伊44",
    "destinations": [
        "市ノ坪",
        "伊勢原車庫"
    ],
    "weekday": [
        "7:23",
        "7:53",
        "8:08",
        "8:23",
        "8:40",
        "9:13",
        "10:03",
        "10:43",
        "11:43",
        "12:43",
        "13:43",
        "14:43",
        "15:13",
        "16:13",
        "17:13",
        "18:13"
    ],
    "saturday": [
        "8:07",
        "10:38",
        "11:38",
        "12:38",
        "13:38",
        "14:38",
        "15:38"
    ],
    "holiday": [
        "10:38",
        "11:38",
        "12:38",
        "13:38",
        "14:38",
        "15:38"
    ],
    "url": "https://www.kanachu.co.jp/dia/diagram/timetable01_js/course:0000804053-9/node:00128137/kt:0/lname:/"
}
