{
    "date": "2024/03/16",
    "name": "多摩美術大学南",
    "position": "-",
    "system": "橋76",
    "destinations": [
        "三ツ目山公園",
        "小山ヶ丘小学校前",
        "響きの丘",
        "町有",
        "多摩境駅",
        "小山内裏公園南",
        "まちだテクノパーク前",
        "小山上沼公園",
        "多摩境通り北",
        "神奈中多摩車庫"
    ],
    "weekday": [
        "6:43",
        "7:03",
        "7:17",
        "7:35",
        "7:47",
        "7:57",
        "8:13",
        "8:27",
        "8:53",
        "9:05",
        "9:17",
        "9:33",
        "9:48",
        "10:05",
        "10:36",
        "10:48",
        "11:01",
        "11:13",
        "11:33",
        "11:58",
        "12:10",
        "12:35",
        "13:01",
        "13:28",
        "13:53",
        "14:13",
        "14:23",
        "14:43",
        "15:03",
        "15:18",
        "15:43",
        "16:07",
        "16:23",
        "16:45",
        "17:07",
        "17:17",
        "17:27",
        "17:43",
        "17:57",
        "18:11",
        "18:21",
        "18:31",
        "18:41",
        "18:53",
        "19:10",
        "19:30",
        "19:48",
        "20:10",
        "20:28",
        "20:48",
        "21:18",
        "21:48",
        "22:13",
        "22:54"
    ],
    "saturday": [
        "8:05",
        "8:30",
        "8:53",
        "9:08",
        "9:30",
        "9:48",
        "10:05",
        "10:33",
        "11:05",
        "11:41",
        "12:05",
        "12:33",
        "13:05",
        "13:35",
        "14:05",
        "14:33",
        "15:05",
        "15:28",
        "15:45",
        "16:15",
        "16:45",
        "17:05",
        "17:23",
        "17:45",
        "18:08",
        "18:25",
        "18:48",
        "19:08",
        "19:23",
        "19:50",
        "20:20",
        "20:50",
        "21:20",
        "21:50",
        "22:13"
    ],
    "holiday": [
        "8:11",
        "8:43",
        "9:13",
        "9:33",
        "10:05",
        "10:33",
        "11:05",
        "11:33",
        "12:05",
        "12:33",
        "13:05",
        "13:35",
        "14:05",
        "14:33",
        "15:05",
        "15:33",
        "16:05",
        "16:33",
        "17:05",
        "17:33",
        "18:05",
        "18:33",
        "19:05",
        "19:33",
        "20:05",
        "20:43",
        "21:43",
        "22:13"
    ],
    "url": "https://www.kanachu.co.jp/dia/diagram/timetable01_js/course:0000802977-5/node:00130115/kt:0/lname:/"
}
