{
    "date": "2025/04/01",
    "name": "西海岸",
    "position": "-",
    "system": "平40",
    "destinations": [
        "下花水橋",
        "なでしこ公民館前",
        "花水公園前",
        "花水台",
        "浜岳",
        "すみれ平局前",
        "浜岳中学校前",
        "花水公民館前",
        "桃浜町",
        "羽衣公園入口",
        "八重咲町",
        "平塚駅南口"
    ],
    "weekday": [
        "5:34",
        "5:48",
        "6:04",
        "6:40",
        "6:55",
        "7:16",
        "7:37",
        "7:58",
        "8:22",
        "8:30",
        "8:48",
        "9:20",
        "9:35",
        "10:00",
        "10:20",
        "11:00",
        "11:20",
        "12:00",
        "12:20",
        "13:00",
        "13:20",
        "14:00",
        "14:20",
        "15:00",
        "15:20",
        "16:00",
        "16:20",
        "17:00",
        "17:31",
        "21:12",
        "21:57"
    ],
    "saturday": [
        "6:10",
        "6:40",
        "7:20",
        "8:00",
        "8:20",
        "9:00",
        "9:20",
        "10:00",
        "10:20",
        "11:00",
        "11:20",
        "12:00",
        "12:20",
        "13:00",
        "13:20",
        "14:00",
        "14:20",
        "15:00",
        "15:20",
        "16:00",
        "16:20",
        "17:00",
        "17:20",
        "18:00",
        "18:20",
        "19:00",
        "19:20",
        "20:00",
        "21:04"
    ],
    "holiday": [
        "6:10",
        "6:40",
        "7:20",
        "8:00",
        "8:20",
        "9:00",
        "9:20",
        "10:00",
        "10:20",
        "11:00",
        "11:20",
        "12:00",
        "12:20",
        "13:00",
        "13:20",
        "14:00",
        "14:20",
        "15:00",
        "15:20",
        "16:00",
        "16:20",
        "17:00",
        "17:20",
        "18:00",
        "18:20",
        "19:00",
        "19:20",
        "20:00",
        "21:04"
    ],
    "url": "https://www.kanachu.co.jp/dia/diagram/timetable01_js/course:0000803786-1/node:00127452/kt:0/lname:/"
}
