{
    "date": "2025/07/27",
    "name": "中2号前",
    "position": "-",
    "system": "二36",
    "destinations": [
        "南1号前",
        "南2号前",
        "南3号前",
        "中3号前",
        "中4号前",
        "中5号前",
        "団地中央(中郡二宮町)",
        "南4号前",
        "南5号前",
        "四ツ谷(中郡二宮町)",
        "中里(中郡二宮町)",
        "中島(中郡二宮町)",
        "堂面(中郡二宮町)",
        "元町(中郡二宮町)",
        "二宮駅北口"
    ],
    "weekday": [
        "10:02",
        "11:02",
        "12:02",
        "13:02",
        "14:02",
        "15:07",
        "16:02",
        "17:02"
    ],
    "saturday": [
        "9:41",
        "10:41",
        "11:46",
        "12:41",
        "13:41",
        "14:41",
        "15:41",
        "16:46"
    ],
    "holiday": [
        "9:41",
        "10:41",
        "11:46",
        "12:41",
        "13:41",
        "14:41",
        "15:41",
        "16:46"
    ],
    "url": "https://www.kanachu.co.jp/dia/diagram/timetable01_js/course:0000801998-13/node:00127804/kt:0/lname:/"
}
