{
    "date": "2025/07/27",
    "name": "南2号前",
    "position": "-",
    "system": "二36",
    "destinations": [
        "南3号前",
        "中3号前",
        "中4号前",
        "中5号前",
        "団地中央(中郡二宮町)",
        "南4号前",
        "南5号前",
        "四ツ谷(中郡二宮町)",
        "中里(中郡二宮町)",
        "中島(中郡二宮町)",
        "堂面(中郡二宮町)",
        "元町(中郡二宮町)",
        "二宮駅北口"
    ],
    "weekday": [
        "10:04",
        "11:04",
        "12:04",
        "13:04",
        "14:04",
        "15:09",
        "16:04",
        "17:04"
    ],
    "saturday": [
        "9:43",
        "10:43",
        "11:48",
        "12:43",
        "13:43",
        "14:43",
        "15:43",
        "16:48"
    ],
    "holiday": [
        "9:43",
        "10:43",
        "11:48",
        "12:43",
        "13:43",
        "14:43",
        "15:43",
        "16:48"
    ],
    "url": "https://www.kanachu.co.jp/dia/diagram/timetable01_js/course:0000801998-15/node:00127806/kt:0/lname:/"
}
