{
    "date": "2025/07/27",
    "name": "中5号前",
    "position": "-",
    "system": "二36",
    "destinations": [
        "団地中央(中郡二宮町)",
        "南4号前",
        "南5号前",
        "四ツ谷(中郡二宮町)",
        "中里(中郡二宮町)",
        "中島(中郡二宮町)",
        "堂面(中郡二宮町)",
        "元町(中郡二宮町)",
        "二宮駅北口"
    ],
    "weekday": [
        "10:08",
        "11:08",
        "12:08",
        "13:08",
        "14:08",
        "15:13",
        "16:08",
        "17:08"
    ],
    "saturday": [
        "9:47",
        "10:47",
        "11:52",
        "12:47",
        "13:47",
        "14:47",
        "15:47",
        "16:52"
    ],
    "holiday": [
        "9:47",
        "10:47",
        "11:52",
        "12:47",
        "13:47",
        "14:47",
        "15:47",
        "16:52"
    ],
    "url": "https://www.kanachu.co.jp/dia/diagram/timetable01_js/course:0000801998-19/node:00127810/kt:0/lname:/"
}
