{
    "date": "2025/07/27",
    "name": "団地中央(中郡二宮町)",
    "position": "-",
    "system": "二36",
    "destinations": [
        "南4号前",
        "南5号前",
        "四ツ谷(中郡二宮町)",
        "中里(中郡二宮町)",
        "中島(中郡二宮町)",
        "堂面(中郡二宮町)",
        "元町(中郡二宮町)",
        "二宮駅北口"
    ],
    "weekday": [
        "10:13",
        "11:13",
        "12:13",
        "13:13",
        "14:13",
        "15:18",
        "16:13",
        "17:13"
    ],
    "saturday": [
        "9:51",
        "10:51",
        "11:56",
        "12:51",
        "13:51",
        "14:51",
        "15:51",
        "16:56"
    ],
    "holiday": [
        "9:51",
        "10:51",
        "11:56",
        "12:51",
        "13:51",
        "14:51",
        "15:51",
        "16:56"
    ],
    "url": "https://www.kanachu.co.jp/dia/diagram/timetable01_js/course:0000801998-20/node:00127786/kt:0/lname:/"
}
