{
    "system": "二36",
    "busstops": [
        {
            "index": "1",
            "id": "00127683",
            "name": "二宮駅北口",
            "lat": "35.299089",
            "lng": "139.257381"
        },
        {
            "index": "2",
            "id": "00127791",
            "name": "元町(中郡二宮町)",
            "lat": "35.301632",
            "lng": "139.258545"
        },
        {
            "index": "3",
            "id": "00127790",
            "name": "堂面(中郡二宮町)",
            "lat": "35.30523",
            "lng": "139.255254"
        },
        {
            "index": "4",
            "id": "00127789",
            "name": "中島(中郡二宮町)",
            "lat": "35.307295",
            "lng": "139.252859"
        },
        {
            "index": "5",
            "id": "00127788",
            "name": "中里(中郡二宮町)",
            "lat": "35.308334",
            "lng": "139.248841"
        },
        {
            "index": "6",
            "id": "00127792",
            "name": "四ツ谷(中郡二宮町)",
            "lat": "35.308713",
            "lng": "139.246604"
        },
        {
            "index": "7",
            "id": "00127793",
            "name": "谷屋津",
            "lat": "35.308386",
            "lng": "139.244176"
        },
        {
            "index": "8",
            "id": "00127794",
            "name": "南5号前",
            "lat": "35.308385",
            "lng": "139.242079"
        },
        {
            "index": "9",
            "id": "00127795",
            "name": "南4号前",
            "lat": "35.310325",
            "lng": "139.244189"
        },
        {
            "index": "10",
            "id": "00127786",
            "name": "団地中央(中郡二宮町)",
            "lat": "35.31213",
            "lng": "139.243425"
        },
        {
            "index": "11",
            "id": "00127802",
            "name": "一色小学校前(中郡二宮町)",
            "lat": "35.311732",
            "lng": "139.240298"
        },
        {
            "index": "12",
            "id": "00127803",
            "name": "中1号前",
            "lat": "35.310834",
            "lng": "139.238276"
        },
        {
            "index": "13",
            "id": "00127804",
            "name": "中2号前",
            "lat": "35.309315",
            "lng": "139.236909"
        },
        {
            "index": "14",
            "id": "00127805",
            "name": "南1号前",
            "lat": "35.307066",
            "lng": "139.237447"
        },
        {
            "index": "15",
            "id": "00127806",
            "name": "南2号前",
            "lat": "35.305773",
            "lng": "139.239848"
        },
        {
            "index": "16",
            "id": "00127807",
            "name": "南3号前",
            "lat": "35.307235",
            "lng": "139.240077"
        },
        {
            "index": "17",
            "id": "00127808",
            "name": "中3号前",
            "lat": "35.309297",
            "lng": "139.238398"
        },
        {
            "index": "18",
            "id": "00127809",
            "name": "中4号前",
            "lat": "35.309412",
            "lng": "139.241156"
        },
        {
            "index": "19",
            "id": "00127810",
            "name": "中5号前",
            "lat": "35.310098",
            "lng": "139.242624"
        },
        {
            "index": "20",
            "id": "00127786",
            "name": "団地中央(中郡二宮町)",
            "lat": "35.312088",
            "lng": "139.243463"
        },
        {
            "index": "21",
            "id": "00127795",
            "name": "南4号前",
            "lat": "35.310293",
            "lng": "139.244292"
        },
        {
            "index": "22",
            "id": "00127794",
            "name": "南5号前",
            "lat": "35.308032",
            "lng": "139.242924"
        },
        {
            "index": "23",
            "id": "00127792",
            "name": "四ツ谷(中郡二宮町)",
            "lat": "35.308686",
            "lng": "139.245583"
        },
        {
            "index": "24",
            "id": "00127788",
            "name": "中里(中郡二宮町)",
            "lat": "35.308627",
            "lng": "139.250211"
        },
        {
            "index": "25",
            "id": "00127789",
            "name": "中島(中郡二宮町)",
            "lat": "35.307516",
            "lng": "139.25288"
        },
        {
            "index": "26",
            "id": "00127790",
            "name": "堂面(中郡二宮町)",
            "lat": "35.305482",
            "lng": "139.255251"
        },
        {
            "index": "27",
            "id": "00127791",
            "name": "元町(中郡二宮町)",
            "lat": "35.301529",
            "lng": "139.257673"
        },
        {
            "index": "28",
            "id": "00127683",
            "name": "二宮駅北口",
            "lat": "35.29915",
            "lng": "139.257459"
        }
    ],
    "route_url": "https://www.kanachu.co.jp/dia/route/index/cid:0000801998/"
}
