{
    "date": "2026/01/16",
    "name": "鈴川会館前",
    "position": "-",
    "system": "伊01",
    "destinations": [
        "団地西(伊勢原市)",
        "団地南(伊勢原市)",
        "関台",
        "谷戸大竹",
        "竹園小学校入口",
        "竹園小学校前",
        "御岳",
        "岡崎福祉館前",
        "馬渡(伊勢原市)",
        "団地下大竹",
        "団地南口(伊勢原市)",
        "ひかり幼稚園前",
        "千津",
        "伊勢原駅南口"
    ],
    "weekday": [
        "5:40",
        "6:00",
        "6:20",
        "6:45",
        "7:00",
        "7:15"
    ],
    "saturday": [
        "6:10",
        "6:50",
        "7:15",
        "8:15",
        "10:16",
        "11:16"
    ],
    "holiday": [
        "6:10",
        "6:50",
        "7:20",
        "8:16",
        "10:16",
        "11:16"
    ],
    "url": "https://www.kanachu.co.jp/dia/diagram/timetable01_js/course:0000804027-2/node:00128140/kt:0/lname:/"
}
