{
    "date": "2026/01/16",
    "name": "団地西(伊勢原市)",
    "position": "-",
    "system": "伊01",
    "destinations": [
        "団地南(伊勢原市)",
        "関台",
        "谷戸大竹",
        "竹園小学校入口",
        "竹園小学校前",
        "御岳",
        "岡崎福祉館前",
        "馬渡(伊勢原市)",
        "団地下大竹",
        "団地南口(伊勢原市)",
        "ひかり幼稚園前",
        "千津",
        "伊勢原駅南口"
    ],
    "weekday": [
        "5:41",
        "6:01",
        "6:21",
        "6:46",
        "7:01",
        "7:16"
    ],
    "saturday": [
        "6:11",
        "6:51",
        "7:16",
        "8:16",
        "10:17",
        "11:17"
    ],
    "holiday": [
        "6:11",
        "6:51",
        "7:21",
        "8:17",
        "10:17",
        "11:17"
    ],
    "url": "https://www.kanachu.co.jp/dia/diagram/timetable01_js/course:0000804027-3/node:00128139/kt:0/lname:/"
}
