{
    "date": "2026/01/16",
    "name": "団地南(伊勢原市)",
    "position": "-",
    "system": "伊01",
    "destinations": [
        "関台",
        "谷戸大竹",
        "竹園小学校入口",
        "竹園小学校前",
        "御岳",
        "岡崎福祉館前",
        "馬渡(伊勢原市)",
        "団地下大竹",
        "団地南口(伊勢原市)",
        "ひかり幼稚園前",
        "千津",
        "伊勢原駅南口"
    ],
    "weekday": [
        "5:42",
        "6:02",
        "6:22",
        "6:47",
        "7:02",
        "7:17"
    ],
    "saturday": [
        "6:12",
        "6:52",
        "7:17",
        "8:17",
        "10:18",
        "11:18"
    ],
    "holiday": [
        "6:12",
        "6:52",
        "7:22",
        "8:18",
        "10:18",
        "11:18"
    ],
    "url": "https://www.kanachu.co.jp/dia/diagram/timetable01_js/course:0000804027-4/node:00128138/kt:0/lname:/"
}
