{
    "date": "2026/01/16",
    "name": "グリーンプラザ(相模原市中央区)",
    "position": "-",
    "system": "相27",
    "destinations": [
        "市役所前(相模原市中央区)",
        "ウェルネスさがみはら前",
        "職業安定所前(相模原市中央区)",
        "千代田一丁目",
        "千代田十字路",
        "千代田五丁目",
        "光が丘一丁目(相模原市中央区)",
        "光が丘小学校前",
        "光が丘大通り",
        "光が丘三丁目(相模原市中央区)",
        "緑が丘一丁目(相模原市中央区)",
        "陽光台六丁目",
        "相模原浄水場",
        "麻溝車庫",
        "友愛病院前",
        "北里大学病院・北里大学",
        "友愛病院前",
        "友愛病院入口",
        "県立相模原公園入口",
        "総合体育館前(相模原市南区)",
        "麻溝台公園前",
        "若草小学校前(相模原市南区)",
        "若草公園前",
        "団地北(相模原市南区)",
        "相武台団地",
        "北相武台",
        "県営住宅入口(座間市)",
        "相武台前駅"
    ],
    "weekday": [
        "5:58",
        "6:29",
        "7:19",
        "8:34",
        "10:42",
        "12:42",
        "14:42",
        "15:37",
        "16:37",
        "17:37",
        "18:37",
        "19:36"
    ],
    "saturday": [
        "7:22",
        "8:21",
        "9:21",
        "10:13",
        "11:13",
        "12:13",
        "13:13",
        "14:13",
        "15:13",
        "16:13",
        "17:13",
        "18:13"
    ],
    "holiday": [
        "7:23",
        "8:23",
        "9:23",
        "10:23",
        "11:13",
        "12:13",
        "13:13",
        "14:13",
        "15:13",
        "16:13",
        "17:13"
    ],
    "url": "https://www.kanachu.co.jp/dia/diagram/timetable01_js/course:0000803952-5/node:00128538/kt:0/lname:/"
}
