{
    "date": "2026/01/16",
    "name": "緑が丘一丁目(相模原市中央区)",
    "position": "-",
    "system": "相27",
    "destinations": [
        "陽光台六丁目",
        "相模原浄水場",
        "麻溝車庫",
        "友愛病院前",
        "北里大学病院・北里大学",
        "友愛病院前",
        "友愛病院入口",
        "県立相模原公園入口",
        "総合体育館前(相模原市南区)",
        "麻溝台公園前",
        "若草小学校前(相模原市南区)",
        "若草公園前",
        "団地北(相模原市南区)",
        "相武台団地",
        "北相武台",
        "県営住宅入口(座間市)",
        "相武台前駅"
    ],
    "weekday": [
        "6:12",
        "6:43",
        "7:33",
        "8:48",
        "10:56",
        "12:56",
        "14:56",
        "15:51",
        "16:51",
        "17:51",
        "18:51",
        "19:48"
    ],
    "saturday": [
        "7:35",
        "8:34",
        "9:34",
        "10:25",
        "11:25",
        "12:25",
        "13:25",
        "14:25",
        "15:25",
        "16:25",
        "17:25",
        "18:25"
    ],
    "holiday": [
        "7:35",
        "8:35",
        "9:35",
        "10:35",
        "11:25",
        "12:25",
        "13:25",
        "14:25",
        "15:25",
        "16:25",
        "17:25"
    ],
    "url": "https://www.kanachu.co.jp/dia/diagram/timetable01_js/course:0000803952-16/node:00129265/kt:0/lname:/"
}
