{
    "date": "2026/01/16",
    "name": "県立相模原公園入口",
    "position": "-",
    "system": "相27",
    "destinations": [
        "総合体育館前(相模原市南区)",
        "麻溝台公園前",
        "若草小学校前(相模原市南区)",
        "若草公園前",
        "団地北(相模原市南区)",
        "相武台団地",
        "北相武台",
        "県営住宅入口(座間市)",
        "相武台前駅"
    ],
    "weekday": [
        "6:28",
        "6:59",
        "7:49",
        "9:04",
        "11:10",
        "13:10",
        "15:10",
        "16:05",
        "17:05",
        "18:07",
        "19:09",
        "20:00"
    ],
    "saturday": [
        "7:45",
        "8:45",
        "9:45",
        "10:40",
        "11:40",
        "12:40",
        "13:40",
        "14:40",
        "15:40",
        "16:40",
        "17:40",
        "18:40"
    ],
    "holiday": [
        "7:45",
        "8:45",
        "9:45",
        "10:48",
        "11:38",
        "12:38",
        "13:38",
        "14:38",
        "15:38",
        "16:38",
        "17:38"
    ],
    "url": "https://www.kanachu.co.jp/dia/diagram/timetable01_js/course:0000803952-24/node:00129134/kt:0/lname:/"
}
