{
    "date": "2026/01/16",
    "name": "総合体育館前(相模原市南区)",
    "position": "-",
    "system": "相27",
    "destinations": [
        "麻溝台公園前",
        "若草小学校前(相模原市南区)",
        "若草公園前",
        "団地北(相模原市南区)",
        "相武台団地",
        "北相武台",
        "県営住宅入口(座間市)",
        "相武台前駅"
    ],
    "weekday": [
        "6:29",
        "7:00",
        "7:50",
        "9:05",
        "11:11",
        "13:11",
        "15:11",
        "16:06",
        "17:06",
        "18:08",
        "19:10",
        "20:01"
    ],
    "saturday": [
        "7:46",
        "8:46",
        "9:46",
        "10:41",
        "11:41",
        "12:41",
        "13:41",
        "14:41",
        "15:41",
        "16:41",
        "17:41",
        "18:41"
    ],
    "holiday": [
        "7:46",
        "8:46",
        "9:46",
        "10:49",
        "11:39",
        "12:39",
        "13:39",
        "14:39",
        "15:39",
        "16:39",
        "17:39"
    ],
    "url": "https://www.kanachu.co.jp/dia/diagram/timetable01_js/course:0000803952-25/node:00129178/kt:0/lname:/"
}
