{
    "date": "2026/01/16",
    "name": "北相武台",
    "position": "-",
    "system": "相27",
    "destinations": [
        "県営住宅入口(座間市)",
        "相武台前駅"
    ],
    "weekday": [
        "6:39",
        "7:10",
        "8:00",
        "9:15",
        "11:21",
        "13:21",
        "15:21",
        "16:16",
        "17:18",
        "18:18",
        "19:19",
        "20:10"
    ],
    "saturday": [
        "7:54",
        "8:54",
        "9:54",
        "10:51",
        "11:51",
        "12:51",
        "13:51",
        "14:51",
        "15:51",
        "16:51",
        "17:51",
        "18:51"
    ],
    "holiday": [
        "7:54",
        "8:54",
        "9:54",
        "10:58",
        "11:48",
        "12:48",
        "13:48",
        "14:48",
        "15:48",
        "16:48",
        "17:48"
    ],
    "url": "https://www.kanachu.co.jp/dia/diagram/timetable01_js/course:0000803952-31/node:00128596/kt:0/lname:/"
}
