{
    "date": "2025/11/16",
    "name": "薬王寺入口",
    "position": "-",
    "system": "",
    "destinations": [
        "鶴ヶ峰本町",
        "鶴ヶ峰駅",
        "白根町",
        "白根不動入口",
        "下白根橋",
        "西谷(横浜市旭区)",
        "西谷駅前",
        "梅の木(横浜市保土ケ谷区)",
        "西谷妙福寺前",
        "川島町(横浜市保土ケ谷区)",
        "杉山神社前(横浜市保土ケ谷区)",
        "上星川",
        "保土ヶ谷中学校前",
        "和田町(横浜市保土ケ谷区)",
        "常盤園下",
        "峰岡町",
        "峯小学校前",
        "宮田町(横浜市保土ケ谷区)",
        "洪福寺",
        "浅間町車庫前",
        "浅岡橋",
        "浅間下(横浜市西区)",
        "楠町",
        "鶴屋町三丁目",
        "横浜駅西口"
    ],
    "weekday": [
        "6:15",
        "6:38",
        "7:42",
        "8:42",
        "9:42",
        "10:49",
        "11:49",
        "12:49",
        "13:49",
        "14:49",
        "15:49",
        "16:49",
        "17:50",
        "18:50",
        "19:49",
        "20:59",
        "22:15"
    ],
    "saturday": [
        "5:52",
        "6:28",
        "7:26",
        "8:02",
        "8:39",
        "9:39",
        "10:41",
        "11:39",
        "12:39",
        "13:39",
        "14:39",
        "15:39",
        "16:39",
        "17:39",
        "18:39",
        "19:39",
        "20:16"
    ],
    "holiday": [
        "6:15",
        "7:12",
        "8:00",
        "8:33",
        "9:39",
        "10:39",
        "11:39",
        "12:39",
        "13:39",
        "14:39",
        "15:41",
        "16:39",
        "17:39",
        "18:39",
        "19:44",
        "20:14"
    ],
    "url": "https://www.kanachu.co.jp/dia/diagram/timetable01_js/course:0000802206-20/node:00129719/kt:0/lname:/"
}
