{
    "date": "2025/11/16",
    "name": "鶴ヶ峰本町",
    "position": "-",
    "system": "05",
    "destinations": [
        "鶴ヶ峰駅",
        "白根町",
        "白根不動入口",
        "下白根橋",
        "西谷(横浜市旭区)",
        "西谷駅前",
        "梅の木(横浜市保土ケ谷区)",
        "西谷妙福寺前",
        "川島町(横浜市保土ケ谷区)",
        "杉山神社前(横浜市保土ケ谷区)",
        "上星川",
        "保土ヶ谷中学校前",
        "和田町(横浜市保土ケ谷区)",
        "常盤園下",
        "峰岡町",
        "峯小学校前",
        "宮田町(横浜市保土ケ谷区)",
        "洪福寺",
        "浅間町車庫前",
        "浅岡橋",
        "浅間下(横浜市西区)",
        "楠町",
        "鶴屋町三丁目",
        "横浜駅西口"
    ],
    "weekday": [
        "6:16",
        "6:39",
        "7:43",
        "8:43",
        "9:43",
        "10:50",
        "11:50",
        "12:50",
        "13:50",
        "14:50",
        "15:50",
        "16:50",
        "17:51",
        "18:51",
        "19:50",
        "21:00",
        "22:16"
    ],
    "saturday": [
        "5:53",
        "6:29",
        "7:27",
        "8:03",
        "8:40",
        "9:40",
        "10:42",
        "11:40",
        "12:40",
        "13:40",
        "14:40",
        "15:40",
        "16:40",
        "17:40",
        "18:40",
        "19:40",
        "20:17"
    ],
    "holiday": [
        "6:16",
        "7:13",
        "8:01",
        "8:34",
        "9:40",
        "10:40",
        "11:40",
        "12:40",
        "13:40",
        "14:40",
        "15:42",
        "16:40",
        "17:40",
        "18:40",
        "19:45",
        "20:15"
    ],
    "url": "https://www.kanachu.co.jp/dia/diagram/timetable01_js/course:0000802206-21/node:00129720/kt:0/lname:/"
}
