{
    "date": "2025/11/16",
    "name": "白根町",
    "position": "-",
    "system": "",
    "destinations": [
        "白根不動入口",
        "下白根橋",
        "西谷(横浜市旭区)",
        "西谷駅前",
        "梅の木(横浜市保土ケ谷区)",
        "西谷妙福寺前",
        "川島町(横浜市保土ケ谷区)",
        "杉山神社前(横浜市保土ケ谷区)",
        "上星川",
        "保土ヶ谷中学校前",
        "和田町(横浜市保土ケ谷区)",
        "常盤園下",
        "峰岡町",
        "峯小学校前",
        "宮田町(横浜市保土ケ谷区)",
        "洪福寺",
        "浅間町車庫前",
        "浅岡橋",
        "浅間下(横浜市西区)",
        "楠町",
        "鶴屋町三丁目",
        "横浜駅西口"
    ],
    "weekday": [
        "6:24",
        "6:47",
        "7:57",
        "8:57",
        "9:53",
        "11:00",
        "12:00",
        "13:00",
        "14:00",
        "15:00",
        "16:00",
        "17:03",
        "18:04",
        "18:59",
        "19:58",
        "21:05",
        "22:21"
    ],
    "saturday": [
        "6:01",
        "6:37",
        "7:35",
        "8:14",
        "8:51",
        "9:52",
        "10:54",
        "11:52",
        "12:47",
        "13:47",
        "14:47",
        "15:47",
        "16:47",
        "17:47",
        "18:47",
        "19:47",
        "20:22"
    ],
    "holiday": [
        "6:24",
        "7:21",
        "8:12",
        "8:45",
        "9:47",
        "10:47",
        "11:47",
        "12:47",
        "13:47",
        "14:47",
        "15:49",
        "16:47",
        "17:47",
        "18:47",
        "19:52",
        "20:20"
    ],
    "url": "https://www.kanachu.co.jp/dia/diagram/timetable01_js/course:0000802206-23/node:00102606/kt:0/lname:/"
}
