{
    "date": "2025/11/16",
    "name": "下白根橋",
    "position": "-",
    "system": "",
    "destinations": [
        "西谷(横浜市旭区)",
        "西谷駅前",
        "梅の木(横浜市保土ケ谷区)",
        "西谷妙福寺前",
        "川島町(横浜市保土ケ谷区)",
        "杉山神社前(横浜市保土ケ谷区)",
        "上星川",
        "保土ヶ谷中学校前",
        "和田町(横浜市保土ケ谷区)",
        "常盤園下",
        "峰岡町",
        "峯小学校前",
        "宮田町(横浜市保土ケ谷区)",
        "洪福寺",
        "浅間町車庫前",
        "浅岡橋",
        "浅間下(横浜市西区)",
        "楠町",
        "鶴屋町三丁目",
        "横浜駅西口"
    ],
    "weekday": [
        "6:26",
        "6:49",
        "7:59",
        "8:59",
        "9:55",
        "11:02",
        "12:02",
        "13:02",
        "14:02",
        "15:02",
        "16:02",
        "17:05",
        "18:06",
        "19:01",
        "20:00",
        "21:07",
        "22:23"
    ],
    "saturday": [
        "6:03",
        "6:39",
        "7:37",
        "8:16",
        "8:53",
        "9:54",
        "10:56",
        "11:54",
        "12:49",
        "13:49",
        "14:49",
        "15:49",
        "16:49",
        "17:49",
        "18:49",
        "19:49",
        "20:24"
    ],
    "holiday": [
        "6:26",
        "7:23",
        "8:14",
        "8:47",
        "9:49",
        "10:49",
        "11:49",
        "12:49",
        "13:49",
        "14:49",
        "15:51",
        "16:49",
        "17:49",
        "18:49",
        "19:54",
        "20:22"
    ],
    "url": "https://www.kanachu.co.jp/dia/diagram/timetable01_js/course:0000802206-25/node:00102591/kt:0/lname:/"
}
