{
    "date": "2025/11/16",
    "name": "西谷駅前",
    "position": "-",
    "system": "",
    "destinations": [
        "梅の木(横浜市保土ケ谷区)",
        "西谷妙福寺前",
        "川島町(横浜市保土ケ谷区)",
        "杉山神社前(横浜市保土ケ谷区)",
        "上星川",
        "保土ヶ谷中学校前",
        "和田町(横浜市保土ケ谷区)",
        "常盤園下",
        "峰岡町",
        "峯小学校前",
        "宮田町(横浜市保土ケ谷区)",
        "洪福寺",
        "浅間町車庫前",
        "浅岡橋",
        "浅間下(横浜市西区)",
        "楠町",
        "鶴屋町三丁目",
        "横浜駅西口"
    ],
    "weekday": [
        "6:29",
        "6:52",
        "8:02",
        "9:02",
        "9:58",
        "11:05",
        "12:05",
        "13:05",
        "14:05",
        "15:05",
        "16:05",
        "17:08",
        "18:09",
        "19:04",
        "20:03",
        "21:10",
        "22:26"
    ],
    "saturday": [
        "6:06",
        "6:42",
        "7:40",
        "8:19",
        "8:56",
        "9:57",
        "10:59",
        "11:57",
        "12:52",
        "13:52",
        "14:52",
        "15:52",
        "16:52",
        "17:52",
        "18:52",
        "19:52",
        "20:27"
    ],
    "holiday": [
        "6:29",
        "7:26",
        "8:17",
        "8:50",
        "9:52",
        "10:52",
        "11:52",
        "12:52",
        "13:52",
        "14:52",
        "15:54",
        "16:52",
        "17:52",
        "18:52",
        "19:57",
        "20:25"
    ],
    "url": "https://www.kanachu.co.jp/dia/diagram/timetable01_js/course:0000802206-27/node:00102883/kt:0/lname:/"
}
