{
    "date": "2025/11/16",
    "name": "梅の木(横浜市保土ケ谷区)",
    "position": "-",
    "system": "05",
    "destinations": [
        "西谷妙福寺前",
        "川島町(横浜市保土ケ谷区)",
        "杉山神社前(横浜市保土ケ谷区)",
        "上星川",
        "保土ヶ谷中学校前",
        "和田町(横浜市保土ケ谷区)",
        "常盤園下",
        "峰岡町",
        "峯小学校前",
        "宮田町(横浜市保土ケ谷区)",
        "洪福寺",
        "浅間町車庫前",
        "浅岡橋",
        "浅間下(横浜市西区)",
        "楠町",
        "鶴屋町三丁目",
        "横浜駅西口"
    ],
    "weekday": [
        "6:30",
        "6:53",
        "8:03",
        "9:03",
        "9:59",
        "11:06",
        "12:06",
        "13:06",
        "14:06",
        "15:06",
        "16:06",
        "17:09",
        "18:10",
        "19:05",
        "20:04",
        "21:11",
        "22:27"
    ],
    "saturday": [
        "6:07",
        "6:43",
        "7:41",
        "8:20",
        "8:57",
        "9:58",
        "11:00",
        "11:58",
        "12:53",
        "13:53",
        "14:53",
        "15:53",
        "16:53",
        "17:53",
        "18:53",
        "19:53",
        "20:28"
    ],
    "holiday": [
        "6:30",
        "7:27",
        "8:18",
        "8:51",
        "9:53",
        "10:53",
        "11:53",
        "12:53",
        "13:53",
        "14:53",
        "15:55",
        "16:53",
        "17:53",
        "18:53",
        "19:58",
        "20:26"
    ],
    "url": "https://www.kanachu.co.jp/dia/diagram/timetable01_js/course:0000802206-28/node:00102279/kt:0/lname:/"
}
