{
    "date": "2025/11/16",
    "name": "西谷妙福寺前",
    "position": "-",
    "system": "",
    "destinations": [
        "川島町(横浜市保土ケ谷区)",
        "杉山神社前(横浜市保土ケ谷区)",
        "上星川",
        "保土ヶ谷中学校前",
        "和田町(横浜市保土ケ谷区)",
        "常盤園下",
        "峰岡町",
        "峯小学校前",
        "宮田町(横浜市保土ケ谷区)",
        "洪福寺",
        "浅間町車庫前",
        "浅岡橋",
        "浅間下(横浜市西区)",
        "楠町",
        "鶴屋町三丁目",
        "横浜駅西口"
    ],
    "weekday": [
        "6:31",
        "6:54",
        "8:04",
        "9:04",
        "10:00",
        "11:07",
        "12:07",
        "13:07",
        "14:07",
        "15:07",
        "16:07",
        "17:10",
        "18:11",
        "19:06",
        "20:05",
        "21:12",
        "22:28"
    ],
    "saturday": [
        "6:08",
        "6:44",
        "7:42",
        "8:21",
        "8:58",
        "9:59",
        "11:01",
        "11:59",
        "12:54",
        "13:54",
        "14:54",
        "15:54",
        "16:54",
        "17:54",
        "18:54",
        "19:54",
        "20:29"
    ],
    "holiday": [
        "6:31",
        "7:28",
        "8:19",
        "8:52",
        "9:54",
        "10:54",
        "11:54",
        "12:54",
        "13:54",
        "14:54",
        "15:56",
        "16:54",
        "17:54",
        "18:54",
        "19:59",
        "20:27"
    ],
    "url": "https://www.kanachu.co.jp/dia/diagram/timetable01_js/course:0000802206-29/node:00102885/kt:0/lname:/"
}
