{
    "date": "2025/11/16",
    "name": "川島町(横浜市保土ケ谷区)",
    "position": "-",
    "system": "05",
    "destinations": [
        "杉山神社前(横浜市保土ケ谷区)",
        "上星川",
        "保土ヶ谷中学校前",
        "和田町(横浜市保土ケ谷区)",
        "常盤園下",
        "峰岡町",
        "峯小学校前",
        "宮田町(横浜市保土ケ谷区)",
        "洪福寺",
        "浅間町車庫前",
        "浅岡橋",
        "浅間下(横浜市西区)",
        "楠町",
        "鶴屋町三丁目",
        "横浜駅西口"
    ],
    "weekday": [
        "6:32",
        "6:55",
        "8:05",
        "9:05",
        "10:01",
        "11:08",
        "12:08",
        "13:08",
        "14:08",
        "15:08",
        "16:08",
        "17:11",
        "18:12",
        "19:07",
        "20:06",
        "21:13",
        "22:29"
    ],
    "saturday": [
        "6:09",
        "6:45",
        "7:43",
        "8:22",
        "8:59",
        "10:00",
        "11:02",
        "12:00",
        "12:55",
        "13:55",
        "14:55",
        "15:55",
        "16:55",
        "17:55",
        "18:55",
        "19:55",
        "20:30"
    ],
    "holiday": [
        "6:32",
        "7:29",
        "8:20",
        "8:53",
        "9:55",
        "10:55",
        "11:55",
        "12:55",
        "13:55",
        "14:55",
        "15:57",
        "16:55",
        "17:55",
        "18:55",
        "20:00",
        "20:28"
    ],
    "url": "https://www.kanachu.co.jp/dia/diagram/timetable01_js/course:0000802206-30/node:00102379/kt:0/lname:/"
}
