{
    "date": "2025/11/16",
    "name": "杉山神社前(横浜市保土ケ谷区)",
    "position": "-",
    "system": "",
    "destinations": [
        "上星川",
        "保土ヶ谷中学校前",
        "和田町(横浜市保土ケ谷区)",
        "常盤園下",
        "峰岡町",
        "峯小学校前",
        "宮田町(横浜市保土ケ谷区)",
        "洪福寺",
        "浅間町車庫前",
        "浅岡橋",
        "浅間下(横浜市西区)",
        "楠町",
        "鶴屋町三丁目",
        "横浜駅西口"
    ],
    "weekday": [
        "6:33",
        "6:56",
        "8:06",
        "9:06",
        "10:02",
        "11:09",
        "12:09",
        "13:09",
        "14:09",
        "15:09",
        "16:09",
        "17:12",
        "18:13",
        "19:08",
        "20:07",
        "21:14",
        "22:30"
    ],
    "saturday": [
        "6:10",
        "6:46",
        "7:44",
        "8:23",
        "9:00",
        "10:01",
        "11:03",
        "12:01",
        "12:56",
        "13:56",
        "14:56",
        "15:56",
        "16:56",
        "17:56",
        "18:56",
        "19:56",
        "20:31"
    ],
    "holiday": [
        "6:33",
        "7:30",
        "8:21",
        "8:54",
        "9:56",
        "10:56",
        "11:56",
        "12:56",
        "13:56",
        "14:56",
        "15:58",
        "16:56",
        "17:56",
        "18:56",
        "20:01",
        "20:29"
    ],
    "url": "https://www.kanachu.co.jp/dia/diagram/timetable01_js/course:0000802206-31/node:00102655/kt:0/lname:/"
}
