{
    "date": "2025/11/16",
    "name": "保土ヶ谷中学校前",
    "position": "-",
    "system": "",
    "destinations": [
        "和田町(横浜市保土ケ谷区)",
        "常盤園下",
        "峰岡町",
        "峯小学校前",
        "宮田町(横浜市保土ケ谷区)",
        "洪福寺",
        "浅間町車庫前",
        "浅岡橋",
        "浅間下(横浜市西区)",
        "楠町",
        "鶴屋町三丁目",
        "横浜駅西口"
    ],
    "weekday": [
        "6:36",
        "6:59",
        "8:09",
        "9:09",
        "10:05",
        "11:12",
        "12:12",
        "13:12",
        "14:12",
        "15:12",
        "16:12",
        "17:15",
        "18:16",
        "19:11",
        "20:10",
        "21:17",
        "22:33"
    ],
    "saturday": [
        "6:13",
        "6:49",
        "7:47",
        "8:26",
        "9:03",
        "10:04",
        "11:06",
        "12:04",
        "12:59",
        "13:59",
        "14:59",
        "15:59",
        "16:59",
        "17:59",
        "18:59",
        "19:59",
        "20:34"
    ],
    "holiday": [
        "6:36",
        "7:33",
        "8:24",
        "8:57",
        "9:59",
        "10:59",
        "11:59",
        "12:59",
        "13:59",
        "14:59",
        "16:01",
        "16:59",
        "17:59",
        "18:59",
        "20:04",
        "20:32"
    ],
    "url": "https://www.kanachu.co.jp/dia/diagram/timetable01_js/course:0000802206-33/node:00103040/kt:0/lname:/"
}
