{
    "date": "2025/11/16",
    "name": "楠町",
    "position": "-",
    "system": "",
    "destinations": [
        "鶴屋町三丁目",
        "横浜駅西口"
    ],
    "weekday": [
        "6:48",
        "7:13",
        "8:23",
        "9:22",
        "10:18",
        "11:25",
        "12:25",
        "13:25",
        "14:25",
        "15:25",
        "16:25",
        "17:28",
        "18:29",
        "19:24",
        "20:22",
        "21:29",
        "22:45"
    ],
    "saturday": [
        "6:24",
        "7:00",
        "7:58",
        "8:37",
        "9:14",
        "10:15",
        "11:17",
        "12:15",
        "13:10",
        "14:10",
        "15:10",
        "16:10",
        "17:10",
        "18:10",
        "19:10",
        "20:10",
        "20:45"
    ],
    "holiday": [
        "6:47",
        "7:44",
        "8:35",
        "9:08",
        "10:10",
        "11:10",
        "12:10",
        "13:10",
        "14:10",
        "15:10",
        "16:12",
        "17:10",
        "18:10",
        "19:10",
        "20:15",
        "20:43"
    ],
    "url": "https://www.kanachu.co.jp/dia/diagram/timetable01_js/course:0000802206-43/node:00102459/kt:0/lname:/"
}
