{
    "date": "2025/11/16",
    "name": "鶴屋町三丁目",
    "position": "-",
    "system": "",
    "destinations": [
        "横浜駅西口"
    ],
    "weekday": [
        "6:50",
        "7:15",
        "8:25",
        "9:23",
        "10:19",
        "11:26",
        "12:26",
        "13:26",
        "14:26",
        "15:26",
        "16:26",
        "17:29",
        "18:30",
        "19:25",
        "20:24",
        "21:31",
        "22:47"
    ],
    "saturday": [
        "6:25",
        "7:01",
        "7:59",
        "8:38",
        "9:15",
        "10:16",
        "11:18",
        "12:16",
        "13:11",
        "14:11",
        "15:11",
        "16:11",
        "17:11",
        "18:11",
        "19:11",
        "20:11",
        "20:46"
    ],
    "holiday": [
        "6:48",
        "7:45",
        "8:36",
        "9:09",
        "10:11",
        "11:11",
        "12:11",
        "13:11",
        "14:11",
        "15:11",
        "16:13",
        "17:11",
        "18:11",
        "19:11",
        "20:16",
        "20:44"
    ],
    "url": "https://www.kanachu.co.jp/dia/diagram/timetable01_js/course:0000802206-44/node:00019685/kt:0/lname:/"
}
