{
    "date": "2025/04/19",
    "name": "緑が丘一丁目(相模原市中央区)",
    "position": "-",
    "system": "相25",
    "destinations": [
        "陽光台六丁目",
        "相模原浄水場",
        "麻溝車庫",
        "友愛病院前",
        "北里大学病院・北里大学",
        "麻溝台高校",
        "麻溝台入口",
        "大野台入口",
        "オルガノ前",
        "大沼",
        "大沼小学校前",
        "東通り(相模原市南区)",
        "団地入口(相模原市南区)",
        "小沼(相模原市南区)",
        "南中前(相模原市南区)",
        "グリーンホール前",
        "相模大野駅北口"
    ],
    "weekday": [
        "6:25",
        "6:55",
        "7:06",
        "7:26",
        "7:41",
        "7:56",
        "8:11",
        "8:23",
        "8:38",
        "8:58",
        "9:11",
        "9:41",
        "10:01",
        "10:41",
        "11:11",
        "11:41",
        "12:11",
        "12:41",
        "13:11",
        "13:41",
        "14:11",
        "14:41",
        "15:11",
        "15:41",
        "16:04",
        "16:34",
        "17:04",
        "17:34",
        "18:06",
        "18:36",
        "19:05",
        "19:33",
        "20:03",
        "20:33",
        "21:03",
        "21:55",
        "22:25",
        "22:55"
    ],
    "saturday": [
        "6:26",
        "6:55",
        "7:15",
        "7:55",
        "8:13",
        "9:14",
        "10:11",
        "10:50",
        "11:10",
        "12:10",
        "12:50",
        "13:10",
        "14:10",
        "15:10",
        "16:10",
        "16:50",
        "17:10",
        "18:10",
        "18:50",
        "19:15",
        "19:55",
        "20:20",
        "21:15",
        "21:50"
    ],
    "holiday": [
        "6:45",
        "7:15",
        "7:55",
        "8:15",
        "8:55",
        "9:15",
        "10:10",
        "10:50",
        "11:10",
        "12:10",
        "12:50",
        "13:10",
        "14:10",
        "15:10",
        "15:50",
        "16:10",
        "17:10",
        "17:50",
        "18:10",
        "18:50",
        "19:10",
        "19:55",
        "20:20",
        "21:15",
        "21:50"
    ],
    "url": "https://www.kanachu.co.jp/dia/diagram/timetable01_js/course:0000803515-16/node:00129265/kt:0/lname:/"
}
