{
    "date": "2025/04/19",
    "name": "大沼",
    "position": "-",
    "system": "相25",
    "destinations": [
        "大沼小学校前",
        "東通り(相模原市南区)",
        "団地入口(相模原市南区)",
        "小沼(相模原市南区)",
        "南中前(相模原市南区)",
        "グリーンホール前",
        "相模大野駅北口"
    ],
    "weekday": [
        "6:37",
        "7:13",
        "7:25",
        "7:45",
        "8:00",
        "8:15",
        "8:30",
        "8:42",
        "8:57",
        "9:15",
        "9:28",
        "9:58",
        "10:18",
        "10:58",
        "11:28",
        "11:58",
        "12:28",
        "12:58",
        "13:28",
        "13:58",
        "14:28",
        "14:58",
        "15:28",
        "15:58",
        "16:24",
        "16:54",
        "17:26",
        "17:56",
        "18:26",
        "18:56",
        "19:18",
        "19:46",
        "20:16",
        "20:46",
        "21:16",
        "22:08",
        "22:38",
        "23:08"
    ],
    "saturday": [
        "6:38",
        "7:07",
        "7:27",
        "8:08",
        "8:26",
        "9:27",
        "10:28",
        "11:07",
        "11:27",
        "12:27",
        "13:07",
        "13:27",
        "14:27",
        "15:27",
        "16:27",
        "17:07",
        "17:27",
        "18:27",
        "19:07",
        "19:31",
        "20:07",
        "20:32",
        "21:27",
        "22:02"
    ],
    "holiday": [
        "6:57",
        "7:27",
        "8:07",
        "8:27",
        "9:07",
        "9:27",
        "10:26",
        "11:06",
        "11:26",
        "12:26",
        "13:06",
        "13:26",
        "14:26",
        "15:26",
        "16:06",
        "16:26",
        "17:26",
        "18:06",
        "18:26",
        "19:06",
        "19:26",
        "20:08",
        "20:32",
        "21:27",
        "22:02"
    ],
    "url": "https://www.kanachu.co.jp/dia/diagram/timetable01_js/course:0000803515-26/node:00129089/kt:0/lname:/"
}
