{
    "date": "2025/08/30",
    "name": "桜木町駅前",
    "position": "-",
    "system": "戸48",
    "destinations": [
        "横浜市役所前",
        "本町四丁目(横浜市中区)",
        "尾上町(横浜市中区)",
        "羽衣町(横浜市中区)",
        "長者町五丁目",
        "曙町(横浜市中区)",
        "横浜橋",
        "阪東橋",
        "吉野町一丁目",
        "吉野町駅前",
        "前里町",
        "南太田駅前",
        "Y校前",
        "南センター(横浜市南区)",
        "井土ヶ谷",
        "住宅前(横浜市南区)",
        "南永田",
        "弘明寺口",
        "六ツ川町",
        "上六ツ川",
        "大池(横浜市南区)",
        "引越坂",
        "こども医療センター",
        "六ツ川四丁目",
        "山谷(横浜市戸塚区)",
        "坂下口",
        "国道平戸",
        "品濃口",
        "赤関橋",
        "柏尾(横浜市戸塚区)",
        "ポーラ前(横浜市戸塚区)",
        "不動坂(横浜市戸塚区)",
        "ブリヂストン前",
        "元町(横浜市戸塚区)",
        "矢部町",
        "戸塚駅東口"
    ],
    "weekday": [
        "7:20",
        "7:41",
        "8:06",
        "8:46",
        "9:26",
        "9:49",
        "11:01",
        "11:49",
        "12:13",
        "13:01",
        "13:25",
        "14:13",
        "14:38",
        "15:49",
        "16:37",
        "17:01",
        "17:49",
        "18:13",
        "19:01",
        "19:28"
    ],
    "saturday": [
        "8:19",
        "9:22",
        "10:24",
        "11:24",
        "12:24",
        "13:24",
        "14:27",
        "15:27",
        "16:27",
        "17:27",
        "18:27"
    ],
    "holiday": [
        "8:19",
        "9:22",
        "10:24",
        "11:24",
        "12:24",
        "13:24",
        "14:27",
        "15:27",
        "16:27",
        "17:27",
        "18:27"
    ],
    "url": "https://www.kanachu.co.jp/dia/diagram/timetable01_js/course:0000803836-1/node:00102541/kt:0/lname:/"
}
