{
    "date": "2025/08/30",
    "name": "阪東橋",
    "position": "-",
    "system": "戸48",
    "destinations": [
        "吉野町一丁目",
        "吉野町駅前",
        "前里町",
        "南太田駅前",
        "Y校前",
        "南センター(横浜市南区)",
        "井土ヶ谷",
        "住宅前(横浜市南区)",
        "南永田",
        "弘明寺口",
        "六ツ川町",
        "上六ツ川",
        "大池(横浜市南区)",
        "引越坂",
        "こども医療センター",
        "六ツ川四丁目",
        "山谷(横浜市戸塚区)",
        "坂下口",
        "国道平戸",
        "品濃口",
        "赤関橋",
        "柏尾(横浜市戸塚区)",
        "ポーラ前(横浜市戸塚区)",
        "不動坂(横浜市戸塚区)",
        "ブリヂストン前",
        "元町(横浜市戸塚区)",
        "矢部町",
        "戸塚駅東口"
    ],
    "weekday": [
        "7:33",
        "7:54",
        "8:19",
        "8:59",
        "9:39",
        "10:02",
        "11:14",
        "12:02",
        "12:26",
        "13:14",
        "13:38",
        "14:26",
        "14:51",
        "16:02",
        "16:50",
        "17:14",
        "18:02",
        "18:26",
        "19:12",
        "19:39"
    ],
    "saturday": [
        "8:32",
        "9:35",
        "10:37",
        "11:37",
        "12:37",
        "13:37",
        "14:40",
        "15:40",
        "16:40",
        "17:40",
        "18:40"
    ],
    "holiday": [
        "8:32",
        "9:35",
        "10:37",
        "11:37",
        "12:37",
        "13:37",
        "14:40",
        "15:40",
        "16:40",
        "17:40",
        "18:40"
    ],
    "url": "https://www.kanachu.co.jp/dia/diagram/timetable01_js/course:0000803836-9/node:00102928/kt:0/lname:/"
}
