{
    "date": "2025/08/30",
    "name": "Y校前",
    "position": "-",
    "system": "戸48",
    "destinations": [
        "南センター(横浜市南区)",
        "井土ヶ谷",
        "住宅前(横浜市南区)",
        "南永田",
        "弘明寺口",
        "六ツ川町",
        "上六ツ川",
        "大池(横浜市南区)",
        "引越坂",
        "こども医療センター",
        "六ツ川四丁目",
        "山谷(横浜市戸塚区)",
        "坂下口",
        "国道平戸",
        "品濃口",
        "赤関橋",
        "柏尾(横浜市戸塚区)",
        "ポーラ前(横浜市戸塚区)",
        "不動坂(横浜市戸塚区)",
        "ブリヂストン前",
        "元町(横浜市戸塚区)",
        "矢部町",
        "戸塚駅東口"
    ],
    "weekday": [
        "7:42",
        "8:03",
        "8:28",
        "9:08",
        "9:48",
        "10:11",
        "11:23",
        "12:11",
        "12:35",
        "13:23",
        "13:47",
        "14:35",
        "15:00",
        "16:12",
        "17:00",
        "17:24",
        "18:12",
        "18:36",
        "19:20",
        "19:47"
    ],
    "saturday": [
        "8:41",
        "9:44",
        "10:46",
        "11:46",
        "12:46",
        "13:46",
        "14:49",
        "15:50",
        "16:50",
        "17:50",
        "18:50"
    ],
    "holiday": [
        "8:41",
        "9:44",
        "10:46",
        "11:46",
        "12:46",
        "13:46",
        "14:49",
        "15:50",
        "16:50",
        "17:50",
        "18:50"
    ],
    "url": "https://www.kanachu.co.jp/dia/diagram/timetable01_js/course:0000803836-14/node:00126632/kt:0/lname:/"
}
