{
    "date": "2025/08/30",
    "name": "井土ヶ谷",
    "position": "-",
    "system": "戸48",
    "destinations": [
        "住宅前(横浜市南区)",
        "南永田",
        "弘明寺口",
        "六ツ川町",
        "上六ツ川",
        "大池(横浜市南区)",
        "引越坂",
        "こども医療センター",
        "六ツ川四丁目",
        "山谷(横浜市戸塚区)",
        "坂下口",
        "国道平戸",
        "品濃口",
        "赤関橋",
        "柏尾(横浜市戸塚区)",
        "ポーラ前(横浜市戸塚区)",
        "不動坂(横浜市戸塚区)",
        "ブリヂストン前",
        "元町(横浜市戸塚区)",
        "矢部町",
        "戸塚駅東口"
    ],
    "weekday": [
        "7:45",
        "8:06",
        "8:31",
        "9:11",
        "9:51",
        "10:14",
        "11:26",
        "12:14",
        "12:38",
        "13:26",
        "13:50",
        "14:38",
        "15:03",
        "16:16",
        "17:04",
        "17:28",
        "18:16",
        "18:40",
        "19:23",
        "19:50"
    ],
    "saturday": [
        "8:44",
        "9:47",
        "10:49",
        "11:49",
        "12:49",
        "13:49",
        "14:52",
        "15:54",
        "16:54",
        "17:54",
        "18:54"
    ],
    "holiday": [
        "8:44",
        "9:47",
        "10:49",
        "11:49",
        "12:49",
        "13:49",
        "14:52",
        "15:54",
        "16:54",
        "17:54",
        "18:54"
    ],
    "url": "https://www.kanachu.co.jp/dia/diagram/timetable01_js/course:0000803836-16/node:00102233/kt:0/lname:/"
}
