{
    "date": "2025/08/30",
    "name": "住宅前(横浜市南区)",
    "position": "-",
    "system": "戸48",
    "destinations": [
        "南永田",
        "弘明寺口",
        "六ツ川町",
        "上六ツ川",
        "大池(横浜市南区)",
        "引越坂",
        "こども医療センター",
        "六ツ川四丁目",
        "山谷(横浜市戸塚区)",
        "坂下口",
        "国道平戸",
        "品濃口",
        "赤関橋",
        "柏尾(横浜市戸塚区)",
        "ポーラ前(横浜市戸塚区)",
        "不動坂(横浜市戸塚区)",
        "ブリヂストン前",
        "元町(横浜市戸塚区)",
        "矢部町",
        "戸塚駅東口"
    ],
    "weekday": [
        "7:47",
        "8:08",
        "8:33",
        "9:13",
        "9:53",
        "10:16",
        "11:28",
        "12:16",
        "12:40",
        "13:28",
        "13:52",
        "14:40",
        "15:05",
        "16:18",
        "17:06",
        "17:30",
        "18:18",
        "18:42",
        "19:25",
        "19:52"
    ],
    "saturday": [
        "8:46",
        "9:49",
        "10:51",
        "11:51",
        "12:51",
        "13:51",
        "14:54",
        "15:56",
        "16:56",
        "17:56",
        "18:56"
    ],
    "holiday": [
        "8:46",
        "9:49",
        "10:51",
        "11:51",
        "12:51",
        "13:51",
        "14:54",
        "15:56",
        "16:56",
        "17:56",
        "18:56"
    ],
    "url": "https://www.kanachu.co.jp/dia/diagram/timetable01_js/course:0000803836-17/node:00126630/kt:0/lname:/"
}
