{
    "date": "2025/08/30",
    "name": "山谷(横浜市戸塚区)",
    "position": "-",
    "system": "戸48",
    "destinations": [
        "坂下口",
        "国道平戸",
        "品濃口",
        "赤関橋",
        "柏尾(横浜市戸塚区)",
        "ポーラ前(横浜市戸塚区)",
        "不動坂(横浜市戸塚区)",
        "ブリヂストン前",
        "元町(横浜市戸塚区)",
        "矢部町",
        "戸塚駅東口"
    ],
    "weekday": [
        "8:03",
        "8:24",
        "8:49",
        "9:29",
        "10:09",
        "10:32",
        "11:44",
        "12:32",
        "12:56",
        "13:44",
        "14:08",
        "14:56",
        "15:21",
        "16:34",
        "17:22",
        "17:46",
        "18:34",
        "18:58",
        "19:41",
        "20:08"
    ],
    "saturday": [
        "9:02",
        "10:05",
        "11:07",
        "12:07",
        "13:07",
        "14:07",
        "15:10",
        "16:12",
        "17:12",
        "18:12",
        "19:11"
    ],
    "holiday": [
        "9:02",
        "10:05",
        "11:07",
        "12:07",
        "13:07",
        "14:07",
        "15:10",
        "16:12",
        "17:12",
        "18:12",
        "19:11"
    ],
    "url": "https://www.kanachu.co.jp/dia/diagram/timetable01_js/course:0000803836-26/node:00126620/kt:0/lname:/"
}
