{
    "date": "2025/08/30",
    "name": "国道平戸",
    "position": "-",
    "system": "戸48",
    "destinations": [
        "品濃口",
        "赤関橋",
        "柏尾(横浜市戸塚区)",
        "ポーラ前(横浜市戸塚区)",
        "不動坂(横浜市戸塚区)",
        "ブリヂストン前",
        "元町(横浜市戸塚区)",
        "矢部町",
        "戸塚駅東口"
    ],
    "weekday": [
        "8:07",
        "8:28",
        "8:53",
        "9:33",
        "10:13",
        "10:36",
        "11:48",
        "12:36",
        "13:00",
        "13:48",
        "14:12",
        "15:00",
        "15:25",
        "16:38",
        "17:26",
        "17:50",
        "18:38",
        "19:02",
        "19:45",
        "20:12"
    ],
    "saturday": [
        "9:06",
        "10:09",
        "11:11",
        "12:11",
        "13:11",
        "14:11",
        "15:14",
        "16:16",
        "17:16",
        "18:16",
        "19:15"
    ],
    "holiday": [
        "9:06",
        "10:09",
        "11:11",
        "12:11",
        "13:11",
        "14:11",
        "15:14",
        "16:16",
        "17:16",
        "18:16",
        "19:15"
    ],
    "url": "https://www.kanachu.co.jp/dia/diagram/timetable01_js/course:0000803836-28/node:00126618/kt:0/lname:/"
}
