{
    "date": "2025/08/30",
    "name": "柏尾(横浜市戸塚区)",
    "position": "-",
    "system": "戸48",
    "destinations": [
        "ポーラ前(横浜市戸塚区)",
        "不動坂(横浜市戸塚区)",
        "ブリヂストン前",
        "元町(横浜市戸塚区)",
        "矢部町",
        "戸塚駅東口"
    ],
    "weekday": [
        "8:13",
        "8:34",
        "8:59",
        "9:39",
        "10:19",
        "10:42",
        "11:54",
        "12:42",
        "13:06",
        "13:54",
        "14:18",
        "15:06",
        "15:31",
        "16:44",
        "17:32",
        "17:56",
        "18:44",
        "19:07",
        "19:50",
        "20:17"
    ],
    "saturday": [
        "9:12",
        "10:15",
        "11:17",
        "12:17",
        "13:17",
        "14:17",
        "15:20",
        "16:22",
        "17:22",
        "18:22",
        "19:20"
    ],
    "holiday": [
        "9:12",
        "10:15",
        "11:17",
        "12:17",
        "13:17",
        "14:17",
        "15:20",
        "16:22",
        "17:22",
        "18:22",
        "19:20"
    ],
    "url": "https://www.kanachu.co.jp/dia/diagram/timetable01_js/course:0000803836-31/node:00126615/kt:0/lname:/"
}
