{
    "date": "2025/08/30",
    "name": "ブリヂストン前",
    "position": "-",
    "system": "戸48",
    "destinations": [
        "元町(横浜市戸塚区)",
        "矢部町",
        "戸塚駅東口"
    ],
    "weekday": [
        "8:18",
        "8:39",
        "9:04",
        "9:44",
        "10:24",
        "10:47",
        "11:59",
        "12:47",
        "13:11",
        "13:59",
        "14:23",
        "15:11",
        "15:36",
        "16:49",
        "17:37",
        "18:01",
        "18:49",
        "19:11",
        "19:54",
        "20:21"
    ],
    "saturday": [
        "9:17",
        "10:20",
        "11:22",
        "12:22",
        "13:22",
        "14:22",
        "15:25",
        "16:27",
        "17:27",
        "18:27",
        "19:24"
    ],
    "holiday": [
        "9:17",
        "10:20",
        "11:22",
        "12:22",
        "13:22",
        "14:22",
        "15:25",
        "16:27",
        "17:27",
        "18:27",
        "19:24"
    ],
    "url": "https://www.kanachu.co.jp/dia/diagram/timetable01_js/course:0000803836-34/node:00126612/kt:0/lname:/"
}
