{
    "system": "戸48",
    "busstops": [
        {
            "index": "1",
            "id": "00102541",
            "name": "桜木町駅前",
            "lat": "35.451881",
            "lng": "139.632091"
        },
        {
            "index": "2",
            "id": "00102945",
            "name": "横浜市役所前",
            "lat": "35.449887",
            "lng": "139.634986"
        },
        {
            "index": "3",
            "id": "00103058",
            "name": "本町四丁目(横浜市中区)",
            "lat": "35.448326",
            "lng": "139.637908"
        },
        {
            "index": "4",
            "id": "00102323",
            "name": "尾上町(横浜市中区)",
            "lat": "35.446349",
            "lng": "139.636443"
        },
        {
            "index": "5",
            "id": "00102910",
            "name": "羽衣町(横浜市中区)",
            "lat": "35.443834",
            "lng": "139.633699"
        },
        {
            "index": "6",
            "id": "00102725",
            "name": "長者町五丁目",
            "lat": "35.442783",
            "lng": "139.632304"
        },
        {
            "index": "7",
            "id": "00102204",
            "name": "曙町(横浜市中区)",
            "lat": "35.440624",
            "lng": "139.629187"
        },
        {
            "index": "8",
            "id": "00103225",
            "name": "横浜橋",
            "lat": "35.439738",
            "lng": "139.627845"
        },
        {
            "index": "9",
            "id": "00102928",
            "name": "阪東橋",
            "lat": "35.438508",
            "lng": "139.625574"
        },
        {
            "index": "10",
            "id": "00103232",
            "name": "吉野町一丁目",
            "lat": "35.435851",
            "lng": "139.620539"
        },
        {
            "index": "11",
            "id": "00103231",
            "name": "吉野町駅前",
            "lat": "35.436218",
            "lng": "139.617989"
        },
        {
            "index": "12",
            "id": "00126634",
            "name": "前里町",
            "lat": "35.438091",
            "lng": "139.616586"
        },
        {
            "index": "13",
            "id": "00126633",
            "name": "南太田駅前",
            "lat": "35.436748",
            "lng": "139.614365"
        },
        {
            "index": "14",
            "id": "00126632",
            "name": "Y校前",
            "lat": "35.435206",
            "lng": "139.60976"
        },
        {
            "index": "15",
            "id": "00126631",
            "name": "南センター(横浜市南区)",
            "lat": "35.433484",
            "lng": "139.605533"
        },
        {
            "index": "16",
            "id": "00102233",
            "name": "井土ヶ谷",
            "lat": "35.43268",
            "lng": "139.603583"
        },
        {
            "index": "17",
            "id": "00126630",
            "name": "住宅前(横浜市南区)",
            "lat": "35.431675",
            "lng": "139.59938"
        },
        {
            "index": "18",
            "id": "00126629",
            "name": "南永田",
            "lat": "35.429152",
            "lng": "139.596926"
        },
        {
            "index": "19",
            "id": "00126628",
            "name": "弘明寺口",
            "lat": "35.42592",
            "lng": "139.594946"
        },
        {
            "index": "20",
            "id": "00126627",
            "name": "六ツ川町",
            "lat": "35.424257",
            "lng": "139.590062"
        },
        {
            "index": "21",
            "id": "00126626",
            "name": "上六ツ川",
            "lat": "35.424313",
            "lng": "139.584435"
        },
        {
            "index": "22",
            "id": "00126625",
            "name": "大池(横浜市南区)",
            "lat": "35.426156",
            "lng": "139.582753"
        },
        {
            "index": "23",
            "id": "00126624",
            "name": "引越坂",
            "lat": "35.425976",
            "lng": "139.57907"
        },
        {
            "index": "24",
            "id": "00126623",
            "name": "こども医療センター",
            "lat": "35.421862",
            "lng": "139.578235"
        },
        {
            "index": "25",
            "id": "00126622",
            "name": "六ツ川四丁目",
            "lat": "35.424233",
            "lng": "139.573668"
        },
        {
            "index": "26",
            "id": "00126620",
            "name": "山谷(横浜市戸塚区)",
            "lat": "35.425433",
            "lng": "139.568921"
        },
        {
            "index": "27",
            "id": "00126619",
            "name": "坂下口",
            "lat": "35.422381",
            "lng": "139.565142"
        },
        {
            "index": "28",
            "id": "00126618",
            "name": "国道平戸",
            "lat": "35.420252",
            "lng": "139.560743"
        },
        {
            "index": "29",
            "id": "00126617",
            "name": "品濃口",
            "lat": "35.421223",
            "lng": "139.55584"
        },
        {
            "index": "30",
            "id": "00126616",
            "name": "赤関橋",
            "lat": "35.420687",
            "lng": "139.552806"
        },
        {
            "index": "31",
            "id": "00126615",
            "name": "柏尾(横浜市戸塚区)",
            "lat": "35.417918",
            "lng": "139.548279"
        },
        {
            "index": "32",
            "id": "00126614",
            "name": "ポーラ前(横浜市戸塚区)",
            "lat": "35.416766",
            "lng": "139.54639"
        },
        {
            "index": "33",
            "id": "00126613",
            "name": "不動坂(横浜市戸塚区)",
            "lat": "35.413425",
            "lng": "139.541594"
        },
        {
            "index": "34",
            "id": "00126612",
            "name": "ブリヂストン前",
            "lat": "35.409557",
            "lng": "139.5396"
        },
        {
            "index": "35",
            "id": "00126611",
            "name": "元町(横浜市戸塚区)",
            "lat": "35.40689",
            "lng": "139.538133"
        },
        {
            "index": "36",
            "id": "00126610",
            "name": "矢部町",
            "lat": "35.403663",
            "lng": "139.537012"
        },
        {
            "index": "37",
            "id": "00080742",
            "name": "戸塚駅東口",
            "lat": "35.400883",
            "lng": "139.534505"
        }
    ],
    "route_url": "https://www.kanachu.co.jp/dia/route/index/cid:0000803836/"
}
