{
    "date": "2025/04/19",
    "name": "新戸(相模原市南区)",
    "position": "-",
    "system": "台14",
    "destinations": [
        "武井橋",
        "勝坂入口",
        "上磯部入口",
        "相陽中学校前",
        "下溝",
        "八景の棚",
        "原当麻駅入口",
        "原当麻駅東",
        "原当麻駅"
    ],
    "weekday": [
        "7:08",
        "8:08",
        "9:22",
        "10:22",
        "11:22",
        "12:22",
        "13:22",
        "14:22",
        "15:22",
        "16:17",
        "17:18",
        "18:23",
        "19:33",
        "20:37"
    ],
    "saturday": [
        "7:32",
        "8:32",
        "9:32",
        "10:32",
        "11:32",
        "12:32",
        "13:32",
        "14:32",
        "15:32",
        "16:32",
        "17:32",
        "18:32",
        "19:32",
        "20:32"
    ],
    "holiday": [
        "7:32",
        "8:32",
        "9:32",
        "10:32",
        "11:32",
        "12:32",
        "13:32",
        "14:32",
        "15:32",
        "16:32",
        "17:32",
        "18:32",
        "19:32",
        "20:32"
    ],
    "url": "https://www.kanachu.co.jp/dia/diagram/timetable01_js/course:0000800897-7/node:00128582/kt:0/lname:/"
}
