{
    "date": "2025/05/11",
    "name": "天神橋(横浜市栄区)",
    "position": "-",
    "system": "船17",
    "destinations": [
        "栄警察署前",
        "公田",
        "鎌倉女子大前",
        "平島(鎌倉市)",
        "笠間十字路",
        "笠間町",
        "岩井口",
        "大船駅(横浜市栄区)"
    ],
    "weekday": [
        "6:02",
        "6:15",
        "6:35",
        "6:55",
        "7:15",
        "7:35",
        "7:55",
        "8:15",
        "8:35",
        "8:55",
        "9:06",
        "9:23",
        "9:43",
        "10:03",
        "10:23",
        "10:43",
        "11:03",
        "11:23",
        "11:43",
        "12:03",
        "12:23",
        "12:43",
        "13:03",
        "13:23",
        "13:43",
        "14:03",
        "14:23",
        "14:43",
        "15:03",
        "15:23",
        "15:45",
        "16:03",
        "16:23",
        "16:45",
        "17:08",
        "17:29",
        "17:51",
        "18:13",
        "18:35",
        "18:57",
        "19:19",
        "19:41",
        "20:03",
        "20:25",
        "20:47",
        "21:09",
        "21:48",
        "22:08",
        "22:30"
    ],
    "saturday": [
        "6:33",
        "7:06",
        "7:23",
        "7:43",
        "8:03",
        "8:23",
        "8:43",
        "9:03",
        "9:23",
        "9:43",
        "10:03",
        "10:23",
        "10:43",
        "11:03",
        "11:23",
        "11:43",
        "12:03",
        "12:33",
        "12:53",
        "13:18",
        "13:43",
        "14:08",
        "14:33",
        "14:58",
        "15:18",
        "15:33",
        "15:48",
        "16:09",
        "16:24",
        "16:46",
        "17:08",
        "17:30",
        "17:54",
        "18:18",
        "18:48",
        "19:14",
        "19:43",
        "20:23"
    ],
    "holiday": [
        "6:33",
        "7:06",
        "7:23",
        "7:43",
        "8:03",
        "8:23",
        "8:43",
        "9:03",
        "9:23",
        "9:43",
        "10:03",
        "10:23",
        "10:43",
        "11:03",
        "11:23",
        "11:43",
        "12:03",
        "12:33",
        "12:53",
        "13:18",
        "13:43",
        "14:08",
        "14:33",
        "14:58",
        "15:18",
        "15:33",
        "15:48",
        "16:09",
        "16:24",
        "16:46",
        "17:08",
        "17:30",
        "17:54",
        "18:18",
        "18:48",
        "19:14",
        "19:43",
        "20:23"
    ],
    "url": "https://www.kanachu.co.jp/dia/diagram/timetable01_js/course:0000802930-4/node:00126507/kt:0/lname:/"
}
