{
    "date": "2024/03/16",
    "name": "桜台一丁目(町田市)",
    "position": "-",
    "system": "淵30",
    "destinations": [
        "桜台入口(町田市)",
        "唐沢(町田市)",
        "桜美林学園",
        "桜美林学園東",
        "桜美林学園前",
        "矢部八幡前",
        "山王下(相模原市中央区)",
        "山王(相模原市中央区)",
        "小学校入口(相模原市中央区)",
        "淵野辺郵便局前",
        "幸町(相模原市中央区)",
        "淵野辺駅北口"
    ],
    "weekday": [
        "6:03",
        "6:33",
        "6:53",
        "7:03",
        "7:13",
        "7:23",
        "7:33",
        "7:43",
        "7:53",
        "8:03",
        "17:13",
        "17:33",
        "17:53",
        "18:13",
        "18:33",
        "18:53",
        "19:13",
        "19:33",
        "19:53",
        "20:13",
        "20:33",
        "21:13",
        "21:58"
    ],
    "saturday": [
        "6:13",
        "6:53",
        "7:13",
        "7:33",
        "7:53",
        "8:23",
        "8:53",
        "17:33",
        "18:13",
        "18:53",
        "19:33",
        "20:13",
        "20:53"
    ],
    "holiday": [
        "7:33",
        "8:13",
        "8:53",
        "9:33",
        "10:13",
        "10:53",
        "11:33",
        "12:13",
        "12:53",
        "13:33",
        "14:13",
        "14:53",
        "15:33",
        "16:13",
        "16:53",
        "17:33",
        "18:13",
        "18:53",
        "19:33",
        "20:13"
    ],
    "url": "https://www.kanachu.co.jp/dia/diagram/timetable01_js/course:0000800753-4/node:00129403/kt:0/lname:/"
}
