{
    "date": "2024/03/16",
    "name": "淵野辺郵便局前",
    "position": "-",
    "system": "淵30",
    "destinations": [
        "幸町(相模原市中央区)",
        "淵野辺駅北口"
    ],
    "weekday": [
        "6:12",
        "6:42",
        "7:02",
        "7:12",
        "7:22",
        "7:32",
        "7:42",
        "7:52",
        "8:02",
        "8:12",
        "17:22",
        "17:42",
        "18:02",
        "18:22",
        "18:42",
        "19:02",
        "19:22",
        "19:42",
        "20:02",
        "20:22",
        "20:42",
        "21:22",
        "22:07"
    ],
    "saturday": [
        "6:22",
        "7:02",
        "7:22",
        "7:42",
        "8:02",
        "8:32",
        "9:02",
        "17:42",
        "18:22",
        "19:02",
        "19:42",
        "20:22",
        "21:02"
    ],
    "holiday": [
        "7:42",
        "8:22",
        "9:02",
        "9:42",
        "10:22",
        "11:02",
        "11:42",
        "12:22",
        "13:02",
        "13:42",
        "14:22",
        "15:02",
        "15:42",
        "16:22",
        "17:02",
        "17:42",
        "18:22",
        "19:02",
        "19:42",
        "20:22"
    ],
    "url": "https://www.kanachu.co.jp/dia/diagram/timetable01_js/course:0000800753-14/node:00129309/kt:0/lname:/"
}
