{
    "system": "厚08",
    "busstops": [
        {
            "index": "1",
            "id": "00128265",
            "name": "松蓮寺",
            "lat": "35.469138",
            "lng": "139.349959"
        },
        {
            "index": "2",
            "id": "00128263",
            "name": "中村入口(厚木市)",
            "lat": "35.461193",
            "lng": "139.357702"
        },
        {
            "index": "3",
            "id": "00025684",
            "name": "本厚木駅",
            "lat": "35.440542",
            "lng": "139.363859"
        },
        {
            "index": "4",
            "id": "00128256",
            "name": "厚木バスセンター",
            "lat": "35.441107",
            "lng": "139.36685"
        }
    ],
    "route_url": "https://www.kanachu.co.jp/dia/route/index/cid:0000800864/"
}
