{
    "date": "2025/11/16",
    "name": "瀬谷入口",
    "position": "-",
    "system": "峰01",
    "destinations": [
        "観音寺前(大和市)",
        "下鶴間",
        "諏訪神社",
        "山王原(大和市)",
        "長堀公園前",
        "鶴間車庫"
    ],
    "weekday": [
        "8:34"
    ],
    "saturday": [],
    "holiday": [],
    "url": "https://www.kanachu.co.jp/dia/diagram/timetable01_js/course:0000803933-21/node:00129701/kt:0/lname:/"
}
