{
    "date": "2025/01/14",
    "name": "下依知入口",
    "position": "-",
    "system": "厚76",
    "destinations": [
        "追分(厚木市)",
        "蓮生寺(厚木市)",
        "関口(厚木市)",
        "依知小学校前",
        "中平(厚木市)",
        "山際",
        "藤塚(厚木市)",
        "上依知",
        "依知神社前",
        "上依知浮島弁天前",
        "猿ヶ島入口",
        "猿ヶ島"
    ],
    "weekday": [
        "6:40",
        "8:34",
        "17:07",
        "19:01"
    ],
    "saturday": [
        "8:58",
        "11:59",
        "14:59",
        "17:59"
    ],
    "holiday": [
        "8:30",
        "11:34",
        "14:34",
        "17:34"
    ],
    "url": "https://www.kanachu.co.jp/dia/diagram/timetable01_js/course:0000800283-9/node:00128349/kt:0/lname:/"
}
