{
    "date": "2025/01/14",
    "name": "関口(厚木市)",
    "position": "-",
    "system": "厚76",
    "destinations": [
        "依知小学校前",
        "中平(厚木市)",
        "山際",
        "藤塚(厚木市)",
        "上依知",
        "依知神社前",
        "上依知浮島弁天前",
        "猿ヶ島入口",
        "猿ヶ島"
    ],
    "weekday": [
        "6:43",
        "8:37",
        "17:10",
        "19:04"
    ],
    "saturday": [
        "9:01",
        "12:02",
        "15:02",
        "18:02"
    ],
    "holiday": [
        "8:33",
        "11:37",
        "14:37",
        "17:37"
    ],
    "url": "https://www.kanachu.co.jp/dia/diagram/timetable01_js/course:0000800283-12/node:00128352/kt:0/lname:/"
}
