{
    "date": "2025/04/01",
    "name": "水場",
    "position": "-",
    "system": "橋57",
    "destinations": [
        "日々社前",
        "榎戸(相模原市緑区)",
        "大沢まちづくりセンター前",
        "上九沢",
        "六地蔵(相模原市緑区)",
        "上中の原団地",
        "石宮",
        "緑ヶ丘(相模原市緑区)",
        "旭中学校(相模原市緑区)",
        "橋本二丁目",
        "橋本駅南口"
    ],
    "weekday": [
        "7:17",
        "7:27",
        "7:47",
        "7:57",
        "8:12",
        "8:27",
        "8:47",
        "9:07",
        "9:32",
        "9:47",
        "10:07",
        "10:27",
        "10:47",
        "11:07",
        "11:27",
        "11:47",
        "12:07",
        "12:27",
        "12:47",
        "13:07",
        "13:27",
        "13:47",
        "14:07",
        "14:27",
        "14:47",
        "15:07",
        "15:27",
        "15:47",
        "16:07",
        "16:27",
        "16:47",
        "17:07",
        "17:27",
        "17:47",
        "18:07",
        "18:27",
        "18:47",
        "19:07",
        "19:17",
        "19:37",
        "19:57",
        "20:27",
        "21:07",
        "21:47"
    ],
    "saturday": [
        "7:12",
        "7:32",
        "7:52",
        "8:12",
        "8:32",
        "8:52",
        "9:12",
        "9:32",
        "9:52",
        "10:12",
        "10:32",
        "10:52",
        "11:12",
        "11:32",
        "11:52",
        "12:12",
        "12:32",
        "12:52",
        "13:12",
        "13:32",
        "13:52",
        "14:12",
        "14:32",
        "14:52",
        "15:12",
        "15:32",
        "15:52",
        "16:12",
        "16:32",
        "16:52",
        "17:12",
        "17:32",
        "17:52",
        "18:12",
        "18:32",
        "18:52",
        "19:12",
        "19:42",
        "20:12",
        "20:42"
    ],
    "holiday": [
        "7:12",
        "7:32",
        "7:52",
        "8:12",
        "8:32",
        "8:52",
        "9:12",
        "9:32",
        "9:52",
        "10:12",
        "10:32",
        "10:52",
        "11:12",
        "11:32",
        "11:52",
        "12:12",
        "12:32",
        "12:52",
        "13:12",
        "13:32",
        "13:52",
        "14:12",
        "14:32",
        "14:52",
        "15:12",
        "15:32",
        "15:52",
        "16:12",
        "16:32",
        "16:52",
        "17:12",
        "17:32",
        "17:52",
        "18:12",
        "18:32",
        "18:52",
        "19:12",
        "19:42",
        "20:12"
    ],
    "url": "https://www.kanachu.co.jp/dia/diagram/timetable01_js/course:0000803789-7/node:00129262/kt:0/lname:/"
}
