{
    "date": "2025/04/01",
    "name": "上九沢",
    "position": "-",
    "system": "橋57",
    "destinations": [
        "六地蔵(相模原市緑区)",
        "上中の原団地",
        "石宮",
        "緑ヶ丘(相模原市緑区)",
        "旭中学校(相模原市緑区)",
        "橋本二丁目",
        "橋本駅南口"
    ],
    "weekday": [
        "7:23",
        "7:33",
        "7:53",
        "8:03",
        "8:18",
        "8:33",
        "8:53",
        "9:13",
        "9:38",
        "9:53",
        "10:13",
        "10:33",
        "10:53",
        "11:13",
        "11:33",
        "11:53",
        "12:13",
        "12:33",
        "12:53",
        "13:13",
        "13:33",
        "13:53",
        "14:13",
        "14:33",
        "14:53",
        "15:13",
        "15:33",
        "15:53",
        "16:13",
        "16:33",
        "16:53",
        "17:13",
        "17:33",
        "17:53",
        "18:13",
        "18:33",
        "18:53",
        "19:13",
        "19:23",
        "19:43",
        "20:03",
        "20:32",
        "21:12",
        "21:52"
    ],
    "saturday": [
        "7:18",
        "7:38",
        "7:58",
        "8:18",
        "8:38",
        "8:58",
        "9:18",
        "9:38",
        "9:58",
        "10:18",
        "10:38",
        "10:58",
        "11:18",
        "11:38",
        "11:58",
        "12:18",
        "12:38",
        "12:58",
        "13:18",
        "13:38",
        "13:58",
        "14:18",
        "14:38",
        "14:58",
        "15:18",
        "15:38",
        "15:58",
        "16:18",
        "16:38",
        "16:58",
        "17:18",
        "17:38",
        "17:58",
        "18:18",
        "18:38",
        "18:58",
        "19:18",
        "19:48",
        "20:18",
        "20:48"
    ],
    "holiday": [
        "7:18",
        "7:38",
        "7:58",
        "8:18",
        "8:38",
        "8:58",
        "9:18",
        "9:38",
        "9:58",
        "10:18",
        "10:38",
        "10:58",
        "11:18",
        "11:38",
        "11:58",
        "12:18",
        "12:38",
        "12:58",
        "13:18",
        "13:38",
        "13:58",
        "14:18",
        "14:38",
        "14:58",
        "15:18",
        "15:38",
        "15:58",
        "16:18",
        "16:38",
        "16:58",
        "17:18",
        "17:38",
        "17:58",
        "18:18",
        "18:38",
        "18:58",
        "19:18",
        "19:48",
        "20:18"
    ],
    "url": "https://www.kanachu.co.jp/dia/diagram/timetable01_js/course:0000803789-11/node:00129110/kt:0/lname:/"
}
