{
    "date": "2025/04/01",
    "name": "緑ヶ丘(相模原市緑区)",
    "position": "-",
    "system": "橋57",
    "destinations": [
        "旭中学校(相模原市緑区)",
        "橋本二丁目",
        "橋本駅南口"
    ],
    "weekday": [
        "7:29",
        "7:39",
        "7:59",
        "8:09",
        "8:24",
        "8:39",
        "8:59",
        "9:18",
        "9:43",
        "9:58",
        "10:18",
        "10:38",
        "10:58",
        "11:18",
        "11:38",
        "11:58",
        "12:18",
        "12:38",
        "12:58",
        "13:18",
        "13:38",
        "13:58",
        "14:18",
        "14:38",
        "14:58",
        "15:18",
        "15:38",
        "15:58",
        "16:18",
        "16:38",
        "16:58",
        "17:18",
        "17:38",
        "17:58",
        "18:18",
        "18:38",
        "18:58",
        "19:18",
        "19:28",
        "19:48",
        "20:07",
        "20:36",
        "21:16",
        "21:56"
    ],
    "saturday": [
        "7:23",
        "7:43",
        "8:03",
        "8:23",
        "8:43",
        "9:03",
        "9:23",
        "9:43",
        "10:03",
        "10:23",
        "10:43",
        "11:03",
        "11:23",
        "11:43",
        "12:03",
        "12:23",
        "12:43",
        "13:03",
        "13:23",
        "13:43",
        "14:03",
        "14:23",
        "14:43",
        "15:03",
        "15:23",
        "15:43",
        "16:03",
        "16:23",
        "16:43",
        "17:03",
        "17:23",
        "17:43",
        "18:03",
        "18:23",
        "18:43",
        "19:03",
        "19:23",
        "19:53",
        "20:23",
        "20:53"
    ],
    "holiday": [
        "7:23",
        "7:43",
        "8:03",
        "8:23",
        "8:43",
        "9:03",
        "9:23",
        "9:43",
        "10:03",
        "10:23",
        "10:43",
        "11:03",
        "11:23",
        "11:43",
        "12:03",
        "12:23",
        "12:43",
        "13:03",
        "13:23",
        "13:43",
        "14:03",
        "14:23",
        "14:43",
        "15:03",
        "15:23",
        "15:43",
        "16:03",
        "16:23",
        "16:43",
        "17:03",
        "17:23",
        "17:43",
        "18:03",
        "18:23",
        "18:43",
        "19:03",
        "19:23",
        "19:53",
        "20:23"
    ],
    "url": "https://www.kanachu.co.jp/dia/diagram/timetable01_js/course:0000803789-15/node:00129264/kt:0/lname:/"
}
