{
    "date": "2021/04/01",
    "name": "梅の木平",
    "position": "-",
    "system": "湖29",
    "destinations": [
        "山下(八王子市)",
        "大平(八王子市)",
        "大垂水",
        "宮ノ台(相模原市緑区)",
        "神明台(相模原市緑区)",
        "岡本(相模原市緑区)",
        "千木良",
        "底沢",
        "小原(相模原市緑区)",
        "平野(相模原市緑区)",
        "北相中学校前",
        "桂北小学校前",
        "相模湖駅"
    ],
    "weekday": [
        "16:57"
    ],
    "saturday": [],
    "holiday": [],
    "url": "https://www.kanachu.co.jp/dia/diagram/timetable01_js/course:0000801187-3/node:00021120/kt:0/lname:/"
}
