{
    "system": "湖29",
    "busstops": [
        {
            "index": "1",
            "id": "00128938",
            "name": "高尾山口駅",
            "lat": "35.632446",
            "lng": "139.2701"
        },
        {
            "index": "2",
            "id": "00128937",
            "name": "込縄橋",
            "lat": "35.627912",
            "lng": "139.267319"
        },
        {
            "index": "3",
            "id": "00021120",
            "name": "梅の木平",
            "lat": "35.621294",
            "lng": "139.262875"
        },
        {
            "index": "4",
            "id": "00128935",
            "name": "山下(八王子市)",
            "lat": "35.618311",
            "lng": "139.260919"
        },
        {
            "index": "5",
            "id": "00128934",
            "name": "大平(八王子市)",
            "lat": "35.616381",
            "lng": "139.247741"
        },
        {
            "index": "6",
            "id": "00128933",
            "name": "大垂水",
            "lat": "35.619422",
            "lng": "139.230596"
        },
        {
            "index": "7",
            "id": "00128932",
            "name": "宮ノ台(相模原市緑区)",
            "lat": "35.615416",
            "lng": "139.220432"
        },
        {
            "index": "8",
            "id": "00128931",
            "name": "神明台(相模原市緑区)",
            "lat": "35.615832",
            "lng": "139.215647"
        },
        {
            "index": "9",
            "id": "00128930",
            "name": "岡本(相模原市緑区)",
            "lat": "35.619747",
            "lng": "139.210413"
        },
        {
            "index": "10",
            "id": "00128924",
            "name": "千木良",
            "lat": "35.621287",
            "lng": "139.204922"
        },
        {
            "index": "11",
            "id": "00128923",
            "name": "底沢",
            "lat": "35.624683",
            "lng": "139.202487"
        },
        {
            "index": "12",
            "id": "00128922",
            "name": "小原(相模原市緑区)",
            "lat": "35.621129",
            "lng": "139.199367"
        },
        {
            "index": "13",
            "id": "00128921",
            "name": "平野(相模原市緑区)",
            "lat": "35.619544",
            "lng": "139.196787"
        },
        {
            "index": "14",
            "id": "00128920",
            "name": "北相中学校前",
            "lat": "35.616511",
            "lng": "139.193786"
        },
        {
            "index": "15",
            "id": "00128919",
            "name": "桂北小学校前",
            "lat": "35.615602",
            "lng": "139.191802"
        },
        {
            "index": "16",
            "id": "00128918",
            "name": "相模湖駅",
            "lat": "35.616991",
            "lng": "139.189406"
        }
    ],
    "route_url": "https://www.kanachu.co.jp/dia/route/index/cid:0000801187/"
}
