{
    "date": "2025/08/04",
    "name": "法政大学入口",
    "position": "-",
    "system": "橋63",
    "destinations": [
        "法政大学(町田市)",
        "公会堂前(町田市)",
        "水の口(町田市)",
        "円林寺前",
        "境橋(町田市)",
        "根岸(相原町/町田市)",
        "相原十字路",
        "開都",
        "相原小学校前",
        "諏訪神社前(町田市)",
        "相原駅西口",
        "相原(町田市)",
        "堺市民センター前",
        "堺中学校前",
        "堺農協前",
        "坂下(町田街道側/町田市)",
        "相原境",
        "久保ヶ谷戸",
        "寿橋",
        "寿町(相模原市緑区)",
        "旭農協前",
        "橋本駅北口"
    ],
    "weekday": [
        "9:56",
        "10:41",
        "11:19",
        "12:20",
        "12:59",
        "13:49",
        "14:51",
        "15:19",
        "15:59",
        "16:37",
        "17:30",
        "18:17",
        "19:17",
        "19:44",
        "20:24",
        "21:12"
    ],
    "saturday": [
        "10:00",
        "10:38",
        "11:25",
        "12:17",
        "12:52",
        "13:46",
        "14:25",
        "15:06",
        "15:51",
        "16:41",
        "17:25",
        "18:12",
        "18:54",
        "19:47",
        "20:22"
    ],
    "holiday": [
        "10:00",
        "10:38",
        "11:25",
        "12:17",
        "12:52",
        "13:46",
        "14:30",
        "15:06",
        "15:51",
        "16:41",
        "17:25",
        "18:12",
        "18:54",
        "19:47"
    ],
    "url": "https://www.kanachu.co.jp/dia/diagram/timetable01_js/course:0000803039-5/node:00130508/kt:0/lname:/"
}
