{
    "date": "2025/08/04",
    "name": "根岸(相原町/町田市)",
    "position": "-",
    "system": "橋63",
    "destinations": [
        "相原十字路",
        "開都",
        "相原小学校前",
        "諏訪神社前(町田市)",
        "相原駅西口",
        "相原(町田市)",
        "堺市民センター前",
        "堺中学校前",
        "堺農協前",
        "坂下(町田街道側/町田市)",
        "相原境",
        "久保ヶ谷戸",
        "寿橋",
        "寿町(相模原市緑区)",
        "旭農協前",
        "橋本駅北口"
    ],
    "weekday": [
        "10:03",
        "10:48",
        "11:26",
        "12:27",
        "13:06",
        "13:56",
        "14:58",
        "15:26",
        "16:06",
        "16:44",
        "17:37",
        "18:24",
        "19:24",
        "19:51",
        "20:31",
        "21:19"
    ],
    "saturday": [
        "10:07",
        "10:45",
        "11:32",
        "12:24",
        "12:59",
        "13:53",
        "14:32",
        "15:13",
        "15:58",
        "16:48",
        "17:32",
        "18:19",
        "19:01",
        "19:54",
        "20:29"
    ],
    "holiday": [
        "10:07",
        "10:45",
        "11:32",
        "12:24",
        "12:59",
        "13:53",
        "14:37",
        "15:13",
        "15:58",
        "16:48",
        "17:32",
        "18:19",
        "19:01",
        "19:54"
    ],
    "url": "https://www.kanachu.co.jp/dia/diagram/timetable01_js/course:0000803039-11/node:00128890/kt:0/lname:/"
}
