{
    "date": "2025/08/04",
    "name": "相原(町田市)",
    "position": "-",
    "system": "橋63",
    "destinations": [
        "堺市民センター前",
        "堺中学校前",
        "堺農協前",
        "坂下(町田街道側/町田市)",
        "相原境",
        "久保ヶ谷戸",
        "寿橋",
        "寿町(相模原市緑区)",
        "旭農協前",
        "橋本駅北口"
    ],
    "weekday": [
        "10:14",
        "10:59",
        "11:37",
        "12:38",
        "13:17",
        "14:07",
        "15:09",
        "15:37",
        "16:17",
        "16:55",
        "17:48",
        "18:35",
        "19:35",
        "20:02",
        "20:42",
        "21:30"
    ],
    "saturday": [
        "10:18",
        "10:56",
        "11:43",
        "12:35",
        "13:10",
        "14:04",
        "14:43",
        "15:24",
        "16:09",
        "16:59",
        "17:43",
        "18:30",
        "19:12",
        "20:05",
        "20:40"
    ],
    "holiday": [
        "10:18",
        "10:56",
        "11:43",
        "12:35",
        "13:10",
        "14:04",
        "14:48",
        "15:24",
        "16:09",
        "16:59",
        "17:43",
        "18:30",
        "19:12",
        "20:05"
    ],
    "url": "https://www.kanachu.co.jp/dia/diagram/timetable01_js/course:0000803039-17/node:00128885/kt:0/lname:/"
}
