{
    "date": "2025/04/19",
    "name": "グリーンプラザ(相模原市中央区)",
    "position": "-",
    "system": "相05",
    "destinations": [
        "市役所前(相模原市中央区)",
        "市民会館前(相模原市中央区)",
        "税務署前(相模原市中央区)",
        "富士見団地入口",
        "相生(相模原市中央区)",
        "相生三丁目",
        "弥栄二丁目",
        "青葉児童館前",
        "和泉短大前",
        "淵野辺公園",
        "大野台三丁目",
        "松が丘(相模原市南区)",
        "ゴルフ場前(相模原市南区)",
        "大野台四丁目",
        "大野台八丁目",
        "大野台入口",
        "オルガノ前",
        "大沼",
        "大沼小学校前",
        "東通り(相模原市南区)",
        "団地入口(相模原市南区)",
        "小沼(相模原市南区)",
        "南中前(相模原市南区)",
        "グリーンホール前",
        "相模大野駅北口"
    ],
    "weekday": [
        "5:58",
        "6:10",
        "6:23",
        "6:33",
        "6:43",
        "6:53",
        "7:04",
        "7:19",
        "7:34",
        "7:49",
        "8:04",
        "8:19",
        "8:39",
        "8:59",
        "9:24",
        "9:54",
        "10:24",
        "10:54",
        "11:24",
        "11:54",
        "12:24",
        "12:54",
        "13:24",
        "13:54",
        "14:24",
        "14:54",
        "15:24",
        "15:54",
        "16:24",
        "16:54",
        "17:24",
        "17:54",
        "18:24",
        "18:54",
        "19:24",
        "19:54",
        "20:23",
        "20:53",
        "21:23",
        "21:53"
    ],
    "saturday": [
        "6:18",
        "6:48",
        "7:18",
        "7:48",
        "8:18",
        "8:48",
        "9:18",
        "9:48",
        "10:18",
        "10:48",
        "11:18",
        "11:48",
        "12:18",
        "12:48",
        "13:18",
        "13:48",
        "14:18",
        "14:48",
        "15:18",
        "15:48",
        "16:18",
        "16:48",
        "17:18",
        "17:48",
        "18:18",
        "18:48",
        "19:18",
        "19:48",
        "20:18",
        "20:48",
        "21:18"
    ],
    "holiday": [
        "6:18",
        "6:48",
        "7:18",
        "7:48",
        "8:18",
        "8:48",
        "9:18",
        "9:48",
        "10:18",
        "10:48",
        "11:18",
        "11:48",
        "12:18",
        "12:48",
        "13:18",
        "13:48",
        "14:18",
        "14:48",
        "15:18",
        "15:48",
        "16:18",
        "16:48",
        "17:18",
        "17:48",
        "18:18",
        "18:48",
        "19:18",
        "19:48",
        "20:18",
        "20:48"
    ],
    "url": "https://www.kanachu.co.jp/dia/diagram/timetable01_js/course:0000802411-5/node:00128538/kt:0/lname:/"
}
