{
    "date": "2025/04/19",
    "name": "大野台入口",
    "position": "-",
    "system": "相05",
    "destinations": [
        "オルガノ前",
        "大沼",
        "大沼小学校前",
        "東通り(相模原市南区)",
        "団地入口(相模原市南区)",
        "小沼(相模原市南区)",
        "南中前(相模原市南区)",
        "グリーンホール前",
        "相模大野駅北口"
    ],
    "weekday": [
        "6:17",
        "6:29",
        "6:42",
        "6:52",
        "7:02",
        "7:14",
        "7:26",
        "7:41",
        "7:56",
        "8:11",
        "8:26",
        "8:41",
        "9:01",
        "9:21",
        "9:46",
        "10:16",
        "10:46",
        "11:16",
        "11:46",
        "12:16",
        "12:46",
        "13:16",
        "13:46",
        "14:16",
        "14:46",
        "15:16",
        "15:46",
        "16:16",
        "16:46",
        "17:16",
        "17:46",
        "18:16",
        "18:46",
        "19:16",
        "19:46",
        "20:14",
        "20:41",
        "21:11",
        "21:41",
        "22:11"
    ],
    "saturday": [
        "6:37",
        "7:07",
        "7:37",
        "8:08",
        "8:39",
        "9:09",
        "9:39",
        "10:09",
        "10:39",
        "11:09",
        "11:39",
        "12:09",
        "12:39",
        "13:09",
        "13:39",
        "14:09",
        "14:39",
        "15:09",
        "15:39",
        "16:09",
        "16:39",
        "17:09",
        "17:39",
        "18:09",
        "18:39",
        "19:09",
        "19:39",
        "20:08",
        "20:37",
        "21:07",
        "21:37"
    ],
    "holiday": [
        "6:37",
        "7:07",
        "7:37",
        "8:08",
        "8:39",
        "9:09",
        "9:39",
        "10:09",
        "10:39",
        "11:09",
        "11:39",
        "12:09",
        "12:39",
        "13:09",
        "13:39",
        "14:09",
        "14:39",
        "15:09",
        "15:39",
        "16:09",
        "16:39",
        "17:09",
        "17:39",
        "18:09",
        "18:39",
        "19:09",
        "19:39",
        "20:08",
        "20:37",
        "21:07"
    ],
    "url": "https://www.kanachu.co.jp/dia/diagram/timetable01_js/course:0000802411-21/node:00129093/kt:0/lname:/"
}
