{
    "date": "2025/03/15",
    "name": "桐原四辻",
    "position": "-",
    "system": "湘13",
    "destinations": [
        "団地中央(藤沢市)",
        "桐原公園前",
        "桐原緑道",
        "丸石(藤沢市)",
        "公園北(藤沢市)",
        "石川六丁目",
        "工業団地入口(藤沢市)",
        "北警察署前(藤沢市)",
        "湘南台駅西口"
    ],
    "weekday": [
        "7:37",
        "8:01",
        "8:09",
        "8:17",
        "8:27",
        "8:37",
        "9:17"
    ],
    "saturday": [],
    "holiday": [],
    "url": "https://www.kanachu.co.jp/dia/diagram/timetable01_js/course:0000802689-4/node:00129925/kt:0/lname:/"
}
