{
    "date": "2025/03/15",
    "name": "団地中央(藤沢市)",
    "position": "-",
    "system": "湘13",
    "destinations": [
        "桐原公園前",
        "桐原緑道",
        "丸石(藤沢市)",
        "公園北(藤沢市)",
        "石川六丁目",
        "工業団地入口(藤沢市)",
        "北警察署前(藤沢市)",
        "湘南台駅西口"
    ],
    "weekday": [
        "7:38",
        "8:02",
        "8:10",
        "8:18",
        "8:28",
        "8:38",
        "9:18"
    ],
    "saturday": [],
    "holiday": [],
    "url": "https://www.kanachu.co.jp/dia/diagram/timetable01_js/course:0000802689-5/node:00129926/kt:0/lname:/"
}
