{
    "date": "2025/03/15",
    "name": "工業団地入口(藤沢市)",
    "position": "-",
    "system": "湘13",
    "destinations": [
        "北警察署前(藤沢市)",
        "湘南台駅西口"
    ],
    "weekday": [
        "7:45",
        "8:09",
        "8:17",
        "8:25",
        "8:35",
        "8:45",
        "9:25"
    ],
    "saturday": [],
    "holiday": [],
    "url": "https://www.kanachu.co.jp/dia/diagram/timetable01_js/course:0000802689-11/node:00129909/kt:0/lname:/"
}
