{
    "date": "2025/11/16",
    "name": "横浜駅西口",
    "position": "-",
    "system": "横52",
    "destinations": [
        "鶴屋町三丁目",
        "楠町",
        "浅間下(横浜市西区)",
        "浅岡橋",
        "浅間町車庫前",
        "洪福寺",
        "宮田町(横浜市保土ケ谷区)",
        "峯小学校前",
        "峰岡町",
        "常盤園下",
        "和田町(横浜市保土ケ谷区)",
        "保土ヶ谷中学校前",
        "上星川",
        "杉山神社前(横浜市保土ケ谷区)",
        "川島町(横浜市保土ケ谷区)",
        "西谷妙福寺前",
        "梅の木(横浜市保土ケ谷区)",
        "西谷駅前",
        "西谷(横浜市旭区)",
        "下白根橋",
        "白根不動入口",
        "白根町",
        "鶴ヶ峰駅",
        "鶴ヶ峰本町",
        "薬王寺入口",
        "鶴ヶ峰中学校前",
        "今宿小学校入口",
        "今宿(横浜市旭区)",
        "筑池",
        "農協前(横浜市旭区)",
        "都岡町",
        "下宿(横浜市旭区)",
        "川井宿",
        "横丁",
        "笹峰",
        "三保市民の森",
        "梅田谷戸",
        "梅田(横浜市緑区)",
        "坂下(横浜市緑区)",
        "三保橋",
        "薬師谷戸",
        "住宅前(横浜市緑区)",
        "宮根(横浜市緑区)",
        "三保交差点",
        "台村町",
        "中山駅"
    ],
    "weekday": [
        "8:26",
        "9:06",
        "10:15",
        "11:25",
        "12:25",
        "13:25",
        "14:25",
        "15:25",
        "16:22",
        "17:22",
        "18:20",
        "19:29"
    ],
    "saturday": [
        "8:06",
        "10:10",
        "11:10",
        "12:10",
        "13:10",
        "14:10",
        "15:10",
        "16:07",
        "17:05",
        "18:05",
        "19:15"
    ],
    "holiday": [
        "8:03",
        "10:15",
        "11:10",
        "12:10",
        "13:10",
        "14:10",
        "15:10",
        "16:07",
        "17:05",
        "18:05",
        "19:15"
    ],
    "url": "https://www.kanachu.co.jp/dia/diagram/timetable01_js/course:0000803666-1/node:00042735/kt:0/lname:/"
}
