{
    "date": "2025/11/16",
    "name": "鶴屋町三丁目",
    "position": "-",
    "system": "横52",
    "destinations": [
        "楠町",
        "浅間下(横浜市西区)",
        "浅岡橋",
        "浅間町車庫前",
        "洪福寺",
        "宮田町(横浜市保土ケ谷区)",
        "峯小学校前",
        "峰岡町",
        "常盤園下",
        "和田町(横浜市保土ケ谷区)",
        "保土ヶ谷中学校前",
        "上星川",
        "杉山神社前(横浜市保土ケ谷区)",
        "川島町(横浜市保土ケ谷区)",
        "西谷妙福寺前",
        "梅の木(横浜市保土ケ谷区)",
        "西谷駅前",
        "西谷(横浜市旭区)",
        "下白根橋",
        "白根不動入口",
        "白根町",
        "鶴ヶ峰駅",
        "鶴ヶ峰本町",
        "薬王寺入口",
        "鶴ヶ峰中学校前",
        "今宿小学校入口",
        "今宿(横浜市旭区)",
        "筑池",
        "農協前(横浜市旭区)",
        "都岡町",
        "下宿(横浜市旭区)",
        "川井宿",
        "横丁",
        "笹峰",
        "三保市民の森",
        "梅田谷戸",
        "梅田(横浜市緑区)",
        "坂下(横浜市緑区)",
        "三保橋",
        "薬師谷戸",
        "住宅前(横浜市緑区)",
        "宮根(横浜市緑区)",
        "三保交差点",
        "台村町",
        "中山駅"
    ],
    "weekday": [
        "8:28",
        "9:08",
        "10:17",
        "11:27",
        "12:27",
        "13:27",
        "14:27",
        "15:27",
        "16:24",
        "17:24",
        "18:22",
        "19:31"
    ],
    "saturday": [
        "8:08",
        "10:12",
        "11:12",
        "12:12",
        "13:12",
        "14:12",
        "15:12",
        "16:09",
        "17:07",
        "18:07",
        "19:17"
    ],
    "holiday": [
        "8:05",
        "10:17",
        "11:12",
        "12:12",
        "13:12",
        "14:12",
        "15:12",
        "16:09",
        "17:07",
        "18:07",
        "19:17"
    ],
    "url": "https://www.kanachu.co.jp/dia/diagram/timetable01_js/course:0000803666-2/node:00019685/kt:0/lname:/"
}
