{
    "date": "2025/11/16",
    "name": "浅間下(横浜市西区)",
    "position": "-",
    "system": "横52",
    "destinations": [
        "浅岡橋",
        "浅間町車庫前",
        "洪福寺",
        "宮田町(横浜市保土ケ谷区)",
        "峯小学校前",
        "峰岡町",
        "常盤園下",
        "和田町(横浜市保土ケ谷区)",
        "保土ヶ谷中学校前",
        "上星川",
        "杉山神社前(横浜市保土ケ谷区)",
        "川島町(横浜市保土ケ谷区)",
        "西谷妙福寺前",
        "梅の木(横浜市保土ケ谷区)",
        "西谷駅前",
        "西谷(横浜市旭区)",
        "下白根橋",
        "白根不動入口",
        "白根町",
        "鶴ヶ峰駅",
        "鶴ヶ峰本町",
        "薬王寺入口",
        "鶴ヶ峰中学校前",
        "今宿小学校入口",
        "今宿(横浜市旭区)",
        "筑池",
        "農協前(横浜市旭区)",
        "都岡町",
        "下宿(横浜市旭区)",
        "川井宿",
        "横丁",
        "笹峰",
        "三保市民の森",
        "梅田谷戸",
        "梅田(横浜市緑区)",
        "坂下(横浜市緑区)",
        "三保橋",
        "薬師谷戸",
        "住宅前(横浜市緑区)",
        "宮根(横浜市緑区)",
        "三保交差点",
        "台村町",
        "中山駅"
    ],
    "weekday": [
        "8:31",
        "9:11",
        "10:20",
        "11:30",
        "12:30",
        "13:30",
        "14:30",
        "15:30",
        "16:27",
        "17:27",
        "18:25",
        "19:34"
    ],
    "saturday": [
        "8:11",
        "10:15",
        "11:15",
        "12:15",
        "13:15",
        "14:15",
        "15:15",
        "16:12",
        "17:10",
        "18:10",
        "19:20"
    ],
    "holiday": [
        "8:08",
        "10:20",
        "11:15",
        "12:15",
        "13:15",
        "14:15",
        "15:15",
        "16:12",
        "17:10",
        "18:10",
        "19:20"
    ],
    "url": "https://www.kanachu.co.jp/dia/diagram/timetable01_js/course:0000803666-4/node:00102673/kt:0/lname:/"
}
