{
    "date": "2025/11/16",
    "name": "洪福寺",
    "position": "-",
    "system": "横52",
    "destinations": [
        "宮田町(横浜市保土ケ谷区)",
        "峯小学校前",
        "峰岡町",
        "常盤園下",
        "和田町(横浜市保土ケ谷区)",
        "保土ヶ谷中学校前",
        "上星川",
        "杉山神社前(横浜市保土ケ谷区)",
        "川島町(横浜市保土ケ谷区)",
        "西谷妙福寺前",
        "梅の木(横浜市保土ケ谷区)",
        "西谷駅前",
        "西谷(横浜市旭区)",
        "下白根橋",
        "白根不動入口",
        "白根町",
        "鶴ヶ峰駅",
        "鶴ヶ峰本町",
        "薬王寺入口",
        "鶴ヶ峰中学校前",
        "今宿小学校入口",
        "今宿(横浜市旭区)",
        "筑池",
        "農協前(横浜市旭区)",
        "都岡町",
        "下宿(横浜市旭区)",
        "川井宿",
        "横丁",
        "笹峰",
        "三保市民の森",
        "梅田谷戸",
        "梅田(横浜市緑区)",
        "坂下(横浜市緑区)",
        "三保橋",
        "薬師谷戸",
        "住宅前(横浜市緑区)",
        "宮根(横浜市緑区)",
        "三保交差点",
        "台村町",
        "中山駅"
    ],
    "weekday": [
        "8:34",
        "9:14",
        "10:23",
        "11:33",
        "12:33",
        "13:33",
        "14:33",
        "15:33",
        "16:30",
        "17:30",
        "18:28",
        "19:37"
    ],
    "saturday": [
        "8:14",
        "10:18",
        "11:18",
        "12:18",
        "13:18",
        "14:18",
        "15:18",
        "16:15",
        "17:13",
        "18:13",
        "19:23"
    ],
    "holiday": [
        "8:11",
        "10:23",
        "11:18",
        "12:18",
        "13:18",
        "14:18",
        "15:18",
        "16:15",
        "17:13",
        "18:13",
        "19:23"
    ],
    "url": "https://www.kanachu.co.jp/dia/diagram/timetable01_js/course:0000803666-7/node:00102504/kt:0/lname:/"
}
