{
    "date": "2025/11/16",
    "name": "常盤園下",
    "position": "-",
    "system": "横52",
    "destinations": [
        "和田町(横浜市保土ケ谷区)",
        "保土ヶ谷中学校前",
        "上星川",
        "杉山神社前(横浜市保土ケ谷区)",
        "川島町(横浜市保土ケ谷区)",
        "西谷妙福寺前",
        "梅の木(横浜市保土ケ谷区)",
        "西谷駅前",
        "西谷(横浜市旭区)",
        "下白根橋",
        "白根不動入口",
        "白根町",
        "鶴ヶ峰駅",
        "鶴ヶ峰本町",
        "薬王寺入口",
        "鶴ヶ峰中学校前",
        "今宿小学校入口",
        "今宿(横浜市旭区)",
        "筑池",
        "農協前(横浜市旭区)",
        "都岡町",
        "下宿(横浜市旭区)",
        "川井宿",
        "横丁",
        "笹峰",
        "三保市民の森",
        "梅田谷戸",
        "梅田(横浜市緑区)",
        "坂下(横浜市緑区)",
        "三保橋",
        "薬師谷戸",
        "住宅前(横浜市緑区)",
        "宮根(横浜市緑区)",
        "三保交差点",
        "台村町",
        "中山駅"
    ],
    "weekday": [
        "8:39",
        "9:19",
        "10:28",
        "11:38",
        "12:38",
        "13:38",
        "14:38",
        "15:38",
        "16:35",
        "17:35",
        "18:33",
        "19:42"
    ],
    "saturday": [
        "8:19",
        "10:23",
        "11:23",
        "12:23",
        "13:23",
        "14:23",
        "15:23",
        "16:20",
        "17:18",
        "18:18",
        "19:28"
    ],
    "holiday": [
        "8:16",
        "10:28",
        "11:23",
        "12:23",
        "13:23",
        "14:23",
        "15:23",
        "16:20",
        "17:18",
        "18:18",
        "19:28"
    ],
    "url": "https://www.kanachu.co.jp/dia/diagram/timetable01_js/course:0000803666-11/node:00102799/kt:0/lname:/"
}
