{
    "date": "2025/11/16",
    "name": "保土ヶ谷中学校前",
    "position": "-",
    "system": "横52",
    "destinations": [
        "上星川",
        "杉山神社前(横浜市保土ケ谷区)",
        "川島町(横浜市保土ケ谷区)",
        "西谷妙福寺前",
        "梅の木(横浜市保土ケ谷区)",
        "西谷駅前",
        "西谷(横浜市旭区)",
        "下白根橋",
        "白根不動入口",
        "白根町",
        "鶴ヶ峰駅",
        "鶴ヶ峰本町",
        "薬王寺入口",
        "鶴ヶ峰中学校前",
        "今宿小学校入口",
        "今宿(横浜市旭区)",
        "筑池",
        "農協前(横浜市旭区)",
        "都岡町",
        "下宿(横浜市旭区)",
        "川井宿",
        "横丁",
        "笹峰",
        "三保市民の森",
        "梅田谷戸",
        "梅田(横浜市緑区)",
        "坂下(横浜市緑区)",
        "三保橋",
        "薬師谷戸",
        "住宅前(横浜市緑区)",
        "宮根(横浜市緑区)",
        "三保交差点",
        "台村町",
        "中山駅"
    ],
    "weekday": [
        "8:42",
        "9:22",
        "10:31",
        "11:41",
        "12:41",
        "13:41",
        "14:41",
        "15:41",
        "16:38",
        "17:38",
        "18:36",
        "19:45"
    ],
    "saturday": [
        "8:22",
        "10:26",
        "11:26",
        "12:26",
        "13:26",
        "14:26",
        "15:26",
        "16:23",
        "17:21",
        "18:21",
        "19:31"
    ],
    "holiday": [
        "8:19",
        "10:31",
        "11:26",
        "12:26",
        "13:26",
        "14:26",
        "15:26",
        "16:23",
        "17:21",
        "18:21",
        "19:31"
    ],
    "url": "https://www.kanachu.co.jp/dia/diagram/timetable01_js/course:0000803666-13/node:00103040/kt:0/lname:/"
}
