{
    "date": "2025/11/16",
    "name": "杉山神社前(横浜市保土ケ谷区)",
    "position": "-",
    "system": "横52",
    "destinations": [
        "川島町(横浜市保土ケ谷区)",
        "西谷妙福寺前",
        "梅の木(横浜市保土ケ谷区)",
        "西谷駅前",
        "西谷(横浜市旭区)",
        "下白根橋",
        "白根不動入口",
        "白根町",
        "鶴ヶ峰駅",
        "鶴ヶ峰本町",
        "薬王寺入口",
        "鶴ヶ峰中学校前",
        "今宿小学校入口",
        "今宿(横浜市旭区)",
        "筑池",
        "農協前(横浜市旭区)",
        "都岡町",
        "下宿(横浜市旭区)",
        "川井宿",
        "横丁",
        "笹峰",
        "三保市民の森",
        "梅田谷戸",
        "梅田(横浜市緑区)",
        "坂下(横浜市緑区)",
        "三保橋",
        "薬師谷戸",
        "住宅前(横浜市緑区)",
        "宮根(横浜市緑区)",
        "三保交差点",
        "台村町",
        "中山駅"
    ],
    "weekday": [
        "8:45",
        "9:25",
        "10:34",
        "11:44",
        "12:44",
        "13:44",
        "14:44",
        "15:44",
        "16:41",
        "17:41",
        "18:39",
        "19:48"
    ],
    "saturday": [
        "8:25",
        "10:29",
        "11:29",
        "12:29",
        "13:29",
        "14:29",
        "15:29",
        "16:26",
        "17:24",
        "18:24",
        "19:34"
    ],
    "holiday": [
        "8:22",
        "10:34",
        "11:29",
        "12:29",
        "13:29",
        "14:29",
        "15:29",
        "16:26",
        "17:24",
        "18:24",
        "19:34"
    ],
    "url": "https://www.kanachu.co.jp/dia/diagram/timetable01_js/course:0000803666-15/node:00102655/kt:0/lname:/"
}
