{
    "date": "2025/11/16",
    "name": "梅田(横浜市緑区)",
    "position": "-",
    "system": "横52",
    "destinations": [
        "坂下(横浜市緑区)",
        "三保橋",
        "薬師谷戸",
        "住宅前(横浜市緑区)",
        "宮根(横浜市緑区)",
        "三保交差点",
        "台村町",
        "中山駅"
    ],
    "weekday": [
        "9:23",
        "10:03",
        "11:12",
        "12:22",
        "13:22",
        "14:22",
        "15:22",
        "16:22",
        "17:22",
        "18:24",
        "19:22",
        "20:26"
    ],
    "saturday": [
        "8:57",
        "11:07",
        "12:07",
        "13:07",
        "14:07",
        "15:07",
        "16:07",
        "17:07",
        "18:07",
        "19:07",
        "20:07"
    ],
    "holiday": [
        "8:54",
        "11:12",
        "12:07",
        "13:07",
        "14:07",
        "15:07",
        "16:07",
        "17:07",
        "18:07",
        "19:07",
        "20:07"
    ],
    "url": "https://www.kanachu.co.jp/dia/diagram/timetable01_js/course:0000803666-39/node:00126588/kt:0/lname:/"
}
