{
    "date": "2025/11/16",
    "name": "住宅前(横浜市緑区)",
    "position": "-",
    "system": "横52",
    "destinations": [
        "宮根(横浜市緑区)",
        "三保交差点",
        "台村町",
        "中山駅"
    ],
    "weekday": [
        "9:27",
        "10:07",
        "11:16",
        "12:26",
        "13:26",
        "14:26",
        "15:26",
        "16:26",
        "17:26",
        "18:28",
        "19:26",
        "20:30"
    ],
    "saturday": [
        "9:01",
        "11:11",
        "12:11",
        "13:11",
        "14:11",
        "15:11",
        "16:11",
        "17:11",
        "18:11",
        "19:11",
        "20:11"
    ],
    "holiday": [
        "8:58",
        "11:16",
        "12:11",
        "13:11",
        "14:11",
        "15:11",
        "16:11",
        "17:11",
        "18:11",
        "19:11",
        "20:11"
    ],
    "url": "https://www.kanachu.co.jp/dia/diagram/timetable01_js/course:0000803666-43/node:00126592/kt:0/lname:/"
}
