{
    "date": "2025/11/16",
    "name": "三保交差点",
    "position": "-",
    "system": "横52",
    "destinations": [
        "台村町",
        "中山駅"
    ],
    "weekday": [
        "9:29",
        "10:09",
        "11:18",
        "12:28",
        "13:28",
        "14:28",
        "15:28",
        "16:28",
        "17:28",
        "18:30",
        "19:28",
        "20:32"
    ],
    "saturday": [
        "9:03",
        "11:13",
        "12:13",
        "13:13",
        "14:13",
        "15:13",
        "16:13",
        "17:13",
        "18:13",
        "19:13",
        "20:13"
    ],
    "holiday": [
        "9:00",
        "11:18",
        "12:13",
        "13:13",
        "14:13",
        "15:13",
        "16:13",
        "17:13",
        "18:13",
        "19:13",
        "20:13"
    ],
    "url": "https://www.kanachu.co.jp/dia/diagram/timetable01_js/course:0000803666-45/node:00103123/kt:0/lname:/"
}
