{
    "date": "2024/03/16",
    "name": "馬場十字路",
    "position": "-",
    "system": "町60",
    "destinations": [
        "下馬場",
        "常盤(町田市)",
        "中常盤",
        "下常盤",
        "矢部",
        "忠生都営住宅前",
        "根岸(根岸町/町田市)",
        "下根岸(町田市)",
        "上宿(町田市)",
        "忠生公園入口",
        "木曽(町田市)",
        "三家(町田市)",
        "木曽住宅",
        "滝の沢(町田市)",
        "浄水場前(町田市)",
        "市民病院前(町田市)",
        "森野三丁目",
        "保健所入口",
        "森野一丁目",
        "町田バスセンター",
        "町田ターミナル"
    ],
    "weekday": [
        "9:06",
        "10:06",
        "11:06",
        "12:06",
        "13:06",
        "14:06",
        "15:06",
        "16:06",
        "17:08",
        "18:08",
        "19:07",
        "19:57"
    ],
    "saturday": [
        "9:05",
        "10:06",
        "11:06",
        "12:06",
        "13:06",
        "14:08",
        "15:08",
        "16:08",
        "17:08",
        "18:08",
        "19:07",
        "20:11"
    ],
    "holiday": [
        "10:06",
        "11:06",
        "12:06",
        "13:06",
        "14:08",
        "15:08",
        "16:08",
        "17:08",
        "18:08",
        "19:07"
    ],
    "url": "https://www.kanachu.co.jp/dia/diagram/timetable01_js/course:0000803194-17/node:00130096/kt:0/lname:/"
}
