{
    "date": "2024/03/16",
    "name": "中常盤",
    "position": "-",
    "system": "町60",
    "destinations": [
        "下常盤",
        "矢部",
        "忠生都営住宅前",
        "根岸(根岸町/町田市)",
        "下根岸(町田市)",
        "上宿(町田市)",
        "忠生公園入口",
        "木曽(町田市)",
        "三家(町田市)",
        "木曽住宅",
        "滝の沢(町田市)",
        "浄水場前(町田市)",
        "市民病院前(町田市)",
        "森野三丁目",
        "保健所入口",
        "森野一丁目",
        "町田バスセンター",
        "町田ターミナル"
    ],
    "weekday": [
        "9:09",
        "10:09",
        "11:09",
        "12:09",
        "13:09",
        "14:09",
        "15:09",
        "16:09",
        "17:12",
        "18:12",
        "19:11",
        "20:01"
    ],
    "saturday": [
        "9:09",
        "10:10",
        "11:10",
        "12:10",
        "13:10",
        "14:12",
        "15:12",
        "16:12",
        "17:12",
        "18:12",
        "19:10",
        "20:14"
    ],
    "holiday": [
        "10:10",
        "11:10",
        "12:10",
        "13:10",
        "14:12",
        "15:12",
        "16:12",
        "17:12",
        "18:12",
        "19:10"
    ],
    "url": "https://www.kanachu.co.jp/dia/diagram/timetable01_js/course:0000803194-20/node:00130098/kt:0/lname:/"
}
