{
    "date": "2024/03/16",
    "name": "下常盤",
    "position": "-",
    "system": "町60",
    "destinations": [
        "矢部",
        "忠生都営住宅前",
        "根岸(根岸町/町田市)",
        "下根岸(町田市)",
        "上宿(町田市)",
        "忠生公園入口",
        "木曽(町田市)",
        "三家(町田市)",
        "木曽住宅",
        "滝の沢(町田市)",
        "浄水場前(町田市)",
        "市民病院前(町田市)",
        "森野三丁目",
        "保健所入口",
        "森野一丁目",
        "町田バスセンター",
        "町田ターミナル"
    ],
    "weekday": [
        "9:11",
        "10:11",
        "11:11",
        "12:11",
        "13:11",
        "14:11",
        "15:11",
        "16:11",
        "17:14",
        "18:14",
        "19:13",
        "20:03"
    ],
    "saturday": [
        "9:11",
        "10:12",
        "11:12",
        "12:12",
        "13:12",
        "14:14",
        "15:14",
        "16:14",
        "17:14",
        "18:14",
        "19:11",
        "20:15"
    ],
    "holiday": [
        "10:12",
        "11:12",
        "12:12",
        "13:12",
        "14:14",
        "15:14",
        "16:14",
        "17:14",
        "18:14",
        "19:11"
    ],
    "url": "https://www.kanachu.co.jp/dia/diagram/timetable01_js/course:0000803194-21/node:00130099/kt:0/lname:/"
}
