{
    "date": "2024/03/16",
    "name": "忠生都営住宅前",
    "position": "-",
    "system": "町60",
    "destinations": [
        "根岸(根岸町/町田市)",
        "下根岸(町田市)",
        "上宿(町田市)",
        "忠生公園入口",
        "木曽(町田市)",
        "三家(町田市)",
        "木曽住宅",
        "滝の沢(町田市)",
        "浄水場前(町田市)",
        "市民病院前(町田市)",
        "森野三丁目",
        "保健所入口",
        "森野一丁目",
        "町田バスセンター",
        "町田ターミナル"
    ],
    "weekday": [
        "9:13",
        "10:13",
        "11:13",
        "12:13",
        "13:13",
        "14:13",
        "15:13",
        "16:13",
        "17:16",
        "18:16",
        "19:15",
        "20:05"
    ],
    "saturday": [
        "9:13",
        "10:14",
        "11:14",
        "12:14",
        "13:14",
        "14:16",
        "15:16",
        "16:16",
        "17:16",
        "18:16",
        "19:13",
        "20:17"
    ],
    "holiday": [
        "10:14",
        "11:14",
        "12:14",
        "13:14",
        "14:16",
        "15:16",
        "16:16",
        "17:16",
        "18:16",
        "19:13"
    ],
    "url": "https://www.kanachu.co.jp/dia/diagram/timetable01_js/course:0000803194-23/node:00129515/kt:0/lname:/"
}
