{
    "date": "2024/03/16",
    "name": "保健所入口",
    "position": "-",
    "system": "町60",
    "destinations": [
        "森野一丁目",
        "町田バスセンター",
        "町田ターミナル"
    ],
    "weekday": [
        "9:28",
        "10:28",
        "11:28",
        "12:28",
        "13:28",
        "14:28",
        "15:28",
        "16:28",
        "17:32",
        "18:32",
        "19:29",
        "20:19"
    ],
    "saturday": [
        "9:26",
        "10:27",
        "11:27",
        "12:27",
        "13:27",
        "14:31",
        "15:31",
        "16:31",
        "17:31",
        "18:31",
        "19:27",
        "20:31"
    ],
    "holiday": [
        "10:27",
        "11:27",
        "12:27",
        "13:27",
        "14:31",
        "15:31",
        "16:31",
        "17:31",
        "18:31",
        "19:27"
    ],
    "url": "https://www.kanachu.co.jp/dia/diagram/timetable01_js/course:0000803194-35/node:00129418/kt:0/lname:/"
}
