{
    "date": "2024/03/16",
    "name": "御嶽堂",
    "position": "-",
    "system": "町30",
    "destinations": [
        "横土手",
        "小山小学校前(町田市)",
        "小山郵便局前",
        "中村不動入口",
        "馬場十字路",
        "下馬場",
        "常盤(町田市)",
        "中常盤",
        "下常盤",
        "矢部",
        "忠生都営住宅前",
        "根岸(根岸町/町田市)",
        "下根岸(町田市)",
        "上宿(町田市)",
        "忠生公園入口",
        "木曽(町田市)",
        "三家(町田市)",
        "木曽住宅",
        "滝の沢(町田市)",
        "浄水場前(町田市)",
        "市民病院前(町田市)",
        "森野三丁目",
        "保健所入口",
        "森野一丁目",
        "町田バスセンター"
    ],
    "weekday": [
        "5:57",
        "6:13",
        "6:28",
        "6:37",
        "7:07",
        "7:19",
        "7:30",
        "7:40",
        "7:50",
        "8:15",
        "20:20",
        "20:50",
        "21:30",
        "22:10",
        "22:50"
    ],
    "saturday": [
        "6:14",
        "6:44",
        "7:20",
        "7:40",
        "8:20",
        "20:42",
        "21:22",
        "22:02"
    ],
    "holiday": [
        "6:05",
        "6:35",
        "7:05",
        "7:35",
        "8:00",
        "8:20",
        "20:42",
        "21:22",
        "22:02"
    ],
    "url": "https://www.kanachu.co.jp/dia/diagram/timetable01_js/course:0000803216-11/node:00130092/kt:0/lname:/"
}
