{
    "date": "2024/03/16",
    "name": "小山小学校前(町田市)",
    "position": "-",
    "system": "町30",
    "destinations": [
        "小山郵便局前",
        "中村不動入口",
        "馬場十字路",
        "下馬場",
        "常盤(町田市)",
        "中常盤",
        "下常盤",
        "矢部",
        "忠生都営住宅前",
        "根岸(根岸町/町田市)",
        "下根岸(町田市)",
        "上宿(町田市)",
        "忠生公園入口",
        "木曽(町田市)",
        "三家(町田市)",
        "木曽住宅",
        "滝の沢(町田市)",
        "浄水場前(町田市)",
        "市民病院前(町田市)",
        "森野三丁目",
        "保健所入口",
        "森野一丁目",
        "町田バスセンター"
    ],
    "weekday": [
        "5:59",
        "6:15",
        "6:30",
        "6:39",
        "7:10",
        "7:22",
        "7:33",
        "7:43",
        "7:53",
        "8:18",
        "20:23",
        "20:53",
        "21:32",
        "22:12",
        "22:52"
    ],
    "saturday": [
        "6:16",
        "6:46",
        "7:22",
        "7:42",
        "8:22",
        "20:45",
        "21:24",
        "22:04"
    ],
    "holiday": [
        "6:07",
        "6:37",
        "7:07",
        "7:37",
        "8:02",
        "8:22",
        "20:45",
        "21:24",
        "22:04"
    ],
    "url": "https://www.kanachu.co.jp/dia/diagram/timetable01_js/course:0000803216-13/node:00130093/kt:0/lname:/"
}
