{
    "date": "2024/03/16",
    "name": "常盤(町田市)",
    "position": "-",
    "system": "町30",
    "destinations": [
        "中常盤",
        "下常盤",
        "矢部",
        "忠生都営住宅前",
        "根岸(根岸町/町田市)",
        "下根岸(町田市)",
        "上宿(町田市)",
        "忠生公園入口",
        "木曽(町田市)",
        "三家(町田市)",
        "木曽住宅",
        "滝の沢(町田市)",
        "浄水場前(町田市)",
        "市民病院前(町田市)",
        "森野三丁目",
        "保健所入口",
        "森野一丁目",
        "町田バスセンター"
    ],
    "weekday": [
        "6:04",
        "6:20",
        "6:35",
        "6:44",
        "7:16",
        "7:28",
        "7:39",
        "7:49",
        "7:59",
        "8:24",
        "20:30",
        "21:00",
        "21:37",
        "22:17",
        "22:57"
    ],
    "saturday": [
        "6:21",
        "6:51",
        "7:27",
        "7:47",
        "8:27",
        "20:51",
        "21:29",
        "22:09"
    ],
    "holiday": [
        "6:12",
        "6:42",
        "7:12",
        "7:42",
        "8:07",
        "8:27",
        "20:51",
        "21:29",
        "22:09"
    ],
    "url": "https://www.kanachu.co.jp/dia/diagram/timetable01_js/course:0000803216-18/node:00129202/kt:0/lname:/"
}
