{
    "date": "2024/03/16",
    "name": "根岸(根岸町/町田市)",
    "position": "-",
    "system": "町30",
    "destinations": [
        "下根岸(町田市)",
        "上宿(町田市)",
        "忠生公園入口",
        "木曽(町田市)",
        "三家(町田市)",
        "木曽住宅",
        "滝の沢(町田市)",
        "浄水場前(町田市)",
        "市民病院前(町田市)",
        "森野三丁目",
        "保健所入口",
        "森野一丁目",
        "町田バスセンター"
    ],
    "weekday": [
        "6:10",
        "6:26",
        "6:41",
        "6:50",
        "7:24",
        "7:36",
        "7:47",
        "7:57",
        "8:07",
        "8:32",
        "20:37",
        "21:06",
        "21:43",
        "22:23",
        "23:03"
    ],
    "saturday": [
        "6:28",
        "6:58",
        "7:34",
        "7:54",
        "8:34",
        "20:57",
        "21:35",
        "22:15"
    ],
    "holiday": [
        "6:19",
        "6:49",
        "7:19",
        "7:49",
        "8:14",
        "8:34",
        "20:57",
        "21:35",
        "22:15"
    ],
    "url": "https://www.kanachu.co.jp/dia/diagram/timetable01_js/course:0000803216-23/node:00129367/kt:0/lname:/"
}
