{
    "date": "2024/03/16",
    "name": "市民病院前(町田市)",
    "position": "-",
    "system": "町30",
    "destinations": [
        "森野三丁目",
        "保健所入口",
        "森野一丁目",
        "町田バスセンター"
    ],
    "weekday": [
        "6:19",
        "6:35",
        "6:50",
        "6:59",
        "7:35",
        "7:47",
        "7:58",
        "8:08",
        "8:18",
        "8:43",
        "20:47",
        "21:16",
        "21:53",
        "22:33",
        "23:13"
    ],
    "saturday": [
        "6:37",
        "7:07",
        "7:43",
        "8:03",
        "8:43",
        "21:06",
        "21:44",
        "22:24"
    ],
    "holiday": [
        "6:28",
        "6:58",
        "7:28",
        "7:58",
        "8:23",
        "8:43",
        "21:06",
        "21:44",
        "22:24"
    ],
    "url": "https://www.kanachu.co.jp/dia/diagram/timetable01_js/course:0000803216-32/node:00129359/kt:0/lname:/"
}
