{
    "date": "2024/04/01",
    "name": "上万田",
    "position": "-",
    "system": "平35",
    "destinations": [
        "下万田",
        "上山下(平塚市)",
        "山下(平塚市)",
        "高根(平塚市)",
        "高麗清水",
        "花水橋",
        "古花水",
        "柳町(平塚市)",
        "豊田道",
        "八間通り",
        "平塚文化芸術ホール前",
        "銀座通り(平塚市)",
        "平塚駅北口"
    ],
    "weekday": [
        "9:48",
        "11:58",
        "13:58",
        "16:38"
    ],
    "saturday": [
        "9:43",
        "11:58",
        "13:58",
        "16:48"
    ],
    "holiday": [
        "9:43",
        "11:58",
        "13:58",
        "16:48"
    ],
    "url": "https://www.kanachu.co.jp/dia/diagram/timetable01_js/course:0000800833-3/node:00127535/kt:0/lname:/"
}
