{
    "date": "2024/04/01",
    "name": "高麗清水",
    "position": "-",
    "system": "平35",
    "destinations": [
        "花水橋",
        "古花水",
        "柳町(平塚市)",
        "豊田道",
        "八間通り",
        "平塚文化芸術ホール前",
        "銀座通り(平塚市)",
        "平塚駅北口"
    ],
    "weekday": [
        "9:53",
        "12:03",
        "14:03",
        "16:43"
    ],
    "saturday": [
        "9:48",
        "12:03",
        "14:03",
        "16:53"
    ],
    "holiday": [
        "9:48",
        "12:03",
        "14:03",
        "16:53"
    ],
    "url": "https://www.kanachu.co.jp/dia/diagram/timetable01_js/course:0000800833-8/node:00127530/kt:0/lname:/"
}
