{
    "date": "2024/04/01",
    "name": "八間通り",
    "position": "-",
    "system": "平35",
    "destinations": [
        "平塚文化芸術ホール前",
        "銀座通り(平塚市)",
        "平塚駅北口"
    ],
    "weekday": [
        "10:00",
        "12:10",
        "14:10",
        "16:50"
    ],
    "saturday": [
        "9:55",
        "12:10",
        "14:10",
        "17:00"
    ],
    "holiday": [
        "9:55",
        "12:10",
        "14:10",
        "17:00"
    ],
    "url": "https://www.kanachu.co.jp/dia/diagram/timetable01_js/course:0000800833-13/node:00127467/kt:0/lname:/"
}
