{
    "date": "2025/07/12",
    "name": "児童公園前(鎌倉市)",
    "position": "-",
    "system": "船10",
    "destinations": [
        "玉縄行政センター入口",
        "岡本(鎌倉市)",
        "公会堂前(鎌倉市)",
        "陣屋坂",
        "陣屋坂上",
        "城宿",
        "城廻中村"
    ],
    "weekday": [
        "10:43",
        "18:58",
        "19:18",
        "22:01"
    ],
    "saturday": [
        "15:54",
        "20:01"
    ],
    "holiday": [
        "15:54",
        "20:01"
    ],
    "url": "https://www.kanachu.co.jp/dia/diagram/timetable01_js/course:0000800379-2/node:00126992/kt:0/lname:/"
}
