{
    "date": "2025/07/12",
    "name": "玉縄行政センター入口",
    "position": "-",
    "system": "船10",
    "destinations": [
        "岡本(鎌倉市)",
        "公会堂前(鎌倉市)",
        "陣屋坂",
        "陣屋坂上",
        "城宿",
        "城廻中村"
    ],
    "weekday": [
        "10:44",
        "18:59",
        "19:19",
        "22:02"
    ],
    "saturday": [
        "15:55",
        "20:02"
    ],
    "holiday": [
        "15:55",
        "20:02"
    ],
    "url": "https://www.kanachu.co.jp/dia/diagram/timetable01_js/course:0000800379-3/node:00127116/kt:0/lname:/"
}
