{
    "system": "船102",
    "busstops": [
        {
            "index": "1",
            "id": "00126855",
            "name": "大船駅西口",
            "lat": "35.352463",
            "lng": "139.528646"
        },
        {
            "index": "2",
            "id": "00126992",
            "name": "児童公園前(鎌倉市)",
            "lat": "35.35249",
            "lng": "139.523991"
        },
        {
            "index": "3",
            "id": "00127116",
            "name": "玉縄行政センター入口",
            "lat": "35.350517",
            "lng": "139.522147"
        },
        {
            "index": "4",
            "id": "00126991",
            "name": "岡本(鎌倉市)",
            "lat": "35.349612",
            "lng": "139.519875"
        },
        {
            "index": "5",
            "id": "00126990",
            "name": "公会堂前(鎌倉市)",
            "lat": "35.348843",
            "lng": "139.516069"
        },
        {
            "index": "6",
            "id": "00127121",
            "name": "陣屋坂",
            "lat": "35.350553",
            "lng": "139.514451"
        },
        {
            "index": "7",
            "id": "00127125",
            "name": "陣屋坂上",
            "lat": "35.352656",
            "lng": "139.511729"
        },
        {
            "index": "8",
            "id": "00127122",
            "name": "城宿",
            "lat": "35.35388",
            "lng": "139.510381"
        },
        {
            "index": "9",
            "id": "00127123",
            "name": "城廻中村",
            "lat": "35.355262",
            "lng": "139.506916"
        }
    ],
    "route_url": "https://www.kanachu.co.jp/dia/route/index/cid:0000800379/"
}
