{
    "date": "2025/08/04",
    "name": "北警察署前(相模原市緑区)",
    "position": "-",
    "system": "橋33",
    "destinations": [
        "西橋本三丁目",
        "日本板硝子前(相模原市緑区)",
        "住宅前(相模原市緑区)",
        "公園前(相模原市緑区)",
        "上の原(相模原市緑区)",
        "相模原協同病院入口",
        "内出(相模原市緑区)",
        "合野原",
        "上大島"
    ],
    "weekday": [
        "6:07",
        "6:22",
        "6:42",
        "7:03",
        "7:13",
        "7:27",
        "7:38",
        "7:53",
        "8:10",
        "8:28",
        "8:58",
        "9:17",
        "9:32",
        "9:52",
        "10:22",
        "10:47",
        "11:22",
        "11:42",
        "12:22",
        "12:42",
        "13:22",
        "13:42",
        "14:22",
        "14:42",
        "15:22",
        "15:37",
        "16:14",
        "16:42",
        "17:08",
        "17:33",
        "17:53",
        "18:13",
        "18:35",
        "18:48",
        "19:03",
        "19:25",
        "19:43",
        "20:02",
        "20:22",
        "20:42",
        "21:02",
        "21:22",
        "21:42",
        "22:02",
        "22:27",
        "23:02"
    ],
    "saturday": [
        "6:22",
        "7:03",
        "7:23",
        "7:43",
        "7:58",
        "8:18",
        "8:43",
        "9:18",
        "9:43",
        "10:33",
        "10:43",
        "11:18",
        "11:33",
        "12:18",
        "12:38",
        "13:23",
        "13:43",
        "14:23",
        "14:43",
        "15:18",
        "15:43",
        "16:28",
        "16:43",
        "17:23",
        "17:38",
        "18:23",
        "18:53",
        "19:23",
        "19:43",
        "20:27",
        "20:42",
        "21:22",
        "21:42",
        "22:22"
    ],
    "holiday": [
        "6:42",
        "7:22",
        "7:42",
        "7:57",
        "8:17",
        "8:42",
        "9:17",
        "9:42",
        "10:33",
        "10:43",
        "11:18",
        "11:33",
        "12:18",
        "12:38",
        "13:23",
        "13:43",
        "14:23",
        "14:43",
        "15:18",
        "15:43",
        "16:28",
        "16:43",
        "17:23",
        "17:38",
        "18:23",
        "18:53",
        "19:22",
        "19:42",
        "20:27",
        "20:42",
        "21:22",
        "21:42"
    ],
    "url": "https://www.kanachu.co.jp/dia/diagram/timetable01_js/course:0000803127-4/node:00129042/kt:0/lname:/"
}
