{
    "date": "2025/08/04",
    "name": "合野原",
    "position": "-",
    "system": "橋33",
    "destinations": [
        "上大島"
    ],
    "weekday": [
        "6:15",
        "6:30",
        "6:50",
        "7:13",
        "7:23",
        "7:37",
        "7:48",
        "8:03",
        "8:20",
        "8:38",
        "9:07",
        "9:26",
        "9:41",
        "10:01",
        "10:31",
        "10:56",
        "11:31",
        "11:51",
        "12:31",
        "12:51",
        "13:31",
        "13:51",
        "14:31",
        "14:51",
        "15:31",
        "15:46",
        "16:23",
        "16:51",
        "17:18",
        "17:43",
        "18:03",
        "18:23",
        "18:45",
        "18:58",
        "19:13",
        "19:35",
        "19:53",
        "20:10",
        "20:30",
        "20:50",
        "21:10",
        "21:30",
        "21:50",
        "22:10",
        "22:35",
        "23:10"
    ],
    "saturday": [
        "6:30",
        "7:11",
        "7:31",
        "7:51",
        "8:06",
        "8:26",
        "8:51",
        "9:26",
        "9:51",
        "10:41",
        "10:51",
        "11:26",
        "11:41",
        "12:26",
        "12:46",
        "13:31",
        "13:51",
        "14:31",
        "14:51",
        "15:26",
        "15:51",
        "16:36",
        "16:51",
        "17:32",
        "17:47",
        "18:32",
        "19:02",
        "19:32",
        "19:52",
        "20:35",
        "20:50",
        "21:30",
        "21:50",
        "22:30"
    ],
    "holiday": [
        "6:50",
        "7:30",
        "7:50",
        "8:05",
        "8:25",
        "8:50",
        "9:25",
        "9:50",
        "10:41",
        "10:51",
        "11:26",
        "11:41",
        "12:26",
        "12:46",
        "13:31",
        "13:51",
        "14:31",
        "14:51",
        "15:26",
        "15:51",
        "16:36",
        "16:51",
        "17:32",
        "17:47",
        "18:32",
        "19:02",
        "19:30",
        "19:50",
        "20:35",
        "20:50",
        "21:30",
        "21:50"
    ],
    "url": "https://www.kanachu.co.jp/dia/diagram/timetable01_js/course:0000803127-12/node:00128979/kt:0/lname:/"
}
