{
    "date": "2025/11/16",
    "name": "農協前(横浜市旭区)",
    "position": "-",
    "system": "間01",
    "destinations": [
        "都岡町",
        "下宿(横浜市旭区)",
        "川井宿",
        "福泉寺前(横浜市旭区)",
        "宮の下(横浜市旭区)",
        "長源寺前(横浜市旭区)",
        "上川井町",
        "大貫橋",
        "亀甲山",
        "桜山(横浜市旭区)",
        "卸センター前",
        "笹原(横浜市瀬谷区)",
        "瀬谷入口",
        "観音寺前(大和市)",
        "下鶴間",
        "諏訪神社",
        "山王原(大和市)",
        "長堀公園前",
        "鶴間二丁目",
        "鶴間駅東口"
    ],
    "weekday": [
        "6:11",
        "6:41",
        "6:53",
        "7:28",
        "8:08",
        "8:43",
        "9:20",
        "9:46",
        "10:18",
        "11:20",
        "12:28",
        "13:28",
        "14:28",
        "15:28",
        "16:28",
        "17:28",
        "18:28",
        "19:28",
        "20:09"
    ],
    "saturday": [
        "6:16",
        "7:03",
        "7:31",
        "7:58",
        "8:22",
        "9:00",
        "9:22",
        "10:13",
        "11:13",
        "12:13",
        "13:13",
        "14:13",
        "15:13",
        "16:13",
        "17:13",
        "18:13",
        "19:13"
    ],
    "holiday": [
        "6:22",
        "7:24",
        "8:11",
        "9:16",
        "10:13",
        "11:13",
        "12:13",
        "13:13",
        "14:13",
        "15:13",
        "16:13",
        "17:13",
        "18:13",
        "19:13"
    ],
    "url": "https://www.kanachu.co.jp/dia/diagram/timetable01_js/course:0000803919-8/node:00129714/kt:0/lname:/"
}
