{
    "date": "2025/11/16",
    "name": "都岡町",
    "position": "-",
    "system": "間01",
    "destinations": [
        "下宿(横浜市旭区)",
        "川井宿",
        "福泉寺前(横浜市旭区)",
        "宮の下(横浜市旭区)",
        "長源寺前(横浜市旭区)",
        "上川井町",
        "大貫橋",
        "亀甲山",
        "桜山(横浜市旭区)",
        "卸センター前",
        "笹原(横浜市瀬谷区)",
        "瀬谷入口",
        "観音寺前(大和市)",
        "下鶴間",
        "諏訪神社",
        "山王原(大和市)",
        "長堀公園前",
        "鶴間二丁目",
        "鶴間駅東口"
    ],
    "weekday": [
        "6:12",
        "6:42",
        "6:54",
        "7:29",
        "8:09",
        "8:44",
        "9:21",
        "9:47",
        "10:19",
        "11:21",
        "12:29",
        "13:29",
        "14:29",
        "15:29",
        "16:29",
        "17:29",
        "18:29",
        "19:29",
        "20:10"
    ],
    "saturday": [
        "6:17",
        "7:04",
        "7:32",
        "7:59",
        "8:23",
        "9:01",
        "9:23",
        "10:14",
        "11:14",
        "12:14",
        "13:14",
        "14:14",
        "15:14",
        "16:14",
        "17:14",
        "18:14",
        "19:14"
    ],
    "holiday": [
        "6:23",
        "7:25",
        "8:12",
        "9:17",
        "10:14",
        "11:14",
        "12:14",
        "13:14",
        "14:14",
        "15:14",
        "16:14",
        "17:14",
        "18:14",
        "19:14"
    ],
    "url": "https://www.kanachu.co.jp/dia/diagram/timetable01_js/course:0000803919-9/node:00129713/kt:0/lname:/"
}
