{
    "date": "2025/11/16",
    "name": "下宿(横浜市旭区)",
    "position": "-",
    "system": "間01",
    "destinations": [
        "川井宿",
        "福泉寺前(横浜市旭区)",
        "宮の下(横浜市旭区)",
        "長源寺前(横浜市旭区)",
        "上川井町",
        "大貫橋",
        "亀甲山",
        "桜山(横浜市旭区)",
        "卸センター前",
        "笹原(横浜市瀬谷区)",
        "瀬谷入口",
        "観音寺前(大和市)",
        "下鶴間",
        "諏訪神社",
        "山王原(大和市)",
        "長堀公園前",
        "鶴間二丁目",
        "鶴間駅東口"
    ],
    "weekday": [
        "6:13",
        "6:43",
        "6:55",
        "7:30",
        "8:10",
        "8:45",
        "9:22",
        "9:48",
        "10:20",
        "11:22",
        "12:30",
        "13:30",
        "14:30",
        "15:30",
        "16:30",
        "17:30",
        "18:30",
        "19:30",
        "20:11"
    ],
    "saturday": [
        "6:18",
        "7:05",
        "7:33",
        "8:00",
        "8:24",
        "9:02",
        "9:24",
        "10:15",
        "11:15",
        "12:15",
        "13:15",
        "14:15",
        "15:15",
        "16:15",
        "17:15",
        "18:15",
        "19:15"
    ],
    "holiday": [
        "6:24",
        "7:26",
        "8:13",
        "9:18",
        "10:15",
        "11:15",
        "12:15",
        "13:15",
        "14:15",
        "15:15",
        "16:15",
        "17:15",
        "18:15",
        "19:15"
    ],
    "url": "https://www.kanachu.co.jp/dia/diagram/timetable01_js/course:0000803919-10/node:00129712/kt:0/lname:/"
}
