{
    "date": "2025/11/16",
    "name": "宮の下(横浜市旭区)",
    "position": "-",
    "system": "間01",
    "destinations": [
        "長源寺前(横浜市旭区)",
        "上川井町",
        "大貫橋",
        "亀甲山",
        "桜山(横浜市旭区)",
        "卸センター前",
        "笹原(横浜市瀬谷区)",
        "瀬谷入口",
        "観音寺前(大和市)",
        "下鶴間",
        "諏訪神社",
        "山王原(大和市)",
        "長堀公園前",
        "鶴間二丁目",
        "鶴間駅東口"
    ],
    "weekday": [
        "6:17",
        "6:47",
        "6:59",
        "7:34",
        "8:14",
        "8:49",
        "9:26",
        "9:52",
        "10:24",
        "11:26",
        "12:34",
        "13:34",
        "14:34",
        "15:34",
        "16:34",
        "17:34",
        "18:34",
        "19:34",
        "20:15"
    ],
    "saturday": [
        "6:22",
        "7:09",
        "7:37",
        "8:04",
        "8:28",
        "9:06",
        "9:28",
        "10:19",
        "11:19",
        "12:19",
        "13:19",
        "14:19",
        "15:19",
        "16:19",
        "17:19",
        "18:19",
        "19:19"
    ],
    "holiday": [
        "6:28",
        "7:30",
        "8:17",
        "9:22",
        "10:19",
        "11:19",
        "12:19",
        "13:19",
        "14:19",
        "15:19",
        "16:19",
        "17:19",
        "18:19",
        "19:19"
    ],
    "url": "https://www.kanachu.co.jp/dia/diagram/timetable01_js/course:0000803919-13/node:00129709/kt:0/lname:/"
}
