{
    "date": "2025/11/16",
    "name": "観音寺前(大和市)",
    "position": "-",
    "system": "間01",
    "destinations": [
        "下鶴間",
        "諏訪神社",
        "山王原(大和市)",
        "長堀公園前",
        "鶴間二丁目",
        "鶴間駅東口"
    ],
    "weekday": [
        "6:28",
        "6:58",
        "7:10",
        "7:45",
        "8:25",
        "9:00",
        "9:37",
        "10:03",
        "10:35",
        "11:37",
        "12:45",
        "13:45",
        "14:45",
        "15:45",
        "16:45",
        "17:45",
        "18:45",
        "19:45",
        "20:26"
    ],
    "saturday": [
        "6:33",
        "7:20",
        "7:48",
        "8:15",
        "8:39",
        "9:17",
        "9:39",
        "10:30",
        "11:30",
        "12:30",
        "13:30",
        "14:30",
        "15:30",
        "16:30",
        "17:30",
        "18:30",
        "19:30"
    ],
    "holiday": [
        "6:39",
        "7:41",
        "8:28",
        "9:33",
        "10:30",
        "11:30",
        "12:30",
        "13:30",
        "14:30",
        "15:30",
        "16:30",
        "17:30",
        "18:30",
        "19:30"
    ],
    "url": "https://www.kanachu.co.jp/dia/diagram/timetable01_js/course:0000803919-22/node:00129529/kt:0/lname:/"
}
