{
    "date": "2025/11/16",
    "name": "諏訪神社",
    "position": "-",
    "system": "間01",
    "destinations": [
        "山王原(大和市)",
        "長堀公園前",
        "鶴間二丁目",
        "鶴間駅東口"
    ],
    "weekday": [
        "6:30",
        "7:00",
        "7:12",
        "7:47",
        "8:27",
        "9:02",
        "9:39",
        "10:05",
        "10:37",
        "11:39",
        "12:47",
        "13:47",
        "14:47",
        "15:47",
        "16:47",
        "17:47",
        "18:47",
        "19:47",
        "20:28"
    ],
    "saturday": [
        "6:35",
        "7:22",
        "7:50",
        "8:17",
        "8:41",
        "9:19",
        "9:41",
        "10:32",
        "11:32",
        "12:32",
        "13:32",
        "14:32",
        "15:32",
        "16:32",
        "17:32",
        "18:32",
        "19:32"
    ],
    "holiday": [
        "6:41",
        "7:43",
        "8:30",
        "9:35",
        "10:32",
        "11:32",
        "12:32",
        "13:32",
        "14:32",
        "15:32",
        "16:32",
        "17:32",
        "18:32",
        "19:32"
    ],
    "url": "https://www.kanachu.co.jp/dia/diagram/timetable01_js/course:0000803919-24/node:00129527/kt:0/lname:/"
}
