{
    "date": "2025/11/16",
    "name": "山王原(大和市)",
    "position": "-",
    "system": "間01",
    "destinations": [
        "長堀公園前",
        "鶴間二丁目",
        "鶴間駅東口"
    ],
    "weekday": [
        "6:31",
        "7:01",
        "7:13",
        "7:48",
        "8:28",
        "9:03",
        "9:40",
        "10:06",
        "10:38",
        "11:40",
        "12:48",
        "13:48",
        "14:48",
        "15:48",
        "16:48",
        "17:48",
        "18:48",
        "19:48",
        "20:29"
    ],
    "saturday": [
        "6:36",
        "7:23",
        "7:51",
        "8:18",
        "8:42",
        "9:20",
        "9:42",
        "10:33",
        "11:33",
        "12:33",
        "13:33",
        "14:33",
        "15:33",
        "16:33",
        "17:33",
        "18:33",
        "19:33"
    ],
    "holiday": [
        "6:42",
        "7:44",
        "8:31",
        "9:36",
        "10:33",
        "11:33",
        "12:33",
        "13:33",
        "14:33",
        "15:33",
        "16:33",
        "17:33",
        "18:33",
        "19:33"
    ],
    "url": "https://www.kanachu.co.jp/dia/diagram/timetable01_js/course:0000803919-25/node:00129526/kt:0/lname:/"
}
