{
    "date": "2025/11/16",
    "name": "長堀公園前",
    "position": "-",
    "system": "間01",
    "destinations": [
        "鶴間二丁目",
        "鶴間駅東口"
    ],
    "weekday": [
        "6:32",
        "7:02",
        "7:14",
        "7:49",
        "8:29",
        "9:04",
        "9:41",
        "10:07",
        "10:39",
        "11:41",
        "12:49",
        "13:49",
        "14:49",
        "15:49",
        "16:49",
        "17:49",
        "18:49",
        "19:49",
        "20:30"
    ],
    "saturday": [
        "6:37",
        "7:24",
        "7:52",
        "8:19",
        "8:43",
        "9:21",
        "9:43",
        "10:34",
        "11:34",
        "12:34",
        "13:34",
        "14:34",
        "15:34",
        "16:34",
        "17:34",
        "18:34",
        "19:34"
    ],
    "holiday": [
        "6:43",
        "7:45",
        "8:32",
        "9:37",
        "10:34",
        "11:34",
        "12:34",
        "13:34",
        "14:34",
        "15:34",
        "16:34",
        "17:34",
        "18:34",
        "19:34"
    ],
    "url": "https://www.kanachu.co.jp/dia/diagram/timetable01_js/course:0000803919-26/node:00130537/kt:0/lname:/"
}
