{
    "date": "2024/10/01",
    "name": "幼稚園前(横浜市緑区)",
    "position": "-",
    "system": "56",
    "destinations": [
        "竹山団地入口",
        "鴨居町",
        "中村通",
        "鴨居駅"
    ],
    "weekday": [
        "5:49",
        "6:09",
        "6:24",
        "6:40",
        "6:54",
        "7:04",
        "7:12",
        "7:20",
        "7:28",
        "7:36",
        "7:44",
        "7:50",
        "8:08",
        "8:20",
        "8:32",
        "8:44",
        "8:56",
        "9:05",
        "9:35",
        "9:50",
        "10:05",
        "10:20",
        "10:50",
        "11:11",
        "11:25",
        "11:44",
        "12:05",
        "12:25",
        "12:44",
        "13:02",
        "13:42",
        "14:05",
        "14:25",
        "14:44",
        "15:05",
        "15:25",
        "15:45",
        "16:23",
        "16:43",
        "17:03",
        "17:21",
        "17:54",
        "18:12",
        "18:24",
        "18:46",
        "19:04",
        "19:25",
        "19:49",
        "20:02",
        "20:32",
        "21:05",
        "21:40",
        "22:20",
        "22:35"
    ],
    "saturday": [
        "5:59",
        "6:24",
        "6:54",
        "7:28",
        "7:54",
        "8:14",
        "8:29",
        "8:44",
        "8:59",
        "9:16",
        "9:29",
        "9:44",
        "9:59",
        "10:14",
        "10:29",
        "10:44",
        "11:01",
        "11:39",
        "11:58",
        "12:19",
        "12:59",
        "13:19",
        "13:44",
        "14:19",
        "14:39",
        "14:59",
        "15:37",
        "15:57",
        "16:17",
        "16:57",
        "17:17",
        "17:37",
        "18:20",
        "18:40",
        "19:00",
        "19:43",
        "20:03",
        "20:23",
        "21:18"
    ],
    "holiday": [
        "6:44",
        "7:14",
        "7:44",
        "8:14",
        "8:34",
        "8:54",
        "9:14",
        "9:34",
        "9:58",
        "10:19",
        "10:39",
        "10:59",
        "11:39",
        "11:58",
        "12:19",
        "12:59",
        "13:19",
        "13:44",
        "14:19",
        "14:39",
        "14:59",
        "15:37",
        "15:57",
        "16:17",
        "16:57",
        "17:17",
        "17:37",
        "18:20",
        "18:40",
        "19:00",
        "19:43",
        "20:03",
        "20:23",
        "21:18"
    ],
    "url": "https://www.kanachu.co.jp/dia/diagram/timetable01_js/course:0000802217-3/node:00103224/kt:0/lname:/"
}
