{
    "date": "2026/01/16",
    "name": "中町一丁目(町田市)",
    "position": "-",
    "system": "町18",
    "destinations": [
        "原町田五丁目",
        "原町田四丁目",
        "町田ターミナル前",
        "町田バスセンター"
    ],
    "weekday": [
        "8:00",
        "8:40",
        "9:20",
        "9:55",
        "10:35",
        "11:10",
        "11:45",
        "12:20",
        "13:00",
        "13:35",
        "14:10",
        "14:45",
        "15:20",
        "16:00",
        "16:40"
    ],
    "saturday": [],
    "holiday": [],
    "url": "https://www.kanachu.co.jp/dia/diagram/timetable01_js/course:0000804256-9/node:00129484/kt:0/lname:/"
}
