{
    "date": "2025/11/16",
    "name": "大島(平塚市)",
    "position": "-",
    "system": "平97",
    "destinations": [
        "四ツ谷入口(平塚市)",
        "下島(平塚市)",
        "美里",
        "打間木上",
        "打間木下",
        "湘南車検場前",
        "三菱ケミカル前",
        "第一三共前(平塚市)",
        "北新町",
        "平塚球場",
        "総合公園(平塚市)",
        "美術館入口(平塚市)",
        "江陽中学校前(平塚市)",
        "崇善小学校前",
        "明石町(平塚市)",
        "明石町一丁目",
        "四ツ角(平塚市)",
        "平塚駅北口"
    ],
    "weekday": [
        "7:59",
        "8:20",
        "10:04",
        "12:49",
        "15:09",
        "16:49",
        "19:09",
        "20:21"
    ],
    "saturday": [
        "6:59",
        "8:29",
        "10:59",
        "12:59",
        "14:59",
        "16:59"
    ],
    "holiday": [
        "6:59",
        "8:29",
        "10:59",
        "12:59",
        "14:59",
        "16:59"
    ],
    "url": "https://www.kanachu.co.jp/dia/diagram/timetable01_js/course:0000800150-13/node:00127638/kt:0/lname:/"
}
