{
    "date": "2024/09/02",
    "name": "中屋敷(横浜市泉区)",
    "position": "-",
    "system": "",
    "destinations": [
        "集会所前(横浜市泉区)",
        "渋谷中学校",
        "保育所前(大和市)",
        "いちょう団地",
        "台村",
        "飯田神社前",
        "団地入口(横浜市泉区)",
        "児童公園前(横浜市泉区)",
        "小学校前(横浜市泉区)",
        "上飯田団地",
        "小学校前(横浜市泉区)",
        "児童公園前(横浜市泉区)",
        "団地入口(横浜市泉区)",
        "飯田農協前",
        "上高倉",
        "藤沢湘南台病院前",
        "住宅前(藤沢市高倉)",
        "長後駅"
    ],
    "weekday": [
        "9:28",
        "10:58",
        "12:28",
        "13:58",
        "15:28",
        "16:58",
        "18:28"
    ],
    "saturday": [
        "9:59",
        "11:29",
        "12:59",
        "14:31",
        "15:59",
        "17:29"
    ],
    "holiday": [
        "9:59",
        "11:29",
        "12:59",
        "14:29",
        "15:59",
        "17:29"
    ],
    "url": "https://www.kanachu.co.jp/dia/diagram/timetable01_js/course:0000801442-8/node:00126797/kt:0/lname:/"
}
