{
    "date": "2024/09/02",
    "name": "いちょう団地",
    "position": "-",
    "system": "",
    "destinations": [
        "台村",
        "飯田神社前",
        "団地入口(横浜市泉区)",
        "児童公園前(横浜市泉区)",
        "小学校前(横浜市泉区)",
        "上飯田団地",
        "小学校前(横浜市泉区)",
        "児童公園前(横浜市泉区)",
        "団地入口(横浜市泉区)",
        "飯田農協前",
        "上高倉",
        "藤沢湘南台病院前",
        "住宅前(藤沢市高倉)",
        "長後駅"
    ],
    "weekday": [
        "9:34",
        "11:04",
        "12:34",
        "14:04",
        "15:34",
        "17:04",
        "18:34"
    ],
    "saturday": [
        "10:05",
        "11:35",
        "13:05",
        "14:37",
        "16:05",
        "17:35"
    ],
    "holiday": [
        "10:05",
        "11:35",
        "13:05",
        "14:35",
        "16:05",
        "17:35"
    ],
    "url": "https://www.kanachu.co.jp/dia/diagram/timetable01_js/course:0000801442-12/node:00126808/kt:0/lname:/"
}
