{
    "date": "2025/04/19",
    "name": "淵野辺郵便局前",
    "position": "-",
    "system": "淵22",
    "destinations": [
        "幸町(相模原市中央区)",
        "淵野辺駅北口"
    ],
    "weekday": [
        "7:06",
        "8:07",
        "9:07",
        "13:11",
        "14:11",
        "17:42",
        "18:42"
    ],
    "saturday": [
        "7:06",
        "8:06",
        "9:06",
        "13:11",
        "14:11",
        "17:41",
        "18:41"
    ],
    "holiday": [
        "7:06",
        "8:06",
        "9:06",
        "13:11",
        "14:11",
        "17:41",
        "18:41"
    ],
    "url": "https://www.kanachu.co.jp/dia/diagram/timetable01_js/course:0000803435-12/node:00129309/kt:0/lname:/"
}
