{
    "date": "2026/01/16",
    "name": "昭和薬科大学",
    "position": "-",
    "system": "つ03",
    "destinations": [
        "昭和薬科大学入口",
        "観性寺前",
        "中村(町田市成瀬)",
        "成瀬高校入口",
        "南成瀬",
        "成瀬駅",
        "成瀬駅ガード南",
        "小川高校入口",
        "小川かえで公園前",
        "小川小学校前",
        "柳谷戸",
        "小川中央",
        "つくし野二丁目(町田市)",
        "つくし野小学校",
        "つくし野駅"
    ],
    "weekday": [
        "11:25",
        "13:25",
        "15:25"
    ],
    "saturday": [
        "10:13",
        "13:25",
        "15:25"
    ],
    "holiday": [
        "10:25",
        "13:25",
        "15:25"
    ],
    "url": "https://www.kanachu.co.jp/dia/diagram/timetable01_js/course:0000804050-3/node:00049419/kt:0/lname:/"
}
