{
    "date": "2026/01/16",
    "name": "観性寺前",
    "position": "-",
    "system": "つ03",
    "destinations": [
        "中村(町田市成瀬)",
        "成瀬高校入口",
        "南成瀬",
        "成瀬駅",
        "成瀬駅ガード南",
        "小川高校入口",
        "小川かえで公園前",
        "小川小学校前",
        "柳谷戸",
        "小川中央",
        "つくし野二丁目(町田市)",
        "つくし野小学校",
        "つくし野駅"
    ],
    "weekday": [
        "11:27",
        "13:27",
        "15:27"
    ],
    "saturday": [
        "10:15",
        "13:27",
        "15:27"
    ],
    "holiday": [
        "10:27",
        "13:27",
        "15:27"
    ],
    "url": "https://www.kanachu.co.jp/dia/diagram/timetable01_js/course:0000804050-5/node:00129559/kt:0/lname:/"
}
