{
    "date": "2026/01/16",
    "name": "成瀬高校入口",
    "position": "-",
    "system": "つ03",
    "destinations": [
        "南成瀬",
        "成瀬駅",
        "成瀬駅ガード南",
        "小川高校入口",
        "小川かえで公園前",
        "小川小学校前",
        "柳谷戸",
        "小川中央",
        "つくし野二丁目(町田市)",
        "つくし野小学校",
        "つくし野駅"
    ],
    "weekday": [
        "11:29",
        "13:29",
        "15:29"
    ],
    "saturday": [
        "10:17",
        "13:29",
        "15:29"
    ],
    "holiday": [
        "10:29",
        "13:29",
        "15:29"
    ],
    "url": "https://www.kanachu.co.jp/dia/diagram/timetable01_js/course:0000804050-7/node:00129561/kt:0/lname:/"
}
