{
    "date": "2025/04/01",
    "name": "忠生三丁目",
    "position": "",
    "system": "町78",
    "destinations": [
        "JA忠生支店前",
        "忠生",
        "上の原(町田市)",
        "町田総合高校前",
        "木曽南団地",
        "横町(町田市)",
        "境川団地",
        "境川団地中央",
        "境川団地入口",
        "木曽都営入口",
        "桧台入口",
        "森野六丁目",
        "森野五丁目",
        "妙延寺(町田市)",
        "町田市役所市民ホール前",
        "町田バスセンター"
    ],
    "weekday": [
        "5:51",
        "6:00",
        "6:09",
        "10:16",
        "11:23",
        "12:23",
        "13:23",
        "14:26",
        "15:24",
        "16:29",
        "17:29",
        "18:30",
        "19:31",
        "20:31"
    ],
    "saturday": [
        "5:50",
        "7:17",
        "9:33",
        "10:33",
        "11:33",
        "12:35",
        "13:35",
        "14:33",
        "15:33",
        "16:34",
        "17:36",
        "18:34",
        "19:23",
        "20:30"
    ],
    "holiday": [
        "5:56",
        "7:17",
        "9:30",
        "10:36",
        "11:35",
        "12:35",
        "13:35",
        "14:35",
        "15:34",
        "16:34",
        "17:38",
        "18:35",
        "19:33",
        "20:33"
    ],
    "url": "https://www.kanachu.co.jp/dia/diagram/timetable01_js/course:0000803163-7/node:00129396/kt:0/lname:/"
}
