{
    "date": "2025/04/01",
    "name": "境川団地",
    "position": "-",
    "system": "町78",
    "destinations": [
        "境川団地中央",
        "境川団地入口",
        "木曽都営入口",
        "桧台入口",
        "森野六丁目",
        "森野五丁目",
        "妙延寺(町田市)",
        "町田市役所市民ホール前",
        "町田バスセンター"
    ],
    "weekday": [
        "6:00",
        "6:09",
        "6:18",
        "10:26",
        "11:33",
        "12:33",
        "13:33",
        "14:36",
        "15:34",
        "16:39",
        "17:39",
        "18:40",
        "19:41",
        "20:41"
    ],
    "saturday": [
        "5:59",
        "7:26",
        "9:43",
        "10:43",
        "11:43",
        "12:45",
        "13:45",
        "14:43",
        "15:43",
        "16:44",
        "17:46",
        "18:44",
        "19:32",
        "20:39"
    ],
    "holiday": [
        "6:05",
        "7:26",
        "9:40",
        "10:46",
        "11:45",
        "12:45",
        "13:45",
        "14:45",
        "15:44",
        "16:44",
        "17:48",
        "18:44",
        "19:42",
        "20:42"
    ],
    "url": "https://www.kanachu.co.jp/dia/diagram/timetable01_js/course:0000803163-14/node:00129382/kt:0/lname:/"
}
