{
    "date": "2025/04/01",
    "name": "境川団地中央",
    "position": "",
    "system": "町78",
    "destinations": [
        "境川団地入口",
        "木曽都営入口",
        "桧台入口",
        "森野六丁目",
        "森野五丁目",
        "妙延寺(町田市)",
        "町田市役所市民ホール前",
        "町田バスセンター"
    ],
    "weekday": [
        "6:01",
        "6:10",
        "6:19",
        "10:27",
        "11:34",
        "12:34",
        "13:34",
        "14:37",
        "15:35",
        "16:40",
        "17:40",
        "18:41",
        "19:41",
        "20:41"
    ],
    "saturday": [
        "6:00",
        "7:27",
        "9:44",
        "10:44",
        "11:44",
        "12:46",
        "13:46",
        "14:44",
        "15:44",
        "16:45",
        "17:47",
        "18:45",
        "19:32",
        "20:39"
    ],
    "holiday": [
        "6:06",
        "7:27",
        "9:41",
        "10:47",
        "11:46",
        "12:46",
        "13:46",
        "14:46",
        "15:45",
        "16:45",
        "17:49",
        "18:44",
        "19:42",
        "20:42"
    ],
    "url": "https://www.kanachu.co.jp/dia/diagram/timetable01_js/course:0000803163-15/node:00129381/kt:0/lname:/"
}
