{
    "date": "2025/04/01",
    "name": "木曽都営入口",
    "position": "",
    "system": "町78",
    "destinations": [
        "桧台入口",
        "森野六丁目",
        "森野五丁目",
        "妙延寺(町田市)",
        "町田市役所市民ホール前",
        "町田バスセンター"
    ],
    "weekday": [
        "6:02",
        "6:11",
        "6:20",
        "10:29",
        "11:36",
        "12:36",
        "13:36",
        "14:39",
        "15:37",
        "16:42",
        "17:42",
        "18:43",
        "19:42",
        "20:42"
    ],
    "saturday": [
        "6:01",
        "7:28",
        "9:45",
        "10:45",
        "11:46",
        "12:48",
        "13:48",
        "14:46",
        "15:46",
        "16:47",
        "17:49",
        "18:47",
        "19:33",
        "20:40"
    ],
    "holiday": [
        "6:07",
        "7:28",
        "9:42",
        "10:48",
        "11:48",
        "12:48",
        "13:48",
        "14:48",
        "15:47",
        "16:47",
        "17:51",
        "18:45",
        "19:43",
        "20:43"
    ],
    "url": "https://www.kanachu.co.jp/dia/diagram/timetable01_js/course:0000803163-17/node:00129379/kt:0/lname:/"
}
