{
    "date": "2025/01/14",
    "name": "上荻野車庫前",
    "position": "-",
    "system": "厚01",
    "destinations": [
        "上荻野",
        "新道橋(厚木市)",
        "相州病院",
        "源氏河原",
        "泉(厚木市)",
        "久保(厚木市)",
        "東谷戸入口",
        "荻野神社入口",
        "鳶尾山前",
        "稲荷木",
        "公所(厚木市)",
        "桝割",
        "子合",
        "荻野新宿",
        "宿原入口",
        "糀屋前(厚木市)",
        "松蓮寺",
        "妻田薬師",
        "中村入口(厚木市)",
        "妻田",
        "三家入口(厚木市)",
        "木売場",
        "市立病院前(厚木市)",
        "税務署入口(厚木市)",
        "市役所入口(厚木市)",
        "本厚木駅",
        "厚木バスセンター"
    ],
    "weekday": [
        "6:02",
        "6:22",
        "6:42",
        "7:17",
        "7:42",
        "8:12",
        "8:42",
        "9:12",
        "9:52",
        "10:32",
        "11:12",
        "12:12",
        "13:12",
        "14:12",
        "15:12",
        "16:12",
        "17:12",
        "17:52",
        "19:02",
        "19:52"
    ],
    "saturday": [
        "6:24",
        "6:54",
        "7:34",
        "7:54",
        "8:34",
        "8:54",
        "9:34",
        "9:54",
        "10:34",
        "11:39",
        "12:39",
        "13:39",
        "14:39",
        "15:34",
        "16:39",
        "17:39",
        "18:39"
    ],
    "holiday": [
        "6:24",
        "7:24",
        "7:54",
        "8:34",
        "8:54",
        "9:34",
        "10:39",
        "11:39",
        "12:39",
        "13:39",
        "14:39",
        "15:34",
        "16:34",
        "17:34",
        "18:34"
    ],
    "url": "https://www.kanachu.co.jp/dia/diagram/timetable01_js/course:0000800512-11/node:00128282/kt:0/lname:/"
}
