{
    "date": "2025/10/20",
    "name": "三塚",
    "position": "-",
    "system": "町92",
    "destinations": [
        "熊野神社前(成瀬街道側/町田市)",
        "高ヶ坂センター前",
        "高ヶ坂",
        "団地入口(町田市)",
        "高ヶ坂団地"
    ],
    "weekday": [
        "6:49",
        "7:22",
        "7:44",
        "8:04",
        "8:49"
    ],
    "saturday": [
        "7:32",
        "8:02",
        "8:42"
    ],
    "holiday": [
        "7:44",
        "8:21",
        "8:51"
    ],
    "url": "https://www.kanachu.co.jp/dia/diagram/timetable01_js/course:0000801243-4/node:00129543/kt:0/lname:/"
}
