{
    "date": "2026/01/16",
    "name": "上落合(綾瀬市)",
    "position": "-",
    "system": "長39",
    "destinations": [
        "大法寺(綾瀬市)",
        "大邸",
        "綾瀬農協前",
        "綾瀬小学校前",
        "中郷(綾瀬市)",
        "綾瀬タウンヒルズ前",
        "市民文化センター前(綾瀬市)",
        "春日原(綾瀬市)",
        "綾瀬車庫(綾瀬市)"
    ],
    "weekday": [
        "18:02",
        "18:32",
        "19:02",
        "19:59",
        "22:17",
        "23:30"
    ],
    "saturday": [
        "8:04",
        "8:34",
        "9:04",
        "9:34",
        "10:04",
        "10:34",
        "11:04",
        "11:34",
        "12:04",
        "12:34",
        "13:04",
        "13:34",
        "14:04",
        "14:34",
        "15:04",
        "15:34",
        "16:04",
        "16:34",
        "17:04",
        "17:34",
        "18:04",
        "18:34",
        "19:04",
        "20:04",
        "21:04",
        "21:47",
        "22:15"
    ],
    "holiday": [
        "8:04",
        "9:04",
        "9:34",
        "10:04",
        "10:34",
        "11:04",
        "11:34",
        "12:04",
        "12:34",
        "13:04",
        "13:34",
        "14:04",
        "14:34",
        "15:04",
        "15:34",
        "16:04",
        "16:34",
        "17:04",
        "17:34",
        "18:04",
        "18:34",
        "19:04",
        "20:04",
        "21:04",
        "21:47",
        "22:15"
    ],
    "url": "https://www.kanachu.co.jp/dia/diagram/timetable01_js/course:0000804165-7/node:00129990/kt:0/lname:/"
}
