{
    "date": "2026/01/16",
    "name": "中郷(綾瀬市)",
    "position": "-",
    "system": "長39",
    "destinations": [
        "綾瀬タウンヒルズ前",
        "市民文化センター前(綾瀬市)",
        "春日原(綾瀬市)",
        "綾瀬車庫(綾瀬市)"
    ],
    "weekday": [
        "18:07",
        "18:37",
        "19:07",
        "20:04",
        "22:22",
        "23:35"
    ],
    "saturday": [
        "8:09",
        "8:39",
        "9:09",
        "9:39",
        "10:09",
        "10:39",
        "11:09",
        "11:39",
        "12:09",
        "12:39",
        "13:09",
        "13:39",
        "14:09",
        "14:39",
        "15:09",
        "15:39",
        "16:09",
        "16:39",
        "17:09",
        "17:39",
        "18:09",
        "18:39",
        "19:09",
        "20:09",
        "21:09",
        "21:52",
        "22:20"
    ],
    "holiday": [
        "8:09",
        "9:09",
        "9:39",
        "10:09",
        "10:39",
        "11:09",
        "11:39",
        "12:09",
        "12:39",
        "13:09",
        "13:39",
        "14:09",
        "14:39",
        "15:09",
        "15:39",
        "16:09",
        "16:39",
        "17:09",
        "17:39",
        "18:09",
        "18:39",
        "19:09",
        "20:09",
        "21:09",
        "21:52",
        "22:20"
    ],
    "url": "https://www.kanachu.co.jp/dia/diagram/timetable01_js/course:0000804165-12/node:00129859/kt:0/lname:/"
}
