{
    "date": "2025/11/25",
    "name": "友愛病院前",
    "position": "-",
    "system": "当02",
    "destinations": [
        "県立相模原公園前",
        "山の神坂下",
        "下原(相模原市南区)",
        "原当麻駅東",
        "原当麻駅",
        "夢の丘小学校入口",
        "天満宮入口(相模原市)",
        "塩田原",
        "テクノパイル田名工業団地",
        "塩田さくら橋",
        "塩田(相模原市中央区)",
        "向得寺",
        "田名向原遺跡",
        "田名塩田団地前",
        "田名ホーム前",
        "望地(相模原市中央区)",
        "弁天入口(相模原市中央区)",
        "望地キャンプ場入口",
        "南光寺前",
        "陽原",
        "半在家",
        "田名小学校前",
        "田名バスターミナル"
    ],
    "weekday": [
        "7:26",
        "8:16",
        "9:11",
        "10:01",
        "11:31",
        "13:01",
        "14:31",
        "16:01",
        "17:36",
        "18:31",
        "19:16"
    ],
    "saturday": [
        "7:36",
        "9:06",
        "10:36",
        "12:06",
        "13:36",
        "15:06",
        "16:36",
        "18:06"
    ],
    "holiday": [
        "7:36",
        "9:06",
        "10:36",
        "12:06",
        "13:36",
        "15:06",
        "16:36",
        "18:06"
    ],
    "url": "https://www.kanachu.co.jp/dia/diagram/timetable01_js/course:0000803520-2/node:00129286/kt:0/lname:/"
}
