{
    "date": "2025/11/25",
    "name": "向得寺",
    "position": "-",
    "system": "当02",
    "destinations": [
        "田名向原遺跡",
        "田名塩田団地前",
        "田名ホーム前",
        "望地(相模原市中央区)",
        "弁天入口(相模原市中央区)",
        "望地キャンプ場入口",
        "南光寺前",
        "陽原",
        "半在家",
        "田名小学校前",
        "田名バスターミナル"
    ],
    "weekday": [
        "7:46",
        "8:36",
        "9:31",
        "10:21",
        "11:51",
        "13:21",
        "14:51",
        "16:21",
        "17:56",
        "18:51",
        "19:36"
    ],
    "saturday": [
        "7:56",
        "9:26",
        "10:56",
        "12:26",
        "13:53",
        "15:23",
        "16:53",
        "18:23"
    ],
    "holiday": [
        "7:56",
        "9:26",
        "10:56",
        "12:26",
        "13:53",
        "15:23",
        "16:53",
        "18:23"
    ],
    "url": "https://www.kanachu.co.jp/dia/diagram/timetable01_js/course:0000803520-14/node:00129283/kt:0/lname:/"
}
