{
    "date": "2024/04/01",
    "name": "江南高校前",
    "position": "-",
    "system": "平79",
    "destinations": [
        "追分(平塚市)",
        "営林署前(平塚市)",
        "旭通り(平塚市)",
        "八間通り",
        "平塚文化芸術ホール前",
        "銀座通り(平塚市)",
        "平塚駅北口"
    ],
    "weekday": [
        "5:36",
        "7:22"
    ],
    "saturday": [],
    "holiday": [],
    "url": "https://www.kanachu.co.jp/dia/diagram/timetable01_js/course:0000800153-8/node:00127557/kt:0/lname:/"
}
