{
    "system": "平79",
    "busstops": [
        {
            "index": "1",
            "id": "00127735",
            "name": "平塚支援学校前",
            "lat": "35.35598",
            "lng": "139.308777"
        },
        {
            "index": "2",
            "id": "00127736",
            "name": "水神橋(平塚市)",
            "lat": "35.353958",
            "lng": "139.31044"
        },
        {
            "index": "3",
            "id": "00127737",
            "name": "長持",
            "lat": "35.348509",
            "lng": "139.316025"
        },
        {
            "index": "4",
            "id": "00127738",
            "name": "長瀬(平塚市)",
            "lat": "35.343106",
            "lng": "139.321134"
        },
        {
            "index": "5",
            "id": "00127560",
            "name": "南原土手",
            "lat": "35.340368",
            "lng": "139.322255"
        },
        {
            "index": "6",
            "id": "00127559",
            "name": "南原(平塚市)",
            "lat": "35.33909",
            "lng": "139.328274"
        },
        {
            "index": "7",
            "id": "00127558",
            "name": "向原(平塚市)",
            "lat": "35.338081",
            "lng": "139.33083"
        },
        {
            "index": "8",
            "id": "00127557",
            "name": "江南高校前",
            "lat": "35.337154",
            "lng": "139.334505"
        },
        {
            "index": "9",
            "id": "00127556",
            "name": "追分(平塚市)",
            "lat": "35.33592",
            "lng": "139.338303"
        },
        {
            "index": "10",
            "id": "00127739",
            "name": "営林署前(平塚市)",
            "lat": "35.333075",
            "lng": "139.339312"
        },
        {
            "index": "11",
            "id": "00127740",
            "name": "旭通り(平塚市)",
            "lat": "35.331125",
            "lng": "139.339977"
        },
        {
            "index": "12",
            "id": "00127467",
            "name": "八間通り",
            "lat": "35.328369",
            "lng": "139.341444"
        },
        {
            "index": "13",
            "id": "00127466",
            "name": "平塚文化芸術ホール前",
            "lat": "35.32904",
            "lng": "139.344531"
        },
        {
            "index": "14",
            "id": "00127465",
            "name": "銀座通り(平塚市)",
            "lat": "35.329517",
            "lng": "139.346771"
        },
        {
            "index": "15",
            "id": "00127464",
            "name": "平塚駅北口",
            "lat": "35.329337",
            "lng": "139.350596"
        }
    ],
    "route_url": "https://www.kanachu.co.jp/dia/route/index/cid:0000800153/"
}
