{
    "date": "2025/11/16",
    "name": "住宅前(横浜市緑区)",
    "position": "-",
    "system": "中54",
    "destinations": [
        "宮根(横浜市緑区)",
        "三保交差点",
        "台村町",
        "中山駅"
    ],
    "weekday": [
        "6:03",
        "6:18",
        "6:35",
        "6:51",
        "7:05",
        "7:20",
        "7:35",
        "7:51",
        "8:05",
        "8:18",
        "8:33",
        "8:48",
        "9:08",
        "9:33",
        "10:08",
        "10:33",
        "11:03",
        "11:33",
        "12:03",
        "12:33",
        "13:03",
        "13:38",
        "14:08",
        "14:38",
        "15:08",
        "15:38",
        "16:09",
        "16:39",
        "17:08",
        "17:26",
        "17:46",
        "18:03",
        "18:13",
        "18:30",
        "18:48",
        "19:04",
        "19:28",
        "19:43",
        "20:28",
        "21:11",
        "21:43"
    ],
    "saturday": [
        "6:33",
        "7:06",
        "7:33",
        "8:03",
        "8:33",
        "9:03",
        "9:33",
        "10:03",
        "10:33",
        "11:03",
        "11:33",
        "12:03",
        "12:33",
        "13:03",
        "13:33",
        "14:03",
        "14:33",
        "15:03",
        "15:33",
        "16:03",
        "16:33",
        "17:03",
        "17:33",
        "18:03",
        "18:33",
        "19:03",
        "19:33",
        "20:03",
        "20:38",
        "21:08"
    ],
    "holiday": [
        "6:33",
        "7:21",
        "7:48",
        "8:18",
        "8:48",
        "9:18",
        "9:48",
        "10:18",
        "10:48",
        "11:18",
        "11:48",
        "12:18",
        "12:50",
        "13:18",
        "13:48",
        "14:18",
        "14:50",
        "15:18",
        "15:48",
        "16:18",
        "16:48",
        "17:18",
        "17:48",
        "18:18",
        "18:48",
        "19:18",
        "19:48",
        "20:18"
    ],
    "url": "https://www.kanachu.co.jp/dia/diagram/timetable01_js/course:0000802182-4/node:00126592/kt:0/lname:/"
}
