{
    "system": "町15",
    "busstops": [
        {
            "index": "1",
            "id": "00025625",
            "name": "町田バスセンター",
            "lat": "35.543379",
            "lng": "139.444411"
        },
        {
            "index": "2",
            "id": "00129356",
            "name": "町田市役所市民ホール前",
            "lat": "35.547266",
            "lng": "139.438906"
        },
        {
            "index": "3",
            "id": "00129375",
            "name": "妙延寺(町田市)",
            "lat": "35.54863",
            "lng": "139.436298"
        },
        {
            "index": "4",
            "id": "00129376",
            "name": "森野五丁目",
            "lat": "35.549978",
            "lng": "139.433682"
        },
        {
            "index": "5",
            "id": "00129377",
            "name": "森野六丁目",
            "lat": "35.551345",
            "lng": "139.431057"
        },
        {
            "index": "6",
            "id": "00129378",
            "name": "桧台入口",
            "lat": "35.552983",
            "lng": "139.428506"
        },
        {
            "index": "7",
            "id": "00129379",
            "name": "木曽都営入口",
            "lat": "35.554423",
            "lng": "139.427704"
        },
        {
            "index": "8",
            "id": "00129380",
            "name": "境川団地入口",
            "lat": "35.55721",
            "lng": "139.425674"
        },
        {
            "index": "9",
            "id": "00129381",
            "name": "境川団地中央",
            "lat": "35.559444",
            "lng": "139.4238"
        },
        {
            "index": "10",
            "id": "00129382",
            "name": "境川団地",
            "lat": "35.561869",
            "lng": "139.421858"
        },
        {
            "index": "11",
            "id": "00129385",
            "name": "上横町",
            "lat": "35.565076",
            "lng": "139.422466"
        },
        {
            "index": "12",
            "id": "00129386",
            "name": "木曽入口",
            "lat": "35.567197",
            "lng": "139.425082"
        },
        {
            "index": "13",
            "id": "00129387",
            "name": "山崎団地入口",
            "lat": "35.568085",
            "lng": "139.429963"
        },
        {
            "index": "14",
            "id": "00129388",
            "name": "山崎団地センター",
            "lat": "35.56767",
            "lng": "139.435195"
        },
        {
            "index": "15",
            "id": "00129389",
            "name": "給水塔前(山崎団地/町田市)",
            "lat": "35.571143",
            "lng": "139.438281"
        },
        {
            "index": "16",
            "id": "00129390",
            "name": "北一号(町田市)",
            "lat": "35.574626",
            "lng": "139.437415"
        },
        {
            "index": "17",
            "id": "00129391",
            "name": "北二号(町田市)",
            "lat": "35.574678",
            "lng": "139.433239"
        },
        {
            "index": "18",
            "id": "00129392",
            "name": "山崎団地",
            "lat": "35.572526",
            "lng": "139.432965"
        }
    ],
    "route_url": "https://www.kanachu.co.jp/dia/route/index/cid:0000801107/"
}
