{
    "date": "2021/02/22",
    "name": "宮前(厚木市)",
    "position": "-",
    "system": "愛18",
    "destinations": [
        "愛甲石田駅"
    ],
    "weekday": [
        "10:26",
        "10:56",
        "11:26",
        "11:41",
        "11:46",
        "12:06",
        "12:36",
        "12:46",
        "13:26",
        "14:01",
        "14:51",
        "15:46",
        "15:56",
        "16:43",
        "16:48",
        "16:53",
        "17:03",
        "17:23",
        "17:43",
        "17:53",
        "18:03",
        "18:23",
        "18:28",
        "18:48"
    ],
    "saturday": [
        "8:15",
        "8:35",
        "9:15",
        "9:30",
        "10:15",
        "11:15",
        "12:15",
        "13:15",
        "14:15",
        "15:15",
        "16:15",
        "17:15",
        "18:15",
        "19:13"
    ],
    "holiday": [
        "9:15",
        "10:15",
        "11:15",
        "12:15",
        "13:15",
        "14:15",
        "15:15",
        "16:15",
        "17:15",
        "18:15"
    ],
    "url": "https://www.kanachu.co.jp/dia/diagram/timetable01_js/course:0000801457-14/node:00128495/kt:0/lname:/"
}
