{
    "date": "2025/01/14",
    "name": "林(厚木市)",
    "position": "-",
    "system": "厚17",
    "destinations": [
        "穴口橋",
        "及川",
        "千頭",
        "上千頭",
        "ゴルフ場入口(厚木市)",
        "小鮎久保",
        "光福寺(厚木市)",
        "飯盛山",
        "宮の里入口",
        "宮の里東",
        "宮の里センター",
        "宮の里(厚木市)"
    ],
    "weekday": [
        "6:44",
        "7:19",
        "7:35",
        "8:03",
        "8:28",
        "17:13",
        "17:43",
        "18:13",
        "18:38",
        "19:10",
        "19:40",
        "20:10",
        "21:20",
        "22:10"
    ],
    "saturday": [
        "6:49",
        "8:11",
        "17:11",
        "18:11",
        "19:09",
        "20:09",
        "21:09"
    ],
    "holiday": [
        "6:49",
        "8:11",
        "17:11",
        "18:11",
        "19:09",
        "20:09",
        "21:09"
    ],
    "url": "https://www.kanachu.co.jp/dia/diagram/timetable01_js/course:0000803341-7/node:00128399/kt:0/lname:/"
}
