{
    "date": "2025/01/14",
    "name": "穴口橋",
    "position": "-",
    "system": "厚17",
    "destinations": [
        "及川",
        "千頭",
        "上千頭",
        "ゴルフ場入口(厚木市)",
        "小鮎久保",
        "光福寺(厚木市)",
        "飯盛山",
        "宮の里入口",
        "宮の里東",
        "宮の里センター",
        "宮の里(厚木市)"
    ],
    "weekday": [
        "6:45",
        "7:20",
        "7:36",
        "8:04",
        "8:29",
        "17:14",
        "17:44",
        "18:14",
        "18:39",
        "19:11",
        "19:41",
        "20:11",
        "21:21",
        "22:11"
    ],
    "saturday": [
        "6:50",
        "8:12",
        "17:12",
        "18:12",
        "19:10",
        "20:10",
        "21:10"
    ],
    "holiday": [
        "6:50",
        "8:12",
        "17:12",
        "18:12",
        "19:10",
        "20:10",
        "21:10"
    ],
    "url": "https://www.kanachu.co.jp/dia/diagram/timetable01_js/course:0000803341-8/node:00128400/kt:0/lname:/"
}
