{
    "date": "2025/01/14",
    "name": "及川",
    "position": "-",
    "system": "厚17",
    "destinations": [
        "千頭",
        "上千頭",
        "ゴルフ場入口(厚木市)",
        "小鮎久保",
        "光福寺(厚木市)",
        "飯盛山",
        "宮の里入口",
        "宮の里東",
        "宮の里センター",
        "宮の里(厚木市)"
    ],
    "weekday": [
        "6:46",
        "7:21",
        "7:38",
        "8:06",
        "8:31",
        "17:16",
        "17:46",
        "18:16",
        "18:41",
        "19:12",
        "19:42",
        "20:12",
        "21:22",
        "22:12"
    ],
    "saturday": [
        "6:51",
        "8:13",
        "17:13",
        "18:13",
        "19:11",
        "20:11",
        "21:11"
    ],
    "holiday": [
        "6:51",
        "8:13",
        "17:13",
        "18:13",
        "19:11",
        "20:11",
        "21:11"
    ],
    "url": "https://www.kanachu.co.jp/dia/diagram/timetable01_js/course:0000803341-9/node:00128401/kt:0/lname:/"
}
