{
    "date": "2025/01/14",
    "name": "飯盛山",
    "position": "-",
    "system": "厚17",
    "destinations": [
        "宮の里入口",
        "宮の里東",
        "宮の里センター",
        "宮の里(厚木市)"
    ],
    "weekday": [
        "6:52",
        "7:27",
        "7:44",
        "8:12",
        "8:37",
        "17:22",
        "17:52",
        "18:22",
        "18:47",
        "19:18",
        "19:48",
        "20:18",
        "21:28",
        "22:18"
    ],
    "saturday": [
        "6:57",
        "8:19",
        "17:19",
        "18:19",
        "19:17",
        "20:17",
        "21:17"
    ],
    "holiday": [
        "6:57",
        "8:19",
        "17:19",
        "18:19",
        "19:17",
        "20:17",
        "21:17"
    ],
    "url": "https://www.kanachu.co.jp/dia/diagram/timetable01_js/course:0000803341-15/node:00128434/kt:0/lname:/"
}
