{
    "date": "2025/01/14",
    "name": "宮の里東",
    "position": "-",
    "system": "厚17",
    "destinations": [
        "宮の里センター",
        "宮の里(厚木市)"
    ],
    "weekday": [
        "6:54",
        "7:29",
        "7:46",
        "8:14",
        "8:39",
        "17:24",
        "17:54",
        "18:24",
        "18:49",
        "19:20",
        "19:50",
        "20:20",
        "21:30",
        "22:20"
    ],
    "saturday": [
        "6:59",
        "8:21",
        "17:21",
        "18:21",
        "19:19",
        "20:19",
        "21:19"
    ],
    "holiday": [
        "6:59",
        "8:21",
        "17:21",
        "18:21",
        "19:19",
        "20:19",
        "21:19"
    ],
    "url": "https://www.kanachu.co.jp/dia/diagram/timetable01_js/course:0000803341-17/node:00128436/kt:0/lname:/"
}
