{
    "date": "2025/01/14",
    "name": "宮の里センター",
    "position": "-",
    "system": "厚17",
    "destinations": [
        "宮の里(厚木市)"
    ],
    "weekday": [
        "6:55",
        "7:30",
        "7:47",
        "8:15",
        "8:40",
        "17:25",
        "17:55",
        "18:25",
        "18:50",
        "19:21",
        "19:51",
        "20:21",
        "21:31",
        "22:21"
    ],
    "saturday": [
        "7:00",
        "8:22",
        "17:22",
        "18:22",
        "19:20",
        "20:20",
        "21:20"
    ],
    "holiday": [
        "7:00",
        "8:22",
        "17:22",
        "18:22",
        "19:20",
        "20:20",
        "21:20"
    ],
    "url": "https://www.kanachu.co.jp/dia/diagram/timetable01_js/course:0000803341-18/node:00128437/kt:0/lname:/"
}
