{
    "date": "2025/04/01",
    "name": "浄水場前(町田市)",
    "position": "-",
    "system": "町31",
    "destinations": [
        "滝の沢(町田市)",
        "木曽住宅",
        "三家(町田市)",
        "木曽(町田市)",
        "忠生公園入口",
        "上宿(町田市)",
        "下根岸(町田市)",
        "根岸(根岸町/町田市)",
        "馬駈",
        "図師大橋",
        "図師",
        "松下谷戸",
        "結道",
        "日大三高東",
        "扇橋(町田市)",
        "多摩丘陵病院",
        "多摩丘陵リハビリテーション病院"
    ],
    "weekday": [
        "7:36",
        "8:37",
        "9:15",
        "10:41",
        "11:41",
        "13:05",
        "14:05",
        "14:44",
        "15:27",
        "16:22",
        "17:48",
        "18:18",
        "19:52"
    ],
    "saturday": [
        "8:16",
        "9:59",
        "11:42",
        "13:22",
        "15:13",
        "17:13"
    ],
    "holiday": [
        "8:14",
        "9:57",
        "11:48",
        "13:18",
        "15:13",
        "17:13"
    ],
    "url": "https://www.kanachu.co.jp/dia/diagram/timetable01_js/course:0000803323-6/node:00129360/kt:0/lname:/"
}
