{
    "date": "2025/04/01",
    "name": "木曽住宅",
    "position": "-",
    "system": "町31",
    "destinations": [
        "三家(町田市)",
        "木曽(町田市)",
        "忠生公園入口",
        "上宿(町田市)",
        "下根岸(町田市)",
        "根岸(根岸町/町田市)",
        "馬駈",
        "図師大橋",
        "図師",
        "松下谷戸",
        "結道",
        "日大三高東",
        "扇橋(町田市)",
        "多摩丘陵病院",
        "多摩丘陵リハビリテーション病院"
    ],
    "weekday": [
        "7:40",
        "8:41",
        "9:19",
        "10:45",
        "11:45",
        "13:09",
        "14:09",
        "14:48",
        "15:31",
        "16:26",
        "17:52",
        "18:22",
        "19:56"
    ],
    "saturday": [
        "8:19",
        "10:02",
        "11:46",
        "13:26",
        "15:17",
        "17:17"
    ],
    "holiday": [
        "8:17",
        "10:01",
        "11:52",
        "13:22",
        "15:17",
        "17:17"
    ],
    "url": "https://www.kanachu.co.jp/dia/diagram/timetable01_js/course:0000803323-8/node:00129362/kt:0/lname:/"
}
