{
    "date": "2025/04/01",
    "name": "忠生公園入口",
    "position": "-",
    "system": "町31",
    "destinations": [
        "上宿(町田市)",
        "下根岸(町田市)",
        "根岸(根岸町/町田市)",
        "馬駈",
        "図師大橋",
        "図師",
        "松下谷戸",
        "結道",
        "日大三高東",
        "扇橋(町田市)",
        "多摩丘陵病院",
        "多摩丘陵リハビリテーション病院"
    ],
    "weekday": [
        "7:43",
        "8:44",
        "9:22",
        "10:48",
        "11:48",
        "13:12",
        "14:12",
        "14:51",
        "15:34",
        "16:29",
        "17:55",
        "18:25",
        "19:59"
    ],
    "saturday": [
        "8:22",
        "10:05",
        "11:49",
        "13:29",
        "15:20",
        "17:20"
    ],
    "holiday": [
        "8:20",
        "10:04",
        "11:55",
        "13:25",
        "15:20",
        "17:20"
    ],
    "url": "https://www.kanachu.co.jp/dia/diagram/timetable01_js/course:0000803323-11/node:00129494/kt:0/lname:/"
}
