{
    "date": "2025/04/01",
    "name": "扇橋(町田市)",
    "position": "-",
    "system": "町31",
    "destinations": [
        "多摩丘陵病院",
        "多摩丘陵リハビリテーション病院"
    ],
    "weekday": [
        "7:57",
        "8:58",
        "9:35",
        "11:01",
        "12:01",
        "13:25",
        "14:25",
        "15:04",
        "15:47",
        "16:42",
        "18:09",
        "18:39",
        "20:12"
    ],
    "saturday": [
        "8:35",
        "10:18",
        "12:02",
        "13:42",
        "15:33",
        "17:34"
    ],
    "holiday": [
        "8:33",
        "10:17",
        "12:08",
        "13:38",
        "15:33",
        "17:34"
    ],
    "url": "https://www.kanachu.co.jp/dia/diagram/timetable01_js/course:0000803323-21/node:00020713/kt:0/lname:/"
}
