{
    "date": "2025/05/11",
    "name": "隧道東口",
    "position": "-",
    "system": "金28",
    "destinations": [
        "相武隧道",
        "朝比奈",
        "大道中学校前",
        "住宅前(横浜市金沢区)",
        "西大道",
        "大道(横浜市金沢区)",
        "大道小学校前",
        "六浦",
        "上行寺",
        "六浦橋",
        "金沢八景",
        "金沢八景駅"
    ],
    "weekday": [
        "6:03",
        "6:17"
    ],
    "saturday": [
        "6:13"
    ],
    "holiday": [
        "6:13"
    ],
    "url": "https://www.kanachu.co.jp/dia/diagram/timetable01_js/course:0000802825-10/node:00126522/kt:0/lname:/"
}
