{
    "date": "2026/01/16",
    "name": "中野町",
    "position": "-",
    "system": "船15",
    "destinations": [
        "本郷(横浜市栄区)",
        "本郷小学校前",
        "南河内(横浜市栄区)",
        "天神橋(横浜市栄区)",
        "栄警察署前",
        "公田",
        "鎌倉女子大前",
        "平島(鎌倉市)",
        "笠間十字路",
        "笠間町",
        "岩井口",
        "大船駅(横浜市栄区)"
    ],
    "weekday": [
        "5:40",
        "5:57",
        "6:08",
        "7:33",
        "17:23",
        "18:18",
        "18:55",
        "19:46"
    ],
    "saturday": [
        "5:53",
        "6:13",
        "12:34",
        "17:14",
        "17:54"
    ],
    "holiday": [
        "5:53",
        "6:13",
        "12:34",
        "17:14",
        "17:54"
    ],
    "url": "https://www.kanachu.co.jp/dia/diagram/timetable01_js/course:0000803975-4/node:00126511/kt:0/lname:/"
}
