{
    "date": "2026/01/16",
    "name": "本郷小学校前",
    "position": "-",
    "system": "船15",
    "destinations": [
        "南河内(横浜市栄区)",
        "天神橋(横浜市栄区)",
        "栄警察署前",
        "公田",
        "鎌倉女子大前",
        "平島(鎌倉市)",
        "笠間十字路",
        "笠間町",
        "岩井口",
        "大船駅(横浜市栄区)"
    ],
    "weekday": [
        "5:41",
        "5:58",
        "6:09",
        "7:35",
        "17:25",
        "18:20",
        "18:57",
        "19:48"
    ],
    "saturday": [
        "5:54",
        "6:14",
        "12:36",
        "17:16",
        "17:56"
    ],
    "holiday": [
        "5:54",
        "6:14",
        "12:36",
        "17:16",
        "17:56"
    ],
    "url": "https://www.kanachu.co.jp/dia/diagram/timetable01_js/course:0000803975-6/node:00126509/kt:0/lname:/"
}
