{
    "date": "2025/01/14",
    "name": "市役所入口(厚木市)",
    "position": "-",
    "system": "厚07",
    "destinations": [
        "税務署入口(厚木市)",
        "市立病院前(厚木市)",
        "木売場",
        "三家入口(厚木市)",
        "妻田",
        "中村入口(厚木市)",
        "妻田薬師",
        "松蓮寺",
        "糀屋前(厚木市)",
        "宿原入口",
        "荻野新宿",
        "子中",
        "神奈川工科大学前",
        "リコー前",
        "下谷(厚木市)",
        "棚沢",
        "才戸橋",
        "下川入",
        "あつぎ郷土博物館"
    ],
    "weekday": [
        "10:41",
        "11:41",
        "12:26",
        "13:21",
        "14:21",
        "15:21",
        "16:17",
        "17:07",
        "18:00",
        "18:40",
        "19:15",
        "19:55",
        "20:48",
        "21:35",
        "22:48"
    ],
    "saturday": [
        "11:02",
        "12:02",
        "13:02",
        "14:02",
        "15:02",
        "16:03",
        "17:03",
        "18:03",
        "19:03",
        "20:02",
        "21:02"
    ],
    "holiday": [
        "11:02",
        "12:02",
        "13:02",
        "14:02",
        "15:02",
        "16:02",
        "17:02",
        "18:02",
        "19:02",
        "20:02",
        "21:02"
    ],
    "url": "https://www.kanachu.co.jp/dia/diagram/timetable01_js/course:0000801160-4/node:00128396/kt:0/lname:/"
}
