{
    "date": "2025/01/14",
    "name": "市立病院前(厚木市)",
    "position": "-",
    "system": "厚07",
    "destinations": [
        "木売場",
        "三家入口(厚木市)",
        "妻田",
        "中村入口(厚木市)",
        "妻田薬師",
        "松蓮寺",
        "糀屋前(厚木市)",
        "宿原入口",
        "荻野新宿",
        "子中",
        "神奈川工科大学前",
        "リコー前",
        "下谷(厚木市)",
        "棚沢",
        "才戸橋",
        "下川入",
        "あつぎ郷土博物館"
    ],
    "weekday": [
        "10:44",
        "11:44",
        "12:29",
        "13:24",
        "14:24",
        "15:24",
        "16:20",
        "17:10",
        "18:03",
        "18:43",
        "19:18",
        "19:58",
        "20:51",
        "21:38",
        "22:51"
    ],
    "saturday": [
        "11:05",
        "12:05",
        "13:05",
        "14:05",
        "15:05",
        "16:06",
        "17:06",
        "18:06",
        "19:06",
        "20:05",
        "21:05"
    ],
    "holiday": [
        "11:05",
        "12:05",
        "13:05",
        "14:05",
        "15:05",
        "16:05",
        "17:05",
        "18:05",
        "19:05",
        "20:05",
        "21:05"
    ],
    "url": "https://www.kanachu.co.jp/dia/diagram/timetable01_js/course:0000801160-6/node:00128259/kt:0/lname:/"
}
