{
    "date": "2025/01/14",
    "name": "木売場",
    "position": "-",
    "system": "厚07",
    "destinations": [
        "三家入口(厚木市)",
        "妻田",
        "中村入口(厚木市)",
        "妻田薬師",
        "松蓮寺",
        "糀屋前(厚木市)",
        "宿原入口",
        "荻野新宿",
        "子中",
        "神奈川工科大学前",
        "リコー前",
        "下谷(厚木市)",
        "棚沢",
        "才戸橋",
        "下川入",
        "あつぎ郷土博物館"
    ],
    "weekday": [
        "10:45",
        "11:45",
        "12:30",
        "13:25",
        "14:25",
        "15:25",
        "16:21",
        "17:11",
        "18:04",
        "18:44",
        "19:19",
        "19:59",
        "20:52",
        "21:39",
        "22:52"
    ],
    "saturday": [
        "11:06",
        "12:06",
        "13:06",
        "14:06",
        "15:06",
        "16:07",
        "17:07",
        "18:07",
        "19:07",
        "20:06",
        "21:06"
    ],
    "holiday": [
        "11:06",
        "12:06",
        "13:06",
        "14:06",
        "15:06",
        "16:06",
        "17:06",
        "18:06",
        "19:06",
        "20:06",
        "21:06"
    ],
    "url": "https://www.kanachu.co.jp/dia/diagram/timetable01_js/course:0000801160-7/node:00128260/kt:0/lname:/"
}
