{
    "date": "2025/01/14",
    "name": "糀屋前(厚木市)",
    "position": "-",
    "system": "厚07",
    "destinations": [
        "宿原入口",
        "荻野新宿",
        "子中",
        "神奈川工科大学前",
        "リコー前",
        "下谷(厚木市)",
        "棚沢",
        "才戸橋",
        "下川入",
        "あつぎ郷土博物館"
    ],
    "weekday": [
        "10:53",
        "11:53",
        "12:38",
        "13:33",
        "14:33",
        "15:33",
        "16:29",
        "17:19",
        "18:12",
        "18:52",
        "19:26",
        "20:06",
        "20:59",
        "21:46",
        "22:59"
    ],
    "saturday": [
        "11:14",
        "12:14",
        "13:14",
        "14:14",
        "15:14",
        "16:15",
        "17:15",
        "18:15",
        "19:14",
        "20:13",
        "21:13"
    ],
    "holiday": [
        "11:14",
        "12:14",
        "13:14",
        "14:14",
        "15:14",
        "16:14",
        "17:14",
        "18:14",
        "19:13",
        "20:13",
        "21:13"
    ],
    "url": "https://www.kanachu.co.jp/dia/diagram/timetable01_js/course:0000801160-13/node:00128266/kt:0/lname:/"
}
