{
    "date": "2025/01/14",
    "name": "宿原入口",
    "position": "-",
    "system": "厚07",
    "destinations": [
        "荻野新宿",
        "子中",
        "神奈川工科大学前",
        "リコー前",
        "下谷(厚木市)",
        "棚沢",
        "才戸橋",
        "下川入",
        "あつぎ郷土博物館"
    ],
    "weekday": [
        "10:54",
        "11:54",
        "12:39",
        "13:34",
        "14:34",
        "15:34",
        "16:30",
        "17:20",
        "18:13",
        "18:53",
        "19:27",
        "20:07",
        "21:00",
        "21:47",
        "23:00"
    ],
    "saturday": [
        "11:15",
        "12:15",
        "13:15",
        "14:15",
        "15:15",
        "16:16",
        "17:16",
        "18:16",
        "19:15",
        "20:14",
        "21:14"
    ],
    "holiday": [
        "11:15",
        "12:15",
        "13:15",
        "14:15",
        "15:15",
        "16:15",
        "17:15",
        "18:15",
        "19:14",
        "20:14",
        "21:14"
    ],
    "url": "https://www.kanachu.co.jp/dia/diagram/timetable01_js/course:0000801160-14/node:00128267/kt:0/lname:/"
}
