{
    "date": "2025/01/14",
    "name": "リコー前",
    "position": "-",
    "system": "厚07",
    "destinations": [
        "下谷(厚木市)",
        "棚沢",
        "才戸橋",
        "下川入",
        "あつぎ郷土博物館"
    ],
    "weekday": [
        "11:01",
        "12:01",
        "12:46",
        "13:41",
        "14:41",
        "15:41",
        "16:37",
        "17:27",
        "18:20",
        "19:00",
        "19:33",
        "20:13",
        "21:06",
        "21:53",
        "23:06"
    ],
    "saturday": [
        "11:21",
        "12:21",
        "13:21",
        "14:21",
        "15:22",
        "16:23",
        "17:23",
        "18:23",
        "19:21",
        "20:20",
        "21:20"
    ],
    "holiday": [
        "11:22",
        "12:22",
        "13:22",
        "14:22",
        "15:22",
        "16:22",
        "17:22",
        "18:22",
        "19:20",
        "20:20",
        "21:20"
    ],
    "url": "https://www.kanachu.co.jp/dia/diagram/timetable01_js/course:0000801160-18/node:00128306/kt:0/lname:/"
}
