{
    "date": "2025/07/27",
    "name": "小原台",
    "position": "-",
    "system": "秦90",
    "destinations": [
        "小原台入口(秦野市)",
        "南が丘一丁目(秦野市)",
        "秦野総合高校前",
        "南が丘センター",
        "南が丘三丁目",
        "南が丘公園前"
    ],
    "weekday": [
        "6:20",
        "6:36",
        "7:02",
        "7:16",
        "7:30",
        "7:43",
        "8:02",
        "8:08",
        "8:15",
        "8:31",
        "8:52",
        "9:07",
        "9:47",
        "10:07",
        "10:47",
        "11:07",
        "11:47",
        "12:07",
        "12:47",
        "13:07",
        "13:47",
        "14:07",
        "14:47",
        "15:07",
        "15:47",
        "16:07",
        "16:47",
        "17:07",
        "17:47",
        "18:07",
        "18:47",
        "19:27",
        "19:47",
        "20:47",
        "21:50",
        "22:18",
        "22:54"
    ],
    "saturday": [
        "7:47",
        "8:37",
        "8:57",
        "9:37",
        "9:57",
        "10:37",
        "10:57",
        "11:37",
        "11:57",
        "12:37",
        "12:57",
        "13:37",
        "13:57",
        "14:37",
        "14:57",
        "15:37",
        "15:57",
        "16:37",
        "16:57",
        "17:37",
        "17:57",
        "18:37",
        "18:57",
        "19:37",
        "19:57",
        "20:54",
        "21:54",
        "22:29"
    ],
    "holiday": [
        "7:47",
        "8:37",
        "8:57",
        "9:37",
        "9:57",
        "10:37",
        "10:57",
        "11:37",
        "11:57",
        "12:37",
        "12:57",
        "13:37",
        "13:57",
        "14:37",
        "14:57",
        "15:37",
        "15:57",
        "16:37",
        "16:57",
        "17:37",
        "17:57",
        "18:37",
        "18:57",
        "19:37",
        "19:57",
        "20:54",
        "21:54",
        "22:29"
    ],
    "url": "https://www.kanachu.co.jp/dia/diagram/timetable01_js/course:0000800077-3/node:00128039/kt:0/lname:/"
}
