{
    "date": "2025/07/27",
    "name": "南が丘センター",
    "position": "-",
    "system": "秦90",
    "destinations": [
        "南が丘三丁目",
        "南が丘公園前"
    ],
    "weekday": [
        "6:24",
        "6:40",
        "7:06",
        "7:20",
        "7:34",
        "7:47",
        "8:06",
        "8:12",
        "8:19",
        "8:35",
        "8:56",
        "9:11",
        "9:51",
        "10:11",
        "10:51",
        "11:11",
        "11:51",
        "12:11",
        "12:51",
        "13:11",
        "13:51",
        "14:11",
        "14:51",
        "15:11",
        "15:51",
        "16:11",
        "16:51",
        "17:11",
        "17:51",
        "18:11",
        "18:51",
        "19:31",
        "19:51",
        "20:51",
        "21:54",
        "22:22",
        "22:58"
    ],
    "saturday": [
        "7:51",
        "8:41",
        "9:01",
        "9:41",
        "10:01",
        "10:41",
        "11:01",
        "11:41",
        "12:01",
        "12:41",
        "13:01",
        "13:41",
        "14:01",
        "14:41",
        "15:01",
        "15:41",
        "16:01",
        "16:41",
        "17:01",
        "17:41",
        "18:01",
        "18:41",
        "19:01",
        "19:41",
        "20:01",
        "20:58",
        "21:58",
        "22:33"
    ],
    "holiday": [
        "7:51",
        "8:41",
        "9:01",
        "9:41",
        "10:01",
        "10:41",
        "11:01",
        "11:41",
        "12:01",
        "12:41",
        "13:01",
        "13:41",
        "14:01",
        "14:41",
        "15:01",
        "15:41",
        "16:01",
        "16:41",
        "17:01",
        "17:41",
        "18:01",
        "18:41",
        "19:01",
        "19:41",
        "20:01",
        "20:58",
        "21:58",
        "22:33"
    ],
    "url": "https://www.kanachu.co.jp/dia/diagram/timetable01_js/course:0000800077-7/node:00127770/kt:0/lname:/"
}
