{
    "system": "秦90",
    "busstops": [
        {
            "index": "1",
            "id": "00128054",
            "name": "秦野駅南口",
            "lat": "35.370078",
            "lng": "139.225524"
        },
        {
            "index": "2",
            "id": "00128038",
            "name": "上尾尻橋",
            "lat": "35.366209",
            "lng": "139.226281"
        },
        {
            "index": "3",
            "id": "00128039",
            "name": "小原台",
            "lat": "35.363127",
            "lng": "139.226858"
        },
        {
            "index": "4",
            "id": "00127768",
            "name": "小原台入口(秦野市)",
            "lat": "35.361407",
            "lng": "139.227181"
        },
        {
            "index": "5",
            "id": "00127997",
            "name": "南が丘一丁目(秦野市)",
            "lat": "35.359871",
            "lng": "139.226125"
        },
        {
            "index": "6",
            "id": "00127769",
            "name": "秦野総合高校前",
            "lat": "35.358936",
            "lng": "139.225367"
        },
        {
            "index": "7",
            "id": "00127770",
            "name": "南が丘センター",
            "lat": "35.355087",
            "lng": "139.226871"
        },
        {
            "index": "8",
            "id": "00127771",
            "name": "南が丘三丁目",
            "lat": "35.352975",
            "lng": "139.226241"
        },
        {
            "index": "9",
            "id": "00127772",
            "name": "南が丘公園前",
            "lat": "35.352008",
            "lng": "139.230594"
        }
    ],
    "route_url": "https://www.kanachu.co.jp/dia/route/index/cid:0000800077/"
}
