{
    "date": "2025/08/04",
    "name": "緑ヶ丘(相模原市緑区)",
    "position": "-",
    "system": "相31",
    "destinations": [
        "金属工業団地(相模原市緑区)",
        "峡の原",
        "峡の原車庫"
    ],
    "weekday": [
        "11:25",
        "12:25",
        "13:05",
        "13:50",
        "14:25",
        "14:55",
        "15:50",
        "16:20",
        "17:05",
        "17:45",
        "18:30",
        "19:00",
        "19:45",
        "20:30",
        "21:45"
    ],
    "saturday": [
        "11:45",
        "12:35",
        "13:05",
        "13:35",
        "14:25",
        "14:45",
        "15:45",
        "16:20",
        "16:50",
        "17:35",
        "18:25",
        "19:05",
        "19:35",
        "20:50"
    ],
    "holiday": [
        "8:15",
        "8:50",
        "9:35",
        "10:25",
        "10:55",
        "11:35",
        "12:30",
        "12:55",
        "13:35",
        "14:25",
        "14:50",
        "15:50",
        "16:15",
        "17:00",
        "17:50",
        "18:25",
        "19:05",
        "19:50",
        "20:15"
    ],
    "url": "https://www.kanachu.co.jp/dia/diagram/timetable01_js/course:0000802987-7/node:00129264/kt:0/lname:/"
}
