{
    "date": "2025/08/30",
    "name": "芹が谷団地前",
    "position": "-",
    "system": "",
    "destinations": [
        "永谷地区センター前",
        "平戸(横浜市港南区)",
        "下永谷(横浜市港南区)",
        "般若寺橋",
        "中永谷",
        "水田(横浜市港南区)",
        "日限地蔵入口",
        "永野小学校前",
        "上永谷駅",
        "馬洗橋",
        "北永作",
        "永作",
        "下車ヶ谷",
        "吉原小学校前(横浜市港南区)",
        "新吉原橋",
        "吉原(横浜市港南区)",
        "港南区総合庁舎前",
        "笹下港南中央通り",
        "関の下",
        "上大岡駅"
    ],
    "weekday": [
        "6:17",
        "7:02",
        "7:43",
        "9:04",
        "11:12",
        "15:58"
    ],
    "saturday": [
        "6:12",
        "8:44"
    ],
    "holiday": [
        "6:12",
        "7:12"
    ],
    "url": "https://www.kanachu.co.jp/dia/diagram/timetable01_js/course:0000803866-3/node:00126569/kt:0/lname:/"
}
