{
    "date": "2025/08/30",
    "name": "中永谷",
    "position": "-",
    "system": "30",
    "destinations": [
        "水田(横浜市港南区)",
        "日限地蔵入口",
        "永野小学校前",
        "上永谷駅",
        "馬洗橋",
        "北永作",
        "永作",
        "下車ヶ谷",
        "吉原小学校前(横浜市港南区)",
        "新吉原橋",
        "吉原(横浜市港南区)",
        "港南区総合庁舎前",
        "笹下港南中央通り",
        "関の下",
        "上大岡駅"
    ],
    "weekday": [
        "6:22",
        "7:07",
        "7:49",
        "9:10",
        "11:18",
        "16:04"
    ],
    "saturday": [
        "6:17",
        "8:50"
    ],
    "holiday": [
        "6:17",
        "7:17"
    ],
    "url": "https://www.kanachu.co.jp/dia/diagram/timetable01_js/course:0000803866-8/node:00102823/kt:0/lname:/"
}
