{
    "date": "2025/08/30",
    "name": "日限地蔵入口",
    "position": "-",
    "system": "",
    "destinations": [
        "永野小学校前",
        "上永谷駅",
        "馬洗橋",
        "北永作",
        "永作",
        "下車ヶ谷",
        "吉原小学校前(横浜市港南区)",
        "新吉原橋",
        "吉原(横浜市港南区)",
        "港南区総合庁舎前",
        "笹下港南中央通り",
        "関の下",
        "上大岡駅"
    ],
    "weekday": [
        "6:24",
        "7:09",
        "7:52",
        "9:13",
        "11:21",
        "16:07"
    ],
    "saturday": [
        "6:19",
        "8:53"
    ],
    "holiday": [
        "6:19",
        "7:19"
    ],
    "url": "https://www.kanachu.co.jp/dia/diagram/timetable01_js/course:0000803866-10/node:00102960/kt:0/lname:/"
}
