{
    "date": "2025/08/30",
    "name": "上永谷駅",
    "position": "-",
    "system": "",
    "destinations": [
        "馬洗橋",
        "北永作",
        "永作",
        "下車ヶ谷",
        "吉原小学校前(横浜市港南区)",
        "新吉原橋",
        "吉原(横浜市港南区)",
        "港南区総合庁舎前",
        "笹下港南中央通り",
        "関の下",
        "上大岡駅"
    ],
    "weekday": [
        "6:30",
        "7:15",
        "7:59",
        "9:20",
        "11:28",
        "16:14"
    ],
    "saturday": [
        "6:25",
        "9:00"
    ],
    "holiday": [
        "6:25",
        "7:25"
    ],
    "url": "https://www.kanachu.co.jp/dia/diagram/timetable01_js/course:0000803866-12/node:00102365/kt:0/lname:/"
}
