{
    "date": "2025/08/30",
    "name": "下車ヶ谷",
    "position": "-",
    "system": "30",
    "destinations": [
        "吉原小学校前(横浜市港南区)",
        "新吉原橋",
        "吉原(横浜市港南区)",
        "港南区総合庁舎前",
        "笹下港南中央通り",
        "関の下",
        "上大岡駅"
    ],
    "weekday": [
        "6:34",
        "7:19",
        "8:03",
        "9:24",
        "11:32",
        "16:18"
    ],
    "saturday": [
        "6:29",
        "9:04"
    ],
    "holiday": [
        "6:29",
        "7:29"
    ],
    "url": "https://www.kanachu.co.jp/dia/diagram/timetable01_js/course:0000803866-16/node:00126579/kt:0/lname:/"
}
