{
    "date": "2025/08/30",
    "name": "吉原小学校前(横浜市港南区)",
    "position": "-",
    "system": "",
    "destinations": [
        "新吉原橋",
        "吉原(横浜市港南区)",
        "港南区総合庁舎前",
        "笹下港南中央通り",
        "関の下",
        "上大岡駅"
    ],
    "weekday": [
        "6:35",
        "7:20",
        "8:04",
        "9:25",
        "11:33",
        "16:19"
    ],
    "saturday": [
        "6:30",
        "9:05"
    ],
    "holiday": [
        "6:30",
        "7:30"
    ],
    "url": "https://www.kanachu.co.jp/dia/diagram/timetable01_js/course:0000803866-17/node:00126580/kt:0/lname:/"
}
