{
    "system": "30",
    "busstops": [
        {
            "index": "1",
            "id": "00126567",
            "name": "芹が谷",
            "lat": "35.416202",
            "lng": "139.573997"
        },
        {
            "index": "2",
            "id": "00126568",
            "name": "せりぎんタウン",
            "lat": "35.416648",
            "lng": "139.571309"
        },
        {
            "index": "3",
            "id": "00126569",
            "name": "芹が谷団地前",
            "lat": "35.416928",
            "lng": "139.566508"
        },
        {
            "index": "4",
            "id": "00130495",
            "name": "永谷地区センター前",
            "lat": "35.417039",
            "lng": "139.564408"
        },
        {
            "index": "5",
            "id": "00102977",
            "name": "平戸(横浜市港南区)",
            "lat": "35.419024",
            "lng": "139.561876"
        },
        {
            "index": "6",
            "id": "00102596",
            "name": "下永谷(横浜市港南区)",
            "lat": "35.417623",
            "lng": "139.561294"
        },
        {
            "index": "7",
            "id": "00102927",
            "name": "般若寺橋",
            "lat": "35.414698",
            "lng": "139.561184"
        },
        {
            "index": "8",
            "id": "00102823",
            "name": "中永谷",
            "lat": "35.411299",
            "lng": "139.561836"
        },
        {
            "index": "9",
            "id": "00102646",
            "name": "水田(横浜市港南区)",
            "lat": "35.408071",
            "lng": "139.56536"
        },
        {
            "index": "10",
            "id": "00102960",
            "name": "日限地蔵入口",
            "lat": "35.406767",
            "lng": "139.566844"
        },
        {
            "index": "11",
            "id": "00102835",
            "name": "永野小学校前",
            "lat": "35.404719",
            "lng": "139.570223"
        },
        {
            "index": "12",
            "id": "00102365",
            "name": "上永谷駅",
            "lat": "35.401192",
            "lng": "139.571369"
        },
        {
            "index": "13",
            "id": "00126576",
            "name": "馬洗橋",
            "lat": "35.402838",
            "lng": "139.573419"
        },
        {
            "index": "14",
            "id": "00126577",
            "name": "北永作",
            "lat": "35.401494",
            "lng": "139.576077"
        },
        {
            "index": "15",
            "id": "00126578",
            "name": "永作",
            "lat": "35.400241",
            "lng": "139.57888"
        },
        {
            "index": "16",
            "id": "00126579",
            "name": "下車ヶ谷",
            "lat": "35.398658",
            "lng": "139.58117"
        },
        {
            "index": "17",
            "id": "00126580",
            "name": "吉原小学校前(横浜市港南区)",
            "lat": "35.39593",
            "lng": "139.58312"
        },
        {
            "index": "18",
            "id": "00102633",
            "name": "新吉原橋",
            "lat": "35.39616",
            "lng": "139.586476"
        },
        {
            "index": "19",
            "id": "00103230",
            "name": "吉原(横浜市港南区)",
            "lat": "35.399159",
            "lng": "139.588277"
        },
        {
            "index": "20",
            "id": "00102499",
            "name": "港南区総合庁舎前",
            "lat": "35.401243",
            "lng": "139.591011"
        },
        {
            "index": "21",
            "id": "00126558",
            "name": "笹下港南中央通り",
            "lat": "35.402284",
            "lng": "139.592948"
        },
        {
            "index": "22",
            "id": "00102671",
            "name": "関の下",
            "lat": "35.405478",
            "lng": "139.595005"
        },
        {
            "index": "23",
            "id": "00102366",
            "name": "上大岡駅",
            "lat": "35.408383",
            "lng": "139.595755"
        }
    ],
    "route_url": "https://www.kanachu.co.jp/dia/route/index/cid:0000803866/"
}
