{
    "date": "2021/02/01",
    "name": "行谷",
    "position": "-",
    "system": "",
    "destinations": [
        "里山公園西駐車場前",
        "里山公園平成の森前",
        "里山公園",
        "芹沢中部上",
        "小出小学校西",
        "小出小学校前",
        "小出二本松",
        "堤坂下",
        "堤自治会館前",
        "堤仲谷",
        "浄見寺入口",
        "みずき北",
        "下寺尾(茅ケ崎市)",
        "西方(茅ケ崎市)",
        "北陵高校入口",
        "香川北",
        "香川南",
        "香川駅",
        "閑居山入口",
        "分教場跡",
        "香川小学校プール前",
        "教会前(香川/茅ケ崎市)",
        "香川小学校入口",
        "甘沼向原",
        "鶴が台中学校前",
        "鶴が台中学校南",
        "鶴が台入口",
        "ニュータウン入口(茅ケ崎市)",
        "市立病院(茅ケ崎市)"
    ],
    "weekday": [
        "7:30"
    ],
    "saturday": [],
    "holiday": [],
    "url": "https://www.kanachu.co.jp/dia/diagram/timetable01_js/course:0000800759-2/node:00127348/kt:0/lname:/"
}
