{
    "date": "2025/04/19",
    "name": "グリーンハイツF4前",
    "position": "-",
    "system": "町06",
    "destinations": [
        "柏木公園前",
        "鵜野森一丁目",
        "リリエンハイム前",
        "鵜野森団地入口",
        "町田市役所市民ホール前",
        "町田バスセンター"
    ],
    "weekday": [
        "6:44",
        "6:59",
        "7:25",
        "7:37",
        "7:49",
        "8:01",
        "8:13",
        "8:28",
        "8:43",
        "8:58",
        "9:09",
        "9:24",
        "9:39",
        "9:54",
        "10:09",
        "10:24",
        "10:39",
        "10:54",
        "11:09",
        "11:24",
        "11:39",
        "11:54",
        "12:09",
        "12:24",
        "12:39",
        "12:54",
        "13:09",
        "13:24",
        "13:39",
        "13:54",
        "14:09",
        "14:24",
        "14:39",
        "14:54",
        "15:09",
        "15:24",
        "15:39",
        "15:54",
        "16:09",
        "16:24",
        "16:39",
        "16:54",
        "17:13",
        "17:28",
        "17:43",
        "17:58",
        "18:13",
        "18:28",
        "18:43",
        "18:58",
        "19:09",
        "19:24",
        "19:54",
        "20:09",
        "20:49",
        "21:19",
        "21:49",
        "22:19"
    ],
    "saturday": [
        "7:01",
        "7:31",
        "8:11",
        "8:31",
        "8:51",
        "9:11",
        "9:31",
        "9:51",
        "10:13",
        "10:33",
        "10:53",
        "11:13",
        "11:33",
        "11:53",
        "12:13",
        "12:33",
        "12:53",
        "13:13",
        "13:33",
        "13:53",
        "14:13",
        "14:33",
        "14:53",
        "15:13",
        "15:33",
        "15:53",
        "16:13",
        "16:33",
        "16:53",
        "17:13",
        "17:33",
        "17:53",
        "18:13",
        "18:33",
        "18:53",
        "19:11",
        "19:51",
        "20:21",
        "21:01"
    ],
    "holiday": [
        "7:01",
        "7:31",
        "8:11",
        "8:31",
        "8:51",
        "9:11",
        "9:31",
        "9:51",
        "10:13",
        "10:33",
        "10:53",
        "11:13",
        "11:33",
        "11:53",
        "12:13",
        "12:33",
        "12:53",
        "13:13",
        "13:33",
        "13:53",
        "14:13",
        "14:33",
        "14:53",
        "15:13",
        "15:33",
        "15:53",
        "16:13",
        "16:33",
        "16:53",
        "17:13",
        "17:33",
        "17:53",
        "18:13",
        "18:33",
        "18:53",
        "19:11",
        "19:51",
        "20:21",
        "21:01"
    ],
    "url": "https://www.kanachu.co.jp/dia/diagram/timetable01_js/course:0000802674-9/node:00129338/kt:0/lname:/"
}
