{
    "date": "2025/04/19",
    "name": "鵜野森一丁目",
    "position": "-",
    "system": "町06",
    "destinations": [
        "リリエンハイム前",
        "鵜野森団地入口",
        "町田市役所市民ホール前",
        "町田バスセンター"
    ],
    "weekday": [
        "6:46",
        "7:01",
        "7:28",
        "7:40",
        "7:52",
        "8:04",
        "8:16",
        "8:31",
        "8:46",
        "9:01",
        "9:12",
        "9:27",
        "9:42",
        "9:57",
        "10:12",
        "10:27",
        "10:42",
        "10:57",
        "11:12",
        "11:27",
        "11:42",
        "11:57",
        "12:12",
        "12:27",
        "12:42",
        "12:57",
        "13:12",
        "13:27",
        "13:42",
        "13:57",
        "14:12",
        "14:27",
        "14:42",
        "14:57",
        "15:12",
        "15:27",
        "15:42",
        "15:57",
        "16:12",
        "16:27",
        "16:42",
        "16:57",
        "17:16",
        "17:31",
        "17:46",
        "18:01",
        "18:16",
        "18:31",
        "18:46",
        "19:01",
        "19:11",
        "19:26",
        "19:56",
        "20:11",
        "20:51",
        "21:21",
        "21:51",
        "22:21"
    ],
    "saturday": [
        "7:03",
        "7:33",
        "8:13",
        "8:33",
        "8:53",
        "9:13",
        "9:33",
        "9:53",
        "10:16",
        "10:36",
        "10:56",
        "11:16",
        "11:36",
        "11:56",
        "12:16",
        "12:36",
        "12:56",
        "13:16",
        "13:36",
        "13:56",
        "14:16",
        "14:36",
        "14:56",
        "15:16",
        "15:36",
        "15:56",
        "16:16",
        "16:36",
        "16:56",
        "17:16",
        "17:36",
        "17:56",
        "18:16",
        "18:36",
        "18:56",
        "19:13",
        "19:53",
        "20:23",
        "21:03"
    ],
    "holiday": [
        "7:03",
        "7:33",
        "8:13",
        "8:33",
        "8:53",
        "9:13",
        "9:33",
        "9:53",
        "10:16",
        "10:36",
        "10:56",
        "11:16",
        "11:36",
        "11:56",
        "12:16",
        "12:36",
        "12:56",
        "13:16",
        "13:36",
        "13:56",
        "14:16",
        "14:36",
        "14:56",
        "15:16",
        "15:36",
        "15:56",
        "16:16",
        "16:36",
        "16:56",
        "17:16",
        "17:36",
        "17:56",
        "18:16",
        "18:36",
        "18:56",
        "19:13",
        "19:53",
        "20:23",
        "21:03"
    ],
    "url": "https://www.kanachu.co.jp/dia/diagram/timetable01_js/course:0000802674-11/node:00129325/kt:0/lname:/"
}
