{
    "date": "2025/08/30",
    "name": "矢部町",
    "position": "-",
    "system": "戸48",
    "destinations": [
        "元町(横浜市戸塚区)",
        "ブリヂストン前",
        "不動坂(横浜市戸塚区)",
        "ポーラ前(横浜市戸塚区)",
        "柏尾(横浜市戸塚区)",
        "赤関橋",
        "品濃口",
        "国道平戸",
        "坂下口",
        "山谷(横浜市戸塚区)",
        "六ツ川四丁目",
        "こども医療センター",
        "引越坂",
        "大池(横浜市南区)",
        "上六ツ川",
        "六ツ川町",
        "弘明寺口",
        "南永田",
        "住宅前(横浜市南区)",
        "井土ヶ谷",
        "南センター(横浜市南区)",
        "Y校前",
        "南太田駅前",
        "前里町",
        "吉野町駅前",
        "吉野町一丁目",
        "阪東橋",
        "横浜橋",
        "曙町(横浜市中区)",
        "長者町五丁目",
        "羽衣町(横浜市中区)",
        "尾上町(横浜市中区)",
        "本町四丁目(横浜市中区)",
        "横浜市役所前",
        "桜木町駅前"
    ],
    "weekday": [
        "7:06",
        "7:26",
        "8:08",
        "9:21",
        "9:45",
        "10:33",
        "10:57",
        "11:45",
        "12:09",
        "12:57",
        "13:21",
        "14:33",
        "15:21",
        "15:45",
        "16:33",
        "16:57",
        "17:45",
        "18:15",
        "18:54"
    ],
    "saturday": [
        "7:08",
        "8:08",
        "9:09",
        "10:09",
        "11:09",
        "12:09",
        "13:05",
        "14:05",
        "15:05",
        "16:05",
        "17:05",
        "18:21"
    ],
    "holiday": [
        "7:08",
        "8:08",
        "9:09",
        "10:09",
        "11:09",
        "12:09",
        "13:05",
        "14:05",
        "15:05",
        "16:05",
        "17:05",
        "18:21"
    ],
    "url": "https://www.kanachu.co.jp/dia/diagram/timetable01_js/course:0000803853-2/node:00126610/kt:0/lname:/"
}
