{
    "date": "2025/08/30",
    "name": "元町(横浜市戸塚区)",
    "position": "-",
    "system": "戸48",
    "destinations": [
        "ブリヂストン前",
        "不動坂(横浜市戸塚区)",
        "ポーラ前(横浜市戸塚区)",
        "柏尾(横浜市戸塚区)",
        "赤関橋",
        "品濃口",
        "国道平戸",
        "坂下口",
        "山谷(横浜市戸塚区)",
        "六ツ川四丁目",
        "こども医療センター",
        "引越坂",
        "大池(横浜市南区)",
        "上六ツ川",
        "六ツ川町",
        "弘明寺口",
        "南永田",
        "住宅前(横浜市南区)",
        "井土ヶ谷",
        "南センター(横浜市南区)",
        "Y校前",
        "南太田駅前",
        "前里町",
        "吉野町駅前",
        "吉野町一丁目",
        "阪東橋",
        "横浜橋",
        "曙町(横浜市中区)",
        "長者町五丁目",
        "羽衣町(横浜市中区)",
        "尾上町(横浜市中区)",
        "本町四丁目(横浜市中区)",
        "横浜市役所前",
        "桜木町駅前"
    ],
    "weekday": [
        "7:07",
        "7:27",
        "8:09",
        "9:22",
        "9:46",
        "10:34",
        "10:58",
        "11:46",
        "12:10",
        "12:58",
        "13:22",
        "14:34",
        "15:22",
        "15:46",
        "16:34",
        "16:58",
        "17:46",
        "18:16",
        "18:55"
    ],
    "saturday": [
        "7:09",
        "8:09",
        "9:10",
        "10:10",
        "11:10",
        "12:10",
        "13:06",
        "14:06",
        "15:06",
        "16:06",
        "17:06",
        "18:22"
    ],
    "holiday": [
        "7:09",
        "8:09",
        "9:10",
        "10:10",
        "11:10",
        "12:10",
        "13:06",
        "14:06",
        "15:06",
        "16:06",
        "17:06",
        "18:22"
    ],
    "url": "https://www.kanachu.co.jp/dia/diagram/timetable01_js/course:0000803853-3/node:00126611/kt:0/lname:/"
}
