{
    "date": "2025/08/30",
    "name": "不動坂(横浜市戸塚区)",
    "position": "-",
    "system": "戸48",
    "destinations": [
        "ポーラ前(横浜市戸塚区)",
        "柏尾(横浜市戸塚区)",
        "赤関橋",
        "品濃口",
        "国道平戸",
        "坂下口",
        "山谷(横浜市戸塚区)",
        "六ツ川四丁目",
        "こども医療センター",
        "引越坂",
        "大池(横浜市南区)",
        "上六ツ川",
        "六ツ川町",
        "弘明寺口",
        "南永田",
        "住宅前(横浜市南区)",
        "井土ヶ谷",
        "南センター(横浜市南区)",
        "Y校前",
        "南太田駅前",
        "前里町",
        "吉野町駅前",
        "吉野町一丁目",
        "阪東橋",
        "横浜橋",
        "曙町(横浜市中区)",
        "長者町五丁目",
        "羽衣町(横浜市中区)",
        "尾上町(横浜市中区)",
        "本町四丁目(横浜市中区)",
        "横浜市役所前",
        "桜木町駅前"
    ],
    "weekday": [
        "7:11",
        "7:31",
        "8:13",
        "9:26",
        "9:50",
        "10:38",
        "11:02",
        "11:50",
        "12:14",
        "13:02",
        "13:26",
        "14:38",
        "15:26",
        "15:50",
        "16:38",
        "17:02",
        "17:50",
        "18:20",
        "18:59"
    ],
    "saturday": [
        "7:13",
        "8:13",
        "9:14",
        "10:14",
        "11:14",
        "12:14",
        "13:10",
        "14:10",
        "15:10",
        "16:10",
        "17:10",
        "18:26"
    ],
    "holiday": [
        "7:13",
        "8:13",
        "9:14",
        "10:14",
        "11:14",
        "12:14",
        "13:10",
        "14:10",
        "15:10",
        "16:10",
        "17:10",
        "18:26"
    ],
    "url": "https://www.kanachu.co.jp/dia/diagram/timetable01_js/course:0000803853-5/node:00126613/kt:0/lname:/"
}
