{
    "date": "2025/08/30",
    "name": "柏尾(横浜市戸塚区)",
    "position": "-",
    "system": "戸48",
    "destinations": [
        "赤関橋",
        "品濃口",
        "国道平戸",
        "坂下口",
        "山谷(横浜市戸塚区)",
        "六ツ川四丁目",
        "こども医療センター",
        "引越坂",
        "大池(横浜市南区)",
        "上六ツ川",
        "六ツ川町",
        "弘明寺口",
        "南永田",
        "住宅前(横浜市南区)",
        "井土ヶ谷",
        "南センター(横浜市南区)",
        "Y校前",
        "南太田駅前",
        "前里町",
        "吉野町駅前",
        "吉野町一丁目",
        "阪東橋",
        "横浜橋",
        "曙町(横浜市中区)",
        "長者町五丁目",
        "羽衣町(横浜市中区)",
        "尾上町(横浜市中区)",
        "本町四丁目(横浜市中区)",
        "横浜市役所前",
        "桜木町駅前"
    ],
    "weekday": [
        "7:16",
        "7:36",
        "8:18",
        "9:31",
        "9:55",
        "10:43",
        "11:07",
        "11:55",
        "12:19",
        "13:07",
        "13:31",
        "14:43",
        "15:31",
        "15:55",
        "16:43",
        "17:07",
        "17:55",
        "18:25",
        "19:04"
    ],
    "saturday": [
        "7:18",
        "8:18",
        "9:19",
        "10:19",
        "11:19",
        "12:19",
        "13:15",
        "14:15",
        "15:15",
        "16:15",
        "17:15",
        "18:31"
    ],
    "holiday": [
        "7:18",
        "8:18",
        "9:19",
        "10:19",
        "11:19",
        "12:19",
        "13:15",
        "14:15",
        "15:15",
        "16:15",
        "17:15",
        "18:31"
    ],
    "url": "https://www.kanachu.co.jp/dia/diagram/timetable01_js/course:0000803853-7/node:00126615/kt:0/lname:/"
}
