{
    "date": "2025/08/30",
    "name": "坂下口",
    "position": "-",
    "system": "戸48",
    "destinations": [
        "山谷(横浜市戸塚区)",
        "六ツ川四丁目",
        "こども医療センター",
        "引越坂",
        "大池(横浜市南区)",
        "上六ツ川",
        "六ツ川町",
        "弘明寺口",
        "南永田",
        "住宅前(横浜市南区)",
        "井土ヶ谷",
        "南センター(横浜市南区)",
        "Y校前",
        "南太田駅前",
        "前里町",
        "吉野町駅前",
        "吉野町一丁目",
        "阪東橋",
        "横浜橋",
        "曙町(横浜市中区)",
        "長者町五丁目",
        "羽衣町(横浜市中区)",
        "尾上町(横浜市中区)",
        "本町四丁目(横浜市中区)",
        "横浜市役所前",
        "桜木町駅前"
    ],
    "weekday": [
        "7:23",
        "7:43",
        "8:25",
        "9:38",
        "10:02",
        "10:50",
        "11:14",
        "12:02",
        "12:26",
        "13:14",
        "13:38",
        "14:50",
        "15:38",
        "16:02",
        "16:50",
        "17:14",
        "18:02",
        "18:32",
        "19:11"
    ],
    "saturday": [
        "7:25",
        "8:25",
        "9:26",
        "10:26",
        "11:26",
        "12:26",
        "13:22",
        "14:22",
        "15:22",
        "16:22",
        "17:22",
        "18:38"
    ],
    "holiday": [
        "7:25",
        "8:25",
        "9:26",
        "10:26",
        "11:26",
        "12:26",
        "13:22",
        "14:22",
        "15:22",
        "16:22",
        "17:22",
        "18:38"
    ],
    "url": "https://www.kanachu.co.jp/dia/diagram/timetable01_js/course:0000803853-11/node:00126619/kt:0/lname:/"
}
