{
    "date": "2025/08/30",
    "name": "六ツ川町",
    "position": "-",
    "system": "戸48",
    "destinations": [
        "弘明寺口",
        "南永田",
        "住宅前(横浜市南区)",
        "井土ヶ谷",
        "南センター(横浜市南区)",
        "Y校前",
        "南太田駅前",
        "前里町",
        "吉野町駅前",
        "吉野町一丁目",
        "阪東橋",
        "横浜橋",
        "曙町(横浜市中区)",
        "長者町五丁目",
        "羽衣町(横浜市中区)",
        "尾上町(横浜市中区)",
        "本町四丁目(横浜市中区)",
        "横浜市役所前",
        "桜木町駅前"
    ],
    "weekday": [
        "7:38",
        "7:58",
        "8:40",
        "9:52",
        "10:16",
        "11:04",
        "11:28",
        "12:16",
        "12:40",
        "13:28",
        "13:52",
        "15:04",
        "15:52",
        "16:16",
        "17:04",
        "17:28",
        "18:16",
        "18:46",
        "19:25"
    ],
    "saturday": [
        "7:39",
        "8:39",
        "9:40",
        "10:40",
        "11:40",
        "12:40",
        "13:37",
        "14:37",
        "15:37",
        "16:37",
        "17:37",
        "18:53"
    ],
    "holiday": [
        "7:39",
        "8:39",
        "9:40",
        "10:40",
        "11:40",
        "12:40",
        "13:37",
        "14:37",
        "15:37",
        "16:37",
        "17:37",
        "18:53"
    ],
    "url": "https://www.kanachu.co.jp/dia/diagram/timetable01_js/course:0000803853-18/node:00126627/kt:0/lname:/"
}
