{
    "date": "2025/08/30",
    "name": "弘明寺口",
    "position": "-",
    "system": "戸48",
    "destinations": [
        "南永田",
        "住宅前(横浜市南区)",
        "井土ヶ谷",
        "南センター(横浜市南区)",
        "Y校前",
        "南太田駅前",
        "前里町",
        "吉野町駅前",
        "吉野町一丁目",
        "阪東橋",
        "横浜橋",
        "曙町(横浜市中区)",
        "長者町五丁目",
        "羽衣町(横浜市中区)",
        "尾上町(横浜市中区)",
        "本町四丁目(横浜市中区)",
        "横浜市役所前",
        "桜木町駅前"
    ],
    "weekday": [
        "7:40",
        "8:00",
        "8:42",
        "9:54",
        "10:18",
        "11:06",
        "11:30",
        "12:18",
        "12:42",
        "13:30",
        "13:54",
        "15:06",
        "15:54",
        "16:18",
        "17:06",
        "17:30",
        "18:18",
        "18:48",
        "19:27"
    ],
    "saturday": [
        "7:41",
        "8:41",
        "9:42",
        "10:42",
        "11:42",
        "12:42",
        "13:39",
        "14:39",
        "15:39",
        "16:39",
        "17:39",
        "18:55"
    ],
    "holiday": [
        "7:41",
        "8:41",
        "9:42",
        "10:42",
        "11:42",
        "12:42",
        "13:39",
        "14:39",
        "15:39",
        "16:39",
        "17:39",
        "18:55"
    ],
    "url": "https://www.kanachu.co.jp/dia/diagram/timetable01_js/course:0000803853-19/node:00126628/kt:0/lname:/"
}
