{
    "date": "2025/08/30",
    "name": "南永田",
    "position": "-",
    "system": "戸48",
    "destinations": [
        "住宅前(横浜市南区)",
        "井土ヶ谷",
        "南センター(横浜市南区)",
        "Y校前",
        "南太田駅前",
        "前里町",
        "吉野町駅前",
        "吉野町一丁目",
        "阪東橋",
        "横浜橋",
        "曙町(横浜市中区)",
        "長者町五丁目",
        "羽衣町(横浜市中区)",
        "尾上町(横浜市中区)",
        "本町四丁目(横浜市中区)",
        "横浜市役所前",
        "桜木町駅前"
    ],
    "weekday": [
        "7:42",
        "8:02",
        "8:44",
        "9:55",
        "10:19",
        "11:07",
        "11:31",
        "12:19",
        "12:43",
        "13:31",
        "13:55",
        "15:07",
        "15:55",
        "16:19",
        "17:07",
        "17:31",
        "18:19",
        "18:49",
        "19:28"
    ],
    "saturday": [
        "7:42",
        "8:42",
        "9:43",
        "10:43",
        "11:43",
        "12:43",
        "13:41",
        "14:41",
        "15:41",
        "16:41",
        "17:41",
        "18:57"
    ],
    "holiday": [
        "7:42",
        "8:42",
        "9:43",
        "10:43",
        "11:43",
        "12:43",
        "13:41",
        "14:41",
        "15:41",
        "16:41",
        "17:41",
        "18:57"
    ],
    "url": "https://www.kanachu.co.jp/dia/diagram/timetable01_js/course:0000803853-20/node:00126629/kt:0/lname:/"
}
