{
    "date": "2025/08/30",
    "name": "吉野町一丁目",
    "position": "-",
    "system": "戸48",
    "destinations": [
        "阪東橋",
        "横浜橋",
        "曙町(横浜市中区)",
        "長者町五丁目",
        "羽衣町(横浜市中区)",
        "尾上町(横浜市中区)",
        "本町四丁目(横浜市中区)",
        "横浜市役所前",
        "桜木町駅前"
    ],
    "weekday": [
        "7:57",
        "8:17",
        "8:59",
        "10:10",
        "10:34",
        "11:22",
        "11:46",
        "12:34",
        "12:58",
        "13:46",
        "14:10",
        "15:22",
        "16:10",
        "16:34",
        "17:22",
        "17:46",
        "18:34",
        "19:04",
        "19:40"
    ],
    "saturday": [
        "7:54",
        "8:57",
        "9:58",
        "10:58",
        "11:58",
        "12:58",
        "13:56",
        "14:56",
        "15:56",
        "16:56",
        "17:56",
        "19:09"
    ],
    "holiday": [
        "7:54",
        "8:57",
        "9:58",
        "10:58",
        "11:58",
        "12:58",
        "13:56",
        "14:56",
        "15:56",
        "16:56",
        "17:56",
        "19:09"
    ],
    "url": "https://www.kanachu.co.jp/dia/diagram/timetable01_js/course:0000803853-28/node:00103232/kt:0/lname:/"
}
