{
    "date": "2022/12/17",
    "name": "名瀬スポーツ公園入口",
    "position": "-",
    "system": "東16",
    "destinations": [
        "新戸塚病院前",
        "名瀬ホーム前",
        "ネオポリス公園",
        "公園前商店街入口",
        "公園前(横浜市戸塚区)",
        "資源循環局前",
        "川上インター前",
        "東戸塚駅西口"
    ],
    "weekday": [
        "6:48",
        "7:05",
        "7:18",
        "7:30",
        "7:42",
        "7:50",
        "8:03",
        "8:15",
        "8:25",
        "8:39",
        "8:52",
        "9:05",
        "9:18",
        "9:38",
        "9:58",
        "10:18",
        "10:38",
        "11:08",
        "11:38",
        "12:07",
        "12:37",
        "13:07",
        "13:37",
        "14:07",
        "14:37",
        "15:07",
        "15:37",
        "16:07",
        "16:22",
        "16:42",
        "17:02",
        "17:22",
        "17:41",
        "18:03",
        "18:20",
        "18:40",
        "18:55",
        "19:08",
        "19:22",
        "20:07",
        "20:36",
        "21:06",
        "21:33",
        "22:01"
    ],
    "saturday": [
        "6:59",
        "7:27",
        "8:00",
        "8:32",
        "8:59",
        "9:32",
        "9:59",
        "10:21",
        "10:41",
        "11:04",
        "11:24",
        "11:44",
        "12:04",
        "12:22",
        "12:37",
        "13:07",
        "13:37",
        "14:07",
        "14:37",
        "15:07",
        "15:37",
        "16:07",
        "16:22",
        "16:42",
        "17:02",
        "17:22",
        "17:42",
        "18:02",
        "18:22",
        "18:42",
        "19:02",
        "19:22",
        "20:17",
        "20:47"
    ],
    "holiday": [
        "6:59",
        "7:30",
        "8:00",
        "8:32",
        "8:59",
        "9:32",
        "9:59",
        "10:21",
        "10:41",
        "11:04",
        "11:24",
        "11:44",
        "12:04",
        "12:22",
        "12:37",
        "13:07",
        "13:37",
        "14:07",
        "14:37",
        "15:07",
        "15:37",
        "16:07",
        "16:22",
        "16:42",
        "17:02",
        "17:22",
        "17:42",
        "18:02",
        "18:22",
        "18:42",
        "19:02",
        "19:22",
        "20:17",
        "20:47"
    ],
    "url": "https://www.kanachu.co.jp/dia/diagram/timetable01_js/course:0000802522-9/node:00126721/kt:0/lname:/"
}
