{
    "date": "2022/12/17",
    "name": "公園前(横浜市戸塚区)",
    "position": "-",
    "system": "東16",
    "destinations": [
        "資源循環局前",
        "川上インター前",
        "東戸塚駅西口"
    ],
    "weekday": [
        "6:52",
        "7:12",
        "7:25",
        "7:37",
        "7:49",
        "7:57",
        "8:10",
        "8:22",
        "8:32",
        "8:46",
        "8:59",
        "9:12",
        "9:25",
        "9:45",
        "10:05",
        "10:25",
        "10:45",
        "11:15",
        "11:45",
        "12:14",
        "12:44",
        "13:14",
        "13:44",
        "14:14",
        "14:44",
        "15:14",
        "15:44",
        "16:14",
        "16:29",
        "16:49",
        "17:09",
        "17:29",
        "17:48",
        "18:10",
        "18:27",
        "18:47",
        "19:02",
        "19:15",
        "19:29",
        "20:14",
        "20:43",
        "21:13",
        "21:40",
        "22:08"
    ],
    "saturday": [
        "7:03",
        "7:31",
        "8:04",
        "8:36",
        "9:04",
        "9:39",
        "10:06",
        "10:28",
        "10:48",
        "11:11",
        "11:31",
        "11:51",
        "12:11",
        "12:29",
        "12:44",
        "13:14",
        "13:44",
        "14:14",
        "14:44",
        "15:14",
        "15:44",
        "16:14",
        "16:29",
        "16:49",
        "17:09",
        "17:29",
        "17:49",
        "18:09",
        "18:29",
        "18:49",
        "19:09",
        "19:29",
        "20:24",
        "20:54"
    ],
    "holiday": [
        "7:03",
        "7:34",
        "8:04",
        "8:36",
        "9:04",
        "9:39",
        "10:06",
        "10:28",
        "10:48",
        "11:11",
        "11:31",
        "11:51",
        "12:11",
        "12:29",
        "12:44",
        "13:14",
        "13:44",
        "14:14",
        "14:44",
        "15:14",
        "15:44",
        "16:14",
        "16:29",
        "16:49",
        "17:09",
        "17:29",
        "17:49",
        "18:09",
        "18:29",
        "18:49",
        "19:09",
        "19:29",
        "20:24",
        "20:54"
    ],
    "url": "https://www.kanachu.co.jp/dia/diagram/timetable01_js/course:0000802522-14/node:00126651/kt:0/lname:/"
}
