{
    "date": "2025/10/20",
    "name": "高瀬橋(町田市)",
    "position": "-",
    "system": "町75",
    "destinations": [
        "鞍掛",
        "成瀬消防出張所前",
        "成瀬コミュニティセンター前",
        "成瀬高校入口",
        "南成瀬",
        "成瀬駅"
    ],
    "weekday": [
        "9:23",
        "10:23",
        "10:43",
        "11:23",
        "12:23",
        "13:43",
        "14:23",
        "15:23",
        "16:23",
        "16:43",
        "17:23",
        "18:23",
        "19:23",
        "19:43",
        "20:34",
        "21:44",
        "22:27"
    ],
    "saturday": [
        "9:22",
        "10:22",
        "11:22",
        "12:23",
        "13:23",
        "14:23",
        "15:23",
        "16:23",
        "17:23",
        "18:23",
        "19:23",
        "20:22",
        "21:32",
        "22:12"
    ],
    "holiday": [
        "9:22",
        "10:22",
        "11:22",
        "12:22",
        "13:22",
        "14:22",
        "15:23",
        "16:23",
        "17:23",
        "18:23",
        "19:22",
        "20:32",
        "21:12"
    ],
    "url": "https://www.kanachu.co.jp/dia/diagram/timetable01_js/course:0000800928-7/node:00129582/kt:0/lname:/"
}
