{
    "date": "2025/10/20",
    "name": "成瀬コミュニティセンター前",
    "position": "-",
    "system": "町75",
    "destinations": [
        "成瀬高校入口",
        "南成瀬",
        "成瀬駅"
    ],
    "weekday": [
        "9:27",
        "10:27",
        "10:47",
        "11:27",
        "12:27",
        "13:47",
        "14:27",
        "15:27",
        "16:30",
        "16:50",
        "17:30",
        "18:30",
        "19:30",
        "19:50",
        "20:38",
        "21:48",
        "22:31"
    ],
    "saturday": [
        "9:26",
        "10:26",
        "11:26",
        "12:28",
        "13:28",
        "14:28",
        "15:28",
        "16:28",
        "17:28",
        "18:28",
        "19:28",
        "20:27",
        "21:37",
        "22:17"
    ],
    "holiday": [
        "9:26",
        "10:26",
        "11:26",
        "12:26",
        "13:26",
        "14:26",
        "15:28",
        "16:28",
        "17:28",
        "18:28",
        "19:26",
        "20:36",
        "21:16"
    ],
    "url": "https://www.kanachu.co.jp/dia/diagram/timetable01_js/course:0000800928-10/node:00129585/kt:0/lname:/"
}
