{
    "date": "2025/10/20",
    "name": "成瀬高校入口",
    "position": "-",
    "system": "町75",
    "destinations": [
        "南成瀬",
        "成瀬駅"
    ],
    "weekday": [
        "9:28",
        "10:28",
        "10:48",
        "11:28",
        "12:28",
        "13:48",
        "14:28",
        "15:28",
        "16:31",
        "16:51",
        "17:31",
        "18:31",
        "19:31",
        "19:51",
        "20:39",
        "21:49",
        "22:32"
    ],
    "saturday": [
        "9:27",
        "10:27",
        "11:27",
        "12:29",
        "13:29",
        "14:29",
        "15:29",
        "16:29",
        "17:29",
        "18:29",
        "19:29",
        "20:28",
        "21:38",
        "22:18"
    ],
    "holiday": [
        "9:27",
        "10:27",
        "11:27",
        "12:27",
        "13:27",
        "14:27",
        "15:29",
        "16:29",
        "17:29",
        "18:29",
        "19:27",
        "20:37",
        "21:17"
    ],
    "url": "https://www.kanachu.co.jp/dia/diagram/timetable01_js/course:0000800928-11/node:00129561/kt:0/lname:/"
}
