{
    "date": "2025/11/16",
    "name": "統監道",
    "position": "-",
    "system": "磯07",
    "destinations": [
        "白岩大門",
        "八坂神社(中郡大磯町)",
        "城山公園前(中郡大磯町)",
        "中丸(中郡大磯町)",
        "大磯プリンスホテル入口",
        "大磯プリンスホテル"
    ],
    "weekday": [],
    "saturday": [
        "11:12",
        "12:14",
        "13:22",
        "14:14",
        "15:14",
        "16:07",
        "16:47"
    ],
    "holiday": [
        "11:12",
        "12:14",
        "13:22",
        "14:14",
        "15:14",
        "16:07",
        "16:47"
    ],
    "url": "https://www.kanachu.co.jp/dia/diagram/timetable01_js/course:0000802881-3/node:00127478/kt:0/lname:/"
}
