{
    "date": "2026/01/16",
    "name": "相模原五丁目",
    "position": "-",
    "system": "相21",
    "destinations": [
        "西門前(相模原市中央区)",
        "グリーンプラザ(相模原市中央区)",
        "市役所前(相模原市中央区)",
        "ウェルネスさがみはら前",
        "職業安定所前(相模原市中央区)",
        "千代田一丁目",
        "千代田十字路",
        "千代田五丁目",
        "光が丘一丁目(相模原市中央区)",
        "光が丘小学校前",
        "光が丘大通り",
        "光が丘三丁目(相模原市中央区)",
        "緑が丘一丁目(相模原市中央区)",
        "陽光台六丁目",
        "相模原浄水場",
        "麻溝車庫",
        "友愛病院前",
        "北里大学病院・北里大学",
        "麻溝台高校",
        "麻溝台入口",
        "さがみ緑風園前",
        "麻溝台中学校入口",
        "麻溝台",
        "水道路(相模原市南区)",
        "第一住宅(相模原市南区)",
        "国立相模原病院",
        "相模台まちづくりセンター前",
        "ハウス南門前",
        "鶴ヶ丘団地前",
        "二宮神社前(相模原市南区)",
        "小田急相模原駅"
    ],
    "weekday": [
        "7:01",
        "8:01",
        "9:09",
        "10:09",
        "11:09",
        "12:09",
        "13:09",
        "14:09",
        "15:09",
        "16:04",
        "17:04",
        "18:04",
        "19:04"
    ],
    "saturday": [
        "8:38",
        "9:38",
        "11:36",
        "13:36",
        "15:36",
        "17:36"
    ],
    "holiday": [
        "9:41",
        "11:36",
        "13:36",
        "16:36"
    ],
    "url": "https://www.kanachu.co.jp/dia/diagram/timetable01_js/course:0000804244-3/node:00128540/kt:0/lname:/"
}
