{
    "date": "2026/01/16",
    "name": "光が丘一丁目(相模原市中央区)",
    "position": "-",
    "system": "相21",
    "destinations": [
        "光が丘小学校前",
        "光が丘大通り",
        "光が丘三丁目(相模原市中央区)",
        "緑が丘一丁目(相模原市中央区)",
        "陽光台六丁目",
        "相模原浄水場",
        "麻溝車庫",
        "友愛病院前",
        "北里大学病院・北里大学",
        "麻溝台高校",
        "麻溝台入口",
        "さがみ緑風園前",
        "麻溝台中学校入口",
        "麻溝台",
        "水道路(相模原市南区)",
        "第一住宅(相模原市南区)",
        "国立相模原病院",
        "相模台まちづくりセンター前",
        "ハウス南門前",
        "鶴ヶ丘団地前",
        "二宮神社前(相模原市南区)",
        "小田急相模原駅"
    ],
    "weekday": [
        "7:13",
        "8:13",
        "9:21",
        "10:21",
        "11:21",
        "12:21",
        "13:21",
        "14:21",
        "15:21",
        "16:16",
        "17:16",
        "18:16",
        "19:14"
    ],
    "saturday": [
        "8:50",
        "9:50",
        "11:46",
        "13:46",
        "15:46",
        "17:46"
    ],
    "holiday": [
        "9:51",
        "11:46",
        "13:46",
        "16:46"
    ],
    "url": "https://www.kanachu.co.jp/dia/diagram/timetable01_js/course:0000804244-12/node:00129232/kt:0/lname:/"
}
