{
    "date": "2026/01/16",
    "name": "光が丘大通り",
    "position": "-",
    "system": "相21",
    "destinations": [
        "光が丘三丁目(相模原市中央区)",
        "緑が丘一丁目(相模原市中央区)",
        "陽光台六丁目",
        "相模原浄水場",
        "麻溝車庫",
        "友愛病院前",
        "北里大学病院・北里大学",
        "麻溝台高校",
        "麻溝台入口",
        "さがみ緑風園前",
        "麻溝台中学校入口",
        "麻溝台",
        "水道路(相模原市南区)",
        "第一住宅(相模原市南区)",
        "国立相模原病院",
        "相模台まちづくりセンター前",
        "ハウス南門前",
        "鶴ヶ丘団地前",
        "二宮神社前(相模原市南区)",
        "小田急相模原駅"
    ],
    "weekday": [
        "7:15",
        "8:15",
        "9:23",
        "10:23",
        "11:23",
        "12:23",
        "13:23",
        "14:23",
        "15:23",
        "16:18",
        "17:18",
        "18:18",
        "19:16"
    ],
    "saturday": [
        "8:52",
        "9:52",
        "11:48",
        "13:48",
        "15:48",
        "17:48"
    ],
    "holiday": [
        "9:53",
        "11:48",
        "13:48",
        "16:48"
    ],
    "url": "https://www.kanachu.co.jp/dia/diagram/timetable01_js/course:0000804244-14/node:00129234/kt:0/lname:/"
}
