{
    "date": "2026/01/16",
    "name": "光が丘三丁目(相模原市中央区)",
    "position": "-",
    "system": "相21",
    "destinations": [
        "緑が丘一丁目(相模原市中央区)",
        "陽光台六丁目",
        "相模原浄水場",
        "麻溝車庫",
        "友愛病院前",
        "北里大学病院・北里大学",
        "麻溝台高校",
        "麻溝台入口",
        "さがみ緑風園前",
        "麻溝台中学校入口",
        "麻溝台",
        "水道路(相模原市南区)",
        "第一住宅(相模原市南区)",
        "国立相模原病院",
        "相模台まちづくりセンター前",
        "ハウス南門前",
        "鶴ヶ丘団地前",
        "二宮神社前(相模原市南区)",
        "小田急相模原駅"
    ],
    "weekday": [
        "7:16",
        "8:16",
        "9:24",
        "10:24",
        "11:24",
        "12:24",
        "13:24",
        "14:24",
        "15:24",
        "16:19",
        "17:19",
        "18:19",
        "19:17"
    ],
    "saturday": [
        "8:53",
        "9:53",
        "11:49",
        "13:49",
        "15:49",
        "17:49"
    ],
    "holiday": [
        "9:54",
        "11:49",
        "13:49",
        "16:49"
    ],
    "url": "https://www.kanachu.co.jp/dia/diagram/timetable01_js/course:0000804244-15/node:00129233/kt:0/lname:/"
}
