{
    "date": "2026/01/16",
    "name": "陽光台六丁目",
    "position": "-",
    "system": "相21",
    "destinations": [
        "相模原浄水場",
        "麻溝車庫",
        "友愛病院前",
        "北里大学病院・北里大学",
        "麻溝台高校",
        "麻溝台入口",
        "さがみ緑風園前",
        "麻溝台中学校入口",
        "麻溝台",
        "水道路(相模原市南区)",
        "第一住宅(相模原市南区)",
        "国立相模原病院",
        "相模台まちづくりセンター前",
        "ハウス南門前",
        "鶴ヶ丘団地前",
        "二宮神社前(相模原市南区)",
        "小田急相模原駅"
    ],
    "weekday": [
        "7:19",
        "8:19",
        "9:27",
        "10:27",
        "11:27",
        "12:27",
        "13:27",
        "14:27",
        "15:27",
        "16:22",
        "17:22",
        "18:22",
        "19:19"
    ],
    "saturday": [
        "8:55",
        "9:55",
        "11:51",
        "13:51",
        "15:51",
        "17:51"
    ],
    "holiday": [
        "9:56",
        "11:51",
        "13:51",
        "16:51"
    ],
    "url": "https://www.kanachu.co.jp/dia/diagram/timetable01_js/course:0000804244-17/node:00129290/kt:0/lname:/"
}
