{
    "date": "2026/01/16",
    "name": "麻溝台中学校入口",
    "position": "-",
    "system": "相21",
    "destinations": [
        "麻溝台",
        "水道路(相模原市南区)",
        "第一住宅(相模原市南区)",
        "国立相模原病院",
        "相模台まちづくりセンター前",
        "ハウス南門前",
        "鶴ヶ丘団地前",
        "二宮神社前(相模原市南区)",
        "小田急相模原駅"
    ],
    "weekday": [
        "7:35",
        "8:35",
        "9:41",
        "10:41",
        "11:41",
        "12:41",
        "13:41",
        "14:41",
        "15:43",
        "16:38",
        "17:40",
        "18:40",
        "19:30"
    ],
    "saturday": [
        "9:06",
        "10:07",
        "12:06",
        "14:06",
        "16:06",
        "18:06"
    ],
    "holiday": [
        "10:10",
        "12:05",
        "14:05",
        "17:05"
    ],
    "url": "https://www.kanachu.co.jp/dia/diagram/timetable01_js/course:0000804244-25/node:00129697/kt:0/lname:/"
}
