{
  "date": "2024/07/08",
  "name": "町田バスセンター",
  "position": "14番のりば",
  "system": "町36",
  "destinations": [
    "町田市役所市民ホール前",
    "第四小学校前(町田市)",
    "森野三丁目",
    "市民病院前(町田市)",
    "浄水場前(町田市)",
    "滝の沢(町田市)",
    "木曽住宅",
    "三家(町田市)",
    "木曽(町田市)",
    "忠生公園入口",
    "上宿(町田市)",
    "下根岸(町田市)",
    "根岸(根岸町/町田市)",
    "馬駈",
    "図師大橋",
    "図師",
    "並木(町田市)",
    "ろうわ学校",
    "野津田高校入口",
    "向坂(町田市)",
    "小野神社前(町田市)",
    "新屋敷(町田市)",
    "サンシティ町田",
    "五反田(町田市)",
    "下堤(町田市)",
    "岩子山",
    "井の花",
    "大蔵(鶴川郵便局前/町田市)",
    "鶴川市民センター入口",
    "下大蔵",
    "金井入口",
    "上能ヶ谷",
    "鶴川駅西口",
    "鶴川駅"
  ],
  "weekday": [
    "7:35", "7:45",
    "10:00",
    "15:24"
  ],
  "saturday": [
    "10:09",
    "12:30",
    "15:26"
  ],
  "holiday": [
    "10:06",
    "12:35",
    "15:38"
  ],
  "url": "https://www.kanachu.co.jp/dia/diagram/timetable01_js/course:0000803441-1/node:00025625/kt:2/lname:/dts:1740679200"
}
