{
  "date": "-",
  "name": "上宿(町田市)",
  "position": "-",
  "system": "町36",
  "destinations": [
    "下根岸(町田市)",
    "根岸(根岸町/町田市)",
    "馬駈",
    "図師大橋",
    "図師",
    "並木(町田市)",
    "ろうわ学校",
    "野津田高校入口",
    "向坂(町田市)",
    "小野神社前(町田市)",
    "新屋敷(町田市)",
    "サンシティ町田",
    "五反田(町田市)",
    "下堤(町田市)",
    "岩子山",
    "井の花",
    "大蔵(鶴川郵便局前/町田市)",
    "鶴川市民センター入口",
    "下大蔵",
    "金井入口",
    "上能ヶ谷",
    "鶴川駅西口",
    "鶴川駅"
  ],
  "weekday": [],
  "saturday": [],
  "holiday": [],
  "url": "https://www.kanachu.co.jp/dia/diagram/timetable01_js/course:0000803441-13/node:00129365/kt:0/lname:/"
}