{
    "date": "2025/08/04",
    "name": "相模中野",
    "position": "-",
    "system": "橋01",
    "destinations": [
        "仲町自治会館前",
        "日赤病院前(相模原市緑区)",
        "太井",
        "小網",
        "クラブ前(相模原市緑区)",
        "北根小屋",
        "津久井湖観光センター前",
        "城山高校前",
        "都井沢",
        "谷ヶ原",
        "久保沢",
        "城山総合事務所入口",
        "原宿(相模原市緑区)",
        "東原宿",
        "森の上",
        "二本松(相模原市緑区)",
        "相原中央",
        "相原台",
        "大西(相模原市緑区)",
        "上町(相模原市緑区)",
        "緑区合同庁舎前(相模原市緑区)",
        "橋本二丁目",
        "橋本駅南口"
    ],
    "weekday": [
        "5:15",
        "5:55",
        "6:35",
        "6:43",
        "7:13",
        "7:21",
        "7:37"
    ],
    "saturday": [],
    "holiday": [],
    "url": "https://www.kanachu.co.jp/dia/diagram/timetable01_js/course:0000800899-7/node:00128948/kt:0/lname:/"
}
