{
    "date": "2025/08/04",
    "name": "久保沢",
    "position": "-",
    "system": "橋01",
    "destinations": [
        "城山総合事務所入口",
        "原宿(相模原市緑区)",
        "東原宿",
        "森の上",
        "二本松(相模原市緑区)",
        "相原中央",
        "相原台",
        "大西(相模原市緑区)",
        "上町(相模原市緑区)",
        "緑区合同庁舎前(相模原市緑区)",
        "橋本二丁目",
        "橋本駅南口"
    ],
    "weekday": [
        "5:25",
        "6:05",
        "6:45",
        "6:55",
        "7:25",
        "7:33",
        "7:49"
    ],
    "saturday": [],
    "holiday": [],
    "url": "https://www.kanachu.co.jp/dia/diagram/timetable01_js/course:0000800899-18/node:00128959/kt:0/lname:/"
}
