{
    "date": "2025/05/11",
    "name": "西ヶ谷",
    "position": "-",
    "system": "船07",
    "destinations": [
        "西ヶ谷入口",
        "中島(横浜市栄区)",
        "光明寺(横浜市栄区)",
        "紅葉橋(横浜市栄区)",
        "本郷車庫前(横浜市栄区)",
        "山手学院入口",
        "稲荷森",
        "中野町",
        "本郷(横浜市栄区)",
        "本郷小学校前",
        "南河内(横浜市栄区)",
        "天神橋(横浜市栄区)",
        "栄警察署前",
        "公田",
        "鎌倉女子大前",
        "平島(鎌倉市)",
        "笠間十字路",
        "笠間町",
        "岩井口",
        "大船駅(横浜市栄区)"
    ],
    "weekday": [
        "11:23",
        "16:44"
    ],
    "saturday": [
        "15:57"
    ],
    "holiday": [
        "15:57"
    ],
    "url": "https://www.kanachu.co.jp/dia/diagram/timetable01_js/course:0000803819-3/node:00126524/kt:0/lname:/"
}
