{
    "date": "2025/05/11",
    "name": "山手学院入口",
    "position": "-",
    "system": "船07",
    "destinations": [
        "稲荷森",
        "中野町",
        "本郷(横浜市栄区)",
        "本郷小学校前",
        "南河内(横浜市栄区)",
        "天神橋(横浜市栄区)",
        "栄警察署前",
        "公田",
        "鎌倉女子大前",
        "平島(鎌倉市)",
        "笠間十字路",
        "笠間町",
        "岩井口",
        "大船駅(横浜市栄区)"
    ],
    "weekday": [
        "11:31",
        "16:52"
    ],
    "saturday": [
        "16:06"
    ],
    "holiday": [
        "16:06"
    ],
    "url": "https://www.kanachu.co.jp/dia/diagram/timetable01_js/course:0000803819-9/node:00126513/kt:0/lname:/"
}
