{
    "date": "2025/08/30",
    "name": "ポーラ前(横浜市戸塚区)",
    "position": "-",
    "system": "戸03",
    "destinations": [
        "不動坂(横浜市戸塚区)",
        "ブリヂストン前",
        "元町(横浜市戸塚区)",
        "矢部町",
        "戸塚駅東口"
    ],
    "weekday": [
        "7:15",
        "7:40"
    ],
    "saturday": [
        "7:14"
    ],
    "holiday": [],
    "url": "https://www.kanachu.co.jp/dia/diagram/timetable01_js/course:0000800820-29/node:00126614/kt:0/lname:/"
}
