{
    "date": "2026/01/16",
    "name": "ウェルネスさがみはら前",
    "position": "-",
    "system": "相28",
    "destinations": [
        "職業安定所前(相模原市中央区)",
        "千代田一丁目",
        "千代田十字路",
        "千代田五丁目",
        "光が丘一丁目(相模原市中央区)",
        "光が丘小学校前",
        "光が丘大通り",
        "光が丘三丁目(相模原市中央区)",
        "緑が丘一丁目(相模原市中央区)",
        "陽光台六丁目",
        "相模原浄水場",
        "麻溝車庫"
    ],
    "weekday": [
        "20:09",
        "20:39"
    ],
    "saturday": [
        "22:06"
    ],
    "holiday": [
        "22:06"
    ],
    "url": "https://www.kanachu.co.jp/dia/diagram/timetable01_js/course:0000804043-7/node:00128536/kt:0/lname:/"
}
