{
    "date": "2023/02/18",
    "name": "八幡公民館入口",
    "position": "-",
    "system": "平58",
    "destinations": [
        "八幡(平塚市)",
        "八幡入口",
        "コンフォール平塚前",
        "市役所前(平塚市)",
        "四ツ角(平塚市)",
        "平塚駅北口"
    ],
    "weekday": [
        "8:06"
    ],
    "saturday": [],
    "holiday": [],
    "url": "https://www.kanachu.co.jp/dia/diagram/timetable01_js/course:0000800387-17/node:00127647/kt:0/lname:/"
}
