{
    "date": "2025/04/01",
    "name": "藤の台団地",
    "position": "-",
    "system": "町41",
    "destinations": [
        "藤の台東",
        "金井小学校入口",
        "ゆうき山",
        "市立博物館前(町田市)",
        "養運寺",
        "菅原神社前(町田市)",
        "体育館前(町田市)",
        "町田郵便局前",
        "中町二丁目",
        "第四小学校前(町田市)",
        "町田市役所市民ホール前",
        "町田バスセンター"
    ],
    "weekday": [
        "5:32",
        "5:47",
        "6:00",
        "6:07",
        "6:15",
        "6:22",
        "6:30",
        "6:37",
        "6:45",
        "6:52",
        "7:06",
        "7:12",
        "7:18",
        "7:24",
        "7:30",
        "7:37",
        "7:51",
        "7:58",
        "8:08",
        "8:25",
        "8:35",
        "20:50",
        "21:25"
    ],
    "saturday": [
        "5:43",
        "6:10",
        "6:30",
        "7:05",
        "7:35",
        "8:05",
        "8:29",
        "20:51",
        "22:15"
    ],
    "holiday": [
        "5:43",
        "6:15",
        "7:10",
        "7:30",
        "8:05",
        "8:35",
        "20:41",
        "22:10"
    ],
    "url": "https://www.kanachu.co.jp/dia/diagram/timetable01_js/course:0000803188-1/node:00129451/kt:0/lname:/"
}
