{
    "date": "2025/04/01",
    "name": "養運寺",
    "position": "-",
    "system": "町41",
    "destinations": [
        "菅原神社前(町田市)",
        "体育館前(町田市)",
        "町田郵便局前",
        "中町二丁目",
        "第四小学校前(町田市)",
        "町田市役所市民ホール前",
        "町田バスセンター"
    ],
    "weekday": [
        "5:37",
        "5:52",
        "6:05",
        "6:12",
        "6:20",
        "6:27",
        "6:35",
        "6:42",
        "6:50",
        "6:57",
        "7:11",
        "7:17",
        "7:23",
        "7:29",
        "7:35",
        "7:43",
        "7:57",
        "8:04",
        "8:14",
        "8:31",
        "8:41",
        "20:55",
        "21:30"
    ],
    "saturday": [
        "5:48",
        "6:15",
        "6:35",
        "7:10",
        "7:40",
        "8:11",
        "8:35",
        "20:56",
        "22:20"
    ],
    "holiday": [
        "5:48",
        "6:20",
        "7:15",
        "7:35",
        "8:11",
        "8:41",
        "20:46",
        "22:15"
    ],
    "url": "https://www.kanachu.co.jp/dia/diagram/timetable01_js/course:0000803188-6/node:00129447/kt:0/lname:/"
}
