{
    "date": "2025/04/01",
    "name": "菅原神社前(町田市)",
    "position": "-",
    "system": "町41",
    "destinations": [
        "体育館前(町田市)",
        "町田郵便局前",
        "中町二丁目",
        "第四小学校前(町田市)",
        "町田市役所市民ホール前",
        "町田バスセンター"
    ],
    "weekday": [
        "5:39",
        "5:54",
        "6:07",
        "6:14",
        "6:22",
        "6:29",
        "6:37",
        "6:44",
        "6:52",
        "6:59",
        "7:13",
        "7:19",
        "7:25",
        "7:31",
        "7:38",
        "7:46",
        "8:00",
        "8:07",
        "8:17",
        "8:34",
        "8:44",
        "20:57",
        "21:31"
    ],
    "saturday": [
        "5:50",
        "6:17",
        "6:37",
        "7:12",
        "7:42",
        "8:13",
        "8:37",
        "20:57",
        "22:21"
    ],
    "holiday": [
        "5:50",
        "6:22",
        "7:17",
        "7:37",
        "8:13",
        "8:43",
        "20:47",
        "22:16"
    ],
    "url": "https://www.kanachu.co.jp/dia/diagram/timetable01_js/course:0000803188-7/node:00129422/kt:0/lname:/"
}
