{
    "date": "2025/04/01",
    "name": "町田郵便局前",
    "position": "-",
    "system": "町41",
    "destinations": [
        "中町二丁目",
        "第四小学校前(町田市)",
        "町田市役所市民ホール前",
        "町田バスセンター"
    ],
    "weekday": [
        "5:41",
        "5:56",
        "6:09",
        "6:16",
        "6:24",
        "6:31",
        "6:39",
        "6:46",
        "6:54",
        "7:01",
        "7:15",
        "7:21",
        "7:27",
        "7:33",
        "7:40",
        "7:48",
        "8:02",
        "8:09",
        "8:19",
        "8:36",
        "8:46",
        "20:59",
        "21:33"
    ],
    "saturday": [
        "5:52",
        "6:19",
        "6:39",
        "7:14",
        "7:44",
        "8:15",
        "8:39",
        "20:59",
        "22:23"
    ],
    "holiday": [
        "5:52",
        "6:24",
        "7:19",
        "7:39",
        "8:15",
        "8:45",
        "20:49",
        "22:18"
    ],
    "url": "https://www.kanachu.co.jp/dia/diagram/timetable01_js/course:0000803188-9/node:00129420/kt:0/lname:/"
}
