{
    "date": "2025/04/01",
    "name": "中町二丁目",
    "position": "-",
    "system": "町41",
    "destinations": [
        "第四小学校前(町田市)",
        "町田市役所市民ホール前",
        "町田バスセンター"
    ],
    "weekday": [
        "5:42",
        "5:57",
        "6:10",
        "6:17",
        "6:25",
        "6:32",
        "6:40",
        "6:47",
        "6:55",
        "7:02",
        "7:16",
        "7:22",
        "7:28",
        "7:35",
        "7:42",
        "7:50",
        "8:04",
        "8:11",
        "8:21",
        "8:38",
        "8:48",
        "21:00",
        "21:34"
    ],
    "saturday": [
        "5:53",
        "6:20",
        "6:40",
        "7:15",
        "7:45",
        "8:16",
        "8:40",
        "21:00",
        "22:24"
    ],
    "holiday": [
        "5:53",
        "6:25",
        "7:20",
        "7:40",
        "8:16",
        "8:46",
        "20:50",
        "22:19"
    ],
    "url": "https://www.kanachu.co.jp/dia/diagram/timetable01_js/course:0000803188-10/node:00130353/kt:0/lname:/"
}
