{
    "date": "2025/04/01",
    "name": "第四小学校前(町田市)",
    "position": "-",
    "system": "町41",
    "destinations": [
        "町田市役所市民ホール前",
        "町田バスセンター"
    ],
    "weekday": [
        "5:43",
        "5:58",
        "6:11",
        "6:18",
        "6:26",
        "6:33",
        "6:41",
        "6:48",
        "6:56",
        "7:03",
        "7:17",
        "7:23",
        "7:29",
        "7:36",
        "7:43",
        "7:51",
        "8:05",
        "8:12",
        "8:22",
        "8:39",
        "8:49",
        "21:01",
        "21:35"
    ],
    "saturday": [
        "5:54",
        "6:21",
        "6:41",
        "7:16",
        "7:46",
        "8:17",
        "8:41",
        "21:01",
        "22:25"
    ],
    "holiday": [
        "5:54",
        "6:26",
        "7:21",
        "7:41",
        "8:17",
        "8:47",
        "20:51",
        "22:20"
    ],
    "url": "https://www.kanachu.co.jp/dia/diagram/timetable01_js/course:0000803188-11/node:00129357/kt:0/lname:/"
}
