{
    "date": "2025/04/01",
    "name": "町田市役所市民ホール前",
    "position": "-",
    "system": "町41",
    "destinations": [
        "第四小学校前(町田市)",
        "中町二丁目",
        "町田郵便局前",
        "体育館前(町田市)",
        "菅原神社前(町田市)",
        "養運寺",
        "市立博物館前(町田市)",
        "ゆうき山",
        "金井小学校入口",
        "藤の台東",
        "藤の台団地"
    ],
    "weekday": [
        "6:12",
        "6:42",
        "7:04",
        "7:18",
        "7:25",
        "7:43",
        "8:06",
        "8:30",
        "8:42",
        "21:12",
        "21:52",
        "22:12",
        "22:42",
        "23:12"
    ],
    "saturday": [
        "7:34",
        "8:29",
        "8:59",
        "21:12",
        "21:32",
        "21:52",
        "22:12",
        "22:32",
        "22:52",
        "23:13"
    ],
    "holiday": [
        "7:34",
        "8:29",
        "8:59",
        "21:12",
        "21:42",
        "22:12",
        "22:42",
        "23:13"
    ],
    "url": "https://www.kanachu.co.jp/dia/diagram/timetable01_js/course:0000803604-2/node:00129356/kt:0/lname:/"
}
