{
    "date": "2025/04/01",
    "name": "町田郵便局前",
    "position": "-",
    "system": "町41",
    "destinations": [
        "体育館前(町田市)",
        "菅原神社前(町田市)",
        "養運寺",
        "市立博物館前(町田市)",
        "ゆうき山",
        "金井小学校入口",
        "藤の台東",
        "藤の台団地"
    ],
    "weekday": [
        "6:16",
        "6:46",
        "7:08",
        "7:22",
        "7:29",
        "7:48",
        "8:11",
        "8:35",
        "8:47",
        "21:16",
        "21:56",
        "22:16",
        "22:46",
        "23:16"
    ],
    "saturday": [
        "7:38",
        "8:33",
        "9:03",
        "21:16",
        "21:36",
        "21:56",
        "22:16",
        "22:36",
        "22:56",
        "23:17"
    ],
    "holiday": [
        "7:38",
        "8:33",
        "9:03",
        "21:16",
        "21:46",
        "22:16",
        "22:46",
        "23:17"
    ],
    "url": "https://www.kanachu.co.jp/dia/diagram/timetable01_js/course:0000803604-5/node:00129420/kt:0/lname:/"
}
