{
    "date": "2025/04/01",
    "name": "市立博物館前(町田市)",
    "position": "-",
    "system": "町41",
    "destinations": [
        "ゆうき山",
        "金井小学校入口",
        "藤の台東",
        "藤の台団地"
    ],
    "weekday": [
        "6:20",
        "6:50",
        "7:12",
        "7:26",
        "7:34",
        "7:53",
        "8:16",
        "8:40",
        "8:52",
        "21:20",
        "22:00",
        "22:20",
        "22:50",
        "23:20"
    ],
    "saturday": [
        "7:42",
        "8:38",
        "9:08",
        "21:20",
        "21:40",
        "22:00",
        "22:20",
        "22:40",
        "23:00",
        "23:21"
    ],
    "holiday": [
        "7:42",
        "8:38",
        "9:08",
        "21:20",
        "21:50",
        "22:20",
        "22:50",
        "23:21"
    ],
    "url": "https://www.kanachu.co.jp/dia/diagram/timetable01_js/course:0000803604-9/node:00129448/kt:0/lname:/"
}
