{
    "date": "2025/04/01",
    "name": "ゆうき山",
    "position": "-",
    "system": "町41",
    "destinations": [
        "金井小学校入口",
        "藤の台東",
        "藤の台団地"
    ],
    "weekday": [
        "6:21",
        "6:51",
        "7:13",
        "7:27",
        "7:35",
        "7:54",
        "8:17",
        "8:41",
        "8:53",
        "21:21",
        "22:01",
        "22:21",
        "22:51",
        "23:21"
    ],
    "saturday": [
        "7:43",
        "8:39",
        "9:09",
        "21:21",
        "21:41",
        "22:01",
        "22:21",
        "22:41",
        "23:01",
        "23:22"
    ],
    "holiday": [
        "7:43",
        "8:39",
        "9:09",
        "21:21",
        "21:51",
        "22:21",
        "22:51",
        "23:22"
    ],
    "url": "https://www.kanachu.co.jp/dia/diagram/timetable01_js/course:0000803604-10/node:00129510/kt:0/lname:/"
}
