{
    "system": "町41",
    "busstops": [
        {
            "index": "1",
            "id": "00025625",
            "name": "町田バスセンター",
            "lat": "35.543233",
            "lng": "139.444229"
        },
        {
            "index": "2",
            "id": "00129356",
            "name": "町田市役所市民ホール前",
            "lat": "35.547227",
            "lng": "139.439002"
        },
        {
            "index": "3",
            "id": "00129357",
            "name": "第四小学校前(町田市)",
            "lat": "35.550343",
            "lng": "139.438207"
        },
        {
            "index": "4",
            "id": "00130353",
            "name": "中町二丁目",
            "lat": "35.552443",
            "lng": "139.44047"
        },
        {
            "index": "5",
            "id": "00129420",
            "name": "町田郵便局前",
            "lat": "35.555195",
            "lng": "139.445147"
        },
        {
            "index": "6",
            "id": "00129421",
            "name": "体育館前(町田市)",
            "lat": "35.556628",
            "lng": "139.447501"
        },
        {
            "index": "7",
            "id": "00129422",
            "name": "菅原神社前(町田市)",
            "lat": "35.559514",
            "lng": "139.448239"
        },
        {
            "index": "8",
            "id": "00129447",
            "name": "養運寺",
            "lat": "35.562386",
            "lng": "139.45135"
        },
        {
            "index": "9",
            "id": "00129448",
            "name": "市立博物館前(町田市)",
            "lat": "35.564613",
            "lng": "139.452579"
        },
        {
            "index": "10",
            "id": "00129510",
            "name": "ゆうき山",
            "lat": "35.568152",
            "lng": "139.453764"
        },
        {
            "index": "11",
            "id": "00129449",
            "name": "金井小学校入口",
            "lat": "35.571085",
            "lng": "139.454349"
        },
        {
            "index": "12",
            "id": "00129450",
            "name": "藤の台東",
            "lat": "35.571297",
            "lng": "139.45158"
        },
        {
            "index": "13",
            "id": "00129451",
            "name": "藤の台団地",
            "lat": "35.571266",
            "lng": "139.449164"
        }
    ],
    "route_url": "https://www.kanachu.co.jp/dia/route/index/cid:0000803604/"
}
