{
    "date": "2025/07/12",
    "name": "日本精工前",
    "position": "-",
    "system": "藤01",
    "destinations": [
        "神明町(藤沢市)",
        "ヤクルト前",
        "ソニー前(藤沢市)",
        "高山車庫"
    ],
    "weekday": [
        "7:09",
        "7:29",
        "7:39",
        "7:49",
        "8:04",
        "8:11",
        "8:19",
        "8:24",
        "8:29",
        "8:33",
        "8:38",
        "8:44",
        "8:51",
        "9:00",
        "9:04",
        "9:08",
        "9:14",
        "9:19",
        "9:24",
        "9:28",
        "9:34",
        "9:40",
        "9:49",
        "9:58",
        "10:06",
        "10:14",
        "10:24",
        "10:34",
        "10:43",
        "10:54",
        "11:04",
        "11:18",
        "11:28",
        "11:40",
        "11:52",
        "12:02",
        "12:16",
        "12:28",
        "12:40",
        "12:52",
        "13:04",
        "13:16",
        "13:28",
        "13:40",
        "13:52",
        "14:04",
        "14:16",
        "14:28",
        "14:40",
        "14:52",
        "15:04",
        "15:16",
        "15:30",
        "15:40",
        "15:52",
        "16:04",
        "16:14",
        "16:24",
        "16:34",
        "16:44",
        "16:54",
        "17:02",
        "17:14",
        "17:24",
        "17:34",
        "17:44",
        "17:54",
        "18:04",
        "18:18",
        "18:28",
        "18:40",
        "18:52",
        "19:04",
        "19:16",
        "19:28",
        "19:40",
        "19:52",
        "20:04",
        "20:19",
        "20:34",
        "20:49",
        "21:06",
        "21:24",
        "21:49",
        "22:24"
    ],
    "saturday": [
        "7:14",
        "7:44",
        "7:59",
        "8:09",
        "8:22",
        "8:36",
        "8:49",
        "8:57",
        "9:04",
        "9:16",
        "9:30",
        "9:40",
        "9:52",
        "10:02",
        "10:14",
        "10:24",
        "10:34",
        "10:45",
        "10:54",
        "11:04",
        "11:14",
        "11:24",
        "11:34",
        "11:44",
        "11:54",
        "12:04",
        "12:16",
        "12:28",
        "12:40",
        "12:53",
        "13:04",
        "13:16",
        "13:28",
        "13:40",
        "13:52",
        "14:04",
        "14:16",
        "14:29",
        "14:40",
        "14:52",
        "15:04",
        "15:14",
        "15:28",
        "15:40",
        "15:52",
        "16:04",
        "16:16",
        "16:28",
        "16:40",
        "16:52",
        "17:04",
        "17:16",
        "17:26",
        "17:40",
        "17:52",
        "18:04",
        "18:16",
        "18:28",
        "18:40",
        "18:52",
        "19:07",
        "19:24",
        "19:44",
        "20:04",
        "20:24",
        "20:44",
        "21:14",
        "21:49",
        "22:19"
    ],
    "holiday": [
        "7:14",
        "7:44",
        "7:59",
        "8:09",
        "8:22",
        "8:36",
        "8:49",
        "8:57",
        "9:04",
        "9:16",
        "9:30",
        "9:40",
        "9:52",
        "10:02",
        "10:14",
        "10:24",
        "10:34",
        "10:45",
        "10:54",
        "11:04",
        "11:14",
        "11:24",
        "11:34",
        "11:44",
        "11:54",
        "12:04",
        "12:16",
        "12:28",
        "12:40",
        "12:53",
        "13:04",
        "13:16",
        "13:28",
        "13:40",
        "13:52",
        "14:04",
        "14:16",
        "14:29",
        "14:40",
        "14:52",
        "15:04",
        "15:14",
        "15:28",
        "15:40",
        "15:52",
        "16:04",
        "16:16",
        "16:28",
        "16:40",
        "16:52",
        "17:04",
        "17:16",
        "17:26",
        "17:40",
        "17:52",
        "18:04",
        "18:16",
        "18:28",
        "18:40",
        "18:52",
        "19:07",
        "19:24",
        "19:44",
        "20:04",
        "20:24",
        "20:44",
        "21:14",
        "21:49",
        "22:19"
    ],
    "url": "https://www.kanachu.co.jp/dia/diagram/timetable01_js/course:0000802980-3/node:00127044/kt:0/lname:/"
}
