{
    "date": "2025/04/19",
    "name": "鵜野森一丁目",
    "position": "-",
    "system": "町08",
    "destinations": [
        "リリエンハイム前",
        "鵜野森団地入口",
        "町田市役所市民ホール前",
        "町田バスセンター"
    ],
    "weekday": [
        "6:11",
        "6:31",
        "7:13"
    ],
    "saturday": [
        "6:31",
        "7:51"
    ],
    "holiday": [
        "6:31",
        "7:51"
    ],
    "url": "https://www.kanachu.co.jp/dia/diagram/timetable01_js/course:0000800356-6/node:00129325/kt:0/lname:/"
}
