{
    "date": "2025/11/25",
    "name": "上中の原団地",
    "position": "-",
    "system": "橋57",
    "destinations": [
        "石宮",
        "緑ヶ丘(相模原市緑区)",
        "旭中学校(相模原市緑区)",
        "橋本二丁目",
        "橋本駅南口"
    ],
    "weekday": [
        "6:04",
        "6:19",
        "6:34",
        "6:44",
        "6:54",
        "7:06",
        "7:17",
        "7:47"
    ],
    "saturday": [
        "6:21",
        "6:41",
        "7:01"
    ],
    "holiday": [
        "6:26",
        "6:56"
    ],
    "url": "https://www.kanachu.co.jp/dia/diagram/timetable01_js/course:0000803800-18/node:00129115/kt:0/lname:/"
}
