{
    "date": "2025/11/25",
    "name": "石宮",
    "position": "-",
    "system": "橋57",
    "destinations": [
        "緑ヶ丘(相模原市緑区)",
        "旭中学校(相模原市緑区)",
        "橋本二丁目",
        "橋本駅南口"
    ],
    "weekday": [
        "6:05",
        "6:20",
        "6:35",
        "6:45",
        "6:55",
        "7:07",
        "7:18",
        "7:48"
    ],
    "saturday": [
        "6:22",
        "6:42",
        "7:02"
    ],
    "holiday": [
        "6:27",
        "6:57"
    ],
    "url": "https://www.kanachu.co.jp/dia/diagram/timetable01_js/course:0000803800-19/node:00129073/kt:0/lname:/"
}
