{
    "date": "2025/11/25",
    "name": "緑ヶ丘(相模原市緑区)",
    "position": "-",
    "system": "橋57",
    "destinations": [
        "旭中学校(相模原市緑区)",
        "橋本二丁目",
        "橋本駅南口"
    ],
    "weekday": [
        "6:06",
        "6:21",
        "6:36",
        "6:46",
        "6:56",
        "7:08",
        "7:19",
        "7:49"
    ],
    "saturday": [
        "6:23",
        "6:43",
        "7:03"
    ],
    "holiday": [
        "6:28",
        "6:58"
    ],
    "url": "https://www.kanachu.co.jp/dia/diagram/timetable01_js/course:0000803800-20/node:00129264/kt:0/lname:/"
}
