{
    "system": "橋57",
    "busstops": [
        {
            "index": "1",
            "id": "00129277",
            "name": "望地キャンプ場入口",
            "lat": "35.541194",
            "lng": "139.340538"
        },
        {
            "index": "2",
            "id": "00129252",
            "name": "南光寺前",
            "lat": "35.542503",
            "lng": "139.338138"
        },
        {
            "index": "3",
            "id": "00129263",
            "name": "陽原",
            "lat": "35.543849",
            "lng": "139.337521"
        },
        {
            "index": "4",
            "id": "00129226",
            "name": "半在家",
            "lat": "35.546273",
            "lng": "139.336298"
        },
        {
            "index": "5",
            "id": "00129183",
            "name": "田名小学校前",
            "lat": "35.549172",
            "lng": "139.335581"
        },
        {
            "index": "6",
            "id": "00129077",
            "name": "田名バスターミナル",
            "lat": "35.550961",
            "lng": "139.335337"
        },
        {
            "index": "7",
            "id": "00129256",
            "name": "堀の内(相模原市中央区)",
            "lat": "35.552105",
            "lng": "139.333702"
        },
        {
            "index": "8",
            "id": "00129069",
            "name": "雨窪(相模原市中央区)",
            "lat": "35.555012",
            "lng": "139.330934"
        },
        {
            "index": "9",
            "id": "00129158",
            "name": "清水入口(相模原市中央区)",
            "lat": "35.558252",
            "lng": "139.327554"
        },
        {
            "index": "10",
            "id": "00129157",
            "name": "清水(相模原市中央区)",
            "lat": "35.560146",
            "lng": "139.327012"
        },
        {
            "index": "11",
            "id": "00129135",
            "name": "古清水",
            "lat": "35.563476",
            "lng": "139.325942"
        },
        {
            "index": "12",
            "id": "00129262",
            "name": "水場",
            "lat": "35.565823",
            "lng": "139.32304"
        },
        {
            "index": "13",
            "id": "00129227",
            "name": "日々社前",
            "lat": "35.569103",
            "lng": "139.321503"
        },
        {
            "index": "14",
            "id": "00129079",
            "name": "榎戸(相模原市緑区)",
            "lat": "35.570946",
            "lng": "139.320827"
        },
        {
            "index": "15",
            "id": "00129087",
            "name": "大沢まちづくりセンター前",
            "lat": "35.5758",
            "lng": "139.326524"
        },
        {
            "index": "16",
            "id": "00129110",
            "name": "上九沢",
            "lat": "35.578906",
            "lng": "139.329975"
        },
        {
            "index": "17",
            "id": "00129297",
            "name": "六地蔵(相模原市緑区)",
            "lat": "35.579494",
            "lng": "139.331886"
        },
        {
            "index": "18",
            "id": "00129115",
            "name": "上中の原団地",
            "lat": "35.5806",
            "lng": "139.33596"
        },
        {
            "index": "19",
            "id": "00129073",
            "name": "石宮",
            "lat": "35.583533",
            "lng": "139.339147"
        },
        {
            "index": "20",
            "id": "00129264",
            "name": "緑ヶ丘(相模原市緑区)",
            "lat": "35.586307",
            "lng": "139.340626"
        },
        {
            "index": "21",
            "id": "00129066",
            "name": "旭中学校(相模原市緑区)",
            "lat": "35.588562",
            "lng": "139.341794"
        },
        {
            "index": "22",
            "id": "00128971",
            "name": "橋本二丁目",
            "lat": "35.595384",
            "lng": "139.340769"
        },
        {
            "index": "23",
            "id": "00128970",
            "name": "橋本駅南口",
            "lat": "35.594627",
            "lng": "139.344271"
        }
    ],
    "route_url": "https://www.kanachu.co.jp/dia/route/index/cid:0000803800/"
}
