{
    "date": "2026/01/16",
    "name": "二宮神社前(相模原市南区)",
    "position": "-",
    "system": "小06",
    "destinations": [
        "鶴ヶ丘(相模原市南区)",
        "豊町(相模原市南区)",
        "旭町(相模原市南区)",
        "高相合同庁舎前",
        "相模大野駅北口"
    ],
    "weekday": [
        "6:11",
        "7:09",
        "7:56",
        "8:56",
        "9:56",
        "10:56",
        "11:56",
        "12:56",
        "13:56",
        "14:56",
        "15:56",
        "16:56",
        "17:56",
        "18:56",
        "19:56"
    ],
    "saturday": [
        "7:56",
        "8:56",
        "9:56",
        "10:56",
        "11:56",
        "12:56",
        "13:56",
        "14:56",
        "15:56",
        "16:56",
        "17:56",
        "18:56",
        "19:56"
    ],
    "holiday": [
        "7:56",
        "8:56",
        "9:56",
        "10:56",
        "11:56",
        "12:56",
        "13:56",
        "14:56",
        "15:56",
        "16:56",
        "17:56",
        "18:56",
        "19:56"
    ],
    "url": "https://www.kanachu.co.jp/dia/diagram/timetable01_js/course:0000804257-2/node:00129689/kt:0/lname:/"
}
