{
    "date": "2024/03/16",
    "name": "国士舘大学前",
    "position": "-",
    "system": "町50",
    "destinations": [
        "給水塔前(鶴川団地/町田市)",
        "広袴",
        "鶴川中央公園",
        "センター前(町田市)",
        "鶴川二丁目",
        "鶴川一丁目",
        "能ヶ谷二丁目",
        "鶴川駅",
        "上能ヶ谷",
        "金井入口",
        "金井(町田市)",
        "栗谷",
        "笹子",
        "八幡神社前(町田市)",
        "木倉",
        "藤の台東",
        "藤の台団地",
        "藤の台東",
        "金井小学校入口",
        "ゆうき山",
        "市立博物館前(町田市)",
        "養運寺",
        "菅原神社前(町田市)",
        "体育館前(町田市)",
        "町田郵便局前",
        "中町二丁目",
        "第四小学校前(町田市)",
        "町田市役所市民ホール前",
        "町田バスセンター"
    ],
    "weekday": [
        "10:37",
        "11:37",
        "12:37",
        "13:37",
        "14:37"
    ],
    "saturday": [
        "10:37",
        "11:37",
        "12:37",
        "13:37",
        "14:37"
    ],
    "holiday": [
        "10:37",
        "11:37",
        "12:37",
        "13:37",
        "14:37"
    ],
    "url": "https://www.kanachu.co.jp/dia/diagram/timetable01_js/course:0000803456-3/node:00049322/kt:0/lname:/"
}
