{
    "date": "2024/03/16",
    "name": "笹子",
    "position": "-",
    "system": "町50",
    "destinations": [
        "八幡神社前(町田市)",
        "木倉",
        "藤の台東",
        "藤の台団地",
        "藤の台東",
        "金井小学校入口",
        "ゆうき山",
        "市立博物館前(町田市)",
        "養運寺",
        "菅原神社前(町田市)",
        "体育館前(町田市)",
        "町田郵便局前",
        "中町二丁目",
        "第四小学校前(町田市)",
        "町田市役所市民ホール前",
        "町田バスセンター"
    ],
    "weekday": [
        "11:01",
        "12:01",
        "13:01",
        "14:01",
        "15:01"
    ],
    "saturday": [
        "11:02",
        "12:02",
        "13:02",
        "14:02",
        "15:02"
    ],
    "holiday": [
        "11:02",
        "12:02",
        "13:02",
        "14:02",
        "15:02"
    ],
    "url": "https://www.kanachu.co.jp/dia/diagram/timetable01_js/course:0000803456-16/node:00129454/kt:0/lname:/"
}
