{
    "date": "2024/03/16",
    "name": "藤の台東",
    "position": "-",
    "system": "町50",
    "destinations": [
        "金井小学校入口",
        "ゆうき山",
        "市立博物館前(町田市)",
        "養運寺",
        "菅原神社前(町田市)",
        "体育館前(町田市)",
        "町田郵便局前",
        "中町二丁目",
        "第四小学校前(町田市)",
        "町田市役所市民ホール前",
        "町田バスセンター"
    ],
    "weekday": [
        "11:13",
        "12:13",
        "13:13",
        "14:13",
        "15:13"
    ],
    "saturday": [
        "11:13",
        "12:13",
        "13:13",
        "14:13",
        "15:13"
    ],
    "holiday": [
        "11:13",
        "12:13",
        "13:13",
        "14:13",
        "15:13"
    ],
    "url": "https://www.kanachu.co.jp/dia/diagram/timetable01_js/course:0000803456-21/node:00129450/kt:0/lname:/"
}
