{
    "date": "2024/03/16",
    "name": "養運寺",
    "position": "-",
    "system": "町50",
    "destinations": [
        "菅原神社前(町田市)",
        "体育館前(町田市)",
        "町田郵便局前",
        "中町二丁目",
        "第四小学校前(町田市)",
        "町田市役所市民ホール前",
        "町田バスセンター"
    ],
    "weekday": [
        "11:18",
        "12:18",
        "13:18",
        "14:18",
        "15:18"
    ],
    "saturday": [
        "11:18",
        "12:18",
        "13:18",
        "14:18",
        "15:18"
    ],
    "holiday": [
        "11:18",
        "12:18",
        "13:18",
        "14:18",
        "15:18"
    ],
    "url": "https://www.kanachu.co.jp/dia/diagram/timetable01_js/course:0000803456-25/node:00129447/kt:0/lname:/"
}
