{
    "date": "2024/03/16",
    "name": "菅原神社前(町田市)",
    "position": "-",
    "system": "町50",
    "destinations": [
        "体育館前(町田市)",
        "町田郵便局前",
        "中町二丁目",
        "第四小学校前(町田市)",
        "町田市役所市民ホール前",
        "町田バスセンター"
    ],
    "weekday": [
        "11:21",
        "12:21",
        "13:21",
        "14:21",
        "15:20"
    ],
    "saturday": [
        "11:21",
        "12:21",
        "13:21",
        "14:20",
        "15:20"
    ],
    "holiday": [
        "11:21",
        "12:21",
        "13:21",
        "14:21",
        "15:21"
    ],
    "url": "https://www.kanachu.co.jp/dia/diagram/timetable01_js/course:0000803456-26/node:00129422/kt:0/lname:/"
}
