{
    "date": "2024/03/16",
    "name": "町田市役所市民ホール前",
    "position": "-",
    "system": "町50",
    "destinations": [
        "町田バスセンター"
    ],
    "weekday": [
        "11:28",
        "12:28",
        "13:28",
        "14:28",
        "15:27"
    ],
    "saturday": [
        "11:28",
        "12:28",
        "13:28",
        "14:27",
        "15:27"
    ],
    "holiday": [
        "11:28",
        "12:28",
        "13:28",
        "14:28",
        "15:28"
    ],
    "url": "https://www.kanachu.co.jp/dia/diagram/timetable01_js/course:0000803456-31/node:00129356/kt:0/lname:/"
}
