{
    "date": "2026/01/16",
    "name": "飯島(平塚市)",
    "position": "-",
    "system": "平71",
    "destinations": [
        "片岡(平塚市)",
        "南金目",
        "金目駅",
        "北金目入口",
        "青柳(平塚市)",
        "東海大学正門前",
        "土屋橋",
        "欠ノ上",
        "南平橋",
        "下大槻",
        "秦才橋",
        "なでしこ広場前",
        "室川橋",
        "河原町(秦野市)",
        "台町(秦野市)",
        "片町通り",
        "上宿通り",
        "大川橋(秦野市)",
        "まほろば大橋",
        "秦野駅"
    ],
    "weekday": [
        "6:38",
        "7:19",
        "7:25",
        "7:35",
        "7:57",
        "8:16",
        "8:25",
        "8:50",
        "9:16",
        "9:45",
        "10:15",
        "10:45",
        "11:20",
        "12:00",
        "12:40",
        "13:15",
        "13:45",
        "14:15",
        "14:45",
        "15:15",
        "15:45",
        "16:17",
        "16:48",
        "17:18",
        "17:45",
        "18:21",
        "18:45",
        "19:14",
        "19:35",
        "20:00",
        "20:20",
        "20:43",
        "21:12",
        "21:38",
        "22:18",
        "23:16"
    ],
    "saturday": [
        "6:37",
        "7:52",
        "8:32",
        "9:12",
        "9:52",
        "10:32",
        "11:17",
        "12:04",
        "12:42",
        "13:22",
        "14:04",
        "14:42",
        "15:22",
        "16:04",
        "16:39",
        "17:10",
        "17:42",
        "18:22",
        "19:02",
        "19:38",
        "20:18",
        "21:01",
        "21:48",
        "23:14"
    ],
    "holiday": [
        "6:37",
        "7:52",
        "8:32",
        "9:12",
        "9:52",
        "10:32",
        "11:12",
        "11:59",
        "12:41",
        "13:21",
        "14:03",
        "14:41",
        "15:21",
        "16:03",
        "16:34",
        "17:06",
        "17:39",
        "18:19",
        "18:59",
        "19:39",
        "20:18",
        "21:01",
        "21:48",
        "23:14"
    ],
    "url": "https://www.kanachu.co.jp/dia/diagram/timetable01_js/course:0000804088-16/node:00127734/kt:0/lname:/"
}
