{
    "date": "2026/01/16",
    "name": "南金目",
    "position": "-",
    "system": "平71",
    "destinations": [
        "金目駅",
        "北金目入口",
        "青柳(平塚市)",
        "東海大学正門前",
        "土屋橋",
        "欠ノ上",
        "南平橋",
        "下大槻",
        "秦才橋",
        "なでしこ広場前",
        "室川橋",
        "河原町(秦野市)",
        "台町(秦野市)",
        "片町通り",
        "上宿通り",
        "大川橋(秦野市)",
        "まほろば大橋",
        "秦野駅"
    ],
    "weekday": [
        "6:41",
        "7:22",
        "7:28",
        "7:38",
        "8:00",
        "8:20",
        "8:29",
        "8:54",
        "9:19",
        "9:48",
        "10:18",
        "10:48",
        "11:23",
        "12:03",
        "12:43",
        "13:18",
        "13:48",
        "14:18",
        "14:48",
        "15:18",
        "15:48",
        "16:22",
        "16:53",
        "17:23",
        "17:50",
        "18:26",
        "18:50",
        "19:17",
        "19:38",
        "20:03",
        "20:23",
        "20:46",
        "21:15",
        "21:41",
        "22:21",
        "23:19"
    ],
    "saturday": [
        "6:39",
        "7:54",
        "8:34",
        "9:14",
        "9:54",
        "10:34",
        "11:19",
        "12:06",
        "12:44",
        "13:24",
        "14:06",
        "14:44",
        "15:24",
        "16:07",
        "16:42",
        "17:12",
        "17:44",
        "18:24",
        "19:04",
        "19:40",
        "20:20",
        "21:03",
        "21:50",
        "23:16"
    ],
    "holiday": [
        "6:39",
        "7:54",
        "8:34",
        "9:14",
        "9:54",
        "10:34",
        "11:14",
        "12:01",
        "12:43",
        "13:23",
        "14:05",
        "14:43",
        "15:23",
        "16:05",
        "16:36",
        "17:08",
        "17:41",
        "18:21",
        "19:01",
        "19:41",
        "20:20",
        "21:03",
        "21:50",
        "23:16"
    ],
    "url": "https://www.kanachu.co.jp/dia/diagram/timetable01_js/course:0000804088-18/node:00127732/kt:0/lname:/"
}
