{
    "date": "2026/01/16",
    "name": "東海大学正門前",
    "position": "-",
    "system": "平71",
    "destinations": [
        "土屋橋",
        "欠ノ上",
        "南平橋",
        "下大槻",
        "秦才橋",
        "なでしこ広場前",
        "室川橋",
        "河原町(秦野市)",
        "台町(秦野市)",
        "片町通り",
        "上宿通り",
        "大川橋(秦野市)",
        "まほろば大橋",
        "秦野駅"
    ],
    "weekday": [
        "6:46",
        "7:27",
        "7:33",
        "7:43",
        "8:05",
        "8:25",
        "8:34",
        "8:59",
        "9:24",
        "9:53",
        "10:23",
        "10:53",
        "11:28",
        "12:08",
        "12:48",
        "13:23",
        "13:53",
        "14:23",
        "14:53",
        "15:23",
        "15:53",
        "16:27",
        "16:58",
        "17:28",
        "17:55",
        "18:31",
        "18:55",
        "19:22",
        "19:43",
        "20:08",
        "20:28",
        "20:51",
        "21:20",
        "21:46",
        "22:26",
        "23:24"
    ],
    "saturday": [
        "6:44",
        "7:59",
        "8:39",
        "9:19",
        "9:59",
        "10:39",
        "11:24",
        "12:11",
        "12:49",
        "13:29",
        "14:11",
        "14:49",
        "15:29",
        "16:12",
        "16:47",
        "17:17",
        "17:49",
        "18:29",
        "19:09",
        "19:45",
        "20:25",
        "21:08",
        "21:55",
        "23:21"
    ],
    "holiday": [
        "6:43",
        "7:58",
        "8:39",
        "9:19",
        "9:59",
        "10:39",
        "11:19",
        "12:06",
        "12:48",
        "13:28",
        "14:10",
        "14:48",
        "15:28",
        "16:10",
        "16:41",
        "17:13",
        "17:46",
        "18:26",
        "19:06",
        "19:46",
        "20:25",
        "21:08",
        "21:55",
        "23:21"
    ],
    "url": "https://www.kanachu.co.jp/dia/diagram/timetable01_js/course:0000804088-22/node:00127728/kt:0/lname:/"
}
