{
    "system": "峰03",
    "busstops": [
        {
            "index": "1",
            "id": "00130365",
            "name": "中山車庫",
            "lat": "35.498843",
            "lng": "139.548267"
        },
        {
            "index": "2",
            "id": "00102931",
            "name": "白山高校",
            "lat": "35.498727",
            "lng": "139.54956"
        },
        {
            "index": "3",
            "id": "00102559",
            "name": "さわやか苑前",
            "lat": "35.494721",
            "lng": "139.550719"
        },
        {
            "index": "4",
            "id": "00102675",
            "name": "千丸台団地",
            "lat": "35.491752",
            "lng": "139.551432"
        },
        {
            "index": "5",
            "id": "00102361",
            "name": "金草沢",
            "lat": "35.487617",
            "lng": "139.554356"
        },
        {
            "index": "6",
            "id": "00102259",
            "name": "稲荷通",
            "lat": "35.48575",
            "lng": "139.556569"
        },
        {
            "index": "7",
            "id": "00102208",
            "name": "旭環境センター前",
            "lat": "35.482439",
            "lng": "139.556931"
        },
        {
            "index": "8",
            "id": "00102591",
            "name": "下白根橋",
            "lat": "35.479461",
            "lng": "139.556439"
        },
        {
            "index": "9",
            "id": "00102605",
            "name": "白根不動入口",
            "lat": "35.478936",
            "lng": "139.552625"
        },
        {
            "index": "10",
            "id": "00102606",
            "name": "白根町",
            "lat": "35.478356",
            "lng": "139.548881"
        },
        {
            "index": "11",
            "id": "00102756",
            "name": "鶴ヶ峰駅",
            "lat": "35.476127",
            "lng": "139.547819"
        }
    ],
    "route_url": "https://www.kanachu.co.jp/dia/route/index/cid:0000803674/"
}
