{
    "date": "2025/04/01",
    "name": "淵野辺郵便局前",
    "position": "-",
    "system": "淵23",
    "destinations": [
        "小学校入口(相模原市中央区)",
        "東町(相模原市中央区)",
        "山王平",
        "根岸橋(相模原市中央区)",
        "根岸(根岸町/町田市)",
        "馬駈",
        "図師大橋",
        "図師",
        "並木(町田市)",
        "神学校(町田市)",
        "野津田車庫"
    ],
    "weekday": [
        "7:59",
        "8:51",
        "9:51",
        "16:26",
        "17:26",
        "18:26",
        "19:31"
    ],
    "saturday": [
        "8:51",
        "12:56",
        "17:26",
        "18:26"
    ],
    "holiday": [
        "8:51",
        "12:56",
        "17:26",
        "18:26"
    ],
    "url": "https://www.kanachu.co.jp/dia/diagram/timetable01_js/course:0000803248-3/node:00129309/kt:0/lname:/"
}
