{
    "date": "2025/04/01",
    "name": "馬駈",
    "position": "-",
    "system": "淵23",
    "destinations": [
        "図師大橋",
        "図師",
        "並木(町田市)",
        "神学校(町田市)",
        "野津田車庫"
    ],
    "weekday": [
        "8:09",
        "9:01",
        "10:00",
        "16:35",
        "17:36",
        "18:36",
        "19:40"
    ],
    "saturday": [
        "9:00",
        "13:05",
        "17:35",
        "18:35"
    ],
    "holiday": [
        "9:00",
        "13:05",
        "17:35",
        "18:35"
    ],
    "url": "https://www.kanachu.co.jp/dia/diagram/timetable01_js/course:0000803248-9/node:00129368/kt:0/lname:/"
}
