{
    "date": "2025/08/04",
    "name": "相原中央",
    "position": "-",
    "system": "橋15",
    "destinations": [
        "二本松(相模原市緑区)",
        "森の上",
        "東原宿",
        "原宿(相模原市緑区)",
        "城山総合事務所入口",
        "久保沢",
        "谷ヶ原",
        "都井沢",
        "城山高校前"
    ],
    "weekday": [
        "23:45"
    ],
    "saturday": [
        "23:11"
    ],
    "holiday": [],
    "url": "https://www.kanachu.co.jp/dia/diagram/timetable01_js/course:0000803829-8/node:00128965/kt:0/lname:/"
}
