{
    "date": "2025/08/04",
    "name": "原宿(相模原市緑区)",
    "position": "-",
    "system": "橋15",
    "destinations": [
        "城山総合事務所入口",
        "久保沢",
        "谷ヶ原",
        "都井沢",
        "城山高校前"
    ],
    "weekday": [
        "23:49"
    ],
    "saturday": [
        "23:15"
    ],
    "holiday": [],
    "url": "https://www.kanachu.co.jp/dia/diagram/timetable01_js/course:0000803829-12/node:00128961/kt:0/lname:/"
}
