{
    "date": "2025/07/27",
    "name": "秦野駅",
    "position": "-",
    "system": "秦08",
    "destinations": [
        "大川橋・本町小学校前",
        "市役所前(秦野市)",
        "桜橋(秦野市)",
        "本町中学校前",
        "富士見町入口",
        "富士見橋・警察署入口",
        "浄屋入口",
        "カルチャーパーク前",
        "水無瀬橋(秦野市)",
        "文化会館前(秦野市)",
        "日立南",
        "日立製作所(秦野市)",
        "堀川東",
        "桜土手(秦野市)",
        "堀川小学校前(秦野市)",
        "渋沢駅北口"
    ],
    "weekday": [
        "6:58",
        "7:25",
        "7:43",
        "8:03",
        "8:30",
        "9:03",
        "10:08",
        "11:08",
        "12:08",
        "13:08",
        "14:08",
        "15:08",
        "15:38",
        "16:08",
        "16:38",
        "17:08",
        "17:38",
        "18:08",
        "19:08"
    ],
    "saturday": [
        "7:17",
        "8:10",
        "9:20",
        "10:20",
        "11:30",
        "12:30",
        "13:30",
        "14:30",
        "15:30",
        "16:32"
    ],
    "holiday": [
        "7:17",
        "8:10",
        "9:20",
        "10:20",
        "11:30",
        "12:30",
        "13:30",
        "14:30",
        "15:30",
        "16:32"
    ],
    "url": "https://www.kanachu.co.jp/dia/diagram/timetable01_js/course:0000802739-1/node:00127715/kt:0/lname:/"
}
