{
    "date": "2025/07/27",
    "name": "日立南",
    "position": "-",
    "system": "秦08",
    "destinations": [
        "日立製作所(秦野市)",
        "堀川東",
        "桜土手(秦野市)",
        "堀川小学校前(秦野市)",
        "渋沢駅北口"
    ],
    "weekday": [
        "7:09",
        "7:36",
        "7:54",
        "8:14",
        "8:41",
        "9:13",
        "10:18",
        "11:18",
        "12:18",
        "13:18",
        "14:18",
        "15:18",
        "15:48",
        "16:18",
        "16:48",
        "17:19",
        "17:49",
        "18:19",
        "19:18"
    ],
    "saturday": [
        "7:27",
        "8:20",
        "9:30",
        "10:30",
        "11:40",
        "12:40",
        "13:40",
        "14:40",
        "15:40",
        "16:42"
    ],
    "holiday": [
        "7:27",
        "8:20",
        "9:30",
        "10:30",
        "11:40",
        "12:40",
        "13:40",
        "14:40",
        "15:40",
        "16:42"
    ],
    "url": "https://www.kanachu.co.jp/dia/diagram/timetable01_js/course:0000802739-12/node:00127924/kt:0/lname:/"
}
