{
    "date": "2025/07/27",
    "name": "堀川小学校前(秦野市)",
    "position": "-",
    "system": "秦08",
    "destinations": [
        "渋沢駅北口"
    ],
    "weekday": [
        "7:14",
        "7:41",
        "7:59",
        "8:19",
        "8:46",
        "9:17",
        "10:22",
        "11:22",
        "12:22",
        "13:22",
        "14:22",
        "15:22",
        "15:52",
        "16:22",
        "16:52",
        "17:24",
        "17:54",
        "18:24",
        "19:22"
    ],
    "saturday": [
        "7:31",
        "8:24",
        "9:34",
        "10:34",
        "11:44",
        "12:44",
        "13:44",
        "14:44",
        "15:44",
        "16:46"
    ],
    "holiday": [
        "7:31",
        "8:24",
        "9:34",
        "10:34",
        "11:44",
        "12:44",
        "13:44",
        "14:44",
        "15:44",
        "16:46"
    ],
    "url": "https://www.kanachu.co.jp/dia/diagram/timetable01_js/course:0000802739-16/node:00128008/kt:0/lname:/"
}
