{
    "date": "2025/05/11",
    "name": "栄区役所前",
    "position": "-",
    "system": "本21",
    "destinations": [
        "栄警察署前",
        "天神橋(横浜市栄区)",
        "団地入口(横浜市栄区)",
        "団地下(横浜市栄区)",
        "公田団地"
    ],
    "weekday": [
        "11:41",
        "13:41",
        "15:41"
    ],
    "saturday": [
        "10:11",
        "12:11",
        "14:11"
    ],
    "holiday": [
        "10:11",
        "12:11",
        "14:11"
    ],
    "url": "https://www.kanachu.co.jp/dia/diagram/timetable01_js/course:0000801372-2/node:00126545/kt:0/lname:/"
}
