{
    "date": "2026/01/16",
    "name": "ソニー前(藤沢市)",
    "position": "-",
    "system": "藤21",
    "destinations": [
        "新町三丁目(藤沢市)",
        "新町二丁目(藤沢市)",
        "新町一丁目(藤沢市)",
        "辻堂駅北口",
        "辻堂駅西口",
        "東小和田",
        "小和田小学校",
        "幼稚園前(茅ケ崎市)",
        "菱沼団地入口",
        "菱沼二丁目",
        "松林",
        "松林二丁目",
        "室田一丁目",
        "室田小学校入口",
        "室田",
        "高田三丁目",
        "ニュータウン中央(茅ケ崎市)",
        "ニュータウン入口(茅ケ崎市)",
        "市立病院(茅ケ崎市)",
        "本村五丁目",
        "本村(茅ケ崎市)",
        "茅ヶ崎駅"
    ],
    "weekday": [
        "6:38",
        "7:43",
        "8:22",
        "9:03",
        "9:39",
        "10:54",
        "11:24",
        "12:13",
        "12:44",
        "14:16",
        "15:03",
        "15:36",
        "16:26",
        "17:13",
        "17:57",
        "18:24",
        "19:04",
        "19:57",
        "21:12",
        "22:14"
    ],
    "saturday": [
        "8:28",
        "9:01",
        "9:36",
        "10:13",
        "10:53",
        "11:38",
        "12:21",
        "13:01",
        "13:54",
        "14:37",
        "15:27",
        "16:08",
        "16:55",
        "17:39",
        "18:35",
        "19:13",
        "19:48",
        "20:28"
    ],
    "holiday": [
        "8:28",
        "9:01",
        "9:36",
        "10:13",
        "10:53",
        "11:38",
        "12:21",
        "13:01",
        "13:54",
        "14:37",
        "15:27",
        "16:08",
        "16:55",
        "17:39",
        "18:35",
        "19:13",
        "19:48",
        "20:28"
    ],
    "url": "https://www.kanachu.co.jp/dia/diagram/timetable01_js/course:0000804142-8/node:00127047/kt:0/lname:/"
}
