{
    "date": "2024/07/01",
    "name": "ドリームハイツ",
    "position": "-",
    "system": "船25",
    "destinations": [
        "集会所前(横浜市戸塚区)",
        "俣野公園・横浜薬大前",
        "横浜薬大南門",
        "三叉路(横浜市戸塚区)",
        "横浜医療センター前",
        "原宿四ツ角",
        "庚申塚(横浜市戸塚区)",
        "小雀",
        "神社前(横浜市栄区)",
        "千秀小学校前",
        "青少年センター前(横浜市栄区)",
        "常勝寺(横浜市栄区)",
        "田谷(横浜市栄区)",
        "小蓋山",
        "宮ノ前(横浜市栄区)",
        "長尾台(横浜市栄区)",
        "坂本(鎌倉市)",
        "大船駅西口"
    ],
    "weekday": [
        "6:13",
        "6:44",
        "7:17",
        "7:29",
        "7:59",
        "8:24",
        "9:09",
        "9:39",
        "10:09",
        "10:39",
        "11:09",
        "11:39",
        "12:09",
        "12:42",
        "13:09",
        "13:39",
        "14:09",
        "14:39",
        "15:09",
        "15:40",
        "16:05",
        "16:17",
        "16:53",
        "17:25",
        "18:20",
        "19:20",
        "20:00",
        "21:30"
    ],
    "saturday": [
        "6:20",
        "7:00",
        "7:30",
        "8:00",
        "8:30",
        "9:00",
        "9:30",
        "10:00",
        "10:20",
        "11:00",
        "11:20",
        "12:00",
        "12:20",
        "13:00",
        "13:20",
        "14:00",
        "14:20",
        "15:00",
        "15:20",
        "16:00",
        "16:20",
        "17:00",
        "17:20",
        "18:00",
        "18:20",
        "19:00",
        "19:20",
        "20:20",
        "21:20"
    ],
    "holiday": [
        "6:20",
        "7:00",
        "7:20",
        "8:00",
        "8:20",
        "9:00",
        "9:20",
        "10:00",
        "10:20",
        "11:00",
        "11:20",
        "12:00",
        "12:20",
        "13:00",
        "13:20",
        "14:00",
        "14:20",
        "15:00",
        "15:20",
        "16:00",
        "16:20",
        "17:00",
        "17:20",
        "18:00",
        "18:20",
        "19:00",
        "19:20",
        "20:20",
        "21:20"
    ],
    "url": "https://www.kanachu.co.jp/dia/diagram/timetable01_js/course:0000801057-1/node:00126824/kt:0/lname:/"
}
