{
    "date": "2024/07/01",
    "name": "神社前(横浜市栄区)",
    "position": "-",
    "system": "船25",
    "destinations": [
        "千秀小学校前",
        "青少年センター前(横浜市栄区)",
        "常勝寺(横浜市栄区)",
        "田谷(横浜市栄区)",
        "小蓋山",
        "宮ノ前(横浜市栄区)",
        "長尾台(横浜市栄区)",
        "坂本(鎌倉市)",
        "大船駅西口"
    ],
    "weekday": [
        "6:25",
        "6:56",
        "7:29",
        "7:41",
        "8:11",
        "8:36",
        "9:21",
        "9:51",
        "10:21",
        "10:51",
        "11:21",
        "11:51",
        "12:21",
        "12:54",
        "13:21",
        "13:51",
        "14:21",
        "14:51",
        "15:21",
        "15:52",
        "16:17",
        "16:29",
        "17:05",
        "17:37",
        "18:32",
        "19:32",
        "20:12",
        "21:42"
    ],
    "saturday": [
        "6:32",
        "7:12",
        "7:42",
        "8:12",
        "8:42",
        "9:12",
        "9:42",
        "10:12",
        "10:32",
        "11:12",
        "11:32",
        "12:12",
        "12:32",
        "13:12",
        "13:32",
        "14:12",
        "14:32",
        "15:12",
        "15:32",
        "16:12",
        "16:32",
        "17:12",
        "17:32",
        "18:12",
        "18:32",
        "19:12",
        "19:32",
        "20:32",
        "21:32"
    ],
    "holiday": [
        "6:32",
        "7:12",
        "7:32",
        "8:12",
        "8:32",
        "9:12",
        "9:32",
        "10:12",
        "10:32",
        "11:12",
        "11:32",
        "12:12",
        "12:32",
        "13:12",
        "13:32",
        "14:12",
        "14:32",
        "15:12",
        "15:32",
        "16:12",
        "16:32",
        "17:12",
        "17:32",
        "18:12",
        "18:32",
        "19:12",
        "19:32",
        "20:32",
        "21:32"
    ],
    "url": "https://www.kanachu.co.jp/dia/diagram/timetable01_js/course:0000801057-10/node:00126924/kt:0/lname:/"
}
