{
    "date": "2024/07/01",
    "name": "常勝寺(横浜市栄区)",
    "position": "-",
    "system": "船25",
    "destinations": [
        "田谷(横浜市栄区)",
        "小蓋山",
        "宮ノ前(横浜市栄区)",
        "長尾台(横浜市栄区)",
        "坂本(鎌倉市)",
        "大船駅西口"
    ],
    "weekday": [
        "6:28",
        "6:59",
        "7:32",
        "7:44",
        "8:14",
        "8:39",
        "9:24",
        "9:54",
        "10:24",
        "10:54",
        "11:24",
        "11:54",
        "12:24",
        "12:57",
        "13:24",
        "13:54",
        "14:24",
        "14:54",
        "15:24",
        "15:55",
        "16:20",
        "16:32",
        "17:08",
        "17:40",
        "18:35",
        "19:35",
        "20:15",
        "21:45"
    ],
    "saturday": [
        "6:35",
        "7:15",
        "7:45",
        "8:15",
        "8:45",
        "9:15",
        "9:45",
        "10:15",
        "10:35",
        "11:15",
        "11:35",
        "12:15",
        "12:35",
        "13:15",
        "13:35",
        "14:15",
        "14:35",
        "15:15",
        "15:35",
        "16:15",
        "16:35",
        "17:15",
        "17:35",
        "18:15",
        "18:35",
        "19:15",
        "19:35",
        "20:35",
        "21:35"
    ],
    "holiday": [
        "6:35",
        "7:15",
        "7:35",
        "8:15",
        "8:35",
        "9:15",
        "9:35",
        "10:15",
        "10:35",
        "11:15",
        "11:35",
        "12:15",
        "12:35",
        "13:15",
        "13:35",
        "14:15",
        "14:35",
        "15:15",
        "15:35",
        "16:15",
        "16:35",
        "17:15",
        "17:35",
        "18:15",
        "18:35",
        "19:15",
        "19:35",
        "20:35",
        "21:35"
    ],
    "url": "https://www.kanachu.co.jp/dia/diagram/timetable01_js/course:0000801057-13/node:00126921/kt:0/lname:/"
}
