{
    "date": "2024/07/01",
    "name": "坂本(鎌倉市)",
    "position": "-",
    "system": "船25",
    "destinations": [
        "大船駅西口"
    ],
    "weekday": [
        "6:33",
        "7:04",
        "7:37",
        "7:49",
        "8:19",
        "8:44",
        "9:29",
        "9:59",
        "10:29",
        "10:59",
        "11:29",
        "11:59",
        "12:29",
        "13:02",
        "13:29",
        "13:59",
        "14:29",
        "14:59",
        "15:29",
        "16:00",
        "16:25",
        "16:37",
        "17:13",
        "17:45",
        "18:40",
        "19:40",
        "20:20",
        "21:50"
    ],
    "saturday": [
        "6:40",
        "7:20",
        "7:50",
        "8:20",
        "8:50",
        "9:20",
        "9:50",
        "10:20",
        "10:40",
        "11:20",
        "11:40",
        "12:20",
        "12:40",
        "13:20",
        "13:40",
        "14:20",
        "14:40",
        "15:20",
        "15:40",
        "16:20",
        "16:40",
        "17:20",
        "17:40",
        "18:20",
        "18:40",
        "19:20",
        "19:40",
        "20:40",
        "21:40"
    ],
    "holiday": [
        "6:40",
        "7:20",
        "7:40",
        "8:20",
        "8:40",
        "9:20",
        "9:40",
        "10:20",
        "10:40",
        "11:20",
        "11:40",
        "12:20",
        "12:40",
        "13:20",
        "13:40",
        "14:20",
        "14:40",
        "15:20",
        "15:40",
        "16:20",
        "16:40",
        "17:20",
        "17:40",
        "18:20",
        "18:40",
        "19:20",
        "19:40",
        "20:40",
        "21:40"
    ],
    "url": "https://www.kanachu.co.jp/dia/diagram/timetable01_js/course:0000801057-18/node:00126854/kt:0/lname:/"
}
