{
    "system": "船25",
    "busstops": [
        {
            "index": "1",
            "id": "00126824",
            "name": "ドリームハイツ",
            "lat": "35.389048",
            "lng": "139.490668"
        },
        {
            "index": "2",
            "id": "00126823",
            "name": "集会所前(横浜市戸塚区)",
            "lat": "35.388132",
            "lng": "139.493551"
        },
        {
            "index": "3",
            "id": "00126822",
            "name": "俣野公園・横浜薬大前",
            "lat": "35.385271",
            "lng": "139.494877"
        },
        {
            "index": "4",
            "id": "00126821",
            "name": "横浜薬大南門",
            "lat": "35.383182",
            "lng": "139.497663"
        },
        {
            "index": "5",
            "id": "00126820",
            "name": "三叉路(横浜市戸塚区)",
            "lat": "35.381403",
            "lng": "139.502805"
        },
        {
            "index": "6",
            "id": "00126819",
            "name": "横浜医療センター前",
            "lat": "35.37888",
            "lng": "139.504758"
        },
        {
            "index": "7",
            "id": "00126927",
            "name": "原宿四ツ角",
            "lat": "35.3763",
            "lng": "139.506053"
        },
        {
            "index": "8",
            "id": "00126926",
            "name": "庚申塚(横浜市戸塚区)",
            "lat": "35.374288",
            "lng": "139.510938"
        },
        {
            "index": "9",
            "id": "00126925",
            "name": "小雀",
            "lat": "35.374611",
            "lng": "139.514383"
        },
        {
            "index": "10",
            "id": "00126924",
            "name": "神社前(横浜市栄区)",
            "lat": "35.372991",
            "lng": "139.516658"
        },
        {
            "index": "11",
            "id": "00126923",
            "name": "千秀小学校前",
            "lat": "35.371134",
            "lng": "139.519332"
        },
        {
            "index": "12",
            "id": "00126922",
            "name": "青少年センター前(横浜市栄区)",
            "lat": "35.369508",
            "lng": "139.519078"
        },
        {
            "index": "13",
            "id": "00126921",
            "name": "常勝寺(横浜市栄区)",
            "lat": "35.367124",
            "lng": "139.518933"
        },
        {
            "index": "14",
            "id": "00126850",
            "name": "田谷(横浜市栄区)",
            "lat": "35.364615",
            "lng": "139.522155"
        },
        {
            "index": "15",
            "id": "00126851",
            "name": "小蓋山",
            "lat": "35.363886",
            "lng": "139.525719"
        },
        {
            "index": "16",
            "id": "00126852",
            "name": "宮ノ前(横浜市栄区)",
            "lat": "35.362286",
            "lng": "139.528654"
        },
        {
            "index": "17",
            "id": "00126853",
            "name": "長尾台(横浜市栄区)",
            "lat": "35.360104",
            "lng": "139.528719"
        },
        {
            "index": "18",
            "id": "00126854",
            "name": "坂本(鎌倉市)",
            "lat": "35.35606",
            "lng": "139.530106"
        },
        {
            "index": "19",
            "id": "00126855",
            "name": "大船駅西口",
            "lat": "35.352543",
            "lng": "139.530136"
        }
    ],
    "route_url": "https://www.kanachu.co.jp/dia/route/index/cid:0000801057/"
}
