{
    "date": "2023/02/18",
    "name": "上愛甲",
    "position": "-",
    "system": "愛19",
    "destinations": [
        "愛甲郵便局前",
        "聖木",
        "籠堰橋",
        "広町橋",
        "小野宮前",
        "小野橋(厚木市)",
        "榎田",
        "若宮橋(厚木市)",
        "通信研究所前(厚木市)",
        "日産先進技術開発センター"
    ],
    "weekday": [
        "8:09",
        "8:23"
    ],
    "saturday": [],
    "holiday": [],
    "url": "https://www.kanachu.co.jp/dia/diagram/timetable01_js/course:0000800789-5/node:00128527/kt:0/lname:/"
}
