{
    "date": "2026/01/16",
    "name": "楠町",
    "position": "-",
    "system": "05",
    "destinations": [
        "浅間下(横浜市西区)",
        "浅岡橋",
        "浅間町車庫前",
        "洪福寺",
        "宮田町(横浜市保土ケ谷区)",
        "峯小学校前",
        "峰岡町",
        "常盤園下",
        "和田町(横浜市保土ケ谷区)",
        "保土ヶ谷中学校前",
        "上星川",
        "杉山神社前(横浜市保土ケ谷区)",
        "川島町(横浜市保土ケ谷区)",
        "西谷妙福寺前",
        "梅の木(横浜市保土ケ谷区)",
        "西谷駅前",
        "西谷(横浜市旭区)",
        "下白根橋",
        "白根不動入口",
        "白根町",
        "鶴ヶ峰駅",
        "鶴ヶ峰本町",
        "薬王寺入口",
        "鶴ヶ峰中学校前",
        "今宿小学校入口",
        "今宿(横浜市旭区)",
        "筑池",
        "農協前(横浜市旭区)",
        "都岡町",
        "下宿(横浜市旭区)",
        "川井宿",
        "福泉寺前(横浜市旭区)",
        "宮の下(横浜市旭区)",
        "長源寺前(横浜市旭区)",
        "上川井町",
        "大貫橋",
        "若葉台南",
        "若葉台近隣公園前",
        "若葉台中学校前",
        "霧が丘高校前",
        "若葉台車庫前",
        "若葉台中央(横浜市旭区)"
    ],
    "weekday": [
        "7:11",
        "7:48",
        "8:49",
        "9:48",
        "10:51",
        "11:56",
        "12:56",
        "13:56",
        "14:56",
        "15:56",
        "16:53",
        "17:51",
        "18:51",
        "20:07",
        "21:08",
        "21:56",
        "22:57"
    ],
    "saturday": [
        "6:46",
        "7:40",
        "8:32",
        "9:16",
        "9:41",
        "10:41",
        "11:43",
        "12:41",
        "13:43",
        "14:43",
        "15:43",
        "16:40",
        "17:38",
        "18:38",
        "19:46",
        "20:33",
        "21:13",
        "21:53"
    ],
    "holiday": [
        "7:03",
        "9:01",
        "9:41",
        "10:41",
        "11:41",
        "12:43",
        "13:43",
        "14:43",
        "15:43",
        "16:40",
        "17:38",
        "18:36",
        "19:46",
        "20:33",
        "21:13",
        "21:53"
    ],
    "url": "https://www.kanachu.co.jp/dia/diagram/timetable01_js/course:0000804016-3/node:00102459/kt:0/lname:/"
}
