{
    "date": "2026/01/16",
    "name": "杉山神社前(横浜市保土ケ谷区)",
    "position": "-",
    "system": "05",
    "destinations": [
        "川島町(横浜市保土ケ谷区)",
        "西谷妙福寺前",
        "梅の木(横浜市保土ケ谷区)",
        "西谷駅前",
        "西谷(横浜市旭区)",
        "下白根橋",
        "白根不動入口",
        "白根町",
        "鶴ヶ峰駅",
        "鶴ヶ峰本町",
        "薬王寺入口",
        "鶴ヶ峰中学校前",
        "今宿小学校入口",
        "今宿(横浜市旭区)",
        "筑池",
        "農協前(横浜市旭区)",
        "都岡町",
        "下宿(横浜市旭区)",
        "川井宿",
        "福泉寺前(横浜市旭区)",
        "宮の下(横浜市旭区)",
        "長源寺前(横浜市旭区)",
        "上川井町",
        "大貫橋",
        "若葉台南",
        "若葉台近隣公園前",
        "若葉台中学校前",
        "霧が丘高校前",
        "若葉台車庫前",
        "若葉台中央(横浜市旭区)"
    ],
    "weekday": [
        "7:27",
        "8:04",
        "9:05",
        "10:04",
        "11:07",
        "12:12",
        "13:12",
        "14:12",
        "15:12",
        "16:12",
        "17:09",
        "18:07",
        "19:07",
        "20:23",
        "21:24",
        "22:12",
        "23:13"
    ],
    "saturday": [
        "7:02",
        "7:56",
        "8:48",
        "9:32",
        "9:57",
        "10:57",
        "11:59",
        "12:57",
        "13:59",
        "14:59",
        "15:59",
        "16:56",
        "17:54",
        "18:54",
        "20:02",
        "20:49",
        "21:29",
        "22:09"
    ],
    "holiday": [
        "7:19",
        "9:17",
        "9:57",
        "10:57",
        "11:57",
        "12:59",
        "13:59",
        "14:59",
        "15:59",
        "16:56",
        "17:54",
        "18:52",
        "20:02",
        "20:49",
        "21:29",
        "22:09"
    ],
    "url": "https://www.kanachu.co.jp/dia/diagram/timetable01_js/course:0000804016-15/node:00102655/kt:0/lname:/"
}
