{
    "date": "2026/01/16",
    "name": "川島町(横浜市保土ケ谷区)",
    "position": "-",
    "system": "05",
    "destinations": [
        "西谷妙福寺前",
        "梅の木(横浜市保土ケ谷区)",
        "西谷駅前",
        "西谷(横浜市旭区)",
        "下白根橋",
        "白根不動入口",
        "白根町",
        "鶴ヶ峰駅",
        "鶴ヶ峰本町",
        "薬王寺入口",
        "鶴ヶ峰中学校前",
        "今宿小学校入口",
        "今宿(横浜市旭区)",
        "筑池",
        "農協前(横浜市旭区)",
        "都岡町",
        "下宿(横浜市旭区)",
        "川井宿",
        "福泉寺前(横浜市旭区)",
        "宮の下(横浜市旭区)",
        "長源寺前(横浜市旭区)",
        "上川井町",
        "大貫橋",
        "若葉台南",
        "若葉台近隣公園前",
        "若葉台中学校前",
        "霧が丘高校前",
        "若葉台車庫前",
        "若葉台中央(横浜市旭区)"
    ],
    "weekday": [
        "7:28",
        "8:05",
        "9:06",
        "10:05",
        "11:08",
        "12:13",
        "13:13",
        "14:13",
        "15:13",
        "16:13",
        "17:10",
        "18:08",
        "19:08",
        "20:24",
        "21:25",
        "22:13",
        "23:14"
    ],
    "saturday": [
        "7:03",
        "7:57",
        "8:49",
        "9:33",
        "9:58",
        "10:58",
        "12:00",
        "12:58",
        "14:00",
        "15:00",
        "16:00",
        "16:57",
        "17:55",
        "18:55",
        "20:03",
        "20:50",
        "21:30",
        "22:10"
    ],
    "holiday": [
        "7:20",
        "9:18",
        "9:58",
        "10:58",
        "11:58",
        "13:00",
        "14:00",
        "15:00",
        "16:00",
        "16:57",
        "17:55",
        "18:53",
        "20:03",
        "20:50",
        "21:30",
        "22:10"
    ],
    "url": "https://www.kanachu.co.jp/dia/diagram/timetable01_js/course:0000804016-16/node:00102379/kt:0/lname:/"
}
