{
    "date": "2026/01/16",
    "name": "白根不動入口",
    "position": "-",
    "system": "05",
    "destinations": [
        "白根町",
        "鶴ヶ峰駅",
        "鶴ヶ峰本町",
        "薬王寺入口",
        "鶴ヶ峰中学校前",
        "今宿小学校入口",
        "今宿(横浜市旭区)",
        "筑池",
        "農協前(横浜市旭区)",
        "都岡町",
        "下宿(横浜市旭区)",
        "川井宿",
        "福泉寺前(横浜市旭区)",
        "宮の下(横浜市旭区)",
        "長源寺前(横浜市旭区)",
        "上川井町",
        "大貫橋",
        "若葉台南",
        "若葉台近隣公園前",
        "若葉台中学校前",
        "霧が丘高校前",
        "若葉台車庫前",
        "若葉台中央(横浜市旭区)"
    ],
    "weekday": [
        "7:37",
        "8:14",
        "9:15",
        "10:14",
        "11:17",
        "12:22",
        "13:22",
        "14:22",
        "15:22",
        "16:22",
        "17:19",
        "18:17",
        "19:17",
        "20:31",
        "21:32",
        "22:20",
        "23:21"
    ],
    "saturday": [
        "7:10",
        "8:04",
        "8:56",
        "9:42",
        "10:07",
        "11:07",
        "12:09",
        "13:07",
        "14:09",
        "15:09",
        "16:09",
        "17:06",
        "18:04",
        "19:04",
        "20:10",
        "20:57",
        "21:37",
        "22:17"
    ],
    "holiday": [
        "7:27",
        "9:27",
        "10:07",
        "11:07",
        "12:07",
        "13:09",
        "14:09",
        "15:09",
        "16:09",
        "17:06",
        "18:04",
        "19:02",
        "20:10",
        "20:57",
        "21:37",
        "22:17"
    ],
    "url": "https://www.kanachu.co.jp/dia/diagram/timetable01_js/course:0000804016-22/node:00102605/kt:0/lname:/"
}
