{
    "date": "2026/01/16",
    "name": "鶴ヶ峰本町",
    "position": "-",
    "system": "05",
    "destinations": [
        "薬王寺入口",
        "鶴ヶ峰中学校前",
        "今宿小学校入口",
        "今宿(横浜市旭区)",
        "筑池",
        "農協前(横浜市旭区)",
        "都岡町",
        "下宿(横浜市旭区)",
        "川井宿",
        "福泉寺前(横浜市旭区)",
        "宮の下(横浜市旭区)",
        "長源寺前(横浜市旭区)",
        "上川井町",
        "大貫橋",
        "若葉台南",
        "若葉台近隣公園前",
        "若葉台中学校前",
        "霧が丘高校前",
        "若葉台車庫前",
        "若葉台中央(横浜市旭区)"
    ],
    "weekday": [
        "7:46",
        "8:23",
        "9:24",
        "10:23",
        "11:26",
        "12:31",
        "13:31",
        "14:31",
        "15:31",
        "16:31",
        "17:31",
        "18:31",
        "19:31",
        "20:37",
        "21:38",
        "22:26",
        "23:27"
    ],
    "saturday": [
        "7:15",
        "8:09",
        "9:01",
        "9:51",
        "10:16",
        "11:16",
        "12:18",
        "13:16",
        "14:18",
        "15:18",
        "16:18",
        "17:18",
        "18:18",
        "19:18",
        "20:16",
        "21:03",
        "21:43",
        "22:23"
    ],
    "holiday": [
        "7:32",
        "9:36",
        "10:16",
        "11:16",
        "12:16",
        "13:18",
        "14:18",
        "15:18",
        "16:18",
        "17:18",
        "18:18",
        "19:16",
        "20:16",
        "21:03",
        "21:43",
        "22:23"
    ],
    "url": "https://www.kanachu.co.jp/dia/diagram/timetable01_js/course:0000804016-25/node:00129720/kt:0/lname:/"
}
