{
    "date": "2026/01/16",
    "name": "農協前(横浜市旭区)",
    "position": "-",
    "system": "05",
    "destinations": [
        "都岡町",
        "下宿(横浜市旭区)",
        "川井宿",
        "福泉寺前(横浜市旭区)",
        "宮の下(横浜市旭区)",
        "長源寺前(横浜市旭区)",
        "上川井町",
        "大貫橋",
        "若葉台南",
        "若葉台近隣公園前",
        "若葉台中学校前",
        "霧が丘高校前",
        "若葉台車庫前",
        "若葉台中央(横浜市旭区)"
    ],
    "weekday": [
        "7:53",
        "8:30",
        "9:31",
        "10:30",
        "11:33",
        "12:38",
        "13:38",
        "14:38",
        "15:38",
        "16:38",
        "17:38",
        "18:38",
        "19:38",
        "20:44",
        "21:45",
        "22:33",
        "23:34"
    ],
    "saturday": [
        "7:22",
        "8:16",
        "9:08",
        "9:58",
        "10:23",
        "11:23",
        "12:25",
        "13:23",
        "14:25",
        "15:25",
        "16:25",
        "17:25",
        "18:25",
        "19:25",
        "20:23",
        "21:10",
        "21:50",
        "22:30"
    ],
    "holiday": [
        "7:39",
        "9:43",
        "10:23",
        "11:23",
        "12:23",
        "13:25",
        "14:25",
        "15:25",
        "16:25",
        "17:25",
        "18:25",
        "19:23",
        "20:23",
        "21:10",
        "21:50",
        "22:30"
    ],
    "url": "https://www.kanachu.co.jp/dia/diagram/timetable01_js/course:0000804016-31/node:00129714/kt:0/lname:/"
}
