{
    "date": "2026/01/16",
    "name": "若葉台中学校前",
    "position": "-",
    "system": "05",
    "destinations": [
        "霧が丘高校前",
        "若葉台車庫前",
        "若葉台中央(横浜市旭区)"
    ],
    "weekday": [
        "8:05",
        "8:42",
        "9:43",
        "10:42",
        "11:45",
        "12:50",
        "13:50",
        "14:50",
        "15:50",
        "16:50",
        "17:50",
        "18:50",
        "19:50",
        "20:56",
        "21:57",
        "22:45",
        "23:46"
    ],
    "saturday": [
        "7:34",
        "8:28",
        "9:20",
        "10:10",
        "10:35",
        "11:35",
        "12:37",
        "13:35",
        "14:37",
        "15:37",
        "16:37",
        "17:37",
        "18:37",
        "19:37",
        "20:35",
        "21:22",
        "22:02",
        "22:42"
    ],
    "holiday": [
        "7:51",
        "9:55",
        "10:35",
        "11:35",
        "12:35",
        "13:37",
        "14:37",
        "15:37",
        "16:37",
        "17:37",
        "18:37",
        "19:35",
        "20:35",
        "21:22",
        "22:02",
        "22:42"
    ],
    "url": "https://www.kanachu.co.jp/dia/diagram/timetable01_js/course:0000804016-42/node:00103267/kt:0/lname:/"
}
