{
    "system": "05",
    "busstops": [
        {
            "index": "1",
            "id": "00042735",
            "name": "横浜駅西口",
            "lat": "35.466747",
            "lng": "139.621233"
        },
        {
            "index": "2",
            "id": "00019685",
            "name": "鶴屋町三丁目",
            "lat": "35.468893",
            "lng": "139.617875"
        },
        {
            "index": "3",
            "id": "00102459",
            "name": "楠町",
            "lat": "35.467852",
            "lng": "139.614155"
        },
        {
            "index": "4",
            "id": "00102673",
            "name": "浅間下(横浜市西区)",
            "lat": "35.463991",
            "lng": "139.611025"
        },
        {
            "index": "5",
            "id": "00102205",
            "name": "浅岡橋",
            "lat": "35.462936",
            "lng": "139.610142"
        },
        {
            "index": "6",
            "id": "00102672",
            "name": "浅間町車庫前",
            "lat": "35.459918",
            "lng": "139.608157"
        },
        {
            "index": "7",
            "id": "00102504",
            "name": "洪福寺",
            "lat": "35.457143",
            "lng": "139.604681"
        },
        {
            "index": "8",
            "id": "00103140",
            "name": "宮田町(横浜市保土ケ谷区)",
            "lat": "35.458229",
            "lng": "139.601663"
        },
        {
            "index": "9",
            "id": "00103135",
            "name": "峯小学校前",
            "lat": "35.460338",
            "lng": "139.597855"
        },
        {
            "index": "10",
            "id": "00103136",
            "name": "峰岡町",
            "lat": "35.46209",
            "lng": "139.594578"
        },
        {
            "index": "11",
            "id": "00102799",
            "name": "常盤園下",
            "lat": "35.463583",
            "lng": "139.591666"
        },
        {
            "index": "12",
            "id": "00103260",
            "name": "和田町(横浜市保土ケ谷区)",
            "lat": "35.464829",
            "lng": "139.589371"
        },
        {
            "index": "13",
            "id": "00103040",
            "name": "保土ヶ谷中学校前",
            "lat": "35.465869",
            "lng": "139.58312"
        },
        {
            "index": "14",
            "id": "00102369",
            "name": "上星川",
            "lat": "35.468141",
            "lng": "139.579957"
        },
        {
            "index": "15",
            "id": "00102655",
            "name": "杉山神社前(横浜市保土ケ谷区)",
            "lat": "35.471496",
            "lng": "139.576014"
        },
        {
            "index": "16",
            "id": "00102379",
            "name": "川島町(横浜市保土ケ谷区)",
            "lat": "35.472691",
            "lng": "139.575054"
        },
        {
            "index": "17",
            "id": "00102885",
            "name": "西谷妙福寺前",
            "lat": "35.476335",
            "lng": "139.571666"
        },
        {
            "index": "18",
            "id": "00102279",
            "name": "梅の木(横浜市保土ケ谷区)",
            "lat": "35.477893",
            "lng": "139.569141"
        },
        {
            "index": "19",
            "id": "00102883",
            "name": "西谷駅前",
            "lat": "35.478387",
            "lng": "139.566251"
        },
        {
            "index": "20",
            "id": "00102884",
            "name": "西谷(横浜市旭区)",
            "lat": "35.478886",
            "lng": "139.560219"
        },
        {
            "index": "21",
            "id": "00102591",
            "name": "下白根橋",
            "lat": "35.479461",
            "lng": "139.556439"
        },
        {
            "index": "22",
            "id": "00102605",
            "name": "白根不動入口",
            "lat": "35.478936",
            "lng": "139.552625"
        },
        {
            "index": "23",
            "id": "00102606",
            "name": "白根町",
            "lat": "35.478356",
            "lng": "139.548881"
        },
        {
            "index": "24",
            "id": "00102756",
            "name": "鶴ヶ峰駅",
            "lat": "35.476127",
            "lng": "139.547819"
        },
        {
            "index": "25",
            "id": "00129720",
            "name": "鶴ヶ峰本町",
            "lat": "35.476406",
            "lng": "139.543471"
        },
        {
            "index": "26",
            "id": "00129719",
            "name": "薬王寺入口",
            "lat": "35.477422",
            "lng": "139.540644"
        },
        {
            "index": "27",
            "id": "00129718",
            "name": "鶴ヶ峰中学校前",
            "lat": "35.479164",
            "lng": "139.537248"
        },
        {
            "index": "28",
            "id": "00129717",
            "name": "今宿小学校入口",
            "lat": "35.481522",
            "lng": "139.532777"
        },
        {
            "index": "29",
            "id": "00129716",
            "name": "今宿(横浜市旭区)",
            "lat": "35.482589",
            "lng": "139.530439"
        },
        {
            "index": "30",
            "id": "00129715",
            "name": "筑池",
            "lat": "35.484144",
            "lng": "139.524902"
        },
        {
            "index": "31",
            "id": "00129714",
            "name": "農協前(横浜市旭区)",
            "lat": "35.485212",
            "lng": "139.523381"
        },
        {
            "index": "32",
            "id": "00129713",
            "name": "都岡町",
            "lat": "35.48654",
            "lng": "139.521512"
        },
        {
            "index": "33",
            "id": "00129712",
            "name": "下宿(横浜市旭区)",
            "lat": "35.488214",
            "lng": "139.519301"
        },
        {
            "index": "34",
            "id": "00129711",
            "name": "川井宿",
            "lat": "35.489686",
            "lng": "139.516608"
        },
        {
            "index": "35",
            "id": "00129710",
            "name": "福泉寺前(横浜市旭区)",
            "lat": "35.492072",
            "lng": "139.512296"
        },
        {
            "index": "36",
            "id": "00129709",
            "name": "宮の下(横浜市旭区)",
            "lat": "35.494053",
            "lng": "139.508462"
        },
        {
            "index": "37",
            "id": "00129708",
            "name": "長源寺前(横浜市旭区)",
            "lat": "35.495673",
            "lng": "139.505141"
        },
        {
            "index": "38",
            "id": "00129707",
            "name": "上川井町",
            "lat": "35.496981",
            "lng": "139.502149"
        },
        {
            "index": "39",
            "id": "00129706",
            "name": "大貫橋",
            "lat": "35.498217",
            "lng": "139.500015"
        },
        {
            "index": "40",
            "id": "00103262",
            "name": "若葉台南",
            "lat": "35.501503",
            "lng": "139.501237"
        },
        {
            "index": "41",
            "id": "00103263",
            "name": "若葉台近隣公園前",
            "lat": "35.502957",
            "lng": "139.503976"
        },
        {
            "index": "42",
            "id": "00103267",
            "name": "若葉台中学校前",
            "lat": "35.50609",
            "lng": "139.503247"
        },
        {
            "index": "43",
            "id": "00019298",
            "name": "霧が丘高校前",
            "lat": "35.508928",
            "lng": "139.502331"
        },
        {
            "index": "44",
            "id": "00019297",
            "name": "若葉台車庫前",
            "lat": "35.508924",
            "lng": "139.499984"
        },
        {
            "index": "45",
            "id": "00019296",
            "name": "若葉台中央(横浜市旭区)",
            "lat": "35.506416",
            "lng": "139.498962"
        }
    ],
    "route_url": "https://www.kanachu.co.jp/dia/route/index/cid:0000804016/"
}
