{
    "date": "2025/11/16",
    "name": "平塚駅北口",
    "position": "-",
    "system": "平28",
    "destinations": [
        "四ツ角(平塚市)",
        "明石町一丁目",
        "明石町(平塚市)",
        "明石町四丁目",
        "見附町",
        "大鳥公園前(平塚市)",
        "桧扇町",
        "柳町入口",
        "中里(平塚市)",
        "貴峯荘前",
        "平塚農商高校",
        "上平塚",
        "神明下",
        "山下団地入口",
        "南河内(平塚市)",
        "高村団地入口",
        "坂間",
        "大町(平塚市)",
        "日向岡入口",
        "日向岡二丁目",
        "日向岡一丁目",
        "湘南日向岡"
    ],
    "weekday": [
        "6:33",
        "7:33",
        "8:03",
        "8:33",
        "9:03",
        "9:33",
        "10:03",
        "10:33",
        "11:03",
        "11:33",
        "12:03",
        "12:33",
        "13:03",
        "13:33",
        "14:03",
        "14:33",
        "15:03",
        "15:33",
        "16:03",
        "16:33",
        "17:03",
        "17:33",
        "18:03",
        "18:23",
        "18:43",
        "19:03",
        "19:23",
        "19:43",
        "20:03",
        "20:33",
        "21:03",
        "21:33",
        "22:33"
    ],
    "saturday": [
        "7:30",
        "8:30",
        "9:00",
        "9:40",
        "10:20",
        "11:00",
        "11:40",
        "12:20",
        "13:00",
        "13:40",
        "14:20",
        "15:00",
        "15:40",
        "16:20",
        "17:00",
        "17:40",
        "18:20",
        "19:00",
        "19:40",
        "20:20",
        "21:00",
        "21:30",
        "22:00"
    ],
    "holiday": [
        "7:30",
        "8:30",
        "9:00",
        "9:40",
        "10:20",
        "11:00",
        "11:40",
        "12:20",
        "13:00",
        "13:40",
        "14:20",
        "15:00",
        "15:40",
        "16:20",
        "17:00",
        "17:40",
        "18:20",
        "19:00",
        "19:40",
        "20:20",
        "21:00",
        "21:30",
        "22:00"
    ],
    "url": "https://www.kanachu.co.jp/dia/diagram/timetable01_js/course:0000803538-1/node:00127464/kt:0/lname:/"
}
