{
    "date": "2025/11/16",
    "name": "明石町四丁目",
    "position": "-",
    "system": "平28",
    "destinations": [
        "見附町",
        "大鳥公園前(平塚市)",
        "桧扇町",
        "柳町入口",
        "中里(平塚市)",
        "貴峯荘前",
        "平塚農商高校",
        "上平塚",
        "神明下",
        "山下団地入口",
        "南河内(平塚市)",
        "高村団地入口",
        "坂間",
        "大町(平塚市)",
        "日向岡入口",
        "日向岡二丁目",
        "日向岡一丁目",
        "湘南日向岡"
    ],
    "weekday": [
        "6:36",
        "7:36",
        "8:06",
        "8:36",
        "9:06",
        "9:36",
        "10:06",
        "10:36",
        "11:06",
        "11:36",
        "12:06",
        "12:36",
        "13:06",
        "13:36",
        "14:06",
        "14:36",
        "15:06",
        "15:36",
        "16:06",
        "16:36",
        "17:06",
        "17:36",
        "18:06",
        "18:26",
        "18:46",
        "19:06",
        "19:26",
        "19:46",
        "20:06",
        "20:36",
        "21:06",
        "21:36",
        "22:36"
    ],
    "saturday": [
        "7:33",
        "8:33",
        "9:03",
        "9:43",
        "10:23",
        "11:03",
        "11:43",
        "12:23",
        "13:03",
        "13:43",
        "14:23",
        "15:03",
        "15:43",
        "16:23",
        "17:03",
        "17:43",
        "18:23",
        "19:03",
        "19:43",
        "20:23",
        "21:03",
        "21:33",
        "22:03"
    ],
    "holiday": [
        "7:33",
        "8:33",
        "9:03",
        "9:43",
        "10:23",
        "11:03",
        "11:43",
        "12:23",
        "13:03",
        "13:43",
        "14:23",
        "15:03",
        "15:43",
        "16:23",
        "17:03",
        "17:43",
        "18:23",
        "19:03",
        "19:43",
        "20:23",
        "21:03",
        "21:33",
        "22:03"
    ],
    "url": "https://www.kanachu.co.jp/dia/diagram/timetable01_js/course:0000803538-5/node:00127459/kt:0/lname:/"
}
