{
    "date": "2025/11/16",
    "name": "柳町入口",
    "position": "-",
    "system": "平28",
    "destinations": [
        "中里(平塚市)",
        "貴峯荘前",
        "平塚農商高校",
        "上平塚",
        "神明下",
        "山下団地入口",
        "南河内(平塚市)",
        "高村団地入口",
        "坂間",
        "大町(平塚市)",
        "日向岡入口",
        "日向岡二丁目",
        "日向岡一丁目",
        "湘南日向岡"
    ],
    "weekday": [
        "6:40",
        "7:40",
        "8:10",
        "8:40",
        "9:10",
        "9:40",
        "10:10",
        "10:40",
        "11:10",
        "11:40",
        "12:10",
        "12:40",
        "13:10",
        "13:40",
        "14:10",
        "14:40",
        "15:10",
        "15:40",
        "16:10",
        "16:40",
        "17:10",
        "17:40",
        "18:10",
        "18:30",
        "18:50",
        "19:10",
        "19:30",
        "19:50",
        "20:10",
        "20:40",
        "21:10",
        "21:40",
        "22:40"
    ],
    "saturday": [
        "7:37",
        "8:37",
        "9:07",
        "9:47",
        "10:27",
        "11:07",
        "11:47",
        "12:27",
        "13:07",
        "13:47",
        "14:27",
        "15:07",
        "15:47",
        "16:27",
        "17:07",
        "17:47",
        "18:27",
        "19:07",
        "19:47",
        "20:27",
        "21:07",
        "21:37",
        "22:07"
    ],
    "holiday": [
        "7:37",
        "8:37",
        "9:07",
        "9:47",
        "10:27",
        "11:07",
        "11:47",
        "12:27",
        "13:07",
        "13:47",
        "14:27",
        "15:07",
        "15:47",
        "16:27",
        "17:07",
        "17:47",
        "18:27",
        "19:07",
        "19:47",
        "20:27",
        "21:07",
        "21:37",
        "22:07"
    ],
    "url": "https://www.kanachu.co.jp/dia/diagram/timetable01_js/course:0000803538-9/node:00127595/kt:0/lname:/"
}
