{
    "date": "2025/11/16",
    "name": "中里(平塚市)",
    "position": "-",
    "system": "平28",
    "destinations": [
        "貴峯荘前",
        "平塚農商高校",
        "上平塚",
        "神明下",
        "山下団地入口",
        "南河内(平塚市)",
        "高村団地入口",
        "坂間",
        "大町(平塚市)",
        "日向岡入口",
        "日向岡二丁目",
        "日向岡一丁目",
        "湘南日向岡"
    ],
    "weekday": [
        "6:41",
        "7:41",
        "8:11",
        "8:41",
        "9:11",
        "9:41",
        "10:11",
        "10:41",
        "11:11",
        "11:41",
        "12:11",
        "12:41",
        "13:11",
        "13:41",
        "14:11",
        "14:41",
        "15:11",
        "15:41",
        "16:11",
        "16:41",
        "17:11",
        "17:41",
        "18:11",
        "18:31",
        "18:51",
        "19:11",
        "19:31",
        "19:51",
        "20:11",
        "20:41",
        "21:11",
        "21:41",
        "22:41"
    ],
    "saturday": [
        "7:38",
        "8:38",
        "9:08",
        "9:48",
        "10:28",
        "11:08",
        "11:48",
        "12:28",
        "13:08",
        "13:48",
        "14:28",
        "15:08",
        "15:48",
        "16:28",
        "17:08",
        "17:48",
        "18:28",
        "19:08",
        "19:48",
        "20:28",
        "21:08",
        "21:38",
        "22:08"
    ],
    "holiday": [
        "7:38",
        "8:38",
        "9:08",
        "9:48",
        "10:28",
        "11:08",
        "11:48",
        "12:28",
        "13:08",
        "13:48",
        "14:28",
        "15:08",
        "15:48",
        "16:28",
        "17:08",
        "17:48",
        "18:28",
        "19:08",
        "19:48",
        "20:28",
        "21:08",
        "21:38",
        "22:08"
    ],
    "url": "https://www.kanachu.co.jp/dia/diagram/timetable01_js/course:0000803538-10/node:00127596/kt:0/lname:/"
}
