{
    "date": "2025/11/16",
    "name": "山下団地入口",
    "position": "-",
    "system": "平28",
    "destinations": [
        "南河内(平塚市)",
        "高村団地入口",
        "坂間",
        "大町(平塚市)",
        "日向岡入口",
        "日向岡二丁目",
        "日向岡一丁目",
        "湘南日向岡"
    ],
    "weekday": [
        "6:46",
        "7:46",
        "8:16",
        "8:46",
        "9:16",
        "9:46",
        "10:16",
        "10:46",
        "11:16",
        "11:46",
        "12:16",
        "12:46",
        "13:16",
        "13:46",
        "14:16",
        "14:46",
        "15:16",
        "15:46",
        "16:16",
        "16:46",
        "17:16",
        "17:46",
        "18:16",
        "18:36",
        "18:56",
        "19:16",
        "19:36",
        "19:56",
        "20:16",
        "20:46",
        "21:16",
        "21:46",
        "22:46"
    ],
    "saturday": [
        "7:43",
        "8:43",
        "9:13",
        "9:53",
        "10:33",
        "11:13",
        "11:53",
        "12:33",
        "13:13",
        "13:53",
        "14:33",
        "15:13",
        "15:53",
        "16:33",
        "17:13",
        "17:53",
        "18:33",
        "19:13",
        "19:53",
        "20:33",
        "21:13",
        "21:43",
        "22:13"
    ],
    "holiday": [
        "7:43",
        "8:43",
        "9:13",
        "9:53",
        "10:33",
        "11:13",
        "11:53",
        "12:33",
        "13:13",
        "13:53",
        "14:33",
        "15:13",
        "15:53",
        "16:33",
        "17:13",
        "17:53",
        "18:33",
        "19:13",
        "19:53",
        "20:33",
        "21:13",
        "21:43",
        "22:13"
    ],
    "url": "https://www.kanachu.co.jp/dia/diagram/timetable01_js/course:0000803538-15/node:00127574/kt:0/lname:/"
}
