{
    "date": "2025/11/16",
    "name": "南河内(平塚市)",
    "position": "-",
    "system": "平28",
    "destinations": [
        "高村団地入口",
        "坂間",
        "大町(平塚市)",
        "日向岡入口",
        "日向岡二丁目",
        "日向岡一丁目",
        "湘南日向岡"
    ],
    "weekday": [
        "6:47",
        "7:47",
        "8:17",
        "8:47",
        "9:17",
        "9:47",
        "10:17",
        "10:47",
        "11:17",
        "11:47",
        "12:17",
        "12:47",
        "13:17",
        "13:47",
        "14:17",
        "14:47",
        "15:17",
        "15:47",
        "16:17",
        "16:47",
        "17:17",
        "17:47",
        "18:17",
        "18:37",
        "18:57",
        "19:17",
        "19:37",
        "19:57",
        "20:17",
        "20:47",
        "21:17",
        "21:47",
        "22:47"
    ],
    "saturday": [
        "7:44",
        "8:44",
        "9:14",
        "9:54",
        "10:34",
        "11:14",
        "11:54",
        "12:34",
        "13:14",
        "13:54",
        "14:34",
        "15:14",
        "15:54",
        "16:34",
        "17:14",
        "17:54",
        "18:34",
        "19:14",
        "19:54",
        "20:34",
        "21:14",
        "21:44",
        "22:14"
    ],
    "holiday": [
        "7:44",
        "8:44",
        "9:14",
        "9:54",
        "10:34",
        "11:14",
        "11:54",
        "12:34",
        "13:14",
        "13:54",
        "14:34",
        "15:14",
        "15:54",
        "16:34",
        "17:14",
        "17:54",
        "18:34",
        "19:14",
        "19:54",
        "20:34",
        "21:14",
        "21:44",
        "22:14"
    ],
    "url": "https://www.kanachu.co.jp/dia/diagram/timetable01_js/course:0000803538-16/node:00127576/kt:0/lname:/"
}
