{
    "date": "2025/04/01",
    "name": "田名坂上",
    "position": "-",
    "system": "橋59",
    "destinations": [
        "田名バスターミナル",
        "堀の内(相模原市中央区)",
        "上四ツ谷",
        "工場入口",
        "葛輪",
        "下九沢",
        "塚場",
        "塚場坂上",
        "南町(相模原市緑区)",
        "旭中学校(相模原市緑区)",
        "橋本二丁目",
        "橋本駅南口"
    ],
    "weekday": [
        "6:04",
        "6:34",
        "7:04"
    ],
    "saturday": [
        "5:54",
        "6:24",
        "6:54"
    ],
    "holiday": [
        "5:54",
        "6:24",
        "6:54"
    ],
    "url": "https://www.kanachu.co.jp/dia/diagram/timetable01_js/course:0000803775-3/node:00129182/kt:0/lname:/"
}
