{
    "date": "2025/04/01",
    "name": "堀の内(相模原市中央区)",
    "position": "-",
    "system": "橋59",
    "destinations": [
        "上四ツ谷",
        "工場入口",
        "葛輪",
        "下九沢",
        "塚場",
        "塚場坂上",
        "南町(相模原市緑区)",
        "旭中学校(相模原市緑区)",
        "橋本二丁目",
        "橋本駅南口"
    ],
    "weekday": [
        "6:12",
        "6:42",
        "7:12"
    ],
    "saturday": [
        "6:02",
        "6:32",
        "7:02"
    ],
    "holiday": [
        "6:02",
        "6:32",
        "7:02"
    ],
    "url": "https://www.kanachu.co.jp/dia/diagram/timetable01_js/course:0000803775-5/node:00129256/kt:0/lname:/"
}
