{
    "date": "2020/11/24",
    "name": "住友電工",
    "position": "-",
    "system": "船27",
    "destinations": [
        "住友電工入口",
        "山王(横浜市栄区)",
        "洞窟前",
        "田谷(横浜市栄区)",
        "小蓋山",
        "宮ノ前(横浜市栄区)",
        "長尾台(横浜市栄区)",
        "坂本(鎌倉市)",
        "大船駅西口"
    ],
    "weekday": [
        "7:05",
        "7:17",
        "7:27",
        "7:40",
        "7:45",
        "7:50",
        "7:54",
        "7:58",
        "8:02",
        "8:06",
        "8:10",
        "8:13",
        "8:16",
        "8:20",
        "8:23",
        "8:26",
        "8:30",
        "8:45",
        "9:10"
    ],
    "saturday": [],
    "holiday": [],
    "url": "https://www.kanachu.co.jp/dia/diagram/timetable01_js/course:0000802994-7/node:00126930/kt:0/lname:/"
}
