{
    "date": "2025/04/01",
    "name": "町田総合高校前",
    "position": "郵便局近く",
    "system": "町33",
    "destinations": [
        "木曽南団地",
        "横町(町田市)",
        "境川団地",
        "境川団地中央",
        "境川団地入口",
        "木曽都営入口",
        "桧台入口",
        "森野六丁目",
        "森野五丁目",
        "妙延寺(町田市)",
        "町田市役所市民ホール前",
        "町田バスセンター"
    ],
    "weekday": [
        "5:45",
        "5:59",
        "6:13",
        "6:28",
        "6:41",
        "6:54",
        "7:04",
        "7:13",
        "7:21",
        "7:30",
        "7:40",
        "7:50",
        "8:13",
        "8:38",
        "8:53",
        "9:07",
        "9:37",
        "10:07",
        "10:52",
        "11:07",
        "11:49",
        "12:07",
        "12:49",
        "13:07",
        "13:49",
        "14:07",
        "14:49",
        "15:08",
        "15:48",
        "16:08",
        "16:38",
        "17:08",
        "17:28",
        "17:48",
        "18:08",
        "18:28",
        "18:48",
        "19:07",
        "19:47",
        "20:17",
        "21:12",
        "22:12"
    ],
    "saturday": [
        "5:44",
        "6:16",
        "6:46",
        "7:07",
        "7:27",
        "7:47",
        "8:12",
        "8:32",
        "8:52",
        "9:13",
        "9:33",
        "9:53",
        "10:13",
        "10:33",
        "10:53",
        "11:12",
        "11:32",
        "11:52",
        "12:12",
        "12:32",
        "12:52",
        "13:12",
        "13:32",
        "13:52",
        "14:12",
        "14:32",
        "14:52",
        "15:12",
        "15:32",
        "15:52",
        "16:13",
        "16:33",
        "16:53",
        "17:13",
        "17:33",
        "17:53",
        "18:13",
        "18:33",
        "18:53",
        "19:17",
        "19:47",
        "20:17",
        "20:47",
        "21:16",
        "21:46"
    ],
    "holiday": [
        "5:44",
        "6:41",
        "7:07",
        "7:37",
        "8:07",
        "8:27",
        "8:47",
        "9:18",
        "9:38",
        "9:53",
        "10:13",
        "10:33",
        "10:53",
        "11:12",
        "11:32",
        "11:52",
        "12:12",
        "12:32",
        "12:52",
        "13:12",
        "13:32",
        "13:52",
        "14:12",
        "14:32",
        "14:52",
        "15:12",
        "15:32",
        "15:52",
        "16:12",
        "16:32",
        "16:52",
        "17:27",
        "18:02",
        "18:27",
        "18:52",
        "19:12",
        "19:32",
        "20:06",
        "20:26",
        "21:06"
    ],
    "url": "https://www.kanachu.co.jp/dia/diagram/timetable01_js/course:0000803196-7/node:00129495/kt:0/lname:/"
}
