{
    "date": "2025/04/01",
    "name": "境川団地入口",
    "position": "-",
    "system": "町33",
    "destinations": [
        "木曽都営入口",
        "桧台入口",
        "森野六丁目",
        "森野五丁目",
        "妙延寺(町田市)",
        "町田市役所市民ホール前",
        "町田バスセンター"
    ],
    "weekday": [
        "5:51",
        "6:05",
        "6:19",
        "6:35",
        "6:49",
        "7:02",
        "7:12",
        "7:21",
        "7:29",
        "7:38",
        "7:48",
        "7:58",
        "8:21",
        "8:46",
        "9:01",
        "9:14",
        "9:44",
        "10:14",
        "10:58",
        "11:13",
        "11:55",
        "12:13",
        "12:55",
        "13:13",
        "13:55",
        "14:13",
        "14:55",
        "15:15",
        "15:55",
        "16:15",
        "16:45",
        "17:15",
        "17:35",
        "17:55",
        "18:15",
        "18:35",
        "18:55",
        "19:13",
        "19:53",
        "20:23",
        "21:17",
        "22:17"
    ],
    "saturday": [
        "5:50",
        "6:22",
        "6:52",
        "7:13",
        "7:33",
        "7:53",
        "8:18",
        "8:38",
        "8:58",
        "9:20",
        "9:40",
        "10:00",
        "10:20",
        "10:40",
        "11:00",
        "11:19",
        "11:39",
        "11:59",
        "12:19",
        "12:39",
        "12:59",
        "13:19",
        "13:39",
        "13:59",
        "14:19",
        "14:39",
        "14:59",
        "15:19",
        "15:39",
        "15:59",
        "16:20",
        "16:40",
        "17:00",
        "17:20",
        "17:40",
        "18:00",
        "18:20",
        "18:40",
        "19:00",
        "19:22",
        "19:52",
        "20:22",
        "20:52",
        "21:21",
        "21:51"
    ],
    "holiday": [
        "5:50",
        "6:47",
        "7:13",
        "7:43",
        "8:13",
        "8:33",
        "8:53",
        "9:25",
        "9:45",
        "10:00",
        "10:20",
        "10:40",
        "11:00",
        "11:18",
        "11:38",
        "11:58",
        "12:18",
        "12:38",
        "12:58",
        "13:18",
        "13:38",
        "13:58",
        "14:18",
        "14:38",
        "14:58",
        "15:19",
        "15:39",
        "15:59",
        "16:19",
        "16:39",
        "16:59",
        "17:34",
        "18:07",
        "18:32",
        "18:57",
        "19:17",
        "19:37",
        "20:11",
        "20:31",
        "21:11"
    ],
    "url": "https://www.kanachu.co.jp/dia/diagram/timetable01_js/course:0000803196-12/node:00129380/kt:0/lname:/"
}
