{
    "date": "2025/04/01",
    "name": "西久保福祉館前",
    "position": "-",
    "system": "二03",
    "destinations": [
        "黒岩公民館前",
        "黒岩台",
        "黒岩公民館前",
        "西久保福祉館前",
        "西久保(中郡大磯町)",
        "黒岩入口",
        "上舟窪",
        "舟窪",
        "公民館前(中郡大磯町)",
        "天神下(中郡大磯町)",
        "虫窪",
        "ぼったり",
        "下田(中郡大磯町)",
        "素心学院前",
        "国府中学西口",
        "湘南大磯住宅入口",
        "湘南大磯病院",
        "月京",
        "馬場公園",
        "馬場(中郡大磯町)",
        "城の下",
        "大磯運動公園前"
    ],
    "weekday": [
        "11:19"
    ],
    "saturday": [],
    "holiday": [],
    "url": "https://www.kanachu.co.jp/dia/diagram/timetable01_js/course:0000801584-8/node:00130206/kt:0/lname:/"
}
