{
    "date": "2025/04/01",
    "name": "国府中学西口",
    "position": "-",
    "system": "二03",
    "destinations": [
        "湘南大磯住宅入口",
        "湘南大磯病院",
        "月京",
        "馬場公園",
        "馬場(中郡大磯町)",
        "城の下",
        "大磯運動公園前"
    ],
    "weekday": [
        "11:38"
    ],
    "saturday": [],
    "holiday": [],
    "url": "https://www.kanachu.co.jp/dia/diagram/timetable01_js/course:0000801584-23/node:00127514/kt:0/lname:/"
}
