{
    "date": "2025/04/01",
    "name": "境川団地中央",
    "position": "-",
    "system": "町12",
    "destinations": [
        "境川団地入口",
        "木曽都営入口",
        "桧台入口",
        "森野六丁目",
        "森野五丁目",
        "妙延寺(町田市)",
        "町田市役所市民ホール前",
        "町田バスセンター",
        "町田ターミナル"
    ],
    "weekday": [
        "9:09",
        "9:23",
        "9:33",
        "10:35"
    ],
    "saturday": [
        "10:22"
    ],
    "holiday": [],
    "url": "https://www.kanachu.co.jp/dia/diagram/timetable01_js/course:0000803170-4/node:00129381/kt:0/lname:/"
}
