{
    "date": "2025/04/01",
    "name": "木曽都営入口",
    "position": "-",
    "system": "町12",
    "destinations": [
        "桧台入口",
        "森野六丁目",
        "森野五丁目",
        "妙延寺(町田市)",
        "町田市役所市民ホール前",
        "町田バスセンター",
        "町田ターミナル"
    ],
    "weekday": [
        "9:11",
        "9:25",
        "9:35",
        "10:37"
    ],
    "saturday": [
        "10:23"
    ],
    "holiday": [],
    "url": "https://www.kanachu.co.jp/dia/diagram/timetable01_js/course:0000803170-6/node:00129379/kt:0/lname:/"
}
