{
    "date": "2025/04/01",
    "name": "森野六丁目",
    "position": "-",
    "system": "町12",
    "destinations": [
        "森野五丁目",
        "妙延寺(町田市)",
        "町田市役所市民ホール前",
        "町田バスセンター",
        "町田ターミナル"
    ],
    "weekday": [
        "9:12",
        "9:26",
        "9:36",
        "10:38"
    ],
    "saturday": [
        "10:24"
    ],
    "holiday": [],
    "url": "https://www.kanachu.co.jp/dia/diagram/timetable01_js/course:0000803170-8/node:00129377/kt:0/lname:/"
}
