{
    "system": "町12",
    "busstops": [
        {
            "index": "1",
            "id": "00129384",
            "name": "木曽南団地",
            "lat": "35.566824",
            "lng": "139.418659"
        },
        {
            "index": "2",
            "id": "00129383",
            "name": "横町(町田市)",
            "lat": "35.564343",
            "lng": "139.420338"
        },
        {
            "index": "3",
            "id": "00129382",
            "name": "境川団地",
            "lat": "35.561394",
            "lng": "139.4224"
        },
        {
            "index": "4",
            "id": "00129381",
            "name": "境川団地中央",
            "lat": "35.559427",
            "lng": "139.424017"
        },
        {
            "index": "5",
            "id": "00129380",
            "name": "境川団地入口",
            "lat": "35.556927",
            "lng": "139.426087"
        },
        {
            "index": "6",
            "id": "00129379",
            "name": "木曽都営入口",
            "lat": "35.555314",
            "lng": "139.42743"
        },
        {
            "index": "7",
            "id": "00129378",
            "name": "桧台入口",
            "lat": "35.552981",
            "lng": "139.428702"
        },
        {
            "index": "8",
            "id": "00129377",
            "name": "森野六丁目",
            "lat": "35.551615",
            "lng": "139.430831"
        },
        {
            "index": "9",
            "id": "00129376",
            "name": "森野五丁目",
            "lat": "35.549723",
            "lng": "139.434477"
        },
        {
            "index": "10",
            "id": "00129375",
            "name": "妙延寺(町田市)",
            "lat": "35.548654",
            "lng": "139.436536"
        },
        {
            "index": "11",
            "id": "00129356",
            "name": "町田市役所市民ホール前",
            "lat": "35.547368",
            "lng": "139.438983"
        },
        {
            "index": "12",
            "id": "00025625",
            "name": "町田バスセンター",
            "lat": "35.543525",
            "lng": "139.444385"
        },
        {
            "index": "13",
            "id": "00129544",
            "name": "町田ターミナル",
            "lat": "35.540151",
            "lng": "139.449349"
        }
    ],
    "route_url": "https://www.kanachu.co.jp/dia/route/index/cid:0000803170/"
}
