{
    "system": "愛16",
    "busstops": [
        {
            "index": "1",
            "id": "00128649",
            "name": "森の里",
            "lat": "35.455678",
            "lng": "139.304065"
        },
        {
            "index": "2",
            "id": "00128666",
            "name": "森の里五丁目",
            "lat": "35.453905",
            "lng": "139.304629"
        },
        {
            "index": "3",
            "id": "00128661",
            "name": "森の里四丁目",
            "lat": "35.450657",
            "lng": "139.308598"
        },
        {
            "index": "4",
            "id": "00128663",
            "name": "厚木西高校",
            "lat": "35.447417",
            "lng": "139.310861"
        },
        {
            "index": "5",
            "id": "00128662",
            "name": "森の里センター",
            "lat": "35.444934",
            "lng": "139.311108"
        },
        {
            "index": "6",
            "id": "00128497",
            "name": "若宮橋(厚木市)",
            "lat": "35.441364",
            "lng": "139.312158"
        },
        {
            "index": "7",
            "id": "00128517",
            "name": "榎田",
            "lat": "35.436381",
            "lng": "139.313777"
        },
        {
            "index": "8",
            "id": "00128450",
            "name": "小野橋(厚木市)",
            "lat": "35.434836",
            "lng": "139.315628"
        },
        {
            "index": "9",
            "id": "00128449",
            "name": "小野宮前",
            "lat": "35.434186",
            "lng": "139.318785"
        },
        {
            "index": "10",
            "id": "00128498",
            "name": "広町橋",
            "lat": "35.432956",
            "lng": "139.32434"
        },
        {
            "index": "11",
            "id": "00128499",
            "name": "籠堰橋",
            "lat": "35.431694",
            "lng": "139.32792"
        },
        {
            "index": "12",
            "id": "00128524",
            "name": "聖木",
            "lat": "35.428569",
            "lng": "139.32876"
        },
        {
            "index": "13",
            "id": "00128121",
            "name": "愛甲郵便局前",
            "lat": "35.426077",
            "lng": "139.330367"
        },
        {
            "index": "14",
            "id": "00128527",
            "name": "上愛甲",
            "lat": "35.424659",
            "lng": "139.333399"
        },
        {
            "index": "15",
            "id": "00128528",
            "name": "愛甲橋",
            "lat": "35.423541",
            "lng": "139.335691"
        },
        {
            "index": "16",
            "id": "00128529",
            "name": "堂山",
            "lat": "35.422112",
            "lng": "139.338746"
        },
        {
            "index": "17",
            "id": "00128495",
            "name": "宮前(厚木市)",
            "lat": "35.420329",
            "lng": "139.342817"
        },
        {
            "index": "18",
            "id": "00128496",
            "name": "愛甲石田駅",
            "lat": "35.417729",
            "lng": "139.343689"
        }
    ],
    "route_url": "https://www.kanachu.co.jp/dia/route/index/cid:0000800959/"
}
