{
    "date": "2025/08/30",
    "name": "鶴巻(横浜市南区)",
    "position": "-",
    "system": "井12",
    "destinations": [
        "住宅前(横浜市南区)",
        "南永田",
        "弘明寺口",
        "六ツ川町",
        "上六ツ川",
        "大池(横浜市南区)",
        "引越坂",
        "横浜パークタウン第一降車場"
    ],
    "weekday": [
        "7:18",
        "7:31",
        "8:07",
        "8:19",
        "8:31",
        "8:53",
        "9:24",
        "9:36"
    ],
    "saturday": [
        "7:28",
        "7:58",
        "8:28",
        "8:58",
        "9:28"
    ],
    "holiday": [
        "7:28",
        "7:58",
        "8:28",
        "8:58",
        "9:28"
    ],
    "url": "https://www.kanachu.co.jp/dia/diagram/timetable01_js/course:0000801392-2/node:00102744/kt:0/lname:/"
}
