{
    "date": "2025/08/30",
    "name": "南永田",
    "position": "-",
    "system": "井12",
    "destinations": [
        "弘明寺口",
        "六ツ川町",
        "上六ツ川",
        "大池(横浜市南区)",
        "引越坂",
        "横浜パークタウン第一降車場"
    ],
    "weekday": [
        "7:22",
        "7:35",
        "8:11",
        "8:23",
        "8:35",
        "8:57",
        "9:28",
        "9:40"
    ],
    "saturday": [
        "7:32",
        "8:02",
        "8:32",
        "9:02",
        "9:32"
    ],
    "holiday": [
        "7:32",
        "8:02",
        "8:32",
        "9:02",
        "9:32"
    ],
    "url": "https://www.kanachu.co.jp/dia/diagram/timetable01_js/course:0000801392-4/node:00126629/kt:0/lname:/"
}
