{
    "date": "2025/08/30",
    "name": "六ツ川町",
    "position": "-",
    "system": "井12",
    "destinations": [
        "上六ツ川",
        "大池(横浜市南区)",
        "引越坂",
        "横浜パークタウン第一降車場"
    ],
    "weekday": [
        "7:25",
        "7:38",
        "8:14",
        "8:26",
        "8:38",
        "9:00",
        "9:31",
        "9:43"
    ],
    "saturday": [
        "7:35",
        "8:05",
        "8:35",
        "9:05",
        "9:35"
    ],
    "holiday": [
        "7:35",
        "8:05",
        "8:35",
        "9:05",
        "9:35"
    ],
    "url": "https://www.kanachu.co.jp/dia/diagram/timetable01_js/course:0000801392-6/node:00126627/kt:0/lname:/"
}
