{
    "date": "2025/08/30",
    "name": "永谷地区センター前",
    "position": "-",
    "system": "",
    "destinations": [
        "平戸(横浜市港南区)",
        "坂下口",
        "山谷(横浜市戸塚区)",
        "平和台",
        "狩場町",
        "児童遊園地入口",
        "権太坂上",
        "権太坂",
        "元町橋交番前",
        "樹源寺前",
        "保土ヶ谷町2丁目",
        "八幡橋(横浜市保土ケ谷区)",
        "保土ヶ谷橋",
        "保土ヶ谷駅東口",
        "西久保町",
        "久保町(横浜市西区)",
        "水道道",
        "浜松町(横浜市西区)",
        "西区総合庁舎入口",
        "西平沼橋",
        "戸部駅前",
        "戸部警察署前",
        "高島町",
        "横浜駅改札口前",
        "横浜駅東口"
    ],
    "weekday": [
        "5:51",
        "6:30",
        "7:26",
        "8:23",
        "9:47",
        "10:45",
        "11:35",
        "12:25",
        "13:25",
        "14:25",
        "15:25",
        "16:25",
        "17:25",
        "18:22",
        "19:21",
        "20:21",
        "21:19"
    ],
    "saturday": [
        "5:51",
        "6:36",
        "7:43",
        "8:13",
        "9:32",
        "10:28",
        "11:28",
        "12:24",
        "13:25",
        "14:25",
        "15:25",
        "16:25",
        "17:25",
        "18:22",
        "19:21",
        "20:20"
    ],
    "holiday": [
        "5:51",
        "6:36",
        "7:43",
        "8:13",
        "9:32",
        "10:28",
        "11:28",
        "12:24",
        "13:25",
        "14:25",
        "15:25",
        "16:25",
        "17:25",
        "18:22",
        "19:21",
        "20:20"
    ],
    "url": "https://www.kanachu.co.jp/dia/diagram/timetable01_js/course:0000802723-4/node:00130495/kt:0/lname:/"
}
