{
    "date": "2025/08/30",
    "name": "平戸(横浜市港南区)",
    "position": "-",
    "system": "",
    "destinations": [
        "坂下口",
        "山谷(横浜市戸塚区)",
        "平和台",
        "狩場町",
        "児童遊園地入口",
        "権太坂上",
        "権太坂",
        "元町橋交番前",
        "樹源寺前",
        "保土ヶ谷町2丁目",
        "八幡橋(横浜市保土ケ谷区)",
        "保土ヶ谷橋",
        "保土ヶ谷駅東口",
        "西久保町",
        "久保町(横浜市西区)",
        "水道道",
        "浜松町(横浜市西区)",
        "西区総合庁舎入口",
        "西平沼橋",
        "戸部駅前",
        "戸部警察署前",
        "高島町",
        "横浜駅改札口前",
        "横浜駅東口"
    ],
    "weekday": [
        "5:53",
        "6:32",
        "7:28",
        "8:25",
        "9:49",
        "10:47",
        "11:37",
        "12:27",
        "13:27",
        "14:27",
        "15:27",
        "16:27",
        "17:27",
        "18:24",
        "19:23",
        "20:23",
        "21:21"
    ],
    "saturday": [
        "5:53",
        "6:38",
        "7:45",
        "8:15",
        "9:34",
        "10:30",
        "11:30",
        "12:26",
        "13:27",
        "14:27",
        "15:27",
        "16:27",
        "17:27",
        "18:24",
        "19:23",
        "20:22"
    ],
    "holiday": [
        "5:53",
        "6:38",
        "7:45",
        "8:15",
        "9:34",
        "10:30",
        "11:30",
        "12:26",
        "13:27",
        "14:27",
        "15:27",
        "16:27",
        "17:27",
        "18:24",
        "19:23",
        "20:22"
    ],
    "url": "https://www.kanachu.co.jp/dia/diagram/timetable01_js/course:0000802723-5/node:00102977/kt:0/lname:/"
}
