{
    "date": "2025/08/30",
    "name": "平和台",
    "position": "-",
    "system": "",
    "destinations": [
        "狩場町",
        "児童遊園地入口",
        "権太坂上",
        "権太坂",
        "元町橋交番前",
        "樹源寺前",
        "保土ヶ谷町2丁目",
        "八幡橋(横浜市保土ケ谷区)",
        "保土ヶ谷橋",
        "保土ヶ谷駅東口",
        "西久保町",
        "久保町(横浜市西区)",
        "水道道",
        "浜松町(横浜市西区)",
        "西区総合庁舎入口",
        "西平沼橋",
        "戸部駅前",
        "戸部警察署前",
        "高島町",
        "横浜駅改札口前",
        "横浜駅東口"
    ],
    "weekday": [
        "5:59",
        "6:38",
        "7:34",
        "8:31",
        "9:55",
        "10:53",
        "11:43",
        "12:33",
        "13:33",
        "14:33",
        "15:33",
        "16:33",
        "17:33",
        "18:30",
        "19:29",
        "20:29",
        "21:27"
    ],
    "saturday": [
        "5:58",
        "6:43",
        "7:50",
        "8:21",
        "9:40",
        "10:36",
        "11:36",
        "12:32",
        "13:33",
        "14:33",
        "15:33",
        "16:33",
        "17:33",
        "18:30",
        "19:28",
        "20:27"
    ],
    "holiday": [
        "5:58",
        "6:43",
        "7:50",
        "8:21",
        "9:40",
        "10:36",
        "11:36",
        "12:32",
        "13:33",
        "14:33",
        "15:33",
        "16:33",
        "17:33",
        "18:30",
        "19:28",
        "20:27"
    ],
    "url": "https://www.kanachu.co.jp/dia/diagram/timetable01_js/course:0000802723-8/node:00126621/kt:0/lname:/"
}
