{
    "date": "2025/08/30",
    "name": "元町橋交番前",
    "position": "-",
    "system": "",
    "destinations": [
        "樹源寺前",
        "保土ヶ谷町2丁目",
        "八幡橋(横浜市保土ケ谷区)",
        "保土ヶ谷橋",
        "保土ヶ谷駅東口",
        "西久保町",
        "久保町(横浜市西区)",
        "水道道",
        "浜松町(横浜市西区)",
        "西区総合庁舎入口",
        "西平沼橋",
        "戸部駅前",
        "戸部警察署前",
        "高島町",
        "横浜駅改札口前",
        "横浜駅東口"
    ],
    "weekday": [
        "6:05",
        "6:44",
        "7:42",
        "8:39",
        "10:01",
        "10:59",
        "11:49",
        "12:39",
        "13:39",
        "14:39",
        "15:39",
        "16:39",
        "17:39",
        "18:36",
        "19:35",
        "20:35",
        "21:33"
    ],
    "saturday": [
        "6:04",
        "6:49",
        "7:56",
        "8:27",
        "9:46",
        "10:44",
        "11:44",
        "12:40",
        "13:41",
        "14:41",
        "15:41",
        "16:41",
        "17:41",
        "18:38",
        "19:34",
        "20:33"
    ],
    "holiday": [
        "6:04",
        "6:49",
        "7:56",
        "8:27",
        "9:46",
        "10:44",
        "11:44",
        "12:40",
        "13:41",
        "14:41",
        "15:41",
        "16:41",
        "17:41",
        "18:38",
        "19:34",
        "20:33"
    ],
    "url": "https://www.kanachu.co.jp/dia/diagram/timetable01_js/course:0000802723-13/node:00103177/kt:0/lname:/"
}
