{
    "date": "2025/08/30",
    "name": "保土ヶ谷町2丁目",
    "position": "-",
    "system": "",
    "destinations": [
        "八幡橋(横浜市保土ケ谷区)",
        "保土ヶ谷橋",
        "保土ヶ谷駅東口",
        "西久保町",
        "久保町(横浜市西区)",
        "水道道",
        "浜松町(横浜市西区)",
        "西区総合庁舎入口",
        "西平沼橋",
        "戸部駅前",
        "戸部警察署前",
        "高島町",
        "横浜駅改札口前",
        "横浜駅東口"
    ],
    "weekday": [
        "6:09",
        "6:48",
        "7:46",
        "8:43",
        "10:05",
        "11:03",
        "11:53",
        "12:43",
        "13:43",
        "14:43",
        "15:43",
        "16:43",
        "17:43",
        "18:40",
        "19:39",
        "20:39",
        "21:37"
    ],
    "saturday": [
        "6:08",
        "6:53",
        "8:00",
        "8:31",
        "9:50",
        "10:48",
        "11:48",
        "12:44",
        "13:45",
        "14:45",
        "15:45",
        "16:45",
        "17:45",
        "18:42",
        "19:38",
        "20:37"
    ],
    "holiday": [
        "6:08",
        "6:53",
        "8:00",
        "8:31",
        "9:50",
        "10:48",
        "11:48",
        "12:44",
        "13:45",
        "14:45",
        "15:45",
        "16:45",
        "17:45",
        "18:42",
        "19:38",
        "20:37"
    ],
    "url": "https://www.kanachu.co.jp/dia/diagram/timetable01_js/course:0000802723-15/node:00103045/kt:0/lname:/"
}
