{
    "date": "2025/08/30",
    "name": "八幡橋(横浜市保土ケ谷区)",
    "position": "-",
    "system": "",
    "destinations": [
        "保土ヶ谷橋",
        "保土ヶ谷駅東口",
        "西久保町",
        "久保町(横浜市西区)",
        "水道道",
        "浜松町(横浜市西区)",
        "西区総合庁舎入口",
        "西平沼橋",
        "戸部駅前",
        "戸部警察署前",
        "高島町",
        "横浜駅改札口前",
        "横浜駅東口"
    ],
    "weekday": [
        "6:11",
        "6:50",
        "7:48",
        "8:45",
        "10:07",
        "11:05",
        "11:55",
        "12:45",
        "13:45",
        "14:45",
        "15:45",
        "16:45",
        "17:45",
        "18:42",
        "19:41",
        "20:41",
        "21:39"
    ],
    "saturday": [
        "6:10",
        "6:55",
        "8:02",
        "8:33",
        "9:52",
        "10:50",
        "11:50",
        "12:46",
        "13:47",
        "14:47",
        "15:47",
        "16:47",
        "17:47",
        "18:44",
        "19:40",
        "20:39"
    ],
    "holiday": [
        "6:10",
        "6:55",
        "8:02",
        "8:33",
        "9:52",
        "10:50",
        "11:50",
        "12:46",
        "13:47",
        "14:47",
        "15:47",
        "16:47",
        "17:47",
        "18:44",
        "19:40",
        "20:39"
    ],
    "url": "https://www.kanachu.co.jp/dia/diagram/timetable01_js/course:0000802723-16/node:00102921/kt:0/lname:/"
}
