{
    "date": "2025/08/30",
    "name": "西久保町",
    "position": "-",
    "system": "77",
    "destinations": [
        "久保町(横浜市西区)",
        "水道道",
        "浜松町(横浜市西区)",
        "西区総合庁舎入口",
        "西平沼橋",
        "戸部駅前",
        "戸部警察署前",
        "高島町",
        "横浜駅改札口前",
        "横浜駅東口"
    ],
    "weekday": [
        "6:15",
        "6:54",
        "7:53",
        "8:50",
        "10:11",
        "11:09",
        "11:59",
        "12:49",
        "13:49",
        "14:49",
        "15:49",
        "16:49",
        "17:49",
        "18:46",
        "19:45",
        "20:45",
        "21:43"
    ],
    "saturday": [
        "6:14",
        "6:59",
        "8:06",
        "8:37",
        "9:56",
        "10:55",
        "11:55",
        "12:51",
        "13:52",
        "14:52",
        "15:52",
        "16:52",
        "17:52",
        "18:49",
        "19:44",
        "20:43"
    ],
    "holiday": [
        "6:14",
        "6:59",
        "8:06",
        "8:37",
        "9:56",
        "10:55",
        "11:55",
        "12:51",
        "13:52",
        "14:52",
        "15:52",
        "16:52",
        "17:52",
        "18:49",
        "19:44",
        "20:43"
    ],
    "url": "https://www.kanachu.co.jp/dia/diagram/timetable01_js/course:0000802723-19/node:00102879/kt:0/lname:/"
}
