{
    "date": "2025/08/30",
    "name": "久保町(横浜市西区)",
    "position": "-",
    "system": "",
    "destinations": [
        "水道道",
        "浜松町(横浜市西区)",
        "西区総合庁舎入口",
        "西平沼橋",
        "戸部駅前",
        "戸部警察署前",
        "高島町",
        "横浜駅改札口前",
        "横浜駅東口"
    ],
    "weekday": [
        "6:16",
        "6:55",
        "7:54",
        "8:51",
        "10:12",
        "11:10",
        "12:00",
        "12:50",
        "13:50",
        "14:50",
        "15:50",
        "16:50",
        "17:50",
        "18:47",
        "19:46",
        "20:46",
        "21:44"
    ],
    "saturday": [
        "6:15",
        "7:00",
        "8:07",
        "8:38",
        "9:57",
        "10:56",
        "11:56",
        "12:52",
        "13:53",
        "14:53",
        "15:53",
        "16:53",
        "17:53",
        "18:50",
        "19:45",
        "20:44"
    ],
    "holiday": [
        "6:15",
        "7:00",
        "8:07",
        "8:38",
        "9:57",
        "10:56",
        "11:56",
        "12:52",
        "13:53",
        "14:53",
        "15:53",
        "16:53",
        "17:53",
        "18:50",
        "19:45",
        "20:44"
    ],
    "url": "https://www.kanachu.co.jp/dia/diagram/timetable01_js/course:0000802723-20/node:00102455/kt:0/lname:/"
}
