{
    "date": "2025/08/30",
    "name": "水道道",
    "position": "-",
    "system": "",
    "destinations": [
        "浜松町(横浜市西区)",
        "西区総合庁舎入口",
        "西平沼橋",
        "戸部駅前",
        "戸部警察署前",
        "高島町",
        "横浜駅改札口前",
        "横浜駅東口"
    ],
    "weekday": [
        "6:17",
        "6:56",
        "7:56",
        "8:53",
        "10:14",
        "11:12",
        "12:02",
        "12:52",
        "13:52",
        "14:52",
        "15:52",
        "16:52",
        "17:52",
        "18:49",
        "19:47",
        "20:47",
        "21:45"
    ],
    "saturday": [
        "6:17",
        "7:02",
        "8:09",
        "8:40",
        "9:59",
        "10:58",
        "11:58",
        "12:54",
        "13:55",
        "14:55",
        "15:55",
        "16:55",
        "17:55",
        "18:52",
        "19:47",
        "20:46"
    ],
    "holiday": [
        "6:17",
        "7:02",
        "8:09",
        "8:40",
        "9:59",
        "10:58",
        "11:58",
        "12:54",
        "13:55",
        "14:55",
        "15:55",
        "16:55",
        "17:55",
        "18:52",
        "19:47",
        "20:46"
    ],
    "url": "https://www.kanachu.co.jp/dia/diagram/timetable01_js/course:0000802723-21/node:00102647/kt:0/lname:/"
}
