{
    "date": "2025/08/30",
    "name": "高島町",
    "position": "-",
    "system": "",
    "destinations": [
        "横浜駅改札口前",
        "横浜駅東口"
    ],
    "weekday": [
        "6:24",
        "7:03",
        "8:03",
        "9:00",
        "10:21",
        "11:19",
        "12:09",
        "12:59",
        "13:59",
        "14:59",
        "15:59",
        "16:59",
        "17:59",
        "18:56",
        "19:54",
        "20:54",
        "21:52"
    ],
    "saturday": [
        "6:24",
        "7:09",
        "8:16",
        "8:47",
        "10:06",
        "11:06",
        "12:06",
        "13:02",
        "14:03",
        "15:03",
        "16:03",
        "17:03",
        "18:03",
        "19:00",
        "19:54",
        "20:53"
    ],
    "holiday": [
        "6:24",
        "7:09",
        "8:16",
        "8:47",
        "10:06",
        "11:06",
        "12:06",
        "13:02",
        "14:03",
        "15:03",
        "16:03",
        "17:03",
        "18:03",
        "19:00",
        "19:54",
        "20:53"
    ],
    "url": "https://www.kanachu.co.jp/dia/diagram/timetable01_js/course:0000802723-27/node:00102695/kt:0/lname:/"
}
