{
    "date": "2025/01/14",
    "name": "原下(愛甲郡愛川町)",
    "position": "-",
    "system": "厚59",
    "destinations": [
        "愛川橋",
        "深沢尻",
        "馬渡(愛甲郡愛川町)",
        "田代坂上",
        "中学校前(愛甲郡愛川町)",
        "上野原(愛甲郡愛川町)",
        "上志田(愛甲郡愛川町)",
        "中原(愛甲郡愛川町)",
        "中央養鶏前",
        "三増",
        "三増下宿",
        "愛川ハイテク団地入口",
        "高峰小学校前",
        "愛川高校前",
        "箕輪辻",
        "愛川町役場",
        "箕輪(愛甲郡愛川町)",
        "東中学校前(愛甲郡愛川町)",
        "中津(愛甲郡愛川町)",
        "局前(愛甲郡愛川町)",
        "一本松(愛甲郡愛川町)",
        "運輸支局入口(愛甲郡愛川町)",
        "桜台(愛甲郡愛川町)",
        "坂本入口",
        "六本松(厚木市)",
        "中荻原",
        "中平(厚木市)",
        "依知小学校前",
        "関口(厚木市)",
        "蓮生寺(厚木市)",
        "追分(厚木市)",
        "下依知入口",
        "金田神社前",
        "金田(厚木市)",
        "金田下宿",
        "積水ソフランウイズ前",
        "鮎津橋",
        "元町(厚木市)",
        "小田急通り",
        "厚木バスセンター"
    ],
    "weekday": [
        "5:35",
        "6:42",
        "7:51"
    ],
    "saturday": [],
    "holiday": [],
    "url": "https://www.kanachu.co.jp/dia/diagram/timetable01_js/course:0000803347-4/node:00128292/kt:0/lname:/"
}
