{
    "date": "2024/03/16",
    "name": "町田市役所市民ホール前",
    "position": "-",
    "system": "町50",
    "destinations": [
        "第四小学校前(町田市)",
        "中町二丁目",
        "町田郵便局前",
        "体育館前(町田市)",
        "菅原神社前(町田市)",
        "養運寺",
        "市立博物館前(町田市)",
        "ゆうき山",
        "金井小学校入口",
        "藤の台東",
        "藤の台団地",
        "藤の台東",
        "木倉",
        "八幡神社前(町田市)",
        "笹子",
        "栗谷",
        "金井(町田市)",
        "金井入口",
        "上能ヶ谷",
        "鶴川駅西口",
        "鶴川駅",
        "能ヶ谷二丁目",
        "鶴川一丁目",
        "鶴川二丁目",
        "センター前(町田市)",
        "鶴川中央公園",
        "広袴",
        "給水塔前(鶴川団地/町田市)",
        "国士舘大学前",
        "鶴川団地"
    ],
    "weekday": [
        "11:24",
        "12:24",
        "13:24",
        "14:24",
        "15:31"
    ],
    "saturday": [
        "11:44",
        "12:20",
        "13:20",
        "14:20",
        "15:20"
    ],
    "holiday": [
        "11:44",
        "12:20",
        "13:20",
        "14:20",
        "15:20"
    ],
    "url": "https://www.kanachu.co.jp/dia/diagram/timetable01_js/course:0000803457-2/node:00129356/kt:0/lname:/"
}
