{
    "date": "2024/09/02",
    "name": "アザリエ団地入口",
    "position": "-",
    "system": "戸64",
    "destinations": [
        "日産前(横浜市戸塚区)",
        "踊場",
        "東原(横浜市泉区)",
        "中田(横浜市泉区)",
        "中田小学校入口",
        "中西(横浜市泉区)",
        "立場駅",
        "谷戸入口(横浜市泉区)",
        "和泉(横浜市泉区)",
        "泉区総合庁舎前",
        "和泉坂上",
        "池ノ上(横浜市泉区)",
        "上飯田団地",
        "小学校前(横浜市泉区)",
        "児童公園前(横浜市泉区)",
        "団地入口(横浜市泉区)",
        "飯田神社前",
        "台村",
        "いちょう団地"
    ],
    "weekday": [
        "7:09",
        "8:34",
        "9:14",
        "9:44",
        "10:14",
        "10:44",
        "11:14",
        "11:44",
        "13:14",
        "14:54",
        "15:24",
        "15:54",
        "16:54",
        "17:24",
        "18:54",
        "19:39"
    ],
    "saturday": [
        "7:09",
        "8:34",
        "9:14",
        "9:44",
        "10:14",
        "10:44",
        "11:14",
        "11:44",
        "12:54",
        "14:25",
        "15:54",
        "17:25",
        "17:54",
        "18:39",
        "19:25"
    ],
    "holiday": [
        "7:09",
        "8:34",
        "9:15",
        "9:44",
        "10:15",
        "10:44",
        "11:15",
        "11:44",
        "12:54",
        "14:25",
        "15:54",
        "17:25",
        "17:54",
        "18:39",
        "19:25"
    ],
    "url": "https://www.kanachu.co.jp/dia/diagram/timetable01_js/course:0000803606-3/node:00126862/kt:0/lname:/"
}
