{
    "date": "2024/09/02",
    "name": "踊場",
    "position": "-",
    "system": "戸64",
    "destinations": [
        "東原(横浜市泉区)",
        "中田(横浜市泉区)",
        "中田小学校入口",
        "中西(横浜市泉区)",
        "立場駅",
        "谷戸入口(横浜市泉区)",
        "和泉(横浜市泉区)",
        "泉区総合庁舎前",
        "和泉坂上",
        "池ノ上(横浜市泉区)",
        "上飯田団地",
        "小学校前(横浜市泉区)",
        "児童公園前(横浜市泉区)",
        "団地入口(横浜市泉区)",
        "飯田神社前",
        "台村",
        "いちょう団地"
    ],
    "weekday": [
        "7:11",
        "8:36",
        "9:16",
        "9:46",
        "10:16",
        "10:46",
        "11:16",
        "11:46",
        "13:16",
        "14:56",
        "15:26",
        "15:56",
        "16:56",
        "17:26",
        "18:56",
        "19:41"
    ],
    "saturday": [
        "7:11",
        "8:36",
        "9:16",
        "9:46",
        "10:16",
        "10:46",
        "11:16",
        "11:46",
        "12:56",
        "14:27",
        "15:56",
        "17:27",
        "17:56",
        "18:41",
        "19:27"
    ],
    "holiday": [
        "7:11",
        "8:36",
        "9:17",
        "9:46",
        "10:17",
        "10:46",
        "11:17",
        "11:46",
        "12:56",
        "14:27",
        "15:56",
        "17:27",
        "17:56",
        "18:41",
        "19:27"
    ],
    "url": "https://www.kanachu.co.jp/dia/diagram/timetable01_js/course:0000803606-5/node:00126778/kt:0/lname:/"
}
