{
    "date": "2024/09/02",
    "name": "中田(横浜市泉区)",
    "position": "-",
    "system": "戸64",
    "destinations": [
        "中田小学校入口",
        "中西(横浜市泉区)",
        "立場駅",
        "谷戸入口(横浜市泉区)",
        "和泉(横浜市泉区)",
        "泉区総合庁舎前",
        "和泉坂上",
        "池ノ上(横浜市泉区)",
        "上飯田団地",
        "小学校前(横浜市泉区)",
        "児童公園前(横浜市泉区)",
        "団地入口(横浜市泉区)",
        "飯田神社前",
        "台村",
        "いちょう団地"
    ],
    "weekday": [
        "7:13",
        "8:39",
        "9:19",
        "9:49",
        "10:19",
        "10:49",
        "11:19",
        "11:49",
        "13:19",
        "14:59",
        "15:29",
        "15:59",
        "16:59",
        "17:29",
        "18:59",
        "19:43"
    ],
    "saturday": [
        "7:13",
        "8:39",
        "9:19",
        "9:49",
        "10:19",
        "10:49",
        "11:19",
        "11:49",
        "12:59",
        "14:30",
        "15:59",
        "17:30",
        "17:59",
        "18:44",
        "19:30"
    ],
    "holiday": [
        "7:13",
        "8:39",
        "9:20",
        "9:49",
        "10:20",
        "10:49",
        "11:20",
        "11:49",
        "12:59",
        "14:30",
        "15:59",
        "17:30",
        "17:59",
        "18:44",
        "19:30"
    ],
    "url": "https://www.kanachu.co.jp/dia/diagram/timetable01_js/course:0000803606-7/node:00126780/kt:0/lname:/"
}
