{
    "date": "2024/09/02",
    "name": "谷戸入口(横浜市泉区)",
    "position": "-",
    "system": "戸64",
    "destinations": [
        "和泉(横浜市泉区)",
        "泉区総合庁舎前",
        "和泉坂上",
        "池ノ上(横浜市泉区)",
        "上飯田団地",
        "小学校前(横浜市泉区)",
        "児童公園前(横浜市泉区)",
        "団地入口(横浜市泉区)",
        "飯田神社前",
        "台村",
        "いちょう団地"
    ],
    "weekday": [
        "7:20",
        "8:47",
        "9:27",
        "9:57",
        "10:27",
        "10:57",
        "11:27",
        "11:57",
        "13:27",
        "15:07",
        "15:37",
        "16:07",
        "17:07",
        "17:37",
        "19:07",
        "19:50"
    ],
    "saturday": [
        "7:20",
        "8:47",
        "9:27",
        "9:57",
        "10:27",
        "10:57",
        "11:27",
        "11:57",
        "13:07",
        "14:38",
        "16:07",
        "17:38",
        "18:07",
        "18:52",
        "19:38"
    ],
    "holiday": [
        "7:20",
        "8:47",
        "9:28",
        "9:57",
        "10:28",
        "10:57",
        "11:28",
        "11:57",
        "13:07",
        "14:38",
        "16:07",
        "17:38",
        "18:07",
        "18:52",
        "19:38"
    ],
    "url": "https://www.kanachu.co.jp/dia/diagram/timetable01_js/course:0000803606-11/node:00126784/kt:0/lname:/"
}
