{
    "date": "2024/09/02",
    "name": "池ノ上(横浜市泉区)",
    "position": "-",
    "system": "戸64",
    "destinations": [
        "上飯田団地",
        "小学校前(横浜市泉区)",
        "児童公園前(横浜市泉区)",
        "団地入口(横浜市泉区)",
        "飯田神社前",
        "台村",
        "いちょう団地"
    ],
    "weekday": [
        "7:26",
        "8:53",
        "9:33",
        "10:03",
        "10:33",
        "11:03",
        "11:33",
        "12:03",
        "13:33",
        "15:13",
        "15:43",
        "16:13",
        "17:13",
        "17:43",
        "19:13",
        "19:56"
    ],
    "saturday": [
        "7:26",
        "8:53",
        "9:33",
        "10:03",
        "10:33",
        "11:03",
        "11:33",
        "12:03",
        "13:13",
        "14:44",
        "16:13",
        "17:44",
        "18:13",
        "18:58",
        "19:44"
    ],
    "holiday": [
        "7:26",
        "8:53",
        "9:34",
        "10:03",
        "10:34",
        "11:03",
        "11:34",
        "12:03",
        "13:13",
        "14:44",
        "16:13",
        "17:44",
        "18:13",
        "18:58",
        "19:44"
    ],
    "url": "https://www.kanachu.co.jp/dia/diagram/timetable01_js/course:0000803606-15/node:00126906/kt:0/lname:/"
}
