{
    "date": "2024/09/02",
    "name": "上飯田団地",
    "position": "-",
    "system": "戸64",
    "destinations": [
        "小学校前(横浜市泉区)",
        "児童公園前(横浜市泉区)",
        "団地入口(横浜市泉区)",
        "飯田神社前",
        "台村",
        "いちょう団地"
    ],
    "weekday": [
        "7:28",
        "8:55",
        "9:35",
        "10:05",
        "10:35",
        "11:05",
        "11:35",
        "12:05",
        "13:35",
        "15:15",
        "15:45",
        "16:15",
        "17:15",
        "17:45",
        "19:15",
        "19:58"
    ],
    "saturday": [
        "7:28",
        "8:55",
        "9:35",
        "10:05",
        "10:35",
        "11:05",
        "11:35",
        "12:05",
        "13:15",
        "14:46",
        "16:15",
        "17:46",
        "18:15",
        "19:00",
        "19:46"
    ],
    "holiday": [
        "7:28",
        "8:55",
        "9:36",
        "10:05",
        "10:36",
        "11:05",
        "11:36",
        "12:05",
        "13:15",
        "14:46",
        "16:15",
        "17:46",
        "18:15",
        "19:00",
        "19:46"
    ],
    "url": "https://www.kanachu.co.jp/dia/diagram/timetable01_js/course:0000803606-16/node:00126807/kt:0/lname:/"
}
