{
    "date": "2024/09/02",
    "name": "小学校前(横浜市泉区)",
    "position": "-",
    "system": "戸64",
    "destinations": [
        "児童公園前(横浜市泉区)",
        "団地入口(横浜市泉区)",
        "飯田神社前",
        "台村",
        "いちょう団地"
    ],
    "weekday": [
        "7:29",
        "8:56",
        "9:36",
        "10:06",
        "10:36",
        "11:06",
        "11:36",
        "12:06",
        "13:36",
        "15:16",
        "15:46",
        "16:16",
        "17:16",
        "17:46",
        "19:16",
        "19:59"
    ],
    "saturday": [
        "7:29",
        "8:56",
        "9:36",
        "10:06",
        "10:36",
        "11:06",
        "11:36",
        "12:06",
        "13:16",
        "14:47",
        "16:16",
        "17:47",
        "18:16",
        "19:01",
        "19:47"
    ],
    "holiday": [
        "7:29",
        "8:56",
        "9:37",
        "10:06",
        "10:37",
        "11:06",
        "11:37",
        "12:06",
        "13:16",
        "14:47",
        "16:16",
        "17:47",
        "18:16",
        "19:01",
        "19:47"
    ],
    "url": "https://www.kanachu.co.jp/dia/diagram/timetable01_js/course:0000803606-17/node:00126806/kt:0/lname:/"
}
