{
    "date": "2024/09/02",
    "name": "児童公園前(横浜市泉区)",
    "position": "-",
    "system": "戸64",
    "destinations": [
        "団地入口(横浜市泉区)",
        "飯田神社前",
        "台村",
        "いちょう団地"
    ],
    "weekday": [
        "7:30",
        "8:57",
        "9:37",
        "10:07",
        "10:37",
        "11:07",
        "11:37",
        "12:07",
        "13:37",
        "15:17",
        "15:47",
        "16:17",
        "17:17",
        "17:47",
        "19:17",
        "20:00"
    ],
    "saturday": [
        "7:30",
        "8:57",
        "9:37",
        "10:07",
        "10:37",
        "11:07",
        "11:37",
        "12:07",
        "13:17",
        "14:48",
        "16:17",
        "17:48",
        "18:17",
        "19:02",
        "19:48"
    ],
    "holiday": [
        "7:30",
        "8:57",
        "9:38",
        "10:07",
        "10:38",
        "11:07",
        "11:38",
        "12:07",
        "13:17",
        "14:48",
        "16:17",
        "17:48",
        "18:17",
        "19:02",
        "19:48"
    ],
    "url": "https://www.kanachu.co.jp/dia/diagram/timetable01_js/course:0000803606-18/node:00126805/kt:0/lname:/"
}
