{
    "date": "2025/02/24",
    "name": "原宿(横浜市戸塚区)",
    "position": "-",
    "system": "戸56",
    "destinations": [
        "大運寺",
        "吹上(横浜市戸塚区)",
        "西横浜国際総合病院前",
        "新道大坂上",
        "大坂上(横浜市戸塚区)",
        "大坂台",
        "大坂下",
        "八坂神社前",
        "消防署前(横浜市戸塚区)",
        "戸塚駅西口",
        "戸塚バスセンター"
    ],
    "weekday": [
        "7:30",
        "19:03",
        "19:27",
        "20:37"
    ],
    "saturday": [],
    "holiday": [],
    "url": "https://www.kanachu.co.jp/dia/diagram/timetable01_js/course:0000803588-3/node:00126818/kt:0/lname:/"
}
