{
    "date": "2025/05/11",
    "name": "平島(鎌倉市)",
    "position": "-",
    "system": "船14",
    "destinations": [
        "鎌倉女子大前",
        "朝日平和台入口",
        "椎郷",
        "湘南ハイツ"
    ],
    "weekday": [
        "6:22",
        "6:42",
        "7:03",
        "7:26",
        "7:46",
        "8:06",
        "8:26"
    ],
    "saturday": [
        "7:16",
        "7:56",
        "8:36"
    ],
    "holiday": [
        "7:16",
        "7:56",
        "8:36"
    ],
    "url": "https://www.kanachu.co.jp/dia/diagram/timetable01_js/course:0000802811-6/node:00126504/kt:0/lname:/"
}
