{
    "date": "2025/05/11",
    "name": "鎌倉女子大前",
    "position": "-",
    "system": "船14",
    "destinations": [
        "朝日平和台入口",
        "椎郷",
        "湘南ハイツ"
    ],
    "weekday": [
        "6:23",
        "6:43",
        "7:04",
        "7:27",
        "7:47",
        "8:07",
        "8:27"
    ],
    "saturday": [
        "7:17",
        "7:57",
        "8:37"
    ],
    "holiday": [
        "7:17",
        "7:57",
        "8:37"
    ],
    "url": "https://www.kanachu.co.jp/dia/diagram/timetable01_js/course:0000802811-7/node:00126505/kt:0/lname:/"
}
