{
    "date": "2025/11/16",
    "name": "羽沢町",
    "position": "-",
    "system": "",
    "destinations": [
        "東泉寺前",
        "羽沢団地前",
        "三枚町",
        "生花市場前",
        "羽沢横浜国大駅前",
        "高山(横浜市神奈川区)",
        "羽沢南",
        "池の谷戸(横浜市保土ケ谷区)",
        "川島住宅",
        "杉山神社前(横浜市保土ケ谷区)",
        "上星川",
        "保土ヶ谷中学校前",
        "和田町(横浜市保土ケ谷区)",
        "常盤園下",
        "峰岡町",
        "峯小学校前",
        "宮田町(横浜市保土ケ谷区)",
        "洪福寺",
        "天王町(横浜市保土ケ谷区)",
        "天王町駅前",
        "大門通",
        "帷子町会館前",
        "保土ヶ谷駅西口"
    ],
    "weekday": [
        "6:53",
        "7:54",
        "8:35",
        "9:33",
        "10:33",
        "11:35",
        "12:35",
        "13:35",
        "14:35",
        "15:35",
        "16:35",
        "17:35",
        "18:35"
    ],
    "saturday": [
        "7:08",
        "8:10",
        "9:10",
        "10:09",
        "11:09",
        "12:12",
        "13:09",
        "14:10",
        "15:12",
        "16:11",
        "17:11",
        "18:13"
    ],
    "holiday": [
        "7:08",
        "8:11",
        "9:10",
        "10:09",
        "11:09",
        "12:09",
        "13:09",
        "14:10",
        "15:12",
        "16:11",
        "17:11",
        "18:11"
    ],
    "url": "https://www.kanachu.co.jp/dia/diagram/timetable01_js/course:0000802228-7/node:00102913/kt:0/lname:/"
}
