{
    "date": "2025/11/16",
    "name": "杉山神社前(横浜市保土ケ谷区)",
    "position": "-",
    "system": "",
    "destinations": [
        "上星川",
        "保土ヶ谷中学校前",
        "和田町(横浜市保土ケ谷区)",
        "常盤園下",
        "峰岡町",
        "峯小学校前",
        "宮田町(横浜市保土ケ谷区)",
        "洪福寺",
        "天王町(横浜市保土ケ谷区)",
        "天王町駅前",
        "大門通",
        "帷子町会館前",
        "保土ヶ谷駅西口"
    ],
    "weekday": [
        "7:06",
        "8:08",
        "8:49",
        "9:46",
        "10:46",
        "11:47",
        "12:47",
        "13:47",
        "14:47",
        "15:47",
        "16:47",
        "17:48",
        "18:48"
    ],
    "saturday": [
        "7:21",
        "8:23",
        "9:23",
        "10:22",
        "11:22",
        "12:25",
        "13:22",
        "14:23",
        "15:25",
        "16:24",
        "17:24",
        "18:26"
    ],
    "holiday": [
        "7:21",
        "8:24",
        "9:23",
        "10:22",
        "11:22",
        "12:22",
        "13:22",
        "14:23",
        "15:25",
        "16:24",
        "17:24",
        "18:24"
    ],
    "url": "https://www.kanachu.co.jp/dia/diagram/timetable01_js/course:0000802228-17/node:00102655/kt:0/lname:/"
}
