{
    "date": "2025/11/16",
    "name": "保土ヶ谷中学校前",
    "position": "-",
    "system": "",
    "destinations": [
        "和田町(横浜市保土ケ谷区)",
        "常盤園下",
        "峰岡町",
        "峯小学校前",
        "宮田町(横浜市保土ケ谷区)",
        "洪福寺",
        "天王町(横浜市保土ケ谷区)",
        "天王町駅前",
        "大門通",
        "帷子町会館前",
        "保土ヶ谷駅西口"
    ],
    "weekday": [
        "7:08",
        "8:10",
        "8:51",
        "9:48",
        "10:48",
        "11:49",
        "12:49",
        "13:49",
        "14:49",
        "15:49",
        "16:49",
        "17:50",
        "18:50"
    ],
    "saturday": [
        "7:23",
        "8:25",
        "9:25",
        "10:24",
        "11:24",
        "12:27",
        "13:24",
        "14:25",
        "15:27",
        "16:26",
        "17:26",
        "18:28"
    ],
    "holiday": [
        "7:23",
        "8:26",
        "9:25",
        "10:24",
        "11:24",
        "12:24",
        "13:24",
        "14:25",
        "15:27",
        "16:26",
        "17:26",
        "18:26"
    ],
    "url": "https://www.kanachu.co.jp/dia/diagram/timetable01_js/course:0000802228-19/node:00103040/kt:0/lname:/"
}
