{
    "system": "",
    "busstops": [
        {
            "index": "1",
            "id": "00019632",
            "name": "新横浜駅前",
            "lat": "35.507773",
            "lng": "139.616939"
        },
        {
            "index": "2",
            "id": "00019667",
            "name": "又口橋",
            "lat": "35.503152",
            "lng": "139.610159"
        },
        {
            "index": "3",
            "id": "00102493",
            "name": "港神境",
            "lat": "35.498522",
            "lng": "139.60647"
        },
        {
            "index": "4",
            "id": "00102657",
            "name": "菅田町入口",
            "lat": "35.495154",
            "lng": "139.602721"
        },
        {
            "index": "5",
            "id": "00102917",
            "name": "八反橋",
            "lat": "35.493971",
            "lng": "139.601195"
        },
        {
            "index": "6",
            "id": "00102912",
            "name": "羽沢下町",
            "lat": "35.492956",
            "lng": "139.594502"
        },
        {
            "index": "7",
            "id": "00102913",
            "name": "羽沢町",
            "lat": "35.492806",
            "lng": "139.592072"
        },
        {
            "index": "8",
            "id": "00102790",
            "name": "東泉寺前",
            "lat": "35.491623",
            "lng": "139.588701"
        },
        {
            "index": "9",
            "id": "00102914",
            "name": "羽沢団地前",
            "lat": "35.489484",
            "lng": "139.590439"
        },
        {
            "index": "10",
            "id": "00102558",
            "name": "三枚町",
            "lat": "35.486331",
            "lng": "139.59252"
        },
        {
            "index": "11",
            "id": "00129780",
            "name": "生花市場前",
            "lat": "35.485457",
            "lng": "139.590598"
        },
        {
            "index": "12",
            "id": "00129779",
            "name": "羽沢横浜国大駅前",
            "lat": "35.481057",
            "lng": "139.585525"
        },
        {
            "index": "13",
            "id": "00129778",
            "name": "高山(横浜市神奈川区)",
            "lat": "35.479957",
            "lng": "139.583023"
        },
        {
            "index": "14",
            "id": "00129777",
            "name": "羽沢南",
            "lat": "35.479274",
            "lng": "139.579756"
        },
        {
            "index": "15",
            "id": "00129776",
            "name": "池の谷戸(横浜市保土ケ谷区)",
            "lat": "35.476662",
            "lng": "139.576641"
        },
        {
            "index": "16",
            "id": "00129775",
            "name": "川島住宅",
            "lat": "35.475366",
            "lng": "139.576089"
        },
        {
            "index": "17",
            "id": "00102655",
            "name": "杉山神社前(横浜市保土ケ谷区)",
            "lat": "35.47078",
            "lng": "139.576784"
        },
        {
            "index": "18",
            "id": "00102369",
            "name": "上星川",
            "lat": "35.468222",
            "lng": "139.580329"
        },
        {
            "index": "19",
            "id": "00103040",
            "name": "保土ヶ谷中学校前",
            "lat": "35.466273",
            "lng": "139.58284"
        },
        {
            "index": "20",
            "id": "00103260",
            "name": "和田町(横浜市保土ケ谷区)",
            "lat": "35.464494",
            "lng": "139.590437"
        },
        {
            "index": "21",
            "id": "00102799",
            "name": "常盤園下",
            "lat": "35.463165",
            "lng": "139.592955"
        },
        {
            "index": "22",
            "id": "00103136",
            "name": "峰岡町",
            "lat": "35.461723",
            "lng": "139.595689"
        },
        {
            "index": "23",
            "id": "00103135",
            "name": "峯小学校前",
            "lat": "35.460104",
            "lng": "139.598768"
        },
        {
            "index": "24",
            "id": "00103140",
            "name": "宮田町(横浜市保土ケ谷区)",
            "lat": "35.457998",
            "lng": "139.603356"
        },
        {
            "index": "25",
            "id": "00102504",
            "name": "洪福寺",
            "lat": "35.456044",
            "lng": "139.605986"
        },
        {
            "index": "26",
            "id": "00102764",
            "name": "天王町(横浜市保土ケ谷区)",
            "lat": "35.454347",
            "lng": "139.604272"
        },
        {
            "index": "27",
            "id": "00102763",
            "name": "天王町駅前",
            "lat": "35.453032",
            "lng": "139.602941"
        },
        {
            "index": "28",
            "id": "00102687",
            "name": "大門通",
            "lat": "35.451694",
            "lng": "139.60182"
        },
        {
            "index": "29",
            "id": "00102405",
            "name": "帷子町会館前",
            "lat": "35.448539",
            "lng": "139.599238"
        },
        {
            "index": "30",
            "id": "00103044",
            "name": "保土ヶ谷駅西口",
            "lat": "35.446734",
            "lng": "139.59881"
        }
    ],
    "route_url": "https://www.kanachu.co.jp/dia/route/index/cid:0000802228/"
}
