{
    "date": "2017/01/16",
    "name": "箕輪(愛甲郡愛川町)",
    "position": "-",
    "system": "厚96",
    "destinations": [
        "愛川町役場",
        "箕輪辻",
        "愛川高校前",
        "高峰小学校前",
        "愛川ハイテク団地入口",
        "愛川ハイテク団地",
        "三増下宿",
        "三増",
        "中里遊園地前",
        "上三増"
    ],
    "weekday": [
        "7:49",
        "8:08"
    ],
    "saturday": [],
    "holiday": [],
    "url": "https://www.kanachu.co.jp/dia/diagram/timetable01_js/course:0000801394-24/node:00128326/kt:0/lname:/"
}
