{
    "date": "2025/12/20",
    "name": "学校入口(大和市)",
    "position": "-",
    "system": "間26",
    "destinations": [
        "住宅入口(大和市)",
        "上野原(大和市)",
        "山王塚(大和市)",
        "大和南",
        "天満宮(大和市)",
        "大和駅西口",
        "新橋通り(大和市)",
        "豊川稲荷前(大和市)",
        "市民活動拠点ベテルギウス前",
        "郵便局前(大和市)",
        "職業安定所前(大和市)",
        "市役所市立病院前",
        "市立病院(大和市)",
        "オークシティ前",
        "鶴間車庫"
    ],
    "weekday": [
        "7:46"
    ],
    "saturday": [],
    "holiday": [],
    "url": "https://www.kanachu.co.jp/dia/diagram/timetable01_js/course:0000803941-6/node:00129638/kt:0/lname:/"
}
