{
    "date": "2024/03/16",
    "name": "常盤町(茅ケ崎市)",
    "position": "-",
    "system": "辻15",
    "destinations": [
        "富士見町(茅ケ崎市)",
        "平和学園前(茅ケ崎市)",
        "浜須賀入口",
        "平和町",
        "松が丘二丁目(茅ケ崎市)",
        "東海岸北五丁目"
    ],
    "weekday": [
        "22:07",
        "22:42",
        "23:16"
    ],
    "saturday": [
        "22:36"
    ],
    "holiday": [
        "22:36"
    ],
    "url": "https://www.kanachu.co.jp/dia/diagram/timetable01_js/course:0000802922-6/node:00127280/kt:0/lname:/"
}
