{
    "date": "2024/03/16",
    "name": "浜須賀入口",
    "position": "-",
    "system": "辻15",
    "destinations": [
        "平和町",
        "松が丘二丁目(茅ケ崎市)",
        "東海岸北五丁目"
    ],
    "weekday": [
        "22:10",
        "22:45",
        "23:19"
    ],
    "saturday": [
        "22:39"
    ],
    "holiday": [
        "22:39"
    ],
    "url": "https://www.kanachu.co.jp/dia/diagram/timetable01_js/course:0000802922-9/node:00127269/kt:0/lname:/"
}
