{
    "date": "2024/11/16",
    "name": "柄沢橋",
    "position": "-",
    "system": "藤60",
    "destinations": [
        "ふじがおか幼稚園前",
        "藤が岡中央",
        "赤坂下",
        "村岡",
        "藤沢駅北口"
    ],
    "weekday": [
        "6:40",
        "7:00",
        "7:21",
        "7:41",
        "8:01",
        "9:01",
        "10:01",
        "11:01",
        "12:01",
        "13:01",
        "14:01",
        "15:01",
        "15:41",
        "16:26",
        "17:11",
        "17:56",
        "18:40",
        "19:03",
        "19:33",
        "20:03",
        "20:33",
        "21:05",
        "21:45"
    ],
    "saturday": [
        "7:24",
        "8:24",
        "9:24",
        "10:24",
        "11:24",
        "12:24",
        "13:24",
        "14:24",
        "15:24",
        "16:24",
        "17:24",
        "18:24",
        "19:23",
        "20:23"
    ],
    "holiday": [
        "7:24",
        "8:24",
        "9:24",
        "10:24",
        "11:24",
        "12:24",
        "13:24",
        "14:24",
        "15:24",
        "16:24",
        "17:24",
        "18:24",
        "19:23",
        "20:23"
    ],
    "url": "https://www.kanachu.co.jp/dia/diagram/timetable01_js/course:0000802102-12/node:00126984/kt:0/lname:/"
}
