{
    "date": "2024/11/16",
    "name": "村岡",
    "position": "-",
    "system": "藤60",
    "destinations": [
        "藤沢駅北口"
    ],
    "weekday": [
        "6:44",
        "7:05",
        "7:26",
        "7:46",
        "8:06",
        "9:06",
        "10:06",
        "11:06",
        "12:06",
        "13:06",
        "14:06",
        "15:06",
        "15:46",
        "16:31",
        "17:16",
        "18:01",
        "18:44",
        "19:07",
        "19:37",
        "20:07",
        "20:37",
        "21:09",
        "21:49"
    ],
    "saturday": [
        "7:29",
        "8:29",
        "9:29",
        "10:29",
        "11:29",
        "12:29",
        "13:29",
        "14:29",
        "15:29",
        "16:29",
        "17:29",
        "18:29",
        "19:27",
        "20:27"
    ],
    "holiday": [
        "7:29",
        "8:29",
        "9:29",
        "10:29",
        "11:29",
        "12:29",
        "13:29",
        "14:29",
        "15:29",
        "16:29",
        "17:29",
        "18:29",
        "19:27",
        "20:27"
    ],
    "url": "https://www.kanachu.co.jp/dia/diagram/timetable01_js/course:0000802102-16/node:00130316/kt:0/lname:/"
}
