{
    "date": "2024/09/02",
    "name": "元町(横浜市戸塚区)",
    "position": "-",
    "system": "戸39",
    "destinations": [
        "ブリヂストン前",
        "不動坂(横浜市戸塚区)",
        "富士橋",
        "上矢部インター",
        "上矢部",
        "日の森",
        "下岡津",
        "岡津",
        "西林寺入口",
        "領家谷",
        "金堀谷",
        "白百合台団地",
        "西が岡三丁目",
        "福祉センター前(横浜市泉区)",
        "西が岡一丁目",
        "親善病院前",
        "弥生台駅"
    ],
    "weekday": [
        "6:15",
        "6:37",
        "7:05",
        "7:46",
        "8:14",
        "8:29",
        "8:53",
        "9:13",
        "9:25",
        "9:39",
        "10:13",
        "10:37",
        "11:13",
        "11:37",
        "12:13",
        "12:37",
        "13:13",
        "13:37",
        "14:13",
        "14:37",
        "15:13",
        "15:37",
        "16:09",
        "16:29",
        "17:09",
        "17:39",
        "17:51",
        "18:09",
        "18:27",
        "18:39",
        "18:57",
        "19:09",
        "19:45",
        "20:03",
        "21:00",
        "21:40",
        "22:05"
    ],
    "saturday": [
        "7:00",
        "7:29",
        "7:52",
        "8:13",
        "8:36",
        "8:53",
        "9:35",
        "9:55",
        "10:35",
        "10:55",
        "11:37",
        "12:13",
        "12:37",
        "13:13",
        "13:37",
        "14:13",
        "14:37",
        "15:13",
        "15:37",
        "16:13",
        "16:55",
        "17:35",
        "17:55",
        "18:35",
        "18:55",
        "19:35",
        "19:55",
        "20:53"
    ],
    "holiday": [
        "7:14",
        "7:44",
        "8:10",
        "8:46",
        "9:15",
        "9:55",
        "10:35",
        "10:55",
        "11:37",
        "12:10",
        "13:10",
        "14:10",
        "15:13",
        "15:37",
        "16:10",
        "17:01",
        "17:37",
        "18:01",
        "18:37",
        "19:01",
        "19:37",
        "20:01",
        "20:49"
    ],
    "url": "https://www.kanachu.co.jp/dia/diagram/timetable01_js/course:0000803546-2/node:00126611/kt:0/lname:/"
}
