{
    "date": "2024/09/02",
    "name": "ブリヂストン前",
    "position": "-",
    "system": "戸39",
    "destinations": [
        "不動坂(横浜市戸塚区)",
        "富士橋",
        "上矢部インター",
        "上矢部",
        "日の森",
        "下岡津",
        "岡津",
        "西林寺入口",
        "領家谷",
        "金堀谷",
        "白百合台団地",
        "西が岡三丁目",
        "福祉センター前(横浜市泉区)",
        "西が岡一丁目",
        "親善病院前",
        "弥生台駅"
    ],
    "weekday": [
        "6:16",
        "6:38",
        "7:06",
        "7:47",
        "8:15",
        "8:30",
        "8:54",
        "9:14",
        "9:26",
        "9:40",
        "10:14",
        "10:38",
        "11:14",
        "11:38",
        "12:14",
        "12:38",
        "13:14",
        "13:38",
        "14:14",
        "14:38",
        "15:14",
        "15:38",
        "16:10",
        "16:30",
        "17:10",
        "17:40",
        "17:52",
        "18:10",
        "18:28",
        "18:40",
        "18:58",
        "19:10",
        "19:46",
        "20:04",
        "21:01",
        "21:41",
        "22:06"
    ],
    "saturday": [
        "7:01",
        "7:30",
        "7:53",
        "8:14",
        "8:37",
        "8:54",
        "9:36",
        "9:56",
        "10:36",
        "10:56",
        "11:38",
        "12:14",
        "12:38",
        "13:14",
        "13:38",
        "14:14",
        "14:38",
        "15:14",
        "15:38",
        "16:14",
        "16:56",
        "17:36",
        "17:56",
        "18:36",
        "18:56",
        "19:36",
        "19:56",
        "20:54"
    ],
    "holiday": [
        "7:15",
        "7:45",
        "8:11",
        "8:47",
        "9:16",
        "9:56",
        "10:36",
        "10:56",
        "11:38",
        "12:11",
        "13:11",
        "14:11",
        "15:14",
        "15:38",
        "16:11",
        "17:02",
        "17:38",
        "18:02",
        "18:38",
        "19:02",
        "19:38",
        "20:02",
        "20:50"
    ],
    "url": "https://www.kanachu.co.jp/dia/diagram/timetable01_js/course:0000803546-3/node:00126612/kt:0/lname:/"
}
