{
    "date": "2024/09/02",
    "name": "下岡津",
    "position": "-",
    "system": "戸39",
    "destinations": [
        "岡津",
        "西林寺入口",
        "領家谷",
        "金堀谷",
        "白百合台団地",
        "西が岡三丁目",
        "福祉センター前(横浜市泉区)",
        "西が岡一丁目",
        "親善病院前",
        "弥生台駅"
    ],
    "weekday": [
        "6:23",
        "6:45",
        "7:16",
        "7:57",
        "8:25",
        "8:40",
        "9:04",
        "9:23",
        "9:35",
        "9:49",
        "10:23",
        "10:47",
        "11:23",
        "11:47",
        "12:23",
        "12:47",
        "13:23",
        "13:47",
        "14:23",
        "14:47",
        "15:23",
        "15:47",
        "16:19",
        "16:39",
        "17:20",
        "17:50",
        "18:02",
        "18:20",
        "18:38",
        "18:50",
        "19:05",
        "19:17",
        "19:53",
        "20:11",
        "21:08",
        "21:48",
        "22:13"
    ],
    "saturday": [
        "7:08",
        "7:37",
        "8:00",
        "8:21",
        "8:44",
        "9:01",
        "9:43",
        "10:03",
        "10:43",
        "11:03",
        "11:45",
        "12:21",
        "12:45",
        "13:21",
        "13:45",
        "14:23",
        "14:47",
        "15:23",
        "15:47",
        "16:23",
        "17:05",
        "17:45",
        "18:05",
        "18:44",
        "19:04",
        "19:44",
        "20:03",
        "21:01"
    ],
    "holiday": [
        "7:22",
        "7:52",
        "8:18",
        "8:54",
        "9:23",
        "10:03",
        "10:43",
        "11:03",
        "11:45",
        "12:18",
        "13:18",
        "14:20",
        "15:23",
        "15:47",
        "16:20",
        "17:11",
        "17:47",
        "18:10",
        "18:46",
        "19:10",
        "19:46",
        "20:09",
        "20:57"
    ],
    "url": "https://www.kanachu.co.jp/dia/diagram/timetable01_js/course:0000803546-9/node:00126672/kt:0/lname:/"
}
