{
    "date": "2024/09/02",
    "name": "西林寺入口",
    "position": "-",
    "system": "戸39",
    "destinations": [
        "領家谷",
        "金堀谷",
        "白百合台団地",
        "西が岡三丁目",
        "福祉センター前(横浜市泉区)",
        "西が岡一丁目",
        "親善病院前",
        "弥生台駅"
    ],
    "weekday": [
        "6:25",
        "6:47",
        "7:18",
        "7:59",
        "8:27",
        "8:42",
        "9:06",
        "9:25",
        "9:37",
        "9:51",
        "10:25",
        "10:49",
        "11:25",
        "11:49",
        "12:25",
        "12:49",
        "13:25",
        "13:49",
        "14:25",
        "14:49",
        "15:25",
        "15:49",
        "16:21",
        "16:41",
        "17:22",
        "17:52",
        "18:04",
        "18:22",
        "18:40",
        "18:52",
        "19:07",
        "19:19",
        "19:55",
        "20:13",
        "21:10",
        "21:50",
        "22:15"
    ],
    "saturday": [
        "7:10",
        "7:39",
        "8:02",
        "8:23",
        "8:46",
        "9:03",
        "9:45",
        "10:05",
        "10:45",
        "11:05",
        "11:47",
        "12:23",
        "12:47",
        "13:23",
        "13:47",
        "14:25",
        "14:49",
        "15:25",
        "15:49",
        "16:25",
        "17:07",
        "17:47",
        "18:07",
        "18:46",
        "19:06",
        "19:46",
        "20:05",
        "21:03"
    ],
    "holiday": [
        "7:24",
        "7:54",
        "8:20",
        "8:56",
        "9:25",
        "10:05",
        "10:45",
        "11:05",
        "11:47",
        "12:20",
        "13:20",
        "14:22",
        "15:25",
        "15:49",
        "16:22",
        "17:13",
        "17:49",
        "18:12",
        "18:48",
        "19:12",
        "19:48",
        "20:11",
        "20:59"
    ],
    "url": "https://www.kanachu.co.jp/dia/diagram/timetable01_js/course:0000803546-11/node:00126690/kt:0/lname:/"
}
