{
    "date": "2024/09/02",
    "name": "金堀谷",
    "position": "-",
    "system": "戸39",
    "destinations": [
        "白百合台団地",
        "西が岡三丁目",
        "福祉センター前(横浜市泉区)",
        "西が岡一丁目",
        "親善病院前",
        "弥生台駅"
    ],
    "weekday": [
        "6:27",
        "6:49",
        "7:20",
        "8:01",
        "8:29",
        "8:44",
        "9:08",
        "9:27",
        "9:39",
        "9:53",
        "10:27",
        "10:51",
        "11:27",
        "11:51",
        "12:27",
        "12:51",
        "13:27",
        "13:51",
        "14:27",
        "14:51",
        "15:27",
        "15:51",
        "16:23",
        "16:43",
        "17:24",
        "17:54",
        "18:06",
        "18:24",
        "18:42",
        "18:54",
        "19:09",
        "19:21",
        "19:57",
        "20:15",
        "21:12",
        "21:52",
        "22:17"
    ],
    "saturday": [
        "7:12",
        "7:41",
        "8:04",
        "8:25",
        "8:48",
        "9:05",
        "9:47",
        "10:07",
        "10:47",
        "11:07",
        "11:49",
        "12:25",
        "12:49",
        "13:25",
        "13:49",
        "14:27",
        "14:51",
        "15:27",
        "15:51",
        "16:27",
        "17:09",
        "17:49",
        "18:09",
        "18:48",
        "19:08",
        "19:48",
        "20:07",
        "21:05"
    ],
    "holiday": [
        "7:26",
        "7:56",
        "8:22",
        "8:58",
        "9:27",
        "10:07",
        "10:47",
        "11:07",
        "11:49",
        "12:22",
        "13:22",
        "14:24",
        "15:27",
        "15:51",
        "16:24",
        "17:15",
        "17:51",
        "18:14",
        "18:50",
        "19:14",
        "19:50",
        "20:13",
        "21:01"
    ],
    "url": "https://www.kanachu.co.jp/dia/diagram/timetable01_js/course:0000803546-13/node:00126692/kt:0/lname:/"
}
