{
    "date": "2025/07/12",
    "name": "善行南",
    "position": "-",
    "system": "藤36",
    "destinations": [
        "善行",
        "花の木(藤沢市)",
        "伊勢山入口",
        "台町(藤沢市)",
        "白旗交差点",
        "本町小学校前(藤沢市)",
        "南仲通り二丁目",
        "南仲通り",
        "相生町(藤沢市)",
        "三富士町",
        "藤沢駅北口"
    ],
    "weekday": [],
    "saturday": [
        "10:19",
        "11:24",
        "13:29"
    ],
    "holiday": [
        "10:19",
        "11:24",
        "13:29"
    ],
    "url": "https://www.kanachu.co.jp/dia/diagram/timetable01_js/course:0000800743-4/node:00127070/kt:0/lname:/"
}
