{
    "system": "藤36",
    "busstops": [
        {
            "index": "1",
            "id": "00127073",
            "name": "善行駅",
            "lat": "35.363136",
            "lng": "139.47303"
        },
        {
            "index": "2",
            "id": "00127072",
            "name": "善行二丁目",
            "lat": "35.364167",
            "lng": "139.470654"
        },
        {
            "index": "3",
            "id": "00127071",
            "name": "善行大橋",
            "lat": "35.36024",
            "lng": "139.470995"
        },
        {
            "index": "4",
            "id": "00127070",
            "name": "善行南",
            "lat": "35.358316",
            "lng": "139.472829"
        },
        {
            "index": "5",
            "id": "00127069",
            "name": "善行",
            "lat": "35.355568",
            "lng": "139.473737"
        },
        {
            "index": "6",
            "id": "00127068",
            "name": "花の木(藤沢市)",
            "lat": "35.351943",
            "lng": "139.474198"
        },
        {
            "index": "7",
            "id": "00127063",
            "name": "伊勢山入口",
            "lat": "35.34995",
            "lng": "139.474894"
        },
        {
            "index": "8",
            "id": "00127049",
            "name": "台町(藤沢市)",
            "lat": "35.347419",
            "lng": "139.476887"
        },
        {
            "index": "9",
            "id": "00127012",
            "name": "白旗交差点",
            "lat": "35.347414",
            "lng": "139.478581"
        },
        {
            "index": "10",
            "id": "00127109",
            "name": "本町小学校前(藤沢市)",
            "lat": "35.345294",
            "lng": "139.479986"
        },
        {
            "index": "11",
            "id": "00127110",
            "name": "南仲通り二丁目",
            "lat": "35.343964",
            "lng": "139.481279"
        },
        {
            "index": "12",
            "id": "00126973",
            "name": "南仲通り",
            "lat": "35.341886",
            "lng": "139.48157"
        },
        {
            "index": "13",
            "id": "00126972",
            "name": "相生町(藤沢市)",
            "lat": "35.340664",
            "lng": "139.481523"
        },
        {
            "index": "14",
            "id": "00126971",
            "name": "三富士町",
            "lat": "35.339451",
            "lng": "139.484576"
        },
        {
            "index": "15",
            "id": "00126970",
            "name": "藤沢駅北口",
            "lat": "35.339374",
            "lng": "139.488059"
        }
    ],
    "route_url": "https://www.kanachu.co.jp/dia/route/index/cid:0000800743/"
}
