{
    "system": "厚10",
    "busstops": [
        {
            "index": "1",
            "id": "00128295",
            "name": "半原",
            "lat": "35.545328",
            "lng": "139.266545"
        },
        {
            "index": "2",
            "id": "00128301",
            "name": "川北(愛甲郡愛川町)",
            "lat": "35.545522",
            "lng": "139.263917"
        },
        {
            "index": "3",
            "id": "00128300",
            "name": "愛川大橋",
            "lat": "35.542523",
            "lng": "139.262026"
        },
        {
            "index": "4",
            "id": "00128696",
            "name": "馬場(愛甲郡愛川町)",
            "lat": "35.54071",
            "lng": "139.263746"
        },
        {
            "index": "5",
            "id": "00128299",
            "name": "野外センター前",
            "lat": "35.540431",
            "lng": "139.268047"
        },
        {
            "index": "6",
            "id": "00128298",
            "name": "原臼",
            "lat": "35.536237",
            "lng": "139.271713"
        },
        {
            "index": "7",
            "id": "00128297",
            "name": "細野橋",
            "lat": "35.532395",
            "lng": "139.275049"
        },
        {
            "index": "8",
            "id": "00128296",
            "name": "清雲寺入口",
            "lat": "35.532964",
            "lng": "139.279396"
        },
        {
            "index": "9",
            "id": "00128284",
            "name": "半僧坊前",
            "lat": "35.520731",
            "lng": "139.29255"
        },
        {
            "index": "10",
            "id": "00128283",
            "name": "平山坂上",
            "lat": "35.516413",
            "lng": "139.2963"
        },
        {
            "index": "11",
            "id": "00128282",
            "name": "上荻野車庫前",
            "lat": "35.513446",
            "lng": "139.300053"
        },
        {
            "index": "12",
            "id": "00128281",
            "name": "上荻野",
            "lat": "35.509821",
            "lng": "139.304317"
        },
        {
            "index": "13",
            "id": "00128280",
            "name": "新道橋(厚木市)",
            "lat": "35.507814",
            "lng": "139.30725"
        },
        {
            "index": "14",
            "id": "00128279",
            "name": "相州病院",
            "lat": "35.506127",
            "lng": "139.308999"
        },
        {
            "index": "15",
            "id": "00128278",
            "name": "源氏河原",
            "lat": "35.504373",
            "lng": "139.3101"
        },
        {
            "index": "16",
            "id": "00128277",
            "name": "泉(厚木市)",
            "lat": "35.499941",
            "lng": "139.313087"
        },
        {
            "index": "17",
            "id": "00128276",
            "name": "久保(厚木市)",
            "lat": "35.496199",
            "lng": "139.315854"
        },
        {
            "index": "18",
            "id": "00128275",
            "name": "東谷戸入口",
            "lat": "35.493888",
            "lng": "139.318412"
        },
        {
            "index": "19",
            "id": "00128274",
            "name": "荻野神社入口",
            "lat": "35.490108",
            "lng": "139.323587"
        },
        {
            "index": "20",
            "id": "00128273",
            "name": "鳶尾山前",
            "lat": "35.488935",
            "lng": "139.324667"
        },
        {
            "index": "21",
            "id": "00128272",
            "name": "稲荷木",
            "lat": "35.486371",
            "lng": "139.327105"
        },
        {
            "index": "22",
            "id": "00128689",
            "name": "新道公所",
            "lat": "35.484027",
            "lng": "139.330104"
        },
        {
            "index": "23",
            "id": "00128688",
            "name": "山中陣屋跡公園前",
            "lat": "35.479561",
            "lng": "139.333115"
        },
        {
            "index": "24",
            "id": "00128687",
            "name": "天台上野原",
            "lat": "35.471457",
            "lng": "139.339416"
        },
        {
            "index": "25",
            "id": "00128686",
            "name": "及川球技場入口",
            "lat": "35.466516",
            "lng": "139.344583"
        },
        {
            "index": "26",
            "id": "00128685",
            "name": "林中学校入口",
            "lat": "35.45742",
            "lng": "139.351074"
        },
        {
            "index": "27",
            "id": "00128397",
            "name": "愛光病院前",
            "lat": "35.450528",
            "lng": "139.356171"
        },
        {
            "index": "28",
            "id": "00025684",
            "name": "本厚木駅",
            "lat": "35.440542",
            "lng": "139.363859"
        },
        {
            "index": "29",
            "id": "00128256",
            "name": "厚木バスセンター",
            "lat": "35.441107",
            "lng": "139.36685"
        }
    ],
    "route_url": "https://www.kanachu.co.jp/dia/route/index/cid:0000802180/"
}
