{
    "date": "2025/01/14",
    "name": "片岸(厚木市)",
    "position": "-",
    "system": "厚34",
    "destinations": [
        "温水",
        "高坪入口",
        "南毛利小学校前",
        "清水(厚木市)",
        "観音坂",
        "上長谷(厚木市)",
        "愛名入口",
        "小野宮前",
        "小野橋(厚木市)",
        "中屋橋",
        "玉川農協前",
        "玉川公民館前",
        "日向川",
        "馬場リハビリ入口",
        "七沢温泉入口",
        "七沢病院入口",
        "広沢寺温泉入口",
        "七沢"
    ],
    "weekday": [
        "21:07",
        "22:17"
    ],
    "saturday": [
        "20:07",
        "21:27"
    ],
    "holiday": [
        "20:07"
    ],
    "url": "https://www.kanachu.co.jp/dia/diagram/timetable01_js/course:0000800517-7/node:00128442/kt:0/lname:/"
}
