{
    "date": "2025/01/14",
    "name": "上長谷(厚木市)",
    "position": "-",
    "system": "厚34",
    "destinations": [
        "愛名入口",
        "小野宮前",
        "小野橋(厚木市)",
        "中屋橋",
        "玉川農協前",
        "玉川公民館前",
        "日向川",
        "馬場リハビリ入口",
        "七沢温泉入口",
        "七沢病院入口",
        "広沢寺温泉入口",
        "七沢"
    ],
    "weekday": [
        "21:11",
        "22:21"
    ],
    "saturday": [
        "20:11",
        "21:31"
    ],
    "holiday": [
        "20:11"
    ],
    "url": "https://www.kanachu.co.jp/dia/diagram/timetable01_js/course:0000800517-13/node:00128447/kt:0/lname:/"
}
