{
    "date": "2025/01/14",
    "name": "馬場リハビリ入口",
    "position": "-",
    "system": "厚34",
    "destinations": [
        "七沢温泉入口",
        "七沢病院入口",
        "広沢寺温泉入口",
        "七沢"
    ],
    "weekday": [
        "21:19",
        "22:29"
    ],
    "saturday": [
        "20:19",
        "21:39"
    ],
    "holiday": [
        "20:19"
    ],
    "url": "https://www.kanachu.co.jp/dia/diagram/timetable01_js/course:0000800517-21/node:00128455/kt:0/lname:/"
}
