{
    "date": "2026/01/16",
    "name": "全農前",
    "position": "-",
    "system": "平09",
    "destinations": [
        "小松前",
        "小松電子前",
        "東八幡工業団地",
        "東八幡五丁目",
        "不動ケミカル前",
        "工業団地(平塚市)",
        "関西ペイント前(平塚市)",
        "古河電工前(平塚市)",
        "馬入境",
        "長瀞",
        "馬入ふれあい公園入口",
        "工業団地入口(平塚市)",
        "馬入橋",
        "蔵屋敷",
        "松原(平塚市)",
        "四ツ角(平塚市)",
        "平塚駅北口"
    ],
    "weekday": [
        "6:24",
        "17:08",
        "17:13",
        "17:17",
        "17:24",
        "17:34",
        "17:45",
        "18:16",
        "18:32",
        "19:13",
        "19:32",
        "20:05",
        "20:42",
        "21:32"
    ],
    "saturday": [
        "17:17"
    ],
    "holiday": [],
    "url": "https://www.kanachu.co.jp/dia/diagram/timetable01_js/course:0000804207-1/node:00127674/kt:0/lname:/"
}
