{
    "date": "2026/01/16",
    "name": "東八幡工業団地",
    "position": "-",
    "system": "平09",
    "destinations": [
        "東八幡五丁目",
        "不動ケミカル前",
        "工業団地(平塚市)",
        "関西ペイント前(平塚市)",
        "古河電工前(平塚市)",
        "馬入境",
        "長瀞",
        "馬入ふれあい公園入口",
        "工業団地入口(平塚市)",
        "馬入橋",
        "蔵屋敷",
        "松原(平塚市)",
        "四ツ角(平塚市)",
        "平塚駅北口"
    ],
    "weekday": [
        "6:25",
        "17:09",
        "17:14",
        "17:18",
        "17:25",
        "17:35",
        "17:46",
        "18:17",
        "18:33",
        "19:14",
        "19:33",
        "20:06",
        "20:43",
        "21:33"
    ],
    "saturday": [
        "17:18"
    ],
    "holiday": [],
    "url": "https://www.kanachu.co.jp/dia/diagram/timetable01_js/course:0000804207-4/node:00127677/kt:0/lname:/"
}
