{
    "date": "2026/01/16",
    "name": "不動ケミカル前",
    "position": "-",
    "system": "平09",
    "destinations": [
        "工業団地(平塚市)",
        "関西ペイント前(平塚市)",
        "古河電工前(平塚市)",
        "馬入境",
        "長瀞",
        "馬入ふれあい公園入口",
        "工業団地入口(平塚市)",
        "馬入橋",
        "蔵屋敷",
        "松原(平塚市)",
        "四ツ角(平塚市)",
        "平塚駅北口"
    ],
    "weekday": [
        "6:26",
        "17:10",
        "17:15",
        "17:19",
        "17:26",
        "17:36",
        "17:47",
        "18:18",
        "18:34",
        "19:15",
        "19:34",
        "20:07",
        "20:44",
        "21:34"
    ],
    "saturday": [
        "17:19"
    ],
    "holiday": [],
    "url": "https://www.kanachu.co.jp/dia/diagram/timetable01_js/course:0000804207-6/node:00127678/kt:0/lname:/"
}
