{
    "date": "2026/01/16",
    "name": "馬入橋",
    "position": "-",
    "system": "平09",
    "destinations": [
        "蔵屋敷",
        "松原(平塚市)",
        "四ツ角(平塚市)",
        "平塚駅北口"
    ],
    "weekday": [
        "6:33",
        "17:17",
        "17:22",
        "17:26",
        "17:33",
        "17:43",
        "17:54",
        "18:25",
        "18:41",
        "19:22",
        "19:41",
        "20:14",
        "20:51",
        "21:41"
    ],
    "saturday": [
        "17:26"
    ],
    "holiday": [],
    "url": "https://www.kanachu.co.jp/dia/diagram/timetable01_js/course:0000804207-14/node:00127187/kt:0/lname:/"
}
