{
    "date": "2025/02/24",
    "name": "八坂神社前",
    "position": "-",
    "system": "戸52",
    "destinations": [
        "大坂下",
        "大坂台",
        "大坂上(横浜市戸塚区)",
        "新道大坂上",
        "西横浜国際総合病院前",
        "吹上(横浜市戸塚区)",
        "大運寺",
        "横浜医療センター前",
        "三叉路(横浜市戸塚区)",
        "横浜薬大南門",
        "俣野公園・横浜薬大前"
    ],
    "weekday": [
        "6:01",
        "6:13",
        "7:16",
        "7:48",
        "8:14",
        "16:11",
        "19:28",
        "20:03",
        "20:24",
        "20:38",
        "20:52",
        "21:08",
        "21:35",
        "21:53",
        "22:12",
        "22:32",
        "22:52",
        "23:13",
        "23:28",
        "23:43",
        "24:03",
        "24:22",
        "24:38"
    ],
    "saturday": [
        "20:03",
        "20:23",
        "20:43",
        "21:03",
        "21:23",
        "21:43",
        "22:03",
        "22:28",
        "22:58",
        "23:13"
    ],
    "holiday": [
        "20:03",
        "20:27",
        "20:51",
        "21:15",
        "21:39",
        "22:03",
        "22:28",
        "22:58",
        "23:13"
    ],
    "url": "https://www.kanachu.co.jp/dia/diagram/timetable01_js/course:0000803582-3/node:00126810/kt:0/lname:/"
}
