{
    "date": "2025/02/24",
    "name": "大運寺",
    "position": "-",
    "system": "戸52",
    "destinations": [
        "横浜医療センター前",
        "三叉路(横浜市戸塚区)",
        "横浜薬大南門",
        "俣野公園・横浜薬大前"
    ],
    "weekday": [
        "6:08",
        "6:20",
        "7:24",
        "7:57",
        "8:23",
        "16:19",
        "19:36",
        "20:11",
        "20:32",
        "20:46",
        "21:00",
        "21:15",
        "21:42",
        "22:00",
        "22:19",
        "22:39",
        "22:59",
        "23:20",
        "23:35",
        "23:50",
        "24:10",
        "24:29",
        "24:45"
    ],
    "saturday": [
        "20:11",
        "20:31",
        "20:51",
        "21:10",
        "21:30",
        "21:50",
        "22:10",
        "22:35",
        "23:05",
        "23:20"
    ],
    "holiday": [
        "20:11",
        "20:35",
        "20:59",
        "21:22",
        "21:46",
        "22:10",
        "22:35",
        "23:05",
        "23:20"
    ],
    "url": "https://www.kanachu.co.jp/dia/diagram/timetable01_js/course:0000803582-10/node:00126817/kt:0/lname:/"
}
