{
    "date": "2025/02/24",
    "name": "横浜薬大南門",
    "position": "-",
    "system": "戸52",
    "destinations": [
        "俣野公園・横浜薬大前"
    ],
    "weekday": [
        "6:13",
        "6:25",
        "7:29",
        "8:03",
        "8:29",
        "16:24",
        "19:41",
        "20:16",
        "20:37",
        "20:51",
        "21:05",
        "21:20",
        "21:47",
        "22:05",
        "22:24",
        "22:44",
        "23:04",
        "23:25",
        "23:40",
        "23:55",
        "24:15",
        "24:34",
        "24:50"
    ],
    "saturday": [
        "20:16",
        "20:36",
        "20:56",
        "21:15",
        "21:35",
        "21:55",
        "22:15",
        "22:40",
        "23:10",
        "23:25"
    ],
    "holiday": [
        "20:16",
        "20:40",
        "21:04",
        "21:27",
        "21:51",
        "22:15",
        "22:40",
        "23:10",
        "23:25"
    ],
    "url": "https://www.kanachu.co.jp/dia/diagram/timetable01_js/course:0000803582-13/node:00126821/kt:0/lname:/"
}
