{
    "date": "2025/11/16",
    "name": "総合公園(平塚市)",
    "position": "-",
    "system": "平68",
    "destinations": [
        "平塚球場",
        "西新町(平塚市)",
        "中原東(平塚市)",
        "中原中宿",
        "伊勢山(平塚市)",
        "住宅前(平塚市)",
        "大野中学校前",
        "西真土",
        "大野農協前",
        "市場前(平塚市)",
        "坂口(平塚市)",
        "今里(平塚市)",
        "横内団地前",
        "横内下",
        "横内公民館入口",
        "横内四ツ角",
        "横内上",
        "枝大島入口",
        "下小稲葉",
        "新屋(伊勢原市)",
        "西屋(伊勢原市)",
        "下落合(伊勢原市)",
        "長沼(厚木市)",
        "上落合(厚木市)",
        "堤下(厚木市)",
        "田谷(厚木市)",
        "片平入口",
        "愛甲石田駅"
    ],
    "weekday": [
        "7:04",
        "9:04",
        "10:04",
        "11:54",
        "12:44",
        "14:26",
        "15:24",
        "16:46",
        "18:21",
        "19:19"
    ],
    "saturday": [
        "7:39",
        "9:14",
        "10:44",
        "15:44",
        "17:09",
        "18:14"
    ],
    "holiday": [
        "7:39",
        "9:14",
        "10:44",
        "15:44",
        "17:09",
        "18:14"
    ],
    "url": "https://www.kanachu.co.jp/dia/diagram/timetable01_js/course:0000803935-8/node:00127600/kt:0/lname:/"
}
