{
    "date": "2025/11/16",
    "name": "中原中宿",
    "position": "-",
    "system": "平68",
    "destinations": [
        "伊勢山(平塚市)",
        "住宅前(平塚市)",
        "大野中学校前",
        "西真土",
        "大野農協前",
        "市場前(平塚市)",
        "坂口(平塚市)",
        "今里(平塚市)",
        "横内団地前",
        "横内下",
        "横内公民館入口",
        "横内四ツ角",
        "横内上",
        "枝大島入口",
        "下小稲葉",
        "新屋(伊勢原市)",
        "西屋(伊勢原市)",
        "下落合(伊勢原市)",
        "長沼(厚木市)",
        "上落合(厚木市)",
        "堤下(厚木市)",
        "田谷(厚木市)",
        "片平入口",
        "愛甲石田駅"
    ],
    "weekday": [
        "7:08",
        "9:08",
        "10:08",
        "11:58",
        "12:48",
        "14:30",
        "15:28",
        "16:50",
        "18:25",
        "19:23"
    ],
    "saturday": [
        "7:43",
        "9:18",
        "10:48",
        "15:48",
        "17:13",
        "18:18"
    ],
    "holiday": [
        "7:43",
        "9:18",
        "10:48",
        "15:48",
        "17:13",
        "18:18"
    ],
    "url": "https://www.kanachu.co.jp/dia/diagram/timetable01_js/course:0000803935-12/node:00127604/kt:0/lname:/"
}
