{
    "date": "2025/11/16",
    "name": "横内四ツ角",
    "position": "-",
    "system": "平68",
    "destinations": [
        "横内上",
        "枝大島入口",
        "下小稲葉",
        "新屋(伊勢原市)",
        "西屋(伊勢原市)",
        "下落合(伊勢原市)",
        "長沼(厚木市)",
        "上落合(厚木市)",
        "堤下(厚木市)",
        "田谷(厚木市)",
        "片平入口",
        "愛甲石田駅"
    ],
    "weekday": [
        "7:22",
        "9:22",
        "10:22",
        "12:12",
        "13:02",
        "14:44",
        "15:42",
        "17:04",
        "18:39",
        "19:37"
    ],
    "saturday": [
        "7:57",
        "9:32",
        "11:02",
        "16:02",
        "17:27",
        "18:32"
    ],
    "holiday": [
        "7:57",
        "9:32",
        "11:02",
        "16:02",
        "17:27",
        "18:32"
    ],
    "url": "https://www.kanachu.co.jp/dia/diagram/timetable01_js/course:0000803935-24/node:00127616/kt:0/lname:/"
}
