{
    "date": "2025/11/16",
    "name": "新屋(伊勢原市)",
    "position": "-",
    "system": "平68",
    "destinations": [
        "西屋(伊勢原市)",
        "下落合(伊勢原市)",
        "長沼(厚木市)",
        "上落合(厚木市)",
        "堤下(厚木市)",
        "田谷(厚木市)",
        "片平入口",
        "愛甲石田駅"
    ],
    "weekday": [
        "7:27",
        "9:27",
        "10:27",
        "12:17",
        "13:07",
        "14:49",
        "15:47",
        "17:09",
        "18:44",
        "19:42"
    ],
    "saturday": [
        "8:02",
        "9:37",
        "11:07",
        "16:07",
        "17:32",
        "18:37"
    ],
    "holiday": [
        "8:02",
        "9:37",
        "11:07",
        "16:07",
        "17:32",
        "18:37"
    ],
    "url": "https://www.kanachu.co.jp/dia/diagram/timetable01_js/course:0000803935-28/node:00127620/kt:0/lname:/"
}
