{
    "date": "2025/11/16",
    "name": "西屋(伊勢原市)",
    "position": "-",
    "system": "平68",
    "destinations": [
        "下落合(伊勢原市)",
        "長沼(厚木市)",
        "上落合(厚木市)",
        "堤下(厚木市)",
        "田谷(厚木市)",
        "片平入口",
        "愛甲石田駅"
    ],
    "weekday": [
        "7:28",
        "9:28",
        "10:28",
        "12:18",
        "13:08",
        "14:50",
        "15:48",
        "17:10",
        "18:45",
        "19:43"
    ],
    "saturday": [
        "8:03",
        "9:38",
        "11:08",
        "16:08",
        "17:33",
        "18:38"
    ],
    "holiday": [
        "8:03",
        "9:38",
        "11:08",
        "16:08",
        "17:33",
        "18:38"
    ],
    "url": "https://www.kanachu.co.jp/dia/diagram/timetable01_js/course:0000803935-29/node:00127621/kt:0/lname:/"
}
