{
    "date": "2025/11/16",
    "name": "下落合(伊勢原市)",
    "position": "-",
    "system": "平68",
    "destinations": [
        "長沼(厚木市)",
        "上落合(厚木市)",
        "堤下(厚木市)",
        "田谷(厚木市)",
        "片平入口",
        "愛甲石田駅"
    ],
    "weekday": [
        "7:29",
        "9:29",
        "10:29",
        "12:19",
        "13:09",
        "14:51",
        "15:49",
        "17:11",
        "18:46",
        "19:44"
    ],
    "saturday": [
        "8:04",
        "9:39",
        "11:09",
        "16:09",
        "17:34",
        "18:39"
    ],
    "holiday": [
        "8:04",
        "9:39",
        "11:09",
        "16:09",
        "17:34",
        "18:39"
    ],
    "url": "https://www.kanachu.co.jp/dia/diagram/timetable01_js/course:0000803935-30/node:00127622/kt:0/lname:/"
}
