{
    "date": "2025/11/16",
    "name": "長沼(厚木市)",
    "position": "-",
    "system": "平68",
    "destinations": [
        "上落合(厚木市)",
        "堤下(厚木市)",
        "田谷(厚木市)",
        "片平入口",
        "愛甲石田駅"
    ],
    "weekday": [
        "7:30",
        "9:30",
        "10:30",
        "12:20",
        "13:10",
        "14:52",
        "15:50",
        "17:12",
        "18:47",
        "19:45"
    ],
    "saturday": [
        "8:05",
        "9:40",
        "11:10",
        "16:10",
        "17:35",
        "18:40"
    ],
    "holiday": [
        "8:05",
        "9:40",
        "11:10",
        "16:10",
        "17:35",
        "18:40"
    ],
    "url": "https://www.kanachu.co.jp/dia/diagram/timetable01_js/course:0000803935-31/node:00127623/kt:0/lname:/"
}
