{
    "date": "2025/12/20",
    "name": "小山田はなみずきの丘",
    "position": "-",
    "system": "淵21",
    "destinations": [
        "下根(町田市)",
        "押越",
        "小山田(町田市)",
        "平(町田市)",
        "池谷戸",
        "種入",
        "常盤台(町田市)",
        "常盤(町田市)",
        "上矢部本町",
        "薬師堂(相模原市中央区)",
        "淵野辺二丁目",
        "淵野辺一丁目",
        "麻布大学",
        "並木通り(相模原市中央区)",
        "淵野辺駅北口"
    ],
    "weekday": [
        "6:05",
        "6:25",
        "6:45",
        "7:05",
        "7:25",
        "7:45",
        "8:05",
        "8:30",
        "8:50",
        "9:20",
        "10:10",
        "11:10",
        "12:10",
        "13:10",
        "14:10",
        "15:10",
        "16:10",
        "17:00",
        "17:50",
        "18:40",
        "19:30",
        "20:20",
        "21:10"
    ],
    "saturday": [
        "6:15",
        "6:55",
        "7:20",
        "7:45",
        "8:35",
        "9:25",
        "10:15",
        "11:05",
        "11:55",
        "12:45",
        "13:35",
        "14:25",
        "15:15",
        "16:05",
        "16:55",
        "17:45",
        "18:35",
        "19:25",
        "20:15",
        "21:07"
    ],
    "holiday": [
        "6:15",
        "6:55",
        "7:45",
        "8:35",
        "9:25",
        "10:15",
        "11:05",
        "11:55",
        "12:45",
        "13:35",
        "14:25",
        "15:15",
        "16:05",
        "16:55",
        "17:45",
        "18:35",
        "19:25",
        "20:15"
    ],
    "url": "https://www.kanachu.co.jp/dia/diagram/timetable01_js/course:0000803942-1/node:00130125/kt:0/lname:/"
}
