{
    "date": "2025/12/20",
    "name": "押越",
    "position": "-",
    "system": "淵21",
    "destinations": [
        "小山田(町田市)",
        "平(町田市)",
        "池谷戸",
        "種入",
        "常盤台(町田市)",
        "常盤(町田市)",
        "上矢部本町",
        "薬師堂(相模原市中央区)",
        "淵野辺二丁目",
        "淵野辺一丁目",
        "麻布大学",
        "並木通り(相模原市中央区)",
        "淵野辺駅北口"
    ],
    "weekday": [
        "6:07",
        "6:27",
        "6:47",
        "7:07",
        "7:27",
        "7:47",
        "8:07",
        "8:32",
        "8:52",
        "9:22",
        "10:12",
        "11:12",
        "12:12",
        "13:12",
        "14:12",
        "15:12",
        "16:12",
        "17:02",
        "17:52",
        "18:42",
        "19:32",
        "20:22",
        "21:12"
    ],
    "saturday": [
        "6:17",
        "6:57",
        "7:22",
        "7:47",
        "8:37",
        "9:27",
        "10:17",
        "11:07",
        "11:57",
        "12:47",
        "13:37",
        "14:27",
        "15:17",
        "16:07",
        "16:57",
        "17:47",
        "18:37",
        "19:27",
        "20:17",
        "21:09"
    ],
    "holiday": [
        "6:17",
        "6:57",
        "7:47",
        "8:37",
        "9:27",
        "10:17",
        "11:07",
        "11:57",
        "12:47",
        "13:37",
        "14:27",
        "15:17",
        "16:07",
        "16:57",
        "17:47",
        "18:37",
        "19:27",
        "20:17"
    ],
    "url": "https://www.kanachu.co.jp/dia/diagram/timetable01_js/course:0000803942-3/node:00130123/kt:0/lname:/"
}
