{
    "date": "2025/12/20",
    "name": "平(町田市)",
    "position": "-",
    "system": "淵21",
    "destinations": [
        "池谷戸",
        "種入",
        "常盤台(町田市)",
        "常盤(町田市)",
        "上矢部本町",
        "薬師堂(相模原市中央区)",
        "淵野辺二丁目",
        "淵野辺一丁目",
        "麻布大学",
        "並木通り(相模原市中央区)",
        "淵野辺駅北口"
    ],
    "weekday": [
        "6:09",
        "6:29",
        "6:49",
        "7:09",
        "7:29",
        "7:49",
        "8:09",
        "8:34",
        "8:54",
        "9:24",
        "10:14",
        "11:14",
        "12:14",
        "13:14",
        "14:14",
        "15:14",
        "16:14",
        "17:04",
        "17:54",
        "18:44",
        "19:34",
        "20:24",
        "21:14"
    ],
    "saturday": [
        "6:19",
        "6:59",
        "7:24",
        "7:49",
        "8:39",
        "9:29",
        "10:19",
        "11:09",
        "11:59",
        "12:49",
        "13:39",
        "14:29",
        "15:19",
        "16:09",
        "16:59",
        "17:49",
        "18:39",
        "19:29",
        "20:19",
        "21:11"
    ],
    "holiday": [
        "6:19",
        "6:59",
        "7:49",
        "8:39",
        "9:29",
        "10:19",
        "11:09",
        "11:59",
        "12:49",
        "13:39",
        "14:29",
        "15:19",
        "16:09",
        "16:59",
        "17:49",
        "18:39",
        "19:29",
        "20:19"
    ],
    "url": "https://www.kanachu.co.jp/dia/diagram/timetable01_js/course:0000803942-5/node:00130110/kt:0/lname:/"
}
