{
    "date": "2025/04/01",
    "name": "野津田高校入口",
    "position": "-",
    "system": "町36",
    "destinations": [
        "向坂(町田市)",
        "小野神社前(町田市)",
        "新屋敷(町田市)",
        "サンシティ町田",
        "五反田(町田市)",
        "下堤(町田市)",
        "岩子山",
        "井の花",
        "大蔵(鶴川郵便局前/町田市)",
        "鶴川市民センター入口",
        "下大蔵",
        "金井入口",
        "上能ヶ谷",
        "鶴川駅西口",
        "鶴川駅"
    ],
    "weekday": [
        "8:03",
        "8:13",
        "10:26",
        "15:50"
    ],
    "saturday": [
        "10:34",
        "12:56",
        "15:53"
    ],
    "holiday": [
        "10:32",
        "13:02",
        "16:05"
    ],
    "url": "https://www.kanachu.co.jp/dia/diagram/timetable01_js/course:0000803441-20/node:00129432/kt:0/lname:/"
}
