{
    "date": "2025/04/01",
    "name": "新屋敷(町田市)",
    "position": "-",
    "system": "町36",
    "destinations": [
        "サンシティ町田",
        "五反田(町田市)",
        "下堤(町田市)",
        "岩子山",
        "井の花",
        "大蔵(鶴川郵便局前/町田市)",
        "鶴川市民センター入口",
        "下大蔵",
        "金井入口",
        "上能ヶ谷",
        "鶴川駅西口",
        "鶴川駅"
    ],
    "weekday": [
        "8:07",
        "8:17",
        "10:29",
        "15:53"
    ],
    "saturday": [
        "10:37",
        "12:59",
        "15:56"
    ],
    "holiday": [
        "10:35",
        "13:05",
        "16:08"
    ],
    "url": "https://www.kanachu.co.jp/dia/diagram/timetable01_js/course:0000803441-23/node:00129477/kt:0/lname:/"
}
