{
    "date": "2025/04/01",
    "name": "下大蔵",
    "position": "-",
    "system": "町36",
    "destinations": [
        "金井入口",
        "上能ヶ谷",
        "鶴川駅西口",
        "鶴川駅"
    ],
    "weekday": [
        "8:17",
        "8:27",
        "10:38",
        "16:02"
    ],
    "saturday": [
        "10:46",
        "13:08",
        "16:05"
    ],
    "holiday": [
        "10:44",
        "13:14",
        "16:17"
    ],
    "url": "https://www.kanachu.co.jp/dia/diagram/timetable01_js/course:0000803441-31/node:00129437/kt:0/lname:/"
}
