{
    "date": "2025/07/12",
    "name": "小糸",
    "position": "-",
    "system": "藤40",
    "destinations": [
        "城下(藤沢市)",
        "舟地蔵",
        "大六天(藤沢市)",
        "明治小学校前",
        "羽鳥(藤沢市)",
        "メルシャン前",
        "引地橋",
        "一中入口(藤沢市)",
        "湘南高校前",
        "台町(藤沢市)",
        "白旗交差点",
        "本町小学校前(藤沢市)",
        "南仲通り二丁目",
        "南仲通り",
        "相生町(藤沢市)",
        "三富士町",
        "藤沢駅北口"
    ],
    "weekday": [
        "6:39",
        "10:49",
        "12:49",
        "14:27",
        "16:28",
        "18:29"
    ],
    "saturday": [
        "7:30",
        "8:35",
        "9:35",
        "10:35",
        "11:35",
        "12:35",
        "13:35",
        "14:35",
        "15:36",
        "16:36",
        "17:36",
        "18:35",
        "19:35"
    ],
    "holiday": [
        "7:30",
        "8:35",
        "9:35",
        "10:35",
        "11:35",
        "12:35",
        "13:35",
        "14:35",
        "15:36",
        "16:36",
        "17:36",
        "18:35",
        "19:35"
    ],
    "url": "https://www.kanachu.co.jp/dia/diagram/timetable01_js/course:0000803432-10/node:00129941/kt:0/lname:/"
}
