{
    "date": "2025/07/12",
    "name": "一中入口(藤沢市)",
    "position": "-",
    "system": "藤40",
    "destinations": [
        "湘南高校前",
        "台町(藤沢市)",
        "白旗交差点",
        "本町小学校前(藤沢市)",
        "南仲通り二丁目",
        "南仲通り",
        "相生町(藤沢市)",
        "三富士町",
        "藤沢駅北口"
    ],
    "weekday": [
        "6:48",
        "10:59",
        "12:59",
        "14:37",
        "16:38",
        "18:38"
    ],
    "saturday": [
        "7:39",
        "8:44",
        "9:44",
        "10:45",
        "11:45",
        "12:45",
        "13:45",
        "14:45",
        "15:46",
        "16:46",
        "17:46",
        "18:44",
        "19:44"
    ],
    "holiday": [
        "7:39",
        "8:44",
        "9:44",
        "10:45",
        "11:45",
        "12:45",
        "13:45",
        "14:45",
        "15:46",
        "16:46",
        "17:46",
        "18:44",
        "19:44"
    ],
    "url": "https://www.kanachu.co.jp/dia/diagram/timetable01_js/course:0000803432-18/node:00127051/kt:0/lname:/"
}
