{
    "date": "2025/03/15",
    "name": "北警察署前(藤沢市)",
    "position": "-",
    "system": "湘15",
    "destinations": [
        "湘南台駅西口"
    ],
    "weekday": [
        "10:30",
        "11:25",
        "12:25",
        "14:25",
        "15:25"
    ],
    "saturday": [
        "9:25",
        "10:25",
        "11:25",
        "12:25",
        "15:25"
    ],
    "holiday": [
        "9:25",
        "10:25",
        "11:25",
        "12:25",
        "14:25",
        "15:25"
    ],
    "url": "https://www.kanachu.co.jp/dia/diagram/timetable01_js/course:0000800389-6/node:00129895/kt:0/lname:/"
}
