{
    "date": "2025/03/15",
    "name": "辻堂駅南口",
    "position": "-",
    "system": "辻02",
    "destinations": [
        "仲町(藤沢市)",
        "熊の森",
        "西町(藤沢市)",
        "南町(藤沢市)",
        "浜見山",
        "南海岸",
        "高砂小学校前(藤沢市)",
        "辻堂団地",
        "のぞみ学園前",
        "東浜須賀",
        "富士見町(茅ケ崎市)",
        "平和学園前(茅ケ崎市)",
        "浜須賀入口",
        "平和町",
        "松が丘二丁目(茅ケ崎市)",
        "東海岸北五丁目",
        "駐在所前(茅ケ崎市)",
        "東海岸二丁目",
        "会館前(茅ケ崎市)",
        "幸町(茅ケ崎市)",
        "茅ヶ崎駅南口"
    ],
    "weekday": [
        "6:50",
        "7:20",
        "7:50",
        "8:20",
        "9:15",
        "10:10",
        "11:10",
        "12:10",
        "13:10",
        "14:10",
        "15:10",
        "16:25",
        "17:25",
        "18:25",
        "19:25"
    ],
    "saturday": [],
    "holiday": [],
    "url": "https://www.kanachu.co.jp/dia/diagram/timetable01_js/course:0000802861-1/node:00127111/kt:0/lname:/"
}
