{
    "date": "2025/03/15",
    "name": "仲町(藤沢市)",
    "position": "-",
    "system": "辻02",
    "destinations": [
        "熊の森",
        "西町(藤沢市)",
        "南町(藤沢市)",
        "浜見山",
        "南海岸",
        "高砂小学校前(藤沢市)",
        "辻堂団地",
        "のぞみ学園前",
        "東浜須賀",
        "富士見町(茅ケ崎市)",
        "平和学園前(茅ケ崎市)",
        "浜須賀入口",
        "平和町",
        "松が丘二丁目(茅ケ崎市)",
        "東海岸北五丁目",
        "駐在所前(茅ケ崎市)",
        "東海岸二丁目",
        "会館前(茅ケ崎市)",
        "幸町(茅ケ崎市)",
        "茅ヶ崎駅南口"
    ],
    "weekday": [
        "6:51",
        "7:21",
        "7:51",
        "8:21",
        "9:16",
        "10:11",
        "11:11",
        "12:11",
        "13:11",
        "14:11",
        "15:11",
        "16:26",
        "17:26",
        "18:26",
        "19:26"
    ],
    "saturday": [],
    "holiday": [],
    "url": "https://www.kanachu.co.jp/dia/diagram/timetable01_js/course:0000802861-2/node:00127112/kt:0/lname:/"
}
