{
    "date": "2025/03/15",
    "name": "高砂小学校前(藤沢市)",
    "position": "-",
    "system": "辻02",
    "destinations": [
        "辻堂団地",
        "のぞみ学園前",
        "東浜須賀",
        "富士見町(茅ケ崎市)",
        "平和学園前(茅ケ崎市)",
        "浜須賀入口",
        "平和町",
        "松が丘二丁目(茅ケ崎市)",
        "東海岸北五丁目",
        "駐在所前(茅ケ崎市)",
        "東海岸二丁目",
        "会館前(茅ケ崎市)",
        "幸町(茅ケ崎市)",
        "茅ヶ崎駅南口"
    ],
    "weekday": [
        "6:55",
        "7:26",
        "7:56",
        "8:26",
        "9:21",
        "10:16",
        "11:16",
        "12:16",
        "13:16",
        "14:16",
        "15:16",
        "16:31",
        "17:31",
        "18:31",
        "19:30"
    ],
    "saturday": [],
    "holiday": [],
    "url": "https://www.kanachu.co.jp/dia/diagram/timetable01_js/course:0000802861-8/node:00127106/kt:0/lname:/"
}
