{
    "date": "2025/03/15",
    "name": "東海岸北五丁目",
    "position": "-",
    "system": "辻02",
    "destinations": [
        "駐在所前(茅ケ崎市)",
        "東海岸二丁目",
        "会館前(茅ケ崎市)",
        "幸町(茅ケ崎市)",
        "茅ヶ崎駅南口"
    ],
    "weekday": [
        "7:05",
        "7:37",
        "8:07",
        "8:37",
        "9:32",
        "10:27",
        "11:27",
        "12:27",
        "13:27",
        "14:27",
        "15:27",
        "16:42",
        "17:42",
        "18:42",
        "19:40"
    ],
    "saturday": [],
    "holiday": [],
    "url": "https://www.kanachu.co.jp/dia/diagram/timetable01_js/course:0000802861-17/node:00127224/kt:0/lname:/"
}
