{
    "date": "2026/01/16",
    "name": "磯子駅前",
    "position": "-",
    "system": "60",
    "destinations": [
        "磯子センター前",
        "芦名橋",
        "宮の下(横浜市磯子区)",
        "山王谷",
        "磯子台",
        "浜小学校前",
        "広町(横浜市磯子区)",
        "笹堀",
        "仲久保",
        "坂上(横浜市磯子区)",
        "大岡住宅前",
        "藤の木(横浜市南区)",
        "弘明寺",
        "通町三丁目",
        "通町一丁目",
        "蒔田駅前",
        "蒔田中学校前(横浜市南区)",
        "蒔田橋",
        "通町一丁目",
        "通町三丁目",
        "弘明寺",
        "藤の木(横浜市南区)",
        "大岡住宅前",
        "坂上(横浜市磯子区)",
        "仲久保",
        "横浜岡村郵便局前",
        "笹堀",
        "広町(横浜市磯子区)",
        "浜小学校前",
        "磯子台",
        "山王谷",
        "宮の下(横浜市磯子区)",
        "芦名橋",
        "磯子センター前",
        "磯子駅前"
    ],
    "weekday": [
        "6:50",
        "7:30",
        "8:10",
        "9:30",
        "10:50",
        "12:10",
        "13:30",
        "14:40",
        "15:50",
        "17:00",
        "18:20",
        "20:30"
    ],
    "saturday": [
        "7:22",
        "8:02",
        "9:12",
        "10:22",
        "11:12",
        "12:30",
        "13:50",
        "15:12",
        "16:32",
        "17:12",
        "18:22",
        "20:20"
    ],
    "holiday": [
        "7:22",
        "8:02",
        "9:12",
        "10:22",
        "11:12",
        "12:30",
        "13:50",
        "15:12",
        "16:32",
        "17:12",
        "18:22",
        "20:20"
    ],
    "url": "https://www.kanachu.co.jp/dia/diagram/timetable01_js/course:0000804127-1/node:00102240/kt:0/lname:/"
}
