{
    "date": "2026/01/16",
    "name": "宮の下(横浜市磯子区)",
    "position": "-",
    "system": "60",
    "destinations": [
        "山王谷",
        "磯子台",
        "浜小学校前",
        "広町(横浜市磯子区)",
        "笹堀",
        "仲久保",
        "坂上(横浜市磯子区)",
        "大岡住宅前",
        "藤の木(横浜市南区)",
        "弘明寺",
        "通町三丁目",
        "通町一丁目",
        "蒔田駅前",
        "蒔田中学校前(横浜市南区)",
        "蒔田橋",
        "通町一丁目",
        "通町三丁目",
        "弘明寺",
        "藤の木(横浜市南区)",
        "大岡住宅前",
        "坂上(横浜市磯子区)",
        "仲久保",
        "横浜岡村郵便局前",
        "笹堀",
        "広町(横浜市磯子区)",
        "浜小学校前",
        "磯子台",
        "山王谷",
        "宮の下(横浜市磯子区)",
        "芦名橋",
        "磯子センター前",
        "磯子駅前"
    ],
    "weekday": [
        "6:57",
        "7:37",
        "8:17",
        "9:37",
        "10:57",
        "12:17",
        "13:37",
        "14:47",
        "15:57",
        "17:07",
        "18:27",
        "20:36"
    ],
    "saturday": [
        "7:29",
        "8:09",
        "9:19",
        "10:29",
        "11:19",
        "12:37",
        "13:57",
        "15:19",
        "16:39",
        "17:19",
        "18:29",
        "20:26"
    ],
    "holiday": [
        "7:29",
        "8:09",
        "9:19",
        "10:29",
        "11:19",
        "12:37",
        "13:57",
        "15:19",
        "16:39",
        "17:19",
        "18:29",
        "20:26"
    ],
    "url": "https://www.kanachu.co.jp/dia/diagram/timetable01_js/course:0000804127-4/node:00126762/kt:0/lname:/"
}
