{
    "date": "2026/01/16",
    "name": "通町一丁目",
    "position": "-",
    "system": "60",
    "destinations": [
        "通町三丁目",
        "弘明寺",
        "藤の木(横浜市南区)",
        "大岡住宅前",
        "坂上(横浜市磯子区)",
        "仲久保",
        "横浜岡村郵便局前",
        "笹堀",
        "広町(横浜市磯子区)",
        "浜小学校前",
        "磯子台",
        "山王谷",
        "宮の下(横浜市磯子区)",
        "芦名橋",
        "磯子センター前",
        "磯子駅前"
    ],
    "weekday": [
        "7:22",
        "8:02",
        "8:42",
        "10:02",
        "11:22",
        "12:42",
        "14:02",
        "15:12",
        "16:22",
        "17:32",
        "18:52",
        "20:58"
    ],
    "saturday": [
        "7:54",
        "8:34",
        "9:44",
        "10:54",
        "11:44",
        "13:02",
        "14:22",
        "15:44",
        "17:04",
        "17:44",
        "18:54",
        "20:48"
    ],
    "holiday": [
        "7:54",
        "8:34",
        "9:44",
        "10:54",
        "11:44",
        "13:02",
        "14:22",
        "15:44",
        "17:04",
        "17:44",
        "18:54",
        "20:48"
    ],
    "url": "https://www.kanachu.co.jp/dia/diagram/timetable01_js/course:0000804127-20/node:00102795/kt:0/lname:/"
}
