{
    "date": "2026/01/16",
    "name": "山王谷",
    "position": "-",
    "system": "60",
    "destinations": [
        "宮の下(横浜市磯子区)",
        "芦名橋",
        "磯子センター前",
        "磯子駅前"
    ],
    "weekday": [
        "7:40",
        "8:20",
        "9:00",
        "10:20",
        "11:40",
        "13:00",
        "14:20",
        "15:30",
        "16:40",
        "17:50",
        "19:10",
        "21:14"
    ],
    "saturday": [
        "8:12",
        "8:52",
        "10:02",
        "11:12",
        "12:02",
        "13:20",
        "14:40",
        "16:02",
        "17:22",
        "18:02",
        "19:12",
        "21:04"
    ],
    "holiday": [
        "8:12",
        "8:52",
        "10:02",
        "11:12",
        "12:02",
        "13:20",
        "14:40",
        "16:02",
        "17:22",
        "18:02",
        "19:12",
        "21:04"
    ],
    "url": "https://www.kanachu.co.jp/dia/diagram/timetable01_js/course:0000804127-32/node:00126763/kt:0/lname:/"
}
