{
    "date": "2026/01/16",
    "name": "芦名橋",
    "position": "-",
    "system": "60",
    "destinations": [
        "磯子センター前",
        "磯子駅前"
    ],
    "weekday": [
        "7:42",
        "8:22",
        "9:02",
        "10:22",
        "11:42",
        "13:02",
        "14:22",
        "15:32",
        "16:42",
        "17:52",
        "19:12",
        "21:16"
    ],
    "saturday": [
        "8:14",
        "8:54",
        "10:04",
        "11:14",
        "12:04",
        "13:22",
        "14:42",
        "16:04",
        "17:24",
        "18:04",
        "19:14",
        "21:06"
    ],
    "holiday": [
        "8:14",
        "8:54",
        "10:04",
        "11:14",
        "12:04",
        "13:22",
        "14:42",
        "16:04",
        "17:24",
        "18:04",
        "19:14",
        "21:06"
    ],
    "url": "https://www.kanachu.co.jp/dia/diagram/timetable01_js/course:0000804127-34/node:00102212/kt:0/lname:/"
}
