{
    "system": "60",
    "busstops": [
        {
            "index": "1",
            "id": "00102240",
            "name": "磯子駅前",
            "lat": "35.400071",
            "lng": "139.61764"
        },
        {
            "index": "2",
            "id": "00126761",
            "name": "磯子センター前",
            "lat": "35.404758",
            "lng": "139.621117"
        },
        {
            "index": "3",
            "id": "00102212",
            "name": "芦名橋",
            "lat": "35.409908",
            "lng": "139.622447"
        },
        {
            "index": "4",
            "id": "00126762",
            "name": "宮の下(横浜市磯子区)",
            "lat": "35.409548",
            "lng": "139.620757"
        },
        {
            "index": "5",
            "id": "00126763",
            "name": "山王谷",
            "lat": "35.407106",
            "lng": "139.619322"
        },
        {
            "index": "6",
            "id": "00126764",
            "name": "磯子台",
            "lat": "35.403087",
            "lng": "139.615078"
        },
        {
            "index": "7",
            "id": "00102919",
            "name": "浜小学校前",
            "lat": "35.406348",
            "lng": "139.612323"
        },
        {
            "index": "8",
            "id": "00102979",
            "name": "広町(横浜市磯子区)",
            "lat": "35.409229",
            "lng": "139.610867"
        },
        {
            "index": "9",
            "id": "00102547",
            "name": "笹堀",
            "lat": "35.412138",
            "lng": "139.609149"
        },
        {
            "index": "10",
            "id": "00102830",
            "name": "仲久保",
            "lat": "35.416399",
            "lng": "139.60998"
        },
        {
            "index": "11",
            "id": "00102538",
            "name": "坂上(横浜市磯子区)",
            "lat": "35.416659",
            "lng": "139.607909"
        },
        {
            "index": "12",
            "id": "00102309",
            "name": "大岡住宅前",
            "lat": "35.41806",
            "lng": "139.603892"
        },
        {
            "index": "13",
            "id": "00103009",
            "name": "藤の木(横浜市南区)",
            "lat": "35.418816",
            "lng": "139.60262"
        },
        {
            "index": "14",
            "id": "00102458",
            "name": "弘明寺",
            "lat": "35.423485",
            "lng": "139.602084"
        },
        {
            "index": "15",
            "id": "00102796",
            "name": "通町三丁目",
            "lat": "35.426765",
            "lng": "139.604626"
        },
        {
            "index": "16",
            "id": "00102795",
            "name": "通町一丁目",
            "lat": "35.428157",
            "lng": "139.606937"
        },
        {
            "index": "17",
            "id": "00103093",
            "name": "蒔田駅前",
            "lat": "35.429875",
            "lng": "139.609744"
        },
        {
            "index": "18",
            "id": "00103130",
            "name": "蒔田中学校前(横浜市南区)",
            "lat": "35.431849",
            "lng": "139.608891"
        },
        {
            "index": "19",
            "id": "00126765",
            "name": "蒔田橋",
            "lat": "35.430441",
            "lng": "139.608113"
        },
        {
            "index": "20",
            "id": "00102795",
            "name": "通町一丁目",
            "lat": "35.427106",
            "lng": "139.605561"
        },
        {
            "index": "21",
            "id": "00102796",
            "name": "通町三丁目",
            "lat": "35.426032",
            "lng": "139.603948"
        },
        {
            "index": "22",
            "id": "00102458",
            "name": "弘明寺",
            "lat": "35.422585",
            "lng": "139.602027"
        },
        {
            "index": "23",
            "id": "00103009",
            "name": "藤の木(横浜市南区)",
            "lat": "35.418867",
            "lng": "139.602655"
        },
        {
            "index": "24",
            "id": "00102309",
            "name": "大岡住宅前",
            "lat": "35.417948",
            "lng": "139.603942"
        },
        {
            "index": "25",
            "id": "00102538",
            "name": "坂上(横浜市磯子区)",
            "lat": "35.416707",
            "lng": "139.607821"
        },
        {
            "index": "26",
            "id": "00102830",
            "name": "仲久保",
            "lat": "35.416412",
            "lng": "139.610122"
        },
        {
            "index": "27",
            "id": "00103247",
            "name": "横浜岡村郵便局前",
            "lat": "35.415448",
            "lng": "139.609618"
        },
        {
            "index": "28",
            "id": "00102547",
            "name": "笹堀",
            "lat": "35.412793",
            "lng": "139.608875"
        },
        {
            "index": "29",
            "id": "00102979",
            "name": "広町(横浜市磯子区)",
            "lat": "35.408637",
            "lng": "139.611349"
        },
        {
            "index": "30",
            "id": "00102919",
            "name": "浜小学校前",
            "lat": "35.405068",
            "lng": "139.612922"
        },
        {
            "index": "31",
            "id": "00126764",
            "name": "磯子台",
            "lat": "35.403315",
            "lng": "139.614741"
        },
        {
            "index": "32",
            "id": "00126763",
            "name": "山王谷",
            "lat": "35.40743",
            "lng": "139.619438"
        },
        {
            "index": "33",
            "id": "00126762",
            "name": "宮の下(横浜市磯子区)",
            "lat": "35.409345",
            "lng": "139.62051"
        },
        {
            "index": "34",
            "id": "00102212",
            "name": "芦名橋",
            "lat": "35.40988",
            "lng": "139.622806"
        },
        {
            "index": "35",
            "id": "00126761",
            "name": "磯子センター前",
            "lat": "35.405648",
            "lng": "139.621503"
        },
        {
            "index": "36",
            "id": "00102240",
            "name": "磯子駅前",
            "lat": "35.400331",
            "lng": "139.617812"
        }
    ],
    "route_url": "https://www.kanachu.co.jp/dia/route/index/cid:0000804127/"
}
