{
    "date": "2025/04/01",
    "name": "保健所入口",
    "position": "-",
    "system": "町53",
    "destinations": [
        "中町二丁目",
        "町田郵便局前",
        "体育館前(町田市)",
        "菅原神社前(町田市)",
        "第三小学校前(町田市)",
        "ひなた村",
        "本町田",
        "今井谷戸",
        "四季彩の杜西園前",
        "薬師池",
        "薬師ヶ丘",
        "野津田神社入口",
        "袋橋",
        "綾部入口",
        "川島入口(町田市)",
        "大蔵(鶴川郵便局前/町田市)",
        "鶴川市民センター入口",
        "下大蔵",
        "金井入口",
        "上能ヶ谷",
        "鶴川駅西口",
        "鶴川駅"
    ],
    "weekday": [
        "5:56",
        "6:16",
        "6:51",
        "7:18",
        "7:42",
        "8:18",
        "9:19",
        "10:16",
        "11:16",
        "12:16",
        "13:16",
        "14:16",
        "15:16",
        "16:16",
        "17:16",
        "18:13",
        "19:13",
        "20:16"
    ],
    "saturday": [
        "6:11",
        "6:36",
        "7:21",
        "7:41",
        "8:21",
        "9:16",
        "10:16",
        "11:16",
        "12:16",
        "13:16",
        "14:16",
        "15:16",
        "16:16",
        "17:16",
        "18:21",
        "19:21",
        "20:21"
    ],
    "holiday": [
        "6:11",
        "6:36",
        "7:21",
        "7:41",
        "8:21",
        "9:16",
        "10:16",
        "11:16",
        "12:16",
        "13:16",
        "14:16",
        "15:16",
        "16:16",
        "17:16",
        "18:21",
        "19:21",
        "20:21"
    ],
    "url": "https://www.kanachu.co.jp/dia/diagram/timetable01_js/course:0000803450-3/node:00129418/kt:0/lname:/"
}
