{
    "date": "2025/04/01",
    "name": "下大蔵",
    "position": "-",
    "system": "町53",
    "destinations": [
        "金井入口",
        "上能ヶ谷",
        "鶴川駅西口",
        "鶴川駅"
    ],
    "weekday": [
        "6:19",
        "6:39",
        "7:15",
        "7:45",
        "8:09",
        "8:45",
        "9:45",
        "10:42",
        "11:42",
        "12:42",
        "13:42",
        "14:42",
        "15:42",
        "16:42",
        "17:42",
        "18:39",
        "19:39",
        "20:42"
    ],
    "saturday": [
        "6:33",
        "6:58",
        "7:45",
        "8:08",
        "8:48",
        "9:43",
        "10:43",
        "11:42",
        "12:42",
        "13:42",
        "14:42",
        "15:42",
        "16:42",
        "17:42",
        "18:47",
        "19:46",
        "20:46"
    ],
    "holiday": [
        "6:32",
        "6:57",
        "7:44",
        "8:05",
        "8:45",
        "9:42",
        "10:42",
        "11:42",
        "12:42",
        "13:42",
        "14:42",
        "15:42",
        "16:42",
        "17:42",
        "18:47",
        "19:46",
        "20:42"
    ],
    "url": "https://www.kanachu.co.jp/dia/diagram/timetable01_js/course:0000803450-21/node:00129437/kt:0/lname:/"
}
