{
    "system": "町53",
    "busstops": [
        {
            "index": "1",
            "id": "00129416",
            "name": "町田駅",
            "lat": "35.54597",
            "lng": "139.445209"
        },
        {
            "index": "2",
            "id": "00129417",
            "name": "森野二丁目",
            "lat": "35.54814",
            "lng": "139.443315"
        },
        {
            "index": "3",
            "id": "00129418",
            "name": "保健所入口",
            "lat": "35.549551",
            "lng": "139.44207"
        },
        {
            "index": "4",
            "id": "00130353",
            "name": "中町二丁目",
            "lat": "35.552443",
            "lng": "139.44047"
        },
        {
            "index": "5",
            "id": "00129420",
            "name": "町田郵便局前",
            "lat": "35.555195",
            "lng": "139.445147"
        },
        {
            "index": "6",
            "id": "00129421",
            "name": "体育館前(町田市)",
            "lat": "35.556628",
            "lng": "139.447501"
        },
        {
            "index": "7",
            "id": "00129422",
            "name": "菅原神社前(町田市)",
            "lat": "35.559514",
            "lng": "139.448239"
        },
        {
            "index": "8",
            "id": "00129423",
            "name": "第三小学校前(町田市)",
            "lat": "35.561877",
            "lng": "139.446333"
        },
        {
            "index": "9",
            "id": "00129424",
            "name": "ひなた村",
            "lat": "35.565713",
            "lng": "139.444316"
        },
        {
            "index": "10",
            "id": "00129425",
            "name": "本町田",
            "lat": "35.568979",
            "lng": "139.442779"
        },
        {
            "index": "11",
            "id": "00129426",
            "name": "今井谷戸",
            "lat": "35.572985",
            "lng": "139.443844"
        },
        {
            "index": "12",
            "id": "00130525",
            "name": "四季彩の杜西園前",
            "lat": "35.574054",
            "lng": "139.446226"
        },
        {
            "index": "13",
            "id": "00129427",
            "name": "薬師池",
            "lat": "35.577224",
            "lng": "139.449074"
        },
        {
            "index": "14",
            "id": "00129428",
            "name": "薬師ヶ丘",
            "lat": "35.582272",
            "lng": "139.448769"
        },
        {
            "index": "15",
            "id": "00129429",
            "name": "野津田神社入口",
            "lat": "35.584372",
            "lng": "139.449138"
        },
        {
            "index": "16",
            "id": "00129430",
            "name": "袋橋",
            "lat": "35.588626",
            "lng": "139.453216"
        },
        {
            "index": "17",
            "id": "00129433",
            "name": "綾部入口",
            "lat": "35.588691",
            "lng": "139.454404"
        },
        {
            "index": "18",
            "id": "00129434",
            "name": "川島入口(町田市)",
            "lat": "35.588759",
            "lng": "139.457297"
        },
        {
            "index": "19",
            "id": "00129435",
            "name": "大蔵(鶴川郵便局前/町田市)",
            "lat": "35.588589",
            "lng": "139.462751"
        },
        {
            "index": "20",
            "id": "00129436",
            "name": "鶴川市民センター入口",
            "lat": "35.588281",
            "lng": "139.465066"
        },
        {
            "index": "21",
            "id": "00129437",
            "name": "下大蔵",
            "lat": "35.587149",
            "lng": "139.469776"
        },
        {
            "index": "22",
            "id": "00129438",
            "name": "金井入口",
            "lat": "35.585048",
            "lng": "139.472292"
        },
        {
            "index": "23",
            "id": "00129439",
            "name": "上能ヶ谷",
            "lat": "35.583703",
            "lng": "139.475854"
        },
        {
            "index": "24",
            "id": "00130346",
            "name": "鶴川駅西口",
            "lat": "35.583308",
            "lng": "139.478524"
        },
        {
            "index": "25",
            "id": "00049296",
            "name": "鶴川駅",
            "lat": "35.584013",
            "lng": "139.482612"
        }
    ],
    "route_url": "https://www.kanachu.co.jp/dia/route/index/cid:0000803450/"
}
