{
    "date": "2025/05/11",
    "name": "上行寺",
    "position": "-",
    "system": "金28",
    "destinations": [
        "六浦",
        "大道小学校前",
        "大道(横浜市金沢区)",
        "西大道",
        "住宅前(横浜市金沢区)",
        "大道中学校前",
        "朝比奈",
        "相武隧道",
        "隧道東口",
        "横浜霊園前",
        "森の家前",
        "上郷(横浜市栄区)",
        "長倉町",
        "八軒谷戸",
        "中島(横浜市栄区)",
        "光明寺(横浜市栄区)",
        "紅葉橋(横浜市栄区)",
        "本郷車庫前(横浜市栄区)"
    ],
    "weekday": [
        "23:02"
    ],
    "saturday": [
        "19:48"
    ],
    "holiday": [
        "19:48"
    ],
    "url": "https://www.kanachu.co.jp/dia/diagram/timetable01_js/course:0000803823-4/node:00113598/kt:0/lname:/"
}
