{
    "date": "2026/01/16",
    "name": "堂面(中郡二宮町)",
    "position": "-",
    "system": "二37",
    "destinations": [
        "中島(中郡二宮町)",
        "中里(中郡二宮町)",
        "二宮高校入口",
        "緑が丘・二宮高校前",
        "緑が丘西(中郡二宮町)",
        "中央公園前(中郡二宮町)",
        "緑が丘南(中郡二宮町)",
        "温水プール前(中郡二宮町)",
        "緑が丘三丁目(中郡二宮町)",
        "緑が丘二丁目(中郡二宮町)",
        "緑が丘西(中郡二宮町)",
        "緑が丘・二宮高校前",
        "二宮高校入口",
        "中里(中郡二宮町)",
        "中島(中郡二宮町)",
        "堂面(中郡二宮町)",
        "元町(中郡二宮町)",
        "二宮駅北口"
    ],
    "weekday": [
        "6:39",
        "7:09",
        "7:29",
        "7:44",
        "8:00",
        "8:12",
        "8:29",
        "17:09",
        "17:39",
        "18:09",
        "18:39",
        "19:09",
        "19:39",
        "20:09",
        "20:39",
        "21:09"
    ],
    "saturday": [
        "6:52",
        "7:52",
        "17:39",
        "18:39",
        "19:39",
        "20:39"
    ],
    "holiday": [
        "6:52",
        "7:52",
        "17:39",
        "18:39",
        "19:39",
        "20:39"
    ],
    "url": "https://www.kanachu.co.jp/dia/diagram/timetable01_js/course:0000804264-3/node:00127790/kt:0/lname:/"
}
