{
    "date": "2026/01/16",
    "name": "緑が丘西(中郡二宮町)",
    "position": "-",
    "system": "二37",
    "destinations": [
        "緑が丘・二宮高校前",
        "二宮高校入口",
        "中里(中郡二宮町)",
        "中島(中郡二宮町)",
        "堂面(中郡二宮町)",
        "元町(中郡二宮町)",
        "二宮駅北口"
    ],
    "weekday": [
        "6:50",
        "7:20",
        "7:40",
        "7:55",
        "8:11",
        "8:23",
        "8:40",
        "17:20",
        "17:50",
        "18:20",
        "18:50",
        "19:20",
        "19:50",
        "20:20",
        "20:50",
        "21:20"
    ],
    "saturday": [
        "7:03",
        "8:03",
        "17:50",
        "18:50",
        "19:50",
        "20:50"
    ],
    "holiday": [
        "7:03",
        "8:03",
        "17:50",
        "18:50",
        "19:50",
        "20:50"
    ],
    "url": "https://www.kanachu.co.jp/dia/diagram/timetable01_js/course:0000804264-14/node:00130143/kt:0/lname:/"
}
