{
    "date": "2026/01/16",
    "name": "緑が丘・二宮高校前",
    "position": "-",
    "system": "二37",
    "destinations": [
        "二宮高校入口",
        "中里(中郡二宮町)",
        "中島(中郡二宮町)",
        "堂面(中郡二宮町)",
        "元町(中郡二宮町)",
        "二宮駅北口"
    ],
    "weekday": [
        "6:51",
        "7:21",
        "7:41",
        "7:56",
        "8:12",
        "8:24",
        "8:41",
        "17:21",
        "17:51",
        "18:21",
        "18:51",
        "19:21",
        "19:51",
        "20:21",
        "20:51",
        "21:21"
    ],
    "saturday": [
        "7:05",
        "8:05",
        "17:52",
        "18:52",
        "19:52",
        "20:52"
    ],
    "holiday": [
        "7:05",
        "8:05",
        "17:52",
        "18:52",
        "19:52",
        "20:52"
    ],
    "url": "https://www.kanachu.co.jp/dia/diagram/timetable01_js/course:0000804264-15/node:00130142/kt:0/lname:/"
}
