{
    "date": "2025/08/30",
    "name": "吉原(横浜市港南区)",
    "position": "-",
    "system": "30",
    "destinations": [
        "新吉原橋",
        "吉原小学校前(横浜市港南区)",
        "下車ヶ谷",
        "永作",
        "北永作",
        "馬洗橋",
        "上永谷駅",
        "永野小学校前",
        "日限地蔵入口",
        "水田(横浜市港南区)",
        "中永谷",
        "般若寺橋",
        "下永谷(横浜市港南区)",
        "平戸(横浜市港南区)",
        "芹が谷団地前",
        "せりぎんタウン",
        "芹が谷"
    ],
    "weekday": [
        "18:31",
        "20:11",
        "21:31"
    ],
    "saturday": [
        "17:58",
        "18:31"
    ],
    "holiday": [
        "19:31"
    ],
    "url": "https://www.kanachu.co.jp/dia/diagram/timetable01_js/course:0000801532-5/node:00103230/kt:0/lname:/"
}
