{
    "date": "2025/08/30",
    "name": "吉原小学校前(横浜市港南区)",
    "position": "-",
    "system": "30",
    "destinations": [
        "下車ヶ谷",
        "永作",
        "北永作",
        "馬洗橋",
        "上永谷駅",
        "永野小学校前",
        "日限地蔵入口",
        "水田(横浜市港南区)",
        "中永谷",
        "般若寺橋",
        "下永谷(横浜市港南区)",
        "平戸(横浜市港南区)",
        "芹が谷団地前",
        "せりぎんタウン",
        "芹が谷"
    ],
    "weekday": [
        "18:35",
        "20:15",
        "21:35"
    ],
    "saturday": [
        "18:02",
        "18:35"
    ],
    "holiday": [
        "19:35"
    ],
    "url": "https://www.kanachu.co.jp/dia/diagram/timetable01_js/course:0000801532-7/node:00126580/kt:0/lname:/"
}
