{
    "date": "2025/08/30",
    "name": "下車ヶ谷",
    "position": "-",
    "system": "",
    "destinations": [
        "永作",
        "北永作",
        "馬洗橋",
        "上永谷駅",
        "永野小学校前",
        "日限地蔵入口",
        "水田(横浜市港南区)",
        "中永谷",
        "般若寺橋",
        "下永谷(横浜市港南区)",
        "平戸(横浜市港南区)",
        "芹が谷団地前",
        "せりぎんタウン",
        "芹が谷"
    ],
    "weekday": [
        "18:36",
        "20:16",
        "21:36"
    ],
    "saturday": [
        "18:03",
        "18:36"
    ],
    "holiday": [
        "19:36"
    ],
    "url": "https://www.kanachu.co.jp/dia/diagram/timetable01_js/course:0000801532-8/node:00126579/kt:0/lname:/"
}
