{
    "date": "2025/08/30",
    "name": "北永作",
    "position": "-",
    "system": "",
    "destinations": [
        "馬洗橋",
        "上永谷駅",
        "永野小学校前",
        "日限地蔵入口",
        "水田(横浜市港南区)",
        "中永谷",
        "般若寺橋",
        "下永谷(横浜市港南区)",
        "平戸(横浜市港南区)",
        "芹が谷団地前",
        "せりぎんタウン",
        "芹が谷"
    ],
    "weekday": [
        "18:38",
        "20:18",
        "21:38"
    ],
    "saturday": [
        "18:05",
        "18:38"
    ],
    "holiday": [
        "19:38"
    ],
    "url": "https://www.kanachu.co.jp/dia/diagram/timetable01_js/course:0000801532-10/node:00126577/kt:0/lname:/"
}
