{
    "date": "2025/08/30",
    "name": "上永谷駅",
    "position": "-",
    "system": "30",
    "destinations": [
        "永野小学校前",
        "日限地蔵入口",
        "水田(横浜市港南区)",
        "中永谷",
        "般若寺橋",
        "下永谷(横浜市港南区)",
        "平戸(横浜市港南区)",
        "芹が谷団地前",
        "せりぎんタウン",
        "芹が谷"
    ],
    "weekday": [
        "18:44",
        "20:24",
        "21:44"
    ],
    "saturday": [
        "18:11",
        "18:44"
    ],
    "holiday": [
        "19:44"
    ],
    "url": "https://www.kanachu.co.jp/dia/diagram/timetable01_js/course:0000801532-12/node:00102365/kt:0/lname:/"
}
