{
    "date": "2025/03/15",
    "name": "辻堂駅北口",
    "position": "-",
    "system": "辻34",
    "destinations": [
        "神台公園前",
        "羽鳥一丁目",
        "城南一丁目",
        "大庭隧道",
        "有藤",
        "西高校前(藤沢市)",
        "南センター前(藤沢市)",
        "小糸",
        "大庭小学校",
        "ライフタウン中央(藤沢市)",
        "二番構保健医療センター",
        "駒寄",
        "滝の沢(藤沢市)",
        "滝の沢不動前",
        "湘南ライフタウン",
        "刈込(藤沢市)",
        "諸之木",
        "慶応大学",
        "慶応大学本館前",
        "慶応中高降車場"
    ],
    "weekday": [
        "7:05",
        "7:25",
        "7:45",
        "7:56",
        "8:04",
        "8:15",
        "8:26",
        "9:23",
        "9:35",
        "9:50",
        "10:24",
        "10:46",
        "11:04",
        "11:24",
        "11:46",
        "12:04",
        "12:24",
        "12:46",
        "13:04",
        "13:24",
        "13:46",
        "14:04",
        "14:24",
        "14:46",
        "15:04",
        "15:24",
        "15:46",
        "16:04",
        "17:33",
        "17:45",
        "21:10",
        "21:50"
    ],
    "saturday": [
        "7:34",
        "7:54",
        "8:14",
        "8:34",
        "8:54",
        "9:14",
        "9:34",
        "9:54",
        "10:14",
        "10:34",
        "10:54",
        "11:14",
        "11:34",
        "11:54",
        "12:14",
        "12:34",
        "12:54",
        "13:14",
        "13:34",
        "13:54",
        "14:34",
        "14:54",
        "15:34",
        "15:54",
        "16:34",
        "16:54",
        "17:34",
        "17:54",
        "18:34"
    ],
    "holiday": [],
    "url": "https://www.kanachu.co.jp/dia/diagram/timetable01_js/course:0000802702-1/node:00129934/kt:0/lname:/"
}
