{
    "date": "2025/03/15",
    "name": "南センター前(藤沢市)",
    "position": "-",
    "system": "辻34",
    "destinations": [
        "小糸",
        "大庭小学校",
        "ライフタウン中央(藤沢市)",
        "二番構保健医療センター",
        "駒寄",
        "滝の沢(藤沢市)",
        "滝の沢不動前",
        "湘南ライフタウン",
        "刈込(藤沢市)",
        "諸之木",
        "慶応大学",
        "慶応大学本館前",
        "慶応中高降車場"
    ],
    "weekday": [
        "7:12",
        "7:32",
        "7:52",
        "8:03",
        "8:11",
        "8:22",
        "8:33",
        "9:30",
        "9:42",
        "9:57",
        "10:31",
        "10:53",
        "11:11",
        "11:31",
        "11:53",
        "12:11",
        "12:31",
        "12:53",
        "13:11",
        "13:31",
        "13:53",
        "14:11",
        "14:31",
        "14:53",
        "15:11",
        "15:31",
        "15:53",
        "16:11",
        "17:40",
        "17:52",
        "21:17",
        "21:57"
    ],
    "saturday": [
        "7:41",
        "8:01",
        "8:21",
        "8:41",
        "9:01",
        "9:21",
        "9:41",
        "10:01",
        "10:21",
        "10:41",
        "11:01",
        "11:21",
        "11:41",
        "12:01",
        "12:21",
        "12:41",
        "13:01",
        "13:21",
        "13:41",
        "14:01",
        "14:41",
        "15:01",
        "15:41",
        "16:01",
        "16:41",
        "17:01",
        "17:41",
        "18:01",
        "18:41"
    ],
    "holiday": [],
    "url": "https://www.kanachu.co.jp/dia/diagram/timetable01_js/course:0000802702-8/node:00129940/kt:0/lname:/"
}
