{
    "date": "2025/03/15",
    "name": "ライフタウン中央(藤沢市)",
    "position": "-",
    "system": "辻34",
    "destinations": [
        "二番構保健医療センター",
        "駒寄",
        "滝の沢(藤沢市)",
        "滝の沢不動前",
        "湘南ライフタウン",
        "刈込(藤沢市)",
        "諸之木",
        "慶応大学",
        "慶応大学本館前",
        "慶応中高降車場"
    ],
    "weekday": [
        "7:15",
        "7:35",
        "7:55",
        "8:06",
        "8:14",
        "8:25",
        "8:36",
        "9:33",
        "9:45",
        "10:00",
        "10:34",
        "10:56",
        "11:14",
        "11:34",
        "11:56",
        "12:14",
        "12:34",
        "12:56",
        "13:14",
        "13:34",
        "13:56",
        "14:14",
        "14:34",
        "14:56",
        "15:14",
        "15:34",
        "15:56",
        "16:14",
        "17:43",
        "17:55",
        "21:20",
        "22:00"
    ],
    "saturday": [
        "7:44",
        "8:04",
        "8:24",
        "8:44",
        "9:04",
        "9:24",
        "9:44",
        "10:04",
        "10:24",
        "10:44",
        "11:04",
        "11:24",
        "11:44",
        "12:04",
        "12:24",
        "12:44",
        "13:04",
        "13:24",
        "13:44",
        "14:04",
        "14:44",
        "15:04",
        "15:44",
        "16:04",
        "16:44",
        "17:04",
        "17:44",
        "18:04",
        "18:44"
    ],
    "holiday": [],
    "url": "https://www.kanachu.co.jp/dia/diagram/timetable01_js/course:0000802702-11/node:00129943/kt:0/lname:/"
}
