{
    "date": "2024/03/16",
    "name": "まつかげ台",
    "position": "-",
    "system": "厚13",
    "destinations": [
        "みはる野二丁目",
        "みはる野中央",
        "みはる野一丁目",
        "みはる野",
        "東谷戸入口",
        "荻野中学校入口",
        "鳶尾団地",
        "鳶尾四丁目",
        "鳶尾山前",
        "稲荷木",
        "新道公所",
        "山中陣屋跡公園前",
        "天台上野原",
        "及川球技場入口",
        "林中学校入口",
        "愛光病院前",
        "本厚木駅",
        "厚木バスセンター"
    ],
    "weekday": [
        "6:23",
        "6:43",
        "7:10",
        "7:53",
        "8:15",
        "8:40"
    ],
    "saturday": [],
    "holiday": [],
    "url": "https://www.kanachu.co.jp/dia/diagram/timetable01_js/course:0000800892-1/node:00128302/kt:0/lname:/"
}
