{
    "date": "2024/03/16",
    "name": "鳶尾団地",
    "position": "-",
    "system": "厚13",
    "destinations": [
        "鳶尾四丁目",
        "鳶尾山前",
        "稲荷木",
        "新道公所",
        "山中陣屋跡公園前",
        "天台上野原",
        "及川球技場入口",
        "林中学校入口",
        "愛光病院前",
        "本厚木駅",
        "厚木バスセンター"
    ],
    "weekday": [
        "6:32",
        "6:52",
        "7:21",
        "8:04",
        "8:26",
        "8:51"
    ],
    "saturday": [],
    "holiday": [],
    "url": "https://www.kanachu.co.jp/dia/diagram/timetable01_js/course:0000800892-8/node:00128303/kt:0/lname:/"
}
