{
    "date": "2025/10/20",
    "name": "成瀬台",
    "position": "-",
    "system": "成01",
    "destinations": [
        "野村住宅中央",
        "成瀬台二丁目",
        "ポプラヶ丘前",
        "成瀬台入口",
        "観性寺前",
        "中村(町田市成瀬)",
        "成瀬高校入口",
        "南成瀬",
        "成瀬駅"
    ],
    "weekday": [
        "6:00",
        "6:44",
        "7:10",
        "7:22",
        "7:41",
        "7:53",
        "8:24",
        "9:24",
        "10:24",
        "11:01",
        "21:36"
    ],
    "saturday": [
        "9:54",
        "10:24"
    ],
    "holiday": [
        "6:30",
        "7:04",
        "8:01",
        "10:01",
        "19:09"
    ],
    "url": "https://www.kanachu.co.jp/dia/diagram/timetable01_js/course:0000800906-1/node:00129603/kt:0/lname:/"
}
