{
    "date": "2025/08/30",
    "name": "矢部町",
    "position": "-",
    "system": "戸38",
    "destinations": [
        "元町(横浜市戸塚区)",
        "ブリヂストン前",
        "不動坂(横浜市戸塚区)",
        "ポーラ前(横浜市戸塚区)",
        "柏尾(横浜市戸塚区)",
        "赤関橋",
        "品濃口",
        "国道平戸",
        "坂下口",
        "山谷(横浜市戸塚区)",
        "平和台",
        "狩場町",
        "児童遊園地入口",
        "権太坂上",
        "権太坂",
        "元町橋交番前",
        "樹源寺前",
        "保土ヶ谷町2丁目",
        "八幡橋(横浜市保土ケ谷区)",
        "保土ヶ谷橋",
        "保土ヶ谷駅東口"
    ],
    "weekday": [
        "6:13",
        "6:28",
        "6:41",
        "6:56",
        "7:10",
        "7:32",
        "7:44",
        "8:03",
        "8:26",
        "8:47",
        "9:05",
        "9:27",
        "9:47",
        "10:07",
        "10:27",
        "10:46",
        "11:07",
        "11:27",
        "11:47",
        "12:07",
        "12:27",
        "12:46",
        "13:07",
        "13:27",
        "13:46",
        "14:07",
        "14:27",
        "14:46",
        "15:07",
        "15:27",
        "15:47",
        "16:07",
        "16:27",
        "16:46",
        "17:07",
        "17:27",
        "17:47",
        "18:05",
        "18:22",
        "18:42",
        "18:59",
        "19:19",
        "19:41",
        "20:11",
        "20:42",
        "21:21",
        "22:06",
        "22:51",
        "23:29"
    ],
    "saturday": [
        "6:01",
        "6:25",
        "7:06",
        "7:26",
        "7:48",
        "8:26",
        "8:48",
        "9:07",
        "9:26",
        "10:10",
        "10:29",
        "11:07",
        "11:29",
        "12:07",
        "12:29",
        "13:07",
        "13:29",
        "14:07",
        "14:29",
        "14:47",
        "15:07",
        "15:29",
        "15:47",
        "16:07",
        "16:27",
        "16:47",
        "17:07",
        "17:27",
        "17:47",
        "18:05",
        "18:19",
        "18:41",
        "19:06",
        "19:36",
        "20:18",
        "21:08",
        "21:41",
        "22:16"
    ],
    "holiday": [
        "6:01",
        "6:25",
        "7:06",
        "7:26",
        "7:48",
        "8:26",
        "8:48",
        "9:07",
        "9:26",
        "10:10",
        "10:29",
        "11:07",
        "11:29",
        "12:07",
        "12:29",
        "13:07",
        "13:29",
        "14:07",
        "14:29",
        "14:47",
        "15:07",
        "15:29",
        "15:47",
        "16:07",
        "16:27",
        "16:47",
        "17:07",
        "17:27",
        "17:47",
        "18:05",
        "18:19",
        "18:41",
        "19:06",
        "19:36",
        "20:18",
        "21:08"
    ],
    "url": "https://www.kanachu.co.jp/dia/diagram/timetable01_js/course:0000802078-2/node:00126610/kt:0/lname:/"
}
