{
    "date": "2025/08/30",
    "name": "ブリヂストン前",
    "position": "-",
    "system": "戸38",
    "destinations": [
        "不動坂(横浜市戸塚区)",
        "ポーラ前(横浜市戸塚区)",
        "柏尾(横浜市戸塚区)",
        "赤関橋",
        "品濃口",
        "国道平戸",
        "坂下口",
        "山谷(横浜市戸塚区)",
        "平和台",
        "狩場町",
        "児童遊園地入口",
        "権太坂上",
        "権太坂",
        "元町橋交番前",
        "樹源寺前",
        "保土ヶ谷町2丁目",
        "八幡橋(横浜市保土ケ谷区)",
        "保土ヶ谷橋",
        "保土ヶ谷駅東口"
    ],
    "weekday": [
        "6:16",
        "6:31",
        "6:44",
        "6:59",
        "7:13",
        "7:35",
        "7:47",
        "8:06",
        "8:29",
        "8:50",
        "9:08",
        "9:30",
        "9:50",
        "10:10",
        "10:30",
        "10:49",
        "11:10",
        "11:30",
        "11:50",
        "12:10",
        "12:30",
        "12:49",
        "13:10",
        "13:30",
        "13:49",
        "14:10",
        "14:30",
        "14:49",
        "15:10",
        "15:30",
        "15:50",
        "16:10",
        "16:30",
        "16:49",
        "17:10",
        "17:30",
        "17:50",
        "18:08",
        "18:25",
        "18:45",
        "19:02",
        "19:22",
        "19:44",
        "20:14",
        "20:45",
        "21:24",
        "22:09",
        "22:54",
        "23:32"
    ],
    "saturday": [
        "6:04",
        "6:28",
        "7:09",
        "7:29",
        "7:51",
        "8:29",
        "8:51",
        "9:10",
        "9:29",
        "10:13",
        "10:32",
        "11:10",
        "11:32",
        "12:10",
        "12:32",
        "13:10",
        "13:32",
        "14:10",
        "14:32",
        "14:50",
        "15:10",
        "15:32",
        "15:50",
        "16:10",
        "16:30",
        "16:50",
        "17:10",
        "17:30",
        "17:50",
        "18:08",
        "18:22",
        "18:44",
        "19:09",
        "19:39",
        "20:21",
        "21:11",
        "21:44",
        "22:19"
    ],
    "holiday": [
        "6:04",
        "6:28",
        "7:09",
        "7:29",
        "7:51",
        "8:29",
        "8:51",
        "9:10",
        "9:29",
        "10:13",
        "10:32",
        "11:10",
        "11:32",
        "12:10",
        "12:32",
        "13:10",
        "13:32",
        "14:10",
        "14:32",
        "14:50",
        "15:10",
        "15:32",
        "15:50",
        "16:10",
        "16:30",
        "16:50",
        "17:10",
        "17:30",
        "17:50",
        "18:08",
        "18:22",
        "18:44",
        "19:09",
        "19:39",
        "20:21",
        "21:11"
    ],
    "url": "https://www.kanachu.co.jp/dia/diagram/timetable01_js/course:0000802078-4/node:00126612/kt:0/lname:/"
}
