{
    "date": "2025/12/20",
    "name": "桜ヶ丘駅西口",
    "position": "-",
    "system": "間27",
    "destinations": [
        "富士見橋(大和市)",
        "山王橋(大和市)",
        "引地台公園入口",
        "草柳三丁目",
        "草柳二丁目",
        "草柳一丁目",
        "中央四丁目(大和市)",
        "大和駅西口",
        "新橋通り(大和市)",
        "豊川稲荷前(大和市)",
        "市民活動拠点ベテルギウス前",
        "郵便局前(大和市)",
        "職業安定所前(大和市)",
        "市役所市立病院前",
        "オークシティ前",
        "鶴間車庫"
    ],
    "weekday": [
        "18:43"
    ],
    "saturday": [],
    "holiday": [],
    "url": "https://www.kanachu.co.jp/dia/diagram/timetable01_js/course:0000803949-1/node:00129624/kt:0/lname:/"
}
