{
    "date": "2025/12/20",
    "name": "新橋通り(大和市)",
    "position": "-",
    "system": "間27",
    "destinations": [
        "豊川稲荷前(大和市)",
        "市民活動拠点ベテルギウス前",
        "郵便局前(大和市)",
        "職業安定所前(大和市)",
        "市役所市立病院前",
        "オークシティ前",
        "鶴間車庫"
    ],
    "weekday": [
        "19:01"
    ],
    "saturday": [],
    "holiday": [],
    "url": "https://www.kanachu.co.jp/dia/diagram/timetable01_js/course:0000803949-10/node:00129615/kt:0/lname:/"
}
