{
    "date": "2024/12/16",
    "name": "永山駅",
    "position": "-",
    "system": "桜23",
    "destinations": [
        "消防署前(多摩市)",
        "諏訪下橋(多摩市)",
        "車橋",
        "新大栗橋",
        "聖蹟桜ヶ丘駅"
    ],
    "weekday": [
        "6:37",
        "7:04",
        "7:27",
        "8:18",
        "8:28",
        "9:16",
        "10:16",
        "11:16",
        "12:16",
        "13:16",
        "14:16",
        "15:16",
        "16:16",
        "17:16",
        "18:16",
        "19:16"
    ],
    "saturday": [
        "8:16",
        "9:16",
        "10:16",
        "11:16",
        "12:16",
        "13:16",
        "14:16",
        "15:16",
        "16:16",
        "17:16",
        "18:16"
    ],
    "holiday": [
        "8:16",
        "9:16",
        "10:16",
        "11:16",
        "12:16",
        "13:16",
        "14:16",
        "15:16",
        "16:16",
        "17:16",
        "18:16"
    ],
    "url": "https://www.kanachu.co.jp/dia/diagram/timetable01_js/course:0000801146-7/node:00020143/kt:0/lname:/"
}
