{
    "date": "2024/12/16",
    "name": "消防署前(多摩市)",
    "position": "-",
    "system": "桜23",
    "destinations": [
        "諏訪下橋(多摩市)",
        "車橋",
        "新大栗橋",
        "聖蹟桜ヶ丘駅"
    ],
    "weekday": [
        "6:38",
        "7:05",
        "7:28",
        "8:19",
        "8:29",
        "9:17",
        "10:17",
        "11:17",
        "12:17",
        "13:17",
        "14:17",
        "15:17",
        "16:17",
        "17:17",
        "18:17",
        "19:17"
    ],
    "saturday": [
        "8:17",
        "9:17",
        "10:17",
        "11:17",
        "12:17",
        "13:17",
        "14:17",
        "15:17",
        "16:17",
        "17:17",
        "18:17"
    ],
    "holiday": [
        "8:17",
        "9:17",
        "10:17",
        "11:17",
        "12:17",
        "13:17",
        "14:17",
        "15:17",
        "16:17",
        "17:17",
        "18:17"
    ],
    "url": "https://www.kanachu.co.jp/dia/diagram/timetable01_js/course:0000801146-8/node:00021488/kt:0/lname:/"
}
