{
    "date": "2024/12/16",
    "name": "新大栗橋",
    "position": "-",
    "system": "桜23",
    "destinations": [
        "聖蹟桜ヶ丘駅"
    ],
    "weekday": [
        "6:43",
        "7:10",
        "7:33",
        "8:24",
        "8:34",
        "9:22",
        "10:22",
        "11:22",
        "12:22",
        "13:22",
        "14:22",
        "15:22",
        "16:22",
        "17:22",
        "18:22",
        "19:22"
    ],
    "saturday": [
        "8:22",
        "9:22",
        "10:22",
        "11:22",
        "12:22",
        "13:22",
        "14:22",
        "15:22",
        "16:22",
        "17:22",
        "18:22"
    ],
    "holiday": [
        "8:22",
        "9:22",
        "10:22",
        "11:22",
        "12:22",
        "13:22",
        "14:22",
        "15:22",
        "16:22",
        "17:22",
        "18:22"
    ],
    "url": "https://www.kanachu.co.jp/dia/diagram/timetable01_js/course:0000801146-11/node:00020594/kt:0/lname:/"
}
