{
    "date": "2024/09/02",
    "name": "八坂神社前",
    "position": "-",
    "system": "戸71",
    "destinations": [
        "消防署前(横浜市戸塚区)",
        "戸塚駅西口",
        "戸塚バスセンター"
    ],
    "weekday": [
        "7:15",
        "7:36",
        "7:52",
        "8:20",
        "8:45",
        "17:19",
        "17:41",
        "18:02",
        "18:22",
        "18:42",
        "19:02",
        "19:19",
        "19:39",
        "19:59",
        "20:19",
        "20:39",
        "20:59",
        "21:26",
        "21:57",
        "22:27",
        "23:04"
    ],
    "saturday": [
        "17:19",
        "17:39",
        "17:59",
        "18:19",
        "18:39",
        "18:59",
        "19:19",
        "19:39",
        "19:59",
        "20:24",
        "20:54",
        "21:34",
        "22:14",
        "22:54"
    ],
    "holiday": [
        "17:29",
        "17:59",
        "18:29",
        "18:59",
        "19:29",
        "19:59",
        "20:24",
        "20:54",
        "21:34",
        "22:14",
        "22:54"
    ],
    "url": "https://www.kanachu.co.jp/dia/diagram/timetable01_js/course:0000803597-19/node:00126810/kt:0/lname:/"
}
