{
    "date": "",
    "name": "横内団地前",
    "position": "-",
    "system": "平68",
    "destinations": [
        "横内下",
        "横内公民館入口",
        "横内四ツ角",
        "横内上",
        "枝大島入口",
        "下小稲葉",
        "新屋(伊勢原市)",
        "西屋(伊勢原市)",
        "下落合(伊勢原市)",
        "長沼(厚木市)",
        "上落合(厚木市)",
        "堤下(厚木市)",
        "田谷(厚木市)",
        "片平入口",
        "愛甲石田駅"
    ],
    "weekday": [],
    "saturday": [],
    "holiday": [],
    "url": "https://www.kanachu.co.jp/dia/diagram/timetable01_js/course:0000801135-21/node:00127613/kt:0/lname:/"
}
