{
    "system": "秦21",
    "busstops": [
        {
            "index": "1",
            "id": "00127853",
            "name": "ヤビツ峠",
            "lat": "35.427953",
            "lng": "139.219449"
        },
        {
            "index": "2",
            "id": "00128009",
            "name": "表丹沢林道入口",
            "lat": "35.419904",
            "lng": "139.214031"
        },
        {
            "index": "3",
            "id": "00127852",
            "name": "菜の花台",
            "lat": "35.410655",
            "lng": "139.209791"
        },
        {
            "index": "4",
            "id": "00127851",
            "name": "蓑毛",
            "lat": "35.415688",
            "lng": "139.22866"
        },
        {
            "index": "5",
            "id": "00127850",
            "name": "蓑毛中",
            "lat": "35.41249",
            "lng": "139.229912"
        },
        {
            "index": "6",
            "id": "00127849",
            "name": "青年橋",
            "lat": "35.410905",
            "lng": "139.230795"
        },
        {
            "index": "7",
            "id": "00127848",
            "name": "鳥居前(秦野市)",
            "lat": "35.408217",
            "lng": "139.231114"
        },
        {
            "index": "8",
            "id": "00127847",
            "name": "小蓑毛",
            "lat": "35.404822",
            "lng": "139.231702"
        },
        {
            "index": "9",
            "id": "00127846",
            "name": "才戸入口",
            "lat": "35.402473",
            "lng": "139.232962"
        },
        {
            "index": "10",
            "id": "00127845",
            "name": "久保(秦野市)",
            "lat": "35.399633",
            "lng": "139.233364"
        },
        {
            "index": "11",
            "id": "00127844",
            "name": "中丸橋(秦野市)",
            "lat": "35.397862",
            "lng": "139.235529"
        },
        {
            "index": "12",
            "id": "00127843",
            "name": "東中学校前(秦野市)",
            "lat": "35.39528",
            "lng": "139.236004"
        },
        {
            "index": "13",
            "id": "00127842",
            "name": "藤棚(秦野市)",
            "lat": "35.391993",
            "lng": "139.235497"
        },
        {
            "index": "14",
            "id": "00127841",
            "name": "上原入口",
            "lat": "35.387314",
            "lng": "139.236006"
        },
        {
            "index": "15",
            "id": "00127840",
            "name": "上原台",
            "lat": "35.385892",
            "lng": "139.237106"
        },
        {
            "index": "16",
            "id": "00127839",
            "name": "名古木",
            "lat": "35.382301",
            "lng": "139.23748"
        },
        {
            "index": "17",
            "id": "00127838",
            "name": "落合入口",
            "lat": "35.380676",
            "lng": "139.236327"
        },
        {
            "index": "18",
            "id": "00127837",
            "name": "末広小学校前",
            "lat": "35.377967",
            "lng": "139.233079"
        },
        {
            "index": "19",
            "id": "00127836",
            "name": "下宿(秦野市)",
            "lat": "35.376577",
            "lng": "139.229977"
        },
        {
            "index": "20",
            "id": "00127835",
            "name": "仲宿(秦野市)",
            "lat": "35.374712",
            "lng": "139.227992"
        },
        {
            "index": "21",
            "id": "00127717",
            "name": "上宿通り",
            "lat": "35.373824",
            "lng": "139.226745"
        },
        {
            "index": "22",
            "id": "00127716",
            "name": "大川橋(秦野市)",
            "lat": "35.37285",
            "lng": "139.225009"
        },
        {
            "index": "23",
            "id": "00128033",
            "name": "まほろば大橋",
            "lat": "35.371621",
            "lng": "139.226445"
        },
        {
            "index": "24",
            "id": "00127715",
            "name": "秦野駅",
            "lat": "35.370293",
            "lng": "139.226956"
        }
    ],
    "route_url": "https://www.kanachu.co.jp/dia/route/index/cid:0000804163/"
}
