{
    "date": "2025/07/27",
    "name": "橘団地中央",
    "position": "-",
    "system": "二41",
    "destinations": [
        "橘団地"
    ],
    "weekday": [
        "6:33",
        "7:03",
        "7:33",
        "18:40",
        "19:20",
        "20:00",
        "20:38",
        "21:22",
        "22:00"
    ],
    "saturday": [
        "7:05",
        "7:41",
        "8:22",
        "9:52",
        "12:52",
        "15:52",
        "18:07",
        "19:02",
        "19:36",
        "20:22",
        "21:00"
    ],
    "holiday": [
        "7:05",
        "7:41",
        "8:22",
        "9:52",
        "12:52",
        "15:52",
        "18:07",
        "19:02",
        "19:36",
        "20:22",
        "21:00"
    ],
    "url": "https://www.kanachu.co.jp/dia/diagram/timetable01_js/course:0000802552-8/node:00127812/kt:0/lname:/"
}
