{
    "date": "2025/04/01",
    "name": "藤の台東",
    "position": "-",
    "system": "町41",
    "destinations": [
        "金井小学校入口",
        "ゆうき山",
        "市立博物館前(町田市)",
        "養運寺",
        "菅原神社前(町田市)",
        "体育館前(町田市)",
        "町田郵便局前",
        "中町二丁目",
        "第四小学校前(町田市)",
        "町田市役所市民ホール前",
        "町田バスセンター",
        "町田ターミナル"
    ],
    "weekday": [
        "8:56",
        "9:06",
        "9:30",
        "9:54",
        "10:06",
        "10:30",
        "10:54",
        "11:27",
        "11:57",
        "12:27",
        "12:57",
        "13:27",
        "13:57",
        "14:27",
        "14:57",
        "15:27",
        "15:57",
        "16:27",
        "16:57",
        "17:21",
        "17:33",
        "17:57",
        "18:21",
        "18:33",
        "18:57",
        "19:20",
        "19:54",
        "20:20"
    ],
    "saturday": [
        "8:54",
        "9:06",
        "9:26",
        "9:46",
        "9:56",
        "10:06",
        "10:18",
        "10:30",
        "10:54",
        "11:28",
        "11:58",
        "12:28",
        "12:58",
        "13:28",
        "13:58",
        "14:28",
        "14:58",
        "15:28",
        "15:58",
        "16:27",
        "16:57",
        "17:26",
        "17:56",
        "18:26",
        "18:56",
        "19:31"
    ],
    "holiday": [
        "9:06",
        "9:36",
        "10:06",
        "10:21",
        "10:36",
        "11:28",
        "11:58",
        "12:28",
        "12:58",
        "13:28",
        "13:58",
        "14:28",
        "14:58",
        "15:28",
        "15:58",
        "16:27",
        "16:57",
        "17:27",
        "17:57",
        "18:27",
        "18:57",
        "19:31",
        "19:51"
    ],
    "url": "https://www.kanachu.co.jp/dia/diagram/timetable01_js/course:0000803202-2/node:00129450/kt:0/lname:/"
}
