{
    "date": "2025/04/01",
    "name": "市立博物館前(町田市)",
    "position": "-",
    "system": "町41",
    "destinations": [
        "養運寺",
        "菅原神社前(町田市)",
        "体育館前(町田市)",
        "町田郵便局前",
        "中町二丁目",
        "第四小学校前(町田市)",
        "町田市役所市民ホール前",
        "町田バスセンター",
        "町田ターミナル"
    ],
    "weekday": [
        "9:00",
        "9:10",
        "9:34",
        "9:58",
        "10:10",
        "10:34",
        "10:58",
        "11:31",
        "12:01",
        "12:31",
        "13:01",
        "13:31",
        "14:01",
        "14:31",
        "15:01",
        "15:31",
        "16:01",
        "16:31",
        "17:01",
        "17:25",
        "17:37",
        "18:01",
        "18:25",
        "18:37",
        "19:01",
        "19:24",
        "19:58",
        "20:24"
    ],
    "saturday": [
        "8:58",
        "9:10",
        "9:30",
        "9:50",
        "10:00",
        "10:10",
        "10:22",
        "10:34",
        "10:58",
        "11:32",
        "12:02",
        "12:32",
        "13:02",
        "13:32",
        "14:02",
        "14:32",
        "15:02",
        "15:32",
        "16:02",
        "16:31",
        "17:01",
        "17:30",
        "18:00",
        "18:30",
        "19:00",
        "19:35"
    ],
    "holiday": [
        "9:10",
        "9:40",
        "10:10",
        "10:25",
        "10:40",
        "11:32",
        "12:02",
        "12:32",
        "13:02",
        "13:32",
        "14:02",
        "14:32",
        "15:02",
        "15:32",
        "16:02",
        "16:31",
        "17:01",
        "17:31",
        "18:01",
        "18:31",
        "19:01",
        "19:35",
        "19:55"
    ],
    "url": "https://www.kanachu.co.jp/dia/diagram/timetable01_js/course:0000803202-5/node:00129448/kt:0/lname:/"
}
