{
    "date": "2025/04/01",
    "name": "菅原神社前(町田市)",
    "position": "-",
    "system": "町41",
    "destinations": [
        "体育館前(町田市)",
        "町田郵便局前",
        "中町二丁目",
        "第四小学校前(町田市)",
        "町田市役所市民ホール前",
        "町田バスセンター",
        "町田ターミナル"
    ],
    "weekday": [
        "9:04",
        "9:14",
        "9:38",
        "10:02",
        "10:14",
        "10:38",
        "11:02",
        "11:35",
        "12:05",
        "12:35",
        "13:05",
        "13:35",
        "14:05",
        "14:35",
        "15:04",
        "15:34",
        "16:04",
        "16:34",
        "17:05",
        "17:29",
        "17:41",
        "18:05",
        "18:29",
        "18:41",
        "19:04",
        "19:27",
        "20:01",
        "20:27"
    ],
    "saturday": [
        "9:01",
        "9:14",
        "9:34",
        "9:54",
        "10:04",
        "10:14",
        "10:26",
        "10:38",
        "11:02",
        "11:36",
        "12:06",
        "12:36",
        "13:06",
        "13:36",
        "14:05",
        "14:35",
        "15:05",
        "15:35",
        "16:05",
        "16:34",
        "17:04",
        "17:33",
        "18:03",
        "18:33",
        "19:03",
        "19:37"
    ],
    "holiday": [
        "9:14",
        "9:44",
        "10:14",
        "10:29",
        "10:44",
        "11:36",
        "12:06",
        "12:36",
        "13:06",
        "13:36",
        "14:06",
        "14:36",
        "15:06",
        "15:36",
        "16:06",
        "16:35",
        "17:05",
        "17:35",
        "18:05",
        "18:35",
        "19:04",
        "19:38",
        "19:58"
    ],
    "url": "https://www.kanachu.co.jp/dia/diagram/timetable01_js/course:0000803202-7/node:00129422/kt:0/lname:/"
}
