{
    "date": "2025/04/01",
    "name": "町田市役所市民ホール前",
    "position": "-",
    "system": "町41",
    "destinations": [
        "町田バスセンター",
        "町田ターミナル"
    ],
    "weekday": [
        "9:11",
        "9:21",
        "9:45",
        "10:09",
        "10:21",
        "10:45",
        "11:09",
        "11:42",
        "12:12",
        "12:42",
        "13:12",
        "13:42",
        "14:12",
        "14:42",
        "15:11",
        "15:41",
        "16:11",
        "16:41",
        "17:12",
        "17:36",
        "17:48",
        "18:12",
        "18:36",
        "18:48",
        "19:10",
        "19:33",
        "20:07",
        "20:33"
    ],
    "saturday": [
        "9:08",
        "9:21",
        "9:41",
        "10:01",
        "10:11",
        "10:21",
        "10:33",
        "10:45",
        "11:09",
        "11:43",
        "12:13",
        "12:43",
        "13:13",
        "13:43",
        "14:12",
        "14:42",
        "15:12",
        "15:42",
        "16:12",
        "16:41",
        "17:10",
        "17:39",
        "18:09",
        "18:39",
        "19:09",
        "19:43"
    ],
    "holiday": [
        "9:21",
        "9:51",
        "10:21",
        "10:36",
        "10:51",
        "11:43",
        "12:13",
        "12:43",
        "13:13",
        "13:43",
        "14:13",
        "14:43",
        "15:13",
        "15:43",
        "16:13",
        "16:42",
        "17:12",
        "17:42",
        "18:12",
        "18:42",
        "19:10",
        "19:44",
        "20:04"
    ],
    "url": "https://www.kanachu.co.jp/dia/diagram/timetable01_js/course:0000803202-12/node:00129356/kt:0/lname:/"
}
