{
    "system": "町41",
    "busstops": [
        {
            "index": "1",
            "id": "00129451",
            "name": "藤の台団地",
            "lat": "35.571418",
            "lng": "139.448831"
        },
        {
            "index": "2",
            "id": "00129450",
            "name": "藤の台東",
            "lat": "35.571461",
            "lng": "139.451672"
        },
        {
            "index": "3",
            "id": "00129449",
            "name": "金井小学校入口",
            "lat": "35.570731",
            "lng": "139.454754"
        },
        {
            "index": "4",
            "id": "00129510",
            "name": "ゆうき山",
            "lat": "35.567747",
            "lng": "139.453812"
        },
        {
            "index": "5",
            "id": "00129448",
            "name": "市立博物館前(町田市)",
            "lat": "35.564061",
            "lng": "139.452381"
        },
        {
            "index": "6",
            "id": "00129447",
            "name": "養運寺",
            "lat": "35.562453",
            "lng": "139.451543"
        },
        {
            "index": "7",
            "id": "00129422",
            "name": "菅原神社前(町田市)",
            "lat": "35.559897",
            "lng": "139.448359"
        },
        {
            "index": "8",
            "id": "00129421",
            "name": "体育館前(町田市)",
            "lat": "35.556931",
            "lng": "139.448151"
        },
        {
            "index": "9",
            "id": "00129420",
            "name": "町田郵便局前",
            "lat": "35.554628",
            "lng": "139.444415"
        },
        {
            "index": "10",
            "id": "00130353",
            "name": "中町二丁目",
            "lat": "35.552828",
            "lng": "139.441432"
        },
        {
            "index": "11",
            "id": "00129357",
            "name": "第四小学校前(町田市)",
            "lat": "35.55096",
            "lng": "139.438816"
        },
        {
            "index": "12",
            "id": "00129356",
            "name": "町田市役所市民ホール前",
            "lat": "35.547368",
            "lng": "139.438983"
        },
        {
            "index": "13",
            "id": "00025625",
            "name": "町田バスセンター",
            "lat": "35.543525",
            "lng": "139.444385"
        },
        {
            "index": "14",
            "id": "00129544",
            "name": "町田ターミナル",
            "lat": "35.540151",
            "lng": "139.449349"
        }
    ],
    "route_url": "https://www.kanachu.co.jp/dia/route/index/cid:0000803202/"
}
