{
    "date": "2025/11/16",
    "name": "市民文化会館前(茅ケ崎市)",
    "position": "-",
    "system": "茅25",
    "destinations": [
        "ジャスコ前(茅ケ崎市)",
        "保健所前(茅ケ崎市)",
        "肥地力",
        "矢畑",
        "円蔵",
        "西久保(茅ケ崎市)",
        "変電所前(茅ケ崎市)",
        "大曲橋",
        "香川駅入口",
        "大曲(高座郡寒川町)",
        "筒井(高座郡寒川町)",
        "景観寺",
        "寒川駅南口"
    ],
    "weekday": [
        "6:24",
        "6:42",
        "6:57",
        "7:12",
        "7:27",
        "7:42",
        "7:57",
        "11:02",
        "11:52",
        "12:52",
        "13:52",
        "14:47",
        "15:17",
        "15:47",
        "16:12",
        "16:42",
        "17:12",
        "18:07",
        "18:32",
        "18:57",
        "19:22",
        "19:52",
        "20:22",
        "20:56",
        "21:31",
        "22:07"
    ],
    "saturday": [
        "7:02",
        "8:42",
        "9:12",
        "9:42",
        "10:12",
        "11:12",
        "11:42",
        "12:12",
        "13:12",
        "13:47",
        "14:12",
        "15:12",
        "15:42",
        "16:12",
        "17:07",
        "17:37",
        "18:07",
        "18:37",
        "19:07",
        "19:37",
        "20:07",
        "20:37",
        "21:07",
        "21:49"
    ],
    "holiday": [
        "7:02",
        "8:42",
        "9:12",
        "9:42",
        "10:12",
        "11:12",
        "11:42",
        "12:12",
        "13:12",
        "13:47",
        "14:12",
        "15:12",
        "15:42",
        "16:12",
        "17:07",
        "17:37",
        "18:07",
        "18:37",
        "19:12",
        "19:52",
        "20:52",
        "21:49"
    ],
    "url": "https://www.kanachu.co.jp/dia/diagram/timetable01_js/course:0000800776-2/node:00127171/kt:0/lname:/"
}
