{
    "date": "2025/11/16",
    "name": "保健所前(茅ケ崎市)",
    "position": "-",
    "system": "茅25",
    "destinations": [
        "肥地力",
        "矢畑",
        "円蔵",
        "西久保(茅ケ崎市)",
        "変電所前(茅ケ崎市)",
        "大曲橋",
        "香川駅入口",
        "大曲(高座郡寒川町)",
        "筒井(高座郡寒川町)",
        "景観寺",
        "寒川駅南口"
    ],
    "weekday": [
        "6:25",
        "6:43",
        "6:58",
        "7:13",
        "7:28",
        "7:44",
        "7:59",
        "11:04",
        "11:54",
        "12:54",
        "13:54",
        "14:49",
        "15:19",
        "15:49",
        "16:14",
        "16:44",
        "17:14",
        "18:09",
        "18:34",
        "18:59",
        "19:23",
        "19:53",
        "20:23",
        "20:57",
        "21:32",
        "22:08"
    ],
    "saturday": [
        "7:03",
        "8:43",
        "9:13",
        "9:44",
        "10:14",
        "11:14",
        "11:44",
        "12:14",
        "13:14",
        "13:49",
        "14:14",
        "15:14",
        "15:44",
        "16:14",
        "17:09",
        "17:39",
        "18:09",
        "18:39",
        "19:08",
        "19:38",
        "20:08",
        "20:38",
        "21:08",
        "21:50"
    ],
    "holiday": [
        "7:03",
        "8:43",
        "9:13",
        "9:44",
        "10:14",
        "11:14",
        "11:44",
        "12:14",
        "13:14",
        "13:49",
        "14:14",
        "15:14",
        "15:44",
        "16:14",
        "17:09",
        "17:39",
        "18:09",
        "18:39",
        "19:13",
        "19:53",
        "20:53",
        "21:50"
    ],
    "url": "https://www.kanachu.co.jp/dia/diagram/timetable01_js/course:0000800776-4/node:00127271/kt:0/lname:/"
}
