{
    "date": "2025/11/16",
    "name": "変電所前(茅ケ崎市)",
    "position": "-",
    "system": "茅25",
    "destinations": [
        "大曲橋",
        "香川駅入口",
        "大曲(高座郡寒川町)",
        "筒井(高座郡寒川町)",
        "景観寺",
        "寒川駅南口"
    ],
    "weekday": [
        "6:31",
        "6:49",
        "7:04",
        "7:19",
        "7:36",
        "7:52",
        "8:07",
        "11:12",
        "12:02",
        "13:02",
        "14:02",
        "14:57",
        "15:27",
        "15:57",
        "16:22",
        "16:52",
        "17:22",
        "18:17",
        "18:42",
        "19:05",
        "19:29",
        "19:59",
        "20:29",
        "21:03",
        "21:38",
        "22:14"
    ],
    "saturday": [
        "7:09",
        "8:49",
        "9:19",
        "9:53",
        "10:23",
        "11:23",
        "11:53",
        "12:23",
        "13:22",
        "13:57",
        "14:22",
        "15:22",
        "15:52",
        "16:22",
        "17:18",
        "17:48",
        "18:18",
        "18:48",
        "19:14",
        "19:44",
        "20:14",
        "20:44",
        "21:14",
        "21:56"
    ],
    "holiday": [
        "7:09",
        "8:49",
        "9:19",
        "9:53",
        "10:23",
        "11:22",
        "11:52",
        "12:22",
        "13:22",
        "13:57",
        "14:22",
        "15:23",
        "15:53",
        "16:23",
        "17:18",
        "17:48",
        "18:18",
        "18:48",
        "19:19",
        "19:59",
        "20:59",
        "21:56"
    ],
    "url": "https://www.kanachu.co.jp/dia/diagram/timetable01_js/course:0000800776-9/node:00127164/kt:0/lname:/"
}
