{
    "date": "2025/11/16",
    "name": "景観寺",
    "position": "-",
    "system": "茅25",
    "destinations": [
        "寒川駅南口"
    ],
    "weekday": [
        "6:36",
        "6:54",
        "7:09",
        "7:24",
        "7:41",
        "7:57",
        "8:12",
        "11:17",
        "12:07",
        "13:07",
        "14:07",
        "15:02",
        "15:32",
        "16:02",
        "16:27",
        "16:57",
        "17:27",
        "18:22",
        "18:47",
        "19:10",
        "19:34",
        "20:04",
        "20:34",
        "21:08",
        "21:43",
        "22:19"
    ],
    "saturday": [
        "7:14",
        "8:54",
        "9:24",
        "9:58",
        "10:28",
        "11:28",
        "11:58",
        "12:28",
        "13:27",
        "14:02",
        "14:27",
        "15:27",
        "15:57",
        "16:27",
        "17:23",
        "17:53",
        "18:23",
        "18:53",
        "19:19",
        "19:49",
        "20:19",
        "20:49",
        "21:19",
        "22:01"
    ],
    "holiday": [
        "7:14",
        "8:54",
        "9:24",
        "9:58",
        "10:28",
        "11:27",
        "11:57",
        "12:27",
        "13:27",
        "14:02",
        "14:27",
        "15:28",
        "15:58",
        "16:28",
        "17:23",
        "17:53",
        "18:23",
        "18:53",
        "19:24",
        "20:04",
        "21:04",
        "22:01"
    ],
    "url": "https://www.kanachu.co.jp/dia/diagram/timetable01_js/course:0000800776-14/node:00127168/kt:0/lname:/"
}
