{
    "system": "茅25",
    "busstops": [
        {
            "index": "1",
            "id": "00127126",
            "name": "茅ヶ崎駅",
            "lat": "35.33119",
            "lng": "139.40642"
        },
        {
            "index": "2",
            "id": "00127171",
            "name": "市民文化会館前(茅ケ崎市)",
            "lat": "35.334816",
            "lng": "139.404852"
        },
        {
            "index": "3",
            "id": "00127288",
            "name": "ジャスコ前(茅ケ崎市)",
            "lat": "35.335076",
            "lng": "139.402233"
        },
        {
            "index": "4",
            "id": "00127271",
            "name": "保健所前(茅ケ崎市)",
            "lat": "35.334552",
            "lng": "139.400411"
        },
        {
            "index": "5",
            "id": "00127160",
            "name": "肥地力",
            "lat": "35.335707",
            "lng": "139.398768"
        },
        {
            "index": "6",
            "id": "00127161",
            "name": "矢畑",
            "lat": "35.339825",
            "lng": "139.397356"
        },
        {
            "index": "7",
            "id": "00127162",
            "name": "円蔵",
            "lat": "35.344467",
            "lng": "139.397877"
        },
        {
            "index": "8",
            "id": "00127163",
            "name": "西久保(茅ケ崎市)",
            "lat": "35.347464",
            "lng": "139.397253"
        },
        {
            "index": "9",
            "id": "00127164",
            "name": "変電所前(茅ケ崎市)",
            "lat": "35.351139",
            "lng": "139.396388"
        },
        {
            "index": "10",
            "id": "00127277",
            "name": "大曲橋",
            "lat": "35.353399",
            "lng": "139.394777"
        },
        {
            "index": "11",
            "id": "00127165",
            "name": "香川駅入口",
            "lat": "35.356302",
            "lng": "139.394646"
        },
        {
            "index": "12",
            "id": "00127166",
            "name": "大曲(高座郡寒川町)",
            "lat": "35.358771",
            "lng": "139.392279"
        },
        {
            "index": "13",
            "id": "00127167",
            "name": "筒井(高座郡寒川町)",
            "lat": "35.361399",
            "lng": "139.389276"
        },
        {
            "index": "14",
            "id": "00127168",
            "name": "景観寺",
            "lat": "35.363695",
            "lng": "139.387929"
        },
        {
            "index": "15",
            "id": "00127314",
            "name": "寒川駅南口",
            "lat": "35.367279",
            "lng": "139.385719"
        }
    ],
    "route_url": "https://www.kanachu.co.jp/dia/route/index/cid:0000800776/"
}
