{
    "date": "2025/08/30",
    "name": "渡戸(横浜市港南区)",
    "position": "-",
    "system": "東50",
    "destinations": [
        "東永谷",
        "浩南台",
        "澁谷台",
        "せりぎんタウン",
        "芹が谷団地前",
        "永谷地区センター前",
        "平戸(横浜市港南区)",
        "環2平戸",
        "品濃坂",
        "東戸塚駅東口"
    ],
    "weekday": [
        "6:35",
        "6:59",
        "7:23",
        "7:47",
        "8:11",
        "8:35",
        "8:59",
        "9:23",
        "9:47",
        "10:23",
        "10:59",
        "11:35",
        "12:11",
        "12:47",
        "13:23",
        "13:59",
        "14:35",
        "15:11",
        "15:47",
        "16:23",
        "16:59",
        "17:35",
        "18:11",
        "18:47",
        "19:23",
        "19:59",
        "20:35",
        "21:11",
        "21:47"
    ],
    "saturday": [
        "6:59",
        "7:35",
        "8:11",
        "8:47",
        "9:23",
        "9:59",
        "10:35",
        "11:11",
        "11:47",
        "12:23",
        "12:59",
        "13:35",
        "14:11",
        "14:47",
        "15:23",
        "15:59",
        "16:35",
        "17:11",
        "17:47",
        "18:23",
        "18:59",
        "19:35",
        "20:11",
        "20:47"
    ],
    "holiday": [
        "6:59",
        "7:35",
        "8:11",
        "8:47",
        "9:23",
        "9:59",
        "10:35",
        "11:11",
        "11:47",
        "12:23",
        "12:59",
        "13:35",
        "14:11",
        "14:47",
        "15:23",
        "15:59",
        "16:35",
        "17:11",
        "17:47",
        "18:23",
        "18:59",
        "19:35",
        "20:11",
        "20:47"
    ],
    "url": "https://www.kanachu.co.jp/dia/diagram/timetable01_js/course:0000802728-4/node:00126744/kt:0/lname:/"
}
