{
    "date": "2025/08/30",
    "name": "東永谷",
    "position": "-",
    "system": "東50",
    "destinations": [
        "浩南台",
        "澁谷台",
        "せりぎんタウン",
        "芹が谷団地前",
        "永谷地区センター前",
        "平戸(横浜市港南区)",
        "環2平戸",
        "品濃坂",
        "東戸塚駅東口"
    ],
    "weekday": [
        "6:36",
        "7:00",
        "7:24",
        "7:48",
        "8:12",
        "8:36",
        "9:00",
        "9:24",
        "9:48",
        "10:24",
        "11:00",
        "11:36",
        "12:12",
        "12:48",
        "13:24",
        "14:00",
        "14:36",
        "15:12",
        "15:48",
        "16:24",
        "17:00",
        "17:36",
        "18:12",
        "18:48",
        "19:24",
        "20:00",
        "20:36",
        "21:12",
        "21:48"
    ],
    "saturday": [
        "7:00",
        "7:36",
        "8:12",
        "8:48",
        "9:24",
        "10:00",
        "10:36",
        "11:12",
        "11:48",
        "12:24",
        "13:00",
        "13:36",
        "14:12",
        "14:48",
        "15:24",
        "16:00",
        "16:36",
        "17:12",
        "17:48",
        "18:24",
        "19:00",
        "19:36",
        "20:12",
        "20:48"
    ],
    "holiday": [
        "7:00",
        "7:36",
        "8:12",
        "8:48",
        "9:24",
        "10:00",
        "10:36",
        "11:12",
        "11:48",
        "12:24",
        "13:00",
        "13:36",
        "14:12",
        "14:48",
        "15:24",
        "16:00",
        "16:36",
        "17:12",
        "17:48",
        "18:24",
        "19:00",
        "19:36",
        "20:12",
        "20:48"
    ],
    "url": "https://www.kanachu.co.jp/dia/diagram/timetable01_js/course:0000802728-5/node:00126743/kt:0/lname:/"
}
