{
    "date": "2025/08/30",
    "name": "平戸(横浜市港南区)",
    "position": "-",
    "system": "東50",
    "destinations": [
        "環2平戸",
        "品濃坂",
        "東戸塚駅東口"
    ],
    "weekday": [
        "6:43",
        "7:07",
        "7:31",
        "7:55",
        "8:19",
        "8:43",
        "9:07",
        "9:31",
        "9:55",
        "10:31",
        "11:07",
        "11:43",
        "12:19",
        "12:55",
        "13:31",
        "14:07",
        "14:43",
        "15:19",
        "15:55",
        "16:31",
        "17:07",
        "17:43",
        "18:19",
        "18:55",
        "19:31",
        "20:07",
        "20:43",
        "21:19",
        "21:55"
    ],
    "saturday": [
        "7:07",
        "7:43",
        "8:19",
        "8:55",
        "9:31",
        "10:07",
        "10:43",
        "11:19",
        "11:55",
        "12:31",
        "13:07",
        "13:43",
        "14:19",
        "14:55",
        "15:31",
        "16:07",
        "16:43",
        "17:19",
        "17:55",
        "18:31",
        "19:07",
        "19:43",
        "20:19",
        "20:55"
    ],
    "holiday": [
        "7:07",
        "7:43",
        "8:19",
        "8:55",
        "9:31",
        "10:07",
        "10:43",
        "11:19",
        "11:55",
        "12:31",
        "13:07",
        "13:43",
        "14:19",
        "14:55",
        "15:31",
        "16:07",
        "16:43",
        "17:19",
        "17:55",
        "18:31",
        "19:07",
        "19:43",
        "20:19",
        "20:55"
    ],
    "url": "https://www.kanachu.co.jp/dia/diagram/timetable01_js/course:0000802728-11/node:00102977/kt:0/lname:/"
}
