{
    "date": "2025/04/19",
    "name": "相武台消防分署前",
    "position": "-",
    "system": "小11",
    "destinations": [
        "新磯野五丁目",
        "相武台グリーンパーク"
    ],
    "weekday": [
        "7:16",
        "8:16",
        "9:16",
        "10:16",
        "11:16",
        "12:16",
        "13:16",
        "14:16",
        "15:16",
        "16:16",
        "17:16",
        "18:16",
        "19:16",
        "20:16",
        "21:16"
    ],
    "saturday": [
        "9:16",
        "10:16",
        "11:16",
        "12:16",
        "13:16",
        "14:16",
        "15:16",
        "16:16",
        "17:16",
        "18:16",
        "19:16",
        "20:16"
    ],
    "holiday": [
        "9:16",
        "10:16",
        "11:16",
        "12:16",
        "13:16",
        "14:16",
        "15:16",
        "16:16",
        "17:16",
        "18:16",
        "19:16",
        "20:16"
    ],
    "url": "https://www.kanachu.co.jp/dia/diagram/timetable01_js/course:0000800466-11/node:00129331/kt:0/lname:/"
}
