{
    "date": "2025/11/16",
    "name": "伊勢原中学校前",
    "position": "-",
    "system": "平91",
    "destinations": [
        "下大竹",
        "馬渡(伊勢原市)",
        "矢羽根",
        "城所入口",
        "大句",
        "矢崎(平塚市)",
        "東橋(平塚市)",
        "豊田本郷駅",
        "大縄橋",
        "中原上宿",
        "中原御殿",
        "中原下宿",
        "共済病院前総合公園西",
        "追分(平塚市)",
        "立野町(平塚市)",
        "横浜ゴム前",
        "市役所前(ゴム前/平塚市)",
        "四ツ角(平塚市)",
        "平塚駅北口"
    ],
    "weekday": [
        "5:37",
        "16:38",
        "19:32",
        "22:22"
    ],
    "saturday": [
        "5:47",
        "6:02"
    ],
    "holiday": [
        "5:47",
        "6:07"
    ],
    "url": "https://www.kanachu.co.jp/dia/diagram/timetable01_js/course:0000800225-3/node:00128058/kt:0/lname:/"
}
