{
    "date": "2025/11/16",
    "name": "矢羽根",
    "position": "-",
    "system": "平91",
    "destinations": [
        "城所入口",
        "大句",
        "矢崎(平塚市)",
        "東橋(平塚市)",
        "豊田本郷駅",
        "大縄橋",
        "中原上宿",
        "中原御殿",
        "中原下宿",
        "共済病院前総合公園西",
        "追分(平塚市)",
        "立野町(平塚市)",
        "横浜ゴム前",
        "市役所前(ゴム前/平塚市)",
        "四ツ角(平塚市)",
        "平塚駅北口"
    ],
    "weekday": [
        "5:39",
        "16:41",
        "19:34",
        "22:24"
    ],
    "saturday": [
        "5:49",
        "6:04"
    ],
    "holiday": [
        "5:49",
        "6:09"
    ],
    "url": "https://www.kanachu.co.jp/dia/diagram/timetable01_js/course:0000800225-6/node:00128070/kt:0/lname:/"
}
