{
    "date": "2025/11/16",
    "name": "大句",
    "position": "-",
    "system": "平91",
    "destinations": [
        "矢崎(平塚市)",
        "東橋(平塚市)",
        "豊田本郷駅",
        "大縄橋",
        "中原上宿",
        "中原御殿",
        "中原下宿",
        "共済病院前総合公園西",
        "追分(平塚市)",
        "立野町(平塚市)",
        "横浜ゴム前",
        "市役所前(ゴム前/平塚市)",
        "四ツ角(平塚市)",
        "平塚駅北口"
    ],
    "weekday": [
        "5:41",
        "16:43",
        "19:36",
        "22:26"
    ],
    "saturday": [
        "5:51",
        "6:06"
    ],
    "holiday": [
        "5:51",
        "6:11"
    ],
    "url": "https://www.kanachu.co.jp/dia/diagram/timetable01_js/course:0000800225-8/node:00128062/kt:0/lname:/"
}
