{
    "date": "2025/11/16",
    "name": "中原下宿",
    "position": "-",
    "system": "平91",
    "destinations": [
        "共済病院前総合公園西",
        "追分(平塚市)",
        "立野町(平塚市)",
        "横浜ゴム前",
        "市役所前(ゴム前/平塚市)",
        "四ツ角(平塚市)",
        "平塚駅北口"
    ],
    "weekday": [
        "5:53",
        "16:58",
        "19:48",
        "22:38"
    ],
    "saturday": [
        "6:00",
        "6:15"
    ],
    "holiday": [
        "6:00",
        "6:20"
    ],
    "url": "https://www.kanachu.co.jp/dia/diagram/timetable01_js/course:0000800225-15/node:00128069/kt:0/lname:/"
}
