{
    "date": "2025/11/16",
    "name": "追分(平塚市)",
    "position": "-",
    "system": "平91",
    "destinations": [
        "立野町(平塚市)",
        "横浜ゴム前",
        "市役所前(ゴム前/平塚市)",
        "四ツ角(平塚市)",
        "平塚駅北口"
    ],
    "weekday": [
        "5:56",
        "17:03",
        "19:51",
        "22:41"
    ],
    "saturday": [
        "6:04",
        "6:19"
    ],
    "holiday": [
        "6:04",
        "6:24"
    ],
    "url": "https://www.kanachu.co.jp/dia/diagram/timetable01_js/course:0000800225-17/node:00127556/kt:0/lname:/"
}
