{
    "date": "2022/01/04",
    "name": "箕輪辻",
    "position": "-",
    "system": "海02",
    "destinations": [
        "愛川高校入口",
        "文化会館入口(愛甲郡愛川町)",
        "上大塚",
        "諏訪西",
        "東六倉",
        "中四丁目",
        "中三丁目(愛甲郡愛川町)",
        "中二丁目",
        "中一丁目",
        "東一丁目(厚木市)",
        "団地入口(厚木市)",
        "藤塚(厚木市)",
        "山際",
        "中平(厚木市)",
        "依知小学校前",
        "関口(厚木市)",
        "蓮生寺(厚木市)",
        "追分(厚木市)",
        "下依知入口",
        "金田神社前",
        "水道路(厚木市)",
        "今泉(海老名市)",
        "鶴松",
        "海老名駅西口"
    ],
    "weekday": [
        "6:47",
        "7:45"
    ],
    "saturday": [],
    "holiday": [],
    "url": "https://www.kanachu.co.jp/dia/diagram/timetable01_js/course:0000803120-2/node:00128327/kt:0/lname:/"
}
