{
    "date": "2022/01/04",
    "name": "依知小学校前",
    "position": "-",
    "system": "海02",
    "destinations": [
        "関口(厚木市)",
        "蓮生寺(厚木市)",
        "追分(厚木市)",
        "下依知入口",
        "金田神社前",
        "水道路(厚木市)",
        "今泉(海老名市)",
        "鶴松",
        "海老名駅西口"
    ],
    "weekday": [
        "7:10",
        "8:10"
    ],
    "saturday": [],
    "holiday": [],
    "url": "https://www.kanachu.co.jp/dia/diagram/timetable01_js/course:0000803120-17/node:00128353/kt:0/lname:/"
}
