{
    "date": "2025/07/27",
    "name": "市役所前(秦野市)",
    "position": "-",
    "system": "秦08",
    "destinations": [
        "桜橋(秦野市)",
        "本町中学校前",
        "富士見町入口",
        "富士見橋・警察署入口",
        "浄屋入口",
        "カルチャーパーク前",
        "水無瀬橋(秦野市)",
        "文化会館前(秦野市)",
        "日立南",
        "日立製作所(秦野市)",
        "堀川東",
        "桜土手(秦野市)",
        "堀川小学校前(秦野市)",
        "渋沢駅北口"
    ],
    "weekday": [
        "7:00",
        "7:27",
        "7:45",
        "8:05",
        "8:32",
        "9:05",
        "10:10",
        "11:10",
        "12:10",
        "13:10",
        "14:10",
        "15:10",
        "15:40",
        "16:10",
        "16:40",
        "17:10",
        "17:40",
        "18:10",
        "19:10"
    ],
    "saturday": [
        "7:19",
        "8:12",
        "9:22",
        "10:22",
        "11:32",
        "12:32",
        "13:32",
        "14:32",
        "15:32",
        "16:34"
    ],
    "holiday": [
        "7:19",
        "8:12",
        "9:22",
        "10:22",
        "11:32",
        "12:32",
        "13:32",
        "14:32",
        "15:32",
        "16:34"
    ],
    "url": "https://www.kanachu.co.jp/dia/diagram/timetable01_js/course:0000802739-3/node:00127911/kt:0/lname:/"
}
