{
    "date": "2025/07/27",
    "name": "富士見橋・警察署入口",
    "position": "-",
    "system": "秦08",
    "destinations": [
        "浄屋入口",
        "カルチャーパーク前",
        "水無瀬橋(秦野市)",
        "文化会館前(秦野市)",
        "日立南",
        "日立製作所(秦野市)",
        "堀川東",
        "桜土手(秦野市)",
        "堀川小学校前(秦野市)",
        "渋沢駅北口"
    ],
    "weekday": [
        "7:03",
        "7:30",
        "7:48",
        "8:08",
        "8:35",
        "9:08",
        "10:13",
        "11:13",
        "12:13",
        "13:13",
        "14:13",
        "15:13",
        "15:43",
        "16:13",
        "16:43",
        "17:13",
        "17:43",
        "18:13",
        "19:13"
    ],
    "saturday": [
        "7:22",
        "8:15",
        "9:25",
        "10:25",
        "11:35",
        "12:35",
        "13:35",
        "14:35",
        "15:35",
        "16:37"
    ],
    "holiday": [
        "7:22",
        "8:15",
        "9:25",
        "10:25",
        "11:35",
        "12:35",
        "13:35",
        "14:35",
        "15:35",
        "16:37"
    ],
    "url": "https://www.kanachu.co.jp/dia/diagram/timetable01_js/course:0000802739-7/node:00127915/kt:0/lname:/"
}
