{
    "date": "2025/07/27",
    "name": "日立製作所(秦野市)",
    "position": "-",
    "system": "秦08",
    "destinations": [
        "堀川東",
        "桜土手(秦野市)",
        "堀川小学校前(秦野市)",
        "渋沢駅北口"
    ],
    "weekday": [
        "7:11",
        "7:38",
        "7:56",
        "8:16",
        "8:43",
        "9:14",
        "10:19",
        "11:19",
        "12:19",
        "13:19",
        "14:19",
        "15:19",
        "15:49",
        "16:19",
        "16:49",
        "17:21",
        "17:51",
        "18:21",
        "19:19"
    ],
    "saturday": [
        "7:28",
        "8:21",
        "9:31",
        "10:31",
        "11:41",
        "12:41",
        "13:41",
        "14:41",
        "15:41",
        "16:43"
    ],
    "holiday": [
        "7:28",
        "8:21",
        "9:31",
        "10:31",
        "11:41",
        "12:41",
        "13:41",
        "14:41",
        "15:41",
        "16:43"
    ],
    "url": "https://www.kanachu.co.jp/dia/diagram/timetable01_js/course:0000802739-13/node:00127925/kt:0/lname:/"
}
