{
    "date": "2025/11/16",
    "name": "西公園前(中郡大磯町)",
    "position": "-",
    "system": "磯13",
    "destinations": [
        "北公園前(中郡大磯町)",
        "湘南大磯住宅入口",
        "湘南大磯病院",
        "天の杜",
        "大磯プリンスホテル入口",
        "中丸(中郡大磯町)",
        "城山公園前(中郡大磯町)",
        "八坂神社(中郡大磯町)",
        "白岩大門",
        "統監道",
        "大磯小学校前",
        "大磯駅"
    ],
    "weekday": [
        "7:22",
        "8:47",
        "9:30",
        "10:42",
        "11:42",
        "12:42",
        "13:42",
        "14:42",
        "15:42",
        "16:42",
        "17:50",
        "18:50",
        "19:50",
        "20:25",
        "21:15"
    ],
    "saturday": [
        "7:45",
        "8:25",
        "9:25",
        "10:25",
        "11:25",
        "12:25",
        "13:25",
        "14:25",
        "15:25",
        "16:25",
        "17:25",
        "18:25",
        "19:25"
    ],
    "holiday": [
        "7:45",
        "8:25",
        "9:25",
        "10:25",
        "11:25",
        "12:25",
        "13:25",
        "14:25",
        "15:25",
        "16:25",
        "17:25",
        "18:25",
        "19:25"
    ],
    "url": "https://www.kanachu.co.jp/dia/diagram/timetable01_js/course:0000801496-1/node:00127509/kt:0/lname:/"
}
