{
    "date": "2025/11/16",
    "name": "湘南大磯住宅入口",
    "position": "-",
    "system": "磯13",
    "destinations": [
        "湘南大磯病院",
        "天の杜",
        "大磯プリンスホテル入口",
        "中丸(中郡大磯町)",
        "城山公園前(中郡大磯町)",
        "八坂神社(中郡大磯町)",
        "白岩大門",
        "統監道",
        "大磯小学校前",
        "大磯駅"
    ],
    "weekday": [
        "7:24",
        "8:49",
        "9:32",
        "10:44",
        "11:44",
        "12:44",
        "13:44",
        "14:44",
        "15:44",
        "16:44",
        "17:52",
        "18:52",
        "19:52",
        "20:27",
        "21:17"
    ],
    "saturday": [
        "7:47",
        "8:27",
        "9:27",
        "10:27",
        "11:27",
        "12:27",
        "13:27",
        "14:27",
        "15:27",
        "16:27",
        "17:27",
        "18:27",
        "19:27"
    ],
    "holiday": [
        "7:47",
        "8:27",
        "9:27",
        "10:27",
        "11:27",
        "12:27",
        "13:27",
        "14:27",
        "15:27",
        "16:27",
        "17:27",
        "18:27",
        "19:27"
    ],
    "url": "https://www.kanachu.co.jp/dia/diagram/timetable01_js/course:0000801496-3/node:00127511/kt:0/lname:/"
}
