{
    "date": "2025/11/16",
    "name": "中丸(中郡大磯町)",
    "position": "-",
    "system": "磯13",
    "destinations": [
        "城山公園前(中郡大磯町)",
        "八坂神社(中郡大磯町)",
        "白岩大門",
        "統監道",
        "大磯小学校前",
        "大磯駅"
    ],
    "weekday": [
        "7:28",
        "8:53",
        "9:36",
        "10:48",
        "11:48",
        "12:48",
        "13:48",
        "14:48",
        "15:48",
        "16:48",
        "17:56",
        "18:56",
        "19:56",
        "20:31",
        "21:21"
    ],
    "saturday": [
        "7:51",
        "8:31",
        "9:31",
        "10:31",
        "11:31",
        "12:31",
        "13:31",
        "14:31",
        "15:31",
        "16:31",
        "17:31",
        "18:31",
        "19:31"
    ],
    "holiday": [
        "7:51",
        "8:31",
        "9:31",
        "10:31",
        "11:31",
        "12:31",
        "13:31",
        "14:31",
        "15:31",
        "16:31",
        "17:31",
        "18:31",
        "19:31"
    ],
    "url": "https://www.kanachu.co.jp/dia/diagram/timetable01_js/course:0000801496-7/node:00127481/kt:0/lname:/"
}
