{
    "date": "2024/09/02",
    "name": "領家三丁目(横浜市泉区)",
    "position": "-",
    "system": "戸99",
    "destinations": [
        "領家一丁目(横浜市泉区)",
        "諏訪久保",
        "第二工業団地",
        "第二工業団地中央",
        "ラムーナ横浜戸塚",
        "第二工業団地中央",
        "第二工業団地",
        "上矢部地区センター前",
        "戸塚工業団地",
        "上矢部高校"
    ],
    "weekday": [
        "19:55",
        "20:53",
        "23:27"
    ],
    "saturday": [
        "18:47",
        "22:21",
        "22:47"
    ],
    "holiday": [
        "22:00",
        "22:30"
    ],
    "url": "https://www.kanachu.co.jp/dia/diagram/timetable01_js/course:0000803636-10/node:00126713/kt:0/lname:/"
}
