{
    "date": "2024/03/16",
    "name": "常盤(町田市)",
    "position": "-",
    "system": "町60",
    "destinations": [
        "中常盤",
        "下常盤",
        "矢部",
        "忠生都営住宅前",
        "根岸(根岸町/町田市)",
        "下根岸(町田市)",
        "上宿(町田市)",
        "忠生公園入口",
        "木曽(町田市)",
        "三家(町田市)",
        "木曽住宅",
        "滝の沢(町田市)",
        "浄水場前(町田市)",
        "市民病院前(町田市)",
        "森野三丁目",
        "保健所入口",
        "森野一丁目",
        "町田バスセンター"
    ],
    "weekday": [
        "6:57",
        "8:16"
    ],
    "saturday": [
        "7:09",
        "8:07"
    ],
    "holiday": [],
    "url": "https://www.kanachu.co.jp/dia/diagram/timetable01_js/course:0000803171-19/node:00129202/kt:0/lname:/"
}
