{
    "date": "2024/03/16",
    "name": "浄水場前(町田市)",
    "position": "-",
    "system": "町60",
    "destinations": [
        "市民病院前(町田市)",
        "森野三丁目",
        "保健所入口",
        "森野一丁目",
        "町田バスセンター"
    ],
    "weekday": [
        "7:13",
        "8:34"
    ],
    "saturday": [
        "7:24",
        "8:22"
    ],
    "holiday": [],
    "url": "https://www.kanachu.co.jp/dia/diagram/timetable01_js/course:0000803171-32/node:00129360/kt:0/lname:/"
}
