{
    "system": "町60",
    "busstops": [
        {
            "index": "1",
            "id": "00128969",
            "name": "橋本駅北口",
            "lat": "35.595491",
            "lng": "139.344368"
        },
        {
            "index": "2",
            "id": "00020098",
            "name": "旭農協前",
            "lat": "35.597185",
            "lng": "139.34619"
        },
        {
            "index": "3",
            "id": "00128991",
            "name": "寿町(相模原市緑区)",
            "lat": "35.599163",
            "lng": "139.347471"
        },
        {
            "index": "4",
            "id": "00130222",
            "name": "寿橋",
            "lat": "35.601847",
            "lng": "139.348319"
        },
        {
            "index": "5",
            "id": "00128992",
            "name": "久保ヶ谷戸",
            "lat": "35.60275",
            "lng": "139.349295"
        },
        {
            "index": "6",
            "id": "00130087",
            "name": "三ツ目(町田市)",
            "lat": "35.601854",
            "lng": "139.35201"
        },
        {
            "index": "7",
            "id": "00130088",
            "name": "堂の前(町田市)",
            "lat": "35.600893",
            "lng": "139.354745"
        },
        {
            "index": "8",
            "id": "00130089",
            "name": "田端(町田市)",
            "lat": "35.600355",
            "lng": "139.360391"
        },
        {
            "index": "9",
            "id": "00021669",
            "name": "多摩境駅",
            "lat": "35.60227",
            "lng": "139.366622"
        },
        {
            "index": "10",
            "id": "00130090",
            "name": "坂本橋(町田市)",
            "lat": "35.598432",
            "lng": "139.365254"
        },
        {
            "index": "11",
            "id": "00130091",
            "name": "片所",
            "lat": "35.597172",
            "lng": "139.368175"
        },
        {
            "index": "12",
            "id": "00130092",
            "name": "御嶽堂",
            "lat": "35.595854",
            "lng": "139.371359"
        },
        {
            "index": "13",
            "id": "00020167",
            "name": "横土手",
            "lat": "35.594586",
            "lng": "139.37533"
        },
        {
            "index": "14",
            "id": "00130093",
            "name": "小山小学校前(町田市)",
            "lat": "35.593204",
            "lng": "139.378178"
        },
        {
            "index": "15",
            "id": "00130094",
            "name": "小山郵便局前",
            "lat": "35.591988",
            "lng": "139.381012"
        },
        {
            "index": "16",
            "id": "00130095",
            "name": "中村不動入口",
            "lat": "35.590763",
            "lng": "139.384714"
        },
        {
            "index": "17",
            "id": "00130096",
            "name": "馬場十字路",
            "lat": "35.589016",
            "lng": "139.388299"
        },
        {
            "index": "18",
            "id": "00130097",
            "name": "下馬場",
            "lat": "35.586921",
            "lng": "139.391057"
        },
        {
            "index": "19",
            "id": "00129202",
            "name": "常盤(町田市)",
            "lat": "35.586048",
            "lng": "139.394451"
        },
        {
            "index": "20",
            "id": "00130098",
            "name": "中常盤",
            "lat": "35.585062",
            "lng": "139.398803"
        },
        {
            "index": "21",
            "id": "00130099",
            "name": "下常盤",
            "lat": "35.5836",
            "lng": "139.40295"
        },
        {
            "index": "22",
            "id": "00130100",
            "name": "矢部",
            "lat": "35.581713",
            "lng": "139.404376"
        },
        {
            "index": "23",
            "id": "00129515",
            "name": "忠生都営住宅前",
            "lat": "35.579272",
            "lng": "139.408664"
        },
        {
            "index": "24",
            "id": "00129367",
            "name": "根岸(根岸町/町田市)",
            "lat": "35.578013",
            "lng": "139.412225"
        },
        {
            "index": "25",
            "id": "00129366",
            "name": "下根岸(町田市)",
            "lat": "35.575986",
            "lng": "139.415872"
        },
        {
            "index": "26",
            "id": "00129365",
            "name": "上宿(町田市)",
            "lat": "35.574042",
            "lng": "139.4196"
        },
        {
            "index": "27",
            "id": "00129494",
            "name": "忠生公園入口",
            "lat": "35.571573",
            "lng": "139.42098"
        },
        {
            "index": "28",
            "id": "00129364",
            "name": "木曽(町田市)",
            "lat": "35.567921",
            "lng": "139.42294"
        },
        {
            "index": "29",
            "id": "00129363",
            "name": "三家(町田市)",
            "lat": "35.564466",
            "lng": "139.425704"
        },
        {
            "index": "30",
            "id": "00129362",
            "name": "木曽住宅",
            "lat": "35.563166",
            "lng": "139.426949"
        },
        {
            "index": "31",
            "id": "00129361",
            "name": "滝の沢(町田市)",
            "lat": "35.559343",
            "lng": "139.430489"
        },
        {
            "index": "32",
            "id": "00129360",
            "name": "浄水場前(町田市)",
            "lat": "35.55662",
            "lng": "139.434645"
        },
        {
            "index": "33",
            "id": "00129359",
            "name": "市民病院前(町田市)",
            "lat": "35.554809",
            "lng": "139.436868"
        },
        {
            "index": "34",
            "id": "00129358",
            "name": "森野三丁目",
            "lat": "35.552844",
            "lng": "139.439345"
        },
        {
            "index": "35",
            "id": "00129418",
            "name": "保健所入口",
            "lat": "35.550775",
            "lng": "139.441166"
        },
        {
            "index": "36",
            "id": "00129522",
            "name": "森野一丁目",
            "lat": "35.54764",
            "lng": "139.442985"
        },
        {
            "index": "37",
            "id": "00025625",
            "name": "町田バスセンター",
            "lat": "35.543525",
            "lng": "139.444385"
        }
    ],
    "route_url": "https://www.kanachu.co.jp/dia/route/index/cid:0000803171/"
}
