{
    "date": "2025/04/01",
    "name": "平塚駅北口",
    "position": "-",
    "system": "平22",
    "destinations": [
        "銀座通り(平塚市)",
        "平塚文化芸術ホール前",
        "八間通り",
        "豊田道",
        "新豊田道",
        "桧扇町",
        "富士見小学校前(平塚市)",
        "豊原町",
        "諏訪町(平塚市)",
        "大久保公園(平塚市)",
        "貴峯荘前",
        "平塚農商高校",
        "上平塚",
        "市民病院前(平塚市)"
    ],
    "weekday": [
        "6:05",
        "7:00",
        "7:40",
        "8:00",
        "8:17",
        "8:55",
        "9:53",
        "10:53",
        "11:53",
        "12:53",
        "13:53",
        "14:53",
        "15:53",
        "16:53",
        "19:02",
        "20:02",
        "21:02",
        "22:03"
    ],
    "saturday": [
        "7:17",
        "8:09",
        "16:37",
        "17:39",
        "18:48",
        "19:47",
        "20:47",
        "21:47"
    ],
    "holiday": [
        "7:17",
        "8:09",
        "16:37",
        "17:39",
        "18:48",
        "19:47",
        "20:47",
        "21:47"
    ],
    "url": "https://www.kanachu.co.jp/dia/diagram/timetable01_js/course:0000803042-1/node:00127464/kt:0/lname:/"
}
