{
    "date": "2025/04/01",
    "name": "銀座通り(平塚市)",
    "position": "-",
    "system": "平22",
    "destinations": [
        "平塚文化芸術ホール前",
        "八間通り",
        "豊田道",
        "新豊田道",
        "桧扇町",
        "富士見小学校前(平塚市)",
        "豊原町",
        "諏訪町(平塚市)",
        "大久保公園(平塚市)",
        "貴峯荘前",
        "平塚農商高校",
        "上平塚",
        "市民病院前(平塚市)"
    ],
    "weekday": [
        "6:06",
        "7:01",
        "7:41",
        "8:01",
        "8:18",
        "8:56",
        "9:54",
        "10:54",
        "11:54",
        "12:54",
        "13:54",
        "14:54",
        "15:54",
        "16:54",
        "19:03",
        "20:03",
        "21:03",
        "22:04"
    ],
    "saturday": [
        "7:18",
        "8:10",
        "16:38",
        "17:40",
        "18:49",
        "19:48",
        "20:48",
        "21:48"
    ],
    "holiday": [
        "7:18",
        "8:10",
        "16:38",
        "17:40",
        "18:49",
        "19:48",
        "20:48",
        "21:48"
    ],
    "url": "https://www.kanachu.co.jp/dia/diagram/timetable01_js/course:0000803042-2/node:00127465/kt:0/lname:/"
}
