{
    "date": "2025/04/01",
    "name": "桧扇町",
    "position": "-",
    "system": "平22",
    "destinations": [
        "富士見小学校前(平塚市)",
        "豊原町",
        "諏訪町(平塚市)",
        "大久保公園(平塚市)",
        "貴峯荘前",
        "平塚農商高校",
        "上平塚",
        "市民病院前(平塚市)"
    ],
    "weekday": [
        "6:10",
        "7:05",
        "7:45",
        "8:05",
        "8:22",
        "9:00",
        "9:58",
        "10:58",
        "11:58",
        "12:58",
        "13:58",
        "14:58",
        "15:58",
        "16:58",
        "19:07",
        "20:07",
        "21:07",
        "22:08"
    ],
    "saturday": [
        "7:22",
        "8:14",
        "16:42",
        "17:44",
        "18:53",
        "19:52",
        "20:52",
        "21:52"
    ],
    "holiday": [
        "7:22",
        "8:14",
        "16:42",
        "17:44",
        "18:53",
        "19:52",
        "20:52",
        "21:52"
    ],
    "url": "https://www.kanachu.co.jp/dia/diagram/timetable01_js/course:0000803042-7/node:00127586/kt:0/lname:/"
}
