{
    "date": "2025/04/01",
    "name": "大久保公園(平塚市)",
    "position": "-",
    "system": "平22",
    "destinations": [
        "貴峯荘前",
        "平塚農商高校",
        "上平塚",
        "市民病院前(平塚市)"
    ],
    "weekday": [
        "6:14",
        "7:09",
        "7:49",
        "8:09",
        "8:26",
        "9:04",
        "10:02",
        "11:02",
        "12:02",
        "13:02",
        "14:02",
        "15:02",
        "16:02",
        "17:02",
        "19:11",
        "20:11",
        "21:11",
        "22:12"
    ],
    "saturday": [
        "7:26",
        "8:18",
        "16:46",
        "17:48",
        "18:57",
        "19:56",
        "20:56",
        "21:56"
    ],
    "holiday": [
        "7:26",
        "8:18",
        "16:46",
        "17:48",
        "18:57",
        "19:56",
        "20:56",
        "21:56"
    ],
    "url": "https://www.kanachu.co.jp/dia/diagram/timetable01_js/course:0000803042-11/node:00127590/kt:0/lname:/"
}
