{
    "date": "2025/04/01",
    "name": "貴峯荘前",
    "position": "-",
    "system": "平22",
    "destinations": [
        "平塚農商高校",
        "上平塚",
        "市民病院前(平塚市)"
    ],
    "weekday": [
        "6:15",
        "7:10",
        "7:50",
        "8:10",
        "8:27",
        "9:05",
        "10:03",
        "11:03",
        "12:03",
        "13:03",
        "14:03",
        "15:03",
        "16:03",
        "17:03",
        "19:12",
        "20:12",
        "21:12",
        "22:13"
    ],
    "saturday": [
        "7:27",
        "8:19",
        "16:47",
        "17:49",
        "18:58",
        "19:57",
        "20:57",
        "21:57"
    ],
    "holiday": [
        "7:27",
        "8:19",
        "16:47",
        "17:49",
        "18:58",
        "19:57",
        "20:57",
        "21:57"
    ],
    "url": "https://www.kanachu.co.jp/dia/diagram/timetable01_js/course:0000803042-12/node:00127591/kt:0/lname:/"
}
