{
    "date": "2022/02/05",
    "name": "公民館入口(高座郡寒川町)",
    "position": "-",
    "system": "茅41",
    "destinations": [
        "寒川駅入口",
        "景観寺",
        "寒川十字路",
        "寒川高校前(高座郡寒川町)",
        "田端耕地",
        "田端(高座郡寒川町)",
        "番場(茅ケ崎市)",
        "萩園(茅ケ崎市)",
        "辻西(茅ケ崎市)",
        "萩園辻",
        "県住入口",
        "今宿(茅ケ崎市)",
        "町屋(茅ケ崎市)",
        "茶屋町(茅ケ崎市)",
        "十間坂",
        "茅ヶ崎四ツ角",
        "茅ヶ崎駅"
    ],
    "weekday": [
        "6:11",
        "6:43"
    ],
    "saturday": [
        "6:37"
    ],
    "holiday": [
        "6:37"
    ],
    "url": "https://www.kanachu.co.jp/dia/diagram/timetable01_js/course:0000801136-5/node:00127173/kt:0/lname:/"
}
