{
    "date": "2022/02/05",
    "name": "今宿(茅ケ崎市)",
    "position": "-",
    "system": "茅41",
    "destinations": [
        "町屋(茅ケ崎市)",
        "茶屋町(茅ケ崎市)",
        "十間坂",
        "茅ヶ崎四ツ角",
        "茅ヶ崎駅"
    ],
    "weekday": [
        "6:29",
        "7:01"
    ],
    "saturday": [
        "6:53"
    ],
    "holiday": [
        "6:53"
    ],
    "url": "https://www.kanachu.co.jp/dia/diagram/timetable01_js/course:0000801136-17/node:00127184/kt:0/lname:/"
}
