{
    "date": "2022/02/05",
    "name": "町屋(茅ケ崎市)",
    "position": "-",
    "system": "茅41",
    "destinations": [
        "茶屋町(茅ケ崎市)",
        "十間坂",
        "茅ヶ崎四ツ角",
        "茅ヶ崎駅"
    ],
    "weekday": [
        "6:30",
        "7:02"
    ],
    "saturday": [
        "6:54"
    ],
    "holiday": [
        "6:54"
    ],
    "url": "https://www.kanachu.co.jp/dia/diagram/timetable01_js/course:0000801136-18/node:00127183/kt:0/lname:/"
}
