{
    "system": "茅41",
    "busstops": [
        {
            "index": "1",
            "id": "00127177",
            "name": "小谷(高座郡寒川町)",
            "lat": "35.382333",
            "lng": "139.401497"
        },
        {
            "index": "2",
            "id": "00127176",
            "name": "大蔵(高座郡寒川町)",
            "lat": "35.378364",
            "lng": "139.398076"
        },
        {
            "index": "3",
            "id": "00127175",
            "name": "県営住宅前(高座郡寒川町)",
            "lat": "35.375481",
            "lng": "139.396143"
        },
        {
            "index": "4",
            "id": "00127174",
            "name": "岡田(高座郡寒川町)",
            "lat": "35.372964",
            "lng": "139.394243"
        },
        {
            "index": "5",
            "id": "00127173",
            "name": "公民館入口(高座郡寒川町)",
            "lat": "35.371551",
            "lng": "139.390969"
        },
        {
            "index": "6",
            "id": "00127172",
            "name": "寒川駅入口",
            "lat": "35.366789",
            "lng": "139.389061"
        },
        {
            "index": "7",
            "id": "00127168",
            "name": "景観寺",
            "lat": "35.363432",
            "lng": "139.387494"
        },
        {
            "index": "8",
            "id": "00127169",
            "name": "寒川十字路",
            "lat": "35.362871",
            "lng": "139.385397"
        },
        {
            "index": "9",
            "id": "00127198",
            "name": "寒川高校前(高座郡寒川町)",
            "lat": "35.360534",
            "lng": "139.385223"
        },
        {
            "index": "10",
            "id": "00127197",
            "name": "田端耕地",
            "lat": "35.357449",
            "lng": "139.384365"
        },
        {
            "index": "11",
            "id": "00127196",
            "name": "田端(高座郡寒川町)",
            "lat": "35.35317",
            "lng": "139.384773"
        },
        {
            "index": "12",
            "id": "00127195",
            "name": "番場(茅ケ崎市)",
            "lat": "35.347198",
            "lng": "139.383975"
        },
        {
            "index": "13",
            "id": "00127194",
            "name": "萩園(茅ケ崎市)",
            "lat": "35.345152",
            "lng": "139.382608"
        },
        {
            "index": "14",
            "id": "00127193",
            "name": "辻西(茅ケ崎市)",
            "lat": "35.3418",
            "lng": "139.382527"
        },
        {
            "index": "15",
            "id": "00127192",
            "name": "萩園辻",
            "lat": "35.3395",
            "lng": "139.382911"
        },
        {
            "index": "16",
            "id": "00127191",
            "name": "県住入口",
            "lat": "35.335945",
            "lng": "139.382954"
        },
        {
            "index": "17",
            "id": "00127184",
            "name": "今宿(茅ケ崎市)",
            "lat": "35.333099",
            "lng": "139.382649"
        },
        {
            "index": "18",
            "id": "00127183",
            "name": "町屋(茅ケ崎市)",
            "lat": "35.330806",
            "lng": "139.389124"
        },
        {
            "index": "19",
            "id": "00127182",
            "name": "茶屋町(茅ケ崎市)",
            "lat": "35.329253",
            "lng": "139.394951"
        },
        {
            "index": "20",
            "id": "00127181",
            "name": "十間坂",
            "lat": "35.329908",
            "lng": "139.39729"
        },
        {
            "index": "21",
            "id": "00127159",
            "name": "茅ヶ崎四ツ角",
            "lat": "35.332262",
            "lng": "139.402472"
        },
        {
            "index": "22",
            "id": "00127126",
            "name": "茅ヶ崎駅",
            "lat": "35.331146",
            "lng": "139.406276"
        }
    ],
    "route_url": "https://www.kanachu.co.jp/dia/route/index/cid:0000801136/"
}
