{
    "date": "2024/04/01",
    "name": "浄屋入口",
    "position": "-",
    "system": "秦11",
    "destinations": [
        "富士見橋・警察署入口",
        "富士見町入口",
        "本町中学校前",
        "桜橋(秦野市)",
        "市役所前(秦野市)",
        "大川橋・本町小学校前",
        "まほろば大橋",
        "秦野駅"
    ],
    "weekday": [
        "5:07",
        "5:20",
        "5:35",
        "5:50",
        "6:05",
        "6:15",
        "6:25",
        "6:35",
        "6:45",
        "6:55",
        "7:16",
        "7:26",
        "7:36",
        "7:46",
        "7:56",
        "9:01",
        "10:05",
        "10:20",
        "11:05",
        "11:20",
        "11:35",
        "12:05",
        "12:20",
        "12:35",
        "13:05",
        "13:20",
        "13:35",
        "14:05",
        "14:20",
        "14:35",
        "15:05",
        "15:20",
        "15:35",
        "16:06",
        "16:36",
        "17:26",
        "17:36",
        "17:56",
        "18:06",
        "18:26",
        "18:36",
        "19:01",
        "19:15",
        "20:25",
        "20:55",
        "21:20"
    ],
    "saturday": [
        "5:37",
        "5:53",
        "6:05",
        "6:20",
        "6:35",
        "6:50",
        "7:02",
        "7:20",
        "7:35",
        "8:08",
        "8:20",
        "8:35",
        "8:50",
        "9:05",
        "9:25",
        "10:05",
        "10:25",
        "10:45",
        "11:05",
        "11:25",
        "11:45",
        "12:00",
        "12:20",
        "12:40",
        "13:00",
        "13:20",
        "13:40",
        "14:00",
        "14:20",
        "14:40",
        "15:00",
        "15:20",
        "15:40",
        "16:00",
        "16:20",
        "16:40",
        "17:00",
        "17:20",
        "17:40",
        "18:00",
        "18:40",
        "19:00",
        "19:20",
        "19:40",
        "20:00",
        "20:20",
        "20:40"
    ],
    "holiday": [
        "5:37",
        "5:53",
        "6:05",
        "6:20",
        "6:35",
        "6:50",
        "7:02",
        "7:20",
        "7:35",
        "8:08",
        "8:20",
        "8:35",
        "8:50",
        "9:05",
        "9:25",
        "10:05",
        "10:25",
        "10:45",
        "11:05",
        "11:25",
        "11:45",
        "12:00",
        "12:20",
        "12:40",
        "13:00",
        "13:20",
        "13:40",
        "14:00",
        "14:20",
        "14:40",
        "15:00",
        "15:20",
        "15:40",
        "16:00",
        "16:20",
        "16:40",
        "17:00",
        "17:20",
        "17:40",
        "18:00",
        "18:40",
        "19:00",
        "19:20",
        "19:40",
        "20:00",
        "20:20",
        "20:40"
    ],
    "url": "https://www.kanachu.co.jp/dia/diagram/timetable01_js/course:0000802749-3/node:00127917/kt:0/lname:/"
}
