{
    "date": "2024/04/01",
    "name": "富士見町入口",
    "position": "-",
    "system": "秦11",
    "destinations": [
        "本町中学校前",
        "桜橋(秦野市)",
        "市役所前(秦野市)",
        "大川橋・本町小学校前",
        "まほろば大橋",
        "秦野駅"
    ],
    "weekday": [
        "5:09",
        "5:22",
        "5:37",
        "5:52",
        "6:07",
        "6:17",
        "6:27",
        "6:37",
        "6:47",
        "6:57",
        "7:18",
        "7:28",
        "7:38",
        "7:48",
        "7:58",
        "9:03",
        "10:07",
        "10:22",
        "11:07",
        "11:22",
        "11:37",
        "12:07",
        "12:22",
        "12:37",
        "13:07",
        "13:22",
        "13:37",
        "14:07",
        "14:22",
        "14:37",
        "15:07",
        "15:22",
        "15:37",
        "16:08",
        "16:38",
        "17:28",
        "17:38",
        "17:58",
        "18:08",
        "18:28",
        "18:38",
        "19:03",
        "19:17",
        "20:27",
        "20:57",
        "21:22"
    ],
    "saturday": [
        "5:39",
        "5:55",
        "6:07",
        "6:22",
        "6:37",
        "6:52",
        "7:04",
        "7:22",
        "7:37",
        "8:10",
        "8:22",
        "8:37",
        "8:52",
        "9:07",
        "9:27",
        "10:07",
        "10:27",
        "10:47",
        "11:07",
        "11:27",
        "11:47",
        "12:02",
        "12:22",
        "12:42",
        "13:02",
        "13:22",
        "13:42",
        "14:02",
        "14:22",
        "14:42",
        "15:02",
        "15:22",
        "15:42",
        "16:02",
        "16:22",
        "16:42",
        "17:02",
        "17:22",
        "17:42",
        "18:02",
        "18:42",
        "19:02",
        "19:22",
        "19:42",
        "20:02",
        "20:22",
        "20:42"
    ],
    "holiday": [
        "5:39",
        "5:55",
        "6:07",
        "6:22",
        "6:37",
        "6:52",
        "7:04",
        "7:22",
        "7:37",
        "8:10",
        "8:22",
        "8:37",
        "8:52",
        "9:07",
        "9:27",
        "10:07",
        "10:27",
        "10:47",
        "11:07",
        "11:27",
        "11:47",
        "12:02",
        "12:22",
        "12:42",
        "13:02",
        "13:22",
        "13:42",
        "14:02",
        "14:22",
        "14:42",
        "15:02",
        "15:22",
        "15:42",
        "16:02",
        "16:22",
        "16:42",
        "17:02",
        "17:22",
        "17:42",
        "18:02",
        "18:42",
        "19:02",
        "19:22",
        "19:42",
        "20:02",
        "20:22",
        "20:42"
    ],
    "url": "https://www.kanachu.co.jp/dia/diagram/timetable01_js/course:0000802749-5/node:00127914/kt:0/lname:/"
}
