{
    "date": "2024/04/01",
    "name": "本町中学校前",
    "position": "-",
    "system": "秦11",
    "destinations": [
        "桜橋(秦野市)",
        "市役所前(秦野市)",
        "大川橋・本町小学校前",
        "まほろば大橋",
        "秦野駅"
    ],
    "weekday": [
        "5:10",
        "5:23",
        "5:38",
        "5:53",
        "6:08",
        "6:18",
        "6:28",
        "6:38",
        "6:48",
        "6:58",
        "7:19",
        "7:29",
        "7:39",
        "7:49",
        "7:59",
        "9:04",
        "10:08",
        "10:23",
        "11:08",
        "11:23",
        "11:38",
        "12:08",
        "12:23",
        "12:38",
        "13:08",
        "13:23",
        "13:38",
        "14:08",
        "14:23",
        "14:38",
        "15:08",
        "15:23",
        "15:38",
        "16:09",
        "16:39",
        "17:29",
        "17:39",
        "17:59",
        "18:09",
        "18:29",
        "18:39",
        "19:04",
        "19:18",
        "20:28",
        "20:58",
        "21:23"
    ],
    "saturday": [
        "5:40",
        "5:56",
        "6:08",
        "6:23",
        "6:38",
        "6:53",
        "7:05",
        "7:23",
        "7:38",
        "8:11",
        "8:23",
        "8:38",
        "8:53",
        "9:08",
        "9:28",
        "10:08",
        "10:28",
        "10:48",
        "11:08",
        "11:28",
        "11:48",
        "12:03",
        "12:23",
        "12:43",
        "13:03",
        "13:23",
        "13:43",
        "14:03",
        "14:23",
        "14:43",
        "15:03",
        "15:23",
        "15:43",
        "16:03",
        "16:23",
        "16:43",
        "17:03",
        "17:23",
        "17:43",
        "18:03",
        "18:43",
        "19:03",
        "19:23",
        "19:43",
        "20:03",
        "20:23",
        "20:43"
    ],
    "holiday": [
        "5:40",
        "5:56",
        "6:08",
        "6:23",
        "6:38",
        "6:53",
        "7:05",
        "7:23",
        "7:38",
        "8:11",
        "8:23",
        "8:38",
        "8:53",
        "9:08",
        "9:28",
        "10:08",
        "10:28",
        "10:48",
        "11:08",
        "11:28",
        "11:48",
        "12:03",
        "12:23",
        "12:43",
        "13:03",
        "13:23",
        "13:43",
        "14:03",
        "14:23",
        "14:43",
        "15:03",
        "15:23",
        "15:43",
        "16:03",
        "16:23",
        "16:43",
        "17:03",
        "17:23",
        "17:43",
        "18:03",
        "18:43",
        "19:03",
        "19:23",
        "19:43",
        "20:03",
        "20:23",
        "20:43"
    ],
    "url": "https://www.kanachu.co.jp/dia/diagram/timetable01_js/course:0000802749-6/node:00127913/kt:0/lname:/"
}
