{
    "date": "2024/04/01",
    "name": "市役所前(秦野市)",
    "position": "-",
    "system": "秦11",
    "destinations": [
        "大川橋・本町小学校前",
        "まほろば大橋",
        "秦野駅"
    ],
    "weekday": [
        "5:11",
        "5:24",
        "5:39",
        "5:54",
        "6:09",
        "6:19",
        "6:29",
        "6:39",
        "6:49",
        "6:59",
        "7:21",
        "7:31",
        "7:41",
        "7:51",
        "8:01",
        "9:06",
        "10:10",
        "10:25",
        "11:10",
        "11:25",
        "11:40",
        "12:10",
        "12:25",
        "12:40",
        "13:10",
        "13:25",
        "13:40",
        "14:10",
        "14:25",
        "14:40",
        "15:10",
        "15:25",
        "15:40",
        "16:11",
        "16:41",
        "17:31",
        "17:41",
        "18:01",
        "18:11",
        "18:31",
        "18:41",
        "19:05",
        "19:19",
        "20:29",
        "20:59",
        "21:24"
    ],
    "saturday": [
        "5:41",
        "5:57",
        "6:09",
        "6:24",
        "6:39",
        "6:54",
        "7:07",
        "7:25",
        "7:40",
        "8:13",
        "8:25",
        "8:40",
        "8:55",
        "9:10",
        "9:30",
        "10:10",
        "10:30",
        "10:50",
        "11:10",
        "11:30",
        "11:50",
        "12:05",
        "12:25",
        "12:45",
        "13:05",
        "13:25",
        "13:45",
        "14:05",
        "14:25",
        "14:45",
        "15:05",
        "15:25",
        "15:45",
        "16:05",
        "16:25",
        "16:45",
        "17:05",
        "17:25",
        "17:45",
        "18:05",
        "18:45",
        "19:04",
        "19:24",
        "19:44",
        "20:04",
        "20:24",
        "20:44"
    ],
    "holiday": [
        "5:41",
        "5:57",
        "6:09",
        "6:24",
        "6:39",
        "6:54",
        "7:06",
        "7:24",
        "7:39",
        "8:12",
        "8:24",
        "8:39",
        "8:54",
        "9:10",
        "9:30",
        "10:10",
        "10:30",
        "10:50",
        "11:10",
        "11:30",
        "11:50",
        "12:05",
        "12:25",
        "12:45",
        "13:05",
        "13:25",
        "13:45",
        "14:05",
        "14:25",
        "14:45",
        "15:05",
        "15:25",
        "15:45",
        "16:05",
        "16:25",
        "16:45",
        "17:05",
        "17:25",
        "17:45",
        "18:05",
        "18:45",
        "19:04",
        "19:24",
        "19:44",
        "20:04",
        "20:24",
        "20:44"
    ],
    "url": "https://www.kanachu.co.jp/dia/diagram/timetable01_js/course:0000802749-8/node:00127911/kt:0/lname:/"
}
