{
    "date": "2025/11/16",
    "name": "十日市場駅",
    "position": "-",
    "system": "峰02",
    "destinations": [
        "十日市場",
        "中山谷(横浜市緑区)",
        "遊水池前(横浜市緑区)",
        "萱場公園入口",
        "郵便局前(横浜市緑区)",
        "霧が丘センター前",
        "霧が丘高校前",
        "若葉台車庫前",
        "若葉台中央(横浜市旭区)",
        "若葉台車庫前",
        "霧が丘高校前",
        "若葉台中学校前",
        "若葉台近隣公園前",
        "若葉台南",
        "大貫橋",
        "上川井町",
        "長源寺前(横浜市旭区)",
        "宮の下(横浜市旭区)",
        "福泉寺前(横浜市旭区)",
        "川井宿",
        "下宿(横浜市旭区)",
        "都岡町",
        "農協前(横浜市旭区)",
        "筑池",
        "今宿(横浜市旭区)",
        "今宿小学校入口",
        "鶴ヶ峰中学校前",
        "薬王寺入口",
        "鶴ヶ峰本町",
        "鶴ヶ峰駅"
    ],
    "weekday": [
        "6:27",
        "7:53",
        "9:56",
        "11:56",
        "14:05",
        "16:03",
        "18:03",
        "19:59"
    ],
    "saturday": [
        "7:53",
        "9:34",
        "11:27",
        "13:26",
        "15:26",
        "17:28",
        "19:34"
    ],
    "holiday": [
        "9:33",
        "11:28",
        "13:28",
        "15:27",
        "17:27",
        "19:31"
    ],
    "url": "https://www.kanachu.co.jp/dia/diagram/timetable01_js/course:0000802216-1/node:00019305/kt:0/lname:/"
}
