{
    "date": "2025/11/16",
    "name": "霧が丘高校前",
    "position": "-",
    "system": "峰02",
    "destinations": [
        "若葉台車庫前",
        "若葉台中央(横浜市旭区)",
        "若葉台車庫前",
        "霧が丘高校前",
        "若葉台中学校前",
        "若葉台近隣公園前",
        "若葉台南",
        "大貫橋",
        "上川井町",
        "長源寺前(横浜市旭区)",
        "宮の下(横浜市旭区)",
        "福泉寺前(横浜市旭区)",
        "川井宿",
        "下宿(横浜市旭区)",
        "都岡町",
        "農協前(横浜市旭区)",
        "筑池",
        "今宿(横浜市旭区)",
        "今宿小学校入口",
        "鶴ヶ峰中学校前",
        "薬王寺入口",
        "鶴ヶ峰本町",
        "鶴ヶ峰駅"
    ],
    "weekday": [
        "6:36",
        "8:03",
        "10:05",
        "12:05",
        "14:14",
        "16:13",
        "18:13",
        "20:07"
    ],
    "saturday": [
        "8:02",
        "9:43",
        "11:37",
        "13:36",
        "15:36",
        "17:38",
        "19:44"
    ],
    "holiday": [
        "9:41",
        "11:37",
        "13:38",
        "15:37",
        "17:37",
        "19:40"
    ],
    "url": "https://www.kanachu.co.jp/dia/diagram/timetable01_js/course:0000802216-8/node:00019298/kt:0/lname:/"
}
