{
    "date": "2025/11/16",
    "name": "若葉台中学校前",
    "position": "-",
    "system": "峰02",
    "destinations": [
        "若葉台近隣公園前",
        "若葉台南",
        "大貫橋",
        "上川井町",
        "長源寺前(横浜市旭区)",
        "宮の下(横浜市旭区)",
        "福泉寺前(横浜市旭区)",
        "川井宿",
        "下宿(横浜市旭区)",
        "都岡町",
        "農協前(横浜市旭区)",
        "筑池",
        "今宿(横浜市旭区)",
        "今宿小学校入口",
        "鶴ヶ峰中学校前",
        "薬王寺入口",
        "鶴ヶ峰本町",
        "鶴ヶ峰駅"
    ],
    "weekday": [
        "6:43",
        "8:10",
        "10:12",
        "12:12",
        "14:22",
        "16:21",
        "18:20",
        "20:14"
    ],
    "saturday": [
        "8:09",
        "9:50",
        "11:44",
        "13:43",
        "15:43",
        "17:45",
        "19:51"
    ],
    "holiday": [
        "9:48",
        "11:44",
        "13:45",
        "15:44",
        "17:45",
        "19:47"
    ],
    "url": "https://www.kanachu.co.jp/dia/diagram/timetable01_js/course:0000802216-13/node:00103267/kt:0/lname:/"
}
