{
    "date": "2025/11/16",
    "name": "上川井町",
    "position": "-",
    "system": "峰02",
    "destinations": [
        "長源寺前(横浜市旭区)",
        "宮の下(横浜市旭区)",
        "福泉寺前(横浜市旭区)",
        "川井宿",
        "下宿(横浜市旭区)",
        "都岡町",
        "農協前(横浜市旭区)",
        "筑池",
        "今宿(横浜市旭区)",
        "今宿小学校入口",
        "鶴ヶ峰中学校前",
        "薬王寺入口",
        "鶴ヶ峰本町",
        "鶴ヶ峰駅"
    ],
    "weekday": [
        "6:46",
        "8:13",
        "10:15",
        "12:15",
        "14:25",
        "16:24",
        "18:23",
        "20:17"
    ],
    "saturday": [
        "8:12",
        "9:53",
        "11:47",
        "13:46",
        "15:46",
        "17:48",
        "19:54"
    ],
    "holiday": [
        "9:51",
        "11:47",
        "13:48",
        "15:47",
        "17:48",
        "19:50"
    ],
    "url": "https://www.kanachu.co.jp/dia/diagram/timetable01_js/course:0000802216-17/node:00129707/kt:0/lname:/"
}
