{
    "date": "2025/03/15",
    "name": "中央公園前(茅ケ崎市)",
    "position": "-",
    "system": "茅15",
    "destinations": [
        "前の田",
        "神奈中営業所前",
        "ニュータウン入口(茅ケ崎市)",
        "鶴が台入口",
        "鶴が台中学校前",
        "鶴が台名店街入口",
        "鶴が台団地"
    ],
    "weekday": [
        "6:22",
        "7:24",
        "8:07",
        "8:32",
        "9:02",
        "10:12",
        "11:14",
        "12:14",
        "13:10",
        "14:10",
        "15:12",
        "16:10",
        "16:37",
        "17:10",
        "17:34",
        "18:02",
        "18:23",
        "18:38",
        "19:02",
        "19:22"
    ],
    "saturday": [
        "7:12",
        "8:17",
        "9:34",
        "10:29",
        "11:37",
        "12:37",
        "13:37",
        "14:37",
        "15:37",
        "16:37",
        "17:22",
        "17:42",
        "18:37",
        "19:42",
        "21:22",
        "22:17",
        "23:17"
    ],
    "holiday": [
        "7:12",
        "8:17",
        "9:37",
        "10:37",
        "11:37",
        "12:37",
        "13:37",
        "14:37",
        "15:37",
        "16:37",
        "17:37",
        "18:37",
        "19:42",
        "21:22",
        "22:17",
        "23:17"
    ],
    "url": "https://www.kanachu.co.jp/dia/diagram/timetable01_js/course:0000800429-2/node:00127135/kt:0/lname:/"
}
