{
    "date": "2025/01/14",
    "name": "本郷(横浜市瀬谷区)",
    "position": "-",
    "system": "瀬01",
    "destinations": [
        "本郷原",
        "中屋敷(横浜市瀬谷区)",
        "竹村町",
        "上瀬谷小学校入口",
        "八幡神社前(横浜市瀬谷区)"
    ],
    "weekday": [
        "8:42",
        "9:32",
        "10:07",
        "10:37",
        "11:27",
        "13:10",
        "13:34",
        "14:17",
        "17:22",
        "18:10"
    ],
    "saturday": [
        "6:24",
        "6:54",
        "7:24",
        "9:27",
        "9:57",
        "10:27",
        "11:57",
        "12:27",
        "12:57",
        "13:57",
        "14:27",
        "18:12",
        "20:42",
        "21:10",
        "21:52"
    ],
    "holiday": [
        "6:24",
        "6:54",
        "7:24",
        "9:27",
        "9:57",
        "10:27",
        "11:57",
        "12:27",
        "12:57",
        "13:57",
        "14:27",
        "18:12",
        "20:42",
        "21:10",
        "21:52"
    ],
    "url": "https://www.kanachu.co.jp/dia/diagram/timetable01_js/course:0000800455-3/node:00129658/kt:0/lname:/"
}
