{
    "date": "2025/01/14",
    "name": "中屋敷(横浜市瀬谷区)",
    "position": "-",
    "system": "瀬01",
    "destinations": [
        "竹村町",
        "上瀬谷小学校入口",
        "八幡神社前(横浜市瀬谷区)"
    ],
    "weekday": [
        "8:45",
        "9:35",
        "10:10",
        "10:40",
        "11:30",
        "13:13",
        "13:37",
        "14:20",
        "17:25",
        "18:13"
    ],
    "saturday": [
        "6:27",
        "6:57",
        "7:27",
        "9:30",
        "10:00",
        "10:30",
        "12:00",
        "12:30",
        "13:00",
        "14:00",
        "14:30",
        "18:15",
        "20:45",
        "21:13",
        "21:55"
    ],
    "holiday": [
        "6:27",
        "6:57",
        "7:27",
        "9:30",
        "10:00",
        "10:30",
        "12:00",
        "12:30",
        "13:00",
        "14:00",
        "14:30",
        "18:15",
        "20:45",
        "21:13",
        "21:55"
    ],
    "url": "https://www.kanachu.co.jp/dia/diagram/timetable01_js/course:0000800455-5/node:00129656/kt:0/lname:/"
}
