{
    "date": "2022/03/12",
    "name": "光明寺(横浜市栄区)",
    "position": "-",
    "system": "港93",
    "destinations": [
        "紅葉橋(横浜市栄区)",
        "本郷車庫前(横浜市栄区)",
        "山手学院入口",
        "稲荷森",
        "中野町",
        "元大橋",
        "若竹町(横浜市栄区)",
        "元大橋公園前",
        "港南台西公園",
        "横浜女子短期大学前",
        "港南台駅"
    ],
    "weekday": [
        "6:29",
        "7:22",
        "7:47",
        "8:44",
        "10:20",
        "11:20",
        "12:30",
        "13:15",
        "14:20",
        "15:14",
        "16:14",
        "17:17",
        "18:11",
        "19:11"
    ],
    "saturday": [
        "9:11",
        "10:11",
        "11:11",
        "12:11",
        "13:11",
        "14:11",
        "15:11",
        "16:11",
        "17:11"
    ],
    "holiday": [
        "9:11",
        "10:11",
        "11:11",
        "12:11",
        "13:11",
        "14:11",
        "15:11",
        "16:11",
        "17:11"
    ],
    "url": "https://www.kanachu.co.jp/dia/diagram/timetable01_js/course:0000800442-4/node:00126515/kt:0/lname:/"
}
