{
    "date": "2022/03/12",
    "name": "横浜女子短期大学前",
    "position": "-",
    "system": "港93",
    "destinations": [
        "港南台駅"
    ],
    "weekday": [
        "6:39",
        "7:32",
        "7:57",
        "8:54",
        "10:30",
        "11:30",
        "12:40",
        "13:25",
        "14:30",
        "15:24",
        "16:24",
        "17:27",
        "18:21",
        "19:21"
    ],
    "saturday": [
        "9:21",
        "10:21",
        "11:21",
        "12:21",
        "13:21",
        "14:21",
        "15:21",
        "16:21",
        "17:21"
    ],
    "holiday": [
        "9:21",
        "10:21",
        "11:21",
        "12:21",
        "13:21",
        "14:21",
        "15:21",
        "16:21",
        "17:21"
    ],
    "url": "https://www.kanachu.co.jp/dia/diagram/timetable01_js/course:0000800442-14/node:00103234/kt:0/lname:/"
}
