{
    "system": "秦22",
    "busstops": [
        {
            "index": "1",
            "id": "00127875",
            "name": "神奈川病院",
            "lat": "35.385117",
            "lng": "139.230344"
        },
        {
            "index": "2",
            "id": "00127874",
            "name": "落合(秦野市)",
            "lat": "35.381891",
            "lng": "139.232412"
        },
        {
            "index": "3",
            "id": "00127837",
            "name": "末広小学校前",
            "lat": "35.377967",
            "lng": "139.233079"
        },
        {
            "index": "4",
            "id": "00127836",
            "name": "下宿(秦野市)",
            "lat": "35.376577",
            "lng": "139.229977"
        },
        {
            "index": "5",
            "id": "00127835",
            "name": "仲宿(秦野市)",
            "lat": "35.374712",
            "lng": "139.227992"
        },
        {
            "index": "6",
            "id": "00127717",
            "name": "上宿通り",
            "lat": "35.373824",
            "lng": "139.226745"
        },
        {
            "index": "7",
            "id": "00127716",
            "name": "大川橋(秦野市)",
            "lat": "35.37285",
            "lng": "139.225009"
        },
        {
            "index": "8",
            "id": "00128033",
            "name": "まほろば大橋",
            "lat": "35.371621",
            "lng": "139.226445"
        },
        {
            "index": "9",
            "id": "00127715",
            "name": "秦野駅",
            "lat": "35.370293",
            "lng": "139.226956"
        }
    ],
    "route_url": "https://www.kanachu.co.jp/dia/route/index/cid:0000800770/"
}
