{
    "date": "2025/01/14",
    "name": "森の里",
    "position": "-",
    "system": "厚43",
    "destinations": [
        "森の里五丁目",
        "北センター(厚木市)",
        "森の里中学校前",
        "森の里三丁目",
        "森の里小学校前",
        "森の里二丁目",
        "森の里一丁目",
        "若宮橋(厚木市)",
        "榎田",
        "小野橋(厚木市)",
        "小野宮前",
        "広町橋",
        "籠堰橋",
        "仲町(厚木市長谷)",
        "柳町(厚木市)",
        "依胡田",
        "仲田(厚木市)",
        "船子",
        "農大入口",
        "赤羽根入口",
        "恩名下",
        "厚木市文化会館前",
        "中町四丁目(厚木市)",
        "本厚木駅",
        "厚木バスセンター"
    ],
    "weekday": [
        "5:50",
        "6:30",
        "7:10",
        "7:50",
        "8:35",
        "9:35",
        "10:35",
        "11:35",
        "12:35",
        "13:35",
        "14:35",
        "15:35",
        "16:35",
        "17:15",
        "17:55",
        "18:35",
        "19:15",
        "20:05"
    ],
    "saturday": [
        "6:45",
        "7:30",
        "8:30",
        "9:30",
        "10:30",
        "11:30",
        "12:30",
        "13:30",
        "14:30",
        "15:30",
        "16:30",
        "17:30",
        "18:30",
        "19:30"
    ],
    "holiday": [
        "6:45",
        "7:30",
        "8:30",
        "9:30",
        "10:30",
        "11:30",
        "12:30",
        "13:30",
        "14:30",
        "15:30",
        "16:30",
        "17:30",
        "18:30",
        "19:30"
    ],
    "url": "https://www.kanachu.co.jp/dia/diagram/timetable01_js/course:0000801494-1/node:00128649/kt:0/lname:/"
}
