{
    "date": "2025/01/14",
    "name": "北センター(厚木市)",
    "position": "-",
    "system": "厚43",
    "destinations": [
        "森の里中学校前",
        "森の里三丁目",
        "森の里小学校前",
        "森の里二丁目",
        "森の里一丁目",
        "若宮橋(厚木市)",
        "榎田",
        "小野橋(厚木市)",
        "小野宮前",
        "広町橋",
        "籠堰橋",
        "仲町(厚木市長谷)",
        "柳町(厚木市)",
        "依胡田",
        "仲田(厚木市)",
        "船子",
        "農大入口",
        "赤羽根入口",
        "恩名下",
        "厚木市文化会館前",
        "中町四丁目(厚木市)",
        "本厚木駅",
        "厚木バスセンター"
    ],
    "weekday": [
        "5:51",
        "6:31",
        "7:11",
        "7:51",
        "8:36",
        "9:36",
        "10:36",
        "11:36",
        "12:36",
        "13:36",
        "14:36",
        "15:36",
        "16:36",
        "17:16",
        "17:56",
        "18:36",
        "19:16",
        "20:06"
    ],
    "saturday": [
        "6:46",
        "7:31",
        "8:31",
        "9:31",
        "10:31",
        "11:31",
        "12:31",
        "13:31",
        "14:31",
        "15:31",
        "16:31",
        "17:31",
        "18:31",
        "19:31"
    ],
    "holiday": [
        "6:46",
        "7:31",
        "8:31",
        "9:31",
        "10:31",
        "11:31",
        "12:31",
        "13:31",
        "14:31",
        "15:31",
        "16:31",
        "17:31",
        "18:31",
        "19:31"
    ],
    "url": "https://www.kanachu.co.jp/dia/diagram/timetable01_js/course:0000801494-3/node:00128667/kt:0/lname:/"
}
