{
    "date": "2025/01/14",
    "name": "森の里中学校前",
    "position": "-",
    "system": "厚43",
    "destinations": [
        "森の里三丁目",
        "森の里小学校前",
        "森の里二丁目",
        "森の里一丁目",
        "若宮橋(厚木市)",
        "榎田",
        "小野橋(厚木市)",
        "小野宮前",
        "広町橋",
        "籠堰橋",
        "仲町(厚木市長谷)",
        "柳町(厚木市)",
        "依胡田",
        "仲田(厚木市)",
        "船子",
        "農大入口",
        "赤羽根入口",
        "恩名下",
        "厚木市文化会館前",
        "中町四丁目(厚木市)",
        "本厚木駅",
        "厚木バスセンター"
    ],
    "weekday": [
        "5:52",
        "6:32",
        "7:12",
        "7:52",
        "8:37",
        "9:37",
        "10:37",
        "11:37",
        "12:37",
        "13:37",
        "14:37",
        "15:37",
        "16:37",
        "17:17",
        "17:57",
        "18:37",
        "19:17",
        "20:07"
    ],
    "saturday": [
        "6:47",
        "7:32",
        "8:32",
        "9:32",
        "10:32",
        "11:32",
        "12:32",
        "13:32",
        "14:32",
        "15:32",
        "16:32",
        "17:32",
        "18:32",
        "19:32"
    ],
    "holiday": [
        "6:47",
        "7:32",
        "8:32",
        "9:32",
        "10:32",
        "11:32",
        "12:32",
        "13:32",
        "14:32",
        "15:32",
        "16:32",
        "17:32",
        "18:32",
        "19:32"
    ],
    "url": "https://www.kanachu.co.jp/dia/diagram/timetable01_js/course:0000801494-4/node:00128668/kt:0/lname:/"
}
