{
    "date": "2025/01/14",
    "name": "森の里二丁目",
    "position": "-",
    "system": "厚43",
    "destinations": [
        "森の里一丁目",
        "若宮橋(厚木市)",
        "榎田",
        "小野橋(厚木市)",
        "小野宮前",
        "広町橋",
        "籠堰橋",
        "仲町(厚木市長谷)",
        "柳町(厚木市)",
        "依胡田",
        "仲田(厚木市)",
        "船子",
        "農大入口",
        "赤羽根入口",
        "恩名下",
        "厚木市文化会館前",
        "中町四丁目(厚木市)",
        "本厚木駅",
        "厚木バスセンター"
    ],
    "weekday": [
        "5:54",
        "6:34",
        "7:14",
        "7:54",
        "8:39",
        "9:39",
        "10:39",
        "11:39",
        "12:39",
        "13:39",
        "14:39",
        "15:39",
        "16:39",
        "17:19",
        "17:59",
        "18:39",
        "19:19",
        "20:09"
    ],
    "saturday": [
        "6:49",
        "7:34",
        "8:34",
        "9:34",
        "10:34",
        "11:34",
        "12:34",
        "13:34",
        "14:34",
        "15:34",
        "16:34",
        "17:34",
        "18:34",
        "19:34"
    ],
    "holiday": [
        "6:49",
        "7:34",
        "8:34",
        "9:34",
        "10:34",
        "11:34",
        "12:34",
        "13:34",
        "14:34",
        "15:34",
        "16:34",
        "17:34",
        "18:34",
        "19:34"
    ],
    "url": "https://www.kanachu.co.jp/dia/diagram/timetable01_js/course:0000801494-7/node:00128646/kt:0/lname:/"
}
