{
    "system": "厚43",
    "busstops": [
        {
            "index": "1",
            "id": "00128649",
            "name": "森の里",
            "lat": "35.455678",
            "lng": "139.304065"
        },
        {
            "index": "2",
            "id": "00128666",
            "name": "森の里五丁目",
            "lat": "35.453905",
            "lng": "139.304629"
        },
        {
            "index": "3",
            "id": "00128667",
            "name": "北センター(厚木市)",
            "lat": "35.453173",
            "lng": "139.304953"
        },
        {
            "index": "4",
            "id": "00128668",
            "name": "森の里中学校前",
            "lat": "35.448653",
            "lng": "139.304214"
        },
        {
            "index": "5",
            "id": "00128648",
            "name": "森の里三丁目",
            "lat": "35.446387",
            "lng": "139.305012"
        },
        {
            "index": "6",
            "id": "00128647",
            "name": "森の里小学校前",
            "lat": "35.444822",
            "lng": "139.305649"
        },
        {
            "index": "7",
            "id": "00128646",
            "name": "森の里二丁目",
            "lat": "35.442067",
            "lng": "139.306016"
        },
        {
            "index": "8",
            "id": "00128645",
            "name": "森の里一丁目",
            "lat": "35.440974",
            "lng": "139.307537"
        },
        {
            "index": "9",
            "id": "00128497",
            "name": "若宮橋(厚木市)",
            "lat": "35.441364",
            "lng": "139.312158"
        },
        {
            "index": "10",
            "id": "00128517",
            "name": "榎田",
            "lat": "35.436381",
            "lng": "139.313777"
        },
        {
            "index": "11",
            "id": "00128450",
            "name": "小野橋(厚木市)",
            "lat": "35.434836",
            "lng": "139.315628"
        },
        {
            "index": "12",
            "id": "00128449",
            "name": "小野宮前",
            "lat": "35.434186",
            "lng": "139.318785"
        },
        {
            "index": "13",
            "id": "00128498",
            "name": "広町橋",
            "lat": "35.432956",
            "lng": "139.32434"
        },
        {
            "index": "14",
            "id": "00128499",
            "name": "籠堰橋",
            "lat": "35.431694",
            "lng": "139.32792"
        },
        {
            "index": "15",
            "id": "00130197",
            "name": "仲町(厚木市長谷)",
            "lat": "35.429415",
            "lng": "139.335634"
        },
        {
            "index": "16",
            "id": "00128508",
            "name": "柳町(厚木市)",
            "lat": "35.428821",
            "lng": "139.337805"
        },
        {
            "index": "17",
            "id": "00128507",
            "name": "依胡田",
            "lat": "35.427969",
            "lng": "139.341881"
        },
        {
            "index": "18",
            "id": "00128506",
            "name": "仲田(厚木市)",
            "lat": "35.426687",
            "lng": "139.347956"
        },
        {
            "index": "19",
            "id": "00128505",
            "name": "船子",
            "lat": "35.426897",
            "lng": "139.350896"
        },
        {
            "index": "20",
            "id": "00128504",
            "name": "農大入口",
            "lat": "35.430791",
            "lng": "139.352525"
        },
        {
            "index": "21",
            "id": "00128503",
            "name": "赤羽根入口",
            "lat": "35.434119",
            "lng": "139.352253"
        },
        {
            "index": "22",
            "id": "00128502",
            "name": "恩名下",
            "lat": "35.435747",
            "lng": "139.35276"
        },
        {
            "index": "23",
            "id": "00128501",
            "name": "厚木市文化会館前",
            "lat": "35.43557",
            "lng": "139.355672"
        },
        {
            "index": "24",
            "id": "00127682",
            "name": "中町四丁目(厚木市)",
            "lat": "35.438323",
            "lng": "139.361966"
        },
        {
            "index": "25",
            "id": "00025684",
            "name": "本厚木駅",
            "lat": "35.440542",
            "lng": "139.363859"
        },
        {
            "index": "26",
            "id": "00128256",
            "name": "厚木バスセンター",
            "lat": "35.441107",
            "lng": "139.36685"
        }
    ],
    "route_url": "https://www.kanachu.co.jp/dia/route/index/cid:0000801494/"
}
