{
  "date": "-",
  "name": "上宿(町田市)",
  "position": "-",
  "system": "町60",
  "destinations": [
    "下根岸(町田市)",
    "根岸(根岸町/町田市)",
    "忠生都営住宅前",
    "矢部",
    "下常盤",
    "中常盤",
    "常盤(町田市)",
    "下馬場",
    "馬場十字路",
    "中村不動入口",
    "小山郵便局前",
    "小山小学校前(町田市)",
    "横土手",
    "御嶽堂",
    "片所",
    "坂本橋(町田市)",
    "多摩境駅",
    "田端(町田市)",
    "堂の前(町田市)",
    "三ツ目(町田市)",
    "久保ヶ谷戸",
    "寿橋",
    "寿町(相模原市緑区)",
    "旭農協前",
    "橋本駅北口"
  ],
  "weekday": [],
  "saturday": [],
  "holiday": [],
  "url": "https://www.kanachu.co.jp/dia/diagram/timetable01_js/course:0000802015-14/node:00129365/kt:0/lname:/"
}