{
    "date": "2025/04/01",
    "name": "打越(平塚市)",
    "position": "-",
    "system": "平13",
    "destinations": [
        "明神前(平塚市)",
        "長姫町",
        "新地(平塚市)",
        "須賀四ツ角",
        "札の辻(平塚市)",
        "須賀西町",
        "高浜台",
        "稲荷山(平塚市)",
        "第二公園",
        "高浜高校前",
        "なぎさプロムナード",
        "教会前(平塚市)",
        "商工会議所前",
        "平塚駅南口"
    ],
    "weekday": [
        "6:07",
        "6:27",
        "6:48",
        "7:10",
        "7:34",
        "8:00",
        "8:24",
        "8:49",
        "9:46",
        "10:46",
        "11:46",
        "12:46",
        "13:46",
        "14:46"
    ],
    "saturday": [
        "6:11",
        "6:41",
        "7:11",
        "7:41",
        "8:11",
        "8:41",
        "9:46",
        "10:46",
        "11:46",
        "12:47",
        "13:47",
        "14:47"
    ],
    "holiday": [
        "6:11",
        "6:41",
        "7:11",
        "7:41",
        "8:11",
        "8:41",
        "9:46",
        "10:46",
        "11:46",
        "12:47",
        "13:47",
        "14:47"
    ],
    "url": "https://www.kanachu.co.jp/dia/diagram/timetable01_js/course:0000803798-2/node:00127427/kt:0/lname:/"
}
