{
    "system": "平13",
    "busstops": [
        {
            "index": "1",
            "id": "00127422",
            "name": "平塚駅南口",
            "lat": "35.327079",
            "lng": "139.351748"
        },
        {
            "index": "2",
            "id": "00127427",
            "name": "打越(平塚市)",
            "lat": "35.326491",
            "lng": "139.355735"
        },
        {
            "index": "3",
            "id": "00127428",
            "name": "明神前(平塚市)",
            "lat": "35.324632",
            "lng": "139.358658"
        },
        {
            "index": "4",
            "id": "00127429",
            "name": "長姫町",
            "lat": "35.323793",
            "lng": "139.359914"
        },
        {
            "index": "5",
            "id": "00127431",
            "name": "新地(平塚市)",
            "lat": "35.322213",
            "lng": "139.36163"
        },
        {
            "index": "6",
            "id": "00127432",
            "name": "須賀四ツ角",
            "lat": "35.321124",
            "lng": "139.363004"
        },
        {
            "index": "7",
            "id": "00127433",
            "name": "札の辻(平塚市)",
            "lat": "35.320047",
            "lng": "139.364195"
        },
        {
            "index": "8",
            "id": "00127440",
            "name": "須賀西町",
            "lat": "35.31901",
            "lng": "139.362742"
        },
        {
            "index": "9",
            "id": "00127439",
            "name": "高浜台",
            "lat": "35.316495",
            "lng": "139.36008"
        },
        {
            "index": "10",
            "id": "00127438",
            "name": "稲荷山(平塚市)",
            "lat": "35.320021",
            "lng": "139.359592"
        },
        {
            "index": "11",
            "id": "00127437",
            "name": "第二公園",
            "lat": "35.320953",
            "lng": "139.357865"
        },
        {
            "index": "12",
            "id": "00127436",
            "name": "高浜高校前",
            "lat": "35.320835",
            "lng": "139.356963"
        },
        {
            "index": "13",
            "id": "00127425",
            "name": "なぎさプロムナード",
            "lat": "35.320454",
            "lng": "139.353498"
        },
        {
            "index": "14",
            "id": "00127424",
            "name": "教会前(平塚市)",
            "lat": "35.321548",
            "lng": "139.352977"
        },
        {
            "index": "15",
            "id": "00127423",
            "name": "商工会議所前",
            "lat": "35.323937",
            "lng": "139.352227"
        },
        {
            "index": "16",
            "id": "00127422",
            "name": "平塚駅南口",
            "lat": "35.327218",
            "lng": "139.351132"
        }
    ],
    "route_url": "https://www.kanachu.co.jp/dia/route/index/cid:0000803798/"
}
