{
    "date": "2025/04/01",
    "name": "堀の内(相模原市中央区)",
    "position": "-",
    "system": "橋59",
    "destinations": [
        "上四ツ谷",
        "工場入口",
        "葛輪",
        "下九沢",
        "塚場",
        "塚場坂上",
        "南町(相模原市緑区)",
        "旭中学校(相模原市緑区)",
        "橋本二丁目",
        "橋本駅南口"
    ],
    "weekday": [
        "7:42",
        "8:12",
        "8:42",
        "9:07",
        "10:07",
        "11:07",
        "12:07",
        "13:07",
        "14:07",
        "15:07",
        "16:07",
        "17:07",
        "17:57",
        "18:37",
        "19:17",
        "19:57",
        "20:37",
        "21:12",
        "21:52"
    ],
    "saturday": [
        "7:32",
        "8:02",
        "8:32",
        "9:02",
        "10:02",
        "11:02",
        "12:02",
        "13:02",
        "14:02",
        "15:02",
        "16:02",
        "17:02",
        "17:42",
        "18:22",
        "19:02",
        "19:42",
        "20:22",
        "21:42"
    ],
    "holiday": [
        "7:32",
        "8:02",
        "8:32",
        "9:02",
        "10:02",
        "11:02",
        "12:02",
        "13:02",
        "14:02",
        "15:02",
        "16:02",
        "17:05",
        "17:45",
        "18:25",
        "19:05",
        "19:45",
        "20:22",
        "21:42"
    ],
    "url": "https://www.kanachu.co.jp/dia/diagram/timetable01_js/course:0000803758-2/node:00129256/kt:0/lname:/"
}
