{
    "date": "2025/04/01",
    "name": "葛輪",
    "position": "-",
    "system": "橋59",
    "destinations": [
        "下九沢",
        "塚場",
        "塚場坂上",
        "南町(相模原市緑区)",
        "旭中学校(相模原市緑区)",
        "橋本二丁目",
        "橋本駅南口"
    ],
    "weekday": [
        "7:47",
        "8:17",
        "8:47",
        "9:11",
        "10:11",
        "11:11",
        "12:11",
        "13:11",
        "14:11",
        "15:11",
        "16:11",
        "17:12",
        "18:02",
        "18:42",
        "19:22",
        "20:01",
        "20:40",
        "21:15",
        "21:55"
    ],
    "saturday": [
        "7:35",
        "8:05",
        "8:35",
        "9:05",
        "10:06",
        "11:06",
        "12:06",
        "13:06",
        "14:06",
        "15:06",
        "16:06",
        "17:06",
        "17:46",
        "18:26",
        "19:05",
        "19:45",
        "20:25",
        "21:45"
    ],
    "holiday": [
        "7:35",
        "8:05",
        "8:35",
        "9:05",
        "10:06",
        "11:06",
        "12:06",
        "13:06",
        "14:06",
        "15:06",
        "16:06",
        "17:09",
        "17:49",
        "18:29",
        "19:08",
        "19:48",
        "20:25",
        "21:45"
    ],
    "url": "https://www.kanachu.co.jp/dia/diagram/timetable01_js/course:0000803758-5/node:00129131/kt:0/lname:/"
}
