{
    "date": "2025/10/01",
    "name": "成瀬台",
    "position": "-",
    "system": "町76",
    "destinations": [
        "野村住宅中央",
        "成瀬台二丁目",
        "ポプラヶ丘前",
        "成瀬台入口",
        "三ツ又(町田市)",
        "大谷原",
        "南大谷小学校入口",
        "神社前(町田市)",
        "南大谷都営前",
        "協同住宅",
        "中町三丁目(町田市)",
        "町田第一小学校入口",
        "中町一丁目(町田市)",
        "あけぼの病院前",
        "森野一丁目",
        "町田バスセンター"
    ],
    "weekday": [
        "5:45",
        "6:18",
        "6:48",
        "7:06",
        "7:19",
        "7:36",
        "7:54",
        "8:13",
        "8:33",
        "8:53",
        "9:13",
        "9:33",
        "9:53",
        "10:13",
        "10:33",
        "10:53",
        "11:10",
        "11:33",
        "12:00",
        "12:26",
        "12:53",
        "13:23",
        "13:43",
        "14:13",
        "14:43",
        "15:03",
        "15:33",
        "16:07",
        "16:30",
        "16:50",
        "17:10",
        "17:35",
        "18:08",
        "18:30",
        "19:08",
        "19:30",
        "20:00",
        "21:08",
        "22:05"
    ],
    "saturday": [
        "6:30",
        "7:02",
        "7:32",
        "8:02",
        "8:25",
        "8:42",
        "9:02",
        "9:30",
        "9:50",
        "10:13",
        "10:40",
        "11:07",
        "11:30",
        "11:55",
        "12:23",
        "12:50",
        "13:23",
        "13:50",
        "14:23",
        "14:50",
        "15:23",
        "15:50",
        "16:10",
        "16:30",
        "16:50",
        "17:15",
        "17:40",
        "18:05",
        "18:30",
        "18:55",
        "19:20",
        "19:45",
        "20:10",
        "20:35",
        "21:00",
        "21:50"
    ],
    "holiday": [
        "6:30",
        "7:00",
        "7:35",
        "8:02",
        "8:25",
        "8:42",
        "9:02",
        "9:25",
        "9:42",
        "10:05",
        "10:30",
        "10:50",
        "11:23",
        "11:50",
        "12:23",
        "12:50",
        "13:23",
        "13:50",
        "14:23",
        "14:50",
        "15:23",
        "15:50",
        "16:23",
        "16:43",
        "17:05",
        "17:30",
        "17:55",
        "18:20",
        "18:40",
        "19:05",
        "19:30"
    ],
    "url": "https://www.kanachu.co.jp/dia/diagram/timetable01_js/course:0000803905-1/node:00129603/kt:0/lname:/"
}
