{
    "date": "2025/10/01",
    "name": "野村住宅中央",
    "position": "-",
    "system": "町76",
    "destinations": [
        "成瀬台二丁目",
        "ポプラヶ丘前",
        "成瀬台入口",
        "三ツ又(町田市)",
        "大谷原",
        "南大谷小学校入口",
        "神社前(町田市)",
        "南大谷都営前",
        "協同住宅",
        "中町三丁目(町田市)",
        "町田第一小学校入口",
        "中町一丁目(町田市)",
        "あけぼの病院前",
        "森野一丁目",
        "町田バスセンター"
    ],
    "weekday": [
        "5:46",
        "6:19",
        "6:49",
        "7:07",
        "7:20",
        "7:37",
        "7:55",
        "8:14",
        "8:34",
        "8:54",
        "9:14",
        "9:34",
        "9:54",
        "10:14",
        "10:34",
        "10:54",
        "11:11",
        "11:34",
        "12:01",
        "12:27",
        "12:54",
        "13:24",
        "13:44",
        "14:14",
        "14:44",
        "15:04",
        "15:34",
        "16:08",
        "16:31",
        "16:51",
        "17:11",
        "17:36",
        "18:09",
        "18:31",
        "19:09",
        "19:31",
        "20:01",
        "21:09",
        "22:06"
    ],
    "saturday": [
        "6:31",
        "7:03",
        "7:33",
        "8:03",
        "8:26",
        "8:43",
        "9:03",
        "9:31",
        "9:51",
        "10:14",
        "10:41",
        "11:08",
        "11:31",
        "11:56",
        "12:24",
        "12:51",
        "13:24",
        "13:51",
        "14:24",
        "14:51",
        "15:24",
        "15:51",
        "16:11",
        "16:31",
        "16:51",
        "17:16",
        "17:41",
        "18:06",
        "18:31",
        "18:56",
        "19:21",
        "19:46",
        "20:11",
        "20:36",
        "21:01",
        "21:51"
    ],
    "holiday": [
        "6:31",
        "7:01",
        "7:36",
        "8:03",
        "8:26",
        "8:43",
        "9:03",
        "9:26",
        "9:43",
        "10:06",
        "10:31",
        "10:51",
        "11:24",
        "11:51",
        "12:24",
        "12:51",
        "13:24",
        "13:51",
        "14:24",
        "14:51",
        "15:24",
        "15:51",
        "16:24",
        "16:44",
        "17:06",
        "17:31",
        "17:56",
        "18:21",
        "18:41",
        "19:06",
        "19:31"
    ],
    "url": "https://www.kanachu.co.jp/dia/diagram/timetable01_js/course:0000803905-2/node:00129602/kt:0/lname:/"
}
