{
    "date": "2025/10/01",
    "name": "三ツ又(町田市)",
    "position": "-",
    "system": "町76",
    "destinations": [
        "大谷原",
        "南大谷小学校入口",
        "神社前(町田市)",
        "南大谷都営前",
        "協同住宅",
        "中町三丁目(町田市)",
        "町田第一小学校入口",
        "中町一丁目(町田市)",
        "あけぼの病院前",
        "森野一丁目",
        "町田バスセンター"
    ],
    "weekday": [
        "5:51",
        "6:24",
        "6:54",
        "7:12",
        "7:25",
        "7:42",
        "8:00",
        "8:19",
        "8:39",
        "8:59",
        "9:19",
        "9:39",
        "9:59",
        "10:19",
        "10:39",
        "10:59",
        "11:16",
        "11:39",
        "12:06",
        "12:32",
        "12:59",
        "13:29",
        "13:49",
        "14:19",
        "14:49",
        "15:09",
        "15:39",
        "16:13",
        "16:36",
        "16:56",
        "17:16",
        "17:41",
        "18:14",
        "18:36",
        "19:14",
        "19:36",
        "20:06",
        "21:14",
        "22:11"
    ],
    "saturday": [
        "6:36",
        "7:08",
        "7:38",
        "8:08",
        "8:31",
        "8:48",
        "9:08",
        "9:36",
        "9:56",
        "10:19",
        "10:46",
        "11:13",
        "11:36",
        "12:01",
        "12:29",
        "12:56",
        "13:29",
        "13:56",
        "14:29",
        "14:56",
        "15:29",
        "15:56",
        "16:16",
        "16:36",
        "16:56",
        "17:21",
        "17:46",
        "18:11",
        "18:36",
        "19:01",
        "19:26",
        "19:51",
        "20:16",
        "20:41",
        "21:06",
        "21:56"
    ],
    "holiday": [
        "6:36",
        "7:06",
        "7:41",
        "8:08",
        "8:31",
        "8:48",
        "9:08",
        "9:31",
        "9:48",
        "10:11",
        "10:36",
        "10:56",
        "11:29",
        "11:56",
        "12:29",
        "12:56",
        "13:29",
        "13:56",
        "14:29",
        "14:56",
        "15:29",
        "15:56",
        "16:29",
        "16:49",
        "17:11",
        "17:36",
        "18:01",
        "18:26",
        "18:46",
        "19:11",
        "19:36"
    ],
    "url": "https://www.kanachu.co.jp/dia/diagram/timetable01_js/course:0000803905-6/node:00129598/kt:0/lname:/"
}
