{
    "date": "2025/10/01",
    "name": "神社前(町田市)",
    "position": "-",
    "system": "町76",
    "destinations": [
        "南大谷都営前",
        "協同住宅",
        "中町三丁目(町田市)",
        "町田第一小学校入口",
        "中町一丁目(町田市)",
        "あけぼの病院前",
        "森野一丁目",
        "町田バスセンター"
    ],
    "weekday": [
        "5:54",
        "6:27",
        "6:57",
        "7:15",
        "7:28",
        "7:45",
        "8:03",
        "8:22",
        "8:42",
        "9:02",
        "9:22",
        "9:42",
        "10:02",
        "10:22",
        "10:42",
        "11:02",
        "11:19",
        "11:42",
        "12:09",
        "12:35",
        "13:02",
        "13:32",
        "13:52",
        "14:22",
        "14:52",
        "15:12",
        "15:42",
        "16:16",
        "16:39",
        "16:59",
        "17:19",
        "17:44",
        "18:17",
        "18:39",
        "19:17",
        "19:39",
        "20:09",
        "21:17",
        "22:14"
    ],
    "saturday": [
        "6:39",
        "7:11",
        "7:41",
        "8:11",
        "8:34",
        "8:51",
        "9:11",
        "9:39",
        "9:59",
        "10:22",
        "10:49",
        "11:16",
        "11:39",
        "12:04",
        "12:32",
        "12:59",
        "13:32",
        "13:59",
        "14:32",
        "14:59",
        "15:32",
        "15:59",
        "16:19",
        "16:39",
        "16:59",
        "17:24",
        "17:49",
        "18:14",
        "18:39",
        "19:04",
        "19:29",
        "19:54",
        "20:19",
        "20:44",
        "21:09",
        "21:59"
    ],
    "holiday": [
        "6:39",
        "7:09",
        "7:44",
        "8:11",
        "8:34",
        "8:51",
        "9:11",
        "9:34",
        "9:51",
        "10:14",
        "10:39",
        "10:59",
        "11:32",
        "11:59",
        "12:32",
        "12:59",
        "13:32",
        "13:59",
        "14:32",
        "14:59",
        "15:32",
        "15:59",
        "16:32",
        "16:52",
        "17:14",
        "17:39",
        "18:04",
        "18:29",
        "18:49",
        "19:14",
        "19:39"
    ],
    "url": "https://www.kanachu.co.jp/dia/diagram/timetable01_js/course:0000803905-9/node:00129596/kt:0/lname:/"
}
