{
    "system": "町76",
    "busstops": [
        {
            "index": "1",
            "id": "00129603",
            "name": "成瀬台",
            "lat": "35.558993",
            "lng": "139.478159"
        },
        {
            "index": "2",
            "id": "00129602",
            "name": "野村住宅中央",
            "lat": "35.554713",
            "lng": "139.478712"
        },
        {
            "index": "3",
            "id": "00129601",
            "name": "成瀬台二丁目",
            "lat": "35.551974",
            "lng": "139.479144"
        },
        {
            "index": "4",
            "id": "00129600",
            "name": "ポプラヶ丘前",
            "lat": "35.54929",
            "lng": "139.477258"
        },
        {
            "index": "5",
            "id": "00129599",
            "name": "成瀬台入口",
            "lat": "35.549463",
            "lng": "139.472693"
        },
        {
            "index": "6",
            "id": "00129598",
            "name": "三ツ又(町田市)",
            "lat": "35.549602",
            "lng": "139.470501"
        },
        {
            "index": "7",
            "id": "00129597",
            "name": "大谷原",
            "lat": "35.5526",
            "lng": "139.466629"
        },
        {
            "index": "8",
            "id": "00130492",
            "name": "南大谷小学校入口",
            "lat": "35.55362",
            "lng": "139.463463"
        },
        {
            "index": "9",
            "id": "00129596",
            "name": "神社前(町田市)",
            "lat": "35.554356",
            "lng": "139.45864"
        },
        {
            "index": "10",
            "id": "00129459",
            "name": "南大谷都営前",
            "lat": "35.554137",
            "lng": "139.457319"
        },
        {
            "index": "11",
            "id": "00129461",
            "name": "協同住宅",
            "lat": "35.551854",
            "lng": "139.453647"
        },
        {
            "index": "12",
            "id": "00129462",
            "name": "中町三丁目(町田市)",
            "lat": "35.549666",
            "lng": "139.450218"
        },
        {
            "index": "13",
            "id": "00129463",
            "name": "町田第一小学校入口",
            "lat": "35.548451",
            "lng": "139.448156"
        },
        {
            "index": "14",
            "id": "00129484",
            "name": "中町一丁目(町田市)",
            "lat": "35.548737",
            "lng": "139.447131"
        },
        {
            "index": "15",
            "id": "00130369",
            "name": "あけぼの病院前",
            "lat": "35.548901",
            "lng": "139.445109"
        },
        {
            "index": "16",
            "id": "00129522",
            "name": "森野一丁目",
            "lat": "35.54764",
            "lng": "139.442985"
        },
        {
            "index": "17",
            "id": "00025625",
            "name": "町田バスセンター",
            "lat": "35.543525",
            "lng": "139.444385"
        }
    ],
    "route_url": "https://www.kanachu.co.jp/dia/route/index/cid:0000803905/"
}
