{
    "date": "2025/01/14",
    "name": "税務署入口(厚木市)",
    "position": "-",
    "system": "厚01",
    "destinations": [
        "市立病院前(厚木市)",
        "木売場",
        "三家入口(厚木市)",
        "妻田",
        "中村入口(厚木市)",
        "妻田薬師",
        "松蓮寺",
        "糀屋前(厚木市)",
        "宿原入口",
        "荻野新宿",
        "子合",
        "桝割",
        "公所(厚木市)",
        "稲荷木",
        "鳶尾山前",
        "荻野神社入口",
        "東谷戸入口",
        "久保(厚木市)",
        "泉(厚木市)",
        "源氏河原",
        "相州病院",
        "新道橋(厚木市)",
        "上荻野",
        "上荻野車庫前",
        "平山坂上",
        "半僧坊前",
        "清雲寺入口",
        "細野橋",
        "原臼",
        "野外センター前",
        "馬場(愛甲郡愛川町)",
        "愛川大橋",
        "川北(愛甲郡愛川町)",
        "半原"
    ],
    "weekday": [
        "10:06",
        "11:06",
        "12:06",
        "13:06",
        "14:06",
        "15:06",
        "16:07",
        "16:47",
        "17:22",
        "17:52",
        "18:22",
        "18:52",
        "19:28"
    ],
    "saturday": [
        "10:21",
        "11:21",
        "12:21",
        "13:21",
        "14:21",
        "15:22",
        "16:22",
        "17:22",
        "18:22",
        "19:22"
    ],
    "holiday": [
        "10:21",
        "11:21",
        "12:21",
        "13:21",
        "14:21",
        "15:21",
        "16:21",
        "17:21",
        "18:21",
        "19:22"
    ],
    "url": "https://www.kanachu.co.jp/dia/diagram/timetable01_js/course:0000800129-5/node:00128258/kt:0/lname:/"
}
