{
    "date": "2025/01/14",
    "name": "宿原入口",
    "position": "-",
    "system": "厚01",
    "destinations": [
        "荻野新宿",
        "子合",
        "桝割",
        "公所(厚木市)",
        "稲荷木",
        "鳶尾山前",
        "荻野神社入口",
        "東谷戸入口",
        "久保(厚木市)",
        "泉(厚木市)",
        "源氏河原",
        "相州病院",
        "新道橋(厚木市)",
        "上荻野",
        "上荻野車庫前",
        "平山坂上",
        "半僧坊前",
        "清雲寺入口",
        "細野橋",
        "原臼",
        "野外センター前",
        "馬場(愛甲郡愛川町)",
        "愛川大橋",
        "川北(愛甲郡愛川町)",
        "半原"
    ],
    "weekday": [
        "10:17",
        "11:17",
        "12:17",
        "13:17",
        "14:17",
        "15:17",
        "16:18",
        "16:58",
        "17:33",
        "18:03",
        "18:33",
        "19:03",
        "19:38"
    ],
    "saturday": [
        "10:32",
        "11:32",
        "12:32",
        "13:32",
        "14:32",
        "15:33",
        "16:33",
        "17:33",
        "18:33",
        "19:32"
    ],
    "holiday": [
        "10:32",
        "11:32",
        "12:32",
        "13:32",
        "14:32",
        "15:32",
        "16:32",
        "17:32",
        "18:32",
        "19:32"
    ],
    "url": "https://www.kanachu.co.jp/dia/diagram/timetable01_js/course:0000800129-14/node:00128267/kt:0/lname:/"
}
