{
    "date": "2025/01/14",
    "name": "泉(厚木市)",
    "position": "-",
    "system": "厚01",
    "destinations": [
        "源氏河原",
        "相州病院",
        "新道橋(厚木市)",
        "上荻野",
        "上荻野車庫前",
        "平山坂上",
        "半僧坊前",
        "清雲寺入口",
        "細野橋",
        "原臼",
        "野外センター前",
        "馬場(愛甲郡愛川町)",
        "愛川大橋",
        "川北(愛甲郡愛川町)",
        "半原"
    ],
    "weekday": [
        "10:27",
        "11:27",
        "12:27",
        "13:27",
        "14:27",
        "15:27",
        "16:28",
        "17:08",
        "17:43",
        "18:13",
        "18:43",
        "19:13",
        "19:48"
    ],
    "saturday": [
        "10:42",
        "11:42",
        "12:42",
        "13:42",
        "14:42",
        "15:43",
        "16:43",
        "17:43",
        "18:43",
        "19:41"
    ],
    "holiday": [
        "10:42",
        "11:42",
        "12:42",
        "13:42",
        "14:42",
        "15:42",
        "16:42",
        "17:42",
        "18:42",
        "19:41"
    ],
    "url": "https://www.kanachu.co.jp/dia/diagram/timetable01_js/course:0000800129-24/node:00128277/kt:0/lname:/"
}
