{
    "date": "2025/01/14",
    "name": "相州病院",
    "position": "-",
    "system": "厚01",
    "destinations": [
        "新道橋(厚木市)",
        "上荻野",
        "上荻野車庫前",
        "平山坂上",
        "半僧坊前",
        "清雲寺入口",
        "細野橋",
        "原臼",
        "野外センター前",
        "馬場(愛甲郡愛川町)",
        "愛川大橋",
        "川北(愛甲郡愛川町)",
        "半原"
    ],
    "weekday": [
        "10:28",
        "11:28",
        "12:28",
        "13:28",
        "14:28",
        "15:28",
        "16:29",
        "17:09",
        "17:44",
        "18:14",
        "18:44",
        "19:14",
        "19:49"
    ],
    "saturday": [
        "10:43",
        "11:43",
        "12:43",
        "13:43",
        "14:43",
        "15:44",
        "16:44",
        "17:44",
        "18:44",
        "19:42"
    ],
    "holiday": [
        "10:43",
        "11:43",
        "12:43",
        "13:43",
        "14:43",
        "15:43",
        "16:43",
        "17:43",
        "18:43",
        "19:42"
    ],
    "url": "https://www.kanachu.co.jp/dia/diagram/timetable01_js/course:0000800129-26/node:00128279/kt:0/lname:/"
}
