{
    "date": "2025/01/14",
    "name": "上荻野",
    "position": "-",
    "system": "厚01",
    "destinations": [
        "上荻野車庫前",
        "平山坂上",
        "半僧坊前",
        "清雲寺入口",
        "細野橋",
        "原臼",
        "野外センター前",
        "馬場(愛甲郡愛川町)",
        "愛川大橋",
        "川北(愛甲郡愛川町)",
        "半原"
    ],
    "weekday": [
        "10:30",
        "11:30",
        "12:30",
        "13:30",
        "14:30",
        "15:30",
        "16:31",
        "17:11",
        "17:46",
        "18:16",
        "18:46",
        "19:16",
        "19:51"
    ],
    "saturday": [
        "10:45",
        "11:45",
        "12:45",
        "13:45",
        "14:45",
        "15:46",
        "16:46",
        "17:46",
        "18:46",
        "19:44"
    ],
    "holiday": [
        "10:45",
        "11:45",
        "12:45",
        "13:45",
        "14:45",
        "15:45",
        "16:45",
        "17:45",
        "18:45",
        "19:44"
    ],
    "url": "https://www.kanachu.co.jp/dia/diagram/timetable01_js/course:0000800129-28/node:00128281/kt:0/lname:/"
}
