{
    "date": "2025/01/14",
    "name": "細野橋",
    "position": "-",
    "system": "厚01",
    "destinations": [
        "原臼",
        "野外センター前",
        "馬場(愛甲郡愛川町)",
        "愛川大橋",
        "川北(愛甲郡愛川町)",
        "半原"
    ],
    "weekday": [
        "10:37",
        "11:37",
        "12:37",
        "13:37",
        "14:37",
        "15:37",
        "16:38",
        "17:18",
        "17:53",
        "18:23",
        "18:53",
        "19:23",
        "19:58"
    ],
    "saturday": [
        "10:52",
        "11:52",
        "12:52",
        "13:52",
        "14:52",
        "15:53",
        "16:53",
        "17:53",
        "18:53",
        "19:51"
    ],
    "holiday": [
        "10:52",
        "11:52",
        "12:52",
        "13:52",
        "14:52",
        "15:52",
        "16:52",
        "17:52",
        "18:52",
        "19:51"
    ],
    "url": "https://www.kanachu.co.jp/dia/diagram/timetable01_js/course:0000800129-33/node:00128297/kt:0/lname:/"
}
