{
    "date": "2025/01/14",
    "name": "川北(愛甲郡愛川町)",
    "position": "-",
    "system": "厚01",
    "destinations": [
        "半原"
    ],
    "weekday": [
        "10:42",
        "11:42",
        "12:42",
        "13:42",
        "14:42",
        "15:42",
        "16:43",
        "17:23",
        "17:58",
        "18:28",
        "18:58",
        "19:28",
        "20:03"
    ],
    "saturday": [
        "10:57",
        "11:57",
        "12:57",
        "13:57",
        "14:57",
        "15:58",
        "16:58",
        "17:58",
        "18:58",
        "19:56"
    ],
    "holiday": [
        "10:57",
        "11:57",
        "12:57",
        "13:57",
        "14:57",
        "15:57",
        "16:57",
        "17:57",
        "18:57",
        "19:56"
    ],
    "url": "https://www.kanachu.co.jp/dia/diagram/timetable01_js/course:0000800129-38/node:00128301/kt:0/lname:/"
}
