{
    "date": "2024/03/16",
    "name": "上郷ネオポリス",
    "position": "-",
    "system": "港86",
    "destinations": [
        "西ヶ谷",
        "西ヶ谷入口",
        "中島(横浜市栄区)",
        "光明寺(横浜市栄区)",
        "紅葉橋(横浜市栄区)",
        "横浜栄高校前",
        "榎戸(横浜市港南区)",
        "横浜女子短期大学前",
        "港南台駅"
    ],
    "weekday": [
        "5:45",
        "6:10",
        "6:35",
        "7:00",
        "7:25",
        "7:45"
    ],
    "saturday": [],
    "holiday": [],
    "url": "https://www.kanachu.co.jp/dia/diagram/timetable01_js/course:0000800699-1/node:00126525/kt:0/lname:/"
}
