{
    "date": "2026/01/16",
    "name": "ふれあい科学館前",
    "position": "-",
    "system": "橋59",
    "destinations": [
        "田名坂上",
        "田名バスターミナル",
        "堀の内(相模原市中央区)",
        "上四ツ谷",
        "工場入口",
        "葛輪",
        "下九沢",
        "塚場",
        "塚場坂上",
        "南町(相模原市緑区)",
        "旭中学校(相模原市緑区)",
        "橋本二丁目",
        "橋本駅南口"
    ],
    "weekday": [
        "6:03",
        "6:33",
        "7:03"
    ],
    "saturday": [
        "5:53",
        "6:23",
        "6:53"
    ],
    "holiday": [
        "5:53",
        "6:23",
        "6:53"
    ],
    "url": "https://www.kanachu.co.jp/dia/diagram/timetable01_js/course:0000804170-2/node:00130345/kt:0/lname:/"
}
