{
    "date": "2026/01/16",
    "name": "上四ツ谷",
    "position": "-",
    "system": "橋59",
    "destinations": [
        "工場入口",
        "葛輪",
        "下九沢",
        "塚場",
        "塚場坂上",
        "南町(相模原市緑区)",
        "旭中学校(相模原市緑区)",
        "橋本二丁目",
        "橋本駅南口"
    ],
    "weekday": [
        "6:13",
        "6:43",
        "7:13"
    ],
    "saturday": [
        "6:03",
        "6:33",
        "7:03"
    ],
    "holiday": [
        "6:03",
        "6:33",
        "7:03"
    ],
    "url": "https://www.kanachu.co.jp/dia/diagram/timetable01_js/course:0000804170-6/node:00129117/kt:0/lname:/"
}
