{
    "date": "2026/01/16",
    "name": "工場入口",
    "position": "-",
    "system": "橋59",
    "destinations": [
        "葛輪",
        "下九沢",
        "塚場",
        "塚場坂上",
        "南町(相模原市緑区)",
        "旭中学校(相模原市緑区)",
        "橋本二丁目",
        "橋本駅南口"
    ],
    "weekday": [
        "6:15",
        "6:45",
        "7:15"
    ],
    "saturday": [
        "6:04",
        "6:34",
        "7:04"
    ],
    "holiday": [
        "6:04",
        "6:34",
        "7:04"
    ],
    "url": "https://www.kanachu.co.jp/dia/diagram/timetable01_js/course:0000804170-7/node:00129138/kt:0/lname:/"
}
