{
    "system": "ー",
    "busstops": [
        {
            "index": "1",
            "id": "00127786",
            "name": "団地中央(中郡二宮町)",
            "lat": "35.312088",
            "lng": "139.243463"
        },
        {
            "index": "2",
            "id": "00127795",
            "name": "南4号前",
            "lat": "35.310293",
            "lng": "139.244292"
        },
        {
            "index": "3",
            "id": "00127794",
            "name": "南5号前",
            "lat": "35.308037",
            "lng": "139.242969"
        },
        {
            "index": "4",
            "id": "00130161",
            "name": "中里2丁目",
            "lat": "35.307762",
            "lng": "139.246494"
        },
        {
            "index": "5",
            "id": "00130160",
            "name": "釜野隧道",
            "lat": "35.305658",
            "lng": "139.247006"
        },
        {
            "index": "6",
            "id": "00130159",
            "name": "山西小学校前",
            "lat": "35.302615",
            "lng": "139.246413"
        },
        {
            "index": "7",
            "id": "00130158",
            "name": "釜野交差点東",
            "lat": "35.300359",
            "lng": "139.245809"
        },
        {
            "index": "8",
            "id": "00130152",
            "name": "山西プール前",
            "lat": "35.297826",
            "lng": "139.243544"
        },
        {
            "index": "9",
            "id": "00130151",
            "name": "川勾神社入口",
            "lat": "35.296707",
            "lng": "139.23948"
        },
        {
            "index": "10",
            "id": "00130150",
            "name": "密厳院北",
            "lat": "35.295207",
            "lng": "139.239289"
        },
        {
            "index": "11",
            "id": "00130149",
            "name": "山西防災コミュニティセンター",
            "lat": "35.292308",
            "lng": "139.2407"
        },
        {
            "index": "12",
            "id": "00127493",
            "name": "山西(中郡二宮町)",
            "lat": "35.293736",
            "lng": "139.245627"
        },
        {
            "index": "13",
            "id": "00127492",
            "name": "吾妻神社前(中郡二宮町)",
            "lat": "35.29529",
            "lng": "139.25004"
        },
        {
            "index": "14",
            "id": "00127683",
            "name": "二宮駅北口",
            "lat": "35.299204",
            "lng": "139.257934"
        }
    ],
    "route_url": "https://www.kanachu.co.jp/dia/route/index/cid:0000803903/"
}
