{
    "date": "2025/04/01",
    "name": "鶴川駅",
    "position": "-",
    "system": "鶴11",
    "destinations": [
        "能ヶ谷二丁目",
        "鶴川一丁目",
        "鶴川二丁目",
        "センター前(町田市)",
        "鶴川中央公園",
        "広袴",
        "給水塔前(鶴川団地/町田市)",
        "国士舘大学前",
        "鶴川団地"
    ],
    "weekday": [
        "6:05",
        "6:30",
        "6:55",
        "7:05",
        "7:25",
        "7:35",
        "7:50",
        "7:55",
        "8:00",
        "8:05",
        "8:10",
        "8:19",
        "8:23",
        "8:27",
        "8:45",
        "8:55",
        "9:20",
        "9:50",
        "10:05",
        "10:20",
        "10:50",
        "11:05",
        "11:20",
        "11:50",
        "12:20",
        "12:50",
        "13:20",
        "13:50",
        "14:20",
        "14:50",
        "15:20",
        "15:50",
        "16:05",
        "16:26",
        "16:50",
        "17:14",
        "17:26",
        "17:50",
        "18:12",
        "18:22",
        "18:42",
        "18:52",
        "19:00",
        "19:15",
        "19:25",
        "19:45",
        "19:55",
        "20:17",
        "20:29",
        "20:53",
        "21:05",
        "21:35",
        "21:50",
        "22:05",
        "22:25",
        "22:45",
        "23:05"
    ],
    "saturday": [
        "6:15",
        "6:45",
        "7:05",
        "7:35",
        "8:05",
        "8:32",
        "8:56",
        "9:08",
        "9:20",
        "9:32",
        "9:56",
        "10:08",
        "10:20",
        "10:32",
        "10:56",
        "11:08",
        "11:20",
        "11:32",
        "11:56",
        "12:08",
        "12:20",
        "12:56",
        "13:20",
        "13:35",
        "14:20",
        "14:35",
        "15:20",
        "15:35",
        "16:35",
        "17:05",
        "17:29",
        "17:41",
        "18:05",
        "18:29",
        "18:41",
        "19:05",
        "19:29",
        "19:41",
        "19:53",
        "20:05",
        "20:35",
        "20:50",
        "21:05",
        "21:45",
        "22:05",
        "22:25",
        "22:45",
        "23:05"
    ],
    "holiday": [
        "6:15",
        "6:55",
        "7:35",
        "7:55",
        "8:32",
        "8:56",
        "9:08",
        "9:20",
        "9:32",
        "9:56",
        "10:05",
        "10:20",
        "10:35",
        "11:05",
        "11:20",
        "11:35",
        "12:05",
        "13:25",
        "14:25",
        "15:25",
        "16:35",
        "17:05",
        "17:35",
        "18:05",
        "18:35",
        "19:05",
        "19:35",
        "19:50",
        "20:05",
        "20:45",
        "21:05",
        "21:45",
        "22:05",
        "22:25",
        "22:45",
        "23:05"
    ],
    "url": "https://www.kanachu.co.jp/dia/diagram/timetable01_js/course:0000803468-1/node:00049296/kt:0/lname:/"
}
