{
    "date": "2025/04/01",
    "name": "能ヶ谷二丁目",
    "position": "-",
    "system": "鶴11",
    "destinations": [
        "鶴川一丁目",
        "鶴川二丁目",
        "センター前(町田市)",
        "鶴川中央公園",
        "広袴",
        "給水塔前(鶴川団地/町田市)",
        "国士舘大学前",
        "鶴川団地"
    ],
    "weekday": [
        "6:07",
        "6:32",
        "6:57",
        "7:07",
        "7:27",
        "7:37",
        "7:52",
        "7:57",
        "8:02",
        "8:07",
        "8:12",
        "8:21",
        "8:25",
        "8:29",
        "8:47",
        "8:57",
        "9:22",
        "9:52",
        "10:07",
        "10:22",
        "10:52",
        "11:07",
        "11:22",
        "11:52",
        "12:22",
        "12:52",
        "13:22",
        "13:52",
        "14:22",
        "14:52",
        "15:22",
        "15:52",
        "16:07",
        "16:28",
        "16:52",
        "17:16",
        "17:28",
        "17:52",
        "18:14",
        "18:24",
        "18:44",
        "18:54",
        "19:02",
        "19:17",
        "19:27",
        "19:47",
        "19:57",
        "20:19",
        "20:31",
        "20:55",
        "21:07",
        "21:37",
        "21:52",
        "22:07",
        "22:27",
        "22:47",
        "23:07"
    ],
    "saturday": [
        "6:17",
        "6:47",
        "7:07",
        "7:37",
        "8:07",
        "8:34",
        "8:58",
        "9:10",
        "9:22",
        "9:34",
        "9:58",
        "10:10",
        "10:22",
        "10:34",
        "10:58",
        "11:10",
        "11:22",
        "11:34",
        "11:58",
        "12:10",
        "12:22",
        "12:58",
        "13:22",
        "13:37",
        "14:22",
        "14:37",
        "15:22",
        "15:37",
        "16:37",
        "17:07",
        "17:31",
        "17:43",
        "18:07",
        "18:31",
        "18:43",
        "19:07",
        "19:31",
        "19:43",
        "19:55",
        "20:07",
        "20:37",
        "20:52",
        "21:07",
        "21:47",
        "22:07",
        "22:27",
        "22:47",
        "23:07"
    ],
    "holiday": [
        "6:17",
        "6:57",
        "7:37",
        "7:57",
        "8:34",
        "8:58",
        "9:10",
        "9:22",
        "9:34",
        "9:58",
        "10:07",
        "10:22",
        "10:37",
        "11:07",
        "11:22",
        "11:37",
        "12:07",
        "13:27",
        "14:27",
        "15:27",
        "16:37",
        "17:07",
        "17:37",
        "18:07",
        "18:37",
        "19:07",
        "19:37",
        "19:52",
        "20:07",
        "20:47",
        "21:07",
        "21:47",
        "22:07",
        "22:27",
        "22:47",
        "23:07"
    ],
    "url": "https://www.kanachu.co.jp/dia/diagram/timetable01_js/course:0000803468-2/node:00049315/kt:0/lname:/"
}
