{
    "date": "2025/04/01",
    "name": "鶴川一丁目",
    "position": "-",
    "system": "鶴11",
    "destinations": [
        "鶴川二丁目",
        "センター前(町田市)",
        "鶴川中央公園",
        "広袴",
        "給水塔前(鶴川団地/町田市)",
        "国士舘大学前",
        "鶴川団地"
    ],
    "weekday": [
        "6:08",
        "6:33",
        "6:58",
        "7:08",
        "7:28",
        "7:38",
        "7:53",
        "7:58",
        "8:03",
        "8:08",
        "8:13",
        "8:22",
        "8:26",
        "8:30",
        "8:48",
        "8:58",
        "9:23",
        "9:53",
        "10:08",
        "10:23",
        "10:53",
        "11:08",
        "11:23",
        "11:53",
        "12:23",
        "12:53",
        "13:23",
        "13:53",
        "14:23",
        "14:53",
        "15:23",
        "15:53",
        "16:08",
        "16:29",
        "16:53",
        "17:17",
        "17:29",
        "17:53",
        "18:15",
        "18:25",
        "18:45",
        "18:55",
        "19:03",
        "19:18",
        "19:28",
        "19:48",
        "19:58",
        "20:20",
        "20:32",
        "20:56",
        "21:08",
        "21:38",
        "21:53",
        "22:08",
        "22:28",
        "22:48",
        "23:08"
    ],
    "saturday": [
        "6:18",
        "6:48",
        "7:08",
        "7:38",
        "8:08",
        "8:35",
        "8:59",
        "9:11",
        "9:23",
        "9:35",
        "9:59",
        "10:11",
        "10:23",
        "10:35",
        "10:59",
        "11:11",
        "11:23",
        "11:35",
        "11:59",
        "12:11",
        "12:23",
        "12:59",
        "13:23",
        "13:38",
        "14:23",
        "14:38",
        "15:23",
        "15:38",
        "16:38",
        "17:08",
        "17:32",
        "17:44",
        "18:08",
        "18:32",
        "18:44",
        "19:08",
        "19:32",
        "19:44",
        "19:56",
        "20:08",
        "20:38",
        "20:53",
        "21:08",
        "21:48",
        "22:08",
        "22:28",
        "22:48",
        "23:08"
    ],
    "holiday": [
        "6:18",
        "6:58",
        "7:38",
        "7:58",
        "8:35",
        "8:59",
        "9:11",
        "9:23",
        "9:35",
        "9:59",
        "10:08",
        "10:23",
        "10:38",
        "11:08",
        "11:23",
        "11:38",
        "12:08",
        "13:28",
        "14:28",
        "15:28",
        "16:38",
        "17:08",
        "17:38",
        "18:08",
        "18:38",
        "19:08",
        "19:38",
        "19:53",
        "20:08",
        "20:48",
        "21:08",
        "21:48",
        "22:08",
        "22:28",
        "22:48",
        "23:08"
    ],
    "url": "https://www.kanachu.co.jp/dia/diagram/timetable01_js/course:0000803468-3/node:00049316/kt:0/lname:/"
}
