{
    "date": "2025/10/20",
    "name": "瀬谷駅",
    "position": "-",
    "system": "間24",
    "destinations": [
        "瀬谷駅前通り",
        "本郷(横浜市瀬谷区)",
        "本郷原",
        "中屋敷(横浜市瀬谷区)",
        "竹村町",
        "上瀬谷小学校入口",
        "八幡神社前(横浜市瀬谷区)",
        "馬場屋敷",
        "目黒",
        "長堀公園前",
        "鶴間車庫"
    ],
    "weekday": [
        "19:55",
        "20:22"
    ],
    "saturday": [
        "20:10"
    ],
    "holiday": [
        "20:10"
    ],
    "url": "https://www.kanachu.co.jp/dia/diagram/timetable01_js/course:0000803926-1/node:00129660/kt:0/lname:/"
}
