{
    "date": "2025/04/19",
    "name": "相模原南病院前",
    "position": "-",
    "system": "古04",
    "destinations": [
        "西大沼三丁目",
        "オルガノ前",
        "工業団地入口(相模原市)",
        "麻溝台一丁目",
        "麻溝台工業団地",
        "総合体育館前(相模原市南区)",
        "女子美術大学"
    ],
    "weekday": [
        "7:30",
        "7:43",
        "8:33",
        "8:40",
        "8:48",
        "9:35",
        "10:10",
        "10:30",
        "11:37",
        "12:25",
        "12:46",
        "13:40",
        "14:45",
        "15:15",
        "16:15",
        "17:15",
        "17:45",
        "18:20",
        "18:55",
        "19:56"
    ],
    "saturday": [
        "8:32",
        "8:52",
        "9:35",
        "10:10",
        "10:30",
        "11:35",
        "12:35",
        "13:35",
        "14:35",
        "15:45",
        "16:35",
        "17:35"
    ],
    "holiday": [
        "8:32",
        "9:35",
        "10:35",
        "11:35",
        "12:35",
        "13:35",
        "14:35",
        "15:35",
        "16:35",
        "17:35"
    ],
    "url": "https://www.kanachu.co.jp/dia/diagram/timetable01_js/course:0000803423-2/node:00129354/kt:0/lname:/"
}
