{
    "date": "2025/04/19",
    "name": "西大沼三丁目",
    "position": "-",
    "system": "古04",
    "destinations": [
        "オルガノ前",
        "工業団地入口(相模原市)",
        "麻溝台一丁目",
        "麻溝台工業団地",
        "総合体育館前(相模原市南区)",
        "女子美術大学"
    ],
    "weekday": [
        "7:32",
        "7:45",
        "8:35",
        "8:42",
        "8:50",
        "9:37",
        "10:12",
        "10:32",
        "11:39",
        "12:27",
        "12:48",
        "13:42",
        "14:47",
        "15:17",
        "16:17",
        "17:17",
        "17:47",
        "18:22",
        "18:57",
        "19:58"
    ],
    "saturday": [
        "8:34",
        "8:54",
        "9:37",
        "10:12",
        "10:32",
        "11:37",
        "12:37",
        "13:37",
        "14:37",
        "15:47",
        "16:37",
        "17:37"
    ],
    "holiday": [
        "8:34",
        "9:37",
        "10:37",
        "11:37",
        "12:37",
        "13:37",
        "14:37",
        "15:37",
        "16:37",
        "17:37"
    ],
    "url": "https://www.kanachu.co.jp/dia/diagram/timetable01_js/course:0000803423-3/node:00130200/kt:0/lname:/"
}
