{
    "date": "2025/04/19",
    "name": "オルガノ前",
    "position": "-",
    "system": "古04",
    "destinations": [
        "工業団地入口(相模原市)",
        "麻溝台一丁目",
        "麻溝台工業団地",
        "総合体育館前(相模原市南区)",
        "女子美術大学"
    ],
    "weekday": [
        "7:36",
        "7:49",
        "8:37",
        "8:44",
        "8:52",
        "9:38",
        "10:13",
        "10:33",
        "11:40",
        "12:28",
        "12:49",
        "13:43",
        "14:48",
        "15:18",
        "16:18",
        "17:18",
        "17:48",
        "18:23",
        "18:58",
        "19:59"
    ],
    "saturday": [
        "8:35",
        "8:55",
        "9:38",
        "10:13",
        "10:33",
        "11:38",
        "12:38",
        "13:38",
        "14:38",
        "15:48",
        "16:38",
        "17:38"
    ],
    "holiday": [
        "8:35",
        "9:38",
        "10:38",
        "11:38",
        "12:38",
        "13:38",
        "14:38",
        "15:38",
        "16:38",
        "17:38"
    ],
    "url": "https://www.kanachu.co.jp/dia/diagram/timetable01_js/course:0000803423-4/node:00129197/kt:0/lname:/"
}
