{
    "date": "2025/04/19",
    "name": "麻溝台一丁目",
    "position": "-",
    "system": "古04",
    "destinations": [
        "麻溝台工業団地",
        "総合体育館前(相模原市南区)",
        "女子美術大学"
    ],
    "weekday": [
        "7:40",
        "7:53",
        "8:41",
        "8:48",
        "8:56",
        "9:42",
        "10:17",
        "10:37",
        "11:44",
        "12:32",
        "12:53",
        "13:47",
        "14:52",
        "15:22",
        "16:22",
        "17:22",
        "17:52",
        "18:27",
        "19:02",
        "20:03"
    ],
    "saturday": [
        "8:39",
        "8:59",
        "9:42",
        "10:17",
        "10:37",
        "11:42",
        "12:42",
        "13:42",
        "14:42",
        "15:52",
        "16:42",
        "17:42"
    ],
    "holiday": [
        "8:39",
        "9:42",
        "10:42",
        "11:42",
        "12:42",
        "13:42",
        "14:42",
        "15:42",
        "16:42",
        "17:42"
    ],
    "url": "https://www.kanachu.co.jp/dia/diagram/timetable01_js/course:0000803423-6/node:00129310/kt:0/lname:/"
}
