{
    "date": "2025/01/14",
    "name": "宿原入口",
    "position": "-",
    "system": "厚09",
    "destinations": [
        "山王坂上",
        "屋際",
        "東河原入口",
        "三田十日市場",
        "睦合東中学校入口",
        "そりだハイツ前",
        "妻田",
        "三家入口(厚木市)",
        "木売場",
        "市立病院前(厚木市)",
        "税務署入口(厚木市)",
        "市役所入口(厚木市)",
        "本厚木駅",
        "厚木バスセンター"
    ],
    "weekday": [
        "5:40",
        "6:15",
        "6:40",
        "7:00",
        "7:20",
        "7:40",
        "8:00",
        "8:30",
        "9:00",
        "9:30",
        "10:00",
        "10:30",
        "11:00",
        "11:30",
        "12:00",
        "12:30",
        "13:00",
        "13:30",
        "14:00",
        "14:30",
        "15:00",
        "15:30",
        "16:00",
        "16:30",
        "17:00",
        "17:30",
        "18:00",
        "18:30",
        "19:00",
        "19:30",
        "20:35"
    ],
    "saturday": [
        "7:00",
        "7:40",
        "8:20",
        "9:00",
        "9:40",
        "10:20",
        "11:00",
        "11:40",
        "12:20",
        "13:00",
        "13:40",
        "14:20",
        "15:00",
        "15:40",
        "16:20",
        "17:00",
        "17:40",
        "18:20",
        "19:00",
        "19:40",
        "20:20"
    ],
    "holiday": [
        "7:20",
        "8:20",
        "9:00",
        "9:40",
        "10:20",
        "11:00",
        "11:40",
        "12:20",
        "13:00",
        "13:40",
        "14:20",
        "15:00",
        "15:40",
        "16:20",
        "17:00",
        "17:40",
        "18:20",
        "19:00",
        "19:40",
        "20:20"
    ],
    "url": "https://www.kanachu.co.jp/dia/diagram/timetable01_js/course:0000801699-1/node:00128267/kt:0/lname:/"
}
