{
    "date": "2025/01/14",
    "name": "屋際",
    "position": "-",
    "system": "厚09",
    "destinations": [
        "東河原入口",
        "三田十日市場",
        "睦合東中学校入口",
        "そりだハイツ前",
        "妻田",
        "三家入口(厚木市)",
        "木売場",
        "市立病院前(厚木市)",
        "税務署入口(厚木市)",
        "市役所入口(厚木市)",
        "本厚木駅",
        "厚木バスセンター"
    ],
    "weekday": [
        "5:43",
        "6:18",
        "6:43",
        "7:03",
        "7:23",
        "7:43",
        "8:03",
        "8:33",
        "9:03",
        "9:33",
        "10:03",
        "10:33",
        "11:03",
        "11:33",
        "12:03",
        "12:33",
        "13:03",
        "13:33",
        "14:03",
        "14:33",
        "15:03",
        "15:33",
        "16:03",
        "16:33",
        "17:03",
        "17:33",
        "18:03",
        "18:33",
        "19:03",
        "19:33",
        "20:38"
    ],
    "saturday": [
        "7:02",
        "7:42",
        "8:22",
        "9:02",
        "9:42",
        "10:22",
        "11:02",
        "11:42",
        "12:22",
        "13:02",
        "13:42",
        "14:22",
        "15:02",
        "15:42",
        "16:22",
        "17:02",
        "17:42",
        "18:22",
        "19:02",
        "19:42",
        "20:22"
    ],
    "holiday": [
        "7:22",
        "8:22",
        "9:02",
        "9:42",
        "10:22",
        "11:02",
        "11:42",
        "12:22",
        "13:02",
        "13:42",
        "14:22",
        "15:02",
        "15:42",
        "16:22",
        "17:02",
        "17:42",
        "18:22",
        "19:02",
        "19:42",
        "20:22"
    ],
    "url": "https://www.kanachu.co.jp/dia/diagram/timetable01_js/course:0000801699-3/node:00130297/kt:0/lname:/"
}
