{
    "date": "2025/01/14",
    "name": "東河原入口",
    "position": "-",
    "system": "厚09",
    "destinations": [
        "三田十日市場",
        "睦合東中学校入口",
        "そりだハイツ前",
        "妻田",
        "三家入口(厚木市)",
        "木売場",
        "市立病院前(厚木市)",
        "税務署入口(厚木市)",
        "市役所入口(厚木市)",
        "本厚木駅",
        "厚木バスセンター"
    ],
    "weekday": [
        "5:44",
        "6:19",
        "6:44",
        "7:04",
        "7:24",
        "7:44",
        "8:04",
        "8:34",
        "9:04",
        "9:34",
        "10:04",
        "10:34",
        "11:04",
        "11:34",
        "12:04",
        "12:34",
        "13:04",
        "13:34",
        "14:04",
        "14:34",
        "15:04",
        "15:34",
        "16:04",
        "16:34",
        "17:04",
        "17:34",
        "18:04",
        "18:34",
        "19:04",
        "19:34",
        "20:39"
    ],
    "saturday": [
        "7:03",
        "7:43",
        "8:23",
        "9:03",
        "9:43",
        "10:23",
        "11:03",
        "11:43",
        "12:23",
        "13:03",
        "13:43",
        "14:23",
        "15:03",
        "15:43",
        "16:23",
        "17:03",
        "17:43",
        "18:23",
        "19:03",
        "19:43",
        "20:23"
    ],
    "holiday": [
        "7:23",
        "8:23",
        "9:03",
        "9:43",
        "10:23",
        "11:03",
        "11:43",
        "12:23",
        "13:03",
        "13:43",
        "14:23",
        "15:03",
        "15:43",
        "16:23",
        "17:03",
        "17:43",
        "18:23",
        "19:03",
        "19:43",
        "20:23"
    ],
    "url": "https://www.kanachu.co.jp/dia/diagram/timetable01_js/course:0000801699-4/node:00130296/kt:0/lname:/"
}
