{
    "date": "2024/09/02",
    "name": "上矢部",
    "position": "-",
    "system": "戸17",
    "destinations": [
        "日の森",
        "下岡津",
        "岡津",
        "岡津橋",
        "まほろば",
        "下新橋",
        "新橋町(横浜市泉区)",
        "観音寺前(横浜市泉区)",
        "相模新橋",
        "大中村",
        "湘南泉病院",
        "中村(横浜市瀬谷区)",
        "阿久和",
        "宮の腰(横浜市瀬谷区)",
        "谷戸阿久和",
        "上阿久和",
        "旭ヶ丘(横浜市瀬谷区)",
        "住宅前(横浜市瀬谷区)",
        "富士見台(横浜市瀬谷区)",
        "富士見通り商店街",
        "三ツ境駅"
    ],
    "weekday": [
        "8:31",
        "8:51",
        "9:10",
        "9:37",
        "10:08",
        "10:32",
        "11:08",
        "11:32",
        "12:08",
        "12:32",
        "13:08",
        "13:32",
        "14:08",
        "14:32",
        "15:08",
        "15:32",
        "16:06",
        "16:26",
        "16:46",
        "17:07",
        "17:25",
        "17:40",
        "18:05",
        "18:29",
        "18:41"
    ],
    "saturday": [
        "8:49",
        "9:09",
        "9:29",
        "9:51",
        "10:11",
        "10:31",
        "10:51",
        "11:11",
        "11:31",
        "12:07",
        "12:31",
        "13:07",
        "13:31",
        "14:08",
        "14:32",
        "15:08",
        "15:32",
        "16:08",
        "16:32",
        "16:52",
        "17:32",
        "17:52",
        "18:31"
    ],
    "holiday": [
        "9:01",
        "9:31",
        "9:51",
        "10:11",
        "10:31",
        "10:51",
        "11:11",
        "11:31",
        "12:07",
        "12:31",
        "13:01",
        "13:31",
        "14:01",
        "14:32",
        "15:02",
        "15:32",
        "16:08",
        "16:32",
        "16:56",
        "17:32",
        "17:56",
        "18:31"
    ],
    "url": "https://www.kanachu.co.jp/dia/diagram/timetable01_js/course:0000803569-7/node:00126670/kt:0/lname:/"
}
