{
    "date": "2024/09/02",
    "name": "下岡津",
    "position": "-",
    "system": "戸17",
    "destinations": [
        "岡津",
        "岡津橋",
        "まほろば",
        "下新橋",
        "新橋町(横浜市泉区)",
        "観音寺前(横浜市泉区)",
        "相模新橋",
        "大中村",
        "湘南泉病院",
        "中村(横浜市瀬谷区)",
        "阿久和",
        "宮の腰(横浜市瀬谷区)",
        "谷戸阿久和",
        "上阿久和",
        "旭ヶ丘(横浜市瀬谷区)",
        "住宅前(横浜市瀬谷区)",
        "富士見台(横浜市瀬谷区)",
        "富士見通り商店街",
        "三ツ境駅"
    ],
    "weekday": [
        "8:34",
        "8:54",
        "9:13",
        "9:40",
        "10:11",
        "10:35",
        "11:11",
        "11:35",
        "12:11",
        "12:35",
        "13:11",
        "13:35",
        "14:11",
        "14:35",
        "15:11",
        "15:35",
        "16:09",
        "16:29",
        "16:49",
        "17:10",
        "17:28",
        "17:43",
        "18:08",
        "18:32",
        "18:44"
    ],
    "saturday": [
        "8:51",
        "9:11",
        "9:31",
        "9:53",
        "10:13",
        "10:33",
        "10:53",
        "11:13",
        "11:33",
        "12:09",
        "12:33",
        "13:09",
        "13:33",
        "14:11",
        "14:35",
        "15:11",
        "15:35",
        "16:11",
        "16:35",
        "16:55",
        "17:35",
        "17:55",
        "18:34"
    ],
    "holiday": [
        "9:03",
        "9:33",
        "9:53",
        "10:13",
        "10:33",
        "10:53",
        "11:13",
        "11:33",
        "12:09",
        "12:33",
        "13:03",
        "13:33",
        "14:04",
        "14:35",
        "15:05",
        "15:35",
        "16:11",
        "16:35",
        "16:59",
        "17:35",
        "17:59",
        "18:34"
    ],
    "url": "https://www.kanachu.co.jp/dia/diagram/timetable01_js/course:0000803569-9/node:00126672/kt:0/lname:/"
}
