{
    "date": "2024/09/02",
    "name": "岡津",
    "position": "-",
    "system": "戸17",
    "destinations": [
        "岡津橋",
        "まほろば",
        "下新橋",
        "新橋町(横浜市泉区)",
        "観音寺前(横浜市泉区)",
        "相模新橋",
        "大中村",
        "湘南泉病院",
        "中村(横浜市瀬谷区)",
        "阿久和",
        "宮の腰(横浜市瀬谷区)",
        "谷戸阿久和",
        "上阿久和",
        "旭ヶ丘(横浜市瀬谷区)",
        "住宅前(横浜市瀬谷区)",
        "富士見台(横浜市瀬谷区)",
        "富士見通り商店街",
        "三ツ境駅"
    ],
    "weekday": [
        "8:35",
        "8:55",
        "9:14",
        "9:41",
        "10:12",
        "10:36",
        "11:12",
        "11:36",
        "12:12",
        "12:36",
        "13:12",
        "13:36",
        "14:12",
        "14:36",
        "15:12",
        "15:36",
        "16:10",
        "16:30",
        "16:50",
        "17:11",
        "17:29",
        "17:44",
        "18:09",
        "18:33",
        "18:45"
    ],
    "saturday": [
        "8:52",
        "9:12",
        "9:32",
        "9:54",
        "10:14",
        "10:34",
        "10:54",
        "11:14",
        "11:34",
        "12:10",
        "12:34",
        "13:10",
        "13:34",
        "14:12",
        "14:36",
        "15:12",
        "15:36",
        "16:12",
        "16:36",
        "16:56",
        "17:36",
        "17:56",
        "18:35"
    ],
    "holiday": [
        "9:04",
        "9:34",
        "9:54",
        "10:14",
        "10:34",
        "10:54",
        "11:14",
        "11:34",
        "12:10",
        "12:34",
        "13:04",
        "13:34",
        "14:05",
        "14:36",
        "15:06",
        "15:36",
        "16:12",
        "16:36",
        "17:00",
        "17:36",
        "18:00",
        "18:35"
    ],
    "url": "https://www.kanachu.co.jp/dia/diagram/timetable01_js/course:0000803569-10/node:00126673/kt:0/lname:/"
}
