{
    "date": "2024/09/02",
    "name": "岡津橋",
    "position": "-",
    "system": "戸17",
    "destinations": [
        "まほろば",
        "下新橋",
        "新橋町(横浜市泉区)",
        "観音寺前(横浜市泉区)",
        "相模新橋",
        "大中村",
        "湘南泉病院",
        "中村(横浜市瀬谷区)",
        "阿久和",
        "宮の腰(横浜市瀬谷区)",
        "谷戸阿久和",
        "上阿久和",
        "旭ヶ丘(横浜市瀬谷区)",
        "住宅前(横浜市瀬谷区)",
        "富士見台(横浜市瀬谷区)",
        "富士見通り商店街",
        "三ツ境駅"
    ],
    "weekday": [
        "8:36",
        "8:56",
        "9:15",
        "9:42",
        "10:13",
        "10:37",
        "11:13",
        "11:37",
        "12:13",
        "12:37",
        "13:13",
        "13:37",
        "14:13",
        "14:37",
        "15:13",
        "15:37",
        "16:11",
        "16:31",
        "16:51",
        "17:12",
        "17:30",
        "17:45",
        "18:10",
        "18:34",
        "18:46"
    ],
    "saturday": [
        "8:53",
        "9:13",
        "9:33",
        "9:55",
        "10:15",
        "10:35",
        "10:55",
        "11:15",
        "11:35",
        "12:11",
        "12:35",
        "13:11",
        "13:35",
        "14:13",
        "14:37",
        "15:13",
        "15:37",
        "16:13",
        "16:37",
        "16:57",
        "17:37",
        "17:57",
        "18:36"
    ],
    "holiday": [
        "9:05",
        "9:35",
        "9:55",
        "10:15",
        "10:35",
        "10:55",
        "11:15",
        "11:35",
        "12:11",
        "12:35",
        "13:05",
        "13:35",
        "14:06",
        "14:37",
        "15:07",
        "15:37",
        "16:13",
        "16:37",
        "17:01",
        "17:37",
        "18:01",
        "18:36"
    ],
    "url": "https://www.kanachu.co.jp/dia/diagram/timetable01_js/course:0000803569-11/node:00126674/kt:0/lname:/"
}
