{
    "date": "2024/09/02",
    "name": "阿久和",
    "position": "-",
    "system": "戸17",
    "destinations": [
        "宮の腰(横浜市瀬谷区)",
        "谷戸阿久和",
        "上阿久和",
        "旭ヶ丘(横浜市瀬谷区)",
        "住宅前(横浜市瀬谷区)",
        "富士見台(横浜市瀬谷区)",
        "富士見通り商店街",
        "三ツ境駅"
    ],
    "weekday": [
        "8:51",
        "9:11",
        "9:29",
        "9:56",
        "10:27",
        "10:51",
        "11:27",
        "11:51",
        "12:27",
        "12:51",
        "13:27",
        "13:51",
        "14:27",
        "14:51",
        "15:27",
        "15:51",
        "16:25",
        "16:45",
        "17:05",
        "17:27",
        "17:45",
        "18:00",
        "18:25",
        "18:49",
        "19:01"
    ],
    "saturday": [
        "9:06",
        "9:26",
        "9:46",
        "10:08",
        "10:28",
        "10:48",
        "11:08",
        "11:28",
        "11:48",
        "12:24",
        "12:48",
        "13:24",
        "13:48",
        "14:27",
        "14:51",
        "15:27",
        "15:51",
        "16:27",
        "16:51",
        "17:11",
        "17:51",
        "18:10",
        "18:49"
    ],
    "holiday": [
        "9:18",
        "9:48",
        "10:08",
        "10:28",
        "10:48",
        "11:08",
        "11:28",
        "11:48",
        "12:24",
        "12:48",
        "13:18",
        "13:48",
        "14:20",
        "14:51",
        "15:21",
        "15:51",
        "16:27",
        "16:51",
        "17:15",
        "17:51",
        "18:14",
        "18:49"
    ],
    "url": "https://www.kanachu.co.jp/dia/diagram/timetable01_js/course:0000803569-20/node:00126681/kt:0/lname:/"
}
