{
    "system": "戸17",
    "busstops": [
        {
            "index": "1",
            "id": "00126775",
            "name": "戸塚バスセンター",
            "lat": "35.400346",
            "lng": "139.532444"
        },
        {
            "index": "2",
            "id": "00126611",
            "name": "元町(横浜市戸塚区)",
            "lat": "35.407364",
            "lng": "139.5381"
        },
        {
            "index": "3",
            "id": "00126612",
            "name": "ブリヂストン前",
            "lat": "35.410558",
            "lng": "139.539749"
        },
        {
            "index": "4",
            "id": "00126613",
            "name": "不動坂(横浜市戸塚区)",
            "lat": "35.412648",
            "lng": "139.540862"
        },
        {
            "index": "5",
            "id": "00126668",
            "name": "富士橋",
            "lat": "35.416846",
            "lng": "139.539276"
        },
        {
            "index": "6",
            "id": "00126669",
            "name": "上矢部インター",
            "lat": "35.418887",
            "lng": "139.53695"
        },
        {
            "index": "7",
            "id": "00126670",
            "name": "上矢部",
            "lat": "35.421523",
            "lng": "139.534005"
        },
        {
            "index": "8",
            "id": "00126671",
            "name": "日の森",
            "lat": "35.422865",
            "lng": "139.532243"
        },
        {
            "index": "9",
            "id": "00126672",
            "name": "下岡津",
            "lat": "35.426472",
            "lng": "139.528003"
        },
        {
            "index": "10",
            "id": "00126673",
            "name": "岡津",
            "lat": "35.426786",
            "lng": "139.524985"
        },
        {
            "index": "11",
            "id": "00126674",
            "name": "岡津橋",
            "lat": "35.427248",
            "lng": "139.5209"
        },
        {
            "index": "12",
            "id": "00126920",
            "name": "まほろば",
            "lat": "35.428596",
            "lng": "139.515583"
        },
        {
            "index": "13",
            "id": "00126675",
            "name": "下新橋",
            "lat": "35.429576",
            "lng": "139.514338"
        },
        {
            "index": "14",
            "id": "00126676",
            "name": "新橋町(横浜市泉区)",
            "lat": "35.433363",
            "lng": "139.513062"
        },
        {
            "index": "15",
            "id": "00126677",
            "name": "観音寺前(横浜市泉区)",
            "lat": "35.43603",
            "lng": "139.513141"
        },
        {
            "index": "16",
            "id": "00126678",
            "name": "相模新橋",
            "lat": "35.437263",
            "lng": "139.511469"
        },
        {
            "index": "17",
            "id": "00126679",
            "name": "大中村",
            "lat": "35.439208",
            "lng": "139.507776"
        },
        {
            "index": "18",
            "id": "00126954",
            "name": "湘南泉病院",
            "lat": "35.442809",
            "lng": "139.511014"
        },
        {
            "index": "19",
            "id": "00126680",
            "name": "中村(横浜市瀬谷区)",
            "lat": "35.443779",
            "lng": "139.506248"
        },
        {
            "index": "20",
            "id": "00126681",
            "name": "阿久和",
            "lat": "35.447899",
            "lng": "139.504094"
        },
        {
            "index": "21",
            "id": "00126682",
            "name": "宮の腰(横浜市瀬谷区)",
            "lat": "35.449808",
            "lng": "139.503347"
        },
        {
            "index": "22",
            "id": "00126683",
            "name": "谷戸阿久和",
            "lat": "35.453119",
            "lng": "139.502311"
        },
        {
            "index": "23",
            "id": "00126684",
            "name": "上阿久和",
            "lat": "35.457291",
            "lng": "139.499903"
        },
        {
            "index": "24",
            "id": "00126685",
            "name": "旭ヶ丘(横浜市瀬谷区)",
            "lat": "35.458643",
            "lng": "139.499115"
        },
        {
            "index": "25",
            "id": "00126703",
            "name": "住宅前(横浜市瀬谷区)",
            "lat": "35.461699",
            "lng": "139.500043"
        },
        {
            "index": "26",
            "id": "00126704",
            "name": "富士見台(横浜市瀬谷区)",
            "lat": "35.464473",
            "lng": "139.500302"
        },
        {
            "index": "27",
            "id": "00126705",
            "name": "富士見通り商店街",
            "lat": "35.467652",
            "lng": "139.500877"
        },
        {
            "index": "28",
            "id": "00126706",
            "name": "三ツ境駅",
            "lat": "35.466956",
            "lng": "139.504247"
        }
    ],
    "route_url": "https://www.kanachu.co.jp/dia/route/index/cid:0000803569/"
}
