{
    "date": "2025/11/16",
    "name": "横内下",
    "position": "-",
    "system": "平63",
    "destinations": [
        "横内団地前",
        "今里(平塚市)",
        "坂口(平塚市)",
        "市場前(平塚市)",
        "大野農協前",
        "西真土",
        "大野中学校前",
        "伊勢山(平塚市)",
        "中原中宿",
        "中原東(平塚市)",
        "西新町(平塚市)",
        "平塚球場",
        "総合公園(平塚市)",
        "美術館入口(平塚市)",
        "江陽中学校前(平塚市)",
        "崇善小学校前",
        "明石町(平塚市)",
        "明石町一丁目",
        "四ツ角(平塚市)",
        "平塚駅北口"
    ],
    "weekday": [
        "5:26",
        "6:16",
        "6:39",
        "7:04",
        "7:25",
        "8:09",
        "8:55",
        "9:14",
        "9:29",
        "9:54",
        "10:07",
        "10:29",
        "10:59",
        "11:44",
        "11:59",
        "12:14",
        "12:44",
        "13:14",
        "13:44",
        "14:29",
        "14:44",
        "14:59",
        "15:09",
        "15:29",
        "15:54",
        "16:03",
        "16:59",
        "17:12",
        "17:36",
        "18:40",
        "19:10",
        "20:09",
        "21:19"
    ],
    "saturday": [
        "5:39",
        "6:09",
        "6:24",
        "6:54",
        "7:09",
        "7:24",
        "7:54",
        "8:09",
        "8:24",
        "9:09",
        "9:24",
        "9:59",
        "10:49",
        "11:09",
        "11:24",
        "12:09",
        "12:24",
        "12:54",
        "13:09",
        "13:24",
        "13:54",
        "14:03",
        "14:24",
        "14:54",
        "15:04",
        "15:24",
        "15:54",
        "16:04",
        "16:24",
        "17:19",
        "17:59",
        "18:59"
    ],
    "holiday": [
        "5:39",
        "6:09",
        "6:24",
        "6:54",
        "7:09",
        "7:24",
        "7:54",
        "8:09",
        "8:24",
        "9:09",
        "9:24",
        "9:59",
        "10:49",
        "11:09",
        "11:24",
        "12:09",
        "12:24",
        "12:54",
        "13:09",
        "13:24",
        "13:54",
        "14:03",
        "14:24",
        "14:54",
        "15:04",
        "15:24",
        "15:54",
        "16:04",
        "16:24",
        "17:19",
        "17:59",
        "18:59"
    ],
    "url": "https://www.kanachu.co.jp/dia/diagram/timetable01_js/course:0000802523-4/node:00127614/kt:0/lname:/"
}
