{
    "date": "2025/11/16",
    "name": "西新町(平塚市)",
    "position": "-",
    "system": "平63",
    "destinations": [
        "平塚球場",
        "総合公園(平塚市)",
        "美術館入口(平塚市)",
        "江陽中学校前(平塚市)",
        "崇善小学校前",
        "明石町(平塚市)",
        "明石町一丁目",
        "四ツ角(平塚市)",
        "平塚駅北口"
    ],
    "weekday": [
        "5:38",
        "6:28",
        "6:51",
        "7:16",
        "7:37",
        "8:21",
        "9:07",
        "9:26",
        "9:41",
        "10:06",
        "10:19",
        "10:41",
        "11:11",
        "11:56",
        "12:11",
        "12:26",
        "12:56",
        "13:26",
        "13:56",
        "14:41",
        "14:56",
        "15:11",
        "15:21",
        "15:41",
        "16:06",
        "16:15",
        "17:11",
        "17:24",
        "17:48",
        "18:52",
        "19:22",
        "20:21",
        "21:31"
    ],
    "saturday": [
        "5:51",
        "6:21",
        "6:36",
        "7:06",
        "7:21",
        "7:36",
        "8:06",
        "8:21",
        "8:36",
        "9:21",
        "9:36",
        "10:11",
        "11:01",
        "11:21",
        "11:36",
        "12:21",
        "12:36",
        "13:06",
        "13:21",
        "13:36",
        "14:06",
        "14:15",
        "14:36",
        "15:06",
        "15:16",
        "15:36",
        "16:06",
        "16:16",
        "16:36",
        "17:31",
        "18:11",
        "19:11"
    ],
    "holiday": [
        "5:51",
        "6:21",
        "6:36",
        "7:06",
        "7:21",
        "7:36",
        "8:06",
        "8:21",
        "8:36",
        "9:21",
        "9:36",
        "10:11",
        "11:01",
        "11:21",
        "11:36",
        "12:21",
        "12:36",
        "13:06",
        "13:21",
        "13:36",
        "14:06",
        "14:15",
        "14:36",
        "15:06",
        "15:16",
        "15:36",
        "16:06",
        "16:16",
        "16:36",
        "17:31",
        "18:11",
        "19:11"
    ],
    "url": "https://www.kanachu.co.jp/dia/diagram/timetable01_js/course:0000802523-15/node:00127602/kt:0/lname:/"
}
