{
    "date": "2025/11/16",
    "name": "平塚球場",
    "position": "-",
    "system": "平63",
    "destinations": [
        "総合公園(平塚市)",
        "美術館入口(平塚市)",
        "江陽中学校前(平塚市)",
        "崇善小学校前",
        "明石町(平塚市)",
        "明石町一丁目",
        "四ツ角(平塚市)",
        "平塚駅北口"
    ],
    "weekday": [
        "5:39",
        "6:29",
        "6:52",
        "7:17",
        "7:38",
        "8:22",
        "9:08",
        "9:27",
        "9:42",
        "10:07",
        "10:20",
        "10:42",
        "11:12",
        "11:57",
        "12:12",
        "12:27",
        "12:57",
        "13:27",
        "13:57",
        "14:42",
        "14:57",
        "15:12",
        "15:22",
        "15:42",
        "16:07",
        "16:16",
        "17:12",
        "17:25",
        "17:49",
        "18:53",
        "19:23",
        "20:22",
        "21:32"
    ],
    "saturday": [
        "5:52",
        "6:22",
        "6:37",
        "7:07",
        "7:22",
        "7:37",
        "8:07",
        "8:22",
        "8:37",
        "9:22",
        "9:37",
        "10:12",
        "11:02",
        "11:22",
        "11:37",
        "12:22",
        "12:37",
        "13:07",
        "13:22",
        "13:37",
        "14:07",
        "14:16",
        "14:37",
        "15:07",
        "15:17",
        "15:37",
        "16:07",
        "16:17",
        "16:37",
        "17:32",
        "18:12",
        "19:12"
    ],
    "holiday": [
        "5:52",
        "6:22",
        "6:37",
        "7:07",
        "7:22",
        "7:37",
        "8:07",
        "8:22",
        "8:37",
        "9:22",
        "9:37",
        "10:12",
        "11:02",
        "11:22",
        "11:37",
        "12:22",
        "12:37",
        "13:07",
        "13:22",
        "13:37",
        "14:07",
        "14:16",
        "14:37",
        "15:07",
        "15:17",
        "15:37",
        "16:07",
        "16:17",
        "16:37",
        "17:32",
        "18:12",
        "19:12"
    ],
    "url": "https://www.kanachu.co.jp/dia/diagram/timetable01_js/course:0000802523-16/node:00127601/kt:0/lname:/"
}
