{
    "date": "2025/11/16",
    "name": "明石町(平塚市)",
    "position": "-",
    "system": "平63",
    "destinations": [
        "明石町一丁目",
        "四ツ角(平塚市)",
        "平塚駅北口"
    ],
    "weekday": [
        "5:44",
        "6:34",
        "6:57",
        "7:22",
        "7:43",
        "8:27",
        "9:13",
        "9:32",
        "9:47",
        "10:12",
        "10:25",
        "10:47",
        "11:17",
        "12:02",
        "12:17",
        "12:32",
        "13:02",
        "13:32",
        "14:02",
        "14:47",
        "15:02",
        "15:17",
        "15:27",
        "15:47",
        "16:12",
        "16:21",
        "17:17",
        "17:30",
        "17:54",
        "18:58",
        "19:28",
        "20:27",
        "21:37"
    ],
    "saturday": [
        "5:57",
        "6:27",
        "6:42",
        "7:12",
        "7:27",
        "7:42",
        "8:12",
        "8:27",
        "8:42",
        "9:27",
        "9:42",
        "10:17",
        "11:07",
        "11:27",
        "11:42",
        "12:27",
        "12:42",
        "13:12",
        "13:27",
        "13:42",
        "14:12",
        "14:21",
        "14:42",
        "15:12",
        "15:22",
        "15:42",
        "16:12",
        "16:22",
        "16:42",
        "17:37",
        "18:17",
        "19:17"
    ],
    "holiday": [
        "5:57",
        "6:27",
        "6:42",
        "7:12",
        "7:27",
        "7:42",
        "8:12",
        "8:27",
        "8:42",
        "9:27",
        "9:42",
        "10:17",
        "11:07",
        "11:27",
        "11:42",
        "12:27",
        "12:42",
        "13:12",
        "13:27",
        "13:42",
        "14:12",
        "14:21",
        "14:42",
        "15:12",
        "15:22",
        "15:42",
        "16:12",
        "16:22",
        "16:42",
        "17:37",
        "18:17",
        "19:17"
    ],
    "url": "https://www.kanachu.co.jp/dia/diagram/timetable01_js/course:0000802523-21/node:00127458/kt:0/lname:/"
}
