{
    "date": "2025/11/16",
    "name": "下宿(伊勢原市)",
    "position": "-",
    "system": "伊80",
    "destinations": [
        "三福寺前",
        "藤田電機前(伊勢原市)",
        "西沼目",
        "つきみの団地",
        "沼目",
        "大田小学校前",
        "下谷(伊勢原市)",
        "沖小稲葉",
        "小稲葉",
        "下小稲葉",
        "新屋(伊勢原市)",
        "西屋(伊勢原市)",
        "下落合(伊勢原市)",
        "長沼(厚木市)",
        "上落合(厚木市)",
        "堤下(厚木市)",
        "田谷(厚木市)",
        "片平入口",
        "愛甲石田駅"
    ],
    "weekday": [
        "6:27",
        "7:56",
        "9:36",
        "10:58",
        "15:13",
        "16:36",
        "17:51"
    ],
    "saturday": [
        "8:41",
        "13:41",
        "17:33"
    ],
    "holiday": [
        "8:41",
        "13:41",
        "17:33"
    ],
    "url": "https://www.kanachu.co.jp/dia/diagram/timetable01_js/course:0000800535-2/node:00128057/kt:0/lname:/"
}
