{
    "date": "2025/11/16",
    "name": "西沼目",
    "position": "-",
    "system": "伊80",
    "destinations": [
        "つきみの団地",
        "沼目",
        "大田小学校前",
        "下谷(伊勢原市)",
        "沖小稲葉",
        "小稲葉",
        "下小稲葉",
        "新屋(伊勢原市)",
        "西屋(伊勢原市)",
        "下落合(伊勢原市)",
        "長沼(厚木市)",
        "上落合(厚木市)",
        "堤下(厚木市)",
        "田谷(厚木市)",
        "片平入口",
        "愛甲石田駅"
    ],
    "weekday": [
        "6:30",
        "7:59",
        "9:39",
        "11:01",
        "15:16",
        "16:39",
        "17:54"
    ],
    "saturday": [
        "8:44",
        "13:44",
        "17:36"
    ],
    "holiday": [
        "8:44",
        "13:44",
        "17:36"
    ],
    "url": "https://www.kanachu.co.jp/dia/diagram/timetable01_js/course:0000800535-5/node:00128097/kt:0/lname:/"
}
