{
    "date": "2025/11/16",
    "name": "つきみの団地",
    "position": "-",
    "system": "伊80",
    "destinations": [
        "沼目",
        "大田小学校前",
        "下谷(伊勢原市)",
        "沖小稲葉",
        "小稲葉",
        "下小稲葉",
        "新屋(伊勢原市)",
        "西屋(伊勢原市)",
        "下落合(伊勢原市)",
        "長沼(厚木市)",
        "上落合(厚木市)",
        "堤下(厚木市)",
        "田谷(厚木市)",
        "片平入口",
        "愛甲石田駅"
    ],
    "weekday": [
        "6:31",
        "8:00",
        "9:40",
        "11:02",
        "15:17",
        "16:40",
        "17:55"
    ],
    "saturday": [
        "8:45",
        "13:45",
        "17:37"
    ],
    "holiday": [
        "8:45",
        "13:45",
        "17:37"
    ],
    "url": "https://www.kanachu.co.jp/dia/diagram/timetable01_js/course:0000800535-6/node:00128098/kt:0/lname:/"
}
