{
    "date": "2025/11/16",
    "name": "沖小稲葉",
    "position": "-",
    "system": "伊80",
    "destinations": [
        "小稲葉",
        "下小稲葉",
        "新屋(伊勢原市)",
        "西屋(伊勢原市)",
        "下落合(伊勢原市)",
        "長沼(厚木市)",
        "上落合(厚木市)",
        "堤下(厚木市)",
        "田谷(厚木市)",
        "片平入口",
        "愛甲石田駅"
    ],
    "weekday": [
        "6:35",
        "8:04",
        "9:44",
        "11:06",
        "15:21",
        "16:44",
        "17:59"
    ],
    "saturday": [
        "8:49",
        "13:49",
        "17:41"
    ],
    "holiday": [
        "8:49",
        "13:49",
        "17:41"
    ],
    "url": "https://www.kanachu.co.jp/dia/diagram/timetable01_js/course:0000800535-10/node:00128119/kt:0/lname:/"
}
