{
    "date": "2025/11/16",
    "name": "西屋(伊勢原市)",
    "position": "-",
    "system": "伊80",
    "destinations": [
        "下落合(伊勢原市)",
        "長沼(厚木市)",
        "上落合(厚木市)",
        "堤下(厚木市)",
        "田谷(厚木市)",
        "片平入口",
        "愛甲石田駅"
    ],
    "weekday": [
        "6:39",
        "8:08",
        "9:48",
        "11:10",
        "15:25",
        "16:48",
        "18:03"
    ],
    "saturday": [
        "8:53",
        "13:53",
        "17:45"
    ],
    "holiday": [
        "8:53",
        "13:53",
        "17:45"
    ],
    "url": "https://www.kanachu.co.jp/dia/diagram/timetable01_js/course:0000800535-14/node:00127621/kt:0/lname:/"
}
