{
    "date": "2025/04/01",
    "name": "平和台入口",
    "position": "-",
    "system": "鶴13",
    "destinations": [
        "能ヶ谷二丁目",
        "鶴川駅"
    ],
    "weekday": [
        "6:30",
        "6:50",
        "7:21",
        "7:50",
        "8:20",
        "8:50",
        "9:10",
        "9:40",
        "10:10",
        "11:10",
        "12:10",
        "13:10",
        "14:10",
        "15:10",
        "16:10",
        "17:13",
        "17:37",
        "18:13",
        "18:38",
        "19:08",
        "19:42",
        "20:35"
    ],
    "saturday": [
        "6:40",
        "7:55",
        "8:25",
        "8:55",
        "9:19",
        "10:19",
        "11:19",
        "12:19",
        "13:19",
        "14:25",
        "15:25",
        "16:25",
        "16:55",
        "17:25",
        "17:52",
        "18:28",
        "18:52",
        "19:28",
        "19:55"
    ],
    "holiday": [
        "7:50",
        "8:50",
        "9:19",
        "10:19",
        "11:25",
        "12:25",
        "13:25",
        "14:20",
        "15:20",
        "16:20",
        "16:55",
        "17:25",
        "17:55",
        "18:25",
        "18:55",
        "19:25",
        "19:55"
    ],
    "url": "https://www.kanachu.co.jp/dia/diagram/timetable01_js/course:0000803458-8/node:00049329/kt:0/lname:/"
}
