{
    "date": "2025/04/01",
    "name": "能ヶ谷二丁目",
    "position": "-",
    "system": "鶴13",
    "destinations": [
        "鶴川駅"
    ],
    "weekday": [
        "6:31",
        "6:51",
        "7:22",
        "7:51",
        "8:21",
        "8:51",
        "9:11",
        "9:41",
        "10:11",
        "11:11",
        "12:11",
        "13:11",
        "14:11",
        "15:11",
        "16:11",
        "17:14",
        "17:38",
        "18:14",
        "18:39",
        "19:09",
        "19:43",
        "20:36"
    ],
    "saturday": [
        "6:41",
        "7:56",
        "8:26",
        "8:56",
        "9:20",
        "10:20",
        "11:20",
        "12:20",
        "13:20",
        "14:26",
        "15:26",
        "16:26",
        "16:56",
        "17:26",
        "17:53",
        "18:29",
        "18:53",
        "19:29",
        "19:56"
    ],
    "holiday": [
        "7:51",
        "8:51",
        "9:20",
        "10:20",
        "11:26",
        "12:26",
        "13:26",
        "14:21",
        "15:21",
        "16:21",
        "16:56",
        "17:26",
        "17:56",
        "18:26",
        "18:56",
        "19:26",
        "19:56"
    ],
    "url": "https://www.kanachu.co.jp/dia/diagram/timetable01_js/course:0000803458-9/node:00049315/kt:0/lname:/"
}
