{
    "date": "2025/10/20",
    "name": "座間四ツ谷",
    "position": "-",
    "system": "台04",
    "destinations": [
        "新田宿南",
        "新田宿中央",
        "ひまわり畑入口",
        "新河原宿",
        "座間電話局前",
        "鈴鹿(座間市)",
        "星谷観音前",
        "座間駅",
        "天台(座間市)",
        "立野台公園北",
        "立野台",
        "立野台下",
        "市営住宅前(座間市)",
        "緑ヶ丘住宅入口",
        "市役所谷戸山公園前",
        "座間中学校前",
        "相武台前駅"
    ],
    "weekday": [
        "7:40",
        "8:40",
        "9:20",
        "10:15",
        "11:15",
        "12:15",
        "13:15",
        "14:15",
        "15:15",
        "16:15",
        "17:15",
        "18:15"
    ],
    "saturday": [
        "8:15",
        "9:15",
        "10:15",
        "11:15",
        "12:15",
        "13:15",
        "14:15",
        "15:15",
        "16:15",
        "17:15"
    ],
    "holiday": [
        "8:15",
        "9:15",
        "10:15",
        "11:15",
        "12:15",
        "13:15",
        "14:15",
        "15:15",
        "16:15",
        "17:15"
    ],
    "url": "https://www.kanachu.co.jp/dia/diagram/timetable01_js/course:0000801311-1/node:00128544/kt:0/lname:/"
}
