{
    "date": "2025/10/20",
    "name": "緑ヶ丘住宅入口",
    "position": "-",
    "system": "台04",
    "destinations": [
        "市役所谷戸山公園前",
        "座間中学校前",
        "相武台前駅"
    ],
    "weekday": [
        "8:01",
        "9:01",
        "9:41",
        "10:36",
        "11:36",
        "12:36",
        "13:36",
        "14:36",
        "15:36",
        "16:36",
        "17:36",
        "18:36"
    ],
    "saturday": [
        "8:34",
        "9:36",
        "10:36",
        "11:36",
        "12:36",
        "13:36",
        "14:36",
        "15:36",
        "16:36",
        "17:36"
    ],
    "holiday": [
        "8:34",
        "9:36",
        "10:36",
        "11:36",
        "12:36",
        "13:36",
        "14:36",
        "15:36",
        "16:36",
        "17:36"
    ],
    "url": "https://www.kanachu.co.jp/dia/diagram/timetable01_js/course:0000801311-15/node:00128577/kt:0/lname:/"
}
