{
    "date": "2024/09/02",
    "name": "渋谷中学校",
    "position": "-",
    "system": "",
    "destinations": [
        "保育所前(大和市)",
        "いちょう団地",
        "台村",
        "飯田神社前",
        "団地入口(横浜市泉区)",
        "児童公園前(横浜市泉区)",
        "小学校前(横浜市泉区)",
        "上飯田団地",
        "金子山",
        "泉警察署前",
        "いずみ野駅"
    ],
    "weekday": [
        "6:13"
    ],
    "saturday": [
        "7:10"
    ],
    "holiday": [
        "7:10"
    ],
    "url": "https://www.kanachu.co.jp/dia/diagram/timetable01_js/course:0000802832-3/node:00126894/kt:0/lname:/"
}
