{
    "date": "2025/07/12",
    "name": "影取",
    "position": "-",
    "system": "船65",
    "destinations": [
        "諏訪神社前(横浜市戸塚区)",
        "鉄砲宿",
        "緑ヶ丘(藤沢市)",
        "遊行寺坂上",
        "藤沢橋",
        "藤沢小学校前",
        "南仲通り",
        "相生町(藤沢市)",
        "三富士町",
        "藤沢駅北口"
    ],
    "weekday": [
        "7:11",
        "7:38",
        "8:13",
        "8:31",
        "8:53"
    ],
    "saturday": [],
    "holiday": [],
    "url": "https://www.kanachu.co.jp/dia/diagram/timetable01_js/course:0000800482-12/node:00126980/kt:0/lname:/"
}
