{
    "date": "2025/07/12",
    "name": "鉄砲宿",
    "position": "-",
    "system": "船65",
    "destinations": [
        "緑ヶ丘(藤沢市)",
        "遊行寺坂上",
        "藤沢橋",
        "藤沢小学校前",
        "南仲通り",
        "相生町(藤沢市)",
        "三富士町",
        "藤沢駅北口"
    ],
    "weekday": [
        "7:18",
        "7:45",
        "8:20",
        "8:38",
        "9:00"
    ],
    "saturday": [],
    "holiday": [],
    "url": "https://www.kanachu.co.jp/dia/diagram/timetable01_js/course:0000800482-14/node:00126978/kt:0/lname:/"
}
