{
    "system": "船65",
    "busstops": [
        {
            "index": "1",
            "id": "00126855",
            "name": "大船駅西口",
            "lat": "35.352065",
            "lng": "139.529051"
        },
        {
            "index": "2",
            "id": "00126854",
            "name": "坂本(鎌倉市)",
            "lat": "35.355961",
            "lng": "139.530029"
        },
        {
            "index": "3",
            "id": "00126853",
            "name": "長尾台(横浜市栄区)",
            "lat": "35.359935",
            "lng": "139.528635"
        },
        {
            "index": "4",
            "id": "00126852",
            "name": "宮ノ前(横浜市栄区)",
            "lat": "35.362366",
            "lng": "139.528592"
        },
        {
            "index": "5",
            "id": "00126851",
            "name": "小蓋山",
            "lat": "35.363893",
            "lng": "139.525028"
        },
        {
            "index": "6",
            "id": "00126850",
            "name": "田谷(横浜市栄区)",
            "lat": "35.364457",
            "lng": "139.521133"
        },
        {
            "index": "7",
            "id": "00126921",
            "name": "常勝寺(横浜市栄区)",
            "lat": "35.367051",
            "lng": "139.518799"
        },
        {
            "index": "8",
            "id": "00127117",
            "name": "公文国際学園",
            "lat": "35.371871",
            "lng": "139.513584"
        },
        {
            "index": "9",
            "id": "00126927",
            "name": "原宿四ツ角",
            "lat": "35.376033",
            "lng": "139.5061"
        },
        {
            "index": "10",
            "id": "00126818",
            "name": "原宿(横浜市戸塚区)",
            "lat": "35.376406",
            "lng": "139.504965"
        },
        {
            "index": "11",
            "id": "00126981",
            "name": "聖母の園前",
            "lat": "35.37335",
            "lng": "139.502951"
        },
        {
            "index": "12",
            "id": "00126980",
            "name": "影取",
            "lat": "35.368662",
            "lng": "139.500091"
        },
        {
            "index": "13",
            "id": "00126979",
            "name": "諏訪神社前(横浜市戸塚区)",
            "lat": "35.365068",
            "lng": "139.497973"
        },
        {
            "index": "14",
            "id": "00126978",
            "name": "鉄砲宿",
            "lat": "35.358606",
            "lng": "139.493629"
        },
        {
            "index": "15",
            "id": "00126977",
            "name": "緑ヶ丘(藤沢市)",
            "lat": "35.355811",
            "lng": "139.492622"
        },
        {
            "index": "16",
            "id": "00126976",
            "name": "遊行寺坂上",
            "lat": "35.353016",
            "lng": "139.491186"
        },
        {
            "index": "17",
            "id": "00126975",
            "name": "藤沢橋",
            "lat": "35.346275",
            "lng": "139.48788"
        },
        {
            "index": "18",
            "id": "00126974",
            "name": "藤沢小学校前",
            "lat": "35.344075",
            "lng": "139.484406"
        },
        {
            "index": "19",
            "id": "00126973",
            "name": "南仲通り",
            "lat": "35.341886",
            "lng": "139.48157"
        },
        {
            "index": "20",
            "id": "00126972",
            "name": "相生町(藤沢市)",
            "lat": "35.340664",
            "lng": "139.481523"
        },
        {
            "index": "21",
            "id": "00126971",
            "name": "三富士町",
            "lat": "35.339451",
            "lng": "139.484576"
        },
        {
            "index": "22",
            "id": "00126970",
            "name": "藤沢駅北口",
            "lat": "35.339374",
            "lng": "139.488059"
        }
    ],
    "route_url": "https://www.kanachu.co.jp/dia/route/index/cid:0000800482/"
}
