{
    "date": "2024/03/16",
    "name": "大船駅(横浜市栄区)",
    "position": "-",
    "system": "船24",
    "destinations": [
        "笠間一丁目",
        "岩井口",
        "笠間町",
        "笠間十字路",
        "平島(鎌倉市)",
        "鎌倉女子大前",
        "朝日平和台入口",
        "椎郷",
        "湘南ハイツ",
        "荒井沢公園前",
        "公田ハイツ前"
    ],
    "weekday": [
        "9:38",
        "11:55",
        "14:27",
        "20:35",
        "22:15",
        "22:55"
    ],
    "saturday": [
        "13:12",
        "21:19",
        "22:15"
    ],
    "holiday": [
        "13:12",
        "21:19",
        "22:15"
    ],
    "url": "https://www.kanachu.co.jp/dia/diagram/timetable01_js/course:0000802793-1/node:00126594/kt:0/lname:/"
}
