{
    "date": "2025/03/15",
    "name": "奥田",
    "position": "-",
    "system": "長43",
    "destinations": [
        "長後市民センター前",
        "長後駅西口"
    ],
    "weekday": [
        "6:04",
        "6:44",
        "7:01",
        "7:24",
        "7:47",
        "8:10",
        "8:33",
        "8:56",
        "9:19",
        "9:42",
        "10:05",
        "10:28",
        "11:14",
        "12:00",
        "12:23",
        "12:46",
        "13:09",
        "13:32",
        "14:18",
        "14:41",
        "15:04",
        "15:27",
        "15:50",
        "16:13",
        "16:59",
        "17:22",
        "17:45",
        "18:08",
        "18:31",
        "18:54",
        "19:17",
        "19:40",
        "20:26",
        "20:49",
        "21:35"
    ],
    "saturday": [
        "6:24",
        "7:01",
        "7:24",
        "7:47",
        "8:10",
        "8:33",
        "8:56",
        "9:19",
        "9:42",
        "10:05",
        "10:28",
        "11:14",
        "12:00",
        "12:23",
        "12:46",
        "13:09",
        "13:32",
        "14:18",
        "14:41",
        "15:04",
        "15:27",
        "15:50",
        "16:13",
        "16:59",
        "17:22",
        "17:45",
        "18:08",
        "18:31",
        "18:54",
        "19:40",
        "20:26",
        "20:49",
        "21:35"
    ],
    "holiday": [
        "6:24",
        "7:01",
        "7:24",
        "7:47",
        "8:10",
        "8:33",
        "8:56",
        "9:19",
        "9:42",
        "10:05",
        "10:28",
        "11:14",
        "12:00",
        "12:23",
        "12:46",
        "13:09",
        "13:32",
        "14:18",
        "14:41",
        "15:04",
        "15:27",
        "15:50",
        "16:13",
        "16:59",
        "17:22",
        "17:45",
        "18:08",
        "18:31",
        "18:54",
        "19:40",
        "20:26",
        "20:49",
        "21:35"
    ],
    "url": "https://www.kanachu.co.jp/dia/diagram/timetable01_js/course:0000800069-10/node:00130017/kt:0/lname:/"
}
