{
    "date": "2025/08/04",
    "name": "堺農協前",
    "position": "-",
    "system": "橋62",
    "destinations": [
        "堺中学校前",
        "堺市民センター前",
        "相原(町田市)",
        "相原駅西口",
        "諏訪神社前(町田市)",
        "相原小学校前",
        "開都",
        "相原十字路",
        "根岸(相原町/町田市)",
        "境橋(町田市)",
        "円林寺前",
        "水の口(町田市)",
        "法政大学入口",
        "法政大学(町田市)"
    ],
    "weekday": [
        "21:15",
        "21:55"
    ],
    "saturday": [
        "20:35",
        "21:10"
    ],
    "holiday": [
        "19:45",
        "20:35"
    ],
    "url": "https://www.kanachu.co.jp/dia/diagram/timetable01_js/course:0000803828-8/node:00128882/kt:0/lname:/"
}
