{
    "date": "2025/10/06",
    "name": "桂橋(相模原市緑区)",
    "position": "-",
    "system": "湖28",
    "destinations": [
        "赤馬",
        "津久井やまゆり園前",
        "宿村",
        "千木良診療所前",
        "千木良小学校前",
        "千木良",
        "底沢",
        "小原(相模原市緑区)",
        "平野(相模原市緑区)",
        "北相中学校前",
        "桂北小学校前",
        "相模湖駅"
    ],
    "weekday": [
        "6:29",
        "7:26",
        "8:10",
        "9:12",
        "10:17",
        "11:27",
        "12:24",
        "13:03",
        "14:03",
        "15:08",
        "16:12",
        "17:10",
        "18:07",
        "19:09"
    ],
    "saturday": [
        "6:33",
        "7:26",
        "8:26",
        "9:58",
        "11:49",
        "12:44",
        "13:54",
        "14:54",
        "16:12",
        "17:13",
        "18:08",
        "19:35"
    ],
    "holiday": [
        "6:33",
        "7:26",
        "8:26",
        "9:58",
        "11:49",
        "12:44",
        "13:54",
        "14:54",
        "16:12",
        "17:13",
        "18:08",
        "19:35"
    ],
    "url": "https://www.kanachu.co.jp/dia/diagram/timetable01_js/course:0000803765-10/node:00128993/kt:0/lname:/"
}
