{
    "date": "2025/10/06",
    "name": "津久井やまゆり園前",
    "position": "-",
    "system": "湖28",
    "destinations": [
        "宿村",
        "千木良診療所前",
        "千木良小学校前",
        "千木良",
        "底沢",
        "小原(相模原市緑区)",
        "平野(相模原市緑区)",
        "北相中学校前",
        "桂北小学校前",
        "相模湖駅"
    ],
    "weekday": [
        "6:31",
        "7:28",
        "8:12",
        "9:14",
        "10:19",
        "11:29",
        "12:26",
        "13:05",
        "14:05",
        "15:10",
        "16:14",
        "17:12",
        "18:09",
        "19:11"
    ],
    "saturday": [
        "6:35",
        "7:28",
        "8:28",
        "10:00",
        "11:51",
        "12:46",
        "13:56",
        "14:56",
        "16:14",
        "17:15",
        "18:10",
        "19:37"
    ],
    "holiday": [
        "6:35",
        "7:28",
        "8:28",
        "10:00",
        "11:51",
        "12:46",
        "13:56",
        "14:56",
        "16:14",
        "17:15",
        "18:10",
        "19:37"
    ],
    "url": "https://www.kanachu.co.jp/dia/diagram/timetable01_js/course:0000803765-12/node:00128928/kt:0/lname:/"
}
