{
    "date": "2025/10/06",
    "name": "底沢",
    "position": "-",
    "system": "湖28",
    "destinations": [
        "小原(相模原市緑区)",
        "平野(相模原市緑区)",
        "北相中学校前",
        "桂北小学校前",
        "相模湖駅"
    ],
    "weekday": [
        "6:35",
        "7:32",
        "8:16",
        "9:18",
        "10:23",
        "11:33",
        "12:30",
        "13:09",
        "14:09",
        "15:14",
        "16:18",
        "17:16",
        "18:13",
        "19:15"
    ],
    "saturday": [
        "6:39",
        "7:32",
        "8:32",
        "10:04",
        "11:55",
        "12:50",
        "14:00",
        "15:00",
        "16:18",
        "17:19",
        "18:14",
        "19:41"
    ],
    "holiday": [
        "6:39",
        "7:32",
        "8:32",
        "10:04",
        "11:55",
        "12:50",
        "14:00",
        "15:00",
        "16:18",
        "17:19",
        "18:14",
        "19:41"
    ],
    "url": "https://www.kanachu.co.jp/dia/diagram/timetable01_js/course:0000803765-17/node:00128923/kt:0/lname:/"
}
