{
    "date": "2025/10/06",
    "name": "北相中学校前",
    "position": "-",
    "system": "湖28",
    "destinations": [
        "桂北小学校前",
        "相模湖駅"
    ],
    "weekday": [
        "6:38",
        "7:35",
        "8:19",
        "9:21",
        "10:26",
        "11:36",
        "12:33",
        "13:12",
        "14:12",
        "15:17",
        "16:21",
        "17:19",
        "18:16",
        "19:18"
    ],
    "saturday": [
        "6:42",
        "7:35",
        "8:35",
        "10:07",
        "11:58",
        "12:53",
        "14:03",
        "15:03",
        "16:21",
        "17:22",
        "18:17",
        "19:44"
    ],
    "holiday": [
        "6:42",
        "7:35",
        "8:35",
        "10:07",
        "11:58",
        "12:53",
        "14:03",
        "15:03",
        "16:21",
        "17:22",
        "18:17",
        "19:44"
    ],
    "url": "https://www.kanachu.co.jp/dia/diagram/timetable01_js/course:0000803765-20/node:00128920/kt:0/lname:/"
}
