{
    "system": "大54",
    "busstops": [
        {
            "index": "1",
            "id": "00129258",
            "name": "みゆき台団地",
            "lat": "35.527131",
            "lng": "139.4183"
        },
        {
            "index": "2",
            "id": "00129260",
            "name": "御園二丁目",
            "lat": "35.528812",
            "lng": "139.420572"
        },
        {
            "index": "3",
            "id": "00129078",
            "name": "上原団地",
            "lat": "35.531552",
            "lng": "139.424077"
        },
        {
            "index": "4",
            "id": "00129279",
            "name": "谷口台小学校前",
            "lat": "35.531735",
            "lng": "139.426559"
        },
        {
            "index": "5",
            "id": "00129150",
            "name": "相模女子大前",
            "lat": "35.532038",
            "lng": "139.430209"
        },
        {
            "index": "6",
            "id": "00114298",
            "name": "相模大野駅北口",
            "lat": "35.531961",
            "lng": "139.436873"
        }
    ],
    "route_url": "https://www.kanachu.co.jp/dia/route/index/cid:0000804281/"
}
