{
    "date": "2025/11/16",
    "name": "七沢病院",
    "position": "-",
    "system": "愛11",
    "destinations": [
        "七沢病院下",
        "七沢温泉入口",
        "馬場リハビリ入口",
        "神奈川リハビリ",
        "馬場リハビリ入口",
        "日向川",
        "玉川公民館前",
        "玉川農協前",
        "中屋橋",
        "小野橋(厚木市)",
        "小野宮前",
        "愛名入口",
        "上長谷(厚木市)",
        "毛利台南入口",
        "聖木",
        "大上(厚木市)",
        "愛甲原住宅",
        "上愛甲",
        "愛甲橋",
        "堂山",
        "宮前(厚木市)",
        "愛甲石田駅"
    ],
    "weekday": [
        "7:10",
        "7:35",
        "8:30",
        "9:50",
        "10:45",
        "12:05",
        "13:35",
        "15:05",
        "16:25",
        "17:45"
    ],
    "saturday": [
        "8:32",
        "9:45",
        "10:40",
        "11:50",
        "13:30",
        "14:40",
        "15:50"
    ],
    "holiday": [
        "8:32",
        "9:45",
        "10:40",
        "11:50",
        "13:30",
        "14:40",
        "15:50"
    ],
    "url": "https://www.kanachu.co.jp/dia/diagram/timetable01_js/course:0000803370-1/node:00128193/kt:0/lname:/"
}
