{
    "date": "2025/11/16",
    "name": "馬場リハビリ入口",
    "position": "-",
    "system": "愛11",
    "destinations": [
        "神奈川リハビリ",
        "馬場リハビリ入口",
        "日向川",
        "玉川公民館前",
        "玉川農協前",
        "中屋橋",
        "小野橋(厚木市)",
        "小野宮前",
        "愛名入口",
        "上長谷(厚木市)",
        "毛利台南入口",
        "聖木",
        "大上(厚木市)",
        "愛甲原住宅",
        "上愛甲",
        "愛甲橋",
        "堂山",
        "宮前(厚木市)",
        "愛甲石田駅"
    ],
    "weekday": [
        "7:12",
        "7:37",
        "8:32",
        "9:52",
        "10:47",
        "12:07",
        "13:37",
        "15:07",
        "16:27",
        "17:47"
    ],
    "saturday": [
        "8:34",
        "9:47",
        "10:42",
        "11:52",
        "13:32",
        "14:42",
        "15:52"
    ],
    "holiday": [
        "8:34",
        "9:47",
        "10:42",
        "11:52",
        "13:32",
        "14:42",
        "15:52"
    ],
    "url": "https://www.kanachu.co.jp/dia/diagram/timetable01_js/course:0000803370-4/node:00128455/kt:0/lname:/"
}
