{
    "date": "2025/11/16",
    "name": "馬場リハビリ入口",
    "position": "-",
    "system": "愛11",
    "destinations": [
        "日向川",
        "玉川公民館前",
        "玉川農協前",
        "中屋橋",
        "小野橋(厚木市)",
        "小野宮前",
        "愛名入口",
        "上長谷(厚木市)",
        "毛利台南入口",
        "聖木",
        "大上(厚木市)",
        "愛甲原住宅",
        "上愛甲",
        "愛甲橋",
        "堂山",
        "宮前(厚木市)",
        "愛甲石田駅"
    ],
    "weekday": [
        "7:15",
        "7:40",
        "8:35",
        "9:55",
        "10:50",
        "12:10",
        "13:40",
        "15:10",
        "16:30",
        "17:50"
    ],
    "saturday": [
        "8:37",
        "9:50",
        "10:45",
        "11:55",
        "13:35",
        "14:45",
        "15:55"
    ],
    "holiday": [
        "8:37",
        "9:50",
        "10:45",
        "11:55",
        "13:35",
        "14:45",
        "15:55"
    ],
    "url": "https://www.kanachu.co.jp/dia/diagram/timetable01_js/course:0000803370-6/node:00128455/kt:0/lname:/"
}
