{
    "date": "2025/11/16",
    "name": "日向川",
    "position": "-",
    "system": "愛11",
    "destinations": [
        "玉川公民館前",
        "玉川農協前",
        "中屋橋",
        "小野橋(厚木市)",
        "小野宮前",
        "愛名入口",
        "上長谷(厚木市)",
        "毛利台南入口",
        "聖木",
        "大上(厚木市)",
        "愛甲原住宅",
        "上愛甲",
        "愛甲橋",
        "堂山",
        "宮前(厚木市)",
        "愛甲石田駅"
    ],
    "weekday": [
        "7:16",
        "7:41",
        "8:36",
        "9:56",
        "10:51",
        "12:11",
        "13:41",
        "15:11",
        "16:31",
        "17:51"
    ],
    "saturday": [
        "8:38",
        "9:51",
        "10:46",
        "11:56",
        "13:36",
        "14:46",
        "15:56"
    ],
    "holiday": [
        "8:38",
        "9:51",
        "10:46",
        "11:56",
        "13:36",
        "14:46",
        "15:56"
    ],
    "url": "https://www.kanachu.co.jp/dia/diagram/timetable01_js/course:0000803370-7/node:00128454/kt:0/lname:/"
}
