{
    "date": "2025/11/16",
    "name": "中屋橋",
    "position": "-",
    "system": "愛11",
    "destinations": [
        "小野橋(厚木市)",
        "小野宮前",
        "愛名入口",
        "上長谷(厚木市)",
        "毛利台南入口",
        "聖木",
        "大上(厚木市)",
        "愛甲原住宅",
        "上愛甲",
        "愛甲橋",
        "堂山",
        "宮前(厚木市)",
        "愛甲石田駅"
    ],
    "weekday": [
        "7:18",
        "7:43",
        "8:38",
        "9:58",
        "10:53",
        "12:13",
        "13:43",
        "15:13",
        "16:33",
        "17:53"
    ],
    "saturday": [
        "8:40",
        "9:53",
        "10:48",
        "11:58",
        "13:38",
        "14:48",
        "15:58"
    ],
    "holiday": [
        "8:40",
        "9:53",
        "10:48",
        "11:58",
        "13:38",
        "14:48",
        "15:58"
    ],
    "url": "https://www.kanachu.co.jp/dia/diagram/timetable01_js/course:0000803370-10/node:00128451/kt:0/lname:/"
}
