{
    "date": "2025/11/16",
    "name": "愛名入口",
    "position": "-",
    "system": "愛11",
    "destinations": [
        "上長谷(厚木市)",
        "毛利台南入口",
        "聖木",
        "大上(厚木市)",
        "愛甲原住宅",
        "上愛甲",
        "愛甲橋",
        "堂山",
        "宮前(厚木市)",
        "愛甲石田駅"
    ],
    "weekday": [
        "7:21",
        "7:46",
        "8:41",
        "10:00",
        "10:55",
        "12:15",
        "13:45",
        "15:15",
        "16:36",
        "17:56"
    ],
    "saturday": [
        "8:43",
        "9:56",
        "10:51",
        "12:01",
        "13:41",
        "14:51",
        "16:01"
    ],
    "holiday": [
        "8:43",
        "9:56",
        "10:51",
        "12:01",
        "13:41",
        "14:51",
        "16:01"
    ],
    "url": "https://www.kanachu.co.jp/dia/diagram/timetable01_js/course:0000803370-13/node:00128448/kt:0/lname:/"
}
