{
    "date": "2025/11/16",
    "name": "大上(厚木市)",
    "position": "-",
    "system": "愛11",
    "destinations": [
        "愛甲原住宅",
        "上愛甲",
        "愛甲橋",
        "堂山",
        "宮前(厚木市)",
        "愛甲石田駅"
    ],
    "weekday": [
        "7:25",
        "7:50",
        "8:45",
        "10:04",
        "10:59",
        "12:19",
        "13:49",
        "15:19",
        "16:40",
        "18:00"
    ],
    "saturday": [
        "8:47",
        "10:00",
        "10:55",
        "12:05",
        "13:45",
        "14:55",
        "16:05"
    ],
    "holiday": [
        "8:47",
        "10:00",
        "10:55",
        "12:05",
        "13:45",
        "14:55",
        "16:05"
    ],
    "url": "https://www.kanachu.co.jp/dia/diagram/timetable01_js/course:0000803370-17/node:00128525/kt:0/lname:/"
}
