{
    "date": "2025/11/16",
    "name": "愛甲橋",
    "position": "-",
    "system": "愛11",
    "destinations": [
        "堂山",
        "宮前(厚木市)",
        "愛甲石田駅"
    ],
    "weekday": [
        "7:29",
        "7:54",
        "8:49",
        "10:08",
        "11:03",
        "12:23",
        "13:53",
        "15:23",
        "16:44",
        "18:04"
    ],
    "saturday": [
        "8:51",
        "10:04",
        "10:59",
        "12:09",
        "13:49",
        "14:59",
        "16:09"
    ],
    "holiday": [
        "8:51",
        "10:04",
        "10:59",
        "12:09",
        "13:49",
        "14:59",
        "16:09"
    ],
    "url": "https://www.kanachu.co.jp/dia/diagram/timetable01_js/course:0000803370-20/node:00128528/kt:0/lname:/"
}
