{
    "date": "2026/01/16",
    "name": "若葉台中央(横浜市旭区)",
    "position": "-",
    "system": "峰02",
    "destinations": [
        "若葉台車庫前",
        "霧が丘高校前",
        "若葉台中学校前",
        "若葉台近隣公園前",
        "若葉台南",
        "大貫橋",
        "上川井町",
        "長源寺前(横浜市旭区)",
        "宮の下(横浜市旭区)",
        "福泉寺前(横浜市旭区)",
        "川井宿",
        "下宿(横浜市旭区)",
        "都岡町",
        "農協前(横浜市旭区)",
        "筑池",
        "今宿(横浜市旭区)",
        "今宿小学校入口",
        "鶴ヶ峰中学校前",
        "薬王寺入口",
        "鶴ヶ峰本町",
        "鶴ヶ峰駅"
    ],
    "weekday": [
        "6:40",
        "8:07",
        "10:09",
        "12:09",
        "14:19",
        "16:18",
        "18:17",
        "20:11"
    ],
    "saturday": [
        "8:06",
        "9:47",
        "11:41",
        "13:40",
        "15:40",
        "17:42",
        "19:48"
    ],
    "holiday": [
        "9:45",
        "11:41",
        "13:42",
        "15:41",
        "17:42",
        "19:44"
    ],
    "url": "https://www.kanachu.co.jp/dia/diagram/timetable01_js/course:0000804025-10/node:00019296/kt:0/lname:/"
}
