{
    "date": "2026/01/16",
    "name": "今宿小学校入口",
    "position": "-",
    "system": "峰02",
    "destinations": [
        "鶴ヶ峰中学校前",
        "薬王寺入口",
        "鶴ヶ峰本町",
        "鶴ヶ峰駅"
    ],
    "weekday": [
        "6:58",
        "8:25",
        "10:27",
        "12:27",
        "14:37",
        "16:36",
        "18:35",
        "20:29"
    ],
    "saturday": [
        "8:24",
        "10:05",
        "11:59",
        "13:58",
        "15:58",
        "18:00",
        "20:06"
    ],
    "holiday": [
        "10:03",
        "11:59",
        "14:00",
        "15:59",
        "18:00",
        "20:02"
    ],
    "url": "https://www.kanachu.co.jp/dia/diagram/timetable01_js/course:0000804025-27/node:00129717/kt:0/lname:/"
}
