{
    "date": "2026/01/16",
    "name": "吉岡芝原",
    "position": "-",
    "system": "辻33",
    "destinations": [
        "山根(綾瀬市)",
        "女坂",
        "松葉(藤沢市)",
        "用田神社入口",
        "用田辻",
        "用田(藤沢市)",
        "御所見小学校前",
        "古里団地",
        "坂口(藤沢市)",
        "榎戸(藤沢市)",
        "荒井(藤沢市)",
        "堂の前(藤沢市)",
        "根下(藤沢市)",
        "矢崎(藤沢市)",
        "刈込(藤沢市)",
        "宝泉寺(藤沢市)",
        "遠藤松原",
        "矢尻(藤沢市)",
        "南原(藤沢市)",
        "湘南ライフタウン",
        "滝の沢不動前",
        "滝の沢(藤沢市)",
        "駒寄",
        "二番構保健医療センター",
        "ライフタウン中央(藤沢市)",
        "大庭小学校",
        "小糸",
        "城下(藤沢市)",
        "舟地蔵",
        "大六天(藤沢市)",
        "城(藤沢市)",
        "南山(藤沢市)",
        "羽鳥山",
        "羽鳥郵便局前",
        "神台公園前",
        "辻堂駅北口"
    ],
    "weekday": [
        "7:27",
        "9:57",
        "15:57"
    ],
    "saturday": [
        "7:57",
        "9:57",
        "15:57"
    ],
    "holiday": [
        "7:57",
        "9:57",
        "15:57"
    ],
    "url": "https://www.kanachu.co.jp/dia/diagram/timetable01_js/course:0000804072-2/node:00129844/kt:0/lname:/"
}
