{
    "date": "2026/01/16",
    "name": "滝の沢(藤沢市)",
    "position": "-",
    "system": "辻33",
    "destinations": [
        "駒寄",
        "二番構保健医療センター",
        "ライフタウン中央(藤沢市)",
        "大庭小学校",
        "小糸",
        "城下(藤沢市)",
        "舟地蔵",
        "大六天(藤沢市)",
        "城(藤沢市)",
        "南山(藤沢市)",
        "羽鳥山",
        "羽鳥郵便局前",
        "神台公園前",
        "辻堂駅北口"
    ],
    "weekday": [
        "7:53",
        "10:23",
        "16:23"
    ],
    "saturday": [
        "8:23",
        "10:23",
        "16:23"
    ],
    "holiday": [
        "8:23",
        "10:23",
        "16:23"
    ],
    "url": "https://www.kanachu.co.jp/dia/diagram/timetable01_js/course:0000804072-24/node:00129946/kt:0/lname:/"
}
