{
    "date": "2026/01/16",
    "name": "大庭小学校",
    "position": "-",
    "system": "辻33",
    "destinations": [
        "小糸",
        "城下(藤沢市)",
        "舟地蔵",
        "大六天(藤沢市)",
        "城(藤沢市)",
        "南山(藤沢市)",
        "羽鳥山",
        "羽鳥郵便局前",
        "神台公園前",
        "辻堂駅北口"
    ],
    "weekday": [
        "7:57",
        "10:27",
        "16:27"
    ],
    "saturday": [
        "8:27",
        "10:27",
        "16:27"
    ],
    "holiday": [
        "8:27",
        "10:27",
        "16:27"
    ],
    "url": "https://www.kanachu.co.jp/dia/diagram/timetable01_js/course:0000804072-28/node:00129942/kt:0/lname:/"
}
