{
    "date": "2026/01/16",
    "name": "舟地蔵",
    "position": "-",
    "system": "辻33",
    "destinations": [
        "大六天(藤沢市)",
        "城(藤沢市)",
        "南山(藤沢市)",
        "羽鳥山",
        "羽鳥郵便局前",
        "神台公園前",
        "辻堂駅北口"
    ],
    "weekday": [
        "8:00",
        "10:30",
        "16:30"
    ],
    "saturday": [
        "8:30",
        "10:30",
        "16:30"
    ],
    "holiday": [
        "8:30",
        "10:30",
        "16:30"
    ],
    "url": "https://www.kanachu.co.jp/dia/diagram/timetable01_js/course:0000804072-31/node:00127057/kt:0/lname:/"
}
