{
    "date": "2026/01/16",
    "name": "羽鳥山",
    "position": "-",
    "system": "辻33",
    "destinations": [
        "羽鳥郵便局前",
        "神台公園前",
        "辻堂駅北口"
    ],
    "weekday": [
        "8:04",
        "10:34",
        "16:34"
    ],
    "saturday": [
        "8:34",
        "10:34",
        "16:34"
    ],
    "holiday": [
        "8:34",
        "10:34",
        "16:34"
    ],
    "url": "https://www.kanachu.co.jp/dia/diagram/timetable01_js/course:0000804072-35/node:00129967/kt:0/lname:/"
}
