{
    "date": "2025/08/04",
    "name": "大山団地入口",
    "position": "-",
    "system": "相32",
    "destinations": [
        "橋本十字路",
        "緑ヶ丘(相模原市緑区)",
        "金属工業団地(相模原市緑区)",
        "峡の原",
        "峡の原車庫",
        "相模原協同病院"
    ],
    "weekday": [
        "7:16",
        "7:51",
        "8:11",
        "8:31",
        "8:51",
        "9:41",
        "10:16",
        "10:46"
    ],
    "saturday": [
        "7:41",
        "8:06",
        "9:01",
        "9:31",
        "10:31",
        "10:51"
    ],
    "holiday": [
        "7:41"
    ],
    "url": "https://www.kanachu.co.jp/dia/diagram/timetable01_js/course:0000802998-5/node:00129092/kt:0/lname:/"
}
