{
    "date": "2025/07/12",
    "name": "ヤクルト前",
    "position": "-",
    "system": "藤01",
    "destinations": [
        "神明町(藤沢市)",
        "日本精工前",
        "一本松(藤沢市)",
        "三富士町",
        "藤沢駅北口"
    ],
    "weekday": [
        "5:43",
        "5:53",
        "6:03",
        "6:18",
        "6:33",
        "6:43",
        "6:53",
        "7:02",
        "7:13",
        "7:23",
        "7:31",
        "7:43",
        "7:53",
        "8:03",
        "8:23",
        "8:33",
        "8:48",
        "9:03",
        "9:18",
        "9:33",
        "9:48",
        "10:03",
        "10:13",
        "10:23",
        "10:33",
        "10:42",
        "10:53",
        "11:03",
        "11:13",
        "11:23",
        "11:33",
        "11:43",
        "11:53",
        "12:02",
        "12:13",
        "12:23",
        "12:33",
        "12:43",
        "12:53",
        "13:03",
        "13:13",
        "13:23",
        "13:33",
        "13:43",
        "13:53",
        "14:03",
        "14:18",
        "14:33",
        "14:48",
        "15:03",
        "15:15",
        "15:27",
        "15:39",
        "15:51",
        "16:03",
        "16:15",
        "16:28",
        "16:39",
        "16:51",
        "17:03",
        "17:13",
        "17:23",
        "17:33",
        "17:43",
        "17:53",
        "18:03",
        "18:08",
        "18:18",
        "18:33",
        "18:43",
        "18:53",
        "19:03",
        "19:13",
        "19:28",
        "19:43",
        "19:53",
        "20:03",
        "20:18",
        "20:33",
        "20:48",
        "21:03",
        "21:18",
        "21:42",
        "22:43"
    ],
    "saturday": [
        "5:51",
        "6:28",
        "6:48",
        "7:03",
        "7:28",
        "7:48",
        "8:08",
        "8:28",
        "8:48",
        "9:08",
        "9:23",
        "9:38",
        "9:53",
        "10:08",
        "10:23",
        "10:38",
        "10:53",
        "11:03",
        "11:13",
        "11:23",
        "11:33",
        "11:43",
        "11:53",
        "12:03",
        "12:15",
        "12:27",
        "12:39",
        "12:51",
        "13:03",
        "13:13",
        "13:23",
        "13:33",
        "13:43",
        "13:53",
        "14:03",
        "14:15",
        "14:27",
        "14:39",
        "14:51",
        "15:03",
        "15:15",
        "15:27",
        "15:39",
        "15:51",
        "16:03",
        "16:15",
        "16:27",
        "16:39",
        "16:51",
        "17:03",
        "17:13",
        "17:23",
        "17:33",
        "17:43",
        "17:53",
        "18:03",
        "18:15",
        "18:27",
        "18:39",
        "18:51",
        "19:03",
        "19:33",
        "20:03",
        "20:33",
        "21:03",
        "21:33",
        "22:13"
    ],
    "holiday": [
        "5:51",
        "6:28",
        "6:48",
        "7:03",
        "7:28",
        "7:48",
        "8:08",
        "8:28",
        "8:48",
        "9:08",
        "9:23",
        "9:38",
        "9:53",
        "10:08",
        "10:23",
        "10:38",
        "10:53",
        "11:03",
        "11:13",
        "11:23",
        "11:33",
        "11:43",
        "11:53",
        "12:03",
        "12:15",
        "12:27",
        "12:39",
        "12:51",
        "13:03",
        "13:13",
        "13:23",
        "13:33",
        "13:43",
        "13:53",
        "14:03",
        "14:15",
        "14:27",
        "14:39",
        "14:51",
        "15:03",
        "15:15",
        "15:27",
        "15:39",
        "15:51",
        "16:03",
        "16:15",
        "16:27",
        "16:39",
        "16:51",
        "17:03",
        "17:13",
        "17:23",
        "17:33",
        "17:43",
        "17:53",
        "18:03",
        "18:15",
        "18:27",
        "18:39",
        "18:51",
        "19:03",
        "19:33",
        "20:03",
        "20:33",
        "21:03",
        "21:33",
        "22:13"
    ],
    "url": "https://www.kanachu.co.jp/dia/diagram/timetable01_js/course:0000800220-3/node:00127046/kt:0/lname:/"
}
