{
    "date": "2025/04/01",
    "name": "総合公園(平塚市)",
    "position": "-",
    "system": "平61",
    "destinations": [
        "美術館入口(平塚市)",
        "江陽中学校前(平塚市)",
        "崇善小学校前",
        "明石町(平塚市)",
        "明石町一丁目",
        "四ツ角(平塚市)",
        "平塚駅北口"
    ],
    "weekday": [
        "17:46",
        "22:16"
    ],
    "saturday": [],
    "holiday": [],
    "url": "https://www.kanachu.co.jp/dia/diagram/timetable01_js/course:0000802524-20/node:00127600/kt:0/lname:/"
}
