{
    "date": "2026/01/16",
    "name": "下九沢団地",
    "position": "-",
    "system": "橋58",
    "destinations": [
        "下九沢団地入口",
        "あじさい通り中央",
        "宮の上(相模原市)",
        "塚場坂上",
        "南町(相模原市緑区)",
        "旭中学校(相模原市緑区)",
        "橋本二丁目",
        "橋本駅南口"
    ],
    "weekday": [
        "6:05",
        "6:40",
        "7:05",
        "7:35",
        "8:35",
        "9:35",
        "10:35",
        "11:35",
        "12:35",
        "13:35",
        "14:35",
        "15:35",
        "16:35",
        "17:35",
        "18:35",
        "19:35"
    ],
    "saturday": [
        "7:25",
        "8:25",
        "9:30",
        "10:30",
        "11:30",
        "12:30",
        "13:30",
        "14:30",
        "15:30",
        "16:30",
        "17:30",
        "18:20",
        "19:30"
    ],
    "holiday": [
        "7:25",
        "8:25",
        "9:30",
        "10:30",
        "11:30",
        "12:30",
        "13:30",
        "14:30",
        "15:30",
        "16:30",
        "17:30",
        "18:20",
        "19:30"
    ],
    "url": "https://www.kanachu.co.jp/dia/diagram/timetable01_js/course:0000804248-1/node:00129162/kt:0/lname:/"
}
