{
    "system": "茅37",
    "busstops": [
        {
            "index": "1",
            "id": "00127260",
            "name": "浜見平団地",
            "lat": "35.322038",
            "lng": "139.383646"
        },
        {
            "index": "2",
            "id": "00127256",
            "name": "団地中央(茅ケ崎市)",
            "lat": "35.322094",
            "lng": "139.388355"
        },
        {
            "index": "3",
            "id": "00127255",
            "name": "西浜高校前",
            "lat": "35.317901",
            "lng": "139.386954"
        },
        {
            "index": "4",
            "id": "00127254",
            "name": "南湖入口",
            "lat": "35.317132",
            "lng": "139.387299"
        },
        {
            "index": "5",
            "id": "00127251",
            "name": "西浜(茅ケ崎市)",
            "lat": "35.318237",
            "lng": "139.396545"
        },
        {
            "index": "6",
            "id": "00127250",
            "name": "海水浴場前(茅ケ崎市)",
            "lat": "35.31852",
            "lng": "139.398028"
        },
        {
            "index": "7",
            "id": "00127249",
            "name": "市営プール前(茅ケ崎市)",
            "lat": "35.318757",
            "lng": "139.401696"
        },
        {
            "index": "8",
            "id": "00127248",
            "name": "茅ヶ崎公園野球場",
            "lat": "35.318818",
            "lng": "139.404182"
        },
        {
            "index": "9",
            "id": "00127245",
            "name": "茅ヶ崎駅入口",
            "lat": "35.319287",
            "lng": "139.408161"
        },
        {
            "index": "10",
            "id": "00127244",
            "name": "東海岸南三丁目",
            "lat": "35.320302",
            "lng": "139.40818"
        },
        {
            "index": "11",
            "id": "00127243",
            "name": "東海岸",
            "lat": "35.32337",
            "lng": "139.408247"
        },
        {
            "index": "12",
            "id": "00127221",
            "name": "会館前(茅ケ崎市)",
            "lat": "35.324544",
            "lng": "139.408226"
        },
        {
            "index": "13",
            "id": "00127220",
            "name": "幸町(茅ケ崎市)",
            "lat": "35.32859",
            "lng": "139.40744"
        },
        {
            "index": "14",
            "id": "00127219",
            "name": "茅ヶ崎駅南口",
            "lat": "35.329954",
            "lng": "139.406796"
        }
    ],
    "route_url": "https://www.kanachu.co.jp/dia/route/index/cid:0000800697/"
}
