{
    "date": "2025/04/01",
    "name": "森野五丁目",
    "position": "-",
    "system": "町15",
    "destinations": [
        "森野六丁目",
        "桧台入口",
        "木曽都営入口",
        "境川団地入口",
        "境川団地中央",
        "境川団地",
        "上横町",
        "木曽入口",
        "山崎団地入口",
        "山崎団地センター",
        "給水塔前(山崎団地/町田市)",
        "北一号(町田市)",
        "北二号(町田市)",
        "山崎団地"
    ],
    "weekday": [
        "13:20",
        "14:20",
        "15:20",
        "16:20",
        "17:06",
        "17:39",
        "18:12",
        "18:37",
        "19:09",
        "19:40",
        "20:27",
        "20:47"
    ],
    "saturday": [
        "9:09",
        "10:07",
        "11:17",
        "12:19",
        "12:43",
        "13:19",
        "13:43",
        "14:09",
        "15:09",
        "16:19",
        "17:19",
        "17:48",
        "18:19",
        "18:39",
        "19:09",
        "19:45",
        "20:09",
        "20:39"
    ],
    "holiday": [
        "9:17",
        "10:17",
        "11:17",
        "12:17",
        "12:41",
        "13:17",
        "13:41",
        "14:17",
        "15:17",
        "16:17",
        "17:09",
        "17:45",
        "18:09",
        "18:44",
        "19:09",
        "19:39",
        "20:29"
    ],
    "url": "https://www.kanachu.co.jp/dia/diagram/timetable01_js/course:0000800294-5/node:00129376/kt:0/lname:/"
}
