{
    "date": "2025/04/01",
    "name": "給水塔前(山崎団地/町田市)",
    "position": "-",
    "system": "町15",
    "destinations": [
        "北一号(町田市)",
        "北二号(町田市)",
        "山崎団地"
    ],
    "weekday": [
        "13:33",
        "14:33",
        "15:34",
        "16:34",
        "17:20",
        "17:53",
        "18:26",
        "18:51",
        "19:20",
        "19:51",
        "20:38",
        "20:58"
    ],
    "saturday": [
        "9:20",
        "10:18",
        "11:31",
        "12:33",
        "12:57",
        "13:33",
        "13:57",
        "14:23",
        "15:23",
        "16:33",
        "17:33",
        "18:02",
        "18:33",
        "18:53",
        "19:23",
        "19:56",
        "20:20",
        "20:50"
    ],
    "holiday": [
        "9:28",
        "10:28",
        "11:30",
        "12:30",
        "12:54",
        "13:30",
        "13:54",
        "14:30",
        "15:30",
        "16:31",
        "17:23",
        "17:59",
        "18:23",
        "18:58",
        "19:20",
        "19:50",
        "20:40"
    ],
    "url": "https://www.kanachu.co.jp/dia/diagram/timetable01_js/course:0000800294-16/node:00129389/kt:0/lname:/"
}
