{
    "date": "2026/01/16",
    "name": "三増",
    "position": "-",
    "system": "厚60",
    "destinations": [
        "三増下宿",
        "愛川ハイテク団地入口",
        "高峰小学校前",
        "愛川高校前",
        "箕輪辻",
        "愛川町役場",
        "箕輪(愛甲郡愛川町)",
        "東中学校前(愛甲郡愛川町)",
        "中津(愛甲郡愛川町)",
        "局前(愛甲郡愛川町)",
        "一本松(愛甲郡愛川町)",
        "運輸支局入口(愛甲郡愛川町)",
        "桜台(愛甲郡愛川町)",
        "坂本入口",
        "六本松(厚木市)",
        "中荻原",
        "中平(厚木市)",
        "依知小学校前",
        "関口(厚木市)",
        "蓮生寺(厚木市)",
        "追分(厚木市)",
        "下依知入口",
        "金田神社前",
        "金田(厚木市)",
        "金田下宿",
        "積水ソフランウイズ前",
        "鮎津橋",
        "元町(厚木市)",
        "小田急通り",
        "厚木バスセンター"
    ],
    "weekday": [
        "6:04",
        "6:31",
        "7:21",
        "7:51",
        "8:21",
        "8:51",
        "9:21",
        "9:51",
        "10:16",
        "10:46",
        "11:16",
        "11:46",
        "12:16",
        "12:46",
        "13:16",
        "13:46",
        "14:16",
        "14:46",
        "15:16",
        "15:46",
        "16:16",
        "16:41",
        "17:01",
        "17:21",
        "18:21",
        "19:26"
    ],
    "saturday": [
        "6:34",
        "7:10",
        "7:46",
        "8:10",
        "8:46",
        "9:10",
        "9:34",
        "10:09",
        "10:33",
        "11:15",
        "12:00",
        "12:30",
        "13:15",
        "14:00",
        "14:30",
        "15:15",
        "16:00",
        "16:30",
        "17:15",
        "18:00",
        "19:18"
    ],
    "holiday": [
        "6:36",
        "7:40",
        "8:40",
        "9:40",
        "10:40",
        "11:40",
        "12:40",
        "13:40",
        "14:40",
        "15:40",
        "16:40",
        "17:40",
        "18:43"
    ],
    "url": "https://www.kanachu.co.jp/dia/diagram/timetable01_js/course:0000804182-3/node:00128332/kt:0/lname:/"
}
