{
    "date": "2026/01/16",
    "name": "愛川高校前",
    "position": "-",
    "system": "厚60",
    "destinations": [
        "箕輪辻",
        "愛川町役場",
        "箕輪(愛甲郡愛川町)",
        "東中学校前(愛甲郡愛川町)",
        "中津(愛甲郡愛川町)",
        "局前(愛甲郡愛川町)",
        "一本松(愛甲郡愛川町)",
        "運輸支局入口(愛甲郡愛川町)",
        "桜台(愛甲郡愛川町)",
        "坂本入口",
        "六本松(厚木市)",
        "中荻原",
        "中平(厚木市)",
        "依知小学校前",
        "関口(厚木市)",
        "蓮生寺(厚木市)",
        "追分(厚木市)",
        "下依知入口",
        "金田神社前",
        "金田(厚木市)",
        "金田下宿",
        "積水ソフランウイズ前",
        "鮎津橋",
        "元町(厚木市)",
        "小田急通り",
        "厚木バスセンター"
    ],
    "weekday": [
        "6:07",
        "6:34",
        "7:24",
        "7:54",
        "8:24",
        "8:54",
        "9:24",
        "9:54",
        "10:19",
        "10:49",
        "11:19",
        "11:49",
        "12:19",
        "12:49",
        "13:19",
        "13:49",
        "14:19",
        "14:49",
        "15:19",
        "15:49",
        "16:19",
        "16:44",
        "17:04",
        "17:24",
        "18:24",
        "19:29"
    ],
    "saturday": [
        "6:37",
        "7:13",
        "7:49",
        "8:13",
        "8:49",
        "9:13",
        "9:37",
        "10:12",
        "10:36",
        "11:18",
        "12:03",
        "12:33",
        "13:18",
        "14:03",
        "14:33",
        "15:18",
        "16:03",
        "16:33",
        "17:18",
        "18:03",
        "19:21"
    ],
    "holiday": [
        "6:39",
        "7:43",
        "8:43",
        "9:43",
        "10:43",
        "11:43",
        "12:43",
        "13:43",
        "14:43",
        "15:43",
        "16:43",
        "17:43",
        "18:46"
    ],
    "url": "https://www.kanachu.co.jp/dia/diagram/timetable01_js/course:0000804182-7/node:00128329/kt:0/lname:/"
}
