{
    "date": "2026/01/16",
    "name": "局前(愛甲郡愛川町)",
    "position": "-",
    "system": "厚60",
    "destinations": [
        "一本松(愛甲郡愛川町)",
        "運輸支局入口(愛甲郡愛川町)",
        "桜台(愛甲郡愛川町)",
        "坂本入口",
        "六本松(厚木市)",
        "中荻原",
        "中平(厚木市)",
        "依知小学校前",
        "関口(厚木市)",
        "蓮生寺(厚木市)",
        "追分(厚木市)",
        "下依知入口",
        "金田神社前",
        "金田(厚木市)",
        "金田下宿",
        "積水ソフランウイズ前",
        "鮎津橋",
        "元町(厚木市)",
        "小田急通り",
        "厚木バスセンター"
    ],
    "weekday": [
        "6:12",
        "6:39",
        "7:29",
        "7:59",
        "8:29",
        "8:59",
        "9:29",
        "9:59",
        "10:24",
        "10:54",
        "11:24",
        "11:54",
        "12:24",
        "12:54",
        "13:24",
        "13:54",
        "14:24",
        "14:54",
        "15:24",
        "15:54",
        "16:24",
        "16:49",
        "17:10",
        "17:30",
        "18:30",
        "19:34"
    ],
    "saturday": [
        "6:42",
        "7:18",
        "7:54",
        "8:18",
        "8:54",
        "9:18",
        "9:42",
        "10:18",
        "10:42",
        "11:24",
        "12:09",
        "12:39",
        "13:24",
        "14:09",
        "14:39",
        "15:24",
        "16:09",
        "16:39",
        "17:24",
        "18:09",
        "19:26"
    ],
    "holiday": [
        "6:44",
        "7:49",
        "8:49",
        "9:49",
        "10:49",
        "11:49",
        "12:49",
        "13:49",
        "14:49",
        "15:49",
        "16:49",
        "17:49",
        "18:51"
    ],
    "url": "https://www.kanachu.co.jp/dia/diagram/timetable01_js/course:0000804182-13/node:00128323/kt:0/lname:/"
}
