{
    "date": "2026/01/16",
    "name": "桜台(愛甲郡愛川町)",
    "position": "-",
    "system": "厚60",
    "destinations": [
        "坂本入口",
        "六本松(厚木市)",
        "中荻原",
        "中平(厚木市)",
        "依知小学校前",
        "関口(厚木市)",
        "蓮生寺(厚木市)",
        "追分(厚木市)",
        "下依知入口",
        "金田神社前",
        "金田(厚木市)",
        "金田下宿",
        "積水ソフランウイズ前",
        "鮎津橋",
        "元町(厚木市)",
        "小田急通り",
        "厚木バスセンター"
    ],
    "weekday": [
        "6:16",
        "6:43",
        "7:33",
        "8:03",
        "8:33",
        "9:03",
        "9:33",
        "10:03",
        "10:28",
        "10:58",
        "11:28",
        "11:58",
        "12:28",
        "12:58",
        "13:28",
        "13:58",
        "14:28",
        "14:58",
        "15:28",
        "15:58",
        "16:28",
        "16:53",
        "17:14",
        "17:34",
        "18:34",
        "19:38"
    ],
    "saturday": [
        "6:46",
        "7:22",
        "7:58",
        "8:22",
        "8:58",
        "9:22",
        "9:46",
        "10:22",
        "10:46",
        "11:28",
        "12:13",
        "12:43",
        "13:28",
        "14:13",
        "14:43",
        "15:28",
        "16:13",
        "16:43",
        "17:28",
        "18:13",
        "19:30"
    ],
    "holiday": [
        "6:48",
        "7:53",
        "8:53",
        "9:53",
        "10:53",
        "11:53",
        "12:53",
        "13:53",
        "14:53",
        "15:53",
        "16:53",
        "17:53",
        "18:55"
    ],
    "url": "https://www.kanachu.co.jp/dia/diagram/timetable01_js/course:0000804182-16/node:00128320/kt:0/lname:/"
}
