{
    "date": "2026/01/16",
    "name": "六本松(厚木市)",
    "position": "-",
    "system": "厚60",
    "destinations": [
        "中荻原",
        "中平(厚木市)",
        "依知小学校前",
        "関口(厚木市)",
        "蓮生寺(厚木市)",
        "追分(厚木市)",
        "下依知入口",
        "金田神社前",
        "金田(厚木市)",
        "金田下宿",
        "積水ソフランウイズ前",
        "鮎津橋",
        "元町(厚木市)",
        "小田急通り",
        "厚木バスセンター"
    ],
    "weekday": [
        "6:19",
        "6:46",
        "7:37",
        "8:07",
        "8:37",
        "9:06",
        "9:36",
        "10:06",
        "10:31",
        "11:01",
        "11:31",
        "12:01",
        "12:31",
        "13:01",
        "13:31",
        "14:01",
        "14:31",
        "15:01",
        "15:31",
        "16:01",
        "16:31",
        "16:56",
        "17:18",
        "17:38",
        "18:38",
        "19:40"
    ],
    "saturday": [
        "6:49",
        "7:25",
        "8:01",
        "8:25",
        "9:01",
        "9:25",
        "9:49",
        "10:25",
        "10:49",
        "11:31",
        "12:16",
        "12:46",
        "13:31",
        "14:16",
        "14:46",
        "15:31",
        "16:16",
        "16:46",
        "17:31",
        "18:16",
        "19:32"
    ],
    "holiday": [
        "6:51",
        "7:56",
        "8:56",
        "9:56",
        "10:56",
        "11:56",
        "12:56",
        "13:56",
        "14:56",
        "15:56",
        "16:56",
        "17:56",
        "18:57"
    ],
    "url": "https://www.kanachu.co.jp/dia/diagram/timetable01_js/course:0000804182-18/node:00128363/kt:0/lname:/"
}
