{
    "date": "2026/01/16",
    "name": "関口(厚木市)",
    "position": "-",
    "system": "厚60",
    "destinations": [
        "蓮生寺(厚木市)",
        "追分(厚木市)",
        "下依知入口",
        "金田神社前",
        "金田(厚木市)",
        "金田下宿",
        "積水ソフランウイズ前",
        "鮎津橋",
        "元町(厚木市)",
        "小田急通り",
        "厚木バスセンター"
    ],
    "weekday": [
        "6:26",
        "6:53",
        "7:47",
        "8:17",
        "8:47",
        "9:15",
        "9:45",
        "10:15",
        "10:40",
        "11:10",
        "11:40",
        "12:10",
        "12:40",
        "13:10",
        "13:40",
        "14:10",
        "14:40",
        "15:10",
        "15:40",
        "16:10",
        "16:40",
        "17:06",
        "17:29",
        "17:49",
        "18:49",
        "19:48"
    ],
    "saturday": [
        "6:56",
        "7:32",
        "8:08",
        "8:32",
        "9:08",
        "9:32",
        "9:56",
        "10:32",
        "10:56",
        "11:38",
        "12:23",
        "12:53",
        "13:38",
        "14:23",
        "14:53",
        "15:38",
        "16:23",
        "16:53",
        "17:38",
        "18:23",
        "19:38"
    ],
    "holiday": [
        "6:57",
        "8:03",
        "9:03",
        "10:03",
        "11:03",
        "12:03",
        "13:03",
        "14:03",
        "15:03",
        "16:03",
        "17:03",
        "18:03",
        "19:03"
    ],
    "url": "https://www.kanachu.co.jp/dia/diagram/timetable01_js/course:0000804182-22/node:00128352/kt:0/lname:/"
}
