{
    "date": "2026/01/16",
    "name": "元町(厚木市)",
    "position": "-",
    "system": "厚60",
    "destinations": [
        "小田急通り",
        "厚木バスセンター"
    ],
    "weekday": [
        "6:38",
        "7:06",
        "8:04",
        "8:34",
        "9:04",
        "9:29",
        "9:59",
        "10:29",
        "10:54",
        "11:24",
        "11:54",
        "12:24",
        "12:54",
        "13:24",
        "13:54",
        "14:24",
        "14:54",
        "15:24",
        "15:54",
        "16:24",
        "16:54",
        "17:20",
        "17:43",
        "18:03",
        "19:02",
        "19:58"
    ],
    "saturday": [
        "7:07",
        "7:45",
        "8:21",
        "8:45",
        "9:21",
        "9:45",
        "10:09",
        "10:44",
        "11:08",
        "11:50",
        "12:35",
        "13:05",
        "13:50",
        "14:35",
        "15:05",
        "15:50",
        "16:35",
        "17:05",
        "17:50",
        "18:34",
        "19:48"
    ],
    "holiday": [
        "7:08",
        "8:14",
        "9:14",
        "10:14",
        "11:14",
        "12:14",
        "13:14",
        "14:14",
        "15:14",
        "16:14",
        "17:14",
        "18:14",
        "19:13"
    ],
    "url": "https://www.kanachu.co.jp/dia/diagram/timetable01_js/course:0000804182-31/node:00128343/kt:0/lname:/"
}
