{
    "date": "2024/07/08",
    "name": "金井入口",
    "position": "-",
    "system": "鶴33",
    "destinations": [
        "下大蔵",
        "鶴川市民センター入口",
        "大蔵(鶴川郵便局前/町田市)",
        "川島入口(町田市)",
        "綾部入口",
        "袋橋",
        "田中入口",
        "野津田車庫"
    ],
    "weekday": [
        "6:48",
        "7:12",
        "7:52",
        "8:52",
        "9:08",
        "9:52",
        "10:08",
        "10:52",
        "11:08",
        "11:52",
        "12:08",
        "12:52",
        "13:12",
        "13:58",
        "14:55",
        "15:25",
        "15:52",
        "16:08",
        "16:50",
        "17:08",
        "17:48",
        "18:08",
        "18:52",
        "19:06",
        "19:52",
        "20:14",
        "20:52",
        "21:12",
        "21:30",
        "21:48",
        "22:08",
        "22:28",
        "22:48"
    ],
    "saturday": [
        "7:08",
        "7:38",
        "8:08",
        "8:48",
        "9:08",
        "9:48",
        "10:08",
        "10:52",
        "11:08",
        "11:48",
        "12:08",
        "13:00",
        "14:01",
        "14:48",
        "15:10",
        "15:58",
        "17:00",
        "17:57",
        "18:48",
        "19:12",
        "19:48",
        "20:47",
        "21:17",
        "21:48"
    ],
    "holiday": [
        "7:08",
        "7:38",
        "8:08",
        "8:28",
        "8:48",
        "9:12",
        "9:48",
        "10:08",
        "10:52",
        "11:08",
        "11:48",
        "12:08",
        "13:00",
        "14:01",
        "14:48",
        "15:08",
        "15:58",
        "17:00",
        "17:57",
        "18:48",
        "19:12",
        "19:48",
        "20:17",
        "20:47",
        "21:17",
        "21:48"
    ],
    "url": "https://www.kanachu.co.jp/dia/diagram/timetable01_js/course:0000803452-3/node:00129438/kt:0/lname:/"
}
