{
    "date": "2024/07/08",
    "name": "鶴川市民センター入口",
    "position": "-",
    "system": "鶴33",
    "destinations": [
        "大蔵(鶴川郵便局前/町田市)",
        "川島入口(町田市)",
        "綾部入口",
        "袋橋",
        "田中入口",
        "野津田車庫"
    ],
    "weekday": [
        "6:50",
        "7:14",
        "7:54",
        "8:54",
        "9:10",
        "9:54",
        "10:10",
        "10:54",
        "11:10",
        "11:54",
        "12:10",
        "12:54",
        "13:14",
        "14:00",
        "14:57",
        "15:27",
        "15:54",
        "16:10",
        "16:52",
        "17:10",
        "17:50",
        "18:10",
        "18:54",
        "19:08",
        "19:54",
        "20:16",
        "20:54",
        "21:14",
        "21:32",
        "21:50",
        "22:10",
        "22:30",
        "22:50"
    ],
    "saturday": [
        "7:10",
        "7:40",
        "8:10",
        "8:50",
        "9:10",
        "9:50",
        "10:10",
        "10:54",
        "11:10",
        "11:50",
        "12:10",
        "13:02",
        "14:03",
        "14:50",
        "15:12",
        "16:00",
        "17:02",
        "17:59",
        "18:50",
        "19:14",
        "19:50",
        "20:49",
        "21:19",
        "21:50"
    ],
    "holiday": [
        "7:10",
        "7:40",
        "8:10",
        "8:30",
        "8:50",
        "9:14",
        "9:50",
        "10:10",
        "10:54",
        "11:10",
        "11:50",
        "12:10",
        "13:02",
        "14:03",
        "14:50",
        "15:10",
        "16:00",
        "17:02",
        "17:59",
        "18:50",
        "19:14",
        "19:50",
        "20:19",
        "20:49",
        "21:19",
        "21:50"
    ],
    "url": "https://www.kanachu.co.jp/dia/diagram/timetable01_js/course:0000803452-5/node:00129436/kt:0/lname:/"
}
