{
    "date": "2024/07/08",
    "name": "川島入口(町田市)",
    "position": "-",
    "system": "鶴33",
    "destinations": [
        "綾部入口",
        "袋橋",
        "田中入口",
        "野津田車庫"
    ],
    "weekday": [
        "6:53",
        "7:17",
        "7:57",
        "8:57",
        "9:12",
        "9:56",
        "10:12",
        "10:57",
        "11:13",
        "11:57",
        "12:13",
        "12:57",
        "13:17",
        "14:03",
        "15:00",
        "15:30",
        "15:57",
        "16:13",
        "16:55",
        "17:13",
        "17:53",
        "18:13",
        "18:57",
        "19:10",
        "19:56",
        "20:18",
        "20:56",
        "21:16",
        "21:34",
        "21:52",
        "22:12",
        "22:32",
        "22:52"
    ],
    "saturday": [
        "7:12",
        "7:42",
        "8:12",
        "8:52",
        "9:12",
        "9:52",
        "10:12",
        "10:56",
        "11:13",
        "11:53",
        "12:13",
        "13:05",
        "14:06",
        "14:53",
        "15:15",
        "16:03",
        "17:05",
        "18:02",
        "18:53",
        "19:16",
        "19:52",
        "20:51",
        "21:21",
        "21:52"
    ],
    "holiday": [
        "7:12",
        "7:42",
        "8:12",
        "8:32",
        "8:52",
        "9:16",
        "9:52",
        "10:12",
        "10:56",
        "11:13",
        "11:53",
        "12:13",
        "13:05",
        "14:06",
        "14:53",
        "15:13",
        "16:03",
        "17:05",
        "18:02",
        "18:52",
        "19:16",
        "19:52",
        "20:21",
        "20:51",
        "21:21",
        "21:52"
    ],
    "url": "https://www.kanachu.co.jp/dia/diagram/timetable01_js/course:0000803452-7/node:00129434/kt:0/lname:/"
}
