{
    "date": "2025/01/14",
    "name": "厚木西高校",
    "position": "-",
    "system": "厚44",
    "destinations": [
        "森の里センター",
        "通信研究所前(厚木市)",
        "日産先進技術開発センター前",
        "森の里青山",
        "高松山入口",
        "宮地(厚木市)",
        "やまゆり園前(厚木市)",
        "愛名入口",
        "上長谷(厚木市)",
        "観音坂",
        "清水(厚木市)",
        "南毛利小学校前",
        "高坪入口",
        "温水",
        "温水児童館前",
        "赤羽根中央",
        "赤羽根入口",
        "恩名下",
        "厚木市文化会館前",
        "中町四丁目(厚木市)",
        "本厚木駅",
        "厚木バスセンター"
    ],
    "weekday": [
        "5:47",
        "6:17",
        "6:52",
        "7:22",
        "8:02",
        "8:32",
        "9:02",
        "10:02",
        "11:02",
        "12:02",
        "13:02",
        "14:02",
        "15:02",
        "15:42",
        "16:22",
        "17:17",
        "17:42",
        "18:17",
        "18:52",
        "19:32",
        "21:05"
    ],
    "saturday": [
        "7:02",
        "8:02",
        "9:02",
        "10:02",
        "11:02",
        "12:12",
        "13:12",
        "14:12",
        "15:12",
        "16:12",
        "17:12",
        "18:12",
        "19:02"
    ],
    "holiday": [
        "7:02",
        "8:02",
        "9:02",
        "10:02",
        "11:02",
        "12:12",
        "13:12",
        "14:12",
        "15:12",
        "16:12",
        "17:12",
        "18:12",
        "19:02"
    ],
    "url": "https://www.kanachu.co.jp/dia/diagram/timetable01_js/course:0000801022-4/node:00128663/kt:0/lname:/"
}
