{
    "date": "2025/01/14",
    "name": "森の里センター",
    "position": "-",
    "system": "厚44",
    "destinations": [
        "通信研究所前(厚木市)",
        "日産先進技術開発センター前",
        "森の里青山",
        "高松山入口",
        "宮地(厚木市)",
        "やまゆり園前(厚木市)",
        "愛名入口",
        "上長谷(厚木市)",
        "観音坂",
        "清水(厚木市)",
        "南毛利小学校前",
        "高坪入口",
        "温水",
        "温水児童館前",
        "赤羽根中央",
        "赤羽根入口",
        "恩名下",
        "厚木市文化会館前",
        "中町四丁目(厚木市)",
        "本厚木駅",
        "厚木バスセンター"
    ],
    "weekday": [
        "5:48",
        "6:18",
        "6:53",
        "7:23",
        "8:03",
        "8:33",
        "9:03",
        "10:03",
        "11:03",
        "12:03",
        "13:03",
        "14:03",
        "15:03",
        "15:43",
        "16:23",
        "17:18",
        "17:43",
        "18:18",
        "18:53",
        "19:33",
        "21:06"
    ],
    "saturday": [
        "7:03",
        "8:03",
        "9:03",
        "10:03",
        "11:03",
        "12:13",
        "13:13",
        "14:13",
        "15:13",
        "16:13",
        "17:13",
        "18:13",
        "19:03"
    ],
    "holiday": [
        "7:03",
        "8:03",
        "9:03",
        "10:03",
        "11:03",
        "12:13",
        "13:13",
        "14:13",
        "15:13",
        "16:13",
        "17:13",
        "18:13",
        "19:03"
    ],
    "url": "https://www.kanachu.co.jp/dia/diagram/timetable01_js/course:0000801022-5/node:00128662/kt:0/lname:/"
}
