{
    "date": "2025/01/14",
    "name": "通信研究所前(厚木市)",
    "position": "-",
    "system": "厚44",
    "destinations": [
        "日産先進技術開発センター前",
        "森の里青山",
        "高松山入口",
        "宮地(厚木市)",
        "やまゆり園前(厚木市)",
        "愛名入口",
        "上長谷(厚木市)",
        "観音坂",
        "清水(厚木市)",
        "南毛利小学校前",
        "高坪入口",
        "温水",
        "温水児童館前",
        "赤羽根中央",
        "赤羽根入口",
        "恩名下",
        "厚木市文化会館前",
        "中町四丁目(厚木市)",
        "本厚木駅",
        "厚木バスセンター"
    ],
    "weekday": [
        "5:49",
        "6:19",
        "6:54",
        "7:24",
        "8:04",
        "8:34",
        "9:04",
        "10:04",
        "11:04",
        "12:04",
        "13:04",
        "14:04",
        "15:04",
        "15:44",
        "16:24",
        "17:19",
        "17:44",
        "18:19",
        "18:54",
        "19:34",
        "21:07"
    ],
    "saturday": [
        "7:04",
        "8:04",
        "9:04",
        "10:04",
        "11:04",
        "12:14",
        "13:14",
        "14:14",
        "15:14",
        "16:14",
        "17:14",
        "18:14",
        "19:04"
    ],
    "holiday": [
        "7:04",
        "8:04",
        "9:04",
        "10:04",
        "11:04",
        "12:14",
        "13:14",
        "14:14",
        "15:14",
        "16:14",
        "17:14",
        "18:14",
        "19:04"
    ],
    "url": "https://www.kanachu.co.jp/dia/diagram/timetable01_js/course:0000801022-6/node:00128518/kt:0/lname:/"
}
