{
    "date": "2025/01/14",
    "name": "日産先進技術開発センター前",
    "position": "-",
    "system": "厚44",
    "destinations": [
        "森の里青山",
        "高松山入口",
        "宮地(厚木市)",
        "やまゆり園前(厚木市)",
        "愛名入口",
        "上長谷(厚木市)",
        "観音坂",
        "清水(厚木市)",
        "南毛利小学校前",
        "高坪入口",
        "温水",
        "温水児童館前",
        "赤羽根中央",
        "赤羽根入口",
        "恩名下",
        "厚木市文化会館前",
        "中町四丁目(厚木市)",
        "本厚木駅",
        "厚木バスセンター"
    ],
    "weekday": [
        "5:50",
        "6:20",
        "6:55",
        "7:25",
        "8:05",
        "8:35",
        "9:05",
        "10:05",
        "11:05",
        "12:05",
        "13:05",
        "14:05",
        "15:05",
        "15:45",
        "16:25",
        "17:20",
        "17:45",
        "18:20",
        "18:55",
        "19:35",
        "21:08"
    ],
    "saturday": [
        "7:05",
        "8:05",
        "9:05",
        "10:05",
        "11:05",
        "12:15",
        "13:15",
        "14:15",
        "15:15",
        "16:15",
        "17:15",
        "18:15",
        "19:05"
    ],
    "holiday": [
        "7:05",
        "8:05",
        "9:05",
        "10:05",
        "11:05",
        "12:15",
        "13:15",
        "14:15",
        "15:15",
        "16:15",
        "17:15",
        "18:15",
        "19:05"
    ],
    "url": "https://www.kanachu.co.jp/dia/diagram/timetable01_js/course:0000801022-7/node:00128519/kt:0/lname:/"
}
