{
    "date": "2025/01/14",
    "name": "恩名下",
    "position": "-",
    "system": "厚44",
    "destinations": [
        "厚木市文化会館前",
        "中町四丁目(厚木市)",
        "本厚木駅",
        "厚木バスセンター"
    ],
    "weekday": [
        "6:12",
        "6:42",
        "7:17",
        "7:48",
        "8:28",
        "8:58",
        "9:28",
        "10:28",
        "11:28",
        "12:28",
        "13:28",
        "14:28",
        "15:28",
        "16:08",
        "16:48",
        "17:43",
        "18:08",
        "18:43",
        "19:18",
        "19:58",
        "21:31"
    ],
    "saturday": [
        "7:24",
        "8:25",
        "9:25",
        "10:25",
        "11:25",
        "12:35",
        "13:35",
        "14:35",
        "15:35",
        "16:35",
        "17:35",
        "18:35",
        "19:25"
    ],
    "holiday": [
        "7:24",
        "8:25",
        "9:25",
        "10:25",
        "11:25",
        "12:35",
        "13:35",
        "14:35",
        "15:35",
        "16:35",
        "17:35",
        "18:35",
        "19:25"
    ],
    "url": "https://www.kanachu.co.jp/dia/diagram/timetable01_js/course:0000801022-22/node:00128502/kt:0/lname:/"
}
