{
    "system": "厚44",
    "busstops": [
        {
            "index": "1",
            "id": "00128649",
            "name": "森の里",
            "lat": "35.455678",
            "lng": "139.304065"
        },
        {
            "index": "2",
            "id": "00128666",
            "name": "森の里五丁目",
            "lat": "35.453905",
            "lng": "139.304629"
        },
        {
            "index": "3",
            "id": "00128661",
            "name": "森の里四丁目",
            "lat": "35.450657",
            "lng": "139.308598"
        },
        {
            "index": "4",
            "id": "00128663",
            "name": "厚木西高校",
            "lat": "35.447417",
            "lng": "139.310861"
        },
        {
            "index": "5",
            "id": "00128662",
            "name": "森の里センター",
            "lat": "35.444934",
            "lng": "139.311108"
        },
        {
            "index": "6",
            "id": "00128518",
            "name": "通信研究所前(厚木市)",
            "lat": "35.441887",
            "lng": "139.316241"
        },
        {
            "index": "7",
            "id": "00128519",
            "name": "日産先進技術開発センター前",
            "lat": "35.444107",
            "lng": "139.316462"
        },
        {
            "index": "8",
            "id": "00128644",
            "name": "森の里青山",
            "lat": "35.445906",
            "lng": "139.316245"
        },
        {
            "index": "9",
            "id": "00128516",
            "name": "高松山入口",
            "lat": "35.444415",
            "lng": "139.325114"
        },
        {
            "index": "10",
            "id": "00128514",
            "name": "宮地(厚木市)",
            "lat": "35.444119",
            "lng": "139.326233"
        },
        {
            "index": "11",
            "id": "00128515",
            "name": "やまゆり園前(厚木市)",
            "lat": "35.439646",
            "lng": "139.324109"
        },
        {
            "index": "12",
            "id": "00128448",
            "name": "愛名入口",
            "lat": "35.434814",
            "lng": "139.324726"
        },
        {
            "index": "13",
            "id": "00128447",
            "name": "上長谷(厚木市)",
            "lat": "35.433053",
            "lng": "139.328035"
        },
        {
            "index": "14",
            "id": "00128446",
            "name": "観音坂",
            "lat": "35.433722",
            "lng": "139.333463"
        },
        {
            "index": "15",
            "id": "00128673",
            "name": "清水(厚木市)",
            "lat": "35.434919",
            "lng": "139.337391"
        },
        {
            "index": "16",
            "id": "00128445",
            "name": "南毛利小学校前",
            "lat": "35.436308",
            "lng": "139.338462"
        },
        {
            "index": "17",
            "id": "00128444",
            "name": "高坪入口",
            "lat": "35.438713",
            "lng": "139.342518"
        },
        {
            "index": "18",
            "id": "00128443",
            "name": "温水",
            "lat": "35.440121",
            "lng": "139.343765"
        },
        {
            "index": "19",
            "id": "00128680",
            "name": "温水児童館前",
            "lat": "35.43941",
            "lng": "139.345993"
        },
        {
            "index": "20",
            "id": "00128681",
            "name": "赤羽根中央",
            "lat": "35.435655",
            "lng": "139.349531"
        },
        {
            "index": "21",
            "id": "00128503",
            "name": "赤羽根入口",
            "lat": "35.434204",
            "lng": "139.352235"
        },
        {
            "index": "22",
            "id": "00128502",
            "name": "恩名下",
            "lat": "35.435747",
            "lng": "139.35276"
        },
        {
            "index": "23",
            "id": "00128501",
            "name": "厚木市文化会館前",
            "lat": "35.43557",
            "lng": "139.355672"
        },
        {
            "index": "24",
            "id": "00127682",
            "name": "中町四丁目(厚木市)",
            "lat": "35.438323",
            "lng": "139.361966"
        },
        {
            "index": "25",
            "id": "00025684",
            "name": "本厚木駅",
            "lat": "35.440542",
            "lng": "139.363859"
        },
        {
            "index": "26",
            "id": "00128256",
            "name": "厚木バスセンター",
            "lat": "35.441107",
            "lng": "139.36685"
        }
    ],
    "route_url": "https://www.kanachu.co.jp/dia/route/index/cid:0000801022/"
}
