{
    "date": "2022/09/08",
    "name": "森の里五丁目",
    "position": "-",
    "system": "愛17",
    "destinations": [
        "森の里四丁目",
        "厚木西高校",
        "森の里青山",
        "日産先進技術開発センター",
        "日産先進技術開発センター前",
        "通信研究所前(厚木市)",
        "若宮橋(厚木市)",
        "榎田",
        "小野橋(厚木市)",
        "小野宮前",
        "広町橋",
        "籠堰橋",
        "聖木",
        "愛甲郵便局前",
        "上愛甲",
        "愛甲橋",
        "堂山",
        "宮前(厚木市)",
        "愛甲石田駅"
    ],
    "weekday": [
        "12:25",
        "12:55",
        "13:25",
        "13:55",
        "14:25",
        "14:55",
        "15:25",
        "15:50",
        "15:55",
        "16:25",
        "16:55",
        "17:15",
        "17:35",
        "18:05",
        "18:35",
        "19:10",
        "19:35",
        "20:05",
        "20:40",
        "21:00",
        "21:20",
        "21:40",
        "22:10",
        "22:40"
    ],
    "saturday": [],
    "holiday": [],
    "url": "https://www.kanachu.co.jp/dia/diagram/timetable01_js/course:0000803035-2/node:00128666/kt:0/lname:/"
}
