{
    "date": "2022/09/08",
    "name": "日産先進技術開発センター",
    "position": "-",
    "system": "愛17",
    "destinations": [
        "日産先進技術開発センター前",
        "通信研究所前(厚木市)",
        "若宮橋(厚木市)",
        "榎田",
        "小野橋(厚木市)",
        "小野宮前",
        "広町橋",
        "籠堰橋",
        "聖木",
        "愛甲郵便局前",
        "上愛甲",
        "愛甲橋",
        "堂山",
        "宮前(厚木市)",
        "愛甲石田駅"
    ],
    "weekday": [
        "12:29",
        "12:59",
        "13:29",
        "13:59",
        "14:29",
        "14:59",
        "15:29",
        "15:54",
        "15:59",
        "16:29",
        "16:59",
        "17:19",
        "17:39",
        "18:09",
        "18:39",
        "19:14",
        "19:39",
        "20:09",
        "20:44",
        "21:04",
        "21:24",
        "21:44",
        "22:14",
        "22:44"
    ],
    "saturday": [],
    "holiday": [],
    "url": "https://www.kanachu.co.jp/dia/diagram/timetable01_js/course:0000803035-6/node:00128252/kt:0/lname:/"
}
