{
    "date": "2022/09/08",
    "name": "通信研究所前(厚木市)",
    "position": "-",
    "system": "愛17",
    "destinations": [
        "若宮橋(厚木市)",
        "榎田",
        "小野橋(厚木市)",
        "小野宮前",
        "広町橋",
        "籠堰橋",
        "聖木",
        "愛甲郵便局前",
        "上愛甲",
        "愛甲橋",
        "堂山",
        "宮前(厚木市)",
        "愛甲石田駅"
    ],
    "weekday": [
        "12:31",
        "13:01",
        "13:31",
        "14:01",
        "14:31",
        "15:01",
        "15:31",
        "15:56",
        "16:01",
        "16:31",
        "17:01",
        "17:21",
        "17:41",
        "18:11",
        "18:41",
        "19:16",
        "19:41",
        "20:11",
        "20:46",
        "21:06",
        "21:26",
        "21:46",
        "22:16",
        "22:46"
    ],
    "saturday": [],
    "holiday": [],
    "url": "https://www.kanachu.co.jp/dia/diagram/timetable01_js/course:0000803035-8/node:00128518/kt:0/lname:/"
}
