{
    "date": "2022/09/08",
    "name": "愛甲郵便局前",
    "position": "-",
    "system": "愛17",
    "destinations": [
        "上愛甲",
        "愛甲橋",
        "堂山",
        "宮前(厚木市)",
        "愛甲石田駅"
    ],
    "weekday": [
        "12:38",
        "13:08",
        "13:38",
        "14:08",
        "14:38",
        "15:08",
        "15:38",
        "16:03",
        "16:08",
        "16:39",
        "17:09",
        "17:29",
        "17:49",
        "18:19",
        "18:49",
        "19:23",
        "19:48",
        "20:18",
        "20:53",
        "21:13",
        "21:33",
        "21:53",
        "22:23",
        "22:53"
    ],
    "saturday": [],
    "holiday": [],
    "url": "https://www.kanachu.co.jp/dia/diagram/timetable01_js/course:0000803035-16/node:00128121/kt:0/lname:/"
}
