{
    "date": "2022/09/08",
    "name": "宮前(厚木市)",
    "position": "-",
    "system": "愛17",
    "destinations": [
        "愛甲石田駅"
    ],
    "weekday": [
        "12:42",
        "13:12",
        "13:42",
        "14:12",
        "14:42",
        "15:12",
        "15:42",
        "16:07",
        "16:12",
        "16:44",
        "17:14",
        "17:34",
        "17:54",
        "18:24",
        "18:54",
        "19:27",
        "19:52",
        "20:22",
        "20:57",
        "21:17",
        "21:37",
        "21:57",
        "22:27",
        "22:57"
    ],
    "saturday": [],
    "holiday": [],
    "url": "https://www.kanachu.co.jp/dia/diagram/timetable01_js/course:0000803035-20/node:00128495/kt:0/lname:/"
}
