{
    "date": "2025/11/16",
    "name": "二宮駅北口",
    "position": "-",
    "system": "磯14",
    "destinations": [
        "元町(中郡二宮町)",
        "向山橋",
        "富士見が丘3丁目",
        "富士見が丘2丁目",
        "西公園前(中郡大磯町)",
        "北公園前(中郡大磯町)",
        "湘南大磯住宅入口",
        "湘南大磯病院",
        "月京",
        "馬場公園",
        "馬場(中郡大磯町)",
        "城の下",
        "本郷橋(中郡大磯町)",
        "城山公園前(中郡大磯町)",
        "八坂神社(中郡大磯町)",
        "白岩大門",
        "統監道",
        "大磯小学校前",
        "大磯駅"
    ],
    "weekday": [
        "6:30",
        "7:05",
        "7:37",
        "8:12",
        "9:02",
        "9:35",
        "10:08",
        "11:08",
        "12:13",
        "13:08",
        "14:13",
        "15:08",
        "16:13",
        "17:08",
        "18:17",
        "19:00",
        "19:43",
        "20:50",
        "22:23"
    ],
    "saturday": [
        "6:48",
        "7:51",
        "8:55",
        "9:47",
        "10:52",
        "11:47",
        "12:52",
        "13:47",
        "14:52",
        "15:47",
        "16:52",
        "17:47",
        "18:52",
        "19:50",
        "20:51",
        "21:54"
    ],
    "holiday": [
        "6:48",
        "7:51",
        "8:55",
        "9:47",
        "10:52",
        "11:47",
        "12:52",
        "13:47",
        "14:52",
        "15:47",
        "16:52",
        "17:47",
        "18:52",
        "19:50",
        "20:51",
        "21:54"
    ],
    "url": "https://www.kanachu.co.jp/dia/diagram/timetable01_js/course:0000801588-1/node:00127683/kt:0/lname:/"
}
