{
    "date": "2025/11/16",
    "name": "月京",
    "position": "-",
    "system": "磯14",
    "destinations": [
        "馬場公園",
        "馬場(中郡大磯町)",
        "城の下",
        "本郷橋(中郡大磯町)",
        "城山公園前(中郡大磯町)",
        "八坂神社(中郡大磯町)",
        "白岩大門",
        "統監道",
        "大磯小学校前",
        "大磯駅"
    ],
    "weekday": [
        "6:42",
        "7:17",
        "7:49",
        "8:24",
        "9:14",
        "9:47",
        "10:20",
        "11:20",
        "12:25",
        "13:20",
        "14:25",
        "15:20",
        "16:25",
        "17:20",
        "18:29",
        "19:12",
        "19:55",
        "21:02",
        "22:35"
    ],
    "saturday": [
        "7:00",
        "8:03",
        "9:07",
        "9:59",
        "11:04",
        "11:59",
        "13:04",
        "13:59",
        "15:04",
        "15:59",
        "17:04",
        "17:59",
        "19:04",
        "20:02",
        "21:03",
        "22:06"
    ],
    "holiday": [
        "7:00",
        "8:03",
        "9:07",
        "9:59",
        "11:04",
        "11:59",
        "13:04",
        "13:59",
        "15:04",
        "15:59",
        "17:04",
        "17:59",
        "19:04",
        "20:02",
        "21:03",
        "22:06"
    ],
    "url": "https://www.kanachu.co.jp/dia/diagram/timetable01_js/course:0000801588-10/node:00127549/kt:0/lname:/"
}
