{
    "date": "2025/11/16",
    "name": "城の下",
    "position": "-",
    "system": "磯14",
    "destinations": [
        "本郷橋(中郡大磯町)",
        "城山公園前(中郡大磯町)",
        "八坂神社(中郡大磯町)",
        "白岩大門",
        "統監道",
        "大磯小学校前",
        "大磯駅"
    ],
    "weekday": [
        "6:45",
        "7:20",
        "7:52",
        "8:27",
        "9:17",
        "9:50",
        "10:23",
        "11:23",
        "12:28",
        "13:23",
        "14:28",
        "15:23",
        "16:28",
        "17:23",
        "18:32",
        "19:15",
        "19:58",
        "21:05",
        "22:38"
    ],
    "saturday": [
        "7:03",
        "8:06",
        "9:10",
        "10:02",
        "11:07",
        "12:02",
        "13:07",
        "14:02",
        "15:07",
        "16:02",
        "17:07",
        "18:02",
        "19:07",
        "20:05",
        "21:06",
        "22:09"
    ],
    "holiday": [
        "7:03",
        "8:06",
        "9:10",
        "10:02",
        "11:07",
        "12:02",
        "13:07",
        "14:02",
        "15:07",
        "16:02",
        "17:07",
        "18:02",
        "19:07",
        "20:05",
        "21:06",
        "22:09"
    ],
    "url": "https://www.kanachu.co.jp/dia/diagram/timetable01_js/course:0000801588-13/node:00127695/kt:0/lname:/"
}
