{
    "date": "2025/11/16",
    "name": "白岩大門",
    "position": "-",
    "system": "磯14",
    "destinations": [
        "統監道",
        "大磯小学校前",
        "大磯駅"
    ],
    "weekday": [
        "6:50",
        "7:25",
        "7:57",
        "8:32",
        "9:22",
        "9:55",
        "10:28",
        "11:28",
        "12:33",
        "13:28",
        "14:33",
        "15:28",
        "16:33",
        "17:28",
        "18:37",
        "19:20",
        "20:03",
        "21:10",
        "22:43"
    ],
    "saturday": [
        "7:07",
        "8:10",
        "9:14",
        "10:07",
        "11:12",
        "12:07",
        "13:12",
        "14:07",
        "15:12",
        "16:07",
        "17:11",
        "18:06",
        "19:11",
        "20:09",
        "21:10",
        "22:13"
    ],
    "holiday": [
        "7:07",
        "8:10",
        "9:14",
        "10:07",
        "11:12",
        "12:07",
        "13:12",
        "14:07",
        "15:12",
        "16:07",
        "17:11",
        "18:06",
        "19:11",
        "20:09",
        "21:10",
        "22:13"
    ],
    "url": "https://www.kanachu.co.jp/dia/diagram/timetable01_js/course:0000801588-17/node:00127479/kt:0/lname:/"
}
