{
    "date": "2025/11/16",
    "name": "統監道",
    "position": "-",
    "system": "磯14",
    "destinations": [
        "大磯小学校前",
        "大磯駅"
    ],
    "weekday": [
        "6:51",
        "7:26",
        "7:59",
        "8:34",
        "9:23",
        "9:56",
        "10:29",
        "11:29",
        "12:34",
        "13:29",
        "14:34",
        "15:29",
        "16:34",
        "17:29",
        "18:38",
        "19:21",
        "20:04",
        "21:11",
        "22:44"
    ],
    "saturday": [
        "7:08",
        "8:11",
        "9:15",
        "10:08",
        "11:13",
        "12:08",
        "13:13",
        "14:08",
        "15:13",
        "16:08",
        "17:12",
        "18:07",
        "19:12",
        "20:10",
        "21:11",
        "22:14"
    ],
    "holiday": [
        "7:08",
        "8:11",
        "9:15",
        "10:08",
        "11:13",
        "12:08",
        "13:13",
        "14:08",
        "15:13",
        "16:08",
        "17:12",
        "18:07",
        "19:12",
        "20:10",
        "21:11",
        "22:14"
    ],
    "url": "https://www.kanachu.co.jp/dia/diagram/timetable01_js/course:0000801588-18/node:00127478/kt:0/lname:/"
}
