{
    "date": "2025/08/30",
    "name": "慰霊堂入口",
    "position": "-",
    "system": "30",
    "destinations": [
        "桜岡小学校前",
        "最戸町",
        "南が丘中学校前",
        "別所宮下",
        "普門院前",
        "水道橋下",
        "芹が谷山谷",
        "芹が谷",
        "せりぎんタウン",
        "芹が谷団地前",
        "永谷地区センター前",
        "平戸(横浜市港南区)",
        "下永谷(横浜市港南区)",
        "般若寺橋",
        "中永谷",
        "水田(横浜市港南区)",
        "日限地蔵入口",
        "永野小学校前",
        "上永谷駅"
    ],
    "weekday": [
        "7:11",
        "8:09",
        "9:10",
        "10:10",
        "11:16",
        "16:16",
        "16:27",
        "17:20",
        "17:32",
        "18:20",
        "18:30",
        "18:34",
        "18:38",
        "18:46",
        "18:50",
        "19:02",
        "19:08",
        "19:20",
        "19:26",
        "19:38",
        "19:50",
        "20:02",
        "20:16",
        "20:23",
        "20:38",
        "20:46",
        "21:11",
        "21:21",
        "21:41",
        "21:51",
        "22:47",
        "23:09"
    ],
    "saturday": [
        "7:31",
        "16:17",
        "16:32",
        "17:17",
        "17:32",
        "18:17",
        "18:32",
        "19:12",
        "19:22",
        "19:42",
        "20:13",
        "20:25",
        "20:49",
        "21:34",
        "22:19",
        "22:34",
        "22:49",
        "23:09"
    ],
    "holiday": [
        "16:29",
        "18:32",
        "19:22",
        "19:42",
        "20:18",
        "20:30",
        "20:54",
        "21:36",
        "21:51",
        "22:21",
        "22:41",
        "23:01"
    ],
    "url": "https://www.kanachu.co.jp/dia/diagram/timetable01_js/course:0000803875-2/node:00113522/kt:0/lname:/"
}
