{
    "date": "2025/08/30",
    "name": "最戸町",
    "position": "-",
    "system": "30",
    "destinations": [
        "南が丘中学校前",
        "別所宮下",
        "普門院前",
        "水道橋下",
        "芹が谷山谷",
        "芹が谷",
        "せりぎんタウン",
        "芹が谷団地前",
        "永谷地区センター前",
        "平戸(横浜市港南区)",
        "下永谷(横浜市港南区)",
        "般若寺橋",
        "中永谷",
        "水田(横浜市港南区)",
        "日限地蔵入口",
        "永野小学校前",
        "上永谷駅"
    ],
    "weekday": [
        "7:14",
        "8:12",
        "9:13",
        "10:13",
        "11:19",
        "16:19",
        "16:30",
        "17:23",
        "17:35",
        "18:23",
        "18:33",
        "18:37",
        "18:41",
        "18:49",
        "18:53",
        "19:05",
        "19:11",
        "19:23",
        "19:29",
        "19:41",
        "19:53",
        "20:05",
        "20:19",
        "20:26",
        "20:41",
        "20:49",
        "21:14",
        "21:24",
        "21:44",
        "21:54",
        "22:50",
        "23:12"
    ],
    "saturday": [
        "7:34",
        "16:20",
        "16:35",
        "17:20",
        "17:35",
        "18:20",
        "18:35",
        "19:15",
        "19:25",
        "19:45",
        "20:16",
        "20:28",
        "20:52",
        "21:37",
        "22:22",
        "22:37",
        "22:52",
        "23:12"
    ],
    "holiday": [
        "16:32",
        "18:35",
        "19:25",
        "19:45",
        "20:21",
        "20:33",
        "20:57",
        "21:39",
        "21:54",
        "22:24",
        "22:44",
        "23:04"
    ],
    "url": "https://www.kanachu.co.jp/dia/diagram/timetable01_js/course:0000803875-4/node:00126561/kt:0/lname:/"
}
