{
    "date": "2025/08/30",
    "name": "南が丘中学校前",
    "position": "-",
    "system": "30",
    "destinations": [
        "別所宮下",
        "普門院前",
        "水道橋下",
        "芹が谷山谷",
        "芹が谷",
        "せりぎんタウン",
        "芹が谷団地前",
        "永谷地区センター前",
        "平戸(横浜市港南区)",
        "下永谷(横浜市港南区)",
        "般若寺橋",
        "中永谷",
        "水田(横浜市港南区)",
        "日限地蔵入口",
        "永野小学校前",
        "上永谷駅"
    ],
    "weekday": [
        "7:15",
        "8:14",
        "9:15",
        "10:15",
        "11:21",
        "16:21",
        "16:32",
        "17:25",
        "17:37",
        "18:25",
        "18:35",
        "18:39",
        "18:43",
        "18:51",
        "18:55",
        "19:07",
        "19:13",
        "19:25",
        "19:31",
        "19:43",
        "19:55",
        "20:06",
        "20:20",
        "20:27",
        "20:42",
        "20:50",
        "21:15",
        "21:25",
        "21:45",
        "21:55",
        "22:51",
        "23:13"
    ],
    "saturday": [
        "7:35",
        "16:22",
        "16:37",
        "17:22",
        "17:37",
        "18:22",
        "18:37",
        "19:17",
        "19:27",
        "19:47",
        "20:17",
        "20:29",
        "20:53",
        "21:38",
        "22:23",
        "22:38",
        "22:53",
        "23:13"
    ],
    "holiday": [
        "16:34",
        "18:37",
        "19:27",
        "19:46",
        "20:22",
        "20:34",
        "20:58",
        "21:40",
        "21:55",
        "22:25",
        "22:45",
        "23:05"
    ],
    "url": "https://www.kanachu.co.jp/dia/diagram/timetable01_js/course:0000803875-5/node:00126562/kt:0/lname:/"
}
