{
    "date": "2025/08/30",
    "name": "別所宮下",
    "position": "-",
    "system": "30",
    "destinations": [
        "普門院前",
        "水道橋下",
        "芹が谷山谷",
        "芹が谷",
        "せりぎんタウン",
        "芹が谷団地前",
        "永谷地区センター前",
        "平戸(横浜市港南区)",
        "下永谷(横浜市港南区)",
        "般若寺橋",
        "中永谷",
        "水田(横浜市港南区)",
        "日限地蔵入口",
        "永野小学校前",
        "上永谷駅"
    ],
    "weekday": [
        "7:16",
        "8:15",
        "9:16",
        "10:16",
        "11:22",
        "16:22",
        "16:33",
        "17:26",
        "17:38",
        "18:26",
        "18:36",
        "18:40",
        "18:44",
        "18:52",
        "18:56",
        "19:08",
        "19:14",
        "19:26",
        "19:32",
        "19:44",
        "19:56",
        "20:07",
        "20:21",
        "20:28",
        "20:43",
        "20:51",
        "21:16",
        "21:26",
        "21:46",
        "21:56",
        "22:52",
        "23:14"
    ],
    "saturday": [
        "7:36",
        "16:23",
        "16:38",
        "17:23",
        "17:38",
        "18:23",
        "18:38",
        "19:18",
        "19:28",
        "19:48",
        "20:18",
        "20:30",
        "20:54",
        "21:39",
        "22:24",
        "22:39",
        "22:54",
        "23:14"
    ],
    "holiday": [
        "16:35",
        "18:38",
        "19:28",
        "19:47",
        "20:23",
        "20:35",
        "20:59",
        "21:41",
        "21:56",
        "22:26",
        "22:46",
        "23:06"
    ],
    "url": "https://www.kanachu.co.jp/dia/diagram/timetable01_js/course:0000803875-6/node:00126563/kt:0/lname:/"
}
