{
    "date": "2025/08/30",
    "name": "芹が谷",
    "position": "-",
    "system": "30",
    "destinations": [
        "せりぎんタウン",
        "芹が谷団地前",
        "永谷地区センター前",
        "平戸(横浜市港南区)",
        "下永谷(横浜市港南区)",
        "般若寺橋",
        "中永谷",
        "水田(横浜市港南区)",
        "日限地蔵入口",
        "永野小学校前",
        "上永谷駅"
    ],
    "weekday": [
        "7:22",
        "8:22",
        "9:23",
        "10:23",
        "11:29",
        "16:29",
        "16:40",
        "17:33",
        "17:45",
        "18:33",
        "18:43",
        "18:47",
        "18:51",
        "18:59",
        "19:03",
        "19:15",
        "19:21",
        "19:33",
        "19:39",
        "19:51",
        "20:03",
        "20:13",
        "20:27",
        "20:34",
        "20:49",
        "20:57",
        "21:22",
        "21:32",
        "21:52",
        "22:02",
        "22:58",
        "23:20"
    ],
    "saturday": [
        "7:42",
        "16:30",
        "16:45",
        "17:30",
        "17:45",
        "18:30",
        "18:45",
        "19:25",
        "19:35",
        "19:55",
        "20:24",
        "20:36",
        "21:00",
        "21:45",
        "22:30",
        "22:45",
        "23:00",
        "23:20"
    ],
    "holiday": [
        "16:42",
        "18:45",
        "19:35",
        "19:53",
        "20:29",
        "20:41",
        "21:05",
        "21:47",
        "22:02",
        "22:32",
        "22:52",
        "23:12"
    ],
    "url": "https://www.kanachu.co.jp/dia/diagram/timetable01_js/course:0000803875-10/node:00126567/kt:0/lname:/"
}
