{
    "date": "2025/08/30",
    "name": "平戸(横浜市港南区)",
    "position": "-",
    "system": "",
    "destinations": [
        "下永谷(横浜市港南区)",
        "般若寺橋",
        "中永谷",
        "水田(横浜市港南区)",
        "日限地蔵入口",
        "永野小学校前",
        "上永谷駅"
    ],
    "weekday": [
        "7:26",
        "8:26",
        "9:27",
        "10:27",
        "11:33",
        "16:33",
        "16:44",
        "17:37",
        "17:49",
        "18:37",
        "18:47",
        "18:51",
        "18:55",
        "19:03",
        "19:07",
        "19:19",
        "19:25",
        "19:37",
        "19:43",
        "19:55",
        "20:07",
        "20:17",
        "20:31",
        "20:38",
        "20:53",
        "21:01",
        "21:26",
        "21:36",
        "21:56",
        "22:06",
        "23:02",
        "23:24"
    ],
    "saturday": [
        "7:46",
        "16:34",
        "16:49",
        "17:34",
        "17:49",
        "18:34",
        "18:49",
        "19:29",
        "19:39",
        "19:59",
        "20:28",
        "20:40",
        "21:04",
        "21:49",
        "22:34",
        "22:49",
        "23:04",
        "23:24"
    ],
    "holiday": [
        "16:46",
        "18:49",
        "19:39",
        "19:57",
        "20:33",
        "20:45",
        "21:09",
        "21:51",
        "22:06",
        "22:36",
        "22:56",
        "23:16"
    ],
    "url": "https://www.kanachu.co.jp/dia/diagram/timetable01_js/course:0000803875-14/node:00102977/kt:0/lname:/"
}
