{
    "date": "2025/08/30",
    "name": "般若寺橋",
    "position": "-",
    "system": "",
    "destinations": [
        "中永谷",
        "水田(横浜市港南区)",
        "日限地蔵入口",
        "永野小学校前",
        "上永谷駅"
    ],
    "weekday": [
        "7:28",
        "8:29",
        "9:30",
        "10:30",
        "11:36",
        "16:36",
        "16:47",
        "17:40",
        "17:52",
        "18:40",
        "18:50",
        "18:54",
        "18:58",
        "19:06",
        "19:10",
        "19:22",
        "19:28",
        "19:40",
        "19:46",
        "19:58",
        "20:09",
        "20:19",
        "20:33",
        "20:40",
        "20:55",
        "21:03",
        "21:28",
        "21:38",
        "21:58",
        "22:08",
        "23:04",
        "23:26"
    ],
    "saturday": [
        "7:48",
        "16:37",
        "16:52",
        "17:37",
        "17:52",
        "18:37",
        "18:52",
        "19:32",
        "19:42",
        "20:02",
        "20:30",
        "20:42",
        "21:06",
        "21:51",
        "22:36",
        "22:51",
        "23:06",
        "23:26"
    ],
    "holiday": [
        "16:49",
        "18:52",
        "19:41",
        "19:59",
        "20:35",
        "20:47",
        "21:11",
        "21:53",
        "22:08",
        "22:38",
        "22:58",
        "23:18"
    ],
    "url": "https://www.kanachu.co.jp/dia/diagram/timetable01_js/course:0000803875-16/node:00102927/kt:0/lname:/"
}
