{
    "date": "2024/07/08",
    "name": "今井谷戸",
    "position": "-",
    "system": "町61",
    "destinations": [
        "藤の台団地",
        "藤の台東",
        "遊歩公園",
        "入谷戸(やくし台/町田市)",
        "やくし台二丁目",
        "やくし台三丁目",
        "やくし台センター",
        "薬師ヶ丘",
        "野津田神社入口",
        "袋橋",
        "田中入口",
        "野津田車庫"
    ],
    "weekday": [
        "24:32"
    ],
    "saturday": [],
    "holiday": [],
    "url": "https://www.kanachu.co.jp/dia/diagram/timetable01_js/course:0000800236-16/node:00129426/kt:0/lname:/"
}
