{
    "date": "2025/05/11",
    "name": "天神橋(横浜市栄区)",
    "position": "-",
    "system": "船15",
    "destinations": [
        "南河内(横浜市栄区)",
        "本郷小学校前",
        "本郷(横浜市栄区)",
        "中野町",
        "稲荷森",
        "山手学院入口",
        "本郷車庫前(横浜市栄区)"
    ],
    "weekday": [
        "8:41",
        "9:06",
        "9:21",
        "9:33",
        "9:46",
        "9:51",
        "10:01",
        "10:06",
        "10:36",
        "10:46",
        "11:06",
        "11:21",
        "12:21",
        "13:36"
    ],
    "saturday": [
        "11:46",
        "12:06",
        "13:11",
        "16:12",
        "16:47"
    ],
    "holiday": [
        "11:46",
        "12:06",
        "13:11",
        "16:12",
        "16:47"
    ],
    "url": "https://www.kanachu.co.jp/dia/diagram/timetable01_js/course:0000802800-10/node:00126507/kt:0/lname:/"
}
