{
    "date": "2025/08/30",
    "name": "本町一丁目(横浜市中区)",
    "position": "-",
    "system": "11",
    "destinations": [
        "日本大通り駅県庁前",
        "芸術劇場・NHK前",
        "中華街入口",
        "山下町(横浜市中区)",
        "元町入口",
        "港の見える丘公園前",
        "元町公園前",
        "代官坂上",
        "山手町(横浜市中区)",
        "イタリア山庭園前",
        "地蔵坂上(横浜市中区)",
        "打越橋",
        "石川小学校前(横浜市南区)",
        "唐沢(横浜市南区)",
        "平楽中学校前",
        "中丸(横浜市南区)",
        "増徳院前",
        "山谷(横浜市南区)",
        "中村橋(横浜市南区)",
        "東蒔田町",
        "堀の内町",
        "榎町二丁目",
        "蒔田駅前",
        "蒔田中学校前(横浜市南区)",
        "井土ヶ谷下町",
        "南センター(横浜市南区)",
        "井土ヶ谷"
    ],
    "weekday": [
        "18:31",
        "18:55",
        "19:44",
        "20:09",
        "20:33",
        "21:30",
        "21:58"
    ],
    "saturday": [
        "17:44",
        "18:14",
        "18:44",
        "19:14",
        "19:46",
        "20:13",
        "20:35",
        "21:08",
        "21:53"
    ],
    "holiday": [
        "17:44",
        "18:14",
        "18:44",
        "19:14",
        "19:46",
        "20:13",
        "20:35",
        "21:08",
        "21:53"
    ],
    "url": "https://www.kanachu.co.jp/dia/diagram/timetable01_js/course:0000803842-4/node:00103059/kt:0/lname:/"
}
