{
    "date": "2025/08/30",
    "name": "芸術劇場・NHK前",
    "position": "-",
    "system": "11",
    "destinations": [
        "中華街入口",
        "山下町(横浜市中区)",
        "元町入口",
        "港の見える丘公園前",
        "元町公園前",
        "代官坂上",
        "山手町(横浜市中区)",
        "イタリア山庭園前",
        "地蔵坂上(横浜市中区)",
        "打越橋",
        "石川小学校前(横浜市南区)",
        "唐沢(横浜市南区)",
        "平楽中学校前",
        "中丸(横浜市南区)",
        "増徳院前",
        "山谷(横浜市南区)",
        "中村橋(横浜市南区)",
        "東蒔田町",
        "堀の内町",
        "榎町二丁目",
        "蒔田駅前",
        "蒔田中学校前(横浜市南区)",
        "井土ヶ谷下町",
        "南センター(横浜市南区)",
        "井土ヶ谷"
    ],
    "weekday": [
        "18:34",
        "18:58",
        "19:47",
        "20:11",
        "20:35",
        "21:32",
        "22:00"
    ],
    "saturday": [
        "17:47",
        "18:17",
        "18:47",
        "19:17",
        "19:49",
        "20:15",
        "20:37",
        "21:10",
        "21:55"
    ],
    "holiday": [
        "17:47",
        "18:17",
        "18:47",
        "19:17",
        "19:49",
        "20:15",
        "20:37",
        "21:10",
        "21:55"
    ],
    "url": "https://www.kanachu.co.jp/dia/diagram/timetable01_js/course:0000803842-6/node:00102401/kt:0/lname:/"
}
