{
    "date": "2025/08/30",
    "name": "中華街入口",
    "position": "-",
    "system": "",
    "destinations": [
        "山下町(横浜市中区)",
        "元町入口",
        "港の見える丘公園前",
        "元町公園前",
        "代官坂上",
        "山手町(横浜市中区)",
        "イタリア山庭園前",
        "地蔵坂上(横浜市中区)",
        "打越橋",
        "石川小学校前(横浜市南区)",
        "唐沢(横浜市南区)",
        "平楽中学校前",
        "中丸(横浜市南区)",
        "増徳院前",
        "山谷(横浜市南区)",
        "中村橋(横浜市南区)",
        "東蒔田町",
        "堀の内町",
        "榎町二丁目",
        "蒔田駅前",
        "蒔田中学校前(横浜市南区)",
        "井土ヶ谷下町",
        "南センター(横浜市南区)",
        "井土ヶ谷"
    ],
    "weekday": [
        "18:35",
        "18:59",
        "19:48",
        "20:12",
        "20:36",
        "21:33",
        "22:01"
    ],
    "saturday": [
        "17:48",
        "18:18",
        "18:48",
        "19:18",
        "19:50",
        "20:16",
        "20:38",
        "21:11",
        "21:56"
    ],
    "holiday": [
        "17:48",
        "18:18",
        "18:48",
        "19:18",
        "19:50",
        "20:16",
        "20:38",
        "21:11",
        "21:56"
    ],
    "url": "https://www.kanachu.co.jp/dia/diagram/timetable01_js/course:0000803842-7/node:00102721/kt:0/lname:/"
}
