{
    "date": "2025/08/30",
    "name": "代官坂上",
    "position": "-",
    "system": "",
    "destinations": [
        "山手町(横浜市中区)",
        "イタリア山庭園前",
        "地蔵坂上(横浜市中区)",
        "打越橋",
        "石川小学校前(横浜市南区)",
        "唐沢(横浜市南区)",
        "平楽中学校前",
        "中丸(横浜市南区)",
        "増徳院前",
        "山谷(横浜市南区)",
        "中村橋(横浜市南区)",
        "東蒔田町",
        "堀の内町",
        "榎町二丁目",
        "蒔田駅前",
        "蒔田中学校前(横浜市南区)",
        "井土ヶ谷下町",
        "南センター(横浜市南区)",
        "井土ヶ谷"
    ],
    "weekday": [
        "18:44",
        "19:08",
        "19:57",
        "20:21",
        "20:45",
        "21:42",
        "22:10"
    ],
    "saturday": [
        "17:56",
        "18:26",
        "18:56",
        "19:26",
        "19:58",
        "20:24",
        "20:46",
        "21:19",
        "22:04"
    ],
    "holiday": [
        "17:56",
        "18:26",
        "18:56",
        "19:26",
        "19:58",
        "20:24",
        "20:46",
        "21:19",
        "22:04"
    ],
    "url": "https://www.kanachu.co.jp/dia/diagram/timetable01_js/course:0000803842-12/node:00126759/kt:0/lname:/"
}
