{
    "date": "2025/08/30",
    "name": "山手町(横浜市中区)",
    "position": "-",
    "system": "11",
    "destinations": [
        "イタリア山庭園前",
        "地蔵坂上(横浜市中区)",
        "打越橋",
        "石川小学校前(横浜市南区)",
        "唐沢(横浜市南区)",
        "平楽中学校前",
        "中丸(横浜市南区)",
        "増徳院前",
        "山谷(横浜市南区)",
        "中村橋(横浜市南区)",
        "東蒔田町",
        "堀の内町",
        "榎町二丁目",
        "蒔田駅前",
        "蒔田中学校前(横浜市南区)",
        "井土ヶ谷下町",
        "南センター(横浜市南区)",
        "井土ヶ谷"
    ],
    "weekday": [
        "18:45",
        "19:09",
        "19:58",
        "20:22",
        "20:46",
        "21:43",
        "22:11"
    ],
    "saturday": [
        "17:57",
        "18:27",
        "18:57",
        "19:27",
        "19:59",
        "20:25",
        "20:47",
        "21:20",
        "22:05"
    ],
    "holiday": [
        "17:57",
        "18:27",
        "18:57",
        "19:27",
        "19:59",
        "20:25",
        "20:47",
        "21:20",
        "22:05"
    ],
    "url": "https://www.kanachu.co.jp/dia/diagram/timetable01_js/course:0000803842-13/node:00126758/kt:0/lname:/"
}
