{
    "date": "2025/08/30",
    "name": "地蔵坂上(横浜市中区)",
    "position": "-",
    "system": "11",
    "destinations": [
        "打越橋",
        "石川小学校前(横浜市南区)",
        "唐沢(横浜市南区)",
        "平楽中学校前",
        "中丸(横浜市南区)",
        "増徳院前",
        "山谷(横浜市南区)",
        "中村橋(横浜市南区)",
        "東蒔田町",
        "堀の内町",
        "榎町二丁目",
        "蒔田駅前",
        "蒔田中学校前(横浜市南区)",
        "井土ヶ谷下町",
        "南センター(横浜市南区)",
        "井土ヶ谷"
    ],
    "weekday": [
        "18:47",
        "19:11",
        "20:00",
        "20:24",
        "20:48",
        "21:45",
        "22:13"
    ],
    "saturday": [
        "17:59",
        "18:29",
        "18:59",
        "19:29",
        "20:01",
        "20:27",
        "20:49",
        "21:22",
        "22:07"
    ],
    "holiday": [
        "17:59",
        "18:29",
        "18:59",
        "19:29",
        "20:01",
        "20:27",
        "20:49",
        "21:22",
        "22:07"
    ],
    "url": "https://www.kanachu.co.jp/dia/diagram/timetable01_js/course:0000803842-15/node:00126756/kt:0/lname:/"
}
