{
    "date": "2025/08/30",
    "name": "打越橋",
    "position": "-",
    "system": "",
    "destinations": [
        "石川小学校前(横浜市南区)",
        "唐沢(横浜市南区)",
        "平楽中学校前",
        "中丸(横浜市南区)",
        "増徳院前",
        "山谷(横浜市南区)",
        "中村橋(横浜市南区)",
        "東蒔田町",
        "堀の内町",
        "榎町二丁目",
        "蒔田駅前",
        "蒔田中学校前(横浜市南区)",
        "井土ヶ谷下町",
        "南センター(横浜市南区)",
        "井土ヶ谷"
    ],
    "weekday": [
        "18:48",
        "19:12",
        "20:01",
        "20:25",
        "20:49",
        "21:46",
        "22:14"
    ],
    "saturday": [
        "18:00",
        "18:30",
        "19:00",
        "19:30",
        "20:02",
        "20:28",
        "20:50",
        "21:23",
        "22:08"
    ],
    "holiday": [
        "18:00",
        "18:30",
        "19:00",
        "19:30",
        "20:02",
        "20:28",
        "20:50",
        "21:23",
        "22:08"
    ],
    "url": "https://www.kanachu.co.jp/dia/diagram/timetable01_js/course:0000803842-16/node:00126755/kt:0/lname:/"
}
