{
    "date": "2025/08/30",
    "name": "唐沢(横浜市南区)",
    "position": "-",
    "system": "11",
    "destinations": [
        "平楽中学校前",
        "中丸(横浜市南区)",
        "増徳院前",
        "山谷(横浜市南区)",
        "中村橋(横浜市南区)",
        "東蒔田町",
        "堀の内町",
        "榎町二丁目",
        "蒔田駅前",
        "蒔田中学校前(横浜市南区)",
        "井土ヶ谷下町",
        "南センター(横浜市南区)",
        "井土ヶ谷"
    ],
    "weekday": [
        "18:50",
        "19:14",
        "20:03",
        "20:27",
        "20:51",
        "21:48",
        "22:16"
    ],
    "saturday": [
        "18:02",
        "18:32",
        "19:02",
        "19:32",
        "20:04",
        "20:30",
        "20:52",
        "21:25",
        "22:10"
    ],
    "holiday": [
        "18:02",
        "18:32",
        "19:02",
        "19:32",
        "20:04",
        "20:30",
        "20:52",
        "21:25",
        "22:10"
    ],
    "url": "https://www.kanachu.co.jp/dia/diagram/timetable01_js/course:0000803842-18/node:00126753/kt:0/lname:/"
}
