{
    "date": "2025/08/30",
    "name": "平楽中学校前",
    "position": "-",
    "system": "",
    "destinations": [
        "中丸(横浜市南区)",
        "増徳院前",
        "山谷(横浜市南区)",
        "中村橋(横浜市南区)",
        "東蒔田町",
        "堀の内町",
        "榎町二丁目",
        "蒔田駅前",
        "蒔田中学校前(横浜市南区)",
        "井土ヶ谷下町",
        "南センター(横浜市南区)",
        "井土ヶ谷"
    ],
    "weekday": [
        "18:51",
        "19:15",
        "20:04",
        "20:28",
        "20:52",
        "21:49",
        "22:17"
    ],
    "saturday": [
        "18:03",
        "18:33",
        "19:03",
        "19:33",
        "20:05",
        "20:31",
        "20:53",
        "21:26",
        "22:11"
    ],
    "holiday": [
        "18:03",
        "18:33",
        "19:03",
        "19:33",
        "20:05",
        "20:31",
        "20:53",
        "21:26",
        "22:11"
    ],
    "url": "https://www.kanachu.co.jp/dia/diagram/timetable01_js/course:0000803842-19/node:00126752/kt:0/lname:/"
}
