{
    "date": "2025/08/30",
    "name": "中丸(横浜市南区)",
    "position": "-",
    "system": "",
    "destinations": [
        "増徳院前",
        "山谷(横浜市南区)",
        "中村橋(横浜市南区)",
        "東蒔田町",
        "堀の内町",
        "榎町二丁目",
        "蒔田駅前",
        "蒔田中学校前(横浜市南区)",
        "井土ヶ谷下町",
        "南センター(横浜市南区)",
        "井土ヶ谷"
    ],
    "weekday": [
        "18:52",
        "19:16",
        "20:05",
        "20:29",
        "20:53",
        "21:50",
        "22:18"
    ],
    "saturday": [
        "18:04",
        "18:34",
        "19:04",
        "19:34",
        "20:06",
        "20:32",
        "20:54",
        "21:27",
        "22:12"
    ],
    "holiday": [
        "18:04",
        "18:34",
        "19:04",
        "19:34",
        "20:06",
        "20:32",
        "20:54",
        "21:27",
        "22:12"
    ],
    "url": "https://www.kanachu.co.jp/dia/diagram/timetable01_js/course:0000803842-20/node:00126751/kt:0/lname:/"
}
