{
    "date": "2025/08/30",
    "name": "堀の内町",
    "position": "-",
    "system": "",
    "destinations": [
        "榎町二丁目",
        "蒔田駅前",
        "蒔田中学校前(横浜市南区)",
        "井土ヶ谷下町",
        "南センター(横浜市南区)",
        "井土ヶ谷"
    ],
    "weekday": [
        "19:02",
        "19:26",
        "20:15",
        "20:39",
        "21:03",
        "22:00",
        "22:28"
    ],
    "saturday": [
        "18:14",
        "18:44",
        "19:14",
        "19:44",
        "20:15",
        "20:41",
        "21:03",
        "21:36",
        "22:21"
    ],
    "holiday": [
        "18:14",
        "18:44",
        "19:14",
        "19:44",
        "20:15",
        "20:41",
        "21:03",
        "21:36",
        "22:21"
    ],
    "url": "https://www.kanachu.co.jp/dia/diagram/timetable01_js/course:0000803842-25/node:00126747/kt:0/lname:/"
}
