{
    "date": "2025/08/30",
    "name": "榎町二丁目",
    "position": "-",
    "system": "",
    "destinations": [
        "蒔田駅前",
        "蒔田中学校前(横浜市南区)",
        "井土ヶ谷下町",
        "南センター(横浜市南区)",
        "井土ヶ谷"
    ],
    "weekday": [
        "19:03",
        "19:27",
        "20:16",
        "20:40",
        "21:04",
        "22:01",
        "22:29"
    ],
    "saturday": [
        "18:15",
        "18:45",
        "19:15",
        "19:45",
        "20:16",
        "20:42",
        "21:04",
        "21:37",
        "22:22"
    ],
    "holiday": [
        "18:15",
        "18:45",
        "19:15",
        "19:45",
        "20:16",
        "20:42",
        "21:04",
        "21:37",
        "22:22"
    ],
    "url": "https://www.kanachu.co.jp/dia/diagram/timetable01_js/course:0000803842-26/node:00126746/kt:0/lname:/"
}
