{
    "date": "2025/08/30",
    "name": "蒔田駅前",
    "position": "-",
    "system": "",
    "destinations": [
        "蒔田中学校前(横浜市南区)",
        "井土ヶ谷下町",
        "南センター(横浜市南区)",
        "井土ヶ谷"
    ],
    "weekday": [
        "19:05",
        "19:29",
        "20:18",
        "20:42",
        "21:06",
        "22:03",
        "22:31"
    ],
    "saturday": [
        "18:17",
        "18:47",
        "19:17",
        "19:47",
        "20:18",
        "20:44",
        "21:06",
        "21:39",
        "22:24"
    ],
    "holiday": [
        "18:17",
        "18:47",
        "19:17",
        "19:47",
        "20:18",
        "20:44",
        "21:06",
        "21:39",
        "22:24"
    ],
    "url": "https://www.kanachu.co.jp/dia/diagram/timetable01_js/course:0000803842-27/node:00103093/kt:0/lname:/"
}
