{
    "date": "2025/08/30",
    "name": "蒔田中学校前(横浜市南区)",
    "position": "-",
    "system": "11",
    "destinations": [
        "井土ヶ谷下町",
        "南センター(横浜市南区)",
        "井土ヶ谷"
    ],
    "weekday": [
        "19:06",
        "19:30",
        "20:19",
        "20:43",
        "21:07",
        "22:04",
        "22:32"
    ],
    "saturday": [
        "18:18",
        "18:48",
        "19:18",
        "19:48",
        "20:19",
        "20:45",
        "21:07",
        "21:40",
        "22:25"
    ],
    "holiday": [
        "18:18",
        "18:48",
        "19:18",
        "19:48",
        "20:19",
        "20:45",
        "21:07",
        "21:40",
        "22:25"
    ],
    "url": "https://www.kanachu.co.jp/dia/diagram/timetable01_js/course:0000803842-28/node:00103130/kt:0/lname:/"
}
