{
    "date": "2025/05/11",
    "name": "港南台駅",
    "position": "-",
    "system": "",
    "destinations": [
        "横浜女子短期大学前",
        "港南台西公園",
        "日野南中学校前",
        "原(横浜市港南区)",
        "野村港南台",
        "つつじヶ丘(横浜市港南区)",
        "小山台(横浜市栄区)",
        "小菅ヶ谷橋",
        "西谷戸(横浜市栄区)",
        "渡戸(横浜市栄区)",
        "滝ノ分",
        "地球市民プラザ",
        "本郷台駅"
    ],
    "weekday": [
        "6:02",
        "6:25",
        "6:57",
        "7:15",
        "7:32",
        "7:49",
        "8:10",
        "8:30",
        "8:50",
        "9:10",
        "9:40",
        "10:10",
        "10:40",
        "11:10",
        "11:40",
        "12:10",
        "12:40",
        "13:10",
        "13:40",
        "14:10",
        "14:40",
        "15:10",
        "15:40",
        "16:10",
        "16:40",
        "17:10",
        "17:40",
        "18:10",
        "18:40",
        "19:10",
        "19:40",
        "20:10",
        "20:40",
        "21:13",
        "21:39",
        "22:15"
    ],
    "saturday": [
        "7:00",
        "7:30",
        "8:00",
        "8:30",
        "9:00",
        "9:30",
        "10:00",
        "10:30",
        "11:00",
        "11:30",
        "12:00",
        "12:30",
        "13:00",
        "13:30",
        "14:00",
        "14:30",
        "15:00",
        "15:30",
        "16:00",
        "16:30",
        "17:00",
        "17:30",
        "18:00",
        "18:30",
        "19:00",
        "19:30",
        "20:18",
        "21:13"
    ],
    "holiday": [
        "7:00",
        "7:30",
        "8:00",
        "8:30",
        "9:00",
        "9:30",
        "10:00",
        "10:30",
        "11:00",
        "11:30",
        "12:00",
        "12:30",
        "13:00",
        "13:30",
        "14:00",
        "14:30",
        "15:00",
        "15:30",
        "16:00",
        "16:30",
        "17:00",
        "17:30",
        "18:00",
        "18:30",
        "19:00",
        "19:30",
        "20:18",
        "21:13"
    ],
    "url": "https://www.kanachu.co.jp/dia/diagram/timetable01_js/course:0000800841-1/node:00025554/kt:0/lname:/"
}
