{
    "date": "2025/05/11",
    "name": "野村港南台",
    "position": "-",
    "system": "",
    "destinations": [
        "つつじヶ丘(横浜市港南区)",
        "小山台(横浜市栄区)",
        "小菅ヶ谷橋",
        "西谷戸(横浜市栄区)",
        "渡戸(横浜市栄区)",
        "滝ノ分",
        "地球市民プラザ",
        "本郷台駅"
    ],
    "weekday": [
        "6:08",
        "6:31",
        "7:03",
        "7:21",
        "7:38",
        "7:55",
        "8:16",
        "8:36",
        "8:56",
        "9:16",
        "9:46",
        "10:16",
        "10:46",
        "11:16",
        "11:46",
        "12:16",
        "12:46",
        "13:16",
        "13:46",
        "14:16",
        "14:46",
        "15:16",
        "15:46",
        "16:16",
        "16:46",
        "17:16",
        "17:46",
        "18:16",
        "18:46",
        "19:16",
        "19:46",
        "20:16",
        "20:46",
        "21:19",
        "21:45",
        "22:21"
    ],
    "saturday": [
        "7:06",
        "7:36",
        "8:06",
        "8:36",
        "9:06",
        "9:36",
        "10:06",
        "10:36",
        "11:06",
        "11:36",
        "12:06",
        "12:36",
        "13:06",
        "13:36",
        "14:06",
        "14:36",
        "15:06",
        "15:36",
        "16:06",
        "16:36",
        "17:06",
        "17:36",
        "18:06",
        "18:36",
        "19:06",
        "19:36",
        "20:24",
        "21:19"
    ],
    "holiday": [
        "7:06",
        "7:36",
        "8:06",
        "8:36",
        "9:06",
        "9:36",
        "10:06",
        "10:36",
        "11:06",
        "11:36",
        "12:06",
        "12:36",
        "13:06",
        "13:36",
        "14:06",
        "14:36",
        "15:06",
        "15:36",
        "16:06",
        "16:36",
        "17:06",
        "17:36",
        "18:06",
        "18:36",
        "19:06",
        "19:36",
        "20:24",
        "21:19"
    ],
    "url": "https://www.kanachu.co.jp/dia/diagram/timetable01_js/course:0000800841-6/node:00126555/kt:0/lname:/"
}
