{
    "date": "2025/05/11",
    "name": "つつじヶ丘(横浜市港南区)",
    "position": "-",
    "system": "",
    "destinations": [
        "小山台(横浜市栄区)",
        "小菅ヶ谷橋",
        "西谷戸(横浜市栄区)",
        "渡戸(横浜市栄区)",
        "滝ノ分",
        "地球市民プラザ",
        "本郷台駅"
    ],
    "weekday": [
        "6:09",
        "6:32",
        "7:04",
        "7:22",
        "7:39",
        "7:56",
        "8:17",
        "8:37",
        "8:57",
        "9:17",
        "9:47",
        "10:17",
        "10:47",
        "11:17",
        "11:47",
        "12:17",
        "12:47",
        "13:17",
        "13:47",
        "14:17",
        "14:47",
        "15:17",
        "15:47",
        "16:17",
        "16:47",
        "17:17",
        "17:47",
        "18:17",
        "18:47",
        "19:17",
        "19:47",
        "20:17",
        "20:47",
        "21:20",
        "21:46",
        "22:22"
    ],
    "saturday": [
        "7:07",
        "7:37",
        "8:07",
        "8:37",
        "9:07",
        "9:37",
        "10:07",
        "10:37",
        "11:07",
        "11:37",
        "12:07",
        "12:37",
        "13:07",
        "13:37",
        "14:07",
        "14:37",
        "15:07",
        "15:37",
        "16:07",
        "16:37",
        "17:07",
        "17:37",
        "18:07",
        "18:37",
        "19:07",
        "19:37",
        "20:25",
        "21:20"
    ],
    "holiday": [
        "7:07",
        "7:37",
        "8:07",
        "8:37",
        "9:07",
        "9:37",
        "10:07",
        "10:37",
        "11:07",
        "11:37",
        "12:07",
        "12:37",
        "13:07",
        "13:37",
        "14:07",
        "14:37",
        "15:07",
        "15:37",
        "16:07",
        "16:37",
        "17:07",
        "17:37",
        "18:07",
        "18:37",
        "19:07",
        "19:37",
        "20:25",
        "21:20"
    ],
    "url": "https://www.kanachu.co.jp/dia/diagram/timetable01_js/course:0000800841-7/node:00126556/kt:0/lname:/"
}
