{
    "date": "2025/05/11",
    "name": "小菅ヶ谷橋",
    "position": "-",
    "system": "138",
    "destinations": [
        "西谷戸(横浜市栄区)",
        "渡戸(横浜市栄区)",
        "滝ノ分",
        "地球市民プラザ",
        "本郷台駅"
    ],
    "weekday": [
        "6:11",
        "6:34",
        "7:06",
        "7:24",
        "7:41",
        "7:58",
        "8:19",
        "8:39",
        "8:59",
        "9:19",
        "9:49",
        "10:19",
        "10:49",
        "11:19",
        "11:49",
        "12:19",
        "12:49",
        "13:19",
        "13:49",
        "14:19",
        "14:49",
        "15:19",
        "15:49",
        "16:19",
        "16:49",
        "17:19",
        "17:49",
        "18:19",
        "18:49",
        "19:19",
        "19:49",
        "20:19",
        "20:49",
        "21:22",
        "21:48",
        "22:24"
    ],
    "saturday": [
        "7:09",
        "7:39",
        "8:09",
        "8:39",
        "9:09",
        "9:39",
        "10:09",
        "10:39",
        "11:09",
        "11:39",
        "12:09",
        "12:39",
        "13:09",
        "13:39",
        "14:09",
        "14:39",
        "15:09",
        "15:39",
        "16:09",
        "16:39",
        "17:09",
        "17:39",
        "18:09",
        "18:39",
        "19:09",
        "19:39",
        "20:27",
        "21:22"
    ],
    "holiday": [
        "7:09",
        "7:39",
        "8:09",
        "8:39",
        "9:09",
        "9:39",
        "10:09",
        "10:39",
        "11:09",
        "11:39",
        "12:09",
        "12:39",
        "13:09",
        "13:39",
        "14:09",
        "14:39",
        "15:09",
        "15:39",
        "16:09",
        "16:39",
        "17:09",
        "17:39",
        "18:09",
        "18:39",
        "19:09",
        "19:39",
        "20:27",
        "21:22"
    ],
    "url": "https://www.kanachu.co.jp/dia/diagram/timetable01_js/course:0000800841-9/node:00126607/kt:0/lname:/"
}
