{
    "date": "2025/08/30",
    "name": "弘明寺口",
    "position": "-",
    "system": "戸01",
    "destinations": [
        "六ツ川町",
        "上六ツ川",
        "大池(横浜市南区)",
        "引越坂",
        "六ツ川四丁目",
        "山谷(横浜市戸塚区)",
        "坂下口",
        "国道平戸",
        "品濃口",
        "赤関橋",
        "柏尾(横浜市戸塚区)",
        "ポーラ前(横浜市戸塚区)",
        "不動坂(横浜市戸塚区)",
        "ブリヂストン前",
        "元町(横浜市戸塚区)",
        "矢部町",
        "戸塚駅東口"
    ],
    "weekday": [
        "6:41",
        "7:05"
    ],
    "saturday": [
        "6:39"
    ],
    "holiday": [
        "6:54"
    ],
    "url": "https://www.kanachu.co.jp/dia/diagram/timetable01_js/course:0000801157-5/node:00126628/kt:0/lname:/"
}
