{
    "date": "2025/08/30",
    "name": "坂下口",
    "position": "-",
    "system": "戸01",
    "destinations": [
        "国道平戸",
        "品濃口",
        "赤関橋",
        "柏尾(横浜市戸塚区)",
        "ポーラ前(横浜市戸塚区)",
        "不動坂(横浜市戸塚区)",
        "ブリヂストン前",
        "元町(横浜市戸塚区)",
        "矢部町",
        "戸塚駅東口"
    ],
    "weekday": [
        "6:52",
        "7:17"
    ],
    "saturday": [
        "6:50"
    ],
    "holiday": [
        "7:05"
    ],
    "url": "https://www.kanachu.co.jp/dia/diagram/timetable01_js/course:0000801157-12/node:00126619/kt:0/lname:/"
}
