{
    "date": "2025/08/30",
    "name": "品濃口",
    "position": "-",
    "system": "戸01",
    "destinations": [
        "赤関橋",
        "柏尾(横浜市戸塚区)",
        "ポーラ前(横浜市戸塚区)",
        "不動坂(横浜市戸塚区)",
        "ブリヂストン前",
        "元町(横浜市戸塚区)",
        "矢部町",
        "戸塚駅東口"
    ],
    "weekday": [
        "6:56",
        "7:21"
    ],
    "saturday": [
        "6:54"
    ],
    "holiday": [
        "7:09"
    ],
    "url": "https://www.kanachu.co.jp/dia/diagram/timetable01_js/course:0000801157-14/node:00126617/kt:0/lname:/"
}
