{
    "date": "2025/08/30",
    "name": "ポーラ前(横浜市戸塚区)",
    "position": "-",
    "system": "戸01",
    "destinations": [
        "不動坂(横浜市戸塚区)",
        "ブリヂストン前",
        "元町(横浜市戸塚区)",
        "矢部町",
        "戸塚駅東口"
    ],
    "weekday": [
        "7:00",
        "7:26"
    ],
    "saturday": [
        "6:58"
    ],
    "holiday": [
        "7:13"
    ],
    "url": "https://www.kanachu.co.jp/dia/diagram/timetable01_js/course:0000801157-17/node:00126614/kt:0/lname:/"
}
