{
    "date": "2020/11/16",
    "name": "六堂辻",
    "position": "-",
    "system": "厚27",
    "destinations": [
        "白山(厚木市)",
        "小金",
        "黄金原",
        "緑ヶ丘入口(厚木市)",
        "アンリツ前",
        "日立アステモ前",
        "厚木高校前",
        "合同庁舎前(厚木市)",
        "市役所入口(厚木市)",
        "本厚木駅",
        "厚木バスセンター"
    ],
    "weekday": [
        "5:46"
    ],
    "saturday": [],
    "holiday": [],
    "url": "https://www.kanachu.co.jp/dia/diagram/timetable01_js/course:0000801996-2/node:00128477/kt:0/lname:/"
}
