{
    "date": "2020/11/16",
    "name": "アンリツ前",
    "position": "-",
    "system": "厚27",
    "destinations": [
        "アステモ[Astemo]前〔旧:日立アステモ前〕",
        "厚木高校前",
        "合同庁舎前(厚木市)",
        "市役所入口(厚木市)",
        "本厚木駅",
        "厚木バスセンター"
    ],
    "weekday": [
        "5:55"
    ],
    "saturday": [],
    "holiday": [],
    "url": "https://www.kanachu.co.jp/dia/diagram/timetable01_js/course:0000801996-7/node:00128468/kt:0/lname:/"
}
