{
    "date": "2025/08/30",
    "name": "南太田駅前",
    "position": "-",
    "system": "戸03",
    "destinations": [
        "前里町",
        "吉野町駅前",
        "吉野町一丁目",
        "阪東橋",
        "横浜橋",
        "曙町(横浜市中区)",
        "長者町五丁目",
        "羽衣町(横浜市中区)",
        "尾上町(横浜市中区)",
        "本町四丁目(横浜市中区)",
        "県庁入口"
    ],
    "weekday": [
        "6:10"
    ],
    "saturday": [
        "6:09"
    ],
    "holiday": [],
    "url": "https://www.kanachu.co.jp/dia/diagram/timetable01_js/course:0000803405-24/node:00126633/kt:0/lname:/"
}
