{
    "date": "2026/01/16",
    "name": "青年橋",
    "position": "-",
    "system": "秦20",
    "destinations": [
        "鳥居前(秦野市)",
        "小蓑毛",
        "才戸入口",
        "久保(秦野市)",
        "中丸橋(秦野市)",
        "東中学校前(秦野市)",
        "藤棚(秦野市)",
        "上原入口",
        "上原台",
        "名古木",
        "落合入口",
        "末広小学校前",
        "下宿(秦野市)",
        "仲宿(秦野市)",
        "上宿通り",
        "大川橋(秦野市)",
        "まほろば大橋",
        "秦野駅"
    ],
    "weekday": [
        "6:11",
        "6:41",
        "7:01",
        "7:21",
        "7:41",
        "8:11",
        "8:41",
        "9:59",
        "10:59",
        "11:49",
        "12:49",
        "13:49",
        "14:49",
        "15:49",
        "16:19",
        "16:49",
        "17:19",
        "17:49",
        "18:19",
        "18:49",
        "19:19",
        "19:49",
        "20:29"
    ],
    "saturday": [
        "6:54",
        "7:29",
        "7:54",
        "8:29",
        "9:59",
        "10:59",
        "11:59",
        "12:59",
        "13:59",
        "14:34",
        "15:34",
        "16:34",
        "17:04",
        "18:04",
        "19:04",
        "20:04",
        "21:04"
    ],
    "holiday": [
        "6:54",
        "7:29",
        "7:54",
        "8:29",
        "9:59",
        "10:59",
        "11:59",
        "12:59",
        "13:59",
        "14:34",
        "15:34",
        "16:34",
        "17:04",
        "18:04",
        "19:04",
        "20:04",
        "21:04"
    ],
    "url": "https://www.kanachu.co.jp/dia/diagram/timetable01_js/course:0000804230-3/node:00127849/kt:0/lname:/"
}
