{
    "date": "2025/04/19",
    "name": "新磯野公園前",
    "position": "-",
    "system": "台02",
    "destinations": [
        "相武台グリーンパーク"
    ],
    "weekday": [
        "6:30",
        "7:00",
        "7:31",
        "8:01",
        "8:31",
        "9:01",
        "9:31",
        "10:01",
        "10:30",
        "11:00",
        "11:30",
        "12:00",
        "12:30",
        "13:00",
        "13:30",
        "14:00",
        "14:30",
        "15:00",
        "15:30",
        "16:00",
        "16:30",
        "17:00",
        "17:31",
        "18:01",
        "18:31",
        "19:01",
        "19:30",
        "20:00",
        "20:30",
        "21:00",
        "21:30"
    ],
    "saturday": [
        "7:00",
        "7:31",
        "8:01",
        "8:31",
        "9:01",
        "9:31",
        "10:01",
        "10:30",
        "11:00",
        "11:30",
        "12:00",
        "12:30",
        "13:00",
        "13:30",
        "14:00",
        "14:30",
        "15:00",
        "15:30",
        "16:00",
        "16:30",
        "17:00",
        "17:31",
        "18:01",
        "18:31",
        "19:01",
        "19:30",
        "20:00",
        "20:30",
        "21:00",
        "21:30"
    ],
    "holiday": [
        "7:31",
        "8:01",
        "8:31",
        "9:01",
        "9:31",
        "10:01",
        "10:30",
        "11:00",
        "11:30",
        "12:00",
        "12:30",
        "13:00",
        "13:30",
        "14:00",
        "14:30",
        "15:00",
        "15:30",
        "16:00",
        "16:30",
        "17:00",
        "17:31",
        "18:01",
        "18:31",
        "19:01",
        "19:30",
        "20:00",
        "20:30",
        "21:00",
        "21:30"
    ],
    "url": "https://www.kanachu.co.jp/dia/diagram/timetable01_js/course:0000800830-3/node:00128601/kt:0/lname:/"
}
