{
    "date": "2025/08/04",
    "name": "峡の原車庫",
    "position": "-",
    "system": "相32",
    "destinations": [
        "峡の原",
        "金属工業団地(相模原市緑区)",
        "緑ヶ丘(相模原市緑区)",
        "橋本十字路",
        "大山団地入口",
        "大河原(相模原市中央区)",
        "清新小学校前",
        "さがみ夢大通り",
        "相模原駅南口"
    ],
    "weekday": [
        "13:10",
        "13:50",
        "14:25",
        "15:05",
        "15:50",
        "16:25",
        "17:15",
        "17:45",
        "18:15",
        "18:40"
    ],
    "saturday": [
        "12:45",
        "13:15",
        "13:45",
        "14:15",
        "15:05",
        "15:35",
        "16:35",
        "17:15",
        "17:55"
    ],
    "holiday": [
        "17:15",
        "17:45"
    ],
    "url": "https://www.kanachu.co.jp/dia/diagram/timetable01_js/course:0000803002-2/node:00129220/kt:0/lname:/"
}
