{
    "date": "2025/08/04",
    "name": "大山団地入口",
    "position": "-",
    "system": "相32",
    "destinations": [
        "大河原(相模原市中央区)",
        "清新小学校前",
        "さがみ夢大通り",
        "相模原駅南口"
    ],
    "weekday": [
        "13:16",
        "13:56",
        "14:31",
        "15:11",
        "15:56",
        "16:31",
        "17:21",
        "17:51",
        "18:21",
        "18:46"
    ],
    "saturday": [
        "12:51",
        "13:21",
        "13:51",
        "14:21",
        "15:11",
        "15:41",
        "16:41",
        "17:21",
        "18:01"
    ],
    "holiday": [
        "17:21",
        "17:51"
    ],
    "url": "https://www.kanachu.co.jp/dia/diagram/timetable01_js/course:0000803002-7/node:00129092/kt:0/lname:/"
}
