{
    "system": "相32",
    "busstops": [
        {
            "index": "1",
            "id": "00130514",
            "name": "相模原協同病院",
            "lat": "35.588482",
            "lng": "139.325322"
        },
        {
            "index": "2",
            "id": "00129220",
            "name": "峡の原車庫",
            "lat": "35.591336",
            "lng": "139.327934"
        },
        {
            "index": "3",
            "id": "00129221",
            "name": "峡の原",
            "lat": "35.58986",
            "lng": "139.331981"
        },
        {
            "index": "4",
            "id": "00129118",
            "name": "金属工業団地(相模原市緑区)",
            "lat": "35.588006",
            "lng": "139.337335"
        },
        {
            "index": "5",
            "id": "00129264",
            "name": "緑ヶ丘(相模原市緑区)",
            "lat": "35.587115",
            "lng": "139.339918"
        },
        {
            "index": "6",
            "id": "00129222",
            "name": "橋本十字路",
            "lat": "35.585864",
            "lng": "139.345707"
        },
        {
            "index": "7",
            "id": "00129092",
            "name": "大山団地入口",
            "lat": "35.585227",
            "lng": "139.347754"
        },
        {
            "index": "8",
            "id": "00129099",
            "name": "大河原(相模原市中央区)",
            "lat": "35.582169",
            "lng": "139.3562"
        },
        {
            "index": "9",
            "id": "00129174",
            "name": "清新小学校前",
            "lat": "35.578832",
            "lng": "139.362057"
        },
        {
            "index": "10",
            "id": "00129080",
            "name": "さがみ夢大通り",
            "lat": "35.577995",
            "lng": "139.368831"
        },
        {
            "index": "11",
            "id": "00129335",
            "name": "相模原駅南口",
            "lat": "35.580691",
            "lng": "139.371167"
        }
    ],
    "route_url": "https://www.kanachu.co.jp/dia/route/index/cid:0000803002/"
}
