{
    "date": "2026/01/16",
    "name": "原店(横浜市瀬谷区)",
    "position": "-",
    "system": "境11",
    "destinations": [
        "向原(横浜市瀬谷区)",
        "原中学校前",
        "三ツ境小学校前",
        "旭ヶ丘(横浜市瀬谷区)",
        "住宅前(横浜市瀬谷区)",
        "富士見台(横浜市瀬谷区)",
        "富士見通り商店街",
        "三ツ境駅"
    ],
    "weekday": [
        "5:45",
        "5:58",
        "6:08",
        "6:24",
        "6:32",
        "6:47",
        "6:54",
        "7:01",
        "7:15",
        "7:22",
        "7:29",
        "7:41",
        "7:47",
        "7:53",
        "7:59",
        "8:06",
        "8:21",
        "8:31",
        "8:54",
        "9:10",
        "9:42",
        "10:12",
        "10:27",
        "10:57",
        "11:27",
        "11:42",
        "12:12",
        "12:42",
        "12:57",
        "13:27",
        "13:57",
        "14:12",
        "14:42",
        "15:12",
        "15:27",
        "15:57",
        "16:27",
        "16:42",
        "17:12",
        "17:42",
        "18:13",
        "18:23",
        "18:43",
        "18:53",
        "19:18",
        "19:48",
        "20:33",
        "20:58",
        "21:28",
        "21:56",
        "22:41"
    ],
    "saturday": [
        "5:48",
        "6:22",
        "7:12",
        "7:42",
        "8:12",
        "8:27",
        "8:57",
        "9:27",
        "9:42",
        "10:12",
        "10:42",
        "10:57",
        "11:27",
        "11:57",
        "12:12",
        "12:42",
        "13:12",
        "13:27",
        "13:57",
        "14:27",
        "14:42",
        "15:12",
        "15:42",
        "15:57",
        "16:27",
        "16:57",
        "17:12",
        "17:42",
        "18:12",
        "18:27",
        "18:57",
        "19:27",
        "19:42",
        "20:12",
        "20:52",
        "21:37"
    ],
    "holiday": [
        "5:48",
        "6:22",
        "7:12",
        "7:42",
        "8:12",
        "8:27",
        "8:57",
        "9:27",
        "9:42",
        "10:12",
        "10:42",
        "10:57",
        "11:27",
        "11:57",
        "12:12",
        "12:42",
        "13:12",
        "13:27",
        "13:57",
        "14:27",
        "14:42",
        "15:12",
        "15:42",
        "15:57",
        "16:27",
        "16:57",
        "17:12",
        "17:42",
        "18:12",
        "18:27",
        "18:57",
        "19:27",
        "19:42",
        "20:12",
        "20:52",
        "21:37"
    ],
    "url": "https://www.kanachu.co.jp/dia/diagram/timetable01_js/course:0000804282-4/node:00126946/kt:0/lname:/"
}
