{
    "system": "境11",
    "busstops": [
        {
            "index": "1",
            "id": "00126950",
            "name": "宮沢(横浜市瀬谷区)",
            "lat": "35.449011",
            "lng": "139.491114"
        },
        {
            "index": "2",
            "id": "00126949",
            "name": "西村(横浜市瀬谷区)",
            "lat": "35.449141",
            "lng": "139.494198"
        },
        {
            "index": "3",
            "id": "00126699",
            "name": "阿久和山谷",
            "lat": "35.448897",
            "lng": "139.497065"
        },
        {
            "index": "4",
            "id": "00126946",
            "name": "原店(横浜市瀬谷区)",
            "lat": "35.449638",
            "lng": "139.498793"
        },
        {
            "index": "5",
            "id": "00126947",
            "name": "向原(横浜市瀬谷区)",
            "lat": "35.452276",
            "lng": "139.49801"
        },
        {
            "index": "6",
            "id": "00126948",
            "name": "原中学校前",
            "lat": "35.454811",
            "lng": "139.49725"
        },
        {
            "index": "7",
            "id": "00126686",
            "name": "三ツ境小学校前",
            "lat": "35.459268",
            "lng": "139.497881"
        },
        {
            "index": "8",
            "id": "00126685",
            "name": "旭ヶ丘(横浜市瀬谷区)",
            "lat": "35.458643",
            "lng": "139.499115"
        },
        {
            "index": "9",
            "id": "00126703",
            "name": "住宅前(横浜市瀬谷区)",
            "lat": "35.461699",
            "lng": "139.500043"
        },
        {
            "index": "10",
            "id": "00126704",
            "name": "富士見台(横浜市瀬谷区)",
            "lat": "35.464473",
            "lng": "139.500302"
        },
        {
            "index": "11",
            "id": "00126705",
            "name": "富士見通り商店街",
            "lat": "35.467652",
            "lng": "139.500877"
        },
        {
            "index": "12",
            "id": "00126706",
            "name": "三ツ境駅",
            "lat": "35.466956",
            "lng": "139.504247"
        }
    ],
    "route_url": "https://www.kanachu.co.jp/dia/route/index/cid:0000804282/"
}
