{
    "date": "2025/08/30",
    "name": "浜松町(横浜市西区)",
    "position": "-",
    "system": "",
    "destinations": [
        "水道道",
        "久保町(横浜市西区)",
        "西久保町",
        "保土ヶ谷駅東口",
        "保土ヶ谷橋",
        "八幡橋(横浜市保土ケ谷区)",
        "保土ヶ谷町2丁目",
        "樹源寺前",
        "元町橋交番前",
        "権太坂",
        "権太坂上",
        "児童遊園地入口",
        "狩場町",
        "平和台",
        "山谷(横浜市戸塚区)",
        "坂下口",
        "平戸(横浜市港南区)",
        "芹が谷団地前",
        "せりぎんタウン",
        "芹が谷"
    ],
    "weekday": [
        "6:42",
        "7:30",
        "8:28",
        "9:30",
        "10:44",
        "11:44",
        "12:34",
        "13:24",
        "14:24",
        "15:24",
        "16:24",
        "17:24",
        "18:24",
        "19:24",
        "20:23",
        "21:16",
        "22:07"
    ],
    "saturday": [
        "6:45",
        "7:27",
        "8:43",
        "9:08",
        "10:25",
        "11:29",
        "12:29",
        "13:29",
        "14:29",
        "15:24",
        "16:24",
        "17:24",
        "18:24",
        "19:23",
        "20:33",
        "21:16"
    ],
    "holiday": [
        "6:45",
        "7:27",
        "8:43",
        "9:08",
        "10:25",
        "11:29",
        "12:29",
        "13:29",
        "14:29",
        "15:24",
        "16:24",
        "17:24",
        "18:24",
        "19:23",
        "20:33",
        "21:16"
    ],
    "url": "https://www.kanachu.co.jp/dia/diagram/timetable01_js/course:0000802099-6/node:00102929/kt:0/lname:/"
}
