{
    "date": "2025/08/30",
    "name": "水道道",
    "position": "-",
    "system": "",
    "destinations": [
        "久保町(横浜市西区)",
        "西久保町",
        "保土ヶ谷駅東口",
        "保土ヶ谷橋",
        "八幡橋(横浜市保土ケ谷区)",
        "保土ヶ谷町2丁目",
        "樹源寺前",
        "元町橋交番前",
        "権太坂",
        "権太坂上",
        "児童遊園地入口",
        "狩場町",
        "平和台",
        "山谷(横浜市戸塚区)",
        "坂下口",
        "平戸(横浜市港南区)",
        "芹が谷団地前",
        "せりぎんタウン",
        "芹が谷"
    ],
    "weekday": [
        "6:43",
        "7:31",
        "8:29",
        "9:31",
        "10:45",
        "11:45",
        "12:35",
        "13:25",
        "14:25",
        "15:25",
        "16:25",
        "17:25",
        "18:25",
        "19:25",
        "20:24",
        "21:17",
        "22:08"
    ],
    "saturday": [
        "6:46",
        "7:28",
        "8:44",
        "9:09",
        "10:26",
        "11:30",
        "12:30",
        "13:30",
        "14:30",
        "15:25",
        "16:25",
        "17:25",
        "18:25",
        "19:24",
        "20:34",
        "21:17"
    ],
    "holiday": [
        "6:46",
        "7:28",
        "8:44",
        "9:09",
        "10:26",
        "11:30",
        "12:30",
        "13:30",
        "14:30",
        "15:25",
        "16:25",
        "17:25",
        "18:25",
        "19:24",
        "20:34",
        "21:17"
    ],
    "url": "https://www.kanachu.co.jp/dia/diagram/timetable01_js/course:0000802099-7/node:00102647/kt:0/lname:/"
}
