{
    "date": "2025/08/30",
    "name": "せりぎんタウン",
    "position": "-",
    "system": "",
    "destinations": [
        "芹が谷"
    ],
    "weekday": [
        "7:14",
        "8:05",
        "9:03",
        "10:05",
        "11:19",
        "12:19",
        "13:09",
        "13:59",
        "14:59",
        "15:59",
        "16:59",
        "17:59",
        "18:59",
        "19:55",
        "20:54",
        "21:47",
        "22:38"
    ],
    "saturday": [
        "7:14",
        "7:56",
        "9:14",
        "9:39",
        "11:00",
        "12:04",
        "13:04",
        "14:04",
        "15:04",
        "15:59",
        "16:59",
        "17:59",
        "18:59",
        "19:54",
        "21:04",
        "21:47"
    ],
    "holiday": [
        "7:14",
        "7:56",
        "9:14",
        "9:39",
        "11:00",
        "12:04",
        "13:04",
        "14:04",
        "15:04",
        "15:59",
        "16:59",
        "17:59",
        "18:59",
        "19:54",
        "21:04",
        "21:47"
    ],
    "url": "https://www.kanachu.co.jp/dia/diagram/timetable01_js/course:0000802099-25/node:00126568/kt:0/lname:/"
}
