{
    "date": "2025/10/06",
    "name": "三ヶ木",
    "position": "-",
    "system": "湖21",
    "destinations": [
        "桜木(相模原市緑区)",
        "道志橋",
        "沼本",
        "寸沢嵐遺跡前",
        "寸沢嵐",
        "阿津",
        "内郷診療所前",
        "相模湖林間公園入口",
        "石老山入口",
        "さがみ湖MORIMORI前",
        "関川",
        "嵐山(相模原市緑区)",
        "嵐山橋",
        "相模湖大橋",
        "相模湖公園前",
        "相模湖総合事務所前",
        "相模湖駅"
    ],
    "weekday": [
        "6:55",
        "7:44",
        "8:26",
        "8:56",
        "9:56",
        "11:05",
        "12:05",
        "13:16",
        "14:15",
        "15:15",
        "16:10",
        "17:01",
        "18:15",
        "19:15",
        "20:04",
        "21:03"
    ],
    "saturday": [
        "7:05",
        "7:28",
        "8:00",
        "8:26",
        "9:00",
        "9:27",
        "10:30",
        "11:25",
        "12:15",
        "12:40",
        "13:36",
        "14:41",
        "15:30",
        "16:35",
        "17:37",
        "18:40",
        "19:34",
        "20:40"
    ],
    "holiday": [
        "7:05",
        "7:28",
        "8:00",
        "8:26",
        "9:00",
        "9:27",
        "10:30",
        "11:25",
        "12:15",
        "12:40",
        "13:36",
        "14:41",
        "15:30",
        "16:35",
        "17:37",
        "18:40",
        "19:34",
        "20:40"
    ],
    "url": "https://www.kanachu.co.jp/dia/diagram/timetable01_js/course:0000803805-1/node:00128750/kt:0/lname:/"
}
