{
    "date": "2025/10/06",
    "name": "沼本",
    "position": "-",
    "system": "湖21",
    "destinations": [
        "寸沢嵐遺跡前",
        "寸沢嵐",
        "阿津",
        "内郷診療所前",
        "相模湖林間公園入口",
        "石老山入口",
        "さがみ湖MORIMORI前",
        "関川",
        "嵐山(相模原市緑区)",
        "嵐山橋",
        "相模湖大橋",
        "相模湖公園前",
        "相模湖総合事務所前",
        "相模湖駅"
    ],
    "weekday": [
        "6:57",
        "7:46",
        "8:28",
        "8:58",
        "9:58",
        "11:07",
        "12:07",
        "13:18",
        "14:17",
        "15:17",
        "16:12",
        "17:03",
        "18:17",
        "19:17",
        "20:06",
        "21:05"
    ],
    "saturday": [
        "7:07",
        "7:30",
        "8:02",
        "8:28",
        "9:02",
        "9:29",
        "10:32",
        "11:27",
        "12:17",
        "12:42",
        "13:38",
        "14:43",
        "15:32",
        "16:37",
        "17:39",
        "18:42",
        "19:36",
        "20:42"
    ],
    "holiday": [
        "7:07",
        "7:30",
        "8:02",
        "8:28",
        "9:02",
        "9:29",
        "10:32",
        "11:27",
        "12:17",
        "12:42",
        "13:38",
        "14:43",
        "15:32",
        "16:37",
        "17:39",
        "18:42",
        "19:36",
        "20:42"
    ],
    "url": "https://www.kanachu.co.jp/dia/diagram/timetable01_js/course:0000803805-4/node:00128904/kt:0/lname:/"
}
