{
    "date": "2025/10/06",
    "name": "内郷診療所前",
    "position": "-",
    "system": "湖21",
    "destinations": [
        "相模湖林間公園入口",
        "石老山入口",
        "さがみ湖MORIMORI前",
        "関川",
        "嵐山(相模原市緑区)",
        "嵐山橋",
        "相模湖大橋",
        "相模湖公園前",
        "相模湖総合事務所前",
        "相模湖駅"
    ],
    "weekday": [
        "7:00",
        "7:49",
        "8:31",
        "9:01",
        "10:01",
        "11:10",
        "12:10",
        "13:21",
        "14:20",
        "15:20",
        "16:15",
        "17:06",
        "18:20",
        "19:20",
        "20:09",
        "21:08"
    ],
    "saturday": [
        "7:10",
        "7:33",
        "8:05",
        "8:31",
        "9:05",
        "9:32",
        "10:35",
        "11:30",
        "12:20",
        "12:45",
        "13:41",
        "14:46",
        "15:35",
        "16:40",
        "17:42",
        "18:45",
        "19:39",
        "20:45"
    ],
    "holiday": [
        "7:10",
        "7:33",
        "8:05",
        "8:31",
        "9:05",
        "9:32",
        "10:35",
        "11:30",
        "12:20",
        "12:45",
        "13:41",
        "14:46",
        "15:35",
        "16:40",
        "17:42",
        "18:45",
        "19:39",
        "20:45"
    ],
    "url": "https://www.kanachu.co.jp/dia/diagram/timetable01_js/course:0000803805-8/node:00128909/kt:0/lname:/"
}
