{
    "date": "2025/10/06",
    "name": "嵐山(相模原市緑区)",
    "position": "-",
    "system": "湖21",
    "destinations": [
        "嵐山橋",
        "相模湖大橋",
        "相模湖公園前",
        "相模湖総合事務所前",
        "相模湖駅"
    ],
    "weekday": [
        "7:05",
        "7:54",
        "8:36",
        "9:06",
        "10:06",
        "11:15",
        "12:15",
        "13:26",
        "14:25",
        "15:25",
        "16:20",
        "17:11",
        "18:25",
        "19:25",
        "20:14",
        "21:13"
    ],
    "saturday": [
        "7:15",
        "7:38",
        "8:10",
        "8:36",
        "9:10",
        "9:37",
        "10:40",
        "11:35",
        "12:25",
        "12:50",
        "13:46",
        "14:51",
        "15:40",
        "16:45",
        "17:47",
        "18:50",
        "19:44",
        "20:50"
    ],
    "holiday": [
        "7:15",
        "7:38",
        "8:10",
        "8:36",
        "9:10",
        "9:37",
        "10:40",
        "11:35",
        "12:25",
        "12:50",
        "13:46",
        "14:51",
        "15:40",
        "16:45",
        "17:47",
        "18:50",
        "19:44",
        "20:50"
    ],
    "url": "https://www.kanachu.co.jp/dia/diagram/timetable01_js/course:0000803805-13/node:00128913/kt:0/lname:/"
}
