{
    "date": "2025/10/06",
    "name": "嵐山橋",
    "position": "-",
    "system": "湖21",
    "destinations": [
        "相模湖大橋",
        "相模湖公園前",
        "相模湖総合事務所前",
        "相模湖駅"
    ],
    "weekday": [
        "7:06",
        "7:55",
        "8:37",
        "9:07",
        "10:07",
        "11:16",
        "12:16",
        "13:27",
        "14:26",
        "15:26",
        "16:21",
        "17:12",
        "18:26",
        "19:26",
        "20:15",
        "21:14"
    ],
    "saturday": [
        "7:16",
        "7:39",
        "8:11",
        "8:37",
        "9:11",
        "9:38",
        "10:41",
        "11:36",
        "12:26",
        "12:51",
        "13:47",
        "14:52",
        "15:41",
        "16:46",
        "17:48",
        "18:51",
        "19:45",
        "20:51"
    ],
    "holiday": [
        "7:16",
        "7:39",
        "8:11",
        "8:37",
        "9:11",
        "9:38",
        "10:41",
        "11:36",
        "12:26",
        "12:51",
        "13:47",
        "14:52",
        "15:41",
        "16:46",
        "17:48",
        "18:51",
        "19:45",
        "20:51"
    ],
    "url": "https://www.kanachu.co.jp/dia/diagram/timetable01_js/course:0000803805-14/node:00128914/kt:0/lname:/"
}
