{
    "date": "2025/08/30",
    "name": "上大岡駅",
    "position": "-",
    "system": "上31",
    "destinations": [
        "関の下",
        "笹下港南中央通り",
        "港南区総合庁舎前",
        "吉原(横浜市港南区)",
        "吉原前",
        "日野三丁目",
        "シティクレスト前",
        "日野ヶ丘東",
        "日野ヶ丘中央",
        "日野サザンポート前",
        "公務員住宅中央",
        "下野庭三田"
    ],
    "weekday": [
        "12:20",
        "13:35",
        "19:34",
        "21:55"
    ],
    "saturday": [
        "9:28",
        "18:38",
        "19:53",
        "21:07"
    ],
    "holiday": [
        "9:28",
        "19:34"
    ],
    "url": "https://www.kanachu.co.jp/dia/diagram/timetable01_js/course:0000803840-1/node:00102366/kt:0/lname:/"
}
