{
    "date": "2025/08/30",
    "name": "笹下港南中央通り",
    "position": "-",
    "system": "上31",
    "destinations": [
        "港南区総合庁舎前",
        "吉原(横浜市港南区)",
        "吉原前",
        "日野三丁目",
        "シティクレスト前",
        "日野ヶ丘東",
        "日野ヶ丘中央",
        "日野サザンポート前",
        "公務員住宅中央",
        "下野庭三田"
    ],
    "weekday": [
        "12:22",
        "13:37",
        "19:36",
        "21:57"
    ],
    "saturday": [
        "9:30",
        "18:40",
        "19:55",
        "21:09"
    ],
    "holiday": [
        "9:30",
        "19:36"
    ],
    "url": "https://www.kanachu.co.jp/dia/diagram/timetable01_js/course:0000803840-3/node:00126558/kt:0/lname:/"
}
