{
    "date": "2025/08/30",
    "name": "港南区総合庁舎前",
    "position": "-",
    "system": "上31",
    "destinations": [
        "吉原(横浜市港南区)",
        "吉原前",
        "日野三丁目",
        "シティクレスト前",
        "日野ヶ丘東",
        "日野ヶ丘中央",
        "日野サザンポート前",
        "公務員住宅中央",
        "下野庭三田"
    ],
    "weekday": [
        "12:24",
        "13:39",
        "19:38",
        "21:59"
    ],
    "saturday": [
        "9:32",
        "18:42",
        "19:57",
        "21:11"
    ],
    "holiday": [
        "9:32",
        "19:38"
    ],
    "url": "https://www.kanachu.co.jp/dia/diagram/timetable01_js/course:0000803840-4/node:00102499/kt:0/lname:/"
}
