{
    "date": "2025/08/30",
    "name": "吉原前",
    "position": "-",
    "system": "上31",
    "destinations": [
        "日野三丁目",
        "シティクレスト前",
        "日野ヶ丘東",
        "日野ヶ丘中央",
        "日野サザンポート前",
        "公務員住宅中央",
        "下野庭三田"
    ],
    "weekday": [
        "12:26",
        "13:41",
        "19:40",
        "22:01"
    ],
    "saturday": [
        "9:34",
        "18:44",
        "19:59",
        "21:13"
    ],
    "holiday": [
        "9:34",
        "19:40"
    ],
    "url": "https://www.kanachu.co.jp/dia/diagram/timetable01_js/course:0000803840-6/node:00126766/kt:0/lname:/"
}
