{
    "date": "2025/08/30",
    "name": "日野サザンポート前",
    "position": "-",
    "system": "上31",
    "destinations": [
        "公務員住宅中央",
        "下野庭三田"
    ],
    "weekday": [
        "12:33",
        "13:48",
        "19:47",
        "22:08"
    ],
    "saturday": [
        "9:41",
        "18:51",
        "20:06",
        "21:20"
    ],
    "holiday": [
        "9:41",
        "19:47"
    ],
    "url": "https://www.kanachu.co.jp/dia/diagram/timetable01_js/course:0000803840-11/node:00126771/kt:0/lname:/"
}
