{
    "date": "2025/08/30",
    "name": "公務員住宅中央",
    "position": "-",
    "system": "上31",
    "destinations": [
        "下野庭三田"
    ],
    "weekday": [
        "12:34",
        "13:49",
        "19:48",
        "22:09"
    ],
    "saturday": [
        "9:42",
        "18:52",
        "20:07",
        "21:21"
    ],
    "holiday": [
        "9:42",
        "19:48"
    ],
    "url": "https://www.kanachu.co.jp/dia/diagram/timetable01_js/course:0000803840-12/node:00126772/kt:0/lname:/"
}
