{
    "date": "2025/01/06",
    "name": "三ツ沢西町",
    "position": "-",
    "system": "",
    "destinations": [
        "岡沢下",
        "岡沢町",
        "横浜新道",
        "常盤園前",
        "和田町交差点",
        "保土ヶ谷中学校前",
        "上星川",
        "杉山神社前(横浜市保土ケ谷区)",
        "川島町(横浜市保土ケ谷区)",
        "西谷妙福寺前",
        "梅の木保育園前",
        "梅の木(横浜市保土ケ谷区)",
        "山崎(横浜市保土ケ谷区)",
        "富士見橋(横浜市保土ケ谷区)",
        "寺下橋",
        "中田(横浜市保土ケ谷区)",
        "上菅田町",
        "笹山(横浜市保土ケ谷区)",
        "辻山",
        "地蔵前(横浜市緑区)",
        "鴨居町",
        "中村通",
        "鴨居橋",
        "白山一丁目(横浜市緑区)",
        "緑車庫前",
        "白山ハイテクパーク",
        "石神(横浜市緑区)",
        "上山町(横浜市緑区)",
        "中山小学校南",
        "中山町",
        "西村橋",
        "中山駅"
    ],
    "weekday": [
        "7:26",
        "7:44",
        "8:05",
        "8:59",
        "10:28",
        "11:42",
        "13:08",
        "14:42",
        "15:43",
        "16:57",
        "18:05",
        "19:10",
        "20:05",
        "20:39"
    ],
    "saturday": [
        "7:22",
        "8:07",
        "8:59",
        "10:22",
        "11:44",
        "12:57",
        "13:52",
        "14:52",
        "15:52",
        "16:51",
        "17:51",
        "18:52",
        "19:50"
    ],
    "holiday": [
        "7:22",
        "8:07",
        "8:57",
        "10:20",
        "11:42",
        "12:52",
        "13:52",
        "14:52",
        "15:52",
        "16:52",
        "17:50",
        "18:50",
        "19:50"
    ],
    "url": "https://www.kanachu.co.jp/dia/diagram/timetable01_js/course:0000803667-13/node:00103113/kt:0/lname:/"
}
