{
    "date": "2025/01/06",
    "name": "保土ヶ谷中学校前",
    "position": "-",
    "system": "",
    "destinations": [
        "上星川",
        "杉山神社前(横浜市保土ケ谷区)",
        "川島町(横浜市保土ケ谷区)",
        "西谷妙福寺前",
        "梅の木保育園前",
        "梅の木(横浜市保土ケ谷区)",
        "山崎(横浜市保土ケ谷区)",
        "富士見橋(横浜市保土ケ谷区)",
        "寺下橋",
        "中田(横浜市保土ケ谷区)",
        "上菅田町",
        "笹山(横浜市保土ケ谷区)",
        "辻山",
        "地蔵前(横浜市緑区)",
        "鴨居町",
        "中村通",
        "鴨居橋",
        "白山一丁目(横浜市緑区)",
        "緑車庫前",
        "白山ハイテクパーク",
        "石神(横浜市緑区)",
        "上山町(横浜市緑区)",
        "中山小学校南",
        "中山町",
        "西村橋",
        "中山駅"
    ],
    "weekday": [
        "7:34",
        "7:52",
        "8:12",
        "9:06",
        "10:35",
        "11:49",
        "13:14",
        "14:48",
        "15:49",
        "17:03",
        "18:15",
        "19:16",
        "20:11",
        "20:45"
    ],
    "saturday": [
        "7:28",
        "8:13",
        "9:05",
        "10:28",
        "11:50",
        "13:03",
        "13:58",
        "14:58",
        "15:58",
        "17:01",
        "18:01",
        "18:58",
        "19:56"
    ],
    "holiday": [
        "7:28",
        "8:13",
        "9:03",
        "10:26",
        "11:48",
        "12:58",
        "13:58",
        "14:58",
        "15:58",
        "16:59",
        "17:56",
        "18:56",
        "19:56"
    ],
    "url": "https://www.kanachu.co.jp/dia/diagram/timetable01_js/course:0000803667-19/node:00103040/kt:0/lname:/"
}
