{
    "date": "2025/01/06",
    "name": "上菅田町",
    "position": "-",
    "system": "",
    "destinations": [
        "笹山(横浜市保土ケ谷区)",
        "辻山",
        "地蔵前(横浜市緑区)",
        "鴨居町",
        "中村通",
        "鴨居橋",
        "白山一丁目(横浜市緑区)",
        "緑車庫前",
        "白山ハイテクパーク",
        "石神(横浜市緑区)",
        "上山町(横浜市緑区)",
        "中山小学校南",
        "中山町",
        "西村橋",
        "中山駅"
    ],
    "weekday": [
        "7:49",
        "8:06",
        "8:26",
        "9:20",
        "10:49",
        "12:03",
        "13:28",
        "15:02",
        "16:03",
        "17:17",
        "18:29",
        "19:28",
        "20:23",
        "20:57"
    ],
    "saturday": [
        "7:40",
        "8:27",
        "9:19",
        "10:42",
        "12:04",
        "13:17",
        "14:12",
        "15:12",
        "16:12",
        "17:15",
        "18:15",
        "19:11",
        "20:08"
    ],
    "holiday": [
        "7:40",
        "8:25",
        "9:15",
        "10:38",
        "12:00",
        "13:12",
        "14:12",
        "15:12",
        "16:12",
        "17:13",
        "18:10",
        "19:09",
        "20:08"
    ],
    "url": "https://www.kanachu.co.jp/dia/diagram/timetable01_js/course:0000803667-30/node:00102370/kt:0/lname:/"
}
