{
    "date": "2025/01/06",
    "name": "辻山",
    "position": "-",
    "system": "",
    "destinations": [
        "地蔵前(横浜市緑区)",
        "鴨居町",
        "中村通",
        "鴨居橋",
        "白山一丁目(横浜市緑区)",
        "緑車庫前",
        "白山ハイテクパーク",
        "石神(横浜市緑区)",
        "上山町(横浜市緑区)",
        "中山小学校南",
        "中山町",
        "西村橋",
        "中山駅"
    ],
    "weekday": [
        "7:53",
        "8:09",
        "8:29",
        "9:23",
        "10:52",
        "12:06",
        "13:31",
        "15:05",
        "16:06",
        "17:20",
        "18:32",
        "19:31",
        "20:26",
        "21:00"
    ],
    "saturday": [
        "7:43",
        "8:30",
        "9:22",
        "10:45",
        "12:07",
        "13:20",
        "14:15",
        "15:15",
        "16:15",
        "17:18",
        "18:18",
        "19:14",
        "20:11"
    ],
    "holiday": [
        "7:43",
        "8:28",
        "9:18",
        "10:41",
        "12:03",
        "13:15",
        "14:15",
        "15:15",
        "16:15",
        "17:16",
        "18:13",
        "19:12",
        "20:11"
    ],
    "url": "https://www.kanachu.co.jp/dia/diagram/timetable01_js/course:0000803667-32/node:00102742/kt:0/lname:/"
}
