{
    "date": "2025/01/06",
    "name": "白山ハイテクパーク",
    "position": "-",
    "system": "",
    "destinations": [
        "石神(横浜市緑区)",
        "上山町(横浜市緑区)",
        "中山小学校南",
        "中山町",
        "西村橋",
        "中山駅"
    ],
    "weekday": [
        "8:05",
        "8:19",
        "8:39",
        "9:33",
        "11:02",
        "12:16",
        "13:41",
        "15:15",
        "16:16",
        "17:30",
        "18:41",
        "19:40",
        "20:35",
        "21:09"
    ],
    "saturday": [
        "7:52",
        "8:40",
        "9:32",
        "10:55",
        "12:17",
        "13:30",
        "14:25",
        "15:25",
        "16:27",
        "17:30",
        "18:28",
        "19:23",
        "20:20"
    ],
    "holiday": [
        "7:52",
        "8:37",
        "9:27",
        "10:50",
        "12:13",
        "13:25",
        "14:25",
        "15:25",
        "16:25",
        "17:26",
        "18:23",
        "19:21",
        "20:20"
    ],
    "url": "https://www.kanachu.co.jp/dia/diagram/timetable01_js/course:0000803667-39/node:00102939/kt:0/lname:/"
}
