{
    "date": "2025/01/06",
    "name": "上山町(横浜市緑区)",
    "position": "-",
    "system": "",
    "destinations": [
        "中山小学校南",
        "中山町",
        "西村橋",
        "中山駅"
    ],
    "weekday": [
        "8:07",
        "8:21",
        "8:41",
        "9:35",
        "11:04",
        "12:18",
        "13:43",
        "15:17",
        "16:18",
        "17:32",
        "18:43",
        "19:42",
        "20:37",
        "21:11"
    ],
    "saturday": [
        "7:54",
        "8:42",
        "9:34",
        "10:57",
        "12:19",
        "13:32",
        "14:27",
        "15:27",
        "16:29",
        "17:32",
        "18:30",
        "19:25",
        "20:22"
    ],
    "holiday": [
        "7:54",
        "8:39",
        "9:29",
        "10:52",
        "12:15",
        "13:27",
        "14:27",
        "15:27",
        "16:27",
        "17:28",
        "18:25",
        "19:23",
        "20:22"
    ],
    "url": "https://www.kanachu.co.jp/dia/diagram/timetable01_js/course:0000803667-41/node:00102371/kt:0/lname:/"
}
