{
    "date": "2025/02/24",
    "name": "横浜薬大南門",
    "position": "-",
    "system": "戸52",
    "destinations": [
        "三叉路(横浜市戸塚区)",
        "横浜医療センター前",
        "原宿(横浜市戸塚区)",
        "大運寺",
        "吹上(横浜市戸塚区)",
        "西横浜国際総合病院前",
        "新道大坂上",
        "大坂上(横浜市戸塚区)",
        "大坂台",
        "大坂下",
        "八坂神社前",
        "消防署前(横浜市戸塚区)",
        "戸塚駅西口",
        "戸塚バスセンター"
    ],
    "weekday": [
        "6:00",
        "6:18",
        "6:27",
        "6:32",
        "6:59",
        "7:03",
        "7:14",
        "7:21",
        "7:30",
        "7:37",
        "7:42",
        "7:53",
        "8:22",
        "8:50",
        "9:03",
        "10:14",
        "20:00",
        "21:19",
        "21:43"
    ],
    "saturday": [
        "5:41",
        "6:09",
        "21:01",
        "21:25",
        "21:49"
    ],
    "holiday": [
        "5:41",
        "6:12",
        "6:57",
        "7:27",
        "21:01",
        "21:25",
        "21:49"
    ],
    "url": "https://www.kanachu.co.jp/dia/diagram/timetable01_js/course:0000803589-2/node:00126821/kt:0/lname:/"
}
