{
    "date": "2025/02/24",
    "name": "原宿(横浜市戸塚区)",
    "position": "-",
    "system": "戸52",
    "destinations": [
        "大運寺",
        "吹上(横浜市戸塚区)",
        "西横浜国際総合病院前",
        "新道大坂上",
        "大坂上(横浜市戸塚区)",
        "大坂台",
        "大坂下",
        "八坂神社前",
        "消防署前(横浜市戸塚区)",
        "戸塚駅西口",
        "戸塚バスセンター"
    ],
    "weekday": [
        "6:05",
        "6:23",
        "6:33",
        "6:39",
        "7:06",
        "7:10",
        "7:21",
        "7:28",
        "7:37",
        "7:44",
        "7:49",
        "8:00",
        "8:29",
        "8:57",
        "9:08",
        "10:19",
        "20:05",
        "21:24",
        "21:48"
    ],
    "saturday": [
        "5:45",
        "6:13",
        "21:05",
        "21:29",
        "21:53"
    ],
    "holiday": [
        "5:45",
        "6:16",
        "7:01",
        "7:31",
        "21:05",
        "21:29",
        "21:53"
    ],
    "url": "https://www.kanachu.co.jp/dia/diagram/timetable01_js/course:0000803589-5/node:00126818/kt:0/lname:/"
}
