{
    "date": "2025/01/06",
    "name": "鴨居町",
    "position": "-",
    "system": "横51",
    "destinations": [
        "中村通",
        "鴨居橋",
        "白山一丁目(横浜市緑区)",
        "緑車庫前",
        "白山ハイテクパーク",
        "石神(横浜市緑区)",
        "上山町(横浜市緑区)",
        "中山小学校南",
        "中山町",
        "西村橋",
        "中山駅"
    ],
    "weekday": [
        "7:39"
    ],
    "saturday": [
        "7:19"
    ],
    "holiday": [],
    "url": "https://www.kanachu.co.jp/dia/diagram/timetable01_js/course:0000803673-28/node:00102377/kt:0/lname:/"
}
