{
    "date": "2025/01/06",
    "name": "緑車庫前",
    "position": "-",
    "system": "横51",
    "destinations": [
        "白山ハイテクパーク",
        "石神(横浜市緑区)",
        "上山町(横浜市緑区)",
        "中山小学校南",
        "中山町",
        "西村橋",
        "中山駅"
    ],
    "weekday": [
        "7:46"
    ],
    "saturday": [
        "7:25"
    ],
    "holiday": [],
    "url": "https://www.kanachu.co.jp/dia/diagram/timetable01_js/course:0000803673-32/node:00103124/kt:0/lname:/"
}
