{
    "date": "2025/03/15",
    "name": "代官三丁目",
    "position": "-",
    "system": "長33",
    "destinations": [
        "本蓼川",
        "廻り坂",
        "深谷原",
        "鶴ヶ岡",
        "大法寺(綾瀬市)",
        "上落合(綾瀬市)",
        "落合(綾瀬市)",
        "中川橋",
        "上土棚",
        "並塚",
        "上谷台",
        "長後駅西口"
    ],
    "weekday": [
        "6:38",
        "7:38",
        "8:13",
        "9:50",
        "11:28",
        "12:58",
        "14:28",
        "15:58",
        "17:28",
        "18:15"
    ],
    "saturday": [
        "8:06",
        "9:38",
        "11:08",
        "12:38",
        "14:08",
        "15:38",
        "17:10"
    ],
    "holiday": [
        "8:06",
        "9:38",
        "11:08",
        "12:38",
        "14:08",
        "15:38",
        "17:10"
    ],
    "url": "https://www.kanachu.co.jp/dia/diagram/timetable01_js/course:0000800720-7/node:00129993/kt:0/lname:/"
}
