{
    "date": "2025/03/15",
    "name": "廻り坂",
    "position": "-",
    "system": "長33",
    "destinations": [
        "深谷原",
        "鶴ヶ岡",
        "大法寺(綾瀬市)",
        "上落合(綾瀬市)",
        "落合(綾瀬市)",
        "中川橋",
        "上土棚",
        "並塚",
        "上谷台",
        "長後駅西口"
    ],
    "weekday": [
        "6:41",
        "7:44",
        "8:16",
        "9:53",
        "11:31",
        "13:01",
        "14:31",
        "16:01",
        "17:31",
        "18:18"
    ],
    "saturday": [
        "8:09",
        "9:41",
        "11:11",
        "12:41",
        "14:11",
        "15:41",
        "17:13"
    ],
    "holiday": [
        "8:09",
        "9:41",
        "11:11",
        "12:41",
        "14:11",
        "15:41",
        "17:13"
    ],
    "url": "https://www.kanachu.co.jp/dia/diagram/timetable01_js/course:0000800720-9/node:00129854/kt:0/lname:/"
}
