{
    "date": "2025/03/15",
    "name": "大法寺(綾瀬市)",
    "position": "-",
    "system": "長33",
    "destinations": [
        "上落合(綾瀬市)",
        "落合(綾瀬市)",
        "中川橋",
        "上土棚",
        "並塚",
        "上谷台",
        "長後駅西口"
    ],
    "weekday": [
        "6:44",
        "7:47",
        "8:19",
        "9:56",
        "11:34",
        "13:04",
        "14:34",
        "16:04",
        "17:34",
        "18:21"
    ],
    "saturday": [
        "8:12",
        "9:44",
        "11:14",
        "12:44",
        "14:14",
        "15:44",
        "17:16"
    ],
    "holiday": [
        "8:12",
        "9:44",
        "11:14",
        "12:44",
        "14:14",
        "15:44",
        "17:16"
    ],
    "url": "https://www.kanachu.co.jp/dia/diagram/timetable01_js/course:0000800720-12/node:00129851/kt:0/lname:/"
}
