{
    "date": "2025/03/15",
    "name": "並塚",
    "position": "-",
    "system": "長33",
    "destinations": [
        "上谷台",
        "長後駅西口"
    ],
    "weekday": [
        "6:52",
        "7:58",
        "8:27",
        "10:04",
        "11:40",
        "13:10",
        "14:40",
        "16:10",
        "17:40",
        "18:27"
    ],
    "saturday": [
        "8:18",
        "9:50",
        "11:20",
        "12:50",
        "14:20",
        "15:50",
        "17:22"
    ],
    "holiday": [
        "8:18",
        "9:50",
        "11:20",
        "12:50",
        "14:20",
        "15:50",
        "17:22"
    ],
    "url": "https://www.kanachu.co.jp/dia/diagram/timetable01_js/course:0000800720-17/node:00129847/kt:0/lname:/"
}
