{
    "date": "2025/03/15",
    "name": "上谷台",
    "position": "-",
    "system": "長33",
    "destinations": [
        "長後駅西口"
    ],
    "weekday": [
        "6:53",
        "7:59",
        "8:28",
        "10:05",
        "11:41",
        "13:11",
        "14:41",
        "16:11",
        "17:41",
        "18:28"
    ],
    "saturday": [
        "8:19",
        "9:51",
        "11:21",
        "12:51",
        "14:21",
        "15:51",
        "17:23"
    ],
    "holiday": [
        "8:19",
        "9:51",
        "11:21",
        "12:51",
        "14:21",
        "15:51",
        "17:23"
    ],
    "url": "https://www.kanachu.co.jp/dia/diagram/timetable01_js/course:0000800720-18/node:00129846/kt:0/lname:/"
}
