{
    "system": "長33",
    "busstops": [
        {
            "index": "1",
            "id": "00129624",
            "name": "桜ヶ丘駅西口",
            "lat": "35.450584",
            "lng": "139.465199"
        },
        {
            "index": "2",
            "id": "00129998",
            "name": "福田三丁目",
            "lat": "35.445154",
            "lng": "139.463943"
        },
        {
            "index": "3",
            "id": "00129997",
            "name": "福田四丁目",
            "lat": "35.441375",
            "lng": "139.463104"
        },
        {
            "index": "4",
            "id": "00129996",
            "name": "札の辻(大和市)",
            "lat": "35.437142",
            "lng": "139.461135"
        },
        {
            "index": "5",
            "id": "00129995",
            "name": "千本桜商店街",
            "lat": "35.437875",
            "lng": "139.459368"
        },
        {
            "index": "6",
            "id": "00129994",
            "name": "代官二丁目",
            "lat": "35.441791",
            "lng": "139.455535"
        },
        {
            "index": "7",
            "id": "00129993",
            "name": "代官三丁目",
            "lat": "35.441141",
            "lng": "139.453588"
        },
        {
            "index": "8",
            "id": "00129855",
            "name": "本蓼川",
            "lat": "35.438791",
            "lng": "139.446819"
        },
        {
            "index": "9",
            "id": "00129854",
            "name": "廻り坂",
            "lat": "35.436061",
            "lng": "139.443909"
        },
        {
            "index": "10",
            "id": "00129853",
            "name": "深谷原",
            "lat": "35.4348",
            "lng": "139.441787"
        },
        {
            "index": "11",
            "id": "00129852",
            "name": "鶴ヶ岡",
            "lat": "35.432825",
            "lng": "139.43967"
        },
        {
            "index": "12",
            "id": "00129851",
            "name": "大法寺(綾瀬市)",
            "lat": "35.429689",
            "lng": "139.436648"
        },
        {
            "index": "13",
            "id": "00129990",
            "name": "上落合(綾瀬市)",
            "lat": "35.424696",
            "lng": "139.438351"
        },
        {
            "index": "14",
            "id": "00129850",
            "name": "落合(綾瀬市)",
            "lat": "35.423781",
            "lng": "139.439272"
        },
        {
            "index": "15",
            "id": "00129849",
            "name": "中川橋",
            "lat": "35.42149",
            "lng": "139.443958"
        },
        {
            "index": "16",
            "id": "00129848",
            "name": "上土棚",
            "lat": "35.420007",
            "lng": "139.448639"
        },
        {
            "index": "17",
            "id": "00129847",
            "name": "並塚",
            "lat": "35.419716",
            "lng": "139.452997"
        },
        {
            "index": "18",
            "id": "00129846",
            "name": "上谷台",
            "lat": "35.417633",
            "lng": "139.458494"
        },
        {
            "index": "19",
            "id": "00129812",
            "name": "長後駅西口",
            "lat": "35.412472",
            "lng": "139.465116"
        }
    ],
    "route_url": "https://www.kanachu.co.jp/dia/route/index/cid:0000800720/"
}
