{
    "date": "2024/03/16",
    "name": "第四小学校前(町田市)",
    "position": "-",
    "system": "町27",
    "destinations": [
        "森野三丁目",
        "市民病院前(町田市)",
        "浄水場前(町田市)",
        "滝の沢(町田市)",
        "木曽住宅",
        "三家(町田市)",
        "木曽(町田市)",
        "忠生公園入口",
        "上宿(町田市)",
        "下根岸(町田市)",
        "根岸(根岸町/町田市)",
        "馬駈",
        "図師大橋",
        "日影橋",
        "日大三高入口",
        "桜橋(町田市)",
        "大泉寺",
        "山の端",
        "小山田小学校前",
        "押越",
        "小山田(町田市)"
    ],
    "weekday": [
        "6:57",
        "7:27",
        "7:57",
        "8:57",
        "21:56"
    ],
    "saturday": [
        "6:57",
        "7:57",
        "8:57",
        "21:26"
    ],
    "holiday": [
        "6:56",
        "7:57",
        "8:56",
        "21:26"
    ],
    "url": "https://www.kanachu.co.jp/dia/diagram/timetable01_js/course:0000802475-3/node:00129357/kt:0/lname:/"
}
