{
    "date": "2024/03/16",
    "name": "山の端",
    "position": "-",
    "system": "町27",
    "destinations": [
        "小山田小学校前",
        "押越",
        "小山田(町田市)"
    ],
    "weekday": [
        "7:16",
        "7:46",
        "8:16",
        "9:17",
        "22:17"
    ],
    "saturday": [
        "7:16",
        "8:16",
        "9:16",
        "21:46"
    ],
    "holiday": [
        "7:16",
        "8:16",
        "9:17",
        "21:46"
    ],
    "url": "https://www.kanachu.co.jp/dia/diagram/timetable01_js/course:0000802475-21/node:00129411/kt:0/lname:/"
}
