{
    "date": "2025/11/16",
    "name": "三福寺前",
    "position": "-",
    "system": "伊82",
    "destinations": [
        "藤田電機前(伊勢原市)",
        "西沼目",
        "つきみの団地",
        "沼目",
        "大田小学校前",
        "下谷(伊勢原市)",
        "沖小稲葉",
        "小稲葉",
        "下小稲葉",
        "枝大島入口",
        "横内上",
        "横内四ツ角",
        "横内公民館入口",
        "横内下",
        "横内団地前",
        "今里(平塚市)",
        "坂口(平塚市)"
    ],
    "weekday": [
        "20:27",
        "21:42"
    ],
    "saturday": [
        "20:52"
    ],
    "holiday": [
        "20:52"
    ],
    "url": "https://www.kanachu.co.jp/dia/diagram/timetable01_js/course:0000800926-3/node:00128095/kt:0/lname:/"
}
