{
    "date": "2025/11/16",
    "name": "沼目",
    "position": "-",
    "system": "伊82",
    "destinations": [
        "大田小学校前",
        "下谷(伊勢原市)",
        "沖小稲葉",
        "小稲葉",
        "下小稲葉",
        "枝大島入口",
        "横内上",
        "横内四ツ角",
        "横内公民館入口",
        "横内下",
        "横内団地前",
        "今里(平塚市)",
        "坂口(平塚市)"
    ],
    "weekday": [
        "20:31",
        "21:46"
    ],
    "saturday": [
        "20:56"
    ],
    "holiday": [
        "20:56"
    ],
    "url": "https://www.kanachu.co.jp/dia/diagram/timetable01_js/course:0000800926-7/node:00128099/kt:0/lname:/"
}
