{
    "date": "2025/11/16",
    "name": "下小稲葉",
    "position": "-",
    "system": "伊82",
    "destinations": [
        "枝大島入口",
        "横内上",
        "横内四ツ角",
        "横内公民館入口",
        "横内下",
        "横内団地前",
        "今里(平塚市)",
        "坂口(平塚市)"
    ],
    "weekday": [
        "20:36",
        "21:51"
    ],
    "saturday": [
        "21:01"
    ],
    "holiday": [
        "21:01"
    ],
    "url": "https://www.kanachu.co.jp/dia/diagram/timetable01_js/course:0000800926-12/node:00127619/kt:0/lname:/"
}
