{
    "date": "2025/11/16",
    "name": "横内四ツ角",
    "position": "-",
    "system": "伊82",
    "destinations": [
        "横内公民館入口",
        "横内下",
        "横内団地前",
        "今里(平塚市)",
        "坂口(平塚市)"
    ],
    "weekday": [
        "20:40",
        "21:55"
    ],
    "saturday": [
        "21:05"
    ],
    "holiday": [
        "21:05"
    ],
    "url": "https://www.kanachu.co.jp/dia/diagram/timetable01_js/course:0000800926-15/node:00127616/kt:0/lname:/"
}
