{
    "date": "2024/03/16",
    "name": "久保ヶ谷戸",
    "position": "-",
    "system": "橋78",
    "destinations": [
        "寿橋",
        "寿町(相模原市緑区)",
        "旭農協前",
        "橋本駅北口"
    ],
    "weekday": [
        "6:26",
        "7:06",
        "7:36",
        "8:41",
        "9:41",
        "10:36",
        "11:36",
        "12:36",
        "13:36",
        "14:36",
        "15:36"
    ],
    "saturday": [
        "7:06",
        "7:36",
        "8:41",
        "9:41",
        "10:36",
        "11:36",
        "12:41",
        "13:36",
        "14:36",
        "15:36"
    ],
    "holiday": [
        "7:06",
        "7:36",
        "8:41",
        "9:41",
        "10:36",
        "11:36",
        "12:41",
        "13:36",
        "14:36",
        "15:36"
    ],
    "url": "https://www.kanachu.co.jp/dia/diagram/timetable01_js/course:0000800124-5/node:00128992/kt:0/lname:/"
}
