{
    "date": "2024/03/16",
    "name": "寿橋",
    "position": "-",
    "system": "橋78",
    "destinations": [
        "寿町(相模原市緑区)",
        "旭農協前",
        "橋本駅北口"
    ],
    "weekday": [
        "6:27",
        "7:07",
        "7:37",
        "8:42",
        "9:42",
        "10:37",
        "11:37",
        "12:37",
        "13:37",
        "14:37",
        "15:37"
    ],
    "saturday": [
        "7:07",
        "7:37",
        "8:42",
        "9:42",
        "10:37",
        "11:37",
        "12:42",
        "13:37",
        "14:37",
        "15:37"
    ],
    "holiday": [
        "7:07",
        "7:37",
        "8:42",
        "9:42",
        "10:37",
        "11:37",
        "12:42",
        "13:37",
        "14:37",
        "15:37"
    ],
    "url": "https://www.kanachu.co.jp/dia/diagram/timetable01_js/course:0000800124-6/node:00130222/kt:0/lname:/"
}
