{
    "date": "2026/01/16",
    "name": "職業安定所前(相模原市中央区)",
    "position": "-",
    "system": "相29",
    "destinations": [
        "千代田一丁目",
        "千代田十字路",
        "千代田五丁目",
        "光が丘一丁目(相模原市中央区)",
        "光が丘小学校前",
        "光が丘大通り",
        "光が丘三丁目(相模原市中央区)",
        "緑が丘一丁目(相模原市中央区)",
        "陽光台六丁目",
        "相模原浄水場",
        "麻溝車庫",
        "友愛病院前",
        "北里大学病院・北里大学"
    ],
    "weekday": [
        "7:38",
        "7:53",
        "8:18",
        "9:41",
        "10:01",
        "11:46",
        "13:46",
        "21:17"
    ],
    "saturday": [
        "14:42",
        "19:27",
        "20:37"
    ],
    "holiday": [
        "14:42",
        "18:17",
        "19:27",
        "20:37"
    ],
    "url": "https://www.kanachu.co.jp/dia/diagram/timetable01_js/course:0000804034-8/node:00128535/kt:0/lname:/"
}
