{
    "date": "2026/01/16",
    "name": "麻溝車庫",
    "position": "-",
    "system": "相29",
    "destinations": [
        "友愛病院前",
        "北里大学病院・北里大学"
    ],
    "weekday": [
        "7:52",
        "8:07",
        "8:32",
        "9:55",
        "10:15",
        "12:00",
        "14:00",
        "21:29"
    ],
    "saturday": [
        "14:54",
        "19:39",
        "20:49"
    ],
    "holiday": [
        "14:54",
        "18:29",
        "19:39",
        "20:48"
    ],
    "url": "https://www.kanachu.co.jp/dia/diagram/timetable01_js/course:0000804034-19/node:00129224/kt:0/lname:/"
}
