{
    "date": "2023/04/25",
    "name": "八幡入口",
    "position": "-",
    "system": "平58",
    "destinations": [
        "八幡(平塚市)",
        "八幡公民館入口",
        "古河電工入口",
        "泉蔵院前",
        "四ノ宮(平塚市)",
        "大念寺前",
        "前鳥神社前",
        "ふじみ園前",
        "大江工業前",
        "平塚市リサイクルプラザ",
        "鹿見堂橋",
        "駒返橋",
        "田村十字路",
        "相模神田",
        "農協神田支所前",
        "柳の内",
        "大神工業団地入口",
        "大神工業団地"
    ],
    "weekday": [
        "7:11",
        "20:24"
    ],
    "saturday": [],
    "holiday": [],
    "url": "https://www.kanachu.co.jp/dia/diagram/timetable01_js/course:0000800578-5/node:00127645/kt:0/lname:/"
}
