{
    "date": "2023/04/25",
    "name": "泉蔵院前",
    "position": "-",
    "system": "平58",
    "destinations": [
        "四ノ宮(平塚市)",
        "大念寺前",
        "前鳥神社前",
        "ふじみ園前",
        "大江工業前",
        "平塚市リサイクルプラザ",
        "鹿見堂橋",
        "駒返橋",
        "田村十字路",
        "相模神田",
        "農協神田支所前",
        "柳の内",
        "大神工業団地入口",
        "大神工業団地"
    ],
    "weekday": [
        "7:15",
        "20:27"
    ],
    "saturday": [],
    "holiday": [],
    "url": "https://www.kanachu.co.jp/dia/diagram/timetable01_js/course:0000800578-9/node:00127655/kt:0/lname:/"
}
