{
    "date": "2023/04/25",
    "name": "前鳥神社前",
    "position": "-",
    "system": "平58",
    "destinations": [
        "ふじみ園前",
        "大江工業前",
        "平塚市リサイクルプラザ",
        "鹿見堂橋",
        "駒返橋",
        "田村十字路",
        "相模神田",
        "農協神田支所前",
        "柳の内",
        "大神工業団地入口",
        "大神工業団地"
    ],
    "weekday": [
        "7:19",
        "20:31"
    ],
    "saturday": [],
    "holiday": [],
    "url": "https://www.kanachu.co.jp/dia/diagram/timetable01_js/course:0000800578-12/node:00127658/kt:0/lname:/"
}
