{
    "date": "2025/10/20",
    "name": "観性寺前",
    "position": "-",
    "system": "成02",
    "destinations": [
        "中村(町田市成瀬)",
        "成瀬高校入口",
        "南成瀬",
        "成瀬駅"
    ],
    "weekday": [
        "6:34",
        "7:00",
        "7:22",
        "7:41",
        "8:10",
        "8:50",
        "9:15",
        "10:15",
        "12:27",
        "14:27",
        "16:25",
        "17:10",
        "18:45"
    ],
    "saturday": [
        "7:27",
        "8:25",
        "9:22",
        "11:27",
        "12:27",
        "14:27",
        "16:27",
        "17:27",
        "18:27"
    ],
    "holiday": [
        "9:07",
        "11:27",
        "12:27",
        "14:27",
        "16:27",
        "17:27",
        "18:27"
    ],
    "url": "https://www.kanachu.co.jp/dia/diagram/timetable01_js/course:0000800384-5/node:00129559/kt:0/lname:/"
}
