{
    "date": "2025/10/20",
    "name": "南成瀬",
    "position": "-",
    "system": "成02",
    "destinations": [
        "成瀬駅"
    ],
    "weekday": [
        "6:37",
        "7:03",
        "7:25",
        "7:44",
        "8:13",
        "8:53",
        "9:18",
        "10:18",
        "12:30",
        "14:30",
        "16:28",
        "17:13",
        "18:48"
    ],
    "saturday": [
        "7:30",
        "8:28",
        "9:25",
        "11:30",
        "12:30",
        "14:30",
        "16:30",
        "17:30",
        "18:30"
    ],
    "holiday": [
        "9:10",
        "11:30",
        "12:30",
        "14:30",
        "16:30",
        "17:30",
        "18:30"
    ],
    "url": "https://www.kanachu.co.jp/dia/diagram/timetable01_js/course:0000800384-8/node:00129562/kt:0/lname:/"
}
