{
    "date": "2025/10/01",
    "name": "二宮駅北口",
    "position": "-",
    "system": "",
    "destinations": [
        "吾妻神社前(中郡二宮町)",
        "山西(中郡二宮町)",
        "山西防災コミュニティセンター",
        "密厳院北",
        "川勾神社入口",
        "山西プール前",
        "釜野交差点東",
        "山西小学校前",
        "釜野隧道",
        "中里2丁目",
        "南5号前",
        "南4号前",
        "団地中央(中郡二宮町)",
        "県営団地入口(二宮町)",
        "中里(中郡二宮町)",
        "中島(中郡二宮町)",
        "元町北(二宮町)",
        "栗谷前",
        "松根",
        "富士見が丘3丁目北",
        "富士見が丘3丁目入口",
        "寿考園前",
        "富士見が丘児童館前",
        "富士見が丘交差点上",
        "ラディアン",
        "二宮駅北口"
    ],
    "weekday": [
        "8:45",
        "13:45"
    ],
    "saturday": [],
    "holiday": [],
    "url": "https://www.kanachu.co.jp/dia/diagram/timetable01_js/course:0000803900-1/node:00127683/kt:0/lname:/"
}
