{
    "date": "2025/04/01",
    "name": "三家(町田市)",
    "position": "-",
    "system": "町31",
    "destinations": [
        "木曽住宅",
        "滝の沢(町田市)",
        "浄水場前(町田市)",
        "市民病院前(町田市)",
        "森野三丁目",
        "第四小学校前(町田市)",
        "町田市役所市民ホール前",
        "町田バスセンター"
    ],
    "weekday": [
        "7:02",
        "8:08",
        "8:43",
        "10:08",
        "11:08",
        "11:48",
        "12:33",
        "13:33",
        "14:58",
        "15:48",
        "16:33",
        "17:35",
        "19:11"
    ],
    "saturday": [
        "7:38",
        "9:17",
        "10:57",
        "12:37",
        "14:20",
        "16:17"
    ],
    "holiday": [
        "7:46",
        "9:17",
        "10:57",
        "12:37",
        "14:17",
        "16:07"
    ],
    "url": "https://www.kanachu.co.jp/dia/diagram/timetable01_js/course:0000803324-15/node:00129363/kt:0/lname:/"
}
