{
    "date": "2025/09/03",
    "name": "橋本駅北口",
    "position": "-",
    "system": "橋75",
    "destinations": [
        "旭農協前",
        "寿町(相模原市緑区)",
        "寿橋",
        "多摩美術大学南",
        "多摩美大坂上",
        "多摩美大東",
        "多摩美術大学(八王子市)"
    ],
    "weekday": [
        "8:05",
        "8:12",
        "8:20",
        "8:26",
        "8:31",
        "8:38",
        "8:46",
        "8:52",
        "8:57",
        "9:05",
        "9:10",
        "9:16",
        "9:22",
        "9:28",
        "9:34",
        "9:42",
        "9:52",
        "10:00",
        "10:10",
        "10:18",
        "10:26",
        "10:36",
        "10:48",
        "11:00",
        "11:20",
        "11:48",
        "12:05",
        "12:20",
        "12:35",
        "12:45",
        "12:55",
        "13:05",
        "13:20",
        "13:40",
        "14:05",
        "14:25",
        "14:52",
        "15:05",
        "15:20",
        "15:35",
        "15:52",
        "16:05",
        "16:24",
        "16:58",
        "17:18",
        "17:28",
        "17:55",
        "18:20",
        "18:35",
        "18:58",
        "19:15",
        "19:30",
        "19:47"
    ],
    "saturday": [
        "8:05",
        "8:15",
        "8:25",
        "8:35",
        "8:42",
        "8:52",
        "9:00",
        "9:15",
        "9:30",
        "9:50",
        "10:15",
        "10:25",
        "10:50",
        "11:10",
        "11:50",
        "12:25",
        "12:35",
        "12:45",
        "12:50",
        "13:20",
        "13:30",
        "14:25",
        "14:55",
        "15:30",
        "15:45",
        "16:15",
        "16:45",
        "16:58",
        "17:15",
        "17:30",
        "17:45",
        "18:03",
        "18:35",
        "18:50",
        "19:30"
    ],
    "holiday": [
        "8:10",
        "8:38",
        "9:25",
        "9:55",
        "10:25",
        "10:55",
        "11:25",
        "11:55",
        "12:25",
        "12:55",
        "13:25",
        "13:55",
        "14:25",
        "14:55",
        "15:25",
        "15:55",
        "16:25",
        "16:55",
        "17:25",
        "17:55",
        "18:25",
        "18:55"
    ],
    "url": "https://www.kanachu.co.jp/dia/diagram/timetable01_js/course:0000800715-1/node:00128969/kt:0/lname:/"
}
