{
    "date": "2025/09/03",
    "name": "寿橋",
    "position": "-",
    "system": "橋75",
    "destinations": [
        "多摩美術大学南",
        "多摩美大坂上",
        "多摩美大東",
        "多摩美術大学(八王子市)"
    ],
    "weekday": [
        "8:07",
        "8:14",
        "8:22",
        "8:28",
        "8:33",
        "8:40",
        "8:48",
        "8:54",
        "8:59",
        "9:07",
        "9:12",
        "9:18",
        "9:24",
        "9:30",
        "9:36",
        "9:44",
        "9:54",
        "10:02",
        "10:12",
        "10:20",
        "10:28",
        "10:38",
        "10:50",
        "11:02",
        "11:22",
        "11:50",
        "12:07",
        "12:22",
        "12:37",
        "12:47",
        "12:57",
        "13:07",
        "13:22",
        "13:42",
        "14:07",
        "14:27",
        "14:54",
        "15:07",
        "15:22",
        "15:37",
        "15:54",
        "16:07",
        "16:26",
        "17:00",
        "17:20",
        "17:30",
        "17:57",
        "18:22",
        "18:37",
        "19:00",
        "19:17",
        "19:32",
        "19:49"
    ],
    "saturday": [
        "8:07",
        "8:17",
        "8:27",
        "8:37",
        "8:44",
        "8:54",
        "9:02",
        "9:17",
        "9:32",
        "9:52",
        "10:17",
        "10:27",
        "10:52",
        "11:12",
        "11:52",
        "12:27",
        "12:37",
        "12:47",
        "12:52",
        "13:22",
        "13:32",
        "14:27",
        "14:57",
        "15:32",
        "15:47",
        "16:17",
        "16:47",
        "17:00",
        "17:17",
        "17:32",
        "17:47",
        "18:05",
        "18:37",
        "18:52",
        "19:32"
    ],
    "holiday": [
        "8:12",
        "8:40",
        "9:27",
        "9:57",
        "10:27",
        "10:57",
        "11:27",
        "11:57",
        "12:27",
        "12:57",
        "13:27",
        "13:57",
        "14:27",
        "14:57",
        "15:27",
        "15:57",
        "16:27",
        "16:57",
        "17:27",
        "17:57",
        "18:27",
        "18:57"
    ],
    "url": "https://www.kanachu.co.jp/dia/diagram/timetable01_js/course:0000800715-4/node:00130222/kt:0/lname:/"
}
