{
    "system": "橋75",
    "busstops": [
        {
            "index": "1",
            "id": "00128969",
            "name": "橋本駅北口",
            "lat": "35.595571",
            "lng": "139.344236"
        },
        {
            "index": "2",
            "id": "00020098",
            "name": "旭農協前",
            "lat": "35.597185",
            "lng": "139.34619"
        },
        {
            "index": "3",
            "id": "00128991",
            "name": "寿町(相模原市緑区)",
            "lat": "35.599163",
            "lng": "139.347471"
        },
        {
            "index": "4",
            "id": "00130222",
            "name": "寿橋",
            "lat": "35.601847",
            "lng": "139.348319"
        },
        {
            "index": "5",
            "id": "00130115",
            "name": "多摩美術大学南",
            "lat": "35.605996",
            "lng": "139.350301"
        },
        {
            "index": "6",
            "id": "00130133",
            "name": "多摩美大坂上",
            "lat": "35.608222",
            "lng": "139.351336"
        },
        {
            "index": "7",
            "id": "00020772",
            "name": "多摩美大東",
            "lat": "35.611411",
            "lng": "139.351546"
        },
        {
            "index": "8",
            "id": "00020770",
            "name": "多摩美術大学(八王子市)",
            "lat": "35.612542",
            "lng": "139.351199"
        }
    ],
    "route_url": "https://www.kanachu.co.jp/dia/route/index/cid:0000800715/"
}
