{
    "date": "2024/03/16",
    "name": "中野町",
    "position": "-",
    "system": "港93",
    "destinations": [
        "稲荷森",
        "山手学院入口",
        "本郷車庫前(横浜市栄区)",
        "紅葉橋(横浜市栄区)",
        "光明寺(横浜市栄区)",
        "みどりが丘南",
        "みどりが丘(横浜市栄区)",
        "みどりが丘東"
    ],
    "weekday": [
        "8:20",
        "11:01",
        "11:56",
        "12:55",
        "13:55",
        "14:52",
        "15:52",
        "16:47",
        "17:47",
        "18:47",
        "19:47",
        "20:37"
    ],
    "saturday": [
        "9:41",
        "10:41",
        "11:41",
        "12:41",
        "13:41",
        "14:41",
        "15:41",
        "16:41",
        "17:41",
        "18:41"
    ],
    "holiday": [
        "9:41",
        "10:41",
        "11:41",
        "12:41",
        "13:41",
        "14:41",
        "15:41",
        "16:41",
        "17:41",
        "18:41"
    ],
    "url": "https://www.kanachu.co.jp/dia/diagram/timetable01_js/course:0000800930-7/node:00126511/kt:0/lname:/"
}
