{
    "date": "2024/03/16",
    "name": "稲荷森",
    "position": "-",
    "system": "港93",
    "destinations": [
        "山手学院入口",
        "本郷車庫前(横浜市栄区)",
        "紅葉橋(横浜市栄区)",
        "光明寺(横浜市栄区)",
        "みどりが丘南",
        "みどりが丘(横浜市栄区)",
        "みどりが丘東"
    ],
    "weekday": [
        "8:21",
        "11:02",
        "11:57",
        "12:56",
        "13:56",
        "14:53",
        "15:53",
        "16:48",
        "17:48",
        "18:48",
        "19:48",
        "20:38"
    ],
    "saturday": [
        "9:42",
        "10:42",
        "11:42",
        "12:42",
        "13:42",
        "14:42",
        "15:42",
        "16:42",
        "17:42",
        "18:42"
    ],
    "holiday": [
        "9:42",
        "10:42",
        "11:42",
        "12:42",
        "13:42",
        "14:42",
        "15:42",
        "16:42",
        "17:42",
        "18:42"
    ],
    "url": "https://www.kanachu.co.jp/dia/diagram/timetable01_js/course:0000800930-8/node:00126512/kt:0/lname:/"
}
