{
    "date": "2024/03/16",
    "name": "山手学院入口",
    "position": "-",
    "system": "港93",
    "destinations": [
        "本郷車庫前(横浜市栄区)",
        "紅葉橋(横浜市栄区)",
        "光明寺(横浜市栄区)",
        "みどりが丘南",
        "みどりが丘(横浜市栄区)",
        "みどりが丘東"
    ],
    "weekday": [
        "8:22",
        "11:03",
        "11:58",
        "12:57",
        "13:57",
        "14:54",
        "15:54",
        "16:49",
        "17:49",
        "18:49",
        "19:49",
        "20:39"
    ],
    "saturday": [
        "9:43",
        "10:43",
        "11:43",
        "12:43",
        "13:43",
        "14:43",
        "15:44",
        "16:44",
        "17:44",
        "18:44"
    ],
    "holiday": [
        "9:43",
        "10:43",
        "11:43",
        "12:43",
        "13:43",
        "14:43",
        "15:44",
        "16:44",
        "17:44",
        "18:44"
    ],
    "url": "https://www.kanachu.co.jp/dia/diagram/timetable01_js/course:0000800930-9/node:00126513/kt:0/lname:/"
}
