{
    "date": "2024/03/16",
    "name": "みどりが丘南",
    "position": "-",
    "system": "港93",
    "destinations": [
        "みどりが丘(横浜市栄区)",
        "みどりが丘東"
    ],
    "weekday": [
        "8:27",
        "11:08",
        "12:03",
        "13:02",
        "14:02",
        "14:59",
        "15:59",
        "16:54",
        "17:54",
        "18:54",
        "19:54",
        "20:43"
    ],
    "saturday": [
        "9:47",
        "10:48",
        "11:48",
        "12:48",
        "13:49",
        "14:49",
        "15:50",
        "16:50",
        "17:50",
        "18:50"
    ],
    "holiday": [
        "9:47",
        "10:48",
        "11:48",
        "12:48",
        "13:49",
        "14:49",
        "15:50",
        "16:50",
        "17:50",
        "18:50"
    ],
    "url": "https://www.kanachu.co.jp/dia/diagram/timetable01_js/course:0000800930-13/node:00126528/kt:0/lname:/"
}
