{
    "date": "2025/08/30",
    "name": "日限山",
    "position": "-",
    "system": "舞01",
    "destinations": [
        "丸山台中学校前",
        "丸山台(横浜市港南区)",
        "上永谷駅",
        "馬洗橋",
        "北永作",
        "永作",
        "下車ヶ谷",
        "吉原小学校前(横浜市港南区)",
        "新吉原橋",
        "吉原(横浜市港南区)",
        "港南区総合庁舎前",
        "笹下港南中央通り",
        "関の下",
        "上大岡駅"
    ],
    "weekday": [
        "5:44",
        "8:39",
        "9:39",
        "10:39",
        "11:39",
        "12:39",
        "13:39",
        "14:39",
        "15:39",
        "16:52",
        "17:52",
        "18:52"
    ],
    "saturday": [
        "8:39",
        "9:39",
        "10:39",
        "11:39",
        "12:39",
        "13:39",
        "14:39",
        "15:39",
        "16:52",
        "17:52",
        "18:52"
    ],
    "holiday": [
        "8:40",
        "9:40",
        "10:39",
        "11:39",
        "12:39",
        "13:39",
        "14:39",
        "15:39",
        "16:52",
        "17:52",
        "18:52"
    ],
    "url": "https://www.kanachu.co.jp/dia/diagram/timetable01_js/course:0000803860-5/node:00102959/kt:0/lname:/"
}
