{
    "date": "2025/08/30",
    "name": "丸山台(横浜市港南区)",
    "position": "-",
    "system": "舞01",
    "destinations": [
        "上永谷駅",
        "馬洗橋",
        "北永作",
        "永作",
        "下車ヶ谷",
        "吉原小学校前(横浜市港南区)",
        "新吉原橋",
        "吉原(横浜市港南区)",
        "港南区総合庁舎前",
        "笹下港南中央通り",
        "関の下",
        "上大岡駅"
    ],
    "weekday": [
        "5:46",
        "8:41",
        "9:41",
        "10:41",
        "11:41",
        "12:41",
        "13:41",
        "14:41",
        "15:41",
        "16:54",
        "17:54",
        "18:54"
    ],
    "saturday": [
        "8:41",
        "9:41",
        "10:41",
        "11:41",
        "12:41",
        "13:41",
        "14:41",
        "15:41",
        "16:54",
        "17:54",
        "18:54"
    ],
    "holiday": [
        "8:41",
        "9:41",
        "10:41",
        "11:41",
        "12:41",
        "13:41",
        "14:41",
        "15:41",
        "16:54",
        "17:54",
        "18:54"
    ],
    "url": "https://www.kanachu.co.jp/dia/diagram/timetable01_js/course:0000803860-7/node:00103100/kt:0/lname:/"
}
