{
    "date": "2025/08/30",
    "name": "馬洗橋",
    "position": "-",
    "system": "舞01",
    "destinations": [
        "北永作",
        "永作",
        "下車ヶ谷",
        "吉原小学校前(横浜市港南区)",
        "新吉原橋",
        "吉原(横浜市港南区)",
        "港南区総合庁舎前",
        "笹下港南中央通り",
        "関の下",
        "上大岡駅"
    ],
    "weekday": [
        "5:51",
        "8:46",
        "9:46",
        "10:46",
        "11:46",
        "12:46",
        "13:46",
        "14:46",
        "15:46",
        "16:59",
        "17:59",
        "18:59"
    ],
    "saturday": [
        "8:46",
        "9:46",
        "10:46",
        "11:46",
        "12:46",
        "13:46",
        "14:46",
        "15:46",
        "16:59",
        "17:59",
        "18:59"
    ],
    "holiday": [
        "8:46",
        "9:46",
        "10:46",
        "11:46",
        "12:46",
        "13:46",
        "14:46",
        "15:46",
        "16:59",
        "17:59",
        "18:59"
    ],
    "url": "https://www.kanachu.co.jp/dia/diagram/timetable01_js/course:0000803860-9/node:00126576/kt:0/lname:/"
}
