{
    "date": "2025/08/30",
    "name": "北永作",
    "position": "-",
    "system": "舞01",
    "destinations": [
        "永作",
        "下車ヶ谷",
        "吉原小学校前(横浜市港南区)",
        "新吉原橋",
        "吉原(横浜市港南区)",
        "港南区総合庁舎前",
        "笹下港南中央通り",
        "関の下",
        "上大岡駅"
    ],
    "weekday": [
        "5:52",
        "8:47",
        "9:47",
        "10:47",
        "11:47",
        "12:47",
        "13:47",
        "14:47",
        "15:47",
        "17:00",
        "18:00",
        "19:00"
    ],
    "saturday": [
        "8:47",
        "9:47",
        "10:47",
        "11:47",
        "12:47",
        "13:47",
        "14:47",
        "15:47",
        "17:00",
        "18:00",
        "19:00"
    ],
    "holiday": [
        "8:47",
        "9:47",
        "10:47",
        "11:47",
        "12:47",
        "13:47",
        "14:47",
        "15:47",
        "17:00",
        "18:00",
        "19:00"
    ],
    "url": "https://www.kanachu.co.jp/dia/diagram/timetable01_js/course:0000803860-10/node:00126577/kt:0/lname:/"
}
