{
    "date": "2025/08/30",
    "name": "吉原小学校前(横浜市港南区)",
    "position": "-",
    "system": "舞01",
    "destinations": [
        "新吉原橋",
        "吉原(横浜市港南区)",
        "港南区総合庁舎前",
        "笹下港南中央通り",
        "関の下",
        "上大岡駅"
    ],
    "weekday": [
        "5:55",
        "8:50",
        "9:50",
        "10:50",
        "11:50",
        "12:50",
        "13:50",
        "14:50",
        "15:50",
        "17:03",
        "18:03",
        "19:03"
    ],
    "saturday": [
        "8:50",
        "9:50",
        "10:50",
        "11:50",
        "12:50",
        "13:50",
        "14:50",
        "15:50",
        "17:03",
        "18:03",
        "19:03"
    ],
    "holiday": [
        "8:50",
        "9:50",
        "10:50",
        "11:50",
        "12:50",
        "13:50",
        "14:50",
        "15:50",
        "17:03",
        "18:03",
        "19:03"
    ],
    "url": "https://www.kanachu.co.jp/dia/diagram/timetable01_js/course:0000803860-13/node:00126580/kt:0/lname:/"
}
