{
    "date": "2025/08/30",
    "name": "港南区総合庁舎前",
    "position": "-",
    "system": "舞01",
    "destinations": [
        "笹下港南中央通り",
        "関の下",
        "上大岡駅"
    ],
    "weekday": [
        "6:00",
        "8:55",
        "9:55",
        "10:55",
        "11:55",
        "12:55",
        "13:55",
        "14:55",
        "15:55",
        "17:08",
        "18:08",
        "19:08"
    ],
    "saturday": [
        "8:55",
        "9:55",
        "10:55",
        "11:55",
        "12:55",
        "13:55",
        "14:55",
        "15:55",
        "17:08",
        "18:08",
        "19:08"
    ],
    "holiday": [
        "8:55",
        "9:55",
        "10:55",
        "11:55",
        "12:55",
        "13:55",
        "14:55",
        "15:55",
        "17:08",
        "18:08",
        "19:08"
    ],
    "url": "https://www.kanachu.co.jp/dia/diagram/timetable01_js/course:0000803860-16/node:00102499/kt:0/lname:/"
}
