{
    "date": "2025/08/30",
    "name": "関の下",
    "position": "-",
    "system": "舞01",
    "destinations": [
        "上大岡駅"
    ],
    "weekday": [
        "6:02",
        "8:57",
        "9:57",
        "10:57",
        "11:57",
        "12:57",
        "13:57",
        "14:57",
        "15:57",
        "17:10",
        "18:10",
        "19:10"
    ],
    "saturday": [
        "8:57",
        "9:57",
        "10:57",
        "11:57",
        "12:57",
        "13:57",
        "14:57",
        "15:57",
        "17:10",
        "18:10",
        "19:10"
    ],
    "holiday": [
        "8:57",
        "9:57",
        "10:57",
        "11:57",
        "12:57",
        "13:57",
        "14:57",
        "15:57",
        "17:10",
        "18:10",
        "19:10"
    ],
    "url": "https://www.kanachu.co.jp/dia/diagram/timetable01_js/course:0000803860-18/node:00102671/kt:0/lname:/"
}
