{
    "date": "2025/04/01",
    "name": "滝の沢(町田市)",
    "position": "",
    "system": "町26",
    "destinations": [
        "浄水場前(町田市)",
        "市民病院前(町田市)",
        "森野三丁目",
        "第四小学校前(町田市)",
        "町田市役所市民ホール前",
        "町田バスセンター"
    ],
    "weekday": [
        "5:35",
        "5:50",
        "6:05",
        "6:22",
        "6:37",
        "6:49",
        "6:59",
        "7:09",
        "7:24",
        "7:34",
        "7:44",
        "7:54",
        "8:04",
        "8:19",
        "8:34",
        "8:52",
        "9:09",
        "9:29",
        "9:49",
        "10:14",
        "10:31",
        "10:49",
        "11:09",
        "11:21",
        "11:36",
        "11:49",
        "12:04",
        "12:19",
        "12:31",
        "12:43",
        "12:55",
        "13:07",
        "13:27",
        "13:47",
        "14:07",
        "14:19",
        "14:41",
        "14:59",
        "15:12",
        "15:24",
        "15:49",
        "16:04",
        "16:34",
        "17:04",
        "17:21",
        "17:34",
        "17:44",
        "17:59",
        "18:12",
        "18:24",
        "18:34",
        "18:44",
        "18:59",
        "19:12",
        "19:31",
        "19:46",
        "20:01",
        "20:31",
        "21:01",
        "22:00"
    ],
    "saturday": [
        "5:39",
        "6:10",
        "6:35",
        "6:55",
        "7:18",
        "7:28",
        "7:38",
        "7:48",
        "8:03",
        "8:18",
        "8:30",
        "8:42",
        "8:54",
        "9:07",
        "9:18",
        "9:40",
        "9:58",
        "10:18",
        "10:33",
        "10:54",
        "11:06",
        "11:23",
        "11:35",
        "11:51",
        "12:03",
        "12:21",
        "12:38",
        "13:00",
        "13:28",
        "13:58",
        "14:20",
        "14:40",
        "14:58",
        "15:23",
        "15:40",
        "15:53",
        "16:06",
        "16:23",
        "16:56",
        "17:30",
        "18:00",
        "18:30",
        "18:45",
        "19:05",
        "20:01",
        "20:16",
        "21:01",
        "21:15"
    ],
    "holiday": [
        "5:39",
        "6:40",
        "7:00",
        "7:23",
        "7:38",
        "8:03",
        "8:18",
        "8:48",
        "9:18",
        "9:30",
        "9:50",
        "10:05",
        "10:18",
        "10:38",
        "10:58",
        "11:23",
        "11:38",
        "11:54",
        "12:02",
        "12:20",
        "12:33",
        "12:48",
        "13:03",
        "13:18",
        "13:38",
        "13:58",
        "14:18",
        "14:40",
        "14:58",
        "15:18",
        "15:45",
        "16:01",
        "16:18",
        "16:48",
        "17:18",
        "17:58",
        "18:35",
        "19:03",
        "19:53",
        "20:15",
        "21:15"
    ],
    "url": "https://www.kanachu.co.jp/dia/diagram/timetable01_js/course:0000803182-14/node:00129361/kt:0/lname:/"
}
