{
    "date": "2025/04/01",
    "name": "森野三丁目",
    "position": "",
    "system": "町26",
    "destinations": [
        "第四小学校前(町田市)",
        "町田市役所市民ホール前",
        "町田バスセンター"
    ],
    "weekday": [
        "5:39",
        "5:54",
        "6:09",
        "6:26",
        "6:41",
        "6:53",
        "7:03",
        "7:13",
        "7:28",
        "7:38",
        "7:48",
        "7:58",
        "8:08",
        "8:23",
        "8:38",
        "8:56",
        "9:13",
        "9:33",
        "9:53",
        "10:18",
        "10:35",
        "10:53",
        "11:13",
        "11:25",
        "11:40",
        "11:53",
        "12:08",
        "12:23",
        "12:35",
        "12:47",
        "12:59",
        "13:11",
        "13:31",
        "13:51",
        "14:11",
        "14:23",
        "14:45",
        "15:03",
        "15:16",
        "15:28",
        "15:53",
        "16:08",
        "16:38",
        "17:08",
        "17:25",
        "17:38",
        "17:48",
        "18:03",
        "18:16",
        "18:28",
        "18:38",
        "18:48",
        "19:03",
        "19:16",
        "19:35",
        "19:50",
        "20:05",
        "20:35",
        "21:04",
        "22:03"
    ],
    "saturday": [
        "5:43",
        "6:14",
        "6:39",
        "6:59",
        "7:22",
        "7:32",
        "7:42",
        "7:52",
        "8:07",
        "8:22",
        "8:34",
        "8:46",
        "8:58",
        "9:11",
        "9:22",
        "9:44",
        "10:02",
        "10:22",
        "10:37",
        "10:58",
        "11:10",
        "11:27",
        "11:39",
        "11:55",
        "12:07",
        "12:25",
        "12:42",
        "13:04",
        "13:32",
        "14:02",
        "14:24",
        "14:44",
        "15:02",
        "15:27",
        "15:44",
        "15:57",
        "16:10",
        "16:27",
        "17:00",
        "17:34",
        "18:04",
        "18:34",
        "18:49",
        "19:09",
        "20:05",
        "20:20",
        "21:04",
        "21:18"
    ],
    "holiday": [
        "5:42",
        "6:43",
        "7:03",
        "7:27",
        "7:42",
        "8:07",
        "8:22",
        "8:52",
        "9:22",
        "9:34",
        "9:54",
        "10:09",
        "10:22",
        "10:42",
        "11:02",
        "11:27",
        "11:42",
        "11:58",
        "12:06",
        "12:24",
        "12:37",
        "12:52",
        "13:07",
        "13:22",
        "13:42",
        "14:02",
        "14:22",
        "14:44",
        "15:02",
        "15:22",
        "15:49",
        "16:05",
        "16:22",
        "16:52",
        "17:22",
        "18:02",
        "18:39",
        "19:07",
        "19:57",
        "20:18",
        "21:18"
    ],
    "url": "https://www.kanachu.co.jp/dia/diagram/timetable01_js/course:0000803182-17/node:00129358/kt:0/lname:/"
}
