{
    "date": "2025/10/20",
    "name": "東玉川学園四丁目",
    "position": "-",
    "system": "",
    "destinations": [
        "児童公園前(町田市)",
        "昭和薬科大学",
        "昭和薬科大学入口",
        "観性寺前",
        "中村(町田市成瀬)",
        "成瀬高校入口",
        "南成瀬",
        "成瀬駅",
        "成瀬駅ガード南",
        "小川高校入口",
        "小川かえで公園前",
        "小川小学校前",
        "柳谷戸",
        "小川中央",
        "つくし野二丁目(町田市)",
        "つくし野小学校",
        "つくし野駅"
    ],
    "weekday": [
        "11:23",
        "13:23",
        "15:23"
    ],
    "saturday": [
        "10:11",
        "13:23",
        "15:23"
    ],
    "holiday": [
        "10:23",
        "13:23",
        "15:23"
    ],
    "url": "https://www.kanachu.co.jp/dia/diagram/timetable01_js/course:0000800929-1/node:00049416/kt:0/lname:/"
}
