{
    "date": "2025/10/20",
    "name": "中村(町田市成瀬)",
    "position": "-",
    "system": "",
    "destinations": [
        "成瀬高校入口",
        "南成瀬",
        "成瀬駅",
        "成瀬駅ガード南",
        "小川高校入口",
        "小川かえで公園前",
        "小川小学校前",
        "柳谷戸",
        "小川中央",
        "つくし野二丁目(町田市)",
        "つくし野小学校",
        "つくし野駅"
    ],
    "weekday": [
        "11:28",
        "13:28",
        "15:28"
    ],
    "saturday": [
        "10:16",
        "13:28",
        "15:28"
    ],
    "holiday": [
        "10:28",
        "13:28",
        "15:28"
    ],
    "url": "https://www.kanachu.co.jp/dia/diagram/timetable01_js/course:0000800929-6/node:00129560/kt:0/lname:/"
}
