{
    "date": "2025/10/20",
    "name": "成瀬駅",
    "position": "-",
    "system": "つ03",
    "destinations": [
        "成瀬駅ガード南",
        "小川高校入口",
        "小川かえで公園前",
        "小川小学校前",
        "柳谷戸",
        "小川中央",
        "つくし野二丁目(町田市)",
        "つくし野小学校",
        "つくし野駅"
    ],
    "weekday": [
        "11:35",
        "13:35",
        "15:35"
    ],
    "saturday": [
        "10:23",
        "13:37",
        "15:37"
    ],
    "holiday": [
        "10:35",
        "13:37",
        "15:37"
    ],
    "url": "https://www.kanachu.co.jp/dia/diagram/timetable01_js/course:0000800929-9/node:00129552/kt:0/lname:/"
}
