{
    "date": "2025/10/20",
    "name": "小川高校入口",
    "position": "-",
    "system": "つ03",
    "destinations": [
        "小川かえで公園前",
        "小川小学校前",
        "柳谷戸",
        "小川中央",
        "つくし野二丁目(町田市)",
        "つくし野小学校",
        "つくし野駅"
    ],
    "weekday": [
        "11:37",
        "13:37",
        "15:37"
    ],
    "saturday": [
        "10:25",
        "13:39",
        "15:39"
    ],
    "holiday": [
        "10:37",
        "13:39",
        "15:39"
    ],
    "url": "https://www.kanachu.co.jp/dia/diagram/timetable01_js/course:0000800929-11/node:00129550/kt:0/lname:/"
}
