{
    "date": "2025/10/20",
    "name": "小川かえで公園前",
    "position": "-",
    "system": "",
    "destinations": [
        "小川小学校前",
        "柳谷戸",
        "小川中央",
        "つくし野二丁目(町田市)",
        "つくし野小学校",
        "つくし野駅"
    ],
    "weekday": [
        "11:38",
        "13:38",
        "15:38"
    ],
    "saturday": [
        "10:26",
        "13:40",
        "15:40"
    ],
    "holiday": [
        "10:38",
        "13:40",
        "15:40"
    ],
    "url": "https://www.kanachu.co.jp/dia/diagram/timetable01_js/course:0000800929-12/node:00129549/kt:0/lname:/"
}
