{
    "date": "2025/10/20",
    "name": "小川中央",
    "position": "-",
    "system": "つ03",
    "destinations": [
        "つくし野二丁目(町田市)",
        "つくし野小学校",
        "つくし野駅"
    ],
    "weekday": [
        "11:42",
        "13:42",
        "15:42"
    ],
    "saturday": [
        "10:30",
        "13:44",
        "15:44"
    ],
    "holiday": [
        "10:42",
        "13:44",
        "15:44"
    ],
    "url": "https://www.kanachu.co.jp/dia/diagram/timetable01_js/course:0000800929-15/node:00129555/kt:0/lname:/"
}
