{
    "system": "つ03",
    "busstops": [
        {
            "index": "1",
            "id": "00049416",
            "name": "東玉川学園四丁目",
            "lat": "35.559823",
            "lng": "139.468386"
        },
        {
            "index": "2",
            "id": "00049454",
            "name": "児童公園前(町田市)",
            "lat": "35.557385",
            "lng": "139.470048"
        },
        {
            "index": "3",
            "id": "00049419",
            "name": "昭和薬科大学",
            "lat": "35.554191",
            "lng": "139.472054"
        },
        {
            "index": "4",
            "id": "00129735",
            "name": "昭和薬科大学入口",
            "lat": "35.551179",
            "lng": "139.472229"
        },
        {
            "index": "5",
            "id": "00129559",
            "name": "観性寺前",
            "lat": "35.547348",
            "lng": "139.472808"
        },
        {
            "index": "6",
            "id": "00129560",
            "name": "中村(町田市成瀬)",
            "lat": "35.544976",
            "lng": "139.473645"
        },
        {
            "index": "7",
            "id": "00129561",
            "name": "成瀬高校入口",
            "lat": "35.542647",
            "lng": "139.473964"
        },
        {
            "index": "8",
            "id": "00129562",
            "name": "南成瀬",
            "lat": "35.538464",
            "lng": "139.473896"
        },
        {
            "index": "9",
            "id": "00129552",
            "name": "成瀬駅",
            "lat": "35.535616",
            "lng": "139.473071"
        },
        {
            "index": "10",
            "id": "00129551",
            "name": "成瀬駅ガード南",
            "lat": "35.534402",
            "lng": "139.47391"
        },
        {
            "index": "11",
            "id": "00129550",
            "name": "小川高校入口",
            "lat": "35.531998",
            "lng": "139.471938"
        },
        {
            "index": "12",
            "id": "00129549",
            "name": "小川かえで公園前",
            "lat": "35.530015",
            "lng": "139.471247"
        },
        {
            "index": "13",
            "id": "00129563",
            "name": "小川小学校前",
            "lat": "35.528137",
            "lng": "139.472239"
        },
        {
            "index": "14",
            "id": "00129554",
            "name": "柳谷戸",
            "lat": "35.526166",
            "lng": "139.474886"
        },
        {
            "index": "15",
            "id": "00129555",
            "name": "小川中央",
            "lat": "35.5243",
            "lng": "139.479905"
        },
        {
            "index": "16",
            "id": "00129564",
            "name": "つくし野二丁目(町田市)",
            "lat": "35.523555",
            "lng": "139.482764"
        },
        {
            "index": "17",
            "id": "00129556",
            "name": "つくし野小学校",
            "lat": "35.525364",
            "lng": "139.483725"
        },
        {
            "index": "18",
            "id": "00129557",
            "name": "つくし野駅",
            "lat": "35.527834",
            "lng": "139.484974"
        }
    ],
    "route_url": "https://www.kanachu.co.jp/dia/route/index/cid:0000800929/"
}
