{
    "date": "2025/01/14",
    "name": "蓮生寺(厚木市)",
    "position": "-",
    "system": "海02",
    "destinations": [
        "関口(厚木市)",
        "依知小学校前",
        "中平(厚木市)",
        "山際",
        "藤塚(厚木市)",
        "団地入口(厚木市)",
        "東一丁目(厚木市)",
        "中一丁目",
        "中二丁目",
        "中三丁目(愛甲郡愛川町)",
        "中四丁目",
        "東六倉",
        "諏訪西",
        "上大塚",
        "文化会館入口(愛甲郡愛川町)",
        "愛川高校入口",
        "箕輪辻",
        "愛川バスセンター"
    ],
    "weekday": [
        "20:06",
        "21:06"
    ],
    "saturday": [],
    "holiday": [],
    "url": "https://www.kanachu.co.jp/dia/diagram/timetable01_js/course:0000803121-8/node:00128351/kt:0/lname:/"
}
