{
    "date": "2025/01/14",
    "name": "中二丁目",
    "position": "-",
    "system": "海02",
    "destinations": [
        "中三丁目(愛甲郡愛川町)",
        "中四丁目",
        "東六倉",
        "諏訪西",
        "上大塚",
        "文化会館入口(愛甲郡愛川町)",
        "愛川高校入口",
        "箕輪辻",
        "愛川バスセンター"
    ],
    "weekday": [
        "20:19",
        "21:19"
    ],
    "saturday": [],
    "holiday": [],
    "url": "https://www.kanachu.co.jp/dia/diagram/timetable01_js/course:0000803121-17/node:00128379/kt:0/lname:/"
}
