{
    "system": "海02",
    "busstops": [
        {
            "index": "1",
            "id": "00128611",
            "name": "海老名駅西口",
            "lat": "35.454695",
            "lng": "139.389206"
        },
        {
            "index": "2",
            "id": "00128542",
            "name": "鶴松",
            "lat": "35.458061",
            "lng": "139.387855"
        },
        {
            "index": "3",
            "id": "00128543",
            "name": "今泉(海老名市)",
            "lat": "35.462193",
            "lng": "139.388044"
        },
        {
            "index": "4",
            "id": "00128684",
            "name": "水道路(厚木市)",
            "lat": "35.464862",
            "lng": "139.370935"
        },
        {
            "index": "5",
            "id": "00128348",
            "name": "金田神社前",
            "lat": "35.466463",
            "lng": "139.367995"
        },
        {
            "index": "6",
            "id": "00128349",
            "name": "下依知入口",
            "lat": "35.470753",
            "lng": "139.367705"
        },
        {
            "index": "7",
            "id": "00128350",
            "name": "追分(厚木市)",
            "lat": "35.475786",
            "lng": "139.366837"
        },
        {
            "index": "8",
            "id": "00128351",
            "name": "蓮生寺(厚木市)",
            "lat": "35.480945",
            "lng": "139.365683"
        },
        {
            "index": "9",
            "id": "00128352",
            "name": "関口(厚木市)",
            "lat": "35.484805",
            "lng": "139.3651"
        },
        {
            "index": "10",
            "id": "00128353",
            "name": "依知小学校前",
            "lat": "35.491105",
            "lng": "139.36402"
        },
        {
            "index": "11",
            "id": "00128354",
            "name": "中平(厚木市)",
            "lat": "35.496727",
            "lng": "139.3627"
        },
        {
            "index": "12",
            "id": "00128355",
            "name": "山際",
            "lat": "35.503976",
            "lng": "139.360858"
        },
        {
            "index": "13",
            "id": "00128356",
            "name": "藤塚(厚木市)",
            "lat": "35.509841",
            "lng": "139.358741"
        },
        {
            "index": "14",
            "id": "00128365",
            "name": "団地入口(厚木市)",
            "lat": "35.510359",
            "lng": "139.357324"
        },
        {
            "index": "15",
            "id": "00128366",
            "name": "東一丁目(厚木市)",
            "lat": "35.509711",
            "lng": "139.354611"
        },
        {
            "index": "16",
            "id": "00128378",
            "name": "中一丁目",
            "lat": "35.509443",
            "lng": "139.350467"
        },
        {
            "index": "17",
            "id": "00128379",
            "name": "中二丁目",
            "lat": "35.513258",
            "lng": "139.349076"
        },
        {
            "index": "18",
            "id": "00128380",
            "name": "中三丁目(愛甲郡愛川町)",
            "lat": "35.518192",
            "lng": "139.347265"
        },
        {
            "index": "19",
            "id": "00128381",
            "name": "中四丁目",
            "lat": "35.521291",
            "lng": "139.346144"
        },
        {
            "index": "20",
            "id": "00130518",
            "name": "東六倉",
            "lat": "35.523803",
            "lng": "139.345199"
        },
        {
            "index": "21",
            "id": "00130519",
            "name": "諏訪西",
            "lat": "35.527699",
            "lng": "139.337697"
        },
        {
            "index": "22",
            "id": "00130520",
            "name": "上大塚",
            "lat": "35.530871",
            "lng": "139.332741"
        },
        {
            "index": "23",
            "id": "00128376",
            "name": "文化会館入口(愛甲郡愛川町)",
            "lat": "35.530914",
            "lng": "139.325468"
        },
        {
            "index": "24",
            "id": "00128377",
            "name": "愛川高校入口",
            "lat": "35.532178",
            "lng": "139.322024"
        },
        {
            "index": "25",
            "id": "00128327",
            "name": "箕輪辻",
            "lat": "35.530534",
            "lng": "139.31958"
        },
        {
            "index": "26",
            "id": "00128700",
            "name": "愛川バスセンター",
            "lat": "35.529744",
            "lng": "139.320114"
        }
    ],
    "route_url": "https://www.kanachu.co.jp/dia/route/index/cid:0000803121/"
}
