{
    "date": "2025/03/15",
    "name": "駒寄",
    "position": "-",
    "system": "辻26",
    "destinations": [
        "二番構保健医療センター",
        "ライフタウン中央(藤沢市)",
        "大庭小学校",
        "小糸",
        "南センター前(藤沢市)",
        "西高校前(藤沢市)",
        "有藤",
        "大庭隧道",
        "城南一丁目",
        "神台公園前",
        "辻堂駅北口"
    ],
    "weekday": [],
    "saturday": [
        "6:43",
        "6:58",
        "7:18",
        "7:38",
        "7:58",
        "8:18",
        "8:38",
        "9:00",
        "9:20",
        "9:40",
        "10:00",
        "10:20",
        "10:40",
        "11:00",
        "11:20",
        "11:40",
        "12:00",
        "12:20",
        "12:40",
        "13:00",
        "13:20",
        "13:40",
        "14:00",
        "14:20",
        "14:40",
        "15:00",
        "15:20",
        "15:40",
        "16:00",
        "16:20",
        "16:40",
        "17:00",
        "17:20",
        "17:40",
        "18:00",
        "18:20",
        "18:40",
        "18:57",
        "19:17",
        "19:42",
        "19:57",
        "20:17",
        "20:37",
        "20:57",
        "21:17",
        "21:37",
        "22:04",
        "22:23"
    ],
    "holiday": [
        "6:58",
        "7:18",
        "7:38",
        "7:58",
        "8:18",
        "8:38",
        "9:00",
        "9:20",
        "9:40",
        "10:00",
        "10:20",
        "10:40",
        "11:00",
        "11:20",
        "11:40",
        "12:00",
        "12:20",
        "12:40",
        "13:00",
        "13:20",
        "13:40",
        "14:00",
        "14:20",
        "14:40",
        "15:00",
        "15:20",
        "15:40",
        "16:00",
        "16:20",
        "16:40",
        "17:00",
        "17:20",
        "17:40",
        "18:00",
        "18:20",
        "18:40",
        "18:57",
        "19:17",
        "19:37",
        "19:57",
        "20:17",
        "20:37",
        "20:57",
        "21:17",
        "21:37",
        "22:04"
    ],
    "url": "https://www.kanachu.co.jp/dia/diagram/timetable01_js/course:0000802318-14/node:00129945/kt:0/lname:/"
}
