{
    "date": "2025/03/15",
    "name": "大庭小学校",
    "position": "-",
    "system": "辻26",
    "destinations": [
        "小糸",
        "南センター前(藤沢市)",
        "西高校前(藤沢市)",
        "有藤",
        "大庭隧道",
        "城南一丁目",
        "神台公園前",
        "辻堂駅北口"
    ],
    "weekday": [],
    "saturday": [
        "6:46",
        "7:01",
        "7:21",
        "7:41",
        "8:01",
        "8:21",
        "8:41",
        "9:03",
        "9:23",
        "9:43",
        "10:03",
        "10:23",
        "10:43",
        "11:03",
        "11:23",
        "11:43",
        "12:03",
        "12:23",
        "12:43",
        "13:03",
        "13:23",
        "13:43",
        "14:03",
        "14:23",
        "14:43",
        "15:03",
        "15:23",
        "15:43",
        "16:03",
        "16:23",
        "16:43",
        "17:03",
        "17:23",
        "17:43",
        "18:03",
        "18:23",
        "18:43",
        "19:00",
        "19:20",
        "19:45",
        "20:00",
        "20:20",
        "20:40",
        "21:00",
        "21:20",
        "21:40",
        "22:07",
        "22:26"
    ],
    "holiday": [
        "7:01",
        "7:21",
        "7:41",
        "8:01",
        "8:21",
        "8:41",
        "9:03",
        "9:23",
        "9:43",
        "10:03",
        "10:23",
        "10:43",
        "11:03",
        "11:23",
        "11:43",
        "12:03",
        "12:23",
        "12:43",
        "13:03",
        "13:23",
        "13:43",
        "14:03",
        "14:23",
        "14:43",
        "15:03",
        "15:23",
        "15:43",
        "16:03",
        "16:23",
        "16:43",
        "17:03",
        "17:23",
        "17:43",
        "18:03",
        "18:23",
        "18:43",
        "19:00",
        "19:20",
        "19:40",
        "20:00",
        "20:20",
        "20:40",
        "21:00",
        "21:20",
        "21:40",
        "22:07"
    ],
    "url": "https://www.kanachu.co.jp/dia/diagram/timetable01_js/course:0000802318-17/node:00129942/kt:0/lname:/"
}
