{
    "date": "2025/03/15",
    "name": "神台公園前",
    "position": "-",
    "system": "辻26",
    "destinations": [
        "辻堂駅北口"
    ],
    "weekday": [],
    "saturday": [
        "6:54",
        "7:09",
        "7:29",
        "7:49",
        "8:09",
        "8:29",
        "8:49",
        "9:11",
        "9:31",
        "9:51",
        "10:11",
        "10:31",
        "10:51",
        "11:11",
        "11:31",
        "11:51",
        "12:11",
        "12:31",
        "12:51",
        "13:11",
        "13:31",
        "13:51",
        "14:11",
        "14:31",
        "14:51",
        "15:11",
        "15:31",
        "15:51",
        "16:11",
        "16:31",
        "16:51",
        "17:11",
        "17:31",
        "17:51",
        "18:11",
        "18:31",
        "18:51",
        "19:08",
        "19:28",
        "19:53",
        "20:08",
        "20:28",
        "20:48",
        "21:08",
        "21:28",
        "21:48",
        "22:15",
        "22:34"
    ],
    "holiday": [
        "7:09",
        "7:29",
        "7:49",
        "8:09",
        "8:29",
        "8:49",
        "9:11",
        "9:31",
        "9:51",
        "10:11",
        "10:31",
        "10:51",
        "11:11",
        "11:31",
        "11:51",
        "12:11",
        "12:31",
        "12:51",
        "13:11",
        "13:31",
        "13:51",
        "14:11",
        "14:31",
        "14:51",
        "15:11",
        "15:31",
        "15:51",
        "16:11",
        "16:31",
        "16:51",
        "17:11",
        "17:31",
        "17:51",
        "18:11",
        "18:31",
        "18:51",
        "19:08",
        "19:28",
        "19:48",
        "20:08",
        "20:28",
        "20:48",
        "21:08",
        "21:28",
        "21:48",
        "22:15"
    ],
    "url": "https://www.kanachu.co.jp/dia/diagram/timetable01_js/course:0000802318-24/node:00130068/kt:0/lname:/"
}
