{
    "system": "辻26",
    "busstops": [
        {
            "index": "1",
            "id": "00129893",
            "name": "湘南台駅西口",
            "lat": "35.39602",
            "lng": "139.465638"
        },
        {
            "index": "2",
            "id": "00129894",
            "name": "湘南台住宅前",
            "lat": "35.392564",
            "lng": "139.464106"
        },
        {
            "index": "3",
            "id": "00129956",
            "name": "桐ヶ谷(藤沢市)",
            "lat": "35.390264",
            "lng": "139.459887"
        },
        {
            "index": "4",
            "id": "00129955",
            "name": "南桐原",
            "lat": "35.388547",
            "lng": "139.457489"
        },
        {
            "index": "5",
            "id": "00129954",
            "name": "石川山田",
            "lat": "35.384579",
            "lng": "139.456867"
        },
        {
            "index": "6",
            "id": "00129953",
            "name": "和泉橋",
            "lat": "35.382117",
            "lng": "139.453152"
        },
        {
            "index": "7",
            "id": "00129952",
            "name": "寿照寺前",
            "lat": "35.380515",
            "lng": "139.448072"
        },
        {
            "index": "8",
            "id": "00129951",
            "name": "田方(藤沢市)",
            "lat": "35.379031",
            "lng": "139.443405"
        },
        {
            "index": "9",
            "id": "00129950",
            "name": "矢尻(藤沢市)",
            "lat": "35.37759",
            "lng": "139.438878"
        },
        {
            "index": "10",
            "id": "00129949",
            "name": "南原(藤沢市)",
            "lat": "35.376781",
            "lng": "139.436539"
        },
        {
            "index": "11",
            "id": "00129948",
            "name": "湘南ライフタウン",
            "lat": "35.374654",
            "lng": "139.434458"
        },
        {
            "index": "12",
            "id": "00129947",
            "name": "滝の沢不動前",
            "lat": "35.372475",
            "lng": "139.4371"
        },
        {
            "index": "13",
            "id": "00129946",
            "name": "滝の沢(藤沢市)",
            "lat": "35.37163",
            "lng": "139.440356"
        },
        {
            "index": "14",
            "id": "00129945",
            "name": "駒寄",
            "lat": "35.370288",
            "lng": "139.443856"
        },
        {
            "index": "15",
            "id": "00129944",
            "name": "二番構保健医療センター",
            "lat": "35.369074",
            "lng": "139.446467"
        },
        {
            "index": "16",
            "id": "00129943",
            "name": "ライフタウン中央(藤沢市)",
            "lat": "35.365673",
            "lng": "139.446549"
        },
        {
            "index": "17",
            "id": "00129942",
            "name": "大庭小学校",
            "lat": "35.363322",
            "lng": "139.44549"
        },
        {
            "index": "18",
            "id": "00129941",
            "name": "小糸",
            "lat": "35.35995",
            "lng": "139.444739"
        },
        {
            "index": "19",
            "id": "00129940",
            "name": "南センター前(藤沢市)",
            "lat": "35.358832",
            "lng": "139.444068"
        },
        {
            "index": "20",
            "id": "00129939",
            "name": "西高校前(藤沢市)",
            "lat": "35.355748",
            "lng": "139.442792"
        },
        {
            "index": "21",
            "id": "00129938",
            "name": "有藤",
            "lat": "35.353684",
            "lng": "139.44359"
        },
        {
            "index": "22",
            "id": "00129937",
            "name": "大庭隧道",
            "lat": "35.348001",
            "lng": "139.447316"
        },
        {
            "index": "23",
            "id": "00129936",
            "name": "城南一丁目",
            "lat": "35.346554",
            "lng": "139.448145"
        },
        {
            "index": "24",
            "id": "00130068",
            "name": "神台公園前",
            "lat": "35.340508",
            "lng": "139.447461"
        },
        {
            "index": "25",
            "id": "00129934",
            "name": "辻堂駅北口",
            "lat": "35.337688",
            "lng": "139.448197"
        }
    ],
    "route_url": "https://www.kanachu.co.jp/dia/route/index/cid:0000802318/"
}
