{
    "date": "2024/04/01",
    "name": "下中駐在所前",
    "position": "-",
    "system": "二32",
    "destinations": [
        "下中小学校前",
        "上町入口(小田原市)",
        "テクノパーク北",
        "テクノパーク中央",
        "中村原",
        "下原(小田原市)",
        "橘中学校入口(小田原市)",
        "押切(中郡二宮町)",
        "押切坂上",
        "山西(中郡二宮町)",
        "吾妻神社前(中郡二宮町)",
        "梅沢(中郡二宮町)",
        "藤田電機前(中郡二宮町)",
        "二宮駅南口"
    ],
    "weekday": [
        "17:25",
        "17:43",
        "18:13",
        "18:43",
        "19:13",
        "19:43"
    ],
    "saturday": [],
    "holiday": [],
    "url": "https://www.kanachu.co.jp/dia/diagram/timetable01_js/course:0000802252-13/node:00127973/kt:0/lname:/"
}
