{
    "date": "2025/03/15",
    "name": "多摩南部地域病院",
    "position": "-",
    "system": "",
    "destinations": [
        "唐木田駅東",
        "山中集会所",
        "大善倶楽部",
        "山の端",
        "大泉寺",
        "清住平",
        "小山田桜台"
    ],
    "weekday": [
        "6:30",
        "7:30",
        "8:00",
        "9:10",
        "10:19",
        "11:19",
        "12:19",
        "13:19",
        "14:19",
        "15:19",
        "16:19",
        "17:19",
        "18:18",
        "19:19",
        "20:19",
        "21:21"
    ],
    "saturday": [],
    "holiday": [],
    "url": "https://www.kanachu.co.jp/dia/diagram/timetable01_js/course:0000803648-1/node:00020769/kt:0/lname:/"
}
