{
    "date": "2025/03/15",
    "name": "唐木田駅東",
    "position": "-",
    "system": "",
    "destinations": [
        "山中集会所",
        "大善倶楽部",
        "山の端",
        "大泉寺",
        "清住平",
        "小山田桜台"
    ],
    "weekday": [
        "6:33",
        "7:33",
        "8:03",
        "9:13",
        "10:22",
        "11:22",
        "12:22",
        "13:22",
        "14:22",
        "15:22",
        "16:22",
        "17:22",
        "18:21",
        "19:22",
        "20:22",
        "21:24"
    ],
    "saturday": [],
    "holiday": [],
    "url": "https://www.kanachu.co.jp/dia/diagram/timetable01_js/course:0000803648-2/node:00020983/kt:0/lname:/"
}
