{
    "date": "2025/03/15",
    "name": "山中集会所",
    "position": "-",
    "system": "ー",
    "destinations": [
        "大善倶楽部",
        "山の端",
        "大泉寺",
        "清住平",
        "小山田桜台"
    ],
    "weekday": [
        "6:37",
        "7:37",
        "8:07",
        "9:17",
        "10:26",
        "11:26",
        "12:26",
        "13:26",
        "14:26",
        "15:26",
        "16:26",
        "17:26",
        "18:25",
        "19:26",
        "20:26",
        "21:28"
    ],
    "saturday": [],
    "holiday": [],
    "url": "https://www.kanachu.co.jp/dia/diagram/timetable01_js/course:0000803648-3/node:00130487/kt:0/lname:/"
}
