{
    "date": "2025/03/15",
    "name": "辻堂駅北口",
    "position": "-",
    "system": "辻34",
    "destinations": [
        "神台公園前",
        "羽鳥一丁目",
        "城南一丁目",
        "大庭隧道",
        "有藤",
        "西高校前(藤沢市)",
        "南センター前(藤沢市)",
        "小糸",
        "大庭小学校",
        "ライフタウン中央(藤沢市)",
        "二番構保健医療センター",
        "駒寄",
        "滝の沢(藤沢市)",
        "滝の沢不動前",
        "湘南ライフタウン",
        "刈込(藤沢市)",
        "諸之木",
        "慶応大学"
    ],
    "weekday": [],
    "saturday": [],
    "holiday": [
        "9:14",
        "10:34",
        "11:54",
        "13:14",
        "14:34",
        "15:54",
        "17:14",
        "18:34"
    ],
    "url": "https://www.kanachu.co.jp/dia/diagram/timetable01_js/course:0000802690-1/node:00129934/kt:0/lname:/"
}
