{
    "date": "2025/03/15",
    "name": "滝の沢不動前",
    "position": "-",
    "system": "辻34",
    "destinations": [
        "湘南ライフタウン",
        "刈込(藤沢市)",
        "諸之木",
        "慶応大学"
    ],
    "weekday": [],
    "saturday": [],
    "holiday": [
        "9:28",
        "10:48",
        "12:08",
        "13:28",
        "14:48",
        "16:08",
        "17:28",
        "18:48"
    ],
    "url": "https://www.kanachu.co.jp/dia/diagram/timetable01_js/course:0000802690-15/node:00129947/kt:0/lname:/"
}
