{
    "date": "2025/03/15",
    "name": "湘南ライフタウン",
    "position": "-",
    "system": "辻34",
    "destinations": [
        "刈込(藤沢市)",
        "諸之木",
        "慶応大学"
    ],
    "weekday": [],
    "saturday": [],
    "holiday": [
        "9:29",
        "10:49",
        "12:09",
        "13:29",
        "14:49",
        "16:09",
        "17:29",
        "18:49"
    ],
    "url": "https://www.kanachu.co.jp/dia/diagram/timetable01_js/course:0000802690-16/node:00129948/kt:0/lname:/"
}
