{
    "date": "2024/03/16",
    "name": "町田バスセンター",
    "position": "13番乗り場",
    "system": "町30",
    "destinations": [
        "町田市役所東",
        "保健所入口",
        "森野三丁目",
        "市民病院前(町田市)",
        "浄水場前(町田市)",
        "滝の沢(町田市)",
        "木曽住宅",
        "三家(町田市)",
        "木曽(町田市)",
        "忠生公園入口",
        "上宿(町田市)",
        "下根岸(町田市)",
        "根岸(根岸町/町田市)",
        "忠生都営住宅前",
        "矢部",
        "下常盤",
        "中常盤",
        "常盤(町田市)",
        "下馬場",
        "馬場十字路",
        "中村不動入口",
        "小山郵便局前",
        "小山小学校前(町田市)",
        "横土手",
        "御嶽堂",
        "片所",
        "坂本橋(町田市)",
        "田端(町田市)",
        "堂の前(町田市)",
        "三ツ目(町田市)",
        "久保ヶ谷戸",
        "寿橋",
        "寿町(相模原市緑区)",
        "旭農協前",
        "橋本駅北口"
    ],
    "weekday": [
        "5:45",
        "6:17",
        "6:37",
        "6:55",
        "7:10",
        "7:25",
        "7:55",
        "8:10",
        "8:25",
        "8:35",
        "8:45",
        "21:11",
        "21:41",
        "22:11"
    ],
    "saturday": [
        "5:45",
        "6:21",
        "6:56",
        "7:26",
        "8:06",
        "8:26",
        "21:21"
    ],
    "holiday": [
        "6:05",
        "6:44",
        "7:14",
        "7:44",
        "8:14",
        "8:43",
        "21:21"
    ],
    "url": "https://www.kanachu.co.jp/dia/diagram/timetable01_js/course:0000802971-1/node:00025625/kt:0/lname:/"
}
