{
    "date": "2024/03/16",
    "name": "町田市役所東",
    "position": "-",
    "system": "町30",
    "destinations": [
        "保健所入口",
        "森野三丁目",
        "市民病院前(町田市)",
        "浄水場前(町田市)",
        "滝の沢(町田市)",
        "木曽住宅",
        "三家(町田市)",
        "木曽(町田市)",
        "忠生公園入口",
        "上宿(町田市)",
        "下根岸(町田市)",
        "根岸(根岸町/町田市)",
        "忠生都営住宅前",
        "矢部",
        "下常盤",
        "中常盤",
        "常盤(町田市)",
        "下馬場",
        "馬場十字路",
        "中村不動入口",
        "小山郵便局前",
        "小山小学校前(町田市)",
        "横土手",
        "御嶽堂",
        "片所",
        "坂本橋(町田市)",
        "田端(町田市)",
        "堂の前(町田市)",
        "三ツ目(町田市)",
        "久保ヶ谷戸",
        "寿橋",
        "寿町(相模原市緑区)",
        "旭農協前",
        "橋本駅北口"
    ],
    "weekday": [
        "5:46",
        "6:18",
        "6:38",
        "6:56",
        "7:12",
        "7:27",
        "7:57",
        "8:12",
        "8:27",
        "8:37",
        "8:47",
        "21:12",
        "21:42",
        "22:12"
    ],
    "saturday": [
        "5:46",
        "6:22",
        "6:57",
        "7:27",
        "8:07",
        "8:27",
        "21:22"
    ],
    "holiday": [
        "6:06",
        "6:45",
        "7:15",
        "7:45",
        "8:15",
        "8:44",
        "21:22"
    ],
    "url": "https://www.kanachu.co.jp/dia/diagram/timetable01_js/course:0000802971-2/node:00130368/kt:0/lname:/"
}
