{
    "date": "2024/03/16",
    "name": "保健所入口",
    "position": "-",
    "system": "町30",
    "destinations": [
        "森野三丁目",
        "市民病院前(町田市)",
        "浄水場前(町田市)",
        "滝の沢(町田市)",
        "木曽住宅",
        "三家(町田市)",
        "木曽(町田市)",
        "忠生公園入口",
        "上宿(町田市)",
        "下根岸(町田市)",
        "根岸(根岸町/町田市)",
        "忠生都営住宅前",
        "矢部",
        "下常盤",
        "中常盤",
        "常盤(町田市)",
        "下馬場",
        "馬場十字路",
        "中村不動入口",
        "小山郵便局前",
        "小山小学校前(町田市)",
        "横土手",
        "御嶽堂",
        "片所",
        "坂本橋(町田市)",
        "田端(町田市)",
        "堂の前(町田市)",
        "三ツ目(町田市)",
        "久保ヶ谷戸",
        "寿橋",
        "寿町(相模原市緑区)",
        "旭農協前",
        "橋本駅北口"
    ],
    "weekday": [
        "5:47",
        "6:19",
        "6:39",
        "6:57",
        "7:13",
        "7:28",
        "7:58",
        "8:13",
        "8:28",
        "8:38",
        "8:48",
        "21:13",
        "21:43",
        "22:13"
    ],
    "saturday": [
        "5:47",
        "6:23",
        "6:58",
        "7:28",
        "8:08",
        "8:28",
        "21:23"
    ],
    "holiday": [
        "6:07",
        "6:46",
        "7:16",
        "7:46",
        "8:16",
        "8:45",
        "21:23"
    ],
    "url": "https://www.kanachu.co.jp/dia/diagram/timetable01_js/course:0000802971-3/node:00129418/kt:0/lname:/"
}
