{
    "date": "2024/03/16",
    "name": "森野三丁目",
    "position": "-",
    "system": "町30",
    "destinations": [
        "市民病院前(町田市)",
        "浄水場前(町田市)",
        "滝の沢(町田市)",
        "木曽住宅",
        "三家(町田市)",
        "木曽(町田市)",
        "忠生公園入口",
        "上宿(町田市)",
        "下根岸(町田市)",
        "根岸(根岸町/町田市)",
        "忠生都営住宅前",
        "矢部",
        "下常盤",
        "中常盤",
        "常盤(町田市)",
        "下馬場",
        "馬場十字路",
        "中村不動入口",
        "小山郵便局前",
        "小山小学校前(町田市)",
        "横土手",
        "御嶽堂",
        "片所",
        "坂本橋(町田市)",
        "田端(町田市)",
        "堂の前(町田市)",
        "三ツ目(町田市)",
        "久保ヶ谷戸",
        "寿橋",
        "寿町(相模原市緑区)",
        "旭農協前",
        "橋本駅北口"
    ],
    "weekday": [
        "5:48",
        "6:20",
        "6:40",
        "6:58",
        "7:14",
        "7:29",
        "7:59",
        "8:14",
        "8:29",
        "8:39",
        "8:49",
        "21:14",
        "21:44",
        "22:14"
    ],
    "saturday": [
        "5:48",
        "6:24",
        "6:59",
        "7:29",
        "8:09",
        "8:29",
        "21:24"
    ],
    "holiday": [
        "6:08",
        "6:47",
        "7:17",
        "7:47",
        "8:17",
        "8:46",
        "21:24"
    ],
    "url": "https://www.kanachu.co.jp/dia/diagram/timetable01_js/course:0000802971-4/node:00129358/kt:0/lname:/"
}
