{
    "date": "2024/03/16",
    "name": "上宿(町田市)",
    "position": "-",
    "system": "町30",
    "destinations": [
        "下根岸(町田市)",
        "根岸(根岸町/町田市)",
        "忠生都営住宅前",
        "矢部",
        "下常盤",
        "中常盤",
        "常盤(町田市)",
        "下馬場",
        "馬場十字路",
        "中村不動入口",
        "小山郵便局前",
        "小山小学校前(町田市)",
        "横土手",
        "御嶽堂",
        "片所",
        "坂本橋(町田市)",
        "田端(町田市)",
        "堂の前(町田市)",
        "三ツ目(町田市)",
        "久保ヶ谷戸",
        "寿橋",
        "寿町(相模原市緑区)",
        "旭農協前",
        "橋本駅北口"
    ],
    "weekday": [
        "5:56",
        "6:28",
        "6:48",
        "7:06",
        "7:22",
        "7:37",
        "8:07",
        "8:22",
        "8:37",
        "8:47",
        "8:57",
        "21:22",
        "21:52",
        "22:22"
    ],
    "saturday": [
        "5:56",
        "6:32",
        "7:07",
        "7:37",
        "8:17",
        "8:37",
        "21:32"
    ],
    "holiday": [
        "6:16",
        "6:55",
        "7:25",
        "7:55",
        "8:25",
        "8:54",
        "21:32"
    ],
    "url": "https://www.kanachu.co.jp/dia/diagram/timetable01_js/course:0000802971-12/node:00129365/kt:0/lname:/"
}
