{
    "date": "2024/03/16",
    "name": "下根岸(町田市)",
    "position": "-",
    "system": "町30",
    "destinations": [
        "根岸(根岸町/町田市)",
        "忠生都営住宅前",
        "矢部",
        "下常盤",
        "中常盤",
        "常盤(町田市)",
        "下馬場",
        "馬場十字路",
        "中村不動入口",
        "小山郵便局前",
        "小山小学校前(町田市)",
        "横土手",
        "御嶽堂",
        "片所",
        "坂本橋(町田市)",
        "田端(町田市)",
        "堂の前(町田市)",
        "三ツ目(町田市)",
        "久保ヶ谷戸",
        "寿橋",
        "寿町(相模原市緑区)",
        "旭農協前",
        "橋本駅北口"
    ],
    "weekday": [
        "5:57",
        "6:29",
        "6:49",
        "7:07",
        "7:23",
        "7:38",
        "8:08",
        "8:23",
        "8:38",
        "8:48",
        "8:58",
        "21:23",
        "21:53",
        "22:23"
    ],
    "saturday": [
        "5:57",
        "6:33",
        "7:08",
        "7:38",
        "8:18",
        "8:38",
        "21:33"
    ],
    "holiday": [
        "6:17",
        "6:56",
        "7:26",
        "7:56",
        "8:26",
        "8:55",
        "21:33"
    ],
    "url": "https://www.kanachu.co.jp/dia/diagram/timetable01_js/course:0000802971-13/node:00129366/kt:0/lname:/"
}
