{
    "date": "2024/03/16",
    "name": "矢部",
    "position": "-",
    "system": "町30",
    "destinations": [
        "下常盤",
        "中常盤",
        "常盤(町田市)",
        "下馬場",
        "馬場十字路",
        "中村不動入口",
        "小山郵便局前",
        "小山小学校前(町田市)",
        "横土手",
        "御嶽堂",
        "片所",
        "坂本橋(町田市)",
        "田端(町田市)",
        "堂の前(町田市)",
        "三ツ目(町田市)",
        "久保ヶ谷戸",
        "寿橋",
        "寿町(相模原市緑区)",
        "旭農協前",
        "橋本駅北口"
    ],
    "weekday": [
        "6:02",
        "6:34",
        "6:54",
        "7:12",
        "7:28",
        "7:43",
        "8:13",
        "8:28",
        "8:43",
        "8:53",
        "9:03",
        "21:27",
        "21:57",
        "22:27"
    ],
    "saturday": [
        "6:02",
        "6:38",
        "7:13",
        "7:43",
        "8:23",
        "8:43",
        "21:36"
    ],
    "holiday": [
        "6:22",
        "7:01",
        "7:31",
        "8:01",
        "8:31",
        "9:00",
        "21:36"
    ],
    "url": "https://www.kanachu.co.jp/dia/diagram/timetable01_js/course:0000802971-16/node:00130100/kt:0/lname:/"
}
