{
    "date": "2024/03/16",
    "name": "常盤(町田市)",
    "position": "-",
    "system": "町30",
    "destinations": [
        "下馬場",
        "馬場十字路",
        "中村不動入口",
        "小山郵便局前",
        "小山小学校前(町田市)",
        "横土手",
        "御嶽堂",
        "片所",
        "坂本橋(町田市)",
        "田端(町田市)",
        "堂の前(町田市)",
        "三ツ目(町田市)",
        "久保ヶ谷戸",
        "寿橋",
        "寿町(相模原市緑区)",
        "旭農協前",
        "橋本駅北口"
    ],
    "weekday": [
        "6:05",
        "6:37",
        "6:57",
        "7:16",
        "7:32",
        "7:47",
        "8:17",
        "8:32",
        "8:47",
        "8:57",
        "9:07",
        "21:30",
        "22:00",
        "22:30"
    ],
    "saturday": [
        "6:05",
        "6:41",
        "7:17",
        "7:47",
        "8:27",
        "8:47",
        "21:38"
    ],
    "holiday": [
        "6:25",
        "7:05",
        "7:35",
        "8:05",
        "8:35",
        "9:04",
        "21:38"
    ],
    "url": "https://www.kanachu.co.jp/dia/diagram/timetable01_js/course:0000802971-19/node:00129202/kt:0/lname:/"
}
