{
    "date": "2024/03/16",
    "name": "御嶽堂",
    "position": "-",
    "system": "町30",
    "destinations": [
        "片所",
        "坂本橋(町田市)",
        "田端(町田市)",
        "堂の前(町田市)",
        "三ツ目(町田市)",
        "久保ヶ谷戸",
        "寿橋",
        "寿町(相模原市緑区)",
        "旭農協前",
        "橋本駅北口"
    ],
    "weekday": [
        "6:12",
        "6:44",
        "7:04",
        "7:25",
        "7:41",
        "7:56",
        "8:26",
        "8:41",
        "8:56",
        "9:06",
        "9:16",
        "21:36",
        "22:06",
        "22:36"
    ],
    "saturday": [
        "6:12",
        "6:48",
        "7:24",
        "7:54",
        "8:34",
        "8:54",
        "21:44"
    ],
    "holiday": [
        "6:32",
        "7:12",
        "7:42",
        "8:12",
        "8:42",
        "9:12",
        "21:44"
    ],
    "url": "https://www.kanachu.co.jp/dia/diagram/timetable01_js/course:0000802971-26/node:00130092/kt:0/lname:/"
}
