{
    "date": "2024/03/16",
    "name": "片所",
    "position": "-",
    "system": "町30",
    "destinations": [
        "坂本橋(町田市)",
        "田端(町田市)",
        "堂の前(町田市)",
        "三ツ目(町田市)",
        "久保ヶ谷戸",
        "寿橋",
        "寿町(相模原市緑区)",
        "旭農協前",
        "橋本駅北口"
    ],
    "weekday": [
        "6:13",
        "6:45",
        "7:05",
        "7:26",
        "7:42",
        "7:57",
        "8:27",
        "8:42",
        "8:57",
        "9:07",
        "9:17",
        "21:37",
        "22:07",
        "22:37"
    ],
    "saturday": [
        "6:13",
        "6:49",
        "7:25",
        "7:55",
        "8:35",
        "8:55",
        "21:45"
    ],
    "holiday": [
        "6:33",
        "7:13",
        "7:43",
        "8:13",
        "8:43",
        "9:13",
        "21:45"
    ],
    "url": "https://www.kanachu.co.jp/dia/diagram/timetable01_js/course:0000802971-27/node:00130091/kt:0/lname:/"
}
