{
    "date": "2024/03/16",
    "name": "田端(町田市)",
    "position": "-",
    "system": "町30",
    "destinations": [
        "堂の前(町田市)",
        "三ツ目(町田市)",
        "久保ヶ谷戸",
        "寿橋",
        "寿町(相模原市緑区)",
        "旭農協前",
        "橋本駅北口"
    ],
    "weekday": [
        "6:16",
        "6:48",
        "7:08",
        "7:29",
        "7:45",
        "8:00",
        "8:30",
        "8:45",
        "9:00",
        "9:10",
        "9:20",
        "21:39",
        "22:09",
        "22:39"
    ],
    "saturday": [
        "6:16",
        "6:52",
        "7:28",
        "7:58",
        "8:38",
        "8:58",
        "21:47"
    ],
    "holiday": [
        "6:36",
        "7:16",
        "7:46",
        "8:16",
        "8:46",
        "9:16",
        "21:47"
    ],
    "url": "https://www.kanachu.co.jp/dia/diagram/timetable01_js/course:0000802971-29/node:00130089/kt:0/lname:/"
}
