{
    "date": "2024/03/16",
    "name": "旭農協前",
    "position": "-",
    "system": "町30",
    "destinations": [
        "橋本駅北口"
    ],
    "weekday": [
        "6:21",
        "6:53",
        "7:14",
        "7:35",
        "7:51",
        "8:06",
        "8:36",
        "8:51",
        "9:06",
        "9:16",
        "9:26",
        "21:44",
        "22:14",
        "22:44"
    ],
    "saturday": [
        "6:22",
        "6:58",
        "7:34",
        "8:04",
        "8:44",
        "9:04",
        "21:52"
    ],
    "holiday": [
        "6:42",
        "7:22",
        "7:52",
        "8:22",
        "8:52",
        "9:22",
        "21:52"
    ],
    "url": "https://www.kanachu.co.jp/dia/diagram/timetable01_js/course:0000802971-35/node:00020098/kt:0/lname:/"
}
