{
    "date": "2025/07/12",
    "name": "藤沢駅北口",
    "position": "-",
    "system": "藤39",
    "destinations": [
        "三富士町",
        "相生町(藤沢市)",
        "南仲通り",
        "南仲通り二丁目",
        "本町小学校前(藤沢市)",
        "白旗交差点",
        "台町(藤沢市)",
        "湘南高校前",
        "一中入口(藤沢市)",
        "引地橋",
        "メルシャン前",
        "羽鳥(藤沢市)",
        "明治小学校前",
        "大六天(藤沢市)",
        "舟地蔵",
        "城下(藤沢市)",
        "小糸",
        "大庭小学校",
        "羽根沢",
        "湘南カントリークラブ前",
        "堤羽根沢",
        "ライフタウン入口",
        "丸山大辻",
        "大辻(藤沢市)",
        "小出一本松",
        "湘南ライフタウン",
        "遠藤中原",
        "遠藤松原",
        "市営住宅前(藤沢市)",
        "遠藤北原",
        "秋葉台小学校",
        "遠藤(藤沢市)",
        "南大山",
        "工業団地入口(藤沢市)",
        "北警察署前(藤沢市)",
        "湘南台駅西口"
    ],
    "weekday": [
        "5:55",
        "6:20",
        "7:10",
        "7:45",
        "8:30",
        "10:30",
        "12:30",
        "14:30",
        "16:30",
        "18:30"
    ],
    "saturday": [],
    "holiday": [],
    "url": "https://www.kanachu.co.jp/dia/diagram/timetable01_js/course:0000801209-1/node:00126970/kt:0/lname:/"
}
