{
    "date": "2025/07/12",
    "name": "舟地蔵",
    "position": "-",
    "system": "藤39",
    "destinations": [
        "城下(藤沢市)",
        "小糸",
        "大庭小学校",
        "羽根沢",
        "湘南カントリークラブ前",
        "堤羽根沢",
        "ライフタウン入口",
        "丸山大辻",
        "大辻(藤沢市)",
        "小出一本松",
        "湘南ライフタウン",
        "遠藤中原",
        "遠藤松原",
        "市営住宅前(藤沢市)",
        "遠藤北原",
        "秋葉台小学校",
        "遠藤(藤沢市)",
        "南大山",
        "工業団地入口(藤沢市)",
        "北警察署前(藤沢市)",
        "湘南台駅西口"
    ],
    "weekday": [
        "6:11",
        "6:36",
        "7:28",
        "8:03",
        "8:48",
        "10:48",
        "12:48",
        "14:48",
        "16:49",
        "18:48"
    ],
    "saturday": [],
    "holiday": [],
    "url": "https://www.kanachu.co.jp/dia/diagram/timetable01_js/course:0000801209-16/node:00127057/kt:0/lname:/"
}
