{
    "date": "2025/07/12",
    "name": "小糸",
    "position": "-",
    "system": "藤39",
    "destinations": [
        "大庭小学校",
        "羽根沢",
        "湘南カントリークラブ前",
        "堤羽根沢",
        "ライフタウン入口",
        "丸山大辻",
        "大辻(藤沢市)",
        "小出一本松",
        "湘南ライフタウン",
        "遠藤中原",
        "遠藤松原",
        "市営住宅前(藤沢市)",
        "遠藤北原",
        "秋葉台小学校",
        "遠藤(藤沢市)",
        "南大山",
        "工業団地入口(藤沢市)",
        "北警察署前(藤沢市)",
        "湘南台駅西口"
    ],
    "weekday": [
        "6:13",
        "6:38",
        "7:30",
        "8:05",
        "8:50",
        "10:50",
        "12:50",
        "14:50",
        "16:51",
        "18:50"
    ],
    "saturday": [],
    "holiday": [],
    "url": "https://www.kanachu.co.jp/dia/diagram/timetable01_js/course:0000801209-18/node:00129941/kt:0/lname:/"
}
