{
    "date": "2025/07/12",
    "name": "大庭小学校",
    "position": "-",
    "system": "藤39",
    "destinations": [
        "羽根沢",
        "湘南カントリークラブ前",
        "堤羽根沢",
        "ライフタウン入口",
        "丸山大辻",
        "大辻(藤沢市)",
        "小出一本松",
        "湘南ライフタウン",
        "遠藤中原",
        "遠藤松原",
        "市営住宅前(藤沢市)",
        "遠藤北原",
        "秋葉台小学校",
        "遠藤(藤沢市)",
        "南大山",
        "工業団地入口(藤沢市)",
        "北警察署前(藤沢市)",
        "湘南台駅西口"
    ],
    "weekday": [
        "6:14",
        "6:39",
        "7:32",
        "8:07",
        "8:52",
        "10:52",
        "12:52",
        "14:52",
        "16:53",
        "18:51"
    ],
    "saturday": [],
    "holiday": [],
    "url": "https://www.kanachu.co.jp/dia/diagram/timetable01_js/course:0000801209-19/node:00129942/kt:0/lname:/"
}
