{
    "date": "2025/07/12",
    "name": "ライフタウン入口",
    "position": "-",
    "system": "藤39",
    "destinations": [
        "丸山大辻",
        "大辻(藤沢市)",
        "小出一本松",
        "湘南ライフタウン",
        "遠藤中原",
        "遠藤松原",
        "市営住宅前(藤沢市)",
        "遠藤北原",
        "秋葉台小学校",
        "遠藤(藤沢市)",
        "南大山",
        "工業団地入口(藤沢市)",
        "北警察署前(藤沢市)",
        "湘南台駅西口"
    ],
    "weekday": [
        "6:19",
        "6:44",
        "7:37",
        "8:12",
        "8:57",
        "10:57",
        "12:57",
        "14:57",
        "16:58",
        "18:56"
    ],
    "saturday": [],
    "holiday": [],
    "url": "https://www.kanachu.co.jp/dia/diagram/timetable01_js/course:0000801209-23/node:00129960/kt:0/lname:/"
}
