{
    "date": "2025/07/12",
    "name": "丸山大辻",
    "position": "-",
    "system": "藤39",
    "destinations": [
        "大辻(藤沢市)",
        "小出一本松",
        "湘南ライフタウン",
        "遠藤中原",
        "遠藤松原",
        "市営住宅前(藤沢市)",
        "遠藤北原",
        "秋葉台小学校",
        "遠藤(藤沢市)",
        "南大山",
        "工業団地入口(藤沢市)",
        "北警察署前(藤沢市)",
        "湘南台駅西口"
    ],
    "weekday": [
        "6:20",
        "6:45",
        "7:38",
        "8:13",
        "8:58",
        "10:58",
        "12:58",
        "14:58",
        "16:59",
        "18:57"
    ],
    "saturday": [],
    "holiday": [],
    "url": "https://www.kanachu.co.jp/dia/diagram/timetable01_js/course:0000801209-24/node:00129959/kt:0/lname:/"
}
