{
    "date": "2025/07/12",
    "name": "大辻(藤沢市)",
    "position": "-",
    "system": "藤39",
    "destinations": [
        "小出一本松",
        "湘南ライフタウン",
        "遠藤中原",
        "遠藤松原",
        "市営住宅前(藤沢市)",
        "遠藤北原",
        "秋葉台小学校",
        "遠藤(藤沢市)",
        "南大山",
        "工業団地入口(藤沢市)",
        "北警察署前(藤沢市)",
        "湘南台駅西口"
    ],
    "weekday": [
        "6:21",
        "6:46",
        "7:39",
        "8:14",
        "8:59",
        "10:59",
        "12:59",
        "14:59",
        "17:00",
        "18:58"
    ],
    "saturday": [],
    "holiday": [],
    "url": "https://www.kanachu.co.jp/dia/diagram/timetable01_js/course:0000801209-25/node:00129958/kt:0/lname:/"
}
