{
    "date": "2025/07/12",
    "name": "小出一本松",
    "position": "-",
    "system": "藤39",
    "destinations": [
        "湘南ライフタウン",
        "遠藤中原",
        "遠藤松原",
        "市営住宅前(藤沢市)",
        "遠藤北原",
        "秋葉台小学校",
        "遠藤(藤沢市)",
        "南大山",
        "工業団地入口(藤沢市)",
        "北警察署前(藤沢市)",
        "湘南台駅西口"
    ],
    "weekday": [
        "6:22",
        "6:47",
        "7:40",
        "8:15",
        "9:00",
        "11:00",
        "13:00",
        "15:00",
        "17:01",
        "18:59"
    ],
    "saturday": [],
    "holiday": [],
    "url": "https://www.kanachu.co.jp/dia/diagram/timetable01_js/course:0000801209-26/node:00129957/kt:0/lname:/"
}
