{
    "date": "2025/07/12",
    "name": "湘南ライフタウン",
    "position": "-",
    "system": "藤39",
    "destinations": [
        "遠藤中原",
        "遠藤松原",
        "市営住宅前(藤沢市)",
        "遠藤北原",
        "秋葉台小学校",
        "遠藤(藤沢市)",
        "南大山",
        "工業団地入口(藤沢市)",
        "北警察署前(藤沢市)",
        "湘南台駅西口"
    ],
    "weekday": [
        "6:23",
        "6:48",
        "7:41",
        "8:16",
        "9:01",
        "11:01",
        "13:01",
        "15:01",
        "17:02",
        "19:00"
    ],
    "saturday": [],
    "holiday": [],
    "url": "https://www.kanachu.co.jp/dia/diagram/timetable01_js/course:0000801209-27/node:00129948/kt:0/lname:/"
}
