{
    "date": "2025/07/12",
    "name": "遠藤松原",
    "position": "-",
    "system": "藤39",
    "destinations": [
        "市営住宅前(藤沢市)",
        "遠藤北原",
        "秋葉台小学校",
        "遠藤(藤沢市)",
        "南大山",
        "工業団地入口(藤沢市)",
        "北警察署前(藤沢市)",
        "湘南台駅西口"
    ],
    "weekday": [
        "6:25",
        "6:50",
        "7:43",
        "8:18",
        "9:03",
        "11:03",
        "13:03",
        "15:03",
        "17:04",
        "19:02"
    ],
    "saturday": [],
    "holiday": [],
    "url": "https://www.kanachu.co.jp/dia/diagram/timetable01_js/course:0000801209-29/node:00129923/kt:0/lname:/"
}
