{
    "date": "2025/07/12",
    "name": "遠藤(藤沢市)",
    "position": "-",
    "system": "藤39",
    "destinations": [
        "南大山",
        "工業団地入口(藤沢市)",
        "北警察署前(藤沢市)",
        "湘南台駅西口"
    ],
    "weekday": [
        "6:29",
        "6:54",
        "7:47",
        "8:22",
        "9:07",
        "11:07",
        "13:07",
        "15:07",
        "17:08",
        "19:06"
    ],
    "saturday": [],
    "holiday": [],
    "url": "https://www.kanachu.co.jp/dia/diagram/timetable01_js/course:0000801209-33/node:00129919/kt:0/lname:/"
}
