{
    "system": "藤39",
    "busstops": [
        {
            "index": "1",
            "id": "00126970",
            "name": "藤沢駅北口",
            "lat": "35.339588",
            "lng": "139.487917"
        },
        {
            "index": "2",
            "id": "00126971",
            "name": "三富士町",
            "lat": "35.339469",
            "lng": "139.484094"
        },
        {
            "index": "3",
            "id": "00126972",
            "name": "相生町(藤沢市)",
            "lat": "35.340726",
            "lng": "139.480959"
        },
        {
            "index": "4",
            "id": "00126973",
            "name": "南仲通り",
            "lat": "35.343151",
            "lng": "139.481916"
        },
        {
            "index": "5",
            "id": "00127110",
            "name": "南仲通り二丁目",
            "lat": "35.3442",
            "lng": "139.48089"
        },
        {
            "index": "6",
            "id": "00127109",
            "name": "本町小学校前(藤沢市)",
            "lat": "35.345432",
            "lng": "139.479645"
        },
        {
            "index": "7",
            "id": "00127012",
            "name": "白旗交差点",
            "lat": "35.347339",
            "lng": "139.478481"
        },
        {
            "index": "8",
            "id": "00127049",
            "name": "台町(藤沢市)",
            "lat": "35.347006",
            "lng": "139.47604"
        },
        {
            "index": "9",
            "id": "00127050",
            "name": "湘南高校前",
            "lat": "35.346536",
            "lng": "139.472037"
        },
        {
            "index": "10",
            "id": "00127051",
            "name": "一中入口(藤沢市)",
            "lat": "35.347052",
            "lng": "139.469838"
        },
        {
            "index": "11",
            "id": "00127052",
            "name": "引地橋",
            "lat": "35.347352",
            "lng": "139.467021"
        },
        {
            "index": "12",
            "id": "00127053",
            "name": "メルシャン前",
            "lat": "35.346669",
            "lng": "139.462638"
        },
        {
            "index": "13",
            "id": "00127054",
            "name": "羽鳥(藤沢市)",
            "lat": "35.347202",
            "lng": "139.461263"
        },
        {
            "index": "14",
            "id": "00127055",
            "name": "明治小学校前",
            "lat": "35.348696",
            "lng": "139.459287"
        },
        {
            "index": "15",
            "id": "00127056",
            "name": "大六天(藤沢市)",
            "lat": "35.353384",
            "lng": "139.454339"
        },
        {
            "index": "16",
            "id": "00127057",
            "name": "舟地蔵",
            "lat": "35.358238",
            "lng": "139.451337"
        },
        {
            "index": "17",
            "id": "00129970",
            "name": "城下(藤沢市)",
            "lat": "35.359684",
            "lng": "139.449245"
        },
        {
            "index": "18",
            "id": "00129941",
            "name": "小糸",
            "lat": "35.360789",
            "lng": "139.444848"
        },
        {
            "index": "19",
            "id": "00129942",
            "name": "大庭小学校",
            "lat": "35.363816",
            "lng": "139.444639"
        },
        {
            "index": "20",
            "id": "00129961",
            "name": "羽根沢",
            "lat": "35.364233",
            "lng": "139.440556"
        },
        {
            "index": "21",
            "id": "00129962",
            "name": "湘南カントリークラブ前",
            "lat": "35.364735",
            "lng": "139.436472"
        },
        {
            "index": "22",
            "id": "00129963",
            "name": "堤羽根沢",
            "lat": "35.366938",
            "lng": "139.433657"
        },
        {
            "index": "23",
            "id": "00129960",
            "name": "ライフタウン入口",
            "lat": "35.368166",
            "lng": "139.431873"
        },
        {
            "index": "24",
            "id": "00129959",
            "name": "丸山大辻",
            "lat": "35.370049",
            "lng": "139.429024"
        },
        {
            "index": "25",
            "id": "00129958",
            "name": "大辻(藤沢市)",
            "lat": "35.370999",
            "lng": "139.428424"
        },
        {
            "index": "26",
            "id": "00129957",
            "name": "小出一本松",
            "lat": "35.373482",
            "lng": "139.430407"
        },
        {
            "index": "27",
            "id": "00129948",
            "name": "湘南ライフタウン",
            "lat": "35.374737",
            "lng": "139.432189"
        },
        {
            "index": "28",
            "id": "00129924",
            "name": "遠藤中原",
            "lat": "35.378897",
            "lng": "139.43586"
        },
        {
            "index": "29",
            "id": "00129923",
            "name": "遠藤松原",
            "lat": "35.382721",
            "lng": "139.437942"
        },
        {
            "index": "30",
            "id": "00129922",
            "name": "市営住宅前(藤沢市)",
            "lat": "35.383958",
            "lng": "139.438456"
        },
        {
            "index": "31",
            "id": "00129921",
            "name": "遠藤北原",
            "lat": "35.387589",
            "lng": "139.43951"
        },
        {
            "index": "32",
            "id": "00129920",
            "name": "秋葉台小学校",
            "lat": "35.38959",
            "lng": "139.439862"
        },
        {
            "index": "33",
            "id": "00129919",
            "name": "遠藤(藤沢市)",
            "lat": "35.391977",
            "lng": "139.44182"
        },
        {
            "index": "34",
            "id": "00129918",
            "name": "南大山",
            "lat": "35.393316",
            "lng": "139.447382"
        },
        {
            "index": "35",
            "id": "00129909",
            "name": "工業団地入口(藤沢市)",
            "lat": "35.394452",
            "lng": "139.451869"
        },
        {
            "index": "36",
            "id": "00129895",
            "name": "北警察署前(藤沢市)",
            "lat": "35.395948",
            "lng": "139.457964"
        },
        {
            "index": "37",
            "id": "00129893",
            "name": "湘南台駅西口",
            "lat": "35.396197",
            "lng": "139.465719"
        }
    ],
    "route_url": "https://www.kanachu.co.jp/dia/route/index/cid:0000801209/"
}
