{
    "date": "2025/03/15",
    "name": "茅ヶ崎駅",
    "position": "-",
    "system": "茅82",
    "destinations": [
        "中央公園前(茅ケ崎市)",
        "前の田",
        "神奈中営業所前",
        "ニュータウン入口(茅ケ崎市)",
        "鶴が台入口",
        "鶴が台中学校前",
        "鶴が台名店街入口",
        "鶴が台団地",
        "香川小学校入口",
        "松風台(茅ケ崎市)",
        "香川二丁目",
        "みずき四丁目",
        "湘南みずき",
        "みずき二丁目",
        "西方(茅ケ崎市)",
        "北陵高校入口",
        "せせらぎ公園入口(茅ケ崎市)",
        "湘南みずき"
    ],
    "weekday": [
        "19:45",
        "20:40",
        "21:55"
    ],
    "saturday": [
        "20:15",
        "21:50"
    ],
    "holiday": [
        "20:15",
        "21:50"
    ],
    "url": "https://www.kanachu.co.jp/dia/diagram/timetable01_js/course:0000803123-1/node:00127126/kt:0/lname:/"
}
