{
    "date": "2025/03/15",
    "name": "中央公園前(茅ケ崎市)",
    "position": "-",
    "system": "茅82",
    "destinations": [
        "前の田",
        "神奈中営業所前",
        "ニュータウン入口(茅ケ崎市)",
        "鶴が台入口",
        "鶴が台中学校前",
        "鶴が台名店街入口",
        "鶴が台団地",
        "香川小学校入口",
        "松風台(茅ケ崎市)",
        "香川二丁目",
        "みずき四丁目",
        "湘南みずき",
        "みずき二丁目",
        "西方(茅ケ崎市)",
        "北陵高校入口",
        "せせらぎ公園入口(茅ケ崎市)",
        "湘南みずき"
    ],
    "weekday": [
        "19:47",
        "20:42",
        "21:57"
    ],
    "saturday": [
        "20:17",
        "21:52"
    ],
    "holiday": [
        "20:17",
        "21:52"
    ],
    "url": "https://www.kanachu.co.jp/dia/diagram/timetable01_js/course:0000803123-2/node:00127135/kt:0/lname:/"
}
