{
    "date": "2025/03/15",
    "name": "神奈中営業所前",
    "position": "-",
    "system": "茅82",
    "destinations": [
        "ニュータウン入口(茅ケ崎市)",
        "鶴が台入口",
        "鶴が台中学校前",
        "鶴が台名店街入口",
        "鶴が台団地",
        "香川小学校入口",
        "松風台(茅ケ崎市)",
        "香川二丁目",
        "みずき四丁目",
        "湘南みずき",
        "みずき二丁目",
        "西方(茅ケ崎市)",
        "北陵高校入口",
        "せせらぎ公園入口(茅ケ崎市)",
        "湘南みずき"
    ],
    "weekday": [
        "19:49",
        "20:44",
        "21:59"
    ],
    "saturday": [
        "20:19",
        "21:54"
    ],
    "holiday": [
        "20:19",
        "21:54"
    ],
    "url": "https://www.kanachu.co.jp/dia/diagram/timetable01_js/course:0000803123-4/node:00127137/kt:0/lname:/"
}
