{
    "date": "2025/03/15",
    "name": "鶴が台団地",
    "position": "-",
    "system": "茅82",
    "destinations": [
        "香川小学校入口",
        "松風台(茅ケ崎市)",
        "香川二丁目",
        "みずき四丁目",
        "湘南みずき",
        "みずき二丁目",
        "西方(茅ケ崎市)",
        "北陵高校入口",
        "せせらぎ公園入口(茅ケ崎市)",
        "湘南みずき"
    ],
    "weekday": [
        "19:55",
        "20:50",
        "22:05"
    ],
    "saturday": [
        "20:25",
        "22:00"
    ],
    "holiday": [
        "20:25",
        "22:00"
    ],
    "url": "https://www.kanachu.co.jp/dia/diagram/timetable01_js/course:0000803123-9/node:00127156/kt:0/lname:/"
}
