{
    "date": "2025/11/16",
    "name": "槇の木",
    "position": "-",
    "system": "二05",
    "destinations": [
        "国府新宿",
        "天の杜",
        "月京",
        "おおいそ学園入口",
        "西生沢",
        "生沢",
        "普門寺入口",
        "寺坂宮前",
        "王福寺",
        "上寺坂",
        "境橋(中郡大磯町)",
        "弁天通り(平塚市)",
        "松岩寺"
    ],
    "weekday": [
        "19:18",
        "20:33"
    ],
    "saturday": [
        "19:18"
    ],
    "holiday": [
        "19:18"
    ],
    "url": "https://www.kanachu.co.jp/dia/diagram/timetable01_js/course:0000802258-6/node:00127484/kt:0/lname:/"
}
