{
    "date": "2025/11/16",
    "name": "天の杜",
    "position": "-",
    "system": "二05",
    "destinations": [
        "月京",
        "おおいそ学園入口",
        "西生沢",
        "生沢",
        "普門寺入口",
        "寺坂宮前",
        "王福寺",
        "上寺坂",
        "境橋(中郡大磯町)",
        "弁天通り(平塚市)",
        "松岩寺"
    ],
    "weekday": [
        "19:20",
        "20:35"
    ],
    "saturday": [
        "19:20"
    ],
    "holiday": [
        "19:20"
    ],
    "url": "https://www.kanachu.co.jp/dia/diagram/timetable01_js/course:0000802258-8/node:00127505/kt:0/lname:/"
}
