{
    "date": "2025/04/01",
    "name": "鶴川団地",
    "position": "-",
    "system": "鶴11",
    "destinations": [
        "広袴一丁目",
        "国士舘大学前",
        "給水塔前(鶴川団地/町田市)",
        "広袴",
        "鶴川中央公園",
        "センター前(町田市)",
        "鶴川二丁目",
        "鶴川一丁目",
        "能ヶ谷二丁目",
        "鶴川駅"
    ],
    "weekday": [
        "5:40",
        "5:55",
        "6:05",
        "6:15",
        "6:35",
        "6:55",
        "7:02",
        "7:09",
        "7:23",
        "7:30",
        "7:37",
        "7:55",
        "8:05",
        "8:25",
        "8:35",
        "8:55",
        "9:15",
        "9:25",
        "9:50",
        "10:20",
        "10:50",
        "11:20",
        "11:50",
        "12:20",
        "12:45",
        "12:55",
        "13:20",
        "13:50",
        "14:20",
        "14:50",
        "15:20",
        "15:31",
        "15:42",
        "15:53",
        "16:20",
        "16:35",
        "16:42",
        "16:56",
        "17:20",
        "17:44",
        "17:56",
        "18:20",
        "18:43",
        "18:53",
        "19:18",
        "19:51",
        "20:05",
        "21:20"
    ],
    "saturday": [
        "5:55",
        "6:15",
        "6:50",
        "7:05",
        "7:20",
        "7:35",
        "8:05",
        "8:35",
        "9:02",
        "9:26",
        "9:38",
        "9:50",
        "10:02",
        "10:26",
        "10:50",
        "11:02",
        "11:26",
        "11:50",
        "12:02",
        "12:26",
        "12:50",
        "13:02",
        "13:26",
        "13:50",
        "14:05",
        "14:50",
        "15:05",
        "15:36",
        "15:50",
        "16:05",
        "16:35",
        "17:05",
        "17:35",
        "17:59",
        "18:11",
        "18:35",
        "18:59",
        "19:11",
        "19:35",
        "20:15",
        "20:40",
        "21:00",
        "21:20"
    ],
    "holiday": [
        "5:55",
        "6:20",
        "6:45",
        "7:05",
        "7:25",
        "8:05",
        "8:25",
        "9:02",
        "9:26",
        "9:38",
        "9:50",
        "10:02",
        "10:26",
        "10:50",
        "11:05",
        "11:50",
        "12:05",
        "12:50",
        "13:05",
        "13:55",
        "14:55",
        "15:35",
        "15:55",
        "16:35",
        "17:05",
        "17:35",
        "18:05",
        "18:35",
        "19:05",
        "19:35",
        "20:15",
        "20:40",
        "21:00",
        "21:20"
    ],
    "url": "https://www.kanachu.co.jp/dia/diagram/timetable01_js/course:0000803481-1/node:00129466/kt:0/lname:/"
}
