{
    "date": "2025/07/12",
    "name": "石原谷",
    "position": "-",
    "system": "藤35",
    "destinations": [
        "関東航空前",
        "修道院前",
        "修道院下",
        "伊勢山入口",
        "台町(藤沢市)",
        "本町消防出張所前",
        "藤沢公民館前",
        "遊行寺前",
        "遊行通り四丁目",
        "藤沢駅北口"
    ],
    "weekday": [
        "7:10",
        "16:00",
        "17:20",
        "18:00",
        "18:35",
        "19:10",
        "20:15"
    ],
    "saturday": [
        "7:20",
        "8:15",
        "8:55",
        "17:00",
        "18:00",
        "19:00"
    ],
    "holiday": [
        "7:20",
        "8:15",
        "8:55",
        "17:00",
        "18:00",
        "19:00"
    ],
    "url": "https://www.kanachu.co.jp/dia/diagram/timetable01_js/course:0000803350-2/node:00127102/kt:0/lname:/"
}
