{
    "date": "2025/07/12",
    "name": "修道院下",
    "position": "-",
    "system": "藤35",
    "destinations": [
        "伊勢山入口",
        "台町(藤沢市)",
        "本町消防出張所前",
        "藤沢公民館前",
        "遊行寺前",
        "遊行通り四丁目",
        "藤沢駅北口"
    ],
    "weekday": [
        "7:13",
        "16:03",
        "17:23",
        "18:03",
        "18:38",
        "19:13",
        "20:18"
    ],
    "saturday": [
        "7:23",
        "8:18",
        "8:58",
        "17:03",
        "18:03",
        "19:03"
    ],
    "holiday": [
        "7:23",
        "8:18",
        "8:58",
        "17:03",
        "18:03",
        "19:03"
    ],
    "url": "https://www.kanachu.co.jp/dia/diagram/timetable01_js/course:0000803350-5/node:00127064/kt:0/lname:/"
}
