{
    "system": "藤35",
    "busstops": [
        {
            "index": "1",
            "id": "00127067",
            "name": "荏原工業団地",
            "lat": "35.35854",
            "lng": "139.466376"
        },
        {
            "index": "2",
            "id": "00127102",
            "name": "石原谷",
            "lat": "35.357716",
            "lng": "139.467753"
        },
        {
            "index": "3",
            "id": "00127066",
            "name": "関東航空前",
            "lat": "35.356101",
            "lng": "139.467604"
        },
        {
            "index": "4",
            "id": "00127065",
            "name": "修道院前",
            "lat": "35.355005",
            "lng": "139.468533"
        },
        {
            "index": "5",
            "id": "00127064",
            "name": "修道院下",
            "lat": "35.352635",
            "lng": "139.472154"
        },
        {
            "index": "6",
            "id": "00127063",
            "name": "伊勢山入口",
            "lat": "35.34995",
            "lng": "139.474894"
        },
        {
            "index": "7",
            "id": "00127049",
            "name": "台町(藤沢市)",
            "lat": "35.347419",
            "lng": "139.476887"
        },
        {
            "index": "8",
            "id": "00127011",
            "name": "本町消防出張所前",
            "lat": "35.347902",
            "lng": "139.481537"
        },
        {
            "index": "9",
            "id": "00127010",
            "name": "藤沢公民館前",
            "lat": "35.347449",
            "lng": "139.483566"
        },
        {
            "index": "10",
            "id": "00127009",
            "name": "遊行寺前",
            "lat": "35.346401",
            "lng": "139.486098"
        },
        {
            "index": "11",
            "id": "00127019",
            "name": "遊行通り四丁目",
            "lat": "35.342114",
            "lng": "139.488784"
        },
        {
            "index": "12",
            "id": "00126970",
            "name": "藤沢駅北口",
            "lat": "35.339374",
            "lng": "139.488059"
        }
    ],
    "route_url": "https://www.kanachu.co.jp/dia/route/index/cid:0000803350/"
}
