{
    "date": "2025/01/14",
    "name": "仲田(厚木市)",
    "position": "-",
    "system": "厚43",
    "destinations": [
        "依胡田",
        "柳町(厚木市)",
        "仲町(厚木市長谷)",
        "籠堰橋",
        "広町橋",
        "小野宮前",
        "小野橋(厚木市)",
        "榎田",
        "若宮橋(厚木市)",
        "森の里一丁目",
        "森の里二丁目",
        "森の里小学校前",
        "森の里三丁目",
        "森の里中学校前",
        "北センター(厚木市)",
        "森の里五丁目",
        "森の里"
    ],
    "weekday": [
        "7:14",
        "9:02",
        "10:00",
        "11:00",
        "12:00",
        "13:00",
        "14:00",
        "15:00",
        "16:00",
        "16:40",
        "17:22",
        "18:02",
        "18:42",
        "19:42",
        "20:37",
        "21:38"
    ],
    "saturday": [
        "7:53",
        "8:56",
        "9:56",
        "10:56",
        "11:56",
        "12:56",
        "13:56",
        "14:56",
        "15:57",
        "16:57",
        "17:57",
        "18:57",
        "19:53",
        "20:53",
        "21:35"
    ],
    "holiday": [
        "7:53",
        "8:56",
        "9:56",
        "10:56",
        "11:56",
        "12:56",
        "13:56",
        "14:56",
        "15:57",
        "16:57",
        "17:57",
        "18:57",
        "19:53",
        "20:53",
        "21:35"
    ],
    "url": "https://www.kanachu.co.jp/dia/diagram/timetable01_js/course:0000801007-8/node:00128506/kt:0/lname:/"
}
