{
    "date": "2025/07/12",
    "name": "渡内",
    "position": "-",
    "system": "船30",
    "destinations": [
        "渡内第三会館前",
        "久成寺前",
        "植木(鎌倉市)",
        "公会堂前(鎌倉市)",
        "岡本(鎌倉市)",
        "玉縄行政センター入口",
        "児童公園前(鎌倉市)",
        "大船駅西口"
    ],
    "weekday": [
        "6:23",
        "6:39",
        "6:58",
        "7:10",
        "7:22",
        "7:32",
        "7:48"
    ],
    "saturday": [],
    "holiday": [],
    "url": "https://www.kanachu.co.jp/dia/diagram/timetable01_js/course:0000801769-5/node:00126986/kt:0/lname:/"
}
