{
    "date": "2025/07/12",
    "name": "渡内第三会館前",
    "position": "-",
    "system": "船30",
    "destinations": [
        "久成寺前",
        "植木(鎌倉市)",
        "公会堂前(鎌倉市)",
        "岡本(鎌倉市)",
        "玉縄行政センター入口",
        "児童公園前(鎌倉市)",
        "大船駅西口"
    ],
    "weekday": [
        "6:24",
        "6:40",
        "6:59",
        "7:11",
        "7:23",
        "7:33",
        "7:49"
    ],
    "saturday": [],
    "holiday": [],
    "url": "https://www.kanachu.co.jp/dia/diagram/timetable01_js/course:0000801769-6/node:00126987/kt:0/lname:/"
}
