{
    "date": "2025/07/12",
    "name": "植木(鎌倉市)",
    "position": "-",
    "system": "船30",
    "destinations": [
        "公会堂前(鎌倉市)",
        "岡本(鎌倉市)",
        "玉縄行政センター入口",
        "児童公園前(鎌倉市)",
        "大船駅西口"
    ],
    "weekday": [
        "6:27",
        "6:43",
        "7:02",
        "7:15",
        "7:27",
        "7:37",
        "7:53"
    ],
    "saturday": [],
    "holiday": [],
    "url": "https://www.kanachu.co.jp/dia/diagram/timetable01_js/course:0000801769-8/node:00126989/kt:0/lname:/"
}
