{
    "date": "2025/11/16",
    "name": "薬王寺入口",
    "position": "-",
    "system": "中53",
    "destinations": [
        "鶴ヶ峰中学校前",
        "今宿小学校入口",
        "今宿(横浜市旭区)",
        "筑池",
        "農協前(横浜市旭区)",
        "都岡町",
        "下宿(横浜市旭区)",
        "川井宿",
        "横丁",
        "笹峰",
        "三保市民の森",
        "梅田谷戸",
        "梅田(横浜市緑区)",
        "坂下(横浜市緑区)",
        "三保橋",
        "薬師谷戸",
        "住宅前(横浜市緑区)",
        "宮根(横浜市緑区)",
        "三保交差点",
        "台村町",
        "中山駅"
    ],
    "weekday": [
        "5:39",
        "5:57",
        "6:27",
        "6:51",
        "7:06",
        "7:27",
        "7:41",
        "7:54",
        "8:30",
        "9:32",
        "10:32",
        "11:38",
        "12:40",
        "13:40",
        "14:40",
        "15:40",
        "16:40",
        "17:40",
        "18:40",
        "19:40",
        "20:26",
        "21:17"
    ],
    "saturday": [
        "5:39",
        "6:29",
        "6:44",
        "7:04",
        "7:32",
        "8:02",
        "9:07",
        "9:40",
        "10:25",
        "11:25",
        "12:25",
        "13:25",
        "14:25",
        "15:25",
        "16:25",
        "17:25",
        "18:25",
        "19:27",
        "20:27",
        "20:47"
    ],
    "holiday": [
        "6:46",
        "7:05",
        "7:40",
        "8:12",
        "9:02",
        "9:48",
        "10:25",
        "11:25",
        "12:25",
        "13:25",
        "14:25",
        "15:25",
        "16:25",
        "17:25",
        "18:25",
        "19:25",
        "20:27",
        "20:47"
    ],
    "url": "https://www.kanachu.co.jp/dia/diagram/timetable01_js/course:0000802183-3/node:00129719/kt:0/lname:/"
}
