{
    "date": "2025/11/16",
    "name": "今宿(横浜市旭区)",
    "position": "-",
    "system": "中53",
    "destinations": [
        "筑池",
        "農協前(横浜市旭区)",
        "都岡町",
        "下宿(横浜市旭区)",
        "川井宿",
        "横丁",
        "笹峰",
        "三保市民の森",
        "梅田谷戸",
        "梅田(横浜市緑区)",
        "坂下(横浜市緑区)",
        "三保橋",
        "薬師谷戸",
        "住宅前(横浜市緑区)",
        "宮根(横浜市緑区)",
        "三保交差点",
        "台村町",
        "中山駅"
    ],
    "weekday": [
        "5:43",
        "6:01",
        "6:31",
        "6:55",
        "7:10",
        "7:31",
        "7:45",
        "7:58",
        "8:34",
        "9:36",
        "10:36",
        "11:42",
        "12:44",
        "13:44",
        "14:44",
        "15:44",
        "16:44",
        "17:44",
        "18:44",
        "19:44",
        "20:30",
        "21:21"
    ],
    "saturday": [
        "5:43",
        "6:33",
        "6:48",
        "7:08",
        "7:36",
        "8:06",
        "9:11",
        "9:44",
        "10:29",
        "11:29",
        "12:29",
        "13:29",
        "14:29",
        "15:29",
        "16:29",
        "17:29",
        "18:29",
        "19:31",
        "20:31",
        "20:51"
    ],
    "holiday": [
        "6:50",
        "7:09",
        "7:44",
        "8:16",
        "9:06",
        "9:52",
        "10:29",
        "11:29",
        "12:29",
        "13:29",
        "14:29",
        "15:29",
        "16:29",
        "17:29",
        "18:29",
        "19:29",
        "20:31",
        "20:51"
    ],
    "url": "https://www.kanachu.co.jp/dia/diagram/timetable01_js/course:0000802183-6/node:00129716/kt:0/lname:/"
}
