{
    "date": "2025/11/16",
    "name": "笹峰",
    "position": "-",
    "system": "中53",
    "destinations": [
        "三保市民の森",
        "梅田谷戸",
        "梅田(横浜市緑区)",
        "坂下(横浜市緑区)",
        "三保橋",
        "薬師谷戸",
        "住宅前(横浜市緑区)",
        "宮根(横浜市緑区)",
        "三保交差点",
        "台村町",
        "中山駅"
    ],
    "weekday": [
        "5:52",
        "6:10",
        "6:40",
        "7:04",
        "7:19",
        "7:40",
        "7:54",
        "8:07",
        "8:43",
        "9:45",
        "10:45",
        "11:51",
        "12:53",
        "13:53",
        "14:53",
        "15:53",
        "16:53",
        "17:53",
        "18:53",
        "19:53",
        "20:39",
        "21:30"
    ],
    "saturday": [
        "5:52",
        "6:42",
        "6:57",
        "7:17",
        "7:45",
        "8:15",
        "9:20",
        "9:53",
        "10:38",
        "11:38",
        "12:38",
        "13:38",
        "14:38",
        "15:38",
        "16:38",
        "17:38",
        "18:38",
        "19:40",
        "20:40",
        "21:00"
    ],
    "holiday": [
        "6:59",
        "7:18",
        "7:53",
        "8:25",
        "9:15",
        "10:01",
        "10:38",
        "11:38",
        "12:38",
        "13:38",
        "14:38",
        "15:38",
        "16:38",
        "17:38",
        "18:38",
        "19:38",
        "20:40",
        "21:00"
    ],
    "url": "https://www.kanachu.co.jp/dia/diagram/timetable01_js/course:0000802183-13/node:00126585/kt:0/lname:/"
}
