{
    "date": "2025/11/16",
    "name": "三保市民の森",
    "position": "-",
    "system": "中53",
    "destinations": [
        "梅田谷戸",
        "梅田(横浜市緑区)",
        "坂下(横浜市緑区)",
        "三保橋",
        "薬師谷戸",
        "住宅前(横浜市緑区)",
        "宮根(横浜市緑区)",
        "三保交差点",
        "台村町",
        "中山駅"
    ],
    "weekday": [
        "5:54",
        "6:12",
        "6:42",
        "7:06",
        "7:21",
        "7:42",
        "7:56",
        "8:09",
        "8:45",
        "9:47",
        "10:47",
        "11:53",
        "12:55",
        "13:55",
        "14:55",
        "15:55",
        "16:55",
        "17:55",
        "18:55",
        "19:55",
        "20:41",
        "21:32"
    ],
    "saturday": [
        "5:54",
        "6:44",
        "6:59",
        "7:19",
        "7:47",
        "8:17",
        "9:22",
        "9:55",
        "10:40",
        "11:40",
        "12:40",
        "13:40",
        "14:40",
        "15:40",
        "16:40",
        "17:40",
        "18:40",
        "19:42",
        "20:42",
        "21:02"
    ],
    "holiday": [
        "7:01",
        "7:20",
        "7:55",
        "8:27",
        "9:17",
        "10:03",
        "10:40",
        "11:40",
        "12:40",
        "13:40",
        "14:40",
        "15:40",
        "16:40",
        "17:40",
        "18:40",
        "19:40",
        "20:42",
        "21:02"
    ],
    "url": "https://www.kanachu.co.jp/dia/diagram/timetable01_js/course:0000802183-14/node:00126586/kt:0/lname:/"
}
