{
    "date": "2025/11/16",
    "name": "梅田(横浜市緑区)",
    "position": "-",
    "system": "中53",
    "destinations": [
        "坂下(横浜市緑区)",
        "三保橋",
        "薬師谷戸",
        "住宅前(横浜市緑区)",
        "宮根(横浜市緑区)",
        "三保交差点",
        "台村町",
        "中山駅"
    ],
    "weekday": [
        "5:57",
        "6:15",
        "6:45",
        "7:09",
        "7:24",
        "7:45",
        "7:59",
        "8:12",
        "8:48",
        "9:50",
        "10:50",
        "11:56",
        "12:58",
        "13:58",
        "14:58",
        "15:58",
        "16:58",
        "17:58",
        "18:58",
        "19:58",
        "20:44",
        "21:35"
    ],
    "saturday": [
        "5:57",
        "6:47",
        "7:02",
        "7:22",
        "7:50",
        "8:20",
        "9:25",
        "9:58",
        "10:43",
        "11:43",
        "12:43",
        "13:43",
        "14:43",
        "15:43",
        "16:43",
        "17:43",
        "18:43",
        "19:45",
        "20:45",
        "21:05"
    ],
    "holiday": [
        "7:04",
        "7:23",
        "7:58",
        "8:30",
        "9:20",
        "10:06",
        "10:43",
        "11:43",
        "12:43",
        "13:43",
        "14:43",
        "15:43",
        "16:43",
        "17:43",
        "18:43",
        "19:43",
        "20:45",
        "21:05"
    ],
    "url": "https://www.kanachu.co.jp/dia/diagram/timetable01_js/course:0000802183-16/node:00126588/kt:0/lname:/"
}
