{
    "date": "2025/11/16",
    "name": "住宅前(横浜市緑区)",
    "position": "-",
    "system": "中53",
    "destinations": [
        "宮根(横浜市緑区)",
        "三保交差点",
        "台村町",
        "中山駅"
    ],
    "weekday": [
        "6:01",
        "6:19",
        "6:49",
        "7:13",
        "7:28",
        "7:49",
        "8:03",
        "8:16",
        "8:52",
        "9:54",
        "10:54",
        "12:00",
        "13:02",
        "14:02",
        "15:02",
        "16:02",
        "17:02",
        "18:02",
        "19:02",
        "20:02",
        "20:48",
        "21:39"
    ],
    "saturday": [
        "6:01",
        "6:51",
        "7:06",
        "7:26",
        "7:54",
        "8:24",
        "9:29",
        "10:02",
        "10:47",
        "11:47",
        "12:47",
        "13:47",
        "14:47",
        "15:47",
        "16:47",
        "17:47",
        "18:47",
        "19:49",
        "20:49",
        "21:09"
    ],
    "holiday": [
        "7:08",
        "7:27",
        "8:02",
        "8:34",
        "9:24",
        "10:10",
        "10:47",
        "11:47",
        "12:47",
        "13:47",
        "14:47",
        "15:47",
        "16:47",
        "17:47",
        "18:47",
        "19:47",
        "20:49",
        "21:09"
    ],
    "url": "https://www.kanachu.co.jp/dia/diagram/timetable01_js/course:0000802183-20/node:00126592/kt:0/lname:/"
}
