{
    "date": "2024/03/16",
    "name": "上矢部本町",
    "position": "-",
    "system": "淵21",
    "destinations": [
        "薬師堂(相模原市中央区)",
        "淵野辺二丁目",
        "淵野辺一丁目",
        "麻布大学",
        "並木通り(相模原市中央区)",
        "淵野辺駅北口"
    ],
    "weekday": [
        "6:14",
        "6:34",
        "6:54",
        "7:14",
        "7:34",
        "7:54",
        "8:14",
        "8:39",
        "8:59",
        "9:29",
        "10:19",
        "11:19",
        "12:19",
        "13:19",
        "14:19",
        "15:19",
        "16:19",
        "17:09",
        "17:59",
        "18:49",
        "19:39",
        "20:29",
        "21:19"
    ],
    "saturday": [
        "6:24",
        "7:04",
        "7:29",
        "7:54",
        "8:44",
        "9:34",
        "10:24",
        "11:14",
        "12:04",
        "12:54",
        "13:44",
        "14:34",
        "15:24",
        "16:14",
        "17:04",
        "17:54",
        "18:44",
        "19:34",
        "20:24",
        "21:16"
    ],
    "holiday": [
        "6:24",
        "7:04",
        "7:54",
        "8:44",
        "9:34",
        "10:24",
        "11:14",
        "12:04",
        "12:54",
        "13:44",
        "14:34",
        "15:24",
        "16:14",
        "17:04",
        "17:54",
        "18:44",
        "19:34",
        "20:24"
    ],
    "url": "https://www.kanachu.co.jp/dia/diagram/timetable01_js/course:0000803404-10/node:00130106/kt:0/lname:/"
}
