{
    "date": "2025/04/19",
    "name": "小田急相模原駅",
    "position": "-",
    "system": "小06",
    "destinations": [
        "二宮神社前(相模原市南区)",
        "鶴ヶ丘(相模原市南区)",
        "豊町(相模原市南区)",
        "旭町(相模原市南区)",
        "高相合同庁舎前",
        "相模大野駅北口"
    ],
    "weekday": [
        "6:10",
        "7:08",
        "7:55",
        "8:55",
        "9:55",
        "10:55",
        "11:55",
        "12:55",
        "13:55",
        "14:55",
        "15:55",
        "16:55",
        "17:55",
        "18:55",
        "19:55"
    ],
    "saturday": [
        "7:55",
        "8:55",
        "9:55",
        "10:55",
        "11:55",
        "12:55",
        "13:55",
        "14:55",
        "15:55",
        "16:55",
        "17:55",
        "18:55",
        "19:55"
    ],
    "holiday": [
        "7:55",
        "8:55",
        "9:55",
        "10:55",
        "11:55",
        "12:55",
        "13:55",
        "14:55",
        "15:55",
        "16:55",
        "17:55",
        "18:55",
        "19:55"
    ],
    "url": "https://www.kanachu.co.jp/dia/diagram/timetable01_js/course:0000800493-1/node:00129690/kt:0/lname:/"
}
