{
    "date": "2025/04/19",
    "name": "鶴ヶ丘(相模原市南区)",
    "position": "-",
    "system": "小06",
    "destinations": [
        "豊町(相模原市南区)",
        "旭町(相模原市南区)",
        "高相合同庁舎前",
        "相模大野駅北口"
    ],
    "weekday": [
        "6:12",
        "7:10",
        "7:57",
        "8:57",
        "9:57",
        "10:57",
        "11:57",
        "12:57",
        "13:57",
        "14:57",
        "15:57",
        "16:57",
        "17:57",
        "18:57",
        "19:57"
    ],
    "saturday": [
        "7:57",
        "8:57",
        "9:57",
        "10:57",
        "11:57",
        "12:57",
        "13:57",
        "14:57",
        "15:57",
        "16:57",
        "17:57",
        "18:57",
        "19:57"
    ],
    "holiday": [
        "7:57",
        "8:57",
        "9:57",
        "10:57",
        "11:57",
        "12:57",
        "13:57",
        "14:57",
        "15:57",
        "16:57",
        "17:57",
        "18:57",
        "19:57"
    ],
    "url": "https://www.kanachu.co.jp/dia/diagram/timetable01_js/course:0000800493-3/node:00129688/kt:0/lname:/"
}
