{
    "date": "2025/04/19",
    "name": "豊町(相模原市南区)",
    "position": "-",
    "system": "小06",
    "destinations": [
        "旭町(相模原市南区)",
        "高相合同庁舎前",
        "相模大野駅北口"
    ],
    "weekday": [
        "6:14",
        "7:12",
        "7:59",
        "8:59",
        "9:59",
        "10:59",
        "11:59",
        "12:59",
        "13:59",
        "14:59",
        "15:59",
        "16:59",
        "17:59",
        "18:59",
        "19:59"
    ],
    "saturday": [
        "7:59",
        "8:59",
        "9:59",
        "10:59",
        "11:59",
        "12:59",
        "13:59",
        "14:59",
        "15:59",
        "16:59",
        "17:59",
        "18:59",
        "19:59"
    ],
    "holiday": [
        "7:59",
        "8:59",
        "9:59",
        "10:59",
        "11:59",
        "12:59",
        "13:59",
        "14:59",
        "15:59",
        "16:59",
        "17:59",
        "18:59",
        "19:59"
    ],
    "url": "https://www.kanachu.co.jp/dia/diagram/timetable01_js/course:0000800493-4/node:00129687/kt:0/lname:/"
}
