{
    "date": "2025/11/16",
    "name": "市役所前(ゴム前/平塚市)",
    "position": "-",
    "system": "平91",
    "destinations": [
        "横浜ゴム前",
        "立野町(平塚市)",
        "追分(平塚市)",
        "共済病院前総合公園西",
        "中原下宿",
        "中原御殿",
        "中原上宿",
        "大縄橋",
        "豊田本郷駅",
        "東橋(平塚市)",
        "矢崎(平塚市)",
        "大句",
        "城所入口",
        "矢羽根",
        "馬渡(伊勢原市)",
        "下大竹",
        "伊勢原中学校前",
        "伊勢原駅南口"
    ],
    "weekday": [
        "6:09",
        "6:21",
        "7:39",
        "8:23",
        "8:57"
    ],
    "saturday": [
        "6:28"
    ],
    "holiday": [
        "6:28"
    ],
    "url": "https://www.kanachu.co.jp/dia/diagram/timetable01_js/course:0000801119-3/node:00127553/kt:0/lname:/"
}
