{
    "date": "2025/11/16",
    "name": "中原御殿",
    "position": "-",
    "system": "平91",
    "destinations": [
        "中原上宿",
        "大縄橋",
        "豊田本郷駅",
        "東橋(平塚市)",
        "矢崎(平塚市)",
        "大句",
        "城所入口",
        "矢羽根",
        "馬渡(伊勢原市)",
        "下大竹",
        "伊勢原中学校前",
        "伊勢原駅南口"
    ],
    "weekday": [
        "6:18",
        "6:30",
        "7:48",
        "8:32",
        "9:06"
    ],
    "saturday": [
        "6:35"
    ],
    "holiday": [
        "6:35"
    ],
    "url": "https://www.kanachu.co.jp/dia/diagram/timetable01_js/course:0000801119-9/node:00128068/kt:0/lname:/"
}
