{
    "date": "2025/11/16",
    "name": "大縄橋",
    "position": "-",
    "system": "平91",
    "destinations": [
        "豊田本郷駅",
        "東橋(平塚市)",
        "矢崎(平塚市)",
        "大句",
        "城所入口",
        "矢羽根",
        "馬渡(伊勢原市)",
        "下大竹",
        "伊勢原中学校前",
        "伊勢原駅南口"
    ],
    "weekday": [
        "6:20",
        "6:32",
        "7:50",
        "8:34",
        "9:08"
    ],
    "saturday": [
        "6:37"
    ],
    "holiday": [
        "6:37"
    ],
    "url": "https://www.kanachu.co.jp/dia/diagram/timetable01_js/course:0000801119-11/node:00128066/kt:0/lname:/"
}
