{
    "date": "2025/11/16",
    "name": "矢崎(平塚市)",
    "position": "-",
    "system": "平91",
    "destinations": [
        "大句",
        "城所入口",
        "矢羽根",
        "馬渡(伊勢原市)",
        "下大竹",
        "伊勢原中学校前",
        "伊勢原駅南口"
    ],
    "weekday": [
        "6:25",
        "6:37",
        "7:57",
        "8:41",
        "9:15"
    ],
    "saturday": [
        "6:42"
    ],
    "holiday": [
        "6:42"
    ],
    "url": "https://www.kanachu.co.jp/dia/diagram/timetable01_js/course:0000801119-14/node:00128063/kt:0/lname:/"
}
