{
    "date": "2024/09/02",
    "name": "いずみ野駅",
    "position": "-",
    "system": "い06",
    "destinations": [
        "金子山",
        "上飯田団地",
        "小学校前(横浜市泉区)",
        "児童公園前(横浜市泉区)",
        "団地入口(横浜市泉区)",
        "飯田神社前",
        "中屋敷(横浜市泉区)",
        "集会所前(横浜市泉区)",
        "渋谷中学校",
        "保育所前(大和市)",
        "いちょう団地",
        "台村",
        "飯田神社前",
        "団地入口(横浜市泉区)",
        "児童公園前(横浜市泉区)",
        "小学校前(横浜市泉区)",
        "上飯田団地",
        "金子山",
        "泉警察署前",
        "いずみ野駅"
    ],
    "weekday": [
        "6:40",
        "7:15",
        "7:50",
        "8:35",
        "9:15",
        "9:55",
        "10:35",
        "11:15",
        "11:50",
        "12:30"
    ],
    "saturday": [
        "7:40",
        "8:20",
        "9:00",
        "9:40",
        "10:20",
        "11:00",
        "11:40",
        "12:20"
    ],
    "holiday": [
        "7:40",
        "8:20",
        "9:00",
        "9:40",
        "10:20",
        "11:00",
        "11:40",
        "12:20"
    ],
    "url": "https://www.kanachu.co.jp/dia/diagram/timetable01_js/course:0000802840-1/node:00126932/kt:0/lname:/"
}
