{
    "date": "2024/09/02",
    "name": "上飯田団地",
    "position": "-",
    "system": "",
    "destinations": [
        "小学校前(横浜市泉区)",
        "児童公園前(横浜市泉区)",
        "団地入口(横浜市泉区)",
        "飯田神社前",
        "中屋敷(横浜市泉区)",
        "集会所前(横浜市泉区)",
        "渋谷中学校",
        "保育所前(大和市)",
        "いちょう団地",
        "台村",
        "飯田神社前",
        "団地入口(横浜市泉区)",
        "児童公園前(横浜市泉区)",
        "小学校前(横浜市泉区)",
        "上飯田団地",
        "金子山",
        "泉警察署前",
        "いずみ野駅"
    ],
    "weekday": [
        "6:43",
        "7:18",
        "7:53",
        "8:38",
        "9:18",
        "9:58",
        "10:38",
        "11:18",
        "11:53",
        "12:33"
    ],
    "saturday": [
        "7:43",
        "8:23",
        "9:03",
        "9:43",
        "10:23",
        "11:03",
        "11:43",
        "12:23"
    ],
    "holiday": [
        "7:43",
        "8:23",
        "9:03",
        "9:43",
        "10:23",
        "11:03",
        "11:43",
        "12:23"
    ],
    "url": "https://www.kanachu.co.jp/dia/diagram/timetable01_js/course:0000802840-3/node:00126807/kt:0/lname:/"
}
