{
    "date": "2024/09/02",
    "name": "中屋敷(横浜市泉区)",
    "position": "-",
    "system": "",
    "destinations": [
        "集会所前(横浜市泉区)",
        "渋谷中学校",
        "保育所前(大和市)",
        "いちょう団地",
        "台村",
        "飯田神社前",
        "団地入口(横浜市泉区)",
        "児童公園前(横浜市泉区)",
        "小学校前(横浜市泉区)",
        "上飯田団地",
        "金子山",
        "泉警察署前",
        "いずみ野駅"
    ],
    "weekday": [
        "6:49",
        "7:24",
        "7:59",
        "8:44",
        "9:24",
        "10:04",
        "10:44",
        "11:24",
        "11:59",
        "12:39"
    ],
    "saturday": [
        "7:49",
        "8:29",
        "9:09",
        "9:49",
        "10:29",
        "11:09",
        "11:49",
        "12:29"
    ],
    "holiday": [
        "7:49",
        "8:29",
        "9:09",
        "9:49",
        "10:29",
        "11:09",
        "11:49",
        "12:29"
    ],
    "url": "https://www.kanachu.co.jp/dia/diagram/timetable01_js/course:0000802840-8/node:00126797/kt:0/lname:/"
}
