{
    "date": "2024/09/02",
    "name": "集会所前(横浜市泉区)",
    "position": "-",
    "system": "い06",
    "destinations": [
        "渋谷中学校",
        "保育所前(大和市)",
        "いちょう団地",
        "台村",
        "飯田神社前",
        "団地入口(横浜市泉区)",
        "児童公園前(横浜市泉区)",
        "小学校前(横浜市泉区)",
        "上飯田団地",
        "金子山",
        "泉警察署前",
        "いずみ野駅"
    ],
    "weekday": [
        "6:50",
        "7:25",
        "8:00",
        "8:45",
        "9:25",
        "10:05",
        "10:45",
        "11:25",
        "12:00",
        "12:40"
    ],
    "saturday": [
        "7:50",
        "8:30",
        "9:10",
        "9:50",
        "10:30",
        "11:10",
        "11:50",
        "12:30"
    ],
    "holiday": [
        "7:50",
        "8:30",
        "9:10",
        "9:50",
        "10:30",
        "11:10",
        "11:50",
        "12:30"
    ],
    "url": "https://www.kanachu.co.jp/dia/diagram/timetable01_js/course:0000802840-9/node:00126895/kt:0/lname:/"
}
