{
    "date": "2024/09/02",
    "name": "保育所前(大和市)",
    "position": "-",
    "system": "い06",
    "destinations": [
        "いちょう団地",
        "台村",
        "飯田神社前",
        "団地入口(横浜市泉区)",
        "児童公園前(横浜市泉区)",
        "小学校前(横浜市泉区)",
        "上飯田団地",
        "金子山",
        "泉警察署前",
        "いずみ野駅"
    ],
    "weekday": [
        "6:52",
        "7:27",
        "8:02",
        "8:47",
        "9:27",
        "10:07",
        "10:47",
        "11:27",
        "12:02",
        "12:42"
    ],
    "saturday": [
        "7:52",
        "8:32",
        "9:12",
        "9:52",
        "10:32",
        "11:12",
        "11:52",
        "12:32"
    ],
    "holiday": [
        "7:52",
        "8:32",
        "9:12",
        "9:52",
        "10:32",
        "11:12",
        "11:52",
        "12:32"
    ],
    "url": "https://www.kanachu.co.jp/dia/diagram/timetable01_js/course:0000802840-11/node:00126893/kt:0/lname:/"
}
