{
    "date": "2024/09/02",
    "name": "いちょう団地",
    "position": "-",
    "system": "",
    "destinations": [
        "台村",
        "飯田神社前",
        "団地入口(横浜市泉区)",
        "児童公園前(横浜市泉区)",
        "小学校前(横浜市泉区)",
        "上飯田団地",
        "金子山",
        "泉警察署前",
        "いずみ野駅"
    ],
    "weekday": [
        "6:55",
        "7:30",
        "8:05",
        "8:50",
        "9:30",
        "10:10",
        "10:50",
        "11:30",
        "12:05",
        "12:45"
    ],
    "saturday": [
        "7:55",
        "8:35",
        "9:15",
        "9:55",
        "10:35",
        "11:15",
        "11:55",
        "12:35"
    ],
    "holiday": [
        "7:55",
        "8:35",
        "9:15",
        "9:55",
        "10:35",
        "11:15",
        "11:55",
        "12:35"
    ],
    "url": "https://www.kanachu.co.jp/dia/diagram/timetable01_js/course:0000802840-12/node:00126808/kt:0/lname:/"
}
