{
    "date": "2024/09/02",
    "name": "飯田神社前",
    "position": "-",
    "system": "い06",
    "destinations": [
        "団地入口(横浜市泉区)",
        "児童公園前(横浜市泉区)",
        "小学校前(横浜市泉区)",
        "上飯田団地",
        "金子山",
        "泉警察署前",
        "いずみ野駅"
    ],
    "weekday": [
        "6:57",
        "7:32",
        "8:07",
        "8:52",
        "9:32",
        "10:12",
        "10:52",
        "11:32",
        "12:07",
        "12:47"
    ],
    "saturday": [
        "7:57",
        "8:37",
        "9:17",
        "9:57",
        "10:37",
        "11:17",
        "11:57",
        "12:37"
    ],
    "holiday": [
        "7:57",
        "8:37",
        "9:17",
        "9:57",
        "10:37",
        "11:17",
        "11:57",
        "12:37"
    ],
    "url": "https://www.kanachu.co.jp/dia/diagram/timetable01_js/course:0000802840-14/node:00126795/kt:0/lname:/"
}
