{
    "date": "2024/09/02",
    "name": "金子山",
    "position": "-",
    "system": "",
    "destinations": [
        "泉警察署前",
        "いずみ野駅"
    ],
    "weekday": [
        "7:02",
        "7:37",
        "8:12",
        "8:57",
        "9:37",
        "10:17",
        "10:57",
        "11:37",
        "12:12",
        "12:52"
    ],
    "saturday": [
        "8:02",
        "8:42",
        "9:22",
        "10:02",
        "10:42",
        "11:22",
        "12:02",
        "12:42"
    ],
    "holiday": [
        "8:02",
        "8:42",
        "9:22",
        "10:02",
        "10:42",
        "11:22",
        "12:02",
        "12:42"
    ],
    "url": "https://www.kanachu.co.jp/dia/diagram/timetable01_js/course:0000802840-19/node:00130504/kt:0/lname:/"
}
