{
    "date": "2025/10/20",
    "name": "金森四丁目",
    "position": "-",
    "system": "町83",
    "destinations": [
        "南中学校前(町田市)",
        "市営住宅入口(町田市)",
        "金森",
        "金森郵便局前",
        "南橋(町田市)",
        "三塚",
        "町田ターミナル前",
        "町田バスセンター"
    ],
    "weekday": [
        "6:53",
        "7:09",
        "7:30",
        "7:51",
        "8:35",
        "8:59",
        "9:35",
        "9:59",
        "10:35",
        "10:59",
        "11:35",
        "11:59",
        "12:35",
        "12:59",
        "13:35",
        "13:59",
        "14:35",
        "14:59",
        "15:35",
        "15:59",
        "16:35",
        "16:59",
        "17:35",
        "17:59",
        "18:35",
        "18:59",
        "19:59",
        "20:59"
    ],
    "saturday": [
        "7:19",
        "7:59",
        "8:35",
        "8:59",
        "9:35",
        "9:59",
        "10:35",
        "10:59",
        "11:35",
        "11:59",
        "12:35",
        "12:59",
        "13:35",
        "13:59",
        "14:35",
        "14:59",
        "15:35",
        "15:59",
        "16:35",
        "16:59",
        "17:35",
        "17:59",
        "18:35",
        "18:59",
        "19:59"
    ],
    "holiday": [
        "7:04",
        "8:04",
        "8:34",
        "9:04",
        "9:34",
        "10:04",
        "10:28",
        "11:04",
        "11:34",
        "12:04",
        "12:34",
        "13:04",
        "13:34",
        "14:04",
        "14:34",
        "15:04",
        "15:34",
        "16:04",
        "16:34",
        "17:04",
        "17:34",
        "18:04",
        "18:39",
        "19:04",
        "19:39"
    ],
    "url": "https://www.kanachu.co.jp/dia/diagram/timetable01_js/course:0000803203-9/node:00129537/kt:0/lname:/"
}
