{
    "date": "2025/10/20",
    "name": "市営住宅入口(町田市)",
    "position": "-",
    "system": "町83",
    "destinations": [
        "金森",
        "金森郵便局前",
        "南橋(町田市)",
        "三塚",
        "町田ターミナル前",
        "町田バスセンター"
    ],
    "weekday": [
        "6:55",
        "7:11",
        "7:32",
        "7:53",
        "8:37",
        "9:01",
        "9:37",
        "10:01",
        "10:37",
        "11:01",
        "11:37",
        "12:01",
        "12:37",
        "13:01",
        "13:37",
        "14:01",
        "14:37",
        "15:01",
        "15:37",
        "16:01",
        "16:37",
        "17:01",
        "17:37",
        "18:01",
        "18:37",
        "19:01",
        "20:01",
        "21:01"
    ],
    "saturday": [
        "7:21",
        "8:01",
        "8:37",
        "9:01",
        "9:37",
        "10:01",
        "10:37",
        "11:01",
        "11:37",
        "12:01",
        "12:37",
        "13:01",
        "13:37",
        "14:01",
        "14:37",
        "15:01",
        "15:37",
        "16:01",
        "16:37",
        "17:01",
        "17:37",
        "18:01",
        "18:37",
        "19:01",
        "20:01"
    ],
    "holiday": [
        "7:06",
        "8:06",
        "8:36",
        "9:06",
        "9:36",
        "10:06",
        "10:30",
        "11:06",
        "11:36",
        "12:06",
        "12:36",
        "13:06",
        "13:36",
        "14:06",
        "14:36",
        "15:06",
        "15:36",
        "16:06",
        "16:36",
        "17:06",
        "17:36",
        "18:06",
        "18:41",
        "19:06",
        "19:41"
    ],
    "url": "https://www.kanachu.co.jp/dia/diagram/timetable01_js/course:0000803203-11/node:00129539/kt:0/lname:/"
}
