{
    "date": "2025/10/20",
    "name": "金森",
    "position": "-",
    "system": "町83",
    "destinations": [
        "金森郵便局前",
        "南橋(町田市)",
        "三塚",
        "町田ターミナル前",
        "町田バスセンター"
    ],
    "weekday": [
        "6:56",
        "7:12",
        "7:33",
        "7:54",
        "8:38",
        "9:02",
        "9:38",
        "10:02",
        "10:38",
        "11:02",
        "11:38",
        "12:02",
        "12:38",
        "13:02",
        "13:38",
        "14:02",
        "14:38",
        "15:02",
        "15:38",
        "16:02",
        "16:38",
        "17:02",
        "17:38",
        "18:02",
        "18:38",
        "19:02",
        "20:02",
        "21:02"
    ],
    "saturday": [
        "7:22",
        "8:02",
        "8:38",
        "9:02",
        "9:38",
        "10:02",
        "10:38",
        "11:02",
        "11:38",
        "12:02",
        "12:38",
        "13:02",
        "13:38",
        "14:02",
        "14:38",
        "15:02",
        "15:38",
        "16:02",
        "16:38",
        "17:02",
        "17:38",
        "18:02",
        "18:38",
        "19:02",
        "20:02"
    ],
    "holiday": [
        "7:07",
        "8:07",
        "8:37",
        "9:07",
        "9:37",
        "10:07",
        "10:31",
        "11:07",
        "11:37",
        "12:07",
        "12:37",
        "13:07",
        "13:37",
        "14:07",
        "14:37",
        "15:07",
        "15:37",
        "16:07",
        "16:37",
        "17:07",
        "17:37",
        "18:07",
        "18:42",
        "19:07",
        "19:42"
    ],
    "url": "https://www.kanachu.co.jp/dia/diagram/timetable01_js/course:0000803203-12/node:00129540/kt:0/lname:/"
}
