{
    "date": "2025/10/20",
    "name": "南橋(町田市)",
    "position": "-",
    "system": "町83",
    "destinations": [
        "三塚",
        "町田ターミナル前",
        "町田バスセンター"
    ],
    "weekday": [
        "6:58",
        "7:14",
        "7:35",
        "7:56",
        "8:40",
        "9:04",
        "9:40",
        "10:04",
        "10:40",
        "11:04",
        "11:40",
        "12:04",
        "12:40",
        "13:04",
        "13:40",
        "14:04",
        "14:40",
        "15:04",
        "15:40",
        "16:04",
        "16:40",
        "17:04",
        "17:40",
        "18:04",
        "18:40",
        "19:04",
        "20:04",
        "21:04"
    ],
    "saturday": [
        "7:24",
        "8:04",
        "8:40",
        "9:04",
        "9:40",
        "10:04",
        "10:40",
        "11:04",
        "11:40",
        "12:04",
        "12:40",
        "13:04",
        "13:40",
        "14:04",
        "14:40",
        "15:04",
        "15:40",
        "16:04",
        "16:40",
        "17:04",
        "17:40",
        "18:04",
        "18:40",
        "19:04",
        "20:04"
    ],
    "holiday": [
        "7:09",
        "8:09",
        "8:39",
        "9:09",
        "9:39",
        "10:09",
        "10:33",
        "11:09",
        "11:39",
        "12:09",
        "12:39",
        "13:09",
        "13:39",
        "14:09",
        "14:39",
        "15:09",
        "15:39",
        "16:09",
        "16:39",
        "17:09",
        "17:39",
        "18:09",
        "18:44",
        "19:09",
        "19:44"
    ],
    "url": "https://www.kanachu.co.jp/dia/diagram/timetable01_js/course:0000803203-14/node:00129542/kt:0/lname:/"
}
