{
    "date": "2025/10/20",
    "name": "三塚",
    "position": "-",
    "system": "町83",
    "destinations": [
        "町田ターミナル前",
        "町田バスセンター"
    ],
    "weekday": [
        "6:59",
        "7:15",
        "7:36",
        "7:57",
        "8:41",
        "9:05",
        "9:41",
        "10:05",
        "10:41",
        "11:05",
        "11:41",
        "12:05",
        "12:41",
        "13:05",
        "13:41",
        "14:05",
        "14:41",
        "15:05",
        "15:41",
        "16:05",
        "16:41",
        "17:05",
        "17:41",
        "18:05",
        "18:41",
        "19:05",
        "20:05",
        "21:05"
    ],
    "saturday": [
        "7:25",
        "8:05",
        "8:41",
        "9:05",
        "9:41",
        "10:05",
        "10:41",
        "11:05",
        "11:41",
        "12:05",
        "12:41",
        "13:05",
        "13:41",
        "14:05",
        "14:41",
        "15:05",
        "15:41",
        "16:05",
        "16:41",
        "17:05",
        "17:41",
        "18:05",
        "18:41",
        "19:05",
        "20:05"
    ],
    "holiday": [
        "7:10",
        "8:10",
        "8:40",
        "9:10",
        "9:40",
        "10:10",
        "10:34",
        "11:10",
        "11:40",
        "12:10",
        "12:40",
        "13:10",
        "13:40",
        "14:10",
        "14:40",
        "15:10",
        "15:40",
        "16:10",
        "16:40",
        "17:10",
        "17:40",
        "18:10",
        "18:45",
        "19:10",
        "19:45"
    ],
    "url": "https://www.kanachu.co.jp/dia/diagram/timetable01_js/course:0000803203-15/node:00129543/kt:0/lname:/"
}
