{
    "date": "2025/03/15",
    "name": "用田辻",
    "position": "-",
    "system": "湘19",
    "destinations": [
        "用田神社入口",
        "松葉(藤沢市)",
        "女坂",
        "山根(綾瀬市)",
        "吉岡芝原",
        "綾瀬車庫(綾瀬市)"
    ],
    "weekday": [
        "8:00",
        "9:05",
        "9:35",
        "10:25",
        "11:15",
        "12:05",
        "13:04",
        "14:05",
        "15:05",
        "16:05",
        "17:05",
        "18:10",
        "18:35",
        "19:05",
        "20:05",
        "21:05",
        "22:10"
    ],
    "saturday": [
        "8:10",
        "9:05",
        "9:35",
        "10:25",
        "11:15",
        "12:05",
        "13:04",
        "14:05",
        "15:05",
        "16:05",
        "17:05",
        "18:05",
        "19:05",
        "20:05",
        "21:05"
    ],
    "holiday": [
        "8:10",
        "9:05",
        "9:35",
        "10:25",
        "11:15",
        "12:05",
        "13:04",
        "14:05",
        "15:05",
        "16:05",
        "17:05",
        "18:05",
        "19:05",
        "20:05",
        "21:05"
    ],
    "url": "https://www.kanachu.co.jp/dia/diagram/timetable01_js/course:0000801968-23/node:00129827/kt:0/lname:/"
}
