{
    "date": "2025/10/20",
    "name": "境橋(横浜市緑区)",
    "position": "-",
    "system": "津01",
    "destinations": [
        "中村(横浜市緑区)",
        "天王様下",
        "福泉寺下",
        "王子神社(横浜市緑区)",
        "南長津田団地前",
        "小学校前(横浜市緑区)",
        "御幸通り",
        "長津田駅"
    ],
    "weekday": [
        "7:53",
        "8:58",
        "11:58",
        "12:58",
        "14:28",
        "15:28",
        "16:33"
    ],
    "saturday": [
        "9:08",
        "14:08"
    ],
    "holiday": [
        "9:08",
        "14:08"
    ],
    "url": "https://www.kanachu.co.jp/dia/diagram/timetable01_js/course:0000802506-7/node:00129572/kt:0/lname:/"
}
