{
    "date": "2025/10/20",
    "name": "王子神社(横浜市緑区)",
    "position": "-",
    "system": "津01",
    "destinations": [
        "南長津田団地前",
        "小学校前(横浜市緑区)",
        "御幸通り",
        "長津田駅"
    ],
    "weekday": [
        "7:57",
        "9:02",
        "12:02",
        "13:02",
        "14:32",
        "15:32",
        "16:37"
    ],
    "saturday": [
        "9:12",
        "14:12"
    ],
    "holiday": [
        "9:12",
        "14:12"
    ],
    "url": "https://www.kanachu.co.jp/dia/diagram/timetable01_js/course:0000802506-11/node:00129576/kt:0/lname:/"
}
