{
    "date": "2025/04/19",
    "name": "半原",
    "position": "-",
    "system": "田01",
    "destinations": [
        "撚糸組合前",
        "学校入口(愛甲郡愛川町)",
        "原下(愛甲郡愛川町)",
        "愛川橋",
        "深沢尻",
        "馬渡(愛甲郡愛川町)",
        "田代坂上",
        "田代坂下",
        "愛川田代局前",
        "田代(愛甲郡愛川町)",
        "戸倉(愛甲郡愛川町)",
        "下戸倉",
        "角田大橋",
        "宮上(愛甲郡愛川町)",
        "角田",
        "下之街道",
        "箕輪辻",
        "梅沢(愛甲郡愛川町)",
        "小沢(愛甲郡愛川町)",
        "高田橋入口",
        "田名坂上",
        "田名バスターミナル"
    ],
    "weekday": [
        "6:32",
        "7:12",
        "7:52",
        "8:29",
        "9:12",
        "9:52",
        "10:29",
        "11:12",
        "12:29",
        "13:12",
        "14:29",
        "15:52",
        "16:29",
        "17:12",
        "17:52",
        "18:32",
        "19:12",
        "19:52",
        "21:02"
    ],
    "saturday": [
        "6:32",
        "7:12",
        "7:52",
        "8:32",
        "9:12",
        "9:52",
        "10:32",
        "11:12",
        "12:32",
        "13:12",
        "14:32",
        "15:12",
        "15:52",
        "16:32",
        "17:12",
        "17:52",
        "18:32",
        "19:12",
        "19:52"
    ],
    "holiday": [
        "6:32",
        "7:12",
        "7:52",
        "8:32",
        "9:12",
        "9:52",
        "10:32",
        "11:12",
        "12:32",
        "13:12",
        "14:32",
        "15:12",
        "15:52",
        "16:32",
        "17:12",
        "17:52",
        "18:32",
        "19:12",
        "19:52"
    ],
    "url": "https://www.kanachu.co.jp/dia/diagram/timetable01_js/course:0000803329-1/node:00128295/kt:0/lname:/"
}
