{
    "date": "2025/04/19",
    "name": "撚糸組合前",
    "position": "-",
    "system": "田01",
    "destinations": [
        "学校入口(愛甲郡愛川町)",
        "原下(愛甲郡愛川町)",
        "愛川橋",
        "深沢尻",
        "馬渡(愛甲郡愛川町)",
        "田代坂上",
        "田代坂下",
        "愛川田代局前",
        "田代(愛甲郡愛川町)",
        "戸倉(愛甲郡愛川町)",
        "下戸倉",
        "角田大橋",
        "宮上(愛甲郡愛川町)",
        "角田",
        "下之街道",
        "箕輪辻",
        "梅沢(愛甲郡愛川町)",
        "小沢(愛甲郡愛川町)",
        "高田橋入口",
        "田名坂上",
        "田名バスターミナル"
    ],
    "weekday": [
        "6:33",
        "7:13",
        "7:53",
        "8:30",
        "9:13",
        "9:53",
        "10:30",
        "11:13",
        "12:30",
        "13:13",
        "14:30",
        "15:53",
        "16:30",
        "17:13",
        "17:53",
        "18:33",
        "19:13",
        "19:53",
        "21:03"
    ],
    "saturday": [
        "6:33",
        "7:13",
        "7:53",
        "8:33",
        "9:13",
        "9:53",
        "10:33",
        "11:13",
        "12:33",
        "13:13",
        "14:33",
        "15:13",
        "15:53",
        "16:33",
        "17:13",
        "17:53",
        "18:33",
        "19:13",
        "19:53"
    ],
    "holiday": [
        "6:33",
        "7:13",
        "7:53",
        "8:33",
        "9:13",
        "9:53",
        "10:33",
        "11:13",
        "12:33",
        "13:13",
        "14:33",
        "15:13",
        "15:53",
        "16:33",
        "17:13",
        "17:53",
        "18:33",
        "19:13",
        "19:53"
    ],
    "url": "https://www.kanachu.co.jp/dia/diagram/timetable01_js/course:0000803329-2/node:00128294/kt:0/lname:/"
}
