{
    "date": "2025/04/19",
    "name": "原下(愛甲郡愛川町)",
    "position": "-",
    "system": "田01",
    "destinations": [
        "愛川橋",
        "深沢尻",
        "馬渡(愛甲郡愛川町)",
        "田代坂上",
        "田代坂下",
        "愛川田代局前",
        "田代(愛甲郡愛川町)",
        "戸倉(愛甲郡愛川町)",
        "下戸倉",
        "角田大橋",
        "宮上(愛甲郡愛川町)",
        "角田",
        "下之街道",
        "箕輪辻",
        "梅沢(愛甲郡愛川町)",
        "小沢(愛甲郡愛川町)",
        "高田橋入口",
        "田名坂上",
        "田名バスターミナル"
    ],
    "weekday": [
        "6:35",
        "7:15",
        "7:55",
        "8:32",
        "9:15",
        "9:55",
        "10:32",
        "11:15",
        "12:32",
        "13:15",
        "14:32",
        "15:55",
        "16:32",
        "17:15",
        "17:55",
        "18:35",
        "19:15",
        "19:55",
        "21:05"
    ],
    "saturday": [
        "6:35",
        "7:15",
        "7:55",
        "8:35",
        "9:15",
        "9:55",
        "10:35",
        "11:15",
        "12:35",
        "13:15",
        "14:35",
        "15:15",
        "15:55",
        "16:35",
        "17:15",
        "17:55",
        "18:35",
        "19:15",
        "19:55"
    ],
    "holiday": [
        "6:35",
        "7:15",
        "7:55",
        "8:35",
        "9:15",
        "9:55",
        "10:35",
        "11:15",
        "12:35",
        "13:15",
        "14:35",
        "15:15",
        "15:55",
        "16:35",
        "17:15",
        "17:55",
        "18:35",
        "19:15",
        "19:55"
    ],
    "url": "https://www.kanachu.co.jp/dia/diagram/timetable01_js/course:0000803329-4/node:00128292/kt:0/lname:/"
}
