{
    "date": "2025/04/19",
    "name": "愛川橋",
    "position": "-",
    "system": "田01",
    "destinations": [
        "深沢尻",
        "馬渡(愛甲郡愛川町)",
        "田代坂上",
        "田代坂下",
        "愛川田代局前",
        "田代(愛甲郡愛川町)",
        "戸倉(愛甲郡愛川町)",
        "下戸倉",
        "角田大橋",
        "宮上(愛甲郡愛川町)",
        "角田",
        "下之街道",
        "箕輪辻",
        "梅沢(愛甲郡愛川町)",
        "小沢(愛甲郡愛川町)",
        "高田橋入口",
        "田名坂上",
        "田名バスターミナル"
    ],
    "weekday": [
        "6:36",
        "7:16",
        "7:56",
        "8:33",
        "9:16",
        "9:56",
        "10:33",
        "11:16",
        "12:33",
        "13:16",
        "14:33",
        "15:56",
        "16:33",
        "17:16",
        "17:56",
        "18:36",
        "19:16",
        "19:56",
        "21:06"
    ],
    "saturday": [
        "6:36",
        "7:16",
        "7:56",
        "8:36",
        "9:16",
        "9:56",
        "10:36",
        "11:16",
        "12:36",
        "13:16",
        "14:36",
        "15:16",
        "15:56",
        "16:36",
        "17:16",
        "17:56",
        "18:36",
        "19:16",
        "19:56"
    ],
    "holiday": [
        "6:36",
        "7:16",
        "7:56",
        "8:36",
        "9:16",
        "9:56",
        "10:36",
        "11:16",
        "12:36",
        "13:16",
        "14:36",
        "15:16",
        "15:56",
        "16:36",
        "17:16",
        "17:56",
        "18:36",
        "19:16",
        "19:56"
    ],
    "url": "https://www.kanachu.co.jp/dia/diagram/timetable01_js/course:0000803329-5/node:00128291/kt:0/lname:/"
}
