{
    "date": "2025/04/19",
    "name": "馬渡(愛甲郡愛川町)",
    "position": "-",
    "system": "田01",
    "destinations": [
        "田代坂上",
        "田代坂下",
        "愛川田代局前",
        "田代(愛甲郡愛川町)",
        "戸倉(愛甲郡愛川町)",
        "下戸倉",
        "角田大橋",
        "宮上(愛甲郡愛川町)",
        "角田",
        "下之街道",
        "箕輪辻",
        "梅沢(愛甲郡愛川町)",
        "小沢(愛甲郡愛川町)",
        "高田橋入口",
        "田名坂上",
        "田名バスターミナル"
    ],
    "weekday": [
        "6:38",
        "7:18",
        "7:58",
        "8:35",
        "9:18",
        "9:58",
        "10:35",
        "11:18",
        "12:35",
        "13:18",
        "14:35",
        "15:58",
        "16:35",
        "17:18",
        "17:58",
        "18:38",
        "19:18",
        "19:58",
        "21:08"
    ],
    "saturday": [
        "6:38",
        "7:18",
        "7:58",
        "8:38",
        "9:18",
        "9:58",
        "10:38",
        "11:18",
        "12:38",
        "13:18",
        "14:38",
        "15:18",
        "15:58",
        "16:38",
        "17:18",
        "17:58",
        "18:38",
        "19:18",
        "19:58"
    ],
    "holiday": [
        "6:38",
        "7:18",
        "7:58",
        "8:38",
        "9:18",
        "9:58",
        "10:38",
        "11:18",
        "12:38",
        "13:18",
        "14:38",
        "15:18",
        "15:58",
        "16:38",
        "17:18",
        "17:58",
        "18:38",
        "19:18",
        "19:58"
    ],
    "url": "https://www.kanachu.co.jp/dia/diagram/timetable01_js/course:0000803329-7/node:00128289/kt:0/lname:/"
}
