{
    "date": "2025/04/19",
    "name": "戸倉(愛甲郡愛川町)",
    "position": "-",
    "system": "田01",
    "destinations": [
        "下戸倉",
        "角田大橋",
        "宮上(愛甲郡愛川町)",
        "角田",
        "下之街道",
        "箕輪辻",
        "梅沢(愛甲郡愛川町)",
        "小沢(愛甲郡愛川町)",
        "高田橋入口",
        "田名坂上",
        "田名バスターミナル"
    ],
    "weekday": [
        "6:41",
        "7:21",
        "8:01",
        "8:38",
        "9:21",
        "10:01",
        "10:38",
        "11:21",
        "12:38",
        "13:21",
        "14:38",
        "16:01",
        "16:38",
        "17:21",
        "18:01",
        "18:41",
        "19:21",
        "20:01",
        "21:11"
    ],
    "saturday": [
        "6:41",
        "7:21",
        "8:01",
        "8:41",
        "9:21",
        "10:01",
        "10:41",
        "11:21",
        "12:41",
        "13:21",
        "14:41",
        "15:21",
        "16:01",
        "16:41",
        "17:21",
        "18:01",
        "18:41",
        "19:21",
        "20:01"
    ],
    "holiday": [
        "6:41",
        "7:21",
        "8:01",
        "8:41",
        "9:21",
        "10:01",
        "10:41",
        "11:21",
        "12:41",
        "13:21",
        "14:41",
        "15:21",
        "16:01",
        "16:41",
        "17:21",
        "18:01",
        "18:41",
        "19:21",
        "20:01"
    ],
    "url": "https://www.kanachu.co.jp/dia/diagram/timetable01_js/course:0000803329-12/node:00129201/kt:0/lname:/"
}
