{
    "date": "2025/04/19",
    "name": "宮上(愛甲郡愛川町)",
    "position": "-",
    "system": "田01",
    "destinations": [
        "角田",
        "下之街道",
        "箕輪辻",
        "梅沢(愛甲郡愛川町)",
        "小沢(愛甲郡愛川町)",
        "高田橋入口",
        "田名坂上",
        "田名バスターミナル"
    ],
    "weekday": [
        "6:44",
        "7:24",
        "8:04",
        "8:41",
        "9:24",
        "10:04",
        "10:41",
        "11:24",
        "12:41",
        "13:24",
        "14:41",
        "16:04",
        "16:41",
        "17:24",
        "18:04",
        "18:44",
        "19:24",
        "20:04",
        "21:14"
    ],
    "saturday": [
        "6:44",
        "7:24",
        "8:04",
        "8:44",
        "9:24",
        "10:04",
        "10:44",
        "11:24",
        "12:44",
        "13:24",
        "14:44",
        "15:24",
        "16:04",
        "16:44",
        "17:24",
        "18:04",
        "18:44",
        "19:24",
        "20:04"
    ],
    "holiday": [
        "6:44",
        "7:24",
        "8:04",
        "8:44",
        "9:24",
        "10:04",
        "10:44",
        "11:24",
        "12:44",
        "13:24",
        "14:44",
        "15:24",
        "16:04",
        "16:44",
        "17:24",
        "18:04",
        "18:44",
        "19:24",
        "20:04"
    ],
    "url": "https://www.kanachu.co.jp/dia/diagram/timetable01_js/course:0000803329-15/node:00129275/kt:0/lname:/"
}
