{
    "date": "2025/04/19",
    "name": "梅沢(愛甲郡愛川町)",
    "position": "-",
    "system": "田01",
    "destinations": [
        "小沢(愛甲郡愛川町)",
        "高田橋入口",
        "田名坂上",
        "田名バスターミナル"
    ],
    "weekday": [
        "6:49",
        "7:29",
        "8:09",
        "8:46",
        "9:30",
        "10:10",
        "10:47",
        "11:30",
        "12:47",
        "13:30",
        "14:47",
        "16:10",
        "16:47",
        "17:29",
        "18:09",
        "18:49",
        "19:29",
        "20:09",
        "21:19"
    ],
    "saturday": [
        "6:49",
        "7:29",
        "8:09",
        "8:49",
        "9:29",
        "10:09",
        "10:49",
        "11:29",
        "12:49",
        "13:29",
        "14:49",
        "15:29",
        "16:09",
        "16:49",
        "17:29",
        "18:09",
        "18:49",
        "19:29",
        "20:09"
    ],
    "holiday": [
        "6:49",
        "7:29",
        "8:09",
        "8:49",
        "9:29",
        "10:09",
        "10:49",
        "11:29",
        "12:49",
        "13:29",
        "14:49",
        "15:29",
        "16:09",
        "16:49",
        "17:29",
        "18:09",
        "18:49",
        "19:29",
        "20:09"
    ],
    "url": "https://www.kanachu.co.jp/dia/diagram/timetable01_js/course:0000803329-19/node:00129074/kt:0/lname:/"
}
