{
    "date": "2025/04/19",
    "name": "田名坂上",
    "position": "-",
    "system": "田01",
    "destinations": [
        "田名バスターミナル"
    ],
    "weekday": [
        "6:54",
        "7:34",
        "8:14",
        "8:51",
        "9:36",
        "10:16",
        "10:53",
        "11:36",
        "12:53",
        "13:36",
        "14:53",
        "16:16",
        "16:53",
        "17:34",
        "18:14",
        "18:54",
        "19:34",
        "20:14",
        "21:24"
    ],
    "saturday": [
        "6:54",
        "7:34",
        "8:14",
        "8:54",
        "9:34",
        "10:14",
        "10:54",
        "11:34",
        "12:54",
        "13:34",
        "14:54",
        "15:34",
        "16:14",
        "16:54",
        "17:34",
        "18:14",
        "18:54",
        "19:34",
        "20:14"
    ],
    "holiday": [
        "6:54",
        "7:34",
        "8:14",
        "8:54",
        "9:34",
        "10:14",
        "10:54",
        "11:34",
        "12:54",
        "13:34",
        "14:54",
        "15:34",
        "16:14",
        "16:54",
        "17:34",
        "18:14",
        "18:54",
        "19:34",
        "20:14"
    ],
    "url": "https://www.kanachu.co.jp/dia/diagram/timetable01_js/course:0000803329-22/node:00129182/kt:0/lname:/"
}
