{
    "system": "田01",
    "busstops": [
        {
            "index": "1",
            "id": "00128295",
            "name": "半原",
            "lat": "35.545328",
            "lng": "139.266545"
        },
        {
            "index": "2",
            "id": "00128294",
            "name": "撚糸組合前",
            "lat": "35.543269",
            "lng": "139.269904"
        },
        {
            "index": "3",
            "id": "00128293",
            "name": "学校入口(愛甲郡愛川町)",
            "lat": "35.542239",
            "lng": "139.273172"
        },
        {
            "index": "4",
            "id": "00128292",
            "name": "原下(愛甲郡愛川町)",
            "lat": "35.541631",
            "lng": "139.276299"
        },
        {
            "index": "5",
            "id": "00128291",
            "name": "愛川橋",
            "lat": "35.539496",
            "lng": "139.278081"
        },
        {
            "index": "6",
            "id": "00128290",
            "name": "深沢尻",
            "lat": "35.534976",
            "lng": "139.281259"
        },
        {
            "index": "7",
            "id": "00128289",
            "name": "馬渡(愛甲郡愛川町)",
            "lat": "35.532444",
            "lng": "139.285082"
        },
        {
            "index": "8",
            "id": "00128288",
            "name": "田代坂上",
            "lat": "35.530866",
            "lng": "139.285403"
        },
        {
            "index": "9",
            "id": "00128287",
            "name": "田代坂下",
            "lat": "35.528493",
            "lng": "139.286986"
        },
        {
            "index": "10",
            "id": "00128286",
            "name": "愛川田代局前",
            "lat": "35.526961",
            "lng": "139.290365"
        },
        {
            "index": "11",
            "id": "00128285",
            "name": "田代(愛甲郡愛川町)",
            "lat": "35.526324",
            "lng": "139.292465"
        },
        {
            "index": "12",
            "id": "00129201",
            "name": "戸倉(愛甲郡愛川町)",
            "lat": "35.526786",
            "lng": "139.294554"
        },
        {
            "index": "13",
            "id": "00129164",
            "name": "下戸倉",
            "lat": "35.527729",
            "lng": "139.299575"
        },
        {
            "index": "14",
            "id": "00129170",
            "name": "角田大橋",
            "lat": "35.527686",
            "lng": "139.301372"
        },
        {
            "index": "15",
            "id": "00129275",
            "name": "宮上(愛甲郡愛川町)",
            "lat": "35.528266",
            "lng": "139.306334"
        },
        {
            "index": "16",
            "id": "00129169",
            "name": "角田",
            "lat": "35.528454",
            "lng": "139.3087"
        },
        {
            "index": "17",
            "id": "00129163",
            "name": "下之街道",
            "lat": "35.530986",
            "lng": "139.311039"
        },
        {
            "index": "18",
            "id": "00128327",
            "name": "箕輪辻",
            "lat": "35.530639",
            "lng": "139.319579"
        },
        {
            "index": "19",
            "id": "00129074",
            "name": "梅沢(愛甲郡愛川町)",
            "lat": "35.534618",
            "lng": "139.318307"
        },
        {
            "index": "20",
            "id": "00128391",
            "name": "小沢(愛甲郡愛川町)",
            "lat": "35.53913",
            "lng": "139.328551"
        },
        {
            "index": "21",
            "id": "00129188",
            "name": "高田橋入口",
            "lat": "35.543288",
            "lng": "139.332979"
        },
        {
            "index": "22",
            "id": "00129182",
            "name": "田名坂上",
            "lat": "35.549196",
            "lng": "139.331429"
        },
        {
            "index": "23",
            "id": "00129077",
            "name": "田名バスターミナル",
            "lat": "35.550976",
            "lng": "139.334945"
        }
    ],
    "route_url": "https://www.kanachu.co.jp/dia/route/index/cid:0000803329/"
}
