{
    "date": "2025/08/04",
    "name": "若葉台中央(相模原市緑区)",
    "position": "-",
    "system": "橋08",
    "destinations": [
        "都井沢",
        "谷ヶ原",
        "久保沢",
        "城山総合事務所入口",
        "原宿(相模原市緑区)",
        "東原宿",
        "森の上",
        "二本松(相模原市緑区)",
        "相原中央",
        "相原台",
        "大西(相模原市緑区)",
        "上町(相模原市緑区)",
        "緑区合同庁舎前(相模原市緑区)",
        "橋本二丁目",
        "橋本駅南口"
    ],
    "weekday": [
        "5:57",
        "6:23",
        "6:39",
        "7:02",
        "7:36",
        "8:07",
        "8:28",
        "9:05",
        "9:43",
        "10:08",
        "10:38",
        "11:08",
        "11:38",
        "12:08",
        "13:08",
        "14:08",
        "15:08",
        "15:43",
        "16:18",
        "16:42",
        "17:17",
        "17:51",
        "18:21",
        "18:41",
        "19:01"
    ],
    "saturday": [
        "6:11",
        "6:34",
        "7:15",
        "8:01",
        "9:06",
        "9:52",
        "10:07",
        "10:41",
        "11:17",
        "11:49",
        "12:22",
        "13:29",
        "14:40",
        "15:57",
        "16:29",
        "17:07",
        "17:42",
        "18:17",
        "18:54",
        "19:24"
    ],
    "holiday": [
        "6:34",
        "7:15",
        "8:01",
        "9:06",
        "9:52",
        "10:07",
        "10:41",
        "11:17",
        "11:49",
        "12:22",
        "13:29",
        "14:40",
        "15:57",
        "16:29",
        "17:07",
        "17:42",
        "18:17",
        "18:54",
        "19:24"
    ],
    "url": "https://www.kanachu.co.jp/dia/diagram/timetable01_js/course:0000801206-2/node:00128873/kt:0/lname:/"
}
