{
    "date": "2025/08/04",
    "name": "上町(相模原市緑区)",
    "position": "-",
    "system": "橋08",
    "destinations": [
        "緑区合同庁舎前(相模原市緑区)",
        "橋本二丁目",
        "橋本駅南口"
    ],
    "weekday": [
        "6:11",
        "6:37",
        "6:54",
        "7:18",
        "7:52",
        "8:23",
        "8:44",
        "9:21",
        "9:59",
        "10:24",
        "10:54",
        "11:24",
        "11:54",
        "12:24",
        "13:24",
        "14:24",
        "15:24",
        "15:59",
        "16:34",
        "16:58",
        "17:33",
        "18:07",
        "18:37",
        "18:57",
        "19:14"
    ],
    "saturday": [
        "6:24",
        "6:47",
        "7:28",
        "8:14",
        "9:19",
        "10:05",
        "10:20",
        "10:54",
        "11:33",
        "12:05",
        "12:38",
        "13:45",
        "14:56",
        "16:13",
        "16:45",
        "17:23",
        "17:58",
        "18:33",
        "19:07",
        "19:37"
    ],
    "holiday": [
        "6:47",
        "7:28",
        "8:14",
        "9:19",
        "10:05",
        "10:20",
        "10:54",
        "11:33",
        "12:05",
        "12:38",
        "13:45",
        "14:56",
        "16:13",
        "16:45",
        "17:23",
        "17:58",
        "18:33",
        "19:07",
        "19:37"
    ],
    "url": "https://www.kanachu.co.jp/dia/diagram/timetable01_js/course:0000801206-14/node:00128968/kt:0/lname:/"
}
