{
    "date": "2025/03/15",
    "name": "吉岡工業団地",
    "position": "-",
    "system": "",
    "destinations": [
        "団地中央(綾瀬市)",
        "吉岡芝原",
        "春日原(綾瀬市)",
        "市民文化センター前(綾瀬市)",
        "綾瀬市役所",
        "綾瀬タウンヒルズ前",
        "中郷(綾瀬市)",
        "与蔵山下",
        "綾瀬工業団地入口",
        "本郷(綾瀬市)",
        "上深谷",
        "観音入口",
        "寺尾(綾瀬市)",
        "綾北小学校前",
        "子ノ神(綾瀬市)",
        "寺尾峰",
        "共ヶ丘",
        "大塚本町",
        "大塚上町",
        "さがみ野駅"
    ],
    "weekday": [
        "8:45",
        "9:41",
        "10:41",
        "11:41",
        "12:41",
        "13:41",
        "14:41",
        "15:41",
        "16:46",
        "17:53",
        "18:45"
    ],
    "saturday": [
        "9:55",
        "11:25",
        "12:55",
        "14:25"
    ],
    "holiday": [
        "9:55",
        "11:25",
        "12:55",
        "14:25"
    ],
    "url": "https://www.kanachu.co.jp/dia/diagram/timetable01_js/course:0000800539-1/node:00129897/kt:0/lname:/"
}
