{
    "date": "2025/03/15",
    "name": "団地中央(綾瀬市)",
    "position": "-",
    "system": "",
    "destinations": [
        "吉岡芝原",
        "春日原(綾瀬市)",
        "市民文化センター前(綾瀬市)",
        "綾瀬市役所",
        "綾瀬タウンヒルズ前",
        "中郷(綾瀬市)",
        "与蔵山下",
        "綾瀬工業団地入口",
        "本郷(綾瀬市)",
        "上深谷",
        "観音入口",
        "寺尾(綾瀬市)",
        "綾北小学校前",
        "子ノ神(綾瀬市)",
        "寺尾峰",
        "共ヶ丘",
        "大塚本町",
        "大塚上町",
        "さがみ野駅"
    ],
    "weekday": [
        "8:46",
        "9:42",
        "10:42",
        "11:42",
        "12:42",
        "13:42",
        "14:42",
        "15:42",
        "16:47",
        "17:54",
        "18:46"
    ],
    "saturday": [
        "9:56",
        "11:26",
        "12:56",
        "14:26"
    ],
    "holiday": [
        "9:56",
        "11:26",
        "12:56",
        "14:26"
    ],
    "url": "https://www.kanachu.co.jp/dia/diagram/timetable01_js/course:0000800539-2/node:00129898/kt:0/lname:/"
}
