{
    "date": "2025/03/15",
    "name": "吉岡芝原",
    "position": "-",
    "system": "",
    "destinations": [
        "春日原(綾瀬市)",
        "市民文化センター前(綾瀬市)",
        "綾瀬市役所",
        "綾瀬タウンヒルズ前",
        "中郷(綾瀬市)",
        "与蔵山下",
        "綾瀬工業団地入口",
        "本郷(綾瀬市)",
        "上深谷",
        "観音入口",
        "寺尾(綾瀬市)",
        "綾北小学校前",
        "子ノ神(綾瀬市)",
        "寺尾峰",
        "共ヶ丘",
        "大塚本町",
        "大塚上町",
        "さがみ野駅"
    ],
    "weekday": [
        "8:47",
        "9:43",
        "10:43",
        "11:43",
        "12:43",
        "13:43",
        "14:43",
        "15:43",
        "16:48",
        "17:55",
        "18:47"
    ],
    "saturday": [
        "9:57",
        "11:27",
        "12:57",
        "14:27"
    ],
    "holiday": [
        "9:57",
        "11:27",
        "12:57",
        "14:27"
    ],
    "url": "https://www.kanachu.co.jp/dia/diagram/timetable01_js/course:0000800539-3/node:00129844/kt:0/lname:/"
}
