{
    "date": "2025/03/15",
    "name": "市民文化センター前(綾瀬市)",
    "position": "-",
    "system": "さ02",
    "destinations": [
        "綾瀬市役所",
        "綾瀬タウンヒルズ前",
        "中郷(綾瀬市)",
        "与蔵山下",
        "綾瀬工業団地入口",
        "本郷(綾瀬市)",
        "上深谷",
        "観音入口",
        "寺尾(綾瀬市)",
        "綾北小学校前",
        "子ノ神(綾瀬市)",
        "寺尾峰",
        "共ヶ丘",
        "大塚本町",
        "大塚上町",
        "さがみ野駅"
    ],
    "weekday": [
        "8:50",
        "9:46",
        "10:46",
        "11:46",
        "12:46",
        "13:46",
        "14:46",
        "15:46",
        "16:51",
        "17:58",
        "18:50"
    ],
    "saturday": [
        "10:00",
        "11:30",
        "13:00",
        "14:30"
    ],
    "holiday": [
        "10:00",
        "11:30",
        "13:00",
        "14:30"
    ],
    "url": "https://www.kanachu.co.jp/dia/diagram/timetable01_js/course:0000800539-5/node:00129861/kt:0/lname:/"
}
