{
    "date": "2025/03/15",
    "name": "観音入口",
    "position": "-",
    "system": "",
    "destinations": [
        "寺尾(綾瀬市)",
        "綾北小学校前",
        "子ノ神(綾瀬市)",
        "寺尾峰",
        "共ヶ丘",
        "大塚本町",
        "大塚上町",
        "さがみ野駅"
    ],
    "weekday": [
        "9:04",
        "10:00",
        "11:00",
        "12:00",
        "13:00",
        "14:00",
        "15:00",
        "16:00",
        "17:05",
        "18:13",
        "19:05"
    ],
    "saturday": [
        "10:12",
        "11:42",
        "13:12",
        "14:42"
    ],
    "holiday": [
        "10:12",
        "11:42",
        "13:12",
        "14:42"
    ],
    "url": "https://www.kanachu.co.jp/dia/diagram/timetable01_js/course:0000800539-13/node:00129864/kt:0/lname:/"
}
