{
    "date": "2025/03/15",
    "name": "寺尾(綾瀬市)",
    "position": "-",
    "system": "",
    "destinations": [
        "綾北小学校前",
        "子ノ神(綾瀬市)",
        "寺尾峰",
        "共ヶ丘",
        "大塚本町",
        "大塚上町",
        "さがみ野駅"
    ],
    "weekday": [
        "9:05",
        "10:01",
        "11:01",
        "12:01",
        "13:01",
        "14:01",
        "15:01",
        "16:01",
        "17:06",
        "18:14",
        "19:06"
    ],
    "saturday": [
        "10:13",
        "11:43",
        "13:13",
        "14:43"
    ],
    "holiday": [
        "10:13",
        "11:43",
        "13:13",
        "14:43"
    ],
    "url": "https://www.kanachu.co.jp/dia/diagram/timetable01_js/course:0000800539-14/node:00129865/kt:0/lname:/"
}
