{
    "date": "2025/03/15",
    "name": "共ヶ丘",
    "position": "-",
    "system": "",
    "destinations": [
        "大塚本町",
        "大塚上町",
        "さがみ野駅"
    ],
    "weekday": [
        "9:09",
        "10:05",
        "11:05",
        "12:05",
        "13:05",
        "14:05",
        "15:05",
        "16:05",
        "17:11",
        "18:19",
        "19:11"
    ],
    "saturday": [
        "10:17",
        "11:47",
        "13:17",
        "14:47"
    ],
    "holiday": [
        "10:17",
        "11:47",
        "13:17",
        "14:47"
    ],
    "url": "https://www.kanachu.co.jp/dia/diagram/timetable01_js/course:0000800539-18/node:00129869/kt:0/lname:/"
}
