{
    "date": "2025/03/15",
    "name": "大塚本町",
    "position": "-",
    "system": "さ02",
    "destinations": [
        "大塚上町",
        "さがみ野駅"
    ],
    "weekday": [
        "9:10",
        "10:06",
        "11:06",
        "12:06",
        "13:06",
        "14:06",
        "15:06",
        "16:06",
        "17:12",
        "18:20",
        "19:12"
    ],
    "saturday": [
        "10:18",
        "11:48",
        "13:18",
        "14:48"
    ],
    "holiday": [
        "10:18",
        "11:48",
        "13:18",
        "14:48"
    ],
    "url": "https://www.kanachu.co.jp/dia/diagram/timetable01_js/course:0000800539-19/node:00129870/kt:0/lname:/"
}
