{
    "date": "2025/11/16",
    "name": "四ノ宮(平塚市)",
    "position": "-",
    "system": "平158",
    "destinations": [
        "泉蔵院前",
        "古河電工入口",
        "八幡公民館入口",
        "八幡(平塚市)",
        "八幡入口",
        "コンフォール平塚前",
        "市役所前(平塚市)",
        "四ツ角(平塚市)",
        "平塚駅北口"
    ],
    "weekday": [
        "11:17",
        "12:17",
        "13:17",
        "14:17",
        "15:17",
        "16:17",
        "17:20",
        "18:22",
        "19:23",
        "20:20"
    ],
    "saturday": [],
    "holiday": [],
    "url": "https://www.kanachu.co.jp/dia/diagram/timetable01_js/course:0000803317-15/node:00127656/kt:0/lname:/"
}
