{
    "date": "2025/11/16",
    "name": "古河電工入口",
    "position": "-",
    "system": "平158",
    "destinations": [
        "八幡公民館入口",
        "八幡(平塚市)",
        "八幡入口",
        "コンフォール平塚前",
        "市役所前(平塚市)",
        "四ツ角(平塚市)",
        "平塚駅北口"
    ],
    "weekday": [
        "11:21",
        "12:21",
        "13:21",
        "14:21",
        "15:21",
        "16:21",
        "17:24",
        "18:26",
        "19:27",
        "20:24"
    ],
    "saturday": [],
    "holiday": [],
    "url": "https://www.kanachu.co.jp/dia/diagram/timetable01_js/course:0000803317-17/node:00127648/kt:0/lname:/"
}
