{
    "date": "2025/11/16",
    "name": "四ツ角(平塚市)",
    "position": "-",
    "system": "平158",
    "destinations": [
        "平塚駅北口"
    ],
    "weekday": [
        "11:27",
        "12:27",
        "13:27",
        "14:27",
        "15:27",
        "16:27",
        "17:30",
        "18:32",
        "19:33",
        "20:30"
    ],
    "saturday": [],
    "holiday": [],
    "url": "https://www.kanachu.co.jp/dia/diagram/timetable01_js/course:0000803317-23/node:00127190/kt:0/lname:/"
}
