{
    "date": "2020/09/18",
    "name": "菱沼",
    "position": "-",
    "system": "辻01",
    "destinations": [
        "西小和田",
        "小和田(茅ケ崎市)",
        "東小和田",
        "二ツ谷",
        "神台公園前",
        "辻堂駅北口"
    ],
    "weekday": [
        "5:39",
        "6:03",
        "6:28",
        "6:53",
        "7:18",
        "7:33",
        "7:51",
        "8:06",
        "8:21",
        "8:51",
        "9:06",
        "9:36",
        "10:06",
        "10:36",
        "11:06",
        "11:36",
        "12:06",
        "12:36",
        "13:06",
        "13:36",
        "14:06",
        "14:36",
        "15:06",
        "15:36",
        "16:06",
        "16:36",
        "17:06",
        "17:26",
        "17:46",
        "18:26",
        "18:46",
        "19:06",
        "19:26",
        "19:46",
        "20:25",
        "20:45",
        "21:33",
        "22:35"
    ],
    "saturday": [
        "5:39",
        "6:05",
        "6:30",
        "6:50",
        "7:20",
        "7:50",
        "8:26",
        "8:56",
        "9:26",
        "9:56",
        "10:26",
        "10:56",
        "11:26",
        "11:56",
        "12:26",
        "12:56",
        "13:26",
        "13:56",
        "14:26",
        "14:56",
        "15:26",
        "15:56",
        "16:26",
        "16:56",
        "17:26",
        "17:56",
        "18:26",
        "18:56",
        "19:26",
        "20:01",
        "20:55",
        "21:50",
        "22:35"
    ],
    "holiday": [
        "5:39",
        "6:05",
        "6:30",
        "6:50",
        "7:20",
        "7:50",
        "8:26",
        "8:56",
        "9:26",
        "9:56",
        "10:26",
        "10:56",
        "11:26",
        "11:56",
        "12:26",
        "12:56",
        "13:26",
        "13:56",
        "14:26",
        "14:56",
        "15:26",
        "15:56",
        "16:26",
        "16:56",
        "17:26",
        "17:56",
        "18:26",
        "18:56",
        "19:26",
        "20:01",
        "20:55",
        "21:50",
        "22:35"
    ],
    "url": "https://www.kanachu.co.jp/dia/diagram/timetable01_js/course:0000801450-5/node:00127130/kt:0/lname:/"
}
