{
    "date": "2020/09/18",
    "name": "東小和田",
    "position": "-",
    "system": "辻01",
    "destinations": [
        "二ツ谷",
        "神台公園前",
        "辻堂駅北口"
    ],
    "weekday": [
        "5:44",
        "6:08",
        "6:33",
        "6:58",
        "7:23",
        "7:38",
        "7:56",
        "8:11",
        "8:26",
        "8:56",
        "9:11",
        "9:41",
        "10:11",
        "10:41",
        "11:11",
        "11:41",
        "12:11",
        "12:41",
        "13:11",
        "13:41",
        "14:11",
        "14:41",
        "15:11",
        "15:41",
        "16:11",
        "16:41",
        "17:11",
        "17:31",
        "17:51",
        "18:31",
        "18:51",
        "19:11",
        "19:31",
        "19:51",
        "20:30",
        "20:50",
        "21:38",
        "22:40"
    ],
    "saturday": [
        "5:44",
        "6:10",
        "6:35",
        "6:55",
        "7:25",
        "7:55",
        "8:31",
        "9:01",
        "9:31",
        "10:01",
        "10:31",
        "11:01",
        "11:31",
        "12:01",
        "12:31",
        "13:01",
        "13:31",
        "14:01",
        "14:31",
        "15:01",
        "15:31",
        "16:01",
        "16:31",
        "17:01",
        "17:31",
        "18:01",
        "18:31",
        "19:01",
        "19:31",
        "20:06",
        "21:00",
        "21:55",
        "22:40"
    ],
    "holiday": [
        "5:44",
        "6:10",
        "6:35",
        "6:55",
        "7:25",
        "7:55",
        "8:31",
        "9:01",
        "9:31",
        "10:01",
        "10:31",
        "11:01",
        "11:31",
        "12:01",
        "12:31",
        "13:01",
        "13:31",
        "14:01",
        "14:31",
        "15:01",
        "15:31",
        "16:01",
        "16:31",
        "17:01",
        "17:31",
        "18:01",
        "18:31",
        "19:01",
        "19:31",
        "20:06",
        "21:00",
        "21:55",
        "22:40"
    ],
    "url": "https://www.kanachu.co.jp/dia/diagram/timetable01_js/course:0000801450-8/node:00127133/kt:0/lname:/"
}
