{
    "date": "2024/07/08",
    "name": "町田郵便局前",
    "position": "-",
    "system": "町55",
    "destinations": [
        "五間道路",
        "図書館前(町田市)",
        "中町一丁目(町田市)",
        "町田駅"
    ],
    "weekday": [
        "5:26",
        "5:40",
        "5:54",
        "6:08",
        "6:17",
        "6:27",
        "6:39",
        "6:48",
        "6:56",
        "7:04",
        "7:12",
        "7:27",
        "7:34",
        "7:42",
        "8:01",
        "8:11",
        "8:26",
        "8:38",
        "9:11",
        "9:25",
        "9:37",
        "10:10",
        "10:25",
        "10:39",
        "11:09",
        "11:24",
        "11:39",
        "12:09",
        "12:24",
        "12:39",
        "13:09",
        "13:24",
        "13:39",
        "14:09",
        "14:24",
        "14:39",
        "15:09",
        "15:24",
        "15:39",
        "16:09",
        "16:24",
        "16:39",
        "17:09",
        "17:24",
        "17:39",
        "18:09",
        "18:29",
        "19:08",
        "19:27",
        "20:07",
        "20:27",
        "21:49"
    ],
    "saturday": [
        "5:39",
        "6:02",
        "6:22",
        "6:42",
        "7:24",
        "8:04",
        "8:24",
        "8:39",
        "9:09",
        "9:24",
        "9:39",
        "10:09",
        "10:24",
        "10:39",
        "11:10",
        "11:25",
        "11:40",
        "12:10",
        "12:25",
        "12:40",
        "13:10",
        "13:25",
        "13:40",
        "14:10",
        "14:25",
        "14:40",
        "15:10",
        "15:25",
        "15:40",
        "16:10",
        "16:25",
        "16:40",
        "17:10",
        "17:25",
        "17:40",
        "18:10",
        "18:30",
        "19:08",
        "19:27",
        "20:07",
        "21:42"
    ],
    "holiday": [
        "5:39",
        "6:02",
        "6:22",
        "6:42",
        "7:23",
        "8:03",
        "8:23",
        "8:38",
        "9:08",
        "9:24",
        "9:39",
        "10:09",
        "10:24",
        "10:39",
        "11:10",
        "11:25",
        "11:40",
        "12:10",
        "12:25",
        "12:40",
        "13:10",
        "13:25",
        "13:40",
        "14:10",
        "14:25",
        "14:40",
        "15:10",
        "15:25",
        "15:40",
        "16:10",
        "16:25",
        "16:40",
        "17:10",
        "17:25",
        "17:40",
        "18:08",
        "18:27",
        "19:07",
        "19:27",
        "20:07",
        "21:44"
    ],
    "url": "https://www.kanachu.co.jp/dia/diagram/timetable01_js/course:0000803245-14/node:00129420/kt:0/lname:/"
}
