{
    "date": "2025/04/01",
    "name": "平塚駅北口",
    "position": "-",
    "system": "平74",
    "destinations": [
        "銀座通り(平塚市)",
        "平塚文化芸術ホール前",
        "八間通り",
        "旭通り(平塚市)",
        "営林署前(平塚市)",
        "追分(平塚市)",
        "江南高校前",
        "向原(平塚市)",
        "南原(平塚市)",
        "南原土手",
        "長瀬(平塚市)",
        "長持",
        "水神橋(平塚市)",
        "平塚支援学校前",
        "飯島(平塚市)",
        "片岡(平塚市)",
        "南金目",
        "金目駅",
        "北金目入口",
        "青柳(平塚市)",
        "東海大学正門前",
        "土屋橋",
        "欠ノ上(下大槻団地線)",
        "下大槻団地",
        "広畑ふれあいプラザ前",
        "秦野高校前",
        "瓜生野入口",
        "才ヶ分踏切",
        "才ヶ分",
        "室川橋(下大槻団地線)",
        "河原町(秦野市)",
        "台町(秦野市)",
        "片町通り",
        "上宿通り",
        "大川橋(秦野市)",
        "まほろば大橋",
        "秦野駅"
    ],
    "weekday": [
        "6:40",
        "7:28",
        "7:44",
        "8:10",
        "8:40",
        "9:10",
        "9:40",
        "10:10",
        "10:40",
        "11:20",
        "12:00",
        "12:40",
        "13:10",
        "13:40",
        "14:10",
        "14:40",
        "15:10",
        "15:40",
        "16:10",
        "16:40",
        "17:10",
        "17:34",
        "18:10",
        "18:46",
        "19:06",
        "19:30",
        "19:52",
        "20:12",
        "20:40",
        "21:07",
        "21:40",
        "22:29",
        "23:30"
    ],
    "saturday": [
        "6:45",
        "7:10",
        "7:55",
        "8:35",
        "9:15",
        "9:55",
        "10:35",
        "11:17",
        "12:00",
        "12:42",
        "13:20",
        "14:00",
        "14:42",
        "15:20",
        "16:00",
        "16:31",
        "17:00",
        "17:40",
        "18:15",
        "19:00",
        "19:40",
        "20:20",
        "21:07",
        "21:55",
        "22:29"
    ],
    "holiday": [
        "6:45",
        "7:10",
        "7:55",
        "8:35",
        "9:15",
        "9:55",
        "10:35",
        "11:17",
        "12:00",
        "12:42",
        "13:20",
        "14:00",
        "14:42",
        "15:20",
        "16:00",
        "16:31",
        "17:00",
        "17:40",
        "18:15",
        "19:00",
        "19:40",
        "20:20",
        "21:07",
        "21:55",
        "22:29"
    ],
    "url": "https://www.kanachu.co.jp/dia/diagram/timetable01_js/course:0000802911-1/node:00127464/kt:0/lname:/"
}
