{
    "date": "2025/04/01",
    "name": "八間通り",
    "position": "-",
    "system": "平74",
    "destinations": [
        "旭通り(平塚市)",
        "営林署前(平塚市)",
        "追分(平塚市)",
        "江南高校前",
        "向原(平塚市)",
        "南原(平塚市)",
        "南原土手",
        "長瀬(平塚市)",
        "長持",
        "水神橋(平塚市)",
        "平塚支援学校前",
        "飯島(平塚市)",
        "片岡(平塚市)",
        "南金目",
        "金目駅",
        "北金目入口",
        "青柳(平塚市)",
        "東海大学正門前",
        "土屋橋",
        "欠ノ上(下大槻団地線)",
        "下大槻団地",
        "広畑ふれあいプラザ前",
        "秦野高校前",
        "瓜生野入口",
        "才ヶ分踏切",
        "才ヶ分",
        "室川橋(下大槻団地線)",
        "河原町(秦野市)",
        "台町(秦野市)",
        "片町通り",
        "上宿通り",
        "大川橋(秦野市)",
        "まほろば大橋",
        "秦野駅"
    ],
    "weekday": [
        "6:43",
        "7:31",
        "7:47",
        "8:13",
        "8:43",
        "9:13",
        "9:43",
        "10:13",
        "10:43",
        "11:23",
        "12:03",
        "12:43",
        "13:13",
        "13:43",
        "14:13",
        "14:43",
        "15:13",
        "15:43",
        "16:13",
        "16:43",
        "17:13",
        "17:37",
        "18:13",
        "18:49",
        "19:09",
        "19:33",
        "19:55",
        "20:15",
        "20:43",
        "21:10",
        "21:43",
        "22:32",
        "23:33"
    ],
    "saturday": [
        "6:48",
        "7:13",
        "7:58",
        "8:38",
        "9:18",
        "9:58",
        "10:38",
        "11:20",
        "12:03",
        "12:45",
        "13:23",
        "14:03",
        "14:45",
        "15:23",
        "16:03",
        "16:34",
        "17:03",
        "17:43",
        "18:18",
        "19:03",
        "19:43",
        "20:23",
        "21:10",
        "21:58",
        "22:32"
    ],
    "holiday": [
        "6:48",
        "7:13",
        "7:58",
        "8:38",
        "9:18",
        "9:58",
        "10:38",
        "11:20",
        "12:03",
        "12:45",
        "13:23",
        "14:03",
        "14:45",
        "15:23",
        "16:03",
        "16:34",
        "17:03",
        "17:43",
        "18:18",
        "19:03",
        "19:43",
        "20:23",
        "21:10",
        "21:58",
        "22:32"
    ],
    "url": "https://www.kanachu.co.jp/dia/diagram/timetable01_js/course:0000802911-4/node:00127467/kt:0/lname:/"
}
