{
    "date": "2025/04/01",
    "name": "営林署前(平塚市)",
    "position": "-",
    "system": "平74",
    "destinations": [
        "追分(平塚市)",
        "江南高校前",
        "向原(平塚市)",
        "南原(平塚市)",
        "南原土手",
        "長瀬(平塚市)",
        "長持",
        "水神橋(平塚市)",
        "平塚支援学校前",
        "飯島(平塚市)",
        "片岡(平塚市)",
        "南金目",
        "金目駅",
        "北金目入口",
        "青柳(平塚市)",
        "東海大学正門前",
        "土屋橋",
        "欠ノ上(下大槻団地線)",
        "下大槻団地",
        "広畑ふれあいプラザ前",
        "秦野高校前",
        "瓜生野入口",
        "才ヶ分踏切",
        "才ヶ分",
        "室川橋(下大槻団地線)",
        "河原町(秦野市)",
        "台町(秦野市)",
        "片町通り",
        "上宿通り",
        "大川橋(秦野市)",
        "まほろば大橋",
        "秦野駅"
    ],
    "weekday": [
        "6:45",
        "7:33",
        "7:49",
        "8:15",
        "8:45",
        "9:15",
        "9:45",
        "10:15",
        "10:45",
        "11:25",
        "12:05",
        "12:45",
        "13:15",
        "13:45",
        "14:15",
        "14:45",
        "15:15",
        "15:45",
        "16:15",
        "16:45",
        "17:15",
        "17:39",
        "18:15",
        "18:51",
        "19:11",
        "19:35",
        "19:57",
        "20:17",
        "20:45",
        "21:12",
        "21:45",
        "22:34",
        "23:35"
    ],
    "saturday": [
        "6:50",
        "7:15",
        "8:00",
        "8:40",
        "9:20",
        "10:00",
        "10:40",
        "11:22",
        "12:05",
        "12:47",
        "13:25",
        "14:05",
        "14:47",
        "15:25",
        "16:05",
        "16:36",
        "17:05",
        "17:45",
        "18:20",
        "19:05",
        "19:45",
        "20:25",
        "21:12",
        "22:00",
        "22:34"
    ],
    "holiday": [
        "6:50",
        "7:15",
        "8:00",
        "8:40",
        "9:20",
        "10:00",
        "10:40",
        "11:22",
        "12:05",
        "12:47",
        "13:25",
        "14:05",
        "14:47",
        "15:25",
        "16:05",
        "16:36",
        "17:05",
        "17:45",
        "18:20",
        "19:05",
        "19:45",
        "20:25",
        "21:12",
        "22:00",
        "22:34"
    ],
    "url": "https://www.kanachu.co.jp/dia/diagram/timetable01_js/course:0000802911-6/node:00127739/kt:0/lname:/"
}
