{
    "date": "2025/04/01",
    "name": "長持",
    "position": "-",
    "system": "平74",
    "destinations": [
        "水神橋(平塚市)",
        "平塚支援学校前",
        "飯島(平塚市)",
        "片岡(平塚市)",
        "南金目",
        "金目駅",
        "北金目入口",
        "青柳(平塚市)",
        "東海大学正門前",
        "土屋橋",
        "欠ノ上(下大槻団地線)",
        "下大槻団地",
        "広畑ふれあいプラザ前",
        "秦野高校前",
        "瓜生野入口",
        "才ヶ分踏切",
        "才ヶ分",
        "室川橋(下大槻団地線)",
        "河原町(秦野市)",
        "台町(秦野市)",
        "片町通り",
        "上宿通り",
        "大川橋(秦野市)",
        "まほろば大橋",
        "秦野駅"
    ],
    "weekday": [
        "6:53",
        "7:43",
        "7:59",
        "8:28",
        "8:58",
        "9:24",
        "9:54",
        "10:24",
        "10:54",
        "11:34",
        "12:14",
        "12:54",
        "13:24",
        "13:54",
        "14:24",
        "14:54",
        "15:24",
        "15:54",
        "16:27",
        "16:57",
        "17:27",
        "17:51",
        "18:27",
        "19:03",
        "19:20",
        "19:44",
        "20:06",
        "20:26",
        "20:54",
        "21:21",
        "21:54",
        "22:43",
        "23:44"
    ],
    "saturday": [
        "6:58",
        "7:23",
        "8:08",
        "8:48",
        "9:28",
        "10:08",
        "10:48",
        "11:32",
        "12:15",
        "12:57",
        "13:35",
        "14:15",
        "14:57",
        "15:35",
        "16:17",
        "16:48",
        "17:16",
        "17:56",
        "18:31",
        "19:13",
        "19:53",
        "20:33",
        "21:20",
        "22:08",
        "22:42"
    ],
    "holiday": [
        "6:58",
        "7:23",
        "8:08",
        "8:48",
        "9:28",
        "10:08",
        "10:48",
        "11:30",
        "12:15",
        "12:57",
        "13:35",
        "14:15",
        "14:57",
        "15:35",
        "16:14",
        "16:45",
        "17:14",
        "17:54",
        "18:29",
        "19:14",
        "19:54",
        "20:33",
        "21:20",
        "22:08",
        "22:42"
    ],
    "url": "https://www.kanachu.co.jp/dia/diagram/timetable01_js/course:0000802911-13/node:00127737/kt:0/lname:/"
}
