{
    "date": "2025/04/01",
    "name": "北金目入口",
    "position": "-",
    "system": "平74",
    "destinations": [
        "青柳(平塚市)",
        "東海大学正門前",
        "土屋橋",
        "欠ノ上(下大槻団地線)",
        "下大槻団地",
        "広畑ふれあいプラザ前",
        "秦野高校前",
        "瓜生野入口",
        "才ヶ分踏切",
        "才ヶ分",
        "室川橋(下大槻団地線)",
        "河原町(秦野市)",
        "台町(秦野市)",
        "片町通り",
        "上宿通り",
        "大川橋(秦野市)",
        "まほろば大橋",
        "秦野駅"
    ],
    "weekday": [
        "7:04",
        "7:55",
        "8:12",
        "8:42",
        "9:11",
        "9:36",
        "10:06",
        "10:36",
        "11:06",
        "11:46",
        "12:26",
        "13:06",
        "13:36",
        "14:06",
        "14:36",
        "15:06",
        "15:36",
        "16:06",
        "16:41",
        "17:11",
        "17:41",
        "18:05",
        "18:41",
        "19:13",
        "19:30",
        "19:54",
        "20:16",
        "20:36",
        "21:04",
        "21:31",
        "22:04",
        "22:53",
        "23:54"
    ],
    "saturday": [
        "7:07",
        "7:32",
        "8:17",
        "8:57",
        "9:37",
        "10:17",
        "10:57",
        "11:44",
        "12:27",
        "13:09",
        "13:47",
        "14:27",
        "15:09",
        "15:47",
        "16:30",
        "17:01",
        "17:27",
        "18:07",
        "18:42",
        "19:23",
        "20:03",
        "20:43",
        "21:30",
        "22:18",
        "22:52"
    ],
    "holiday": [
        "7:06",
        "7:31",
        "8:17",
        "8:57",
        "9:37",
        "10:17",
        "10:57",
        "11:39",
        "12:26",
        "13:08",
        "13:46",
        "14:26",
        "15:08",
        "15:46",
        "16:24",
        "16:55",
        "17:24",
        "18:04",
        "18:39",
        "19:24",
        "20:04",
        "20:43",
        "21:30",
        "22:18",
        "22:52"
    ],
    "url": "https://www.kanachu.co.jp/dia/diagram/timetable01_js/course:0000802911-20/node:00127730/kt:0/lname:/"
}
