{
    "date": "2025/04/01",
    "name": "青柳(平塚市)",
    "position": "-",
    "system": "平74",
    "destinations": [
        "東海大学正門前",
        "土屋橋",
        "欠ノ上(下大槻団地線)",
        "下大槻団地",
        "広畑ふれあいプラザ前",
        "秦野高校前",
        "瓜生野入口",
        "才ヶ分踏切",
        "才ヶ分",
        "室川橋(下大槻団地線)",
        "河原町(秦野市)",
        "台町(秦野市)",
        "片町通り",
        "上宿通り",
        "大川橋(秦野市)",
        "まほろば大橋",
        "秦野駅"
    ],
    "weekday": [
        "7:05",
        "7:56",
        "8:13",
        "8:43",
        "9:12",
        "9:37",
        "10:07",
        "10:37",
        "11:07",
        "11:47",
        "12:27",
        "13:07",
        "13:37",
        "14:07",
        "14:37",
        "15:07",
        "15:37",
        "16:07",
        "16:42",
        "17:12",
        "17:42",
        "18:06",
        "18:42",
        "19:14",
        "19:31",
        "19:55",
        "20:17",
        "20:37",
        "21:05",
        "21:32",
        "22:05",
        "22:54",
        "23:55"
    ],
    "saturday": [
        "7:08",
        "7:33",
        "8:18",
        "8:58",
        "9:38",
        "10:18",
        "10:58",
        "11:45",
        "12:28",
        "13:10",
        "13:48",
        "14:28",
        "15:10",
        "15:48",
        "16:31",
        "17:02",
        "17:28",
        "18:08",
        "18:43",
        "19:24",
        "20:04",
        "20:44",
        "21:31",
        "22:19",
        "22:53"
    ],
    "holiday": [
        "7:07",
        "7:32",
        "8:18",
        "8:58",
        "9:38",
        "10:18",
        "10:58",
        "11:40",
        "12:27",
        "13:09",
        "13:47",
        "14:27",
        "15:09",
        "15:47",
        "16:25",
        "16:56",
        "17:25",
        "18:05",
        "18:40",
        "19:25",
        "20:05",
        "20:44",
        "21:31",
        "22:19",
        "22:53"
    ],
    "url": "https://www.kanachu.co.jp/dia/diagram/timetable01_js/course:0000802911-21/node:00127729/kt:0/lname:/"
}
