{
    "date": "2025/04/01",
    "name": "下大槻団地",
    "position": "-",
    "system": "平74",
    "destinations": [
        "広畑ふれあいプラザ前",
        "秦野高校前",
        "瓜生野入口",
        "才ヶ分踏切",
        "才ヶ分",
        "室川橋(下大槻団地線)",
        "河原町(秦野市)",
        "台町(秦野市)",
        "片町通り",
        "上宿通り",
        "大川橋(秦野市)",
        "まほろば大橋",
        "秦野駅"
    ],
    "weekday": [
        "7:11",
        "8:02",
        "8:19",
        "8:49",
        "9:17",
        "9:42",
        "10:12",
        "10:42",
        "11:12",
        "11:52",
        "12:32",
        "13:12",
        "13:42",
        "14:12",
        "14:42",
        "15:12",
        "15:42",
        "16:13",
        "16:48",
        "17:18",
        "17:48",
        "18:12",
        "18:48",
        "19:19",
        "19:36",
        "20:00",
        "20:22",
        "20:42",
        "21:10",
        "21:37",
        "22:10",
        "22:59",
        "24:00"
    ],
    "saturday": [
        "7:12",
        "7:37",
        "8:22",
        "9:02",
        "9:42",
        "10:22",
        "11:02",
        "11:49",
        "12:32",
        "13:14",
        "13:52",
        "14:32",
        "15:14",
        "15:52",
        "16:35",
        "17:06",
        "17:32",
        "18:12",
        "18:47",
        "19:28",
        "20:08",
        "20:48",
        "21:35",
        "22:23",
        "22:57"
    ],
    "holiday": [
        "7:11",
        "7:36",
        "8:22",
        "9:02",
        "9:42",
        "10:22",
        "11:02",
        "11:44",
        "12:31",
        "13:13",
        "13:51",
        "14:31",
        "15:13",
        "15:51",
        "16:29",
        "17:00",
        "17:29",
        "18:09",
        "18:44",
        "19:29",
        "20:09",
        "20:48",
        "21:35",
        "22:23",
        "22:57"
    ],
    "url": "https://www.kanachu.co.jp/dia/diagram/timetable01_js/course:0000802911-25/node:00127755/kt:0/lname:/"
}
