{
    "date": "2025/04/01",
    "name": "秦野高校前",
    "position": "-",
    "system": "平74",
    "destinations": [
        "瓜生野入口",
        "才ヶ分踏切",
        "才ヶ分",
        "室川橋(下大槻団地線)",
        "河原町(秦野市)",
        "台町(秦野市)",
        "片町通り",
        "上宿通り",
        "大川橋(秦野市)",
        "まほろば大橋",
        "秦野駅"
    ],
    "weekday": [
        "7:13",
        "8:04",
        "8:21",
        "8:51",
        "9:19",
        "9:44",
        "10:14",
        "10:44",
        "11:14",
        "11:54",
        "12:34",
        "13:14",
        "13:44",
        "14:14",
        "14:44",
        "15:14",
        "15:44",
        "16:15",
        "16:50",
        "17:20",
        "17:50",
        "18:14",
        "18:50",
        "19:21",
        "19:38",
        "20:02",
        "20:24",
        "20:44",
        "21:12",
        "21:39",
        "22:12",
        "23:01",
        "24:02"
    ],
    "saturday": [
        "7:14",
        "7:39",
        "8:24",
        "9:04",
        "9:44",
        "10:24",
        "11:04",
        "11:51",
        "12:34",
        "13:16",
        "13:54",
        "14:34",
        "15:16",
        "15:54",
        "16:37",
        "17:08",
        "17:34",
        "18:14",
        "18:49",
        "19:30",
        "20:10",
        "20:50",
        "21:37",
        "22:25",
        "22:59"
    ],
    "holiday": [
        "7:13",
        "7:38",
        "8:24",
        "9:04",
        "9:44",
        "10:24",
        "11:04",
        "11:46",
        "12:33",
        "13:15",
        "13:53",
        "14:33",
        "15:15",
        "15:53",
        "16:31",
        "17:02",
        "17:31",
        "18:11",
        "18:46",
        "19:31",
        "20:11",
        "20:50",
        "21:37",
        "22:25",
        "22:59"
    ],
    "url": "https://www.kanachu.co.jp/dia/diagram/timetable01_js/course:0000802911-27/node:00127753/kt:0/lname:/"
}
