{
    "date": "2025/04/01",
    "name": "才ヶ分",
    "position": "-",
    "system": "平74",
    "destinations": [
        "室川橋(下大槻団地線)",
        "河原町(秦野市)",
        "台町(秦野市)",
        "片町通り",
        "上宿通り",
        "大川橋(秦野市)",
        "まほろば大橋",
        "秦野駅"
    ],
    "weekday": [
        "7:16",
        "8:07",
        "8:24",
        "8:54",
        "9:22",
        "9:47",
        "10:17",
        "10:47",
        "11:17",
        "11:57",
        "12:37",
        "13:17",
        "13:47",
        "14:17",
        "14:47",
        "15:17",
        "15:47",
        "16:18",
        "16:53",
        "17:23",
        "17:53",
        "18:17",
        "18:53",
        "19:24",
        "19:41",
        "20:05",
        "20:27",
        "20:47",
        "21:15",
        "21:42",
        "22:15",
        "23:04",
        "24:05"
    ],
    "saturday": [
        "7:17",
        "7:42",
        "8:27",
        "9:07",
        "9:47",
        "10:27",
        "11:07",
        "11:54",
        "12:37",
        "13:19",
        "13:57",
        "14:37",
        "15:19",
        "15:57",
        "16:40",
        "17:11",
        "17:37",
        "18:17",
        "18:52",
        "19:33",
        "20:13",
        "20:53",
        "21:40",
        "22:28",
        "23:02"
    ],
    "holiday": [
        "7:16",
        "7:41",
        "8:27",
        "9:07",
        "9:47",
        "10:27",
        "11:07",
        "11:49",
        "12:36",
        "13:18",
        "13:56",
        "14:36",
        "15:18",
        "15:56",
        "16:34",
        "17:05",
        "17:34",
        "18:14",
        "18:49",
        "19:34",
        "20:14",
        "20:53",
        "21:40",
        "22:28",
        "23:02"
    ],
    "url": "https://www.kanachu.co.jp/dia/diagram/timetable01_js/course:0000802911-30/node:00127750/kt:0/lname:/"
}
