{
    "system": "平74",
    "busstops": [
        {
            "index": "1",
            "id": "00127464",
            "name": "平塚駅北口",
            "lat": "35.328533",
            "lng": "139.350926"
        },
        {
            "index": "2",
            "id": "00127465",
            "name": "銀座通り(平塚市)",
            "lat": "35.329601",
            "lng": "139.348024"
        },
        {
            "index": "3",
            "id": "00127466",
            "name": "平塚文化芸術ホール前",
            "lat": "35.328853",
            "lng": "139.344531"
        },
        {
            "index": "4",
            "id": "00127467",
            "name": "八間通り",
            "lat": "35.328885",
            "lng": "139.340556"
        },
        {
            "index": "5",
            "id": "00127740",
            "name": "旭通り(平塚市)",
            "lat": "35.330701",
            "lng": "139.339924"
        },
        {
            "index": "6",
            "id": "00127739",
            "name": "営林署前(平塚市)",
            "lat": "35.332514",
            "lng": "139.339293"
        },
        {
            "index": "7",
            "id": "00127556",
            "name": "追分(平塚市)",
            "lat": "35.335296",
            "lng": "139.338298"
        },
        {
            "index": "8",
            "id": "00127557",
            "name": "江南高校前",
            "lat": "35.337222",
            "lng": "139.33376"
        },
        {
            "index": "9",
            "id": "00127558",
            "name": "向原(平塚市)",
            "lat": "35.338036",
            "lng": "139.330718"
        },
        {
            "index": "10",
            "id": "00127559",
            "name": "南原(平塚市)",
            "lat": "35.338833",
            "lng": "139.328854"
        },
        {
            "index": "11",
            "id": "00127560",
            "name": "南原土手",
            "lat": "35.339983",
            "lng": "139.323446"
        },
        {
            "index": "12",
            "id": "00127738",
            "name": "長瀬(平塚市)",
            "lat": "35.343418",
            "lng": "139.320732"
        },
        {
            "index": "13",
            "id": "00127737",
            "name": "長持",
            "lat": "35.347948",
            "lng": "139.316367"
        },
        {
            "index": "14",
            "id": "00127736",
            "name": "水神橋(平塚市)",
            "lat": "35.353576",
            "lng": "139.310703"
        },
        {
            "index": "15",
            "id": "00127735",
            "name": "平塚支援学校前",
            "lat": "35.35559",
            "lng": "139.309019"
        },
        {
            "index": "16",
            "id": "00127734",
            "name": "飯島(平塚市)",
            "lat": "35.356854",
            "lng": "139.304862"
        },
        {
            "index": "17",
            "id": "00127733",
            "name": "片岡(平塚市)",
            "lat": "35.359383",
            "lng": "139.29829"
        },
        {
            "index": "18",
            "id": "00127732",
            "name": "南金目",
            "lat": "35.359114",
            "lng": "139.291855"
        },
        {
            "index": "19",
            "id": "00127731",
            "name": "金目駅",
            "lat": "35.359193",
            "lng": "139.289047"
        },
        {
            "index": "20",
            "id": "00127730",
            "name": "北金目入口",
            "lat": "35.359747",
            "lng": "139.285503"
        },
        {
            "index": "21",
            "id": "00127729",
            "name": "青柳(平塚市)",
            "lat": "35.358266",
            "lng": "139.27705"
        },
        {
            "index": "22",
            "id": "00127728",
            "name": "東海大学正門前",
            "lat": "35.356951",
            "lng": "139.272991"
        },
        {
            "index": "23",
            "id": "00127727",
            "name": "土屋橋",
            "lat": "35.356112",
            "lng": "139.270009"
        },
        {
            "index": "24",
            "id": "00130510",
            "name": "欠ノ上(下大槻団地線)",
            "lat": "35.35724",
            "lng": "139.267144"
        },
        {
            "index": "25",
            "id": "00127755",
            "name": "下大槻団地",
            "lat": "35.360409",
            "lng": "139.264288"
        },
        {
            "index": "26",
            "id": "00127754",
            "name": "広畑ふれあいプラザ前",
            "lat": "35.360591",
            "lng": "139.262338"
        },
        {
            "index": "27",
            "id": "00127753",
            "name": "秦野高校前",
            "lat": "35.363209",
            "lng": "139.257786"
        },
        {
            "index": "28",
            "id": "00127752",
            "name": "瓜生野入口",
            "lat": "35.362387",
            "lng": "139.25208"
        },
        {
            "index": "29",
            "id": "00127751",
            "name": "才ヶ分踏切",
            "lat": "35.363202",
            "lng": "139.248159"
        },
        {
            "index": "30",
            "id": "00127750",
            "name": "才ヶ分",
            "lat": "35.365313",
            "lng": "139.245255"
        },
        {
            "index": "31",
            "id": "00130509",
            "name": "室川橋(下大槻団地線)",
            "lat": "35.367411",
            "lng": "139.241556"
        },
        {
            "index": "32",
            "id": "00127720",
            "name": "河原町(秦野市)",
            "lat": "35.369308",
            "lng": "139.234181"
        },
        {
            "index": "33",
            "id": "00127719",
            "name": "台町(秦野市)",
            "lat": "35.371621",
            "lng": "139.229725"
        },
        {
            "index": "34",
            "id": "00127718",
            "name": "片町通り",
            "lat": "35.373086",
            "lng": "139.228594"
        },
        {
            "index": "35",
            "id": "00127717",
            "name": "上宿通り",
            "lat": "35.373824",
            "lng": "139.226745"
        },
        {
            "index": "36",
            "id": "00127716",
            "name": "大川橋(秦野市)",
            "lat": "35.37285",
            "lng": "139.225009"
        },
        {
            "index": "37",
            "id": "00128033",
            "name": "まほろば大橋",
            "lat": "35.371621",
            "lng": "139.226445"
        },
        {
            "index": "38",
            "id": "00127715",
            "name": "秦野駅",
            "lat": "35.370293",
            "lng": "139.226956"
        }
    ],
    "route_url": "https://www.kanachu.co.jp/dia/route/index/cid:0000802911/"
}
