{
    "date": "2025/08/04",
    "name": "大西(相模原市緑区)",
    "position": "-",
    "system": "橋26",
    "destinations": [
        "相原台",
        "相原中央",
        "二本松(相模原市緑区)",
        "森の上",
        "東原宿",
        "原宿(相模原市緑区)",
        "城山総合事務所入口",
        "城山総合事務所前",
        "城山公民館",
        "小松(相模原市緑区)",
        "小松橋(相模原市緑区)",
        "穴川(相模原市緑区)",
        "風間",
        "滝尻(相模原市緑区)",
        "上大戸",
        "ネイチャーファクトリー東京町田",
        "大戸(相模原市緑区)",
        "ネイチャーファクトリー東京町田",
        "上大戸",
        "大戸橋",
        "法政大学入口",
        "法政大学(町田市)"
    ],
    "weekday": [],
    "saturday": [],
    "holiday": [
        "14:26"
    ],
    "url": "https://www.kanachu.co.jp/dia/diagram/timetable01_js/course:0000802896-6/node:00128967/kt:0/lname:/"
}
