{
    "date": "2021/02/22",
    "name": "日産先進技術開発センター",
    "position": "-",
    "system": "愛21",
    "destinations": [
        "日産先進技術開発センター前",
        "松蔭大学",
        "通信研究所前(厚木市)",
        "若宮橋(厚木市)",
        "榎田",
        "小野橋(厚木市)",
        "小野宮前",
        "広町橋",
        "籠堰橋",
        "聖木",
        "愛甲郵便局前",
        "上愛甲",
        "愛甲橋",
        "堂山",
        "宮前(厚木市)",
        "愛甲石田駅"
    ],
    "weekday": [
        "8:18",
        "9:20",
        "9:28",
        "10:03",
        "12:55",
        "14:15",
        "14:55",
        "15:15",
        "18:49",
        "19:27",
        "20:01"
    ],
    "saturday": [],
    "holiday": [],
    "url": "https://www.kanachu.co.jp/dia/diagram/timetable01_js/course:0000801088-1/node:00128252/kt:0/lname:/"
}
