{
    "date": "2021/02/22",
    "name": "日産先進技術開発センター前",
    "position": "-",
    "system": "愛21",
    "destinations": [
        "松蔭大学",
        "通信研究所前(厚木市)",
        "若宮橋(厚木市)",
        "榎田",
        "小野橋(厚木市)",
        "小野宮前",
        "広町橋",
        "籠堰橋",
        "聖木",
        "愛甲郵便局前",
        "上愛甲",
        "愛甲橋",
        "堂山",
        "宮前(厚木市)",
        "愛甲石田駅"
    ],
    "weekday": [
        "8:19",
        "9:21",
        "9:29",
        "10:04",
        "12:56",
        "14:16",
        "14:56",
        "15:16",
        "18:50",
        "19:28",
        "20:02"
    ],
    "saturday": [],
    "holiday": [],
    "url": "https://www.kanachu.co.jp/dia/diagram/timetable01_js/course:0000801088-2/node:00128519/kt:0/lname:/"
}
