{
    "date": "2021/02/22",
    "name": "愛甲郵便局前",
    "position": "-",
    "system": "愛21",
    "destinations": [
        "上愛甲",
        "愛甲橋",
        "堂山",
        "宮前(厚木市)",
        "愛甲石田駅"
    ],
    "weekday": [
        "8:28",
        "9:29",
        "9:37",
        "10:12",
        "13:04",
        "14:24",
        "15:04",
        "15:24",
        "18:59",
        "19:36",
        "20:10"
    ],
    "saturday": [],
    "holiday": [],
    "url": "https://www.kanachu.co.jp/dia/diagram/timetable01_js/course:0000801088-12/node:00128121/kt:0/lname:/"
}
