{
    "date": "2020/09/18",
    "name": "茶屋町(茅ケ崎市)",
    "position": "-",
    "system": "茅41",
    "destinations": [
        "町屋(茅ケ崎市)",
        "今宿(茅ケ崎市)",
        "県住入口",
        "萩園辻",
        "辻西(茅ケ崎市)",
        "萩園(茅ケ崎市)",
        "番場(茅ケ崎市)",
        "田端(高座郡寒川町)",
        "田端耕地",
        "寒川高校前(高座郡寒川町)",
        "寒川十字路",
        "景観寺",
        "寒川駅入口",
        "公民館入口(高座郡寒川町)",
        "岡田(高座郡寒川町)",
        "県営住宅前(高座郡寒川町)",
        "大蔵(高座郡寒川町)",
        "小谷(高座郡寒川町)"
    ],
    "weekday": [
        "6:14"
    ],
    "saturday": [],
    "holiday": [],
    "url": "https://www.kanachu.co.jp/dia/diagram/timetable01_js/course:0000800231-4/node:00127182/kt:0/lname:/"
}
