{
    "date": "2020/09/18",
    "name": "田端耕地",
    "position": "-",
    "system": "茅41",
    "destinations": [
        "寒川高校前(高座郡寒川町)",
        "寒川十字路",
        "景観寺",
        "寒川駅入口",
        "公民館入口(高座郡寒川町)",
        "岡田(高座郡寒川町)",
        "県営住宅前(高座郡寒川町)",
        "大蔵(高座郡寒川町)",
        "小谷(高座郡寒川町)"
    ],
    "weekday": [
        "6:24"
    ],
    "saturday": [],
    "holiday": [],
    "url": "https://www.kanachu.co.jp/dia/diagram/timetable01_js/course:0000800231-13/node:00127197/kt:0/lname:/"
}
