{
    "system": "茅41",
    "busstops": [
        {
            "index": "1",
            "id": "00127126",
            "name": "茅ヶ崎駅",
            "lat": "35.331059",
            "lng": "139.406474"
        },
        {
            "index": "2",
            "id": "00127159",
            "name": "茅ヶ崎四ツ角",
            "lat": "35.330673",
            "lng": "139.399944"
        },
        {
            "index": "3",
            "id": "00127181",
            "name": "十間坂",
            "lat": "35.32952",
            "lng": "139.396413"
        },
        {
            "index": "4",
            "id": "00127182",
            "name": "茶屋町(茅ケ崎市)",
            "lat": "35.328943",
            "lng": "139.394388"
        },
        {
            "index": "5",
            "id": "00127183",
            "name": "町屋(茅ケ崎市)",
            "lat": "35.330719",
            "lng": "139.388962"
        },
        {
            "index": "6",
            "id": "00127184",
            "name": "今宿(茅ケ崎市)",
            "lat": "35.333768",
            "lng": "139.381996"
        },
        {
            "index": "7",
            "id": "00127191",
            "name": "県住入口",
            "lat": "35.336695",
            "lng": "139.382932"
        },
        {
            "index": "8",
            "id": "00127192",
            "name": "萩園辻",
            "lat": "35.33936",
            "lng": "139.382865"
        },
        {
            "index": "9",
            "id": "00127193",
            "name": "辻西(茅ケ崎市)",
            "lat": "35.3418",
            "lng": "139.382436"
        },
        {
            "index": "10",
            "id": "00127194",
            "name": "萩園(茅ケ崎市)",
            "lat": "35.344585",
            "lng": "139.382106"
        },
        {
            "index": "11",
            "id": "00127195",
            "name": "番場(茅ケ崎市)",
            "lat": "35.34705",
            "lng": "139.383845"
        },
        {
            "index": "12",
            "id": "00127196",
            "name": "田端(高座郡寒川町)",
            "lat": "35.353116",
            "lng": "139.384661"
        },
        {
            "index": "13",
            "id": "00127197",
            "name": "田端耕地",
            "lat": "35.357991",
            "lng": "139.384325"
        },
        {
            "index": "14",
            "id": "00127198",
            "name": "寒川高校前(高座郡寒川町)",
            "lat": "35.361048",
            "lng": "139.385094"
        },
        {
            "index": "15",
            "id": "00127169",
            "name": "寒川十字路",
            "lat": "35.363507",
            "lng": "139.38577"
        },
        {
            "index": "16",
            "id": "00127168",
            "name": "景観寺",
            "lat": "35.363695",
            "lng": "139.387929"
        },
        {
            "index": "17",
            "id": "00127172",
            "name": "寒川駅入口",
            "lat": "35.368664",
            "lng": "139.38956"
        },
        {
            "index": "18",
            "id": "00127173",
            "name": "公民館入口(高座郡寒川町)",
            "lat": "35.37172",
            "lng": "139.391292"
        },
        {
            "index": "19",
            "id": "00127174",
            "name": "岡田(高座郡寒川町)",
            "lat": "35.37282",
            "lng": "139.394063"
        },
        {
            "index": "20",
            "id": "00127175",
            "name": "県営住宅前(高座郡寒川町)",
            "lat": "35.37618",
            "lng": "139.396393"
        },
        {
            "index": "21",
            "id": "00127176",
            "name": "大蔵(高座郡寒川町)",
            "lat": "35.378308",
            "lng": "139.397886"
        },
        {
            "index": "22",
            "id": "00127177",
            "name": "小谷(高座郡寒川町)",
            "lat": "35.382313",
            "lng": "139.401386"
        }
    ],
    "route_url": "https://www.kanachu.co.jp/dia/route/index/cid:0000800231/"
}
