{
    "date": "2021/02/22",
    "name": "日向薬師",
    "position": "-",
    "system": "伊24",
    "destinations": [
        "坊中(伊勢原市)",
        "高橋(伊勢原市)",
        "藤野入口",
        "諏訪坂下",
        "洗水",
        "高部屋小学校前",
        "温泉入口(伊勢原市)",
        "長竹(伊勢原市)",
        "専修大学入口(伊勢原市)",
        "川上(伊勢原市)",
        "三本松(伊勢原市)",
        "市米橋",
        "行政センター前(伊勢原市)",
        "電話局前(伊勢原市)",
        "伊勢原駅北口"
    ],
    "weekday": [
        "8:25",
        "12:20"
    ],
    "saturday": [],
    "holiday": [],
    "url": "https://www.kanachu.co.jp/dia/diagram/timetable01_js/course:0000803345-1/node:00128184/kt:0/lname:/"
}
