{
    "date": "2025/08/04",
    "name": "橋本二丁目",
    "position": "-",
    "system": "橋28",
    "destinations": [
        "緑区合同庁舎前(相模原市緑区)",
        "上町(相模原市緑区)",
        "大西(相模原市緑区)",
        "相原台",
        "相原中央",
        "二本松(相模原市緑区)",
        "森の上",
        "東原宿",
        "城山相原界",
        "本郷(相模原市緑区)",
        "砂(相模原市緑区)",
        "町屋本町",
        "広田小学校前",
        "かたくりの里",
        "若葉台七丁目",
        "新若葉台",
        "若葉台住宅"
    ],
    "weekday": [
        "15:49",
        "16:42",
        "17:46",
        "18:56",
        "19:51"
    ],
    "saturday": [
        "17:44",
        "18:19",
        "19:09"
    ],
    "holiday": [
        "17:44",
        "18:19",
        "19:09"
    ],
    "url": "https://www.kanachu.co.jp/dia/diagram/timetable01_js/course:0000803133-2/node:00128971/kt:0/lname:/"
}
