{
    "date": "2025/08/04",
    "name": "相原中央",
    "position": "-",
    "system": "橋28",
    "destinations": [
        "二本松(相模原市緑区)",
        "森の上",
        "東原宿",
        "城山相原界",
        "本郷(相模原市緑区)",
        "砂(相模原市緑区)",
        "町屋本町",
        "広田小学校前",
        "かたくりの里",
        "若葉台七丁目",
        "新若葉台",
        "若葉台住宅"
    ],
    "weekday": [
        "15:54",
        "16:47",
        "17:51",
        "19:01",
        "19:55"
    ],
    "saturday": [
        "17:49",
        "18:24",
        "19:13"
    ],
    "holiday": [
        "17:49",
        "18:24",
        "19:13"
    ],
    "url": "https://www.kanachu.co.jp/dia/diagram/timetable01_js/course:0000803133-7/node:00128965/kt:0/lname:/"
}
