{
    "date": "2025/08/04",
    "name": "東原宿",
    "position": "-",
    "system": "橋28",
    "destinations": [
        "城山相原界",
        "本郷(相模原市緑区)",
        "砂(相模原市緑区)",
        "町屋本町",
        "広田小学校前",
        "かたくりの里",
        "若葉台七丁目",
        "新若葉台",
        "若葉台住宅"
    ],
    "weekday": [
        "15:57",
        "16:50",
        "17:55",
        "19:05",
        "19:58"
    ],
    "saturday": [
        "17:53",
        "18:28",
        "19:16"
    ],
    "holiday": [
        "17:53",
        "18:28",
        "19:16"
    ],
    "url": "https://www.kanachu.co.jp/dia/diagram/timetable01_js/course:0000803133-10/node:00128962/kt:0/lname:/"
}
