{
    "date": "2025/08/04",
    "name": "本郷(相模原市緑区)",
    "position": "-",
    "system": "橋28",
    "destinations": [
        "砂(相模原市緑区)",
        "町屋本町",
        "広田小学校前",
        "かたくりの里",
        "若葉台七丁目",
        "新若葉台",
        "若葉台住宅"
    ],
    "weekday": [
        "15:59",
        "16:52",
        "17:57",
        "19:07",
        "20:00"
    ],
    "saturday": [
        "17:55",
        "18:30",
        "19:18"
    ],
    "holiday": [
        "17:55",
        "18:30",
        "19:18"
    ],
    "url": "https://www.kanachu.co.jp/dia/diagram/timetable01_js/course:0000803133-12/node:00129004/kt:0/lname:/"
}
