{
    "date": "2025/08/04",
    "name": "町屋本町",
    "position": "-",
    "system": "橋28",
    "destinations": [
        "広田小学校前",
        "かたくりの里",
        "若葉台七丁目",
        "新若葉台",
        "若葉台住宅"
    ],
    "weekday": [
        "16:01",
        "16:54",
        "17:59",
        "19:09",
        "20:02"
    ],
    "saturday": [
        "17:57",
        "18:32",
        "19:20"
    ],
    "holiday": [
        "17:57",
        "18:32",
        "19:20"
    ],
    "url": "https://www.kanachu.co.jp/dia/diagram/timetable01_js/course:0000803133-14/node:00129006/kt:0/lname:/"
}
