{
    "date": "2024/09/02",
    "name": "立場駅",
    "position": "-",
    "system": "戸64",
    "destinations": [
        "谷戸入口(横浜市泉区)",
        "和泉(横浜市泉区)",
        "泉区総合庁舎前",
        "和泉坂上",
        "池ノ上(横浜市泉区)",
        "上飯田団地",
        "小学校前(横浜市泉区)",
        "児童公園前(横浜市泉区)",
        "団地入口(横浜市泉区)",
        "飯田神社前",
        "台村",
        "いちょう団地"
    ],
    "weekday": [
        "7:18",
        "8:45",
        "9:25",
        "9:55",
        "10:25",
        "10:55",
        "11:25",
        "11:55",
        "13:25",
        "15:05",
        "15:35",
        "16:05",
        "17:05",
        "17:35",
        "19:05",
        "19:48"
    ],
    "saturday": [
        "7:18",
        "8:45",
        "9:25",
        "9:55",
        "10:25",
        "10:55",
        "11:25",
        "11:55",
        "13:05",
        "14:36",
        "16:05",
        "17:36",
        "18:05",
        "18:50",
        "19:36"
    ],
    "holiday": [
        "7:18",
        "8:45",
        "9:26",
        "9:55",
        "10:26",
        "10:55",
        "11:26",
        "11:55",
        "13:05",
        "14:36",
        "16:05",
        "17:36",
        "18:05",
        "18:50",
        "19:36"
    ],
    "url": "https://www.kanachu.co.jp/dia/diagram/timetable01_js/course:0000803606-10/node:00126908/kt:0/lname:/"
}
