{
    "date": "2025/11/16",
    "name": "湘南大磯病院",
    "position": "-",
    "system": "磯13",
    "destinations": [
        "石神台東公園前",
        "南公園前(中郡大磯町)",
        "西公園前(中郡大磯町)",
        "北公園前(中郡大磯町)",
        "湘南大磯住宅入口",
        "湘南大磯病院",
        "天の杜",
        "大磯プリンスホテル入口",
        "中丸(中郡大磯町)",
        "城山公園前(中郡大磯町)",
        "八坂神社(中郡大磯町)",
        "白岩大門",
        "統監道",
        "大磯小学校前",
        "大磯駅"
    ],
    "weekday": [
        "6:21",
        "7:26",
        "8:01"
    ],
    "saturday": [
        "7:06"
    ],
    "holiday": [
        "7:06"
    ],
    "url": "https://www.kanachu.co.jp/dia/diagram/timetable01_js/course:0000801790-10/node:00127506/kt:0/lname:/"
}
