{
    "date": "2025/10/06",
    "name": "久保沢",
    "position": "-",
    "system": "橋01",
    "destinations": [
        "谷ヶ原",
        "都井沢",
        "城山高校前",
        "津久井湖観光センター前",
        "北根小屋",
        "クラブ前(相模原市緑区)",
        "小網",
        "太井",
        "日赤病院西",
        "仲町自治会館前",
        "相模中野",
        "中野上町",
        "奈良井",
        "六本松(相模原市緑区)",
        "大沢(相模原市緑区)",
        "祥泉寺",
        "三ヶ木"
    ],
    "weekday": [
        "6:27",
        "6:52",
        "7:06",
        "7:19",
        "7:26",
        "7:33",
        "7:40",
        "7:47",
        "7:54",
        "8:01",
        "8:08",
        "8:16",
        "8:26",
        "8:36",
        "8:46",
        "9:04",
        "9:21",
        "9:39",
        "9:54",
        "10:09",
        "10:24",
        "10:39",
        "10:54",
        "11:09",
        "11:24",
        "11:39",
        "11:54",
        "12:09",
        "12:24",
        "12:39",
        "12:54",
        "13:07",
        "13:29",
        "13:44",
        "13:59",
        "14:14",
        "14:29",
        "14:44",
        "14:59",
        "15:14",
        "15:29",
        "15:44",
        "15:54",
        "16:04",
        "16:17",
        "16:29",
        "16:41",
        "16:53",
        "17:05",
        "17:20",
        "17:32",
        "17:44",
        "17:56",
        "18:08",
        "18:20",
        "18:32",
        "18:46",
        "18:56",
        "19:08",
        "19:20",
        "19:32",
        "19:42",
        "19:52",
        "20:04",
        "20:18",
        "20:38",
        "20:58",
        "21:18",
        "21:38",
        "21:58",
        "22:23",
        "22:53",
        "23:27"
    ],
    "saturday": [
        "6:34",
        "6:54",
        "7:14",
        "7:34",
        "7:56",
        "8:14",
        "8:29",
        "8:46",
        "9:01",
        "9:16",
        "9:33",
        "9:46",
        "10:01",
        "10:16",
        "10:36",
        "10:51",
        "11:06",
        "11:21",
        "11:36",
        "11:51",
        "12:06",
        "12:21",
        "12:36",
        "12:51",
        "13:06",
        "13:21",
        "13:33",
        "13:51",
        "14:06",
        "14:26",
        "14:41",
        "14:56",
        "15:11",
        "15:26",
        "15:41",
        "15:56",
        "16:06",
        "16:21",
        "16:36",
        "16:51",
        "17:08",
        "17:21",
        "17:36",
        "17:51",
        "18:08",
        "18:21",
        "18:38",
        "18:49",
        "19:04",
        "19:19",
        "19:34",
        "19:49",
        "20:04",
        "20:19",
        "20:39",
        "20:59",
        "21:19",
        "21:39",
        "21:59",
        "22:29",
        "22:59"
    ],
    "holiday": [
        "6:34",
        "7:04",
        "7:34",
        "7:52",
        "8:14",
        "8:29",
        "8:46",
        "9:01",
        "9:16",
        "9:33",
        "9:46",
        "10:01",
        "10:16",
        "10:36",
        "10:51",
        "11:06",
        "11:21",
        "11:36",
        "11:51",
        "12:06",
        "12:21",
        "12:36",
        "12:51",
        "13:06",
        "13:21",
        "13:33",
        "13:51",
        "14:06",
        "14:26",
        "14:41",
        "14:56",
        "15:11",
        "15:26",
        "15:41",
        "15:56",
        "16:06",
        "16:21",
        "16:36",
        "16:51",
        "17:04",
        "17:21",
        "17:36",
        "17:51",
        "18:04",
        "18:21",
        "18:34",
        "18:49",
        "19:04",
        "19:19",
        "19:34",
        "19:49",
        "20:04",
        "20:19",
        "20:42",
        "20:59",
        "21:19",
        "21:39",
        "21:59",
        "22:24",
        "22:44"
    ],
    "url": "https://www.kanachu.co.jp/dia/diagram/timetable01_js/course:0000803784-14/node:00128959/kt:0/lname:/"
}
