{
    "date": "2025/01/14",
    "name": "森の里五丁目",
    "position": "-",
    "system": "厚44",
    "destinations": [
        "森の里四丁目",
        "厚木西高校",
        "森の里センター",
        "通信研究所前(厚木市)",
        "日産先進技術開発センター前",
        "森の里青山",
        "高松山入口",
        "宮地(厚木市)",
        "やまゆり園前(厚木市)",
        "愛名入口",
        "上長谷(厚木市)",
        "観音坂",
        "清水(厚木市)",
        "南毛利小学校前",
        "高坪入口",
        "温水",
        "温水児童館前",
        "赤羽根中央",
        "赤羽根入口",
        "恩名下",
        "厚木市文化会館前",
        "中町四丁目(厚木市)",
        "本厚木駅",
        "厚木バスセンター"
    ],
    "weekday": [
        "5:45",
        "6:15",
        "6:50",
        "7:20",
        "8:00",
        "8:30",
        "9:00",
        "10:00",
        "11:00",
        "12:00",
        "13:00",
        "14:00",
        "15:00",
        "15:40",
        "16:20",
        "17:15",
        "17:40",
        "18:15",
        "18:50",
        "19:30",
        "21:03"
    ],
    "saturday": [
        "7:00",
        "8:00",
        "9:00",
        "10:00",
        "11:00",
        "12:10",
        "13:10",
        "14:10",
        "15:10",
        "16:10",
        "17:10",
        "18:10",
        "19:00"
    ],
    "holiday": [
        "7:00",
        "8:00",
        "9:00",
        "10:00",
        "11:00",
        "12:10",
        "13:10",
        "14:10",
        "15:10",
        "16:10",
        "17:10",
        "18:10",
        "19:00"
    ],
    "url": "https://www.kanachu.co.jp/dia/diagram/timetable01_js/course:0000801022-2/node:00128666/kt:0/lname:/"
}
