{
    "date": "2025/04/01",
    "name": "町田バスセンター",
    "position": "5番乗り場",
    "system": "町24",
    "destinations": [
        "町田バスセンター15番線",
        "町田市役所市民ホール前",
        "第四小学校前(町田市)",
        "森野三丁目",
        "市民病院前(町田市)",
        "浄水場前(町田市)",
        "滝の沢(町田市)",
        "木曽住宅",
        "三家(町田市)",
        "木曽入口",
        "山崎団地入口",
        "山崎団地センター",
        "給水塔前(山崎団地/町田市)",
        "北一号(町田市)",
        "北二号(町田市)",
        "山崎団地"
    ],
    "weekday": [
        "8:04",
        "8:24",
        "8:34",
        "8:54"
    ],
    "saturday": [],
    "holiday": [],
    "url": "https://www.kanachu.co.jp/dia/diagram/timetable01_js/course:0000802961-1/node:00025625/kt:0/lname:/"
}
