{
    "date": "2025/04/01",
    "name": "木曽住宅",
    "position": "-",
    "system": "町24",
    "destinations": [
        "三家(町田市)",
        "木曽入口",
        "山崎団地入口",
        "山崎団地センター",
        "給水塔前(山崎団地/町田市)",
        "北一号(町田市)",
        "北二号(町田市)",
        "山崎団地"
    ],
    "weekday": [
        "8:15",
        "8:35",
        "8:45",
        "9:05"
    ],
    "saturday": [],
    "holiday": [],
    "url": "https://www.kanachu.co.jp/dia/diagram/timetable01_js/course:0000802961-9/node:00129362/kt:0/lname:/"
}
