{
    "date": "2025/04/01",
    "name": "木曽入口",
    "position": "-",
    "system": "町24",
    "destinations": [
        "山崎団地入口",
        "山崎団地センター",
        "給水塔前(山崎団地/町田市)",
        "北一号(町田市)",
        "北二号(町田市)",
        "山崎団地"
    ],
    "weekday": [
        "8:18",
        "8:38",
        "8:48",
        "9:08"
    ],
    "saturday": [],
    "holiday": [],
    "url": "https://www.kanachu.co.jp/dia/diagram/timetable01_js/course:0000802961-11/node:00129386/kt:0/lname:/"
}
