{
    "date": "2025/01/14",
    "name": "七沢病院入口",
    "position": "-",
    "system": "厚34",
    "destinations": [
        "七沢温泉入口",
        "馬場リハビリ入口",
        "日向川",
        "玉川公民館前",
        "玉川農協前",
        "中屋橋",
        "小野橋(厚木市)",
        "小野宮前",
        "愛名入口",
        "上長谷(厚木市)",
        "観音坂",
        "清水(厚木市)",
        "南毛利小学校前",
        "高坪入口",
        "温水",
        "片岸(厚木市)",
        "日立アステモ前",
        "厚木高校前",
        "合同庁舎前(厚木市)",
        "市役所入口(厚木市)",
        "本厚木駅",
        "厚木バスセンター"
    ],
    "weekday": [
        "6:33",
        "7:03",
        "7:32",
        "21:41"
    ],
    "saturday": [
        "6:55",
        "7:54",
        "20:41"
    ],
    "holiday": [
        "7:55",
        "20:41"
    ],
    "url": "https://www.kanachu.co.jp/dia/diagram/timetable01_js/course:0000803369-3/node:00128458/kt:0/lname:/"
}
