{
    "date": "2024/09/02",
    "name": "第二工業団地中央",
    "position": "-",
    "system": "戸99",
    "destinations": [
        "ラムーナ横浜戸塚",
        "第二工業団地中央",
        "第二工業団地",
        "諏訪久保",
        "領家一丁目(横浜市泉区)",
        "領家三丁目(横浜市泉区)",
        "領家中学校前",
        "鳥が丘第一公園",
        "鳥が丘中央",
        "道祖神前(横浜市戸塚区)",
        "谷矢部中央",
        "来迎寺(横浜市戸塚区)",
        "柳作東",
        "蔵坪",
        "戸塚駅"
    ],
    "weekday": [],
    "saturday": [
        "6:28"
    ],
    "holiday": [
        "6:28"
    ],
    "url": "https://www.kanachu.co.jp/dia/diagram/timetable01_js/course:0000803605-5/node:00126914/kt:0/lname:/"
}
