{
    "date": "2024/01/15",
    "name": "道祖神前(横浜市戸塚区)",
    "position": "-",
    "system": "戸97",
    "destinations": [
        "鳥が丘中央",
        "鳥が丘第一公園",
        "領家中学校前",
        "領家三丁目(横浜市泉区)",
        "領家一丁目(横浜市泉区)",
        "諏訪久保",
        "第二工業団地",
        "第二工業団地中央",
        "ラムーナ横浜戸塚"
    ],
    "weekday": [
        "16:45",
        "17:12",
        "17:35",
        "17:57",
        "18:13",
        "18:33",
        "19:13",
        "20:05",
        "21:26"
    ],
    "saturday": [],
    "holiday": [],
    "url": "https://www.kanachu.co.jp/dia/diagram/timetable01_js/course:0000800054-6/node:00126902/kt:0/lname:/"
}
