{
    "date": "2025/03/15",
    "name": "茅ヶ崎駅",
    "position": "-",
    "system": "茅52",
    "destinations": [
        "市民文化会館前(茅ケ崎市)",
        "ジャスコ前(茅ケ崎市)",
        "保健所前(茅ケ崎市)",
        "肥地力",
        "登象",
        "鶴嶺小学校前",
        "辻東(茅ケ崎市)",
        "古川(茅ケ崎市)",
        "アルバック前",
        "走内",
        "西の谷(茅ケ崎市)",
        "上の前(茅ケ崎市)",
        "神の倉",
        "山伏塚",
        "尾崎戸",
        "一之宮小学校前",
        "西一之宮"
    ],
    "weekday": [
        "21:40",
        "22:35"
    ],
    "saturday": [
        "21:30"
    ],
    "holiday": [
        "20:20",
        "20:50"
    ],
    "url": "https://www.kanachu.co.jp/dia/diagram/timetable01_js/course:0000801268-1/node:00127126/kt:0/lname:/"
}
