{
    "date": "2025/03/15",
    "name": "西の谷(茅ケ崎市)",
    "position": "-",
    "system": "茅52",
    "destinations": [
        "上の前(茅ケ崎市)",
        "神の倉",
        "山伏塚",
        "尾崎戸",
        "一之宮小学校前",
        "西一之宮"
    ],
    "weekday": [
        "21:53",
        "22:48"
    ],
    "saturday": [
        "21:43"
    ],
    "holiday": [
        "20:33",
        "21:03"
    ],
    "url": "https://www.kanachu.co.jp/dia/diagram/timetable01_js/course:0000801268-12/node:00127205/kt:0/lname:/"
}
