{
    "date": "2025/02/24",
    "name": "消防署前(横浜市戸塚区)",
    "position": "-",
    "system": "戸55",
    "destinations": [
        "八坂神社前",
        "大坂下",
        "大坂台",
        "大坂上(横浜市戸塚区)",
        "新道大坂上",
        "西横浜国際総合病院前",
        "吹上(横浜市戸塚区)",
        "大運寺",
        "横浜医療センター前",
        "横浜医療センター",
        "三叉路(横浜市戸塚区)",
        "横浜薬大南門",
        "俣野公園・横浜薬大前"
    ],
    "weekday": [
        "9:35",
        "10:01",
        "10:35",
        "11:01",
        "11:35",
        "12:01",
        "12:35",
        "13:01",
        "13:35",
        "14:01",
        "14:35",
        "15:01",
        "15:35",
        "16:01"
    ],
    "saturday": [
        "8:31",
        "9:01",
        "9:31",
        "10:01",
        "10:31",
        "11:01",
        "11:31",
        "12:01",
        "12:31",
        "13:01",
        "13:31",
        "14:01",
        "14:31",
        "15:01",
        "15:31",
        "16:01",
        "16:31",
        "17:01"
    ],
    "holiday": [
        "8:31",
        "9:01",
        "9:31",
        "10:01",
        "10:31",
        "11:01",
        "11:31",
        "12:01",
        "12:31",
        "13:01",
        "13:31",
        "14:01",
        "14:31",
        "15:01",
        "15:31",
        "16:01",
        "16:31",
        "17:01"
    ],
    "url": "https://www.kanachu.co.jp/dia/diagram/timetable01_js/course:0000801523-2/node:00126809/kt:0/lname:/"
}
