{
    "date": "2025/02/24",
    "name": "西横浜国際総合病院前",
    "position": "-",
    "system": "戸55",
    "destinations": [
        "吹上(横浜市戸塚区)",
        "大運寺",
        "横浜医療センター前",
        "横浜医療センター",
        "三叉路(横浜市戸塚区)",
        "横浜薬大南門",
        "俣野公園・横浜薬大前"
    ],
    "weekday": [
        "9:43",
        "10:09",
        "10:43",
        "11:09",
        "11:43",
        "12:09",
        "12:43",
        "13:09",
        "13:43",
        "14:09",
        "14:43",
        "15:09",
        "15:43",
        "16:09"
    ],
    "saturday": [
        "8:39",
        "9:09",
        "9:39",
        "10:09",
        "10:39",
        "11:09",
        "11:39",
        "12:09",
        "12:39",
        "13:09",
        "13:39",
        "14:09",
        "14:39",
        "15:09",
        "15:39",
        "16:09",
        "16:39",
        "17:09"
    ],
    "holiday": [
        "8:39",
        "9:09",
        "9:39",
        "10:09",
        "10:39",
        "11:09",
        "11:39",
        "12:09",
        "12:39",
        "13:09",
        "13:39",
        "14:09",
        "14:39",
        "15:09",
        "15:39",
        "16:09",
        "16:39",
        "17:09"
    ],
    "url": "https://www.kanachu.co.jp/dia/diagram/timetable01_js/course:0000801523-8/node:00126815/kt:0/lname:/"
}
