{
    "date": "2025/04/19",
    "name": "宇宙科学研究本部",
    "position": "-",
    "system": "淵36",
    "destinations": [
        "共和(相模原市中央区)",
        "由野台二丁目",
        "大野台中央",
        "大野台三丁目",
        "淵野辺公園",
        "和泉短大前",
        "青葉児童館前",
        "弥栄小学校前",
        "弥栄一丁目",
        "国民生活センター",
        "市立博物館前(相模原市中央区)",
        "宇宙科学研究本部",
        "共和一丁目",
        "淵野辺駅入口",
        "淵野辺駅南口"
    ],
    "weekday": [
        "12:04",
        "12:44",
        "13:24",
        "14:04",
        "14:44",
        "15:24",
        "16:04",
        "16:44",
        "17:24",
        "18:04",
        "18:44",
        "19:24",
        "20:44",
        "21:24",
        "22:04"
    ],
    "saturday": [
        "12:34",
        "13:14",
        "13:54",
        "14:34",
        "15:14",
        "15:54",
        "16:34",
        "17:14",
        "17:54",
        "18:34",
        "19:54"
    ],
    "holiday": [
        "12:34",
        "13:14",
        "13:54",
        "14:34",
        "15:14",
        "15:54",
        "16:34",
        "17:14",
        "17:54",
        "18:34",
        "19:54"
    ],
    "url": "https://www.kanachu.co.jp/dia/diagram/timetable01_js/course:0000802376-4/node:00129075/kt:0/lname:/"
}
