{
    "date": "2025/04/19",
    "name": "和泉短大前",
    "position": "-",
    "system": "淵36",
    "destinations": [
        "青葉児童館前",
        "弥栄小学校前",
        "弥栄一丁目",
        "国民生活センター",
        "市立博物館前(相模原市中央区)",
        "宇宙科学研究本部",
        "共和一丁目",
        "淵野辺駅入口",
        "淵野辺駅南口"
    ],
    "weekday": [
        "12:12",
        "12:52",
        "13:32",
        "14:12",
        "14:52",
        "15:32",
        "16:12",
        "16:52",
        "17:32",
        "18:12",
        "18:52",
        "19:32",
        "20:50",
        "21:30",
        "22:10"
    ],
    "saturday": [
        "12:42",
        "13:22",
        "14:02",
        "14:42",
        "15:22",
        "16:02",
        "16:42",
        "17:22",
        "18:02",
        "18:42",
        "20:00"
    ],
    "holiday": [
        "12:42",
        "13:22",
        "14:02",
        "14:42",
        "15:22",
        "16:02",
        "16:42",
        "17:22",
        "18:02",
        "18:42",
        "20:00"
    ],
    "url": "https://www.kanachu.co.jp/dia/diagram/timetable01_js/course:0000802376-10/node:00129071/kt:0/lname:/"
}
