{
    "date": "2025/04/19",
    "name": "国民生活センター",
    "position": "-",
    "system": "淵36",
    "destinations": [
        "市立博物館前(相模原市中央区)",
        "宇宙科学研究本部",
        "共和一丁目",
        "淵野辺駅入口",
        "淵野辺駅南口"
    ],
    "weekday": [
        "12:17",
        "12:57",
        "13:37",
        "14:17",
        "14:57",
        "15:37",
        "16:17",
        "16:57",
        "17:37",
        "18:17",
        "18:57",
        "19:37",
        "20:55",
        "21:35",
        "22:15"
    ],
    "saturday": [
        "12:47",
        "13:27",
        "14:07",
        "14:47",
        "15:27",
        "16:07",
        "16:47",
        "17:27",
        "18:07",
        "18:47",
        "20:05"
    ],
    "holiday": [
        "12:47",
        "13:27",
        "14:07",
        "14:47",
        "15:27",
        "16:07",
        "16:47",
        "17:27",
        "18:07",
        "18:47",
        "20:05"
    ],
    "url": "https://www.kanachu.co.jp/dia/diagram/timetable01_js/course:0000802376-14/node:00129317/kt:0/lname:/"
}
