{
    "date": "2025/04/19",
    "name": "宇宙科学研究本部",
    "position": "-",
    "system": "淵36",
    "destinations": [
        "共和一丁目",
        "淵野辺駅入口",
        "淵野辺駅南口"
    ],
    "weekday": [
        "12:21",
        "13:01",
        "13:41",
        "14:21",
        "15:01",
        "15:41",
        "16:21",
        "17:01",
        "17:41",
        "18:21",
        "19:01",
        "19:41",
        "20:58",
        "21:38",
        "22:18"
    ],
    "saturday": [
        "12:51",
        "13:31",
        "14:11",
        "14:51",
        "15:31",
        "16:11",
        "16:51",
        "17:31",
        "18:11",
        "18:51",
        "20:07"
    ],
    "holiday": [
        "12:51",
        "13:31",
        "14:11",
        "14:51",
        "15:31",
        "16:11",
        "16:51",
        "17:31",
        "18:11",
        "18:51",
        "20:07"
    ],
    "url": "https://www.kanachu.co.jp/dia/diagram/timetable01_js/course:0000802376-16/node:00129075/kt:0/lname:/"
}
