{
    "date": "2025/04/19",
    "name": "淵野辺駅入口",
    "position": "-",
    "system": "淵36",
    "destinations": [
        "淵野辺駅南口"
    ],
    "weekday": [
        "12:23",
        "13:03",
        "13:43",
        "14:23",
        "15:03",
        "15:43",
        "16:23",
        "17:03",
        "17:43",
        "18:23",
        "19:03",
        "19:43",
        "21:00",
        "21:40",
        "22:20"
    ],
    "saturday": [
        "12:53",
        "13:33",
        "14:13",
        "14:53",
        "15:33",
        "16:13",
        "16:53",
        "17:33",
        "18:13",
        "18:53",
        "20:10"
    ],
    "holiday": [
        "12:53",
        "13:33",
        "14:13",
        "14:53",
        "15:33",
        "16:13",
        "16:53",
        "17:33",
        "18:13",
        "18:53",
        "20:10"
    ],
    "url": "https://www.kanachu.co.jp/dia/diagram/timetable01_js/course:0000802376-18/node:00129125/kt:0/lname:/"
}
