{
    "system": "淵36",
    "busstops": [
        {
            "index": "1",
            "id": "00129245",
            "name": "淵野辺駅南口",
            "lat": "35.568436",
            "lng": "139.394812"
        },
        {
            "index": "2",
            "id": "00129125",
            "name": "淵野辺駅入口",
            "lat": "35.565689",
            "lng": "139.396322"
        },
        {
            "index": "3",
            "id": "00129124",
            "name": "共和一丁目",
            "lat": "35.564288",
            "lng": "139.397411"
        },
        {
            "index": "4",
            "id": "00129075",
            "name": "宇宙科学研究本部",
            "lat": "35.561648",
            "lng": "139.398436"
        },
        {
            "index": "5",
            "id": "00129123",
            "name": "共和(相模原市中央区)",
            "lat": "35.559043",
            "lng": "139.40284"
        },
        {
            "index": "6",
            "id": "00129291",
            "name": "由野台二丁目",
            "lat": "35.556878",
            "lng": "139.399954"
        },
        {
            "index": "7",
            "id": "00129094",
            "name": "大野台中央",
            "lat": "35.555643",
            "lng": "139.398092"
        },
        {
            "index": "8",
            "id": "00129095",
            "name": "大野台三丁目",
            "lat": "35.554853",
            "lng": "139.395598"
        },
        {
            "index": "9",
            "id": "00129247",
            "name": "淵野辺公園",
            "lat": "35.5531",
            "lng": "139.391683"
        },
        {
            "index": "10",
            "id": "00129071",
            "name": "和泉短大前",
            "lat": "35.552078",
            "lng": "139.389111"
        },
        {
            "index": "11",
            "id": "00129063",
            "name": "青葉児童館前",
            "lat": "35.553911",
            "lng": "139.387563"
        },
        {
            "index": "12",
            "id": "00129305",
            "name": "弥栄小学校前",
            "lat": "35.558061",
            "lng": "139.386617"
        },
        {
            "index": "13",
            "id": "00129304",
            "name": "弥栄一丁目",
            "lat": "35.559292",
            "lng": "139.388698"
        },
        {
            "index": "14",
            "id": "00129317",
            "name": "国民生活センター",
            "lat": "35.559733",
            "lng": "139.39049"
        },
        {
            "index": "15",
            "id": "00129303",
            "name": "市立博物館前(相模原市中央区)",
            "lat": "35.558975",
            "lng": "139.393625"
        },
        {
            "index": "16",
            "id": "00129075",
            "name": "宇宙科学研究本部",
            "lat": "35.562089",
            "lng": "139.398033"
        },
        {
            "index": "17",
            "id": "00129124",
            "name": "共和一丁目",
            "lat": "35.564275",
            "lng": "139.39725"
        },
        {
            "index": "18",
            "id": "00129125",
            "name": "淵野辺駅入口",
            "lat": "35.56683",
            "lng": "139.395197"
        },
        {
            "index": "19",
            "id": "00129245",
            "name": "淵野辺駅南口",
            "lat": "35.568464",
            "lng": "139.394505"
        }
    ],
    "route_url": "https://www.kanachu.co.jp/dia/route/index/cid:0000802376/"
}
