{
    "system": "間20",
    "busstops": [
        {
            "index": "1",
            "id": "00129525",
            "name": "鶴間車庫",
            "lat": "35.492055",
            "lng": "139.458211"
        },
        {
            "index": "2",
            "id": "00130537",
            "name": "長堀公園前",
            "lat": "35.492468",
            "lng": "139.459839"
        },
        {
            "index": "3",
            "id": "00129645",
            "name": "長堀(大和市)",
            "lat": "35.492306",
            "lng": "139.46306"
        },
        {
            "index": "4",
            "id": "00129646",
            "name": "一の関",
            "lat": "35.490232",
            "lng": "139.463604"
        },
        {
            "index": "5",
            "id": "00129647",
            "name": "大和小学校前",
            "lat": "35.486475",
            "lng": "139.46406"
        },
        {
            "index": "6",
            "id": "00129648",
            "name": "島津入口",
            "lat": "35.4817",
            "lng": "139.464552"
        },
        {
            "index": "7",
            "id": "00129649",
            "name": "深見(大和市)",
            "lat": "35.479167",
            "lng": "139.464789"
        },
        {
            "index": "8",
            "id": "00129650",
            "name": "遊園地前(大和市)",
            "lat": "35.472594",
            "lng": "139.465757"
        },
        {
            "index": "9",
            "id": "00129651",
            "name": "四ツ角(大和市)",
            "lat": "35.471233",
            "lng": "139.465173"
        },
        {
            "index": "10",
            "id": "00129616",
            "name": "大和駅西口",
            "lat": "35.470241",
            "lng": "139.460967"
        }
    ],
    "route_url": "https://www.kanachu.co.jp/dia/route/index/cid:0000803908/"
}
