{
    "date": "2025/04/01",
    "name": "下田(中郡大磯町)",
    "position": "-",
    "system": "二01",
    "destinations": [
        "素心学院前",
        "国府中学西口",
        "湘南大磯住宅入口",
        "湘南大磯病院",
        "月京",
        "馬場公園",
        "馬場(中郡大磯町)",
        "城の下",
        "大磯運動公園前",
        "大町(中郡大磯町)",
        "白岩神社西",
        "白岩神社東",
        "統監道",
        "大磯小学校前",
        "大磯駅",
        "図書館前(中郡大磯町)",
        "大磯局前",
        "山王町(中郡大磯町)",
        "長者町(中郡大磯町)",
        "化粧坂",
        "花水",
        "桜ヶ丘公園(平塚市)",
        "桜ヶ丘",
        "上平塚",
        "市民病院前(平塚市)"
    ],
    "weekday": [
        "8:01"
    ],
    "saturday": [],
    "holiday": [],
    "url": "https://www.kanachu.co.jp/dia/diagram/timetable01_js/course:0000803719-21/node:00127516/kt:0/lname:/"
}
