{
    "date": "2024/04/01",
    "name": "中郷(綾瀬市)",
    "position": "-",
    "system": "長22",
    "destinations": [
        "綾瀬小学校前",
        "綾瀬農協前",
        "大邸",
        "大法寺(綾瀬市)",
        "上落合(綾瀬市)",
        "落合(綾瀬市)",
        "中川橋",
        "上土棚",
        "並塚",
        "上谷台",
        "長後駅西口"
    ],
    "weekday": [
        "7:20",
        "7:58",
        "8:36",
        "9:26",
        "9:46"
    ],
    "saturday": [],
    "holiday": [],
    "url": "https://www.kanachu.co.jp/dia/diagram/timetable01_js/course:0000801168-3/node:00129859/kt:0/lname:/"
}
