{
    "date": "2025/07/27",
    "name": "扇沢(秦野市)",
    "position": "-",
    "system": "秦17",
    "destinations": [
        "西田原八幡神社前",
        "上宿会館前",
        "上宿下",
        "小原入口",
        "くず葉台団地入口",
        "くず葉大橋北",
        "榎木堂",
        "消防庁舎前",
        "富士見橋・警察署入口",
        "富士見町入口",
        "本町中学校前",
        "桜橋(秦野市)",
        "市役所前(秦野市)",
        "大川橋・本町小学校前",
        "まほろば大橋",
        "秦野駅"
    ],
    "weekday": [
        "6:01",
        "6:24",
        "6:41",
        "6:56",
        "7:06",
        "7:21",
        "7:51",
        "8:11",
        "8:41",
        "9:01",
        "9:31",
        "10:21",
        "11:01",
        "11:51",
        "12:41",
        "13:31",
        "14:21",
        "15:11",
        "16:01",
        "17:26",
        "18:17",
        "18:36",
        "19:01",
        "19:21",
        "19:41",
        "20:01",
        "20:49"
    ],
    "saturday": [
        "6:01",
        "6:41",
        "7:21",
        "7:41",
        "8:01",
        "8:21",
        "8:41",
        "9:01",
        "9:31",
        "10:11",
        "10:51",
        "11:41",
        "12:21",
        "13:11",
        "14:01",
        "14:51",
        "15:41",
        "16:56",
        "17:46",
        "18:36",
        "19:16",
        "19:56"
    ],
    "holiday": [
        "6:01",
        "6:41",
        "7:21",
        "7:41",
        "8:01",
        "8:21",
        "8:41",
        "9:01",
        "9:31",
        "10:11",
        "10:51",
        "11:41",
        "12:21",
        "13:11",
        "14:01",
        "14:51",
        "15:41",
        "16:56",
        "17:46",
        "18:36",
        "19:16",
        "19:56"
    ],
    "url": "https://www.kanachu.co.jp/dia/diagram/timetable01_js/course:0000803808-2/node:00128046/kt:0/lname:/"
}
