{
    "date": "2025/07/27",
    "name": "本町中学校前",
    "position": "-",
    "system": "秦17",
    "destinations": [
        "桜橋(秦野市)",
        "市役所前(秦野市)",
        "大川橋・本町小学校前",
        "まほろば大橋",
        "秦野駅"
    ],
    "weekday": [
        "6:09",
        "6:32",
        "6:49",
        "7:04",
        "7:17",
        "7:32",
        "8:02",
        "8:19",
        "8:49",
        "9:09",
        "9:39",
        "10:29",
        "11:09",
        "11:59",
        "12:49",
        "13:39",
        "14:29",
        "15:19",
        "16:09",
        "17:34",
        "18:25",
        "18:44",
        "19:09",
        "19:29",
        "19:49",
        "20:09",
        "20:57"
    ],
    "saturday": [
        "6:09",
        "6:49",
        "7:29",
        "7:49",
        "8:09",
        "8:29",
        "8:49",
        "9:09",
        "9:39",
        "10:19",
        "10:59",
        "11:49",
        "12:29",
        "13:19",
        "14:09",
        "14:59",
        "15:49",
        "17:04",
        "17:54",
        "18:44",
        "19:24",
        "20:04"
    ],
    "holiday": [
        "6:09",
        "6:49",
        "7:29",
        "7:49",
        "8:09",
        "8:29",
        "8:49",
        "9:09",
        "9:39",
        "10:19",
        "10:59",
        "11:49",
        "12:29",
        "13:19",
        "14:09",
        "14:59",
        "15:49",
        "17:04",
        "17:54",
        "18:44",
        "19:24",
        "20:04"
    ],
    "url": "https://www.kanachu.co.jp/dia/diagram/timetable01_js/course:0000803808-13/node:00127913/kt:0/lname:/"
}
