{
    "date": "2025/08/04",
    "name": "旭農協前",
    "position": "-",
    "system": "橋08",
    "destinations": [
        "旭小学校前(相模原市緑区)",
        "香福寺前",
        "上町(相模原市緑区)",
        "大西(相模原市緑区)",
        "相原台",
        "相原中央",
        "二本松(相模原市緑区)",
        "森の上",
        "東原宿",
        "原宿(相模原市緑区)",
        "城山総合事務所入口",
        "久保沢",
        "谷ヶ原",
        "都井沢",
        "若葉台中央(相模原市緑区)",
        "若葉台住宅"
    ],
    "weekday": [
        "20:15",
        "20:55",
        "21:15",
        "21:55",
        "22:25"
    ],
    "saturday": [
        "20:15",
        "20:55",
        "21:15",
        "22:00",
        "22:30"
    ],
    "holiday": [
        "20:15",
        "20:55",
        "21:15",
        "22:00"
    ],
    "url": "https://www.kanachu.co.jp/dia/diagram/timetable01_js/course:0000801261-2/node:00020098/kt:0/lname:/"
}
