{
    "date": "2025/08/04",
    "name": "相原台",
    "position": "-",
    "system": "橋08",
    "destinations": [
        "相原中央",
        "二本松(相模原市緑区)",
        "森の上",
        "東原宿",
        "原宿(相模原市緑区)",
        "城山総合事務所入口",
        "久保沢",
        "谷ヶ原",
        "都井沢",
        "若葉台中央(相模原市緑区)",
        "若葉台住宅"
    ],
    "weekday": [
        "20:21",
        "21:01",
        "21:21",
        "22:01",
        "22:31"
    ],
    "saturday": [
        "20:21",
        "21:01",
        "21:21",
        "22:06",
        "22:36"
    ],
    "holiday": [
        "20:21",
        "21:01",
        "21:21",
        "22:06"
    ],
    "url": "https://www.kanachu.co.jp/dia/diagram/timetable01_js/course:0000801261-7/node:00128966/kt:0/lname:/"
}
