{
    "date": "2025/07/27",
    "name": "大倉(秦野市)",
    "position": "-",
    "system": "渋02",
    "destinations": [
        "鍛冶ヶ谷戸",
        "蔵林寺",
        "八幡宮前(秦野市)",
        "久保庭",
        "北(秦野市)",
        "大倉入口",
        "関(秦野市)",
        "堀川",
        "堀西駐在所前",
        "中道(秦野市)",
        "西小学校前(秦野市)",
        "西中学校前(秦野市)",
        "柳町(秦野市)",
        "渋沢駅北口"
    ],
    "weekday": [
        "6:20",
        "7:07",
        "7:37",
        "8:09",
        "8:47",
        "9:50",
        "10:50",
        "11:50",
        "12:50",
        "13:50",
        "14:20",
        "14:50",
        "15:20",
        "15:52",
        "16:22",
        "16:52",
        "17:52",
        "18:52",
        "19:48"
    ],
    "saturday": [
        "7:08",
        "7:38",
        "8:10",
        "8:26",
        "8:40",
        "9:06",
        "9:14",
        "9:38",
        "10:10",
        "10:38",
        "11:15",
        "11:38",
        "12:15",
        "12:40",
        "13:11",
        "13:38",
        "14:08",
        "14:38",
        "15:10",
        "15:38",
        "15:55",
        "16:10",
        "16:18",
        "16:38",
        "16:55",
        "17:08",
        "17:35",
        "17:48",
        "18:08",
        "18:38",
        "19:08",
        "19:38"
    ],
    "holiday": [
        "7:08",
        "7:38",
        "8:10",
        "8:26",
        "8:40",
        "9:06",
        "9:14",
        "9:38",
        "10:10",
        "10:38",
        "11:15",
        "11:38",
        "12:15",
        "12:40",
        "13:11",
        "13:38",
        "14:08",
        "14:38",
        "15:10",
        "15:38",
        "15:55",
        "16:10",
        "16:18",
        "16:38",
        "16:55",
        "17:08",
        "17:35",
        "17:48",
        "18:08",
        "18:38",
        "19:08",
        "19:38"
    ],
    "url": "https://www.kanachu.co.jp/dia/diagram/timetable01_js/course:0000803356-1/node:00127910/kt:0/lname:/"
}
