{
    "date": "2025/07/27",
    "name": "蔵林寺",
    "position": "-",
    "system": "渋02",
    "destinations": [
        "八幡宮前(秦野市)",
        "久保庭",
        "北(秦野市)",
        "大倉入口",
        "関(秦野市)",
        "堀川",
        "堀西駐在所前",
        "中道(秦野市)",
        "西小学校前(秦野市)",
        "西中学校前(秦野市)",
        "柳町(秦野市)",
        "渋沢駅北口"
    ],
    "weekday": [
        "6:21",
        "7:08",
        "7:38",
        "8:10",
        "8:48",
        "9:51",
        "10:51",
        "11:51",
        "12:51",
        "13:51",
        "14:21",
        "14:51",
        "15:21",
        "15:53",
        "16:23",
        "16:53",
        "17:53",
        "18:53",
        "19:49"
    ],
    "saturday": [
        "7:09",
        "7:39",
        "8:11",
        "8:27",
        "8:41",
        "9:07",
        "9:15",
        "9:39",
        "10:11",
        "10:39",
        "11:16",
        "11:39",
        "12:16",
        "12:41",
        "13:12",
        "13:39",
        "14:09",
        "14:39",
        "15:11",
        "15:39",
        "15:56",
        "16:11",
        "16:19",
        "16:39",
        "16:56",
        "17:09",
        "17:36",
        "17:49",
        "18:09",
        "18:39",
        "19:09",
        "19:39"
    ],
    "holiday": [
        "7:09",
        "7:39",
        "8:11",
        "8:27",
        "8:41",
        "9:07",
        "9:15",
        "9:39",
        "10:11",
        "10:39",
        "11:16",
        "11:39",
        "12:16",
        "12:41",
        "13:12",
        "13:39",
        "14:09",
        "14:39",
        "15:11",
        "15:39",
        "15:56",
        "16:11",
        "16:19",
        "16:39",
        "16:56",
        "17:09",
        "17:36",
        "17:49",
        "18:09",
        "18:39",
        "19:09",
        "19:39"
    ],
    "url": "https://www.kanachu.co.jp/dia/diagram/timetable01_js/course:0000803356-3/node:00127908/kt:0/lname:/"
}
