{
    "date": "2025/07/27",
    "name": "大倉入口",
    "position": "-",
    "system": "渋02",
    "destinations": [
        "関(秦野市)",
        "堀川",
        "堀西駐在所前",
        "中道(秦野市)",
        "西小学校前(秦野市)",
        "西中学校前(秦野市)",
        "柳町(秦野市)",
        "渋沢駅北口"
    ],
    "weekday": [
        "6:24",
        "7:11",
        "7:41",
        "8:13",
        "8:51",
        "9:54",
        "10:54",
        "11:54",
        "12:54",
        "13:54",
        "14:24",
        "14:54",
        "15:24",
        "15:56",
        "16:26",
        "16:56",
        "17:56",
        "18:56",
        "19:52"
    ],
    "saturday": [
        "7:12",
        "7:42",
        "8:14",
        "8:30",
        "8:44",
        "9:10",
        "9:18",
        "9:42",
        "10:14",
        "10:42",
        "11:19",
        "11:42",
        "12:19",
        "12:44",
        "13:15",
        "13:42",
        "14:12",
        "14:42",
        "15:14",
        "15:42",
        "15:59",
        "16:14",
        "16:22",
        "16:42",
        "16:59",
        "17:12",
        "17:39",
        "17:52",
        "18:12",
        "18:42",
        "19:12",
        "19:42"
    ],
    "holiday": [
        "7:12",
        "7:42",
        "8:14",
        "8:30",
        "8:44",
        "9:10",
        "9:18",
        "9:42",
        "10:14",
        "10:42",
        "11:19",
        "11:42",
        "12:19",
        "12:44",
        "13:15",
        "13:42",
        "14:12",
        "14:42",
        "15:14",
        "15:42",
        "15:59",
        "16:14",
        "16:22",
        "16:42",
        "16:59",
        "17:12",
        "17:39",
        "17:52",
        "18:12",
        "18:42",
        "19:12",
        "19:42"
    ],
    "url": "https://www.kanachu.co.jp/dia/diagram/timetable01_js/course:0000803356-7/node:00127892/kt:0/lname:/"
}
