{
    "date": "2025/07/27",
    "name": "二宮高校入口",
    "position": "-",
    "system": "二43",
    "destinations": [
        "中里(中郡二宮町)",
        "中島(中郡二宮町)",
        "堂面(中郡二宮町)",
        "元町(中郡二宮町)",
        "二宮駅北口"
    ],
    "weekday": [
        "6:22",
        "7:09"
    ],
    "saturday": [
        "9:05"
    ],
    "holiday": [
        "9:05"
    ],
    "url": "https://www.kanachu.co.jp/dia/diagram/timetable01_js/course:0000802633-8/node:00127787/kt:0/lname:/"
}
