{
    "system": "二43",
    "busstops": [
        {
            "index": "1",
            "id": "00130144",
            "name": "中央公園前(中郡二宮町)",
            "lat": "35.315232",
            "lng": "139.248468"
        },
        {
            "index": "2",
            "id": "00130145",
            "name": "緑が丘南(中郡二宮町)",
            "lat": "35.315603",
            "lng": "139.250539"
        },
        {
            "index": "3",
            "id": "00130146",
            "name": "温水プール前(中郡二宮町)",
            "lat": "35.316856",
            "lng": "139.253146"
        },
        {
            "index": "4",
            "id": "00130147",
            "name": "緑が丘三丁目(中郡二宮町)",
            "lat": "35.317782",
            "lng": "139.251759"
        },
        {
            "index": "5",
            "id": "00130148",
            "name": "緑が丘二丁目(中郡二宮町)",
            "lat": "35.316648",
            "lng": "139.248988"
        },
        {
            "index": "6",
            "id": "00130143",
            "name": "緑が丘西(中郡二宮町)",
            "lat": "35.31559",
            "lng": "139.246902"
        },
        {
            "index": "7",
            "id": "00130142",
            "name": "緑が丘・二宮高校前",
            "lat": "35.313782",
            "lng": "139.245407"
        },
        {
            "index": "8",
            "id": "00127787",
            "name": "二宮高校入口",
            "lat": "35.311871",
            "lng": "139.245298"
        },
        {
            "index": "9",
            "id": "00127788",
            "name": "中里(中郡二宮町)",
            "lat": "35.308627",
            "lng": "139.250211"
        },
        {
            "index": "10",
            "id": "00127789",
            "name": "中島(中郡二宮町)",
            "lat": "35.307516",
            "lng": "139.25288"
        },
        {
            "index": "11",
            "id": "00127790",
            "name": "堂面(中郡二宮町)",
            "lat": "35.305482",
            "lng": "139.255251"
        },
        {
            "index": "12",
            "id": "00127791",
            "name": "元町(中郡二宮町)",
            "lat": "35.301529",
            "lng": "139.257673"
        },
        {
            "index": "13",
            "id": "00127683",
            "name": "二宮駅北口",
            "lat": "35.29915",
            "lng": "139.257459"
        }
    ],
    "route_url": "https://www.kanachu.co.jp/dia/route/index/cid:0000802633/"
}
