{
    "date": "2022/09/08",
    "name": "榎田",
    "position": "-",
    "system": "愛19",
    "destinations": [
        "小野橋(厚木市)",
        "小野宮前",
        "広町橋",
        "籠堰橋",
        "聖木",
        "愛甲郵便局前",
        "上愛甲",
        "愛甲橋",
        "堂山",
        "宮前(厚木市)",
        "愛甲石田駅"
    ],
    "weekday": [
        "17:58",
        "18:23",
        "18:33",
        "19:06",
        "19:55",
        "20:24",
        "20:36"
    ],
    "saturday": [],
    "holiday": [],
    "url": "https://www.kanachu.co.jp/dia/diagram/timetable01_js/course:0000800093-5/node:00128517/kt:0/lname:/"
}
