{
    "date": "2024/09/02",
    "name": "和泉(横浜市泉区)",
    "position": "-",
    "system": "戸61",
    "destinations": [
        "泉区総合庁舎前",
        "和泉坂上",
        "池ノ上(横浜市泉区)",
        "上飯田団地",
        "小学校前(横浜市泉区)",
        "児童公園前(横浜市泉区)",
        "団地入口(横浜市泉区)",
        "飯田神社前",
        "台村",
        "いちょう団地",
        "保育所前(大和市)",
        "渋谷中学校",
        "集会所前(横浜市泉区)",
        "中屋敷(横浜市泉区)",
        "五軒庭",
        "上飯田(横浜市泉区)",
        "上飯田車庫"
    ],
    "weekday": [
        "8:08",
        "12:28",
        "12:58",
        "13:58",
        "14:33",
        "16:38",
        "18:08",
        "18:38",
        "20:36",
        "21:21",
        "22:29"
    ],
    "saturday": [
        "8:08",
        "12:33",
        "13:38",
        "14:08",
        "15:08",
        "15:39",
        "16:39",
        "17:08",
        "20:23",
        "21:23"
    ],
    "holiday": [
        "8:08",
        "12:33",
        "13:39",
        "14:08",
        "15:08",
        "15:39",
        "16:39",
        "17:08",
        "20:23",
        "21:23"
    ],
    "url": "https://www.kanachu.co.jp/dia/diagram/timetable01_js/course:0000803565-12/node:00126785/kt:0/lname:/"
}
