{
    "system": "戸61",
    "busstops": [
        {
            "index": "1",
            "id": "00126775",
            "name": "戸塚バスセンター",
            "lat": "35.400511",
            "lng": "139.532069"
        },
        {
            "index": "2",
            "id": "00126776",
            "name": "矢沢(横浜市戸塚区)",
            "lat": "35.400826",
            "lng": "139.528126"
        },
        {
            "index": "3",
            "id": "00126862",
            "name": "アザリエ団地入口",
            "lat": "35.40122",
            "lng": "139.526243"
        },
        {
            "index": "4",
            "id": "00126777",
            "name": "日産前(横浜市戸塚区)",
            "lat": "35.403281",
            "lng": "139.522831"
        },
        {
            "index": "5",
            "id": "00126778",
            "name": "踊場",
            "lat": "35.405519",
            "lng": "139.518612"
        },
        {
            "index": "6",
            "id": "00126779",
            "name": "東原(横浜市泉区)",
            "lat": "35.407826",
            "lng": "139.515103"
        },
        {
            "index": "7",
            "id": "00126780",
            "name": "中田(横浜市泉区)",
            "lat": "35.411029",
            "lng": "139.511232"
        },
        {
            "index": "8",
            "id": "00126781",
            "name": "中田小学校入口",
            "lat": "35.411996",
            "lng": "139.507265"
        },
        {
            "index": "9",
            "id": "00126782",
            "name": "中西(横浜市泉区)",
            "lat": "35.41322",
            "lng": "139.504103"
        },
        {
            "index": "10",
            "id": "00126908",
            "name": "立場駅",
            "lat": "35.414548",
            "lng": "139.500499"
        },
        {
            "index": "11",
            "id": "00126784",
            "name": "谷戸入口(横浜市泉区)",
            "lat": "35.415202",
            "lng": "139.495129"
        },
        {
            "index": "12",
            "id": "00126785",
            "name": "和泉(横浜市泉区)",
            "lat": "35.415965",
            "lng": "139.491707"
        },
        {
            "index": "13",
            "id": "00126786",
            "name": "泉区総合庁舎前",
            "lat": "35.416701",
            "lng": "139.488802"
        },
        {
            "index": "14",
            "id": "00126787",
            "name": "和泉坂上",
            "lat": "35.417519",
            "lng": "139.485173"
        },
        {
            "index": "15",
            "id": "00126906",
            "name": "池ノ上(横浜市泉区)",
            "lat": "35.422557",
            "lng": "139.484679"
        },
        {
            "index": "16",
            "id": "00126807",
            "name": "上飯田団地",
            "lat": "35.426548",
            "lng": "139.482461"
        },
        {
            "index": "17",
            "id": "00126806",
            "name": "小学校前(横浜市泉区)",
            "lat": "35.423748",
            "lng": "139.480798"
        },
        {
            "index": "18",
            "id": "00126805",
            "name": "児童公園前(横浜市泉区)",
            "lat": "35.421038",
            "lng": "139.479181"
        },
        {
            "index": "19",
            "id": "00126794",
            "name": "団地入口(横浜市泉区)",
            "lat": "35.420861",
            "lng": "139.478183"
        },
        {
            "index": "20",
            "id": "00126795",
            "name": "飯田神社前",
            "lat": "35.425322",
            "lng": "139.475544"
        },
        {
            "index": "21",
            "id": "00126796",
            "name": "台村",
            "lat": "35.42806",
            "lng": "139.476034"
        },
        {
            "index": "22",
            "id": "00126808",
            "name": "いちょう団地",
            "lat": "35.42711",
            "lng": "139.474642"
        },
        {
            "index": "23",
            "id": "00126893",
            "name": "保育所前(大和市)",
            "lat": "35.42743",
            "lng": "139.472641"
        },
        {
            "index": "24",
            "id": "00126894",
            "name": "渋谷中学校",
            "lat": "35.429743",
            "lng": "139.471667"
        },
        {
            "index": "25",
            "id": "00126895",
            "name": "集会所前(横浜市泉区)",
            "lat": "35.432336",
            "lng": "139.474138"
        },
        {
            "index": "26",
            "id": "00126797",
            "name": "中屋敷(横浜市泉区)",
            "lat": "35.433559",
            "lng": "139.477184"
        },
        {
            "index": "27",
            "id": "00126798",
            "name": "五軒庭",
            "lat": "35.437353",
            "lng": "139.47785"
        },
        {
            "index": "28",
            "id": "00126799",
            "name": "上飯田(横浜市泉区)",
            "lat": "35.439618",
            "lng": "139.479074"
        },
        {
            "index": "29",
            "id": "00126905",
            "name": "上飯田車庫",
            "lat": "35.442658",
            "lng": "139.478233"
        }
    ],
    "route_url": "https://www.kanachu.co.jp/dia/route/index/cid:0000803565/"
}
