{
    "date": "2025/04/01",
    "name": "馬本",
    "position": "-",
    "system": "野11",
    "destinations": [
        "賽の神",
        "中尾(相模原市緑区)",
        "やまなみ温泉入口",
        "やまなみ温泉"
    ],
    "weekday": [
        "10:41",
        "12:24",
        "18:47",
        "18:59",
        "19:49"
    ],
    "saturday": [
        "10:46",
        "12:26",
        "14:37",
        "16:05",
        "18:47",
        "18:59",
        "19:49"
    ],
    "holiday": [
        "10:46",
        "12:26",
        "14:37",
        "16:05",
        "18:47",
        "18:59",
        "19:49"
    ],
    "url": "https://www.kanachu.co.jp/dia/diagram/timetable01_js/course:0000803787-10/node:00128796/kt:0/lname:/"
}
