{
    "date": "2025/04/01",
    "name": "やまなみ温泉入口",
    "position": "-",
    "system": "野11",
    "destinations": [
        "やまなみ温泉"
    ],
    "weekday": [
        "10:44",
        "12:27",
        "18:50",
        "19:02",
        "19:52"
    ],
    "saturday": [
        "10:49",
        "12:29",
        "14:40",
        "16:08",
        "18:50",
        "19:02",
        "19:52"
    ],
    "holiday": [
        "10:49",
        "12:29",
        "14:40",
        "16:08",
        "18:50",
        "19:02",
        "19:52"
    ],
    "url": "https://www.kanachu.co.jp/dia/diagram/timetable01_js/course:0000803787-13/node:00128800/kt:0/lname:/"
}
