{
    "date": "2025/11/16",
    "name": "神奈川リハビリ",
    "position": "-",
    "system": "伊37",
    "destinations": [
        "馬場リハビリ入口",
        "日向川",
        "はつみ坂",
        "薬師入口",
        "日向新田",
        "分れ道",
        "総合運動公園入口",
        "専修大学入口(伊勢原市)",
        "川上(伊勢原市)",
        "りんどう寮前",
        "共済会館入口",
        "片町(伊勢原市)",
        "片町十字路",
        "大神宮前",
        "本町(伊勢原市)",
        "伊勢原駅北口"
    ],
    "weekday": [
        "6:25",
        "7:03"
    ],
    "saturday": [
        "6:40"
    ],
    "holiday": [
        "6:40"
    ],
    "url": "https://www.kanachu.co.jp/dia/diagram/timetable01_js/course:0000803541-1/node:00128456/kt:0/lname:/"
}
