{
    "date": "2025/11/16",
    "name": "分れ道",
    "position": "-",
    "system": "伊37",
    "destinations": [
        "総合運動公園入口",
        "専修大学入口(伊勢原市)",
        "川上(伊勢原市)",
        "りんどう寮前",
        "共済会館入口",
        "片町(伊勢原市)",
        "片町十字路",
        "大神宮前",
        "本町(伊勢原市)",
        "伊勢原駅北口"
    ],
    "weekday": [
        "6:30",
        "7:08"
    ],
    "saturday": [
        "6:45"
    ],
    "holiday": [
        "6:45"
    ],
    "url": "https://www.kanachu.co.jp/dia/diagram/timetable01_js/course:0000803541-7/node:00128188/kt:0/lname:/"
}
