{
    "date": "2025/04/01",
    "name": "桜台二丁目(町田市)",
    "position": "-",
    "system": "町32",
    "destinations": [
        "桜台センター前",
        "桜台一丁目(町田市)",
        "桜台入口(町田市)",
        "唐沢(町田市)",
        "桜美林学園",
        "忠生四丁目",
        "忠霊塔前",
        "忠生三丁目",
        "町田工業高校前",
        "忠生二丁目",
        "忠生公園前",
        "忠生公園入口",
        "木曽(町田市)",
        "上横町",
        "境川団地",
        "境川団地中央",
        "境川団地入口",
        "木曽都営入口",
        "桧台入口",
        "森野六丁目",
        "森野五丁目",
        "妙延寺(町田市)",
        "町田市役所市民ホール前",
        "町田バスセンター"
    ],
    "weekday": [
        "5:36",
        "5:56",
        "6:07",
        "6:22",
        "6:37",
        "6:52",
        "7:01",
        "7:07",
        "7:14",
        "7:22",
        "7:30",
        "7:38",
        "7:52",
        "8:03",
        "8:36",
        "9:06",
        "9:36",
        "10:11",
        "11:06",
        "11:46",
        "12:06",
        "12:46",
        "13:06",
        "13:46",
        "14:06",
        "14:46",
        "15:06",
        "15:46",
        "16:06",
        "16:46",
        "17:06",
        "17:26",
        "17:46",
        "18:01",
        "18:21",
        "18:41",
        "19:11",
        "19:31",
        "19:51",
        "20:11",
        "20:46",
        "21:11",
        "21:36",
        "22:06"
    ],
    "saturday": [
        "5:51",
        "6:16",
        "6:41",
        "7:01",
        "7:16",
        "7:31",
        "7:46",
        "8:06",
        "8:36",
        "8:51",
        "9:06",
        "9:36",
        "9:51",
        "10:06",
        "10:36",
        "10:51",
        "11:06",
        "11:36",
        "11:51",
        "12:06",
        "12:46",
        "13:06",
        "13:46",
        "14:06",
        "14:46",
        "15:06",
        "15:46",
        "16:06",
        "16:46",
        "17:06",
        "17:26",
        "17:46",
        "18:06",
        "18:36",
        "19:06",
        "19:36",
        "20:16",
        "20:51",
        "21:51"
    ],
    "holiday": [
        "6:00",
        "6:29",
        "7:04",
        "7:34",
        "8:04",
        "8:24",
        "8:44",
        "9:07",
        "9:27",
        "9:44",
        "10:04",
        "10:24",
        "10:44",
        "11:04",
        "11:24",
        "11:44",
        "12:04",
        "12:24",
        "12:44",
        "13:04",
        "13:24",
        "13:44",
        "14:04",
        "14:24",
        "14:44",
        "15:04",
        "15:24",
        "15:44",
        "16:04",
        "16:24",
        "16:44",
        "17:04",
        "17:24",
        "17:44",
        "18:04",
        "18:24",
        "18:44",
        "19:04",
        "19:34",
        "20:34",
        "21:44"
    ],
    "url": "https://www.kanachu.co.jp/dia/diagram/timetable01_js/course:0000803173-2/node:00129405/kt:0/lname:/"
}
