{
    "date": "2025/04/01",
    "name": "忠霊塔前",
    "position": "-",
    "system": "町32",
    "destinations": [
        "忠生三丁目",
        "町田工業高校前",
        "忠生二丁目",
        "忠生公園前",
        "忠生公園入口",
        "木曽(町田市)",
        "上横町",
        "境川団地",
        "境川団地中央",
        "境川団地入口",
        "木曽都営入口",
        "桧台入口",
        "森野六丁目",
        "森野五丁目",
        "妙延寺(町田市)",
        "町田市役所市民ホール前",
        "町田バスセンター"
    ],
    "weekday": [
        "5:42",
        "6:02",
        "6:13",
        "6:28",
        "6:44",
        "6:59",
        "7:08",
        "7:14",
        "7:21",
        "7:29",
        "7:37",
        "7:45",
        "7:59",
        "8:10",
        "8:43",
        "9:12",
        "9:42",
        "10:17",
        "11:12",
        "11:52",
        "12:12",
        "12:52",
        "13:12",
        "13:52",
        "14:12",
        "14:52",
        "15:12",
        "15:52",
        "16:12",
        "16:52",
        "17:12",
        "17:32",
        "17:52",
        "18:07",
        "18:27",
        "18:47",
        "19:17",
        "19:37",
        "19:57",
        "20:17",
        "20:52",
        "21:17",
        "21:42",
        "22:12"
    ],
    "saturday": [
        "5:57",
        "6:22",
        "6:47",
        "7:07",
        "7:22",
        "7:37",
        "7:52",
        "8:12",
        "8:42",
        "8:57",
        "9:12",
        "9:42",
        "9:57",
        "10:12",
        "10:42",
        "10:57",
        "11:12",
        "11:42",
        "11:57",
        "12:12",
        "12:52",
        "13:12",
        "13:52",
        "14:12",
        "14:52",
        "15:12",
        "15:52",
        "16:12",
        "16:52",
        "17:12",
        "17:32",
        "17:52",
        "18:12",
        "18:42",
        "19:12",
        "19:42",
        "20:22",
        "20:57",
        "21:57"
    ],
    "holiday": [
        "6:06",
        "6:35",
        "7:10",
        "7:40",
        "8:10",
        "8:30",
        "8:50",
        "9:13",
        "9:33",
        "9:50",
        "10:10",
        "10:30",
        "10:50",
        "11:10",
        "11:30",
        "11:50",
        "12:10",
        "12:30",
        "12:50",
        "13:10",
        "13:30",
        "13:50",
        "14:10",
        "14:30",
        "14:50",
        "15:10",
        "15:30",
        "15:50",
        "16:10",
        "16:30",
        "16:50",
        "17:10",
        "17:30",
        "17:50",
        "18:10",
        "18:30",
        "18:50",
        "19:10",
        "19:40",
        "20:40",
        "21:50"
    ],
    "url": "https://www.kanachu.co.jp/dia/diagram/timetable01_js/course:0000803173-9/node:00130511/kt:0/lname:/"
}
