{
    "date": "2025/04/01",
    "name": "忠生公園前",
    "position": "-",
    "system": "町32",
    "destinations": [
        "忠生公園入口",
        "木曽(町田市)",
        "上横町",
        "境川団地",
        "境川団地中央",
        "境川団地入口",
        "木曽都営入口",
        "桧台入口",
        "森野六丁目",
        "森野五丁目",
        "妙延寺(町田市)",
        "町田市役所市民ホール前",
        "町田バスセンター"
    ],
    "weekday": [
        "5:49",
        "6:09",
        "6:20",
        "6:36",
        "6:52",
        "7:07",
        "7:16",
        "7:22",
        "7:29",
        "7:37",
        "7:45",
        "7:53",
        "8:07",
        "8:18",
        "8:51",
        "9:20",
        "9:50",
        "10:25",
        "11:19",
        "11:59",
        "12:19",
        "12:59",
        "13:19",
        "13:59",
        "14:19",
        "14:59",
        "15:19",
        "15:59",
        "16:19",
        "16:59",
        "17:19",
        "17:39",
        "17:59",
        "18:14",
        "18:34",
        "18:54",
        "19:24",
        "19:44",
        "20:04",
        "20:24",
        "20:59",
        "21:23",
        "21:48",
        "22:18"
    ],
    "saturday": [
        "6:03",
        "6:28",
        "6:53",
        "7:14",
        "7:29",
        "7:44",
        "7:59",
        "8:19",
        "8:49",
        "9:04",
        "9:19",
        "9:49",
        "10:04",
        "10:19",
        "10:49",
        "11:04",
        "11:19",
        "11:49",
        "12:04",
        "12:19",
        "12:59",
        "13:19",
        "13:59",
        "14:19",
        "14:59",
        "15:19",
        "15:59",
        "16:18",
        "16:58",
        "17:18",
        "17:38",
        "17:58",
        "18:18",
        "18:48",
        "19:18",
        "19:48",
        "20:28",
        "21:03",
        "22:03"
    ],
    "holiday": [
        "6:12",
        "6:41",
        "7:16",
        "7:46",
        "8:16",
        "8:36",
        "8:56",
        "9:20",
        "9:40",
        "9:57",
        "10:17",
        "10:37",
        "10:57",
        "11:17",
        "11:37",
        "11:57",
        "12:17",
        "12:37",
        "12:57",
        "13:17",
        "13:37",
        "13:57",
        "14:17",
        "14:37",
        "14:57",
        "15:16",
        "15:36",
        "15:56",
        "16:16",
        "16:36",
        "16:56",
        "17:16",
        "17:36",
        "17:56",
        "18:16",
        "18:36",
        "18:56",
        "19:16",
        "19:46",
        "20:46",
        "21:56"
    ],
    "url": "https://www.kanachu.co.jp/dia/diagram/timetable01_js/course:0000803173-13/node:00129393/kt:0/lname:/"
}
