{
    "date": "2025/04/01",
    "name": "木曽(町田市)",
    "position": "-",
    "system": "町32",
    "destinations": [
        "上横町",
        "境川団地",
        "境川団地中央",
        "境川団地入口",
        "木曽都営入口",
        "桧台入口",
        "森野六丁目",
        "森野五丁目",
        "妙延寺(町田市)",
        "町田市役所市民ホール前",
        "町田バスセンター"
    ],
    "weekday": [
        "5:51",
        "6:11",
        "6:22",
        "6:38",
        "6:54",
        "7:09",
        "7:18",
        "7:24",
        "7:31",
        "7:39",
        "7:47",
        "7:55",
        "8:09",
        "8:20",
        "8:53",
        "9:22",
        "9:52",
        "10:27",
        "11:21",
        "12:01",
        "12:21",
        "13:01",
        "13:21",
        "14:01",
        "14:21",
        "15:01",
        "15:21",
        "16:01",
        "16:21",
        "17:01",
        "17:21",
        "17:41",
        "18:01",
        "18:16",
        "18:36",
        "18:56",
        "19:26",
        "19:46",
        "20:06",
        "20:26",
        "21:01",
        "21:25",
        "21:50",
        "22:20"
    ],
    "saturday": [
        "6:05",
        "6:30",
        "6:55",
        "7:16",
        "7:31",
        "7:46",
        "8:01",
        "8:21",
        "8:51",
        "9:06",
        "9:21",
        "9:51",
        "10:06",
        "10:21",
        "10:51",
        "11:06",
        "11:21",
        "11:51",
        "12:06",
        "12:21",
        "13:01",
        "13:21",
        "14:01",
        "14:21",
        "15:01",
        "15:21",
        "16:01",
        "16:20",
        "17:00",
        "17:20",
        "17:40",
        "18:00",
        "18:20",
        "18:50",
        "19:20",
        "19:50",
        "20:30",
        "21:05",
        "22:05"
    ],
    "holiday": [
        "6:14",
        "6:43",
        "7:18",
        "7:48",
        "8:18",
        "8:38",
        "8:58",
        "9:22",
        "9:42",
        "9:59",
        "10:19",
        "10:39",
        "10:59",
        "11:19",
        "11:39",
        "11:59",
        "12:19",
        "12:39",
        "12:59",
        "13:19",
        "13:39",
        "13:59",
        "14:19",
        "14:39",
        "14:59",
        "15:18",
        "15:38",
        "15:58",
        "16:18",
        "16:38",
        "16:58",
        "17:18",
        "17:38",
        "17:58",
        "18:18",
        "18:38",
        "18:58",
        "19:18",
        "19:48",
        "20:48",
        "21:58"
    ],
    "url": "https://www.kanachu.co.jp/dia/diagram/timetable01_js/course:0000803173-15/node:00129364/kt:0/lname:/"
}
