{
    "date": "2025/04/01",
    "name": "木曽都営入口",
    "position": "-",
    "system": "町32",
    "destinations": [
        "桧台入口",
        "森野六丁目",
        "森野五丁目",
        "妙延寺(町田市)",
        "町田市役所市民ホール前",
        "町田バスセンター"
    ],
    "weekday": [
        "5:56",
        "6:16",
        "6:27",
        "6:44",
        "7:00",
        "7:15",
        "7:24",
        "7:30",
        "7:37",
        "7:45",
        "7:53",
        "8:01",
        "8:15",
        "8:26",
        "8:59",
        "9:29",
        "9:59",
        "10:34",
        "11:27",
        "12:07",
        "12:27",
        "13:07",
        "13:27",
        "14:07",
        "14:27",
        "15:07",
        "15:27",
        "16:07",
        "16:27",
        "17:07",
        "17:27",
        "17:47",
        "18:07",
        "18:22",
        "18:42",
        "19:01",
        "19:30",
        "19:50",
        "20:10",
        "20:30",
        "21:05",
        "21:29",
        "21:54",
        "22:24"
    ],
    "saturday": [
        "6:10",
        "6:35",
        "7:00",
        "7:21",
        "7:36",
        "7:51",
        "8:06",
        "8:26",
        "8:56",
        "9:12",
        "9:27",
        "9:57",
        "10:12",
        "10:27",
        "10:57",
        "11:13",
        "11:28",
        "11:58",
        "12:13",
        "12:28",
        "13:08",
        "13:28",
        "14:08",
        "14:28",
        "15:08",
        "15:28",
        "16:08",
        "16:27",
        "17:07",
        "17:27",
        "17:47",
        "18:07",
        "18:27",
        "18:57",
        "19:24",
        "19:54",
        "20:34",
        "21:09",
        "22:09"
    ],
    "holiday": [
        "6:19",
        "6:48",
        "7:23",
        "7:53",
        "8:23",
        "8:43",
        "9:03",
        "9:28",
        "9:48",
        "10:05",
        "10:25",
        "10:45",
        "11:06",
        "11:26",
        "11:46",
        "12:06",
        "12:26",
        "12:46",
        "13:06",
        "13:26",
        "13:46",
        "14:06",
        "14:26",
        "14:46",
        "15:06",
        "15:25",
        "15:45",
        "16:05",
        "16:25",
        "16:45",
        "17:05",
        "17:25",
        "17:45",
        "18:03",
        "18:22",
        "18:42",
        "19:02",
        "19:22",
        "19:52",
        "20:52",
        "22:02"
    ],
    "url": "https://www.kanachu.co.jp/dia/diagram/timetable01_js/course:0000803173-20/node:00129379/kt:0/lname:/"
}
