{
    "date": "2025/04/01",
    "name": "森野五丁目",
    "position": "-",
    "system": "町32",
    "destinations": [
        "妙延寺(町田市)",
        "町田市役所市民ホール前",
        "町田バスセンター"
    ],
    "weekday": [
        "5:58",
        "6:18",
        "6:29",
        "6:46",
        "7:02",
        "7:17",
        "7:26",
        "7:32",
        "7:39",
        "7:47",
        "7:55",
        "8:03",
        "8:17",
        "8:28",
        "9:01",
        "9:31",
        "10:01",
        "10:36",
        "11:29",
        "12:09",
        "12:29",
        "13:09",
        "13:29",
        "14:09",
        "14:29",
        "15:09",
        "15:29",
        "16:09",
        "16:29",
        "17:09",
        "17:29",
        "17:49",
        "18:09",
        "18:24",
        "18:44",
        "19:03",
        "19:32",
        "19:52",
        "20:12",
        "20:32",
        "21:07",
        "21:31",
        "21:56",
        "22:26"
    ],
    "saturday": [
        "6:12",
        "6:37",
        "7:02",
        "7:23",
        "7:38",
        "7:53",
        "8:08",
        "8:28",
        "8:58",
        "9:14",
        "9:29",
        "9:59",
        "10:14",
        "10:29",
        "10:59",
        "11:15",
        "11:30",
        "12:00",
        "12:15",
        "12:30",
        "13:10",
        "13:30",
        "14:10",
        "14:30",
        "15:10",
        "15:30",
        "16:10",
        "16:29",
        "17:09",
        "17:29",
        "17:49",
        "18:09",
        "18:29",
        "18:59",
        "19:26",
        "19:56",
        "20:36",
        "21:11",
        "22:11"
    ],
    "holiday": [
        "6:21",
        "6:50",
        "7:25",
        "7:55",
        "8:25",
        "8:45",
        "9:05",
        "9:30",
        "9:50",
        "10:07",
        "10:27",
        "10:47",
        "11:08",
        "11:28",
        "11:48",
        "12:08",
        "12:28",
        "12:48",
        "13:08",
        "13:28",
        "13:48",
        "14:08",
        "14:28",
        "14:48",
        "15:08",
        "15:27",
        "15:47",
        "16:07",
        "16:27",
        "16:47",
        "17:07",
        "17:27",
        "17:47",
        "18:05",
        "18:24",
        "18:44",
        "19:04",
        "19:24",
        "19:54",
        "20:54",
        "22:04"
    ],
    "url": "https://www.kanachu.co.jp/dia/diagram/timetable01_js/course:0000803173-23/node:00129376/kt:0/lname:/"
}
