{
    "date": "2025/04/01",
    "name": "小田急相模原駅",
    "position": "-",
    "system": "小03",
    "destinations": [
        "相模台",
        "小田急住宅前(座間市)",
        "マルマン工場前",
        "相模が丘",
        "小松原入口",
        "イオンモール座間入口",
        "イオンモール座間",
        "イオンモール座間入口",
        "小松原(座間市)",
        "小松原二丁目",
        "ひばりが丘一丁目(座間市)",
        "十一条",
        "九条",
        "南林間駅前通り",
        "南林間駅"
    ],
    "weekday": [
        "22:23"
    ],
    "saturday": [],
    "holiday": [],
    "url": "https://www.kanachu.co.jp/dia/diagram/timetable01_js/course:0000803708-1/node:00129690/kt:0/lname:/"
}
