{
    "date": "2025/04/01",
    "name": "小松原(座間市)",
    "position": "-",
    "system": "小03",
    "destinations": [
        "小松原二丁目",
        "ひばりが丘一丁目(座間市)",
        "十一条",
        "九条",
        "南林間駅前通り",
        "南林間駅"
    ],
    "weekday": [
        "22:38"
    ],
    "saturday": [],
    "holiday": [],
    "url": "https://www.kanachu.co.jp/dia/diagram/timetable01_js/course:0000803708-10/node:00129680/kt:0/lname:/"
}
