{
    "date": "2025/03/15",
    "name": "登象",
    "position": "-",
    "system": "茅54",
    "destinations": [
        "鶴嶺小学校前",
        "辻東(茅ケ崎市)",
        "古川(茅ケ崎市)",
        "アルバック前",
        "走内",
        "西の谷(茅ケ崎市)",
        "上の前(茅ケ崎市)",
        "神の倉",
        "山伏塚",
        "尾崎戸",
        "一之宮小学校入口",
        "一之宮(高座郡寒川町)",
        "寒川駅南口"
    ],
    "weekday": [
        "7:01",
        "7:17",
        "7:37",
        "7:57",
        "8:17",
        "8:57",
        "9:37",
        "10:17",
        "10:57",
        "11:37",
        "12:17",
        "12:57",
        "13:37",
        "14:17",
        "14:57",
        "15:37",
        "16:17",
        "16:57",
        "17:37",
        "18:17",
        "18:57",
        "19:37",
        "20:32"
    ],
    "saturday": [
        "7:16",
        "8:07",
        "9:57",
        "10:58",
        "11:58",
        "12:58",
        "13:58",
        "14:58",
        "15:58",
        "16:58",
        "17:58",
        "18:58",
        "19:57",
        "20:57"
    ],
    "holiday": [
        "7:56",
        "8:56",
        "9:56",
        "10:58",
        "11:58",
        "12:58",
        "13:58",
        "14:58",
        "15:58",
        "16:58",
        "17:58",
        "18:57",
        "19:57"
    ],
    "url": "https://www.kanachu.co.jp/dia/diagram/timetable01_js/course:0000800525-6/node:00127199/kt:0/lname:/"
}
