{
    "date": "2025/03/15",
    "name": "西の谷(茅ケ崎市)",
    "position": "-",
    "system": "茅54",
    "destinations": [
        "上の前(茅ケ崎市)",
        "神の倉",
        "山伏塚",
        "尾崎戸",
        "一之宮小学校入口",
        "一之宮(高座郡寒川町)",
        "寒川駅南口"
    ],
    "weekday": [
        "7:11",
        "7:27",
        "7:47",
        "8:07",
        "8:27",
        "9:07",
        "9:47",
        "10:27",
        "11:07",
        "11:47",
        "12:27",
        "13:07",
        "13:47",
        "14:27",
        "15:07",
        "15:47",
        "16:27",
        "17:07",
        "17:47",
        "18:27",
        "19:07",
        "19:47",
        "20:40"
    ],
    "saturday": [
        "7:24",
        "8:16",
        "10:07",
        "11:08",
        "12:08",
        "13:08",
        "14:08",
        "15:08",
        "16:08",
        "17:08",
        "18:08",
        "19:08",
        "20:05",
        "21:05"
    ],
    "holiday": [
        "8:04",
        "9:05",
        "10:06",
        "11:08",
        "12:08",
        "13:08",
        "14:08",
        "15:08",
        "16:08",
        "17:08",
        "18:08",
        "19:07",
        "20:05"
    ],
    "url": "https://www.kanachu.co.jp/dia/diagram/timetable01_js/course:0000800525-12/node:00127205/kt:0/lname:/"
}
