{
    "date": "2025/03/15",
    "name": "一之宮(高座郡寒川町)",
    "position": "-",
    "system": "茅54",
    "destinations": [
        "寒川駅南口"
    ],
    "weekday": [
        "7:19",
        "7:35",
        "7:55",
        "8:15",
        "8:35",
        "9:15",
        "9:55",
        "10:35",
        "11:15",
        "11:55",
        "12:35",
        "13:15",
        "13:55",
        "14:35",
        "15:15",
        "15:55",
        "16:35",
        "17:15",
        "17:55",
        "18:35",
        "19:15",
        "19:55",
        "20:47"
    ],
    "saturday": [
        "7:30",
        "8:24",
        "10:15",
        "11:16",
        "12:16",
        "13:16",
        "14:16",
        "15:16",
        "16:16",
        "17:16",
        "18:16",
        "19:16",
        "20:12",
        "21:12"
    ],
    "holiday": [
        "8:11",
        "9:12",
        "10:14",
        "11:16",
        "12:16",
        "13:16",
        "14:16",
        "15:16",
        "16:16",
        "17:16",
        "18:16",
        "19:15",
        "20:12"
    ],
    "url": "https://www.kanachu.co.jp/dia/diagram/timetable01_js/course:0000800525-18/node:00127170/kt:0/lname:/"
}
