{
    "system": "茅54",
    "busstops": [
        {
            "index": "1",
            "id": "00127126",
            "name": "茅ヶ崎駅",
            "lat": "35.331059",
            "lng": "139.406474"
        },
        {
            "index": "2",
            "id": "00127171",
            "name": "市民文化会館前(茅ケ崎市)",
            "lat": "35.334816",
            "lng": "139.404852"
        },
        {
            "index": "3",
            "id": "00127288",
            "name": "ジャスコ前(茅ケ崎市)",
            "lat": "35.335076",
            "lng": "139.402233"
        },
        {
            "index": "4",
            "id": "00127271",
            "name": "保健所前(茅ケ崎市)",
            "lat": "35.334552",
            "lng": "139.400411"
        },
        {
            "index": "5",
            "id": "00127160",
            "name": "肥地力",
            "lat": "35.335707",
            "lng": "139.398768"
        },
        {
            "index": "6",
            "id": "00127199",
            "name": "登象",
            "lat": "35.336718",
            "lng": "139.393894"
        },
        {
            "index": "7",
            "id": "00127200",
            "name": "鶴嶺小学校前",
            "lat": "35.33714",
            "lng": "139.389583"
        },
        {
            "index": "8",
            "id": "00127201",
            "name": "辻東(茅ケ崎市)",
            "lat": "35.338084",
            "lng": "139.384762"
        },
        {
            "index": "9",
            "id": "00127202",
            "name": "古川(茅ケ崎市)",
            "lat": "35.338386",
            "lng": "139.379285"
        },
        {
            "index": "10",
            "id": "00127203",
            "name": "アルバック前",
            "lat": "35.340367",
            "lng": "139.378463"
        },
        {
            "index": "11",
            "id": "00127204",
            "name": "走内",
            "lat": "35.342926",
            "lng": "139.379028"
        },
        {
            "index": "12",
            "id": "00127205",
            "name": "西の谷(茅ケ崎市)",
            "lat": "35.345972",
            "lng": "139.37938"
        },
        {
            "index": "13",
            "id": "00127206",
            "name": "上の前(茅ケ崎市)",
            "lat": "35.348242",
            "lng": "139.379677"
        },
        {
            "index": "14",
            "id": "00127207",
            "name": "神の倉",
            "lat": "35.351549",
            "lng": "139.379912"
        },
        {
            "index": "15",
            "id": "00127208",
            "name": "山伏塚",
            "lat": "35.356882",
            "lng": "139.380412"
        },
        {
            "index": "16",
            "id": "00127209",
            "name": "尾崎戸",
            "lat": "35.361348",
            "lng": "139.380845"
        },
        {
            "index": "17",
            "id": "00127216",
            "name": "一之宮小学校入口",
            "lat": "35.363531",
            "lng": "139.380878"
        },
        {
            "index": "18",
            "id": "00127170",
            "name": "一之宮(高座郡寒川町)",
            "lat": "35.365889",
            "lng": "139.381426"
        },
        {
            "index": "19",
            "id": "00127314",
            "name": "寒川駅南口",
            "lat": "35.367279",
            "lng": "139.385719"
        }
    ],
    "route_url": "https://www.kanachu.co.jp/dia/route/index/cid:0000800525/"
}
