{
    "date": "2022/12/17",
    "name": "川上インター前",
    "position": "-",
    "system": "東16",
    "destinations": [
        "資源循環局前",
        "川上小学校前(横浜市戸塚区)",
        "公園前(横浜市戸塚区)",
        "妙法寺(横浜市戸塚区)",
        "名瀬小学校入口",
        "市営第二住宅入口",
        "名瀬スポーツ公園入口",
        "新戸塚病院前",
        "名瀬ホーム前",
        "ネオポリス公園",
        "公園前商店街入口",
        "公園前(横浜市戸塚区)",
        "資源循環局前",
        "川上インター前",
        "東戸塚駅西口"
    ],
    "weekday": [
        "6:39",
        "6:56",
        "7:05",
        "7:17",
        "7:29",
        "7:37",
        "7:50",
        "8:02",
        "8:12",
        "8:26",
        "8:39",
        "8:52",
        "9:07",
        "9:27",
        "9:47",
        "10:07",
        "10:27",
        "10:57",
        "11:27",
        "11:57",
        "12:27",
        "12:57",
        "13:27",
        "13:57",
        "14:27",
        "14:57",
        "15:27",
        "15:57",
        "16:12",
        "16:32",
        "16:52",
        "17:12",
        "17:29",
        "17:50",
        "18:07",
        "18:27",
        "18:42",
        "18:57",
        "19:12",
        "19:57",
        "20:27",
        "20:57",
        "21:24",
        "21:52"
    ],
    "saturday": [
        "6:49",
        "7:17",
        "7:50",
        "8:22",
        "8:49",
        "9:22",
        "9:49",
        "10:09",
        "10:29",
        "10:52",
        "11:12",
        "11:32",
        "11:52",
        "12:12",
        "12:27",
        "12:57",
        "13:27",
        "13:57",
        "14:27",
        "14:57",
        "15:27",
        "15:57",
        "16:12",
        "16:32",
        "16:52",
        "17:12",
        "17:32",
        "17:52",
        "18:12",
        "18:32",
        "18:52",
        "19:12",
        "20:07",
        "20:37"
    ],
    "holiday": [
        "6:49",
        "7:20",
        "7:50",
        "8:22",
        "8:49",
        "9:22",
        "9:49",
        "10:09",
        "10:29",
        "10:52",
        "11:12",
        "11:32",
        "11:52",
        "12:12",
        "12:27",
        "12:57",
        "13:27",
        "13:57",
        "14:27",
        "14:57",
        "15:27",
        "15:57",
        "16:12",
        "16:32",
        "16:52",
        "17:12",
        "17:32",
        "17:52",
        "18:12",
        "18:32",
        "18:52",
        "19:12",
        "20:07",
        "20:37"
    ],
    "url": "https://www.kanachu.co.jp/dia/diagram/timetable01_js/course:0000802522-2/node:00130478/kt:0/lname:/"
}
