{
    "date": "2022/12/17",
    "name": "資源循環局前",
    "position": "-",
    "system": "東16",
    "destinations": [
        "川上小学校前(横浜市戸塚区)",
        "公園前(横浜市戸塚区)",
        "妙法寺(横浜市戸塚区)",
        "名瀬小学校入口",
        "市営第二住宅入口",
        "名瀬スポーツ公園入口",
        "新戸塚病院前",
        "名瀬ホーム前",
        "ネオポリス公園",
        "公園前商店街入口",
        "公園前(横浜市戸塚区)",
        "資源循環局前",
        "川上インター前",
        "東戸塚駅西口"
    ],
    "weekday": [
        "6:40",
        "6:57",
        "7:06",
        "7:18",
        "7:30",
        "7:38",
        "7:51",
        "8:03",
        "8:13",
        "8:27",
        "8:40",
        "8:53",
        "9:08",
        "9:28",
        "9:48",
        "10:08",
        "10:28",
        "10:58",
        "11:28",
        "11:58",
        "12:28",
        "12:58",
        "13:28",
        "13:58",
        "14:28",
        "14:58",
        "15:28",
        "15:58",
        "16:13",
        "16:33",
        "16:53",
        "17:13",
        "17:30",
        "17:51",
        "18:08",
        "18:28",
        "18:43",
        "18:58",
        "19:13",
        "19:58",
        "20:28",
        "20:58",
        "21:25",
        "21:53"
    ],
    "saturday": [
        "6:50",
        "7:18",
        "7:51",
        "8:23",
        "8:50",
        "9:23",
        "9:50",
        "10:10",
        "10:30",
        "10:53",
        "11:13",
        "11:33",
        "11:53",
        "12:13",
        "12:28",
        "12:58",
        "13:28",
        "13:58",
        "14:28",
        "14:58",
        "15:28",
        "15:58",
        "16:13",
        "16:33",
        "16:53",
        "17:13",
        "17:33",
        "17:53",
        "18:13",
        "18:33",
        "18:53",
        "19:13",
        "20:08",
        "20:38"
    ],
    "holiday": [
        "6:50",
        "7:21",
        "7:51",
        "8:23",
        "8:50",
        "9:23",
        "9:50",
        "10:10",
        "10:30",
        "10:53",
        "11:13",
        "11:33",
        "11:53",
        "12:13",
        "12:28",
        "12:58",
        "13:28",
        "13:58",
        "14:28",
        "14:58",
        "15:28",
        "15:58",
        "16:13",
        "16:33",
        "16:53",
        "17:13",
        "17:33",
        "17:53",
        "18:13",
        "18:33",
        "18:53",
        "19:13",
        "20:08",
        "20:38"
    ],
    "url": "https://www.kanachu.co.jp/dia/diagram/timetable01_js/course:0000802522-3/node:00130479/kt:0/lname:/"
}
