{
    "date": "2022/12/17",
    "name": "妙法寺(横浜市戸塚区)",
    "position": "-",
    "system": "東16",
    "destinations": [
        "名瀬小学校入口",
        "市営第二住宅入口",
        "名瀬スポーツ公園入口",
        "新戸塚病院前",
        "名瀬ホーム前",
        "ネオポリス公園",
        "公園前商店街入口",
        "公園前(横浜市戸塚区)",
        "資源循環局前",
        "川上インター前",
        "東戸塚駅西口"
    ],
    "weekday": [
        "6:43",
        "7:00",
        "7:11",
        "7:23",
        "7:35",
        "7:43",
        "7:56",
        "8:08",
        "8:18",
        "8:32",
        "8:45",
        "8:58",
        "9:12",
        "9:32",
        "9:52",
        "10:12",
        "10:32",
        "11:02",
        "11:32",
        "12:02",
        "12:32",
        "13:02",
        "13:32",
        "14:02",
        "14:32",
        "15:02",
        "15:32",
        "16:02",
        "16:17",
        "16:37",
        "16:57",
        "17:17",
        "17:34",
        "17:56",
        "18:13",
        "18:33",
        "18:48",
        "19:03",
        "19:17",
        "20:02",
        "20:31",
        "21:01",
        "21:28",
        "21:56"
    ],
    "saturday": [
        "6:53",
        "7:21",
        "7:54",
        "8:26",
        "8:53",
        "9:26",
        "9:53",
        "10:14",
        "10:34",
        "10:57",
        "11:17",
        "11:37",
        "11:57",
        "12:17",
        "12:32",
        "13:02",
        "13:32",
        "14:02",
        "14:32",
        "15:02",
        "15:32",
        "16:02",
        "16:17",
        "16:37",
        "16:57",
        "17:17",
        "17:37",
        "17:57",
        "18:17",
        "18:37",
        "18:57",
        "19:17",
        "20:12",
        "20:42"
    ],
    "holiday": [
        "6:53",
        "7:24",
        "7:54",
        "8:26",
        "8:53",
        "9:26",
        "9:53",
        "10:14",
        "10:34",
        "10:57",
        "11:17",
        "11:37",
        "11:57",
        "12:17",
        "12:32",
        "13:02",
        "13:32",
        "14:02",
        "14:32",
        "15:02",
        "15:32",
        "16:02",
        "16:17",
        "16:37",
        "16:57",
        "17:17",
        "17:37",
        "17:57",
        "18:17",
        "18:37",
        "18:57",
        "19:17",
        "20:12",
        "20:42"
    ],
    "url": "https://www.kanachu.co.jp/dia/diagram/timetable01_js/course:0000802522-6/node:00126652/kt:0/lname:/"
}
