{
    "date": "2022/12/17",
    "name": "市営第二住宅入口",
    "position": "-",
    "system": "東16",
    "destinations": [
        "名瀬スポーツ公園入口",
        "新戸塚病院前",
        "名瀬ホーム前",
        "ネオポリス公園",
        "公園前商店街入口",
        "公園前(横浜市戸塚区)",
        "資源循環局前",
        "川上インター前",
        "東戸塚駅西口"
    ],
    "weekday": [
        "6:47",
        "7:04",
        "7:17",
        "7:29",
        "7:41",
        "7:49",
        "8:02",
        "8:14",
        "8:24",
        "8:38",
        "8:51",
        "9:04",
        "9:17",
        "9:37",
        "9:57",
        "10:17",
        "10:37",
        "11:07",
        "11:37",
        "12:06",
        "12:36",
        "13:06",
        "13:36",
        "14:06",
        "14:36",
        "15:06",
        "15:36",
        "16:06",
        "16:21",
        "16:41",
        "17:01",
        "17:21",
        "17:40",
        "18:02",
        "18:19",
        "18:39",
        "18:54",
        "19:07",
        "19:21",
        "20:06",
        "20:35",
        "21:05",
        "21:32",
        "22:00"
    ],
    "saturday": [
        "6:58",
        "7:26",
        "7:59",
        "8:31",
        "8:58",
        "9:31",
        "9:58",
        "10:20",
        "10:40",
        "11:03",
        "11:23",
        "11:43",
        "12:03",
        "12:21",
        "12:36",
        "13:06",
        "13:36",
        "14:06",
        "14:36",
        "15:06",
        "15:36",
        "16:06",
        "16:21",
        "16:41",
        "17:01",
        "17:21",
        "17:41",
        "18:01",
        "18:21",
        "18:41",
        "19:01",
        "19:21",
        "20:16",
        "20:46"
    ],
    "holiday": [
        "6:58",
        "7:29",
        "7:59",
        "8:31",
        "8:58",
        "9:31",
        "9:58",
        "10:20",
        "10:40",
        "11:03",
        "11:23",
        "11:43",
        "12:03",
        "12:21",
        "12:36",
        "13:06",
        "13:36",
        "14:06",
        "14:36",
        "15:06",
        "15:36",
        "16:06",
        "16:21",
        "16:41",
        "17:01",
        "17:21",
        "17:41",
        "18:01",
        "18:21",
        "18:41",
        "19:01",
        "19:21",
        "20:16",
        "20:46"
    ],
    "url": "https://www.kanachu.co.jp/dia/diagram/timetable01_js/course:0000802522-8/node:00126720/kt:0/lname:/"
}
