{
    "date": "2022/12/17",
    "name": "新戸塚病院前",
    "position": "-",
    "system": "東16",
    "destinations": [
        "名瀬ホーム前",
        "ネオポリス公園",
        "公園前商店街入口",
        "公園前(横浜市戸塚区)",
        "資源循環局前",
        "川上インター前",
        "東戸塚駅西口"
    ],
    "weekday": [
        "6:49",
        "7:07",
        "7:20",
        "7:32",
        "7:44",
        "7:52",
        "8:05",
        "8:17",
        "8:27",
        "8:41",
        "8:54",
        "9:07",
        "9:20",
        "9:40",
        "10:00",
        "10:20",
        "10:40",
        "11:10",
        "11:40",
        "12:09",
        "12:39",
        "13:09",
        "13:39",
        "14:09",
        "14:39",
        "15:09",
        "15:39",
        "16:09",
        "16:24",
        "16:44",
        "17:04",
        "17:24",
        "17:43",
        "18:05",
        "18:22",
        "18:42",
        "18:57",
        "19:10",
        "19:24",
        "20:09",
        "20:38",
        "21:08",
        "21:35",
        "22:03"
    ],
    "saturday": [
        "7:00",
        "7:28",
        "8:01",
        "8:33",
        "9:00",
        "9:34",
        "10:01",
        "10:23",
        "10:43",
        "11:06",
        "11:26",
        "11:46",
        "12:06",
        "12:24",
        "12:39",
        "13:09",
        "13:39",
        "14:09",
        "14:39",
        "15:09",
        "15:39",
        "16:09",
        "16:24",
        "16:44",
        "17:04",
        "17:24",
        "17:44",
        "18:04",
        "18:24",
        "18:44",
        "19:04",
        "19:24",
        "20:19",
        "20:49"
    ],
    "holiday": [
        "7:00",
        "7:31",
        "8:01",
        "8:33",
        "9:00",
        "9:34",
        "10:01",
        "10:23",
        "10:43",
        "11:06",
        "11:26",
        "11:46",
        "12:06",
        "12:24",
        "12:39",
        "13:09",
        "13:39",
        "14:09",
        "14:39",
        "15:09",
        "15:39",
        "16:09",
        "16:24",
        "16:44",
        "17:04",
        "17:24",
        "17:44",
        "18:04",
        "18:24",
        "18:44",
        "19:04",
        "19:24",
        "20:19",
        "20:49"
    ],
    "url": "https://www.kanachu.co.jp/dia/diagram/timetable01_js/course:0000802522-10/node:00126722/kt:0/lname:/"
}
