{
    "date": "2022/12/17",
    "name": "名瀬ホーム前",
    "position": "-",
    "system": "東16",
    "destinations": [
        "ネオポリス公園",
        "公園前商店街入口",
        "公園前(横浜市戸塚区)",
        "資源循環局前",
        "川上インター前",
        "東戸塚駅西口"
    ],
    "weekday": [
        "6:49",
        "7:08",
        "7:21",
        "7:33",
        "7:45",
        "7:53",
        "8:06",
        "8:18",
        "8:28",
        "8:42",
        "8:55",
        "9:08",
        "9:21",
        "9:41",
        "10:01",
        "10:21",
        "10:41",
        "11:11",
        "11:41",
        "12:10",
        "12:40",
        "13:10",
        "13:40",
        "14:10",
        "14:40",
        "15:10",
        "15:40",
        "16:10",
        "16:25",
        "16:45",
        "17:05",
        "17:25",
        "17:44",
        "18:06",
        "18:23",
        "18:43",
        "18:58",
        "19:11",
        "19:25",
        "20:10",
        "20:39",
        "21:09",
        "21:36",
        "22:04"
    ],
    "saturday": [
        "7:00",
        "7:28",
        "8:01",
        "8:33",
        "9:00",
        "9:35",
        "10:02",
        "10:24",
        "10:44",
        "11:07",
        "11:27",
        "11:47",
        "12:07",
        "12:25",
        "12:40",
        "13:10",
        "13:40",
        "14:10",
        "14:40",
        "15:10",
        "15:40",
        "16:10",
        "16:25",
        "16:45",
        "17:05",
        "17:25",
        "17:45",
        "18:05",
        "18:25",
        "18:45",
        "19:05",
        "19:25",
        "20:20",
        "20:50"
    ],
    "holiday": [
        "7:00",
        "7:31",
        "8:01",
        "8:33",
        "9:00",
        "9:35",
        "10:02",
        "10:24",
        "10:44",
        "11:07",
        "11:27",
        "11:47",
        "12:07",
        "12:25",
        "12:40",
        "13:10",
        "13:40",
        "14:10",
        "14:40",
        "15:10",
        "15:40",
        "16:10",
        "16:25",
        "16:45",
        "17:05",
        "17:25",
        "17:45",
        "18:05",
        "18:25",
        "18:45",
        "19:05",
        "19:25",
        "20:20",
        "20:50"
    ],
    "url": "https://www.kanachu.co.jp/dia/diagram/timetable01_js/course:0000802522-11/node:00126723/kt:0/lname:/"
}
