{
    "date": "2022/12/17",
    "name": "資源循環局前",
    "position": "-",
    "system": "東16",
    "destinations": [
        "川上インター前",
        "東戸塚駅西口"
    ],
    "weekday": [
        "6:53",
        "7:13",
        "7:26",
        "7:38",
        "7:50",
        "7:58",
        "8:11",
        "8:23",
        "8:33",
        "8:47",
        "9:00",
        "9:13",
        "9:26",
        "9:46",
        "10:06",
        "10:26",
        "10:46",
        "11:16",
        "11:46",
        "12:15",
        "12:45",
        "13:15",
        "13:45",
        "14:15",
        "14:45",
        "15:15",
        "15:45",
        "16:15",
        "16:30",
        "16:50",
        "17:10",
        "17:30",
        "17:49",
        "18:11",
        "18:28",
        "18:48",
        "19:03",
        "19:16",
        "19:30",
        "20:15",
        "20:44",
        "21:14",
        "21:41",
        "22:09"
    ],
    "saturday": [
        "7:04",
        "7:32",
        "8:05",
        "8:37",
        "9:05",
        "9:40",
        "10:07",
        "10:29",
        "10:49",
        "11:12",
        "11:32",
        "11:52",
        "12:12",
        "12:30",
        "12:45",
        "13:15",
        "13:45",
        "14:15",
        "14:45",
        "15:15",
        "15:45",
        "16:15",
        "16:30",
        "16:50",
        "17:10",
        "17:30",
        "17:50",
        "18:10",
        "18:30",
        "18:50",
        "19:10",
        "19:30",
        "20:25",
        "20:55"
    ],
    "holiday": [
        "7:04",
        "7:35",
        "8:05",
        "8:37",
        "9:05",
        "9:40",
        "10:07",
        "10:29",
        "10:49",
        "11:12",
        "11:32",
        "11:52",
        "12:12",
        "12:30",
        "12:45",
        "13:15",
        "13:45",
        "14:15",
        "14:45",
        "15:15",
        "15:45",
        "16:15",
        "16:30",
        "16:50",
        "17:10",
        "17:30",
        "17:50",
        "18:10",
        "18:30",
        "18:50",
        "19:10",
        "19:30",
        "20:25",
        "20:55"
    ],
    "url": "https://www.kanachu.co.jp/dia/diagram/timetable01_js/course:0000802522-15/node:00130479/kt:0/lname:/"
}
