{
    "date": "2025/07/27",
    "name": "室川橋",
    "position": "-",
    "system": "秦38",
    "destinations": [
        "なでしこ広場前",
        "秦才橋",
        "下大槻",
        "南平橋",
        "下大槻南平",
        "湘南老人ホーム前",
        "小熊天神前",
        "遠藤原",
        "自治会館前(平塚市)",
        "神奈川大学"
    ],
    "weekday": [
        "7:56",
        "8:56",
        "9:56",
        "10:56",
        "11:56",
        "12:56",
        "13:56",
        "16:56",
        "18:01"
    ],
    "saturday": [],
    "holiday": [],
    "url": "https://www.kanachu.co.jp/dia/diagram/timetable01_js/course:0000803260-2/node:00127721/kt:0/lname:/"
}
