{
    "date": "2025/10/01",
    "name": "南4号前",
    "position": "-",
    "system": "ー",
    "destinations": [
        "団地中央(中郡二宮町)",
        "県営団地入口(二宮町)",
        "中里(中郡二宮町)",
        "中島(中郡二宮町)",
        "元町北(二宮町)",
        "栗谷前",
        "松根",
        "富士見が丘3丁目北",
        "富士見が丘3丁目入口",
        "寿考園前",
        "富士見が丘児童館上",
        "秋葉神社前",
        "西公園前(中郡二宮町)",
        "ラディアン",
        "二宮駅北口"
    ],
    "weekday": [
        "10:57",
        "16:57"
    ],
    "saturday": [],
    "holiday": [],
    "url": "https://www.kanachu.co.jp/dia/diagram/timetable01_js/course:0000803901-12/node:00127795/kt:0/lname:/"
}
