{
    "system": "ー",
    "busstops": [
        {
            "index": "1",
            "id": "00127683",
            "name": "二宮駅北口",
            "lat": "35.299204",
            "lng": "139.257931"
        },
        {
            "index": "2",
            "id": "00127492",
            "name": "吾妻神社前(中郡二宮町)",
            "lat": "35.295066",
            "lng": "139.249803"
        },
        {
            "index": "3",
            "id": "00127493",
            "name": "山西(中郡二宮町)",
            "lat": "35.293627",
            "lng": "139.245721"
        },
        {
            "index": "4",
            "id": "00130149",
            "name": "山西防災コミュニティセンター",
            "lat": "35.292386",
            "lng": "139.240459"
        },
        {
            "index": "5",
            "id": "00130150",
            "name": "密厳院北",
            "lat": "35.295207",
            "lng": "139.239289"
        },
        {
            "index": "6",
            "id": "00130151",
            "name": "川勾神社入口",
            "lat": "35.296707",
            "lng": "139.23948"
        },
        {
            "index": "7",
            "id": "00130152",
            "name": "山西プール前",
            "lat": "35.297826",
            "lng": "139.243544"
        },
        {
            "index": "8",
            "id": "00128030",
            "name": "釜野橋",
            "lat": "35.300052",
            "lng": "139.243145"
        },
        {
            "index": "9",
            "id": "00128031",
            "name": "百合が丘坂下",
            "lat": "35.302188",
            "lng": "139.24125"
        },
        {
            "index": "10",
            "id": "00128032",
            "name": "峠公園",
            "lat": "35.305267",
            "lng": "139.240442"
        },
        {
            "index": "11",
            "id": "00127794",
            "name": "南5号前",
            "lat": "35.308375",
            "lng": "139.242082"
        },
        {
            "index": "12",
            "id": "00127795",
            "name": "南4号前",
            "lat": "35.310301",
            "lng": "139.244324"
        },
        {
            "index": "13",
            "id": "00127786",
            "name": "団地中央(中郡二宮町)",
            "lat": "35.312088",
            "lng": "139.243463"
        },
        {
            "index": "14",
            "id": "00130524",
            "name": "県営団地入口(二宮町)",
            "lat": "35.314884",
            "lng": "139.242978"
        },
        {
            "index": "15",
            "id": "00127788",
            "name": "中里(中郡二宮町)",
            "lat": "35.308631",
            "lng": "139.250257"
        },
        {
            "index": "16",
            "id": "00127789",
            "name": "中島(中郡二宮町)",
            "lat": "35.307565",
            "lng": "139.252819"
        },
        {
            "index": "17",
            "id": "00130481",
            "name": "元町北(二宮町)",
            "lat": "35.306915",
            "lng": "139.256137"
        },
        {
            "index": "18",
            "id": "00127528",
            "name": "栗谷前",
            "lat": "35.308768",
            "lng": "139.258124"
        },
        {
            "index": "19",
            "id": "00130156",
            "name": "松根",
            "lat": "35.311702",
            "lng": "139.259999"
        },
        {
            "index": "20",
            "id": "00130482",
            "name": "富士見が丘3丁目北",
            "lat": "35.312365",
            "lng": "139.262185"
        },
        {
            "index": "21",
            "id": "00130153",
            "name": "富士見が丘3丁目入口",
            "lat": "35.310439",
            "lng": "139.261139"
        },
        {
            "index": "22",
            "id": "00130154",
            "name": "寿考園前",
            "lat": "35.308725",
            "lng": "139.263526"
        },
        {
            "index": "23",
            "id": "00130484",
            "name": "富士見が丘児童館上",
            "lat": "35.306622",
            "lng": "139.263397"
        },
        {
            "index": "24",
            "id": "00130485",
            "name": "秋葉神社前",
            "lat": "35.305184",
            "lng": "139.262502"
        },
        {
            "index": "25",
            "id": "00130163",
            "name": "西公園前(中郡二宮町)",
            "lat": "35.305729",
            "lng": "139.260479"
        },
        {
            "index": "26",
            "id": "00130164",
            "name": "ラディアン",
            "lat": "35.304277",
            "lng": "139.258172"
        },
        {
            "index": "27",
            "id": "00127683",
            "name": "二宮駅北口",
            "lat": "35.299204",
            "lng": "139.257934"
        }
    ],
    "route_url": "https://www.kanachu.co.jp/dia/route/index/cid:0000803901/"
}
