{
    "date": "2025/07/12",
    "name": "相生町(藤沢市)",
    "position": "-",
    "system": "藤10",
    "destinations": [
        "南仲通り",
        "藤沢小学校前",
        "遊行寺前",
        "藤沢公民館前",
        "本町消防出張所前",
        "藤沢市民病院",
        "白旗交差点",
        "台町(藤沢市)",
        "湘南高校前",
        "一中入口(藤沢市)",
        "引地橋",
        "湘南台",
        "梅ヶ枝通り",
        "住宅前(藤沢市明治)",
        "汲田",
        "明治中学校前",
        "羽鳥郵便局前",
        "神台公園前",
        "辻堂駅北口"
    ],
    "weekday": [
        "9:37",
        "11:37",
        "13:37"
    ],
    "saturday": [],
    "holiday": [],
    "url": "https://www.kanachu.co.jp/dia/diagram/timetable01_js/course:0000800279-3/node:00126972/kt:0/lname:/"
}
