{
    "date": "2025/07/12",
    "name": "湘南台",
    "position": "-",
    "system": "藤10",
    "destinations": [
        "梅ヶ枝通り",
        "住宅前(藤沢市明治)",
        "汲田",
        "明治中学校前",
        "羽鳥郵便局前",
        "神台公園前",
        "辻堂駅北口"
    ],
    "weekday": [
        "9:55",
        "11:55",
        "13:55"
    ],
    "saturday": [],
    "holiday": [],
    "url": "https://www.kanachu.co.jp/dia/diagram/timetable01_js/course:0000800279-15/node:00127087/kt:0/lname:/"
}
