{
    "date": "2025/11/16",
    "name": "打間木上",
    "position": "-",
    "system": "平65",
    "destinations": [
        "打間木下",
        "湘南車検場前",
        "三菱ケミカル前",
        "第一三共前(平塚市)",
        "北新町",
        "平塚球場",
        "総合公園(平塚市)",
        "美術館入口(平塚市)",
        "江陽中学校前(平塚市)",
        "崇善小学校前",
        "明石町(平塚市)",
        "明石町一丁目",
        "四ツ角(平塚市)",
        "平塚駅北口"
    ],
    "weekday": [
        "6:03",
        "6:41",
        "7:14",
        "7:38",
        "8:46",
        "9:12",
        "9:46",
        "10:26",
        "10:46",
        "11:01",
        "11:26",
        "11:46",
        "12:01",
        "12:26",
        "13:11",
        "13:31",
        "13:56",
        "14:11",
        "14:31",
        "14:56",
        "15:31",
        "15:56",
        "16:11",
        "16:36",
        "17:11",
        "17:16",
        "17:21",
        "17:31",
        "17:41",
        "17:51",
        "18:01",
        "18:16",
        "18:36",
        "18:56",
        "19:26",
        "19:51",
        "20:11",
        "20:51",
        "21:11"
    ],
    "saturday": [
        "6:33",
        "7:26",
        "7:56",
        "8:56",
        "9:26",
        "10:01",
        "10:26",
        "11:26",
        "11:56",
        "12:26",
        "13:26",
        "13:56",
        "14:26",
        "15:26",
        "15:56",
        "16:21",
        "17:31",
        "17:56",
        "18:36",
        "19:26",
        "20:30"
    ],
    "holiday": [
        "6:33",
        "7:26",
        "7:56",
        "8:56",
        "9:26",
        "10:01",
        "10:26",
        "11:26",
        "11:56",
        "12:26",
        "13:26",
        "13:56",
        "14:26",
        "15:26",
        "15:56",
        "16:21",
        "17:31",
        "17:56",
        "18:36",
        "19:26"
    ],
    "url": "https://www.kanachu.co.jp/dia/diagram/timetable01_js/course:0000801299-9/node:00127634/kt:0/lname:/"
}
