{
    "date": "2025/11/16",
    "name": "三菱ケミカル前",
    "position": "-",
    "system": "平65",
    "destinations": [
        "第一三共前(平塚市)",
        "北新町",
        "平塚球場",
        "総合公園(平塚市)",
        "美術館入口(平塚市)",
        "江陽中学校前(平塚市)",
        "崇善小学校前",
        "明石町(平塚市)",
        "明石町一丁目",
        "四ツ角(平塚市)",
        "平塚駅北口"
    ],
    "weekday": [
        "6:06",
        "6:44",
        "7:17",
        "7:41",
        "8:49",
        "9:15",
        "9:49",
        "10:29",
        "10:49",
        "11:04",
        "11:29",
        "11:49",
        "12:04",
        "12:29",
        "13:14",
        "13:34",
        "13:59",
        "14:14",
        "14:34",
        "14:59",
        "15:34",
        "15:59",
        "16:14",
        "16:39",
        "17:14",
        "17:19",
        "17:24",
        "17:34",
        "17:44",
        "17:54",
        "18:04",
        "18:19",
        "18:39",
        "18:59",
        "19:29",
        "19:54",
        "20:14",
        "20:54",
        "21:14"
    ],
    "saturday": [
        "6:36",
        "7:29",
        "7:59",
        "8:59",
        "9:29",
        "10:04",
        "10:29",
        "11:29",
        "11:59",
        "12:29",
        "13:29",
        "13:59",
        "14:29",
        "15:29",
        "15:59",
        "16:24",
        "17:34",
        "17:59",
        "18:39",
        "19:29",
        "20:33"
    ],
    "holiday": [
        "6:36",
        "7:29",
        "7:59",
        "8:59",
        "9:29",
        "10:04",
        "10:29",
        "11:29",
        "11:59",
        "12:29",
        "13:29",
        "13:59",
        "14:29",
        "15:29",
        "15:59",
        "16:24",
        "17:34",
        "17:59",
        "18:39",
        "19:29"
    ],
    "url": "https://www.kanachu.co.jp/dia/diagram/timetable01_js/course:0000801299-12/node:00127632/kt:0/lname:/"
}
