{
    "date": "2025/11/16",
    "name": "平塚球場",
    "position": "-",
    "system": "平65",
    "destinations": [
        "総合公園(平塚市)",
        "美術館入口(平塚市)",
        "江陽中学校前(平塚市)",
        "崇善小学校前",
        "明石町(平塚市)",
        "明石町一丁目",
        "四ツ角(平塚市)",
        "平塚駅北口"
    ],
    "weekday": [
        "6:09",
        "6:47",
        "7:20",
        "7:44",
        "8:52",
        "9:18",
        "9:52",
        "10:32",
        "10:52",
        "11:07",
        "11:32",
        "11:52",
        "12:07",
        "12:32",
        "13:17",
        "13:37",
        "14:02",
        "14:17",
        "14:37",
        "15:02",
        "15:37",
        "16:02",
        "16:17",
        "16:42",
        "17:17",
        "17:22",
        "17:27",
        "17:37",
        "17:47",
        "17:57",
        "18:07",
        "18:22",
        "18:42",
        "19:02",
        "19:32",
        "19:57",
        "20:17",
        "20:57",
        "21:17"
    ],
    "saturday": [
        "6:39",
        "7:32",
        "8:02",
        "9:02",
        "9:32",
        "10:07",
        "10:32",
        "11:32",
        "12:02",
        "12:32",
        "13:32",
        "14:02",
        "14:32",
        "15:32",
        "16:02",
        "16:27",
        "17:37",
        "18:02",
        "18:42",
        "19:32",
        "20:36"
    ],
    "holiday": [
        "6:39",
        "7:32",
        "8:02",
        "9:02",
        "9:32",
        "10:07",
        "10:32",
        "11:32",
        "12:02",
        "12:32",
        "13:32",
        "14:02",
        "14:32",
        "15:32",
        "16:02",
        "16:27",
        "17:37",
        "18:02",
        "18:42",
        "19:32"
    ],
    "url": "https://www.kanachu.co.jp/dia/diagram/timetable01_js/course:0000801299-15/node:00127601/kt:0/lname:/"
}
