{
    "date": "2025/11/16",
    "name": "明石町(平塚市)",
    "position": "-",
    "system": "平65",
    "destinations": [
        "明石町一丁目",
        "四ツ角(平塚市)",
        "平塚駅北口"
    ],
    "weekday": [
        "6:14",
        "6:52",
        "7:25",
        "7:49",
        "8:57",
        "9:23",
        "9:57",
        "10:37",
        "10:57",
        "11:12",
        "11:37",
        "11:57",
        "12:12",
        "12:37",
        "13:22",
        "13:42",
        "14:07",
        "14:22",
        "14:42",
        "15:07",
        "15:42",
        "16:07",
        "16:22",
        "16:47",
        "17:22",
        "17:27",
        "17:32",
        "17:42",
        "17:52",
        "18:02",
        "18:12",
        "18:27",
        "18:47",
        "19:07",
        "19:37",
        "20:02",
        "20:22",
        "21:02",
        "21:22"
    ],
    "saturday": [
        "6:44",
        "7:37",
        "8:07",
        "9:07",
        "9:37",
        "10:12",
        "10:37",
        "11:37",
        "12:07",
        "12:37",
        "13:37",
        "14:07",
        "14:37",
        "15:37",
        "16:07",
        "16:32",
        "17:42",
        "18:07",
        "18:47",
        "19:37",
        "20:41"
    ],
    "holiday": [
        "6:44",
        "7:37",
        "8:07",
        "9:07",
        "9:37",
        "10:12",
        "10:37",
        "11:37",
        "12:07",
        "12:37",
        "13:37",
        "14:07",
        "14:37",
        "15:37",
        "16:07",
        "16:32",
        "17:42",
        "18:07",
        "18:47",
        "19:37"
    ],
    "url": "https://www.kanachu.co.jp/dia/diagram/timetable01_js/course:0000801299-20/node:00127458/kt:0/lname:/"
}
