{
    "system": "平65",
    "busstops": [
        {
            "index": "1",
            "id": "00114295",
            "name": "田村車庫",
            "lat": "35.376016",
            "lng": "139.358556"
        },
        {
            "index": "2",
            "id": "00127616",
            "name": "横内四ツ角",
            "lat": "35.376046",
            "lng": "139.350863"
        },
        {
            "index": "3",
            "id": "00127640",
            "name": "大島住宅",
            "lat": "35.377734",
            "lng": "139.344882"
        },
        {
            "index": "4",
            "id": "00127639",
            "name": "大島北",
            "lat": "35.377592",
            "lng": "139.342867"
        },
        {
            "index": "5",
            "id": "00127638",
            "name": "大島(平塚市)",
            "lat": "35.375383",
            "lng": "139.342466"
        },
        {
            "index": "6",
            "id": "00127637",
            "name": "四ツ谷入口(平塚市)",
            "lat": "35.371913",
            "lng": "139.342248"
        },
        {
            "index": "7",
            "id": "00127636",
            "name": "下島(平塚市)",
            "lat": "35.36977",
            "lng": "139.342252"
        },
        {
            "index": "8",
            "id": "00127635",
            "name": "美里",
            "lat": "35.366347",
            "lng": "139.342398"
        },
        {
            "index": "9",
            "id": "00127634",
            "name": "打間木上",
            "lat": "35.364459",
            "lng": "139.342519"
        },
        {
            "index": "10",
            "id": "00127633",
            "name": "打間木下",
            "lat": "35.362132",
            "lng": "139.342391"
        },
        {
            "index": "11",
            "id": "00127693",
            "name": "湘南車検場前",
            "lat": "35.35957",
            "lng": "139.341914"
        },
        {
            "index": "12",
            "id": "00127632",
            "name": "三菱ケミカル前",
            "lat": "35.356018",
            "lng": "139.342385"
        },
        {
            "index": "13",
            "id": "00127631",
            "name": "第一三共前(平塚市)",
            "lat": "35.349631",
            "lng": "139.343696"
        },
        {
            "index": "14",
            "id": "00127630",
            "name": "北新町",
            "lat": "35.347149",
            "lng": "139.344198"
        },
        {
            "index": "15",
            "id": "00127601",
            "name": "平塚球場",
            "lat": "35.345337",
            "lng": "139.344604"
        },
        {
            "index": "16",
            "id": "00127600",
            "name": "総合公園(平塚市)",
            "lat": "35.341195",
            "lng": "139.345521"
        },
        {
            "index": "17",
            "id": "00127599",
            "name": "美術館入口(平塚市)",
            "lat": "35.337783",
            "lng": "139.346282"
        },
        {
            "index": "18",
            "id": "00127598",
            "name": "江陽中学校前(平塚市)",
            "lat": "35.335617",
            "lng": "139.346665"
        },
        {
            "index": "19",
            "id": "00127597",
            "name": "崇善小学校前",
            "lat": "35.333384",
            "lng": "139.346774"
        },
        {
            "index": "20",
            "id": "00127458",
            "name": "明石町(平塚市)",
            "lat": "35.331841",
            "lng": "139.347093"
        },
        {
            "index": "21",
            "id": "00127457",
            "name": "明石町一丁目",
            "lat": "35.331473",
            "lng": "139.348777"
        },
        {
            "index": "22",
            "id": "00127190",
            "name": "四ツ角(平塚市)",
            "lat": "35.330399",
            "lng": "139.350432"
        },
        {
            "index": "23",
            "id": "00127464",
            "name": "平塚駅北口",
            "lat": "35.329356",
            "lng": "139.350577"
        }
    ],
    "route_url": "https://www.kanachu.co.jp/dia/route/index/cid:0000801299/"
}
