{
    "date": "2025/04/01",
    "name": "大蔵(鶴川郵便局前/町田市)",
    "position": "-",
    "system": "鶴66",
    "destinations": [
        "春日台",
        "山王ガーデン入口",
        "山王ガーデン",
        "綾部入口",
        "袋橋",
        "田中入口",
        "野津田車庫"
    ],
    "weekday": [
        "7:31",
        "8:37",
        "9:31",
        "10:31",
        "11:31",
        "12:32",
        "13:31",
        "14:31",
        "15:31",
        "16:31",
        "17:32",
        "18:37",
        "19:37",
        "20:31"
    ],
    "saturday": [
        "8:31",
        "9:31",
        "10:31",
        "11:31",
        "12:38",
        "13:31",
        "14:31",
        "15:31",
        "16:31",
        "17:38",
        "18:35",
        "19:37",
        "20:20"
    ],
    "holiday": [
        "9:31",
        "10:31",
        "11:31",
        "12:38",
        "13:31",
        "14:31",
        "15:31",
        "16:31",
        "17:38",
        "18:35",
        "19:37"
    ],
    "url": "https://www.kanachu.co.jp/dia/diagram/timetable01_js/course:0000803472-6/node:00129435/kt:0/lname:/"
}
