{
    "date": "2024/04/01",
    "name": "高砂車庫前",
    "position": "-",
    "system": "秦52",
    "destinations": [
        "高砂(秦野市)",
        "田原入口",
        "六反地",
        "榎木堂",
        "宮上(秦野市)",
        "宮前(秦野市)",
        "上大道",
        "大道(秦野市)",
        "上宿通り",
        "大川橋(秦野市)",
        "まほろば大橋",
        "秦野駅"
    ],
    "weekday": [
        "5:37",
        "5:54",
        "6:11",
        "6:40",
        "7:18",
        "16:58",
        "17:14",
        "17:50",
        "18:15"
    ],
    "saturday": [
        "6:20",
        "8:31",
        "9:04",
        "11:36",
        "13:32",
        "15:00",
        "15:30"
    ],
    "holiday": [
        "6:20",
        "8:31",
        "9:04",
        "11:36",
        "13:32",
        "15:00",
        "15:30"
    ],
    "url": "https://www.kanachu.co.jp/dia/diagram/timetable01_js/course:0000803375-1/node:00127928/kt:0/lname:/"
}
