{
    "date": "2024/04/01",
    "name": "六反地",
    "position": "-",
    "system": "秦52",
    "destinations": [
        "榎木堂",
        "宮上(秦野市)",
        "宮前(秦野市)",
        "上大道",
        "大道(秦野市)",
        "上宿通り",
        "大川橋(秦野市)",
        "まほろば大橋",
        "秦野駅"
    ],
    "weekday": [
        "5:39",
        "5:56",
        "6:13",
        "6:42",
        "7:20",
        "17:00",
        "17:16",
        "17:52",
        "18:17"
    ],
    "saturday": [
        "6:22",
        "8:33",
        "9:06",
        "11:38",
        "13:34",
        "15:02",
        "15:32"
    ],
    "holiday": [
        "6:22",
        "8:33",
        "9:06",
        "11:38",
        "13:34",
        "15:02",
        "15:32"
    ],
    "url": "https://www.kanachu.co.jp/dia/diagram/timetable01_js/course:0000803375-4/node:00127881/kt:0/lname:/"
}
