{
    "date": "2024/04/01",
    "name": "宮前(秦野市)",
    "position": "-",
    "system": "秦52",
    "destinations": [
        "上大道",
        "大道(秦野市)",
        "上宿通り",
        "大川橋(秦野市)",
        "まほろば大橋",
        "秦野駅"
    ],
    "weekday": [
        "5:41",
        "5:58",
        "6:15",
        "6:44",
        "7:23",
        "17:04",
        "17:20",
        "17:56",
        "18:21"
    ],
    "saturday": [
        "6:24",
        "8:35",
        "9:08",
        "11:40",
        "13:36",
        "15:04",
        "15:34"
    ],
    "holiday": [
        "6:24",
        "8:35",
        "9:08",
        "11:40",
        "13:36",
        "15:04",
        "15:34"
    ],
    "url": "https://www.kanachu.co.jp/dia/diagram/timetable01_js/course:0000803375-7/node:00127878/kt:0/lname:/"
}
