{
    "date": "2024/04/01",
    "name": "大川橋(秦野市)",
    "position": "-",
    "system": "秦52",
    "destinations": [
        "まほろば大橋",
        "秦野駅"
    ],
    "weekday": [
        "5:46",
        "6:03",
        "6:20",
        "6:49",
        "7:28",
        "17:09",
        "17:25",
        "18:01",
        "18:26"
    ],
    "saturday": [
        "6:29",
        "8:40",
        "9:13",
        "11:45",
        "13:41",
        "15:09",
        "15:39"
    ],
    "holiday": [
        "6:29",
        "8:40",
        "9:13",
        "11:45",
        "13:41",
        "15:09",
        "15:39"
    ],
    "url": "https://www.kanachu.co.jp/dia/diagram/timetable01_js/course:0000803375-11/node:00127716/kt:0/lname:/"
}
