{
    "date": "2025/08/30",
    "name": "保土ヶ谷駅東口",
    "position": "-",
    "system": "戸38",
    "destinations": [
        "保土ヶ谷橋",
        "八幡橋(横浜市保土ケ谷区)",
        "保土ヶ谷町2丁目",
        "樹源寺前",
        "元町橋交番前",
        "権太坂",
        "権太坂上",
        "児童遊園地入口",
        "狩場町",
        "平和台",
        "山谷(横浜市戸塚区)",
        "坂下口",
        "国道平戸",
        "品濃口",
        "赤関橋",
        "柏尾(横浜市戸塚区)",
        "ポーラ前(横浜市戸塚区)",
        "不動坂(横浜市戸塚区)",
        "ブリヂストン前",
        "元町(横浜市戸塚区)",
        "矢部町",
        "戸塚駅東口"
    ],
    "weekday": [
        "7:02",
        "7:17",
        "7:36",
        "7:48",
        "8:01",
        "8:16",
        "8:31",
        "8:52",
        "9:12",
        "9:35",
        "9:56",
        "10:18",
        "10:38",
        "10:58",
        "11:18",
        "11:38",
        "11:58",
        "12:18",
        "12:38",
        "12:58",
        "13:18",
        "13:38",
        "13:58",
        "14:18",
        "14:38",
        "14:58",
        "15:18",
        "15:38",
        "15:58",
        "16:18",
        "16:38",
        "16:58",
        "17:18",
        "17:38",
        "17:58",
        "18:18",
        "18:38",
        "18:58",
        "19:18",
        "19:35",
        "19:50",
        "20:07",
        "20:27",
        "21:02",
        "21:32",
        "22:06"
    ],
    "saturday": [
        "6:45",
        "7:09",
        "7:50",
        "8:10",
        "8:33",
        "9:12",
        "9:33",
        "9:52",
        "10:12",
        "10:56",
        "11:20",
        "11:58",
        "12:20",
        "12:58",
        "13:20",
        "13:58",
        "14:20",
        "14:58",
        "15:20",
        "15:38",
        "15:58",
        "16:20",
        "16:38",
        "16:58",
        "17:18",
        "17:38",
        "17:58",
        "18:18",
        "18:38",
        "18:58",
        "19:18",
        "19:31",
        "19:52",
        "20:20",
        "21:00",
        "22:01"
    ],
    "holiday": [
        "6:45",
        "7:09",
        "7:50",
        "8:10",
        "8:33",
        "9:12",
        "9:33",
        "9:52",
        "10:12",
        "10:56",
        "11:20",
        "11:58",
        "12:20",
        "12:58",
        "13:20",
        "13:58",
        "14:20",
        "14:58",
        "15:20",
        "15:38",
        "15:58",
        "16:20",
        "16:38",
        "16:58",
        "17:18",
        "17:38",
        "17:58",
        "18:18",
        "18:38",
        "18:58",
        "19:18",
        "19:31",
        "19:52",
        "20:20",
        "21:00",
        "22:01"
    ],
    "url": "https://www.kanachu.co.jp/dia/diagram/timetable01_js/course:0000802858-1/node:00103043/kt:0/lname:/"
}
