{
    "date": "2025/08/30",
    "name": "保土ヶ谷橋",
    "position": "-",
    "system": "戸38",
    "destinations": [
        "八幡橋(横浜市保土ケ谷区)",
        "保土ヶ谷町2丁目",
        "樹源寺前",
        "元町橋交番前",
        "権太坂",
        "権太坂上",
        "児童遊園地入口",
        "狩場町",
        "平和台",
        "山谷(横浜市戸塚区)",
        "坂下口",
        "国道平戸",
        "品濃口",
        "赤関橋",
        "柏尾(横浜市戸塚区)",
        "ポーラ前(横浜市戸塚区)",
        "不動坂(横浜市戸塚区)",
        "ブリヂストン前",
        "元町(横浜市戸塚区)",
        "矢部町",
        "戸塚駅東口"
    ],
    "weekday": [
        "7:04",
        "7:19",
        "7:38",
        "7:50",
        "8:03",
        "8:18",
        "8:33",
        "8:54",
        "9:14",
        "9:37",
        "9:58",
        "10:20",
        "10:40",
        "11:00",
        "11:20",
        "11:40",
        "12:00",
        "12:20",
        "12:40",
        "13:00",
        "13:20",
        "13:40",
        "14:00",
        "14:20",
        "14:40",
        "15:00",
        "15:20",
        "15:40",
        "16:00",
        "16:20",
        "16:40",
        "17:00",
        "17:20",
        "17:40",
        "18:00",
        "18:20",
        "18:40",
        "19:00",
        "19:20",
        "19:37",
        "19:52",
        "20:09",
        "20:29",
        "21:04",
        "21:34",
        "22:08"
    ],
    "saturday": [
        "6:47",
        "7:11",
        "7:52",
        "8:12",
        "8:35",
        "9:14",
        "9:35",
        "9:54",
        "10:14",
        "10:58",
        "11:22",
        "12:00",
        "12:22",
        "13:00",
        "13:22",
        "14:00",
        "14:22",
        "15:00",
        "15:22",
        "15:40",
        "16:00",
        "16:22",
        "16:40",
        "17:00",
        "17:20",
        "17:40",
        "18:00",
        "18:20",
        "18:40",
        "19:00",
        "19:20",
        "19:33",
        "19:54",
        "20:22",
        "21:02",
        "22:03"
    ],
    "holiday": [
        "6:47",
        "7:11",
        "7:52",
        "8:12",
        "8:35",
        "9:14",
        "9:35",
        "9:54",
        "10:14",
        "10:58",
        "11:22",
        "12:00",
        "12:22",
        "13:00",
        "13:22",
        "14:00",
        "14:22",
        "15:00",
        "15:22",
        "15:40",
        "16:00",
        "16:22",
        "16:40",
        "17:00",
        "17:20",
        "17:40",
        "18:00",
        "18:20",
        "18:40",
        "19:00",
        "19:20",
        "19:33",
        "19:54",
        "20:22",
        "21:02",
        "22:03"
    ],
    "url": "https://www.kanachu.co.jp/dia/diagram/timetable01_js/course:0000802858-2/node:00103042/kt:0/lname:/"
}
