{
    "date": "2025/08/30",
    "name": "山谷(横浜市戸塚区)",
    "position": "-",
    "system": "戸38",
    "destinations": [
        "坂下口",
        "国道平戸",
        "品濃口",
        "赤関橋",
        "柏尾(横浜市戸塚区)",
        "ポーラ前(横浜市戸塚区)",
        "不動坂(横浜市戸塚区)",
        "ブリヂストン前",
        "元町(横浜市戸塚区)",
        "矢部町",
        "戸塚駅東口"
    ],
    "weekday": [
        "7:21",
        "7:36",
        "7:55",
        "8:07",
        "8:20",
        "8:35",
        "8:50",
        "9:11",
        "9:31",
        "9:54",
        "10:15",
        "10:37",
        "10:57",
        "11:17",
        "11:37",
        "11:57",
        "12:17",
        "12:37",
        "12:57",
        "13:17",
        "13:37",
        "13:57",
        "14:17",
        "14:37",
        "14:57",
        "15:17",
        "15:37",
        "15:57",
        "16:17",
        "16:37",
        "16:57",
        "17:17",
        "17:37",
        "17:57",
        "18:17",
        "18:37",
        "18:57",
        "19:13",
        "19:33",
        "19:50",
        "20:05",
        "20:22",
        "20:42",
        "21:17",
        "21:47",
        "22:21"
    ],
    "saturday": [
        "6:58",
        "7:22",
        "8:03",
        "8:26",
        "8:49",
        "9:28",
        "9:49",
        "10:09",
        "10:31",
        "11:15",
        "11:39",
        "12:17",
        "12:39",
        "13:17",
        "13:39",
        "14:17",
        "14:39",
        "15:17",
        "15:39",
        "15:57",
        "16:17",
        "16:39",
        "16:57",
        "17:17",
        "17:37",
        "17:57",
        "18:17",
        "18:37",
        "18:57",
        "19:13",
        "19:33",
        "19:46",
        "20:07",
        "20:35",
        "21:15",
        "22:16"
    ],
    "holiday": [
        "6:58",
        "7:22",
        "8:03",
        "8:26",
        "8:49",
        "9:28",
        "9:49",
        "10:09",
        "10:31",
        "11:15",
        "11:39",
        "12:17",
        "12:39",
        "13:17",
        "13:39",
        "14:17",
        "14:39",
        "15:17",
        "15:39",
        "15:57",
        "16:17",
        "16:39",
        "16:57",
        "17:17",
        "17:37",
        "17:57",
        "18:17",
        "18:37",
        "18:57",
        "19:13",
        "19:33",
        "19:46",
        "20:07",
        "20:35",
        "21:15",
        "22:16"
    ],
    "url": "https://www.kanachu.co.jp/dia/diagram/timetable01_js/course:0000802858-12/node:00126620/kt:0/lname:/"
}
