{
    "date": "2025/08/30",
    "name": "赤関橋",
    "position": "-",
    "system": "戸38",
    "destinations": [
        "柏尾(横浜市戸塚区)",
        "ポーラ前(横浜市戸塚区)",
        "不動坂(横浜市戸塚区)",
        "ブリヂストン前",
        "元町(横浜市戸塚区)",
        "矢部町",
        "戸塚駅東口"
    ],
    "weekday": [
        "7:29",
        "7:44",
        "8:03",
        "8:15",
        "8:28",
        "8:43",
        "8:58",
        "9:19",
        "9:39",
        "10:02",
        "10:23",
        "10:45",
        "11:05",
        "11:25",
        "11:45",
        "12:05",
        "12:25",
        "12:45",
        "13:05",
        "13:25",
        "13:45",
        "14:05",
        "14:25",
        "14:45",
        "15:05",
        "15:25",
        "15:45",
        "16:05",
        "16:25",
        "16:45",
        "17:05",
        "17:25",
        "17:45",
        "18:05",
        "18:25",
        "18:45",
        "19:04",
        "19:20",
        "19:40",
        "19:57",
        "20:12",
        "20:29",
        "20:49",
        "21:24",
        "21:54",
        "22:28"
    ],
    "saturday": [
        "7:05",
        "7:29",
        "8:11",
        "8:34",
        "8:57",
        "9:36",
        "9:57",
        "10:17",
        "10:39",
        "11:23",
        "11:47",
        "12:25",
        "12:47",
        "13:25",
        "13:47",
        "14:25",
        "14:47",
        "15:25",
        "15:47",
        "16:05",
        "16:25",
        "16:47",
        "17:05",
        "17:25",
        "17:45",
        "18:05",
        "18:25",
        "18:45",
        "19:04",
        "19:20",
        "19:40",
        "19:53",
        "20:14",
        "20:42",
        "21:22",
        "22:23"
    ],
    "holiday": [
        "7:05",
        "7:29",
        "8:11",
        "8:34",
        "8:57",
        "9:36",
        "9:57",
        "10:17",
        "10:39",
        "11:23",
        "11:47",
        "12:25",
        "12:47",
        "13:25",
        "13:47",
        "14:25",
        "14:47",
        "15:25",
        "15:47",
        "16:05",
        "16:25",
        "16:47",
        "17:05",
        "17:25",
        "17:45",
        "18:05",
        "18:25",
        "18:45",
        "19:04",
        "19:20",
        "19:40",
        "19:53",
        "20:14",
        "20:42",
        "21:22",
        "22:23"
    ],
    "url": "https://www.kanachu.co.jp/dia/diagram/timetable01_js/course:0000802858-16/node:00126616/kt:0/lname:/"
}
