{
    "date": "2025/08/30",
    "name": "元町(横浜市戸塚区)",
    "position": "-",
    "system": "戸38",
    "destinations": [
        "矢部町",
        "戸塚駅東口"
    ],
    "weekday": [
        "7:37",
        "7:52",
        "8:11",
        "8:23",
        "8:36",
        "8:51",
        "9:06",
        "9:27",
        "9:47",
        "10:10",
        "10:31",
        "10:53",
        "11:13",
        "11:33",
        "11:53",
        "12:13",
        "12:33",
        "12:53",
        "13:13",
        "13:33",
        "13:53",
        "14:13",
        "14:33",
        "14:53",
        "15:13",
        "15:33",
        "15:53",
        "16:13",
        "16:33",
        "16:53",
        "17:13",
        "17:33",
        "17:53",
        "18:13",
        "18:33",
        "18:53",
        "19:11",
        "19:27",
        "19:47",
        "20:04",
        "20:19",
        "20:36",
        "20:56",
        "21:31",
        "22:01",
        "22:35"
    ],
    "saturday": [
        "7:12",
        "7:36",
        "8:19",
        "8:42",
        "9:05",
        "9:44",
        "10:05",
        "10:25",
        "10:47",
        "11:31",
        "11:55",
        "12:33",
        "12:55",
        "13:33",
        "13:55",
        "14:33",
        "14:55",
        "15:33",
        "15:55",
        "16:13",
        "16:33",
        "16:55",
        "17:13",
        "17:33",
        "17:53",
        "18:13",
        "18:33",
        "18:53",
        "19:11",
        "19:27",
        "19:47",
        "20:00",
        "20:21",
        "20:49",
        "21:29",
        "22:30"
    ],
    "holiday": [
        "7:12",
        "7:36",
        "8:19",
        "8:42",
        "9:05",
        "9:44",
        "10:05",
        "10:25",
        "10:47",
        "11:31",
        "11:55",
        "12:33",
        "12:55",
        "13:33",
        "13:55",
        "14:33",
        "14:55",
        "15:33",
        "15:55",
        "16:13",
        "16:33",
        "16:55",
        "17:13",
        "17:33",
        "17:53",
        "18:13",
        "18:33",
        "18:53",
        "19:11",
        "19:27",
        "19:47",
        "20:00",
        "20:21",
        "20:49",
        "21:29",
        "22:30"
    ],
    "url": "https://www.kanachu.co.jp/dia/diagram/timetable01_js/course:0000802858-21/node:00126611/kt:0/lname:/"
}
