{
    "date": "2025/03/15",
    "name": "諸之木",
    "position": "-",
    "system": "辻34",
    "destinations": [
        "刈込(藤沢市)",
        "湘南ライフタウン",
        "滝の沢不動前",
        "滝の沢(藤沢市)",
        "駒寄",
        "二番構保健医療センター",
        "ライフタウン中央(藤沢市)",
        "大庭小学校",
        "小糸",
        "南センター前(藤沢市)",
        "西高校前(藤沢市)",
        "有藤",
        "大庭隧道",
        "城南一丁目",
        "羽鳥一丁目",
        "神台公園前",
        "辻堂駅北口"
    ],
    "weekday": [
        "7:03",
        "7:45",
        "8:17",
        "8:37",
        "9:02",
        "9:38",
        "9:58",
        "10:21",
        "10:45",
        "11:02",
        "11:21",
        "11:45",
        "12:02",
        "12:21",
        "12:45",
        "13:02",
        "13:21",
        "13:45",
        "14:02",
        "14:21",
        "14:45",
        "15:02"
    ],
    "saturday": [],
    "holiday": [],
    "url": "https://www.kanachu.co.jp/dia/diagram/timetable01_js/course:0000802602-2/node:00129987/kt:0/lname:/"
}
