{
    "date": "2025/03/15",
    "name": "有藤",
    "position": "-",
    "system": "辻34",
    "destinations": [
        "大庭隧道",
        "城南一丁目",
        "羽鳥一丁目",
        "神台公園前",
        "辻堂駅北口"
    ],
    "weekday": [
        "7:21",
        "8:03",
        "8:33",
        "8:53",
        "9:18",
        "9:54",
        "10:14",
        "10:37",
        "11:01",
        "11:18",
        "11:37",
        "12:01",
        "12:18",
        "12:37",
        "13:01",
        "13:18",
        "13:37",
        "14:01",
        "14:18",
        "14:37",
        "15:01",
        "15:18"
    ],
    "saturday": [],
    "holiday": [],
    "url": "https://www.kanachu.co.jp/dia/diagram/timetable01_js/course:0000802602-14/node:00129938/kt:0/lname:/"
}
