{
  "date": "2024/07/08",
  "name": "町田バスセンター",
  "position": "2番のりば",
  "system": "町17",
  "destinations": [
    "境川団地",
    "木曽南団地",
    "町田総合高校前"
  ],
  "weekday": [
    "7:00",
    "8:00",
    "9:10",
    "10:10", "10:56",
    "12:00",
    "13:00",
    "14:00",
    "15:00",
    "16:10",
    "17:05",
    "18:15",
    "19:40"
  ],
  "saturday": [
    "7:20",
    "8:20",
    "9:20",
    "10:20",
    "11:20",
    "12:20",
    "13:20",
    "14:20",
    "15:20",
    "16:20",
    "17:20",
    "18:20",
    "19:20"
  ],
  "holiday": [
    "7:15",
    "8:15",
    "9:15",
    "10:15",
    "11:15",
    "12:15",
    "13:15",
    "14:15",
    "15:15",
    "16:15",
    "17:15",
    "18:15",
    "19:15"
  ]
}
