{
    "system": "町17",
    "destination": "淵野辺駅北口",
    "stations": [
        {
            "name": "町田バスセンター",
            "file": "01_machida_bus_center_2.json"
        },
        {
            "name": "町田市役所市民ホール前",
            "file": ""
        },
        {
            "name": "妙延寺(町田市)",
            "file": ""
        },
        {
            "name": "森野五丁目",
            "file": ""
        },
        {
            "name": "森野六丁目",
            "file": ""
        },
        {
            "name": "桧台入口",
            "file": ""
        },
        {
            "name": "木曽都営入口",
            "file": ""
        },
        {
            "name": "境川団地入口",
            "file": ""
        },
        {
            "name": "境川団地中央",
            "file": ""
        },
        {
            "name": "境川団地",
            "file": ""
        },
        {
            "name": "横町(町田市)",
            "file": ""
        },
        {
            "name": "木曽南団地",
            "file": ""
        },
        {
            "name": "町田総合高校前",
            "file": ""
        },
        {
            "name": "淡島公園入口",
            "file": ""
        },
        {
            "name": "根岸町内会館入口",
            "file": ""
        },
        {
            "name": "日向根トンネル",
            "file": ""
        },
        {
            "name": "矢部八幡前",
            "file": ""
        },
        {
            "name": "山王下(相模原市中央区)",
            "file": ""
        },
        {
            "name": "山王(相模原市中央区)",
            "file": ""
        },
        {
            "name": "小学校入口(相模原市中央区)",
            "file": ""
        },
        {
            "name": "淵野辺郵便局前",
            "file": ""
        },
        {
            "name": "幸町(相模原市中央区)",
            "file": ""
        },
        {
            "name": "淵野辺駅北口",
            "file": ""
        }
    ]
}
