{
  "date": "2025/04/01",
  "name": "小学校入口(相模原市中央区)",
  "position": "-",
  "system": "町17",
  "destinations": [
    "山王(相模原市中央区)",
    "山王下(相模原市中央区)",
    "矢部八幡前",
    "日向根トンネル",
    "根岸町内会館入口",
    "淡島公園入口",
    "町田総合高校前",
    "木曽南団地",
    "横町(町田市)",
    "境川団地",
    "境川団地中央",
    "境川団地入口",
    "木曽都営入口",
    "桧台入口",
    "森野六丁目",
    "森野五丁目",
    "妙延寺(町田市)",
    "町田市役所市民ホール前",
    "町田バスセンター"
  ],
  "weekday": [
    "6:32",
    "7:27",
    "8:37",
    "9:51",
    "10:51",
    "11:36",
    "12:37",
    "13:37",
    "14:37",
    "15:37",
    "16:51",
    "17:47",
    "18:51",
    "19:11"
  ],
  "saturday": [
    "6:42",
    "7:56",
    "8:56",
    "9:56",
    "10:56",
    "11:56",
    "12:56",
    "13:56",
    "14:56",
    "15:56",
    "16:56",
    "17:56",
    "18:56",
    "19:56"
  ],
  "holiday": [
    "6:42",
    "7:47",
    "8:56",
    "9:56",
    "10:56",
    "11:56",
    "12:56",
    "13:56",
    "14:56",
    "15:56",
    "16:56",
    "17:59",
    "18:56",
    "19:56"
  ],
  "url": "https://www.kanachu.co.jp/dia/diagram/timetable01_js/course:0000803215-4/node:00129159/kt:0/lname:/"
}