{
  "date": "2025/04/01",
  "name": "横町(町田市)",
  "position": "-",
  "system": "町17",
  "destinations": [
    "境川団地",
    "境川団地中央",
    "境川団地入口",
    "木曽都営入口",
    "桧台入口",
    "森野六丁目",
    "森野五丁目",
    "妙延寺(町田市)",
    "町田市役所市民ホール前",
    "町田バスセンター"
  ],
  "weekday": [
    "6:43",
    "7:38",
    "8:48",
    "10:02",
    "11:02",
    "11:47",
    "12:48",
    "13:48",
    "14:48",
    "15:48",
    "17:02",
    "17:58",
    "19:02",
    "19:22"
  ],
  "saturday": [
    "6:52",
    "8:06",
    "9:07",
    "10:07",
    "11:07",
    "12:07",
    "13:07",
    "14:07",
    "15:07",
    "16:07",
    "17:07",
    "18:07",
    "19:06",
    "20:06"
  ],
  "holiday": [
    "6:52",
    "7:57",
    "9:07",
    "10:07",
    "11:07",
    "12:07",
    "13:07",
    "14:07",
    "15:07",
    "16:07",
    "17:07",
    "18:09",
    "19:06",
    "20:06"
  ],
  "url": "https://www.kanachu.co.jp/dia/diagram/timetable01_js/course:0000803215-13/node:00129383/kt:0/lname:/"
}