{
    "date": "2025/11/16",
    "name": "又口橋",
    "position": "-",
    "system": "",
    "destinations": [
        "港神境",
        "菅田町入口",
        "八反橋",
        "羽沢下町",
        "羽沢町",
        "東泉寺前",
        "羽沢団地前",
        "三枚町",
        "生花市場前",
        "羽沢横浜国大駅前",
        "高山(横浜市神奈川区)",
        "羽沢南",
        "池の谷戸(横浜市保土ケ谷区)",
        "川島住宅",
        "杉山神社前(横浜市保土ケ谷区)",
        "上星川",
        "保土ヶ谷中学校前",
        "和田町(横浜市保土ケ谷区)",
        "常盤園下",
        "峰岡町",
        "峯小学校前",
        "宮田町(横浜市保土ケ谷区)",
        "洪福寺",
        "天王町(横浜市保土ケ谷区)",
        "天王町駅前",
        "大門通",
        "帷子町会館前",
        "保土ヶ谷駅西口"
    ],
    "weekday": [
        "6:46",
        "7:46",
        "8:27",
        "9:26",
        "10:26",
        "11:26",
        "12:26",
        "13:26",
        "14:26",
        "15:26",
        "16:26",
        "17:26",
        "18:26"
    ],
    "saturday": [
        "7:02",
        "8:03",
        "9:03",
        "10:02",
        "11:02",
        "12:05",
        "13:02",
        "14:02",
        "15:04",
        "16:02",
        "17:02",
        "18:04"
    ],
    "holiday": [
        "7:02",
        "8:04",
        "9:03",
        "10:02",
        "11:02",
        "12:02",
        "13:02",
        "14:02",
        "15:04",
        "16:02",
        "17:02",
        "18:02"
    ],
    "url": "https://www.kanachu.co.jp/dia/diagram/timetable01_js/course:0000802228-2/node:00019667/kt:0/lname:/"
}
