{
    "date": "2025/11/16",
    "name": "港神境",
    "position": "-",
    "system": "",
    "destinations": [
        "菅田町入口",
        "八反橋",
        "羽沢下町",
        "羽沢町",
        "東泉寺前",
        "羽沢団地前",
        "三枚町",
        "生花市場前",
        "羽沢横浜国大駅前",
        "高山(横浜市神奈川区)",
        "羽沢南",
        "池の谷戸(横浜市保土ケ谷区)",
        "川島住宅",
        "杉山神社前(横浜市保土ケ谷区)",
        "上星川",
        "保土ヶ谷中学校前",
        "和田町(横浜市保土ケ谷区)",
        "常盤園下",
        "峰岡町",
        "峯小学校前",
        "宮田町(横浜市保土ケ谷区)",
        "洪福寺",
        "天王町(横浜市保土ケ谷区)",
        "天王町駅前",
        "大門通",
        "帷子町会館前",
        "保土ヶ谷駅西口"
    ],
    "weekday": [
        "6:48",
        "7:48",
        "8:29",
        "9:28",
        "10:28",
        "11:28",
        "12:28",
        "13:28",
        "14:28",
        "15:28",
        "16:28",
        "17:28",
        "18:28"
    ],
    "saturday": [
        "7:04",
        "8:05",
        "9:05",
        "10:04",
        "11:04",
        "12:07",
        "13:04",
        "14:04",
        "15:06",
        "16:05",
        "17:05",
        "18:07"
    ],
    "holiday": [
        "7:04",
        "8:06",
        "9:05",
        "10:04",
        "11:04",
        "12:04",
        "13:04",
        "14:04",
        "15:06",
        "16:05",
        "17:05",
        "18:05"
    ],
    "url": "https://www.kanachu.co.jp/dia/diagram/timetable01_js/course:0000802228-3/node:00102493/kt:0/lname:/"
}
