{
    "date": "2025/11/16",
    "name": "羽沢横浜国大駅前",
    "position": "-",
    "system": "",
    "destinations": [
        "高山(横浜市神奈川区)",
        "羽沢南",
        "池の谷戸(横浜市保土ケ谷区)",
        "川島住宅",
        "杉山神社前(横浜市保土ケ谷区)",
        "上星川",
        "保土ヶ谷中学校前",
        "和田町(横浜市保土ケ谷区)",
        "常盤園下",
        "峰岡町",
        "峯小学校前",
        "宮田町(横浜市保土ケ谷区)",
        "洪福寺",
        "天王町(横浜市保土ケ谷区)",
        "天王町駅前",
        "大門通",
        "帷子町会館前",
        "保土ヶ谷駅西口"
    ],
    "weekday": [
        "7:00",
        "8:02",
        "8:43",
        "9:40",
        "10:40",
        "11:42",
        "12:42",
        "13:42",
        "14:42",
        "15:42",
        "16:42",
        "17:42",
        "18:42"
    ],
    "saturday": [
        "7:15",
        "8:17",
        "9:17",
        "10:16",
        "11:16",
        "12:19",
        "13:16",
        "14:17",
        "15:19",
        "16:18",
        "17:18",
        "18:20"
    ],
    "holiday": [
        "7:15",
        "8:18",
        "9:17",
        "10:16",
        "11:16",
        "12:16",
        "13:16",
        "14:17",
        "15:19",
        "16:18",
        "17:18",
        "18:18"
    ],
    "url": "https://www.kanachu.co.jp/dia/diagram/timetable01_js/course:0000802228-12/node:00129779/kt:0/lname:/"
}
