{
    "date": "2025/11/16",
    "name": "高山(横浜市神奈川区)",
    "position": "-",
    "system": "",
    "destinations": [
        "羽沢南",
        "池の谷戸(横浜市保土ケ谷区)",
        "川島住宅",
        "杉山神社前(横浜市保土ケ谷区)",
        "上星川",
        "保土ヶ谷中学校前",
        "和田町(横浜市保土ケ谷区)",
        "常盤園下",
        "峰岡町",
        "峯小学校前",
        "宮田町(横浜市保土ケ谷区)",
        "洪福寺",
        "天王町(横浜市保土ケ谷区)",
        "天王町駅前",
        "大門通",
        "帷子町会館前",
        "保土ヶ谷駅西口"
    ],
    "weekday": [
        "7:01",
        "8:03",
        "8:44",
        "9:41",
        "10:41",
        "11:43",
        "12:43",
        "13:43",
        "14:43",
        "15:43",
        "16:43",
        "17:43",
        "18:43"
    ],
    "saturday": [
        "7:16",
        "8:18",
        "9:18",
        "10:17",
        "11:17",
        "12:20",
        "13:17",
        "14:18",
        "15:20",
        "16:19",
        "17:19",
        "18:21"
    ],
    "holiday": [
        "7:16",
        "8:19",
        "9:18",
        "10:17",
        "11:17",
        "12:17",
        "13:17",
        "14:18",
        "15:20",
        "16:19",
        "17:19",
        "18:19"
    ],
    "url": "https://www.kanachu.co.jp/dia/diagram/timetable01_js/course:0000802228-13/node:00129778/kt:0/lname:/"
}
