{
    "date": "2025/11/16",
    "name": "池の谷戸(横浜市保土ケ谷区)",
    "position": "-",
    "system": "121",
    "destinations": [
        "川島住宅",
        "杉山神社前(横浜市保土ケ谷区)",
        "上星川",
        "保土ヶ谷中学校前",
        "和田町(横浜市保土ケ谷区)",
        "常盤園下",
        "峰岡町",
        "峯小学校前",
        "宮田町(横浜市保土ケ谷区)",
        "洪福寺",
        "天王町(横浜市保土ケ谷区)",
        "天王町駅前",
        "大門通",
        "帷子町会館前",
        "保土ヶ谷駅西口"
    ],
    "weekday": [
        "7:03",
        "8:05",
        "8:46",
        "9:43",
        "10:43",
        "11:45",
        "12:45",
        "13:45",
        "14:45",
        "15:45",
        "16:45",
        "17:45",
        "18:45"
    ],
    "saturday": [
        "7:18",
        "8:20",
        "9:20",
        "10:19",
        "11:19",
        "12:22",
        "13:19",
        "14:20",
        "15:22",
        "16:21",
        "17:21",
        "18:23"
    ],
    "holiday": [
        "7:18",
        "8:21",
        "9:20",
        "10:19",
        "11:19",
        "12:19",
        "13:19",
        "14:20",
        "15:22",
        "16:21",
        "17:21",
        "18:21"
    ],
    "url": "https://www.kanachu.co.jp/dia/diagram/timetable01_js/course:0000802228-15/node:00129776/kt:0/lname:/"
}
