{
    "date": "2025/11/16",
    "name": "川島住宅",
    "position": "-",
    "system": "",
    "destinations": [
        "杉山神社前(横浜市保土ケ谷区)",
        "上星川",
        "保土ヶ谷中学校前",
        "和田町(横浜市保土ケ谷区)",
        "常盤園下",
        "峰岡町",
        "峯小学校前",
        "宮田町(横浜市保土ケ谷区)",
        "洪福寺",
        "天王町(横浜市保土ケ谷区)",
        "天王町駅前",
        "大門通",
        "帷子町会館前",
        "保土ヶ谷駅西口"
    ],
    "weekday": [
        "7:04",
        "8:06",
        "8:47",
        "9:44",
        "10:44",
        "11:46",
        "12:46",
        "13:46",
        "14:46",
        "15:46",
        "16:46",
        "17:46",
        "18:46"
    ],
    "saturday": [
        "7:19",
        "8:21",
        "9:21",
        "10:20",
        "11:20",
        "12:23",
        "13:20",
        "14:21",
        "15:23",
        "16:22",
        "17:22",
        "18:24"
    ],
    "holiday": [
        "7:19",
        "8:22",
        "9:21",
        "10:20",
        "11:20",
        "12:20",
        "13:20",
        "14:21",
        "15:23",
        "16:22",
        "17:22",
        "18:22"
    ],
    "url": "https://www.kanachu.co.jp/dia/diagram/timetable01_js/course:0000802228-16/node:00129775/kt:0/lname:/"
}
