{
    "date": "2025/11/16",
    "name": "峯小学校前",
    "position": "-",
    "system": "121",
    "destinations": [
        "宮田町(横浜市保土ケ谷区)",
        "洪福寺",
        "天王町(横浜市保土ケ谷区)",
        "天王町駅前",
        "大門通",
        "帷子町会館前",
        "保土ヶ谷駅西口"
    ],
    "weekday": [
        "7:13",
        "8:15",
        "8:56",
        "9:53",
        "10:53",
        "11:54",
        "12:54",
        "13:54",
        "14:54",
        "15:54",
        "16:54",
        "17:55",
        "18:55"
    ],
    "saturday": [
        "7:28",
        "8:30",
        "9:30",
        "10:29",
        "11:29",
        "12:32",
        "13:29",
        "14:30",
        "15:32",
        "16:31",
        "17:31",
        "18:33"
    ],
    "holiday": [
        "7:28",
        "8:31",
        "9:30",
        "10:29",
        "11:29",
        "12:29",
        "13:29",
        "14:30",
        "15:32",
        "16:31",
        "17:31",
        "18:31"
    ],
    "url": "https://www.kanachu.co.jp/dia/diagram/timetable01_js/course:0000802228-23/node:00103135/kt:0/lname:/"
}
