{
    "date": "2025/11/16",
    "name": "洪福寺",
    "position": "-",
    "system": "121",
    "destinations": [
        "天王町(横浜市保土ケ谷区)",
        "天王町駅前",
        "大門通",
        "帷子町会館前",
        "保土ヶ谷駅西口"
    ],
    "weekday": [
        "7:16",
        "8:19",
        "9:00",
        "9:56",
        "10:56",
        "11:58",
        "12:58",
        "13:58",
        "14:58",
        "15:58",
        "16:58",
        "17:58",
        "18:58"
    ],
    "saturday": [
        "7:31",
        "8:33",
        "9:33",
        "10:32",
        "11:32",
        "12:35",
        "13:32",
        "14:33",
        "15:35",
        "16:34",
        "17:34",
        "18:36"
    ],
    "holiday": [
        "7:31",
        "8:34",
        "9:33",
        "10:32",
        "11:32",
        "12:32",
        "13:32",
        "14:33",
        "15:35",
        "16:34",
        "17:34",
        "18:34"
    ],
    "url": "https://www.kanachu.co.jp/dia/diagram/timetable01_js/course:0000802228-25/node:00102504/kt:0/lname:/"
}
