{
    "date": "2026/01/16",
    "name": "富士塚(横浜市泉区)",
    "position": "-",
    "system": "立01",
    "destinations": [
        "泉警察署前",
        "いずみ野駅",
        "グリーンハイム前",
        "松陽高校前",
        "三家(横浜市泉区)",
        "早稲田(横浜市泉区)",
        "ひなた山第一",
        "ひなた山バザール前",
        "ひなた山第二",
        "下瀬谷坂上",
        "下瀬谷橋",
        "下瀬谷三丁目",
        "下瀬谷中学校前",
        "北新東",
        "橋戸二丁目",
        "瀬谷四丁目",
        "瀬谷駅南口"
    ],
    "weekday": [
        "6:00",
        "6:25",
        "6:50",
        "7:15",
        "7:40",
        "8:05",
        "8:30",
        "9:03",
        "9:35",
        "10:05",
        "10:35",
        "11:05",
        "11:35",
        "12:05",
        "12:35",
        "13:05",
        "13:35",
        "14:05",
        "14:35",
        "15:05",
        "15:35",
        "16:05",
        "16:35",
        "17:05",
        "17:35",
        "18:05",
        "18:35",
        "19:05",
        "19:50",
        "20:50"
    ],
    "saturday": [
        "6:30",
        "7:05",
        "7:45",
        "8:25",
        "9:05",
        "9:45",
        "10:25",
        "11:05",
        "11:45",
        "12:25",
        "13:05",
        "13:45",
        "14:25",
        "15:05",
        "15:45",
        "16:25",
        "17:05",
        "17:45",
        "18:25",
        "19:25",
        "20:25"
    ],
    "holiday": [
        "6:30",
        "7:05",
        "7:45",
        "8:25",
        "9:05",
        "9:45",
        "10:25",
        "11:05",
        "11:45",
        "12:25",
        "13:05",
        "13:45",
        "14:25",
        "15:05",
        "15:45",
        "16:25",
        "17:05",
        "17:45",
        "18:25",
        "19:25",
        "20:25"
    ],
    "url": "https://www.kanachu.co.jp/dia/diagram/timetable01_js/course:0000804136-6/node:00126936/kt:0/lname:/"
}
