{
    "date": "2026/01/16",
    "name": "泉警察署前",
    "position": "-",
    "system": "立01",
    "destinations": [
        "いずみ野駅",
        "グリーンハイム前",
        "松陽高校前",
        "三家(横浜市泉区)",
        "早稲田(横浜市泉区)",
        "ひなた山第一",
        "ひなた山バザール前",
        "ひなた山第二",
        "下瀬谷坂上",
        "下瀬谷橋",
        "下瀬谷三丁目",
        "下瀬谷中学校前",
        "北新東",
        "橋戸二丁目",
        "瀬谷四丁目",
        "瀬谷駅南口"
    ],
    "weekday": [
        "6:01",
        "6:26",
        "6:51",
        "7:16",
        "7:41",
        "8:06",
        "8:31",
        "9:04",
        "9:36",
        "10:06",
        "10:36",
        "11:06",
        "11:36",
        "12:06",
        "12:36",
        "13:06",
        "13:36",
        "14:06",
        "14:36",
        "15:06",
        "15:36",
        "16:06",
        "16:36",
        "17:06",
        "17:36",
        "18:06",
        "18:36",
        "19:06",
        "19:51",
        "20:51"
    ],
    "saturday": [
        "6:31",
        "7:06",
        "7:46",
        "8:26",
        "9:06",
        "9:46",
        "10:26",
        "11:06",
        "11:46",
        "12:26",
        "13:06",
        "13:46",
        "14:26",
        "15:06",
        "15:46",
        "16:26",
        "17:06",
        "17:46",
        "18:26",
        "19:26",
        "20:26"
    ],
    "holiday": [
        "6:31",
        "7:06",
        "7:46",
        "8:26",
        "9:06",
        "9:46",
        "10:26",
        "11:06",
        "11:46",
        "12:26",
        "13:06",
        "13:46",
        "14:26",
        "15:06",
        "15:46",
        "16:26",
        "17:06",
        "17:46",
        "18:26",
        "19:26",
        "20:26"
    ],
    "url": "https://www.kanachu.co.jp/dia/diagram/timetable01_js/course:0000804136-7/node:00126904/kt:0/lname:/"
}
