{
    "date": "2026/01/16",
    "name": "ひなた山第二",
    "position": "-",
    "system": "立01",
    "destinations": [
        "下瀬谷坂上",
        "下瀬谷橋",
        "下瀬谷三丁目",
        "下瀬谷中学校前",
        "北新東",
        "橋戸二丁目",
        "瀬谷四丁目",
        "瀬谷駅南口"
    ],
    "weekday": [
        "6:14",
        "6:39",
        "7:04",
        "7:30",
        "7:55",
        "8:20",
        "8:45",
        "9:17",
        "9:49",
        "10:19",
        "10:49",
        "11:19",
        "11:49",
        "12:19",
        "12:49",
        "13:19",
        "13:49",
        "14:19",
        "14:49",
        "15:19",
        "15:49",
        "16:19",
        "16:49",
        "17:20",
        "17:50",
        "18:20",
        "18:50",
        "19:19",
        "20:04",
        "21:04"
    ],
    "saturday": [
        "6:44",
        "7:19",
        "7:59",
        "8:39",
        "9:19",
        "9:59",
        "10:39",
        "11:19",
        "11:59",
        "12:39",
        "13:19",
        "13:59",
        "14:39",
        "15:19",
        "15:59",
        "16:39",
        "17:19",
        "17:59",
        "18:39",
        "19:39",
        "20:39"
    ],
    "holiday": [
        "6:44",
        "7:19",
        "7:59",
        "8:39",
        "9:19",
        "9:59",
        "10:39",
        "11:19",
        "11:59",
        "12:39",
        "13:19",
        "13:59",
        "14:39",
        "15:19",
        "15:59",
        "16:39",
        "17:19",
        "17:59",
        "18:39",
        "19:39",
        "20:39"
    ],
    "url": "https://www.kanachu.co.jp/dia/diagram/timetable01_js/course:0000804136-15/node:00126802/kt:0/lname:/"
}
