{
    "date": "2025/04/19",
    "name": "グリーンハイツC2前",
    "position": "-",
    "system": "町08",
    "destinations": [
        "グリーンハイツC3前",
        "北ひろば前",
        "グリーンハイツF4前",
        "柏木公園前",
        "鵜野森一丁目",
        "リリエンハイム前",
        "鵜野森団地入口",
        "町田市役所市民ホール前",
        "町田バスセンター"
    ],
    "weekday": [
        "6:06",
        "6:26",
        "7:07"
    ],
    "saturday": [
        "6:26",
        "7:46"
    ],
    "holiday": [
        "6:26",
        "7:46"
    ],
    "url": "https://www.kanachu.co.jp/dia/diagram/timetable01_js/course:0000800356-1/node:00129333/kt:0/lname:/"
}
