{
    "date": "2025/11/16",
    "name": "中山駅",
    "position": "-",
    "system": "01",
    "destinations": [
        "緑消防署前",
        "中山町",
        "中山小学校南",
        "上山町(横浜市緑区)",
        "石神(横浜市緑区)",
        "白山ハイテクパーク",
        "緑車庫前",
        "白山一丁目(横浜市緑区)",
        "鴨居橋",
        "中村通",
        "鴨居町",
        "竹山団地入口",
        "幼稚園前(横浜市緑区)",
        "竹山団地中央",
        "竹山団地"
    ],
    "weekday": [
        "10:12",
        "11:10",
        "12:10",
        "13:08",
        "14:05",
        "14:59",
        "15:50",
        "16:40"
    ],
    "saturday": [
        "10:55",
        "11:55",
        "13:00",
        "14:08",
        "14:52",
        "15:55",
        "16:48"
    ],
    "holiday": [
        "10:40",
        "11:40",
        "13:20",
        "14:20",
        "15:05",
        "15:59"
    ],
    "url": "https://www.kanachu.co.jp/dia/diagram/timetable01_js/course:0000802251-1/node:00102821/kt:0/lname:/"
}
