{
    "date": "2025/11/16",
    "name": "白山一丁目(横浜市緑区)",
    "position": "-",
    "system": "",
    "destinations": [
        "鴨居橋",
        "中村通",
        "鴨居町",
        "竹山団地入口",
        "幼稚園前(横浜市緑区)",
        "竹山団地中央",
        "竹山団地"
    ],
    "weekday": [
        "10:21",
        "11:19",
        "12:19",
        "13:17",
        "14:14",
        "15:08",
        "15:59",
        "16:49"
    ],
    "saturday": [
        "11:04",
        "12:04",
        "13:09",
        "14:17",
        "15:01",
        "16:04",
        "16:57"
    ],
    "holiday": [
        "10:48",
        "11:49",
        "13:29",
        "14:29",
        "15:14",
        "16:08"
    ],
    "url": "https://www.kanachu.co.jp/dia/diagram/timetable01_js/course:0000802251-9/node:00102938/kt:0/lname:/"
}
