{
    "date": "2025/11/16",
    "name": "鴨居橋",
    "position": "-",
    "system": "01",
    "destinations": [
        "中村通",
        "鴨居町",
        "竹山団地入口",
        "幼稚園前(横浜市緑区)",
        "竹山団地中央",
        "竹山団地"
    ],
    "weekday": [
        "10:22",
        "11:20",
        "12:20",
        "13:18",
        "14:15",
        "15:09",
        "16:00",
        "16:50"
    ],
    "saturday": [
        "11:05",
        "12:05",
        "13:10",
        "14:18",
        "15:02",
        "16:05",
        "16:58"
    ],
    "holiday": [
        "10:49",
        "11:50",
        "13:30",
        "14:30",
        "15:15",
        "16:09"
    ],
    "url": "https://www.kanachu.co.jp/dia/diagram/timetable01_js/course:0000802251-10/node:00102375/kt:0/lname:/"
}
