{
    "date": "2025/11/16",
    "name": "中村通",
    "position": "-",
    "system": "01",
    "destinations": [
        "鴨居町",
        "竹山団地入口",
        "幼稚園前(横浜市緑区)",
        "竹山団地中央",
        "竹山団地"
    ],
    "weekday": [
        "10:24",
        "11:22",
        "12:22",
        "13:20",
        "14:17",
        "15:11",
        "16:02",
        "16:52"
    ],
    "saturday": [
        "11:07",
        "12:07",
        "13:12",
        "14:20",
        "15:04",
        "16:07",
        "17:00"
    ],
    "holiday": [
        "10:50",
        "11:52",
        "13:32",
        "14:32",
        "15:17",
        "16:11"
    ],
    "url": "https://www.kanachu.co.jp/dia/diagram/timetable01_js/course:0000802251-11/node:00102852/kt:0/lname:/"
}
