{
    "date": "2025/11/16",
    "name": "鴨居町",
    "position": "-",
    "system": "",
    "destinations": [
        "竹山団地入口",
        "幼稚園前(横浜市緑区)",
        "竹山団地中央",
        "竹山団地"
    ],
    "weekday": [
        "10:25",
        "11:23",
        "12:23",
        "13:21",
        "14:18",
        "15:12",
        "16:03",
        "16:53"
    ],
    "saturday": [
        "11:08",
        "12:08",
        "13:13",
        "14:21",
        "15:05",
        "16:08",
        "17:01"
    ],
    "holiday": [
        "10:51",
        "11:53",
        "13:33",
        "14:33",
        "15:18",
        "16:12"
    ],
    "url": "https://www.kanachu.co.jp/dia/diagram/timetable01_js/course:0000802251-12/node:00102377/kt:0/lname:/"
}
