{
    "date": "2025/11/16",
    "name": "幼稚園前(横浜市緑区)",
    "position": "-",
    "system": "",
    "destinations": [
        "竹山団地中央",
        "竹山団地"
    ],
    "weekday": [
        "10:28",
        "11:26",
        "12:26",
        "13:24",
        "14:21",
        "15:15",
        "16:06",
        "16:56"
    ],
    "saturday": [
        "11:11",
        "12:11",
        "13:16",
        "14:24",
        "15:08",
        "16:11",
        "17:04"
    ],
    "holiday": [
        "10:54",
        "11:56",
        "13:36",
        "14:36",
        "15:21",
        "16:15"
    ],
    "url": "https://www.kanachu.co.jp/dia/diagram/timetable01_js/course:0000802251-14/node:00103224/kt:0/lname:/"
}
