{
    "date": "2024/10/01",
    "name": "大塚下団地",
    "position": "-",
    "system": "",
    "destinations": [
        "下小沢入口",
        "下小沢",
        "小沢大堀南",
        "小沢大堀北",
        "小沢坂下",
        "小沢坂上",
        "大塚(愛甲郡愛川町)",
        "春日台団地北",
        "コピオ愛川",
        "郵便局前(愛甲郡愛川町)",
        "箕輪(愛甲郡愛川町)",
        "愛川町役場",
        "愛川北部病院前",
        "愛川バスセンター"
    ],
    "weekday": [
        "10:27",
        "13:52",
        "15:57",
        "19:22"
    ],
    "saturday": [],
    "holiday": [],
    "url": "https://www.kanachu.co.jp/dia/diagram/timetable01_js/course:0000803631-18/node:00130517/kt:0/lname:/"
}
