{
    "system": "橋41",
    "busstops": [
        {
            "index": "1",
            "id": "00128970",
            "name": "橋本駅南口",
            "lat": "35.594131",
            "lng": "139.345191"
        },
        {
            "index": "2",
            "id": "00130514",
            "name": "相模原協同病院",
            "lat": "35.588622",
            "lng": "139.324785"
        }
    ],
    "route_url": "https://www.kanachu.co.jp/dia/route/index/cid:0000803004/"
}
