{
    "date": "2025/08/30",
    "name": "笹下港南中央通り",
    "position": "-",
    "system": "",
    "destinations": [
        "港南区総合庁舎前",
        "吉原(横浜市港南区)",
        "新吉原橋",
        "吉原小学校前(横浜市港南区)",
        "下車ヶ谷",
        "永作",
        "北永作",
        "馬洗橋",
        "上永谷駅",
        "永野小学校前",
        "日限地蔵入口",
        "水田(横浜市港南区)",
        "中永谷",
        "般若寺橋",
        "下永谷(横浜市港南区)",
        "平戸(横浜市港南区)",
        "芹が谷団地前",
        "せりぎんタウン",
        "芹が谷",
        "芹が谷山谷",
        "水道橋下",
        "普門院前",
        "別所宮下",
        "南が丘中学校前",
        "最戸町",
        "最戸橋",
        "上大岡駅"
    ],
    "weekday": [
        "6:13",
        "6:28",
        "7:03",
        "7:20",
        "8:04",
        "8:23",
        "8:27",
        "8:39",
        "8:43",
        "8:56",
        "9:28",
        "9:48",
        "9:55",
        "10:28",
        "10:55",
        "11:28",
        "11:55",
        "12:28",
        "12:55",
        "13:28",
        "13:55",
        "14:28",
        "14:55",
        "15:28",
        "15:55",
        "16:28",
        "16:55",
        "17:28",
        "17:55",
        "18:55",
        "19:28",
        "20:48"
    ],
    "saturday": [
        "6:32",
        "6:48",
        "7:08",
        "7:28",
        "7:48",
        "8:08",
        "8:28",
        "8:52",
        "9:28",
        "9:52",
        "10:28",
        "10:48",
        "10:55",
        "11:28",
        "11:55",
        "12:28",
        "12:55",
        "13:28",
        "13:55",
        "14:28",
        "14:55",
        "15:28",
        "15:55",
        "16:28",
        "16:55",
        "17:28",
        "19:11",
        "20:11",
        "21:11"
    ],
    "holiday": [
        "6:18",
        "6:42",
        "7:12",
        "8:28",
        "8:55",
        "9:28",
        "9:55",
        "10:28",
        "10:55",
        "11:28",
        "11:55",
        "12:28",
        "12:55",
        "13:28",
        "13:55",
        "14:28",
        "14:55",
        "15:28",
        "15:55",
        "16:28",
        "17:28",
        "18:28",
        "20:28"
    ],
    "url": "https://www.kanachu.co.jp/dia/diagram/timetable01_js/course:0000803833-3/node:00126558/kt:0/lname:/"
}
