{
    "date": "2025/04/19",
    "name": "上溝",
    "position": "-",
    "system": "相14",
    "destinations": [
        "横山六丁目",
        "星が丘住宅前",
        "高校入口(相模原市中央区)",
        "横山団地",
        "日金沢上",
        "清新中学校入口",
        "グッディプレイス前",
        "さがみ夢大通り",
        "相模原駅南口"
    ],
    "weekday": [
        "5:55",
        "6:20",
        "6:45",
        "7:10",
        "7:40",
        "7:50",
        "8:15",
        "8:40",
        "9:10",
        "9:40",
        "10:10",
        "10:40",
        "11:10",
        "11:50",
        "12:30",
        "13:10",
        "13:50",
        "14:30",
        "15:10",
        "15:40",
        "16:10",
        "16:40",
        "17:10",
        "17:40",
        "18:10",
        "18:40",
        "19:10",
        "19:40",
        "20:10",
        "20:40",
        "21:10"
    ],
    "saturday": [
        "6:40",
        "7:15",
        "8:05",
        "8:55",
        "9:20",
        "9:45",
        "10:10",
        "10:35",
        "11:25",
        "12:15",
        "13:05",
        "13:55",
        "14:45",
        "15:35",
        "16:25",
        "17:15",
        "18:05",
        "18:55",
        "19:45",
        "20:35"
    ],
    "holiday": [
        "6:40",
        "7:15",
        "8:05",
        "8:55",
        "9:20",
        "9:45",
        "10:10",
        "10:35",
        "11:25",
        "12:15",
        "13:05",
        "13:55",
        "14:45",
        "15:35",
        "16:25",
        "17:15",
        "18:05",
        "18:55",
        "19:45",
        "20:35"
    ],
    "url": "https://www.kanachu.co.jp/dia/diagram/timetable01_js/course:0000802360-1/node:00129347/kt:0/lname:/"
}
