{
    "date": "2026/01/16",
    "name": "赤坂(海老名市)",
    "position": "-",
    "system": "海08",
    "destinations": [
        "パブコ前",
        "天野原",
        "柏ヶ谷(海老名市)",
        "大塚本町",
        "大塚上町",
        "さがみ野駅",
        "相模大塚",
        "扇野",
        "西鶴寺前",
        "南鶴間",
        "西鶴間",
        "鶴間駅"
    ],
    "weekday": [
        "18:38"
    ],
    "saturday": [],
    "holiday": [],
    "url": "https://www.kanachu.co.jp/dia/diagram/timetable01_js/course:0000804274-7/node:00128617/kt:0/lname:/"
}
