{
    "date": "2025/04/19",
    "name": "鶴ヶ丘団地前",
    "position": "-",
    "system": "小14",
    "destinations": [
        "二宮神社前(相模原市南区)",
        "小田急相模原駅"
    ],
    "weekday": [
        "6:05",
        "6:21",
        "6:37",
        "6:53"
    ],
    "saturday": [
        "6:53"
    ],
    "holiday": [
        "7:33"
    ],
    "url": "https://www.kanachu.co.jp/dia/diagram/timetable01_js/course:0000801907-14/node:00129700/kt:0/lname:/"
}
