{
    "system": "港39",
    "busstops": [
        {
            "index": "1",
            "id": "00025554",
            "name": "港南台駅",
            "lat": "35.374568",
            "lng": "139.57676"
        },
        {
            "index": "2",
            "id": "00103234",
            "name": "横浜女子短期大学前",
            "lat": "35.370728",
            "lng": "139.577645"
        },
        {
            "index": "3",
            "id": "00126549",
            "name": "港南台西公園",
            "lat": "35.371609",
            "lng": "139.57364"
        },
        {
            "index": "4",
            "id": "00126548",
            "name": "元大橋公園前",
            "lat": "35.370358",
            "lng": "139.571981"
        },
        {
            "index": "5",
            "id": "00126547",
            "name": "若竹町(横浜市栄区)",
            "lat": "35.369065",
            "lng": "139.569549"
        },
        {
            "index": "6",
            "id": "00126546",
            "name": "元大橋",
            "lat": "35.365918",
            "lng": "139.567329"
        },
        {
            "index": "7",
            "id": "00126511",
            "name": "中野町",
            "lat": "35.3647",
            "lng": "139.566819"
        },
        {
            "index": "8",
            "id": "00126512",
            "name": "稲荷森",
            "lat": "35.364368",
            "lng": "139.568984"
        },
        {
            "index": "9",
            "id": "00126513",
            "name": "山手学院入口",
            "lat": "35.363581",
            "lng": "139.57266"
        },
        {
            "index": "10",
            "id": "00025683",
            "name": "本郷車庫前(横浜市栄区)",
            "lat": "35.362702",
            "lng": "139.574926"
        }
    ],
    "route_url": "https://www.kanachu.co.jp/dia/route/index/cid:0000801030/"
}
