{
    "date": "2025/08/30",
    "name": "上大岡駅",
    "position": "-",
    "system": "",
    "destinations": [
        "関の下",
        "笹下港南中央通り",
        "港南区総合庁舎前",
        "吉原(横浜市港南区)",
        "新吉原橋",
        "吉原小学校前(横浜市港南区)",
        "下車ヶ谷",
        "永作",
        "北永作",
        "馬洗橋",
        "上永谷駅",
        "永野小学校前",
        "日限地蔵入口",
        "水田(横浜市港南区)",
        "中永谷",
        "般若寺橋",
        "下永谷(横浜市港南区)",
        "平戸(横浜市港南区)",
        "芹が谷団地前",
        "せりぎんタウン",
        "芹が谷",
        "芹が谷山谷",
        "水道橋下",
        "普門院前",
        "別所宮下",
        "南が丘中学校前",
        "最戸町",
        "最戸橋",
        "上大岡駅"
    ],
    "weekday": [
        "6:11",
        "6:26",
        "7:01",
        "7:18",
        "8:02",
        "8:21",
        "8:25",
        "8:37",
        "8:41",
        "8:54",
        "9:26",
        "9:46",
        "9:53",
        "10:26",
        "10:53",
        "11:26",
        "11:53",
        "12:26",
        "12:53",
        "13:26",
        "13:53",
        "14:26",
        "14:53",
        "15:26",
        "15:53",
        "16:26",
        "16:53",
        "17:26",
        "17:53",
        "18:53",
        "19:26",
        "20:46"
    ],
    "saturday": [
        "6:30",
        "6:46",
        "7:06",
        "7:26",
        "7:46",
        "8:06",
        "8:26",
        "8:50",
        "9:26",
        "9:50",
        "10:26",
        "10:46",
        "10:53",
        "11:26",
        "11:53",
        "12:26",
        "12:53",
        "13:26",
        "13:53",
        "14:26",
        "14:53",
        "15:26",
        "15:53",
        "16:26",
        "16:53",
        "17:26",
        "19:09",
        "20:09",
        "21:09"
    ],
    "holiday": [
        "6:16",
        "6:40",
        "7:10",
        "8:26",
        "8:53",
        "9:26",
        "9:53",
        "10:26",
        "10:53",
        "11:26",
        "11:53",
        "12:26",
        "12:53",
        "13:26",
        "13:53",
        "14:26",
        "14:53",
        "15:26",
        "15:53",
        "16:26",
        "17:26",
        "18:26",
        "20:26"
    ],
    "url": "https://www.kanachu.co.jp/dia/diagram/timetable01_js/course:0000803833-1/node:00102366/kt:0/lname:/"
}
