{
    "date": "2025/08/30",
    "name": "関の下",
    "position": "-",
    "system": "",
    "destinations": [
        "笹下港南中央通り",
        "港南区総合庁舎前",
        "吉原(横浜市港南区)",
        "新吉原橋",
        "吉原小学校前(横浜市港南区)",
        "下車ヶ谷",
        "永作",
        "北永作",
        "馬洗橋",
        "上永谷駅",
        "永野小学校前",
        "日限地蔵入口",
        "水田(横浜市港南区)",
        "中永谷",
        "般若寺橋",
        "下永谷(横浜市港南区)",
        "平戸(横浜市港南区)",
        "芹が谷団地前",
        "せりぎんタウン",
        "芹が谷",
        "芹が谷山谷",
        "水道橋下",
        "普門院前",
        "別所宮下",
        "南が丘中学校前",
        "最戸町",
        "最戸橋",
        "上大岡駅"
    ],
    "weekday": [
        "6:12",
        "6:27",
        "7:02",
        "7:19",
        "8:03",
        "8:22",
        "8:26",
        "8:38",
        "8:42",
        "8:55",
        "9:27",
        "9:47",
        "9:54",
        "10:27",
        "10:54",
        "11:27",
        "11:54",
        "12:27",
        "12:54",
        "13:27",
        "13:54",
        "14:27",
        "14:54",
        "15:27",
        "15:54",
        "16:27",
        "16:54",
        "17:27",
        "17:54",
        "18:54",
        "19:27",
        "20:47"
    ],
    "saturday": [
        "6:31",
        "6:47",
        "7:07",
        "7:27",
        "7:47",
        "8:07",
        "8:27",
        "8:51",
        "9:27",
        "9:51",
        "10:27",
        "10:47",
        "10:54",
        "11:27",
        "11:54",
        "12:27",
        "12:54",
        "13:27",
        "13:54",
        "14:27",
        "14:54",
        "15:27",
        "15:54",
        "16:27",
        "16:54",
        "17:27",
        "19:10",
        "20:10",
        "21:10"
    ],
    "holiday": [
        "6:17",
        "6:41",
        "7:11",
        "8:27",
        "8:54",
        "9:27",
        "9:54",
        "10:27",
        "10:54",
        "11:27",
        "11:54",
        "12:27",
        "12:54",
        "13:27",
        "13:54",
        "14:27",
        "14:54",
        "15:27",
        "15:54",
        "16:27",
        "17:27",
        "18:27",
        "20:27"
    ],
    "url": "https://www.kanachu.co.jp/dia/diagram/timetable01_js/course:0000803833-2/node:00102671/kt:0/lname:/"
}
