{
    "date": "2025/08/30",
    "name": "港南区総合庁舎前",
    "position": "-",
    "system": "30",
    "destinations": [
        "吉原(横浜市港南区)",
        "新吉原橋",
        "吉原小学校前(横浜市港南区)",
        "下車ヶ谷",
        "永作",
        "北永作",
        "馬洗橋",
        "上永谷駅",
        "永野小学校前",
        "日限地蔵入口",
        "水田(横浜市港南区)",
        "中永谷",
        "般若寺橋",
        "下永谷(横浜市港南区)",
        "平戸(横浜市港南区)",
        "芹が谷団地前",
        "せりぎんタウン",
        "芹が谷",
        "芹が谷山谷",
        "水道橋下",
        "普門院前",
        "別所宮下",
        "南が丘中学校前",
        "最戸町",
        "最戸橋",
        "上大岡駅"
    ],
    "weekday": [
        "6:15",
        "6:30",
        "7:05",
        "7:22",
        "8:06",
        "8:25",
        "8:29",
        "8:41",
        "8:45",
        "8:58",
        "9:30",
        "9:50",
        "9:57",
        "10:30",
        "10:57",
        "11:30",
        "11:57",
        "12:30",
        "12:57",
        "13:30",
        "13:57",
        "14:30",
        "14:57",
        "15:30",
        "15:57",
        "16:30",
        "16:57",
        "17:30",
        "17:57",
        "18:57",
        "19:30",
        "20:50"
    ],
    "saturday": [
        "6:34",
        "6:50",
        "7:10",
        "7:30",
        "7:50",
        "8:10",
        "8:30",
        "8:54",
        "9:30",
        "9:54",
        "10:30",
        "10:50",
        "10:57",
        "11:30",
        "11:57",
        "12:30",
        "12:57",
        "13:30",
        "13:57",
        "14:30",
        "14:57",
        "15:30",
        "15:57",
        "16:30",
        "16:57",
        "17:30",
        "19:13",
        "20:13",
        "21:13"
    ],
    "holiday": [
        "6:20",
        "6:44",
        "7:14",
        "8:30",
        "8:57",
        "9:30",
        "9:57",
        "10:30",
        "10:57",
        "11:30",
        "11:57",
        "12:30",
        "12:57",
        "13:30",
        "13:57",
        "14:30",
        "14:57",
        "15:30",
        "15:57",
        "16:30",
        "17:30",
        "18:30",
        "20:30"
    ],
    "url": "https://www.kanachu.co.jp/dia/diagram/timetable01_js/course:0000803833-4/node:00102499/kt:0/lname:/"
}
