{
    "date": "2025/08/30",
    "name": "吉原小学校前(横浜市港南区)",
    "position": "-",
    "system": "",
    "destinations": [
        "下車ヶ谷",
        "永作",
        "北永作",
        "馬洗橋",
        "上永谷駅",
        "永野小学校前",
        "日限地蔵入口",
        "水田(横浜市港南区)",
        "中永谷",
        "般若寺橋",
        "下永谷(横浜市港南区)",
        "平戸(横浜市港南区)",
        "芹が谷団地前",
        "せりぎんタウン",
        "芹が谷",
        "芹が谷山谷",
        "水道橋下",
        "普門院前",
        "別所宮下",
        "南が丘中学校前",
        "最戸町",
        "最戸橋",
        "上大岡駅"
    ],
    "weekday": [
        "6:20",
        "6:35",
        "7:10",
        "7:27",
        "8:11",
        "8:30",
        "8:34",
        "8:46",
        "8:50",
        "9:03",
        "9:35",
        "9:55",
        "10:02",
        "10:35",
        "11:02",
        "11:35",
        "12:02",
        "12:35",
        "13:02",
        "13:35",
        "14:02",
        "14:35",
        "15:02",
        "15:35",
        "16:02",
        "16:35",
        "17:02",
        "17:35",
        "18:02",
        "19:02",
        "19:35",
        "20:55"
    ],
    "saturday": [
        "6:39",
        "6:55",
        "7:15",
        "7:35",
        "7:55",
        "8:15",
        "8:35",
        "8:59",
        "9:35",
        "9:59",
        "10:35",
        "10:55",
        "11:02",
        "11:35",
        "12:02",
        "12:35",
        "13:02",
        "13:35",
        "14:02",
        "14:35",
        "15:02",
        "15:35",
        "16:02",
        "16:35",
        "17:02",
        "17:35",
        "19:18",
        "20:18",
        "21:18"
    ],
    "holiday": [
        "6:25",
        "6:49",
        "7:19",
        "8:35",
        "9:02",
        "9:35",
        "10:02",
        "10:35",
        "11:02",
        "11:35",
        "12:02",
        "12:35",
        "13:02",
        "13:35",
        "14:02",
        "14:35",
        "15:02",
        "15:35",
        "16:02",
        "16:35",
        "17:35",
        "18:35",
        "20:35"
    ],
    "url": "https://www.kanachu.co.jp/dia/diagram/timetable01_js/course:0000803833-7/node:00126580/kt:0/lname:/"
}
