{
    "date": "2025/08/30",
    "name": "下車ヶ谷",
    "position": "-",
    "system": "30",
    "destinations": [
        "永作",
        "北永作",
        "馬洗橋",
        "上永谷駅",
        "永野小学校前",
        "日限地蔵入口",
        "水田(横浜市港南区)",
        "中永谷",
        "般若寺橋",
        "下永谷(横浜市港南区)",
        "平戸(横浜市港南区)",
        "芹が谷団地前",
        "せりぎんタウン",
        "芹が谷",
        "芹が谷山谷",
        "水道橋下",
        "普門院前",
        "別所宮下",
        "南が丘中学校前",
        "最戸町",
        "最戸橋",
        "上大岡駅"
    ],
    "weekday": [
        "6:21",
        "6:36",
        "7:11",
        "7:28",
        "8:12",
        "8:31",
        "8:35",
        "8:47",
        "8:51",
        "9:04",
        "9:36",
        "9:56",
        "10:03",
        "10:36",
        "11:03",
        "11:36",
        "12:03",
        "12:36",
        "13:03",
        "13:36",
        "14:03",
        "14:36",
        "15:03",
        "15:36",
        "16:03",
        "16:36",
        "17:03",
        "17:36",
        "18:03",
        "19:03",
        "19:36",
        "20:56"
    ],
    "saturday": [
        "6:40",
        "6:56",
        "7:16",
        "7:36",
        "7:56",
        "8:16",
        "8:36",
        "9:00",
        "9:36",
        "10:00",
        "10:36",
        "10:56",
        "11:03",
        "11:36",
        "12:03",
        "12:36",
        "13:03",
        "13:36",
        "14:03",
        "14:36",
        "15:03",
        "15:36",
        "16:03",
        "16:36",
        "17:03",
        "17:36",
        "19:19",
        "20:19",
        "21:19"
    ],
    "holiday": [
        "6:26",
        "6:50",
        "7:20",
        "8:36",
        "9:03",
        "9:36",
        "10:03",
        "10:36",
        "11:03",
        "11:36",
        "12:03",
        "12:36",
        "13:03",
        "13:36",
        "14:03",
        "14:36",
        "15:03",
        "15:36",
        "16:03",
        "16:36",
        "17:36",
        "18:36",
        "20:36"
    ],
    "url": "https://www.kanachu.co.jp/dia/diagram/timetable01_js/course:0000803833-8/node:00126579/kt:0/lname:/"
}
