{
    "date": "2025/08/30",
    "name": "永作",
    "position": "-",
    "system": "30",
    "destinations": [
        "北永作",
        "馬洗橋",
        "上永谷駅",
        "永野小学校前",
        "日限地蔵入口",
        "水田(横浜市港南区)",
        "中永谷",
        "般若寺橋",
        "下永谷(横浜市港南区)",
        "平戸(横浜市港南区)",
        "芹が谷団地前",
        "せりぎんタウン",
        "芹が谷",
        "芹が谷山谷",
        "水道橋下",
        "普門院前",
        "別所宮下",
        "南が丘中学校前",
        "最戸町",
        "最戸橋",
        "上大岡駅"
    ],
    "weekday": [
        "6:22",
        "6:37",
        "7:12",
        "7:29",
        "8:13",
        "8:32",
        "8:36",
        "8:48",
        "8:52",
        "9:05",
        "9:37",
        "9:57",
        "10:04",
        "10:37",
        "11:04",
        "11:37",
        "12:04",
        "12:37",
        "13:04",
        "13:37",
        "14:04",
        "14:37",
        "15:04",
        "15:37",
        "16:04",
        "16:37",
        "17:04",
        "17:37",
        "18:04",
        "19:04",
        "19:37",
        "20:57"
    ],
    "saturday": [
        "6:41",
        "6:57",
        "7:17",
        "7:37",
        "7:57",
        "8:17",
        "8:37",
        "9:01",
        "9:37",
        "10:01",
        "10:37",
        "10:57",
        "11:04",
        "11:37",
        "12:04",
        "12:37",
        "13:04",
        "13:37",
        "14:04",
        "14:37",
        "15:04",
        "15:37",
        "16:04",
        "16:37",
        "17:04",
        "17:37",
        "19:20",
        "20:20",
        "21:20"
    ],
    "holiday": [
        "6:27",
        "6:51",
        "7:21",
        "8:37",
        "9:04",
        "9:37",
        "10:04",
        "10:37",
        "11:04",
        "11:37",
        "12:04",
        "12:37",
        "13:04",
        "13:37",
        "14:04",
        "14:37",
        "15:04",
        "15:37",
        "16:04",
        "16:37",
        "17:37",
        "18:37",
        "20:37"
    ],
    "url": "https://www.kanachu.co.jp/dia/diagram/timetable01_js/course:0000803833-9/node:00126578/kt:0/lname:/"
}
