{
    "date": "2025/08/30",
    "name": "北永作",
    "position": "-",
    "system": "30",
    "destinations": [
        "馬洗橋",
        "上永谷駅",
        "永野小学校前",
        "日限地蔵入口",
        "水田(横浜市港南区)",
        "中永谷",
        "般若寺橋",
        "下永谷(横浜市港南区)",
        "平戸(横浜市港南区)",
        "芹が谷団地前",
        "せりぎんタウン",
        "芹が谷",
        "芹が谷山谷",
        "水道橋下",
        "普門院前",
        "別所宮下",
        "南が丘中学校前",
        "最戸町",
        "最戸橋",
        "上大岡駅"
    ],
    "weekday": [
        "6:23",
        "6:38",
        "7:13",
        "7:30",
        "8:14",
        "8:33",
        "8:37",
        "8:49",
        "8:53",
        "9:06",
        "9:38",
        "9:58",
        "10:05",
        "10:38",
        "11:05",
        "11:38",
        "12:05",
        "12:38",
        "13:05",
        "13:38",
        "14:05",
        "14:38",
        "15:05",
        "15:38",
        "16:05",
        "16:38",
        "17:05",
        "17:38",
        "18:05",
        "19:05",
        "19:38",
        "20:58"
    ],
    "saturday": [
        "6:42",
        "6:58",
        "7:18",
        "7:38",
        "7:58",
        "8:18",
        "8:38",
        "9:02",
        "9:38",
        "10:02",
        "10:38",
        "10:58",
        "11:05",
        "11:38",
        "12:05",
        "12:38",
        "13:05",
        "13:38",
        "14:05",
        "14:38",
        "15:05",
        "15:38",
        "16:05",
        "16:38",
        "17:05",
        "17:38",
        "19:21",
        "20:21",
        "21:21"
    ],
    "holiday": [
        "6:28",
        "6:52",
        "7:22",
        "8:38",
        "9:05",
        "9:38",
        "10:05",
        "10:38",
        "11:05",
        "11:38",
        "12:05",
        "12:38",
        "13:05",
        "13:38",
        "14:05",
        "14:38",
        "15:05",
        "15:38",
        "16:05",
        "16:38",
        "17:38",
        "18:38",
        "20:38"
    ],
    "url": "https://www.kanachu.co.jp/dia/diagram/timetable01_js/course:0000803833-10/node:00126577/kt:0/lname:/"
}
