{
    "date": "2025/08/30",
    "name": "上永谷駅",
    "position": "-",
    "system": "",
    "destinations": [
        "永野小学校前",
        "日限地蔵入口",
        "水田(横浜市港南区)",
        "中永谷",
        "般若寺橋",
        "下永谷(横浜市港南区)",
        "平戸(横浜市港南区)",
        "芹が谷団地前",
        "せりぎんタウン",
        "芹が谷",
        "芹が谷山谷",
        "水道橋下",
        "普門院前",
        "別所宮下",
        "南が丘中学校前",
        "最戸町",
        "最戸橋",
        "上大岡駅"
    ],
    "weekday": [
        "6:29",
        "6:44",
        "7:19",
        "7:36",
        "8:20",
        "8:39",
        "8:43",
        "8:55",
        "8:59",
        "9:12",
        "9:44",
        "10:04",
        "10:11",
        "10:44",
        "11:11",
        "11:44",
        "12:11",
        "12:44",
        "13:11",
        "13:44",
        "14:11",
        "14:44",
        "15:11",
        "15:44",
        "16:11",
        "16:44",
        "17:11",
        "17:44",
        "18:11",
        "19:11",
        "19:44",
        "21:04"
    ],
    "saturday": [
        "6:48",
        "7:04",
        "7:24",
        "7:44",
        "8:04",
        "8:24",
        "8:44",
        "9:08",
        "9:44",
        "10:08",
        "10:44",
        "11:04",
        "11:11",
        "11:44",
        "12:11",
        "12:44",
        "13:11",
        "13:44",
        "14:11",
        "14:44",
        "15:11",
        "15:44",
        "16:11",
        "16:44",
        "17:11",
        "17:44",
        "19:27",
        "20:27",
        "21:27"
    ],
    "holiday": [
        "6:34",
        "6:58",
        "7:28",
        "8:44",
        "9:11",
        "9:44",
        "10:11",
        "10:44",
        "11:11",
        "11:44",
        "12:11",
        "12:44",
        "13:11",
        "13:44",
        "14:11",
        "14:44",
        "15:11",
        "15:44",
        "16:11",
        "16:44",
        "17:44",
        "18:44",
        "20:44"
    ],
    "url": "https://www.kanachu.co.jp/dia/diagram/timetable01_js/course:0000803833-12/node:00102365/kt:0/lname:/"
}
