{
    "date": "2025/08/30",
    "name": "水田(横浜市港南区)",
    "position": "-",
    "system": "",
    "destinations": [
        "中永谷",
        "般若寺橋",
        "下永谷(横浜市港南区)",
        "平戸(横浜市港南区)",
        "芹が谷団地前",
        "せりぎんタウン",
        "芹が谷",
        "芹が谷山谷",
        "水道橋下",
        "普門院前",
        "別所宮下",
        "南が丘中学校前",
        "最戸町",
        "最戸橋",
        "上大岡駅"
    ],
    "weekday": [
        "6:33",
        "6:48",
        "7:23",
        "7:40",
        "8:24",
        "8:43",
        "8:47",
        "8:59",
        "9:03",
        "9:16",
        "9:48",
        "10:08",
        "10:15",
        "10:48",
        "11:15",
        "11:48",
        "12:15",
        "12:48",
        "13:15",
        "13:48",
        "14:15",
        "14:48",
        "15:15",
        "15:48",
        "16:15",
        "16:48",
        "17:15",
        "17:48",
        "18:15",
        "19:15",
        "19:48",
        "21:08"
    ],
    "saturday": [
        "6:52",
        "7:08",
        "7:28",
        "7:48",
        "8:08",
        "8:28",
        "8:48",
        "9:12",
        "9:48",
        "10:12",
        "10:48",
        "11:08",
        "11:15",
        "11:48",
        "12:15",
        "12:48",
        "13:15",
        "13:48",
        "14:15",
        "14:48",
        "15:15",
        "15:48",
        "16:15",
        "16:48",
        "17:15",
        "17:48",
        "19:31",
        "20:31",
        "21:31"
    ],
    "holiday": [
        "6:38",
        "7:02",
        "7:32",
        "8:48",
        "9:15",
        "9:48",
        "10:15",
        "10:48",
        "11:15",
        "11:48",
        "12:15",
        "12:48",
        "13:15",
        "13:48",
        "14:15",
        "14:48",
        "15:15",
        "15:48",
        "16:15",
        "16:48",
        "17:48",
        "18:48",
        "20:48"
    ],
    "url": "https://www.kanachu.co.jp/dia/diagram/timetable01_js/course:0000803833-15/node:00102646/kt:0/lname:/"
}
