{
    "date": "2025/08/30",
    "name": "般若寺橋",
    "position": "-",
    "system": "",
    "destinations": [
        "下永谷(横浜市港南区)",
        "平戸(横浜市港南区)",
        "芹が谷団地前",
        "せりぎんタウン",
        "芹が谷",
        "芹が谷山谷",
        "水道橋下",
        "普門院前",
        "別所宮下",
        "南が丘中学校前",
        "最戸町",
        "最戸橋",
        "上大岡駅"
    ],
    "weekday": [
        "6:35",
        "6:50",
        "7:25",
        "7:42",
        "8:26",
        "8:45",
        "8:49",
        "9:01",
        "9:05",
        "9:18",
        "9:50",
        "10:10",
        "10:17",
        "10:50",
        "11:17",
        "11:50",
        "12:17",
        "12:50",
        "13:17",
        "13:50",
        "14:17",
        "14:50",
        "15:17",
        "15:50",
        "16:17",
        "16:50",
        "17:17",
        "17:50",
        "18:17",
        "19:17",
        "19:50",
        "21:10"
    ],
    "saturday": [
        "6:54",
        "7:10",
        "7:30",
        "7:50",
        "8:10",
        "8:30",
        "8:50",
        "9:14",
        "9:50",
        "10:14",
        "10:50",
        "11:10",
        "11:17",
        "11:50",
        "12:17",
        "12:50",
        "13:17",
        "13:50",
        "14:17",
        "14:50",
        "15:17",
        "15:50",
        "16:17",
        "16:50",
        "17:17",
        "17:50",
        "19:33",
        "20:33",
        "21:33"
    ],
    "holiday": [
        "6:40",
        "7:04",
        "7:34",
        "8:50",
        "9:17",
        "9:50",
        "10:17",
        "10:50",
        "11:17",
        "11:50",
        "12:17",
        "12:50",
        "13:17",
        "13:50",
        "14:17",
        "14:50",
        "15:17",
        "15:50",
        "16:17",
        "16:50",
        "17:50",
        "18:50",
        "20:50"
    ],
    "url": "https://www.kanachu.co.jp/dia/diagram/timetable01_js/course:0000803833-17/node:00102927/kt:0/lname:/"
}
