{
    "date": "2025/08/30",
    "name": "下永谷(横浜市港南区)",
    "position": "-",
    "system": "30",
    "destinations": [
        "平戸(横浜市港南区)",
        "芹が谷団地前",
        "せりぎんタウン",
        "芹が谷",
        "芹が谷山谷",
        "水道橋下",
        "普門院前",
        "別所宮下",
        "南が丘中学校前",
        "最戸町",
        "最戸橋",
        "上大岡駅"
    ],
    "weekday": [
        "6:36",
        "6:51",
        "7:26",
        "7:43",
        "8:27",
        "8:46",
        "8:50",
        "9:02",
        "9:06",
        "9:19",
        "9:51",
        "10:11",
        "10:18",
        "10:51",
        "11:18",
        "11:51",
        "12:18",
        "12:51",
        "13:18",
        "13:51",
        "14:18",
        "14:51",
        "15:18",
        "15:51",
        "16:18",
        "16:51",
        "17:18",
        "17:51",
        "18:18",
        "19:18",
        "19:51",
        "21:11"
    ],
    "saturday": [
        "6:55",
        "7:11",
        "7:31",
        "7:51",
        "8:11",
        "8:31",
        "8:51",
        "9:15",
        "9:51",
        "10:15",
        "10:51",
        "11:11",
        "11:18",
        "11:51",
        "12:18",
        "12:51",
        "13:18",
        "13:51",
        "14:18",
        "14:51",
        "15:18",
        "15:51",
        "16:18",
        "16:51",
        "17:18",
        "17:51",
        "19:34",
        "20:34",
        "21:34"
    ],
    "holiday": [
        "6:41",
        "7:05",
        "7:35",
        "8:51",
        "9:18",
        "9:51",
        "10:18",
        "10:51",
        "11:18",
        "11:51",
        "12:18",
        "12:51",
        "13:18",
        "13:51",
        "14:18",
        "14:51",
        "15:18",
        "15:51",
        "16:18",
        "16:51",
        "17:51",
        "18:51",
        "20:51"
    ],
    "url": "https://www.kanachu.co.jp/dia/diagram/timetable01_js/course:0000803833-18/node:00102596/kt:0/lname:/"
}
