{
    "date": "2025/08/30",
    "name": "平戸(横浜市港南区)",
    "position": "-",
    "system": "",
    "destinations": [
        "芹が谷団地前",
        "せりぎんタウン",
        "芹が谷",
        "芹が谷山谷",
        "水道橋下",
        "普門院前",
        "別所宮下",
        "南が丘中学校前",
        "最戸町",
        "最戸橋",
        "上大岡駅"
    ],
    "weekday": [
        "6:39",
        "6:54",
        "7:29",
        "7:46",
        "8:30",
        "8:49",
        "8:53",
        "9:05",
        "9:09",
        "9:22",
        "9:54",
        "10:14",
        "10:21",
        "10:54",
        "11:21",
        "11:54",
        "12:21",
        "12:54",
        "13:21",
        "13:54",
        "14:21",
        "14:54",
        "15:21",
        "15:54",
        "16:21",
        "16:54",
        "17:21",
        "17:54",
        "18:21",
        "19:21",
        "19:54",
        "21:13"
    ],
    "saturday": [
        "6:58",
        "7:14",
        "7:34",
        "7:54",
        "8:14",
        "8:34",
        "8:54",
        "9:18",
        "9:54",
        "10:18",
        "10:54",
        "11:14",
        "11:21",
        "11:54",
        "12:21",
        "12:54",
        "13:21",
        "13:54",
        "14:21",
        "14:54",
        "15:21",
        "15:54",
        "16:21",
        "16:54",
        "17:21",
        "17:54",
        "19:37",
        "20:36",
        "21:36"
    ],
    "holiday": [
        "6:44",
        "7:08",
        "7:38",
        "8:54",
        "9:21",
        "9:54",
        "10:21",
        "10:54",
        "11:21",
        "11:54",
        "12:21",
        "12:54",
        "13:21",
        "13:54",
        "14:21",
        "14:54",
        "15:21",
        "15:54",
        "16:21",
        "16:54",
        "17:54",
        "18:54",
        "20:53"
    ],
    "url": "https://www.kanachu.co.jp/dia/diagram/timetable01_js/course:0000803833-19/node:00102977/kt:0/lname:/"
}
