{
    "date": "2025/08/30",
    "name": "芹が谷団地前",
    "position": "-",
    "system": "30",
    "destinations": [
        "せりぎんタウン",
        "芹が谷",
        "芹が谷山谷",
        "水道橋下",
        "普門院前",
        "別所宮下",
        "南が丘中学校前",
        "最戸町",
        "最戸橋",
        "上大岡駅"
    ],
    "weekday": [
        "6:41",
        "6:56",
        "7:31",
        "7:48",
        "8:32",
        "8:51",
        "8:55",
        "9:07",
        "9:11",
        "9:24",
        "9:56",
        "10:16",
        "10:23",
        "10:56",
        "11:23",
        "11:56",
        "12:23",
        "12:56",
        "13:23",
        "13:56",
        "14:23",
        "14:56",
        "15:23",
        "15:56",
        "16:23",
        "16:56",
        "17:23",
        "17:56",
        "18:23",
        "19:23",
        "19:56",
        "21:15"
    ],
    "saturday": [
        "7:00",
        "7:16",
        "7:36",
        "7:56",
        "8:16",
        "8:36",
        "8:56",
        "9:20",
        "9:56",
        "10:20",
        "10:56",
        "11:16",
        "11:23",
        "11:56",
        "12:23",
        "12:56",
        "13:23",
        "13:56",
        "14:23",
        "14:56",
        "15:23",
        "15:56",
        "16:23",
        "16:56",
        "17:23",
        "17:56",
        "19:39",
        "20:38",
        "21:38"
    ],
    "holiday": [
        "6:46",
        "7:10",
        "7:40",
        "8:56",
        "9:23",
        "9:56",
        "10:23",
        "10:56",
        "11:23",
        "11:56",
        "12:23",
        "12:56",
        "13:23",
        "13:56",
        "14:23",
        "14:56",
        "15:23",
        "15:56",
        "16:23",
        "16:56",
        "17:56",
        "18:56",
        "20:55"
    ],
    "url": "https://www.kanachu.co.jp/dia/diagram/timetable01_js/course:0000803833-20/node:00126569/kt:0/lname:/"
}
