{
    "date": "2025/08/30",
    "name": "芹が谷",
    "position": "-",
    "system": "",
    "destinations": [
        "芹が谷山谷",
        "水道橋下",
        "普門院前",
        "別所宮下",
        "南が丘中学校前",
        "最戸町",
        "最戸橋",
        "上大岡駅"
    ],
    "weekday": [
        "6:45",
        "7:00",
        "7:35",
        "7:52",
        "8:36",
        "8:55",
        "8:59",
        "9:11",
        "9:15",
        "9:28",
        "10:00",
        "10:20",
        "10:27",
        "11:00",
        "11:27",
        "12:00",
        "12:27",
        "13:00",
        "13:27",
        "14:00",
        "14:27",
        "15:00",
        "15:27",
        "16:00",
        "16:27",
        "17:00",
        "17:27",
        "18:00",
        "18:27",
        "19:27",
        "20:00",
        "21:19"
    ],
    "saturday": [
        "7:04",
        "7:20",
        "7:40",
        "8:00",
        "8:20",
        "8:40",
        "9:00",
        "9:24",
        "10:00",
        "10:24",
        "11:00",
        "11:20",
        "11:27",
        "12:00",
        "12:27",
        "13:00",
        "13:27",
        "14:00",
        "14:27",
        "15:00",
        "15:27",
        "16:00",
        "16:27",
        "17:00",
        "17:27",
        "18:00",
        "19:43",
        "20:42",
        "21:42"
    ],
    "holiday": [
        "6:50",
        "7:14",
        "7:44",
        "9:00",
        "9:27",
        "10:00",
        "10:27",
        "11:00",
        "11:27",
        "12:00",
        "12:27",
        "13:00",
        "13:27",
        "14:00",
        "14:27",
        "15:00",
        "15:27",
        "16:00",
        "16:27",
        "17:00",
        "18:00",
        "19:00",
        "20:59"
    ],
    "url": "https://www.kanachu.co.jp/dia/diagram/timetable01_js/course:0000803833-22/node:00126567/kt:0/lname:/"
}
