{
    "date": "2025/08/30",
    "name": "水道橋下",
    "position": "-",
    "system": "30",
    "destinations": [
        "普門院前",
        "別所宮下",
        "南が丘中学校前",
        "最戸町",
        "最戸橋",
        "上大岡駅"
    ],
    "weekday": [
        "6:47",
        "7:02",
        "7:37",
        "7:54",
        "8:38",
        "8:57",
        "9:01",
        "9:13",
        "9:17",
        "9:30",
        "10:02",
        "10:22",
        "10:29",
        "11:02",
        "11:29",
        "12:02",
        "12:29",
        "13:02",
        "13:29",
        "14:02",
        "14:29",
        "15:02",
        "15:29",
        "16:02",
        "16:29",
        "17:02",
        "17:29",
        "18:02",
        "18:29",
        "19:29",
        "20:02",
        "21:21"
    ],
    "saturday": [
        "7:06",
        "7:22",
        "7:42",
        "8:02",
        "8:22",
        "8:42",
        "9:02",
        "9:26",
        "10:02",
        "10:26",
        "11:02",
        "11:22",
        "11:29",
        "12:02",
        "12:29",
        "13:02",
        "13:29",
        "14:02",
        "14:29",
        "15:02",
        "15:29",
        "16:02",
        "16:29",
        "17:02",
        "17:29",
        "18:02",
        "19:45",
        "20:44",
        "21:44"
    ],
    "holiday": [
        "6:52",
        "7:16",
        "7:46",
        "9:02",
        "9:29",
        "10:02",
        "10:29",
        "11:02",
        "11:29",
        "12:02",
        "12:29",
        "13:02",
        "13:29",
        "14:02",
        "14:29",
        "15:02",
        "15:29",
        "16:02",
        "16:29",
        "17:02",
        "18:02",
        "19:02",
        "21:01"
    ],
    "url": "https://www.kanachu.co.jp/dia/diagram/timetable01_js/course:0000803833-24/node:00126565/kt:0/lname:/"
}
