{
    "date": "2025/08/30",
    "name": "普門院前",
    "position": "-",
    "system": "30",
    "destinations": [
        "別所宮下",
        "南が丘中学校前",
        "最戸町",
        "最戸橋",
        "上大岡駅"
    ],
    "weekday": [
        "6:49",
        "7:04",
        "7:39",
        "7:56",
        "8:40",
        "8:59",
        "9:03",
        "9:15",
        "9:19",
        "9:32",
        "10:04",
        "10:24",
        "10:31",
        "11:04",
        "11:31",
        "12:04",
        "12:31",
        "13:04",
        "13:31",
        "14:04",
        "14:31",
        "15:04",
        "15:31",
        "16:04",
        "16:31",
        "17:04",
        "17:31",
        "18:04",
        "18:31",
        "19:31",
        "20:04",
        "21:23"
    ],
    "saturday": [
        "7:08",
        "7:24",
        "7:44",
        "8:04",
        "8:24",
        "8:44",
        "9:04",
        "9:28",
        "10:04",
        "10:28",
        "11:04",
        "11:24",
        "11:31",
        "12:04",
        "12:31",
        "13:04",
        "13:31",
        "14:04",
        "14:31",
        "15:04",
        "15:31",
        "16:04",
        "16:31",
        "17:04",
        "17:31",
        "18:04",
        "19:47",
        "20:45",
        "21:45"
    ],
    "holiday": [
        "6:54",
        "7:18",
        "7:48",
        "9:04",
        "9:31",
        "10:04",
        "10:31",
        "11:04",
        "11:31",
        "12:04",
        "12:31",
        "13:04",
        "13:31",
        "14:04",
        "14:31",
        "15:04",
        "15:31",
        "16:04",
        "16:31",
        "17:04",
        "18:04",
        "19:04",
        "21:02"
    ],
    "url": "https://www.kanachu.co.jp/dia/diagram/timetable01_js/course:0000803833-25/node:00126564/kt:0/lname:/"
}
