{
    "date": "2025/08/30",
    "name": "別所宮下",
    "position": "-",
    "system": "30",
    "destinations": [
        "南が丘中学校前",
        "最戸町",
        "最戸橋",
        "上大岡駅"
    ],
    "weekday": [
        "6:50",
        "7:05",
        "7:40",
        "7:57",
        "8:41",
        "9:00",
        "9:04",
        "9:16",
        "9:20",
        "9:33",
        "10:05",
        "10:25",
        "10:32",
        "11:05",
        "11:32",
        "12:05",
        "12:32",
        "13:05",
        "13:32",
        "14:05",
        "14:32",
        "15:05",
        "15:32",
        "16:05",
        "16:32",
        "17:05",
        "17:32",
        "18:05",
        "18:32",
        "19:32",
        "20:05",
        "21:24"
    ],
    "saturday": [
        "7:09",
        "7:25",
        "7:45",
        "8:05",
        "8:25",
        "8:45",
        "9:05",
        "9:29",
        "10:05",
        "10:29",
        "11:05",
        "11:25",
        "11:32",
        "12:05",
        "12:32",
        "13:05",
        "13:32",
        "14:05",
        "14:32",
        "15:05",
        "15:32",
        "16:05",
        "16:32",
        "17:05",
        "17:32",
        "18:05",
        "19:48",
        "20:46",
        "21:46"
    ],
    "holiday": [
        "6:55",
        "7:19",
        "7:49",
        "9:05",
        "9:32",
        "10:05",
        "10:32",
        "11:05",
        "11:32",
        "12:05",
        "12:32",
        "13:05",
        "13:32",
        "14:05",
        "14:32",
        "15:05",
        "15:32",
        "16:05",
        "16:32",
        "17:05",
        "18:05",
        "19:05",
        "21:03"
    ],
    "url": "https://www.kanachu.co.jp/dia/diagram/timetable01_js/course:0000803833-26/node:00126563/kt:0/lname:/"
}
