{
    "date": "2025/08/30",
    "name": "最戸町",
    "position": "-",
    "system": "",
    "destinations": [
        "最戸橋",
        "上大岡駅"
    ],
    "weekday": [
        "6:53",
        "7:08",
        "7:43",
        "8:00",
        "8:44",
        "9:03",
        "9:07",
        "9:19",
        "9:23",
        "9:36",
        "10:08",
        "10:28",
        "10:35",
        "11:08",
        "11:35",
        "12:08",
        "12:35",
        "13:08",
        "13:35",
        "14:08",
        "14:35",
        "15:08",
        "15:35",
        "16:08",
        "16:35",
        "17:08",
        "17:35",
        "18:08",
        "18:35",
        "19:35",
        "20:08",
        "21:27"
    ],
    "saturday": [
        "7:12",
        "7:28",
        "7:48",
        "8:08",
        "8:28",
        "8:48",
        "9:08",
        "9:32",
        "10:08",
        "10:32",
        "11:08",
        "11:28",
        "11:35",
        "12:08",
        "12:35",
        "13:08",
        "13:35",
        "14:08",
        "14:35",
        "15:08",
        "15:35",
        "16:08",
        "16:35",
        "17:08",
        "17:35",
        "18:08",
        "19:51",
        "20:48",
        "21:48"
    ],
    "holiday": [
        "6:58",
        "7:22",
        "7:52",
        "9:08",
        "9:35",
        "10:08",
        "10:35",
        "11:08",
        "11:35",
        "12:08",
        "12:35",
        "13:08",
        "13:35",
        "14:08",
        "14:35",
        "15:08",
        "15:35",
        "16:08",
        "16:35",
        "17:08",
        "18:08",
        "19:08",
        "21:05"
    ],
    "url": "https://www.kanachu.co.jp/dia/diagram/timetable01_js/course:0000803833-28/node:00126561/kt:0/lname:/"
}
