{
    "date": "2025/08/30",
    "name": "最戸橋",
    "position": "-",
    "system": "",
    "destinations": [
        "上大岡駅"
    ],
    "weekday": [
        "6:55",
        "7:10",
        "7:45",
        "8:02",
        "8:46",
        "9:05",
        "9:09",
        "9:21",
        "9:25",
        "9:38",
        "10:10",
        "10:30",
        "10:37",
        "11:10",
        "11:37",
        "12:10",
        "12:37",
        "13:10",
        "13:37",
        "14:10",
        "14:37",
        "15:10",
        "15:37",
        "16:10",
        "16:37",
        "17:10",
        "17:37",
        "18:10",
        "18:37",
        "19:37",
        "20:10",
        "21:29"
    ],
    "saturday": [
        "7:14",
        "7:30",
        "7:50",
        "8:10",
        "8:30",
        "8:50",
        "9:10",
        "9:34",
        "10:10",
        "10:34",
        "11:10",
        "11:30",
        "11:37",
        "12:10",
        "12:37",
        "13:10",
        "13:37",
        "14:10",
        "14:37",
        "15:10",
        "15:37",
        "16:10",
        "16:37",
        "17:10",
        "17:37",
        "18:10",
        "19:53",
        "20:50",
        "21:50"
    ],
    "holiday": [
        "7:00",
        "7:24",
        "7:54",
        "9:10",
        "9:37",
        "10:10",
        "10:37",
        "11:10",
        "11:37",
        "12:10",
        "12:37",
        "13:10",
        "13:37",
        "14:10",
        "14:37",
        "15:10",
        "15:37",
        "16:10",
        "16:37",
        "17:10",
        "18:10",
        "19:10",
        "21:07"
    ],
    "url": "https://www.kanachu.co.jp/dia/diagram/timetable01_js/course:0000803833-29/node:00102535/kt:0/lname:/"
}
