{
    "date": "2026/01/16",
    "name": "中町二丁目",
    "position": "-",
    "system": "町55",
    "destinations": [
        "町田郵便局前",
        "体育館前(町田市)",
        "菅原神社前(町田市)",
        "第三小学校前(町田市)",
        "ひなた村",
        "本町田",
        "今井谷戸",
        "四季彩の杜西園前",
        "薬師池",
        "薬師ヶ丘",
        "野津田神社入口",
        "袋橋",
        "田中入口",
        "野津田車庫"
    ],
    "weekday": [
        "6:37",
        "7:08",
        "7:32",
        "7:56",
        "8:08",
        "8:32",
        "8:44",
        "8:56",
        "9:08",
        "9:34",
        "9:48",
        "10:05",
        "10:33",
        "10:48",
        "11:05",
        "11:33",
        "11:48",
        "12:05",
        "12:33",
        "12:48",
        "13:05",
        "13:33",
        "13:48",
        "14:05",
        "14:33",
        "14:48",
        "15:05",
        "15:33",
        "15:48",
        "16:05",
        "16:33",
        "16:48",
        "17:03",
        "17:33",
        "17:48",
        "18:03",
        "18:27",
        "18:39",
        "18:51",
        "19:03",
        "19:27",
        "19:39",
        "19:51",
        "20:03",
        "20:33",
        "20:48",
        "21:07",
        "21:27",
        "21:47",
        "22:17",
        "22:52"
    ],
    "saturday": [
        "7:02",
        "8:03",
        "8:43",
        "9:03",
        "9:33",
        "9:48",
        "10:03",
        "10:33",
        "10:48",
        "11:03",
        "11:33",
        "11:48",
        "12:03",
        "12:33",
        "12:48",
        "13:03",
        "13:33",
        "13:48",
        "14:03",
        "14:33",
        "14:48",
        "15:03",
        "15:33",
        "15:48",
        "16:03",
        "16:33",
        "16:48",
        "17:03",
        "17:33",
        "17:48",
        "18:03",
        "18:43",
        "19:03",
        "19:43",
        "20:03",
        "20:43",
        "21:02",
        "21:22",
        "21:42",
        "22:02",
        "22:37"
    ],
    "holiday": [
        "7:02",
        "8:02",
        "8:42",
        "9:03",
        "9:33",
        "9:48",
        "10:03",
        "10:33",
        "10:48",
        "11:03",
        "11:33",
        "11:48",
        "12:03",
        "12:33",
        "12:48",
        "13:03",
        "13:33",
        "13:48",
        "14:03",
        "14:33",
        "14:48",
        "15:03",
        "15:33",
        "15:48",
        "16:03",
        "16:33",
        "16:48",
        "17:03",
        "17:33",
        "17:48",
        "18:03",
        "18:43",
        "19:03",
        "19:43",
        "20:02",
        "20:42",
        "21:02",
        "21:32",
        "22:02",
        "22:32"
    ],
    "url": "https://www.kanachu.co.jp/dia/diagram/timetable01_js/course:0000804164-4/node:00130353/kt:0/lname:/"
}
