{
    "date": "2026/01/16",
    "name": "菅原神社前(町田市)",
    "position": "-",
    "system": "町55",
    "destinations": [
        "第三小学校前(町田市)",
        "ひなた村",
        "本町田",
        "今井谷戸",
        "四季彩の杜西園前",
        "薬師池",
        "薬師ヶ丘",
        "野津田神社入口",
        "袋橋",
        "田中入口",
        "野津田車庫"
    ],
    "weekday": [
        "6:41",
        "7:12",
        "7:36",
        "8:00",
        "8:12",
        "8:36",
        "8:48",
        "9:00",
        "9:12",
        "9:38",
        "9:52",
        "10:09",
        "10:37",
        "10:52",
        "11:09",
        "11:37",
        "11:52",
        "12:09",
        "12:37",
        "12:52",
        "13:09",
        "13:37",
        "13:52",
        "14:09",
        "14:37",
        "14:52",
        "15:09",
        "15:37",
        "15:52",
        "16:09",
        "16:37",
        "16:52",
        "17:07",
        "17:37",
        "17:52",
        "18:07",
        "18:31",
        "18:43",
        "18:55",
        "19:07",
        "19:31",
        "19:43",
        "19:55",
        "20:07",
        "20:37",
        "20:52",
        "21:11",
        "21:31",
        "21:51",
        "22:21",
        "22:56"
    ],
    "saturday": [
        "7:06",
        "8:07",
        "8:47",
        "9:07",
        "9:37",
        "9:52",
        "10:07",
        "10:37",
        "10:52",
        "11:07",
        "11:37",
        "11:52",
        "12:07",
        "12:37",
        "12:52",
        "13:07",
        "13:37",
        "13:52",
        "14:07",
        "14:37",
        "14:52",
        "15:07",
        "15:37",
        "15:52",
        "16:07",
        "16:37",
        "16:52",
        "17:07",
        "17:37",
        "17:52",
        "18:07",
        "18:47",
        "19:07",
        "19:47",
        "20:07",
        "20:47",
        "21:06",
        "21:26",
        "21:46",
        "22:06",
        "22:41"
    ],
    "holiday": [
        "7:06",
        "8:06",
        "8:46",
        "9:07",
        "9:37",
        "9:52",
        "10:07",
        "10:37",
        "10:52",
        "11:07",
        "11:37",
        "11:52",
        "12:07",
        "12:37",
        "12:52",
        "13:07",
        "13:37",
        "13:52",
        "14:07",
        "14:37",
        "14:52",
        "15:07",
        "15:37",
        "15:52",
        "16:07",
        "16:37",
        "16:52",
        "17:07",
        "17:37",
        "17:52",
        "18:07",
        "18:47",
        "19:07",
        "19:47",
        "20:06",
        "20:46",
        "21:06",
        "21:36",
        "22:06",
        "22:36"
    ],
    "url": "https://www.kanachu.co.jp/dia/diagram/timetable01_js/course:0000804164-7/node:00129422/kt:0/lname:/"
}
