{
    "date": "2026/01/16",
    "name": "袋橋",
    "position": "-",
    "system": "町55",
    "destinations": [
        "田中入口",
        "野津田車庫"
    ],
    "weekday": [
        "6:51",
        "7:25",
        "7:49",
        "8:13",
        "8:25",
        "8:49",
        "9:01",
        "9:13",
        "9:25",
        "9:51",
        "10:05",
        "10:22",
        "10:50",
        "11:05",
        "11:22",
        "11:50",
        "12:05",
        "12:22",
        "12:50",
        "13:05",
        "13:22",
        "13:50",
        "14:05",
        "14:22",
        "14:50",
        "15:05",
        "15:22",
        "15:50",
        "16:05",
        "16:22",
        "16:50",
        "17:05",
        "17:20",
        "17:50",
        "18:05",
        "18:20",
        "18:44",
        "18:56",
        "19:07",
        "19:19",
        "19:43",
        "19:55",
        "20:07",
        "20:19",
        "20:49",
        "21:04",
        "21:21",
        "21:41",
        "22:01",
        "22:31",
        "23:06"
    ],
    "saturday": [
        "7:16",
        "8:19",
        "8:59",
        "9:19",
        "9:49",
        "10:04",
        "10:19",
        "10:49",
        "11:05",
        "11:20",
        "11:50",
        "12:05",
        "12:20",
        "12:50",
        "13:05",
        "13:20",
        "13:50",
        "14:05",
        "14:20",
        "14:50",
        "15:05",
        "15:20",
        "15:50",
        "16:05",
        "16:20",
        "16:50",
        "17:05",
        "17:20",
        "17:50",
        "18:05",
        "18:20",
        "19:00",
        "19:20",
        "19:59",
        "20:19",
        "20:59",
        "21:16",
        "21:36",
        "21:56",
        "22:16",
        "22:51"
    ],
    "holiday": [
        "7:16",
        "8:17",
        "8:57",
        "9:19",
        "9:49",
        "10:04",
        "10:19",
        "10:49",
        "11:05",
        "11:20",
        "11:50",
        "12:05",
        "12:20",
        "12:50",
        "13:05",
        "13:20",
        "13:50",
        "14:05",
        "14:20",
        "14:50",
        "15:05",
        "15:20",
        "15:50",
        "16:05",
        "16:20",
        "16:50",
        "17:05",
        "17:20",
        "17:50",
        "18:05",
        "18:20",
        "19:00",
        "19:19",
        "19:59",
        "20:16",
        "20:56",
        "21:16",
        "21:46",
        "22:16",
        "22:46"
    ],
    "url": "https://www.kanachu.co.jp/dia/diagram/timetable01_js/course:0000804164-16/node:00129430/kt:0/lname:/"
}
