{
    "date": "2025/02/24",
    "name": "和泉台",
    "position": "-",
    "system": "",
    "destinations": [
        "変電所前(横浜市泉区)",
        "山王塚(横浜市瀬谷区)",
        "新和入口",
        "阿久和坂上",
        "原店(横浜市瀬谷区)",
        "向原(横浜市瀬谷区)",
        "原中学校前",
        "三ツ境小学校前",
        "旭ヶ丘(横浜市瀬谷区)",
        "住宅前(横浜市瀬谷区)",
        "富士見台(横浜市瀬谷区)",
        "富士見通り商店街",
        "三ツ境駅"
    ],
    "weekday": [
        "6:09",
        "6:33",
        "7:01",
        "7:28",
        "8:05",
        "8:35",
        "9:20",
        "9:50",
        "10:35",
        "11:05",
        "11:50",
        "12:20",
        "13:05",
        "13:35",
        "14:20",
        "14:50",
        "15:35",
        "16:05",
        "16:50",
        "17:20",
        "17:50",
        "18:24",
        "18:56",
        "19:26",
        "19:59"
    ],
    "saturday": [
        "6:40",
        "7:20",
        "7:50",
        "8:35",
        "9:05",
        "9:50",
        "10:20",
        "11:05",
        "11:35",
        "12:20",
        "12:50",
        "13:35",
        "14:05",
        "14:50",
        "15:20",
        "16:05",
        "16:35",
        "17:20",
        "17:50",
        "18:35",
        "19:05"
    ],
    "holiday": [
        "6:40",
        "7:20",
        "7:50",
        "8:35",
        "9:05",
        "9:50",
        "10:20",
        "11:05",
        "11:35",
        "12:20",
        "12:50",
        "13:35",
        "14:05",
        "14:50",
        "15:20",
        "16:05",
        "16:35",
        "17:20",
        "17:50",
        "18:35",
        "19:05"
    ],
    "url": "https://www.kanachu.co.jp/dia/diagram/timetable01_js/course:0000801216-4/node:00126938/kt:0/lname:/"
}
