{
    "date": "2025/02/24",
    "name": "旭ヶ丘(横浜市瀬谷区)",
    "position": "-",
    "system": "",
    "destinations": [
        "住宅前(横浜市瀬谷区)",
        "富士見台(横浜市瀬谷区)",
        "富士見通り商店街",
        "三ツ境駅"
    ],
    "weekday": [
        "6:21",
        "6:45",
        "7:13",
        "7:40",
        "8:17",
        "8:47",
        "9:32",
        "10:02",
        "10:47",
        "11:17",
        "12:02",
        "12:32",
        "13:17",
        "13:47",
        "14:32",
        "15:02",
        "15:47",
        "16:17",
        "17:02",
        "17:32",
        "18:02",
        "18:36",
        "19:08",
        "19:38",
        "20:11"
    ],
    "saturday": [
        "6:52",
        "7:32",
        "8:02",
        "8:47",
        "9:17",
        "10:02",
        "10:32",
        "11:17",
        "11:47",
        "12:32",
        "13:02",
        "13:47",
        "14:17",
        "15:02",
        "15:32",
        "16:17",
        "16:47",
        "17:32",
        "18:02",
        "18:47",
        "19:17"
    ],
    "holiday": [
        "6:52",
        "7:32",
        "8:02",
        "8:47",
        "9:17",
        "10:02",
        "10:32",
        "11:17",
        "11:47",
        "12:32",
        "13:02",
        "13:47",
        "14:17",
        "15:02",
        "15:32",
        "16:17",
        "16:47",
        "17:32",
        "18:02",
        "18:47",
        "19:17"
    ],
    "url": "https://www.kanachu.co.jp/dia/diagram/timetable01_js/course:0000801216-13/node:00126685/kt:0/lname:/"
}
