{
    "date": "2025/11/16",
    "name": "堂山",
    "position": "-",
    "system": "愛12",
    "destinations": [
        "愛甲橋",
        "上愛甲",
        "愛甲原住宅",
        "大上(厚木市)",
        "聖木",
        "毛利台南入口",
        "上長谷(厚木市)",
        "愛名入口",
        "小野宮前",
        "小野橋(厚木市)",
        "中屋橋",
        "玉川農協前",
        "玉川公民館前",
        "日向川",
        "馬場リハビリ入口",
        "神奈川リハビリ"
    ],
    "weekday": [
        "18:27"
    ],
    "saturday": [
        "16:47"
    ],
    "holiday": [
        "16:47"
    ],
    "url": "https://www.kanachu.co.jp/dia/diagram/timetable01_js/course:0000803022-3/node:00128529/kt:0/lname:/"
}
