{
    "date": "2025/11/16",
    "name": "聖木",
    "position": "-",
    "system": "愛12",
    "destinations": [
        "毛利台南入口",
        "上長谷(厚木市)",
        "愛名入口",
        "小野宮前",
        "小野橋(厚木市)",
        "中屋橋",
        "玉川農協前",
        "玉川公民館前",
        "日向川",
        "馬場リハビリ入口",
        "神奈川リハビリ"
    ],
    "weekday": [
        "18:32"
    ],
    "saturday": [
        "16:52"
    ],
    "holiday": [
        "16:52"
    ],
    "url": "https://www.kanachu.co.jp/dia/diagram/timetable01_js/course:0000803022-8/node:00128524/kt:0/lname:/"
}
