{
    "date": "2025/11/16",
    "name": "小野宮前",
    "position": "-",
    "system": "愛12",
    "destinations": [
        "小野橋(厚木市)",
        "中屋橋",
        "玉川農協前",
        "玉川公民館前",
        "日向川",
        "馬場リハビリ入口",
        "神奈川リハビリ"
    ],
    "weekday": [
        "18:37"
    ],
    "saturday": [
        "16:57"
    ],
    "holiday": [
        "16:57"
    ],
    "url": "https://www.kanachu.co.jp/dia/diagram/timetable01_js/course:0000803022-12/node:00128449/kt:0/lname:/"
}
