{
    "date": "2025/08/04",
    "name": "相原駅西口",
    "position": "-",
    "system": "橋62",
    "destinations": [
        "相原(町田市)",
        "堺市民センター前",
        "堺中学校前",
        "堺農協前",
        "坂下(町田街道側/町田市)",
        "相原境",
        "久保ヶ谷戸",
        "寿橋",
        "寿町(相模原市緑区)",
        "旭農協前",
        "橋本駅北口"
    ],
    "weekday": [
        "6:39",
        "7:19"
    ],
    "saturday": [
        "7:04",
        "7:54"
    ],
    "holiday": [
        "7:04",
        "7:54"
    ],
    "url": "https://www.kanachu.co.jp/dia/diagram/timetable01_js/course:0000803827-11/node:00130397/kt:0/lname:/"
}
