{
    "date": "2025/08/04",
    "name": "堺市民センター前",
    "position": "-",
    "system": "橋62",
    "destinations": [
        "堺中学校前",
        "堺農協前",
        "坂下(町田街道側/町田市)",
        "相原境",
        "久保ヶ谷戸",
        "寿橋",
        "寿町(相模原市緑区)",
        "旭農協前",
        "橋本駅北口"
    ],
    "weekday": [
        "6:41",
        "7:21"
    ],
    "saturday": [
        "7:06",
        "7:56"
    ],
    "holiday": [
        "7:06",
        "7:56"
    ],
    "url": "https://www.kanachu.co.jp/dia/diagram/timetable01_js/course:0000803827-13/node:00128884/kt:0/lname:/"
}
