{
    "date": "2025/08/04",
    "name": "相原境",
    "position": "-",
    "system": "橋62",
    "destinations": [
        "久保ヶ谷戸",
        "寿橋",
        "寿町(相模原市緑区)",
        "旭農協前",
        "橋本駅北口"
    ],
    "weekday": [
        "6:44",
        "7:24"
    ],
    "saturday": [
        "7:09",
        "7:59"
    ],
    "holiday": [
        "7:09",
        "7:59"
    ],
    "url": "https://www.kanachu.co.jp/dia/diagram/timetable01_js/course:0000803827-17/node:00128881/kt:0/lname:/"
}
