{
    "date": "2025/02/24",
    "name": "三叉路(横浜市戸塚区)",
    "position": "-",
    "system": "戸55",
    "destinations": [
        "横浜医療センター",
        "横浜医療センター前",
        "原宿(横浜市戸塚区)",
        "大運寺",
        "吹上(横浜市戸塚区)",
        "西横浜国際総合病院前",
        "新道大坂上",
        "大坂上(横浜市戸塚区)",
        "大坂台",
        "大坂下",
        "八坂神社前",
        "消防署前(横浜市戸塚区)",
        "戸塚駅西口",
        "戸塚バスセンター"
    ],
    "weekday": [
        "10:39",
        "11:11",
        "11:37",
        "12:11",
        "12:37",
        "13:11",
        "13:37",
        "14:11",
        "14:37",
        "15:11",
        "15:37",
        "16:11",
        "16:36"
    ],
    "saturday": [
        "9:09",
        "9:39",
        "10:09",
        "10:39",
        "11:07",
        "11:37",
        "12:07",
        "12:37",
        "13:07",
        "13:37",
        "14:07",
        "14:37",
        "15:07",
        "15:37",
        "16:07",
        "16:37",
        "17:07",
        "17:37"
    ],
    "holiday": [
        "9:05",
        "9:37",
        "10:07",
        "10:37",
        "11:07",
        "11:37",
        "12:07",
        "12:37",
        "13:07",
        "13:37",
        "14:07",
        "14:37",
        "15:07",
        "15:37",
        "16:07",
        "16:37",
        "17:07",
        "17:37"
    ],
    "url": "https://www.kanachu.co.jp/dia/diagram/timetable01_js/course:0000803586-3/node:00126820/kt:0/lname:/"
}
