{
    "date": "2025/02/24",
    "name": "横浜医療センター前",
    "position": "-",
    "system": "戸55",
    "destinations": [
        "原宿(横浜市戸塚区)",
        "大運寺",
        "吹上(横浜市戸塚区)",
        "西横浜国際総合病院前",
        "新道大坂上",
        "大坂上(横浜市戸塚区)",
        "大坂台",
        "大坂下",
        "八坂神社前",
        "消防署前(横浜市戸塚区)",
        "戸塚駅西口",
        "戸塚バスセンター"
    ],
    "weekday": [
        "10:42",
        "11:14",
        "11:40",
        "12:14",
        "12:40",
        "13:14",
        "13:40",
        "14:14",
        "14:40",
        "15:14",
        "15:40",
        "16:14",
        "16:39"
    ],
    "saturday": [
        "9:12",
        "9:42",
        "10:12",
        "10:42",
        "11:10",
        "11:40",
        "12:10",
        "12:40",
        "13:10",
        "13:40",
        "14:10",
        "14:40",
        "15:10",
        "15:40",
        "16:10",
        "16:40",
        "17:10",
        "17:40"
    ],
    "holiday": [
        "9:08",
        "9:40",
        "10:10",
        "10:40",
        "11:10",
        "11:40",
        "12:10",
        "12:40",
        "13:10",
        "13:40",
        "14:10",
        "14:40",
        "15:10",
        "15:40",
        "16:10",
        "16:40",
        "17:10",
        "17:40"
    ],
    "url": "https://www.kanachu.co.jp/dia/diagram/timetable01_js/course:0000803586-5/node:00126819/kt:0/lname:/"
}
