{
    "date": "2025/02/24",
    "name": "大運寺",
    "position": "-",
    "system": "戸55",
    "destinations": [
        "吹上(横浜市戸塚区)",
        "西横浜国際総合病院前",
        "新道大坂上",
        "大坂上(横浜市戸塚区)",
        "大坂台",
        "大坂下",
        "八坂神社前",
        "消防署前(横浜市戸塚区)",
        "戸塚駅西口",
        "戸塚バスセンター"
    ],
    "weekday": [
        "10:44",
        "11:16",
        "11:42",
        "12:16",
        "12:42",
        "13:16",
        "13:42",
        "14:16",
        "14:42",
        "15:16",
        "15:42",
        "16:16",
        "16:41"
    ],
    "saturday": [
        "9:14",
        "9:44",
        "10:14",
        "10:44",
        "11:12",
        "11:42",
        "12:12",
        "12:42",
        "13:12",
        "13:42",
        "14:12",
        "14:42",
        "15:12",
        "15:42",
        "16:12",
        "16:42",
        "17:12",
        "17:42"
    ],
    "holiday": [
        "9:10",
        "9:42",
        "10:12",
        "10:42",
        "11:12",
        "11:42",
        "12:12",
        "12:42",
        "13:12",
        "13:42",
        "14:12",
        "14:42",
        "15:12",
        "15:42",
        "16:12",
        "16:42",
        "17:12",
        "17:42"
    ],
    "url": "https://www.kanachu.co.jp/dia/diagram/timetable01_js/course:0000803586-7/node:00126817/kt:0/lname:/"
}
