{
    "date": "2025/02/24",
    "name": "吹上(横浜市戸塚区)",
    "position": "-",
    "system": "戸55",
    "destinations": [
        "西横浜国際総合病院前",
        "新道大坂上",
        "大坂上(横浜市戸塚区)",
        "大坂台",
        "大坂下",
        "八坂神社前",
        "消防署前(横浜市戸塚区)",
        "戸塚駅西口",
        "戸塚バスセンター"
    ],
    "weekday": [
        "10:46",
        "11:18",
        "11:44",
        "12:18",
        "12:44",
        "13:18",
        "13:44",
        "14:18",
        "14:44",
        "15:18",
        "15:44",
        "16:18",
        "16:43"
    ],
    "saturday": [
        "9:15",
        "9:45",
        "10:15",
        "10:45",
        "11:13",
        "11:43",
        "12:13",
        "12:43",
        "13:13",
        "13:43",
        "14:13",
        "14:43",
        "15:13",
        "15:43",
        "16:13",
        "16:43",
        "17:13",
        "17:43"
    ],
    "holiday": [
        "9:11",
        "9:43",
        "10:13",
        "10:43",
        "11:13",
        "11:43",
        "12:13",
        "12:43",
        "13:13",
        "13:43",
        "14:13",
        "14:43",
        "15:13",
        "15:43",
        "16:13",
        "16:43",
        "17:13",
        "17:43"
    ],
    "url": "https://www.kanachu.co.jp/dia/diagram/timetable01_js/course:0000803586-8/node:00126816/kt:0/lname:/"
}
