{
    "date": "2025/02/24",
    "name": "新道大坂上",
    "position": "-",
    "system": "戸55",
    "destinations": [
        "大坂上(横浜市戸塚区)",
        "大坂台",
        "大坂下",
        "八坂神社前",
        "消防署前(横浜市戸塚区)",
        "戸塚駅西口",
        "戸塚バスセンター"
    ],
    "weekday": [
        "10:48",
        "11:20",
        "11:46",
        "12:20",
        "12:46",
        "13:20",
        "13:46",
        "14:20",
        "14:46",
        "15:20",
        "15:46",
        "16:20",
        "16:45"
    ],
    "saturday": [
        "9:17",
        "9:47",
        "10:17",
        "10:47",
        "11:15",
        "11:45",
        "12:15",
        "12:45",
        "13:15",
        "13:45",
        "14:15",
        "14:45",
        "15:15",
        "15:45",
        "16:15",
        "16:45",
        "17:15",
        "17:45"
    ],
    "holiday": [
        "9:13",
        "9:45",
        "10:15",
        "10:45",
        "11:15",
        "11:45",
        "12:15",
        "12:45",
        "13:15",
        "13:45",
        "14:15",
        "14:45",
        "15:15",
        "15:45",
        "16:15",
        "16:45",
        "17:15",
        "17:45"
    ],
    "url": "https://www.kanachu.co.jp/dia/diagram/timetable01_js/course:0000803586-10/node:00126814/kt:0/lname:/"
}
