{
    "date": "2025/02/24",
    "name": "消防署前(横浜市戸塚区)",
    "position": "-",
    "system": "戸55",
    "destinations": [
        "戸塚駅西口",
        "戸塚バスセンター"
    ],
    "weekday": [
        "10:53",
        "11:25",
        "11:51",
        "12:25",
        "12:51",
        "13:25",
        "13:51",
        "14:25",
        "14:51",
        "15:25",
        "15:51",
        "16:25",
        "16:50"
    ],
    "saturday": [
        "9:22",
        "9:52",
        "10:22",
        "10:52",
        "11:20",
        "11:50",
        "12:20",
        "12:50",
        "13:20",
        "13:50",
        "14:20",
        "14:50",
        "15:20",
        "15:50",
        "16:20",
        "16:50",
        "17:20",
        "17:50"
    ],
    "holiday": [
        "9:18",
        "9:50",
        "10:20",
        "10:50",
        "11:20",
        "11:50",
        "12:20",
        "12:50",
        "13:20",
        "13:50",
        "14:20",
        "14:50",
        "15:20",
        "15:50",
        "16:20",
        "16:50",
        "17:20",
        "17:50"
    ],
    "url": "https://www.kanachu.co.jp/dia/diagram/timetable01_js/course:0000803586-15/node:00126809/kt:0/lname:/"
}
