{
    "date": "2025/08/30",
    "name": "弘明寺口",
    "position": "-",
    "system": "井10",
    "destinations": [
        "南永田",
        "住宅前(横浜市南区)",
        "井土ヶ谷",
        "井土ヶ谷下町"
    ],
    "weekday": [
        "6:29",
        "6:52",
        "7:16",
        "7:44",
        "8:09",
        "8:33",
        "8:59",
        "9:22",
        "10:07",
        "10:52",
        "11:37",
        "12:22",
        "13:07",
        "13:52",
        "14:37",
        "15:22",
        "16:07",
        "16:52",
        "17:37",
        "17:59",
        "18:22",
        "18:44",
        "19:07",
        "19:52",
        "20:37"
    ],
    "saturday": [
        "6:37",
        "7:22",
        "8:11",
        "9:01",
        "9:39",
        "10:24",
        "11:09",
        "11:54",
        "12:36",
        "13:22",
        "14:11",
        "14:53",
        "15:39",
        "16:24",
        "17:09",
        "17:54",
        "18:39",
        "19:25"
    ],
    "holiday": [
        "6:37",
        "7:22",
        "8:11",
        "9:01",
        "9:39",
        "10:24",
        "11:09",
        "11:54",
        "12:36",
        "13:22",
        "14:11",
        "14:53",
        "15:39",
        "16:24",
        "17:09",
        "17:54",
        "18:39",
        "19:25"
    ],
    "url": "https://www.kanachu.co.jp/dia/diagram/timetable01_js/course:0000800514-7/node:00126628/kt:0/lname:/"
}
