{
    "date": "2024/07/08",
    "name": "境川団地",
    "position": "-",
    "system": "町13",
    "destinations": [
        "町田バスセンター"
    ],
    "weekday": [
        "6:26",
        "6:38",
        "6:50",
        "7:02",
        "7:12",
        "7:21",
        "7:31",
        "7:44",
        "7:54",
        "8:06",
        "8:18",
        "8:30",
        "8:42",
        "8:54",
        "9:26",
        "9:54",
        "10:23",
        "11:23",
        "12:21",
        "13:06",
        "13:23",
        "14:23",
        "15:21",
        "15:41",
        "16:21",
        "16:51",
        "16:56",
        "17:16",
        "17:46",
        "18:41",
        "18:56",
        "19:16"
    ],
    "saturday": [
        "9:14",
        "10:13",
        "11:16",
        "14:14",
        "15:14",
        "16:14"
    ],
    "holiday": [
        "9:18",
        "10:16",
        "11:14",
        "14:15",
        "15:12",
        "16:12"
    ],
    "url": "https://www.kanachu.co.jp/dia/diagram/timetable01_js/course:0000803603-4/node:00129382/kt:0/lname:/"
}
