{
    "date": "2025/11/16",
    "name": "長坂谷公園南",
    "position": "-",
    "system": "中55",
    "destinations": [
        "境(横浜市緑区)",
        "中山駅"
    ],
    "weekday": [
        "6:21",
        "10:03",
        "11:21",
        "12:33",
        "14:02",
        "14:31",
        "16:35",
        "17:36",
        "20:31"
    ],
    "saturday": [
        "6:26",
        "9:54",
        "11:23",
        "12:23",
        "14:23",
        "18:06"
    ],
    "holiday": [
        "6:57",
        "9:09",
        "9:53",
        "14:23",
        "16:20",
        "17:05",
        "18:11"
    ],
    "url": "https://www.kanachu.co.jp/dia/diagram/timetable01_js/course:0000802215-2/node:00130366/kt:0/lname:/"
}
