{
    "date": "2025/07/12",
    "name": "藤沢駅北口",
    "position": "-",
    "system": "藤03",
    "destinations": [
        "三富士町",
        "相生町(藤沢市)",
        "養老院前",
        "日本精工北門",
        "湘南高校通り",
        "烏森公園前",
        "上村(藤沢市)",
        "上村橋",
        "NOK前",
        "高山(藤沢市)",
        "住宅前(藤沢市明治)",
        "汲田",
        "明治中学校前",
        "羽鳥郵便局前",
        "神台公園前",
        "辻堂駅北口"
    ],
    "weekday": [
        "6:50",
        "8:25",
        "9:15",
        "10:12",
        "11:15",
        "12:12",
        "13:12",
        "14:12",
        "15:12",
        "16:12",
        "17:12",
        "18:10"
    ],
    "saturday": [
        "8:12",
        "10:12",
        "12:12",
        "14:12",
        "16:12",
        "18:12"
    ],
    "holiday": [
        "8:12",
        "10:12",
        "12:12",
        "14:12",
        "16:12",
        "18:12"
    ],
    "url": "https://www.kanachu.co.jp/dia/diagram/timetable01_js/course:0000800898-1/node:00126970/kt:0/lname:/"
}
