{
    "date": "2025/07/12",
    "name": "日本精工北門",
    "position": "-",
    "system": "藤03",
    "destinations": [
        "湘南高校通り",
        "烏森公園前",
        "上村(藤沢市)",
        "上村橋",
        "NOK前",
        "高山(藤沢市)",
        "住宅前(藤沢市明治)",
        "汲田",
        "明治中学校前",
        "羽鳥郵便局前",
        "神台公園前",
        "辻堂駅北口"
    ],
    "weekday": [
        "6:54",
        "8:29",
        "9:19",
        "10:16",
        "11:19",
        "12:16",
        "13:16",
        "14:16",
        "15:16",
        "16:16",
        "17:16",
        "18:14"
    ],
    "saturday": [
        "8:16",
        "10:16",
        "12:16",
        "14:16",
        "16:16",
        "18:16"
    ],
    "holiday": [
        "8:16",
        "10:16",
        "12:16",
        "14:16",
        "16:16",
        "18:16"
    ],
    "url": "https://www.kanachu.co.jp/dia/diagram/timetable01_js/course:0000800898-5/node:00127078/kt:0/lname:/"
}
