{
    "date": "2025/07/12",
    "name": "湘南高校通り",
    "position": "-",
    "system": "藤03",
    "destinations": [
        "烏森公園前",
        "上村(藤沢市)",
        "上村橋",
        "NOK前",
        "高山(藤沢市)",
        "住宅前(藤沢市明治)",
        "汲田",
        "明治中学校前",
        "羽鳥郵便局前",
        "神台公園前",
        "辻堂駅北口"
    ],
    "weekday": [
        "6:55",
        "8:30",
        "9:20",
        "10:17",
        "11:20",
        "12:17",
        "13:17",
        "14:17",
        "15:17",
        "16:17",
        "17:17",
        "18:15"
    ],
    "saturday": [
        "8:17",
        "10:17",
        "12:17",
        "14:17",
        "16:17",
        "18:17"
    ],
    "holiday": [
        "8:17",
        "10:17",
        "12:17",
        "14:17",
        "16:17",
        "18:17"
    ],
    "url": "https://www.kanachu.co.jp/dia/diagram/timetable01_js/course:0000800898-6/node:00127079/kt:0/lname:/"
}
