{
    "date": "2024/03/16",
    "name": "第四小学校前(町田市)",
    "position": "-",
    "system": "町50",
    "destinations": [
        "中町二丁目",
        "町田郵便局前",
        "体育館前(町田市)",
        "菅原神社前(町田市)",
        "養運寺",
        "市立博物館前(町田市)",
        "ゆうき山",
        "金井小学校入口",
        "藤の台東",
        "藤の台団地",
        "藤の台東",
        "木倉",
        "八幡神社前(町田市)",
        "笹子",
        "栗谷",
        "金井(町田市)",
        "金井入口",
        "上能ヶ谷",
        "鶴川駅西口",
        "鶴川駅",
        "能ヶ谷二丁目",
        "鶴川一丁目",
        "鶴川二丁目",
        "センター前(町田市)",
        "鶴川中央公園",
        "広袴",
        "給水塔前(鶴川団地/町田市)",
        "国士舘大学前",
        "鶴川団地"
    ],
    "weekday": [
        "11:26",
        "12:26",
        "13:26",
        "14:26",
        "15:33"
    ],
    "saturday": [
        "11:46",
        "12:22",
        "13:22",
        "14:22",
        "15:22"
    ],
    "holiday": [
        "11:46",
        "12:22",
        "13:22",
        "14:22",
        "15:22"
    ],
    "url": "https://www.kanachu.co.jp/dia/diagram/timetable01_js/course:0000803457-3/node:00129357/kt:0/lname:/"
}
