{
    "date": "2024/03/16",
    "name": "藤の台団地",
    "position": "-",
    "system": "町50",
    "destinations": [
        "藤の台東",
        "木倉",
        "八幡神社前(町田市)",
        "笹子",
        "栗谷",
        "金井(町田市)",
        "金井入口",
        "上能ヶ谷",
        "鶴川駅西口",
        "鶴川駅",
        "能ヶ谷二丁目",
        "鶴川一丁目",
        "鶴川二丁目",
        "センター前(町田市)",
        "鶴川中央公園",
        "広袴",
        "給水塔前(鶴川団地/町田市)",
        "国士舘大学前",
        "鶴川団地"
    ],
    "weekday": [
        "11:43",
        "12:43",
        "13:43",
        "14:43",
        "15:50"
    ],
    "saturday": [
        "12:03",
        "12:39",
        "13:39",
        "14:40",
        "15:40"
    ],
    "holiday": [
        "12:03",
        "12:39",
        "13:39",
        "14:39",
        "15:39"
    ],
    "url": "https://www.kanachu.co.jp/dia/diagram/timetable01_js/course:0000803457-13/node:00129451/kt:0/lname:/"
}
