{
    "date": "2024/03/16",
    "name": "木倉",
    "position": "-",
    "system": "町50",
    "destinations": [
        "八幡神社前(町田市)",
        "笹子",
        "栗谷",
        "金井(町田市)",
        "金井入口",
        "上能ヶ谷",
        "鶴川駅西口",
        "鶴川駅",
        "能ヶ谷二丁目",
        "鶴川一丁目",
        "鶴川二丁目",
        "センター前(町田市)",
        "鶴川中央公園",
        "広袴",
        "給水塔前(鶴川団地/町田市)",
        "国士舘大学前",
        "鶴川団地"
    ],
    "weekday": [
        "11:46",
        "12:46",
        "13:46",
        "14:46",
        "15:53"
    ],
    "saturday": [
        "12:06",
        "12:42",
        "13:42",
        "14:43",
        "15:43"
    ],
    "holiday": [
        "12:06",
        "12:42",
        "13:42",
        "14:42",
        "15:42"
    ],
    "url": "https://www.kanachu.co.jp/dia/diagram/timetable01_js/course:0000803457-15/node:00129452/kt:0/lname:/"
}
