{
    "date": "2024/03/16",
    "name": "八幡神社前(町田市)",
    "position": "-",
    "system": "町50",
    "destinations": [
        "笹子",
        "栗谷",
        "金井(町田市)",
        "金井入口",
        "上能ヶ谷",
        "鶴川駅西口",
        "鶴川駅",
        "能ヶ谷二丁目",
        "鶴川一丁目",
        "鶴川二丁目",
        "センター前(町田市)",
        "鶴川中央公園",
        "広袴",
        "給水塔前(鶴川団地/町田市)",
        "国士舘大学前",
        "鶴川団地"
    ],
    "weekday": [
        "11:47",
        "12:47",
        "13:47",
        "14:47",
        "15:54"
    ],
    "saturday": [
        "12:07",
        "12:43",
        "13:43",
        "14:44",
        "15:44"
    ],
    "holiday": [
        "12:07",
        "12:43",
        "13:43",
        "14:43",
        "15:43"
    ],
    "url": "https://www.kanachu.co.jp/dia/diagram/timetable01_js/course:0000803457-16/node:00129453/kt:0/lname:/"
}
