{
    "date": "2024/03/16",
    "name": "金井(町田市)",
    "position": "-",
    "system": "町50",
    "destinations": [
        "金井入口",
        "上能ヶ谷",
        "鶴川駅西口",
        "鶴川駅",
        "能ヶ谷二丁目",
        "鶴川一丁目",
        "鶴川二丁目",
        "センター前(町田市)",
        "鶴川中央公園",
        "広袴",
        "給水塔前(鶴川団地/町田市)",
        "国士舘大学前",
        "鶴川団地"
    ],
    "weekday": [
        "11:51",
        "12:51",
        "13:51",
        "14:51",
        "15:58"
    ],
    "saturday": [
        "12:11",
        "12:47",
        "13:47",
        "14:48",
        "15:48"
    ],
    "holiday": [
        "12:11",
        "12:47",
        "13:47",
        "14:47",
        "15:47"
    ],
    "url": "https://www.kanachu.co.jp/dia/diagram/timetable01_js/course:0000803457-19/node:00129456/kt:0/lname:/"
}
