{
    "date": "2024/03/16",
    "name": "鶴川二丁目",
    "position": "-",
    "system": "町50",
    "destinations": [
        "センター前(町田市)",
        "鶴川中央公園",
        "広袴",
        "給水塔前(鶴川団地/町田市)",
        "国士舘大学前",
        "鶴川団地"
    ],
    "weekday": [
        "12:09",
        "13:09",
        "14:09",
        "15:09",
        "16:16"
    ],
    "saturday": [
        "12:33",
        "13:09",
        "14:09",
        "15:09",
        "16:09"
    ],
    "holiday": [
        "12:33",
        "13:09",
        "14:09",
        "15:09",
        "16:09"
    ],
    "url": "https://www.kanachu.co.jp/dia/diagram/timetable01_js/course:0000803457-26/node:00049317/kt:0/lname:/"
}
