{
    "date": "2024/03/16",
    "name": "広袴",
    "position": "-",
    "system": "町50",
    "destinations": [
        "給水塔前(鶴川団地/町田市)",
        "国士舘大学前",
        "鶴川団地"
    ],
    "weekday": [
        "12:12",
        "13:12",
        "14:12",
        "15:12",
        "16:19"
    ],
    "saturday": [
        "12:36",
        "13:12",
        "14:12",
        "15:12",
        "16:12"
    ],
    "holiday": [
        "12:36",
        "13:12",
        "14:12",
        "15:12",
        "16:12"
    ],
    "url": "https://www.kanachu.co.jp/dia/diagram/timetable01_js/course:0000803457-29/node:00049320/kt:0/lname:/"
}
