{
    "date": "2024/03/16",
    "name": "給水塔前(鶴川団地/町田市)",
    "position": "-",
    "system": "町50",
    "destinations": [
        "国士舘大学前",
        "鶴川団地"
    ],
    "weekday": [
        "12:13",
        "13:13",
        "14:13",
        "15:13",
        "16:20"
    ],
    "saturday": [
        "12:37",
        "13:13",
        "14:13",
        "15:13",
        "16:13"
    ],
    "holiday": [
        "12:37",
        "13:13",
        "14:13",
        "15:13",
        "16:13"
    ],
    "url": "https://www.kanachu.co.jp/dia/diagram/timetable01_js/course:0000803457-30/node:00049321/kt:0/lname:/"
}
