{
    "system": "町36",
    "busstops": [
        {
            "index": "1",
            "id": "00025625",
            "name": "町田バスセンター",
            "lat": "35.543739",
            "lng": "139.444028"
        },
        {
            "index": "2",
            "id": "00129356",
            "name": "町田市役所市民ホール前",
            "lat": "35.547266",
            "lng": "139.438906"
        },
        {
            "index": "3",
            "id": "00129357",
            "name": "第四小学校前(町田市)",
            "lat": "35.550343",
            "lng": "139.438207"
        },
        {
            "index": "4",
            "id": "00129358",
            "name": "森野三丁目",
            "lat": "35.552678",
            "lng": "139.439366"
        },
        {
            "index": "5",
            "id": "00129359",
            "name": "市民病院前(町田市)",
            "lat": "35.555545",
            "lng": "139.435749"
        },
        {
            "index": "6",
            "id": "00129360",
            "name": "浄水場前(町田市)",
            "lat": "35.557661",
            "lng": "139.433249"
        },
        {
            "index": "7",
            "id": "00129361",
            "name": "滝の沢(町田市)",
            "lat": "35.559716",
            "lng": "139.429759"
        },
        {
            "index": "8",
            "id": "00129362",
            "name": "木曽住宅",
            "lat": "35.563788",
            "lng": "139.426096"
        },
        {
            "index": "9",
            "id": "00129363",
            "name": "三家(町田市)",
            "lat": "35.564575",
            "lng": "139.425469"
        },
        {
            "index": "10",
            "id": "00129364",
            "name": "木曽(町田市)",
            "lat": "35.568528",
            "lng": "139.4225"
        },
        {
            "index": "11",
            "id": "00129494",
            "name": "忠生公園入口",
            "lat": "35.571423",
            "lng": "139.420864"
        },
        {
            "index": "12",
            "id": "00129365",
            "name": "上宿(町田市)",
            "lat": "35.574575",
            "lng": "139.418673"
        },
        {
            "index": "13",
            "id": "00129366",
            "name": "下根岸(町田市)",
            "lat": "35.576358",
            "lng": "139.414946"
        },
        {
            "index": "14",
            "id": "00129367",
            "name": "根岸(根岸町/町田市)",
            "lat": "35.577931",
            "lng": "139.414465"
        },
        {
            "index": "15",
            "id": "00129368",
            "name": "馬駈",
            "lat": "35.581523",
            "lng": "139.417805"
        },
        {
            "index": "16",
            "id": "00129369",
            "name": "図師大橋",
            "lat": "35.582917",
            "lng": "139.42443"
        },
        {
            "index": "17",
            "id": "00129370",
            "name": "図師",
            "lat": "35.583116",
            "lng": "139.425669"
        },
        {
            "index": "18",
            "id": "00129371",
            "name": "並木(町田市)",
            "lat": "35.585391",
            "lng": "139.431998"
        },
        {
            "index": "19",
            "id": "00129480",
            "name": "ろうわ学校",
            "lat": "35.587691",
            "lng": "139.433248"
        },
        {
            "index": "20",
            "id": "00129432",
            "name": "野津田高校入口",
            "lat": "35.593098",
            "lng": "139.435158"
        },
        {
            "index": "21",
            "id": "00129479",
            "name": "向坂(町田市)",
            "lat": "35.59559",
            "lng": "139.437264"
        },
        {
            "index": "22",
            "id": "00129478",
            "name": "小野神社前(町田市)",
            "lat": "35.598171",
            "lng": "139.439519"
        },
        {
            "index": "23",
            "id": "00129477",
            "name": "新屋敷(町田市)",
            "lat": "35.597021",
            "lng": "139.442309"
        },
        {
            "index": "24",
            "id": "00129514",
            "name": "サンシティ町田",
            "lat": "35.595686",
            "lng": "139.445181"
        },
        {
            "index": "25",
            "id": "00129476",
            "name": "五反田(町田市)",
            "lat": "35.594343",
            "lng": "139.448413"
        },
        {
            "index": "26",
            "id": "00129475",
            "name": "下堤(町田市)",
            "lat": "35.595141",
            "lng": "139.451963"
        },
        {
            "index": "27",
            "id": "00129474",
            "name": "岩子山",
            "lat": "35.593791",
            "lng": "139.456063"
        },
        {
            "index": "28",
            "id": "00129473",
            "name": "井の花",
            "lat": "35.591494",
            "lng": "139.458587"
        },
        {
            "index": "29",
            "id": "00129435",
            "name": "大蔵(鶴川郵便局前/町田市)",
            "lat": "35.588589",
            "lng": "139.462751"
        },
        {
            "index": "30",
            "id": "00129436",
            "name": "鶴川市民センター入口",
            "lat": "35.588281",
            "lng": "139.465066"
        },
        {
            "index": "31",
            "id": "00129437",
            "name": "下大蔵",
            "lat": "35.587149",
            "lng": "139.469776"
        },
        {
            "index": "32",
            "id": "00129438",
            "name": "金井入口",
            "lat": "35.585048",
            "lng": "139.472292"
        },
        {
            "index": "33",
            "id": "00129439",
            "name": "上能ヶ谷",
            "lat": "35.583703",
            "lng": "139.475854"
        },
        {
            "index": "34",
            "id": "00130346",
            "name": "鶴川駅西口",
            "lat": "35.583308",
            "lng": "139.478524"
        },
        {
            "index": "35",
            "id": "00049296",
            "name": "鶴川駅",
            "lat": "35.584013",
            "lng": "139.482612"
        }
    ],
    "route_url": "https://www.kanachu.co.jp/dia/route/index/cid:0000803441/"
}
