{
    "date": "2025/08/30",
    "name": "弥生台駅",
    "position": "-",
    "system": "東23",
    "destinations": [
        "親善病院前",
        "西が岡一丁目",
        "福祉センター前(横浜市泉区)",
        "西が岡三丁目",
        "白百合台団地",
        "領家三丁目(横浜市泉区)",
        "領家一丁目(横浜市泉区)",
        "普光寺入口",
        "下岡津",
        "学校入口(横浜市泉区)",
        "さかえ橋",
        "中村(横浜市戸塚区)",
        "妙法寺(横浜市戸塚区)",
        "公園前(横浜市戸塚区)",
        "川上小学校前(横浜市戸塚区)",
        "前田ハイツ前",
        "天王山橋",
        "東戸塚駅東口"
    ],
    "weekday": [
        "6:33",
        "7:17",
        "8:34",
        "9:51",
        "11:00",
        "12:30",
        "13:39",
        "15:01",
        "16:23",
        "17:46",
        "19:03",
        "20:19"
    ],
    "saturday": [
        "8:26",
        "9:49",
        "11:08",
        "12:29",
        "13:48",
        "15:08",
        "16:29",
        "17:45",
        "19:06"
    ],
    "holiday": [
        "9:49",
        "11:08",
        "12:29",
        "13:48",
        "15:08",
        "16:29",
        "17:45"
    ],
    "url": "https://www.kanachu.co.jp/dia/diagram/timetable01_js/course:0000803841-1/node:00126698/kt:0/lname:/"
}
