{
    "date": "2025/08/30",
    "name": "福祉センター前(横浜市泉区)",
    "position": "-",
    "system": "東23",
    "destinations": [
        "西が岡三丁目",
        "白百合台団地",
        "領家三丁目(横浜市泉区)",
        "領家一丁目(横浜市泉区)",
        "普光寺入口",
        "下岡津",
        "学校入口(横浜市泉区)",
        "さかえ橋",
        "中村(横浜市戸塚区)",
        "妙法寺(横浜市戸塚区)",
        "公園前(横浜市戸塚区)",
        "川上小学校前(横浜市戸塚区)",
        "前田ハイツ前",
        "天王山橋",
        "東戸塚駅東口"
    ],
    "weekday": [
        "6:36",
        "7:20",
        "8:37",
        "9:54",
        "11:03",
        "12:33",
        "13:42",
        "15:04",
        "16:26",
        "17:49",
        "19:06",
        "20:22"
    ],
    "saturday": [
        "8:29",
        "9:52",
        "11:11",
        "12:32",
        "13:51",
        "15:11",
        "16:32",
        "17:48",
        "19:09"
    ],
    "holiday": [
        "9:52",
        "11:11",
        "12:32",
        "13:51",
        "15:11",
        "16:32",
        "17:48"
    ],
    "url": "https://www.kanachu.co.jp/dia/diagram/timetable01_js/course:0000803841-4/node:00126695/kt:0/lname:/"
}
