{
    "date": "2025/08/30",
    "name": "白百合台団地",
    "position": "-",
    "system": "東23",
    "destinations": [
        "領家三丁目(横浜市泉区)",
        "領家一丁目(横浜市泉区)",
        "普光寺入口",
        "下岡津",
        "学校入口(横浜市泉区)",
        "さかえ橋",
        "中村(横浜市戸塚区)",
        "妙法寺(横浜市戸塚区)",
        "公園前(横浜市戸塚区)",
        "川上小学校前(横浜市戸塚区)",
        "前田ハイツ前",
        "天王山橋",
        "東戸塚駅東口"
    ],
    "weekday": [
        "6:39",
        "7:23",
        "8:40",
        "9:57",
        "11:06",
        "12:36",
        "13:45",
        "15:07",
        "16:29",
        "17:52",
        "19:09",
        "20:25"
    ],
    "saturday": [
        "8:32",
        "9:55",
        "11:14",
        "12:35",
        "13:54",
        "15:14",
        "16:35",
        "17:51",
        "19:12"
    ],
    "holiday": [
        "9:55",
        "11:14",
        "12:35",
        "13:54",
        "15:14",
        "16:35",
        "17:51"
    ],
    "url": "https://www.kanachu.co.jp/dia/diagram/timetable01_js/course:0000803841-6/node:00126693/kt:0/lname:/"
}
