{
    "date": "2024/07/08",
    "name": "鶴川駅",
    "position": "-",
    "system": "鶴21",
    "destinations": [
        "上能ヶ谷",
        "金井入口",
        "下大蔵",
        "鶴川市民センター前",
        "消防署前(鶴川出張所/町田市)",
        "鶴川三丁目",
        "団地南(町田市)",
        "街道口",
        "和光学園(町田市)",
        "下谷戸入口",
        "真光寺(町田市)",
        "入谷戸(真光寺町/町田市)",
        "日影(川崎市麻生区)",
        "黒川(川崎市麻生区)",
        "下黒川",
        "若葉台駅"
    ],
    "weekday": [
        "6:00",
        "6:20",
        "6:40",
        "7:00",
        "7:15",
        "7:28",
        "7:38",
        "7:48",
        "8:00",
        "8:15",
        "8:40",
        "9:20",
        "10:00",
        "10:40",
        "11:20",
        "12:00",
        "12:40",
        "13:23",
        "14:00",
        "14:43",
        "15:03",
        "15:23",
        "15:43",
        "16:13",
        "16:43",
        "17:13",
        "17:43",
        "18:13",
        "18:43",
        "19:13",
        "19:48",
        "20:25",
        "21:04"
    ],
    "saturday": [
        "6:05",
        "6:40",
        "7:15",
        "7:50",
        "8:30",
        "9:10",
        "9:50",
        "10:30",
        "11:10",
        "11:50",
        "12:30",
        "13:10",
        "13:50",
        "14:30",
        "15:10",
        "15:50",
        "16:30",
        "17:10",
        "17:50",
        "18:30",
        "19:30",
        "20:30"
    ],
    "holiday": [
        "6:05",
        "6:40",
        "7:15",
        "7:50",
        "8:30",
        "9:10",
        "9:50",
        "10:30",
        "11:30",
        "12:30",
        "13:30",
        "14:30",
        "15:30",
        "16:30",
        "17:30",
        "18:30",
        "19:30",
        "20:30"
    ],
    "url": "https://www.kanachu.co.jp/dia/diagram/timetable01_js/course:0000803447-1/node:00049296/kt:0/lname:/"
}
