{
    "date": "2024/07/08",
    "name": "上能ヶ谷",
    "position": "-",
    "system": "鶴21",
    "destinations": [
        "金井入口",
        "下大蔵",
        "鶴川市民センター前",
        "消防署前(鶴川出張所/町田市)",
        "鶴川三丁目",
        "団地南(町田市)",
        "街道口",
        "和光学園(町田市)",
        "下谷戸入口",
        "真光寺(町田市)",
        "入谷戸(真光寺町/町田市)",
        "日影(川崎市麻生区)",
        "黒川(川崎市麻生区)",
        "下黒川",
        "若葉台駅"
    ],
    "weekday": [
        "6:01",
        "6:21",
        "6:41",
        "7:01",
        "7:16",
        "7:29",
        "7:39",
        "7:49",
        "8:01",
        "8:16",
        "8:41",
        "9:21",
        "10:01",
        "10:41",
        "11:21",
        "12:01",
        "12:41",
        "13:24",
        "14:01",
        "14:44",
        "15:04",
        "15:24",
        "15:44",
        "16:14",
        "16:44",
        "17:14",
        "17:44",
        "18:14",
        "18:44",
        "19:14",
        "19:49",
        "20:26",
        "21:05"
    ],
    "saturday": [
        "6:06",
        "6:41",
        "7:16",
        "7:51",
        "8:31",
        "9:11",
        "9:51",
        "10:31",
        "11:11",
        "11:51",
        "12:31",
        "13:11",
        "13:51",
        "14:31",
        "15:11",
        "15:51",
        "16:31",
        "17:11",
        "17:51",
        "18:31",
        "19:31",
        "20:31"
    ],
    "holiday": [
        "6:06",
        "6:41",
        "7:16",
        "7:51",
        "8:31",
        "9:11",
        "9:51",
        "10:31",
        "11:31",
        "12:31",
        "13:31",
        "14:31",
        "15:31",
        "16:31",
        "17:31",
        "18:31",
        "19:31",
        "20:31"
    ],
    "url": "https://www.kanachu.co.jp/dia/diagram/timetable01_js/course:0000803447-2/node:00129439/kt:0/lname:/"
}
