{
    "date": "2024/07/08",
    "name": "金井入口",
    "position": "-",
    "system": "鶴21",
    "destinations": [
        "下大蔵",
        "鶴川市民センター前",
        "消防署前(鶴川出張所/町田市)",
        "鶴川三丁目",
        "団地南(町田市)",
        "街道口",
        "和光学園(町田市)",
        "下谷戸入口",
        "真光寺(町田市)",
        "入谷戸(真光寺町/町田市)",
        "日影(川崎市麻生区)",
        "黒川(川崎市麻生区)",
        "下黒川",
        "若葉台駅"
    ],
    "weekday": [
        "6:02",
        "6:22",
        "6:42",
        "7:02",
        "7:17",
        "7:30",
        "7:40",
        "7:50",
        "8:02",
        "8:17",
        "8:42",
        "9:22",
        "10:02",
        "10:42",
        "11:22",
        "12:02",
        "12:42",
        "13:25",
        "14:02",
        "14:45",
        "15:05",
        "15:25",
        "15:45",
        "16:15",
        "16:45",
        "17:15",
        "17:45",
        "18:15",
        "18:45",
        "19:15",
        "19:50",
        "20:27",
        "21:06"
    ],
    "saturday": [
        "6:07",
        "6:42",
        "7:17",
        "7:52",
        "8:32",
        "9:12",
        "9:52",
        "10:32",
        "11:12",
        "11:52",
        "12:32",
        "13:12",
        "13:52",
        "14:32",
        "15:12",
        "15:52",
        "16:32",
        "17:12",
        "17:52",
        "18:32",
        "19:32",
        "20:32"
    ],
    "holiday": [
        "6:07",
        "6:42",
        "7:17",
        "7:52",
        "8:32",
        "9:12",
        "9:52",
        "10:32",
        "11:32",
        "12:32",
        "13:32",
        "14:32",
        "15:32",
        "16:32",
        "17:32",
        "18:32",
        "19:32",
        "20:32"
    ],
    "url": "https://www.kanachu.co.jp/dia/diagram/timetable01_js/course:0000803447-3/node:00129438/kt:0/lname:/"
}
