{
    "date": "2024/07/08",
    "name": "消防署前(鶴川出張所/町田市)",
    "position": "-",
    "system": "鶴21",
    "destinations": [
        "鶴川三丁目",
        "団地南(町田市)",
        "街道口",
        "和光学園(町田市)",
        "下谷戸入口",
        "真光寺(町田市)",
        "入谷戸(真光寺町/町田市)",
        "日影(川崎市麻生区)",
        "黒川(川崎市麻生区)",
        "下黒川",
        "若葉台駅"
    ],
    "weekday": [
        "6:05",
        "6:25",
        "6:45",
        "7:06",
        "7:21",
        "7:34",
        "7:44",
        "7:54",
        "8:06",
        "8:21",
        "8:46",
        "9:26",
        "10:06",
        "10:46",
        "11:26",
        "12:06",
        "12:46",
        "13:29",
        "14:06",
        "14:49",
        "15:09",
        "15:29",
        "15:49",
        "16:19",
        "16:49",
        "17:19",
        "17:49",
        "18:19",
        "18:49",
        "19:19",
        "19:54",
        "20:31",
        "21:10"
    ],
    "saturday": [
        "6:10",
        "6:45",
        "7:20",
        "7:55",
        "8:35",
        "9:15",
        "9:55",
        "10:36",
        "11:16",
        "11:56",
        "12:36",
        "13:16",
        "13:56",
        "14:36",
        "15:16",
        "15:56",
        "16:36",
        "17:16",
        "17:56",
        "18:35",
        "19:35",
        "20:35"
    ],
    "holiday": [
        "6:10",
        "6:45",
        "7:20",
        "7:55",
        "8:35",
        "9:15",
        "9:55",
        "10:36",
        "11:36",
        "12:36",
        "13:36",
        "14:36",
        "15:36",
        "16:36",
        "17:36",
        "18:35",
        "19:35",
        "20:35"
    ],
    "url": "https://www.kanachu.co.jp/dia/diagram/timetable01_js/course:0000803447-6/node:00049325/kt:0/lname:/"
}
