{
    "date": "2024/07/08",
    "name": "鶴川三丁目",
    "position": "-",
    "system": "鶴21",
    "destinations": [
        "団地南(町田市)",
        "街道口",
        "和光学園(町田市)",
        "下谷戸入口",
        "真光寺(町田市)",
        "入谷戸(真光寺町/町田市)",
        "日影(川崎市麻生区)",
        "黒川(川崎市麻生区)",
        "下黒川",
        "若葉台駅"
    ],
    "weekday": [
        "6:06",
        "6:26",
        "6:46",
        "7:07",
        "7:22",
        "7:35",
        "7:45",
        "7:55",
        "8:07",
        "8:22",
        "8:47",
        "9:27",
        "10:07",
        "10:47",
        "11:27",
        "12:07",
        "12:47",
        "13:30",
        "14:07",
        "14:50",
        "15:10",
        "15:30",
        "15:50",
        "16:20",
        "16:50",
        "17:20",
        "17:50",
        "18:20",
        "18:50",
        "19:20",
        "19:55",
        "20:32",
        "21:11"
    ],
    "saturday": [
        "6:11",
        "6:46",
        "7:21",
        "7:56",
        "8:36",
        "9:16",
        "9:56",
        "10:37",
        "11:17",
        "11:57",
        "12:37",
        "13:17",
        "13:57",
        "14:37",
        "15:17",
        "15:57",
        "16:37",
        "17:17",
        "17:57",
        "18:36",
        "19:36",
        "20:36"
    ],
    "holiday": [
        "6:11",
        "6:46",
        "7:21",
        "7:56",
        "8:36",
        "9:16",
        "9:56",
        "10:37",
        "11:37",
        "12:37",
        "13:37",
        "14:37",
        "15:37",
        "16:37",
        "17:37",
        "18:36",
        "19:36",
        "20:36"
    ],
    "url": "https://www.kanachu.co.jp/dia/diagram/timetable01_js/course:0000803447-7/node:00049326/kt:0/lname:/"
}
