{
    "date": "2024/07/08",
    "name": "入谷戸(真光寺町/町田市)",
    "position": "-",
    "system": "鶴21",
    "destinations": [
        "日影(川崎市麻生区)",
        "黒川(川崎市麻生区)",
        "下黒川",
        "若葉台駅"
    ],
    "weekday": [
        "6:14",
        "6:34",
        "6:54",
        "7:17",
        "7:32",
        "7:45",
        "7:55",
        "8:05",
        "8:17",
        "8:32",
        "8:57",
        "9:36",
        "10:16",
        "10:56",
        "11:36",
        "12:16",
        "12:56",
        "13:39",
        "14:16",
        "14:59",
        "15:19",
        "15:39",
        "15:59",
        "16:29",
        "16:59",
        "17:29",
        "17:59",
        "18:29",
        "18:59",
        "19:28",
        "20:03",
        "20:40",
        "21:19"
    ],
    "saturday": [
        "6:19",
        "6:54",
        "7:29",
        "8:04",
        "8:44",
        "9:24",
        "10:05",
        "10:47",
        "11:27",
        "12:07",
        "12:47",
        "13:27",
        "14:07",
        "14:47",
        "15:27",
        "16:07",
        "16:47",
        "17:27",
        "18:05",
        "18:44",
        "19:44",
        "20:44"
    ],
    "holiday": [
        "6:19",
        "6:54",
        "7:29",
        "8:04",
        "8:44",
        "9:24",
        "10:05",
        "10:47",
        "11:47",
        "12:47",
        "13:47",
        "14:47",
        "15:47",
        "16:47",
        "17:47",
        "18:44",
        "19:44",
        "20:44"
    ],
    "url": "https://www.kanachu.co.jp/dia/diagram/timetable01_js/course:0000803447-13/node:00129481/kt:0/lname:/"
}
