{
    "date": "2024/07/08",
    "name": "下黒川",
    "position": "-",
    "system": "鶴21",
    "destinations": [
        "若葉台駅"
    ],
    "weekday": [
        "6:18",
        "6:38",
        "6:58",
        "7:22",
        "7:37",
        "7:50",
        "8:00",
        "8:10",
        "8:22",
        "8:37",
        "9:02",
        "9:41",
        "10:21",
        "11:01",
        "11:41",
        "12:21",
        "13:01",
        "13:44",
        "14:21",
        "15:04",
        "15:24",
        "15:44",
        "16:04",
        "16:34",
        "17:04",
        "17:34",
        "18:04",
        "18:34",
        "19:04",
        "19:32",
        "20:07",
        "20:44",
        "21:23"
    ],
    "saturday": [
        "6:23",
        "6:58",
        "7:33",
        "8:08",
        "8:48",
        "9:28",
        "10:10",
        "10:52",
        "11:32",
        "12:12",
        "12:52",
        "13:32",
        "14:12",
        "14:52",
        "15:32",
        "16:12",
        "16:52",
        "17:32",
        "18:09",
        "18:48",
        "19:48",
        "20:48"
    ],
    "holiday": [
        "6:23",
        "6:58",
        "7:33",
        "8:08",
        "8:48",
        "9:28",
        "10:10",
        "10:52",
        "11:52",
        "12:52",
        "13:52",
        "14:52",
        "15:52",
        "16:52",
        "17:52",
        "18:48",
        "19:48",
        "20:48"
    ],
    "url": "https://www.kanachu.co.jp/dia/diagram/timetable01_js/course:0000803447-16/node:00049273/kt:0/lname:/"
}
