{
    "date": "2024/09/02",
    "name": "領家中学校前",
    "position": "-",
    "system": "戸91",
    "destinations": [
        "鳥が丘第一公園",
        "鳥が丘中央",
        "道祖神前(横浜市戸塚区)",
        "谷矢部中央",
        "来迎寺(横浜市戸塚区)",
        "柳作東",
        "蔵坪",
        "戸塚駅"
    ],
    "weekday": [
        "6:09",
        "6:17",
        "6:33",
        "7:09",
        "7:22",
        "7:53"
    ],
    "saturday": [
        "6:58",
        "7:12",
        "8:05"
    ],
    "holiday": [
        "7:04",
        "8:03"
    ],
    "url": "https://www.kanachu.co.jp/dia/diagram/timetable01_js/course:0000800402-7/node:00126710/kt:0/lname:/"
}
