{
    "date": "2025/08/30",
    "name": "東戸塚駅東口",
    "position": "-",
    "system": "東55",
    "destinations": [
        "品濃坂",
        "植松寺跡",
        "環2平戸",
        "環2下永谷",
        "柏尾台住宅入口",
        "市民の森入口(横浜市戸塚区)",
        "柏尾台中央",
        "上柏尾第二公園入口",
        "上柏尾第三公園下",
        "上柏尾町",
        "神社前(横浜市戸塚区)",
        "赤関橋",
        "品濃口",
        "環2平戸",
        "品濃坂",
        "東戸塚駅東口"
    ],
    "weekday": [
        "6:47",
        "7:17",
        "7:32",
        "7:47",
        "8:02",
        "8:32",
        "9:02",
        "9:32",
        "10:02",
        "10:32",
        "11:02",
        "11:32",
        "12:02",
        "12:32",
        "13:02",
        "13:32",
        "14:02",
        "14:32",
        "15:02",
        "15:32",
        "16:02",
        "16:32",
        "17:02",
        "17:32",
        "18:02",
        "18:32",
        "19:02",
        "19:32",
        "20:02",
        "20:32",
        "21:02",
        "21:35",
        "22:11"
    ],
    "saturday": [
        "7:32",
        "8:02",
        "8:32",
        "9:02",
        "9:32",
        "10:02",
        "10:52",
        "11:32",
        "12:02",
        "12:32",
        "13:02",
        "13:32",
        "14:02",
        "14:32",
        "15:02",
        "15:32",
        "16:02",
        "16:32",
        "17:02",
        "17:32",
        "18:02",
        "18:32",
        "19:02",
        "19:32",
        "20:02",
        "20:32",
        "21:02"
    ],
    "holiday": [
        "7:32",
        "8:02",
        "8:32",
        "9:02",
        "9:32",
        "10:02",
        "10:52",
        "11:32",
        "12:02",
        "12:32",
        "13:02",
        "13:32",
        "14:02",
        "14:32",
        "15:02",
        "15:32",
        "16:02",
        "16:32",
        "17:02",
        "17:32",
        "18:02",
        "18:32",
        "19:02",
        "19:32",
        "20:02",
        "20:32",
        "21:02"
    ],
    "url": "https://www.kanachu.co.jp/dia/diagram/timetable01_js/course:0000801759-1/node:00126647/kt:0/lname:/"
}
