{
    "date": "2025/08/30",
    "name": "植松寺跡",
    "position": "-",
    "system": "東55",
    "destinations": [
        "環2平戸",
        "環2下永谷",
        "柏尾台住宅入口",
        "市民の森入口(横浜市戸塚区)",
        "柏尾台中央",
        "上柏尾第二公園入口",
        "上柏尾第三公園下",
        "上柏尾町",
        "神社前(横浜市戸塚区)",
        "赤関橋",
        "品濃口",
        "環2平戸",
        "品濃坂",
        "東戸塚駅東口"
    ],
    "weekday": [
        "6:50",
        "7:20",
        "7:35",
        "7:50",
        "8:05",
        "8:35",
        "9:05",
        "9:35",
        "10:05",
        "10:35",
        "11:05",
        "11:35",
        "12:05",
        "12:35",
        "13:05",
        "13:35",
        "14:05",
        "14:35",
        "15:05",
        "15:35",
        "16:05",
        "16:35",
        "17:05",
        "17:35",
        "18:05",
        "18:35",
        "19:05",
        "19:35",
        "20:05",
        "20:35",
        "21:05",
        "21:38",
        "22:14"
    ],
    "saturday": [
        "7:35",
        "8:05",
        "8:35",
        "9:05",
        "9:35",
        "10:05",
        "10:55",
        "11:35",
        "12:05",
        "12:35",
        "13:05",
        "13:35",
        "14:05",
        "14:35",
        "15:05",
        "15:35",
        "16:05",
        "16:35",
        "17:05",
        "17:35",
        "18:05",
        "18:35",
        "19:05",
        "19:35",
        "20:05",
        "20:35",
        "21:05"
    ],
    "holiday": [
        "7:35",
        "8:05",
        "8:35",
        "9:05",
        "9:35",
        "10:05",
        "10:55",
        "11:35",
        "12:05",
        "12:35",
        "13:05",
        "13:35",
        "14:05",
        "14:35",
        "15:05",
        "15:35",
        "16:05",
        "16:35",
        "17:05",
        "17:35",
        "18:05",
        "18:35",
        "19:05",
        "19:35",
        "20:05",
        "20:35",
        "21:05"
    ],
    "url": "https://www.kanachu.co.jp/dia/diagram/timetable01_js/course:0000801759-3/node:00126729/kt:0/lname:/"
}
