{
    "date": "2025/08/30",
    "name": "環2平戸",
    "position": "-",
    "system": "東55",
    "destinations": [
        "環2下永谷",
        "柏尾台住宅入口",
        "市民の森入口(横浜市戸塚区)",
        "柏尾台中央",
        "上柏尾第二公園入口",
        "上柏尾第三公園下",
        "上柏尾町",
        "神社前(横浜市戸塚区)",
        "赤関橋",
        "品濃口",
        "環2平戸",
        "品濃坂",
        "東戸塚駅東口"
    ],
    "weekday": [
        "6:51",
        "7:21",
        "7:36",
        "7:51",
        "8:06",
        "8:36",
        "9:06",
        "9:36",
        "10:06",
        "10:36",
        "11:06",
        "11:36",
        "12:06",
        "12:36",
        "13:06",
        "13:36",
        "14:06",
        "14:36",
        "15:06",
        "15:36",
        "16:06",
        "16:36",
        "17:06",
        "17:36",
        "18:06",
        "18:36",
        "19:06",
        "19:36",
        "20:06",
        "20:36",
        "21:06",
        "21:39",
        "22:15"
    ],
    "saturday": [
        "7:36",
        "8:06",
        "8:36",
        "9:06",
        "9:36",
        "10:06",
        "10:56",
        "11:36",
        "12:06",
        "12:36",
        "13:06",
        "13:36",
        "14:06",
        "14:36",
        "15:06",
        "15:36",
        "16:06",
        "16:36",
        "17:06",
        "17:36",
        "18:06",
        "18:36",
        "19:06",
        "19:36",
        "20:06",
        "20:36",
        "21:06"
    ],
    "holiday": [
        "7:36",
        "8:06",
        "8:36",
        "9:06",
        "9:36",
        "10:06",
        "10:56",
        "11:36",
        "12:06",
        "12:36",
        "13:06",
        "13:36",
        "14:06",
        "14:36",
        "15:06",
        "15:36",
        "16:06",
        "16:36",
        "17:06",
        "17:36",
        "18:06",
        "18:36",
        "19:06",
        "19:36",
        "20:06",
        "20:36",
        "21:06"
    ],
    "url": "https://www.kanachu.co.jp/dia/diagram/timetable01_js/course:0000801759-4/node:00126730/kt:0/lname:/"
}
