{
    "system": "東55",
    "busstops": [
        {
            "index": "1",
            "id": "00126647",
            "name": "東戸塚駅東口",
            "lat": "35.430378",
            "lng": "139.558057"
        },
        {
            "index": "2",
            "id": "00126728",
            "name": "品濃坂",
            "lat": "35.427354",
            "lng": "139.561932"
        },
        {
            "index": "3",
            "id": "00126729",
            "name": "植松寺跡",
            "lat": "35.425041",
            "lng": "139.561385"
        },
        {
            "index": "4",
            "id": "00126730",
            "name": "環2平戸",
            "lat": "35.422082",
            "lng": "139.560682"
        },
        {
            "index": "5",
            "id": "00126731",
            "name": "環2下永谷",
            "lat": "35.418021",
            "lng": "139.5598"
        },
        {
            "index": "6",
            "id": "00126732",
            "name": "柏尾台住宅入口",
            "lat": "35.415966",
            "lng": "139.558105"
        },
        {
            "index": "7",
            "id": "00126733",
            "name": "市民の森入口(横浜市戸塚区)",
            "lat": "35.415828",
            "lng": "139.557195"
        },
        {
            "index": "8",
            "id": "00126734",
            "name": "柏尾台中央",
            "lat": "35.415824",
            "lng": "139.556206"
        },
        {
            "index": "9",
            "id": "00126735",
            "name": "上柏尾第二公園入口",
            "lat": "35.415964",
            "lng": "139.554824"
        },
        {
            "index": "10",
            "id": "00126736",
            "name": "上柏尾第三公園下",
            "lat": "35.417315",
            "lng": "139.554318"
        },
        {
            "index": "11",
            "id": "00126737",
            "name": "上柏尾町",
            "lat": "35.418668",
            "lng": "139.554385"
        },
        {
            "index": "12",
            "id": "00126738",
            "name": "神社前(横浜市戸塚区)",
            "lat": "35.419443",
            "lng": "139.553054"
        },
        {
            "index": "13",
            "id": "00126616",
            "name": "赤関橋",
            "lat": "35.421147",
            "lng": "139.55438"
        },
        {
            "index": "14",
            "id": "00126617",
            "name": "品濃口",
            "lat": "35.420834",
            "lng": "139.558865"
        },
        {
            "index": "15",
            "id": "00126730",
            "name": "環2平戸",
            "lat": "35.422172",
            "lng": "139.560335"
        },
        {
            "index": "16",
            "id": "00126728",
            "name": "品濃坂",
            "lat": "35.426702",
            "lng": "139.561373"
        },
        {
            "index": "17",
            "id": "00126647",
            "name": "東戸塚駅東口",
            "lat": "35.429909",
            "lng": "139.557342"
        }
    ],
    "route_url": "https://www.kanachu.co.jp/dia/route/index/cid:0000801759/"
}
