{
    "date": "2025/08/04",
    "name": "堺市民センター前",
    "position": "-",
    "system": "橋62",
    "destinations": [
        "相原(町田市)",
        "相原駅西口",
        "諏訪神社前(町田市)",
        "相原小学校前",
        "開都",
        "相原十字路",
        "根岸(相原町/町田市)",
        "境橋(町田市)",
        "円林寺前",
        "水の口(町田市)",
        "法政大学入口",
        "法政大学(町田市)"
    ],
    "weekday": [
        "21:16",
        "21:56"
    ],
    "saturday": [
        "20:36",
        "21:11"
    ],
    "holiday": [
        "19:46",
        "20:36"
    ],
    "url": "https://www.kanachu.co.jp/dia/diagram/timetable01_js/course:0000803828-10/node:00128884/kt:0/lname:/"
}
