{
    "date": "2025/08/04",
    "name": "相原駅西口",
    "position": "-",
    "system": "橋62",
    "destinations": [
        "諏訪神社前(町田市)",
        "相原小学校前",
        "開都",
        "相原十字路",
        "根岸(相原町/町田市)",
        "境橋(町田市)",
        "円林寺前",
        "水の口(町田市)",
        "法政大学入口",
        "法政大学(町田市)"
    ],
    "weekday": [
        "21:25",
        "22:05"
    ],
    "saturday": [
        "20:45",
        "21:20"
    ],
    "holiday": [
        "19:55",
        "20:45"
    ],
    "url": "https://www.kanachu.co.jp/dia/diagram/timetable01_js/course:0000803828-12/node:00130397/kt:0/lname:/"
}
