{
    "date": "2025/08/04",
    "name": "諏訪神社前(町田市)",
    "position": "-",
    "system": "橋62",
    "destinations": [
        "相原小学校前",
        "開都",
        "相原十字路",
        "根岸(相原町/町田市)",
        "境橋(町田市)",
        "円林寺前",
        "水の口(町田市)",
        "法政大学入口",
        "法政大学(町田市)"
    ],
    "weekday": [
        "21:26",
        "22:06"
    ],
    "saturday": [
        "20:46",
        "21:21"
    ],
    "holiday": [
        "19:56",
        "20:46"
    ],
    "url": "https://www.kanachu.co.jp/dia/diagram/timetable01_js/course:0000803828-13/node:00128886/kt:0/lname:/"
}
