{
    "date": "2025/08/04",
    "name": "相原十字路",
    "position": "-",
    "system": "橋62",
    "destinations": [
        "根岸(相原町/町田市)",
        "境橋(町田市)",
        "円林寺前",
        "水の口(町田市)",
        "法政大学入口",
        "法政大学(町田市)"
    ],
    "weekday": [
        "21:29",
        "22:09"
    ],
    "saturday": [
        "20:49",
        "21:24"
    ],
    "holiday": [
        "19:59",
        "20:49"
    ],
    "url": "https://www.kanachu.co.jp/dia/diagram/timetable01_js/course:0000803828-16/node:00128889/kt:0/lname:/"
}
