{
    "date": "2025/08/04",
    "name": "境橋(町田市)",
    "position": "-",
    "system": "橋62",
    "destinations": [
        "円林寺前",
        "水の口(町田市)",
        "法政大学入口",
        "法政大学(町田市)"
    ],
    "weekday": [
        "21:31",
        "22:11"
    ],
    "saturday": [
        "20:51",
        "21:26"
    ],
    "holiday": [
        "20:01",
        "20:51"
    ],
    "url": "https://www.kanachu.co.jp/dia/diagram/timetable01_js/course:0000803828-18/node:00128891/kt:0/lname:/"
}
