{
    "system": "町84",
    "busstops": [
        {
            "index": "1",
            "id": "00025625",
            "name": "町田バスセンター",
            "lat": "35.542593",
            "lng": "139.445914"
        },
        {
            "index": "2",
            "id": "00129465",
            "name": "原町田四丁目",
            "lat": "35.54358",
            "lng": "139.451946"
        },
        {
            "index": "3",
            "id": "00129546",
            "name": "原町田三丁目",
            "lat": "35.540625",
            "lng": "139.453244"
        },
        {
            "index": "4",
            "id": "00129543",
            "name": "三塚",
            "lat": "35.539165",
            "lng": "139.453609"
        },
        {
            "index": "5",
            "id": "00129542",
            "name": "南橋(町田市)",
            "lat": "35.536731",
            "lng": "139.455898"
        },
        {
            "index": "6",
            "id": "00129541",
            "name": "金森郵便局前",
            "lat": "35.533898",
            "lng": "139.459924"
        },
        {
            "index": "7",
            "id": "00129540",
            "name": "金森",
            "lat": "35.532647",
            "lng": "139.461104"
        },
        {
            "index": "8",
            "id": "00129539",
            "name": "市営住宅入口(町田市)",
            "lat": "35.529124",
            "lng": "139.462792"
        },
        {
            "index": "9",
            "id": "00129538",
            "name": "南中学校前(町田市)",
            "lat": "35.527715",
            "lng": "139.464214"
        },
        {
            "index": "10",
            "id": "00129547",
            "name": "南中学校東(町田市)",
            "lat": "35.526893",
            "lng": "139.465811"
        },
        {
            "index": "11",
            "id": "00129548",
            "name": "小田急団地前",
            "lat": "35.528363",
            "lng": "139.468299"
        },
        {
            "index": "12",
            "id": "00129549",
            "name": "小川かえで公園前",
            "lat": "35.530026",
            "lng": "139.470989"
        },
        {
            "index": "13",
            "id": "00129550",
            "name": "小川高校入口",
            "lat": "35.531863",
            "lng": "139.471609"
        },
        {
            "index": "14",
            "id": "00129551",
            "name": "成瀬駅ガード南",
            "lat": "35.534478",
            "lng": "139.473763"
        },
        {
            "index": "15",
            "id": "00129552",
            "name": "成瀬駅",
            "lat": "35.535564",
            "lng": "139.472942"
        }
    ],
    "route_url": "https://www.kanachu.co.jp/dia/route/index/cid:0000800932/"
}
