{
    "date": "2025/07/27",
    "name": "長久保(平塚市)",
    "position": "-",
    "system": "平76",
    "destinations": [
        "中沢橋",
        "寺前橋",
        "神戸(平塚市)",
        "山の神(平塚市)",
        "山入口",
        "吉浜(平塚市)",
        "飛谷津",
        "富士見台病院",
        "土沢農協前",
        "土沢中学校前",
        "妙円寺前",
        "神奈川大学",
        "中庶子分",
        "土屋幼稚園前",
        "琵琶入口",
        "土屋霊園入口",
        "矢沢下",
        "矢沢(平塚市)",
        "七国荘",
        "七国峠",
        "井ノ口小学校前",
        "上井ノ口",
        "原(足柄上郡中井町)",
        "猪分",
        "東名秦野",
        "大竹(秦野市)",
        "西大竹",
        "養泉院",
        "秦野郵便局前",
        "秦野駅南口"
    ],
    "weekday": [
        "7:05",
        "7:39",
        "8:49",
        "9:46",
        "11:44",
        "12:44",
        "16:05",
        "17:16",
        "18:22",
        "19:26",
        "20:25",
        "21:59"
    ],
    "saturday": [
        "7:51",
        "9:03",
        "10:10",
        "11:54",
        "13:01",
        "14:04",
        "16:05",
        "18:16",
        "19:20",
        "20:18",
        "21:48"
    ],
    "holiday": [
        "7:51",
        "9:03",
        "10:10",
        "11:54",
        "13:01",
        "14:04",
        "16:05",
        "18:16",
        "19:20",
        "20:18",
        "21:48"
    ],
    "url": "https://www.kanachu.co.jp/dia/diagram/timetable01_js/course:0000803382-18/node:00127568/kt:0/lname:/"
}
