{
    "date": "2025/07/27",
    "name": "神奈川大学",
    "position": "-",
    "system": "平76",
    "destinations": [
        "中庶子分",
        "土屋幼稚園前",
        "琵琶入口",
        "土屋霊園入口",
        "矢沢下",
        "矢沢(平塚市)",
        "七国荘",
        "七国峠",
        "井ノ口小学校前",
        "上井ノ口",
        "原(足柄上郡中井町)",
        "猪分",
        "東名秦野",
        "大竹(秦野市)",
        "西大竹",
        "養泉院",
        "秦野郵便局前",
        "秦野駅南口"
    ],
    "weekday": [
        "7:19",
        "7:53",
        "9:03",
        "10:00",
        "11:58",
        "12:58",
        "16:19",
        "17:30",
        "18:36",
        "19:40",
        "20:39",
        "22:13"
    ],
    "saturday": [
        "8:02",
        "9:15",
        "10:22",
        "12:06",
        "13:13",
        "14:16",
        "16:18",
        "18:29",
        "19:32",
        "20:30",
        "22:00"
    ],
    "holiday": [
        "8:02",
        "9:15",
        "10:22",
        "12:06",
        "13:13",
        "14:16",
        "16:18",
        "18:29",
        "19:32",
        "20:30",
        "22:00"
    ],
    "url": "https://www.kanachu.co.jp/dia/diagram/timetable01_js/course:0000803382-30/node:00127824/kt:0/lname:/"
}
