{
    "date": "2025/04/01",
    "name": "野津田車庫",
    "position": "-",
    "system": "町78",
    "destinations": [
        "神学校(町田市)",
        "並木(町田市)",
        "図師",
        "図師大橋",
        "馬駈",
        "忠生三丁目",
        "JA忠生支店前",
        "忠生",
        "上の原(町田市)",
        "町田総合高校前",
        "木曽南団地",
        "横町(町田市)",
        "境川団地",
        "境川団地中央",
        "境川団地入口",
        "木曽都営入口",
        "桧台入口",
        "森野六丁目",
        "森野五丁目",
        "妙延寺(町田市)",
        "町田市役所市民ホール前",
        "町田バスセンター"
    ],
    "weekday": [
        "5:43",
        "5:52",
        "6:01",
        "10:08",
        "11:15",
        "12:15",
        "13:15",
        "14:18",
        "15:15",
        "16:20",
        "17:20",
        "18:21",
        "19:23",
        "20:23"
    ],
    "saturday": [
        "5:42",
        "7:08",
        "9:25",
        "10:25",
        "11:25",
        "12:27",
        "13:27",
        "14:25",
        "15:25",
        "16:25",
        "17:27",
        "18:25",
        "19:15",
        "20:22"
    ],
    "holiday": [
        "5:48",
        "7:08",
        "9:22",
        "10:28",
        "11:27",
        "12:27",
        "13:27",
        "14:27",
        "15:25",
        "16:25",
        "17:29",
        "18:27",
        "19:25",
        "20:25"
    ],
    "url": "https://www.kanachu.co.jp/dia/diagram/timetable01_js/course:0000803163-1/node:00129373/kt:0/lname:/"
}
