{
    "date": "2024/12/16",
    "name": "金井入口",
    "position": "-",
    "system": "鶴31",
    "destinations": [
        "下大蔵",
        "鶴川市民センター入口",
        "大蔵(鶴川郵便局前/町田市)",
        "井の花",
        "岩子山",
        "下堤(町田市)",
        "五反田(町田市)",
        "湯船(町田市)",
        "別所(町田市)",
        "中村(町田市小野路町)",
        "京王多摩車庫前",
        "南瓜生",
        "瓜生(多摩市)",
        "南貝取",
        "永山五丁目",
        "永山高校",
        "永山いちょう通り",
        "諏訪南公園",
        "諏訪幼稚園前",
        "諏訪二丁目(多摩市)",
        "永山駅"
    ],
    "weekday": [
        "21:52"
    ],
    "saturday": [
        "21:52"
    ],
    "holiday": [
        "21:52"
    ],
    "url": "https://www.kanachu.co.jp/dia/diagram/timetable01_js/course:0000803440-3/node:00129438/kt:0/lname:/"
}
