{
    "date": "2024/12/16",
    "name": "京王多摩車庫前",
    "position": "-",
    "system": "鶴31",
    "destinations": [
        "南瓜生",
        "瓜生(多摩市)",
        "南貝取",
        "永山五丁目",
        "永山高校",
        "永山いちょう通り",
        "諏訪南公園",
        "諏訪幼稚園前",
        "諏訪二丁目(多摩市)",
        "永山駅"
    ],
    "weekday": [
        "22:07"
    ],
    "saturday": [
        "22:07"
    ],
    "holiday": [
        "22:07"
    ],
    "url": "https://www.kanachu.co.jp/dia/diagram/timetable01_js/course:0000803440-14/node:00020255/kt:0/lname:/"
}
