{
    "date": "2025/03/15",
    "name": "綾瀬農協前",
    "position": "-",
    "system": "長39",
    "destinations": [
        "綾瀬小学校前",
        "中郷(綾瀬市)",
        "綾瀬タウンヒルズ前",
        "市民文化センター前(綾瀬市)",
        "春日原(綾瀬市)",
        "綾瀬車庫(綾瀬市)"
    ],
    "weekday": [
        "18:05",
        "18:35",
        "19:05",
        "20:02",
        "22:20",
        "23:33"
    ],
    "saturday": [
        "8:07",
        "8:37",
        "9:07",
        "9:37",
        "10:07",
        "10:37",
        "11:07",
        "11:37",
        "12:07",
        "12:37",
        "13:07",
        "13:37",
        "14:07",
        "14:37",
        "15:07",
        "15:37",
        "16:07",
        "16:37",
        "17:07",
        "17:37",
        "18:07",
        "18:37",
        "19:07",
        "20:07",
        "21:07",
        "21:50",
        "22:18"
    ],
    "holiday": [
        "8:07",
        "9:07",
        "9:37",
        "10:07",
        "10:37",
        "11:07",
        "11:37",
        "12:07",
        "12:37",
        "13:07",
        "13:37",
        "14:07",
        "14:37",
        "15:07",
        "15:37",
        "16:07",
        "16:37",
        "17:07",
        "17:37",
        "18:07",
        "18:37",
        "19:07",
        "20:07",
        "21:07",
        "21:50",
        "22:18"
    ],
    "url": "https://www.kanachu.co.jp/dia/diagram/timetable01_js/course:0000800443-10/node:00129857/kt:0/lname:/"
}
