{
    "date": "2025/03/15",
    "name": "綾瀬小学校前",
    "position": "-",
    "system": "長39",
    "destinations": [
        "中郷(綾瀬市)",
        "綾瀬タウンヒルズ前",
        "市民文化センター前(綾瀬市)",
        "春日原(綾瀬市)",
        "綾瀬車庫(綾瀬市)"
    ],
    "weekday": [
        "18:06",
        "18:36",
        "19:06",
        "20:03",
        "22:21",
        "23:34"
    ],
    "saturday": [
        "8:08",
        "8:38",
        "9:08",
        "9:38",
        "10:08",
        "10:38",
        "11:08",
        "11:38",
        "12:08",
        "12:38",
        "13:08",
        "13:38",
        "14:08",
        "14:38",
        "15:08",
        "15:38",
        "16:08",
        "16:38",
        "17:08",
        "17:38",
        "18:08",
        "18:38",
        "19:08",
        "20:08",
        "21:08",
        "21:51",
        "22:19"
    ],
    "holiday": [
        "8:08",
        "9:08",
        "9:38",
        "10:08",
        "10:38",
        "11:08",
        "11:38",
        "12:08",
        "12:38",
        "13:08",
        "13:38",
        "14:08",
        "14:38",
        "15:08",
        "15:38",
        "16:08",
        "16:38",
        "17:08",
        "17:38",
        "18:08",
        "18:38",
        "19:08",
        "20:08",
        "21:08",
        "21:51",
        "22:19"
    ],
    "url": "https://www.kanachu.co.jp/dia/diagram/timetable01_js/course:0000800443-11/node:00129858/kt:0/lname:/"
}
