{
    "date": "2025/03/15",
    "name": "市民文化センター前(綾瀬市)",
    "position": "-",
    "system": "長39",
    "destinations": [
        "春日原(綾瀬市)",
        "綾瀬車庫(綾瀬市)"
    ],
    "weekday": [
        "18:09",
        "18:39",
        "19:09",
        "20:06",
        "22:24",
        "23:37"
    ],
    "saturday": [
        "8:11",
        "8:41",
        "9:11",
        "9:41",
        "10:11",
        "10:41",
        "11:11",
        "11:41",
        "12:11",
        "12:41",
        "13:11",
        "13:41",
        "14:11",
        "14:41",
        "15:11",
        "15:41",
        "16:11",
        "16:41",
        "17:11",
        "17:41",
        "18:11",
        "18:41",
        "19:11",
        "20:11",
        "21:11",
        "21:54",
        "22:22"
    ],
    "holiday": [
        "8:11",
        "9:11",
        "9:41",
        "10:11",
        "10:41",
        "11:11",
        "11:41",
        "12:11",
        "12:41",
        "13:11",
        "13:41",
        "14:11",
        "14:41",
        "15:11",
        "15:41",
        "16:11",
        "16:41",
        "17:11",
        "17:41",
        "18:11",
        "18:41",
        "19:11",
        "20:11",
        "21:11",
        "21:54",
        "22:22"
    ],
    "url": "https://www.kanachu.co.jp/dia/diagram/timetable01_js/course:0000800443-14/node:00129861/kt:0/lname:/"
}
