{
    "date": "2025/03/15",
    "name": "春日原(綾瀬市)",
    "position": "-",
    "system": "長39",
    "destinations": [
        "綾瀬車庫(綾瀬市)"
    ],
    "weekday": [
        "18:10",
        "18:40",
        "19:10",
        "20:07",
        "22:25",
        "23:38"
    ],
    "saturday": [
        "8:12",
        "8:42",
        "9:12",
        "9:42",
        "10:12",
        "10:42",
        "11:12",
        "11:42",
        "12:12",
        "12:42",
        "13:12",
        "13:42",
        "14:12",
        "14:42",
        "15:12",
        "15:42",
        "16:12",
        "16:42",
        "17:12",
        "17:42",
        "18:12",
        "18:42",
        "19:12",
        "20:12",
        "21:12",
        "21:55",
        "22:23"
    ],
    "holiday": [
        "8:12",
        "9:12",
        "9:42",
        "10:12",
        "10:42",
        "11:12",
        "11:42",
        "12:12",
        "12:42",
        "13:12",
        "13:42",
        "14:12",
        "14:42",
        "15:12",
        "15:42",
        "16:12",
        "16:42",
        "17:12",
        "17:42",
        "18:12",
        "18:42",
        "19:12",
        "20:12",
        "21:12",
        "21:55",
        "22:23"
    ],
    "url": "https://www.kanachu.co.jp/dia/diagram/timetable01_js/course:0000800443-15/node:00129862/kt:0/lname:/"
}
