{
    "date": "2025/05/11",
    "name": "笹下港南中央通り",
    "position": "-",
    "system": "上32",
    "destinations": [
        "港南区総合庁舎前",
        "吉原(横浜市港南区)",
        "新吉原橋",
        "日野公園墓地入口",
        "日野中央公園入口",
        "日野小学校前(横浜市港南区)",
        "日野(横浜市港南区)",
        "清水橋(横浜市港南区)",
        "港南台入口",
        "港南台駅"
    ],
    "weekday": [
        "6:40",
        "7:25",
        "7:42",
        "8:20",
        "9:02",
        "9:12",
        "9:39",
        "10:53",
        "11:20",
        "12:13",
        "12:53",
        "13:26",
        "14:19",
        "15:01",
        "15:34",
        "16:16",
        "16:39",
        "17:08",
        "18:08",
        "18:40"
    ],
    "saturday": [
        "8:35",
        "10:08",
        "10:43",
        "11:32",
        "12:00",
        "12:30",
        "13:18",
        "14:39",
        "15:07",
        "16:15",
        "16:58",
        "18:36"
    ],
    "holiday": [
        "8:35",
        "10:08",
        "10:43",
        "11:32",
        "12:00",
        "12:30",
        "13:18",
        "14:39",
        "15:07",
        "16:15",
        "16:58",
        "18:36"
    ],
    "url": "https://www.kanachu.co.jp/dia/diagram/timetable01_js/course:0000803426-3/node:00126558/kt:0/lname:/"
}
