{
    "date": "2025/05/11",
    "name": "港南台入口",
    "position": "-",
    "system": "上32",
    "destinations": [
        "港南台駅"
    ],
    "weekday": [
        "6:50",
        "7:36",
        "7:53",
        "8:31",
        "9:14",
        "9:24",
        "9:51",
        "11:05",
        "11:32",
        "12:25",
        "13:05",
        "13:38",
        "14:31",
        "15:13",
        "15:46",
        "16:28",
        "16:51",
        "17:20",
        "18:20",
        "18:52"
    ],
    "saturday": [
        "8:47",
        "10:20",
        "10:55",
        "11:44",
        "12:12",
        "12:42",
        "13:30",
        "14:51",
        "15:19",
        "16:27",
        "17:10",
        "18:48"
    ],
    "holiday": [
        "8:47",
        "10:20",
        "10:55",
        "11:44",
        "12:12",
        "12:42",
        "13:30",
        "14:51",
        "15:19",
        "16:27",
        "17:10",
        "18:48"
    ],
    "url": "https://www.kanachu.co.jp/dia/diagram/timetable01_js/course:0000803426-12/node:00102495/kt:0/lname:/"
}
