{
    "date": "2021/04/01",
    "name": "開都",
    "position": "-",
    "system": "橋20",
    "destinations": [
        "相原十字路",
        "根岸(相原町/町田市)",
        "境橋(町田市)",
        "円林寺前",
        "水の口(町田市)",
        "法政大学入口",
        "法政大学(町田市)"
    ],
    "weekday": [
        "7:55"
    ],
    "saturday": [],
    "holiday": [],
    "url": "https://www.kanachu.co.jp/dia/diagram/timetable01_js/course:0000802897-14/node:00128888/kt:0/lname:/"
}
