{
    "date": "2018/04/28",
    "name": "松林中学校前",
    "position": "-",
    "system": "藤07",
    "destinations": [
        "菱沼",
        "西小和田",
        "小和田(茅ケ崎市)",
        "東小和田",
        "二ツ谷",
        "四ツ谷(藤沢市)",
        "辻堂入口",
        "羽鳥(藤沢市)",
        "メルシャン前",
        "引地橋",
        "一中入口(藤沢市)",
        "湘南高校前",
        "台町(藤沢市)",
        "白旗交差点",
        "本町小学校前(藤沢市)",
        "南仲通り二丁目",
        "南仲通り",
        "相生町(藤沢市)",
        "三富士町",
        "藤沢駅北口"
    ],
    "weekday": [
        "5:50",
        "6:15",
        "6:40",
        "7:05",
        "13:50",
        "15:50",
        "18:05",
        "20:05",
        "21:10",
        "21:55"
    ],
    "saturday": [
        "5:55",
        "7:05",
        "8:05",
        "10:05",
        "12:05",
        "14:05",
        "16:05",
        "18:10",
        "20:15",
        "21:20"
    ],
    "holiday": [
        "5:55",
        "7:05",
        "8:05",
        "10:05",
        "12:05",
        "14:05",
        "16:05",
        "18:10",
        "20:15",
        "21:20"
    ],
    "url": "https://www.kanachu.co.jp/dia/diagram/timetable01_js/course:0000801433-4/node:00127129/kt:0/lname:/"
}
