{
    "date": "2018/04/28",
    "name": "東小和田",
    "position": "-",
    "system": "藤07",
    "destinations": [
        "二ツ谷",
        "四ツ谷(藤沢市)",
        "辻堂入口",
        "羽鳥(藤沢市)",
        "メルシャン前",
        "引地橋",
        "一中入口(藤沢市)",
        "湘南高校前",
        "台町(藤沢市)",
        "白旗交差点",
        "本町小学校前(藤沢市)",
        "南仲通り二丁目",
        "南仲通り",
        "相生町(藤沢市)",
        "三富士町",
        "藤沢駅北口"
    ],
    "weekday": [
        "5:56",
        "6:21",
        "6:46",
        "7:11",
        "13:56",
        "15:56",
        "18:11",
        "20:11",
        "21:16",
        "22:01"
    ],
    "saturday": [
        "6:01",
        "7:11",
        "8:11",
        "10:11",
        "12:11",
        "14:11",
        "16:11",
        "18:16",
        "20:21",
        "21:26"
    ],
    "holiday": [
        "6:01",
        "7:11",
        "8:11",
        "10:11",
        "12:11",
        "14:11",
        "16:11",
        "18:16",
        "20:21",
        "21:26"
    ],
    "url": "https://www.kanachu.co.jp/dia/diagram/timetable01_js/course:0000801433-8/node:00127133/kt:0/lname:/"
}
