{
    "date": "2018/04/28",
    "name": "本町小学校前(藤沢市)",
    "position": "-",
    "system": "藤07",
    "destinations": [
        "南仲通り二丁目",
        "南仲通り",
        "相生町(藤沢市)",
        "三富士町",
        "藤沢駅北口"
    ],
    "weekday": [
        "6:10",
        "6:35",
        "7:00",
        "7:26",
        "14:10",
        "16:10",
        "18:25",
        "20:25",
        "21:30",
        "22:15"
    ],
    "saturday": [
        "6:15",
        "7:25",
        "8:26",
        "10:26",
        "12:26",
        "14:26",
        "16:26",
        "18:31",
        "20:35",
        "21:40"
    ],
    "holiday": [
        "6:15",
        "7:25",
        "8:26",
        "10:26",
        "12:26",
        "14:26",
        "16:26",
        "18:31",
        "20:35",
        "21:40"
    ],
    "url": "https://www.kanachu.co.jp/dia/diagram/timetable01_js/course:0000801433-19/node:00127109/kt:0/lname:/"
}
