{
    "date": "2018/04/28",
    "name": "三富士町",
    "position": "-",
    "system": "藤07",
    "destinations": [
        "藤沢駅北口"
    ],
    "weekday": [
        "6:14",
        "6:39",
        "7:06",
        "7:32",
        "14:15",
        "16:15",
        "18:31",
        "20:29",
        "21:34",
        "22:19"
    ],
    "saturday": [
        "6:19",
        "7:29",
        "8:32",
        "10:32",
        "12:32",
        "14:32",
        "16:32",
        "18:37",
        "20:39",
        "21:44"
    ],
    "holiday": [
        "6:19",
        "7:29",
        "8:32",
        "10:32",
        "12:32",
        "14:32",
        "16:32",
        "18:37",
        "20:39",
        "21:44"
    ],
    "url": "https://www.kanachu.co.jp/dia/diagram/timetable01_js/course:0000801433-23/node:00126971/kt:0/lname:/"
}
