{
    "date": "2025/03/15",
    "name": "小出一本松",
    "position": "-",
    "system": "湘17",
    "destinations": [
        "湘南ライフタウン",
        "南原(藤沢市)",
        "矢尻(藤沢市)",
        "田方(藤沢市)",
        "寿照寺前",
        "和泉橋",
        "石川山田",
        "南桐原",
        "桐ヶ谷(藤沢市)",
        "湘南台住宅前",
        "湘南台駅西口"
    ],
    "weekday": [
        "6:40",
        "8:09",
        "8:39",
        "9:09",
        "9:39",
        "10:14",
        "10:39",
        "11:09",
        "11:39",
        "12:09",
        "12:39",
        "13:09",
        "13:39",
        "14:09",
        "14:39",
        "14:54",
        "15:09",
        "15:39",
        "16:09",
        "16:34",
        "16:39",
        "16:44",
        "16:59",
        "17:09",
        "17:24",
        "17:39",
        "17:54",
        "18:09",
        "18:14",
        "18:24",
        "18:31",
        "18:44",
        "18:59",
        "19:29",
        "19:59",
        "20:29"
    ],
    "saturday": [
        "8:09",
        "9:09",
        "9:44",
        "10:09",
        "10:44",
        "11:09",
        "11:44",
        "12:16",
        "12:44",
        "13:09",
        "13:44",
        "14:09",
        "14:44",
        "15:09",
        "15:44",
        "16:09",
        "16:44",
        "17:09",
        "17:44",
        "18:04",
        "18:44",
        "19:04",
        "19:44"
    ],
    "holiday": [
        "8:09",
        "9:09",
        "9:44",
        "10:09",
        "10:44",
        "11:09",
        "11:44",
        "12:09",
        "12:44",
        "13:09",
        "13:44",
        "14:09",
        "14:44",
        "15:09",
        "15:44",
        "16:09",
        "16:44",
        "17:09",
        "17:44",
        "18:04"
    ],
    "url": "https://www.kanachu.co.jp/dia/diagram/timetable01_js/course:0000800645-5/node:00129957/kt:0/lname:/"
}
