{
    "date": "2025/03/15",
    "name": "南原(藤沢市)",
    "position": "-",
    "system": "湘17",
    "destinations": [
        "矢尻(藤沢市)",
        "田方(藤沢市)",
        "寿照寺前",
        "和泉橋",
        "石川山田",
        "南桐原",
        "桐ヶ谷(藤沢市)",
        "湘南台住宅前",
        "湘南台駅西口"
    ],
    "weekday": [
        "6:42",
        "8:11",
        "8:41",
        "9:11",
        "9:41",
        "10:16",
        "10:41",
        "11:11",
        "11:41",
        "12:11",
        "12:41",
        "13:11",
        "13:41",
        "14:11",
        "14:41",
        "14:56",
        "15:11",
        "15:41",
        "16:11",
        "16:36",
        "16:41",
        "16:46",
        "17:01",
        "17:11",
        "17:26",
        "17:41",
        "17:56",
        "18:11",
        "18:16",
        "18:26",
        "18:33",
        "18:46",
        "19:01",
        "19:31",
        "20:01",
        "20:31"
    ],
    "saturday": [
        "8:11",
        "9:11",
        "9:46",
        "10:11",
        "10:46",
        "11:11",
        "11:46",
        "12:18",
        "12:46",
        "13:11",
        "13:46",
        "14:11",
        "14:46",
        "15:11",
        "15:46",
        "16:11",
        "16:46",
        "17:11",
        "17:46",
        "18:06",
        "18:46",
        "19:06",
        "19:46"
    ],
    "holiday": [
        "8:11",
        "9:11",
        "9:46",
        "10:11",
        "10:46",
        "11:11",
        "11:46",
        "12:11",
        "12:46",
        "13:11",
        "13:46",
        "14:11",
        "14:46",
        "15:11",
        "15:46",
        "16:11",
        "16:46",
        "17:11",
        "17:46",
        "18:06"
    ],
    "url": "https://www.kanachu.co.jp/dia/diagram/timetable01_js/course:0000800645-7/node:00129949/kt:0/lname:/"
}
