{
    "date": "2025/05/11",
    "name": "つつじヶ丘(横浜市港南区)",
    "position": "-",
    "system": "",
    "destinations": [
        "野村港南台",
        "原(横浜市港南区)",
        "日野南中学校前",
        "港南台西公園",
        "横浜女子短期大学前",
        "港南台駅"
    ],
    "weekday": [
        "6:08",
        "6:33",
        "6:58",
        "7:15",
        "7:32",
        "7:48",
        "8:05",
        "8:22",
        "8:43",
        "9:03",
        "9:23",
        "9:43",
        "10:13",
        "10:43",
        "11:13",
        "11:43",
        "12:13",
        "12:43",
        "13:13",
        "13:43",
        "14:13",
        "14:43",
        "15:13",
        "15:43",
        "16:13",
        "16:43",
        "17:13",
        "17:43",
        "18:13",
        "18:43",
        "19:13",
        "19:43",
        "20:13",
        "20:43",
        "21:13",
        "21:46",
        "22:26"
    ],
    "saturday": [
        "7:33",
        "8:03",
        "8:33",
        "9:03",
        "9:33",
        "10:03",
        "10:33",
        "11:03",
        "11:33",
        "12:03",
        "12:33",
        "13:03",
        "13:33",
        "14:03",
        "14:33",
        "15:03",
        "15:33",
        "16:03",
        "16:33",
        "17:03",
        "17:33",
        "18:03",
        "18:33",
        "19:03",
        "19:33",
        "20:03",
        "20:48",
        "21:43"
    ],
    "holiday": [
        "7:33",
        "8:03",
        "8:33",
        "9:03",
        "9:33",
        "10:03",
        "10:33",
        "11:03",
        "11:33",
        "12:03",
        "12:33",
        "13:03",
        "13:33",
        "14:03",
        "14:33",
        "15:03",
        "15:33",
        "16:03",
        "16:33",
        "17:03",
        "17:33",
        "18:03",
        "18:33",
        "19:03",
        "19:33",
        "20:03",
        "20:48",
        "21:43"
    ],
    "url": "https://www.kanachu.co.jp/dia/diagram/timetable01_js/course:0000800905-7/node:00126556/kt:0/lname:/"
}
