{
    "date": "2020/11/24",
    "name": "小雀",
    "position": "-",
    "system": "船24",
    "destinations": [
        "神社前(横浜市栄区)",
        "千秀小学校前",
        "青少年センター前(横浜市栄区)",
        "常勝寺(横浜市栄区)",
        "田谷(横浜市栄区)",
        "小蓋山",
        "宮ノ前(横浜市栄区)",
        "長尾台(横浜市栄区)",
        "坂本(鎌倉市)",
        "大船駅西口"
    ],
    "weekday": [
        "6:11",
        "6:36",
        "6:49",
        "7:01",
        "7:11",
        "7:16",
        "7:46",
        "7:52",
        "8:50",
        "16:40",
        "16:48",
        "17:09"
    ],
    "saturday": [
        "6:11"
    ],
    "holiday": [
        "6:11"
    ],
    "url": "https://www.kanachu.co.jp/dia/diagram/timetable01_js/course:0000800586-7/node:00126925/kt:0/lname:/"
}
