{
    "date": "2020/11/24",
    "name": "小蓋山",
    "position": "-",
    "system": "船24",
    "destinations": [
        "宮ノ前(横浜市栄区)",
        "長尾台(横浜市栄区)",
        "坂本(鎌倉市)",
        "大船駅西口"
    ],
    "weekday": [
        "6:17",
        "6:42",
        "6:55",
        "7:07",
        "7:17",
        "7:22",
        "7:52",
        "7:58",
        "8:56",
        "16:46",
        "16:54",
        "17:15"
    ],
    "saturday": [
        "6:17"
    ],
    "holiday": [
        "6:17"
    ],
    "url": "https://www.kanachu.co.jp/dia/diagram/timetable01_js/course:0000800586-13/node:00126851/kt:0/lname:/"
}
