{
    "date": "2025/01/14",
    "name": "下依知入口",
    "position": "-",
    "system": "海09",
    "destinations": [
        "追分(厚木市)",
        "蓮生寺(厚木市)",
        "関口(厚木市)",
        "依知小学校前",
        "中平(厚木市)",
        "中荻原",
        "六本松(厚木市)",
        "坂本入口",
        "桜台(愛甲郡愛川町)",
        "運輸支局入口(愛甲郡愛川町)",
        "一本松(愛甲郡愛川町)",
        "局前(愛甲郡愛川町)",
        "中津(愛甲郡愛川町)",
        "東中学校前(愛甲郡愛川町)",
        "箕輪(愛甲郡愛川町)",
        "愛川町役場",
        "愛川バスセンター"
    ],
    "weekday": [
        "6:42",
        "7:08",
        "7:38",
        "8:19",
        "9:17",
        "10:12",
        "11:12",
        "12:12",
        "13:12",
        "14:12",
        "15:12",
        "16:12",
        "17:18",
        "18:18",
        "19:18",
        "20:14",
        "21:14",
        "22:04",
        "23:05"
    ],
    "saturday": [
        "7:06",
        "7:46",
        "8:36",
        "9:36",
        "10:37",
        "11:37",
        "12:37",
        "13:37",
        "14:37",
        "15:37",
        "16:38",
        "17:38",
        "18:35",
        "19:34",
        "20:39",
        "21:41",
        "22:51"
    ],
    "holiday": [
        "7:34",
        "8:34",
        "9:34",
        "10:35",
        "11:35",
        "12:35",
        "13:35",
        "14:35",
        "15:35",
        "16:35",
        "17:35",
        "18:35",
        "19:34",
        "20:44"
    ],
    "url": "https://www.kanachu.co.jp/dia/diagram/timetable01_js/course:0000802149-6/node:00128349/kt:0/lname:/"
}
