{
    "date": "2025/01/14",
    "name": "追分(厚木市)",
    "position": "-",
    "system": "海09",
    "destinations": [
        "蓮生寺(厚木市)",
        "関口(厚木市)",
        "依知小学校前",
        "中平(厚木市)",
        "中荻原",
        "六本松(厚木市)",
        "坂本入口",
        "桜台(愛甲郡愛川町)",
        "運輸支局入口(愛甲郡愛川町)",
        "一本松(愛甲郡愛川町)",
        "局前(愛甲郡愛川町)",
        "中津(愛甲郡愛川町)",
        "東中学校前(愛甲郡愛川町)",
        "箕輪(愛甲郡愛川町)",
        "愛川町役場",
        "愛川バスセンター"
    ],
    "weekday": [
        "6:43",
        "7:09",
        "7:39",
        "8:20",
        "9:18",
        "10:13",
        "11:13",
        "12:13",
        "13:13",
        "14:13",
        "15:13",
        "16:13",
        "17:19",
        "18:19",
        "19:19",
        "20:15",
        "21:15",
        "22:05",
        "23:06"
    ],
    "saturday": [
        "7:07",
        "7:47",
        "8:37",
        "9:37",
        "10:38",
        "11:38",
        "12:38",
        "13:38",
        "14:38",
        "15:38",
        "16:39",
        "17:39",
        "18:36",
        "19:35",
        "20:40",
        "21:42",
        "22:52"
    ],
    "holiday": [
        "7:35",
        "8:35",
        "9:35",
        "10:36",
        "11:36",
        "12:36",
        "13:36",
        "14:36",
        "15:36",
        "16:36",
        "17:36",
        "18:36",
        "19:35",
        "20:45"
    ],
    "url": "https://www.kanachu.co.jp/dia/diagram/timetable01_js/course:0000802149-7/node:00128350/kt:0/lname:/"
}
