{
    "date": "2025/01/14",
    "name": "関口(厚木市)",
    "position": "-",
    "system": "海09",
    "destinations": [
        "依知小学校前",
        "中平(厚木市)",
        "中荻原",
        "六本松(厚木市)",
        "坂本入口",
        "桜台(愛甲郡愛川町)",
        "運輸支局入口(愛甲郡愛川町)",
        "一本松(愛甲郡愛川町)",
        "局前(愛甲郡愛川町)",
        "中津(愛甲郡愛川町)",
        "東中学校前(愛甲郡愛川町)",
        "箕輪(愛甲郡愛川町)",
        "愛川町役場",
        "愛川バスセンター"
    ],
    "weekday": [
        "6:45",
        "7:11",
        "7:41",
        "8:22",
        "9:20",
        "10:15",
        "11:15",
        "12:15",
        "13:15",
        "14:15",
        "15:15",
        "16:15",
        "17:21",
        "18:21",
        "19:21",
        "20:17",
        "21:17",
        "22:07",
        "23:08"
    ],
    "saturday": [
        "7:09",
        "7:49",
        "8:39",
        "9:39",
        "10:40",
        "11:40",
        "12:40",
        "13:40",
        "14:40",
        "15:40",
        "16:41",
        "17:41",
        "18:38",
        "19:37",
        "20:42",
        "21:44",
        "22:54"
    ],
    "holiday": [
        "7:37",
        "8:37",
        "9:37",
        "10:38",
        "11:38",
        "12:38",
        "13:38",
        "14:38",
        "15:38",
        "16:38",
        "17:38",
        "18:38",
        "19:37",
        "20:47"
    ],
    "url": "https://www.kanachu.co.jp/dia/diagram/timetable01_js/course:0000802149-9/node:00128352/kt:0/lname:/"
}
