{
    "date": "2025/01/14",
    "name": "六本松(厚木市)",
    "position": "-",
    "system": "海09",
    "destinations": [
        "坂本入口",
        "桜台(愛甲郡愛川町)",
        "運輸支局入口(愛甲郡愛川町)",
        "一本松(愛甲郡愛川町)",
        "局前(愛甲郡愛川町)",
        "中津(愛甲郡愛川町)",
        "東中学校前(愛甲郡愛川町)",
        "箕輪(愛甲郡愛川町)",
        "愛川町役場",
        "愛川バスセンター"
    ],
    "weekday": [
        "6:53",
        "7:19",
        "7:50",
        "8:31",
        "9:28",
        "10:23",
        "11:23",
        "12:23",
        "13:23",
        "14:23",
        "15:23",
        "16:23",
        "17:29",
        "18:29",
        "19:29",
        "20:24",
        "21:24",
        "22:14",
        "23:15"
    ],
    "saturday": [
        "7:16",
        "7:56",
        "8:46",
        "9:46",
        "10:47",
        "11:47",
        "12:47",
        "13:47",
        "14:47",
        "15:47",
        "16:48",
        "17:48",
        "18:44",
        "19:43",
        "20:48",
        "21:50",
        "23:00"
    ],
    "holiday": [
        "7:43",
        "8:43",
        "9:43",
        "10:45",
        "11:45",
        "12:45",
        "13:45",
        "14:45",
        "15:45",
        "16:45",
        "17:45",
        "18:44",
        "19:43",
        "20:53"
    ],
    "url": "https://www.kanachu.co.jp/dia/diagram/timetable01_js/course:0000802149-13/node:00128363/kt:0/lname:/"
}
