{
    "date": "2025/01/14",
    "name": "坂本入口",
    "position": "-",
    "system": "海09",
    "destinations": [
        "桜台(愛甲郡愛川町)",
        "運輸支局入口(愛甲郡愛川町)",
        "一本松(愛甲郡愛川町)",
        "局前(愛甲郡愛川町)",
        "中津(愛甲郡愛川町)",
        "東中学校前(愛甲郡愛川町)",
        "箕輪(愛甲郡愛川町)",
        "愛川町役場",
        "愛川バスセンター"
    ],
    "weekday": [
        "6:54",
        "7:21",
        "7:52",
        "8:33",
        "9:30",
        "10:25",
        "11:25",
        "12:25",
        "13:25",
        "14:25",
        "15:25",
        "16:25",
        "17:31",
        "18:31",
        "19:31",
        "20:26",
        "21:26",
        "22:16",
        "23:17"
    ],
    "saturday": [
        "7:18",
        "7:58",
        "8:48",
        "9:48",
        "10:49",
        "11:49",
        "12:49",
        "13:49",
        "14:49",
        "15:49",
        "16:50",
        "17:50",
        "18:46",
        "19:45",
        "20:50",
        "21:52",
        "23:02"
    ],
    "holiday": [
        "7:45",
        "8:45",
        "9:45",
        "10:47",
        "11:47",
        "12:47",
        "13:47",
        "14:47",
        "15:47",
        "16:47",
        "17:47",
        "18:46",
        "19:45",
        "20:55"
    ],
    "url": "https://www.kanachu.co.jp/dia/diagram/timetable01_js/course:0000802149-14/node:00128364/kt:0/lname:/"
}
