{
    "date": "2025/01/14",
    "name": "運輸支局入口(愛甲郡愛川町)",
    "position": "-",
    "system": "海09",
    "destinations": [
        "一本松(愛甲郡愛川町)",
        "局前(愛甲郡愛川町)",
        "中津(愛甲郡愛川町)",
        "東中学校前(愛甲郡愛川町)",
        "箕輪(愛甲郡愛川町)",
        "愛川町役場",
        "愛川バスセンター"
    ],
    "weekday": [
        "6:57",
        "7:24",
        "7:55",
        "8:36",
        "9:33",
        "10:28",
        "11:28",
        "12:28",
        "13:28",
        "14:28",
        "15:28",
        "16:28",
        "17:34",
        "18:34",
        "19:34",
        "20:29",
        "21:29",
        "22:19",
        "23:20"
    ],
    "saturday": [
        "7:21",
        "8:01",
        "8:51",
        "9:51",
        "10:52",
        "11:52",
        "12:52",
        "13:52",
        "14:52",
        "15:52",
        "16:53",
        "17:53",
        "18:49",
        "19:48",
        "20:53",
        "21:55",
        "23:05"
    ],
    "holiday": [
        "7:48",
        "8:48",
        "9:48",
        "10:50",
        "11:50",
        "12:50",
        "13:50",
        "14:50",
        "15:50",
        "16:50",
        "17:50",
        "18:49",
        "19:48",
        "20:58"
    ],
    "url": "https://www.kanachu.co.jp/dia/diagram/timetable01_js/course:0000802149-16/node:00128321/kt:0/lname:/"
}
