{
    "date": "2025/01/14",
    "name": "清川村役場前",
    "position": "-",
    "system": "厚19",
    "destinations": [
        "小学校前(愛甲郡清川村)",
        "公民館前(愛甲郡清川村)",
        "中里(愛甲郡清川村)",
        "郵便局前(愛甲郡清川村)",
        "別所温泉入口",
        "尾崎(愛甲郡清川村)",
        "御門橋",
        "上舟沢",
        "舟沢",
        "華厳橋",
        "上飯山(厚木市)",
        "飯山温泉入口",
        "志田原",
        "尼寺(厚木市)",
        "飯山観音前",
        "橋場(厚木市)",
        "光福寺(厚木市)",
        "小鮎久保",
        "ゴルフ場入口(厚木市)",
        "上千頭",
        "千頭",
        "及川",
        "穴口橋",
        "林(厚木市)",
        "戸室",
        "愛光病院前",
        "市立病院前(バイパス側)",
        "市立病院前(厚木市)",
        "税務署入口(厚木市)",
        "市役所入口(厚木市)",
        "本厚木駅"
    ],
    "weekday": [
        "5:38",
        "6:25",
        "7:02",
        "7:46",
        "8:35",
        "19:15"
    ],
    "saturday": [
        "6:15"
    ],
    "holiday": [
        "6:15"
    ],
    "url": "https://www.kanachu.co.jp/dia/diagram/timetable01_js/course:0000803680-6/node:00128423/kt:0/lname:/"
}
