{
    "date": "2025/01/14",
    "name": "舟沢",
    "position": "-",
    "system": "厚19",
    "destinations": [
        "華厳橋",
        "上飯山(厚木市)",
        "飯山温泉入口",
        "志田原",
        "尼寺(厚木市)",
        "飯山観音前",
        "橋場(厚木市)",
        "光福寺(厚木市)",
        "小鮎久保",
        "ゴルフ場入口(厚木市)",
        "上千頭",
        "千頭",
        "及川",
        "穴口橋",
        "林(厚木市)",
        "戸室",
        "愛光病院前",
        "市立病院前(バイパス側)",
        "市立病院前(厚木市)",
        "税務署入口(厚木市)",
        "市役所入口(厚木市)",
        "本厚木駅"
    ],
    "weekday": [
        "5:44",
        "6:31",
        "7:08",
        "7:52",
        "8:41",
        "19:21"
    ],
    "saturday": [
        "6:21"
    ],
    "holiday": [
        "6:21"
    ],
    "url": "https://www.kanachu.co.jp/dia/diagram/timetable01_js/course:0000803680-15/node:00128414/kt:0/lname:/"
}
