{
    "date": "2025/01/14",
    "name": "上飯山(厚木市)",
    "position": "-",
    "system": "厚19",
    "destinations": [
        "飯山温泉入口",
        "志田原",
        "尼寺(厚木市)",
        "飯山観音前",
        "橋場(厚木市)",
        "光福寺(厚木市)",
        "小鮎久保",
        "ゴルフ場入口(厚木市)",
        "上千頭",
        "千頭",
        "及川",
        "穴口橋",
        "林(厚木市)",
        "戸室",
        "愛光病院前",
        "市立病院前(バイパス側)",
        "市立病院前(厚木市)",
        "税務署入口(厚木市)",
        "市役所入口(厚木市)",
        "本厚木駅"
    ],
    "weekday": [
        "5:46",
        "6:33",
        "7:10",
        "7:54",
        "8:43",
        "19:23"
    ],
    "saturday": [
        "6:23"
    ],
    "holiday": [
        "6:23"
    ],
    "url": "https://www.kanachu.co.jp/dia/diagram/timetable01_js/course:0000803680-17/node:00128412/kt:0/lname:/"
}
