{
    "date": "2025/01/14",
    "name": "千頭",
    "position": "-",
    "system": "厚19",
    "destinations": [
        "及川",
        "穴口橋",
        "林(厚木市)",
        "戸室",
        "愛光病院前",
        "市立病院前(バイパス側)",
        "市立病院前(厚木市)",
        "税務署入口(厚木市)",
        "市役所入口(厚木市)",
        "本厚木駅"
    ],
    "weekday": [
        "5:55",
        "6:42",
        "7:19",
        "8:03",
        "8:52",
        "19:32"
    ],
    "saturday": [
        "6:32"
    ],
    "holiday": [
        "6:32"
    ],
    "url": "https://www.kanachu.co.jp/dia/diagram/timetable01_js/course:0000803680-27/node:00128402/kt:0/lname:/"
}
