{
    "date": "2025/08/30",
    "name": "柏尾(横浜市戸塚区)",
    "position": "-",
    "system": "戸33",
    "destinations": [
        "秋葉三叉路",
        "秋葉",
        "富士山下",
        "公園前(横浜市戸塚区)",
        "川上小学校前(横浜市戸塚区)",
        "前田ハイツ前",
        "天王山橋",
        "東戸塚駅東口"
    ],
    "weekday": [
        "6:28",
        "6:43",
        "6:58",
        "7:11",
        "7:26",
        "7:34",
        "7:51",
        "8:01",
        "8:11",
        "8:23",
        "8:36",
        "8:49",
        "9:01",
        "9:19",
        "9:31",
        "10:01",
        "10:31",
        "11:01",
        "11:31",
        "12:01",
        "12:31",
        "13:01",
        "13:31",
        "14:01",
        "14:31",
        "15:01",
        "15:36",
        "16:01",
        "16:36",
        "17:01",
        "17:36",
        "18:01",
        "18:36",
        "19:01",
        "19:26",
        "20:01",
        "20:46",
        "21:31"
    ],
    "saturday": [
        "6:30",
        "7:00",
        "7:30",
        "7:58",
        "8:28",
        "9:00",
        "9:31",
        "10:01",
        "10:31",
        "11:01",
        "11:31",
        "12:01",
        "12:31",
        "13:01",
        "13:31",
        "14:01",
        "14:31",
        "15:01",
        "15:36",
        "16:01",
        "16:36",
        "17:01",
        "17:36",
        "18:01",
        "18:36",
        "19:01",
        "19:26",
        "20:01",
        "20:46",
        "21:31"
    ],
    "holiday": [
        "7:23",
        "7:58",
        "8:28",
        "9:00",
        "9:31",
        "10:01",
        "10:31",
        "11:01",
        "11:31",
        "12:01",
        "12:31",
        "13:01",
        "13:31",
        "14:01",
        "14:31",
        "15:01",
        "15:36",
        "16:01",
        "16:36",
        "17:01",
        "17:36",
        "18:01",
        "18:36",
        "19:01",
        "19:26",
        "20:01",
        "20:46",
        "21:31"
    ],
    "url": "https://www.kanachu.co.jp/dia/diagram/timetable01_js/course:0000803856-7/node:00126615/kt:0/lname:/"
}
