{
    "date": "2025/08/30",
    "name": "秋葉三叉路",
    "position": "-",
    "system": "戸33",
    "destinations": [
        "秋葉",
        "富士山下",
        "公園前(横浜市戸塚区)",
        "川上小学校前(横浜市戸塚区)",
        "前田ハイツ前",
        "天王山橋",
        "東戸塚駅東口"
    ],
    "weekday": [
        "6:31",
        "6:46",
        "7:01",
        "7:14",
        "7:29",
        "7:37",
        "7:54",
        "8:04",
        "8:14",
        "8:26",
        "8:39",
        "8:52",
        "9:04",
        "9:22",
        "9:34",
        "10:04",
        "10:34",
        "11:04",
        "11:34",
        "12:04",
        "12:34",
        "13:04",
        "13:34",
        "14:04",
        "14:34",
        "15:04",
        "15:39",
        "16:04",
        "16:39",
        "17:04",
        "17:39",
        "18:04",
        "18:39",
        "19:04",
        "19:29",
        "20:04",
        "20:49",
        "21:34"
    ],
    "saturday": [
        "6:33",
        "7:03",
        "7:33",
        "8:01",
        "8:31",
        "9:03",
        "9:34",
        "10:04",
        "10:34",
        "11:04",
        "11:34",
        "12:04",
        "12:34",
        "13:04",
        "13:34",
        "14:04",
        "14:34",
        "15:04",
        "15:39",
        "16:04",
        "16:39",
        "17:04",
        "17:39",
        "18:04",
        "18:39",
        "19:04",
        "19:29",
        "20:04",
        "20:49",
        "21:34"
    ],
    "holiday": [
        "7:26",
        "8:01",
        "8:31",
        "9:03",
        "9:34",
        "10:04",
        "10:34",
        "11:04",
        "11:34",
        "12:04",
        "12:34",
        "13:04",
        "13:34",
        "14:04",
        "14:34",
        "15:04",
        "15:39",
        "16:04",
        "16:39",
        "17:04",
        "17:39",
        "18:04",
        "18:39",
        "19:04",
        "19:29",
        "20:04",
        "20:49",
        "21:34"
    ],
    "url": "https://www.kanachu.co.jp/dia/diagram/timetable01_js/course:0000803856-8/node:00126661/kt:0/lname:/"
}
