{
    "date": "2024/04/01",
    "name": "ふじみ園前",
    "position": "-",
    "system": "平51",
    "destinations": [
        "前鳥神社前",
        "大念寺前",
        "四ノ宮(平塚市)",
        "泉蔵院前",
        "古河電工入口",
        "八幡公民館入口",
        "八幡(平塚市)",
        "八幡入口",
        "コンフォール平塚前",
        "市役所前(平塚市)",
        "四ツ角(平塚市)",
        "平塚駅北口"
    ],
    "weekday": [
        "5:46",
        "6:36",
        "17:53",
        "20:54"
    ],
    "saturday": [
        "5:45"
    ],
    "holiday": [],
    "url": "https://www.kanachu.co.jp/dia/diagram/timetable01_js/course:0000800017-8/node:00127650/kt:0/lname:/"
}
