{
    "date": "2024/04/01",
    "name": "大念寺前",
    "position": "-",
    "system": "平51",
    "destinations": [
        "四ノ宮(平塚市)",
        "泉蔵院前",
        "古河電工入口",
        "八幡公民館入口",
        "八幡(平塚市)",
        "八幡入口",
        "コンフォール平塚前",
        "市役所前(平塚市)",
        "四ツ角(平塚市)",
        "平塚駅北口"
    ],
    "weekday": [
        "5:48",
        "6:38",
        "17:55",
        "20:56"
    ],
    "saturday": [
        "5:47"
    ],
    "holiday": [],
    "url": "https://www.kanachu.co.jp/dia/diagram/timetable01_js/course:0000800017-10/node:00127657/kt:0/lname:/"
}
