{
    "date": "2024/04/01",
    "name": "四ノ宮(平塚市)",
    "position": "-",
    "system": "平51",
    "destinations": [
        "泉蔵院前",
        "古河電工入口",
        "八幡公民館入口",
        "八幡(平塚市)",
        "八幡入口",
        "コンフォール平塚前",
        "市役所前(平塚市)",
        "四ツ角(平塚市)",
        "平塚駅北口"
    ],
    "weekday": [
        "5:49",
        "6:39",
        "17:56",
        "20:57"
    ],
    "saturday": [
        "5:47"
    ],
    "holiday": [],
    "url": "https://www.kanachu.co.jp/dia/diagram/timetable01_js/course:0000800017-11/node:00127656/kt:0/lname:/"
}
