{
    "date": "2024/04/01",
    "name": "泉蔵院前",
    "position": "-",
    "system": "平51",
    "destinations": [
        "古河電工入口",
        "八幡公民館入口",
        "八幡(平塚市)",
        "八幡入口",
        "コンフォール平塚前",
        "市役所前(平塚市)",
        "四ツ角(平塚市)",
        "平塚駅北口"
    ],
    "weekday": [
        "5:51",
        "6:41",
        "17:58",
        "20:59"
    ],
    "saturday": [
        "5:49"
    ],
    "holiday": [],
    "url": "https://www.kanachu.co.jp/dia/diagram/timetable01_js/course:0000800017-12/node:00127655/kt:0/lname:/"
}
