{
    "date": "2024/04/01",
    "name": "八幡入口",
    "position": "-",
    "system": "平51",
    "destinations": [
        "コンフォール平塚前",
        "市役所前(平塚市)",
        "四ツ角(平塚市)",
        "平塚駅北口"
    ],
    "weekday": [
        "5:55",
        "6:45",
        "18:02",
        "21:03"
    ],
    "saturday": [
        "5:53"
    ],
    "holiday": [],
    "url": "https://www.kanachu.co.jp/dia/diagram/timetable01_js/course:0000800017-16/node:00127645/kt:0/lname:/"
}
