{
    "date": "2024/09/02",
    "name": "谷矢部中央",
    "position": "-",
    "system": "戸90",
    "destinations": [
        "道祖神前(横浜市戸塚区)",
        "鳥が丘中央",
        "鳥が丘第一公園",
        "上矢部高校",
        "戸塚工業団地",
        "上矢部地区センター前",
        "諏訪久保",
        "領家一丁目(横浜市泉区)",
        "領家三丁目(横浜市泉区)",
        "領家中学校前",
        "鳥が丘第一公園",
        "鳥が丘中央",
        "道祖神前(横浜市戸塚区)",
        "谷矢部中央",
        "来迎寺(横浜市戸塚区)",
        "柳作東",
        "蔵坪",
        "戸塚駅"
    ],
    "weekday": [
        "6:28",
        "6:41",
        "6:50",
        "7:04",
        "7:12",
        "7:17",
        "7:26",
        "7:31",
        "7:35",
        "7:43",
        "7:53",
        "7:58",
        "8:03",
        "8:09",
        "8:14",
        "8:23",
        "8:27",
        "8:32",
        "8:49",
        "8:55",
        "9:07",
        "9:31",
        "9:55",
        "10:19",
        "10:43",
        "11:07",
        "11:31",
        "11:55",
        "12:19",
        "12:43",
        "13:07",
        "13:31",
        "13:54"
    ],
    "saturday": [
        "7:26",
        "7:39",
        "8:15",
        "8:39",
        "8:51",
        "9:15",
        "9:39",
        "9:51",
        "10:15",
        "10:39",
        "10:55",
        "11:07",
        "11:36",
        "11:51",
        "12:29",
        "12:49",
        "13:29"
    ],
    "holiday": [
        "7:34",
        "8:19",
        "8:30",
        "8:49",
        "9:19",
        "9:36",
        "10:06",
        "10:21",
        "10:51",
        "11:06",
        "11:36",
        "11:51",
        "12:29",
        "12:49",
        "13:29"
    ],
    "url": "https://www.kanachu.co.jp/dia/diagram/timetable01_js/course:0000801118-5/node:00126901/kt:0/lname:/"
}
