{
    "date": "2024/09/02",
    "name": "道祖神前(横浜市戸塚区)",
    "position": "-",
    "system": "戸90",
    "destinations": [
        "鳥が丘中央",
        "鳥が丘第一公園",
        "上矢部高校",
        "戸塚工業団地",
        "上矢部地区センター前",
        "諏訪久保",
        "領家一丁目(横浜市泉区)",
        "領家三丁目(横浜市泉区)",
        "領家中学校前",
        "鳥が丘第一公園",
        "鳥が丘中央",
        "道祖神前(横浜市戸塚区)",
        "谷矢部中央",
        "来迎寺(横浜市戸塚区)",
        "柳作東",
        "蔵坪",
        "戸塚駅"
    ],
    "weekday": [
        "6:29",
        "6:42",
        "6:51",
        "7:05",
        "7:13",
        "7:18",
        "7:27",
        "7:32",
        "7:36",
        "7:44",
        "7:54",
        "7:59",
        "8:04",
        "8:10",
        "8:15",
        "8:24",
        "8:28",
        "8:33",
        "8:50",
        "8:56",
        "9:08",
        "9:32",
        "9:56",
        "10:20",
        "10:44",
        "11:08",
        "11:32",
        "11:56",
        "12:20",
        "12:44",
        "13:08",
        "13:32",
        "13:55"
    ],
    "saturday": [
        "7:27",
        "7:40",
        "8:16",
        "8:40",
        "8:52",
        "9:16",
        "9:40",
        "9:52",
        "10:16",
        "10:40",
        "10:56",
        "11:08",
        "11:37",
        "11:52",
        "12:30",
        "12:50",
        "13:30"
    ],
    "holiday": [
        "7:35",
        "8:20",
        "8:31",
        "8:50",
        "9:20",
        "9:37",
        "10:07",
        "10:22",
        "10:52",
        "11:07",
        "11:37",
        "11:52",
        "12:30",
        "12:50",
        "13:30"
    ],
    "url": "https://www.kanachu.co.jp/dia/diagram/timetable01_js/course:0000801118-6/node:00126902/kt:0/lname:/"
}
