{
    "date": "2024/09/02",
    "name": "領家三丁目(横浜市泉区)",
    "position": "-",
    "system": "戸90",
    "destinations": [
        "領家中学校前",
        "鳥が丘第一公園",
        "鳥が丘中央",
        "道祖神前(横浜市戸塚区)",
        "谷矢部中央",
        "来迎寺(横浜市戸塚区)",
        "柳作東",
        "蔵坪",
        "戸塚駅"
    ],
    "weekday": [
        "6:40",
        "6:53",
        "7:02",
        "7:16",
        "7:24",
        "7:29",
        "7:38",
        "7:43",
        "7:47",
        "7:55",
        "8:05",
        "8:10",
        "8:15",
        "8:21",
        "8:26",
        "8:35",
        "8:39",
        "8:44",
        "9:01",
        "9:07",
        "9:19",
        "9:43",
        "10:07",
        "10:31",
        "10:55",
        "11:19",
        "11:43",
        "12:07",
        "12:31",
        "12:55",
        "13:19",
        "13:43",
        "14:06"
    ],
    "saturday": [
        "7:38",
        "7:51",
        "8:27",
        "8:51",
        "9:03",
        "9:27",
        "9:51",
        "10:03",
        "10:27",
        "10:51",
        "11:07",
        "11:19",
        "11:48",
        "12:03",
        "12:41",
        "13:01",
        "13:41"
    ],
    "holiday": [
        "7:46",
        "8:31",
        "8:42",
        "9:01",
        "9:31",
        "9:48",
        "10:18",
        "10:33",
        "11:03",
        "11:18",
        "11:48",
        "12:03",
        "12:41",
        "13:01",
        "13:41"
    ],
    "url": "https://www.kanachu.co.jp/dia/diagram/timetable01_js/course:0000801118-14/node:00126713/kt:0/lname:/"
}
