{
    "date": "2024/09/02",
    "name": "来迎寺(横浜市戸塚区)",
    "position": "-",
    "system": "戸90",
    "destinations": [
        "柳作東",
        "蔵坪",
        "戸塚駅"
    ],
    "weekday": [
        "6:48",
        "7:01",
        "7:10",
        "7:24",
        "7:32",
        "7:37",
        "7:46",
        "7:51",
        "7:55",
        "8:03",
        "8:13",
        "8:18",
        "8:23",
        "8:29",
        "8:34",
        "8:43",
        "8:47",
        "8:52",
        "9:09",
        "9:15",
        "9:27",
        "9:51",
        "10:15",
        "10:39",
        "11:03",
        "11:27",
        "11:51",
        "12:15",
        "12:39",
        "13:03",
        "13:27",
        "13:51",
        "14:14"
    ],
    "saturday": [
        "7:46",
        "7:59",
        "8:35",
        "8:59",
        "9:11",
        "9:35",
        "9:59",
        "10:11",
        "10:35",
        "10:59",
        "11:15",
        "11:27",
        "11:56",
        "12:11",
        "12:49",
        "13:09",
        "13:49"
    ],
    "holiday": [
        "7:54",
        "8:39",
        "8:50",
        "9:09",
        "9:39",
        "9:56",
        "10:26",
        "10:41",
        "11:11",
        "11:26",
        "11:56",
        "12:11",
        "12:49",
        "13:09",
        "13:49"
    ],
    "url": "https://www.kanachu.co.jp/dia/diagram/timetable01_js/course:0000801118-20/node:00126900/kt:0/lname:/"
}
