{
    "date": "2024/09/02",
    "name": "柳作東",
    "position": "-",
    "system": "戸90",
    "destinations": [
        "蔵坪",
        "戸塚駅"
    ],
    "weekday": [
        "6:49",
        "7:02",
        "7:11",
        "7:25",
        "7:33",
        "7:38",
        "7:47",
        "7:52",
        "7:56",
        "8:04",
        "8:14",
        "8:19",
        "8:24",
        "8:30",
        "8:35",
        "8:44",
        "8:48",
        "8:53",
        "9:10",
        "9:16",
        "9:28",
        "9:52",
        "10:16",
        "10:40",
        "11:04",
        "11:28",
        "11:52",
        "12:16",
        "12:40",
        "13:04",
        "13:28",
        "13:52",
        "14:15"
    ],
    "saturday": [
        "7:47",
        "8:00",
        "8:36",
        "9:00",
        "9:12",
        "9:36",
        "10:00",
        "10:12",
        "10:36",
        "11:00",
        "11:16",
        "11:28",
        "11:57",
        "12:12",
        "12:50",
        "13:10",
        "13:50"
    ],
    "holiday": [
        "7:55",
        "8:40",
        "8:51",
        "9:10",
        "9:40",
        "9:57",
        "10:27",
        "10:42",
        "11:12",
        "11:27",
        "11:57",
        "12:12",
        "12:50",
        "13:10",
        "13:50"
    ],
    "url": "https://www.kanachu.co.jp/dia/diagram/timetable01_js/course:0000801118-21/node:00126967/kt:0/lname:/"
}
