{
    "date": "2026/01/16",
    "name": "大久保公園(平塚市)",
    "position": "-",
    "system": "平77",
    "destinations": [
        "貴峯荘前",
        "平塚農商高校",
        "上平塚",
        "市民病院前(平塚市)",
        "達上ヶ丘",
        "南原土手",
        "長瀬(平塚市)",
        "長持",
        "水神橋(平塚市)",
        "平塚支援学校前",
        "飯島(平塚市)",
        "片岡(平塚市)",
        "南金目",
        "金目駅",
        "堀町(平塚市)",
        "みずほ小学校",
        "塚越古墳",
        "北金目",
        "東海大学東",
        "東海大学1号館前",
        "東海大学前駅入口",
        "東海大学前駅南口"
    ],
    "weekday": [
        "7:33",
        "8:38",
        "9:43",
        "10:41",
        "11:37",
        "12:37",
        "13:38",
        "14:38",
        "15:38",
        "16:38",
        "18:07"
    ],
    "saturday": [
        "9:40",
        "10:40",
        "11:40",
        "12:40",
        "13:40",
        "14:40",
        "15:40"
    ],
    "holiday": [
        "9:40",
        "10:40",
        "11:40",
        "12:40",
        "13:40",
        "14:40",
        "15:40"
    ],
    "url": "https://www.kanachu.co.jp/dia/diagram/timetable01_js/course:0000804021-11/node:00127590/kt:0/lname:/"
}
