{
    "date": "2026/01/16",
    "name": "平塚農商高校",
    "position": "-",
    "system": "平77",
    "destinations": [
        "上平塚",
        "市民病院前(平塚市)",
        "達上ヶ丘",
        "南原土手",
        "長瀬(平塚市)",
        "長持",
        "水神橋(平塚市)",
        "平塚支援学校前",
        "飯島(平塚市)",
        "片岡(平塚市)",
        "南金目",
        "金目駅",
        "堀町(平塚市)",
        "みずほ小学校",
        "塚越古墳",
        "北金目",
        "東海大学東",
        "東海大学1号館前",
        "東海大学前駅入口",
        "東海大学前駅南口"
    ],
    "weekday": [
        "7:35",
        "8:40",
        "9:45",
        "10:43",
        "11:39",
        "12:39",
        "13:40",
        "14:40",
        "15:40",
        "16:40",
        "18:09"
    ],
    "saturday": [
        "9:42",
        "10:42",
        "11:42",
        "12:42",
        "13:42",
        "14:42",
        "15:42"
    ],
    "holiday": [
        "9:42",
        "10:42",
        "11:42",
        "12:42",
        "13:42",
        "14:42",
        "15:42"
    ],
    "url": "https://www.kanachu.co.jp/dia/diagram/timetable01_js/course:0000804021-13/node:00127592/kt:0/lname:/"
}
