{
    "date": "2026/01/16",
    "name": "上平塚",
    "position": "-",
    "system": "平77",
    "destinations": [
        "市民病院前(平塚市)",
        "達上ヶ丘",
        "南原土手",
        "長瀬(平塚市)",
        "長持",
        "水神橋(平塚市)",
        "平塚支援学校前",
        "飯島(平塚市)",
        "片岡(平塚市)",
        "南金目",
        "金目駅",
        "堀町(平塚市)",
        "みずほ小学校",
        "塚越古墳",
        "北金目",
        "東海大学東",
        "東海大学1号館前",
        "東海大学前駅入口",
        "東海大学前駅南口"
    ],
    "weekday": [
        "7:37",
        "8:42",
        "9:47",
        "10:45",
        "11:41",
        "12:41",
        "13:42",
        "14:42",
        "15:42",
        "16:42",
        "18:11"
    ],
    "saturday": [
        "9:44",
        "10:44",
        "11:44",
        "12:44",
        "13:44",
        "14:44",
        "15:44"
    ],
    "holiday": [
        "9:44",
        "10:44",
        "11:44",
        "12:44",
        "13:44",
        "14:44",
        "15:44"
    ],
    "url": "https://www.kanachu.co.jp/dia/diagram/timetable01_js/course:0000804021-14/node:00127572/kt:0/lname:/"
}
