{
    "date": "2026/01/16",
    "name": "平塚支援学校前",
    "position": "-",
    "system": "平77",
    "destinations": [
        "飯島(平塚市)",
        "片岡(平塚市)",
        "南金目",
        "金目駅",
        "堀町(平塚市)",
        "みずほ小学校",
        "塚越古墳",
        "北金目",
        "東海大学東",
        "東海大学1号館前",
        "東海大学前駅入口",
        "東海大学前駅南口"
    ],
    "weekday": [
        "7:46",
        "8:51",
        "9:56",
        "10:54",
        "11:50",
        "12:50",
        "13:51",
        "14:51",
        "15:51",
        "16:51",
        "18:20"
    ],
    "saturday": [
        "9:53",
        "10:53",
        "11:53",
        "12:53",
        "13:53",
        "14:53",
        "15:53"
    ],
    "holiday": [
        "9:52",
        "10:52",
        "11:52",
        "12:52",
        "13:53",
        "14:53",
        "15:53"
    ],
    "url": "https://www.kanachu.co.jp/dia/diagram/timetable01_js/course:0000804021-21/node:00127735/kt:0/lname:/"
}
