{
    "date": "2026/01/16",
    "name": "片岡(平塚市)",
    "position": "-",
    "system": "平77",
    "destinations": [
        "南金目",
        "金目駅",
        "堀町(平塚市)",
        "みずほ小学校",
        "塚越古墳",
        "北金目",
        "東海大学東",
        "東海大学1号館前",
        "東海大学前駅入口",
        "東海大学前駅南口"
    ],
    "weekday": [
        "7:50",
        "8:55",
        "9:58",
        "10:56",
        "11:52",
        "12:52",
        "13:53",
        "14:53",
        "15:53",
        "16:53",
        "18:24"
    ],
    "saturday": [
        "9:55",
        "10:55",
        "11:55",
        "12:55",
        "13:55",
        "14:55",
        "15:55"
    ],
    "holiday": [
        "9:54",
        "10:54",
        "11:54",
        "12:54",
        "13:55",
        "14:55",
        "15:55"
    ],
    "url": "https://www.kanachu.co.jp/dia/diagram/timetable01_js/course:0000804021-23/node:00127733/kt:0/lname:/"
}
