{
  "date": "2025/04/01",
  "name": "上宿(町田市)",
  "position": "-",
  "system": "町45",
  "destinations": [
    "下根岸(町田市)",
    "根岸(根岸町/町田市)",
    "馬駈",
    "図師大橋",
    "図師",
    "並木(町田市)",
    "ろうわ学校",
    "南多摩整形外科",
    "都立野津田高校"
  ],
  "weekday": [
    "7:30",
    "7:55",
    "8:05"
  ],
  "saturday": [],
  "holiday": [],
  "url": "https://www.kanachu.co.jp/dia/diagram/timetable01_js/course:0000802472-13/node:00129365/kt:0/lname:/"
}