{
    "date": "2026/01/16",
    "name": "野津田車庫",
    "position": "-",
    "system": "町26",
    "destinations": [
        "神学校(町田市)",
        "並木(町田市)",
        "図師",
        "図師大橋",
        "馬駈",
        "根岸(根岸町/町田市)",
        "下根岸(町田市)",
        "上宿(町田市)",
        "忠生公園入口",
        "木曽(町田市)",
        "三家(町田市)",
        "木曽住宅",
        "滝の沢(町田市)",
        "浄水場前(町田市)",
        "市民病院前(町田市)",
        "森野三丁目",
        "第四小学校前(町田市)",
        "町田市役所市民ホール前",
        "町田バスセンター"
    ],
    "weekday": [
        "5:20",
        "5:35",
        "5:50",
        "6:07",
        "6:20",
        "6:30",
        "6:40",
        "6:50",
        "7:05",
        "7:15",
        "7:25",
        "7:35",
        "7:45",
        "8:00",
        "8:15",
        "8:33",
        "8:50",
        "9:10",
        "9:30",
        "9:55",
        "10:12",
        "10:30",
        "10:50",
        "11:02",
        "11:17",
        "11:30",
        "11:45",
        "12:00",
        "12:12",
        "12:24",
        "12:36",
        "12:48",
        "13:08",
        "13:28",
        "13:48",
        "14:00",
        "14:22",
        "14:40",
        "14:53",
        "15:05",
        "15:30",
        "15:45",
        "16:15",
        "16:45",
        "17:02",
        "17:15",
        "17:25",
        "17:40",
        "17:53",
        "18:05",
        "18:15",
        "18:25",
        "18:40",
        "18:55",
        "19:15",
        "19:30",
        "19:45",
        "20:15",
        "20:45",
        "21:45"
    ],
    "saturday": [
        "5:24",
        "5:55",
        "6:20",
        "6:40",
        "7:00",
        "7:10",
        "7:20",
        "7:30",
        "7:45",
        "8:00",
        "8:12",
        "8:24",
        "8:36",
        "8:48",
        "9:00",
        "9:22",
        "9:40",
        "10:00",
        "10:15",
        "10:36",
        "10:48",
        "11:05",
        "11:17",
        "11:33",
        "11:45",
        "12:03",
        "12:20",
        "12:42",
        "13:10",
        "13:40",
        "14:02",
        "14:22",
        "14:40",
        "15:05",
        "15:22",
        "15:35",
        "15:48",
        "16:05",
        "16:38",
        "17:12",
        "17:42",
        "18:12",
        "18:27",
        "18:48",
        "19:45",
        "20:00",
        "20:45",
        "21:00"
    ],
    "holiday": [
        "5:24",
        "6:25",
        "6:45",
        "7:05",
        "7:20",
        "7:45",
        "8:00",
        "8:30",
        "9:00",
        "9:12",
        "9:32",
        "9:47",
        "10:00",
        "10:20",
        "10:40",
        "11:05",
        "11:20",
        "11:36",
        "11:44",
        "12:02",
        "12:15",
        "12:30",
        "12:45",
        "13:00",
        "13:20",
        "13:40",
        "14:00",
        "14:22",
        "14:40",
        "15:00",
        "15:27",
        "15:43",
        "16:00",
        "16:30",
        "17:00",
        "17:40",
        "18:20",
        "18:48",
        "19:38",
        "20:00",
        "21:00"
    ],
    "url": "https://www.kanachu.co.jp/dia/diagram/timetable01_js/course:0000803964-1/node:00129373/kt:0/lname:/"
}
