{
    "date": "2026/01/16",
    "name": "三家(町田市)",
    "position": "-",
    "system": "町26",
    "destinations": [
        "木曽住宅",
        "滝の沢(町田市)",
        "浄水場前(町田市)",
        "市民病院前(町田市)",
        "森野三丁目",
        "第四小学校前(町田市)",
        "町田市役所市民ホール前",
        "町田バスセンター"
    ],
    "weekday": [
        "5:33",
        "5:48",
        "6:03",
        "6:20",
        "6:34",
        "6:46",
        "6:56",
        "7:06",
        "7:21",
        "7:31",
        "7:41",
        "7:51",
        "8:01",
        "8:16",
        "8:31",
        "8:49",
        "9:06",
        "9:26",
        "9:46",
        "10:11",
        "10:28",
        "10:46",
        "11:06",
        "11:18",
        "11:33",
        "11:46",
        "12:01",
        "12:16",
        "12:28",
        "12:40",
        "12:52",
        "13:04",
        "13:24",
        "13:44",
        "14:04",
        "14:16",
        "14:38",
        "14:56",
        "15:09",
        "15:21",
        "15:46",
        "16:01",
        "16:31",
        "17:01",
        "17:18",
        "17:31",
        "17:41",
        "17:56",
        "18:09",
        "18:21",
        "18:31",
        "18:41",
        "18:56",
        "19:09",
        "19:28",
        "19:43",
        "19:58",
        "20:28",
        "20:58",
        "21:58"
    ],
    "saturday": [
        "5:37",
        "6:08",
        "6:33",
        "6:53",
        "7:16",
        "7:26",
        "7:36",
        "7:46",
        "8:01",
        "8:16",
        "8:28",
        "8:40",
        "8:52",
        "9:04",
        "9:15",
        "9:37",
        "9:55",
        "10:15",
        "10:30",
        "10:51",
        "11:03",
        "11:20",
        "11:32",
        "11:48",
        "12:00",
        "12:18",
        "12:35",
        "12:57",
        "13:25",
        "13:55",
        "14:17",
        "14:37",
        "14:55",
        "15:20",
        "15:37",
        "15:50",
        "16:03",
        "16:20",
        "16:53",
        "17:27",
        "17:57",
        "18:27",
        "18:42",
        "19:02",
        "19:58",
        "20:13",
        "20:58",
        "21:13"
    ],
    "holiday": [
        "5:37",
        "6:38",
        "6:58",
        "7:21",
        "7:36",
        "8:01",
        "8:16",
        "8:46",
        "9:15",
        "9:27",
        "9:47",
        "10:02",
        "10:15",
        "10:35",
        "10:55",
        "11:20",
        "11:35",
        "11:51",
        "11:59",
        "12:17",
        "12:30",
        "12:45",
        "13:00",
        "13:15",
        "13:35",
        "13:55",
        "14:15",
        "14:37",
        "14:55",
        "15:15",
        "15:42",
        "15:58",
        "16:15",
        "16:45",
        "17:15",
        "17:55",
        "18:33",
        "19:01",
        "19:51",
        "20:13",
        "21:13"
    ],
    "url": "https://www.kanachu.co.jp/dia/diagram/timetable01_js/course:0000803964-12/node:00129363/kt:0/lname:/"
}
