{
    "date": "2025/04/01",
    "name": "桧台入口",
    "position": "-",
    "system": "町17",
    "destinations": [
        "木曽都営入口",
        "境川団地入口",
        "境川団地中央",
        "境川団地",
        "横町(町田市)",
        "木曽南団地",
        "町田総合高校前",
        "淡島公園入口",
        "根岸町内会館入口",
        "日向根トンネル",
        "矢部八幡前",
        "山王下(相模原市中央区)",
        "山王(相模原市中央区)",
        "小学校入口(相模原市中央区)",
        "淵野辺郵便局前",
        "幸町(相模原市中央区)",
        "淵野辺駅北口"
    ],
    "weekday": [
        "7:05",
        "8:05",
        "9:15",
        "10:15",
        "11:05",
        "12:05",
        "13:05",
        "14:05",
        "15:05",
        "16:15",
        "17:10",
        "18:20",
        "19:45"
    ],
    "saturday": [
        "7:25",
        "8:25",
        "9:25",
        "10:25",
        "11:25",
        "12:25",
        "13:25",
        "14:25",
        "15:25",
        "16:25",
        "17:25",
        "18:25",
        "19:25"
    ],
    "holiday": [
        "7:20",
        "8:20",
        "9:20",
        "10:20",
        "11:20",
        "12:20",
        "13:20",
        "14:20",
        "15:20",
        "16:20",
        "17:20",
        "18:20",
        "19:20"
    ],
    "url": "https://www.kanachu.co.jp/dia/diagram/timetable01_js/course:0000801123-6/node:00129378/kt:0/lname:/"
}
