{
    "date": "2025/04/01",
    "name": "境川団地",
    "position": "-",
    "system": "町17",
    "destinations": [
        "横町(町田市)",
        "木曽南団地",
        "町田総合高校前",
        "淡島公園入口",
        "根岸町内会館入口",
        "日向根トンネル",
        "矢部八幡前",
        "山王下(相模原市中央区)",
        "山王(相模原市中央区)",
        "小学校入口(相模原市中央区)",
        "淵野辺郵便局前",
        "幸町(相模原市中央区)",
        "淵野辺駅北口"
    ],
    "weekday": [
        "7:08",
        "8:09",
        "9:20",
        "10:20",
        "11:10",
        "12:10",
        "13:10",
        "14:10",
        "15:10",
        "16:20",
        "17:15",
        "18:25",
        "19:48"
    ],
    "saturday": [
        "7:28",
        "8:28",
        "9:28",
        "10:28",
        "11:30",
        "12:30",
        "13:30",
        "14:30",
        "15:30",
        "16:30",
        "17:30",
        "18:30",
        "19:30"
    ],
    "holiday": [
        "7:23",
        "8:23",
        "9:23",
        "10:23",
        "11:25",
        "12:25",
        "13:25",
        "14:25",
        "15:25",
        "16:25",
        "17:25",
        "18:25",
        "19:23"
    ],
    "url": "https://www.kanachu.co.jp/dia/diagram/timetable01_js/course:0000801123-10/node:00129382/kt:0/lname:/"
}
