{
    "date": "2025/04/01",
    "name": "横町(町田市)",
    "position": "-",
    "system": "町17",
    "destinations": [
        "木曽南団地",
        "町田総合高校前",
        "淡島公園入口",
        "根岸町内会館入口",
        "日向根トンネル",
        "矢部八幡前",
        "山王下(相模原市中央区)",
        "山王(相模原市中央区)",
        "小学校入口(相模原市中央区)",
        "淵野辺郵便局前",
        "幸町(相模原市中央区)",
        "淵野辺駅北口"
    ],
    "weekday": [
        "7:09",
        "8:10",
        "9:21",
        "10:21",
        "11:11",
        "12:11",
        "13:11",
        "14:11",
        "15:11",
        "16:21",
        "17:16",
        "18:26",
        "19:49"
    ],
    "saturday": [
        "7:29",
        "8:29",
        "9:29",
        "10:29",
        "11:31",
        "12:31",
        "13:31",
        "14:31",
        "15:31",
        "16:31",
        "17:31",
        "18:31",
        "19:31"
    ],
    "holiday": [
        "7:24",
        "8:24",
        "9:24",
        "10:24",
        "11:26",
        "12:26",
        "13:26",
        "14:26",
        "15:26",
        "16:26",
        "17:26",
        "18:26",
        "19:24"
    ],
    "url": "https://www.kanachu.co.jp/dia/diagram/timetable01_js/course:0000801123-11/node:00129383/kt:0/lname:/"
}
