{
    "date": "2025/04/01",
    "name": "淡島公園入口",
    "position": "-",
    "system": "町17",
    "destinations": [
        "根岸町内会館入口",
        "日向根トンネル",
        "矢部八幡前",
        "山王下(相模原市中央区)",
        "山王(相模原市中央区)",
        "小学校入口(相模原市中央区)",
        "淵野辺郵便局前",
        "幸町(相模原市中央区)",
        "淵野辺駅北口"
    ],
    "weekday": [
        "7:13",
        "8:15",
        "9:26",
        "10:26",
        "11:16",
        "12:16",
        "13:16",
        "14:16",
        "15:16",
        "16:26",
        "17:21",
        "18:31",
        "19:53"
    ],
    "saturday": [
        "7:33",
        "8:34",
        "9:34",
        "10:34",
        "11:36",
        "12:36",
        "13:36",
        "14:36",
        "15:36",
        "16:36",
        "17:36",
        "18:36",
        "19:35"
    ],
    "holiday": [
        "7:28",
        "8:28",
        "9:29",
        "10:29",
        "11:31",
        "12:31",
        "13:31",
        "14:31",
        "15:31",
        "16:31",
        "17:31",
        "18:31",
        "19:28"
    ],
    "url": "https://www.kanachu.co.jp/dia/diagram/timetable01_js/course:0000801123-14/node:00129511/kt:0/lname:/"
}
