{
    "date": "2025/04/01",
    "name": "小学校入口(相模原市中央区)",
    "position": "-",
    "system": "町17",
    "destinations": [
        "淵野辺郵便局前",
        "幸町(相模原市中央区)",
        "淵野辺駅北口"
    ],
    "weekday": [
        "7:18",
        "8:21",
        "9:31",
        "10:31",
        "11:21",
        "12:21",
        "13:21",
        "14:21",
        "15:21",
        "16:31",
        "17:27",
        "18:37",
        "19:58"
    ],
    "saturday": [
        "7:38",
        "8:39",
        "9:39",
        "10:39",
        "11:41",
        "12:41",
        "13:41",
        "14:42",
        "15:42",
        "16:42",
        "17:42",
        "18:42",
        "19:40"
    ],
    "holiday": [
        "7:33",
        "8:33",
        "9:34",
        "10:34",
        "11:36",
        "12:36",
        "13:36",
        "14:36",
        "15:36",
        "16:37",
        "17:37",
        "18:37",
        "19:33"
    ],
    "url": "https://www.kanachu.co.jp/dia/diagram/timetable01_js/course:0000801123-20/node:00129159/kt:0/lname:/"
}
