{
    "system": "町17",
    "busstops": [
        {
            "index": "1",
            "id": "00025625",
            "name": "町田バスセンター",
            "lat": "35.543379",
            "lng": "139.444411"
        },
        {
            "index": "2",
            "id": "00129356",
            "name": "町田市役所市民ホール前",
            "lat": "35.547266",
            "lng": "139.438906"
        },
        {
            "index": "3",
            "id": "00129375",
            "name": "妙延寺(町田市)",
            "lat": "35.54863",
            "lng": "139.436298"
        },
        {
            "index": "4",
            "id": "00129376",
            "name": "森野五丁目",
            "lat": "35.549978",
            "lng": "139.433682"
        },
        {
            "index": "5",
            "id": "00129377",
            "name": "森野六丁目",
            "lat": "35.551345",
            "lng": "139.431057"
        },
        {
            "index": "6",
            "id": "00129378",
            "name": "桧台入口",
            "lat": "35.552983",
            "lng": "139.428506"
        },
        {
            "index": "7",
            "id": "00129379",
            "name": "木曽都営入口",
            "lat": "35.554423",
            "lng": "139.427704"
        },
        {
            "index": "8",
            "id": "00129380",
            "name": "境川団地入口",
            "lat": "35.55721",
            "lng": "139.425674"
        },
        {
            "index": "9",
            "id": "00129381",
            "name": "境川団地中央",
            "lat": "35.559444",
            "lng": "139.4238"
        },
        {
            "index": "10",
            "id": "00129382",
            "name": "境川団地",
            "lat": "35.561869",
            "lng": "139.421858"
        },
        {
            "index": "11",
            "id": "00129383",
            "name": "横町(町田市)",
            "lat": "35.565101",
            "lng": "139.419662"
        },
        {
            "index": "12",
            "id": "00129384",
            "name": "木曽南団地",
            "lat": "35.567544",
            "lng": "139.417933"
        },
        {
            "index": "13",
            "id": "00129495",
            "name": "町田総合高校前",
            "lat": "35.570326",
            "lng": "139.415917"
        },
        {
            "index": "14",
            "id": "00129511",
            "name": "淡島公園入口",
            "lat": "35.573792",
            "lng": "139.41265"
        },
        {
            "index": "15",
            "id": "00129512",
            "name": "根岸町内会館入口",
            "lat": "35.575375",
            "lng": "139.4102"
        },
        {
            "index": "16",
            "id": "00129513",
            "name": "日向根トンネル",
            "lat": "35.577858",
            "lng": "139.406567"
        },
        {
            "index": "17",
            "id": "00130113",
            "name": "矢部八幡前",
            "lat": "35.577093",
            "lng": "139.4041"
        },
        {
            "index": "18",
            "id": "00130112",
            "name": "山王下(相模原市中央区)",
            "lat": "35.575639",
            "lng": "139.40194"
        },
        {
            "index": "19",
            "id": "00130111",
            "name": "山王(相模原市中央区)",
            "lat": "35.573684",
            "lng": "139.39994"
        },
        {
            "index": "20",
            "id": "00129159",
            "name": "小学校入口(相模原市中央区)",
            "lat": "35.572773",
            "lng": "139.398719"
        },
        {
            "index": "21",
            "id": "00129309",
            "name": "淵野辺郵便局前",
            "lat": "35.571632",
            "lng": "139.39757"
        },
        {
            "index": "22",
            "id": "00129148",
            "name": "幸町(相模原市中央区)",
            "lat": "35.570473",
            "lng": "139.396519"
        },
        {
            "index": "23",
            "id": "00129246",
            "name": "淵野辺駅北口",
            "lat": "35.569139",
            "lng": "139.394487"
        }
    ],
    "route_url": "https://www.kanachu.co.jp/dia/route/index/cid:0000801123/"
}
