{
    "date": "2025/11/16",
    "name": "萱場公園入口",
    "position": "-",
    "system": "峰02",
    "destinations": [
        "郵便局前(横浜市緑区)",
        "霧が丘センター前",
        "霧が丘高校前",
        "若葉台車庫前",
        "若葉台中央(横浜市旭区)",
        "若葉台車庫前",
        "霧が丘高校前",
        "若葉台中学校前",
        "若葉台近隣公園前",
        "若葉台南",
        "大貫橋",
        "上川井町",
        "長源寺前(横浜市旭区)",
        "宮の下(横浜市旭区)",
        "福泉寺前(横浜市旭区)",
        "川井宿",
        "下宿(横浜市旭区)",
        "都岡町",
        "農協前(横浜市旭区)",
        "筑池",
        "今宿(横浜市旭区)",
        "今宿小学校入口",
        "鶴ヶ峰中学校前",
        "薬王寺入口",
        "鶴ヶ峰本町",
        "鶴ヶ峰駅"
    ],
    "weekday": [
        "6:33",
        "7:59",
        "10:02",
        "12:02",
        "14:11",
        "16:09",
        "18:09",
        "20:04"
    ],
    "saturday": [
        "7:59",
        "9:40",
        "11:33",
        "13:32",
        "15:32",
        "17:34",
        "19:40"
    ],
    "holiday": [
        "9:38",
        "11:34",
        "13:34",
        "15:33",
        "17:33",
        "19:37"
    ],
    "url": "https://www.kanachu.co.jp/dia/diagram/timetable01_js/course:0000802216-5/node:00019301/kt:0/lname:/"
}
