{
    "date": "2025/11/16",
    "name": "若葉台車庫前",
    "position": "-",
    "system": "峰02",
    "destinations": [
        "若葉台中央(横浜市旭区)",
        "若葉台車庫前",
        "霧が丘高校前",
        "若葉台中学校前",
        "若葉台近隣公園前",
        "若葉台南",
        "大貫橋",
        "上川井町",
        "長源寺前(横浜市旭区)",
        "宮の下(横浜市旭区)",
        "福泉寺前(横浜市旭区)",
        "川井宿",
        "下宿(横浜市旭区)",
        "都岡町",
        "農協前(横浜市旭区)",
        "筑池",
        "今宿(横浜市旭区)",
        "今宿小学校入口",
        "鶴ヶ峰中学校前",
        "薬王寺入口",
        "鶴ヶ峰本町",
        "鶴ヶ峰駅"
    ],
    "weekday": [
        "6:37",
        "8:04",
        "10:06",
        "12:06",
        "14:15",
        "16:14",
        "18:14",
        "20:08"
    ],
    "saturday": [
        "8:03",
        "9:44",
        "11:38",
        "13:37",
        "15:37",
        "17:39",
        "19:45"
    ],
    "holiday": [
        "9:42",
        "11:38",
        "13:39",
        "15:38",
        "17:38",
        "19:41"
    ],
    "url": "https://www.kanachu.co.jp/dia/diagram/timetable01_js/course:0000802216-9/node:00019297/kt:0/lname:/"
}
