{
    "date": "2025/11/16",
    "name": "若葉台車庫前",
    "position": "-",
    "system": "峰02",
    "destinations": [
        "霧が丘高校前",
        "若葉台中学校前",
        "若葉台近隣公園前",
        "若葉台南",
        "大貫橋",
        "上川井町",
        "長源寺前(横浜市旭区)",
        "宮の下(横浜市旭区)",
        "福泉寺前(横浜市旭区)",
        "川井宿",
        "下宿(横浜市旭区)",
        "都岡町",
        "農協前(横浜市旭区)",
        "筑池",
        "今宿(横浜市旭区)",
        "今宿小学校入口",
        "鶴ヶ峰中学校前",
        "薬王寺入口",
        "鶴ヶ峰本町",
        "鶴ヶ峰駅"
    ],
    "weekday": [
        "6:41",
        "8:08",
        "10:10",
        "12:10",
        "14:20",
        "16:19",
        "18:18",
        "20:12"
    ],
    "saturday": [
        "8:07",
        "9:48",
        "11:42",
        "13:41",
        "15:41",
        "17:43",
        "19:49"
    ],
    "holiday": [
        "9:46",
        "11:42",
        "13:43",
        "15:42",
        "17:43",
        "19:45"
    ],
    "url": "https://www.kanachu.co.jp/dia/diagram/timetable01_js/course:0000802216-11/node:00019297/kt:0/lname:/"
}
