{
    "date": "2025/11/16",
    "name": "霧が丘高校前",
    "position": "-",
    "system": "峰02",
    "destinations": [
        "若葉台中学校前",
        "若葉台近隣公園前",
        "若葉台南",
        "大貫橋",
        "上川井町",
        "長源寺前(横浜市旭区)",
        "宮の下(横浜市旭区)",
        "福泉寺前(横浜市旭区)",
        "川井宿",
        "下宿(横浜市旭区)",
        "都岡町",
        "農協前(横浜市旭区)",
        "筑池",
        "今宿(横浜市旭区)",
        "今宿小学校入口",
        "鶴ヶ峰中学校前",
        "薬王寺入口",
        "鶴ヶ峰本町",
        "鶴ヶ峰駅"
    ],
    "weekday": [
        "6:42",
        "8:09",
        "10:11",
        "12:11",
        "14:21",
        "16:20",
        "18:19",
        "20:13"
    ],
    "saturday": [
        "8:08",
        "9:49",
        "11:43",
        "13:42",
        "15:42",
        "17:44",
        "19:50"
    ],
    "holiday": [
        "9:47",
        "11:43",
        "13:44",
        "15:43",
        "17:44",
        "19:46"
    ],
    "url": "https://www.kanachu.co.jp/dia/diagram/timetable01_js/course:0000802216-12/node:00019298/kt:0/lname:/"
}
