{
    "date": "2025/11/16",
    "name": "若葉台近隣公園前",
    "position": "-",
    "system": "峰02",
    "destinations": [
        "若葉台南",
        "大貫橋",
        "上川井町",
        "長源寺前(横浜市旭区)",
        "宮の下(横浜市旭区)",
        "福泉寺前(横浜市旭区)",
        "川井宿",
        "下宿(横浜市旭区)",
        "都岡町",
        "農協前(横浜市旭区)",
        "筑池",
        "今宿(横浜市旭区)",
        "今宿小学校入口",
        "鶴ヶ峰中学校前",
        "薬王寺入口",
        "鶴ヶ峰本町",
        "鶴ヶ峰駅"
    ],
    "weekday": [
        "6:44",
        "8:11",
        "10:13",
        "12:13",
        "14:23",
        "16:22",
        "18:21",
        "20:15"
    ],
    "saturday": [
        "8:10",
        "9:51",
        "11:45",
        "13:44",
        "15:44",
        "17:46",
        "19:52"
    ],
    "holiday": [
        "9:49",
        "11:45",
        "13:46",
        "15:45",
        "17:46",
        "19:48"
    ],
    "url": "https://www.kanachu.co.jp/dia/diagram/timetable01_js/course:0000802216-14/node:00103263/kt:0/lname:/"
}
