{
    "date": "2025/11/16",
    "name": "福泉寺前(横浜市旭区)",
    "position": "-",
    "system": "峰02",
    "destinations": [
        "川井宿",
        "下宿(横浜市旭区)",
        "都岡町",
        "農協前(横浜市旭区)",
        "筑池",
        "今宿(横浜市旭区)",
        "今宿小学校入口",
        "鶴ヶ峰中学校前",
        "薬王寺入口",
        "鶴ヶ峰本町",
        "鶴ヶ峰駅"
    ],
    "weekday": [
        "6:49",
        "8:16",
        "10:18",
        "12:18",
        "14:28",
        "16:27",
        "18:26",
        "20:20"
    ],
    "saturday": [
        "8:15",
        "9:56",
        "11:50",
        "13:49",
        "15:49",
        "17:51",
        "19:57"
    ],
    "holiday": [
        "9:54",
        "11:50",
        "13:51",
        "15:50",
        "17:51",
        "19:53"
    ],
    "url": "https://www.kanachu.co.jp/dia/diagram/timetable01_js/course:0000802216-20/node:00129710/kt:0/lname:/"
}
