{
    "date": "2025/11/16",
    "name": "川井宿",
    "position": "-",
    "system": "峰02",
    "destinations": [
        "下宿(横浜市旭区)",
        "都岡町",
        "農協前(横浜市旭区)",
        "筑池",
        "今宿(横浜市旭区)",
        "今宿小学校入口",
        "鶴ヶ峰中学校前",
        "薬王寺入口",
        "鶴ヶ峰本町",
        "鶴ヶ峰駅"
    ],
    "weekday": [
        "6:51",
        "8:18",
        "10:20",
        "12:20",
        "14:30",
        "16:29",
        "18:28",
        "20:22"
    ],
    "saturday": [
        "8:17",
        "9:58",
        "11:52",
        "13:51",
        "15:51",
        "17:53",
        "19:59"
    ],
    "holiday": [
        "9:56",
        "11:52",
        "13:53",
        "15:52",
        "17:53",
        "19:55"
    ],
    "url": "https://www.kanachu.co.jp/dia/diagram/timetable01_js/course:0000802216-21/node:00129711/kt:0/lname:/"
}
