{
    "date": "2025/11/16",
    "name": "農協前(横浜市旭区)",
    "position": "-",
    "system": "峰02",
    "destinations": [
        "筑池",
        "今宿(横浜市旭区)",
        "今宿小学校入口",
        "鶴ヶ峰中学校前",
        "薬王寺入口",
        "鶴ヶ峰本町",
        "鶴ヶ峰駅"
    ],
    "weekday": [
        "6:54",
        "8:21",
        "10:23",
        "12:23",
        "14:33",
        "16:32",
        "18:31",
        "20:25"
    ],
    "saturday": [
        "8:20",
        "10:01",
        "11:55",
        "13:54",
        "15:54",
        "17:56",
        "20:02"
    ],
    "holiday": [
        "9:59",
        "11:55",
        "13:56",
        "15:55",
        "17:56",
        "19:58"
    ],
    "url": "https://www.kanachu.co.jp/dia/diagram/timetable01_js/course:0000802216-24/node:00129714/kt:0/lname:/"
}
