{
    "date": "2025/11/16",
    "name": "筑池",
    "position": "-",
    "system": "峰02",
    "destinations": [
        "今宿(横浜市旭区)",
        "今宿小学校入口",
        "鶴ヶ峰中学校前",
        "薬王寺入口",
        "鶴ヶ峰本町",
        "鶴ヶ峰駅"
    ],
    "weekday": [
        "6:55",
        "8:22",
        "10:24",
        "12:24",
        "14:34",
        "16:33",
        "18:32",
        "20:26"
    ],
    "saturday": [
        "8:21",
        "10:02",
        "11:56",
        "13:55",
        "15:55",
        "17:57",
        "20:03"
    ],
    "holiday": [
        "10:00",
        "11:56",
        "13:57",
        "15:56",
        "17:57",
        "19:59"
    ],
    "url": "https://www.kanachu.co.jp/dia/diagram/timetable01_js/course:0000802216-25/node:00129715/kt:0/lname:/"
}
