{
    "date": "2025/11/16",
    "name": "鶴ヶ峰本町",
    "position": "-",
    "system": "峰02",
    "destinations": [
        "鶴ヶ峰駅"
    ],
    "weekday": [
        "7:01",
        "8:28",
        "10:30",
        "12:30",
        "14:40",
        "16:39",
        "18:38",
        "20:32"
    ],
    "saturday": [
        "8:27",
        "10:08",
        "12:02",
        "14:01",
        "16:01",
        "18:03",
        "20:09"
    ],
    "holiday": [
        "10:06",
        "12:02",
        "14:03",
        "16:02",
        "18:03",
        "20:05"
    ],
    "url": "https://www.kanachu.co.jp/dia/diagram/timetable01_js/course:0000802216-30/node:00129720/kt:0/lname:/"
}
