{
    "date": "2026/01/16",
    "name": "落幡",
    "position": "-",
    "system": "巻02",
    "destinations": [
        "鶴美ヶ丘",
        "東海大学前駅南口",
        "東海大学前駅入口",
        "東海大学北門",
        "学校入口(秦野市)",
        "矢名",
        "宿矢名",
        "広畑ふれあいプラザ前",
        "下大槻団地"
    ],
    "weekday": [
        "6:09",
        "7:50",
        "9:35",
        "10:33",
        "11:30",
        "12:30",
        "15:30",
        "16:30",
        "17:30",
        "18:30"
    ],
    "saturday": [
        "9:31",
        "10:31",
        "11:31",
        "12:31",
        "13:31",
        "14:31",
        "16:31",
        "17:31"
    ],
    "holiday": [
        "9:31",
        "10:31",
        "11:31",
        "12:31",
        "13:31",
        "14:31",
        "16:31",
        "17:31"
    ],
    "url": "https://www.kanachu.co.jp/dia/diagram/timetable01_js/course:0000804041-2/node:00127762/kt:0/lname:/"
}
