{
    "date": "2026/01/16",
    "name": "東海大学前駅南口",
    "position": "-",
    "system": "巻02",
    "destinations": [
        "東海大学前駅入口",
        "東海大学北門",
        "学校入口(秦野市)",
        "矢名",
        "宿矢名",
        "広畑ふれあいプラザ前",
        "下大槻団地"
    ],
    "weekday": [
        "6:13",
        "7:55",
        "9:40",
        "10:38",
        "11:35",
        "12:35",
        "15:35",
        "16:35",
        "17:35",
        "18:35"
    ],
    "saturday": [
        "9:35",
        "10:35",
        "11:35",
        "12:35",
        "13:35",
        "14:35",
        "16:35",
        "17:35"
    ],
    "holiday": [
        "9:35",
        "10:35",
        "11:35",
        "12:35",
        "13:35",
        "14:35",
        "16:35",
        "17:35"
    ],
    "url": "https://www.kanachu.co.jp/dia/diagram/timetable01_js/course:0000804041-4/node:00128055/kt:0/lname:/"
}
