{
    "date": "2026/01/16",
    "name": "矢名",
    "position": "-",
    "system": "巻02",
    "destinations": [
        "宿矢名",
        "広畑ふれあいプラザ前",
        "下大槻団地"
    ],
    "weekday": [
        "6:17",
        "7:59",
        "9:44",
        "10:42",
        "11:39",
        "12:39",
        "15:39",
        "16:39",
        "17:39",
        "18:39"
    ],
    "saturday": [
        "9:39",
        "10:39",
        "11:39",
        "12:39",
        "13:39",
        "14:39",
        "16:39",
        "17:39"
    ],
    "holiday": [
        "9:39",
        "10:39",
        "11:39",
        "12:39",
        "13:39",
        "14:39",
        "16:39",
        "17:39"
    ],
    "url": "https://www.kanachu.co.jp/dia/diagram/timetable01_js/course:0000804041-8/node:00127757/kt:0/lname:/"
}
