{
    "date": "2026/01/16",
    "name": "広畑ふれあいプラザ前",
    "position": "-",
    "system": "巻02",
    "destinations": [
        "下大槻団地"
    ],
    "weekday": [
        "6:19",
        "8:01",
        "9:46",
        "10:44",
        "11:41",
        "12:41",
        "15:41",
        "16:41",
        "17:41",
        "18:41"
    ],
    "saturday": [
        "9:41",
        "10:41",
        "11:41",
        "12:41",
        "13:41",
        "14:41",
        "16:41",
        "17:41"
    ],
    "holiday": [
        "9:41",
        "10:41",
        "11:41",
        "12:41",
        "13:41",
        "14:41",
        "16:41",
        "17:41"
    ],
    "url": "https://www.kanachu.co.jp/dia/diagram/timetable01_js/course:0000804041-10/node:00127754/kt:0/lname:/"
}
