{
    "date": "2020/05/11",
    "name": "東谷(藤沢市)",
    "position": "-",
    "system": "長41",
    "destinations": [
        "渋谷ヶ原",
        "とどろき公園",
        "渋谷ノ里",
        "こぶし荘",
        "住宅前(藤沢市下土棚)",
        "長後市民センター前",
        "長後駅西口"
    ],
    "weekday": [
        "9:01",
        "12:41",
        "16:11"
    ],
    "saturday": [
        "9:01",
        "12:41",
        "16:11"
    ],
    "holiday": [
        "9:01",
        "12:41",
        "16:11"
    ],
    "url": "https://www.kanachu.co.jp/dia/diagram/timetable01_js/course:0000801555-2/node:00129981/kt:0/lname:/"
}
