{
    "date": "2020/05/11",
    "name": "とどろき公園",
    "position": "-",
    "system": "長41",
    "destinations": [
        "渋谷ノ里",
        "こぶし荘",
        "住宅前(藤沢市下土棚)",
        "長後市民センター前",
        "長後駅西口"
    ],
    "weekday": [
        "9:03",
        "12:43",
        "16:13"
    ],
    "saturday": [
        "9:03",
        "12:43",
        "16:13"
    ],
    "holiday": [
        "9:03",
        "12:43",
        "16:13"
    ],
    "url": "https://www.kanachu.co.jp/dia/diagram/timetable01_js/course:0000801555-4/node:00130016/kt:0/lname:/"
}
