{
    "system": "長41",
    "busstops": [
        {
            "index": "1",
            "id": "00129893",
            "name": "湘南台駅西口",
            "lat": "35.396025",
            "lng": "139.46595"
        },
        {
            "index": "2",
            "id": "00129981",
            "name": "東谷(藤沢市)",
            "lat": "35.398013",
            "lng": "139.46242"
        },
        {
            "index": "3",
            "id": "00129980",
            "name": "渋谷ヶ原",
            "lat": "35.400663",
            "lng": "139.461736"
        },
        {
            "index": "4",
            "id": "00130016",
            "name": "とどろき公園",
            "lat": "35.403238",
            "lng": "139.461418"
        },
        {
            "index": "5",
            "id": "00130015",
            "name": "渋谷ノ里",
            "lat": "35.406805",
            "lng": "139.461397"
        },
        {
            "index": "6",
            "id": "00130014",
            "name": "こぶし荘",
            "lat": "35.407944",
            "lng": "139.457125"
        },
        {
            "index": "7",
            "id": "00130196",
            "name": "住宅前(藤沢市下土棚)",
            "lat": "35.410128",
            "lng": "139.4573"
        },
        {
            "index": "8",
            "id": "00129813",
            "name": "長後市民センター前",
            "lat": "35.4121",
            "lng": "139.461769"
        },
        {
            "index": "9",
            "id": "00129812",
            "name": "長後駅西口",
            "lat": "35.412711",
            "lng": "139.464886"
        }
    ],
    "route_url": "https://www.kanachu.co.jp/dia/route/index/cid:0000801555/"
}
