{
    "date": "2025/08/30",
    "name": "品濃町(横浜市戸塚区)",
    "position": "-",
    "system": "上20",
    "destinations": [
        "坂下(横浜市戸塚区)",
        "品濃口",
        "下永谷(横浜市港南区)",
        "般若寺橋",
        "中永谷",
        "水田(横浜市港南区)",
        "日限地蔵入口",
        "上永谷中学校前",
        "島越",
        "上永谷住宅入口",
        "南高校前(横浜市港南区)",
        "月見ヶ丘団地前",
        "室ノ木(横浜市港南区)",
        "港南区総合庁舎前",
        "笹下港南中央通り",
        "関の下",
        "上大岡駅"
    ],
    "weekday": [
        "7:17",
        "7:39",
        "8:13",
        "8:41",
        "9:11",
        "9:43",
        "10:11",
        "10:43",
        "11:43",
        "12:43",
        "13:13",
        "13:43",
        "14:13",
        "14:43",
        "15:13",
        "15:43",
        "16:13",
        "16:43",
        "17:13",
        "17:43",
        "18:13",
        "18:43",
        "19:23",
        "20:25",
        "21:25"
    ],
    "saturday": [
        "7:44",
        "8:43",
        "9:11",
        "9:43",
        "10:11",
        "10:43",
        "11:43",
        "12:43",
        "13:43",
        "14:43",
        "15:43",
        "16:14",
        "16:43",
        "17:13",
        "17:43",
        "18:13",
        "18:43",
        "19:13",
        "19:43",
        "20:53"
    ],
    "holiday": [
        "7:52",
        "8:43",
        "9:43",
        "10:43",
        "11:43",
        "12:43",
        "13:43",
        "14:43",
        "15:43",
        "16:43",
        "17:13",
        "17:43",
        "18:13",
        "18:43",
        "19:43",
        "20:43"
    ],
    "url": "https://www.kanachu.co.jp/dia/diagram/timetable01_js/course:0000803865-2/node:00126642/kt:0/lname:/"
}
