{
    "date": "2025/08/30",
    "name": "下永谷(横浜市港南区)",
    "position": "-",
    "system": "上202",
    "destinations": [
        "般若寺橋",
        "中永谷",
        "水田(横浜市港南区)",
        "日限地蔵入口",
        "上永谷中学校前",
        "島越",
        "上永谷住宅入口",
        "南高校前(横浜市港南区)",
        "月見ヶ丘団地前",
        "室ノ木(横浜市港南区)",
        "港南区総合庁舎前",
        "笹下港南中央通り",
        "関の下",
        "上大岡駅"
    ],
    "weekday": [
        "7:24",
        "7:47",
        "8:21",
        "8:49",
        "9:19",
        "9:51",
        "10:19",
        "10:51",
        "11:51",
        "12:51",
        "13:21",
        "13:51",
        "14:21",
        "14:51",
        "15:21",
        "15:51",
        "16:21",
        "16:51",
        "17:21",
        "17:51",
        "18:21",
        "18:51",
        "19:31",
        "20:32",
        "21:32"
    ],
    "saturday": [
        "7:51",
        "8:51",
        "9:19",
        "9:51",
        "10:19",
        "10:51",
        "11:51",
        "12:51",
        "13:51",
        "14:51",
        "15:51",
        "16:22",
        "16:51",
        "17:21",
        "17:51",
        "18:21",
        "18:51",
        "19:21",
        "19:51",
        "21:00"
    ],
    "holiday": [
        "7:59",
        "8:51",
        "9:51",
        "10:51",
        "11:51",
        "12:51",
        "13:51",
        "14:51",
        "15:51",
        "16:51",
        "17:21",
        "17:51",
        "18:21",
        "18:51",
        "19:50",
        "20:50"
    ],
    "url": "https://www.kanachu.co.jp/dia/diagram/timetable01_js/course:0000803865-5/node:00102596/kt:0/lname:/"
}
