{
    "date": "2025/08/30",
    "name": "般若寺橋",
    "position": "-",
    "system": "上20",
    "destinations": [
        "中永谷",
        "水田(横浜市港南区)",
        "日限地蔵入口",
        "上永谷中学校前",
        "島越",
        "上永谷住宅入口",
        "南高校前(横浜市港南区)",
        "月見ヶ丘団地前",
        "室ノ木(横浜市港南区)",
        "港南区総合庁舎前",
        "笹下港南中央通り",
        "関の下",
        "上大岡駅"
    ],
    "weekday": [
        "7:25",
        "7:48",
        "8:22",
        "8:50",
        "9:20",
        "9:52",
        "10:20",
        "10:52",
        "11:52",
        "12:52",
        "13:22",
        "13:52",
        "14:22",
        "14:52",
        "15:22",
        "15:52",
        "16:22",
        "16:52",
        "17:22",
        "17:52",
        "18:22",
        "18:52",
        "19:32",
        "20:33",
        "21:33"
    ],
    "saturday": [
        "7:52",
        "8:52",
        "9:20",
        "9:52",
        "10:20",
        "10:52",
        "11:52",
        "12:52",
        "13:52",
        "14:52",
        "15:52",
        "16:23",
        "16:52",
        "17:22",
        "17:52",
        "18:22",
        "18:52",
        "19:22",
        "19:52",
        "21:01"
    ],
    "holiday": [
        "8:00",
        "8:52",
        "9:52",
        "10:52",
        "11:52",
        "12:52",
        "13:52",
        "14:52",
        "15:52",
        "16:52",
        "17:22",
        "17:52",
        "18:22",
        "18:52",
        "19:51",
        "20:51"
    ],
    "url": "https://www.kanachu.co.jp/dia/diagram/timetable01_js/course:0000803865-6/node:00102927/kt:0/lname:/"
}
