{
    "date": "2025/08/30",
    "name": "水田(横浜市港南区)",
    "position": "-",
    "system": "上202",
    "destinations": [
        "日限地蔵入口",
        "上永谷中学校前",
        "島越",
        "上永谷住宅入口",
        "南高校前(横浜市港南区)",
        "月見ヶ丘団地前",
        "室ノ木(横浜市港南区)",
        "港南区総合庁舎前",
        "笹下港南中央通り",
        "関の下",
        "上大岡駅"
    ],
    "weekday": [
        "7:27",
        "7:51",
        "8:25",
        "8:53",
        "9:23",
        "9:55",
        "10:23",
        "10:55",
        "11:55",
        "12:55",
        "13:25",
        "13:55",
        "14:25",
        "14:55",
        "15:25",
        "15:55",
        "16:25",
        "16:55",
        "17:25",
        "17:55",
        "18:25",
        "18:55",
        "19:35",
        "20:35",
        "21:35"
    ],
    "saturday": [
        "7:54",
        "8:55",
        "9:23",
        "9:55",
        "10:23",
        "10:55",
        "11:55",
        "12:55",
        "13:55",
        "14:55",
        "15:55",
        "16:26",
        "16:55",
        "17:25",
        "17:55",
        "18:25",
        "18:55",
        "19:25",
        "19:55",
        "21:03"
    ],
    "holiday": [
        "8:03",
        "8:55",
        "9:55",
        "10:55",
        "11:55",
        "12:55",
        "13:55",
        "14:55",
        "15:55",
        "16:55",
        "17:25",
        "17:55",
        "18:25",
        "18:55",
        "19:53",
        "20:53"
    ],
    "url": "https://www.kanachu.co.jp/dia/diagram/timetable01_js/course:0000803865-8/node:00102646/kt:0/lname:/"
}
