{
    "date": "2025/08/30",
    "name": "日限地蔵入口",
    "position": "-",
    "system": "上20",
    "destinations": [
        "上永谷中学校前",
        "島越",
        "上永谷住宅入口",
        "南高校前(横浜市港南区)",
        "月見ヶ丘団地前",
        "室ノ木(横浜市港南区)",
        "港南区総合庁舎前",
        "笹下港南中央通り",
        "関の下",
        "上大岡駅"
    ],
    "weekday": [
        "7:28",
        "7:52",
        "8:26",
        "8:54",
        "9:24",
        "9:56",
        "10:24",
        "10:56",
        "11:56",
        "12:56",
        "13:26",
        "13:56",
        "14:26",
        "14:56",
        "15:26",
        "15:56",
        "16:26",
        "16:56",
        "17:26",
        "17:56",
        "18:26",
        "18:56",
        "19:36",
        "20:36",
        "21:36"
    ],
    "saturday": [
        "7:55",
        "8:56",
        "9:24",
        "9:56",
        "10:24",
        "10:56",
        "11:56",
        "12:56",
        "13:56",
        "14:56",
        "15:56",
        "16:27",
        "16:56",
        "17:26",
        "17:56",
        "18:26",
        "18:56",
        "19:26",
        "19:56",
        "21:04"
    ],
    "holiday": [
        "8:04",
        "8:56",
        "9:56",
        "10:56",
        "11:56",
        "12:56",
        "13:56",
        "14:56",
        "15:56",
        "16:56",
        "17:26",
        "17:56",
        "18:26",
        "18:56",
        "19:54",
        "20:54"
    ],
    "url": "https://www.kanachu.co.jp/dia/diagram/timetable01_js/course:0000803865-9/node:00102960/kt:0/lname:/"
}
