{
    "date": "2025/08/30",
    "name": "上永谷住宅入口",
    "position": "-",
    "system": "上20",
    "destinations": [
        "南高校前(横浜市港南区)",
        "月見ヶ丘団地前",
        "室ノ木(横浜市港南区)",
        "港南区総合庁舎前",
        "笹下港南中央通り",
        "関の下",
        "上大岡駅"
    ],
    "weekday": [
        "7:32",
        "7:57",
        "8:31",
        "8:59",
        "9:29",
        "10:01",
        "10:29",
        "11:01",
        "12:01",
        "13:01",
        "13:31",
        "14:01",
        "14:31",
        "15:01",
        "15:31",
        "16:01",
        "16:31",
        "17:01",
        "17:31",
        "18:01",
        "18:31",
        "19:01",
        "19:41",
        "20:40",
        "21:40"
    ],
    "saturday": [
        "7:59",
        "9:01",
        "9:29",
        "10:01",
        "10:29",
        "11:01",
        "12:01",
        "13:01",
        "14:01",
        "15:01",
        "16:01",
        "16:32",
        "17:01",
        "17:31",
        "18:01",
        "18:31",
        "19:01",
        "19:31",
        "20:01",
        "21:08"
    ],
    "holiday": [
        "8:09",
        "9:01",
        "10:01",
        "11:01",
        "12:01",
        "13:01",
        "14:01",
        "15:01",
        "16:01",
        "17:01",
        "17:31",
        "18:01",
        "18:31",
        "19:01",
        "19:58",
        "20:58"
    ],
    "url": "https://www.kanachu.co.jp/dia/diagram/timetable01_js/course:0000803865-12/node:00126572/kt:0/lname:/"
}
