{
    "date": "2025/08/30",
    "name": "関の下",
    "position": "-",
    "system": "上202",
    "destinations": [
        "上大岡駅"
    ],
    "weekday": [
        "7:40",
        "8:05",
        "8:39",
        "9:07",
        "9:37",
        "10:09",
        "10:37",
        "11:09",
        "12:09",
        "13:09",
        "13:39",
        "14:09",
        "14:39",
        "15:09",
        "15:39",
        "16:09",
        "16:39",
        "17:09",
        "17:39",
        "18:09",
        "18:39",
        "19:09",
        "19:49",
        "20:47",
        "21:47"
    ],
    "saturday": [
        "8:07",
        "9:09",
        "9:37",
        "10:09",
        "10:37",
        "11:09",
        "12:09",
        "13:09",
        "14:09",
        "15:09",
        "16:09",
        "16:40",
        "17:09",
        "17:39",
        "18:09",
        "18:39",
        "19:09",
        "19:39",
        "20:08",
        "21:15"
    ],
    "holiday": [
        "8:17",
        "9:09",
        "10:09",
        "11:09",
        "12:09",
        "13:09",
        "14:09",
        "15:09",
        "16:09",
        "17:09",
        "17:39",
        "18:09",
        "18:39",
        "19:09",
        "20:05",
        "21:05"
    ],
    "url": "https://www.kanachu.co.jp/dia/diagram/timetable01_js/course:0000803865-18/node:00102671/kt:0/lname:/"
}
