{
    "date": "2025/04/19",
    "name": "グッディプレイス前",
    "position": "-",
    "system": "相36",
    "destinations": [
        "清新中学校前",
        "清新中央",
        "清新六丁目",
        "昭和電線前",
        "日電寮前",
        "下九沢団地"
    ],
    "weekday": [
        "6:38",
        "7:38",
        "8:38",
        "9:38",
        "10:38",
        "11:38",
        "12:38",
        "13:38",
        "14:38",
        "15:38",
        "16:38",
        "17:38",
        "18:38",
        "19:38"
    ],
    "saturday": [
        "8:38",
        "9:38",
        "12:38",
        "13:38",
        "16:38",
        "17:38",
        "18:38",
        "19:38"
    ],
    "holiday": [
        "8:38",
        "9:38",
        "12:38",
        "13:38",
        "16:38",
        "17:38",
        "18:38",
        "19:38"
    ],
    "url": "https://www.kanachu.co.jp/dia/diagram/timetable01_js/course:0000802368-3/node:00129230/kt:0/lname:/"
}
