{
    "date": "2025/04/19",
    "name": "清新中学校前",
    "position": "-",
    "system": "相36",
    "destinations": [
        "清新中央",
        "清新六丁目",
        "昭和電線前",
        "日電寮前",
        "下九沢団地"
    ],
    "weekday": [
        "6:39",
        "7:39",
        "8:39",
        "9:39",
        "10:39",
        "11:39",
        "12:39",
        "13:39",
        "14:39",
        "15:39",
        "16:39",
        "17:39",
        "18:39",
        "19:39"
    ],
    "saturday": [
        "8:39",
        "9:39",
        "12:39",
        "13:39",
        "16:39",
        "17:39",
        "18:39",
        "19:39"
    ],
    "holiday": [
        "8:39",
        "9:39",
        "12:39",
        "13:39",
        "16:39",
        "17:39",
        "18:39",
        "19:39"
    ],
    "url": "https://www.kanachu.co.jp/dia/diagram/timetable01_js/course:0000802368-4/node:00129175/kt:0/lname:/"
}
