{
    "date": "2025/04/19",
    "name": "清新中央",
    "position": "-",
    "system": "相36",
    "destinations": [
        "清新六丁目",
        "昭和電線前",
        "日電寮前",
        "下九沢団地"
    ],
    "weekday": [
        "6:40",
        "7:40",
        "8:40",
        "9:40",
        "10:40",
        "11:40",
        "12:40",
        "13:40",
        "14:40",
        "15:40",
        "16:40",
        "17:40",
        "18:40",
        "19:40"
    ],
    "saturday": [
        "8:40",
        "9:40",
        "12:40",
        "13:40",
        "16:40",
        "17:40",
        "18:40",
        "19:40"
    ],
    "holiday": [
        "8:40",
        "9:40",
        "12:40",
        "13:40",
        "16:40",
        "17:40",
        "18:40",
        "19:40"
    ],
    "url": "https://www.kanachu.co.jp/dia/diagram/timetable01_js/course:0000802368-5/node:00129172/kt:0/lname:/"
}
