{
    "date": "2025/04/19",
    "name": "日電寮前",
    "position": "-",
    "system": "相36",
    "destinations": [
        "下九沢団地"
    ],
    "weekday": [
        "6:44",
        "7:47",
        "8:44",
        "9:44",
        "10:44",
        "11:44",
        "12:44",
        "13:44",
        "14:44",
        "15:44",
        "16:44",
        "17:47",
        "18:47",
        "19:44"
    ],
    "saturday": [
        "8:44",
        "9:44",
        "12:44",
        "13:44",
        "16:44",
        "17:44",
        "18:44",
        "19:44"
    ],
    "holiday": [
        "8:44",
        "9:44",
        "12:44",
        "13:44",
        "16:44",
        "17:44",
        "18:44",
        "19:44"
    ],
    "url": "https://www.kanachu.co.jp/dia/diagram/timetable01_js/course:0000802368-8/node:00129213/kt:0/lname:/"
}
