{
    "date": "2025/04/01",
    "name": "津久井高校前",
    "position": "-",
    "system": "三56",
    "destinations": [
        "三ヶ木新宿",
        "青山(相模原市緑区)",
        "津久井クリーンセンター前",
        "鮑子取入口",
        "地蔵前(相模原市緑区)",
        "橋野沢",
        "前戸",
        "牧馬入口",
        "梶野",
        "青野原",
        "上原(相模原市緑区)",
        "青和学園前",
        "青野原診療所前",
        "東開戸",
        "焼山登山口",
        "西野々(相模原市緑区)",
        "伏馬田入口",
        "夫婦園",
        "荒井(相模原市緑区)",
        "平丸",
        "橋津原",
        "青根公民館前",
        "東野(相模原市緑区)",
        "青根諏訪神社前",
        "上野田(相模原市緑区)",
        "大川原入口",
        "音久和",
        "神の川入口",
        "月夜野"
    ],
    "weekday": [
        "7:40",
        "12:10"
    ],
    "saturday": [
        "7:00",
        "15:30"
    ],
    "holiday": [
        "7:00",
        "15:30"
    ],
    "url": "https://www.kanachu.co.jp/dia/diagram/timetable01_js/course:0000803759-2/node:00128751/kt:0/lname:/"
}
