{
    "date": "2025/04/01",
    "name": "橋野沢",
    "position": "-",
    "system": "三56",
    "destinations": [
        "前戸",
        "牧馬入口",
        "梶野",
        "青野原",
        "上原(相模原市緑区)",
        "青和学園前",
        "青野原診療所前",
        "東開戸",
        "焼山登山口",
        "西野々(相模原市緑区)",
        "伏馬田入口",
        "夫婦園",
        "荒井(相模原市緑区)",
        "平丸",
        "橋津原",
        "青根公民館前",
        "東野(相模原市緑区)",
        "青根諏訪神社前",
        "上野田(相模原市緑区)",
        "大川原入口",
        "音久和",
        "神の川入口",
        "月夜野"
    ],
    "weekday": [
        "7:46",
        "12:16"
    ],
    "saturday": [
        "7:06",
        "15:36"
    ],
    "holiday": [
        "7:06",
        "15:36"
    ],
    "url": "https://www.kanachu.co.jp/dia/diagram/timetable01_js/course:0000803759-8/node:00128757/kt:0/lname:/"
}
