{
    "date": "2025/04/01",
    "name": "伏馬田入口",
    "position": "-",
    "system": "三56",
    "destinations": [
        "夫婦園",
        "荒井(相模原市緑区)",
        "平丸",
        "橋津原",
        "青根公民館前",
        "東野(相模原市緑区)",
        "青根諏訪神社前",
        "上野田(相模原市緑区)",
        "大川原入口",
        "音久和",
        "神の川入口",
        "月夜野"
    ],
    "weekday": [
        "7:59",
        "12:29"
    ],
    "saturday": [
        "7:19",
        "15:49"
    ],
    "holiday": [
        "7:19",
        "15:49"
    ],
    "url": "https://www.kanachu.co.jp/dia/diagram/timetable01_js/course:0000803759-19/node:00128768/kt:0/lname:/"
}
