{
    "date": "2025/04/01",
    "name": "青根諏訪神社前",
    "position": "-",
    "system": "三56",
    "destinations": [
        "上野田(相模原市緑区)",
        "大川原入口",
        "音久和",
        "神の川入口",
        "月夜野"
    ],
    "weekday": [
        "8:14",
        "12:44"
    ],
    "saturday": [
        "7:34",
        "16:04"
    ],
    "holiday": [
        "7:34",
        "16:04"
    ],
    "url": "https://www.kanachu.co.jp/dia/diagram/timetable01_js/course:0000803759-26/node:00128775/kt:0/lname:/"
}
