{
    "date": "2025/04/01",
    "name": "上野田(相模原市緑区)",
    "position": "-",
    "system": "三56",
    "destinations": [
        "大川原入口",
        "音久和",
        "神の川入口",
        "月夜野"
    ],
    "weekday": [
        "8:15",
        "12:45"
    ],
    "saturday": [
        "7:35",
        "16:05"
    ],
    "holiday": [
        "7:35",
        "16:05"
    ],
    "url": "https://www.kanachu.co.jp/dia/diagram/timetable01_js/course:0000803759-27/node:00128776/kt:0/lname:/"
}
