{
    "date": "2025/10/20",
    "name": "望地(海老名市)",
    "position": "-",
    "system": "海03",
    "destinations": [
        "県営団地入口(海老名市)",
        "赤坂(海老名市)",
        "パブコ前",
        "天野原",
        "東建ハイツ前",
        "かしわ台駅"
    ],
    "weekday": [
        "7:45",
        "8:40",
        "9:30",
        "12:00",
        "12:55",
        "13:55",
        "16:45",
        "17:35"
    ],
    "saturday": [
        "8:25",
        "9:15",
        "12:00",
        "12:55",
        "13:40",
        "16:40",
        "17:35",
        "18:35"
    ],
    "holiday": [
        "8:25",
        "9:15",
        "12:00",
        "12:55",
        "13:40",
        "16:40",
        "17:35",
        "18:35"
    ],
    "url": "https://www.kanachu.co.jp/dia/diagram/timetable01_js/course:0000800784-5/node:00128615/kt:0/lname:/"
}
