{
    "date": "2025/11/16",
    "name": "霧が丘高校前",
    "position": "-",
    "system": "",
    "destinations": [
        "若葉台中学校前",
        "若葉台近隣公園前",
        "若葉台南",
        "地区公園",
        "若葉台中央(横浜市旭区)"
    ],
    "weekday": [
        "6:12",
        "6:34",
        "7:00",
        "7:18",
        "7:36",
        "7:51",
        "8:14",
        "8:30",
        "8:50",
        "9:10",
        "9:27",
        "9:56",
        "10:27",
        "16:59",
        "17:29",
        "17:59",
        "18:29",
        "18:59",
        "19:28",
        "19:58",
        "20:28",
        "20:58",
        "22:02"
    ],
    "saturday": [],
    "holiday": [],
    "url": "https://www.kanachu.co.jp/dia/diagram/timetable01_js/course:0000802209-8/node:00019298/kt:0/lname:/"
}
