{
    "date": "2025/11/16",
    "name": "若葉台近隣公園前",
    "position": "-",
    "system": "",
    "destinations": [
        "若葉台南",
        "地区公園",
        "若葉台中央(横浜市旭区)"
    ],
    "weekday": [
        "6:14",
        "6:36",
        "7:02",
        "7:20",
        "7:38",
        "7:53",
        "8:16",
        "8:32",
        "8:52",
        "9:12",
        "9:29",
        "9:58",
        "10:29",
        "17:01",
        "17:31",
        "18:01",
        "18:31",
        "19:01",
        "19:30",
        "20:00",
        "20:30",
        "21:00",
        "22:04"
    ],
    "saturday": [],
    "holiday": [],
    "url": "https://www.kanachu.co.jp/dia/diagram/timetable01_js/course:0000802209-10/node:00103263/kt:0/lname:/"
}
