{
    "date": "2025/11/16",
    "name": "地区公園",
    "position": "-",
    "system": "",
    "destinations": [
        "若葉台中央(横浜市旭区)"
    ],
    "weekday": [
        "6:17",
        "6:39",
        "7:05",
        "7:23",
        "7:41",
        "7:56",
        "8:19",
        "8:35",
        "8:55",
        "9:15",
        "9:32",
        "10:01",
        "10:32",
        "17:04",
        "17:34",
        "18:04",
        "18:34",
        "19:04",
        "19:33",
        "20:03",
        "20:33",
        "21:03",
        "22:07"
    ],
    "saturday": [],
    "holiday": [],
    "url": "https://www.kanachu.co.jp/dia/diagram/timetable01_js/course:0000802209-12/node:00102729/kt:0/lname:/"
}
