{
    "date": "2025/05/11",
    "name": "みどりが丘南",
    "position": "-",
    "system": "船09",
    "destinations": [
        "みどりが丘(横浜市栄区)",
        "みどりが丘東"
    ],
    "weekday": [
        "7:32",
        "8:10",
        "8:32",
        "8:57",
        "9:39",
        "10:07",
        "10:37",
        "11:07",
        "11:37",
        "12:07",
        "12:37",
        "13:07",
        "13:37",
        "14:07",
        "14:37",
        "15:07",
        "15:37",
        "16:07",
        "16:37",
        "17:07",
        "17:37",
        "18:07",
        "18:37",
        "19:07",
        "19:36",
        "19:51",
        "20:19",
        "20:49",
        "21:19",
        "22:07",
        "22:49"
    ],
    "saturday": [
        "8:27",
        "9:07",
        "9:47",
        "10:31",
        "11:11",
        "11:41",
        "12:31",
        "13:11",
        "13:51",
        "14:31",
        "15:11",
        "15:51",
        "16:31",
        "17:11",
        "17:51",
        "18:26",
        "18:56",
        "19:26",
        "20:05",
        "20:24",
        "21:24"
    ],
    "holiday": [
        "8:27",
        "9:07",
        "9:47",
        "10:31",
        "11:11",
        "11:41",
        "12:31",
        "13:11",
        "13:51",
        "14:31",
        "15:11",
        "15:51",
        "16:31",
        "17:11",
        "17:51",
        "18:26",
        "18:56",
        "19:26",
        "20:05",
        "20:24",
        "21:24"
    ],
    "url": "https://www.kanachu.co.jp/dia/diagram/timetable01_js/course:0000802788-20/node:00126528/kt:0/lname:/"
}
