{
    "date": "2024/03/16",
    "name": "木曽住宅",
    "position": "-",
    "system": "町45",
    "destinations": [
        "滝の沢(町田市)",
        "浄水場前(町田市)",
        "市民病院前(町田市)",
        "森野三丁目",
        "第四小学校前(町田市)",
        "町田市役所市民ホール前",
        "町田バスセンター"
    ],
    "weekday": [
        "8:19",
        "16:04",
        "16:29",
        "18:19"
    ],
    "saturday": [],
    "holiday": [],
    "url": "https://www.kanachu.co.jp/dia/diagram/timetable01_js/course:0000803195-14/node:00129362/kt:0/lname:/"
}
