{
    "date": "2025/11/16",
    "name": "白根公民館前",
    "position": "-",
    "system": "伊54",
    "destinations": [
        "白根",
        "八雲神社前(伊勢原市)",
        "板戸",
        "大神宮前",
        "本町(伊勢原市)",
        "伊勢原駅北口"
    ],
    "weekday": [
        "5:41",
        "6:15",
        "7:05",
        "17:37"
    ],
    "saturday": [
        "6:18",
        "7:18"
    ],
    "holiday": [
        "6:18",
        "7:18"
    ],
    "url": "https://www.kanachu.co.jp/dia/diagram/timetable01_js/course:0000800611-3/node:00128133/kt:0/lname:/"
}
