{
    "date": "2025/11/16",
    "name": "白根",
    "position": "-",
    "system": "伊54",
    "destinations": [
        "八雲神社前(伊勢原市)",
        "板戸",
        "大神宮前",
        "本町(伊勢原市)",
        "伊勢原駅北口"
    ],
    "weekday": [
        "5:42",
        "6:16",
        "7:06",
        "17:38"
    ],
    "saturday": [
        "6:19",
        "7:19"
    ],
    "holiday": [
        "6:19",
        "7:19"
    ],
    "url": "https://www.kanachu.co.jp/dia/diagram/timetable01_js/course:0000800611-4/node:00128132/kt:0/lname:/"
}
