{
    "system": "伊54",
    "busstops": [
        {
            "index": "1",
            "id": "00128141",
            "name": "伊勢原車庫",
            "lat": "35.393352",
            "lng": "139.293691"
        },
        {
            "index": "2",
            "id": "00128142",
            "name": "団地北(伊勢原市)",
            "lat": "35.395361",
            "lng": "139.291748"
        },
        {
            "index": "3",
            "id": "00128133",
            "name": "白根公民館前",
            "lat": "35.397788",
            "lng": "139.294181"
        },
        {
            "index": "4",
            "id": "00128132",
            "name": "白根",
            "lat": "35.39842",
            "lng": "139.297059"
        },
        {
            "index": "5",
            "id": "00128131",
            "name": "八雲神社前(伊勢原市)",
            "lat": "35.399087",
            "lng": "139.299387"
        },
        {
            "index": "6",
            "id": "00128130",
            "name": "板戸",
            "lat": "35.400027",
            "lng": "139.302165"
        },
        {
            "index": "7",
            "id": "00128129",
            "name": "大神宮前",
            "lat": "35.399561",
            "lng": "139.305091"
        },
        {
            "index": "8",
            "id": "00128128",
            "name": "本町(伊勢原市)",
            "lat": "35.397447",
            "lng": "139.309145"
        },
        {
            "index": "9",
            "id": "00128127",
            "name": "伊勢原駅北口",
            "lat": "35.39652",
            "lng": "139.313281"
        }
    ],
    "route_url": "https://www.kanachu.co.jp/dia/route/index/cid:0000800611/"
}
