{
    "date": "2025/07/27",
    "name": "桜橋(秦野市)",
    "position": "-",
    "system": "秦17",
    "destinations": [
        "本町中学校前",
        "富士見町入口",
        "富士見橋・警察署入口",
        "消防庁舎前",
        "榎木堂",
        "くず葉大橋北",
        "くず葉台団地入口",
        "小原入口",
        "上宿下",
        "上宿会館前",
        "西田原八幡神社前",
        "扇沢(秦野市)",
        "羽根"
    ],
    "weekday": [
        "6:23",
        "6:45",
        "7:02",
        "7:29",
        "7:47",
        "8:19",
        "8:37",
        "9:08",
        "10:00",
        "10:47",
        "11:31",
        "12:20",
        "13:08",
        "14:00",
        "14:46",
        "15:36",
        "16:31",
        "17:07",
        "17:53",
        "18:16",
        "18:43",
        "19:03",
        "19:20",
        "19:43",
        "20:02",
        "20:32",
        "21:10",
        "21:48",
        "22:36"
    ],
    "saturday": [
        "7:02",
        "7:42",
        "8:02",
        "8:22",
        "8:42",
        "9:07",
        "9:52",
        "10:32",
        "11:16",
        "12:07",
        "12:50",
        "13:37",
        "14:29",
        "15:20",
        "16:07",
        "16:32",
        "17:21",
        "18:12",
        "18:57",
        "19:37",
        "20:20",
        "20:42",
        "21:22",
        "21:59"
    ],
    "holiday": [
        "7:02",
        "7:42",
        "8:02",
        "8:22",
        "8:42",
        "9:07",
        "9:52",
        "10:32",
        "11:16",
        "12:07",
        "12:50",
        "13:37",
        "14:29",
        "15:20",
        "16:07",
        "16:32",
        "17:21",
        "18:12",
        "18:57",
        "19:37",
        "20:20",
        "20:42",
        "21:22",
        "21:59"
    ],
    "url": "https://www.kanachu.co.jp/dia/diagram/timetable01_js/course:0000803749-4/node:00127912/kt:0/lname:/"
}
