{
    "date": "2025/07/27",
    "name": "くず葉大橋北",
    "position": "-",
    "system": "秦17",
    "destinations": [
        "くず葉台団地入口",
        "小原入口",
        "上宿下",
        "上宿会館前",
        "西田原八幡神社前",
        "扇沢(秦野市)",
        "羽根"
    ],
    "weekday": [
        "6:29",
        "6:51",
        "7:08",
        "7:35",
        "7:53",
        "8:25",
        "8:43",
        "9:14",
        "10:06",
        "10:53",
        "11:37",
        "12:26",
        "13:14",
        "14:06",
        "14:52",
        "15:42",
        "16:37",
        "17:13",
        "17:59",
        "18:22",
        "18:49",
        "19:09",
        "19:26",
        "19:49",
        "20:08",
        "20:38",
        "21:16",
        "21:54",
        "22:42"
    ],
    "saturday": [
        "7:08",
        "7:48",
        "8:08",
        "8:28",
        "8:48",
        "9:13",
        "9:58",
        "10:38",
        "11:22",
        "12:13",
        "12:56",
        "13:43",
        "14:35",
        "15:26",
        "16:13",
        "16:38",
        "17:27",
        "18:18",
        "19:03",
        "19:43",
        "20:26",
        "20:48",
        "21:28",
        "22:05"
    ],
    "holiday": [
        "7:08",
        "7:48",
        "8:08",
        "8:28",
        "8:48",
        "9:13",
        "9:58",
        "10:38",
        "11:22",
        "12:13",
        "12:56",
        "13:43",
        "14:35",
        "15:26",
        "16:13",
        "16:38",
        "17:27",
        "18:18",
        "19:03",
        "19:43",
        "20:26",
        "20:48",
        "21:28",
        "22:05"
    ],
    "url": "https://www.kanachu.co.jp/dia/diagram/timetable01_js/course:0000803749-10/node:00128040/kt:0/lname:/"
}
