{
    "date": "2025/07/27",
    "name": "扇沢(秦野市)",
    "position": "-",
    "system": "秦17",
    "destinations": [
        "羽根"
    ],
    "weekday": [
        "6:35",
        "6:57",
        "7:14",
        "7:41",
        "7:59",
        "8:31",
        "8:49",
        "9:20",
        "10:12",
        "10:59",
        "11:43",
        "12:32",
        "13:20",
        "14:12",
        "14:58",
        "15:48",
        "16:43",
        "17:19",
        "18:05",
        "18:28",
        "18:55",
        "19:15",
        "19:32",
        "19:55",
        "20:14",
        "20:44",
        "21:22",
        "22:00",
        "22:48"
    ],
    "saturday": [
        "7:14",
        "7:54",
        "8:14",
        "8:34",
        "8:54",
        "9:19",
        "10:04",
        "10:44",
        "11:28",
        "12:19",
        "13:02",
        "13:49",
        "14:41",
        "15:32",
        "16:19",
        "16:44",
        "17:33",
        "18:24",
        "19:09",
        "19:49",
        "20:32",
        "20:54",
        "21:34",
        "22:11"
    ],
    "holiday": [
        "7:14",
        "7:54",
        "8:14",
        "8:34",
        "8:54",
        "9:19",
        "10:04",
        "10:44",
        "11:28",
        "12:19",
        "13:02",
        "13:49",
        "14:41",
        "15:32",
        "16:19",
        "16:44",
        "17:33",
        "18:24",
        "19:09",
        "19:49",
        "20:32",
        "20:54",
        "21:34",
        "22:11"
    ],
    "url": "https://www.kanachu.co.jp/dia/diagram/timetable01_js/course:0000803749-16/node:00128046/kt:0/lname:/"
}
