{
    "date": "2024/09/02",
    "name": "戸塚バスセンター",
    "position": "-",
    "system": "戸79",
    "destinations": [
        "矢沢(横浜市戸塚区)",
        "アザリエ団地入口",
        "日産前(横浜市戸塚区)",
        "踊場",
        "谷戸矢部入口",
        "鳥が丘南",
        "鳥が丘小学校入口",
        "戸塚斎場前",
        "領家中学校前",
        "白百合台団地",
        "西が岡三丁目",
        "福祉センター前(横浜市泉区)",
        "西が岡一丁目",
        "親善病院前",
        "弥生台駅"
    ],
    "weekday": [
        "6:31",
        "7:00",
        "7:20",
        "7:43",
        "8:05",
        "8:20",
        "8:50",
        "9:20",
        "9:50",
        "10:20",
        "11:00",
        "11:40",
        "12:20",
        "13:00",
        "13:40",
        "14:20",
        "15:00",
        "15:40",
        "16:20",
        "16:50",
        "17:20",
        "17:50",
        "18:20",
        "18:50",
        "19:20",
        "19:50",
        "20:30",
        "21:10",
        "21:57"
    ],
    "saturday": [
        "7:05",
        "8:05",
        "8:55",
        "9:35",
        "10:15",
        "10:55",
        "11:35",
        "12:15",
        "12:55",
        "13:35",
        "14:15",
        "14:55",
        "15:35",
        "16:15",
        "16:55",
        "17:35",
        "18:15",
        "18:55",
        "19:35",
        "20:15",
        "21:20"
    ],
    "holiday": [
        "7:05",
        "8:05",
        "8:55",
        "9:35",
        "10:15",
        "10:55",
        "11:35",
        "12:15",
        "12:55",
        "13:35",
        "14:15",
        "14:55",
        "15:35",
        "16:15",
        "16:55",
        "17:35",
        "18:15",
        "18:55",
        "19:35",
        "20:15",
        "21:20"
    ],
    "url": "https://www.kanachu.co.jp/dia/diagram/timetable01_js/course:0000803544-1/node:00126775/kt:0/lname:/"
}
