{
    "date": "2024/09/02",
    "name": "鳥が丘南",
    "position": "-",
    "system": "戸79",
    "destinations": [
        "鳥が丘小学校入口",
        "戸塚斎場前",
        "領家中学校前",
        "白百合台団地",
        "西が岡三丁目",
        "福祉センター前(横浜市泉区)",
        "西が岡一丁目",
        "親善病院前",
        "弥生台駅"
    ],
    "weekday": [
        "6:39",
        "7:08",
        "7:28",
        "7:51",
        "8:13",
        "8:28",
        "8:58",
        "9:28",
        "9:58",
        "10:28",
        "11:08",
        "11:48",
        "12:28",
        "13:08",
        "13:48",
        "14:28",
        "15:08",
        "15:48",
        "16:28",
        "16:58",
        "17:28",
        "17:58",
        "18:28",
        "18:58",
        "19:28",
        "19:58",
        "20:38",
        "21:18",
        "22:05"
    ],
    "saturday": [
        "7:13",
        "8:13",
        "9:03",
        "9:43",
        "10:23",
        "11:03",
        "11:43",
        "12:23",
        "13:03",
        "13:43",
        "14:23",
        "15:03",
        "15:43",
        "16:23",
        "17:03",
        "17:43",
        "18:23",
        "19:03",
        "19:43",
        "20:23",
        "21:28"
    ],
    "holiday": [
        "7:13",
        "8:13",
        "9:03",
        "9:43",
        "10:23",
        "11:03",
        "11:43",
        "12:23",
        "13:03",
        "13:43",
        "14:23",
        "15:03",
        "15:43",
        "16:23",
        "17:03",
        "17:43",
        "18:23",
        "19:03",
        "19:43",
        "20:23",
        "21:28"
    ],
    "url": "https://www.kanachu.co.jp/dia/diagram/timetable01_js/course:0000803544-7/node:00126858/kt:0/lname:/"
}
