{
    "date": "2025/07/12",
    "name": "大船駅西口",
    "position": "-",
    "system": "船32",
    "destinations": [
        "児童公園前(鎌倉市)",
        "玉縄行政センター入口",
        "岡本(鎌倉市)",
        "公会堂前(鎌倉市)",
        "植木(鎌倉市)",
        "久成寺前",
        "渡内第三会館前",
        "渡内",
        "藤ヶ岡中学校前",
        "柄沢橋",
        "公民館前(藤沢市大鋸)",
        "山王神社前",
        "藤沢橋",
        "藤沢小学校前",
        "南仲通り",
        "相生町(藤沢市)",
        "三富士町",
        "藤沢駅北口"
    ],
    "weekday": [
        "6:20",
        "6:50",
        "7:10",
        "7:25",
        "7:40",
        "7:55",
        "8:10",
        "8:24",
        "8:32",
        "8:40",
        "8:50",
        "9:00",
        "9:10",
        "9:25",
        "9:45",
        "10:05",
        "10:25",
        "10:45",
        "11:05",
        "11:25",
        "11:45",
        "12:05",
        "12:25",
        "12:45",
        "13:05",
        "13:25",
        "13:45",
        "14:05",
        "14:25",
        "14:45",
        "15:05",
        "15:25",
        "15:45",
        "16:05",
        "16:25",
        "16:40",
        "16:55",
        "17:10",
        "17:25",
        "17:55",
        "18:07",
        "18:19",
        "18:43",
        "18:55",
        "19:10",
        "19:40",
        "19:55",
        "20:10",
        "20:50",
        "21:10",
        "21:40",
        "22:10",
        "22:40",
        "23:12",
        "23:55"
    ],
    "saturday": [
        "6:30",
        "7:00",
        "7:25",
        "7:45",
        "8:05",
        "8:25",
        "8:45",
        "9:05",
        "9:25",
        "9:45",
        "10:05",
        "10:25",
        "10:45",
        "11:05",
        "11:25",
        "11:45",
        "12:05",
        "12:25",
        "12:45",
        "13:05",
        "13:25",
        "13:45",
        "14:05",
        "14:25",
        "14:45",
        "15:05",
        "15:25",
        "15:45",
        "16:05",
        "16:25",
        "16:45",
        "17:05",
        "17:25",
        "17:45",
        "18:05",
        "18:25",
        "18:45",
        "19:05",
        "19:25",
        "19:45",
        "20:05",
        "20:25",
        "20:48",
        "21:10",
        "21:40",
        "22:10",
        "22:40",
        "23:12"
    ],
    "holiday": [
        "6:30",
        "7:00",
        "7:25",
        "7:45",
        "8:05",
        "8:25",
        "8:45",
        "9:05",
        "9:25",
        "9:45",
        "10:05",
        "10:25",
        "10:45",
        "11:05",
        "11:25",
        "11:45",
        "12:05",
        "12:25",
        "12:45",
        "13:05",
        "13:25",
        "13:45",
        "14:05",
        "14:25",
        "14:45",
        "15:05",
        "15:25",
        "15:45",
        "16:05",
        "16:25",
        "16:45",
        "17:05",
        "17:25",
        "17:45",
        "18:05",
        "18:25",
        "18:45",
        "19:05",
        "19:25",
        "19:45",
        "20:05",
        "20:25",
        "20:48",
        "21:10",
        "21:40",
        "22:10",
        "22:40",
        "23:12"
    ],
    "url": "https://www.kanachu.co.jp/dia/diagram/timetable01_js/course:0000802830-1/node:00126855/kt:0/lname:/"
}
