{
    "date": "2025/07/12",
    "name": "玉縄行政センター入口",
    "position": "-",
    "system": "船32",
    "destinations": [
        "岡本(鎌倉市)",
        "公会堂前(鎌倉市)",
        "植木(鎌倉市)",
        "久成寺前",
        "渡内第三会館前",
        "渡内",
        "藤ヶ岡中学校前",
        "柄沢橋",
        "公民館前(藤沢市大鋸)",
        "山王神社前",
        "藤沢橋",
        "藤沢小学校前",
        "南仲通り",
        "相生町(藤沢市)",
        "三富士町",
        "藤沢駅北口"
    ],
    "weekday": [
        "6:22",
        "6:52",
        "7:12",
        "7:27",
        "7:42",
        "7:57",
        "8:12",
        "8:26",
        "8:34",
        "8:42",
        "8:52",
        "9:02",
        "9:12",
        "9:27",
        "9:47",
        "10:07",
        "10:27",
        "10:47",
        "11:07",
        "11:27",
        "11:47",
        "12:07",
        "12:27",
        "12:47",
        "13:07",
        "13:27",
        "13:47",
        "14:07",
        "14:27",
        "14:47",
        "15:07",
        "15:27",
        "15:47",
        "16:07",
        "16:27",
        "16:42",
        "16:57",
        "17:12",
        "17:27",
        "17:57",
        "18:09",
        "18:21",
        "18:45",
        "18:57",
        "19:12",
        "19:42",
        "19:57",
        "20:12",
        "20:52",
        "21:12",
        "21:42",
        "22:12",
        "22:42",
        "23:14",
        "23:57"
    ],
    "saturday": [
        "6:32",
        "7:02",
        "7:27",
        "7:47",
        "8:07",
        "8:27",
        "8:47",
        "9:07",
        "9:27",
        "9:47",
        "10:07",
        "10:27",
        "10:47",
        "11:07",
        "11:27",
        "11:47",
        "12:07",
        "12:27",
        "12:47",
        "13:07",
        "13:27",
        "13:47",
        "14:07",
        "14:27",
        "14:47",
        "15:07",
        "15:27",
        "15:47",
        "16:07",
        "16:27",
        "16:47",
        "17:07",
        "17:27",
        "17:47",
        "18:07",
        "18:27",
        "18:47",
        "19:07",
        "19:27",
        "19:47",
        "20:07",
        "20:27",
        "20:50",
        "21:12",
        "21:42",
        "22:12",
        "22:42",
        "23:14"
    ],
    "holiday": [
        "6:32",
        "7:02",
        "7:27",
        "7:47",
        "8:07",
        "8:27",
        "8:47",
        "9:07",
        "9:27",
        "9:47",
        "10:07",
        "10:27",
        "10:47",
        "11:07",
        "11:27",
        "11:47",
        "12:07",
        "12:27",
        "12:47",
        "13:07",
        "13:27",
        "13:47",
        "14:07",
        "14:27",
        "14:47",
        "15:07",
        "15:27",
        "15:47",
        "16:07",
        "16:27",
        "16:47",
        "17:07",
        "17:27",
        "17:47",
        "18:07",
        "18:27",
        "18:47",
        "19:07",
        "19:27",
        "19:47",
        "20:07",
        "20:27",
        "20:50",
        "21:12",
        "21:42",
        "22:12",
        "22:42",
        "23:14"
    ],
    "url": "https://www.kanachu.co.jp/dia/diagram/timetable01_js/course:0000802830-3/node:00127116/kt:0/lname:/"
}
