{
    "date": "2025/07/12",
    "name": "岡本(鎌倉市)",
    "position": "-",
    "system": "船32",
    "destinations": [
        "公会堂前(鎌倉市)",
        "植木(鎌倉市)",
        "久成寺前",
        "渡内第三会館前",
        "渡内",
        "藤ヶ岡中学校前",
        "柄沢橋",
        "公民館前(藤沢市大鋸)",
        "山王神社前",
        "藤沢橋",
        "藤沢小学校前",
        "南仲通り",
        "相生町(藤沢市)",
        "三富士町",
        "藤沢駅北口"
    ],
    "weekday": [
        "6:23",
        "6:53",
        "7:13",
        "7:28",
        "7:43",
        "7:58",
        "8:13",
        "8:27",
        "8:35",
        "8:43",
        "8:53",
        "9:03",
        "9:13",
        "9:28",
        "9:48",
        "10:08",
        "10:28",
        "10:48",
        "11:08",
        "11:28",
        "11:48",
        "12:08",
        "12:28",
        "12:48",
        "13:08",
        "13:28",
        "13:48",
        "14:08",
        "14:28",
        "14:48",
        "15:08",
        "15:28",
        "15:48",
        "16:08",
        "16:28",
        "16:43",
        "16:58",
        "17:13",
        "17:28",
        "17:58",
        "18:10",
        "18:22",
        "18:46",
        "18:58",
        "19:13",
        "19:43",
        "19:58",
        "20:13",
        "20:53",
        "21:13",
        "21:43",
        "22:13",
        "22:43",
        "23:15",
        "23:58"
    ],
    "saturday": [
        "6:33",
        "7:03",
        "7:28",
        "7:48",
        "8:08",
        "8:28",
        "8:48",
        "9:08",
        "9:28",
        "9:48",
        "10:08",
        "10:28",
        "10:48",
        "11:08",
        "11:28",
        "11:48",
        "12:08",
        "12:28",
        "12:48",
        "13:08",
        "13:28",
        "13:48",
        "14:08",
        "14:28",
        "14:48",
        "15:08",
        "15:28",
        "15:48",
        "16:08",
        "16:28",
        "16:48",
        "17:08",
        "17:28",
        "17:48",
        "18:08",
        "18:28",
        "18:48",
        "19:08",
        "19:28",
        "19:48",
        "20:08",
        "20:28",
        "20:51",
        "21:13",
        "21:43",
        "22:13",
        "22:43",
        "23:15"
    ],
    "holiday": [
        "6:33",
        "7:03",
        "7:28",
        "7:48",
        "8:08",
        "8:28",
        "8:48",
        "9:08",
        "9:28",
        "9:48",
        "10:08",
        "10:28",
        "10:48",
        "11:08",
        "11:28",
        "11:48",
        "12:08",
        "12:28",
        "12:48",
        "13:08",
        "13:28",
        "13:48",
        "14:08",
        "14:28",
        "14:48",
        "15:08",
        "15:28",
        "15:48",
        "16:08",
        "16:28",
        "16:48",
        "17:08",
        "17:28",
        "17:48",
        "18:08",
        "18:28",
        "18:48",
        "19:08",
        "19:28",
        "19:48",
        "20:08",
        "20:28",
        "20:51",
        "21:13",
        "21:43",
        "22:13",
        "22:43",
        "23:15"
    ],
    "url": "https://www.kanachu.co.jp/dia/diagram/timetable01_js/course:0000802830-4/node:00126991/kt:0/lname:/"
}
