{
    "date": "2025/07/12",
    "name": "久成寺前",
    "position": "-",
    "system": "船32",
    "destinations": [
        "渡内第三会館前",
        "渡内",
        "藤ヶ岡中学校前",
        "柄沢橋",
        "公民館前(藤沢市大鋸)",
        "山王神社前",
        "藤沢橋",
        "藤沢小学校前",
        "南仲通り",
        "相生町(藤沢市)",
        "三富士町",
        "藤沢駅北口"
    ],
    "weekday": [
        "6:27",
        "6:57",
        "7:18",
        "7:33",
        "7:48",
        "8:03",
        "8:18",
        "8:32",
        "8:40",
        "8:48",
        "8:58",
        "9:08",
        "9:18",
        "9:33",
        "9:53",
        "10:13",
        "10:33",
        "10:53",
        "11:13",
        "11:33",
        "11:53",
        "12:13",
        "12:33",
        "12:53",
        "13:13",
        "13:33",
        "13:53",
        "14:13",
        "14:33",
        "14:53",
        "15:13",
        "15:33",
        "15:53",
        "16:13",
        "16:33",
        "16:48",
        "17:03",
        "17:18",
        "17:33",
        "18:03",
        "18:15",
        "18:27",
        "18:51",
        "19:03",
        "19:17",
        "19:47",
        "20:02",
        "20:17",
        "20:57",
        "21:17",
        "21:47",
        "22:17",
        "22:47",
        "23:19",
        "24:01"
    ],
    "saturday": [
        "6:37",
        "7:07",
        "7:32",
        "7:52",
        "8:12",
        "8:32",
        "8:52",
        "9:12",
        "9:32",
        "9:52",
        "10:13",
        "10:33",
        "10:53",
        "11:13",
        "11:33",
        "11:53",
        "12:13",
        "12:33",
        "12:53",
        "13:13",
        "13:33",
        "13:53",
        "14:13",
        "14:33",
        "14:53",
        "15:13",
        "15:33",
        "15:53",
        "16:13",
        "16:33",
        "16:53",
        "17:13",
        "17:33",
        "17:53",
        "18:13",
        "18:33",
        "18:53",
        "19:13",
        "19:33",
        "19:53",
        "20:12",
        "20:32",
        "20:55",
        "21:17",
        "21:47",
        "22:17",
        "22:47",
        "23:19"
    ],
    "holiday": [
        "6:37",
        "7:07",
        "7:32",
        "7:52",
        "8:12",
        "8:32",
        "8:52",
        "9:12",
        "9:32",
        "9:52",
        "10:13",
        "10:33",
        "10:53",
        "11:13",
        "11:33",
        "11:53",
        "12:13",
        "12:33",
        "12:53",
        "13:13",
        "13:33",
        "13:53",
        "14:13",
        "14:33",
        "14:53",
        "15:13",
        "15:33",
        "15:53",
        "16:13",
        "16:33",
        "16:53",
        "17:13",
        "17:33",
        "17:53",
        "18:13",
        "18:33",
        "18:53",
        "19:13",
        "19:33",
        "19:53",
        "20:12",
        "20:32",
        "20:55",
        "21:17",
        "21:47",
        "22:17",
        "22:47",
        "23:19"
    ],
    "url": "https://www.kanachu.co.jp/dia/diagram/timetable01_js/course:0000802830-7/node:00126988/kt:0/lname:/"
}
