{
    "date": "2025/07/12",
    "name": "公民館前(藤沢市大鋸)",
    "position": "-",
    "system": "船32",
    "destinations": [
        "山王神社前",
        "藤沢橋",
        "藤沢小学校前",
        "南仲通り",
        "相生町(藤沢市)",
        "三富士町",
        "藤沢駅北口"
    ],
    "weekday": [
        "6:36",
        "7:06",
        "7:27",
        "7:42",
        "7:57",
        "8:12",
        "8:27",
        "8:41",
        "8:49",
        "8:57",
        "9:07",
        "9:17",
        "9:27",
        "9:42",
        "10:02",
        "10:22",
        "10:42",
        "11:02",
        "11:22",
        "11:42",
        "12:02",
        "12:22",
        "12:42",
        "13:02",
        "13:22",
        "13:42",
        "14:02",
        "14:22",
        "14:42",
        "15:02",
        "15:22",
        "15:42",
        "16:02",
        "16:22",
        "16:42",
        "16:57",
        "17:11",
        "17:26",
        "17:41",
        "18:11",
        "18:23",
        "18:35",
        "18:59",
        "19:12",
        "19:26",
        "19:56",
        "20:11",
        "20:26",
        "21:06",
        "21:26",
        "21:56",
        "22:26",
        "22:56",
        "23:28",
        "24:06"
    ],
    "saturday": [
        "6:46",
        "7:16",
        "7:41",
        "8:01",
        "8:21",
        "8:41",
        "9:01",
        "9:21",
        "9:41",
        "10:01",
        "10:21",
        "10:41",
        "11:01",
        "11:21",
        "11:41",
        "12:01",
        "12:21",
        "12:41",
        "13:01",
        "13:21",
        "13:41",
        "14:01",
        "14:21",
        "14:41",
        "15:01",
        "15:21",
        "15:41",
        "16:01",
        "16:21",
        "16:41",
        "17:01",
        "17:21",
        "17:41",
        "18:01",
        "18:21",
        "18:41",
        "19:01",
        "19:21",
        "19:41",
        "20:01",
        "20:21",
        "20:41",
        "21:04",
        "21:26",
        "21:56",
        "22:26",
        "22:56",
        "23:28"
    ],
    "holiday": [
        "6:46",
        "7:16",
        "7:41",
        "8:01",
        "8:21",
        "8:41",
        "9:01",
        "9:21",
        "9:41",
        "10:01",
        "10:21",
        "10:41",
        "11:01",
        "11:21",
        "11:41",
        "12:01",
        "12:21",
        "12:41",
        "13:01",
        "13:21",
        "13:41",
        "14:01",
        "14:21",
        "14:41",
        "15:01",
        "15:21",
        "15:41",
        "16:01",
        "16:21",
        "16:41",
        "17:01",
        "17:21",
        "17:41",
        "18:01",
        "18:21",
        "18:41",
        "19:01",
        "19:21",
        "19:41",
        "20:01",
        "20:21",
        "20:41",
        "21:04",
        "21:26",
        "21:56",
        "22:26",
        "22:56",
        "23:28"
    ],
    "url": "https://www.kanachu.co.jp/dia/diagram/timetable01_js/course:0000802830-12/node:00126983/kt:0/lname:/"
}
