{
    "date": "2025/07/12",
    "name": "藤沢橋",
    "position": "-",
    "system": "船32",
    "destinations": [
        "藤沢小学校前",
        "南仲通り",
        "相生町(藤沢市)",
        "三富士町",
        "藤沢駅北口"
    ],
    "weekday": [
        "6:39",
        "7:09",
        "7:30",
        "7:45",
        "8:00",
        "8:15",
        "8:30",
        "8:44",
        "8:52",
        "9:00",
        "9:11",
        "9:21",
        "9:31",
        "9:46",
        "10:06",
        "10:26",
        "10:46",
        "11:06",
        "11:26",
        "11:46",
        "12:06",
        "12:26",
        "12:46",
        "13:06",
        "13:26",
        "13:46",
        "14:06",
        "14:26",
        "14:46",
        "15:06",
        "15:26",
        "15:46",
        "16:06",
        "16:26",
        "16:46",
        "17:01",
        "17:15",
        "17:30",
        "17:45",
        "18:15",
        "18:27",
        "18:39",
        "19:02",
        "19:15",
        "19:29",
        "19:59",
        "20:14",
        "20:29",
        "21:09",
        "21:29",
        "21:59",
        "22:29",
        "22:59",
        "23:31",
        "24:09"
    ],
    "saturday": [
        "6:49",
        "7:19",
        "7:44",
        "8:04",
        "8:24",
        "8:44",
        "9:04",
        "9:24",
        "9:44",
        "10:06",
        "10:26",
        "10:46",
        "11:06",
        "11:26",
        "11:46",
        "12:06",
        "12:26",
        "12:46",
        "13:06",
        "13:26",
        "13:46",
        "14:06",
        "14:26",
        "14:46",
        "15:06",
        "15:26",
        "15:46",
        "16:06",
        "16:26",
        "16:46",
        "17:06",
        "17:26",
        "17:46",
        "18:05",
        "18:25",
        "18:45",
        "19:05",
        "19:25",
        "19:45",
        "20:04",
        "20:24",
        "20:44",
        "21:07",
        "21:29",
        "21:59",
        "22:29",
        "22:59",
        "23:31"
    ],
    "holiday": [
        "6:49",
        "7:19",
        "7:44",
        "8:04",
        "8:24",
        "8:44",
        "9:04",
        "9:24",
        "9:44",
        "10:06",
        "10:26",
        "10:46",
        "11:06",
        "11:26",
        "11:46",
        "12:06",
        "12:26",
        "12:46",
        "13:06",
        "13:26",
        "13:46",
        "14:06",
        "14:26",
        "14:46",
        "15:06",
        "15:26",
        "15:46",
        "16:06",
        "16:26",
        "16:46",
        "17:06",
        "17:26",
        "17:46",
        "18:05",
        "18:25",
        "18:45",
        "19:05",
        "19:25",
        "19:45",
        "20:04",
        "20:24",
        "20:44",
        "21:07",
        "21:29",
        "21:59",
        "22:29",
        "22:59",
        "23:31"
    ],
    "url": "https://www.kanachu.co.jp/dia/diagram/timetable01_js/course:0000802830-14/node:00126975/kt:0/lname:/"
}
