{
    "date": "2025/05/11",
    "name": "平島(鎌倉市)",
    "position": "-",
    "system": "船14",
    "destinations": [
        "笠間十字路",
        "笠間町",
        "岩井口",
        "大船駅(横浜市栄区)"
    ],
    "weekday": [
        "6:06",
        "6:26",
        "6:46",
        "7:06",
        "7:26",
        "7:46",
        "8:06",
        "8:36"
    ],
    "saturday": [
        "6:46",
        "7:36",
        "8:16",
        "8:56"
    ],
    "holiday": [
        "6:46",
        "7:36",
        "8:16",
        "8:56"
    ],
    "url": "https://www.kanachu.co.jp/dia/diagram/timetable01_js/course:0000802936-5/node:00126504/kt:0/lname:/"
}
