{
    "date": "2025/05/11",
    "name": "笠間十字路",
    "position": "-",
    "system": "船14",
    "destinations": [
        "笠間町",
        "岩井口",
        "大船駅(横浜市栄区)"
    ],
    "weekday": [
        "6:07",
        "6:27",
        "6:47",
        "7:08",
        "7:28",
        "7:48",
        "8:08",
        "8:38"
    ],
    "saturday": [
        "6:47",
        "7:37",
        "8:17",
        "8:57"
    ],
    "holiday": [
        "6:47",
        "7:37",
        "8:17",
        "8:57"
    ],
    "url": "https://www.kanachu.co.jp/dia/diagram/timetable01_js/course:0000802936-6/node:00126503/kt:0/lname:/"
}
