{
    "date": "2025/11/16",
    "name": "千津",
    "position": "-",
    "system": "平90",
    "destinations": [
        "ひかり幼稚園前",
        "団地南口(伊勢原市)",
        "団地下大竹",
        "馬渡(伊勢原市)",
        "矢羽根",
        "城所入口",
        "大句",
        "矢崎(平塚市)",
        "東橋(平塚市)",
        "豊田本郷駅",
        "大縄橋",
        "中原上宿",
        "中原御殿",
        "中原下宿",
        "共済病院前総合公園西",
        "追分(平塚市)",
        "立野町(平塚市)",
        "横浜ゴム前",
        "市役所前(ゴム前/平塚市)",
        "四ツ角(平塚市)",
        "平塚駅北口"
    ],
    "weekday": [
        "5:51",
        "6:11",
        "6:27",
        "6:37",
        "6:47",
        "6:54",
        "7:01",
        "7:09",
        "7:16",
        "7:28",
        "7:36",
        "7:44",
        "7:52",
        "8:00",
        "8:10",
        "8:21",
        "8:34",
        "8:47",
        "9:07",
        "9:27",
        "9:47",
        "10:07",
        "10:27",
        "10:47",
        "11:07",
        "11:27",
        "11:47",
        "12:07",
        "12:27",
        "12:47",
        "13:07",
        "13:47",
        "14:07",
        "14:27",
        "14:47",
        "15:02",
        "15:17",
        "15:32",
        "15:47",
        "16:02",
        "16:14",
        "16:26",
        "16:50",
        "17:02",
        "17:16",
        "17:28",
        "17:50",
        "18:02",
        "18:14",
        "18:26",
        "18:50",
        "19:02",
        "19:17",
        "19:46",
        "20:01",
        "20:21",
        "20:51",
        "21:21",
        "21:51",
        "22:55"
    ],
    "saturday": [
        "6:21",
        "6:41",
        "7:01",
        "7:22",
        "7:42",
        "8:02",
        "8:22",
        "8:42",
        "9:02",
        "9:22",
        "9:42",
        "10:02",
        "10:22",
        "10:42",
        "11:02",
        "11:22",
        "11:42",
        "12:02",
        "12:22",
        "12:42",
        "13:02",
        "13:22",
        "13:42",
        "14:02",
        "14:22",
        "14:42",
        "15:02",
        "15:22",
        "15:42",
        "16:02",
        "16:22",
        "16:42",
        "17:02",
        "17:22",
        "17:42",
        "18:02",
        "18:22",
        "18:42",
        "19:12",
        "19:41",
        "20:11",
        "20:41",
        "21:11",
        "21:41",
        "22:11"
    ],
    "holiday": [
        "6:31",
        "7:01",
        "7:22",
        "7:42",
        "8:02",
        "8:22",
        "8:42",
        "9:02",
        "9:22",
        "9:42",
        "10:02",
        "10:22",
        "10:42",
        "11:02",
        "11:22",
        "11:42",
        "12:02",
        "12:22",
        "12:42",
        "13:02",
        "13:22",
        "13:42",
        "14:02",
        "14:22",
        "14:42",
        "15:02",
        "15:22",
        "15:42",
        "16:02",
        "16:22",
        "16:42",
        "17:02",
        "17:22",
        "17:42",
        "18:12",
        "18:42",
        "19:12",
        "19:41",
        "20:11",
        "20:41",
        "21:11",
        "21:41",
        "22:11"
    ],
    "url": "https://www.kanachu.co.jp/dia/diagram/timetable01_js/course:0000800085-2/node:00128071/kt:0/lname:/"
}
