{
    "date": "2025/11/16",
    "name": "東橋(平塚市)",
    "position": "-",
    "system": "平90",
    "destinations": [
        "豊田本郷駅",
        "大縄橋",
        "中原上宿",
        "中原御殿",
        "中原下宿",
        "共済病院前総合公園西",
        "追分(平塚市)",
        "立野町(平塚市)",
        "横浜ゴム前",
        "市役所前(ゴム前/平塚市)",
        "四ツ角(平塚市)",
        "平塚駅北口"
    ],
    "weekday": [
        "6:02",
        "6:22",
        "6:38",
        "6:48",
        "6:58",
        "7:06",
        "7:13",
        "7:21",
        "7:28",
        "7:40",
        "7:48",
        "7:56",
        "8:04",
        "8:12",
        "8:22",
        "8:33",
        "8:46",
        "8:59",
        "9:18",
        "9:38",
        "9:58",
        "10:18",
        "10:38",
        "10:58",
        "11:18",
        "11:38",
        "11:58",
        "12:18",
        "12:38",
        "12:58",
        "13:18",
        "13:58",
        "14:18",
        "14:38",
        "14:58",
        "15:13",
        "15:28",
        "15:43",
        "15:58",
        "16:14",
        "16:26",
        "16:38",
        "17:02",
        "17:14",
        "17:28",
        "17:40",
        "18:02",
        "18:14",
        "18:26",
        "18:38",
        "19:02",
        "19:14",
        "19:29",
        "19:57",
        "20:12",
        "20:32",
        "21:02",
        "21:32",
        "22:02",
        "23:06"
    ],
    "saturday": [
        "6:32",
        "6:52",
        "7:12",
        "7:33",
        "7:53",
        "8:13",
        "8:33",
        "8:53",
        "9:13",
        "9:33",
        "9:53",
        "10:13",
        "10:33",
        "10:53",
        "11:13",
        "11:33",
        "11:53",
        "12:13",
        "12:33",
        "12:53",
        "13:13",
        "13:33",
        "13:53",
        "14:13",
        "14:33",
        "14:53",
        "15:13",
        "15:33",
        "15:53",
        "16:13",
        "16:33",
        "16:53",
        "17:13",
        "17:33",
        "17:53",
        "18:13",
        "18:33",
        "18:53",
        "19:23",
        "19:52",
        "20:22",
        "20:52",
        "21:22",
        "21:52",
        "22:22"
    ],
    "holiday": [
        "6:42",
        "7:12",
        "7:33",
        "7:53",
        "8:13",
        "8:33",
        "8:53",
        "9:13",
        "9:33",
        "9:53",
        "10:13",
        "10:33",
        "10:53",
        "11:13",
        "11:33",
        "11:53",
        "12:13",
        "12:33",
        "12:53",
        "13:13",
        "13:33",
        "13:53",
        "14:13",
        "14:33",
        "14:53",
        "15:13",
        "15:33",
        "15:53",
        "16:13",
        "16:33",
        "16:53",
        "17:13",
        "17:33",
        "17:53",
        "18:23",
        "18:53",
        "19:23",
        "19:52",
        "20:22",
        "20:52",
        "21:22",
        "21:52",
        "22:22"
    ],
    "url": "https://www.kanachu.co.jp/dia/diagram/timetable01_js/course:0000800085-11/node:00128064/kt:0/lname:/"
}
