{
    "date": "2025/11/16",
    "name": "中原下宿",
    "position": "-",
    "system": "平90",
    "destinations": [
        "共済病院前総合公園西",
        "追分(平塚市)",
        "立野町(平塚市)",
        "横浜ゴム前",
        "市役所前(ゴム前/平塚市)",
        "四ツ角(平塚市)",
        "平塚駅北口"
    ],
    "weekday": [
        "6:10",
        "6:30",
        "6:46",
        "6:56",
        "7:06",
        "7:14",
        "7:21",
        "7:29",
        "7:36",
        "7:48",
        "7:56",
        "8:04",
        "8:12",
        "8:20",
        "8:30",
        "8:41",
        "8:54",
        "9:07",
        "9:26",
        "9:46",
        "10:06",
        "10:26",
        "10:46",
        "11:06",
        "11:26",
        "11:46",
        "12:06",
        "12:26",
        "12:46",
        "13:06",
        "13:26",
        "14:06",
        "14:26",
        "14:46",
        "15:06",
        "15:21",
        "15:36",
        "15:51",
        "16:06",
        "16:22",
        "16:34",
        "16:46",
        "17:10",
        "17:22",
        "17:36",
        "17:48",
        "18:10",
        "18:22",
        "18:34",
        "18:46",
        "19:10",
        "19:22",
        "19:37",
        "20:05",
        "20:20",
        "20:40",
        "21:10",
        "21:40",
        "22:10",
        "23:14"
    ],
    "saturday": [
        "6:39",
        "6:59",
        "7:20",
        "7:41",
        "8:01",
        "8:21",
        "8:41",
        "9:01",
        "9:21",
        "9:41",
        "10:01",
        "10:21",
        "10:41",
        "11:01",
        "11:21",
        "11:41",
        "12:01",
        "12:21",
        "12:41",
        "13:01",
        "13:21",
        "13:41",
        "14:01",
        "14:21",
        "14:41",
        "15:01",
        "15:21",
        "15:41",
        "16:01",
        "16:21",
        "16:41",
        "17:01",
        "17:21",
        "17:41",
        "18:01",
        "18:21",
        "18:41",
        "19:01",
        "19:31",
        "19:59",
        "20:29",
        "20:59",
        "21:29",
        "21:59",
        "22:29"
    ],
    "holiday": [
        "6:49",
        "7:20",
        "7:41",
        "8:01",
        "8:21",
        "8:41",
        "9:01",
        "9:21",
        "9:41",
        "10:01",
        "10:21",
        "10:41",
        "11:01",
        "11:21",
        "11:41",
        "12:01",
        "12:21",
        "12:41",
        "13:01",
        "13:21",
        "13:41",
        "14:01",
        "14:21",
        "14:41",
        "15:01",
        "15:21",
        "15:41",
        "16:01",
        "16:21",
        "16:41",
        "17:01",
        "17:21",
        "17:41",
        "18:01",
        "18:31",
        "19:01",
        "19:31",
        "19:59",
        "20:29",
        "20:59",
        "21:29",
        "21:59",
        "22:29"
    ],
    "url": "https://www.kanachu.co.jp/dia/diagram/timetable01_js/course:0000800085-16/node:00128069/kt:0/lname:/"
}
