{
    "date": "2025/11/16",
    "name": "共済病院前総合公園西",
    "position": "-",
    "system": "平90",
    "destinations": [
        "追分(平塚市)",
        "立野町(平塚市)",
        "横浜ゴム前",
        "市役所前(ゴム前/平塚市)",
        "四ツ角(平塚市)",
        "平塚駅北口"
    ],
    "weekday": [
        "6:12",
        "6:32",
        "6:48",
        "6:58",
        "7:09",
        "7:17",
        "7:24",
        "7:32",
        "7:39",
        "7:51",
        "7:59",
        "8:07",
        "8:15",
        "8:23",
        "8:33",
        "8:44",
        "8:57",
        "9:09",
        "9:28",
        "9:48",
        "10:08",
        "10:28",
        "10:48",
        "11:08",
        "11:28",
        "11:48",
        "12:08",
        "12:28",
        "12:48",
        "13:08",
        "13:28",
        "14:08",
        "14:28",
        "14:48",
        "15:08",
        "15:23",
        "15:38",
        "15:53",
        "16:09",
        "16:25",
        "16:37",
        "16:49",
        "17:13",
        "17:25",
        "17:39",
        "17:51",
        "18:13",
        "18:25",
        "18:37",
        "18:49",
        "19:13",
        "19:25",
        "19:39",
        "20:07",
        "20:22",
        "20:42",
        "21:12",
        "21:42",
        "22:12",
        "23:16"
    ],
    "saturday": [
        "6:41",
        "7:01",
        "7:22",
        "7:43",
        "8:03",
        "8:23",
        "8:43",
        "9:03",
        "9:23",
        "9:43",
        "10:03",
        "10:23",
        "10:43",
        "11:03",
        "11:23",
        "11:43",
        "12:03",
        "12:23",
        "12:43",
        "13:03",
        "13:23",
        "13:43",
        "14:03",
        "14:23",
        "14:43",
        "15:03",
        "15:23",
        "15:43",
        "16:03",
        "16:23",
        "16:43",
        "17:03",
        "17:23",
        "17:43",
        "18:03",
        "18:23",
        "18:43",
        "19:03",
        "19:33",
        "20:01",
        "20:31",
        "21:01",
        "21:31",
        "22:01",
        "22:31"
    ],
    "holiday": [
        "6:51",
        "7:22",
        "7:43",
        "8:03",
        "8:23",
        "8:43",
        "9:03",
        "9:23",
        "9:43",
        "10:03",
        "10:23",
        "10:43",
        "11:03",
        "11:23",
        "11:43",
        "12:03",
        "12:23",
        "12:43",
        "13:03",
        "13:23",
        "13:43",
        "14:03",
        "14:23",
        "14:43",
        "15:03",
        "15:23",
        "15:43",
        "16:03",
        "16:23",
        "16:43",
        "17:03",
        "17:23",
        "17:43",
        "18:03",
        "18:33",
        "19:03",
        "19:33",
        "20:01",
        "20:31",
        "21:01",
        "21:31",
        "22:01",
        "22:31"
    ],
    "url": "https://www.kanachu.co.jp/dia/diagram/timetable01_js/course:0000800085-17/node:00128222/kt:0/lname:/"
}
