{
    "date": "2025/11/16",
    "name": "横浜ゴム前",
    "position": "-",
    "system": "平90",
    "destinations": [
        "市役所前(ゴム前/平塚市)",
        "四ツ角(平塚市)",
        "平塚駅北口"
    ],
    "weekday": [
        "6:15",
        "6:35",
        "6:51",
        "7:01",
        "7:12",
        "7:20",
        "7:27",
        "7:35",
        "7:42",
        "7:54",
        "8:02",
        "8:10",
        "8:18",
        "8:26",
        "8:36",
        "8:47",
        "9:00",
        "9:12",
        "9:31",
        "9:51",
        "10:11",
        "10:31",
        "10:51",
        "11:11",
        "11:31",
        "11:51",
        "12:11",
        "12:31",
        "12:51",
        "13:11",
        "13:31",
        "14:11",
        "14:31",
        "14:51",
        "15:11",
        "15:26",
        "15:41",
        "15:56",
        "16:12",
        "16:28",
        "16:40",
        "16:52",
        "17:16",
        "17:28",
        "17:42",
        "17:54",
        "18:16",
        "18:28",
        "18:40",
        "18:52",
        "19:16",
        "19:28",
        "19:42",
        "20:10",
        "20:25",
        "20:45",
        "21:15",
        "21:45",
        "22:15",
        "23:19"
    ],
    "saturday": [
        "6:44",
        "7:04",
        "7:25",
        "7:46",
        "8:06",
        "8:26",
        "8:46",
        "9:06",
        "9:26",
        "9:46",
        "10:06",
        "10:26",
        "10:46",
        "11:06",
        "11:26",
        "11:46",
        "12:06",
        "12:26",
        "12:46",
        "13:06",
        "13:26",
        "13:46",
        "14:06",
        "14:26",
        "14:46",
        "15:06",
        "15:26",
        "15:46",
        "16:06",
        "16:26",
        "16:46",
        "17:06",
        "17:26",
        "17:46",
        "18:06",
        "18:26",
        "18:46",
        "19:06",
        "19:36",
        "20:04",
        "20:34",
        "21:04",
        "21:34",
        "22:04",
        "22:34"
    ],
    "holiday": [
        "6:54",
        "7:25",
        "7:46",
        "8:06",
        "8:26",
        "8:46",
        "9:06",
        "9:26",
        "9:46",
        "10:06",
        "10:26",
        "10:46",
        "11:06",
        "11:26",
        "11:46",
        "12:06",
        "12:26",
        "12:46",
        "13:06",
        "13:26",
        "13:46",
        "14:06",
        "14:26",
        "14:46",
        "15:06",
        "15:26",
        "15:46",
        "16:06",
        "16:26",
        "16:46",
        "17:06",
        "17:26",
        "17:46",
        "18:06",
        "18:36",
        "19:06",
        "19:36",
        "20:04",
        "20:34",
        "21:04",
        "21:34",
        "22:04",
        "22:34"
    ],
    "url": "https://www.kanachu.co.jp/dia/diagram/timetable01_js/course:0000800085-20/node:00127554/kt:0/lname:/"
}
