{
    "system": "平90",
    "busstops": [
        {
            "index": "1",
            "id": "00128056",
            "name": "伊勢原駅南口",
            "lat": "35.395425",
            "lng": "139.313265"
        },
        {
            "index": "2",
            "id": "00128071",
            "name": "千津",
            "lat": "35.392673",
            "lng": "139.31114"
        },
        {
            "index": "3",
            "id": "00128072",
            "name": "ひかり幼稚園前",
            "lat": "35.388034",
            "lng": "139.308549"
        },
        {
            "index": "4",
            "id": "00128073",
            "name": "団地南口(伊勢原市)",
            "lat": "35.384967",
            "lng": "139.312812"
        },
        {
            "index": "5",
            "id": "00128074",
            "name": "団地下大竹",
            "lat": "35.38502",
            "lng": "139.315488"
        },
        {
            "index": "6",
            "id": "00128060",
            "name": "馬渡(伊勢原市)",
            "lat": "35.382898",
            "lng": "139.316432"
        },
        {
            "index": "7",
            "id": "00128070",
            "name": "矢羽根",
            "lat": "35.380051",
            "lng": "139.317575"
        },
        {
            "index": "8",
            "id": "00128061",
            "name": "城所入口",
            "lat": "35.377781",
            "lng": "139.317757"
        },
        {
            "index": "9",
            "id": "00128062",
            "name": "大句",
            "lat": "35.375423",
            "lng": "139.317548"
        },
        {
            "index": "10",
            "id": "00128063",
            "name": "矢崎(平塚市)",
            "lat": "35.369396",
            "lng": "139.315719"
        },
        {
            "index": "11",
            "id": "00128064",
            "name": "東橋(平塚市)",
            "lat": "35.358224",
            "lng": "139.323943"
        },
        {
            "index": "12",
            "id": "00128065",
            "name": "豊田本郷駅",
            "lat": "35.35681",
            "lng": "139.327596"
        },
        {
            "index": "13",
            "id": "00128066",
            "name": "大縄橋",
            "lat": "35.350322",
            "lng": "139.330037"
        },
        {
            "index": "14",
            "id": "00128067",
            "name": "中原上宿",
            "lat": "35.3469",
            "lng": "139.331474"
        },
        {
            "index": "15",
            "id": "00128068",
            "name": "中原御殿",
            "lat": "35.344542",
            "lng": "139.332494"
        },
        {
            "index": "16",
            "id": "00128069",
            "name": "中原下宿",
            "lat": "35.341457",
            "lng": "139.334071"
        },
        {
            "index": "17",
            "id": "00128222",
            "name": "共済病院前総合公園西",
            "lat": "35.338765",
            "lng": "139.337059"
        },
        {
            "index": "18",
            "id": "00127556",
            "name": "追分(平塚市)",
            "lat": "35.336297",
            "lng": "139.339242"
        },
        {
            "index": "19",
            "id": "00127555",
            "name": "立野町(平塚市)",
            "lat": "35.335858",
            "lng": "139.341498"
        },
        {
            "index": "20",
            "id": "00127554",
            "name": "横浜ゴム前",
            "lat": "35.335093",
            "lng": "139.344896"
        },
        {
            "index": "21",
            "id": "00127553",
            "name": "市役所前(ゴム前/平塚市)",
            "lat": "35.333646",
            "lng": "139.347366"
        },
        {
            "index": "22",
            "id": "00127190",
            "name": "四ツ角(平塚市)",
            "lat": "35.330399",
            "lng": "139.350432"
        },
        {
            "index": "23",
            "id": "00127464",
            "name": "平塚駅北口",
            "lat": "35.329255",
            "lng": "139.350287"
        }
    ],
    "route_url": "https://www.kanachu.co.jp/dia/route/index/cid:0000800085/"
}
