{
    "date": "2025/04/01",
    "name": "町田市役所市民ホール前",
    "position": "-",
    "system": "町37",
    "destinations": [
        "町田バスセンター"
    ],
    "weekday": [
        "6:18",
        "6:49",
        "7:21",
        "7:39",
        "8:01",
        "8:26",
        "8:46",
        "9:06",
        "9:36",
        "10:08",
        "10:48",
        "11:28",
        "12:11",
        "12:48",
        "13:28",
        "14:11",
        "14:48",
        "15:28",
        "16:11",
        "16:51",
        "17:36",
        "18:11",
        "18:51",
        "19:24",
        "19:54",
        "20:44",
        "21:42"
    ],
    "saturday": [
        "6:43",
        "7:33",
        "8:03",
        "8:33",
        "9:03",
        "9:34",
        "10:04",
        "10:31",
        "11:11",
        "11:51",
        "12:31",
        "13:11",
        "13:53",
        "14:38",
        "15:18",
        "16:01",
        "16:51",
        "17:31",
        "18:01",
        "18:31",
        "19:06",
        "19:44",
        "20:44",
        "21:42"
    ],
    "holiday": [
        "6:42",
        "7:53",
        "8:33",
        "9:03",
        "9:34",
        "10:04",
        "10:31",
        "11:11",
        "11:51",
        "12:31",
        "13:11",
        "13:53",
        "14:38",
        "15:18",
        "16:01",
        "16:51",
        "17:31",
        "18:01",
        "18:29",
        "19:04",
        "19:44",
        "20:42",
        "21:42"
    ],
    "url": "https://www.kanachu.co.jp/dia/diagram/timetable01_js/course:0000803191-19/node:00129356/kt:0/lname:/"
}
