{
    "date": "2025/11/16",
    "name": "上平間",
    "position": "-",
    "system": "平97",
    "destinations": [
        "東沼目",
        "河内(伊勢原市)",
        "平間入口",
        "大島南入口",
        "大島北",
        "大島(平塚市)",
        "四ツ谷入口(平塚市)",
        "下島(平塚市)",
        "美里",
        "打間木上",
        "打間木下",
        "湘南車検場前",
        "三菱ケミカル前",
        "第一三共前(平塚市)",
        "北新町",
        "平塚球場",
        "総合公園(平塚市)",
        "美術館入口(平塚市)",
        "江陽中学校前(平塚市)",
        "崇善小学校前",
        "明石町(平塚市)",
        "明石町一丁目",
        "四ツ角(平塚市)",
        "平塚駅北口"
    ],
    "weekday": [
        "7:55",
        "8:16",
        "10:00",
        "12:45",
        "15:05",
        "16:45",
        "19:05",
        "20:17"
    ],
    "saturday": [
        "6:55",
        "8:25",
        "10:55",
        "12:55",
        "14:55",
        "16:55"
    ],
    "holiday": [
        "6:55",
        "8:25",
        "10:55",
        "12:55",
        "14:55",
        "16:55"
    ],
    "url": "https://www.kanachu.co.jp/dia/diagram/timetable01_js/course:0000800150-7/node:00128115/kt:0/lname:/"
}
