{
    "date": "2025/11/16",
    "name": "四ツ谷入口(平塚市)",
    "position": "-",
    "system": "平97",
    "destinations": [
        "下島(平塚市)",
        "美里",
        "打間木上",
        "打間木下",
        "湘南車検場前",
        "三菱ケミカル前",
        "第一三共前(平塚市)",
        "北新町",
        "平塚球場",
        "総合公園(平塚市)",
        "美術館入口(平塚市)",
        "江陽中学校前(平塚市)",
        "崇善小学校前",
        "明石町(平塚市)",
        "明石町一丁目",
        "四ツ角(平塚市)",
        "平塚駅北口"
    ],
    "weekday": [
        "8:00",
        "8:21",
        "10:05",
        "12:50",
        "15:10",
        "16:50",
        "19:10",
        "20:22"
    ],
    "saturday": [
        "7:00",
        "8:30",
        "11:00",
        "13:00",
        "15:00",
        "17:00"
    ],
    "holiday": [
        "7:00",
        "8:30",
        "11:00",
        "13:00",
        "15:00",
        "17:00"
    ],
    "url": "https://www.kanachu.co.jp/dia/diagram/timetable01_js/course:0000800150-14/node:00127637/kt:0/lname:/"
}
