{
    "date": "2025/11/16",
    "name": "湘南車検場前",
    "position": "-",
    "system": "平97",
    "destinations": [
        "三菱ケミカル前",
        "第一三共前(平塚市)",
        "北新町",
        "平塚球場",
        "総合公園(平塚市)",
        "美術館入口(平塚市)",
        "江陽中学校前(平塚市)",
        "崇善小学校前",
        "明石町(平塚市)",
        "明石町一丁目",
        "四ツ角(平塚市)",
        "平塚駅北口"
    ],
    "weekday": [
        "8:05",
        "8:26",
        "10:10",
        "12:55",
        "15:15",
        "16:55",
        "19:15",
        "20:27"
    ],
    "saturday": [
        "7:05",
        "8:35",
        "11:05",
        "13:05",
        "15:05",
        "17:05"
    ],
    "holiday": [
        "7:05",
        "8:35",
        "11:05",
        "13:05",
        "15:05",
        "17:05"
    ],
    "url": "https://www.kanachu.co.jp/dia/diagram/timetable01_js/course:0000800150-19/node:00127693/kt:0/lname:/"
}
