{
    "date": "2025/11/16",
    "name": "美術館入口(平塚市)",
    "position": "-",
    "system": "平97",
    "destinations": [
        "江陽中学校前(平塚市)",
        "崇善小学校前",
        "明石町(平塚市)",
        "明石町一丁目",
        "四ツ角(平塚市)",
        "平塚駅北口"
    ],
    "weekday": [
        "8:11",
        "8:32",
        "10:16",
        "13:01",
        "15:21",
        "17:01",
        "19:21",
        "20:33"
    ],
    "saturday": [
        "7:11",
        "8:41",
        "11:11",
        "13:11",
        "15:11",
        "17:11"
    ],
    "holiday": [
        "7:11",
        "8:41",
        "11:11",
        "13:11",
        "15:11",
        "17:11"
    ],
    "url": "https://www.kanachu.co.jp/dia/diagram/timetable01_js/course:0000800150-25/node:00127599/kt:0/lname:/"
}
