{
    "date": "2025/10/20",
    "name": "新橋通り(大和市)",
    "position": "-",
    "system": "間13",
    "destinations": [
        "豊川稲荷前(大和市)",
        "市民活動拠点ベテルギウス前",
        "郵便局前(大和市)",
        "職業安定所前(大和市)",
        "市役所市立病院前",
        "市立病院(大和市)",
        "オークシティ前",
        "鶴間二丁目",
        "鶴間駅東口"
    ],
    "weekday": [
        "7:34",
        "7:51",
        "8:27",
        "8:51",
        "9:25",
        "14:31",
        "15:21"
    ],
    "saturday": [],
    "holiday": [],
    "url": "https://www.kanachu.co.jp/dia/diagram/timetable01_js/course:0000803785-2/node:00129615/kt:0/lname:/"
}
