{
    "date": "2025/10/20",
    "name": "オークシティ前",
    "position": "-",
    "system": "間13",
    "destinations": [
        "鶴間二丁目",
        "鶴間駅東口"
    ],
    "weekday": [
        "7:46",
        "8:03",
        "8:39",
        "9:03",
        "9:37",
        "14:43",
        "15:33"
    ],
    "saturday": [],
    "holiday": [],
    "url": "https://www.kanachu.co.jp/dia/diagram/timetable01_js/course:0000803785-9/node:00129610/kt:0/lname:/"
}
