{
  "date": "2024/07/08",
  "name": "町田バスセンター",
  "position": "5番のりば",
  "system": "町15",
  "destinations": [
    "町田バスセンター15番線",
    "町田市役所市民ホール前",
    "妙延寺(町田市)",
    "森野五丁目",
    "森野六丁目",
    "桧台入口",
    "木曽都営入口",
    "境川団地入口",
    "境川団地中央",
    "境川団地",
    "上横町",
    "木曽入口",
    "山崎団地入口",
    "山崎団地センター",
    "給水塔前(山崎団地/町田市)",
    "北一号(町田市)",
    "北二号(町田市)",
    "山崎団地"
  ],
  "weekday": [
    "6:04",
    "7:18",
    "7:44",
    "21:03",
    "21:33",
    "22:30",
    "23:14"
  ],
  "saturday": [
    "6:16",
    "7:26",
    "8:13",
    "8:38",
    "21:25",
    "22:30",
    "23:11"
  ],
  "holiday": [
    "6:05",
    "7:23",
    "7:52",
    "8:20",
    "8:50",
    "21:20",
    "22:20",
    "23:11"
  ],
  "url": "https://www.kanachu.co.jp/dia/diagram/timetable01_js/course:0000801075-1/node:00025625/kt:2/lname:/dts:1740506400"
}