{
  "date": "2024/07/08",
  "name": "上横町",
  "position": "-",
  "system": "町15",
  "destinations": [
    "木曽入口",
    "山崎団地入口",
    "山崎団地センター",
    "給水塔前(山崎団地/町田市)",
    "北一号(町田市)",
    "北二号(町田市)",
    "山崎団地"
  ],
  "weekday": [
    "6:13",
    "7:27",
    "7:54",
    "21:12",
    "21:42",
    "22:39",
    "23:23"
  ],
  "saturday": [
    "6:25",
    "7:35",
    "8:22",
    "8:47",
    "21:34",
    "22:39",
    "23:20"
  ],
  "holiday": [
    "6:14",
    "7:32",
    "8:01",
    "8:29",
    "8:59",
    "21:29",
    "22:29",
    "23:20"
  ],
  "url": "https://www.kanachu.co.jp/dia/diagram/timetable01_js/course:0000801075-11/node:00129385/kt:0/lname:/"
}