{
    "date": "2025/07/12",
    "name": "辻堂団地",
    "position": "-",
    "system": "藤04",
    "destinations": [
        "高砂小学校前(藤沢市)",
        "南海岸",
        "浜見山",
        "出口(藤沢市)",
        "堂面(藤沢市)",
        "東町(藤沢市)",
        "元町五丁目",
        "藤沢SST前",
        "長久保(藤沢市)",
        "鵠沼小学校前",
        "日本精工前",
        "相生町(藤沢市)",
        "三富士町",
        "藤沢駅北口"
    ],
    "weekday": [
        "6:15",
        "6:25",
        "6:35",
        "6:45",
        "6:57",
        "7:09",
        "7:21",
        "7:45",
        "8:05",
        "8:25",
        "8:40",
        "8:55",
        "9:12",
        "9:30",
        "9:50",
        "10:10",
        "10:30",
        "10:50",
        "11:10",
        "11:30",
        "11:50",
        "12:10",
        "12:30",
        "12:50",
        "13:10",
        "13:30",
        "13:50",
        "14:10",
        "14:30",
        "14:50",
        "15:10",
        "15:30",
        "15:50",
        "16:10",
        "16:30",
        "16:45",
        "17:02",
        "17:15",
        "17:30",
        "17:45",
        "18:03",
        "18:18",
        "18:30",
        "18:45",
        "19:03",
        "19:15",
        "19:30",
        "19:45",
        "20:03",
        "20:18",
        "20:30",
        "20:45",
        "21:00",
        "21:30",
        "21:50",
        "22:10"
    ],
    "saturday": [
        "6:25",
        "6:55",
        "7:10",
        "7:30",
        "7:50",
        "8:10",
        "8:30",
        "8:50",
        "9:10",
        "9:30",
        "9:50",
        "10:10",
        "10:30",
        "10:50",
        "11:10",
        "11:30",
        "11:50",
        "12:10",
        "12:30",
        "12:50",
        "13:10",
        "13:30",
        "13:50",
        "14:10",
        "14:30",
        "14:50",
        "15:10",
        "15:30",
        "15:50",
        "16:10",
        "16:30",
        "16:50",
        "17:10",
        "17:30",
        "17:50",
        "18:10",
        "18:30",
        "18:50",
        "19:10",
        "19:30",
        "19:50",
        "20:10",
        "20:50",
        "21:30"
    ],
    "holiday": [
        "6:25",
        "6:55",
        "7:10",
        "7:30",
        "7:50",
        "8:10",
        "8:30",
        "8:50",
        "9:10",
        "9:30",
        "9:50",
        "10:10",
        "10:30",
        "10:50",
        "11:10",
        "11:30",
        "11:50",
        "12:10",
        "12:30",
        "12:50",
        "13:10",
        "13:30",
        "13:50",
        "14:10",
        "14:30",
        "14:50",
        "15:10",
        "15:30",
        "15:50",
        "16:10",
        "16:30",
        "16:50",
        "17:10",
        "17:30",
        "17:50",
        "18:10",
        "18:30",
        "18:50",
        "19:10",
        "19:30",
        "19:50",
        "20:10",
        "20:50",
        "21:30"
    ],
    "url": "https://www.kanachu.co.jp/dia/diagram/timetable01_js/course:0000800607-1/node:00127107/kt:0/lname:/"
}
