{
    "date": "2025/07/12",
    "name": "高砂小学校前(藤沢市)",
    "position": "-",
    "system": "藤04",
    "destinations": [
        "南海岸",
        "浜見山",
        "出口(藤沢市)",
        "堂面(藤沢市)",
        "東町(藤沢市)",
        "元町五丁目",
        "藤沢SST前",
        "長久保(藤沢市)",
        "鵠沼小学校前",
        "日本精工前",
        "相生町(藤沢市)",
        "三富士町",
        "藤沢駅北口"
    ],
    "weekday": [
        "6:16",
        "6:26",
        "6:36",
        "6:46",
        "6:58",
        "7:10",
        "7:22",
        "7:46",
        "8:06",
        "8:26",
        "8:41",
        "8:56",
        "9:13",
        "9:31",
        "9:51",
        "10:11",
        "10:31",
        "10:51",
        "11:11",
        "11:31",
        "11:51",
        "12:11",
        "12:31",
        "12:51",
        "13:11",
        "13:31",
        "13:51",
        "14:11",
        "14:31",
        "14:51",
        "15:11",
        "15:31",
        "15:51",
        "16:11",
        "16:31",
        "16:46",
        "17:03",
        "17:16",
        "17:31",
        "17:46",
        "18:04",
        "18:19",
        "18:31",
        "18:46",
        "19:04",
        "19:16",
        "19:31",
        "19:46",
        "20:04",
        "20:19",
        "20:31",
        "20:46",
        "21:01",
        "21:31",
        "21:51",
        "22:11"
    ],
    "saturday": [
        "6:26",
        "6:56",
        "7:11",
        "7:31",
        "7:51",
        "8:11",
        "8:31",
        "8:51",
        "9:11",
        "9:31",
        "9:51",
        "10:11",
        "10:31",
        "10:51",
        "11:11",
        "11:31",
        "11:51",
        "12:11",
        "12:31",
        "12:51",
        "13:11",
        "13:31",
        "13:51",
        "14:11",
        "14:31",
        "14:51",
        "15:11",
        "15:31",
        "15:51",
        "16:11",
        "16:31",
        "16:51",
        "17:11",
        "17:31",
        "17:51",
        "18:11",
        "18:31",
        "18:51",
        "19:11",
        "19:31",
        "19:51",
        "20:11",
        "20:51",
        "21:31"
    ],
    "holiday": [
        "6:26",
        "6:56",
        "7:11",
        "7:31",
        "7:51",
        "8:11",
        "8:31",
        "8:51",
        "9:11",
        "9:31",
        "9:51",
        "10:11",
        "10:31",
        "10:51",
        "11:11",
        "11:31",
        "11:51",
        "12:11",
        "12:31",
        "12:51",
        "13:11",
        "13:31",
        "13:51",
        "14:11",
        "14:31",
        "14:51",
        "15:11",
        "15:31",
        "15:51",
        "16:11",
        "16:31",
        "16:51",
        "17:11",
        "17:31",
        "17:51",
        "18:11",
        "18:31",
        "18:51",
        "19:11",
        "19:31",
        "19:51",
        "20:11",
        "20:51",
        "21:31"
    ],
    "url": "https://www.kanachu.co.jp/dia/diagram/timetable01_js/course:0000800607-2/node:00127106/kt:0/lname:/"
}
