{
    "date": "2025/07/12",
    "name": "元町五丁目",
    "position": "-",
    "system": "藤04",
    "destinations": [
        "藤沢SST前",
        "長久保(藤沢市)",
        "鵠沼小学校前",
        "日本精工前",
        "相生町(藤沢市)",
        "三富士町",
        "藤沢駅北口"
    ],
    "weekday": [
        "6:20",
        "6:30",
        "6:40",
        "6:50",
        "7:02",
        "7:14",
        "7:26",
        "7:50",
        "8:10",
        "8:30",
        "8:45",
        "9:00",
        "9:17",
        "9:35",
        "9:55",
        "10:15",
        "10:35",
        "10:55",
        "11:15",
        "11:35",
        "11:55",
        "12:15",
        "12:35",
        "12:55",
        "13:15",
        "13:35",
        "13:55",
        "14:15",
        "14:35",
        "14:55",
        "15:15",
        "15:35",
        "15:55",
        "16:15",
        "16:35",
        "16:50",
        "17:07",
        "17:20",
        "17:35",
        "17:50",
        "18:08",
        "18:23",
        "18:35",
        "18:50",
        "19:08",
        "19:20",
        "19:35",
        "19:50",
        "20:08",
        "20:23",
        "20:35",
        "20:50",
        "21:05",
        "21:35",
        "21:55",
        "22:15"
    ],
    "saturday": [
        "6:30",
        "7:00",
        "7:15",
        "7:35",
        "7:55",
        "8:15",
        "8:35",
        "8:55",
        "9:15",
        "9:35",
        "9:55",
        "10:15",
        "10:35",
        "10:55",
        "11:15",
        "11:35",
        "11:55",
        "12:15",
        "12:35",
        "12:55",
        "13:15",
        "13:35",
        "13:55",
        "14:15",
        "14:35",
        "14:55",
        "15:15",
        "15:35",
        "15:55",
        "16:15",
        "16:35",
        "16:55",
        "17:15",
        "17:35",
        "17:55",
        "18:15",
        "18:35",
        "18:55",
        "19:15",
        "19:35",
        "19:55",
        "20:15",
        "20:55",
        "21:35"
    ],
    "holiday": [
        "6:30",
        "7:00",
        "7:15",
        "7:35",
        "7:55",
        "8:15",
        "8:35",
        "8:55",
        "9:15",
        "9:35",
        "9:55",
        "10:15",
        "10:35",
        "10:55",
        "11:15",
        "11:35",
        "11:55",
        "12:15",
        "12:35",
        "12:55",
        "13:15",
        "13:35",
        "13:55",
        "14:15",
        "14:35",
        "14:55",
        "15:15",
        "15:35",
        "15:55",
        "16:15",
        "16:35",
        "16:55",
        "17:15",
        "17:35",
        "17:55",
        "18:15",
        "18:35",
        "18:55",
        "19:15",
        "19:35",
        "19:55",
        "20:15",
        "20:55",
        "21:35"
    ],
    "url": "https://www.kanachu.co.jp/dia/diagram/timetable01_js/course:0000800607-8/node:00127092/kt:0/lname:/"
}
