{
    "date": "2025/07/12",
    "name": "日本精工前",
    "position": "-",
    "system": "藤04",
    "destinations": [
        "相生町(藤沢市)",
        "三富士町",
        "藤沢駅北口"
    ],
    "weekday": [
        "6:25",
        "6:35",
        "6:45",
        "6:55",
        "7:08",
        "7:20",
        "7:32",
        "7:56",
        "8:16",
        "8:36",
        "8:51",
        "9:06",
        "9:23",
        "9:41",
        "10:01",
        "10:21",
        "10:41",
        "11:01",
        "11:21",
        "11:41",
        "12:01",
        "12:21",
        "12:41",
        "13:01",
        "13:21",
        "13:41",
        "14:01",
        "14:21",
        "14:41",
        "15:01",
        "15:21",
        "15:41",
        "16:01",
        "16:21",
        "16:41",
        "16:56",
        "17:13",
        "17:26",
        "17:41",
        "17:56",
        "18:14",
        "18:29",
        "18:41",
        "18:56",
        "19:12",
        "19:24",
        "19:39",
        "19:54",
        "20:12",
        "20:27",
        "20:39",
        "20:54",
        "21:09",
        "21:39",
        "21:59",
        "22:19"
    ],
    "saturday": [
        "6:35",
        "7:05",
        "7:21",
        "7:41",
        "8:01",
        "8:21",
        "8:41",
        "9:01",
        "9:21",
        "9:41",
        "10:01",
        "10:21",
        "10:41",
        "11:01",
        "11:21",
        "11:41",
        "12:01",
        "12:21",
        "12:41",
        "13:01",
        "13:21",
        "13:41",
        "14:01",
        "14:21",
        "14:41",
        "15:01",
        "15:21",
        "15:41",
        "16:01",
        "16:21",
        "16:41",
        "17:01",
        "17:21",
        "17:41",
        "18:01",
        "18:21",
        "18:41",
        "19:01",
        "19:19",
        "19:39",
        "19:59",
        "20:19",
        "20:59",
        "21:39"
    ],
    "holiday": [
        "6:35",
        "7:05",
        "7:21",
        "7:41",
        "8:01",
        "8:21",
        "8:41",
        "9:01",
        "9:21",
        "9:41",
        "10:01",
        "10:21",
        "10:41",
        "11:01",
        "11:21",
        "11:41",
        "12:01",
        "12:21",
        "12:41",
        "13:01",
        "13:21",
        "13:41",
        "14:01",
        "14:21",
        "14:41",
        "15:01",
        "15:21",
        "15:41",
        "16:01",
        "16:21",
        "16:41",
        "17:01",
        "17:21",
        "17:41",
        "18:01",
        "18:21",
        "18:41",
        "19:01",
        "19:19",
        "19:39",
        "19:59",
        "20:19",
        "20:59",
        "21:39"
    ],
    "url": "https://www.kanachu.co.jp/dia/diagram/timetable01_js/course:0000800607-12/node:00127044/kt:0/lname:/"
}
