{
    "date": "2025/07/12",
    "name": "相生町(藤沢市)",
    "position": "-",
    "system": "藤04",
    "destinations": [
        "三富士町",
        "藤沢駅北口"
    ],
    "weekday": [
        "6:26",
        "6:36",
        "6:46",
        "6:56",
        "7:09",
        "7:21",
        "7:33",
        "7:57",
        "8:17",
        "8:37",
        "8:52",
        "9:07",
        "9:24",
        "9:42",
        "10:02",
        "10:22",
        "10:42",
        "11:02",
        "11:22",
        "11:42",
        "12:02",
        "12:22",
        "12:42",
        "13:02",
        "13:22",
        "13:42",
        "14:02",
        "14:22",
        "14:42",
        "15:02",
        "15:22",
        "15:42",
        "16:02",
        "16:22",
        "16:42",
        "16:57",
        "17:14",
        "17:27",
        "17:42",
        "17:57",
        "18:15",
        "18:30",
        "18:42",
        "18:57",
        "19:13",
        "19:25",
        "19:40",
        "19:55",
        "20:13",
        "20:28",
        "20:40",
        "20:55",
        "21:10",
        "21:40",
        "22:00",
        "22:20"
    ],
    "saturday": [
        "6:36",
        "7:06",
        "7:22",
        "7:42",
        "8:02",
        "8:22",
        "8:42",
        "9:02",
        "9:22",
        "9:42",
        "10:02",
        "10:22",
        "10:42",
        "11:02",
        "11:22",
        "11:42",
        "12:02",
        "12:22",
        "12:42",
        "13:02",
        "13:22",
        "13:42",
        "14:02",
        "14:22",
        "14:42",
        "15:02",
        "15:22",
        "15:42",
        "16:02",
        "16:22",
        "16:42",
        "17:02",
        "17:22",
        "17:42",
        "18:02",
        "18:22",
        "18:42",
        "19:02",
        "19:20",
        "19:40",
        "20:00",
        "20:20",
        "21:00",
        "21:40"
    ],
    "holiday": [
        "6:36",
        "7:06",
        "7:22",
        "7:42",
        "8:02",
        "8:22",
        "8:42",
        "9:02",
        "9:22",
        "9:42",
        "10:02",
        "10:22",
        "10:42",
        "11:02",
        "11:22",
        "11:42",
        "12:02",
        "12:22",
        "12:42",
        "13:02",
        "13:22",
        "13:42",
        "14:02",
        "14:22",
        "14:42",
        "15:02",
        "15:22",
        "15:42",
        "16:02",
        "16:22",
        "16:42",
        "17:02",
        "17:22",
        "17:42",
        "18:02",
        "18:22",
        "18:42",
        "19:02",
        "19:20",
        "19:40",
        "20:00",
        "20:20",
        "21:00",
        "21:40"
    ],
    "url": "https://www.kanachu.co.jp/dia/diagram/timetable01_js/course:0000800607-13/node:00126972/kt:0/lname:/"
}
