{
    "date": "2025/03/15",
    "name": "慶応大学",
    "position": "-",
    "system": "湘23",
    "destinations": [
        "慶応大学本館前",
        "慶応中高等部前"
    ],
    "weekday": [
        "8:29",
        "9:17",
        "9:49",
        "10:13",
        "10:39",
        "10:43",
        "10:47",
        "10:57",
        "11:01",
        "11:05",
        "11:09",
        "11:19",
        "11:29",
        "11:39",
        "11:49",
        "11:59",
        "12:37",
        "12:44",
        "12:49",
        "12:59",
        "13:04",
        "13:54",
        "14:04",
        "14:44",
        "14:54",
        "15:39",
        "15:54",
        "20:39",
        "20:59"
    ],
    "saturday": [
        "7:46",
        "9:54",
        "10:44",
        "10:54",
        "11:54",
        "12:54",
        "13:54",
        "14:54",
        "15:59",
        "16:59",
        "18:04",
        "19:04",
        "20:19"
    ],
    "holiday": [],
    "url": "https://www.kanachu.co.jp/dia/diagram/timetable01_js/course:0000801156-8/node:00129985/kt:0/lname:/"
}
