{
    "date": "2026/01/16",
    "name": "相模が丘",
    "position": "-",
    "system": "小02",
    "destinations": [
        "小松原入口",
        "小松原(座間市)",
        "小松原二丁目",
        "ひばりが丘一丁目(座間市)",
        "十一条",
        "九条",
        "南林間駅前通り",
        "南林間駅"
    ],
    "weekday": [
        "6:25",
        "6:55",
        "7:25",
        "7:55",
        "8:25",
        "9:05",
        "10:10",
        "11:10",
        "12:10",
        "13:10",
        "14:10",
        "15:10",
        "16:10",
        "17:10",
        "17:40",
        "18:20",
        "18:54",
        "19:30",
        "20:35",
        "21:30"
    ],
    "saturday": [
        "7:10",
        "8:10",
        "9:10",
        "10:10",
        "11:10",
        "12:10",
        "13:10",
        "14:10",
        "15:10",
        "16:10",
        "17:10",
        "18:10",
        "19:10",
        "20:10",
        "21:10"
    ],
    "holiday": [
        "7:10",
        "8:10",
        "9:10",
        "10:10",
        "11:10",
        "12:10",
        "13:10",
        "14:10",
        "15:10",
        "16:10",
        "17:10",
        "18:10",
        "19:10",
        "20:10",
        "21:10"
    ],
    "url": "https://www.kanachu.co.jp/dia/diagram/timetable01_js/course:0000804013-5/node:00129678/kt:0/lname:/"
}
