{
    "date": "2026/01/16",
    "name": "小松原(座間市)",
    "position": "-",
    "system": "小02",
    "destinations": [
        "小松原二丁目",
        "ひばりが丘一丁目(座間市)",
        "十一条",
        "九条",
        "南林間駅前通り",
        "南林間駅"
    ],
    "weekday": [
        "6:29",
        "6:59",
        "7:30",
        "8:00",
        "8:30",
        "9:10",
        "10:15",
        "11:15",
        "12:15",
        "13:15",
        "14:15",
        "15:15",
        "16:15",
        "17:15",
        "17:45",
        "18:25",
        "18:59",
        "19:35",
        "20:39",
        "21:34"
    ],
    "saturday": [
        "7:15",
        "8:15",
        "9:15",
        "10:15",
        "11:15",
        "12:15",
        "13:15",
        "14:15",
        "15:15",
        "16:15",
        "17:15",
        "18:15",
        "19:15",
        "20:15",
        "21:15"
    ],
    "holiday": [
        "7:15",
        "8:15",
        "9:15",
        "10:15",
        "11:15",
        "12:15",
        "13:15",
        "14:15",
        "15:15",
        "16:15",
        "17:15",
        "18:15",
        "19:15",
        "20:15",
        "21:15"
    ],
    "url": "https://www.kanachu.co.jp/dia/diagram/timetable01_js/course:0000804013-7/node:00129680/kt:0/lname:/"
}
