{
    "date": "2026/01/16",
    "name": "ひばりが丘一丁目(座間市)",
    "position": "-",
    "system": "小02",
    "destinations": [
        "十一条",
        "九条",
        "南林間駅前通り",
        "南林間駅"
    ],
    "weekday": [
        "6:32",
        "7:02",
        "7:34",
        "8:04",
        "8:34",
        "9:14",
        "10:19",
        "11:19",
        "12:19",
        "13:19",
        "14:19",
        "15:19",
        "16:19",
        "17:19",
        "17:49",
        "18:29",
        "19:03",
        "19:39",
        "20:42",
        "21:37"
    ],
    "saturday": [
        "7:19",
        "8:19",
        "9:19",
        "10:19",
        "11:19",
        "12:19",
        "13:19",
        "14:19",
        "15:19",
        "16:19",
        "17:19",
        "18:19",
        "19:19",
        "20:19",
        "21:19"
    ],
    "holiday": [
        "7:19",
        "8:19",
        "9:19",
        "10:19",
        "11:19",
        "12:19",
        "13:19",
        "14:19",
        "15:19",
        "16:19",
        "17:19",
        "18:19",
        "19:19",
        "20:19",
        "21:19"
    ],
    "url": "https://www.kanachu.co.jp/dia/diagram/timetable01_js/course:0000804013-9/node:00129682/kt:0/lname:/"
}
