{
    "date": "2025/07/27",
    "name": "堀川小学校前(秦野市)",
    "position": "-",
    "system": "秦18",
    "destinations": [
        "桜土手(秦野市)",
        "堀川東",
        "日立製作所(秦野市)",
        "白山塚",
        "南中原",
        "農協本所前",
        "三協町入口",
        "出雲大社入口",
        "南町(秦野市)",
        "畑中(秦野市)",
        "白笹稲荷神社入口",
        "南公民館前(秦野市)",
        "諏訪町(秦野市)",
        "今川町",
        "今泉(秦野市)",
        "秦野駅"
    ],
    "weekday": [
        "7:36",
        "8:47",
        "10:52",
        "11:48",
        "14:37",
        "17:31",
        "19:14",
        "20:16"
    ],
    "saturday": [
        "8:58",
        "10:50",
        "17:26"
    ],
    "holiday": [
        "8:58",
        "10:50",
        "17:26"
    ],
    "url": "https://www.kanachu.co.jp/dia/diagram/timetable01_js/course:0000800369-2/node:00128008/kt:0/lname:/"
}
