{
    "date": "2025/07/27",
    "name": "白山塚",
    "position": "-",
    "system": "秦18",
    "destinations": [
        "南中原",
        "農協本所前",
        "三協町入口",
        "出雲大社入口",
        "南町(秦野市)",
        "畑中(秦野市)",
        "白笹稲荷神社入口",
        "南公民館前(秦野市)",
        "諏訪町(秦野市)",
        "今川町",
        "今泉(秦野市)",
        "秦野駅"
    ],
    "weekday": [
        "7:41",
        "8:52",
        "10:57",
        "11:53",
        "14:42",
        "17:36",
        "19:19",
        "20:21"
    ],
    "saturday": [
        "9:03",
        "10:55",
        "17:31"
    ],
    "holiday": [
        "9:03",
        "10:55",
        "17:31"
    ],
    "url": "https://www.kanachu.co.jp/dia/diagram/timetable01_js/course:0000800369-6/node:00127988/kt:0/lname:/"
}
