{
    "date": "2025/07/27",
    "name": "三協町入口",
    "position": "-",
    "system": "秦18",
    "destinations": [
        "出雲大社入口",
        "南町(秦野市)",
        "畑中(秦野市)",
        "白笹稲荷神社入口",
        "南公民館前(秦野市)",
        "諏訪町(秦野市)",
        "今川町",
        "今泉(秦野市)",
        "秦野駅"
    ],
    "weekday": [
        "7:44",
        "8:55",
        "11:00",
        "11:56",
        "14:45",
        "17:39",
        "19:22",
        "20:24"
    ],
    "saturday": [
        "9:06",
        "10:58",
        "17:34"
    ],
    "holiday": [
        "9:06",
        "10:58",
        "17:34"
    ],
    "url": "https://www.kanachu.co.jp/dia/diagram/timetable01_js/course:0000800369-9/node:00127985/kt:0/lname:/"
}
