{
    "date": "2025/07/27",
    "name": "南町(秦野市)",
    "position": "-",
    "system": "秦18",
    "destinations": [
        "畑中(秦野市)",
        "白笹稲荷神社入口",
        "南公民館前(秦野市)",
        "諏訪町(秦野市)",
        "今川町",
        "今泉(秦野市)",
        "秦野駅"
    ],
    "weekday": [
        "7:45",
        "8:56",
        "11:01",
        "11:57",
        "14:46",
        "17:40",
        "19:23",
        "20:25"
    ],
    "saturday": [
        "9:07",
        "10:59",
        "17:35"
    ],
    "holiday": [
        "9:07",
        "10:59",
        "17:35"
    ],
    "url": "https://www.kanachu.co.jp/dia/diagram/timetable01_js/course:0000800369-11/node:00127983/kt:0/lname:/"
}
