{
    "date": "2025/07/27",
    "name": "畑中(秦野市)",
    "position": "-",
    "system": "秦18",
    "destinations": [
        "白笹稲荷神社入口",
        "南公民館前(秦野市)",
        "諏訪町(秦野市)",
        "今川町",
        "今泉(秦野市)",
        "秦野駅"
    ],
    "weekday": [
        "7:48",
        "8:59",
        "11:04",
        "12:00",
        "14:49",
        "17:43",
        "19:26",
        "20:28"
    ],
    "saturday": [
        "9:10",
        "11:02",
        "17:38"
    ],
    "holiday": [
        "9:10",
        "11:02",
        "17:38"
    ],
    "url": "https://www.kanachu.co.jp/dia/diagram/timetable01_js/course:0000800369-12/node:00127933/kt:0/lname:/"
}
