{
    "date": "2025/07/27",
    "name": "白笹稲荷神社入口",
    "position": "-",
    "system": "秦18",
    "destinations": [
        "南公民館前(秦野市)",
        "諏訪町(秦野市)",
        "今川町",
        "今泉(秦野市)",
        "秦野駅"
    ],
    "weekday": [
        "7:49",
        "9:00",
        "11:05",
        "12:01",
        "14:50",
        "17:44",
        "19:27",
        "20:29"
    ],
    "saturday": [
        "9:11",
        "11:03",
        "17:39"
    ],
    "holiday": [
        "9:11",
        "11:03",
        "17:39"
    ],
    "url": "https://www.kanachu.co.jp/dia/diagram/timetable01_js/course:0000800369-13/node:00127932/kt:0/lname:/"
}
