{
    "date": "2025/07/27",
    "name": "諏訪町(秦野市)",
    "position": "-",
    "system": "秦18",
    "destinations": [
        "今川町",
        "今泉(秦野市)",
        "秦野駅"
    ],
    "weekday": [
        "7:50",
        "9:01",
        "11:06",
        "12:02",
        "14:51",
        "17:45",
        "19:28",
        "20:30"
    ],
    "saturday": [
        "9:12",
        "11:04",
        "17:40"
    ],
    "holiday": [
        "9:12",
        "11:04",
        "17:40"
    ],
    "url": "https://www.kanachu.co.jp/dia/diagram/timetable01_js/course:0000800369-15/node:00127930/kt:0/lname:/"
}
