{
    "date": "2025/07/27",
    "name": "今泉(秦野市)",
    "position": "-",
    "system": "秦18",
    "destinations": [
        "秦野駅"
    ],
    "weekday": [
        "7:53",
        "9:04",
        "11:09",
        "12:05",
        "14:54",
        "17:48",
        "19:31",
        "20:33"
    ],
    "saturday": [
        "9:15",
        "11:07",
        "17:43"
    ],
    "holiday": [
        "9:15",
        "11:07",
        "17:43"
    ],
    "url": "https://www.kanachu.co.jp/dia/diagram/timetable01_js/course:0000800369-17/node:00127929/kt:0/lname:/"
}
