{
    "date": "2024/04/01",
    "name": "達上ヶ丘",
    "position": "-",
    "system": "平26",
    "destinations": [
        "上平塚",
        "桜ヶ丘",
        "桜ヶ丘公園(平塚市)",
        "古花水",
        "柳町(平塚市)",
        "豊田道",
        "八間通り",
        "平塚文化芸術ホール前",
        "銀座通り(平塚市)",
        "平塚駅北口"
    ],
    "weekday": [
        "8:11",
        "9:23",
        "10:02",
        "11:02",
        "12:00",
        "13:00",
        "14:00",
        "15:00",
        "16:00",
        "17:00",
        "18:06"
    ],
    "saturday": [
        "9:02",
        "10:02",
        "11:02",
        "11:57",
        "12:57",
        "13:57",
        "14:57",
        "15:57",
        "16:57",
        "17:57"
    ],
    "holiday": [
        "9:02",
        "10:02",
        "11:02",
        "11:57",
        "12:57",
        "13:57",
        "14:57",
        "15:57",
        "16:57",
        "17:57"
    ],
    "url": "https://www.kanachu.co.jp/dia/diagram/timetable01_js/course:0000801746-9/node:00127584/kt:0/lname:/"
}
