{
    "system": "平26",
    "busstops": [
        {
            "index": "1",
            "id": "00127578",
            "name": "高村団地",
            "lat": "35.332755",
            "lng": "139.308063"
        },
        {
            "index": "2",
            "id": "00127577",
            "name": "勝原小学校前(平塚市)",
            "lat": "35.334901",
            "lng": "139.307144"
        },
        {
            "index": "3",
            "id": "00127576",
            "name": "南河内(平塚市)",
            "lat": "35.335499",
            "lng": "139.313014"
        },
        {
            "index": "4",
            "id": "00127574",
            "name": "山下団地入口",
            "lat": "35.335356",
            "lng": "139.315081"
        },
        {
            "index": "5",
            "id": "00127573",
            "name": "神明下",
            "lat": "35.335366",
            "lng": "139.318351"
        },
        {
            "index": "6",
            "id": "00127698",
            "name": "平塚大橋",
            "lat": "35.334163",
            "lng": "139.323135"
        },
        {
            "index": "7",
            "id": "00127572",
            "name": "上平塚",
            "lat": "35.333821",
            "lng": "139.325115"
        },
        {
            "index": "8",
            "id": "00127583",
            "name": "市民病院前(平塚市)",
            "lat": "35.336315",
            "lng": "139.325241"
        },
        {
            "index": "9",
            "id": "00127584",
            "name": "達上ヶ丘",
            "lat": "35.334976",
            "lng": "139.324526"
        },
        {
            "index": "10",
            "id": "00127572",
            "name": "上平塚",
            "lat": "35.332733",
            "lng": "139.326017"
        },
        {
            "index": "11",
            "id": "00127571",
            "name": "桜ヶ丘",
            "lat": "35.330534",
            "lng": "139.327505"
        },
        {
            "index": "12",
            "id": "00127570",
            "name": "桜ヶ丘公園(平塚市)",
            "lat": "35.328151",
            "lng": "139.32905"
        },
        {
            "index": "13",
            "id": "00127470",
            "name": "古花水",
            "lat": "35.325765",
            "lng": "139.332791"
        },
        {
            "index": "14",
            "id": "00127469",
            "name": "柳町(平塚市)",
            "lat": "35.3264",
            "lng": "139.334562"
        },
        {
            "index": "15",
            "id": "00127468",
            "name": "豊田道",
            "lat": "35.327573",
            "lng": "139.338124"
        },
        {
            "index": "16",
            "id": "00127467",
            "name": "八間通り",
            "lat": "35.328369",
            "lng": "139.341444"
        },
        {
            "index": "17",
            "id": "00127466",
            "name": "平塚文化芸術ホール前",
            "lat": "35.32904",
            "lng": "139.344531"
        },
        {
            "index": "18",
            "id": "00127465",
            "name": "銀座通り(平塚市)",
            "lat": "35.329517",
            "lng": "139.346771"
        },
        {
            "index": "19",
            "id": "00127464",
            "name": "平塚駅北口",
            "lat": "35.329356",
            "lng": "139.350577"
        }
    ],
    "route_url": "https://www.kanachu.co.jp/dia/route/index/cid:0000801746/"
}
