{
    "date": "2025/11/16",
    "name": "向原(平塚市)",
    "position": "-",
    "system": "平32",
    "destinations": [
        "南原(平塚市)",
        "南原土手",
        "徳延神社前",
        "徳延",
        "河内(平塚市)",
        "坂間",
        "大町(平塚市)",
        "堀の内(平塚市)",
        "公所(平塚市)",
        "長久保(平塚市)",
        "中沢橋",
        "松岩寺",
        "弁天通り(平塚市)",
        "境橋(中郡大磯町)",
        "上寺坂",
        "王福寺",
        "寺坂宮前",
        "普門寺入口",
        "生沢",
        "西生沢",
        "おおいそ学園入口",
        "月京",
        "天の杜",
        "国府新宿",
        "槇の木",
        "変電所前(中郡大磯町)",
        "下町(中郡二宮町)",
        "塩海橋",
        "秦野道",
        "二宮駅南口"
    ],
    "weekday": [
        "6:50",
        "7:34",
        "8:18",
        "9:23",
        "10:22",
        "11:22",
        "12:22",
        "13:22",
        "14:22",
        "15:22",
        "16:02",
        "17:08",
        "18:13",
        "19:27"
    ],
    "saturday": [
        "8:19",
        "9:17",
        "10:17",
        "11:17",
        "12:17",
        "13:17",
        "14:17",
        "15:17",
        "16:18",
        "17:18",
        "18:18"
    ],
    "holiday": [
        "8:19",
        "9:17",
        "10:17",
        "11:17",
        "12:17",
        "13:17",
        "14:17",
        "15:17",
        "16:18",
        "17:18",
        "18:18"
    ],
    "url": "https://www.kanachu.co.jp/dia/diagram/timetable01_js/course:0000801464-8/node:00127558/kt:0/lname:/"
}
