{
    "date": "2025/11/16",
    "name": "河内(平塚市)",
    "position": "-",
    "system": "平32",
    "destinations": [
        "坂間",
        "大町(平塚市)",
        "堀の内(平塚市)",
        "公所(平塚市)",
        "長久保(平塚市)",
        "中沢橋",
        "松岩寺",
        "弁天通り(平塚市)",
        "境橋(中郡大磯町)",
        "上寺坂",
        "王福寺",
        "寺坂宮前",
        "普門寺入口",
        "生沢",
        "西生沢",
        "おおいそ学園入口",
        "月京",
        "天の杜",
        "国府新宿",
        "槇の木",
        "変電所前(中郡大磯町)",
        "下町(中郡二宮町)",
        "塩海橋",
        "秦野道",
        "二宮駅南口"
    ],
    "weekday": [
        "6:57",
        "7:42",
        "8:26",
        "9:30",
        "10:29",
        "11:29",
        "12:29",
        "13:29",
        "14:29",
        "15:29",
        "16:10",
        "17:16",
        "18:21",
        "19:35"
    ],
    "saturday": [
        "8:26",
        "9:24",
        "10:24",
        "11:24",
        "12:24",
        "13:24",
        "14:24",
        "15:24",
        "16:26",
        "17:26",
        "18:26"
    ],
    "holiday": [
        "8:26",
        "9:24",
        "10:24",
        "11:24",
        "12:24",
        "13:24",
        "14:24",
        "15:24",
        "16:26",
        "17:26",
        "18:26"
    ],
    "url": "https://www.kanachu.co.jp/dia/diagram/timetable01_js/course:0000801464-13/node:00127563/kt:0/lname:/"
}
