{
    "date": "2025/11/16",
    "name": "坂間",
    "position": "-",
    "system": "平32",
    "destinations": [
        "大町(平塚市)",
        "堀の内(平塚市)",
        "公所(平塚市)",
        "長久保(平塚市)",
        "中沢橋",
        "松岩寺",
        "弁天通り(平塚市)",
        "境橋(中郡大磯町)",
        "上寺坂",
        "王福寺",
        "寺坂宮前",
        "普門寺入口",
        "生沢",
        "西生沢",
        "おおいそ学園入口",
        "月京",
        "天の杜",
        "国府新宿",
        "槇の木",
        "変電所前(中郡大磯町)",
        "下町(中郡二宮町)",
        "塩海橋",
        "秦野道",
        "二宮駅南口"
    ],
    "weekday": [
        "6:58",
        "7:44",
        "8:28",
        "9:32",
        "10:31",
        "11:31",
        "12:31",
        "13:31",
        "14:31",
        "15:31",
        "16:12",
        "17:18",
        "18:23",
        "19:37"
    ],
    "saturday": [
        "8:27",
        "9:26",
        "10:26",
        "11:26",
        "12:26",
        "13:26",
        "14:26",
        "15:26",
        "16:28",
        "17:28",
        "18:28"
    ],
    "holiday": [
        "8:27",
        "9:26",
        "10:26",
        "11:26",
        "12:26",
        "13:26",
        "14:26",
        "15:26",
        "16:28",
        "17:28",
        "18:28"
    ],
    "url": "https://www.kanachu.co.jp/dia/diagram/timetable01_js/course:0000801464-14/node:00127564/kt:0/lname:/"
}
