{
    "date": "2025/11/16",
    "name": "弁天通り(平塚市)",
    "position": "-",
    "system": "平32",
    "destinations": [
        "境橋(中郡大磯町)",
        "上寺坂",
        "王福寺",
        "寺坂宮前",
        "普門寺入口",
        "生沢",
        "西生沢",
        "おおいそ学園入口",
        "月京",
        "天の杜",
        "国府新宿",
        "槇の木",
        "変電所前(中郡大磯町)",
        "下町(中郡二宮町)",
        "塩海橋",
        "秦野道",
        "二宮駅南口"
    ],
    "weekday": [
        "7:10",
        "7:56",
        "8:40",
        "9:43",
        "10:42",
        "11:42",
        "12:42",
        "13:42",
        "14:42",
        "15:42",
        "16:26",
        "17:32",
        "18:37",
        "19:47"
    ],
    "saturday": [
        "8:37",
        "9:37",
        "10:37",
        "11:37",
        "12:37",
        "13:37",
        "14:37",
        "15:37",
        "16:42",
        "17:42",
        "18:42"
    ],
    "holiday": [
        "8:37",
        "9:37",
        "10:37",
        "11:37",
        "12:37",
        "13:37",
        "14:37",
        "15:37",
        "16:42",
        "17:42",
        "18:42"
    ],
    "url": "https://www.kanachu.co.jp/dia/diagram/timetable01_js/course:0000801464-21/node:00127551/kt:0/lname:/"
}
