{
    "date": "2025/11/16",
    "name": "境橋(中郡大磯町)",
    "position": "-",
    "system": "平32",
    "destinations": [
        "上寺坂",
        "王福寺",
        "寺坂宮前",
        "普門寺入口",
        "生沢",
        "西生沢",
        "おおいそ学園入口",
        "月京",
        "天の杜",
        "国府新宿",
        "槇の木",
        "変電所前(中郡大磯町)",
        "下町(中郡二宮町)",
        "塩海橋",
        "秦野道",
        "二宮駅南口"
    ],
    "weekday": [
        "7:11",
        "7:57",
        "8:41",
        "9:44",
        "10:43",
        "11:43",
        "12:43",
        "13:43",
        "14:43",
        "15:43",
        "16:27",
        "17:33",
        "18:38",
        "19:48"
    ],
    "saturday": [
        "8:38",
        "9:38",
        "10:38",
        "11:38",
        "12:38",
        "13:38",
        "14:38",
        "15:38",
        "16:43",
        "17:43",
        "18:43"
    ],
    "holiday": [
        "8:38",
        "9:38",
        "10:38",
        "11:38",
        "12:38",
        "13:38",
        "14:38",
        "15:38",
        "16:43",
        "17:43",
        "18:43"
    ],
    "url": "https://www.kanachu.co.jp/dia/diagram/timetable01_js/course:0000801464-22/node:00127550/kt:0/lname:/"
}
