{
    "date": "2025/11/16",
    "name": "西生沢",
    "position": "-",
    "system": "平32",
    "destinations": [
        "おおいそ学園入口",
        "月京",
        "天の杜",
        "国府新宿",
        "槇の木",
        "変電所前(中郡大磯町)",
        "下町(中郡二宮町)",
        "塩海橋",
        "秦野道",
        "二宮駅南口"
    ],
    "weekday": [
        "7:16",
        "8:02",
        "8:46",
        "9:49",
        "10:48",
        "11:48",
        "12:48",
        "13:48",
        "14:48",
        "15:48",
        "16:32",
        "17:38",
        "18:43",
        "19:53"
    ],
    "saturday": [
        "8:43",
        "9:43",
        "10:43",
        "11:43",
        "12:43",
        "13:43",
        "14:43",
        "15:43",
        "16:48",
        "17:48",
        "18:48"
    ],
    "holiday": [
        "8:43",
        "9:43",
        "10:43",
        "11:43",
        "12:43",
        "13:43",
        "14:43",
        "15:43",
        "16:48",
        "17:48",
        "18:48"
    ],
    "url": "https://www.kanachu.co.jp/dia/diagram/timetable01_js/course:0000801464-28/node:00127547/kt:0/lname:/"
}
