{
    "date": "2025/11/16",
    "name": "月京",
    "position": "-",
    "system": "平32",
    "destinations": [
        "天の杜",
        "国府新宿",
        "槇の木",
        "変電所前(中郡大磯町)",
        "下町(中郡二宮町)",
        "塩海橋",
        "秦野道",
        "二宮駅南口"
    ],
    "weekday": [
        "7:18",
        "8:04",
        "8:48",
        "9:51",
        "10:50",
        "11:50",
        "12:50",
        "13:50",
        "14:50",
        "15:50",
        "16:34",
        "17:40",
        "18:45",
        "19:55"
    ],
    "saturday": [
        "8:45",
        "9:45",
        "10:45",
        "11:45",
        "12:45",
        "13:45",
        "14:45",
        "15:45",
        "16:50",
        "17:50",
        "18:50"
    ],
    "holiday": [
        "8:45",
        "9:45",
        "10:45",
        "11:45",
        "12:45",
        "13:45",
        "14:45",
        "15:45",
        "16:50",
        "17:50",
        "18:50"
    ],
    "url": "https://www.kanachu.co.jp/dia/diagram/timetable01_js/course:0000801464-30/node:00127549/kt:0/lname:/"
}
