{
    "date": "2025/11/16",
    "name": "国府新宿",
    "position": "-",
    "system": "平32",
    "destinations": [
        "槇の木",
        "変電所前(中郡大磯町)",
        "下町(中郡二宮町)",
        "塩海橋",
        "秦野道",
        "二宮駅南口"
    ],
    "weekday": [
        "7:20",
        "8:06",
        "8:50",
        "9:53",
        "10:52",
        "11:52",
        "12:52",
        "13:52",
        "14:52",
        "15:52",
        "16:36",
        "17:42",
        "18:47",
        "19:57"
    ],
    "saturday": [
        "8:47",
        "9:47",
        "10:47",
        "11:47",
        "12:47",
        "13:47",
        "14:47",
        "15:47",
        "16:52",
        "17:52",
        "18:52"
    ],
    "holiday": [
        "8:47",
        "9:47",
        "10:47",
        "11:47",
        "12:47",
        "13:47",
        "14:47",
        "15:47",
        "16:52",
        "17:52",
        "18:52"
    ],
    "url": "https://www.kanachu.co.jp/dia/diagram/timetable01_js/course:0000801464-32/node:00127483/kt:0/lname:/"
}
