{
    "date": "2025/11/16",
    "name": "変電所前(中郡大磯町)",
    "position": "-",
    "system": "平32",
    "destinations": [
        "下町(中郡二宮町)",
        "塩海橋",
        "秦野道",
        "二宮駅南口"
    ],
    "weekday": [
        "7:21",
        "8:07",
        "8:51",
        "9:54",
        "10:53",
        "11:53",
        "12:53",
        "13:53",
        "14:53",
        "15:53",
        "16:37",
        "17:43",
        "18:48",
        "19:58"
    ],
    "saturday": [
        "8:48",
        "9:48",
        "10:48",
        "11:48",
        "12:48",
        "13:48",
        "14:48",
        "15:48",
        "16:53",
        "17:53",
        "18:53"
    ],
    "holiday": [
        "8:48",
        "9:48",
        "10:48",
        "11:48",
        "12:48",
        "13:48",
        "14:48",
        "15:48",
        "16:53",
        "17:53",
        "18:53"
    ],
    "url": "https://www.kanachu.co.jp/dia/diagram/timetable01_js/course:0000801464-34/node:00127485/kt:0/lname:/"
}
