{
    "date": "2025/11/16",
    "name": "下町(中郡二宮町)",
    "position": "-",
    "system": "平32",
    "destinations": [
        "塩海橋",
        "秦野道",
        "二宮駅南口"
    ],
    "weekday": [
        "7:22",
        "8:08",
        "8:52",
        "9:55",
        "10:54",
        "11:54",
        "12:54",
        "13:54",
        "14:54",
        "15:54",
        "16:38",
        "17:44",
        "18:49",
        "19:59"
    ],
    "saturday": [
        "8:49",
        "9:49",
        "10:49",
        "11:49",
        "12:49",
        "13:49",
        "14:49",
        "15:49",
        "16:54",
        "17:54",
        "18:54"
    ],
    "holiday": [
        "8:49",
        "9:49",
        "10:49",
        "11:49",
        "12:49",
        "13:49",
        "14:49",
        "15:49",
        "16:54",
        "17:54",
        "18:54"
    ],
    "url": "https://www.kanachu.co.jp/dia/diagram/timetable01_js/course:0000801464-35/node:00127486/kt:0/lname:/"
}
