{
    "system": "平32",
    "busstops": [
        {
            "index": "1",
            "id": "00127464",
            "name": "平塚駅北口",
            "lat": "35.329426",
            "lng": "139.350252"
        },
        {
            "index": "2",
            "id": "00127190",
            "name": "四ツ角(平塚市)",
            "lat": "35.330828",
            "lng": "139.350049"
        },
        {
            "index": "3",
            "id": "00127553",
            "name": "市役所前(ゴム前/平塚市)",
            "lat": "35.333286",
            "lng": "139.347605"
        },
        {
            "index": "4",
            "id": "00127554",
            "name": "横浜ゴム前",
            "lat": "35.334945",
            "lng": "139.344682"
        },
        {
            "index": "5",
            "id": "00127555",
            "name": "立野町(平塚市)",
            "lat": "35.335611",
            "lng": "139.341704"
        },
        {
            "index": "6",
            "id": "00127556",
            "name": "追分(平塚市)",
            "lat": "35.336162",
            "lng": "139.338963"
        },
        {
            "index": "7",
            "id": "00127557",
            "name": "江南高校前",
            "lat": "35.337222",
            "lng": "139.33376"
        },
        {
            "index": "8",
            "id": "00127558",
            "name": "向原(平塚市)",
            "lat": "35.338036",
            "lng": "139.330718"
        },
        {
            "index": "9",
            "id": "00127559",
            "name": "南原(平塚市)",
            "lat": "35.338833",
            "lng": "139.328854"
        },
        {
            "index": "10",
            "id": "00127560",
            "name": "南原土手",
            "lat": "35.339983",
            "lng": "139.323446"
        },
        {
            "index": "11",
            "id": "00127561",
            "name": "徳延神社前",
            "lat": "35.338125",
            "lng": "139.318214"
        },
        {
            "index": "12",
            "id": "00127562",
            "name": "徳延",
            "lat": "35.337361",
            "lng": "139.314729"
        },
        {
            "index": "13",
            "id": "00127563",
            "name": "河内(平塚市)",
            "lat": "35.337142",
            "lng": "139.310454"
        },
        {
            "index": "14",
            "id": "00127564",
            "name": "坂間",
            "lat": "35.338205",
            "lng": "139.304612"
        },
        {
            "index": "15",
            "id": "00127565",
            "name": "大町(平塚市)",
            "lat": "35.34121",
            "lng": "139.304459"
        },
        {
            "index": "16",
            "id": "00127566",
            "name": "堀の内(平塚市)",
            "lat": "35.345409",
            "lng": "139.303998"
        },
        {
            "index": "17",
            "id": "00127567",
            "name": "公所(平塚市)",
            "lat": "35.34607",
            "lng": "139.300852"
        },
        {
            "index": "18",
            "id": "00127568",
            "name": "長久保(平塚市)",
            "lat": "35.344409",
            "lng": "139.298062"
        },
        {
            "index": "19",
            "id": "00127569",
            "name": "中沢橋",
            "lat": "35.342464",
            "lng": "139.294347"
        },
        {
            "index": "20",
            "id": "00127552",
            "name": "松岩寺",
            "lat": "35.338104",
            "lng": "139.292897"
        },
        {
            "index": "21",
            "id": "00127551",
            "name": "弁天通り(平塚市)",
            "lat": "35.335491",
            "lng": "139.293227"
        },
        {
            "index": "22",
            "id": "00127550",
            "name": "境橋(中郡大磯町)",
            "lat": "35.33003",
            "lng": "139.293012"
        },
        {
            "index": "23",
            "id": "00127542",
            "name": "上寺坂",
            "lat": "35.32715",
            "lng": "139.289837"
        },
        {
            "index": "24",
            "id": "00127543",
            "name": "王福寺",
            "lat": "35.325093",
            "lng": "139.28791"
        },
        {
            "index": "25",
            "id": "00127544",
            "name": "寺坂宮前",
            "lat": "35.324087",
            "lng": "139.285209"
        },
        {
            "index": "26",
            "id": "00127545",
            "name": "普門寺入口",
            "lat": "35.322691",
            "lng": "139.283903"
        },
        {
            "index": "27",
            "id": "00127546",
            "name": "生沢",
            "lat": "35.321056",
            "lng": "139.280006"
        },
        {
            "index": "28",
            "id": "00127547",
            "name": "西生沢",
            "lat": "35.319051",
            "lng": "139.278487"
        },
        {
            "index": "29",
            "id": "00127548",
            "name": "おおいそ学園入口",
            "lat": "35.314243",
            "lng": "139.277919"
        },
        {
            "index": "30",
            "id": "00127549",
            "name": "月京",
            "lat": "35.310741",
            "lng": "139.277806"
        },
        {
            "index": "31",
            "id": "00127505",
            "name": "天の杜",
            "lat": "35.307432",
            "lng": "139.277484"
        },
        {
            "index": "32",
            "id": "00127483",
            "name": "国府新宿",
            "lat": "35.304058",
            "lng": "139.275328"
        },
        {
            "index": "33",
            "id": "00127484",
            "name": "槇の木",
            "lat": "35.303176",
            "lng": "139.271424"
        },
        {
            "index": "34",
            "id": "00127485",
            "name": "変電所前(中郡大磯町)",
            "lat": "35.301769",
            "lng": "139.268273"
        },
        {
            "index": "35",
            "id": "00127486",
            "name": "下町(中郡二宮町)",
            "lat": "35.300702",
            "lng": "139.266057"
        },
        {
            "index": "36",
            "id": "00127487",
            "name": "塩海橋",
            "lat": "35.299777",
            "lng": "139.263472"
        },
        {
            "index": "37",
            "id": "00127488",
            "name": "秦野道",
            "lat": "35.298498",
            "lng": "139.260618"
        },
        {
            "index": "38",
            "id": "00127489",
            "name": "二宮駅南口",
            "lat": "35.298469",
            "lng": "139.258191"
        }
    ],
    "route_url": "https://www.kanachu.co.jp/dia/route/index/cid:0000801464/"
}
