{
    "date": "2021/02/01",
    "name": "藤の木(横浜市南区)",
    "position": "-",
    "system": "",
    "destinations": [
        "弘明寺",
        "通町三丁目",
        "通町一丁目",
        "蒔田駅前",
        "蒔田中学校前(横浜市南区)",
        "蒔田橋",
        "通町一丁目",
        "通町三丁目",
        "弘明寺",
        "藤の木(横浜市南区)",
        "大岡住宅前",
        "坂上(横浜市磯子区)",
        "仲久保",
        "横浜岡村郵便局前",
        "笹堀",
        "広町(横浜市磯子区)",
        "浜小学校前",
        "磯子台",
        "山王谷",
        "宮の下(横浜市磯子区)",
        "芦名橋",
        "磯子センター前",
        "磯子駅前"
    ],
    "weekday": [
        "7:10",
        "7:50",
        "8:30",
        "9:50",
        "11:10",
        "12:30",
        "13:50",
        "15:00",
        "16:10",
        "17:20",
        "18:40",
        "20:47"
    ],
    "saturday": [
        "7:42",
        "8:22",
        "9:32",
        "10:42",
        "11:32",
        "12:50",
        "14:10",
        "15:32",
        "16:52",
        "17:32",
        "18:42",
        "20:37"
    ],
    "holiday": [
        "7:42",
        "8:22",
        "9:32",
        "10:42",
        "11:32",
        "12:50",
        "14:10",
        "15:32",
        "16:52",
        "17:32",
        "18:42",
        "20:37"
    ],
    "url": "https://www.kanachu.co.jp/dia/diagram/timetable01_js/course:0000801621-13/node:00103009/kt:0/lname:/"
}
