{
    "date": "2024/09/02",
    "name": "横浜泉郵便局前",
    "position": "-",
    "system": "",
    "destinations": [
        "芝原(横浜市泉区)",
        "富士塚(横浜市泉区)",
        "泉警察署前",
        "いずみ野駅",
        "グリーンハイム前",
        "松陽高校前",
        "三家(横浜市泉区)",
        "早稲田(横浜市泉区)",
        "ひなた山第一",
        "ひなた山",
        "上飯田車庫"
    ],
    "weekday": [
        "8:18",
        "8:48",
        "9:18",
        "9:48",
        "10:18",
        "10:48",
        "11:18",
        "11:48",
        "12:18",
        "12:48",
        "13:18",
        "13:48",
        "14:18",
        "14:48",
        "15:18",
        "15:48",
        "16:18",
        "16:48",
        "17:18",
        "17:48",
        "18:18",
        "18:48",
        "19:23",
        "20:18",
        "21:18"
    ],
    "saturday": [
        "10:03",
        "10:43",
        "11:23",
        "12:03",
        "12:43",
        "13:23",
        "14:03",
        "14:43",
        "15:23",
        "16:03",
        "16:43",
        "17:23",
        "18:03",
        "18:53",
        "19:53",
        "20:53"
    ],
    "holiday": [
        "10:03",
        "10:43",
        "11:23",
        "12:03",
        "12:43",
        "13:23",
        "14:03",
        "14:43",
        "15:23",
        "16:03",
        "16:43",
        "17:23",
        "18:03",
        "18:53",
        "19:53",
        "20:53"
    ],
    "url": "https://www.kanachu.co.jp/dia/diagram/timetable01_js/course:0000800713-4/node:00126934/kt:0/lname:/"
}
