{
    "date": "2025/05/11",
    "name": "七曲",
    "position": "-",
    "system": "船05",
    "destinations": [
        "原(横浜市港南区)",
        "港南車庫入口",
        "藤ヶ沢",
        "金井(横浜市港南区)",
        "清水橋(横浜市港南区)",
        "日野(横浜市港南区)",
        "日野小学校前(横浜市港南区)",
        "日野中央公園入口",
        "日野公園墓地入口",
        "新吉原橋",
        "吉原(横浜市港南区)",
        "港南区総合庁舎前",
        "笹下港南中央通り",
        "関の下",
        "上大岡駅"
    ],
    "weekday": [
        "6:49",
        "7:48",
        "8:08",
        "19:46",
        "20:14",
        "20:44",
        "21:19",
        "21:59"
    ],
    "saturday": [
        "19:45",
        "20:32",
        "21:20"
    ],
    "holiday": [
        "19:45",
        "20:32",
        "21:20"
    ],
    "url": "https://www.kanachu.co.jp/dia/diagram/timetable01_js/course:0000802792-13/node:00126552/kt:0/lname:/"
}
