{
    "date": "2026/01/16",
    "name": "県営住宅前(高座郡寒川町)",
    "position": "-",
    "system": "茅45",
    "destinations": [
        "岡田(高座郡寒川町)",
        "公民館入口(高座郡寒川町)",
        "寒川駅入口",
        "景観寺",
        "寒川十字路",
        "寒川高校前(高座郡寒川町)",
        "田端耕地",
        "田端(高座郡寒川町)",
        "番場(茅ケ崎市)",
        "萩園(茅ケ崎市)",
        "辻西(茅ケ崎市)",
        "萩園辻",
        "辻東(茅ケ崎市)",
        "鶴嶺小学校前",
        "登象",
        "肥地力",
        "保健所前(茅ケ崎市)",
        "ジャスコ前(茅ケ崎市)",
        "市民文化会館前(茅ケ崎市)",
        "茅ヶ崎駅"
    ],
    "weekday": [
        "7:05",
        "7:29",
        "8:02",
        "8:32",
        "9:07",
        "10:07",
        "11:07",
        "12:07",
        "13:07",
        "14:07",
        "15:07",
        "16:07",
        "17:07",
        "17:50",
        "18:28",
        "19:04"
    ],
    "saturday": [
        "7:17",
        "8:11",
        "9:10",
        "10:15",
        "11:20",
        "12:20",
        "13:20",
        "14:20",
        "15:20",
        "16:20",
        "17:20",
        "18:20",
        "19:16"
    ],
    "holiday": [
        "7:21",
        "8:11",
        "9:10",
        "10:20",
        "11:20",
        "12:20",
        "13:20",
        "14:20",
        "15:20",
        "16:20",
        "17:20",
        "18:20",
        "19:16"
    ],
    "url": "https://www.kanachu.co.jp/dia/diagram/timetable01_js/course:0000804097-3/node:00127175/kt:0/lname:/"
}
