{
    "date": "2026/01/16",
    "name": "景観寺",
    "position": "-",
    "system": "茅45",
    "destinations": [
        "寒川十字路",
        "寒川高校前(高座郡寒川町)",
        "田端耕地",
        "田端(高座郡寒川町)",
        "番場(茅ケ崎市)",
        "萩園(茅ケ崎市)",
        "辻西(茅ケ崎市)",
        "萩園辻",
        "辻東(茅ケ崎市)",
        "鶴嶺小学校前",
        "登象",
        "肥地力",
        "保健所前(茅ケ崎市)",
        "ジャスコ前(茅ケ崎市)",
        "市民文化会館前(茅ケ崎市)",
        "茅ヶ崎駅"
    ],
    "weekday": [
        "7:10",
        "7:34",
        "8:07",
        "8:37",
        "9:12",
        "10:12",
        "11:12",
        "12:12",
        "13:12",
        "14:12",
        "15:12",
        "16:12",
        "17:12",
        "17:55",
        "18:33",
        "19:09"
    ],
    "saturday": [
        "7:22",
        "8:16",
        "9:15",
        "10:20",
        "11:25",
        "12:25",
        "13:25",
        "14:25",
        "15:25",
        "16:25",
        "17:25",
        "18:25",
        "19:21"
    ],
    "holiday": [
        "7:26",
        "8:16",
        "9:15",
        "10:25",
        "11:25",
        "12:25",
        "13:25",
        "14:25",
        "15:25",
        "16:25",
        "17:25",
        "18:25",
        "19:21"
    ],
    "url": "https://www.kanachu.co.jp/dia/diagram/timetable01_js/course:0000804097-7/node:00127168/kt:0/lname:/"
}
