{
    "date": "2026/01/16",
    "name": "萩園(茅ケ崎市)",
    "position": "-",
    "system": "茅45",
    "destinations": [
        "辻西(茅ケ崎市)",
        "萩園辻",
        "辻東(茅ケ崎市)",
        "鶴嶺小学校前",
        "登象",
        "肥地力",
        "保健所前(茅ケ崎市)",
        "ジャスコ前(茅ケ崎市)",
        "市民文化会館前(茅ケ崎市)",
        "茅ヶ崎駅"
    ],
    "weekday": [
        "7:19",
        "7:43",
        "8:16",
        "8:46",
        "9:21",
        "10:21",
        "11:21",
        "12:21",
        "13:21",
        "14:21",
        "15:21",
        "16:21",
        "17:21",
        "18:04",
        "18:42",
        "19:18"
    ],
    "saturday": [
        "7:29",
        "8:25",
        "9:24",
        "10:29",
        "11:34",
        "12:34",
        "13:34",
        "14:34",
        "15:34",
        "16:34",
        "17:34",
        "18:34",
        "19:30"
    ],
    "holiday": [
        "7:33",
        "8:25",
        "9:24",
        "10:34",
        "11:34",
        "12:34",
        "13:34",
        "14:34",
        "15:34",
        "16:34",
        "17:34",
        "18:34",
        "19:30"
    ],
    "url": "https://www.kanachu.co.jp/dia/diagram/timetable01_js/course:0000804097-13/node:00127194/kt:0/lname:/"
}
