{
    "date": "2026/01/16",
    "name": "鶴嶺小学校前",
    "position": "-",
    "system": "茅45",
    "destinations": [
        "登象",
        "肥地力",
        "保健所前(茅ケ崎市)",
        "ジャスコ前(茅ケ崎市)",
        "市民文化会館前(茅ケ崎市)",
        "茅ヶ崎駅"
    ],
    "weekday": [
        "7:25",
        "7:49",
        "8:22",
        "8:52",
        "9:27",
        "10:27",
        "11:27",
        "12:27",
        "13:27",
        "14:27",
        "15:27",
        "16:27",
        "17:27",
        "18:10",
        "18:48",
        "19:24"
    ],
    "saturday": [
        "7:34",
        "8:31",
        "9:30",
        "10:35",
        "11:40",
        "12:40",
        "13:40",
        "14:40",
        "15:40",
        "16:40",
        "17:40",
        "18:40",
        "19:36"
    ],
    "holiday": [
        "7:38",
        "8:31",
        "9:30",
        "10:40",
        "11:40",
        "12:40",
        "13:40",
        "14:40",
        "15:40",
        "16:40",
        "17:40",
        "18:40",
        "19:36"
    ],
    "url": "https://www.kanachu.co.jp/dia/diagram/timetable01_js/course:0000804097-17/node:00127200/kt:0/lname:/"
}
