{
    "date": "2025/10/20",
    "name": "三塚",
    "position": "-",
    "system": "町85",
    "destinations": [
        "南橋(町田市)",
        "金森郵便局前",
        "金森",
        "市営住宅入口(町田市)",
        "南中学校前(町田市)",
        "金森四丁目",
        "南農協前",
        "町谷原",
        "南町谷原",
        "小川(町田市)",
        "やなぎ公園前",
        "すずかけ台駅"
    ],
    "weekday": [
        "9:09",
        "9:33",
        "10:09",
        "10:33",
        "11:09",
        "11:33",
        "12:09",
        "12:33",
        "13:09",
        "13:33",
        "14:09",
        "14:33",
        "15:09",
        "15:33",
        "16:09",
        "16:33",
        "17:09",
        "17:29",
        "18:09",
        "18:33",
        "19:09",
        "19:45",
        "20:35",
        "21:04"
    ],
    "saturday": [
        "9:09",
        "9:33",
        "10:09",
        "10:33",
        "11:09",
        "11:33",
        "12:09",
        "12:33",
        "13:09",
        "13:33",
        "14:09",
        "14:33",
        "15:09",
        "15:33",
        "16:09",
        "16:33",
        "17:09",
        "17:33",
        "18:09",
        "18:33",
        "19:09",
        "19:39",
        "20:29"
    ],
    "holiday": [
        "9:39",
        "10:39",
        "11:39",
        "12:39",
        "13:39",
        "14:39",
        "15:39",
        "16:39",
        "17:39",
        "18:39",
        "19:29",
        "20:29"
    ],
    "url": "https://www.kanachu.co.jp/dia/diagram/timetable01_js/course:0000800163-5/node:00129543/kt:0/lname:/"
}
