{
    "date": "2025/10/20",
    "name": "市営住宅入口(町田市)",
    "position": "-",
    "system": "町85",
    "destinations": [
        "南中学校前(町田市)",
        "金森四丁目",
        "南農協前",
        "町谷原",
        "南町谷原",
        "小川(町田市)",
        "やなぎ公園前",
        "すずかけ台駅"
    ],
    "weekday": [
        "9:15",
        "9:39",
        "10:15",
        "10:39",
        "11:15",
        "11:39",
        "12:15",
        "12:39",
        "13:15",
        "13:39",
        "14:15",
        "14:39",
        "15:15",
        "15:39",
        "16:15",
        "16:39",
        "17:15",
        "17:35",
        "18:15",
        "18:39",
        "19:15",
        "19:51",
        "20:39",
        "21:08"
    ],
    "saturday": [
        "9:15",
        "9:39",
        "10:15",
        "10:39",
        "11:15",
        "11:39",
        "12:15",
        "12:39",
        "13:15",
        "13:39",
        "14:15",
        "14:39",
        "15:15",
        "15:39",
        "16:15",
        "16:39",
        "17:15",
        "17:39",
        "18:15",
        "18:39",
        "19:15",
        "19:45",
        "20:33"
    ],
    "holiday": [
        "9:45",
        "10:45",
        "11:45",
        "12:45",
        "13:45",
        "14:45",
        "15:45",
        "16:45",
        "17:45",
        "18:45",
        "19:33",
        "20:33"
    ],
    "url": "https://www.kanachu.co.jp/dia/diagram/timetable01_js/course:0000800163-9/node:00129539/kt:0/lname:/"
}
