{
    "date": "2025/10/20",
    "name": "金森四丁目",
    "position": "-",
    "system": "町85",
    "destinations": [
        "南農協前",
        "町谷原",
        "南町谷原",
        "小川(町田市)",
        "やなぎ公園前",
        "すずかけ台駅"
    ],
    "weekday": [
        "9:17",
        "9:41",
        "10:17",
        "10:41",
        "11:17",
        "11:41",
        "12:17",
        "12:41",
        "13:17",
        "13:41",
        "14:17",
        "14:41",
        "15:17",
        "15:41",
        "16:17",
        "16:41",
        "17:17",
        "17:37",
        "18:17",
        "18:41",
        "19:17",
        "19:53",
        "20:41",
        "21:10"
    ],
    "saturday": [
        "9:17",
        "9:41",
        "10:17",
        "10:41",
        "11:17",
        "11:41",
        "12:17",
        "12:41",
        "13:17",
        "13:41",
        "14:17",
        "14:41",
        "15:17",
        "15:41",
        "16:17",
        "16:41",
        "17:17",
        "17:41",
        "18:17",
        "18:41",
        "19:17",
        "19:47",
        "20:35"
    ],
    "holiday": [
        "9:47",
        "10:47",
        "11:47",
        "12:47",
        "13:47",
        "14:47",
        "15:47",
        "16:47",
        "17:47",
        "18:47",
        "19:35",
        "20:35"
    ],
    "url": "https://www.kanachu.co.jp/dia/diagram/timetable01_js/course:0000800163-11/node:00129537/kt:0/lname:/"
}
