{
    "date": "2025/10/20",
    "name": "やなぎ公園前",
    "position": "-",
    "system": "町85",
    "destinations": [
        "すずかけ台駅"
    ],
    "weekday": [
        "9:23",
        "9:47",
        "10:23",
        "10:47",
        "11:23",
        "11:47",
        "12:23",
        "12:47",
        "13:23",
        "13:47",
        "14:23",
        "14:47",
        "15:23",
        "15:47",
        "16:23",
        "16:47",
        "17:23",
        "17:43",
        "18:23",
        "18:47",
        "19:23",
        "19:59",
        "20:46",
        "21:15"
    ],
    "saturday": [
        "9:23",
        "9:47",
        "10:23",
        "10:47",
        "11:23",
        "11:47",
        "12:24",
        "12:48",
        "13:24",
        "13:48",
        "14:24",
        "14:48",
        "15:24",
        "15:48",
        "16:24",
        "16:48",
        "17:24",
        "17:48",
        "18:24",
        "18:48",
        "19:24",
        "19:54",
        "20:40"
    ],
    "holiday": [
        "9:53",
        "10:53",
        "11:53",
        "12:54",
        "13:54",
        "14:54",
        "15:54",
        "16:54",
        "17:54",
        "18:54",
        "19:40",
        "20:40"
    ],
    "url": "https://www.kanachu.co.jp/dia/diagram/timetable01_js/course:0000800163-16/node:00129566/kt:0/lname:/"
}
