{
    "system": "町85",
    "busstops": [
        {
            "index": "1",
            "id": "00129544",
            "name": "町田ターミナル",
            "lat": "35.540177",
            "lng": "139.449604"
        },
        {
            "index": "2",
            "id": "00025625",
            "name": "町田バスセンター",
            "lat": "35.542593",
            "lng": "139.445914"
        },
        {
            "index": "3",
            "id": "00129465",
            "name": "原町田四丁目",
            "lat": "35.54358",
            "lng": "139.451946"
        },
        {
            "index": "4",
            "id": "00129546",
            "name": "原町田三丁目",
            "lat": "35.540625",
            "lng": "139.453244"
        },
        {
            "index": "5",
            "id": "00129543",
            "name": "三塚",
            "lat": "35.539165",
            "lng": "139.453609"
        },
        {
            "index": "6",
            "id": "00129542",
            "name": "南橋(町田市)",
            "lat": "35.536731",
            "lng": "139.455898"
        },
        {
            "index": "7",
            "id": "00129541",
            "name": "金森郵便局前",
            "lat": "35.533898",
            "lng": "139.459924"
        },
        {
            "index": "8",
            "id": "00129540",
            "name": "金森",
            "lat": "35.532647",
            "lng": "139.461104"
        },
        {
            "index": "9",
            "id": "00129539",
            "name": "市営住宅入口(町田市)",
            "lat": "35.529124",
            "lng": "139.462792"
        },
        {
            "index": "10",
            "id": "00129538",
            "name": "南中学校前(町田市)",
            "lat": "35.527715",
            "lng": "139.464214"
        },
        {
            "index": "11",
            "id": "00129537",
            "name": "金森四丁目",
            "lat": "35.5255",
            "lng": "139.466651"
        },
        {
            "index": "12",
            "id": "00129536",
            "name": "南農協前",
            "lat": "35.524335",
            "lng": "139.467874"
        },
        {
            "index": "13",
            "id": "00129535",
            "name": "町谷原",
            "lat": "35.522921",
            "lng": "139.469425"
        },
        {
            "index": "14",
            "id": "00129534",
            "name": "南町谷原",
            "lat": "35.519172",
            "lng": "139.472206"
        },
        {
            "index": "15",
            "id": "00129565",
            "name": "小川(町田市)",
            "lat": "35.51765",
            "lng": "139.474147"
        },
        {
            "index": "16",
            "id": "00129566",
            "name": "やなぎ公園前",
            "lat": "35.519037",
            "lng": "139.478757"
        },
        {
            "index": "17",
            "id": "00129567",
            "name": "すずかけ台駅",
            "lat": "35.516987",
            "lng": "139.481012"
        }
    ],
    "route_url": "https://www.kanachu.co.jp/dia/route/index/cid:0000800163/"
}
