{
    "date": "2024/07/08",
    "name": "木曽住宅",
    "position": "",
    "system": "町34",
    "destinations": [
        "三家(町田市)",
        "木曽(町田市)",
        "忠生公園入口",
        "忠生公園前",
        "忠生二丁目",
        "町田工業高校前",
        "忠生三丁目",
        "忠霊塔前",
        "忠生四丁目",
        "桜美林学園",
        "唐沢(町田市)",
        "桜台入口(町田市)",
        "桜台一丁目(町田市)",
        "桜台センター前",
        "桜台二丁目(町田市)",
        "小山田桜台"
    ],
    "weekday": [
        "9:23",
        "10:23",
        "11:23",
        "12:23",
        "13:23",
        "14:23",
        "15:23",
        "16:23",
        "17:36"
    ],
    "saturday": [
        "9:22",
        "10:22",
        "11:23",
        "12:23",
        "13:23",
        "14:24",
        "15:24",
        "16:24",
        "17:24"
    ],
    "holiday": [],
    "url": "https://www.kanachu.co.jp/dia/diagram/timetable01_js/course:0000802951-8/node:00129362/kt:0/lname:/"
}
