{
    "date": "2024/07/08",
    "name": "三家(町田市)",
    "position": "",
    "system": "町34",
    "destinations": [
        "木曽(町田市)",
        "忠生公園入口",
        "忠生公園前",
        "忠生二丁目",
        "町田工業高校前",
        "忠生三丁目",
        "忠霊塔前",
        "忠生四丁目",
        "桜美林学園",
        "唐沢(町田市)",
        "桜台入口(町田市)",
        "桜台一丁目(町田市)",
        "桜台センター前",
        "桜台二丁目(町田市)",
        "小山田桜台"
    ],
    "weekday": [
        "9:24",
        "10:24",
        "11:24",
        "12:24",
        "13:24",
        "14:24",
        "15:24",
        "16:24",
        "17:37"
    ],
    "saturday": [
        "9:23",
        "10:23",
        "11:24",
        "12:24",
        "13:24",
        "14:25",
        "15:25",
        "16:25",
        "17:25"
    ],
    "holiday": [],
    "url": "https://www.kanachu.co.jp/dia/diagram/timetable01_js/course:0000802951-9/node:00129363/kt:0/lname:/"
}
