{
    "date": "2024/07/08",
    "name": "忠霊塔前",
    "position": "",
    "system": "町34",
    "destinations": [
        "忠生四丁目",
        "桜美林学園",
        "唐沢(町田市)",
        "桜台入口(町田市)",
        "桜台一丁目(町田市)",
        "桜台センター前",
        "桜台二丁目(町田市)",
        "小山田桜台"
    ],
    "weekday": [
        "9:32",
        "10:32",
        "11:32",
        "12:32",
        "13:32",
        "14:32",
        "15:32",
        "16:32",
        "17:45"
    ],
    "saturday": [
        "9:31",
        "10:31",
        "11:32",
        "12:32",
        "13:32",
        "14:33",
        "15:33",
        "16:33",
        "17:33"
    ],
    "holiday": [],
    "url": "https://www.kanachu.co.jp/dia/diagram/timetable01_js/course:0000802951-16/node:00130511/kt:0/lname:/"
}
