{
    "date": "2024/07/08",
    "name": "唐沢(町田市)",
    "position": "",
    "system": "町34",
    "destinations": [
        "桜台入口(町田市)",
        "桜台一丁目(町田市)",
        "桜台センター前",
        "桜台二丁目(町田市)",
        "小山田桜台"
    ],
    "weekday": [
        "9:36",
        "10:36",
        "11:36",
        "12:36",
        "13:36",
        "14:36",
        "15:36",
        "16:36",
        "17:49"
    ],
    "saturday": [
        "9:34",
        "10:34",
        "11:36",
        "12:36",
        "13:36",
        "14:37",
        "15:37",
        "16:37",
        "17:37"
    ],
    "holiday": [],
    "url": "https://www.kanachu.co.jp/dia/diagram/timetable01_js/course:0000802951-19/node:00129401/kt:0/lname:/"
}
