{
    "date": "2026/01/16",
    "name": "ポプラヶ丘前",
    "position": "-",
    "system": "つ01",
    "destinations": [
        "成瀬台入口",
        "観性寺前",
        "中村(町田市成瀬)",
        "成瀬高校入口",
        "南成瀬",
        "成瀬駅",
        "成瀬駅ガード南",
        "小川高校入口",
        "小川かえで公園前",
        "小川小学校前",
        "柳谷戸",
        "小川中央",
        "つくし野二丁目(町田市)",
        "つくし野小学校",
        "つくし野駅"
    ],
    "weekday": [
        "6:25",
        "7:01",
        "7:31",
        "8:13",
        "8:57",
        "9:57",
        "12:04",
        "14:04",
        "16:03",
        "17:27",
        "18:27",
        "19:22"
    ],
    "saturday": [
        "6:33",
        "7:03",
        "7:57",
        "9:01",
        "11:04",
        "12:04",
        "14:04",
        "16:04",
        "17:04",
        "18:04",
        "19:12"
    ],
    "holiday": [
        "8:26",
        "9:24",
        "11:04",
        "12:04",
        "14:04",
        "16:04",
        "17:04",
        "18:04"
    ],
    "url": "https://www.kanachu.co.jp/dia/diagram/timetable01_js/course:0000804102-4/node:00129600/kt:0/lname:/"
}
