{
    "date": "2026/01/16",
    "name": "小川高校入口",
    "position": "-",
    "system": "つ01",
    "destinations": [
        "小川かえで公園前",
        "小川小学校前",
        "柳谷戸",
        "小川中央",
        "つくし野二丁目(町田市)",
        "つくし野小学校",
        "つくし野駅"
    ],
    "weekday": [
        "6:38",
        "7:17",
        "7:47",
        "8:29",
        "9:10",
        "10:10",
        "12:17",
        "14:17",
        "16:16",
        "17:41",
        "18:41",
        "19:36"
    ],
    "saturday": [
        "6:46",
        "7:16",
        "8:10",
        "9:14",
        "11:17",
        "12:17",
        "14:19",
        "16:19",
        "17:18",
        "18:18",
        "19:26"
    ],
    "holiday": [
        "8:39",
        "9:37",
        "11:17",
        "12:17",
        "14:19",
        "16:19",
        "17:18",
        "18:18"
    ],
    "url": "https://www.kanachu.co.jp/dia/diagram/timetable01_js/course:0000804102-12/node:00129550/kt:0/lname:/"
}
