{
    "date": "2026/01/16",
    "name": "柳谷戸",
    "position": "-",
    "system": "つ01",
    "destinations": [
        "小川中央",
        "つくし野二丁目(町田市)",
        "つくし野小学校",
        "つくし野駅"
    ],
    "weekday": [
        "6:42",
        "7:21",
        "7:51",
        "8:33",
        "9:14",
        "10:14",
        "12:21",
        "14:21",
        "16:20",
        "17:45",
        "18:45",
        "19:40"
    ],
    "saturday": [
        "6:50",
        "7:20",
        "8:14",
        "9:18",
        "11:21",
        "12:21",
        "14:23",
        "16:23",
        "17:22",
        "18:22",
        "19:30"
    ],
    "holiday": [
        "8:43",
        "9:41",
        "11:21",
        "12:21",
        "14:23",
        "16:23",
        "17:22",
        "18:22"
    ],
    "url": "https://www.kanachu.co.jp/dia/diagram/timetable01_js/course:0000804102-15/node:00129554/kt:0/lname:/"
}
