{
    "date": "2026/01/16",
    "name": "つくし野小学校",
    "position": "-",
    "system": "つ01",
    "destinations": [
        "つくし野駅"
    ],
    "weekday": [
        "6:45",
        "7:24",
        "7:54",
        "8:36",
        "9:17",
        "10:17",
        "12:24",
        "14:24",
        "16:23",
        "17:48",
        "18:48",
        "19:43"
    ],
    "saturday": [
        "6:53",
        "7:23",
        "8:17",
        "9:21",
        "11:24",
        "12:24",
        "14:26",
        "16:26",
        "17:25",
        "18:25",
        "19:33"
    ],
    "holiday": [
        "8:46",
        "9:44",
        "11:24",
        "12:24",
        "14:26",
        "16:26",
        "17:25",
        "18:25"
    ],
    "url": "https://www.kanachu.co.jp/dia/diagram/timetable01_js/course:0000804102-18/node:00129556/kt:0/lname:/"
}
