{
    "date": "2025/03/15",
    "name": "円行上庭",
    "position": "-",
    "system": "湘24",
    "destinations": [
        "北警察署前(藤沢市)",
        "工業団地入口(藤沢市)",
        "南大山",
        "遠藤(藤沢市)",
        "六地蔵(藤沢市)",
        "仲之桜",
        "笹久保(藤沢市)",
        "慶応大学",
        "慶応大学本館前",
        "慶応中高等部前"
    ],
    "weekday": [
        "13:16",
        "14:16",
        "15:11",
        "16:16",
        "17:16",
        "18:16",
        "19:16",
        "20:11",
        "21:11"
    ],
    "saturday": [],
    "holiday": [],
    "url": "https://www.kanachu.co.jp/dia/diagram/timetable01_js/course:0000800857-2/node:00129896/kt:0/lname:/"
}
