{
    "date": "2025/03/15",
    "name": "六地蔵(藤沢市)",
    "position": "-",
    "system": "湘24",
    "destinations": [
        "仲之桜",
        "笹久保(藤沢市)",
        "慶応大学",
        "慶応大学本館前",
        "慶応中高等部前"
    ],
    "weekday": [
        "13:24",
        "14:24",
        "15:19",
        "16:24",
        "17:24",
        "18:24",
        "19:24",
        "20:19",
        "21:19"
    ],
    "saturday": [],
    "holiday": [],
    "url": "https://www.kanachu.co.jp/dia/diagram/timetable01_js/course:0000800857-7/node:00129913/kt:0/lname:/"
}
