{
    "date": "2026/01/16",
    "name": "旭中学校(相模原市緑区)",
    "position": "-",
    "system": "橋59",
    "destinations": [
        "橋本二丁目",
        "橋本駅南口"
    ],
    "weekday": [
        "8:00",
        "8:30",
        "9:00",
        "9:22",
        "10:22",
        "11:22",
        "12:22",
        "13:22",
        "14:22",
        "15:22",
        "16:22",
        "17:24",
        "18:14",
        "18:54",
        "19:34",
        "20:10",
        "20:49",
        "21:24",
        "22:04"
    ],
    "saturday": [
        "7:45",
        "8:15",
        "8:45",
        "9:15",
        "10:17",
        "11:17",
        "12:17",
        "13:17",
        "14:17",
        "15:17",
        "16:17",
        "17:17",
        "17:57",
        "18:37",
        "19:15",
        "19:55",
        "20:35",
        "21:55"
    ],
    "holiday": [
        "7:45",
        "8:15",
        "8:45",
        "9:15",
        "10:17",
        "11:17",
        "12:17",
        "13:17",
        "14:17",
        "15:17",
        "16:17",
        "17:20",
        "18:00",
        "18:40",
        "19:18",
        "19:58",
        "20:35",
        "21:55"
    ],
    "url": "https://www.kanachu.co.jp/dia/diagram/timetable01_js/course:0000804086-10/node:00129066/kt:0/lname:/"
}
