{
    "date": "2025/03/15",
    "name": "慶応大学",
    "position": "-",
    "system": "湘23",
    "destinations": [
        "藤沢ジャンボゴルフ前(藤沢市)",
        "遠藤(藤沢市)",
        "南大山",
        "工業団地入口(藤沢市)",
        "北警察署前(藤沢市)",
        "湘南台駅西口"
    ],
    "weekday": [
        "8:12",
        "8:24",
        "8:29",
        "8:35",
        "9:42",
        "10:27",
        "10:43",
        "10:53",
        "11:20",
        "11:30",
        "12:15",
        "12:30",
        "13:10",
        "13:20",
        "13:30",
        "13:40",
        "14:10",
        "14:20"
    ],
    "saturday": [
        "8:20",
        "8:31",
        "9:15",
        "10:12",
        "11:20"
    ],
    "holiday": [
        "8:10",
        "8:25",
        "8:40",
        "8:55",
        "9:10",
        "9:25",
        "9:47",
        "10:10",
        "10:32",
        "10:55",
        "11:17",
        "11:40",
        "12:02",
        "12:25",
        "12:47",
        "13:10",
        "13:32",
        "13:55",
        "14:17",
        "14:40",
        "15:02",
        "15:25",
        "15:47",
        "16:10",
        "16:32",
        "16:55",
        "17:17",
        "17:40",
        "18:02",
        "18:25",
        "19:38",
        "20:13"
    ],
    "url": "https://www.kanachu.co.jp/dia/diagram/timetable01_js/course:0000801015-1/node:00129985/kt:0/lname:/"
}
