{
    "date": "2025/03/15",
    "name": "遠藤(藤沢市)",
    "position": "-",
    "system": "湘23",
    "destinations": [
        "南大山",
        "工業団地入口(藤沢市)",
        "北警察署前(藤沢市)",
        "湘南台駅西口"
    ],
    "weekday": [
        "8:14",
        "8:26",
        "8:31",
        "8:37",
        "9:44",
        "10:29",
        "10:45",
        "10:55",
        "11:22",
        "11:32",
        "12:17",
        "12:32",
        "13:12",
        "13:22",
        "13:32",
        "13:42",
        "14:12",
        "14:22"
    ],
    "saturday": [
        "8:22",
        "8:33",
        "9:17",
        "10:14",
        "11:22"
    ],
    "holiday": [
        "8:12",
        "8:27",
        "8:42",
        "8:57",
        "9:12",
        "9:27",
        "9:49",
        "10:12",
        "10:34",
        "10:57",
        "11:19",
        "11:42",
        "12:04",
        "12:27",
        "12:49",
        "13:12",
        "13:34",
        "13:57",
        "14:19",
        "14:42",
        "15:04",
        "15:27",
        "15:49",
        "16:12",
        "16:34",
        "16:57",
        "17:19",
        "17:42",
        "18:04",
        "18:27",
        "19:40",
        "20:15"
    ],
    "url": "https://www.kanachu.co.jp/dia/diagram/timetable01_js/course:0000801015-3/node:00129919/kt:0/lname:/"
}
