{
    "date": "2012/09/01",
    "name": "愛光病院前",
    "position": "-",
    "system": "厚95",
    "destinations": [
        "戸室",
        "林(厚木市)",
        "王子入口",
        "高校入口(厚木市)",
        "王子(厚木市)"
    ],
    "weekday": [
        "7:49",
        "7:59",
        "8:09",
        "8:14",
        "8:20"
    ],
    "saturday": [],
    "holiday": [],
    "url": "https://www.kanachu.co.jp/dia/diagram/timetable01_js/course:0000801693-6/node:00128397/kt:0/lname:/"
}
