{
    "date": "2024/11/16",
    "name": "小糸",
    "position": "-",
    "system": "藤12",
    "destinations": [
        "南センター前(藤沢市)",
        "西高校前(藤沢市)",
        "有藤",
        "大庭隧道",
        "城南一丁目",
        "四ツ谷(藤沢市)",
        "辻堂入口",
        "羽鳥(藤沢市)",
        "メルシャン前",
        "引地橋",
        "一中入口(藤沢市)",
        "湘南高校前",
        "台町(藤沢市)",
        "白旗交差点",
        "本町小学校前(藤沢市)",
        "南仲通り二丁目",
        "南仲通り",
        "相生町(藤沢市)",
        "三富士町",
        "藤沢駅北口"
    ],
    "weekday": [
        "6:31",
        "7:32",
        "8:17",
        "9:04",
        "10:32",
        "12:32",
        "13:32",
        "14:32",
        "15:39",
        "16:34",
        "17:32",
        "18:37"
    ],
    "saturday": [
        "7:37",
        "8:37",
        "9:37",
        "10:37",
        "11:39",
        "12:39",
        "13:37",
        "14:37",
        "15:42",
        "16:42",
        "17:42",
        "18:32"
    ],
    "holiday": [
        "7:37",
        "8:37",
        "9:37",
        "10:37",
        "11:39",
        "12:39",
        "13:37",
        "14:37",
        "15:42",
        "16:42",
        "17:42",
        "18:32"
    ],
    "url": "https://www.kanachu.co.jp/dia/diagram/timetable01_js/course:0000802686-8/node:00129941/kt:0/lname:/"
}
