{
    "date": "2024/11/16",
    "name": "有藤",
    "position": "-",
    "system": "藤12",
    "destinations": [
        "大庭隧道",
        "城南一丁目",
        "四ツ谷(藤沢市)",
        "辻堂入口",
        "羽鳥(藤沢市)",
        "メルシャン前",
        "引地橋",
        "一中入口(藤沢市)",
        "湘南高校前",
        "台町(藤沢市)",
        "白旗交差点",
        "本町小学校前(藤沢市)",
        "南仲通り二丁目",
        "南仲通り",
        "相生町(藤沢市)",
        "三富士町",
        "藤沢駅北口"
    ],
    "weekday": [
        "6:33",
        "7:35",
        "8:20",
        "9:07",
        "10:35",
        "12:35",
        "13:35",
        "14:35",
        "15:42",
        "16:37",
        "17:35",
        "18:39"
    ],
    "saturday": [
        "7:39",
        "8:40",
        "9:40",
        "10:40",
        "11:42",
        "12:42",
        "13:40",
        "14:40",
        "15:45",
        "16:45",
        "17:45",
        "18:34"
    ],
    "holiday": [
        "7:39",
        "8:40",
        "9:40",
        "10:40",
        "11:42",
        "12:42",
        "13:40",
        "14:40",
        "15:45",
        "16:45",
        "17:45",
        "18:34"
    ],
    "url": "https://www.kanachu.co.jp/dia/diagram/timetable01_js/course:0000802686-11/node:00129938/kt:0/lname:/"
}
