{
    "date": "2024/11/16",
    "name": "メルシャン前",
    "position": "-",
    "system": "藤12",
    "destinations": [
        "引地橋",
        "一中入口(藤沢市)",
        "湘南高校前",
        "台町(藤沢市)",
        "白旗交差点",
        "本町小学校前(藤沢市)",
        "南仲通り二丁目",
        "南仲通り",
        "相生町(藤沢市)",
        "三富士町",
        "藤沢駅北口"
    ],
    "weekday": [
        "6:41",
        "7:45",
        "8:30",
        "9:17",
        "10:45",
        "12:45",
        "13:45",
        "14:45",
        "15:52",
        "16:47",
        "17:45",
        "18:48"
    ],
    "saturday": [
        "7:47",
        "8:48",
        "9:48",
        "10:50",
        "11:52",
        "12:52",
        "13:50",
        "14:50",
        "15:55",
        "16:55",
        "17:55",
        "18:43"
    ],
    "holiday": [
        "7:47",
        "8:48",
        "9:48",
        "10:50",
        "11:52",
        "12:52",
        "13:50",
        "14:50",
        "15:55",
        "16:55",
        "17:55",
        "18:43"
    ],
    "url": "https://www.kanachu.co.jp/dia/diagram/timetable01_js/course:0000802686-17/node:00127053/kt:0/lname:/"
}
