{
    "date": "2024/11/16",
    "name": "引地橋",
    "position": "-",
    "system": "藤12",
    "destinations": [
        "一中入口(藤沢市)",
        "湘南高校前",
        "台町(藤沢市)",
        "白旗交差点",
        "本町小学校前(藤沢市)",
        "南仲通り二丁目",
        "南仲通り",
        "相生町(藤沢市)",
        "三富士町",
        "藤沢駅北口"
    ],
    "weekday": [
        "6:42",
        "7:46",
        "8:31",
        "9:18",
        "10:46",
        "12:46",
        "13:46",
        "14:46",
        "15:53",
        "16:48",
        "17:46",
        "18:49"
    ],
    "saturday": [
        "7:48",
        "8:49",
        "9:49",
        "10:51",
        "11:53",
        "12:53",
        "13:51",
        "14:51",
        "15:56",
        "16:56",
        "17:56",
        "18:44"
    ],
    "holiday": [
        "7:48",
        "8:49",
        "9:49",
        "10:51",
        "11:53",
        "12:53",
        "13:51",
        "14:51",
        "15:56",
        "16:56",
        "17:56",
        "18:44"
    ],
    "url": "https://www.kanachu.co.jp/dia/diagram/timetable01_js/course:0000802686-18/node:00127052/kt:0/lname:/"
}
