{
    "date": "2024/11/16",
    "name": "本町小学校前(藤沢市)",
    "position": "-",
    "system": "藤12",
    "destinations": [
        "南仲通り二丁目",
        "南仲通り",
        "相生町(藤沢市)",
        "三富士町",
        "藤沢駅北口"
    ],
    "weekday": [
        "6:47",
        "7:53",
        "8:38",
        "9:24",
        "10:52",
        "12:52",
        "13:52",
        "14:52",
        "15:59",
        "16:55",
        "17:53",
        "18:55"
    ],
    "saturday": [
        "7:53",
        "8:55",
        "9:55",
        "10:57",
        "11:59",
        "12:59",
        "13:57",
        "14:57",
        "16:03",
        "17:03",
        "18:03",
        "18:50"
    ],
    "holiday": [
        "7:53",
        "8:55",
        "9:55",
        "10:57",
        "11:59",
        "12:59",
        "13:57",
        "14:57",
        "16:03",
        "17:03",
        "18:03",
        "18:50"
    ],
    "url": "https://www.kanachu.co.jp/dia/diagram/timetable01_js/course:0000802686-23/node:00127109/kt:0/lname:/"
}
