{
    "date": "2024/11/16",
    "name": "南仲通り",
    "position": "-",
    "system": "藤12",
    "destinations": [
        "相生町(藤沢市)",
        "三富士町",
        "藤沢駅北口"
    ],
    "weekday": [
        "6:49",
        "7:55",
        "8:40",
        "9:26",
        "10:54",
        "12:54",
        "13:54",
        "14:54",
        "16:01",
        "16:57",
        "17:55",
        "18:57"
    ],
    "saturday": [
        "7:55",
        "8:57",
        "9:57",
        "10:59",
        "12:01",
        "13:01",
        "13:59",
        "14:59",
        "16:05",
        "17:05",
        "18:05",
        "18:52"
    ],
    "holiday": [
        "7:55",
        "8:57",
        "9:57",
        "10:59",
        "12:01",
        "13:01",
        "13:59",
        "14:59",
        "16:05",
        "17:05",
        "18:05",
        "18:52"
    ],
    "url": "https://www.kanachu.co.jp/dia/diagram/timetable01_js/course:0000802686-25/node:00126973/kt:0/lname:/"
}
