{
    "date": "2024/11/16",
    "name": "相生町(藤沢市)",
    "position": "-",
    "system": "藤12",
    "destinations": [
        "三富士町",
        "藤沢駅北口"
    ],
    "weekday": [
        "6:50",
        "7:56",
        "8:41",
        "9:27",
        "10:55",
        "12:55",
        "13:55",
        "14:55",
        "16:02",
        "16:58",
        "17:56",
        "18:58"
    ],
    "saturday": [
        "7:56",
        "8:58",
        "9:58",
        "11:00",
        "12:02",
        "13:02",
        "14:00",
        "15:00",
        "16:06",
        "17:06",
        "18:06",
        "18:53"
    ],
    "holiday": [
        "7:56",
        "8:58",
        "9:58",
        "11:00",
        "12:02",
        "13:02",
        "14:00",
        "15:00",
        "16:06",
        "17:06",
        "18:06",
        "18:53"
    ],
    "url": "https://www.kanachu.co.jp/dia/diagram/timetable01_js/course:0000802686-26/node:00126972/kt:0/lname:/"
}
