{
    "date": "2025/08/30",
    "name": "横浜パークタウン",
    "position": "-",
    "system": "井12",
    "destinations": [
        "引越坂",
        "大池(横浜市南区)",
        "上六ツ川",
        "六ツ川町",
        "弘明寺口",
        "南永田",
        "住宅前(横浜市南区)",
        "井土ヶ谷",
        "井土ヶ谷下町"
    ],
    "weekday": [
        "6:35",
        "6:55",
        "7:07",
        "7:19",
        "7:31",
        "7:43",
        "7:55",
        "8:07",
        "8:29",
        "8:52",
        "9:14",
        "9:50",
        "10:30",
        "11:10",
        "11:50",
        "12:30",
        "13:10",
        "13:50",
        "14:30",
        "15:14",
        "15:42",
        "16:24",
        "17:14",
        "17:44",
        "18:14",
        "18:44",
        "19:14",
        "19:44",
        "20:14",
        "21:14"
    ],
    "saturday": [
        "6:50",
        "7:20",
        "7:50",
        "8:20",
        "8:50",
        "9:20",
        "9:50",
        "10:20",
        "10:50",
        "11:35",
        "12:20",
        "13:05",
        "13:50",
        "14:35",
        "15:20",
        "16:05",
        "16:50",
        "17:35",
        "18:20",
        "19:05",
        "19:50",
        "20:35"
    ],
    "holiday": [
        "6:50",
        "7:20",
        "7:50",
        "8:20",
        "8:50",
        "9:20",
        "9:50",
        "10:20",
        "10:50",
        "11:35",
        "12:20",
        "13:05",
        "13:50",
        "14:35",
        "15:20",
        "16:05",
        "16:50",
        "17:35",
        "18:20",
        "19:05",
        "19:50",
        "20:35"
    ],
    "url": "https://www.kanachu.co.jp/dia/diagram/timetable01_js/course:0000801031-1/node:00126635/kt:0/lname:/"
}
