{
    "date": "2025/08/30",
    "name": "上六ツ川",
    "position": "-",
    "system": "井12",
    "destinations": [
        "六ツ川町",
        "弘明寺口",
        "南永田",
        "住宅前(横浜市南区)",
        "井土ヶ谷",
        "井土ヶ谷下町"
    ],
    "weekday": [
        "6:39",
        "6:59",
        "7:12",
        "7:24",
        "7:36",
        "7:48",
        "8:00",
        "8:12",
        "8:34",
        "8:57",
        "9:18",
        "9:54",
        "10:34",
        "11:14",
        "11:54",
        "12:34",
        "13:14",
        "13:54",
        "14:34",
        "15:18",
        "15:46",
        "16:28",
        "17:18",
        "17:48",
        "18:18",
        "18:48",
        "19:18",
        "19:48",
        "20:18",
        "21:18"
    ],
    "saturday": [
        "6:54",
        "7:24",
        "7:54",
        "8:24",
        "8:54",
        "9:24",
        "9:54",
        "10:24",
        "10:54",
        "11:39",
        "12:24",
        "13:10",
        "13:55",
        "14:40",
        "15:25",
        "16:10",
        "16:55",
        "17:40",
        "18:25",
        "19:09",
        "19:54",
        "20:39"
    ],
    "holiday": [
        "6:54",
        "7:24",
        "7:54",
        "8:24",
        "8:54",
        "9:24",
        "9:54",
        "10:24",
        "10:54",
        "11:39",
        "12:24",
        "13:10",
        "13:55",
        "14:40",
        "15:25",
        "16:10",
        "16:55",
        "17:40",
        "18:25",
        "19:09",
        "19:54",
        "20:39"
    ],
    "url": "https://www.kanachu.co.jp/dia/diagram/timetable01_js/course:0000801031-4/node:00126626/kt:0/lname:/"
}
