{
    "date": "2025/08/30",
    "name": "六ツ川町",
    "position": "-",
    "system": "井12",
    "destinations": [
        "弘明寺口",
        "南永田",
        "住宅前(横浜市南区)",
        "井土ヶ谷",
        "井土ヶ谷下町"
    ],
    "weekday": [
        "6:41",
        "7:01",
        "7:14",
        "7:26",
        "7:38",
        "7:50",
        "8:02",
        "8:14",
        "8:36",
        "8:59",
        "9:20",
        "9:56",
        "10:36",
        "11:16",
        "11:56",
        "12:36",
        "13:16",
        "13:56",
        "14:36",
        "15:20",
        "15:48",
        "16:30",
        "17:20",
        "17:50",
        "18:20",
        "18:50",
        "19:20",
        "19:50",
        "20:20",
        "21:20"
    ],
    "saturday": [
        "6:56",
        "7:26",
        "7:56",
        "8:26",
        "8:56",
        "9:26",
        "9:56",
        "10:26",
        "10:56",
        "11:41",
        "12:26",
        "13:12",
        "13:57",
        "14:42",
        "15:27",
        "16:12",
        "16:57",
        "17:42",
        "18:27",
        "19:11",
        "19:56",
        "20:41"
    ],
    "holiday": [
        "6:56",
        "7:26",
        "7:56",
        "8:26",
        "8:56",
        "9:26",
        "9:56",
        "10:26",
        "10:56",
        "11:41",
        "12:26",
        "13:12",
        "13:57",
        "14:42",
        "15:27",
        "16:12",
        "16:57",
        "17:42",
        "18:27",
        "19:11",
        "19:56",
        "20:41"
    ],
    "url": "https://www.kanachu.co.jp/dia/diagram/timetable01_js/course:0000801031-5/node:00126627/kt:0/lname:/"
}
