{
    "date": "2025/08/30",
    "name": "井土ヶ谷",
    "position": "-",
    "system": "井12",
    "destinations": [
        "井土ヶ谷下町"
    ],
    "weekday": [
        "6:48",
        "7:09",
        "7:22",
        "7:34",
        "7:46",
        "7:58",
        "8:10",
        "8:22",
        "8:44",
        "9:06",
        "9:27",
        "10:03",
        "10:43",
        "11:23",
        "12:03",
        "12:43",
        "13:23",
        "14:03",
        "14:43",
        "15:27",
        "15:55",
        "16:37",
        "17:27",
        "17:57",
        "18:27",
        "18:57",
        "19:27",
        "19:57",
        "20:27",
        "21:27"
    ],
    "saturday": [
        "7:03",
        "7:33",
        "8:03",
        "8:33",
        "9:03",
        "9:33",
        "10:03",
        "10:33",
        "11:03",
        "11:48",
        "12:33",
        "13:20",
        "14:05",
        "14:50",
        "15:35",
        "16:20",
        "17:05",
        "17:50",
        "18:35",
        "19:18",
        "20:03",
        "20:48"
    ],
    "holiday": [
        "7:03",
        "7:33",
        "8:03",
        "8:33",
        "9:03",
        "9:33",
        "10:03",
        "10:33",
        "11:03",
        "11:48",
        "12:33",
        "13:20",
        "14:05",
        "14:50",
        "15:35",
        "16:20",
        "17:05",
        "17:50",
        "18:35",
        "19:18",
        "20:03",
        "20:48"
    ],
    "url": "https://www.kanachu.co.jp/dia/diagram/timetable01_js/course:0000801031-9/node:00102233/kt:0/lname:/"
}
