{
    "date": "2025/07/27",
    "name": "追分(平塚市)",
    "position": "-",
    "system": "平75",
    "destinations": [
        "江南高校前",
        "向原(平塚市)",
        "南原(平塚市)",
        "南原土手",
        "長瀬(平塚市)",
        "長持",
        "水神橋(平塚市)",
        "平塚支援学校前",
        "飯島(平塚市)",
        "片岡(平塚市)",
        "南金目",
        "金目駅",
        "北金目入口",
        "青柳(平塚市)",
        "東海大学正門前",
        "土屋橋",
        "寺分(平塚市)",
        "庶子分",
        "中庶子分",
        "土屋幼稚園前",
        "琵琶入口",
        "土屋霊園入口",
        "矢沢下",
        "矢沢(平塚市)",
        "七国荘",
        "七国峠",
        "井ノ口小学校前",
        "上井ノ口",
        "原(足柄上郡中井町)",
        "猪分",
        "東名秦野",
        "大竹(秦野市)",
        "西大竹",
        "養泉院",
        "秦野郵便局前",
        "秦野駅南口"
    ],
    "weekday": [
        "8:42",
        "17:53",
        "18:41"
    ],
    "saturday": [
        "7:56",
        "18:33"
    ],
    "holiday": [
        "7:56",
        "18:33"
    ],
    "url": "https://www.kanachu.co.jp/dia/diagram/timetable01_js/course:0000803378-7/node:00127556/kt:0/lname:/"
}
