{
    "date": "2025/07/27",
    "name": "平塚支援学校前",
    "position": "-",
    "system": "平75",
    "destinations": [
        "飯島(平塚市)",
        "片岡(平塚市)",
        "南金目",
        "金目駅",
        "北金目入口",
        "青柳(平塚市)",
        "東海大学正門前",
        "土屋橋",
        "寺分(平塚市)",
        "庶子分",
        "中庶子分",
        "土屋幼稚園前",
        "琵琶入口",
        "土屋霊園入口",
        "矢沢下",
        "矢沢(平塚市)",
        "七国荘",
        "七国峠",
        "井ノ口小学校前",
        "上井ノ口",
        "原(足柄上郡中井町)",
        "猪分",
        "東名秦野",
        "大竹(秦野市)",
        "西大竹",
        "養泉院",
        "秦野郵便局前",
        "秦野駅南口"
    ],
    "weekday": [
        "8:59",
        "18:08",
        "18:56"
    ],
    "saturday": [
        "8:06",
        "18:48"
    ],
    "holiday": [
        "8:06",
        "18:48"
    ],
    "url": "https://www.kanachu.co.jp/dia/diagram/timetable01_js/course:0000803378-15/node:00127735/kt:0/lname:/"
}
