{
    "date": "2025/07/27",
    "name": "寺分(平塚市)",
    "position": "-",
    "system": "平75",
    "destinations": [
        "庶子分",
        "中庶子分",
        "土屋幼稚園前",
        "琵琶入口",
        "土屋霊園入口",
        "矢沢下",
        "矢沢(平塚市)",
        "七国荘",
        "七国峠",
        "井ノ口小学校前",
        "上井ノ口",
        "原(足柄上郡中井町)",
        "猪分",
        "東名秦野",
        "大竹(秦野市)",
        "西大竹",
        "養泉院",
        "秦野郵便局前",
        "秦野駅南口"
    ],
    "weekday": [
        "9:11",
        "18:21",
        "19:09"
    ],
    "saturday": [
        "8:16",
        "18:58"
    ],
    "holiday": [
        "8:16",
        "18:58"
    ],
    "url": "https://www.kanachu.co.jp/dia/diagram/timetable01_js/course:0000803378-24/node:00127823/kt:0/lname:/"
}
