{
    "date": "2025/07/27",
    "name": "矢沢(平塚市)",
    "position": "-",
    "system": "平75",
    "destinations": [
        "七国荘",
        "七国峠",
        "井ノ口小学校前",
        "上井ノ口",
        "原(足柄上郡中井町)",
        "猪分",
        "東名秦野",
        "大竹(秦野市)",
        "西大竹",
        "養泉院",
        "秦野郵便局前",
        "秦野駅南口"
    ],
    "weekday": [
        "9:16",
        "18:26",
        "19:14"
    ],
    "saturday": [
        "8:21",
        "19:03"
    ],
    "holiday": [
        "8:21",
        "19:03"
    ],
    "url": "https://www.kanachu.co.jp/dia/diagram/timetable01_js/course:0000803378-31/node:00127816/kt:0/lname:/"
}
