{
    "date": "2025/07/27",
    "name": "七国峠",
    "position": "-",
    "system": "平75",
    "destinations": [
        "井ノ口小学校前",
        "上井ノ口",
        "原(足柄上郡中井町)",
        "猪分",
        "東名秦野",
        "大竹(秦野市)",
        "西大竹",
        "養泉院",
        "秦野郵便局前",
        "秦野駅南口"
    ],
    "weekday": [
        "9:19",
        "18:29",
        "19:17"
    ],
    "saturday": [
        "8:24",
        "19:06"
    ],
    "holiday": [
        "8:24",
        "19:06"
    ],
    "url": "https://www.kanachu.co.jp/dia/diagram/timetable01_js/course:0000803378-33/node:00127814/kt:0/lname:/"
}
