{
    "date": "2025/07/27",
    "name": "上井ノ口",
    "position": "-",
    "system": "平75",
    "destinations": [
        "原(足柄上郡中井町)",
        "猪分",
        "東名秦野",
        "大竹(秦野市)",
        "西大竹",
        "養泉院",
        "秦野郵便局前",
        "秦野駅南口"
    ],
    "weekday": [
        "9:24",
        "18:34",
        "19:22"
    ],
    "saturday": [
        "8:29",
        "19:11"
    ],
    "holiday": [
        "8:29",
        "19:11"
    ],
    "url": "https://www.kanachu.co.jp/dia/diagram/timetable01_js/course:0000803378-35/node:00127777/kt:0/lname:/"
}
