{
    "system": "湘25",
    "busstops": [
        {
            "index": "1",
            "id": "00129985",
            "name": "慶応大学",
            "lat": "35.389359",
            "lng": "139.431599"
        },
        {
            "index": "2",
            "id": "00129918",
            "name": "南大山",
            "lat": "35.393316",
            "lng": "139.447382"
        },
        {
            "index": "3",
            "id": "00129893",
            "name": "湘南台駅西口",
            "lat": "35.396197",
            "lng": "139.465719"
        }
    ],
    "route_url": "https://www.kanachu.co.jp/dia/route/index/cid:0000802873/"
}
