{
    "date": "2025/07/27",
    "name": "三協町入口",
    "position": "-",
    "system": "秦18",
    "destinations": [
        "農協本所前",
        "南中原",
        "白山塚",
        "日立製作所(秦野市)",
        "堀川東",
        "桜土手(秦野市)",
        "堀川小学校前(秦野市)",
        "渋沢駅北口"
    ],
    "weekday": [
        "7:10",
        "8:24",
        "10:35",
        "11:27",
        "14:17",
        "15:10",
        "18:51",
        "19:59"
    ],
    "saturday": [
        "8:41",
        "10:32",
        "17:10",
        "18:46"
    ],
    "holiday": [
        "8:41",
        "10:32",
        "17:10",
        "18:46"
    ],
    "url": "https://www.kanachu.co.jp/dia/diagram/timetable01_js/course:0000800410-10/node:00127985/kt:0/lname:/"
}
