{
    "date": "2025/07/27",
    "name": "日立製作所(秦野市)",
    "position": "-",
    "system": "秦18",
    "destinations": [
        "堀川東",
        "桜土手(秦野市)",
        "堀川小学校前(秦野市)",
        "渋沢駅北口"
    ],
    "weekday": [
        "7:14",
        "8:28",
        "10:39",
        "11:31",
        "14:21",
        "15:14",
        "18:55",
        "20:03"
    ],
    "saturday": [
        "8:45",
        "10:36",
        "17:14",
        "18:50"
    ],
    "holiday": [
        "8:45",
        "10:36",
        "17:14",
        "18:50"
    ],
    "url": "https://www.kanachu.co.jp/dia/diagram/timetable01_js/course:0000800410-14/node:00127925/kt:0/lname:/"
}
