{
    "date": "2026/01/16",
    "name": "鳥屋(相模原市緑区)",
    "position": "-",
    "system": "橋07",
    "destinations": [
        "西門坂",
        "鳥屋学園前",
        "鳥屋郵便局前",
        "中開戸",
        "渡戸(相模原市緑区)",
        "馬石橋",
        "南沢(相模原市緑区)",
        "六間入口",
        "関(相模原市緑区)",
        "上長竹",
        "長竹クラブ前",
        "長竹(相模原市緑区)",
        "串川橋",
        "上稲生",
        "稲生",
        "下稲生",
        "根小屋中野",
        "無料庵",
        "荒句",
        "城山登山口(相模原市緑区)",
        "小倉原",
        "宮原(相模原市緑区)",
        "小倉(相模原市緑区)",
        "小倉橋(相模原市緑区)",
        "久保沢",
        "城山総合事務所入口",
        "原宿(相模原市緑区)",
        "東原宿",
        "森の上",
        "二本松(相模原市緑区)",
        "相原中央",
        "相原台",
        "大西(相模原市緑区)",
        "上町(相模原市緑区)",
        "香福寺前",
        "旭小学校前(相模原市緑区)",
        "旭農協前",
        "橋本駅北口"
    ],
    "weekday": [
        "5:51",
        "6:46",
        "7:56",
        "9:01",
        "12:01",
        "13:01",
        "15:41",
        "16:41",
        "17:51",
        "18:51"
    ],
    "saturday": [
        "5:56",
        "6:56",
        "7:56",
        "9:01",
        "12:01",
        "13:01",
        "15:41",
        "16:41",
        "17:51",
        "18:51"
    ],
    "holiday": [
        "5:56",
        "6:56",
        "7:56",
        "9:01",
        "12:01",
        "13:01",
        "15:41",
        "16:41",
        "17:51",
        "18:51"
    ],
    "url": "https://www.kanachu.co.jp/dia/diagram/timetable01_js/course:0000804167-2/node:00128836/kt:0/lname:/"
}
