{
    "date": "2026/01/16",
    "name": "渡戸(相模原市緑区)",
    "position": "-",
    "system": "橋07",
    "destinations": [
        "馬石橋",
        "南沢(相模原市緑区)",
        "六間入口",
        "関(相模原市緑区)",
        "上長竹",
        "長竹クラブ前",
        "長竹(相模原市緑区)",
        "串川橋",
        "上稲生",
        "稲生",
        "下稲生",
        "根小屋中野",
        "無料庵",
        "荒句",
        "城山登山口(相模原市緑区)",
        "小倉原",
        "宮原(相模原市緑区)",
        "小倉(相模原市緑区)",
        "小倉橋(相模原市緑区)",
        "久保沢",
        "城山総合事務所入口",
        "原宿(相模原市緑区)",
        "東原宿",
        "森の上",
        "二本松(相模原市緑区)",
        "相原中央",
        "相原台",
        "大西(相模原市緑区)",
        "上町(相模原市緑区)",
        "香福寺前",
        "旭小学校前(相模原市緑区)",
        "旭農協前",
        "橋本駅北口"
    ],
    "weekday": [
        "5:54",
        "6:49",
        "7:59",
        "9:04",
        "12:04",
        "13:04",
        "15:44",
        "16:44",
        "17:54",
        "18:54"
    ],
    "saturday": [
        "5:59",
        "6:59",
        "7:59",
        "9:04",
        "12:04",
        "13:04",
        "15:44",
        "16:44",
        "17:54",
        "18:54"
    ],
    "holiday": [
        "5:59",
        "6:59",
        "7:59",
        "9:04",
        "12:04",
        "13:04",
        "15:44",
        "16:44",
        "17:54",
        "18:54"
    ],
    "url": "https://www.kanachu.co.jp/dia/diagram/timetable01_js/course:0000804167-7/node:00128831/kt:0/lname:/"
}
