{
    "date": "2026/01/16",
    "name": "荒句",
    "position": "-",
    "system": "橋07",
    "destinations": [
        "城山登山口(相模原市緑区)",
        "小倉原",
        "宮原(相模原市緑区)",
        "小倉(相模原市緑区)",
        "小倉橋(相模原市緑区)",
        "久保沢",
        "城山総合事務所入口",
        "原宿(相模原市緑区)",
        "東原宿",
        "森の上",
        "二本松(相模原市緑区)",
        "相原中央",
        "相原台",
        "大西(相模原市緑区)",
        "上町(相模原市緑区)",
        "香福寺前",
        "旭小学校前(相模原市緑区)",
        "旭農協前",
        "橋本駅北口"
    ],
    "weekday": [
        "6:08",
        "7:03",
        "8:13",
        "9:18",
        "12:18",
        "13:18",
        "15:58",
        "16:58",
        "18:08",
        "19:08"
    ],
    "saturday": [
        "6:13",
        "7:13",
        "8:13",
        "9:18",
        "12:18",
        "13:18",
        "15:58",
        "16:58",
        "18:08",
        "19:08"
    ],
    "holiday": [
        "6:13",
        "7:13",
        "8:13",
        "9:18",
        "12:18",
        "13:18",
        "15:58",
        "16:58",
        "18:08",
        "19:08"
    ],
    "url": "https://www.kanachu.co.jp/dia/diagram/timetable01_js/course:0000804167-21/node:00128846/kt:0/lname:/"
}
