{
    "date": "2026/01/16",
    "name": "宮原(相模原市緑区)",
    "position": "-",
    "system": "橋07",
    "destinations": [
        "小倉(相模原市緑区)",
        "小倉橋(相模原市緑区)",
        "久保沢",
        "城山総合事務所入口",
        "原宿(相模原市緑区)",
        "東原宿",
        "森の上",
        "二本松(相模原市緑区)",
        "相原中央",
        "相原台",
        "大西(相模原市緑区)",
        "上町(相模原市緑区)",
        "香福寺前",
        "旭小学校前(相模原市緑区)",
        "旭農協前",
        "橋本駅北口"
    ],
    "weekday": [
        "6:11",
        "7:06",
        "8:16",
        "9:21",
        "12:21",
        "13:21",
        "16:01",
        "17:01",
        "18:11",
        "19:11"
    ],
    "saturday": [
        "6:16",
        "7:16",
        "8:16",
        "9:21",
        "12:21",
        "13:21",
        "16:01",
        "17:01",
        "18:11",
        "19:11"
    ],
    "holiday": [
        "6:16",
        "7:16",
        "8:16",
        "9:21",
        "12:21",
        "13:21",
        "16:01",
        "17:01",
        "18:11",
        "19:11"
    ],
    "url": "https://www.kanachu.co.jp/dia/diagram/timetable01_js/course:0000804167-24/node:00128849/kt:0/lname:/"
}
