{
    "date": "2026/01/16",
    "name": "東原宿",
    "position": "-",
    "system": "橋07",
    "destinations": [
        "森の上",
        "二本松(相模原市緑区)",
        "相原中央",
        "相原台",
        "大西(相模原市緑区)",
        "上町(相模原市緑区)",
        "香福寺前",
        "旭小学校前(相模原市緑区)",
        "旭農協前",
        "橋本駅北口"
    ],
    "weekday": [
        "6:20",
        "7:15",
        "8:25",
        "9:30",
        "12:30",
        "13:30",
        "16:10",
        "17:10",
        "18:20",
        "19:20"
    ],
    "saturday": [
        "6:25",
        "7:25",
        "8:25",
        "9:30",
        "12:30",
        "13:30",
        "16:10",
        "17:10",
        "18:20",
        "19:20"
    ],
    "holiday": [
        "6:25",
        "7:25",
        "8:25",
        "9:30",
        "12:30",
        "13:30",
        "16:10",
        "17:10",
        "18:20",
        "19:20"
    ],
    "url": "https://www.kanachu.co.jp/dia/diagram/timetable01_js/course:0000804167-30/node:00128962/kt:0/lname:/"
}
