{
    "date": "2026/01/16",
    "name": "上町(相模原市緑区)",
    "position": "-",
    "system": "橋07",
    "destinations": [
        "香福寺前",
        "旭小学校前(相模原市緑区)",
        "旭農協前",
        "橋本駅北口"
    ],
    "weekday": [
        "6:26",
        "7:22",
        "8:32",
        "9:37",
        "12:37",
        "13:37",
        "16:17",
        "17:17",
        "18:27",
        "19:25"
    ],
    "saturday": [
        "6:30",
        "7:30",
        "8:30",
        "9:37",
        "12:37",
        "13:37",
        "16:17",
        "17:17",
        "18:27",
        "19:25"
    ],
    "holiday": [
        "6:30",
        "7:30",
        "8:30",
        "9:37",
        "12:37",
        "13:37",
        "16:17",
        "17:17",
        "18:27",
        "19:25"
    ],
    "url": "https://www.kanachu.co.jp/dia/diagram/timetable01_js/course:0000804167-36/node:00128968/kt:0/lname:/"
}
