{
    "date": "2025/04/01",
    "name": "下花水橋",
    "position": "-",
    "system": "平40",
    "destinations": [
        "なでしこ公民館前",
        "花水公園前",
        "花水台",
        "浜岳",
        "すみれ平局前",
        "浜岳中学校前",
        "花水公民館前",
        "桃浜町",
        "羽衣公園入口",
        "八重咲町",
        "平塚駅南口"
    ],
    "weekday": [
        "5:35",
        "5:49",
        "6:05",
        "6:41",
        "6:56",
        "7:17",
        "7:38",
        "7:59",
        "8:23",
        "8:31",
        "8:49",
        "9:21",
        "9:36",
        "10:01",
        "10:21",
        "11:01",
        "11:21",
        "12:01",
        "12:21",
        "13:01",
        "13:21",
        "14:01",
        "14:21",
        "15:01",
        "15:21",
        "16:01",
        "16:21",
        "17:01",
        "17:32",
        "21:13",
        "21:58"
    ],
    "saturday": [
        "6:11",
        "6:41",
        "7:21",
        "8:01",
        "8:21",
        "9:01",
        "9:21",
        "10:01",
        "10:21",
        "11:01",
        "11:21",
        "12:01",
        "12:21",
        "13:01",
        "13:21",
        "14:01",
        "14:21",
        "15:01",
        "15:21",
        "16:01",
        "16:21",
        "17:01",
        "17:21",
        "18:01",
        "18:21",
        "19:01",
        "19:21",
        "20:01",
        "21:05"
    ],
    "holiday": [
        "6:11",
        "6:41",
        "7:21",
        "8:01",
        "8:21",
        "9:01",
        "9:21",
        "10:01",
        "10:21",
        "11:01",
        "11:21",
        "12:01",
        "12:21",
        "13:01",
        "13:21",
        "14:01",
        "14:21",
        "15:01",
        "15:21",
        "16:01",
        "16:21",
        "17:01",
        "17:21",
        "18:01",
        "18:21",
        "19:01",
        "19:21",
        "20:01",
        "21:05"
    ],
    "url": "https://www.kanachu.co.jp/dia/diagram/timetable01_js/course:0000803786-2/node:00127451/kt:0/lname:/"
}
