{
    "date": "2025/04/01",
    "name": "すみれ平局前",
    "position": "-",
    "system": "平40",
    "destinations": [
        "浜岳中学校前",
        "花水公民館前",
        "桃浜町",
        "羽衣公園入口",
        "八重咲町",
        "平塚駅南口"
    ],
    "weekday": [
        "5:38",
        "5:52",
        "6:08",
        "6:44",
        "6:59",
        "7:20",
        "7:41",
        "8:02",
        "8:26",
        "8:34",
        "8:52",
        "9:24",
        "9:39",
        "10:04",
        "10:24",
        "11:04",
        "11:24",
        "12:04",
        "12:24",
        "13:04",
        "13:24",
        "14:04",
        "14:24",
        "15:04",
        "15:24",
        "16:04",
        "16:24",
        "17:04",
        "17:35",
        "21:16",
        "22:01"
    ],
    "saturday": [
        "6:14",
        "6:44",
        "7:24",
        "8:04",
        "8:24",
        "9:04",
        "9:24",
        "10:04",
        "10:24",
        "11:04",
        "11:24",
        "12:04",
        "12:24",
        "13:04",
        "13:24",
        "14:04",
        "14:24",
        "15:04",
        "15:24",
        "16:04",
        "16:24",
        "17:04",
        "17:24",
        "18:04",
        "18:24",
        "19:04",
        "19:24",
        "20:04",
        "21:08"
    ],
    "holiday": [
        "6:14",
        "6:44",
        "7:24",
        "8:04",
        "8:24",
        "9:04",
        "9:24",
        "10:04",
        "10:24",
        "11:04",
        "11:24",
        "12:04",
        "12:24",
        "13:04",
        "13:24",
        "14:04",
        "14:24",
        "15:04",
        "15:24",
        "16:04",
        "16:24",
        "17:04",
        "17:24",
        "18:04",
        "18:24",
        "19:04",
        "19:24",
        "20:04",
        "21:08"
    ],
    "url": "https://www.kanachu.co.jp/dia/diagram/timetable01_js/course:0000803786-7/node:00127446/kt:0/lname:/"
}
