{
    "date": "2025/04/01",
    "name": "花水公民館前",
    "position": "-",
    "system": "平40",
    "destinations": [
        "桃浜町",
        "羽衣公園入口",
        "八重咲町",
        "平塚駅南口"
    ],
    "weekday": [
        "5:40",
        "5:54",
        "6:10",
        "6:46",
        "7:01",
        "7:22",
        "7:43",
        "8:04",
        "8:28",
        "8:36",
        "8:54",
        "9:26",
        "9:41",
        "10:06",
        "10:26",
        "11:06",
        "11:26",
        "12:06",
        "12:26",
        "13:06",
        "13:26",
        "14:06",
        "14:26",
        "15:06",
        "15:26",
        "16:06",
        "16:26",
        "17:06",
        "17:37",
        "21:18",
        "22:03"
    ],
    "saturday": [
        "6:16",
        "6:46",
        "7:26",
        "8:06",
        "8:26",
        "9:06",
        "9:26",
        "10:06",
        "10:26",
        "11:06",
        "11:26",
        "12:06",
        "12:26",
        "13:06",
        "13:26",
        "14:06",
        "14:26",
        "15:06",
        "15:26",
        "16:06",
        "16:26",
        "17:06",
        "17:26",
        "18:06",
        "18:26",
        "19:06",
        "19:26",
        "20:06",
        "21:10"
    ],
    "holiday": [
        "6:16",
        "6:46",
        "7:26",
        "8:06",
        "8:26",
        "9:06",
        "9:26",
        "10:06",
        "10:26",
        "11:06",
        "11:26",
        "12:06",
        "12:26",
        "13:06",
        "13:26",
        "14:06",
        "14:26",
        "15:06",
        "15:26",
        "16:06",
        "16:26",
        "17:06",
        "17:26",
        "18:06",
        "18:26",
        "19:06",
        "19:26",
        "20:06",
        "21:10"
    ],
    "url": "https://www.kanachu.co.jp/dia/diagram/timetable01_js/course:0000803786-9/node:00127444/kt:0/lname:/"
}
