{
    "date": "2025/04/01",
    "name": "羽衣公園入口",
    "position": "-",
    "system": "平40",
    "destinations": [
        "八重咲町",
        "平塚駅南口"
    ],
    "weekday": [
        "5:42",
        "5:56",
        "6:12",
        "6:48",
        "7:03",
        "7:24",
        "7:45",
        "8:06",
        "8:30",
        "8:38",
        "8:56",
        "9:28",
        "9:43",
        "10:08",
        "10:28",
        "11:08",
        "11:28",
        "12:08",
        "12:28",
        "13:08",
        "13:28",
        "14:08",
        "14:28",
        "15:08",
        "15:28",
        "16:08",
        "16:28",
        "17:08",
        "17:39",
        "21:20",
        "22:05"
    ],
    "saturday": [
        "6:18",
        "6:48",
        "7:28",
        "8:08",
        "8:28",
        "9:08",
        "9:28",
        "10:08",
        "10:28",
        "11:08",
        "11:28",
        "12:08",
        "12:28",
        "13:08",
        "13:28",
        "14:08",
        "14:28",
        "15:08",
        "15:28",
        "16:08",
        "16:28",
        "17:08",
        "17:28",
        "18:08",
        "18:28",
        "19:08",
        "19:28",
        "20:08",
        "21:12"
    ],
    "holiday": [
        "6:18",
        "6:48",
        "7:28",
        "8:08",
        "8:28",
        "9:08",
        "9:28",
        "10:08",
        "10:28",
        "11:08",
        "11:28",
        "12:08",
        "12:28",
        "13:08",
        "13:28",
        "14:08",
        "14:28",
        "15:08",
        "15:28",
        "16:08",
        "16:28",
        "17:08",
        "17:28",
        "18:08",
        "18:28",
        "19:08",
        "19:28",
        "20:08",
        "21:12"
    ],
    "url": "https://www.kanachu.co.jp/dia/diagram/timetable01_js/course:0000803786-11/node:00127442/kt:0/lname:/"
}
