{
    "date": "2025/04/01",
    "name": "八重咲町",
    "position": "-",
    "system": "平40",
    "destinations": [
        "平塚駅南口"
    ],
    "weekday": [
        "5:43",
        "5:57",
        "6:13",
        "6:49",
        "7:04",
        "7:25",
        "7:46",
        "8:07",
        "8:31",
        "8:39",
        "8:57",
        "9:29",
        "9:44",
        "10:09",
        "10:29",
        "11:09",
        "11:29",
        "12:09",
        "12:29",
        "13:09",
        "13:29",
        "14:09",
        "14:29",
        "15:09",
        "15:29",
        "16:09",
        "16:29",
        "17:09",
        "17:40",
        "21:21",
        "22:06"
    ],
    "saturday": [
        "6:19",
        "6:49",
        "7:29",
        "8:09",
        "8:29",
        "9:09",
        "9:29",
        "10:09",
        "10:29",
        "11:09",
        "11:29",
        "12:09",
        "12:29",
        "13:09",
        "13:29",
        "14:09",
        "14:29",
        "15:09",
        "15:29",
        "16:09",
        "16:29",
        "17:09",
        "17:29",
        "18:09",
        "18:29",
        "19:09",
        "19:29",
        "20:09",
        "21:13"
    ],
    "holiday": [
        "6:19",
        "6:49",
        "7:29",
        "8:09",
        "8:29",
        "9:09",
        "9:29",
        "10:09",
        "10:29",
        "11:09",
        "11:29",
        "12:09",
        "12:29",
        "13:09",
        "13:29",
        "14:09",
        "14:29",
        "15:09",
        "15:29",
        "16:09",
        "16:29",
        "17:09",
        "17:29",
        "18:09",
        "18:29",
        "19:09",
        "19:29",
        "20:09",
        "21:13"
    ],
    "url": "https://www.kanachu.co.jp/dia/diagram/timetable01_js/course:0000803786-12/node:00127441/kt:0/lname:/"
}
