{
    "date": "2024/04/01",
    "name": "鶴ヶ峰本町",
    "position": "-",
    "system": "峰02",
    "destinations": [
        "薬王寺入口",
        "鶴ヶ峰中学校前",
        "今宿小学校入口",
        "今宿(横浜市旭区)",
        "筑池",
        "農協前(横浜市旭区)",
        "都岡町",
        "下宿(横浜市旭区)",
        "川井宿",
        "福泉寺前(横浜市旭区)",
        "宮の下(横浜市旭区)",
        "長源寺前(横浜市旭区)",
        "上川井町",
        "大貫橋",
        "若葉台南",
        "若葉台近隣公園前",
        "若葉台中学校前",
        "霧が丘高校前",
        "若葉台車庫前",
        "若葉台中央(横浜市旭区)",
        "若葉台車庫前",
        "霧が丘高校前",
        "霧が丘センター前",
        "郵便局前(横浜市緑区)",
        "萱場公園入口",
        "遊水池前(横浜市緑区)",
        "中山谷(横浜市緑区)",
        "十日市場",
        "十日市場駅"
    ],
    "weekday": [
        "6:17",
        "6:53",
        "7:33",
        "8:56",
        "9:57",
        "12:12",
        "13:12",
        "14:10",
        "15:11",
        "16:12",
        "17:12",
        "18:11",
        "19:12"
    ],
    "saturday": [
        "6:21",
        "7:41",
        "10:56",
        "11:56",
        "12:58",
        "13:56",
        "14:56",
        "15:56",
        "16:56",
        "17:58",
        "18:56",
        "20:00"
    ],
    "holiday": [
        "6:25",
        "7:45",
        "8:47",
        "9:56",
        "10:56",
        "11:58",
        "12:56",
        "13:56",
        "14:56",
        "15:56",
        "16:55",
        "17:56",
        "18:58",
        "19:56"
    ],
    "url": "https://www.kanachu.co.jp/dia/diagram/timetable01_js/course:0000802234-2/node:00129720/kt:0/lname:/"
}
