{
    "date": "2024/04/01",
    "name": "筑池",
    "position": "-",
    "system": "峰02",
    "destinations": [
        "農協前(横浜市旭区)",
        "都岡町",
        "下宿(横浜市旭区)",
        "川井宿",
        "福泉寺前(横浜市旭区)",
        "宮の下(横浜市旭区)",
        "長源寺前(横浜市旭区)",
        "上川井町",
        "大貫橋",
        "若葉台南",
        "若葉台近隣公園前",
        "若葉台中学校前",
        "霧が丘高校前",
        "若葉台車庫前",
        "若葉台中央(横浜市旭区)",
        "若葉台車庫前",
        "霧が丘高校前",
        "霧が丘センター前",
        "郵便局前(横浜市緑区)",
        "萱場公園入口",
        "遊水池前(横浜市緑区)",
        "中山谷(横浜市緑区)",
        "十日市場",
        "十日市場駅"
    ],
    "weekday": [
        "6:23",
        "6:59",
        "7:39",
        "9:02",
        "10:03",
        "12:18",
        "13:18",
        "14:16",
        "15:17",
        "16:18",
        "17:18",
        "18:17",
        "19:18"
    ],
    "saturday": [
        "6:27",
        "7:47",
        "11:02",
        "12:02",
        "13:04",
        "14:02",
        "15:02",
        "16:02",
        "17:02",
        "18:04",
        "19:02",
        "20:06"
    ],
    "holiday": [
        "6:31",
        "7:51",
        "8:53",
        "10:02",
        "11:02",
        "12:04",
        "13:02",
        "14:02",
        "15:02",
        "16:02",
        "17:01",
        "18:02",
        "19:04",
        "20:02"
    ],
    "url": "https://www.kanachu.co.jp/dia/diagram/timetable01_js/course:0000802234-7/node:00129715/kt:0/lname:/"
}
