{
    "date": "2025/11/16",
    "name": "農協前(横浜市旭区)",
    "position": "-",
    "system": "峰02",
    "destinations": [
        "都岡町",
        "下宿(横浜市旭区)",
        "川井宿",
        "福泉寺前(横浜市旭区)",
        "宮の下(横浜市旭区)",
        "長源寺前(横浜市旭区)",
        "上川井町",
        "大貫橋",
        "若葉台南",
        "若葉台近隣公園前",
        "若葉台中学校前",
        "霧が丘高校前",
        "若葉台車庫前",
        "若葉台中央(横浜市旭区)",
        "若葉台車庫前",
        "霧が丘高校前",
        "霧が丘センター前",
        "郵便局前(横浜市緑区)",
        "萱場公園入口",
        "遊水池前(横浜市緑区)",
        "中山谷(横浜市緑区)",
        "十日市場",
        "十日市場駅"
    ],
    "weekday": [
        "7:07",
        "7:40",
        "9:03",
        "11:08",
        "13:19",
        "15:18",
        "17:19",
        "19:19"
    ],
    "saturday": [
        "8:34",
        "10:38",
        "12:38",
        "14:38",
        "16:38",
        "18:42"
    ],
    "holiday": [
        "8:50",
        "10:38",
        "12:38",
        "14:38",
        "16:38",
        "18:43"
    ],
    "url": "https://www.kanachu.co.jp/dia/diagram/timetable01_js/course:0000802234-8/node:00129714/kt:0/lname:/"
}
