{
    "date": "2024/04/01",
    "name": "農協前(横浜市旭区)",
    "position": "-",
    "system": "峰02",
    "destinations": [
        "都岡町",
        "下宿(横浜市旭区)",
        "川井宿",
        "福泉寺前(横浜市旭区)",
        "宮の下(横浜市旭区)",
        "長源寺前(横浜市旭区)",
        "上川井町",
        "大貫橋",
        "若葉台南",
        "若葉台近隣公園前",
        "若葉台中学校前",
        "霧が丘高校前",
        "若葉台車庫前",
        "若葉台中央(横浜市旭区)",
        "若葉台車庫前",
        "霧が丘高校前",
        "霧が丘センター前",
        "郵便局前(横浜市緑区)",
        "萱場公園入口",
        "遊水池前(横浜市緑区)",
        "中山谷(横浜市緑区)",
        "十日市場",
        "十日市場駅"
    ],
    "weekday": [
        "6:24",
        "7:00",
        "7:40",
        "9:03",
        "10:04",
        "12:19",
        "13:19",
        "14:17",
        "15:18",
        "16:19",
        "17:19",
        "18:18",
        "19:19"
    ],
    "saturday": [
        "6:28",
        "7:48",
        "11:03",
        "12:03",
        "13:05",
        "14:03",
        "15:03",
        "16:03",
        "17:03",
        "18:05",
        "19:03",
        "20:07"
    ],
    "holiday": [
        "6:32",
        "7:52",
        "8:54",
        "10:03",
        "11:03",
        "12:05",
        "13:03",
        "14:03",
        "15:03",
        "16:03",
        "17:02",
        "18:03",
        "19:05",
        "20:03"
    ],
    "url": "https://www.kanachu.co.jp/dia/diagram/timetable01_js/course:0000802234-8/node:00129714/kt:0/lname:/"
}
