{
    "date": "2024/04/01",
    "name": "都岡町",
    "position": "-",
    "system": "峰02",
    "destinations": [
        "下宿(横浜市旭区)",
        "川井宿",
        "福泉寺前(横浜市旭区)",
        "宮の下(横浜市旭区)",
        "長源寺前(横浜市旭区)",
        "上川井町",
        "大貫橋",
        "若葉台南",
        "若葉台近隣公園前",
        "若葉台中学校前",
        "霧が丘高校前",
        "若葉台車庫前",
        "若葉台中央(横浜市旭区)",
        "若葉台車庫前",
        "霧が丘高校前",
        "霧が丘センター前",
        "郵便局前(横浜市緑区)",
        "萱場公園入口",
        "遊水池前(横浜市緑区)",
        "中山谷(横浜市緑区)",
        "十日市場",
        "十日市場駅"
    ],
    "weekday": [
        "6:25",
        "7:01",
        "7:41",
        "9:04",
        "10:05",
        "12:20",
        "13:20",
        "14:18",
        "15:19",
        "16:20",
        "17:20",
        "18:19",
        "19:20"
    ],
    "saturday": [
        "6:29",
        "7:49",
        "11:04",
        "12:04",
        "13:06",
        "14:04",
        "15:04",
        "16:04",
        "17:04",
        "18:06",
        "19:04",
        "20:08"
    ],
    "holiday": [
        "6:33",
        "7:53",
        "8:55",
        "10:04",
        "11:04",
        "12:06",
        "13:04",
        "14:04",
        "15:04",
        "16:04",
        "17:03",
        "18:04",
        "19:06",
        "20:04"
    ],
    "url": "https://www.kanachu.co.jp/dia/diagram/timetable01_js/course:0000802234-9/node:00129713/kt:0/lname:/"
}
