{
    "date": "2024/04/01",
    "name": "川井宿",
    "position": "-",
    "system": "峰02",
    "destinations": [
        "福泉寺前(横浜市旭区)",
        "宮の下(横浜市旭区)",
        "長源寺前(横浜市旭区)",
        "上川井町",
        "大貫橋",
        "若葉台南",
        "若葉台近隣公園前",
        "若葉台中学校前",
        "霧が丘高校前",
        "若葉台車庫前",
        "若葉台中央(横浜市旭区)",
        "若葉台車庫前",
        "霧が丘高校前",
        "霧が丘センター前",
        "郵便局前(横浜市緑区)",
        "萱場公園入口",
        "遊水池前(横浜市緑区)",
        "中山谷(横浜市緑区)",
        "十日市場",
        "十日市場駅"
    ],
    "weekday": [
        "6:27",
        "7:03",
        "7:43",
        "9:06",
        "10:07",
        "12:22",
        "13:22",
        "14:20",
        "15:21",
        "16:22",
        "17:22",
        "18:21",
        "19:22"
    ],
    "saturday": [
        "6:31",
        "7:51",
        "11:06",
        "12:06",
        "13:08",
        "14:06",
        "15:06",
        "16:06",
        "17:06",
        "18:08",
        "19:06",
        "20:10"
    ],
    "holiday": [
        "6:35",
        "7:55",
        "8:57",
        "10:06",
        "11:06",
        "12:08",
        "13:06",
        "14:06",
        "15:06",
        "16:06",
        "17:05",
        "18:06",
        "19:08",
        "20:06"
    ],
    "url": "https://www.kanachu.co.jp/dia/diagram/timetable01_js/course:0000802234-11/node:00129711/kt:0/lname:/"
}
