{
    "date": "2024/04/01",
    "name": "宮の下(横浜市旭区)",
    "position": "-",
    "system": "峰02",
    "destinations": [
        "長源寺前(横浜市旭区)",
        "上川井町",
        "大貫橋",
        "若葉台南",
        "若葉台近隣公園前",
        "若葉台中学校前",
        "霧が丘高校前",
        "若葉台車庫前",
        "若葉台中央(横浜市旭区)",
        "若葉台車庫前",
        "霧が丘高校前",
        "霧が丘センター前",
        "郵便局前(横浜市緑区)",
        "萱場公園入口",
        "遊水池前(横浜市緑区)",
        "中山谷(横浜市緑区)",
        "十日市場",
        "十日市場駅"
    ],
    "weekday": [
        "6:30",
        "7:06",
        "7:46",
        "9:09",
        "10:10",
        "12:25",
        "13:25",
        "14:23",
        "15:24",
        "16:25",
        "17:25",
        "18:24",
        "19:25"
    ],
    "saturday": [
        "6:34",
        "7:54",
        "11:09",
        "12:09",
        "13:11",
        "14:09",
        "15:09",
        "16:09",
        "17:09",
        "18:11",
        "19:09",
        "20:13"
    ],
    "holiday": [
        "6:38",
        "7:58",
        "9:00",
        "10:09",
        "11:09",
        "12:11",
        "13:09",
        "14:09",
        "15:09",
        "16:09",
        "17:08",
        "18:09",
        "19:11",
        "20:09"
    ],
    "url": "https://www.kanachu.co.jp/dia/diagram/timetable01_js/course:0000802234-13/node:00129709/kt:0/lname:/"
}
