{
    "date": "2024/04/01",
    "name": "上川井町",
    "position": "-",
    "system": "峰02",
    "destinations": [
        "大貫橋",
        "若葉台南",
        "若葉台近隣公園前",
        "若葉台中学校前",
        "霧が丘高校前",
        "若葉台車庫前",
        "若葉台中央(横浜市旭区)",
        "若葉台車庫前",
        "霧が丘高校前",
        "霧が丘センター前",
        "郵便局前(横浜市緑区)",
        "萱場公園入口",
        "遊水池前(横浜市緑区)",
        "中山谷(横浜市緑区)",
        "十日市場",
        "十日市場駅"
    ],
    "weekday": [
        "6:32",
        "7:08",
        "7:48",
        "9:11",
        "10:12",
        "12:27",
        "13:27",
        "14:25",
        "15:26",
        "16:27",
        "17:27",
        "18:26",
        "19:27"
    ],
    "saturday": [
        "6:36",
        "7:56",
        "11:11",
        "12:11",
        "13:13",
        "14:11",
        "15:11",
        "16:11",
        "17:11",
        "18:13",
        "19:11",
        "20:15"
    ],
    "holiday": [
        "6:40",
        "8:00",
        "9:02",
        "10:11",
        "11:11",
        "12:13",
        "13:11",
        "14:11",
        "15:11",
        "16:11",
        "17:10",
        "18:11",
        "19:13",
        "20:11"
    ],
    "url": "https://www.kanachu.co.jp/dia/diagram/timetable01_js/course:0000802234-15/node:00129707/kt:0/lname:/"
}
