{
    "date": "2025/11/16",
    "name": "大貫橋",
    "position": "-",
    "system": "峰02",
    "destinations": [
        "若葉台南",
        "若葉台近隣公園前",
        "若葉台中学校前",
        "霧が丘高校前",
        "若葉台車庫前",
        "若葉台中央(横浜市旭区)",
        "若葉台車庫前",
        "霧が丘高校前",
        "霧が丘センター前",
        "郵便局前(横浜市緑区)",
        "萱場公園入口",
        "遊水池前(横浜市緑区)",
        "中山谷(横浜市緑区)",
        "十日市場",
        "十日市場駅"
    ],
    "weekday": [
        "7:16",
        "7:49",
        "9:12",
        "11:17",
        "13:28",
        "15:27",
        "17:28",
        "19:28"
    ],
    "saturday": [
        "8:43",
        "10:47",
        "12:47",
        "14:47",
        "16:47",
        "18:51"
    ],
    "holiday": [
        "8:59",
        "10:47",
        "12:47",
        "14:47",
        "16:47",
        "18:52"
    ],
    "url": "https://www.kanachu.co.jp/dia/diagram/timetable01_js/course:0000802234-16/node:00129706/kt:0/lname:/"
}
