{
    "date": "2024/04/01",
    "name": "若葉台南",
    "position": "-",
    "system": "峰02",
    "destinations": [
        "若葉台近隣公園前",
        "若葉台中学校前",
        "霧が丘高校前",
        "若葉台車庫前",
        "若葉台中央(横浜市旭区)",
        "若葉台車庫前",
        "霧が丘高校前",
        "霧が丘センター前",
        "郵便局前(横浜市緑区)",
        "萱場公園入口",
        "遊水池前(横浜市緑区)",
        "中山谷(横浜市緑区)",
        "十日市場",
        "十日市場駅"
    ],
    "weekday": [
        "6:34",
        "7:10",
        "7:50",
        "9:13",
        "10:14",
        "12:29",
        "13:29",
        "14:27",
        "15:28",
        "16:29",
        "17:29",
        "18:28",
        "19:29"
    ],
    "saturday": [
        "6:38",
        "7:58",
        "11:13",
        "12:13",
        "13:15",
        "14:13",
        "15:13",
        "16:13",
        "17:13",
        "18:15",
        "19:13",
        "20:17"
    ],
    "holiday": [
        "6:42",
        "8:02",
        "9:04",
        "10:13",
        "11:13",
        "12:15",
        "13:13",
        "14:13",
        "15:13",
        "16:13",
        "17:12",
        "18:13",
        "19:15",
        "20:13"
    ],
    "url": "https://www.kanachu.co.jp/dia/diagram/timetable01_js/course:0000802234-17/node:00103262/kt:0/lname:/"
}
