{
    "date": "2024/04/01",
    "name": "若葉台車庫前",
    "position": "-",
    "system": "峰02",
    "destinations": [
        "霧が丘高校前",
        "霧が丘センター前",
        "郵便局前(横浜市緑区)",
        "萱場公園入口",
        "遊水池前(横浜市緑区)",
        "中山谷(横浜市緑区)",
        "十日市場",
        "十日市場駅"
    ],
    "weekday": [
        "6:43",
        "7:19",
        "7:59",
        "9:22",
        "10:23",
        "12:38",
        "13:38",
        "14:36",
        "15:37",
        "16:38",
        "17:38",
        "18:37",
        "19:38"
    ],
    "saturday": [
        "6:47",
        "8:07",
        "11:22",
        "12:22",
        "13:24",
        "14:22",
        "15:22",
        "16:22",
        "17:22",
        "18:24",
        "19:22",
        "20:26"
    ],
    "holiday": [
        "6:51",
        "8:11",
        "9:13",
        "10:22",
        "11:22",
        "12:24",
        "13:22",
        "14:22",
        "15:22",
        "16:22",
        "17:21",
        "18:22",
        "19:24",
        "20:22"
    ],
    "url": "https://www.kanachu.co.jp/dia/diagram/timetable01_js/course:0000802234-23/node:00019297/kt:0/lname:/"
}
