{
    "date": "2024/04/01",
    "name": "郵便局前(横浜市緑区)",
    "position": "-",
    "system": "峰02",
    "destinations": [
        "萱場公園入口",
        "遊水池前(横浜市緑区)",
        "中山谷(横浜市緑区)",
        "十日市場",
        "十日市場駅"
    ],
    "weekday": [
        "6:46",
        "7:22",
        "8:02",
        "9:25",
        "10:26",
        "12:41",
        "13:41",
        "14:39",
        "15:40",
        "16:41",
        "17:41",
        "18:40",
        "19:41"
    ],
    "saturday": [
        "6:50",
        "8:10",
        "11:25",
        "12:25",
        "13:27",
        "14:25",
        "15:25",
        "16:25",
        "17:25",
        "18:27",
        "19:25",
        "20:29"
    ],
    "holiday": [
        "6:54",
        "8:14",
        "9:16",
        "10:25",
        "11:25",
        "12:27",
        "13:25",
        "14:25",
        "15:25",
        "16:25",
        "17:24",
        "18:25",
        "19:27",
        "20:25"
    ],
    "url": "https://www.kanachu.co.jp/dia/diagram/timetable01_js/course:0000802234-26/node:00019300/kt:0/lname:/"
}
