{
    "date": "2024/04/01",
    "name": "遊水池前(横浜市緑区)",
    "position": "-",
    "system": "峰02",
    "destinations": [
        "中山谷(横浜市緑区)",
        "十日市場",
        "十日市場駅"
    ],
    "weekday": [
        "6:50",
        "7:26",
        "8:06",
        "9:28",
        "10:29",
        "12:44",
        "13:44",
        "14:42",
        "15:43",
        "16:44",
        "17:44",
        "18:43",
        "19:43"
    ],
    "saturday": [
        "6:52",
        "8:12",
        "11:29",
        "12:29",
        "13:31",
        "14:29",
        "15:29",
        "16:29",
        "17:29",
        "18:31",
        "19:29",
        "20:31"
    ],
    "holiday": [
        "6:56",
        "8:16",
        "9:18",
        "10:27",
        "11:29",
        "12:31",
        "13:29",
        "14:29",
        "15:29",
        "16:28",
        "17:27",
        "18:27",
        "19:29",
        "20:27"
    ],
    "url": "https://www.kanachu.co.jp/dia/diagram/timetable01_js/course:0000802234-28/node:00019302/kt:0/lname:/"
}
