{
    "date": "2023/02/18",
    "name": "上愛甲",
    "position": "-",
    "system": "愛17",
    "destinations": [
        "愛甲郵便局前",
        "聖木",
        "籠堰橋",
        "広町橋",
        "小野宮前",
        "小野橋(厚木市)",
        "榎田",
        "若宮橋(厚木市)",
        "通信研究所前(厚木市)",
        "日産先進技術開発センター",
        "日産先進技術開発センター前",
        "森の里青山",
        "厚木西高校",
        "森の里四丁目",
        "森の里五丁目",
        "森の里"
    ],
    "weekday": [
        "6:54",
        "7:07",
        "7:17",
        "7:30",
        "7:39",
        "7:51",
        "8:06",
        "8:19",
        "8:31",
        "8:42",
        "8:53",
        "9:22",
        "9:42",
        "10:02",
        "10:31",
        "11:01",
        "11:31",
        "12:01"
    ],
    "saturday": [],
    "holiday": [],
    "url": "https://www.kanachu.co.jp/dia/diagram/timetable01_js/course:0000801460-5/node:00128527/kt:0/lname:/"
}
