{
    "date": "2025/04/01",
    "name": "藤の台団地",
    "position": "-",
    "system": "町37",
    "destinations": [
        "今井谷戸",
        "給水塔前(山崎団地/町田市)",
        "町田木曽会館前",
        "原田向",
        "緑ヶ丘入口(町田市)",
        "木曽中原",
        "滝の沢(町田市)",
        "浄水場前(町田市)",
        "市民病院前(町田市)",
        "森野三丁目",
        "第四小学校前(町田市)",
        "町田市役所市民ホール前",
        "町田バスセンター"
    ],
    "weekday": [
        "6:01",
        "6:30",
        "7:02",
        "7:20",
        "7:42",
        "8:07",
        "8:27",
        "8:47",
        "9:17",
        "9:49",
        "10:29",
        "11:09",
        "11:52",
        "12:29",
        "13:09",
        "13:52",
        "14:29",
        "15:09",
        "15:52",
        "16:32",
        "17:17",
        "17:52",
        "18:32",
        "19:06",
        "19:36",
        "20:26",
        "21:26"
    ],
    "saturday": [
        "6:26",
        "7:14",
        "7:44",
        "8:14",
        "8:44",
        "9:15",
        "9:45",
        "10:12",
        "10:52",
        "11:32",
        "12:12",
        "12:52",
        "13:34",
        "14:19",
        "14:59",
        "15:42",
        "16:32",
        "17:12",
        "17:42",
        "18:12",
        "18:47",
        "19:26",
        "20:26",
        "21:26"
    ],
    "holiday": [
        "6:26",
        "7:34",
        "8:14",
        "8:44",
        "9:15",
        "9:45",
        "10:12",
        "10:52",
        "11:32",
        "12:12",
        "12:52",
        "13:34",
        "14:19",
        "14:59",
        "15:42",
        "16:32",
        "17:12",
        "17:42",
        "18:11",
        "18:46",
        "19:26",
        "20:26",
        "21:26"
    ],
    "url": "https://www.kanachu.co.jp/dia/diagram/timetable01_js/course:0000803191-7/node:00129451/kt:0/lname:/"
}
