{
    "date": "2025/04/01",
    "name": "町田木曽会館前",
    "position": "-",
    "system": "町37",
    "destinations": [
        "原田向",
        "緑ヶ丘入口(町田市)",
        "木曽中原",
        "滝の沢(町田市)",
        "浄水場前(町田市)",
        "市民病院前(町田市)",
        "森野三丁目",
        "第四小学校前(町田市)",
        "町田市役所市民ホール前",
        "町田バスセンター"
    ],
    "weekday": [
        "6:06",
        "6:36",
        "7:08",
        "7:26",
        "7:48",
        "8:13",
        "8:33",
        "8:53",
        "9:23",
        "9:55",
        "10:35",
        "11:15",
        "11:58",
        "12:35",
        "13:15",
        "13:58",
        "14:35",
        "15:15",
        "15:58",
        "16:38",
        "17:23",
        "17:58",
        "18:38",
        "19:11",
        "19:41",
        "20:31",
        "21:31"
    ],
    "saturday": [
        "6:31",
        "7:20",
        "7:50",
        "8:20",
        "8:50",
        "9:21",
        "9:51",
        "10:18",
        "10:58",
        "11:38",
        "12:18",
        "12:58",
        "13:40",
        "14:25",
        "15:05",
        "15:48",
        "16:38",
        "17:18",
        "17:48",
        "18:18",
        "18:53",
        "19:31",
        "20:31",
        "21:31"
    ],
    "holiday": [
        "6:31",
        "7:40",
        "8:20",
        "8:50",
        "9:21",
        "9:51",
        "10:18",
        "10:58",
        "11:38",
        "12:18",
        "12:58",
        "13:40",
        "14:25",
        "15:05",
        "15:48",
        "16:38",
        "17:18",
        "17:48",
        "18:16",
        "18:51",
        "19:31",
        "20:31",
        "21:31"
    ],
    "url": "https://www.kanachu.co.jp/dia/diagram/timetable01_js/course:0000803191-10/node:00129519/kt:0/lname:/"
}
