{
    "date": "2025/04/01",
    "name": "滝の沢(町田市)",
    "position": "-",
    "system": "町37",
    "destinations": [
        "浄水場前(町田市)",
        "市民病院前(町田市)",
        "森野三丁目",
        "第四小学校前(町田市)",
        "町田市役所市民ホール前",
        "町田バスセンター"
    ],
    "weekday": [
        "6:11",
        "6:41",
        "7:13",
        "7:31",
        "7:53",
        "8:18",
        "8:38",
        "8:58",
        "9:28",
        "10:00",
        "10:40",
        "11:20",
        "12:03",
        "12:40",
        "13:20",
        "14:03",
        "14:40",
        "15:20",
        "16:03",
        "16:43",
        "17:28",
        "18:03",
        "18:43",
        "19:16",
        "19:46",
        "20:36",
        "21:36"
    ],
    "saturday": [
        "6:36",
        "7:25",
        "7:55",
        "8:25",
        "8:55",
        "9:26",
        "9:56",
        "10:23",
        "11:03",
        "11:43",
        "12:23",
        "13:03",
        "13:45",
        "14:30",
        "15:10",
        "15:53",
        "16:43",
        "17:23",
        "17:53",
        "18:23",
        "18:58",
        "19:36",
        "20:36",
        "21:36"
    ],
    "holiday": [
        "6:36",
        "7:45",
        "8:25",
        "8:55",
        "9:26",
        "9:56",
        "10:23",
        "11:03",
        "11:43",
        "12:23",
        "13:03",
        "13:45",
        "14:30",
        "15:10",
        "15:53",
        "16:43",
        "17:23",
        "17:53",
        "18:21",
        "18:56",
        "19:36",
        "20:36",
        "21:36"
    ],
    "url": "https://www.kanachu.co.jp/dia/diagram/timetable01_js/course:0000803191-14/node:00129361/kt:0/lname:/"
}
