{
    "date": "2025/04/01",
    "name": "浄水場前(町田市)",
    "position": "-",
    "system": "町37",
    "destinations": [
        "市民病院前(町田市)",
        "森野三丁目",
        "第四小学校前(町田市)",
        "町田市役所市民ホール前",
        "町田バスセンター"
    ],
    "weekday": [
        "6:13",
        "6:43",
        "7:15",
        "7:33",
        "7:55",
        "8:20",
        "8:40",
        "9:00",
        "9:30",
        "10:02",
        "10:42",
        "11:22",
        "12:05",
        "12:42",
        "13:22",
        "14:05",
        "14:42",
        "15:22",
        "16:05",
        "16:45",
        "17:30",
        "18:05",
        "18:45",
        "19:18",
        "19:48",
        "20:38",
        "21:37"
    ],
    "saturday": [
        "6:38",
        "7:27",
        "7:57",
        "8:27",
        "8:57",
        "9:28",
        "9:58",
        "10:25",
        "11:05",
        "11:45",
        "12:25",
        "13:05",
        "13:47",
        "14:32",
        "15:12",
        "15:55",
        "16:45",
        "17:25",
        "17:55",
        "18:25",
        "19:00",
        "19:38",
        "20:38",
        "21:37"
    ],
    "holiday": [
        "6:37",
        "7:47",
        "8:27",
        "8:57",
        "9:28",
        "9:58",
        "10:25",
        "11:05",
        "11:45",
        "12:25",
        "13:05",
        "13:47",
        "14:32",
        "15:12",
        "15:55",
        "16:45",
        "17:25",
        "17:55",
        "18:23",
        "18:58",
        "19:38",
        "20:37",
        "21:37"
    ],
    "url": "https://www.kanachu.co.jp/dia/diagram/timetable01_js/course:0000803191-15/node:00129360/kt:0/lname:/"
}
