{
    "date": "2025/10/20",
    "name": "原町田四丁目",
    "position": "-",
    "system": "町83",
    "destinations": [
        "原町田三丁目",
        "三塚",
        "南橋(町田市)",
        "金森郵便局前",
        "金森",
        "市営住宅入口(町田市)",
        "南中学校前(町田市)",
        "金森四丁目",
        "南農協前",
        "小川入口(町田市)",
        "柳谷戸",
        "小川中央",
        "つくし野二丁目(町田市)",
        "つくし野小学校",
        "つくし野駅"
    ],
    "weekday": [
        "9:19",
        "9:55",
        "10:19",
        "10:55",
        "11:19",
        "11:55",
        "12:19",
        "12:55",
        "13:19",
        "13:55",
        "14:19",
        "14:55",
        "15:19",
        "15:55",
        "16:19",
        "16:55",
        "17:17",
        "17:47",
        "18:19",
        "18:55",
        "19:19",
        "19:55",
        "20:22"
    ],
    "saturday": [
        "9:19",
        "9:55",
        "10:19",
        "10:55",
        "11:19",
        "11:55",
        "12:19",
        "12:55",
        "13:19",
        "13:55",
        "14:19",
        "14:55",
        "15:19",
        "15:55",
        "16:19",
        "16:55",
        "17:19",
        "17:55",
        "18:19",
        "18:55",
        "19:22",
        "20:07"
    ],
    "holiday": [
        "9:22",
        "9:52",
        "10:22",
        "10:52",
        "11:22",
        "11:52",
        "12:22",
        "12:52",
        "13:22",
        "13:52",
        "14:22",
        "14:52",
        "15:22",
        "15:52",
        "16:22",
        "16:52",
        "17:22",
        "17:52",
        "18:22",
        "18:52",
        "19:47"
    ],
    "url": "https://www.kanachu.co.jp/dia/diagram/timetable01_js/course:0000801037-3/node:00129465/kt:0/lname:/"
}
