{
    "date": "2025/10/20",
    "name": "原町田三丁目",
    "position": "-",
    "system": "町83",
    "destinations": [
        "三塚",
        "南橋(町田市)",
        "金森郵便局前",
        "金森",
        "市営住宅入口(町田市)",
        "南中学校前(町田市)",
        "金森四丁目",
        "南農協前",
        "小川入口(町田市)",
        "柳谷戸",
        "小川中央",
        "つくし野二丁目(町田市)",
        "つくし野小学校",
        "つくし野駅"
    ],
    "weekday": [
        "9:20",
        "9:56",
        "10:20",
        "10:56",
        "11:20",
        "11:56",
        "12:20",
        "12:56",
        "13:20",
        "13:56",
        "14:20",
        "14:56",
        "15:20",
        "15:56",
        "16:20",
        "16:56",
        "17:18",
        "17:48",
        "18:20",
        "18:56",
        "19:20",
        "19:56",
        "20:23"
    ],
    "saturday": [
        "9:20",
        "9:56",
        "10:20",
        "10:56",
        "11:20",
        "11:56",
        "12:20",
        "12:56",
        "13:20",
        "13:56",
        "14:20",
        "14:56",
        "15:20",
        "15:56",
        "16:20",
        "16:56",
        "17:20",
        "17:56",
        "18:20",
        "18:56",
        "19:23",
        "20:08"
    ],
    "holiday": [
        "9:23",
        "9:53",
        "10:23",
        "10:53",
        "11:23",
        "11:53",
        "12:23",
        "12:53",
        "13:23",
        "13:53",
        "14:23",
        "14:53",
        "15:23",
        "15:53",
        "16:23",
        "16:53",
        "17:23",
        "17:53",
        "18:23",
        "18:53",
        "19:48"
    ],
    "url": "https://www.kanachu.co.jp/dia/diagram/timetable01_js/course:0000801037-4/node:00129546/kt:0/lname:/"
}
