{
    "date": "2025/10/20",
    "name": "小川入口(町田市)",
    "position": "-",
    "system": "町83",
    "destinations": [
        "柳谷戸",
        "小川中央",
        "つくし野二丁目(町田市)",
        "つくし野小学校",
        "つくし野駅"
    ],
    "weekday": [
        "9:32",
        "10:08",
        "10:32",
        "11:08",
        "11:32",
        "12:08",
        "12:32",
        "13:08",
        "13:32",
        "14:08",
        "14:32",
        "15:08",
        "15:32",
        "16:08",
        "16:32",
        "17:08",
        "17:30",
        "18:00",
        "18:32",
        "19:08",
        "19:32",
        "20:08",
        "20:33"
    ],
    "saturday": [
        "9:32",
        "10:08",
        "10:32",
        "11:08",
        "11:32",
        "12:08",
        "12:32",
        "13:08",
        "13:32",
        "14:08",
        "14:32",
        "15:08",
        "15:32",
        "16:08",
        "16:32",
        "17:08",
        "17:32",
        "18:08",
        "18:32",
        "19:08",
        "19:35",
        "20:20"
    ],
    "holiday": [
        "9:35",
        "10:05",
        "10:35",
        "11:05",
        "11:35",
        "12:05",
        "12:35",
        "13:05",
        "13:35",
        "14:05",
        "14:35",
        "15:05",
        "15:35",
        "16:05",
        "16:35",
        "17:05",
        "17:35",
        "18:05",
        "18:35",
        "19:05",
        "19:58"
    ],
    "url": "https://www.kanachu.co.jp/dia/diagram/timetable01_js/course:0000801037-13/node:00129553/kt:0/lname:/"
}
