{
    "date": "2025/11/25",
    "name": "矢掛台",
    "position": "-",
    "system": "橋52",
    "destinations": [
        "宮下二丁目(相模原市中央区)",
        "宮下(相模原市中央区)",
        "すすきの住宅前",
        "向陽小学校前",
        "小山公民館前",
        "相模原駅北口"
    ],
    "weekday": [
        "6:31",
        "6:58",
        "7:21",
        "7:46",
        "8:11",
        "8:36",
        "9:11",
        "10:01",
        "10:46",
        "11:36",
        "12:26",
        "13:16",
        "14:06",
        "14:56",
        "15:46",
        "16:36",
        "17:26",
        "18:16",
        "19:06",
        "19:51",
        "20:36",
        "21:16"
    ],
    "saturday": [
        "7:51",
        "8:51",
        "9:51",
        "10:51",
        "11:51",
        "12:51",
        "13:51",
        "14:51",
        "15:51",
        "16:51",
        "17:51",
        "18:51",
        "19:51",
        "20:51"
    ],
    "holiday": [
        "7:51",
        "8:51",
        "9:51",
        "10:51",
        "11:51",
        "12:51",
        "13:51",
        "14:51",
        "15:51",
        "16:51",
        "17:51",
        "18:51",
        "19:51"
    ],
    "url": "https://www.kanachu.co.jp/dia/diagram/timetable01_js/course:0000802397-7/node:00129285/kt:0/lname:/"
}
