{
    "date": "2025/11/25",
    "name": "小山公民館前",
    "position": "-",
    "system": "橋52",
    "destinations": [
        "相模原駅北口"
    ],
    "weekday": [
        "6:35",
        "7:02",
        "7:25",
        "7:50",
        "8:15",
        "8:40",
        "9:15",
        "10:05",
        "10:50",
        "11:40",
        "12:30",
        "13:20",
        "14:10",
        "15:00",
        "15:50",
        "16:40",
        "17:30",
        "18:20",
        "19:10",
        "19:55",
        "20:40",
        "21:20"
    ],
    "saturday": [
        "7:55",
        "8:55",
        "9:55",
        "10:55",
        "11:55",
        "12:55",
        "13:55",
        "14:55",
        "15:55",
        "16:55",
        "17:55",
        "18:55",
        "19:55",
        "20:55"
    ],
    "holiday": [
        "7:55",
        "8:55",
        "9:55",
        "10:55",
        "11:55",
        "12:55",
        "13:55",
        "14:55",
        "15:55",
        "16:55",
        "17:55",
        "18:55",
        "19:55"
    ],
    "url": "https://www.kanachu.co.jp/dia/diagram/timetable01_js/course:0000802397-12/node:00020510/kt:0/lname:/"
}
