{
    "date": "2024/03/16",
    "name": "根岸(根岸町/町田市)",
    "position": "-",
    "system": "町30",
    "destinations": [
        "下根岸(町田市)",
        "上宿(町田市)",
        "忠生公園入口",
        "木曽(町田市)",
        "三家(町田市)",
        "木曽住宅",
        "滝の沢(町田市)",
        "浄水場前(町田市)",
        "市民病院前(町田市)",
        "森野三丁目",
        "保健所入口",
        "森野一丁目",
        "町田バスセンター",
        "町田ターミナル"
    ],
    "weekday": [
        "8:57",
        "9:35",
        "9:55",
        "10:35",
        "10:55",
        "11:35",
        "11:55",
        "12:35",
        "12:55",
        "13:35",
        "13:55",
        "14:35",
        "14:55",
        "15:35",
        "15:55",
        "16:35",
        "16:55",
        "17:38",
        "17:58",
        "18:38",
        "18:58",
        "19:37"
    ],
    "saturday": [
        "8:54",
        "9:36",
        "9:56",
        "10:36",
        "10:56",
        "11:36",
        "11:56",
        "12:36",
        "12:56",
        "13:36",
        "13:56",
        "14:38",
        "14:58",
        "15:38",
        "15:58",
        "16:38",
        "16:58",
        "17:41",
        "18:41",
        "19:38"
    ],
    "holiday": [
        "8:54",
        "9:15",
        "9:36",
        "9:56",
        "10:36",
        "10:56",
        "11:36",
        "11:56",
        "12:36",
        "12:56",
        "13:36",
        "13:56",
        "14:41",
        "15:41",
        "16:41",
        "17:41",
        "18:41",
        "19:38",
        "20:19"
    ],
    "url": "https://www.kanachu.co.jp/dia/diagram/timetable01_js/course:0000803184-23/node:00129367/kt:0/lname:/"
}
