{
    "date": "2024/03/16",
    "name": "保健所入口",
    "position": "-",
    "system": "町30",
    "destinations": [
        "森野一丁目",
        "町田バスセンター",
        "町田ターミナル"
    ],
    "weekday": [
        "9:10",
        "9:48",
        "10:08",
        "10:48",
        "11:08",
        "11:48",
        "12:08",
        "12:48",
        "13:08",
        "13:48",
        "14:08",
        "14:48",
        "15:08",
        "15:48",
        "16:08",
        "16:48",
        "17:08",
        "17:52",
        "18:12",
        "18:52",
        "19:10",
        "19:49"
    ],
    "saturday": [
        "9:05",
        "9:47",
        "10:07",
        "10:47",
        "11:07",
        "11:47",
        "12:07",
        "12:47",
        "13:07",
        "13:47",
        "14:08",
        "14:51",
        "15:11",
        "15:51",
        "16:11",
        "16:51",
        "17:11",
        "17:54",
        "18:54",
        "19:50"
    ],
    "holiday": [
        "9:05",
        "9:26",
        "9:47",
        "10:07",
        "10:47",
        "11:07",
        "11:47",
        "12:07",
        "12:47",
        "13:07",
        "13:47",
        "14:08",
        "14:54",
        "15:54",
        "16:54",
        "17:54",
        "18:54",
        "19:50",
        "20:31"
    ],
    "url": "https://www.kanachu.co.jp/dia/diagram/timetable01_js/course:0000803184-34/node:00129418/kt:0/lname:/"
}
