{
    "date": "2026/01/16",
    "name": "茅ヶ崎駅",
    "position": "-",
    "system": "藤07",
    "destinations": [
        "本村(茅ケ崎市)",
        "茅ヶ崎高校前",
        "松林中学校前",
        "菱沼",
        "西小和田",
        "小和田(茅ケ崎市)",
        "東小和田",
        "二ツ谷",
        "四ツ谷(藤沢市)",
        "辻堂入口",
        "羽鳥(藤沢市)",
        "メルシャン前",
        "引地橋",
        "一中入口(藤沢市)",
        "湘南高校前",
        "台町(藤沢市)",
        "白旗交差点",
        "本町小学校前(藤沢市)",
        "南仲通り二丁目",
        "南仲通り",
        "相生町(藤沢市)",
        "三富士町",
        "藤沢駅北口"
    ],
    "weekday": [
        "5:45",
        "6:10",
        "6:35",
        "7:00",
        "13:45",
        "15:45",
        "18:00",
        "20:00",
        "21:05",
        "21:50"
    ],
    "saturday": [
        "5:50",
        "7:00",
        "8:00",
        "10:00",
        "12:00",
        "14:00",
        "16:00",
        "18:05",
        "20:10",
        "21:15"
    ],
    "holiday": [
        "5:50",
        "7:00",
        "8:00",
        "10:00",
        "12:00",
        "14:00",
        "16:00",
        "18:05",
        "20:10",
        "21:15"
    ],
    "url": "https://www.kanachu.co.jp/dia/diagram/timetable01_js/course:0000804113-1/node:00127126/kt:0/lname:/"
}
