{
    "date": "2026/01/16",
    "name": "二ツ谷",
    "position": "-",
    "system": "藤07",
    "destinations": [
        "四ツ谷(藤沢市)",
        "辻堂入口",
        "羽鳥(藤沢市)",
        "メルシャン前",
        "引地橋",
        "一中入口(藤沢市)",
        "湘南高校前",
        "台町(藤沢市)",
        "白旗交差点",
        "本町小学校前(藤沢市)",
        "南仲通り二丁目",
        "南仲通り",
        "相生町(藤沢市)",
        "三富士町",
        "藤沢駅北口"
    ],
    "weekday": [
        "5:57",
        "6:22",
        "6:47",
        "7:12",
        "13:57",
        "15:57",
        "18:12",
        "20:12",
        "21:17",
        "22:02"
    ],
    "saturday": [
        "6:02",
        "7:12",
        "8:12",
        "10:12",
        "12:12",
        "14:12",
        "16:12",
        "18:17",
        "20:22",
        "21:27"
    ],
    "holiday": [
        "6:02",
        "7:12",
        "8:12",
        "10:12",
        "12:12",
        "14:12",
        "16:12",
        "18:17",
        "20:22",
        "21:27"
    ],
    "url": "https://www.kanachu.co.jp/dia/diagram/timetable01_js/course:0000804113-9/node:00127134/kt:0/lname:/"
}
