{
    "date": "2026/01/16",
    "name": "メルシャン前",
    "position": "-",
    "system": "藤07",
    "destinations": [
        "引地橋",
        "一中入口(藤沢市)",
        "湘南高校前",
        "台町(藤沢市)",
        "白旗交差点",
        "本町小学校前(藤沢市)",
        "南仲通り二丁目",
        "南仲通り",
        "相生町(藤沢市)",
        "三富士町",
        "藤沢駅北口"
    ],
    "weekday": [
        "6:03",
        "6:28",
        "6:53",
        "7:19",
        "14:03",
        "16:03",
        "18:18",
        "20:18",
        "21:23",
        "22:08"
    ],
    "saturday": [
        "6:08",
        "7:18",
        "8:19",
        "10:19",
        "12:19",
        "14:19",
        "16:19",
        "18:24",
        "20:28",
        "21:33"
    ],
    "holiday": [
        "6:08",
        "7:18",
        "8:19",
        "10:19",
        "12:19",
        "14:19",
        "16:19",
        "18:24",
        "20:28",
        "21:33"
    ],
    "url": "https://www.kanachu.co.jp/dia/diagram/timetable01_js/course:0000804113-13/node:00127053/kt:0/lname:/"
}
