{
    "date": "2026/01/16",
    "name": "台町(藤沢市)",
    "position": "-",
    "system": "藤07",
    "destinations": [
        "白旗交差点",
        "本町小学校前(藤沢市)",
        "南仲通り二丁目",
        "南仲通り",
        "相生町(藤沢市)",
        "三富士町",
        "藤沢駅北口"
    ],
    "weekday": [
        "6:08",
        "6:33",
        "6:58",
        "7:24",
        "14:08",
        "16:08",
        "18:23",
        "20:23",
        "21:28",
        "22:13"
    ],
    "saturday": [
        "6:13",
        "7:23",
        "8:24",
        "10:24",
        "12:24",
        "14:24",
        "16:24",
        "18:29",
        "20:33",
        "21:38"
    ],
    "holiday": [
        "6:13",
        "7:23",
        "8:24",
        "10:24",
        "12:24",
        "14:24",
        "16:24",
        "18:29",
        "20:33",
        "21:38"
    ],
    "url": "https://www.kanachu.co.jp/dia/diagram/timetable01_js/course:0000804113-17/node:00127049/kt:0/lname:/"
}
