{
    "date": "2026/01/16",
    "name": "南仲通り二丁目",
    "position": "-",
    "system": "藤07",
    "destinations": [
        "南仲通り",
        "相生町(藤沢市)",
        "三富士町",
        "藤沢駅北口"
    ],
    "weekday": [
        "6:11",
        "6:36",
        "7:01",
        "7:27",
        "14:11",
        "16:11",
        "18:26",
        "20:26",
        "21:31",
        "22:16"
    ],
    "saturday": [
        "6:16",
        "7:26",
        "8:27",
        "10:27",
        "12:27",
        "14:27",
        "16:27",
        "18:32",
        "20:36",
        "21:41"
    ],
    "holiday": [
        "6:16",
        "7:26",
        "8:27",
        "10:27",
        "12:27",
        "14:27",
        "16:27",
        "18:32",
        "20:36",
        "21:41"
    ],
    "url": "https://www.kanachu.co.jp/dia/diagram/timetable01_js/course:0000804113-20/node:00127110/kt:0/lname:/"
}
