{
    "date": "2026/01/16",
    "name": "西鶴間",
    "position": "-",
    "system": "海08",
    "destinations": [
        "南鶴間",
        "西鶴寺前",
        "扇野",
        "相模大塚",
        "さがみ野駅",
        "大塚上町",
        "大塚本町",
        "柏ヶ谷(海老名市)",
        "天野原",
        "パブコ前",
        "赤坂(海老名市)",
        "県営団地入口(海老名市)",
        "望地(海老名市)",
        "東国分",
        "国分(海老名市)",
        "中央一丁目(海老名市)",
        "海老名駅東口"
    ],
    "weekday": [
        "6:51"
    ],
    "saturday": [],
    "holiday": [],
    "url": "https://www.kanachu.co.jp/dia/diagram/timetable01_js/course:0000804111-2/node:00128607/kt:0/lname:/"
}
