{
    "date": "2024/04/01",
    "name": "平塚駅北口",
    "position": "-",
    "system": "平20",
    "destinations": [
        "銀座通り(平塚市)",
        "平塚文化芸術ホール前",
        "八間通り",
        "旭通り(平塚市)",
        "営林署前(平塚市)",
        "追分(平塚市)",
        "江南高校前",
        "向原(平塚市)",
        "南原(平塚市)",
        "南原土手",
        "長瀬(平塚市)",
        "長瀬北",
        "熊野神社前(平塚市)",
        "長持根下",
        "成願寺(平塚市)",
        "入野前田",
        "金田公民館"
    ],
    "weekday": [
        "6:56",
        "7:25",
        "19:20",
        "19:50",
        "20:48",
        "21:52"
    ],
    "saturday": [
        "7:30",
        "8:30",
        "18:45",
        "19:45"
    ],
    "holiday": [
        "7:30",
        "8:30",
        "18:45",
        "19:45"
    ],
    "url": "https://www.kanachu.co.jp/dia/diagram/timetable01_js/course:0000800756-1/node:00127464/kt:0/lname:/"
}
