{
    "date": "2024/04/01",
    "name": "旭通り(平塚市)",
    "position": "-",
    "system": "平20",
    "destinations": [
        "営林署前(平塚市)",
        "追分(平塚市)",
        "江南高校前",
        "向原(平塚市)",
        "南原(平塚市)",
        "南原土手",
        "長瀬(平塚市)",
        "長瀬北",
        "熊野神社前(平塚市)",
        "長持根下",
        "成願寺(平塚市)",
        "入野前田",
        "金田公民館"
    ],
    "weekday": [
        "7:01",
        "7:30",
        "19:25",
        "19:55",
        "20:53",
        "21:57"
    ],
    "saturday": [
        "7:35",
        "8:35",
        "18:50",
        "19:50"
    ],
    "holiday": [
        "7:35",
        "8:35",
        "18:50",
        "19:50"
    ],
    "url": "https://www.kanachu.co.jp/dia/diagram/timetable01_js/course:0000800756-5/node:00127740/kt:0/lname:/"
}
