{
    "date": "2024/04/01",
    "name": "南原(平塚市)",
    "position": "-",
    "system": "平20",
    "destinations": [
        "南原土手",
        "長瀬(平塚市)",
        "長瀬北",
        "熊野神社前(平塚市)",
        "長持根下",
        "成願寺(平塚市)",
        "入野前田",
        "金田公民館"
    ],
    "weekday": [
        "7:06",
        "7:35",
        "19:30",
        "20:00",
        "20:58",
        "22:02"
    ],
    "saturday": [
        "7:40",
        "8:40",
        "18:55",
        "19:55"
    ],
    "holiday": [
        "7:40",
        "8:40",
        "18:55",
        "19:55"
    ],
    "url": "https://www.kanachu.co.jp/dia/diagram/timetable01_js/course:0000800756-10/node:00127559/kt:0/lname:/"
}
