{
    "date": "2024/04/01",
    "name": "長瀬(平塚市)",
    "position": "-",
    "system": "平20",
    "destinations": [
        "長瀬北",
        "熊野神社前(平塚市)",
        "長持根下",
        "成願寺(平塚市)",
        "入野前田",
        "金田公民館"
    ],
    "weekday": [
        "7:09",
        "7:38",
        "19:33",
        "20:03",
        "21:01",
        "22:05"
    ],
    "saturday": [
        "7:43",
        "8:43",
        "18:58",
        "19:58"
    ],
    "holiday": [
        "7:43",
        "8:43",
        "18:58",
        "19:58"
    ],
    "url": "https://www.kanachu.co.jp/dia/diagram/timetable01_js/course:0000800756-12/node:00127738/kt:0/lname:/"
}
