{
    "date": "2024/04/01",
    "name": "入野前田",
    "position": "-",
    "system": "平20",
    "destinations": [
        "金田公民館"
    ],
    "weekday": [
        "7:11",
        "7:40",
        "19:35",
        "20:05",
        "21:03",
        "22:07"
    ],
    "saturday": [
        "7:45",
        "8:45",
        "19:00",
        "20:00"
    ],
    "holiday": [
        "7:45",
        "8:45",
        "19:00",
        "20:00"
    ],
    "url": "https://www.kanachu.co.jp/dia/diagram/timetable01_js/course:0000800756-17/node:00127704/kt:0/lname:/"
}
