{
    "date": "2025/02/24",
    "name": "戸塚バスセンター",
    "position": "-",
    "system": "戸51",
    "destinations": [
        "八坂神社前",
        "大坂下",
        "大坂台",
        "大坂上(横浜市戸塚区)",
        "新道大坂上",
        "西横浜国際総合病院前",
        "吹上(横浜市戸塚区)",
        "大運寺",
        "横浜医療センター前",
        "三叉路(横浜市戸塚区)",
        "横浜薬大南門",
        "俣野公園・横浜薬大前",
        "集会所前(横浜市戸塚区)",
        "ドリームハイツ"
    ],
    "weekday": [
        "6:50",
        "7:02",
        "7:26",
        "7:35",
        "7:50",
        "8:00",
        "8:18",
        "8:40",
        "8:51",
        "9:02",
        "9:13",
        "9:24",
        "12:08",
        "12:25",
        "12:42",
        "13:08",
        "13:17",
        "13:25",
        "13:42",
        "13:53",
        "17:24",
        "17:38",
        "17:48",
        "17:57",
        "18:06",
        "18:15",
        "18:48",
        "18:57",
        "19:09",
        "19:19",
        "19:30",
        "19:39"
    ],
    "saturday": [],
    "holiday": [],
    "url": "https://www.kanachu.co.jp/dia/diagram/timetable01_js/course:0000803550-1/node:00126775/kt:0/lname:/"
}
