{
    "date": "2025/02/24",
    "name": "三叉路(横浜市戸塚区)",
    "position": "-",
    "system": "戸51",
    "destinations": [
        "横浜薬大南門",
        "俣野公園・横浜薬大前",
        "集会所前(横浜市戸塚区)",
        "ドリームハイツ"
    ],
    "weekday": [
        "7:08",
        "7:20",
        "7:44",
        "7:53",
        "8:08",
        "8:18",
        "8:36",
        "8:58",
        "9:09",
        "9:20",
        "9:31",
        "9:42",
        "12:26",
        "12:43",
        "13:00",
        "13:26",
        "13:35",
        "13:43",
        "14:00",
        "14:11",
        "17:42",
        "17:56",
        "18:06",
        "18:15",
        "18:24",
        "18:33",
        "19:06",
        "19:15",
        "19:27",
        "19:37",
        "19:48",
        "19:57"
    ],
    "saturday": [],
    "holiday": [],
    "url": "https://www.kanachu.co.jp/dia/diagram/timetable01_js/course:0000803550-11/node:00126820/kt:0/lname:/"
}
