{
    "date": "2025/07/27",
    "name": "中井中学校前",
    "position": "-",
    "system": "秦96",
    "destinations": [
        "藤沢",
        "才戸",
        "グリーンテク西",
        "グリーンテク中央",
        "砂口入口",
        "グリーンテク東",
        "東名秦野",
        "南が丘東",
        "立野緑地入口",
        "日赤病院前(秦野市)",
        "小原台入口(秦野市)",
        "上尾尻橋",
        "秦野駅南口"
    ],
    "weekday": [
        "17:16",
        "18:31",
        "20:21"
    ],
    "saturday": [],
    "holiday": [],
    "url": "https://www.kanachu.co.jp/dia/diagram/timetable01_js/course:0000801214-2/node:00127949/kt:0/lname:/"
}
