{
    "date": "2025/07/27",
    "name": "南が丘東",
    "position": "-",
    "system": "秦96",
    "destinations": [
        "立野緑地入口",
        "日赤病院前(秦野市)",
        "小原台入口(秦野市)",
        "上尾尻橋",
        "秦野駅南口"
    ],
    "weekday": [
        "17:26",
        "18:41",
        "20:31"
    ],
    "saturday": [],
    "holiday": [],
    "url": "https://www.kanachu.co.jp/dia/diagram/timetable01_js/course:0000801214-10/node:00127774/kt:0/lname:/"
}
