{
    "date": "2026/01/16",
    "name": "上谷台",
    "position": "-",
    "system": "長37",
    "destinations": [
        "長後駅西口"
    ],
    "weekday": [
        "5:37",
        "6:34",
        "6:45",
        "6:48",
        "7:03",
        "7:16",
        "7:27",
        "7:41",
        "7:57"
    ],
    "saturday": [
        "5:43"
    ],
    "holiday": [
        "6:13"
    ],
    "url": "https://www.kanachu.co.jp/dia/diagram/timetable01_js/course:0000803979-8/node:00129846/kt:0/lname:/"
}
