{
    "date": "2025/04/01",
    "name": "追分(相模原市緑区)",
    "position": "-",
    "system": "野11",
    "destinations": [
        "名倉入口",
        "日連大橋",
        "藤野駅"
    ],
    "weekday": [
        "6:10",
        "11:01",
        "12:53",
        "15:00",
        "19:04",
        "19:27"
    ],
    "saturday": [
        "6:10",
        "8:33",
        "11:09",
        "12:51",
        "14:56",
        "16:24",
        "19:04",
        "19:27"
    ],
    "holiday": [
        "6:10",
        "8:33",
        "11:09",
        "12:51",
        "14:56",
        "16:24",
        "19:04",
        "19:27"
    ],
    "url": "https://www.kanachu.co.jp/dia/diagram/timetable01_js/course:0000803747-11/node:00128790/kt:0/lname:/"
}
