{
    "system": "間15",
    "busstops": [
        {
            "index": "1",
            "id": "00129523",
            "name": "鶴間駅東口",
            "lat": "35.490353",
            "lng": "139.452167"
        },
        {
            "index": "2",
            "id": "00129524",
            "name": "鶴間二丁目",
            "lat": "35.490888",
            "lng": "139.454517"
        },
        {
            "index": "3",
            "id": "00130537",
            "name": "長堀公園前",
            "lat": "35.492468",
            "lng": "139.459839"
        },
        {
            "index": "4",
            "id": "00129652",
            "name": "目黒",
            "lat": "35.496539",
            "lng": "139.467312"
        },
        {
            "index": "5",
            "id": "00129734",
            "name": "馬場屋敷",
            "lat": "35.495228",
            "lng": "139.470942"
        },
        {
            "index": "6",
            "id": "00129653",
            "name": "八幡神社前(横浜市瀬谷区)",
            "lat": "35.492893",
            "lng": "139.4732"
        },
        {
            "index": "7",
            "id": "00129654",
            "name": "上瀬谷小学校入口",
            "lat": "35.489938",
            "lng": "139.473195"
        },
        {
            "index": "8",
            "id": "00129655",
            "name": "竹村町",
            "lat": "35.487535",
            "lng": "139.472958"
        },
        {
            "index": "9",
            "id": "00129656",
            "name": "中屋敷(横浜市瀬谷区)",
            "lat": "35.481942",
            "lng": "139.475223"
        },
        {
            "index": "10",
            "id": "00129657",
            "name": "本郷原",
            "lat": "35.477607",
            "lng": "139.475709"
        },
        {
            "index": "11",
            "id": "00129658",
            "name": "本郷(横浜市瀬谷区)",
            "lat": "35.474277",
            "lng": "139.477159"
        },
        {
            "index": "12",
            "id": "00129659",
            "name": "瀬谷駅前通り",
            "lat": "35.472284",
            "lng": "139.481953"
        },
        {
            "index": "13",
            "id": "00129660",
            "name": "瀬谷駅",
            "lat": "35.471615",
            "lng": "139.482937"
        },
        {
            "index": "14",
            "id": "00126689",
            "name": "相沢",
            "lat": "35.47225",
            "lng": "139.488992"
        },
        {
            "index": "15",
            "id": "00126688",
            "name": "相沢原",
            "lat": "35.469485",
            "lng": "139.492314"
        },
        {
            "index": "16",
            "id": "00129661",
            "name": "上橋(横浜市瀬谷区)",
            "lat": "35.468819",
            "lng": "139.494083"
        },
        {
            "index": "17",
            "id": "00129662",
            "name": "中丸(横浜市瀬谷区)",
            "lat": "35.470191",
            "lng": "139.497099"
        },
        {
            "index": "18",
            "id": "00129663",
            "name": "瀬谷警察入口",
            "lat": "35.469276",
            "lng": "139.499333"
        },
        {
            "index": "19",
            "id": "00129664",
            "name": "三ツ境駅北口",
            "lat": "35.467981",
            "lng": "139.503963"
        }
    ],
    "route_url": "https://www.kanachu.co.jp/dia/route/index/cid:0000803992/"
}
