{
    "date": "2023/02/18",
    "name": "愛甲橋",
    "position": "-",
    "system": "愛21",
    "destinations": [
        "上愛甲",
        "愛甲郵便局前",
        "聖木",
        "籠堰橋",
        "広町橋",
        "小野宮前",
        "小野橋(厚木市)",
        "榎田",
        "若宮橋(厚木市)",
        "通信研究所前(厚木市)",
        "松蔭大学",
        "日産先進技術開発センター"
    ],
    "weekday": [
        "7:23",
        "7:44",
        "7:58",
        "8:02",
        "8:13",
        "8:25",
        "8:35",
        "8:48",
        "8:58",
        "9:05",
        "9:12",
        "9:32",
        "9:52",
        "12:33",
        "13:03",
        "13:48",
        "14:28",
        "14:53",
        "18:23",
        "18:53",
        "19:28"
    ],
    "saturday": [],
    "holiday": [],
    "url": "https://www.kanachu.co.jp/dia/diagram/timetable01_js/course:0000800504-4/node:00128528/kt:0/lname:/"
}
