{
    "date": "2023/02/18",
    "name": "若宮橋(厚木市)",
    "position": "-",
    "system": "愛21",
    "destinations": [
        "通信研究所前(厚木市)",
        "松蔭大学",
        "日産先進技術開発センター"
    ],
    "weekday": [
        "7:35",
        "7:56",
        "8:10",
        "8:14",
        "8:25",
        "8:35",
        "8:44",
        "8:57",
        "9:07",
        "9:14",
        "9:21",
        "9:41",
        "10:01",
        "12:42",
        "13:12",
        "13:57",
        "14:37",
        "15:02",
        "18:32",
        "19:02",
        "19:37"
    ],
    "saturday": [],
    "holiday": [],
    "url": "https://www.kanachu.co.jp/dia/diagram/timetable01_js/course:0000800504-13/node:00128497/kt:0/lname:/"
}
