{
    "date": "2025/03/15",
    "name": "桜ヶ丘駅西口",
    "position": "-",
    "system": "丘01",
    "destinations": [
        "福田三丁目",
        "福田四丁目",
        "札の辻(大和市)",
        "千本桜商店街",
        "代官二丁目",
        "代官三丁目",
        "本蓼川",
        "廻り坂",
        "深谷原",
        "鶴ヶ岡",
        "大法寺(綾瀬市)",
        "綾瀬車庫(綾瀬市)"
    ],
    "weekday": [
        "19:15",
        "20:05"
    ],
    "saturday": [
        "18:32"
    ],
    "holiday": [
        "18:32"
    ],
    "url": "https://www.kanachu.co.jp/dia/diagram/timetable01_js/course:0000800916-1/node:00129624/kt:0/lname:/"
}
