{
    "date": "2025/03/15",
    "name": "札の辻(大和市)",
    "position": "-",
    "system": "丘01",
    "destinations": [
        "千本桜商店街",
        "代官二丁目",
        "代官三丁目",
        "本蓼川",
        "廻り坂",
        "深谷原",
        "鶴ヶ岡",
        "大法寺(綾瀬市)",
        "綾瀬車庫(綾瀬市)"
    ],
    "weekday": [
        "19:19",
        "20:09"
    ],
    "saturday": [
        "18:36"
    ],
    "holiday": [
        "18:36"
    ],
    "url": "https://www.kanachu.co.jp/dia/diagram/timetable01_js/course:0000800916-4/node:00129996/kt:0/lname:/"
}
