{
    "date": "2024/03/16",
    "name": "元大橋公園前",
    "position": "-",
    "system": "港36",
    "destinations": [
        "港南台西公園",
        "横浜女子短期大学前",
        "港南台駅"
    ],
    "weekday": [
        "8:38",
        "9:04",
        "10:10",
        "10:22",
        "10:54",
        "11:22",
        "11:52",
        "12:52",
        "13:35",
        "14:05",
        "14:37",
        "15:05",
        "16:05",
        "16:34",
        "17:08",
        "17:35",
        "17:57",
        "18:17",
        "18:37",
        "18:57",
        "19:17",
        "19:37",
        "19:57",
        "20:17"
    ],
    "saturday": [
        "6:26",
        "7:18",
        "7:58",
        "8:26",
        "8:54",
        "9:23",
        "10:23",
        "10:58",
        "11:30",
        "12:45",
        "13:33",
        "14:13",
        "14:53",
        "16:13",
        "16:53",
        "17:33",
        "18:13",
        "18:53",
        "19:32"
    ],
    "holiday": [
        "6:26",
        "7:18",
        "7:58",
        "8:26",
        "8:54",
        "9:23",
        "10:23",
        "10:58",
        "11:30",
        "12:45",
        "13:33",
        "14:13",
        "14:53",
        "16:13",
        "16:53",
        "17:33",
        "18:13",
        "18:53",
        "19:32"
    ],
    "url": "https://www.kanachu.co.jp/dia/diagram/timetable01_js/course:0000800907-13/node:00126548/kt:0/lname:/"
}
