{
    "date": "2024/12/16",
    "name": "東海大学前駅入口",
    "position": "-",
    "system": "秦45",
    "destinations": [
        "東海大学前駅南口"
    ],
    "weekday": [
        "6:17",
        "8:28",
        "8:53",
        "11:35",
        "13:55",
        "14:55",
        "16:40",
        "17:40",
        "20:45"
    ],
    "saturday": [
        "9:32",
        "12:35",
        "18:43",
        "20:45"
    ],
    "holiday": [
        "9:32",
        "12:35",
        "18:43",
        "20:45"
    ],
    "url": "https://www.kanachu.co.jp/dia/diagram/timetable01_js/course:0000803656-18/node:00127760/kt:0/lname:/"
}
