{
    "date": "2025/01/14",
    "name": "夢の丘小学校入口",
    "position": "-",
    "system": "厚79",
    "destinations": [
        "当麻市場",
        "下当麻",
        "昭和橋(相模原市南区)",
        "依知神社前",
        "上依知",
        "藤塚(厚木市)",
        "山際",
        "中平(厚木市)",
        "依知小学校前",
        "関口(厚木市)",
        "蓮生寺(厚木市)",
        "追分(厚木市)",
        "下依知入口",
        "金田神社前",
        "金田(厚木市)",
        "金田下宿",
        "積水ソフランウイズ前",
        "鮎津橋",
        "元町(厚木市)",
        "小田急通り",
        "厚木バスセンター"
    ],
    "weekday": [
        "6:17",
        "6:41",
        "10:51",
        "11:44",
        "13:01",
        "14:40",
        "16:00",
        "16:51",
        "17:31",
        "18:19",
        "19:16"
    ],
    "saturday": [
        "6:53",
        "8:29",
        "10:53",
        "11:54",
        "13:53",
        "14:53",
        "16:53",
        "17:55",
        "19:53"
    ],
    "holiday": [
        "8:28",
        "10:28",
        "11:28",
        "13:28",
        "14:28",
        "16:28",
        "17:29",
        "19:28"
    ],
    "url": "https://www.kanachu.co.jp/dia/diagram/timetable01_js/course:0000800428-2/node:00129267/kt:0/lname:/"
}
