{
    "date": "2025/01/14",
    "name": "昭和橋(相模原市南区)",
    "position": "-",
    "system": "厚79",
    "destinations": [
        "依知神社前",
        "上依知",
        "藤塚(厚木市)",
        "山際",
        "中平(厚木市)",
        "依知小学校前",
        "関口(厚木市)",
        "蓮生寺(厚木市)",
        "追分(厚木市)",
        "下依知入口",
        "金田神社前",
        "金田(厚木市)",
        "金田下宿",
        "積水ソフランウイズ前",
        "鮎津橋",
        "元町(厚木市)",
        "小田急通り",
        "厚木バスセンター"
    ],
    "weekday": [
        "6:20",
        "6:44",
        "10:56",
        "11:49",
        "13:06",
        "14:45",
        "16:05",
        "16:56",
        "17:36",
        "18:24",
        "19:19"
    ],
    "saturday": [
        "6:56",
        "8:32",
        "10:56",
        "11:57",
        "13:56",
        "14:56",
        "16:56",
        "17:58",
        "19:56"
    ],
    "holiday": [
        "8:31",
        "10:31",
        "11:31",
        "13:31",
        "14:31",
        "16:31",
        "17:32",
        "19:31"
    ],
    "url": "https://www.kanachu.co.jp/dia/diagram/timetable01_js/course:0000800428-5/node:00128359/kt:0/lname:/"
}
