{
    "date": "2025/01/14",
    "name": "蓮生寺(厚木市)",
    "position": "-",
    "system": "厚79",
    "destinations": [
        "追分(厚木市)",
        "下依知入口",
        "金田神社前",
        "金田(厚木市)",
        "金田下宿",
        "積水ソフランウイズ前",
        "鮎津橋",
        "元町(厚木市)",
        "小田急通り",
        "厚木バスセンター"
    ],
    "weekday": [
        "6:33",
        "6:59",
        "11:11",
        "12:04",
        "13:21",
        "15:00",
        "16:20",
        "17:12",
        "17:52",
        "18:40",
        "19:34"
    ],
    "saturday": [
        "7:09",
        "8:45",
        "11:09",
        "12:10",
        "14:09",
        "15:09",
        "17:09",
        "18:11",
        "20:09"
    ],
    "holiday": [
        "8:44",
        "10:44",
        "11:44",
        "13:44",
        "14:44",
        "16:44",
        "17:45",
        "19:44"
    ],
    "url": "https://www.kanachu.co.jp/dia/diagram/timetable01_js/course:0000800428-13/node:00128351/kt:0/lname:/"
}
