{
    "date": "2025/01/14",
    "name": "追分(厚木市)",
    "position": "-",
    "system": "厚79",
    "destinations": [
        "下依知入口",
        "金田神社前",
        "金田(厚木市)",
        "金田下宿",
        "積水ソフランウイズ前",
        "鮎津橋",
        "元町(厚木市)",
        "小田急通り",
        "厚木バスセンター"
    ],
    "weekday": [
        "6:34",
        "7:00",
        "11:12",
        "12:05",
        "13:22",
        "15:01",
        "16:21",
        "17:13",
        "17:53",
        "18:41",
        "19:35"
    ],
    "saturday": [
        "7:10",
        "8:46",
        "11:10",
        "12:11",
        "14:10",
        "15:10",
        "17:10",
        "18:12",
        "20:10"
    ],
    "holiday": [
        "8:45",
        "10:45",
        "11:45",
        "13:45",
        "14:45",
        "16:45",
        "17:46",
        "19:45"
    ],
    "url": "https://www.kanachu.co.jp/dia/diagram/timetable01_js/course:0000800428-14/node:00128350/kt:0/lname:/"
}
