{
    "date": "2025/11/16",
    "name": "片町十字路",
    "position": "-",
    "system": "伊34",
    "destinations": [
        "片町(伊勢原市)",
        "共済会館入口",
        "りんどう寮前",
        "川上(伊勢原市)",
        "専修大学入口(伊勢原市)",
        "総合運動公園(伊勢原市)",
        "総合運動公園入口",
        "分れ道",
        "日向新田",
        "薬師入口",
        "はつみ坂",
        "日向川",
        "馬場リハビリ入口",
        "神奈川リハビリ",
        "馬場リハビリ入口",
        "七沢温泉入口",
        "七沢病院入口",
        "広沢寺温泉入口",
        "七沢"
    ],
    "weekday": [
        "8:23",
        "9:23",
        "12:23",
        "13:23",
        "16:23",
        "17:23",
        "18:23"
    ],
    "saturday": [
        "7:13",
        "8:28",
        "9:38",
        "11:13",
        "12:23",
        "13:33",
        "15:08",
        "16:23"
    ],
    "holiday": [
        "7:13",
        "8:28",
        "9:38",
        "11:13",
        "12:23",
        "13:33",
        "15:08",
        "16:23"
    ],
    "url": "https://www.kanachu.co.jp/dia/diagram/timetable01_js/course:0000800408-4/node:00128143/kt:0/lname:/"
}
