{
    "date": "2025/11/16",
    "name": "総合運動公園(伊勢原市)",
    "position": "-",
    "system": "伊34",
    "destinations": [
        "総合運動公園入口",
        "分れ道",
        "日向新田",
        "薬師入口",
        "はつみ坂",
        "日向川",
        "馬場リハビリ入口",
        "神奈川リハビリ",
        "馬場リハビリ入口",
        "七沢温泉入口",
        "七沢病院入口",
        "広沢寺温泉入口",
        "七沢"
    ],
    "weekday": [
        "8:30",
        "9:30",
        "12:30",
        "13:30",
        "16:30",
        "17:30",
        "18:30"
    ],
    "saturday": [
        "7:20",
        "8:35",
        "9:45",
        "11:20",
        "12:30",
        "13:40",
        "15:15",
        "16:30"
    ],
    "holiday": [
        "7:20",
        "8:35",
        "9:45",
        "11:20",
        "12:30",
        "13:40",
        "15:15",
        "16:30"
    ],
    "url": "https://www.kanachu.co.jp/dia/diagram/timetable01_js/course:0000800408-10/node:00128215/kt:0/lname:/"
}
