{
    "date": "2025/11/16",
    "name": "日向川",
    "position": "-",
    "system": "伊34",
    "destinations": [
        "馬場リハビリ入口",
        "神奈川リハビリ",
        "馬場リハビリ入口",
        "七沢温泉入口",
        "七沢病院入口",
        "広沢寺温泉入口",
        "七沢"
    ],
    "weekday": [
        "8:37",
        "9:37",
        "12:37",
        "13:37",
        "16:37",
        "17:37",
        "18:37"
    ],
    "saturday": [
        "7:27",
        "8:42",
        "9:52",
        "11:27",
        "12:37",
        "13:47",
        "15:22",
        "16:37"
    ],
    "holiday": [
        "7:27",
        "8:42",
        "9:52",
        "11:27",
        "12:37",
        "13:47",
        "15:22",
        "16:37"
    ],
    "url": "https://www.kanachu.co.jp/dia/diagram/timetable01_js/course:0000800408-16/node:00128454/kt:0/lname:/"
}
