{
    "date": "2025/11/16",
    "name": "神奈川リハビリ",
    "position": "-",
    "system": "伊34",
    "destinations": [
        "馬場リハビリ入口",
        "七沢温泉入口",
        "七沢病院入口",
        "広沢寺温泉入口",
        "七沢"
    ],
    "weekday": [
        "8:40",
        "9:40",
        "12:40",
        "13:40",
        "16:40",
        "17:40",
        "18:40"
    ],
    "saturday": [
        "7:30",
        "8:45",
        "9:55",
        "11:30",
        "12:40",
        "13:50",
        "15:25",
        "16:40"
    ],
    "holiday": [
        "7:30",
        "8:45",
        "9:55",
        "11:30",
        "12:40",
        "13:50",
        "15:25",
        "16:40"
    ],
    "url": "https://www.kanachu.co.jp/dia/diagram/timetable01_js/course:0000800408-18/node:00128456/kt:0/lname:/"
}
