{
    "date": "2025/11/16",
    "name": "馬場リハビリ入口",
    "position": "-",
    "system": "伊34",
    "destinations": [
        "七沢温泉入口",
        "七沢病院入口",
        "広沢寺温泉入口",
        "七沢"
    ],
    "weekday": [
        "8:41",
        "9:41",
        "12:41",
        "13:41",
        "16:41",
        "17:41",
        "18:41"
    ],
    "saturday": [
        "7:31",
        "8:46",
        "9:56",
        "11:31",
        "12:41",
        "13:51",
        "15:26",
        "16:41"
    ],
    "holiday": [
        "7:31",
        "8:46",
        "9:56",
        "11:31",
        "12:41",
        "13:51",
        "15:26",
        "16:41"
    ],
    "url": "https://www.kanachu.co.jp/dia/diagram/timetable01_js/course:0000800408-19/node:00128455/kt:0/lname:/"
}
