{
    "date": "2025/11/16",
    "name": "七沢温泉入口",
    "position": "-",
    "system": "伊34",
    "destinations": [
        "七沢病院入口",
        "広沢寺温泉入口",
        "七沢"
    ],
    "weekday": [
        "8:42",
        "9:42",
        "12:42",
        "13:42",
        "16:42",
        "17:42",
        "18:42"
    ],
    "saturday": [
        "7:32",
        "8:47",
        "9:57",
        "11:32",
        "12:42",
        "13:52",
        "15:27",
        "16:42"
    ],
    "holiday": [
        "7:32",
        "8:47",
        "9:57",
        "11:32",
        "12:42",
        "13:52",
        "15:27",
        "16:42"
    ],
    "url": "https://www.kanachu.co.jp/dia/diagram/timetable01_js/course:0000800408-20/node:00128457/kt:0/lname:/"
}
