{
    "date": "2025/11/16",
    "name": "筑池",
    "position": "-",
    "system": "峰01",
    "destinations": [
        "今宿(横浜市旭区)",
        "今宿小学校入口",
        "鶴ヶ峰中学校前",
        "薬王寺入口",
        "鶴ヶ峰本町",
        "鶴ヶ峰駅"
    ],
    "weekday": [
        "5:25"
    ],
    "saturday": [],
    "holiday": [],
    "url": "https://www.kanachu.co.jp/dia/diagram/timetable01_js/course:0000803932-21/node:00129715/kt:0/lname:/"
}
