{
    "date": "2026/01/16",
    "name": "東海大学前駅南口",
    "position": "-",
    "system": "平77",
    "destinations": [
        "東海大学前駅入口",
        "東海大学1号館前",
        "東海大学東",
        "北金目",
        "塚越古墳",
        "みずほ小学校",
        "堀町(平塚市)",
        "金目駅",
        "南金目",
        "片岡(平塚市)",
        "飯島(平塚市)",
        "平塚支援学校前",
        "水神橋(平塚市)",
        "長持",
        "長瀬(平塚市)",
        "南原土手",
        "市民病院前(平塚市)",
        "達上ヶ丘",
        "上平塚",
        "平塚農商高校",
        "貴峯荘前",
        "大久保公園(平塚市)",
        "諏訪町(平塚市)",
        "豊原町",
        "富士見小学校前(平塚市)",
        "桧扇町",
        "新豊田道",
        "豊田道",
        "八間通り",
        "平塚文化芸術ホール前",
        "銀座通り(平塚市)",
        "平塚駅北口"
    ],
    "weekday": [
        "8:17",
        "9:20",
        "10:22",
        "11:22",
        "12:16",
        "13:16",
        "14:16",
        "15:15",
        "16:18",
        "17:18",
        "18:49"
    ],
    "saturday": [
        "10:18",
        "11:18",
        "12:18",
        "13:18",
        "14:18",
        "15:18",
        "16:18"
    ],
    "holiday": [
        "10:18",
        "11:18",
        "12:18",
        "13:18",
        "14:18",
        "15:18",
        "16:18"
    ],
    "url": "https://www.kanachu.co.jp/dia/diagram/timetable01_js/course:0000804143-1/node:00128055/kt:0/lname:/"
}
