{
    "date": "2026/01/16",
    "name": "平塚支援学校前",
    "position": "-",
    "system": "平77",
    "destinations": [
        "水神橋(平塚市)",
        "長持",
        "長瀬(平塚市)",
        "南原土手",
        "市民病院前(平塚市)",
        "達上ヶ丘",
        "上平塚",
        "平塚農商高校",
        "貴峯荘前",
        "大久保公園(平塚市)",
        "諏訪町(平塚市)",
        "豊原町",
        "富士見小学校前(平塚市)",
        "桧扇町",
        "新豊田道",
        "豊田道",
        "八間通り",
        "平塚文化芸術ホール前",
        "銀座通り(平塚市)",
        "平塚駅北口"
    ],
    "weekday": [
        "8:36",
        "9:37",
        "10:39",
        "11:39",
        "12:33",
        "13:33",
        "14:33",
        "15:32",
        "16:36",
        "17:36",
        "19:05"
    ],
    "saturday": [
        "10:35",
        "11:35",
        "12:35",
        "13:35",
        "14:35",
        "15:35",
        "16:35"
    ],
    "holiday": [
        "10:35",
        "11:35",
        "12:35",
        "13:35",
        "14:35",
        "15:35",
        "16:35"
    ],
    "url": "https://www.kanachu.co.jp/dia/diagram/timetable01_js/course:0000804143-13/node:00127735/kt:0/lname:/"
}
