{
    "date": "2026/01/16",
    "name": "富士見小学校前(平塚市)",
    "position": "-",
    "system": "平77",
    "destinations": [
        "桧扇町",
        "新豊田道",
        "豊田道",
        "八間通り",
        "平塚文化芸術ホール前",
        "銀座通り(平塚市)",
        "平塚駅北口"
    ],
    "weekday": [
        "8:58",
        "9:54",
        "10:56",
        "11:56",
        "12:50",
        "13:50",
        "14:50",
        "15:49",
        "16:54",
        "17:54",
        "19:22"
    ],
    "saturday": [
        "10:53",
        "11:53",
        "12:53",
        "13:53",
        "14:53",
        "15:53",
        "16:53"
    ],
    "holiday": [
        "10:52",
        "11:52",
        "12:52",
        "13:52",
        "14:52",
        "15:52",
        "16:52"
    ],
    "url": "https://www.kanachu.co.jp/dia/diagram/timetable01_js/course:0000804143-26/node:00127587/kt:0/lname:/"
}
