{
    "date": "2026/01/16",
    "name": "平塚文化芸術ホール前",
    "position": "-",
    "system": "平77",
    "destinations": [
        "銀座通り(平塚市)",
        "平塚駅北口"
    ],
    "weekday": [
        "9:03",
        "9:59",
        "11:01",
        "12:01",
        "12:55",
        "13:55",
        "14:55",
        "15:54",
        "16:59",
        "17:59",
        "19:27"
    ],
    "saturday": [
        "10:58",
        "11:58",
        "12:58",
        "13:58",
        "14:58",
        "15:58",
        "16:58"
    ],
    "holiday": [
        "10:57",
        "11:57",
        "12:57",
        "13:57",
        "14:57",
        "15:57",
        "16:57"
    ],
    "url": "https://www.kanachu.co.jp/dia/diagram/timetable01_js/course:0000804143-31/node:00127466/kt:0/lname:/"
}
