{
    "date": "2012/10/01",
    "name": "細谷戸第3",
    "position": "-",
    "system": "境30",
    "destinations": [
        "細谷戸第2",
        "細谷戸第1",
        "東台(横浜市瀬谷区)",
        "幼稚園前(横浜市瀬谷区)",
        "相沢",
        "相沢原",
        "上橋(横浜市瀬谷区)",
        "中丸(横浜市瀬谷区)",
        "瀬谷警察入口",
        "三ツ境駅北口"
    ],
    "weekday": [
        "8:42",
        "10:06",
        "11:07",
        "12:07",
        "13:12",
        "14:02",
        "15:02"
    ],
    "saturday": [],
    "holiday": [],
    "url": "https://www.kanachu.co.jp/dia/diagram/timetable01_js/course:0000801264-3/node:00129789/kt:0/lname:/"
}
