{
    "date": "2012/10/01",
    "name": "細谷戸第2",
    "position": "-",
    "system": "境30",
    "destinations": [
        "細谷戸第1",
        "東台(横浜市瀬谷区)",
        "幼稚園前(横浜市瀬谷区)",
        "相沢",
        "相沢原",
        "上橋(横浜市瀬谷区)",
        "中丸(横浜市瀬谷区)",
        "瀬谷警察入口",
        "三ツ境駅北口"
    ],
    "weekday": [
        "8:43",
        "10:07",
        "11:08",
        "12:08",
        "13:13",
        "14:03",
        "15:03"
    ],
    "saturday": [],
    "holiday": [],
    "url": "https://www.kanachu.co.jp/dia/diagram/timetable01_js/course:0000801264-4/node:00129788/kt:0/lname:/"
}
