{
    "system": "境30",
    "busstops": [
        {
            "index": "1",
            "id": "00129791",
            "name": "細谷戸第5",
            "lat": "35.481622",
            "lng": "139.486756"
        },
        {
            "index": "2",
            "id": "00129790",
            "name": "細谷戸第4",
            "lat": "35.482898",
            "lng": "139.486289"
        },
        {
            "index": "3",
            "id": "00129789",
            "name": "細谷戸第3",
            "lat": "35.482819",
            "lng": "139.489035"
        },
        {
            "index": "4",
            "id": "00129788",
            "name": "細谷戸第2",
            "lat": "35.481528",
            "lng": "139.489025"
        },
        {
            "index": "5",
            "id": "00129787",
            "name": "細谷戸第1",
            "lat": "35.479693",
            "lng": "139.489646"
        },
        {
            "index": "6",
            "id": "00129786",
            "name": "東台(横浜市瀬谷区)",
            "lat": "35.476603",
            "lng": "139.488493"
        },
        {
            "index": "7",
            "id": "00129785",
            "name": "幼稚園前(横浜市瀬谷区)",
            "lat": "35.475148",
            "lng": "139.488223"
        },
        {
            "index": "8",
            "id": "00126689",
            "name": "相沢",
            "lat": "35.473198",
            "lng": "139.488507"
        },
        {
            "index": "9",
            "id": "00126688",
            "name": "相沢原",
            "lat": "35.469485",
            "lng": "139.492314"
        },
        {
            "index": "10",
            "id": "00129661",
            "name": "上橋(横浜市瀬谷区)",
            "lat": "35.468819",
            "lng": "139.494083"
        },
        {
            "index": "11",
            "id": "00129662",
            "name": "中丸(横浜市瀬谷区)",
            "lat": "35.470191",
            "lng": "139.497099"
        },
        {
            "index": "12",
            "id": "00129663",
            "name": "瀬谷警察入口",
            "lat": "35.469276",
            "lng": "139.499333"
        },
        {
            "index": "13",
            "id": "00129664",
            "name": "三ツ境駅北口",
            "lat": "35.467981",
            "lng": "139.503963"
        }
    ],
    "route_url": "https://www.kanachu.co.jp/dia/route/index/cid:0000801264/"
}
