{
    "date": "2025/11/16",
    "name": "洪福寺",
    "position": "-",
    "system": "121",
    "destinations": [
        "宮田町(横浜市保土ケ谷区)",
        "峯小学校前",
        "峰岡町",
        "常盤園下",
        "和田町(横浜市保土ケ谷区)",
        "保土ヶ谷中学校前",
        "上星川",
        "杉山神社前(横浜市保土ケ谷区)",
        "川島町(横浜市保土ケ谷区)",
        "川島住宅",
        "池の谷戸(横浜市保土ケ谷区)",
        "羽沢南",
        "高山(横浜市神奈川区)",
        "羽沢横浜国大駅前",
        "生花市場前",
        "三枚町",
        "羽沢団地前",
        "東泉寺前",
        "羽沢町",
        "羽沢下町",
        "八反橋",
        "菅田町入口",
        "港神境",
        "又口橋",
        "新横浜駅前"
    ],
    "weekday": [
        "7:03",
        "7:50",
        "8:51",
        "9:33",
        "10:31",
        "11:31",
        "12:31",
        "13:31",
        "14:31",
        "15:31",
        "16:32",
        "17:31",
        "18:30",
        "19:31"
    ],
    "saturday": [
        "8:12",
        "9:10",
        "10:10",
        "11:10",
        "12:10",
        "13:10",
        "14:10",
        "15:10",
        "16:10",
        "17:10",
        "18:10",
        "19:10"
    ],
    "holiday": [
        "8:12",
        "9:10",
        "10:10",
        "11:10",
        "12:10",
        "13:10",
        "14:10",
        "15:10",
        "16:10",
        "17:10",
        "18:10",
        "19:10"
    ],
    "url": "https://www.kanachu.co.jp/dia/diagram/timetable01_js/course:0000802236-6/node:00102504/kt:0/lname:/"
}
