{
    "date": "2025/11/16",
    "name": "上星川",
    "position": "-",
    "system": "",
    "destinations": [
        "杉山神社前(横浜市保土ケ谷区)",
        "川島町(横浜市保土ケ谷区)",
        "川島住宅",
        "池の谷戸(横浜市保土ケ谷区)",
        "羽沢南",
        "高山(横浜市神奈川区)",
        "羽沢横浜国大駅前",
        "生花市場前",
        "三枚町",
        "羽沢団地前",
        "東泉寺前",
        "羽沢町",
        "羽沢下町",
        "八反橋",
        "菅田町入口",
        "港神境",
        "又口橋",
        "新横浜駅前"
    ],
    "weekday": [
        "7:12",
        "7:59",
        "9:00",
        "9:42",
        "10:40",
        "11:40",
        "12:40",
        "13:40",
        "14:40",
        "15:40",
        "16:41",
        "17:40",
        "18:39",
        "19:40"
    ],
    "saturday": [
        "8:21",
        "9:19",
        "10:19",
        "11:19",
        "12:19",
        "13:19",
        "14:19",
        "15:19",
        "16:19",
        "17:19",
        "18:19",
        "19:19"
    ],
    "holiday": [
        "8:21",
        "9:19",
        "10:19",
        "11:19",
        "12:19",
        "13:19",
        "14:19",
        "15:19",
        "16:19",
        "17:19",
        "18:19",
        "19:19"
    ],
    "url": "https://www.kanachu.co.jp/dia/diagram/timetable01_js/course:0000802236-13/node:00102369/kt:0/lname:/"
}
