{
    "date": "2025/11/16",
    "name": "池の谷戸(横浜市保土ケ谷区)",
    "position": "-",
    "system": "121",
    "destinations": [
        "羽沢南",
        "高山(横浜市神奈川区)",
        "羽沢横浜国大駅前",
        "生花市場前",
        "三枚町",
        "羽沢団地前",
        "東泉寺前",
        "羽沢町",
        "羽沢下町",
        "八反橋",
        "菅田町入口",
        "港神境",
        "又口橋",
        "新横浜駅前"
    ],
    "weekday": [
        "7:18",
        "8:05",
        "9:06",
        "9:48",
        "10:46",
        "11:46",
        "12:46",
        "13:46",
        "14:46",
        "15:46",
        "16:47",
        "17:46",
        "18:45",
        "19:45"
    ],
    "saturday": [
        "8:27",
        "9:25",
        "10:25",
        "11:25",
        "12:25",
        "13:25",
        "14:25",
        "15:27",
        "16:27",
        "17:27",
        "18:26",
        "19:26"
    ],
    "holiday": [
        "8:27",
        "9:25",
        "10:25",
        "11:25",
        "12:25",
        "13:25",
        "14:25",
        "15:27",
        "16:27",
        "17:27",
        "18:26",
        "19:26"
    ],
    "url": "https://www.kanachu.co.jp/dia/diagram/timetable01_js/course:0000802236-17/node:00129776/kt:0/lname:/"
}
