{
    "date": "2025/11/16",
    "name": "羽沢南",
    "position": "-",
    "system": "121",
    "destinations": [
        "高山(横浜市神奈川区)",
        "羽沢横浜国大駅前",
        "生花市場前",
        "三枚町",
        "羽沢団地前",
        "東泉寺前",
        "羽沢町",
        "羽沢下町",
        "八反橋",
        "菅田町入口",
        "港神境",
        "又口橋",
        "新横浜駅前"
    ],
    "weekday": [
        "7:19",
        "8:06",
        "9:07",
        "9:49",
        "10:47",
        "11:47",
        "12:47",
        "13:47",
        "14:47",
        "15:47",
        "16:48",
        "17:47",
        "18:46",
        "19:46"
    ],
    "saturday": [
        "8:28",
        "9:26",
        "10:26",
        "11:26",
        "12:26",
        "13:26",
        "14:26",
        "15:28",
        "16:28",
        "17:28",
        "18:27",
        "19:27"
    ],
    "holiday": [
        "8:28",
        "9:26",
        "10:26",
        "11:26",
        "12:26",
        "13:26",
        "14:26",
        "15:28",
        "16:28",
        "17:28",
        "18:27",
        "19:27"
    ],
    "url": "https://www.kanachu.co.jp/dia/diagram/timetable01_js/course:0000802236-18/node:00129777/kt:0/lname:/"
}
