{
    "date": "2025/11/16",
    "name": "高山(横浜市神奈川区)",
    "position": "-",
    "system": "121",
    "destinations": [
        "羽沢横浜国大駅前",
        "生花市場前",
        "三枚町",
        "羽沢団地前",
        "東泉寺前",
        "羽沢町",
        "羽沢下町",
        "八反橋",
        "菅田町入口",
        "港神境",
        "又口橋",
        "新横浜駅前"
    ],
    "weekday": [
        "7:20",
        "8:07",
        "9:08",
        "9:50",
        "10:48",
        "11:48",
        "12:48",
        "13:48",
        "14:48",
        "15:48",
        "16:49",
        "17:48",
        "18:47",
        "19:47"
    ],
    "saturday": [
        "8:29",
        "9:27",
        "10:27",
        "11:27",
        "12:27",
        "13:27",
        "14:27",
        "15:29",
        "16:29",
        "17:29",
        "18:28",
        "19:28"
    ],
    "holiday": [
        "8:29",
        "9:27",
        "10:27",
        "11:27",
        "12:27",
        "13:27",
        "14:27",
        "15:29",
        "16:29",
        "17:29",
        "18:28",
        "19:28"
    ],
    "url": "https://www.kanachu.co.jp/dia/diagram/timetable01_js/course:0000802236-19/node:00129778/kt:0/lname:/"
}
