{
    "date": "2025/11/16",
    "name": "羽沢団地前",
    "position": "-",
    "system": "121",
    "destinations": [
        "東泉寺前",
        "羽沢町",
        "羽沢下町",
        "八反橋",
        "菅田町入口",
        "港神境",
        "又口橋",
        "新横浜駅前"
    ],
    "weekday": [
        "7:26",
        "8:13",
        "9:14",
        "9:56",
        "10:54",
        "11:54",
        "12:54",
        "13:54",
        "14:54",
        "15:55",
        "16:56",
        "17:55",
        "18:54",
        "19:52"
    ],
    "saturday": [
        "8:34",
        "9:32",
        "10:33",
        "11:33",
        "12:33",
        "13:33",
        "14:33",
        "15:35",
        "16:35",
        "17:35",
        "18:34",
        "19:34"
    ],
    "holiday": [
        "8:34",
        "9:32",
        "10:33",
        "11:33",
        "12:33",
        "13:33",
        "14:33",
        "15:35",
        "16:35",
        "17:35",
        "18:34",
        "19:34"
    ],
    "url": "https://www.kanachu.co.jp/dia/diagram/timetable01_js/course:0000802236-23/node:00102914/kt:0/lname:/"
}
