{
    "date": "2025/11/16",
    "name": "八反橋",
    "position": "-",
    "system": "",
    "destinations": [
        "菅田町入口",
        "港神境",
        "又口橋",
        "新横浜駅前"
    ],
    "weekday": [
        "7:32",
        "8:19",
        "9:19",
        "10:01",
        "10:59",
        "11:59",
        "12:59",
        "13:59",
        "14:59",
        "16:00",
        "17:01",
        "18:00",
        "18:59",
        "19:57"
    ],
    "saturday": [
        "8:39",
        "9:37",
        "10:38",
        "11:38",
        "12:38",
        "13:38",
        "14:38",
        "15:40",
        "16:40",
        "17:40",
        "18:39",
        "19:39"
    ],
    "holiday": [
        "8:39",
        "9:37",
        "10:38",
        "11:38",
        "12:38",
        "13:38",
        "14:38",
        "15:40",
        "16:40",
        "17:40",
        "18:39",
        "19:39"
    ],
    "url": "https://www.kanachu.co.jp/dia/diagram/timetable01_js/course:0000802236-27/node:00102917/kt:0/lname:/"
}
