{
    "date": "2025/04/01",
    "name": "金井入口",
    "position": "-",
    "system": "鶴57",
    "destinations": [
        "金井(町田市)",
        "森の丘入口",
        "金井クラブ",
        "榛名坂ヒルズ",
        "やくし台三丁目",
        "やくし台センター"
    ],
    "weekday": [
        "8:06",
        "8:23",
        "8:38",
        "8:53",
        "9:03",
        "9:23",
        "9:43",
        "10:13",
        "10:43",
        "11:13",
        "11:43",
        "12:13",
        "12:43",
        "13:13",
        "13:43",
        "14:13",
        "14:43",
        "15:13",
        "15:43",
        "16:13",
        "16:43",
        "17:03",
        "17:23",
        "17:43",
        "18:03",
        "18:18",
        "18:33",
        "18:48",
        "19:03",
        "19:18",
        "19:33",
        "19:48",
        "20:08",
        "20:28",
        "20:48",
        "21:13",
        "21:43",
        "22:23",
        "23:13"
    ],
    "saturday": [
        "7:23",
        "7:53",
        "8:23",
        "8:53",
        "9:23",
        "9:53",
        "10:23",
        "10:53",
        "11:03",
        "11:43",
        "12:23",
        "13:13",
        "13:53",
        "14:33",
        "15:08",
        "15:48",
        "16:18",
        "16:48",
        "17:18",
        "17:48",
        "18:18",
        "18:48",
        "19:18",
        "19:48",
        "20:28",
        "21:18",
        "22:08"
    ],
    "holiday": [
        "7:43",
        "8:13",
        "8:53",
        "9:23",
        "9:53",
        "10:28",
        "11:03",
        "11:43",
        "12:23",
        "13:13",
        "13:53",
        "14:33",
        "15:18",
        "16:03",
        "16:53",
        "17:23",
        "17:53",
        "18:23",
        "18:53",
        "19:43",
        "20:33",
        "21:18",
        "22:08"
    ],
    "url": "https://www.kanachu.co.jp/dia/diagram/timetable01_js/course:0000803475-3/node:00129438/kt:0/lname:/"
}
