{
    "date": "2025/04/01",
    "name": "やくし台三丁目",
    "position": "-",
    "system": "鶴57",
    "destinations": [
        "やくし台センター"
    ],
    "weekday": [
        "8:12",
        "8:29",
        "8:44",
        "8:59",
        "9:08",
        "9:28",
        "9:48",
        "10:18",
        "10:48",
        "11:18",
        "11:48",
        "12:18",
        "12:48",
        "13:18",
        "13:48",
        "14:18",
        "14:48",
        "15:18",
        "15:48",
        "16:18",
        "16:48",
        "17:09",
        "17:29",
        "17:49",
        "18:09",
        "18:24",
        "18:39",
        "18:54",
        "19:09",
        "19:24",
        "19:39",
        "19:54",
        "20:14",
        "20:34",
        "20:54",
        "21:18",
        "21:48",
        "22:28",
        "23:18"
    ],
    "saturday": [
        "7:28",
        "7:58",
        "8:29",
        "8:59",
        "9:28",
        "9:58",
        "10:28",
        "10:58",
        "11:09",
        "11:49",
        "12:29",
        "13:19",
        "13:59",
        "14:39",
        "15:14",
        "15:54",
        "16:24",
        "16:54",
        "17:23",
        "17:53",
        "18:23",
        "18:53",
        "19:23",
        "19:53",
        "20:33",
        "21:23",
        "22:13"
    ],
    "holiday": [
        "7:48",
        "8:18",
        "8:58",
        "9:28",
        "9:58",
        "10:33",
        "11:09",
        "11:49",
        "12:29",
        "13:19",
        "13:59",
        "14:39",
        "15:24",
        "16:09",
        "16:59",
        "17:29",
        "17:59",
        "18:29",
        "18:59",
        "19:48",
        "20:38",
        "21:23",
        "22:13"
    ],
    "url": "https://www.kanachu.co.jp/dia/diagram/timetable01_js/course:0000803475-8/node:00129440/kt:0/lname:/"
}
