{
    "date": "2025/01/14",
    "name": "上六倉",
    "position": "-",
    "system": "厚62",
    "destinations": [
        "諏訪東(愛甲郡愛川町)",
        "一号公園前(愛甲郡愛川町)",
        "西四丁目(愛甲郡愛川町)",
        "西三丁目(愛甲郡愛川町)",
        "西二丁目(愛甲郡愛川町)",
        "西一丁目(厚木市)",
        "南中央通り",
        "東一丁目(厚木市)",
        "団地入口(厚木市)",
        "藤塚(厚木市)",
        "山際",
        "中平(厚木市)",
        "依知小学校前",
        "関口(厚木市)",
        "蓮生寺(厚木市)",
        "追分(厚木市)",
        "下依知入口",
        "金田神社前",
        "金田(厚木市)",
        "金田下宿",
        "積水ソフランウイズ前",
        "鮎津橋",
        "元町(厚木市)",
        "小田急通り",
        "厚木バスセンター"
    ],
    "weekday": [
        "7:26",
        "7:49",
        "8:08",
        "8:18",
        "8:38",
        "16:53",
        "17:14",
        "17:44"
    ],
    "saturday": [],
    "holiday": [],
    "url": "https://www.kanachu.co.jp/dia/diagram/timetable01_js/course:0000800034-22/node:00128387/kt:0/lname:/"
}
