{
    "date": "2025/01/14",
    "name": "依知小学校前",
    "position": "-",
    "system": "厚62",
    "destinations": [
        "関口(厚木市)",
        "蓮生寺(厚木市)",
        "追分(厚木市)",
        "下依知入口",
        "金田神社前",
        "金田(厚木市)",
        "金田下宿",
        "積水ソフランウイズ前",
        "鮎津橋",
        "元町(厚木市)",
        "小田急通り",
        "厚木バスセンター"
    ],
    "weekday": [
        "7:46",
        "8:11",
        "8:30",
        "8:40",
        "9:00",
        "17:12",
        "17:35",
        "18:05"
    ],
    "saturday": [],
    "holiday": [],
    "url": "https://www.kanachu.co.jp/dia/diagram/timetable01_js/course:0000800034-35/node:00128353/kt:0/lname:/"
}
