{
    "date": "2025/04/01",
    "name": "第二公園前(町田市)",
    "position": "-",
    "system": "鶴25",
    "destinations": [
        "平和台幼稚園前",
        "平和台坂上",
        "平和台入口",
        "能ヶ谷二丁目",
        "鶴川駅"
    ],
    "weekday": [
        "6:33",
        "7:08",
        "7:41",
        "8:13",
        "9:13",
        "10:13",
        "11:13",
        "12:13",
        "13:13",
        "14:13",
        "15:13",
        "16:13",
        "16:53",
        "17:33",
        "18:13",
        "18:53",
        "19:33",
        "20:13",
        "21:13",
        "22:15"
    ],
    "saturday": [
        "7:18",
        "8:18",
        "9:18",
        "10:18",
        "11:18",
        "12:18",
        "13:18",
        "14:18",
        "15:18",
        "16:18",
        "17:18",
        "18:18",
        "19:18"
    ],
    "holiday": [
        "8:18",
        "9:18",
        "10:18",
        "11:18",
        "12:18",
        "13:18",
        "14:18",
        "15:18",
        "16:18",
        "17:18",
        "18:18",
        "19:18"
    ],
    "url": "https://www.kanachu.co.jp/dia/diagram/timetable01_js/course:0000803451-6/node:00129491/kt:0/lname:/"
}
