{
    "date": "2025/04/01",
    "name": "平和台入口",
    "position": "-",
    "system": "鶴25",
    "destinations": [
        "能ヶ谷二丁目",
        "鶴川駅"
    ],
    "weekday": [
        "6:36",
        "7:11",
        "7:44",
        "8:16",
        "9:16",
        "10:16",
        "11:16",
        "12:16",
        "13:16",
        "14:16",
        "15:16",
        "16:16",
        "16:56",
        "17:36",
        "18:16",
        "18:56",
        "19:36",
        "20:16",
        "21:16",
        "22:18"
    ],
    "saturday": [
        "7:21",
        "8:21",
        "9:21",
        "10:21",
        "11:21",
        "12:21",
        "13:21",
        "14:21",
        "15:21",
        "16:21",
        "17:21",
        "18:21",
        "19:21"
    ],
    "holiday": [
        "8:21",
        "9:21",
        "10:21",
        "11:21",
        "12:21",
        "13:21",
        "14:21",
        "15:21",
        "16:21",
        "17:21",
        "18:21",
        "19:21"
    ],
    "url": "https://www.kanachu.co.jp/dia/diagram/timetable01_js/course:0000803451-9/node:00049329/kt:0/lname:/"
}
