{
    "date": "2025/01/14",
    "name": "本厚木駅",
    "position": "-",
    "system": "厚08",
    "destinations": [
        "あつぎ大通り",
        "市役所入口(厚木市)",
        "税務署入口(厚木市)",
        "市立病院前(厚木市)",
        "木売場",
        "三家入口(厚木市)",
        "妻田",
        "中村入口(厚木市)",
        "妻田薬師",
        "松蓮寺"
    ],
    "weekday": [
        "7:13",
        "7:35",
        "7:48",
        "8:03",
        "9:15",
        "9:28"
    ],
    "saturday": [],
    "holiday": [],
    "url": "https://www.kanachu.co.jp/dia/diagram/timetable01_js/course:0000803109-1/node:00025684/kt:0/lname:/"
}
