{
    "date": "2025/02/24",
    "name": "ドリームハイツ",
    "position": "-",
    "system": "戸51",
    "destinations": [
        "集会所前(横浜市戸塚区)",
        "俣野公園・横浜薬大前",
        "横浜薬大南門",
        "三叉路(横浜市戸塚区)",
        "横浜医療センター前",
        "原宿(横浜市戸塚区)",
        "大運寺",
        "吹上(横浜市戸塚区)",
        "西横浜国際総合病院前",
        "新道大坂上",
        "大坂上(横浜市戸塚区)",
        "大坂台",
        "大坂下",
        "戸塚駅西口",
        "戸塚バスセンター"
    ],
    "weekday": [
        "6:10",
        "6:19",
        "6:40",
        "6:47",
        "7:02",
        "7:13",
        "7:31",
        "7:46",
        "8:04",
        "8:13",
        "8:28",
        "8:38",
        "12:24",
        "12:41",
        "12:50",
        "13:13",
        "13:23",
        "13:50",
        "13:58",
        "14:15",
        "16:44",
        "16:55",
        "17:02",
        "17:14",
        "17:24",
        "17:34",
        "18:03",
        "18:17",
        "18:28",
        "18:38",
        "18:48",
        "18:58"
    ],
    "saturday": [],
    "holiday": [],
    "url": "https://www.kanachu.co.jp/dia/diagram/timetable01_js/course:0000803591-1/node:00126824/kt:0/lname:/"
}
