{
    "date": "2025/02/24",
    "name": "原宿(横浜市戸塚区)",
    "position": "-",
    "system": "戸51",
    "destinations": [
        "大運寺",
        "吹上(横浜市戸塚区)",
        "西横浜国際総合病院前",
        "新道大坂上",
        "大坂上(横浜市戸塚区)",
        "大坂台",
        "大坂下",
        "戸塚駅西口",
        "戸塚バスセンター"
    ],
    "weekday": [
        "6:18",
        "6:27",
        "6:52",
        "6:59",
        "7:14",
        "7:25",
        "7:43",
        "7:58",
        "8:16",
        "8:25",
        "8:40",
        "8:50",
        "12:34",
        "12:51",
        "13:00",
        "13:23",
        "13:33",
        "14:00",
        "14:08",
        "14:25",
        "16:54",
        "17:05",
        "17:12",
        "17:24",
        "17:34",
        "17:44",
        "18:13",
        "18:27",
        "18:38",
        "18:48",
        "18:58",
        "19:08"
    ],
    "saturday": [],
    "holiday": [],
    "url": "https://www.kanachu.co.jp/dia/diagram/timetable01_js/course:0000803591-7/node:00126818/kt:0/lname:/"
}
