{
    "date": "2025/02/24",
    "name": "新道大坂上",
    "position": "-",
    "system": "戸51",
    "destinations": [
        "大坂上(横浜市戸塚区)",
        "大坂台",
        "大坂下",
        "戸塚駅西口",
        "戸塚バスセンター"
    ],
    "weekday": [
        "6:23",
        "6:33",
        "6:59",
        "7:06",
        "7:21",
        "7:32",
        "7:50",
        "8:05",
        "8:23",
        "8:32",
        "8:47",
        "8:57",
        "12:39",
        "12:56",
        "13:05",
        "13:28",
        "13:38",
        "14:05",
        "14:13",
        "14:30",
        "16:59",
        "17:10",
        "17:17",
        "17:29",
        "17:39",
        "17:49",
        "18:18",
        "18:32",
        "18:43",
        "18:53",
        "19:03",
        "19:13"
    ],
    "saturday": [],
    "holiday": [],
    "url": "https://www.kanachu.co.jp/dia/diagram/timetable01_js/course:0000803591-11/node:00126814/kt:0/lname:/"
}
