{
    "date": "2025/01/14",
    "name": "桝割",
    "position": "-",
    "system": "厚04",
    "destinations": [
        "公所(厚木市)",
        "稲荷木",
        "鳶尾山前",
        "荻野神社入口",
        "東谷戸入口",
        "久保(厚木市)",
        "泉(厚木市)",
        "源氏河原",
        "相州病院",
        "新道橋(厚木市)",
        "上荻野",
        "上荻野車庫前"
    ],
    "weekday": [
        "20:39",
        "21:19",
        "21:59",
        "22:54"
    ],
    "saturday": [
        "19:45",
        "20:35",
        "20:45",
        "21:35"
    ],
    "holiday": [
        "20:35",
        "21:35"
    ],
    "url": "https://www.kanachu.co.jp/dia/diagram/timetable01_js/course:0000801366-17/node:00128270/kt:0/lname:/"
}
