{
    "date": "2025/04/01",
    "name": "森野三丁目",
    "position": "-",
    "system": "町37",
    "destinations": [
        "市民病院前(町田市)",
        "浄水場前(町田市)",
        "滝の沢(町田市)",
        "木曽中原",
        "緑ヶ丘入口(町田市)",
        "原田向",
        "町田木曽会館前",
        "給水塔前(山崎団地/町田市)",
        "今井谷戸",
        "藤の台団地",
        "藤の台東",
        "遊歩公園",
        "入谷戸(やくし台/町田市)",
        "やくし台二丁目",
        "やくし台三丁目",
        "やくし台センター"
    ],
    "weekday": [
        "6:24",
        "7:01",
        "7:24",
        "7:46",
        "8:10",
        "8:42",
        "9:07",
        "9:42",
        "10:30",
        "11:10",
        "11:50",
        "12:35",
        "13:10",
        "13:45",
        "14:25",
        "15:07",
        "15:47",
        "16:27",
        "17:10",
        "17:45",
        "18:20",
        "18:49",
        "19:10",
        "19:45",
        "20:05",
        "20:35",
        "21:14",
        "22:04"
    ],
    "saturday": [
        "6:59",
        "7:37",
        "8:07",
        "8:37",
        "9:08",
        "9:38",
        "10:15",
        "10:50",
        "11:30",
        "12:10",
        "12:50",
        "13:30",
        "14:10",
        "15:00",
        "15:51",
        "16:29",
        "17:01",
        "17:30",
        "18:06",
        "18:45",
        "19:25",
        "20:07",
        "20:44",
        "21:24",
        "22:04"
    ],
    "holiday": [
        "6:59",
        "7:37",
        "8:07",
        "8:37",
        "9:08",
        "9:38",
        "10:15",
        "10:50",
        "11:30",
        "12:10",
        "12:50",
        "13:30",
        "14:12",
        "15:00",
        "15:55",
        "16:25",
        "16:55",
        "17:28",
        "18:07",
        "18:45",
        "19:24",
        "20:06",
        "20:44",
        "21:24",
        "22:04"
    ],
    "url": "https://www.kanachu.co.jp/dia/diagram/timetable01_js/course:0000802676-4/node:00129358/kt:0/lname:/"
}
