{
    "date": "2025/04/01",
    "name": "市民病院前(町田市)",
    "position": "-",
    "system": "町37",
    "destinations": [
        "浄水場前(町田市)",
        "滝の沢(町田市)",
        "木曽中原",
        "緑ヶ丘入口(町田市)",
        "原田向",
        "町田木曽会館前",
        "給水塔前(山崎団地/町田市)",
        "今井谷戸",
        "藤の台団地",
        "藤の台東",
        "遊歩公園",
        "入谷戸(やくし台/町田市)",
        "やくし台二丁目",
        "やくし台三丁目",
        "やくし台センター"
    ],
    "weekday": [
        "6:25",
        "7:02",
        "7:25",
        "7:47",
        "8:11",
        "8:43",
        "9:08",
        "9:43",
        "10:31",
        "11:11",
        "11:51",
        "12:36",
        "13:11",
        "13:46",
        "14:26",
        "15:08",
        "15:48",
        "16:28",
        "17:11",
        "17:46",
        "18:21",
        "18:50",
        "19:11",
        "19:46",
        "20:06",
        "20:36",
        "21:15",
        "22:05"
    ],
    "saturday": [
        "7:00",
        "7:38",
        "8:08",
        "8:38",
        "9:09",
        "9:39",
        "10:16",
        "10:51",
        "11:31",
        "12:11",
        "12:51",
        "13:31",
        "14:11",
        "15:01",
        "15:52",
        "16:30",
        "17:02",
        "17:31",
        "18:07",
        "18:46",
        "19:26",
        "20:08",
        "20:45",
        "21:25",
        "22:05"
    ],
    "holiday": [
        "7:00",
        "7:38",
        "8:08",
        "8:38",
        "9:09",
        "9:39",
        "10:16",
        "10:51",
        "11:31",
        "12:11",
        "12:51",
        "13:31",
        "14:13",
        "15:01",
        "15:56",
        "16:26",
        "16:56",
        "17:29",
        "18:08",
        "18:46",
        "19:25",
        "20:07",
        "20:45",
        "21:25",
        "22:05"
    ],
    "url": "https://www.kanachu.co.jp/dia/diagram/timetable01_js/course:0000802676-5/node:00129359/kt:0/lname:/"
}
