{
    "date": "2025/04/01",
    "name": "町田木曽会館前",
    "position": "-",
    "system": "町37",
    "destinations": [
        "給水塔前(山崎団地/町田市)",
        "今井谷戸",
        "藤の台団地",
        "藤の台東",
        "遊歩公園",
        "入谷戸(やくし台/町田市)",
        "やくし台二丁目",
        "やくし台三丁目",
        "やくし台センター"
    ],
    "weekday": [
        "6:32",
        "7:09",
        "7:32",
        "7:56",
        "8:20",
        "8:52",
        "9:17",
        "9:52",
        "10:40",
        "11:20",
        "12:00",
        "12:45",
        "13:20",
        "13:55",
        "14:35",
        "15:17",
        "15:57",
        "16:37",
        "17:21",
        "17:56",
        "18:31",
        "19:00",
        "19:20",
        "19:55",
        "20:15",
        "20:45",
        "21:22",
        "22:12"
    ],
    "saturday": [
        "7:07",
        "7:45",
        "8:15",
        "8:45",
        "9:17",
        "9:47",
        "10:24",
        "10:59",
        "11:40",
        "12:20",
        "13:00",
        "13:40",
        "14:21",
        "15:11",
        "16:02",
        "16:40",
        "17:12",
        "17:41",
        "18:17",
        "18:56",
        "19:36",
        "20:17",
        "20:52",
        "21:32",
        "22:12"
    ],
    "holiday": [
        "7:07",
        "7:45",
        "8:15",
        "8:45",
        "9:18",
        "9:48",
        "10:25",
        "11:00",
        "11:41",
        "12:21",
        "13:01",
        "13:41",
        "14:23",
        "15:11",
        "16:06",
        "16:36",
        "17:06",
        "17:39",
        "18:18",
        "18:56",
        "19:32",
        "20:14",
        "20:52",
        "21:32",
        "22:12"
    ],
    "url": "https://www.kanachu.co.jp/dia/diagram/timetable01_js/course:0000802676-11/node:00129519/kt:0/lname:/"
}
