{
    "date": "2020/09/18",
    "name": "神台公園前",
    "position": "-",
    "system": "辻01",
    "destinations": [
        "二ツ谷",
        "東小和田",
        "小和田(茅ケ崎市)",
        "西小和田",
        "菱沼",
        "松林中学校前",
        "茅ヶ崎高校前",
        "本村(茅ケ崎市)",
        "茅ヶ崎駅"
    ],
    "weekday": [
        "5:56",
        "6:20",
        "6:47",
        "7:15",
        "7:41",
        "7:58",
        "8:21",
        "8:36",
        "8:56",
        "9:16",
        "9:36",
        "10:01",
        "10:31",
        "11:01",
        "11:31",
        "12:01",
        "12:31",
        "13:01",
        "13:31",
        "14:01",
        "14:31",
        "15:01",
        "15:31",
        "16:01",
        "16:33",
        "16:56",
        "17:31",
        "17:56",
        "18:16",
        "18:46",
        "19:11",
        "19:31",
        "19:51",
        "20:11",
        "20:42",
        "21:11",
        "21:52",
        "22:52"
    ],
    "saturday": [
        "5:56",
        "6:24",
        "6:51",
        "7:11",
        "7:41",
        "8:16",
        "8:46",
        "9:16",
        "9:51",
        "10:21",
        "10:51",
        "11:21",
        "11:51",
        "12:21",
        "12:51",
        "13:21",
        "13:51",
        "14:21",
        "14:51",
        "15:21",
        "15:51",
        "16:21",
        "16:51",
        "17:21",
        "17:51",
        "18:21",
        "18:51",
        "19:21",
        "19:51",
        "20:18",
        "21:11",
        "22:07",
        "22:53"
    ],
    "holiday": [
        "5:56",
        "6:24",
        "6:51",
        "7:11",
        "7:41",
        "8:16",
        "8:48",
        "9:16",
        "9:51",
        "10:21",
        "10:51",
        "11:21",
        "11:51",
        "12:21",
        "12:51",
        "13:21",
        "13:51",
        "14:21",
        "14:51",
        "15:21",
        "15:51",
        "16:21",
        "16:51",
        "17:21",
        "17:51",
        "18:21",
        "18:51",
        "19:21",
        "19:51",
        "20:18",
        "21:11",
        "22:07",
        "22:53"
    ],
    "url": "https://www.kanachu.co.jp/dia/diagram/timetable01_js/course:0000802856-2/node:00130068/kt:0/lname:/"
}
