{
    "date": "2020/09/18",
    "name": "二ツ谷",
    "position": "-",
    "system": "辻01",
    "destinations": [
        "東小和田",
        "小和田(茅ケ崎市)",
        "西小和田",
        "菱沼",
        "松林中学校前",
        "茅ヶ崎高校前",
        "本村(茅ケ崎市)",
        "茅ヶ崎駅"
    ],
    "weekday": [
        "5:57",
        "6:21",
        "6:48",
        "7:16",
        "7:42",
        "7:59",
        "8:22",
        "8:37",
        "8:57",
        "9:17",
        "9:37",
        "10:02",
        "10:32",
        "11:02",
        "11:32",
        "12:02",
        "12:32",
        "13:02",
        "13:32",
        "14:02",
        "14:32",
        "15:02",
        "15:32",
        "16:02",
        "16:34",
        "16:57",
        "17:32",
        "17:57",
        "18:17",
        "18:47",
        "19:12",
        "19:32",
        "19:52",
        "20:12",
        "20:43",
        "21:12",
        "21:53",
        "22:53"
    ],
    "saturday": [
        "5:57",
        "6:25",
        "6:52",
        "7:12",
        "7:42",
        "8:17",
        "8:47",
        "9:17",
        "9:52",
        "10:22",
        "10:52",
        "11:22",
        "11:52",
        "12:22",
        "12:52",
        "13:22",
        "13:52",
        "14:22",
        "14:52",
        "15:22",
        "15:52",
        "16:22",
        "16:52",
        "17:22",
        "17:52",
        "18:22",
        "18:52",
        "19:22",
        "19:52",
        "20:19",
        "21:12",
        "22:08",
        "22:54"
    ],
    "holiday": [
        "5:57",
        "6:25",
        "6:52",
        "7:12",
        "7:42",
        "8:17",
        "8:49",
        "9:17",
        "9:52",
        "10:22",
        "10:52",
        "11:22",
        "11:52",
        "12:22",
        "12:52",
        "13:22",
        "13:52",
        "14:22",
        "14:52",
        "15:22",
        "15:52",
        "16:22",
        "16:52",
        "17:22",
        "17:52",
        "18:22",
        "18:52",
        "19:22",
        "19:52",
        "20:19",
        "21:12",
        "22:08",
        "22:54"
    ],
    "url": "https://www.kanachu.co.jp/dia/diagram/timetable01_js/course:0000802856-3/node:00127134/kt:0/lname:/"
}
