{
    "date": "2020/09/18",
    "name": "東小和田",
    "position": "-",
    "system": "辻01",
    "destinations": [
        "小和田(茅ケ崎市)",
        "西小和田",
        "菱沼",
        "松林中学校前",
        "茅ヶ崎高校前",
        "本村(茅ケ崎市)",
        "茅ヶ崎駅"
    ],
    "weekday": [
        "5:59",
        "6:23",
        "6:50",
        "7:18",
        "7:44",
        "8:01",
        "8:24",
        "8:39",
        "8:59",
        "9:19",
        "9:39",
        "10:04",
        "10:34",
        "11:04",
        "11:34",
        "12:04",
        "12:34",
        "13:04",
        "13:34",
        "14:04",
        "14:34",
        "15:04",
        "15:34",
        "16:04",
        "16:36",
        "16:59",
        "17:34",
        "17:59",
        "18:19",
        "18:49",
        "19:14",
        "19:34",
        "19:54",
        "20:14",
        "20:45",
        "21:14",
        "21:55",
        "22:55"
    ],
    "saturday": [
        "5:59",
        "6:27",
        "6:54",
        "7:14",
        "7:44",
        "8:19",
        "8:49",
        "9:19",
        "9:54",
        "10:24",
        "10:54",
        "11:24",
        "11:54",
        "12:24",
        "12:54",
        "13:24",
        "13:54",
        "14:24",
        "14:54",
        "15:24",
        "15:54",
        "16:24",
        "16:54",
        "17:24",
        "17:54",
        "18:24",
        "18:54",
        "19:24",
        "19:54",
        "20:21",
        "21:14",
        "22:10",
        "22:56"
    ],
    "holiday": [
        "5:59",
        "6:27",
        "6:54",
        "7:14",
        "7:44",
        "8:19",
        "8:51",
        "9:19",
        "9:54",
        "10:24",
        "10:54",
        "11:24",
        "11:54",
        "12:24",
        "12:54",
        "13:24",
        "13:54",
        "14:24",
        "14:54",
        "15:24",
        "15:54",
        "16:24",
        "16:54",
        "17:24",
        "17:54",
        "18:24",
        "18:54",
        "19:24",
        "19:54",
        "20:21",
        "21:14",
        "22:10",
        "22:56"
    ],
    "url": "https://www.kanachu.co.jp/dia/diagram/timetable01_js/course:0000802856-4/node:00127133/kt:0/lname:/"
}
