{
    "date": "2025/05/11",
    "name": "朝日平和台入口",
    "position": "-",
    "system": "船24",
    "destinations": [
        "椎郷",
        "湘南ハイツ",
        "荒井沢公園前",
        "公田ハイツ前",
        "椎郷",
        "朝日平和台入口",
        "鎌倉女子大前",
        "平島(鎌倉市)",
        "笠間十字路",
        "笠間町",
        "岩井口",
        "大船駅(横浜市栄区)"
    ],
    "weekday": [
        "8:55",
        "9:24",
        "10:12",
        "10:54",
        "11:39",
        "12:24",
        "13:05",
        "13:24",
        "13:54",
        "15:04",
        "15:24",
        "15:54",
        "16:20",
        "16:42",
        "17:04",
        "17:26",
        "17:48",
        "18:10",
        "18:32",
        "18:54",
        "19:16",
        "19:38",
        "20:00",
        "20:21",
        "21:10",
        "21:48"
    ],
    "saturday": [
        "9:19",
        "10:04",
        "10:44",
        "11:34",
        "12:19",
        "13:04",
        "13:44",
        "14:29",
        "15:23",
        "16:20",
        "17:05",
        "17:50",
        "18:35",
        "19:18",
        "20:00",
        "20:42"
    ],
    "holiday": [
        "9:19",
        "10:04",
        "10:44",
        "11:34",
        "12:19",
        "13:04",
        "13:44",
        "14:29",
        "15:23",
        "16:20",
        "17:05",
        "17:50",
        "18:35",
        "19:18",
        "20:00",
        "20:42"
    ],
    "url": "https://www.kanachu.co.jp/dia/diagram/timetable01_js/course:0000802937-8/node:00126542/kt:0/lname:/"
}
