{
    "date": "2025/05/11",
    "name": "湘南ハイツ",
    "position": "-",
    "system": "船24",
    "destinations": [
        "荒井沢公園前",
        "公田ハイツ前",
        "椎郷",
        "朝日平和台入口",
        "鎌倉女子大前",
        "平島(鎌倉市)",
        "笠間十字路",
        "笠間町",
        "岩井口",
        "大船駅(横浜市栄区)"
    ],
    "weekday": [
        "9:03",
        "9:32",
        "10:20",
        "11:02",
        "11:47",
        "12:32",
        "13:13",
        "13:32",
        "14:02",
        "15:12",
        "15:32",
        "16:02",
        "16:28",
        "16:50",
        "17:12",
        "17:34",
        "17:56",
        "18:18",
        "18:40",
        "19:02",
        "19:24",
        "19:46",
        "20:07",
        "20:27",
        "21:16",
        "21:54"
    ],
    "saturday": [
        "9:27",
        "10:12",
        "10:52",
        "11:42",
        "12:27",
        "13:12",
        "13:52",
        "14:37",
        "15:31",
        "16:28",
        "17:13",
        "17:58",
        "18:43",
        "19:25",
        "20:07",
        "20:49"
    ],
    "holiday": [
        "9:27",
        "10:12",
        "10:52",
        "11:42",
        "12:27",
        "13:12",
        "13:52",
        "14:37",
        "15:31",
        "16:28",
        "17:13",
        "17:58",
        "18:43",
        "19:25",
        "20:07",
        "20:49"
    ],
    "url": "https://www.kanachu.co.jp/dia/diagram/timetable01_js/course:0000802937-10/node:00126544/kt:0/lname:/"
}
