{
    "date": "2025/05/11",
    "name": "荒井沢公園前",
    "position": "-",
    "system": "船24",
    "destinations": [
        "公田ハイツ前",
        "椎郷",
        "朝日平和台入口",
        "鎌倉女子大前",
        "平島(鎌倉市)",
        "笠間十字路",
        "笠間町",
        "岩井口",
        "大船駅(横浜市栄区)"
    ],
    "weekday": [
        "9:06",
        "9:35",
        "10:23",
        "11:05",
        "11:50",
        "12:35",
        "13:16",
        "13:35",
        "14:05",
        "15:15",
        "15:35",
        "16:05",
        "16:31",
        "16:53",
        "17:15",
        "17:37",
        "17:59",
        "18:21",
        "18:43",
        "19:05",
        "19:27",
        "19:49",
        "20:10",
        "20:30",
        "21:19",
        "21:57"
    ],
    "saturday": [
        "9:30",
        "10:15",
        "10:55",
        "11:45",
        "12:30",
        "13:15",
        "13:55",
        "14:40",
        "15:34",
        "16:31",
        "17:16",
        "18:01",
        "18:46",
        "19:28",
        "20:10",
        "20:52"
    ],
    "holiday": [
        "9:30",
        "10:15",
        "10:55",
        "11:45",
        "12:30",
        "13:15",
        "13:55",
        "14:40",
        "15:34",
        "16:31",
        "17:16",
        "18:01",
        "18:46",
        "19:28",
        "20:10",
        "20:52"
    ],
    "url": "https://www.kanachu.co.jp/dia/diagram/timetable01_js/course:0000802937-11/node:00126597/kt:0/lname:/"
}
