{
    "date": "2025/05/11",
    "name": "公田ハイツ前",
    "position": "-",
    "system": "船24",
    "destinations": [
        "椎郷",
        "朝日平和台入口",
        "鎌倉女子大前",
        "平島(鎌倉市)",
        "笠間十字路",
        "笠間町",
        "岩井口",
        "大船駅(横浜市栄区)"
    ],
    "weekday": [
        "9:07",
        "9:36",
        "10:24",
        "11:06",
        "11:51",
        "12:36",
        "13:17",
        "13:36",
        "14:06",
        "15:16",
        "15:36",
        "16:06",
        "16:32",
        "16:54",
        "17:16",
        "17:38",
        "18:00",
        "18:22",
        "18:44",
        "19:06",
        "19:28",
        "19:50",
        "20:11",
        "20:31",
        "21:20",
        "21:58"
    ],
    "saturday": [
        "9:31",
        "10:16",
        "10:56",
        "11:46",
        "12:31",
        "13:16",
        "13:56",
        "14:41",
        "15:35",
        "16:32",
        "17:17",
        "18:02",
        "18:47",
        "19:29",
        "20:11",
        "20:53"
    ],
    "holiday": [
        "9:31",
        "10:16",
        "10:56",
        "11:46",
        "12:31",
        "13:16",
        "13:56",
        "14:41",
        "15:35",
        "16:32",
        "17:17",
        "18:02",
        "18:47",
        "19:29",
        "20:11",
        "20:53"
    ],
    "url": "https://www.kanachu.co.jp/dia/diagram/timetable01_js/course:0000802937-12/node:00126598/kt:0/lname:/"
}
