{
    "date": "2025/04/19",
    "name": "ハウス南門前",
    "position": "-",
    "system": "相21",
    "destinations": [
        "相模台まちづくりセンター前",
        "国立相模原病院",
        "第一住宅(相模原市南区)",
        "桜台(相模原市南区)",
        "水道路(相模原市南区)",
        "麻溝台",
        "麻溝台中学校入口",
        "さがみ緑風園前",
        "麻溝台入口",
        "麻溝台高校",
        "北里大学病院・北里大学",
        "友愛病院前",
        "麻溝車庫",
        "相模原浄水場",
        "陽光台六丁目",
        "緑が丘一丁目(相模原市中央区)",
        "光が丘三丁目(相模原市中央区)",
        "光が丘大通り",
        "光が丘小学校前",
        "光が丘一丁目(相模原市中央区)",
        "千代田五丁目",
        "千代田十字路",
        "千代田一丁目",
        "職業安定所前(相模原市中央区)",
        "ウェルネスさがみはら前",
        "市役所前(相模原市中央区)",
        "グリーンプラザ(相模原市中央区)",
        "西門前(相模原市中央区)",
        "相模原五丁目",
        "相模原駅南口"
    ],
    "weekday": [
        "7:03",
        "8:15",
        "9:26",
        "10:26",
        "11:26",
        "12:26",
        "13:26",
        "14:26",
        "15:26",
        "16:16",
        "17:16",
        "18:21",
        "19:14"
    ],
    "saturday": [
        "7:22",
        "9:42",
        "10:38",
        "12:38",
        "14:38",
        "16:38",
        "18:38"
    ],
    "holiday": [
        "10:38",
        "12:38",
        "14:38"
    ],
    "url": "https://www.kanachu.co.jp/dia/diagram/timetable01_js/course:0000803524-4/node:00129699/kt:0/lname:/"
}
