{
    "date": "2025/04/19",
    "name": "さがみ緑風園前",
    "position": "-",
    "system": "相21",
    "destinations": [
        "麻溝台入口",
        "麻溝台高校",
        "北里大学病院・北里大学",
        "友愛病院前",
        "麻溝車庫",
        "相模原浄水場",
        "陽光台六丁目",
        "緑が丘一丁目(相模原市中央区)",
        "光が丘三丁目(相模原市中央区)",
        "光が丘大通り",
        "光が丘小学校前",
        "光が丘一丁目(相模原市中央区)",
        "千代田五丁目",
        "千代田十字路",
        "千代田一丁目",
        "職業安定所前(相模原市中央区)",
        "ウェルネスさがみはら前",
        "市役所前(相模原市中央区)",
        "グリーンプラザ(相模原市中央区)",
        "西門前(相模原市中央区)",
        "相模原五丁目",
        "相模原駅南口"
    ],
    "weekday": [
        "7:13",
        "8:28",
        "9:35",
        "10:35",
        "11:35",
        "12:35",
        "13:35",
        "14:35",
        "15:35",
        "16:25",
        "17:25",
        "18:30",
        "19:23"
    ],
    "saturday": [
        "7:31",
        "9:51",
        "10:47",
        "12:47",
        "14:47",
        "16:47",
        "18:47"
    ],
    "holiday": [
        "10:47",
        "12:47",
        "14:47"
    ],
    "url": "https://www.kanachu.co.jp/dia/diagram/timetable01_js/course:0000803524-12/node:00129698/kt:0/lname:/"
}
