{
    "date": "2025/04/19",
    "name": "光が丘大通り",
    "position": "-",
    "system": "相21",
    "destinations": [
        "光が丘小学校前",
        "光が丘一丁目(相模原市中央区)",
        "千代田五丁目",
        "千代田十字路",
        "千代田一丁目",
        "職業安定所前(相模原市中央区)",
        "ウェルネスさがみはら前",
        "市役所前(相模原市中央区)",
        "グリーンプラザ(相模原市中央区)",
        "西門前(相模原市中央区)",
        "相模原五丁目",
        "相模原駅南口"
    ],
    "weekday": [
        "7:34",
        "8:49",
        "9:54",
        "10:54",
        "11:54",
        "12:54",
        "13:54",
        "14:54",
        "15:54",
        "16:46",
        "17:46",
        "18:51",
        "19:40"
    ],
    "saturday": [
        "7:49",
        "10:09",
        "11:05",
        "13:05",
        "15:05",
        "17:05",
        "19:05"
    ],
    "holiday": [
        "11:04",
        "13:04",
        "15:04"
    ],
    "url": "https://www.kanachu.co.jp/dia/diagram/timetable01_js/course:0000803524-22/node:00129234/kt:0/lname:/"
}
