{
    "date": "2025/11/25",
    "name": "穴口橋",
    "position": "-",
    "system": "厚16",
    "destinations": [
        "及川",
        "千頭",
        "上千頭",
        "ゴルフ場入口(厚木市)",
        "小鮎久保",
        "光福寺(厚木市)",
        "飯盛山",
        "宮の里入口",
        "宮の里東",
        "宮の里センター",
        "宮の里(厚木市)"
    ],
    "weekday": [
        "9:08",
        "9:37",
        "10:02",
        "10:32",
        "11:32",
        "12:02",
        "12:32",
        "13:32",
        "14:02",
        "14:32",
        "15:32",
        "16:02",
        "16:34"
    ],
    "saturday": [
        "9:12",
        "10:12",
        "11:12",
        "12:12",
        "13:12",
        "14:12",
        "15:12",
        "16:12"
    ],
    "holiday": [
        "9:12",
        "10:12",
        "11:12",
        "12:12",
        "13:12",
        "14:12",
        "15:12",
        "16:12"
    ],
    "url": "https://www.kanachu.co.jp/dia/diagram/timetable01_js/course:0000802106-9/node:00128400/kt:0/lname:/"
}
