{
    "date": "2025/11/25",
    "name": "小鮎久保",
    "position": "-",
    "system": "厚16",
    "destinations": [
        "光福寺(厚木市)",
        "飯盛山",
        "宮の里入口",
        "宮の里東",
        "宮の里センター",
        "宮の里(厚木市)"
    ],
    "weekday": [
        "9:14",
        "9:43",
        "10:08",
        "10:38",
        "11:38",
        "12:08",
        "12:38",
        "13:38",
        "14:08",
        "14:38",
        "15:38",
        "16:08",
        "16:40"
    ],
    "saturday": [
        "9:17",
        "10:17",
        "11:17",
        "12:17",
        "13:17",
        "14:17",
        "15:17",
        "16:17"
    ],
    "holiday": [
        "9:17",
        "10:17",
        "11:17",
        "12:17",
        "13:17",
        "14:17",
        "15:17",
        "16:17"
    ],
    "url": "https://www.kanachu.co.jp/dia/diagram/timetable01_js/course:0000802106-14/node:00128405/kt:0/lname:/"
}
