{
    "date": "2025/11/25",
    "name": "宮の里入口",
    "position": "-",
    "system": "厚16",
    "destinations": [
        "宮の里東",
        "宮の里センター",
        "宮の里(厚木市)"
    ],
    "weekday": [
        "9:17",
        "9:46",
        "10:11",
        "10:41",
        "11:41",
        "12:11",
        "12:41",
        "13:41",
        "14:11",
        "14:41",
        "15:41",
        "16:11",
        "16:43"
    ],
    "saturday": [
        "9:20",
        "10:20",
        "11:20",
        "12:20",
        "13:20",
        "14:20",
        "15:20",
        "16:20"
    ],
    "holiday": [
        "9:20",
        "10:20",
        "11:20",
        "12:20",
        "13:20",
        "14:20",
        "15:20",
        "16:20"
    ],
    "url": "https://www.kanachu.co.jp/dia/diagram/timetable01_js/course:0000802106-17/node:00128435/kt:0/lname:/"
}
