{
    "date": "2023/07/31",
    "name": "近戸神社",
    "position": "-",
    "system": "国05",
    "destinations": [
        "小学校前(小田原市)",
        "町屋(小田原市)",
        "橘インター入口",
        "押切・塔台橋",
        "押切(中郡二宮町)",
        "橘中学校入口(小田原市)",
        "下原(小田原市)",
        "中村原",
        "橘タウンセンター前",
        "テクノパーク西",
        "テクノパーク中央",
        "テクノパーク北",
        "上町入口(小田原市)",
        "下中小学校前",
        "下中駐在所前",
        "下小竹",
        "橘団地"
    ],
    "weekday": [
        "9:05",
        "12:47",
        "13:57"
    ],
    "saturday": [],
    "holiday": [],
    "url": "https://www.kanachu.co.jp/dia/diagram/timetable01_js/course:0000803379-4/node:00127499/kt:0/lname:/"
}
