{
    "date": "2023/07/31",
    "name": "中村原",
    "position": "-",
    "system": "国05",
    "destinations": [
        "橘タウンセンター前",
        "テクノパーク西",
        "テクノパーク中央",
        "テクノパーク北",
        "上町入口(小田原市)",
        "下中小学校前",
        "下中駐在所前",
        "下小竹",
        "橘団地"
    ],
    "weekday": [
        "9:12",
        "12:54",
        "14:04"
    ],
    "saturday": [],
    "holiday": [],
    "url": "https://www.kanachu.co.jp/dia/diagram/timetable01_js/course:0000803379-12/node:00127979/kt:0/lname:/"
}
