{
    "date": "2023/07/31",
    "name": "テクノパーク北",
    "position": "-",
    "system": "国05",
    "destinations": [
        "上町入口(小田原市)",
        "下中小学校前",
        "下中駐在所前",
        "下小竹",
        "橘団地"
    ],
    "weekday": [
        "9:17",
        "12:59",
        "14:09"
    ],
    "saturday": [],
    "holiday": [],
    "url": "https://www.kanachu.co.jp/dia/diagram/timetable01_js/course:0000803379-16/node:00130388/kt:0/lname:/"
}
