{
    "system": "国05",
    "busstops": [
        {
            "index": "1",
            "id": "00121436",
            "name": "国府津駅",
            "lat": "35.280527",
            "lng": "139.212709"
        },
        {
            "index": "2",
            "id": "00127501",
            "name": "西前川",
            "lat": "35.28188",
            "lng": "139.21968"
        },
        {
            "index": "3",
            "id": "00127500",
            "name": "前川(小田原市)",
            "lat": "35.283152",
            "lng": "139.221903"
        },
        {
            "index": "4",
            "id": "00127499",
            "name": "近戸神社",
            "lat": "35.283908",
            "lng": "139.223797"
        },
        {
            "index": "5",
            "id": "00127498",
            "name": "小学校前(小田原市)",
            "lat": "35.28502",
            "lng": "139.227337"
        },
        {
            "index": "6",
            "id": "00127497",
            "name": "町屋(小田原市)",
            "lat": "35.287446",
            "lng": "139.232224"
        },
        {
            "index": "7",
            "id": "00127496",
            "name": "橘インター入口",
            "lat": "35.288469",
            "lng": "139.23421"
        },
        {
            "index": "8",
            "id": "00130384",
            "name": "押切・塔台橋",
            "lat": "35.289464",
            "lng": "139.236374"
        },
        {
            "index": "9",
            "id": "00127495",
            "name": "押切(中郡二宮町)",
            "lat": "35.29012",
            "lng": "139.236787"
        },
        {
            "index": "10",
            "id": "00127978",
            "name": "橘中学校入口(小田原市)",
            "lat": "35.292487",
            "lng": "139.234239"
        },
        {
            "index": "11",
            "id": "00127977",
            "name": "下原(小田原市)",
            "lat": "35.29478",
            "lng": "139.233152"
        },
        {
            "index": "12",
            "id": "00127979",
            "name": "中村原",
            "lat": "35.296021",
            "lng": "139.232726"
        },
        {
            "index": "13",
            "id": "00130385",
            "name": "橘タウンセンター前",
            "lat": "35.292842",
            "lng": "139.228258"
        },
        {
            "index": "14",
            "id": "00130386",
            "name": "テクノパーク西",
            "lat": "35.290442",
            "lng": "139.226354"
        },
        {
            "index": "15",
            "id": "00130387",
            "name": "テクノパーク中央",
            "lat": "35.29539",
            "lng": "139.229406"
        },
        {
            "index": "16",
            "id": "00130388",
            "name": "テクノパーク北",
            "lat": "35.297299",
            "lng": "139.227424"
        },
        {
            "index": "17",
            "id": "00130389",
            "name": "上町入口(小田原市)",
            "lat": "35.299921",
            "lng": "139.228126"
        },
        {
            "index": "18",
            "id": "00127974",
            "name": "下中小学校前",
            "lat": "35.301214",
            "lng": "139.227756"
        },
        {
            "index": "19",
            "id": "00127973",
            "name": "下中駐在所前",
            "lat": "35.303525",
            "lng": "139.226705"
        },
        {
            "index": "20",
            "id": "00127972",
            "name": "下小竹",
            "lat": "35.309182",
            "lng": "139.225712"
        },
        {
            "index": "21",
            "id": "00127813",
            "name": "橘団地",
            "lat": "35.309533",
            "lng": "139.231275"
        }
    ],
    "route_url": "https://www.kanachu.co.jp/dia/route/index/cid:0000803379/"
}
