{
    "date": "2024/05/20",
    "name": "ふじみ野",
    "position": "-",
    "system": "伊03",
    "destinations": [
        "竹園小学校入口",
        "谷戸大竹",
        "関台",
        "団地南(伊勢原市)",
        "団地西(伊勢原市)",
        "鈴川会館前",
        "伊勢原車庫"
    ],
    "weekday": [
        "22:34"
    ],
    "saturday": [],
    "holiday": [],
    "url": "https://www.kanachu.co.jp/dia/diagram/timetable01_js/course:0000800777-13/node:00128079/kt:0/lname:/"
}
