{
    "date": "2026/01/16",
    "name": "稲荷森",
    "position": "-",
    "system": "船09",
    "destinations": [
        "中野町",
        "本郷(横浜市栄区)",
        "本郷小学校前",
        "南河内(横浜市栄区)",
        "天神橋(横浜市栄区)",
        "栄警察署前",
        "公田",
        "鎌倉女子大前",
        "平島(鎌倉市)",
        "笠間十字路",
        "笠間町",
        "岩井口",
        "大船駅(横浜市栄区)"
    ],
    "weekday": [
        "6:17",
        "6:34",
        "6:53",
        "7:15",
        "7:27",
        "7:50",
        "8:10",
        "8:30",
        "8:50",
        "9:09",
        "9:50",
        "10:13",
        "10:41",
        "11:11",
        "11:41",
        "12:11",
        "12:41",
        "13:11",
        "13:41",
        "14:11",
        "14:41",
        "15:11",
        "15:41",
        "16:11",
        "16:41",
        "17:11",
        "17:41",
        "18:40",
        "19:40",
        "20:17",
        "20:56"
    ],
    "saturday": [
        "6:33",
        "6:57",
        "7:21",
        "8:01",
        "8:28",
        "9:01",
        "9:37",
        "10:15",
        "10:57",
        "11:39",
        "12:19",
        "12:59",
        "13:39",
        "14:19",
        "14:59",
        "15:39",
        "16:19",
        "16:59",
        "17:39",
        "18:19",
        "19:51"
    ],
    "holiday": [
        "6:33",
        "6:57",
        "7:21",
        "8:01",
        "8:28",
        "9:01",
        "9:37",
        "10:15",
        "10:57",
        "11:39",
        "12:19",
        "12:59",
        "13:39",
        "14:19",
        "14:59",
        "15:39",
        "16:19",
        "16:59",
        "17:39",
        "18:19",
        "19:51"
    ],
    "url": "https://www.kanachu.co.jp/dia/diagram/timetable01_js/course:0000804213-8/node:00126512/kt:0/lname:/"
}
