{
    "date": "2026/01/16",
    "name": "栄警察署前",
    "position": "-",
    "system": "船09",
    "destinations": [
        "公田",
        "鎌倉女子大前",
        "平島(鎌倉市)",
        "笠間十字路",
        "笠間町",
        "岩井口",
        "大船駅(横浜市栄区)"
    ],
    "weekday": [
        "6:22",
        "6:39",
        "6:58",
        "7:22",
        "7:34",
        "7:57",
        "8:17",
        "8:37",
        "8:57",
        "9:15",
        "9:56",
        "10:19",
        "10:47",
        "11:17",
        "11:47",
        "12:17",
        "12:47",
        "13:17",
        "13:47",
        "14:17",
        "14:47",
        "15:17",
        "15:48",
        "16:18",
        "16:48",
        "17:17",
        "17:47",
        "18:46",
        "19:46",
        "20:22",
        "21:01"
    ],
    "saturday": [
        "6:38",
        "7:02",
        "7:27",
        "8:07",
        "8:34",
        "9:07",
        "9:43",
        "10:22",
        "11:04",
        "11:46",
        "12:26",
        "13:06",
        "13:46",
        "14:26",
        "15:06",
        "15:46",
        "16:26",
        "17:06",
        "17:46",
        "18:26",
        "19:56"
    ],
    "holiday": [
        "6:38",
        "7:02",
        "7:27",
        "8:07",
        "8:34",
        "9:07",
        "9:43",
        "10:22",
        "11:04",
        "11:46",
        "12:26",
        "13:06",
        "13:46",
        "14:26",
        "15:06",
        "15:46",
        "16:26",
        "17:06",
        "17:46",
        "18:26",
        "19:56"
    ],
    "url": "https://www.kanachu.co.jp/dia/diagram/timetable01_js/course:0000804213-14/node:00126609/kt:0/lname:/"
}
