{
    "date": "2026/01/16",
    "name": "笠間十字路",
    "position": "-",
    "system": "船09",
    "destinations": [
        "笠間町",
        "岩井口",
        "大船駅(横浜市栄区)"
    ],
    "weekday": [
        "6:26",
        "6:43",
        "7:03",
        "7:28",
        "7:40",
        "8:03",
        "8:23",
        "8:43",
        "9:03",
        "9:21",
        "10:02",
        "10:25",
        "10:53",
        "11:23",
        "11:53",
        "12:23",
        "12:53",
        "13:23",
        "13:53",
        "14:23",
        "14:53",
        "15:23",
        "15:54",
        "16:24",
        "16:54",
        "17:23",
        "17:53",
        "18:52",
        "19:52",
        "20:26",
        "21:05"
    ],
    "saturday": [
        "6:42",
        "7:08",
        "7:33",
        "8:13",
        "8:40",
        "9:13",
        "9:49",
        "10:28",
        "11:10",
        "11:52",
        "12:32",
        "13:12",
        "13:52",
        "14:32",
        "15:12",
        "15:52",
        "16:32",
        "17:12",
        "17:52",
        "18:32",
        "20:01"
    ],
    "holiday": [
        "6:42",
        "7:08",
        "7:33",
        "8:13",
        "8:40",
        "9:13",
        "9:49",
        "10:28",
        "11:10",
        "11:52",
        "12:32",
        "13:12",
        "13:52",
        "14:32",
        "15:12",
        "15:52",
        "16:32",
        "17:12",
        "17:52",
        "18:32",
        "20:01"
    ],
    "url": "https://www.kanachu.co.jp/dia/diagram/timetable01_js/course:0000804213-18/node:00126503/kt:0/lname:/"
}
