{
    "date": "2024/04/01",
    "name": "東山田(藤沢市)",
    "position": "-",
    "system": "長16",
    "destinations": [
        "葛原(藤沢市)",
        "宮の腰(藤沢市)",
        "葛野",
        "西葛原",
        "御所見中学校前",
        "御所見市民センター前",
        "用田(藤沢市)",
        "用田辻",
        "西用田",
        "用田橋",
        "根恩馬",
        "畜産研究所",
        "恩馬ヶ原",
        "杉久保",
        "上河内(海老名市)",
        "高野(海老名市)",
        "南今里",
        "今里(海老名市)",
        "神社前(海老名市)",
        "農業高校前(海老名市)",
        "社家入口",
        "中新田小学校前",
        "みずほ団地前",
        "市役所前(海老名市)",
        "海老名駅東口"
    ],
    "weekday": [
        "6:01",
        "6:20",
        "6:53",
        "7:08",
        "7:28",
        "7:58",
        "8:28",
        "8:53",
        "9:23",
        "9:53",
        "10:23",
        "10:53",
        "11:23",
        "11:53",
        "12:23",
        "12:53",
        "13:23",
        "13:53",
        "14:23",
        "14:53",
        "15:23",
        "15:53",
        "16:23",
        "16:53",
        "17:23",
        "17:53",
        "18:23",
        "18:53",
        "19:23",
        "20:03",
        "20:47"
    ],
    "saturday": [
        "6:08",
        "6:48",
        "7:23",
        "7:53",
        "8:28",
        "9:08",
        "9:48",
        "10:28",
        "11:08",
        "11:48",
        "12:28",
        "13:08",
        "13:48",
        "14:28",
        "15:08",
        "15:48",
        "16:28",
        "17:08",
        "17:48",
        "18:28",
        "19:13",
        "20:15"
    ],
    "holiday": [
        "6:08",
        "6:48",
        "7:23",
        "7:53",
        "8:28",
        "9:08",
        "9:48",
        "10:28",
        "11:08",
        "11:48",
        "12:28",
        "13:08",
        "13:48",
        "14:28",
        "15:08",
        "15:48",
        "16:28",
        "17:08",
        "17:48",
        "18:28",
        "19:13",
        "20:15"
    ],
    "url": "https://www.kanachu.co.jp/dia/diagram/timetable01_js/course:0000800599-9/node:00129819/kt:0/lname:/"
}
