{
    "date": "2024/04/01",
    "name": "御所見市民センター前",
    "position": "-",
    "system": "長16",
    "destinations": [
        "用田(藤沢市)",
        "用田辻",
        "西用田",
        "用田橋",
        "根恩馬",
        "畜産研究所",
        "恩馬ヶ原",
        "杉久保",
        "上河内(海老名市)",
        "高野(海老名市)",
        "南今里",
        "今里(海老名市)",
        "神社前(海老名市)",
        "農業高校前(海老名市)",
        "社家入口",
        "中新田小学校前",
        "みずほ団地前",
        "市役所前(海老名市)",
        "海老名駅東口"
    ],
    "weekday": [
        "6:07",
        "6:26",
        "6:59",
        "7:14",
        "7:34",
        "8:04",
        "8:34",
        "8:59",
        "9:29",
        "9:59",
        "10:29",
        "10:59",
        "11:29",
        "11:59",
        "12:29",
        "12:59",
        "13:29",
        "13:59",
        "14:29",
        "14:59",
        "15:29",
        "15:59",
        "16:29",
        "16:59",
        "17:29",
        "17:59",
        "18:29",
        "18:59",
        "19:29",
        "20:09",
        "20:53"
    ],
    "saturday": [
        "6:14",
        "6:54",
        "7:29",
        "7:59",
        "8:34",
        "9:14",
        "9:54",
        "10:34",
        "11:14",
        "11:54",
        "12:34",
        "13:14",
        "13:54",
        "14:34",
        "15:14",
        "15:54",
        "16:34",
        "17:14",
        "17:54",
        "18:34",
        "19:19",
        "20:21"
    ],
    "holiday": [
        "6:14",
        "6:54",
        "7:29",
        "7:59",
        "8:34",
        "9:14",
        "9:54",
        "10:34",
        "11:14",
        "11:54",
        "12:34",
        "13:14",
        "13:54",
        "14:34",
        "15:14",
        "15:54",
        "16:34",
        "17:14",
        "17:54",
        "18:34",
        "19:19",
        "20:21"
    ],
    "url": "https://www.kanachu.co.jp/dia/diagram/timetable01_js/course:0000800599-15/node:00129825/kt:0/lname:/"
}
