{
    "date": "2024/04/01",
    "name": "今里(海老名市)",
    "position": "-",
    "system": "長16",
    "destinations": [
        "神社前(海老名市)",
        "農業高校前(海老名市)",
        "社家入口",
        "中新田小学校前",
        "みずほ団地前",
        "市役所前(海老名市)",
        "海老名駅東口"
    ],
    "weekday": [
        "6:19",
        "6:38",
        "7:15",
        "7:30",
        "7:50",
        "8:20",
        "8:50",
        "9:12",
        "9:41",
        "10:11",
        "10:41",
        "11:11",
        "11:41",
        "12:11",
        "12:41",
        "13:11",
        "13:41",
        "14:11",
        "14:41",
        "15:11",
        "15:41",
        "16:11",
        "16:41",
        "17:11",
        "17:41",
        "18:11",
        "18:41",
        "19:11",
        "19:41",
        "20:21",
        "21:05"
    ],
    "saturday": [
        "6:26",
        "7:06",
        "7:41",
        "8:11",
        "8:46",
        "9:26",
        "10:06",
        "10:46",
        "11:26",
        "12:06",
        "12:46",
        "13:26",
        "14:06",
        "14:46",
        "15:26",
        "16:06",
        "16:46",
        "17:26",
        "18:06",
        "18:46",
        "19:31",
        "20:33"
    ],
    "holiday": [
        "6:26",
        "7:06",
        "7:41",
        "8:11",
        "8:46",
        "9:26",
        "10:06",
        "10:46",
        "11:26",
        "12:06",
        "12:46",
        "13:26",
        "14:06",
        "14:46",
        "15:26",
        "16:06",
        "16:46",
        "17:26",
        "18:06",
        "18:46",
        "19:31",
        "20:33"
    ],
    "url": "https://www.kanachu.co.jp/dia/diagram/timetable01_js/course:0000800599-27/node:00129837/kt:0/lname:/"
}
