{
    "date": "2024/04/01",
    "name": "神社前(海老名市)",
    "position": "-",
    "system": "長16",
    "destinations": [
        "農業高校前(海老名市)",
        "社家入口",
        "中新田小学校前",
        "みずほ団地前",
        "市役所前(海老名市)",
        "海老名駅東口"
    ],
    "weekday": [
        "6:20",
        "6:39",
        "7:16",
        "7:31",
        "7:51",
        "8:21",
        "8:51",
        "9:13",
        "9:42",
        "10:12",
        "10:42",
        "11:12",
        "11:42",
        "12:12",
        "12:42",
        "13:12",
        "13:42",
        "14:12",
        "14:42",
        "15:12",
        "15:42",
        "16:12",
        "16:42",
        "17:12",
        "17:42",
        "18:12",
        "18:42",
        "19:12",
        "19:42",
        "20:22",
        "21:06"
    ],
    "saturday": [
        "6:27",
        "7:07",
        "7:42",
        "8:12",
        "8:47",
        "9:27",
        "10:07",
        "10:47",
        "11:27",
        "12:07",
        "12:47",
        "13:27",
        "14:07",
        "14:47",
        "15:27",
        "16:07",
        "16:47",
        "17:27",
        "18:07",
        "18:47",
        "19:32",
        "20:34"
    ],
    "holiday": [
        "6:27",
        "7:07",
        "7:42",
        "8:12",
        "8:47",
        "9:27",
        "10:07",
        "10:47",
        "11:27",
        "12:07",
        "12:47",
        "13:27",
        "14:07",
        "14:47",
        "15:27",
        "16:07",
        "16:47",
        "17:27",
        "18:07",
        "18:47",
        "19:32",
        "20:34"
    ],
    "url": "https://www.kanachu.co.jp/dia/diagram/timetable01_js/course:0000800599-28/node:00129838/kt:0/lname:/"
}
