{
    "system": "長16",
    "busstops": [
        {
            "index": "1",
            "id": "00129812",
            "name": "長後駅西口",
            "lat": "35.412289",
            "lng": "139.465202"
        },
        {
            "index": "2",
            "id": "00129813",
            "name": "長後市民センター前",
            "lat": "35.411294",
            "lng": "139.460138"
        },
        {
            "index": "3",
            "id": "00130196",
            "name": "住宅前(藤沢市下土棚)",
            "lat": "35.410226",
            "lng": "139.457712"
        },
        {
            "index": "4",
            "id": "00129814",
            "name": "坂下(藤沢市)",
            "lat": "35.409259",
            "lng": "139.455667"
        },
        {
            "index": "5",
            "id": "00129815",
            "name": "下土棚",
            "lat": "35.407192",
            "lng": "139.451129"
        },
        {
            "index": "6",
            "id": "00129816",
            "name": "いすゞ前",
            "lat": "35.40714",
            "lng": "139.448719"
        },
        {
            "index": "7",
            "id": "00129817",
            "name": "大持",
            "lat": "35.407049",
            "lng": "139.447277"
        },
        {
            "index": "8",
            "id": "00129818",
            "name": "山谷(藤沢市)",
            "lat": "35.407009",
            "lng": "139.44469"
        },
        {
            "index": "9",
            "id": "00129819",
            "name": "東山田(藤沢市)",
            "lat": "35.406791",
            "lng": "139.44156"
        },
        {
            "index": "10",
            "id": "00129820",
            "name": "葛原(藤沢市)",
            "lat": "35.405428",
            "lng": "139.438371"
        },
        {
            "index": "11",
            "id": "00129821",
            "name": "宮の腰(藤沢市)",
            "lat": "35.403178",
            "lng": "139.436305"
        },
        {
            "index": "12",
            "id": "00129822",
            "name": "葛野",
            "lat": "35.402478",
            "lng": "139.428772"
        },
        {
            "index": "13",
            "id": "00129823",
            "name": "西葛原",
            "lat": "35.402763",
            "lng": "139.424985"
        },
        {
            "index": "14",
            "id": "00129824",
            "name": "御所見中学校前",
            "lat": "35.403211",
            "lng": "139.420234"
        },
        {
            "index": "15",
            "id": "00129825",
            "name": "御所見市民センター前",
            "lat": "35.403897",
            "lng": "139.417102"
        },
        {
            "index": "16",
            "id": "00129826",
            "name": "用田(藤沢市)",
            "lat": "35.403917",
            "lng": "139.414187"
        },
        {
            "index": "17",
            "id": "00129827",
            "name": "用田辻",
            "lat": "35.404311",
            "lng": "139.411707"
        },
        {
            "index": "18",
            "id": "00129828",
            "name": "西用田",
            "lat": "35.404903",
            "lng": "139.4097"
        },
        {
            "index": "19",
            "id": "00129829",
            "name": "用田橋",
            "lat": "35.407856",
            "lng": "139.406638"
        },
        {
            "index": "20",
            "id": "00129830",
            "name": "根恩馬",
            "lat": "35.41038",
            "lng": "139.406252"
        },
        {
            "index": "21",
            "id": "00129831",
            "name": "畜産研究所",
            "lat": "35.413156",
            "lng": "139.404345"
        },
        {
            "index": "22",
            "id": "00129832",
            "name": "恩馬ヶ原",
            "lat": "35.415359",
            "lng": "139.402141"
        },
        {
            "index": "23",
            "id": "00129833",
            "name": "杉久保",
            "lat": "35.420544",
            "lng": "139.397252"
        },
        {
            "index": "24",
            "id": "00129834",
            "name": "上河内(海老名市)",
            "lat": "35.421473",
            "lng": "139.390878"
        },
        {
            "index": "25",
            "id": "00129835",
            "name": "高野(海老名市)",
            "lat": "35.422958",
            "lng": "139.387508"
        },
        {
            "index": "26",
            "id": "00129836",
            "name": "南今里",
            "lat": "35.425058",
            "lng": "139.387325"
        },
        {
            "index": "27",
            "id": "00129837",
            "name": "今里(海老名市)",
            "lat": "35.428458",
            "lng": "139.387191"
        },
        {
            "index": "28",
            "id": "00129838",
            "name": "神社前(海老名市)",
            "lat": "35.430724",
            "lng": "139.387058"
        },
        {
            "index": "29",
            "id": "00129839",
            "name": "農業高校前(海老名市)",
            "lat": "35.433208",
            "lng": "139.385067"
        },
        {
            "index": "30",
            "id": "00128610",
            "name": "社家入口",
            "lat": "35.436901",
            "lng": "139.383499"
        },
        {
            "index": "31",
            "id": "00128660",
            "name": "中新田小学校前",
            "lat": "35.439212",
            "lng": "139.385771"
        },
        {
            "index": "32",
            "id": "00128612",
            "name": "みずほ団地前",
            "lat": "35.444152",
            "lng": "139.391081"
        },
        {
            "index": "33",
            "id": "00128652",
            "name": "市役所前(海老名市)",
            "lat": "35.44563",
            "lng": "139.391166"
        },
        {
            "index": "34",
            "id": "00128604",
            "name": "海老名駅東口",
            "lat": "35.452192",
            "lng": "139.391645"
        }
    ],
    "route_url": "https://www.kanachu.co.jp/dia/route/index/cid:0000800599/"
}
