{
    "date": "2024/03/16",
    "name": "第三小学校前(町田市)",
    "position": "-",
    "system": "町55",
    "destinations": [
        "ひなた村",
        "本町田",
        "今井谷戸",
        "四季彩の杜西園前",
        "薬師池",
        "薬師ヶ丘",
        "野津田神社入口",
        "袋橋",
        "田中入口",
        "野津田車庫"
    ],
    "weekday": [
        "6:42",
        "7:13",
        "7:37",
        "8:01",
        "8:13",
        "8:37",
        "8:49",
        "9:01",
        "9:13",
        "9:39",
        "9:53",
        "10:10",
        "10:38",
        "10:53",
        "11:10",
        "11:38",
        "11:53",
        "12:10",
        "12:38",
        "12:53",
        "13:10",
        "13:38",
        "13:53",
        "14:10",
        "14:38",
        "14:53",
        "15:10",
        "15:38",
        "15:53",
        "16:10",
        "16:38",
        "16:53",
        "17:08",
        "17:38",
        "17:53",
        "18:08",
        "18:32",
        "18:44",
        "18:56",
        "19:08",
        "19:32",
        "19:44",
        "19:56",
        "20:08",
        "20:38",
        "20:53",
        "21:12",
        "21:32",
        "21:52",
        "22:22",
        "22:57"
    ],
    "saturday": [
        "7:07",
        "8:08",
        "8:48",
        "9:08",
        "9:38",
        "9:53",
        "10:08",
        "10:38",
        "10:53",
        "11:08",
        "11:38",
        "11:53",
        "12:08",
        "12:38",
        "12:53",
        "13:08",
        "13:38",
        "13:53",
        "14:08",
        "14:38",
        "14:53",
        "15:08",
        "15:38",
        "15:53",
        "16:08",
        "16:38",
        "16:53",
        "17:08",
        "17:38",
        "17:53",
        "18:08",
        "18:48",
        "19:08",
        "19:48",
        "20:08",
        "20:48",
        "21:07",
        "21:27",
        "21:47",
        "22:07",
        "22:42"
    ],
    "holiday": [
        "7:07",
        "8:07",
        "8:47",
        "9:08",
        "9:38",
        "9:53",
        "10:08",
        "10:38",
        "10:53",
        "11:08",
        "11:38",
        "11:53",
        "12:08",
        "12:38",
        "12:53",
        "13:08",
        "13:38",
        "13:53",
        "14:08",
        "14:38",
        "14:53",
        "15:08",
        "15:38",
        "15:53",
        "16:08",
        "16:38",
        "16:53",
        "17:08",
        "17:38",
        "17:53",
        "18:08",
        "18:48",
        "19:08",
        "19:48",
        "20:07",
        "20:47",
        "21:07",
        "21:37",
        "22:07",
        "22:37"
    ],
    "url": "https://www.kanachu.co.jp/dia/diagram/timetable01_js/course:0000803239-8/node:00129423/kt:0/lname:/"
}
