{
    "date": "2024/03/16",
    "name": "ひなた村",
    "position": "-",
    "system": "町55",
    "destinations": [
        "本町田",
        "今井谷戸",
        "四季彩の杜西園前",
        "薬師池",
        "薬師ヶ丘",
        "野津田神社入口",
        "袋橋",
        "田中入口",
        "野津田車庫"
    ],
    "weekday": [
        "6:43",
        "7:15",
        "7:39",
        "8:03",
        "8:15",
        "8:39",
        "8:51",
        "9:03",
        "9:15",
        "9:41",
        "9:55",
        "10:12",
        "10:40",
        "10:55",
        "11:12",
        "11:40",
        "11:55",
        "12:12",
        "12:40",
        "12:55",
        "13:12",
        "13:40",
        "13:55",
        "14:12",
        "14:40",
        "14:55",
        "15:12",
        "15:40",
        "15:55",
        "16:12",
        "16:40",
        "16:55",
        "17:10",
        "17:40",
        "17:55",
        "18:10",
        "18:34",
        "18:46",
        "18:58",
        "19:10",
        "19:34",
        "19:46",
        "19:58",
        "20:10",
        "20:40",
        "20:55",
        "21:13",
        "21:33",
        "21:53",
        "22:23",
        "22:58"
    ],
    "saturday": [
        "7:08",
        "8:10",
        "8:50",
        "9:10",
        "9:40",
        "9:55",
        "10:10",
        "10:40",
        "10:55",
        "11:10",
        "11:40",
        "11:55",
        "12:10",
        "12:40",
        "12:55",
        "13:10",
        "13:40",
        "13:55",
        "14:10",
        "14:40",
        "14:55",
        "15:10",
        "15:40",
        "15:55",
        "16:10",
        "16:40",
        "16:55",
        "17:10",
        "17:40",
        "17:55",
        "18:10",
        "18:50",
        "19:10",
        "19:50",
        "20:10",
        "20:50",
        "21:08",
        "21:28",
        "21:48",
        "22:08",
        "22:43"
    ],
    "holiday": [
        "7:08",
        "8:09",
        "8:49",
        "9:10",
        "9:40",
        "9:55",
        "10:10",
        "10:40",
        "10:55",
        "11:10",
        "11:40",
        "11:55",
        "12:10",
        "12:40",
        "12:55",
        "13:10",
        "13:40",
        "13:55",
        "14:10",
        "14:40",
        "14:55",
        "15:10",
        "15:40",
        "15:55",
        "16:10",
        "16:40",
        "16:55",
        "17:10",
        "17:40",
        "17:55",
        "18:10",
        "18:50",
        "19:10",
        "19:50",
        "20:08",
        "20:48",
        "21:08",
        "21:38",
        "22:08",
        "22:38"
    ],
    "url": "https://www.kanachu.co.jp/dia/diagram/timetable01_js/course:0000803239-9/node:00129424/kt:0/lname:/"
}
