{
    "date": "2025/11/16",
    "name": "中山駅",
    "position": "-",
    "system": "中55",
    "destinations": [
        "境(横浜市緑区)",
        "長坂谷公園南",
        "中山車庫"
    ],
    "weekday": [
        "8:20",
        "9:00",
        "12:50",
        "14:54",
        "17:58"
    ],
    "saturday": [
        "8:20",
        "9:25",
        "11:49",
        "13:35",
        "17:42"
    ],
    "holiday": [
        "8:20",
        "13:35",
        "17:35"
    ],
    "url": "https://www.kanachu.co.jp/dia/diagram/timetable01_js/course:0000802230-1/node:00102821/kt:0/lname:/"
}
