{
    "date": "2024/03/16",
    "name": "町田バスセンター",
    "position": "6番乗り場",
    "system": "町18",
    "destinations": [
        "町田市役所市民ホール前",
        "第四小学校前(町田市)",
        "中町二丁目",
        "旭町(町田市)",
        "町田市民病院",
        "五間道路",
        "図書館前(町田市)",
        "中町一丁目(町田市)",
        "原町田五丁目",
        "原町田四丁目",
        "町田ターミナル前",
        "町田バスセンター"
    ],
    "weekday": [
        "7:45",
        "8:25",
        "9:05",
        "9:40",
        "10:20",
        "10:55",
        "11:30",
        "12:05",
        "12:45",
        "13:20",
        "13:55",
        "14:30",
        "15:05",
        "15:45",
        "16:25"
    ],
    "saturday": [],
    "holiday": [],
    "url": "https://www.kanachu.co.jp/dia/diagram/timetable01_js/course:0000803493-1/node:00025625/kt:0/lname:/"
}
