{
    "date": "2024/03/16",
    "name": "旭町(町田市)",
    "position": "",
    "system": "町18",
    "destinations": [
        "町田市民病院",
        "五間道路",
        "図書館前(町田市)",
        "中町一丁目(町田市)",
        "原町田五丁目",
        "原町田四丁目",
        "町田ターミナル前",
        "町田バスセンター"
    ],
    "weekday": [
        "7:50",
        "8:30",
        "9:10",
        "9:45",
        "10:25",
        "11:00",
        "11:35",
        "12:10",
        "12:50",
        "13:25",
        "14:00",
        "14:35",
        "15:10",
        "15:50",
        "16:30"
    ],
    "saturday": [],
    "holiday": [],
    "url": "https://www.kanachu.co.jp/dia/diagram/timetable01_js/course:0000803493-5/node:00130506/kt:0/lname:/"
}
