{
    "date": "2024/03/16",
    "name": "図書館前(町田市)",
    "position": "",
    "system": "町18",
    "destinations": [
        "中町一丁目(町田市)",
        "原町田五丁目",
        "原町田四丁目",
        "町田ターミナル前",
        "町田バスセンター"
    ],
    "weekday": [
        "7:59",
        "8:39",
        "9:19",
        "9:54",
        "10:34",
        "11:09",
        "11:44",
        "12:19",
        "12:59",
        "13:34",
        "14:09",
        "14:44",
        "15:19",
        "15:59",
        "16:39"
    ],
    "saturday": [],
    "holiday": [],
    "url": "https://www.kanachu.co.jp/dia/diagram/timetable01_js/course:0000803493-8/node:00129483/kt:0/lname:/"
}
