{
    "date": "2025/04/19",
    "name": "大野小学校入口",
    "position": "-",
    "system": "相02",
    "destinations": [
        "古淵駅入口",
        "老人ホーム入口(相模原市南区)",
        "嶽の内入口",
        "共和(相模原市中央区)",
        "宇宙科学研究本部",
        "淵野辺十字路",
        "鹿沼公園南入口",
        "鹿沼台",
        "矢部駅入口",
        "中央小学校北",
        "相模原警察署前",
        "さがみ夢大通り",
        "相模原駅南口"
    ],
    "weekday": [
        "10:32",
        "11:02",
        "11:32",
        "12:02",
        "12:32",
        "13:02",
        "13:32",
        "14:02",
        "14:32",
        "15:02",
        "15:32",
        "16:02",
        "16:32",
        "17:02",
        "17:32",
        "18:02",
        "18:27",
        "18:52",
        "19:12",
        "19:42",
        "20:11",
        "20:41",
        "21:16",
        "21:51",
        "22:36"
    ],
    "saturday": [
        "10:32",
        "11:02",
        "11:32",
        "12:02",
        "12:32",
        "13:02",
        "13:32",
        "14:02",
        "14:32",
        "15:02",
        "15:32",
        "16:02",
        "16:32",
        "17:02",
        "17:32",
        "18:02",
        "18:32",
        "19:01",
        "19:31",
        "20:01",
        "20:41",
        "21:31",
        "22:21"
    ],
    "holiday": [
        "10:32",
        "11:02",
        "11:32",
        "12:02",
        "12:32",
        "13:02",
        "13:32",
        "14:02",
        "14:32",
        "15:02",
        "15:32",
        "16:02",
        "16:32",
        "17:02",
        "17:32",
        "18:02",
        "18:32",
        "19:01",
        "19:31",
        "20:01",
        "20:41",
        "21:31",
        "22:21"
    ],
    "url": "https://www.kanachu.co.jp/dia/diagram/timetable01_js/course:0000802986-8/node:00129098/kt:0/lname:/"
}
