{
    "date": "2025/04/19",
    "name": "古淵駅入口",
    "position": "-",
    "system": "相02",
    "destinations": [
        "老人ホーム入口(相模原市南区)",
        "嶽の内入口",
        "共和(相模原市中央区)",
        "宇宙科学研究本部",
        "淵野辺十字路",
        "鹿沼公園南入口",
        "鹿沼台",
        "矢部駅入口",
        "中央小学校北",
        "相模原警察署前",
        "さがみ夢大通り",
        "相模原駅南口"
    ],
    "weekday": [
        "10:34",
        "11:04",
        "11:34",
        "12:04",
        "12:34",
        "13:04",
        "13:34",
        "14:04",
        "14:34",
        "15:04",
        "15:34",
        "16:04",
        "16:34",
        "17:04",
        "17:34",
        "18:04",
        "18:29",
        "18:54",
        "19:14",
        "19:44",
        "20:12",
        "20:42",
        "21:17",
        "21:52",
        "22:37"
    ],
    "saturday": [
        "10:34",
        "11:04",
        "11:34",
        "12:04",
        "12:34",
        "13:04",
        "13:34",
        "14:04",
        "14:34",
        "15:04",
        "15:34",
        "16:04",
        "16:34",
        "17:04",
        "17:34",
        "18:04",
        "18:34",
        "19:02",
        "19:32",
        "20:02",
        "20:42",
        "21:32",
        "22:22"
    ],
    "holiday": [
        "10:34",
        "11:04",
        "11:34",
        "12:04",
        "12:34",
        "13:04",
        "13:34",
        "14:04",
        "14:34",
        "15:04",
        "15:34",
        "16:04",
        "16:34",
        "17:04",
        "17:34",
        "18:04",
        "18:34",
        "19:02",
        "19:32",
        "20:02",
        "20:42",
        "21:32",
        "22:22"
    ],
    "url": "https://www.kanachu.co.jp/dia/diagram/timetable01_js/course:0000802986-9/node:00129314/kt:0/lname:/"
}
