{
    "date": "2026/01/16",
    "name": "麻溝台",
    "position": "-",
    "system": "大59",
    "destinations": [
        "水道路(相模原市南区)",
        "双葉入口",
        "御園五丁目",
        "みゆき台団地",
        "御園二丁目",
        "上原団地",
        "谷口台小学校前",
        "相模女子大前",
        "相模大野駅北口"
    ],
    "weekday": [
        "5:35",
        "5:47",
        "5:59",
        "6:06",
        "6:13",
        "6:20",
        "6:28",
        "6:34",
        "6:40",
        "6:46",
        "6:54",
        "7:00",
        "7:04",
        "7:09",
        "7:15",
        "7:20",
        "7:28",
        "7:34",
        "7:39",
        "7:45",
        "7:53",
        "8:13",
        "8:24",
        "8:39",
        "9:03",
        "9:23",
        "9:53",
        "10:27",
        "10:42",
        "11:17",
        "11:47",
        "12:22",
        "12:47",
        "13:22",
        "13:52",
        "14:22",
        "14:52",
        "15:22",
        "15:52",
        "16:19",
        "16:31",
        "16:49",
        "17:14",
        "17:37",
        "17:49",
        "18:12",
        "18:47",
        "19:15",
        "19:40",
        "20:22",
        "20:42",
        "21:12",
        "21:37",
        "22:27"
    ],
    "saturday": [
        "5:57",
        "6:22",
        "6:42",
        "6:57",
        "7:12",
        "7:27",
        "7:42",
        "8:06",
        "8:18",
        "8:30",
        "8:57",
        "9:22",
        "9:32",
        "9:52",
        "10:22",
        "10:52",
        "11:22",
        "11:45",
        "11:57",
        "12:22",
        "12:37",
        "13:42",
        "14:50",
        "15:37",
        "16:38",
        "17:38",
        "18:23",
        "19:22",
        "20:57",
        "21:57"
    ],
    "holiday": [
        "6:17",
        "6:47",
        "7:07",
        "7:29",
        "7:47",
        "9:00",
        "9:42",
        "10:42",
        "11:37",
        "12:37",
        "13:37",
        "14:37",
        "15:42",
        "16:42",
        "17:47",
        "20:27",
        "21:12"
    ],
    "url": "https://www.kanachu.co.jp/dia/diagram/timetable01_js/course:0000804219-6/node:00129696/kt:0/lname:/"
}
