{
    "date": "2026/01/16",
    "name": "小糸",
    "position": "-",
    "system": "辻35",
    "destinations": [
        "ライフタウン中央(藤沢市)",
        "二番構保健医療センター",
        "駒寄",
        "滝の沢(藤沢市)",
        "滝の沢不動前",
        "湘南ライフタウン",
        "刈込(藤沢市)",
        "諸之木",
        "慶応大学",
        "慶応大学本館前",
        "慶応中高降車場"
    ],
    "weekday": [
        "8:41",
        "8:53",
        "9:04",
        "9:11",
        "10:13",
        "16:36",
        "16:56",
        "17:11",
        "17:26",
        "18:20",
        "18:43",
        "19:18",
        "20:11"
    ],
    "saturday": [],
    "holiday": [],
    "url": "https://www.kanachu.co.jp/dia/diagram/timetable01_js/course:0000804292-3/node:00129941/kt:0/lname:/"
}
