{
    "date": "2024/09/02",
    "name": "小学校前(横浜市泉区)",
    "position": "-",
    "system": "",
    "destinations": [
        "児童公園前(横浜市泉区)",
        "団地入口(横浜市泉区)",
        "飯田神社前",
        "中屋敷(横浜市泉区)",
        "集会所前(横浜市泉区)",
        "渋谷中学校",
        "保育所前(大和市)",
        "いちょう団地",
        "台村",
        "飯田神社前",
        "団地入口(横浜市泉区)",
        "児童公園前(横浜市泉区)",
        "小学校前(横浜市泉区)",
        "上飯田団地",
        "金子山",
        "泉警察署前",
        "いずみ野駅"
    ],
    "weekday": [
        "6:44",
        "7:19",
        "7:54",
        "8:39",
        "9:19",
        "9:59",
        "10:39",
        "11:19",
        "11:54",
        "12:34"
    ],
    "saturday": [
        "7:44",
        "8:24",
        "9:04",
        "9:44",
        "10:24",
        "11:04",
        "11:44",
        "12:24"
    ],
    "holiday": [
        "7:44",
        "8:24",
        "9:04",
        "9:44",
        "10:24",
        "11:04",
        "11:44",
        "12:24"
    ],
    "url": "https://www.kanachu.co.jp/dia/diagram/timetable01_js/course:0000802840-4/node:00126806/kt:0/lname:/"
}
