{
    "date": "2024/09/02",
    "name": "台村",
    "position": "-",
    "system": "",
    "destinations": [
        "飯田神社前",
        "団地入口(横浜市泉区)",
        "児童公園前(横浜市泉区)",
        "小学校前(横浜市泉区)",
        "上飯田団地",
        "金子山",
        "泉警察署前",
        "いずみ野駅"
    ],
    "weekday": [
        "6:56",
        "7:31",
        "8:06",
        "8:51",
        "9:31",
        "10:11",
        "10:51",
        "11:31",
        "12:06",
        "12:46"
    ],
    "saturday": [
        "7:56",
        "8:36",
        "9:16",
        "9:56",
        "10:36",
        "11:16",
        "11:56",
        "12:36"
    ],
    "holiday": [
        "7:56",
        "8:36",
        "9:16",
        "9:56",
        "10:36",
        "11:16",
        "11:56",
        "12:36"
    ],
    "url": "https://www.kanachu.co.jp/dia/diagram/timetable01_js/course:0000802840-13/node:00126796/kt:0/lname:/"
}
