{
    "date": "2020/11/24",
    "name": "西原(横浜市泉区)",
    "position": "-",
    "system": "船21",
    "destinations": [
        "萩丸",
        "高砂苑前",
        "通信隊前",
        "住宅前(横浜市泉区)",
        "深谷小入口",
        "汲沢入口",
        "クラブ前(横浜市戸塚区)",
        "深谷(横浜市戸塚区)",
        "三叉路(横浜市戸塚区)",
        "横浜医療センター前",
        "原宿四ツ角",
        "庚申塚(横浜市戸塚区)",
        "小雀",
        "神社前(横浜市栄区)",
        "千秀小学校前",
        "青少年センター前(横浜市栄区)",
        "常勝寺(横浜市栄区)",
        "田谷(横浜市栄区)",
        "小蓋山",
        "宮ノ前(横浜市栄区)",
        "長尾台(横浜市栄区)",
        "坂本(鎌倉市)",
        "大船駅西口"
    ],
    "weekday": [
        "5:34",
        "5:45",
        "6:14",
        "6:27",
        "6:49",
        "7:05",
        "7:17",
        "16:17",
        "16:42",
        "20:55"
    ],
    "saturday": [
        "5:37"
    ],
    "holiday": [
        "5:37"
    ],
    "url": "https://www.kanachu.co.jp/dia/diagram/timetable01_js/course:0000800637-2/node:00126835/kt:0/lname:/"
}
