{
    "date": "2020/11/24",
    "name": "横浜医療センター前",
    "position": "-",
    "system": "船21",
    "destinations": [
        "原宿四ツ角",
        "庚申塚(横浜市戸塚区)",
        "小雀",
        "神社前(横浜市栄区)",
        "千秀小学校前",
        "青少年センター前(横浜市栄区)",
        "常勝寺(横浜市栄区)",
        "田谷(横浜市栄区)",
        "小蓋山",
        "宮ノ前(横浜市栄区)",
        "長尾台(横浜市栄区)",
        "坂本(鎌倉市)",
        "大船駅西口"
    ],
    "weekday": [
        "5:45",
        "5:56",
        "6:25",
        "6:38",
        "7:01",
        "7:17",
        "7:29",
        "16:29",
        "16:54",
        "21:06"
    ],
    "saturday": [
        "5:48"
    ],
    "holiday": [
        "5:48"
    ],
    "url": "https://www.kanachu.co.jp/dia/diagram/timetable01_js/course:0000800637-12/node:00126819/kt:0/lname:/"
}
