{
    "date": "2020/11/24",
    "name": "千秀小学校前",
    "position": "-",
    "system": "船21",
    "destinations": [
        "青少年センター前(横浜市栄区)",
        "常勝寺(横浜市栄区)",
        "田谷(横浜市栄区)",
        "小蓋山",
        "宮ノ前(横浜市栄区)",
        "長尾台(横浜市栄区)",
        "坂本(鎌倉市)",
        "大船駅西口"
    ],
    "weekday": [
        "5:52",
        "6:03",
        "6:32",
        "6:45",
        "7:08",
        "7:24",
        "7:36",
        "16:36",
        "17:01",
        "21:13"
    ],
    "saturday": [
        "5:55"
    ],
    "holiday": [
        "5:55"
    ],
    "url": "https://www.kanachu.co.jp/dia/diagram/timetable01_js/course:0000800637-17/node:00126923/kt:0/lname:/"
}
