{
    "date": "2020/11/24",
    "name": "常勝寺(横浜市栄区)",
    "position": "-",
    "system": "船21",
    "destinations": [
        "田谷(横浜市栄区)",
        "小蓋山",
        "宮ノ前(横浜市栄区)",
        "長尾台(横浜市栄区)",
        "坂本(鎌倉市)",
        "大船駅西口"
    ],
    "weekday": [
        "5:54",
        "6:05",
        "6:34",
        "6:47",
        "7:10",
        "7:26",
        "7:38",
        "16:38",
        "17:03",
        "21:15"
    ],
    "saturday": [
        "5:57"
    ],
    "holiday": [
        "5:57"
    ],
    "url": "https://www.kanachu.co.jp/dia/diagram/timetable01_js/course:0000800637-19/node:00126921/kt:0/lname:/"
}
