{
    "date": "2020/11/24",
    "name": "宮ノ前(横浜市栄区)",
    "position": "-",
    "system": "船21",
    "destinations": [
        "長尾台(横浜市栄区)",
        "坂本(鎌倉市)",
        "大船駅西口"
    ],
    "weekday": [
        "5:57",
        "6:08",
        "6:37",
        "6:50",
        "7:13",
        "7:29",
        "7:41",
        "16:41",
        "17:06",
        "21:18"
    ],
    "saturday": [
        "6:00"
    ],
    "holiday": [
        "6:00"
    ],
    "url": "https://www.kanachu.co.jp/dia/diagram/timetable01_js/course:0000800637-22/node:00126852/kt:0/lname:/"
}
