{
    "date": "2025/04/19",
    "name": "鶴ヶ丘団地前",
    "position": "-",
    "system": "小11",
    "destinations": [
        "ハウス南門前",
        "相模台まちづくりセンター前",
        "国立相模原病院",
        "国立病院入口",
        "相模台団地",
        "相模台五丁目",
        "新磯野",
        "相武台消防分署前",
        "新磯野五丁目",
        "相武台グリーンパーク"
    ],
    "weekday": [
        "7:06",
        "8:06",
        "9:06",
        "10:06",
        "11:06",
        "12:06",
        "13:06",
        "14:06",
        "15:06",
        "16:06",
        "17:06",
        "18:06",
        "19:06",
        "20:06",
        "21:06"
    ],
    "saturday": [
        "9:06",
        "10:06",
        "11:06",
        "12:06",
        "13:06",
        "14:06",
        "15:06",
        "16:06",
        "17:06",
        "18:06",
        "19:06",
        "20:06"
    ],
    "holiday": [
        "9:06",
        "10:06",
        "11:06",
        "12:06",
        "13:06",
        "14:06",
        "15:06",
        "16:06",
        "17:06",
        "18:06",
        "19:06",
        "20:06"
    ],
    "url": "https://www.kanachu.co.jp/dia/diagram/timetable01_js/course:0000800466-3/node:00129700/kt:0/lname:/"
}
