{
    "date": "2025/04/19",
    "name": "ハウス南門前",
    "position": "-",
    "system": "小11",
    "destinations": [
        "相模台まちづくりセンター前",
        "国立相模原病院",
        "国立病院入口",
        "相模台団地",
        "相模台五丁目",
        "新磯野",
        "相武台消防分署前",
        "新磯野五丁目",
        "相武台グリーンパーク"
    ],
    "weekday": [
        "7:07",
        "8:07",
        "9:07",
        "10:07",
        "11:07",
        "12:07",
        "13:07",
        "14:07",
        "15:07",
        "16:07",
        "17:07",
        "18:07",
        "19:07",
        "20:07",
        "21:07"
    ],
    "saturday": [
        "9:07",
        "10:07",
        "11:07",
        "12:07",
        "13:07",
        "14:07",
        "15:07",
        "16:07",
        "17:07",
        "18:07",
        "19:07",
        "20:07"
    ],
    "holiday": [
        "9:07",
        "10:07",
        "11:07",
        "12:07",
        "13:07",
        "14:07",
        "15:07",
        "16:07",
        "17:07",
        "18:07",
        "19:07",
        "20:07"
    ],
    "url": "https://www.kanachu.co.jp/dia/diagram/timetable01_js/course:0000800466-4/node:00129699/kt:0/lname:/"
}
