{
    "date": "2025/04/19",
    "name": "国立相模原病院",
    "position": "-",
    "system": "小11",
    "destinations": [
        "国立病院入口",
        "相模台団地",
        "相模台五丁目",
        "新磯野",
        "相武台消防分署前",
        "新磯野五丁目",
        "相武台グリーンパーク"
    ],
    "weekday": [
        "7:10",
        "8:10",
        "9:10",
        "10:10",
        "11:10",
        "12:10",
        "13:10",
        "14:10",
        "15:10",
        "16:10",
        "17:10",
        "18:10",
        "19:10",
        "20:10",
        "21:10"
    ],
    "saturday": [
        "9:10",
        "10:10",
        "11:10",
        "12:10",
        "13:10",
        "14:10",
        "15:10",
        "16:10",
        "17:10",
        "18:10",
        "19:10",
        "20:10"
    ],
    "holiday": [
        "9:10",
        "10:10",
        "11:10",
        "12:10",
        "13:10",
        "14:10",
        "15:10",
        "16:10",
        "17:10",
        "18:10",
        "19:10",
        "20:10"
    ],
    "url": "https://www.kanachu.co.jp/dia/diagram/timetable01_js/course:0000800466-6/node:00129692/kt:0/lname:/"
}
