{
    "date": "2025/04/19",
    "name": "麻溝台高校",
    "position": "-",
    "system": "大53",
    "destinations": [
        "麻溝台入口",
        "大野台入口",
        "オルガノ前",
        "大沼",
        "大沼小学校前",
        "東通り(相模原市南区)",
        "団地入口(相模原市南区)",
        "小沼(相模原市南区)",
        "南中前(相模原市南区)",
        "グリーンホール前",
        "相模大野駅北口"
    ],
    "weekday": [
        "7:32",
        "9:33",
        "10:32",
        "11:05",
        "12:05",
        "13:05",
        "13:35",
        "14:35",
        "15:35",
        "16:00",
        "16:10",
        "16:58",
        "17:14",
        "17:27",
        "17:36",
        "18:00",
        "18:12",
        "18:30",
        "18:57",
        "19:56",
        "20:26",
        "21:29",
        "21:49"
    ],
    "saturday": [
        "8:43",
        "9:03",
        "9:53",
        "10:13",
        "10:53",
        "11:58",
        "12:13",
        "12:38",
        "13:13",
        "14:03",
        "14:43",
        "14:58",
        "15:43",
        "15:58",
        "16:13",
        "16:58",
        "17:58",
        "18:13"
    ],
    "holiday": [
        "8:43",
        "9:48",
        "10:47",
        "12:02",
        "14:02",
        "14:47",
        "15:47",
        "17:02"
    ],
    "url": "https://www.kanachu.co.jp/dia/diagram/timetable01_js/course:0000803506-2/node:00129064/kt:0/lname:/"
}
