{
    "date": "2025/04/19",
    "name": "オルガノ前",
    "position": "-",
    "system": "大53",
    "destinations": [
        "大沼",
        "大沼小学校前",
        "東通り(相模原市南区)",
        "団地入口(相模原市南区)",
        "小沼(相模原市南区)",
        "南中前(相模原市南区)",
        "グリーンホール前",
        "相模大野駅北口"
    ],
    "weekday": [
        "7:36",
        "9:37",
        "10:36",
        "11:09",
        "12:09",
        "13:09",
        "13:39",
        "14:39",
        "15:39",
        "16:05",
        "16:15",
        "17:03",
        "17:19",
        "17:32",
        "17:41",
        "18:05",
        "18:17",
        "18:35",
        "19:02",
        "19:59",
        "20:29",
        "21:32",
        "21:52"
    ],
    "saturday": [
        "8:46",
        "9:06",
        "9:56",
        "10:16",
        "10:56",
        "12:01",
        "12:16",
        "12:41",
        "13:16",
        "14:06",
        "14:46",
        "15:01",
        "15:46",
        "16:01",
        "16:16",
        "17:01",
        "18:01",
        "18:16"
    ],
    "holiday": [
        "8:46",
        "9:51",
        "10:50",
        "12:05",
        "14:05",
        "14:50",
        "15:50",
        "17:05"
    ],
    "url": "https://www.kanachu.co.jp/dia/diagram/timetable01_js/course:0000803506-5/node:00129197/kt:0/lname:/"
}
