{
    "date": "2025/04/19",
    "name": "大沼",
    "position": "-",
    "system": "大53",
    "destinations": [
        "大沼小学校前",
        "東通り(相模原市南区)",
        "団地入口(相模原市南区)",
        "小沼(相模原市南区)",
        "南中前(相模原市南区)",
        "グリーンホール前",
        "相模大野駅北口"
    ],
    "weekday": [
        "7:37",
        "9:38",
        "10:37",
        "11:10",
        "12:10",
        "13:10",
        "13:40",
        "14:40",
        "15:40",
        "16:06",
        "16:16",
        "17:04",
        "17:20",
        "17:33",
        "17:42",
        "18:06",
        "18:18",
        "18:36",
        "19:03",
        "20:00",
        "20:30",
        "21:33",
        "21:53"
    ],
    "saturday": [
        "8:47",
        "9:07",
        "9:57",
        "10:17",
        "10:57",
        "12:02",
        "12:17",
        "12:42",
        "13:17",
        "14:07",
        "14:47",
        "15:02",
        "15:47",
        "16:02",
        "16:17",
        "17:02",
        "18:02",
        "18:17"
    ],
    "holiday": [
        "8:47",
        "9:52",
        "10:51",
        "12:06",
        "14:06",
        "14:51",
        "15:51",
        "17:06"
    ],
    "url": "https://www.kanachu.co.jp/dia/diagram/timetable01_js/course:0000803506-6/node:00129089/kt:0/lname:/"
}
