{
    "date": "2025/10/20",
    "name": "竹村町",
    "position": "-",
    "system": "間14",
    "destinations": [
        "中屋敷(横浜市瀬谷区)",
        "本郷原",
        "本郷(横浜市瀬谷区)",
        "瀬谷駅前通り",
        "瀬谷駅"
    ],
    "weekday": [
        "7:37",
        "8:11",
        "8:37",
        "9:11",
        "11:06",
        "13:11",
        "15:36",
        "16:06",
        "16:32",
        "17:32",
        "18:37",
        "19:06",
        "19:35",
        "20:05"
    ],
    "saturday": [
        "8:05",
        "9:10",
        "9:35",
        "11:06",
        "11:36",
        "13:36",
        "15:37",
        "16:02",
        "16:27",
        "17:37",
        "18:52",
        "19:50"
    ],
    "holiday": [
        "8:05",
        "9:10",
        "9:35",
        "11:06",
        "11:36",
        "13:36",
        "15:37",
        "16:02",
        "16:27",
        "17:37",
        "18:52",
        "19:50"
    ],
    "url": "https://www.kanachu.co.jp/dia/diagram/timetable01_js/course:0000803913-8/node:00129655/kt:0/lname:/"
}
