{
    "date": "2025/10/20",
    "name": "本郷原",
    "position": "-",
    "system": "間14",
    "destinations": [
        "本郷(横浜市瀬谷区)",
        "瀬谷駅前通り",
        "瀬谷駅"
    ],
    "weekday": [
        "7:43",
        "8:17",
        "8:43",
        "9:16",
        "11:11",
        "13:16",
        "15:41",
        "16:12",
        "16:38",
        "17:38",
        "18:43",
        "19:10",
        "19:39",
        "20:09"
    ],
    "saturday": [
        "8:09",
        "9:14",
        "9:39",
        "11:11",
        "11:41",
        "13:41",
        "15:43",
        "16:08",
        "16:33",
        "17:43",
        "18:58",
        "19:54"
    ],
    "holiday": [
        "8:09",
        "9:14",
        "9:39",
        "11:11",
        "11:41",
        "13:41",
        "15:43",
        "16:08",
        "16:33",
        "17:43",
        "18:58",
        "19:54"
    ],
    "url": "https://www.kanachu.co.jp/dia/diagram/timetable01_js/course:0000803913-10/node:00129657/kt:0/lname:/"
}
