{
    "date": "2024/03/16",
    "name": "橋本駅北口",
    "position": "-",
    "system": "橋76",
    "destinations": [
        "旭農協前",
        "寿町(相模原市緑区)",
        "寿橋",
        "多摩美術大学南",
        "三ツ目山公園",
        "小山ヶ丘小学校前",
        "響きの丘",
        "町有",
        "多摩境駅",
        "小山内裏公園南",
        "まちだテクノパーク前",
        "小山上沼公園",
        "多摩境通り北",
        "神奈中多摩車庫"
    ],
    "weekday": [
        "6:40",
        "7:00",
        "7:14",
        "7:32",
        "7:44",
        "7:54",
        "8:10",
        "8:24",
        "8:50",
        "9:02",
        "9:14",
        "9:30",
        "9:45",
        "10:02",
        "10:33",
        "10:45",
        "10:58",
        "11:10",
        "11:30",
        "11:55",
        "12:07",
        "12:32",
        "12:58",
        "13:25",
        "13:50",
        "14:10",
        "14:20",
        "14:40",
        "15:00",
        "15:15",
        "15:40",
        "16:04",
        "16:20",
        "16:42",
        "17:04",
        "17:14",
        "17:24",
        "17:40",
        "17:54",
        "18:08",
        "18:18",
        "18:28",
        "18:38",
        "18:50",
        "19:07",
        "19:27",
        "19:45",
        "20:07",
        "20:25",
        "20:45",
        "21:15",
        "21:45",
        "22:10",
        "22:51"
    ],
    "saturday": [
        "8:02",
        "8:27",
        "8:50",
        "9:05",
        "9:27",
        "9:45",
        "10:02",
        "10:30",
        "11:02",
        "11:38",
        "12:02",
        "12:30",
        "13:02",
        "13:32",
        "14:02",
        "14:30",
        "15:02",
        "15:25",
        "15:42",
        "16:12",
        "16:42",
        "17:02",
        "17:20",
        "17:42",
        "18:05",
        "18:22",
        "18:45",
        "19:05",
        "19:20",
        "19:47",
        "20:17",
        "20:47",
        "21:17",
        "21:47",
        "22:10"
    ],
    "holiday": [
        "8:08",
        "8:40",
        "9:10",
        "9:30",
        "10:02",
        "10:30",
        "11:02",
        "11:30",
        "12:02",
        "12:30",
        "13:02",
        "13:32",
        "14:02",
        "14:30",
        "15:02",
        "15:30",
        "16:02",
        "16:30",
        "17:02",
        "17:30",
        "18:02",
        "18:30",
        "19:02",
        "19:30",
        "20:02",
        "20:40",
        "21:40",
        "22:10"
    ],
    "url": "https://www.kanachu.co.jp/dia/diagram/timetable01_js/course:0000802977-1/node:00128969/kt:0/lname:/"
}
