{
    "date": "2024/03/16",
    "name": "三ツ目山公園",
    "position": "-",
    "system": "橋76",
    "destinations": [
        "小山ヶ丘小学校前",
        "響きの丘",
        "町有",
        "多摩境駅",
        "小山内裏公園南",
        "まちだテクノパーク前",
        "小山上沼公園",
        "多摩境通り北",
        "神奈中多摩車庫"
    ],
    "weekday": [
        "6:44",
        "7:05",
        "7:19",
        "7:37",
        "7:49",
        "7:59",
        "8:15",
        "8:29",
        "8:55",
        "9:07",
        "9:19",
        "9:35",
        "9:50",
        "10:07",
        "10:38",
        "10:50",
        "11:03",
        "11:15",
        "11:35",
        "12:00",
        "12:12",
        "12:37",
        "13:03",
        "13:30",
        "13:55",
        "14:15",
        "14:25",
        "14:45",
        "15:05",
        "15:20",
        "15:45",
        "16:09",
        "16:25",
        "16:47",
        "17:09",
        "17:19",
        "17:29",
        "17:45",
        "17:59",
        "18:13",
        "18:23",
        "18:33",
        "18:43",
        "18:55",
        "19:12",
        "19:32",
        "19:50",
        "20:11",
        "20:29",
        "20:49",
        "21:19",
        "21:49",
        "22:14",
        "22:55"
    ],
    "saturday": [
        "8:06",
        "8:31",
        "8:54",
        "9:09",
        "9:31",
        "9:49",
        "10:07",
        "10:35",
        "11:07",
        "11:43",
        "12:07",
        "12:35",
        "13:07",
        "13:37",
        "14:07",
        "14:35",
        "15:07",
        "15:30",
        "15:47",
        "16:17",
        "16:47",
        "17:07",
        "17:25",
        "17:47",
        "18:10",
        "18:27",
        "18:50",
        "19:09",
        "19:24",
        "19:51",
        "20:21",
        "20:51",
        "21:21",
        "21:51",
        "22:14"
    ],
    "holiday": [
        "8:12",
        "8:44",
        "9:14",
        "9:34",
        "10:07",
        "10:35",
        "11:07",
        "11:35",
        "12:07",
        "12:35",
        "13:07",
        "13:37",
        "14:07",
        "14:35",
        "15:07",
        "15:35",
        "16:07",
        "16:35",
        "17:07",
        "17:35",
        "18:07",
        "18:35",
        "19:06",
        "19:34",
        "20:06",
        "20:44",
        "21:44",
        "22:14"
    ],
    "url": "https://www.kanachu.co.jp/dia/diagram/timetable01_js/course:0000802977-6/node:00130116/kt:0/lname:/"
}
