{
    "date": "2024/03/16",
    "name": "まちだテクノパーク前",
    "position": "-",
    "system": "橋76",
    "destinations": [
        "小山上沼公園",
        "多摩境通り北",
        "神奈中多摩車庫"
    ],
    "weekday": [
        "6:51",
        "7:14",
        "7:28",
        "7:46",
        "7:58",
        "8:08",
        "8:24",
        "8:38",
        "9:04",
        "9:15",
        "9:27",
        "9:43",
        "9:58",
        "10:15",
        "10:46",
        "10:58",
        "11:11",
        "11:23",
        "11:43",
        "12:08",
        "12:20",
        "12:45",
        "13:11",
        "13:38",
        "14:03",
        "14:23",
        "14:33",
        "14:53",
        "15:13",
        "15:28",
        "15:53",
        "16:17",
        "16:33",
        "16:55",
        "17:17",
        "17:27",
        "17:37",
        "17:53",
        "18:07",
        "18:21",
        "18:31",
        "18:41",
        "18:51",
        "19:03",
        "19:20",
        "19:40",
        "19:58",
        "20:18",
        "20:36",
        "20:56",
        "21:26",
        "21:56",
        "22:21",
        "23:02"
    ],
    "saturday": [
        "8:13",
        "8:38",
        "9:01",
        "9:16",
        "9:38",
        "9:56",
        "10:15",
        "10:43",
        "11:15",
        "11:51",
        "12:15",
        "12:43",
        "13:15",
        "13:45",
        "14:15",
        "14:43",
        "15:15",
        "15:38",
        "15:55",
        "16:25",
        "16:55",
        "17:15",
        "17:33",
        "17:55",
        "18:18",
        "18:35",
        "18:58",
        "19:16",
        "19:31",
        "19:58",
        "20:28",
        "20:58",
        "21:28",
        "21:58",
        "22:21"
    ],
    "holiday": [
        "8:19",
        "8:51",
        "9:21",
        "9:41",
        "10:15",
        "10:43",
        "11:15",
        "11:43",
        "12:15",
        "12:43",
        "13:15",
        "13:45",
        "14:15",
        "14:43",
        "15:15",
        "15:43",
        "16:15",
        "16:43",
        "17:15",
        "17:43",
        "18:15",
        "18:43",
        "19:13",
        "19:41",
        "20:13",
        "20:51",
        "21:51",
        "22:21"
    ],
    "url": "https://www.kanachu.co.jp/dia/diagram/timetable01_js/course:0000802977-12/node:00130120/kt:0/lname:/"
}
