{
    "date": "2024/03/16",
    "name": "多摩境通り北",
    "position": "-",
    "system": "橋76",
    "destinations": [
        "神奈中多摩車庫"
    ],
    "weekday": [
        "6:53",
        "7:16",
        "7:30",
        "7:48",
        "8:00",
        "8:10",
        "8:26",
        "8:40",
        "9:06",
        "9:17",
        "9:29",
        "9:45",
        "10:00",
        "10:17",
        "10:48",
        "11:00",
        "11:13",
        "11:25",
        "11:45",
        "12:10",
        "12:22",
        "12:47",
        "13:13",
        "13:40",
        "14:05",
        "14:25",
        "14:35",
        "14:55",
        "15:15",
        "15:30",
        "15:55",
        "16:19",
        "16:35",
        "16:57",
        "17:19",
        "17:29",
        "17:39",
        "17:55",
        "18:09",
        "18:23",
        "18:33",
        "18:43",
        "18:53",
        "19:05",
        "19:22",
        "19:42",
        "20:00",
        "20:20",
        "20:38",
        "20:58",
        "21:28",
        "21:58",
        "22:23",
        "23:04"
    ],
    "saturday": [
        "8:15",
        "8:40",
        "9:03",
        "9:18",
        "9:40",
        "9:58",
        "10:17",
        "10:45",
        "11:17",
        "11:53",
        "12:17",
        "12:45",
        "13:17",
        "13:47",
        "14:17",
        "14:45",
        "15:17",
        "15:40",
        "15:57",
        "16:27",
        "16:57",
        "17:17",
        "17:35",
        "17:57",
        "18:20",
        "18:37",
        "19:00",
        "19:18",
        "19:33",
        "20:00",
        "20:30",
        "21:00",
        "21:30",
        "22:00",
        "22:23"
    ],
    "holiday": [
        "8:21",
        "8:53",
        "9:23",
        "9:43",
        "10:17",
        "10:45",
        "11:17",
        "11:45",
        "12:17",
        "12:45",
        "13:17",
        "13:47",
        "14:17",
        "14:45",
        "15:17",
        "15:45",
        "16:17",
        "16:45",
        "17:17",
        "17:45",
        "18:17",
        "18:45",
        "19:15",
        "19:43",
        "20:15",
        "20:53",
        "21:53",
        "22:23"
    ],
    "url": "https://www.kanachu.co.jp/dia/diagram/timetable01_js/course:0000802977-14/node:00130132/kt:0/lname:/"
}
