{
    "date": "2025/01/14",
    "name": "中村入口(厚木市)",
    "position": "-",
    "system": "厚03",
    "destinations": [
        "妻田薬師",
        "松蓮寺",
        "糀屋前(厚木市)",
        "宿原入口",
        "荻野新宿",
        "子合",
        "桝割",
        "公所(厚木市)",
        "稲荷木",
        "鳶尾山前",
        "荻野神社入口",
        "東谷戸入口",
        "久保(厚木市)",
        "泉(厚木市)",
        "源氏河原",
        "相州病院",
        "新道橋(厚木市)",
        "上荻野",
        "上荻野車庫前",
        "平山坂上",
        "半僧坊前",
        "田代(愛甲郡愛川町)",
        "愛川田代局前",
        "田代坂下",
        "田代坂上",
        "馬渡(愛甲郡愛川町)",
        "深沢尻",
        "愛川橋",
        "原下(愛甲郡愛川町)",
        "学校入口(愛甲郡愛川町)",
        "撚糸組合前",
        "半原",
        "川北(愛甲郡愛川町)",
        "愛川大橋",
        "馬場(愛甲郡愛川町)",
        "野外センター前",
        "原臼",
        "細野橋",
        "清雲寺入口"
    ],
    "weekday": [
        "20:11",
        "20:51",
        "21:21",
        "22:21"
    ],
    "saturday": [
        "19:58",
        "20:58",
        "22:06"
    ],
    "holiday": [
        "19:58",
        "20:58",
        "22:06"
    ],
    "url": "https://www.kanachu.co.jp/dia/diagram/timetable01_js/course:0000801696-10/node:00128263/kt:0/lname:/"
}
