{
    "date": "2025/01/14",
    "name": "馬渡(愛甲郡愛川町)",
    "position": "-",
    "system": "厚03",
    "destinations": [
        "深沢尻",
        "愛川橋",
        "原下(愛甲郡愛川町)",
        "学校入口(愛甲郡愛川町)",
        "撚糸組合前",
        "半原",
        "川北(愛甲郡愛川町)",
        "愛川大橋",
        "馬場(愛甲郡愛川町)",
        "野外センター前",
        "原臼",
        "細野橋",
        "清雲寺入口"
    ],
    "weekday": [
        "20:37",
        "21:17",
        "21:47",
        "22:47"
    ],
    "saturday": [
        "20:23",
        "21:23",
        "22:31"
    ],
    "holiday": [
        "20:23",
        "21:23",
        "22:31"
    ],
    "url": "https://www.kanachu.co.jp/dia/diagram/timetable01_js/course:0000801696-36/node:00128289/kt:0/lname:/"
}
