{
    "date": "2025/01/14",
    "name": "川北(愛甲郡愛川町)",
    "position": "-",
    "system": "厚03",
    "destinations": [
        "愛川大橋",
        "馬場(愛甲郡愛川町)",
        "野外センター前",
        "原臼",
        "細野橋",
        "清雲寺入口"
    ],
    "weekday": [
        "20:43",
        "21:23",
        "21:53",
        "22:53"
    ],
    "saturday": [
        "20:29",
        "21:29",
        "22:37"
    ],
    "holiday": [
        "20:29",
        "21:29",
        "22:37"
    ],
    "url": "https://www.kanachu.co.jp/dia/diagram/timetable01_js/course:0000801696-43/node:00128301/kt:0/lname:/"
}
