{
    "date": "2025/01/14",
    "name": "愛川大橋",
    "position": "-",
    "system": "厚03",
    "destinations": [
        "馬場(愛甲郡愛川町)",
        "野外センター前",
        "原臼",
        "細野橋",
        "清雲寺入口"
    ],
    "weekday": [
        "20:44",
        "21:24",
        "21:54",
        "22:54"
    ],
    "saturday": [
        "20:30",
        "21:30",
        "22:38"
    ],
    "holiday": [
        "20:30",
        "21:30",
        "22:38"
    ],
    "url": "https://www.kanachu.co.jp/dia/diagram/timetable01_js/course:0000801696-44/node:00128300/kt:0/lname:/"
}
