{
    "date": "2012/09/18",
    "name": "鳥が丘第一公園",
    "position": "-",
    "system": "戸96",
    "destinations": [
        "鳥が丘中央",
        "道祖神前(横浜市戸塚区)",
        "谷矢部中央",
        "来迎寺(横浜市戸塚区)",
        "柳作東",
        "蔵坪",
        "戸塚駅"
    ],
    "weekday": [
        "17:13",
        "17:44",
        "18:12",
        "18:26",
        "18:46",
        "19:08",
        "19:42",
        "20:34",
        "21:01",
        "21:51"
    ],
    "saturday": [],
    "holiday": [],
    "url": "https://www.kanachu.co.jp/dia/diagram/timetable01_js/course:0000800092-6/node:00126860/kt:0/lname:/"
}
