{
    "date": "2024/10/01",
    "name": "下六倉",
    "position": "-",
    "system": "",
    "destinations": [
        "大塚下団地",
        "下小沢入口",
        "下小沢",
        "小沢大堀南",
        "小沢大堀北",
        "小沢坂下",
        "小沢坂上",
        "大塚(愛甲郡愛川町)",
        "春日台団地北",
        "コピオ愛川",
        "郵便局前(愛甲郡愛川町)",
        "箕輪(愛甲郡愛川町)",
        "愛川町役場",
        "愛川北部病院前",
        "愛川バスセンター"
    ],
    "weekday": [
        "10:23",
        "13:48",
        "15:53",
        "19:18"
    ],
    "saturday": [],
    "holiday": [],
    "url": "https://www.kanachu.co.jp/dia/diagram/timetable01_js/course:0000803631-17/node:00128717/kt:0/lname:/"
}
