{
    "date": "2024/10/01",
    "name": "コピオ愛川",
    "position": "-",
    "system": "",
    "destinations": [
        "郵便局前(愛甲郡愛川町)",
        "箕輪(愛甲郡愛川町)",
        "愛川町役場",
        "愛川北部病院前",
        "愛川バスセンター"
    ],
    "weekday": [
        "10:41",
        "14:06",
        "16:11",
        "19:36"
    ],
    "saturday": [],
    "holiday": [],
    "url": "https://www.kanachu.co.jp/dia/diagram/timetable01_js/course:0000803631-27/node:00130516/kt:0/lname:/"
}
