{
    "date": "2025/07/12",
    "name": "大六天(藤沢市)",
    "position": "-",
    "system": "善03",
    "destinations": [
        "卸売市場前(藤沢市)",
        "中郷(藤沢市)",
        "関東航空前",
        "石原谷",
        "茅山(藤沢市)",
        "善行二丁目",
        "善行駅"
    ],
    "weekday": [
        "6:12",
        "7:09",
        "8:09",
        "17:00",
        "18:00"
    ],
    "saturday": [
        "7:09",
        "8:09",
        "16:52",
        "17:52"
    ],
    "holiday": [
        "7:09",
        "8:09",
        "16:52",
        "17:52"
    ],
    "url": "https://www.kanachu.co.jp/dia/diagram/timetable01_js/course:0000802688-11/node:00127056/kt:0/lname:/"
}
