{
    "date": "2025/07/12",
    "name": "関東航空前",
    "position": "-",
    "system": "善03",
    "destinations": [
        "石原谷",
        "茅山(藤沢市)",
        "善行二丁目",
        "善行駅"
    ],
    "weekday": [
        "6:16",
        "7:13",
        "8:13",
        "17:04",
        "18:04"
    ],
    "saturday": [
        "7:13",
        "8:13",
        "16:56",
        "17:56"
    ],
    "holiday": [
        "7:13",
        "8:13",
        "16:56",
        "17:56"
    ],
    "url": "https://www.kanachu.co.jp/dia/diagram/timetable01_js/course:0000802688-14/node:00127066/kt:0/lname:/"
}
