{
    "date": "2025/07/27",
    "name": "豊田道",
    "position": "-",
    "system": "平47",
    "destinations": [
        "柳町(平塚市)",
        "古花水",
        "花水",
        "化粧坂",
        "長者町(中郡大磯町)",
        "山王町(中郡大磯町)",
        "図書館前(中郡大磯町)",
        "大磯駅",
        "大磯小学校前",
        "統監道",
        "白岩大門",
        "八坂神社(中郡大磯町)",
        "城山公園前(中郡大磯町)",
        "中丸(中郡大磯町)",
        "大磯プリンスホテル入口",
        "国府新宿",
        "槇の木",
        "変電所前(中郡大磯町)",
        "下町(中郡二宮町)",
        "塩海橋",
        "秦野道",
        "二宮駅南口"
    ],
    "weekday": [
        "6:28",
        "7:08",
        "7:32",
        "7:52",
        "8:16",
        "8:45",
        "9:19",
        "9:45",
        "10:15",
        "10:45",
        "11:15",
        "11:45",
        "12:17",
        "12:45",
        "13:15",
        "13:45",
        "14:17",
        "14:45",
        "15:15",
        "15:45",
        "16:17",
        "16:45",
        "17:15",
        "17:45",
        "18:15",
        "18:45",
        "19:14",
        "19:42",
        "20:13",
        "20:43",
        "21:10",
        "21:49"
    ],
    "saturday": [
        "7:15",
        "7:55",
        "8:20",
        "8:50",
        "9:23",
        "9:50",
        "10:25",
        "10:55",
        "11:25",
        "11:55",
        "12:25",
        "12:55",
        "13:25",
        "13:55",
        "14:25",
        "14:55",
        "15:25",
        "15:50",
        "16:20",
        "16:55",
        "17:20",
        "17:50",
        "18:17",
        "18:50",
        "19:20",
        "19:57",
        "20:25",
        "21:29"
    ],
    "holiday": [
        "7:15",
        "7:55",
        "8:20",
        "8:50",
        "9:23",
        "9:50",
        "10:25",
        "10:55",
        "11:25",
        "11:55",
        "12:25",
        "12:55",
        "13:25",
        "13:55",
        "14:25",
        "14:55",
        "15:25",
        "15:50",
        "16:20",
        "16:55",
        "17:20",
        "17:50",
        "18:17",
        "18:50",
        "19:20",
        "19:57",
        "20:25",
        "21:29"
    ],
    "url": "https://www.kanachu.co.jp/dia/diagram/timetable01_js/course:0000803811-5/node:00127468/kt:0/lname:/"
}
