{
    "date": "2025/07/27",
    "name": "古花水",
    "position": "-",
    "system": "平47",
    "destinations": [
        "花水",
        "化粧坂",
        "長者町(中郡大磯町)",
        "山王町(中郡大磯町)",
        "図書館前(中郡大磯町)",
        "大磯駅",
        "大磯小学校前",
        "統監道",
        "白岩大門",
        "八坂神社(中郡大磯町)",
        "城山公園前(中郡大磯町)",
        "中丸(中郡大磯町)",
        "大磯プリンスホテル入口",
        "国府新宿",
        "槇の木",
        "変電所前(中郡大磯町)",
        "下町(中郡二宮町)",
        "塩海橋",
        "秦野道",
        "二宮駅南口"
    ],
    "weekday": [
        "6:29",
        "7:09",
        "7:33",
        "7:53",
        "8:17",
        "8:46",
        "9:20",
        "9:46",
        "10:16",
        "10:46",
        "11:16",
        "11:46",
        "12:18",
        "12:46",
        "13:16",
        "13:46",
        "14:18",
        "14:46",
        "15:16",
        "15:46",
        "16:18",
        "16:46",
        "17:16",
        "17:46",
        "18:16",
        "18:46",
        "19:15",
        "19:43",
        "20:14",
        "20:44",
        "21:11",
        "21:50"
    ],
    "saturday": [
        "7:16",
        "7:56",
        "8:21",
        "8:51",
        "9:24",
        "9:51",
        "10:26",
        "10:56",
        "11:26",
        "11:56",
        "12:26",
        "12:56",
        "13:26",
        "13:56",
        "14:26",
        "14:56",
        "15:26",
        "15:51",
        "16:21",
        "16:56",
        "17:21",
        "17:51",
        "18:18",
        "18:51",
        "19:21",
        "19:58",
        "20:26",
        "21:30"
    ],
    "holiday": [
        "7:16",
        "7:56",
        "8:21",
        "8:51",
        "9:24",
        "9:51",
        "10:26",
        "10:56",
        "11:26",
        "11:56",
        "12:26",
        "12:56",
        "13:26",
        "13:56",
        "14:26",
        "14:56",
        "15:26",
        "15:51",
        "16:21",
        "16:56",
        "17:21",
        "17:51",
        "18:18",
        "18:51",
        "19:21",
        "19:58",
        "20:26",
        "21:30"
    ],
    "url": "https://www.kanachu.co.jp/dia/diagram/timetable01_js/course:0000803811-7/node:00127470/kt:0/lname:/"
}
