{
    "date": "2025/07/27",
    "name": "花水",
    "position": "-",
    "system": "平47",
    "destinations": [
        "化粧坂",
        "長者町(中郡大磯町)",
        "山王町(中郡大磯町)",
        "図書館前(中郡大磯町)",
        "大磯駅",
        "大磯小学校前",
        "統監道",
        "白岩大門",
        "八坂神社(中郡大磯町)",
        "城山公園前(中郡大磯町)",
        "中丸(中郡大磯町)",
        "大磯プリンスホテル入口",
        "国府新宿",
        "槇の木",
        "変電所前(中郡大磯町)",
        "下町(中郡二宮町)",
        "塩海橋",
        "秦野道",
        "二宮駅南口"
    ],
    "weekday": [
        "6:31",
        "7:11",
        "7:35",
        "7:55",
        "8:19",
        "8:48",
        "9:22",
        "9:48",
        "10:18",
        "10:48",
        "11:18",
        "11:48",
        "12:20",
        "12:48",
        "13:18",
        "13:48",
        "14:20",
        "14:48",
        "15:18",
        "15:48",
        "16:20",
        "16:48",
        "17:18",
        "17:48",
        "18:18",
        "18:48",
        "19:17",
        "19:45",
        "20:16",
        "20:46",
        "21:13",
        "21:52"
    ],
    "saturday": [
        "7:18",
        "7:58",
        "8:23",
        "8:53",
        "9:26",
        "9:53",
        "10:28",
        "10:58",
        "11:28",
        "11:58",
        "12:28",
        "12:58",
        "13:28",
        "13:58",
        "14:28",
        "14:58",
        "15:28",
        "15:53",
        "16:23",
        "16:58",
        "17:23",
        "17:53",
        "18:20",
        "18:53",
        "19:23",
        "20:00",
        "20:28",
        "21:32"
    ],
    "holiday": [
        "7:18",
        "7:58",
        "8:23",
        "8:53",
        "9:26",
        "9:53",
        "10:28",
        "10:58",
        "11:28",
        "11:58",
        "12:28",
        "12:58",
        "13:28",
        "13:58",
        "14:28",
        "14:58",
        "15:28",
        "15:53",
        "16:23",
        "16:58",
        "17:23",
        "17:53",
        "18:20",
        "18:53",
        "19:23",
        "20:00",
        "20:28",
        "21:32"
    ],
    "url": "https://www.kanachu.co.jp/dia/diagram/timetable01_js/course:0000803811-8/node:00127471/kt:0/lname:/"
}
