{
    "date": "2025/07/27",
    "name": "化粧坂",
    "position": "-",
    "system": "平47",
    "destinations": [
        "長者町(中郡大磯町)",
        "山王町(中郡大磯町)",
        "図書館前(中郡大磯町)",
        "大磯駅",
        "大磯小学校前",
        "統監道",
        "白岩大門",
        "八坂神社(中郡大磯町)",
        "城山公園前(中郡大磯町)",
        "中丸(中郡大磯町)",
        "大磯プリンスホテル入口",
        "国府新宿",
        "槇の木",
        "変電所前(中郡大磯町)",
        "下町(中郡二宮町)",
        "塩海橋",
        "秦野道",
        "二宮駅南口"
    ],
    "weekday": [
        "6:32",
        "7:12",
        "7:36",
        "7:56",
        "8:20",
        "8:49",
        "9:23",
        "9:49",
        "10:19",
        "10:49",
        "11:19",
        "11:49",
        "12:21",
        "12:49",
        "13:19",
        "13:49",
        "14:21",
        "14:49",
        "15:19",
        "15:49",
        "16:21",
        "16:49",
        "17:19",
        "17:49",
        "18:19",
        "18:49",
        "19:18",
        "19:46",
        "20:17",
        "20:47",
        "21:14",
        "21:53"
    ],
    "saturday": [
        "7:19",
        "7:59",
        "8:24",
        "8:54",
        "9:27",
        "9:54",
        "10:29",
        "10:59",
        "11:29",
        "11:59",
        "12:29",
        "12:59",
        "13:29",
        "13:59",
        "14:29",
        "14:59",
        "15:29",
        "15:54",
        "16:24",
        "16:59",
        "17:24",
        "17:54",
        "18:21",
        "18:54",
        "19:24",
        "20:01",
        "20:29",
        "21:33"
    ],
    "holiday": [
        "7:19",
        "7:59",
        "8:24",
        "8:54",
        "9:27",
        "9:54",
        "10:29",
        "10:59",
        "11:29",
        "11:59",
        "12:29",
        "12:59",
        "13:29",
        "13:59",
        "14:29",
        "14:59",
        "15:29",
        "15:54",
        "16:24",
        "16:59",
        "17:24",
        "17:54",
        "18:21",
        "18:54",
        "19:24",
        "20:01",
        "20:29",
        "21:33"
    ],
    "url": "https://www.kanachu.co.jp/dia/diagram/timetable01_js/course:0000803811-9/node:00127472/kt:0/lname:/"
}
