{
    "date": "2025/07/27",
    "name": "山王町(中郡大磯町)",
    "position": "-",
    "system": "平47",
    "destinations": [
        "図書館前(中郡大磯町)",
        "大磯駅",
        "大磯小学校前",
        "統監道",
        "白岩大門",
        "八坂神社(中郡大磯町)",
        "城山公園前(中郡大磯町)",
        "中丸(中郡大磯町)",
        "大磯プリンスホテル入口",
        "国府新宿",
        "槇の木",
        "変電所前(中郡大磯町)",
        "下町(中郡二宮町)",
        "塩海橋",
        "秦野道",
        "二宮駅南口"
    ],
    "weekday": [
        "6:35",
        "7:15",
        "7:39",
        "7:59",
        "8:23",
        "8:52",
        "9:26",
        "9:52",
        "10:22",
        "10:52",
        "11:22",
        "11:52",
        "12:24",
        "12:52",
        "13:22",
        "13:52",
        "14:24",
        "14:52",
        "15:22",
        "15:52",
        "16:24",
        "16:52",
        "17:22",
        "17:52",
        "18:22",
        "18:52",
        "19:21",
        "19:49",
        "20:20",
        "20:50",
        "21:17",
        "21:56"
    ],
    "saturday": [
        "7:22",
        "8:02",
        "8:27",
        "8:57",
        "9:30",
        "9:57",
        "10:32",
        "11:02",
        "11:32",
        "12:02",
        "12:32",
        "13:02",
        "13:32",
        "14:02",
        "14:32",
        "15:02",
        "15:32",
        "15:57",
        "16:27",
        "17:02",
        "17:27",
        "17:57",
        "18:24",
        "18:57",
        "19:27",
        "20:04",
        "20:32",
        "21:36"
    ],
    "holiday": [
        "7:22",
        "8:02",
        "8:27",
        "8:57",
        "9:30",
        "9:57",
        "10:32",
        "11:02",
        "11:32",
        "12:02",
        "12:32",
        "13:02",
        "13:32",
        "14:02",
        "14:32",
        "15:02",
        "15:32",
        "15:57",
        "16:27",
        "17:02",
        "17:27",
        "17:57",
        "18:24",
        "18:57",
        "19:27",
        "20:04",
        "20:32",
        "21:36"
    ],
    "url": "https://www.kanachu.co.jp/dia/diagram/timetable01_js/course:0000803811-11/node:00127474/kt:0/lname:/"
}
