{
    "date": "2025/07/27",
    "name": "大磯小学校前",
    "position": "-",
    "system": "平47",
    "destinations": [
        "統監道",
        "白岩大門",
        "八坂神社(中郡大磯町)",
        "城山公園前(中郡大磯町)",
        "中丸(中郡大磯町)",
        "大磯プリンスホテル入口",
        "国府新宿",
        "槇の木",
        "変電所前(中郡大磯町)",
        "下町(中郡二宮町)",
        "塩海橋",
        "秦野道",
        "二宮駅南口"
    ],
    "weekday": [
        "6:41",
        "7:21",
        "7:45",
        "8:05",
        "8:29",
        "8:58",
        "9:31",
        "9:57",
        "10:27",
        "10:57",
        "11:27",
        "11:57",
        "12:29",
        "12:57",
        "13:27",
        "13:57",
        "14:29",
        "14:57",
        "15:27",
        "15:57",
        "16:29",
        "16:57",
        "17:27",
        "17:57",
        "18:27",
        "18:57",
        "19:27",
        "19:55",
        "20:26",
        "20:56",
        "21:23",
        "22:02"
    ],
    "saturday": [
        "7:27",
        "8:07",
        "8:32",
        "9:02",
        "9:35",
        "10:02",
        "10:37",
        "11:07",
        "11:37",
        "12:07",
        "12:37",
        "13:07",
        "13:37",
        "14:07",
        "14:37",
        "15:07",
        "15:37",
        "16:02",
        "16:32",
        "17:07",
        "17:32",
        "18:02",
        "18:29",
        "19:02",
        "19:32",
        "20:09",
        "20:37",
        "21:41"
    ],
    "holiday": [
        "7:27",
        "8:07",
        "8:32",
        "9:02",
        "9:35",
        "10:02",
        "10:37",
        "11:07",
        "11:37",
        "12:07",
        "12:37",
        "13:07",
        "13:37",
        "14:07",
        "14:37",
        "15:07",
        "15:37",
        "16:02",
        "16:32",
        "17:07",
        "17:32",
        "18:02",
        "18:29",
        "19:02",
        "19:32",
        "20:09",
        "20:37",
        "21:41"
    ],
    "url": "https://www.kanachu.co.jp/dia/diagram/timetable01_js/course:0000803811-14/node:00127456/kt:0/lname:/"
}
