{
    "date": "2025/07/27",
    "name": "白岩大門",
    "position": "-",
    "system": "平47",
    "destinations": [
        "八坂神社(中郡大磯町)",
        "城山公園前(中郡大磯町)",
        "中丸(中郡大磯町)",
        "大磯プリンスホテル入口",
        "国府新宿",
        "槇の木",
        "変電所前(中郡大磯町)",
        "下町(中郡二宮町)",
        "塩海橋",
        "秦野道",
        "二宮駅南口"
    ],
    "weekday": [
        "6:44",
        "7:24",
        "7:48",
        "8:08",
        "8:32",
        "9:01",
        "9:34",
        "10:00",
        "10:30",
        "11:00",
        "11:30",
        "12:00",
        "12:32",
        "13:00",
        "13:30",
        "14:00",
        "14:32",
        "15:00",
        "15:30",
        "16:00",
        "16:32",
        "17:00",
        "17:30",
        "18:00",
        "18:30",
        "19:00",
        "19:30",
        "19:58",
        "20:29",
        "20:59",
        "21:26",
        "22:05"
    ],
    "saturday": [
        "7:30",
        "8:10",
        "8:35",
        "9:05",
        "9:38",
        "10:05",
        "10:40",
        "11:10",
        "11:40",
        "12:10",
        "12:40",
        "13:10",
        "13:40",
        "14:10",
        "14:40",
        "15:10",
        "15:40",
        "16:05",
        "16:35",
        "17:10",
        "17:35",
        "18:05",
        "18:32",
        "19:05",
        "19:35",
        "20:12",
        "20:40",
        "21:44"
    ],
    "holiday": [
        "7:30",
        "8:10",
        "8:35",
        "9:05",
        "9:38",
        "10:05",
        "10:40",
        "11:10",
        "11:40",
        "12:10",
        "12:40",
        "13:10",
        "13:40",
        "14:10",
        "14:40",
        "15:10",
        "15:40",
        "16:05",
        "16:35",
        "17:10",
        "17:35",
        "18:05",
        "18:32",
        "19:05",
        "19:35",
        "20:12",
        "20:40",
        "21:44"
    ],
    "url": "https://www.kanachu.co.jp/dia/diagram/timetable01_js/course:0000803811-16/node:00127479/kt:0/lname:/"
}
