{
    "date": "2025/07/27",
    "name": "八坂神社(中郡大磯町)",
    "position": "-",
    "system": "平47",
    "destinations": [
        "城山公園前(中郡大磯町)",
        "中丸(中郡大磯町)",
        "大磯プリンスホテル入口",
        "国府新宿",
        "槇の木",
        "変電所前(中郡大磯町)",
        "下町(中郡二宮町)",
        "塩海橋",
        "秦野道",
        "二宮駅南口"
    ],
    "weekday": [
        "6:45",
        "7:25",
        "7:49",
        "8:09",
        "8:33",
        "9:02",
        "9:35",
        "10:01",
        "10:31",
        "11:01",
        "11:31",
        "12:01",
        "12:33",
        "13:01",
        "13:31",
        "14:01",
        "14:33",
        "15:01",
        "15:31",
        "16:01",
        "16:33",
        "17:01",
        "17:31",
        "18:01",
        "18:31",
        "19:01",
        "19:31",
        "19:59",
        "20:30",
        "21:00",
        "21:27",
        "22:06"
    ],
    "saturday": [
        "7:31",
        "8:11",
        "8:36",
        "9:06",
        "9:39",
        "10:06",
        "10:41",
        "11:11",
        "11:41",
        "12:11",
        "12:41",
        "13:11",
        "13:41",
        "14:11",
        "14:41",
        "15:11",
        "15:41",
        "16:06",
        "16:36",
        "17:11",
        "17:36",
        "18:06",
        "18:33",
        "19:06",
        "19:36",
        "20:13",
        "20:41",
        "21:45"
    ],
    "holiday": [
        "7:31",
        "8:11",
        "8:36",
        "9:06",
        "9:39",
        "10:06",
        "10:41",
        "11:11",
        "11:41",
        "12:11",
        "12:41",
        "13:11",
        "13:41",
        "14:11",
        "14:41",
        "15:11",
        "15:41",
        "16:06",
        "16:36",
        "17:11",
        "17:36",
        "18:06",
        "18:33",
        "19:06",
        "19:36",
        "20:13",
        "20:41",
        "21:45"
    ],
    "url": "https://www.kanachu.co.jp/dia/diagram/timetable01_js/course:0000803811-17/node:00127480/kt:0/lname:/"
}
