{
    "date": "2025/07/27",
    "name": "中丸(中郡大磯町)",
    "position": "-",
    "system": "平47",
    "destinations": [
        "大磯プリンスホテル入口",
        "国府新宿",
        "槇の木",
        "変電所前(中郡大磯町)",
        "下町(中郡二宮町)",
        "塩海橋",
        "秦野道",
        "二宮駅南口"
    ],
    "weekday": [
        "6:47",
        "7:27",
        "7:51",
        "8:11",
        "8:35",
        "9:04",
        "9:37",
        "10:03",
        "10:33",
        "11:03",
        "11:33",
        "12:03",
        "12:35",
        "13:03",
        "13:33",
        "14:03",
        "14:35",
        "15:03",
        "15:33",
        "16:03",
        "16:35",
        "17:03",
        "17:33",
        "18:03",
        "18:33",
        "19:03",
        "19:33",
        "20:01",
        "20:32",
        "21:02",
        "21:29",
        "22:08"
    ],
    "saturday": [
        "7:33",
        "8:13",
        "8:38",
        "9:08",
        "9:41",
        "10:08",
        "10:43",
        "11:13",
        "11:43",
        "12:13",
        "12:43",
        "13:13",
        "13:43",
        "14:13",
        "14:43",
        "15:13",
        "15:43",
        "16:08",
        "16:38",
        "17:13",
        "17:38",
        "18:08",
        "18:35",
        "19:08",
        "19:38",
        "20:15",
        "20:43",
        "21:47"
    ],
    "holiday": [
        "7:33",
        "8:13",
        "8:38",
        "9:08",
        "9:41",
        "10:08",
        "10:43",
        "11:13",
        "11:43",
        "12:13",
        "12:43",
        "13:13",
        "13:43",
        "14:13",
        "14:43",
        "15:13",
        "15:43",
        "16:08",
        "16:38",
        "17:13",
        "17:38",
        "18:08",
        "18:35",
        "19:08",
        "19:38",
        "20:15",
        "20:43",
        "21:47"
    ],
    "url": "https://www.kanachu.co.jp/dia/diagram/timetable01_js/course:0000803811-19/node:00127481/kt:0/lname:/"
}
