{
    "date": "2025/07/27",
    "name": "大磯プリンスホテル入口",
    "position": "-",
    "system": "平47",
    "destinations": [
        "国府新宿",
        "槇の木",
        "変電所前(中郡大磯町)",
        "下町(中郡二宮町)",
        "塩海橋",
        "秦野道",
        "二宮駅南口"
    ],
    "weekday": [
        "6:49",
        "7:29",
        "7:52",
        "8:12",
        "8:36",
        "9:05",
        "9:38",
        "10:04",
        "10:34",
        "11:04",
        "11:34",
        "12:04",
        "12:36",
        "13:04",
        "13:34",
        "14:04",
        "14:36",
        "15:04",
        "15:34",
        "16:05",
        "16:37",
        "17:05",
        "17:35",
        "18:05",
        "18:35",
        "19:04",
        "19:34",
        "20:02",
        "20:33",
        "21:03",
        "21:30",
        "22:09"
    ],
    "saturday": [
        "7:34",
        "8:14",
        "8:39",
        "9:09",
        "9:42",
        "10:09",
        "10:44",
        "11:14",
        "11:44",
        "12:14",
        "12:44",
        "13:14",
        "13:44",
        "14:14",
        "14:44",
        "15:14",
        "15:44",
        "16:09",
        "16:39",
        "17:14",
        "17:39",
        "18:09",
        "18:36",
        "19:09",
        "19:39",
        "20:16",
        "20:44",
        "21:48"
    ],
    "holiday": [
        "7:34",
        "8:14",
        "8:39",
        "9:09",
        "9:42",
        "10:09",
        "10:44",
        "11:14",
        "11:44",
        "12:14",
        "12:44",
        "13:14",
        "13:44",
        "14:14",
        "14:44",
        "15:14",
        "15:44",
        "16:09",
        "16:39",
        "17:14",
        "17:39",
        "18:09",
        "18:36",
        "19:09",
        "19:39",
        "20:16",
        "20:44",
        "21:48"
    ],
    "url": "https://www.kanachu.co.jp/dia/diagram/timetable01_js/course:0000803811-20/node:00127482/kt:0/lname:/"
}
