{
    "date": "2025/07/27",
    "name": "変電所前(中郡大磯町)",
    "position": "-",
    "system": "平47",
    "destinations": [
        "下町(中郡二宮町)",
        "塩海橋",
        "秦野道",
        "二宮駅南口"
    ],
    "weekday": [
        "6:52",
        "7:32",
        "7:55",
        "8:15",
        "8:39",
        "9:08",
        "9:41",
        "10:07",
        "10:37",
        "11:07",
        "11:37",
        "12:07",
        "12:39",
        "13:07",
        "13:37",
        "14:07",
        "14:39",
        "15:07",
        "15:37",
        "16:08",
        "16:40",
        "17:08",
        "17:38",
        "18:08",
        "18:38",
        "19:07",
        "19:37",
        "20:05",
        "20:36",
        "21:06",
        "21:33",
        "22:12"
    ],
    "saturday": [
        "7:37",
        "8:17",
        "8:42",
        "9:12",
        "9:45",
        "10:12",
        "10:47",
        "11:17",
        "11:47",
        "12:17",
        "12:47",
        "13:17",
        "13:47",
        "14:17",
        "14:47",
        "15:17",
        "15:47",
        "16:12",
        "16:42",
        "17:17",
        "17:42",
        "18:12",
        "18:39",
        "19:12",
        "19:42",
        "20:19",
        "20:47",
        "21:51"
    ],
    "holiday": [
        "7:37",
        "8:17",
        "8:42",
        "9:12",
        "9:45",
        "10:12",
        "10:47",
        "11:17",
        "11:47",
        "12:17",
        "12:47",
        "13:17",
        "13:47",
        "14:17",
        "14:47",
        "15:17",
        "15:47",
        "16:12",
        "16:42",
        "17:17",
        "17:42",
        "18:12",
        "18:39",
        "19:12",
        "19:42",
        "20:19",
        "20:47",
        "21:51"
    ],
    "url": "https://www.kanachu.co.jp/dia/diagram/timetable01_js/course:0000803811-23/node:00127485/kt:0/lname:/"
}
