{
    "date": "2025/07/27",
    "name": "塩海橋",
    "position": "-",
    "system": "平47",
    "destinations": [
        "秦野道",
        "二宮駅南口"
    ],
    "weekday": [
        "6:54",
        "7:34",
        "7:57",
        "8:17",
        "8:41",
        "9:10",
        "9:43",
        "10:09",
        "10:39",
        "11:09",
        "11:39",
        "12:09",
        "12:41",
        "13:09",
        "13:39",
        "14:09",
        "14:41",
        "15:09",
        "15:39",
        "16:10",
        "16:42",
        "17:10",
        "17:40",
        "18:10",
        "18:40",
        "19:09",
        "19:39",
        "20:07",
        "20:38",
        "21:08",
        "21:35",
        "22:14"
    ],
    "saturday": [
        "7:39",
        "8:19",
        "8:44",
        "9:14",
        "9:47",
        "10:14",
        "10:49",
        "11:19",
        "11:49",
        "12:19",
        "12:49",
        "13:19",
        "13:49",
        "14:19",
        "14:49",
        "15:19",
        "15:49",
        "16:14",
        "16:44",
        "17:19",
        "17:44",
        "18:14",
        "18:41",
        "19:14",
        "19:44",
        "20:21",
        "20:49",
        "21:53"
    ],
    "holiday": [
        "7:39",
        "8:19",
        "8:44",
        "9:14",
        "9:47",
        "10:14",
        "10:49",
        "11:19",
        "11:49",
        "12:19",
        "12:49",
        "13:19",
        "13:49",
        "14:19",
        "14:49",
        "15:19",
        "15:49",
        "16:14",
        "16:44",
        "17:19",
        "17:44",
        "18:14",
        "18:41",
        "19:14",
        "19:44",
        "20:21",
        "20:49",
        "21:53"
    ],
    "url": "https://www.kanachu.co.jp/dia/diagram/timetable01_js/course:0000803811-25/node:00127487/kt:0/lname:/"
}
