{
    "system": "平47",
    "busstops": [
        {
            "index": "1",
            "id": "00127464",
            "name": "平塚駅北口",
            "lat": "35.329255",
            "lng": "139.350287"
        },
        {
            "index": "2",
            "id": "00127465",
            "name": "銀座通り(平塚市)",
            "lat": "35.329601",
            "lng": "139.348024"
        },
        {
            "index": "3",
            "id": "00127466",
            "name": "平塚文化芸術ホール前",
            "lat": "35.328853",
            "lng": "139.344531"
        },
        {
            "index": "4",
            "id": "00127467",
            "name": "八間通り",
            "lat": "35.327918",
            "lng": "139.340189"
        },
        {
            "index": "5",
            "id": "00127468",
            "name": "豊田道",
            "lat": "35.327492",
            "lng": "139.338433"
        },
        {
            "index": "6",
            "id": "00127469",
            "name": "柳町(平塚市)",
            "lat": "35.326218",
            "lng": "139.334583"
        },
        {
            "index": "7",
            "id": "00127470",
            "name": "古花水",
            "lat": "35.325518",
            "lng": "139.332584"
        },
        {
            "index": "8",
            "id": "00127471",
            "name": "花水",
            "lat": "35.321551",
            "lng": "139.326851"
        },
        {
            "index": "9",
            "id": "00127472",
            "name": "化粧坂",
            "lat": "35.319748",
            "lng": "139.324177"
        },
        {
            "index": "10",
            "id": "00127473",
            "name": "長者町(中郡大磯町)",
            "lat": "35.314575",
            "lng": "139.321223"
        },
        {
            "index": "11",
            "id": "00127474",
            "name": "山王町(中郡大磯町)",
            "lat": "35.313194",
            "lng": "139.319319"
        },
        {
            "index": "12",
            "id": "00127454",
            "name": "図書館前(中郡大磯町)",
            "lat": "35.311177",
            "lng": "139.315555"
        },
        {
            "index": "13",
            "id": "00127455",
            "name": "大磯駅",
            "lat": "35.310879",
            "lng": "139.313479"
        },
        {
            "index": "14",
            "id": "00127456",
            "name": "大磯小学校前",
            "lat": "35.308319",
            "lng": "139.312302"
        },
        {
            "index": "15",
            "id": "00127478",
            "name": "統監道",
            "lat": "35.307851",
            "lng": "139.309179"
        },
        {
            "index": "16",
            "id": "00127479",
            "name": "白岩大門",
            "lat": "35.306636",
            "lng": "139.30177"
        },
        {
            "index": "17",
            "id": "00127480",
            "name": "八坂神社(中郡大磯町)",
            "lat": "35.305564",
            "lng": "139.297263"
        },
        {
            "index": "18",
            "id": "00127687",
            "name": "城山公園前(中郡大磯町)",
            "lat": "35.303783",
            "lng": "139.291389"
        },
        {
            "index": "19",
            "id": "00127481",
            "name": "中丸(中郡大磯町)",
            "lat": "35.304177",
            "lng": "139.284892"
        },
        {
            "index": "20",
            "id": "00127482",
            "name": "大磯プリンスホテル入口",
            "lat": "35.304352",
            "lng": "139.279163"
        },
        {
            "index": "21",
            "id": "00127483",
            "name": "国府新宿",
            "lat": "35.304058",
            "lng": "139.275328"
        },
        {
            "index": "22",
            "id": "00127484",
            "name": "槇の木",
            "lat": "35.303176",
            "lng": "139.271424"
        },
        {
            "index": "23",
            "id": "00127485",
            "name": "変電所前(中郡大磯町)",
            "lat": "35.301769",
            "lng": "139.268273"
        },
        {
            "index": "24",
            "id": "00127486",
            "name": "下町(中郡二宮町)",
            "lat": "35.300702",
            "lng": "139.266057"
        },
        {
            "index": "25",
            "id": "00127487",
            "name": "塩海橋",
            "lat": "35.299777",
            "lng": "139.263472"
        },
        {
            "index": "26",
            "id": "00127488",
            "name": "秦野道",
            "lat": "35.298498",
            "lng": "139.260618"
        },
        {
            "index": "27",
            "id": "00127489",
            "name": "二宮駅南口",
            "lat": "35.298469",
            "lng": "139.258191"
        }
    ],
    "route_url": "https://www.kanachu.co.jp/dia/route/index/cid:0000803811/"
}
