{
    "date": "2025/11/16",
    "name": "田村車庫",
    "position": "-",
    "system": "平60",
    "destinations": [
        "駒返橋入口",
        "田村団地入口",
        "鹿見堂",
        "ふじみ園前",
        "四ノ宮西町",
        "東真土",
        "稲荷前(平塚市)",
        "古河電工入口",
        "八幡公民館入口",
        "八幡(平塚市)",
        "八幡入口",
        "コンフォール平塚前",
        "市役所前(平塚市)",
        "四ツ角(平塚市)",
        "平塚駅北口"
    ],
    "weekday": [
        "5:32",
        "5:52",
        "6:16",
        "6:40",
        "6:52",
        "7:16",
        "7:40",
        "7:53",
        "8:23",
        "9:00",
        "9:40",
        "10:23",
        "10:47",
        "10:53",
        "11:23",
        "11:53",
        "12:23",
        "12:53",
        "13:23",
        "13:53",
        "14:08",
        "14:32",
        "14:56",
        "15:08",
        "15:32",
        "15:56",
        "16:08",
        "16:32",
        "16:56",
        "17:08",
        "17:38",
        "18:10",
        "18:40",
        "19:00",
        "19:35",
        "20:05"
    ],
    "saturday": [
        "6:00",
        "6:50",
        "7:10",
        "7:50",
        "8:10",
        "8:50",
        "9:10",
        "9:50",
        "10:10",
        "10:50",
        "11:10",
        "11:50",
        "12:10",
        "12:50",
        "13:10",
        "13:50",
        "14:10",
        "14:41",
        "14:50",
        "15:10",
        "15:50",
        "16:10",
        "16:50",
        "17:10",
        "17:21",
        "17:41",
        "17:50",
        "18:10",
        "18:50",
        "19:10",
        "19:50",
        "20:05"
    ],
    "holiday": [
        "6:00",
        "6:50",
        "7:10",
        "7:50",
        "8:10",
        "8:50",
        "9:10",
        "9:50",
        "10:10",
        "10:50",
        "11:10",
        "11:50",
        "12:10",
        "12:50",
        "13:10",
        "13:50",
        "14:10",
        "14:41",
        "14:50",
        "15:10",
        "15:50",
        "16:10",
        "16:50",
        "17:10",
        "17:21",
        "17:41",
        "17:50",
        "18:10",
        "18:50",
        "19:10",
        "19:50",
        "20:05"
    ],
    "url": "https://www.kanachu.co.jp/dia/diagram/timetable01_js/course:0000801545-1/node:00114295/kt:0/lname:/"
}
