{
    "date": "2025/11/16",
    "name": "田村団地入口",
    "position": "-",
    "system": "平60",
    "destinations": [
        "鹿見堂",
        "ふじみ園前",
        "四ノ宮西町",
        "東真土",
        "稲荷前(平塚市)",
        "古河電工入口",
        "八幡公民館入口",
        "八幡(平塚市)",
        "八幡入口",
        "コンフォール平塚前",
        "市役所前(平塚市)",
        "四ツ角(平塚市)",
        "平塚駅北口"
    ],
    "weekday": [
        "5:35",
        "5:55",
        "6:19",
        "6:43",
        "6:55",
        "7:19",
        "7:43",
        "7:56",
        "8:26",
        "9:03",
        "9:43",
        "10:26",
        "10:50",
        "10:56",
        "11:26",
        "11:56",
        "12:26",
        "12:56",
        "13:26",
        "13:56",
        "14:11",
        "14:35",
        "14:59",
        "15:11",
        "15:35",
        "15:59",
        "16:11",
        "16:35",
        "16:59",
        "17:11",
        "17:41",
        "18:13",
        "18:43",
        "19:03",
        "19:38",
        "20:08"
    ],
    "saturday": [
        "6:03",
        "6:53",
        "7:13",
        "7:53",
        "8:13",
        "8:53",
        "9:13",
        "9:53",
        "10:13",
        "10:53",
        "11:13",
        "11:53",
        "12:13",
        "12:53",
        "13:13",
        "13:53",
        "14:13",
        "14:44",
        "14:53",
        "15:13",
        "15:53",
        "16:13",
        "16:53",
        "17:13",
        "17:24",
        "17:44",
        "17:53",
        "18:13",
        "18:53",
        "19:13",
        "19:53",
        "20:08"
    ],
    "holiday": [
        "6:03",
        "6:53",
        "7:13",
        "7:53",
        "8:13",
        "8:53",
        "9:13",
        "9:53",
        "10:13",
        "10:53",
        "11:13",
        "11:53",
        "12:13",
        "12:53",
        "13:13",
        "13:53",
        "14:13",
        "14:44",
        "14:53",
        "15:13",
        "15:53",
        "16:13",
        "16:53",
        "17:13",
        "17:24",
        "17:44",
        "17:53",
        "18:13",
        "18:53",
        "19:13",
        "19:53",
        "20:08"
    ],
    "url": "https://www.kanachu.co.jp/dia/diagram/timetable01_js/course:0000801545-3/node:00127652/kt:0/lname:/"
}
