{
    "date": "2025/11/16",
    "name": "鹿見堂",
    "position": "-",
    "system": "平60",
    "destinations": [
        "ふじみ園前",
        "四ノ宮西町",
        "東真土",
        "稲荷前(平塚市)",
        "古河電工入口",
        "八幡公民館入口",
        "八幡(平塚市)",
        "八幡入口",
        "コンフォール平塚前",
        "市役所前(平塚市)",
        "四ツ角(平塚市)",
        "平塚駅北口"
    ],
    "weekday": [
        "5:36",
        "5:56",
        "6:20",
        "6:44",
        "6:56",
        "7:20",
        "7:44",
        "7:57",
        "8:27",
        "9:04",
        "9:44",
        "10:27",
        "10:51",
        "10:57",
        "11:27",
        "11:57",
        "12:27",
        "12:57",
        "13:27",
        "13:57",
        "14:12",
        "14:36",
        "15:00",
        "15:12",
        "15:36",
        "16:00",
        "16:12",
        "16:36",
        "17:00",
        "17:12",
        "17:42",
        "18:14",
        "18:44",
        "19:04",
        "19:39",
        "20:09"
    ],
    "saturday": [
        "6:04",
        "6:54",
        "7:14",
        "7:54",
        "8:14",
        "8:54",
        "9:14",
        "9:54",
        "10:14",
        "10:54",
        "11:14",
        "11:54",
        "12:14",
        "12:54",
        "13:14",
        "13:54",
        "14:14",
        "14:45",
        "14:54",
        "15:14",
        "15:54",
        "16:14",
        "16:54",
        "17:14",
        "17:25",
        "17:45",
        "17:54",
        "18:14",
        "18:54",
        "19:14",
        "19:54",
        "20:09"
    ],
    "holiday": [
        "6:04",
        "6:54",
        "7:14",
        "7:54",
        "8:14",
        "8:54",
        "9:14",
        "9:54",
        "10:14",
        "10:54",
        "11:14",
        "11:54",
        "12:14",
        "12:54",
        "13:14",
        "13:54",
        "14:14",
        "14:45",
        "14:54",
        "15:14",
        "15:54",
        "16:14",
        "16:54",
        "17:14",
        "17:25",
        "17:45",
        "17:54",
        "18:14",
        "18:54",
        "19:14",
        "19:54",
        "20:09"
    ],
    "url": "https://www.kanachu.co.jp/dia/diagram/timetable01_js/course:0000801545-4/node:00127651/kt:0/lname:/"
}
