{
    "date": "2025/11/16",
    "name": "四ノ宮西町",
    "position": "-",
    "system": "平60",
    "destinations": [
        "東真土",
        "稲荷前(平塚市)",
        "古河電工入口",
        "八幡公民館入口",
        "八幡(平塚市)",
        "八幡入口",
        "コンフォール平塚前",
        "市役所前(平塚市)",
        "四ツ角(平塚市)",
        "平塚駅北口"
    ],
    "weekday": [
        "5:39",
        "5:59",
        "6:23",
        "6:47",
        "6:59",
        "7:23",
        "7:47",
        "8:00",
        "8:30",
        "9:07",
        "9:47",
        "10:30",
        "10:54",
        "11:00",
        "11:30",
        "12:00",
        "12:30",
        "13:00",
        "13:30",
        "14:00",
        "14:15",
        "14:39",
        "15:03",
        "15:15",
        "15:39",
        "16:03",
        "16:15",
        "16:39",
        "17:03",
        "17:15",
        "17:45",
        "18:17",
        "18:47",
        "19:07",
        "19:42",
        "20:12"
    ],
    "saturday": [
        "6:07",
        "6:57",
        "7:17",
        "7:57",
        "8:17",
        "8:57",
        "9:17",
        "9:57",
        "10:17",
        "10:57",
        "11:17",
        "11:57",
        "12:17",
        "12:57",
        "13:17",
        "13:57",
        "14:17",
        "14:48",
        "14:57",
        "15:17",
        "15:57",
        "16:17",
        "16:57",
        "17:17",
        "17:28",
        "17:48",
        "17:57",
        "18:17",
        "18:57",
        "19:17",
        "19:57",
        "20:12"
    ],
    "holiday": [
        "6:07",
        "6:57",
        "7:17",
        "7:57",
        "8:17",
        "8:57",
        "9:17",
        "9:57",
        "10:17",
        "10:57",
        "11:17",
        "11:57",
        "12:17",
        "12:57",
        "13:17",
        "13:57",
        "14:17",
        "14:48",
        "14:57",
        "15:17",
        "15:57",
        "16:17",
        "16:57",
        "17:17",
        "17:28",
        "17:48",
        "17:57",
        "18:17",
        "18:57",
        "19:17",
        "19:57",
        "20:12"
    ],
    "url": "https://www.kanachu.co.jp/dia/diagram/timetable01_js/course:0000801545-6/node:00127649/kt:0/lname:/"
}
