{
    "date": "2025/11/16",
    "name": "八幡公民館入口",
    "position": "-",
    "system": "平60",
    "destinations": [
        "八幡(平塚市)",
        "八幡入口",
        "コンフォール平塚前",
        "市役所前(平塚市)",
        "四ツ角(平塚市)",
        "平塚駅北口"
    ],
    "weekday": [
        "5:43",
        "6:03",
        "6:27",
        "6:51",
        "7:04",
        "7:28",
        "7:52",
        "8:05",
        "8:35",
        "9:11",
        "9:51",
        "10:34",
        "10:58",
        "11:04",
        "11:34",
        "12:04",
        "12:34",
        "13:04",
        "13:34",
        "14:04",
        "14:19",
        "14:43",
        "15:07",
        "15:19",
        "15:43",
        "16:07",
        "16:19",
        "16:44",
        "17:08",
        "17:20",
        "17:50",
        "18:22",
        "18:52",
        "19:12",
        "19:46",
        "20:16"
    ],
    "saturday": [
        "6:11",
        "7:01",
        "7:21",
        "8:01",
        "8:21",
        "9:01",
        "9:21",
        "10:01",
        "10:21",
        "11:01",
        "11:21",
        "12:01",
        "12:21",
        "13:01",
        "13:21",
        "14:01",
        "14:21",
        "14:52",
        "15:01",
        "15:21",
        "16:01",
        "16:21",
        "17:01",
        "17:21",
        "17:32",
        "17:52",
        "18:01",
        "18:21",
        "19:01",
        "19:21",
        "20:01",
        "20:16"
    ],
    "holiday": [
        "6:11",
        "7:01",
        "7:21",
        "8:01",
        "8:21",
        "9:01",
        "9:21",
        "10:01",
        "10:21",
        "11:01",
        "11:21",
        "12:01",
        "12:21",
        "13:01",
        "13:21",
        "14:01",
        "14:21",
        "14:52",
        "15:01",
        "15:21",
        "16:01",
        "16:21",
        "17:01",
        "17:21",
        "17:32",
        "17:52",
        "18:01",
        "18:21",
        "19:01",
        "19:21",
        "20:01",
        "20:16"
    ],
    "url": "https://www.kanachu.co.jp/dia/diagram/timetable01_js/course:0000801545-10/node:00127647/kt:0/lname:/"
}
