{
    "date": "2025/11/16",
    "name": "八幡入口",
    "position": "-",
    "system": "平60",
    "destinations": [
        "コンフォール平塚前",
        "市役所前(平塚市)",
        "四ツ角(平塚市)",
        "平塚駅北口"
    ],
    "weekday": [
        "5:45",
        "6:05",
        "6:29",
        "6:53",
        "7:06",
        "7:30",
        "7:54",
        "8:07",
        "8:37",
        "9:13",
        "9:53",
        "10:36",
        "11:00",
        "11:06",
        "11:36",
        "12:06",
        "12:36",
        "13:06",
        "13:36",
        "14:06",
        "14:21",
        "14:45",
        "15:09",
        "15:21",
        "15:45",
        "16:09",
        "16:21",
        "16:46",
        "17:10",
        "17:22",
        "17:52",
        "18:24",
        "18:54",
        "19:14",
        "19:48",
        "20:18"
    ],
    "saturday": [
        "6:13",
        "7:03",
        "7:23",
        "8:03",
        "8:23",
        "9:03",
        "9:23",
        "10:03",
        "10:23",
        "11:03",
        "11:23",
        "12:03",
        "12:23",
        "13:03",
        "13:23",
        "14:03",
        "14:23",
        "14:54",
        "15:03",
        "15:23",
        "16:03",
        "16:23",
        "17:03",
        "17:23",
        "17:34",
        "17:54",
        "18:03",
        "18:23",
        "19:03",
        "19:23",
        "20:03",
        "20:18"
    ],
    "holiday": [
        "6:13",
        "7:03",
        "7:23",
        "8:03",
        "8:23",
        "9:03",
        "9:23",
        "10:03",
        "10:23",
        "11:03",
        "11:23",
        "12:03",
        "12:23",
        "13:03",
        "13:23",
        "14:03",
        "14:23",
        "14:54",
        "15:03",
        "15:23",
        "16:03",
        "16:23",
        "17:03",
        "17:23",
        "17:34",
        "17:54",
        "18:03",
        "18:23",
        "19:03",
        "19:23",
        "20:03",
        "20:18"
    ],
    "url": "https://www.kanachu.co.jp/dia/diagram/timetable01_js/course:0000801545-12/node:00127645/kt:0/lname:/"
}
