{
    "system": "平60",
    "busstops": [
        {
            "index": "1",
            "id": "00114295",
            "name": "田村車庫",
            "lat": "35.376016",
            "lng": "139.358556"
        },
        {
            "index": "2",
            "id": "00127653",
            "name": "駒返橋入口",
            "lat": "35.373975",
            "lng": "139.361825"
        },
        {
            "index": "3",
            "id": "00127652",
            "name": "田村団地入口",
            "lat": "35.370728",
            "lng": "139.361746"
        },
        {
            "index": "4",
            "id": "00127651",
            "name": "鹿見堂",
            "lat": "35.367984",
            "lng": "139.3617"
        },
        {
            "index": "5",
            "id": "00127650",
            "name": "ふじみ園前",
            "lat": "35.361295",
            "lng": "139.36008"
        },
        {
            "index": "6",
            "id": "00127649",
            "name": "四ノ宮西町",
            "lat": "35.357157",
            "lng": "139.35799"
        },
        {
            "index": "7",
            "id": "00127628",
            "name": "東真土",
            "lat": "35.354501",
            "lng": "139.357"
        },
        {
            "index": "8",
            "id": "00127629",
            "name": "稲荷前(平塚市)",
            "lat": "35.351646",
            "lng": "139.35594"
        },
        {
            "index": "9",
            "id": "00127648",
            "name": "古河電工入口",
            "lat": "35.344855",
            "lng": "139.353574"
        },
        {
            "index": "10",
            "id": "00127647",
            "name": "八幡公民館入口",
            "lat": "35.343539",
            "lng": "139.353161"
        },
        {
            "index": "11",
            "id": "00127646",
            "name": "八幡(平塚市)",
            "lat": "35.342172",
            "lng": "139.35273"
        },
        {
            "index": "12",
            "id": "00127645",
            "name": "八幡入口",
            "lat": "35.339658",
            "lng": "139.351808"
        },
        {
            "index": "13",
            "id": "00127644",
            "name": "コンフォール平塚前",
            "lat": "35.336743",
            "lng": "139.351033"
        },
        {
            "index": "14",
            "id": "00127684",
            "name": "市役所前(平塚市)",
            "lat": "35.334349",
            "lng": "139.350392"
        },
        {
            "index": "15",
            "id": "00127190",
            "name": "四ツ角(平塚市)",
            "lat": "35.330399",
            "lng": "139.350432"
        },
        {
            "index": "16",
            "id": "00127464",
            "name": "平塚駅北口",
            "lat": "35.329356",
            "lng": "139.350577"
        }
    ],
    "route_url": "https://www.kanachu.co.jp/dia/route/index/cid:0000801545/"
}
