{
    "date": "2025/07/03",
    "name": "三富士町",
    "position": "-",
    "system": "藤07",
    "destinations": [
        "相生町(藤沢市)",
        "南仲通り",
        "南仲通り二丁目",
        "本町小学校前(藤沢市)",
        "白旗交差点",
        "台町(藤沢市)",
        "湘南高校前",
        "一中入口(藤沢市)",
        "引地橋",
        "メルシャン前",
        "羽鳥(藤沢市)",
        "辻堂入口",
        "四ツ谷(藤沢市)",
        "二ツ谷",
        "東小和田",
        "小和田(茅ケ崎市)",
        "西小和田",
        "菱沼",
        "松林中学校前",
        "茅ヶ崎高校前",
        "本村(茅ケ崎市)",
        "茅ヶ崎駅"
    ],
    "weekday": [
        "6:24",
        "6:47",
        "7:15",
        "7:55",
        "14:59",
        "16:51",
        "19:06",
        "20:46",
        "21:48",
        "22:27"
    ],
    "saturday": [
        "6:26",
        "7:51",
        "8:43",
        "11:16",
        "13:16",
        "15:16",
        "17:16",
        "19:16",
        "20:55",
        "21:57"
    ],
    "holiday": [
        "6:26",
        "7:51",
        "8:43",
        "11:16",
        "13:16",
        "15:16",
        "17:16",
        "19:16",
        "20:55",
        "21:57"
    ],
    "url": "https://www.kanachu.co.jp/dia/diagram/timetable01_js/course:0000800310-2/node:00126971/kt:0/lname:/"
}
