{
    "date": "2025/07/03",
    "name": "南仲通り",
    "position": "-",
    "system": "藤07",
    "destinations": [
        "南仲通り二丁目",
        "本町小学校前(藤沢市)",
        "白旗交差点",
        "台町(藤沢市)",
        "湘南高校前",
        "一中入口(藤沢市)",
        "引地橋",
        "メルシャン前",
        "羽鳥(藤沢市)",
        "辻堂入口",
        "四ツ谷(藤沢市)",
        "二ツ谷",
        "東小和田",
        "小和田(茅ケ崎市)",
        "西小和田",
        "菱沼",
        "松林中学校前",
        "茅ヶ崎高校前",
        "本村(茅ケ崎市)",
        "茅ヶ崎駅"
    ],
    "weekday": [
        "6:26",
        "6:49",
        "7:17",
        "7:57",
        "15:01",
        "16:53",
        "19:08",
        "20:48",
        "21:50",
        "22:29"
    ],
    "saturday": [
        "6:28",
        "7:53",
        "8:45",
        "11:18",
        "13:18",
        "15:18",
        "17:18",
        "19:18",
        "20:57",
        "21:59"
    ],
    "holiday": [
        "6:28",
        "7:53",
        "8:45",
        "11:18",
        "13:18",
        "15:18",
        "17:18",
        "19:18",
        "20:57",
        "21:59"
    ],
    "url": "https://www.kanachu.co.jp/dia/diagram/timetable01_js/course:0000800310-4/node:00126973/kt:0/lname:/"
}
