{
    "date": "2025/07/03",
    "name": "本町小学校前(藤沢市)",
    "position": "-",
    "system": "藤07",
    "destinations": [
        "白旗交差点",
        "台町(藤沢市)",
        "湘南高校前",
        "一中入口(藤沢市)",
        "引地橋",
        "メルシャン前",
        "羽鳥(藤沢市)",
        "辻堂入口",
        "四ツ谷(藤沢市)",
        "二ツ谷",
        "東小和田",
        "小和田(茅ケ崎市)",
        "西小和田",
        "菱沼",
        "松林中学校前",
        "茅ヶ崎高校前",
        "本村(茅ケ崎市)",
        "茅ヶ崎駅"
    ],
    "weekday": [
        "6:28",
        "6:51",
        "7:19",
        "7:59",
        "15:03",
        "16:55",
        "19:10",
        "20:50",
        "21:52",
        "22:31"
    ],
    "saturday": [
        "6:30",
        "7:55",
        "8:47",
        "11:20",
        "13:20",
        "15:20",
        "17:20",
        "19:20",
        "20:59",
        "22:01"
    ],
    "holiday": [
        "6:30",
        "7:55",
        "8:47",
        "11:20",
        "13:20",
        "15:20",
        "17:20",
        "19:20",
        "20:59",
        "22:01"
    ],
    "url": "https://www.kanachu.co.jp/dia/diagram/timetable01_js/course:0000800310-6/node:00127109/kt:0/lname:/"
}
