{
    "date": "2025/07/03",
    "name": "白旗交差点",
    "position": "-",
    "system": "藤07",
    "destinations": [
        "台町(藤沢市)",
        "湘南高校前",
        "一中入口(藤沢市)",
        "引地橋",
        "メルシャン前",
        "羽鳥(藤沢市)",
        "辻堂入口",
        "四ツ谷(藤沢市)",
        "二ツ谷",
        "東小和田",
        "小和田(茅ケ崎市)",
        "西小和田",
        "菱沼",
        "松林中学校前",
        "茅ヶ崎高校前",
        "本村(茅ケ崎市)",
        "茅ヶ崎駅"
    ],
    "weekday": [
        "6:29",
        "6:52",
        "7:20",
        "8:00",
        "15:04",
        "16:56",
        "19:11",
        "20:51",
        "21:53",
        "22:32"
    ],
    "saturday": [
        "6:31",
        "7:56",
        "8:48",
        "11:21",
        "13:21",
        "15:21",
        "17:21",
        "19:21",
        "21:00",
        "22:02"
    ],
    "holiday": [
        "6:31",
        "7:56",
        "8:48",
        "11:21",
        "13:21",
        "15:21",
        "17:21",
        "19:21",
        "21:00",
        "22:02"
    ],
    "url": "https://www.kanachu.co.jp/dia/diagram/timetable01_js/course:0000800310-7/node:00127012/kt:0/lname:/"
}
