{
    "date": "2025/07/03",
    "name": "台町(藤沢市)",
    "position": "-",
    "system": "藤07",
    "destinations": [
        "湘南高校前",
        "一中入口(藤沢市)",
        "引地橋",
        "メルシャン前",
        "羽鳥(藤沢市)",
        "辻堂入口",
        "四ツ谷(藤沢市)",
        "二ツ谷",
        "東小和田",
        "小和田(茅ケ崎市)",
        "西小和田",
        "菱沼",
        "松林中学校前",
        "茅ヶ崎高校前",
        "本村(茅ケ崎市)",
        "茅ヶ崎駅"
    ],
    "weekday": [
        "6:30",
        "6:53",
        "7:22",
        "8:02",
        "15:06",
        "16:59",
        "19:13",
        "20:52",
        "21:54",
        "22:33"
    ],
    "saturday": [
        "6:32",
        "7:57",
        "8:49",
        "11:23",
        "13:23",
        "15:24",
        "17:24",
        "19:23",
        "21:01",
        "22:03"
    ],
    "holiday": [
        "6:32",
        "7:57",
        "8:49",
        "11:23",
        "13:23",
        "15:24",
        "17:24",
        "19:23",
        "21:01",
        "22:03"
    ],
    "url": "https://www.kanachu.co.jp/dia/diagram/timetable01_js/course:0000800310-8/node:00127049/kt:0/lname:/"
}
