{
    "date": "2025/07/03",
    "name": "羽鳥(藤沢市)",
    "position": "-",
    "system": "藤07",
    "destinations": [
        "辻堂入口",
        "四ツ谷(藤沢市)",
        "二ツ谷",
        "東小和田",
        "小和田(茅ケ崎市)",
        "西小和田",
        "菱沼",
        "松林中学校前",
        "茅ヶ崎高校前",
        "本村(茅ケ崎市)",
        "茅ヶ崎駅"
    ],
    "weekday": [
        "6:35",
        "6:58",
        "7:28",
        "8:08",
        "15:12",
        "17:05",
        "19:19",
        "20:57",
        "21:59",
        "22:38"
    ],
    "saturday": [
        "6:37",
        "8:02",
        "8:55",
        "11:29",
        "13:29",
        "15:30",
        "17:30",
        "19:29",
        "21:06",
        "22:08"
    ],
    "holiday": [
        "6:37",
        "8:02",
        "8:55",
        "11:29",
        "13:29",
        "15:30",
        "17:30",
        "19:29",
        "21:06",
        "22:08"
    ],
    "url": "https://www.kanachu.co.jp/dia/diagram/timetable01_js/course:0000800310-13/node:00127054/kt:0/lname:/"
}
