{
    "date": "2025/07/03",
    "name": "辻堂入口",
    "position": "-",
    "system": "藤07",
    "destinations": [
        "四ツ谷(藤沢市)",
        "二ツ谷",
        "東小和田",
        "小和田(茅ケ崎市)",
        "西小和田",
        "菱沼",
        "松林中学校前",
        "茅ヶ崎高校前",
        "本村(茅ケ崎市)",
        "茅ヶ崎駅"
    ],
    "weekday": [
        "6:36",
        "6:59",
        "7:29",
        "8:09",
        "15:13",
        "17:07",
        "19:20",
        "20:58",
        "22:00",
        "22:39"
    ],
    "saturday": [
        "6:38",
        "8:03",
        "8:56",
        "11:30",
        "13:30",
        "15:32",
        "17:32",
        "19:30",
        "21:07",
        "22:09"
    ],
    "holiday": [
        "6:38",
        "8:03",
        "8:56",
        "11:30",
        "13:30",
        "15:32",
        "17:32",
        "19:30",
        "21:07",
        "22:09"
    ],
    "url": "https://www.kanachu.co.jp/dia/diagram/timetable01_js/course:0000800310-14/node:00127097/kt:0/lname:/"
}
