{
    "date": "2025/07/03",
    "name": "四ツ谷(藤沢市)",
    "position": "-",
    "system": "藤07",
    "destinations": [
        "二ツ谷",
        "東小和田",
        "小和田(茅ケ崎市)",
        "西小和田",
        "菱沼",
        "松林中学校前",
        "茅ヶ崎高校前",
        "本村(茅ケ崎市)",
        "茅ヶ崎駅"
    ],
    "weekday": [
        "6:37",
        "7:00",
        "7:30",
        "8:10",
        "15:14",
        "17:08",
        "19:21",
        "20:59",
        "22:01",
        "22:40"
    ],
    "saturday": [
        "6:39",
        "8:04",
        "8:57",
        "11:31",
        "13:31",
        "15:33",
        "17:33",
        "19:31",
        "21:08",
        "22:10"
    ],
    "holiday": [
        "6:39",
        "8:04",
        "8:57",
        "11:31",
        "13:31",
        "15:33",
        "17:33",
        "19:31",
        "21:08",
        "22:10"
    ],
    "url": "https://www.kanachu.co.jp/dia/diagram/timetable01_js/course:0000800310-15/node:00127098/kt:0/lname:/"
}
