{
    "date": "2024/12/16",
    "name": "広畑ふれあいプラザ前",
    "position": "-",
    "system": "巻02",
    "destinations": [
        "宿矢名",
        "矢名",
        "学校入口(秦野市)",
        "東海大学北門",
        "東海大学前駅入口",
        "東海大学前駅南口",
        "鶴美ヶ丘",
        "落幡",
        "鶴巻温泉駅南口"
    ],
    "weekday": [
        "8:10",
        "9:15",
        "10:14",
        "12:11",
        "13:10",
        "14:10",
        "15:10",
        "16:10",
        "17:10",
        "18:10"
    ],
    "saturday": [
        "9:10",
        "10:10",
        "11:10",
        "12:10",
        "13:10",
        "14:10",
        "15:10",
        "17:10"
    ],
    "holiday": [
        "9:10",
        "10:10",
        "11:10",
        "12:10",
        "13:10",
        "14:10",
        "15:10",
        "17:10"
    ],
    "url": "https://www.kanachu.co.jp/dia/diagram/timetable01_js/course:0000803664-2/node:00127754/kt:0/lname:/"
}
