{
    "date": "2024/12/16",
    "name": "鶴美ヶ丘",
    "position": "-",
    "system": "巻02",
    "destinations": [
        "落幡",
        "鶴巻温泉駅南口"
    ],
    "weekday": [
        "8:21",
        "9:26",
        "10:25",
        "12:22",
        "13:21",
        "14:21",
        "15:21",
        "16:21",
        "17:21",
        "18:21"
    ],
    "saturday": [
        "9:21",
        "10:21",
        "11:21",
        "12:21",
        "13:21",
        "14:21",
        "15:21",
        "17:21"
    ],
    "holiday": [
        "9:21",
        "10:21",
        "11:21",
        "12:21",
        "13:21",
        "14:21",
        "15:21",
        "17:21"
    ],
    "url": "https://www.kanachu.co.jp/dia/diagram/timetable01_js/course:0000803664-9/node:00127761/kt:0/lname:/"
}
