{
    "date": "2024/07/01",
    "name": "密蔵院前",
    "position": "-",
    "system": "下15",
    "destinations": [
        "赤坂橋(横浜市泉区)",
        "下飯田駅"
    ],
    "weekday": [
        "6:38",
        "7:38",
        "8:38",
        "11:38",
        "12:38",
        "13:38",
        "16:38",
        "17:38",
        "18:38"
    ],
    "saturday": [
        "7:38",
        "8:38",
        "11:38",
        "12:38",
        "13:38",
        "16:38",
        "17:38",
        "18:38"
    ],
    "holiday": [
        "7:38",
        "8:38",
        "11:38",
        "12:38",
        "13:38",
        "16:38",
        "17:38",
        "18:38"
    ],
    "url": "https://www.kanachu.co.jp/dia/diagram/timetable01_js/course:0000803566-6/node:00126960/kt:0/lname:/"
}
