{
    "date": "2025/11/16",
    "name": "川井宿",
    "position": "-",
    "system": "",
    "destinations": [
        "下宿(横浜市旭区)",
        "都岡町",
        "農協前(横浜市旭区)",
        "筑池",
        "今宿(横浜市旭区)",
        "今宿小学校入口",
        "鶴ヶ峰中学校前",
        "薬王寺入口",
        "鶴ヶ峰本町",
        "鶴ヶ峰駅"
    ],
    "weekday": [
        "6:19",
        "6:38",
        "6:58",
        "7:08",
        "7:14",
        "7:20",
        "7:45",
        "7:56",
        "8:09",
        "9:05",
        "9:16",
        "9:56",
        "11:02",
        "11:20",
        "12:02",
        "13:02",
        "13:24",
        "14:02",
        "15:02",
        "15:24",
        "16:02",
        "17:01",
        "17:24",
        "18:01",
        "19:01",
        "19:24",
        "20:00",
        "21:35"
    ],
    "saturday": [
        "6:01",
        "6:38",
        "7:36",
        "8:44",
        "9:00",
        "10:13",
        "10:52",
        "11:15",
        "12:13",
        "12:52",
        "13:13",
        "14:13",
        "14:52",
        "15:13",
        "16:13",
        "16:52",
        "17:13",
        "18:13",
        "18:52",
        "19:13",
        "20:40",
        "21:10",
        "22:35"
    ],
    "holiday": [
        "6:38",
        "7:39",
        "8:42",
        "9:06",
        "10:13",
        "10:52",
        "11:13",
        "12:15",
        "12:52",
        "13:13",
        "14:13",
        "14:52",
        "15:13",
        "16:13",
        "16:52",
        "17:13",
        "18:13",
        "18:52",
        "19:13",
        "20:36",
        "21:05",
        "22:35"
    ],
    "url": "https://www.kanachu.co.jp/dia/diagram/timetable01_js/course:0000802202-12/node:00129711/kt:0/lname:/"
}
