{
    "date": "2025/11/16",
    "name": "鶴ヶ峰中学校前",
    "position": "-",
    "system": "",
    "destinations": [
        "薬王寺入口",
        "鶴ヶ峰本町",
        "鶴ヶ峰駅"
    ],
    "weekday": [
        "6:27",
        "6:46",
        "7:06",
        "7:16",
        "7:22",
        "7:28",
        "7:53",
        "8:04",
        "8:17",
        "9:13",
        "9:24",
        "10:04",
        "11:10",
        "11:28",
        "12:10",
        "13:10",
        "13:32",
        "14:10",
        "15:10",
        "15:32",
        "16:10",
        "17:09",
        "17:32",
        "18:09",
        "19:09",
        "19:32",
        "20:08",
        "21:43"
    ],
    "saturday": [
        "6:09",
        "6:46",
        "7:44",
        "8:52",
        "9:08",
        "10:21",
        "11:00",
        "11:23",
        "12:21",
        "13:00",
        "13:21",
        "14:21",
        "15:00",
        "15:21",
        "16:21",
        "17:00",
        "17:21",
        "18:21",
        "19:00",
        "19:21",
        "20:48",
        "21:18",
        "22:43"
    ],
    "holiday": [
        "6:46",
        "7:47",
        "8:50",
        "9:14",
        "10:21",
        "11:00",
        "11:21",
        "12:23",
        "13:00",
        "13:21",
        "14:21",
        "15:00",
        "15:21",
        "16:21",
        "17:00",
        "17:21",
        "18:21",
        "19:00",
        "19:21",
        "20:44",
        "21:13",
        "22:43"
    ],
    "url": "https://www.kanachu.co.jp/dia/diagram/timetable01_js/course:0000802202-19/node:00129718/kt:0/lname:/"
}
