{
    "date": "2025/11/16",
    "name": "串橋下",
    "position": "-",
    "system": "巻11",
    "destinations": [
        "東橋(伊勢原市)",
        "串橋改善センター",
        "伊勢原車庫"
    ],
    "weekday": [
        "8:52",
        "13:28",
        "16:27",
        "18:31"
    ],
    "saturday": [
        "11:04",
        "15:59"
    ],
    "holiday": [
        "11:04",
        "15:59"
    ],
    "url": "https://www.kanachu.co.jp/dia/diagram/timetable01_js/course:0000802742-4/node:00128226/kt:0/lname:/"
}
