{
    "date": "2024/03/16",
    "name": "淵野辺駅北口",
    "position": "-",
    "system": "淵67",
    "destinations": [
        "幸町(相模原市中央区)",
        "淵野辺郵便局前",
        "小学校入口(相模原市中央区)",
        "山王(相模原市中央区)",
        "山王下(相模原市中央区)",
        "矢部八幡前",
        "桜美林学園前",
        "桜美林学園東",
        "桜美林学園",
        "唐沢(町田市)",
        "桜台入口(町田市)",
        "桜台一丁目(町田市)",
        "桜台センター前",
        "桜台二丁目(町田市)",
        "小山田桜台",
        "桜台入口(町田市)",
        "清住平",
        "桜橋(町田市)",
        "日大三高"
    ],
    "weekday": [
        "8:00",
        "8:22",
        "8:50",
        "9:20",
        "9:50",
        "10:20",
        "11:10",
        "12:10",
        "13:10",
        "14:10",
        "15:10",
        "16:10"
    ],
    "saturday": [
        "8:40",
        "9:10",
        "10:10",
        "11:10",
        "12:10",
        "13:10",
        "14:10",
        "15:10",
        "16:10"
    ],
    "holiday": [],
    "url": "https://www.kanachu.co.jp/dia/diagram/timetable01_js/course:0000801336-1/node:00129246/kt:0/lname:/"
}
