{
    "date": "2024/03/16",
    "name": "淵野辺郵便局前",
    "position": "-",
    "system": "淵67",
    "destinations": [
        "小学校入口(相模原市中央区)",
        "山王(相模原市中央区)",
        "山王下(相模原市中央区)",
        "矢部八幡前",
        "桜美林学園前",
        "桜美林学園東",
        "桜美林学園",
        "唐沢(町田市)",
        "桜台入口(町田市)",
        "桜台一丁目(町田市)",
        "桜台センター前",
        "桜台二丁目(町田市)",
        "小山田桜台",
        "桜台入口(町田市)",
        "清住平",
        "桜橋(町田市)",
        "日大三高"
    ],
    "weekday": [
        "8:01",
        "8:23",
        "8:51",
        "9:21",
        "9:51",
        "10:21",
        "11:11",
        "12:11",
        "13:11",
        "14:11",
        "15:11",
        "16:11"
    ],
    "saturday": [
        "8:41",
        "9:11",
        "10:11",
        "11:11",
        "12:11",
        "13:11",
        "14:11",
        "15:11",
        "16:11"
    ],
    "holiday": [],
    "url": "https://www.kanachu.co.jp/dia/diagram/timetable01_js/course:0000801336-3/node:00129309/kt:0/lname:/"
}
