{
    "date": "2024/03/16",
    "name": "桜美林学園前",
    "position": "-",
    "system": "淵67",
    "destinations": [
        "桜美林学園東",
        "桜美林学園",
        "唐沢(町田市)",
        "桜台入口(町田市)",
        "桜台一丁目(町田市)",
        "桜台センター前",
        "桜台二丁目(町田市)",
        "小山田桜台",
        "桜台入口(町田市)",
        "清住平",
        "桜橋(町田市)",
        "日大三高"
    ],
    "weekday": [
        "8:05",
        "8:27",
        "8:55",
        "9:25",
        "9:55",
        "10:25",
        "11:15",
        "12:15",
        "13:15",
        "14:15",
        "15:15",
        "16:15"
    ],
    "saturday": [
        "8:45",
        "9:15",
        "10:15",
        "11:15",
        "12:15",
        "13:15",
        "14:15",
        "15:15",
        "16:15"
    ],
    "holiday": [],
    "url": "https://www.kanachu.co.jp/dia/diagram/timetable01_js/course:0000801336-8/node:00130114/kt:0/lname:/"
}
