{
    "date": "2024/03/16",
    "name": "桜台入口(町田市)",
    "position": "-",
    "system": "淵67",
    "destinations": [
        "清住平",
        "桜橋(町田市)",
        "日大三高"
    ],
    "weekday": [
        "8:14",
        "8:36",
        "9:04",
        "9:34",
        "10:04",
        "10:34",
        "11:24",
        "12:24",
        "13:24",
        "14:24",
        "15:24",
        "16:24"
    ],
    "saturday": [
        "8:54",
        "9:24",
        "10:24",
        "11:24",
        "12:24",
        "13:24",
        "14:24",
        "15:24",
        "16:24"
    ],
    "holiday": [],
    "url": "https://www.kanachu.co.jp/dia/diagram/timetable01_js/course:0000801336-17/node:00129402/kt:0/lname:/"
}
