{
    "date": "2020/11/24",
    "name": "大船駅西口",
    "position": "-",
    "system": "船27",
    "destinations": [
        "坂本(鎌倉市)",
        "長尾台(横浜市栄区)",
        "宮ノ前(横浜市栄区)",
        "小蓋山",
        "田谷(横浜市栄区)",
        "洞窟前",
        "山王(横浜市栄区)",
        "住友電工入口",
        "住友電工",
        "住友電工南門",
        "ニコン前",
        "宮ノ前(横浜市栄区)",
        "長尾台(横浜市栄区)",
        "坂本(鎌倉市)",
        "大船駅西口"
    ],
    "weekday": [
        "17:15",
        "17:18",
        "17:21",
        "17:26",
        "17:32",
        "17:40",
        "17:46",
        "17:54",
        "18:02",
        "18:17",
        "18:33",
        "18:43",
        "19:02",
        "19:14",
        "19:31",
        "19:43",
        "19:59",
        "20:19",
        "20:39",
        "20:47",
        "20:57",
        "21:42"
    ],
    "saturday": [],
    "holiday": [],
    "url": "https://www.kanachu.co.jp/dia/diagram/timetable01_js/course:0000802992-1/node:00126855/kt:0/lname:/"
}
