{
    "date": "2020/11/24",
    "name": "長尾台(横浜市栄区)",
    "position": "-",
    "system": "船27",
    "destinations": [
        "宮ノ前(横浜市栄区)",
        "小蓋山",
        "田谷(横浜市栄区)",
        "洞窟前",
        "山王(横浜市栄区)",
        "住友電工入口",
        "住友電工",
        "住友電工南門",
        "ニコン前",
        "宮ノ前(横浜市栄区)",
        "長尾台(横浜市栄区)",
        "坂本(鎌倉市)",
        "大船駅西口"
    ],
    "weekday": [
        "17:18",
        "17:21",
        "17:24",
        "17:29",
        "17:35",
        "17:43",
        "17:49",
        "17:57",
        "18:05",
        "18:20",
        "18:36",
        "18:46",
        "19:05",
        "19:17",
        "19:34",
        "19:46",
        "20:02",
        "20:22",
        "20:42",
        "20:50",
        "21:00",
        "21:45"
    ],
    "saturday": [],
    "holiday": [],
    "url": "https://www.kanachu.co.jp/dia/diagram/timetable01_js/course:0000802992-3/node:00126853/kt:0/lname:/"
}
