{
    "date": "2024/03/16",
    "name": "滝の沢(町田市)",
    "position": "",
    "system": "町60",
    "destinations": [
        "木曽住宅",
        "三家(町田市)",
        "木曽(町田市)",
        "忠生公園入口",
        "上宿(町田市)",
        "下根岸(町田市)",
        "根岸(根岸町/町田市)",
        "忠生都営住宅前",
        "矢部",
        "下常盤",
        "中常盤",
        "常盤(町田市)",
        "下馬場",
        "馬場十字路",
        "中村不動入口",
        "小山郵便局前",
        "小山小学校前(町田市)",
        "横土手",
        "御嶽堂",
        "片所",
        "坂本橋(町田市)",
        "多摩境駅",
        "田端(町田市)",
        "堂の前(町田市)",
        "三ツ目(町田市)",
        "久保ヶ谷戸",
        "寿橋",
        "寿町(相模原市緑区)",
        "旭農協前",
        "橋本駅北口"
    ],
    "weekday": [
        "10:03",
        "10:59",
        "11:59",
        "12:59",
        "13:59",
        "14:59",
        "16:03",
        "17:03",
        "18:04",
        "19:03",
        "19:58",
        "20:48"
    ],
    "saturday": [
        "9:58",
        "10:58",
        "11:58",
        "12:58",
        "13:58",
        "14:59",
        "16:03",
        "17:03",
        "18:03",
        "19:02",
        "20:02",
        "20:58"
    ],
    "holiday": [
        "10:58",
        "11:58",
        "12:58",
        "13:58",
        "14:59",
        "16:03",
        "17:03",
        "18:03",
        "19:02",
        "19:58"
    ],
    "url": "https://www.kanachu.co.jp/dia/diagram/timetable01_js/course:0000802015-8/node:00129361/kt:0/lname:/"
}
