{
    "date": "2024/03/16",
    "name": "上宿(町田市)",
    "position": "",
    "system": "町60",
    "destinations": [
        "下根岸(町田市)",
        "根岸(根岸町/町田市)",
        "忠生都営住宅前",
        "矢部",
        "下常盤",
        "中常盤",
        "常盤(町田市)",
        "下馬場",
        "馬場十字路",
        "中村不動入口",
        "小山郵便局前",
        "小山小学校前(町田市)",
        "横土手",
        "御嶽堂",
        "片所",
        "坂本橋(町田市)",
        "多摩境駅",
        "田端(町田市)",
        "堂の前(町田市)",
        "三ツ目(町田市)",
        "久保ヶ谷戸",
        "寿橋",
        "寿町(相模原市緑区)",
        "旭農協前",
        "橋本駅北口"
    ],
    "weekday": [
        "10:09",
        "11:05",
        "12:05",
        "13:05",
        "14:05",
        "15:05",
        "16:09",
        "17:10",
        "18:11",
        "19:08",
        "20:03",
        "20:53"
    ],
    "saturday": [
        "10:03",
        "11:03",
        "12:03",
        "13:03",
        "14:03",
        "15:05",
        "16:09",
        "17:09",
        "18:09",
        "19:07",
        "20:07",
        "21:03"
    ],
    "holiday": [
        "11:03",
        "12:03",
        "13:03",
        "14:03",
        "15:05",
        "16:09",
        "17:09",
        "18:09",
        "19:07",
        "20:03"
    ],
    "url": "https://www.kanachu.co.jp/dia/diagram/timetable01_js/course:0000802015-13/node:00129365/kt:0/lname:/"
}
