{
  "date": "2024/03/16",
  "name": "町田バスセンター",
  "position": "13番のりば",
  "system": "町29",
  "destinations": [
    "上宿"
  ],
  "weekday": [
    "6:35",
    "7:05", "7:46",
    "8:20",
    "9:00", "9:45",
    "10:58",
    "12:21",
    "13:21",
    "14:41",
    "15:25",
    "16:45",
    "17:26",
    "18:25",
    "19:43",
    "20:21"
  ],
  "saturday": [
    "7:00",
    "8:15",
    "9:25",
    "10:41",
    "11:41",
    "12:58",
    "14:21",
    "15:45",
    "16:45",
    "17:45",
    "18:35",
    "19:10"
  ],
  "holiday": [
    "7:25",
    "8:25",
    "9:41",
    "10:21",
    "11:41",
    "12:41",
    "13:21",
    "14:41",
    "16:05",
    "17:20",
    "18:45"
  ]
}
