{
    "system": "町29",
    "destination": "淵野辺駅北口",
    "stations": [
        {
            "name": "町田バスセンター",
            "file": "01_machida_bus_center_13.json"
        },
        {
            "name": "町田市役所東",
            "file": ""
        },
        {
            "name": "保健所入口",
            "file": ""
        },
        {
            "name": "森野三丁目",
            "file": ""
        },
        {
            "name": "市民病院前(町田市)",
            "file": ""
        },
        {
            "name": "浄水場前(町田市)",
            "file": ""
        },
        {
            "name": "滝の沢(町田市)",
            "file": ""
        },
        {
            "name": "木曽住宅",
            "file": ""
        },
        {
            "name": "三家(町田市)",
            "file": ""
        },
        {
            "name": "木曽(町田市)",
            "file": ""
        },
        {
            "name": "忠生公園入口",
            "file": ""
        },
        {
            "name": "上宿(町田市)",
            "file": ""
        },
        {
            "name": "下根岸(町田市)",
            "file": ""
        },
        {
            "name": "根岸(根岸町/町田市)",
            "file": ""
        },
        {
            "name": "忠生都営住宅前",
            "file": ""
        },
        {
            "name": "桜美林学園前",
            "file": ""
        },
        {
            "name": "矢部八幡前",
            "file": ""
        },
        {
            "name": "山王下(相模原市中央区)",
            "file": ""
        },
        {
            "name": "山王(相模原市中央区)",
            "file": ""
        },
        {
            "name": "小学校入口(相模原市中央区)",
            "file": ""
        },
        {
            "name": "淵野辺郵便局前",
            "file": ""
        },
        {
            "name": "幸町(相模原市中央区)",
            "file": ""
        },
        {
            "name": "淵野辺駅北口",
            "file": ""
        }
    ]
}
