{
    "date": "2025/07/27",
    "name": "小原台入口(秦野市)",
    "position": "-",
    "system": "秦90",
    "destinations": [
        "南が丘一丁目(秦野市)",
        "秦野総合高校前",
        "南が丘センター",
        "南が丘三丁目",
        "南が丘公園前"
    ],
    "weekday": [
        "6:21",
        "6:37",
        "7:03",
        "7:17",
        "7:31",
        "7:44",
        "8:03",
        "8:09",
        "8:16",
        "8:32",
        "8:53",
        "9:08",
        "9:48",
        "10:08",
        "10:48",
        "11:08",
        "11:48",
        "12:08",
        "12:48",
        "13:08",
        "13:48",
        "14:08",
        "14:48",
        "15:08",
        "15:48",
        "16:08",
        "16:48",
        "17:08",
        "17:48",
        "18:08",
        "18:48",
        "19:28",
        "19:48",
        "20:48",
        "21:51",
        "22:19",
        "22:55"
    ],
    "saturday": [
        "7:48",
        "8:38",
        "8:58",
        "9:38",
        "9:58",
        "10:38",
        "10:58",
        "11:38",
        "11:58",
        "12:38",
        "12:58",
        "13:38",
        "13:58",
        "14:38",
        "14:58",
        "15:38",
        "15:58",
        "16:38",
        "16:58",
        "17:38",
        "17:58",
        "18:38",
        "18:58",
        "19:38",
        "19:58",
        "20:55",
        "21:55",
        "22:30"
    ],
    "holiday": [
        "7:48",
        "8:38",
        "8:58",
        "9:38",
        "9:58",
        "10:38",
        "10:58",
        "11:38",
        "11:58",
        "12:38",
        "12:58",
        "13:38",
        "13:58",
        "14:38",
        "14:58",
        "15:38",
        "15:58",
        "16:38",
        "16:58",
        "17:38",
        "17:58",
        "18:38",
        "18:58",
        "19:38",
        "19:58",
        "20:55",
        "21:55",
        "22:30"
    ],
    "url": "https://www.kanachu.co.jp/dia/diagram/timetable01_js/course:0000800077-4/node:00127768/kt:0/lname:/"
}
