{
    "date": "2025/07/27",
    "name": "秦野総合高校前",
    "position": "-",
    "system": "秦90",
    "destinations": [
        "南が丘センター",
        "南が丘三丁目",
        "南が丘公園前"
    ],
    "weekday": [
        "6:23",
        "6:39",
        "7:05",
        "7:19",
        "7:33",
        "7:46",
        "8:05",
        "8:11",
        "8:18",
        "8:34",
        "8:55",
        "9:10",
        "9:50",
        "10:10",
        "10:50",
        "11:10",
        "11:50",
        "12:10",
        "12:50",
        "13:10",
        "13:50",
        "14:10",
        "14:50",
        "15:10",
        "15:50",
        "16:10",
        "16:50",
        "17:10",
        "17:50",
        "18:10",
        "18:50",
        "19:30",
        "19:50",
        "20:50",
        "21:53",
        "22:21",
        "22:57"
    ],
    "saturday": [
        "7:50",
        "8:40",
        "9:00",
        "9:40",
        "10:00",
        "10:40",
        "11:00",
        "11:40",
        "12:00",
        "12:40",
        "13:00",
        "13:40",
        "14:00",
        "14:40",
        "15:00",
        "15:40",
        "16:00",
        "16:40",
        "17:00",
        "17:40",
        "18:00",
        "18:40",
        "19:00",
        "19:40",
        "20:00",
        "20:57",
        "21:57",
        "22:32"
    ],
    "holiday": [
        "7:50",
        "8:40",
        "9:00",
        "9:40",
        "10:00",
        "10:40",
        "11:00",
        "11:40",
        "12:00",
        "12:40",
        "13:00",
        "13:40",
        "14:00",
        "14:40",
        "15:00",
        "15:40",
        "16:00",
        "16:40",
        "17:00",
        "17:40",
        "18:00",
        "18:40",
        "19:00",
        "19:40",
        "20:00",
        "20:57",
        "21:57",
        "22:32"
    ],
    "url": "https://www.kanachu.co.jp/dia/diagram/timetable01_js/course:0000800077-6/node:00127769/kt:0/lname:/"
}
