{
    "date": "2025/07/27",
    "name": "南が丘三丁目",
    "position": "-",
    "system": "秦90",
    "destinations": [
        "南が丘公園前"
    ],
    "weekday": [
        "6:25",
        "6:41",
        "7:07",
        "7:21",
        "7:35",
        "7:48",
        "8:07",
        "8:13",
        "8:20",
        "8:36",
        "8:57",
        "9:12",
        "9:52",
        "10:12",
        "10:52",
        "11:12",
        "11:52",
        "12:12",
        "12:52",
        "13:12",
        "13:52",
        "14:12",
        "14:52",
        "15:12",
        "15:52",
        "16:12",
        "16:52",
        "17:12",
        "17:52",
        "18:12",
        "18:52",
        "19:32",
        "19:52",
        "20:52",
        "21:55",
        "22:23",
        "22:59"
    ],
    "saturday": [
        "7:52",
        "8:42",
        "9:02",
        "9:42",
        "10:02",
        "10:42",
        "11:02",
        "11:42",
        "12:02",
        "12:42",
        "13:02",
        "13:42",
        "14:02",
        "14:42",
        "15:02",
        "15:42",
        "16:02",
        "16:42",
        "17:02",
        "17:42",
        "18:02",
        "18:42",
        "19:02",
        "19:42",
        "20:02",
        "20:59",
        "21:59",
        "22:34"
    ],
    "holiday": [
        "7:52",
        "8:42",
        "9:02",
        "9:42",
        "10:02",
        "10:42",
        "11:02",
        "11:42",
        "12:02",
        "12:42",
        "13:02",
        "13:42",
        "14:02",
        "14:42",
        "15:02",
        "15:42",
        "16:02",
        "16:42",
        "17:02",
        "17:42",
        "18:02",
        "18:42",
        "19:02",
        "19:42",
        "20:02",
        "20:59",
        "21:59",
        "22:34"
    ],
    "url": "https://www.kanachu.co.jp/dia/diagram/timetable01_js/course:0000800077-8/node:00127771/kt:0/lname:/"
}
