{
    "date": "2025/01/14",
    "name": "中村入口(厚木市)",
    "position": "-",
    "system": "厚08",
    "destinations": [
        "妻田",
        "三家入口(厚木市)",
        "木売場",
        "市立病院前(厚木市)",
        "税務署入口(厚木市)",
        "市役所入口(厚木市)",
        "本厚木駅"
    ],
    "weekday": [
        "9:46",
        "11:21",
        "15:39",
        "16:14",
        "17:29",
        "18:06"
    ],
    "saturday": [
        "8:18",
        "9:08",
        "9:26",
        "10:08",
        "10:48",
        "11:35",
        "12:08",
        "12:23",
        "14:23",
        "15:10",
        "15:50",
        "16:30",
        "16:55",
        "18:10",
        "18:25"
    ],
    "holiday": [
        "8:17",
        "10:53",
        "12:08",
        "13:08",
        "14:53",
        "15:25",
        "16:50"
    ],
    "url": "https://www.kanachu.co.jp/dia/diagram/timetable01_js/course:0000800146-3/node:00128263/kt:0/lname:/"
}
