{
    "date": "2025/01/14",
    "name": "市役所入口(厚木市)",
    "position": "-",
    "system": "厚08",
    "destinations": [
        "本厚木駅"
    ],
    "weekday": [
        "9:56",
        "11:31",
        "15:49",
        "16:26",
        "17:41",
        "18:18"
    ],
    "saturday": [
        "8:27",
        "9:19",
        "9:37",
        "10:19",
        "10:59",
        "11:46",
        "12:19",
        "12:34",
        "14:34",
        "15:21",
        "16:01",
        "16:41",
        "17:06",
        "18:21",
        "18:36"
    ],
    "holiday": [
        "8:25",
        "11:04",
        "12:19",
        "13:19",
        "15:04",
        "15:35",
        "17:00"
    ],
    "url": "https://www.kanachu.co.jp/dia/diagram/timetable01_js/course:0000800146-9/node:00128396/kt:0/lname:/"
}
