{
    "date": "2025/11/16",
    "name": "宮田町(横浜市保土ケ谷区)",
    "position": "-",
    "system": "",
    "destinations": [
        "峯小学校前",
        "峰岡町",
        "常盤園下",
        "和田町(横浜市保土ケ谷区)",
        "保土ヶ谷中学校前",
        "上星川",
        "杉山神社前(横浜市保土ケ谷区)",
        "川島町(横浜市保土ケ谷区)",
        "西谷妙福寺前",
        "梅の木(横浜市保土ケ谷区)",
        "西谷駅前",
        "西谷(横浜市旭区)",
        "下白根橋",
        "白根不動入口",
        "白根町",
        "鶴ヶ峰駅",
        "鶴ヶ峰本町",
        "薬王寺入口",
        "鶴ヶ峰中学校前",
        "今宿小学校入口",
        "今宿(横浜市旭区)",
        "筑池",
        "農協前(横浜市旭区)",
        "都岡町",
        "下宿(横浜市旭区)",
        "川井宿",
        "福泉寺前(横浜市旭区)",
        "宮の下(横浜市旭区)",
        "長源寺前(横浜市旭区)",
        "上川井町",
        "大貫橋",
        "若葉台南",
        "若葉台近隣公園前",
        "若葉台中学校前",
        "霧が丘高校前",
        "若葉台車庫前",
        "若葉台中央(横浜市旭区)"
    ],
    "weekday": [
        "7:18",
        "7:55",
        "8:56",
        "9:55",
        "10:58",
        "12:03",
        "13:03",
        "14:03",
        "15:03",
        "16:03",
        "17:00",
        "17:58",
        "18:58",
        "20:14",
        "21:15",
        "22:03",
        "23:04"
    ],
    "saturday": [
        "6:53",
        "7:47",
        "8:39",
        "9:23",
        "9:48",
        "10:48",
        "11:50",
        "12:48",
        "13:50",
        "14:50",
        "15:50",
        "16:47",
        "17:45",
        "18:45",
        "19:53",
        "20:40",
        "21:20",
        "22:00"
    ],
    "holiday": [
        "7:10",
        "9:08",
        "9:48",
        "10:48",
        "11:48",
        "12:50",
        "13:50",
        "14:50",
        "15:50",
        "16:47",
        "17:45",
        "18:43",
        "19:53",
        "20:40",
        "21:20",
        "22:00"
    ],
    "url": "https://www.kanachu.co.jp/dia/diagram/timetable01_js/course:0000803668-8/node:00103140/kt:0/lname:/"
}
