{
    "date": "2025/11/16",
    "name": "上星川",
    "position": "-",
    "system": "",
    "destinations": [
        "杉山神社前(横浜市保土ケ谷区)",
        "川島町(横浜市保土ケ谷区)",
        "西谷妙福寺前",
        "梅の木(横浜市保土ケ谷区)",
        "西谷駅前",
        "西谷(横浜市旭区)",
        "下白根橋",
        "白根不動入口",
        "白根町",
        "鶴ヶ峰駅",
        "鶴ヶ峰本町",
        "薬王寺入口",
        "鶴ヶ峰中学校前",
        "今宿小学校入口",
        "今宿(横浜市旭区)",
        "筑池",
        "農協前(横浜市旭区)",
        "都岡町",
        "下宿(横浜市旭区)",
        "川井宿",
        "福泉寺前(横浜市旭区)",
        "宮の下(横浜市旭区)",
        "長源寺前(横浜市旭区)",
        "上川井町",
        "大貫橋",
        "若葉台南",
        "若葉台近隣公園前",
        "若葉台中学校前",
        "霧が丘高校前",
        "若葉台車庫前",
        "若葉台中央(横浜市旭区)"
    ],
    "weekday": [
        "7:25",
        "8:02",
        "9:03",
        "10:02",
        "11:05",
        "12:10",
        "13:10",
        "14:10",
        "15:10",
        "16:10",
        "17:07",
        "18:05",
        "19:05",
        "20:21",
        "21:22",
        "22:10",
        "23:11"
    ],
    "saturday": [
        "7:00",
        "7:54",
        "8:46",
        "9:30",
        "9:55",
        "10:55",
        "11:57",
        "12:55",
        "13:57",
        "14:57",
        "15:57",
        "16:54",
        "17:52",
        "18:52",
        "20:00",
        "20:47",
        "21:27",
        "22:07"
    ],
    "holiday": [
        "7:17",
        "9:15",
        "9:55",
        "10:55",
        "11:55",
        "12:57",
        "13:57",
        "14:57",
        "15:57",
        "16:54",
        "17:52",
        "18:50",
        "20:00",
        "20:47",
        "21:27",
        "22:07"
    ],
    "url": "https://www.kanachu.co.jp/dia/diagram/timetable01_js/course:0000803668-14/node:00102369/kt:0/lname:/"
}
