{
    "date": "2025/11/16",
    "name": "下白根橋",
    "position": "-",
    "system": "",
    "destinations": [
        "白根不動入口",
        "白根町",
        "鶴ヶ峰駅",
        "鶴ヶ峰本町",
        "薬王寺入口",
        "鶴ヶ峰中学校前",
        "今宿小学校入口",
        "今宿(横浜市旭区)",
        "筑池",
        "農協前(横浜市旭区)",
        "都岡町",
        "下宿(横浜市旭区)",
        "川井宿",
        "福泉寺前(横浜市旭区)",
        "宮の下(横浜市旭区)",
        "長源寺前(横浜市旭区)",
        "上川井町",
        "大貫橋",
        "若葉台南",
        "若葉台近隣公園前",
        "若葉台中学校前",
        "霧が丘高校前",
        "若葉台車庫前",
        "若葉台中央(横浜市旭区)"
    ],
    "weekday": [
        "7:36",
        "8:13",
        "9:14",
        "10:13",
        "11:16",
        "12:21",
        "13:21",
        "14:21",
        "15:21",
        "16:21",
        "17:18",
        "18:16",
        "19:16",
        "20:30",
        "21:31",
        "22:19",
        "23:20"
    ],
    "saturday": [
        "7:09",
        "8:03",
        "8:55",
        "9:41",
        "10:06",
        "11:06",
        "12:08",
        "13:06",
        "14:08",
        "15:08",
        "16:08",
        "17:05",
        "18:03",
        "19:03",
        "20:09",
        "20:56",
        "21:36",
        "22:16"
    ],
    "holiday": [
        "7:26",
        "9:26",
        "10:06",
        "11:06",
        "12:06",
        "13:08",
        "14:08",
        "15:08",
        "16:08",
        "17:05",
        "18:03",
        "19:01",
        "20:09",
        "20:56",
        "21:36",
        "22:16"
    ],
    "url": "https://www.kanachu.co.jp/dia/diagram/timetable01_js/course:0000803668-21/node:00102591/kt:0/lname:/"
}
