{
    "date": "2025/11/16",
    "name": "鶴ヶ峰中学校前",
    "position": "-",
    "system": "",
    "destinations": [
        "今宿小学校入口",
        "今宿(横浜市旭区)",
        "筑池",
        "農協前(横浜市旭区)",
        "都岡町",
        "下宿(横浜市旭区)",
        "川井宿",
        "福泉寺前(横浜市旭区)",
        "宮の下(横浜市旭区)",
        "長源寺前(横浜市旭区)",
        "上川井町",
        "大貫橋",
        "若葉台南",
        "若葉台近隣公園前",
        "若葉台中学校前",
        "霧が丘高校前",
        "若葉台車庫前",
        "若葉台中央(横浜市旭区)"
    ],
    "weekday": [
        "7:48",
        "8:25",
        "9:26",
        "10:25",
        "11:28",
        "12:33",
        "13:33",
        "14:33",
        "15:33",
        "16:33",
        "17:33",
        "18:33",
        "19:33",
        "20:39",
        "21:40",
        "22:28",
        "23:29"
    ],
    "saturday": [
        "7:17",
        "8:11",
        "9:03",
        "9:53",
        "10:18",
        "11:18",
        "12:20",
        "13:18",
        "14:20",
        "15:20",
        "16:20",
        "17:20",
        "18:20",
        "19:20",
        "20:18",
        "21:05",
        "21:45",
        "22:25"
    ],
    "holiday": [
        "7:34",
        "9:38",
        "10:18",
        "11:18",
        "12:18",
        "13:20",
        "14:20",
        "15:20",
        "16:20",
        "17:20",
        "18:20",
        "19:18",
        "20:18",
        "21:05",
        "21:45",
        "22:25"
    ],
    "url": "https://www.kanachu.co.jp/dia/diagram/timetable01_js/course:0000803668-27/node:00129718/kt:0/lname:/"
}
