{
    "date": "2025/11/16",
    "name": "若葉台車庫前",
    "position": "-",
    "system": "",
    "destinations": [
        "若葉台中央(横浜市旭区)"
    ],
    "weekday": [
        "8:07",
        "8:44",
        "9:45",
        "10:44",
        "11:47",
        "12:52",
        "13:52",
        "14:52",
        "15:52",
        "16:52",
        "17:52",
        "18:52",
        "19:52",
        "20:58",
        "21:59",
        "22:47",
        "23:48"
    ],
    "saturday": [
        "7:36",
        "8:30",
        "9:22",
        "10:12",
        "10:37",
        "11:37",
        "12:39",
        "13:37",
        "14:39",
        "15:39",
        "16:39",
        "17:39",
        "18:39",
        "19:39",
        "20:37",
        "21:24",
        "22:04",
        "22:44"
    ],
    "holiday": [
        "7:53",
        "9:57",
        "10:37",
        "11:37",
        "12:37",
        "13:39",
        "14:39",
        "15:39",
        "16:39",
        "17:39",
        "18:39",
        "19:37",
        "20:37",
        "21:24",
        "22:04",
        "22:44"
    ],
    "url": "https://www.kanachu.co.jp/dia/diagram/timetable01_js/course:0000803668-44/node:00019297/kt:0/lname:/"
}
