{
    "date": "2025/01/14",
    "name": "愛川高校入口",
    "position": "-",
    "system": "厚63",
    "destinations": [
        "文化会館入口(愛甲郡愛川町)",
        "春日台団地",
        "春日台三丁目(愛甲郡愛川町)",
        "春日台一丁目",
        "春日台入口",
        "西四丁目(愛甲郡愛川町)",
        "西三丁目(愛甲郡愛川町)",
        "西二丁目(愛甲郡愛川町)",
        "西一丁目(厚木市)",
        "南中央通り",
        "東一丁目(厚木市)",
        "団地入口(厚木市)",
        "藤塚(厚木市)",
        "山際",
        "中平(厚木市)",
        "依知小学校前",
        "関口(厚木市)",
        "蓮生寺(厚木市)",
        "追分(厚木市)",
        "下依知入口",
        "金田神社前",
        "金田(厚木市)",
        "金田下宿",
        "積水ソフランウイズ前",
        "鮎津橋",
        "元町(厚木市)",
        "小田急通り",
        "厚木バスセンター"
    ],
    "weekday": [
        "6:22",
        "7:17",
        "8:42",
        "8:57",
        "9:32",
        "10:02",
        "10:32",
        "11:02",
        "11:32",
        "12:02",
        "12:32",
        "13:02",
        "13:32",
        "14:02",
        "14:32",
        "15:02",
        "15:32",
        "16:02",
        "16:32",
        "16:57",
        "17:27",
        "19:57"
    ],
    "saturday": [],
    "holiday": [],
    "url": "https://www.kanachu.co.jp/dia/diagram/timetable01_js/course:0000801864-3/node:00128377/kt:0/lname:/"
}
