{
    "date": "2025/01/14",
    "name": "団地入口(厚木市)",
    "position": "-",
    "system": "厚63",
    "destinations": [
        "藤塚(厚木市)",
        "山際",
        "中平(厚木市)",
        "依知小学校前",
        "関口(厚木市)",
        "蓮生寺(厚木市)",
        "追分(厚木市)",
        "下依知入口",
        "金田神社前",
        "金田(厚木市)",
        "金田下宿",
        "積水ソフランウイズ前",
        "鮎津橋",
        "元町(厚木市)",
        "小田急通り",
        "厚木バスセンター"
    ],
    "weekday": [
        "6:35",
        "7:30",
        "8:55",
        "9:10",
        "9:45",
        "10:15",
        "10:45",
        "11:15",
        "11:45",
        "12:15",
        "12:45",
        "13:15",
        "13:45",
        "14:15",
        "14:45",
        "15:15",
        "15:45",
        "16:15",
        "16:45",
        "17:10",
        "17:40",
        "20:10"
    ],
    "saturday": [],
    "holiday": [],
    "url": "https://www.kanachu.co.jp/dia/diagram/timetable01_js/course:0000801864-15/node:00128365/kt:0/lname:/"
}
