{
    "date": "2025/01/14",
    "name": "小田急通り",
    "position": "-",
    "system": "厚63",
    "destinations": [
        "厚木バスセンター"
    ],
    "weekday": [
        "6:57",
        "7:59",
        "9:22",
        "9:36",
        "10:11",
        "10:41",
        "11:11",
        "11:41",
        "12:11",
        "12:41",
        "13:11",
        "13:41",
        "14:11",
        "14:41",
        "15:11",
        "15:41",
        "16:11",
        "16:41",
        "17:11",
        "17:37",
        "18:07",
        "20:32"
    ],
    "saturday": [],
    "holiday": [],
    "url": "https://www.kanachu.co.jp/dia/diagram/timetable01_js/course:0000801864-30/node:00128340/kt:0/lname:/"
}
