{
    "system": "上96",
    "busstops": [
        {
            "index": "1",
            "id": "00102366",
            "name": "上大岡駅",
            "lat": "35.408906",
            "lng": "139.595838"
        },
        {
            "index": "2",
            "id": "00113522",
            "name": "慰霊堂入口",
            "lat": "35.410846",
            "lng": "139.593851"
        },
        {
            "index": "3",
            "id": "00126560",
            "name": "桜岡小学校前",
            "lat": "35.413889",
            "lng": "139.594929"
        },
        {
            "index": "4",
            "id": "00126561",
            "name": "最戸町",
            "lat": "35.415371",
            "lng": "139.593974"
        },
        {
            "index": "5",
            "id": "00126562",
            "name": "南が丘中学校前",
            "lat": "35.414807",
            "lng": "139.590458"
        },
        {
            "index": "6",
            "id": "00126563",
            "name": "別所宮下",
            "lat": "35.413321",
            "lng": "139.587649"
        },
        {
            "index": "7",
            "id": "00126564",
            "name": "普門院前",
            "lat": "35.412794",
            "lng": "139.586145"
        },
        {
            "index": "8",
            "id": "00126565",
            "name": "水道橋下",
            "lat": "35.413605",
            "lng": "139.581593"
        },
        {
            "index": "9",
            "id": "00126566",
            "name": "芹が谷山谷",
            "lat": "35.414401",
            "lng": "139.577897"
        },
        {
            "index": "10",
            "id": "00126567",
            "name": "芹が谷",
            "lat": "35.416202",
            "lng": "139.573997"
        },
        {
            "index": "11",
            "id": "00126568",
            "name": "せりぎんタウン",
            "lat": "35.416648",
            "lng": "139.571309"
        },
        {
            "index": "12",
            "id": "00126569",
            "name": "芹が谷団地前",
            "lat": "35.416928",
            "lng": "139.566508"
        },
        {
            "index": "13",
            "id": "00130495",
            "name": "永谷地区センター前",
            "lat": "35.417039",
            "lng": "139.564408"
        },
        {
            "index": "14",
            "id": "00102977",
            "name": "平戸(横浜市港南区)",
            "lat": "35.419024",
            "lng": "139.561876"
        },
        {
            "index": "15",
            "id": "00126618",
            "name": "国道平戸",
            "lat": "35.420252",
            "lng": "139.560743"
        },
        {
            "index": "16",
            "id": "00126617",
            "name": "品濃口",
            "lat": "35.421223",
            "lng": "139.55584"
        },
        {
            "index": "17",
            "id": "00126616",
            "name": "赤関橋",
            "lat": "35.420687",
            "lng": "139.552806"
        },
        {
            "index": "18",
            "id": "00126615",
            "name": "柏尾(横浜市戸塚区)",
            "lat": "35.417918",
            "lng": "139.548279"
        },
        {
            "index": "19",
            "id": "00126614",
            "name": "ポーラ前(横浜市戸塚区)",
            "lat": "35.416766",
            "lng": "139.54639"
        },
        {
            "index": "20",
            "id": "00126613",
            "name": "不動坂(横浜市戸塚区)",
            "lat": "35.413425",
            "lng": "139.541594"
        }
    ],
    "route_url": "https://www.kanachu.co.jp/dia/route/index/cid:0000802721/"
}
