{
    "date": "2025/11/16",
    "name": "横内上",
    "position": "-",
    "system": "平68",
    "destinations": [
        "横内四ツ角",
        "横内公民館入口",
        "横内下",
        "横内団地前",
        "今里(平塚市)",
        "坂口(平塚市)",
        "市場前(平塚市)",
        "大野農協前",
        "西真土",
        "大野中学校前",
        "伊勢山(平塚市)",
        "中原中宿",
        "中原東(平塚市)",
        "西新町(平塚市)",
        "平塚球場",
        "総合公園(平塚市)",
        "美術館入口(平塚市)",
        "江陽中学校前(平塚市)",
        "崇善小学校前",
        "明石町(平塚市)",
        "明石町一丁目",
        "四ツ角(平塚市)",
        "平塚駅北口"
    ],
    "weekday": [
        "8:24",
        "10:12",
        "11:12",
        "13:01",
        "13:57",
        "15:32",
        "16:43",
        "18:08",
        "19:41",
        "20:27"
    ],
    "saturday": [
        "8:53",
        "10:17",
        "11:53",
        "16:57",
        "18:17",
        "19:22"
    ],
    "holiday": [
        "8:53",
        "10:17",
        "11:53",
        "16:57",
        "18:17",
        "19:22"
    ],
    "url": "https://www.kanachu.co.jp/dia/diagram/timetable01_js/course:0000802530-12/node:00127617/kt:0/lname:/"
}
