{
    "date": "2025/11/16",
    "name": "坂口(平塚市)",
    "position": "-",
    "system": "平68",
    "destinations": [
        "市場前(平塚市)",
        "大野農協前",
        "西真土",
        "大野中学校前",
        "伊勢山(平塚市)",
        "中原中宿",
        "中原東(平塚市)",
        "西新町(平塚市)",
        "平塚球場",
        "総合公園(平塚市)",
        "美術館入口(平塚市)",
        "江陽中学校前(平塚市)",
        "崇善小学校前",
        "明石町(平塚市)",
        "明石町一丁目",
        "四ツ角(平塚市)",
        "平塚駅北口"
    ],
    "weekday": [
        "8:29",
        "10:17",
        "11:17",
        "13:06",
        "14:02",
        "15:37",
        "16:48",
        "18:13",
        "19:46",
        "20:32"
    ],
    "saturday": [
        "8:58",
        "10:22",
        "11:58",
        "17:02",
        "18:22",
        "19:27"
    ],
    "holiday": [
        "8:58",
        "10:22",
        "11:58",
        "17:02",
        "18:22",
        "19:27"
    ],
    "url": "https://www.kanachu.co.jp/dia/diagram/timetable01_js/course:0000802530-18/node:00127611/kt:0/lname:/"
}
