{
    "date": "2025/11/16",
    "name": "市場前(平塚市)",
    "position": "-",
    "system": "平68",
    "destinations": [
        "大野農協前",
        "西真土",
        "大野中学校前",
        "伊勢山(平塚市)",
        "中原中宿",
        "中原東(平塚市)",
        "西新町(平塚市)",
        "平塚球場",
        "総合公園(平塚市)",
        "美術館入口(平塚市)",
        "江陽中学校前(平塚市)",
        "崇善小学校前",
        "明石町(平塚市)",
        "明石町一丁目",
        "四ツ角(平塚市)",
        "平塚駅北口"
    ],
    "weekday": [
        "8:30",
        "10:18",
        "11:18",
        "13:07",
        "14:03",
        "15:38",
        "16:49",
        "18:14",
        "19:47",
        "20:33"
    ],
    "saturday": [
        "8:59",
        "10:23",
        "11:59",
        "17:03",
        "18:23",
        "19:28"
    ],
    "holiday": [
        "8:59",
        "10:23",
        "11:59",
        "17:03",
        "18:23",
        "19:28"
    ],
    "url": "https://www.kanachu.co.jp/dia/diagram/timetable01_js/course:0000802530-19/node:00127610/kt:0/lname:/"
}
