{
    "date": "2025/11/16",
    "name": "大野農協前",
    "position": "-",
    "system": "平68",
    "destinations": [
        "西真土",
        "大野中学校前",
        "伊勢山(平塚市)",
        "中原中宿",
        "中原東(平塚市)",
        "西新町(平塚市)",
        "平塚球場",
        "総合公園(平塚市)",
        "美術館入口(平塚市)",
        "江陽中学校前(平塚市)",
        "崇善小学校前",
        "明石町(平塚市)",
        "明石町一丁目",
        "四ツ角(平塚市)",
        "平塚駅北口"
    ],
    "weekday": [
        "8:31",
        "10:19",
        "11:19",
        "13:08",
        "14:04",
        "15:39",
        "16:50",
        "18:15",
        "19:48",
        "20:34"
    ],
    "saturday": [
        "9:00",
        "10:24",
        "12:00",
        "17:04",
        "18:24",
        "19:29"
    ],
    "holiday": [
        "9:00",
        "10:24",
        "12:00",
        "17:04",
        "18:24",
        "19:29"
    ],
    "url": "https://www.kanachu.co.jp/dia/diagram/timetable01_js/course:0000802530-20/node:00127609/kt:0/lname:/"
}
