{
    "date": "2025/11/16",
    "name": "明石町一丁目",
    "position": "-",
    "system": "平68",
    "destinations": [
        "四ツ角(平塚市)",
        "平塚駅北口"
    ],
    "weekday": [
        "8:48",
        "10:36",
        "11:36",
        "13:25",
        "14:21",
        "15:56",
        "17:07",
        "18:32",
        "20:05",
        "20:51"
    ],
    "saturday": [
        "9:17",
        "10:41",
        "12:17",
        "17:21",
        "18:41",
        "19:46"
    ],
    "holiday": [
        "9:17",
        "10:41",
        "12:17",
        "17:21",
        "18:41",
        "19:46"
    ],
    "url": "https://www.kanachu.co.jp/dia/diagram/timetable01_js/course:0000802530-33/node:00127457/kt:0/lname:/"
}
