{
    "date": "2025/07/27",
    "name": "南が丘公園前",
    "position": "-",
    "system": "秦90",
    "destinations": [
        "南が丘三丁目",
        "南が丘センター",
        "秦野総合高校前",
        "南が丘一丁目(秦野市)",
        "小原台入口(秦野市)",
        "上尾尻橋",
        "秦野駅南口"
    ],
    "weekday": [
        "5:47",
        "6:02",
        "6:18",
        "6:34",
        "6:50",
        "7:20",
        "7:32",
        "7:44",
        "7:56",
        "8:15",
        "8:28",
        "9:30",
        "10:10",
        "10:30",
        "11:10",
        "11:30",
        "12:10",
        "12:30",
        "13:10",
        "13:30",
        "14:10",
        "14:30",
        "15:10",
        "15:30",
        "16:10",
        "16:30",
        "17:10",
        "17:30",
        "18:10",
        "18:30",
        "19:10"
    ],
    "saturday": [
        "6:30",
        "6:50",
        "8:55",
        "9:15",
        "9:55",
        "10:15",
        "10:55",
        "11:15",
        "11:55",
        "12:15",
        "12:55",
        "13:15",
        "13:55",
        "14:15",
        "14:55",
        "15:15",
        "15:55",
        "16:15",
        "16:55",
        "17:15",
        "17:55",
        "18:15",
        "18:55",
        "19:15",
        "20:15"
    ],
    "holiday": [
        "6:30",
        "6:50",
        "8:55",
        "9:15",
        "9:55",
        "10:15",
        "10:55",
        "11:15",
        "11:55",
        "12:15",
        "12:55",
        "13:15",
        "13:55",
        "14:15",
        "14:55",
        "15:15",
        "15:55",
        "16:15",
        "16:55",
        "17:15",
        "17:55",
        "18:15",
        "18:55",
        "19:15",
        "20:15"
    ],
    "url": "https://www.kanachu.co.jp/dia/diagram/timetable01_js/course:0000801398-1/node:00127772/kt:0/lname:/"
}
