{
    "date": "2025/07/27",
    "name": "南が丘一丁目(秦野市)",
    "position": "-",
    "system": "秦90",
    "destinations": [
        "小原台入口(秦野市)",
        "上尾尻橋",
        "秦野駅南口"
    ],
    "weekday": [
        "5:49",
        "6:04",
        "6:20",
        "6:36",
        "6:52",
        "7:22",
        "7:34",
        "7:46",
        "7:58",
        "8:17",
        "8:30",
        "9:32",
        "10:12",
        "10:32",
        "11:12",
        "11:32",
        "12:12",
        "12:32",
        "13:12",
        "13:32",
        "14:12",
        "14:32",
        "15:12",
        "15:32",
        "16:12",
        "16:32",
        "17:12",
        "17:32",
        "18:12",
        "18:32",
        "19:12"
    ],
    "saturday": [
        "6:32",
        "6:52",
        "8:57",
        "9:17",
        "9:57",
        "10:17",
        "10:57",
        "11:17",
        "11:57",
        "12:17",
        "12:57",
        "13:17",
        "13:57",
        "14:17",
        "14:57",
        "15:17",
        "15:57",
        "16:17",
        "16:57",
        "17:17",
        "17:57",
        "18:17",
        "18:57",
        "19:17",
        "20:17"
    ],
    "holiday": [
        "6:32",
        "6:52",
        "8:57",
        "9:17",
        "9:57",
        "10:17",
        "10:57",
        "11:17",
        "11:57",
        "12:17",
        "12:57",
        "13:17",
        "13:57",
        "14:17",
        "14:57",
        "15:17",
        "15:57",
        "16:17",
        "16:57",
        "17:17",
        "17:57",
        "18:17",
        "18:57",
        "19:17",
        "20:17"
    ],
    "url": "https://www.kanachu.co.jp/dia/diagram/timetable01_js/course:0000801398-5/node:00127997/kt:0/lname:/"
}
