{
    "system": "秦90",
    "busstops": [
        {
            "index": "1",
            "id": "00127772",
            "name": "南が丘公園前",
            "lat": "35.352008",
            "lng": "139.230594"
        },
        {
            "index": "2",
            "id": "00127771",
            "name": "南が丘三丁目",
            "lat": "35.352821",
            "lng": "139.226139"
        },
        {
            "index": "3",
            "id": "00127770",
            "name": "南が丘センター",
            "lat": "35.355198",
            "lng": "139.226755"
        },
        {
            "index": "4",
            "id": "00127769",
            "name": "秦野総合高校前",
            "lat": "35.358687",
            "lng": "139.225587"
        },
        {
            "index": "5",
            "id": "00127997",
            "name": "南が丘一丁目(秦野市)",
            "lat": "35.359895",
            "lng": "139.225288"
        },
        {
            "index": "6",
            "id": "00127768",
            "name": "小原台入口(秦野市)",
            "lat": "35.36268",
            "lng": "139.226772"
        },
        {
            "index": "7",
            "id": "00128038",
            "name": "上尾尻橋",
            "lat": "35.366082",
            "lng": "139.226163"
        },
        {
            "index": "8",
            "id": "00128054",
            "name": "秦野駅南口",
            "lat": "35.370145",
            "lng": "139.225385"
        }
    ],
    "route_url": "https://www.kanachu.co.jp/dia/route/index/cid:0000801398/"
}
