{
    "date": "2025/03/15",
    "name": "仲之桜",
    "position": "-",
    "system": "湘24",
    "destinations": [
        "六地蔵(藤沢市)",
        "遠藤(藤沢市)",
        "南大山",
        "工業団地入口(藤沢市)",
        "北警察署前(藤沢市)",
        "湘南台駅西口"
    ],
    "weekday": [
        "7:05",
        "8:05",
        "9:03",
        "10:10",
        "11:03",
        "12:08"
    ],
    "saturday": [],
    "holiday": [],
    "url": "https://www.kanachu.co.jp/dia/diagram/timetable01_js/course:0000800447-3/node:00129914/kt:0/lname:/"
}
