{
    "date": "2025/03/15",
    "name": "南大山",
    "position": "-",
    "system": "湘24",
    "destinations": [
        "工業団地入口(藤沢市)",
        "北警察署前(藤沢市)",
        "湘南台駅西口"
    ],
    "weekday": [
        "7:09",
        "8:09",
        "9:07",
        "10:14",
        "11:07",
        "12:12"
    ],
    "saturday": [],
    "holiday": [],
    "url": "https://www.kanachu.co.jp/dia/diagram/timetable01_js/course:0000800447-6/node:00129918/kt:0/lname:/"
}
