{
    "system": "湘24",
    "busstops": [
        {
            "index": "1",
            "id": "00129985",
            "name": "慶応大学",
            "lat": "35.389345",
            "lng": "139.43169"
        },
        {
            "index": "2",
            "id": "00129915",
            "name": "笹久保(藤沢市)",
            "lat": "35.39874",
            "lng": "139.435018"
        },
        {
            "index": "3",
            "id": "00129914",
            "name": "仲之桜",
            "lat": "35.398096",
            "lng": "139.439694"
        },
        {
            "index": "4",
            "id": "00129913",
            "name": "六地蔵(藤沢市)",
            "lat": "35.397287",
            "lng": "139.440327"
        },
        {
            "index": "5",
            "id": "00129919",
            "name": "遠藤(藤沢市)",
            "lat": "35.392813",
            "lng": "139.44225"
        },
        {
            "index": "6",
            "id": "00129918",
            "name": "南大山",
            "lat": "35.393316",
            "lng": "139.447382"
        },
        {
            "index": "7",
            "id": "00129909",
            "name": "工業団地入口(藤沢市)",
            "lat": "35.394452",
            "lng": "139.451869"
        },
        {
            "index": "8",
            "id": "00129895",
            "name": "北警察署前(藤沢市)",
            "lat": "35.395948",
            "lng": "139.457964"
        },
        {
            "index": "9",
            "id": "00129893",
            "name": "湘南台駅西口",
            "lat": "35.396197",
            "lng": "139.465719"
        }
    ],
    "route_url": "https://www.kanachu.co.jp/dia/route/index/cid:0000800447/"
}
