{
    "date": "2025/07/27",
    "name": "桜土手(秦野市)",
    "position": "-",
    "system": "秦08",
    "destinations": [
        "堀川東",
        "日立製作所(秦野市)",
        "日立南",
        "文化会館前(秦野市)",
        "水無瀬橋(秦野市)",
        "カルチャーパーク前",
        "浄屋入口",
        "富士見橋・警察署入口",
        "富士見町入口",
        "本町中学校前",
        "桜橋(秦野市)",
        "市役所前(秦野市)",
        "大川橋・本町小学校前",
        "まほろば大橋",
        "秦野駅"
    ],
    "weekday": [
        "7:32",
        "7:55",
        "8:11",
        "8:33",
        "9:33",
        "10:43",
        "11:43",
        "12:43",
        "13:43",
        "14:43",
        "15:43",
        "16:14",
        "16:43",
        "17:05",
        "17:35",
        "18:05",
        "18:39",
        "19:48"
    ],
    "saturday": [
        "7:46",
        "8:36",
        "9:46",
        "10:46",
        "11:59",
        "12:59",
        "13:59",
        "14:59",
        "15:59",
        "16:59"
    ],
    "holiday": [
        "7:46",
        "8:36",
        "9:46",
        "10:46",
        "11:59",
        "12:59",
        "13:59",
        "14:59",
        "15:59",
        "16:59"
    ],
    "url": "https://www.kanachu.co.jp/dia/diagram/timetable01_js/course:0000802746-3/node:00127990/kt:0/lname:/"
}
