{
    "date": "2025/07/27",
    "name": "本町中学校前",
    "position": "-",
    "system": "秦08",
    "destinations": [
        "桜橋(秦野市)",
        "市役所前(秦野市)",
        "大川橋・本町小学校前",
        "まほろば大橋",
        "秦野駅"
    ],
    "weekday": [
        "7:46",
        "8:09",
        "8:25",
        "8:47",
        "9:43",
        "10:53",
        "11:53",
        "12:53",
        "13:53",
        "14:53",
        "15:53",
        "16:24",
        "16:53",
        "17:19",
        "17:49",
        "18:19",
        "18:49",
        "19:58"
    ],
    "saturday": [
        "7:56",
        "8:46",
        "9:56",
        "10:56",
        "12:09",
        "13:09",
        "14:09",
        "15:09",
        "16:09",
        "17:09"
    ],
    "holiday": [
        "7:56",
        "8:46",
        "9:56",
        "10:56",
        "12:09",
        "13:09",
        "14:09",
        "15:09",
        "16:09",
        "17:09"
    ],
    "url": "https://www.kanachu.co.jp/dia/diagram/timetable01_js/course:0000802746-13/node:00127913/kt:0/lname:/"
}
