{
    "date": "2025/11/16",
    "name": "明石町(平塚市)",
    "position": "-",
    "system": "平28",
    "destinations": [
        "明石町四丁目",
        "見附町",
        "大鳥公園前(平塚市)",
        "桧扇町",
        "柳町入口",
        "中里(平塚市)",
        "貴峯荘前",
        "平塚農商高校",
        "上平塚",
        "神明下",
        "山下団地入口",
        "南河内(平塚市)",
        "高村団地入口",
        "坂間",
        "大町(平塚市)",
        "日向岡入口",
        "日向岡二丁目",
        "日向岡一丁目",
        "湘南日向岡"
    ],
    "weekday": [
        "6:35",
        "7:35",
        "8:05",
        "8:35",
        "9:05",
        "9:35",
        "10:05",
        "10:35",
        "11:05",
        "11:35",
        "12:05",
        "12:35",
        "13:05",
        "13:35",
        "14:05",
        "14:35",
        "15:05",
        "15:35",
        "16:05",
        "16:35",
        "17:05",
        "17:35",
        "18:05",
        "18:25",
        "18:45",
        "19:05",
        "19:25",
        "19:45",
        "20:05",
        "20:35",
        "21:05",
        "21:35",
        "22:35"
    ],
    "saturday": [
        "7:32",
        "8:32",
        "9:02",
        "9:42",
        "10:22",
        "11:02",
        "11:42",
        "12:22",
        "13:02",
        "13:42",
        "14:22",
        "15:02",
        "15:42",
        "16:22",
        "17:02",
        "17:42",
        "18:22",
        "19:02",
        "19:42",
        "20:22",
        "21:02",
        "21:32",
        "22:02"
    ],
    "holiday": [
        "7:32",
        "8:32",
        "9:02",
        "9:42",
        "10:22",
        "11:02",
        "11:42",
        "12:22",
        "13:02",
        "13:42",
        "14:22",
        "15:02",
        "15:42",
        "16:22",
        "17:02",
        "17:42",
        "18:22",
        "19:02",
        "19:42",
        "20:22",
        "21:02",
        "21:32",
        "22:02"
    ],
    "url": "https://www.kanachu.co.jp/dia/diagram/timetable01_js/course:0000803538-4/node:00127458/kt:0/lname:/"
}
