{
    "date": "2025/11/16",
    "name": "見附町",
    "position": "-",
    "system": "平28",
    "destinations": [
        "大鳥公園前(平塚市)",
        "桧扇町",
        "柳町入口",
        "中里(平塚市)",
        "貴峯荘前",
        "平塚農商高校",
        "上平塚",
        "神明下",
        "山下団地入口",
        "南河内(平塚市)",
        "高村団地入口",
        "坂間",
        "大町(平塚市)",
        "日向岡入口",
        "日向岡二丁目",
        "日向岡一丁目",
        "湘南日向岡"
    ],
    "weekday": [
        "6:37",
        "7:37",
        "8:07",
        "8:37",
        "9:07",
        "9:37",
        "10:07",
        "10:37",
        "11:07",
        "11:37",
        "12:07",
        "12:37",
        "13:07",
        "13:37",
        "14:07",
        "14:37",
        "15:07",
        "15:37",
        "16:07",
        "16:37",
        "17:07",
        "17:37",
        "18:07",
        "18:27",
        "18:47",
        "19:07",
        "19:27",
        "19:47",
        "20:07",
        "20:37",
        "21:07",
        "21:37",
        "22:37"
    ],
    "saturday": [
        "7:34",
        "8:34",
        "9:04",
        "9:44",
        "10:24",
        "11:04",
        "11:44",
        "12:24",
        "13:04",
        "13:44",
        "14:24",
        "15:04",
        "15:44",
        "16:24",
        "17:04",
        "17:44",
        "18:24",
        "19:04",
        "19:44",
        "20:24",
        "21:04",
        "21:34",
        "22:04"
    ],
    "holiday": [
        "7:34",
        "8:34",
        "9:04",
        "9:44",
        "10:24",
        "11:04",
        "11:44",
        "12:24",
        "13:04",
        "13:44",
        "14:24",
        "15:04",
        "15:44",
        "16:24",
        "17:04",
        "17:44",
        "18:24",
        "19:04",
        "19:44",
        "20:24",
        "21:04",
        "21:34",
        "22:04"
    ],
    "url": "https://www.kanachu.co.jp/dia/diagram/timetable01_js/course:0000803538-6/node:00127593/kt:0/lname:/"
}
