{
  "date": "2025/04/01",
  "name": "木曽南団地",
  "position": "-",
  "system": "町17",
  "destinations": [
    "町田総合高校前",
    "淡島公園入口",
    "根岸町内会館入口",
    "日向根トンネル",
    "矢部八幡前",
    "山王下(相模原市中央区)",
    "山王(相模原市中央区)",
    "小学校入口(相模原市中央区)",
    "淵野辺郵便局前",
    "幸町(相模原市中央区)",
    "淵野辺駅北口"
  ],
  "weekday": [
    "7:10",
    "8:11",
    "9:22",
    "10:22",
    "11:12",
    "12:12",
    "13:12",
    "14:12",
    "15:12",
    "16:22",
    "17:17",
    "18:27",
    "19:50"
  ],
  "saturday": [
    "7:30",
    "8:30",
    "9:30",
    "10:30",
    "11:32",
    "12:32",
    "13:32",
    "14:32",
    "15:32",
    "16:32",
    "17:32",
    "18:32",
    "19:32"
  ],
  "holiday": [
    "7:25",
    "8:25",
    "9:25",
    "10:25",
    "11:27",
    "12:27",
    "13:27",
    "14:27",
    "15:27",
    "16:27",
    "17:27",
    "18:27",
    "19:25"
  ],
  "url": "https://www.kanachu.co.jp/dia/diagram/timetable01_js/course:0000801123-13/node:00129384/kt:0/lname:/"
}