{
  "date": "2025/04/01",
  "name": "日向根トンネル",
  "position": "-",
  "system": "町17",
  "destinations": [
    "矢部八幡前",
    "山王下(相模原市中央区)",
    "山王(相模原市中央区)",
    "小学校入口(相模原市中央区)",
    "淵野辺郵便局前",
    "幸町(相模原市中央区)",
    "淵野辺駅北口"
  ],
  "weekday": [
    "7:15",
    "8:17",
    "9:28",
    "10:28",
    "11:18",
    "12:18",
    "13:18",
    "14:18",
    "15:18",
    "16:28",
    "17:23",
    "18:33",
    "19:55"
  ],
  "saturday": [
    "7:35",
    "8:36",
    "9:36",
    "10:36",
    "11:38",
    "12:38",
    "13:38",
    "14:38",
    "15:38",
    "16:38",
    "17:38",
    "18:38",
    "19:37"
  ],
  "holiday": [
    "7:30",
    "8:30",
    "9:31",
    "10:31",
    "11:33",
    "12:33",
    "13:33",
    "14:33",
    "15:33",
    "16:33",
    "17:33",
    "18:33",
    "19:30"
  ],
  "url": "https://www.kanachu.co.jp/dia/diagram/timetable01_js/course:0000801123-16/node:00129513/kt:0/lname:/"
}