{
    "date": "2025/04/19",
    "name": "県営住宅入口(座間市)",
    "position": "-",
    "system": "台01",
    "destinations": [
        "相武台前駅"
    ],
    "weekday": [
        "6:13",
        "6:48",
        "7:40",
        "8:40",
        "9:36",
        "10:36",
        "11:36",
        "12:36",
        "13:36",
        "14:36",
        "15:36",
        "16:36",
        "17:40",
        "18:40",
        "19:40",
        "20:36"
    ],
    "saturday": [
        "7:19",
        "8:19",
        "9:19",
        "10:19",
        "11:19",
        "12:19",
        "13:19",
        "14:19",
        "15:19",
        "16:19",
        "17:19",
        "18:19",
        "19:19",
        "20:16"
    ],
    "holiday": [
        "7:19",
        "8:19",
        "9:19",
        "10:19",
        "11:19",
        "12:19",
        "13:19",
        "14:19",
        "15:19",
        "16:19",
        "17:19",
        "18:19",
        "19:19"
    ],
    "url": "https://www.kanachu.co.jp/dia/diagram/timetable01_js/course:0000801232-9/node:00128595/kt:0/lname:/"
}
