{
    "system": "戸95",
    "busstops": [
        {
            "index": "1",
            "id": "00126775",
            "name": "戸塚バスセンター",
            "lat": "35.400278",
            "lng": "139.532222"
        },
        {
            "index": "2",
            "id": "00126809",
            "name": "消防署前(横浜市戸塚区)",
            "lat": "35.398563",
            "lng": "139.531015"
        },
        {
            "index": "3",
            "id": "00126810",
            "name": "八坂神社前",
            "lat": "35.394401",
            "lng": "139.529834"
        },
        {
            "index": "4",
            "id": "00126838",
            "name": "東電前(横浜市戸塚区)",
            "lat": "35.391916",
            "lng": "139.527632"
        },
        {
            "index": "5",
            "id": "00126839",
            "name": "皇谷台団地",
            "lat": "35.390104",
            "lng": "139.527634"
        },
        {
            "index": "6",
            "id": "00126840",
            "name": "法務局前(横浜市戸塚区)",
            "lat": "35.388416",
            "lng": "139.527587"
        },
        {
            "index": "7",
            "id": "00126841",
            "name": "長久保(横浜市戸塚区)",
            "lat": "35.386301",
            "lng": "139.526874"
        },
        {
            "index": "8",
            "id": "00126842",
            "name": "下郷(横浜市戸塚区)",
            "lat": "35.384313",
            "lng": "139.524805"
        },
        {
            "index": "9",
            "id": "00126843",
            "name": "日ノ出橋(横浜市戸塚区)",
            "lat": "35.380402",
            "lng": "139.525265"
        },
        {
            "index": "10",
            "id": "00126844",
            "name": "金井(横浜市栄区)",
            "lat": "35.378442",
            "lng": "139.525423"
        },
        {
            "index": "11",
            "id": "00126863",
            "name": "町内会館前(横浜市栄区)",
            "lat": "35.377398",
            "lng": "139.522933"
        },
        {
            "index": "12",
            "id": "00126864",
            "name": "戸塚台入口",
            "lat": "35.376042",
            "lng": "139.520237"
        },
        {
            "index": "13",
            "id": "00126865",
            "name": "原宿公園",
            "lat": "35.37885",
            "lng": "139.517732"
        },
        {
            "index": "14",
            "id": "00126866",
            "name": "戸塚台",
            "lat": "35.381391",
            "lng": "139.51673"
        },
        {
            "index": "15",
            "id": "00126867",
            "name": "戸塚台中央",
            "lat": "35.37905",
            "lng": "139.516566"
        }
    ],
    "route_url": "https://www.kanachu.co.jp/dia/route/index/cid:0000803552/"
}
