{
    "date": "2026/01/16",
    "name": "工場入口",
    "position": "-",
    "system": "橋59",
    "destinations": [
        "上四ツ谷",
        "堀の内(相模原市中央区)",
        "田名バスターミナル"
    ],
    "weekday": [
        "7:04",
        "7:42",
        "8:06",
        "8:41",
        "9:39",
        "10:39",
        "11:39",
        "12:39",
        "13:39",
        "14:39",
        "15:39",
        "16:39",
        "17:31",
        "18:11",
        "18:51",
        "19:29",
        "20:05",
        "20:44",
        "21:19"
    ],
    "saturday": [
        "7:03",
        "7:33",
        "8:03",
        "8:33",
        "9:33",
        "10:34",
        "11:34",
        "12:34",
        "13:34",
        "14:34",
        "15:34",
        "16:34",
        "17:14",
        "17:54",
        "18:34",
        "19:13",
        "19:53",
        "20:33",
        "21:13"
    ],
    "holiday": [
        "7:03",
        "7:33",
        "8:03",
        "8:33",
        "9:33",
        "10:34",
        "11:34",
        "12:34",
        "13:34",
        "14:34",
        "15:34",
        "16:37",
        "17:17",
        "17:57",
        "18:37",
        "19:16",
        "19:53",
        "20:33",
        "21:13"
    ],
    "url": "https://www.kanachu.co.jp/dia/diagram/timetable01_js/course:0000804009-9/node:00129138/kt:0/lname:/"
}
