{
    "date": "2025/11/16",
    "name": "台村町",
    "position": "-",
    "system": "中53",
    "destinations": [
        "中山駅"
    ],
    "weekday": [
        "6:04",
        "6:22",
        "6:52",
        "7:16",
        "7:31",
        "7:52",
        "8:06",
        "8:19",
        "8:55",
        "9:57",
        "10:57",
        "12:03",
        "13:05",
        "14:05",
        "15:05",
        "16:05",
        "17:05",
        "18:05",
        "19:05",
        "20:05",
        "20:51",
        "21:42"
    ],
    "saturday": [
        "6:04",
        "6:54",
        "7:09",
        "7:29",
        "7:57",
        "8:27",
        "9:32",
        "10:05",
        "10:50",
        "11:50",
        "12:50",
        "13:50",
        "14:50",
        "15:50",
        "16:50",
        "17:50",
        "18:50",
        "19:52",
        "20:52",
        "21:12"
    ],
    "holiday": [
        "7:11",
        "7:30",
        "8:05",
        "8:37",
        "9:27",
        "10:13",
        "10:50",
        "11:50",
        "12:50",
        "13:50",
        "14:50",
        "15:50",
        "16:50",
        "17:50",
        "18:50",
        "19:50",
        "20:52",
        "21:12"
    ],
    "url": "https://www.kanachu.co.jp/dia/diagram/timetable01_js/course:0000802183-23/node:00102701/kt:0/lname:/"
}
