{
    "date": "2025/03/15",
    "name": "六地蔵(藤沢市)",
    "position": "-",
    "system": "湘20",
    "destinations": [
        "仲之桜",
        "笹久保(藤沢市)",
        "菖蒲沢(藤沢市)",
        "西菖蒲沢",
        "御所見中学校前",
        "御所見市民センター前",
        "用田(藤沢市)",
        "用田辻",
        "用田神社入口",
        "松葉(藤沢市)",
        "女坂",
        "山根(綾瀬市)",
        "吉岡芝原",
        "綾瀬車庫(綾瀬市)"
    ],
    "weekday": [
        "7:36",
        "8:36",
        "9:36",
        "10:36",
        "11:36",
        "12:06",
        "12:51",
        "13:36",
        "14:06",
        "14:56",
        "15:31",
        "16:01",
        "16:31",
        "17:06",
        "17:36",
        "18:06",
        "18:41",
        "19:06",
        "19:36",
        "20:06",
        "20:36",
        "21:06",
        "21:36",
        "22:26"
    ],
    "saturday": [
        "7:36",
        "8:26",
        "9:46",
        "10:41",
        "11:06",
        "11:41",
        "12:06",
        "13:06",
        "13:31",
        "14:06",
        "14:31",
        "15:06",
        "15:31",
        "16:01",
        "16:31",
        "17:06",
        "17:31",
        "18:06",
        "18:31",
        "19:06",
        "19:31",
        "20:06",
        "20:33",
        "21:12"
    ],
    "holiday": [
        "7:36",
        "8:26",
        "9:46",
        "10:41",
        "11:06",
        "11:41",
        "12:06",
        "13:06",
        "13:31",
        "14:06",
        "14:31",
        "15:06",
        "15:31",
        "16:01",
        "16:31",
        "17:06",
        "17:31",
        "18:06",
        "18:31",
        "19:06",
        "19:31",
        "20:06",
        "20:33",
        "21:12"
    ],
    "url": "https://www.kanachu.co.jp/dia/diagram/timetable01_js/course:0000800582-7/node:00129913/kt:0/lname:/"
}
