{
    "date": "2025/03/15",
    "name": "仲之桜",
    "position": "-",
    "system": "湘20",
    "destinations": [
        "笹久保(藤沢市)",
        "菖蒲沢(藤沢市)",
        "西菖蒲沢",
        "御所見中学校前",
        "御所見市民センター前",
        "用田(藤沢市)",
        "用田辻",
        "用田神社入口",
        "松葉(藤沢市)",
        "女坂",
        "山根(綾瀬市)",
        "吉岡芝原",
        "綾瀬車庫(綾瀬市)"
    ],
    "weekday": [
        "7:37",
        "8:37",
        "9:37",
        "10:37",
        "11:37",
        "12:07",
        "12:52",
        "13:37",
        "14:07",
        "14:57",
        "15:32",
        "16:02",
        "16:32",
        "17:07",
        "17:37",
        "18:07",
        "18:42",
        "19:07",
        "19:37",
        "20:07",
        "20:37",
        "21:07",
        "21:37",
        "22:27"
    ],
    "saturday": [
        "7:37",
        "8:27",
        "9:47",
        "10:42",
        "11:07",
        "11:42",
        "12:07",
        "13:07",
        "13:32",
        "14:07",
        "14:32",
        "15:07",
        "15:32",
        "16:02",
        "16:32",
        "17:07",
        "17:32",
        "18:07",
        "18:32",
        "19:07",
        "19:32",
        "20:07",
        "20:34",
        "21:13"
    ],
    "holiday": [
        "7:37",
        "8:27",
        "9:47",
        "10:42",
        "11:07",
        "11:42",
        "12:07",
        "13:07",
        "13:32",
        "14:07",
        "14:32",
        "15:07",
        "15:32",
        "16:02",
        "16:32",
        "17:07",
        "17:32",
        "18:07",
        "18:32",
        "19:07",
        "19:32",
        "20:07",
        "20:34",
        "21:13"
    ],
    "url": "https://www.kanachu.co.jp/dia/diagram/timetable01_js/course:0000800582-8/node:00129914/kt:0/lname:/"
}
