{
    "system": "湘20",
    "busstops": [
        {
            "index": "1",
            "id": "00129893",
            "name": "湘南台駅西口",
            "lat": "35.396025",
            "lng": "139.46595"
        },
        {
            "index": "2",
            "id": "00129896",
            "name": "円行上庭",
            "lat": "35.39503",
            "lng": "139.460587"
        },
        {
            "index": "3",
            "id": "00129895",
            "name": "北警察署前(藤沢市)",
            "lat": "35.395787",
            "lng": "139.457893"
        },
        {
            "index": "4",
            "id": "00129910",
            "name": "加温処理場前",
            "lat": "35.395482",
            "lng": "139.451769"
        },
        {
            "index": "5",
            "id": "00129911",
            "name": "大山(藤沢市)",
            "lat": "35.394896",
            "lng": "139.448491"
        },
        {
            "index": "6",
            "id": "00129912",
            "name": "大下(藤沢市)",
            "lat": "35.395613",
            "lng": "139.444638"
        },
        {
            "index": "7",
            "id": "00129913",
            "name": "六地蔵(藤沢市)",
            "lat": "35.396446",
            "lng": "139.441355"
        },
        {
            "index": "8",
            "id": "00129914",
            "name": "仲之桜",
            "lat": "35.398129",
            "lng": "139.438601"
        },
        {
            "index": "9",
            "id": "00129915",
            "name": "笹久保(藤沢市)",
            "lat": "35.398562",
            "lng": "139.434139"
        },
        {
            "index": "10",
            "id": "00129916",
            "name": "菖蒲沢(藤沢市)",
            "lat": "35.398613",
            "lng": "139.429839"
        },
        {
            "index": "11",
            "id": "00129917",
            "name": "西菖蒲沢",
            "lat": "35.400356",
            "lng": "139.425809"
        },
        {
            "index": "12",
            "id": "00129824",
            "name": "御所見中学校前",
            "lat": "35.403211",
            "lng": "139.420234"
        },
        {
            "index": "13",
            "id": "00129825",
            "name": "御所見市民センター前",
            "lat": "35.403897",
            "lng": "139.417102"
        },
        {
            "index": "14",
            "id": "00129826",
            "name": "用田(藤沢市)",
            "lat": "35.403917",
            "lng": "139.414187"
        },
        {
            "index": "15",
            "id": "00129827",
            "name": "用田辻",
            "lat": "35.404761",
            "lng": "139.41319"
        },
        {
            "index": "16",
            "id": "00129840",
            "name": "用田神社入口",
            "lat": "35.408988",
            "lng": "139.414672"
        },
        {
            "index": "17",
            "id": "00129841",
            "name": "松葉(藤沢市)",
            "lat": "35.41451",
            "lng": "139.417823"
        },
        {
            "index": "18",
            "id": "00129842",
            "name": "女坂",
            "lat": "35.417412",
            "lng": "139.418886"
        },
        {
            "index": "19",
            "id": "00129843",
            "name": "山根(綾瀬市)",
            "lat": "35.42056",
            "lng": "139.423608"
        },
        {
            "index": "20",
            "id": "00129844",
            "name": "吉岡芝原",
            "lat": "35.424779",
            "lng": "139.428635"
        },
        {
            "index": "21",
            "id": "00129845",
            "name": "綾瀬車庫(綾瀬市)",
            "lat": "35.425558",
            "lng": "139.428205"
        }
    ],
    "route_url": "https://www.kanachu.co.jp/dia/route/index/cid:0000800582/"
}
