{
    "date": "2025/04/01",
    "name": "境川団地入口",
    "position": "",
    "system": "町15",
    "destinations": [
        "境川団地中央",
        "境川団地",
        "上横町",
        "木曽入口",
        "山崎団地入口",
        "山崎団地センター",
        "給水塔前(山崎団地/町田市)",
        "北一号(町田市)",
        "北二号(町田市)",
        "山崎団地"
    ],
    "weekday": [
        "9:27",
        "10:27",
        "11:27",
        "12:21"
    ],
    "saturday": [],
    "holiday": [],
    "url": "https://www.kanachu.co.jp/dia/diagram/timetable01_js/course:0000802965-10/node:00129380/kt:0/lname:/"
}
