{
    "date": "2025/03/15",
    "name": "住宅前(藤沢市下土棚)",
    "position": "-",
    "system": "長36",
    "destinations": [
        "坂下(藤沢市)",
        "下土棚",
        "いすゞ前",
        "大持",
        "山谷(藤沢市)",
        "東山田(藤沢市)",
        "葛原(藤沢市)",
        "出荷場前",
        "谷戸入口(藤沢市)",
        "宮下(藤沢市)",
        "上宮下",
        "天沼入口",
        "天沼(藤沢市)",
        "芝原入口",
        "新道向",
        "団地中央(綾瀬市)",
        "吉岡工業団地"
    ],
    "weekday": [
        "6:57",
        "8:17",
        "9:37",
        "13:12",
        "17:57"
    ],
    "saturday": [
        "9:12",
        "10:32",
        "11:52",
        "13:12",
        "14:12"
    ],
    "holiday": [
        "9:12",
        "10:32",
        "11:52",
        "13:12",
        "14:12"
    ],
    "url": "https://www.kanachu.co.jp/dia/diagram/timetable01_js/course:0000800544-3/node:00130196/kt:0/lname:/"
}
