{
    "date": "2025/04/01",
    "name": "きつねくぼ緑地前",
    "position": "-",
    "system": "鶴26",
    "destinations": [
        "東平(町田市)",
        "広袴中央",
        "真光寺中学校入口",
        "鶴川台中央",
        "真光寺会館入口",
        "真光寺緑地入口",
        "真光寺公園"
    ],
    "weekday": [
        "6:38",
        "6:53",
        "7:08",
        "7:28",
        "7:44",
        "7:58",
        "8:13",
        "8:33",
        "8:48",
        "9:08",
        "9:38",
        "10:08",
        "10:38",
        "11:08",
        "11:38",
        "12:08",
        "12:38",
        "13:08",
        "13:38",
        "14:08",
        "14:38",
        "15:08",
        "15:38",
        "16:08",
        "16:38",
        "17:08",
        "17:28",
        "17:48",
        "18:08",
        "18:23",
        "18:39",
        "18:53",
        "19:08",
        "19:23",
        "19:38",
        "19:53",
        "20:08",
        "20:23",
        "20:39",
        "20:58",
        "21:18",
        "21:39",
        "21:58",
        "22:28",
        "22:58"
    ],
    "saturday": [
        "7:38",
        "7:58",
        "8:18",
        "8:38",
        "8:58",
        "9:28",
        "9:58",
        "10:18",
        "10:38",
        "11:08",
        "11:38",
        "12:08",
        "12:38",
        "13:08",
        "13:38",
        "14:08",
        "14:38",
        "15:08",
        "15:38",
        "16:08",
        "16:38",
        "17:08",
        "17:28",
        "17:48",
        "18:08",
        "18:28",
        "18:48",
        "19:08",
        "19:28",
        "19:48",
        "20:08",
        "20:28",
        "20:48",
        "21:08",
        "21:38",
        "22:08"
    ],
    "holiday": [
        "7:58",
        "8:18",
        "8:38",
        "8:58",
        "9:28",
        "9:58",
        "10:18",
        "10:38",
        "11:08",
        "11:38",
        "12:08",
        "12:38",
        "13:08",
        "13:38",
        "14:08",
        "14:38",
        "15:08",
        "15:38",
        "16:08",
        "16:38",
        "17:08",
        "17:28",
        "17:48",
        "18:08",
        "18:28",
        "18:48",
        "19:08",
        "19:38",
        "20:08",
        "20:38",
        "21:08",
        "21:38",
        "22:08"
    ],
    "url": "https://www.kanachu.co.jp/dia/diagram/timetable01_js/course:0000803469-4/node:00130512/kt:0/lname:/"
}
