{
    "date": "2024/04/01",
    "name": "相模大野駅北口",
    "position": "-",
    "system": "大60",
    "destinations": [
        "相模女子大前",
        "谷口台小学校前",
        "上原団地",
        "御園二丁目",
        "みゆき台団地",
        "御園五丁目",
        "双葉入口",
        "桜台(相模原市南区)",
        "水道路(相模原市南区)",
        "麻溝台",
        "麻溝台中学校入口",
        "工業団地入口(相模原市)",
        "麻溝台一丁目",
        "麻溝台工業団地",
        "総合体育館前(相模原市南区)",
        "女子美術大学"
    ],
    "weekday": [
        "10:00",
        "10:10",
        "10:20",
        "10:35",
        "10:50",
        "11:20",
        "11:50",
        "12:05",
        "12:15",
        "12:23",
        "12:30",
        "12:38",
        "12:45",
        "13:20",
        "13:50",
        "14:20",
        "14:50",
        "15:20",
        "15:50",
        "16:20",
        "17:15",
        "17:40",
        "18:10",
        "18:40",
        "19:00"
    ],
    "saturday": [
        "10:00",
        "10:20",
        "10:45",
        "11:00",
        "11:20",
        "11:45",
        "12:00",
        "12:15",
        "12:40",
        "13:00",
        "13:30",
        "14:00",
        "14:40",
        "15:00",
        "15:30",
        "16:00",
        "16:30",
        "17:00",
        "17:30",
        "18:00",
        "18:30",
        "19:00"
    ],
    "holiday": [
        "7:40",
        "8:00",
        "8:25",
        "9:00",
        "9:25",
        "10:00",
        "10:25",
        "11:00",
        "11:25",
        "12:00",
        "12:25",
        "13:00",
        "13:25",
        "14:00",
        "14:25",
        "15:00",
        "15:25",
        "16:00",
        "16:25",
        "17:00",
        "17:25",
        "18:05",
        "18:20",
        "18:50",
        "19:05",
        "19:20"
    ],
    "url": "https://www.kanachu.co.jp/dia/diagram/timetable01_js/course:0000803418-1/node:00114298/kt:0/lname:/"
}
