{
    "date": "2024/04/01",
    "name": "上原団地",
    "position": "-",
    "system": "大60",
    "destinations": [
        "御園二丁目",
        "みゆき台団地",
        "御園五丁目",
        "双葉入口",
        "桜台(相模原市南区)",
        "水道路(相模原市南区)",
        "麻溝台",
        "麻溝台中学校入口",
        "工業団地入口(相模原市)",
        "麻溝台一丁目",
        "麻溝台工業団地",
        "総合体育館前(相模原市南区)",
        "女子美術大学"
    ],
    "weekday": [
        "10:04",
        "10:14",
        "10:24",
        "10:39",
        "10:54",
        "11:24",
        "11:54",
        "12:09",
        "12:19",
        "12:27",
        "12:34",
        "12:42",
        "12:49",
        "13:24",
        "13:54",
        "14:24",
        "14:54",
        "15:24",
        "15:54",
        "16:24",
        "17:20",
        "17:45",
        "18:15",
        "18:45",
        "19:04"
    ],
    "saturday": [
        "10:04",
        "10:24",
        "10:49",
        "11:04",
        "11:24",
        "11:49",
        "12:04",
        "12:19",
        "12:44",
        "13:04",
        "13:34",
        "14:04",
        "14:44",
        "15:04",
        "15:34",
        "16:04",
        "16:34",
        "17:04",
        "17:34",
        "18:04",
        "18:34",
        "19:04"
    ],
    "holiday": [
        "7:44",
        "8:04",
        "8:29",
        "9:04",
        "9:29",
        "10:04",
        "10:29",
        "11:04",
        "11:29",
        "12:04",
        "12:29",
        "13:04",
        "13:29",
        "14:04",
        "14:29",
        "15:04",
        "15:29",
        "16:04",
        "16:29",
        "17:04",
        "17:29",
        "18:09",
        "18:24",
        "18:54",
        "19:09",
        "19:24"
    ],
    "url": "https://www.kanachu.co.jp/dia/diagram/timetable01_js/course:0000803418-4/node:00129078/kt:0/lname:/"
}
