{
    "system": "大60",
    "busstops": [
        {
            "index": "1",
            "id": "00114298",
            "name": "相模大野駅北口",
            "lat": "35.531606",
            "lng": "139.43659"
        },
        {
            "index": "2",
            "id": "00129150",
            "name": "相模女子大前",
            "lat": "35.531956",
            "lng": "139.43034"
        },
        {
            "index": "3",
            "id": "00129279",
            "name": "谷口台小学校前",
            "lat": "35.53166",
            "lng": "139.426886"
        },
        {
            "index": "4",
            "id": "00129078",
            "name": "上原団地",
            "lat": "35.531433",
            "lng": "139.424193"
        },
        {
            "index": "5",
            "id": "00129260",
            "name": "御園二丁目",
            "lat": "35.528644",
            "lng": "139.420529"
        },
        {
            "index": "6",
            "id": "00129258",
            "name": "みゆき台団地",
            "lat": "35.527356",
            "lng": "139.41889"
        },
        {
            "index": "7",
            "id": "00129261",
            "name": "御園五丁目",
            "lat": "35.525253",
            "lng": "139.415092"
        },
        {
            "index": "8",
            "id": "00129242",
            "name": "双葉入口",
            "lat": "35.524241",
            "lng": "139.412458"
        },
        {
            "index": "9",
            "id": "00129694",
            "name": "桜台(相模原市南区)",
            "lat": "35.524118",
            "lng": "139.409146"
        },
        {
            "index": "10",
            "id": "00129695",
            "name": "水道路(相模原市南区)",
            "lat": "35.524636",
            "lng": "139.407298"
        },
        {
            "index": "11",
            "id": "00129696",
            "name": "麻溝台",
            "lat": "35.527323",
            "lng": "139.406394"
        },
        {
            "index": "12",
            "id": "00129697",
            "name": "麻溝台中学校入口",
            "lat": "35.530949",
            "lng": "139.405847"
        },
        {
            "index": "13",
            "id": "00130530",
            "name": "工業団地入口(相模原市)",
            "lat": "35.532721",
            "lng": "139.405122"
        },
        {
            "index": "14",
            "id": "00129310",
            "name": "麻溝台一丁目",
            "lat": "35.532387",
            "lng": "139.401998"
        },
        {
            "index": "15",
            "id": "00129311",
            "name": "麻溝台工業団地",
            "lat": "35.531951",
            "lng": "139.397824"
        },
        {
            "index": "16",
            "id": "00129178",
            "name": "総合体育館前(相模原市南区)",
            "lat": "35.529471",
            "lng": "139.393667"
        },
        {
            "index": "17",
            "id": "00129312",
            "name": "女子美術大学",
            "lat": "35.52912",
            "lng": "139.38992"
        }
    ],
    "route_url": "https://www.kanachu.co.jp/dia/route/index/cid:0000803418/"
}
