{
    "date": "2025/04/19",
    "name": "相模女子大前",
    "position": "-",
    "system": "大58",
    "destinations": [
        "谷口台小学校前",
        "上原団地",
        "御園二丁目",
        "みゆき台団地",
        "御園五丁目",
        "双葉入口",
        "桜台(相模原市南区)",
        "水道路(相模原市南区)",
        "麻溝台",
        "麻溝台中学校入口",
        "さがみ緑風園前"
    ],
    "weekday": [],
    "saturday": [
        "21:22",
        "21:47"
    ],
    "holiday": [],
    "url": "https://www.kanachu.co.jp/dia/diagram/timetable01_js/course:0000802991-2/node:00129150/kt:0/lname:/"
}
