{
    "date": "2025/08/04",
    "name": "相原中央",
    "position": "-",
    "system": "橋28",
    "destinations": [
        "相原台",
        "大西(相模原市緑区)",
        "上町(相模原市緑区)",
        "緑区合同庁舎前(相模原市緑区)",
        "橋本二丁目",
        "橋本駅南口"
    ],
    "weekday": [
        "6:27",
        "7:04",
        "7:28",
        "8:04",
        "9:04"
    ],
    "saturday": [
        "7:02",
        "7:49",
        "8:59",
        "9:50"
    ],
    "holiday": [
        "7:49",
        "8:59",
        "9:50"
    ],
    "url": "https://www.kanachu.co.jp/dia/diagram/timetable01_js/course:0000800214-13/node:00128965/kt:0/lname:/"
}
