{
    "date": "2025/08/30",
    "name": "戸塚駅東口",
    "position": "-",
    "system": "戸38",
    "destinations": [
        "矢部町",
        "元町(横浜市戸塚区)",
        "ブリヂストン前",
        "不動坂(横浜市戸塚区)",
        "ポーラ前(横浜市戸塚区)",
        "柏尾(横浜市戸塚区)",
        "赤関橋",
        "品濃口",
        "国道平戸",
        "坂下口",
        "山谷(横浜市戸塚区)",
        "平和台",
        "狩場町",
        "児童遊園地入口",
        "権太坂上",
        "権太坂",
        "元町橋交番前",
        "樹源寺前",
        "保土ヶ谷町2丁目",
        "八幡橋(横浜市保土ケ谷区)",
        "保土ヶ谷橋",
        "保土ヶ谷駅東口"
    ],
    "weekday": [
        "6:12",
        "6:27",
        "6:40",
        "6:55",
        "7:09",
        "7:31",
        "7:43",
        "8:02",
        "8:25",
        "8:46",
        "9:04",
        "9:26",
        "9:46",
        "10:06",
        "10:26",
        "10:45",
        "11:06",
        "11:26",
        "11:46",
        "12:06",
        "12:26",
        "12:45",
        "13:06",
        "13:26",
        "13:45",
        "14:06",
        "14:26",
        "14:45",
        "15:06",
        "15:26",
        "15:46",
        "16:06",
        "16:26",
        "16:45",
        "17:06",
        "17:26",
        "17:46",
        "18:04",
        "18:21",
        "18:41",
        "18:58",
        "19:18",
        "19:40",
        "20:10",
        "20:41",
        "21:20",
        "22:05",
        "22:50",
        "23:28"
    ],
    "saturday": [
        "6:00",
        "6:24",
        "7:05",
        "7:25",
        "7:47",
        "8:25",
        "8:47",
        "9:06",
        "9:25",
        "10:09",
        "10:28",
        "11:06",
        "11:28",
        "12:06",
        "12:28",
        "13:06",
        "13:28",
        "14:06",
        "14:28",
        "14:46",
        "15:06",
        "15:28",
        "15:46",
        "16:06",
        "16:26",
        "16:46",
        "17:06",
        "17:26",
        "17:46",
        "18:04",
        "18:18",
        "18:40",
        "19:05",
        "19:35",
        "20:17",
        "21:07",
        "21:40",
        "22:15"
    ],
    "holiday": [
        "6:00",
        "6:24",
        "7:05",
        "7:25",
        "7:47",
        "8:25",
        "8:47",
        "9:06",
        "9:25",
        "10:09",
        "10:28",
        "11:06",
        "11:28",
        "12:06",
        "12:28",
        "13:06",
        "13:28",
        "14:06",
        "14:28",
        "14:46",
        "15:06",
        "15:28",
        "15:46",
        "16:06",
        "16:26",
        "16:46",
        "17:06",
        "17:26",
        "17:46",
        "18:04",
        "18:18",
        "18:40",
        "19:05",
        "19:35",
        "20:17",
        "21:07"
    ],
    "url": "https://www.kanachu.co.jp/dia/diagram/timetable01_js/course:0000802078-1/node:00080742/kt:0/lname:/"
}
