{
    "date": "2025/08/30",
    "name": "元町(横浜市戸塚区)",
    "position": "-",
    "system": "戸38",
    "destinations": [
        "ブリヂストン前",
        "不動坂(横浜市戸塚区)",
        "ポーラ前(横浜市戸塚区)",
        "柏尾(横浜市戸塚区)",
        "赤関橋",
        "品濃口",
        "国道平戸",
        "坂下口",
        "山谷(横浜市戸塚区)",
        "平和台",
        "狩場町",
        "児童遊園地入口",
        "権太坂上",
        "権太坂",
        "元町橋交番前",
        "樹源寺前",
        "保土ヶ谷町2丁目",
        "八幡橋(横浜市保土ケ谷区)",
        "保土ヶ谷橋",
        "保土ヶ谷駅東口"
    ],
    "weekday": [
        "6:14",
        "6:29",
        "6:42",
        "6:57",
        "7:11",
        "7:33",
        "7:45",
        "8:04",
        "8:27",
        "8:48",
        "9:06",
        "9:28",
        "9:48",
        "10:08",
        "10:28",
        "10:47",
        "11:08",
        "11:28",
        "11:48",
        "12:08",
        "12:28",
        "12:47",
        "13:08",
        "13:28",
        "13:47",
        "14:08",
        "14:28",
        "14:47",
        "15:08",
        "15:28",
        "15:48",
        "16:08",
        "16:28",
        "16:47",
        "17:08",
        "17:28",
        "17:48",
        "18:06",
        "18:23",
        "18:43",
        "19:00",
        "19:20",
        "19:42",
        "20:12",
        "20:43",
        "21:22",
        "22:07",
        "22:52",
        "23:30"
    ],
    "saturday": [
        "6:02",
        "6:26",
        "7:07",
        "7:27",
        "7:49",
        "8:27",
        "8:49",
        "9:08",
        "9:27",
        "10:11",
        "10:30",
        "11:08",
        "11:30",
        "12:08",
        "12:30",
        "13:08",
        "13:30",
        "14:08",
        "14:30",
        "14:48",
        "15:08",
        "15:30",
        "15:48",
        "16:08",
        "16:28",
        "16:48",
        "17:08",
        "17:28",
        "17:48",
        "18:06",
        "18:20",
        "18:42",
        "19:07",
        "19:37",
        "20:19",
        "21:09",
        "21:42",
        "22:17"
    ],
    "holiday": [
        "6:02",
        "6:26",
        "7:07",
        "7:27",
        "7:49",
        "8:27",
        "8:49",
        "9:08",
        "9:27",
        "10:11",
        "10:30",
        "11:08",
        "11:30",
        "12:08",
        "12:30",
        "13:08",
        "13:30",
        "14:08",
        "14:30",
        "14:48",
        "15:08",
        "15:30",
        "15:48",
        "16:08",
        "16:28",
        "16:48",
        "17:08",
        "17:28",
        "17:48",
        "18:06",
        "18:20",
        "18:42",
        "19:07",
        "19:37",
        "20:19",
        "21:09"
    ],
    "url": "https://www.kanachu.co.jp/dia/diagram/timetable01_js/course:0000802078-3/node:00126611/kt:0/lname:/"
}
