{
    "date": "2025/08/30",
    "name": "不動坂(横浜市戸塚区)",
    "position": "-",
    "system": "戸38",
    "destinations": [
        "ポーラ前(横浜市戸塚区)",
        "柏尾(横浜市戸塚区)",
        "赤関橋",
        "品濃口",
        "国道平戸",
        "坂下口",
        "山谷(横浜市戸塚区)",
        "平和台",
        "狩場町",
        "児童遊園地入口",
        "権太坂上",
        "権太坂",
        "元町橋交番前",
        "樹源寺前",
        "保土ヶ谷町2丁目",
        "八幡橋(横浜市保土ケ谷区)",
        "保土ヶ谷橋",
        "保土ヶ谷駅東口"
    ],
    "weekday": [
        "6:18",
        "6:33",
        "6:46",
        "7:01",
        "7:15",
        "7:37",
        "7:49",
        "8:08",
        "8:31",
        "8:52",
        "9:10",
        "9:32",
        "9:52",
        "10:12",
        "10:32",
        "10:51",
        "11:12",
        "11:32",
        "11:52",
        "12:12",
        "12:32",
        "12:51",
        "13:12",
        "13:32",
        "13:51",
        "14:12",
        "14:32",
        "14:51",
        "15:12",
        "15:32",
        "15:52",
        "16:12",
        "16:32",
        "16:51",
        "17:12",
        "17:32",
        "17:52",
        "18:10",
        "18:27",
        "18:47",
        "19:04",
        "19:24",
        "19:46",
        "20:16",
        "20:47",
        "21:26",
        "22:11",
        "22:56",
        "23:34"
    ],
    "saturday": [
        "6:06",
        "6:30",
        "7:11",
        "7:31",
        "7:53",
        "8:31",
        "8:53",
        "9:12",
        "9:31",
        "10:15",
        "10:34",
        "11:12",
        "11:34",
        "12:12",
        "12:34",
        "13:12",
        "13:34",
        "14:12",
        "14:34",
        "14:52",
        "15:12",
        "15:34",
        "15:52",
        "16:12",
        "16:32",
        "16:52",
        "17:12",
        "17:32",
        "17:52",
        "18:10",
        "18:24",
        "18:46",
        "19:11",
        "19:41",
        "20:23",
        "21:13",
        "21:46",
        "22:21"
    ],
    "holiday": [
        "6:06",
        "6:30",
        "7:11",
        "7:31",
        "7:53",
        "8:31",
        "8:53",
        "9:12",
        "9:31",
        "10:15",
        "10:34",
        "11:12",
        "11:34",
        "12:12",
        "12:34",
        "13:12",
        "13:34",
        "14:12",
        "14:34",
        "14:52",
        "15:12",
        "15:34",
        "15:52",
        "16:12",
        "16:32",
        "16:52",
        "17:12",
        "17:32",
        "17:52",
        "18:10",
        "18:24",
        "18:46",
        "19:11",
        "19:41",
        "20:23",
        "21:13"
    ],
    "url": "https://www.kanachu.co.jp/dia/diagram/timetable01_js/course:0000802078-5/node:00126613/kt:0/lname:/"
}
