{
    "date": "2025/08/30",
    "name": "ポーラ前(横浜市戸塚区)",
    "position": "-",
    "system": "戸38",
    "destinations": [
        "柏尾(横浜市戸塚区)",
        "赤関橋",
        "品濃口",
        "国道平戸",
        "坂下口",
        "山谷(横浜市戸塚区)",
        "平和台",
        "狩場町",
        "児童遊園地入口",
        "権太坂上",
        "権太坂",
        "元町橋交番前",
        "樹源寺前",
        "保土ヶ谷町2丁目",
        "八幡橋(横浜市保土ケ谷区)",
        "保土ヶ谷橋",
        "保土ヶ谷駅東口"
    ],
    "weekday": [
        "6:20",
        "6:35",
        "6:48",
        "7:03",
        "7:17",
        "7:39",
        "7:51",
        "8:10",
        "8:33",
        "8:54",
        "9:12",
        "9:34",
        "9:54",
        "10:14",
        "10:34",
        "10:53",
        "11:14",
        "11:34",
        "11:54",
        "12:14",
        "12:34",
        "12:53",
        "13:14",
        "13:34",
        "13:53",
        "14:14",
        "14:34",
        "14:53",
        "15:14",
        "15:34",
        "15:54",
        "16:14",
        "16:34",
        "16:53",
        "17:14",
        "17:34",
        "17:54",
        "18:12",
        "18:29",
        "18:49",
        "19:06",
        "19:26",
        "19:48",
        "20:18",
        "20:49",
        "21:28",
        "22:13",
        "22:58",
        "23:36"
    ],
    "saturday": [
        "6:08",
        "6:32",
        "7:13",
        "7:33",
        "7:55",
        "8:33",
        "8:55",
        "9:14",
        "9:33",
        "10:17",
        "10:36",
        "11:14",
        "11:36",
        "12:14",
        "12:36",
        "13:14",
        "13:36",
        "14:14",
        "14:36",
        "14:54",
        "15:14",
        "15:36",
        "15:54",
        "16:14",
        "16:34",
        "16:54",
        "17:14",
        "17:34",
        "17:54",
        "18:12",
        "18:26",
        "18:48",
        "19:13",
        "19:43",
        "20:25",
        "21:15",
        "21:48",
        "22:23"
    ],
    "holiday": [
        "6:08",
        "6:32",
        "7:13",
        "7:33",
        "7:55",
        "8:33",
        "8:55",
        "9:14",
        "9:33",
        "10:17",
        "10:36",
        "11:14",
        "11:36",
        "12:14",
        "12:36",
        "13:14",
        "13:36",
        "14:14",
        "14:36",
        "14:54",
        "15:14",
        "15:36",
        "15:54",
        "16:14",
        "16:34",
        "16:54",
        "17:14",
        "17:34",
        "17:54",
        "18:12",
        "18:26",
        "18:48",
        "19:13",
        "19:43",
        "20:25",
        "21:15"
    ],
    "url": "https://www.kanachu.co.jp/dia/diagram/timetable01_js/course:0000802078-6/node:00126614/kt:0/lname:/"
}
