{
    "date": "2025/08/30",
    "name": "赤関橋",
    "position": "-",
    "system": "戸38",
    "destinations": [
        "品濃口",
        "国道平戸",
        "坂下口",
        "山谷(横浜市戸塚区)",
        "平和台",
        "狩場町",
        "児童遊園地入口",
        "権太坂上",
        "権太坂",
        "元町橋交番前",
        "樹源寺前",
        "保土ヶ谷町2丁目",
        "八幡橋(横浜市保土ケ谷区)",
        "保土ヶ谷橋",
        "保土ヶ谷駅東口"
    ],
    "weekday": [
        "6:25",
        "6:40",
        "6:53",
        "7:08",
        "7:22",
        "7:44",
        "7:56",
        "8:15",
        "8:38",
        "8:59",
        "9:17",
        "9:39",
        "9:59",
        "10:19",
        "10:39",
        "10:58",
        "11:19",
        "11:39",
        "11:59",
        "12:19",
        "12:39",
        "12:58",
        "13:19",
        "13:39",
        "13:58",
        "14:19",
        "14:39",
        "14:58",
        "15:19",
        "15:39",
        "15:59",
        "16:19",
        "16:39",
        "16:58",
        "17:19",
        "17:39",
        "17:59",
        "18:17",
        "18:34",
        "18:54",
        "19:11",
        "19:31",
        "19:53",
        "20:23",
        "20:54",
        "21:33",
        "22:18",
        "23:03",
        "23:41"
    ],
    "saturday": [
        "6:13",
        "6:37",
        "7:18",
        "7:38",
        "8:00",
        "8:38",
        "9:00",
        "9:19",
        "9:38",
        "10:22",
        "10:41",
        "11:19",
        "11:41",
        "12:19",
        "12:41",
        "13:19",
        "13:41",
        "14:19",
        "14:41",
        "14:59",
        "15:19",
        "15:41",
        "15:59",
        "16:19",
        "16:39",
        "16:59",
        "17:19",
        "17:39",
        "17:59",
        "18:17",
        "18:31",
        "18:53",
        "19:18",
        "19:48",
        "20:30",
        "21:20",
        "21:53",
        "22:28"
    ],
    "holiday": [
        "6:13",
        "6:37",
        "7:18",
        "7:38",
        "8:00",
        "8:38",
        "9:00",
        "9:19",
        "9:38",
        "10:22",
        "10:41",
        "11:19",
        "11:41",
        "12:19",
        "12:41",
        "13:19",
        "13:41",
        "14:19",
        "14:41",
        "14:59",
        "15:19",
        "15:41",
        "15:59",
        "16:19",
        "16:39",
        "16:59",
        "17:19",
        "17:39",
        "17:59",
        "18:17",
        "18:31",
        "18:53",
        "19:18",
        "19:48",
        "20:30",
        "21:20"
    ],
    "url": "https://www.kanachu.co.jp/dia/diagram/timetable01_js/course:0000802078-8/node:00126616/kt:0/lname:/"
}
