{
    "date": "2025/08/30",
    "name": "国道平戸",
    "position": "-",
    "system": "戸38",
    "destinations": [
        "坂下口",
        "山谷(横浜市戸塚区)",
        "平和台",
        "狩場町",
        "児童遊園地入口",
        "権太坂上",
        "権太坂",
        "元町橋交番前",
        "樹源寺前",
        "保土ヶ谷町2丁目",
        "八幡橋(横浜市保土ケ谷区)",
        "保土ヶ谷橋",
        "保土ヶ谷駅東口"
    ],
    "weekday": [
        "6:28",
        "6:43",
        "6:56",
        "7:11",
        "7:25",
        "7:47",
        "7:59",
        "8:18",
        "8:41",
        "9:02",
        "9:20",
        "9:42",
        "10:02",
        "10:22",
        "10:42",
        "11:01",
        "11:22",
        "11:42",
        "12:02",
        "12:22",
        "12:42",
        "13:01",
        "13:22",
        "13:42",
        "14:01",
        "14:22",
        "14:42",
        "15:01",
        "15:22",
        "15:42",
        "16:02",
        "16:22",
        "16:42",
        "17:01",
        "17:22",
        "17:42",
        "18:02",
        "18:20",
        "18:37",
        "18:57",
        "19:14",
        "19:34",
        "19:56",
        "20:26",
        "20:57",
        "21:36",
        "22:21",
        "23:06",
        "23:44"
    ],
    "saturday": [
        "6:16",
        "6:40",
        "7:21",
        "7:41",
        "8:03",
        "8:41",
        "9:03",
        "9:22",
        "9:41",
        "10:25",
        "10:44",
        "11:22",
        "11:44",
        "12:22",
        "12:44",
        "13:22",
        "13:44",
        "14:22",
        "14:44",
        "15:02",
        "15:22",
        "15:44",
        "16:02",
        "16:22",
        "16:42",
        "17:02",
        "17:22",
        "17:42",
        "18:02",
        "18:20",
        "18:34",
        "18:56",
        "19:21",
        "19:51",
        "20:33",
        "21:23",
        "21:56",
        "22:31"
    ],
    "holiday": [
        "6:16",
        "6:40",
        "7:21",
        "7:41",
        "8:03",
        "8:41",
        "9:03",
        "9:22",
        "9:41",
        "10:25",
        "10:44",
        "11:22",
        "11:44",
        "12:22",
        "12:44",
        "13:22",
        "13:44",
        "14:22",
        "14:44",
        "15:02",
        "15:22",
        "15:44",
        "16:02",
        "16:22",
        "16:42",
        "17:02",
        "17:22",
        "17:42",
        "18:02",
        "18:20",
        "18:34",
        "18:56",
        "19:21",
        "19:51",
        "20:33",
        "21:23"
    ],
    "url": "https://www.kanachu.co.jp/dia/diagram/timetable01_js/course:0000802078-10/node:00126618/kt:0/lname:/"
}
