{
    "date": "2025/08/30",
    "name": "権太坂上",
    "position": "-",
    "system": "戸38",
    "destinations": [
        "権太坂",
        "元町橋交番前",
        "樹源寺前",
        "保土ヶ谷町2丁目",
        "八幡橋(横浜市保土ケ谷区)",
        "保土ヶ谷橋",
        "保土ヶ谷駅東口"
    ],
    "weekday": [
        "6:37",
        "6:52",
        "7:05",
        "7:20",
        "7:34",
        "7:56",
        "8:08",
        "8:27",
        "8:50",
        "9:11",
        "9:29",
        "9:51",
        "10:11",
        "10:31",
        "10:51",
        "11:10",
        "11:31",
        "11:51",
        "12:11",
        "12:31",
        "12:51",
        "13:10",
        "13:31",
        "13:51",
        "14:10",
        "14:31",
        "14:51",
        "15:10",
        "15:31",
        "15:51",
        "16:11",
        "16:31",
        "16:51",
        "17:10",
        "17:31",
        "17:51",
        "18:11",
        "18:29",
        "18:46",
        "19:06",
        "19:23",
        "19:43",
        "20:05",
        "20:35",
        "21:06",
        "21:45",
        "22:30",
        "23:15",
        "23:53"
    ],
    "saturday": [
        "6:25",
        "6:49",
        "7:30",
        "7:50",
        "8:12",
        "8:50",
        "9:12",
        "9:31",
        "9:50",
        "10:34",
        "10:53",
        "11:31",
        "11:53",
        "12:31",
        "12:53",
        "13:31",
        "13:53",
        "14:31",
        "14:53",
        "15:11",
        "15:31",
        "15:53",
        "16:11",
        "16:31",
        "16:51",
        "17:11",
        "17:31",
        "17:51",
        "18:11",
        "18:29",
        "18:43",
        "19:05",
        "19:30",
        "20:00",
        "20:42",
        "21:32",
        "22:05",
        "22:40"
    ],
    "holiday": [
        "6:25",
        "6:49",
        "7:30",
        "7:50",
        "8:12",
        "8:50",
        "9:12",
        "9:31",
        "9:50",
        "10:34",
        "10:53",
        "11:31",
        "11:53",
        "12:31",
        "12:53",
        "13:31",
        "13:53",
        "14:31",
        "14:53",
        "15:11",
        "15:31",
        "15:53",
        "16:11",
        "16:31",
        "16:51",
        "17:11",
        "17:31",
        "17:51",
        "18:11",
        "18:29",
        "18:43",
        "19:05",
        "19:30",
        "20:00",
        "20:42",
        "21:32"
    ],
    "url": "https://www.kanachu.co.jp/dia/diagram/timetable01_js/course:0000802078-16/node:00102509/kt:0/lname:/"
}
