{
    "date": "2025/08/30",
    "name": "権太坂",
    "position": "-",
    "system": "戸38",
    "destinations": [
        "元町橋交番前",
        "樹源寺前",
        "保土ヶ谷町2丁目",
        "八幡橋(横浜市保土ケ谷区)",
        "保土ヶ谷橋",
        "保土ヶ谷駅東口"
    ],
    "weekday": [
        "6:38",
        "6:53",
        "7:07",
        "7:22",
        "7:36",
        "7:58",
        "8:10",
        "8:29",
        "8:52",
        "9:12",
        "9:30",
        "9:52",
        "10:12",
        "10:32",
        "10:52",
        "11:11",
        "11:32",
        "11:52",
        "12:12",
        "12:32",
        "12:52",
        "13:11",
        "13:32",
        "13:52",
        "14:11",
        "14:32",
        "14:52",
        "15:11",
        "15:32",
        "15:52",
        "16:12",
        "16:32",
        "16:52",
        "17:11",
        "17:32",
        "17:52",
        "18:12",
        "18:30",
        "18:47",
        "19:07",
        "19:24",
        "19:44",
        "20:06",
        "20:36",
        "21:07",
        "21:46",
        "22:31",
        "23:16",
        "23:54"
    ],
    "saturday": [
        "6:26",
        "6:50",
        "7:31",
        "7:51",
        "8:13",
        "8:51",
        "9:13",
        "9:32",
        "9:51",
        "10:36",
        "10:55",
        "11:33",
        "11:55",
        "12:33",
        "12:55",
        "13:33",
        "13:55",
        "14:33",
        "14:55",
        "15:13",
        "15:33",
        "15:55",
        "16:13",
        "16:33",
        "16:53",
        "17:13",
        "17:33",
        "17:53",
        "18:13",
        "18:31",
        "18:45",
        "19:06",
        "19:31",
        "20:01",
        "20:43",
        "21:33",
        "22:06",
        "22:41"
    ],
    "holiday": [
        "6:26",
        "6:50",
        "7:31",
        "7:51",
        "8:13",
        "8:51",
        "9:13",
        "9:32",
        "9:51",
        "10:36",
        "10:55",
        "11:33",
        "11:55",
        "12:33",
        "12:55",
        "13:33",
        "13:55",
        "14:33",
        "14:55",
        "15:13",
        "15:33",
        "15:55",
        "16:13",
        "16:33",
        "16:53",
        "17:13",
        "17:33",
        "17:53",
        "18:13",
        "18:31",
        "18:45",
        "19:06",
        "19:31",
        "20:01",
        "20:43",
        "21:33"
    ],
    "url": "https://www.kanachu.co.jp/dia/diagram/timetable01_js/course:0000802078-17/node:00102508/kt:0/lname:/"
}
