{
    "date": "2025/08/30",
    "name": "八幡橋(横浜市保土ケ谷区)",
    "position": "-",
    "system": "戸38",
    "destinations": [
        "保土ヶ谷橋",
        "保土ヶ谷駅東口"
    ],
    "weekday": [
        "6:45",
        "7:00",
        "7:15",
        "7:30",
        "7:44",
        "8:06",
        "8:18",
        "8:37",
        "9:00",
        "9:19",
        "9:37",
        "9:59",
        "10:19",
        "10:39",
        "10:59",
        "11:18",
        "11:39",
        "11:59",
        "12:19",
        "12:39",
        "12:59",
        "13:18",
        "13:39",
        "13:59",
        "14:18",
        "14:39",
        "14:59",
        "15:18",
        "15:39",
        "15:59",
        "16:19",
        "16:39",
        "16:59",
        "17:18",
        "17:39",
        "17:59",
        "18:19",
        "18:37",
        "18:54",
        "19:14",
        "19:31",
        "19:51",
        "20:13",
        "20:43",
        "21:14",
        "21:53",
        "22:38",
        "23:23",
        "24:01"
    ],
    "saturday": [
        "6:33",
        "6:57",
        "7:38",
        "7:58",
        "8:20",
        "8:58",
        "9:20",
        "9:39",
        "9:58",
        "10:44",
        "11:03",
        "11:41",
        "12:03",
        "12:41",
        "13:03",
        "13:41",
        "14:03",
        "14:41",
        "15:03",
        "15:21",
        "15:41",
        "16:03",
        "16:21",
        "16:41",
        "17:01",
        "17:21",
        "17:41",
        "18:01",
        "18:21",
        "18:39",
        "18:53",
        "19:13",
        "19:38",
        "20:08",
        "20:50",
        "21:40",
        "22:13",
        "22:48"
    ],
    "holiday": [
        "6:33",
        "6:57",
        "7:38",
        "7:58",
        "8:20",
        "8:58",
        "9:20",
        "9:39",
        "9:58",
        "10:44",
        "11:03",
        "11:41",
        "12:03",
        "12:41",
        "13:03",
        "13:41",
        "14:03",
        "14:41",
        "15:03",
        "15:21",
        "15:41",
        "16:03",
        "16:21",
        "16:41",
        "17:01",
        "17:21",
        "17:41",
        "18:01",
        "18:21",
        "18:39",
        "18:53",
        "19:13",
        "19:38",
        "20:08",
        "20:50",
        "21:40"
    ],
    "url": "https://www.kanachu.co.jp/dia/diagram/timetable01_js/course:0000802078-21/node:00102921/kt:0/lname:/"
}
