{
    "date": "2025/10/20",
    "name": "上和田団地",
    "position": "-",
    "system": "高01",
    "destinations": [
        "団地入口(大和市)",
        "上和田(上和田団地側/大和市)",
        "上和田南",
        "高座渋谷駅東口",
        "学校前(大和市下和田)",
        "下和田(大和市)",
        "いちょう団地"
    ],
    "weekday": [
        "6:45",
        "7:22",
        "8:07",
        "8:57",
        "9:47",
        "10:37",
        "11:27",
        "12:17",
        "13:07",
        "13:57",
        "14:47",
        "15:37",
        "16:27",
        "17:17",
        "18:07",
        "18:57"
    ],
    "saturday": [
        "8:07",
        "9:07",
        "10:07",
        "11:07",
        "12:07",
        "13:07",
        "14:07",
        "15:07",
        "16:07",
        "17:07",
        "18:07",
        "19:10"
    ],
    "holiday": [
        "8:07",
        "9:07",
        "10:07",
        "11:07",
        "12:07",
        "13:07",
        "14:07",
        "15:07",
        "16:07",
        "17:07",
        "18:07",
        "19:10"
    ],
    "url": "https://www.kanachu.co.jp/dia/diagram/timetable01_js/course:0000800197-1/node:00129643/kt:0/lname:/"
}
