{
    "date": "2024/07/01",
    "name": "吹上(横浜市戸塚区)",
    "position": "-",
    "system": "戸52",
    "destinations": [
        "西横浜国際総合病院前",
        "新道大坂上",
        "大坂上(横浜市戸塚区)",
        "大坂台",
        "大坂下",
        "八坂神社前",
        "消防署前(横浜市戸塚区)",
        "戸塚駅西口",
        "戸塚バスセンター"
    ],
    "weekday": [
        "5:41"
    ],
    "saturday": [],
    "holiday": [],
    "url": "https://www.kanachu.co.jp/dia/diagram/timetable01_js/course:0000803595-1/node:00126816/kt:0/lname:/"
}
