{
    "date": "2025/08/30",
    "name": "天王山橋",
    "position": "-",
    "system": "東02",
    "destinations": [
        "前田ハイツ前",
        "川上小学校前(横浜市戸塚区)",
        "公園前(横浜市戸塚区)",
        "富士山下",
        "秋葉",
        "秋葉三叉路",
        "柏尾(横浜市戸塚区)",
        "ポーラ前(横浜市戸塚区)",
        "不動坂(横浜市戸塚区)",
        "舞岡町入口",
        "舞岡商店街",
        "舞岡中学校前",
        "西根",
        "舞岡"
    ],
    "weekday": [
        "8:54",
        "9:54",
        "10:54",
        "11:24",
        "11:54",
        "12:24",
        "12:54",
        "13:24",
        "13:54",
        "14:24",
        "14:54",
        "15:24",
        "15:54",
        "16:24",
        "16:54",
        "17:24",
        "17:54",
        "18:17",
        "18:47",
        "19:17",
        "19:54",
        "20:24",
        "20:54",
        "21:30",
        "21:54",
        "22:33",
        "23:07"
    ],
    "saturday": [
        "9:54",
        "10:54",
        "11:24",
        "11:54",
        "12:24",
        "12:54",
        "13:24",
        "13:54",
        "14:24",
        "14:54",
        "15:24",
        "15:54",
        "16:24",
        "16:54",
        "17:24",
        "17:54",
        "18:24",
        "18:54",
        "19:30",
        "19:54",
        "20:30",
        "20:54",
        "21:36",
        "22:10"
    ],
    "holiday": [
        "9:54",
        "10:54",
        "11:24",
        "11:54",
        "12:24",
        "12:54",
        "13:24",
        "13:54",
        "14:24",
        "14:54",
        "15:24",
        "15:54",
        "16:24",
        "16:54",
        "17:24",
        "17:54",
        "18:24",
        "18:54",
        "19:30",
        "19:54",
        "20:30",
        "20:54",
        "21:36",
        "22:10"
    ],
    "url": "https://www.kanachu.co.jp/dia/diagram/timetable01_js/course:0000801775-2/node:00126648/kt:0/lname:/"
}
