{
    "date": "2025/08/30",
    "name": "公園前(横浜市戸塚区)",
    "position": "-",
    "system": "東02",
    "destinations": [
        "富士山下",
        "秋葉",
        "秋葉三叉路",
        "柏尾(横浜市戸塚区)",
        "ポーラ前(横浜市戸塚区)",
        "不動坂(横浜市戸塚区)",
        "舞岡町入口",
        "舞岡商店街",
        "舞岡中学校前",
        "西根",
        "舞岡"
    ],
    "weekday": [
        "8:57",
        "9:57",
        "10:57",
        "11:27",
        "11:57",
        "12:27",
        "12:57",
        "13:27",
        "13:57",
        "14:27",
        "14:57",
        "15:27",
        "15:57",
        "16:27",
        "16:57",
        "17:27",
        "17:57",
        "18:20",
        "18:50",
        "19:20",
        "19:57",
        "20:27",
        "20:57",
        "21:33",
        "21:57",
        "22:36",
        "23:10"
    ],
    "saturday": [
        "9:57",
        "10:57",
        "11:27",
        "11:57",
        "12:27",
        "12:57",
        "13:27",
        "13:57",
        "14:27",
        "14:57",
        "15:27",
        "15:57",
        "16:27",
        "16:57",
        "17:27",
        "17:57",
        "18:27",
        "18:57",
        "19:33",
        "19:57",
        "20:33",
        "20:57",
        "21:39",
        "22:13"
    ],
    "holiday": [
        "9:57",
        "10:57",
        "11:27",
        "11:57",
        "12:27",
        "12:57",
        "13:27",
        "13:57",
        "14:27",
        "14:57",
        "15:27",
        "15:57",
        "16:27",
        "16:57",
        "17:27",
        "17:57",
        "18:27",
        "18:57",
        "19:33",
        "19:57",
        "20:33",
        "20:57",
        "21:39",
        "22:13"
    ],
    "url": "https://www.kanachu.co.jp/dia/diagram/timetable01_js/course:0000801775-5/node:00126651/kt:0/lname:/"
}
