{
    "date": "2025/08/30",
    "name": "秋葉",
    "position": "-",
    "system": "東02",
    "destinations": [
        "秋葉三叉路",
        "柏尾(横浜市戸塚区)",
        "ポーラ前(横浜市戸塚区)",
        "不動坂(横浜市戸塚区)",
        "舞岡町入口",
        "舞岡商店街",
        "舞岡中学校前",
        "西根",
        "舞岡"
    ],
    "weekday": [
        "9:02",
        "10:02",
        "11:02",
        "11:32",
        "12:02",
        "12:32",
        "13:02",
        "13:32",
        "14:02",
        "14:32",
        "15:02",
        "15:32",
        "16:02",
        "16:32",
        "17:02",
        "17:32",
        "18:02",
        "18:25",
        "18:55",
        "19:25",
        "20:02",
        "20:32",
        "21:02",
        "21:38",
        "22:02",
        "22:41",
        "23:15"
    ],
    "saturday": [
        "10:02",
        "11:02",
        "11:32",
        "12:02",
        "12:32",
        "13:02",
        "13:32",
        "14:02",
        "14:32",
        "15:02",
        "15:32",
        "16:02",
        "16:32",
        "17:02",
        "17:32",
        "18:02",
        "18:32",
        "19:02",
        "19:38",
        "20:02",
        "20:38",
        "21:02",
        "21:44",
        "22:18"
    ],
    "holiday": [
        "10:02",
        "11:02",
        "11:32",
        "12:02",
        "12:32",
        "13:02",
        "13:32",
        "14:02",
        "14:32",
        "15:02",
        "15:32",
        "16:02",
        "16:32",
        "17:02",
        "17:32",
        "18:02",
        "18:32",
        "19:02",
        "19:38",
        "20:02",
        "20:38",
        "21:02",
        "21:44",
        "22:18"
    ],
    "url": "https://www.kanachu.co.jp/dia/diagram/timetable01_js/course:0000801775-7/node:00126662/kt:0/lname:/"
}
