{
    "date": "2025/08/30",
    "name": "ポーラ前(横浜市戸塚区)",
    "position": "-",
    "system": "東02",
    "destinations": [
        "不動坂(横浜市戸塚区)",
        "舞岡町入口",
        "舞岡商店街",
        "舞岡中学校前",
        "西根",
        "舞岡"
    ],
    "weekday": [
        "9:08",
        "10:08",
        "11:08",
        "11:38",
        "12:08",
        "12:38",
        "13:08",
        "13:38",
        "14:08",
        "14:38",
        "15:08",
        "15:38",
        "16:08",
        "16:38",
        "17:08",
        "17:38",
        "18:08",
        "18:31",
        "19:01",
        "19:31",
        "20:08",
        "20:38",
        "21:08",
        "21:44",
        "22:08",
        "22:47",
        "23:21"
    ],
    "saturday": [
        "10:08",
        "11:08",
        "11:38",
        "12:08",
        "12:38",
        "13:08",
        "13:38",
        "14:08",
        "14:38",
        "15:08",
        "15:38",
        "16:08",
        "16:38",
        "17:08",
        "17:38",
        "18:08",
        "18:38",
        "19:08",
        "19:44",
        "20:08",
        "20:44",
        "21:08",
        "21:50",
        "22:24"
    ],
    "holiday": [
        "10:08",
        "11:08",
        "11:38",
        "12:08",
        "12:38",
        "13:08",
        "13:38",
        "14:08",
        "14:38",
        "15:08",
        "15:38",
        "16:08",
        "16:38",
        "17:08",
        "17:38",
        "18:08",
        "18:38",
        "19:08",
        "19:44",
        "20:08",
        "20:44",
        "21:08",
        "21:50",
        "22:24"
    ],
    "url": "https://www.kanachu.co.jp/dia/diagram/timetable01_js/course:0000801775-10/node:00126614/kt:0/lname:/"
}
