{
    "system": "東02",
    "busstops": [
        {
            "index": "1",
            "id": "00126647",
            "name": "東戸塚駅東口",
            "lat": "35.430434",
            "lng": "139.557276"
        },
        {
            "index": "2",
            "id": "00126648",
            "name": "天王山橋",
            "lat": "35.427273",
            "lng": "139.554084"
        },
        {
            "index": "3",
            "id": "00126649",
            "name": "前田ハイツ前",
            "lat": "35.427233",
            "lng": "139.549422"
        },
        {
            "index": "4",
            "id": "00126650",
            "name": "川上小学校前(横浜市戸塚区)",
            "lat": "35.427317",
            "lng": "139.545182"
        },
        {
            "index": "5",
            "id": "00126651",
            "name": "公園前(横浜市戸塚区)",
            "lat": "35.427884",
            "lng": "139.542076"
        },
        {
            "index": "6",
            "id": "00126663",
            "name": "富士山下",
            "lat": "35.425958",
            "lng": "139.541537"
        },
        {
            "index": "7",
            "id": "00126662",
            "name": "秋葉",
            "lat": "35.423782",
            "lng": "139.544541"
        },
        {
            "index": "8",
            "id": "00126661",
            "name": "秋葉三叉路",
            "lat": "35.421112",
            "lng": "139.54813"
        },
        {
            "index": "9",
            "id": "00126615",
            "name": "柏尾(横浜市戸塚区)",
            "lat": "35.417918",
            "lng": "139.548279"
        },
        {
            "index": "10",
            "id": "00126614",
            "name": "ポーラ前(横浜市戸塚区)",
            "lat": "35.416766",
            "lng": "139.54639"
        },
        {
            "index": "11",
            "id": "00126613",
            "name": "不動坂(横浜市戸塚区)",
            "lat": "35.413425",
            "lng": "139.541594"
        },
        {
            "index": "12",
            "id": "00126643",
            "name": "舞岡町入口",
            "lat": "35.411223",
            "lng": "139.541094"
        },
        {
            "index": "13",
            "id": "00126727",
            "name": "舞岡商店街",
            "lat": "35.410737",
            "lng": "139.543117"
        },
        {
            "index": "14",
            "id": "00126644",
            "name": "舞岡中学校前",
            "lat": "35.410363",
            "lng": "139.544753"
        },
        {
            "index": "15",
            "id": "00126645",
            "name": "西根",
            "lat": "35.410223",
            "lng": "139.547381"
        },
        {
            "index": "16",
            "id": "00126646",
            "name": "舞岡",
            "lat": "35.409491",
            "lng": "139.550744"
        }
    ],
    "route_url": "https://www.kanachu.co.jp/dia/route/index/cid:0000801775/"
}
