{
    "date": "2023/10/01",
    "name": "中央林間内山",
    "position": "-",
    "system": "",
    "destinations": [
        "つる舞の里歴史資料館",
        "つきみ野北農園",
        "つきみ野2号公園",
        "つきみ野8丁目",
        "つる舞の里歴史資料館",
        "つきみ野駅",
        "つきみ野メディカルセンター",
        "上村(大和市)",
        "下村",
        "二津屋",
        "城山(大和市)",
        "山谷(大和市)",
        "つきみ野2丁目南",
        "つきみ野1丁目",
        "代官山",
        "南林間駅東口",
        "鶴間中前",
        "鶴間駅東口",
        "鶴間二丁目",
        "オークシティ南",
        "市立病院(大和市)"
    ],
    "weekday": [
        "18:58"
    ],
    "saturday": [
        "17:58"
    ],
    "holiday": [
        "17:58"
    ],
    "url": "https://www.kanachu.co.jp/dia/diagram/timetable01_js/course:0000803398-2/node:00130438/kt:0/lname:/"
}
