{
    "date": "2023/10/01",
    "name": "つる舞の里歴史資料館",
    "position": "-",
    "system": "",
    "destinations": [
        "つきみ野駅",
        "つきみ野メディカルセンター",
        "上村(大和市)",
        "下村",
        "二津屋",
        "城山(大和市)",
        "山谷(大和市)",
        "つきみ野2丁目南",
        "つきみ野1丁目",
        "代官山",
        "南林間駅東口",
        "鶴間中前",
        "鶴間駅東口",
        "鶴間二丁目",
        "オークシティ南",
        "市立病院(大和市)"
    ],
    "weekday": [
        "19:08"
    ],
    "saturday": [
        "18:08"
    ],
    "holiday": [
        "18:08"
    ],
    "url": "https://www.kanachu.co.jp/dia/diagram/timetable01_js/course:0000803398-7/node:00130439/kt:0/lname:/"
}
