{
    "date": "2023/10/01",
    "name": "二津屋",
    "position": "-",
    "system": "",
    "destinations": [
        "城山(大和市)",
        "山谷(大和市)",
        "つきみ野2丁目南",
        "つきみ野1丁目",
        "代官山",
        "南林間駅東口",
        "鶴間中前",
        "鶴間駅東口",
        "鶴間二丁目",
        "オークシティ南",
        "市立病院(大和市)"
    ],
    "weekday": [
        "19:17"
    ],
    "saturday": [
        "18:17"
    ],
    "holiday": [
        "18:17"
    ],
    "url": "https://www.kanachu.co.jp/dia/diagram/timetable01_js/course:0000803398-12/node:00130444/kt:0/lname:/"
}
