{
    "date": "2023/10/01",
    "name": "つきみ野2丁目南",
    "position": "-",
    "system": "",
    "destinations": [
        "つきみ野1丁目",
        "代官山",
        "南林間駅東口",
        "鶴間中前",
        "鶴間駅東口",
        "鶴間二丁目",
        "オークシティ南",
        "市立病院(大和市)"
    ],
    "weekday": [
        "19:22"
    ],
    "saturday": [
        "18:22"
    ],
    "holiday": [
        "18:22"
    ],
    "url": "https://www.kanachu.co.jp/dia/diagram/timetable01_js/course:0000803398-15/node:00130462/kt:0/lname:/"
}
