{
    "system": "",
    "busstops": [
        {
            "index": "1",
            "id": "00130458",
            "name": "中央林間駅",
            "lat": "35.507228",
            "lng": "139.445366"
        },
        {
            "index": "2",
            "id": "00130438",
            "name": "中央林間内山",
            "lat": "35.510573",
            "lng": "139.451581"
        },
        {
            "index": "3",
            "id": "00130439",
            "name": "つる舞の里歴史資料館",
            "lat": "35.513311",
            "lng": "139.454285"
        },
        {
            "index": "4",
            "id": "00130460",
            "name": "つきみ野北農園",
            "lat": "35.513743",
            "lng": "139.451568"
        },
        {
            "index": "5",
            "id": "00130441",
            "name": "つきみ野2号公園",
            "lat": "35.516797",
            "lng": "139.45388"
        },
        {
            "index": "6",
            "id": "00130440",
            "name": "つきみ野8丁目",
            "lat": "35.516121",
            "lng": "139.452646"
        },
        {
            "index": "7",
            "id": "00130439",
            "name": "つる舞の里歴史資料館",
            "lat": "35.513311",
            "lng": "139.454285"
        },
        {
            "index": "8",
            "id": "00129604",
            "name": "つきみ野駅",
            "lat": "35.510649",
            "lng": "139.457654"
        },
        {
            "index": "9",
            "id": "00130461",
            "name": "つきみ野メディカルセンター",
            "lat": "35.512448",
            "lng": "139.458544"
        },
        {
            "index": "10",
            "id": "00130442",
            "name": "上村(大和市)",
            "lat": "35.514385",
            "lng": "139.46029"
        },
        {
            "index": "11",
            "id": "00130443",
            "name": "下村",
            "lat": "35.515212",
            "lng": "139.463372"
        },
        {
            "index": "12",
            "id": "00130444",
            "name": "二津屋",
            "lat": "35.511959",
            "lng": "139.463705"
        },
        {
            "index": "13",
            "id": "00130445",
            "name": "城山(大和市)",
            "lat": "35.509398",
            "lng": "139.463962"
        },
        {
            "index": "14",
            "id": "00130446",
            "name": "山谷(大和市)",
            "lat": "35.507708",
            "lng": "139.463801"
        },
        {
            "index": "15",
            "id": "00130462",
            "name": "つきみ野2丁目南",
            "lat": "35.503559",
            "lng": "139.461924"
        },
        {
            "index": "16",
            "id": "00130452",
            "name": "つきみ野1丁目",
            "lat": "35.501797",
            "lng": "139.455639"
        },
        {
            "index": "17",
            "id": "00130451",
            "name": "代官山",
            "lat": "35.499131",
            "lng": "139.451404"
        },
        {
            "index": "18",
            "id": "00130412",
            "name": "南林間駅東口",
            "lat": "35.496312",
            "lng": "139.448183"
        },
        {
            "index": "19",
            "id": "00130450",
            "name": "鶴間中前",
            "lat": "35.494286",
            "lng": "139.454022"
        },
        {
            "index": "20",
            "id": "00129523",
            "name": "鶴間駅東口",
            "lat": "35.490169",
            "lng": "139.451911"
        },
        {
            "index": "21",
            "id": "00129524",
            "name": "鶴間二丁目",
            "lat": "35.490881",
            "lng": "139.454499"
        },
        {
            "index": "22",
            "id": "00130449",
            "name": "オークシティ南",
            "lat": "35.487845",
            "lng": "139.457493"
        },
        {
            "index": "23",
            "id": "00129741",
            "name": "市立病院(大和市)",
            "lat": "35.486766",
            "lng": "139.458541"
        }
    ],
    "route_url": "https://www.kanachu.co.jp/dia/route/index/cid:0000803398/"
}
