{
    "date": "2025/07/12",
    "name": "伊勢山入口",
    "position": "-",
    "system": "藤35",
    "destinations": [
        "修道院下",
        "修道院前",
        "関東航空前",
        "石原谷",
        "荏原工業団地"
    ],
    "weekday": [
        "16:41",
        "17:41",
        "18:16",
        "18:44",
        "19:19",
        "19:59"
    ],
    "saturday": [
        "7:58",
        "9:03",
        "9:43",
        "10:44",
        "11:44",
        "12:44",
        "13:44",
        "14:44",
        "15:46",
        "16:46",
        "17:46",
        "18:44",
        "19:43"
    ],
    "holiday": [
        "7:58",
        "9:03",
        "9:43",
        "10:44",
        "11:44",
        "12:44",
        "13:44",
        "14:44",
        "15:46",
        "16:46",
        "17:46",
        "18:44",
        "19:43"
    ],
    "url": "https://www.kanachu.co.jp/dia/diagram/timetable01_js/course:0000800981-8/node:00127063/kt:0/lname:/"
}
