{
    "date": "2025/07/12",
    "name": "修道院下",
    "position": "-",
    "system": "藤35",
    "destinations": [
        "修道院前",
        "関東航空前",
        "石原谷",
        "荏原工業団地"
    ],
    "weekday": [
        "16:42",
        "17:42",
        "18:17",
        "18:45",
        "19:20",
        "20:00"
    ],
    "saturday": [
        "7:59",
        "9:04",
        "9:44",
        "10:45",
        "11:45",
        "12:45",
        "13:45",
        "14:45",
        "15:47",
        "16:47",
        "17:47",
        "18:45",
        "19:44"
    ],
    "holiday": [
        "7:59",
        "9:04",
        "9:44",
        "10:45",
        "11:45",
        "12:45",
        "13:45",
        "14:45",
        "15:47",
        "16:47",
        "17:47",
        "18:45",
        "19:44"
    ],
    "url": "https://www.kanachu.co.jp/dia/diagram/timetable01_js/course:0000800981-9/node:00127064/kt:0/lname:/"
}
