{
    "date": "2024/12/16",
    "name": "松岩寺",
    "position": "-",
    "system": "平34",
    "destinations": [
        "中沢橋",
        "長久保(平塚市)",
        "公所(平塚市)",
        "堀の内(平塚市)",
        "河内富士見",
        "纒公民館前",
        "川井(平塚市)",
        "纒入口",
        "南原土手",
        "南原(平塚市)",
        "向原(平塚市)",
        "江南高校前",
        "追分(平塚市)",
        "立野町(平塚市)",
        "横浜ゴム前",
        "市役所前(ゴム前/平塚市)",
        "四ツ角(平塚市)",
        "平塚駅北口"
    ],
    "weekday": [
        "6:44",
        "7:48",
        "9:43",
        "10:40",
        "11:27",
        "12:27",
        "13:27",
        "14:27",
        "15:27",
        "16:27",
        "17:29",
        "17:59"
    ],
    "saturday": [
        "8:14",
        "9:14",
        "10:14"
    ],
    "holiday": [
        "8:14",
        "9:14",
        "10:14"
    ],
    "url": "https://www.kanachu.co.jp/dia/diagram/timetable01_js/course:0000800414-1/node:00127552/kt:0/lname:/"
}
