{
    "date": "2024/12/16",
    "name": "公所(平塚市)",
    "position": "-",
    "system": "平34",
    "destinations": [
        "堀の内(平塚市)",
        "河内富士見",
        "纒公民館前",
        "川井(平塚市)",
        "纒入口",
        "南原土手",
        "南原(平塚市)",
        "向原(平塚市)",
        "江南高校前",
        "追分(平塚市)",
        "立野町(平塚市)",
        "横浜ゴム前",
        "市役所前(ゴム前/平塚市)",
        "四ツ角(平塚市)",
        "平塚駅北口"
    ],
    "weekday": [
        "6:47",
        "7:52",
        "9:46",
        "10:43",
        "11:30",
        "12:30",
        "13:30",
        "14:30",
        "15:30",
        "16:30",
        "17:32",
        "18:02"
    ],
    "saturday": [
        "8:17",
        "9:17",
        "10:17"
    ],
    "holiday": [
        "8:17",
        "9:17",
        "10:17"
    ],
    "url": "https://www.kanachu.co.jp/dia/diagram/timetable01_js/course:0000800414-4/node:00127567/kt:0/lname:/"
}
