{
    "date": "2024/12/16",
    "name": "堀の内(平塚市)",
    "position": "-",
    "system": "平34",
    "destinations": [
        "河内富士見",
        "纒公民館前",
        "川井(平塚市)",
        "纒入口",
        "南原土手",
        "南原(平塚市)",
        "向原(平塚市)",
        "江南高校前",
        "追分(平塚市)",
        "立野町(平塚市)",
        "横浜ゴム前",
        "市役所前(ゴム前/平塚市)",
        "四ツ角(平塚市)",
        "平塚駅北口"
    ],
    "weekday": [
        "6:48",
        "7:53",
        "9:47",
        "10:44",
        "11:31",
        "12:31",
        "13:31",
        "14:31",
        "15:31",
        "16:31",
        "17:33",
        "18:03"
    ],
    "saturday": [
        "8:18",
        "9:18",
        "10:18"
    ],
    "holiday": [
        "8:18",
        "9:18",
        "10:18"
    ],
    "url": "https://www.kanachu.co.jp/dia/diagram/timetable01_js/course:0000800414-5/node:00127566/kt:0/lname:/"
}
