{
    "date": "2024/12/16",
    "name": "河内富士見",
    "position": "-",
    "system": "平34",
    "destinations": [
        "纒公民館前",
        "川井(平塚市)",
        "纒入口",
        "南原土手",
        "南原(平塚市)",
        "向原(平塚市)",
        "江南高校前",
        "追分(平塚市)",
        "立野町(平塚市)",
        "横浜ゴム前",
        "市役所前(ゴム前/平塚市)",
        "四ツ角(平塚市)",
        "平塚駅北口"
    ],
    "weekday": [
        "6:49",
        "7:54",
        "9:48",
        "10:45",
        "11:32",
        "12:32",
        "13:32",
        "14:32",
        "15:32",
        "16:32",
        "17:34",
        "18:04"
    ],
    "saturday": [
        "8:19",
        "9:19",
        "10:19"
    ],
    "holiday": [
        "8:19",
        "9:19",
        "10:19"
    ],
    "url": "https://www.kanachu.co.jp/dia/diagram/timetable01_js/course:0000800414-6/node:00127744/kt:0/lname:/"
}
