{
    "date": "2024/12/16",
    "name": "纒公民館前",
    "position": "-",
    "system": "平34",
    "destinations": [
        "川井(平塚市)",
        "纒入口",
        "南原土手",
        "南原(平塚市)",
        "向原(平塚市)",
        "江南高校前",
        "追分(平塚市)",
        "立野町(平塚市)",
        "横浜ゴム前",
        "市役所前(ゴム前/平塚市)",
        "四ツ角(平塚市)",
        "平塚駅北口"
    ],
    "weekday": [
        "6:50",
        "7:55",
        "9:49",
        "10:46",
        "11:33",
        "12:33",
        "13:33",
        "14:33",
        "15:33",
        "16:33",
        "17:35",
        "18:05"
    ],
    "saturday": [
        "8:20",
        "9:20",
        "10:20"
    ],
    "holiday": [
        "8:20",
        "9:20",
        "10:20"
    ],
    "url": "https://www.kanachu.co.jp/dia/diagram/timetable01_js/course:0000800414-7/node:00127743/kt:0/lname:/"
}
