{
    "date": "2024/12/16",
    "name": "川井(平塚市)",
    "position": "-",
    "system": "平34",
    "destinations": [
        "纒入口",
        "南原土手",
        "南原(平塚市)",
        "向原(平塚市)",
        "江南高校前",
        "追分(平塚市)",
        "立野町(平塚市)",
        "横浜ゴム前",
        "市役所前(ゴム前/平塚市)",
        "四ツ角(平塚市)",
        "平塚駅北口"
    ],
    "weekday": [
        "6:51",
        "7:56",
        "9:50",
        "10:47",
        "11:34",
        "12:34",
        "13:34",
        "14:34",
        "15:34",
        "16:34",
        "17:36",
        "18:06"
    ],
    "saturday": [
        "8:21",
        "9:21",
        "10:21"
    ],
    "holiday": [
        "8:21",
        "9:21",
        "10:21"
    ],
    "url": "https://www.kanachu.co.jp/dia/diagram/timetable01_js/course:0000800414-8/node:00127742/kt:0/lname:/"
}
