{
    "date": "2024/12/16",
    "name": "南原土手",
    "position": "-",
    "system": "平34",
    "destinations": [
        "南原(平塚市)",
        "向原(平塚市)",
        "江南高校前",
        "追分(平塚市)",
        "立野町(平塚市)",
        "横浜ゴム前",
        "市役所前(ゴム前/平塚市)",
        "四ツ角(平塚市)",
        "平塚駅北口"
    ],
    "weekday": [
        "6:54",
        "7:59",
        "9:53",
        "10:50",
        "11:37",
        "12:37",
        "13:37",
        "14:37",
        "15:37",
        "16:37",
        "17:39",
        "18:09"
    ],
    "saturday": [
        "8:24",
        "9:24",
        "10:24"
    ],
    "holiday": [
        "8:24",
        "9:24",
        "10:24"
    ],
    "url": "https://www.kanachu.co.jp/dia/diagram/timetable01_js/course:0000800414-10/node:00127560/kt:0/lname:/"
}
