{
    "date": "2024/12/16",
    "name": "南原(平塚市)",
    "position": "-",
    "system": "平34",
    "destinations": [
        "向原(平塚市)",
        "江南高校前",
        "追分(平塚市)",
        "立野町(平塚市)",
        "横浜ゴム前",
        "市役所前(ゴム前/平塚市)",
        "四ツ角(平塚市)",
        "平塚駅北口"
    ],
    "weekday": [
        "6:55",
        "8:01",
        "9:54",
        "10:51",
        "11:38",
        "12:38",
        "13:38",
        "14:38",
        "15:38",
        "16:39",
        "17:41",
        "18:11"
    ],
    "saturday": [
        "8:25",
        "9:25",
        "10:25"
    ],
    "holiday": [
        "8:25",
        "9:25",
        "10:25"
    ],
    "url": "https://www.kanachu.co.jp/dia/diagram/timetable01_js/course:0000800414-11/node:00127559/kt:0/lname:/"
}
