{
    "date": "2024/12/16",
    "name": "江南高校前",
    "position": "-",
    "system": "平34",
    "destinations": [
        "追分(平塚市)",
        "立野町(平塚市)",
        "横浜ゴム前",
        "市役所前(ゴム前/平塚市)",
        "四ツ角(平塚市)",
        "平塚駅北口"
    ],
    "weekday": [
        "6:57",
        "8:04",
        "9:56",
        "10:53",
        "11:40",
        "12:40",
        "13:40",
        "14:40",
        "15:40",
        "16:41",
        "17:43",
        "18:13"
    ],
    "saturday": [
        "8:27",
        "9:27",
        "10:27"
    ],
    "holiday": [
        "8:27",
        "9:27",
        "10:27"
    ],
    "url": "https://www.kanachu.co.jp/dia/diagram/timetable01_js/course:0000800414-13/node:00127557/kt:0/lname:/"
}
