{
    "date": "2024/12/16",
    "name": "立野町(平塚市)",
    "position": "-",
    "system": "平34",
    "destinations": [
        "横浜ゴム前",
        "市役所前(ゴム前/平塚市)",
        "四ツ角(平塚市)",
        "平塚駅北口"
    ],
    "weekday": [
        "7:00",
        "8:07",
        "9:59",
        "10:56",
        "11:43",
        "12:43",
        "13:43",
        "14:43",
        "15:43",
        "16:44",
        "17:46",
        "18:16"
    ],
    "saturday": [
        "8:30",
        "9:30",
        "10:30"
    ],
    "holiday": [
        "8:30",
        "9:30",
        "10:30"
    ],
    "url": "https://www.kanachu.co.jp/dia/diagram/timetable01_js/course:0000800414-15/node:00127555/kt:0/lname:/"
}
