{
    "date": "2024/12/16",
    "name": "四ツ角(平塚市)",
    "position": "-",
    "system": "平34",
    "destinations": [
        "平塚駅北口"
    ],
    "weekday": [
        "7:06",
        "8:13",
        "10:03",
        "11:00",
        "11:47",
        "12:47",
        "13:47",
        "14:47",
        "15:47",
        "16:50",
        "17:52",
        "18:22"
    ],
    "saturday": [
        "8:34",
        "9:35",
        "10:35"
    ],
    "holiday": [
        "8:34",
        "9:35",
        "10:35"
    ],
    "url": "https://www.kanachu.co.jp/dia/diagram/timetable01_js/course:0000800414-18/node:00127190/kt:0/lname:/"
}
