{
    "system": "平34",
    "busstops": [
        {
            "index": "1",
            "id": "00127552",
            "name": "松岩寺",
            "lat": "35.338293",
            "lng": "139.292757"
        },
        {
            "index": "2",
            "id": "00127569",
            "name": "中沢橋",
            "lat": "35.342602",
            "lng": "139.294344"
        },
        {
            "index": "3",
            "id": "00127568",
            "name": "長久保(平塚市)",
            "lat": "35.344732",
            "lng": "139.298277"
        },
        {
            "index": "4",
            "id": "00127567",
            "name": "公所(平塚市)",
            "lat": "35.34596",
            "lng": "139.301981"
        },
        {
            "index": "5",
            "id": "00127566",
            "name": "堀の内(平塚市)",
            "lat": "35.345228",
            "lng": "139.304188"
        },
        {
            "index": "6",
            "id": "00127744",
            "name": "河内富士見",
            "lat": "35.344157",
            "lng": "139.309547"
        },
        {
            "index": "7",
            "id": "00127743",
            "name": "纒公民館前",
            "lat": "35.344151",
            "lng": "139.311985"
        },
        {
            "index": "8",
            "id": "00127742",
            "name": "川井(平塚市)",
            "lat": "35.342514",
            "lng": "139.317454"
        },
        {
            "index": "9",
            "id": "00127741",
            "name": "纒入口",
            "lat": "35.341322",
            "lng": "139.320815"
        },
        {
            "index": "10",
            "id": "00127560",
            "name": "南原土手",
            "lat": "35.340116",
            "lng": "139.323452"
        },
        {
            "index": "11",
            "id": "00127559",
            "name": "南原(平塚市)",
            "lat": "35.33909",
            "lng": "139.328274"
        },
        {
            "index": "12",
            "id": "00127558",
            "name": "向原(平塚市)",
            "lat": "35.338081",
            "lng": "139.33083"
        },
        {
            "index": "13",
            "id": "00127557",
            "name": "江南高校前",
            "lat": "35.337154",
            "lng": "139.334505"
        },
        {
            "index": "14",
            "id": "00127556",
            "name": "追分(平塚市)",
            "lat": "35.336297",
            "lng": "139.339242"
        },
        {
            "index": "15",
            "id": "00127555",
            "name": "立野町(平塚市)",
            "lat": "35.335858",
            "lng": "139.341498"
        },
        {
            "index": "16",
            "id": "00127554",
            "name": "横浜ゴム前",
            "lat": "35.335093",
            "lng": "139.344896"
        },
        {
            "index": "17",
            "id": "00127553",
            "name": "市役所前(ゴム前/平塚市)",
            "lat": "35.333646",
            "lng": "139.347366"
        },
        {
            "index": "18",
            "id": "00127190",
            "name": "四ツ角(平塚市)",
            "lat": "35.330399",
            "lng": "139.350432"
        },
        {
            "index": "19",
            "id": "00127464",
            "name": "平塚駅北口",
            "lat": "35.329356",
            "lng": "139.350577"
        }
    ],
    "route_url": "https://www.kanachu.co.jp/dia/route/index/cid:0000800414/"
}
