{
    "date": "2025/02/24",
    "name": "上飯田中学校入口",
    "position": "-",
    "system": "下05",
    "destinations": [
        "向原(横浜市泉区)",
        "池ノ上(横浜市泉区)",
        "和泉坂上",
        "三柱神社入口",
        "左馬神社入口",
        "ゆめが丘駅",
        "下飯田駅",
        "赤坂橋(横浜市泉区)",
        "密蔵院前",
        "いずみ台",
        "アカシア公園入口",
        "深谷消防出張所西側",
        "深谷台小学校入口",
        "富士見ヶ丘入口",
        "戸塚西公園入口",
        "横浜薬大南門",
        "俣野公園・横浜薬大前",
        "集会所前(横浜市戸塚区)",
        "ドリームハイツ"
    ],
    "weekday": [
        "5:44",
        "6:09",
        "6:34",
        "7:00",
        "8:24",
        "10:03",
        "11:20",
        "12:20",
        "13:20",
        "15:02",
        "15:25",
        "16:15",
        "17:15",
        "18:59",
        "19:41",
        "20:20"
    ],
    "saturday": [
        "5:49",
        "6:14",
        "7:34",
        "8:29",
        "9:34",
        "10:04",
        "12:20",
        "13:20",
        "14:44",
        "15:20",
        "16:20",
        "18:20"
    ],
    "holiday": [
        "5:49",
        "6:14",
        "7:34",
        "8:29",
        "9:34",
        "10:04",
        "12:20",
        "13:20",
        "14:44",
        "15:20",
        "16:20",
        "18:20"
    ],
    "url": "https://www.kanachu.co.jp/dia/diagram/timetable01_js/course:0000803529-5/node:00126897/kt:0/lname:/"
}
