{
    "date": "2025/02/24",
    "name": "池ノ上(横浜市泉区)",
    "position": "-",
    "system": "下05",
    "destinations": [
        "和泉坂上",
        "三柱神社入口",
        "左馬神社入口",
        "ゆめが丘駅",
        "下飯田駅",
        "赤坂橋(横浜市泉区)",
        "密蔵院前",
        "いずみ台",
        "アカシア公園入口",
        "深谷消防出張所西側",
        "深谷台小学校入口",
        "富士見ヶ丘入口",
        "戸塚西公園入口",
        "横浜薬大南門",
        "俣野公園・横浜薬大前",
        "集会所前(横浜市戸塚区)",
        "ドリームハイツ"
    ],
    "weekday": [
        "5:46",
        "6:11",
        "6:36",
        "7:02",
        "8:26",
        "10:05",
        "11:22",
        "12:22",
        "13:22",
        "15:04",
        "15:27",
        "16:17",
        "17:17",
        "19:01",
        "19:43",
        "20:22"
    ],
    "saturday": [
        "5:51",
        "6:16",
        "7:36",
        "8:31",
        "9:36",
        "10:06",
        "12:22",
        "13:22",
        "14:46",
        "15:22",
        "16:22",
        "18:22"
    ],
    "holiday": [
        "5:51",
        "6:16",
        "7:36",
        "8:31",
        "9:36",
        "10:06",
        "12:22",
        "13:22",
        "14:46",
        "15:22",
        "16:22",
        "18:22"
    ],
    "url": "https://www.kanachu.co.jp/dia/diagram/timetable01_js/course:0000803529-7/node:00126906/kt:0/lname:/"
}
