{
    "date": "2025/01/14",
    "name": "税務署入口(厚木市)",
    "position": "-",
    "system": "厚04",
    "destinations": [
        "市立病院前(厚木市)",
        "木売場",
        "三家入口(厚木市)",
        "妻田",
        "中村入口(厚木市)",
        "妻田薬師",
        "松蓮寺",
        "糀屋前(厚木市)",
        "宿原入口",
        "荻野新宿",
        "子合",
        "桝割",
        "公所(厚木市)",
        "稲荷木",
        "鳶尾山前",
        "荻野神社入口",
        "東谷戸入口",
        "久保(厚木市)",
        "泉(厚木市)",
        "源氏河原",
        "相州病院",
        "新道橋(厚木市)",
        "上荻野",
        "上荻野車庫前"
    ],
    "weekday": [
        "20:25",
        "21:05",
        "21:45",
        "22:40"
    ],
    "saturday": [
        "19:32",
        "20:22",
        "20:32",
        "21:22"
    ],
    "holiday": [
        "20:22",
        "21:22"
    ],
    "url": "https://www.kanachu.co.jp/dia/diagram/timetable01_js/course:0000801366-5/node:00128258/kt:0/lname:/"
}
