{
    "date": "2025/01/14",
    "name": "中村入口(厚木市)",
    "position": "-",
    "system": "厚04",
    "destinations": [
        "妻田薬師",
        "松蓮寺",
        "糀屋前(厚木市)",
        "宿原入口",
        "荻野新宿",
        "子合",
        "桝割",
        "公所(厚木市)",
        "稲荷木",
        "鳶尾山前",
        "荻野神社入口",
        "東谷戸入口",
        "久保(厚木市)",
        "泉(厚木市)",
        "源氏河原",
        "相州病院",
        "新道橋(厚木市)",
        "上荻野",
        "上荻野車庫前"
    ],
    "weekday": [
        "20:31",
        "21:11",
        "21:51",
        "22:46"
    ],
    "saturday": [
        "19:38",
        "20:28",
        "20:38",
        "21:28"
    ],
    "holiday": [
        "20:28",
        "21:28"
    ],
    "url": "https://www.kanachu.co.jp/dia/diagram/timetable01_js/course:0000801366-10/node:00128263/kt:0/lname:/"
}
