{
    "date": "2025/01/14",
    "name": "糀屋前(厚木市)",
    "position": "-",
    "system": "厚04",
    "destinations": [
        "宿原入口",
        "荻野新宿",
        "子合",
        "桝割",
        "公所(厚木市)",
        "稲荷木",
        "鳶尾山前",
        "荻野神社入口",
        "東谷戸入口",
        "久保(厚木市)",
        "泉(厚木市)",
        "源氏河原",
        "相州病院",
        "新道橋(厚木市)",
        "上荻野",
        "上荻野車庫前"
    ],
    "weekday": [
        "20:34",
        "21:14",
        "21:54",
        "22:49"
    ],
    "saturday": [
        "19:41",
        "20:31",
        "20:41",
        "21:31"
    ],
    "holiday": [
        "20:31",
        "21:31"
    ],
    "url": "https://www.kanachu.co.jp/dia/diagram/timetable01_js/course:0000801366-13/node:00128266/kt:0/lname:/"
}
