{
    "date": "2025/01/14",
    "name": "宿原入口",
    "position": "-",
    "system": "厚04",
    "destinations": [
        "荻野新宿",
        "子合",
        "桝割",
        "公所(厚木市)",
        "稲荷木",
        "鳶尾山前",
        "荻野神社入口",
        "東谷戸入口",
        "久保(厚木市)",
        "泉(厚木市)",
        "源氏河原",
        "相州病院",
        "新道橋(厚木市)",
        "上荻野",
        "上荻野車庫前"
    ],
    "weekday": [
        "20:35",
        "21:15",
        "21:55",
        "22:50"
    ],
    "saturday": [
        "19:42",
        "20:32",
        "20:42",
        "21:32"
    ],
    "holiday": [
        "20:32",
        "21:32"
    ],
    "url": "https://www.kanachu.co.jp/dia/diagram/timetable01_js/course:0000801366-14/node:00128267/kt:0/lname:/"
}
