{
    "date": "2025/01/14",
    "name": "荻野新宿",
    "position": "-",
    "system": "厚04",
    "destinations": [
        "子合",
        "桝割",
        "公所(厚木市)",
        "稲荷木",
        "鳶尾山前",
        "荻野神社入口",
        "東谷戸入口",
        "久保(厚木市)",
        "泉(厚木市)",
        "源氏河原",
        "相州病院",
        "新道橋(厚木市)",
        "上荻野",
        "上荻野車庫前"
    ],
    "weekday": [
        "20:37",
        "21:17",
        "21:57",
        "22:52"
    ],
    "saturday": [
        "19:43",
        "20:33",
        "20:43",
        "21:33"
    ],
    "holiday": [
        "20:33",
        "21:33"
    ],
    "url": "https://www.kanachu.co.jp/dia/diagram/timetable01_js/course:0000801366-15/node:00128268/kt:0/lname:/"
}
