{
    "date": "2025/01/14",
    "name": "子合",
    "position": "-",
    "system": "厚04",
    "destinations": [
        "桝割",
        "公所(厚木市)",
        "稲荷木",
        "鳶尾山前",
        "荻野神社入口",
        "東谷戸入口",
        "久保(厚木市)",
        "泉(厚木市)",
        "源氏河原",
        "相州病院",
        "新道橋(厚木市)",
        "上荻野",
        "上荻野車庫前"
    ],
    "weekday": [
        "20:38",
        "21:18",
        "21:58",
        "22:53"
    ],
    "saturday": [
        "19:44",
        "20:34",
        "20:44",
        "21:34"
    ],
    "holiday": [
        "20:34",
        "21:34"
    ],
    "url": "https://www.kanachu.co.jp/dia/diagram/timetable01_js/course:0000801366-16/node:00128269/kt:0/lname:/"
}
