{
    "date": "2025/01/14",
    "name": "稲荷木",
    "position": "-",
    "system": "厚04",
    "destinations": [
        "鳶尾山前",
        "荻野神社入口",
        "東谷戸入口",
        "久保(厚木市)",
        "泉(厚木市)",
        "源氏河原",
        "相州病院",
        "新道橋(厚木市)",
        "上荻野",
        "上荻野車庫前"
    ],
    "weekday": [
        "20:41",
        "21:21",
        "22:01",
        "22:56"
    ],
    "saturday": [
        "19:47",
        "20:37",
        "20:47",
        "21:37"
    ],
    "holiday": [
        "20:37",
        "21:37"
    ],
    "url": "https://www.kanachu.co.jp/dia/diagram/timetable01_js/course:0000801366-19/node:00128272/kt:0/lname:/"
}
