{
    "date": "2025/01/14",
    "name": "東谷戸入口",
    "position": "-",
    "system": "厚04",
    "destinations": [
        "久保(厚木市)",
        "泉(厚木市)",
        "源氏河原",
        "相州病院",
        "新道橋(厚木市)",
        "上荻野",
        "上荻野車庫前"
    ],
    "weekday": [
        "20:43",
        "21:23",
        "22:03",
        "22:58"
    ],
    "saturday": [
        "19:49",
        "20:39",
        "20:49",
        "21:39"
    ],
    "holiday": [
        "20:39",
        "21:39"
    ],
    "url": "https://www.kanachu.co.jp/dia/diagram/timetable01_js/course:0000801366-22/node:00128275/kt:0/lname:/"
}
