{
    "date": "2025/01/14",
    "name": "久保(厚木市)",
    "position": "-",
    "system": "厚04",
    "destinations": [
        "泉(厚木市)",
        "源氏河原",
        "相州病院",
        "新道橋(厚木市)",
        "上荻野",
        "上荻野車庫前"
    ],
    "weekday": [
        "20:44",
        "21:24",
        "22:04",
        "22:59"
    ],
    "saturday": [
        "19:50",
        "20:40",
        "20:50",
        "21:40"
    ],
    "holiday": [
        "20:40",
        "21:40"
    ],
    "url": "https://www.kanachu.co.jp/dia/diagram/timetable01_js/course:0000801366-23/node:00128276/kt:0/lname:/"
}
