{
    "date": "2025/01/14",
    "name": "泉(厚木市)",
    "position": "-",
    "system": "厚04",
    "destinations": [
        "源氏河原",
        "相州病院",
        "新道橋(厚木市)",
        "上荻野",
        "上荻野車庫前"
    ],
    "weekday": [
        "20:45",
        "21:25",
        "22:05",
        "23:00"
    ],
    "saturday": [
        "19:51",
        "20:41",
        "20:51",
        "21:41"
    ],
    "holiday": [
        "20:41",
        "21:41"
    ],
    "url": "https://www.kanachu.co.jp/dia/diagram/timetable01_js/course:0000801366-24/node:00128277/kt:0/lname:/"
}
