{
    "date": "2025/08/04",
    "name": "境橋(町田市)",
    "position": "-",
    "system": "橋61",
    "destinations": [
        "円林寺前",
        "水の口(町田市)",
        "公会堂前(町田市)",
        "大戸橋",
        "上大戸",
        "ネイチャーファクトリー東京町田",
        "大戸(相模原市緑区)"
    ],
    "weekday": [
        "20:16",
        "20:51"
    ],
    "saturday": [
        "18:36",
        "19:18",
        "20:01"
    ],
    "holiday": [
        "18:36",
        "19:18"
    ],
    "url": "https://www.kanachu.co.jp/dia/diagram/timetable01_js/course:0000803037-18/node:00128891/kt:0/lname:/"
}
