{
    "date": "2025/04/01",
    "name": "神学校(町田市)",
    "position": "-",
    "system": "町26",
    "destinations": [
        "並木(町田市)",
        "図師",
        "図師大橋",
        "馬駈",
        "根岸(根岸町/町田市)",
        "下根岸(町田市)",
        "上宿(町田市)",
        "忠生公園入口",
        "木曽(町田市)",
        "三家(町田市)",
        "木曽住宅",
        "滝の沢(町田市)",
        "浄水場前(町田市)",
        "市民病院前(町田市)",
        "森野三丁目",
        "第四小学校前(町田市)",
        "町田市役所市民ホール前",
        "町田バスセンター"
    ],
    "weekday": [
        "5:21",
        "5:36",
        "5:51",
        "6:08",
        "6:21",
        "6:31",
        "6:41",
        "6:51",
        "7:06",
        "7:16",
        "7:26",
        "7:36",
        "7:46",
        "8:01",
        "8:16",
        "8:34",
        "8:51",
        "9:11",
        "9:31",
        "9:56",
        "10:13",
        "10:31",
        "10:51",
        "11:03",
        "11:18",
        "11:31",
        "11:46",
        "12:01",
        "12:13",
        "12:25",
        "12:37",
        "12:49",
        "13:09",
        "13:29",
        "13:49",
        "14:01",
        "14:23",
        "14:41",
        "14:54",
        "15:06",
        "15:31",
        "15:46",
        "16:16",
        "16:46",
        "17:03",
        "17:16",
        "17:26",
        "17:41",
        "17:54",
        "18:06",
        "18:16",
        "18:26",
        "18:41",
        "18:56",
        "19:16",
        "19:31",
        "19:46",
        "20:16",
        "20:46",
        "21:46"
    ],
    "saturday": [
        "5:25",
        "5:56",
        "6:21",
        "6:41",
        "7:01",
        "7:11",
        "7:21",
        "7:31",
        "7:46",
        "8:01",
        "8:13",
        "8:25",
        "8:37",
        "8:49",
        "9:01",
        "9:23",
        "9:41",
        "10:01",
        "10:16",
        "10:37",
        "10:49",
        "11:06",
        "11:18",
        "11:34",
        "11:46",
        "12:04",
        "12:21",
        "12:43",
        "13:11",
        "13:41",
        "14:03",
        "14:23",
        "14:41",
        "15:06",
        "15:23",
        "15:36",
        "15:49",
        "16:06",
        "16:39",
        "17:13",
        "17:43",
        "18:13",
        "18:28",
        "18:49",
        "19:46",
        "20:01",
        "20:46",
        "21:01"
    ],
    "holiday": [
        "5:25",
        "6:26",
        "6:46",
        "7:06",
        "7:21",
        "7:46",
        "8:01",
        "8:31",
        "9:01",
        "9:13",
        "9:33",
        "9:48",
        "10:01",
        "10:21",
        "10:41",
        "11:06",
        "11:21",
        "11:37",
        "11:45",
        "12:03",
        "12:16",
        "12:31",
        "12:46",
        "13:01",
        "13:21",
        "13:41",
        "14:01",
        "14:23",
        "14:41",
        "15:01",
        "15:28",
        "15:44",
        "16:01",
        "16:31",
        "17:01",
        "17:41",
        "18:21",
        "18:49",
        "19:39",
        "20:01",
        "21:01"
    ],
    "url": "https://www.kanachu.co.jp/dia/diagram/timetable01_js/course:0000803182-2/node:00129372/kt:0/lname:/"
}
