{
    "date": "2025/04/01",
    "name": "第四小学校前(町田市)",
    "position": "-",
    "system": "町26",
    "destinations": [
        "町田市役所市民ホール前",
        "町田バスセンター"
    ],
    "weekday": [
        "5:40",
        "5:55",
        "6:10",
        "6:27",
        "6:43",
        "6:55",
        "7:05",
        "7:15",
        "7:30",
        "7:40",
        "7:50",
        "8:00",
        "8:10",
        "8:25",
        "8:40",
        "8:58",
        "9:15",
        "9:35",
        "9:55",
        "10:20",
        "10:37",
        "10:55",
        "11:15",
        "11:27",
        "11:42",
        "11:55",
        "12:10",
        "12:25",
        "12:37",
        "12:49",
        "13:01",
        "13:13",
        "13:33",
        "13:53",
        "14:13",
        "14:25",
        "14:47",
        "15:05",
        "15:18",
        "15:30",
        "15:55",
        "16:10",
        "16:40",
        "17:10",
        "17:27",
        "17:40",
        "17:50",
        "18:05",
        "18:18",
        "18:30",
        "18:40",
        "18:50",
        "19:05",
        "19:18",
        "19:37",
        "19:52",
        "20:07",
        "20:37",
        "21:05",
        "22:04"
    ],
    "saturday": [
        "5:44",
        "6:15",
        "6:40",
        "7:00",
        "7:24",
        "7:34",
        "7:44",
        "7:54",
        "8:09",
        "8:24",
        "8:36",
        "8:48",
        "9:00",
        "9:13",
        "9:24",
        "9:46",
        "10:04",
        "10:24",
        "10:39",
        "11:00",
        "11:12",
        "11:29",
        "11:41",
        "11:57",
        "12:09",
        "12:27",
        "12:44",
        "13:06",
        "13:34",
        "14:04",
        "14:26",
        "14:46",
        "15:04",
        "15:29",
        "15:46",
        "15:59",
        "16:12",
        "16:29",
        "17:02",
        "17:36",
        "18:06",
        "18:36",
        "18:51",
        "19:11",
        "20:07",
        "20:22",
        "21:05",
        "21:19"
    ],
    "holiday": [
        "5:43",
        "6:44",
        "7:05",
        "7:29",
        "7:44",
        "8:09",
        "8:24",
        "8:54",
        "9:24",
        "9:36",
        "9:56",
        "10:11",
        "10:24",
        "10:44",
        "11:04",
        "11:29",
        "11:44",
        "12:00",
        "12:08",
        "12:26",
        "12:39",
        "12:54",
        "13:09",
        "13:24",
        "13:44",
        "14:04",
        "14:24",
        "14:46",
        "15:04",
        "15:24",
        "15:51",
        "16:07",
        "16:24",
        "16:54",
        "17:24",
        "18:04",
        "18:41",
        "19:09",
        "19:59",
        "20:19",
        "21:19"
    ],
    "url": "https://www.kanachu.co.jp/dia/diagram/timetable01_js/course:0000803182-18/node:00129357/kt:0/lname:/"
}
