{
    "date": "2026/01/16",
    "name": "南町田四丁目",
    "position": "-",
    "system": "町89",
    "destinations": [
        "町谷(町田市)",
        "定方寺公園入口",
        "西田峯山公園前",
        "西田(町田市)",
        "かわせみ会館前",
        "都営金森アパート前",
        "防災いこいの広場入口",
        "金森二丁目西",
        "南橋(町田市)",
        "三塚",
        "町田ターミナル前",
        "町田バスセンター"
    ],
    "weekday": [
        "6:24",
        "6:49",
        "7:14",
        "7:39",
        "8:04",
        "8:34",
        "9:24",
        "10:04",
        "11:04",
        "12:24",
        "13:04",
        "14:04",
        "15:04",
        "16:04",
        "17:24",
        "18:09",
        "18:49",
        "19:29",
        "20:14",
        "20:53",
        "21:35",
        "22:14"
    ],
    "saturday": [
        "6:44",
        "7:24",
        "8:04",
        "8:44",
        "10:04",
        "11:24",
        "12:44",
        "13:44",
        "15:44",
        "16:59",
        "18:19",
        "19:01",
        "20:29"
    ],
    "holiday": [
        "6:44",
        "7:24",
        "8:04",
        "8:44",
        "10:04",
        "11:24",
        "12:44",
        "13:44",
        "15:44",
        "16:59",
        "18:19",
        "19:01",
        "20:29"
    ],
    "url": "https://www.kanachu.co.jp/dia/diagram/timetable01_js/course:0000804129-3/node:00130411/kt:0/lname:/"
}
