{
    "date": "2026/01/16",
    "name": "町谷(町田市)",
    "position": "-",
    "system": "町89",
    "destinations": [
        "定方寺公園入口",
        "西田峯山公園前",
        "西田(町田市)",
        "かわせみ会館前",
        "都営金森アパート前",
        "防災いこいの広場入口",
        "金森二丁目西",
        "南橋(町田市)",
        "三塚",
        "町田ターミナル前",
        "町田バスセンター"
    ],
    "weekday": [
        "6:25",
        "6:50",
        "7:15",
        "7:40",
        "8:05",
        "8:35",
        "9:25",
        "10:05",
        "11:05",
        "12:25",
        "13:05",
        "14:05",
        "15:05",
        "16:05",
        "17:25",
        "18:10",
        "18:50",
        "19:30",
        "20:15",
        "20:54",
        "21:36",
        "22:15"
    ],
    "saturday": [
        "6:45",
        "7:25",
        "8:05",
        "8:45",
        "10:05",
        "11:25",
        "12:45",
        "13:45",
        "15:45",
        "17:00",
        "18:20",
        "19:02",
        "20:30"
    ],
    "holiday": [
        "6:45",
        "7:25",
        "8:05",
        "8:45",
        "10:05",
        "11:25",
        "12:45",
        "13:45",
        "15:45",
        "17:00",
        "18:20",
        "19:02",
        "20:30"
    ],
    "url": "https://www.kanachu.co.jp/dia/diagram/timetable01_js/course:0000804129-4/node:00129608/kt:0/lname:/"
}
