{
    "date": "2026/01/16",
    "name": "西田(町田市)",
    "position": "-",
    "system": "町89",
    "destinations": [
        "かわせみ会館前",
        "都営金森アパート前",
        "防災いこいの広場入口",
        "金森二丁目西",
        "南橋(町田市)",
        "三塚",
        "町田ターミナル前",
        "町田バスセンター"
    ],
    "weekday": [
        "6:28",
        "6:53",
        "7:18",
        "7:43",
        "8:08",
        "8:38",
        "9:28",
        "10:08",
        "11:08",
        "12:28",
        "13:08",
        "14:08",
        "15:08",
        "16:08",
        "17:28",
        "18:13",
        "18:53",
        "19:33",
        "20:18",
        "20:57",
        "21:39",
        "22:18"
    ],
    "saturday": [
        "6:48",
        "7:28",
        "8:08",
        "8:48",
        "10:08",
        "11:28",
        "12:48",
        "13:48",
        "15:48",
        "17:03",
        "18:23",
        "19:05",
        "20:33"
    ],
    "holiday": [
        "6:48",
        "7:28",
        "8:08",
        "8:48",
        "10:08",
        "11:28",
        "12:48",
        "13:48",
        "15:48",
        "17:03",
        "18:23",
        "19:05",
        "20:33"
    ],
    "url": "https://www.kanachu.co.jp/dia/diagram/timetable01_js/course:0000804129-7/node:00129796/kt:0/lname:/"
}
