{
    "date": "2026/01/16",
    "name": "都営金森アパート前",
    "position": "-",
    "system": "町89",
    "destinations": [
        "防災いこいの広場入口",
        "金森二丁目西",
        "南橋(町田市)",
        "三塚",
        "町田ターミナル前",
        "町田バスセンター"
    ],
    "weekday": [
        "6:30",
        "6:55",
        "7:20",
        "7:45",
        "8:10",
        "8:40",
        "9:30",
        "10:10",
        "11:10",
        "12:30",
        "13:10",
        "14:10",
        "15:10",
        "16:10",
        "17:30",
        "18:15",
        "18:55",
        "19:35",
        "20:20",
        "20:59",
        "21:41",
        "22:20"
    ],
    "saturday": [
        "6:50",
        "7:30",
        "8:10",
        "8:50",
        "10:10",
        "11:30",
        "12:50",
        "13:50",
        "15:50",
        "17:05",
        "18:25",
        "19:07",
        "20:35"
    ],
    "holiday": [
        "6:50",
        "7:30",
        "8:10",
        "8:50",
        "10:10",
        "11:30",
        "12:50",
        "13:50",
        "15:50",
        "17:05",
        "18:25",
        "19:07",
        "20:35"
    ],
    "url": "https://www.kanachu.co.jp/dia/diagram/timetable01_js/course:0000804129-9/node:00129794/kt:0/lname:/"
}
