{
    "date": "2026/01/16",
    "name": "防災いこいの広場入口",
    "position": "-",
    "system": "町89",
    "destinations": [
        "金森二丁目西",
        "南橋(町田市)",
        "三塚",
        "町田ターミナル前",
        "町田バスセンター"
    ],
    "weekday": [
        "6:31",
        "6:56",
        "7:21",
        "7:46",
        "8:11",
        "8:41",
        "9:31",
        "10:11",
        "11:11",
        "12:31",
        "13:11",
        "14:11",
        "15:11",
        "16:11",
        "17:31",
        "18:16",
        "18:56",
        "19:36",
        "20:21",
        "21:00",
        "21:42",
        "22:21"
    ],
    "saturday": [
        "6:51",
        "7:31",
        "8:11",
        "8:51",
        "10:11",
        "11:31",
        "12:51",
        "13:51",
        "15:51",
        "17:06",
        "18:26",
        "19:08",
        "20:36"
    ],
    "holiday": [
        "6:51",
        "7:31",
        "8:11",
        "8:51",
        "10:11",
        "11:31",
        "12:51",
        "13:51",
        "15:51",
        "17:06",
        "18:26",
        "19:08",
        "20:36"
    ],
    "url": "https://www.kanachu.co.jp/dia/diagram/timetable01_js/course:0000804129-10/node:00129793/kt:0/lname:/"
}
