{
    "date": "2026/01/16",
    "name": "金森二丁目西",
    "position": "-",
    "system": "町89",
    "destinations": [
        "南橋(町田市)",
        "三塚",
        "町田ターミナル前",
        "町田バスセンター"
    ],
    "weekday": [
        "6:33",
        "6:58",
        "7:23",
        "7:48",
        "8:13",
        "8:43",
        "9:33",
        "10:13",
        "11:13",
        "12:33",
        "13:13",
        "14:13",
        "15:13",
        "16:13",
        "17:33",
        "18:18",
        "18:58",
        "19:38",
        "20:23",
        "21:02",
        "21:44",
        "22:23"
    ],
    "saturday": [
        "6:53",
        "7:33",
        "8:13",
        "8:53",
        "10:13",
        "11:33",
        "12:53",
        "13:53",
        "15:53",
        "17:08",
        "18:28",
        "19:10",
        "20:38"
    ],
    "holiday": [
        "6:53",
        "7:33",
        "8:13",
        "8:53",
        "10:13",
        "11:33",
        "12:53",
        "13:53",
        "15:53",
        "17:08",
        "18:28",
        "19:10",
        "20:38"
    ],
    "url": "https://www.kanachu.co.jp/dia/diagram/timetable01_js/course:0000804129-11/node:00129792/kt:0/lname:/"
}
