{
    "date": "2025/11/16",
    "name": "若葉台車庫前",
    "position": "-",
    "system": "115",
    "destinations": [
        "霧が丘高校前",
        "若葉台中学校前",
        "若葉台近隣公園前",
        "若葉台南",
        "大貫橋",
        "上川井町",
        "長源寺前(横浜市旭区)",
        "宮の下(横浜市旭区)",
        "福泉寺前(横浜市旭区)",
        "川井宿",
        "下宿(横浜市旭区)",
        "都岡町",
        "農協前(横浜市旭区)",
        "筑池",
        "今宿(横浜市旭区)",
        "今宿小学校入口",
        "鶴ヶ峰中学校前",
        "薬王寺入口",
        "鶴ヶ峰本町",
        "鶴ヶ峰駅"
    ],
    "weekday": [
        "6:09",
        "6:28",
        "6:48",
        "6:58",
        "7:04",
        "7:10",
        "7:35",
        "7:46",
        "7:59",
        "8:55",
        "9:06",
        "9:46",
        "10:52",
        "11:10",
        "11:52",
        "12:52",
        "13:14",
        "13:52",
        "14:52",
        "15:14",
        "15:52",
        "16:51",
        "17:14",
        "17:51",
        "18:51",
        "19:14",
        "19:50",
        "21:25"
    ],
    "saturday": [
        "5:51",
        "6:28",
        "7:26",
        "8:34",
        "8:50",
        "10:03",
        "10:42",
        "11:05",
        "12:03",
        "12:42",
        "13:03",
        "14:03",
        "14:42",
        "15:03",
        "16:03",
        "16:42",
        "17:03",
        "18:03",
        "18:42",
        "19:03",
        "20:30",
        "21:00",
        "22:25"
    ],
    "holiday": [
        "6:28",
        "7:29",
        "8:32",
        "8:56",
        "10:03",
        "10:42",
        "11:03",
        "12:05",
        "12:42",
        "13:03",
        "14:03",
        "14:42",
        "15:03",
        "16:03",
        "16:42",
        "17:03",
        "18:03",
        "18:42",
        "19:03",
        "20:26",
        "20:55",
        "22:25"
    ],
    "url": "https://www.kanachu.co.jp/dia/diagram/timetable01_js/course:0000802202-2/node:00019297/kt:0/lname:/"
}
