{
    "date": "2025/11/16",
    "name": "若葉台中学校前",
    "position": "-",
    "system": "115",
    "destinations": [
        "若葉台近隣公園前",
        "若葉台南",
        "大貫橋",
        "上川井町",
        "長源寺前(横浜市旭区)",
        "宮の下(横浜市旭区)",
        "福泉寺前(横浜市旭区)",
        "川井宿",
        "下宿(横浜市旭区)",
        "都岡町",
        "農協前(横浜市旭区)",
        "筑池",
        "今宿(横浜市旭区)",
        "今宿小学校入口",
        "鶴ヶ峰中学校前",
        "薬王寺入口",
        "鶴ヶ峰本町",
        "鶴ヶ峰駅"
    ],
    "weekday": [
        "6:11",
        "6:30",
        "6:50",
        "7:00",
        "7:06",
        "7:12",
        "7:37",
        "7:48",
        "8:01",
        "8:57",
        "9:08",
        "9:48",
        "10:54",
        "11:12",
        "11:54",
        "12:54",
        "13:16",
        "13:54",
        "14:54",
        "15:16",
        "15:54",
        "16:53",
        "17:16",
        "17:53",
        "18:53",
        "19:16",
        "19:52",
        "21:27"
    ],
    "saturday": [
        "5:53",
        "6:30",
        "7:28",
        "8:36",
        "8:52",
        "10:05",
        "10:44",
        "11:07",
        "12:05",
        "12:44",
        "13:05",
        "14:05",
        "14:44",
        "15:05",
        "16:05",
        "16:44",
        "17:05",
        "18:05",
        "18:44",
        "19:05",
        "20:32",
        "21:02",
        "22:27"
    ],
    "holiday": [
        "6:30",
        "7:31",
        "8:34",
        "8:58",
        "10:05",
        "10:44",
        "11:05",
        "12:07",
        "12:44",
        "13:05",
        "14:05",
        "14:44",
        "15:05",
        "16:05",
        "16:44",
        "17:05",
        "18:05",
        "18:44",
        "19:05",
        "20:28",
        "20:57",
        "22:27"
    ],
    "url": "https://www.kanachu.co.jp/dia/diagram/timetable01_js/course:0000802202-4/node:00103267/kt:0/lname:/"
}
