{
    "date": "2025/11/16",
    "name": "若葉台近隣公園前",
    "position": "-",
    "system": "",
    "destinations": [
        "若葉台南",
        "大貫橋",
        "上川井町",
        "長源寺前(横浜市旭区)",
        "宮の下(横浜市旭区)",
        "福泉寺前(横浜市旭区)",
        "川井宿",
        "下宿(横浜市旭区)",
        "都岡町",
        "農協前(横浜市旭区)",
        "筑池",
        "今宿(横浜市旭区)",
        "今宿小学校入口",
        "鶴ヶ峰中学校前",
        "薬王寺入口",
        "鶴ヶ峰本町",
        "鶴ヶ峰駅"
    ],
    "weekday": [
        "6:12",
        "6:31",
        "6:51",
        "7:01",
        "7:07",
        "7:13",
        "7:38",
        "7:49",
        "8:02",
        "8:58",
        "9:09",
        "9:49",
        "10:55",
        "11:13",
        "11:55",
        "12:55",
        "13:17",
        "13:55",
        "14:55",
        "15:17",
        "15:55",
        "16:54",
        "17:17",
        "17:54",
        "18:54",
        "19:17",
        "19:53",
        "21:28"
    ],
    "saturday": [
        "5:54",
        "6:31",
        "7:29",
        "8:37",
        "8:53",
        "10:06",
        "10:45",
        "11:08",
        "12:06",
        "12:45",
        "13:06",
        "14:06",
        "14:45",
        "15:06",
        "16:06",
        "16:45",
        "17:06",
        "18:06",
        "18:45",
        "19:06",
        "20:33",
        "21:03",
        "22:28"
    ],
    "holiday": [
        "6:31",
        "7:32",
        "8:35",
        "8:59",
        "10:06",
        "10:45",
        "11:06",
        "12:08",
        "12:45",
        "13:06",
        "14:06",
        "14:45",
        "15:06",
        "16:06",
        "16:45",
        "17:06",
        "18:06",
        "18:45",
        "19:06",
        "20:29",
        "20:58",
        "22:28"
    ],
    "url": "https://www.kanachu.co.jp/dia/diagram/timetable01_js/course:0000802202-5/node:00103263/kt:0/lname:/"
}
