{
    "date": "2025/11/16",
    "name": "上川井町",
    "position": "-",
    "system": "",
    "destinations": [
        "長源寺前(横浜市旭区)",
        "宮の下(横浜市旭区)",
        "福泉寺前(横浜市旭区)",
        "川井宿",
        "下宿(横浜市旭区)",
        "都岡町",
        "農協前(横浜市旭区)",
        "筑池",
        "今宿(横浜市旭区)",
        "今宿小学校入口",
        "鶴ヶ峰中学校前",
        "薬王寺入口",
        "鶴ヶ峰本町",
        "鶴ヶ峰駅"
    ],
    "weekday": [
        "6:14",
        "6:33",
        "6:53",
        "7:03",
        "7:09",
        "7:15",
        "7:40",
        "7:51",
        "8:04",
        "9:00",
        "9:11",
        "9:51",
        "10:57",
        "11:15",
        "11:57",
        "12:57",
        "13:19",
        "13:57",
        "14:57",
        "15:19",
        "15:57",
        "16:56",
        "17:19",
        "17:56",
        "18:56",
        "19:19",
        "19:55",
        "21:30"
    ],
    "saturday": [
        "5:56",
        "6:33",
        "7:31",
        "8:39",
        "8:55",
        "10:08",
        "10:47",
        "11:10",
        "12:08",
        "12:47",
        "13:08",
        "14:08",
        "14:47",
        "15:08",
        "16:08",
        "16:47",
        "17:08",
        "18:08",
        "18:47",
        "19:08",
        "20:35",
        "21:05",
        "22:30"
    ],
    "holiday": [
        "6:33",
        "7:34",
        "8:37",
        "9:01",
        "10:08",
        "10:47",
        "11:08",
        "12:10",
        "12:47",
        "13:08",
        "14:08",
        "14:47",
        "15:08",
        "16:08",
        "16:47",
        "17:08",
        "18:08",
        "18:47",
        "19:08",
        "20:31",
        "21:00",
        "22:30"
    ],
    "url": "https://www.kanachu.co.jp/dia/diagram/timetable01_js/course:0000802202-8/node:00129707/kt:0/lname:/"
}
