{
    "date": "2025/11/16",
    "name": "長源寺前(横浜市旭区)",
    "position": "-",
    "system": "",
    "destinations": [
        "宮の下(横浜市旭区)",
        "福泉寺前(横浜市旭区)",
        "川井宿",
        "下宿(横浜市旭区)",
        "都岡町",
        "農協前(横浜市旭区)",
        "筑池",
        "今宿(横浜市旭区)",
        "今宿小学校入口",
        "鶴ヶ峰中学校前",
        "薬王寺入口",
        "鶴ヶ峰本町",
        "鶴ヶ峰駅"
    ],
    "weekday": [
        "6:15",
        "6:34",
        "6:54",
        "7:04",
        "7:10",
        "7:16",
        "7:41",
        "7:52",
        "8:05",
        "9:01",
        "9:12",
        "9:52",
        "10:58",
        "11:16",
        "11:58",
        "12:58",
        "13:20",
        "13:58",
        "14:58",
        "15:20",
        "15:58",
        "16:57",
        "17:20",
        "17:57",
        "18:57",
        "19:20",
        "19:56",
        "21:31"
    ],
    "saturday": [
        "5:57",
        "6:34",
        "7:32",
        "8:40",
        "8:56",
        "10:09",
        "10:48",
        "11:11",
        "12:09",
        "12:48",
        "13:09",
        "14:09",
        "14:48",
        "15:09",
        "16:09",
        "16:48",
        "17:09",
        "18:09",
        "18:48",
        "19:09",
        "20:36",
        "21:06",
        "22:31"
    ],
    "holiday": [
        "6:34",
        "7:35",
        "8:38",
        "9:02",
        "10:09",
        "10:48",
        "11:09",
        "12:11",
        "12:48",
        "13:09",
        "14:09",
        "14:48",
        "15:09",
        "16:09",
        "16:48",
        "17:09",
        "18:09",
        "18:48",
        "19:09",
        "20:32",
        "21:01",
        "22:31"
    ],
    "url": "https://www.kanachu.co.jp/dia/diagram/timetable01_js/course:0000802202-9/node:00129708/kt:0/lname:/"
}
