{
    "date": "2025/11/16",
    "name": "宮の下(横浜市旭区)",
    "position": "-",
    "system": "",
    "destinations": [
        "福泉寺前(横浜市旭区)",
        "川井宿",
        "下宿(横浜市旭区)",
        "都岡町",
        "農協前(横浜市旭区)",
        "筑池",
        "今宿(横浜市旭区)",
        "今宿小学校入口",
        "鶴ヶ峰中学校前",
        "薬王寺入口",
        "鶴ヶ峰本町",
        "鶴ヶ峰駅"
    ],
    "weekday": [
        "6:16",
        "6:35",
        "6:55",
        "7:05",
        "7:11",
        "7:17",
        "7:42",
        "7:53",
        "8:06",
        "9:02",
        "9:13",
        "9:53",
        "10:59",
        "11:17",
        "11:59",
        "12:59",
        "13:21",
        "13:59",
        "14:59",
        "15:21",
        "15:59",
        "16:58",
        "17:21",
        "17:58",
        "18:58",
        "19:21",
        "19:57",
        "21:32"
    ],
    "saturday": [
        "5:58",
        "6:35",
        "7:33",
        "8:41",
        "8:57",
        "10:10",
        "10:49",
        "11:12",
        "12:10",
        "12:49",
        "13:10",
        "14:10",
        "14:49",
        "15:10",
        "16:10",
        "16:49",
        "17:10",
        "18:10",
        "18:49",
        "19:10",
        "20:37",
        "21:07",
        "22:32"
    ],
    "holiday": [
        "6:35",
        "7:36",
        "8:39",
        "9:03",
        "10:10",
        "10:49",
        "11:10",
        "12:12",
        "12:49",
        "13:10",
        "14:10",
        "14:49",
        "15:10",
        "16:10",
        "16:49",
        "17:10",
        "18:10",
        "18:49",
        "19:10",
        "20:33",
        "21:02",
        "22:32"
    ],
    "url": "https://www.kanachu.co.jp/dia/diagram/timetable01_js/course:0000802202-10/node:00129709/kt:0/lname:/"
}
