{
    "date": "2025/11/16",
    "name": "筑池",
    "position": "-",
    "system": "",
    "destinations": [
        "今宿(横浜市旭区)",
        "今宿小学校入口",
        "鶴ヶ峰中学校前",
        "薬王寺入口",
        "鶴ヶ峰本町",
        "鶴ヶ峰駅"
    ],
    "weekday": [
        "6:23",
        "6:42",
        "7:02",
        "7:12",
        "7:18",
        "7:24",
        "7:49",
        "8:00",
        "8:13",
        "9:09",
        "9:20",
        "10:00",
        "11:06",
        "11:24",
        "12:06",
        "13:06",
        "13:28",
        "14:06",
        "15:06",
        "15:28",
        "16:06",
        "17:05",
        "17:28",
        "18:05",
        "19:05",
        "19:28",
        "20:04",
        "21:39"
    ],
    "saturday": [
        "6:05",
        "6:42",
        "7:40",
        "8:48",
        "9:04",
        "10:17",
        "10:56",
        "11:19",
        "12:17",
        "12:56",
        "13:17",
        "14:17",
        "14:56",
        "15:17",
        "16:17",
        "16:56",
        "17:17",
        "18:17",
        "18:56",
        "19:17",
        "20:44",
        "21:14",
        "22:39"
    ],
    "holiday": [
        "6:42",
        "7:43",
        "8:46",
        "9:10",
        "10:17",
        "10:56",
        "11:17",
        "12:19",
        "12:56",
        "13:17",
        "14:17",
        "14:56",
        "15:17",
        "16:17",
        "16:56",
        "17:17",
        "18:17",
        "18:56",
        "19:17",
        "20:40",
        "21:09",
        "22:39"
    ],
    "url": "https://www.kanachu.co.jp/dia/diagram/timetable01_js/course:0000802202-16/node:00129715/kt:0/lname:/"
}
