{
    "date": "2025/11/16",
    "name": "薬王寺入口",
    "position": "-",
    "system": "",
    "destinations": [
        "鶴ヶ峰本町",
        "鶴ヶ峰駅"
    ],
    "weekday": [
        "6:28",
        "6:47",
        "7:07",
        "7:17",
        "7:23",
        "7:29",
        "7:54",
        "8:05",
        "8:18",
        "9:14",
        "9:25",
        "10:05",
        "11:11",
        "11:29",
        "12:11",
        "13:11",
        "13:33",
        "14:11",
        "15:11",
        "15:33",
        "16:11",
        "17:10",
        "17:33",
        "18:10",
        "19:10",
        "19:33",
        "20:09",
        "21:44"
    ],
    "saturday": [
        "6:10",
        "6:47",
        "7:45",
        "8:53",
        "9:09",
        "10:22",
        "11:01",
        "11:24",
        "12:22",
        "13:01",
        "13:22",
        "14:22",
        "15:01",
        "15:22",
        "16:22",
        "17:01",
        "17:22",
        "18:22",
        "19:01",
        "19:22",
        "20:49",
        "21:19",
        "22:44"
    ],
    "holiday": [
        "6:47",
        "7:48",
        "8:51",
        "9:15",
        "10:22",
        "11:01",
        "11:22",
        "12:24",
        "13:01",
        "13:22",
        "14:22",
        "15:01",
        "15:22",
        "16:22",
        "17:01",
        "17:22",
        "18:22",
        "19:01",
        "19:22",
        "20:45",
        "21:14",
        "22:44"
    ],
    "url": "https://www.kanachu.co.jp/dia/diagram/timetable01_js/course:0000802202-20/node:00129719/kt:0/lname:/"
}
