{
    "date": "2024/03/16",
    "name": "市立病院前(厚木市)",
    "position": "-",
    "system": "厚07",
    "destinations": [
        "木売場",
        "三家入口(厚木市)",
        "妻田",
        "中村入口(厚木市)",
        "妻田薬師",
        "松蓮寺",
        "糀屋前(厚木市)",
        "宿原入口",
        "荻野新宿",
        "子中",
        "神奈川工科大学前",
        "リコー前",
        "下谷(厚木市)",
        "棚沢",
        "才戸橋",
        "下川入",
        "あつぎ郷土博物館"
    ],
    "weekday": [
        "7:05",
        "7:25",
        "7:46",
        "8:06",
        "8:44",
        "9:45"
    ],
    "saturday": [
        "8:04",
        "9:05",
        "10:03"
    ],
    "holiday": [
        "8:03",
        "9:04",
        "10:02"
    ],
    "url": "https://www.kanachu.co.jp/dia/diagram/timetable01_js/course:0000801090-5/node:00128259/kt:0/lname:/"
}
