{
    "date": "2024/03/16",
    "name": "リコー前",
    "position": "-",
    "system": "厚07",
    "destinations": [
        "下谷(厚木市)",
        "棚沢",
        "才戸橋",
        "下川入",
        "あつぎ郷土博物館"
    ],
    "weekday": [
        "7:17",
        "7:41",
        "8:04",
        "8:24",
        "9:02",
        "10:02"
    ],
    "saturday": [
        "8:18",
        "9:21",
        "10:19"
    ],
    "holiday": [
        "8:17",
        "9:18",
        "10:19"
    ],
    "url": "https://www.kanachu.co.jp/dia/diagram/timetable01_js/course:0000801090-17/node:00128306/kt:0/lname:/"
}
