{
    "date": "2025/11/16",
    "name": "川上(伊勢原市)",
    "position": "-",
    "system": "伊37",
    "destinations": [
        "専修大学入口(伊勢原市)",
        "総合運動公園入口",
        "分れ道",
        "日向新田",
        "薬師入口",
        "はつみ坂",
        "日向川",
        "馬場リハビリ入口",
        "神奈川リハビリ"
    ],
    "weekday": [
        "19:27"
    ],
    "saturday": [
        "18:37"
    ],
    "holiday": [
        "18:37"
    ],
    "url": "https://www.kanachu.co.jp/dia/diagram/timetable01_js/course:0000803020-8/node:00128174/kt:0/lname:/"
}
