{
    "date": "2025/11/16",
    "name": "総合運動公園入口",
    "position": "-",
    "system": "伊37",
    "destinations": [
        "分れ道",
        "日向新田",
        "薬師入口",
        "はつみ坂",
        "日向川",
        "馬場リハビリ入口",
        "神奈川リハビリ"
    ],
    "weekday": [
        "19:29"
    ],
    "saturday": [
        "18:39"
    ],
    "holiday": [
        "18:39"
    ],
    "url": "https://www.kanachu.co.jp/dia/diagram/timetable01_js/course:0000803020-10/node:00128214/kt:0/lname:/"
}
