{
    "system": "伊37",
    "busstops": [
        {
            "index": "1",
            "id": "00128127",
            "name": "伊勢原駅北口",
            "lat": "35.395709",
            "lng": "139.312682"
        },
        {
            "index": "2",
            "id": "00128128",
            "name": "本町(伊勢原市)",
            "lat": "35.397702",
            "lng": "139.308101"
        },
        {
            "index": "3",
            "id": "00128129",
            "name": "大神宮前",
            "lat": "35.398789",
            "lng": "139.305436"
        },
        {
            "index": "4",
            "id": "00128143",
            "name": "片町十字路",
            "lat": "35.401097",
            "lng": "139.304497"
        },
        {
            "index": "5",
            "id": "00128144",
            "name": "片町(伊勢原市)",
            "lat": "35.404795",
            "lng": "139.3044"
        },
        {
            "index": "6",
            "id": "00128223",
            "name": "共済会館入口",
            "lat": "35.407012",
            "lng": "139.304698"
        },
        {
            "index": "7",
            "id": "00128173",
            "name": "りんどう寮前",
            "lat": "35.409357",
            "lng": "139.304449"
        },
        {
            "index": "8",
            "id": "00128174",
            "name": "川上(伊勢原市)",
            "lat": "35.412013",
            "lng": "139.303434"
        },
        {
            "index": "9",
            "id": "00128175",
            "name": "専修大学入口(伊勢原市)",
            "lat": "35.415233",
            "lng": "139.302851"
        },
        {
            "index": "10",
            "id": "00128214",
            "name": "総合運動公園入口",
            "lat": "35.419801",
            "lng": "139.302189"
        },
        {
            "index": "11",
            "id": "00128188",
            "name": "分れ道",
            "lat": "35.424641",
            "lng": "139.301332"
        },
        {
            "index": "12",
            "id": "00128189",
            "name": "日向新田",
            "lat": "35.429507",
            "lng": "139.299007"
        },
        {
            "index": "13",
            "id": "00128190",
            "name": "薬師入口",
            "lat": "35.433019",
            "lng": "139.297949"
        },
        {
            "index": "14",
            "id": "00128191",
            "name": "はつみ坂",
            "lat": "35.435925",
            "lng": "139.299231"
        },
        {
            "index": "15",
            "id": "00128454",
            "name": "日向川",
            "lat": "35.438894",
            "lng": "139.301477"
        },
        {
            "index": "16",
            "id": "00128455",
            "name": "馬場リハビリ入口",
            "lat": "35.442077",
            "lng": "139.298797"
        },
        {
            "index": "17",
            "id": "00128456",
            "name": "神奈川リハビリ",
            "lat": "35.440206",
            "lng": "139.296289"
        }
    ],
    "route_url": "https://www.kanachu.co.jp/dia/route/index/cid:0000803020/"
}
