{
    "date": "2024/09/02",
    "name": "泉警察署前",
    "position": "-",
    "system": "",
    "destinations": [
        "富士塚(横浜市泉区)",
        "芝原(横浜市泉区)",
        "横浜泉郵便局前",
        "三ツ俣",
        "立場駅",
        "立場ターミナル"
    ],
    "weekday": [
        "5:58",
        "6:22",
        "6:47",
        "7:00",
        "7:25",
        "7:48",
        "8:13"
    ],
    "saturday": [
        "6:13",
        "6:54"
    ],
    "holiday": [
        "6:13",
        "6:54"
    ],
    "url": "https://www.kanachu.co.jp/dia/diagram/timetable01_js/course:0000800076-12/node:00126904/kt:0/lname:/"
}
