{
  "date": "-",
  "name": "木曽南団地",
  "position": "-",
  "system": "町78",
  "destinations": [
    "町田総合高校前",
    "上の原(町田市)",
    "忠生",
    "JA忠生支店前",
    "忠生三丁目",
    "馬駈",
    "図師大橋",
    "図師",
    "並木(町田市)",
    "神学校(町田市)",
    "野津田車庫"
  ],
  "weekday": [],
  "saturday": [],
  "holiday": [],
  "url": "https://www.kanachu.co.jp/dia/diagram/timetable01_js/course:0000800826-13/node:00129384/kt:0/lname:/"
}