{
  "date": "2024/07/08",
  "name": "町田総合高校前",
  "position": "サイゼリヤ前",
  "system": "町78",
  "destinations": [
    "上の原(町田市)",
    "忠生",
    "JA忠生支店前",
    "忠生三丁目",
    "馬駈",
    "図師大橋",
    "図師",
    "並木(町田市)",
    "神学校(町田市)",
    "野津田車庫"
  ],
  "weekday": [
    "8:58",
    "9:55",
    "10:55",
    "11:55",
    "12:55",
    "13:55",
    "14:55",
    "15:55",
    "17:53",
    "18:57",
    "21:23",
    "22:56"
  ],
  "saturday": [
    "9:52",
    "10:52",
    "11:53",
    "12:53",
    "13:53",
    "14:53",
    "15:53",
    "16:55",
    "17:53",
    "18:53",
    "19:51",
    "20:31",
    "21:11",
    "22:56"
  ],
  "holiday": [
    "9:57",
    "10:57",
    "11:58",
    "12:58",
    "13:58",
    "14:58",
    "15:58",
    "16:58",
    "17:58",
    "18:58",
    "20:01", "20:31",
    "21:16"
  ],
  "url": "https://www.kanachu.co.jp/dia/diagram/timetable01/cs:0000801123-13/rt:0/nid:00129495/dts:1738432800"
}
