{
  "date": "2025/04/01",
  "name": "町田総合高校前",
  "position": "サイゼリヤ前",
  "system": "町78",
  "destinations": [
    "上の原(町田市)",
    "忠生",
    "JA忠生支店前",
    "忠生三丁目",
    "馬駈",
    "図師大橋",
    "図師",
    "並木(町田市)",
    "神学校(町田市)",
    "野津田車庫"
  ],
  "weekday": [
    "8:58",
    "9:56",
    "10:56",
    "11:56",
    "12:56",
    "13:56",
    "14:56",
    "15:56",
    "17:04",
    "18:58",
    "21:23",
    "22:56"
  ],
  "saturday": [
    "9:52",
    "10:50",
    "11:52",
    "12:56",
    "13:56",
    "14:54",
    "15:54",
    "16:56",
    "17:54",
    "18:54",
    "19:47",
    "20:31",
    "21:11",
    "22:56"
  ],
  "holiday": [
    "9:57",
    "10:57",
    "11:59",
    "12:59",
    "13:59",
    "14:59",
    "15:59",
    "16:59",
    "17:59",
    "18:59",
    "20:31",
    "20:01",
    "21:16"
  ],
  "url": "https://www.kanachu.co.jp/dia/diagram/timetable01_js/course:0000800826-13/node:00129495/kt:1/lname:/dts:1740679200"
}