{
    "date": "2025/07/12",
    "name": "遠藤(藤沢市)",
    "position": "-",
    "system": "藤39",
    "destinations": [
        "秋葉台小学校",
        "遠藤北原",
        "市営住宅前(藤沢市)",
        "遠藤松原",
        "遠藤中原",
        "湘南ライフタウン",
        "小出一本松",
        "大辻(藤沢市)",
        "丸山大辻",
        "ライフタウン入口",
        "堤羽根沢",
        "湘南カントリークラブ前",
        "羽根沢",
        "大庭小学校",
        "小糸",
        "城下(藤沢市)",
        "舟地蔵",
        "大六天(藤沢市)",
        "明治小学校前",
        "羽鳥(藤沢市)",
        "メルシャン前",
        "引地橋",
        "一中入口(藤沢市)",
        "湘南高校前",
        "台町(藤沢市)",
        "白旗交差点",
        "本町小学校前(藤沢市)",
        "南仲通り二丁目",
        "南仲通り",
        "相生町(藤沢市)",
        "三富士町",
        "藤沢駅北口"
    ],
    "weekday": [
        "6:57",
        "7:25",
        "8:17",
        "8:54",
        "9:42",
        "11:37",
        "13:37",
        "15:37",
        "17:42"
    ],
    "saturday": [],
    "holiday": [],
    "url": "https://www.kanachu.co.jp/dia/diagram/timetable01_js/course:0000800305-6/node:00129919/kt:0/lname:/"
}
