{
    "date": "2025/07/12",
    "name": "大庭小学校",
    "position": "-",
    "system": "藤39",
    "destinations": [
        "小糸",
        "城下(藤沢市)",
        "舟地蔵",
        "大六天(藤沢市)",
        "明治小学校前",
        "羽鳥(藤沢市)",
        "メルシャン前",
        "引地橋",
        "一中入口(藤沢市)",
        "湘南高校前",
        "台町(藤沢市)",
        "白旗交差点",
        "本町小学校前(藤沢市)",
        "南仲通り二丁目",
        "南仲通り",
        "相生町(藤沢市)",
        "三富士町",
        "藤沢駅北口"
    ],
    "weekday": [
        "7:12",
        "7:40",
        "8:32",
        "9:09",
        "9:57",
        "11:52",
        "13:52",
        "15:52",
        "17:58"
    ],
    "saturday": [],
    "holiday": [],
    "url": "https://www.kanachu.co.jp/dia/diagram/timetable01_js/course:0000800305-20/node:00129942/kt:0/lname:/"
}
