{
    "date": "2025/07/12",
    "name": "本町小学校前(藤沢市)",
    "position": "-",
    "system": "藤39",
    "destinations": [
        "南仲通り二丁目",
        "南仲通り",
        "相生町(藤沢市)",
        "三富士町",
        "藤沢駅北口"
    ],
    "weekday": [
        "7:29",
        "7:57",
        "8:49",
        "9:25",
        "10:13",
        "12:08",
        "14:08",
        "16:09",
        "18:13"
    ],
    "saturday": [],
    "holiday": [],
    "url": "https://www.kanachu.co.jp/dia/diagram/timetable01_js/course:0000800305-33/node:00127109/kt:0/lname:/"
}
