{
    "date": "2025/07/27",
    "name": "御嶽神社入口",
    "position": "-",
    "system": "秦25",
    "destinations": [
        "山谷入口",
        "末広小学校前",
        "下宿(秦野市)",
        "仲宿(秦野市)",
        "上宿通り",
        "大川橋(秦野市)",
        "まほろば大橋",
        "秦野駅"
    ],
    "weekday": [
        "6:36",
        "7:17",
        "7:50",
        "8:37",
        "10:13",
        "12:12",
        "13:12",
        "15:22",
        "16:52",
        "17:52"
    ],
    "saturday": [
        "9:57",
        "11:57",
        "14:12",
        "16:12"
    ],
    "holiday": [
        "9:57",
        "11:57",
        "14:12",
        "16:12"
    ],
    "url": "https://www.kanachu.co.jp/dia/diagram/timetable01_js/course:0000801512-3/node:00127855/kt:0/lname:/"
}
