{
    "date": "2025/07/27",
    "name": "仲宿(秦野市)",
    "position": "-",
    "system": "秦25",
    "destinations": [
        "上宿通り",
        "大川橋(秦野市)",
        "まほろば大橋",
        "秦野駅"
    ],
    "weekday": [
        "6:40",
        "7:21",
        "7:54",
        "8:41",
        "10:17",
        "12:16",
        "13:16",
        "15:26",
        "16:56",
        "17:56"
    ],
    "saturday": [
        "10:01",
        "12:01",
        "14:16",
        "16:16"
    ],
    "holiday": [
        "10:01",
        "12:01",
        "14:16",
        "16:16"
    ],
    "url": "https://www.kanachu.co.jp/dia/diagram/timetable01_js/course:0000801512-7/node:00127835/kt:0/lname:/"
}
