{
    "date": "2025/04/01",
    "name": "森野五丁目",
    "position": "",
    "system": "町12",
    "destinations": [
        "森野六丁目",
        "桧台入口",
        "木曽都営入口",
        "境川団地入口",
        "境川団地中央",
        "境川団地",
        "横町(町田市)",
        "木曽南団地"
    ],
    "weekday": [
        "17:52",
        "19:34",
        "20:24",
        "21:03"
    ],
    "saturday": [
        "9:59",
        "10:59",
        "20:48"
    ],
    "holiday": [],
    "url": "https://www.kanachu.co.jp/dia/diagram/timetable01_js/course:0000800088-5/node:00129376/kt:0/lname:/"
}
