{
    "date": "2025/11/16",
    "name": "四ツ角(平塚市)",
    "position": "-",
    "system": "平63",
    "destinations": [
        "明石町一丁目",
        "明石町(平塚市)",
        "崇善小学校前",
        "江陽中学校前(平塚市)",
        "美術館入口(平塚市)",
        "総合公園(平塚市)",
        "平塚球場",
        "西新町(平塚市)",
        "中原東(平塚市)",
        "中原中宿",
        "伊勢山(平塚市)",
        "住宅前(平塚市)",
        "大野中学校前",
        "西真土",
        "大野農協前",
        "市場前(平塚市)",
        "坂口(平塚市)",
        "今里(平塚市)",
        "横内団地前",
        "横内下",
        "横内公民館入口",
        "横内四ツ角",
        "田村車庫"
    ],
    "weekday": [
        "7:22",
        "7:48",
        "8:05",
        "8:25",
        "8:45",
        "8:53",
        "9:10",
        "9:35",
        "9:45",
        "10:15",
        "10:35",
        "10:50",
        "11:10",
        "11:40",
        "12:25",
        "12:55",
        "13:25",
        "13:40",
        "13:56",
        "14:36",
        "14:45",
        "15:35",
        "15:50",
        "17:20",
        "17:49",
        "18:50",
        "19:50",
        "20:25",
        "21:15",
        "21:35",
        "22:24",
        "23:00"
    ],
    "saturday": [
        "6:15",
        "6:45",
        "7:15",
        "7:50",
        "8:05",
        "8:35",
        "8:50",
        "9:40",
        "9:55",
        "10:10",
        "10:55",
        "11:10",
        "11:40",
        "11:55",
        "12:10",
        "12:40",
        "12:55",
        "13:10",
        "13:45",
        "13:55",
        "14:10",
        "14:40",
        "14:55",
        "15:09",
        "15:35",
        "15:55",
        "16:09",
        "16:40",
        "16:55",
        "17:50",
        "18:45",
        "19:10",
        "19:45",
        "20:00",
        "20:50",
        "21:20",
        "21:45",
        "22:10",
        "22:40"
    ],
    "holiday": [
        "6:35",
        "7:05",
        "7:50",
        "8:05",
        "8:35",
        "8:50",
        "9:40",
        "9:55",
        "10:10",
        "10:55",
        "11:10",
        "11:40",
        "11:55",
        "12:10",
        "12:40",
        "12:55",
        "13:10",
        "13:45",
        "13:55",
        "14:10",
        "14:40",
        "14:55",
        "15:09",
        "15:35",
        "15:55",
        "16:09",
        "16:40",
        "16:55",
        "17:50",
        "18:45",
        "19:10",
        "19:45",
        "20:00",
        "21:00",
        "22:00",
        "22:30"
    ],
    "url": "https://www.kanachu.co.jp/dia/diagram/timetable01_js/course:0000803116-2/node:00127190/kt:0/lname:/"
}
