{
    "date": "2025/11/16",
    "name": "崇善小学校前",
    "position": "-",
    "system": "平63",
    "destinations": [
        "江陽中学校前(平塚市)",
        "美術館入口(平塚市)",
        "総合公園(平塚市)",
        "平塚球場",
        "西新町(平塚市)",
        "中原東(平塚市)",
        "中原中宿",
        "伊勢山(平塚市)",
        "住宅前(平塚市)",
        "大野中学校前",
        "西真土",
        "大野農協前",
        "市場前(平塚市)",
        "坂口(平塚市)",
        "今里(平塚市)",
        "横内団地前",
        "横内下",
        "横内公民館入口",
        "横内四ツ角",
        "田村車庫"
    ],
    "weekday": [
        "7:24",
        "7:50",
        "8:07",
        "8:27",
        "8:47",
        "8:55",
        "9:12",
        "9:37",
        "9:47",
        "10:17",
        "10:37",
        "10:52",
        "11:12",
        "11:42",
        "12:27",
        "12:57",
        "13:27",
        "13:42",
        "13:58",
        "14:38",
        "14:47",
        "15:37",
        "15:52",
        "17:22",
        "17:51",
        "18:52",
        "19:52",
        "20:27",
        "21:17",
        "21:37",
        "22:26",
        "23:02"
    ],
    "saturday": [
        "6:17",
        "6:47",
        "7:17",
        "7:52",
        "8:07",
        "8:37",
        "8:52",
        "9:42",
        "9:57",
        "10:12",
        "10:57",
        "11:12",
        "11:42",
        "11:57",
        "12:12",
        "12:42",
        "12:57",
        "13:12",
        "13:47",
        "13:57",
        "14:12",
        "14:42",
        "14:57",
        "15:11",
        "15:37",
        "15:57",
        "16:11",
        "16:42",
        "16:57",
        "17:52",
        "18:47",
        "19:12",
        "19:47",
        "20:02",
        "20:52",
        "21:22",
        "21:47",
        "22:12",
        "22:42"
    ],
    "holiday": [
        "6:37",
        "7:07",
        "7:52",
        "8:07",
        "8:37",
        "8:52",
        "9:42",
        "9:57",
        "10:12",
        "10:57",
        "11:12",
        "11:42",
        "11:57",
        "12:12",
        "12:42",
        "12:57",
        "13:12",
        "13:47",
        "13:57",
        "14:12",
        "14:42",
        "14:57",
        "15:11",
        "15:37",
        "15:57",
        "16:11",
        "16:42",
        "16:57",
        "17:52",
        "18:47",
        "19:12",
        "19:47",
        "20:02",
        "21:02",
        "22:02",
        "22:32"
    ],
    "url": "https://www.kanachu.co.jp/dia/diagram/timetable01_js/course:0000803116-5/node:00127597/kt:0/lname:/"
}
