{
    "date": "2025/11/16",
    "name": "平塚球場",
    "position": "-",
    "system": "平63",
    "destinations": [
        "西新町(平塚市)",
        "中原東(平塚市)",
        "中原中宿",
        "伊勢山(平塚市)",
        "住宅前(平塚市)",
        "大野中学校前",
        "西真土",
        "大野農協前",
        "市場前(平塚市)",
        "坂口(平塚市)",
        "今里(平塚市)",
        "横内団地前",
        "横内下",
        "横内公民館入口",
        "横内四ツ角",
        "田村車庫"
    ],
    "weekday": [
        "7:27",
        "7:53",
        "8:10",
        "8:30",
        "8:50",
        "8:58",
        "9:15",
        "9:40",
        "9:50",
        "10:20",
        "10:40",
        "10:55",
        "11:15",
        "11:45",
        "12:30",
        "13:00",
        "13:30",
        "13:45",
        "14:01",
        "14:41",
        "14:50",
        "15:40",
        "15:55",
        "17:25",
        "17:54",
        "18:55",
        "19:55",
        "20:30",
        "21:20",
        "21:40",
        "22:29",
        "23:05"
    ],
    "saturday": [
        "6:20",
        "6:50",
        "7:20",
        "7:55",
        "8:10",
        "8:40",
        "8:55",
        "9:45",
        "10:00",
        "10:15",
        "11:00",
        "11:15",
        "11:45",
        "12:00",
        "12:15",
        "12:45",
        "13:00",
        "13:15",
        "13:50",
        "14:00",
        "14:15",
        "14:45",
        "15:00",
        "15:14",
        "15:40",
        "16:00",
        "16:14",
        "16:45",
        "17:00",
        "17:55",
        "18:50",
        "19:15",
        "19:50",
        "20:05",
        "20:55",
        "21:25",
        "21:50",
        "22:15",
        "22:45"
    ],
    "holiday": [
        "6:40",
        "7:10",
        "7:55",
        "8:10",
        "8:40",
        "8:55",
        "9:45",
        "10:00",
        "10:15",
        "11:00",
        "11:15",
        "11:45",
        "12:00",
        "12:15",
        "12:45",
        "13:00",
        "13:15",
        "13:50",
        "14:00",
        "14:15",
        "14:45",
        "15:00",
        "15:14",
        "15:40",
        "16:00",
        "16:14",
        "16:45",
        "17:00",
        "17:55",
        "18:50",
        "19:15",
        "19:50",
        "20:05",
        "21:05",
        "22:05",
        "22:35"
    ],
    "url": "https://www.kanachu.co.jp/dia/diagram/timetable01_js/course:0000803116-9/node:00127601/kt:0/lname:/"
}
