{
    "date": "2025/11/16",
    "name": "大野中学校前",
    "position": "-",
    "system": "平63",
    "destinations": [
        "西真土",
        "大野農協前",
        "市場前(平塚市)",
        "坂口(平塚市)",
        "今里(平塚市)",
        "横内団地前",
        "横内下",
        "横内公民館入口",
        "横内四ツ角",
        "田村車庫"
    ],
    "weekday": [
        "7:33",
        "7:59",
        "8:16",
        "8:36",
        "8:56",
        "9:04",
        "9:21",
        "9:46",
        "9:56",
        "10:26",
        "10:46",
        "11:01",
        "11:21",
        "11:51",
        "12:36",
        "13:06",
        "13:36",
        "13:51",
        "14:07",
        "14:47",
        "14:56",
        "15:46",
        "16:01",
        "17:31",
        "18:00",
        "19:01",
        "20:01",
        "20:36",
        "21:26",
        "21:46",
        "22:35",
        "23:11"
    ],
    "saturday": [
        "6:26",
        "6:56",
        "7:26",
        "8:01",
        "8:16",
        "8:46",
        "9:01",
        "9:51",
        "10:06",
        "10:21",
        "11:06",
        "11:21",
        "11:51",
        "12:06",
        "12:21",
        "12:51",
        "13:06",
        "13:21",
        "13:56",
        "14:06",
        "14:21",
        "14:51",
        "15:06",
        "15:20",
        "15:46",
        "16:06",
        "16:20",
        "16:51",
        "17:06",
        "18:01",
        "18:56",
        "19:21",
        "19:56",
        "20:11",
        "21:01",
        "21:31",
        "21:56",
        "22:21",
        "22:51"
    ],
    "holiday": [
        "6:46",
        "7:16",
        "8:01",
        "8:16",
        "8:46",
        "9:01",
        "9:51",
        "10:06",
        "10:21",
        "11:06",
        "11:21",
        "11:51",
        "12:06",
        "12:21",
        "12:51",
        "13:06",
        "13:21",
        "13:56",
        "14:06",
        "14:21",
        "14:51",
        "15:06",
        "15:20",
        "15:46",
        "16:06",
        "16:20",
        "16:51",
        "17:06",
        "18:01",
        "18:56",
        "19:21",
        "19:56",
        "20:11",
        "21:11",
        "22:11",
        "22:41"
    ],
    "url": "https://www.kanachu.co.jp/dia/diagram/timetable01_js/course:0000803116-15/node:00127607/kt:0/lname:/"
}
