{
    "date": "2025/11/16",
    "name": "横内団地前",
    "position": "-",
    "system": "平63",
    "destinations": [
        "横内下",
        "横内公民館入口",
        "横内四ツ角",
        "田村車庫"
    ],
    "weekday": [
        "7:40",
        "8:06",
        "8:23",
        "8:43",
        "9:03",
        "9:11",
        "9:28",
        "9:53",
        "10:03",
        "10:33",
        "10:53",
        "11:08",
        "11:28",
        "11:58",
        "12:43",
        "13:13",
        "13:43",
        "13:58",
        "14:14",
        "14:54",
        "15:03",
        "15:53",
        "16:08",
        "17:38",
        "18:07",
        "19:08",
        "20:08",
        "20:43",
        "21:33",
        "21:53",
        "22:42",
        "23:18"
    ],
    "saturday": [
        "6:33",
        "7:03",
        "7:33",
        "8:08",
        "8:23",
        "8:53",
        "9:08",
        "9:58",
        "10:13",
        "10:28",
        "11:13",
        "11:28",
        "11:58",
        "12:13",
        "12:28",
        "12:58",
        "13:13",
        "13:28",
        "14:03",
        "14:13",
        "14:28",
        "14:58",
        "15:13",
        "15:27",
        "15:53",
        "16:13",
        "16:27",
        "16:58",
        "17:13",
        "18:08",
        "19:03",
        "19:28",
        "20:03",
        "20:18",
        "21:08",
        "21:38",
        "22:03",
        "22:28",
        "22:58"
    ],
    "holiday": [
        "6:53",
        "7:23",
        "8:08",
        "8:23",
        "8:53",
        "9:08",
        "9:58",
        "10:13",
        "10:28",
        "11:13",
        "11:28",
        "11:58",
        "12:13",
        "12:28",
        "12:58",
        "13:13",
        "13:28",
        "14:03",
        "14:13",
        "14:28",
        "14:58",
        "15:13",
        "15:27",
        "15:53",
        "16:13",
        "16:27",
        "16:58",
        "17:13",
        "18:08",
        "19:03",
        "19:28",
        "20:03",
        "20:18",
        "21:18",
        "22:18",
        "22:48"
    ],
    "url": "https://www.kanachu.co.jp/dia/diagram/timetable01_js/course:0000803116-21/node:00127613/kt:0/lname:/"
}
