{
    "date": "2025/11/16",
    "name": "横内公民館入口",
    "position": "-",
    "system": "平63",
    "destinations": [
        "横内四ツ角",
        "田村車庫"
    ],
    "weekday": [
        "7:43",
        "8:09",
        "8:26",
        "8:46",
        "9:06",
        "9:14",
        "9:31",
        "9:56",
        "10:06",
        "10:36",
        "10:56",
        "11:11",
        "11:31",
        "12:01",
        "12:46",
        "13:16",
        "13:46",
        "14:01",
        "14:17",
        "14:57",
        "15:06",
        "15:56",
        "16:11",
        "17:41",
        "18:10",
        "19:11",
        "20:11",
        "20:46",
        "21:36",
        "21:56",
        "22:45",
        "23:21"
    ],
    "saturday": [
        "6:36",
        "7:06",
        "7:36",
        "8:11",
        "8:26",
        "8:56",
        "9:11",
        "10:01",
        "10:16",
        "10:31",
        "11:16",
        "11:31",
        "12:01",
        "12:16",
        "12:31",
        "13:01",
        "13:16",
        "13:31",
        "14:06",
        "14:16",
        "14:31",
        "15:01",
        "15:16",
        "15:30",
        "15:56",
        "16:16",
        "16:30",
        "17:01",
        "17:16",
        "18:11",
        "19:06",
        "19:31",
        "20:06",
        "20:21",
        "21:11",
        "21:41",
        "22:06",
        "22:31",
        "23:01"
    ],
    "holiday": [
        "6:56",
        "7:26",
        "8:11",
        "8:26",
        "8:56",
        "9:11",
        "10:01",
        "10:16",
        "10:31",
        "11:16",
        "11:31",
        "12:01",
        "12:16",
        "12:31",
        "13:01",
        "13:16",
        "13:31",
        "14:06",
        "14:16",
        "14:31",
        "15:01",
        "15:16",
        "15:30",
        "15:56",
        "16:16",
        "16:30",
        "17:01",
        "17:16",
        "18:11",
        "19:06",
        "19:31",
        "20:06",
        "20:21",
        "21:21",
        "22:21",
        "22:51"
    ],
    "url": "https://www.kanachu.co.jp/dia/diagram/timetable01_js/course:0000803116-23/node:00127615/kt:0/lname:/"
}
