{
    "date": "2025/03/15",
    "name": "吉岡芝原",
    "position": "-",
    "system": "湘20",
    "destinations": [
        "山根(綾瀬市)",
        "女坂",
        "松葉(藤沢市)",
        "用田神社入口",
        "用田辻",
        "用田(藤沢市)",
        "御所見市民センター前",
        "御所見中学校前",
        "西菖蒲沢",
        "菖蒲沢(藤沢市)",
        "笹久保(藤沢市)",
        "仲之桜",
        "六地蔵(藤沢市)",
        "大下(藤沢市)",
        "大山(藤沢市)",
        "加温処理場前",
        "北警察署前(藤沢市)",
        "湘南台駅西口"
    ],
    "weekday": [
        "5:43",
        "6:06",
        "6:31",
        "6:50",
        "7:07",
        "7:21",
        "7:56",
        "8:16",
        "8:36",
        "9:36",
        "10:36",
        "11:16",
        "11:41",
        "12:36",
        "13:06",
        "13:36",
        "14:36",
        "15:06",
        "15:36",
        "16:11",
        "16:36",
        "17:16",
        "17:41",
        "18:11",
        "18:41",
        "19:11",
        "19:41"
    ],
    "saturday": [
        "5:54",
        "6:31",
        "6:51",
        "7:09",
        "7:29",
        "8:11",
        "8:44",
        "9:11",
        "9:41",
        "10:11",
        "10:41",
        "11:11",
        "11:41",
        "12:41",
        "13:41",
        "14:16",
        "14:41",
        "15:16",
        "15:41",
        "16:11",
        "16:41",
        "17:11",
        "18:16",
        "18:44",
        "19:11"
    ],
    "holiday": [
        "5:54",
        "6:31",
        "6:51",
        "7:09",
        "7:29",
        "8:11",
        "8:44",
        "9:11",
        "9:41",
        "10:11",
        "10:41",
        "11:11",
        "11:41",
        "12:41",
        "13:41",
        "14:16",
        "14:41",
        "15:16",
        "15:41",
        "16:11",
        "16:41",
        "17:11",
        "18:16",
        "18:44",
        "19:31"
    ],
    "url": "https://www.kanachu.co.jp/dia/diagram/timetable01_js/course:0000801500-2/node:00129844/kt:0/lname:/"
}
