{
    "date": "2025/03/15",
    "name": "用田(藤沢市)",
    "position": "-",
    "system": "湘20",
    "destinations": [
        "御所見市民センター前",
        "御所見中学校前",
        "西菖蒲沢",
        "菖蒲沢(藤沢市)",
        "笹久保(藤沢市)",
        "仲之桜",
        "六地蔵(藤沢市)",
        "大下(藤沢市)",
        "大山(藤沢市)",
        "加温処理場前",
        "北警察署前(藤沢市)",
        "湘南台駅西口"
    ],
    "weekday": [
        "5:50",
        "6:13",
        "6:38",
        "6:57",
        "7:14",
        "7:28",
        "8:03",
        "8:23",
        "8:43",
        "9:43",
        "10:43",
        "11:23",
        "11:48",
        "12:43",
        "13:13",
        "13:43",
        "14:43",
        "15:13",
        "15:43",
        "16:18",
        "16:43",
        "17:23",
        "17:48",
        "18:18",
        "18:48",
        "19:18",
        "19:48"
    ],
    "saturday": [
        "6:01",
        "6:38",
        "6:58",
        "7:16",
        "7:36",
        "8:18",
        "8:51",
        "9:18",
        "9:48",
        "10:18",
        "10:48",
        "11:18",
        "11:48",
        "12:48",
        "13:48",
        "14:23",
        "14:48",
        "15:23",
        "15:48",
        "16:18",
        "16:48",
        "17:18",
        "18:23",
        "18:51",
        "19:18"
    ],
    "holiday": [
        "6:01",
        "6:38",
        "6:58",
        "7:16",
        "7:36",
        "8:18",
        "8:51",
        "9:18",
        "9:48",
        "10:18",
        "10:48",
        "11:18",
        "11:48",
        "12:48",
        "13:48",
        "14:23",
        "14:48",
        "15:23",
        "15:48",
        "16:18",
        "16:48",
        "17:18",
        "18:23",
        "18:51",
        "19:38"
    ],
    "url": "https://www.kanachu.co.jp/dia/diagram/timetable01_js/course:0000801500-8/node:00129826/kt:0/lname:/"
}
