{
    "date": "2025/03/15",
    "name": "御所見中学校前",
    "position": "-",
    "system": "湘20",
    "destinations": [
        "西菖蒲沢",
        "菖蒲沢(藤沢市)",
        "笹久保(藤沢市)",
        "仲之桜",
        "六地蔵(藤沢市)",
        "大下(藤沢市)",
        "大山(藤沢市)",
        "加温処理場前",
        "北警察署前(藤沢市)",
        "湘南台駅西口"
    ],
    "weekday": [
        "5:52",
        "6:15",
        "6:40",
        "6:59",
        "7:16",
        "7:30",
        "8:05",
        "8:25",
        "8:45",
        "9:45",
        "10:45",
        "11:25",
        "11:50",
        "12:45",
        "13:15",
        "13:45",
        "14:45",
        "15:15",
        "15:45",
        "16:20",
        "16:45",
        "17:25",
        "17:50",
        "18:20",
        "18:50",
        "19:20",
        "19:50"
    ],
    "saturday": [
        "6:03",
        "6:40",
        "7:00",
        "7:18",
        "7:38",
        "8:20",
        "8:53",
        "9:20",
        "9:50",
        "10:20",
        "10:50",
        "11:20",
        "11:50",
        "12:50",
        "13:50",
        "14:25",
        "14:50",
        "15:25",
        "15:50",
        "16:20",
        "16:50",
        "17:20",
        "18:25",
        "18:53",
        "19:20"
    ],
    "holiday": [
        "6:03",
        "6:40",
        "7:00",
        "7:18",
        "7:38",
        "8:20",
        "8:53",
        "9:20",
        "9:50",
        "10:20",
        "10:50",
        "11:20",
        "11:50",
        "12:50",
        "13:50",
        "14:25",
        "14:50",
        "15:25",
        "15:50",
        "16:20",
        "16:50",
        "17:20",
        "18:25",
        "18:53",
        "19:40"
    ],
    "url": "https://www.kanachu.co.jp/dia/diagram/timetable01_js/course:0000801500-10/node:00129824/kt:0/lname:/"
}
