{
    "date": "2025/03/15",
    "name": "大山(藤沢市)",
    "position": "-",
    "system": "湘20",
    "destinations": [
        "加温処理場前",
        "北警察署前(藤沢市)",
        "湘南台駅西口"
    ],
    "weekday": [
        "6:00",
        "6:23",
        "6:48",
        "7:07",
        "7:24",
        "7:38",
        "8:13",
        "8:33",
        "8:53",
        "9:51",
        "10:51",
        "11:31",
        "11:56",
        "12:51",
        "13:21",
        "13:51",
        "14:51",
        "15:21",
        "15:51",
        "16:26",
        "16:51",
        "17:31",
        "17:56",
        "18:26",
        "18:56",
        "19:26",
        "19:56"
    ],
    "saturday": [
        "6:09",
        "6:46",
        "7:06",
        "7:24",
        "7:44",
        "8:26",
        "8:59",
        "9:26",
        "9:56",
        "10:26",
        "10:56",
        "11:26",
        "11:56",
        "12:56",
        "13:56",
        "14:31",
        "14:56",
        "15:31",
        "15:56",
        "16:26",
        "16:56",
        "17:26",
        "18:31",
        "18:59",
        "19:26"
    ],
    "holiday": [
        "6:09",
        "6:46",
        "7:06",
        "7:24",
        "7:44",
        "8:26",
        "8:59",
        "9:26",
        "9:56",
        "10:26",
        "10:56",
        "11:26",
        "11:56",
        "12:56",
        "13:56",
        "14:31",
        "14:56",
        "15:31",
        "15:56",
        "16:26",
        "16:56",
        "17:26",
        "18:31",
        "18:59",
        "19:46"
    ],
    "url": "https://www.kanachu.co.jp/dia/diagram/timetable01_js/course:0000801500-17/node:00129911/kt:0/lname:/"
}
