{
    "date": "2025/01/14",
    "name": "古沢(厚木市)",
    "position": "-",
    "system": "厚47",
    "destinations": [
        "矢崎(厚木市)",
        "打越(厚木市)",
        "局前(厚木市)",
        "学校前(厚木市)",
        "台ノ上",
        "小鮎公民館前",
        "旗谷入口",
        "白山(厚木市)",
        "八ツ橋",
        "愛名",
        "毛利台入口",
        "毛利台一丁目",
        "毛利台団地",
        "毛利台一丁目",
        "毛利台入口",
        "権現堂(厚木市)",
        "上高坪",
        "高坪",
        "スポーツセンター入口(厚木市)",
        "温水幼稚園前",
        "高坪入口",
        "温水",
        "片岸(厚木市)",
        "アステモ[Astemo]前〔旧:日立アステモ前〕",
        "厚木高校前",
        "合同庁舎前(厚木市)",
        "市役所入口(厚木市)",
        "本厚木駅",
        "厚木バスセンター"
    ],
    "weekday": [],
    "saturday": [
        "6:59",
        "7:59",
        "10:59",
        "11:59",
        "12:59",
        "13:59",
        "14:59",
        "15:59",
        "16:59",
        "17:59",
        "18:59"
    ],
    "holiday": [
        "6:59",
        "7:59",
        "8:59",
        "9:59",
        "10:59",
        "11:59",
        "12:59",
        "13:59",
        "14:59",
        "15:59",
        "16:59",
        "17:59",
        "18:59"
    ],
    "url": "https://www.kanachu.co.jp/dia/diagram/timetable01_js/course:0000803679-4/node:00128484/kt:0/lname:/"
}
