{
    "date": "2025/01/14",
    "name": "温水",
    "position": "-",
    "system": "厚47",
    "destinations": [
        "片岸(厚木市)",
        "日立アステモ前",
        "厚木高校前",
        "合同庁舎前(厚木市)",
        "市役所入口(厚木市)",
        "本厚木駅",
        "厚木バスセンター"
    ],
    "weekday": [],
    "saturday": [
        "7:24",
        "8:24",
        "11:24",
        "12:24",
        "13:24",
        "14:24",
        "15:24",
        "16:24",
        "17:24",
        "18:24",
        "19:24"
    ],
    "holiday": [
        "7:24",
        "8:24",
        "9:24",
        "10:24",
        "11:24",
        "12:24",
        "13:24",
        "14:24",
        "15:24",
        "16:24",
        "17:24",
        "18:24",
        "19:24"
    ],
    "url": "https://www.kanachu.co.jp/dia/diagram/timetable01_js/course:0000803679-26/node:00128443/kt:0/lname:/"
}
