{
    "date": "2025/01/14",
    "name": "片岸(厚木市)",
    "position": "-",
    "system": "厚47",
    "destinations": [
        "日立アステモ前",
        "厚木高校前",
        "合同庁舎前(厚木市)",
        "市役所入口(厚木市)",
        "本厚木駅",
        "厚木バスセンター"
    ],
    "weekday": [],
    "saturday": [
        "7:25",
        "8:25",
        "11:25",
        "12:25",
        "13:25",
        "14:25",
        "15:25",
        "16:25",
        "17:25",
        "18:25",
        "19:25"
    ],
    "holiday": [
        "7:25",
        "8:25",
        "9:25",
        "10:25",
        "11:25",
        "12:25",
        "13:25",
        "14:25",
        "15:25",
        "16:25",
        "17:25",
        "18:25",
        "19:25"
    ],
    "url": "https://www.kanachu.co.jp/dia/diagram/timetable01_js/course:0000803679-27/node:00128442/kt:0/lname:/"
}
