{
    "date": "2017/01/16",
    "name": "追分(厚木市)",
    "position": "-",
    "system": "厚81",
    "destinations": [
        "蓮生寺(厚木市)",
        "関口(厚木市)",
        "依知小学校前",
        "中平(厚木市)",
        "山際",
        "藤塚(厚木市)",
        "上依知",
        "依知神社前",
        "昭和橋(相模原市南区)",
        "下当麻",
        "当麻市場",
        "夢の丘小学校入口",
        "原当麻駅"
    ],
    "weekday": [
        "12:11",
        "13:41",
        "15:11"
    ],
    "saturday": [],
    "holiday": [],
    "url": "https://www.kanachu.co.jp/dia/diagram/timetable01_js/course:0000800596-11/node:00128350/kt:0/lname:/"
}
