{
    "date": "2022/02/05",
    "name": "幸町(茅ケ崎市)",
    "position": "-",
    "system": "茅33",
    "destinations": [
        "会館前(茅ケ崎市)",
        "中海岸",
        "中海岸四丁目",
        "仲町(茅ケ崎市)",
        "団地中央(茅ケ崎市)",
        "浜見平団地",
        "柳島(茅ケ崎市)",
        "松尾(茅ケ崎市)",
        "松尾入口",
        "団地北口(茅ケ崎市)",
        "団地中央(茅ケ崎市)",
        "仲町(茅ケ崎市)",
        "中海岸四丁目",
        "中海岸",
        "会館前(茅ケ崎市)",
        "幸町(茅ケ崎市)",
        "茅ヶ崎駅南口"
    ],
    "weekday": [
        "8:12",
        "8:29",
        "8:43",
        "9:01",
        "9:21",
        "9:41",
        "10:01",
        "10:21",
        "10:41",
        "11:01",
        "11:21",
        "11:41",
        "12:01",
        "12:21",
        "12:41",
        "13:01",
        "13:21",
        "13:41",
        "14:01",
        "14:21",
        "14:41",
        "15:01",
        "15:21",
        "15:41",
        "16:01",
        "16:21",
        "16:41",
        "17:01",
        "17:21",
        "17:41",
        "18:07",
        "18:19",
        "18:43",
        "19:19",
        "19:43",
        "20:06",
        "20:21",
        "20:51",
        "21:21",
        "21:51"
    ],
    "saturday": [
        "8:31",
        "8:51",
        "9:11",
        "9:31",
        "9:51",
        "10:11",
        "10:31",
        "10:51",
        "11:11",
        "11:31",
        "11:51",
        "12:11",
        "12:31",
        "12:51",
        "13:11",
        "13:31",
        "13:51",
        "14:11",
        "14:31",
        "14:51",
        "15:11",
        "15:31",
        "15:51",
        "16:11",
        "16:31",
        "16:51",
        "17:11",
        "17:31",
        "17:51",
        "18:11",
        "18:31",
        "18:51",
        "19:11",
        "19:51",
        "20:51",
        "21:21"
    ],
    "holiday": [
        "8:31",
        "8:51",
        "9:11",
        "9:31",
        "9:51",
        "10:11",
        "10:31",
        "10:51",
        "11:11",
        "11:31",
        "11:51",
        "12:11",
        "12:31",
        "12:51",
        "13:11",
        "13:31",
        "13:51",
        "14:11",
        "14:31",
        "14:51",
        "15:11",
        "15:31",
        "15:51",
        "16:11",
        "16:31",
        "16:51",
        "17:11",
        "17:31",
        "17:51",
        "18:11",
        "18:31",
        "18:51",
        "19:11",
        "19:51",
        "20:51",
        "21:21"
    ],
    "url": "https://www.kanachu.co.jp/dia/diagram/timetable01_js/course:0000802112-2/node:00127220/kt:0/lname:/"
}
