{
    "date": "2022/02/05",
    "name": "会館前(茅ケ崎市)",
    "position": "-",
    "system": "茅33",
    "destinations": [
        "中海岸",
        "中海岸四丁目",
        "仲町(茅ケ崎市)",
        "団地中央(茅ケ崎市)",
        "浜見平団地",
        "柳島(茅ケ崎市)",
        "松尾(茅ケ崎市)",
        "松尾入口",
        "団地北口(茅ケ崎市)",
        "団地中央(茅ケ崎市)",
        "仲町(茅ケ崎市)",
        "中海岸四丁目",
        "中海岸",
        "会館前(茅ケ崎市)",
        "幸町(茅ケ崎市)",
        "茅ヶ崎駅南口"
    ],
    "weekday": [
        "8:13",
        "8:30",
        "8:44",
        "9:02",
        "9:22",
        "9:42",
        "10:02",
        "10:22",
        "10:42",
        "11:02",
        "11:22",
        "11:42",
        "12:02",
        "12:22",
        "12:42",
        "13:02",
        "13:22",
        "13:42",
        "14:02",
        "14:22",
        "14:42",
        "15:02",
        "15:22",
        "15:42",
        "16:02",
        "16:22",
        "16:42",
        "17:02",
        "17:22",
        "17:42",
        "18:08",
        "18:20",
        "18:44",
        "19:20",
        "19:44",
        "20:07",
        "20:22",
        "20:52",
        "21:22",
        "21:52"
    ],
    "saturday": [
        "8:32",
        "8:52",
        "9:12",
        "9:32",
        "9:52",
        "10:12",
        "10:32",
        "10:52",
        "11:12",
        "11:32",
        "11:52",
        "12:12",
        "12:32",
        "12:52",
        "13:12",
        "13:32",
        "13:52",
        "14:12",
        "14:32",
        "14:52",
        "15:12",
        "15:32",
        "15:52",
        "16:12",
        "16:32",
        "16:52",
        "17:12",
        "17:32",
        "17:52",
        "18:12",
        "18:32",
        "18:52",
        "19:12",
        "19:52",
        "20:52",
        "21:22"
    ],
    "holiday": [
        "8:32",
        "8:52",
        "9:12",
        "9:32",
        "9:52",
        "10:12",
        "10:32",
        "10:52",
        "11:12",
        "11:32",
        "11:52",
        "12:12",
        "12:32",
        "12:52",
        "13:12",
        "13:32",
        "13:52",
        "14:12",
        "14:32",
        "14:52",
        "15:12",
        "15:32",
        "15:52",
        "16:12",
        "16:32",
        "16:52",
        "17:12",
        "17:32",
        "17:52",
        "18:12",
        "18:32",
        "18:52",
        "19:12",
        "19:52",
        "20:52",
        "21:22"
    ],
    "url": "https://www.kanachu.co.jp/dia/diagram/timetable01_js/course:0000802112-3/node:00127221/kt:0/lname:/"
}
