{
    "date": "2022/02/05",
    "name": "会館前(茅ケ崎市)",
    "position": "-",
    "system": "茅33",
    "destinations": [
        "幸町(茅ケ崎市)",
        "茅ヶ崎駅南口"
    ],
    "weekday": [
        "8:33",
        "8:50",
        "9:04",
        "9:22",
        "9:42",
        "10:02",
        "10:22",
        "10:42",
        "11:02",
        "11:22",
        "11:42",
        "12:02",
        "12:22",
        "12:42",
        "13:02",
        "13:22",
        "13:42",
        "14:02",
        "14:22",
        "14:42",
        "15:02",
        "15:22",
        "15:42",
        "16:02",
        "16:22",
        "16:42",
        "17:02",
        "17:22",
        "17:42",
        "18:02",
        "18:28",
        "18:40",
        "19:04",
        "19:40",
        "20:03",
        "20:24",
        "20:39",
        "21:09",
        "21:39",
        "22:09"
    ],
    "saturday": [
        "8:52",
        "9:12",
        "9:32",
        "9:52",
        "10:12",
        "10:32",
        "10:52",
        "11:12",
        "11:32",
        "11:52",
        "12:12",
        "12:32",
        "12:52",
        "13:12",
        "13:32",
        "13:52",
        "14:12",
        "14:32",
        "14:52",
        "15:12",
        "15:32",
        "15:52",
        "16:12",
        "16:32",
        "16:52",
        "17:12",
        "17:32",
        "17:52",
        "18:12",
        "18:32",
        "18:52",
        "19:11",
        "19:29",
        "20:09",
        "21:09",
        "21:39"
    ],
    "holiday": [
        "8:52",
        "9:12",
        "9:32",
        "9:52",
        "10:12",
        "10:32",
        "10:52",
        "11:12",
        "11:32",
        "11:52",
        "12:12",
        "12:32",
        "12:52",
        "13:12",
        "13:32",
        "13:52",
        "14:12",
        "14:32",
        "14:52",
        "15:12",
        "15:32",
        "15:52",
        "16:12",
        "16:32",
        "16:52",
        "17:12",
        "17:32",
        "17:52",
        "18:12",
        "18:32",
        "18:52",
        "19:11",
        "19:29",
        "20:09",
        "21:09",
        "21:39"
    ],
    "url": "https://www.kanachu.co.jp/dia/diagram/timetable01_js/course:0000802112-17/node:00127221/kt:0/lname:/"
}
