{
    "date": "2025/01/14",
    "name": "七沢温泉入口",
    "position": "-",
    "system": "厚33",
    "destinations": [
        "馬場リハビリ入口",
        "神奈川リハビリ",
        "馬場リハビリ入口",
        "日向川",
        "玉川公民館前",
        "玉川農協前",
        "中屋橋",
        "小野橋(厚木市)",
        "小野宮前",
        "愛名入口",
        "上長谷(厚木市)",
        "観音坂",
        "清水(厚木市)",
        "南毛利小学校前",
        "高坪入口",
        "温水",
        "片岸(厚木市)",
        "日立アステモ前",
        "厚木高校前",
        "合同庁舎前(厚木市)",
        "市役所入口(厚木市)",
        "本厚木駅",
        "厚木バスセンター"
    ],
    "weekday": [
        "8:18",
        "8:48",
        "9:18",
        "10:48",
        "11:18",
        "11:48",
        "12:18",
        "12:48",
        "13:18",
        "13:48",
        "14:18",
        "14:48",
        "15:18",
        "15:48",
        "16:28",
        "17:28",
        "17:48",
        "18:48",
        "19:48",
        "20:48"
    ],
    "saturday": [
        "8:22",
        "9:48",
        "10:18",
        "10:48",
        "11:18",
        "11:48",
        "12:18",
        "13:48",
        "14:18",
        "15:48",
        "16:18",
        "16:48",
        "17:18",
        "17:48",
        "18:18",
        "19:48"
    ],
    "holiday": [
        "8:22",
        "9:48",
        "10:18",
        "10:48",
        "11:18",
        "11:48",
        "12:18",
        "13:48",
        "14:18",
        "15:48",
        "16:18",
        "16:48",
        "17:18",
        "17:48",
        "18:18",
        "19:48"
    ],
    "url": "https://www.kanachu.co.jp/dia/diagram/timetable01_js/course:0000803367-4/node:00128457/kt:0/lname:/"
}
