{
    "date": "2025/01/14",
    "name": "厚木高校前",
    "position": "-",
    "system": "厚33",
    "destinations": [
        "合同庁舎前(厚木市)",
        "市役所入口(厚木市)",
        "本厚木駅",
        "厚木バスセンター"
    ],
    "weekday": [
        "8:41",
        "9:10",
        "9:39",
        "11:09",
        "11:39",
        "12:09",
        "12:39",
        "13:09",
        "13:39",
        "14:09",
        "14:39",
        "15:09",
        "15:39",
        "16:10",
        "16:51",
        "17:51",
        "18:11",
        "19:10",
        "20:09",
        "21:09"
    ],
    "saturday": [
        "8:42",
        "10:09",
        "10:39",
        "11:09",
        "11:39",
        "12:09",
        "12:39",
        "14:09",
        "14:39",
        "16:09",
        "16:39",
        "17:09",
        "17:39",
        "18:09",
        "18:39",
        "20:07"
    ],
    "holiday": [
        "8:42",
        "10:09",
        "10:39",
        "11:09",
        "11:39",
        "12:09",
        "12:39",
        "14:09",
        "14:39",
        "16:09",
        "16:39",
        "17:09",
        "17:39",
        "18:09",
        "18:39",
        "20:07"
    ],
    "url": "https://www.kanachu.co.jp/dia/diagram/timetable01_js/course:0000803367-23/node:00128440/kt:0/lname:/"
}
