{
    "date": "2025/01/14",
    "name": "合同庁舎前(厚木市)",
    "position": "-",
    "system": "厚33",
    "destinations": [
        "市役所入口(厚木市)",
        "本厚木駅",
        "厚木バスセンター"
    ],
    "weekday": [
        "8:44",
        "9:12",
        "9:41",
        "11:11",
        "11:41",
        "12:11",
        "12:41",
        "13:11",
        "13:41",
        "14:11",
        "14:41",
        "15:11",
        "15:41",
        "16:13",
        "16:54",
        "17:54",
        "18:14",
        "19:11",
        "20:10",
        "21:10"
    ],
    "saturday": [
        "8:43",
        "10:11",
        "10:41",
        "11:11",
        "11:41",
        "12:11",
        "12:41",
        "14:11",
        "14:41",
        "16:12",
        "16:42",
        "17:12",
        "17:42",
        "18:12",
        "18:42",
        "20:08"
    ],
    "holiday": [
        "8:43",
        "10:11",
        "10:41",
        "11:11",
        "11:41",
        "12:11",
        "12:41",
        "14:11",
        "14:41",
        "16:12",
        "16:42",
        "17:12",
        "17:42",
        "18:12",
        "18:42",
        "20:08"
    ],
    "url": "https://www.kanachu.co.jp/dia/diagram/timetable01_js/course:0000803367-24/node:00128439/kt:0/lname:/"
}
