{
    "date": "2026/01/16",
    "name": "春日台三丁目(愛甲郡愛川町)",
    "position": "-",
    "system": "厚63",
    "destinations": [
        "春日台一丁目",
        "春日台入口",
        "西四丁目(愛甲郡愛川町)",
        "西三丁目(愛甲郡愛川町)",
        "西二丁目(愛甲郡愛川町)",
        "西一丁目(厚木市)",
        "南中央通り",
        "東一丁目(厚木市)",
        "団地入口(厚木市)",
        "藤塚(厚木市)",
        "山際",
        "中平(厚木市)",
        "依知小学校前",
        "関口(厚木市)",
        "蓮生寺(厚木市)",
        "追分(厚木市)",
        "下依知入口",
        "金田神社前",
        "金田(厚木市)",
        "金田下宿",
        "積水ソフランウイズ前",
        "鮎津橋",
        "元町(厚木市)",
        "小田急通り",
        "厚木バスセンター"
    ],
    "weekday": [
        "6:25",
        "7:20",
        "8:45",
        "9:00",
        "9:35",
        "10:05",
        "10:35",
        "11:05",
        "11:35",
        "12:05",
        "12:35",
        "13:05",
        "13:35",
        "14:05",
        "14:35",
        "15:05",
        "15:35",
        "16:05",
        "16:35",
        "17:00",
        "17:30",
        "20:00"
    ],
    "saturday": [],
    "holiday": [],
    "url": "https://www.kanachu.co.jp/dia/diagram/timetable01_js/course:0000804155-6/node:00128374/kt:0/lname:/"
}
