{
    "date": "2025/01/14",
    "name": "税務署入口(厚木市)",
    "position": "-",
    "system": "厚02",
    "destinations": [
        "市役所入口(厚木市)",
        "本厚木駅",
        "厚木バスセンター"
    ],
    "weekday": [
        "6:18",
        "6:38",
        "6:58",
        "7:18",
        "7:41",
        "8:02",
        "8:27",
        "8:57",
        "9:25",
        "10:00",
        "10:40",
        "11:20",
        "12:10",
        "13:10",
        "14:10",
        "15:10",
        "16:11",
        "17:11",
        "18:01",
        "18:41",
        "19:08",
        "19:51"
    ],
    "saturday": [
        "6:17",
        "7:07",
        "7:39",
        "8:40",
        "9:42",
        "10:42",
        "11:37",
        "12:37",
        "13:37",
        "14:36",
        "15:43",
        "16:43",
        "17:43",
        "18:43",
        "19:48"
    ],
    "holiday": [
        "6:17",
        "7:17",
        "7:57",
        "8:38",
        "9:38",
        "10:37",
        "11:37",
        "12:37",
        "13:37",
        "14:37",
        "15:43",
        "16:43",
        "17:43",
        "18:43",
        "19:45"
    ],
    "url": "https://www.kanachu.co.jp/dia/diagram/timetable01_js/course:0000801791-38/node:00128258/kt:0/lname:/"
}
