{
    "system": "厚02",
    "busstops": [
        {
            "index": "1",
            "id": "00128295",
            "name": "半原",
            "lat": "35.545328",
            "lng": "139.266545"
        },
        {
            "index": "2",
            "id": "00128294",
            "name": "撚糸組合前",
            "lat": "35.543269",
            "lng": "139.269904"
        },
        {
            "index": "3",
            "id": "00128293",
            "name": "学校入口(愛甲郡愛川町)",
            "lat": "35.542239",
            "lng": "139.273172"
        },
        {
            "index": "4",
            "id": "00128292",
            "name": "原下(愛甲郡愛川町)",
            "lat": "35.541631",
            "lng": "139.276299"
        },
        {
            "index": "5",
            "id": "00128291",
            "name": "愛川橋",
            "lat": "35.539496",
            "lng": "139.278081"
        },
        {
            "index": "6",
            "id": "00128290",
            "name": "深沢尻",
            "lat": "35.534976",
            "lng": "139.281259"
        },
        {
            "index": "7",
            "id": "00128289",
            "name": "馬渡(愛甲郡愛川町)",
            "lat": "35.532444",
            "lng": "139.285082"
        },
        {
            "index": "8",
            "id": "00128288",
            "name": "田代坂上",
            "lat": "35.530866",
            "lng": "139.285403"
        },
        {
            "index": "9",
            "id": "00128287",
            "name": "田代坂下",
            "lat": "35.528493",
            "lng": "139.286986"
        },
        {
            "index": "10",
            "id": "00128286",
            "name": "愛川田代局前",
            "lat": "35.526961",
            "lng": "139.290365"
        },
        {
            "index": "11",
            "id": "00128285",
            "name": "田代(愛甲郡愛川町)",
            "lat": "35.525291",
            "lng": "139.292483"
        },
        {
            "index": "12",
            "id": "00128284",
            "name": "半僧坊前",
            "lat": "35.520731",
            "lng": "139.29255"
        },
        {
            "index": "13",
            "id": "00128283",
            "name": "平山坂上",
            "lat": "35.516413",
            "lng": "139.2963"
        },
        {
            "index": "14",
            "id": "00128282",
            "name": "上荻野車庫前",
            "lat": "35.513446",
            "lng": "139.300053"
        },
        {
            "index": "15",
            "id": "00128281",
            "name": "上荻野",
            "lat": "35.509821",
            "lng": "139.304317"
        },
        {
            "index": "16",
            "id": "00128280",
            "name": "新道橋(厚木市)",
            "lat": "35.507814",
            "lng": "139.30725"
        },
        {
            "index": "17",
            "id": "00128279",
            "name": "相州病院",
            "lat": "35.506127",
            "lng": "139.308999"
        },
        {
            "index": "18",
            "id": "00128278",
            "name": "源氏河原",
            "lat": "35.504373",
            "lng": "139.3101"
        },
        {
            "index": "19",
            "id": "00128277",
            "name": "泉(厚木市)",
            "lat": "35.499941",
            "lng": "139.313087"
        },
        {
            "index": "20",
            "id": "00128276",
            "name": "久保(厚木市)",
            "lat": "35.496199",
            "lng": "139.315854"
        },
        {
            "index": "21",
            "id": "00128275",
            "name": "東谷戸入口",
            "lat": "35.493888",
            "lng": "139.318412"
        },
        {
            "index": "22",
            "id": "00128274",
            "name": "荻野神社入口",
            "lat": "35.490108",
            "lng": "139.323587"
        },
        {
            "index": "23",
            "id": "00128273",
            "name": "鳶尾山前",
            "lat": "35.488935",
            "lng": "139.324667"
        },
        {
            "index": "24",
            "id": "00128272",
            "name": "稲荷木",
            "lat": "35.486371",
            "lng": "139.327105"
        },
        {
            "index": "25",
            "id": "00128271",
            "name": "公所(厚木市)",
            "lat": "35.484661",
            "lng": "139.330047"
        },
        {
            "index": "26",
            "id": "00128270",
            "name": "桝割",
            "lat": "35.48346",
            "lng": "139.332852"
        },
        {
            "index": "27",
            "id": "00128269",
            "name": "子合",
            "lat": "35.480566",
            "lng": "139.337399"
        },
        {
            "index": "28",
            "id": "00128268",
            "name": "荻野新宿",
            "lat": "35.47859",
            "lng": "139.341062"
        },
        {
            "index": "29",
            "id": "00128267",
            "name": "宿原入口",
            "lat": "35.474574",
            "lng": "139.344987"
        },
        {
            "index": "30",
            "id": "00128266",
            "name": "糀屋前(厚木市)",
            "lat": "35.472994",
            "lng": "139.346533"
        },
        {
            "index": "31",
            "id": "00128265",
            "name": "松蓮寺",
            "lat": "35.469138",
            "lng": "139.349959"
        },
        {
            "index": "32",
            "id": "00128264",
            "name": "妻田薬師",
            "lat": "35.464717",
            "lng": "139.355991"
        },
        {
            "index": "33",
            "id": "00128263",
            "name": "中村入口(厚木市)",
            "lat": "35.461193",
            "lng": "139.357702"
        },
        {
            "index": "34",
            "id": "00128262",
            "name": "妻田",
            "lat": "35.458099",
            "lng": "139.359472"
        },
        {
            "index": "35",
            "id": "00128261",
            "name": "三家入口(厚木市)",
            "lat": "35.454084",
            "lng": "139.359576"
        },
        {
            "index": "36",
            "id": "00128260",
            "name": "木売場",
            "lat": "35.452468",
            "lng": "139.359907"
        },
        {
            "index": "37",
            "id": "00128259",
            "name": "市立病院前(厚木市)",
            "lat": "35.447478",
            "lng": "139.361283"
        },
        {
            "index": "38",
            "id": "00128258",
            "name": "税務署入口(厚木市)",
            "lat": "35.446455",
            "lng": "139.361174"
        },
        {
            "index": "39",
            "id": "00128396",
            "name": "市役所入口(厚木市)",
            "lat": "35.442124",
            "lng": "139.361848"
        },
        {
            "index": "40",
            "id": "00025684",
            "name": "本厚木駅",
            "lat": "35.440542",
            "lng": "139.363859"
        },
        {
            "index": "41",
            "id": "00128256",
            "name": "厚木バスセンター",
            "lat": "35.441107",
            "lng": "139.36685"
        }
    ],
    "route_url": "https://www.kanachu.co.jp/dia/route/index/cid:0000801791/"
}
