{
    "date": "2025/04/19",
    "name": "山の神坂下",
    "position": "-",
    "system": "大15",
    "destinations": [
        "下原(相模原市南区)",
        "原当麻駅東",
        "原当麻駅",
        "新中丸橋",
        "下原中央",
        "下原橋",
        "下中丸",
        "中丸(相模原市南区)",
        "下古山",
        "古山三谷",
        "上溝新開",
        "七曲り下",
        "虹吹",
        "田島(相模原市中央区)",
        "亀ヶ池八幡宮前",
        "北相前",
        "田中住宅前",
        "農協下",
        "元町(相模原市中央区)",
        "本町(相模原市中央区)",
        "上溝中央",
        "上溝"
    ],
    "weekday": [
        "8:09",
        "8:57"
    ],
    "saturday": [
        "7:50",
        "9:02"
    ],
    "holiday": [
        "8:04",
        "9:04",
        "9:44"
    ],
    "url": "https://www.kanachu.co.jp/dia/diagram/timetable01_js/course:0000803517-15/node:00129239/kt:0/lname:/"
}
