{
    "date": "2025/04/19",
    "name": "下中丸",
    "position": "-",
    "system": "大15",
    "destinations": [
        "中丸(相模原市南区)",
        "下古山",
        "古山三谷",
        "上溝新開",
        "七曲り下",
        "虹吹",
        "田島(相模原市中央区)",
        "亀ヶ池八幡宮前",
        "北相前",
        "田中住宅前",
        "農協下",
        "元町(相模原市中央区)",
        "本町(相模原市中央区)",
        "上溝中央",
        "上溝"
    ],
    "weekday": [
        "8:19",
        "9:06"
    ],
    "saturday": [
        "7:58",
        "9:10"
    ],
    "holiday": [
        "8:12",
        "9:12",
        "9:52"
    ],
    "url": "https://www.kanachu.co.jp/dia/diagram/timetable01_js/course:0000803517-22/node:00129352/kt:0/lname:/"
}
