{
    "date": "2025/04/19",
    "name": "古山三谷",
    "position": "-",
    "system": "大15",
    "destinations": [
        "上溝新開",
        "七曲り下",
        "虹吹",
        "田島(相模原市中央区)",
        "亀ヶ池八幡宮前",
        "北相前",
        "田中住宅前",
        "農協下",
        "元町(相模原市中央区)",
        "本町(相模原市中央区)",
        "上溝中央",
        "上溝"
    ],
    "weekday": [
        "8:22",
        "9:09"
    ],
    "saturday": [
        "8:01",
        "9:13"
    ],
    "holiday": [
        "8:15",
        "9:15",
        "9:55"
    ],
    "url": "https://www.kanachu.co.jp/dia/diagram/timetable01_js/course:0000803517-25/node:00129147/kt:0/lname:/"
}
