{
    "date": "2025/04/19",
    "name": "虹吹",
    "position": "-",
    "system": "大15",
    "destinations": [
        "田島(相模原市中央区)",
        "亀ヶ池八幡宮前",
        "北相前",
        "田中住宅前",
        "農協下",
        "元町(相模原市中央区)",
        "本町(相模原市中央区)",
        "上溝中央",
        "上溝"
    ],
    "weekday": [
        "8:25",
        "9:12"
    ],
    "saturday": [
        "8:03",
        "9:15"
    ],
    "holiday": [
        "8:17",
        "9:17",
        "9:57"
    ],
    "url": "https://www.kanachu.co.jp/dia/diagram/timetable01_js/course:0000803517-28/node:00129212/kt:0/lname:/"
}
