{
    "date": "2025/04/19",
    "name": "友愛病院前",
    "position": "-",
    "system": "小14",
    "destinations": [
        "北里大学病院・北里大学",
        "麻溝台高校",
        "麻溝台入口",
        "さがみ緑風園前",
        "麻溝台中学校入口",
        "麻溝台",
        "水道路(相模原市南区)",
        "第一住宅(相模原市南区)",
        "国立相模原病院",
        "相模台まちづくりセンター前",
        "ハウス南門前",
        "鶴ヶ丘団地前",
        "二宮神社前(相模原市南区)",
        "小田急相模原駅"
    ],
    "weekday": [
        "5:49",
        "6:05",
        "6:21",
        "6:37"
    ],
    "saturday": [
        "6:38"
    ],
    "holiday": [
        "7:18"
    ],
    "url": "https://www.kanachu.co.jp/dia/diagram/timetable01_js/course:0000801907-2/node:00129286/kt:0/lname:/"
}
