{
    "date": "2025/04/19",
    "name": "麻溝台入口",
    "position": "-",
    "system": "小14",
    "destinations": [
        "さがみ緑風園前",
        "麻溝台中学校入口",
        "麻溝台",
        "水道路(相模原市南区)",
        "第一住宅(相模原市南区)",
        "国立相模原病院",
        "相模台まちづくりセンター前",
        "ハウス南門前",
        "鶴ヶ丘団地前",
        "二宮神社前(相模原市南区)",
        "小田急相模原駅"
    ],
    "weekday": [
        "5:53",
        "6:09",
        "6:25",
        "6:41"
    ],
    "saturday": [
        "6:42"
    ],
    "holiday": [
        "7:22"
    ],
    "url": "https://www.kanachu.co.jp/dia/diagram/timetable01_js/course:0000801907-5/node:00129121/kt:0/lname:/"
}
