{
    "date": "2025/04/19",
    "name": "麻溝台中学校入口",
    "position": "-",
    "system": "小14",
    "destinations": [
        "麻溝台",
        "水道路(相模原市南区)",
        "第一住宅(相模原市南区)",
        "国立相模原病院",
        "相模台まちづくりセンター前",
        "ハウス南門前",
        "鶴ヶ丘団地前",
        "二宮神社前(相模原市南区)",
        "小田急相模原駅"
    ],
    "weekday": [
        "5:55",
        "6:11",
        "6:27",
        "6:43"
    ],
    "saturday": [
        "6:44"
    ],
    "holiday": [
        "7:24"
    ],
    "url": "https://www.kanachu.co.jp/dia/diagram/timetable01_js/course:0000801907-7/node:00129697/kt:0/lname:/"
}
