{
    "date": "2025/04/19",
    "name": "国立相模原病院",
    "position": "-",
    "system": "小14",
    "destinations": [
        "相模台まちづくりセンター前",
        "ハウス南門前",
        "鶴ヶ丘団地前",
        "二宮神社前(相模原市南区)",
        "小田急相模原駅"
    ],
    "weekday": [
        "6:01",
        "6:17",
        "6:33",
        "6:49"
    ],
    "saturday": [
        "6:50"
    ],
    "holiday": [
        "7:30"
    ],
    "url": "https://www.kanachu.co.jp/dia/diagram/timetable01_js/course:0000801907-11/node:00129692/kt:0/lname:/"
}
