{
    "date": "2025/03/15",
    "name": "みずき四丁目",
    "position": "-",
    "system": "茅19",
    "destinations": [
        "香川二丁目",
        "松風台(茅ケ崎市)",
        "香川小学校入口",
        "鶴が台中学校前",
        "鶴が台入口",
        "ニュータウン入口(茅ケ崎市)",
        "神奈中営業所前",
        "前の田",
        "中央公園前(茅ケ崎市)",
        "茅ヶ崎駅"
    ],
    "weekday": [
        "5:45",
        "6:25",
        "6:49",
        "7:25",
        "8:00"
    ],
    "saturday": [
        "7:29",
        "8:29"
    ],
    "holiday": [
        "7:29",
        "8:29"
    ],
    "url": "https://www.kanachu.co.jp/dia/diagram/timetable01_js/course:0000802862-7/node:00127408/kt:0/lname:/"
}
