{
    "date": "2024/03/16",
    "name": "綾部入口",
    "position": "-",
    "system": "鶴37",
    "destinations": [
        "袋橋",
        "田中入口",
        "野津田車庫",
        "神学校(町田市)",
        "並木(町田市)",
        "図師",
        "図師大橋",
        "馬駈",
        "根岸(根岸町/町田市)",
        "根岸橋(相模原市中央区)",
        "山王平",
        "東町(相模原市中央区)",
        "小学校入口(相模原市中央区)",
        "淵野辺郵便局前",
        "幸町(相模原市中央区)",
        "淵野辺駅北口"
    ],
    "weekday": [
        "8:08"
    ],
    "saturday": [],
    "holiday": [],
    "url": "https://www.kanachu.co.jp/dia/diagram/timetable01_js/course:0000803474-8/node:00129433/kt:0/lname:/"
}
