{
    "date": "2024/03/16",
    "name": "本厚木駅",
    "position": "-",
    "system": "厚12",
    "destinations": [
        "あつぎ大通り",
        "市役所入口(厚木市)",
        "税務署入口(厚木市)",
        "市立病院前(厚木市)",
        "木売場",
        "三家入口(厚木市)",
        "妻田",
        "中村入口(厚木市)",
        "妻田薬師",
        "松蓮寺",
        "糀屋前(厚木市)",
        "宿原入口",
        "荻野新宿",
        "子合",
        "桝割",
        "公所(厚木市)",
        "稲荷木",
        "鳶尾山前",
        "鳶尾四丁目",
        "鳶尾団地",
        "鳶尾四丁目",
        "荻野神社入口",
        "東谷戸入口",
        "みはる野",
        "みはる野一丁目",
        "みはる野中央",
        "みはる野二丁目",
        "まつかげ台"
    ],
    "weekday": [
        "10:17",
        "10:47",
        "11:17",
        "11:47",
        "12:17",
        "12:47",
        "13:17",
        "13:47",
        "14:17",
        "14:47",
        "15:17",
        "15:42",
        "15:52",
        "16:12",
        "16:32",
        "16:52",
        "17:10",
        "17:25",
        "17:40",
        "17:55",
        "18:10",
        "18:25",
        "18:40",
        "18:55",
        "19:14",
        "19:31",
        "19:47",
        "20:11",
        "20:31",
        "20:56",
        "21:26",
        "21:56",
        "22:26",
        "22:57",
        "23:26"
    ],
    "saturday": [
        "10:02",
        "10:32",
        "11:02",
        "11:32",
        "12:02",
        "12:32",
        "13:02",
        "13:32",
        "14:02",
        "14:32",
        "15:02",
        "15:32",
        "16:02",
        "16:32",
        "17:02",
        "17:32",
        "18:02",
        "18:32",
        "19:03",
        "19:38",
        "20:03",
        "20:38",
        "21:03",
        "22:14",
        "23:01"
    ],
    "holiday": [
        "10:01",
        "10:32",
        "11:02",
        "11:32",
        "12:02",
        "12:32",
        "13:02",
        "13:32",
        "14:02",
        "14:32",
        "15:02",
        "15:32",
        "16:02",
        "16:32",
        "17:02",
        "17:32",
        "18:02",
        "18:32",
        "19:03",
        "19:33",
        "20:03",
        "20:33",
        "21:03",
        "22:03",
        "22:34"
    ],
    "url": "https://www.kanachu.co.jp/dia/diagram/timetable01_js/course:0000800941-2/node:00025684/kt:0/lname:/"
}
