{
    "date": "2024/03/16",
    "name": "市役所入口(厚木市)",
    "position": "-",
    "system": "厚12",
    "destinations": [
        "税務署入口(厚木市)",
        "市立病院前(厚木市)",
        "木売場",
        "三家入口(厚木市)",
        "妻田",
        "中村入口(厚木市)",
        "妻田薬師",
        "松蓮寺",
        "糀屋前(厚木市)",
        "宿原入口",
        "荻野新宿",
        "子合",
        "桝割",
        "公所(厚木市)",
        "稲荷木",
        "鳶尾山前",
        "鳶尾四丁目",
        "鳶尾団地",
        "鳶尾四丁目",
        "荻野神社入口",
        "東谷戸入口",
        "みはる野",
        "みはる野一丁目",
        "みはる野中央",
        "みはる野二丁目",
        "まつかげ台"
    ],
    "weekday": [
        "10:19",
        "10:49",
        "11:19",
        "11:49",
        "12:19",
        "12:49",
        "13:19",
        "13:49",
        "14:19",
        "14:49",
        "15:19",
        "15:44",
        "15:54",
        "16:15",
        "16:35",
        "16:55",
        "17:13",
        "17:28",
        "17:43",
        "17:58",
        "18:13",
        "18:28",
        "18:43",
        "18:58",
        "19:16",
        "19:33",
        "19:49",
        "20:13",
        "20:33",
        "20:58",
        "21:28",
        "21:58",
        "22:28",
        "22:59",
        "23:28"
    ],
    "saturday": [
        "10:04",
        "10:34",
        "11:04",
        "11:34",
        "12:04",
        "12:34",
        "13:04",
        "13:34",
        "14:04",
        "14:34",
        "15:05",
        "15:35",
        "16:05",
        "16:35",
        "17:05",
        "17:35",
        "18:05",
        "18:35",
        "19:05",
        "19:40",
        "20:05",
        "20:40",
        "21:05",
        "22:16",
        "23:03"
    ],
    "holiday": [
        "10:03",
        "10:34",
        "11:04",
        "11:34",
        "12:04",
        "12:34",
        "13:04",
        "13:34",
        "14:04",
        "14:34",
        "15:04",
        "15:34",
        "16:04",
        "16:34",
        "17:04",
        "17:34",
        "18:04",
        "18:34",
        "19:05",
        "19:35",
        "20:05",
        "20:35",
        "21:05",
        "22:05",
        "22:36"
    ],
    "url": "https://www.kanachu.co.jp/dia/diagram/timetable01_js/course:0000800941-4/node:00128396/kt:0/lname:/"
}
