{
    "date": "2024/03/16",
    "name": "市立病院前(厚木市)",
    "position": "-",
    "system": "厚12",
    "destinations": [
        "木売場",
        "三家入口(厚木市)",
        "妻田",
        "中村入口(厚木市)",
        "妻田薬師",
        "松蓮寺",
        "糀屋前(厚木市)",
        "宿原入口",
        "荻野新宿",
        "子合",
        "桝割",
        "公所(厚木市)",
        "稲荷木",
        "鳶尾山前",
        "鳶尾四丁目",
        "鳶尾団地",
        "鳶尾四丁目",
        "荻野神社入口",
        "東谷戸入口",
        "みはる野",
        "みはる野一丁目",
        "みはる野中央",
        "みはる野二丁目",
        "まつかげ台"
    ],
    "weekday": [
        "10:22",
        "10:52",
        "11:22",
        "11:52",
        "12:22",
        "12:52",
        "13:22",
        "13:52",
        "14:22",
        "14:52",
        "15:22",
        "15:47",
        "15:57",
        "16:18",
        "16:38",
        "16:58",
        "17:16",
        "17:31",
        "17:46",
        "18:01",
        "18:16",
        "18:31",
        "18:46",
        "19:01",
        "19:19",
        "19:36",
        "19:52",
        "20:16",
        "20:36",
        "21:01",
        "21:31",
        "22:01",
        "22:31",
        "23:02",
        "23:31"
    ],
    "saturday": [
        "10:07",
        "10:37",
        "11:07",
        "11:37",
        "12:07",
        "12:37",
        "13:07",
        "13:37",
        "14:07",
        "14:37",
        "15:08",
        "15:38",
        "16:08",
        "16:38",
        "17:08",
        "17:38",
        "18:08",
        "18:38",
        "19:08",
        "19:43",
        "20:08",
        "20:43",
        "21:08",
        "22:19",
        "23:06"
    ],
    "holiday": [
        "10:06",
        "10:37",
        "11:07",
        "11:37",
        "12:07",
        "12:37",
        "13:07",
        "13:37",
        "14:07",
        "14:37",
        "15:07",
        "15:37",
        "16:07",
        "16:37",
        "17:07",
        "17:37",
        "18:07",
        "18:37",
        "19:08",
        "19:38",
        "20:08",
        "20:38",
        "21:08",
        "22:08",
        "22:39"
    ],
    "url": "https://www.kanachu.co.jp/dia/diagram/timetable01_js/course:0000800941-6/node:00128259/kt:0/lname:/"
}
