{
    "date": "2024/03/16",
    "name": "松蓮寺",
    "position": "-",
    "system": "厚12",
    "destinations": [
        "糀屋前(厚木市)",
        "宿原入口",
        "荻野新宿",
        "子合",
        "桝割",
        "公所(厚木市)",
        "稲荷木",
        "鳶尾山前",
        "鳶尾四丁目",
        "鳶尾団地",
        "鳶尾四丁目",
        "荻野神社入口",
        "東谷戸入口",
        "みはる野",
        "みはる野一丁目",
        "みはる野中央",
        "みはる野二丁目",
        "まつかげ台"
    ],
    "weekday": [
        "10:30",
        "11:00",
        "11:30",
        "12:00",
        "12:30",
        "13:00",
        "13:30",
        "14:00",
        "14:30",
        "15:00",
        "15:30",
        "15:55",
        "16:05",
        "16:26",
        "16:46",
        "17:06",
        "17:24",
        "17:39",
        "17:54",
        "18:09",
        "18:24",
        "18:39",
        "18:54",
        "19:08",
        "19:26",
        "19:43",
        "19:59",
        "20:23",
        "20:43",
        "21:08",
        "21:38",
        "22:08",
        "22:38",
        "23:09",
        "23:38"
    ],
    "saturday": [
        "10:15",
        "10:45",
        "11:15",
        "11:45",
        "12:15",
        "12:45",
        "13:15",
        "13:45",
        "14:15",
        "14:45",
        "15:16",
        "15:46",
        "16:16",
        "16:46",
        "17:16",
        "17:46",
        "18:16",
        "18:46",
        "19:15",
        "19:50",
        "20:15",
        "20:50",
        "21:15",
        "22:26",
        "23:13"
    ],
    "holiday": [
        "10:14",
        "10:45",
        "11:15",
        "11:45",
        "12:15",
        "12:45",
        "13:15",
        "13:45",
        "14:15",
        "14:45",
        "15:15",
        "15:45",
        "16:15",
        "16:45",
        "17:15",
        "17:45",
        "18:15",
        "18:45",
        "19:15",
        "19:45",
        "20:15",
        "20:45",
        "21:15",
        "22:15",
        "22:46"
    ],
    "url": "https://www.kanachu.co.jp/dia/diagram/timetable01_js/course:0000800941-12/node:00128265/kt:0/lname:/"
}
