{
    "date": "2024/03/16",
    "name": "宿原入口",
    "position": "-",
    "system": "厚12",
    "destinations": [
        "荻野新宿",
        "子合",
        "桝割",
        "公所(厚木市)",
        "稲荷木",
        "鳶尾山前",
        "鳶尾四丁目",
        "鳶尾団地",
        "鳶尾四丁目",
        "荻野神社入口",
        "東谷戸入口",
        "みはる野",
        "みはる野一丁目",
        "みはる野中央",
        "みはる野二丁目",
        "まつかげ台"
    ],
    "weekday": [
        "10:32",
        "11:02",
        "11:32",
        "12:02",
        "12:32",
        "13:02",
        "13:32",
        "14:02",
        "14:32",
        "15:02",
        "15:32",
        "15:57",
        "16:07",
        "16:28",
        "16:48",
        "17:08",
        "17:26",
        "17:41",
        "17:56",
        "18:11",
        "18:26",
        "18:41",
        "18:56",
        "19:10",
        "19:28",
        "19:45",
        "20:01",
        "20:25",
        "20:45",
        "21:10",
        "21:40",
        "22:10",
        "22:40",
        "23:11",
        "23:40"
    ],
    "saturday": [
        "10:17",
        "10:47",
        "11:17",
        "11:47",
        "12:17",
        "12:47",
        "13:17",
        "13:47",
        "14:17",
        "14:47",
        "15:18",
        "15:48",
        "16:18",
        "16:48",
        "17:18",
        "17:48",
        "18:18",
        "18:48",
        "19:17",
        "19:52",
        "20:17",
        "20:52",
        "21:17",
        "22:28",
        "23:15"
    ],
    "holiday": [
        "10:16",
        "10:47",
        "11:17",
        "11:47",
        "12:17",
        "12:47",
        "13:17",
        "13:47",
        "14:17",
        "14:47",
        "15:17",
        "15:47",
        "16:17",
        "16:47",
        "17:17",
        "17:47",
        "18:17",
        "18:47",
        "19:17",
        "19:47",
        "20:17",
        "20:47",
        "21:17",
        "22:17",
        "22:48"
    ],
    "url": "https://www.kanachu.co.jp/dia/diagram/timetable01_js/course:0000800941-14/node:00128267/kt:0/lname:/"
}
