{
    "date": "2024/03/16",
    "name": "子合",
    "position": "-",
    "system": "厚12",
    "destinations": [
        "桝割",
        "公所(厚木市)",
        "稲荷木",
        "鳶尾山前",
        "鳶尾四丁目",
        "鳶尾団地",
        "鳶尾四丁目",
        "荻野神社入口",
        "東谷戸入口",
        "みはる野",
        "みはる野一丁目",
        "みはる野中央",
        "みはる野二丁目",
        "まつかげ台"
    ],
    "weekday": [
        "10:35",
        "11:05",
        "11:35",
        "12:05",
        "12:35",
        "13:05",
        "13:35",
        "14:05",
        "14:35",
        "15:05",
        "15:35",
        "16:00",
        "16:10",
        "16:31",
        "16:51",
        "17:11",
        "17:29",
        "17:44",
        "17:59",
        "18:14",
        "18:29",
        "18:44",
        "18:59",
        "19:13",
        "19:31",
        "19:48",
        "20:04",
        "20:28",
        "20:48",
        "21:13",
        "21:43",
        "22:13",
        "22:43",
        "23:14",
        "23:43"
    ],
    "saturday": [
        "10:20",
        "10:50",
        "11:20",
        "11:50",
        "12:20",
        "12:50",
        "13:20",
        "13:50",
        "14:20",
        "14:50",
        "15:21",
        "15:51",
        "16:21",
        "16:51",
        "17:21",
        "17:51",
        "18:21",
        "18:51",
        "19:19",
        "19:54",
        "20:19",
        "20:54",
        "21:19",
        "22:30",
        "23:17"
    ],
    "holiday": [
        "10:19",
        "10:50",
        "11:20",
        "11:50",
        "12:20",
        "12:50",
        "13:20",
        "13:50",
        "14:20",
        "14:50",
        "15:20",
        "15:50",
        "16:20",
        "16:50",
        "17:20",
        "17:50",
        "18:20",
        "18:50",
        "19:19",
        "19:49",
        "20:19",
        "20:49",
        "21:19",
        "22:19",
        "22:50"
    ],
    "url": "https://www.kanachu.co.jp/dia/diagram/timetable01_js/course:0000800941-16/node:00128269/kt:0/lname:/"
}
