{
    "date": "2024/03/16",
    "name": "稲荷木",
    "position": "-",
    "system": "厚12",
    "destinations": [
        "鳶尾山前",
        "鳶尾四丁目",
        "鳶尾団地",
        "鳶尾四丁目",
        "荻野神社入口",
        "東谷戸入口",
        "みはる野",
        "みはる野一丁目",
        "みはる野中央",
        "みはる野二丁目",
        "まつかげ台"
    ],
    "weekday": [
        "10:38",
        "11:08",
        "11:38",
        "12:08",
        "12:38",
        "13:08",
        "13:38",
        "14:08",
        "14:38",
        "15:08",
        "15:38",
        "16:03",
        "16:13",
        "16:34",
        "16:54",
        "17:14",
        "17:32",
        "17:47",
        "18:02",
        "18:17",
        "18:32",
        "18:47",
        "19:02",
        "19:16",
        "19:34",
        "19:51",
        "20:07",
        "20:31",
        "20:51",
        "21:16",
        "21:46",
        "22:16",
        "22:46",
        "23:17",
        "23:46"
    ],
    "saturday": [
        "10:23",
        "10:53",
        "11:23",
        "11:53",
        "12:23",
        "12:53",
        "13:23",
        "13:53",
        "14:23",
        "14:53",
        "15:24",
        "15:54",
        "16:24",
        "16:54",
        "17:24",
        "17:54",
        "18:24",
        "18:54",
        "19:22",
        "19:57",
        "20:22",
        "20:57",
        "21:22",
        "22:33",
        "23:20"
    ],
    "holiday": [
        "10:22",
        "10:53",
        "11:23",
        "11:53",
        "12:23",
        "12:53",
        "13:23",
        "13:53",
        "14:23",
        "14:53",
        "15:23",
        "15:53",
        "16:23",
        "16:53",
        "17:23",
        "17:53",
        "18:23",
        "18:53",
        "19:22",
        "19:52",
        "20:22",
        "20:52",
        "21:22",
        "22:22",
        "22:53"
    ],
    "url": "https://www.kanachu.co.jp/dia/diagram/timetable01_js/course:0000800941-19/node:00128272/kt:0/lname:/"
}
