{
    "date": "2024/03/16",
    "name": "鳶尾四丁目",
    "position": "-",
    "system": "厚12",
    "destinations": [
        "鳶尾団地",
        "鳶尾四丁目",
        "荻野神社入口",
        "東谷戸入口",
        "みはる野",
        "みはる野一丁目",
        "みはる野中央",
        "みはる野二丁目",
        "まつかげ台"
    ],
    "weekday": [
        "10:40",
        "11:10",
        "11:40",
        "12:10",
        "12:40",
        "13:10",
        "13:40",
        "14:10",
        "14:40",
        "15:10",
        "15:40",
        "16:05",
        "16:15",
        "16:36",
        "16:56",
        "17:16",
        "17:34",
        "17:49",
        "18:04",
        "18:19",
        "18:34",
        "18:49",
        "19:04",
        "19:18",
        "19:36",
        "19:53",
        "20:09",
        "20:33",
        "20:53",
        "21:18",
        "21:48",
        "22:18",
        "22:48",
        "23:19",
        "23:48"
    ],
    "saturday": [
        "10:25",
        "10:55",
        "11:25",
        "11:55",
        "12:25",
        "12:55",
        "13:25",
        "13:55",
        "14:25",
        "14:55",
        "15:26",
        "15:56",
        "16:26",
        "16:56",
        "17:26",
        "17:56",
        "18:26",
        "18:56",
        "19:24",
        "19:59",
        "20:24",
        "20:59",
        "21:24",
        "22:35",
        "23:22"
    ],
    "holiday": [
        "10:24",
        "10:55",
        "11:25",
        "11:55",
        "12:25",
        "12:55",
        "13:25",
        "13:55",
        "14:25",
        "14:55",
        "15:25",
        "15:55",
        "16:25",
        "16:55",
        "17:25",
        "17:55",
        "18:25",
        "18:55",
        "19:24",
        "19:54",
        "20:24",
        "20:54",
        "21:24",
        "22:24",
        "22:55"
    ],
    "url": "https://www.kanachu.co.jp/dia/diagram/timetable01_js/course:0000800941-21/node:00128675/kt:0/lname:/"
}
