{
    "date": "2024/03/16",
    "name": "鳶尾団地",
    "position": "-",
    "system": "厚12",
    "destinations": [
        "鳶尾四丁目",
        "荻野神社入口",
        "東谷戸入口",
        "みはる野",
        "みはる野一丁目",
        "みはる野中央",
        "みはる野二丁目",
        "まつかげ台"
    ],
    "weekday": [
        "10:42",
        "11:12",
        "11:42",
        "12:12",
        "12:42",
        "13:12",
        "13:42",
        "14:12",
        "14:42",
        "15:12",
        "15:42",
        "16:07",
        "16:17",
        "16:38",
        "16:58",
        "17:18",
        "17:36",
        "17:51",
        "18:06",
        "18:21",
        "18:36",
        "18:51",
        "19:05",
        "19:19",
        "19:37",
        "19:54",
        "20:10",
        "20:34",
        "20:54",
        "21:19",
        "21:49",
        "22:19",
        "22:49",
        "23:20",
        "23:49"
    ],
    "saturday": [
        "10:27",
        "10:57",
        "11:27",
        "11:57",
        "12:27",
        "12:57",
        "13:27",
        "13:57",
        "14:27",
        "14:57",
        "15:28",
        "15:58",
        "16:28",
        "16:58",
        "17:28",
        "17:58",
        "18:28",
        "18:58",
        "19:25",
        "20:00",
        "20:25",
        "21:00",
        "21:25",
        "22:36",
        "23:23"
    ],
    "holiday": [
        "10:26",
        "10:57",
        "11:27",
        "11:57",
        "12:27",
        "12:57",
        "13:27",
        "13:57",
        "14:27",
        "14:57",
        "15:27",
        "15:57",
        "16:27",
        "16:57",
        "17:27",
        "17:57",
        "18:27",
        "18:57",
        "19:25",
        "19:55",
        "20:25",
        "20:55",
        "21:25",
        "22:25",
        "22:56"
    ],
    "url": "https://www.kanachu.co.jp/dia/diagram/timetable01_js/course:0000800941-22/node:00128303/kt:0/lname:/"
}
