{
    "date": "2024/03/16",
    "name": "東谷戸入口",
    "position": "-",
    "system": "厚12",
    "destinations": [
        "みはる野",
        "みはる野一丁目",
        "みはる野中央",
        "みはる野二丁目",
        "まつかげ台"
    ],
    "weekday": [
        "10:46",
        "11:16",
        "11:46",
        "12:16",
        "12:46",
        "13:16",
        "13:46",
        "14:16",
        "14:46",
        "15:16",
        "15:46",
        "16:11",
        "16:21",
        "16:42",
        "17:02",
        "17:22",
        "17:40",
        "17:55",
        "18:10",
        "18:25",
        "18:40",
        "18:55",
        "19:09",
        "19:23",
        "19:41",
        "19:58",
        "20:14",
        "20:38",
        "20:58",
        "21:23",
        "21:53",
        "22:23",
        "22:53",
        "23:24",
        "23:53"
    ],
    "saturday": [
        "10:31",
        "11:01",
        "11:31",
        "12:01",
        "12:31",
        "13:01",
        "13:31",
        "14:01",
        "14:31",
        "15:01",
        "15:32",
        "16:02",
        "16:32",
        "17:02",
        "17:32",
        "18:02",
        "18:32",
        "19:02",
        "19:29",
        "20:04",
        "20:29",
        "21:04",
        "21:29",
        "22:40",
        "23:27"
    ],
    "holiday": [
        "10:30",
        "11:01",
        "11:31",
        "12:01",
        "12:31",
        "13:01",
        "13:31",
        "14:01",
        "14:31",
        "15:01",
        "15:31",
        "16:01",
        "16:31",
        "17:01",
        "17:31",
        "18:01",
        "18:31",
        "19:01",
        "19:29",
        "19:59",
        "20:29",
        "20:59",
        "21:29",
        "22:29",
        "23:00"
    ],
    "url": "https://www.kanachu.co.jp/dia/diagram/timetable01_js/course:0000800941-25/node:00128275/kt:0/lname:/"
}
