{
    "date": "2024/03/16",
    "name": "みはる野",
    "position": "-",
    "system": "厚12",
    "destinations": [
        "みはる野一丁目",
        "みはる野中央",
        "みはる野二丁目",
        "まつかげ台"
    ],
    "weekday": [
        "10:47",
        "11:17",
        "11:47",
        "12:17",
        "12:47",
        "13:17",
        "13:47",
        "14:17",
        "14:47",
        "15:17",
        "15:47",
        "16:12",
        "16:22",
        "16:43",
        "17:03",
        "17:23",
        "17:41",
        "17:56",
        "18:11",
        "18:26",
        "18:41",
        "18:56",
        "19:10",
        "19:24",
        "19:42",
        "19:59",
        "20:15",
        "20:39",
        "20:59",
        "21:24",
        "21:54",
        "22:24",
        "22:54",
        "23:25",
        "23:54"
    ],
    "saturday": [
        "10:32",
        "11:02",
        "11:32",
        "12:02",
        "12:32",
        "13:02",
        "13:32",
        "14:02",
        "14:32",
        "15:02",
        "15:33",
        "16:03",
        "16:33",
        "17:03",
        "17:33",
        "18:03",
        "18:33",
        "19:03",
        "19:30",
        "20:05",
        "20:30",
        "21:05",
        "21:30",
        "22:41",
        "23:28"
    ],
    "holiday": [
        "10:31",
        "11:02",
        "11:32",
        "12:02",
        "12:32",
        "13:02",
        "13:32",
        "14:02",
        "14:32",
        "15:02",
        "15:32",
        "16:02",
        "16:32",
        "17:02",
        "17:32",
        "18:02",
        "18:32",
        "19:02",
        "19:30",
        "20:00",
        "20:30",
        "21:00",
        "21:30",
        "22:30",
        "23:01"
    ],
    "url": "https://www.kanachu.co.jp/dia/diagram/timetable01_js/course:0000800941-26/node:00128691/kt:0/lname:/"
}
