{
    "date": "2024/03/16",
    "name": "みはる野中央",
    "position": "-",
    "system": "厚12",
    "destinations": [
        "みはる野二丁目",
        "まつかげ台"
    ],
    "weekday": [
        "10:48",
        "11:18",
        "11:48",
        "12:18",
        "12:48",
        "13:18",
        "13:48",
        "14:18",
        "14:48",
        "15:18",
        "15:48",
        "16:13",
        "16:23",
        "16:44",
        "17:04",
        "17:24",
        "17:42",
        "17:57",
        "18:12",
        "18:27",
        "18:42",
        "18:57",
        "19:11",
        "19:25",
        "19:43",
        "20:00",
        "20:16",
        "20:40",
        "21:00",
        "21:25",
        "21:55",
        "22:25",
        "22:55",
        "23:26",
        "23:55"
    ],
    "saturday": [
        "10:33",
        "11:03",
        "11:33",
        "12:03",
        "12:33",
        "13:03",
        "13:33",
        "14:03",
        "14:33",
        "15:03",
        "15:34",
        "16:04",
        "16:34",
        "17:04",
        "17:34",
        "18:04",
        "18:34",
        "19:04",
        "19:31",
        "20:06",
        "20:31",
        "21:06",
        "21:31",
        "22:42",
        "23:29"
    ],
    "holiday": [
        "10:32",
        "11:03",
        "11:33",
        "12:03",
        "12:33",
        "13:03",
        "13:33",
        "14:03",
        "14:33",
        "15:03",
        "15:33",
        "16:03",
        "16:33",
        "17:03",
        "17:33",
        "18:03",
        "18:33",
        "19:03",
        "19:31",
        "20:01",
        "20:31",
        "21:01",
        "21:31",
        "22:31",
        "23:02"
    ],
    "url": "https://www.kanachu.co.jp/dia/diagram/timetable01_js/course:0000800941-28/node:00128693/kt:0/lname:/"
}
