{
    "date": "2024/03/16",
    "name": "みはる野二丁目",
    "position": "-",
    "system": "厚12",
    "destinations": [
        "まつかげ台"
    ],
    "weekday": [
        "10:49",
        "11:19",
        "11:49",
        "12:19",
        "12:49",
        "13:19",
        "13:49",
        "14:19",
        "14:49",
        "15:19",
        "15:49",
        "16:14",
        "16:24",
        "16:45",
        "17:05",
        "17:25",
        "17:43",
        "17:58",
        "18:13",
        "18:28",
        "18:43",
        "18:58",
        "19:12",
        "19:26",
        "19:44",
        "20:01",
        "20:17",
        "20:41",
        "21:01",
        "21:26",
        "21:56",
        "22:26",
        "22:56",
        "23:27",
        "23:56"
    ],
    "saturday": [
        "10:34",
        "11:04",
        "11:34",
        "12:04",
        "12:34",
        "13:04",
        "13:34",
        "14:04",
        "14:34",
        "15:04",
        "15:35",
        "16:05",
        "16:35",
        "17:05",
        "17:35",
        "18:05",
        "18:35",
        "19:05",
        "19:32",
        "20:07",
        "20:32",
        "21:07",
        "21:32",
        "22:43",
        "23:30"
    ],
    "holiday": [
        "10:33",
        "11:04",
        "11:34",
        "12:04",
        "12:34",
        "13:04",
        "13:34",
        "14:04",
        "14:34",
        "15:04",
        "15:34",
        "16:04",
        "16:34",
        "17:04",
        "17:34",
        "18:04",
        "18:34",
        "19:04",
        "19:32",
        "20:02",
        "20:32",
        "21:02",
        "21:32",
        "22:32",
        "23:03"
    ],
    "url": "https://www.kanachu.co.jp/dia/diagram/timetable01_js/course:0000800941-29/node:00128694/kt:0/lname:/"
}
