{
    "system": "東04",
    "busstops": [
        {
            "index": "1",
            "id": "00126667",
            "name": "川上団地",
            "lat": "35.431778",
            "lng": "139.548428"
        },
        {
            "index": "2",
            "id": "00126666",
            "name": "川上団地第二",
            "lat": "35.431857",
            "lng": "139.550107"
        },
        {
            "index": "3",
            "id": "00126665",
            "name": "川上北小学校",
            "lat": "35.429279",
            "lng": "139.553361"
        },
        {
            "index": "4",
            "id": "00126647",
            "name": "東戸塚駅東口",
            "lat": "35.429912",
            "lng": "139.55729"
        }
    ],
    "route_url": "https://www.kanachu.co.jp/dia/route/index/cid:0000803870/"
}
