{
    "date": "2025/11/16",
    "name": "鈴川会館前",
    "position": "-",
    "system": "平93",
    "destinations": [
        "団地西(伊勢原市)",
        "団地南(伊勢原市)",
        "関台",
        "谷戸大竹",
        "竹園小学校入口",
        "ふじみ野",
        "宮上(平塚市)",
        "あいの坂",
        "丸島",
        "町谷(平塚市)",
        "大畑平岡幼稚園前",
        "稲荷坂(平塚市)",
        "岡崎農協前",
        "矢崎大橋",
        "矢崎(平塚市)",
        "東橋(平塚市)",
        "豊田本郷駅",
        "新大縄橋",
        "遺跡公園前(平塚市)",
        "中原公園前",
        "中原一丁目(平塚市)",
        "共済病院前総合公園西",
        "追分(平塚市)",
        "立野町(平塚市)",
        "横浜ゴム前",
        "市役所前(ゴム前/平塚市)",
        "四ツ角(平塚市)",
        "平塚駅北口"
    ],
    "weekday": [
        "5:31",
        "6:00",
        "6:18",
        "6:39",
        "7:15",
        "7:58",
        "16:30",
        "17:32",
        "18:30"
    ],
    "saturday": [
        "6:20",
        "6:37",
        "7:40"
    ],
    "holiday": [
        "6:27",
        "7:40"
    ],
    "url": "https://www.kanachu.co.jp/dia/diagram/timetable01_js/course:0000800973-2/node:00128140/kt:0/lname:/"
}
