{
    "date": "2025/11/16",
    "name": "ふじみ野",
    "position": "-",
    "system": "平93",
    "destinations": [
        "宮上(平塚市)",
        "あいの坂",
        "丸島",
        "町谷(平塚市)",
        "大畑平岡幼稚園前",
        "稲荷坂(平塚市)",
        "岡崎農協前",
        "矢崎大橋",
        "矢崎(平塚市)",
        "東橋(平塚市)",
        "豊田本郷駅",
        "新大縄橋",
        "遺跡公園前(平塚市)",
        "中原公園前",
        "中原一丁目(平塚市)",
        "共済病院前総合公園西",
        "追分(平塚市)",
        "立野町(平塚市)",
        "横浜ゴム前",
        "市役所前(ゴム前/平塚市)",
        "四ツ角(平塚市)",
        "平塚駅北口"
    ],
    "weekday": [
        "5:38",
        "6:07",
        "6:25",
        "6:46",
        "7:22",
        "8:05",
        "16:37",
        "17:39",
        "18:37"
    ],
    "saturday": [
        "6:27",
        "6:44",
        "7:47"
    ],
    "holiday": [
        "6:34",
        "7:47"
    ],
    "url": "https://www.kanachu.co.jp/dia/diagram/timetable01_js/course:0000800973-8/node:00128079/kt:0/lname:/"
}
