{
    "date": "2025/11/16",
    "name": "あいの坂",
    "position": "-",
    "system": "平93",
    "destinations": [
        "丸島",
        "町谷(平塚市)",
        "大畑平岡幼稚園前",
        "稲荷坂(平塚市)",
        "岡崎農協前",
        "矢崎大橋",
        "矢崎(平塚市)",
        "東橋(平塚市)",
        "豊田本郷駅",
        "新大縄橋",
        "遺跡公園前(平塚市)",
        "中原公園前",
        "中原一丁目(平塚市)",
        "共済病院前総合公園西",
        "追分(平塚市)",
        "立野町(平塚市)",
        "横浜ゴム前",
        "市役所前(ゴム前/平塚市)",
        "四ツ角(平塚市)",
        "平塚駅北口"
    ],
    "weekday": [
        "5:39",
        "6:08",
        "6:26",
        "6:47",
        "7:23",
        "8:06",
        "16:38",
        "17:40",
        "18:38"
    ],
    "saturday": [
        "6:28",
        "6:45",
        "7:48"
    ],
    "holiday": [
        "6:35",
        "7:48"
    ],
    "url": "https://www.kanachu.co.jp/dia/diagram/timetable01_js/course:0000800973-10/node:00128081/kt:0/lname:/"
}
