{
    "date": "2025/11/16",
    "name": "東橋(平塚市)",
    "position": "-",
    "system": "平93",
    "destinations": [
        "豊田本郷駅",
        "新大縄橋",
        "遺跡公園前(平塚市)",
        "中原公園前",
        "中原一丁目(平塚市)",
        "共済病院前総合公園西",
        "追分(平塚市)",
        "立野町(平塚市)",
        "横浜ゴム前",
        "市役所前(ゴム前/平塚市)",
        "四ツ角(平塚市)",
        "平塚駅北口"
    ],
    "weekday": [
        "5:49",
        "6:18",
        "6:36",
        "6:57",
        "7:34",
        "8:17",
        "16:49",
        "17:51",
        "18:49"
    ],
    "saturday": [
        "6:37",
        "6:54",
        "7:57"
    ],
    "holiday": [
        "6:44",
        "7:57"
    ],
    "url": "https://www.kanachu.co.jp/dia/diagram/timetable01_js/course:0000800973-18/node:00128064/kt:0/lname:/"
}
