{
    "date": "2025/11/16",
    "name": "中原一丁目(平塚市)",
    "position": "-",
    "system": "平93",
    "destinations": [
        "共済病院前総合公園西",
        "追分(平塚市)",
        "立野町(平塚市)",
        "横浜ゴム前",
        "市役所前(ゴム前/平塚市)",
        "四ツ角(平塚市)",
        "平塚駅北口"
    ],
    "weekday": [
        "5:57",
        "6:26",
        "6:44",
        "7:05",
        "7:43",
        "8:26",
        "16:58",
        "18:00",
        "18:58"
    ],
    "saturday": [
        "6:43",
        "7:00",
        "8:03"
    ],
    "holiday": [
        "6:50",
        "8:03"
    ],
    "url": "https://www.kanachu.co.jp/dia/diagram/timetable01_js/course:0000800973-23/node:00128112/kt:0/lname:/"
}
