{
    "date": "2025/11/16",
    "name": "四ツ角(平塚市)",
    "position": "-",
    "system": "平93",
    "destinations": [
        "平塚駅北口"
    ],
    "weekday": [
        "6:05",
        "6:34",
        "6:52",
        "7:13",
        "7:51",
        "8:34",
        "17:06",
        "18:08",
        "19:06"
    ],
    "saturday": [
        "6:52",
        "7:09",
        "8:12"
    ],
    "holiday": [
        "6:59",
        "8:12"
    ],
    "url": "https://www.kanachu.co.jp/dia/diagram/timetable01_js/course:0000800973-29/node:00127190/kt:0/lname:/"
}
