{
    "date": "2024/12/16",
    "name": "矢名",
    "position": "-",
    "system": "学04",
    "destinations": [
        "宿矢名",
        "広畑ふれあいプラザ前",
        "下大槻団地"
    ],
    "weekday": [
        "7:39",
        "9:04",
        "9:20",
        "10:03",
        "10:22",
        "11:06",
        "12:02",
        "12:19",
        "12:59",
        "13:19",
        "13:59",
        "14:19",
        "14:59",
        "15:19",
        "15:59",
        "16:59",
        "17:59",
        "18:19",
        "18:59",
        "19:19",
        "19:59",
        "21:04",
        "21:32",
        "22:04",
        "22:32",
        "23:05"
    ],
    "saturday": [
        "6:44",
        "7:14",
        "7:44",
        "8:14",
        "8:44",
        "9:19",
        "9:59",
        "10:19",
        "10:59",
        "11:19",
        "11:59",
        "12:59",
        "13:19",
        "13:59",
        "14:19",
        "14:59",
        "15:19",
        "15:59",
        "16:19",
        "16:59",
        "17:19",
        "17:59",
        "18:59",
        "19:29",
        "19:59",
        "20:59",
        "21:29",
        "21:59",
        "22:30"
    ],
    "holiday": [
        "6:44",
        "7:14",
        "7:44",
        "8:14",
        "8:44",
        "9:19",
        "9:59",
        "10:19",
        "10:59",
        "11:19",
        "11:59",
        "12:59",
        "13:19",
        "13:59",
        "14:19",
        "14:59",
        "15:19",
        "15:59",
        "16:19",
        "16:59",
        "17:19",
        "17:59",
        "18:59",
        "19:29",
        "19:59",
        "20:59",
        "21:29",
        "21:59",
        "22:30"
    ],
    "url": "https://www.kanachu.co.jp/dia/diagram/timetable01_js/course:0000803660-5/node:00127757/kt:0/lname:/"
}
