{
    "date": "2024/11/16",
    "name": "南仲通り",
    "position": "-",
    "system": "藤12",
    "destinations": [
        "南仲通り二丁目",
        "本町小学校前(藤沢市)",
        "白旗交差点",
        "台町(藤沢市)",
        "湘南高校前",
        "一中入口(藤沢市)",
        "引地橋",
        "メルシャン前",
        "羽鳥(藤沢市)",
        "辻堂入口",
        "四ツ谷(藤沢市)",
        "城南一丁目",
        "大庭隧道",
        "有藤",
        "西高校前(藤沢市)",
        "南センター前(藤沢市)",
        "小糸",
        "大庭小学校",
        "ライフタウン中央(藤沢市)",
        "二番構保健医療センター",
        "駒寄",
        "滝の沢(藤沢市)",
        "滝の沢不動前",
        "湘南ライフタウン"
    ],
    "weekday": [
        "9:43",
        "10:43",
        "11:43",
        "12:43",
        "13:43",
        "15:43",
        "16:40",
        "17:43",
        "18:43",
        "19:51"
    ],
    "saturday": [
        "8:48",
        "9:48",
        "10:48",
        "11:48",
        "12:48",
        "13:48",
        "14:48",
        "15:48",
        "16:48",
        "17:38",
        "18:48",
        "19:48"
    ],
    "holiday": [
        "8:48",
        "9:48",
        "10:48",
        "11:48",
        "12:48",
        "13:48",
        "14:48",
        "15:48",
        "16:48",
        "17:38",
        "18:48",
        "19:48"
    ],
    "url": "https://www.kanachu.co.jp/dia/diagram/timetable01_js/course:0000802694-4/node:00126973/kt:0/lname:/"
}
