{
    "date": "2024/11/16",
    "name": "湘南高校前",
    "position": "-",
    "system": "藤12",
    "destinations": [
        "一中入口(藤沢市)",
        "引地橋",
        "メルシャン前",
        "羽鳥(藤沢市)",
        "辻堂入口",
        "四ツ谷(藤沢市)",
        "城南一丁目",
        "大庭隧道",
        "有藤",
        "西高校前(藤沢市)",
        "南センター前(藤沢市)",
        "小糸",
        "大庭小学校",
        "ライフタウン中央(藤沢市)",
        "二番構保健医療センター",
        "駒寄",
        "滝の沢(藤沢市)",
        "滝の沢不動前",
        "湘南ライフタウン"
    ],
    "weekday": [
        "9:49",
        "10:49",
        "11:49",
        "12:49",
        "13:49",
        "15:49",
        "16:47",
        "17:50",
        "18:49",
        "19:57"
    ],
    "saturday": [
        "8:53",
        "9:53",
        "10:54",
        "11:54",
        "12:54",
        "13:54",
        "14:54",
        "15:55",
        "16:55",
        "17:45",
        "18:54",
        "19:53"
    ],
    "holiday": [
        "8:53",
        "9:53",
        "10:54",
        "11:54",
        "12:54",
        "13:54",
        "14:54",
        "15:55",
        "16:55",
        "17:45",
        "18:54",
        "19:53"
    ],
    "url": "https://www.kanachu.co.jp/dia/diagram/timetable01_js/course:0000802694-9/node:00127050/kt:0/lname:/"
}
