{
    "date": "2024/11/16",
    "name": "引地橋",
    "position": "-",
    "system": "藤12",
    "destinations": [
        "メルシャン前",
        "羽鳥(藤沢市)",
        "辻堂入口",
        "四ツ谷(藤沢市)",
        "城南一丁目",
        "大庭隧道",
        "有藤",
        "西高校前(藤沢市)",
        "南センター前(藤沢市)",
        "小糸",
        "大庭小学校",
        "ライフタウン中央(藤沢市)",
        "二番構保健医療センター",
        "駒寄",
        "滝の沢(藤沢市)",
        "滝の沢不動前",
        "湘南ライフタウン"
    ],
    "weekday": [
        "9:51",
        "10:51",
        "11:51",
        "12:51",
        "13:51",
        "15:51",
        "16:49",
        "17:52",
        "18:51",
        "19:59"
    ],
    "saturday": [
        "8:55",
        "9:55",
        "10:56",
        "11:56",
        "12:56",
        "13:56",
        "14:56",
        "15:57",
        "16:57",
        "17:47",
        "18:56",
        "19:54"
    ],
    "holiday": [
        "8:55",
        "9:55",
        "10:56",
        "11:56",
        "12:56",
        "13:56",
        "14:56",
        "15:57",
        "16:57",
        "17:47",
        "18:56",
        "19:54"
    ],
    "url": "https://www.kanachu.co.jp/dia/diagram/timetable01_js/course:0000802694-11/node:00127052/kt:0/lname:/"
}
