{
    "date": "2024/11/16",
    "name": "四ツ谷(藤沢市)",
    "position": "-",
    "system": "藤12",
    "destinations": [
        "城南一丁目",
        "大庭隧道",
        "有藤",
        "西高校前(藤沢市)",
        "南センター前(藤沢市)",
        "小糸",
        "大庭小学校",
        "ライフタウン中央(藤沢市)",
        "二番構保健医療センター",
        "駒寄",
        "滝の沢(藤沢市)",
        "滝の沢不動前",
        "湘南ライフタウン"
    ],
    "weekday": [
        "9:56",
        "10:56",
        "11:56",
        "12:56",
        "13:56",
        "15:56",
        "16:55",
        "17:58",
        "18:56",
        "20:04"
    ],
    "saturday": [
        "9:00",
        "10:00",
        "11:01",
        "12:01",
        "13:01",
        "14:01",
        "15:01",
        "16:03",
        "17:03",
        "17:53",
        "19:01",
        "19:59"
    ],
    "holiday": [
        "9:00",
        "10:00",
        "11:01",
        "12:01",
        "13:01",
        "14:01",
        "15:01",
        "16:03",
        "17:03",
        "17:53",
        "19:01",
        "19:59"
    ],
    "url": "https://www.kanachu.co.jp/dia/diagram/timetable01_js/course:0000802694-15/node:00127098/kt:0/lname:/"
}
