{
    "date": "2024/11/16",
    "name": "有藤",
    "position": "-",
    "system": "藤12",
    "destinations": [
        "西高校前(藤沢市)",
        "南センター前(藤沢市)",
        "小糸",
        "大庭小学校",
        "ライフタウン中央(藤沢市)",
        "二番構保健医療センター",
        "駒寄",
        "滝の沢(藤沢市)",
        "滝の沢不動前",
        "湘南ライフタウン"
    ],
    "weekday": [
        "10:00",
        "11:00",
        "12:00",
        "13:00",
        "14:00",
        "16:00",
        "16:59",
        "18:02",
        "19:00",
        "20:08"
    ],
    "saturday": [
        "9:04",
        "10:04",
        "11:05",
        "12:05",
        "13:05",
        "14:05",
        "15:05",
        "16:07",
        "17:07",
        "17:57",
        "19:05",
        "20:03"
    ],
    "holiday": [
        "9:04",
        "10:04",
        "11:05",
        "12:05",
        "13:05",
        "14:05",
        "15:05",
        "16:07",
        "17:07",
        "17:57",
        "19:05",
        "20:03"
    ],
    "url": "https://www.kanachu.co.jp/dia/diagram/timetable01_js/course:0000802694-18/node:00129938/kt:0/lname:/"
}
