{
    "date": "2024/11/16",
    "name": "西高校前(藤沢市)",
    "position": "-",
    "system": "藤12",
    "destinations": [
        "南センター前(藤沢市)",
        "小糸",
        "大庭小学校",
        "ライフタウン中央(藤沢市)",
        "二番構保健医療センター",
        "駒寄",
        "滝の沢(藤沢市)",
        "滝の沢不動前",
        "湘南ライフタウン"
    ],
    "weekday": [
        "10:01",
        "11:01",
        "12:01",
        "13:01",
        "14:01",
        "16:01",
        "17:00",
        "18:03",
        "19:01",
        "20:09"
    ],
    "saturday": [
        "9:05",
        "10:05",
        "11:06",
        "12:06",
        "13:06",
        "14:06",
        "15:06",
        "16:08",
        "17:08",
        "17:58",
        "19:06",
        "20:04"
    ],
    "holiday": [
        "9:05",
        "10:05",
        "11:06",
        "12:06",
        "13:06",
        "14:06",
        "15:06",
        "16:08",
        "17:08",
        "17:58",
        "19:06",
        "20:04"
    ],
    "url": "https://www.kanachu.co.jp/dia/diagram/timetable01_js/course:0000802694-19/node:00129939/kt:0/lname:/"
}
