{
    "date": "2025/04/01",
    "name": "浜岳中学校前",
    "position": "-",
    "system": "平40",
    "destinations": [
        "すみれ平局前",
        "浜岳",
        "花水台",
        "花水公園前",
        "なでしこ公民館前",
        "下花水橋",
        "西海岸"
    ],
    "weekday": [
        "7:37",
        "8:14",
        "8:24",
        "8:54",
        "9:24",
        "9:44",
        "10:24",
        "10:44",
        "11:24",
        "11:44",
        "12:24",
        "12:44",
        "13:24",
        "13:44",
        "14:24",
        "14:44",
        "15:24",
        "15:44",
        "16:24",
        "16:44",
        "17:19",
        "17:59",
        "18:16",
        "18:28",
        "18:52",
        "19:16",
        "19:28",
        "19:52",
        "20:19",
        "20:59",
        "21:19",
        "21:44",
        "22:14",
        "22:41",
        "23:07"
    ],
    "saturday": [
        "7:24",
        "7:44",
        "8:24",
        "8:44",
        "9:24",
        "9:44",
        "10:24",
        "10:44",
        "11:24",
        "11:44",
        "12:24",
        "12:44",
        "13:24",
        "13:44",
        "14:24",
        "14:44",
        "15:24",
        "15:44",
        "16:24",
        "16:44",
        "17:24",
        "17:44",
        "18:24",
        "18:44",
        "19:24",
        "19:44",
        "20:34",
        "21:09",
        "21:39",
        "22:09",
        "22:39"
    ],
    "holiday": [
        "7:24",
        "7:44",
        "8:24",
        "8:44",
        "9:24",
        "9:44",
        "10:24",
        "10:44",
        "11:24",
        "11:44",
        "12:24",
        "12:44",
        "13:24",
        "13:44",
        "14:24",
        "14:44",
        "15:24",
        "15:44",
        "16:24",
        "16:44",
        "17:24",
        "17:44",
        "18:24",
        "18:44",
        "19:24",
        "19:44",
        "20:34",
        "21:09",
        "21:39",
        "22:09",
        "22:39"
    ],
    "url": "https://www.kanachu.co.jp/dia/diagram/timetable01_js/course:0000803810-6/node:00127445/kt:0/lname:/"
}
