{
    "date": "2025/04/01",
    "name": "浜岳",
    "position": "-",
    "system": "平40",
    "destinations": [
        "花水台",
        "花水公園前",
        "なでしこ公民館前",
        "下花水橋",
        "西海岸"
    ],
    "weekday": [
        "7:38",
        "8:15",
        "8:25",
        "8:55",
        "9:25",
        "9:45",
        "10:25",
        "10:45",
        "11:25",
        "11:45",
        "12:25",
        "12:45",
        "13:25",
        "13:45",
        "14:25",
        "14:45",
        "15:25",
        "15:45",
        "16:25",
        "16:45",
        "17:20",
        "18:00",
        "18:17",
        "18:29",
        "18:53",
        "19:17",
        "19:29",
        "19:53",
        "20:20",
        "21:00",
        "21:20",
        "21:45",
        "22:15",
        "22:42",
        "23:08"
    ],
    "saturday": [
        "7:25",
        "7:45",
        "8:25",
        "8:45",
        "9:25",
        "9:45",
        "10:25",
        "10:45",
        "11:25",
        "11:45",
        "12:25",
        "12:45",
        "13:25",
        "13:45",
        "14:25",
        "14:45",
        "15:25",
        "15:45",
        "16:25",
        "16:45",
        "17:25",
        "17:45",
        "18:25",
        "18:45",
        "19:25",
        "19:45",
        "20:35",
        "21:10",
        "21:40",
        "22:10",
        "22:40"
    ],
    "holiday": [
        "7:25",
        "7:45",
        "8:25",
        "8:45",
        "9:25",
        "9:45",
        "10:25",
        "10:45",
        "11:25",
        "11:45",
        "12:25",
        "12:45",
        "13:25",
        "13:45",
        "14:25",
        "14:45",
        "15:25",
        "15:45",
        "16:25",
        "16:45",
        "17:25",
        "17:45",
        "18:25",
        "18:45",
        "19:25",
        "19:45",
        "20:35",
        "21:10",
        "21:40",
        "22:10",
        "22:40"
    ],
    "url": "https://www.kanachu.co.jp/dia/diagram/timetable01_js/course:0000803810-8/node:00127447/kt:0/lname:/"
}
