{
    "date": "2025/04/01",
    "name": "なでしこ公民館前",
    "position": "-",
    "system": "平40",
    "destinations": [
        "下花水橋",
        "西海岸"
    ],
    "weekday": [
        "7:41",
        "8:18",
        "8:28",
        "8:58",
        "9:28",
        "9:48",
        "10:28",
        "10:48",
        "11:28",
        "11:48",
        "12:28",
        "12:48",
        "13:28",
        "13:48",
        "14:28",
        "14:48",
        "15:28",
        "15:48",
        "16:28",
        "16:48",
        "17:23",
        "18:03",
        "18:20",
        "18:32",
        "18:56",
        "19:20",
        "19:32",
        "19:56",
        "20:23",
        "21:03",
        "21:23",
        "21:48",
        "22:18",
        "22:45",
        "23:11"
    ],
    "saturday": [
        "7:28",
        "7:48",
        "8:28",
        "8:48",
        "9:28",
        "9:48",
        "10:28",
        "10:48",
        "11:28",
        "11:48",
        "12:28",
        "12:48",
        "13:28",
        "13:48",
        "14:28",
        "14:48",
        "15:28",
        "15:48",
        "16:28",
        "16:48",
        "17:28",
        "17:48",
        "18:28",
        "18:48",
        "19:28",
        "19:48",
        "20:38",
        "21:13",
        "21:43",
        "22:13",
        "22:43"
    ],
    "holiday": [
        "7:28",
        "7:48",
        "8:28",
        "8:48",
        "9:28",
        "9:48",
        "10:28",
        "10:48",
        "11:28",
        "11:48",
        "12:28",
        "12:48",
        "13:28",
        "13:48",
        "14:28",
        "14:48",
        "15:28",
        "15:48",
        "16:28",
        "16:48",
        "17:28",
        "17:48",
        "18:28",
        "18:48",
        "19:28",
        "19:48",
        "20:38",
        "21:13",
        "21:43",
        "22:13",
        "22:43"
    ],
    "url": "https://www.kanachu.co.jp/dia/diagram/timetable01_js/course:0000803810-11/node:00127450/kt:0/lname:/"
}
