{
    "system": "平40",
    "busstops": [
        {
            "index": "1",
            "id": "00127422",
            "name": "平塚駅南口",
            "lat": "35.327071",
            "lng": "139.351683"
        },
        {
            "index": "2",
            "id": "00127441",
            "name": "八重咲町",
            "lat": "35.325364",
            "lng": "139.347517"
        },
        {
            "index": "3",
            "id": "00127442",
            "name": "羽衣公園入口",
            "lat": "35.324914",
            "lng": "139.345145"
        },
        {
            "index": "4",
            "id": "00127443",
            "name": "桃浜町",
            "lat": "35.324249",
            "lng": "139.342345"
        },
        {
            "index": "5",
            "id": "00127444",
            "name": "花水公民館前",
            "lat": "35.321955",
            "lng": "139.342903"
        },
        {
            "index": "6",
            "id": "00127445",
            "name": "浜岳中学校前",
            "lat": "35.318983",
            "lng": "139.342222"
        },
        {
            "index": "7",
            "id": "00127446",
            "name": "すみれ平局前",
            "lat": "35.318652",
            "lng": "139.3407"
        },
        {
            "index": "8",
            "id": "00127447",
            "name": "浜岳",
            "lat": "35.318435",
            "lng": "139.339665"
        },
        {
            "index": "9",
            "id": "00127448",
            "name": "花水台",
            "lat": "35.318102",
            "lng": "139.338017"
        },
        {
            "index": "10",
            "id": "00127449",
            "name": "花水公園前",
            "lat": "35.317828",
            "lng": "139.336498"
        },
        {
            "index": "11",
            "id": "00127450",
            "name": "なでしこ公民館前",
            "lat": "35.317311",
            "lng": "139.333714"
        },
        {
            "index": "12",
            "id": "00127451",
            "name": "下花水橋",
            "lat": "35.317019",
            "lng": "139.331884"
        },
        {
            "index": "13",
            "id": "00127452",
            "name": "西海岸",
            "lat": "35.316295",
            "lng": "139.331875"
        }
    ],
    "route_url": "https://www.kanachu.co.jp/dia/route/index/cid:0000803810/"
}
