{
    "date": "2025/07/12",
    "name": "藤沢橋",
    "position": "-",
    "system": "藤56",
    "destinations": [
        "遊行寺坂上",
        "緑ヶ丘(藤沢市)",
        "鉄砲宿",
        "諏訪神社前(横浜市戸塚区)",
        "影取",
        "聖母の園前"
    ],
    "weekday": [
        "19:36",
        "23:11"
    ],
    "saturday": [
        "22:16"
    ],
    "holiday": [
        "22:16"
    ],
    "url": "https://www.kanachu.co.jp/dia/diagram/timetable01_js/course:0000803074-6/node:00126975/kt:0/lname:/"
}
