{
    "date": "2025/07/12",
    "name": "遊行寺坂上",
    "position": "-",
    "system": "藤56",
    "destinations": [
        "緑ヶ丘(藤沢市)",
        "鉄砲宿",
        "諏訪神社前(横浜市戸塚区)",
        "影取",
        "聖母の園前"
    ],
    "weekday": [
        "19:39",
        "23:14"
    ],
    "saturday": [
        "22:19"
    ],
    "holiday": [
        "22:19"
    ],
    "url": "https://www.kanachu.co.jp/dia/diagram/timetable01_js/course:0000803074-7/node:00126976/kt:0/lname:/"
}
