{
    "date": "2023/10/01",
    "name": "桜ヶ丘駅西口",
    "position": "-",
    "system": "",
    "destinations": [
        "まごころ地域福祉センター",
        "柳橋小入口",
        "日飛入口",
        "引地台公園",
        "中央6丁目",
        "大和警察署前",
        "大和駅"
    ],
    "weekday": [
        "9:00"
    ],
    "saturday": [
        "9:00"
    ],
    "holiday": [
        "9:00"
    ],
    "url": "https://www.kanachu.co.jp/dia/diagram/timetable01_js/course:0000803395-34/node:00129624/kt:0/lname:/"
}
