{
    "date": "2025/10/20",
    "name": "大和南",
    "position": "-",
    "system": "和03",
    "destinations": [
        "山王塚(大和市)",
        "上野原(大和市)",
        "住宅入口(大和市)",
        "学校入口(大和市)",
        "桜株(大和市)",
        "指導農場前",
        "上和田(上和田団地側/大和市)",
        "団地入口(大和市)",
        "上和田団地"
    ],
    "weekday": [
        "6:18",
        "6:48",
        "7:14",
        "7:44",
        "8:34",
        "9:24",
        "10:14",
        "11:04",
        "11:54",
        "12:44",
        "13:34",
        "14:24",
        "15:14",
        "16:04",
        "16:54",
        "17:14",
        "17:44",
        "18:09",
        "18:34",
        "19:24",
        "20:13",
        "21:04"
    ],
    "saturday": [
        "7:28",
        "8:43",
        "9:44",
        "10:44",
        "11:44",
        "12:44",
        "13:44",
        "14:44",
        "15:44",
        "16:44",
        "17:44",
        "18:44",
        "19:44",
        "20:33"
    ],
    "holiday": [
        "8:43",
        "9:44",
        "10:44",
        "11:44",
        "12:44",
        "13:44",
        "14:44",
        "15:44",
        "16:44",
        "17:44",
        "18:44",
        "19:43",
        "20:23"
    ],
    "url": "https://www.kanachu.co.jp/dia/diagram/timetable01_js/course:0000800199-3/node:00129634/kt:0/lname:/"
}
