{
    "date": "2025/10/20",
    "name": "住宅入口(大和市)",
    "position": "-",
    "system": "和03",
    "destinations": [
        "学校入口(大和市)",
        "桜株(大和市)",
        "指導農場前",
        "上和田(上和田団地側/大和市)",
        "団地入口(大和市)",
        "上和田団地"
    ],
    "weekday": [
        "6:21",
        "6:51",
        "7:18",
        "7:48",
        "8:38",
        "9:28",
        "10:18",
        "11:08",
        "11:58",
        "12:48",
        "13:38",
        "14:28",
        "15:18",
        "16:08",
        "16:58",
        "17:18",
        "17:48",
        "18:13",
        "18:38",
        "19:28",
        "20:16",
        "21:07"
    ],
    "saturday": [
        "7:31",
        "8:46",
        "9:48",
        "10:48",
        "11:48",
        "12:48",
        "13:48",
        "14:48",
        "15:48",
        "16:48",
        "17:48",
        "18:48",
        "19:48",
        "20:36"
    ],
    "holiday": [
        "8:46",
        "9:48",
        "10:48",
        "11:48",
        "12:48",
        "13:48",
        "14:48",
        "15:48",
        "16:48",
        "17:48",
        "18:48",
        "19:46",
        "20:26"
    ],
    "url": "https://www.kanachu.co.jp/dia/diagram/timetable01_js/course:0000800199-6/node:00129637/kt:0/lname:/"
}
