{
    "date": "2025/10/20",
    "name": "団地入口(大和市)",
    "position": "-",
    "system": "和03",
    "destinations": [
        "上和田団地"
    ],
    "weekday": [
        "6:28",
        "6:58",
        "7:25",
        "7:55",
        "8:45",
        "9:35",
        "10:25",
        "11:15",
        "12:05",
        "12:55",
        "13:45",
        "14:35",
        "15:25",
        "16:15",
        "17:05",
        "17:25",
        "17:55",
        "18:20",
        "18:45",
        "19:35",
        "20:23",
        "21:14"
    ],
    "saturday": [
        "7:38",
        "8:53",
        "9:55",
        "10:55",
        "11:55",
        "12:55",
        "13:55",
        "14:55",
        "15:55",
        "16:55",
        "17:55",
        "18:55",
        "19:55",
        "20:43"
    ],
    "holiday": [
        "8:53",
        "9:55",
        "10:55",
        "11:55",
        "12:55",
        "13:55",
        "14:55",
        "15:55",
        "16:55",
        "17:55",
        "18:55",
        "19:53",
        "20:33"
    ],
    "url": "https://www.kanachu.co.jp/dia/diagram/timetable01_js/course:0000800199-11/node:00129642/kt:0/lname:/"
}
