{
    "system": "茅35",
    "busstops": [
        {
            "index": "1",
            "id": "00127126",
            "name": "茅ヶ崎駅",
            "lat": "35.330724",
            "lng": "139.40626"
        },
        {
            "index": "2",
            "id": "00127159",
            "name": "茅ヶ崎四ツ角",
            "lat": "35.330673",
            "lng": "139.399944"
        },
        {
            "index": "3",
            "id": "00127181",
            "name": "十間坂",
            "lat": "35.32952",
            "lng": "139.396413"
        },
        {
            "index": "4",
            "id": "00127182",
            "name": "茶屋町(茅ケ崎市)",
            "lat": "35.328943",
            "lng": "139.394388"
        },
        {
            "index": "5",
            "id": "00127183",
            "name": "町屋(茅ケ崎市)",
            "lat": "35.329078",
            "lng": "139.389254"
        },
        {
            "index": "6",
            "id": "00127257",
            "name": "団地北口(茅ケ崎市)",
            "lat": "35.325736",
            "lng": "139.388615"
        },
        {
            "index": "7",
            "id": "00127256",
            "name": "団地中央(茅ケ崎市)",
            "lat": "35.322361",
            "lng": "139.387827"
        },
        {
            "index": "8",
            "id": "00127260",
            "name": "浜見平団地",
            "lat": "35.321859",
            "lng": "139.383529"
        }
    ],
    "route_url": "https://www.kanachu.co.jp/dia/route/index/cid:0000802114/"
}
