{
    "date": "2025/10/20",
    "name": "金森郵便局前",
    "position": "-",
    "system": "町83",
    "destinations": [
        "金森",
        "市営住宅入口(町田市)",
        "南中学校前(町田市)",
        "金森四丁目",
        "南農協前",
        "小川入口(町田市)",
        "柳谷戸",
        "小川中央",
        "つくし野二丁目(町田市)",
        "つくし野小学校",
        "つくし野駅"
    ],
    "weekday": [
        "6:29",
        "6:53",
        "7:18",
        "7:38",
        "7:58",
        "8:11",
        "8:35",
        "8:59"
    ],
    "saturday": [
        "6:33",
        "7:23",
        "7:46",
        "8:23",
        "8:59"
    ],
    "holiday": [
        "7:21",
        "8:26",
        "8:56"
    ],
    "url": "https://www.kanachu.co.jp/dia/diagram/timetable01_js/course:0000800704-6/node:00129541/kt:0/lname:/"
}
