{
    "date": "2025/10/20",
    "name": "金森",
    "position": "-",
    "system": "町83",
    "destinations": [
        "市営住宅入口(町田市)",
        "南中学校前(町田市)",
        "金森四丁目",
        "南農協前",
        "小川入口(町田市)",
        "柳谷戸",
        "小川中央",
        "つくし野二丁目(町田市)",
        "つくし野小学校",
        "つくし野駅"
    ],
    "weekday": [
        "6:32",
        "6:56",
        "7:21",
        "7:41",
        "8:01",
        "8:14",
        "8:38",
        "9:02"
    ],
    "saturday": [
        "6:34",
        "7:26",
        "7:49",
        "8:26",
        "9:02"
    ],
    "holiday": [
        "7:22",
        "8:27",
        "8:57"
    ],
    "url": "https://www.kanachu.co.jp/dia/diagram/timetable01_js/course:0000800704-7/node:00129540/kt:0/lname:/"
}
