{
    "date": "2025/10/20",
    "name": "金森四丁目",
    "position": "-",
    "system": "町83",
    "destinations": [
        "南農協前",
        "小川入口(町田市)",
        "柳谷戸",
        "小川中央",
        "つくし野二丁目(町田市)",
        "つくし野小学校",
        "つくし野駅"
    ],
    "weekday": [
        "6:35",
        "6:59",
        "7:24",
        "7:44",
        "8:04",
        "8:17",
        "8:41",
        "9:05"
    ],
    "saturday": [
        "6:37",
        "7:29",
        "7:52",
        "8:29",
        "9:05"
    ],
    "holiday": [
        "7:25",
        "8:30",
        "9:00"
    ],
    "url": "https://www.kanachu.co.jp/dia/diagram/timetable01_js/course:0000800704-10/node:00129537/kt:0/lname:/"
}
