{
    "date": "2025/10/20",
    "name": "小川入口(町田市)",
    "position": "-",
    "system": "町83",
    "destinations": [
        "柳谷戸",
        "小川中央",
        "つくし野二丁目(町田市)",
        "つくし野小学校",
        "つくし野駅"
    ],
    "weekday": [
        "6:38",
        "7:02",
        "7:27",
        "7:47",
        "8:07",
        "8:20",
        "8:44",
        "9:08"
    ],
    "saturday": [
        "6:40",
        "7:32",
        "7:55",
        "8:32",
        "9:08"
    ],
    "holiday": [
        "7:28",
        "8:33",
        "9:03"
    ],
    "url": "https://www.kanachu.co.jp/dia/diagram/timetable01_js/course:0000800704-12/node:00129553/kt:0/lname:/"
}
