{
    "date": "2025/10/20",
    "name": "小川中央",
    "position": "-",
    "system": "町83",
    "destinations": [
        "つくし野二丁目(町田市)",
        "つくし野小学校",
        "つくし野駅"
    ],
    "weekday": [
        "6:41",
        "7:05",
        "7:30",
        "7:50",
        "8:10",
        "8:23",
        "8:47",
        "9:11"
    ],
    "saturday": [
        "6:43",
        "7:35",
        "7:58",
        "8:35",
        "9:11"
    ],
    "holiday": [
        "7:31",
        "8:36",
        "9:06"
    ],
    "url": "https://www.kanachu.co.jp/dia/diagram/timetable01_js/course:0000800704-14/node:00129555/kt:0/lname:/"
}
