{
    "date": "2025/08/30",
    "name": "吉野町駅前",
    "position": "-",
    "system": "戸47",
    "destinations": [
        "前里町",
        "南太田駅前",
        "Y校前",
        "南センター(横浜市南区)",
        "井土ヶ谷",
        "住宅前(横浜市南区)",
        "南永田",
        "弘明寺口",
        "六ツ川町",
        "上六ツ川",
        "大池(横浜市南区)",
        "引越坂",
        "六ツ川四丁目",
        "山谷(横浜市戸塚区)",
        "坂下口",
        "国道平戸",
        "品濃口",
        "赤関橋",
        "柏尾(横浜市戸塚区)",
        "ポーラ前(横浜市戸塚区)",
        "不動坂(横浜市戸塚区)",
        "ブリヂストン前",
        "元町(横浜市戸塚区)",
        "矢部町",
        "戸塚駅東口"
    ],
    "weekday": [
        "8:43",
        "9:23",
        "10:30",
        "10:54",
        "11:42",
        "12:54",
        "14:06",
        "15:18",
        "15:54",
        "16:30",
        "17:42",
        "18:54",
        "20:19",
        "20:53",
        "22:03",
        "22:33",
        "23:03"
    ],
    "saturday": [
        "7:22",
        "8:02",
        "9:11",
        "10:10",
        "11:11",
        "12:11",
        "13:11",
        "14:14",
        "15:14",
        "16:14",
        "17:14",
        "18:14",
        "19:17",
        "19:48",
        "20:48",
        "21:54",
        "22:30"
    ],
    "holiday": [
        "7:17",
        "7:57",
        "9:11",
        "10:10",
        "11:11",
        "12:11",
        "13:11",
        "14:14",
        "15:14",
        "16:14",
        "17:14",
        "18:14",
        "19:17",
        "19:48",
        "20:48",
        "21:54",
        "22:30"
    ],
    "url": "https://www.kanachu.co.jp/dia/diagram/timetable01_js/course:0000803832-11/node:00103231/kt:0/lname:/"
}
