{
    "date": "2025/08/30",
    "name": "矢部町",
    "position": "-",
    "system": "戸47",
    "destinations": [
        "戸塚駅東口"
    ],
    "weekday": [
        "9:24",
        "10:04",
        "11:11",
        "11:35",
        "12:23",
        "13:35",
        "14:47",
        "15:59",
        "16:35",
        "17:13",
        "18:25",
        "19:34",
        "20:56",
        "21:30",
        "22:40",
        "23:10",
        "23:40"
    ],
    "saturday": [
        "7:59",
        "8:43",
        "9:52",
        "10:51",
        "11:52",
        "12:52",
        "13:52",
        "14:55",
        "15:57",
        "16:57",
        "17:57",
        "18:57",
        "19:54",
        "20:25",
        "21:25",
        "22:31",
        "23:07"
    ],
    "holiday": [
        "7:54",
        "8:37",
        "9:52",
        "10:51",
        "11:52",
        "12:52",
        "13:52",
        "14:55",
        "15:57",
        "16:57",
        "17:57",
        "18:57",
        "19:54",
        "20:25",
        "21:25",
        "22:31",
        "23:07"
    ],
    "url": "https://www.kanachu.co.jp/dia/diagram/timetable01_js/course:0000803832-35/node:00126610/kt:0/lname:/"
}
