{
    "date": "2018/03/17",
    "name": "菱沼二丁目",
    "position": "-",
    "system": "辻08",
    "destinations": [
        "松林",
        "松林二丁目",
        "室田一丁目",
        "室田小学校入口",
        "室田",
        "高田三丁目",
        "ニュータウン中央(茅ケ崎市)",
        "ニュータウン入口(茅ケ崎市)",
        "市立病院(茅ケ崎市)"
    ],
    "weekday": [
        "19:52",
        "20:33",
        "21:43",
        "22:41"
    ],
    "saturday": [],
    "holiday": [],
    "url": "https://www.kanachu.co.jp/dia/diagram/timetable01_js/course:0000801046-12/node:00127283/kt:0/lname:/"
}
