{
    "date": "2025/08/04",
    "name": "原替戸東",
    "position": "-",
    "system": "橋09",
    "destinations": [
        "野尻(相模原市緑区)",
        "又野城山",
        "又野八幡神社前",
        "尾崎記念館",
        "新境橋",
        "川坂(相模原市緑区)",
        "津久井合同庁舎前",
        "中野小学校前(相模原市緑区)",
        "日赤病院前(相模原市緑区)",
        "太井",
        "小網",
        "久保入口(相模原市緑区)",
        "三井南",
        "三井地域センター前",
        "三井(相模原市緑区)",
        "峯の薬師入口",
        "上中沢",
        "中沢(相模原市緑区)",
        "三本松(相模原市緑区)",
        "城山(相模原市緑区)",
        "城山高校前",
        "都井沢",
        "谷ヶ原",
        "久保沢",
        "城山総合事務所入口",
        "原宿(相模原市緑区)",
        "東原宿",
        "森の上",
        "二本松(相模原市緑区)",
        "相原中央",
        "相原台",
        "大西(相模原市緑区)",
        "上町(相模原市緑区)",
        "香福寺前",
        "旭小学校前(相模原市緑区)",
        "旭農協前",
        "橋本駅北口"
    ],
    "weekday": [
        "5:58",
        "6:33",
        "8:11",
        "8:53",
        "11:43",
        "12:18",
        "14:48",
        "15:48",
        "17:08",
        "18:05",
        "20:38"
    ],
    "saturday": [
        "5:58",
        "6:33",
        "8:11",
        "8:53",
        "11:43",
        "12:18",
        "14:53",
        "15:48",
        "17:08",
        "18:05",
        "20:38"
    ],
    "holiday": [
        "5:58",
        "6:33",
        "8:11",
        "8:53",
        "11:43",
        "12:18",
        "14:53",
        "15:48",
        "17:08",
        "18:05",
        "20:38"
    ],
    "url": "https://www.kanachu.co.jp/dia/diagram/timetable01_js/course:0000801993-6/node:00129034/kt:0/lname:/"
}
