{
    "date": "2025/08/04",
    "name": "川坂(相模原市緑区)",
    "position": "-",
    "system": "橋09",
    "destinations": [
        "津久井合同庁舎前",
        "中野小学校前(相模原市緑区)",
        "日赤病院前(相模原市緑区)",
        "太井",
        "小網",
        "久保入口(相模原市緑区)",
        "三井南",
        "三井地域センター前",
        "三井(相模原市緑区)",
        "峯の薬師入口",
        "上中沢",
        "中沢(相模原市緑区)",
        "三本松(相模原市緑区)",
        "城山(相模原市緑区)",
        "城山高校前",
        "都井沢",
        "谷ヶ原",
        "久保沢",
        "城山総合事務所入口",
        "原宿(相模原市緑区)",
        "東原宿",
        "森の上",
        "二本松(相模原市緑区)",
        "相原中央",
        "相原台",
        "大西(相模原市緑区)",
        "上町(相模原市緑区)",
        "香福寺前",
        "旭小学校前(相模原市緑区)",
        "旭農協前",
        "橋本駅北口"
    ],
    "weekday": [
        "6:04",
        "6:39",
        "8:17",
        "8:59",
        "11:49",
        "12:24",
        "14:54",
        "15:54",
        "17:14",
        "18:11",
        "20:44"
    ],
    "saturday": [
        "6:04",
        "6:39",
        "8:17",
        "8:59",
        "11:49",
        "12:24",
        "14:59",
        "15:54",
        "17:14",
        "18:11",
        "20:44"
    ],
    "holiday": [
        "6:04",
        "6:39",
        "8:17",
        "8:59",
        "11:49",
        "12:24",
        "14:59",
        "15:54",
        "17:14",
        "18:11",
        "20:44"
    ],
    "url": "https://www.kanachu.co.jp/dia/diagram/timetable01_js/course:0000801993-12/node:00129040/kt:0/lname:/"
}
