{
    "date": "2025/08/04",
    "name": "小網",
    "position": "-",
    "system": "橋09",
    "destinations": [
        "久保入口(相模原市緑区)",
        "三井南",
        "三井地域センター前",
        "三井(相模原市緑区)",
        "峯の薬師入口",
        "上中沢",
        "中沢(相模原市緑区)",
        "三本松(相模原市緑区)",
        "城山(相模原市緑区)",
        "城山高校前",
        "都井沢",
        "谷ヶ原",
        "久保沢",
        "城山総合事務所入口",
        "原宿(相模原市緑区)",
        "東原宿",
        "森の上",
        "二本松(相模原市緑区)",
        "相原中央",
        "相原台",
        "大西(相模原市緑区)",
        "上町(相模原市緑区)",
        "香福寺前",
        "旭小学校前(相模原市緑区)",
        "旭農協前",
        "橋本駅北口"
    ],
    "weekday": [
        "6:07",
        "6:42",
        "8:20",
        "9:02",
        "11:52",
        "12:27",
        "14:57",
        "15:57",
        "17:17",
        "18:14",
        "20:47"
    ],
    "saturday": [
        "6:07",
        "6:42",
        "8:20",
        "9:02",
        "11:52",
        "12:27",
        "15:02",
        "15:57",
        "17:17",
        "18:14",
        "20:47"
    ],
    "holiday": [
        "6:07",
        "6:42",
        "8:20",
        "9:02",
        "11:52",
        "12:27",
        "15:02",
        "15:57",
        "17:17",
        "18:14",
        "20:47"
    ],
    "url": "https://www.kanachu.co.jp/dia/diagram/timetable01_js/course:0000801993-17/node:00128952/kt:0/lname:/"
}
