{
    "date": "2025/08/04",
    "name": "久保入口(相模原市緑区)",
    "position": "-",
    "system": "橋09",
    "destinations": [
        "三井南",
        "三井地域センター前",
        "三井(相模原市緑区)",
        "峯の薬師入口",
        "上中沢",
        "中沢(相模原市緑区)",
        "三本松(相模原市緑区)",
        "城山(相模原市緑区)",
        "城山高校前",
        "都井沢",
        "谷ヶ原",
        "久保沢",
        "城山総合事務所入口",
        "原宿(相模原市緑区)",
        "東原宿",
        "森の上",
        "二本松(相模原市緑区)",
        "相原中央",
        "相原台",
        "大西(相模原市緑区)",
        "上町(相模原市緑区)",
        "香福寺前",
        "旭小学校前(相模原市緑区)",
        "旭農協前",
        "橋本駅北口"
    ],
    "weekday": [
        "6:08",
        "6:43",
        "8:21",
        "9:03",
        "11:53",
        "12:28",
        "14:58",
        "15:58",
        "17:18",
        "18:15",
        "20:48"
    ],
    "saturday": [
        "6:08",
        "6:43",
        "8:21",
        "9:03",
        "11:53",
        "12:28",
        "15:03",
        "15:58",
        "17:18",
        "18:15",
        "20:48"
    ],
    "holiday": [
        "6:08",
        "6:43",
        "8:21",
        "9:03",
        "11:53",
        "12:28",
        "15:03",
        "15:58",
        "17:18",
        "18:15",
        "20:48"
    ],
    "url": "https://www.kanachu.co.jp/dia/diagram/timetable01_js/course:0000801993-18/node:00128865/kt:0/lname:/"
}
