{
    "date": "2025/08/04",
    "name": "三井地域センター前",
    "position": "-",
    "system": "橋09",
    "destinations": [
        "三井(相模原市緑区)",
        "峯の薬師入口",
        "上中沢",
        "中沢(相模原市緑区)",
        "三本松(相模原市緑区)",
        "城山(相模原市緑区)",
        "城山高校前",
        "都井沢",
        "谷ヶ原",
        "久保沢",
        "城山総合事務所入口",
        "原宿(相模原市緑区)",
        "東原宿",
        "森の上",
        "二本松(相模原市緑区)",
        "相原中央",
        "相原台",
        "大西(相模原市緑区)",
        "上町(相模原市緑区)",
        "香福寺前",
        "旭小学校前(相模原市緑区)",
        "旭農協前",
        "橋本駅北口"
    ],
    "weekday": [
        "6:10",
        "6:45",
        "8:23",
        "9:05",
        "11:55",
        "12:30",
        "15:00",
        "16:00",
        "17:20",
        "18:17",
        "20:50"
    ],
    "saturday": [
        "6:10",
        "6:45",
        "8:23",
        "9:05",
        "11:55",
        "12:30",
        "15:05",
        "16:00",
        "17:20",
        "18:17",
        "20:50"
    ],
    "holiday": [
        "6:10",
        "6:45",
        "8:23",
        "9:05",
        "11:55",
        "12:30",
        "15:05",
        "16:00",
        "17:20",
        "18:17",
        "20:50"
    ],
    "url": "https://www.kanachu.co.jp/dia/diagram/timetable01_js/course:0000801993-20/node:00128867/kt:0/lname:/"
}
