{
    "date": "2025/08/04",
    "name": "三井(相模原市緑区)",
    "position": "-",
    "system": "橋09",
    "destinations": [
        "峯の薬師入口",
        "上中沢",
        "中沢(相模原市緑区)",
        "三本松(相模原市緑区)",
        "城山(相模原市緑区)",
        "城山高校前",
        "都井沢",
        "谷ヶ原",
        "久保沢",
        "城山総合事務所入口",
        "原宿(相模原市緑区)",
        "東原宿",
        "森の上",
        "二本松(相模原市緑区)",
        "相原中央",
        "相原台",
        "大西(相模原市緑区)",
        "上町(相模原市緑区)",
        "香福寺前",
        "旭小学校前(相模原市緑区)",
        "旭農協前",
        "橋本駅北口"
    ],
    "weekday": [
        "6:11",
        "6:46",
        "8:24",
        "9:06",
        "11:56",
        "12:31",
        "15:01",
        "16:01",
        "17:21",
        "18:18",
        "20:51"
    ],
    "saturday": [
        "6:11",
        "6:46",
        "8:24",
        "9:06",
        "11:56",
        "12:31",
        "15:06",
        "16:01",
        "17:21",
        "18:18",
        "20:51"
    ],
    "holiday": [
        "6:11",
        "6:46",
        "8:24",
        "9:06",
        "11:56",
        "12:31",
        "15:06",
        "16:01",
        "17:21",
        "18:18",
        "20:51"
    ],
    "url": "https://www.kanachu.co.jp/dia/diagram/timetable01_js/course:0000801993-21/node:00128868/kt:0/lname:/"
}
