{
    "date": "2025/08/04",
    "name": "三本松(相模原市緑区)",
    "position": "-",
    "system": "橋09",
    "destinations": [
        "城山(相模原市緑区)",
        "城山高校前",
        "都井沢",
        "谷ヶ原",
        "久保沢",
        "城山総合事務所入口",
        "原宿(相模原市緑区)",
        "東原宿",
        "森の上",
        "二本松(相模原市緑区)",
        "相原中央",
        "相原台",
        "大西(相模原市緑区)",
        "上町(相模原市緑区)",
        "香福寺前",
        "旭小学校前(相模原市緑区)",
        "旭農協前",
        "橋本駅北口"
    ],
    "weekday": [
        "6:16",
        "6:51",
        "8:29",
        "9:11",
        "12:01",
        "12:36",
        "15:06",
        "16:06",
        "17:26",
        "18:23",
        "20:56"
    ],
    "saturday": [
        "6:16",
        "6:51",
        "8:29",
        "9:11",
        "12:01",
        "12:36",
        "15:11",
        "16:06",
        "17:26",
        "18:23",
        "20:56"
    ],
    "holiday": [
        "6:16",
        "6:51",
        "8:29",
        "9:11",
        "12:01",
        "12:36",
        "15:11",
        "16:06",
        "17:26",
        "18:23",
        "20:56"
    ],
    "url": "https://www.kanachu.co.jp/dia/diagram/timetable01_js/course:0000801993-25/node:00128871/kt:0/lname:/"
}
