{
    "date": "2025/08/04",
    "name": "久保沢",
    "position": "-",
    "system": "橋09",
    "destinations": [
        "城山総合事務所入口",
        "原宿(相模原市緑区)",
        "東原宿",
        "森の上",
        "二本松(相模原市緑区)",
        "相原中央",
        "相原台",
        "大西(相模原市緑区)",
        "上町(相模原市緑区)",
        "香福寺前",
        "旭小学校前(相模原市緑区)",
        "旭農協前",
        "橋本駅北口"
    ],
    "weekday": [
        "6:21",
        "6:57",
        "8:35",
        "9:17",
        "12:07",
        "12:42",
        "15:12",
        "16:12",
        "17:32",
        "18:29",
        "21:01"
    ],
    "saturday": [
        "6:21",
        "6:56",
        "8:34",
        "9:16",
        "12:07",
        "12:42",
        "15:17",
        "16:12",
        "17:32",
        "18:29",
        "21:01"
    ],
    "holiday": [
        "6:21",
        "6:56",
        "8:34",
        "9:16",
        "12:07",
        "12:42",
        "15:17",
        "16:12",
        "17:32",
        "18:29",
        "21:01"
    ],
    "url": "https://www.kanachu.co.jp/dia/diagram/timetable01_js/course:0000801993-30/node:00128959/kt:0/lname:/"
}
