{
    "date": "2025/08/04",
    "name": "大西(相模原市緑区)",
    "position": "-",
    "system": "橋09",
    "destinations": [
        "上町(相模原市緑区)",
        "香福寺前",
        "旭小学校前(相模原市緑区)",
        "旭農協前",
        "橋本駅北口"
    ],
    "weekday": [
        "6:30",
        "7:07",
        "8:45",
        "9:27",
        "12:17",
        "12:52",
        "15:22",
        "16:22",
        "17:42",
        "18:39",
        "21:09"
    ],
    "saturday": [
        "6:29",
        "7:04",
        "8:42",
        "9:24",
        "12:17",
        "12:52",
        "15:27",
        "16:22",
        "17:42",
        "18:37",
        "21:09"
    ],
    "holiday": [
        "6:29",
        "7:04",
        "8:42",
        "9:24",
        "12:17",
        "12:52",
        "15:27",
        "16:22",
        "17:42",
        "18:37",
        "21:09"
    ],
    "url": "https://www.kanachu.co.jp/dia/diagram/timetable01_js/course:0000801993-38/node:00128967/kt:0/lname:/"
}
