{
    "date": "2025/08/04",
    "name": "香福寺前",
    "position": "-",
    "system": "橋09",
    "destinations": [
        "旭小学校前(相模原市緑区)",
        "旭農協前",
        "橋本駅北口"
    ],
    "weekday": [
        "6:34",
        "7:14",
        "8:51",
        "9:33",
        "12:23",
        "12:58",
        "15:28",
        "16:28",
        "17:48",
        "18:45",
        "21:13"
    ],
    "saturday": [
        "6:33",
        "7:08",
        "8:46",
        "9:28",
        "12:23",
        "12:58",
        "15:34",
        "16:29",
        "17:49",
        "18:41",
        "21:13"
    ],
    "holiday": [
        "6:33",
        "7:08",
        "8:46",
        "9:28",
        "12:23",
        "12:58",
        "15:34",
        "16:29",
        "17:49",
        "18:41",
        "21:13"
    ],
    "url": "https://www.kanachu.co.jp/dia/diagram/timetable01_js/course:0000801993-40/node:00020335/kt:0/lname:/"
}
