{
    "date": "2025/08/04",
    "name": "旭農協前",
    "position": "-",
    "system": "橋09",
    "destinations": [
        "橋本駅北口"
    ],
    "weekday": [
        "6:36",
        "7:17",
        "8:53",
        "9:35",
        "12:25",
        "13:00",
        "15:30",
        "16:30",
        "17:50",
        "18:47",
        "21:16"
    ],
    "saturday": [
        "6:35",
        "7:10",
        "8:48",
        "9:30",
        "12:26",
        "13:01",
        "15:36",
        "16:31",
        "17:51",
        "18:43",
        "21:15"
    ],
    "holiday": [
        "6:35",
        "7:10",
        "8:48",
        "9:30",
        "12:26",
        "13:01",
        "15:36",
        "16:31",
        "17:51",
        "18:43",
        "21:15"
    ],
    "url": "https://www.kanachu.co.jp/dia/diagram/timetable01_js/course:0000801993-42/node:00020098/kt:0/lname:/"
}
