{
    "date": "2025/08/30",
    "name": "舞岡",
    "position": "-",
    "system": "舞01",
    "destinations": [
        "リサーチパーク入口",
        "舞岡地区センター前",
        "スポーツ公園前",
        "日限山",
        "丸山台中学校前",
        "丸山台(横浜市港南区)",
        "上永谷駅"
    ],
    "weekday": [
        "5:27",
        "5:57",
        "6:11",
        "6:39",
        "7:14"
    ],
    "saturday": [
        "6:15",
        "7:18"
    ],
    "holiday": [
        "6:07",
        "7:05"
    ],
    "url": "https://www.kanachu.co.jp/dia/diagram/timetable01_js/course:0000800662-1/node:00126646/kt:0/lname:/"
}
