{
    "date": "2025/04/01",
    "name": "森野三丁目",
    "position": "-",
    "system": "町27",
    "destinations": [
        "第四小学校前(町田市)",
        "町田市役所市民ホール前",
        "町田バスセンター"
    ],
    "weekday": [
        "6:33",
        "7:03",
        "7:26",
        "7:43",
        "8:03",
        "8:26",
        "21:24",
        "22:14"
    ],
    "saturday": [
        "6:33",
        "7:33",
        "8:23",
        "20:56"
    ],
    "holiday": [
        "7:19",
        "7:33",
        "8:27",
        "20:48"
    ],
    "url": "https://www.kanachu.co.jp/dia/diagram/timetable01_js/course:0000803178-21/node:00129358/kt:0/lname:/"
}
