{
    "date": "2024/09/02",
    "name": "立場ターミナル",
    "position": "-",
    "system": "戸60",
    "destinations": [
        "西原(横浜市泉区)",
        "萩丸",
        "高砂苑前",
        "通信隊前",
        "住宅前(横浜市泉区)",
        "二軒家(横浜市戸塚区)",
        "中村三叉路",
        "宝寿院前",
        "五霊神社前",
        "横浜桜陽高校前",
        "細田(横浜市戸塚区)",
        "大坂台",
        "大坂下",
        "八坂神社前",
        "消防署前(横浜市戸塚区)",
        "戸塚駅西口",
        "戸塚バスセンター"
    ],
    "weekday": [
        "5:30",
        "5:52",
        "6:04",
        "6:16",
        "6:28",
        "6:36",
        "6:44",
        "6:52",
        "7:00",
        "7:07",
        "7:15",
        "7:22",
        "7:30",
        "7:37",
        "7:45",
        "7:55",
        "8:10",
        "8:25",
        "8:40",
        "8:55",
        "9:10",
        "9:25",
        "9:40",
        "9:55",
        "10:10",
        "10:30",
        "10:50",
        "11:10",
        "11:30",
        "11:50",
        "12:10",
        "12:30",
        "12:50",
        "13:10",
        "13:30",
        "13:50",
        "14:10",
        "14:30",
        "14:50",
        "15:10",
        "15:30",
        "15:40",
        "15:50",
        "16:05",
        "16:20",
        "16:35",
        "16:50",
        "17:10",
        "17:30",
        "17:50",
        "18:10",
        "18:30",
        "18:50",
        "19:20",
        "19:50",
        "20:30",
        "21:15",
        "22:00",
        "22:48"
    ],
    "saturday": [
        "5:33",
        "6:07",
        "6:40",
        "7:00",
        "7:20",
        "7:40",
        "8:00",
        "8:20",
        "8:40",
        "9:00",
        "9:20",
        "9:40",
        "10:00",
        "10:20",
        "10:40",
        "11:00",
        "11:20",
        "11:40",
        "12:00",
        "12:20",
        "12:40",
        "13:00",
        "13:20",
        "13:40",
        "14:00",
        "14:20",
        "14:40",
        "15:00",
        "15:20",
        "15:40",
        "16:00",
        "16:20",
        "16:40",
        "17:00",
        "17:20",
        "17:40",
        "18:00",
        "18:20",
        "18:40",
        "19:00",
        "19:30",
        "20:10",
        "20:50",
        "21:30"
    ],
    "holiday": [
        "5:33",
        "6:07",
        "6:40",
        "7:00",
        "7:20",
        "7:40",
        "8:00",
        "8:20",
        "8:40",
        "9:00",
        "9:20",
        "9:40",
        "10:00",
        "10:20",
        "10:40",
        "11:00",
        "11:20",
        "11:40",
        "12:00",
        "12:20",
        "12:40",
        "13:00",
        "13:20",
        "13:40",
        "14:00",
        "14:20",
        "14:40",
        "15:00",
        "15:20",
        "15:40",
        "16:00",
        "16:20",
        "16:40",
        "17:00",
        "17:20",
        "17:40",
        "18:00",
        "18:20",
        "18:40",
        "19:00",
        "19:30",
        "20:10",
        "20:50",
        "21:30"
    ],
    "url": "https://www.kanachu.co.jp/dia/diagram/timetable01_js/course:0000803584-1/node:00126783/kt:0/lname:/"
}
