{
    "date": "2024/09/02",
    "name": "萩丸",
    "position": "-",
    "system": "戸60",
    "destinations": [
        "高砂苑前",
        "通信隊前",
        "住宅前(横浜市泉区)",
        "二軒家(横浜市戸塚区)",
        "中村三叉路",
        "宝寿院前",
        "五霊神社前",
        "横浜桜陽高校前",
        "細田(横浜市戸塚区)",
        "大坂台",
        "大坂下",
        "八坂神社前",
        "消防署前(横浜市戸塚区)",
        "戸塚駅西口",
        "戸塚バスセンター"
    ],
    "weekday": [
        "5:32",
        "5:54",
        "6:06",
        "6:18",
        "6:30",
        "6:38",
        "6:46",
        "6:54",
        "7:02",
        "7:09",
        "7:17",
        "7:24",
        "7:32",
        "7:39",
        "7:47",
        "7:57",
        "8:12",
        "8:27",
        "8:42",
        "8:57",
        "9:12",
        "9:27",
        "9:42",
        "9:57",
        "10:12",
        "10:32",
        "10:52",
        "11:12",
        "11:32",
        "11:52",
        "12:12",
        "12:32",
        "12:52",
        "13:12",
        "13:32",
        "13:52",
        "14:12",
        "14:32",
        "14:52",
        "15:12",
        "15:32",
        "15:42",
        "15:52",
        "16:07",
        "16:22",
        "16:37",
        "16:52",
        "17:12",
        "17:32",
        "17:52",
        "18:12",
        "18:32",
        "18:52",
        "19:22",
        "19:52",
        "20:32",
        "21:17",
        "22:02",
        "22:50"
    ],
    "saturday": [
        "5:35",
        "6:09",
        "6:42",
        "7:02",
        "7:22",
        "7:42",
        "8:02",
        "8:22",
        "8:42",
        "9:02",
        "9:22",
        "9:42",
        "10:02",
        "10:22",
        "10:42",
        "11:02",
        "11:22",
        "11:42",
        "12:02",
        "12:22",
        "12:42",
        "13:02",
        "13:22",
        "13:42",
        "14:02",
        "14:22",
        "14:42",
        "15:02",
        "15:22",
        "15:42",
        "16:02",
        "16:22",
        "16:42",
        "17:02",
        "17:22",
        "17:42",
        "18:02",
        "18:22",
        "18:42",
        "19:02",
        "19:32",
        "20:12",
        "20:52",
        "21:32"
    ],
    "holiday": [
        "5:35",
        "6:09",
        "6:42",
        "7:02",
        "7:22",
        "7:42",
        "8:02",
        "8:22",
        "8:42",
        "9:02",
        "9:22",
        "9:42",
        "10:02",
        "10:22",
        "10:42",
        "11:02",
        "11:22",
        "11:42",
        "12:02",
        "12:22",
        "12:42",
        "13:02",
        "13:22",
        "13:42",
        "14:02",
        "14:22",
        "14:42",
        "15:02",
        "15:22",
        "15:42",
        "16:02",
        "16:22",
        "16:42",
        "17:02",
        "17:22",
        "17:42",
        "18:02",
        "18:22",
        "18:42",
        "19:02",
        "19:32",
        "20:12",
        "20:52",
        "21:32"
    ],
    "url": "https://www.kanachu.co.jp/dia/diagram/timetable01_js/course:0000803584-3/node:00126834/kt:0/lname:/"
}
