{
    "date": "2024/09/02",
    "name": "住宅前(横浜市泉区)",
    "position": "-",
    "system": "戸60",
    "destinations": [
        "二軒家(横浜市戸塚区)",
        "中村三叉路",
        "宝寿院前",
        "五霊神社前",
        "横浜桜陽高校前",
        "細田(横浜市戸塚区)",
        "大坂台",
        "大坂下",
        "八坂神社前",
        "消防署前(横浜市戸塚区)",
        "戸塚駅西口",
        "戸塚バスセンター"
    ],
    "weekday": [
        "5:36",
        "5:58",
        "6:10",
        "6:22",
        "6:34",
        "6:42",
        "6:50",
        "6:58",
        "7:06",
        "7:13",
        "7:21",
        "7:28",
        "7:36",
        "7:43",
        "7:51",
        "8:01",
        "8:16",
        "8:31",
        "8:46",
        "9:01",
        "9:16",
        "9:31",
        "9:46",
        "10:01",
        "10:16",
        "10:36",
        "10:56",
        "11:16",
        "11:36",
        "11:56",
        "12:16",
        "12:36",
        "12:56",
        "13:16",
        "13:36",
        "13:56",
        "14:16",
        "14:36",
        "14:56",
        "15:16",
        "15:36",
        "15:46",
        "15:56",
        "16:11",
        "16:26",
        "16:41",
        "16:56",
        "17:16",
        "17:36",
        "17:56",
        "18:16",
        "18:36",
        "18:56",
        "19:26",
        "19:56",
        "20:36",
        "21:21",
        "22:06",
        "22:54"
    ],
    "saturday": [
        "5:39",
        "6:13",
        "6:46",
        "7:06",
        "7:26",
        "7:46",
        "8:06",
        "8:26",
        "8:46",
        "9:06",
        "9:26",
        "9:46",
        "10:06",
        "10:26",
        "10:46",
        "11:06",
        "11:26",
        "11:46",
        "12:06",
        "12:26",
        "12:46",
        "13:06",
        "13:26",
        "13:46",
        "14:06",
        "14:26",
        "14:46",
        "15:06",
        "15:26",
        "15:46",
        "16:06",
        "16:26",
        "16:46",
        "17:06",
        "17:26",
        "17:46",
        "18:06",
        "18:26",
        "18:46",
        "19:06",
        "19:36",
        "20:16",
        "20:56",
        "21:36"
    ],
    "holiday": [
        "5:39",
        "6:13",
        "6:46",
        "7:06",
        "7:26",
        "7:46",
        "8:06",
        "8:26",
        "8:46",
        "9:06",
        "9:26",
        "9:46",
        "10:06",
        "10:26",
        "10:46",
        "11:06",
        "11:26",
        "11:46",
        "12:06",
        "12:26",
        "12:46",
        "13:06",
        "13:26",
        "13:46",
        "14:06",
        "14:26",
        "14:46",
        "15:06",
        "15:26",
        "15:46",
        "16:06",
        "16:26",
        "16:46",
        "17:06",
        "17:26",
        "17:46",
        "18:06",
        "18:26",
        "18:46",
        "19:06",
        "19:36",
        "20:16",
        "20:56",
        "21:36"
    ],
    "url": "https://www.kanachu.co.jp/dia/diagram/timetable01_js/course:0000803584-6/node:00126831/kt:0/lname:/"
}
