{
    "date": "2024/09/02",
    "name": "中村三叉路",
    "position": "-",
    "system": "戸60",
    "destinations": [
        "宝寿院前",
        "五霊神社前",
        "横浜桜陽高校前",
        "細田(横浜市戸塚区)",
        "大坂台",
        "大坂下",
        "八坂神社前",
        "消防署前(横浜市戸塚区)",
        "戸塚駅西口",
        "戸塚バスセンター"
    ],
    "weekday": [
        "5:38",
        "6:00",
        "6:12",
        "6:24",
        "6:36",
        "6:44",
        "6:52",
        "7:00",
        "7:08",
        "7:15",
        "7:23",
        "7:30",
        "7:38",
        "7:45",
        "7:53",
        "8:03",
        "8:18",
        "8:33",
        "8:48",
        "9:03",
        "9:18",
        "9:33",
        "9:48",
        "10:03",
        "10:18",
        "10:38",
        "10:58",
        "11:18",
        "11:38",
        "11:58",
        "12:18",
        "12:38",
        "12:58",
        "13:18",
        "13:38",
        "13:58",
        "14:18",
        "14:38",
        "14:58",
        "15:18",
        "15:38",
        "15:48",
        "15:58",
        "16:13",
        "16:28",
        "16:43",
        "16:58",
        "17:18",
        "17:38",
        "17:58",
        "18:18",
        "18:38",
        "18:58",
        "19:28",
        "19:58",
        "20:38",
        "21:23",
        "22:08",
        "22:56"
    ],
    "saturday": [
        "5:41",
        "6:15",
        "6:48",
        "7:08",
        "7:28",
        "7:48",
        "8:08",
        "8:28",
        "8:48",
        "9:08",
        "9:28",
        "9:48",
        "10:08",
        "10:28",
        "10:48",
        "11:08",
        "11:28",
        "11:48",
        "12:08",
        "12:28",
        "12:48",
        "13:08",
        "13:28",
        "13:48",
        "14:08",
        "14:28",
        "14:48",
        "15:08",
        "15:28",
        "15:48",
        "16:08",
        "16:28",
        "16:48",
        "17:08",
        "17:28",
        "17:48",
        "18:08",
        "18:28",
        "18:48",
        "19:08",
        "19:38",
        "20:18",
        "20:58",
        "21:38"
    ],
    "holiday": [
        "5:41",
        "6:15",
        "6:48",
        "7:08",
        "7:28",
        "7:48",
        "8:08",
        "8:28",
        "8:48",
        "9:08",
        "9:28",
        "9:48",
        "10:08",
        "10:28",
        "10:48",
        "11:08",
        "11:28",
        "11:48",
        "12:08",
        "12:28",
        "12:48",
        "13:08",
        "13:28",
        "13:48",
        "14:08",
        "14:28",
        "14:48",
        "15:08",
        "15:28",
        "15:48",
        "16:08",
        "16:28",
        "16:48",
        "17:08",
        "17:28",
        "17:48",
        "18:08",
        "18:28",
        "18:48",
        "19:08",
        "19:38",
        "20:18",
        "20:58",
        "21:38"
    ],
    "url": "https://www.kanachu.co.jp/dia/diagram/timetable01_js/course:0000803584-8/node:00126829/kt:0/lname:/"
}
