{
    "date": "2024/09/02",
    "name": "五霊神社前",
    "position": "-",
    "system": "戸60",
    "destinations": [
        "横浜桜陽高校前",
        "細田(横浜市戸塚区)",
        "大坂台",
        "大坂下",
        "八坂神社前",
        "消防署前(横浜市戸塚区)",
        "戸塚駅西口",
        "戸塚バスセンター"
    ],
    "weekday": [
        "5:41",
        "6:03",
        "6:15",
        "6:27",
        "6:39",
        "6:47",
        "6:55",
        "7:03",
        "7:11",
        "7:18",
        "7:26",
        "7:33",
        "7:41",
        "7:48",
        "7:56",
        "8:06",
        "8:21",
        "8:36",
        "8:51",
        "9:06",
        "9:21",
        "9:36",
        "9:51",
        "10:06",
        "10:21",
        "10:41",
        "11:01",
        "11:21",
        "11:41",
        "12:01",
        "12:21",
        "12:41",
        "13:01",
        "13:21",
        "13:41",
        "14:01",
        "14:21",
        "14:41",
        "15:01",
        "15:21",
        "15:41",
        "15:51",
        "16:01",
        "16:16",
        "16:31",
        "16:46",
        "17:01",
        "17:21",
        "17:41",
        "18:01",
        "18:21",
        "18:41",
        "19:01",
        "19:31",
        "20:01",
        "20:41",
        "21:26",
        "22:11",
        "22:59"
    ],
    "saturday": [
        "5:44",
        "6:18",
        "6:51",
        "7:11",
        "7:31",
        "7:51",
        "8:11",
        "8:31",
        "8:51",
        "9:11",
        "9:31",
        "9:51",
        "10:11",
        "10:31",
        "10:51",
        "11:11",
        "11:31",
        "11:51",
        "12:11",
        "12:31",
        "12:51",
        "13:11",
        "13:31",
        "13:51",
        "14:11",
        "14:31",
        "14:51",
        "15:11",
        "15:31",
        "15:51",
        "16:11",
        "16:31",
        "16:51",
        "17:11",
        "17:31",
        "17:51",
        "18:11",
        "18:31",
        "18:51",
        "19:11",
        "19:41",
        "20:21",
        "21:01",
        "21:41"
    ],
    "holiday": [
        "5:44",
        "6:18",
        "6:51",
        "7:11",
        "7:31",
        "7:51",
        "8:11",
        "8:31",
        "8:51",
        "9:11",
        "9:31",
        "9:51",
        "10:11",
        "10:31",
        "10:51",
        "11:11",
        "11:31",
        "11:51",
        "12:11",
        "12:31",
        "12:51",
        "13:11",
        "13:31",
        "13:51",
        "14:11",
        "14:31",
        "14:51",
        "15:11",
        "15:31",
        "15:51",
        "16:11",
        "16:31",
        "16:51",
        "17:11",
        "17:31",
        "17:51",
        "18:11",
        "18:31",
        "18:51",
        "19:11",
        "19:41",
        "20:21",
        "21:01",
        "21:41"
    ],
    "url": "https://www.kanachu.co.jp/dia/diagram/timetable01_js/course:0000803584-10/node:00126827/kt:0/lname:/"
}
