{
    "date": "2024/09/02",
    "name": "消防署前(横浜市戸塚区)",
    "position": "-",
    "system": "戸60",
    "destinations": [
        "戸塚駅西口",
        "戸塚バスセンター"
    ],
    "weekday": [
        "5:47",
        "6:09",
        "6:21",
        "6:33",
        "6:45",
        "6:53",
        "7:01",
        "7:09",
        "7:17",
        "7:24",
        "7:32",
        "7:39",
        "7:47",
        "7:54",
        "8:02",
        "8:12",
        "8:27",
        "8:42",
        "8:57",
        "9:12",
        "9:27",
        "9:42",
        "9:57",
        "10:12",
        "10:27",
        "10:47",
        "11:07",
        "11:27",
        "11:47",
        "12:07",
        "12:27",
        "12:47",
        "13:07",
        "13:27",
        "13:47",
        "14:07",
        "14:27",
        "14:47",
        "15:07",
        "15:27",
        "15:47",
        "15:57",
        "16:07",
        "16:22",
        "16:37",
        "16:52",
        "17:07",
        "17:27",
        "17:47",
        "18:07",
        "18:27",
        "18:47",
        "19:07",
        "19:37",
        "20:07",
        "20:47",
        "21:32",
        "22:17",
        "23:05"
    ],
    "saturday": [
        "5:50",
        "6:24",
        "6:57",
        "7:17",
        "7:37",
        "7:57",
        "8:17",
        "8:37",
        "8:57",
        "9:17",
        "9:37",
        "9:57",
        "10:17",
        "10:37",
        "10:57",
        "11:17",
        "11:37",
        "11:57",
        "12:17",
        "12:37",
        "12:57",
        "13:17",
        "13:37",
        "13:57",
        "14:17",
        "14:37",
        "14:57",
        "15:17",
        "15:37",
        "15:57",
        "16:17",
        "16:37",
        "16:57",
        "17:17",
        "17:37",
        "17:57",
        "18:17",
        "18:37",
        "18:57",
        "19:17",
        "19:47",
        "20:27",
        "21:07",
        "21:47"
    ],
    "holiday": [
        "5:50",
        "6:24",
        "6:57",
        "7:17",
        "7:37",
        "7:57",
        "8:17",
        "8:37",
        "8:57",
        "9:17",
        "9:37",
        "9:57",
        "10:17",
        "10:37",
        "10:57",
        "11:17",
        "11:37",
        "11:57",
        "12:17",
        "12:37",
        "12:57",
        "13:17",
        "13:37",
        "13:57",
        "14:17",
        "14:37",
        "14:57",
        "15:17",
        "15:37",
        "15:57",
        "16:17",
        "16:37",
        "16:57",
        "17:17",
        "17:37",
        "17:57",
        "18:17",
        "18:37",
        "18:57",
        "19:17",
        "19:47",
        "20:27",
        "21:07",
        "21:47"
    ],
    "url": "https://www.kanachu.co.jp/dia/diagram/timetable01_js/course:0000803584-16/node:00126809/kt:0/lname:/"
}
