{
    "system": "戸60",
    "busstops": [
        {
            "index": "1",
            "id": "00126783",
            "name": "立場ターミナル",
            "lat": "35.414201",
            "lng": "139.500606"
        },
        {
            "index": "2",
            "id": "00126835",
            "name": "西原(横浜市泉区)",
            "lat": "35.410044",
            "lng": "139.500479"
        },
        {
            "index": "3",
            "id": "00126834",
            "name": "萩丸",
            "lat": "35.406948",
            "lng": "139.500881"
        },
        {
            "index": "4",
            "id": "00126833",
            "name": "高砂苑前",
            "lat": "35.401864",
            "lng": "139.501816"
        },
        {
            "index": "5",
            "id": "00126832",
            "name": "通信隊前",
            "lat": "35.398008",
            "lng": "139.504019"
        },
        {
            "index": "6",
            "id": "00126831",
            "name": "住宅前(横浜市泉区)",
            "lat": "35.395551",
            "lng": "139.505212"
        },
        {
            "index": "7",
            "id": "00126830",
            "name": "二軒家(横浜市戸塚区)",
            "lat": "35.392598",
            "lng": "139.506083"
        },
        {
            "index": "8",
            "id": "00126829",
            "name": "中村三叉路",
            "lat": "35.391177",
            "lng": "139.510056"
        },
        {
            "index": "9",
            "id": "00126828",
            "name": "宝寿院前",
            "lat": "35.391045",
            "lng": "139.513766"
        },
        {
            "index": "10",
            "id": "00126827",
            "name": "五霊神社前",
            "lat": "35.392806",
            "lng": "139.516317"
        },
        {
            "index": "11",
            "id": "00126826",
            "name": "横浜桜陽高校前",
            "lat": "35.392615",
            "lng": "139.518315"
        },
        {
            "index": "12",
            "id": "00126825",
            "name": "細田(横浜市戸塚区)",
            "lat": "35.392166",
            "lng": "139.520503"
        },
        {
            "index": "13",
            "id": "00126812",
            "name": "大坂台",
            "lat": "35.391799",
            "lng": "139.523848"
        },
        {
            "index": "14",
            "id": "00126811",
            "name": "大坂下",
            "lat": "35.392987",
            "lng": "139.527131"
        },
        {
            "index": "15",
            "id": "00126810",
            "name": "八坂神社前",
            "lat": "35.395315",
            "lng": "139.529981"
        },
        {
            "index": "16",
            "id": "00126809",
            "name": "消防署前(横浜市戸塚区)",
            "lat": "35.396715",
            "lng": "139.530481"
        },
        {
            "index": "17",
            "id": "00126969",
            "name": "戸塚駅西口",
            "lat": "35.401068",
            "lng": "139.533508"
        },
        {
            "index": "18",
            "id": "00126775",
            "name": "戸塚バスセンター",
            "lat": "35.400571",
            "lng": "139.532128"
        }
    ],
    "route_url": "https://www.kanachu.co.jp/dia/route/index/cid:0000803584/"
}
