{
    "date": "2024/04/01",
    "name": "ふじみ園前",
    "position": "-",
    "system": "平52",
    "destinations": [
        "前鳥神社前",
        "大念寺前",
        "四ノ宮(平塚市)",
        "泉蔵院前",
        "古河電工入口",
        "八幡公民館入口",
        "八幡(平塚市)",
        "八幡入口",
        "コンフォール平塚前",
        "市役所前(平塚市)",
        "四ツ角(平塚市)",
        "平塚駅北口"
    ],
    "weekday": [
        "6:10",
        "6:34",
        "7:10",
        "7:34",
        "8:14",
        "8:46",
        "9:26",
        "10:14",
        "10:44",
        "11:14",
        "11:44",
        "12:14",
        "12:44",
        "13:14",
        "13:44",
        "14:26",
        "14:50",
        "15:26",
        "15:50",
        "16:26",
        "16:50",
        "17:29",
        "17:59"
    ],
    "saturday": [
        "6:31",
        "7:36",
        "8:36",
        "9:36",
        "10:36",
        "11:36",
        "12:36",
        "13:36",
        "14:36",
        "15:36",
        "16:36",
        "17:36",
        "18:36",
        "19:36"
    ],
    "holiday": [
        "6:31",
        "7:36",
        "8:36",
        "9:36",
        "10:36",
        "11:36",
        "12:36",
        "13:36",
        "14:36",
        "15:36",
        "16:36",
        "17:36",
        "18:36",
        "19:36"
    ],
    "url": "https://www.kanachu.co.jp/dia/diagram/timetable01_js/course:0000800838-5/node:00127650/kt:0/lname:/"
}
