{
    "date": "2024/04/01",
    "name": "前鳥神社前",
    "position": "-",
    "system": "平52",
    "destinations": [
        "大念寺前",
        "四ノ宮(平塚市)",
        "泉蔵院前",
        "古河電工入口",
        "八幡公民館入口",
        "八幡(平塚市)",
        "八幡入口",
        "コンフォール平塚前",
        "市役所前(平塚市)",
        "四ツ角(平塚市)",
        "平塚駅北口"
    ],
    "weekday": [
        "6:11",
        "6:35",
        "7:11",
        "7:35",
        "8:15",
        "8:47",
        "9:27",
        "10:15",
        "10:45",
        "11:15",
        "11:45",
        "12:15",
        "12:45",
        "13:15",
        "13:45",
        "14:27",
        "14:51",
        "15:27",
        "15:51",
        "16:27",
        "16:51",
        "17:30",
        "18:00"
    ],
    "saturday": [
        "6:32",
        "7:37",
        "8:37",
        "9:37",
        "10:37",
        "11:37",
        "12:37",
        "13:37",
        "14:37",
        "15:37",
        "16:37",
        "17:37",
        "18:37",
        "19:37"
    ],
    "holiday": [
        "6:32",
        "7:37",
        "8:37",
        "9:37",
        "10:37",
        "11:37",
        "12:37",
        "13:37",
        "14:37",
        "15:37",
        "16:37",
        "17:37",
        "18:37",
        "19:37"
    ],
    "url": "https://www.kanachu.co.jp/dia/diagram/timetable01_js/course:0000800838-6/node:00127658/kt:0/lname:/"
}
