{
    "date": "2024/04/01",
    "name": "コンフォール平塚前",
    "position": "-",
    "system": "平52",
    "destinations": [
        "市役所前(平塚市)",
        "四ツ角(平塚市)",
        "平塚駅北口"
    ],
    "weekday": [
        "6:20",
        "6:44",
        "7:20",
        "7:44",
        "8:24",
        "8:56",
        "9:36",
        "10:24",
        "10:54",
        "11:24",
        "11:54",
        "12:24",
        "12:54",
        "13:24",
        "13:54",
        "14:36",
        "15:00",
        "15:36",
        "16:00",
        "16:36",
        "17:00",
        "17:39",
        "18:09"
    ],
    "saturday": [
        "6:39",
        "7:46",
        "8:46",
        "9:46",
        "10:46",
        "11:46",
        "12:46",
        "13:46",
        "14:46",
        "15:46",
        "16:46",
        "17:46",
        "18:46",
        "19:44"
    ],
    "holiday": [
        "6:39",
        "7:46",
        "8:46",
        "9:46",
        "10:46",
        "11:46",
        "12:46",
        "13:46",
        "14:46",
        "15:46",
        "16:46",
        "17:46",
        "18:46",
        "19:44"
    ],
    "url": "https://www.kanachu.co.jp/dia/diagram/timetable01_js/course:0000800838-14/node:00127644/kt:0/lname:/"
}
