{
    "date": "2024/04/01",
    "name": "四ツ角(平塚市)",
    "position": "-",
    "system": "平52",
    "destinations": [
        "平塚駅北口"
    ],
    "weekday": [
        "6:23",
        "6:47",
        "7:23",
        "7:47",
        "8:27",
        "8:59",
        "9:39",
        "10:27",
        "10:57",
        "11:27",
        "11:57",
        "12:27",
        "12:57",
        "13:27",
        "13:57",
        "14:39",
        "15:03",
        "15:39",
        "16:03",
        "16:39",
        "17:03",
        "17:42",
        "18:12"
    ],
    "saturday": [
        "6:42",
        "7:49",
        "8:49",
        "9:49",
        "10:49",
        "11:49",
        "12:49",
        "13:49",
        "14:49",
        "15:49",
        "16:49",
        "17:49",
        "18:49",
        "19:47"
    ],
    "holiday": [
        "6:42",
        "7:49",
        "8:49",
        "9:49",
        "10:49",
        "11:49",
        "12:49",
        "13:49",
        "14:49",
        "15:49",
        "16:49",
        "17:49",
        "18:49",
        "19:47"
    ],
    "url": "https://www.kanachu.co.jp/dia/diagram/timetable01_js/course:0000800838-16/node:00127190/kt:0/lname:/"
}
