{
    "date": "2015/01/13",
    "name": "引地橋",
    "position": "-",
    "system": "藤38",
    "destinations": [
        "一中入口(藤沢市)",
        "湘南高校前",
        "台町(藤沢市)",
        "本町消防出張所前",
        "藤沢公民館前",
        "遊行寺前",
        "遊行通り四丁目",
        "藤沢駅北口"
    ],
    "weekday": [
        "12:32",
        "15:17",
        "15:47"
    ],
    "saturday": [],
    "holiday": [],
    "url": "https://www.kanachu.co.jp/dia/diagram/timetable01_js/course:0000802035-3/node:00127052/kt:0/lname:/"
}
