{
    "system": "藤38",
    "busstops": [
        {
            "index": "1",
            "id": "00127100",
            "name": "老人センター(藤沢市)",
            "lat": "35.354051",
            "lng": "139.461738"
        },
        {
            "index": "2",
            "id": "00127099",
            "name": "観音坂下",
            "lat": "35.351988",
            "lng": "139.461839"
        },
        {
            "index": "3",
            "id": "00127052",
            "name": "引地橋",
            "lat": "35.347519",
            "lng": "139.467788"
        },
        {
            "index": "4",
            "id": "00127051",
            "name": "一中入口(藤沢市)",
            "lat": "35.347202",
            "lng": "139.469854"
        },
        {
            "index": "5",
            "id": "00127050",
            "name": "湘南高校前",
            "lat": "35.346677",
            "lng": "139.4731"
        },
        {
            "index": "6",
            "id": "00127049",
            "name": "台町(藤沢市)",
            "lat": "35.347419",
            "lng": "139.476887"
        },
        {
            "index": "7",
            "id": "00127011",
            "name": "本町消防出張所前",
            "lat": "35.347902",
            "lng": "139.481537"
        },
        {
            "index": "8",
            "id": "00127010",
            "name": "藤沢公民館前",
            "lat": "35.347449",
            "lng": "139.483566"
        },
        {
            "index": "9",
            "id": "00127009",
            "name": "遊行寺前",
            "lat": "35.346401",
            "lng": "139.486098"
        },
        {
            "index": "10",
            "id": "00127019",
            "name": "遊行通り四丁目",
            "lat": "35.342114",
            "lng": "139.488784"
        },
        {
            "index": "11",
            "id": "00126970",
            "name": "藤沢駅北口",
            "lat": "35.339374",
            "lng": "139.488059"
        }
    ],
    "route_url": "https://www.kanachu.co.jp/dia/route/index/cid:0000802035/"
}
