{
    "system": "",
    "busstops": [
        {
            "index": "1",
            "id": "00102858",
            "name": "長津田駅入口",
            "lat": "35.529528",
            "lng": "139.496554"
        },
        {
            "index": "2",
            "id": "00102333",
            "name": "御前田橋",
            "lat": "35.52671",
            "lng": "139.498139"
        },
        {
            "index": "3",
            "id": "00102680",
            "name": "センター前(横浜市緑区)",
            "lat": "35.523839",
            "lng": "139.498595"
        },
        {
            "index": "4",
            "id": "00102481",
            "name": "玄海田",
            "lat": "35.520826",
            "lng": "139.49768"
        },
        {
            "index": "5",
            "id": "00102521",
            "name": "公園前(横浜市緑区)",
            "lat": "35.517981",
            "lng": "139.497082"
        },
        {
            "index": "6",
            "id": "00102439",
            "name": "霧ヶ谷",
            "lat": "35.513961",
            "lng": "139.500663"
        },
        {
            "index": "7",
            "id": "00102438",
            "name": "霧が丘公園前",
            "lat": "35.512104",
            "lng": "139.501099"
        },
        {
            "index": "8",
            "id": "00019298",
            "name": "霧が丘高校前",
            "lat": "35.5085",
            "lng": "139.503095"
        },
        {
            "index": "9",
            "id": "00103267",
            "name": "若葉台中学校前",
            "lat": "35.506437",
            "lng": "139.503254"
        },
        {
            "index": "10",
            "id": "00103263",
            "name": "若葉台近隣公園前",
            "lat": "35.502826",
            "lng": "139.50417"
        },
        {
            "index": "11",
            "id": "00103262",
            "name": "若葉台南",
            "lat": "35.501379",
            "lng": "139.497633"
        },
        {
            "index": "12",
            "id": "00102729",
            "name": "地区公園",
            "lat": "35.503465",
            "lng": "139.495888"
        },
        {
            "index": "13",
            "id": "00019296",
            "name": "若葉台中央(横浜市旭区)",
            "lat": "35.506416",
            "lng": "139.498962"
        }
    ],
    "route_url": "https://www.kanachu.co.jp/dia/route/index/cid:0000802209/"
}
