{
    "date": "2024/03/16",
    "name": "妻田",
    "position": "-",
    "system": "厚01",
    "destinations": [
        "中村入口(厚木市)",
        "妻田薬師",
        "松蓮寺",
        "糀屋前(厚木市)",
        "宿原入口",
        "荻野新宿",
        "子合",
        "桝割",
        "公所(厚木市)",
        "稲荷木",
        "鳶尾山前",
        "荻野神社入口",
        "東谷戸入口",
        "久保(厚木市)",
        "泉(厚木市)",
        "源氏河原",
        "相州病院",
        "新道橋(厚木市)",
        "上荻野",
        "上荻野車庫前",
        "平山坂上",
        "半僧坊前",
        "清雲寺入口",
        "細野橋",
        "原臼",
        "野外センター前",
        "馬場(愛甲郡愛川町)",
        "愛川大橋",
        "川北(愛甲郡愛川町)",
        "半原"
    ],
    "weekday": [
        "7:06",
        "7:37",
        "8:08",
        "8:50",
        "9:29"
    ],
    "saturday": [
        "7:31",
        "8:28",
        "9:26"
    ],
    "holiday": [
        "7:31",
        "8:28",
        "9:27"
    ],
    "url": "https://www.kanachu.co.jp/dia/diagram/timetable01_js/course:0000801700-8/node:00128262/kt:0/lname:/"
}
