{
    "date": "2024/03/16",
    "name": "東谷戸入口",
    "position": "-",
    "system": "厚01",
    "destinations": [
        "久保(厚木市)",
        "泉(厚木市)",
        "源氏河原",
        "相州病院",
        "新道橋(厚木市)",
        "上荻野",
        "上荻野車庫前",
        "平山坂上",
        "半僧坊前",
        "清雲寺入口",
        "細野橋",
        "原臼",
        "野外センター前",
        "馬場(愛甲郡愛川町)",
        "愛川大橋",
        "川北(愛甲郡愛川町)",
        "半原"
    ],
    "weekday": [
        "7:18",
        "7:51",
        "8:22",
        "9:04",
        "9:43"
    ],
    "saturday": [
        "7:44",
        "8:41",
        "9:40"
    ],
    "holiday": [
        "7:43",
        "8:40",
        "9:39"
    ],
    "url": "https://www.kanachu.co.jp/dia/diagram/timetable01_js/course:0000801700-21/node:00128275/kt:0/lname:/"
}
