{
    "date": "2024/03/16",
    "name": "平山坂上",
    "position": "-",
    "system": "厚01",
    "destinations": [
        "半僧坊前",
        "清雲寺入口",
        "細野橋",
        "原臼",
        "野外センター前",
        "馬場(愛甲郡愛川町)",
        "愛川大橋",
        "川北(愛甲郡愛川町)",
        "半原"
    ],
    "weekday": [
        "7:25",
        "7:58",
        "8:29",
        "9:11",
        "9:50"
    ],
    "saturday": [
        "7:51",
        "8:48",
        "9:47"
    ],
    "holiday": [
        "7:50",
        "8:47",
        "9:46"
    ],
    "url": "https://www.kanachu.co.jp/dia/diagram/timetable01_js/course:0000801700-29/node:00128283/kt:0/lname:/"
}
