{
    "date": "2024/03/16",
    "name": "半僧坊前",
    "position": "-",
    "system": "厚01",
    "destinations": [
        "清雲寺入口",
        "細野橋",
        "原臼",
        "野外センター前",
        "馬場(愛甲郡愛川町)",
        "愛川大橋",
        "川北(愛甲郡愛川町)",
        "半原"
    ],
    "weekday": [
        "7:26",
        "7:59",
        "8:30",
        "9:12",
        "9:51"
    ],
    "saturday": [
        "7:52",
        "8:49",
        "9:48"
    ],
    "holiday": [
        "7:51",
        "8:48",
        "9:47"
    ],
    "url": "https://www.kanachu.co.jp/dia/diagram/timetable01_js/course:0000801700-30/node:00128284/kt:0/lname:/"
}
