{
    "date": "2024/03/16",
    "name": "原臼",
    "position": "-",
    "system": "厚01",
    "destinations": [
        "野外センター前",
        "馬場(愛甲郡愛川町)",
        "愛川大橋",
        "川北(愛甲郡愛川町)",
        "半原"
    ],
    "weekday": [
        "7:31",
        "8:04",
        "8:35",
        "9:17",
        "9:56"
    ],
    "saturday": [
        "7:57",
        "8:54",
        "9:53"
    ],
    "holiday": [
        "7:56",
        "8:53",
        "9:52"
    ],
    "url": "https://www.kanachu.co.jp/dia/diagram/timetable01_js/course:0000801700-33/node:00128298/kt:0/lname:/"
}
