{
    "date": "2024/03/16",
    "name": "野外センター前",
    "position": "-",
    "system": "厚01",
    "destinations": [
        "馬場(愛甲郡愛川町)",
        "愛川大橋",
        "川北(愛甲郡愛川町)",
        "半原"
    ],
    "weekday": [
        "7:33",
        "8:06",
        "8:37",
        "9:19",
        "9:58"
    ],
    "saturday": [
        "7:59",
        "8:56",
        "9:55"
    ],
    "holiday": [
        "7:58",
        "8:55",
        "9:54"
    ],
    "url": "https://www.kanachu.co.jp/dia/diagram/timetable01_js/course:0000801700-34/node:00128299/kt:0/lname:/"
}
