{
    "system": "厚01",
    "busstops": [
        {
            "index": "1",
            "id": "00025684",
            "name": "本厚木駅",
            "lat": "35.440071",
            "lng": "139.364621"
        },
        {
            "index": "2",
            "id": "00128257",
            "name": "あつぎ大通り",
            "lat": "35.441369",
            "lng": "139.36256"
        },
        {
            "index": "3",
            "id": "00128396",
            "name": "市役所入口(厚木市)",
            "lat": "35.442448",
            "lng": "139.361188"
        },
        {
            "index": "4",
            "id": "00128258",
            "name": "税務署入口(厚木市)",
            "lat": "35.445973",
            "lng": "139.360977"
        },
        {
            "index": "5",
            "id": "00128259",
            "name": "市立病院前(厚木市)",
            "lat": "35.447355",
            "lng": "139.361113"
        },
        {
            "index": "6",
            "id": "00128260",
            "name": "木売場",
            "lat": "35.452035",
            "lng": "139.359907"
        },
        {
            "index": "7",
            "id": "00128261",
            "name": "三家入口(厚木市)",
            "lat": "35.454534",
            "lng": "139.359389"
        },
        {
            "index": "8",
            "id": "00128262",
            "name": "妻田",
            "lat": "35.458645",
            "lng": "139.358531"
        },
        {
            "index": "9",
            "id": "00128263",
            "name": "中村入口(厚木市)",
            "lat": "35.462786",
            "lng": "139.356957"
        },
        {
            "index": "10",
            "id": "00128264",
            "name": "妻田薬師",
            "lat": "35.465147",
            "lng": "139.355093"
        },
        {
            "index": "11",
            "id": "00128265",
            "name": "松蓮寺",
            "lat": "35.47008",
            "lng": "139.349143"
        },
        {
            "index": "12",
            "id": "00128266",
            "name": "糀屋前(厚木市)",
            "lat": "35.472803",
            "lng": "139.346584"
        },
        {
            "index": "13",
            "id": "00128267",
            "name": "宿原入口",
            "lat": "35.474776",
            "lng": "139.344669"
        },
        {
            "index": "14",
            "id": "00128268",
            "name": "荻野新宿",
            "lat": "35.477993",
            "lng": "139.341996"
        },
        {
            "index": "15",
            "id": "00128269",
            "name": "子合",
            "lat": "35.480889",
            "lng": "139.336654"
        },
        {
            "index": "16",
            "id": "00128270",
            "name": "桝割",
            "lat": "35.483574",
            "lng": "139.332412"
        },
        {
            "index": "17",
            "id": "00128271",
            "name": "公所(厚木市)",
            "lat": "35.484383",
            "lng": "139.330655"
        },
        {
            "index": "18",
            "id": "00128272",
            "name": "稲荷木",
            "lat": "35.486329",
            "lng": "139.326826"
        },
        {
            "index": "19",
            "id": "00128273",
            "name": "鳶尾山前",
            "lat": "35.488517",
            "lng": "139.324696"
        },
        {
            "index": "20",
            "id": "00128274",
            "name": "荻野神社入口",
            "lat": "35.491279",
            "lng": "139.322011"
        },
        {
            "index": "21",
            "id": "00128275",
            "name": "東谷戸入口",
            "lat": "35.493815",
            "lng": "139.318238"
        },
        {
            "index": "22",
            "id": "00128276",
            "name": "久保(厚木市)",
            "lat": "35.497056",
            "lng": "139.315008"
        },
        {
            "index": "23",
            "id": "00128277",
            "name": "泉(厚木市)",
            "lat": "35.500095",
            "lng": "139.312848"
        },
        {
            "index": "24",
            "id": "00128278",
            "name": "源氏河原",
            "lat": "35.504815",
            "lng": "139.309746"
        },
        {
            "index": "25",
            "id": "00128279",
            "name": "相州病院",
            "lat": "35.506023",
            "lng": "139.30893"
        },
        {
            "index": "26",
            "id": "00128280",
            "name": "新道橋(厚木市)",
            "lat": "35.508342",
            "lng": "139.306504"
        },
        {
            "index": "27",
            "id": "00128281",
            "name": "上荻野",
            "lat": "35.510463",
            "lng": "139.303228"
        },
        {
            "index": "28",
            "id": "00128282",
            "name": "上荻野車庫前",
            "lat": "35.512943",
            "lng": "139.300444"
        },
        {
            "index": "29",
            "id": "00128283",
            "name": "平山坂上",
            "lat": "35.516197",
            "lng": "139.296402"
        },
        {
            "index": "30",
            "id": "00128284",
            "name": "半僧坊前",
            "lat": "35.522007",
            "lng": "139.292082"
        },
        {
            "index": "31",
            "id": "00128296",
            "name": "清雲寺入口",
            "lat": "35.532553",
            "lng": "139.278964"
        },
        {
            "index": "32",
            "id": "00128297",
            "name": "細野橋",
            "lat": "35.532246",
            "lng": "139.275027"
        },
        {
            "index": "33",
            "id": "00128298",
            "name": "原臼",
            "lat": "35.536398",
            "lng": "139.271472"
        },
        {
            "index": "34",
            "id": "00128299",
            "name": "野外センター前",
            "lat": "35.540377",
            "lng": "139.267966"
        },
        {
            "index": "35",
            "id": "00128696",
            "name": "馬場(愛甲郡愛川町)",
            "lat": "35.540625",
            "lng": "139.264211"
        },
        {
            "index": "36",
            "id": "00128300",
            "name": "愛川大橋",
            "lat": "35.542686",
            "lng": "139.261873"
        },
        {
            "index": "37",
            "id": "00128301",
            "name": "川北(愛甲郡愛川町)",
            "lat": "35.545656",
            "lng": "139.263944"
        },
        {
            "index": "38",
            "id": "00128295",
            "name": "半原",
            "lat": "35.545328",
            "lng": "139.266545"
        }
    ],
    "route_url": "https://www.kanachu.co.jp/dia/route/index/cid:0000801700/"
}
