{
    "date": "2025/01/14",
    "name": "中津(愛甲郡愛川町)",
    "position": "-",
    "system": "海09",
    "destinations": [
        "局前(愛甲郡愛川町)",
        "一本松(愛甲郡愛川町)",
        "運輸支局入口(愛甲郡愛川町)",
        "桜台(愛甲郡愛川町)",
        "坂本入口",
        "六本松(厚木市)",
        "中荻原",
        "中平(厚木市)",
        "依知小学校前",
        "関口(厚木市)",
        "蓮生寺(厚木市)",
        "追分(厚木市)",
        "下依知入口",
        "金田神社前",
        "水道路(厚木市)",
        "今泉(海老名市)",
        "鶴松",
        "海老名駅西口"
    ],
    "weekday": [
        "5:22",
        "5:42",
        "6:07",
        "6:26",
        "6:55",
        "7:25",
        "7:57",
        "8:17",
        "9:12",
        "10:12",
        "11:12",
        "12:12",
        "13:12",
        "14:12",
        "15:12",
        "16:12",
        "17:15",
        "18:20",
        "19:19",
        "20:19"
    ],
    "saturday": [
        "5:42",
        "6:32",
        "7:32",
        "8:00",
        "8:32",
        "9:00",
        "9:32",
        "10:00",
        "10:32",
        "11:32",
        "12:32",
        "13:32",
        "14:32",
        "15:32",
        "16:32",
        "17:33",
        "18:32",
        "19:37"
    ],
    "holiday": [
        "6:32",
        "7:22",
        "8:32",
        "9:32",
        "10:32",
        "11:32",
        "12:32",
        "13:32",
        "14:32",
        "15:32",
        "16:32",
        "17:32",
        "18:32",
        "19:37"
    ],
    "url": "https://www.kanachu.co.jp/dia/diagram/timetable01_js/course:0000802151-5/node:00128324/kt:0/lname:/"
}
