{
    "date": "2025/01/14",
    "name": "桜台(愛甲郡愛川町)",
    "position": "-",
    "system": "海09",
    "destinations": [
        "坂本入口",
        "六本松(厚木市)",
        "中荻原",
        "中平(厚木市)",
        "依知小学校前",
        "関口(厚木市)",
        "蓮生寺(厚木市)",
        "追分(厚木市)",
        "下依知入口",
        "金田神社前",
        "水道路(厚木市)",
        "今泉(海老名市)",
        "鶴松",
        "海老名駅西口"
    ],
    "weekday": [
        "5:27",
        "5:47",
        "6:12",
        "6:31",
        "7:00",
        "7:30",
        "8:02",
        "8:22",
        "9:17",
        "10:17",
        "11:17",
        "12:17",
        "13:17",
        "14:17",
        "15:17",
        "16:17",
        "17:20",
        "18:25",
        "19:24",
        "20:24"
    ],
    "saturday": [
        "5:47",
        "6:37",
        "7:37",
        "8:05",
        "8:37",
        "9:05",
        "9:37",
        "10:05",
        "10:37",
        "11:37",
        "12:37",
        "13:37",
        "14:37",
        "15:37",
        "16:37",
        "17:38",
        "18:37",
        "19:42"
    ],
    "holiday": [
        "6:37",
        "7:27",
        "8:37",
        "9:37",
        "10:37",
        "11:37",
        "12:37",
        "13:37",
        "14:37",
        "15:37",
        "16:37",
        "17:37",
        "18:37",
        "19:42"
    ],
    "url": "https://www.kanachu.co.jp/dia/diagram/timetable01_js/course:0000802151-9/node:00128320/kt:0/lname:/"
}
