{
    "date": "2025/01/14",
    "name": "六本松(厚木市)",
    "position": "-",
    "system": "海09",
    "destinations": [
        "中荻原",
        "中平(厚木市)",
        "依知小学校前",
        "関口(厚木市)",
        "蓮生寺(厚木市)",
        "追分(厚木市)",
        "下依知入口",
        "金田神社前",
        "水道路(厚木市)",
        "今泉(海老名市)",
        "鶴松",
        "海老名駅西口"
    ],
    "weekday": [
        "5:30",
        "5:50",
        "6:15",
        "6:34",
        "7:03",
        "7:33",
        "8:06",
        "8:26",
        "9:20",
        "10:20",
        "11:20",
        "12:20",
        "13:20",
        "14:20",
        "15:20",
        "16:20",
        "17:24",
        "18:29",
        "19:27",
        "20:27"
    ],
    "saturday": [
        "5:50",
        "6:40",
        "7:40",
        "8:08",
        "8:40",
        "9:08",
        "9:40",
        "10:09",
        "10:41",
        "11:41",
        "12:41",
        "13:41",
        "14:41",
        "15:41",
        "16:41",
        "17:42",
        "18:39",
        "19:44"
    ],
    "holiday": [
        "6:40",
        "7:30",
        "8:40",
        "9:40",
        "10:41",
        "11:41",
        "12:41",
        "13:41",
        "14:41",
        "15:41",
        "16:41",
        "17:41",
        "18:39",
        "19:44"
    ],
    "url": "https://www.kanachu.co.jp/dia/diagram/timetable01_js/course:0000802151-11/node:00128363/kt:0/lname:/"
}
