{
    "date": "2025/01/14",
    "name": "中荻原",
    "position": "-",
    "system": "海09",
    "destinations": [
        "中平(厚木市)",
        "依知小学校前",
        "関口(厚木市)",
        "蓮生寺(厚木市)",
        "追分(厚木市)",
        "下依知入口",
        "金田神社前",
        "水道路(厚木市)",
        "今泉(海老名市)",
        "鶴松",
        "海老名駅西口"
    ],
    "weekday": [
        "5:31",
        "5:51",
        "6:16",
        "6:35",
        "7:04",
        "7:34",
        "8:07",
        "8:27",
        "9:21",
        "10:21",
        "11:21",
        "12:21",
        "13:21",
        "14:21",
        "15:21",
        "16:21",
        "17:25",
        "18:30",
        "19:28",
        "20:28"
    ],
    "saturday": [
        "5:51",
        "6:41",
        "7:41",
        "8:09",
        "8:41",
        "9:09",
        "9:41",
        "10:10",
        "10:42",
        "11:42",
        "12:42",
        "13:42",
        "14:42",
        "15:42",
        "16:42",
        "17:43",
        "18:40",
        "19:45"
    ],
    "holiday": [
        "6:41",
        "7:31",
        "8:41",
        "9:41",
        "10:42",
        "11:42",
        "12:42",
        "13:42",
        "14:42",
        "15:42",
        "16:42",
        "17:42",
        "18:40",
        "19:45"
    ],
    "url": "https://www.kanachu.co.jp/dia/diagram/timetable01_js/course:0000802151-12/node:00128362/kt:0/lname:/"
}
