{
    "date": "2025/01/14",
    "name": "追分(厚木市)",
    "position": "-",
    "system": "海09",
    "destinations": [
        "下依知入口",
        "金田神社前",
        "水道路(厚木市)",
        "今泉(海老名市)",
        "鶴松",
        "海老名駅西口"
    ],
    "weekday": [
        "5:39",
        "5:59",
        "6:24",
        "6:43",
        "7:14",
        "7:44",
        "8:18",
        "8:38",
        "9:31",
        "10:31",
        "11:31",
        "12:31",
        "13:31",
        "14:31",
        "15:31",
        "16:31",
        "17:37",
        "18:42",
        "19:37",
        "20:37"
    ],
    "saturday": [
        "5:59",
        "6:49",
        "7:49",
        "8:17",
        "8:49",
        "9:17",
        "9:49",
        "10:18",
        "10:50",
        "11:50",
        "12:50",
        "13:50",
        "14:50",
        "15:50",
        "16:50",
        "17:51",
        "18:47",
        "19:52"
    ],
    "holiday": [
        "6:48",
        "7:39",
        "8:49",
        "9:49",
        "10:50",
        "11:50",
        "12:50",
        "13:50",
        "14:50",
        "15:50",
        "16:50",
        "17:50",
        "18:48",
        "19:53"
    ],
    "url": "https://www.kanachu.co.jp/dia/diagram/timetable01_js/course:0000802151-17/node:00128350/kt:0/lname:/"
}
