{
    "date": "2025/01/14",
    "name": "下依知入口",
    "position": "-",
    "system": "海09",
    "destinations": [
        "金田神社前",
        "水道路(厚木市)",
        "今泉(海老名市)",
        "鶴松",
        "海老名駅西口"
    ],
    "weekday": [
        "5:40",
        "6:00",
        "6:25",
        "6:44",
        "7:16",
        "7:46",
        "8:20",
        "8:40",
        "9:33",
        "10:33",
        "11:33",
        "12:33",
        "13:33",
        "14:33",
        "15:33",
        "16:33",
        "17:39",
        "18:44",
        "19:38",
        "20:38"
    ],
    "saturday": [
        "6:00",
        "6:50",
        "7:50",
        "8:18",
        "8:50",
        "9:18",
        "9:50",
        "10:20",
        "10:52",
        "11:52",
        "12:52",
        "13:52",
        "14:52",
        "15:52",
        "16:52",
        "17:53",
        "18:48",
        "19:53"
    ],
    "holiday": [
        "6:49",
        "7:40",
        "8:50",
        "9:50",
        "10:51",
        "11:51",
        "12:51",
        "13:51",
        "14:51",
        "15:51",
        "16:51",
        "17:51",
        "18:49",
        "19:54"
    ],
    "url": "https://www.kanachu.co.jp/dia/diagram/timetable01_js/course:0000802151-18/node:00128349/kt:0/lname:/"
}
