{
    "date": "2025/01/14",
    "name": "金田神社前",
    "position": "-",
    "system": "海09",
    "destinations": [
        "水道路(厚木市)",
        "今泉(海老名市)",
        "鶴松",
        "海老名駅西口"
    ],
    "weekday": [
        "5:41",
        "6:01",
        "6:26",
        "6:45",
        "7:18",
        "7:48",
        "8:22",
        "8:42",
        "9:34",
        "10:34",
        "11:34",
        "12:34",
        "13:34",
        "14:34",
        "15:34",
        "16:34",
        "17:40",
        "18:45",
        "19:39",
        "20:39"
    ],
    "saturday": [
        "6:01",
        "6:51",
        "7:51",
        "8:19",
        "8:51",
        "9:19",
        "9:51",
        "10:21",
        "10:53",
        "11:53",
        "12:53",
        "13:53",
        "14:53",
        "15:53",
        "16:53",
        "17:54",
        "18:49",
        "19:54"
    ],
    "holiday": [
        "6:50",
        "7:41",
        "8:51",
        "9:51",
        "10:52",
        "11:52",
        "12:52",
        "13:52",
        "14:52",
        "15:52",
        "16:52",
        "17:52",
        "18:50",
        "19:55"
    ],
    "url": "https://www.kanachu.co.jp/dia/diagram/timetable01_js/course:0000802151-19/node:00128348/kt:0/lname:/"
}
