{
    "date": "2025/01/14",
    "name": "鶴松",
    "position": "-",
    "system": "海09",
    "destinations": [
        "海老名駅西口"
    ],
    "weekday": [
        "5:48",
        "6:08",
        "6:33",
        "6:52",
        "7:31",
        "8:01",
        "8:32",
        "8:52",
        "9:41",
        "10:41",
        "11:41",
        "12:41",
        "13:41",
        "14:41",
        "15:41",
        "16:41",
        "17:48",
        "18:53",
        "19:45",
        "20:45"
    ],
    "saturday": [
        "6:08",
        "6:58",
        "7:58",
        "8:26",
        "8:58",
        "9:26",
        "9:58",
        "10:28",
        "11:00",
        "12:00",
        "13:00",
        "14:00",
        "15:00",
        "16:00",
        "17:00",
        "18:02",
        "18:54",
        "19:59"
    ],
    "holiday": [
        "6:56",
        "7:47",
        "8:57",
        "9:57",
        "10:58",
        "11:58",
        "12:58",
        "13:58",
        "14:58",
        "15:58",
        "16:58",
        "17:58",
        "18:55",
        "20:00"
    ],
    "url": "https://www.kanachu.co.jp/dia/diagram/timetable01_js/course:0000802151-22/node:00128542/kt:0/lname:/"
}
