{
    "date": "2025/08/30",
    "name": "下永谷(横浜市港南区)",
    "position": "-",
    "system": "上20",
    "destinations": [
        "般若寺橋",
        "中永谷",
        "水田(横浜市港南区)",
        "日限地蔵入口",
        "上永谷中学校前",
        "島越",
        "上永谷住宅入口",
        "南高校前(横浜市港南区)",
        "月見ヶ丘団地前",
        "室ノ木(横浜市港南区)",
        "港南区総合庁舎前",
        "笹下港南中央通り",
        "関の下",
        "上大岡駅"
    ],
    "weekday": [
        "6:07",
        "6:27",
        "7:13",
        "7:37"
    ],
    "saturday": [
        "6:21",
        "6:51",
        "7:21"
    ],
    "holiday": [
        "6:41",
        "7:21"
    ],
    "url": "https://www.kanachu.co.jp/dia/diagram/timetable01_js/course:0000803862-1/node:00102596/kt:0/lname:/"
}
