{
    "date": "2025/08/30",
    "name": "水田(横浜市港南区)",
    "position": "-",
    "system": "上202",
    "destinations": [
        "日限地蔵入口",
        "上永谷中学校前",
        "島越",
        "上永谷住宅入口",
        "南高校前(横浜市港南区)",
        "月見ヶ丘団地前",
        "室ノ木(横浜市港南区)",
        "港南区総合庁舎前",
        "笹下港南中央通り",
        "関の下",
        "上大岡駅"
    ],
    "weekday": [
        "6:10",
        "6:30",
        "7:16",
        "7:41"
    ],
    "saturday": [
        "6:24",
        "6:54",
        "7:24"
    ],
    "holiday": [
        "6:44",
        "7:24"
    ],
    "url": "https://www.kanachu.co.jp/dia/diagram/timetable01_js/course:0000803862-4/node:00102646/kt:0/lname:/"
}
