{
    "date": "2025/08/30",
    "name": "島越",
    "position": "-",
    "system": "上202",
    "destinations": [
        "上永谷住宅入口",
        "南高校前(横浜市港南区)",
        "月見ヶ丘団地前",
        "室ノ木(横浜市港南区)",
        "港南区総合庁舎前",
        "笹下港南中央通り",
        "関の下",
        "上大岡駅"
    ],
    "weekday": [
        "6:14",
        "6:34",
        "7:20",
        "7:46"
    ],
    "saturday": [
        "6:28",
        "6:58",
        "7:28"
    ],
    "holiday": [
        "6:48",
        "7:28"
    ],
    "url": "https://www.kanachu.co.jp/dia/diagram/timetable01_js/course:0000803862-7/node:00126571/kt:0/lname:/"
}
