{
    "date": "2025/08/30",
    "name": "南高校前(横浜市港南区)",
    "position": "-",
    "system": "上20",
    "destinations": [
        "月見ヶ丘団地前",
        "室ノ木(横浜市港南区)",
        "港南区総合庁舎前",
        "笹下港南中央通り",
        "関の下",
        "上大岡駅"
    ],
    "weekday": [
        "6:16",
        "6:36",
        "7:22",
        "7:48"
    ],
    "saturday": [
        "6:30",
        "7:00",
        "7:30"
    ],
    "holiday": [
        "6:50",
        "7:30"
    ],
    "url": "https://www.kanachu.co.jp/dia/diagram/timetable01_js/course:0000803862-9/node:00113527/kt:0/lname:/"
}
