{
    "date": "2026/01/16",
    "name": "岡崎福祉館前",
    "position": "-",
    "system": "伊01",
    "destinations": [
        "御岳",
        "竹園小学校前",
        "竹園小学校入口",
        "谷戸大竹",
        "関台",
        "団地南(伊勢原市)",
        "団地東(伊勢原市)",
        "市ノ坪",
        "伊勢原車庫"
    ],
    "weekday": [
        "11:43",
        "12:43",
        "13:43",
        "14:43",
        "15:44",
        "16:44",
        "17:44",
        "18:44"
    ],
    "saturday": [],
    "holiday": [],
    "url": "https://www.kanachu.co.jp/dia/diagram/timetable01_js/course:0000804056-7/node:00128075/kt:0/lname:/"
}
