{
    "date": "2025/10/20",
    "name": "小川小学校前",
    "position": "-",
    "system": "",
    "destinations": [
        "小川かえで公園前",
        "小川高校入口",
        "成瀬駅ガード南",
        "成瀬駅",
        "南成瀬",
        "成瀬高校入口",
        "中村(町田市成瀬)",
        "観性寺前",
        "成瀬台入口",
        "ポプラヶ丘前",
        "成瀬台二丁目",
        "野村住宅中央",
        "成瀬台"
    ],
    "weekday": [
        "6:53",
        "7:48",
        "8:48",
        "9:46",
        "11:23",
        "13:23",
        "15:23",
        "16:23",
        "17:16",
        "18:09",
        "19:13",
        "20:36"
    ],
    "saturday": [
        "6:53",
        "7:23",
        "8:23",
        "9:23",
        "10:23",
        "11:23",
        "13:23",
        "15:23",
        "16:23",
        "17:23",
        "18:33",
        "19:33"
    ],
    "holiday": [
        "8:23",
        "9:23",
        "10:23",
        "11:23",
        "13:23",
        "15:23",
        "16:23",
        "17:23",
        "18:33",
        "19:33"
    ],
    "url": "https://www.kanachu.co.jp/dia/diagram/timetable01_js/course:0000801032-6/node:00129563/kt:0/lname:/"
}
