{
  "date": "2024/07/08",
  "name": "町田バスセンター",
  "position": "3番のりば",
  "system": "町32",
  "destinations": [
    "町田市役所市民ホール前",
    "妙延寺(町田市)",
    "森野五丁目",
    "森野六丁目",
    "桧台入口",
    "木曽都営入口",
    "境川団地入口",
    "境川団地中央",
    "境川団地",
    "上横町",
    "木曽(町田市)",
    "忠生公園入口",
    "忠生公園前",
    "忠生二丁目",
    "町田工業高校前",
    "忠生三丁目",
    "忠霊塔前",
    "忠生四丁目",
    "桜美林学園",
    "唐沢(町田市)",
    "桜台入口(町田市)",
    "桜台一丁目(町田市)",
    "桜台センター前",
    "桜台二丁目(町田市)",
    "小山田桜台"
  ],
  "weekday": [
    "6:10", "6:38",
    "7:05", "7:17", "7:29", "7:42", "7:57",
    "8:15", "8:38", "8:57",
    "9:32", "9:52",
    "10:32", "10:52",
    "11:32", "11:52",
    "12:32", "12:52",
    "13:32", "13:52",
    "14:32", "14:52",
    "15:32", "15:52",
    "16:32", "16:54",
    "17:10", "17:37", "17:53",
    "18:07", "18:22", "18:37", "18:53",
    "19:07", "19:27", "19:53",
    "20:10", "20:25", "20:50",
    "21:20", "21:50",
    "22:12", "22:40",
    "23:10"
  ],
  "saturday": [
    "6:22", "6:42", "6:57",
    "7:17", "7:37", "7:57",
    "8:15", "8:30", "8:45",
    "9:32", "9:57",
    "10:27", "10:42", "10:57",
    "11:27", "11:42", "11:57",
    "12:32", "12:52",
    "13:32", "13:52",
    "14:32", "14:52",
    "15:32", "15:52",
    "16:32", "16:52",
    "17:32", "17:52",
    "18:12", "18:32", "18:52",
    "19:12", "19:42",
    "20:12", "20:42",
    "21:12", "21:40",
    "22:05", "22:35",
    "23:05"
  ],
  "holiday": [
    "6:40",
    "7:00", "7:30",
    "8:00", "8:30",
    "9:00", "9:20", "9:40",
    "10:00", "10:20", "10:40",
    "11:00", "11:20", "11:40",
    "12:00", "12:20", "12:40",
    "13:00", "13:20", "13:40",
    "14:00", "14:20", "14:40",
    "15:00", "15:20", "15:40",
    "16:00", "16:20", "16:40",
    "17:00", "17:20", "17:40",
    "18:00", "18:35",
    "19:00", "19:30",
    "20:00", "20:30",
    "21:00", "21:30",
    "22:00", "22:30",
    "23:00"
  ]
}
