{
  "date": "-",
  "name": "町田市役所市民ホール前",
  "position": "-",
  "system": "町32",
  "destinations": [
    "妙延寺(町田市)",
    "森野五丁目",
    "森野六丁目",
    "桧台入口",
    "木曽都営入口",
    "境川団地入口",
    "境川団地中央",
    "境川団地",
    "上横町",
    "木曽(町田市)",
    "忠生公園入口",
    "忠生公園前",
    "忠生二丁目",
    "町田工業高校前",
    "忠生三丁目",
    "忠霊塔前",
    "忠生四丁目",
    "桜美林学園",
    "唐沢(町田市)",
    "桜台入口(町田市)",
    "桜台一丁目(町田市)",
    "桜台センター前",
    "桜台二丁目(町田市)",
    "小山田桜台"
  ],
  "weekday": [],
  "saturday": [],
  "holiday": [],
  "url": "https://www.kanachu.co.jp/dia/diagram/timetable01_js/course:0000803111-2/node:00129356/kt:0/lname:/"
}