{
  "date": "2025/04/01",
  "name": "森野五丁目",
  "position": "-",
  "system": "町32",
  "destinations": [
    "森野六丁目",
    "桧台入口",
    "木曽都営入口",
    "境川団地入口",
    "境川団地中央",
    "境川団地",
    "上横町",
    "木曽(町田市)",
    "忠生公園入口",
    "忠生公園前",
    "忠生二丁目",
    "町田工業高校前",
    "忠生三丁目",
    "忠霊塔前",
    "忠生四丁目",
    "桜美林学園",
    "唐沢(町田市)",
    "桜台入口(町田市)",
    "桜台一丁目(町田市)",
    "桜台センター前",
    "桜台二丁目(町田市)",
    "小山田桜台"
  ],
  "weekday": [
    "6:14",
    "6:42",
    "7:09",
    "7:21",
    "7:33",
    "7:46",
    "8:01",
    "8:19",
    "8:42",
    "9:01",
    "9:38",
    "9:56",
    "10:38",
    "10:56",
    "11:38",
    "11:56",
    "12:38",
    "12:56",
    "13:38",
    "13:56",
    "14:38",
    "14:56",
    "15:38",
    "15:56",
    "16:36",
    "16:58",
    "17:14",
    "17:41",
    "17:57",
    "18:11",
    "18:26",
    "18:41",
    "18:57",
    "19:11",
    "19:31",
    "19:57",
    "20:14",
    "20:29",
    "20:54",
    "21:24",
    "21:54",
    "22:16",
    "22:44",
    "23:14"
  ],
  "saturday": [
    "6:26",
    "6:46",
    "7:01",
    "7:21",
    "7:41",
    "8:01",
    "8:19",
    "8:34",
    "8:49",
    "9:38",
    "10:01",
    "10:29",
    "10:46",
    "11:01",
    "11:29",
    "11:46",
    "12:01",
    "12:38",
    "12:58",
    "13:38",
    "13:58",
    "14:38",
    "14:58",
    "15:38",
    "15:58",
    "16:38",
    "16:58",
    "17:38",
    "17:58",
    "18:16",
    "18:36",
    "18:58",
    "19:16",
    "19:46",
    "20:16",
    "20:46",
    "21:16",
    "21:44",
    "22:09",
    "22:39",
    "23:09"
  ],
  "holiday": [
    "6:44",
    "7:04",
    "7:34",
    "8:04",
    "8:34",
    "9:04",
    "9:24",
    "9:44",
    "10:04",
    "10:24",
    "10:44",
    "11:04",
    "11:24",
    "11:44",
    "12:04",
    "12:24",
    "12:44",
    "13:04",
    "13:24",
    "13:44",
    "14:04",
    "14:24",
    "14:44",
    "15:04",
    "15:24",
    "15:44",
    "16:04",
    "16:24",
    "16:44",
    "17:04",
    "17:24",
    "17:44",
    "18:04",
    "18:39",
    "19:04",
    "19:34",
    "20:04",
    "20:34",
    "21:04",
    "21:34",
    "22:04",
    "22:34",
    "23:04"
  ],
  "url": "https://www.kanachu.co.jp/dia/diagram/timetable01_js/course:0000803111-4/node:00129376/kt:0/lname:/"
}