{
    "date": "2025/04/01",
    "name": "山崎団地",
    "position": "-",
    "system": "町15",
    "destinations": [
        "北二号(町田市)",
        "北一号(町田市)",
        "給水塔前(山崎団地/町田市)",
        "山崎団地センター",
        "山崎団地入口",
        "木曽入口",
        "上横町",
        "境川団地",
        "境川団地中央",
        "境川団地入口",
        "木曽都営入口",
        "桧台入口",
        "森野六丁目",
        "森野五丁目",
        "妙延寺(町田市)",
        "町田市役所市民ホール前",
        "町田バスセンター",
        "町田ターミナル"
    ],
    "weekday": [
        "8:54",
        "9:32",
        "10:34",
        "11:39",
        "12:39",
        "13:39",
        "14:39",
        "15:39",
        "18:34",
        "19:39",
        "20:15"
    ],
    "saturday": [
        "9:26",
        "10:26",
        "11:32",
        "12:02",
        "12:30",
        "13:00",
        "13:38",
        "14:38",
        "15:38",
        "16:30",
        "17:00",
        "17:30",
        "18:30",
        "19:30",
        "20:30"
    ],
    "holiday": [
        "9:44",
        "10:28",
        "11:36",
        "12:00",
        "12:36",
        "13:00",
        "13:36",
        "14:28",
        "15:28",
        "16:28",
        "17:00",
        "17:28",
        "18:27",
        "19:29",
        "20:29"
    ],
    "url": "https://www.kanachu.co.jp/dia/diagram/timetable01_js/course:0000803198-1/node:00129392/kt:0/lname:/"
}
