{
    "date": "2025/04/01",
    "name": "北一号(町田市)",
    "position": "-",
    "system": "町15",
    "destinations": [
        "給水塔前(山崎団地/町田市)",
        "山崎団地センター",
        "山崎団地入口",
        "木曽入口",
        "上横町",
        "境川団地",
        "境川団地中央",
        "境川団地入口",
        "木曽都営入口",
        "桧台入口",
        "森野六丁目",
        "森野五丁目",
        "妙延寺(町田市)",
        "町田市役所市民ホール前",
        "町田バスセンター",
        "町田ターミナル"
    ],
    "weekday": [
        "8:56",
        "9:34",
        "10:36",
        "11:41",
        "12:41",
        "13:41",
        "14:41",
        "15:41",
        "18:36",
        "19:41",
        "20:17"
    ],
    "saturday": [
        "9:28",
        "10:28",
        "11:34",
        "12:04",
        "12:32",
        "13:02",
        "13:40",
        "14:40",
        "15:40",
        "16:32",
        "17:02",
        "17:32",
        "18:32",
        "19:32",
        "20:32"
    ],
    "holiday": [
        "9:46",
        "10:30",
        "11:38",
        "12:02",
        "12:38",
        "13:02",
        "13:38",
        "14:30",
        "15:30",
        "16:30",
        "17:02",
        "17:30",
        "18:29",
        "19:31",
        "20:31"
    ],
    "url": "https://www.kanachu.co.jp/dia/diagram/timetable01_js/course:0000803198-3/node:00129390/kt:0/lname:/"
}
