{
    "date": "2025/04/01",
    "name": "山崎団地入口",
    "position": "-",
    "system": "町15",
    "destinations": [
        "木曽入口",
        "上横町",
        "境川団地",
        "境川団地中央",
        "境川団地入口",
        "木曽都営入口",
        "桧台入口",
        "森野六丁目",
        "森野五丁目",
        "妙延寺(町田市)",
        "町田市役所市民ホール前",
        "町田バスセンター",
        "町田ターミナル"
    ],
    "weekday": [
        "9:03",
        "9:41",
        "10:43",
        "11:48",
        "12:48",
        "13:48",
        "14:48",
        "15:48",
        "18:43",
        "19:47",
        "20:23"
    ],
    "saturday": [
        "9:35",
        "10:35",
        "11:41",
        "12:11",
        "12:39",
        "13:09",
        "13:47",
        "14:47",
        "15:47",
        "16:39",
        "17:09",
        "17:39",
        "18:39",
        "19:38",
        "20:38"
    ],
    "holiday": [
        "9:53",
        "10:37",
        "11:45",
        "12:09",
        "12:45",
        "13:09",
        "13:45",
        "14:37",
        "15:37",
        "16:37",
        "17:09",
        "17:37",
        "18:35",
        "19:37",
        "20:37"
    ],
    "url": "https://www.kanachu.co.jp/dia/diagram/timetable01_js/course:0000803198-6/node:00129387/kt:0/lname:/"
}
