{
    "date": "2025/04/01",
    "name": "境川団地中央",
    "position": "-",
    "system": "町15",
    "destinations": [
        "境川団地入口",
        "木曽都営入口",
        "桧台入口",
        "森野六丁目",
        "森野五丁目",
        "妙延寺(町田市)",
        "町田市役所市民ホール前",
        "町田バスセンター",
        "町田ターミナル"
    ],
    "weekday": [
        "9:09",
        "9:47",
        "10:48",
        "11:53",
        "12:53",
        "13:53",
        "14:53",
        "15:53",
        "18:48",
        "19:51",
        "20:27"
    ],
    "saturday": [
        "9:41",
        "10:41",
        "11:47",
        "12:17",
        "12:45",
        "13:15",
        "13:53",
        "14:53",
        "15:53",
        "16:44",
        "17:14",
        "17:44",
        "18:44",
        "19:42",
        "20:42"
    ],
    "holiday": [
        "9:59",
        "10:43",
        "11:51",
        "12:15",
        "12:51",
        "13:15",
        "13:51",
        "14:43",
        "15:42",
        "16:42",
        "17:14",
        "17:42",
        "18:39",
        "19:41",
        "20:41"
    ],
    "url": "https://www.kanachu.co.jp/dia/diagram/timetable01_js/course:0000803198-10/node:00129381/kt:0/lname:/"
}
