{
    "date": "2025/04/01",
    "name": "境川団地入口",
    "position": "-",
    "system": "町15",
    "destinations": [
        "木曽都営入口",
        "桧台入口",
        "森野六丁目",
        "森野五丁目",
        "妙延寺(町田市)",
        "町田市役所市民ホール前",
        "町田バスセンター",
        "町田ターミナル"
    ],
    "weekday": [
        "9:10",
        "9:48",
        "10:49",
        "11:54",
        "12:54",
        "13:54",
        "14:54",
        "15:54",
        "18:49",
        "19:52",
        "20:28"
    ],
    "saturday": [
        "9:42",
        "10:42",
        "11:48",
        "12:18",
        "12:46",
        "13:16",
        "13:54",
        "14:54",
        "15:54",
        "16:45",
        "17:15",
        "17:45",
        "18:45",
        "19:43",
        "20:43"
    ],
    "holiday": [
        "10:00",
        "10:44",
        "11:52",
        "12:16",
        "12:52",
        "13:16",
        "13:52",
        "14:44",
        "15:43",
        "16:43",
        "17:15",
        "17:43",
        "18:40",
        "19:42",
        "20:42"
    ],
    "url": "https://www.kanachu.co.jp/dia/diagram/timetable01_js/course:0000803198-11/node:00129380/kt:0/lname:/"
}
