{
    "date": "2025/04/01",
    "name": "桧台入口",
    "position": "-",
    "system": "町15",
    "destinations": [
        "森野六丁目",
        "森野五丁目",
        "妙延寺(町田市)",
        "町田市役所市民ホール前",
        "町田バスセンター",
        "町田ターミナル"
    ],
    "weekday": [
        "9:12",
        "9:50",
        "10:51",
        "11:56",
        "12:56",
        "13:56",
        "14:56",
        "15:56",
        "18:51",
        "19:53",
        "20:29"
    ],
    "saturday": [
        "9:43",
        "10:43",
        "11:50",
        "12:20",
        "12:48",
        "13:18",
        "13:56",
        "14:56",
        "15:56",
        "16:47",
        "17:17",
        "17:47",
        "18:47",
        "19:44",
        "20:44"
    ],
    "holiday": [
        "10:01",
        "10:45",
        "11:54",
        "12:18",
        "12:54",
        "13:18",
        "13:54",
        "14:46",
        "15:45",
        "16:45",
        "17:17",
        "17:45",
        "18:41",
        "19:43",
        "20:43"
    ],
    "url": "https://www.kanachu.co.jp/dia/diagram/timetable01_js/course:0000803198-13/node:00129378/kt:0/lname:/"
}
