{
    "date": "2025/04/01",
    "name": "森野五丁目",
    "position": "-",
    "system": "町15",
    "destinations": [
        "妙延寺(町田市)",
        "町田市役所市民ホール前",
        "町田バスセンター",
        "町田ターミナル"
    ],
    "weekday": [
        "9:13",
        "9:51",
        "10:52",
        "11:57",
        "12:57",
        "13:57",
        "14:57",
        "15:57",
        "18:52",
        "19:54",
        "20:30"
    ],
    "saturday": [
        "9:44",
        "10:44",
        "11:51",
        "12:21",
        "12:49",
        "13:19",
        "13:57",
        "14:57",
        "15:57",
        "16:48",
        "17:18",
        "17:48",
        "18:48",
        "19:45",
        "20:45"
    ],
    "holiday": [
        "10:02",
        "10:46",
        "11:55",
        "12:19",
        "12:55",
        "13:19",
        "13:55",
        "14:47",
        "15:46",
        "16:46",
        "17:18",
        "17:46",
        "18:42",
        "19:44",
        "20:44"
    ],
    "url": "https://www.kanachu.co.jp/dia/diagram/timetable01_js/course:0000803198-15/node:00129376/kt:0/lname:/"
}
