{
    "date": "2025/08/30",
    "name": "南永田",
    "position": "-",
    "system": "井11",
    "destinations": [
        "住宅前(横浜市南区)",
        "井土ヶ谷",
        "井土ヶ谷下町"
    ],
    "weekday": [
        "6:10",
        "6:22",
        "6:34",
        "6:46",
        "6:58",
        "7:14",
        "7:24",
        "7:34",
        "7:44",
        "7:54",
        "8:04",
        "8:14",
        "8:24",
        "8:34",
        "8:44",
        "8:59",
        "9:11",
        "9:31",
        "9:49",
        "10:09",
        "10:29",
        "10:49",
        "11:09",
        "11:29",
        "11:49",
        "12:09",
        "12:29",
        "12:49",
        "13:09",
        "13:29",
        "13:49",
        "14:09",
        "14:29",
        "14:49",
        "15:11",
        "15:28",
        "15:40",
        "15:53",
        "16:05",
        "16:17",
        "16:29",
        "16:39",
        "16:49",
        "16:59",
        "17:09",
        "17:19",
        "17:29",
        "17:39",
        "17:49",
        "17:59",
        "18:09",
        "18:19",
        "18:29",
        "18:39",
        "18:49",
        "18:59",
        "19:14",
        "19:29",
        "19:44",
        "19:59",
        "20:13",
        "20:32",
        "20:56",
        "21:17",
        "21:40"
    ],
    "saturday": [
        "6:20",
        "6:52",
        "7:22",
        "7:38",
        "7:54",
        "8:12",
        "8:28",
        "8:44",
        "9:00",
        "9:16",
        "9:32",
        "9:48",
        "10:04",
        "10:20",
        "10:36",
        "10:52",
        "11:08",
        "11:24",
        "11:40",
        "11:56",
        "12:12",
        "12:28",
        "12:44",
        "13:00",
        "13:18",
        "13:34",
        "13:50",
        "14:07",
        "14:25",
        "14:43",
        "14:59",
        "15:15",
        "15:31",
        "15:47",
        "16:03",
        "16:19",
        "16:35",
        "16:51",
        "17:07",
        "17:23",
        "17:39",
        "17:55",
        "18:11",
        "18:27",
        "18:43",
        "18:59",
        "19:15",
        "19:35",
        "19:59",
        "20:23",
        "21:11",
        "21:35"
    ],
    "holiday": [
        "6:33",
        "7:00",
        "7:27",
        "7:54",
        "8:12",
        "8:28",
        "8:44",
        "9:00",
        "9:16",
        "9:32",
        "9:48",
        "10:04",
        "10:20",
        "10:36",
        "10:52",
        "11:08",
        "11:24",
        "11:40",
        "11:56",
        "12:12",
        "12:28",
        "12:44",
        "13:00",
        "13:18",
        "13:34",
        "13:50",
        "14:07",
        "14:25",
        "14:43",
        "14:59",
        "15:15",
        "15:31",
        "15:47",
        "16:03",
        "16:19",
        "16:35",
        "16:51",
        "17:07",
        "17:23",
        "17:39",
        "17:55",
        "18:11",
        "18:27",
        "18:43",
        "18:59",
        "19:15",
        "19:35",
        "19:59",
        "20:23",
        "21:35"
    ],
    "url": "https://www.kanachu.co.jp/dia/diagram/timetable01_js/course:0000801221-9/node:00126629/kt:0/lname:/"
}
