{
    "date": "2026/01/16",
    "name": "名古木",
    "position": "-",
    "system": "秦21",
    "destinations": [
        "上原台",
        "上原入口",
        "藤棚(秦野市)",
        "東中学校前(秦野市)",
        "中丸橋(秦野市)",
        "久保(秦野市)",
        "才戸入口",
        "小蓑毛",
        "鳥居前(秦野市)",
        "青年橋",
        "蓑毛中",
        "蓑毛",
        "菜の花台",
        "表丹沢林道入口",
        "ヤビツ峠"
    ],
    "weekday": [
        "8:32"
    ],
    "saturday": [
        "7:27",
        "7:51",
        "8:31",
        "9:11",
        "14:37",
        "15:42"
    ],
    "holiday": [
        "7:27",
        "7:51",
        "8:31",
        "9:11",
        "14:37",
        "15:42"
    ],
    "url": "https://www.kanachu.co.jp/dia/diagram/timetable01_js/course:0000804296-8/node:00127839/kt:0/lname:/"
}
