{
    "date": "2026/01/16",
    "name": "才戸入口",
    "position": "-",
    "system": "秦21",
    "destinations": [
        "小蓑毛",
        "鳥居前(秦野市)",
        "青年橋",
        "蓑毛中",
        "蓑毛",
        "菜の花台",
        "表丹沢林道入口",
        "ヤビツ峠"
    ],
    "weekday": [
        "8:37"
    ],
    "saturday": [
        "7:32",
        "7:56",
        "8:36",
        "9:16",
        "14:42",
        "15:47"
    ],
    "holiday": [
        "7:32",
        "7:56",
        "8:36",
        "9:16",
        "14:42",
        "15:47"
    ],
    "url": "https://www.kanachu.co.jp/dia/diagram/timetable01_js/course:0000804296-15/node:00127846/kt:0/lname:/"
}
