{
    "date": "2025/07/27",
    "name": "団地中央(中郡二宮町)",
    "position": "-",
    "system": "二39",
    "destinations": [
        "二宮高校入口",
        "中里(中郡二宮町)",
        "中島(中郡二宮町)",
        "堂面(中郡二宮町)",
        "元町(中郡二宮町)",
        "二宮駅北口"
    ],
    "weekday": [
        "15:34",
        "15:43",
        "16:03"
    ],
    "saturday": [],
    "holiday": [],
    "url": "https://www.kanachu.co.jp/dia/diagram/timetable01_js/course:0000802618-8/node:00127786/kt:0/lname:/"
}
