{
    "date": "2024/04/01",
    "name": "市役所前(秦野市)",
    "position": "-",
    "system": "秦12",
    "destinations": [
        "桜橋(秦野市)",
        "本町中学校前",
        "富士見町入口",
        "富士見橋・警察署入口",
        "浄屋入口",
        "カルチャーパーク前",
        "水無瀬橋(秦野市)",
        "三屋出口",
        "塚原橋(秦野市)",
        "古墳公園前",
        "上河原(秦野市)",
        "平和橋(秦野市)",
        "大倉入口",
        "関(秦野市)",
        "堀川",
        "堀西駐在所前",
        "中道(秦野市)",
        "西小学校前(秦野市)",
        "西中学校前(秦野市)",
        "柳町(秦野市)",
        "渋沢駅北口"
    ],
    "weekday": [
        "6:25",
        "8:12",
        "8:50",
        "9:42",
        "10:55",
        "14:55",
        "15:55",
        "18:45"
    ],
    "saturday": [
        "8:46",
        "9:46",
        "11:10",
        "13:59",
        "16:10",
        "17:14"
    ],
    "holiday": [
        "8:46",
        "9:46",
        "11:10",
        "13:59",
        "16:10",
        "17:14"
    ],
    "url": "https://www.kanachu.co.jp/dia/diagram/timetable01_js/course:0000802748-3/node:00127911/kt:0/lname:/"
}
