{
    "date": "2024/04/01",
    "name": "本町中学校前",
    "position": "-",
    "system": "秦12",
    "destinations": [
        "富士見町入口",
        "富士見橋・警察署入口",
        "浄屋入口",
        "カルチャーパーク前",
        "水無瀬橋(秦野市)",
        "三屋出口",
        "塚原橋(秦野市)",
        "古墳公園前",
        "上河原(秦野市)",
        "平和橋(秦野市)",
        "大倉入口",
        "関(秦野市)",
        "堀川",
        "堀西駐在所前",
        "中道(秦野市)",
        "西小学校前(秦野市)",
        "西中学校前(秦野市)",
        "柳町(秦野市)",
        "渋沢駅北口"
    ],
    "weekday": [
        "6:26",
        "8:13",
        "8:51",
        "9:43",
        "10:56",
        "14:56",
        "15:56",
        "18:46"
    ],
    "saturday": [
        "8:47",
        "9:47",
        "11:11",
        "14:00",
        "16:11",
        "17:15"
    ],
    "holiday": [
        "8:47",
        "9:47",
        "11:11",
        "14:00",
        "16:11",
        "17:15"
    ],
    "url": "https://www.kanachu.co.jp/dia/diagram/timetable01_js/course:0000802748-5/node:00127913/kt:0/lname:/"
}
