{
    "date": "2024/04/01",
    "name": "浄屋入口",
    "position": "-",
    "system": "秦12",
    "destinations": [
        "カルチャーパーク前",
        "水無瀬橋(秦野市)",
        "三屋出口",
        "塚原橋(秦野市)",
        "古墳公園前",
        "上河原(秦野市)",
        "平和橋(秦野市)",
        "大倉入口",
        "関(秦野市)",
        "堀川",
        "堀西駐在所前",
        "中道(秦野市)",
        "西小学校前(秦野市)",
        "西中学校前(秦野市)",
        "柳町(秦野市)",
        "渋沢駅北口"
    ],
    "weekday": [
        "6:28",
        "8:15",
        "8:53",
        "9:45",
        "10:58",
        "14:58",
        "15:58",
        "18:48"
    ],
    "saturday": [
        "8:49",
        "9:49",
        "11:13",
        "14:02",
        "16:13",
        "17:17"
    ],
    "holiday": [
        "8:49",
        "9:49",
        "11:13",
        "14:02",
        "16:13",
        "17:17"
    ],
    "url": "https://www.kanachu.co.jp/dia/diagram/timetable01_js/course:0000802748-8/node:00127917/kt:0/lname:/"
}
