{
    "date": "2024/04/01",
    "name": "大倉入口",
    "position": "-",
    "system": "秦12",
    "destinations": [
        "関(秦野市)",
        "堀川",
        "堀西駐在所前",
        "中道(秦野市)",
        "西小学校前(秦野市)",
        "西中学校前(秦野市)",
        "柳町(秦野市)",
        "渋沢駅北口"
    ],
    "weekday": [
        "6:36",
        "8:23",
        "9:01",
        "9:53",
        "11:06",
        "15:06",
        "16:06",
        "18:56"
    ],
    "saturday": [
        "8:57",
        "9:57",
        "11:21",
        "14:10",
        "16:21",
        "17:25"
    ],
    "holiday": [
        "8:57",
        "9:57",
        "11:21",
        "14:10",
        "16:21",
        "17:25"
    ],
    "url": "https://www.kanachu.co.jp/dia/diagram/timetable01_js/course:0000802748-16/node:00127892/kt:0/lname:/"
}
