{
    "system": "秦12",
    "busstops": [
        {
            "index": "1",
            "id": "00127715",
            "name": "秦野駅",
            "lat": "35.370233",
            "lng": "139.22634"
        },
        {
            "index": "2",
            "id": "00130496",
            "name": "大川橋・本町小学校前",
            "lat": "35.373029",
            "lng": "139.224057"
        },
        {
            "index": "3",
            "id": "00127911",
            "name": "市役所前(秦野市)",
            "lat": "35.374162",
            "lng": "139.220071"
        },
        {
            "index": "4",
            "id": "00127912",
            "name": "桜橋(秦野市)",
            "lat": "35.374481",
            "lng": "139.218687"
        },
        {
            "index": "5",
            "id": "00127913",
            "name": "本町中学校前",
            "lat": "35.375425",
            "lng": "139.214844"
        },
        {
            "index": "6",
            "id": "00127914",
            "name": "富士見町入口",
            "lat": "35.375803",
            "lng": "139.213503"
        },
        {
            "index": "7",
            "id": "00127915",
            "name": "富士見橋・警察署入口",
            "lat": "35.378325",
            "lng": "139.208025"
        },
        {
            "index": "8",
            "id": "00127917",
            "name": "浄屋入口",
            "lat": "35.379642",
            "lng": "139.205692"
        },
        {
            "index": "9",
            "id": "00127918",
            "name": "カルチャーパーク前",
            "lat": "35.381135",
            "lng": "139.203501"
        },
        {
            "index": "10",
            "id": "00127919",
            "name": "水無瀬橋(秦野市)",
            "lat": "35.383109",
            "lng": "139.19992"
        },
        {
            "index": "11",
            "id": "00127920",
            "name": "三屋出口",
            "lat": "35.384087",
            "lng": "139.196573"
        },
        {
            "index": "12",
            "id": "00127921",
            "name": "塚原橋(秦野市)",
            "lat": "35.385394",
            "lng": "139.193883"
        },
        {
            "index": "13",
            "id": "00127991",
            "name": "古墳公園前",
            "lat": "35.387363",
            "lng": "139.189215"
        },
        {
            "index": "14",
            "id": "00127922",
            "name": "上河原(秦野市)",
            "lat": "35.389995",
            "lng": "139.186077"
        },
        {
            "index": "15",
            "id": "00127891",
            "name": "平和橋(秦野市)",
            "lat": "35.392665",
            "lng": "139.182502"
        },
        {
            "index": "16",
            "id": "00127892",
            "name": "大倉入口",
            "lat": "35.391458",
            "lng": "139.18078"
        },
        {
            "index": "17",
            "id": "00127893",
            "name": "関(秦野市)",
            "lat": "35.388904",
            "lng": "139.178653"
        },
        {
            "index": "18",
            "id": "00127894",
            "name": "堀川",
            "lat": "35.387255",
            "lng": "139.177395"
        },
        {
            "index": "19",
            "id": "00128052",
            "name": "堀西駐在所前",
            "lat": "35.384875",
            "lng": "139.178047"
        },
        {
            "index": "20",
            "id": "00127895",
            "name": "中道(秦野市)",
            "lat": "35.382082",
            "lng": "139.179149"
        },
        {
            "index": "21",
            "id": "00127896",
            "name": "西小学校前(秦野市)",
            "lat": "35.378674",
            "lng": "139.180471"
        },
        {
            "index": "22",
            "id": "00127897",
            "name": "西中学校前(秦野市)",
            "lat": "35.376702",
            "lng": "139.181595"
        },
        {
            "index": "23",
            "id": "00127898",
            "name": "柳町(秦野市)",
            "lat": "35.375126",
            "lng": "139.183019"
        },
        {
            "index": "24",
            "id": "00127899",
            "name": "渋沢駅北口",
            "lat": "35.374375",
            "lng": "139.184811"
        }
    ],
    "route_url": "https://www.kanachu.co.jp/dia/route/index/cid:0000802748/"
}
