{
    "date": "2025/02/24",
    "name": "いずみ野駅",
    "position": "-",
    "system": "い04",
    "destinations": [
        "グリーンハイム前",
        "松陽高校前",
        "和泉台",
        "変電所前(横浜市泉区)",
        "山王塚(横浜市瀬谷区)",
        "新和入口",
        "阿久和坂上",
        "原店(横浜市瀬谷区)",
        "向原(横浜市瀬谷区)",
        "原中学校前",
        "三ツ境小学校前",
        "旭ヶ丘(横浜市瀬谷区)",
        "住宅前(横浜市瀬谷区)",
        "富士見台(横浜市瀬谷区)",
        "富士見通り商店街",
        "三ツ境駅"
    ],
    "weekday": [
        "6:05",
        "6:29",
        "6:57",
        "7:24",
        "8:01",
        "8:31",
        "9:16",
        "9:46",
        "10:31",
        "11:01",
        "11:46",
        "12:16",
        "13:01",
        "13:31",
        "14:16",
        "14:46",
        "15:31",
        "16:01",
        "16:46",
        "17:16",
        "17:46",
        "18:20",
        "18:52",
        "19:22",
        "19:55"
    ],
    "saturday": [
        "6:36",
        "7:16",
        "7:46",
        "8:31",
        "9:01",
        "9:46",
        "10:16",
        "11:01",
        "11:31",
        "12:16",
        "12:46",
        "13:31",
        "14:01",
        "14:46",
        "15:16",
        "16:01",
        "16:31",
        "17:16",
        "17:46",
        "18:31",
        "19:01"
    ],
    "holiday": [
        "6:36",
        "7:16",
        "7:46",
        "8:31",
        "9:01",
        "9:46",
        "10:16",
        "11:01",
        "11:31",
        "12:16",
        "12:46",
        "13:31",
        "14:01",
        "14:46",
        "15:16",
        "16:01",
        "16:31",
        "17:16",
        "17:46",
        "18:31",
        "19:01"
    ],
    "url": "https://www.kanachu.co.jp/dia/diagram/timetable01_js/course:0000801216-1/node:00126932/kt:0/lname:/"
}
