{
    "date": "2025/02/24",
    "name": "阿久和坂上",
    "position": "-",
    "system": "",
    "destinations": [
        "原店(横浜市瀬谷区)",
        "向原(横浜市瀬谷区)",
        "原中学校前",
        "三ツ境小学校前",
        "旭ヶ丘(横浜市瀬谷区)",
        "住宅前(横浜市瀬谷区)",
        "富士見台(横浜市瀬谷区)",
        "富士見通り商店街",
        "三ツ境駅"
    ],
    "weekday": [
        "6:14",
        "6:38",
        "7:06",
        "7:33",
        "8:10",
        "8:40",
        "9:25",
        "9:55",
        "10:40",
        "11:10",
        "11:55",
        "12:25",
        "13:10",
        "13:40",
        "14:25",
        "14:55",
        "15:40",
        "16:10",
        "16:55",
        "17:25",
        "17:55",
        "18:29",
        "19:01",
        "19:31",
        "20:04"
    ],
    "saturday": [
        "6:45",
        "7:25",
        "7:55",
        "8:40",
        "9:10",
        "9:55",
        "10:25",
        "11:10",
        "11:40",
        "12:25",
        "12:55",
        "13:40",
        "14:10",
        "14:55",
        "15:25",
        "16:10",
        "16:40",
        "17:25",
        "17:55",
        "18:40",
        "19:10"
    ],
    "holiday": [
        "6:45",
        "7:25",
        "7:55",
        "8:40",
        "9:10",
        "9:55",
        "10:25",
        "11:10",
        "11:40",
        "12:25",
        "12:55",
        "13:40",
        "14:10",
        "14:55",
        "15:25",
        "16:10",
        "16:40",
        "17:25",
        "17:55",
        "18:40",
        "19:10"
    ],
    "url": "https://www.kanachu.co.jp/dia/diagram/timetable01_js/course:0000801216-8/node:00126945/kt:0/lname:/"
}
