{
    "date": "2025/02/24",
    "name": "原店(横浜市瀬谷区)",
    "position": "-",
    "system": "い04",
    "destinations": [
        "向原(横浜市瀬谷区)",
        "原中学校前",
        "三ツ境小学校前",
        "旭ヶ丘(横浜市瀬谷区)",
        "住宅前(横浜市瀬谷区)",
        "富士見台(横浜市瀬谷区)",
        "富士見通り商店街",
        "三ツ境駅"
    ],
    "weekday": [
        "6:16",
        "6:40",
        "7:08",
        "7:35",
        "8:12",
        "8:42",
        "9:27",
        "9:57",
        "10:42",
        "11:12",
        "11:57",
        "12:27",
        "13:12",
        "13:42",
        "14:27",
        "14:57",
        "15:42",
        "16:12",
        "16:57",
        "17:27",
        "17:57",
        "18:31",
        "19:03",
        "19:33",
        "20:06"
    ],
    "saturday": [
        "6:47",
        "7:27",
        "7:57",
        "8:42",
        "9:12",
        "9:57",
        "10:27",
        "11:12",
        "11:42",
        "12:27",
        "12:57",
        "13:42",
        "14:12",
        "14:57",
        "15:27",
        "16:12",
        "16:42",
        "17:27",
        "17:57",
        "18:42",
        "19:12"
    ],
    "holiday": [
        "6:47",
        "7:27",
        "7:57",
        "8:42",
        "9:12",
        "9:57",
        "10:27",
        "11:12",
        "11:42",
        "12:27",
        "12:57",
        "13:42",
        "14:12",
        "14:57",
        "15:27",
        "16:12",
        "16:42",
        "17:27",
        "17:57",
        "18:42",
        "19:12"
    ],
    "url": "https://www.kanachu.co.jp/dia/diagram/timetable01_js/course:0000801216-9/node:00126946/kt:0/lname:/"
}
