{
    "date": "2025/02/24",
    "name": "向原(横浜市瀬谷区)",
    "position": "-",
    "system": "い04",
    "destinations": [
        "原中学校前",
        "三ツ境小学校前",
        "旭ヶ丘(横浜市瀬谷区)",
        "住宅前(横浜市瀬谷区)",
        "富士見台(横浜市瀬谷区)",
        "富士見通り商店街",
        "三ツ境駅"
    ],
    "weekday": [
        "6:17",
        "6:41",
        "7:09",
        "7:36",
        "8:13",
        "8:43",
        "9:28",
        "9:58",
        "10:43",
        "11:13",
        "11:58",
        "12:28",
        "13:13",
        "13:43",
        "14:28",
        "14:58",
        "15:43",
        "16:13",
        "16:58",
        "17:28",
        "17:58",
        "18:32",
        "19:04",
        "19:34",
        "20:07"
    ],
    "saturday": [
        "6:48",
        "7:28",
        "7:58",
        "8:43",
        "9:13",
        "9:58",
        "10:28",
        "11:13",
        "11:43",
        "12:28",
        "12:58",
        "13:43",
        "14:13",
        "14:58",
        "15:28",
        "16:13",
        "16:43",
        "17:28",
        "17:58",
        "18:43",
        "19:13"
    ],
    "holiday": [
        "6:48",
        "7:28",
        "7:58",
        "8:43",
        "9:13",
        "9:58",
        "10:28",
        "11:13",
        "11:43",
        "12:28",
        "12:58",
        "13:43",
        "14:13",
        "14:58",
        "15:28",
        "16:13",
        "16:43",
        "17:28",
        "17:58",
        "18:43",
        "19:13"
    ],
    "url": "https://www.kanachu.co.jp/dia/diagram/timetable01_js/course:0000801216-10/node:00126947/kt:0/lname:/"
}
