{
    "date": "2025/02/24",
    "name": "三ツ境小学校前",
    "position": "-",
    "system": "い04",
    "destinations": [
        "旭ヶ丘(横浜市瀬谷区)",
        "住宅前(横浜市瀬谷区)",
        "富士見台(横浜市瀬谷区)",
        "富士見通り商店街",
        "三ツ境駅"
    ],
    "weekday": [
        "6:19",
        "6:43",
        "7:11",
        "7:38",
        "8:15",
        "8:45",
        "9:30",
        "10:00",
        "10:45",
        "11:15",
        "12:00",
        "12:30",
        "13:15",
        "13:45",
        "14:30",
        "15:00",
        "15:45",
        "16:15",
        "17:00",
        "17:30",
        "18:00",
        "18:34",
        "19:06",
        "19:36",
        "20:09"
    ],
    "saturday": [
        "6:50",
        "7:30",
        "8:00",
        "8:45",
        "9:15",
        "10:00",
        "10:30",
        "11:15",
        "11:45",
        "12:30",
        "13:00",
        "13:45",
        "14:15",
        "15:00",
        "15:30",
        "16:15",
        "16:45",
        "17:30",
        "18:00",
        "18:45",
        "19:15"
    ],
    "holiday": [
        "6:50",
        "7:30",
        "8:00",
        "8:45",
        "9:15",
        "10:00",
        "10:30",
        "11:15",
        "11:45",
        "12:30",
        "13:00",
        "13:45",
        "14:15",
        "15:00",
        "15:30",
        "16:15",
        "16:45",
        "17:30",
        "18:00",
        "18:45",
        "19:15"
    ],
    "url": "https://www.kanachu.co.jp/dia/diagram/timetable01_js/course:0000801216-12/node:00126686/kt:0/lname:/"
}
