{
    "date": "2025/02/24",
    "name": "富士見通り商店街",
    "position": "-",
    "system": "い04",
    "destinations": [
        "三ツ境駅"
    ],
    "weekday": [
        "6:24",
        "6:48",
        "7:16",
        "7:43",
        "8:20",
        "8:50",
        "9:35",
        "10:05",
        "10:50",
        "11:20",
        "12:05",
        "12:35",
        "13:20",
        "13:50",
        "14:35",
        "15:05",
        "15:50",
        "16:20",
        "17:05",
        "17:35",
        "18:05",
        "18:39",
        "19:11",
        "19:41",
        "20:14"
    ],
    "saturday": [
        "6:55",
        "7:35",
        "8:05",
        "8:50",
        "9:20",
        "10:05",
        "10:35",
        "11:20",
        "11:50",
        "12:35",
        "13:05",
        "13:50",
        "14:20",
        "15:05",
        "15:35",
        "16:20",
        "16:50",
        "17:35",
        "18:05",
        "18:50",
        "19:20"
    ],
    "holiday": [
        "6:55",
        "7:35",
        "8:05",
        "8:50",
        "9:20",
        "10:05",
        "10:35",
        "11:20",
        "11:50",
        "12:35",
        "13:05",
        "13:50",
        "14:20",
        "15:05",
        "15:35",
        "16:20",
        "16:50",
        "17:35",
        "18:05",
        "18:50",
        "19:20"
    ],
    "url": "https://www.kanachu.co.jp/dia/diagram/timetable01_js/course:0000801216-16/node:00126705/kt:0/lname:/"
}
