{
    "system": "い04",
    "busstops": [
        {
            "index": "1",
            "id": "00126932",
            "name": "いずみ野駅",
            "lat": "35.430253",
            "lng": "139.494351"
        },
        {
            "index": "2",
            "id": "00126940",
            "name": "グリーンハイム前",
            "lat": "35.432482",
            "lng": "139.494099"
        },
        {
            "index": "3",
            "id": "00126939",
            "name": "松陽高校前",
            "lat": "35.43746",
            "lng": "139.495709"
        },
        {
            "index": "4",
            "id": "00126938",
            "name": "和泉台",
            "lat": "35.437258",
            "lng": "139.497244"
        },
        {
            "index": "5",
            "id": "00126937",
            "name": "変電所前(横浜市泉区)",
            "lat": "35.435982",
            "lng": "139.501127"
        },
        {
            "index": "6",
            "id": "00126943",
            "name": "山王塚(横浜市瀬谷区)",
            "lat": "35.439148",
            "lng": "139.501154"
        },
        {
            "index": "7",
            "id": "00126944",
            "name": "新和入口",
            "lat": "35.442365",
            "lng": "139.500851"
        },
        {
            "index": "8",
            "id": "00126945",
            "name": "阿久和坂上",
            "lat": "35.446514",
            "lng": "139.499473"
        },
        {
            "index": "9",
            "id": "00126946",
            "name": "原店(横浜市瀬谷区)",
            "lat": "35.449638",
            "lng": "139.498793"
        },
        {
            "index": "10",
            "id": "00126947",
            "name": "向原(横浜市瀬谷区)",
            "lat": "35.452276",
            "lng": "139.49801"
        },
        {
            "index": "11",
            "id": "00126948",
            "name": "原中学校前",
            "lat": "35.454811",
            "lng": "139.49725"
        },
        {
            "index": "12",
            "id": "00126686",
            "name": "三ツ境小学校前",
            "lat": "35.459268",
            "lng": "139.497881"
        },
        {
            "index": "13",
            "id": "00126685",
            "name": "旭ヶ丘(横浜市瀬谷区)",
            "lat": "35.458643",
            "lng": "139.499115"
        },
        {
            "index": "14",
            "id": "00126703",
            "name": "住宅前(横浜市瀬谷区)",
            "lat": "35.461699",
            "lng": "139.500043"
        },
        {
            "index": "15",
            "id": "00126704",
            "name": "富士見台(横浜市瀬谷区)",
            "lat": "35.464473",
            "lng": "139.500302"
        },
        {
            "index": "16",
            "id": "00126705",
            "name": "富士見通り商店街",
            "lat": "35.467652",
            "lng": "139.500877"
        },
        {
            "index": "17",
            "id": "00126706",
            "name": "三ツ境駅",
            "lat": "35.466956",
            "lng": "139.504247"
        }
    ],
    "route_url": "https://www.kanachu.co.jp/dia/route/index/cid:0000801216/"
}
