{
    "date": "2025/04/01",
    "name": "図師大橋",
    "position": "",
    "system": "町27",
    "destinations": [
        "馬駈",
        "根岸(根岸町/町田市)",
        "下根岸(町田市)",
        "上宿(町田市)",
        "忠生公園入口",
        "木曽(町田市)",
        "三家(町田市)",
        "木曽住宅",
        "滝の沢(町田市)",
        "浄水場前(町田市)",
        "市民病院前(町田市)",
        "森野三丁目",
        "第四小学校前(町田市)",
        "町田市役所市民ホール前",
        "町田バスセンター"
    ],
    "weekday": [
        "6:21",
        "6:51",
        "7:11",
        "7:25",
        "7:45",
        "8:11",
        "21:10",
        "22:00"
    ],
    "saturday": [
        "6:21",
        "7:21",
        "8:11",
        "20:40"
    ],
    "holiday": [
        "7:02",
        "7:21",
        "8:10",
        "20:34"
    ],
    "url": "https://www.kanachu.co.jp/dia/diagram/timetable01_js/course:0000803178-9/node:00129369/kt:0/lname:/"
}
