{
    "date": "2020/11/16",
    "name": "柳町(厚木市)",
    "position": "-",
    "system": "厚45",
    "destinations": [
        "仲町(厚木市長谷)",
        "籠堰橋",
        "広町橋",
        "小野宮前",
        "小野橋(厚木市)",
        "榎田",
        "若宮橋(厚木市)",
        "通信研究所前(厚木市)",
        "日産先進技術開発センター前",
        "森の里青山",
        "厚木西高校",
        "森の里四丁目",
        "森の里五丁目",
        "森の里"
    ],
    "weekday": [
        "7:56",
        "8:14"
    ],
    "saturday": [],
    "holiday": [],
    "url": "https://www.kanachu.co.jp/dia/diagram/timetable01_js/course:0000801070-10/node:00128508/kt:0/lname:/"
}
