{
    "date": "2020/11/16",
    "name": "通信研究所前(厚木市)",
    "position": "-",
    "system": "厚45",
    "destinations": [
        "日産先進技術開発センター前",
        "森の里青山",
        "厚木西高校",
        "森の里四丁目",
        "森の里五丁目",
        "森の里"
    ],
    "weekday": [
        "8:04",
        "8:22"
    ],
    "saturday": [],
    "holiday": [],
    "url": "https://www.kanachu.co.jp/dia/diagram/timetable01_js/course:0000801070-18/node:00128518/kt:0/lname:/"
}
