{
    "date": "2026/01/16",
    "name": "公務員住宅中央",
    "position": "-",
    "system": "上31",
    "destinations": [
        "下野庭三田",
        "公務員住宅中央",
        "日野サザンポート前",
        "日野ヶ丘中央",
        "日野ヶ丘東",
        "シティクレスト前",
        "下車ヶ谷",
        "吉原前",
        "吉原下根",
        "吉原(横浜市港南区)",
        "港南区総合庁舎前",
        "笹下港南中央通り",
        "関の下",
        "上大岡駅"
    ],
    "weekday": [
        "6:02",
        "6:30",
        "7:05",
        "9:59",
        "12:34"
    ],
    "saturday": [
        "6:36",
        "9:42",
        "18:52"
    ],
    "holiday": [
        "6:36",
        "9:42"
    ],
    "url": "https://www.kanachu.co.jp/dia/diagram/timetable01_js/course:0000803989-1/node:00126772/kt:0/lname:/"
}
