{
    "date": "2026/01/16",
    "name": "下野庭三田",
    "position": "-",
    "system": "上31",
    "destinations": [
        "公務員住宅中央",
        "日野サザンポート前",
        "日野ヶ丘中央",
        "日野ヶ丘東",
        "シティクレスト前",
        "下車ヶ谷",
        "吉原前",
        "吉原下根",
        "吉原(横浜市港南区)",
        "港南区総合庁舎前",
        "笹下港南中央通り",
        "関の下",
        "上大岡駅"
    ],
    "weekday": [
        "6:03",
        "6:31",
        "7:06",
        "10:00",
        "12:35"
    ],
    "saturday": [
        "6:37",
        "9:43",
        "18:53"
    ],
    "holiday": [
        "6:37",
        "9:43"
    ],
    "url": "https://www.kanachu.co.jp/dia/diagram/timetable01_js/course:0000803989-2/node:00126773/kt:0/lname:/"
}
