{
    "date": "2026/01/16",
    "name": "港南区総合庁舎前",
    "position": "-",
    "system": "上31",
    "destinations": [
        "笹下港南中央通り",
        "関の下",
        "上大岡駅"
    ],
    "weekday": [
        "6:16",
        "6:44",
        "7:19",
        "10:13",
        "12:48"
    ],
    "saturday": [
        "6:50",
        "9:56",
        "19:06"
    ],
    "holiday": [
        "6:50",
        "9:56"
    ],
    "url": "https://www.kanachu.co.jp/dia/diagram/timetable01_js/course:0000803989-12/node:00102499/kt:0/lname:/"
}
