{
    "date": "2024/03/16",
    "name": "四ツ谷(相模原市中央区)",
    "position": "-",
    "system": "相17",
    "destinations": [
        "田名工業団地入口",
        "石橋(相模原市中央区)",
        "鳩川住宅前",
        "日金沢下",
        "グリーンプール入口",
        "横山小学校前(相模原市中央区)",
        "日金沢上",
        "清新中学校入口",
        "グッディプレイス前",
        "さがみ夢大通り",
        "相模原駅南口"
    ],
    "weekday": [
        "5:51",
        "6:16",
        "6:31",
        "6:46",
        "6:56",
        "7:03",
        "7:11",
        "7:19",
        "7:29",
        "7:41",
        "7:56",
        "8:11",
        "8:31",
        "8:51",
        "9:11",
        "9:31",
        "9:51",
        "10:21",
        "10:51",
        "11:21",
        "11:51",
        "12:21",
        "12:51",
        "13:21",
        "13:51",
        "14:21",
        "14:51",
        "15:21",
        "15:51",
        "16:21",
        "16:51",
        "17:26",
        "17:46",
        "18:06",
        "18:26",
        "18:46",
        "19:16",
        "19:46",
        "20:21",
        "20:46",
        "21:06",
        "22:06"
    ],
    "saturday": [
        "6:21",
        "6:51",
        "7:21",
        "7:51",
        "8:21",
        "8:41",
        "8:51",
        "9:21",
        "9:51",
        "10:21",
        "10:51",
        "11:21",
        "11:51",
        "12:21",
        "12:51",
        "13:21",
        "13:51",
        "14:21",
        "14:51",
        "15:21",
        "15:51",
        "16:21",
        "16:51",
        "17:21",
        "17:51",
        "18:21",
        "18:51",
        "19:21",
        "19:51",
        "20:21",
        "20:51",
        "21:21"
    ],
    "holiday": [
        "6:21",
        "6:51",
        "7:21",
        "7:51",
        "8:21",
        "8:41",
        "8:51",
        "9:21",
        "9:51",
        "10:21",
        "10:51",
        "11:21",
        "11:51",
        "12:21",
        "12:51",
        "13:21",
        "13:51",
        "14:21",
        "14:51",
        "15:21",
        "15:51",
        "16:21",
        "16:51",
        "17:21",
        "17:51",
        "18:21",
        "18:51",
        "19:21",
        "19:51",
        "20:21",
        "20:51"
    ],
    "url": "https://www.kanachu.co.jp/dia/diagram/timetable01_js/course:0000802416-5/node:00129289/kt:0/lname:/"
}
