{
    "date": "2024/03/16",
    "name": "清新中学校入口",
    "position": "-",
    "system": "相17",
    "destinations": [
        "グッディプレイス前",
        "さがみ夢大通り",
        "相模原駅南口"
    ],
    "weekday": [
        "6:01",
        "6:26",
        "6:41",
        "6:56",
        "7:08",
        "7:16",
        "7:24",
        "7:32",
        "7:42",
        "7:54",
        "8:09",
        "8:24",
        "8:44",
        "9:04",
        "9:22",
        "9:42",
        "10:02",
        "10:32",
        "11:02",
        "11:32",
        "12:02",
        "12:32",
        "13:02",
        "13:32",
        "14:02",
        "14:32",
        "15:02",
        "15:32",
        "16:02",
        "16:32",
        "17:02",
        "17:39",
        "17:59",
        "18:19",
        "18:39",
        "18:59",
        "19:29",
        "19:59",
        "20:31",
        "20:56",
        "21:16",
        "22:16"
    ],
    "saturday": [
        "6:31",
        "7:01",
        "7:31",
        "8:01",
        "8:31",
        "8:51",
        "9:01",
        "9:31",
        "10:01",
        "10:32",
        "11:02",
        "11:32",
        "12:02",
        "12:32",
        "13:02",
        "13:32",
        "14:02",
        "14:32",
        "15:02",
        "15:32",
        "16:02",
        "16:32",
        "17:02",
        "17:32",
        "18:02",
        "18:32",
        "19:02",
        "19:32",
        "20:02",
        "20:32",
        "21:02",
        "21:32"
    ],
    "holiday": [
        "6:31",
        "7:01",
        "7:31",
        "8:01",
        "8:31",
        "8:51",
        "9:01",
        "9:31",
        "10:01",
        "10:32",
        "11:02",
        "11:32",
        "12:02",
        "12:32",
        "13:02",
        "13:32",
        "14:02",
        "14:32",
        "15:02",
        "15:32",
        "16:02",
        "16:32",
        "17:02",
        "17:32",
        "18:02",
        "18:32",
        "19:02",
        "19:32",
        "20:02",
        "20:32",
        "21:02"
    ],
    "url": "https://www.kanachu.co.jp/dia/diagram/timetable01_js/course:0000802416-13/node:00129176/kt:0/lname:/"
}
