{
    "date": "2024/03/16",
    "name": "さがみ夢大通り",
    "position": "-",
    "system": "相17",
    "destinations": [
        "相模原駅南口"
    ],
    "weekday": [
        "6:04",
        "6:29",
        "6:44",
        "6:59",
        "7:12",
        "7:20",
        "7:28",
        "7:36",
        "7:46",
        "7:58",
        "8:13",
        "8:28",
        "8:48",
        "9:07",
        "9:25",
        "9:45",
        "10:05",
        "10:35",
        "11:05",
        "11:35",
        "12:05",
        "12:35",
        "13:05",
        "13:35",
        "14:05",
        "14:35",
        "15:05",
        "15:35",
        "16:05",
        "16:35",
        "17:06",
        "17:43",
        "18:03",
        "18:23",
        "18:43",
        "19:03",
        "19:33",
        "20:02",
        "20:34",
        "20:59",
        "21:19",
        "22:19"
    ],
    "saturday": [
        "6:34",
        "7:04",
        "7:34",
        "8:04",
        "8:34",
        "8:54",
        "9:04",
        "9:34",
        "10:04",
        "10:35",
        "11:05",
        "11:35",
        "12:05",
        "12:35",
        "13:05",
        "13:35",
        "14:05",
        "14:35",
        "15:05",
        "15:35",
        "16:05",
        "16:35",
        "17:05",
        "17:35",
        "18:05",
        "18:35",
        "19:04",
        "19:34",
        "20:04",
        "20:34",
        "21:04",
        "21:34"
    ],
    "holiday": [
        "6:34",
        "7:04",
        "7:34",
        "8:04",
        "8:34",
        "8:54",
        "9:04",
        "9:34",
        "10:04",
        "10:35",
        "11:05",
        "11:35",
        "12:05",
        "12:35",
        "13:05",
        "13:35",
        "14:05",
        "14:35",
        "15:05",
        "15:35",
        "16:05",
        "16:35",
        "17:05",
        "17:35",
        "18:05",
        "18:35",
        "19:04",
        "19:34",
        "20:04",
        "20:34",
        "21:04"
    ],
    "url": "https://www.kanachu.co.jp/dia/diagram/timetable01_js/course:0000802416-15/node:00129080/kt:0/lname:/"
}
