{
    "date": "2025/04/01",
    "name": "鶴川一丁目",
    "position": "-",
    "system": "鶴11",
    "destinations": [
        "能ヶ谷二丁目",
        "鶴川駅"
    ],
    "weekday": [
        "5:47",
        "6:02",
        "6:12",
        "6:22",
        "6:42",
        "7:02",
        "7:09",
        "7:16",
        "7:30",
        "7:37",
        "7:44",
        "8:02",
        "8:12",
        "8:32",
        "8:42",
        "9:02",
        "9:22",
        "9:32",
        "9:57",
        "10:27",
        "10:57",
        "11:27",
        "11:57",
        "12:27",
        "12:52",
        "13:02",
        "13:27",
        "13:57",
        "14:27",
        "14:57",
        "15:27",
        "15:38",
        "15:49",
        "16:00",
        "16:27",
        "16:42",
        "16:49",
        "17:03",
        "17:27",
        "17:51",
        "18:03",
        "18:27",
        "18:50",
        "19:00",
        "19:25",
        "19:58",
        "20:12",
        "21:27"
    ],
    "saturday": [
        "6:02",
        "6:22",
        "6:57",
        "7:12",
        "7:27",
        "7:42",
        "8:12",
        "8:42",
        "9:09",
        "9:33",
        "9:45",
        "9:57",
        "10:09",
        "10:33",
        "10:57",
        "11:09",
        "11:33",
        "11:57",
        "12:09",
        "12:33",
        "12:57",
        "13:09",
        "13:33",
        "13:57",
        "14:12",
        "14:57",
        "15:12",
        "15:43",
        "15:57",
        "16:12",
        "16:42",
        "17:12",
        "17:42",
        "18:06",
        "18:18",
        "18:42",
        "19:06",
        "19:18",
        "19:42",
        "20:22",
        "20:47",
        "21:07",
        "21:27"
    ],
    "holiday": [
        "6:02",
        "6:27",
        "6:52",
        "7:12",
        "7:32",
        "8:12",
        "8:32",
        "9:09",
        "9:33",
        "9:45",
        "9:57",
        "10:09",
        "10:33",
        "10:57",
        "11:12",
        "11:57",
        "12:12",
        "12:57",
        "13:12",
        "14:02",
        "15:02",
        "15:42",
        "16:02",
        "16:42",
        "17:12",
        "17:42",
        "18:12",
        "18:42",
        "19:12",
        "19:42",
        "20:22",
        "20:47",
        "21:07",
        "21:27"
    ],
    "url": "https://www.kanachu.co.jp/dia/diagram/timetable01_js/course:0000803481-9/node:00049316/kt:0/lname:/"
}
