{
    "date": "2025/08/04",
    "name": "城山(相模原市緑区)",
    "position": "-",
    "system": "橋14",
    "destinations": [
        "城山高校前",
        "都井沢",
        "谷ヶ原",
        "久保沢",
        "城山総合事務所入口",
        "原宿(相模原市緑区)",
        "東原宿",
        "森の上",
        "二本松(相模原市緑区)",
        "相原中央",
        "相原台",
        "大西(相模原市緑区)",
        "上町(相模原市緑区)",
        "香福寺前",
        "旭小学校前(相模原市緑区)",
        "旭農協前",
        "橋本駅北口"
    ],
    "weekday": [
        "6:38"
    ],
    "saturday": [],
    "holiday": [],
    "url": "https://www.kanachu.co.jp/dia/diagram/timetable01_js/course:0000801167-1/node:00128872/kt:0/lname:/"
}
