{
    "date": "2025/08/04",
    "name": "相原台",
    "position": "-",
    "system": "橋14",
    "destinations": [
        "大西(相模原市緑区)",
        "上町(相模原市緑区)",
        "香福寺前",
        "旭小学校前(相模原市緑区)",
        "旭農協前",
        "橋本駅北口"
    ],
    "weekday": [
        "6:51"
    ],
    "saturday": [],
    "holiday": [],
    "url": "https://www.kanachu.co.jp/dia/diagram/timetable01_js/course:0000801167-12/node:00128966/kt:0/lname:/"
}
