{
    "system": "橋14",
    "busstops": [
        {
            "index": "1",
            "id": "00128872",
            "name": "城山(相模原市緑区)",
            "lat": "35.59063",
            "lng": "139.283455"
        },
        {
            "index": "2",
            "id": "00128956",
            "name": "城山高校前",
            "lat": "35.588192",
            "lng": "139.285997"
        },
        {
            "index": "3",
            "id": "00128957",
            "name": "都井沢",
            "lat": "35.590927",
            "lng": "139.291089"
        },
        {
            "index": "4",
            "id": "00128958",
            "name": "谷ヶ原",
            "lat": "35.59152",
            "lng": "139.293626"
        },
        {
            "index": "5",
            "id": "00128959",
            "name": "久保沢",
            "lat": "35.593545",
            "lng": "139.300386"
        },
        {
            "index": "6",
            "id": "00128960",
            "name": "城山総合事務所入口",
            "lat": "35.596001",
            "lng": "139.304908"
        },
        {
            "index": "7",
            "id": "00128961",
            "name": "原宿(相模原市緑区)",
            "lat": "35.597044",
            "lng": "139.309345"
        },
        {
            "index": "8",
            "id": "00128962",
            "name": "東原宿",
            "lat": "35.597821",
            "lng": "139.313753"
        },
        {
            "index": "9",
            "id": "00128963",
            "name": "森の上",
            "lat": "35.598278",
            "lng": "139.316346"
        },
        {
            "index": "10",
            "id": "00128964",
            "name": "二本松(相模原市緑区)",
            "lat": "35.598551",
            "lng": "139.321613"
        },
        {
            "index": "11",
            "id": "00128965",
            "name": "相原中央",
            "lat": "35.598604",
            "lng": "139.324562"
        },
        {
            "index": "12",
            "id": "00128966",
            "name": "相原台",
            "lat": "35.598411",
            "lng": "139.32911"
        },
        {
            "index": "13",
            "id": "00128967",
            "name": "大西(相模原市緑区)",
            "lat": "35.598258",
            "lng": "139.331457"
        },
        {
            "index": "14",
            "id": "00128968",
            "name": "上町(相模原市緑区)",
            "lat": "35.597985",
            "lng": "139.335696"
        },
        {
            "index": "15",
            "id": "00020335",
            "name": "香福寺前",
            "lat": "35.600578",
            "lng": "139.341142"
        },
        {
            "index": "16",
            "id": "00020095",
            "name": "旭小学校前(相模原市緑区)",
            "lat": "35.599254",
            "lng": "139.343697"
        },
        {
            "index": "17",
            "id": "00020098",
            "name": "旭農協前",
            "lat": "35.59733",
            "lng": "139.346453"
        },
        {
            "index": "18",
            "id": "00128969",
            "name": "橋本駅北口",
            "lat": "35.595413",
            "lng": "139.344909"
        }
    ],
    "route_url": "https://www.kanachu.co.jp/dia/route/index/cid:0000801167/"
}
