{
    "date": "2025/03/15",
    "name": "ニュータウン入口(茅ケ崎市)",
    "position": "-",
    "system": "茅50",
    "destinations": [
        "神奈中営業所前",
        "前の田",
        "中央公園前(茅ケ崎市)",
        "茅ヶ崎駅"
    ],
    "weekday": [
        "7:15",
        "7:57",
        "8:42",
        "9:17",
        "10:02",
        "10:23",
        "10:57",
        "11:15",
        "11:52",
        "12:10",
        "12:35",
        "12:52",
        "13:09",
        "13:49",
        "14:05",
        "14:49",
        "15:05",
        "15:15",
        "15:49",
        "16:05",
        "16:25",
        "16:45",
        "16:55",
        "17:10",
        "17:25",
        "17:40",
        "18:00",
        "18:25",
        "18:35",
        "19:00",
        "19:15",
        "20:13",
        "21:58"
    ],
    "saturday": [
        "7:16",
        "8:16",
        "9:03",
        "9:21",
        "10:20",
        "10:50",
        "11:05",
        "11:20",
        "11:50",
        "12:25",
        "12:57",
        "13:20",
        "14:20",
        "15:20",
        "16:20",
        "17:20",
        "18:20"
    ],
    "holiday": [
        "8:10",
        "9:15",
        "10:15",
        "11:15",
        "12:15",
        "13:20",
        "14:20",
        "15:20",
        "16:20",
        "17:20",
        "18:20"
    ],
    "url": "https://www.kanachu.co.jp/dia/diagram/timetable01_js/course:0000800478-13/node:00127138/kt:0/lname:/"
}
