{
    "date": "2026/01/16",
    "name": "新町三丁目(藤沢市)",
    "position": "-",
    "system": "辻09",
    "destinations": [
        "新町二丁目(藤沢市)",
        "新町一丁目(藤沢市)",
        "辻堂駅北口",
        "辻堂駅西口",
        "東小和田",
        "小和田小学校",
        "幼稚園前(茅ケ崎市)",
        "菱沼団地入口",
        "菱沼二丁目",
        "松林",
        "松林二丁目",
        "室田一丁目",
        "室田小学校入口",
        "室田",
        "高田三丁目",
        "ニュータウン中央(茅ケ崎市)",
        "ニュータウン入口(茅ケ崎市)",
        "市立病院(茅ケ崎市)",
        "本村五丁目",
        "本村(茅ケ崎市)",
        "茅ヶ崎駅"
    ],
    "weekday": [
        "6:28",
        "6:58",
        "7:29",
        "8:06",
        "8:45",
        "10:16",
        "13:40",
        "17:39",
        "18:46",
        "19:26",
        "20:51"
    ],
    "saturday": [
        "7:31"
    ],
    "holiday": [
        "7:31"
    ],
    "url": "https://www.kanachu.co.jp/dia/diagram/timetable01_js/course:0000804209-3/node:00127313/kt:0/lname:/"
}
