{
    "date": "2026/01/16",
    "name": "松林",
    "position": "-",
    "system": "辻09",
    "destinations": [
        "松林二丁目",
        "室田一丁目",
        "室田小学校入口",
        "室田",
        "高田三丁目",
        "ニュータウン中央(茅ケ崎市)",
        "ニュータウン入口(茅ケ崎市)",
        "市立病院(茅ケ崎市)",
        "本村五丁目",
        "本村(茅ケ崎市)",
        "茅ヶ崎駅"
    ],
    "weekday": [
        "6:40",
        "7:11",
        "7:42",
        "8:19",
        "8:58",
        "10:29",
        "13:53",
        "17:54",
        "19:01",
        "19:38",
        "21:03"
    ],
    "saturday": [
        "7:43"
    ],
    "holiday": [
        "7:43"
    ],
    "url": "https://www.kanachu.co.jp/dia/diagram/timetable01_js/course:0000804209-13/node:00127282/kt:0/lname:/"
}
