{
    "date": "2026/01/16",
    "name": "高田三丁目",
    "position": "-",
    "system": "辻09",
    "destinations": [
        "ニュータウン中央(茅ケ崎市)",
        "ニュータウン入口(茅ケ崎市)",
        "市立病院(茅ケ崎市)",
        "本村五丁目",
        "本村(茅ケ崎市)",
        "茅ヶ崎駅"
    ],
    "weekday": [
        "6:45",
        "7:16",
        "7:47",
        "8:24",
        "9:03",
        "10:34",
        "13:58",
        "17:59",
        "19:06",
        "19:43",
        "21:08"
    ],
    "saturday": [
        "7:48"
    ],
    "holiday": [
        "7:48"
    ],
    "url": "https://www.kanachu.co.jp/dia/diagram/timetable01_js/course:0000804209-18/node:00127261/kt:0/lname:/"
}
