{
    "date": "2025/03/15",
    "name": "大庭隧道",
    "position": "-",
    "system": "辻34",
    "destinations": [
        "有藤",
        "西高校前(藤沢市)",
        "南センター前(藤沢市)",
        "小糸",
        "大庭小学校",
        "ライフタウン中央(藤沢市)",
        "二番構保健医療センター",
        "駒寄",
        "滝の沢(藤沢市)",
        "滝の沢不動前",
        "湘南ライフタウン",
        "刈込(藤沢市)",
        "諸之木",
        "慶応大学",
        "慶応大学本館前",
        "慶応中高降車場"
    ],
    "weekday": [
        "7:09",
        "7:29",
        "7:49",
        "8:00",
        "8:08",
        "8:19",
        "8:30",
        "9:27",
        "9:39",
        "9:54",
        "10:28",
        "10:50",
        "11:08",
        "11:28",
        "11:50",
        "12:08",
        "12:28",
        "12:50",
        "13:08",
        "13:28",
        "13:50",
        "14:08",
        "14:28",
        "14:50",
        "15:08",
        "15:28",
        "15:50",
        "16:08",
        "17:37",
        "17:49",
        "21:14",
        "21:54"
    ],
    "saturday": [
        "7:38",
        "7:58",
        "8:18",
        "8:38",
        "8:58",
        "9:18",
        "9:38",
        "9:58",
        "10:18",
        "10:38",
        "10:58",
        "11:18",
        "11:38",
        "11:58",
        "12:18",
        "12:38",
        "12:58",
        "13:18",
        "13:38",
        "13:58",
        "14:38",
        "14:58",
        "15:38",
        "15:58",
        "16:38",
        "16:58",
        "17:38",
        "17:58",
        "18:38"
    ],
    "holiday": [],
    "url": "https://www.kanachu.co.jp/dia/diagram/timetable01_js/course:0000802702-5/node:00129937/kt:0/lname:/"
}
