{
    "date": "2025/05/11",
    "name": "大船駅(横浜市栄区)",
    "position": "-",
    "system": "船16",
    "destinations": [
        "笠間一丁目",
        "岩井口",
        "笠間町",
        "笠間十字路",
        "平島(鎌倉市)",
        "鎌倉女子大前",
        "公田",
        "栄警察署前",
        "天神橋(横浜市栄区)",
        "団地入口(横浜市栄区)",
        "団地下(横浜市栄区)",
        "公田団地",
        "団地下(横浜市栄区)",
        "団地入口(横浜市栄区)",
        "南河内(横浜市栄区)",
        "本郷小学校前",
        "本郷(横浜市栄区)",
        "中野町",
        "稲荷森",
        "山手学院入口",
        "本郷車庫前(横浜市栄区)"
    ],
    "weekday": [
        "22:40",
        "23:05"
    ],
    "saturday": [
        "20:45",
        "21:15",
        "21:40",
        "22:30"
    ],
    "holiday": [
        "20:45",
        "21:15",
        "21:40",
        "22:30"
    ],
    "url": "https://www.kanachu.co.jp/dia/diagram/timetable01_js/course:0000802815-1/node:00126594/kt:0/lname:/"
}
