{
    "date": "2025/05/11",
    "name": "笠間十字路",
    "position": "-",
    "system": "船16",
    "destinations": [
        "平島(鎌倉市)",
        "鎌倉女子大前",
        "公田",
        "栄警察署前",
        "天神橋(横浜市栄区)",
        "団地入口(横浜市栄区)",
        "団地下(横浜市栄区)",
        "公田団地",
        "団地下(横浜市栄区)",
        "団地入口(横浜市栄区)",
        "南河内(横浜市栄区)",
        "本郷小学校前",
        "本郷(横浜市栄区)",
        "中野町",
        "稲荷森",
        "山手学院入口",
        "本郷車庫前(横浜市栄区)"
    ],
    "weekday": [
        "22:44",
        "23:09"
    ],
    "saturday": [
        "20:49",
        "21:19",
        "21:44",
        "22:34"
    ],
    "holiday": [
        "20:49",
        "21:19",
        "21:44",
        "22:34"
    ],
    "url": "https://www.kanachu.co.jp/dia/diagram/timetable01_js/course:0000802815-5/node:00126503/kt:0/lname:/"
}
