{
    "date": "2025/05/11",
    "name": "団地入口(横浜市栄区)",
    "position": "-",
    "system": "船16",
    "destinations": [
        "南河内(横浜市栄区)",
        "本郷小学校前",
        "本郷(横浜市栄区)",
        "中野町",
        "稲荷森",
        "山手学院入口",
        "本郷車庫前(横浜市栄区)"
    ],
    "weekday": [
        "22:56",
        "23:21"
    ],
    "saturday": [
        "21:00",
        "21:30",
        "21:55",
        "22:45"
    ],
    "holiday": [
        "21:00",
        "21:30",
        "21:55",
        "22:45"
    ],
    "url": "https://www.kanachu.co.jp/dia/diagram/timetable01_js/course:0000802815-15/node:00126539/kt:0/lname:/"
}
