{
    "date": "2025/05/11",
    "name": "南河内(横浜市栄区)",
    "position": "-",
    "system": "船16",
    "destinations": [
        "本郷小学校前",
        "本郷(横浜市栄区)",
        "中野町",
        "稲荷森",
        "山手学院入口",
        "本郷車庫前(横浜市栄区)"
    ],
    "weekday": [
        "22:57",
        "23:22"
    ],
    "saturday": [
        "21:01",
        "21:31",
        "21:56",
        "22:46"
    ],
    "holiday": [
        "21:01",
        "21:31",
        "21:56",
        "22:46"
    ],
    "url": "https://www.kanachu.co.jp/dia/diagram/timetable01_js/course:0000802815-16/node:00126508/kt:0/lname:/"
}
