{
    "date": "2025/05/11",
    "name": "本郷小学校前",
    "position": "-",
    "system": "船16",
    "destinations": [
        "本郷(横浜市栄区)",
        "中野町",
        "稲荷森",
        "山手学院入口",
        "本郷車庫前(横浜市栄区)"
    ],
    "weekday": [
        "22:58",
        "23:23"
    ],
    "saturday": [
        "21:02",
        "21:32",
        "21:57",
        "22:47"
    ],
    "holiday": [
        "21:02",
        "21:32",
        "21:57",
        "22:47"
    ],
    "url": "https://www.kanachu.co.jp/dia/diagram/timetable01_js/course:0000802815-17/node:00126509/kt:0/lname:/"
}
