{
    "date": "2025/05/11",
    "name": "中野町",
    "position": "-",
    "system": "船16",
    "destinations": [
        "稲荷森",
        "山手学院入口",
        "本郷車庫前(横浜市栄区)"
    ],
    "weekday": [
        "22:59",
        "23:24"
    ],
    "saturday": [
        "21:03",
        "21:33",
        "21:58",
        "22:48"
    ],
    "holiday": [
        "21:03",
        "21:33",
        "21:58",
        "22:48"
    ],
    "url": "https://www.kanachu.co.jp/dia/diagram/timetable01_js/course:0000802815-19/node:00126511/kt:0/lname:/"
}
