{
    "date": "2025/11/16",
    "name": "森の里",
    "position": "-",
    "system": "愛16",
    "destinations": [
        "森の里五丁目",
        "森の里四丁目",
        "厚木西高校",
        "森の里センター",
        "若宮橋(厚木市)",
        "榎田",
        "小野橋(厚木市)",
        "小野宮前",
        "広町橋",
        "籠堰橋",
        "聖木",
        "愛甲郵便局前",
        "上愛甲",
        "愛甲橋",
        "堂山",
        "宮前(厚木市)",
        "愛甲石田駅"
    ],
    "weekday": [
        "6:28",
        "6:53",
        "7:23",
        "7:53",
        "8:23",
        "8:53",
        "9:48",
        "10:58",
        "11:58"
    ],
    "saturday": [
        "6:55",
        "7:45",
        "8:25",
        "8:50",
        "9:25",
        "9:55",
        "10:25",
        "11:25",
        "12:25",
        "13:25",
        "14:25",
        "15:25",
        "16:25",
        "17:25",
        "17:55",
        "18:55"
    ],
    "holiday": [
        "6:55",
        "7:45",
        "8:20",
        "8:50",
        "9:25",
        "9:55",
        "10:25",
        "11:25",
        "12:25",
        "13:25",
        "14:25",
        "15:25",
        "16:25",
        "17:25",
        "17:55",
        "18:55"
    ],
    "url": "https://www.kanachu.co.jp/dia/diagram/timetable01_js/course:0000800959-1/node:00128649/kt:0/lname:/"
}
