{
    "date": "2025/11/16",
    "name": "森の里四丁目",
    "position": "-",
    "system": "愛16",
    "destinations": [
        "厚木西高校",
        "森の里センター",
        "若宮橋(厚木市)",
        "榎田",
        "小野橋(厚木市)",
        "小野宮前",
        "広町橋",
        "籠堰橋",
        "聖木",
        "愛甲郵便局前",
        "上愛甲",
        "愛甲橋",
        "堂山",
        "宮前(厚木市)",
        "愛甲石田駅"
    ],
    "weekday": [
        "6:29",
        "6:54",
        "7:24",
        "7:54",
        "8:24",
        "8:54",
        "9:49",
        "10:59",
        "11:59"
    ],
    "saturday": [
        "6:56",
        "7:46",
        "8:26",
        "8:51",
        "9:26",
        "9:56",
        "10:26",
        "11:26",
        "12:26",
        "13:26",
        "14:26",
        "15:26",
        "16:26",
        "17:26",
        "17:56",
        "18:56"
    ],
    "holiday": [
        "6:56",
        "7:46",
        "8:21",
        "8:51",
        "9:26",
        "9:56",
        "10:26",
        "11:26",
        "12:26",
        "13:26",
        "14:26",
        "15:26",
        "16:26",
        "17:26",
        "17:56",
        "18:56"
    ],
    "url": "https://www.kanachu.co.jp/dia/diagram/timetable01_js/course:0000800959-3/node:00128661/kt:0/lname:/"
}
