{
    "date": "2025/11/16",
    "name": "厚木西高校",
    "position": "-",
    "system": "愛16",
    "destinations": [
        "森の里センター",
        "若宮橋(厚木市)",
        "榎田",
        "小野橋(厚木市)",
        "小野宮前",
        "広町橋",
        "籠堰橋",
        "聖木",
        "愛甲郵便局前",
        "上愛甲",
        "愛甲橋",
        "堂山",
        "宮前(厚木市)",
        "愛甲石田駅"
    ],
    "weekday": [
        "6:30",
        "6:55",
        "7:25",
        "7:55",
        "8:25",
        "8:55",
        "9:50",
        "11:00",
        "12:00"
    ],
    "saturday": [
        "6:57",
        "7:47",
        "8:27",
        "8:52",
        "9:27",
        "9:57",
        "10:27",
        "11:27",
        "12:27",
        "13:27",
        "14:27",
        "15:27",
        "16:27",
        "17:27",
        "17:57",
        "18:57"
    ],
    "holiday": [
        "6:57",
        "7:47",
        "8:22",
        "8:52",
        "9:27",
        "9:57",
        "10:27",
        "11:27",
        "12:27",
        "13:27",
        "14:27",
        "15:27",
        "16:27",
        "17:27",
        "17:57",
        "18:57"
    ],
    "url": "https://www.kanachu.co.jp/dia/diagram/timetable01_js/course:0000800959-4/node:00128663/kt:0/lname:/"
}
