{
    "date": "2025/11/16",
    "name": "森の里センター",
    "position": "-",
    "system": "愛16",
    "destinations": [
        "若宮橋(厚木市)",
        "榎田",
        "小野橋(厚木市)",
        "小野宮前",
        "広町橋",
        "籠堰橋",
        "聖木",
        "愛甲郵便局前",
        "上愛甲",
        "愛甲橋",
        "堂山",
        "宮前(厚木市)",
        "愛甲石田駅"
    ],
    "weekday": [
        "6:31",
        "6:56",
        "7:26",
        "7:56",
        "8:26",
        "8:56",
        "9:51",
        "11:01",
        "12:01"
    ],
    "saturday": [
        "6:58",
        "7:48",
        "8:28",
        "8:53",
        "9:28",
        "9:58",
        "10:28",
        "11:28",
        "12:28",
        "13:28",
        "14:28",
        "15:28",
        "16:28",
        "17:28",
        "17:58",
        "18:58"
    ],
    "holiday": [
        "6:58",
        "7:48",
        "8:23",
        "8:53",
        "9:28",
        "9:58",
        "10:28",
        "11:28",
        "12:28",
        "13:28",
        "14:28",
        "15:28",
        "16:28",
        "17:28",
        "17:58",
        "18:58"
    ],
    "url": "https://www.kanachu.co.jp/dia/diagram/timetable01_js/course:0000800959-5/node:00128662/kt:0/lname:/"
}
