{
    "date": "2025/11/16",
    "name": "籠堰橋",
    "position": "-",
    "system": "愛16",
    "destinations": [
        "聖木",
        "愛甲郵便局前",
        "上愛甲",
        "愛甲橋",
        "堂山",
        "宮前(厚木市)",
        "愛甲石田駅"
    ],
    "weekday": [
        "6:35",
        "7:00",
        "7:31",
        "8:01",
        "8:31",
        "9:01",
        "9:56",
        "11:06",
        "12:06"
    ],
    "saturday": [
        "7:03",
        "7:54",
        "8:34",
        "8:59",
        "9:34",
        "10:04",
        "10:34",
        "11:34",
        "12:34",
        "13:34",
        "14:34",
        "15:34",
        "16:34",
        "17:34",
        "18:04",
        "19:03"
    ],
    "holiday": [
        "7:03",
        "7:54",
        "8:29",
        "8:59",
        "9:34",
        "10:04",
        "10:34",
        "11:34",
        "12:34",
        "13:34",
        "14:34",
        "15:34",
        "16:34",
        "17:34",
        "18:04",
        "19:03"
    ],
    "url": "https://www.kanachu.co.jp/dia/diagram/timetable01_js/course:0000800959-11/node:00128499/kt:0/lname:/"
}
