{
    "date": "2025/11/16",
    "name": "聖木",
    "position": "-",
    "system": "愛16",
    "destinations": [
        "愛甲郵便局前",
        "上愛甲",
        "愛甲橋",
        "堂山",
        "宮前(厚木市)",
        "愛甲石田駅"
    ],
    "weekday": [
        "6:36",
        "7:01",
        "7:32",
        "8:02",
        "8:32",
        "9:02",
        "9:57",
        "11:07",
        "12:07"
    ],
    "saturday": [
        "7:04",
        "7:55",
        "8:35",
        "9:00",
        "9:35",
        "10:05",
        "10:35",
        "11:35",
        "12:35",
        "13:35",
        "14:35",
        "15:35",
        "16:35",
        "17:35",
        "18:05",
        "19:04"
    ],
    "holiday": [
        "7:04",
        "7:55",
        "8:30",
        "9:00",
        "9:35",
        "10:05",
        "10:35",
        "11:35",
        "12:35",
        "13:35",
        "14:35",
        "15:35",
        "16:35",
        "17:35",
        "18:05",
        "19:04"
    ],
    "url": "https://www.kanachu.co.jp/dia/diagram/timetable01_js/course:0000800959-12/node:00128524/kt:0/lname:/"
}
