{
    "date": "2025/04/19",
    "name": "老人ホーム入口(相模原市南区)",
    "position": "-",
    "system": "相02",
    "destinations": [
        "嶽の内入口",
        "共和(相模原市中央区)",
        "宇宙科学研究本部",
        "淵野辺十字路",
        "鹿沼公園南入口",
        "鹿沼台",
        "矢部駅入口",
        "中央小学校北",
        "相模原警察署前",
        "さがみ夢大通り",
        "相模原駅南口"
    ],
    "weekday": [
        "6:31",
        "7:01",
        "7:18",
        "7:30",
        "7:42",
        "7:54",
        "8:06",
        "8:23",
        "8:43",
        "9:03",
        "9:33",
        "10:03"
    ],
    "saturday": [
        "6:51",
        "7:26",
        "8:01",
        "8:31",
        "9:01",
        "9:33",
        "10:03"
    ],
    "holiday": [
        "6:51",
        "7:26",
        "8:01",
        "8:31",
        "9:01",
        "9:33",
        "10:03"
    ],
    "url": "https://www.kanachu.co.jp/dia/diagram/timetable01_js/course:0000802380-9/node:00129298/kt:0/lname:/"
}
