{
    "date": "2025/04/19",
    "name": "淵野辺十字路",
    "position": "-",
    "system": "相02",
    "destinations": [
        "鹿沼公園南入口",
        "鹿沼台",
        "矢部駅入口",
        "中央小学校北",
        "相模原警察署前",
        "さがみ夢大通り",
        "相模原駅南口"
    ],
    "weekday": [
        "6:36",
        "7:10",
        "7:27",
        "7:39",
        "7:51",
        "8:03",
        "8:15",
        "8:32",
        "8:52",
        "9:12",
        "9:42",
        "10:12"
    ],
    "saturday": [
        "6:56",
        "7:31",
        "8:06",
        "8:36",
        "9:11",
        "9:43",
        "10:13"
    ],
    "holiday": [
        "6:56",
        "7:31",
        "8:06",
        "8:36",
        "9:11",
        "9:43",
        "10:13"
    ],
    "url": "https://www.kanachu.co.jp/dia/diagram/timetable01_js/course:0000802380-13/node:00129248/kt:0/lname:/"
}
