{
    "date": "2025/04/19",
    "name": "鹿沼公園南入口",
    "position": "-",
    "system": "相02",
    "destinations": [
        "鹿沼台",
        "矢部駅入口",
        "中央小学校北",
        "相模原警察署前",
        "さがみ夢大通り",
        "相模原駅南口"
    ],
    "weekday": [
        "6:37",
        "7:11",
        "7:28",
        "7:40",
        "7:52",
        "8:04",
        "8:16",
        "8:33",
        "8:53",
        "9:13",
        "9:43",
        "10:13"
    ],
    "saturday": [
        "6:57",
        "7:32",
        "8:07",
        "8:37",
        "9:12",
        "9:44",
        "10:14"
    ],
    "holiday": [
        "6:57",
        "7:32",
        "8:07",
        "8:37",
        "9:12",
        "9:44",
        "10:14"
    ],
    "url": "https://www.kanachu.co.jp/dia/diagram/timetable01_js/course:0000802380-14/node:00129102/kt:0/lname:/"
}
