{
    "date": "2025/04/19",
    "name": "さがみ夢大通り",
    "position": "-",
    "system": "相02",
    "destinations": [
        "相模原駅南口"
    ],
    "weekday": [
        "6:47",
        "7:23",
        "7:40",
        "7:52",
        "8:04",
        "8:16",
        "8:28",
        "8:45",
        "9:05",
        "9:25",
        "9:55",
        "10:25"
    ],
    "saturday": [
        "7:04",
        "7:39",
        "8:14",
        "8:44",
        "9:23",
        "9:55",
        "10:25"
    ],
    "holiday": [
        "7:04",
        "7:39",
        "8:14",
        "8:44",
        "9:23",
        "9:55",
        "10:25"
    ],
    "url": "https://www.kanachu.co.jp/dia/diagram/timetable01_js/course:0000802380-19/node:00129080/kt:0/lname:/"
}
