{
    "date": "2025/08/30",
    "name": "戸部警察署前",
    "position": "-",
    "system": "",
    "destinations": [
        "戸部駅前",
        "西平沼橋",
        "西区総合庁舎入口",
        "浜松町(横浜市西区)",
        "水道道",
        "久保町(横浜市西区)",
        "西久保町",
        "保土ヶ谷駅東口",
        "保土ヶ谷橋",
        "八幡橋(横浜市保土ケ谷区)",
        "保土ヶ谷町2丁目",
        "樹源寺前",
        "元町橋交番前",
        "権太坂",
        "権太坂上",
        "児童遊園地入口",
        "狩場町",
        "平和台",
        "山谷(横浜市戸塚区)",
        "坂下口",
        "平戸(横浜市港南区)",
        "芹が谷団地前",
        "せりぎんタウン",
        "芹が谷"
    ],
    "weekday": [
        "6:38",
        "7:25",
        "8:23",
        "9:25",
        "10:39",
        "11:39",
        "12:29",
        "13:19",
        "14:19",
        "15:19",
        "16:19",
        "17:19",
        "18:19",
        "19:20",
        "20:19",
        "21:12",
        "22:03"
    ],
    "saturday": [
        "6:41",
        "7:23",
        "8:38",
        "9:03",
        "10:20",
        "11:24",
        "12:24",
        "13:24",
        "14:24",
        "15:19",
        "16:19",
        "17:19",
        "18:19",
        "19:19",
        "20:29",
        "21:12"
    ],
    "holiday": [
        "6:41",
        "7:23",
        "8:38",
        "9:03",
        "10:20",
        "11:24",
        "12:24",
        "13:24",
        "14:24",
        "15:19",
        "16:19",
        "17:19",
        "18:19",
        "19:19",
        "20:29",
        "21:12"
    ],
    "url": "https://www.kanachu.co.jp/dia/diagram/timetable01_js/course:0000802099-2/node:00102779/kt:0/lname:/"
}
