{
    "date": "2025/08/30",
    "name": "戸部駅前",
    "position": "-",
    "system": "",
    "destinations": [
        "西平沼橋",
        "西区総合庁舎入口",
        "浜松町(横浜市西区)",
        "水道道",
        "久保町(横浜市西区)",
        "西久保町",
        "保土ヶ谷駅東口",
        "保土ヶ谷橋",
        "八幡橋(横浜市保土ケ谷区)",
        "保土ヶ谷町2丁目",
        "樹源寺前",
        "元町橋交番前",
        "権太坂",
        "権太坂上",
        "児童遊園地入口",
        "狩場町",
        "平和台",
        "山谷(横浜市戸塚区)",
        "坂下口",
        "平戸(横浜市港南区)",
        "芹が谷団地前",
        "せりぎんタウン",
        "芹が谷"
    ],
    "weekday": [
        "6:39",
        "7:26",
        "8:24",
        "9:26",
        "10:40",
        "11:40",
        "12:30",
        "13:20",
        "14:20",
        "15:20",
        "16:20",
        "17:20",
        "18:20",
        "19:21",
        "20:20",
        "21:13",
        "22:04"
    ],
    "saturday": [
        "6:42",
        "7:24",
        "8:39",
        "9:04",
        "10:21",
        "11:25",
        "12:25",
        "13:25",
        "14:25",
        "15:20",
        "16:20",
        "17:20",
        "18:20",
        "19:20",
        "20:30",
        "21:13"
    ],
    "holiday": [
        "6:42",
        "7:24",
        "8:39",
        "9:04",
        "10:21",
        "11:25",
        "12:25",
        "13:25",
        "14:25",
        "15:20",
        "16:20",
        "17:20",
        "18:20",
        "19:20",
        "20:30",
        "21:13"
    ],
    "url": "https://www.kanachu.co.jp/dia/diagram/timetable01_js/course:0000802099-3/node:00102778/kt:0/lname:/"
}
