{
    "date": "2025/08/30",
    "name": "保土ヶ谷駅東口",
    "position": "-",
    "system": "77",
    "destinations": [
        "保土ヶ谷橋",
        "八幡橋(横浜市保土ケ谷区)",
        "保土ヶ谷町2丁目",
        "樹源寺前",
        "元町橋交番前",
        "権太坂",
        "権太坂上",
        "児童遊園地入口",
        "狩場町",
        "平和台",
        "山谷(横浜市戸塚区)",
        "坂下口",
        "平戸(横浜市港南区)",
        "芹が谷団地前",
        "せりぎんタウン",
        "芹が谷"
    ],
    "weekday": [
        "6:51",
        "7:39",
        "8:37",
        "9:39",
        "10:53",
        "11:53",
        "12:43",
        "13:33",
        "14:33",
        "15:33",
        "16:33",
        "17:33",
        "18:33",
        "19:33",
        "20:32",
        "21:25",
        "22:16"
    ],
    "saturday": [
        "6:54",
        "7:36",
        "8:52",
        "9:17",
        "10:34",
        "11:38",
        "12:38",
        "13:38",
        "14:38",
        "15:33",
        "16:33",
        "17:33",
        "18:33",
        "19:32",
        "20:42",
        "21:25"
    ],
    "holiday": [
        "6:54",
        "7:36",
        "8:52",
        "9:17",
        "10:34",
        "11:38",
        "12:38",
        "13:38",
        "14:38",
        "15:33",
        "16:33",
        "17:33",
        "18:33",
        "19:32",
        "20:42",
        "21:25"
    ],
    "url": "https://www.kanachu.co.jp/dia/diagram/timetable01_js/course:0000802099-10/node:00103043/kt:0/lname:/"
}
