{
    "date": "2025/08/30",
    "name": "八幡橋(横浜市保土ケ谷区)",
    "position": "-",
    "system": "77",
    "destinations": [
        "保土ヶ谷町2丁目",
        "樹源寺前",
        "元町橋交番前",
        "権太坂",
        "権太坂上",
        "児童遊園地入口",
        "狩場町",
        "平和台",
        "山谷(横浜市戸塚区)",
        "坂下口",
        "平戸(横浜市港南区)",
        "芹が谷団地前",
        "せりぎんタウン",
        "芹が谷"
    ],
    "weekday": [
        "6:54",
        "7:42",
        "8:40",
        "9:42",
        "10:56",
        "11:56",
        "12:46",
        "13:36",
        "14:36",
        "15:36",
        "16:36",
        "17:36",
        "18:36",
        "19:36",
        "20:35",
        "21:28",
        "22:19"
    ],
    "saturday": [
        "6:57",
        "7:39",
        "8:55",
        "9:20",
        "10:37",
        "11:41",
        "12:41",
        "13:41",
        "14:41",
        "15:36",
        "16:36",
        "17:36",
        "18:36",
        "19:35",
        "20:45",
        "21:28"
    ],
    "holiday": [
        "6:57",
        "7:39",
        "8:55",
        "9:20",
        "10:37",
        "11:41",
        "12:41",
        "13:41",
        "14:41",
        "15:36",
        "16:36",
        "17:36",
        "18:36",
        "19:35",
        "20:45",
        "21:28"
    ],
    "url": "https://www.kanachu.co.jp/dia/diagram/timetable01_js/course:0000802099-12/node:00102921/kt:0/lname:/"
}
