{
    "date": "2025/08/30",
    "name": "保土ヶ谷町2丁目",
    "position": "-",
    "system": "",
    "destinations": [
        "樹源寺前",
        "元町橋交番前",
        "権太坂",
        "権太坂上",
        "児童遊園地入口",
        "狩場町",
        "平和台",
        "山谷(横浜市戸塚区)",
        "坂下口",
        "平戸(横浜市港南区)",
        "芹が谷団地前",
        "せりぎんタウン",
        "芹が谷"
    ],
    "weekday": [
        "6:55",
        "7:44",
        "8:42",
        "9:44",
        "10:58",
        "11:58",
        "12:48",
        "13:38",
        "14:38",
        "15:38",
        "16:38",
        "17:38",
        "18:38",
        "19:37",
        "20:36",
        "21:29",
        "22:20"
    ],
    "saturday": [
        "6:58",
        "7:40",
        "8:56",
        "9:21",
        "10:39",
        "11:43",
        "12:43",
        "13:43",
        "14:43",
        "15:38",
        "16:38",
        "17:38",
        "18:38",
        "19:36",
        "20:46",
        "21:29"
    ],
    "holiday": [
        "6:58",
        "7:40",
        "8:56",
        "9:21",
        "10:39",
        "11:43",
        "12:43",
        "13:43",
        "14:43",
        "15:38",
        "16:38",
        "17:38",
        "18:38",
        "19:36",
        "20:46",
        "21:29"
    ],
    "url": "https://www.kanachu.co.jp/dia/diagram/timetable01_js/course:0000802099-13/node:00103045/kt:0/lname:/"
}
