{
    "date": "2025/08/30",
    "name": "樹源寺前",
    "position": "-",
    "system": "",
    "destinations": [
        "元町橋交番前",
        "権太坂",
        "権太坂上",
        "児童遊園地入口",
        "狩場町",
        "平和台",
        "山谷(横浜市戸塚区)",
        "坂下口",
        "平戸(横浜市港南区)",
        "芹が谷団地前",
        "せりぎんタウン",
        "芹が谷"
    ],
    "weekday": [
        "6:57",
        "7:46",
        "8:44",
        "9:46",
        "11:00",
        "12:00",
        "12:50",
        "13:40",
        "14:40",
        "15:40",
        "16:40",
        "17:40",
        "18:40",
        "19:39",
        "20:38",
        "21:31",
        "22:22"
    ],
    "saturday": [
        "6:59",
        "7:41",
        "8:58",
        "9:23",
        "10:41",
        "11:45",
        "12:45",
        "13:45",
        "14:45",
        "15:40",
        "16:40",
        "17:40",
        "18:40",
        "19:38",
        "20:48",
        "21:31"
    ],
    "holiday": [
        "6:59",
        "7:41",
        "8:58",
        "9:23",
        "10:41",
        "11:45",
        "12:45",
        "13:45",
        "14:45",
        "15:40",
        "16:40",
        "17:40",
        "18:40",
        "19:38",
        "20:48",
        "21:31"
    ],
    "url": "https://www.kanachu.co.jp/dia/diagram/timetable01_js/course:0000802099-14/node:00102603/kt:0/lname:/"
}
