{
    "date": "2025/08/30",
    "name": "狩場町",
    "position": "-",
    "system": "",
    "destinations": [
        "平和台",
        "山谷(横浜市戸塚区)",
        "坂下口",
        "平戸(横浜市港南区)",
        "芹が谷団地前",
        "せりぎんタウン",
        "芹が谷"
    ],
    "weekday": [
        "7:04",
        "7:55",
        "8:53",
        "9:55",
        "11:09",
        "12:09",
        "12:59",
        "13:49",
        "14:49",
        "15:49",
        "16:49",
        "17:49",
        "18:49",
        "19:45",
        "20:44",
        "21:37",
        "22:28"
    ],
    "saturday": [
        "7:04",
        "7:46",
        "9:04",
        "9:29",
        "10:50",
        "11:54",
        "12:54",
        "13:54",
        "14:54",
        "15:49",
        "16:49",
        "17:49",
        "18:49",
        "19:44",
        "20:54",
        "21:37"
    ],
    "holiday": [
        "7:04",
        "7:46",
        "9:04",
        "9:29",
        "10:50",
        "11:54",
        "12:54",
        "13:54",
        "14:54",
        "15:49",
        "16:49",
        "17:49",
        "18:49",
        "19:44",
        "20:54",
        "21:37"
    ],
    "url": "https://www.kanachu.co.jp/dia/diagram/timetable01_js/course:0000802099-19/node:00102378/kt:0/lname:/"
}
