{
    "date": "2025/08/30",
    "name": "平戸(横浜市港南区)",
    "position": "-",
    "system": "",
    "destinations": [
        "芹が谷団地前",
        "せりぎんタウン",
        "芹が谷"
    ],
    "weekday": [
        "7:11",
        "8:02",
        "9:00",
        "10:02",
        "11:16",
        "12:16",
        "13:06",
        "13:56",
        "14:56",
        "15:56",
        "16:56",
        "17:56",
        "18:56",
        "19:52",
        "20:51",
        "21:44",
        "22:35"
    ],
    "saturday": [
        "7:11",
        "7:53",
        "9:11",
        "9:36",
        "10:57",
        "12:01",
        "13:01",
        "14:01",
        "15:01",
        "15:56",
        "16:56",
        "17:56",
        "18:56",
        "19:51",
        "21:01",
        "21:44"
    ],
    "holiday": [
        "7:11",
        "7:53",
        "9:11",
        "9:36",
        "10:57",
        "12:01",
        "13:01",
        "14:01",
        "15:01",
        "15:56",
        "16:56",
        "17:56",
        "18:56",
        "19:51",
        "21:01",
        "21:44"
    ],
    "url": "https://www.kanachu.co.jp/dia/diagram/timetable01_js/course:0000802099-23/node:00102977/kt:0/lname:/"
}
