{
    "system": "",
    "busstops": [
        {
            "index": "1",
            "id": "00025535",
            "name": "横浜駅東口",
            "lat": "35.46567",
            "lng": "139.625444"
        },
        {
            "index": "2",
            "id": "00102779",
            "name": "戸部警察署前",
            "lat": "35.457766",
            "lng": "139.621278"
        },
        {
            "index": "3",
            "id": "00102778",
            "name": "戸部駅前",
            "lat": "35.457002",
            "lng": "139.618845"
        },
        {
            "index": "4",
            "id": "00102881",
            "name": "西平沼橋",
            "lat": "35.456263",
            "lng": "139.617088"
        },
        {
            "index": "5",
            "id": "00102882",
            "name": "西区総合庁舎入口",
            "lat": "35.455127",
            "lng": "139.614655"
        },
        {
            "index": "6",
            "id": "00102929",
            "name": "浜松町(横浜市西区)",
            "lat": "35.453753",
            "lng": "139.611815"
        },
        {
            "index": "7",
            "id": "00102647",
            "name": "水道道",
            "lat": "35.452383",
            "lng": "139.608727"
        },
        {
            "index": "8",
            "id": "00102455",
            "name": "久保町(横浜市西区)",
            "lat": "35.451327",
            "lng": "139.606244"
        },
        {
            "index": "9",
            "id": "00102879",
            "name": "西久保町",
            "lat": "35.449522",
            "lng": "139.603252"
        },
        {
            "index": "10",
            "id": "00103043",
            "name": "保土ヶ谷駅東口",
            "lat": "35.445491",
            "lng": "139.59938"
        },
        {
            "index": "11",
            "id": "00103042",
            "name": "保土ヶ谷橋",
            "lat": "35.444218",
            "lng": "139.594407"
        },
        {
            "index": "12",
            "id": "00102921",
            "name": "八幡橋(横浜市保土ケ谷区)",
            "lat": "35.444642",
            "lng": "139.592256"
        },
        {
            "index": "13",
            "id": "00103045",
            "name": "保土ヶ谷町2丁目",
            "lat": "35.445256",
            "lng": "139.588979"
        },
        {
            "index": "14",
            "id": "00102603",
            "name": "樹源寺前",
            "lat": "35.444843",
            "lng": "139.583448"
        },
        {
            "index": "15",
            "id": "00103177",
            "name": "元町橋交番前",
            "lat": "35.444754",
            "lng": "139.577761"
        },
        {
            "index": "16",
            "id": "00102508",
            "name": "権太坂",
            "lat": "35.442613",
            "lng": "139.576394"
        },
        {
            "index": "17",
            "id": "00102509",
            "name": "権太坂上",
            "lat": "35.438049",
            "lng": "139.575916"
        },
        {
            "index": "18",
            "id": "00102575",
            "name": "児童遊園地入口",
            "lat": "35.435378",
            "lng": "139.576361"
        },
        {
            "index": "19",
            "id": "00102378",
            "name": "狩場町",
            "lat": "35.432996",
            "lng": "139.575771"
        },
        {
            "index": "20",
            "id": "00126621",
            "name": "平和台",
            "lat": "35.428416",
            "lng": "139.572448"
        },
        {
            "index": "21",
            "id": "00126620",
            "name": "山谷(横浜市戸塚区)",
            "lat": "35.425433",
            "lng": "139.568921"
        },
        {
            "index": "22",
            "id": "00126619",
            "name": "坂下口",
            "lat": "35.422381",
            "lng": "139.565142"
        },
        {
            "index": "23",
            "id": "00102977",
            "name": "平戸(横浜市港南区)",
            "lat": "35.418827",
            "lng": "139.562474"
        },
        {
            "index": "24",
            "id": "00126569",
            "name": "芹が谷団地前",
            "lat": "35.417153",
            "lng": "139.567506"
        },
        {
            "index": "25",
            "id": "00126568",
            "name": "せりぎんタウン",
            "lat": "35.416726",
            "lng": "139.57092"
        },
        {
            "index": "26",
            "id": "00126567",
            "name": "芹が谷",
            "lat": "35.415964",
            "lng": "139.574826"
        }
    ],
    "route_url": "https://www.kanachu.co.jp/dia/route/index/cid:0000802099/"
}
