{
    "date": "2025/01/14",
    "name": "金田(厚木市)",
    "position": "-",
    "system": "厚60",
    "destinations": [
        "金田神社前",
        "下依知入口",
        "追分(厚木市)",
        "蓮生寺(厚木市)",
        "関口(厚木市)",
        "依知小学校前",
        "中平(厚木市)",
        "中荻原",
        "六本松(厚木市)",
        "坂本入口",
        "桜台(愛甲郡愛川町)",
        "運輸支局入口(愛甲郡愛川町)",
        "一本松(愛甲郡愛川町)",
        "局前(愛甲郡愛川町)",
        "中津(愛甲郡愛川町)",
        "東中学校前(愛甲郡愛川町)",
        "箕輪(愛甲郡愛川町)",
        "愛川町役場",
        "箕輪辻",
        "愛川高校前",
        "高峰小学校前",
        "愛川ハイテク団地入口",
        "三増下宿",
        "三増",
        "中里遊園地前",
        "上三増"
    ],
    "weekday": [
        "6:27",
        "6:52",
        "8:03",
        "8:25",
        "8:50",
        "9:25",
        "9:55",
        "10:25",
        "10:55",
        "11:25",
        "11:55",
        "12:25",
        "12:55",
        "13:25",
        "13:55",
        "14:25",
        "14:55",
        "15:25",
        "15:55",
        "16:25",
        "16:55",
        "17:25",
        "17:55",
        "18:34",
        "18:48",
        "19:48"
    ],
    "saturday": [
        "6:57",
        "7:22",
        "7:59",
        "8:21",
        "8:45",
        "9:21",
        "9:45",
        "10:25",
        "11:10",
        "11:40",
        "12:25",
        "13:10",
        "13:40",
        "14:25",
        "15:10",
        "15:40",
        "16:25",
        "17:10",
        "17:40",
        "18:25",
        "19:09",
        "19:39"
    ],
    "holiday": [
        "6:57",
        "7:47",
        "8:47",
        "9:47",
        "10:50",
        "11:50",
        "12:50",
        "13:50",
        "14:50",
        "15:50",
        "16:50",
        "17:50",
        "18:49",
        "19:49"
    ],
    "url": "https://www.kanachu.co.jp/dia/diagram/timetable01_js/course:0000801184-7/node:00128347/kt:0/lname:/"
}
