{
    "date": "2025/01/14",
    "name": "箕輪辻",
    "position": "-",
    "system": "厚60",
    "destinations": [
        "愛川高校前",
        "高峰小学校前",
        "愛川ハイテク団地入口",
        "三増下宿",
        "三増",
        "中里遊園地前",
        "上三増"
    ],
    "weekday": [
        "6:52",
        "7:19",
        "8:30",
        "8:52",
        "9:17",
        "9:52",
        "10:22",
        "10:52",
        "11:22",
        "11:52",
        "12:22",
        "12:52",
        "13:22",
        "13:52",
        "14:22",
        "14:52",
        "15:22",
        "15:52",
        "16:22",
        "16:52",
        "17:22",
        "17:52",
        "18:22",
        "18:58",
        "19:12",
        "20:12"
    ],
    "saturday": [
        "7:21",
        "7:47",
        "8:25",
        "8:47",
        "9:11",
        "9:47",
        "10:11",
        "10:51",
        "11:36",
        "12:06",
        "12:51",
        "13:36",
        "14:06",
        "14:51",
        "15:36",
        "16:06",
        "16:51",
        "17:36",
        "18:06",
        "18:49",
        "19:32",
        "20:02"
    ],
    "holiday": [
        "7:19",
        "8:11",
        "9:11",
        "10:11",
        "11:16",
        "12:16",
        "13:16",
        "14:16",
        "15:16",
        "16:16",
        "17:16",
        "18:16",
        "19:12",
        "20:12"
    ],
    "url": "https://www.kanachu.co.jp/dia/diagram/timetable01_js/course:0000801184-26/node:00128327/kt:0/lname:/"
}
