{
    "date": "2025/01/14",
    "name": "三増",
    "position": "-",
    "system": "厚60",
    "destinations": [
        "中里遊園地前",
        "上三増"
    ],
    "weekday": [
        "6:55",
        "7:23",
        "8:34",
        "8:56",
        "9:21",
        "9:56",
        "10:26",
        "10:56",
        "11:26",
        "11:56",
        "12:26",
        "12:56",
        "13:26",
        "13:56",
        "14:26",
        "14:56",
        "15:26",
        "15:56",
        "16:26",
        "16:56",
        "17:26",
        "17:56",
        "18:26",
        "19:00",
        "19:14",
        "20:14"
    ],
    "saturday": [
        "7:24",
        "7:50",
        "8:28",
        "8:50",
        "9:14",
        "9:50",
        "10:14",
        "10:54",
        "11:39",
        "12:09",
        "12:54",
        "13:39",
        "14:09",
        "14:54",
        "15:39",
        "16:09",
        "16:54",
        "17:39",
        "18:09",
        "18:51",
        "19:34",
        "20:04"
    ],
    "holiday": [
        "7:22",
        "8:14",
        "9:14",
        "10:14",
        "11:19",
        "12:19",
        "13:19",
        "14:19",
        "15:19",
        "16:19",
        "17:19",
        "18:19",
        "19:14",
        "20:14"
    ],
    "url": "https://www.kanachu.co.jp/dia/diagram/timetable01_js/course:0000801184-31/node:00128332/kt:0/lname:/"
}
