{
    "date": "2025/03/15",
    "name": "南海岸",
    "position": "-",
    "system": "辻02",
    "destinations": [
        "高砂小学校前(藤沢市)",
        "辻堂団地",
        "のぞみ学園前",
        "東浜須賀",
        "富士見町(茅ケ崎市)",
        "平和学園前(茅ケ崎市)",
        "浜須賀入口",
        "平和町",
        "松が丘二丁目(茅ケ崎市)",
        "東海岸北五丁目",
        "駐在所前(茅ケ崎市)",
        "東海岸二丁目",
        "会館前(茅ケ崎市)",
        "幸町(茅ケ崎市)",
        "茅ヶ崎駅南口"
    ],
    "weekday": [
        "6:54",
        "7:25",
        "7:55",
        "8:25",
        "9:20",
        "10:15",
        "11:15",
        "12:15",
        "13:15",
        "14:15",
        "15:15",
        "16:30",
        "17:30",
        "18:30",
        "19:29"
    ],
    "saturday": [],
    "holiday": [],
    "url": "https://www.kanachu.co.jp/dia/diagram/timetable01_js/course:0000802861-7/node:00127105/kt:0/lname:/"
}
