{
    "date": "2025/03/15",
    "name": "辻堂団地",
    "position": "-",
    "system": "辻02",
    "destinations": [
        "のぞみ学園前",
        "東浜須賀",
        "富士見町(茅ケ崎市)",
        "平和学園前(茅ケ崎市)",
        "浜須賀入口",
        "平和町",
        "松が丘二丁目(茅ケ崎市)",
        "東海岸北五丁目",
        "駐在所前(茅ケ崎市)",
        "東海岸二丁目",
        "会館前(茅ケ崎市)",
        "幸町(茅ケ崎市)",
        "茅ヶ崎駅南口"
    ],
    "weekday": [
        "6:57",
        "7:28",
        "7:58",
        "8:28",
        "9:23",
        "10:18",
        "11:18",
        "12:18",
        "13:18",
        "14:18",
        "15:18",
        "16:33",
        "17:33",
        "18:33",
        "19:32"
    ],
    "saturday": [],
    "holiday": [],
    "url": "https://www.kanachu.co.jp/dia/diagram/timetable01_js/course:0000802861-9/node:00127107/kt:0/lname:/"
}
