{
    "date": "2025/03/15",
    "name": "平和学園前(茅ケ崎市)",
    "position": "-",
    "system": "辻02",
    "destinations": [
        "浜須賀入口",
        "平和町",
        "松が丘二丁目(茅ケ崎市)",
        "東海岸北五丁目",
        "駐在所前(茅ケ崎市)",
        "東海岸二丁目",
        "会館前(茅ケ崎市)",
        "幸町(茅ケ崎市)",
        "茅ヶ崎駅南口"
    ],
    "weekday": [
        "7:00",
        "7:32",
        "8:02",
        "8:32",
        "9:27",
        "10:22",
        "11:22",
        "12:22",
        "13:22",
        "14:22",
        "15:22",
        "16:37",
        "17:37",
        "18:37",
        "19:35"
    ],
    "saturday": [],
    "holiday": [],
    "url": "https://www.kanachu.co.jp/dia/diagram/timetable01_js/course:0000802861-13/node:00127227/kt:0/lname:/"
}
