{
    "date": "2025/03/15",
    "name": "平和町",
    "position": "-",
    "system": "辻02",
    "destinations": [
        "松が丘二丁目(茅ケ崎市)",
        "東海岸北五丁目",
        "駐在所前(茅ケ崎市)",
        "東海岸二丁目",
        "会館前(茅ケ崎市)",
        "幸町(茅ケ崎市)",
        "茅ヶ崎駅南口"
    ],
    "weekday": [
        "7:03",
        "7:35",
        "8:05",
        "8:35",
        "9:30",
        "10:25",
        "11:25",
        "12:25",
        "13:25",
        "14:25",
        "15:25",
        "16:40",
        "17:40",
        "18:40",
        "19:38"
    ],
    "saturday": [],
    "holiday": [],
    "url": "https://www.kanachu.co.jp/dia/diagram/timetable01_js/course:0000802861-15/node:00127226/kt:0/lname:/"
}
