{
    "date": "2025/03/15",
    "name": "松が丘二丁目(茅ケ崎市)",
    "position": "-",
    "system": "辻02",
    "destinations": [
        "東海岸北五丁目",
        "駐在所前(茅ケ崎市)",
        "東海岸二丁目",
        "会館前(茅ケ崎市)",
        "幸町(茅ケ崎市)",
        "茅ヶ崎駅南口"
    ],
    "weekday": [
        "7:04",
        "7:36",
        "8:06",
        "8:36",
        "9:31",
        "10:26",
        "11:26",
        "12:26",
        "13:26",
        "14:26",
        "15:26",
        "16:41",
        "17:41",
        "18:41",
        "19:39"
    ],
    "saturday": [],
    "holiday": [],
    "url": "https://www.kanachu.co.jp/dia/diagram/timetable01_js/course:0000802861-16/node:00127225/kt:0/lname:/"
}
