{
    "date": "2024/03/16",
    "name": "水場",
    "position": "-",
    "system": "田05",
    "destinations": [
        "日々社前",
        "中の郷(相模原市緑区)",
        "上大島南",
        "上大島東",
        "合野原",
        "内出(相模原市緑区)",
        "相模原協同病院入口",
        "相模原協同病院"
    ],
    "weekday": [
        "10:02"
    ],
    "saturday": [],
    "holiday": [],
    "url": "https://www.kanachu.co.jp/dia/diagram/timetable01_js/course:0000803486-7/node:00129262/kt:0/lname:/"
}
