{
    "date": "2025/04/19",
    "name": "淵野辺駅南口",
    "position": "-",
    "system": "淵53",
    "destinations": [
        "淵野辺駅入口",
        "淵野辺十字路",
        "弥栄(相模原市中央区)",
        "栄公園前",
        "千代田(相模原市中央区)",
        "星が丘(相模原市中央区)",
        "横山坂上",
        "上溝",
        "上溝中央",
        "上溝高校入口",
        "鳩川住宅前",
        "石橋(相模原市中央区)",
        "田名工業団地入口",
        "四ツ谷(相模原市中央区)",
        "田名バスターミナル"
    ],
    "weekday": [
        "6:20",
        "6:50",
        "7:25",
        "7:45",
        "8:15",
        "8:45",
        "9:15",
        "9:45",
        "10:15",
        "10:45",
        "11:15",
        "11:45",
        "12:15",
        "12:45",
        "13:15",
        "13:45",
        "14:15",
        "14:45",
        "15:15",
        "15:45",
        "16:20",
        "16:50",
        "17:20",
        "17:50",
        "18:20",
        "18:50",
        "19:20",
        "19:50",
        "20:10",
        "21:12"
    ],
    "saturday": [
        "6:30",
        "7:10",
        "7:45",
        "8:15",
        "8:45",
        "9:15",
        "9:45",
        "10:15",
        "10:45",
        "11:15",
        "11:45",
        "12:15",
        "12:45",
        "13:15",
        "13:45",
        "14:15",
        "14:45",
        "15:15",
        "15:45",
        "16:15",
        "16:45",
        "17:15",
        "17:45",
        "18:15",
        "18:45",
        "19:15",
        "19:45",
        "20:15",
        "20:45"
    ],
    "holiday": [
        "6:30",
        "7:10",
        "7:45",
        "8:30",
        "9:15",
        "10:00",
        "10:45",
        "11:30",
        "12:15",
        "13:00",
        "13:45",
        "14:30",
        "15:15",
        "16:00",
        "16:45",
        "17:30",
        "18:15",
        "19:00",
        "19:45"
    ],
    "url": "https://www.kanachu.co.jp/dia/diagram/timetable01_js/course:0000802372-1/node:00129245/kt:0/lname:/"
}
