{
    "date": "2025/04/19",
    "name": "淵野辺十字路",
    "position": "-",
    "system": "淵53",
    "destinations": [
        "弥栄(相模原市中央区)",
        "栄公園前",
        "千代田(相模原市中央区)",
        "星が丘(相模原市中央区)",
        "横山坂上",
        "上溝",
        "上溝中央",
        "上溝高校入口",
        "鳩川住宅前",
        "石橋(相模原市中央区)",
        "田名工業団地入口",
        "四ツ谷(相模原市中央区)",
        "田名バスターミナル"
    ],
    "weekday": [
        "6:23",
        "6:53",
        "7:28",
        "7:48",
        "8:18",
        "8:48",
        "9:18",
        "9:48",
        "10:18",
        "10:48",
        "11:18",
        "11:48",
        "12:18",
        "12:48",
        "13:18",
        "13:48",
        "14:18",
        "14:48",
        "15:18",
        "15:48",
        "16:23",
        "16:53",
        "17:23",
        "17:53",
        "18:23",
        "18:53",
        "19:23",
        "19:53",
        "20:13",
        "21:15"
    ],
    "saturday": [
        "6:33",
        "7:13",
        "7:48",
        "8:18",
        "8:48",
        "9:18",
        "9:48",
        "10:18",
        "10:48",
        "11:18",
        "11:48",
        "12:18",
        "12:48",
        "13:18",
        "13:48",
        "14:18",
        "14:48",
        "15:18",
        "15:48",
        "16:18",
        "16:48",
        "17:18",
        "17:48",
        "18:18",
        "18:48",
        "19:18",
        "19:48",
        "20:18",
        "20:48"
    ],
    "holiday": [
        "6:33",
        "7:13",
        "7:48",
        "8:33",
        "9:18",
        "10:03",
        "10:48",
        "11:33",
        "12:18",
        "13:03",
        "13:48",
        "14:33",
        "15:18",
        "16:03",
        "16:48",
        "17:33",
        "18:18",
        "19:03",
        "19:48"
    ],
    "url": "https://www.kanachu.co.jp/dia/diagram/timetable01_js/course:0000802372-3/node:00129248/kt:0/lname:/"
}
