{
    "date": "2025/04/19",
    "name": "上溝高校入口",
    "position": "-",
    "system": "淵53",
    "destinations": [
        "鳩川住宅前",
        "石橋(相模原市中央区)",
        "田名工業団地入口",
        "四ツ谷(相模原市中央区)",
        "田名バスターミナル"
    ],
    "weekday": [
        "6:38",
        "7:10",
        "7:46",
        "8:06",
        "8:36",
        "9:06",
        "9:35",
        "10:05",
        "10:35",
        "11:05",
        "11:35",
        "12:05",
        "12:35",
        "13:05",
        "13:35",
        "14:05",
        "14:35",
        "15:05",
        "15:35",
        "16:05",
        "16:40",
        "17:11",
        "17:41",
        "18:11",
        "18:41",
        "19:09",
        "19:38",
        "20:08",
        "20:28",
        "21:30"
    ],
    "saturday": [
        "6:48",
        "7:28",
        "8:03",
        "8:33",
        "9:03",
        "9:33",
        "10:03",
        "10:33",
        "11:03",
        "11:33",
        "12:03",
        "12:33",
        "13:03",
        "13:33",
        "14:03",
        "14:33",
        "15:03",
        "15:33",
        "16:03",
        "16:33",
        "17:03",
        "17:33",
        "18:03",
        "18:33",
        "19:03",
        "19:33",
        "20:03",
        "20:33",
        "21:03"
    ],
    "holiday": [
        "6:48",
        "7:28",
        "8:03",
        "8:48",
        "9:33",
        "10:18",
        "11:03",
        "11:48",
        "12:33",
        "13:18",
        "14:03",
        "14:48",
        "15:33",
        "16:18",
        "17:03",
        "17:48",
        "18:33",
        "19:18",
        "20:03"
    ],
    "url": "https://www.kanachu.co.jp/dia/diagram/timetable01_js/course:0000802372-11/node:00129179/kt:0/lname:/"
}
