{
    "date": "2025/10/20",
    "name": "長津田駅",
    "position": "-",
    "system": "津01",
    "destinations": [
        "御幸通り",
        "小学校前(横浜市緑区)",
        "南長津田団地前",
        "王子神社(横浜市緑区)",
        "福泉寺下",
        "天王様下",
        "中村(横浜市緑区)",
        "境橋(横浜市緑区)",
        "岡部谷戸",
        "高尾下(横浜市緑区)",
        "高尾原",
        "柴山",
        "南町田グランベリーパーク駅"
    ],
    "weekday": [
        "8:15",
        "9:20",
        "12:20",
        "13:20",
        "14:50",
        "15:50",
        "17:00"
    ],
    "saturday": [
        "9:30",
        "14:30"
    ],
    "holiday": [
        "9:30",
        "14:30"
    ],
    "url": "https://www.kanachu.co.jp/dia/diagram/timetable01_js/course:0000802502-1/node:00102833/kt:0/lname:/"
}
