{
    "date": "2025/10/20",
    "name": "王子神社(横浜市緑区)",
    "position": "-",
    "system": "津01",
    "destinations": [
        "福泉寺下",
        "天王様下",
        "中村(横浜市緑区)",
        "境橋(横浜市緑区)",
        "岡部谷戸",
        "高尾下(横浜市緑区)",
        "高尾原",
        "柴山",
        "南町田グランベリーパーク駅"
    ],
    "weekday": [
        "8:19",
        "9:24",
        "12:24",
        "13:24",
        "14:54",
        "15:54",
        "17:04"
    ],
    "saturday": [
        "9:34",
        "14:34"
    ],
    "holiday": [
        "9:34",
        "14:34"
    ],
    "url": "https://www.kanachu.co.jp/dia/diagram/timetable01_js/course:0000802502-5/node:00129576/kt:0/lname:/"
}
