{
    "date": "2025/10/20",
    "name": "中村(横浜市緑区)",
    "position": "-",
    "system": "津01",
    "destinations": [
        "境橋(横浜市緑区)",
        "岡部谷戸",
        "高尾下(横浜市緑区)",
        "高尾原",
        "柴山",
        "南町田グランベリーパーク駅"
    ],
    "weekday": [
        "8:22",
        "9:27",
        "12:27",
        "13:27",
        "14:57",
        "15:57",
        "17:07"
    ],
    "saturday": [
        "9:37",
        "14:37"
    ],
    "holiday": [
        "9:37",
        "14:37"
    ],
    "url": "https://www.kanachu.co.jp/dia/diagram/timetable01_js/course:0000802502-8/node:00129573/kt:0/lname:/"
}
