{
    "date": "2025/10/20",
    "name": "吹上(町田市)",
    "position": "-",
    "system": "町77",
    "destinations": [
        "上和田(横浜市青葉区)",
        "堀の内(横浜市青葉区)",
        "長津田三丁目",
        "長津田駅北口"
    ],
    "weekday": [
        "10:10",
        "11:10",
        "12:10",
        "13:10",
        "14:10",
        "15:10",
        "16:13",
        "17:13",
        "18:13",
        "19:13",
        "20:10",
        "21:11"
    ],
    "saturday": [
        "10:09",
        "11:09",
        "12:10",
        "13:11",
        "14:11",
        "15:11",
        "16:11",
        "17:11",
        "18:11",
        "19:01",
        "20:00",
        "21:00"
    ],
    "holiday": [
        "10:09",
        "11:09",
        "12:09",
        "13:09",
        "14:09",
        "15:10",
        "16:11",
        "17:11",
        "18:01",
        "19:01",
        "19:59"
    ],
    "url": "https://www.kanachu.co.jp/dia/diagram/timetable01_js/course:0000801963-13/node:00129588/kt:0/lname:/"
}
