{
    "date": "2013/07/01",
    "name": "関東航空前",
    "position": "-",
    "system": "藤35",
    "destinations": [
        "修道院前",
        "修道院下",
        "伊勢山入口",
        "台町(藤沢市)",
        "白旗交差点",
        "本町小学校前(藤沢市)",
        "南仲通り二丁目",
        "南仲通り",
        "相生町(藤沢市)",
        "三富士町",
        "藤沢駅北口"
    ],
    "weekday": [],
    "saturday": [
        "10:01",
        "11:01",
        "12:01",
        "13:01",
        "14:01",
        "15:01",
        "16:01"
    ],
    "holiday": [
        "10:01",
        "11:01",
        "12:01",
        "13:01",
        "14:01",
        "15:01",
        "16:01"
    ],
    "url": "https://www.kanachu.co.jp/dia/diagram/timetable01_js/course:0000803368-3/node:00127066/kt:0/lname:/"
}
