{
    "date": "2013/07/01",
    "name": "本町小学校前(藤沢市)",
    "position": "-",
    "system": "藤35",
    "destinations": [
        "南仲通り二丁目",
        "南仲通り",
        "相生町(藤沢市)",
        "三富士町",
        "藤沢駅北口"
    ],
    "weekday": [],
    "saturday": [
        "10:08",
        "11:08",
        "12:08",
        "13:08",
        "14:08",
        "15:08",
        "16:08"
    ],
    "holiday": [
        "10:08",
        "11:08",
        "12:08",
        "13:08",
        "14:08",
        "15:08",
        "16:08"
    ],
    "url": "https://www.kanachu.co.jp/dia/diagram/timetable01_js/course:0000803368-9/node:00127109/kt:0/lname:/"
}
