{
    "date": "2013/07/01",
    "name": "南仲通り二丁目",
    "position": "-",
    "system": "藤35",
    "destinations": [
        "南仲通り",
        "相生町(藤沢市)",
        "三富士町",
        "藤沢駅北口"
    ],
    "weekday": [],
    "saturday": [
        "10:09",
        "11:09",
        "12:09",
        "13:09",
        "14:09",
        "15:09",
        "16:09"
    ],
    "holiday": [
        "10:09",
        "11:09",
        "12:09",
        "13:09",
        "14:09",
        "15:09",
        "16:09"
    ],
    "url": "https://www.kanachu.co.jp/dia/diagram/timetable01_js/course:0000803368-10/node:00127110/kt:0/lname:/"
}
