{
    "date": "2013/07/01",
    "name": "相生町(藤沢市)",
    "position": "-",
    "system": "藤35",
    "destinations": [
        "三富士町",
        "藤沢駅北口"
    ],
    "weekday": [],
    "saturday": [
        "10:11",
        "11:11",
        "12:11",
        "13:11",
        "14:11",
        "15:11",
        "16:11"
    ],
    "holiday": [
        "10:11",
        "11:11",
        "12:11",
        "13:11",
        "14:11",
        "15:11",
        "16:11"
    ],
    "url": "https://www.kanachu.co.jp/dia/diagram/timetable01_js/course:0000803368-12/node:00126972/kt:0/lname:/"
}
