{
    "date": "2024/09/02",
    "name": "上矢部インター",
    "position": "-",
    "system": "戸17",
    "destinations": [
        "上矢部",
        "日の森",
        "下岡津",
        "岡津",
        "岡津橋",
        "まほろば",
        "下新橋",
        "新橋町(横浜市泉区)",
        "観音寺前(横浜市泉区)",
        "相模新橋",
        "大中村",
        "湘南泉病院",
        "中村(横浜市瀬谷区)",
        "阿久和",
        "宮の腰(横浜市瀬谷区)",
        "谷戸阿久和",
        "上阿久和",
        "旭ヶ丘(横浜市瀬谷区)",
        "住宅前(横浜市瀬谷区)",
        "富士見台(横浜市瀬谷区)",
        "富士見通り商店街",
        "三ツ境駅"
    ],
    "weekday": [
        "8:29",
        "8:49",
        "9:09",
        "9:36",
        "10:07",
        "10:31",
        "11:07",
        "11:31",
        "12:07",
        "12:31",
        "13:07",
        "13:31",
        "14:07",
        "14:31",
        "15:07",
        "15:31",
        "16:05",
        "16:25",
        "16:45",
        "17:05",
        "17:23",
        "17:38",
        "18:03",
        "18:27",
        "18:39"
    ],
    "saturday": [
        "8:48",
        "9:08",
        "9:28",
        "9:50",
        "10:10",
        "10:30",
        "10:50",
        "11:10",
        "11:30",
        "12:06",
        "12:30",
        "13:06",
        "13:30",
        "14:07",
        "14:31",
        "15:07",
        "15:31",
        "16:07",
        "16:31",
        "16:51",
        "17:31",
        "17:51",
        "18:30"
    ],
    "holiday": [
        "9:00",
        "9:30",
        "9:50",
        "10:10",
        "10:30",
        "10:50",
        "11:10",
        "11:30",
        "12:06",
        "12:30",
        "13:00",
        "13:30",
        "14:00",
        "14:31",
        "15:01",
        "15:31",
        "16:07",
        "16:31",
        "16:55",
        "17:31",
        "17:55",
        "18:30"
    ],
    "url": "https://www.kanachu.co.jp/dia/diagram/timetable01_js/course:0000803569-6/node:00126669/kt:0/lname:/"
}
