{
    "date": "2026/01/16",
    "name": "オルガノ前",
    "position": "-",
    "system": "古04",
    "destinations": [
        "西大沼三丁目",
        "相模原南病院前",
        "古淵駅入口",
        "古淵駅"
    ],
    "weekday": [
        "8:03",
        "8:14",
        "9:09",
        "9:44",
        "10:09",
        "11:09",
        "12:09",
        "13:09",
        "14:14",
        "15:19",
        "15:49",
        "16:49",
        "16:59",
        "17:39",
        "17:59",
        "18:29",
        "18:59",
        "19:29",
        "20:29"
    ],
    "saturday": [
        "9:09",
        "9:39",
        "10:09",
        "11:09",
        "12:09",
        "13:09",
        "14:09",
        "15:19",
        "16:09",
        "17:09",
        "18:09"
    ],
    "holiday": [
        "9:09",
        "10:09",
        "11:09",
        "12:09",
        "13:09",
        "14:09",
        "15:09",
        "16:09",
        "17:09",
        "18:09"
    ],
    "url": "https://www.kanachu.co.jp/dia/diagram/timetable01_js/course:0000804147-6/node:00129197/kt:0/lname:/"
}
