{
    "date": "2025/10/20",
    "name": "馬場屋敷",
    "position": "-",
    "system": "間14",
    "destinations": [
        "八幡神社前(横浜市瀬谷区)",
        "上瀬谷小学校入口",
        "竹村町",
        "中屋敷(横浜市瀬谷区)",
        "本郷原",
        "本郷(横浜市瀬谷区)",
        "瀬谷駅前通り",
        "瀬谷駅"
    ],
    "weekday": [
        "7:34",
        "8:08",
        "8:34",
        "9:08",
        "11:03",
        "13:08",
        "15:33",
        "16:03",
        "16:29",
        "17:29",
        "18:34",
        "19:03",
        "19:32",
        "20:02"
    ],
    "saturday": [
        "8:02",
        "9:07",
        "9:32",
        "11:03",
        "11:33",
        "13:33",
        "15:34",
        "15:59",
        "16:24",
        "17:34",
        "18:49",
        "19:47"
    ],
    "holiday": [
        "8:02",
        "9:07",
        "9:32",
        "11:03",
        "11:33",
        "13:33",
        "15:34",
        "15:59",
        "16:24",
        "17:34",
        "18:49",
        "19:47"
    ],
    "url": "https://www.kanachu.co.jp/dia/diagram/timetable01_js/course:0000803913-5/node:00129734/kt:0/lname:/"
}
