{
    "date": "2025/10/20",
    "name": "八幡神社前(横浜市瀬谷区)",
    "position": "-",
    "system": "間14",
    "destinations": [
        "上瀬谷小学校入口",
        "竹村町",
        "中屋敷(横浜市瀬谷区)",
        "本郷原",
        "本郷(横浜市瀬谷区)",
        "瀬谷駅前通り",
        "瀬谷駅"
    ],
    "weekday": [
        "7:35",
        "8:09",
        "8:35",
        "9:09",
        "11:04",
        "13:09",
        "15:34",
        "16:04",
        "16:30",
        "17:30",
        "18:35",
        "19:04",
        "19:33",
        "20:03"
    ],
    "saturday": [
        "8:03",
        "9:08",
        "9:33",
        "11:04",
        "11:34",
        "13:34",
        "15:35",
        "16:00",
        "16:25",
        "17:35",
        "18:50",
        "19:48"
    ],
    "holiday": [
        "8:03",
        "9:08",
        "9:33",
        "11:04",
        "11:34",
        "13:34",
        "15:35",
        "16:00",
        "16:25",
        "17:35",
        "18:50",
        "19:48"
    ],
    "url": "https://www.kanachu.co.jp/dia/diagram/timetable01_js/course:0000803913-6/node:00129653/kt:0/lname:/"
}
