{
    "date": "2025/11/25",
    "name": "淵野辺駅入口",
    "position": "-",
    "system": "淵35",
    "destinations": [
        "淵野辺十字路",
        "弥栄(相模原市中央区)",
        "栄公園前",
        "千代田(相模原市中央区)",
        "光が丘一丁目(相模原市中央区)",
        "光が丘小学校前",
        "光が丘大通り",
        "光が丘三丁目(相模原市中央区)",
        "上溝団地",
        "上溝保育園前",
        "光が丘(相模原市中央区)",
        "千代田(相模原市中央区)",
        "栄公園前",
        "弥栄(相模原市中央区)",
        "淵野辺十字路",
        "淵野辺駅入口",
        "淵野辺駅南口"
    ],
    "weekday": [
        "6:18",
        "6:38",
        "6:48",
        "7:01",
        "7:14",
        "7:28",
        "7:43",
        "7:56",
        "8:24",
        "8:44",
        "9:01",
        "9:41",
        "10:21",
        "11:01",
        "11:41"
    ],
    "saturday": [
        "7:21",
        "8:01",
        "8:21",
        "8:41",
        "9:01",
        "9:41",
        "10:21",
        "11:01",
        "11:41"
    ],
    "holiday": [
        "7:21",
        "8:01",
        "8:21",
        "9:01",
        "9:41",
        "10:21",
        "11:01",
        "11:41"
    ],
    "url": "https://www.kanachu.co.jp/dia/diagram/timetable01_js/course:0000802362-2/node:00129125/kt:0/lname:/"
}
