{
    "date": "2025/11/25",
    "name": "弥栄(相模原市中央区)",
    "position": "-",
    "system": "淵35",
    "destinations": [
        "栄公園前",
        "千代田(相模原市中央区)",
        "光が丘一丁目(相模原市中央区)",
        "光が丘小学校前",
        "光が丘大通り",
        "光が丘三丁目(相模原市中央区)",
        "上溝団地",
        "上溝保育園前",
        "光が丘(相模原市中央区)",
        "千代田(相模原市中央区)",
        "栄公園前",
        "弥栄(相模原市中央区)",
        "淵野辺十字路",
        "淵野辺駅入口",
        "淵野辺駅南口"
    ],
    "weekday": [
        "6:21",
        "6:41",
        "6:51",
        "7:04",
        "7:17",
        "7:31",
        "7:46",
        "7:59",
        "8:27",
        "8:47",
        "9:04",
        "9:44",
        "10:24",
        "11:04",
        "11:44"
    ],
    "saturday": [
        "7:24",
        "8:04",
        "8:24",
        "8:44",
        "9:04",
        "9:44",
        "10:24",
        "11:04",
        "11:44"
    ],
    "holiday": [
        "7:24",
        "8:04",
        "8:24",
        "9:04",
        "9:44",
        "10:24",
        "11:04",
        "11:44"
    ],
    "url": "https://www.kanachu.co.jp/dia/diagram/timetable01_js/course:0000802362-4/node:00129280/kt:0/lname:/"
}
