{
    "date": "2025/11/25",
    "name": "光が丘小学校前",
    "position": "-",
    "system": "淵35",
    "destinations": [
        "光が丘大通り",
        "光が丘三丁目(相模原市中央区)",
        "上溝団地",
        "上溝保育園前",
        "光が丘(相模原市中央区)",
        "千代田(相模原市中央区)",
        "栄公園前",
        "弥栄(相模原市中央区)",
        "淵野辺十字路",
        "淵野辺駅入口",
        "淵野辺駅南口"
    ],
    "weekday": [
        "6:27",
        "6:47",
        "6:57",
        "7:11",
        "7:24",
        "7:38",
        "7:53",
        "8:06",
        "8:34",
        "8:54",
        "9:11",
        "9:51",
        "10:31",
        "11:11",
        "11:51"
    ],
    "saturday": [
        "7:29",
        "8:09",
        "8:29",
        "8:49",
        "9:09",
        "9:49",
        "10:30",
        "11:10",
        "11:50"
    ],
    "holiday": [
        "7:29",
        "8:09",
        "8:29",
        "9:09",
        "9:49",
        "10:30",
        "11:10",
        "11:50"
    ],
    "url": "https://www.kanachu.co.jp/dia/diagram/timetable01_js/course:0000802362-8/node:00129122/kt:0/lname:/"
}
