{
    "date": "2025/11/25",
    "name": "淵野辺駅入口",
    "position": "-",
    "system": "淵35",
    "destinations": [
        "淵野辺駅南口"
    ],
    "weekday": [
        "6:40",
        "7:00",
        "7:14",
        "7:29",
        "7:42",
        "7:56",
        "8:11",
        "8:24",
        "8:52",
        "9:12",
        "9:28",
        "10:08",
        "10:48",
        "11:28",
        "12:08"
    ],
    "saturday": [
        "7:42",
        "8:22",
        "8:42",
        "9:02",
        "9:22",
        "10:02",
        "10:44",
        "11:24",
        "12:04"
    ],
    "holiday": [
        "7:42",
        "8:22",
        "8:42",
        "9:22",
        "10:02",
        "10:44",
        "11:24",
        "12:04"
    ],
    "url": "https://www.kanachu.co.jp/dia/diagram/timetable01_js/course:0000802362-18/node:00129125/kt:0/lname:/"
}
