{
    "date": "2022/10/16",
    "name": "上郷ネオポリス",
    "position": "-",
    "system": "港40",
    "destinations": [
        "西ヶ谷",
        "西ヶ谷入口",
        "中島(横浜市栄区)",
        "光明寺(横浜市栄区)",
        "紅葉橋(横浜市栄区)",
        "本郷車庫前(横浜市栄区)",
        "山手学院入口",
        "稲荷森",
        "中野町",
        "元大橋",
        "若竹町(横浜市栄区)",
        "元大橋公園前",
        "港南台西公園",
        "横浜女子短期大学前",
        "港南台駅"
    ],
    "weekday": [
        "9:28",
        "12:11",
        "15:22"
    ],
    "saturday": [
        "9:41",
        "11:56",
        "15:22"
    ],
    "holiday": [
        "9:41",
        "11:56",
        "15:22"
    ],
    "url": "https://www.kanachu.co.jp/dia/diagram/timetable01_js/course:0000803011-2/node:00126525/kt:0/lname:/"
}
