{
    "date": "2022/10/16",
    "name": "中島(横浜市栄区)",
    "position": "-",
    "system": "港40",
    "destinations": [
        "光明寺(横浜市栄区)",
        "紅葉橋(横浜市栄区)",
        "本郷車庫前(横浜市栄区)",
        "山手学院入口",
        "稲荷森",
        "中野町",
        "元大橋",
        "若竹町(横浜市栄区)",
        "元大橋公園前",
        "港南台西公園",
        "横浜女子短期大学前",
        "港南台駅"
    ],
    "weekday": [
        "9:32",
        "12:15",
        "15:26"
    ],
    "saturday": [
        "9:45",
        "12:00",
        "15:26"
    ],
    "holiday": [
        "9:45",
        "12:00",
        "15:26"
    ],
    "url": "https://www.kanachu.co.jp/dia/diagram/timetable01_js/course:0000803011-5/node:00126516/kt:0/lname:/"
}
