{
    "date": "2022/10/16",
    "name": "本郷車庫前(横浜市栄区)",
    "position": "-",
    "system": "港40",
    "destinations": [
        "山手学院入口",
        "稲荷森",
        "中野町",
        "元大橋",
        "若竹町(横浜市栄区)",
        "元大橋公園前",
        "港南台西公園",
        "横浜女子短期大学前",
        "港南台駅"
    ],
    "weekday": [
        "9:35",
        "12:18",
        "15:29"
    ],
    "saturday": [
        "9:48",
        "12:04",
        "15:30"
    ],
    "holiday": [
        "9:48",
        "12:04",
        "15:30"
    ],
    "url": "https://www.kanachu.co.jp/dia/diagram/timetable01_js/course:0000803011-8/node:00025683/kt:0/lname:/"
}
