{
    "date": "2022/10/16",
    "name": "山手学院入口",
    "position": "-",
    "system": "港40",
    "destinations": [
        "稲荷森",
        "中野町",
        "元大橋",
        "若竹町(横浜市栄区)",
        "元大橋公園前",
        "港南台西公園",
        "横浜女子短期大学前",
        "港南台駅"
    ],
    "weekday": [
        "9:36",
        "12:19",
        "15:30"
    ],
    "saturday": [
        "9:49",
        "12:05",
        "15:31"
    ],
    "holiday": [
        "9:49",
        "12:05",
        "15:31"
    ],
    "url": "https://www.kanachu.co.jp/dia/diagram/timetable01_js/course:0000803011-9/node:00126513/kt:0/lname:/"
}
