{
    "system": "港40",
    "busstops": [
        {
            "index": "1",
            "id": "00126596",
            "name": "栄プール",
            "lat": "35.342698",
            "lng": "139.579148"
        },
        {
            "index": "2",
            "id": "00126525",
            "name": "上郷ネオポリス",
            "lat": "35.346686",
            "lng": "139.577881"
        },
        {
            "index": "3",
            "id": "00126524",
            "name": "西ヶ谷",
            "lat": "35.35119",
            "lng": "139.57768"
        },
        {
            "index": "4",
            "id": "00126523",
            "name": "西ヶ谷入口",
            "lat": "35.352201",
            "lng": "139.578661"
        },
        {
            "index": "5",
            "id": "00126516",
            "name": "中島(横浜市栄区)",
            "lat": "35.354673",
            "lng": "139.579888"
        },
        {
            "index": "6",
            "id": "00126515",
            "name": "光明寺(横浜市栄区)",
            "lat": "35.357884",
            "lng": "139.57946"
        },
        {
            "index": "7",
            "id": "00126514",
            "name": "紅葉橋(横浜市栄区)",
            "lat": "35.360541",
            "lng": "139.577308"
        },
        {
            "index": "8",
            "id": "00025683",
            "name": "本郷車庫前(横浜市栄区)",
            "lat": "35.362621",
            "lng": "139.574725"
        },
        {
            "index": "9",
            "id": "00126513",
            "name": "山手学院入口",
            "lat": "35.363589",
            "lng": "139.572433"
        },
        {
            "index": "10",
            "id": "00126512",
            "name": "稲荷森",
            "lat": "35.364251",
            "lng": "139.568941"
        },
        {
            "index": "11",
            "id": "00126511",
            "name": "中野町",
            "lat": "35.364372",
            "lng": "139.566712"
        },
        {
            "index": "12",
            "id": "00126546",
            "name": "元大橋",
            "lat": "35.365926",
            "lng": "139.567341"
        },
        {
            "index": "13",
            "id": "00126547",
            "name": "若竹町(横浜市栄区)",
            "lat": "35.369298",
            "lng": "139.569547"
        },
        {
            "index": "14",
            "id": "00126548",
            "name": "元大橋公園前",
            "lat": "35.370144",
            "lng": "139.571428"
        },
        {
            "index": "15",
            "id": "00126549",
            "name": "港南台西公園",
            "lat": "35.371586",
            "lng": "139.574193"
        },
        {
            "index": "16",
            "id": "00103234",
            "name": "横浜女子短期大学前",
            "lat": "35.371048",
            "lng": "139.577525"
        },
        {
            "index": "17",
            "id": "00025554",
            "name": "港南台駅",
            "lat": "35.375136",
            "lng": "139.576877"
        }
    ],
    "route_url": "https://www.kanachu.co.jp/dia/route/index/cid:0000803011/"
}
