{
    "date": "2025/01/14",
    "name": "荻野新宿",
    "position": "-",
    "system": "厚04",
    "destinations": [
        "宿原入口",
        "糀屋前(厚木市)",
        "松蓮寺",
        "妻田薬師",
        "中村入口(厚木市)",
        "妻田",
        "三家入口(厚木市)",
        "木売場",
        "市立病院前(厚木市)",
        "税務署入口(厚木市)",
        "市役所入口(厚木市)",
        "本厚木駅",
        "厚木バスセンター"
    ],
    "weekday": [
        "5:22",
        "7:14",
        "7:49"
    ],
    "saturday": [
        "8:16",
        "9:16"
    ],
    "holiday": [],
    "url": "https://www.kanachu.co.jp/dia/diagram/timetable01_js/course:0000800654-15/node:00128268/kt:0/lname:/"
}
