{
    "date": "2025/03/15",
    "name": "滝の沢(藤沢市)",
    "position": "-",
    "system": "辻34",
    "destinations": [
        "駒寄",
        "二番構保健医療センター",
        "ライフタウン中央(藤沢市)",
        "大庭小学校",
        "小糸",
        "南センター前(藤沢市)",
        "西高校前(藤沢市)",
        "有藤",
        "大庭隧道",
        "城南一丁目",
        "羽鳥一丁目",
        "神台公園前",
        "辻堂駅北口"
    ],
    "weekday": [
        "15:29",
        "16:13",
        "16:55",
        "17:05",
        "17:15",
        "17:35",
        "17:55",
        "18:35",
        "19:59",
        "20:22",
        "21:22"
    ],
    "saturday": [],
    "holiday": [],
    "url": "https://www.kanachu.co.jp/dia/diagram/timetable01_js/course:0000802607-7/node:00129946/kt:0/lname:/"
}
