{
    "date": "2026/01/16",
    "name": "三増",
    "position": "-",
    "system": "ー",
    "destinations": [
        "下宿(愛甲郡愛川町)",
        "ハイテク団地入口",
        "高峰小学校前",
        "愛川高校前",
        "箕輪辻",
        "愛川北部病院前",
        "愛川町役場",
        "愛川バスセンター"
    ],
    "weekday": [
        "8:06",
        "9:41",
        "12:36",
        "14:31",
        "17:16",
        "18:51"
    ],
    "saturday": [],
    "holiday": [],
    "url": "https://www.kanachu.co.jp/dia/diagram/timetable01_js/course:0000804249-48/node:00128332/kt:0/lname:/"
}
