{
    "date": "2024/09/02",
    "name": "消防署前(横浜市戸塚区)",
    "position": "-",
    "system": "戸60",
    "destinations": [
        "八坂神社前",
        "大坂下",
        "大坂台",
        "細田(横浜市戸塚区)",
        "横浜桜陽高校前",
        "五霊神社前",
        "宝寿院前",
        "中村三叉路",
        "二軒家(横浜市戸塚区)",
        "住宅前(横浜市泉区)",
        "通信隊前",
        "高砂苑前",
        "萩丸",
        "西原(横浜市泉区)",
        "立場ターミナル"
    ],
    "weekday": [
        "6:01",
        "6:26",
        "6:51",
        "7:07",
        "7:19",
        "7:31",
        "7:42",
        "7:51",
        "8:03",
        "8:09",
        "8:15",
        "8:21",
        "8:33",
        "8:46",
        "9:06",
        "9:26",
        "9:46",
        "10:06",
        "10:26",
        "10:46",
        "11:06",
        "11:26",
        "11:46",
        "12:06",
        "12:26",
        "12:46",
        "13:06",
        "13:26",
        "13:46",
        "14:06",
        "14:26",
        "14:46",
        "15:06",
        "15:26",
        "15:46",
        "16:01",
        "16:16",
        "16:31",
        "16:46",
        "17:01",
        "17:16",
        "17:31",
        "17:46",
        "18:01",
        "18:13",
        "18:25",
        "18:37",
        "18:49",
        "19:01",
        "19:16",
        "19:31",
        "19:46",
        "20:01",
        "20:25",
        "20:49",
        "21:13",
        "21:41",
        "22:11",
        "22:41",
        "23:11"
    ],
    "saturday": [
        "6:41",
        "7:21",
        "7:41",
        "8:01",
        "8:21",
        "8:41",
        "9:01",
        "9:21",
        "9:41",
        "10:01",
        "10:21",
        "10:41",
        "11:01",
        "11:21",
        "11:41",
        "12:01",
        "12:21",
        "12:41",
        "13:01",
        "13:21",
        "13:41",
        "14:01",
        "14:21",
        "14:41",
        "15:01",
        "15:21",
        "15:41",
        "16:01",
        "16:21",
        "16:41",
        "17:01",
        "17:21",
        "17:41",
        "18:01",
        "18:21",
        "18:41",
        "19:01",
        "19:21",
        "19:41",
        "20:01",
        "20:31",
        "21:01",
        "21:31",
        "22:01",
        "22:36",
        "23:11"
    ],
    "holiday": [
        "6:41",
        "7:21",
        "7:41",
        "8:01",
        "8:21",
        "8:41",
        "9:01",
        "9:21",
        "9:41",
        "10:01",
        "10:21",
        "10:41",
        "11:01",
        "11:21",
        "11:41",
        "12:01",
        "12:21",
        "12:41",
        "13:01",
        "13:21",
        "13:41",
        "14:01",
        "14:21",
        "14:41",
        "15:01",
        "15:21",
        "15:41",
        "16:01",
        "16:21",
        "16:41",
        "17:01",
        "17:21",
        "17:41",
        "18:01",
        "18:21",
        "18:41",
        "19:01",
        "19:21",
        "19:41",
        "20:01",
        "20:31",
        "21:01",
        "21:31",
        "22:01",
        "22:36",
        "23:11"
    ],
    "url": "https://www.kanachu.co.jp/dia/diagram/timetable01_js/course:0000803635-2/node:00126809/kt:0/lname:/"
}
