{
    "date": "2024/09/02",
    "name": "宝寿院前",
    "position": "-",
    "system": "戸60",
    "destinations": [
        "中村三叉路",
        "二軒家(横浜市戸塚区)",
        "住宅前(横浜市泉区)",
        "通信隊前",
        "高砂苑前",
        "萩丸",
        "西原(横浜市泉区)",
        "立場ターミナル"
    ],
    "weekday": [
        "6:10",
        "6:35",
        "7:00",
        "7:16",
        "7:28",
        "7:40",
        "7:51",
        "8:00",
        "8:12",
        "8:18",
        "8:24",
        "8:30",
        "8:42",
        "8:55",
        "9:15",
        "9:35",
        "9:55",
        "10:15",
        "10:35",
        "10:55",
        "11:15",
        "11:35",
        "11:55",
        "12:15",
        "12:35",
        "12:55",
        "13:15",
        "13:35",
        "13:55",
        "14:15",
        "14:35",
        "14:55",
        "15:15",
        "15:35",
        "15:55",
        "16:10",
        "16:25",
        "16:40",
        "16:55",
        "17:10",
        "17:25",
        "17:40",
        "17:55",
        "18:10",
        "18:22",
        "18:34",
        "18:46",
        "18:58",
        "19:10",
        "19:25",
        "19:40",
        "19:55",
        "20:10",
        "20:34",
        "20:58",
        "21:22",
        "21:50",
        "22:20",
        "22:50",
        "23:20"
    ],
    "saturday": [
        "6:50",
        "7:30",
        "7:50",
        "8:10",
        "8:30",
        "8:50",
        "9:10",
        "9:30",
        "9:50",
        "10:10",
        "10:30",
        "10:50",
        "11:10",
        "11:30",
        "11:50",
        "12:10",
        "12:30",
        "12:50",
        "13:10",
        "13:30",
        "13:50",
        "14:10",
        "14:30",
        "14:50",
        "15:10",
        "15:30",
        "15:50",
        "16:10",
        "16:30",
        "16:50",
        "17:10",
        "17:30",
        "17:50",
        "18:10",
        "18:30",
        "18:50",
        "19:10",
        "19:30",
        "19:50",
        "20:10",
        "20:40",
        "21:10",
        "21:40",
        "22:10",
        "22:45",
        "23:20"
    ],
    "holiday": [
        "6:50",
        "7:30",
        "7:50",
        "8:10",
        "8:30",
        "8:50",
        "9:10",
        "9:30",
        "9:50",
        "10:10",
        "10:30",
        "10:50",
        "11:10",
        "11:30",
        "11:50",
        "12:10",
        "12:30",
        "12:50",
        "13:10",
        "13:30",
        "13:50",
        "14:10",
        "14:30",
        "14:50",
        "15:10",
        "15:30",
        "15:50",
        "16:10",
        "16:30",
        "16:50",
        "17:10",
        "17:30",
        "17:50",
        "18:10",
        "18:30",
        "18:50",
        "19:10",
        "19:30",
        "19:50",
        "20:10",
        "20:40",
        "21:10",
        "21:40",
        "22:10",
        "22:45",
        "23:20"
    ],
    "url": "https://www.kanachu.co.jp/dia/diagram/timetable01_js/course:0000803635-9/node:00126828/kt:0/lname:/"
}
