{
    "date": "2024/09/02",
    "name": "中村三叉路",
    "position": "-",
    "system": "戸60",
    "destinations": [
        "二軒家(横浜市戸塚区)",
        "住宅前(横浜市泉区)",
        "通信隊前",
        "高砂苑前",
        "萩丸",
        "西原(横浜市泉区)",
        "立場ターミナル"
    ],
    "weekday": [
        "6:12",
        "6:37",
        "7:02",
        "7:18",
        "7:30",
        "7:42",
        "7:53",
        "8:02",
        "8:14",
        "8:20",
        "8:26",
        "8:32",
        "8:44",
        "8:57",
        "9:17",
        "9:37",
        "9:57",
        "10:17",
        "10:37",
        "10:57",
        "11:17",
        "11:37",
        "11:57",
        "12:17",
        "12:37",
        "12:57",
        "13:17",
        "13:37",
        "13:57",
        "14:17",
        "14:37",
        "14:57",
        "15:17",
        "15:37",
        "15:57",
        "16:12",
        "16:27",
        "16:42",
        "16:57",
        "17:12",
        "17:27",
        "17:42",
        "17:57",
        "18:12",
        "18:24",
        "18:36",
        "18:48",
        "19:00",
        "19:12",
        "19:27",
        "19:42",
        "19:57",
        "20:12",
        "20:36",
        "21:00",
        "21:24",
        "21:52",
        "22:22",
        "22:52",
        "23:22"
    ],
    "saturday": [
        "6:52",
        "7:32",
        "7:52",
        "8:12",
        "8:32",
        "8:52",
        "9:12",
        "9:32",
        "9:52",
        "10:12",
        "10:32",
        "10:52",
        "11:12",
        "11:32",
        "11:52",
        "12:12",
        "12:32",
        "12:52",
        "13:12",
        "13:32",
        "13:52",
        "14:12",
        "14:32",
        "14:52",
        "15:12",
        "15:32",
        "15:52",
        "16:12",
        "16:32",
        "16:52",
        "17:12",
        "17:32",
        "17:52",
        "18:12",
        "18:32",
        "18:52",
        "19:12",
        "19:32",
        "19:52",
        "20:12",
        "20:42",
        "21:12",
        "21:42",
        "22:12",
        "22:47",
        "23:22"
    ],
    "holiday": [
        "6:52",
        "7:32",
        "7:52",
        "8:12",
        "8:32",
        "8:52",
        "9:12",
        "9:32",
        "9:52",
        "10:12",
        "10:32",
        "10:52",
        "11:12",
        "11:32",
        "11:52",
        "12:12",
        "12:32",
        "12:52",
        "13:12",
        "13:32",
        "13:52",
        "14:12",
        "14:32",
        "14:52",
        "15:12",
        "15:32",
        "15:52",
        "16:12",
        "16:32",
        "16:52",
        "17:12",
        "17:32",
        "17:52",
        "18:12",
        "18:32",
        "18:52",
        "19:12",
        "19:32",
        "19:52",
        "20:12",
        "20:42",
        "21:12",
        "21:42",
        "22:12",
        "22:47",
        "23:22"
    ],
    "url": "https://www.kanachu.co.jp/dia/diagram/timetable01_js/course:0000803635-10/node:00126829/kt:0/lname:/"
}
