{
    "date": "2024/09/02",
    "name": "萩丸",
    "position": "-",
    "system": "戸60",
    "destinations": [
        "西原(横浜市泉区)",
        "立場ターミナル"
    ],
    "weekday": [
        "6:18",
        "6:43",
        "7:08",
        "7:24",
        "7:36",
        "7:48",
        "7:59",
        "8:08",
        "8:20",
        "8:26",
        "8:32",
        "8:38",
        "8:50",
        "9:03",
        "9:23",
        "9:43",
        "10:03",
        "10:23",
        "10:43",
        "11:03",
        "11:23",
        "11:43",
        "12:03",
        "12:23",
        "12:43",
        "13:03",
        "13:23",
        "13:43",
        "14:03",
        "14:23",
        "14:43",
        "15:03",
        "15:23",
        "15:43",
        "16:03",
        "16:18",
        "16:33",
        "16:48",
        "17:03",
        "17:18",
        "17:33",
        "17:48",
        "18:03",
        "18:18",
        "18:30",
        "18:42",
        "18:54",
        "19:06",
        "19:18",
        "19:33",
        "19:48",
        "20:03",
        "20:18",
        "20:42",
        "21:06",
        "21:30",
        "21:58",
        "22:28",
        "22:58",
        "23:28"
    ],
    "saturday": [
        "6:58",
        "7:38",
        "7:58",
        "8:18",
        "8:38",
        "8:58",
        "9:18",
        "9:38",
        "9:58",
        "10:18",
        "10:38",
        "10:58",
        "11:18",
        "11:38",
        "11:58",
        "12:18",
        "12:38",
        "12:58",
        "13:18",
        "13:38",
        "13:58",
        "14:18",
        "14:38",
        "14:58",
        "15:18",
        "15:38",
        "15:58",
        "16:18",
        "16:38",
        "16:58",
        "17:18",
        "17:38",
        "17:58",
        "18:18",
        "18:38",
        "18:58",
        "19:18",
        "19:38",
        "19:58",
        "20:18",
        "20:48",
        "21:18",
        "21:48",
        "22:18",
        "22:53",
        "23:28"
    ],
    "holiday": [
        "6:58",
        "7:38",
        "7:58",
        "8:18",
        "8:38",
        "8:58",
        "9:18",
        "9:38",
        "9:58",
        "10:18",
        "10:38",
        "10:58",
        "11:18",
        "11:38",
        "11:58",
        "12:18",
        "12:38",
        "12:58",
        "13:18",
        "13:38",
        "13:58",
        "14:18",
        "14:38",
        "14:58",
        "15:18",
        "15:38",
        "15:58",
        "16:18",
        "16:38",
        "16:58",
        "17:18",
        "17:38",
        "17:58",
        "18:18",
        "18:38",
        "18:58",
        "19:18",
        "19:38",
        "19:58",
        "20:18",
        "20:48",
        "21:18",
        "21:48",
        "22:18",
        "22:53",
        "23:28"
    ],
    "url": "https://www.kanachu.co.jp/dia/diagram/timetable01_js/course:0000803635-15/node:00126834/kt:0/lname:/"
}
