{
    "date": "2025/08/30",
    "name": "品濃口",
    "position": "-",
    "system": "東01",
    "destinations": [
        "国道平戸",
        "坂下口",
        "山谷(横浜市戸塚区)",
        "六ツ川四丁目",
        "こども医療センター",
        "引越坂",
        "大池(横浜市南区)",
        "上六ツ川",
        "六ツ川町",
        "弘明寺口",
        "南永田",
        "住宅前(横浜市南区)",
        "井土ヶ谷",
        "井土ヶ谷下町"
    ],
    "weekday": [
        "6:53",
        "7:32",
        "7:52",
        "8:15",
        "8:58",
        "9:18",
        "9:58",
        "10:38",
        "11:18",
        "11:58",
        "12:08",
        "12:38",
        "13:18",
        "13:58",
        "14:43",
        "15:23",
        "16:02",
        "16:32",
        "16:47",
        "17:17",
        "17:47",
        "18:17",
        "18:47",
        "19:17",
        "19:47",
        "20:17",
        "20:47",
        "21:18",
        "21:49"
    ],
    "saturday": [
        "6:54",
        "7:24",
        "7:54",
        "8:24",
        "8:54",
        "9:24",
        "9:54",
        "10:28",
        "11:02",
        "11:47",
        "12:32",
        "13:17",
        "14:02",
        "14:47",
        "15:32",
        "16:17",
        "17:02",
        "17:47",
        "18:32",
        "19:17",
        "20:02",
        "20:47",
        "21:11"
    ],
    "holiday": [
        "6:54",
        "7:24",
        "7:54",
        "8:24",
        "8:54",
        "9:24",
        "9:54",
        "10:28",
        "11:02",
        "11:47",
        "12:32",
        "13:17",
        "14:02",
        "14:47",
        "15:32",
        "16:17",
        "17:02",
        "17:47",
        "18:32",
        "19:17",
        "20:02",
        "20:47",
        "21:11"
    ],
    "url": "https://www.kanachu.co.jp/dia/diagram/timetable01_js/course:0000800921-4/node:00126617/kt:0/lname:/"
}
