{
    "date": "2025/08/30",
    "name": "山谷(横浜市戸塚区)",
    "position": "-",
    "system": "東01",
    "destinations": [
        "六ツ川四丁目",
        "こども医療センター",
        "引越坂",
        "大池(横浜市南区)",
        "上六ツ川",
        "六ツ川町",
        "弘明寺口",
        "南永田",
        "住宅前(横浜市南区)",
        "井土ヶ谷",
        "井土ヶ谷下町"
    ],
    "weekday": [
        "6:59",
        "7:38",
        "7:58",
        "8:21",
        "9:04",
        "9:24",
        "10:04",
        "10:44",
        "11:24",
        "12:04",
        "12:14",
        "12:44",
        "13:24",
        "14:04",
        "14:49",
        "15:29",
        "16:08",
        "16:38",
        "16:53",
        "17:23",
        "17:53",
        "18:23",
        "18:53",
        "19:23",
        "19:53",
        "20:23",
        "20:53",
        "21:24",
        "21:55"
    ],
    "saturday": [
        "7:00",
        "7:30",
        "8:00",
        "8:30",
        "9:00",
        "9:30",
        "10:00",
        "10:34",
        "11:08",
        "11:53",
        "12:38",
        "13:23",
        "14:08",
        "14:53",
        "15:38",
        "16:23",
        "17:08",
        "17:53",
        "18:38",
        "19:23",
        "20:08",
        "20:53",
        "21:17"
    ],
    "holiday": [
        "7:00",
        "7:30",
        "8:00",
        "8:30",
        "9:00",
        "9:30",
        "10:00",
        "10:34",
        "11:08",
        "11:53",
        "12:38",
        "13:23",
        "14:08",
        "14:53",
        "15:38",
        "16:23",
        "17:08",
        "17:53",
        "18:38",
        "19:23",
        "20:08",
        "20:53",
        "21:17"
    ],
    "url": "https://www.kanachu.co.jp/dia/diagram/timetable01_js/course:0000800921-7/node:00126620/kt:0/lname:/"
}
