{
    "date": "2025/08/30",
    "name": "こども医療センター",
    "position": "-",
    "system": "東01",
    "destinations": [
        "引越坂",
        "大池(横浜市南区)",
        "上六ツ川",
        "六ツ川町",
        "弘明寺口",
        "南永田",
        "住宅前(横浜市南区)",
        "井土ヶ谷",
        "井土ヶ谷下町"
    ],
    "weekday": [
        "7:04",
        "7:43",
        "8:03",
        "8:26",
        "9:09",
        "9:29",
        "10:09",
        "10:49",
        "11:29",
        "12:09",
        "12:19",
        "12:49",
        "13:29",
        "14:09",
        "14:54",
        "15:34",
        "16:13",
        "16:43",
        "16:58",
        "17:28",
        "17:58",
        "18:28",
        "18:58",
        "19:28",
        "19:58",
        "20:28",
        "20:58",
        "21:29",
        "22:00"
    ],
    "saturday": [
        "7:05",
        "7:35",
        "8:05",
        "8:35",
        "9:05",
        "9:35",
        "10:05",
        "10:39",
        "11:13",
        "11:58",
        "12:43",
        "13:28",
        "14:13",
        "14:58",
        "15:43",
        "16:28",
        "17:13",
        "17:58",
        "18:43",
        "19:28",
        "20:13",
        "20:58",
        "21:22"
    ],
    "holiday": [
        "7:05",
        "7:35",
        "8:05",
        "8:35",
        "9:05",
        "9:35",
        "10:05",
        "10:39",
        "11:13",
        "11:58",
        "12:43",
        "13:28",
        "14:13",
        "14:58",
        "15:43",
        "16:28",
        "17:13",
        "17:58",
        "18:43",
        "19:28",
        "20:13",
        "20:58",
        "21:22"
    ],
    "url": "https://www.kanachu.co.jp/dia/diagram/timetable01_js/course:0000800921-9/node:00126623/kt:0/lname:/"
}
