{
    "date": "2025/08/30",
    "name": "六ツ川町",
    "position": "-",
    "system": "東01",
    "destinations": [
        "弘明寺口",
        "南永田",
        "住宅前(横浜市南区)",
        "井土ヶ谷",
        "井土ヶ谷下町"
    ],
    "weekday": [
        "7:12",
        "7:51",
        "8:11",
        "8:34",
        "9:16",
        "9:36",
        "10:16",
        "10:56",
        "11:36",
        "12:16",
        "12:26",
        "12:56",
        "13:36",
        "14:16",
        "15:01",
        "15:41",
        "16:20",
        "16:50",
        "17:05",
        "17:35",
        "18:05",
        "18:35",
        "19:05",
        "19:35",
        "20:05",
        "20:35",
        "21:05",
        "21:36",
        "22:07"
    ],
    "saturday": [
        "7:12",
        "7:42",
        "8:12",
        "8:42",
        "9:12",
        "9:42",
        "10:12",
        "10:46",
        "11:20",
        "12:05",
        "12:50",
        "13:36",
        "14:21",
        "15:06",
        "15:51",
        "16:36",
        "17:21",
        "18:06",
        "18:51",
        "19:35",
        "20:20",
        "21:05",
        "21:29"
    ],
    "holiday": [
        "7:12",
        "7:42",
        "8:12",
        "8:42",
        "9:12",
        "9:42",
        "10:12",
        "10:46",
        "11:20",
        "12:05",
        "12:50",
        "13:36",
        "14:21",
        "15:06",
        "15:51",
        "16:36",
        "17:21",
        "18:06",
        "18:51",
        "19:35",
        "20:20",
        "21:05",
        "21:29"
    ],
    "url": "https://www.kanachu.co.jp/dia/diagram/timetable01_js/course:0000800921-13/node:00126627/kt:0/lname:/"
}
