{
    "date": "2025/08/30",
    "name": "弘明寺口",
    "position": "-",
    "system": "東01",
    "destinations": [
        "南永田",
        "住宅前(横浜市南区)",
        "井土ヶ谷",
        "井土ヶ谷下町"
    ],
    "weekday": [
        "7:14",
        "7:53",
        "8:13",
        "8:36",
        "9:18",
        "9:38",
        "10:18",
        "10:58",
        "11:38",
        "12:18",
        "12:28",
        "12:58",
        "13:38",
        "14:18",
        "15:03",
        "15:43",
        "16:22",
        "16:52",
        "17:07",
        "17:37",
        "18:07",
        "18:37",
        "19:07",
        "19:37",
        "20:07",
        "20:37",
        "21:07",
        "21:38",
        "22:09"
    ],
    "saturday": [
        "7:14",
        "7:44",
        "8:14",
        "8:44",
        "9:14",
        "9:44",
        "10:14",
        "10:48",
        "11:22",
        "12:07",
        "12:52",
        "13:38",
        "14:23",
        "15:08",
        "15:53",
        "16:38",
        "17:23",
        "18:08",
        "18:53",
        "19:37",
        "20:22",
        "21:07",
        "21:31"
    ],
    "holiday": [
        "7:14",
        "7:44",
        "8:14",
        "8:44",
        "9:14",
        "9:44",
        "10:14",
        "10:48",
        "11:22",
        "12:07",
        "12:52",
        "13:38",
        "14:23",
        "15:08",
        "15:53",
        "16:38",
        "17:23",
        "18:08",
        "18:53",
        "19:37",
        "20:22",
        "21:07",
        "21:31"
    ],
    "url": "https://www.kanachu.co.jp/dia/diagram/timetable01_js/course:0000800921-14/node:00126628/kt:0/lname:/"
}
