{
    "date": "2025/08/30",
    "name": "住宅前(横浜市南区)",
    "position": "-",
    "system": "東01",
    "destinations": [
        "井土ヶ谷",
        "井土ヶ谷下町"
    ],
    "weekday": [
        "7:18",
        "7:57",
        "8:17",
        "8:40",
        "9:21",
        "9:41",
        "10:21",
        "11:01",
        "11:41",
        "12:21",
        "12:31",
        "13:01",
        "13:41",
        "14:21",
        "15:06",
        "15:46",
        "16:25",
        "16:55",
        "17:10",
        "17:40",
        "18:10",
        "18:40",
        "19:10",
        "19:40",
        "20:10",
        "20:40",
        "21:10",
        "21:41",
        "22:12"
    ],
    "saturday": [
        "7:17",
        "7:47",
        "8:17",
        "8:47",
        "9:17",
        "9:47",
        "10:17",
        "10:51",
        "11:25",
        "12:10",
        "12:55",
        "13:42",
        "14:27",
        "15:12",
        "15:57",
        "16:42",
        "17:27",
        "18:12",
        "18:57",
        "19:40",
        "20:25",
        "21:10",
        "21:34"
    ],
    "holiday": [
        "7:17",
        "7:47",
        "8:17",
        "8:47",
        "9:17",
        "9:47",
        "10:17",
        "10:51",
        "11:25",
        "12:10",
        "12:55",
        "13:42",
        "14:27",
        "15:12",
        "15:57",
        "16:42",
        "17:27",
        "18:12",
        "18:57",
        "19:40",
        "20:25",
        "21:10",
        "21:34"
    ],
    "url": "https://www.kanachu.co.jp/dia/diagram/timetable01_js/course:0000800921-16/node:00126630/kt:0/lname:/"
}
