{
    "date": "2025/08/30",
    "name": "井土ヶ谷",
    "position": "-",
    "system": "東01",
    "destinations": [
        "井土ヶ谷下町"
    ],
    "weekday": [
        "7:20",
        "7:59",
        "8:19",
        "8:42",
        "9:23",
        "9:43",
        "10:23",
        "11:03",
        "11:43",
        "12:23",
        "12:33",
        "13:03",
        "13:43",
        "14:23",
        "15:08",
        "15:48",
        "16:27",
        "16:57",
        "17:12",
        "17:42",
        "18:12",
        "18:42",
        "19:12",
        "19:42",
        "20:12",
        "20:42",
        "21:12",
        "21:43",
        "22:14"
    ],
    "saturday": [
        "7:19",
        "7:49",
        "8:19",
        "8:49",
        "9:19",
        "9:49",
        "10:19",
        "10:53",
        "11:27",
        "12:12",
        "12:57",
        "13:44",
        "14:29",
        "15:14",
        "15:59",
        "16:44",
        "17:29",
        "18:14",
        "18:59",
        "19:42",
        "20:27",
        "21:12",
        "21:36"
    ],
    "holiday": [
        "7:19",
        "7:49",
        "8:19",
        "8:49",
        "9:19",
        "9:49",
        "10:19",
        "10:53",
        "11:27",
        "12:12",
        "12:57",
        "13:44",
        "14:29",
        "15:14",
        "15:59",
        "16:44",
        "17:29",
        "18:14",
        "18:59",
        "19:42",
        "20:27",
        "21:12",
        "21:36"
    ],
    "url": "https://www.kanachu.co.jp/dia/diagram/timetable01_js/course:0000800921-17/node:00102233/kt:0/lname:/"
}
