{
    "date": "2025/04/01",
    "name": "境川団地入口",
    "position": "-",
    "system": "町78",
    "destinations": [
        "境川団地中央",
        "境川団地",
        "横町(町田市)",
        "木曽南団地",
        "町田総合高校前",
        "上の原(町田市)",
        "忠生",
        "JA忠生支店前",
        "忠生三丁目",
        "馬駈",
        "図師大橋",
        "図師",
        "並木(町田市)",
        "神学校(町田市)",
        "野津田車庫"
    ],
    "weekday": [
        "8:51",
        "9:49",
        "10:49",
        "11:49",
        "12:49",
        "13:49",
        "14:49",
        "15:49",
        "16:57",
        "18:51",
        "21:18",
        "22:51"
    ],
    "saturday": [
        "9:46",
        "10:44",
        "11:45",
        "12:49",
        "13:49",
        "14:47",
        "15:47",
        "16:49",
        "17:47",
        "18:47",
        "19:42",
        "20:26",
        "21:06",
        "22:51"
    ],
    "holiday": [
        "9:51",
        "10:51",
        "11:52",
        "12:52",
        "13:52",
        "14:52",
        "15:52",
        "16:52",
        "17:52",
        "18:52",
        "19:56",
        "20:26",
        "21:11"
    ],
    "url": "https://www.kanachu.co.jp/dia/diagram/timetable01_js/course:0000800826-8/node:00129380/kt:0/lname:/"
}
