{
    "date": "2025/04/01",
    "name": "上の原(町田市)",
    "position": "-",
    "system": "町78",
    "destinations": [
        "忠生",
        "JA忠生支店前",
        "忠生三丁目",
        "馬駈",
        "図師大橋",
        "図師",
        "並木(町田市)",
        "神学校(町田市)",
        "野津田車庫"
    ],
    "weekday": [
        "9:00",
        "9:58",
        "10:58",
        "11:58",
        "12:58",
        "13:58",
        "14:58",
        "15:58",
        "17:06",
        "19:00",
        "21:25",
        "22:58"
    ],
    "saturday": [
        "9:54",
        "10:52",
        "11:54",
        "12:58",
        "13:58",
        "14:56",
        "15:56",
        "16:58",
        "17:56",
        "18:56",
        "19:49",
        "20:33",
        "21:13",
        "22:58"
    ],
    "holiday": [
        "9:59",
        "10:59",
        "12:01",
        "13:01",
        "14:01",
        "15:01",
        "16:01",
        "17:01",
        "18:01",
        "19:01",
        "20:03",
        "20:33",
        "21:18"
    ],
    "url": "https://www.kanachu.co.jp/dia/diagram/timetable01_js/course:0000800826-14/node:00129496/kt:0/lname:/"
}
