{
    "date": "2025/04/01",
    "name": "図師",
    "position": "-",
    "system": "町78",
    "destinations": [
        "並木(町田市)",
        "神学校(町田市)",
        "野津田車庫"
    ],
    "weekday": [
        "9:07",
        "10:05",
        "11:05",
        "12:05",
        "13:05",
        "14:05",
        "15:06",
        "16:06",
        "17:14",
        "19:08",
        "21:32",
        "23:05"
    ],
    "saturday": [
        "10:01",
        "10:59",
        "12:01",
        "13:05",
        "14:06",
        "15:04",
        "16:04",
        "17:06",
        "18:04",
        "19:04",
        "19:56",
        "20:40",
        "21:20",
        "23:05"
    ],
    "holiday": [
        "10:06",
        "11:07",
        "12:09",
        "13:09",
        "14:09",
        "15:09",
        "16:09",
        "17:09",
        "18:09",
        "19:08",
        "20:10",
        "20:40",
        "21:25"
    ],
    "url": "https://www.kanachu.co.jp/dia/diagram/timetable01_js/course:0000800826-20/node:00129370/kt:0/lname:/"
}
