{
    "date": "2024/09/02",
    "name": "立場ターミナル",
    "position": "-",
    "system": "長54",
    "destinations": [
        "谷戸入口(横浜市泉区)",
        "和泉(横浜市泉区)",
        "泉区総合庁舎前",
        "和泉坂上",
        "飯田(横浜市泉区)",
        "上高倉",
        "藤沢湘南台病院前",
        "住宅前(藤沢市高倉)",
        "長後駅"
    ],
    "weekday": [
        "6:36",
        "7:26",
        "8:16",
        "9:06",
        "9:56",
        "10:46",
        "11:36",
        "12:26",
        "13:16",
        "14:06",
        "14:56",
        "15:46",
        "16:36",
        "17:26",
        "18:16",
        "19:06",
        "19:56"
    ],
    "saturday": [
        "7:50",
        "8:40",
        "9:30",
        "10:20",
        "11:10",
        "12:00",
        "12:50",
        "13:40",
        "14:30",
        "15:20",
        "16:10",
        "17:00",
        "17:50",
        "18:40",
        "19:30"
    ],
    "holiday": [
        "7:50",
        "8:40",
        "9:30",
        "10:20",
        "11:10",
        "12:00",
        "12:50",
        "13:40",
        "14:30",
        "15:20",
        "16:10",
        "17:00",
        "17:50",
        "18:40",
        "19:30"
    ],
    "url": "https://www.kanachu.co.jp/dia/diagram/timetable01_js/course:0000800261-1/node:00126783/kt:0/lname:/"
}
