{
    "date": "2025/07/27",
    "name": "大道(秦野市)",
    "position": "-",
    "system": "秦54",
    "destinations": [
        "上大道",
        "宮前(秦野市)",
        "宮上(秦野市)",
        "榎木堂",
        "六反地",
        "田原入口",
        "羽根入口",
        "三屋入口",
        "戸川入口西",
        "戸川工業団地",
        "戸川台",
        "桜土手古墳公園",
        "テクノパーク",
        "桜土手(秦野市)",
        "堀川小学校前(秦野市)",
        "渋沢駅北口"
    ],
    "weekday": [
        "6:09",
        "6:54",
        "7:24",
        "7:49",
        "8:11",
        "12:59",
        "17:03"
    ],
    "saturday": [],
    "holiday": [],
    "url": "https://www.kanachu.co.jp/dia/diagram/timetable01_js/course:0000801927-4/node:00127876/kt:0/lname:/"
}
