{
    "date": "2025/07/27",
    "name": "榎木堂",
    "position": "-",
    "system": "秦54",
    "destinations": [
        "六反地",
        "田原入口",
        "羽根入口",
        "三屋入口",
        "戸川入口西",
        "戸川工業団地",
        "戸川台",
        "桜土手古墳公園",
        "テクノパーク",
        "桜土手(秦野市)",
        "堀川小学校前(秦野市)",
        "渋沢駅北口"
    ],
    "weekday": [
        "6:12",
        "6:57",
        "7:28",
        "7:53",
        "8:15",
        "13:02",
        "17:06"
    ],
    "saturday": [],
    "holiday": [],
    "url": "https://www.kanachu.co.jp/dia/diagram/timetable01_js/course:0000801927-8/node:00127880/kt:0/lname:/"
}
