{
    "date": "2025/07/27",
    "name": "戸川入口西",
    "position": "-",
    "system": "秦54",
    "destinations": [
        "戸川工業団地",
        "戸川台",
        "桜土手古墳公園",
        "テクノパーク",
        "桜土手(秦野市)",
        "堀川小学校前(秦野市)",
        "渋沢駅北口"
    ],
    "weekday": [
        "6:18",
        "7:03",
        "7:36",
        "8:01",
        "8:23",
        "13:08",
        "17:14"
    ],
    "saturday": [],
    "holiday": [],
    "url": "https://www.kanachu.co.jp/dia/diagram/timetable01_js/course:0000801927-13/node:00130352/kt:0/lname:/"
}
