{
    "date": "2025/04/01",
    "name": "山崎団地センター",
    "position": "-",
    "system": "町24",
    "destinations": [
        "山崎団地入口",
        "木曽入口",
        "三家(町田市)",
        "木曽住宅",
        "滝の沢(町田市)",
        "浄水場前(町田市)",
        "市民病院前(町田市)",
        "森野三丁目",
        "第四小学校前(町田市)",
        "町田市役所市民ホール前",
        "町田バスセンター",
        "町田ターミナル"
    ],
    "weekday": [
        "8:55",
        "9:07",
        "9:13",
        "9:27",
        "9:33",
        "9:55",
        "10:01",
        "10:08",
        "10:25",
        "10:33",
        "10:49",
        "10:55",
        "11:08",
        "11:26",
        "11:36",
        "11:56",
        "12:06",
        "12:26",
        "12:36",
        "12:53",
        "13:08",
        "13:26",
        "13:36",
        "13:58",
        "14:08",
        "14:26",
        "14:36",
        "14:53",
        "15:01",
        "15:08",
        "15:21",
        "15:53",
        "16:01",
        "16:21",
        "16:36",
        "16:56",
        "17:06",
        "17:18",
        "17:31",
        "17:51",
        "18:04",
        "18:19",
        "19:01",
        "19:20",
        "20:06",
        "20:36"
    ],
    "saturday": [
        "8:51",
        "9:01",
        "9:17",
        "9:27",
        "9:43",
        "9:53",
        "10:01",
        "10:14",
        "10:20",
        "10:27",
        "10:41",
        "10:53",
        "11:01",
        "11:18",
        "11:29",
        "11:49",
        "11:59",
        "12:18",
        "12:27",
        "12:47",
        "12:57",
        "13:19",
        "13:31",
        "13:56",
        "14:19",
        "14:31",
        "14:56",
        "15:19",
        "15:31",
        "15:56",
        "16:22",
        "16:50",
        "17:22",
        "17:51",
        "18:07",
        "19:06",
        "20:06"
    ],
    "holiday": [
        "9:00",
        "9:21",
        "9:31",
        "9:41",
        "10:01",
        "10:18",
        "10:27",
        "10:47",
        "10:57",
        "11:19",
        "11:31",
        "11:55",
        "12:19",
        "12:31",
        "12:55",
        "13:19",
        "13:31",
        "13:55",
        "14:22",
        "14:52",
        "15:22",
        "15:52",
        "16:22",
        "16:52",
        "17:22",
        "17:52",
        "18:05",
        "19:05",
        "20:05"
    ],
    "url": "https://www.kanachu.co.jp/dia/diagram/timetable01_js/course:0000803164-5/node:00129388/kt:0/lname:/"
}
