{
    "date": "2025/04/01",
    "name": "山崎団地入口",
    "position": "-",
    "system": "町24",
    "destinations": [
        "木曽入口",
        "三家(町田市)",
        "木曽住宅",
        "滝の沢(町田市)",
        "浄水場前(町田市)",
        "市民病院前(町田市)",
        "森野三丁目",
        "第四小学校前(町田市)",
        "町田市役所市民ホール前",
        "町田バスセンター",
        "町田ターミナル"
    ],
    "weekday": [
        "8:57",
        "9:09",
        "9:15",
        "9:29",
        "9:35",
        "9:57",
        "10:03",
        "10:10",
        "10:27",
        "10:35",
        "10:51",
        "10:57",
        "11:10",
        "11:28",
        "11:38",
        "11:58",
        "12:08",
        "12:28",
        "12:38",
        "12:55",
        "13:10",
        "13:28",
        "13:38",
        "14:00",
        "14:10",
        "14:28",
        "14:38",
        "14:55",
        "15:03",
        "15:10",
        "15:23",
        "15:55",
        "16:03",
        "16:23",
        "16:38",
        "16:58",
        "17:08",
        "17:20",
        "17:33",
        "17:53",
        "18:06",
        "18:21",
        "19:03",
        "19:22",
        "20:08",
        "20:38"
    ],
    "saturday": [
        "8:53",
        "9:03",
        "9:19",
        "9:29",
        "9:45",
        "9:55",
        "10:03",
        "10:16",
        "10:22",
        "10:29",
        "10:43",
        "10:55",
        "11:03",
        "11:20",
        "11:31",
        "11:51",
        "12:01",
        "12:20",
        "12:29",
        "12:49",
        "12:59",
        "13:21",
        "13:33",
        "13:58",
        "14:21",
        "14:33",
        "14:58",
        "15:21",
        "15:33",
        "15:58",
        "16:24",
        "16:52",
        "17:24",
        "17:53",
        "18:09",
        "19:08",
        "20:08"
    ],
    "holiday": [
        "9:02",
        "9:23",
        "9:33",
        "9:43",
        "10:03",
        "10:20",
        "10:29",
        "10:49",
        "10:59",
        "11:21",
        "11:33",
        "11:57",
        "12:21",
        "12:33",
        "12:57",
        "13:21",
        "13:33",
        "13:57",
        "14:24",
        "14:54",
        "15:24",
        "15:54",
        "16:24",
        "16:54",
        "17:24",
        "17:54",
        "18:07",
        "19:07",
        "20:07"
    ],
    "url": "https://www.kanachu.co.jp/dia/diagram/timetable01_js/course:0000803164-6/node:00129387/kt:0/lname:/"
}
