{
    "date": "2025/04/01",
    "name": "木曽入口",
    "position": "-",
    "system": "町24",
    "destinations": [
        "三家(町田市)",
        "木曽住宅",
        "滝の沢(町田市)",
        "浄水場前(町田市)",
        "市民病院前(町田市)",
        "森野三丁目",
        "第四小学校前(町田市)",
        "町田市役所市民ホール前",
        "町田バスセンター",
        "町田ターミナル"
    ],
    "weekday": [
        "8:58",
        "9:10",
        "9:16",
        "9:30",
        "9:36",
        "9:58",
        "10:04",
        "10:11",
        "10:28",
        "10:36",
        "10:52",
        "10:58",
        "11:11",
        "11:29",
        "11:39",
        "11:59",
        "12:09",
        "12:29",
        "12:39",
        "12:56",
        "13:11",
        "13:29",
        "13:39",
        "14:01",
        "14:11",
        "14:29",
        "14:39",
        "14:56",
        "15:04",
        "15:11",
        "15:24",
        "15:56",
        "16:04",
        "16:24",
        "16:39",
        "16:59",
        "17:09",
        "17:21",
        "17:34",
        "17:54",
        "18:07",
        "18:22",
        "19:04",
        "19:23",
        "20:09",
        "20:39"
    ],
    "saturday": [
        "8:54",
        "9:04",
        "9:20",
        "9:30",
        "9:46",
        "9:56",
        "10:04",
        "10:17",
        "10:23",
        "10:30",
        "10:44",
        "10:56",
        "11:04",
        "11:21",
        "11:32",
        "11:52",
        "12:02",
        "12:21",
        "12:30",
        "12:50",
        "13:00",
        "13:22",
        "13:34",
        "13:59",
        "14:22",
        "14:34",
        "14:59",
        "15:22",
        "15:34",
        "15:59",
        "16:25",
        "16:53",
        "17:25",
        "17:54",
        "18:10",
        "19:09",
        "20:09"
    ],
    "holiday": [
        "9:03",
        "9:24",
        "9:34",
        "9:44",
        "10:04",
        "10:21",
        "10:30",
        "10:50",
        "11:00",
        "11:22",
        "11:34",
        "11:58",
        "12:22",
        "12:34",
        "12:58",
        "13:22",
        "13:34",
        "13:58",
        "14:25",
        "14:55",
        "15:25",
        "15:55",
        "16:25",
        "16:55",
        "17:25",
        "17:55",
        "18:08",
        "19:08",
        "20:08"
    ],
    "url": "https://www.kanachu.co.jp/dia/diagram/timetable01_js/course:0000803164-7/node:00129386/kt:0/lname:/"
}
