{
    "date": "2026/01/16",
    "name": "飯田北小学校入口",
    "position": "-",
    "system": "立02",
    "destinations": [
        "ひなた山第一",
        "ひなた山",
        "上飯田車庫"
    ],
    "weekday": [
        "9:31",
        "10:50",
        "11:40",
        "13:01",
        "13:41",
        "15:00",
        "16:25",
        "17:00",
        "18:05",
        "19:00",
        "19:40"
    ],
    "saturday": [
        "9:10",
        "10:11",
        "11:50",
        "12:41",
        "13:35",
        "14:35",
        "15:33",
        "17:05",
        "17:45",
        "18:35",
        "19:30"
    ],
    "holiday": [
        "9:10",
        "10:11",
        "11:50",
        "12:41",
        "13:35",
        "14:35",
        "15:33",
        "17:05",
        "17:45",
        "18:35",
        "19:30"
    ],
    "url": "https://www.kanachu.co.jp/dia/diagram/timetable01_js/course:0000804201-10/node:00126907/kt:0/lname:/"
}
