{
    "date": "2025/08/30",
    "name": "ブリヂストン前",
    "position": "-",
    "system": "戸33",
    "destinations": [
        "不動坂(横浜市戸塚区)",
        "ポーラ前(横浜市戸塚区)",
        "柏尾(横浜市戸塚区)",
        "秋葉三叉路",
        "秋葉",
        "富士山下",
        "公園前(横浜市戸塚区)",
        "川上小学校前(横浜市戸塚区)",
        "前田ハイツ前",
        "天王山橋",
        "東戸塚駅東口"
    ],
    "weekday": [
        "6:21",
        "6:36",
        "6:51",
        "7:04",
        "7:19",
        "7:27",
        "7:44",
        "7:54",
        "8:04",
        "8:16",
        "8:29",
        "8:42",
        "8:54",
        "9:12",
        "9:24",
        "9:54",
        "10:24",
        "10:54",
        "11:24",
        "11:54",
        "12:24",
        "12:54",
        "13:24",
        "13:54",
        "14:24",
        "14:54",
        "15:29",
        "15:54",
        "16:29",
        "16:54",
        "17:29",
        "17:54",
        "18:29",
        "18:54",
        "19:19",
        "19:54",
        "20:39",
        "21:24"
    ],
    "saturday": [
        "6:23",
        "6:53",
        "7:23",
        "7:51",
        "8:21",
        "8:53",
        "9:24",
        "9:54",
        "10:24",
        "10:54",
        "11:24",
        "11:54",
        "12:24",
        "12:54",
        "13:24",
        "13:54",
        "14:24",
        "14:54",
        "15:29",
        "15:54",
        "16:29",
        "16:54",
        "17:29",
        "17:54",
        "18:29",
        "18:54",
        "19:19",
        "19:54",
        "20:39",
        "21:24"
    ],
    "holiday": [
        "7:16",
        "7:51",
        "8:21",
        "8:53",
        "9:24",
        "9:54",
        "10:24",
        "10:54",
        "11:24",
        "11:54",
        "12:24",
        "12:54",
        "13:24",
        "13:54",
        "14:24",
        "14:54",
        "15:29",
        "15:54",
        "16:29",
        "16:54",
        "17:29",
        "17:54",
        "18:29",
        "18:54",
        "19:19",
        "19:54",
        "20:39",
        "21:24"
    ],
    "url": "https://www.kanachu.co.jp/dia/diagram/timetable01_js/course:0000803856-4/node:00126612/kt:0/lname:/"
}
