{
    "date": "2025/08/30",
    "name": "川上小学校前(横浜市戸塚区)",
    "position": "-",
    "system": "戸33",
    "destinations": [
        "前田ハイツ前",
        "天王山橋",
        "東戸塚駅東口"
    ],
    "weekday": [
        "6:37",
        "6:52",
        "7:09",
        "7:22",
        "7:37",
        "7:45",
        "8:02",
        "8:12",
        "8:22",
        "8:34",
        "8:47",
        "9:00",
        "9:12",
        "9:30",
        "9:42",
        "10:12",
        "10:42",
        "11:12",
        "11:42",
        "12:12",
        "12:42",
        "13:12",
        "13:42",
        "14:12",
        "14:42",
        "15:12",
        "15:47",
        "16:12",
        "16:47",
        "17:12",
        "17:47",
        "18:12",
        "18:47",
        "19:10",
        "19:35",
        "20:10",
        "20:55",
        "21:40"
    ],
    "saturday": [
        "6:39",
        "7:09",
        "7:39",
        "8:09",
        "8:39",
        "9:11",
        "9:42",
        "10:12",
        "10:42",
        "11:12",
        "11:42",
        "12:12",
        "12:42",
        "13:12",
        "13:42",
        "14:12",
        "14:42",
        "15:12",
        "15:47",
        "16:12",
        "16:47",
        "17:12",
        "17:47",
        "18:12",
        "18:47",
        "19:10",
        "19:35",
        "20:10",
        "20:55",
        "21:40"
    ],
    "holiday": [
        "7:32",
        "8:09",
        "8:39",
        "9:11",
        "9:42",
        "10:12",
        "10:42",
        "11:12",
        "11:42",
        "12:12",
        "12:42",
        "13:12",
        "13:42",
        "14:12",
        "14:42",
        "15:12",
        "15:47",
        "16:12",
        "16:47",
        "17:12",
        "17:47",
        "18:12",
        "18:47",
        "19:10",
        "19:35",
        "20:10",
        "20:55",
        "21:40"
    ],
    "url": "https://www.kanachu.co.jp/dia/diagram/timetable01_js/course:0000803856-12/node:00126650/kt:0/lname:/"
}
