{
    "date": "2026/01/16",
    "name": "横浜駅東口",
    "position": "-",
    "system": "港61",
    "destinations": [
        "高島町",
        "花咲橋",
        "雪見橋",
        "紅葉坂",
        "桜木町駅前",
        "横浜市役所前",
        "本町四丁目(横浜市中区)",
        "尾上町(横浜市中区)",
        "羽衣町(横浜市中区)",
        "長者町五丁目",
        "曙町(横浜市中区)",
        "横浜橋",
        "阪東橋",
        "吉野町一丁目",
        "吉野町駅前",
        "お三の宮",
        "宮元町一丁目",
        "蒔田駅前",
        "通町一丁目",
        "通町三丁目",
        "弘明寺",
        "南小学校前(横浜市南区)",
        "向田橋",
        "越戸橋(横浜市港南区)",
        "最戸橋",
        "上大岡駅",
        "関の下",
        "笹下港南中央通り",
        "港南区総合庁舎前",
        "吉原(横浜市港南区)",
        "新吉原橋",
        "日野公園墓地入口",
        "日野中央公園入口",
        "日野小学校前(横浜市港南区)",
        "日野(横浜市港南区)",
        "清水橋(横浜市港南区)",
        "港南台入口",
        "港南台駅"
    ],
    "weekday": [
        "6:22",
        "9:06",
        "11:03",
        "12:29",
        "14:27",
        "16:29",
        "18:21",
        "20:24"
    ],
    "saturday": [
        "8:42",
        "10:21",
        "12:49",
        "14:38",
        "16:43",
        "18:07"
    ],
    "holiday": [
        "8:42",
        "10:21",
        "12:49",
        "14:38",
        "16:43",
        "18:07"
    ],
    "url": "https://www.kanachu.co.jp/dia/diagram/timetable01_js/course:0000804214-1/node:00025535/kt:0/lname:/"
}
