{
    "date": "2023/07/01",
    "name": "岡田一本杉(新道/厚木市)",
    "position": "-",
    "system": "平15",
    "destinations": [
        "岡田電話局前",
        "酒井(新道/厚木市)",
        "戸田(新道/厚木市)",
        "ツインシティ大神",
        "大神(新道/平塚市)",
        "神田小学校前(平塚市)",
        "駒返橋入口",
        "田村団地入口",
        "東真土",
        "平塚駅北口"
    ],
    "weekday": [
        "9:29",
        "10:29",
        "11:29",
        "12:29",
        "13:29",
        "14:29",
        "15:29",
        "16:30",
        "17:30",
        "18:30",
        "19:29"
    ],
    "saturday": [
        "9:27",
        "9:59",
        "10:25",
        "10:59",
        "11:25",
        "11:59",
        "12:25",
        "12:59",
        "13:25",
        "13:59",
        "14:25",
        "14:59",
        "15:25",
        "15:59",
        "16:26",
        "17:00",
        "17:26",
        "18:00",
        "18:27",
        "19:25"
    ],
    "holiday": [
        "9:27",
        "9:59",
        "10:25",
        "10:59",
        "11:25",
        "11:59",
        "12:25",
        "12:59",
        "13:25",
        "13:59",
        "14:25",
        "14:59",
        "15:25",
        "15:59",
        "16:26",
        "17:00",
        "17:26",
        "18:00",
        "18:27",
        "19:25"
    ],
    "url": "https://www.kanachu.co.jp/dia/diagram/timetable01_js/course:0000803318-2/node:00128634/kt:0/lname:/"
}
