{
    "date": "2025/03/15",
    "name": "前の田",
    "position": "-",
    "system": "茅19",
    "destinations": [
        "神奈中営業所前",
        "ニュータウン入口(茅ケ崎市)",
        "鶴が台入口",
        "鶴が台中学校前",
        "香川小学校入口",
        "松風台(茅ケ崎市)",
        "香川二丁目",
        "みずき四丁目",
        "湘南みずき",
        "みずき二丁目",
        "西方(茅ケ崎市)",
        "北陵高校入口",
        "せせらぎ公園入口(茅ケ崎市)",
        "湘南みずき",
        "みずき四丁目",
        "香川二丁目",
        "松風台(茅ケ崎市)",
        "香川小学校入口",
        "鶴が台中学校前",
        "鶴が台入口",
        "ニュータウン入口(茅ケ崎市)",
        "神奈中営業所前",
        "前の田",
        "中央公園前(茅ケ崎市)",
        "茅ヶ崎駅"
    ],
    "weekday": [
        "7:55",
        "8:48",
        "9:43",
        "10:43",
        "11:39",
        "12:39",
        "13:39",
        "14:39",
        "15:39",
        "16:25",
        "17:28",
        "18:31"
    ],
    "saturday": [
        "9:03",
        "10:08",
        "11:03",
        "12:08",
        "13:08",
        "14:08",
        "15:08",
        "16:08",
        "17:08",
        "18:08",
        "19:18"
    ],
    "holiday": [
        "9:13",
        "10:03",
        "11:03",
        "12:08",
        "13:08",
        "14:08",
        "15:08",
        "16:08",
        "17:08",
        "18:08",
        "19:18"
    ],
    "url": "https://www.kanachu.co.jp/dia/diagram/timetable01_js/course:0000800670-3/node:00127136/kt:0/lname:/"
}
