{
    "date": "2025/03/15",
    "name": "ニュータウン入口(茅ケ崎市)",
    "position": "-",
    "system": "茅19",
    "destinations": [
        "鶴が台入口",
        "鶴が台中学校前",
        "香川小学校入口",
        "松風台(茅ケ崎市)",
        "香川二丁目",
        "みずき四丁目",
        "湘南みずき",
        "みずき二丁目",
        "西方(茅ケ崎市)",
        "北陵高校入口",
        "せせらぎ公園入口(茅ケ崎市)",
        "湘南みずき",
        "みずき四丁目",
        "香川二丁目",
        "松風台(茅ケ崎市)",
        "香川小学校入口",
        "鶴が台中学校前",
        "鶴が台入口",
        "ニュータウン入口(茅ケ崎市)",
        "神奈中営業所前",
        "前の田",
        "中央公園前(茅ケ崎市)",
        "茅ヶ崎駅"
    ],
    "weekday": [
        "7:58",
        "8:51",
        "9:46",
        "10:46",
        "11:42",
        "12:42",
        "13:42",
        "14:42",
        "15:42",
        "16:28",
        "17:31",
        "18:34"
    ],
    "saturday": [
        "9:06",
        "10:11",
        "11:06",
        "12:11",
        "13:11",
        "14:11",
        "15:11",
        "16:11",
        "17:11",
        "18:11",
        "19:20"
    ],
    "holiday": [
        "9:16",
        "10:06",
        "11:06",
        "12:11",
        "13:11",
        "14:11",
        "15:11",
        "16:11",
        "17:11",
        "18:11",
        "19:20"
    ],
    "url": "https://www.kanachu.co.jp/dia/diagram/timetable01_js/course:0000800670-5/node:00127138/kt:0/lname:/"
}
