{
    "date": "2025/03/15",
    "name": "北陵高校入口",
    "position": "-",
    "system": "茅19",
    "destinations": [
        "せせらぎ公園入口(茅ケ崎市)",
        "湘南みずき",
        "みずき四丁目",
        "香川二丁目",
        "松風台(茅ケ崎市)",
        "香川小学校入口",
        "鶴が台中学校前",
        "鶴が台入口",
        "ニュータウン入口(茅ケ崎市)",
        "神奈中営業所前",
        "前の田",
        "中央公園前(茅ケ崎市)",
        "茅ヶ崎駅"
    ],
    "weekday": [
        "8:12",
        "9:05",
        "10:02",
        "11:02",
        "11:58",
        "12:58",
        "13:58",
        "14:58",
        "15:58",
        "16:44",
        "17:47",
        "18:50"
    ],
    "saturday": [
        "9:20",
        "10:27",
        "11:22",
        "12:27",
        "13:27",
        "14:27",
        "15:27",
        "16:27",
        "17:27",
        "18:27",
        "19:33"
    ],
    "holiday": [
        "9:30",
        "10:22",
        "11:22",
        "12:27",
        "13:27",
        "14:27",
        "15:27",
        "16:27",
        "17:27",
        "18:27",
        "19:33"
    ],
    "url": "https://www.kanachu.co.jp/dia/diagram/timetable01_js/course:0000800670-15/node:00127329/kt:0/lname:/"
}
