{
    "system": "茅19",
    "busstops": [
        {
            "index": "1",
            "id": "00127126",
            "name": "茅ヶ崎駅",
            "lat": "35.330877",
            "lng": "139.405863"
        },
        {
            "index": "2",
            "id": "00127135",
            "name": "中央公園前(茅ケ崎市)",
            "lat": "35.334628",
            "lng": "139.407764"
        },
        {
            "index": "3",
            "id": "00127136",
            "name": "前の田",
            "lat": "35.337476",
            "lng": "139.409841"
        },
        {
            "index": "4",
            "id": "00127137",
            "name": "神奈中営業所前",
            "lat": "35.341599",
            "lng": "139.411337"
        },
        {
            "index": "5",
            "id": "00127138",
            "name": "ニュータウン入口(茅ケ崎市)",
            "lat": "35.343848",
            "lng": "139.412199"
        },
        {
            "index": "6",
            "id": "00127139",
            "name": "鶴が台入口",
            "lat": "35.346425",
            "lng": "139.413098"
        },
        {
            "index": "7",
            "id": "00127154",
            "name": "鶴が台中学校前",
            "lat": "35.348165",
            "lng": "139.410489"
        },
        {
            "index": "8",
            "id": "00127157",
            "name": "香川小学校入口",
            "lat": "35.352792",
            "lng": "139.409013"
        },
        {
            "index": "9",
            "id": "00127158",
            "name": "松風台(茅ケ崎市)",
            "lat": "35.354673",
            "lng": "139.409368"
        },
        {
            "index": "10",
            "id": "00127407",
            "name": "香川二丁目",
            "lat": "35.356519",
            "lng": "139.407059"
        },
        {
            "index": "11",
            "id": "00127408",
            "name": "みずき四丁目",
            "lat": "35.358842",
            "lng": "139.405744"
        },
        {
            "index": "12",
            "id": "00127409",
            "name": "湘南みずき",
            "lat": "35.362309",
            "lng": "139.404562"
        },
        {
            "index": "13",
            "id": "00127410",
            "name": "みずき二丁目",
            "lat": "35.364365",
            "lng": "139.404226"
        },
        {
            "index": "14",
            "id": "00127330",
            "name": "西方(茅ケ崎市)",
            "lat": "35.364374",
            "lng": "139.402309"
        },
        {
            "index": "15",
            "id": "00127329",
            "name": "北陵高校入口",
            "lat": "35.362976",
            "lng": "139.400405"
        },
        {
            "index": "16",
            "id": "00127411",
            "name": "せせらぎ公園入口(茅ケ崎市)",
            "lat": "35.362012",
            "lng": "139.403114"
        },
        {
            "index": "17",
            "id": "00127409",
            "name": "湘南みずき",
            "lat": "35.361686",
            "lng": "139.404755"
        },
        {
            "index": "18",
            "id": "00127408",
            "name": "みずき四丁目",
            "lat": "35.358832",
            "lng": "139.405843"
        },
        {
            "index": "19",
            "id": "00127407",
            "name": "香川二丁目",
            "lat": "35.356432",
            "lng": "139.407239"
        },
        {
            "index": "20",
            "id": "00127158",
            "name": "松風台(茅ケ崎市)",
            "lat": "35.354675",
            "lng": "139.409368"
        },
        {
            "index": "21",
            "id": "00127157",
            "name": "香川小学校入口",
            "lat": "35.353097",
            "lng": "139.409059"
        },
        {
            "index": "22",
            "id": "00127154",
            "name": "鶴が台中学校前",
            "lat": "35.348462",
            "lng": "139.410544"
        },
        {
            "index": "23",
            "id": "00127139",
            "name": "鶴が台入口",
            "lat": "35.345351",
            "lng": "139.412818"
        },
        {
            "index": "24",
            "id": "00127138",
            "name": "ニュータウン入口(茅ケ崎市)",
            "lat": "35.342673",
            "lng": "139.411871"
        },
        {
            "index": "25",
            "id": "00127137",
            "name": "神奈中営業所前",
            "lat": "35.341014",
            "lng": "139.411205"
        },
        {
            "index": "26",
            "id": "00127136",
            "name": "前の田",
            "lat": "35.337346",
            "lng": "139.409871"
        },
        {
            "index": "27",
            "id": "00127135",
            "name": "中央公園前(茅ケ崎市)",
            "lat": "35.334645",
            "lng": "139.407949"
        },
        {
            "index": "28",
            "id": "00127126",
            "name": "茅ヶ崎駅",
            "lat": "35.331146",
            "lng": "139.406276"
        }
    ],
    "route_url": "https://www.kanachu.co.jp/dia/route/index/cid:0000800670/"
}
