{
    "date": "2020/11/24",
    "name": "坂本(鎌倉市)",
    "position": "-",
    "system": "船27",
    "destinations": [
        "長尾台(横浜市栄区)",
        "宮ノ前(横浜市栄区)",
        "ニコン前",
        "住友電工南門",
        "住友電工",
        "住友電工入口",
        "山王(横浜市栄区)",
        "洞窟前",
        "田谷(横浜市栄区)",
        "小蓋山",
        "宮ノ前(横浜市栄区)",
        "長尾台(横浜市栄区)",
        "坂本(鎌倉市)",
        "大船駅西口"
    ],
    "weekday": [
        "6:59",
        "7:11",
        "7:21",
        "7:34",
        "7:39",
        "7:44",
        "7:48",
        "7:52",
        "7:56",
        "8:00",
        "8:04",
        "8:07",
        "8:10",
        "8:14",
        "8:17",
        "8:20",
        "8:24",
        "8:39",
        "9:04"
    ],
    "saturday": [],
    "holiday": [],
    "url": "https://www.kanachu.co.jp/dia/diagram/timetable01_js/course:0000802994-2/node:00126854/kt:0/lname:/"
}
