{
    "date": "2020/11/24",
    "name": "ニコン前",
    "position": "-",
    "system": "船27",
    "destinations": [
        "住友電工南門",
        "住友電工",
        "住友電工入口",
        "山王(横浜市栄区)",
        "洞窟前",
        "田谷(横浜市栄区)",
        "小蓋山",
        "宮ノ前(横浜市栄区)",
        "長尾台(横浜市栄区)",
        "坂本(鎌倉市)",
        "大船駅西口"
    ],
    "weekday": [
        "7:02",
        "7:14",
        "7:24",
        "7:37",
        "7:42",
        "7:47",
        "7:51",
        "7:55",
        "7:59",
        "8:03",
        "8:07",
        "8:10",
        "8:13",
        "8:17",
        "8:20",
        "8:23",
        "8:27",
        "8:42",
        "9:07"
    ],
    "saturday": [],
    "holiday": [],
    "url": "https://www.kanachu.co.jp/dia/diagram/timetable01_js/course:0000802994-5/node:00126928/kt:0/lname:/"
}
