{
    "date": "2020/11/24",
    "name": "住友電工入口",
    "position": "-",
    "system": "船27",
    "destinations": [
        "山王(横浜市栄区)",
        "洞窟前",
        "田谷(横浜市栄区)",
        "小蓋山",
        "宮ノ前(横浜市栄区)",
        "長尾台(横浜市栄区)",
        "坂本(鎌倉市)",
        "大船駅西口"
    ],
    "weekday": [
        "7:06",
        "7:18",
        "7:28",
        "7:41",
        "7:46",
        "7:51",
        "7:55",
        "7:59",
        "8:03",
        "8:07",
        "8:11",
        "8:14",
        "8:17",
        "8:21",
        "8:24",
        "8:27",
        "8:31",
        "8:46",
        "9:11"
    ],
    "saturday": [],
    "holiday": [],
    "url": "https://www.kanachu.co.jp/dia/diagram/timetable01_js/course:0000802994-8/node:00126931/kt:0/lname:/"
}
