{
    "date": "2020/11/24",
    "name": "宮ノ前(横浜市栄区)",
    "position": "-",
    "system": "船27",
    "destinations": [
        "長尾台(横浜市栄区)",
        "坂本(鎌倉市)",
        "大船駅西口"
    ],
    "weekday": [
        "7:11",
        "7:23",
        "7:33",
        "7:46",
        "7:51",
        "7:56",
        "8:00",
        "8:04",
        "8:08",
        "8:12",
        "8:16",
        "8:19",
        "8:22",
        "8:26",
        "8:29",
        "8:32",
        "8:36",
        "8:51",
        "9:16"
    ],
    "saturday": [],
    "holiday": [],
    "url": "https://www.kanachu.co.jp/dia/diagram/timetable01_js/course:0000802994-13/node:00126852/kt:0/lname:/"
}
