{
    "date": "2025/04/19",
    "name": "古淵駅",
    "position": "-",
    "system": "古01",
    "destinations": [
        "古淵駅入口",
        "老人ホーム入口(相模原市南区)",
        "大野台二丁目",
        "大野台中央小入口",
        "ゴルフ場前(相模原市南区)",
        "大野台四丁目",
        "大野台八丁目",
        "大野台入口",
        "麻溝台入口",
        "麻溝台高校",
        "北里大学病院・北里大学"
    ],
    "weekday": [
        "7:30",
        "8:00",
        "8:40",
        "9:10",
        "9:40",
        "10:40",
        "11:30",
        "12:30",
        "13:00",
        "14:00",
        "15:00",
        "16:00",
        "17:05",
        "17:37",
        "18:12",
        "18:47",
        "19:17",
        "19:47",
        "20:33"
    ],
    "saturday": [
        "7:30",
        "8:00",
        "9:00",
        "10:00",
        "11:00",
        "12:00",
        "13:00",
        "14:00",
        "15:00",
        "16:00",
        "17:00",
        "18:00",
        "19:00",
        "20:00"
    ],
    "holiday": [
        "8:00",
        "9:00",
        "10:00",
        "11:00",
        "12:00",
        "13:00",
        "14:00",
        "15:00",
        "16:00",
        "17:00",
        "18:00",
        "19:00",
        "20:00"
    ],
    "url": "https://www.kanachu.co.jp/dia/diagram/timetable01_js/course:0000801900-1/node:00129313/kt:0/lname:/"
}
