{
    "date": "2025/04/19",
    "name": "大野台二丁目",
    "position": "-",
    "system": "古01",
    "destinations": [
        "大野台中央小入口",
        "ゴルフ場前(相模原市南区)",
        "大野台四丁目",
        "大野台八丁目",
        "大野台入口",
        "麻溝台入口",
        "麻溝台高校",
        "北里大学病院・北里大学"
    ],
    "weekday": [
        "7:36",
        "8:06",
        "8:46",
        "9:16",
        "9:46",
        "10:46",
        "11:36",
        "12:36",
        "13:06",
        "14:06",
        "15:06",
        "16:06",
        "17:11",
        "17:43",
        "18:18",
        "18:53",
        "19:23",
        "19:53",
        "20:39"
    ],
    "saturday": [
        "7:36",
        "8:06",
        "9:06",
        "10:06",
        "11:06",
        "12:06",
        "13:06",
        "14:06",
        "15:06",
        "16:06",
        "17:06",
        "18:06",
        "19:06",
        "20:06"
    ],
    "holiday": [
        "8:06",
        "9:06",
        "10:06",
        "11:06",
        "12:06",
        "13:06",
        "14:06",
        "15:06",
        "16:06",
        "17:06",
        "18:06",
        "19:06",
        "20:06"
    ],
    "url": "https://www.kanachu.co.jp/dia/diagram/timetable01_js/course:0000801900-4/node:00129315/kt:0/lname:/"
}
