{
    "date": "2025/04/19",
    "name": "ゴルフ場前(相模原市南区)",
    "position": "-",
    "system": "古01",
    "destinations": [
        "大野台四丁目",
        "大野台八丁目",
        "大野台入口",
        "麻溝台入口",
        "麻溝台高校",
        "北里大学病院・北里大学"
    ],
    "weekday": [
        "7:38",
        "8:08",
        "8:48",
        "9:18",
        "9:48",
        "10:48",
        "11:38",
        "12:38",
        "13:08",
        "14:08",
        "15:08",
        "16:08",
        "17:13",
        "17:45",
        "18:20",
        "18:55",
        "19:25",
        "19:55",
        "20:41"
    ],
    "saturday": [
        "7:38",
        "8:08",
        "9:08",
        "10:08",
        "11:08",
        "12:08",
        "13:08",
        "14:08",
        "15:08",
        "16:08",
        "17:08",
        "18:08",
        "19:08",
        "20:08"
    ],
    "holiday": [
        "8:08",
        "9:08",
        "10:08",
        "11:08",
        "12:08",
        "13:08",
        "14:08",
        "15:08",
        "16:08",
        "17:08",
        "18:08",
        "19:08",
        "20:08"
    ],
    "url": "https://www.kanachu.co.jp/dia/diagram/timetable01_js/course:0000801900-6/node:00129142/kt:0/lname:/"
}
