{
    "date": "2025/04/19",
    "name": "大野台入口",
    "position": "-",
    "system": "古01",
    "destinations": [
        "麻溝台入口",
        "麻溝台高校",
        "北里大学病院・北里大学"
    ],
    "weekday": [
        "7:42",
        "8:12",
        "8:52",
        "9:22",
        "9:52",
        "10:52",
        "11:42",
        "12:42",
        "13:12",
        "14:12",
        "15:12",
        "16:12",
        "17:17",
        "17:49",
        "18:24",
        "18:59",
        "19:29",
        "19:59",
        "20:45"
    ],
    "saturday": [
        "7:42",
        "8:12",
        "9:12",
        "10:12",
        "11:12",
        "12:12",
        "13:12",
        "14:12",
        "15:12",
        "16:12",
        "17:12",
        "18:12",
        "19:12",
        "20:12"
    ],
    "holiday": [
        "8:12",
        "9:12",
        "10:12",
        "11:12",
        "12:12",
        "13:12",
        "14:12",
        "15:12",
        "16:12",
        "17:12",
        "18:12",
        "19:12",
        "20:12"
    ],
    "url": "https://www.kanachu.co.jp/dia/diagram/timetable01_js/course:0000801900-9/node:00129093/kt:0/lname:/"
}
