{
    "date": "2025/04/01",
    "name": "橋本駅南口",
    "position": "-",
    "system": "橋59",
    "destinations": [
        "橋本二丁目",
        "旭中学校(相模原市緑区)",
        "南町(相模原市緑区)",
        "塚場坂上",
        "塚場",
        "下九沢",
        "葛輪",
        "工場入口",
        "上四ツ谷",
        "堀の内(相模原市中央区)",
        "田名バスターミナル"
    ],
    "weekday": [
        "6:50",
        "7:26",
        "7:50",
        "8:25",
        "9:25",
        "10:25",
        "11:25",
        "12:25",
        "13:25",
        "14:25",
        "15:25",
        "16:25",
        "17:15",
        "17:55",
        "18:35",
        "19:13",
        "19:50",
        "20:30",
        "21:05"
    ],
    "saturday": [
        "6:50",
        "7:20",
        "7:50",
        "8:20",
        "9:20",
        "10:20",
        "11:20",
        "12:20",
        "13:20",
        "14:20",
        "15:20",
        "16:20",
        "17:00",
        "17:40",
        "18:20",
        "19:00",
        "19:40",
        "20:20",
        "21:00"
    ],
    "holiday": [
        "6:50",
        "7:20",
        "7:50",
        "8:20",
        "9:20",
        "10:20",
        "11:20",
        "12:20",
        "13:20",
        "14:20",
        "15:20",
        "16:23",
        "17:03",
        "17:43",
        "18:23",
        "19:03",
        "19:40",
        "20:20",
        "21:00"
    ],
    "url": "https://www.kanachu.co.jp/dia/diagram/timetable01_js/course:0000803748-1/node:00128970/kt:0/lname:/"
}
