{
    "date": "2025/04/01",
    "name": "塚場坂上",
    "position": "-",
    "system": "橋59",
    "destinations": [
        "塚場",
        "下九沢",
        "葛輪",
        "工場入口",
        "上四ツ谷",
        "堀の内(相模原市中央区)",
        "田名バスターミナル"
    ],
    "weekday": [
        "6:57",
        "7:34",
        "7:58",
        "8:33",
        "9:32",
        "10:32",
        "11:32",
        "12:32",
        "13:32",
        "14:32",
        "15:32",
        "16:32",
        "17:23",
        "18:03",
        "18:43",
        "19:21",
        "19:58",
        "20:37",
        "21:12"
    ],
    "saturday": [
        "6:57",
        "7:27",
        "7:57",
        "8:27",
        "9:27",
        "10:27",
        "11:27",
        "12:27",
        "13:27",
        "14:27",
        "15:27",
        "16:27",
        "17:07",
        "17:47",
        "18:27",
        "19:07",
        "19:47",
        "20:27",
        "21:07"
    ],
    "holiday": [
        "6:57",
        "7:27",
        "7:57",
        "8:27",
        "9:27",
        "10:27",
        "11:27",
        "12:27",
        "13:27",
        "14:27",
        "15:27",
        "16:30",
        "17:10",
        "17:50",
        "18:30",
        "19:10",
        "19:47",
        "20:27",
        "21:07"
    ],
    "url": "https://www.kanachu.co.jp/dia/diagram/timetable01_js/course:0000803748-5/node:00129199/kt:0/lname:/"
}
