{
    "date": "2025/04/01",
    "name": "堀の内(相模原市中央区)",
    "position": "-",
    "system": "橋59",
    "destinations": [
        "田名バスターミナル"
    ],
    "weekday": [
        "7:09",
        "7:47",
        "8:11",
        "8:46",
        "9:44",
        "10:44",
        "11:44",
        "12:44",
        "13:44",
        "14:44",
        "15:44",
        "16:44",
        "17:36",
        "18:16",
        "18:56",
        "19:34",
        "20:10",
        "20:49",
        "21:24"
    ],
    "saturday": [
        "7:08",
        "7:38",
        "8:08",
        "8:38",
        "9:38",
        "10:39",
        "11:39",
        "12:39",
        "13:39",
        "14:39",
        "15:39",
        "16:39",
        "17:19",
        "17:59",
        "18:39",
        "19:18",
        "19:58",
        "20:38",
        "21:18"
    ],
    "holiday": [
        "7:08",
        "7:38",
        "8:08",
        "8:38",
        "9:38",
        "10:39",
        "11:39",
        "12:39",
        "13:39",
        "14:39",
        "15:39",
        "16:42",
        "17:22",
        "18:02",
        "18:42",
        "19:21",
        "19:58",
        "20:38",
        "21:18"
    ],
    "url": "https://www.kanachu.co.jp/dia/diagram/timetable01_js/course:0000803748-11/node:00129256/kt:0/lname:/"
}
