{
    "date": "2025/11/16",
    "name": "若葉台南",
    "position": "-",
    "system": "",
    "destinations": [
        "若葉台近隣公園前",
        "若葉台中学校前",
        "霧が丘高校前",
        "霧が丘公園前",
        "霧ヶ谷",
        "公園前(横浜市緑区)",
        "玄海田",
        "センター前(横浜市緑区)",
        "御前田橋",
        "長津田駅入口"
    ],
    "weekday": [
        "5:41",
        "6:03",
        "6:15",
        "6:27",
        "6:41",
        "6:55",
        "7:05",
        "7:15",
        "7:31",
        "7:48",
        "8:08",
        "8:28",
        "8:48",
        "9:17",
        "9:48",
        "16:18",
        "16:48",
        "17:18",
        "17:48",
        "18:17",
        "18:47",
        "19:18",
        "19:52",
        "20:29",
        "21:33"
    ],
    "saturday": [],
    "holiday": [],
    "url": "https://www.kanachu.co.jp/dia/diagram/timetable01_js/course:0000802213-3/node:00103262/kt:0/lname:/"
}
