{
    "date": "2025/11/16",
    "name": "若葉台近隣公園前",
    "position": "-",
    "system": "40",
    "destinations": [
        "若葉台中学校前",
        "霧が丘高校前",
        "霧が丘公園前",
        "霧ヶ谷",
        "公園前(横浜市緑区)",
        "玄海田",
        "センター前(横浜市緑区)",
        "御前田橋",
        "長津田駅入口"
    ],
    "weekday": [
        "5:43",
        "6:05",
        "6:17",
        "6:29",
        "6:43",
        "6:57",
        "7:07",
        "7:17",
        "7:33",
        "7:50",
        "8:10",
        "8:30",
        "8:50",
        "9:19",
        "9:50",
        "16:20",
        "16:50",
        "17:20",
        "17:50",
        "18:19",
        "18:49",
        "19:20",
        "19:54",
        "20:31",
        "21:35"
    ],
    "saturday": [],
    "holiday": [],
    "url": "https://www.kanachu.co.jp/dia/diagram/timetable01_js/course:0000802213-4/node:00103263/kt:0/lname:/"
}
