{
    "date": "2025/11/16",
    "name": "若葉台中学校前",
    "position": "-",
    "system": "40",
    "destinations": [
        "霧が丘高校前",
        "霧が丘公園前",
        "霧ヶ谷",
        "公園前(横浜市緑区)",
        "玄海田",
        "センター前(横浜市緑区)",
        "御前田橋",
        "長津田駅入口"
    ],
    "weekday": [
        "5:44",
        "6:06",
        "6:18",
        "6:30",
        "6:44",
        "6:58",
        "7:08",
        "7:18",
        "7:34",
        "7:51",
        "8:11",
        "8:31",
        "8:51",
        "9:20",
        "9:51",
        "16:21",
        "16:51",
        "17:21",
        "17:51",
        "18:20",
        "18:50",
        "19:21",
        "19:55",
        "20:32",
        "21:36"
    ],
    "saturday": [],
    "holiday": [],
    "url": "https://www.kanachu.co.jp/dia/diagram/timetable01_js/course:0000802213-5/node:00103267/kt:0/lname:/"
}
