{
    "date": "2025/11/16",
    "name": "霧が丘高校前",
    "position": "-",
    "system": "40",
    "destinations": [
        "霧が丘公園前",
        "霧ヶ谷",
        "公園前(横浜市緑区)",
        "玄海田",
        "センター前(横浜市緑区)",
        "御前田橋",
        "長津田駅入口"
    ],
    "weekday": [
        "5:45",
        "6:07",
        "6:19",
        "6:31",
        "6:45",
        "6:59",
        "7:09",
        "7:19",
        "7:35",
        "7:52",
        "8:12",
        "8:32",
        "8:52",
        "9:21",
        "9:52",
        "16:22",
        "16:52",
        "17:22",
        "17:52",
        "18:21",
        "18:51",
        "19:22",
        "19:56",
        "20:33",
        "21:37"
    ],
    "saturday": [],
    "holiday": [],
    "url": "https://www.kanachu.co.jp/dia/diagram/timetable01_js/course:0000802213-6/node:00019298/kt:0/lname:/"
}
