{
    "date": "2025/11/16",
    "name": "霧が丘公園前",
    "position": "-",
    "system": "40",
    "destinations": [
        "霧ヶ谷",
        "公園前(横浜市緑区)",
        "玄海田",
        "センター前(横浜市緑区)",
        "御前田橋",
        "長津田駅入口"
    ],
    "weekday": [
        "5:46",
        "6:08",
        "6:20",
        "6:32",
        "6:46",
        "7:00",
        "7:10",
        "7:20",
        "7:36",
        "7:53",
        "8:13",
        "8:33",
        "8:53",
        "9:22",
        "9:53",
        "16:23",
        "16:53",
        "17:23",
        "17:53",
        "18:22",
        "18:52",
        "19:23",
        "19:57",
        "20:34",
        "21:38"
    ],
    "saturday": [],
    "holiday": [],
    "url": "https://www.kanachu.co.jp/dia/diagram/timetable01_js/course:0000802213-7/node:00102438/kt:0/lname:/"
}
