{
    "date": "2025/11/16",
    "name": "霧ヶ谷",
    "position": "-",
    "system": "",
    "destinations": [
        "公園前(横浜市緑区)",
        "玄海田",
        "センター前(横浜市緑区)",
        "御前田橋",
        "長津田駅入口"
    ],
    "weekday": [
        "5:47",
        "6:09",
        "6:21",
        "6:33",
        "6:47",
        "7:01",
        "7:12",
        "7:22",
        "7:38",
        "7:55",
        "8:15",
        "8:34",
        "8:54",
        "9:23",
        "9:54",
        "16:25",
        "16:55",
        "17:25",
        "17:55",
        "18:24",
        "18:54",
        "19:25",
        "19:58",
        "20:35",
        "21:39"
    ],
    "saturday": [],
    "holiday": [],
    "url": "https://www.kanachu.co.jp/dia/diagram/timetable01_js/course:0000802213-8/node:00102439/kt:0/lname:/"
}
