{
    "date": "2025/11/16",
    "name": "玄海田",
    "position": "-",
    "system": "40",
    "destinations": [
        "センター前(横浜市緑区)",
        "御前田橋",
        "長津田駅入口"
    ],
    "weekday": [
        "5:50",
        "6:12",
        "6:24",
        "6:36",
        "6:50",
        "7:04",
        "7:15",
        "7:25",
        "7:41",
        "7:58",
        "8:18",
        "8:37",
        "8:57",
        "9:26",
        "9:57",
        "16:28",
        "16:58",
        "17:28",
        "17:58",
        "18:27",
        "18:57",
        "19:28",
        "20:01",
        "20:38",
        "21:42"
    ],
    "saturday": [],
    "holiday": [],
    "url": "https://www.kanachu.co.jp/dia/diagram/timetable01_js/course:0000802213-10/node:00102481/kt:0/lname:/"
}
