{
    "date": "2025/11/16",
    "name": "センター前(横浜市緑区)",
    "position": "-",
    "system": "",
    "destinations": [
        "御前田橋",
        "長津田駅入口"
    ],
    "weekday": [
        "5:51",
        "6:13",
        "6:25",
        "6:37",
        "6:52",
        "7:06",
        "7:17",
        "7:27",
        "7:43",
        "8:00",
        "8:20",
        "8:39",
        "8:59",
        "9:28",
        "9:59",
        "16:30",
        "17:00",
        "17:30",
        "18:00",
        "18:29",
        "18:59",
        "19:30",
        "20:02",
        "20:39",
        "21:43"
    ],
    "saturday": [],
    "holiday": [],
    "url": "https://www.kanachu.co.jp/dia/diagram/timetable01_js/course:0000802213-11/node:00102680/kt:0/lname:/"
}
