{
    "date": "2025/01/14",
    "name": "妻田",
    "position": "-",
    "system": "厚02",
    "destinations": [
        "中村入口(厚木市)",
        "妻田薬師",
        "松蓮寺",
        "糀屋前(厚木市)",
        "宿原入口",
        "荻野新宿",
        "子合",
        "桝割",
        "公所(厚木市)",
        "稲荷木",
        "鳶尾山前",
        "荻野神社入口",
        "東谷戸入口",
        "久保(厚木市)",
        "泉(厚木市)",
        "源氏河原",
        "相州病院",
        "新道橋(厚木市)",
        "上荻野",
        "上荻野車庫前",
        "平山坂上",
        "半僧坊前",
        "田代(愛甲郡愛川町)",
        "愛川田代局前",
        "田代坂下",
        "田代坂上",
        "馬渡(愛甲郡愛川町)",
        "深沢尻",
        "愛川橋",
        "原下(愛甲郡愛川町)",
        "学校入口(愛甲郡愛川町)",
        "撚糸組合前",
        "半原"
    ],
    "weekday": [
        "6:56",
        "7:21",
        "7:53",
        "8:28",
        "9:09",
        "9:51"
    ],
    "saturday": [
        "6:56",
        "7:58",
        "8:58",
        "9:57"
    ],
    "holiday": [
        "7:01",
        "7:58",
        "8:58",
        "9:58"
    ],
    "url": "https://www.kanachu.co.jp/dia/diagram/timetable01_js/course:0000800695-8/node:00128262/kt:0/lname:/"
}
