{
    "date": "2025/01/14",
    "name": "子合",
    "position": "-",
    "system": "厚02",
    "destinations": [
        "桝割",
        "公所(厚木市)",
        "稲荷木",
        "鳶尾山前",
        "荻野神社入口",
        "東谷戸入口",
        "久保(厚木市)",
        "泉(厚木市)",
        "源氏河原",
        "相州病院",
        "新道橋(厚木市)",
        "上荻野",
        "上荻野車庫前",
        "平山坂上",
        "半僧坊前",
        "田代(愛甲郡愛川町)",
        "愛川田代局前",
        "田代坂下",
        "田代坂上",
        "馬渡(愛甲郡愛川町)",
        "深沢尻",
        "愛川橋",
        "原下(愛甲郡愛川町)",
        "学校入口(愛甲郡愛川町)",
        "撚糸組合前",
        "半原"
    ],
    "weekday": [
        "7:03",
        "7:28",
        "8:02",
        "8:37",
        "9:18",
        "10:00"
    ],
    "saturday": [
        "7:03",
        "8:06",
        "9:06",
        "10:06"
    ],
    "holiday": [
        "7:08",
        "8:05",
        "9:05",
        "10:06"
    ],
    "url": "https://www.kanachu.co.jp/dia/diagram/timetable01_js/course:0000800695-15/node:00128269/kt:0/lname:/"
}
