{
    "date": "2025/01/14",
    "name": "桝割",
    "position": "-",
    "system": "厚02",
    "destinations": [
        "公所(厚木市)",
        "稲荷木",
        "鳶尾山前",
        "荻野神社入口",
        "東谷戸入口",
        "久保(厚木市)",
        "泉(厚木市)",
        "源氏河原",
        "相州病院",
        "新道橋(厚木市)",
        "上荻野",
        "上荻野車庫前",
        "平山坂上",
        "半僧坊前",
        "田代(愛甲郡愛川町)",
        "愛川田代局前",
        "田代坂下",
        "田代坂上",
        "馬渡(愛甲郡愛川町)",
        "深沢尻",
        "愛川橋",
        "原下(愛甲郡愛川町)",
        "学校入口(愛甲郡愛川町)",
        "撚糸組合前",
        "半原"
    ],
    "weekday": [
        "7:04",
        "7:29",
        "8:03",
        "8:38",
        "9:19",
        "10:01"
    ],
    "saturday": [
        "7:04",
        "8:07",
        "9:07",
        "10:07"
    ],
    "holiday": [
        "7:09",
        "8:06",
        "9:06",
        "10:07"
    ],
    "url": "https://www.kanachu.co.jp/dia/diagram/timetable01_js/course:0000800695-16/node:00128270/kt:0/lname:/"
}
