{
    "date": "2025/01/14",
    "name": "稲荷木",
    "position": "-",
    "system": "厚02",
    "destinations": [
        "鳶尾山前",
        "荻野神社入口",
        "東谷戸入口",
        "久保(厚木市)",
        "泉(厚木市)",
        "源氏河原",
        "相州病院",
        "新道橋(厚木市)",
        "上荻野",
        "上荻野車庫前",
        "平山坂上",
        "半僧坊前",
        "田代(愛甲郡愛川町)",
        "愛川田代局前",
        "田代坂下",
        "田代坂上",
        "馬渡(愛甲郡愛川町)",
        "深沢尻",
        "愛川橋",
        "原下(愛甲郡愛川町)",
        "学校入口(愛甲郡愛川町)",
        "撚糸組合前",
        "半原"
    ],
    "weekday": [
        "7:06",
        "7:31",
        "8:05",
        "8:40",
        "9:21",
        "10:03"
    ],
    "saturday": [
        "7:06",
        "8:09",
        "9:09",
        "10:09"
    ],
    "holiday": [
        "7:11",
        "8:08",
        "9:08",
        "10:09"
    ],
    "url": "https://www.kanachu.co.jp/dia/diagram/timetable01_js/course:0000800695-18/node:00128272/kt:0/lname:/"
}
