{
    "date": "2025/01/14",
    "name": "鳶尾山前",
    "position": "-",
    "system": "厚02",
    "destinations": [
        "荻野神社入口",
        "東谷戸入口",
        "久保(厚木市)",
        "泉(厚木市)",
        "源氏河原",
        "相州病院",
        "新道橋(厚木市)",
        "上荻野",
        "上荻野車庫前",
        "平山坂上",
        "半僧坊前",
        "田代(愛甲郡愛川町)",
        "愛川田代局前",
        "田代坂下",
        "田代坂上",
        "馬渡(愛甲郡愛川町)",
        "深沢尻",
        "愛川橋",
        "原下(愛甲郡愛川町)",
        "学校入口(愛甲郡愛川町)",
        "撚糸組合前",
        "半原"
    ],
    "weekday": [
        "7:07",
        "7:32",
        "8:06",
        "8:41",
        "9:22",
        "10:04"
    ],
    "saturday": [
        "7:07",
        "8:10",
        "9:10",
        "10:10"
    ],
    "holiday": [
        "7:12",
        "8:09",
        "9:09",
        "10:10"
    ],
    "url": "https://www.kanachu.co.jp/dia/diagram/timetable01_js/course:0000800695-19/node:00128273/kt:0/lname:/"
}
