{
    "date": "2025/01/14",
    "name": "泉(厚木市)",
    "position": "-",
    "system": "厚02",
    "destinations": [
        "源氏河原",
        "相州病院",
        "新道橋(厚木市)",
        "上荻野",
        "上荻野車庫前",
        "平山坂上",
        "半僧坊前",
        "田代(愛甲郡愛川町)",
        "愛川田代局前",
        "田代坂下",
        "田代坂上",
        "馬渡(愛甲郡愛川町)",
        "深沢尻",
        "愛川橋",
        "原下(愛甲郡愛川町)",
        "学校入口(愛甲郡愛川町)",
        "撚糸組合前",
        "半原"
    ],
    "weekday": [
        "7:10",
        "7:35",
        "8:09",
        "8:44",
        "9:25",
        "10:07"
    ],
    "saturday": [
        "7:10",
        "8:13",
        "9:13",
        "10:13"
    ],
    "holiday": [
        "7:15",
        "8:12",
        "9:12",
        "10:13"
    ],
    "url": "https://www.kanachu.co.jp/dia/diagram/timetable01_js/course:0000800695-23/node:00128277/kt:0/lname:/"
}
