{
    "date": "2025/01/14",
    "name": "平山坂上",
    "position": "-",
    "system": "厚02",
    "destinations": [
        "半僧坊前",
        "田代(愛甲郡愛川町)",
        "愛川田代局前",
        "田代坂下",
        "田代坂上",
        "馬渡(愛甲郡愛川町)",
        "深沢尻",
        "愛川橋",
        "原下(愛甲郡愛川町)",
        "学校入口(愛甲郡愛川町)",
        "撚糸組合前",
        "半原"
    ],
    "weekday": [
        "7:15",
        "7:40",
        "8:14",
        "8:49",
        "9:30",
        "10:12"
    ],
    "saturday": [
        "7:15",
        "8:18",
        "9:18",
        "10:18"
    ],
    "holiday": [
        "7:20",
        "8:17",
        "9:17",
        "10:18"
    ],
    "url": "https://www.kanachu.co.jp/dia/diagram/timetable01_js/course:0000800695-29/node:00128283/kt:0/lname:/"
}
