{
    "date": "2025/01/14",
    "name": "半僧坊前",
    "position": "-",
    "system": "厚02",
    "destinations": [
        "田代(愛甲郡愛川町)",
        "愛川田代局前",
        "田代坂下",
        "田代坂上",
        "馬渡(愛甲郡愛川町)",
        "深沢尻",
        "愛川橋",
        "原下(愛甲郡愛川町)",
        "学校入口(愛甲郡愛川町)",
        "撚糸組合前",
        "半原"
    ],
    "weekday": [
        "7:17",
        "7:42",
        "8:16",
        "8:51",
        "9:32",
        "10:14"
    ],
    "saturday": [
        "7:17",
        "8:20",
        "9:20",
        "10:20"
    ],
    "holiday": [
        "7:22",
        "8:19",
        "9:19",
        "10:20"
    ],
    "url": "https://www.kanachu.co.jp/dia/diagram/timetable01_js/course:0000800695-30/node:00128284/kt:0/lname:/"
}
