{
    "date": "2025/11/16",
    "name": "鶴巻温泉駅南口",
    "position": "-",
    "system": "巻12",
    "destinations": [
        "大けやき",
        "下落幡",
        "真田橋",
        "寺尾(平塚市)",
        "真田神社前",
        "北久保(平塚市)",
        "塚越古墳",
        "みずほ小学校",
        "堀町(平塚市)",
        "北金目入口",
        "青柳(平塚市)",
        "東海大学正門前",
        "東海大学(平塚市)"
    ],
    "weekday": [
        "6:35",
        "7:24",
        "8:04",
        "10:48",
        "11:43",
        "12:38",
        "14:44",
        "15:35",
        "18:15",
        "19:02",
        "19:50",
        "20:40"
    ],
    "saturday": [
        "7:50",
        "8:42",
        "9:27",
        "10:12",
        "12:47",
        "13:35",
        "14:23",
        "15:11",
        "17:36",
        "18:26",
        "19:08"
    ],
    "holiday": [
        "7:50",
        "8:42",
        "9:27",
        "10:12",
        "12:47",
        "13:34",
        "14:23",
        "15:11",
        "17:36",
        "18:26",
        "19:08"
    ],
    "url": "https://www.kanachu.co.jp/dia/diagram/timetable01_js/course:0000802735-1/node:00130497/kt:0/lname:/"
}
