{
    "date": "2025/11/16",
    "name": "真田神社前",
    "position": "-",
    "system": "巻12",
    "destinations": [
        "北久保(平塚市)",
        "塚越古墳",
        "みずほ小学校",
        "堀町(平塚市)",
        "北金目入口",
        "青柳(平塚市)",
        "東海大学正門前",
        "東海大学(平塚市)"
    ],
    "weekday": [
        "6:40",
        "7:29",
        "8:09",
        "10:53",
        "11:48",
        "12:43",
        "14:49",
        "15:40",
        "18:20",
        "19:07",
        "19:55",
        "20:45"
    ],
    "saturday": [
        "7:55",
        "8:47",
        "9:32",
        "10:17",
        "12:52",
        "13:40",
        "14:28",
        "15:16",
        "17:41",
        "18:31",
        "19:13"
    ],
    "holiday": [
        "7:55",
        "8:47",
        "9:32",
        "10:17",
        "12:52",
        "13:39",
        "14:28",
        "15:16",
        "17:41",
        "18:31",
        "19:13"
    ],
    "url": "https://www.kanachu.co.jp/dia/diagram/timetable01_js/course:0000802735-6/node:00128233/kt:0/lname:/"
}
