{
    "date": "2025/11/16",
    "name": "みずほ小学校",
    "position": "-",
    "system": "巻12",
    "destinations": [
        "堀町(平塚市)",
        "北金目入口",
        "青柳(平塚市)",
        "東海大学正門前",
        "東海大学(平塚市)"
    ],
    "weekday": [
        "6:43",
        "7:32",
        "8:12",
        "10:56",
        "11:51",
        "12:46",
        "14:52",
        "15:43",
        "18:23",
        "19:10",
        "19:58",
        "20:48"
    ],
    "saturday": [
        "7:58",
        "8:50",
        "9:35",
        "10:20",
        "12:55",
        "13:43",
        "14:31",
        "15:19",
        "17:44",
        "18:34",
        "19:16"
    ],
    "holiday": [
        "7:58",
        "8:50",
        "9:35",
        "10:20",
        "12:55",
        "13:42",
        "14:31",
        "15:19",
        "17:44",
        "18:34",
        "19:16"
    ],
    "url": "https://www.kanachu.co.jp/dia/diagram/timetable01_js/course:0000802735-9/node:00128235/kt:0/lname:/"
}
