{
    "date": "2025/11/16",
    "name": "青柳(平塚市)",
    "position": "-",
    "system": "巻12",
    "destinations": [
        "東海大学正門前",
        "東海大学(平塚市)"
    ],
    "weekday": [
        "6:46",
        "7:35",
        "8:15",
        "10:59",
        "11:54",
        "12:49",
        "14:55",
        "15:46",
        "18:26",
        "19:13",
        "20:01",
        "20:51"
    ],
    "saturday": [
        "8:01",
        "8:53",
        "9:38",
        "10:23",
        "12:58",
        "13:46",
        "14:34",
        "15:22",
        "17:47",
        "18:37",
        "19:19"
    ],
    "holiday": [
        "8:01",
        "8:53",
        "9:38",
        "10:23",
        "12:58",
        "13:45",
        "14:34",
        "15:22",
        "17:47",
        "18:37",
        "19:19"
    ],
    "url": "https://www.kanachu.co.jp/dia/diagram/timetable01_js/course:0000802735-12/node:00127729/kt:0/lname:/"
}
