{
    "date": "2026/01/16",
    "name": "永野小学校前",
    "position": "-",
    "system": "東12",
    "destinations": [
        "日限地蔵入口",
        "水田(横浜市港南区)",
        "中永谷",
        "般若寺橋",
        "下永谷(横浜市港南区)",
        "平戸(横浜市港南区)",
        "国道平戸",
        "品濃口",
        "坂下(横浜市戸塚区)",
        "品濃町(横浜市戸塚区)",
        "東戸塚駅東口"
    ],
    "weekday": [
        "6:18",
        "7:03",
        "7:30",
        "8:33",
        "10:02",
        "11:07",
        "11:53",
        "12:58",
        "14:09",
        "15:48",
        "16:56"
    ],
    "saturday": [
        "6:18",
        "7:03",
        "7:53",
        "8:54",
        "9:51",
        "10:43",
        "12:01",
        "13:08",
        "14:00",
        "15:48"
    ],
    "holiday": [
        "6:58",
        "7:38",
        "8:38",
        "9:50",
        "11:09",
        "15:39"
    ],
    "url": "https://www.kanachu.co.jp/dia/diagram/timetable01_js/course:0000804238-9/node:00102835/kt:0/lname:/"
}
