{
    "date": "2026/01/16",
    "name": "日限地蔵入口",
    "position": "-",
    "system": "東12",
    "destinations": [
        "水田(横浜市港南区)",
        "中永谷",
        "般若寺橋",
        "下永谷(横浜市港南区)",
        "平戸(横浜市港南区)",
        "国道平戸",
        "品濃口",
        "坂下(横浜市戸塚区)",
        "品濃町(横浜市戸塚区)",
        "東戸塚駅東口"
    ],
    "weekday": [
        "6:19",
        "7:04",
        "7:31",
        "8:34",
        "10:03",
        "11:08",
        "11:54",
        "12:59",
        "14:10",
        "15:49",
        "16:57"
    ],
    "saturday": [
        "6:19",
        "7:04",
        "7:54",
        "8:55",
        "9:52",
        "10:44",
        "12:02",
        "13:09",
        "14:01",
        "15:49"
    ],
    "holiday": [
        "6:59",
        "7:39",
        "8:39",
        "9:51",
        "11:10",
        "15:40"
    ],
    "url": "https://www.kanachu.co.jp/dia/diagram/timetable01_js/course:0000804238-10/node:00102960/kt:0/lname:/"
}
