{
    "date": "2026/01/16",
    "name": "平戸(横浜市港南区)",
    "position": "-",
    "system": "東12",
    "destinations": [
        "国道平戸",
        "品濃口",
        "坂下(横浜市戸塚区)",
        "品濃町(横浜市戸塚区)",
        "東戸塚駅東口"
    ],
    "weekday": [
        "6:26",
        "7:11",
        "7:39",
        "8:42",
        "10:11",
        "11:16",
        "12:02",
        "13:07",
        "14:18",
        "15:57",
        "17:05"
    ],
    "saturday": [
        "6:26",
        "7:11",
        "8:01",
        "9:02",
        "9:59",
        "10:52",
        "12:10",
        "13:17",
        "14:09",
        "15:57"
    ],
    "holiday": [
        "7:06",
        "7:46",
        "8:46",
        "9:58",
        "11:18",
        "15:48"
    ],
    "url": "https://www.kanachu.co.jp/dia/diagram/timetable01_js/course:0000804238-15/node:00102977/kt:0/lname:/"
}
