{
    "date": "2026/01/16",
    "name": "坂下(横浜市戸塚区)",
    "position": "-",
    "system": "東12",
    "destinations": [
        "品濃町(横浜市戸塚区)",
        "東戸塚駅東口"
    ],
    "weekday": [
        "6:31",
        "7:16",
        "7:44",
        "8:47",
        "10:16",
        "11:21",
        "12:07",
        "13:12",
        "14:23",
        "16:02",
        "17:10"
    ],
    "saturday": [
        "6:31",
        "7:16",
        "8:06",
        "9:07",
        "10:04",
        "10:57",
        "12:15",
        "13:22",
        "14:14",
        "16:02"
    ],
    "holiday": [
        "7:11",
        "7:51",
        "8:51",
        "10:03",
        "11:23",
        "15:53"
    ],
    "url": "https://www.kanachu.co.jp/dia/diagram/timetable01_js/course:0000804238-18/node:00126641/kt:0/lname:/"
}
