{
    "date": "2025/03/15",
    "name": "北陵高校入口",
    "position": "-",
    "system": "茅82",
    "destinations": [
        "せせらぎ公園入口(茅ケ崎市)",
        "湘南みずき"
    ],
    "weekday": [
        "20:07",
        "21:02",
        "22:17"
    ],
    "saturday": [
        "20:37",
        "22:12"
    ],
    "holiday": [
        "20:37",
        "22:12"
    ],
    "url": "https://www.kanachu.co.jp/dia/diagram/timetable01_js/course:0000803123-17/node:00127329/kt:0/lname:/"
}
