{
    "date": "2025/08/04",
    "name": "堺農協前",
    "position": "-",
    "system": "橋61",
    "destinations": [
        "坂下(町田街道側/町田市)",
        "相原境",
        "久保ヶ谷戸",
        "寿橋",
        "寿町(相模原市緑区)",
        "旭農協前",
        "橋本駅北口"
    ],
    "weekday": [
        "7:10",
        "8:00",
        "8:40",
        "9:25"
    ],
    "saturday": [
        "8:45",
        "9:33"
    ],
    "holiday": [
        "8:45",
        "9:33"
    ],
    "url": "https://www.kanachu.co.jp/dia/diagram/timetable01_js/course:0000803049-18/node:00128882/kt:0/lname:/"
}
