{
    "date": "2025/08/30",
    "name": "坂下口",
    "position": "-",
    "system": "東08",
    "destinations": [
        "山谷(横浜市戸塚区)",
        "六ツ川四丁目",
        "引越坂",
        "横浜パークタウン第一降車場",
        "横浜パークタウン"
    ],
    "weekday": [
        "10:16",
        "10:58",
        "11:38",
        "12:16",
        "12:58",
        "13:38",
        "14:16",
        "15:02",
        "15:47",
        "16:21",
        "17:02",
        "17:32",
        "18:02",
        "18:32",
        "19:02",
        "19:32",
        "20:02",
        "21:02",
        "22:09"
    ],
    "saturday": [
        "10:38",
        "11:23",
        "12:08",
        "12:53",
        "13:38",
        "14:23",
        "15:08",
        "15:52",
        "16:38",
        "17:23",
        "18:08",
        "18:53",
        "19:38",
        "20:23"
    ],
    "holiday": [
        "10:38",
        "11:23",
        "12:08",
        "12:53",
        "13:38",
        "14:23",
        "15:08",
        "15:52",
        "16:38",
        "17:23",
        "18:08",
        "18:53"
    ],
    "url": "https://www.kanachu.co.jp/dia/diagram/timetable01_js/course:0000803861-6/node:00126619/kt:0/lname:/"
}
