{
    "date": "2025/08/30",
    "name": "引越坂",
    "position": "-",
    "system": "東08",
    "destinations": [
        "横浜パークタウン第一降車場",
        "横浜パークタウン"
    ],
    "weekday": [
        "10:22",
        "11:04",
        "11:44",
        "12:22",
        "13:04",
        "13:44",
        "14:22",
        "15:08",
        "15:53",
        "16:27",
        "17:08",
        "17:38",
        "18:08",
        "18:38",
        "19:08",
        "19:38",
        "20:08",
        "21:08",
        "22:15"
    ],
    "saturday": [
        "10:44",
        "11:29",
        "12:14",
        "12:59",
        "13:44",
        "14:29",
        "15:14",
        "15:58",
        "16:44",
        "17:29",
        "18:14",
        "18:59",
        "19:44",
        "20:29"
    ],
    "holiday": [
        "10:44",
        "11:29",
        "12:14",
        "12:59",
        "13:44",
        "14:29",
        "15:14",
        "15:58",
        "16:44",
        "17:29",
        "18:14",
        "18:59"
    ],
    "url": "https://www.kanachu.co.jp/dia/diagram/timetable01_js/course:0000803861-9/node:00126624/kt:0/lname:/"
}
