{
    "date": "2025/10/20",
    "name": "東玉川学園四丁目",
    "position": "-",
    "system": "成02",
    "destinations": [
        "児童公園前(町田市)",
        "昭和薬科大学",
        "昭和薬科大学入口",
        "観性寺前",
        "中村(町田市成瀬)",
        "成瀬高校入口",
        "南成瀬",
        "成瀬駅"
    ],
    "weekday": [
        "6:30",
        "6:56",
        "7:18",
        "7:37",
        "8:06",
        "8:46",
        "9:11",
        "10:11",
        "12:23",
        "14:23",
        "16:21",
        "17:06",
        "18:41"
    ],
    "saturday": [
        "7:23",
        "8:21",
        "9:18",
        "11:23",
        "12:23",
        "14:23",
        "16:23",
        "17:23",
        "18:23"
    ],
    "holiday": [
        "9:03",
        "11:23",
        "12:23",
        "14:23",
        "16:23",
        "17:23",
        "18:23"
    ],
    "url": "https://www.kanachu.co.jp/dia/diagram/timetable01_js/course:0000800384-1/node:00049416/kt:0/lname:/"
}
