{
    "date": "2025/10/20",
    "name": "昭和薬科大学入口",
    "position": "-",
    "system": "成02",
    "destinations": [
        "観性寺前",
        "中村(町田市成瀬)",
        "成瀬高校入口",
        "南成瀬",
        "成瀬駅"
    ],
    "weekday": [
        "6:33",
        "6:59",
        "7:21",
        "7:40",
        "8:09",
        "8:49",
        "9:14",
        "10:14",
        "12:26",
        "14:26",
        "16:24",
        "17:09",
        "18:44"
    ],
    "saturday": [
        "7:26",
        "8:24",
        "9:21",
        "11:26",
        "12:26",
        "14:26",
        "16:26",
        "17:26",
        "18:26"
    ],
    "holiday": [
        "9:06",
        "11:26",
        "12:26",
        "14:26",
        "16:26",
        "17:26",
        "18:26"
    ],
    "url": "https://www.kanachu.co.jp/dia/diagram/timetable01_js/course:0000800384-4/node:00129735/kt:0/lname:/"
}
