{
    "date": "2025/08/30",
    "name": "戸塚駅東口",
    "position": "-",
    "system": "横43",
    "destinations": [
        "矢部町",
        "元町(横浜市戸塚区)",
        "ブリヂストン前",
        "不動坂(横浜市戸塚区)",
        "ポーラ前(横浜市戸塚区)",
        "柏尾(横浜市戸塚区)",
        "赤関橋",
        "品濃口",
        "国道平戸",
        "坂下口",
        "山谷(横浜市戸塚区)",
        "六ツ川四丁目",
        "引越坂",
        "大池(横浜市南区)",
        "上六ツ川",
        "六ツ川町",
        "弘明寺口",
        "南永田",
        "住宅前(横浜市南区)",
        "井土ヶ谷",
        "南センター(横浜市南区)",
        "Y校前",
        "南太田駅前",
        "前里町",
        "吉野町駅前",
        "吉野町一丁目",
        "阪東橋",
        "横浜橋",
        "曙町(横浜市中区)",
        "長者町五丁目",
        "羽衣町(横浜市中区)",
        "尾上町(横浜市中区)",
        "本町四丁目(横浜市中区)",
        "横浜市役所前",
        "桜木町駅前",
        "紅葉坂",
        "雪見橋",
        "花咲橋",
        "高島町",
        "横浜駅改札口前",
        "横浜駅東口"
    ],
    "weekday": [
        "5:41",
        "6:01",
        "6:21",
        "6:38",
        "6:58",
        "7:18",
        "7:38",
        "7:58",
        "8:22",
        "9:11",
        "9:35",
        "9:59",
        "10:23",
        "10:47",
        "11:11",
        "11:35",
        "11:59",
        "12:23",
        "12:47",
        "13:11",
        "13:35",
        "14:23",
        "14:47",
        "15:11",
        "15:35",
        "15:59",
        "16:23",
        "16:47",
        "17:11",
        "17:35",
        "18:02",
        "18:38",
        "19:16",
        "19:53"
    ],
    "saturday": [
        "6:20",
        "6:55",
        "7:27",
        "7:55",
        "8:27",
        "8:55",
        "9:27",
        "9:55",
        "10:25",
        "10:55",
        "11:25",
        "11:55",
        "12:25",
        "12:54",
        "13:24",
        "13:54",
        "14:24",
        "14:54",
        "15:24",
        "15:54",
        "16:24",
        "16:54",
        "17:24",
        "18:06",
        "18:42",
        "19:40"
    ],
    "holiday": [
        "6:54",
        "7:27",
        "7:55",
        "8:27",
        "8:55",
        "9:27",
        "9:55",
        "10:25",
        "10:55",
        "11:25",
        "11:55",
        "12:25",
        "12:54",
        "13:24",
        "13:54",
        "14:24",
        "14:54",
        "15:24",
        "15:54",
        "16:24",
        "16:54",
        "17:24",
        "18:06",
        "18:42",
        "19:40"
    ],
    "url": "https://www.kanachu.co.jp/dia/diagram/timetable01_js/course:0000803406-1/node:00080742/kt:0/lname:/"
}
