{
    "date": "2025/08/30",
    "name": "柏尾(横浜市戸塚区)",
    "position": "-",
    "system": "横43",
    "destinations": [
        "赤関橋",
        "品濃口",
        "国道平戸",
        "坂下口",
        "山谷(横浜市戸塚区)",
        "六ツ川四丁目",
        "引越坂",
        "大池(横浜市南区)",
        "上六ツ川",
        "六ツ川町",
        "弘明寺口",
        "南永田",
        "住宅前(横浜市南区)",
        "井土ヶ谷",
        "南センター(横浜市南区)",
        "Y校前",
        "南太田駅前",
        "前里町",
        "吉野町駅前",
        "吉野町一丁目",
        "阪東橋",
        "横浜橋",
        "曙町(横浜市中区)",
        "長者町五丁目",
        "羽衣町(横浜市中区)",
        "尾上町(横浜市中区)",
        "本町四丁目(横浜市中区)",
        "横浜市役所前",
        "桜木町駅前",
        "紅葉坂",
        "雪見橋",
        "花咲橋",
        "高島町",
        "横浜駅改札口前",
        "横浜駅東口"
    ],
    "weekday": [
        "5:52",
        "6:12",
        "6:32",
        "6:49",
        "7:09",
        "7:29",
        "7:49",
        "8:09",
        "8:33",
        "9:22",
        "9:46",
        "10:10",
        "10:34",
        "10:58",
        "11:22",
        "11:46",
        "12:10",
        "12:34",
        "12:58",
        "13:22",
        "13:46",
        "14:34",
        "14:58",
        "15:22",
        "15:46",
        "16:10",
        "16:34",
        "16:58",
        "17:22",
        "17:46",
        "18:13",
        "18:49",
        "19:27",
        "20:04"
    ],
    "saturday": [
        "6:31",
        "7:06",
        "7:38",
        "8:06",
        "8:38",
        "9:06",
        "9:38",
        "10:06",
        "10:36",
        "11:06",
        "11:36",
        "12:06",
        "12:36",
        "13:05",
        "13:35",
        "14:05",
        "14:35",
        "15:05",
        "15:35",
        "16:05",
        "16:35",
        "17:05",
        "17:35",
        "18:17",
        "18:53",
        "19:51"
    ],
    "holiday": [
        "7:05",
        "7:38",
        "8:06",
        "8:38",
        "9:06",
        "9:38",
        "10:06",
        "10:36",
        "11:06",
        "11:36",
        "12:06",
        "12:36",
        "13:05",
        "13:35",
        "14:05",
        "14:35",
        "15:05",
        "15:35",
        "16:05",
        "16:35",
        "17:05",
        "17:35",
        "18:17",
        "18:53",
        "19:51"
    ],
    "url": "https://www.kanachu.co.jp/dia/diagram/timetable01_js/course:0000803406-7/node:00126615/kt:0/lname:/"
}
