{
    "date": "2025/08/30",
    "name": "上六ツ川",
    "position": "-",
    "system": "横43",
    "destinations": [
        "六ツ川町",
        "弘明寺口",
        "南永田",
        "住宅前(横浜市南区)",
        "井土ヶ谷",
        "南センター(横浜市南区)",
        "Y校前",
        "南太田駅前",
        "前里町",
        "吉野町駅前",
        "吉野町一丁目",
        "阪東橋",
        "横浜橋",
        "曙町(横浜市中区)",
        "長者町五丁目",
        "羽衣町(横浜市中区)",
        "尾上町(横浜市中区)",
        "本町四丁目(横浜市中区)",
        "横浜市役所前",
        "桜木町駅前",
        "紅葉坂",
        "雪見橋",
        "花咲橋",
        "高島町",
        "横浜駅改札口前",
        "横浜駅東口"
    ],
    "weekday": [
        "6:08",
        "6:28",
        "6:48",
        "7:06",
        "7:26",
        "7:46",
        "8:06",
        "8:26",
        "8:50",
        "9:38",
        "10:02",
        "10:26",
        "10:50",
        "11:14",
        "11:38",
        "12:02",
        "12:26",
        "12:50",
        "13:14",
        "13:38",
        "14:02",
        "14:50",
        "15:14",
        "15:38",
        "16:02",
        "16:26",
        "16:50",
        "17:14",
        "17:38",
        "18:02",
        "18:29",
        "19:05",
        "19:43",
        "20:20"
    ],
    "saturday": [
        "6:47",
        "7:22",
        "7:54",
        "8:22",
        "8:54",
        "9:22",
        "9:54",
        "10:22",
        "10:52",
        "11:22",
        "11:52",
        "12:22",
        "12:52",
        "13:22",
        "13:52",
        "14:22",
        "14:52",
        "15:22",
        "15:52",
        "16:22",
        "16:52",
        "17:22",
        "17:52",
        "18:34",
        "19:09",
        "20:07"
    ],
    "holiday": [
        "7:21",
        "7:54",
        "8:22",
        "8:54",
        "9:22",
        "9:54",
        "10:22",
        "10:52",
        "11:22",
        "11:52",
        "12:22",
        "12:52",
        "13:22",
        "13:52",
        "14:22",
        "14:52",
        "15:22",
        "15:52",
        "16:22",
        "16:52",
        "17:22",
        "17:52",
        "18:34",
        "19:09",
        "20:07"
    ],
    "url": "https://www.kanachu.co.jp/dia/diagram/timetable01_js/course:0000803406-16/node:00126626/kt:0/lname:/"
}
