{
    "date": "2025/08/30",
    "name": "井土ヶ谷",
    "position": "-",
    "system": "横43",
    "destinations": [
        "南センター(横浜市南区)",
        "Y校前",
        "南太田駅前",
        "前里町",
        "吉野町駅前",
        "吉野町一丁目",
        "阪東橋",
        "横浜橋",
        "曙町(横浜市中区)",
        "長者町五丁目",
        "羽衣町(横浜市中区)",
        "尾上町(横浜市中区)",
        "本町四丁目(横浜市中区)",
        "横浜市役所前",
        "桜木町駅前",
        "紅葉坂",
        "雪見橋",
        "花咲橋",
        "高島町",
        "横浜駅改札口前",
        "横浜駅東口"
    ],
    "weekday": [
        "6:17",
        "6:37",
        "6:57",
        "7:16",
        "7:36",
        "7:56",
        "8:16",
        "8:36",
        "9:00",
        "9:47",
        "10:11",
        "10:35",
        "10:59",
        "11:23",
        "11:47",
        "12:11",
        "12:35",
        "12:59",
        "13:23",
        "13:47",
        "14:11",
        "14:59",
        "15:23",
        "15:47",
        "16:11",
        "16:35",
        "16:59",
        "17:23",
        "17:47",
        "18:11",
        "18:38",
        "19:14",
        "19:52",
        "20:29"
    ],
    "saturday": [
        "6:56",
        "7:31",
        "8:03",
        "8:31",
        "9:03",
        "9:31",
        "10:03",
        "10:31",
        "11:01",
        "11:31",
        "12:01",
        "12:31",
        "13:01",
        "13:32",
        "14:02",
        "14:32",
        "15:02",
        "15:32",
        "16:02",
        "16:32",
        "17:02",
        "17:32",
        "18:02",
        "18:44",
        "19:18",
        "20:16"
    ],
    "holiday": [
        "7:30",
        "8:03",
        "8:31",
        "9:03",
        "9:31",
        "10:03",
        "10:31",
        "11:01",
        "11:31",
        "12:01",
        "12:31",
        "13:01",
        "13:32",
        "14:02",
        "14:32",
        "15:02",
        "15:32",
        "16:02",
        "16:32",
        "17:02",
        "17:32",
        "18:02",
        "18:44",
        "19:18",
        "20:16"
    ],
    "url": "https://www.kanachu.co.jp/dia/diagram/timetable01_js/course:0000803406-21/node:00102233/kt:0/lname:/"
}
