{
    "date": "2025/08/30",
    "name": "南太田駅前",
    "position": "-",
    "system": "横43",
    "destinations": [
        "前里町",
        "吉野町駅前",
        "吉野町一丁目",
        "阪東橋",
        "横浜橋",
        "曙町(横浜市中区)",
        "長者町五丁目",
        "羽衣町(横浜市中区)",
        "尾上町(横浜市中区)",
        "本町四丁目(横浜市中区)",
        "横浜市役所前",
        "桜木町駅前",
        "紅葉坂",
        "雪見橋",
        "花咲橋",
        "高島町",
        "横浜駅改札口前",
        "横浜駅東口"
    ],
    "weekday": [
        "6:20",
        "6:40",
        "7:00",
        "7:22",
        "7:42",
        "8:02",
        "8:22",
        "8:42",
        "9:06",
        "9:53",
        "10:17",
        "10:41",
        "11:05",
        "11:29",
        "11:53",
        "12:17",
        "12:41",
        "13:05",
        "13:29",
        "13:53",
        "14:17",
        "15:05",
        "15:29",
        "15:53",
        "16:17",
        "16:41",
        "17:05",
        "17:29",
        "17:53",
        "18:17",
        "18:44",
        "19:17",
        "19:55",
        "20:32"
    ],
    "saturday": [
        "6:59",
        "7:34",
        "8:09",
        "8:37",
        "9:09",
        "9:37",
        "10:09",
        "10:37",
        "11:07",
        "11:37",
        "12:07",
        "12:37",
        "13:07",
        "13:38",
        "14:08",
        "14:38",
        "15:08",
        "15:38",
        "16:08",
        "16:38",
        "17:08",
        "17:38",
        "18:08",
        "18:50",
        "19:21",
        "20:19"
    ],
    "holiday": [
        "7:33",
        "8:09",
        "8:37",
        "9:09",
        "9:37",
        "10:09",
        "10:37",
        "11:07",
        "11:37",
        "12:07",
        "12:37",
        "13:07",
        "13:38",
        "14:08",
        "14:38",
        "15:08",
        "15:38",
        "16:08",
        "16:38",
        "17:08",
        "17:38",
        "18:08",
        "18:50",
        "19:21",
        "20:19"
    ],
    "url": "https://www.kanachu.co.jp/dia/diagram/timetable01_js/course:0000803406-24/node:00126633/kt:0/lname:/"
}
