{
    "date": "2025/08/30",
    "name": "吉野町一丁目",
    "position": "-",
    "system": "横43",
    "destinations": [
        "阪東橋",
        "横浜橋",
        "曙町(横浜市中区)",
        "長者町五丁目",
        "羽衣町(横浜市中区)",
        "尾上町(横浜市中区)",
        "本町四丁目(横浜市中区)",
        "横浜市役所前",
        "桜木町駅前",
        "紅葉坂",
        "雪見橋",
        "花咲橋",
        "高島町",
        "横浜駅改札口前",
        "横浜駅東口"
    ],
    "weekday": [
        "6:25",
        "6:45",
        "7:05",
        "7:27",
        "7:47",
        "8:07",
        "8:27",
        "8:47",
        "9:11",
        "9:58",
        "10:22",
        "10:46",
        "11:10",
        "11:34",
        "11:58",
        "12:22",
        "12:46",
        "13:10",
        "13:34",
        "13:58",
        "14:22",
        "15:10",
        "15:34",
        "15:58",
        "16:22",
        "16:46",
        "17:10",
        "17:34",
        "17:58",
        "18:22",
        "18:49",
        "19:22",
        "20:00",
        "20:37"
    ],
    "saturday": [
        "7:04",
        "7:39",
        "8:14",
        "8:42",
        "9:14",
        "9:42",
        "10:14",
        "10:42",
        "11:12",
        "11:42",
        "12:12",
        "12:42",
        "13:12",
        "13:43",
        "14:13",
        "14:43",
        "15:13",
        "15:43",
        "16:13",
        "16:43",
        "17:13",
        "17:43",
        "18:13",
        "18:55",
        "19:26",
        "20:24"
    ],
    "holiday": [
        "7:38",
        "8:14",
        "8:42",
        "9:14",
        "9:42",
        "10:14",
        "10:42",
        "11:12",
        "11:42",
        "12:12",
        "12:42",
        "13:12",
        "13:43",
        "14:13",
        "14:43",
        "15:13",
        "15:43",
        "16:13",
        "16:43",
        "17:13",
        "17:43",
        "18:13",
        "18:55",
        "19:26",
        "20:24"
    ],
    "url": "https://www.kanachu.co.jp/dia/diagram/timetable01_js/course:0000803406-27/node:00103232/kt:0/lname:/"
}
