{
    "date": "2025/08/30",
    "name": "横浜橋",
    "position": "-",
    "system": "横43",
    "destinations": [
        "曙町(横浜市中区)",
        "長者町五丁目",
        "羽衣町(横浜市中区)",
        "尾上町(横浜市中区)",
        "本町四丁目(横浜市中区)",
        "横浜市役所前",
        "桜木町駅前",
        "紅葉坂",
        "雪見橋",
        "花咲橋",
        "高島町",
        "横浜駅改札口前",
        "横浜駅東口"
    ],
    "weekday": [
        "6:27",
        "6:47",
        "7:08",
        "7:30",
        "7:50",
        "8:10",
        "8:30",
        "8:50",
        "9:13",
        "10:00",
        "10:24",
        "10:48",
        "11:12",
        "11:36",
        "12:00",
        "12:24",
        "12:48",
        "13:12",
        "13:36",
        "14:00",
        "14:24",
        "15:12",
        "15:36",
        "16:00",
        "16:24",
        "16:48",
        "17:12",
        "17:36",
        "18:00",
        "18:24",
        "18:51",
        "19:24",
        "20:02",
        "20:39"
    ],
    "saturday": [
        "7:06",
        "7:41",
        "8:16",
        "8:44",
        "9:16",
        "9:44",
        "10:16",
        "10:44",
        "11:14",
        "11:44",
        "12:14",
        "12:44",
        "13:15",
        "13:46",
        "14:16",
        "14:46",
        "15:16",
        "15:46",
        "16:16",
        "16:46",
        "17:16",
        "17:46",
        "18:16",
        "18:58",
        "19:28",
        "20:26"
    ],
    "holiday": [
        "7:40",
        "8:16",
        "8:44",
        "9:16",
        "9:44",
        "10:16",
        "10:44",
        "11:14",
        "11:44",
        "12:14",
        "12:44",
        "13:15",
        "13:46",
        "14:16",
        "14:46",
        "15:16",
        "15:46",
        "16:16",
        "16:46",
        "17:16",
        "17:46",
        "18:16",
        "18:58",
        "19:28",
        "20:26"
    ],
    "url": "https://www.kanachu.co.jp/dia/diagram/timetable01_js/course:0000803406-29/node:00103225/kt:0/lname:/"
}
