{
    "date": "2025/08/30",
    "name": "曙町(横浜市中区)",
    "position": "-",
    "system": "横43",
    "destinations": [
        "長者町五丁目",
        "羽衣町(横浜市中区)",
        "尾上町(横浜市中区)",
        "本町四丁目(横浜市中区)",
        "横浜市役所前",
        "桜木町駅前",
        "紅葉坂",
        "雪見橋",
        "花咲橋",
        "高島町",
        "横浜駅改札口前",
        "横浜駅東口"
    ],
    "weekday": [
        "6:28",
        "6:48",
        "7:09",
        "7:31",
        "7:51",
        "8:11",
        "8:31",
        "8:51",
        "9:14",
        "10:01",
        "10:25",
        "10:49",
        "11:13",
        "11:37",
        "12:01",
        "12:25",
        "12:49",
        "13:13",
        "13:37",
        "14:01",
        "14:25",
        "15:13",
        "15:37",
        "16:01",
        "16:25",
        "16:49",
        "17:13",
        "17:37",
        "18:01",
        "18:25",
        "18:52",
        "19:25",
        "20:03",
        "20:40"
    ],
    "saturday": [
        "7:07",
        "7:42",
        "8:17",
        "8:45",
        "9:17",
        "9:45",
        "10:17",
        "10:45",
        "11:15",
        "11:45",
        "12:15",
        "12:45",
        "13:16",
        "13:47",
        "14:17",
        "14:47",
        "15:17",
        "15:47",
        "16:17",
        "16:47",
        "17:17",
        "17:47",
        "18:17",
        "18:59",
        "19:29",
        "20:27"
    ],
    "holiday": [
        "7:41",
        "8:17",
        "8:45",
        "9:17",
        "9:45",
        "10:17",
        "10:45",
        "11:15",
        "11:45",
        "12:15",
        "12:45",
        "13:16",
        "13:47",
        "14:17",
        "14:47",
        "15:17",
        "15:47",
        "16:17",
        "16:47",
        "17:17",
        "17:47",
        "18:17",
        "18:59",
        "19:29",
        "20:27"
    ],
    "url": "https://www.kanachu.co.jp/dia/diagram/timetable01_js/course:0000803406-30/node:00102204/kt:0/lname:/"
}
