{
    "date": "2025/08/30",
    "name": "本町四丁目(横浜市中区)",
    "position": "-",
    "system": "横43",
    "destinations": [
        "横浜市役所前",
        "桜木町駅前",
        "紅葉坂",
        "雪見橋",
        "花咲橋",
        "高島町",
        "横浜駅改札口前",
        "横浜駅東口"
    ],
    "weekday": [
        "6:34",
        "6:54",
        "7:16",
        "7:38",
        "7:58",
        "8:18",
        "8:38",
        "8:58",
        "9:20",
        "10:07",
        "10:31",
        "10:55",
        "11:19",
        "11:43",
        "12:07",
        "12:31",
        "12:55",
        "13:19",
        "13:43",
        "14:07",
        "14:31",
        "15:19",
        "15:43",
        "16:07",
        "16:31",
        "16:55",
        "17:19",
        "17:43",
        "18:07",
        "18:31",
        "18:58",
        "19:31",
        "20:09",
        "20:46"
    ],
    "saturday": [
        "7:13",
        "7:48",
        "8:23",
        "8:51",
        "9:23",
        "9:51",
        "10:23",
        "10:51",
        "11:21",
        "11:51",
        "12:21",
        "12:51",
        "13:23",
        "13:54",
        "14:24",
        "14:54",
        "15:24",
        "15:54",
        "16:24",
        "16:54",
        "17:24",
        "17:54",
        "18:24",
        "19:05",
        "19:35",
        "20:33"
    ],
    "holiday": [
        "7:47",
        "8:23",
        "8:51",
        "9:23",
        "9:51",
        "10:23",
        "10:51",
        "11:21",
        "11:51",
        "12:21",
        "12:51",
        "13:23",
        "13:54",
        "14:24",
        "14:54",
        "15:24",
        "15:54",
        "16:24",
        "16:54",
        "17:24",
        "17:54",
        "18:24",
        "19:05",
        "19:35",
        "20:33"
    ],
    "url": "https://www.kanachu.co.jp/dia/diagram/timetable01_js/course:0000803406-34/node:00103058/kt:0/lname:/"
}
