{
    "date": "2025/07/27",
    "name": "下谷(中郡二宮町)",
    "position": "-",
    "system": "秦60",
    "destinations": [
        "一色(中郡二宮町)",
        "梅ノ木(中郡二宮町)",
        "五分一",
        "下井ノ口",
        "北窪入口",
        "井ノ口小学校前",
        "上井ノ口",
        "原(足柄上郡中井町)",
        "猪分",
        "東名秦野",
        "大竹(秦野市)",
        "西大竹",
        "養泉院",
        "秦野郵便局前",
        "秦野駅南口"
    ],
    "weekday": [
        "6:05",
        "6:31",
        "7:14",
        "7:32",
        "8:14",
        "8:40",
        "9:14",
        "10:01",
        "11:06",
        "13:01",
        "14:01",
        "16:01",
        "17:01",
        "17:53",
        "18:53",
        "19:52",
        "20:42"
    ],
    "saturday": [
        "8:48",
        "9:48",
        "11:49",
        "14:48",
        "16:48",
        "20:47"
    ],
    "holiday": [
        "8:48",
        "9:48",
        "11:49",
        "14:48",
        "16:48",
        "20:47"
    ],
    "url": "https://www.kanachu.co.jp/dia/diagram/timetable01_js/course:0000800254-9/node:00127784/kt:0/lname:/"
}
