{
    "date": "2020/11/16",
    "name": "細谷戸第1",
    "position": "-",
    "system": "境30",
    "destinations": [
        "細谷戸第2",
        "細谷戸第3",
        "細谷戸第4",
        "細谷戸第5"
    ],
    "weekday": [
        "11:38",
        "12:38",
        "13:43",
        "14:35",
        "15:33",
        "16:18"
    ],
    "saturday": [],
    "holiday": [],
    "url": "https://www.kanachu.co.jp/dia/diagram/timetable01_js/course:0000800869-9/node:00129787/kt:0/lname:/"
}
