{
    "date": "2025/08/30",
    "name": "不動坂(横浜市戸塚区)",
    "position": "-",
    "system": "横43",
    "destinations": [
        "ポーラ前(横浜市戸塚区)",
        "柏尾(横浜市戸塚区)",
        "赤関橋",
        "品濃口",
        "国道平戸",
        "坂下口",
        "山谷(横浜市戸塚区)",
        "六ツ川四丁目",
        "引越坂",
        "大池(横浜市南区)",
        "上六ツ川",
        "六ツ川町",
        "弘明寺口",
        "南永田",
        "住宅前(横浜市南区)",
        "井土ヶ谷",
        "南センター(横浜市南区)",
        "Y校前",
        "南太田駅前",
        "前里町",
        "吉野町駅前",
        "吉野町一丁目",
        "阪東橋",
        "横浜橋",
        "曙町(横浜市中区)",
        "長者町五丁目",
        "羽衣町(横浜市中区)",
        "尾上町(横浜市中区)",
        "本町四丁目(横浜市中区)",
        "横浜市役所前",
        "桜木町駅前",
        "紅葉坂",
        "雪見橋",
        "花咲橋",
        "高島町",
        "横浜駅改札口前",
        "横浜駅東口"
    ],
    "weekday": [
        "5:47",
        "6:07",
        "6:27",
        "6:44",
        "7:04",
        "7:24",
        "7:44",
        "8:04",
        "8:28",
        "9:17",
        "9:41",
        "10:05",
        "10:29",
        "10:53",
        "11:17",
        "11:41",
        "12:05",
        "12:29",
        "12:53",
        "13:17",
        "13:41",
        "14:29",
        "14:53",
        "15:17",
        "15:41",
        "16:05",
        "16:29",
        "16:53",
        "17:17",
        "17:41",
        "18:08",
        "18:44",
        "19:22",
        "19:59"
    ],
    "saturday": [
        "6:26",
        "7:01",
        "7:33",
        "8:01",
        "8:33",
        "9:01",
        "9:33",
        "10:01",
        "10:31",
        "11:01",
        "11:31",
        "12:01",
        "12:31",
        "13:00",
        "13:30",
        "14:00",
        "14:30",
        "15:00",
        "15:30",
        "16:00",
        "16:30",
        "17:00",
        "17:30",
        "18:12",
        "18:48",
        "19:46"
    ],
    "holiday": [
        "7:00",
        "7:33",
        "8:01",
        "8:33",
        "9:01",
        "9:33",
        "10:01",
        "10:31",
        "11:01",
        "11:31",
        "12:01",
        "12:31",
        "13:00",
        "13:30",
        "14:00",
        "14:30",
        "15:00",
        "15:30",
        "16:00",
        "16:30",
        "17:00",
        "17:30",
        "18:12",
        "18:48",
        "19:46"
    ],
    "url": "https://www.kanachu.co.jp/dia/diagram/timetable01_js/course:0000803406-5/node:00126613/kt:0/lname:/"
}
