{
    "date": "2025/08/30",
    "name": "弘明寺口",
    "position": "-",
    "system": "横43",
    "destinations": [
        "南永田",
        "住宅前(横浜市南区)",
        "井土ヶ谷",
        "南センター(横浜市南区)",
        "Y校前",
        "南太田駅前",
        "前里町",
        "吉野町駅前",
        "吉野町一丁目",
        "阪東橋",
        "横浜橋",
        "曙町(横浜市中区)",
        "長者町五丁目",
        "羽衣町(横浜市中区)",
        "尾上町(横浜市中区)",
        "本町四丁目(横浜市中区)",
        "横浜市役所前",
        "桜木町駅前",
        "紅葉坂",
        "雪見橋",
        "花咲橋",
        "高島町",
        "横浜駅改札口前",
        "横浜駅東口"
    ],
    "weekday": [
        "6:12",
        "6:32",
        "6:52",
        "7:10",
        "7:30",
        "7:50",
        "8:10",
        "8:30",
        "8:54",
        "9:42",
        "10:06",
        "10:30",
        "10:54",
        "11:18",
        "11:42",
        "12:06",
        "12:30",
        "12:54",
        "13:18",
        "13:42",
        "14:06",
        "14:54",
        "15:18",
        "15:42",
        "16:06",
        "16:30",
        "16:54",
        "17:18",
        "17:42",
        "18:06",
        "18:33",
        "19:09",
        "19:47",
        "20:24"
    ],
    "saturday": [
        "6:51",
        "7:26",
        "7:58",
        "8:26",
        "8:58",
        "9:26",
        "9:58",
        "10:26",
        "10:56",
        "11:26",
        "11:56",
        "12:26",
        "12:56",
        "13:26",
        "13:56",
        "14:26",
        "14:56",
        "15:26",
        "15:56",
        "16:26",
        "16:56",
        "17:26",
        "17:56",
        "18:38",
        "19:13",
        "20:11"
    ],
    "holiday": [
        "7:25",
        "7:58",
        "8:26",
        "8:58",
        "9:26",
        "9:58",
        "10:26",
        "10:56",
        "11:26",
        "11:56",
        "12:26",
        "12:56",
        "13:26",
        "13:56",
        "14:26",
        "14:56",
        "15:26",
        "15:56",
        "16:26",
        "16:56",
        "17:26",
        "17:56",
        "18:38",
        "19:13",
        "20:11"
    ],
    "url": "https://www.kanachu.co.jp/dia/diagram/timetable01_js/course:0000803406-18/node:00126628/kt:0/lname:/"
}
