{
    "date": "2025/08/30",
    "name": "前里町",
    "position": "-",
    "system": "横43",
    "destinations": [
        "吉野町駅前",
        "吉野町一丁目",
        "阪東橋",
        "横浜橋",
        "曙町(横浜市中区)",
        "長者町五丁目",
        "羽衣町(横浜市中区)",
        "尾上町(横浜市中区)",
        "本町四丁目(横浜市中区)",
        "横浜市役所前",
        "桜木町駅前",
        "紅葉坂",
        "雪見橋",
        "花咲橋",
        "高島町",
        "横浜駅改札口前",
        "横浜駅東口"
    ],
    "weekday": [
        "6:22",
        "6:42",
        "7:02",
        "7:24",
        "7:44",
        "8:04",
        "8:24",
        "8:44",
        "9:08",
        "9:55",
        "10:19",
        "10:43",
        "11:07",
        "11:31",
        "11:55",
        "12:19",
        "12:43",
        "13:07",
        "13:31",
        "13:55",
        "14:19",
        "15:07",
        "15:31",
        "15:55",
        "16:19",
        "16:43",
        "17:07",
        "17:31",
        "17:55",
        "18:19",
        "18:46",
        "19:19",
        "19:57",
        "20:34"
    ],
    "saturday": [
        "7:01",
        "7:36",
        "8:11",
        "8:39",
        "9:11",
        "9:39",
        "10:11",
        "10:39",
        "11:09",
        "11:39",
        "12:09",
        "12:39",
        "13:09",
        "13:40",
        "14:10",
        "14:40",
        "15:10",
        "15:40",
        "16:10",
        "16:40",
        "17:10",
        "17:40",
        "18:10",
        "18:52",
        "19:23",
        "20:21"
    ],
    "holiday": [
        "7:35",
        "8:11",
        "8:39",
        "9:11",
        "9:39",
        "10:11",
        "10:39",
        "11:09",
        "11:39",
        "12:09",
        "12:39",
        "13:09",
        "13:40",
        "14:10",
        "14:40",
        "15:10",
        "15:40",
        "16:10",
        "16:40",
        "17:10",
        "17:40",
        "18:10",
        "18:52",
        "19:23",
        "20:21"
    ],
    "url": "https://www.kanachu.co.jp/dia/diagram/timetable01_js/course:0000803406-25/node:00126634/kt:0/lname:/"
}
