{
    "date": "2025/08/30",
    "name": "紅葉坂",
    "position": "-",
    "system": "横43",
    "destinations": [
        "雪見橋",
        "花咲橋",
        "高島町",
        "横浜駅改札口前",
        "横浜駅東口"
    ],
    "weekday": [
        "6:39",
        "6:59",
        "7:24",
        "7:46",
        "8:06",
        "8:26",
        "8:46",
        "9:06",
        "9:28",
        "10:15",
        "10:39",
        "11:03",
        "11:27",
        "11:51",
        "12:15",
        "12:39",
        "13:03",
        "13:27",
        "13:51",
        "14:15",
        "14:39",
        "15:27",
        "15:51",
        "16:15",
        "16:39",
        "17:03",
        "17:27",
        "17:51",
        "18:15",
        "18:39",
        "19:04",
        "19:36",
        "20:14",
        "20:51"
    ],
    "saturday": [
        "7:18",
        "7:53",
        "8:31",
        "8:59",
        "9:31",
        "9:59",
        "10:31",
        "10:59",
        "11:29",
        "11:59",
        "12:29",
        "12:59",
        "13:31",
        "14:02",
        "14:32",
        "15:02",
        "15:32",
        "16:02",
        "16:32",
        "17:02",
        "17:32",
        "18:02",
        "18:32",
        "19:10",
        "19:40",
        "20:38"
    ],
    "holiday": [
        "7:52",
        "8:31",
        "8:59",
        "9:31",
        "9:59",
        "10:31",
        "10:59",
        "11:29",
        "11:59",
        "12:29",
        "12:59",
        "13:31",
        "14:02",
        "14:32",
        "15:02",
        "15:32",
        "16:02",
        "16:32",
        "17:02",
        "17:32",
        "18:02",
        "18:32",
        "19:10",
        "19:40",
        "20:38"
    ],
    "url": "https://www.kanachu.co.jp/dia/diagram/timetable01_js/course:0000803406-37/node:00103182/kt:0/lname:/"
}
