{
    "system": "横43",
    "busstops": [
        {
            "index": "1",
            "id": "00080742",
            "name": "戸塚駅東口",
            "lat": "35.401166",
            "lng": "139.534914"
        },
        {
            "index": "2",
            "id": "00126610",
            "name": "矢部町",
            "lat": "35.404104",
            "lng": "139.536753"
        },
        {
            "index": "3",
            "id": "00126611",
            "name": "元町(横浜市戸塚区)",
            "lat": "35.407364",
            "lng": "139.5381"
        },
        {
            "index": "4",
            "id": "00126612",
            "name": "ブリヂストン前",
            "lat": "35.410558",
            "lng": "139.539749"
        },
        {
            "index": "5",
            "id": "00126613",
            "name": "不動坂(横浜市戸塚区)",
            "lat": "35.412538",
            "lng": "139.540797"
        },
        {
            "index": "6",
            "id": "00126614",
            "name": "ポーラ前(横浜市戸塚区)",
            "lat": "35.416473",
            "lng": "139.545757"
        },
        {
            "index": "7",
            "id": "00126615",
            "name": "柏尾(横浜市戸塚区)",
            "lat": "35.418818",
            "lng": "139.54911"
        },
        {
            "index": "8",
            "id": "00126616",
            "name": "赤関橋",
            "lat": "35.421147",
            "lng": "139.55438"
        },
        {
            "index": "9",
            "id": "00126617",
            "name": "品濃口",
            "lat": "35.420834",
            "lng": "139.558865"
        },
        {
            "index": "10",
            "id": "00126618",
            "name": "国道平戸",
            "lat": "35.420486",
            "lng": "139.56063"
        },
        {
            "index": "11",
            "id": "00126619",
            "name": "坂下口",
            "lat": "35.423179",
            "lng": "139.565705"
        },
        {
            "index": "12",
            "id": "00126620",
            "name": "山谷(横浜市戸塚区)",
            "lat": "35.425481",
            "lng": "139.56869"
        },
        {
            "index": "13",
            "id": "00126622",
            "name": "六ツ川四丁目",
            "lat": "35.424167",
            "lng": "139.574103"
        },
        {
            "index": "14",
            "id": "00126624",
            "name": "引越坂",
            "lat": "35.426308",
            "lng": "139.578676"
        },
        {
            "index": "15",
            "id": "00126625",
            "name": "大池(横浜市南区)",
            "lat": "35.425756",
            "lng": "139.583456"
        },
        {
            "index": "16",
            "id": "00126626",
            "name": "上六ツ川",
            "lat": "35.423765",
            "lng": "139.584998"
        },
        {
            "index": "17",
            "id": "00126627",
            "name": "六ツ川町",
            "lat": "35.424473",
            "lng": "139.590287"
        },
        {
            "index": "18",
            "id": "00126628",
            "name": "弘明寺口",
            "lat": "35.426836",
            "lng": "139.596175"
        },
        {
            "index": "19",
            "id": "00126629",
            "name": "南永田",
            "lat": "35.429587",
            "lng": "139.596885"
        },
        {
            "index": "20",
            "id": "00126630",
            "name": "住宅前(横浜市南区)",
            "lat": "35.431393",
            "lng": "139.598538"
        },
        {
            "index": "21",
            "id": "00102233",
            "name": "井土ヶ谷",
            "lat": "35.432964",
            "lng": "139.603838"
        },
        {
            "index": "22",
            "id": "00126631",
            "name": "南センター(横浜市南区)",
            "lat": "35.434288",
            "lng": "139.607083"
        },
        {
            "index": "23",
            "id": "00126632",
            "name": "Y校前",
            "lat": "35.435416",
            "lng": "139.609843"
        },
        {
            "index": "24",
            "id": "00126633",
            "name": "南太田駅前",
            "lat": "35.437176",
            "lng": "139.614725"
        },
        {
            "index": "25",
            "id": "00126634",
            "name": "前里町",
            "lat": "35.437931",
            "lng": "139.617426"
        },
        {
            "index": "26",
            "id": "00103231",
            "name": "吉野町駅前",
            "lat": "35.435713",
            "lng": "139.619293"
        },
        {
            "index": "27",
            "id": "00103232",
            "name": "吉野町一丁目",
            "lat": "35.436426",
            "lng": "139.621731"
        },
        {
            "index": "28",
            "id": "00102928",
            "name": "阪東橋",
            "lat": "35.438729",
            "lng": "139.625585"
        },
        {
            "index": "29",
            "id": "00103225",
            "name": "横浜橋",
            "lat": "35.439473",
            "lng": "139.627055"
        },
        {
            "index": "30",
            "id": "00102204",
            "name": "曙町(横浜市中区)",
            "lat": "35.440807",
            "lng": "139.629104"
        },
        {
            "index": "31",
            "id": "00102725",
            "name": "長者町五丁目",
            "lat": "35.442979",
            "lng": "139.632253"
        },
        {
            "index": "32",
            "id": "00102910",
            "name": "羽衣町(横浜市中区)",
            "lat": "35.444608",
            "lng": "139.634402"
        },
        {
            "index": "33",
            "id": "00102323",
            "name": "尾上町(横浜市中区)",
            "lat": "35.446675",
            "lng": "139.636405"
        },
        {
            "index": "34",
            "id": "00103058",
            "name": "本町四丁目(横浜市中区)",
            "lat": "35.448269",
            "lng": "139.637628"
        },
        {
            "index": "35",
            "id": "00102945",
            "name": "横浜市役所前",
            "lat": "35.449716",
            "lng": "139.63511"
        },
        {
            "index": "36",
            "id": "00102541",
            "name": "桜木町駅前",
            "lat": "35.449135",
            "lng": "139.63166"
        },
        {
            "index": "37",
            "id": "00103182",
            "name": "紅葉坂",
            "lat": "35.452132",
            "lng": "139.629276"
        },
        {
            "index": "38",
            "id": "00103214",
            "name": "雪見橋",
            "lat": "35.454405",
            "lng": "139.627455"
        },
        {
            "index": "39",
            "id": "00102923",
            "name": "花咲橋",
            "lat": "35.457665",
            "lng": "139.624842"
        },
        {
            "index": "40",
            "id": "00102695",
            "name": "高島町",
            "lat": "35.461393",
            "lng": "139.623625"
        },
        {
            "index": "41",
            "id": "00103235",
            "name": "横浜駅改札口前",
            "lat": "35.465542",
            "lng": "139.623426"
        },
        {
            "index": "42",
            "id": "00025535",
            "name": "横浜駅東口",
            "lat": "35.465245",
            "lng": "139.625367"
        }
    ],
    "route_url": "https://www.kanachu.co.jp/dia/route/index/cid:0000803406/"
}
