{
    "date": "2025/11/16",
    "name": "三の宮(伊勢原市)",
    "position": "-",
    "system": "伊41",
    "destinations": [
        "原田(伊勢原市)",
        "石倉橋",
        "山王原(伊勢原市)",
        "道灌塚前",
        "毘沙門池",
        "殿村",
        "八雲幼稚園前",
        "大塚戸入口",
        "関台",
        "中央公民館前(伊勢原市)",
        "本町(伊勢原市)",
        "伊勢原駅北口"
    ],
    "weekday": [
        "7:03",
        "10:33",
        "11:13",
        "13:13",
        "14:08",
        "15:18",
        "17:35",
        "20:48"
    ],
    "saturday": [
        "8:03",
        "11:00",
        "13:00",
        "15:00",
        "17:00"
    ],
    "holiday": [
        "8:03",
        "11:00",
        "13:00",
        "15:00",
        "17:00"
    ],
    "url": "https://www.kanachu.co.jp/dia/diagram/timetable01_js/course:0000800120-4/node:00128171/kt:0/lname:/"
}
