{
    "date": "2025/11/16",
    "name": "石倉橋",
    "position": "-",
    "system": "伊41",
    "destinations": [
        "山王原(伊勢原市)",
        "道灌塚前",
        "毘沙門池",
        "殿村",
        "八雲幼稚園前",
        "大塚戸入口",
        "関台",
        "中央公民館前(伊勢原市)",
        "本町(伊勢原市)",
        "伊勢原駅北口"
    ],
    "weekday": [
        "7:06",
        "10:36",
        "11:16",
        "13:16",
        "14:11",
        "15:21",
        "17:38",
        "20:50"
    ],
    "saturday": [
        "8:05",
        "11:02",
        "13:02",
        "15:02",
        "17:02"
    ],
    "holiday": [
        "8:05",
        "11:02",
        "13:02",
        "15:02",
        "17:02"
    ],
    "url": "https://www.kanachu.co.jp/dia/diagram/timetable01_js/course:0000800120-6/node:00128150/kt:0/lname:/"
}
