{
    "date": "2025/11/16",
    "name": "山王原(伊勢原市)",
    "position": "-",
    "system": "伊41",
    "destinations": [
        "道灌塚前",
        "毘沙門池",
        "殿村",
        "八雲幼稚園前",
        "大塚戸入口",
        "関台",
        "中央公民館前(伊勢原市)",
        "本町(伊勢原市)",
        "伊勢原駅北口"
    ],
    "weekday": [
        "7:07",
        "10:37",
        "11:17",
        "13:17",
        "14:12",
        "15:22",
        "17:39",
        "20:51"
    ],
    "saturday": [
        "8:06",
        "11:03",
        "13:03",
        "15:03",
        "17:03"
    ],
    "holiday": [
        "8:06",
        "11:03",
        "13:03",
        "15:03",
        "17:03"
    ],
    "url": "https://www.kanachu.co.jp/dia/diagram/timetable01_js/course:0000800120-7/node:00128149/kt:0/lname:/"
}
