{
    "date": "2025/11/16",
    "name": "関台",
    "position": "-",
    "system": "伊41",
    "destinations": [
        "中央公民館前(伊勢原市)",
        "本町(伊勢原市)",
        "伊勢原駅北口"
    ],
    "weekday": [
        "7:14",
        "10:45",
        "11:25",
        "13:25",
        "14:20",
        "15:30",
        "17:46",
        "20:58"
    ],
    "saturday": [
        "8:13",
        "11:10",
        "13:10",
        "15:10",
        "17:10"
    ],
    "holiday": [
        "8:13",
        "11:10",
        "13:10",
        "15:10",
        "17:10"
    ],
    "url": "https://www.kanachu.co.jp/dia/diagram/timetable01_js/course:0000800120-13/node:00128094/kt:0/lname:/"
}
