{
    "date": "2017/04/01",
    "name": "本郷五反田橋",
    "position": "-",
    "system": "海73",
    "destinations": [
        "下河内",
        "天神下(海老名市)",
        "中河内",
        "オアシス湘南病院前",
        "北上河内",
        "東今里",
        "海老名ケアサポートセンター前",
        "食の創造館前",
        "みずほ団地前",
        "海老名市役所",
        "海老名駅東口"
    ],
    "weekday": [
        "6:55",
        "7:55",
        "8:55",
        "9:55",
        "12:53",
        "13:53",
        "16:53",
        "17:53",
        "18:53",
        "19:53"
    ],
    "saturday": [
        "9:38",
        "11:38",
        "12:38",
        "14:53",
        "15:53",
        "17:53"
    ],
    "holiday": [
        "9:38",
        "11:38",
        "12:38",
        "14:53",
        "15:53",
        "17:53"
    ],
    "url": "https://www.kanachu.co.jp/dia/diagram/timetable01_js/course:0000802495-14/node:00130472/kt:0/lname:/"
}
