{
    "date": "2017/04/01",
    "name": "下河内",
    "position": "-",
    "system": "海73",
    "destinations": [
        "天神下(海老名市)",
        "中河内",
        "オアシス湘南病院前",
        "北上河内",
        "東今里",
        "海老名ケアサポートセンター前",
        "食の創造館前",
        "みずほ団地前",
        "海老名市役所",
        "海老名駅東口"
    ],
    "weekday": [
        "6:57",
        "7:57",
        "8:57",
        "9:57",
        "12:55",
        "13:55",
        "16:55",
        "17:55",
        "18:55",
        "19:55"
    ],
    "saturday": [
        "9:40",
        "11:40",
        "12:40",
        "14:55",
        "15:55",
        "17:55"
    ],
    "holiday": [
        "9:40",
        "11:40",
        "12:40",
        "14:55",
        "15:55",
        "17:55"
    ],
    "url": "https://www.kanachu.co.jp/dia/diagram/timetable01_js/course:0000802495-15/node:00130471/kt:0/lname:/"
}
