{
    "system": "秦55",
    "busstops": [
        {
            "index": "1",
            "id": "00127899",
            "name": "渋沢駅北口",
            "lat": "35.374443",
            "lng": "139.184462"
        },
        {
            "index": "2",
            "id": "00127926",
            "name": "曲松(秦野市)",
            "lat": "35.375064",
            "lng": "139.187389"
        },
        {
            "index": "3",
            "id": "00130141",
            "name": "舟道",
            "lat": "35.373093",
            "lng": "139.191484"
        },
        {
            "index": "4",
            "id": "00130157",
            "name": "中舟道",
            "lat": "35.371842",
            "lng": "139.194156"
        },
        {
            "index": "5",
            "id": "00130140",
            "name": "下舟道",
            "lat": "35.371651",
            "lng": "139.197798"
        },
        {
            "index": "6",
            "id": "00130139",
            "name": "土橋(秦野市)",
            "lat": "35.370997",
            "lng": "139.200792"
        },
        {
            "index": "7",
            "id": "00130138",
            "name": "宮の上(秦野市)",
            "lat": "35.371176",
            "lng": "139.204547"
        },
        {
            "index": "8",
            "id": "00130137",
            "name": "保健福祉センター前(秦野市)",
            "lat": "35.373221",
            "lng": "139.209691"
        },
        {
            "index": "9",
            "id": "00130199",
            "name": "平沢(秦野市清水町)",
            "lat": "35.372946",
            "lng": "139.212349"
        },
        {
            "index": "10",
            "id": "00130136",
            "name": "上今川町",
            "lat": "35.372789",
            "lng": "139.215728"
        },
        {
            "index": "11",
            "id": "00130135",
            "name": "桜橋入口",
            "lat": "35.372993",
            "lng": "139.217966"
        },
        {
            "index": "12",
            "id": "00130134",
            "name": "今川町",
            "lat": "35.372892",
            "lng": "139.220664"
        },
        {
            "index": "13",
            "id": "00127929",
            "name": "今泉(秦野市)",
            "lat": "35.372409",
            "lng": "139.22369"
        },
        {
            "index": "14",
            "id": "00127715",
            "name": "秦野駅",
            "lat": "35.370293",
            "lng": "139.226956"
        }
    ],
    "route_url": "https://www.kanachu.co.jp/dia/route/index/cid:0000803779/"
}
