{
    "date": "2024/03/16",
    "name": "みはる野",
    "position": "-",
    "system": "厚10",
    "destinations": [
        "みはる野一丁目",
        "みはる野中央",
        "みはる野二丁目",
        "まつかげ台",
        "泉(厚木市)",
        "源氏河原",
        "相州病院",
        "新道橋(厚木市)",
        "上荻野",
        "上荻野車庫前"
    ],
    "weekday": [],
    "saturday": [
        "21:57",
        "22:58"
    ],
    "holiday": [
        "21:57",
        "22:41"
    ],
    "url": "https://www.kanachu.co.jp/dia/diagram/timetable01_js/course:0000803342-23/node:00128691/kt:0/lname:/"
}
