{
    "date": "2026/01/16",
    "name": "相模女子大前",
    "position": "-",
    "system": "大60",
    "destinations": [
        "谷口台小学校前",
        "上原団地",
        "御園二丁目",
        "みゆき台団地",
        "御園五丁目",
        "双葉入口",
        "桜台(相模原市南区)",
        "水道路(相模原市南区)",
        "麻溝台",
        "麻溝台中学校入口",
        "工業団地入口(相模原市)",
        "麻溝台一丁目",
        "麻溝台工業団地",
        "総合体育館前(相模原市南区)",
        "女子美術大学"
    ],
    "weekday": [
        "7:23",
        "7:53",
        "8:03",
        "8:13",
        "8:21",
        "8:28",
        "8:37",
        "8:41",
        "8:45",
        "9:02",
        "9:22",
        "9:42"
    ],
    "saturday": [
        "7:32",
        "8:17",
        "8:32",
        "9:02",
        "9:32"
    ],
    "holiday": [],
    "url": "https://www.kanachu.co.jp/dia/diagram/timetable01_js/course:0000804001-2/node:00129150/kt:0/lname:/"
}
