{
    "date": "2026/01/16",
    "name": "御園二丁目",
    "position": "-",
    "system": "大60",
    "destinations": [
        "みゆき台団地",
        "御園五丁目",
        "双葉入口",
        "桜台(相模原市南区)",
        "水道路(相模原市南区)",
        "麻溝台",
        "麻溝台中学校入口",
        "工業団地入口(相模原市)",
        "麻溝台一丁目",
        "麻溝台工業団地",
        "総合体育館前(相模原市南区)",
        "女子美術大学"
    ],
    "weekday": [
        "7:27",
        "7:57",
        "8:07",
        "8:17",
        "8:25",
        "8:32",
        "8:41",
        "8:45",
        "8:49",
        "9:05",
        "9:25",
        "9:45"
    ],
    "saturday": [
        "7:35",
        "8:20",
        "8:35",
        "9:05",
        "9:35"
    ],
    "holiday": [],
    "url": "https://www.kanachu.co.jp/dia/diagram/timetable01_js/course:0000804001-5/node:00129260/kt:0/lname:/"
}
