{
    "date": "2026/01/16",
    "name": "水道路(相模原市南区)",
    "position": "-",
    "system": "大60",
    "destinations": [
        "麻溝台",
        "麻溝台中学校入口",
        "工業団地入口(相模原市)",
        "麻溝台一丁目",
        "麻溝台工業団地",
        "総合体育館前(相模原市南区)",
        "女子美術大学"
    ],
    "weekday": [
        "7:34",
        "8:04",
        "8:14",
        "8:24",
        "8:32",
        "8:39",
        "8:48",
        "8:52",
        "8:56",
        "9:10",
        "9:30",
        "9:50"
    ],
    "saturday": [
        "7:40",
        "8:25",
        "8:40",
        "9:10",
        "9:40"
    ],
    "holiday": [],
    "url": "https://www.kanachu.co.jp/dia/diagram/timetable01_js/course:0000804001-10/node:00129695/kt:0/lname:/"
}
