{
    "date": "2026/01/16",
    "name": "総合体育館前(相模原市南区)",
    "position": "-",
    "system": "大60",
    "destinations": [
        "女子美術大学"
    ],
    "weekday": [
        "7:44",
        "8:14",
        "8:24",
        "8:34",
        "8:42",
        "8:49",
        "8:58",
        "9:02",
        "9:05",
        "9:19",
        "9:39",
        "9:59"
    ],
    "saturday": [
        "7:47",
        "8:32",
        "8:47",
        "9:17",
        "9:47"
    ],
    "holiday": [],
    "url": "https://www.kanachu.co.jp/dia/diagram/timetable01_js/course:0000804001-16/node:00129178/kt:0/lname:/"
}
