{
    "date": "2026/01/16",
    "name": "矢崎(藤沢市)",
    "position": "-",
    "system": "辻33",
    "destinations": [
        "根下(藤沢市)",
        "堂の前(藤沢市)",
        "荒井(藤沢市)",
        "榎戸(藤沢市)",
        "坂口(藤沢市)",
        "古里団地",
        "御所見小学校前",
        "用田(藤沢市)",
        "用田辻",
        "用田神社入口",
        "松葉(藤沢市)",
        "女坂",
        "山根(綾瀬市)",
        "吉岡芝原",
        "綾瀬車庫(綾瀬市)"
    ],
    "weekday": [
        "8:38",
        "10:38",
        "16:38",
        "18:38"
    ],
    "saturday": [
        "10:41",
        "16:43",
        "18:41"
    ],
    "holiday": [
        "10:41",
        "16:43",
        "18:41"
    ],
    "url": "https://www.kanachu.co.jp/dia/diagram/timetable01_js/course:0000803986-23/node:00129973/kt:0/lname:/"
}
