{
    "date": "2026/01/16",
    "name": "堂の前(藤沢市)",
    "position": "-",
    "system": "辻33",
    "destinations": [
        "荒井(藤沢市)",
        "榎戸(藤沢市)",
        "坂口(藤沢市)",
        "古里団地",
        "御所見小学校前",
        "用田(藤沢市)",
        "用田辻",
        "用田神社入口",
        "松葉(藤沢市)",
        "女坂",
        "山根(綾瀬市)",
        "吉岡芝原",
        "綾瀬車庫(綾瀬市)"
    ],
    "weekday": [
        "8:40",
        "10:40",
        "16:40",
        "18:40"
    ],
    "saturday": [
        "10:43",
        "16:45",
        "18:43"
    ],
    "holiday": [
        "10:43",
        "16:45",
        "18:43"
    ],
    "url": "https://www.kanachu.co.jp/dia/diagram/timetable01_js/course:0000803986-25/node:00129975/kt:0/lname:/"
}
