{
    "date": "2025/01/14",
    "name": "厚木バスセンター",
    "position": "-",
    "system": "厚47",
    "destinations": [
        "あつぎ大通り",
        "市役所入口(厚木市)",
        "合同庁舎前(厚木市)",
        "厚木高校前",
        "アステモ[Astemo]前〔旧:日立アステモ前〕",
        "片岸(厚木市)",
        "温水",
        "高坪入口",
        "温水幼稚園前",
        "スポーツセンター入口(厚木市)",
        "高坪",
        "上高坪",
        "権現堂(厚木市)",
        "毛利台入口",
        "毛利台一丁目",
        "毛利台団地",
        "毛利台一丁目",
        "毛利台入口",
        "愛名",
        "八ツ橋",
        "白山(厚木市)",
        "旗谷入口",
        "小鮎公民館前",
        "台ノ上",
        "学校前(厚木市)",
        "局前(厚木市)",
        "打越(厚木市)",
        "矢崎(厚木市)",
        "古沢(厚木市)",
        "上古沢",
        "ネポン入口",
        "上分"
    ],
    "weekday": [
        "19:30",
        "20:15",
        "21:15"
    ],
    "saturday": [
        "7:50",
        "8:50",
        "9:50",
        "10:50",
        "11:50",
        "12:50",
        "13:50",
        "14:50",
        "15:50",
        "16:50",
        "17:50",
        "18:50",
        "19:50"
    ],
    "holiday": [
        "7:50",
        "8:50",
        "9:50",
        "10:50",
        "11:50",
        "12:50",
        "13:50",
        "14:50",
        "15:50",
        "16:50",
        "17:50",
        "18:50",
        "19:50"
    ],
    "url": "https://www.kanachu.co.jp/dia/diagram/timetable01_js/course:0000803678-1/node:00128256/kt:0/lname:/"
}
