{
    "date": "2025/01/14",
    "name": "合同庁舎前(厚木市)",
    "position": "-",
    "system": "厚47",
    "destinations": [
        "厚木高校前",
        "日立アステモ前",
        "片岸(厚木市)",
        "温水",
        "高坪入口",
        "温水幼稚園前",
        "スポーツセンター入口(厚木市)",
        "高坪",
        "上高坪",
        "権現堂(厚木市)",
        "毛利台入口",
        "毛利台一丁目",
        "毛利台団地",
        "毛利台一丁目",
        "毛利台入口",
        "愛名",
        "八ツ橋",
        "白山(厚木市)",
        "旗谷入口",
        "小鮎公民館前",
        "台ノ上",
        "学校前(厚木市)",
        "局前(厚木市)",
        "打越(厚木市)",
        "矢崎(厚木市)",
        "古沢(厚木市)",
        "上古沢",
        "ネポン入口",
        "上分"
    ],
    "weekday": [
        "19:34",
        "20:19",
        "21:19"
    ],
    "saturday": [
        "7:54",
        "8:54",
        "9:55",
        "10:55",
        "11:55",
        "12:55",
        "13:55",
        "14:55",
        "15:56",
        "16:56",
        "17:56",
        "18:56",
        "19:54"
    ],
    "holiday": [
        "7:54",
        "8:54",
        "9:54",
        "10:55",
        "11:55",
        "12:55",
        "13:55",
        "14:55",
        "15:56",
        "16:56",
        "17:56",
        "18:56",
        "19:54"
    ],
    "url": "https://www.kanachu.co.jp/dia/diagram/timetable01_js/course:0000803678-4/node:00128439/kt:0/lname:/"
}
