{
    "date": "2025/01/14",
    "name": "厚木高校前",
    "position": "-",
    "system": "厚47",
    "destinations": [
        "アステモ[Astemo]前〔旧:日立アステモ前〕",
        "片岸(厚木市)",
        "温水",
        "高坪入口",
        "温水幼稚園前",
        "スポーツセンター入口(厚木市)",
        "高坪",
        "上高坪",
        "権現堂(厚木市)",
        "毛利台入口",
        "毛利台一丁目",
        "毛利台団地",
        "毛利台一丁目",
        "毛利台入口",
        "愛名",
        "八ツ橋",
        "白山(厚木市)",
        "旗谷入口",
        "小鮎公民館前",
        "台ノ上",
        "学校前(厚木市)",
        "局前(厚木市)",
        "打越(厚木市)",
        "矢崎(厚木市)",
        "古沢(厚木市)",
        "上古沢",
        "ネポン入口",
        "上分"
    ],
    "weekday": [
        "19:35",
        "20:20",
        "21:20"
    ],
    "saturday": [
        "7:55",
        "8:55",
        "9:56",
        "10:56",
        "11:56",
        "12:56",
        "13:56",
        "14:56",
        "15:57",
        "16:57",
        "17:57",
        "18:57",
        "19:55"
    ],
    "holiday": [
        "7:55",
        "8:55",
        "9:55",
        "10:56",
        "11:56",
        "12:56",
        "13:56",
        "14:56",
        "15:57",
        "16:57",
        "17:57",
        "18:57",
        "19:55"
    ],
    "url": "https://www.kanachu.co.jp/dia/diagram/timetable01_js/course:0000803678-5/node:00128440/kt:0/lname:/"
}
