{
    "date": "2025/01/14",
    "name": "スポーツセンター入口(厚木市)",
    "position": "-",
    "system": "厚47",
    "destinations": [
        "高坪",
        "上高坪",
        "権現堂(厚木市)",
        "毛利台入口",
        "毛利台一丁目",
        "毛利台団地",
        "毛利台一丁目",
        "毛利台入口",
        "愛名",
        "八ツ橋",
        "白山(厚木市)",
        "旗谷入口",
        "小鮎公民館前",
        "台ノ上",
        "学校前(厚木市)",
        "局前(厚木市)",
        "打越(厚木市)",
        "矢崎(厚木市)",
        "古沢(厚木市)",
        "上古沢",
        "ネポン入口",
        "上分"
    ],
    "weekday": [
        "19:40",
        "20:25",
        "21:25"
    ],
    "saturday": [
        "8:00",
        "9:00",
        "10:01",
        "11:01",
        "12:01",
        "13:01",
        "14:01",
        "15:01",
        "16:02",
        "17:02",
        "18:02",
        "19:02",
        "20:00"
    ],
    "holiday": [
        "8:00",
        "9:00",
        "10:00",
        "11:01",
        "12:01",
        "13:01",
        "14:01",
        "15:01",
        "16:02",
        "17:02",
        "18:02",
        "19:02",
        "20:00"
    ],
    "url": "https://www.kanachu.co.jp/dia/diagram/timetable01_js/course:0000803678-11/node:00128491/kt:0/lname:/"
}
