{
    "date": "2025/01/14",
    "name": "上高坪",
    "position": "-",
    "system": "厚47",
    "destinations": [
        "権現堂(厚木市)",
        "毛利台入口",
        "毛利台一丁目",
        "毛利台団地",
        "毛利台一丁目",
        "毛利台入口",
        "愛名",
        "八ツ橋",
        "白山(厚木市)",
        "旗谷入口",
        "小鮎公民館前",
        "台ノ上",
        "学校前(厚木市)",
        "局前(厚木市)",
        "打越(厚木市)",
        "矢崎(厚木市)",
        "古沢(厚木市)",
        "上古沢",
        "ネポン入口",
        "上分"
    ],
    "weekday": [
        "19:42",
        "20:27",
        "21:27"
    ],
    "saturday": [
        "8:02",
        "9:02",
        "10:03",
        "11:03",
        "12:03",
        "13:03",
        "14:03",
        "15:03",
        "16:04",
        "17:04",
        "18:04",
        "19:04",
        "20:02"
    ],
    "holiday": [
        "8:02",
        "9:02",
        "10:02",
        "11:03",
        "12:03",
        "13:03",
        "14:03",
        "15:03",
        "16:04",
        "17:04",
        "18:04",
        "19:04",
        "20:02"
    ],
    "url": "https://www.kanachu.co.jp/dia/diagram/timetable01_js/course:0000803678-13/node:00128493/kt:0/lname:/"
}
