{
    "date": "2025/01/14",
    "name": "毛利台団地",
    "position": "-",
    "system": "厚47",
    "destinations": [
        "毛利台一丁目",
        "毛利台入口",
        "愛名",
        "八ツ橋",
        "白山(厚木市)",
        "旗谷入口",
        "小鮎公民館前",
        "台ノ上",
        "学校前(厚木市)",
        "局前(厚木市)",
        "打越(厚木市)",
        "矢崎(厚木市)",
        "古沢(厚木市)",
        "上古沢",
        "ネポン入口",
        "上分"
    ],
    "weekday": [
        "19:47",
        "20:32",
        "21:32"
    ],
    "saturday": [
        "8:07",
        "9:07",
        "10:08",
        "11:08",
        "12:08",
        "13:08",
        "14:08",
        "15:08",
        "16:09",
        "17:09",
        "18:09",
        "19:09",
        "20:07"
    ],
    "holiday": [
        "8:07",
        "9:07",
        "10:07",
        "11:08",
        "12:08",
        "13:08",
        "14:08",
        "15:08",
        "16:09",
        "17:09",
        "18:09",
        "19:09",
        "20:07"
    ],
    "url": "https://www.kanachu.co.jp/dia/diagram/timetable01_js/course:0000803678-17/node:00128523/kt:0/lname:/"
}
