{
    "date": "2025/01/14",
    "name": "ネポン入口",
    "position": "-",
    "system": "厚47",
    "destinations": [
        "上分"
    ],
    "weekday": [
        "20:00",
        "20:45",
        "21:45"
    ],
    "saturday": [
        "8:20",
        "9:20",
        "10:21",
        "11:21",
        "12:21",
        "13:21",
        "14:21",
        "15:21",
        "16:22",
        "17:22",
        "18:22",
        "19:22",
        "20:20"
    ],
    "holiday": [
        "8:20",
        "9:20",
        "10:20",
        "11:21",
        "12:21",
        "13:21",
        "14:21",
        "15:21",
        "16:22",
        "17:22",
        "18:22",
        "19:22",
        "20:20"
    ],
    "url": "https://www.kanachu.co.jp/dia/diagram/timetable01_js/course:0000803678-32/node:00128489/kt:0/lname:/"
}
