{
    "system": "厚47",
    "busstops": [
        {
            "index": "1",
            "id": "00128256",
            "name": "厚木バスセンター",
            "lat": "35.441508",
            "lng": "139.366507"
        },
        {
            "index": "2",
            "id": "00128257",
            "name": "あつぎ大通り",
            "lat": "35.441482",
            "lng": "139.362408"
        },
        {
            "index": "3",
            "id": "00128396",
            "name": "市役所入口(厚木市)",
            "lat": "35.442448",
            "lng": "139.361188"
        },
        {
            "index": "4",
            "id": "00128439",
            "name": "合同庁舎前(厚木市)",
            "lat": "35.443964",
            "lng": "139.355566"
        },
        {
            "index": "5",
            "id": "00128440",
            "name": "厚木高校前",
            "lat": "35.444598",
            "lng": "139.352202"
        },
        {
            "index": "6",
            "id": "00128441",
            "name": "アステモ[Astemo]前〔旧:日立アステモ前〕",
            "lat": "35.444018",
            "lng": "139.349765"
        },
        {
            "index": "7",
            "id": "00128442",
            "name": "片岸(厚木市)",
            "lat": "35.441188",
            "lng": "139.347079"
        },
        {
            "index": "8",
            "id": "00128443",
            "name": "温水",
            "lat": "35.439356",
            "lng": "139.343166"
        },
        {
            "index": "9",
            "id": "00128444",
            "name": "高坪入口",
            "lat": "35.438431",
            "lng": "139.341499"
        },
        {
            "index": "10",
            "id": "00128490",
            "name": "温水幼稚園前",
            "lat": "35.439909",
            "lng": "139.339433"
        },
        {
            "index": "11",
            "id": "00128491",
            "name": "スポーツセンター入口(厚木市)",
            "lat": "35.441069",
            "lng": "139.336506"
        },
        {
            "index": "12",
            "id": "00128492",
            "name": "高坪",
            "lat": "35.442674",
            "lng": "139.33524"
        },
        {
            "index": "13",
            "id": "00128493",
            "name": "上高坪",
            "lat": "35.444293",
            "lng": "139.333452"
        },
        {
            "index": "14",
            "id": "00128494",
            "name": "権現堂(厚木市)",
            "lat": "35.446159",
            "lng": "139.331152"
        },
        {
            "index": "15",
            "id": "00128521",
            "name": "毛利台入口",
            "lat": "35.445033",
            "lng": "139.330654"
        },
        {
            "index": "16",
            "id": "00128522",
            "name": "毛利台一丁目",
            "lat": "35.443113",
            "lng": "139.331852"
        },
        {
            "index": "17",
            "id": "00128523",
            "name": "毛利台団地",
            "lat": "35.439696",
            "lng": "139.328465"
        },
        {
            "index": "18",
            "id": "00128522",
            "name": "毛利台一丁目",
            "lat": "35.442863",
            "lng": "139.331726"
        },
        {
            "index": "19",
            "id": "00128521",
            "name": "毛利台入口",
            "lat": "35.445879",
            "lng": "139.330377"
        },
        {
            "index": "20",
            "id": "00128512",
            "name": "愛名",
            "lat": "35.447669",
            "lng": "139.328109"
        },
        {
            "index": "21",
            "id": "00128511",
            "name": "八ツ橋",
            "lat": "35.450278",
            "lng": "139.329279"
        },
        {
            "index": "22",
            "id": "00128476",
            "name": "白山(厚木市)",
            "lat": "35.453533",
            "lng": "139.329176"
        },
        {
            "index": "23",
            "id": "00128486",
            "name": "旗谷入口",
            "lat": "35.456736",
            "lng": "139.326569"
        },
        {
            "index": "24",
            "id": "00128697",
            "name": "小鮎公民館前",
            "lat": "35.45968",
            "lng": "139.324312"
        },
        {
            "index": "25",
            "id": "00128479",
            "name": "台ノ上",
            "lat": "35.462188",
            "lng": "139.32602"
        },
        {
            "index": "26",
            "id": "00128480",
            "name": "学校前(厚木市)",
            "lat": "35.463012",
            "lng": "139.323953"
        },
        {
            "index": "27",
            "id": "00128481",
            "name": "局前(厚木市)",
            "lat": "35.464445",
            "lng": "139.32185"
        },
        {
            "index": "28",
            "id": "00128482",
            "name": "打越(厚木市)",
            "lat": "35.464678",
            "lng": "139.316567"
        },
        {
            "index": "29",
            "id": "00128483",
            "name": "矢崎(厚木市)",
            "lat": "35.462523",
            "lng": "139.314262"
        },
        {
            "index": "30",
            "id": "00128484",
            "name": "古沢(厚木市)",
            "lat": "35.460683",
            "lng": "139.312495"
        },
        {
            "index": "31",
            "id": "00128485",
            "name": "上古沢",
            "lat": "35.459531",
            "lng": "139.311114"
        },
        {
            "index": "32",
            "id": "00128489",
            "name": "ネポン入口",
            "lat": "35.4587",
            "lng": "139.312805"
        },
        {
            "index": "33",
            "id": "00128488",
            "name": "上分",
            "lat": "35.458179",
            "lng": "139.31926"
        }
    ],
    "route_url": "https://www.kanachu.co.jp/dia/route/index/cid:0000803678/"
}
