{
    "date": "2025/01/14",
    "name": "昭和橋(相模原市南区)",
    "position": "-",
    "system": "厚81",
    "destinations": [
        "依知神社前",
        "上依知",
        "藤塚(厚木市)",
        "山際",
        "中平(厚木市)",
        "依知小学校前",
        "関口(厚木市)",
        "蓮生寺(厚木市)",
        "追分(厚木市)",
        "下依知入口",
        "金田神社前",
        "妻田",
        "三家入口(厚木市)",
        "木売場",
        "市立病院前(厚木市)",
        "税務署入口(厚木市)",
        "市役所入口(厚木市)",
        "本厚木駅",
        "厚木バスセンター"
    ],
    "weekday": [
        "7:37",
        "8:12",
        "8:44",
        "9:53"
    ],
    "saturday": [],
    "holiday": [],
    "url": "https://www.kanachu.co.jp/dia/diagram/timetable01_js/course:0000800329-5/node:00128359/kt:0/lname:/"
}
