{
    "date": "2025/01/14",
    "name": "中平(厚木市)",
    "position": "-",
    "system": "厚81",
    "destinations": [
        "依知小学校前",
        "関口(厚木市)",
        "蓮生寺(厚木市)",
        "追分(厚木市)",
        "下依知入口",
        "金田神社前",
        "妻田",
        "三家入口(厚木市)",
        "木売場",
        "市立病院前(厚木市)",
        "税務署入口(厚木市)",
        "市役所入口(厚木市)",
        "本厚木駅",
        "厚木バスセンター"
    ],
    "weekday": [
        "7:52",
        "8:27",
        "8:55",
        "10:04"
    ],
    "saturday": [],
    "holiday": [],
    "url": "https://www.kanachu.co.jp/dia/diagram/timetable01_js/course:0000800329-10/node:00128354/kt:0/lname:/"
}
