{
    "date": "2025/01/14",
    "name": "市立病院前(厚木市)",
    "position": "-",
    "system": "厚81",
    "destinations": [
        "税務署入口(厚木市)",
        "市役所入口(厚木市)",
        "本厚木駅",
        "厚木バスセンター"
    ],
    "weekday": [
        "8:19",
        "8:49",
        "9:17",
        "10:26"
    ],
    "saturday": [],
    "holiday": [],
    "url": "https://www.kanachu.co.jp/dia/diagram/timetable01_js/course:0000800329-20/node:00128259/kt:0/lname:/"
}
