{
    "date": "2025/11/25",
    "name": "小山公民館前",
    "position": "-",
    "system": "橋52",
    "destinations": [
        "向陽小学校前",
        "すすきの住宅前",
        "宮下(相模原市中央区)",
        "宮下二丁目(相模原市中央区)",
        "矢掛台",
        "宮下三丁目(相模原市中央区)",
        "小山久保町",
        "小山本町",
        "小山幸町",
        "旭農協前",
        "橋本駅北口"
    ],
    "weekday": [
        "6:26",
        "6:51",
        "7:16",
        "7:41",
        "8:06",
        "8:36",
        "9:31",
        "10:21",
        "11:06",
        "11:56",
        "12:46",
        "13:36",
        "14:26",
        "15:16",
        "16:06",
        "16:56",
        "17:46",
        "18:36",
        "19:23",
        "20:08",
        "20:51"
    ],
    "saturday": [
        "7:16",
        "8:16",
        "9:16",
        "10:16",
        "11:16",
        "12:16",
        "13:16",
        "14:16",
        "15:16",
        "16:16",
        "17:16",
        "18:16",
        "19:16",
        "20:16"
    ],
    "holiday": [
        "7:16",
        "8:16",
        "9:16",
        "10:16",
        "11:16",
        "12:16",
        "13:16",
        "14:16",
        "15:16",
        "16:16",
        "17:16",
        "18:16",
        "19:16",
        "20:16"
    ],
    "url": "https://www.kanachu.co.jp/dia/diagram/timetable01_js/course:0000802395-2/node:00020510/kt:0/lname:/"
}
