{
    "date": "2025/11/25",
    "name": "すすきの住宅前",
    "position": "-",
    "system": "橋52",
    "destinations": [
        "宮下(相模原市中央区)",
        "宮下二丁目(相模原市中央区)",
        "矢掛台",
        "宮下三丁目(相模原市中央区)",
        "小山久保町",
        "小山本町",
        "小山幸町",
        "旭農協前",
        "橋本駅北口"
    ],
    "weekday": [
        "6:28",
        "6:53",
        "7:18",
        "7:43",
        "8:08",
        "8:38",
        "9:33",
        "10:23",
        "11:08",
        "11:58",
        "12:48",
        "13:38",
        "14:28",
        "15:18",
        "16:08",
        "16:58",
        "17:48",
        "18:38",
        "19:25",
        "20:10",
        "20:53"
    ],
    "saturday": [
        "7:18",
        "8:18",
        "9:18",
        "10:18",
        "11:18",
        "12:18",
        "13:18",
        "14:18",
        "15:18",
        "16:18",
        "17:18",
        "18:18",
        "19:18",
        "20:18"
    ],
    "holiday": [
        "7:18",
        "8:18",
        "9:18",
        "10:18",
        "11:18",
        "12:18",
        "13:18",
        "14:18",
        "15:18",
        "16:18",
        "17:18",
        "18:18",
        "19:18",
        "20:18"
    ],
    "url": "https://www.kanachu.co.jp/dia/diagram/timetable01_js/course:0000802395-4/node:00020026/kt:0/lname:/"
}
