{
    "date": "2025/11/25",
    "name": "宮下三丁目(相模原市中央区)",
    "position": "-",
    "system": "橋52",
    "destinations": [
        "小山久保町",
        "小山本町",
        "小山幸町",
        "旭農協前",
        "橋本駅北口"
    ],
    "weekday": [
        "6:31",
        "6:56",
        "7:21",
        "7:46",
        "8:11",
        "8:41",
        "9:36",
        "10:26",
        "11:11",
        "12:01",
        "12:51",
        "13:41",
        "14:31",
        "15:21",
        "16:11",
        "17:01",
        "17:51",
        "18:41",
        "19:28",
        "20:13",
        "20:56"
    ],
    "saturday": [
        "7:21",
        "8:21",
        "9:21",
        "10:21",
        "11:21",
        "12:21",
        "13:21",
        "14:21",
        "15:21",
        "16:21",
        "17:21",
        "18:21",
        "19:21",
        "20:21"
    ],
    "holiday": [
        "7:21",
        "8:21",
        "9:21",
        "10:21",
        "11:21",
        "12:21",
        "13:21",
        "14:21",
        "15:21",
        "16:21",
        "17:21",
        "18:21",
        "19:21",
        "20:21"
    ],
    "url": "https://www.kanachu.co.jp/dia/diagram/timetable01_js/course:0000802395-8/node:00129274/kt:0/lname:/"
}
