{
    "date": "2025/07/12",
    "name": "遊行寺坂上",
    "position": "-",
    "system": "藤54",
    "destinations": [
        "緑ヶ丘(藤沢市)",
        "鉄砲宿",
        "諏訪神社前(横浜市戸塚区)",
        "影取",
        "聖母の園前",
        "横浜医療センター前",
        "三叉路(横浜市戸塚区)",
        "横浜薬大南門",
        "俣野公園・横浜薬大前"
    ],
    "weekday": [
        "7:01",
        "7:21",
        "7:41",
        "8:21",
        "9:21",
        "10:21",
        "11:21",
        "12:21",
        "13:21",
        "14:21",
        "15:41",
        "16:39",
        "16:53",
        "17:36",
        "17:56",
        "18:36",
        "18:56",
        "19:16",
        "19:56",
        "20:16",
        "21:21",
        "22:01"
    ],
    "saturday": [
        "6:40",
        "7:40",
        "8:40",
        "9:40",
        "10:42",
        "11:42",
        "12:42",
        "13:42",
        "14:42",
        "15:42",
        "16:43",
        "17:43",
        "18:43",
        "19:40",
        "20:15",
        "20:55",
        "21:35"
    ],
    "holiday": [
        "6:40",
        "7:40",
        "8:40",
        "9:40",
        "10:42",
        "11:42",
        "12:42",
        "13:42",
        "14:42",
        "15:42",
        "16:43",
        "17:43",
        "18:43",
        "19:40",
        "20:15",
        "20:55",
        "21:35"
    ],
    "url": "https://www.kanachu.co.jp/dia/diagram/timetable01_js/course:0000803581-3/node:00126976/kt:0/lname:/"
}
