{
    "date": "2025/07/12",
    "name": "影取",
    "position": "-",
    "system": "藤54",
    "destinations": [
        "聖母の園前",
        "横浜医療センター前",
        "三叉路(横浜市戸塚区)",
        "横浜薬大南門",
        "俣野公園・横浜薬大前"
    ],
    "weekday": [
        "7:12",
        "7:32",
        "7:52",
        "8:32",
        "9:31",
        "10:31",
        "11:31",
        "12:31",
        "13:31",
        "14:31",
        "15:51",
        "16:49",
        "17:03",
        "17:49",
        "18:09",
        "18:49",
        "19:05",
        "19:23",
        "20:03",
        "20:23",
        "21:28",
        "22:08"
    ],
    "saturday": [
        "6:47",
        "7:47",
        "8:47",
        "9:48",
        "10:50",
        "11:50",
        "12:50",
        "13:50",
        "14:50",
        "15:50",
        "16:53",
        "17:53",
        "18:51",
        "19:48",
        "20:23",
        "21:03",
        "21:43"
    ],
    "holiday": [
        "6:47",
        "7:47",
        "8:47",
        "9:48",
        "10:50",
        "11:50",
        "12:50",
        "13:50",
        "14:50",
        "15:50",
        "16:53",
        "17:53",
        "18:51",
        "19:48",
        "20:23",
        "21:03",
        "21:43"
    ],
    "url": "https://www.kanachu.co.jp/dia/diagram/timetable01_js/course:0000803581-7/node:00126980/kt:0/lname:/"
}
