{
    "date": "2025/07/12",
    "name": "横浜医療センター前",
    "position": "-",
    "system": "藤54",
    "destinations": [
        "三叉路(横浜市戸塚区)",
        "横浜薬大南門",
        "俣野公園・横浜薬大前"
    ],
    "weekday": [
        "7:19",
        "7:39",
        "7:59",
        "8:39",
        "9:37",
        "10:37",
        "11:37",
        "12:37",
        "13:37",
        "14:37",
        "15:57",
        "16:55",
        "17:09",
        "17:55",
        "18:15",
        "18:55",
        "19:09",
        "19:27",
        "20:07",
        "20:27",
        "21:32",
        "22:12"
    ],
    "saturday": [
        "6:52",
        "7:52",
        "8:52",
        "9:53",
        "10:55",
        "11:55",
        "12:55",
        "13:55",
        "14:55",
        "15:55",
        "16:58",
        "17:58",
        "18:56",
        "19:53",
        "20:28",
        "21:08",
        "21:48"
    ],
    "holiday": [
        "6:52",
        "7:52",
        "8:52",
        "9:53",
        "10:55",
        "11:55",
        "12:55",
        "13:55",
        "14:55",
        "15:55",
        "16:58",
        "17:58",
        "18:56",
        "19:53",
        "20:28",
        "21:08",
        "21:48"
    ],
    "url": "https://www.kanachu.co.jp/dia/diagram/timetable01_js/course:0000803581-9/node:00126819/kt:0/lname:/"
}
