{
    "system": "町61",
    "destination": "野津田車庫",
    "stations": [
        {
            "name": "町田バスセンター",
            "file": ""
        },
        {
            "name": "町田市役所市民ホール前",
            "file": ""
        },
        {
            "name": "妙延寺(町田市)",
            "file": ""
        },
        {
            "name": "森野五丁目",
            "file": ""
        },
        {
            "name": "森野六丁目",
            "file": ""
        },
        {
            "name": "桧台入口",
            "file": ""
        },
        {
            "name": "木曽都営入口",
            "file": ""
        },
        {
            "name": "境川団地入口",
            "file": ""
        },
        {
            "name": "境川団地中央",
            "file": ""
        },
        {
            "name": "境川団地",
            "file": ""
        },
        {
            "name": "上横町",
            "file": ""
        },
        {
            "name": "木曽入口",
            "file": ""
        },
        {
            "name": "山崎団地入口",
            "file": ""
        },
        {
            "name": "山崎団地センター",
            "file": ""
        },
        {
            "name": "給水塔前(山崎団地/町田市)",
            "file": ""
        },
        {
            "name": "今井谷戸",
            "file": ""
        },
        {
            "name": "藤の台団地",
            "file": ""
        },
        {
            "name": "藤の台東",
            "file": ""
        },
        {
            "name": "遊歩公園",
            "file": ""
        },
        {
            "name": "入谷戸(やくし台/町田市)",
            "file": ""
        },
        {
            "name": "やくし台二丁目",
            "file": ""
        },
        {
            "name": "やくし台三丁目",
            "file": ""
        },
        {
            "name": "やくし台センター",
            "file": ""
        },
        {
            "name": "薬師ヶ丘",
            "file": ""
        },
        {
            "name": "野津田神社入口",
            "file": ""
        },
        {
            "name": "袋橋",
            "file": ""
        },
        {
            "name": "田中入口",
            "file": ""
        },
        {
            "name": "野津田車庫",
            "file": ""
        }
    ]
}
