{
    "date": "2025/12/20",
    "name": "市役所市立病院前",
    "position": "-",
    "system": "間13",
    "destinations": [
        "職業安定所前(大和市)",
        "郵便局前(大和市)",
        "市民活動拠点ベテルギウス前",
        "豊川稲荷前(大和市)",
        "新橋通り(大和市)",
        "大和駅西口"
    ],
    "weekday": [
        "7:35",
        "8:00",
        "8:25"
    ],
    "saturday": [
        "19:01"
    ],
    "holiday": [
        "19:01"
    ],
    "url": "https://www.kanachu.co.jp/dia/diagram/timetable01_js/course:0000803741-4/node:00129611/kt:0/lname:/"
}
