{
    "date": "2025/12/20",
    "name": "職業安定所前(大和市)",
    "position": "-",
    "system": "間13",
    "destinations": [
        "郵便局前(大和市)",
        "市民活動拠点ベテルギウス前",
        "豊川稲荷前(大和市)",
        "新橋通り(大和市)",
        "大和駅西口"
    ],
    "weekday": [
        "7:38",
        "8:03",
        "8:28"
    ],
    "saturday": [
        "19:05"
    ],
    "holiday": [
        "19:03"
    ],
    "url": "https://www.kanachu.co.jp/dia/diagram/timetable01_js/course:0000803741-5/node:00129742/kt:0/lname:/"
}
