{
    "date": "2025/10/20",
    "name": "市民活動拠点ベテルギウス前",
    "position": "-",
    "system": "間13",
    "destinations": [
        "豊川稲荷前(大和市)",
        "新橋通り(大和市)",
        "大和駅西口"
    ],
    "weekday": [
        "7:41",
        "8:06",
        "8:31"
    ],
    "saturday": [
        "7:49",
        "19:08"
    ],
    "holiday": [
        "7:49",
        "19:06"
    ],
    "url": "https://www.kanachu.co.jp/dia/diagram/timetable01_js/course:0000803741-7/node:00129613/kt:0/lname:/"
}
