{
    "system": "間13",
    "busstops": [
        {
            "index": "1",
            "id": "00129523",
            "name": "鶴間駅東口",
            "lat": "35.490304",
            "lng": "139.452123"
        },
        {
            "index": "2",
            "id": "00129524",
            "name": "鶴間二丁目",
            "lat": "35.490896",
            "lng": "139.454489"
        },
        {
            "index": "3",
            "id": "00129610",
            "name": "オークシティ前",
            "lat": "35.488797",
            "lng": "139.456492"
        },
        {
            "index": "4",
            "id": "00129611",
            "name": "市役所市立病院前",
            "lat": "35.486168",
            "lng": "139.457651"
        },
        {
            "index": "5",
            "id": "00129742",
            "name": "職業安定所前(大和市)",
            "lat": "35.481079",
            "lng": "139.459717"
        },
        {
            "index": "6",
            "id": "00129612",
            "name": "郵便局前(大和市)",
            "lat": "35.479817",
            "lng": "139.46022"
        },
        {
            "index": "7",
            "id": "00129613",
            "name": "市民活動拠点ベテルギウス前",
            "lat": "35.475221",
            "lng": "139.462042"
        },
        {
            "index": "8",
            "id": "00129614",
            "name": "豊川稲荷前(大和市)",
            "lat": "35.472568",
            "lng": "139.462482"
        },
        {
            "index": "9",
            "id": "00129615",
            "name": "新橋通り(大和市)",
            "lat": "35.471605",
            "lng": "139.4624"
        },
        {
            "index": "10",
            "id": "00129616",
            "name": "大和駅西口",
            "lat": "35.470241",
            "lng": "139.460967"
        }
    ],
    "route_url": "https://www.kanachu.co.jp/dia/route/index/cid:0000803741/"
}
