{
    "date": "2025/05/11",
    "name": "谷戸入口(秦野市)",
    "position": "-",
    "system": "秦23",
    "destinations": [
        "東田原神社前",
        "東田原下宿",
        "井ノ城",
        "くず葉台",
        "九沢",
        "北原(秦野市)",
        "ジョイフルタウン",
        "仲宿(秦野市)",
        "上宿通り",
        "大川橋(秦野市)",
        "まほろば大橋",
        "秦野駅"
    ],
    "weekday": [
        "6:01",
        "6:36",
        "6:51",
        "7:09",
        "7:28",
        "8:56",
        "10:05",
        "11:05",
        "12:05",
        "13:05",
        "14:05",
        "15:07",
        "16:07",
        "21:15"
    ],
    "saturday": [
        "6:31",
        "7:03",
        "7:36",
        "8:06",
        "9:11"
    ],
    "holiday": [
        "6:31",
        "7:03",
        "7:36",
        "8:06",
        "9:11"
    ],
    "url": "https://www.kanachu.co.jp/dia/diagram/timetable01_js/course:0000800341-6/node:00127869/kt:0/lname:/"
}
