{
    "date": "2025/05/11",
    "name": "九沢",
    "position": "-",
    "system": "秦23",
    "destinations": [
        "北原(秦野市)",
        "ジョイフルタウン",
        "仲宿(秦野市)",
        "上宿通り",
        "大川橋(秦野市)",
        "まほろば大橋",
        "秦野駅"
    ],
    "weekday": [
        "6:08",
        "6:43",
        "6:58",
        "7:16",
        "7:35",
        "9:03",
        "10:12",
        "11:12",
        "12:12",
        "13:12",
        "14:12",
        "15:14",
        "16:14",
        "21:21"
    ],
    "saturday": [
        "6:38",
        "7:10",
        "7:43",
        "8:13",
        "9:18"
    ],
    "holiday": [
        "6:38",
        "7:10",
        "7:43",
        "8:13",
        "9:18"
    ],
    "url": "https://www.kanachu.co.jp/dia/diagram/timetable01_js/course:0000800341-11/node:00127864/kt:0/lname:/"
}
