{
    "date": "2025/05/11",
    "name": "仲宿(秦野市)",
    "position": "-",
    "system": "秦23",
    "destinations": [
        "上宿通り",
        "大川橋(秦野市)",
        "まほろば大橋",
        "秦野駅"
    ],
    "weekday": [
        "6:12",
        "6:47",
        "7:02",
        "7:20",
        "7:39",
        "9:07",
        "10:16",
        "11:16",
        "12:16",
        "13:16",
        "14:16",
        "15:18",
        "16:18",
        "21:25"
    ],
    "saturday": [
        "6:42",
        "7:14",
        "7:47",
        "8:17",
        "9:22"
    ],
    "holiday": [
        "6:42",
        "7:14",
        "7:47",
        "8:17",
        "9:22"
    ],
    "url": "https://www.kanachu.co.jp/dia/diagram/timetable01_js/course:0000800341-14/node:00127835/kt:0/lname:/"
}
