{
    "date": "2025/08/30",
    "name": "市大センター病院前",
    "position": "-",
    "system": "戸45",
    "destinations": [
        "浦舟町",
        "白妙町",
        "阪東橋",
        "横浜橋",
        "曙町(横浜市中区)",
        "長者町五丁目",
        "羽衣町(横浜市中区)",
        "尾上町(横浜市中区)",
        "本町四丁目(横浜市中区)",
        "横浜市役所前",
        "桜木町駅前"
    ],
    "weekday": [
        "9:39",
        "15:03"
    ],
    "saturday": [],
    "holiday": [],
    "url": "https://www.kanachu.co.jp/dia/diagram/timetable01_js/course:0000803409-32/node:00103606/kt:0/lname:/"
}
