{
    "date": "2025/08/30",
    "name": "羽衣町(横浜市中区)",
    "position": "-",
    "system": "戸45",
    "destinations": [
        "尾上町(横浜市中区)",
        "本町四丁目(横浜市中区)",
        "横浜市役所前",
        "桜木町駅前"
    ],
    "weekday": [
        "9:48",
        "15:12"
    ],
    "saturday": [],
    "holiday": [],
    "url": "https://www.kanachu.co.jp/dia/diagram/timetable01_js/course:0000803409-39/node:00102910/kt:0/lname:/"
}
