{
    "date": "2025/04/01",
    "name": "菩提(秦野市)",
    "position": "-",
    "system": "秦53",
    "destinations": [
        "横野入口",
        "戸沢入口",
        "戸川",
        "平和橋(秦野市)",
        "大倉入口",
        "関(秦野市)",
        "堀川",
        "堀西駐在所前",
        "中道(秦野市)",
        "西小学校前(秦野市)",
        "西中学校前(秦野市)",
        "柳町(秦野市)",
        "渋沢駅北口"
    ],
    "weekday": [
        "5:37",
        "6:03",
        "6:25"
    ],
    "saturday": [
        "6:17",
        "6:35"
    ],
    "holiday": [
        "6:17",
        "6:35"
    ],
    "url": "https://www.kanachu.co.jp/dia/diagram/timetable01_js/course:0000803816-8/node:00127887/kt:0/lname:/"
}
