{
    "date": "2025/04/01",
    "name": "戸沢入口",
    "position": "-",
    "system": "秦53",
    "destinations": [
        "戸川",
        "平和橋(秦野市)",
        "大倉入口",
        "関(秦野市)",
        "堀川",
        "堀西駐在所前",
        "中道(秦野市)",
        "西小学校前(秦野市)",
        "西中学校前(秦野市)",
        "柳町(秦野市)",
        "渋沢駅北口"
    ],
    "weekday": [
        "5:39",
        "6:05",
        "6:27"
    ],
    "saturday": [
        "6:19",
        "6:37"
    ],
    "holiday": [
        "6:19",
        "6:37"
    ],
    "url": "https://www.kanachu.co.jp/dia/diagram/timetable01_js/course:0000803816-10/node:00127889/kt:0/lname:/"
}
