{
    "date": "2025/03/15",
    "name": "並塚",
    "position": "-",
    "system": "長22",
    "destinations": [
        "上土棚",
        "中川橋",
        "落合(綾瀬市)",
        "上落合(綾瀬市)",
        "大法寺(綾瀬市)",
        "大邸",
        "綾瀬農協前",
        "綾瀬小学校前",
        "中郷(綾瀬市)",
        "綾瀬タウンヒルズ前",
        "綾瀬市役所"
    ],
    "weekday": [
        "6:54",
        "7:24",
        "8:02",
        "8:49",
        "9:14"
    ],
    "saturday": [],
    "holiday": [],
    "url": "https://www.kanachu.co.jp/dia/diagram/timetable01_js/course:0000801389-3/node:00129847/kt:0/lname:/"
}
