{
    "date": "2025/03/15",
    "name": "上土棚",
    "position": "-",
    "system": "長22",
    "destinations": [
        "中川橋",
        "落合(綾瀬市)",
        "上落合(綾瀬市)",
        "大法寺(綾瀬市)",
        "大邸",
        "綾瀬農協前",
        "綾瀬小学校前",
        "中郷(綾瀬市)",
        "綾瀬タウンヒルズ前",
        "綾瀬市役所"
    ],
    "weekday": [
        "6:55",
        "7:25",
        "8:03",
        "8:50",
        "9:15"
    ],
    "saturday": [],
    "holiday": [],
    "url": "https://www.kanachu.co.jp/dia/diagram/timetable01_js/course:0000801389-4/node:00129848/kt:0/lname:/"
}
