{
    "date": "2024/07/01",
    "name": "戸塚台",
    "position": "-",
    "system": "戸94",
    "destinations": [
        "戸塚台中央",
        "遊水池前(横浜市戸塚区)",
        "戸塚台入口",
        "町内会館前(横浜市栄区)",
        "金井(横浜市栄区)",
        "日ノ出橋(横浜市戸塚区)",
        "下郷(横浜市戸塚区)",
        "長久保(横浜市戸塚区)",
        "法務局前(横浜市戸塚区)",
        "皇谷台団地",
        "東電前(横浜市戸塚区)",
        "八坂神社前",
        "消防署前(横浜市戸塚区)",
        "戸塚駅西口",
        "戸塚バスセンター"
    ],
    "weekday": [
        "6:22",
        "6:42",
        "7:06",
        "7:26"
    ],
    "saturday": [
        "6:55",
        "8:21"
    ],
    "holiday": [
        "6:55",
        "8:21"
    ],
    "url": "https://www.kanachu.co.jp/dia/diagram/timetable01_js/course:0000803592-2/node:00126866/kt:0/lname:/"
}
