{
    "date": "2025/05/11",
    "name": "清水橋(横浜市港南区)",
    "position": "-",
    "system": "上32",
    "destinations": [
        "港南台入口",
        "港南台駅"
    ],
    "weekday": [
        "6:49",
        "7:35",
        "7:52",
        "8:30",
        "9:13",
        "9:23",
        "9:50",
        "11:04",
        "11:31",
        "12:24",
        "13:04",
        "13:37",
        "14:30",
        "15:12",
        "15:45",
        "16:27",
        "16:50",
        "17:19",
        "18:19",
        "18:51"
    ],
    "saturday": [
        "8:46",
        "10:19",
        "10:54",
        "11:43",
        "12:11",
        "12:41",
        "13:29",
        "14:50",
        "15:18",
        "16:26",
        "17:09",
        "18:47"
    ],
    "holiday": [
        "8:46",
        "10:19",
        "10:54",
        "11:43",
        "12:11",
        "12:41",
        "13:29",
        "14:50",
        "15:18",
        "16:26",
        "17:09",
        "18:47"
    ],
    "url": "https://www.kanachu.co.jp/dia/diagram/timetable01_js/course:0000803426-11/node:00102574/kt:0/lname:/"
}
