{
    "date": "2026/01/16",
    "name": "小沼(相模原市南区)",
    "position": "-",
    "system": "相25",
    "destinations": [
        "南中前(相模原市南区)",
        "グリーンホール前",
        "相模大野駅北口"
    ],
    "weekday": [
        "6:42",
        "7:19",
        "7:31",
        "7:51",
        "8:06",
        "8:21",
        "8:36",
        "8:48",
        "9:03",
        "9:21",
        "9:34",
        "10:04",
        "10:24",
        "11:04",
        "11:34",
        "12:04",
        "12:34",
        "13:04",
        "13:34",
        "14:04",
        "14:34",
        "15:04",
        "15:34",
        "16:04",
        "16:30",
        "17:00",
        "17:32",
        "18:02",
        "18:32",
        "19:02",
        "19:24",
        "19:52",
        "20:21",
        "20:51",
        "21:21",
        "22:13",
        "22:43",
        "23:13"
    ],
    "saturday": [
        "6:43",
        "7:12",
        "7:32",
        "8:14",
        "8:32",
        "9:33",
        "10:34",
        "11:13",
        "11:33",
        "12:33",
        "13:13",
        "13:33",
        "14:33",
        "15:33",
        "16:33",
        "17:13",
        "17:33",
        "18:33",
        "19:13",
        "19:37",
        "20:12",
        "20:37",
        "21:32",
        "22:07"
    ],
    "holiday": [
        "7:02",
        "7:32",
        "8:13",
        "8:33",
        "9:13",
        "9:33",
        "10:32",
        "11:12",
        "11:32",
        "12:32",
        "13:12",
        "13:32",
        "14:32",
        "15:32",
        "16:12",
        "16:32",
        "17:32",
        "18:12",
        "18:32",
        "19:12",
        "19:32",
        "20:13",
        "20:37",
        "21:32",
        "22:07"
    ],
    "url": "https://www.kanachu.co.jp/dia/diagram/timetable01_js/course:0000804098-30/node:00129137/kt:0/lname:/"
}
