{
    "date": "2026/01/16",
    "name": "グリーンホール前",
    "position": "-",
    "system": "相25",
    "destinations": [
        "相模大野駅北口"
    ],
    "weekday": [
        "6:45",
        "7:23",
        "7:35",
        "7:55",
        "8:10",
        "8:25",
        "8:40",
        "8:52",
        "9:07",
        "9:25",
        "9:38",
        "10:08",
        "10:28",
        "11:08",
        "11:38",
        "12:08",
        "12:38",
        "13:08",
        "13:38",
        "14:08",
        "14:38",
        "15:08",
        "15:38",
        "16:09",
        "16:35",
        "17:05",
        "17:37",
        "18:07",
        "18:37",
        "19:05",
        "19:27",
        "19:55",
        "20:24",
        "20:54",
        "21:24",
        "22:16",
        "22:46",
        "23:16"
    ],
    "saturday": [
        "6:46",
        "7:15",
        "7:35",
        "8:17",
        "8:35",
        "9:36",
        "10:37",
        "11:16",
        "11:36",
        "12:36",
        "13:16",
        "13:36",
        "14:36",
        "15:36",
        "16:36",
        "17:16",
        "17:36",
        "18:36",
        "19:16",
        "19:40",
        "20:15",
        "20:40",
        "21:35",
        "22:10"
    ],
    "holiday": [
        "7:05",
        "7:35",
        "8:16",
        "8:36",
        "9:16",
        "9:36",
        "10:35",
        "11:15",
        "11:35",
        "12:35",
        "13:15",
        "13:35",
        "14:35",
        "15:35",
        "16:15",
        "16:35",
        "17:35",
        "18:15",
        "18:35",
        "19:15",
        "19:35",
        "20:16",
        "20:40",
        "21:35",
        "22:10"
    ],
    "url": "https://www.kanachu.co.jp/dia/diagram/timetable01_js/course:0000804098-32/node:00129307/kt:0/lname:/"
}
