{
    "date": "2025/11/16",
    "name": "今宿小学校入口",
    "position": "-",
    "system": "峰02",
    "destinations": [
        "今宿(横浜市旭区)",
        "筑池",
        "農協前(横浜市旭区)",
        "都岡町",
        "下宿(横浜市旭区)",
        "川井宿",
        "福泉寺前(横浜市旭区)",
        "宮の下(横浜市旭区)",
        "長源寺前(横浜市旭区)",
        "上川井町",
        "大貫橋",
        "若葉台南",
        "若葉台近隣公園前",
        "若葉台中学校前",
        "霧が丘高校前",
        "若葉台車庫前",
        "若葉台中央(横浜市旭区)",
        "若葉台車庫前",
        "霧が丘高校前",
        "霧が丘センター前",
        "郵便局前(横浜市緑区)",
        "萱場公園入口",
        "遊水池前(横浜市緑区)",
        "中山谷(横浜市緑区)",
        "十日市場",
        "十日市場駅"
    ],
    "weekday": [
        "7:04",
        "7:37",
        "9:00",
        "11:05",
        "13:16",
        "15:15",
        "17:16",
        "19:16"
    ],
    "saturday": [
        "8:31",
        "10:35",
        "12:35",
        "14:35",
        "16:35",
        "18:39"
    ],
    "holiday": [
        "8:47",
        "10:35",
        "12:35",
        "14:35",
        "16:35",
        "18:40"
    ],
    "url": "https://www.kanachu.co.jp/dia/diagram/timetable01_js/course:0000802234-5/node:00129717/kt:0/lname:/"
}
