{
    "date": "2025/11/16",
    "name": "若葉台中学校前",
    "position": "-",
    "system": "峰02",
    "destinations": [
        "霧が丘高校前",
        "若葉台車庫前",
        "若葉台中央(横浜市旭区)",
        "若葉台車庫前",
        "霧が丘高校前",
        "霧が丘センター前",
        "郵便局前(横浜市緑区)",
        "萱場公園入口",
        "遊水池前(横浜市緑区)",
        "中山谷(横浜市緑区)",
        "十日市場",
        "十日市場駅"
    ],
    "weekday": [
        "7:19",
        "7:52",
        "9:15",
        "11:20",
        "13:31",
        "15:30",
        "17:31",
        "19:31"
    ],
    "saturday": [
        "8:46",
        "10:50",
        "12:50",
        "14:50",
        "16:50",
        "18:54"
    ],
    "holiday": [
        "9:02",
        "10:50",
        "12:50",
        "14:50",
        "16:50",
        "18:55"
    ],
    "url": "https://www.kanachu.co.jp/dia/diagram/timetable01_js/course:0000802234-19/node:00103267/kt:0/lname:/"
}
