{
    "system": "淵52",
    "busstops": [
        {
            "index": "1",
            "id": "00129347",
            "name": "上溝",
            "lat": "35.557736",
            "lng": "139.363458"
        },
        {
            "index": "2",
            "id": "00128532",
            "name": "横山坂上",
            "lat": "35.557725",
            "lng": "139.369166"
        },
        {
            "index": "3",
            "id": "00129253",
            "name": "星が丘(相模原市中央区)",
            "lat": "35.557884",
            "lng": "139.372615"
        },
        {
            "index": "4",
            "id": "00129195",
            "name": "千代田(相模原市中央区)",
            "lat": "35.559753",
            "lng": "139.3799"
        },
        {
            "index": "5",
            "id": "00129143",
            "name": "栄公園前",
            "lat": "35.560703",
            "lng": "139.383352"
        },
        {
            "index": "6",
            "id": "00129280",
            "name": "弥栄(相模原市中央区)",
            "lat": "35.562281",
            "lng": "139.388293"
        },
        {
            "index": "7",
            "id": "00129248",
            "name": "淵野辺十字路",
            "lat": "35.564826",
            "lng": "139.393102"
        },
        {
            "index": "8",
            "id": "00129125",
            "name": "淵野辺駅入口",
            "lat": "35.56683",
            "lng": "139.395197"
        },
        {
            "index": "9",
            "id": "00129245",
            "name": "淵野辺駅南口",
            "lat": "35.568464",
            "lng": "139.394505"
        }
    ],
    "route_url": "https://www.kanachu.co.jp/dia/route/index/cid:0000802415/"
}
