{
    "date": "2025/04/19",
    "name": "淵野辺駅入口",
    "position": "-",
    "system": "淵53",
    "destinations": [
        "淵野辺十字路",
        "弥栄(相模原市中央区)",
        "栄公園前",
        "千代田(相模原市中央区)",
        "星が丘(相模原市中央区)",
        "横山坂上",
        "上溝",
        "上溝中央",
        "上溝高校入口",
        "鳩川住宅前",
        "石橋(相模原市中央区)",
        "田名工業団地入口",
        "四ツ谷(相模原市中央区)",
        "田名バスターミナル",
        "田名坂上",
        "ふれあい科学館前",
        "水郷田名"
    ],
    "weekday": [
        "20:39",
        "21:56",
        "22:41"
    ],
    "saturday": [
        "21:16",
        "22:16"
    ],
    "holiday": [
        "20:31",
        "21:16",
        "22:16"
    ],
    "url": "https://www.kanachu.co.jp/dia/diagram/timetable01_js/course:0000802393-2/node:00129125/kt:0/lname:/"
}
