{
    "date": "2025/04/19",
    "name": "上溝",
    "position": "-",
    "system": "淵53",
    "destinations": [
        "上溝中央",
        "上溝高校入口",
        "鳩川住宅前",
        "石橋(相模原市中央区)",
        "田名工業団地入口",
        "四ツ谷(相模原市中央区)",
        "田名バスターミナル",
        "田名坂上",
        "ふれあい科学館前",
        "水郷田名"
    ],
    "weekday": [
        "20:54",
        "22:11",
        "22:56"
    ],
    "saturday": [
        "21:31",
        "22:31"
    ],
    "holiday": [
        "20:46",
        "21:31",
        "22:31"
    ],
    "url": "https://www.kanachu.co.jp/dia/diagram/timetable01_js/course:0000802393-9/node:00129347/kt:0/lname:/"
}
