{
    "date": "2025/04/01",
    "name": "隧道口",
    "position": "-",
    "system": "二32",
    "destinations": [
        "上小竹",
        "遠藤(足柄上郡中井町)",
        "北田(足柄上郡中井町)",
        "滝ノ前(足柄上郡中井町)",
        "五所ノ宮",
        "中井郵便局前",
        "万年橋(足柄上郡中井町)",
        "中井役場前",
        "中井町役場入口"
    ],
    "weekday": [
        "7:28",
        "7:53",
        "8:07",
        "8:20",
        "8:35",
        "8:56"
    ],
    "saturday": [],
    "holiday": [],
    "url": "https://www.kanachu.co.jp/dia/diagram/timetable01_js/course:0000803769-18/node:00127970/kt:0/lname:/"
}
