{
    "date": "2025/04/01",
    "name": "上小竹",
    "position": "-",
    "system": "二32",
    "destinations": [
        "遠藤(足柄上郡中井町)",
        "北田(足柄上郡中井町)",
        "滝ノ前(足柄上郡中井町)",
        "五所ノ宮",
        "中井郵便局前",
        "万年橋(足柄上郡中井町)",
        "中井役場前",
        "中井町役場入口"
    ],
    "weekday": [
        "7:29",
        "7:54",
        "8:08",
        "8:21",
        "8:36",
        "8:57"
    ],
    "saturday": [],
    "holiday": [],
    "url": "https://www.kanachu.co.jp/dia/diagram/timetable01_js/course:0000803769-19/node:00127969/kt:0/lname:/"
}
