{
    "date": "2024/03/16",
    "name": "港南台駅",
    "position": "-",
    "system": "港87",
    "destinations": [
        "横浜女子短期大学前",
        "港南台西公園",
        "元大橋公園前",
        "若竹町(横浜市栄区)",
        "元大橋",
        "中野町",
        "本郷(横浜市栄区)",
        "本郷小学校前",
        "北桂台",
        "桂台中央",
        "桂山公園",
        "矢沢(横浜市栄区)",
        "犬山",
        "犬山南",
        "上之中央",
        "上之",
        "紅葉橋(横浜市栄区)",
        "本郷車庫前(横浜市栄区)",
        "山手学院入口",
        "稲荷森",
        "中野町",
        "元大橋",
        "若竹町(横浜市栄区)",
        "元大橋公園前",
        "港南台西公園",
        "横浜女子短期大学前",
        "港南台駅"
    ],
    "weekday": [
        "7:52",
        "8:16",
        "8:57",
        "10:17",
        "11:17",
        "12:17",
        "13:17"
    ],
    "saturday": [
        "8:59",
        "9:39",
        "10:45",
        "11:45",
        "12:45"
    ],
    "holiday": [
        "8:59",
        "9:39",
        "10:45",
        "11:45",
        "12:45"
    ],
    "url": "https://www.kanachu.co.jp/dia/diagram/timetable01_js/course:0000800498-1/node:00025554/kt:0/lname:/"
}
