{
    "date": "2024/03/16",
    "name": "元大橋",
    "position": "-",
    "system": "港87",
    "destinations": [
        "中野町",
        "本郷(横浜市栄区)",
        "本郷小学校前",
        "北桂台",
        "桂台中央",
        "桂山公園",
        "矢沢(横浜市栄区)",
        "犬山",
        "犬山南",
        "上之中央",
        "上之",
        "紅葉橋(横浜市栄区)",
        "本郷車庫前(横浜市栄区)",
        "山手学院入口",
        "稲荷森",
        "中野町",
        "元大橋",
        "若竹町(横浜市栄区)",
        "元大橋公園前",
        "港南台西公園",
        "横浜女子短期大学前",
        "港南台駅"
    ],
    "weekday": [
        "7:58",
        "8:22",
        "9:03",
        "10:23",
        "11:23",
        "12:23",
        "13:23"
    ],
    "saturday": [
        "9:05",
        "9:45",
        "10:51",
        "11:51",
        "12:51"
    ],
    "holiday": [
        "9:05",
        "9:45",
        "10:51",
        "11:51",
        "12:51"
    ],
    "url": "https://www.kanachu.co.jp/dia/diagram/timetable01_js/course:0000800498-6/node:00126546/kt:0/lname:/"
}
