{
    "date": "2024/03/16",
    "name": "本郷小学校前",
    "position": "-",
    "system": "港87",
    "destinations": [
        "北桂台",
        "桂台中央",
        "桂山公園",
        "矢沢(横浜市栄区)",
        "犬山",
        "犬山南",
        "上之中央",
        "上之",
        "紅葉橋(横浜市栄区)",
        "本郷車庫前(横浜市栄区)",
        "山手学院入口",
        "稲荷森",
        "中野町",
        "元大橋",
        "若竹町(横浜市栄区)",
        "元大橋公園前",
        "港南台西公園",
        "横浜女子短期大学前",
        "港南台駅"
    ],
    "weekday": [
        "8:04",
        "8:28",
        "9:06",
        "10:26",
        "11:26",
        "12:26",
        "13:26"
    ],
    "saturday": [
        "9:08",
        "9:48",
        "10:55",
        "11:55",
        "12:55"
    ],
    "holiday": [
        "9:08",
        "9:48",
        "10:55",
        "11:55",
        "12:55"
    ],
    "url": "https://www.kanachu.co.jp/dia/diagram/timetable01_js/course:0000800498-9/node:00126509/kt:0/lname:/"
}
