{
    "date": "2024/03/16",
    "name": "北桂台",
    "position": "-",
    "system": "港87",
    "destinations": [
        "桂台中央",
        "桂山公園",
        "矢沢(横浜市栄区)",
        "犬山",
        "犬山南",
        "上之中央",
        "上之",
        "紅葉橋(横浜市栄区)",
        "本郷車庫前(横浜市栄区)",
        "山手学院入口",
        "稲荷森",
        "中野町",
        "元大橋",
        "若竹町(横浜市栄区)",
        "元大橋公園前",
        "港南台西公園",
        "横浜女子短期大学前",
        "港南台駅"
    ],
    "weekday": [
        "8:06",
        "8:30",
        "9:08",
        "10:28",
        "11:28",
        "12:28",
        "13:28"
    ],
    "saturday": [
        "9:10",
        "9:50",
        "10:57",
        "11:57",
        "12:57"
    ],
    "holiday": [
        "9:10",
        "9:50",
        "10:57",
        "11:57",
        "12:57"
    ],
    "url": "https://www.kanachu.co.jp/dia/diagram/timetable01_js/course:0000800498-10/node:00126538/kt:0/lname:/"
}
