{
    "date": "2024/03/16",
    "name": "桂台中央",
    "position": "-",
    "system": "港87",
    "destinations": [
        "桂山公園",
        "矢沢(横浜市栄区)",
        "犬山",
        "犬山南",
        "上之中央",
        "上之",
        "紅葉橋(横浜市栄区)",
        "本郷車庫前(横浜市栄区)",
        "山手学院入口",
        "稲荷森",
        "中野町",
        "元大橋",
        "若竹町(横浜市栄区)",
        "元大橋公園前",
        "港南台西公園",
        "横浜女子短期大学前",
        "港南台駅"
    ],
    "weekday": [
        "8:08",
        "8:32",
        "9:10",
        "10:30",
        "11:30",
        "12:30",
        "13:30"
    ],
    "saturday": [
        "9:12",
        "9:52",
        "10:59",
        "11:59",
        "12:59"
    ],
    "holiday": [
        "9:12",
        "9:52",
        "10:59",
        "11:59",
        "12:59"
    ],
    "url": "https://www.kanachu.co.jp/dia/diagram/timetable01_js/course:0000800498-11/node:00126537/kt:0/lname:/"
}
