{
    "date": "2024/03/16",
    "name": "本郷車庫前(横浜市栄区)",
    "position": "-",
    "system": "港87",
    "destinations": [
        "山手学院入口",
        "稲荷森",
        "中野町",
        "元大橋",
        "若竹町(横浜市栄区)",
        "元大橋公園前",
        "港南台西公園",
        "横浜女子短期大学前",
        "港南台駅"
    ],
    "weekday": [
        "8:16",
        "8:40",
        "9:18",
        "10:38",
        "11:38",
        "12:38",
        "13:38"
    ],
    "saturday": [
        "9:20",
        "10:00",
        "11:08",
        "12:08",
        "13:08"
    ],
    "holiday": [
        "9:20",
        "10:00",
        "11:08",
        "12:08",
        "13:08"
    ],
    "url": "https://www.kanachu.co.jp/dia/diagram/timetable01_js/course:0000800498-19/node:00025683/kt:0/lname:/"
}
