{
    "date": "2024/03/16",
    "name": "原町田四丁目",
    "position": "-",
    "system": "町18",
    "destinations": [
        "町田ターミナル前",
        "町田バスセンター"
    ],
    "weekday": [
        "8:03",
        "8:43",
        "9:23",
        "9:58",
        "10:38",
        "11:13",
        "11:48",
        "12:23",
        "13:03",
        "13:38",
        "14:13",
        "14:48",
        "15:23",
        "16:03",
        "16:43"
    ],
    "saturday": [],
    "holiday": [],
    "url": "https://www.kanachu.co.jp/dia/diagram/timetable01_js/course:0000803493-11/node:00129465/kt:0/lname:/"
}
