{
    "date": "2022/05/16",
    "name": "西谷戸橋",
    "position": "-",
    "system": "秦70",
    "destinations": [
        "久所入口",
        "井ノ口小学校西",
        "境入口",
        "井ノ口駐在所前",
        "東名秦野",
        "南が丘東",
        "立野緑地入口",
        "日赤病院前(秦野市)",
        "小原台入口(秦野市)",
        "上尾尻橋",
        "秦野駅南口"
    ],
    "weekday": [
        "6:56",
        "7:54",
        "8:26",
        "9:01",
        "18:07",
        "19:07"
    ],
    "saturday": [],
    "holiday": [],
    "url": "https://www.kanachu.co.jp/dia/diagram/timetable01_js/course:0000802644-2/node:00127996/kt:0/lname:/"
}
