{
    "date": "2022/05/16",
    "name": "南が丘東",
    "position": "-",
    "system": "秦70",
    "destinations": [
        "立野緑地入口",
        "日赤病院前(秦野市)",
        "小原台入口(秦野市)",
        "上尾尻橋",
        "秦野駅南口"
    ],
    "weekday": [
        "7:05",
        "8:03",
        "8:35",
        "9:10",
        "18:16",
        "19:16"
    ],
    "saturday": [],
    "holiday": [],
    "url": "https://www.kanachu.co.jp/dia/diagram/timetable01_js/course:0000802644-8/node:00127774/kt:0/lname:/"
}
