{
    "date": "2022/05/16",
    "name": "立野緑地入口",
    "position": "-",
    "system": "秦70",
    "destinations": [
        "日赤病院前(秦野市)",
        "小原台入口(秦野市)",
        "上尾尻橋",
        "秦野駅南口"
    ],
    "weekday": [
        "7:06",
        "8:04",
        "8:36",
        "9:11",
        "18:17",
        "19:17"
    ],
    "saturday": [],
    "holiday": [],
    "url": "https://www.kanachu.co.jp/dia/diagram/timetable01_js/course:0000802644-9/node:00128049/kt:0/lname:/"
}
