{
    "date": "2023/01/16",
    "name": "座間中学校前",
    "position": "-",
    "system": "台12",
    "destinations": [
        "座間市役所入口",
        "緑ヶ丘二丁目(座間市)",
        "小池大橋",
        "座間総合高校前",
        "ひばりが丘五丁目",
        "ひばりが丘一丁目(座間市)",
        "十一条",
        "九条",
        "南林間駅前通り",
        "南林間駅"
    ],
    "weekday": [
        "7:17",
        "7:37",
        "8:47",
        "10:17",
        "11:32",
        "12:12",
        "13:22",
        "14:27",
        "15:42",
        "16:52",
        "18:02",
        "19:12",
        "20:22"
    ],
    "saturday": [
        "7:42",
        "8:42",
        "9:52",
        "11:02",
        "12:12",
        "13:22",
        "14:27",
        "15:42",
        "16:52",
        "18:02",
        "19:12",
        "20:22"
    ],
    "holiday": [
        "7:42",
        "8:42",
        "9:52",
        "11:02",
        "12:12",
        "13:22",
        "14:27",
        "15:42",
        "16:52",
        "18:02",
        "19:12",
        "20:22"
    ],
    "url": "https://www.kanachu.co.jp/dia/diagram/timetable01_js/course:0000800216-2/node:00128579/kt:0/lname:/"
}
