{
    "date": "2023/01/16",
    "name": "座間市役所入口",
    "position": "-",
    "system": "台12",
    "destinations": [
        "緑ヶ丘二丁目(座間市)",
        "小池大橋",
        "座間総合高校前",
        "ひばりが丘五丁目",
        "ひばりが丘一丁目(座間市)",
        "十一条",
        "九条",
        "南林間駅前通り",
        "南林間駅"
    ],
    "weekday": [
        "7:19",
        "7:39",
        "8:49",
        "10:19",
        "11:34",
        "12:14",
        "13:24",
        "14:29",
        "15:44",
        "16:54",
        "18:04",
        "19:14",
        "20:24"
    ],
    "saturday": [
        "7:43",
        "8:43",
        "9:54",
        "11:04",
        "12:14",
        "13:24",
        "14:29",
        "15:44",
        "16:54",
        "18:04",
        "19:14",
        "20:24"
    ],
    "holiday": [
        "7:43",
        "8:43",
        "9:54",
        "11:04",
        "12:14",
        "13:24",
        "14:29",
        "15:44",
        "16:54",
        "18:04",
        "19:14",
        "20:24"
    ],
    "url": "https://www.kanachu.co.jp/dia/diagram/timetable01_js/course:0000800216-3/node:00128578/kt:0/lname:/"
}
