{
    "date": "2023/01/16",
    "name": "緑ヶ丘二丁目(座間市)",
    "position": "-",
    "system": "台12",
    "destinations": [
        "小池大橋",
        "座間総合高校前",
        "ひばりが丘五丁目",
        "ひばりが丘一丁目(座間市)",
        "十一条",
        "九条",
        "南林間駅前通り",
        "南林間駅"
    ],
    "weekday": [
        "7:20",
        "7:40",
        "8:50",
        "10:20",
        "11:35",
        "12:15",
        "13:25",
        "14:30",
        "15:45",
        "16:55",
        "18:05",
        "19:15",
        "20:25"
    ],
    "saturday": [
        "7:44",
        "8:44",
        "9:55",
        "11:05",
        "12:15",
        "13:25",
        "14:30",
        "15:45",
        "16:55",
        "18:05",
        "19:15",
        "20:25"
    ],
    "holiday": [
        "7:44",
        "8:44",
        "9:55",
        "11:05",
        "12:15",
        "13:25",
        "14:30",
        "15:45",
        "16:55",
        "18:05",
        "19:15",
        "20:25"
    ],
    "url": "https://www.kanachu.co.jp/dia/diagram/timetable01_js/course:0000800216-4/node:00130002/kt:0/lname:/"
}
