{
    "date": "2023/01/16",
    "name": "ひばりが丘五丁目",
    "position": "-",
    "system": "台12",
    "destinations": [
        "ひばりが丘一丁目(座間市)",
        "十一条",
        "九条",
        "南林間駅前通り",
        "南林間駅"
    ],
    "weekday": [
        "7:25",
        "7:45",
        "8:55",
        "10:25",
        "11:40",
        "12:20",
        "13:30",
        "14:35",
        "15:50",
        "17:00",
        "18:10",
        "19:20",
        "20:30"
    ],
    "saturday": [
        "7:49",
        "8:49",
        "10:00",
        "11:10",
        "12:20",
        "13:30",
        "14:35",
        "15:50",
        "17:00",
        "18:10",
        "19:20",
        "20:30"
    ],
    "holiday": [
        "7:49",
        "8:49",
        "10:00",
        "11:10",
        "12:20",
        "13:30",
        "14:35",
        "15:50",
        "17:00",
        "18:10",
        "19:20",
        "20:30"
    ],
    "url": "https://www.kanachu.co.jp/dia/diagram/timetable01_js/course:0000800216-7/node:00129983/kt:0/lname:/"
}
