{
    "date": "2023/01/16",
    "name": "ひばりが丘一丁目(座間市)",
    "position": "-",
    "system": "台12",
    "destinations": [
        "十一条",
        "九条",
        "南林間駅前通り",
        "南林間駅"
    ],
    "weekday": [
        "7:27",
        "7:47",
        "8:57",
        "10:27",
        "11:42",
        "12:22",
        "13:32",
        "14:37",
        "15:52",
        "17:02",
        "18:12",
        "19:22",
        "20:32"
    ],
    "saturday": [
        "7:50",
        "8:50",
        "10:02",
        "11:12",
        "12:22",
        "13:32",
        "14:37",
        "15:52",
        "17:02",
        "18:12",
        "19:22",
        "20:32"
    ],
    "holiday": [
        "7:50",
        "8:50",
        "10:02",
        "11:12",
        "12:22",
        "13:32",
        "14:37",
        "15:52",
        "17:02",
        "18:12",
        "19:22",
        "20:32"
    ],
    "url": "https://www.kanachu.co.jp/dia/diagram/timetable01_js/course:0000800216-8/node:00129682/kt:0/lname:/"
}
