{
    "date": "2024/03/16",
    "name": "香福寺前",
    "position": "-",
    "system": "橋07",
    "destinations": [
        "上町(相模原市緑区)",
        "大西(相模原市緑区)",
        "相原台",
        "相原中央",
        "二本松(相模原市緑区)",
        "森の上",
        "東原宿",
        "原宿(相模原市緑区)",
        "城山総合事務所入口",
        "久保沢",
        "小倉橋(相模原市緑区)",
        "小倉(相模原市緑区)",
        "宮原(相模原市緑区)",
        "小倉原",
        "城山登山口(相模原市緑区)",
        "荒句",
        "無料庵",
        "根小屋中野",
        "下稲生",
        "稲生",
        "上稲生",
        "串川橋",
        "長竹(相模原市緑区)",
        "長竹クラブ前",
        "上長竹",
        "関(相模原市緑区)",
        "六間入口",
        "南沢(相模原市緑区)",
        "馬石橋",
        "渡戸(相模原市緑区)",
        "中開戸",
        "鳥屋郵便局前",
        "鳥屋学園前",
        "西門坂",
        "鳥屋(相模原市緑区)",
        "鳥居原ふれあいの館"
    ],
    "weekday": [
        "6:56",
        "7:56",
        "9:06",
        "10:06",
        "12:56",
        "14:06",
        "16:51",
        "17:53",
        "19:03",
        "20:01"
    ],
    "saturday": [
        "6:56",
        "7:56",
        "9:06",
        "10:06",
        "12:57",
        "13:57",
        "16:52",
        "17:52",
        "19:01",
        "20:01"
    ],
    "holiday": [
        "6:56",
        "7:56",
        "9:06",
        "10:06",
        "12:57",
        "13:57",
        "16:52",
        "17:52",
        "19:01",
        "20:01"
    ],
    "url": "https://www.kanachu.co.jp/dia/diagram/timetable01_js/course:0000800750-4/node:00020335/kt:0/lname:/"
}
