{
    "date": "2024/03/16",
    "name": "小倉(相模原市緑区)",
    "position": "-",
    "system": "橋07",
    "destinations": [
        "宮原(相模原市緑区)",
        "小倉原",
        "城山登山口(相模原市緑区)",
        "荒句",
        "無料庵",
        "根小屋中野",
        "下稲生",
        "稲生",
        "上稲生",
        "串川橋",
        "長竹(相模原市緑区)",
        "長竹クラブ前",
        "上長竹",
        "関(相模原市緑区)",
        "六間入口",
        "南沢(相模原市緑区)",
        "馬石橋",
        "渡戸(相模原市緑区)",
        "中開戸",
        "鳥屋郵便局前",
        "鳥屋学園前",
        "西門坂",
        "鳥屋(相模原市緑区)",
        "鳥居原ふれあいの館"
    ],
    "weekday": [
        "7:12",
        "8:12",
        "9:22",
        "10:22",
        "13:12",
        "14:22",
        "17:07",
        "18:10",
        "19:20",
        "20:16"
    ],
    "saturday": [
        "7:12",
        "8:12",
        "9:22",
        "10:22",
        "13:14",
        "14:14",
        "17:09",
        "18:09",
        "19:17",
        "20:17"
    ],
    "holiday": [
        "7:12",
        "8:12",
        "9:22",
        "10:22",
        "13:14",
        "14:14",
        "17:09",
        "18:09",
        "19:17",
        "20:17"
    ],
    "url": "https://www.kanachu.co.jp/dia/diagram/timetable01_js/course:0000800750-16/node:00128850/kt:0/lname:/"
}
