{
    "date": "2024/03/16",
    "name": "稲生",
    "position": "-",
    "system": "橋07",
    "destinations": [
        "上稲生",
        "串川橋",
        "長竹(相模原市緑区)",
        "長竹クラブ前",
        "上長竹",
        "関(相模原市緑区)",
        "六間入口",
        "南沢(相模原市緑区)",
        "馬石橋",
        "渡戸(相模原市緑区)",
        "中開戸",
        "鳥屋郵便局前",
        "鳥屋学園前",
        "西門坂",
        "鳥屋(相模原市緑区)",
        "鳥居原ふれあいの館"
    ],
    "weekday": [
        "7:21",
        "8:21",
        "9:31",
        "10:31",
        "13:21",
        "14:31",
        "17:16",
        "18:19",
        "19:29",
        "20:25"
    ],
    "saturday": [
        "7:21",
        "8:21",
        "9:31",
        "10:31",
        "13:23",
        "14:23",
        "17:18",
        "18:18",
        "19:26",
        "20:26"
    ],
    "holiday": [
        "7:21",
        "8:21",
        "9:31",
        "10:31",
        "13:23",
        "14:23",
        "17:18",
        "18:18",
        "19:26",
        "20:26"
    ],
    "url": "https://www.kanachu.co.jp/dia/diagram/timetable01_js/course:0000800750-24/node:00128842/kt:0/lname:/"
}
