{
    "date": "2024/03/16",
    "name": "串川橋",
    "position": "-",
    "system": "橋07",
    "destinations": [
        "長竹(相模原市緑区)",
        "長竹クラブ前",
        "上長竹",
        "関(相模原市緑区)",
        "六間入口",
        "南沢(相模原市緑区)",
        "馬石橋",
        "渡戸(相模原市緑区)",
        "中開戸",
        "鳥屋郵便局前",
        "鳥屋学園前",
        "西門坂",
        "鳥屋(相模原市緑区)",
        "鳥居原ふれあいの館"
    ],
    "weekday": [
        "7:23",
        "8:23",
        "9:33",
        "10:33",
        "13:23",
        "14:33",
        "17:18",
        "18:21",
        "19:31",
        "20:27"
    ],
    "saturday": [
        "7:23",
        "8:23",
        "9:33",
        "10:33",
        "13:25",
        "14:25",
        "17:20",
        "18:20",
        "19:28",
        "20:28"
    ],
    "holiday": [
        "7:23",
        "8:23",
        "9:33",
        "10:33",
        "13:25",
        "14:25",
        "17:20",
        "18:20",
        "19:28",
        "20:28"
    ],
    "url": "https://www.kanachu.co.jp/dia/diagram/timetable01_js/course:0000800750-26/node:00128840/kt:0/lname:/"
}
