{
    "date": "2024/03/16",
    "name": "長竹(相模原市緑区)",
    "position": "-",
    "system": "橋07",
    "destinations": [
        "長竹クラブ前",
        "上長竹",
        "関(相模原市緑区)",
        "六間入口",
        "南沢(相模原市緑区)",
        "馬石橋",
        "渡戸(相模原市緑区)",
        "中開戸",
        "鳥屋郵便局前",
        "鳥屋学園前",
        "西門坂",
        "鳥屋(相模原市緑区)",
        "鳥居原ふれあいの館"
    ],
    "weekday": [
        "7:25",
        "8:25",
        "9:35",
        "10:35",
        "13:25",
        "14:35",
        "17:20",
        "18:23",
        "19:32",
        "20:28"
    ],
    "saturday": [
        "7:25",
        "8:25",
        "9:35",
        "10:35",
        "13:27",
        "14:27",
        "17:22",
        "18:22",
        "19:30",
        "20:29"
    ],
    "holiday": [
        "7:25",
        "8:25",
        "9:35",
        "10:35",
        "13:27",
        "14:27",
        "17:22",
        "18:22",
        "19:30",
        "20:29"
    ],
    "url": "https://www.kanachu.co.jp/dia/diagram/timetable01_js/course:0000800750-27/node:00128839/kt:0/lname:/"
}
