{
    "date": "2024/03/16",
    "name": "長竹クラブ前",
    "position": "-",
    "system": "橋07",
    "destinations": [
        "上長竹",
        "関(相模原市緑区)",
        "六間入口",
        "南沢(相模原市緑区)",
        "馬石橋",
        "渡戸(相模原市緑区)",
        "中開戸",
        "鳥屋郵便局前",
        "鳥屋学園前",
        "西門坂",
        "鳥屋(相模原市緑区)",
        "鳥居原ふれあいの館"
    ],
    "weekday": [
        "7:27",
        "8:27",
        "9:37",
        "10:37",
        "13:27",
        "14:37",
        "17:22",
        "18:25",
        "19:32",
        "20:28"
    ],
    "saturday": [
        "7:27",
        "8:27",
        "9:37",
        "10:37",
        "13:29",
        "14:29",
        "17:24",
        "18:24",
        "19:32",
        "20:29"
    ],
    "holiday": [
        "7:27",
        "8:27",
        "9:37",
        "10:37",
        "13:29",
        "14:29",
        "17:24",
        "18:24",
        "19:32",
        "20:29"
    ],
    "url": "https://www.kanachu.co.jp/dia/diagram/timetable01_js/course:0000800750-28/node:00128838/kt:0/lname:/"
}
