{
    "date": "2024/03/16",
    "name": "関(相模原市緑区)",
    "position": "-",
    "system": "橋07",
    "destinations": [
        "六間入口",
        "南沢(相模原市緑区)",
        "馬石橋",
        "渡戸(相模原市緑区)",
        "中開戸",
        "鳥屋郵便局前",
        "鳥屋学園前",
        "西門坂",
        "鳥屋(相模原市緑区)",
        "鳥居原ふれあいの館"
    ],
    "weekday": [
        "7:31",
        "8:31",
        "9:40",
        "10:40",
        "13:30",
        "14:40",
        "17:25",
        "18:28",
        "19:34",
        "20:30"
    ],
    "saturday": [
        "7:31",
        "8:31",
        "9:40",
        "10:40",
        "13:32",
        "14:32",
        "17:27",
        "18:27",
        "19:34",
        "20:31"
    ],
    "holiday": [
        "7:31",
        "8:31",
        "9:40",
        "10:40",
        "13:32",
        "14:32",
        "17:27",
        "18:27",
        "19:34",
        "20:31"
    ],
    "url": "https://www.kanachu.co.jp/dia/diagram/timetable01_js/course:0000800750-30/node:00128827/kt:0/lname:/"
}
