{
    "date": "2024/03/16",
    "name": "渡戸(相模原市緑区)",
    "position": "-",
    "system": "橋07",
    "destinations": [
        "中開戸",
        "鳥屋郵便局前",
        "鳥屋学園前",
        "西門坂",
        "鳥屋(相模原市緑区)",
        "鳥居原ふれあいの館"
    ],
    "weekday": [
        "7:35",
        "8:35",
        "9:44",
        "10:44",
        "13:34",
        "14:44",
        "17:29",
        "18:32",
        "19:38",
        "20:34"
    ],
    "saturday": [
        "7:35",
        "8:35",
        "9:44",
        "10:44",
        "13:36",
        "14:36",
        "17:31",
        "18:31",
        "19:38",
        "20:35"
    ],
    "holiday": [
        "7:35",
        "8:35",
        "9:44",
        "10:44",
        "13:36",
        "14:36",
        "17:31",
        "18:31",
        "19:38",
        "20:35"
    ],
    "url": "https://www.kanachu.co.jp/dia/diagram/timetable01_js/course:0000800750-34/node:00128831/kt:0/lname:/"
}
