{
    "date": "2024/03/16",
    "name": "鳥屋学園前",
    "position": "-",
    "system": "橋07",
    "destinations": [
        "西門坂",
        "鳥屋(相模原市緑区)",
        "鳥居原ふれあいの館"
    ],
    "weekday": [
        "7:38",
        "8:37",
        "9:46",
        "10:46",
        "13:36",
        "14:46",
        "17:32",
        "18:35",
        "19:41",
        "20:37"
    ],
    "saturday": [
        "7:38",
        "8:40",
        "9:47",
        "10:47",
        "13:39",
        "14:39",
        "17:34",
        "18:36",
        "19:41",
        "20:38"
    ],
    "holiday": [
        "7:38",
        "8:40",
        "9:47",
        "10:47",
        "13:39",
        "14:39",
        "17:34",
        "18:36",
        "19:41",
        "20:38"
    ],
    "url": "https://www.kanachu.co.jp/dia/diagram/timetable01_js/course:0000800750-37/node:00128834/kt:0/lname:/"
}
