{
    "date": "2024/03/16",
    "name": "西門坂",
    "position": "-",
    "system": "橋07",
    "destinations": [
        "鳥屋(相模原市緑区)",
        "鳥居原ふれあいの館"
    ],
    "weekday": [
        "7:39",
        "8:38",
        "9:47",
        "10:47",
        "13:37",
        "14:47",
        "17:33",
        "18:36",
        "19:42",
        "20:38"
    ],
    "saturday": [
        "7:39",
        "8:41",
        "9:48",
        "10:48",
        "13:40",
        "14:40",
        "17:35",
        "18:37",
        "19:41",
        "20:38"
    ],
    "holiday": [
        "7:39",
        "8:41",
        "9:48",
        "10:48",
        "13:40",
        "14:40",
        "17:35",
        "18:37",
        "19:41",
        "20:38"
    ],
    "url": "https://www.kanachu.co.jp/dia/diagram/timetable01_js/course:0000800750-38/node:00128835/kt:0/lname:/"
}
