{
    "date": "2025/01/14",
    "name": "まつかげ台",
    "position": "-",
    "system": "厚12",
    "destinations": [
        "みはる野二丁目",
        "みはる野中央",
        "みはる野一丁目",
        "みはる野",
        "東谷戸入口",
        "荻野神社入口",
        "鳶尾四丁目",
        "鳶尾団地",
        "鳶尾四丁目",
        "鳶尾山前",
        "稲荷木",
        "公所(厚木市)",
        "桝割",
        "子合",
        "荻野新宿",
        "宿原入口",
        "糀屋前(厚木市)",
        "松蓮寺",
        "妻田薬師",
        "中村入口(厚木市)",
        "妻田",
        "三家入口(厚木市)",
        "木売場",
        "市立病院前(厚木市)",
        "税務署入口(厚木市)",
        "市役所入口(厚木市)",
        "本厚木駅",
        "厚木バスセンター"
    ],
    "weekday": [
        "5:28",
        "5:43",
        "6:03",
        "6:13",
        "6:33",
        "6:53",
        "7:03",
        "7:23",
        "7:43",
        "8:03",
        "8:33",
        "8:58",
        "9:18",
        "9:38",
        "10:03",
        "10:38",
        "10:53",
        "11:23",
        "11:53",
        "12:23",
        "12:53",
        "13:23",
        "13:53",
        "14:23",
        "14:53",
        "15:23",
        "15:53",
        "16:23",
        "16:43",
        "16:58",
        "17:18",
        "17:38",
        "17:58",
        "18:18",
        "18:48",
        "19:13",
        "20:10"
    ],
    "saturday": [
        "6:11",
        "6:36",
        "7:05",
        "7:20",
        "7:40",
        "8:05",
        "8:20",
        "8:40",
        "9:05",
        "9:20",
        "9:40",
        "10:00",
        "10:20",
        "10:40",
        "10:50",
        "11:20",
        "11:50",
        "12:20",
        "12:50",
        "13:20",
        "13:50",
        "14:20",
        "14:50",
        "15:50",
        "16:50",
        "17:50",
        "18:56",
        "20:13"
    ],
    "holiday": [
        "6:11",
        "6:41",
        "7:05",
        "7:40",
        "8:00",
        "8:20",
        "8:40",
        "9:00",
        "9:20",
        "9:40",
        "9:50",
        "10:20",
        "10:50",
        "11:20",
        "11:50",
        "12:20",
        "12:50",
        "13:20",
        "13:50",
        "14:20",
        "14:50",
        "15:50",
        "16:50",
        "17:50",
        "18:55",
        "20:04"
    ],
    "url": "https://www.kanachu.co.jp/dia/diagram/timetable01_js/course:0000802834-1/node:00128302/kt:0/lname:/"
}
