{
    "date": "2025/01/14",
    "name": "みはる野一丁目",
    "position": "-",
    "system": "厚12",
    "destinations": [
        "みはる野",
        "東谷戸入口",
        "荻野神社入口",
        "鳶尾四丁目",
        "鳶尾団地",
        "鳶尾四丁目",
        "鳶尾山前",
        "稲荷木",
        "公所(厚木市)",
        "桝割",
        "子合",
        "荻野新宿",
        "宿原入口",
        "糀屋前(厚木市)",
        "松蓮寺",
        "妻田薬師",
        "中村入口(厚木市)",
        "妻田",
        "三家入口(厚木市)",
        "木売場",
        "市立病院前(厚木市)",
        "税務署入口(厚木市)",
        "市役所入口(厚木市)",
        "本厚木駅",
        "厚木バスセンター"
    ],
    "weekday": [
        "5:30",
        "5:45",
        "6:05",
        "6:15",
        "6:35",
        "6:55",
        "7:05",
        "7:25",
        "7:45",
        "8:05",
        "8:35",
        "9:00",
        "9:20",
        "9:40",
        "10:05",
        "10:40",
        "10:55",
        "11:25",
        "11:55",
        "12:25",
        "12:55",
        "13:25",
        "13:55",
        "14:25",
        "14:55",
        "15:25",
        "15:55",
        "16:25",
        "16:45",
        "17:00",
        "17:20",
        "17:40",
        "18:00",
        "18:20",
        "18:50",
        "19:15",
        "20:12"
    ],
    "saturday": [
        "6:13",
        "6:38",
        "7:07",
        "7:22",
        "7:42",
        "8:07",
        "8:22",
        "8:42",
        "9:07",
        "9:22",
        "9:42",
        "10:02",
        "10:22",
        "10:42",
        "10:52",
        "11:22",
        "11:52",
        "12:22",
        "12:52",
        "13:22",
        "13:52",
        "14:22",
        "14:52",
        "15:52",
        "16:52",
        "17:52",
        "18:58",
        "20:15"
    ],
    "holiday": [
        "6:13",
        "6:43",
        "7:07",
        "7:42",
        "8:02",
        "8:22",
        "8:42",
        "9:02",
        "9:22",
        "9:42",
        "9:52",
        "10:22",
        "10:52",
        "11:22",
        "11:52",
        "12:22",
        "12:52",
        "13:22",
        "13:52",
        "14:22",
        "14:52",
        "15:52",
        "16:52",
        "17:52",
        "18:57",
        "20:06"
    ],
    "url": "https://www.kanachu.co.jp/dia/diagram/timetable01_js/course:0000802834-4/node:00128692/kt:0/lname:/"
}
