{
    "date": "2025/01/14",
    "name": "みはる野",
    "position": "-",
    "system": "厚12",
    "destinations": [
        "東谷戸入口",
        "荻野神社入口",
        "鳶尾四丁目",
        "鳶尾団地",
        "鳶尾四丁目",
        "鳶尾山前",
        "稲荷木",
        "公所(厚木市)",
        "桝割",
        "子合",
        "荻野新宿",
        "宿原入口",
        "糀屋前(厚木市)",
        "松蓮寺",
        "妻田薬師",
        "中村入口(厚木市)",
        "妻田",
        "三家入口(厚木市)",
        "木売場",
        "市立病院前(厚木市)",
        "税務署入口(厚木市)",
        "市役所入口(厚木市)",
        "本厚木駅",
        "厚木バスセンター"
    ],
    "weekday": [
        "5:31",
        "5:46",
        "6:06",
        "6:16",
        "6:36",
        "6:56",
        "7:06",
        "7:26",
        "7:46",
        "8:06",
        "8:36",
        "9:01",
        "9:21",
        "9:41",
        "10:06",
        "10:41",
        "10:56",
        "11:26",
        "11:56",
        "12:26",
        "12:56",
        "13:26",
        "13:56",
        "14:26",
        "14:56",
        "15:26",
        "15:56",
        "16:26",
        "16:46",
        "17:01",
        "17:21",
        "17:41",
        "18:01",
        "18:21",
        "18:51",
        "19:16",
        "20:13"
    ],
    "saturday": [
        "6:14",
        "6:39",
        "7:08",
        "7:23",
        "7:43",
        "8:08",
        "8:23",
        "8:43",
        "9:08",
        "9:23",
        "9:43",
        "10:03",
        "10:23",
        "10:43",
        "10:53",
        "11:23",
        "11:53",
        "12:23",
        "12:53",
        "13:23",
        "13:53",
        "14:23",
        "14:53",
        "15:53",
        "16:53",
        "17:53",
        "18:59",
        "20:16"
    ],
    "holiday": [
        "6:14",
        "6:44",
        "7:08",
        "7:43",
        "8:03",
        "8:23",
        "8:43",
        "9:03",
        "9:23",
        "9:43",
        "9:53",
        "10:23",
        "10:53",
        "11:23",
        "11:53",
        "12:23",
        "12:53",
        "13:23",
        "13:53",
        "14:23",
        "14:53",
        "15:53",
        "16:53",
        "17:53",
        "18:58",
        "20:07"
    ],
    "url": "https://www.kanachu.co.jp/dia/diagram/timetable01_js/course:0000802834-5/node:00128691/kt:0/lname:/"
}
