{
    "date": "2025/01/14",
    "name": "東谷戸入口",
    "position": "-",
    "system": "厚12",
    "destinations": [
        "荻野神社入口",
        "鳶尾四丁目",
        "鳶尾団地",
        "鳶尾四丁目",
        "鳶尾山前",
        "稲荷木",
        "公所(厚木市)",
        "桝割",
        "子合",
        "荻野新宿",
        "宿原入口",
        "糀屋前(厚木市)",
        "松蓮寺",
        "妻田薬師",
        "中村入口(厚木市)",
        "妻田",
        "三家入口(厚木市)",
        "木売場",
        "市立病院前(厚木市)",
        "税務署入口(厚木市)",
        "市役所入口(厚木市)",
        "本厚木駅",
        "厚木バスセンター"
    ],
    "weekday": [
        "5:32",
        "5:47",
        "6:07",
        "6:17",
        "6:37",
        "6:57",
        "7:07",
        "7:27",
        "7:47",
        "8:07",
        "8:37",
        "9:02",
        "9:22",
        "9:42",
        "10:07",
        "10:42",
        "10:57",
        "11:27",
        "11:57",
        "12:27",
        "12:57",
        "13:27",
        "13:57",
        "14:27",
        "14:57",
        "15:27",
        "15:57",
        "16:27",
        "16:47",
        "17:02",
        "17:22",
        "17:42",
        "18:02",
        "18:22",
        "18:52",
        "19:17",
        "20:14"
    ],
    "saturday": [
        "6:15",
        "6:40",
        "7:09",
        "7:24",
        "7:44",
        "8:09",
        "8:24",
        "8:44",
        "9:09",
        "9:24",
        "9:44",
        "10:04",
        "10:24",
        "10:44",
        "10:54",
        "11:24",
        "11:54",
        "12:24",
        "12:54",
        "13:24",
        "13:54",
        "14:24",
        "14:54",
        "15:54",
        "16:54",
        "17:54",
        "19:00",
        "20:17"
    ],
    "holiday": [
        "6:15",
        "6:45",
        "7:09",
        "7:44",
        "8:04",
        "8:24",
        "8:44",
        "9:04",
        "9:24",
        "9:44",
        "9:54",
        "10:24",
        "10:54",
        "11:24",
        "11:54",
        "12:24",
        "12:54",
        "13:24",
        "13:54",
        "14:24",
        "14:54",
        "15:54",
        "16:54",
        "17:54",
        "18:59",
        "20:08"
    ],
    "url": "https://www.kanachu.co.jp/dia/diagram/timetable01_js/course:0000802834-6/node:00128275/kt:0/lname:/"
}
