{
    "date": "2025/01/14",
    "name": "鳶尾山前",
    "position": "-",
    "system": "厚12",
    "destinations": [
        "稲荷木",
        "公所(厚木市)",
        "桝割",
        "子合",
        "荻野新宿",
        "宿原入口",
        "糀屋前(厚木市)",
        "松蓮寺",
        "妻田薬師",
        "中村入口(厚木市)",
        "妻田",
        "三家入口(厚木市)",
        "木売場",
        "市立病院前(厚木市)",
        "税務署入口(厚木市)",
        "市役所入口(厚木市)",
        "本厚木駅",
        "厚木バスセンター"
    ],
    "weekday": [
        "5:39",
        "5:54",
        "6:14",
        "6:24",
        "6:44",
        "7:04",
        "7:14",
        "7:34",
        "7:54",
        "8:14",
        "8:44",
        "9:09",
        "9:29",
        "9:49",
        "10:14",
        "10:49",
        "11:04",
        "11:34",
        "12:04",
        "12:34",
        "13:04",
        "13:34",
        "14:04",
        "14:34",
        "15:04",
        "15:34",
        "16:04",
        "16:34",
        "16:54",
        "17:09",
        "17:29",
        "17:49",
        "18:09",
        "18:29",
        "18:59",
        "19:24",
        "20:21"
    ],
    "saturday": [
        "6:22",
        "6:47",
        "7:16",
        "7:31",
        "7:51",
        "8:16",
        "8:31",
        "8:51",
        "9:16",
        "9:31",
        "9:51",
        "10:11",
        "10:31",
        "10:51",
        "11:01",
        "11:31",
        "12:01",
        "12:31",
        "13:01",
        "13:31",
        "14:01",
        "14:31",
        "15:01",
        "16:01",
        "17:01",
        "18:01",
        "19:07",
        "20:24"
    ],
    "holiday": [
        "6:22",
        "6:52",
        "7:16",
        "7:51",
        "8:11",
        "8:31",
        "8:51",
        "9:11",
        "9:31",
        "9:51",
        "10:01",
        "10:31",
        "11:01",
        "11:31",
        "12:01",
        "12:31",
        "13:01",
        "13:31",
        "14:01",
        "14:31",
        "15:01",
        "16:01",
        "17:01",
        "18:01",
        "19:06",
        "20:15"
    ],
    "url": "https://www.kanachu.co.jp/dia/diagram/timetable01_js/course:0000802834-11/node:00128273/kt:0/lname:/"
}
