{
    "date": "2025/01/14",
    "name": "荻野新宿",
    "position": "-",
    "system": "厚12",
    "destinations": [
        "宿原入口",
        "糀屋前(厚木市)",
        "松蓮寺",
        "妻田薬師",
        "中村入口(厚木市)",
        "妻田",
        "三家入口(厚木市)",
        "木売場",
        "市立病院前(厚木市)",
        "税務署入口(厚木市)",
        "市役所入口(厚木市)",
        "本厚木駅",
        "厚木バスセンター"
    ],
    "weekday": [
        "5:44",
        "5:59",
        "6:19",
        "6:29",
        "6:49",
        "7:09",
        "7:19",
        "7:39",
        "7:59",
        "8:19",
        "8:49",
        "9:14",
        "9:34",
        "9:54",
        "10:19",
        "10:54",
        "11:09",
        "11:39",
        "12:09",
        "12:39",
        "13:09",
        "13:39",
        "14:09",
        "14:39",
        "15:09",
        "15:39",
        "16:09",
        "16:39",
        "16:59",
        "17:14",
        "17:34",
        "17:54",
        "18:14",
        "18:34",
        "19:04",
        "19:29",
        "20:26"
    ],
    "saturday": [
        "6:27",
        "6:52",
        "7:21",
        "7:36",
        "7:56",
        "8:21",
        "8:36",
        "8:56",
        "9:21",
        "9:36",
        "9:56",
        "10:16",
        "10:36",
        "10:56",
        "11:06",
        "11:36",
        "12:06",
        "12:36",
        "13:06",
        "13:36",
        "14:06",
        "14:36",
        "15:06",
        "16:06",
        "17:06",
        "18:06",
        "19:12",
        "20:29"
    ],
    "holiday": [
        "6:27",
        "6:57",
        "7:21",
        "7:56",
        "8:16",
        "8:36",
        "8:56",
        "9:16",
        "9:36",
        "9:56",
        "10:06",
        "10:36",
        "11:06",
        "11:36",
        "12:06",
        "12:36",
        "13:06",
        "13:36",
        "14:06",
        "14:36",
        "15:06",
        "16:06",
        "17:06",
        "18:06",
        "19:11",
        "20:20"
    ],
    "url": "https://www.kanachu.co.jp/dia/diagram/timetable01_js/course:0000802834-16/node:00128268/kt:0/lname:/"
}
