{
    "date": "2025/01/14",
    "name": "糀屋前(厚木市)",
    "position": "-",
    "system": "厚12",
    "destinations": [
        "松蓮寺",
        "妻田薬師",
        "中村入口(厚木市)",
        "妻田",
        "三家入口(厚木市)",
        "木売場",
        "市立病院前(厚木市)",
        "税務署入口(厚木市)",
        "市役所入口(厚木市)",
        "本厚木駅",
        "厚木バスセンター"
    ],
    "weekday": [
        "5:47",
        "6:02",
        "6:22",
        "6:32",
        "6:52",
        "7:12",
        "7:22",
        "7:42",
        "8:02",
        "8:22",
        "8:52",
        "9:17",
        "9:37",
        "9:57",
        "10:22",
        "10:57",
        "11:12",
        "11:42",
        "12:12",
        "12:42",
        "13:12",
        "13:42",
        "14:12",
        "14:42",
        "15:12",
        "15:42",
        "16:12",
        "16:42",
        "17:02",
        "17:17",
        "17:37",
        "17:57",
        "18:17",
        "18:37",
        "19:06",
        "19:31",
        "20:28"
    ],
    "saturday": [
        "6:30",
        "6:55",
        "7:24",
        "7:39",
        "7:59",
        "8:24",
        "8:39",
        "8:59",
        "9:24",
        "9:39",
        "9:59",
        "10:19",
        "10:39",
        "10:59",
        "11:09",
        "11:39",
        "12:09",
        "12:39",
        "13:09",
        "13:39",
        "14:09",
        "14:39",
        "15:09",
        "16:09",
        "17:09",
        "18:09",
        "19:14",
        "20:31"
    ],
    "holiday": [
        "6:30",
        "7:00",
        "7:24",
        "7:59",
        "8:19",
        "8:39",
        "8:59",
        "9:19",
        "9:39",
        "9:59",
        "10:09",
        "10:39",
        "11:09",
        "11:39",
        "12:09",
        "12:39",
        "13:09",
        "13:39",
        "14:09",
        "14:39",
        "15:09",
        "16:09",
        "17:09",
        "18:09",
        "19:14",
        "20:23"
    ],
    "url": "https://www.kanachu.co.jp/dia/diagram/timetable01_js/course:0000802834-18/node:00128266/kt:0/lname:/"
}
