{
    "date": "2025/01/14",
    "name": "木売場",
    "position": "-",
    "system": "厚12",
    "destinations": [
        "市立病院前(厚木市)",
        "税務署入口(厚木市)",
        "市役所入口(厚木市)",
        "本厚木駅",
        "厚木バスセンター"
    ],
    "weekday": [
        "5:57",
        "6:12",
        "6:32",
        "6:42",
        "7:02",
        "7:22",
        "7:32",
        "7:53",
        "8:13",
        "8:33",
        "9:03",
        "9:27",
        "9:47",
        "10:07",
        "10:32",
        "11:07",
        "11:22",
        "11:52",
        "12:22",
        "12:52",
        "13:22",
        "13:52",
        "14:22",
        "14:52",
        "15:22",
        "15:52",
        "16:22",
        "16:52",
        "17:12",
        "17:27",
        "17:47",
        "18:07",
        "18:27",
        "18:47",
        "19:14",
        "19:39",
        "20:36"
    ],
    "saturday": [
        "6:36",
        "7:01",
        "7:30",
        "7:47",
        "8:07",
        "8:32",
        "8:47",
        "9:09",
        "9:34",
        "9:49",
        "10:09",
        "10:29",
        "10:49",
        "11:09",
        "11:19",
        "11:49",
        "12:19",
        "12:49",
        "13:19",
        "13:49",
        "14:19",
        "14:49",
        "15:20",
        "16:20",
        "17:20",
        "18:20",
        "19:22",
        "20:39"
    ],
    "holiday": [
        "6:36",
        "7:06",
        "7:30",
        "8:06",
        "8:26",
        "8:46",
        "9:06",
        "9:26",
        "9:46",
        "10:07",
        "10:18",
        "10:48",
        "11:18",
        "11:48",
        "12:18",
        "12:48",
        "13:18",
        "13:48",
        "14:18",
        "14:48",
        "15:20",
        "16:20",
        "17:20",
        "18:20",
        "19:22",
        "20:31"
    ],
    "url": "https://www.kanachu.co.jp/dia/diagram/timetable01_js/course:0000802834-24/node:00128260/kt:0/lname:/"
}
