{
    "date": "2025/10/01",
    "name": "浄水場前(町田市)",
    "position": "",
    "system": "町26",
    "destinations": [
        "滝の沢(町田市)",
        "木曽住宅",
        "三家(町田市)",
        "木曽(町田市)",
        "忠生公園入口",
        "上宿(町田市)",
        "下根岸(町田市)",
        "根岸(根岸町/町田市)",
        "馬駈",
        "図師大橋",
        "図師",
        "並木(町田市)",
        "神学校(町田市)",
        "野津田車庫"
    ],
    "weekday": [
        "7:06",
        "7:40",
        "8:09",
        "8:22",
        "8:32",
        "8:52",
        "9:05",
        "9:10",
        "9:17",
        "9:22",
        "9:27",
        "9:37",
        "9:47",
        "9:57",
        "10:02",
        "10:12",
        "10:23",
        "10:35",
        "10:47",
        "10:59",
        "11:11",
        "11:23",
        "11:35",
        "11:47",
        "11:59",
        "12:11",
        "12:26",
        "12:41",
        "12:56",
        "13:11",
        "13:26",
        "13:41",
        "13:56",
        "14:11",
        "14:26",
        "14:41",
        "14:56",
        "15:11",
        "15:23",
        "15:35",
        "15:47",
        "15:59",
        "16:15",
        "16:27",
        "16:37",
        "16:47",
        "16:57",
        "17:15",
        "17:28",
        "17:45",
        "18:00",
        "18:13",
        "18:23",
        "18:33",
        "18:43",
        "18:53",
        "19:02",
        "19:12",
        "19:20",
        "19:35",
        "19:44",
        "20:00",
        "20:12",
        "20:22",
        "20:32",
        "20:44",
        "20:57",
        "21:11",
        "21:36",
        "21:56",
        "22:16",
        "22:36",
        "22:56",
        "23:19",
        "23:55",
        "24:35"
    ],
    "saturday": [
        "6:56",
        "7:26",
        "7:42",
        "8:06",
        "8:30",
        "8:42",
        "8:54",
        "9:01",
        "9:07",
        "9:20",
        "9:31",
        "9:37",
        "9:43",
        "9:55",
        "10:07",
        "10:21",
        "10:31",
        "10:43",
        "10:55",
        "11:07",
        "11:22",
        "11:33",
        "11:52",
        "12:07",
        "12:19",
        "12:31",
        "12:43",
        "12:55",
        "13:07",
        "13:17",
        "13:27",
        "13:37",
        "13:47",
        "13:57",
        "14:08",
        "14:23",
        "14:38",
        "14:53",
        "15:08",
        "15:21",
        "15:48",
        "16:08",
        "16:38",
        "16:53",
        "17:08",
        "17:24",
        "17:53",
        "18:08",
        "18:23",
        "18:53",
        "19:13",
        "19:37",
        "20:07",
        "21:01",
        "21:36",
        "22:11",
        "22:26",
        "22:56",
        "23:17"
    ],
    "holiday": [
        "7:11",
        "7:31",
        "7:51",
        "8:26",
        "8:56",
        "9:15",
        "9:43",
        "9:55",
        "10:07",
        "10:19",
        "10:31",
        "10:43",
        "10:57",
        "11:08",
        "11:18",
        "11:34",
        "11:53",
        "12:08",
        "12:23",
        "12:38",
        "12:58",
        "13:08",
        "13:21",
        "13:38",
        "13:53",
        "14:08",
        "14:23",
        "14:48",
        "15:08",
        "15:21",
        "15:38",
        "15:53",
        "16:08",
        "16:38",
        "16:53",
        "17:23",
        "17:53",
        "18:08",
        "18:23",
        "18:38",
        "18:55",
        "19:11",
        "19:24",
        "19:46",
        "20:06",
        "20:36",
        "21:06",
        "21:36",
        "22:09",
        "22:26",
        "22:51",
        "23:17"
    ],
    "url": "https://www.kanachu.co.jp/dia/diagram/timetable01_js/course:0000802481-6/node:00129360/kt:0/lname:/"
}
