{
    "date": "2025/11/16",
    "name": "本町(伊勢原市)",
    "position": "-",
    "system": "伊14",
    "destinations": [
        "大神宮前",
        "片町十字路",
        "片町(伊勢原市)",
        "峰岸",
        "市光前",
        "〆引",
        "道灌塚前",
        "山王原(伊勢原市)",
        "石倉橋"
    ],
    "weekday": [
        "22:06"
    ],
    "saturday": [
        "20:56"
    ],
    "holiday": [
        "20:56"
    ],
    "url": "https://www.kanachu.co.jp/dia/diagram/timetable01_js/course:0000803928-2/node:00128128/kt:0/lname:/"
}
