{
    "date": "2025/11/16",
    "name": "片町十字路",
    "position": "-",
    "system": "伊14",
    "destinations": [
        "片町(伊勢原市)",
        "峰岸",
        "市光前",
        "〆引",
        "道灌塚前",
        "山王原(伊勢原市)",
        "石倉橋"
    ],
    "weekday": [
        "22:08"
    ],
    "saturday": [
        "20:58"
    ],
    "holiday": [
        "20:58"
    ],
    "url": "https://www.kanachu.co.jp/dia/diagram/timetable01_js/course:0000803928-4/node:00128143/kt:0/lname:/"
}
