{
    "date": "2025/08/04",
    "name": "関(相模原市緑区)",
    "position": "-",
    "system": "橋03",
    "destinations": [
        "上長竹",
        "長竹クラブ前",
        "串川グラウンド前",
        "沼(相模原市緑区)",
        "長尾(相模原市緑区)",
        "金原準工前",
        "富士塚前(相模原市緑区)",
        "ひがし会館",
        "東金原",
        "西中野(相模原市緑区)",
        "根小屋中野",
        "無料庵",
        "荒句",
        "城山登山口(相模原市緑区)",
        "小倉原",
        "宮原(相模原市緑区)",
        "向原南",
        "向原北",
        "城山総合事務所入口",
        "原宿(相模原市緑区)",
        "東原宿",
        "森の上",
        "二本松(相模原市緑区)",
        "相原中央",
        "相原台",
        "大西(相模原市緑区)",
        "上町(相模原市緑区)",
        "香福寺前",
        "旭小学校前(相模原市緑区)",
        "旭農協前",
        "橋本駅北口"
    ],
    "weekday": [
        "5:36",
        "6:36",
        "8:41",
        "16:06",
        "17:06",
        "18:16",
        "19:16"
    ],
    "saturday": [
        "6:36",
        "8:36",
        "16:31",
        "17:31",
        "18:31"
    ],
    "holiday": [
        "6:36",
        "7:36",
        "8:36",
        "16:31",
        "17:31",
        "18:31"
    ],
    "url": "https://www.kanachu.co.jp/dia/diagram/timetable01_js/course:0000803006-8/node:00128827/kt:0/lname:/"
}
