{
    "date": "2025/08/04",
    "name": "金原準工前",
    "position": "-",
    "system": "橋03",
    "destinations": [
        "富士塚前(相模原市緑区)",
        "ひがし会館",
        "東金原",
        "西中野(相模原市緑区)",
        "根小屋中野",
        "無料庵",
        "荒句",
        "城山登山口(相模原市緑区)",
        "小倉原",
        "宮原(相模原市緑区)",
        "向原南",
        "向原北",
        "城山総合事務所入口",
        "原宿(相模原市緑区)",
        "東原宿",
        "森の上",
        "二本松(相模原市緑区)",
        "相原中央",
        "相原台",
        "大西(相模原市緑区)",
        "上町(相模原市緑区)",
        "香福寺前",
        "旭小学校前(相模原市緑区)",
        "旭農協前",
        "橋本駅北口"
    ],
    "weekday": [
        "5:39",
        "6:39",
        "8:45",
        "16:10",
        "17:10",
        "18:20",
        "19:19"
    ],
    "saturday": [
        "6:39",
        "8:39",
        "16:35",
        "17:35",
        "18:34"
    ],
    "holiday": [
        "6:39",
        "7:39",
        "8:39",
        "16:35",
        "17:35",
        "18:34"
    ],
    "url": "https://www.kanachu.co.jp/dia/diagram/timetable01_js/course:0000803006-14/node:00129015/kt:0/lname:/"
}
