{
    "date": "2025/08/04",
    "name": "城山登山口(相模原市緑区)",
    "position": "-",
    "system": "橋03",
    "destinations": [
        "小倉原",
        "宮原(相模原市緑区)",
        "向原南",
        "向原北",
        "城山総合事務所入口",
        "原宿(相模原市緑区)",
        "東原宿",
        "森の上",
        "二本松(相模原市緑区)",
        "相原中央",
        "相原台",
        "大西(相模原市緑区)",
        "上町(相模原市緑区)",
        "香福寺前",
        "旭小学校前(相模原市緑区)",
        "旭農協前",
        "橋本駅北口"
    ],
    "weekday": [
        "5:49",
        "6:49",
        "8:55",
        "16:20",
        "17:20",
        "18:30",
        "19:29"
    ],
    "saturday": [
        "6:49",
        "8:49",
        "16:45",
        "17:45",
        "18:44"
    ],
    "holiday": [
        "6:49",
        "7:49",
        "8:49",
        "16:45",
        "17:45",
        "18:44"
    ],
    "url": "https://www.kanachu.co.jp/dia/diagram/timetable01_js/course:0000803006-22/node:00128847/kt:0/lname:/"
}
