{
    "date": "2025/08/04",
    "name": "森の上",
    "position": "-",
    "system": "橋03",
    "destinations": [
        "二本松(相模原市緑区)",
        "相原中央",
        "相原台",
        "大西(相模原市緑区)",
        "上町(相模原市緑区)",
        "香福寺前",
        "旭小学校前(相模原市緑区)",
        "旭農協前",
        "橋本駅北口"
    ],
    "weekday": [
        "6:02",
        "7:02",
        "9:08",
        "16:33",
        "17:33",
        "18:43",
        "19:41"
    ],
    "saturday": [
        "7:01",
        "9:02",
        "16:58",
        "17:58",
        "18:56"
    ],
    "holiday": [
        "7:01",
        "8:01",
        "9:02",
        "16:58",
        "17:58",
        "18:56"
    ],
    "url": "https://www.kanachu.co.jp/dia/diagram/timetable01_js/course:0000803006-30/node:00128963/kt:0/lname:/"
}
