{
    "date": "2025/08/04",
    "name": "大西(相模原市緑区)",
    "position": "-",
    "system": "橋03",
    "destinations": [
        "上町(相模原市緑区)",
        "香福寺前",
        "旭小学校前(相模原市緑区)",
        "旭農協前",
        "橋本駅北口"
    ],
    "weekday": [
        "6:06",
        "7:07",
        "9:13",
        "16:38",
        "17:38",
        "18:48",
        "19:45"
    ],
    "saturday": [
        "7:05",
        "9:07",
        "17:03",
        "18:03",
        "19:00"
    ],
    "holiday": [
        "7:05",
        "8:05",
        "9:07",
        "17:03",
        "18:03",
        "19:00"
    ],
    "url": "https://www.kanachu.co.jp/dia/diagram/timetable01_js/course:0000803006-34/node:00128967/kt:0/lname:/"
}
