{
    "system": "台04",
    "busstops": [
        {
            "index": "1",
            "id": "00128551",
            "name": "相武台前駅",
            "lat": "35.498504",
            "lng": "139.407542"
        },
        {
            "index": "2",
            "id": "00128579",
            "name": "座間中学校前",
            "lat": "35.493651",
            "lng": "139.406137"
        },
        {
            "index": "3",
            "id": "00130003",
            "name": "市役所谷戸山公園前",
            "lat": "35.489618",
            "lng": "139.406804"
        },
        {
            "index": "4",
            "id": "00128577",
            "name": "緑ヶ丘住宅入口",
            "lat": "35.487035",
            "lng": "139.407688"
        },
        {
            "index": "5",
            "id": "00128576",
            "name": "市営住宅前(座間市)",
            "lat": "35.482961",
            "lng": "139.40971"
        },
        {
            "index": "6",
            "id": "00128575",
            "name": "立野台下",
            "lat": "35.479769",
            "lng": "139.411519"
        },
        {
            "index": "7",
            "id": "00128574",
            "name": "立野台",
            "lat": "35.478625",
            "lng": "139.410045"
        },
        {
            "index": "8",
            "id": "00128573",
            "name": "立野台公園北",
            "lat": "35.47891",
            "lng": "139.406254"
        },
        {
            "index": "9",
            "id": "00128572",
            "name": "天台(座間市)",
            "lat": "35.478819",
            "lng": "139.403555"
        },
        {
            "index": "10",
            "id": "00128605",
            "name": "座間駅",
            "lat": "35.479827",
            "lng": "139.400756"
        },
        {
            "index": "11",
            "id": "00128568",
            "name": "星谷観音前",
            "lat": "35.483576",
            "lng": "139.398952"
        },
        {
            "index": "12",
            "id": "00128569",
            "name": "鈴鹿(座間市)",
            "lat": "35.483902",
            "lng": "139.394322"
        },
        {
            "index": "13",
            "id": "00128545",
            "name": "座間電話局前",
            "lat": "35.483587",
            "lng": "139.392204"
        },
        {
            "index": "14",
            "id": "00129736",
            "name": "新河原宿",
            "lat": "35.484003",
            "lng": "139.389583"
        },
        {
            "index": "15",
            "id": "00129668",
            "name": "ひまわり畑入口",
            "lat": "35.483762",
            "lng": "139.386962"
        },
        {
            "index": "16",
            "id": "00129669",
            "name": "新田宿中央",
            "lat": "35.480744",
            "lng": "139.385238"
        },
        {
            "index": "17",
            "id": "00129670",
            "name": "新田宿南",
            "lat": "35.477561",
            "lng": "139.385093"
        },
        {
            "index": "18",
            "id": "00128544",
            "name": "座間四ツ谷",
            "lat": "35.474791",
            "lng": "139.388937"
        }
    ],
    "route_url": "https://www.kanachu.co.jp/dia/route/index/cid:0000801550/"
}
