{
    "date": "2025/04/19",
    "name": "北相前",
    "position": "-",
    "system": "大15",
    "destinations": [
        "亀ヶ池八幡宮前",
        "田島(相模原市中央区)",
        "虹吹",
        "七曲り下",
        "上溝新開",
        "古山三谷",
        "下古山",
        "中丸(相模原市南区)",
        "下中丸",
        "下原橋",
        "下原中央",
        "新中丸橋",
        "原当麻駅",
        "原当麻駅東",
        "下原(相模原市南区)",
        "山の神坂下",
        "県立相模原公園前",
        "友愛病院前",
        "北里大学病院・北里大学",
        "麻溝台高校",
        "麻溝台入口",
        "大野台入口",
        "オルガノ前",
        "大沼",
        "大沼小学校前",
        "東通り(相模原市南区)",
        "団地入口(相模原市南区)",
        "小沼(相模原市南区)",
        "南中前(相模原市南区)",
        "グリーンホール前",
        "相模大野駅北口"
    ],
    "weekday": [
        "6:35",
        "7:13",
        "7:57",
        "8:50",
        "9:56",
        "11:10",
        "12:10",
        "13:40",
        "14:40",
        "16:02",
        "16:37",
        "18:08",
        "19:02",
        "20:36"
    ],
    "saturday": [
        "6:25",
        "7:25",
        "9:10",
        "10:17",
        "11:17",
        "12:22",
        "13:22",
        "14:47",
        "16:17",
        "17:17",
        "18:17",
        "19:21",
        "20:41"
    ],
    "holiday": [
        "6:41",
        "7:25",
        "8:50",
        "9:38",
        "11:21",
        "12:21",
        "13:21",
        "14:36",
        "16:21",
        "17:21",
        "18:21",
        "19:21",
        "20:39"
    ],
    "url": "https://www.kanachu.co.jp/dia/diagram/timetable01_js/course:0000803500-7/node:00129255/kt:0/lname:/"
}
