{
    "date": "2025/04/19",
    "name": "県立相模原公園前",
    "position": "-",
    "system": "大15",
    "destinations": [
        "友愛病院前",
        "北里大学病院・北里大学",
        "麻溝台高校",
        "麻溝台入口",
        "大野台入口",
        "オルガノ前",
        "大沼",
        "大沼小学校前",
        "東通り(相模原市南区)",
        "団地入口(相模原市南区)",
        "小沼(相模原市南区)",
        "南中前(相模原市南区)",
        "グリーンホール前",
        "相模大野駅北口"
    ],
    "weekday": [
        "6:53",
        "7:33",
        "8:17",
        "9:09",
        "10:14",
        "11:28",
        "12:28",
        "13:58",
        "14:58",
        "16:20",
        "16:55",
        "18:26",
        "19:20",
        "20:54"
    ],
    "saturday": [
        "6:43",
        "7:43",
        "9:28",
        "10:35",
        "11:35",
        "12:40",
        "13:40",
        "15:05",
        "16:35",
        "17:35",
        "18:35",
        "19:39",
        "20:59"
    ],
    "holiday": [
        "6:59",
        "7:43",
        "9:08",
        "9:56",
        "11:39",
        "12:39",
        "13:39",
        "14:54",
        "16:39",
        "17:39",
        "18:39",
        "19:39",
        "20:57"
    ],
    "url": "https://www.kanachu.co.jp/dia/diagram/timetable01_js/course:0000803500-24/node:00129133/kt:0/lname:/"
}
