{
    "date": "2025/04/19",
    "name": "北里大学病院・北里大学",
    "position": "-",
    "system": "大15",
    "destinations": [
        "麻溝台高校",
        "麻溝台入口",
        "大野台入口",
        "オルガノ前",
        "大沼",
        "大沼小学校前",
        "東通り(相模原市南区)",
        "団地入口(相模原市南区)",
        "小沼(相模原市南区)",
        "南中前(相模原市南区)",
        "グリーンホール前",
        "相模大野駅北口"
    ],
    "weekday": [
        "6:57",
        "7:45",
        "8:29",
        "9:14",
        "10:19",
        "11:33",
        "12:33",
        "14:03",
        "15:03",
        "16:28",
        "17:03",
        "18:34",
        "19:24",
        "20:58"
    ],
    "saturday": [
        "6:47",
        "7:47",
        "9:32",
        "10:41",
        "11:41",
        "12:46",
        "13:46",
        "15:11",
        "16:41",
        "17:41",
        "18:41",
        "19:45",
        "21:03"
    ],
    "holiday": [
        "7:03",
        "7:47",
        "9:12",
        "10:00",
        "11:45",
        "12:45",
        "13:45",
        "15:00",
        "16:45",
        "17:45",
        "18:45",
        "19:45",
        "21:01"
    ],
    "url": "https://www.kanachu.co.jp/dia/diagram/timetable01_js/course:0000803500-26/node:00129119/kt:0/lname:/"
}
