{
    "date": "2025/04/19",
    "name": "グリーンホール前",
    "position": "-",
    "system": "大15",
    "destinations": [
        "相模大野駅北口"
    ],
    "weekday": [
        "7:12",
        "8:02",
        "8:46",
        "9:31",
        "10:36",
        "11:50",
        "12:50",
        "14:20",
        "15:20",
        "16:47",
        "17:22",
        "18:53",
        "19:38",
        "21:11"
    ],
    "saturday": [
        "7:00",
        "8:00",
        "9:46",
        "10:56",
        "11:56",
        "13:01",
        "14:01",
        "15:26",
        "16:56",
        "17:56",
        "18:56",
        "20:00",
        "21:16"
    ],
    "holiday": [
        "7:16",
        "8:00",
        "9:26",
        "10:15",
        "12:00",
        "13:00",
        "14:00",
        "15:15",
        "17:00",
        "18:00",
        "19:00",
        "20:00",
        "21:15"
    ],
    "url": "https://www.kanachu.co.jp/dia/diagram/timetable01_js/course:0000803500-37/node:00129307/kt:0/lname:/"
}
