{
    "date": "2025/08/30",
    "name": "浅間下(横浜市西区)",
    "position": "-",
    "system": "横17",
    "destinations": [
        "浅岡橋",
        "浅間町車庫前",
        "洪福寺",
        "浜松町(横浜市西区)",
        "水道道",
        "久保町(横浜市西区)",
        "西久保町",
        "保土ヶ谷駅東口",
        "保土ヶ谷橋",
        "八幡橋(横浜市保土ケ谷区)",
        "保土ヶ谷町2丁目",
        "樹源寺前",
        "元町橋交番前",
        "権太坂",
        "権太坂上",
        "児童遊園地入口",
        "狩場町",
        "平和台",
        "山谷(横浜市戸塚区)",
        "坂下口",
        "国道平戸",
        "品濃口",
        "坂下(横浜市戸塚区)",
        "品濃町(横浜市戸塚区)",
        "東戸塚駅東口"
    ],
    "weekday": [
        "6:57",
        "7:12",
        "7:29",
        "7:55",
        "8:10",
        "8:25",
        "8:40",
        "8:55",
        "9:15",
        "9:35",
        "9:55",
        "10:14",
        "10:34",
        "10:54",
        "11:14",
        "11:34",
        "11:54",
        "12:14",
        "12:34",
        "12:54",
        "13:14",
        "13:34",
        "13:54",
        "14:14",
        "14:34",
        "14:54",
        "15:14",
        "15:34",
        "15:54",
        "16:14",
        "16:34",
        "16:54",
        "17:14",
        "17:34",
        "17:54",
        "18:14",
        "18:34",
        "18:55",
        "19:13",
        "19:29",
        "19:43",
        "20:03",
        "20:22",
        "20:34",
        "21:04",
        "21:39",
        "22:14",
        "22:36"
    ],
    "saturday": [
        "6:48",
        "7:16",
        "7:46",
        "8:08",
        "8:28",
        "8:48",
        "9:08",
        "9:28",
        "9:48",
        "10:10",
        "10:30",
        "10:52",
        "11:14",
        "11:34",
        "11:54",
        "12:14",
        "12:34",
        "12:54",
        "13:14",
        "13:34",
        "13:54",
        "14:14",
        "14:34",
        "14:54",
        "15:14",
        "15:34",
        "15:54",
        "16:14",
        "16:34",
        "16:54",
        "17:14",
        "17:34",
        "17:54",
        "18:14",
        "18:34",
        "18:55",
        "19:13",
        "19:28",
        "19:43",
        "19:59",
        "20:18",
        "20:40",
        "21:01",
        "21:33",
        "22:08"
    ],
    "holiday": [
        "6:48",
        "7:16",
        "7:46",
        "8:08",
        "8:28",
        "8:48",
        "9:08",
        "9:28",
        "9:48",
        "10:10",
        "10:30",
        "10:52",
        "11:14",
        "11:34",
        "11:54",
        "12:14",
        "12:34",
        "12:54",
        "13:14",
        "13:34",
        "13:54",
        "14:14",
        "14:34",
        "14:54",
        "15:14",
        "15:34",
        "15:54",
        "16:14",
        "16:34",
        "16:54",
        "17:14",
        "17:34",
        "17:54",
        "18:14",
        "18:34",
        "18:55",
        "19:13",
        "19:28",
        "19:43",
        "19:59",
        "20:18",
        "20:40",
        "21:01",
        "21:33",
        "22:08"
    ],
    "url": "https://www.kanachu.co.jp/dia/diagram/timetable01_js/course:0000803834-4/node:00102673/kt:0/lname:/"
}
