{
    "date": "2025/08/30",
    "name": "浅間町車庫前",
    "position": "-",
    "system": "横17",
    "destinations": [
        "洪福寺",
        "浜松町(横浜市西区)",
        "水道道",
        "久保町(横浜市西区)",
        "西久保町",
        "保土ヶ谷駅東口",
        "保土ヶ谷橋",
        "八幡橋(横浜市保土ケ谷区)",
        "保土ヶ谷町2丁目",
        "樹源寺前",
        "元町橋交番前",
        "権太坂",
        "権太坂上",
        "児童遊園地入口",
        "狩場町",
        "平和台",
        "山谷(横浜市戸塚区)",
        "坂下口",
        "国道平戸",
        "品濃口",
        "坂下(横浜市戸塚区)",
        "品濃町(横浜市戸塚区)",
        "東戸塚駅東口"
    ],
    "weekday": [
        "6:59",
        "7:14",
        "7:31",
        "7:57",
        "8:12",
        "8:27",
        "8:42",
        "8:57",
        "9:17",
        "9:37",
        "9:57",
        "10:16",
        "10:36",
        "10:56",
        "11:16",
        "11:36",
        "11:56",
        "12:16",
        "12:36",
        "12:56",
        "13:16",
        "13:36",
        "13:56",
        "14:16",
        "14:36",
        "14:56",
        "15:16",
        "15:36",
        "15:56",
        "16:16",
        "16:36",
        "16:56",
        "17:16",
        "17:36",
        "17:56",
        "18:16",
        "18:36",
        "18:57",
        "19:15",
        "19:31",
        "19:45",
        "20:05",
        "20:24",
        "20:36",
        "21:06",
        "21:41",
        "22:16",
        "22:38"
    ],
    "saturday": [
        "6:50",
        "7:18",
        "7:48",
        "8:10",
        "8:30",
        "8:50",
        "9:10",
        "9:30",
        "9:50",
        "10:12",
        "10:32",
        "10:54",
        "11:16",
        "11:36",
        "11:56",
        "12:16",
        "12:36",
        "12:56",
        "13:16",
        "13:36",
        "13:56",
        "14:16",
        "14:36",
        "14:56",
        "15:16",
        "15:36",
        "15:56",
        "16:16",
        "16:36",
        "16:56",
        "17:16",
        "17:36",
        "17:56",
        "18:16",
        "18:36",
        "18:57",
        "19:15",
        "19:30",
        "19:45",
        "20:01",
        "20:20",
        "20:42",
        "21:03",
        "21:35",
        "22:10"
    ],
    "holiday": [
        "6:50",
        "7:18",
        "7:48",
        "8:10",
        "8:30",
        "8:50",
        "9:10",
        "9:30",
        "9:50",
        "10:12",
        "10:32",
        "10:54",
        "11:16",
        "11:36",
        "11:56",
        "12:16",
        "12:36",
        "12:56",
        "13:16",
        "13:36",
        "13:56",
        "14:16",
        "14:36",
        "14:56",
        "15:16",
        "15:36",
        "15:56",
        "16:16",
        "16:36",
        "16:56",
        "17:16",
        "17:36",
        "17:56",
        "18:16",
        "18:36",
        "18:57",
        "19:15",
        "19:30",
        "19:45",
        "20:01",
        "20:20",
        "20:42",
        "21:03",
        "21:35",
        "22:10"
    ],
    "url": "https://www.kanachu.co.jp/dia/diagram/timetable01_js/course:0000803834-6/node:00102672/kt:0/lname:/"
}
