{
    "date": "2025/08/30",
    "name": "洪福寺",
    "position": "-",
    "system": "横17",
    "destinations": [
        "浜松町(横浜市西区)",
        "水道道",
        "久保町(横浜市西区)",
        "西久保町",
        "保土ヶ谷駅東口",
        "保土ヶ谷橋",
        "八幡橋(横浜市保土ケ谷区)",
        "保土ヶ谷町2丁目",
        "樹源寺前",
        "元町橋交番前",
        "権太坂",
        "権太坂上",
        "児童遊園地入口",
        "狩場町",
        "平和台",
        "山谷(横浜市戸塚区)",
        "坂下口",
        "国道平戸",
        "品濃口",
        "坂下(横浜市戸塚区)",
        "品濃町(横浜市戸塚区)",
        "東戸塚駅東口"
    ],
    "weekday": [
        "7:01",
        "7:16",
        "7:33",
        "7:59",
        "8:14",
        "8:29",
        "8:44",
        "8:59",
        "9:19",
        "9:39",
        "9:59",
        "10:18",
        "10:38",
        "10:58",
        "11:18",
        "11:38",
        "11:58",
        "12:18",
        "12:38",
        "12:58",
        "13:18",
        "13:38",
        "13:58",
        "14:18",
        "14:38",
        "14:58",
        "15:18",
        "15:38",
        "15:58",
        "16:18",
        "16:38",
        "16:58",
        "17:18",
        "17:38",
        "17:58",
        "18:18",
        "18:38",
        "18:59",
        "19:17",
        "19:33",
        "19:47",
        "20:07",
        "20:26",
        "20:38",
        "21:08",
        "21:43",
        "22:18",
        "22:40"
    ],
    "saturday": [
        "6:52",
        "7:20",
        "7:50",
        "8:12",
        "8:32",
        "8:52",
        "9:12",
        "9:32",
        "9:52",
        "10:14",
        "10:34",
        "10:56",
        "11:18",
        "11:38",
        "11:58",
        "12:18",
        "12:38",
        "12:58",
        "13:18",
        "13:38",
        "13:58",
        "14:18",
        "14:38",
        "14:58",
        "15:18",
        "15:38",
        "15:58",
        "16:18",
        "16:38",
        "16:58",
        "17:18",
        "17:38",
        "17:58",
        "18:18",
        "18:38",
        "18:59",
        "19:17",
        "19:32",
        "19:47",
        "20:03",
        "20:22",
        "20:44",
        "21:05",
        "21:37",
        "22:12"
    ],
    "holiday": [
        "6:52",
        "7:20",
        "7:50",
        "8:12",
        "8:32",
        "8:52",
        "9:12",
        "9:32",
        "9:52",
        "10:14",
        "10:34",
        "10:56",
        "11:18",
        "11:38",
        "11:58",
        "12:18",
        "12:38",
        "12:58",
        "13:18",
        "13:38",
        "13:58",
        "14:18",
        "14:38",
        "14:58",
        "15:18",
        "15:38",
        "15:58",
        "16:18",
        "16:38",
        "16:58",
        "17:18",
        "17:38",
        "17:58",
        "18:18",
        "18:38",
        "18:59",
        "19:17",
        "19:32",
        "19:47",
        "20:03",
        "20:22",
        "20:44",
        "21:05",
        "21:37",
        "22:12"
    ],
    "url": "https://www.kanachu.co.jp/dia/diagram/timetable01_js/course:0000803834-7/node:00102504/kt:0/lname:/"
}
