{
    "date": "2025/08/30",
    "name": "水道道",
    "position": "-",
    "system": "横17",
    "destinations": [
        "久保町(横浜市西区)",
        "西久保町",
        "保土ヶ谷駅東口",
        "保土ヶ谷橋",
        "八幡橋(横浜市保土ケ谷区)",
        "保土ヶ谷町2丁目",
        "樹源寺前",
        "元町橋交番前",
        "権太坂",
        "権太坂上",
        "児童遊園地入口",
        "狩場町",
        "平和台",
        "山谷(横浜市戸塚区)",
        "坂下口",
        "国道平戸",
        "品濃口",
        "坂下(横浜市戸塚区)",
        "品濃町(横浜市戸塚区)",
        "東戸塚駅東口"
    ],
    "weekday": [
        "7:04",
        "7:19",
        "7:36",
        "8:02",
        "8:17",
        "8:32",
        "8:47",
        "9:02",
        "9:22",
        "9:42",
        "10:02",
        "10:21",
        "10:41",
        "11:01",
        "11:21",
        "11:41",
        "12:01",
        "12:21",
        "12:41",
        "13:01",
        "13:21",
        "13:41",
        "14:01",
        "14:21",
        "14:41",
        "15:01",
        "15:21",
        "15:41",
        "16:01",
        "16:21",
        "16:41",
        "17:01",
        "17:21",
        "17:41",
        "18:01",
        "18:21",
        "18:41",
        "19:02",
        "19:20",
        "19:36",
        "19:50",
        "20:10",
        "20:29",
        "20:41",
        "21:11",
        "21:46",
        "22:21",
        "22:43"
    ],
    "saturday": [
        "6:55",
        "7:23",
        "7:53",
        "8:15",
        "8:35",
        "8:55",
        "9:15",
        "9:35",
        "9:55",
        "10:17",
        "10:37",
        "10:59",
        "11:21",
        "11:41",
        "12:01",
        "12:21",
        "12:41",
        "13:01",
        "13:21",
        "13:41",
        "14:01",
        "14:21",
        "14:41",
        "15:01",
        "15:21",
        "15:41",
        "16:01",
        "16:21",
        "16:41",
        "17:01",
        "17:21",
        "17:41",
        "18:01",
        "18:21",
        "18:41",
        "19:02",
        "19:20",
        "19:35",
        "19:50",
        "20:06",
        "20:25",
        "20:47",
        "21:08",
        "21:40",
        "22:15"
    ],
    "holiday": [
        "6:55",
        "7:23",
        "7:53",
        "8:15",
        "8:35",
        "8:55",
        "9:15",
        "9:35",
        "9:55",
        "10:17",
        "10:37",
        "10:59",
        "11:21",
        "11:41",
        "12:01",
        "12:21",
        "12:41",
        "13:01",
        "13:21",
        "13:41",
        "14:01",
        "14:21",
        "14:41",
        "15:01",
        "15:21",
        "15:41",
        "16:01",
        "16:21",
        "16:41",
        "17:01",
        "17:21",
        "17:41",
        "18:01",
        "18:21",
        "18:41",
        "19:02",
        "19:20",
        "19:35",
        "19:50",
        "20:06",
        "20:25",
        "20:47",
        "21:08",
        "21:40",
        "22:15"
    ],
    "url": "https://www.kanachu.co.jp/dia/diagram/timetable01_js/course:0000803834-9/node:00102647/kt:0/lname:/"
}
