{
    "date": "2025/08/30",
    "name": "久保町(横浜市西区)",
    "position": "-",
    "system": "横17",
    "destinations": [
        "西久保町",
        "保土ヶ谷駅東口",
        "保土ヶ谷橋",
        "八幡橋(横浜市保土ケ谷区)",
        "保土ヶ谷町2丁目",
        "樹源寺前",
        "元町橋交番前",
        "権太坂",
        "権太坂上",
        "児童遊園地入口",
        "狩場町",
        "平和台",
        "山谷(横浜市戸塚区)",
        "坂下口",
        "国道平戸",
        "品濃口",
        "坂下(横浜市戸塚区)",
        "品濃町(横浜市戸塚区)",
        "東戸塚駅東口"
    ],
    "weekday": [
        "7:06",
        "7:21",
        "7:38",
        "8:04",
        "8:19",
        "8:34",
        "8:49",
        "9:04",
        "9:24",
        "9:44",
        "10:04",
        "10:23",
        "10:43",
        "11:03",
        "11:23",
        "11:43",
        "12:03",
        "12:23",
        "12:43",
        "13:03",
        "13:23",
        "13:43",
        "14:03",
        "14:23",
        "14:43",
        "15:03",
        "15:23",
        "15:43",
        "16:03",
        "16:23",
        "16:43",
        "17:03",
        "17:23",
        "17:43",
        "18:03",
        "18:23",
        "18:43",
        "19:04",
        "19:22",
        "19:38",
        "19:52",
        "20:12",
        "20:31",
        "20:43",
        "21:13",
        "21:48",
        "22:23",
        "22:45"
    ],
    "saturday": [
        "6:57",
        "7:25",
        "7:55",
        "8:17",
        "8:37",
        "8:57",
        "9:17",
        "9:37",
        "9:57",
        "10:19",
        "10:39",
        "11:01",
        "11:23",
        "11:43",
        "12:03",
        "12:23",
        "12:43",
        "13:03",
        "13:23",
        "13:43",
        "14:03",
        "14:23",
        "14:43",
        "15:03",
        "15:23",
        "15:43",
        "16:03",
        "16:23",
        "16:43",
        "17:03",
        "17:23",
        "17:43",
        "18:03",
        "18:23",
        "18:43",
        "19:04",
        "19:22",
        "19:37",
        "19:52",
        "20:08",
        "20:27",
        "20:49",
        "21:10",
        "21:42",
        "22:17"
    ],
    "holiday": [
        "6:57",
        "7:25",
        "7:55",
        "8:17",
        "8:37",
        "8:57",
        "9:17",
        "9:37",
        "9:57",
        "10:19",
        "10:39",
        "11:01",
        "11:23",
        "11:43",
        "12:03",
        "12:23",
        "12:43",
        "13:03",
        "13:23",
        "13:43",
        "14:03",
        "14:23",
        "14:43",
        "15:03",
        "15:23",
        "15:43",
        "16:03",
        "16:23",
        "16:43",
        "17:03",
        "17:23",
        "17:43",
        "18:03",
        "18:23",
        "18:43",
        "19:04",
        "19:22",
        "19:37",
        "19:52",
        "20:08",
        "20:27",
        "20:49",
        "21:10",
        "21:42",
        "22:17"
    ],
    "url": "https://www.kanachu.co.jp/dia/diagram/timetable01_js/course:0000803834-10/node:00102455/kt:0/lname:/"
}
