{
    "date": "2025/08/30",
    "name": "山谷(横浜市戸塚区)",
    "position": "-",
    "system": "横17",
    "destinations": [
        "坂下口",
        "国道平戸",
        "品濃口",
        "坂下(横浜市戸塚区)",
        "品濃町(横浜市戸塚区)",
        "東戸塚駅東口"
    ],
    "weekday": [
        "7:31",
        "7:46",
        "8:03",
        "8:29",
        "8:44",
        "8:59",
        "9:14",
        "9:29",
        "9:49",
        "10:09",
        "10:29",
        "10:48",
        "11:08",
        "11:28",
        "11:48",
        "12:08",
        "12:28",
        "12:48",
        "13:08",
        "13:28",
        "13:48",
        "14:08",
        "14:28",
        "14:48",
        "15:08",
        "15:28",
        "15:48",
        "16:08",
        "16:28",
        "16:48",
        "17:08",
        "17:28",
        "17:48",
        "18:08",
        "18:28",
        "18:48",
        "19:07",
        "19:24",
        "19:42",
        "19:58",
        "20:12",
        "20:32",
        "20:51",
        "21:03",
        "21:33",
        "22:08",
        "22:43",
        "23:05"
    ],
    "saturday": [
        "7:15",
        "7:43",
        "8:16",
        "8:38",
        "8:58",
        "9:18",
        "9:38",
        "9:58",
        "10:21",
        "10:44",
        "11:04",
        "11:26",
        "11:48",
        "12:08",
        "12:28",
        "12:48",
        "13:08",
        "13:28",
        "13:48",
        "14:08",
        "14:28",
        "14:48",
        "15:08",
        "15:28",
        "15:48",
        "16:08",
        "16:28",
        "16:48",
        "17:08",
        "17:28",
        "17:48",
        "18:08",
        "18:28",
        "18:48",
        "19:07",
        "19:24",
        "19:42",
        "19:57",
        "20:12",
        "20:28",
        "20:47",
        "21:09",
        "21:30",
        "22:02",
        "22:37"
    ],
    "holiday": [
        "7:15",
        "7:43",
        "8:16",
        "8:38",
        "8:58",
        "9:18",
        "9:38",
        "9:58",
        "10:21",
        "10:44",
        "11:04",
        "11:26",
        "11:48",
        "12:08",
        "12:28",
        "12:48",
        "13:08",
        "13:28",
        "13:48",
        "14:08",
        "14:28",
        "14:48",
        "15:08",
        "15:28",
        "15:48",
        "16:08",
        "16:28",
        "16:48",
        "17:08",
        "17:28",
        "17:48",
        "18:08",
        "18:28",
        "18:48",
        "19:07",
        "19:24",
        "19:42",
        "19:57",
        "20:12",
        "20:28",
        "20:47",
        "21:09",
        "21:30",
        "22:02",
        "22:37"
    ],
    "url": "https://www.kanachu.co.jp/dia/diagram/timetable01_js/course:0000803834-23/node:00126620/kt:0/lname:/"
}
