{
    "date": "2025/08/30",
    "name": "国道平戸",
    "position": "-",
    "system": "横17",
    "destinations": [
        "品濃口",
        "坂下(横浜市戸塚区)",
        "品濃町(横浜市戸塚区)",
        "東戸塚駅東口"
    ],
    "weekday": [
        "7:35",
        "7:50",
        "8:07",
        "8:33",
        "8:48",
        "9:03",
        "9:18",
        "9:33",
        "9:53",
        "10:13",
        "10:33",
        "10:52",
        "11:12",
        "11:32",
        "11:52",
        "12:12",
        "12:32",
        "12:52",
        "13:12",
        "13:32",
        "13:52",
        "14:12",
        "14:32",
        "14:52",
        "15:12",
        "15:32",
        "15:52",
        "16:12",
        "16:32",
        "16:52",
        "17:12",
        "17:32",
        "17:52",
        "18:12",
        "18:32",
        "18:52",
        "19:11",
        "19:28",
        "19:46",
        "20:02",
        "20:16",
        "20:36",
        "20:55",
        "21:07",
        "21:37",
        "22:12",
        "22:47",
        "23:09"
    ],
    "saturday": [
        "7:19",
        "7:47",
        "8:20",
        "8:42",
        "9:02",
        "9:22",
        "9:42",
        "10:02",
        "10:25",
        "10:48",
        "11:08",
        "11:30",
        "11:52",
        "12:12",
        "12:32",
        "12:52",
        "13:12",
        "13:32",
        "13:52",
        "14:12",
        "14:32",
        "14:52",
        "15:12",
        "15:32",
        "15:52",
        "16:12",
        "16:32",
        "16:52",
        "17:12",
        "17:32",
        "17:52",
        "18:12",
        "18:32",
        "18:52",
        "19:11",
        "19:28",
        "19:46",
        "20:01",
        "20:16",
        "20:32",
        "20:51",
        "21:13",
        "21:34",
        "22:06",
        "22:41"
    ],
    "holiday": [
        "7:19",
        "7:47",
        "8:20",
        "8:42",
        "9:02",
        "9:22",
        "9:42",
        "10:02",
        "10:25",
        "10:48",
        "11:08",
        "11:30",
        "11:52",
        "12:12",
        "12:32",
        "12:52",
        "13:12",
        "13:32",
        "13:52",
        "14:12",
        "14:32",
        "14:52",
        "15:12",
        "15:32",
        "15:52",
        "16:12",
        "16:32",
        "16:52",
        "17:12",
        "17:32",
        "17:52",
        "18:12",
        "18:32",
        "18:52",
        "19:11",
        "19:28",
        "19:46",
        "20:01",
        "20:16",
        "20:32",
        "20:51",
        "21:13",
        "21:34",
        "22:06",
        "22:41"
    ],
    "url": "https://www.kanachu.co.jp/dia/diagram/timetable01_js/course:0000803834-25/node:00126618/kt:0/lname:/"
}
