{
    "date": "2025/11/16",
    "name": "串橋改善センター",
    "position": "-",
    "system": "巻11",
    "destinations": [
        "伊勢原車庫"
    ],
    "weekday": [
        "8:54",
        "13:30",
        "16:29",
        "18:33"
    ],
    "saturday": [
        "11:06",
        "16:01"
    ],
    "holiday": [
        "11:06",
        "16:01"
    ],
    "url": "https://www.kanachu.co.jp/dia/diagram/timetable01_js/course:0000802742-6/node:00128228/kt:0/lname:/"
}
