{
    "date": "2024/04/01",
    "name": "緑消防署前",
    "position": "-",
    "system": "",
    "destinations": [
        "中山町",
        "中山小学校南",
        "上山町(横浜市緑区)",
        "石神(横浜市緑区)",
        "白山ハイテクパーク",
        "緑車庫前",
        "白山一丁目(横浜市緑区)",
        "鴨居橋",
        "中村通",
        "鴨居町",
        "地蔵前(横浜市緑区)",
        "辻山",
        "笹山(横浜市保土ケ谷区)",
        "上菅田町",
        "中田(横浜市保土ケ谷区)",
        "寺下橋",
        "富士見橋(横浜市保土ケ谷区)",
        "山崎(横浜市保土ケ谷区)",
        "梅の木(横浜市保土ケ谷区)",
        "西谷妙福寺前",
        "川島町(横浜市保土ケ谷区)",
        "杉山神社前(横浜市保土ケ谷区)",
        "上星川",
        "保土ヶ谷中学校前",
        "和田町交差点",
        "常盤園前",
        "横浜新道",
        "岡沢町",
        "岡沢下",
        "三ツ沢西町",
        "三ツ沢上町駅前",
        "三ツ沢小学校前",
        "三ツ沢中町",
        "三ツ沢下町駅前",
        "島田橋(横浜市神奈川区)",
        "ガーデン下",
        "松本(横浜市神奈川区)",
        "泉町中央(横浜市神奈川区)",
        "泉町(横浜市神奈川区)",
        "市民防災センター前(横浜市神奈川区)",
        "鶴屋町三丁目",
        "横浜駅西口"
    ],
    "weekday": [
        "6:11",
        "6:48",
        "7:45",
        "9:01",
        "10:25",
        "11:45",
        "13:13",
        "14:25",
        "15:35",
        "16:38",
        "17:12",
        "17:48",
        "18:19",
        "18:53",
        "19:28",
        "20:56"
    ],
    "saturday": [
        "6:11",
        "6:52",
        "7:42",
        "9:04",
        "10:18",
        "11:23",
        "12:23",
        "13:23",
        "14:23",
        "15:23",
        "16:25",
        "17:30",
        "18:30",
        "20:56"
    ],
    "holiday": [
        "6:11",
        "6:52",
        "7:42",
        "9:01",
        "10:18",
        "11:23",
        "12:23",
        "13:23",
        "14:23",
        "15:23",
        "16:25",
        "17:30",
        "18:30",
        "20:56"
    ],
    "url": "https://www.kanachu.co.jp/dia/diagram/timetable01_js/course:0000802284-2/node:00130396/kt:0/lname:/"
}
