{
    "date": "2024/04/01",
    "name": "地蔵前(横浜市緑区)",
    "position": "-",
    "system": "",
    "destinations": [
        "辻山",
        "笹山(横浜市保土ケ谷区)",
        "上菅田町",
        "中田(横浜市保土ケ谷区)",
        "寺下橋",
        "富士見橋(横浜市保土ケ谷区)",
        "山崎(横浜市保土ケ谷区)",
        "梅の木(横浜市保土ケ谷区)",
        "西谷妙福寺前",
        "川島町(横浜市保土ケ谷区)",
        "杉山神社前(横浜市保土ケ谷区)",
        "上星川",
        "保土ヶ谷中学校前",
        "和田町交差点",
        "常盤園前",
        "横浜新道",
        "岡沢町",
        "岡沢下",
        "三ツ沢西町",
        "三ツ沢上町駅前",
        "三ツ沢小学校前",
        "三ツ沢中町",
        "三ツ沢下町駅前",
        "島田橋(横浜市神奈川区)",
        "ガーデン下",
        "松本(横浜市神奈川区)",
        "泉町中央(横浜市神奈川区)",
        "泉町(横浜市神奈川区)",
        "市民防災センター前(横浜市神奈川区)",
        "鶴屋町三丁目",
        "横浜駅西口"
    ],
    "weekday": [
        "6:24",
        "7:02",
        "8:00",
        "9:16",
        "10:39",
        "11:59",
        "13:27",
        "14:39",
        "15:49",
        "16:52",
        "17:27",
        "18:03",
        "18:34",
        "19:07",
        "19:42",
        "21:08"
    ],
    "saturday": [
        "6:23",
        "7:04",
        "7:54",
        "9:18",
        "10:32",
        "11:37",
        "12:37",
        "13:37",
        "14:37",
        "15:38",
        "16:40",
        "17:45",
        "18:44",
        "21:08"
    ],
    "holiday": [
        "6:23",
        "7:04",
        "7:54",
        "9:13",
        "10:30",
        "11:37",
        "12:37",
        "13:37",
        "14:37",
        "15:37",
        "16:39",
        "17:44",
        "18:44",
        "21:08"
    ],
    "url": "https://www.kanachu.co.jp/dia/diagram/timetable01_js/course:0000802284-13/node:00102577/kt:0/lname:/"
}
