{
    "date": "2024/04/01",
    "name": "笹山(横浜市保土ケ谷区)",
    "position": "-",
    "system": "",
    "destinations": [
        "上菅田町",
        "中田(横浜市保土ケ谷区)",
        "寺下橋",
        "富士見橋(横浜市保土ケ谷区)",
        "山崎(横浜市保土ケ谷区)",
        "梅の木(横浜市保土ケ谷区)",
        "西谷妙福寺前",
        "川島町(横浜市保土ケ谷区)",
        "杉山神社前(横浜市保土ケ谷区)",
        "上星川",
        "保土ヶ谷中学校前",
        "和田町交差点",
        "常盤園前",
        "横浜新道",
        "岡沢町",
        "岡沢下",
        "三ツ沢西町",
        "三ツ沢上町駅前",
        "三ツ沢小学校前",
        "三ツ沢中町",
        "三ツ沢下町駅前",
        "島田橋(横浜市神奈川区)",
        "ガーデン下",
        "松本(横浜市神奈川区)",
        "泉町中央(横浜市神奈川区)",
        "泉町(横浜市神奈川区)",
        "市民防災センター前(横浜市神奈川区)",
        "鶴屋町三丁目",
        "横浜駅西口"
    ],
    "weekday": [
        "6:26",
        "7:04",
        "8:02",
        "9:18",
        "10:41",
        "12:01",
        "13:29",
        "14:41",
        "15:51",
        "16:54",
        "17:29",
        "18:05",
        "18:36",
        "19:09",
        "19:44",
        "21:10"
    ],
    "saturday": [
        "6:25",
        "7:06",
        "7:56",
        "9:20",
        "10:34",
        "11:39",
        "12:39",
        "13:39",
        "14:39",
        "15:40",
        "16:42",
        "17:47",
        "18:46",
        "21:10"
    ],
    "holiday": [
        "6:25",
        "7:06",
        "7:56",
        "9:15",
        "10:32",
        "11:39",
        "12:39",
        "13:39",
        "14:39",
        "15:39",
        "16:41",
        "17:46",
        "18:46",
        "21:10"
    ],
    "url": "https://www.kanachu.co.jp/dia/diagram/timetable01_js/course:0000802284-15/node:00102548/kt:0/lname:/"
}
