{
    "date": "2024/04/01",
    "name": "ガーデン下",
    "position": "-",
    "system": "",
    "destinations": [
        "松本(横浜市神奈川区)",
        "泉町中央(横浜市神奈川区)",
        "泉町(横浜市神奈川区)",
        "市民防災センター前(横浜市神奈川区)",
        "鶴屋町三丁目",
        "横浜駅西口"
    ],
    "weekday": [
        "6:51",
        "7:33",
        "8:31",
        "9:46",
        "11:09",
        "12:29",
        "13:57",
        "15:09",
        "16:19",
        "17:24",
        "17:59",
        "18:35",
        "19:05",
        "19:37",
        "20:10",
        "21:35"
    ],
    "saturday": [
        "6:50",
        "7:31",
        "8:21",
        "9:48",
        "11:02",
        "12:07",
        "13:07",
        "14:07",
        "15:07",
        "16:09",
        "17:11",
        "18:16",
        "19:12",
        "21:35"
    ],
    "holiday": [
        "6:50",
        "7:31",
        "8:21",
        "9:40",
        "10:57",
        "12:07",
        "13:07",
        "14:07",
        "15:07",
        "16:07",
        "17:09",
        "18:14",
        "19:12",
        "21:35"
    ],
    "url": "https://www.kanachu.co.jp/dia/diagram/timetable01_js/course:0000802284-38/node:00102341/kt:0/lname:/"
}
