{
    "date": "2024/04/01",
    "name": "泉町(横浜市神奈川区)",
    "position": "-",
    "system": "",
    "destinations": [
        "市民防災センター前(横浜市神奈川区)",
        "鶴屋町三丁目",
        "横浜駅西口"
    ],
    "weekday": [
        "6:54",
        "7:36",
        "8:34",
        "9:49",
        "11:12",
        "12:32",
        "14:00",
        "15:12",
        "16:22",
        "17:27",
        "18:02",
        "18:38",
        "19:08",
        "19:40",
        "20:13",
        "21:38"
    ],
    "saturday": [
        "6:53",
        "7:34",
        "8:24",
        "9:52",
        "11:06",
        "12:11",
        "13:11",
        "14:11",
        "15:11",
        "16:13",
        "17:15",
        "18:20",
        "19:15",
        "21:38"
    ],
    "holiday": [
        "6:53",
        "7:34",
        "8:24",
        "9:43",
        "11:00",
        "12:11",
        "13:11",
        "14:11",
        "15:11",
        "16:11",
        "17:13",
        "18:18",
        "19:15",
        "21:38"
    ],
    "url": "https://www.kanachu.co.jp/dia/diagram/timetable01_js/course:0000802284-41/node:00102261/kt:0/lname:/"
}
