{
    "date": "2024/04/01",
    "name": "西部病院前",
    "position": "-",
    "system": "",
    "destinations": [
        "矢指町入口",
        "程ヶ谷カントリークラブ前",
        "川井橋",
        "東根",
        "原分",
        "亀甲山",
        "大貫橋",
        "若葉台南",
        "地区公園",
        "若葉台中央(横浜市旭区)"
    ],
    "weekday": [
        "6:39",
        "7:06",
        "7:29",
        "8:09",
        "8:37",
        "9:33",
        "10:33",
        "11:33",
        "12:33",
        "13:33",
        "14:33",
        "15:37",
        "16:37",
        "17:33",
        "18:37",
        "19:33",
        "20:33",
        "21:33"
    ],
    "saturday": [
        "6:48",
        "7:33",
        "8:33",
        "9:39",
        "10:39",
        "11:39",
        "12:39",
        "13:39",
        "14:39",
        "15:39",
        "16:39",
        "17:39",
        "18:39",
        "19:39",
        "20:18"
    ],
    "holiday": [
        "7:39",
        "8:39",
        "9:39",
        "10:39",
        "11:39",
        "12:39",
        "13:39",
        "14:39",
        "15:39",
        "16:39",
        "17:39",
        "18:33",
        "19:33",
        "20:28"
    ],
    "url": "https://www.kanachu.co.jp/dia/diagram/timetable01_js/course:0000802188-4/node:00129724/kt:0/lname:/"
}
