{
    "date": "2025/04/01",
    "name": "森野三丁目",
    "position": "-",
    "system": "町45",
    "destinations": [
        "市民病院前(町田市)",
        "浄水場前(町田市)",
        "滝の沢(町田市)",
        "木曽住宅",
        "三家(町田市)",
        "木曽(町田市)",
        "忠生公園入口",
        "上宿(町田市)",
        "下根岸(町田市)",
        "根岸(根岸町/町田市)",
        "馬駈",
        "図師大橋",
        "図師",
        "並木(町田市)",
        "ろうわ学校",
        "南多摩整形外科",
        "都立野津田高校"
    ],
    "weekday": [
        "7:21",
        "7:45",
        "7:55"
    ],
    "saturday": [],
    "holiday": [],
    "url": "https://www.kanachu.co.jp/dia/diagram/timetable01_js/course:0000802472-4/node:00129358/kt:0/lname:/"
}
