{
    "date": "2025/04/01",
    "name": "図師大橋",
    "position": "-",
    "system": "町45",
    "destinations": [
        "図師",
        "並木(町田市)",
        "ろうわ学校",
        "南多摩整形外科",
        "都立野津田高校"
    ],
    "weekday": [
        "7:37",
        "8:02",
        "8:12"
    ],
    "saturday": [],
    "holiday": [],
    "url": "https://www.kanachu.co.jp/dia/diagram/timetable01_js/course:0000802472-16/node:00129369/kt:0/lname:/"
}
