{
    "date": "2025/03/15",
    "name": "鶴が台名店街入口",
    "position": "-",
    "system": "茅15",
    "destinations": [
        "鶴が台中学校前",
        "鶴が台入口",
        "ニュータウン入口(茅ケ崎市)",
        "神奈中営業所前",
        "前の田",
        "中央公園前(茅ケ崎市)",
        "茅ヶ崎駅"
    ],
    "weekday": [
        "5:41",
        "6:01",
        "6:19",
        "6:37",
        "6:49",
        "7:01",
        "7:13",
        "7:25",
        "7:42",
        "7:51",
        "8:01",
        "8:16",
        "8:47",
        "9:01",
        "9:41",
        "10:01",
        "10:41",
        "11:35",
        "12:35",
        "13:35",
        "14:35",
        "15:35",
        "16:29",
        "17:29",
        "18:36",
        "19:31"
    ],
    "saturday": [
        "6:17",
        "6:51",
        "7:21",
        "7:51",
        "8:21",
        "8:51",
        "9:21",
        "9:51",
        "10:06",
        "11:06",
        "12:06",
        "13:06",
        "14:06",
        "15:06",
        "16:06",
        "17:06",
        "18:06",
        "19:06"
    ],
    "holiday": [
        "6:17",
        "6:51",
        "7:21",
        "8:21",
        "9:06",
        "10:06",
        "11:06",
        "12:06",
        "13:06",
        "14:06",
        "15:06",
        "16:06",
        "17:06",
        "18:06",
        "19:06"
    ],
    "url": "https://www.kanachu.co.jp/dia/diagram/timetable01_js/course:0000800284-2/node:00127155/kt:0/lname:/"
}
