{
    "date": "2025/03/15",
    "name": "鶴が台入口",
    "position": "-",
    "system": "茅15",
    "destinations": [
        "ニュータウン入口(茅ケ崎市)",
        "神奈中営業所前",
        "前の田",
        "中央公園前(茅ケ崎市)",
        "茅ヶ崎駅"
    ],
    "weekday": [
        "5:44",
        "6:04",
        "6:22",
        "6:40",
        "6:52",
        "7:04",
        "7:16",
        "7:28",
        "7:45",
        "7:54",
        "8:04",
        "8:19",
        "8:50",
        "9:04",
        "9:44",
        "10:04",
        "10:44",
        "11:38",
        "12:38",
        "13:38",
        "14:38",
        "15:38",
        "16:32",
        "17:32",
        "18:39",
        "19:34"
    ],
    "saturday": [
        "6:20",
        "6:54",
        "7:24",
        "7:54",
        "8:24",
        "8:54",
        "9:24",
        "9:54",
        "10:09",
        "11:09",
        "12:09",
        "13:09",
        "14:09",
        "15:09",
        "16:09",
        "17:09",
        "18:09",
        "19:09"
    ],
    "holiday": [
        "6:20",
        "6:54",
        "7:24",
        "8:24",
        "9:09",
        "10:09",
        "11:09",
        "12:09",
        "13:09",
        "14:09",
        "15:09",
        "16:09",
        "17:09",
        "18:09",
        "19:09"
    ],
    "url": "https://www.kanachu.co.jp/dia/diagram/timetable01_js/course:0000800284-4/node:00127139/kt:0/lname:/"
}
