{
    "date": "2024/11/16",
    "name": "相生町(藤沢市)",
    "position": "-",
    "system": "藤13",
    "destinations": [
        "南仲通り",
        "藤沢小学校前",
        "遊行寺前",
        "藤沢公民館前",
        "本町消防出張所前",
        "藤沢市民病院",
        "白旗交差点",
        "台町(藤沢市)",
        "湘南高校前",
        "一中入口(藤沢市)",
        "引地橋",
        "メルシャン前",
        "羽鳥(藤沢市)",
        "辻堂入口",
        "四ツ谷(藤沢市)",
        "城南一丁目",
        "大庭隧道",
        "有藤",
        "西高校前(藤沢市)",
        "南センター前(藤沢市)",
        "小糸",
        "大庭小学校",
        "ライフタウン中央(藤沢市)",
        "二番構保健医療センター",
        "駒寄",
        "滝の沢(藤沢市)",
        "滝の沢不動前",
        "湘南ライフタウン"
    ],
    "weekday": [
        "8:37",
        "14:39"
    ],
    "saturday": [],
    "holiday": [],
    "url": "https://www.kanachu.co.jp/dia/diagram/timetable01_js/course:0000802695-3/node:00126972/kt:0/lname:/"
}
