{
    "date": "2024/11/16",
    "name": "メルシャン前",
    "position": "-",
    "system": "藤13",
    "destinations": [
        "羽鳥(藤沢市)",
        "辻堂入口",
        "四ツ谷(藤沢市)",
        "城南一丁目",
        "大庭隧道",
        "有藤",
        "西高校前(藤沢市)",
        "南センター前(藤沢市)",
        "小糸",
        "大庭小学校",
        "ライフタウン中央(藤沢市)",
        "二番構保健医療センター",
        "駒寄",
        "滝の沢(藤沢市)",
        "滝の沢不動前",
        "湘南ライフタウン"
    ],
    "weekday": [
        "8:55",
        "14:57"
    ],
    "saturday": [],
    "holiday": [],
    "url": "https://www.kanachu.co.jp/dia/diagram/timetable01_js/course:0000802695-15/node:00127053/kt:0/lname:/"
}
