{
    "date": "2025/03/15",
    "name": "大塚上町",
    "position": "-",
    "system": "",
    "destinations": [
        "さがみ野駅"
    ],
    "weekday": [
        "6:49",
        "7:20",
        "7:49"
    ],
    "saturday": [
        "8:50",
        "16:20",
        "17:50"
    ],
    "holiday": [
        "8:50",
        "16:20",
        "17:50"
    ],
    "url": "https://www.kanachu.co.jp/dia/diagram/timetable01_js/course:0000802335-20/node:00129871/kt:0/lname:/"
}
