{
    "date": "2025/08/30",
    "name": "六ツ川四丁目",
    "position": "-",
    "system": "戸45",
    "destinations": [
        "こども医療センター",
        "引越坂",
        "大池(横浜市南区)",
        "上六ツ川",
        "六ツ川町",
        "弘明寺口",
        "南永田",
        "住宅前(横浜市南区)",
        "井土ヶ谷",
        "南センター(横浜市南区)",
        "Y校前",
        "南太田駅前",
        "前里町",
        "吉野町駅前",
        "吉野町一丁目",
        "阪東橋(地下鉄阪東橋駅前)",
        "白妙町",
        "南区総合庁舎前",
        "市大センター病院前",
        "浦舟町",
        "白妙町",
        "阪東橋",
        "横浜橋",
        "曙町(横浜市中区)",
        "長者町五丁目",
        "羽衣町(横浜市中区)",
        "尾上町(横浜市中区)",
        "本町四丁目(横浜市中区)",
        "横浜市役所前",
        "桜木町駅前"
    ],
    "weekday": [
        "9:06",
        "14:30"
    ],
    "saturday": [],
    "holiday": [],
    "url": "https://www.kanachu.co.jp/dia/diagram/timetable01_js/course:0000803409-13/node:00126622/kt:0/lname:/"
}
