{
    "date": "2025/08/30",
    "name": "南センター(横浜市南区)",
    "position": "-",
    "system": "戸45",
    "destinations": [
        "Y校前",
        "南太田駅前",
        "前里町",
        "吉野町駅前",
        "吉野町一丁目",
        "阪東橋(地下鉄阪東橋駅前)",
        "白妙町",
        "南区総合庁舎前",
        "市大センター病院前",
        "浦舟町",
        "白妙町",
        "阪東橋",
        "横浜橋",
        "曙町(横浜市中区)",
        "長者町五丁目",
        "羽衣町(横浜市中区)",
        "尾上町(横浜市中区)",
        "本町四丁目(横浜市中区)",
        "横浜市役所前",
        "桜木町駅前"
    ],
    "weekday": [
        "9:25",
        "14:49"
    ],
    "saturday": [],
    "holiday": [],
    "url": "https://www.kanachu.co.jp/dia/diagram/timetable01_js/course:0000803409-23/node:00126631/kt:0/lname:/"
}
