{
    "date": "2025/08/30",
    "name": "吉野町一丁目",
    "position": "-",
    "system": "戸45",
    "destinations": [
        "阪東橋(地下鉄阪東橋駅前)",
        "白妙町",
        "南区総合庁舎前",
        "市大センター病院前",
        "浦舟町",
        "白妙町",
        "阪東橋",
        "横浜橋",
        "曙町(横浜市中区)",
        "長者町五丁目",
        "羽衣町(横浜市中区)",
        "尾上町(横浜市中区)",
        "本町四丁目(横浜市中区)",
        "横浜市役所前",
        "桜木町駅前"
    ],
    "weekday": [
        "9:34",
        "14:58"
    ],
    "saturday": [],
    "holiday": [],
    "url": "https://www.kanachu.co.jp/dia/diagram/timetable01_js/course:0000803409-28/node:00103232/kt:0/lname:/"
}
