{
    "date": "2025/08/30",
    "name": "長者町五丁目",
    "position": "-",
    "system": "戸45",
    "destinations": [
        "羽衣町(横浜市中区)",
        "尾上町(横浜市中区)",
        "本町四丁目(横浜市中区)",
        "横浜市役所前",
        "桜木町駅前"
    ],
    "weekday": [
        "9:47",
        "15:11"
    ],
    "saturday": [],
    "holiday": [],
    "url": "https://www.kanachu.co.jp/dia/diagram/timetable01_js/course:0000803409-38/node:00102725/kt:0/lname:/"
}
