{
    "date": "2025/11/16",
    "name": "追分(平塚市)",
    "position": "-",
    "system": "平92",
    "destinations": [
        "共済病院前総合公園西",
        "中原一丁目(平塚市)",
        "中原公園前",
        "遺跡公園前(平塚市)",
        "新大縄橋",
        "豊田本郷駅",
        "東橋(平塚市)",
        "矢崎(平塚市)",
        "矢崎大橋",
        "岡崎農協前",
        "稲荷坂(平塚市)",
        "大畑平岡幼稚園前",
        "町谷(平塚市)",
        "丸島",
        "あいの坂",
        "宮上(平塚市)",
        "ふじみ野",
        "竹園小学校入口",
        "竹園小学校前",
        "御岳",
        "岡崎福祉館前",
        "馬渡(伊勢原市)",
        "下大竹",
        "伊勢原中学校前",
        "伊勢原駅南口"
    ],
    "weekday": [
        "6:21",
        "7:00",
        "7:38",
        "8:13",
        "8:57",
        "9:26",
        "10:11",
        "11:11",
        "12:11",
        "13:11",
        "14:11",
        "15:11",
        "16:11",
        "17:06",
        "18:06",
        "18:38",
        "19:06"
    ],
    "saturday": [
        "7:34",
        "8:34",
        "9:21",
        "10:21",
        "11:21",
        "12:21",
        "13:21",
        "14:21",
        "15:21",
        "16:21",
        "17:21",
        "18:31",
        "19:31"
    ],
    "holiday": [
        "7:29",
        "8:34",
        "9:21",
        "10:21",
        "11:21",
        "12:21",
        "13:21",
        "14:21",
        "15:21",
        "16:21",
        "17:21",
        "18:31",
        "19:34"
    ],
    "url": "https://www.kanachu.co.jp/dia/diagram/timetable01_js/course:0000802263-6/node:00127556/kt:0/lname:/"
}
