{
    "date": "2023/10/01",
    "name": "市役所(大和市)",
    "position": "-",
    "system": "ー",
    "destinations": [
        "市立病院(大和市)",
        "オークシティ前",
        "鶴間二丁目",
        "山王原西公園",
        "山王原公園",
        "山王原(大和市)",
        "下鶴間",
        "つきみ野2丁目南",
        "つきみ野2丁目",
        "つきみ野3丁目",
        "大和高校入口",
        "中央林間4丁目",
        "中央林間駅",
        "中央林間駅南"
    ],
    "weekday": [
        "7:55",
        "9:35",
        "11:20",
        "13:00",
        "14:45",
        "16:25",
        "18:10"
    ],
    "saturday": [
        "7:55",
        "9:45",
        "11:30",
        "13:25",
        "15:10",
        "17:05"
    ],
    "holiday": [
        "7:55",
        "9:45",
        "11:30",
        "13:25",
        "15:10",
        "17:05"
    ],
    "url": "https://www.kanachu.co.jp/dia/diagram/timetable01_js/course:0000803399-1/node:00130414/kt:0/lname:/"
}
