{
    "date": "2023/10/01",
    "name": "山王原公園",
    "position": "-",
    "system": "ー",
    "destinations": [
        "山王原(大和市)",
        "下鶴間",
        "つきみ野2丁目南",
        "つきみ野2丁目",
        "つきみ野3丁目",
        "大和高校入口",
        "中央林間4丁目",
        "中央林間駅",
        "中央林間駅南"
    ],
    "weekday": [
        "8:02",
        "9:42",
        "11:27",
        "13:07",
        "14:52",
        "16:32",
        "18:17"
    ],
    "saturday": [
        "8:02",
        "9:52",
        "11:37",
        "13:32",
        "15:17",
        "17:12"
    ],
    "holiday": [
        "8:02",
        "9:52",
        "11:37",
        "13:32",
        "15:17",
        "17:12"
    ],
    "url": "https://www.kanachu.co.jp/dia/diagram/timetable01_js/course:0000803399-6/node:00130447/kt:0/lname:/"
}
