{
    "date": "2023/10/01",
    "name": "山王原(大和市)",
    "position": "-",
    "system": "",
    "destinations": [
        "下鶴間",
        "つきみ野2丁目南",
        "つきみ野2丁目",
        "つきみ野3丁目",
        "大和高校入口",
        "中央林間4丁目",
        "中央林間駅",
        "中央林間駅南"
    ],
    "weekday": [
        "8:03",
        "9:43",
        "11:28",
        "13:08",
        "14:53",
        "16:33",
        "18:18"
    ],
    "saturday": [
        "8:03",
        "9:53",
        "11:38",
        "13:33",
        "15:18",
        "17:13"
    ],
    "holiday": [
        "8:03",
        "9:53",
        "11:38",
        "13:33",
        "15:18",
        "17:13"
    ],
    "url": "https://www.kanachu.co.jp/dia/diagram/timetable01_js/course:0000803399-7/node:00129526/kt:0/lname:/"
}
