{
    "date": "2023/10/01",
    "name": "つきみ野2丁目南",
    "position": "-",
    "system": "ー",
    "destinations": [
        "つきみ野2丁目",
        "つきみ野3丁目",
        "大和高校入口",
        "中央林間4丁目",
        "中央林間駅",
        "中央林間駅南"
    ],
    "weekday": [
        "8:08",
        "9:48",
        "11:33",
        "13:13",
        "14:58",
        "16:38",
        "18:23"
    ],
    "saturday": [
        "8:08",
        "9:58",
        "11:43",
        "13:38",
        "15:23",
        "17:18"
    ],
    "holiday": [
        "8:08",
        "9:58",
        "11:43",
        "13:38",
        "15:23",
        "17:18"
    ],
    "url": "https://www.kanachu.co.jp/dia/diagram/timetable01_js/course:0000803399-9/node:00130462/kt:0/lname:/"
}
