{
    "date": "2023/10/01",
    "name": "つきみ野2丁目",
    "position": "-",
    "system": "ー",
    "destinations": [
        "つきみ野3丁目",
        "大和高校入口",
        "中央林間4丁目",
        "中央林間駅",
        "中央林間駅南"
    ],
    "weekday": [
        "8:10",
        "9:50",
        "11:35",
        "13:15",
        "15:00",
        "16:40",
        "18:25"
    ],
    "saturday": [
        "8:10",
        "10:00",
        "11:45",
        "13:40",
        "15:25",
        "17:20"
    ],
    "holiday": [
        "8:10",
        "10:00",
        "11:45",
        "13:40",
        "15:25",
        "17:20"
    ],
    "url": "https://www.kanachu.co.jp/dia/diagram/timetable01_js/course:0000803399-10/node:00130453/kt:0/lname:/"
}
