{
    "date": "2023/10/01",
    "name": "つきみ野3丁目",
    "position": "-",
    "system": "ー",
    "destinations": [
        "大和高校入口",
        "中央林間4丁目",
        "中央林間駅",
        "中央林間駅南"
    ],
    "weekday": [
        "8:13",
        "9:53",
        "11:38",
        "13:18",
        "15:03",
        "16:43",
        "18:28"
    ],
    "saturday": [
        "8:13",
        "10:03",
        "11:48",
        "13:43",
        "15:28",
        "17:23"
    ],
    "holiday": [
        "8:13",
        "10:03",
        "11:48",
        "13:43",
        "15:28",
        "17:23"
    ],
    "url": "https://www.kanachu.co.jp/dia/diagram/timetable01_js/course:0000803399-11/node:00130454/kt:0/lname:/"
}
