{
    "date": "2023/10/01",
    "name": "大和高校入口",
    "position": "-",
    "system": "",
    "destinations": [
        "中央林間4丁目",
        "中央林間駅",
        "中央林間駅南"
    ],
    "weekday": [
        "8:14",
        "9:54",
        "11:39",
        "13:19",
        "15:04",
        "16:44",
        "18:29"
    ],
    "saturday": [
        "8:14",
        "10:04",
        "11:49",
        "13:44",
        "15:29",
        "17:24"
    ],
    "holiday": [
        "8:14",
        "10:04",
        "11:49",
        "13:44",
        "15:29",
        "17:24"
    ],
    "url": "https://www.kanachu.co.jp/dia/diagram/timetable01_js/course:0000803399-12/node:00130455/kt:0/lname:/"
}
