{
    "date": "2025/11/16",
    "name": "明石町一丁目",
    "position": "-",
    "system": "平97",
    "destinations": [
        "明石町(平塚市)",
        "崇善小学校前",
        "江陽中学校前(平塚市)",
        "美術館入口(平塚市)",
        "総合公園(平塚市)",
        "平塚球場",
        "北新町",
        "第一三共前(平塚市)",
        "三菱ケミカル前",
        "湘南車検場前",
        "打間木下",
        "打間木上",
        "美里",
        "下島(平塚市)",
        "四ツ谷入口(平塚市)",
        "大島(平塚市)",
        "大島北",
        "大島南入口",
        "平間入口",
        "河内(伊勢原市)",
        "東沼目",
        "上平間",
        "平間児童館前",
        "天王原",
        "藤田電機前(伊勢原市)",
        "三福寺前",
        "下宿(伊勢原市)",
        "伊勢原駅南口"
    ],
    "weekday": [
        "7:26",
        "8:55",
        "10:41",
        "13:31",
        "15:46",
        "17:26",
        "17:56",
        "19:46"
    ],
    "saturday": [
        "7:41",
        "9:06",
        "11:46",
        "13:41",
        "15:38",
        "17:38"
    ],
    "holiday": [
        "7:41",
        "9:06",
        "11:46",
        "13:41",
        "15:38",
        "17:38"
    ],
    "url": "https://www.kanachu.co.jp/dia/diagram/timetable01_js/course:0000803348-3/node:00127457/kt:0/lname:/"
}
