{
    "date": "2025/11/16",
    "name": "三菱ケミカル前",
    "position": "-",
    "system": "平97",
    "destinations": [
        "湘南車検場前",
        "打間木下",
        "打間木上",
        "美里",
        "下島(平塚市)",
        "四ツ谷入口(平塚市)",
        "大島(平塚市)",
        "大島北",
        "大島南入口",
        "平間入口",
        "河内(伊勢原市)",
        "東沼目",
        "上平間",
        "平間児童館前",
        "天王原",
        "藤田電機前(伊勢原市)",
        "三福寺前",
        "下宿(伊勢原市)",
        "伊勢原駅南口"
    ],
    "weekday": [
        "7:35",
        "9:04",
        "10:50",
        "13:40",
        "15:55",
        "17:35",
        "18:05",
        "19:55"
    ],
    "saturday": [
        "7:50",
        "9:15",
        "11:55",
        "13:50",
        "15:47",
        "17:47"
    ],
    "holiday": [
        "7:50",
        "9:15",
        "11:55",
        "13:50",
        "15:47",
        "17:47"
    ],
    "url": "https://www.kanachu.co.jp/dia/diagram/timetable01_js/course:0000803348-12/node:00127632/kt:0/lname:/"
}
