{
    "date": "2025/11/16",
    "name": "湘南車検場前",
    "position": "-",
    "system": "平97",
    "destinations": [
        "打間木下",
        "打間木上",
        "美里",
        "下島(平塚市)",
        "四ツ谷入口(平塚市)",
        "大島(平塚市)",
        "大島北",
        "大島南入口",
        "平間入口",
        "河内(伊勢原市)",
        "東沼目",
        "上平間",
        "平間児童館前",
        "天王原",
        "藤田電機前(伊勢原市)",
        "三福寺前",
        "下宿(伊勢原市)",
        "伊勢原駅南口"
    ],
    "weekday": [
        "7:36",
        "9:05",
        "10:51",
        "13:41",
        "15:56",
        "17:36",
        "18:06",
        "19:56"
    ],
    "saturday": [
        "7:51",
        "9:16",
        "11:56",
        "13:51",
        "15:48",
        "17:48"
    ],
    "holiday": [
        "7:51",
        "9:16",
        "11:56",
        "13:51",
        "15:48",
        "17:48"
    ],
    "url": "https://www.kanachu.co.jp/dia/diagram/timetable01_js/course:0000803348-13/node:00127693/kt:0/lname:/"
}
