{
    "date": "2025/11/16",
    "name": "天王原",
    "position": "-",
    "system": "平97",
    "destinations": [
        "藤田電機前(伊勢原市)",
        "三福寺前",
        "下宿(伊勢原市)",
        "伊勢原駅南口"
    ],
    "weekday": [
        "7:49",
        "9:18",
        "11:03",
        "13:53",
        "16:08",
        "17:49",
        "18:19",
        "20:08"
    ],
    "saturday": [
        "8:03",
        "9:28",
        "12:08",
        "14:03",
        "16:00",
        "18:00"
    ],
    "holiday": [
        "8:03",
        "9:28",
        "12:08",
        "14:03",
        "16:00",
        "18:00"
    ],
    "url": "https://www.kanachu.co.jp/dia/diagram/timetable01_js/course:0000803348-27/node:00128113/kt:0/lname:/"
}
