{
    "date": "2025/03/15",
    "name": "元木(横浜市泉区)",
    "position": "-",
    "system": "湘07",
    "destinations": [
        "下飯田",
        "南小学校前(横浜市泉区)",
        "四ツ谷(横浜市泉区)",
        "下和泉",
        "原田(横浜市泉区)",
        "大丸(横浜市泉区)",
        "萩丸",
        "西原(横浜市泉区)",
        "立場ターミナル"
    ],
    "weekday": [
        "5:48",
        "6:50",
        "7:50",
        "8:50",
        "9:50",
        "10:50",
        "11:50",
        "12:50",
        "13:50",
        "14:50",
        "15:50",
        "16:50",
        "17:50",
        "18:50",
        "19:59"
    ],
    "saturday": [
        "7:10",
        "8:10",
        "9:10",
        "10:10",
        "11:10",
        "12:10",
        "13:10",
        "14:10",
        "15:10",
        "16:10",
        "17:10",
        "18:10",
        "19:10"
    ],
    "holiday": [
        "7:10",
        "8:10",
        "9:10",
        "10:10",
        "11:10",
        "12:10",
        "13:10",
        "14:10",
        "15:10",
        "16:10",
        "17:10",
        "18:10",
        "19:10"
    ],
    "url": "https://www.kanachu.co.jp/dia/diagram/timetable01_js/course:0000800112-6/node:00126876/kt:0/lname:/"
}
