{
    "date": "2025/03/15",
    "name": "四ツ谷(横浜市泉区)",
    "position": "-",
    "system": "湘07",
    "destinations": [
        "下和泉",
        "原田(横浜市泉区)",
        "大丸(横浜市泉区)",
        "萩丸",
        "西原(横浜市泉区)",
        "立場ターミナル"
    ],
    "weekday": [
        "5:51",
        "6:53",
        "7:53",
        "8:53",
        "9:53",
        "10:53",
        "11:53",
        "12:53",
        "13:53",
        "14:53",
        "15:53",
        "16:53",
        "17:53",
        "18:53",
        "20:02"
    ],
    "saturday": [
        "7:13",
        "8:13",
        "9:13",
        "10:13",
        "11:13",
        "12:13",
        "13:13",
        "14:13",
        "15:13",
        "16:13",
        "17:13",
        "18:13",
        "19:13"
    ],
    "holiday": [
        "7:13",
        "8:13",
        "9:13",
        "10:13",
        "11:13",
        "12:13",
        "13:13",
        "14:13",
        "15:13",
        "16:13",
        "17:13",
        "18:13",
        "19:13"
    ],
    "url": "https://www.kanachu.co.jp/dia/diagram/timetable01_js/course:0000800112-9/node:00126873/kt:0/lname:/"
}
