{
    "date": "2025/03/15",
    "name": "大丸(横浜市泉区)",
    "position": "-",
    "system": "湘07",
    "destinations": [
        "萩丸",
        "西原(横浜市泉区)",
        "立場ターミナル"
    ],
    "weekday": [
        "5:56",
        "6:58",
        "7:58",
        "8:58",
        "9:58",
        "10:58",
        "11:58",
        "12:58",
        "13:58",
        "14:58",
        "15:58",
        "16:58",
        "17:58",
        "18:58",
        "20:07"
    ],
    "saturday": [
        "7:18",
        "8:18",
        "9:18",
        "10:18",
        "11:18",
        "12:18",
        "13:18",
        "14:18",
        "15:18",
        "16:18",
        "17:18",
        "18:18",
        "19:18"
    ],
    "holiday": [
        "7:18",
        "8:18",
        "9:18",
        "10:18",
        "11:18",
        "12:18",
        "13:18",
        "14:18",
        "15:18",
        "16:18",
        "17:18",
        "18:18",
        "19:18"
    ],
    "url": "https://www.kanachu.co.jp/dia/diagram/timetable01_js/course:0000800112-12/node:00126870/kt:0/lname:/"
}
