{
    "date": "2025/11/16",
    "name": "伊勢原駅北口",
    "position": "-",
    "system": "伊44",
    "destinations": [
        "本町(伊勢原市)",
        "中央公民館前(伊勢原市)",
        "関台",
        "団地南(伊勢原市)",
        "団地西(伊勢原市)",
        "鈴川会館前",
        "団地中央(伊勢原市)",
        "団地東(伊勢原市)",
        "市ノ坪",
        "伊勢原車庫"
    ],
    "weekday": [
        "7:15",
        "7:45",
        "8:00",
        "8:15",
        "8:32",
        "9:05",
        "9:55",
        "10:35",
        "11:35",
        "12:35",
        "13:35",
        "14:35",
        "15:05",
        "16:05",
        "17:05",
        "18:05"
    ],
    "saturday": [
        "7:59",
        "10:30",
        "11:30",
        "12:30",
        "13:30",
        "14:30",
        "15:30"
    ],
    "holiday": [
        "10:30",
        "11:30",
        "12:30",
        "13:30",
        "14:30",
        "15:30"
    ],
    "url": "https://www.kanachu.co.jp/dia/diagram/timetable01_js/course:0000800056-1/node:00128127/kt:0/lname:/"
}
