{
    "date": "2025/11/16",
    "name": "団地南(伊勢原市)",
    "position": "-",
    "system": "伊44",
    "destinations": [
        "団地西(伊勢原市)",
        "鈴川会館前",
        "団地中央(伊勢原市)",
        "団地東(伊勢原市)",
        "市ノ坪",
        "伊勢原車庫"
    ],
    "weekday": [
        "7:19",
        "7:49",
        "8:04",
        "8:19",
        "8:36",
        "9:09",
        "9:59",
        "10:39",
        "11:39",
        "12:39",
        "13:39",
        "14:39",
        "15:09",
        "16:09",
        "17:09",
        "18:09"
    ],
    "saturday": [
        "8:03",
        "10:34",
        "11:34",
        "12:34",
        "13:34",
        "14:34",
        "15:34"
    ],
    "holiday": [
        "10:34",
        "11:34",
        "12:34",
        "13:34",
        "14:34",
        "15:34"
    ],
    "url": "https://www.kanachu.co.jp/dia/diagram/timetable01_js/course:0000800056-5/node:00128138/kt:0/lname:/"
}
