{
    "date": "2025/11/16",
    "name": "鈴川会館前",
    "position": "-",
    "system": "伊44",
    "destinations": [
        "団地中央(伊勢原市)",
        "団地東(伊勢原市)",
        "市ノ坪",
        "伊勢原車庫"
    ],
    "weekday": [
        "7:21",
        "7:51",
        "8:06",
        "8:21",
        "8:38",
        "9:11",
        "10:01",
        "10:41",
        "11:41",
        "12:41",
        "13:41",
        "14:41",
        "15:11",
        "16:11",
        "17:11",
        "18:11"
    ],
    "saturday": [
        "8:05",
        "10:36",
        "11:36",
        "12:36",
        "13:36",
        "14:36",
        "15:36"
    ],
    "holiday": [
        "10:36",
        "11:36",
        "12:36",
        "13:36",
        "14:36",
        "15:36"
    ],
    "url": "https://www.kanachu.co.jp/dia/diagram/timetable01_js/course:0000800056-7/node:00128140/kt:0/lname:/"
}
