{
    "date": "2021/02/22",
    "name": "崇善小学校前",
    "position": "-",
    "system": "平99",
    "destinations": [
        "江陽中学校前(平塚市)",
        "美術館入口(平塚市)",
        "平塚盲学校前",
        "共済病院前総合公園西",
        "追分(平塚市)",
        "立野町(平塚市)",
        "横浜ゴム前",
        "市役所前(ゴム前/平塚市)",
        "四ツ角(平塚市)",
        "平塚駅北口"
    ],
    "weekday": [
        "7:21",
        "7:37",
        "7:50",
        "8:05"
    ],
    "saturday": [],
    "holiday": [],
    "url": "https://www.kanachu.co.jp/dia/diagram/timetable01_js/course:0000802066-5/node:00127597/kt:0/lname:/"
}
