{
    "date": "2021/02/22",
    "name": "美術館入口(平塚市)",
    "position": "-",
    "system": "平99",
    "destinations": [
        "平塚盲学校前",
        "共済病院前総合公園西",
        "追分(平塚市)",
        "立野町(平塚市)",
        "横浜ゴム前",
        "市役所前(ゴム前/平塚市)",
        "四ツ角(平塚市)",
        "平塚駅北口"
    ],
    "weekday": [
        "7:23",
        "7:39",
        "7:52",
        "8:07"
    ],
    "saturday": [],
    "holiday": [],
    "url": "https://www.kanachu.co.jp/dia/diagram/timetable01_js/course:0000802066-7/node:00127599/kt:0/lname:/"
}
