{
    "system": "平99",
    "busstops": [
        {
            "index": "1",
            "id": "00127464",
            "name": "平塚駅北口",
            "lat": "35.328506",
            "lng": "139.35074"
        },
        {
            "index": "2",
            "id": "00127190",
            "name": "四ツ角(平塚市)",
            "lat": "35.330828",
            "lng": "139.350049"
        },
        {
            "index": "3",
            "id": "00127457",
            "name": "明石町一丁目",
            "lat": "35.331382",
            "lng": "139.34897"
        },
        {
            "index": "4",
            "id": "00127458",
            "name": "明石町(平塚市)",
            "lat": "35.331281",
            "lng": "139.347852"
        },
        {
            "index": "5",
            "id": "00127597",
            "name": "崇善小学校前",
            "lat": "35.332967",
            "lng": "139.346703"
        },
        {
            "index": "6",
            "id": "00127598",
            "name": "江陽中学校前(平塚市)",
            "lat": "35.3362",
            "lng": "139.346499"
        },
        {
            "index": "7",
            "id": "00127599",
            "name": "美術館入口(平塚市)",
            "lat": "35.337992",
            "lng": "139.3461"
        },
        {
            "index": "8",
            "id": "00130371",
            "name": "平塚盲学校前",
            "lat": "35.339523",
            "lng": "139.338827"
        },
        {
            "index": "9",
            "id": "00128222",
            "name": "共済病院前総合公園西",
            "lat": "35.338765",
            "lng": "139.337059"
        },
        {
            "index": "10",
            "id": "00127556",
            "name": "追分(平塚市)",
            "lat": "35.336297",
            "lng": "139.339242"
        },
        {
            "index": "11",
            "id": "00127555",
            "name": "立野町(平塚市)",
            "lat": "35.335858",
            "lng": "139.341498"
        },
        {
            "index": "12",
            "id": "00127554",
            "name": "横浜ゴム前",
            "lat": "35.335093",
            "lng": "139.344896"
        },
        {
            "index": "13",
            "id": "00127553",
            "name": "市役所前(ゴム前/平塚市)",
            "lat": "35.333646",
            "lng": "139.347366"
        },
        {
            "index": "14",
            "id": "00127190",
            "name": "四ツ角(平塚市)",
            "lat": "35.330399",
            "lng": "139.350432"
        },
        {
            "index": "15",
            "id": "00127464",
            "name": "平塚駅北口",
            "lat": "35.329255",
            "lng": "139.350287"
        }
    ],
    "route_url": "https://www.kanachu.co.jp/dia/route/index/cid:0000802066/"
}
