{
    "date": "2025/11/16",
    "name": "共済病院前総合公園西",
    "position": "-",
    "system": "平90",
    "destinations": [
        "中原下宿",
        "中原御殿",
        "中原上宿",
        "大縄橋",
        "豊田本郷駅",
        "東橋(平塚市)",
        "矢崎(平塚市)",
        "大句",
        "城所入口",
        "矢羽根",
        "馬渡(伊勢原市)",
        "団地下大竹",
        "団地南口(伊勢原市)",
        "ひかり幼稚園前",
        "千津",
        "伊勢原駅南口"
    ],
    "weekday": [
        "6:39",
        "6:51",
        "7:04",
        "7:25",
        "7:37",
        "7:53",
        "8:01",
        "8:14",
        "8:23",
        "8:34",
        "8:42",
        "8:58",
        "9:07",
        "9:46",
        "10:06",
        "10:26",
        "10:46",
        "11:06",
        "11:26",
        "11:46",
        "12:06",
        "12:26",
        "12:46",
        "13:06",
        "13:26",
        "13:46",
        "14:06",
        "14:26",
        "14:46",
        "15:06",
        "15:26",
        "15:46",
        "16:06",
        "16:16",
        "16:31",
        "16:46",
        "17:01",
        "17:21",
        "17:41",
        "18:01",
        "18:14",
        "18:26",
        "18:38",
        "19:02",
        "19:14",
        "19:26",
        "19:50",
        "20:14",
        "20:44",
        "21:14",
        "21:44",
        "22:14",
        "23:11"
    ],
    "saturday": [
        "6:59",
        "7:19",
        "7:39",
        "7:59",
        "8:19",
        "8:39",
        "8:59",
        "9:19",
        "9:39",
        "9:59",
        "10:19",
        "10:39",
        "10:59",
        "11:19",
        "11:39",
        "11:59",
        "12:19",
        "12:39",
        "12:59",
        "13:19",
        "13:39",
        "13:59",
        "14:19",
        "14:39",
        "14:59",
        "15:19",
        "15:39",
        "15:59",
        "16:19",
        "16:39",
        "16:59",
        "17:19",
        "17:39",
        "17:59",
        "18:19",
        "18:39",
        "18:59",
        "19:19",
        "19:39",
        "20:04",
        "20:34",
        "21:04",
        "21:34",
        "22:06",
        "23:06"
    ],
    "holiday": [
        "6:59",
        "7:29",
        "7:59",
        "8:19",
        "8:39",
        "8:59",
        "9:19",
        "9:39",
        "9:59",
        "10:19",
        "10:39",
        "10:59",
        "11:19",
        "11:39",
        "11:59",
        "12:19",
        "12:39",
        "12:59",
        "13:19",
        "13:39",
        "13:59",
        "14:19",
        "14:39",
        "14:59",
        "15:19",
        "15:39",
        "15:59",
        "16:19",
        "16:39",
        "16:59",
        "17:19",
        "17:39",
        "17:59",
        "18:19",
        "18:39",
        "19:04",
        "19:34",
        "20:04",
        "20:34",
        "21:04",
        "21:34",
        "22:06",
        "23:06"
    ],
    "url": "https://www.kanachu.co.jp/dia/diagram/timetable01_js/course:0000803040-7/node:00128222/kt:0/lname:/"
}
