{
    "date": "2025/11/16",
    "name": "豊田本郷駅",
    "position": "-",
    "system": "平90",
    "destinations": [
        "東橋(平塚市)",
        "矢崎(平塚市)",
        "大句",
        "城所入口",
        "矢羽根",
        "馬渡(伊勢原市)",
        "団地下大竹",
        "団地南口(伊勢原市)",
        "ひかり幼稚園前",
        "千津",
        "伊勢原駅南口"
    ],
    "weekday": [
        "6:46",
        "6:58",
        "7:12",
        "7:33",
        "7:45",
        "8:01",
        "8:09",
        "8:22",
        "8:31",
        "8:42",
        "8:50",
        "9:06",
        "9:15",
        "9:54",
        "10:14",
        "10:34",
        "10:54",
        "11:14",
        "11:34",
        "11:54",
        "12:14",
        "12:34",
        "12:54",
        "13:14",
        "13:34",
        "13:54",
        "14:14",
        "14:34",
        "14:54",
        "15:14",
        "15:34",
        "15:54",
        "16:15",
        "16:25",
        "16:40",
        "16:55",
        "17:10",
        "17:30",
        "17:50",
        "18:10",
        "18:23",
        "18:35",
        "18:47",
        "19:11",
        "19:23",
        "19:33",
        "19:56",
        "20:20",
        "20:50",
        "21:20",
        "21:50",
        "22:20",
        "23:17"
    ],
    "saturday": [
        "7:07",
        "7:27",
        "7:47",
        "8:07",
        "8:27",
        "8:47",
        "9:07",
        "9:27",
        "9:47",
        "10:07",
        "10:27",
        "10:47",
        "11:07",
        "11:27",
        "11:47",
        "12:07",
        "12:27",
        "12:47",
        "13:07",
        "13:27",
        "13:47",
        "14:07",
        "14:27",
        "14:47",
        "15:07",
        "15:27",
        "15:47",
        "16:07",
        "16:27",
        "16:47",
        "17:07",
        "17:27",
        "17:47",
        "18:07",
        "18:27",
        "18:47",
        "19:07",
        "19:27",
        "19:46",
        "20:11",
        "20:41",
        "21:11",
        "21:41",
        "22:13",
        "23:13"
    ],
    "holiday": [
        "7:07",
        "7:37",
        "8:07",
        "8:27",
        "8:47",
        "9:07",
        "9:27",
        "9:47",
        "10:07",
        "10:27",
        "10:47",
        "11:07",
        "11:27",
        "11:47",
        "12:07",
        "12:27",
        "12:47",
        "13:07",
        "13:27",
        "13:47",
        "14:07",
        "14:27",
        "14:47",
        "15:07",
        "15:27",
        "15:47",
        "16:07",
        "16:27",
        "16:47",
        "17:07",
        "17:27",
        "17:47",
        "18:07",
        "18:27",
        "18:47",
        "19:12",
        "19:41",
        "20:11",
        "20:41",
        "21:11",
        "21:41",
        "22:13",
        "23:13"
    ],
    "url": "https://www.kanachu.co.jp/dia/diagram/timetable01_js/course:0000803040-12/node:00128065/kt:0/lname:/"
}
