{
    "date": "2025/11/16",
    "name": "東橋(平塚市)",
    "position": "-",
    "system": "平90",
    "destinations": [
        "矢崎(平塚市)",
        "大句",
        "城所入口",
        "矢羽根",
        "馬渡(伊勢原市)",
        "団地下大竹",
        "団地南口(伊勢原市)",
        "ひかり幼稚園前",
        "千津",
        "伊勢原駅南口"
    ],
    "weekday": [
        "6:47",
        "6:59",
        "7:13",
        "7:34",
        "7:46",
        "8:02",
        "8:10",
        "8:23",
        "8:32",
        "8:43",
        "8:51",
        "9:07",
        "9:16",
        "9:55",
        "10:15",
        "10:35",
        "10:55",
        "11:15",
        "11:35",
        "11:55",
        "12:15",
        "12:35",
        "12:55",
        "13:15",
        "13:35",
        "13:55",
        "14:15",
        "14:35",
        "14:55",
        "15:15",
        "15:35",
        "15:55",
        "16:16",
        "16:26",
        "16:41",
        "16:56",
        "17:11",
        "17:31",
        "17:51",
        "18:11",
        "18:24",
        "18:36",
        "18:48",
        "19:12",
        "19:24",
        "19:34",
        "19:57",
        "20:21",
        "20:51",
        "21:21",
        "21:51",
        "22:21",
        "23:18"
    ],
    "saturday": [
        "7:08",
        "7:28",
        "7:48",
        "8:08",
        "8:28",
        "8:48",
        "9:08",
        "9:28",
        "9:48",
        "10:08",
        "10:28",
        "10:48",
        "11:08",
        "11:28",
        "11:48",
        "12:08",
        "12:28",
        "12:48",
        "13:08",
        "13:28",
        "13:48",
        "14:08",
        "14:28",
        "14:48",
        "15:08",
        "15:28",
        "15:48",
        "16:08",
        "16:28",
        "16:48",
        "17:08",
        "17:28",
        "17:48",
        "18:08",
        "18:28",
        "18:48",
        "19:08",
        "19:28",
        "19:47",
        "20:12",
        "20:42",
        "21:12",
        "21:42",
        "22:14",
        "23:14"
    ],
    "holiday": [
        "7:08",
        "7:38",
        "8:08",
        "8:28",
        "8:48",
        "9:08",
        "9:28",
        "9:48",
        "10:08",
        "10:28",
        "10:48",
        "11:08",
        "11:28",
        "11:48",
        "12:08",
        "12:28",
        "12:48",
        "13:08",
        "13:28",
        "13:48",
        "14:08",
        "14:28",
        "14:48",
        "15:08",
        "15:28",
        "15:48",
        "16:08",
        "16:28",
        "16:48",
        "17:08",
        "17:28",
        "17:48",
        "18:08",
        "18:28",
        "18:48",
        "19:13",
        "19:42",
        "20:12",
        "20:42",
        "21:12",
        "21:42",
        "22:14",
        "23:14"
    ],
    "url": "https://www.kanachu.co.jp/dia/diagram/timetable01_js/course:0000803040-13/node:00128064/kt:0/lname:/"
}
