{
    "date": "2025/11/16",
    "name": "大句",
    "position": "-",
    "system": "平90",
    "destinations": [
        "城所入口",
        "矢羽根",
        "馬渡(伊勢原市)",
        "団地下大竹",
        "団地南口(伊勢原市)",
        "ひかり幼稚園前",
        "千津",
        "伊勢原駅南口"
    ],
    "weekday": [
        "6:51",
        "7:02",
        "7:17",
        "7:38",
        "7:50",
        "8:06",
        "8:14",
        "8:27",
        "8:36",
        "8:47",
        "8:55",
        "9:11",
        "9:20",
        "9:59",
        "10:19",
        "10:39",
        "10:59",
        "11:19",
        "11:39",
        "11:59",
        "12:19",
        "12:39",
        "12:59",
        "13:19",
        "13:39",
        "13:59",
        "14:19",
        "14:39",
        "14:59",
        "15:19",
        "15:39",
        "15:59",
        "16:21",
        "16:31",
        "16:46",
        "17:01",
        "17:16",
        "17:36",
        "17:56",
        "18:16",
        "18:29",
        "18:41",
        "18:53",
        "19:17",
        "19:29",
        "19:37",
        "20:00",
        "20:24",
        "20:54",
        "21:24",
        "21:54",
        "22:24",
        "23:21"
    ],
    "saturday": [
        "7:12",
        "7:32",
        "7:52",
        "8:12",
        "8:32",
        "8:52",
        "9:12",
        "9:32",
        "9:52",
        "10:12",
        "10:32",
        "10:52",
        "11:12",
        "11:32",
        "11:52",
        "12:12",
        "12:32",
        "12:52",
        "13:12",
        "13:32",
        "13:52",
        "14:12",
        "14:32",
        "14:52",
        "15:12",
        "15:32",
        "15:52",
        "16:12",
        "16:32",
        "16:52",
        "17:12",
        "17:32",
        "17:52",
        "18:12",
        "18:32",
        "18:52",
        "19:12",
        "19:32",
        "19:50",
        "20:15",
        "20:45",
        "21:15",
        "21:45",
        "22:17",
        "23:17"
    ],
    "holiday": [
        "7:12",
        "7:42",
        "8:12",
        "8:32",
        "8:52",
        "9:12",
        "9:32",
        "9:52",
        "10:12",
        "10:32",
        "10:52",
        "11:12",
        "11:32",
        "11:52",
        "12:12",
        "12:32",
        "12:52",
        "13:12",
        "13:32",
        "13:52",
        "14:12",
        "14:32",
        "14:52",
        "15:12",
        "15:32",
        "15:52",
        "16:12",
        "16:32",
        "16:52",
        "17:12",
        "17:32",
        "17:52",
        "18:12",
        "18:32",
        "18:52",
        "19:17",
        "19:45",
        "20:15",
        "20:45",
        "21:15",
        "21:45",
        "22:17",
        "23:17"
    ],
    "url": "https://www.kanachu.co.jp/dia/diagram/timetable01_js/course:0000803040-15/node:00128062/kt:0/lname:/"
}
