{
    "date": "2025/11/16",
    "name": "城所入口",
    "position": "-",
    "system": "平90",
    "destinations": [
        "矢羽根",
        "馬渡(伊勢原市)",
        "団地下大竹",
        "団地南口(伊勢原市)",
        "ひかり幼稚園前",
        "千津",
        "伊勢原駅南口"
    ],
    "weekday": [
        "6:52",
        "7:03",
        "7:18",
        "7:39",
        "7:51",
        "8:07",
        "8:15",
        "8:28",
        "8:37",
        "8:48",
        "8:56",
        "9:12",
        "9:21",
        "10:00",
        "10:20",
        "10:40",
        "11:00",
        "11:20",
        "11:40",
        "12:00",
        "12:20",
        "12:40",
        "13:00",
        "13:20",
        "13:40",
        "14:00",
        "14:20",
        "14:40",
        "15:00",
        "15:20",
        "15:40",
        "16:00",
        "16:22",
        "16:32",
        "16:47",
        "17:02",
        "17:17",
        "17:37",
        "17:57",
        "18:17",
        "18:30",
        "18:42",
        "18:54",
        "19:18",
        "19:30",
        "19:38",
        "20:01",
        "20:25",
        "20:55",
        "21:25",
        "21:55",
        "22:25",
        "23:22"
    ],
    "saturday": [
        "7:13",
        "7:33",
        "7:53",
        "8:13",
        "8:33",
        "8:53",
        "9:13",
        "9:33",
        "9:53",
        "10:13",
        "10:33",
        "10:53",
        "11:13",
        "11:33",
        "11:53",
        "12:13",
        "12:33",
        "12:53",
        "13:13",
        "13:33",
        "13:53",
        "14:13",
        "14:33",
        "14:53",
        "15:13",
        "15:33",
        "15:53",
        "16:13",
        "16:33",
        "16:53",
        "17:13",
        "17:33",
        "17:53",
        "18:13",
        "18:33",
        "18:53",
        "19:13",
        "19:33",
        "19:51",
        "20:16",
        "20:46",
        "21:16",
        "21:46",
        "22:18",
        "23:18"
    ],
    "holiday": [
        "7:13",
        "7:43",
        "8:13",
        "8:33",
        "8:53",
        "9:13",
        "9:33",
        "9:53",
        "10:13",
        "10:33",
        "10:53",
        "11:13",
        "11:33",
        "11:53",
        "12:13",
        "12:33",
        "12:53",
        "13:13",
        "13:33",
        "13:53",
        "14:13",
        "14:33",
        "14:53",
        "15:13",
        "15:33",
        "15:53",
        "16:13",
        "16:33",
        "16:53",
        "17:13",
        "17:33",
        "17:53",
        "18:13",
        "18:33",
        "18:53",
        "19:18",
        "19:46",
        "20:16",
        "20:46",
        "21:16",
        "21:46",
        "22:18",
        "23:18"
    ],
    "url": "https://www.kanachu.co.jp/dia/diagram/timetable01_js/course:0000803040-16/node:00128061/kt:0/lname:/"
}
