{
    "date": "2025/11/16",
    "name": "団地南口(伊勢原市)",
    "position": "-",
    "system": "平90",
    "destinations": [
        "ひかり幼稚園前",
        "千津",
        "伊勢原駅南口"
    ],
    "weekday": [
        "6:55",
        "7:07",
        "7:22",
        "7:43",
        "7:55",
        "8:11",
        "8:19",
        "8:32",
        "8:41",
        "8:52",
        "9:00",
        "9:16",
        "9:25",
        "10:04",
        "10:24",
        "10:44",
        "11:04",
        "11:24",
        "11:44",
        "12:04",
        "12:24",
        "12:44",
        "13:04",
        "13:24",
        "13:44",
        "14:04",
        "14:24",
        "14:44",
        "15:04",
        "15:24",
        "15:44",
        "16:04",
        "16:26",
        "16:36",
        "16:51",
        "17:06",
        "17:21",
        "17:41",
        "18:01",
        "18:21",
        "18:34",
        "18:46",
        "18:58",
        "19:22",
        "19:34",
        "19:42",
        "20:05",
        "20:29",
        "20:59",
        "21:29",
        "21:59",
        "22:29",
        "23:26"
    ],
    "saturday": [
        "7:17",
        "7:37",
        "7:57",
        "8:17",
        "8:37",
        "8:57",
        "9:17",
        "9:37",
        "9:57",
        "10:17",
        "10:37",
        "10:57",
        "11:17",
        "11:37",
        "11:57",
        "12:17",
        "12:37",
        "12:57",
        "13:17",
        "13:37",
        "13:57",
        "14:17",
        "14:37",
        "14:57",
        "15:17",
        "15:37",
        "15:57",
        "16:17",
        "16:37",
        "16:57",
        "17:17",
        "17:37",
        "17:57",
        "18:17",
        "18:37",
        "18:57",
        "19:17",
        "19:37",
        "19:55",
        "20:20",
        "20:50",
        "21:20",
        "21:50",
        "22:22",
        "23:22"
    ],
    "holiday": [
        "7:17",
        "7:47",
        "8:17",
        "8:37",
        "8:57",
        "9:17",
        "9:37",
        "9:57",
        "10:17",
        "10:37",
        "10:57",
        "11:17",
        "11:37",
        "11:57",
        "12:17",
        "12:37",
        "12:57",
        "13:17",
        "13:37",
        "13:57",
        "14:17",
        "14:37",
        "14:57",
        "15:17",
        "15:37",
        "15:57",
        "16:17",
        "16:37",
        "16:57",
        "17:17",
        "17:37",
        "17:57",
        "18:17",
        "18:37",
        "18:57",
        "19:22",
        "19:50",
        "20:20",
        "20:50",
        "21:20",
        "21:50",
        "22:22",
        "23:22"
    ],
    "url": "https://www.kanachu.co.jp/dia/diagram/timetable01_js/course:0000803040-20/node:00128073/kt:0/lname:/"
}
