{
    "date": "2025/05/11",
    "name": "本郷台駅",
    "position": "-",
    "system": "138",
    "destinations": [
        "滝ノ分",
        "渡戸(横浜市栄区)",
        "西谷戸(横浜市栄区)",
        "小菅ヶ谷橋",
        "小山台(横浜市栄区)",
        "つつじヶ丘(横浜市港南区)",
        "野村港南台",
        "原(横浜市港南区)",
        "日野南中学校前",
        "港南台西公園",
        "横浜女子短期大学前",
        "港南台駅"
    ],
    "weekday": [
        "6:00",
        "6:25",
        "6:50",
        "7:07",
        "7:24",
        "7:40",
        "7:57",
        "8:14",
        "8:35",
        "8:55",
        "9:15",
        "9:35",
        "10:05",
        "10:35",
        "11:05",
        "11:35",
        "12:05",
        "12:35",
        "13:05",
        "13:35",
        "14:05",
        "14:35",
        "15:05",
        "15:35",
        "16:05",
        "16:35",
        "17:05",
        "17:35",
        "18:05",
        "18:35",
        "19:05",
        "19:35",
        "20:05",
        "20:35",
        "21:05",
        "21:38",
        "22:18"
    ],
    "saturday": [
        "7:25",
        "7:55",
        "8:25",
        "8:55",
        "9:25",
        "9:55",
        "10:25",
        "10:55",
        "11:25",
        "11:55",
        "12:25",
        "12:55",
        "13:25",
        "13:55",
        "14:25",
        "14:55",
        "15:25",
        "15:55",
        "16:25",
        "16:55",
        "17:25",
        "17:55",
        "18:25",
        "18:55",
        "19:25",
        "19:55",
        "20:40",
        "21:35"
    ],
    "holiday": [
        "7:25",
        "7:55",
        "8:25",
        "8:55",
        "9:25",
        "9:55",
        "10:25",
        "10:55",
        "11:25",
        "11:55",
        "12:25",
        "12:55",
        "13:25",
        "13:55",
        "14:25",
        "14:55",
        "15:25",
        "15:55",
        "16:25",
        "16:55",
        "17:25",
        "17:55",
        "18:25",
        "18:55",
        "19:25",
        "19:55",
        "20:40",
        "21:35"
    ],
    "url": "https://www.kanachu.co.jp/dia/diagram/timetable01_js/course:0000800905-1/node:00126595/kt:0/lname:/"
}
