{
    "date": "2025/05/11",
    "name": "西谷戸(横浜市栄区)",
    "position": "-",
    "system": "",
    "destinations": [
        "小菅ヶ谷橋",
        "小山台(横浜市栄区)",
        "つつじヶ丘(横浜市港南区)",
        "野村港南台",
        "原(横浜市港南区)",
        "日野南中学校前",
        "港南台西公園",
        "横浜女子短期大学前",
        "港南台駅"
    ],
    "weekday": [
        "6:04",
        "6:29",
        "6:54",
        "7:11",
        "7:28",
        "7:44",
        "8:01",
        "8:18",
        "8:39",
        "8:59",
        "9:19",
        "9:39",
        "10:09",
        "10:39",
        "11:09",
        "11:39",
        "12:09",
        "12:39",
        "13:09",
        "13:39",
        "14:09",
        "14:39",
        "15:09",
        "15:39",
        "16:09",
        "16:39",
        "17:09",
        "17:39",
        "18:09",
        "18:39",
        "19:09",
        "19:39",
        "20:09",
        "20:39",
        "21:09",
        "21:42",
        "22:22"
    ],
    "saturday": [
        "7:29",
        "7:59",
        "8:29",
        "8:59",
        "9:29",
        "9:59",
        "10:29",
        "10:59",
        "11:29",
        "11:59",
        "12:29",
        "12:59",
        "13:29",
        "13:59",
        "14:29",
        "14:59",
        "15:29",
        "15:59",
        "16:29",
        "16:59",
        "17:29",
        "17:59",
        "18:29",
        "18:59",
        "19:29",
        "19:59",
        "20:44",
        "21:39"
    ],
    "holiday": [
        "7:29",
        "7:59",
        "8:29",
        "8:59",
        "9:29",
        "9:59",
        "10:29",
        "10:59",
        "11:29",
        "11:59",
        "12:29",
        "12:59",
        "13:29",
        "13:59",
        "14:29",
        "14:59",
        "15:29",
        "15:59",
        "16:29",
        "16:59",
        "17:29",
        "17:59",
        "18:29",
        "18:59",
        "19:29",
        "19:59",
        "20:44",
        "21:39"
    ],
    "url": "https://www.kanachu.co.jp/dia/diagram/timetable01_js/course:0000800905-4/node:00126599/kt:0/lname:/"
}
