{
    "date": "2025/05/11",
    "name": "日野南中学校前",
    "position": "-",
    "system": "",
    "destinations": [
        "港南台西公園",
        "横浜女子短期大学前",
        "港南台駅"
    ],
    "weekday": [
        "6:11",
        "6:36",
        "7:01",
        "7:19",
        "7:36",
        "7:52",
        "8:09",
        "8:26",
        "8:47",
        "9:07",
        "9:27",
        "9:47",
        "10:17",
        "10:47",
        "11:17",
        "11:47",
        "12:17",
        "12:47",
        "13:17",
        "13:47",
        "14:17",
        "14:47",
        "15:17",
        "15:47",
        "16:17",
        "16:47",
        "17:17",
        "17:47",
        "18:17",
        "18:47",
        "19:16",
        "19:46",
        "20:16",
        "20:46",
        "21:16",
        "21:49",
        "22:29"
    ],
    "saturday": [
        "7:37",
        "8:07",
        "8:37",
        "9:07",
        "9:37",
        "10:07",
        "10:37",
        "11:07",
        "11:37",
        "12:07",
        "12:37",
        "13:07",
        "13:37",
        "14:07",
        "14:37",
        "15:07",
        "15:37",
        "16:07",
        "16:37",
        "17:07",
        "17:37",
        "18:07",
        "18:37",
        "19:07",
        "19:36",
        "20:06",
        "20:51",
        "21:46"
    ],
    "holiday": [
        "7:37",
        "8:07",
        "8:37",
        "9:07",
        "9:37",
        "10:07",
        "10:37",
        "11:07",
        "11:37",
        "12:07",
        "12:37",
        "13:07",
        "13:37",
        "14:07",
        "14:37",
        "15:07",
        "15:37",
        "16:07",
        "16:37",
        "17:07",
        "17:37",
        "18:07",
        "18:37",
        "19:07",
        "19:36",
        "20:06",
        "20:51",
        "21:46"
    ],
    "url": "https://www.kanachu.co.jp/dia/diagram/timetable01_js/course:0000800905-10/node:00126553/kt:0/lname:/"
}
