{
    "date": "2025/05/11",
    "name": "港南台西公園",
    "position": "-",
    "system": "",
    "destinations": [
        "横浜女子短期大学前",
        "港南台駅"
    ],
    "weekday": [
        "6:12",
        "6:37",
        "7:02",
        "7:20",
        "7:37",
        "7:53",
        "8:10",
        "8:27",
        "8:48",
        "9:08",
        "9:28",
        "9:48",
        "10:18",
        "10:48",
        "11:18",
        "11:48",
        "12:18",
        "12:48",
        "13:18",
        "13:48",
        "14:18",
        "14:48",
        "15:18",
        "15:48",
        "16:18",
        "16:48",
        "17:18",
        "17:48",
        "18:18",
        "18:48",
        "19:17",
        "19:47",
        "20:17",
        "20:47",
        "21:17",
        "21:50",
        "22:30"
    ],
    "saturday": [
        "7:38",
        "8:08",
        "8:38",
        "9:08",
        "9:38",
        "10:08",
        "10:38",
        "11:08",
        "11:38",
        "12:08",
        "12:38",
        "13:08",
        "13:38",
        "14:08",
        "14:38",
        "15:08",
        "15:38",
        "16:08",
        "16:38",
        "17:08",
        "17:38",
        "18:08",
        "18:38",
        "19:08",
        "19:37",
        "20:07",
        "20:52",
        "21:47"
    ],
    "holiday": [
        "7:38",
        "8:08",
        "8:38",
        "9:08",
        "9:38",
        "10:08",
        "10:38",
        "11:08",
        "11:38",
        "12:08",
        "12:38",
        "13:08",
        "13:38",
        "14:08",
        "14:38",
        "15:08",
        "15:38",
        "16:08",
        "16:38",
        "17:08",
        "17:38",
        "18:08",
        "18:38",
        "19:08",
        "19:37",
        "20:07",
        "20:52",
        "21:47"
    ],
    "url": "https://www.kanachu.co.jp/dia/diagram/timetable01_js/course:0000800905-11/node:00126549/kt:0/lname:/"
}
