{
    "date": "2025/05/11",
    "name": "花咲橋",
    "position": "-",
    "system": "港61",
    "destinations": [
        "雪見橋",
        "紅葉坂",
        "桜木町駅前",
        "横浜市役所前",
        "本町四丁目(横浜市中区)",
        "尾上町(横浜市中区)",
        "羽衣町(横浜市中区)",
        "長者町五丁目",
        "曙町(横浜市中区)",
        "横浜橋",
        "阪東橋",
        "吉野町一丁目",
        "吉野町駅前",
        "お三の宮",
        "宮元町一丁目",
        "蒔田駅前",
        "通町一丁目",
        "通町三丁目",
        "弘明寺",
        "南小学校前(横浜市南区)",
        "向田橋",
        "越戸橋(横浜市港南区)",
        "最戸橋",
        "上大岡駅",
        "関の下",
        "笹下港南中央通り",
        "港南区総合庁舎前",
        "吉原(横浜市港南区)",
        "新吉原橋",
        "日野公園墓地入口",
        "日野中央公園入口",
        "日野小学校前(横浜市港南区)",
        "日野(横浜市港南区)",
        "清水橋(横浜市港南区)",
        "港南台入口",
        "港南台駅"
    ],
    "weekday": [
        "6:26",
        "9:10",
        "11:07",
        "12:33",
        "14:31",
        "16:33",
        "18:25",
        "20:28"
    ],
    "saturday": [
        "8:46",
        "10:25",
        "12:53",
        "14:42",
        "16:47",
        "18:11"
    ],
    "holiday": [
        "8:46",
        "10:25",
        "12:53",
        "14:42",
        "16:47",
        "18:11"
    ],
    "url": "https://www.kanachu.co.jp/dia/diagram/timetable01_js/course:0000803429-3/node:00102923/kt:0/lname:/"
}
