{
    "date": "2025/05/11",
    "name": "羽衣町(横浜市中区)",
    "position": "-",
    "system": "港61",
    "destinations": [
        "長者町五丁目",
        "曙町(横浜市中区)",
        "横浜橋",
        "阪東橋",
        "吉野町一丁目",
        "吉野町駅前",
        "お三の宮",
        "宮元町一丁目",
        "蒔田駅前",
        "通町一丁目",
        "通町三丁目",
        "弘明寺",
        "南小学校前(横浜市南区)",
        "向田橋",
        "越戸橋(横浜市港南区)",
        "最戸橋",
        "上大岡駅",
        "関の下",
        "笹下港南中央通り",
        "港南区総合庁舎前",
        "吉原(横浜市港南区)",
        "新吉原橋",
        "日野公園墓地入口",
        "日野中央公園入口",
        "日野小学校前(横浜市港南区)",
        "日野(横浜市港南区)",
        "清水橋(横浜市港南区)",
        "港南台入口",
        "港南台駅"
    ],
    "weekday": [
        "6:38",
        "9:23",
        "11:20",
        "12:46",
        "14:44",
        "16:46",
        "18:38",
        "20:41"
    ],
    "saturday": [
        "8:58",
        "10:38",
        "13:06",
        "14:55",
        "17:00",
        "18:24"
    ],
    "holiday": [
        "8:58",
        "10:38",
        "13:06",
        "14:55",
        "17:00",
        "18:24"
    ],
    "url": "https://www.kanachu.co.jp/dia/diagram/timetable01_js/course:0000803429-10/node:00102910/kt:0/lname:/"
}
