{
    "date": "2025/05/11",
    "name": "長者町五丁目",
    "position": "-",
    "system": "港61",
    "destinations": [
        "曙町(横浜市中区)",
        "横浜橋",
        "阪東橋",
        "吉野町一丁目",
        "吉野町駅前",
        "お三の宮",
        "宮元町一丁目",
        "蒔田駅前",
        "通町一丁目",
        "通町三丁目",
        "弘明寺",
        "南小学校前(横浜市南区)",
        "向田橋",
        "越戸橋(横浜市港南区)",
        "最戸橋",
        "上大岡駅",
        "関の下",
        "笹下港南中央通り",
        "港南区総合庁舎前",
        "吉原(横浜市港南区)",
        "新吉原橋",
        "日野公園墓地入口",
        "日野中央公園入口",
        "日野小学校前(横浜市港南区)",
        "日野(横浜市港南区)",
        "清水橋(横浜市港南区)",
        "港南台入口",
        "港南台駅"
    ],
    "weekday": [
        "6:39",
        "9:25",
        "11:22",
        "12:48",
        "14:46",
        "16:48",
        "18:40",
        "20:43"
    ],
    "saturday": [
        "8:59",
        "10:39",
        "13:07",
        "14:56",
        "17:01",
        "18:25"
    ],
    "holiday": [
        "8:59",
        "10:39",
        "13:07",
        "14:56",
        "17:01",
        "18:25"
    ],
    "url": "https://www.kanachu.co.jp/dia/diagram/timetable01_js/course:0000803429-11/node:00102725/kt:0/lname:/"
}
