{
    "date": "2025/05/11",
    "name": "お三の宮",
    "position": "-",
    "system": "港61",
    "destinations": [
        "宮元町一丁目",
        "蒔田駅前",
        "通町一丁目",
        "通町三丁目",
        "弘明寺",
        "南小学校前(横浜市南区)",
        "向田橋",
        "越戸橋(横浜市港南区)",
        "最戸橋",
        "上大岡駅",
        "関の下",
        "笹下港南中央通り",
        "港南区総合庁舎前",
        "吉原(横浜市港南区)",
        "新吉原橋",
        "日野公園墓地入口",
        "日野中央公園入口",
        "日野小学校前(横浜市港南区)",
        "日野(横浜市港南区)",
        "清水橋(横浜市港南区)",
        "港南台入口",
        "港南台駅"
    ],
    "weekday": [
        "6:46",
        "9:34",
        "11:31",
        "12:57",
        "14:55",
        "16:57",
        "18:49",
        "20:52"
    ],
    "saturday": [
        "9:06",
        "10:47",
        "13:15",
        "15:04",
        "17:10",
        "18:34"
    ],
    "holiday": [
        "9:06",
        "10:47",
        "13:15",
        "15:04",
        "17:10",
        "18:34"
    ],
    "url": "https://www.kanachu.co.jp/dia/diagram/timetable01_js/course:0000803429-17/node:00102302/kt:0/lname:/"
}
