{
    "date": "2025/05/11",
    "name": "宮元町一丁目",
    "position": "-",
    "system": "港61",
    "destinations": [
        "蒔田駅前",
        "通町一丁目",
        "通町三丁目",
        "弘明寺",
        "南小学校前(横浜市南区)",
        "向田橋",
        "越戸橋(横浜市港南区)",
        "最戸橋",
        "上大岡駅",
        "関の下",
        "笹下港南中央通り",
        "港南区総合庁舎前",
        "吉原(横浜市港南区)",
        "新吉原橋",
        "日野公園墓地入口",
        "日野中央公園入口",
        "日野小学校前(横浜市港南区)",
        "日野(横浜市港南区)",
        "清水橋(横浜市港南区)",
        "港南台入口",
        "港南台駅"
    ],
    "weekday": [
        "6:47",
        "9:35",
        "11:32",
        "12:58",
        "14:56",
        "16:58",
        "18:50",
        "20:53"
    ],
    "saturday": [
        "9:07",
        "10:48",
        "13:16",
        "15:05",
        "17:11",
        "18:35"
    ],
    "holiday": [
        "9:07",
        "10:48",
        "13:16",
        "15:05",
        "17:11",
        "18:35"
    ],
    "url": "https://www.kanachu.co.jp/dia/diagram/timetable01_js/course:0000803429-18/node:00103139/kt:0/lname:/"
}
