{
    "date": "2025/05/11",
    "name": "蒔田駅前",
    "position": "-",
    "system": "港61",
    "destinations": [
        "通町一丁目",
        "通町三丁目",
        "弘明寺",
        "南小学校前(横浜市南区)",
        "向田橋",
        "越戸橋(横浜市港南区)",
        "最戸橋",
        "上大岡駅",
        "関の下",
        "笹下港南中央通り",
        "港南区総合庁舎前",
        "吉原(横浜市港南区)",
        "新吉原橋",
        "日野公園墓地入口",
        "日野中央公園入口",
        "日野小学校前(横浜市港南区)",
        "日野(横浜市港南区)",
        "清水橋(横浜市港南区)",
        "港南台入口",
        "港南台駅"
    ],
    "weekday": [
        "6:48",
        "9:36",
        "11:33",
        "12:59",
        "14:57",
        "16:59",
        "18:51",
        "20:55"
    ],
    "saturday": [
        "9:08",
        "10:49",
        "13:17",
        "15:06",
        "17:12",
        "18:36"
    ],
    "holiday": [
        "9:08",
        "10:49",
        "13:17",
        "15:06",
        "17:12",
        "18:36"
    ],
    "url": "https://www.kanachu.co.jp/dia/diagram/timetable01_js/course:0000803429-19/node:00103093/kt:0/lname:/"
}
