{
    "date": "2025/05/11",
    "name": "通町三丁目",
    "position": "-",
    "system": "港61",
    "destinations": [
        "弘明寺",
        "南小学校前(横浜市南区)",
        "向田橋",
        "越戸橋(横浜市港南区)",
        "最戸橋",
        "上大岡駅",
        "関の下",
        "笹下港南中央通り",
        "港南区総合庁舎前",
        "吉原(横浜市港南区)",
        "新吉原橋",
        "日野公園墓地入口",
        "日野中央公園入口",
        "日野小学校前(横浜市港南区)",
        "日野(横浜市港南区)",
        "清水橋(横浜市港南区)",
        "港南台入口",
        "港南台駅"
    ],
    "weekday": [
        "6:50",
        "9:39",
        "11:36",
        "13:02",
        "15:00",
        "17:02",
        "18:54",
        "20:58"
    ],
    "saturday": [
        "9:11",
        "10:52",
        "13:20",
        "15:09",
        "17:15",
        "18:39"
    ],
    "holiday": [
        "9:11",
        "10:52",
        "13:20",
        "15:09",
        "17:15",
        "18:39"
    ],
    "url": "https://www.kanachu.co.jp/dia/diagram/timetable01_js/course:0000803429-21/node:00102796/kt:0/lname:/"
}
