{
    "date": "2025/05/11",
    "name": "弘明寺",
    "position": "-",
    "system": "港61",
    "destinations": [
        "南小学校前(横浜市南区)",
        "向田橋",
        "越戸橋(横浜市港南区)",
        "最戸橋",
        "上大岡駅",
        "関の下",
        "笹下港南中央通り",
        "港南区総合庁舎前",
        "吉原(横浜市港南区)",
        "新吉原橋",
        "日野公園墓地入口",
        "日野中央公園入口",
        "日野小学校前(横浜市港南区)",
        "日野(横浜市港南区)",
        "清水橋(横浜市港南区)",
        "港南台入口",
        "港南台駅"
    ],
    "weekday": [
        "6:51",
        "9:41",
        "11:38",
        "13:04",
        "15:02",
        "17:04",
        "18:56",
        "21:00"
    ],
    "saturday": [
        "9:12",
        "10:54",
        "13:22",
        "15:11",
        "17:17",
        "18:41"
    ],
    "holiday": [
        "9:12",
        "10:54",
        "13:22",
        "15:11",
        "17:17",
        "18:41"
    ],
    "url": "https://www.kanachu.co.jp/dia/diagram/timetable01_js/course:0000803429-22/node:00102458/kt:0/lname:/"
}
