{
    "date": "2025/05/11",
    "name": "越戸橋(横浜市港南区)",
    "position": "-",
    "system": "港61",
    "destinations": [
        "最戸橋",
        "上大岡駅",
        "関の下",
        "笹下港南中央通り",
        "港南区総合庁舎前",
        "吉原(横浜市港南区)",
        "新吉原橋",
        "日野公園墓地入口",
        "日野中央公園入口",
        "日野小学校前(横浜市港南区)",
        "日野(横浜市港南区)",
        "清水橋(横浜市港南区)",
        "港南台入口",
        "港南台駅"
    ],
    "weekday": [
        "6:54",
        "9:45",
        "11:42",
        "13:08",
        "15:06",
        "17:08",
        "19:00",
        "21:04"
    ],
    "saturday": [
        "9:15",
        "10:58",
        "13:26",
        "15:15",
        "17:21",
        "18:45"
    ],
    "holiday": [
        "9:15",
        "10:58",
        "13:26",
        "15:15",
        "17:21",
        "18:45"
    ],
    "url": "https://www.kanachu.co.jp/dia/diagram/timetable01_js/course:0000803429-25/node:00102507/kt:0/lname:/"
}
