{
    "date": "2025/05/11",
    "name": "港南区総合庁舎前",
    "position": "-",
    "system": "港61",
    "destinations": [
        "吉原(横浜市港南区)",
        "新吉原橋",
        "日野公園墓地入口",
        "日野中央公園入口",
        "日野小学校前(横浜市港南区)",
        "日野(横浜市港南区)",
        "清水橋(横浜市港南区)",
        "港南台入口",
        "港南台駅"
    ],
    "weekday": [
        "7:01",
        "9:59",
        "11:56",
        "13:22",
        "15:20",
        "17:24",
        "19:15",
        "21:14"
    ],
    "saturday": [
        "9:28",
        "11:14",
        "13:42",
        "15:31",
        "17:37",
        "19:01"
    ],
    "holiday": [
        "9:28",
        "11:14",
        "13:42",
        "15:31",
        "17:37",
        "19:01"
    ],
    "url": "https://www.kanachu.co.jp/dia/diagram/timetable01_js/course:0000803429-30/node:00102499/kt:0/lname:/"
}
