{
    "date": "2025/05/11",
    "name": "新吉原橋",
    "position": "-",
    "system": "港61",
    "destinations": [
        "日野公園墓地入口",
        "日野中央公園入口",
        "日野小学校前(横浜市港南区)",
        "日野(横浜市港南区)",
        "清水橋(横浜市港南区)",
        "港南台入口",
        "港南台駅"
    ],
    "weekday": [
        "7:03",
        "10:01",
        "11:58",
        "13:24",
        "15:22",
        "17:26",
        "19:17",
        "21:16"
    ],
    "saturday": [
        "9:30",
        "11:16",
        "13:44",
        "15:33",
        "17:39",
        "19:03"
    ],
    "holiday": [
        "9:30",
        "11:16",
        "13:44",
        "15:33",
        "17:39",
        "19:03"
    ],
    "url": "https://www.kanachu.co.jp/dia/diagram/timetable01_js/course:0000803429-32/node:00102633/kt:0/lname:/"
}
