{
    "date": "2025/05/11",
    "name": "日野小学校前(横浜市港南区)",
    "position": "-",
    "system": "港61",
    "destinations": [
        "日野(横浜市港南区)",
        "清水橋(横浜市港南区)",
        "港南台入口",
        "港南台駅"
    ],
    "weekday": [
        "7:06",
        "10:04",
        "12:01",
        "13:27",
        "15:25",
        "17:29",
        "19:20",
        "21:19"
    ],
    "saturday": [
        "9:33",
        "11:19",
        "13:47",
        "15:36",
        "17:42",
        "19:06"
    ],
    "holiday": [
        "9:33",
        "11:19",
        "13:47",
        "15:36",
        "17:42",
        "19:06"
    ],
    "url": "https://www.kanachu.co.jp/dia/diagram/timetable01_js/course:0000803429-35/node:00102955/kt:0/lname:/"
}
