{
    "date": "2025/10/20",
    "name": "上和田(上和田団地側/大和市)",
    "position": "-",
    "system": "和03",
    "destinations": [
        "指導農場前",
        "桜株(大和市)",
        "学校入口(大和市)",
        "住宅入口(大和市)",
        "上野原(大和市)",
        "山王塚(大和市)",
        "大和南",
        "天満宮(大和市)",
        "大和駅"
    ],
    "weekday": [
        "5:46",
        "6:23",
        "6:50",
        "7:13",
        "17:40",
        "20:38"
    ],
    "saturday": [
        "6:55",
        "19:55"
    ],
    "holiday": [
        "19:55"
    ],
    "url": "https://www.kanachu.co.jp/dia/diagram/timetable01_js/course:0000800559-3/node:00129641/kt:0/lname:/"
}
