{
    "system": "和03",
    "busstops": [
        {
            "index": "1",
            "id": "00129643",
            "name": "上和田団地",
            "lat": "35.438674",
            "lng": "139.474567"
        },
        {
            "index": "2",
            "id": "00129642",
            "name": "団地入口(大和市)",
            "lat": "35.43664",
            "lng": "139.471762"
        },
        {
            "index": "3",
            "id": "00129641",
            "name": "上和田(上和田団地側/大和市)",
            "lat": "35.437392",
            "lng": "139.467579"
        },
        {
            "index": "4",
            "id": "00129640",
            "name": "指導農場前",
            "lat": "35.444051",
            "lng": "139.467243"
        },
        {
            "index": "5",
            "id": "00129639",
            "name": "桜株(大和市)",
            "lat": "35.449716",
            "lng": "139.467538"
        },
        {
            "index": "6",
            "id": "00129638",
            "name": "学校入口(大和市)",
            "lat": "35.45339",
            "lng": "139.466757"
        },
        {
            "index": "7",
            "id": "00129637",
            "name": "住宅入口(大和市)",
            "lat": "35.456489",
            "lng": "139.466966"
        },
        {
            "index": "8",
            "id": "00129636",
            "name": "上野原(大和市)",
            "lat": "35.45941",
            "lng": "139.467229"
        },
        {
            "index": "9",
            "id": "00129635",
            "name": "山王塚(大和市)",
            "lat": "35.461297",
            "lng": "139.467401"
        },
        {
            "index": "10",
            "id": "00129634",
            "name": "大和南",
            "lat": "35.465149",
            "lng": "139.466623"
        },
        {
            "index": "11",
            "id": "00129743",
            "name": "天満宮(大和市)",
            "lat": "35.468057",
            "lng": "139.464176"
        },
        {
            "index": "12",
            "id": "00129633",
            "name": "大和駅",
            "lat": "35.469531",
            "lng": "139.461243"
        }
    ],
    "route_url": "https://www.kanachu.co.jp/dia/route/index/cid:0000800559/"
}
