{
    "date": "2025/05/11",
    "name": "関の下",
    "position": "-",
    "system": "",
    "destinations": [
        "笹下港南中央通り",
        "港南区総合庁舎前",
        "吉原(横浜市港南区)",
        "新吉原橋",
        "日野公園墓地入口",
        "日野中央公園入口",
        "日野小学校前(横浜市港南区)",
        "日野(横浜市港南区)",
        "清水橋(横浜市港南区)",
        "金井(横浜市港南区)",
        "藤ヶ沢",
        "港南車庫入口",
        "原(横浜市港南区)",
        "野村港南台",
        "つつじヶ丘(横浜市港南区)",
        "小山台(横浜市栄区)",
        "小菅ヶ谷橋",
        "西谷戸(横浜市栄区)",
        "渡戸(横浜市栄区)",
        "滝ノ分",
        "地球市民プラザ",
        "本郷台駅"
    ],
    "weekday": [
        "6:31",
        "7:52",
        "9:18",
        "11:05",
        "13:12",
        "15:04",
        "17:06",
        "19:04"
    ],
    "saturday": [
        "7:47",
        "9:31",
        "11:30",
        "13:27",
        "15:34",
        "17:34",
        "19:01"
    ],
    "holiday": [
        "7:47",
        "9:31",
        "11:30",
        "13:27",
        "15:34",
        "17:34",
        "19:01"
    ],
    "url": "https://www.kanachu.co.jp/dia/diagram/timetable01_js/course:0000803818-2/node:00102671/kt:0/lname:/"
}
