{
    "date": "2025/05/11",
    "name": "港南区総合庁舎前",
    "position": "-",
    "system": "",
    "destinations": [
        "吉原(横浜市港南区)",
        "新吉原橋",
        "日野公園墓地入口",
        "日野中央公園入口",
        "日野小学校前(横浜市港南区)",
        "日野(横浜市港南区)",
        "清水橋(横浜市港南区)",
        "金井(横浜市港南区)",
        "藤ヶ沢",
        "港南車庫入口",
        "原(横浜市港南区)",
        "野村港南台",
        "つつじヶ丘(横浜市港南区)",
        "小山台(横浜市栄区)",
        "小菅ヶ谷橋",
        "西谷戸(横浜市栄区)",
        "渡戸(横浜市栄区)",
        "滝ノ分",
        "地球市民プラザ",
        "本郷台駅"
    ],
    "weekday": [
        "6:34",
        "7:55",
        "9:21",
        "11:08",
        "13:15",
        "15:07",
        "17:09",
        "19:07"
    ],
    "saturday": [
        "7:50",
        "9:34",
        "11:33",
        "13:30",
        "15:37",
        "17:37",
        "19:04"
    ],
    "holiday": [
        "7:50",
        "9:34",
        "11:33",
        "13:30",
        "15:37",
        "17:37",
        "19:04"
    ],
    "url": "https://www.kanachu.co.jp/dia/diagram/timetable01_js/course:0000803818-4/node:00102499/kt:0/lname:/"
}
