{
    "date": "2025/05/11",
    "name": "新吉原橋",
    "position": "-",
    "system": "",
    "destinations": [
        "日野公園墓地入口",
        "日野中央公園入口",
        "日野小学校前(横浜市港南区)",
        "日野(横浜市港南区)",
        "清水橋(横浜市港南区)",
        "金井(横浜市港南区)",
        "藤ヶ沢",
        "港南車庫入口",
        "原(横浜市港南区)",
        "野村港南台",
        "つつじヶ丘(横浜市港南区)",
        "小山台(横浜市栄区)",
        "小菅ヶ谷橋",
        "西谷戸(横浜市栄区)",
        "渡戸(横浜市栄区)",
        "滝ノ分",
        "地球市民プラザ",
        "本郷台駅"
    ],
    "weekday": [
        "6:36",
        "7:57",
        "9:23",
        "11:10",
        "13:17",
        "15:09",
        "17:11",
        "19:09"
    ],
    "saturday": [
        "7:52",
        "9:36",
        "11:35",
        "13:32",
        "15:39",
        "17:39",
        "19:06"
    ],
    "holiday": [
        "7:52",
        "9:36",
        "11:35",
        "13:32",
        "15:39",
        "17:39",
        "19:06"
    ],
    "url": "https://www.kanachu.co.jp/dia/diagram/timetable01_js/course:0000803818-6/node:00102633/kt:0/lname:/"
}
