{
    "date": "2025/05/11",
    "name": "日野中央公園入口",
    "position": "-",
    "system": "",
    "destinations": [
        "日野小学校前(横浜市港南区)",
        "日野(横浜市港南区)",
        "清水橋(横浜市港南区)",
        "金井(横浜市港南区)",
        "藤ヶ沢",
        "港南車庫入口",
        "原(横浜市港南区)",
        "野村港南台",
        "つつじヶ丘(横浜市港南区)",
        "小山台(横浜市栄区)",
        "小菅ヶ谷橋",
        "西谷戸(横浜市栄区)",
        "渡戸(横浜市栄区)",
        "滝ノ分",
        "地球市民プラザ",
        "本郷台駅"
    ],
    "weekday": [
        "6:38",
        "7:59",
        "9:25",
        "11:12",
        "13:19",
        "15:11",
        "17:13",
        "19:11"
    ],
    "saturday": [
        "7:54",
        "9:38",
        "11:37",
        "13:34",
        "15:41",
        "17:41",
        "19:08"
    ],
    "holiday": [
        "7:54",
        "9:38",
        "11:37",
        "13:34",
        "15:41",
        "17:41",
        "19:08"
    ],
    "url": "https://www.kanachu.co.jp/dia/diagram/timetable01_js/course:0000803818-8/node:00102994/kt:0/lname:/"
}
