{
    "date": "2025/05/11",
    "name": "清水橋(横浜市港南区)",
    "position": "-",
    "system": "",
    "destinations": [
        "金井(横浜市港南区)",
        "藤ヶ沢",
        "港南車庫入口",
        "原(横浜市港南区)",
        "野村港南台",
        "つつじヶ丘(横浜市港南区)",
        "小山台(横浜市栄区)",
        "小菅ヶ谷橋",
        "西谷戸(横浜市栄区)",
        "渡戸(横浜市栄区)",
        "滝ノ分",
        "地球市民プラザ",
        "本郷台駅"
    ],
    "weekday": [
        "6:42",
        "8:04",
        "9:30",
        "11:17",
        "13:24",
        "15:16",
        "17:18",
        "19:16"
    ],
    "saturday": [
        "7:59",
        "9:43",
        "11:42",
        "13:39",
        "15:46",
        "17:46",
        "19:13"
    ],
    "holiday": [
        "7:59",
        "9:43",
        "11:42",
        "13:39",
        "15:46",
        "17:46",
        "19:13"
    ],
    "url": "https://www.kanachu.co.jp/dia/diagram/timetable01_js/course:0000803818-11/node:00102574/kt:0/lname:/"
}
