{
    "date": "2025/05/11",
    "name": "つつじヶ丘(横浜市港南区)",
    "position": "-",
    "system": "139",
    "destinations": [
        "小山台(横浜市栄区)",
        "小菅ヶ谷橋",
        "西谷戸(横浜市栄区)",
        "渡戸(横浜市栄区)",
        "滝ノ分",
        "地球市民プラザ",
        "本郷台駅"
    ],
    "weekday": [
        "6:48",
        "8:10",
        "9:36",
        "11:23",
        "13:30",
        "15:22",
        "17:24",
        "19:22"
    ],
    "saturday": [
        "8:05",
        "9:49",
        "11:48",
        "13:45",
        "15:52",
        "17:52",
        "19:19"
    ],
    "holiday": [
        "8:05",
        "9:49",
        "11:48",
        "13:45",
        "15:52",
        "17:52",
        "19:19"
    ],
    "url": "https://www.kanachu.co.jp/dia/diagram/timetable01_js/course:0000803818-17/node:00126556/kt:0/lname:/"
}
