{
    "date": "2025/05/11",
    "name": "小菅ヶ谷橋",
    "position": "-",
    "system": "",
    "destinations": [
        "西谷戸(横浜市栄区)",
        "渡戸(横浜市栄区)",
        "滝ノ分",
        "地球市民プラザ",
        "本郷台駅"
    ],
    "weekday": [
        "6:50",
        "8:12",
        "9:38",
        "11:25",
        "13:32",
        "15:24",
        "17:26",
        "19:24"
    ],
    "saturday": [
        "8:07",
        "9:51",
        "11:50",
        "13:47",
        "15:54",
        "17:54",
        "19:21"
    ],
    "holiday": [
        "8:07",
        "9:51",
        "11:50",
        "13:47",
        "15:54",
        "17:54",
        "19:21"
    ],
    "url": "https://www.kanachu.co.jp/dia/diagram/timetable01_js/course:0000803818-19/node:00126607/kt:0/lname:/"
}
