{
    "date": "2025/05/11",
    "name": "西谷戸(横浜市栄区)",
    "position": "-",
    "system": "",
    "destinations": [
        "渡戸(横浜市栄区)",
        "滝ノ分",
        "地球市民プラザ",
        "本郷台駅"
    ],
    "weekday": [
        "6:52",
        "8:14",
        "9:40",
        "11:27",
        "13:34",
        "15:26",
        "17:28",
        "19:26"
    ],
    "saturday": [
        "8:09",
        "9:53",
        "11:52",
        "13:49",
        "15:56",
        "17:56",
        "19:23"
    ],
    "holiday": [
        "8:09",
        "9:53",
        "11:52",
        "13:49",
        "15:56",
        "17:56",
        "19:23"
    ],
    "url": "https://www.kanachu.co.jp/dia/diagram/timetable01_js/course:0000803818-20/node:00126599/kt:0/lname:/"
}
