{
    "date": "2025/05/11",
    "name": "渡戸(横浜市栄区)",
    "position": "-",
    "system": "139",
    "destinations": [
        "滝ノ分",
        "地球市民プラザ",
        "本郷台駅"
    ],
    "weekday": [
        "6:53",
        "8:15",
        "9:41",
        "11:28",
        "13:35",
        "15:27",
        "17:29",
        "19:27"
    ],
    "saturday": [
        "8:10",
        "9:54",
        "11:53",
        "13:50",
        "15:57",
        "17:57",
        "19:24"
    ],
    "holiday": [
        "8:10",
        "9:54",
        "11:53",
        "13:50",
        "15:57",
        "17:57",
        "19:24"
    ],
    "url": "https://www.kanachu.co.jp/dia/diagram/timetable01_js/course:0000803818-21/node:00126600/kt:0/lname:/"
}
