{
    "date": "2025/05/11",
    "name": "滝ノ分",
    "position": "-",
    "system": "139",
    "destinations": [
        "地球市民プラザ",
        "本郷台駅"
    ],
    "weekday": [
        "6:54",
        "8:16",
        "9:42",
        "11:29",
        "13:36",
        "15:28",
        "17:30",
        "19:28"
    ],
    "saturday": [
        "8:11",
        "9:55",
        "11:54",
        "13:51",
        "15:58",
        "17:58",
        "19:25"
    ],
    "holiday": [
        "8:11",
        "9:55",
        "11:54",
        "13:51",
        "15:58",
        "17:58",
        "19:25"
    ],
    "url": "https://www.kanachu.co.jp/dia/diagram/timetable01_js/course:0000803818-22/node:00126601/kt:0/lname:/"
}
