{
    "date": "2025/05/11",
    "name": "地球市民プラザ",
    "position": "-",
    "system": "",
    "destinations": [
        "本郷台駅"
    ],
    "weekday": [
        "6:55",
        "8:17",
        "9:43",
        "11:30",
        "13:37",
        "15:29",
        "17:31",
        "19:29"
    ],
    "saturday": [
        "8:12",
        "9:56",
        "11:55",
        "13:52",
        "15:59",
        "17:59",
        "19:26"
    ],
    "holiday": [
        "8:12",
        "9:56",
        "11:55",
        "13:52",
        "15:59",
        "17:59",
        "19:26"
    ],
    "url": "https://www.kanachu.co.jp/dia/diagram/timetable01_js/course:0000803818-23/node:00126602/kt:0/lname:/"
}
