{
    "date": "2025/03/15",
    "name": "神台公園前",
    "position": "-",
    "system": "辻26",
    "destinations": [
        "羽鳥一丁目",
        "城南一丁目",
        "大庭隧道",
        "有藤",
        "西高校前(藤沢市)",
        "南センター前(藤沢市)",
        "小糸",
        "大庭小学校",
        "ライフタウン中央(藤沢市)",
        "二番構保健医療センター",
        "駒寄",
        "滝の沢(藤沢市)",
        "滝の沢不動前",
        "湘南ライフタウン",
        "南原(藤沢市)",
        "矢尻(藤沢市)",
        "田方(藤沢市)",
        "寿照寺前",
        "和泉橋",
        "石川山田",
        "南桐原",
        "桐ヶ谷(藤沢市)",
        "湘南台住宅前",
        "湘南台駅西口"
    ],
    "weekday": [
        "5:47",
        "5:59",
        "6:09",
        "6:19",
        "6:29",
        "6:39",
        "6:46",
        "6:53",
        "6:59",
        "7:04",
        "7:09",
        "7:14",
        "7:19",
        "7:24",
        "7:31",
        "7:37",
        "7:43",
        "7:49",
        "7:55",
        "8:01",
        "8:13",
        "8:19",
        "8:29",
        "8:39",
        "8:49",
        "8:59",
        "9:09",
        "9:19",
        "9:29",
        "9:44",
        "9:59",
        "10:12",
        "10:37",
        "10:57",
        "11:14",
        "11:37",
        "11:57",
        "12:14",
        "12:37",
        "12:57",
        "13:14",
        "13:37",
        "13:57",
        "14:14",
        "14:37",
        "14:57",
        "15:14",
        "15:37",
        "15:57",
        "16:15",
        "16:37",
        "16:57",
        "17:11",
        "17:26",
        "17:41",
        "17:53",
        "18:05",
        "18:17",
        "18:29",
        "18:41",
        "18:53",
        "19:05",
        "19:17",
        "19:29",
        "19:39",
        "19:52",
        "20:09",
        "20:22",
        "20:34",
        "20:49",
        "21:21",
        "21:41",
        "22:06",
        "22:46"
    ],
    "saturday": [
        "5:51",
        "6:17",
        "6:39",
        "7:01",
        "7:21",
        "7:41",
        "8:01",
        "8:21",
        "8:41",
        "9:05",
        "9:21",
        "9:41",
        "10:05",
        "10:21",
        "10:41",
        "11:05",
        "11:21",
        "11:41",
        "12:05",
        "12:21",
        "12:41",
        "13:05",
        "13:21",
        "13:41",
        "14:05",
        "14:21",
        "14:41",
        "15:05",
        "15:21",
        "15:41",
        "16:05",
        "16:21",
        "16:41",
        "17:05",
        "17:21",
        "17:41",
        "18:05",
        "18:21",
        "18:41",
        "19:05",
        "19:21",
        "19:41",
        "20:05",
        "20:41",
        "21:21",
        "22:01"
    ],
    "holiday": [
        "6:16",
        "6:39",
        "7:01",
        "7:21",
        "7:41",
        "8:01",
        "8:21",
        "8:41",
        "9:05",
        "9:21",
        "9:41",
        "10:05",
        "10:21",
        "10:41",
        "11:05",
        "11:21",
        "11:41",
        "12:05",
        "12:21",
        "12:41",
        "13:05",
        "13:21",
        "13:41",
        "14:05",
        "14:21",
        "14:41",
        "15:05",
        "15:21",
        "15:41",
        "16:05",
        "16:21",
        "16:41",
        "17:05",
        "17:21",
        "17:41",
        "18:05",
        "18:21",
        "18:41",
        "19:05",
        "19:21",
        "19:41",
        "20:05",
        "20:41",
        "21:16"
    ],
    "url": "https://www.kanachu.co.jp/dia/diagram/timetable01_js/course:0000802709-2/node:00130068/kt:0/lname:/"
}
