{
    "date": "2025/03/15",
    "name": "大庭隧道",
    "position": "-",
    "system": "辻26",
    "destinations": [
        "有藤",
        "西高校前(藤沢市)",
        "南センター前(藤沢市)",
        "小糸",
        "大庭小学校",
        "ライフタウン中央(藤沢市)",
        "二番構保健医療センター",
        "駒寄",
        "滝の沢(藤沢市)",
        "滝の沢不動前",
        "湘南ライフタウン",
        "南原(藤沢市)",
        "矢尻(藤沢市)",
        "田方(藤沢市)",
        "寿照寺前",
        "和泉橋",
        "石川山田",
        "南桐原",
        "桐ヶ谷(藤沢市)",
        "湘南台住宅前",
        "湘南台駅西口"
    ],
    "weekday": [
        "5:50",
        "6:02",
        "6:12",
        "6:22",
        "6:32",
        "6:42",
        "6:49",
        "6:56",
        "7:02",
        "7:07",
        "7:12",
        "7:17",
        "7:22",
        "7:27",
        "7:34",
        "7:40",
        "7:46",
        "7:52",
        "7:58",
        "8:04",
        "8:16",
        "8:22",
        "8:32",
        "8:42",
        "8:52",
        "9:02",
        "9:12",
        "9:22",
        "9:32",
        "9:47",
        "10:02",
        "10:15",
        "10:40",
        "11:00",
        "11:17",
        "11:40",
        "12:00",
        "12:17",
        "12:40",
        "13:00",
        "13:17",
        "13:40",
        "14:00",
        "14:17",
        "14:40",
        "15:00",
        "15:17",
        "15:40",
        "16:00",
        "16:18",
        "16:40",
        "17:00",
        "17:14",
        "17:29",
        "17:44",
        "17:56",
        "18:08",
        "18:20",
        "18:32",
        "18:44",
        "18:56",
        "19:08",
        "19:20",
        "19:32",
        "19:42",
        "19:55",
        "20:12",
        "20:25",
        "20:37",
        "20:52",
        "21:24",
        "21:44",
        "22:09",
        "22:49"
    ],
    "saturday": [
        "5:54",
        "6:20",
        "6:42",
        "7:04",
        "7:24",
        "7:44",
        "8:04",
        "8:24",
        "8:44",
        "9:08",
        "9:24",
        "9:44",
        "10:08",
        "10:24",
        "10:44",
        "11:08",
        "11:24",
        "11:44",
        "12:08",
        "12:24",
        "12:44",
        "13:08",
        "13:24",
        "13:44",
        "14:08",
        "14:24",
        "14:44",
        "15:08",
        "15:24",
        "15:44",
        "16:08",
        "16:24",
        "16:44",
        "17:08",
        "17:24",
        "17:44",
        "18:08",
        "18:24",
        "18:44",
        "19:08",
        "19:24",
        "19:44",
        "20:08",
        "20:44",
        "21:24",
        "22:04"
    ],
    "holiday": [
        "6:19",
        "6:42",
        "7:04",
        "7:24",
        "7:44",
        "8:04",
        "8:24",
        "8:44",
        "9:08",
        "9:24",
        "9:44",
        "10:08",
        "10:24",
        "10:44",
        "11:08",
        "11:24",
        "11:44",
        "12:08",
        "12:24",
        "12:44",
        "13:08",
        "13:24",
        "13:44",
        "14:08",
        "14:24",
        "14:44",
        "15:08",
        "15:24",
        "15:44",
        "16:08",
        "16:24",
        "16:44",
        "17:08",
        "17:24",
        "17:44",
        "18:08",
        "18:24",
        "18:44",
        "19:08",
        "19:24",
        "19:44",
        "20:08",
        "20:44",
        "21:19"
    ],
    "url": "https://www.kanachu.co.jp/dia/diagram/timetable01_js/course:0000802709-5/node:00129937/kt:0/lname:/"
}
