{
    "date": "2025/03/15",
    "name": "小糸",
    "position": "-",
    "system": "辻26",
    "destinations": [
        "大庭小学校",
        "ライフタウン中央(藤沢市)",
        "二番構保健医療センター",
        "駒寄",
        "滝の沢(藤沢市)",
        "滝の沢不動前",
        "湘南ライフタウン",
        "南原(藤沢市)",
        "矢尻(藤沢市)",
        "田方(藤沢市)",
        "寿照寺前",
        "和泉橋",
        "石川山田",
        "南桐原",
        "桐ヶ谷(藤沢市)",
        "湘南台住宅前",
        "湘南台駅西口"
    ],
    "weekday": [
        "5:54",
        "6:06",
        "6:16",
        "6:26",
        "6:36",
        "6:46",
        "6:53",
        "7:00",
        "7:06",
        "7:11",
        "7:16",
        "7:21",
        "7:26",
        "7:31",
        "7:38",
        "7:44",
        "7:50",
        "7:56",
        "8:02",
        "8:08",
        "8:20",
        "8:26",
        "8:36",
        "8:46",
        "8:56",
        "9:06",
        "9:16",
        "9:26",
        "9:36",
        "9:51",
        "10:06",
        "10:19",
        "10:44",
        "11:04",
        "11:21",
        "11:44",
        "12:04",
        "12:21",
        "12:44",
        "13:04",
        "13:21",
        "13:44",
        "14:04",
        "14:21",
        "14:44",
        "15:04",
        "15:21",
        "15:44",
        "16:04",
        "16:22",
        "16:44",
        "17:04",
        "17:18",
        "17:33",
        "17:48",
        "18:00",
        "18:12",
        "18:24",
        "18:36",
        "18:48",
        "19:00",
        "19:12",
        "19:24",
        "19:36",
        "19:46",
        "19:59",
        "20:16",
        "20:29",
        "20:41",
        "20:56",
        "21:28",
        "21:48",
        "22:13",
        "22:53"
    ],
    "saturday": [
        "5:58",
        "6:24",
        "6:46",
        "7:08",
        "7:28",
        "7:48",
        "8:08",
        "8:28",
        "8:48",
        "9:12",
        "9:28",
        "9:48",
        "10:12",
        "10:28",
        "10:48",
        "11:12",
        "11:28",
        "11:48",
        "12:12",
        "12:28",
        "12:48",
        "13:12",
        "13:28",
        "13:48",
        "14:12",
        "14:28",
        "14:48",
        "15:12",
        "15:28",
        "15:48",
        "16:12",
        "16:28",
        "16:48",
        "17:12",
        "17:28",
        "17:48",
        "18:12",
        "18:28",
        "18:48",
        "19:12",
        "19:28",
        "19:48",
        "20:12",
        "20:48",
        "21:28",
        "22:08"
    ],
    "holiday": [
        "6:23",
        "6:46",
        "7:08",
        "7:28",
        "7:48",
        "8:08",
        "8:28",
        "8:48",
        "9:12",
        "9:28",
        "9:48",
        "10:12",
        "10:28",
        "10:48",
        "11:12",
        "11:28",
        "11:48",
        "12:12",
        "12:28",
        "12:48",
        "13:12",
        "13:28",
        "13:48",
        "14:12",
        "14:28",
        "14:48",
        "15:12",
        "15:28",
        "15:48",
        "16:12",
        "16:28",
        "16:48",
        "17:12",
        "17:28",
        "17:48",
        "18:12",
        "18:28",
        "18:48",
        "19:12",
        "19:28",
        "19:48",
        "20:12",
        "20:48",
        "21:23"
    ],
    "url": "https://www.kanachu.co.jp/dia/diagram/timetable01_js/course:0000802709-9/node:00129941/kt:0/lname:/"
}
