{
    "date": "2025/03/15",
    "name": "大庭小学校",
    "position": "-",
    "system": "辻26",
    "destinations": [
        "ライフタウン中央(藤沢市)",
        "二番構保健医療センター",
        "駒寄",
        "滝の沢(藤沢市)",
        "滝の沢不動前",
        "湘南ライフタウン",
        "南原(藤沢市)",
        "矢尻(藤沢市)",
        "田方(藤沢市)",
        "寿照寺前",
        "和泉橋",
        "石川山田",
        "南桐原",
        "桐ヶ谷(藤沢市)",
        "湘南台住宅前",
        "湘南台駅西口"
    ],
    "weekday": [
        "5:55",
        "6:07",
        "6:17",
        "6:27",
        "6:37",
        "6:47",
        "6:54",
        "7:01",
        "7:07",
        "7:12",
        "7:17",
        "7:22",
        "7:27",
        "7:32",
        "7:39",
        "7:45",
        "7:51",
        "7:57",
        "8:03",
        "8:09",
        "8:21",
        "8:27",
        "8:37",
        "8:47",
        "8:57",
        "9:07",
        "9:17",
        "9:27",
        "9:37",
        "9:52",
        "10:07",
        "10:20",
        "10:45",
        "11:05",
        "11:22",
        "11:45",
        "12:05",
        "12:22",
        "12:45",
        "13:05",
        "13:22",
        "13:45",
        "14:05",
        "14:22",
        "14:45",
        "15:05",
        "15:22",
        "15:45",
        "16:05",
        "16:23",
        "16:45",
        "17:05",
        "17:19",
        "17:34",
        "17:49",
        "18:01",
        "18:13",
        "18:25",
        "18:37",
        "18:49",
        "19:01",
        "19:13",
        "19:25",
        "19:37",
        "19:47",
        "20:00",
        "20:17",
        "20:30",
        "20:42",
        "20:57",
        "21:29",
        "21:49",
        "22:14",
        "22:54"
    ],
    "saturday": [
        "5:59",
        "6:25",
        "6:47",
        "7:09",
        "7:29",
        "7:49",
        "8:09",
        "8:29",
        "8:49",
        "9:13",
        "9:29",
        "9:49",
        "10:13",
        "10:29",
        "10:49",
        "11:13",
        "11:29",
        "11:49",
        "12:13",
        "12:29",
        "12:49",
        "13:13",
        "13:29",
        "13:49",
        "14:13",
        "14:29",
        "14:49",
        "15:13",
        "15:29",
        "15:49",
        "16:13",
        "16:29",
        "16:49",
        "17:13",
        "17:29",
        "17:49",
        "18:13",
        "18:29",
        "18:49",
        "19:13",
        "19:29",
        "19:49",
        "20:13",
        "20:49",
        "21:29",
        "22:09"
    ],
    "holiday": [
        "6:24",
        "6:47",
        "7:09",
        "7:29",
        "7:49",
        "8:09",
        "8:29",
        "8:49",
        "9:13",
        "9:29",
        "9:49",
        "10:13",
        "10:29",
        "10:49",
        "11:13",
        "11:29",
        "11:49",
        "12:13",
        "12:29",
        "12:49",
        "13:13",
        "13:29",
        "13:49",
        "14:13",
        "14:29",
        "14:49",
        "15:13",
        "15:29",
        "15:49",
        "16:13",
        "16:29",
        "16:49",
        "17:13",
        "17:29",
        "17:49",
        "18:13",
        "18:29",
        "18:49",
        "19:13",
        "19:29",
        "19:49",
        "20:13",
        "20:49",
        "21:24"
    ],
    "url": "https://www.kanachu.co.jp/dia/diagram/timetable01_js/course:0000802709-10/node:00129942/kt:0/lname:/"
}
