{
    "date": "2025/03/15",
    "name": "滝の沢(藤沢市)",
    "position": "-",
    "system": "辻26",
    "destinations": [
        "滝の沢不動前",
        "湘南ライフタウン",
        "南原(藤沢市)",
        "矢尻(藤沢市)",
        "田方(藤沢市)",
        "寿照寺前",
        "和泉橋",
        "石川山田",
        "南桐原",
        "桐ヶ谷(藤沢市)",
        "湘南台住宅前",
        "湘南台駅西口"
    ],
    "weekday": [
        "5:59",
        "6:11",
        "6:21",
        "6:31",
        "6:41",
        "6:51",
        "6:58",
        "7:05",
        "7:11",
        "7:16",
        "7:21",
        "7:26",
        "7:31",
        "7:36",
        "7:43",
        "7:49",
        "7:55",
        "8:01",
        "8:07",
        "8:13",
        "8:25",
        "8:31",
        "8:41",
        "8:51",
        "9:01",
        "9:11",
        "9:21",
        "9:31",
        "9:41",
        "9:56",
        "10:11",
        "10:24",
        "10:49",
        "11:09",
        "11:26",
        "11:49",
        "12:09",
        "12:26",
        "12:49",
        "13:09",
        "13:26",
        "13:49",
        "14:09",
        "14:26",
        "14:49",
        "15:09",
        "15:26",
        "15:49",
        "16:09",
        "16:27",
        "16:49",
        "17:09",
        "17:23",
        "17:38",
        "17:53",
        "18:05",
        "18:17",
        "18:29",
        "18:41",
        "18:53",
        "19:05",
        "19:17",
        "19:29",
        "19:41",
        "19:51",
        "20:04",
        "20:21",
        "20:34",
        "20:46",
        "21:01",
        "21:33",
        "21:53",
        "22:18",
        "22:58"
    ],
    "saturday": [
        "6:03",
        "6:29",
        "6:51",
        "7:13",
        "7:33",
        "7:53",
        "8:13",
        "8:33",
        "8:53",
        "9:17",
        "9:33",
        "9:53",
        "10:17",
        "10:33",
        "10:53",
        "11:17",
        "11:33",
        "11:53",
        "12:17",
        "12:33",
        "12:53",
        "13:17",
        "13:33",
        "13:53",
        "14:17",
        "14:33",
        "14:53",
        "15:17",
        "15:33",
        "15:53",
        "16:17",
        "16:33",
        "16:53",
        "17:17",
        "17:33",
        "17:53",
        "18:17",
        "18:33",
        "18:53",
        "19:17",
        "19:33",
        "19:53",
        "20:17",
        "20:53",
        "21:33",
        "22:13"
    ],
    "holiday": [
        "6:28",
        "6:51",
        "7:13",
        "7:33",
        "7:53",
        "8:13",
        "8:33",
        "8:53",
        "9:17",
        "9:33",
        "9:53",
        "10:17",
        "10:33",
        "10:53",
        "11:17",
        "11:33",
        "11:53",
        "12:17",
        "12:33",
        "12:53",
        "13:17",
        "13:33",
        "13:53",
        "14:17",
        "14:33",
        "14:53",
        "15:17",
        "15:33",
        "15:53",
        "16:17",
        "16:33",
        "16:53",
        "17:17",
        "17:33",
        "17:53",
        "18:17",
        "18:33",
        "18:53",
        "19:17",
        "19:33",
        "19:53",
        "20:17",
        "20:53",
        "21:28"
    ],
    "url": "https://www.kanachu.co.jp/dia/diagram/timetable01_js/course:0000802709-14/node:00129946/kt:0/lname:/"
}
