{
    "date": "2025/03/15",
    "name": "南桐原",
    "position": "-",
    "system": "辻26",
    "destinations": [
        "桐ヶ谷(藤沢市)",
        "湘南台住宅前",
        "湘南台駅西口"
    ],
    "weekday": [
        "6:14",
        "6:26",
        "6:36",
        "6:46",
        "6:56",
        "7:06",
        "7:13",
        "7:20",
        "7:26",
        "7:31",
        "7:36",
        "7:41",
        "7:46",
        "7:51",
        "7:58",
        "8:04",
        "8:10",
        "8:16",
        "8:22",
        "8:28",
        "8:40",
        "8:46",
        "8:56",
        "9:06",
        "9:16",
        "9:26",
        "9:36",
        "9:46",
        "9:56",
        "10:11",
        "10:26",
        "10:39",
        "11:04",
        "11:24",
        "11:41",
        "12:04",
        "12:24",
        "12:41",
        "13:04",
        "13:24",
        "13:41",
        "14:04",
        "14:27",
        "14:44",
        "15:07",
        "15:27",
        "15:44",
        "16:07",
        "16:27",
        "16:45",
        "17:07",
        "17:27",
        "17:41",
        "17:56",
        "18:11",
        "18:23",
        "18:35",
        "18:47",
        "18:59",
        "19:11",
        "19:23",
        "19:35",
        "19:44",
        "19:56",
        "20:06",
        "20:19",
        "20:36",
        "20:49",
        "21:01",
        "21:16",
        "21:48",
        "22:08",
        "22:33",
        "23:13"
    ],
    "saturday": [
        "6:18",
        "6:45",
        "7:07",
        "7:29",
        "7:49",
        "8:09",
        "8:29",
        "8:49",
        "9:09",
        "9:33",
        "9:49",
        "10:09",
        "10:33",
        "10:49",
        "11:09",
        "11:33",
        "11:49",
        "12:09",
        "12:33",
        "12:49",
        "13:09",
        "13:33",
        "13:49",
        "14:09",
        "14:33",
        "14:49",
        "15:09",
        "15:35",
        "15:51",
        "16:11",
        "16:35",
        "16:51",
        "17:11",
        "17:35",
        "17:51",
        "18:11",
        "18:35",
        "18:51",
        "19:11",
        "19:35",
        "19:48",
        "20:08",
        "20:32",
        "21:08",
        "21:48",
        "22:28"
    ],
    "holiday": [
        "6:42",
        "7:07",
        "7:29",
        "7:49",
        "8:09",
        "8:29",
        "8:49",
        "9:09",
        "9:33",
        "9:49",
        "10:09",
        "10:33",
        "10:49",
        "11:09",
        "11:33",
        "11:49",
        "12:09",
        "12:33",
        "12:49",
        "13:09",
        "13:33",
        "13:49",
        "14:09",
        "14:33",
        "14:49",
        "15:09",
        "15:35",
        "15:51",
        "16:11",
        "16:35",
        "16:51",
        "17:11",
        "17:35",
        "17:51",
        "18:11",
        "18:35",
        "18:51",
        "19:11",
        "19:35",
        "19:48",
        "20:08",
        "20:32",
        "21:08",
        "21:43"
    ],
    "url": "https://www.kanachu.co.jp/dia/diagram/timetable01_js/course:0000802709-23/node:00129955/kt:0/lname:/"
}
