{
    "date": "2024/05/20",
    "name": "下大竹",
    "position": "-",
    "system": "平94",
    "destinations": [
        "馬渡(伊勢原市)",
        "矢羽根",
        "新道城所入口",
        "大住中学校前",
        "西町(平塚市)",
        "豊田本郷駅",
        "大縄橋",
        "中原上宿",
        "中原御殿",
        "中原下宿",
        "共済病院前総合公園西",
        "追分(平塚市)",
        "立野町(平塚市)",
        "横浜ゴム前",
        "市役所前(ゴム前/平塚市)",
        "四ツ角(平塚市)",
        "平塚駅北口"
    ],
    "weekday": [
        "6:47",
        "7:28",
        "17:44",
        "18:44"
    ],
    "saturday": [],
    "holiday": [],
    "url": "https://www.kanachu.co.jp/dia/diagram/timetable01_js/course:0000800945-4/node:00128059/kt:0/lname:/"
}
