{
    "date": "2024/05/20",
    "name": "追分(平塚市)",
    "position": "-",
    "system": "平94",
    "destinations": [
        "立野町(平塚市)",
        "横浜ゴム前",
        "市役所前(ゴム前/平塚市)",
        "四ツ角(平塚市)",
        "平塚駅北口"
    ],
    "weekday": [
        "7:02",
        "7:48",
        "18:04",
        "19:04"
    ],
    "saturday": [],
    "holiday": [],
    "url": "https://www.kanachu.co.jp/dia/diagram/timetable01_js/course:0000800945-16/node:00127556/kt:0/lname:/"
}
