{
    "date": "2024/07/08",
    "name": "上三輪クラブ前",
    "position": "-",
    "system": "鶴01",
    "destinations": [
        "岡上",
        "鶴川駅"
    ],
    "weekday": [
        "6:23",
        "7:06",
        "7:46",
        "8:06",
        "8:29",
        "8:46",
        "9:26",
        "10:03",
        "10:43",
        "11:23",
        "12:03",
        "12:43",
        "13:23",
        "14:03",
        "14:43",
        "15:23",
        "16:03",
        "16:23",
        "16:43",
        "17:06",
        "17:36",
        "18:16",
        "19:00",
        "19:40",
        "20:20",
        "21:00"
    ],
    "saturday": [
        "7:36",
        "8:16",
        "9:16",
        "10:16",
        "11:16",
        "12:16",
        "13:16",
        "14:16",
        "15:16",
        "16:16",
        "17:16",
        "18:16",
        "19:16"
    ],
    "holiday": [
        "7:36",
        "8:16",
        "9:16",
        "10:16",
        "11:16",
        "12:16",
        "13:16",
        "14:16",
        "15:16",
        "16:16",
        "17:16",
        "18:16",
        "19:16"
    ],
    "url": "https://www.kanachu.co.jp/dia/diagram/timetable01_js/course:0000803439-8/node:00129442/kt:0/lname:/"
}
