{
    "system": "鶴01",
    "busstops": [
        {
            "index": "1",
            "id": "00129509",
            "name": "フェリシアこども短期大学",
            "lat": "35.570889",
            "lng": "139.493594"
        },
        {
            "index": "2",
            "id": "00129508",
            "name": "廣慶寺前",
            "lat": "35.574398",
            "lng": "139.495084"
        },
        {
            "index": "3",
            "id": "00129507",
            "name": "妙福寺前(町田市)",
            "lat": "35.575363",
            "lng": "139.498128"
        },
        {
            "index": "4",
            "id": "00129446",
            "name": "三輪(町田市)",
            "lat": "35.576961",
            "lng": "139.498926"
        },
        {
            "index": "5",
            "id": "00129445",
            "name": "下三輪入口",
            "lat": "35.579844",
            "lng": "139.497479"
        },
        {
            "index": "6",
            "id": "00129444",
            "name": "フェリシア高校前",
            "lat": "35.580843",
            "lng": "139.495426"
        },
        {
            "index": "7",
            "id": "00129443",
            "name": "第一住宅(町田市)",
            "lat": "35.583024",
            "lng": "139.490982"
        },
        {
            "index": "8",
            "id": "00129442",
            "name": "上三輪クラブ前",
            "lat": "35.580177",
            "lng": "139.48966"
        },
        {
            "index": "9",
            "id": "00049297",
            "name": "岡上",
            "lat": "35.580168",
            "lng": "139.487526"
        },
        {
            "index": "10",
            "id": "00049296",
            "name": "鶴川駅",
            "lat": "35.584013",
            "lng": "139.482612"
        }
    ],
    "route_url": "https://www.kanachu.co.jp/dia/route/index/cid:0000803439/"
}
