{
    "date": "2019/02/16",
    "name": "湘南台駅東口",
    "position": "-",
    "system": "湘15",
    "destinations": [
        "北警察署前(藤沢市)",
        "工業団地入口(藤沢市)",
        "石川六丁目",
        "公園北(藤沢市)",
        "一色上",
        "文化体育館前"
    ],
    "weekday": [
        "9:05",
        "10:05",
        "11:00",
        "12:00",
        "13:00",
        "14:00",
        "15:00",
        "16:00"
    ],
    "saturday": [
        "9:00",
        "10:00",
        "11:00",
        "12:00",
        "13:00",
        "14:00",
        "15:00"
    ],
    "holiday": [
        "8:00",
        "9:00",
        "10:00",
        "11:00",
        "12:00",
        "13:00",
        "14:00",
        "15:00"
    ],
    "url": "https://www.kanachu.co.jp/dia/diagram/timetable01_js/course:0000802693-1/node:00126881/kt:0/lname:/"
}
