{
    "date": "2019/02/16",
    "name": "北警察署前(藤沢市)",
    "position": "-",
    "system": "湘15",
    "destinations": [
        "工業団地入口(藤沢市)",
        "石川六丁目",
        "公園北(藤沢市)",
        "一色上",
        "文化体育館前"
    ],
    "weekday": [
        "9:09",
        "10:09",
        "11:04",
        "12:04",
        "13:04",
        "14:04",
        "15:04",
        "16:04"
    ],
    "saturday": [
        "9:04",
        "10:04",
        "11:04",
        "12:04",
        "13:04",
        "14:04",
        "15:04"
    ],
    "holiday": [
        "8:04",
        "9:04",
        "10:04",
        "11:04",
        "12:04",
        "13:04",
        "14:04",
        "15:04"
    ],
    "url": "https://www.kanachu.co.jp/dia/diagram/timetable01_js/course:0000802693-2/node:00129895/kt:0/lname:/"
}
