{
    "date": "2019/02/16",
    "name": "石川六丁目",
    "position": "-",
    "system": "湘15",
    "destinations": [
        "公園北(藤沢市)",
        "一色上",
        "文化体育館前"
    ],
    "weekday": [
        "9:12",
        "10:12",
        "11:07",
        "12:07",
        "13:07",
        "14:07",
        "15:07",
        "16:07"
    ],
    "saturday": [
        "9:07",
        "10:07",
        "11:07",
        "12:07",
        "13:07",
        "14:07",
        "15:07"
    ],
    "holiday": [
        "8:07",
        "9:07",
        "10:07",
        "11:07",
        "12:07",
        "13:07",
        "14:07",
        "15:07"
    ],
    "url": "https://www.kanachu.co.jp/dia/diagram/timetable01_js/course:0000802693-4/node:00130006/kt:0/lname:/"
}
