{
    "date": "2021/04/01",
    "name": "小倉(相模原市緑区)",
    "position": "-",
    "system": "橋06",
    "destinations": [
        "河原橋(相模原市緑区)",
        "諏訪の森",
        "湘南小学校前",
        "上葉山",
        "下倉",
        "葉山診療所前",
        "藤木(相模原市緑区)",
        "中平(相模原市緑区)",
        "葉山(相模原市緑区)",
        "下河原(相模原市緑区)",
        "高田橋入口",
        "田名坂上",
        "田名バスターミナル"
    ],
    "weekday": [
        "10:31",
        "12:31",
        "16:31",
        "18:46"
    ],
    "saturday": [
        "8:51",
        "11:46",
        "13:56",
        "18:01"
    ],
    "holiday": [
        "8:51",
        "11:46",
        "13:56",
        "18:01"
    ],
    "url": "https://www.kanachu.co.jp/dia/diagram/timetable01_js/course:0000803041-15/node:00128850/kt:0/lname:/"
}
