{
    "date": "2021/04/01",
    "name": "上葉山",
    "position": "-",
    "system": "橋06",
    "destinations": [
        "下倉",
        "葉山診療所前",
        "藤木(相模原市緑区)",
        "中平(相模原市緑区)",
        "葉山(相模原市緑区)",
        "下河原(相模原市緑区)",
        "高田橋入口",
        "田名坂上",
        "田名バスターミナル"
    ],
    "weekday": [
        "10:38",
        "12:38",
        "16:38",
        "18:53"
    ],
    "saturday": [
        "8:58",
        "11:53",
        "14:03",
        "18:08"
    ],
    "holiday": [
        "8:58",
        "11:53",
        "14:03",
        "18:08"
    ],
    "url": "https://www.kanachu.co.jp/dia/diagram/timetable01_js/course:0000803041-19/node:00128984/kt:0/lname:/"
}
