{
    "date": "2025/08/04",
    "name": "相原駅西口",
    "position": "-",
    "system": "原19",
    "destinations": [
        "諏訪神社前(町田市)",
        "相原小学校前",
        "開都",
        "相原十字路",
        "根岸(相原町/町田市)",
        "境橋(町田市)",
        "円林寺前",
        "水の口(町田市)",
        "法政大学入口",
        "法政大学(町田市)"
    ],
    "weekday": [
        "6:05",
        "6:20",
        "6:55",
        "7:31",
        "7:52",
        "8:10",
        "8:35",
        "8:49",
        "8:58",
        "9:45",
        "10:27",
        "10:55",
        "11:12",
        "11:18",
        "11:25",
        "11:34",
        "11:53",
        "12:00",
        "12:31",
        "12:37",
        "12:51",
        "13:00",
        "13:14",
        "13:23",
        "13:31",
        "13:40",
        "14:11",
        "14:25",
        "14:53",
        "15:05",
        "15:17",
        "15:31",
        "16:12",
        "16:41",
        "17:08",
        "17:24",
        "17:55",
        "18:13",
        "18:57",
        "19:38",
        "19:57",
        "20:22",
        "21:07"
    ],
    "saturday": [
        "6:27",
        "7:00",
        "7:35",
        "8:12",
        "8:30",
        "9:00",
        "9:45",
        "10:35",
        "11:20",
        "12:11",
        "12:51",
        "13:37",
        "14:26",
        "15:11",
        "15:56",
        "16:41",
        "17:26",
        "18:11",
        "18:56",
        "19:41",
        "20:25",
        "22:01"
    ],
    "holiday": [
        "6:55",
        "7:35",
        "8:22",
        "9:12",
        "9:52",
        "10:35",
        "11:20",
        "12:11",
        "12:51",
        "13:37",
        "14:26",
        "15:11",
        "15:56",
        "16:41",
        "17:26",
        "18:11",
        "18:56",
        "19:41",
        "20:25"
    ],
    "url": "https://www.kanachu.co.jp/dia/diagram/timetable01_js/course:0000802900-1/node:00130397/kt:0/lname:/"
}
