{
    "date": "2025/08/04",
    "name": "相原小学校前",
    "position": "-",
    "system": "原19",
    "destinations": [
        "開都",
        "相原十字路",
        "根岸(相原町/町田市)",
        "境橋(町田市)",
        "円林寺前",
        "水の口(町田市)",
        "法政大学入口",
        "法政大学(町田市)"
    ],
    "weekday": [
        "6:07",
        "6:22",
        "6:57",
        "7:33",
        "7:54",
        "8:12",
        "8:37",
        "8:51",
        "9:00",
        "9:47",
        "10:29",
        "10:57",
        "11:14",
        "11:20",
        "11:27",
        "11:36",
        "11:55",
        "12:02",
        "12:33",
        "12:39",
        "12:53",
        "13:02",
        "13:16",
        "13:25",
        "13:33",
        "13:42",
        "14:13",
        "14:27",
        "14:55",
        "15:07",
        "15:19",
        "15:33",
        "16:14",
        "16:43",
        "17:10",
        "17:26",
        "17:57",
        "18:15",
        "18:59",
        "19:40",
        "19:59",
        "20:24",
        "21:09"
    ],
    "saturday": [
        "6:29",
        "7:02",
        "7:37",
        "8:14",
        "8:32",
        "9:02",
        "9:47",
        "10:37",
        "11:22",
        "12:13",
        "12:53",
        "13:39",
        "14:28",
        "15:13",
        "15:58",
        "16:43",
        "17:28",
        "18:13",
        "18:58",
        "19:43",
        "20:27",
        "22:03"
    ],
    "holiday": [
        "6:57",
        "7:37",
        "8:24",
        "9:14",
        "9:54",
        "10:37",
        "11:22",
        "12:13",
        "12:53",
        "13:39",
        "14:28",
        "15:13",
        "15:58",
        "16:43",
        "17:28",
        "18:13",
        "18:58",
        "19:43",
        "20:27"
    ],
    "url": "https://www.kanachu.co.jp/dia/diagram/timetable01_js/course:0000802900-3/node:00128887/kt:0/lname:/"
}
