{
    "date": "2025/08/04",
    "name": "法政大学入口",
    "position": "-",
    "system": "原19",
    "destinations": [
        "法政大学(町田市)"
    ],
    "weekday": [
        "6:15",
        "6:30",
        "7:05",
        "7:41",
        "8:02",
        "8:20",
        "8:45",
        "8:59",
        "9:08",
        "9:55",
        "10:37",
        "11:05",
        "11:22",
        "11:28",
        "11:35",
        "11:44",
        "12:03",
        "12:10",
        "12:41",
        "12:47",
        "13:01",
        "13:10",
        "13:24",
        "13:33",
        "13:41",
        "13:50",
        "14:21",
        "14:35",
        "15:03",
        "15:15",
        "15:27",
        "15:41",
        "16:22",
        "16:51",
        "17:18",
        "17:34",
        "18:05",
        "18:23",
        "19:07",
        "19:48",
        "20:07",
        "20:32",
        "21:17"
    ],
    "saturday": [
        "6:37",
        "7:10",
        "7:45",
        "8:22",
        "8:40",
        "9:10",
        "9:55",
        "10:45",
        "11:30",
        "12:21",
        "13:01",
        "13:47",
        "14:36",
        "15:21",
        "16:06",
        "16:51",
        "17:36",
        "18:21",
        "19:06",
        "19:51",
        "20:35",
        "22:11"
    ],
    "holiday": [
        "7:05",
        "7:45",
        "8:32",
        "9:22",
        "10:02",
        "10:45",
        "11:30",
        "12:21",
        "13:01",
        "13:47",
        "14:36",
        "15:21",
        "16:06",
        "16:51",
        "17:36",
        "18:21",
        "19:06",
        "19:51",
        "20:35"
    ],
    "url": "https://www.kanachu.co.jp/dia/diagram/timetable01_js/course:0000802900-10/node:00130508/kt:0/lname:/"
}
