{
    "system": "原19",
    "busstops": [
        {
            "index": "1",
            "id": "00130397",
            "name": "相原駅西口",
            "lat": "35.606264",
            "lng": "139.331418"
        },
        {
            "index": "2",
            "id": "00128886",
            "name": "諏訪神社前(町田市)",
            "lat": "35.60459",
            "lng": "139.32749"
        },
        {
            "index": "3",
            "id": "00128887",
            "name": "相原小学校前",
            "lat": "35.605664",
            "lng": "139.32339"
        },
        {
            "index": "4",
            "id": "00128888",
            "name": "開都",
            "lat": "35.606334",
            "lng": "139.31948"
        },
        {
            "index": "5",
            "id": "00128889",
            "name": "相原十字路",
            "lat": "35.605678",
            "lng": "139.316564"
        },
        {
            "index": "6",
            "id": "00128890",
            "name": "根岸(相原町/町田市)",
            "lat": "35.605288",
            "lng": "139.309971"
        },
        {
            "index": "7",
            "id": "00128891",
            "name": "境橋(町田市)",
            "lat": "35.605724",
            "lng": "139.305161"
        },
        {
            "index": "8",
            "id": "00128892",
            "name": "円林寺前",
            "lat": "35.606961",
            "lng": "139.3019"
        },
        {
            "index": "9",
            "id": "00128893",
            "name": "水の口(町田市)",
            "lat": "35.609521",
            "lng": "139.29902"
        },
        {
            "index": "10",
            "id": "00130508",
            "name": "法政大学入口",
            "lat": "35.611679",
            "lng": "139.295892"
        },
        {
            "index": "11",
            "id": "00021279",
            "name": "法政大学(町田市)",
            "lat": "35.613626",
            "lng": "139.296581"
        }
    ],
    "route_url": "https://www.kanachu.co.jp/dia/route/index/cid:0000802900/"
}
