{
    "date": "2025/04/01",
    "name": "牧馬入口",
    "position": "-",
    "system": "三56",
    "destinations": [
        "前戸",
        "橋野沢",
        "地蔵前(相模原市緑区)",
        "鮑子取入口",
        "津久井クリーンセンター前",
        "青山(相模原市緑区)",
        "三ヶ木新宿",
        "津久井高校前",
        "三ヶ木"
    ],
    "weekday": [
        "9:29",
        "13:24"
    ],
    "saturday": [
        "8:19",
        "16:44"
    ],
    "holiday": [
        "8:19",
        "16:44"
    ],
    "url": "https://www.kanachu.co.jp/dia/diagram/timetable01_js/course:0000803790-22/node:00128759/kt:0/lname:/"
}
