{
    "date": "2025/04/01",
    "name": "橋野沢",
    "position": "-",
    "system": "三56",
    "destinations": [
        "地蔵前(相模原市緑区)",
        "鮑子取入口",
        "津久井クリーンセンター前",
        "青山(相模原市緑区)",
        "三ヶ木新宿",
        "津久井高校前",
        "三ヶ木"
    ],
    "weekday": [
        "9:31",
        "13:26"
    ],
    "saturday": [
        "8:21",
        "16:46"
    ],
    "holiday": [
        "8:21",
        "16:46"
    ],
    "url": "https://www.kanachu.co.jp/dia/diagram/timetable01_js/course:0000803790-24/node:00128757/kt:0/lname:/"
}
