{
    "date": "2025/04/01",
    "name": "鮑子取入口",
    "position": "-",
    "system": "三56",
    "destinations": [
        "津久井クリーンセンター前",
        "青山(相模原市緑区)",
        "三ヶ木新宿",
        "津久井高校前",
        "三ヶ木"
    ],
    "weekday": [
        "9:33",
        "13:28"
    ],
    "saturday": [
        "8:23",
        "16:48"
    ],
    "holiday": [
        "8:23",
        "16:48"
    ],
    "url": "https://www.kanachu.co.jp/dia/diagram/timetable01_js/course:0000803790-26/node:00128755/kt:0/lname:/"
}
