{
    "system": "三56",
    "busstops": [
        {
            "index": "1",
            "id": "00128780",
            "name": "月夜野",
            "lat": "35.539161",
            "lng": "139.112532"
        },
        {
            "index": "2",
            "id": "00128779",
            "name": "神の川入口",
            "lat": "35.54155",
            "lng": "139.116275"
        },
        {
            "index": "3",
            "id": "00128778",
            "name": "音久和",
            "lat": "35.541767",
            "lng": "139.118669"
        },
        {
            "index": "4",
            "id": "00128777",
            "name": "大川原入口",
            "lat": "35.542688",
            "lng": "139.123626"
        },
        {
            "index": "5",
            "id": "00128776",
            "name": "上野田(相模原市緑区)",
            "lat": "35.54422",
            "lng": "139.12641"
        },
        {
            "index": "6",
            "id": "00128775",
            "name": "青根諏訪神社前",
            "lat": "35.543391",
            "lng": "139.127754"
        },
        {
            "index": "7",
            "id": "00128774",
            "name": "東野(相模原市緑区)",
            "lat": "35.543988",
            "lng": "139.128342"
        },
        {
            "index": "8",
            "id": "00128773",
            "name": "青根公民館前",
            "lat": "35.544866",
            "lng": "139.128946"
        },
        {
            "index": "9",
            "id": "00128772",
            "name": "橋津原",
            "lat": "35.543514",
            "lng": "139.133353"
        },
        {
            "index": "10",
            "id": "00128771",
            "name": "平丸",
            "lat": "35.548398",
            "lng": "139.144543"
        },
        {
            "index": "11",
            "id": "00128770",
            "name": "荒井(相模原市緑区)",
            "lat": "35.549208",
            "lng": "139.146651"
        },
        {
            "index": "12",
            "id": "00128769",
            "name": "夫婦園",
            "lat": "35.552138",
            "lng": "139.155878"
        },
        {
            "index": "13",
            "id": "00128768",
            "name": "伏馬田入口",
            "lat": "35.557065",
            "lng": "139.172835"
        },
        {
            "index": "14",
            "id": "00128767",
            "name": "西野々(相模原市緑区)",
            "lat": "35.558155",
            "lng": "139.175689"
        },
        {
            "index": "15",
            "id": "00128766",
            "name": "焼山登山口",
            "lat": "35.559604",
            "lng": "139.180554"
        },
        {
            "index": "16",
            "id": "00128765",
            "name": "東開戸",
            "lat": "35.559818",
            "lng": "139.18425"
        },
        {
            "index": "17",
            "id": "00128764",
            "name": "青野原診療所前",
            "lat": "35.561827",
            "lng": "139.189413"
        },
        {
            "index": "18",
            "id": "00128763",
            "name": "青和学園前",
            "lat": "35.562051",
            "lng": "139.192278"
        },
        {
            "index": "19",
            "id": "00128762",
            "name": "上原(相模原市緑区)",
            "lat": "35.562949",
            "lng": "139.197846"
        },
        {
            "index": "20",
            "id": "00128761",
            "name": "青野原",
            "lat": "35.563156",
            "lng": "139.200283"
        },
        {
            "index": "21",
            "id": "00128760",
            "name": "梶野",
            "lat": "35.563508",
            "lng": "139.20474"
        },
        {
            "index": "22",
            "id": "00128759",
            "name": "牧馬入口",
            "lat": "35.563125",
            "lng": "139.206891"
        },
        {
            "index": "23",
            "id": "00128758",
            "name": "前戸",
            "lat": "35.564571",
            "lng": "139.211218"
        },
        {
            "index": "24",
            "id": "00128757",
            "name": "橋野沢",
            "lat": "35.565542",
            "lng": "139.215699"
        },
        {
            "index": "25",
            "id": "00128756",
            "name": "地蔵前(相模原市緑区)",
            "lat": "35.569943",
            "lng": "139.220914"
        },
        {
            "index": "26",
            "id": "00128755",
            "name": "鮑子取入口",
            "lat": "35.571766",
            "lng": "139.221729"
        },
        {
            "index": "27",
            "id": "00128754",
            "name": "津久井クリーンセンター前",
            "lat": "35.579895",
            "lng": "139.229245"
        },
        {
            "index": "28",
            "id": "00128753",
            "name": "青山(相模原市緑区)",
            "lat": "35.581641",
            "lng": "139.231119"
        },
        {
            "index": "29",
            "id": "00128752",
            "name": "三ヶ木新宿",
            "lat": "35.583819",
            "lng": "139.229912"
        },
        {
            "index": "30",
            "id": "00128751",
            "name": "津久井高校前",
            "lat": "35.587895",
            "lng": "139.232182"
        },
        {
            "index": "31",
            "id": "00128750",
            "name": "三ヶ木",
            "lat": "35.588304",
            "lng": "139.233312"
        }
    ],
    "route_url": "https://www.kanachu.co.jp/dia/route/index/cid:0000803790/"
}
