{
    "date": "2024/04/01",
    "name": "円蔵",
    "position": "-",
    "system": "茅26",
    "destinations": [
        "西久保(茅ケ崎市)",
        "変電所前(茅ケ崎市)",
        "大曲橋",
        "香川駅入口",
        "大曲(高座郡寒川町)",
        "筒井(高座郡寒川町)",
        "景観寺",
        "寒川駅南口",
        "寒川駅入口",
        "東岡田",
        "越の山入口",
        "北方(茅ケ崎市)",
        "茅ヶ崎新北陵病院",
        "文教大学"
    ],
    "weekday": [
        "8:23",
        "8:38",
        "9:04",
        "9:53",
        "10:13",
        "10:43",
        "11:33",
        "12:23",
        "13:33",
        "14:23",
        "17:48"
    ],
    "saturday": [
        "8:17",
        "10:49",
        "12:49",
        "14:48",
        "16:44"
    ],
    "holiday": [
        "8:17",
        "10:49",
        "12:49",
        "14:48",
        "16:44"
    ],
    "url": "https://www.kanachu.co.jp/dia/diagram/timetable01_js/course:0000800394-7/node:00127162/kt:0/lname:/"
}
