{
    "date": "2024/04/01",
    "name": "西久保(茅ケ崎市)",
    "position": "-",
    "system": "茅26",
    "destinations": [
        "変電所前(茅ケ崎市)",
        "大曲橋",
        "香川駅入口",
        "大曲(高座郡寒川町)",
        "筒井(高座郡寒川町)",
        "景観寺",
        "寒川駅南口",
        "寒川駅入口",
        "東岡田",
        "越の山入口",
        "北方(茅ケ崎市)",
        "茅ヶ崎新北陵病院",
        "文教大学"
    ],
    "weekday": [
        "8:25",
        "8:40",
        "9:06",
        "9:55",
        "10:15",
        "10:45",
        "11:35",
        "12:25",
        "13:35",
        "14:25",
        "17:50"
    ],
    "saturday": [
        "8:18",
        "10:51",
        "12:51",
        "14:50",
        "16:46"
    ],
    "holiday": [
        "8:18",
        "10:51",
        "12:51",
        "14:50",
        "16:46"
    ],
    "url": "https://www.kanachu.co.jp/dia/diagram/timetable01_js/course:0000800394-8/node:00127163/kt:0/lname:/"
}
