{
    "date": "2024/03/16",
    "name": "市民病院前(町田市)",
    "position": "-",
    "system": "町45",
    "destinations": [
        "森野三丁目",
        "第四小学校前(町田市)",
        "町田市役所市民ホール前",
        "町田バスセンター"
    ],
    "weekday": [
        "8:24",
        "16:09",
        "16:34",
        "18:24"
    ],
    "saturday": [],
    "holiday": [],
    "url": "https://www.kanachu.co.jp/dia/diagram/timetable01_js/course:0000803195-17/node:00129359/kt:0/lname:/"
}
