{
    "date": "2025/10/06",
    "name": "原宿(相模原市緑区)",
    "position": "-",
    "system": "橋01",
    "destinations": [
        "城山総合事務所入口",
        "久保沢",
        "谷ヶ原",
        "都井沢",
        "城山高校前",
        "津久井湖観光センター前",
        "北根小屋",
        "クラブ前(相模原市緑区)",
        "小網",
        "太井",
        "日赤病院西",
        "仲町自治会館前",
        "相模中野",
        "中野上町",
        "奈良井",
        "六本松(相模原市緑区)",
        "大沢(相模原市緑区)",
        "祥泉寺",
        "三ヶ木"
    ],
    "weekday": [
        "6:24",
        "6:49",
        "7:03",
        "7:16",
        "7:23",
        "7:30",
        "7:37",
        "7:44",
        "7:51",
        "7:58",
        "8:05",
        "8:13",
        "8:23",
        "8:33",
        "8:43",
        "9:01",
        "9:18",
        "9:36",
        "9:51",
        "10:06",
        "10:21",
        "10:36",
        "10:51",
        "11:06",
        "11:21",
        "11:36",
        "11:51",
        "12:06",
        "12:21",
        "12:36",
        "12:51",
        "13:04",
        "13:26",
        "13:41",
        "13:56",
        "14:11",
        "14:26",
        "14:41",
        "14:56",
        "15:11",
        "15:26",
        "15:41",
        "15:51",
        "16:01",
        "16:14",
        "16:26",
        "16:38",
        "16:50",
        "17:02",
        "17:17",
        "17:29",
        "17:41",
        "17:53",
        "18:05",
        "18:17",
        "18:29",
        "18:43",
        "18:53",
        "19:05",
        "19:17",
        "19:29",
        "19:39",
        "19:49",
        "20:01",
        "20:15",
        "20:35",
        "20:55",
        "21:15",
        "21:35",
        "21:55",
        "22:20",
        "22:50",
        "23:24"
    ],
    "saturday": [
        "6:31",
        "6:51",
        "7:11",
        "7:31",
        "7:53",
        "8:11",
        "8:26",
        "8:43",
        "8:58",
        "9:13",
        "9:30",
        "9:43",
        "9:58",
        "10:13",
        "10:33",
        "10:48",
        "11:03",
        "11:18",
        "11:33",
        "11:48",
        "12:03",
        "12:18",
        "12:33",
        "12:48",
        "13:03",
        "13:18",
        "13:30",
        "13:48",
        "14:03",
        "14:23",
        "14:38",
        "14:53",
        "15:08",
        "15:23",
        "15:38",
        "15:53",
        "16:03",
        "16:18",
        "16:33",
        "16:48",
        "17:05",
        "17:18",
        "17:33",
        "17:48",
        "18:05",
        "18:18",
        "18:35",
        "18:46",
        "19:01",
        "19:16",
        "19:31",
        "19:46",
        "20:01",
        "20:16",
        "20:36",
        "20:56",
        "21:16",
        "21:36",
        "21:56",
        "22:26",
        "22:56"
    ],
    "holiday": [
        "6:31",
        "7:01",
        "7:31",
        "7:49",
        "8:11",
        "8:26",
        "8:43",
        "8:58",
        "9:13",
        "9:30",
        "9:43",
        "9:58",
        "10:13",
        "10:33",
        "10:48",
        "11:03",
        "11:18",
        "11:33",
        "11:48",
        "12:03",
        "12:18",
        "12:33",
        "12:48",
        "13:03",
        "13:18",
        "13:30",
        "13:48",
        "14:03",
        "14:23",
        "14:38",
        "14:53",
        "15:08",
        "15:23",
        "15:38",
        "15:53",
        "16:03",
        "16:18",
        "16:33",
        "16:48",
        "17:01",
        "17:18",
        "17:33",
        "17:48",
        "18:01",
        "18:18",
        "18:31",
        "18:46",
        "19:01",
        "19:16",
        "19:31",
        "19:46",
        "20:01",
        "20:16",
        "20:39",
        "20:56",
        "21:16",
        "21:36",
        "21:56",
        "22:21",
        "22:41"
    ],
    "url": "https://www.kanachu.co.jp/dia/diagram/timetable01_js/course:0000803784-12/node:00128961/kt:0/lname:/"
}
