{
    "date": "2025/10/06",
    "name": "都井沢",
    "position": "-",
    "system": "橋01",
    "destinations": [
        "城山高校前",
        "津久井湖観光センター前",
        "北根小屋",
        "クラブ前(相模原市緑区)",
        "小網",
        "太井",
        "日赤病院西",
        "仲町自治会館前",
        "相模中野",
        "中野上町",
        "奈良井",
        "六本松(相模原市緑区)",
        "大沢(相模原市緑区)",
        "祥泉寺",
        "三ヶ木"
    ],
    "weekday": [
        "6:28",
        "6:53",
        "7:09",
        "7:22",
        "7:29",
        "7:36",
        "7:43",
        "7:50",
        "7:57",
        "8:04",
        "8:11",
        "8:19",
        "8:29",
        "8:39",
        "8:49",
        "9:07",
        "9:24",
        "9:42",
        "9:57",
        "10:12",
        "10:27",
        "10:42",
        "10:57",
        "11:12",
        "11:27",
        "11:42",
        "11:57",
        "12:12",
        "12:27",
        "12:42",
        "12:57",
        "13:10",
        "13:32",
        "13:47",
        "14:02",
        "14:17",
        "14:32",
        "14:47",
        "15:02",
        "15:17",
        "15:32",
        "15:47",
        "15:57",
        "16:07",
        "16:20",
        "16:32",
        "16:44",
        "16:56",
        "17:09",
        "17:24",
        "17:36",
        "17:48",
        "18:00",
        "18:12",
        "18:24",
        "18:36",
        "18:50",
        "19:00",
        "19:12",
        "19:24",
        "19:34",
        "19:44",
        "19:54",
        "20:06",
        "20:20",
        "20:40",
        "21:00",
        "21:20",
        "21:40",
        "22:00",
        "22:25",
        "22:55",
        "23:29"
    ],
    "saturday": [
        "6:36",
        "6:56",
        "7:16",
        "7:36",
        "7:58",
        "8:16",
        "8:31",
        "8:49",
        "9:04",
        "9:19",
        "9:36",
        "9:49",
        "10:04",
        "10:19",
        "10:39",
        "10:54",
        "11:09",
        "11:24",
        "11:39",
        "11:54",
        "12:09",
        "12:24",
        "12:39",
        "12:54",
        "13:09",
        "13:24",
        "13:36",
        "13:54",
        "14:09",
        "14:29",
        "14:44",
        "14:59",
        "15:14",
        "15:29",
        "15:44",
        "15:59",
        "16:09",
        "16:24",
        "16:39",
        "16:54",
        "17:11",
        "17:24",
        "17:39",
        "17:54",
        "18:11",
        "18:24",
        "18:40",
        "18:51",
        "19:06",
        "19:21",
        "19:36",
        "19:51",
        "20:06",
        "20:21",
        "20:41",
        "21:01",
        "21:21",
        "21:41",
        "22:01",
        "22:31",
        "23:01"
    ],
    "holiday": [
        "6:36",
        "7:06",
        "7:36",
        "7:54",
        "8:16",
        "8:31",
        "8:49",
        "9:04",
        "9:19",
        "9:36",
        "9:49",
        "10:04",
        "10:19",
        "10:39",
        "10:54",
        "11:09",
        "11:24",
        "11:39",
        "11:54",
        "12:09",
        "12:24",
        "12:39",
        "12:54",
        "13:09",
        "13:24",
        "13:36",
        "13:54",
        "14:09",
        "14:29",
        "14:44",
        "14:59",
        "15:14",
        "15:29",
        "15:44",
        "15:59",
        "16:09",
        "16:24",
        "16:39",
        "16:54",
        "17:07",
        "17:24",
        "17:39",
        "17:54",
        "18:07",
        "18:24",
        "18:36",
        "18:51",
        "19:06",
        "19:21",
        "19:36",
        "19:51",
        "20:06",
        "20:21",
        "20:44",
        "21:01",
        "21:21",
        "21:41",
        "22:01",
        "22:26",
        "22:46"
    ],
    "url": "https://www.kanachu.co.jp/dia/diagram/timetable01_js/course:0000803784-16/node:00128957/kt:0/lname:/"
}
