{
    "date": "2025/10/06",
    "name": "北根小屋",
    "position": "-",
    "system": "橋01",
    "destinations": [
        "クラブ前(相模原市緑区)",
        "小網",
        "太井",
        "日赤病院西",
        "仲町自治会館前",
        "相模中野",
        "中野上町",
        "奈良井",
        "六本松(相模原市緑区)",
        "大沢(相模原市緑区)",
        "祥泉寺",
        "三ヶ木"
    ],
    "weekday": [
        "6:31",
        "6:56",
        "7:13",
        "7:26",
        "7:33",
        "7:40",
        "7:47",
        "7:54",
        "8:01",
        "8:08",
        "8:15",
        "8:23",
        "8:32",
        "8:42",
        "8:52",
        "9:10",
        "9:27",
        "9:45",
        "10:00",
        "10:15",
        "10:30",
        "10:45",
        "11:00",
        "11:15",
        "11:30",
        "11:45",
        "12:00",
        "12:15",
        "12:30",
        "12:45",
        "13:00",
        "13:13",
        "13:35",
        "13:50",
        "14:05",
        "14:20",
        "14:35",
        "14:50",
        "15:05",
        "15:20",
        "15:35",
        "15:50",
        "16:00",
        "16:10",
        "16:23",
        "16:35",
        "16:47",
        "16:59",
        "17:12",
        "17:27",
        "17:39",
        "17:51",
        "18:03",
        "18:15",
        "18:27",
        "18:39",
        "18:53",
        "19:03",
        "19:15",
        "19:27",
        "19:37",
        "19:47",
        "19:57",
        "20:09",
        "20:23",
        "20:43",
        "21:03",
        "21:23",
        "21:43",
        "22:03",
        "22:28",
        "22:58",
        "23:32"
    ],
    "saturday": [
        "6:39",
        "6:59",
        "7:19",
        "7:39",
        "8:01",
        "8:19",
        "8:34",
        "8:52",
        "9:07",
        "9:22",
        "9:39",
        "9:52",
        "10:07",
        "10:22",
        "10:42",
        "10:57",
        "11:12",
        "11:27",
        "11:42",
        "11:57",
        "12:12",
        "12:27",
        "12:42",
        "12:57",
        "13:12",
        "13:27",
        "13:39",
        "13:57",
        "14:12",
        "14:32",
        "14:47",
        "15:02",
        "15:17",
        "15:32",
        "15:47",
        "16:02",
        "16:12",
        "16:27",
        "16:42",
        "16:57",
        "17:14",
        "17:27",
        "17:42",
        "17:57",
        "18:14",
        "18:27",
        "18:43",
        "18:54",
        "19:09",
        "19:24",
        "19:39",
        "19:54",
        "20:09",
        "20:24",
        "20:44",
        "21:04",
        "21:24",
        "21:44",
        "22:04",
        "22:34",
        "23:04"
    ],
    "holiday": [
        "6:39",
        "7:09",
        "7:39",
        "7:57",
        "8:19",
        "8:34",
        "8:52",
        "9:07",
        "9:22",
        "9:39",
        "9:52",
        "10:07",
        "10:22",
        "10:42",
        "10:57",
        "11:12",
        "11:27",
        "11:42",
        "11:57",
        "12:12",
        "12:27",
        "12:42",
        "12:57",
        "13:12",
        "13:27",
        "13:39",
        "13:57",
        "14:12",
        "14:32",
        "14:47",
        "15:02",
        "15:17",
        "15:32",
        "15:47",
        "16:02",
        "16:12",
        "16:27",
        "16:42",
        "16:57",
        "17:10",
        "17:27",
        "17:42",
        "17:57",
        "18:10",
        "18:27",
        "18:39",
        "18:54",
        "19:09",
        "19:24",
        "19:39",
        "19:54",
        "20:09",
        "20:24",
        "20:47",
        "21:04",
        "21:24",
        "21:44",
        "22:04",
        "22:29",
        "22:49"
    ],
    "url": "https://www.kanachu.co.jp/dia/diagram/timetable01_js/course:0000803784-19/node:00128954/kt:0/lname:/"
}
