{
    "date": "2025/10/06",
    "name": "太井",
    "position": "-",
    "system": "橋01",
    "destinations": [
        "日赤病院西",
        "仲町自治会館前",
        "相模中野",
        "中野上町",
        "奈良井",
        "六本松(相模原市緑区)",
        "大沢(相模原市緑区)",
        "祥泉寺",
        "三ヶ木"
    ],
    "weekday": [
        "6:34",
        "6:59",
        "7:16",
        "7:29",
        "7:36",
        "7:43",
        "7:50",
        "7:57",
        "8:04",
        "8:11",
        "8:18",
        "8:26",
        "8:35",
        "8:45",
        "8:55",
        "9:13",
        "9:30",
        "9:48",
        "10:03",
        "10:18",
        "10:33",
        "10:48",
        "11:03",
        "11:18",
        "11:33",
        "11:48",
        "12:03",
        "12:18",
        "12:33",
        "12:48",
        "13:03",
        "13:16",
        "13:38",
        "13:53",
        "14:08",
        "14:23",
        "14:38",
        "14:53",
        "15:08",
        "15:23",
        "15:38",
        "15:53",
        "16:03",
        "16:13",
        "16:26",
        "16:38",
        "16:50",
        "17:03",
        "17:17",
        "17:32",
        "17:44",
        "17:56",
        "18:08",
        "18:20",
        "18:32",
        "18:44",
        "18:58",
        "19:08",
        "19:20",
        "19:32",
        "19:40",
        "19:50",
        "20:00",
        "20:12",
        "20:26",
        "20:46",
        "21:06",
        "21:26",
        "21:46",
        "22:06",
        "22:31",
        "23:01",
        "23:35"
    ],
    "saturday": [
        "6:42",
        "7:02",
        "7:22",
        "7:42",
        "8:04",
        "8:22",
        "8:37",
        "8:55",
        "9:10",
        "9:25",
        "9:42",
        "9:55",
        "10:10",
        "10:25",
        "10:45",
        "11:00",
        "11:15",
        "11:30",
        "11:45",
        "12:00",
        "12:15",
        "12:30",
        "12:45",
        "13:00",
        "13:15",
        "13:30",
        "13:42",
        "14:00",
        "14:15",
        "14:35",
        "14:50",
        "15:05",
        "15:20",
        "15:35",
        "15:50",
        "16:05",
        "16:15",
        "16:30",
        "16:45",
        "17:00",
        "17:17",
        "17:30",
        "17:45",
        "18:00",
        "18:17",
        "18:30",
        "18:46",
        "18:57",
        "19:12",
        "19:27",
        "19:42",
        "19:57",
        "20:12",
        "20:27",
        "20:47",
        "21:07",
        "21:27",
        "21:47",
        "22:07",
        "22:37",
        "23:07"
    ],
    "holiday": [
        "6:42",
        "7:12",
        "7:42",
        "8:00",
        "8:22",
        "8:37",
        "8:55",
        "9:10",
        "9:25",
        "9:42",
        "9:55",
        "10:10",
        "10:25",
        "10:45",
        "11:00",
        "11:15",
        "11:30",
        "11:45",
        "12:00",
        "12:15",
        "12:30",
        "12:45",
        "13:00",
        "13:15",
        "13:30",
        "13:42",
        "14:00",
        "14:15",
        "14:35",
        "14:50",
        "15:05",
        "15:20",
        "15:35",
        "15:50",
        "16:05",
        "16:15",
        "16:30",
        "16:45",
        "17:00",
        "17:13",
        "17:30",
        "17:45",
        "18:00",
        "18:13",
        "18:30",
        "18:42",
        "18:57",
        "19:12",
        "19:27",
        "19:42",
        "19:57",
        "20:12",
        "20:27",
        "20:50",
        "21:07",
        "21:27",
        "21:47",
        "22:07",
        "22:32",
        "22:52"
    ],
    "url": "https://www.kanachu.co.jp/dia/diagram/timetable01_js/course:0000803784-22/node:00128951/kt:0/lname:/"
}
