{
    "date": "2025/10/06",
    "name": "日赤病院西",
    "position": "-",
    "system": "橋01",
    "destinations": [
        "仲町自治会館前",
        "相模中野",
        "中野上町",
        "奈良井",
        "六本松(相模原市緑区)",
        "大沢(相模原市緑区)",
        "祥泉寺",
        "三ヶ木"
    ],
    "weekday": [
        "6:35",
        "7:00",
        "7:17",
        "7:30",
        "7:37",
        "7:44",
        "7:51",
        "7:58",
        "8:05",
        "8:12",
        "8:19",
        "8:27",
        "8:36",
        "8:46",
        "8:56",
        "9:14",
        "9:31",
        "9:49",
        "10:04",
        "10:19",
        "10:34",
        "10:49",
        "11:04",
        "11:19",
        "11:34",
        "11:49",
        "12:04",
        "12:19",
        "12:34",
        "12:49",
        "13:04",
        "13:17",
        "13:39",
        "13:54",
        "14:09",
        "14:24",
        "14:39",
        "14:54",
        "15:09",
        "15:24",
        "15:39",
        "15:54",
        "16:04",
        "16:14",
        "16:27",
        "16:39",
        "16:51",
        "17:05",
        "17:19",
        "17:34",
        "17:46",
        "17:58",
        "18:10",
        "18:22",
        "18:34",
        "18:46",
        "19:00",
        "19:10",
        "19:22",
        "19:33",
        "19:41",
        "19:51",
        "20:01",
        "20:13",
        "20:27",
        "20:47",
        "21:07",
        "21:27",
        "21:47",
        "22:07",
        "22:32",
        "23:02",
        "23:36"
    ],
    "saturday": [
        "6:43",
        "7:03",
        "7:23",
        "7:43",
        "8:05",
        "8:23",
        "8:38",
        "8:56",
        "9:11",
        "9:26",
        "9:43",
        "9:56",
        "10:11",
        "10:26",
        "10:46",
        "11:01",
        "11:16",
        "11:31",
        "11:46",
        "12:01",
        "12:16",
        "12:31",
        "12:46",
        "13:01",
        "13:16",
        "13:31",
        "13:43",
        "14:01",
        "14:16",
        "14:36",
        "14:51",
        "15:06",
        "15:21",
        "15:36",
        "15:51",
        "16:06",
        "16:16",
        "16:31",
        "16:46",
        "17:01",
        "17:18",
        "17:31",
        "17:46",
        "18:01",
        "18:18",
        "18:31",
        "18:47",
        "18:58",
        "19:13",
        "19:28",
        "19:43",
        "19:58",
        "20:13",
        "20:28",
        "20:48",
        "21:08",
        "21:28",
        "21:48",
        "22:08",
        "22:38",
        "23:08"
    ],
    "holiday": [
        "6:43",
        "7:13",
        "7:43",
        "8:01",
        "8:23",
        "8:38",
        "8:56",
        "9:11",
        "9:26",
        "9:43",
        "9:56",
        "10:11",
        "10:26",
        "10:46",
        "11:01",
        "11:16",
        "11:31",
        "11:46",
        "12:01",
        "12:16",
        "12:31",
        "12:46",
        "13:01",
        "13:16",
        "13:31",
        "13:43",
        "14:01",
        "14:16",
        "14:36",
        "14:51",
        "15:06",
        "15:21",
        "15:36",
        "15:51",
        "16:06",
        "16:16",
        "16:31",
        "16:46",
        "17:01",
        "17:14",
        "17:31",
        "17:46",
        "18:01",
        "18:14",
        "18:31",
        "18:43",
        "18:58",
        "19:13",
        "19:28",
        "19:43",
        "19:58",
        "20:13",
        "20:28",
        "20:51",
        "21:08",
        "21:28",
        "21:48",
        "22:08",
        "22:33",
        "22:53"
    ],
    "url": "https://www.kanachu.co.jp/dia/diagram/timetable01_js/course:0000803784-23/node:00130507/kt:0/lname:/"
}
