{
    "date": "2025/10/06",
    "name": "仲町自治会館前",
    "position": "-",
    "system": "橋01",
    "destinations": [
        "相模中野",
        "中野上町",
        "奈良井",
        "六本松(相模原市緑区)",
        "大沢(相模原市緑区)",
        "祥泉寺",
        "三ヶ木"
    ],
    "weekday": [
        "6:36",
        "7:01",
        "7:18",
        "7:31",
        "7:38",
        "7:45",
        "7:52",
        "7:59",
        "8:06",
        "8:13",
        "8:20",
        "8:28",
        "8:37",
        "8:47",
        "8:57",
        "9:15",
        "9:32",
        "9:50",
        "10:05",
        "10:20",
        "10:35",
        "10:50",
        "11:05",
        "11:20",
        "11:35",
        "11:50",
        "12:05",
        "12:20",
        "12:35",
        "12:50",
        "13:05",
        "13:18",
        "13:40",
        "13:55",
        "14:10",
        "14:25",
        "14:40",
        "14:55",
        "15:10",
        "15:25",
        "15:40",
        "15:55",
        "16:05",
        "16:15",
        "16:28",
        "16:40",
        "16:52",
        "17:06",
        "17:20",
        "17:35",
        "17:47",
        "17:59",
        "18:11",
        "18:23",
        "18:35",
        "18:47",
        "19:01",
        "19:11",
        "19:23",
        "19:34",
        "19:42",
        "19:52",
        "20:02",
        "20:14",
        "20:28",
        "20:48",
        "21:08",
        "21:28",
        "21:48",
        "22:08",
        "22:33",
        "23:03",
        "23:37"
    ],
    "saturday": [
        "6:44",
        "7:04",
        "7:24",
        "7:44",
        "8:06",
        "8:24",
        "8:39",
        "8:57",
        "9:12",
        "9:27",
        "9:44",
        "9:57",
        "10:12",
        "10:27",
        "10:47",
        "11:02",
        "11:17",
        "11:32",
        "11:47",
        "12:02",
        "12:17",
        "12:32",
        "12:47",
        "13:02",
        "13:17",
        "13:32",
        "13:44",
        "14:02",
        "14:17",
        "14:37",
        "14:52",
        "15:07",
        "15:22",
        "15:37",
        "15:52",
        "16:07",
        "16:17",
        "16:32",
        "16:47",
        "17:02",
        "17:19",
        "17:32",
        "17:47",
        "18:02",
        "18:19",
        "18:32",
        "18:48",
        "18:59",
        "19:14",
        "19:29",
        "19:44",
        "19:59",
        "20:14",
        "20:29",
        "20:49",
        "21:09",
        "21:29",
        "21:49",
        "22:09",
        "22:39",
        "23:09"
    ],
    "holiday": [
        "6:44",
        "7:14",
        "7:44",
        "8:02",
        "8:24",
        "8:39",
        "8:57",
        "9:12",
        "9:27",
        "9:44",
        "9:57",
        "10:12",
        "10:27",
        "10:47",
        "11:02",
        "11:17",
        "11:32",
        "11:47",
        "12:02",
        "12:17",
        "12:32",
        "12:47",
        "13:02",
        "13:17",
        "13:32",
        "13:44",
        "14:02",
        "14:17",
        "14:37",
        "14:52",
        "15:07",
        "15:22",
        "15:37",
        "15:52",
        "16:07",
        "16:17",
        "16:32",
        "16:47",
        "17:02",
        "17:15",
        "17:32",
        "17:47",
        "18:02",
        "18:15",
        "18:32",
        "18:44",
        "18:59",
        "19:14",
        "19:29",
        "19:44",
        "19:59",
        "20:14",
        "20:29",
        "20:52",
        "21:09",
        "21:29",
        "21:49",
        "22:09",
        "22:34",
        "22:54"
    ],
    "url": "https://www.kanachu.co.jp/dia/diagram/timetable01_js/course:0000803784-24/node:00128949/kt:0/lname:/"
}
