{
    "date": "2025/04/01",
    "name": "九条",
    "position": "-",
    "system": "小03",
    "destinations": [
        "十一条",
        "ひばりが丘一丁目(座間市)",
        "小松原二丁目",
        "小松原(座間市)",
        "イオンモール座間入口",
        "イオンモール座間",
        "イオンモール座間入口",
        "小松原入口",
        "相模が丘",
        "マルマン工場前",
        "小田急住宅前(座間市)",
        "相模台",
        "小田急相模原駅"
    ],
    "weekday": [
        "16:57",
        "17:37",
        "18:14",
        "18:50",
        "19:57",
        "20:55",
        "21:55"
    ],
    "saturday": [],
    "holiday": [],
    "url": "https://www.kanachu.co.jp/dia/diagram/timetable01_js/course:0000803728-3/node:00129684/kt:0/lname:/"
}
