{
    "date": "2025/01/14",
    "name": "東京工芸大学",
    "position": "-",
    "system": "厚26",
    "destinations": [
        "東京工芸大学前",
        "古松台入口",
        "六堂辻",
        "白山(厚木市)",
        "小金",
        "黄金原",
        "緑ヶ丘入口(厚木市)",
        "アンリツ前",
        "日立アステモ前",
        "厚木高校前",
        "合同庁舎前(厚木市)",
        "市役所入口(厚木市)",
        "本厚木駅",
        "厚木バスセンター"
    ],
    "weekday": [
        "6:05",
        "6:20",
        "6:35",
        "6:50",
        "7:01",
        "7:10",
        "7:22",
        "7:30",
        "7:37",
        "7:45",
        "7:50",
        "8:00",
        "8:05",
        "8:15",
        "8:25",
        "8:35",
        "8:55",
        "9:15",
        "9:35",
        "9:55",
        "10:15",
        "10:35",
        "10:55",
        "11:15",
        "11:35",
        "11:55",
        "12:15",
        "12:35",
        "12:55",
        "13:10",
        "13:30",
        "13:50",
        "14:10",
        "14:30",
        "14:50",
        "15:15",
        "15:35",
        "15:40",
        "15:45",
        "15:55",
        "16:05",
        "16:20",
        "16:40",
        "16:55",
        "17:03",
        "17:08",
        "17:16",
        "17:23",
        "17:30",
        "17:35",
        "17:38",
        "17:42",
        "17:47",
        "17:52",
        "18:00",
        "18:07",
        "18:15",
        "18:30",
        "18:45",
        "19:00",
        "19:15",
        "19:30",
        "19:45",
        "20:00",
        "20:25",
        "20:55",
        "21:25",
        "21:55"
    ],
    "saturday": [
        "6:10",
        "6:50",
        "7:10",
        "7:30",
        "8:10",
        "8:30",
        "9:10",
        "9:30",
        "9:50",
        "10:10",
        "10:30",
        "10:55",
        "11:20",
        "11:50",
        "12:20",
        "12:50",
        "13:20",
        "13:50",
        "14:20",
        "14:50",
        "15:20",
        "15:50",
        "16:20",
        "16:50",
        "17:10",
        "17:30",
        "17:50",
        "18:10",
        "18:30",
        "18:50",
        "19:20",
        "19:50",
        "20:20",
        "20:50",
        "21:20",
        "21:50"
    ],
    "holiday": [
        "6:50",
        "7:20",
        "7:50",
        "8:20",
        "8:50",
        "9:20",
        "9:50",
        "10:20",
        "10:50",
        "11:20",
        "11:50",
        "12:20",
        "12:50",
        "13:20",
        "13:50",
        "14:20",
        "14:50",
        "15:20",
        "15:50",
        "16:20",
        "16:50",
        "17:20",
        "17:50",
        "18:20",
        "18:50",
        "19:20",
        "19:50",
        "20:40",
        "21:20"
    ],
    "url": "https://www.kanachu.co.jp/dia/diagram/timetable01_js/course:0000801701-1/node:00128651/kt:0/lname:/"
}
