{
    "date": "2025/01/14",
    "name": "古松台入口",
    "position": "-",
    "system": "厚26",
    "destinations": [
        "六堂辻",
        "白山(厚木市)",
        "小金",
        "黄金原",
        "緑ヶ丘入口(厚木市)",
        "アンリツ前",
        "アステモ[Astemo]前〔旧:日立アステモ前〕",
        "厚木高校前",
        "合同庁舎前(厚木市)",
        "市役所入口(厚木市)",
        "本厚木駅",
        "厚木バスセンター"
    ],
    "weekday": [
        "6:06",
        "6:21",
        "6:36",
        "6:51",
        "7:02",
        "7:11",
        "7:23",
        "7:31",
        "7:38",
        "7:46",
        "7:51",
        "8:01",
        "8:06",
        "8:16",
        "8:26",
        "8:36",
        "8:56",
        "9:16",
        "9:36",
        "9:56",
        "10:16",
        "10:36",
        "10:56",
        "11:16",
        "11:36",
        "11:56",
        "12:16",
        "12:36",
        "12:56",
        "13:11",
        "13:31",
        "13:51",
        "14:11",
        "14:31",
        "14:51",
        "15:16",
        "15:36",
        "15:41",
        "15:46",
        "15:56",
        "16:06",
        "16:21",
        "16:41",
        "16:56",
        "17:04",
        "17:09",
        "17:17",
        "17:24",
        "17:31",
        "17:36",
        "17:39",
        "17:43",
        "17:48",
        "17:53",
        "18:01",
        "18:08",
        "18:16",
        "18:31",
        "18:46",
        "19:01",
        "19:16",
        "19:31",
        "19:46",
        "20:01",
        "20:26",
        "20:56",
        "21:26",
        "21:56"
    ],
    "saturday": [
        "6:11",
        "6:51",
        "7:11",
        "7:31",
        "8:11",
        "8:31",
        "9:11",
        "9:31",
        "9:51",
        "10:11",
        "10:31",
        "10:56",
        "11:21",
        "11:51",
        "12:21",
        "12:51",
        "13:21",
        "13:51",
        "14:21",
        "14:51",
        "15:21",
        "15:51",
        "16:21",
        "16:51",
        "17:11",
        "17:31",
        "17:51",
        "18:11",
        "18:31",
        "18:51",
        "19:21",
        "19:51",
        "20:21",
        "20:51",
        "21:21",
        "21:51"
    ],
    "holiday": [
        "6:51",
        "7:21",
        "7:51",
        "8:21",
        "8:51",
        "9:21",
        "9:51",
        "10:21",
        "10:51",
        "11:21",
        "11:51",
        "12:21",
        "12:51",
        "13:21",
        "13:51",
        "14:21",
        "14:51",
        "15:21",
        "15:51",
        "16:21",
        "16:51",
        "17:21",
        "17:51",
        "18:21",
        "18:51",
        "19:21",
        "19:51",
        "20:41",
        "21:21"
    ],
    "url": "https://www.kanachu.co.jp/dia/diagram/timetable01_js/course:0000801701-3/node:00128478/kt:0/lname:/"
}
