{
    "date": "2025/01/14",
    "name": "六堂辻",
    "position": "-",
    "system": "厚26",
    "destinations": [
        "白山(厚木市)",
        "小金",
        "黄金原",
        "緑ヶ丘入口(厚木市)",
        "アンリツ前",
        "日立アステモ前",
        "厚木高校前",
        "合同庁舎前(厚木市)",
        "市役所入口(厚木市)",
        "本厚木駅",
        "厚木バスセンター"
    ],
    "weekday": [
        "6:07",
        "6:22",
        "6:37",
        "6:52",
        "7:03",
        "7:12",
        "7:24",
        "7:32",
        "7:39",
        "7:47",
        "7:52",
        "8:02",
        "8:07",
        "8:17",
        "8:27",
        "8:37",
        "8:57",
        "9:17",
        "9:37",
        "9:57",
        "10:17",
        "10:37",
        "10:57",
        "11:17",
        "11:37",
        "11:57",
        "12:17",
        "12:37",
        "12:57",
        "13:12",
        "13:32",
        "13:52",
        "14:12",
        "14:32",
        "14:52",
        "15:17",
        "15:37",
        "15:42",
        "15:47",
        "15:57",
        "16:07",
        "16:22",
        "16:42",
        "16:57",
        "17:05",
        "17:10",
        "17:18",
        "17:25",
        "17:32",
        "17:37",
        "17:40",
        "17:44",
        "17:49",
        "17:54",
        "18:02",
        "18:09",
        "18:17",
        "18:32",
        "18:47",
        "19:02",
        "19:17",
        "19:32",
        "19:47",
        "20:02",
        "20:27",
        "20:57",
        "21:27",
        "21:57"
    ],
    "saturday": [
        "6:12",
        "6:52",
        "7:12",
        "7:32",
        "8:12",
        "8:32",
        "9:12",
        "9:32",
        "9:52",
        "10:12",
        "10:32",
        "10:57",
        "11:22",
        "11:52",
        "12:22",
        "12:52",
        "13:22",
        "13:52",
        "14:22",
        "14:52",
        "15:22",
        "15:52",
        "16:22",
        "16:52",
        "17:12",
        "17:32",
        "17:52",
        "18:12",
        "18:32",
        "18:52",
        "19:22",
        "19:52",
        "20:22",
        "20:52",
        "21:22",
        "21:52"
    ],
    "holiday": [
        "6:52",
        "7:22",
        "7:52",
        "8:22",
        "8:52",
        "9:22",
        "9:52",
        "10:22",
        "10:52",
        "11:22",
        "11:52",
        "12:22",
        "12:52",
        "13:22",
        "13:52",
        "14:22",
        "14:52",
        "15:22",
        "15:52",
        "16:22",
        "16:52",
        "17:22",
        "17:52",
        "18:22",
        "18:52",
        "19:22",
        "19:52",
        "20:42",
        "21:22"
    ],
    "url": "https://www.kanachu.co.jp/dia/diagram/timetable01_js/course:0000801701-4/node:00128477/kt:0/lname:/"
}
