{
    "date": "2025/01/14",
    "name": "小金",
    "position": "-",
    "system": "厚26",
    "destinations": [
        "黄金原",
        "緑ヶ丘入口(厚木市)",
        "アンリツ前",
        "日立アステモ前",
        "厚木高校前",
        "合同庁舎前(厚木市)",
        "市役所入口(厚木市)",
        "本厚木駅",
        "厚木バスセンター"
    ],
    "weekday": [
        "6:09",
        "6:24",
        "6:39",
        "6:54",
        "7:05",
        "7:14",
        "7:26",
        "7:34",
        "7:41",
        "7:49",
        "7:54",
        "8:04",
        "8:09",
        "8:19",
        "8:29",
        "8:39",
        "8:59",
        "9:19",
        "9:39",
        "9:59",
        "10:19",
        "10:39",
        "10:59",
        "11:19",
        "11:39",
        "11:59",
        "12:19",
        "12:39",
        "12:59",
        "13:14",
        "13:34",
        "13:54",
        "14:14",
        "14:34",
        "14:54",
        "15:19",
        "15:39",
        "15:44",
        "15:49",
        "15:59",
        "16:09",
        "16:24",
        "16:44",
        "16:59",
        "17:07",
        "17:12",
        "17:20",
        "17:27",
        "17:34",
        "17:39",
        "17:42",
        "17:46",
        "17:51",
        "17:56",
        "18:04",
        "18:11",
        "18:19",
        "18:34",
        "18:49",
        "19:04",
        "19:19",
        "19:34",
        "19:49",
        "20:04",
        "20:29",
        "20:59",
        "21:29",
        "21:59"
    ],
    "saturday": [
        "6:14",
        "6:54",
        "7:14",
        "7:34",
        "8:14",
        "8:34",
        "9:14",
        "9:34",
        "9:54",
        "10:14",
        "10:34",
        "10:59",
        "11:24",
        "11:54",
        "12:24",
        "12:54",
        "13:24",
        "13:54",
        "14:24",
        "14:54",
        "15:24",
        "15:54",
        "16:24",
        "16:54",
        "17:14",
        "17:34",
        "17:54",
        "18:14",
        "18:34",
        "18:54",
        "19:24",
        "19:54",
        "20:24",
        "20:54",
        "21:24",
        "21:54"
    ],
    "holiday": [
        "6:54",
        "7:24",
        "7:54",
        "8:24",
        "8:54",
        "9:24",
        "9:54",
        "10:24",
        "10:54",
        "11:24",
        "11:54",
        "12:24",
        "12:54",
        "13:24",
        "13:54",
        "14:24",
        "14:54",
        "15:24",
        "15:54",
        "16:24",
        "16:54",
        "17:24",
        "17:54",
        "18:24",
        "18:54",
        "19:24",
        "19:54",
        "20:44",
        "21:24"
    ],
    "url": "https://www.kanachu.co.jp/dia/diagram/timetable01_js/course:0000801701-6/node:00128650/kt:0/lname:/"
}
