{
    "date": "2025/01/14",
    "name": "日立アステモ前",
    "position": "-",
    "system": "厚26",
    "destinations": [
        "厚木高校前",
        "合同庁舎前(厚木市)",
        "市役所入口(厚木市)",
        "本厚木駅",
        "厚木バスセンター"
    ],
    "weekday": [
        "6:17",
        "6:32",
        "6:47",
        "7:02",
        "7:13",
        "7:22",
        "7:34",
        "7:42",
        "7:49",
        "7:57",
        "8:02",
        "8:12",
        "8:17",
        "8:27",
        "8:37",
        "8:47",
        "9:07",
        "9:27",
        "9:47",
        "10:07",
        "10:27",
        "10:47",
        "11:07",
        "11:27",
        "11:47",
        "12:07",
        "12:27",
        "12:47",
        "13:07",
        "13:22",
        "13:42",
        "14:02",
        "14:22",
        "14:42",
        "15:02",
        "15:27",
        "15:47",
        "15:52",
        "15:57",
        "16:07",
        "16:17",
        "16:32",
        "16:52",
        "17:07",
        "17:15",
        "17:20",
        "17:28",
        "17:35",
        "17:42",
        "17:47",
        "17:50",
        "17:54",
        "17:59",
        "18:04",
        "18:12",
        "18:19",
        "18:27",
        "18:42",
        "18:57",
        "19:12",
        "19:27",
        "19:42",
        "19:57",
        "20:12",
        "20:37",
        "21:07",
        "21:37",
        "22:07"
    ],
    "saturday": [
        "6:19",
        "6:59",
        "7:19",
        "7:41",
        "8:21",
        "8:41",
        "9:21",
        "9:41",
        "10:01",
        "10:21",
        "10:41",
        "11:06",
        "11:31",
        "12:01",
        "12:31",
        "13:01",
        "13:31",
        "14:01",
        "14:31",
        "15:01",
        "15:31",
        "16:01",
        "16:31",
        "17:01",
        "17:21",
        "17:41",
        "18:01",
        "18:21",
        "18:41",
        "19:01",
        "19:31",
        "20:01",
        "20:31",
        "21:01",
        "21:31",
        "22:01"
    ],
    "holiday": [
        "6:59",
        "7:29",
        "7:59",
        "8:31",
        "9:01",
        "9:31",
        "10:01",
        "10:31",
        "11:01",
        "11:31",
        "12:01",
        "12:31",
        "13:01",
        "13:31",
        "14:01",
        "14:31",
        "15:01",
        "15:31",
        "16:01",
        "16:31",
        "17:01",
        "17:31",
        "18:01",
        "18:31",
        "19:01",
        "19:31",
        "20:01",
        "20:51",
        "21:31"
    ],
    "url": "https://www.kanachu.co.jp/dia/diagram/timetable01_js/course:0000801701-10/node:00128441/kt:0/lname:/"
}
