{
    "date": "2025/01/14",
    "name": "本厚木駅",
    "position": "-",
    "system": "厚26",
    "destinations": [
        "厚木バスセンター"
    ],
    "weekday": [
        "6:23",
        "6:38",
        "6:53",
        "7:08",
        "7:19",
        "7:28",
        "7:44",
        "7:52",
        "7:59",
        "8:07",
        "8:12",
        "8:22",
        "8:27",
        "8:37",
        "8:47",
        "8:57",
        "9:15",
        "9:35",
        "9:55",
        "10:15",
        "10:35",
        "10:55",
        "11:15",
        "11:35",
        "11:55",
        "12:15",
        "12:35",
        "12:55",
        "13:15",
        "13:30",
        "13:50",
        "14:10",
        "14:30",
        "14:50",
        "15:10",
        "15:35",
        "15:55",
        "16:00",
        "16:05",
        "16:17",
        "16:27",
        "16:42",
        "17:02",
        "17:17",
        "17:25",
        "17:30",
        "17:38",
        "17:45",
        "17:52",
        "17:57",
        "18:00",
        "18:04",
        "18:09",
        "18:14",
        "18:22",
        "18:29",
        "18:37",
        "18:52",
        "19:06",
        "19:18",
        "19:33",
        "19:48",
        "20:03",
        "20:18",
        "20:43",
        "21:13",
        "21:43",
        "22:13"
    ],
    "saturday": [
        "6:24",
        "7:04",
        "7:24",
        "7:46",
        "8:26",
        "8:46",
        "9:28",
        "9:48",
        "10:08",
        "10:28",
        "10:48",
        "11:13",
        "11:38",
        "12:08",
        "12:38",
        "13:08",
        "13:38",
        "14:08",
        "14:38",
        "15:11",
        "15:41",
        "16:11",
        "16:41",
        "17:11",
        "17:31",
        "17:51",
        "18:11",
        "18:31",
        "18:51",
        "19:06",
        "19:36",
        "20:06",
        "20:36",
        "21:06",
        "21:36",
        "22:06"
    ],
    "holiday": [
        "7:04",
        "7:34",
        "8:04",
        "8:36",
        "9:06",
        "9:36",
        "10:08",
        "10:38",
        "11:08",
        "11:38",
        "12:08",
        "12:38",
        "13:08",
        "13:38",
        "14:08",
        "14:38",
        "15:11",
        "15:41",
        "16:11",
        "16:41",
        "17:11",
        "17:41",
        "18:11",
        "18:41",
        "19:06",
        "19:36",
        "20:06",
        "20:56",
        "21:36"
    ],
    "url": "https://www.kanachu.co.jp/dia/diagram/timetable01_js/course:0000801701-14/node:00025684/kt:0/lname:/"
}
