{
    "date": "2025/10/20",
    "name": "東国分",
    "position": "-",
    "system": "海08",
    "destinations": [
        "望地(海老名市)",
        "県営団地入口(海老名市)",
        "赤坂(海老名市)",
        "パブコ前",
        "天野原",
        "柏ヶ谷(海老名市)",
        "大塚本町",
        "大塚上町",
        "さがみ野駅",
        "相模大塚",
        "扇野",
        "西鶴寺前",
        "南鶴間",
        "西鶴間",
        "鶴間駅"
    ],
    "weekday": [
        "18:35"
    ],
    "saturday": [],
    "holiday": [],
    "url": "https://www.kanachu.co.jp/dia/diagram/timetable01_js/course:0000801255-4/node:00128614/kt:0/lname:/"
}
