{
    "system": "海08",
    "busstops": [
        {
            "index": "1",
            "id": "00128604",
            "name": "海老名駅東口",
            "lat": "35.452595",
            "lng": "139.39158"
        },
        {
            "index": "2",
            "id": "00128613",
            "name": "中央一丁目(海老名市)",
            "lat": "35.451547",
            "lng": "139.396081"
        },
        {
            "index": "3",
            "id": "00128558",
            "name": "国分(海老名市)",
            "lat": "35.453505",
            "lng": "139.399406"
        },
        {
            "index": "4",
            "id": "00128614",
            "name": "東国分",
            "lat": "35.453026",
            "lng": "139.402685"
        },
        {
            "index": "5",
            "id": "00128615",
            "name": "望地(海老名市)",
            "lat": "35.453348",
            "lng": "139.405807"
        },
        {
            "index": "6",
            "id": "00128616",
            "name": "県営団地入口(海老名市)",
            "lat": "35.455027",
            "lng": "139.40789"
        },
        {
            "index": "7",
            "id": "00128617",
            "name": "赤坂(海老名市)",
            "lat": "35.457777",
            "lng": "139.411112"
        },
        {
            "index": "8",
            "id": "00128618",
            "name": "パブコ前",
            "lat": "35.459655",
            "lng": "139.413242"
        },
        {
            "index": "9",
            "id": "00128619",
            "name": "天野原",
            "lat": "35.461338",
            "lng": "139.414604"
        },
        {
            "index": "10",
            "id": "00129674",
            "name": "柏ヶ谷(海老名市)",
            "lat": "35.465289",
            "lng": "139.417725"
        },
        {
            "index": "11",
            "id": "00129870",
            "name": "大塚本町",
            "lat": "35.468498",
            "lng": "139.421717"
        },
        {
            "index": "12",
            "id": "00129871",
            "name": "大塚上町",
            "lat": "35.471182",
            "lng": "139.425709"
        },
        {
            "index": "13",
            "id": "00129872",
            "name": "さがみ野駅",
            "lat": "35.4714",
            "lng": "139.428404"
        },
        {
            "index": "14",
            "id": "00129673",
            "name": "相模大塚",
            "lat": "35.470558",
            "lng": "139.436012"
        },
        {
            "index": "15",
            "id": "00129672",
            "name": "扇野",
            "lat": "35.477653",
            "lng": "139.438737"
        },
        {
            "index": "16",
            "id": "00128606",
            "name": "西鶴寺前",
            "lat": "35.481623",
            "lng": "139.440185"
        },
        {
            "index": "17",
            "id": "00129671",
            "name": "南鶴間",
            "lat": "35.483655",
            "lng": "139.44153"
        },
        {
            "index": "18",
            "id": "00128607",
            "name": "西鶴間",
            "lat": "35.485208",
            "lng": "139.443848"
        },
        {
            "index": "19",
            "id": "00128608",
            "name": "鶴間駅",
            "lat": "35.489904",
            "lng": "139.450957"
        }
    ],
    "route_url": "https://www.kanachu.co.jp/dia/route/index/cid:0000801255/"
}
