{
    "date": "2025/11/25",
    "name": "相原駅西口",
    "position": "-",
    "system": "原19",
    "destinations": [
        "法政大学(町田市)"
    ],
    "weekday": [
        "8:25",
        "8:34",
        "8:44",
        "9:09",
        "9:20",
        "9:37",
        "9:55",
        "10:15",
        "10:23",
        "10:51"
    ],
    "saturday": [],
    "holiday": [],
    "url": "https://www.kanachu.co.jp/dia/diagram/timetable01_js/course:0000803887-1/node:00130397/kt:0/lname:/"
}
