{
    "date": "2024/09/02",
    "name": "保育所前(大和市)",
    "position": "-",
    "system": "い07",
    "destinations": [
        "いちょう団地",
        "台村",
        "飯田神社前",
        "団地入口(横浜市泉区)",
        "児童公園前(横浜市泉区)",
        "小学校前(横浜市泉区)",
        "上飯田団地",
        "金子山",
        "泉警察署前",
        "いずみ野駅"
    ],
    "weekday": [
        "6:14"
    ],
    "saturday": [
        "7:11"
    ],
    "holiday": [
        "7:11"
    ],
    "url": "https://www.kanachu.co.jp/dia/diagram/timetable01_js/course:0000802832-4/node:00126893/kt:0/lname:/"
}
