{
    "system": "い07",
    "busstops": [
        {
            "index": "1",
            "id": "00126797",
            "name": "中屋敷(横浜市泉区)",
            "lat": "35.433046",
            "lng": "139.476767"
        },
        {
            "index": "2",
            "id": "00126895",
            "name": "集会所前(横浜市泉区)",
            "lat": "35.432327",
            "lng": "139.474104"
        },
        {
            "index": "3",
            "id": "00126894",
            "name": "渋谷中学校",
            "lat": "35.429785",
            "lng": "139.471834"
        },
        {
            "index": "4",
            "id": "00126893",
            "name": "保育所前(大和市)",
            "lat": "35.427516",
            "lng": "139.472779"
        },
        {
            "index": "5",
            "id": "00126808",
            "name": "いちょう団地",
            "lat": "35.42716",
            "lng": "139.474751"
        },
        {
            "index": "6",
            "id": "00126796",
            "name": "台村",
            "lat": "35.428144",
            "lng": "139.476244"
        },
        {
            "index": "7",
            "id": "00126795",
            "name": "飯田神社前",
            "lat": "35.424824",
            "lng": "139.475614"
        },
        {
            "index": "8",
            "id": "00126794",
            "name": "団地入口(横浜市泉区)",
            "lat": "35.420649",
            "lng": "139.478805"
        },
        {
            "index": "9",
            "id": "00126805",
            "name": "児童公園前(横浜市泉区)",
            "lat": "35.421742",
            "lng": "139.479492"
        },
        {
            "index": "10",
            "id": "00126806",
            "name": "小学校前(横浜市泉区)",
            "lat": "35.424153",
            "lng": "139.480865"
        },
        {
            "index": "11",
            "id": "00126807",
            "name": "上飯田団地",
            "lat": "35.426702",
            "lng": "139.482324"
        },
        {
            "index": "12",
            "id": "00130504",
            "name": "金子山",
            "lat": "35.426562",
            "lng": "139.487429"
        },
        {
            "index": "13",
            "id": "00126904",
            "name": "泉警察署前",
            "lat": "35.427737",
            "lng": "139.49417"
        },
        {
            "index": "14",
            "id": "00126932",
            "name": "いずみ野駅",
            "lat": "35.429949",
            "lng": "139.494727"
        }
    ],
    "route_url": "https://www.kanachu.co.jp/dia/route/index/cid:0000802832/"
}
