{
    "date": "2025/04/01",
    "name": "金目駅",
    "position": "-",
    "system": "平71",
    "destinations": [
        "北金目入口",
        "青柳(平塚市)",
        "東海大学正門前",
        "土屋橋",
        "欠ノ上",
        "南平橋",
        "下大槻",
        "秦才橋",
        "なでしこ広場前",
        "室川橋",
        "河原町(秦野市)",
        "台町(秦野市)",
        "片町通り",
        "上宿通り",
        "大川橋(秦野市)",
        "まほろば大橋",
        "秦野駅"
    ],
    "weekday": [
        "6:42",
        "7:23",
        "7:29",
        "7:39",
        "8:01",
        "8:21",
        "8:30",
        "8:55",
        "9:20",
        "9:49",
        "10:19",
        "10:49",
        "11:24",
        "12:04",
        "12:44",
        "13:19",
        "13:49",
        "14:19",
        "14:49",
        "15:19",
        "15:49",
        "16:23",
        "16:54",
        "17:24",
        "17:51",
        "18:27",
        "18:51",
        "19:18",
        "19:39",
        "20:04",
        "20:24",
        "20:47",
        "21:16",
        "21:42",
        "22:22",
        "23:20"
    ],
    "saturday": [
        "6:40",
        "7:55",
        "8:35",
        "9:15",
        "9:55",
        "10:35",
        "11:20",
        "12:07",
        "12:45",
        "13:25",
        "14:07",
        "14:45",
        "15:25",
        "16:08",
        "16:43",
        "17:13",
        "17:45",
        "18:25",
        "19:05",
        "19:41",
        "20:21",
        "21:04",
        "21:51",
        "23:17"
    ],
    "holiday": [
        "6:40",
        "7:55",
        "8:35",
        "9:15",
        "9:55",
        "10:35",
        "11:15",
        "12:02",
        "12:44",
        "13:24",
        "14:06",
        "14:44",
        "15:24",
        "16:06",
        "16:37",
        "17:09",
        "17:42",
        "18:22",
        "19:02",
        "19:42",
        "20:21",
        "21:04",
        "21:51",
        "23:17"
    ],
    "url": "https://www.kanachu.co.jp/dia/diagram/timetable01_js/course:0000800879-19/node:00127731/kt:0/lname:/"
}
