{
    "date": "2025/04/01",
    "name": "青柳(平塚市)",
    "position": "-",
    "system": "平71",
    "destinations": [
        "東海大学正門前",
        "土屋橋",
        "欠ノ上",
        "南平橋",
        "下大槻",
        "秦才橋",
        "なでしこ広場前",
        "室川橋",
        "河原町(秦野市)",
        "台町(秦野市)",
        "片町通り",
        "上宿通り",
        "大川橋(秦野市)",
        "まほろば大橋",
        "秦野駅"
    ],
    "weekday": [
        "6:45",
        "7:26",
        "7:32",
        "7:42",
        "8:04",
        "8:24",
        "8:33",
        "8:58",
        "9:23",
        "9:52",
        "10:22",
        "10:52",
        "11:27",
        "12:07",
        "12:47",
        "13:22",
        "13:52",
        "14:22",
        "14:52",
        "15:22",
        "15:52",
        "16:26",
        "16:57",
        "17:27",
        "17:54",
        "18:30",
        "18:54",
        "19:21",
        "19:42",
        "20:07",
        "20:27",
        "20:50",
        "21:19",
        "21:45",
        "22:25",
        "23:23"
    ],
    "saturday": [
        "6:43",
        "7:58",
        "8:38",
        "9:18",
        "9:58",
        "10:38",
        "11:23",
        "12:10",
        "12:48",
        "13:28",
        "14:10",
        "14:48",
        "15:28",
        "16:11",
        "16:46",
        "17:16",
        "17:48",
        "18:28",
        "19:08",
        "19:44",
        "20:24",
        "21:07",
        "21:54",
        "23:20"
    ],
    "holiday": [
        "6:42",
        "7:57",
        "8:38",
        "9:18",
        "9:58",
        "10:38",
        "11:18",
        "12:05",
        "12:47",
        "13:27",
        "14:09",
        "14:47",
        "15:27",
        "16:09",
        "16:40",
        "17:12",
        "17:45",
        "18:25",
        "19:05",
        "19:45",
        "20:24",
        "21:07",
        "21:54",
        "23:20"
    ],
    "url": "https://www.kanachu.co.jp/dia/diagram/timetable01_js/course:0000800879-21/node:00127729/kt:0/lname:/"
}
