{
    "date": "2025/04/19",
    "name": "県営住宅入口(座間市)",
    "position": "-",
    "system": "台02",
    "destinations": [
        "相武台前駅"
    ],
    "weekday": [
        "6:15",
        "6:45",
        "7:16",
        "7:46",
        "8:16",
        "8:46",
        "9:16",
        "9:46",
        "10:15",
        "10:45",
        "11:15",
        "11:45",
        "12:15",
        "12:45",
        "13:15",
        "13:45",
        "14:15",
        "14:45",
        "15:15",
        "15:45",
        "16:15",
        "16:45",
        "17:16",
        "17:46",
        "18:16",
        "18:46",
        "19:15",
        "19:45",
        "20:15",
        "20:45",
        "21:15"
    ],
    "saturday": [
        "6:45",
        "7:16",
        "7:46",
        "8:16",
        "8:46",
        "9:16",
        "9:46",
        "10:15",
        "10:45",
        "11:15",
        "11:45",
        "12:15",
        "12:45",
        "13:15",
        "13:45",
        "14:15",
        "14:45",
        "15:15",
        "15:45",
        "16:15",
        "16:45",
        "17:16",
        "17:46",
        "18:16",
        "18:46",
        "19:15",
        "19:45",
        "20:15",
        "20:45",
        "21:15"
    ],
    "holiday": [
        "7:16",
        "7:46",
        "8:16",
        "8:46",
        "9:16",
        "9:46",
        "10:15",
        "10:45",
        "11:15",
        "11:45",
        "12:15",
        "12:45",
        "13:15",
        "13:45",
        "14:15",
        "14:45",
        "15:15",
        "15:45",
        "16:15",
        "16:45",
        "17:16",
        "17:46",
        "18:16",
        "18:46",
        "19:15",
        "19:45",
        "20:15",
        "20:45",
        "21:15"
    ],
    "url": "https://www.kanachu.co.jp/dia/diagram/timetable01_js/course:0000800522-3/node:00128595/kt:0/lname:/"
}
