{
    "date": "2026/01/16",
    "name": "秦野駅",
    "position": "-",
    "system": "秦45",
    "destinations": [
        "大川橋(秦野市)",
        "上宿通り",
        "片町通り",
        "河原町(秦野市)",
        "室川橋(下大槻団地線)",
        "才ヶ分",
        "才ヶ分踏切",
        "瓜生野入口",
        "秦野高校前",
        "広畑ふれあいプラザ前",
        "下大槻団地",
        "広畑ふれあいプラザ前",
        "宿矢名",
        "矢名",
        "学校入口(秦野市)",
        "東海大学北門",
        "東海大学前駅入口",
        "東海大学前駅南口"
    ],
    "weekday": [
        "5:58",
        "8:05",
        "8:30",
        "11:14",
        "13:34",
        "14:34",
        "16:18",
        "17:18",
        "20:23"
    ],
    "saturday": [
        "9:10",
        "12:13",
        "18:20",
        "20:25"
    ],
    "holiday": [
        "9:10",
        "12:13",
        "18:20",
        "20:25"
    ],
    "url": "https://www.kanachu.co.jp/dia/diagram/timetable01_js/course:0000804095-1/node:00127715/kt:0/lname:/"
}
