{
    "date": "2026/01/16",
    "name": "秦野高校前",
    "position": "-",
    "system": "秦45",
    "destinations": [
        "広畑ふれあいプラザ前",
        "下大槻団地",
        "広畑ふれあいプラザ前",
        "宿矢名",
        "矢名",
        "学校入口(秦野市)",
        "東海大学北門",
        "東海大学前駅入口",
        "東海大学前駅南口"
    ],
    "weekday": [
        "6:08",
        "8:16",
        "8:41",
        "11:25",
        "13:45",
        "14:45",
        "16:29",
        "17:29",
        "20:34"
    ],
    "saturday": [
        "9:21",
        "12:24",
        "18:31",
        "20:36"
    ],
    "holiday": [
        "9:21",
        "12:24",
        "18:31",
        "20:36"
    ],
    "url": "https://www.kanachu.co.jp/dia/diagram/timetable01_js/course:0000804095-10/node:00127753/kt:0/lname:/"
}
