{
    "date": "2026/01/16",
    "name": "広畑ふれあいプラザ前",
    "position": "-",
    "system": "秦45",
    "destinations": [
        "宿矢名",
        "矢名",
        "学校入口(秦野市)",
        "東海大学北門",
        "東海大学前駅入口",
        "東海大学前駅南口"
    ],
    "weekday": [
        "6:12",
        "8:23",
        "8:48",
        "11:30",
        "13:50",
        "14:50",
        "16:35",
        "17:35",
        "20:40"
    ],
    "saturday": [
        "9:27",
        "12:30",
        "18:38",
        "20:40"
    ],
    "holiday": [
        "9:27",
        "12:30",
        "18:38",
        "20:40"
    ],
    "url": "https://www.kanachu.co.jp/dia/diagram/timetable01_js/course:0000804095-13/node:00127754/kt:0/lname:/"
}
