{
    "date": "2025/12/20",
    "name": "草柳一丁目",
    "position": "-",
    "system": "間27",
    "destinations": [
        "草柳二丁目",
        "草柳三丁目",
        "引地台公園入口",
        "山王橋(大和市)",
        "富士見橋(大和市)",
        "桜ヶ丘駅西口"
    ],
    "weekday": [
        "6:23"
    ],
    "saturday": [
        "9:39"
    ],
    "holiday": [
        "9:39"
    ],
    "url": "https://www.kanachu.co.jp/dia/diagram/timetable01_js/course:0000803944-11/node:00129618/kt:0/lname:/"
}
