{
    "date": "2025/07/27",
    "name": "北4号前",
    "position": "-",
    "system": "二33",
    "destinations": [
        "北5号前",
        "中2号前",
        "南1号前",
        "南2号前",
        "南5号前",
        "四ツ谷(中郡二宮町)",
        "中里(中郡二宮町)",
        "中島(中郡二宮町)",
        "堂面(中郡二宮町)",
        "元町(中郡二宮町)",
        "二宮駅北口"
    ],
    "weekday": [
        "6:28",
        "6:58",
        "7:28",
        "7:58",
        "8:38"
    ],
    "saturday": [
        "6:29",
        "7:31",
        "8:31"
    ],
    "holiday": [
        "6:29",
        "7:31",
        "8:31"
    ],
    "url": "https://www.kanachu.co.jp/dia/diagram/timetable01_js/course:0000801999-5/node:00127799/kt:0/lname:/"
}
