{
    "date": "2025/02/24",
    "name": "大坂下",
    "position": "-",
    "system": "戸52",
    "destinations": [
        "大坂台",
        "大坂上(横浜市戸塚区)",
        "新道大坂上",
        "西横浜国際総合病院前",
        "吹上(横浜市戸塚区)",
        "大運寺",
        "横浜医療センター前",
        "三叉路(横浜市戸塚区)",
        "横浜薬大南門",
        "俣野公園・横浜薬大前"
    ],
    "weekday": [
        "6:02",
        "6:14",
        "7:17",
        "7:49",
        "8:15",
        "16:12",
        "19:29",
        "20:04",
        "20:25",
        "20:39",
        "20:53",
        "21:09",
        "21:36",
        "21:54",
        "22:13",
        "22:33",
        "22:53",
        "23:14",
        "23:29",
        "23:44",
        "24:04",
        "24:23",
        "24:39"
    ],
    "saturday": [
        "20:04",
        "20:24",
        "20:44",
        "21:04",
        "21:24",
        "21:44",
        "22:04",
        "22:29",
        "22:59",
        "23:14"
    ],
    "holiday": [
        "20:04",
        "20:28",
        "20:52",
        "21:16",
        "21:40",
        "22:04",
        "22:29",
        "22:59",
        "23:14"
    ],
    "url": "https://www.kanachu.co.jp/dia/diagram/timetable01_js/course:0000803582-4/node:00126811/kt:0/lname:/"
}
