{
    "date": "2025/02/24",
    "name": "大坂上(横浜市戸塚区)",
    "position": "-",
    "system": "戸52",
    "destinations": [
        "新道大坂上",
        "西横浜国際総合病院前",
        "吹上(横浜市戸塚区)",
        "大運寺",
        "横浜医療センター前",
        "三叉路(横浜市戸塚区)",
        "横浜薬大南門",
        "俣野公園・横浜薬大前"
    ],
    "weekday": [
        "6:04",
        "6:16",
        "7:19",
        "7:51",
        "8:17",
        "16:14",
        "19:31",
        "20:06",
        "20:27",
        "20:41",
        "20:55",
        "21:11",
        "21:38",
        "21:56",
        "22:15",
        "22:35",
        "22:55",
        "23:16",
        "23:31",
        "23:46",
        "24:06",
        "24:25",
        "24:41"
    ],
    "saturday": [
        "20:06",
        "20:26",
        "20:46",
        "21:06",
        "21:26",
        "21:46",
        "22:06",
        "22:31",
        "23:01",
        "23:16"
    ],
    "holiday": [
        "20:06",
        "20:30",
        "20:54",
        "21:18",
        "21:42",
        "22:06",
        "22:31",
        "23:01",
        "23:16"
    ],
    "url": "https://www.kanachu.co.jp/dia/diagram/timetable01_js/course:0000803582-6/node:00126813/kt:0/lname:/"
}
