{
    "date": "2026/01/16",
    "name": "谷戸岡",
    "position": "-",
    "system": "伊59",
    "destinations": [
        "大住台",
        "坪ノ内",
        "桜坂(伊勢原市)",
        "串橋入口",
        "神戸(伊勢原市)",
        "白根公民館前",
        "白根",
        "八雲神社前(伊勢原市)",
        "板戸",
        "大神宮前",
        "本町(伊勢原市)",
        "伊勢原駅北口"
    ],
    "weekday": [
        "6:33",
        "7:13",
        "7:38",
        "8:23",
        "9:08",
        "9:58",
        "10:58",
        "11:58",
        "12:58",
        "13:58",
        "14:58",
        "15:58",
        "16:58",
        "17:58",
        "18:28",
        "18:58",
        "19:48",
        "20:48"
    ],
    "saturday": [
        "7:38",
        "8:38",
        "9:38",
        "10:38",
        "11:38",
        "12:38",
        "13:38",
        "14:38",
        "15:38",
        "16:38",
        "17:38",
        "18:38",
        "19:38",
        "20:38"
    ],
    "holiday": [
        "7:38",
        "8:38",
        "9:38",
        "10:38",
        "11:38",
        "12:38",
        "13:38",
        "14:38",
        "15:38",
        "16:38",
        "17:38",
        "18:38",
        "19:38",
        "20:38"
    ],
    "url": "https://www.kanachu.co.jp/dia/diagram/timetable01_js/course:0000804030-3/node:00127982/kt:0/lname:/"
}
