{
    "date": "2026/01/16",
    "name": "神戸(伊勢原市)",
    "position": "-",
    "system": "伊59",
    "destinations": [
        "白根公民館前",
        "白根",
        "八雲神社前(伊勢原市)",
        "板戸",
        "大神宮前",
        "本町(伊勢原市)",
        "伊勢原駅北口"
    ],
    "weekday": [
        "6:39",
        "7:23",
        "7:48",
        "8:33",
        "9:17",
        "10:07",
        "11:07",
        "12:07",
        "13:06",
        "14:06",
        "15:06",
        "16:06",
        "17:07",
        "18:07",
        "18:37",
        "19:05",
        "19:54",
        "20:54"
    ],
    "saturday": [
        "7:44",
        "8:44",
        "9:44",
        "10:44",
        "11:44",
        "12:44",
        "13:44",
        "14:44",
        "15:44",
        "16:44",
        "17:44",
        "18:44",
        "19:43",
        "20:43"
    ],
    "holiday": [
        "7:44",
        "8:44",
        "9:44",
        "10:44",
        "11:44",
        "12:44",
        "13:44",
        "14:44",
        "15:44",
        "16:44",
        "17:44",
        "18:44",
        "19:43",
        "20:43"
    ],
    "url": "https://www.kanachu.co.jp/dia/diagram/timetable01_js/course:0000804030-8/node:00128134/kt:0/lname:/"
}
