{
    "date": "2026/01/16",
    "name": "大神宮前",
    "position": "-",
    "system": "伊59",
    "destinations": [
        "本町(伊勢原市)",
        "伊勢原駅北口"
    ],
    "weekday": [
        "6:45",
        "7:33",
        "7:58",
        "8:41",
        "9:25",
        "10:15",
        "11:15",
        "12:15",
        "13:14",
        "14:14",
        "15:14",
        "16:14",
        "17:15",
        "18:15",
        "18:45",
        "19:12",
        "20:01",
        "21:01"
    ],
    "saturday": [
        "7:51",
        "8:51",
        "9:51",
        "10:51",
        "11:51",
        "12:51",
        "13:51",
        "14:51",
        "15:51",
        "16:51",
        "17:51",
        "18:51",
        "19:50",
        "20:50"
    ],
    "holiday": [
        "7:51",
        "8:51",
        "9:51",
        "10:51",
        "11:51",
        "12:51",
        "13:51",
        "14:51",
        "15:51",
        "16:51",
        "17:51",
        "18:51",
        "19:50",
        "20:50"
    ],
    "url": "https://www.kanachu.co.jp/dia/diagram/timetable01_js/course:0000804030-13/node:00128129/kt:0/lname:/"
}
