{
    "date": "2025/04/01",
    "name": "北二号(町田市)",
    "position": "-",
    "system": "町24",
    "destinations": [
        "北一号(町田市)",
        "給水塔前(山崎団地/町田市)",
        "山崎団地センター",
        "山崎団地入口",
        "木曽入口",
        "三家(町田市)",
        "木曽住宅",
        "滝の沢(町田市)",
        "浄水場前(町田市)",
        "市民病院前(町田市)",
        "森野三丁目",
        "第四小学校前(町田市)",
        "町田市役所市民ホール前",
        "町田バスセンター"
    ],
    "weekday": [
        "5:35",
        "5:45",
        "5:55",
        "6:05",
        "6:19",
        "6:31",
        "6:43",
        "6:55",
        "7:13",
        "7:25",
        "7:37",
        "7:47",
        "7:59",
        "8:11",
        "8:23",
        "8:35",
        "20:55",
        "21:35",
        "22:04"
    ],
    "saturday": [
        "5:43",
        "6:00",
        "6:40",
        "6:55",
        "7:19",
        "7:43",
        "7:55",
        "8:14",
        "8:25",
        "20:55",
        "21:55"
    ],
    "holiday": [
        "5:44",
        "6:01",
        "6:43",
        "6:55",
        "7:25",
        "7:55",
        "8:25",
        "20:55",
        "21:55"
    ],
    "url": "https://www.kanachu.co.jp/dia/diagram/timetable01_js/course:0000803190-2/node:00129391/kt:0/lname:/"
}
