{
    "date": "2025/04/01",
    "name": "給水塔前(山崎団地/町田市)",
    "position": "-",
    "system": "町24",
    "destinations": [
        "山崎団地センター",
        "山崎団地入口",
        "木曽入口",
        "三家(町田市)",
        "木曽住宅",
        "滝の沢(町田市)",
        "浄水場前(町田市)",
        "市民病院前(町田市)",
        "森野三丁目",
        "第四小学校前(町田市)",
        "町田市役所市民ホール前",
        "町田バスセンター"
    ],
    "weekday": [
        "5:37",
        "5:47",
        "5:57",
        "6:07",
        "6:21",
        "6:33",
        "6:45",
        "6:57",
        "7:15",
        "7:27",
        "7:39",
        "7:49",
        "8:01",
        "8:13",
        "8:25",
        "8:37",
        "20:57",
        "21:37",
        "22:06"
    ],
    "saturday": [
        "5:45",
        "6:02",
        "6:42",
        "6:57",
        "7:21",
        "7:45",
        "7:57",
        "8:16",
        "8:27",
        "20:57",
        "21:57"
    ],
    "holiday": [
        "5:46",
        "6:03",
        "6:45",
        "6:57",
        "7:27",
        "7:57",
        "8:27",
        "20:57",
        "21:57"
    ],
    "url": "https://www.kanachu.co.jp/dia/diagram/timetable01_js/course:0000803190-4/node:00129389/kt:0/lname:/"
}
