{
    "date": "2025/04/01",
    "name": "木曽住宅",
    "position": "-",
    "system": "町24",
    "destinations": [
        "滝の沢(町田市)",
        "浄水場前(町田市)",
        "市民病院前(町田市)",
        "森野三丁目",
        "第四小学校前(町田市)",
        "町田市役所市民ホール前",
        "町田バスセンター"
    ],
    "weekday": [
        "5:45",
        "5:55",
        "6:05",
        "6:15",
        "6:29",
        "6:43",
        "6:55",
        "7:07",
        "7:25",
        "7:37",
        "7:49",
        "7:59",
        "8:11",
        "8:23",
        "8:35",
        "8:47",
        "21:05",
        "21:45",
        "22:14"
    ],
    "saturday": [
        "5:53",
        "6:10",
        "6:50",
        "7:05",
        "7:30",
        "7:54",
        "8:06",
        "8:25",
        "8:36",
        "21:05",
        "22:05"
    ],
    "holiday": [
        "5:54",
        "6:11",
        "6:53",
        "7:05",
        "7:35",
        "8:05",
        "8:35",
        "21:05",
        "22:05"
    ],
    "url": "https://www.kanachu.co.jp/dia/diagram/timetable01_js/course:0000803190-9/node:00129362/kt:0/lname:/"
}
