{
    "date": "2025/04/01",
    "name": "滝の沢(町田市)",
    "position": "-",
    "system": "町24",
    "destinations": [
        "浄水場前(町田市)",
        "市民病院前(町田市)",
        "森野三丁目",
        "第四小学校前(町田市)",
        "町田市役所市民ホール前",
        "町田バスセンター"
    ],
    "weekday": [
        "5:46",
        "5:56",
        "6:06",
        "6:16",
        "6:30",
        "6:45",
        "6:57",
        "7:09",
        "7:27",
        "7:39",
        "7:51",
        "8:01",
        "8:13",
        "8:25",
        "8:37",
        "8:49",
        "21:06",
        "21:46",
        "22:15"
    ],
    "saturday": [
        "5:54",
        "6:11",
        "6:51",
        "7:06",
        "7:31",
        "7:55",
        "8:07",
        "8:26",
        "8:37",
        "21:06",
        "22:06"
    ],
    "holiday": [
        "5:55",
        "6:12",
        "6:54",
        "7:06",
        "7:36",
        "8:06",
        "8:36",
        "21:06",
        "22:06"
    ],
    "url": "https://www.kanachu.co.jp/dia/diagram/timetable01_js/course:0000803190-10/node:00129361/kt:0/lname:/"
}
