{
    "date": "2025/11/16",
    "name": "茶屋町(茅ケ崎市)",
    "position": "-",
    "system": "茅06",
    "destinations": [
        "町屋(茅ケ崎市)",
        "今宿(茅ケ崎市)",
        "中島(茅ケ崎市)",
        "新田入口(茅ケ崎市)",
        "馬入橋",
        "蔵屋敷",
        "松原(平塚市)",
        "四ツ角(平塚市)",
        "平塚駅北口"
    ],
    "weekday": [
        "6:09",
        "6:29",
        "6:49",
        "7:09",
        "7:24",
        "7:39",
        "7:54",
        "8:09",
        "8:31",
        "8:49",
        "9:14",
        "9:44",
        "10:14",
        "10:44",
        "11:14",
        "11:44",
        "12:14",
        "12:44",
        "13:14",
        "13:44",
        "14:14",
        "14:44",
        "15:14",
        "15:44",
        "16:15",
        "16:44",
        "17:16",
        "17:36",
        "17:56",
        "18:16",
        "18:36",
        "18:56",
        "19:16",
        "19:31",
        "19:46",
        "20:01",
        "20:21",
        "20:39",
        "21:03",
        "21:24",
        "21:54",
        "22:39",
        "23:39"
    ],
    "saturday": [
        "6:49",
        "7:21",
        "7:49",
        "8:14",
        "8:41",
        "9:04",
        "9:34",
        "10:04",
        "10:34",
        "11:04",
        "11:34",
        "12:04",
        "12:34",
        "13:04",
        "13:34",
        "14:04",
        "14:34",
        "15:04",
        "15:34",
        "16:04",
        "16:34",
        "17:07",
        "17:34",
        "18:07",
        "18:34",
        "19:07",
        "19:34",
        "20:07",
        "20:34",
        "21:04",
        "21:34",
        "21:59",
        "22:29"
    ],
    "holiday": [
        "6:49",
        "7:21",
        "7:49",
        "8:14",
        "8:41",
        "9:04",
        "9:34",
        "10:04",
        "10:34",
        "11:04",
        "11:34",
        "12:04",
        "12:34",
        "13:04",
        "13:34",
        "14:04",
        "14:34",
        "15:04",
        "15:34",
        "16:04",
        "16:34",
        "17:07",
        "17:34",
        "18:07",
        "18:34",
        "19:07",
        "19:34",
        "20:07",
        "20:34",
        "21:04",
        "21:34",
        "21:59",
        "22:29"
    ],
    "url": "https://www.kanachu.co.jp/dia/diagram/timetable01_js/course:0000800354-4/node:00127182/kt:0/lname:/"
}
