{
    "date": "2025/11/16",
    "name": "町屋(茅ケ崎市)",
    "position": "-",
    "system": "茅06",
    "destinations": [
        "今宿(茅ケ崎市)",
        "中島(茅ケ崎市)",
        "新田入口(茅ケ崎市)",
        "馬入橋",
        "蔵屋敷",
        "松原(平塚市)",
        "四ツ角(平塚市)",
        "平塚駅北口"
    ],
    "weekday": [
        "6:10",
        "6:30",
        "6:50",
        "7:10",
        "7:25",
        "7:40",
        "7:55",
        "8:10",
        "8:32",
        "8:50",
        "9:15",
        "9:45",
        "10:15",
        "10:45",
        "11:15",
        "11:45",
        "12:15",
        "12:45",
        "13:15",
        "13:45",
        "14:15",
        "14:45",
        "15:15",
        "15:45",
        "16:16",
        "16:45",
        "17:17",
        "17:37",
        "17:57",
        "18:17",
        "18:37",
        "18:57",
        "19:17",
        "19:32",
        "19:47",
        "20:02",
        "20:22",
        "20:40",
        "21:04",
        "21:25",
        "21:55",
        "22:40",
        "23:40"
    ],
    "saturday": [
        "6:50",
        "7:22",
        "7:50",
        "8:15",
        "8:43",
        "9:06",
        "9:36",
        "10:06",
        "10:36",
        "11:06",
        "11:36",
        "12:06",
        "12:36",
        "13:06",
        "13:36",
        "14:06",
        "14:36",
        "15:06",
        "15:36",
        "16:06",
        "16:36",
        "17:09",
        "17:36",
        "18:09",
        "18:36",
        "19:09",
        "19:36",
        "20:09",
        "20:36",
        "21:06",
        "21:36",
        "22:01",
        "22:31"
    ],
    "holiday": [
        "6:50",
        "7:22",
        "7:50",
        "8:15",
        "8:43",
        "9:06",
        "9:36",
        "10:06",
        "10:36",
        "11:06",
        "11:36",
        "12:06",
        "12:36",
        "13:06",
        "13:36",
        "14:06",
        "14:36",
        "15:06",
        "15:36",
        "16:06",
        "16:36",
        "17:09",
        "17:36",
        "18:09",
        "18:36",
        "19:09",
        "19:36",
        "20:09",
        "20:36",
        "21:06",
        "21:36",
        "22:01",
        "22:31"
    ],
    "url": "https://www.kanachu.co.jp/dia/diagram/timetable01_js/course:0000800354-5/node:00127183/kt:0/lname:/"
}
