{
    "date": "2025/11/16",
    "name": "新田入口(茅ケ崎市)",
    "position": "-",
    "system": "茅06",
    "destinations": [
        "馬入橋",
        "蔵屋敷",
        "松原(平塚市)",
        "四ツ角(平塚市)",
        "平塚駅北口"
    ],
    "weekday": [
        "6:13",
        "6:33",
        "6:53",
        "7:14",
        "7:29",
        "7:44",
        "7:59",
        "8:14",
        "8:36",
        "8:54",
        "9:19",
        "9:49",
        "10:19",
        "10:49",
        "11:19",
        "11:49",
        "12:19",
        "12:49",
        "13:19",
        "13:49",
        "14:19",
        "14:49",
        "15:19",
        "15:49",
        "16:20",
        "16:49",
        "17:21",
        "17:41",
        "18:01",
        "18:21",
        "18:41",
        "19:01",
        "19:21",
        "19:35",
        "19:50",
        "20:05",
        "20:25",
        "20:43",
        "21:07",
        "21:28",
        "21:58",
        "22:43",
        "23:43"
    ],
    "saturday": [
        "6:53",
        "7:25",
        "7:53",
        "8:18",
        "8:47",
        "9:10",
        "9:40",
        "10:10",
        "10:40",
        "11:10",
        "11:40",
        "12:10",
        "12:40",
        "13:10",
        "13:40",
        "14:10",
        "14:40",
        "15:10",
        "15:40",
        "16:10",
        "16:40",
        "17:13",
        "17:40",
        "18:13",
        "18:40",
        "19:13",
        "19:40",
        "20:13",
        "20:40",
        "21:10",
        "21:40",
        "22:05",
        "22:35"
    ],
    "holiday": [
        "6:53",
        "7:25",
        "7:53",
        "8:18",
        "8:47",
        "9:10",
        "9:40",
        "10:10",
        "10:40",
        "11:10",
        "11:40",
        "12:10",
        "12:40",
        "13:10",
        "13:40",
        "14:10",
        "14:40",
        "15:10",
        "15:40",
        "16:10",
        "16:40",
        "17:13",
        "17:40",
        "18:13",
        "18:40",
        "19:13",
        "19:40",
        "20:13",
        "20:40",
        "21:10",
        "21:40",
        "22:05",
        "22:35"
    ],
    "url": "https://www.kanachu.co.jp/dia/diagram/timetable01_js/course:0000800354-8/node:00127186/kt:0/lname:/"
}
