{
    "date": "2025/11/16",
    "name": "蔵屋敷",
    "position": "-",
    "system": "茅06",
    "destinations": [
        "松原(平塚市)",
        "四ツ角(平塚市)",
        "平塚駅北口"
    ],
    "weekday": [
        "6:16",
        "6:36",
        "6:56",
        "7:17",
        "7:32",
        "7:47",
        "8:02",
        "8:17",
        "8:39",
        "8:57",
        "9:22",
        "9:52",
        "10:22",
        "10:52",
        "11:22",
        "11:52",
        "12:22",
        "12:52",
        "13:22",
        "13:52",
        "14:22",
        "14:52",
        "15:22",
        "15:52",
        "16:23",
        "16:52",
        "17:24",
        "17:44",
        "18:04",
        "18:24",
        "18:44",
        "19:04",
        "19:24",
        "19:38",
        "19:53",
        "20:08",
        "20:28",
        "20:46",
        "21:10",
        "21:31",
        "22:01",
        "22:46",
        "23:46"
    ],
    "saturday": [
        "6:56",
        "7:28",
        "7:56",
        "8:21",
        "8:50",
        "9:13",
        "9:43",
        "10:13",
        "10:43",
        "11:13",
        "11:43",
        "12:13",
        "12:43",
        "13:13",
        "13:43",
        "14:13",
        "14:43",
        "15:13",
        "15:43",
        "16:13",
        "16:43",
        "17:16",
        "17:43",
        "18:16",
        "18:43",
        "19:16",
        "19:43",
        "20:16",
        "20:43",
        "21:13",
        "21:43",
        "22:08",
        "22:38"
    ],
    "holiday": [
        "6:56",
        "7:28",
        "7:56",
        "8:21",
        "8:50",
        "9:13",
        "9:43",
        "10:13",
        "10:43",
        "11:13",
        "11:43",
        "12:13",
        "12:43",
        "13:13",
        "13:43",
        "14:13",
        "14:43",
        "15:13",
        "15:43",
        "16:13",
        "16:43",
        "17:16",
        "17:43",
        "18:16",
        "18:43",
        "19:16",
        "19:43",
        "20:16",
        "20:43",
        "21:13",
        "21:43",
        "22:08",
        "22:38"
    ],
    "url": "https://www.kanachu.co.jp/dia/diagram/timetable01_js/course:0000800354-10/node:00127188/kt:0/lname:/"
}
