{
    "date": "2025/08/30",
    "name": "上永谷駅",
    "position": "-",
    "system": "舞01",
    "destinations": [
        "丸山台(横浜市港南区)",
        "丸山台中学校前",
        "日限山",
        "スポーツ公園前",
        "舞岡地区センター前",
        "リサーチパーク入口",
        "舞岡"
    ],
    "weekday": [
        "20:29"
    ],
    "saturday": [
        "19:56"
    ],
    "holiday": [],
    "url": "https://www.kanachu.co.jp/dia/diagram/timetable01_js/course:0000800880-1/node:00102365/kt:0/lname:/"
}
