{
    "date": "2018/06/25",
    "name": "湘南高校前",
    "position": "-",
    "system": "藤08",
    "destinations": [
        "台町(藤沢市)",
        "藤沢市民病院",
        "本町消防出張所前",
        "藤沢公民館前",
        "遊行寺前",
        "遊行通り四丁目",
        "藤沢駅北口"
    ],
    "weekday": [
        "8:52",
        "10:06",
        "12:06"
    ],
    "saturday": [],
    "holiday": [],
    "url": "https://www.kanachu.co.jp/dia/diagram/timetable01_js/course:0000802036-16/node:00127050/kt:0/lname:/"
}
