{
    "date": "2025/08/30",
    "name": "品濃口",
    "position": "-",
    "system": "保06",
    "destinations": [
        "国道平戸",
        "坂下口",
        "山谷(横浜市戸塚区)",
        "平和台",
        "狩場町",
        "児童遊園地入口",
        "権太坂上",
        "権太坂",
        "元町橋交番前",
        "樹源寺前",
        "保土ヶ谷町2丁目",
        "八幡橋(横浜市保土ケ谷区)",
        "保土ヶ谷橋",
        "保土ヶ谷駅東口"
    ],
    "weekday": [
        "5:08",
        "5:23",
        "7:17",
        "7:41"
    ],
    "saturday": [
        "5:57",
        "6:26",
        "6:58",
        "7:28",
        "7:46",
        "8:28",
        "8:46",
        "9:08",
        "9:28",
        "9:47",
        "10:04",
        "10:35",
        "11:05",
        "11:35",
        "12:05",
        "12:35",
        "13:05",
        "13:35",
        "14:05",
        "14:35"
    ],
    "holiday": [
        "5:57",
        "6:26",
        "6:58",
        "7:28",
        "7:46",
        "8:28",
        "8:46",
        "9:08",
        "9:28",
        "9:47",
        "10:04",
        "10:35",
        "11:05",
        "11:35",
        "12:05",
        "12:35",
        "13:05",
        "13:35",
        "14:05",
        "14:35"
    ],
    "url": "https://www.kanachu.co.jp/dia/diagram/timetable01_js/course:0000802352-5/node:00126617/kt:0/lname:/"
}
