{
    "date": "2025/08/30",
    "name": "山谷(横浜市戸塚区)",
    "position": "-",
    "system": "保06",
    "destinations": [
        "平和台",
        "狩場町",
        "児童遊園地入口",
        "権太坂上",
        "権太坂",
        "元町橋交番前",
        "樹源寺前",
        "保土ヶ谷町2丁目",
        "八幡橋(横浜市保土ケ谷区)",
        "保土ヶ谷橋",
        "保土ヶ谷駅東口"
    ],
    "weekday": [
        "5:14",
        "5:29",
        "7:23",
        "7:47"
    ],
    "saturday": [
        "6:03",
        "6:32",
        "7:04",
        "7:34",
        "7:52",
        "8:34",
        "8:52",
        "9:14",
        "9:34",
        "9:53",
        "10:10",
        "10:41",
        "11:11",
        "11:41",
        "12:11",
        "12:41",
        "13:11",
        "13:41",
        "14:11",
        "14:41"
    ],
    "holiday": [
        "6:03",
        "6:32",
        "7:04",
        "7:34",
        "7:52",
        "8:34",
        "8:52",
        "9:14",
        "9:34",
        "9:53",
        "10:10",
        "10:41",
        "11:11",
        "11:41",
        "12:11",
        "12:41",
        "13:11",
        "13:41",
        "14:11",
        "14:41"
    ],
    "url": "https://www.kanachu.co.jp/dia/diagram/timetable01_js/course:0000802352-8/node:00126620/kt:0/lname:/"
}
