{
    "date": "2025/08/30",
    "name": "平和台",
    "position": "-",
    "system": "保06",
    "destinations": [
        "狩場町",
        "児童遊園地入口",
        "権太坂上",
        "権太坂",
        "元町橋交番前",
        "樹源寺前",
        "保土ヶ谷町2丁目",
        "八幡橋(横浜市保土ケ谷区)",
        "保土ヶ谷橋",
        "保土ヶ谷駅東口"
    ],
    "weekday": [
        "5:15",
        "5:30",
        "7:24",
        "7:48"
    ],
    "saturday": [
        "6:04",
        "6:33",
        "7:05",
        "7:35",
        "7:53",
        "8:35",
        "8:53",
        "9:15",
        "9:35",
        "9:54",
        "10:11",
        "10:42",
        "11:12",
        "11:42",
        "12:12",
        "12:42",
        "13:12",
        "13:42",
        "14:12",
        "14:42"
    ],
    "holiday": [
        "6:04",
        "6:33",
        "7:05",
        "7:35",
        "7:53",
        "8:35",
        "8:53",
        "9:15",
        "9:35",
        "9:54",
        "10:11",
        "10:42",
        "11:12",
        "11:42",
        "12:12",
        "12:42",
        "13:12",
        "13:42",
        "14:12",
        "14:42"
    ],
    "url": "https://www.kanachu.co.jp/dia/diagram/timetable01_js/course:0000802352-9/node:00126621/kt:0/lname:/"
}
