{
    "date": "2025/08/30",
    "name": "保土ヶ谷町2丁目",
    "position": "-",
    "system": "保06",
    "destinations": [
        "八幡橋(横浜市保土ケ谷区)",
        "保土ヶ谷橋",
        "保土ヶ谷駅東口"
    ],
    "weekday": [
        "5:25",
        "5:40",
        "7:36",
        "8:00"
    ],
    "saturday": [
        "6:14",
        "6:43",
        "7:15",
        "7:45",
        "8:03",
        "8:45",
        "9:03",
        "9:25",
        "9:45",
        "10:04",
        "10:23",
        "10:54",
        "11:24",
        "11:54",
        "12:24",
        "12:54",
        "13:24",
        "13:54",
        "14:24",
        "14:54"
    ],
    "holiday": [
        "6:14",
        "6:43",
        "7:15",
        "7:45",
        "8:03",
        "8:45",
        "9:03",
        "9:25",
        "9:45",
        "10:04",
        "10:23",
        "10:54",
        "11:24",
        "11:54",
        "12:24",
        "12:54",
        "13:24",
        "13:54",
        "14:24",
        "14:54"
    ],
    "url": "https://www.kanachu.co.jp/dia/diagram/timetable01_js/course:0000802352-16/node:00103045/kt:0/lname:/"
}
