{
    "system": "保06",
    "busstops": [
        {
            "index": "1",
            "id": "00126613",
            "name": "不動坂(横浜市戸塚区)",
            "lat": "35.412538",
            "lng": "139.540797"
        },
        {
            "index": "2",
            "id": "00126614",
            "name": "ポーラ前(横浜市戸塚区)",
            "lat": "35.416473",
            "lng": "139.545757"
        },
        {
            "index": "3",
            "id": "00126615",
            "name": "柏尾(横浜市戸塚区)",
            "lat": "35.418818",
            "lng": "139.54911"
        },
        {
            "index": "4",
            "id": "00126616",
            "name": "赤関橋",
            "lat": "35.421147",
            "lng": "139.55438"
        },
        {
            "index": "5",
            "id": "00126617",
            "name": "品濃口",
            "lat": "35.420834",
            "lng": "139.558865"
        },
        {
            "index": "6",
            "id": "00126618",
            "name": "国道平戸",
            "lat": "35.420486",
            "lng": "139.56063"
        },
        {
            "index": "7",
            "id": "00126619",
            "name": "坂下口",
            "lat": "35.423179",
            "lng": "139.565705"
        },
        {
            "index": "8",
            "id": "00126620",
            "name": "山谷(横浜市戸塚区)",
            "lat": "35.425481",
            "lng": "139.56869"
        },
        {
            "index": "9",
            "id": "00126621",
            "name": "平和台",
            "lat": "35.428831",
            "lng": "139.572923"
        },
        {
            "index": "10",
            "id": "00102378",
            "name": "狩場町",
            "lat": "35.433309",
            "lng": "139.575675"
        },
        {
            "index": "11",
            "id": "00102575",
            "name": "児童遊園地入口",
            "lat": "35.435278",
            "lng": "139.57619"
        },
        {
            "index": "12",
            "id": "00102509",
            "name": "権太坂上",
            "lat": "35.439413",
            "lng": "139.57495"
        },
        {
            "index": "13",
            "id": "00102508",
            "name": "権太坂",
            "lat": "35.44339",
            "lng": "139.576624"
        },
        {
            "index": "14",
            "id": "00103177",
            "name": "元町橋交番前",
            "lat": "35.445359",
            "lng": "139.578569"
        },
        {
            "index": "15",
            "id": "00102603",
            "name": "樹源寺前",
            "lat": "35.445062",
            "lng": "139.583378"
        },
        {
            "index": "16",
            "id": "00103045",
            "name": "保土ヶ谷町2丁目",
            "lat": "35.445563",
            "lng": "139.587291"
        },
        {
            "index": "17",
            "id": "00102921",
            "name": "八幡橋(横浜市保土ケ谷区)",
            "lat": "35.444513",
            "lng": "139.593538"
        },
        {
            "index": "18",
            "id": "00103042",
            "name": "保土ヶ谷橋",
            "lat": "35.444279",
            "lng": "139.596963"
        },
        {
            "index": "19",
            "id": "00103043",
            "name": "保土ヶ谷駅東口",
            "lat": "35.446018",
            "lng": "139.600066"
        }
    ],
    "route_url": "https://www.kanachu.co.jp/dia/route/index/cid:0000802352/"
}
