{
    "date": "2024/09/02",
    "name": "法務局前(横浜市戸塚区)",
    "position": "-",
    "system": "戸95",
    "destinations": [
        "長久保(横浜市戸塚区)",
        "下郷(横浜市戸塚区)",
        "日ノ出橋(横浜市戸塚区)",
        "金井(横浜市栄区)",
        "町内会館前(横浜市栄区)",
        "戸塚台入口",
        "原宿公園",
        "戸塚台",
        "戸塚台中央"
    ],
    "weekday": [
        "19:36",
        "21:36"
    ],
    "saturday": [
        "18:56",
        "21:06"
    ],
    "holiday": [
        "18:56",
        "21:06"
    ],
    "url": "https://www.kanachu.co.jp/dia/diagram/timetable01_js/course:0000803552-6/node:00126840/kt:0/lname:/"
}
