{
    "date": "2024/03/16",
    "name": "木曽住宅",
    "position": "-",
    "system": "町30",
    "destinations": [
        "三家(町田市)",
        "木曽(町田市)",
        "忠生公園入口",
        "上宿(町田市)",
        "下根岸(町田市)",
        "根岸(根岸町/町田市)",
        "忠生都営住宅前",
        "矢部",
        "下常盤",
        "中常盤",
        "常盤(町田市)",
        "下馬場",
        "馬場十字路",
        "中村不動入口",
        "小山郵便局前",
        "小山小学校前(町田市)",
        "横土手",
        "御嶽堂",
        "片所",
        "坂本橋(町田市)",
        "田端(町田市)",
        "堂の前(町田市)",
        "三ツ目(町田市)",
        "久保ヶ谷戸",
        "寿橋",
        "寿町(相模原市緑区)",
        "旭農協前",
        "橋本駅北口"
    ],
    "weekday": [
        "9:23",
        "9:43",
        "10:21",
        "10:41",
        "11:21",
        "11:41",
        "12:21",
        "12:41",
        "13:21",
        "13:41",
        "14:21",
        "14:41",
        "15:25",
        "15:45",
        "16:25",
        "16:45",
        "17:27",
        "17:47",
        "18:27",
        "18:47",
        "19:23",
        "19:43",
        "20:19"
    ],
    "saturday": [
        "9:19",
        "9:39",
        "10:19",
        "10:39",
        "11:19",
        "11:39",
        "12:19",
        "12:39",
        "13:19",
        "13:39",
        "14:21",
        "14:41",
        "15:25",
        "15:45",
        "16:25",
        "16:45",
        "17:25",
        "17:45",
        "18:30",
        "19:30",
        "20:29"
    ],
    "holiday": [
        "9:19",
        "9:39",
        "9:59",
        "10:19",
        "10:39",
        "11:19",
        "11:39",
        "12:19",
        "12:39",
        "13:19",
        "13:39",
        "14:21",
        "14:41",
        "15:33",
        "16:31",
        "17:40",
        "18:30",
        "19:30",
        "20:29",
        "20:59"
    ],
    "url": "https://www.kanachu.co.jp/dia/diagram/timetable01_js/course:0000802018-9/node:00129362/kt:0/lname:/"
}
