{
    "date": "2024/03/16",
    "name": "常盤(町田市)",
    "position": "-",
    "system": "町30",
    "destinations": [
        "下馬場",
        "馬場十字路",
        "中村不動入口",
        "小山郵便局前",
        "小山小学校前(町田市)",
        "横土手",
        "御嶽堂",
        "片所",
        "坂本橋(町田市)",
        "田端(町田市)",
        "堂の前(町田市)",
        "三ツ目(町田市)",
        "久保ヶ谷戸",
        "寿橋",
        "寿町(相模原市緑区)",
        "旭農協前",
        "橋本駅北口"
    ],
    "weekday": [
        "9:37",
        "9:57",
        "10:35",
        "10:55",
        "11:35",
        "11:55",
        "12:35",
        "12:55",
        "13:35",
        "13:55",
        "14:35",
        "14:55",
        "15:39",
        "15:59",
        "16:39",
        "16:59",
        "17:41",
        "18:01",
        "18:41",
        "19:01",
        "19:36",
        "19:56",
        "20:32"
    ],
    "saturday": [
        "9:33",
        "9:53",
        "10:33",
        "10:53",
        "11:33",
        "11:53",
        "12:33",
        "12:53",
        "13:33",
        "13:53",
        "14:35",
        "14:55",
        "15:39",
        "15:59",
        "16:39",
        "16:59",
        "17:39",
        "17:59",
        "18:44",
        "19:42",
        "20:41"
    ],
    "holiday": [
        "9:33",
        "9:53",
        "10:13",
        "10:33",
        "10:53",
        "11:33",
        "11:53",
        "12:33",
        "12:53",
        "13:33",
        "13:53",
        "14:35",
        "14:55",
        "15:47",
        "16:45",
        "17:54",
        "18:44",
        "19:42",
        "20:41",
        "21:11"
    ],
    "url": "https://www.kanachu.co.jp/dia/diagram/timetable01_js/course:0000802018-20/node:00129202/kt:0/lname:/"
}
