{
    "date": "2024/03/16",
    "name": "寿町(相模原市緑区)",
    "position": "-",
    "system": "町30",
    "destinations": [
        "旭農協前",
        "橋本駅北口"
    ],
    "weekday": [
        "9:55",
        "10:15",
        "10:53",
        "11:13",
        "11:53",
        "12:13",
        "12:53",
        "13:13",
        "13:53",
        "14:13",
        "14:53",
        "15:13",
        "15:57",
        "16:17",
        "16:57",
        "17:17",
        "18:00",
        "18:20",
        "19:00",
        "19:20",
        "19:55",
        "20:15",
        "20:51"
    ],
    "saturday": [
        "9:51",
        "10:11",
        "10:51",
        "11:11",
        "11:51",
        "12:11",
        "12:51",
        "13:11",
        "13:51",
        "14:11",
        "14:53",
        "15:13",
        "15:57",
        "16:17",
        "16:57",
        "17:17",
        "17:57",
        "18:17",
        "19:01",
        "19:59",
        "20:58"
    ],
    "holiday": [
        "9:51",
        "10:11",
        "10:31",
        "10:51",
        "11:11",
        "11:51",
        "12:11",
        "12:51",
        "13:11",
        "13:51",
        "14:11",
        "14:53",
        "15:13",
        "16:05",
        "17:03",
        "18:12",
        "19:01",
        "19:59",
        "20:58",
        "21:28"
    ],
    "url": "https://www.kanachu.co.jp/dia/diagram/timetable01_js/course:0000802018-35/node:00128991/kt:0/lname:/"
}
