{
    "date": "2021/09/09",
    "name": "愛甲石田駅",
    "position": "-",
    "system": "伊76",
    "destinations": [
        "道了尊入口",
        "谷戸入",
        "小金塚",
        "白金",
        "成瀬農協前",
        "粕屋下宿",
        "粕屋上宿",
        "中沢中学校前",
        "池端(伊勢原市)",
        "電話局前(伊勢原市)",
        "伊勢原駅北口"
    ],
    "weekday": [
        "7:25",
        "8:27",
        "9:25",
        "11:25",
        "12:25",
        "13:25",
        "15:25",
        "16:25",
        "17:25",
        "18:25",
        "19:25",
        "20:25"
    ],
    "saturday": [
        "7:25",
        "8:25",
        "9:27",
        "10:25",
        "12:25",
        "14:25",
        "15:25",
        "16:25",
        "17:25",
        "18:25"
    ],
    "holiday": [
        "7:25",
        "8:25",
        "9:27",
        "10:25",
        "12:25",
        "14:25",
        "15:25",
        "16:25",
        "17:25",
        "18:25"
    ],
    "url": "https://www.kanachu.co.jp/dia/diagram/timetable01_js/course:0000803355-1/node:00128496/kt:0/lname:/"
}
