{
    "date": "2021/09/09",
    "name": "道了尊入口",
    "position": "-",
    "system": "伊76",
    "destinations": [
        "谷戸入",
        "小金塚",
        "白金",
        "成瀬農協前",
        "粕屋下宿",
        "粕屋上宿",
        "中沢中学校前",
        "池端(伊勢原市)",
        "電話局前(伊勢原市)",
        "伊勢原駅北口"
    ],
    "weekday": [
        "7:26",
        "8:28",
        "9:26",
        "11:26",
        "12:26",
        "13:26",
        "15:26",
        "16:26",
        "17:26",
        "18:26",
        "19:26",
        "20:26"
    ],
    "saturday": [
        "7:26",
        "8:26",
        "9:28",
        "10:26",
        "12:26",
        "14:26",
        "15:26",
        "16:26",
        "17:26",
        "18:26"
    ],
    "holiday": [
        "7:26",
        "8:26",
        "9:28",
        "10:26",
        "12:26",
        "14:26",
        "15:26",
        "16:26",
        "17:26",
        "18:26"
    ],
    "url": "https://www.kanachu.co.jp/dia/diagram/timetable01_js/course:0000803355-2/node:00128202/kt:0/lname:/"
}
