{
    "date": "2021/09/09",
    "name": "成瀬農協前",
    "position": "-",
    "system": "伊76",
    "destinations": [
        "粕屋下宿",
        "粕屋上宿",
        "中沢中学校前",
        "池端(伊勢原市)",
        "電話局前(伊勢原市)",
        "伊勢原駅北口"
    ],
    "weekday": [
        "7:30",
        "8:32",
        "9:30",
        "11:30",
        "12:30",
        "13:30",
        "15:30",
        "16:30",
        "17:30",
        "18:30",
        "19:30",
        "20:30"
    ],
    "saturday": [
        "7:30",
        "8:30",
        "9:32",
        "10:30",
        "12:30",
        "14:30",
        "15:30",
        "16:30",
        "17:30",
        "18:30"
    ],
    "holiday": [
        "7:30",
        "8:30",
        "9:32",
        "10:30",
        "12:30",
        "14:30",
        "15:30",
        "16:30",
        "17:30",
        "18:30"
    ],
    "url": "https://www.kanachu.co.jp/dia/diagram/timetable01_js/course:0000803355-6/node:00128210/kt:0/lname:/"
}
