{
    "date": "2021/09/09",
    "name": "粕屋上宿",
    "position": "-",
    "system": "伊76",
    "destinations": [
        "中沢中学校前",
        "池端(伊勢原市)",
        "電話局前(伊勢原市)",
        "伊勢原駅北口"
    ],
    "weekday": [
        "7:32",
        "8:34",
        "9:32",
        "11:32",
        "12:32",
        "13:32",
        "15:32",
        "16:32",
        "17:32",
        "18:32",
        "19:32",
        "20:32"
    ],
    "saturday": [
        "7:32",
        "8:32",
        "9:34",
        "10:32",
        "12:32",
        "14:32",
        "15:32",
        "16:32",
        "17:32",
        "18:32"
    ],
    "holiday": [
        "7:32",
        "8:32",
        "9:34",
        "10:32",
        "12:32",
        "14:32",
        "15:32",
        "16:32",
        "17:32",
        "18:32"
    ],
    "url": "https://www.kanachu.co.jp/dia/diagram/timetable01_js/course:0000803355-8/node:00128208/kt:0/lname:/"
}
