{
    "date": "2021/09/09",
    "name": "中沢中学校前",
    "position": "-",
    "system": "伊76",
    "destinations": [
        "池端(伊勢原市)",
        "電話局前(伊勢原市)",
        "伊勢原駅北口"
    ],
    "weekday": [
        "7:34",
        "8:36",
        "9:34",
        "11:34",
        "12:34",
        "13:34",
        "15:34",
        "16:34",
        "17:34",
        "18:34",
        "19:34",
        "20:34"
    ],
    "saturday": [
        "7:34",
        "8:34",
        "9:36",
        "10:34",
        "12:34",
        "14:34",
        "15:34",
        "16:34",
        "17:34",
        "18:34"
    ],
    "holiday": [
        "7:34",
        "8:34",
        "9:36",
        "10:34",
        "12:34",
        "14:34",
        "15:34",
        "16:34",
        "17:34",
        "18:34"
    ],
    "url": "https://www.kanachu.co.jp/dia/diagram/timetable01_js/course:0000803355-9/node:00128207/kt:0/lname:/"
}
