{
    "date": "2025/04/19",
    "name": "光が丘一丁目(相模原市中央区)",
    "position": "-",
    "system": "相29",
    "destinations": [
        "光が丘小学校前",
        "光が丘大通り",
        "光が丘三丁目(相模原市中央区)",
        "緑が丘一丁目(相模原市中央区)",
        "陽光台六丁目",
        "相模原浄水場",
        "麻溝車庫",
        "友愛病院前",
        "北里大学病院・北里大学"
    ],
    "weekday": [
        "7:43",
        "7:58",
        "8:23",
        "9:46",
        "10:06",
        "11:51",
        "13:51",
        "21:21"
    ],
    "saturday": [
        "14:46",
        "19:31",
        "20:41"
    ],
    "holiday": [
        "14:46",
        "18:21",
        "19:31",
        "20:41"
    ],
    "url": "https://www.kanachu.co.jp/dia/diagram/timetable01_js/course:0000801895-12/node:00129232/kt:0/lname:/"
}
