{
    "date": "2025/04/19",
    "name": "緑が丘一丁目(相模原市中央区)",
    "position": "-",
    "system": "相29",
    "destinations": [
        "陽光台六丁目",
        "相模原浄水場",
        "麻溝車庫",
        "友愛病院前",
        "北里大学病院・北里大学"
    ],
    "weekday": [
        "7:48",
        "8:03",
        "8:28",
        "9:51",
        "10:11",
        "11:56",
        "13:56",
        "21:25"
    ],
    "saturday": [
        "14:50",
        "19:35",
        "20:45"
    ],
    "holiday": [
        "14:50",
        "18:25",
        "19:35",
        "20:45"
    ],
    "url": "https://www.kanachu.co.jp/dia/diagram/timetable01_js/course:0000801895-16/node:00129265/kt:0/lname:/"
}
