{
    "date": "2025/10/20",
    "name": "つくし野駅",
    "position": "-",
    "system": "",
    "destinations": [
        "つくし野小学校",
        "つくし野二丁目(町田市)",
        "小川中央",
        "柳谷戸",
        "小川小学校前",
        "小川かえで公園前",
        "小川高校入口",
        "成瀬駅ガード南",
        "成瀬駅",
        "南成瀬",
        "成瀬高校入口",
        "中村(町田市成瀬)",
        "観性寺前",
        "昭和薬科大学入口",
        "昭和薬科大学",
        "児童公園前(町田市)",
        "東玉川学園四丁目"
    ],
    "weekday": [
        "10:38",
        "12:38",
        "14:38"
    ],
    "saturday": [
        "12:38",
        "14:38"
    ],
    "holiday": [
        "12:38",
        "14:38"
    ],
    "url": "https://www.kanachu.co.jp/dia/diagram/timetable01_js/course:0000800395-1/node:00129557/kt:0/lname:/"
}
