{
    "date": "2025/10/20",
    "name": "柳谷戸",
    "position": "-",
    "system": "つ03",
    "destinations": [
        "小川小学校前",
        "小川かえで公園前",
        "小川高校入口",
        "成瀬駅ガード南",
        "成瀬駅",
        "南成瀬",
        "成瀬高校入口",
        "中村(町田市成瀬)",
        "観性寺前",
        "昭和薬科大学入口",
        "昭和薬科大学",
        "児童公園前(町田市)",
        "東玉川学園四丁目"
    ],
    "weekday": [
        "10:41",
        "12:41",
        "14:41"
    ],
    "saturday": [
        "12:41",
        "14:41"
    ],
    "holiday": [
        "12:41",
        "14:41"
    ],
    "url": "https://www.kanachu.co.jp/dia/diagram/timetable01_js/course:0000800395-5/node:00129554/kt:0/lname:/"
}
