{
    "date": "2025/10/20",
    "name": "成瀬駅ガード南",
    "position": "-",
    "system": "つ03",
    "destinations": [
        "成瀬駅",
        "南成瀬",
        "成瀬高校入口",
        "中村(町田市成瀬)",
        "観性寺前",
        "昭和薬科大学入口",
        "昭和薬科大学",
        "児童公園前(町田市)",
        "東玉川学園四丁目"
    ],
    "weekday": [
        "10:46",
        "12:46",
        "14:46"
    ],
    "saturday": [
        "12:46",
        "14:46"
    ],
    "holiday": [
        "12:46",
        "14:46"
    ],
    "url": "https://www.kanachu.co.jp/dia/diagram/timetable01_js/course:0000800395-9/node:00129551/kt:0/lname:/"
}
