{
    "date": "2025/10/20",
    "name": "成瀬高校入口",
    "position": "-",
    "system": "つ03",
    "destinations": [
        "中村(町田市成瀬)",
        "観性寺前",
        "昭和薬科大学入口",
        "昭和薬科大学",
        "児童公園前(町田市)",
        "東玉川学園四丁目"
    ],
    "weekday": [
        "10:52",
        "12:52",
        "14:52"
    ],
    "saturday": [
        "12:52",
        "14:52"
    ],
    "holiday": [
        "12:52",
        "14:52"
    ],
    "url": "https://www.kanachu.co.jp/dia/diagram/timetable01_js/course:0000800395-12/node:00129561/kt:0/lname:/"
}
