{
    "date": "2025/04/19",
    "name": "相模台まちづくりセンター前",
    "position": "-",
    "system": "古09",
    "destinations": [
        "国立相模原病院",
        "第一住宅(相模原市南区)",
        "双葉入口",
        "双葉一丁目",
        "双葉小学校前(相模原市南区)",
        "西大沼",
        "西通り",
        "大沼",
        "大沼中央",
        "大沼神社前",
        "長久保(相模原市南区)",
        "東大沼",
        "古淵駅入口",
        "古淵駅"
    ],
    "weekday": [
        "6:24",
        "6:49",
        "7:34",
        "8:02",
        "8:29",
        "9:44",
        "10:54",
        "12:04",
        "13:19",
        "14:34",
        "15:39",
        "16:39",
        "17:59",
        "18:44",
        "19:54"
    ],
    "saturday": [
        "7:34",
        "8:39",
        "9:49",
        "11:04",
        "12:19",
        "13:34",
        "14:34",
        "15:49",
        "16:44",
        "17:59",
        "19:14"
    ],
    "holiday": [
        "7:34",
        "8:39",
        "9:49",
        "11:04",
        "12:19",
        "13:34",
        "14:34",
        "15:49",
        "16:44",
        "17:59",
        "19:14"
    ],
    "url": "https://www.kanachu.co.jp/dia/diagram/timetable01_js/course:0000802322-5/node:00129691/kt:0/lname:/"
}
