{
    "date": "2025/04/19",
    "name": "双葉入口",
    "position": "-",
    "system": "古09",
    "destinations": [
        "双葉一丁目",
        "双葉小学校前(相模原市南区)",
        "西大沼",
        "西通り",
        "大沼",
        "大沼中央",
        "大沼神社前",
        "長久保(相模原市南区)",
        "東大沼",
        "古淵駅入口",
        "古淵駅"
    ],
    "weekday": [
        "6:28",
        "6:53",
        "7:39",
        "8:07",
        "8:34",
        "9:49",
        "10:59",
        "12:09",
        "13:24",
        "14:39",
        "15:44",
        "16:44",
        "18:04",
        "18:49",
        "19:58"
    ],
    "saturday": [
        "7:38",
        "8:43",
        "9:53",
        "11:08",
        "12:23",
        "13:38",
        "14:38",
        "15:53",
        "16:48",
        "18:03",
        "19:18"
    ],
    "holiday": [
        "7:38",
        "8:43",
        "9:53",
        "11:08",
        "12:23",
        "13:38",
        "14:38",
        "15:53",
        "16:48",
        "18:03",
        "19:18"
    ],
    "url": "https://www.kanachu.co.jp/dia/diagram/timetable01_js/course:0000802322-8/node:00129242/kt:0/lname:/"
}
