{
    "date": "2025/04/19",
    "name": "西大沼",
    "position": "-",
    "system": "古09",
    "destinations": [
        "西通り",
        "大沼",
        "大沼中央",
        "大沼神社前",
        "長久保(相模原市南区)",
        "東大沼",
        "古淵駅入口",
        "古淵駅"
    ],
    "weekday": [
        "6:31",
        "6:56",
        "7:42",
        "8:10",
        "8:37",
        "9:52",
        "11:02",
        "12:12",
        "13:27",
        "14:42",
        "15:47",
        "16:47",
        "18:07",
        "18:52",
        "20:01"
    ],
    "saturday": [
        "7:41",
        "8:46",
        "9:56",
        "11:11",
        "12:26",
        "13:41",
        "14:41",
        "15:56",
        "16:51",
        "18:06",
        "19:21"
    ],
    "holiday": [
        "7:41",
        "8:46",
        "9:56",
        "11:11",
        "12:26",
        "13:41",
        "14:41",
        "15:56",
        "16:51",
        "18:06",
        "19:21"
    ],
    "url": "https://www.kanachu.co.jp/dia/diagram/timetable01_js/course:0000802322-11/node:00129211/kt:0/lname:/"
}
