{
    "date": "2025/04/19",
    "name": "長久保(相模原市南区)",
    "position": "-",
    "system": "古09",
    "destinations": [
        "東大沼",
        "古淵駅入口",
        "古淵駅"
    ],
    "weekday": [
        "6:37",
        "7:02",
        "7:48",
        "8:16",
        "8:43",
        "9:58",
        "11:08",
        "12:18",
        "13:33",
        "14:48",
        "15:53",
        "16:53",
        "18:13",
        "18:58",
        "20:07"
    ],
    "saturday": [
        "7:47",
        "8:52",
        "10:02",
        "11:17",
        "12:32",
        "13:47",
        "14:47",
        "16:02",
        "16:57",
        "18:12",
        "19:27"
    ],
    "holiday": [
        "7:47",
        "8:52",
        "10:02",
        "11:17",
        "12:32",
        "13:47",
        "14:47",
        "16:02",
        "16:57",
        "18:12",
        "19:27"
    ],
    "url": "https://www.kanachu.co.jp/dia/diagram/timetable01_js/course:0000802322-16/node:00129203/kt:0/lname:/"
}
