{
    "date": "2024/09/02",
    "name": "戸塚駅",
    "position": "-",
    "system": "戸91",
    "destinations": [
        "蔵坪",
        "柳作東",
        "来迎寺(横浜市戸塚区)",
        "谷矢部中央",
        "道祖神前(横浜市戸塚区)",
        "鳥が丘中央",
        "鳥が丘第一公園",
        "領家中学校前",
        "領家三丁目(横浜市泉区)",
        "領家一丁目(横浜市泉区)",
        "諏訪久保",
        "上矢部地区センター前",
        "戸塚工業団地",
        "上矢部高校"
    ],
    "weekday": [
        "19:15",
        "19:29",
        "19:36",
        "20:08",
        "20:30",
        "21:36",
        "22:50"
    ],
    "saturday": [
        "19:00",
        "19:42"
    ],
    "holiday": [
        "18:30",
        "19:00",
        "19:42"
    ],
    "url": "https://www.kanachu.co.jp/dia/diagram/timetable01_js/course:0000800653-1/node:00126869/kt:0/lname:/"
}
