{
    "date": "2024/09/02",
    "name": "柳作東",
    "position": "-",
    "system": "戸91",
    "destinations": [
        "来迎寺(横浜市戸塚区)",
        "谷矢部中央",
        "道祖神前(横浜市戸塚区)",
        "鳥が丘中央",
        "鳥が丘第一公園",
        "領家中学校前",
        "領家三丁目(横浜市泉区)",
        "領家一丁目(横浜市泉区)",
        "諏訪久保",
        "上矢部地区センター前",
        "戸塚工業団地",
        "上矢部高校"
    ],
    "weekday": [
        "19:17",
        "19:31",
        "19:38",
        "20:10",
        "20:32",
        "21:38",
        "22:52"
    ],
    "saturday": [
        "19:02",
        "19:44"
    ],
    "holiday": [
        "18:32",
        "19:02",
        "19:44"
    ],
    "url": "https://www.kanachu.co.jp/dia/diagram/timetable01_js/course:0000800653-3/node:00126967/kt:0/lname:/"
}
