{
    "date": "2024/09/02",
    "name": "谷矢部中央",
    "position": "-",
    "system": "戸91",
    "destinations": [
        "道祖神前(横浜市戸塚区)",
        "鳥が丘中央",
        "鳥が丘第一公園",
        "領家中学校前",
        "領家三丁目(横浜市泉区)",
        "領家一丁目(横浜市泉区)",
        "諏訪久保",
        "上矢部地区センター前",
        "戸塚工業団地",
        "上矢部高校"
    ],
    "weekday": [
        "19:19",
        "19:33",
        "19:40",
        "20:12",
        "20:34",
        "21:40",
        "22:54"
    ],
    "saturday": [
        "19:04",
        "19:46"
    ],
    "holiday": [
        "18:34",
        "19:04",
        "19:46"
    ],
    "url": "https://www.kanachu.co.jp/dia/diagram/timetable01_js/course:0000800653-5/node:00126901/kt:0/lname:/"
}
