{
    "date": "2024/09/02",
    "name": "鳥が丘中央",
    "position": "-",
    "system": "戸91",
    "destinations": [
        "鳥が丘第一公園",
        "領家中学校前",
        "領家三丁目(横浜市泉区)",
        "領家一丁目(横浜市泉区)",
        "諏訪久保",
        "上矢部地区センター前",
        "戸塚工業団地",
        "上矢部高校"
    ],
    "weekday": [
        "19:21",
        "19:35",
        "19:42",
        "20:14",
        "20:36",
        "21:42",
        "22:56"
    ],
    "saturday": [
        "19:06",
        "19:48"
    ],
    "holiday": [
        "18:36",
        "19:06",
        "19:48"
    ],
    "url": "https://www.kanachu.co.jp/dia/diagram/timetable01_js/course:0000800653-7/node:00126859/kt:0/lname:/"
}
