{
    "date": "2024/09/02",
    "name": "領家三丁目(横浜市泉区)",
    "position": "-",
    "system": "戸91",
    "destinations": [
        "領家一丁目(横浜市泉区)",
        "諏訪久保",
        "上矢部地区センター前",
        "戸塚工業団地",
        "上矢部高校"
    ],
    "weekday": [
        "19:26",
        "19:40",
        "19:47",
        "20:19",
        "20:41",
        "21:47",
        "23:01"
    ],
    "saturday": [
        "19:11",
        "19:53"
    ],
    "holiday": [
        "18:41",
        "19:11",
        "19:53"
    ],
    "url": "https://www.kanachu.co.jp/dia/diagram/timetable01_js/course:0000800653-10/node:00126713/kt:0/lname:/"
}
