{
    "date": "2024/09/02",
    "name": "領家一丁目(横浜市泉区)",
    "position": "-",
    "system": "戸91",
    "destinations": [
        "諏訪久保",
        "上矢部地区センター前",
        "戸塚工業団地",
        "上矢部高校"
    ],
    "weekday": [
        "19:27",
        "19:41",
        "19:48",
        "20:20",
        "20:42",
        "21:48",
        "23:02"
    ],
    "saturday": [
        "19:12",
        "19:54"
    ],
    "holiday": [
        "18:42",
        "19:12",
        "19:54"
    ],
    "url": "https://www.kanachu.co.jp/dia/diagram/timetable01_js/course:0000800653-11/node:00126712/kt:0/lname:/"
}
