{
    "date": "2018/03/17",
    "name": "茅ヶ崎駅",
    "position": "-",
    "system": "辻09",
    "destinations": [
        "本村(茅ケ崎市)",
        "本村五丁目",
        "市立病院(茅ケ崎市)",
        "ニュータウン入口(茅ケ崎市)",
        "ニュータウン中央(茅ケ崎市)",
        "高田三丁目",
        "室田",
        "室田小学校入口",
        "室田一丁目",
        "松林二丁目",
        "松林",
        "菱沼二丁目",
        "菱沼団地入口",
        "幼稚園前(茅ケ崎市)",
        "小和田小学校",
        "東小和田",
        "辻堂駅西口",
        "辻堂駅北口",
        "新町一丁目(藤沢市)",
        "新町二丁目(藤沢市)",
        "新町三丁目(藤沢市)",
        "ソニー前(藤沢市)",
        "高山車庫"
    ],
    "weekday": [
        "5:47",
        "6:05",
        "6:44",
        "7:20",
        "7:55",
        "8:50",
        "12:20",
        "16:47",
        "17:25",
        "18:10",
        "18:58",
        "19:25",
        "19:58",
        "20:45",
        "21:53"
    ],
    "saturday": [
        "6:30"
    ],
    "holiday": [
        "6:30"
    ],
    "url": "https://www.kanachu.co.jp/dia/diagram/timetable01_js/course:0000802650-1/node:00127126/kt:0/lname:/"
}
