{
    "date": "2018/03/17",
    "name": "高田三丁目",
    "position": "-",
    "system": "辻09",
    "destinations": [
        "室田",
        "室田小学校入口",
        "室田一丁目",
        "松林二丁目",
        "松林",
        "菱沼二丁目",
        "菱沼団地入口",
        "幼稚園前(茅ケ崎市)",
        "小和田小学校",
        "東小和田",
        "辻堂駅西口",
        "辻堂駅北口",
        "新町一丁目(藤沢市)",
        "新町二丁目(藤沢市)",
        "新町三丁目(藤沢市)",
        "ソニー前(藤沢市)",
        "高山車庫"
    ],
    "weekday": [
        "5:57",
        "6:15",
        "6:55",
        "7:32",
        "8:07",
        "9:02",
        "12:32",
        "16:59",
        "17:37",
        "18:22",
        "19:09",
        "19:36",
        "20:09",
        "20:56",
        "22:04"
    ],
    "saturday": [
        "6:41"
    ],
    "holiday": [
        "6:41"
    ],
    "url": "https://www.kanachu.co.jp/dia/diagram/timetable01_js/course:0000802650-7/node:00127261/kt:0/lname:/"
}
