{
    "date": "2018/03/17",
    "name": "室田一丁目",
    "position": "-",
    "system": "辻09",
    "destinations": [
        "松林二丁目",
        "松林",
        "菱沼二丁目",
        "菱沼団地入口",
        "幼稚園前(茅ケ崎市)",
        "小和田小学校",
        "東小和田",
        "辻堂駅西口",
        "辻堂駅北口",
        "新町一丁目(藤沢市)",
        "新町二丁目(藤沢市)",
        "新町三丁目(藤沢市)",
        "ソニー前(藤沢市)",
        "高山車庫"
    ],
    "weekday": [
        "5:59",
        "6:17",
        "6:57",
        "7:34",
        "8:09",
        "9:04",
        "12:34",
        "17:01",
        "17:39",
        "18:24",
        "19:11",
        "19:38",
        "20:11",
        "20:58",
        "22:06"
    ],
    "saturday": [
        "6:43"
    ],
    "holiday": [
        "6:43"
    ],
    "url": "https://www.kanachu.co.jp/dia/diagram/timetable01_js/course:0000802650-10/node:00127264/kt:0/lname:/"
}
