{
    "date": "2018/03/17",
    "name": "松林二丁目",
    "position": "-",
    "system": "辻09",
    "destinations": [
        "松林",
        "菱沼二丁目",
        "菱沼団地入口",
        "幼稚園前(茅ケ崎市)",
        "小和田小学校",
        "東小和田",
        "辻堂駅西口",
        "辻堂駅北口",
        "新町一丁目(藤沢市)",
        "新町二丁目(藤沢市)",
        "新町三丁目(藤沢市)",
        "ソニー前(藤沢市)",
        "高山車庫"
    ],
    "weekday": [
        "6:01",
        "6:19",
        "6:59",
        "7:36",
        "8:11",
        "9:06",
        "12:36",
        "17:03",
        "17:41",
        "18:26",
        "19:13",
        "19:40",
        "20:13",
        "21:00",
        "22:08"
    ],
    "saturday": [
        "6:45"
    ],
    "holiday": [
        "6:45"
    ],
    "url": "https://www.kanachu.co.jp/dia/diagram/timetable01_js/course:0000802650-11/node:00127281/kt:0/lname:/"
}
