{
    "date": "2025/07/12",
    "name": "鉄砲宿",
    "position": "-",
    "system": "藤54",
    "destinations": [
        "緑ヶ丘(藤沢市)",
        "遊行寺坂上",
        "藤沢橋",
        "藤沢駅北口"
    ],
    "weekday": [
        "6:14",
        "6:24",
        "6:47",
        "7:03",
        "7:37",
        "8:01",
        "8:25",
        "8:45",
        "9:16",
        "10:16",
        "11:15",
        "12:15",
        "13:15",
        "14:15",
        "15:15",
        "16:35",
        "17:42",
        "18:02",
        "18:42",
        "19:02",
        "19:39"
    ],
    "saturday": [
        "6:19",
        "6:52",
        "7:32",
        "8:32",
        "9:32",
        "10:32",
        "11:34",
        "12:34",
        "13:34",
        "14:34",
        "15:35",
        "16:36",
        "17:36",
        "18:36",
        "19:36"
    ],
    "holiday": [
        "6:19",
        "6:52",
        "7:32",
        "8:32",
        "9:32",
        "10:32",
        "11:34",
        "12:34",
        "13:34",
        "14:34",
        "15:35",
        "16:36",
        "17:36",
        "18:36",
        "19:36"
    ],
    "url": "https://www.kanachu.co.jp/dia/diagram/timetable01_js/course:0000803558-9/node:00126978/kt:0/lname:/"
}
