{
    "date": "2024/12/16",
    "name": "車橋",
    "position": "-",
    "system": "桜24",
    "destinations": [
        "新大栗橋",
        "聖蹟桜ヶ丘駅"
    ],
    "weekday": [
        "7:20",
        "8:04",
        "8:56",
        "9:34",
        "10:34",
        "11:34",
        "12:34",
        "13:34",
        "14:34",
        "15:34",
        "16:34",
        "17:34",
        "18:34",
        "19:34",
        "20:34",
        "21:28"
    ],
    "saturday": [
        "7:27",
        "8:34",
        "9:34",
        "10:34",
        "11:34",
        "12:34",
        "13:36",
        "14:33",
        "15:34",
        "16:34",
        "17:36",
        "18:34",
        "19:34",
        "20:27",
        "21:27"
    ],
    "holiday": [
        "7:27",
        "8:34",
        "9:34",
        "10:34",
        "11:34",
        "12:34",
        "13:36",
        "14:33",
        "15:34",
        "16:34",
        "17:36",
        "18:34",
        "19:34",
        "20:27",
        "21:27"
    ],
    "url": "https://www.kanachu.co.jp/dia/diagram/timetable01_js/course:0000803471-27/node:00020463/kt:0/lname:/"
}
