{
    "date": "2024/12/16",
    "name": "諏訪幼稚園前",
    "position": "-",
    "system": "桜22",
    "destinations": [
        "諏訪二丁目(多摩市)",
        "永山駅",
        "消防署前(多摩市)",
        "諏訪下橋(多摩市)",
        "車橋",
        "新大栗橋",
        "聖蹟桜ヶ丘駅"
    ],
    "weekday": [
        "5:52",
        "6:16"
    ],
    "saturday": [
        "6:03",
        "6:33"
    ],
    "holiday": [
        "6:03",
        "6:33"
    ],
    "url": "https://www.kanachu.co.jp/dia/diagram/timetable01_js/course:0000801153-4/node:00020976/kt:0/lname:/"
}
