{
    "system": "桜22",
    "busstops": [
        {
            "index": "1",
            "id": "00020621",
            "name": "諏訪四丁目(多摩市)",
            "lat": "35.623087",
            "lng": "139.458511"
        },
        {
            "index": "2",
            "id": "00020620",
            "name": "諏訪三丁目(多摩市)",
            "lat": "35.625871",
            "lng": "139.455344"
        },
        {
            "index": "3",
            "id": "00020623",
            "name": "諏訪南公園",
            "lat": "35.620582",
            "lng": "139.451628"
        },
        {
            "index": "4",
            "id": "00020976",
            "name": "諏訪幼稚園前",
            "lat": "35.621654",
            "lng": "139.450862"
        },
        {
            "index": "5",
            "id": "00020624",
            "name": "諏訪二丁目(多摩市)",
            "lat": "35.625384",
            "lng": "139.449542"
        },
        {
            "index": "6",
            "id": "00020143",
            "name": "永山駅",
            "lat": "35.630032",
            "lng": "139.448636"
        },
        {
            "index": "7",
            "id": "00021488",
            "name": "消防署前(多摩市)",
            "lat": "35.632442",
            "lng": "139.447667"
        },
        {
            "index": "8",
            "id": "00020619",
            "name": "諏訪下橋(多摩市)",
            "lat": "35.636655",
            "lng": "139.448742"
        },
        {
            "index": "9",
            "id": "00020463",
            "name": "車橋",
            "lat": "35.641052",
            "lng": "139.450894"
        },
        {
            "index": "10",
            "id": "00020594",
            "name": "新大栗橋",
            "lat": "35.647396",
            "lng": "139.45283"
        },
        {
            "index": "11",
            "id": "00020654",
            "name": "聖蹟桜ヶ丘駅",
            "lat": "35.651162",
            "lng": "139.447764"
        }
    ],
    "route_url": "https://www.kanachu.co.jp/dia/route/index/cid:0000801153/"
}
