{
    "date": "2025/07/12",
    "name": "藤沢駅北口",
    "position": "-",
    "system": "藤01",
    "destinations": [
        "一本松(藤沢市)",
        "日本精工前",
        "神明町(藤沢市)",
        "ヤクルト前",
        "ソニー前(藤沢市)",
        "高山車庫"
    ],
    "weekday": [
        "7:05",
        "7:25",
        "7:35",
        "7:45",
        "8:00",
        "8:07",
        "8:15",
        "8:20",
        "8:25",
        "8:29",
        "8:34",
        "8:40",
        "8:47",
        "8:56",
        "9:00",
        "9:04",
        "9:10",
        "9:15",
        "9:20",
        "9:24",
        "9:30",
        "9:36",
        "9:45",
        "9:54",
        "10:02",
        "10:10",
        "10:20",
        "10:30",
        "10:39",
        "10:50",
        "11:00",
        "11:14",
        "11:24",
        "11:36",
        "11:48",
        "11:58",
        "12:12",
        "12:24",
        "12:36",
        "12:48",
        "13:00",
        "13:12",
        "13:24",
        "13:36",
        "13:48",
        "14:00",
        "14:12",
        "14:24",
        "14:36",
        "14:48",
        "15:00",
        "15:12",
        "15:26",
        "15:36",
        "15:48",
        "16:00",
        "16:10",
        "16:20",
        "16:30",
        "16:40",
        "16:50",
        "16:58",
        "17:10",
        "17:20",
        "17:30",
        "17:40",
        "17:50",
        "18:00",
        "18:14",
        "18:24",
        "18:36",
        "18:48",
        "19:00",
        "19:12",
        "19:24",
        "19:36",
        "19:48",
        "20:00",
        "20:15",
        "20:30",
        "20:45",
        "21:02",
        "21:20",
        "21:45",
        "22:20"
    ],
    "saturday": [
        "7:10",
        "7:40",
        "7:55",
        "8:05",
        "8:18",
        "8:32",
        "8:45",
        "8:53",
        "9:00",
        "9:12",
        "9:26",
        "9:36",
        "9:48",
        "9:58",
        "10:10",
        "10:20",
        "10:30",
        "10:41",
        "10:50",
        "11:00",
        "11:10",
        "11:20",
        "11:30",
        "11:40",
        "11:50",
        "12:00",
        "12:12",
        "12:24",
        "12:36",
        "12:49",
        "13:00",
        "13:12",
        "13:24",
        "13:36",
        "13:48",
        "14:00",
        "14:12",
        "14:25",
        "14:36",
        "14:48",
        "15:00",
        "15:10",
        "15:24",
        "15:36",
        "15:48",
        "16:00",
        "16:12",
        "16:24",
        "16:36",
        "16:48",
        "17:00",
        "17:12",
        "17:22",
        "17:36",
        "17:48",
        "18:00",
        "18:12",
        "18:24",
        "18:36",
        "18:48",
        "19:03",
        "19:20",
        "19:40",
        "20:00",
        "20:20",
        "20:40",
        "21:10",
        "21:45",
        "22:15"
    ],
    "holiday": [
        "7:10",
        "7:40",
        "7:55",
        "8:05",
        "8:18",
        "8:32",
        "8:45",
        "8:53",
        "9:00",
        "9:12",
        "9:26",
        "9:36",
        "9:48",
        "9:58",
        "10:10",
        "10:20",
        "10:30",
        "10:41",
        "10:50",
        "11:00",
        "11:10",
        "11:20",
        "11:30",
        "11:40",
        "11:50",
        "12:00",
        "12:12",
        "12:24",
        "12:36",
        "12:49",
        "13:00",
        "13:12",
        "13:24",
        "13:36",
        "13:48",
        "14:00",
        "14:12",
        "14:25",
        "14:36",
        "14:48",
        "15:00",
        "15:10",
        "15:24",
        "15:36",
        "15:48",
        "16:00",
        "16:12",
        "16:24",
        "16:36",
        "16:48",
        "17:00",
        "17:12",
        "17:22",
        "17:36",
        "17:48",
        "18:00",
        "18:12",
        "18:24",
        "18:36",
        "18:48",
        "19:03",
        "19:20",
        "19:40",
        "20:00",
        "20:20",
        "20:40",
        "21:10",
        "21:45",
        "22:15"
    ],
    "url": "https://www.kanachu.co.jp/dia/diagram/timetable01_js/course:0000802980-1/node:00126970/kt:0/lname:/"
}
