{
    "date": "2025/07/12",
    "name": "ヤクルト前",
    "position": "-",
    "system": "藤01",
    "destinations": [
        "ソニー前(藤沢市)",
        "高山車庫"
    ],
    "weekday": [
        "7:13",
        "7:33",
        "7:43",
        "7:53",
        "8:08",
        "8:15",
        "8:23",
        "8:28",
        "8:33",
        "8:37",
        "8:42",
        "8:48",
        "8:55",
        "9:04",
        "9:08",
        "9:12",
        "9:18",
        "9:23",
        "9:28",
        "9:32",
        "9:38",
        "9:44",
        "9:53",
        "10:02",
        "10:10",
        "10:18",
        "10:28",
        "10:38",
        "10:47",
        "10:58",
        "11:08",
        "11:22",
        "11:32",
        "11:44",
        "11:56",
        "12:06",
        "12:20",
        "12:32",
        "12:44",
        "12:56",
        "13:08",
        "13:20",
        "13:32",
        "13:44",
        "13:56",
        "14:08",
        "14:20",
        "14:32",
        "14:44",
        "14:56",
        "15:08",
        "15:20",
        "15:34",
        "15:44",
        "15:56",
        "16:08",
        "16:18",
        "16:28",
        "16:38",
        "16:48",
        "16:58",
        "17:06",
        "17:18",
        "17:28",
        "17:38",
        "17:48",
        "17:58",
        "18:08",
        "18:22",
        "18:32",
        "18:44",
        "18:56",
        "19:08",
        "19:20",
        "19:32",
        "19:44",
        "19:56",
        "20:08",
        "20:23",
        "20:38",
        "20:53",
        "21:10",
        "21:28",
        "21:53",
        "22:28"
    ],
    "saturday": [
        "7:18",
        "7:48",
        "8:03",
        "8:13",
        "8:26",
        "8:40",
        "8:53",
        "9:01",
        "9:08",
        "9:20",
        "9:34",
        "9:44",
        "9:56",
        "10:06",
        "10:18",
        "10:28",
        "10:38",
        "10:49",
        "10:58",
        "11:08",
        "11:18",
        "11:28",
        "11:38",
        "11:48",
        "11:58",
        "12:08",
        "12:20",
        "12:32",
        "12:44",
        "12:57",
        "13:08",
        "13:20",
        "13:32",
        "13:44",
        "13:56",
        "14:08",
        "14:20",
        "14:33",
        "14:44",
        "14:56",
        "15:08",
        "15:18",
        "15:32",
        "15:44",
        "15:56",
        "16:08",
        "16:20",
        "16:32",
        "16:44",
        "16:56",
        "17:08",
        "17:20",
        "17:30",
        "17:44",
        "17:56",
        "18:08",
        "18:20",
        "18:32",
        "18:44",
        "18:56",
        "19:11",
        "19:28",
        "19:48",
        "20:08",
        "20:28",
        "20:48",
        "21:18",
        "21:53",
        "22:23"
    ],
    "holiday": [
        "7:18",
        "7:48",
        "8:03",
        "8:13",
        "8:26",
        "8:40",
        "8:53",
        "9:01",
        "9:08",
        "9:20",
        "9:34",
        "9:44",
        "9:56",
        "10:06",
        "10:18",
        "10:28",
        "10:38",
        "10:49",
        "10:58",
        "11:08",
        "11:18",
        "11:28",
        "11:38",
        "11:48",
        "11:58",
        "12:08",
        "12:20",
        "12:32",
        "12:44",
        "12:57",
        "13:08",
        "13:20",
        "13:32",
        "13:44",
        "13:56",
        "14:08",
        "14:20",
        "14:33",
        "14:44",
        "14:56",
        "15:08",
        "15:18",
        "15:32",
        "15:44",
        "15:56",
        "16:08",
        "16:20",
        "16:32",
        "16:44",
        "16:56",
        "17:08",
        "17:20",
        "17:30",
        "17:44",
        "17:56",
        "18:08",
        "18:20",
        "18:32",
        "18:44",
        "18:56",
        "19:11",
        "19:28",
        "19:48",
        "20:08",
        "20:28",
        "20:48",
        "21:18",
        "21:53",
        "22:23"
    ],
    "url": "https://www.kanachu.co.jp/dia/diagram/timetable01_js/course:0000802980-5/node:00127046/kt:0/lname:/"
}
