{
    "date": "2020/05/11",
    "name": "名瀬小学校入口",
    "position": "-",
    "system": "東16",
    "destinations": [
        "市営第二住宅入口",
        "名瀬スポーツ公園入口",
        "新戸塚病院前",
        "名瀬ホーム前",
        "ネオポリス公園",
        "公園前商店街入口"
    ],
    "weekday": [
        "19:35",
        "19:50",
        "22:35"
    ],
    "saturday": [
        "19:40",
        "21:14"
    ],
    "holiday": [
        "19:40",
        "21:14"
    ],
    "url": "https://www.kanachu.co.jp/dia/diagram/timetable01_js/course:0000802531-7/node:00126719/kt:0/lname:/"
}
