{
    "date": "2025/07/27",
    "name": "百合が丘坂下",
    "position": "-",
    "system": "二41",
    "destinations": [
        "釜野橋",
        "釜野",
        "二宮駅北口"
    ],
    "weekday": [
        "6:20",
        "6:50",
        "7:21",
        "7:51",
        "18:57",
        "19:37",
        "20:57"
    ],
    "saturday": [
        "6:38",
        "7:18",
        "7:58",
        "8:38",
        "10:59",
        "13:59",
        "16:59",
        "18:39",
        "19:15",
        "20:37"
    ],
    "holiday": [
        "6:38",
        "7:18",
        "7:58",
        "8:38",
        "10:59",
        "13:59",
        "16:59",
        "18:39",
        "19:15",
        "20:37"
    ],
    "url": "https://www.kanachu.co.jp/dia/diagram/timetable01_js/course:0000802556-6/node:00128031/kt:0/lname:/"
}
