{
    "date": "2025/07/27",
    "name": "釜野橋",
    "position": "-",
    "system": "二41",
    "destinations": [
        "釜野",
        "二宮駅北口"
    ],
    "weekday": [
        "6:21",
        "6:51",
        "7:22",
        "7:52",
        "18:58",
        "19:38",
        "20:58"
    ],
    "saturday": [
        "6:39",
        "7:19",
        "7:59",
        "8:39",
        "11:00",
        "14:00",
        "17:00",
        "18:40",
        "19:16",
        "20:38"
    ],
    "holiday": [
        "6:39",
        "7:19",
        "7:59",
        "8:39",
        "11:00",
        "14:00",
        "17:00",
        "18:40",
        "19:16",
        "20:38"
    ],
    "url": "https://www.kanachu.co.jp/dia/diagram/timetable01_js/course:0000802556-7/node:00128030/kt:0/lname:/"
}
