{
    "date": "2025/08/30",
    "name": "東蒔田町",
    "position": "-",
    "system": "",
    "destinations": [
        "堀の内町",
        "榎町二丁目",
        "蒔田駅前",
        "蒔田中学校前(横浜市南区)",
        "井土ヶ谷下町",
        "南センター(横浜市南区)",
        "井土ヶ谷"
    ],
    "weekday": [
        "19:01",
        "19:25",
        "20:14",
        "20:38",
        "21:02",
        "21:59",
        "22:27"
    ],
    "saturday": [
        "18:13",
        "18:43",
        "19:13",
        "19:43",
        "20:14",
        "20:40",
        "21:02",
        "21:35",
        "22:20"
    ],
    "holiday": [
        "18:13",
        "18:43",
        "19:13",
        "19:43",
        "20:14",
        "20:40",
        "21:02",
        "21:35",
        "22:20"
    ],
    "url": "https://www.kanachu.co.jp/dia/diagram/timetable01_js/course:0000803842-24/node:00126748/kt:0/lname:/"
}
