{
    "date": "2018/06/25",
    "name": "藤沢小学校前",
    "position": "-",
    "system": "藤08",
    "destinations": [
        "遊行寺前",
        "藤沢公民館前",
        "本町消防出張所前",
        "藤沢市民病院",
        "白旗交差点",
        "台町(藤沢市)",
        "湘南高校前",
        "一中入口(藤沢市)",
        "引地橋",
        "メルシャン前",
        "羽鳥(藤沢市)",
        "辻堂入口",
        "四ツ谷(藤沢市)",
        "二ツ谷",
        "東小和田",
        "小和田(茅ケ崎市)",
        "西小和田",
        "菱沼",
        "松林中学校前",
        "茅ヶ崎高校前",
        "本村(茅ケ崎市)",
        "茅ヶ崎駅"
    ],
    "weekday": [
        "9:28",
        "10:56",
        "12:56"
    ],
    "saturday": [],
    "holiday": [],
    "url": "https://www.kanachu.co.jp/dia/diagram/timetable01_js/course:0000801235-5/node:00126974/kt:0/lname:/"
}
