{
    "date": "2018/06/25",
    "name": "白旗交差点",
    "position": "-",
    "system": "藤08",
    "destinations": [
        "台町(藤沢市)",
        "湘南高校前",
        "一中入口(藤沢市)",
        "引地橋",
        "メルシャン前",
        "羽鳥(藤沢市)",
        "辻堂入口",
        "四ツ谷(藤沢市)",
        "二ツ谷",
        "東小和田",
        "小和田(茅ケ崎市)",
        "西小和田",
        "菱沼",
        "松林中学校前",
        "茅ヶ崎高校前",
        "本村(茅ケ崎市)",
        "茅ヶ崎駅"
    ],
    "weekday": [
        "9:37",
        "11:05",
        "13:05"
    ],
    "saturday": [],
    "holiday": [],
    "url": "https://www.kanachu.co.jp/dia/diagram/timetable01_js/course:0000801235-10/node:00127012/kt:0/lname:/"
}
