{
    "date": "2026/01/16",
    "name": "上横町",
    "position": "-",
    "system": "町61",
    "destinations": [
        "木曽入口",
        "山崎団地入口",
        "山崎団地センター",
        "給水塔前(山崎団地/町田市)",
        "今井谷戸",
        "藤の台団地",
        "藤の台東",
        "遊歩公園",
        "入谷戸(やくし台/町田市)",
        "やくし台二丁目",
        "やくし台三丁目",
        "やくし台センター",
        "薬師ヶ丘",
        "野津田神社入口",
        "袋橋",
        "田中入口",
        "野津田車庫"
    ],
    "weekday": [
        "24:26"
    ],
    "saturday": [],
    "holiday": [],
    "url": "https://www.kanachu.co.jp/dia/diagram/timetable01_js/course:0000804224-11/node:00129385/kt:0/lname:/"
}
