{
    "date": "2025/04/19",
    "name": "相模原五丁目",
    "position": "-",
    "system": "相27",
    "destinations": [
        "西門前(相模原市中央区)",
        "グリーンプラザ(相模原市中央区)",
        "市役所前(相模原市中央区)",
        "ウェルネスさがみはら前",
        "職業安定所前(相模原市中央区)",
        "千代田一丁目",
        "千代田十字路",
        "千代田五丁目",
        "光が丘一丁目(相模原市中央区)",
        "光が丘小学校前",
        "光が丘大通り",
        "光が丘三丁目(相模原市中央区)",
        "緑が丘一丁目(相模原市中央区)",
        "陽光台六丁目",
        "相模原浄水場",
        "麻溝車庫",
        "友愛病院前",
        "北里大学病院・北里大学",
        "友愛病院前",
        "友愛病院入口",
        "県立相模原公園入口",
        "総合体育館前(相模原市南区)",
        "麻溝台公園前",
        "若草小学校前(相模原市南区)",
        "若草公園前",
        "団地北(相模原市南区)",
        "相武台団地",
        "北相武台",
        "県営住宅入口(座間市)",
        "相武台前駅"
    ],
    "weekday": [
        "5:56",
        "6:26",
        "7:16",
        "8:31",
        "10:39",
        "12:39",
        "14:39",
        "15:34",
        "16:34",
        "17:34",
        "18:34",
        "19:34"
    ],
    "saturday": [
        "7:20",
        "8:18",
        "9:18",
        "10:11",
        "11:11",
        "12:11",
        "13:11",
        "14:11",
        "15:11",
        "16:11",
        "17:11",
        "18:11"
    ],
    "holiday": [
        "7:21",
        "8:21",
        "9:21",
        "10:21",
        "11:11",
        "12:11",
        "13:11",
        "14:11",
        "15:11",
        "16:11",
        "17:11"
    ],
    "url": "https://www.kanachu.co.jp/dia/diagram/timetable01_js/course:0000803532-3/node:00128540/kt:0/lname:/"
}
