{
    "date": "2025/04/19",
    "name": "市役所前(相模原市中央区)",
    "position": "-",
    "system": "相27",
    "destinations": [
        "ウェルネスさがみはら前",
        "職業安定所前(相模原市中央区)",
        "千代田一丁目",
        "千代田十字路",
        "千代田五丁目",
        "光が丘一丁目(相模原市中央区)",
        "光が丘小学校前",
        "光が丘大通り",
        "光が丘三丁目(相模原市中央区)",
        "緑が丘一丁目(相模原市中央区)",
        "陽光台六丁目",
        "相模原浄水場",
        "麻溝車庫",
        "友愛病院前",
        "北里大学病院・北里大学",
        "友愛病院前",
        "友愛病院入口",
        "県立相模原公園入口",
        "総合体育館前(相模原市南区)",
        "麻溝台公園前",
        "若草小学校前(相模原市南区)",
        "若草公園前",
        "団地北(相模原市南区)",
        "相武台団地",
        "北相武台",
        "県営住宅入口(座間市)",
        "相武台前駅"
    ],
    "weekday": [
        "6:00",
        "6:31",
        "7:21",
        "8:36",
        "10:44",
        "12:44",
        "14:44",
        "15:39",
        "16:39",
        "17:39",
        "18:39",
        "19:38"
    ],
    "saturday": [
        "7:24",
        "8:23",
        "9:23",
        "10:15",
        "11:15",
        "12:15",
        "13:15",
        "14:15",
        "15:15",
        "16:15",
        "17:15",
        "18:15"
    ],
    "holiday": [
        "7:25",
        "8:25",
        "9:25",
        "10:25",
        "11:15",
        "12:15",
        "13:15",
        "14:15",
        "15:15",
        "16:15",
        "17:15"
    ],
    "url": "https://www.kanachu.co.jp/dia/diagram/timetable01_js/course:0000803532-6/node:00128537/kt:0/lname:/"
}
