{
    "date": "2025/04/19",
    "name": "千代田十字路",
    "position": "-",
    "system": "相27",
    "destinations": [
        "千代田五丁目",
        "光が丘一丁目(相模原市中央区)",
        "光が丘小学校前",
        "光が丘大通り",
        "光が丘三丁目(相模原市中央区)",
        "緑が丘一丁目(相模原市中央区)",
        "陽光台六丁目",
        "相模原浄水場",
        "麻溝車庫",
        "友愛病院前",
        "北里大学病院・北里大学",
        "友愛病院前",
        "友愛病院入口",
        "県立相模原公園入口",
        "総合体育館前(相模原市南区)",
        "麻溝台公園前",
        "若草小学校前(相模原市南区)",
        "若草公園前",
        "団地北(相模原市南区)",
        "相武台団地",
        "北相武台",
        "県営住宅入口(座間市)",
        "相武台前駅"
    ],
    "weekday": [
        "6:05",
        "6:36",
        "7:26",
        "8:41",
        "10:49",
        "12:49",
        "14:49",
        "15:44",
        "16:44",
        "17:44",
        "18:44",
        "19:42"
    ],
    "saturday": [
        "7:29",
        "8:28",
        "9:28",
        "10:19",
        "11:19",
        "12:19",
        "13:19",
        "14:19",
        "15:19",
        "16:19",
        "17:19",
        "18:19"
    ],
    "holiday": [
        "7:29",
        "8:29",
        "9:29",
        "10:29",
        "11:19",
        "12:19",
        "13:19",
        "14:19",
        "15:19",
        "16:19",
        "17:19"
    ],
    "url": "https://www.kanachu.co.jp/dia/diagram/timetable01_js/course:0000803532-10/node:00128533/kt:0/lname:/"
}
