{
    "date": "2025/04/19",
    "name": "陽光台六丁目",
    "position": "-",
    "system": "相27",
    "destinations": [
        "相模原浄水場",
        "麻溝車庫",
        "友愛病院前",
        "北里大学病院・北里大学",
        "友愛病院前",
        "友愛病院入口",
        "県立相模原公園入口",
        "総合体育館前(相模原市南区)",
        "麻溝台公園前",
        "若草小学校前(相模原市南区)",
        "若草公園前",
        "団地北(相模原市南区)",
        "相武台団地",
        "北相武台",
        "県営住宅入口(座間市)",
        "相武台前駅"
    ],
    "weekday": [
        "6:13",
        "6:44",
        "7:34",
        "8:49",
        "10:57",
        "12:57",
        "14:57",
        "15:52",
        "16:52",
        "17:52",
        "18:52",
        "19:49"
    ],
    "saturday": [
        "7:36",
        "8:35",
        "9:35",
        "10:26",
        "11:26",
        "12:26",
        "13:26",
        "14:26",
        "15:26",
        "16:26",
        "17:26",
        "18:26"
    ],
    "holiday": [
        "7:36",
        "8:36",
        "9:36",
        "10:36",
        "11:26",
        "12:26",
        "13:26",
        "14:26",
        "15:26",
        "16:26",
        "17:26"
    ],
    "url": "https://www.kanachu.co.jp/dia/diagram/timetable01_js/course:0000803532-17/node:00129290/kt:0/lname:/"
}
