{
    "date": "2025/04/19",
    "name": "相模原浄水場",
    "position": "-",
    "system": "相27",
    "destinations": [
        "麻溝車庫",
        "友愛病院前",
        "北里大学病院・北里大学",
        "友愛病院前",
        "友愛病院入口",
        "県立相模原公園入口",
        "総合体育館前(相模原市南区)",
        "麻溝台公園前",
        "若草小学校前(相模原市南区)",
        "若草公園前",
        "団地北(相模原市南区)",
        "相武台団地",
        "北相武台",
        "県営住宅入口(座間市)",
        "相武台前駅"
    ],
    "weekday": [
        "6:15",
        "6:46",
        "7:36",
        "8:51",
        "10:59",
        "12:59",
        "14:59",
        "15:54",
        "16:54",
        "17:54",
        "18:54",
        "19:51"
    ],
    "saturday": [
        "7:38",
        "8:37",
        "9:37",
        "10:28",
        "11:28",
        "12:28",
        "13:28",
        "14:28",
        "15:28",
        "16:28",
        "17:28",
        "18:28"
    ],
    "holiday": [
        "7:38",
        "8:38",
        "9:38",
        "10:38",
        "11:28",
        "12:28",
        "13:28",
        "14:28",
        "15:28",
        "16:28",
        "17:28"
    ],
    "url": "https://www.kanachu.co.jp/dia/diagram/timetable01_js/course:0000803532-18/node:00129151/kt:0/lname:/"
}
