{
    "date": "2025/04/19",
    "name": "友愛病院前",
    "position": "-",
    "system": "相27",
    "destinations": [
        "友愛病院入口",
        "県立相模原公園入口",
        "総合体育館前(相模原市南区)",
        "麻溝台公園前",
        "若草小学校前(相模原市南区)",
        "若草公園前",
        "団地北(相模原市南区)",
        "相武台団地",
        "北相武台",
        "県営住宅入口(座間市)",
        "相武台前駅"
    ],
    "weekday": [
        "6:25",
        "6:56",
        "7:46",
        "9:01",
        "11:07",
        "13:07",
        "15:07",
        "16:02",
        "17:02",
        "18:04",
        "19:06",
        "19:57"
    ],
    "saturday": [
        "7:43",
        "8:43",
        "9:43",
        "10:37",
        "11:37",
        "12:37",
        "13:37",
        "14:37",
        "15:37",
        "16:37",
        "17:37",
        "18:37"
    ],
    "holiday": [
        "7:43",
        "8:43",
        "9:43",
        "10:46",
        "11:36",
        "12:36",
        "13:36",
        "14:36",
        "15:36",
        "16:36",
        "17:36"
    ],
    "url": "https://www.kanachu.co.jp/dia/diagram/timetable01_js/course:0000803532-22/node:00129286/kt:0/lname:/"
}
