{
    "date": "2025/04/19",
    "name": "麻溝台公園前",
    "position": "-",
    "system": "相27",
    "destinations": [
        "若草小学校前(相模原市南区)",
        "若草公園前",
        "団地北(相模原市南区)",
        "相武台団地",
        "北相武台",
        "県営住宅入口(座間市)",
        "相武台前駅"
    ],
    "weekday": [
        "6:31",
        "7:02",
        "7:52",
        "9:07",
        "11:13",
        "13:13",
        "15:13",
        "16:08",
        "17:09",
        "18:10",
        "19:12",
        "20:03"
    ],
    "saturday": [
        "7:47",
        "8:47",
        "9:47",
        "10:43",
        "11:43",
        "12:43",
        "13:43",
        "14:43",
        "15:43",
        "16:43",
        "17:43",
        "18:43"
    ],
    "holiday": [
        "7:47",
        "8:47",
        "9:47",
        "10:50",
        "11:40",
        "12:40",
        "13:40",
        "14:40",
        "15:40",
        "16:40",
        "17:40"
    ],
    "url": "https://www.kanachu.co.jp/dia/diagram/timetable01_js/course:0000803532-26/node:00129065/kt:0/lname:/"
}
