{
    "date": "2025/04/19",
    "name": "若草小学校前(相模原市南区)",
    "position": "-",
    "system": "相27",
    "destinations": [
        "若草公園前",
        "団地北(相模原市南区)",
        "相武台団地",
        "北相武台",
        "県営住宅入口(座間市)",
        "相武台前駅"
    ],
    "weekday": [
        "6:32",
        "7:03",
        "7:53",
        "9:08",
        "11:14",
        "13:14",
        "15:14",
        "16:09",
        "17:10",
        "18:11",
        "19:13",
        "20:04"
    ],
    "saturday": [
        "7:48",
        "8:48",
        "9:48",
        "10:44",
        "11:44",
        "12:44",
        "13:44",
        "14:44",
        "15:44",
        "16:44",
        "17:44",
        "18:44"
    ],
    "holiday": [
        "7:48",
        "8:48",
        "9:48",
        "10:51",
        "11:41",
        "12:41",
        "13:41",
        "14:41",
        "15:41",
        "16:41",
        "17:41"
    ],
    "url": "https://www.kanachu.co.jp/dia/diagram/timetable01_js/course:0000803532-27/node:00129299/kt:0/lname:/"
}
