{
    "date": "2025/04/19",
    "name": "団地北(相模原市南区)",
    "position": "-",
    "system": "相27",
    "destinations": [
        "相武台団地",
        "北相武台",
        "県営住宅入口(座間市)",
        "相武台前駅"
    ],
    "weekday": [
        "6:35",
        "7:06",
        "7:56",
        "9:11",
        "11:17",
        "13:17",
        "15:17",
        "16:12",
        "17:13",
        "18:14",
        "19:15",
        "20:06"
    ],
    "saturday": [
        "7:50",
        "8:50",
        "9:50",
        "10:47",
        "11:47",
        "12:47",
        "13:47",
        "14:47",
        "15:47",
        "16:47",
        "17:47",
        "18:47"
    ],
    "holiday": [
        "7:50",
        "8:50",
        "9:50",
        "10:54",
        "11:44",
        "12:44",
        "13:44",
        "14:44",
        "15:44",
        "16:44",
        "17:44"
    ],
    "url": "https://www.kanachu.co.jp/dia/diagram/timetable01_js/course:0000803532-29/node:00129194/kt:0/lname:/"
}
