{
    "date": "2025/04/19",
    "name": "相武台団地",
    "position": "-",
    "system": "相27",
    "destinations": [
        "北相武台",
        "県営住宅入口(座間市)",
        "相武台前駅"
    ],
    "weekday": [
        "6:37",
        "7:08",
        "7:58",
        "9:13",
        "11:19",
        "13:19",
        "15:19",
        "16:14",
        "17:15",
        "18:16",
        "19:17",
        "20:08"
    ],
    "saturday": [
        "7:52",
        "8:52",
        "9:52",
        "10:49",
        "11:49",
        "12:49",
        "13:49",
        "14:49",
        "15:49",
        "16:49",
        "17:49",
        "18:49"
    ],
    "holiday": [
        "7:52",
        "8:52",
        "9:52",
        "10:56",
        "11:46",
        "12:46",
        "13:46",
        "14:46",
        "15:46",
        "16:46",
        "17:46"
    ],
    "url": "https://www.kanachu.co.jp/dia/diagram/timetable01_js/course:0000803532-30/node:00129180/kt:0/lname:/"
}
