{
    "system": "相27",
    "busstops": [
        {
            "index": "1",
            "id": "00129335",
            "name": "相模原駅南口",
            "lat": "35.580712",
            "lng": "139.371727"
        },
        {
            "index": "2",
            "id": "00128541",
            "name": "相模原三丁目",
            "lat": "35.578863",
            "lng": "139.373152"
        },
        {
            "index": "3",
            "id": "00128540",
            "name": "相模原五丁目",
            "lat": "35.577639",
            "lng": "139.375472"
        },
        {
            "index": "4",
            "id": "00128539",
            "name": "西門前(相模原市中央区)",
            "lat": "35.5768",
            "lng": "139.377076"
        },
        {
            "index": "5",
            "id": "00128538",
            "name": "グリーンプラザ(相模原市中央区)",
            "lat": "35.573995",
            "lng": "139.376352"
        },
        {
            "index": "6",
            "id": "00128537",
            "name": "市役所前(相模原市中央区)",
            "lat": "35.570763",
            "lng": "139.37401"
        },
        {
            "index": "7",
            "id": "00128536",
            "name": "ウェルネスさがみはら前",
            "lat": "35.569682",
            "lng": "139.375475"
        },
        {
            "index": "8",
            "id": "00128535",
            "name": "職業安定所前(相模原市中央区)",
            "lat": "35.568469",
            "lng": "139.377076"
        },
        {
            "index": "9",
            "id": "00128534",
            "name": "千代田一丁目",
            "lat": "35.566385",
            "lng": "139.375732"
        },
        {
            "index": "10",
            "id": "00128533",
            "name": "千代田十字路",
            "lat": "35.562949",
            "lng": "139.37383"
        },
        {
            "index": "11",
            "id": "00129196",
            "name": "千代田五丁目",
            "lat": "35.560616",
            "lng": "139.374377"
        },
        {
            "index": "12",
            "id": "00129232",
            "name": "光が丘一丁目(相模原市中央区)",
            "lat": "35.557786",
            "lng": "139.375051"
        },
        {
            "index": "13",
            "id": "00129122",
            "name": "光が丘小学校前",
            "lat": "35.55469",
            "lng": "139.376067"
        },
        {
            "index": "14",
            "id": "00129234",
            "name": "光が丘大通り",
            "lat": "35.552305",
            "lng": "139.377419"
        },
        {
            "index": "15",
            "id": "00129233",
            "name": "光が丘三丁目(相模原市中央区)",
            "lat": "35.550873",
            "lng": "139.378205"
        },
        {
            "index": "16",
            "id": "00129265",
            "name": "緑が丘一丁目(相模原市中央区)",
            "lat": "35.548807",
            "lng": "139.379367"
        },
        {
            "index": "17",
            "id": "00129290",
            "name": "陽光台六丁目",
            "lat": "35.547067",
            "lng": "139.380337"
        },
        {
            "index": "18",
            "id": "00129151",
            "name": "相模原浄水場",
            "lat": "35.541447",
            "lng": "139.383671"
        },
        {
            "index": "19",
            "id": "00129224",
            "name": "麻溝車庫",
            "lat": "35.538525",
            "lng": "139.387436"
        },
        {
            "index": "20",
            "id": "00129286",
            "name": "友愛病院前",
            "lat": "35.536722",
            "lng": "139.392275"
        },
        {
            "index": "21",
            "id": "00129119",
            "name": "北里大学病院・北里大学",
            "lat": "35.537672",
            "lng": "139.394744"
        },
        {
            "index": "22",
            "id": "00129286",
            "name": "友愛病院前",
            "lat": "35.53658",
            "lng": "139.392111"
        },
        {
            "index": "23",
            "id": "00129287",
            "name": "友愛病院入口",
            "lat": "35.535672",
            "lng": "139.391287"
        },
        {
            "index": "24",
            "id": "00129134",
            "name": "県立相模原公園入口",
            "lat": "35.533156",
            "lng": "139.393232"
        },
        {
            "index": "25",
            "id": "00129178",
            "name": "総合体育館前(相模原市南区)",
            "lat": "35.529327",
            "lng": "139.396024"
        },
        {
            "index": "26",
            "id": "00129065",
            "name": "麻溝台公園前",
            "lat": "35.524473",
            "lng": "139.399586"
        },
        {
            "index": "27",
            "id": "00129299",
            "name": "若草小学校前(相模原市南区)",
            "lat": "35.519986",
            "lng": "139.40291"
        },
        {
            "index": "28",
            "id": "00129300",
            "name": "若草公園前",
            "lat": "35.516847",
            "lng": "139.405208"
        },
        {
            "index": "29",
            "id": "00129194",
            "name": "団地北(相模原市南区)",
            "lat": "35.513531",
            "lng": "139.407789"
        },
        {
            "index": "30",
            "id": "00129180",
            "name": "相武台団地",
            "lat": "35.510633",
            "lng": "139.411289"
        },
        {
            "index": "31",
            "id": "00128596",
            "name": "北相武台",
            "lat": "35.506915",
            "lng": "139.413169"
        },
        {
            "index": "32",
            "id": "00128595",
            "name": "県営住宅入口(座間市)",
            "lat": "35.501732",
            "lng": "139.409811"
        },
        {
            "index": "33",
            "id": "00128551",
            "name": "相武台前駅",
            "lat": "35.498545",
            "lng": "139.407579"
        }
    ],
    "route_url": "https://www.kanachu.co.jp/dia/route/index/cid:0000803532/"
}
