{
    "date": "2025/08/30",
    "name": "南永田",
    "position": "-",
    "system": "井11",
    "destinations": [
        "弘明寺口",
        "六ツ川町",
        "上六ツ川",
        "大池(横浜市南区)",
        "大池通り",
        "南永田入口",
        "南永田中央",
        "南永田団地"
    ],
    "weekday": [
        "6:51",
        "7:31",
        "7:41",
        "7:51",
        "8:01",
        "8:11",
        "8:21",
        "8:31",
        "8:41",
        "8:51",
        "9:01",
        "9:16",
        "9:36",
        "9:56",
        "10:16",
        "10:36",
        "10:56",
        "11:16",
        "11:36",
        "11:56",
        "12:16",
        "12:36",
        "12:56",
        "13:16",
        "13:36",
        "13:56",
        "14:16",
        "14:36",
        "14:56",
        "15:10",
        "15:28",
        "15:45",
        "15:57",
        "16:10",
        "16:22",
        "16:34",
        "16:46",
        "16:56",
        "17:06",
        "17:16",
        "17:26",
        "17:36",
        "17:46",
        "17:56",
        "18:06",
        "18:16",
        "18:26",
        "18:36",
        "18:46",
        "18:56",
        "19:06",
        "19:16",
        "19:31",
        "19:46",
        "20:01",
        "20:16",
        "20:30",
        "20:49",
        "21:13",
        "21:34",
        "21:57",
        "22:41"
    ],
    "saturday": [
        "7:09",
        "7:39",
        "7:55",
        "8:11",
        "8:29",
        "8:45",
        "9:01",
        "9:17",
        "9:33",
        "9:49",
        "10:05",
        "10:21",
        "10:37",
        "10:53",
        "11:09",
        "11:25",
        "11:41",
        "11:57",
        "12:13",
        "12:29",
        "12:45",
        "13:01",
        "13:17",
        "13:35",
        "13:51",
        "14:07",
        "14:24",
        "14:42",
        "15:00",
        "15:16",
        "15:32",
        "15:48",
        "16:04",
        "16:20",
        "16:36",
        "16:52",
        "17:08",
        "17:24",
        "17:40",
        "17:56",
        "18:12",
        "18:28",
        "18:44",
        "19:00",
        "19:16",
        "19:32",
        "19:52",
        "20:16",
        "20:40",
        "21:04",
        "21:28",
        "21:52",
        "22:40"
    ],
    "holiday": [
        "7:17",
        "7:44",
        "8:11",
        "8:29",
        "8:45",
        "9:01",
        "9:17",
        "9:33",
        "9:49",
        "10:05",
        "10:21",
        "10:37",
        "10:53",
        "11:09",
        "11:25",
        "11:41",
        "11:57",
        "12:13",
        "12:29",
        "12:45",
        "13:01",
        "13:17",
        "13:35",
        "13:51",
        "14:07",
        "14:24",
        "14:42",
        "15:00",
        "15:16",
        "15:32",
        "15:48",
        "16:04",
        "16:20",
        "16:36",
        "16:52",
        "17:08",
        "17:24",
        "17:40",
        "17:56",
        "18:12",
        "18:28",
        "18:44",
        "19:00",
        "19:16",
        "19:32",
        "19:52",
        "20:16",
        "20:40",
        "21:04",
        "21:52",
        "22:40"
    ],
    "url": "https://www.kanachu.co.jp/dia/diagram/timetable01_js/course:0000802984-4/node:00126629/kt:0/lname:/"
}
