{
    "date": "2025/08/30",
    "name": "大池通り",
    "position": "-",
    "system": "井11",
    "destinations": [
        "南永田入口",
        "南永田中央",
        "南永田団地"
    ],
    "weekday": [
        "6:58",
        "7:39",
        "7:49",
        "7:59",
        "8:09",
        "8:19",
        "8:29",
        "8:39",
        "8:49",
        "8:59",
        "9:09",
        "9:24",
        "9:44",
        "10:04",
        "10:24",
        "10:44",
        "11:04",
        "11:24",
        "11:44",
        "12:04",
        "12:24",
        "12:44",
        "13:04",
        "13:24",
        "13:44",
        "14:04",
        "14:24",
        "14:44",
        "15:04",
        "15:18",
        "15:36",
        "15:53",
        "16:05",
        "16:18",
        "16:30",
        "16:42",
        "16:54",
        "17:04",
        "17:14",
        "17:24",
        "17:34",
        "17:44",
        "17:54",
        "18:04",
        "18:14",
        "18:24",
        "18:34",
        "18:44",
        "18:54",
        "19:03",
        "19:13",
        "19:23",
        "19:38",
        "19:53",
        "20:08",
        "20:23",
        "20:37",
        "20:56",
        "21:20",
        "21:41",
        "22:04",
        "22:48"
    ],
    "saturday": [
        "7:16",
        "7:46",
        "8:02",
        "8:18",
        "8:36",
        "8:52",
        "9:08",
        "9:24",
        "9:40",
        "9:56",
        "10:12",
        "10:28",
        "10:44",
        "11:00",
        "11:16",
        "11:32",
        "11:48",
        "12:04",
        "12:20",
        "12:36",
        "12:52",
        "13:08",
        "13:24",
        "13:42",
        "13:58",
        "14:14",
        "14:31",
        "14:49",
        "15:07",
        "15:23",
        "15:39",
        "15:55",
        "16:11",
        "16:27",
        "16:43",
        "16:59",
        "17:15",
        "17:31",
        "17:47",
        "18:03",
        "18:19",
        "18:35",
        "18:51",
        "19:07",
        "19:23",
        "19:39",
        "19:59",
        "20:23",
        "20:47",
        "21:11",
        "21:35",
        "21:59",
        "22:47"
    ],
    "holiday": [
        "7:24",
        "7:51",
        "8:18",
        "8:36",
        "8:52",
        "9:08",
        "9:24",
        "9:40",
        "9:56",
        "10:12",
        "10:28",
        "10:44",
        "11:00",
        "11:16",
        "11:32",
        "11:48",
        "12:04",
        "12:20",
        "12:36",
        "12:52",
        "13:08",
        "13:24",
        "13:42",
        "13:58",
        "14:14",
        "14:31",
        "14:49",
        "15:07",
        "15:23",
        "15:39",
        "15:55",
        "16:11",
        "16:27",
        "16:43",
        "16:59",
        "17:15",
        "17:31",
        "17:47",
        "18:03",
        "18:19",
        "18:35",
        "18:51",
        "19:07",
        "19:23",
        "19:39",
        "19:59",
        "20:23",
        "20:47",
        "21:11",
        "21:59",
        "22:47"
    ],
    "url": "https://www.kanachu.co.jp/dia/diagram/timetable01_js/course:0000802984-9/node:00126636/kt:0/lname:/"
}
