{
    "date": "2025/08/30",
    "name": "南永田入口",
    "position": "-",
    "system": "井11",
    "destinations": [
        "南永田中央",
        "南永田団地"
    ],
    "weekday": [
        "6:59",
        "7:40",
        "7:50",
        "8:00",
        "8:10",
        "8:20",
        "8:30",
        "8:40",
        "8:50",
        "9:00",
        "9:10",
        "9:25",
        "9:45",
        "10:05",
        "10:25",
        "10:45",
        "11:05",
        "11:25",
        "11:45",
        "12:05",
        "12:25",
        "12:45",
        "13:05",
        "13:25",
        "13:45",
        "14:05",
        "14:25",
        "14:45",
        "15:05",
        "15:19",
        "15:37",
        "15:54",
        "16:06",
        "16:19",
        "16:31",
        "16:43",
        "16:55",
        "17:05",
        "17:15",
        "17:25",
        "17:35",
        "17:45",
        "17:55",
        "18:05",
        "18:15",
        "18:25",
        "18:35",
        "18:45",
        "18:55",
        "19:04",
        "19:14",
        "19:24",
        "19:39",
        "19:54",
        "20:09",
        "20:24",
        "20:38",
        "20:57",
        "21:21",
        "21:42",
        "22:05",
        "22:49"
    ],
    "saturday": [
        "7:17",
        "7:47",
        "8:03",
        "8:19",
        "8:37",
        "8:53",
        "9:09",
        "9:25",
        "9:41",
        "9:57",
        "10:13",
        "10:29",
        "10:45",
        "11:01",
        "11:17",
        "11:33",
        "11:49",
        "12:05",
        "12:21",
        "12:37",
        "12:53",
        "13:09",
        "13:25",
        "13:43",
        "13:59",
        "14:15",
        "14:32",
        "14:50",
        "15:08",
        "15:24",
        "15:40",
        "15:56",
        "16:12",
        "16:28",
        "16:44",
        "17:00",
        "17:16",
        "17:32",
        "17:48",
        "18:04",
        "18:20",
        "18:36",
        "18:52",
        "19:08",
        "19:24",
        "19:40",
        "20:00",
        "20:24",
        "20:48",
        "21:12",
        "21:36",
        "22:00",
        "22:48"
    ],
    "holiday": [
        "7:25",
        "7:52",
        "8:19",
        "8:37",
        "8:53",
        "9:09",
        "9:25",
        "9:41",
        "9:57",
        "10:13",
        "10:29",
        "10:45",
        "11:01",
        "11:17",
        "11:33",
        "11:49",
        "12:05",
        "12:21",
        "12:37",
        "12:53",
        "13:09",
        "13:25",
        "13:43",
        "13:59",
        "14:15",
        "14:32",
        "14:50",
        "15:08",
        "15:24",
        "15:40",
        "15:56",
        "16:12",
        "16:28",
        "16:44",
        "17:00",
        "17:16",
        "17:32",
        "17:48",
        "18:04",
        "18:20",
        "18:36",
        "18:52",
        "19:08",
        "19:24",
        "19:40",
        "20:00",
        "20:24",
        "20:48",
        "21:12",
        "22:00",
        "22:48"
    ],
    "url": "https://www.kanachu.co.jp/dia/diagram/timetable01_js/course:0000802984-10/node:00126637/kt:0/lname:/"
}
