{
    "date": "2025/11/16",
    "name": "下宿(横浜市旭区)",
    "position": "-",
    "system": "",
    "destinations": [
        "都岡町",
        "農協前(横浜市旭区)",
        "筑池",
        "今宿(横浜市旭区)",
        "今宿小学校入口",
        "鶴ヶ峰中学校前",
        "薬王寺入口",
        "鶴ヶ峰本町",
        "鶴ヶ峰駅",
        "白根町",
        "白根不動入口",
        "下白根橋",
        "西谷(横浜市旭区)",
        "西谷駅前",
        "梅の木(横浜市保土ケ谷区)",
        "西谷妙福寺前",
        "川島町(横浜市保土ケ谷区)",
        "杉山神社前(横浜市保土ケ谷区)",
        "上星川",
        "保土ヶ谷中学校前",
        "和田町(横浜市保土ケ谷区)",
        "常盤園下",
        "峰岡町",
        "峯小学校前",
        "宮田町(横浜市保土ケ谷区)",
        "洪福寺",
        "浅間町車庫前",
        "浅岡橋",
        "浅間下(横浜市西区)",
        "楠町",
        "鶴屋町三丁目",
        "横浜駅西口"
    ],
    "weekday": [
        "6:07",
        "6:30",
        "7:34",
        "8:34",
        "9:34",
        "10:41",
        "11:41",
        "12:41",
        "13:41",
        "14:41",
        "15:41",
        "16:41",
        "17:42",
        "18:42",
        "19:41",
        "20:51",
        "22:07"
    ],
    "saturday": [
        "5:44",
        "6:20",
        "7:18",
        "7:54",
        "8:31",
        "9:31",
        "10:33",
        "11:31",
        "12:31",
        "13:31",
        "14:31",
        "15:31",
        "16:31",
        "17:31",
        "18:31",
        "19:31",
        "20:08"
    ],
    "holiday": [
        "6:07",
        "7:04",
        "7:52",
        "8:25",
        "9:31",
        "10:31",
        "11:31",
        "12:31",
        "13:31",
        "14:31",
        "15:33",
        "16:31",
        "17:31",
        "18:31",
        "19:36",
        "20:06"
    ],
    "url": "https://www.kanachu.co.jp/dia/diagram/timetable01_js/course:0000802206-13/node:00129712/kt:0/lname:/"
}
