{
    "date": "2025/11/16",
    "name": "西谷(横浜市旭区)",
    "position": "-",
    "system": "",
    "destinations": [
        "西谷駅前",
        "梅の木(横浜市保土ケ谷区)",
        "西谷妙福寺前",
        "川島町(横浜市保土ケ谷区)",
        "杉山神社前(横浜市保土ケ谷区)",
        "上星川",
        "保土ヶ谷中学校前",
        "和田町(横浜市保土ケ谷区)",
        "常盤園下",
        "峰岡町",
        "峯小学校前",
        "宮田町(横浜市保土ケ谷区)",
        "洪福寺",
        "浅間町車庫前",
        "浅岡橋",
        "浅間下(横浜市西区)",
        "楠町",
        "鶴屋町三丁目",
        "横浜駅西口"
    ],
    "weekday": [
        "6:27",
        "6:50",
        "8:00",
        "9:00",
        "9:56",
        "11:03",
        "12:03",
        "13:03",
        "14:03",
        "15:03",
        "16:03",
        "17:06",
        "18:07",
        "19:02",
        "20:01",
        "21:08",
        "22:24"
    ],
    "saturday": [
        "6:04",
        "6:40",
        "7:38",
        "8:17",
        "8:54",
        "9:55",
        "10:57",
        "11:55",
        "12:50",
        "13:50",
        "14:50",
        "15:50",
        "16:50",
        "17:50",
        "18:50",
        "19:50",
        "20:25"
    ],
    "holiday": [
        "6:27",
        "7:24",
        "8:15",
        "8:48",
        "9:50",
        "10:50",
        "11:50",
        "12:50",
        "13:50",
        "14:50",
        "15:52",
        "16:50",
        "17:50",
        "18:50",
        "19:55",
        "20:23"
    ],
    "url": "https://www.kanachu.co.jp/dia/diagram/timetable01_js/course:0000802206-26/node:00102884/kt:0/lname:/"
}
