{
    "date": "2025/11/16",
    "name": "洪福寺",
    "position": "-",
    "system": "",
    "destinations": [
        "浅間町車庫前",
        "浅岡橋",
        "浅間下(横浜市西区)",
        "楠町",
        "鶴屋町三丁目",
        "横浜駅西口"
    ],
    "weekday": [
        "6:43",
        "7:06",
        "8:16",
        "9:16",
        "10:12",
        "11:19",
        "12:19",
        "13:19",
        "14:19",
        "15:19",
        "16:19",
        "17:22",
        "18:23",
        "19:18",
        "20:17",
        "21:24",
        "22:40"
    ],
    "saturday": [
        "6:20",
        "6:56",
        "7:54",
        "8:33",
        "9:10",
        "10:11",
        "11:13",
        "12:11",
        "13:06",
        "14:06",
        "15:06",
        "16:06",
        "17:06",
        "18:06",
        "19:06",
        "20:06",
        "20:41"
    ],
    "holiday": [
        "6:43",
        "7:40",
        "8:31",
        "9:04",
        "10:06",
        "11:06",
        "12:06",
        "13:06",
        "14:06",
        "15:06",
        "16:08",
        "17:06",
        "18:06",
        "19:06",
        "20:11",
        "20:39"
    ],
    "url": "https://www.kanachu.co.jp/dia/diagram/timetable01_js/course:0000802206-39/node:00102504/kt:0/lname:/"
}
