{
    "date": "2025/07/12",
    "name": "玉縄行政センター入口",
    "position": "-",
    "system": "船10",
    "destinations": [
        "児童公園前(鎌倉市)",
        "大船駅西口"
    ],
    "weekday": [
        "9:06",
        "9:26",
        "10:06",
        "11:36",
        "12:16",
        "12:56",
        "13:46",
        "14:46",
        "15:34",
        "16:16",
        "16:56",
        "17:36",
        "18:16",
        "18:36",
        "19:01",
        "20:06",
        "20:41",
        "21:15",
        "21:46"
    ],
    "saturday": [
        "9:01",
        "9:41",
        "10:12",
        "10:57",
        "11:37",
        "12:17",
        "12:57",
        "13:37",
        "14:17",
        "14:57",
        "15:37",
        "16:57",
        "17:37",
        "18:17",
        "18:58",
        "19:42"
    ],
    "holiday": [
        "9:01",
        "9:41",
        "10:12",
        "10:57",
        "11:37",
        "12:17",
        "12:57",
        "13:37",
        "14:17",
        "14:57",
        "15:37",
        "16:57",
        "17:37",
        "18:17",
        "18:58",
        "19:42"
    ],
    "url": "https://www.kanachu.co.jp/dia/diagram/timetable01_js/course:0000801427-15/node:00127116/kt:0/lname:/"
}
