{
    "date": "2024/07/01",
    "name": "ドリームハイツ",
    "position": "-",
    "system": "湘27",
    "destinations": [
        "集会所前(横浜市戸塚区)",
        "俣野公園・横浜薬大前",
        "横浜薬大南門",
        "福泉寺(横浜市戸塚区)",
        "観音堂前(横浜市戸塚区)",
        "西俣野",
        "下屋敷(藤沢市)",
        "亀井野",
        "亀井野三丁目",
        "雲昌寺",
        "六会",
        "今田(藤沢市)",
        "湘南台駅東口"
    ],
    "weekday": [
        "6:26",
        "7:00",
        "7:20",
        "7:40",
        "8:00",
        "8:15",
        "8:40",
        "9:05",
        "9:20",
        "9:40",
        "10:10",
        "10:40",
        "11:15",
        "11:45",
        "12:40",
        "13:40",
        "14:10",
        "14:40",
        "15:20",
        "16:00",
        "17:10",
        "17:30",
        "17:55",
        "18:07",
        "18:36",
        "18:55",
        "19:40",
        "20:07",
        "21:10"
    ],
    "saturday": [
        "6:40",
        "7:10",
        "7:40",
        "8:10",
        "8:40",
        "9:10",
        "9:40",
        "10:10",
        "10:40",
        "11:10",
        "11:40",
        "12:10",
        "12:40",
        "13:40",
        "14:40",
        "15:40",
        "16:15",
        "16:40",
        "17:15",
        "17:40",
        "18:15",
        "18:40",
        "19:15",
        "19:40",
        "20:40"
    ],
    "holiday": [
        "6:40",
        "7:10",
        "7:40",
        "8:10",
        "8:40",
        "9:10",
        "9:40",
        "10:10",
        "10:40",
        "11:10",
        "11:40",
        "12:10",
        "12:40",
        "13:40",
        "14:40",
        "15:40",
        "16:15",
        "16:40",
        "17:15",
        "17:40",
        "18:15",
        "18:40",
        "19:15",
        "19:40",
        "20:40"
    ],
    "url": "https://www.kanachu.co.jp/dia/diagram/timetable01_js/course:0000803543-1/node:00126824/kt:0/lname:/"
}
