{
    "date": "2024/07/01",
    "name": "俣野公園・横浜薬大前",
    "position": "-",
    "system": "湘27",
    "destinations": [
        "横浜薬大南門",
        "福泉寺(横浜市戸塚区)",
        "観音堂前(横浜市戸塚区)",
        "西俣野",
        "下屋敷(藤沢市)",
        "亀井野",
        "亀井野三丁目",
        "雲昌寺",
        "六会",
        "今田(藤沢市)",
        "湘南台駅東口"
    ],
    "weekday": [
        "6:28",
        "7:02",
        "7:22",
        "7:42",
        "8:02",
        "8:17",
        "8:42",
        "9:07",
        "9:22",
        "9:42",
        "10:12",
        "10:42",
        "11:17",
        "11:47",
        "12:42",
        "13:42",
        "14:12",
        "14:42",
        "15:22",
        "16:02",
        "17:12",
        "17:32",
        "17:57",
        "18:09",
        "18:38",
        "18:57",
        "19:42",
        "20:09",
        "21:12"
    ],
    "saturday": [
        "6:42",
        "7:12",
        "7:42",
        "8:12",
        "8:42",
        "9:12",
        "9:42",
        "10:12",
        "10:42",
        "11:12",
        "11:42",
        "12:12",
        "12:42",
        "13:42",
        "14:42",
        "15:42",
        "16:17",
        "16:42",
        "17:17",
        "17:42",
        "18:17",
        "18:42",
        "19:17",
        "19:42",
        "20:42"
    ],
    "holiday": [
        "6:42",
        "7:12",
        "7:42",
        "8:12",
        "8:42",
        "9:12",
        "9:42",
        "10:12",
        "10:42",
        "11:12",
        "11:42",
        "12:12",
        "12:42",
        "13:42",
        "14:42",
        "15:42",
        "16:17",
        "16:42",
        "17:17",
        "17:42",
        "18:17",
        "18:42",
        "19:17",
        "19:42",
        "20:42"
    ],
    "url": "https://www.kanachu.co.jp/dia/diagram/timetable01_js/course:0000803543-3/node:00126822/kt:0/lname:/"
}
