{
    "date": "2024/07/01",
    "name": "西俣野",
    "position": "-",
    "system": "湘27",
    "destinations": [
        "下屋敷(藤沢市)",
        "亀井野",
        "亀井野三丁目",
        "雲昌寺",
        "六会",
        "今田(藤沢市)",
        "湘南台駅東口"
    ],
    "weekday": [
        "6:32",
        "7:06",
        "7:26",
        "7:46",
        "8:06",
        "8:21",
        "8:46",
        "9:11",
        "9:26",
        "9:46",
        "10:16",
        "10:46",
        "11:21",
        "11:51",
        "12:46",
        "13:46",
        "14:16",
        "14:46",
        "15:26",
        "16:06",
        "17:16",
        "17:36",
        "18:01",
        "18:13",
        "18:42",
        "19:01",
        "19:46",
        "20:13",
        "21:16"
    ],
    "saturday": [
        "6:46",
        "7:16",
        "7:46",
        "8:16",
        "8:46",
        "9:16",
        "9:46",
        "10:16",
        "10:46",
        "11:16",
        "11:46",
        "12:16",
        "12:46",
        "13:46",
        "14:46",
        "15:46",
        "16:21",
        "16:46",
        "17:21",
        "17:46",
        "18:21",
        "18:46",
        "19:21",
        "19:46",
        "20:46"
    ],
    "holiday": [
        "6:46",
        "7:16",
        "7:46",
        "8:16",
        "8:46",
        "9:16",
        "9:46",
        "10:16",
        "10:46",
        "11:16",
        "11:46",
        "12:16",
        "12:46",
        "13:46",
        "14:46",
        "15:46",
        "16:21",
        "16:46",
        "17:21",
        "17:46",
        "18:21",
        "18:46",
        "19:21",
        "19:46",
        "20:46"
    ],
    "url": "https://www.kanachu.co.jp/dia/diagram/timetable01_js/course:0000803543-7/node:00129890/kt:0/lname:/"
}
