{
    "date": "2024/07/01",
    "name": "雲昌寺",
    "position": "-",
    "system": "湘27",
    "destinations": [
        "六会",
        "今田(藤沢市)",
        "湘南台駅東口"
    ],
    "weekday": [
        "6:37",
        "7:11",
        "7:31",
        "7:51",
        "8:11",
        "8:26",
        "8:51",
        "9:16",
        "9:31",
        "9:51",
        "10:21",
        "10:51",
        "11:26",
        "11:56",
        "12:51",
        "13:51",
        "14:21",
        "14:51",
        "15:31",
        "16:11",
        "17:21",
        "17:41",
        "18:06",
        "18:18",
        "18:47",
        "19:06",
        "19:51",
        "20:18",
        "21:21"
    ],
    "saturday": [
        "6:51",
        "7:21",
        "7:51",
        "8:21",
        "8:51",
        "9:21",
        "9:51",
        "10:21",
        "10:51",
        "11:21",
        "11:51",
        "12:21",
        "12:51",
        "13:51",
        "14:51",
        "15:51",
        "16:26",
        "16:51",
        "17:26",
        "17:51",
        "18:26",
        "18:51",
        "19:26",
        "19:51",
        "20:51"
    ],
    "holiday": [
        "6:51",
        "7:21",
        "7:51",
        "8:21",
        "8:51",
        "9:21",
        "9:51",
        "10:21",
        "10:51",
        "11:21",
        "11:51",
        "12:21",
        "12:51",
        "13:51",
        "14:51",
        "15:51",
        "16:26",
        "16:51",
        "17:26",
        "17:51",
        "18:26",
        "18:51",
        "19:26",
        "19:51",
        "20:51"
    ],
    "url": "https://www.kanachu.co.jp/dia/diagram/timetable01_js/course:0000803543-11/node:00129884/kt:0/lname:/"
}
