{
    "date": "2024/07/01",
    "name": "六会",
    "position": "-",
    "system": "湘27",
    "destinations": [
        "今田(藤沢市)",
        "湘南台駅東口"
    ],
    "weekday": [
        "6:38",
        "7:12",
        "7:32",
        "7:52",
        "8:12",
        "8:27",
        "8:52",
        "9:17",
        "9:32",
        "9:52",
        "10:22",
        "10:52",
        "11:27",
        "11:57",
        "12:52",
        "13:52",
        "14:22",
        "14:52",
        "15:32",
        "16:12",
        "17:22",
        "17:42",
        "18:07",
        "18:19",
        "18:48",
        "19:07",
        "19:52",
        "20:19",
        "21:22"
    ],
    "saturday": [
        "6:52",
        "7:22",
        "7:52",
        "8:22",
        "8:52",
        "9:22",
        "9:52",
        "10:22",
        "10:52",
        "11:22",
        "11:52",
        "12:22",
        "12:52",
        "13:52",
        "14:52",
        "15:52",
        "16:27",
        "16:52",
        "17:27",
        "17:52",
        "18:27",
        "18:52",
        "19:27",
        "19:52",
        "20:52"
    ],
    "holiday": [
        "6:52",
        "7:22",
        "7:52",
        "8:22",
        "8:52",
        "9:22",
        "9:52",
        "10:22",
        "10:52",
        "11:22",
        "11:52",
        "12:22",
        "12:52",
        "13:52",
        "14:52",
        "15:52",
        "16:27",
        "16:52",
        "17:27",
        "17:52",
        "18:27",
        "18:52",
        "19:27",
        "19:52",
        "20:52"
    ],
    "url": "https://www.kanachu.co.jp/dia/diagram/timetable01_js/course:0000803543-12/node:00129883/kt:0/lname:/"
}
