{
    "system": "湘27",
    "busstops": [
        {
            "index": "1",
            "id": "00126824",
            "name": "ドリームハイツ",
            "lat": "35.389048",
            "lng": "139.490668"
        },
        {
            "index": "2",
            "id": "00126823",
            "name": "集会所前(横浜市戸塚区)",
            "lat": "35.388132",
            "lng": "139.493551"
        },
        {
            "index": "3",
            "id": "00126822",
            "name": "俣野公園・横浜薬大前",
            "lat": "35.385149",
            "lng": "139.494901"
        },
        {
            "index": "4",
            "id": "00126821",
            "name": "横浜薬大南門",
            "lat": "35.383182",
            "lng": "139.497663"
        },
        {
            "index": "5",
            "id": "00129892",
            "name": "福泉寺(横浜市戸塚区)",
            "lat": "35.380926",
            "lng": "139.49621"
        },
        {
            "index": "6",
            "id": "00129891",
            "name": "観音堂前(横浜市戸塚区)",
            "lat": "35.380873",
            "lng": "139.491165"
        },
        {
            "index": "7",
            "id": "00129890",
            "name": "西俣野",
            "lat": "35.378273",
            "lng": "139.489285"
        },
        {
            "index": "8",
            "id": "00129889",
            "name": "下屋敷(藤沢市)",
            "lat": "35.380095",
            "lng": "139.482058"
        },
        {
            "index": "9",
            "id": "00129888",
            "name": "亀井野",
            "lat": "35.381593",
            "lng": "139.480833"
        },
        {
            "index": "10",
            "id": "00129885",
            "name": "亀井野三丁目",
            "lat": "35.38393",
            "lng": "139.479157"
        },
        {
            "index": "11",
            "id": "00129884",
            "name": "雲昌寺",
            "lat": "35.386029",
            "lng": "139.477264"
        },
        {
            "index": "12",
            "id": "00129883",
            "name": "六会",
            "lat": "35.389178",
            "lng": "139.475544"
        },
        {
            "index": "13",
            "id": "00129882",
            "name": "今田(藤沢市)",
            "lat": "35.393731",
            "lng": "139.472669"
        },
        {
            "index": "14",
            "id": "00126881",
            "name": "湘南台駅東口",
            "lat": "35.396047",
            "lng": "139.467169"
        }
    ],
    "route_url": "https://www.kanachu.co.jp/dia/route/index/cid:0000803543/"
}
