{
    "date": "2025/10/06",
    "name": "中野上町",
    "position": "-",
    "system": "橋01",
    "destinations": [
        "相模中野",
        "仲町自治会館前",
        "日赤病院前(相模原市緑区)",
        "太井",
        "小網",
        "クラブ前(相模原市緑区)",
        "北根小屋",
        "津久井湖観光センター前",
        "城山高校前",
        "都井沢",
        "谷ヶ原",
        "久保沢",
        "城山総合事務所入口",
        "原宿(相模原市緑区)",
        "東原宿",
        "森の上",
        "二本松(相模原市緑区)",
        "相原中央",
        "相原台",
        "大西(相模原市緑区)",
        "上町(相模原市緑区)",
        "香福寺前",
        "旭小学校前(相模原市緑区)",
        "旭農協前",
        "橋本駅北口"
    ],
    "weekday": [
        "5:34",
        "6:04",
        "6:14",
        "6:24",
        "6:50",
        "7:00",
        "7:06",
        "7:22",
        "7:30",
        "7:46",
        "7:56",
        "8:07",
        "8:22",
        "8:37",
        "8:52",
        "9:07",
        "9:22",
        "9:37",
        "9:52",
        "10:07",
        "10:22",
        "10:37",
        "10:52",
        "11:07",
        "11:22",
        "11:37",
        "11:52",
        "12:07",
        "12:22",
        "12:37",
        "12:52",
        "13:07",
        "13:22",
        "13:37",
        "13:52",
        "14:07",
        "14:22",
        "14:37",
        "14:52",
        "15:07",
        "15:22",
        "15:37",
        "15:50",
        "16:02",
        "16:13",
        "16:25",
        "16:37",
        "16:47",
        "16:58",
        "17:10",
        "17:22",
        "17:34",
        "17:48",
        "18:01",
        "18:14",
        "18:27",
        "18:39",
        "18:52",
        "19:04",
        "19:24",
        "19:44",
        "20:04",
        "20:24",
        "20:44",
        "21:04",
        "21:34",
        "22:04"
    ],
    "saturday": [
        "5:24",
        "5:49",
        "6:14",
        "6:34",
        "6:54",
        "7:19",
        "7:34",
        "7:49",
        "8:04",
        "8:19",
        "8:34",
        "8:46",
        "9:01",
        "9:16",
        "9:31",
        "9:46",
        "10:01",
        "10:16",
        "10:31",
        "10:46",
        "11:01",
        "11:16",
        "11:31",
        "11:46",
        "12:01",
        "12:16",
        "12:31",
        "12:41",
        "12:56",
        "13:11",
        "13:26",
        "13:41",
        "13:56",
        "14:11",
        "14:26",
        "14:41",
        "14:56",
        "15:11",
        "15:26",
        "15:41",
        "15:56",
        "16:11",
        "16:26",
        "16:41",
        "16:56",
        "17:11",
        "17:26",
        "17:41",
        "17:56",
        "18:19",
        "18:39",
        "18:54",
        "19:09",
        "19:24",
        "19:44",
        "20:04",
        "20:24",
        "20:44",
        "21:04",
        "21:34",
        "22:04"
    ],
    "holiday": [
        "5:24",
        "5:54",
        "6:24",
        "6:54",
        "7:19",
        "7:34",
        "7:49",
        "8:04",
        "8:19",
        "8:34",
        "8:46",
        "9:01",
        "9:16",
        "9:31",
        "9:46",
        "10:01",
        "10:16",
        "10:31",
        "10:46",
        "11:01",
        "11:16",
        "11:31",
        "11:46",
        "12:01",
        "12:16",
        "12:31",
        "12:41",
        "12:56",
        "13:11",
        "13:26",
        "13:41",
        "13:56",
        "14:11",
        "14:26",
        "14:41",
        "14:56",
        "15:11",
        "15:26",
        "15:41",
        "15:56",
        "16:11",
        "16:26",
        "16:41",
        "16:56",
        "17:11",
        "17:26",
        "17:41",
        "17:56",
        "18:19",
        "18:39",
        "18:54",
        "19:09",
        "19:24",
        "19:44",
        "20:04",
        "20:24",
        "20:44",
        "21:04",
        "21:34"
    ],
    "url": "https://www.kanachu.co.jp/dia/diagram/timetable01_js/course:0000803763-6/node:00128947/kt:0/lname:/"
}
