{
    "date": "2025/10/06",
    "name": "相模中野",
    "position": "-",
    "system": "橋01",
    "destinations": [
        "仲町自治会館前",
        "日赤病院前(相模原市緑区)",
        "太井",
        "小網",
        "クラブ前(相模原市緑区)",
        "北根小屋",
        "津久井湖観光センター前",
        "城山高校前",
        "都井沢",
        "谷ヶ原",
        "久保沢",
        "城山総合事務所入口",
        "原宿(相模原市緑区)",
        "東原宿",
        "森の上",
        "二本松(相模原市緑区)",
        "相原中央",
        "相原台",
        "大西(相模原市緑区)",
        "上町(相模原市緑区)",
        "香福寺前",
        "旭小学校前(相模原市緑区)",
        "旭農協前",
        "橋本駅北口"
    ],
    "weekday": [
        "5:35",
        "6:05",
        "6:15",
        "6:25",
        "6:51",
        "7:01",
        "7:07",
        "7:23",
        "7:31",
        "7:47",
        "7:57",
        "8:08",
        "8:23",
        "8:38",
        "8:53",
        "9:08",
        "9:23",
        "9:38",
        "9:53",
        "10:08",
        "10:23",
        "10:38",
        "10:53",
        "11:08",
        "11:23",
        "11:38",
        "11:53",
        "12:08",
        "12:23",
        "12:38",
        "12:53",
        "13:08",
        "13:23",
        "13:38",
        "13:53",
        "14:08",
        "14:23",
        "14:38",
        "14:53",
        "15:08",
        "15:23",
        "15:38",
        "15:51",
        "16:03",
        "16:14",
        "16:26",
        "16:38",
        "16:48",
        "16:59",
        "17:11",
        "17:23",
        "17:35",
        "17:49",
        "18:02",
        "18:15",
        "18:28",
        "18:40",
        "18:53",
        "19:05",
        "19:25",
        "19:45",
        "20:05",
        "20:25",
        "20:45",
        "21:05",
        "21:35",
        "22:05"
    ],
    "saturday": [
        "5:25",
        "5:50",
        "6:15",
        "6:35",
        "6:55",
        "7:20",
        "7:35",
        "7:50",
        "8:05",
        "8:20",
        "8:35",
        "8:47",
        "9:02",
        "9:17",
        "9:32",
        "9:47",
        "10:02",
        "10:17",
        "10:32",
        "10:47",
        "11:02",
        "11:17",
        "11:32",
        "11:47",
        "12:02",
        "12:17",
        "12:32",
        "12:42",
        "12:57",
        "13:12",
        "13:27",
        "13:42",
        "13:57",
        "14:12",
        "14:27",
        "14:42",
        "14:57",
        "15:12",
        "15:27",
        "15:42",
        "15:57",
        "16:12",
        "16:27",
        "16:42",
        "16:57",
        "17:12",
        "17:27",
        "17:42",
        "17:57",
        "18:20",
        "18:40",
        "18:55",
        "19:10",
        "19:25",
        "19:45",
        "20:05",
        "20:25",
        "20:45",
        "21:05",
        "21:35",
        "22:05"
    ],
    "holiday": [
        "5:25",
        "5:55",
        "6:25",
        "6:55",
        "7:20",
        "7:35",
        "7:50",
        "8:05",
        "8:20",
        "8:35",
        "8:47",
        "9:02",
        "9:17",
        "9:32",
        "9:47",
        "10:02",
        "10:17",
        "10:32",
        "10:47",
        "11:02",
        "11:17",
        "11:32",
        "11:47",
        "12:02",
        "12:17",
        "12:32",
        "12:42",
        "12:57",
        "13:12",
        "13:27",
        "13:42",
        "13:57",
        "14:12",
        "14:27",
        "14:42",
        "14:57",
        "15:12",
        "15:27",
        "15:42",
        "15:57",
        "16:12",
        "16:27",
        "16:42",
        "16:57",
        "17:12",
        "17:27",
        "17:42",
        "17:57",
        "18:20",
        "18:40",
        "18:55",
        "19:10",
        "19:25",
        "19:45",
        "20:05",
        "20:25",
        "20:45",
        "21:05",
        "21:35"
    ],
    "url": "https://www.kanachu.co.jp/dia/diagram/timetable01_js/course:0000803763-7/node:00128948/kt:0/lname:/"
}
