{
    "date": "2025/10/06",
    "name": "津久井湖観光センター前",
    "position": "-",
    "system": "橋01",
    "destinations": [
        "城山高校前",
        "都井沢",
        "谷ヶ原",
        "久保沢",
        "城山総合事務所入口",
        "原宿(相模原市緑区)",
        "東原宿",
        "森の上",
        "二本松(相模原市緑区)",
        "相原中央",
        "相原台",
        "大西(相模原市緑区)",
        "上町(相模原市緑区)",
        "香福寺前",
        "旭小学校前(相模原市緑区)",
        "旭農協前",
        "橋本駅北口"
    ],
    "weekday": [
        "5:41",
        "6:11",
        "6:21",
        "6:31",
        "6:57",
        "7:07",
        "7:13",
        "7:29",
        "7:37",
        "7:53",
        "8:03",
        "8:14",
        "8:29",
        "8:44",
        "8:59",
        "9:14",
        "9:29",
        "9:44",
        "9:59",
        "10:14",
        "10:29",
        "10:44",
        "10:59",
        "11:14",
        "11:29",
        "11:44",
        "11:59",
        "12:14",
        "12:29",
        "12:44",
        "12:59",
        "13:14",
        "13:29",
        "13:44",
        "13:59",
        "14:14",
        "14:29",
        "14:44",
        "14:59",
        "15:14",
        "15:29",
        "15:44",
        "15:57",
        "16:09",
        "16:20",
        "16:32",
        "16:44",
        "16:54",
        "17:05",
        "17:17",
        "17:29",
        "17:41",
        "17:55",
        "18:08",
        "18:21",
        "18:34",
        "18:46",
        "18:59",
        "19:11",
        "19:31",
        "19:51",
        "20:11",
        "20:31",
        "20:51",
        "21:11",
        "21:41",
        "22:11"
    ],
    "saturday": [
        "5:31",
        "5:56",
        "6:21",
        "6:41",
        "7:01",
        "7:26",
        "7:41",
        "7:56",
        "8:11",
        "8:26",
        "8:41",
        "8:53",
        "9:08",
        "9:23",
        "9:38",
        "9:53",
        "10:08",
        "10:23",
        "10:38",
        "10:53",
        "11:08",
        "11:23",
        "11:38",
        "11:53",
        "12:08",
        "12:23",
        "12:38",
        "12:48",
        "13:03",
        "13:18",
        "13:33",
        "13:48",
        "14:03",
        "14:18",
        "14:33",
        "14:48",
        "15:03",
        "15:18",
        "15:33",
        "15:48",
        "16:03",
        "16:18",
        "16:33",
        "16:48",
        "17:03",
        "17:18",
        "17:33",
        "17:48",
        "18:03",
        "18:26",
        "18:46",
        "19:01",
        "19:16",
        "19:31",
        "19:51",
        "20:11",
        "20:31",
        "20:51",
        "21:11",
        "21:41",
        "22:11"
    ],
    "holiday": [
        "5:31",
        "6:01",
        "6:31",
        "7:01",
        "7:26",
        "7:41",
        "7:56",
        "8:11",
        "8:26",
        "8:41",
        "8:53",
        "9:08",
        "9:23",
        "9:38",
        "9:53",
        "10:08",
        "10:23",
        "10:38",
        "10:53",
        "11:08",
        "11:23",
        "11:38",
        "11:53",
        "12:08",
        "12:23",
        "12:38",
        "12:48",
        "13:03",
        "13:18",
        "13:33",
        "13:48",
        "14:03",
        "14:18",
        "14:33",
        "14:48",
        "15:03",
        "15:18",
        "15:33",
        "15:48",
        "16:03",
        "16:18",
        "16:33",
        "16:48",
        "17:03",
        "17:18",
        "17:33",
        "17:48",
        "18:03",
        "18:26",
        "18:46",
        "19:01",
        "19:16",
        "19:31",
        "19:51",
        "20:11",
        "20:31",
        "20:51",
        "21:11",
        "21:41"
    ],
    "url": "https://www.kanachu.co.jp/dia/diagram/timetable01_js/course:0000803763-14/node:00128955/kt:0/lname:/"
}
