{
    "date": "2025/10/06",
    "name": "城山総合事務所入口",
    "position": "-",
    "system": "橋01",
    "destinations": [
        "原宿(相模原市緑区)",
        "東原宿",
        "森の上",
        "二本松(相模原市緑区)",
        "相原中央",
        "相原台",
        "大西(相模原市緑区)",
        "上町(相模原市緑区)",
        "香福寺前",
        "旭小学校前(相模原市緑区)",
        "旭農協前",
        "橋本駅北口"
    ],
    "weekday": [
        "5:47",
        "6:17",
        "6:27",
        "6:37",
        "7:05",
        "7:15",
        "7:21",
        "7:37",
        "7:45",
        "8:01",
        "8:11",
        "8:22",
        "8:37",
        "8:52",
        "9:07",
        "9:22",
        "9:37",
        "9:52",
        "10:07",
        "10:22",
        "10:37",
        "10:52",
        "11:07",
        "11:22",
        "11:37",
        "11:52",
        "12:07",
        "12:22",
        "12:37",
        "12:52",
        "13:07",
        "13:22",
        "13:37",
        "13:52",
        "14:07",
        "14:22",
        "14:37",
        "14:52",
        "15:07",
        "15:22",
        "15:37",
        "15:52",
        "16:05",
        "16:17",
        "16:28",
        "16:40",
        "16:52",
        "17:02",
        "17:13",
        "17:25",
        "17:37",
        "17:49",
        "18:03",
        "18:16",
        "18:29",
        "18:42",
        "18:54",
        "19:06",
        "19:17",
        "19:37",
        "19:57",
        "20:17",
        "20:37",
        "20:57",
        "21:17",
        "21:47",
        "22:17"
    ],
    "saturday": [
        "5:37",
        "6:02",
        "6:27",
        "6:47",
        "7:07",
        "7:32",
        "7:47",
        "8:02",
        "8:17",
        "8:32",
        "8:47",
        "8:59",
        "9:16",
        "9:31",
        "9:46",
        "10:01",
        "10:16",
        "10:31",
        "10:46",
        "11:01",
        "11:16",
        "11:31",
        "11:46",
        "12:01",
        "12:16",
        "12:31",
        "12:46",
        "12:56",
        "13:11",
        "13:26",
        "13:41",
        "13:56",
        "14:11",
        "14:26",
        "14:41",
        "14:56",
        "15:11",
        "15:26",
        "15:41",
        "15:56",
        "16:11",
        "16:26",
        "16:41",
        "16:56",
        "17:11",
        "17:26",
        "17:41",
        "17:56",
        "18:11",
        "18:34",
        "18:52",
        "19:07",
        "19:22",
        "19:37",
        "19:57",
        "20:17",
        "20:37",
        "20:57",
        "21:17",
        "21:47",
        "22:17"
    ],
    "holiday": [
        "5:37",
        "6:07",
        "6:37",
        "7:07",
        "7:32",
        "7:47",
        "8:02",
        "8:17",
        "8:32",
        "8:47",
        "8:59",
        "9:16",
        "9:31",
        "9:46",
        "10:01",
        "10:16",
        "10:31",
        "10:46",
        "11:01",
        "11:16",
        "11:31",
        "11:46",
        "12:01",
        "12:16",
        "12:31",
        "12:46",
        "12:56",
        "13:11",
        "13:26",
        "13:41",
        "13:56",
        "14:11",
        "14:26",
        "14:41",
        "14:56",
        "15:11",
        "15:26",
        "15:41",
        "15:56",
        "16:11",
        "16:26",
        "16:41",
        "16:56",
        "17:11",
        "17:26",
        "17:41",
        "17:56",
        "18:11",
        "18:34",
        "18:52",
        "19:07",
        "19:22",
        "19:37",
        "19:57",
        "20:17",
        "20:37",
        "20:57",
        "21:17",
        "21:47"
    ],
    "url": "https://www.kanachu.co.jp/dia/diagram/timetable01_js/course:0000803763-19/node:00128960/kt:0/lname:/"
}
