{
    "date": "2025/10/06",
    "name": "東原宿",
    "position": "-",
    "system": "橋01",
    "destinations": [
        "森の上",
        "二本松(相模原市緑区)",
        "相原中央",
        "相原台",
        "大西(相模原市緑区)",
        "上町(相模原市緑区)",
        "香福寺前",
        "旭小学校前(相模原市緑区)",
        "旭農協前",
        "橋本駅北口"
    ],
    "weekday": [
        "5:49",
        "6:19",
        "6:29",
        "6:39",
        "7:07",
        "7:17",
        "7:23",
        "7:39",
        "7:47",
        "8:03",
        "8:13",
        "8:24",
        "8:39",
        "8:54",
        "9:09",
        "9:24",
        "9:39",
        "9:54",
        "10:09",
        "10:24",
        "10:39",
        "10:54",
        "11:09",
        "11:24",
        "11:39",
        "11:54",
        "12:09",
        "12:24",
        "12:39",
        "12:54",
        "13:09",
        "13:24",
        "13:39",
        "13:54",
        "14:09",
        "14:24",
        "14:39",
        "14:54",
        "15:09",
        "15:24",
        "15:39",
        "15:54",
        "16:07",
        "16:19",
        "16:30",
        "16:42",
        "16:54",
        "17:04",
        "17:15",
        "17:27",
        "17:39",
        "17:51",
        "18:05",
        "18:18",
        "18:31",
        "18:44",
        "18:56",
        "19:08",
        "19:19",
        "19:39",
        "19:59",
        "20:19",
        "20:39",
        "20:59",
        "21:19",
        "21:49",
        "22:19"
    ],
    "saturday": [
        "5:39",
        "6:04",
        "6:29",
        "6:49",
        "7:09",
        "7:34",
        "7:49",
        "8:04",
        "8:19",
        "8:34",
        "8:49",
        "9:01",
        "9:18",
        "9:33",
        "9:48",
        "10:03",
        "10:18",
        "10:33",
        "10:48",
        "11:03",
        "11:18",
        "11:33",
        "11:48",
        "12:03",
        "12:18",
        "12:33",
        "12:48",
        "12:58",
        "13:13",
        "13:28",
        "13:43",
        "13:58",
        "14:13",
        "14:28",
        "14:43",
        "14:58",
        "15:13",
        "15:28",
        "15:43",
        "15:58",
        "16:13",
        "16:28",
        "16:43",
        "16:58",
        "17:13",
        "17:28",
        "17:43",
        "17:58",
        "18:13",
        "18:36",
        "18:54",
        "19:09",
        "19:24",
        "19:39",
        "19:59",
        "20:19",
        "20:39",
        "20:59",
        "21:19",
        "21:49",
        "22:19"
    ],
    "holiday": [
        "5:39",
        "6:09",
        "6:39",
        "7:09",
        "7:34",
        "7:49",
        "8:04",
        "8:19",
        "8:34",
        "8:49",
        "9:01",
        "9:18",
        "9:33",
        "9:48",
        "10:03",
        "10:18",
        "10:33",
        "10:48",
        "11:03",
        "11:18",
        "11:33",
        "11:48",
        "12:03",
        "12:18",
        "12:33",
        "12:48",
        "12:58",
        "13:13",
        "13:28",
        "13:43",
        "13:58",
        "14:13",
        "14:28",
        "14:43",
        "14:58",
        "15:13",
        "15:28",
        "15:43",
        "15:58",
        "16:13",
        "16:28",
        "16:43",
        "16:58",
        "17:13",
        "17:28",
        "17:43",
        "17:58",
        "18:13",
        "18:36",
        "18:54",
        "19:09",
        "19:24",
        "19:39",
        "19:59",
        "20:19",
        "20:39",
        "20:59",
        "21:19",
        "21:49"
    ],
    "url": "https://www.kanachu.co.jp/dia/diagram/timetable01_js/course:0000803763-21/node:00128962/kt:0/lname:/"
}
