{
    "date": "2025/07/12",
    "name": "消防署前(横浜市戸塚区)",
    "position": "-",
    "system": "戸81",
    "destinations": [
        "八坂神社前",
        "大坂下",
        "大坂台",
        "大坂上(横浜市戸塚区)",
        "新道大坂上",
        "西横浜国際総合病院前",
        "吹上(横浜市戸塚区)",
        "大運寺",
        "原宿(横浜市戸塚区)",
        "聖母の園前",
        "影取",
        "諏訪神社前(横浜市戸塚区)",
        "鉄砲宿",
        "緑ヶ丘(藤沢市)",
        "遊行寺坂上",
        "藤沢橋",
        "藤沢小学校前",
        "南仲通り",
        "相生町(藤沢市)",
        "三富士町",
        "藤沢駅北口"
    ],
    "weekday": [
        "6:16",
        "6:31",
        "6:46",
        "7:06",
        "7:28",
        "7:48",
        "8:06",
        "8:26",
        "8:46",
        "9:06",
        "9:26",
        "9:46",
        "10:06",
        "10:28",
        "10:46",
        "11:06",
        "11:28",
        "11:46",
        "12:06",
        "12:28",
        "12:46",
        "13:06",
        "13:28",
        "13:46",
        "14:06",
        "14:28",
        "14:46",
        "15:06",
        "15:28",
        "15:46",
        "16:06",
        "16:28",
        "16:46",
        "17:06",
        "17:26",
        "17:46",
        "18:06",
        "18:26",
        "18:48",
        "19:08",
        "19:24",
        "19:38",
        "19:58",
        "20:17",
        "20:34",
        "20:53",
        "21:19",
        "21:36",
        "21:56",
        "22:22",
        "22:57",
        "23:34"
    ],
    "saturday": [
        "6:51",
        "7:31",
        "7:51",
        "8:26",
        "8:56",
        "9:26",
        "9:56",
        "10:26",
        "10:56",
        "11:26",
        "11:56",
        "12:26",
        "12:56",
        "13:26",
        "13:56",
        "14:26",
        "14:56",
        "15:26",
        "15:56",
        "16:26",
        "16:56",
        "17:26",
        "17:56",
        "18:26",
        "18:56",
        "19:26",
        "19:56",
        "20:16",
        "20:46",
        "21:26",
        "22:06",
        "22:46"
    ],
    "holiday": [
        "6:51",
        "7:31",
        "7:51",
        "8:26",
        "8:56",
        "9:26",
        "9:56",
        "10:26",
        "10:56",
        "11:26",
        "11:56",
        "12:26",
        "12:56",
        "13:26",
        "13:56",
        "14:26",
        "14:56",
        "15:26",
        "15:56",
        "16:26",
        "16:56",
        "17:26",
        "17:56",
        "18:26",
        "18:56",
        "19:26",
        "19:56",
        "20:16",
        "20:46",
        "21:26",
        "22:06",
        "22:46"
    ],
    "url": "https://www.kanachu.co.jp/dia/diagram/timetable01_js/course:0000802848-2/node:00126809/kt:0/lname:/"
}
