{
    "date": "2025/07/12",
    "name": "諏訪神社前(横浜市戸塚区)",
    "position": "-",
    "system": "戸81",
    "destinations": [
        "鉄砲宿",
        "緑ヶ丘(藤沢市)",
        "遊行寺坂上",
        "藤沢橋",
        "藤沢小学校前",
        "南仲通り",
        "相生町(藤沢市)",
        "三富士町",
        "藤沢駅北口"
    ],
    "weekday": [
        "6:34",
        "6:51",
        "7:06",
        "7:26",
        "7:49",
        "8:09",
        "8:27",
        "8:46",
        "9:06",
        "9:24",
        "9:44",
        "10:04",
        "10:24",
        "10:46",
        "11:04",
        "11:24",
        "11:46",
        "12:04",
        "12:24",
        "12:46",
        "13:04",
        "13:24",
        "13:46",
        "14:04",
        "14:24",
        "14:46",
        "15:04",
        "15:24",
        "15:46",
        "16:04",
        "16:25",
        "16:47",
        "17:05",
        "17:25",
        "17:45",
        "18:05",
        "18:25",
        "18:45",
        "19:06",
        "19:26",
        "19:42",
        "19:56",
        "20:16",
        "20:35",
        "20:52",
        "21:09",
        "21:35",
        "21:52",
        "22:12",
        "22:38",
        "23:13",
        "23:47"
    ],
    "saturday": [
        "7:10",
        "7:50",
        "8:10",
        "8:45",
        "9:15",
        "9:45",
        "10:15",
        "10:47",
        "11:17",
        "11:47",
        "12:17",
        "12:47",
        "13:17",
        "13:47",
        "14:17",
        "14:47",
        "15:17",
        "15:47",
        "16:17",
        "16:47",
        "17:17",
        "17:47",
        "18:17",
        "18:47",
        "19:17",
        "19:47",
        "20:11",
        "20:31",
        "21:01",
        "21:41",
        "22:21",
        "23:01"
    ],
    "holiday": [
        "7:10",
        "7:50",
        "8:10",
        "8:45",
        "9:15",
        "9:45",
        "10:15",
        "10:47",
        "11:17",
        "11:47",
        "12:17",
        "12:47",
        "13:17",
        "13:47",
        "14:17",
        "14:47",
        "15:17",
        "15:47",
        "16:17",
        "16:47",
        "17:17",
        "17:47",
        "18:17",
        "18:47",
        "19:17",
        "19:47",
        "20:11",
        "20:31",
        "21:01",
        "21:41",
        "22:21",
        "23:01"
    ],
    "url": "https://www.kanachu.co.jp/dia/diagram/timetable01_js/course:0000802848-14/node:00126979/kt:0/lname:/"
}
