{
    "date": "2025/07/12",
    "name": "遊行寺坂上",
    "position": "-",
    "system": "戸81",
    "destinations": [
        "藤沢橋",
        "藤沢小学校前",
        "南仲通り",
        "相生町(藤沢市)",
        "三富士町",
        "藤沢駅北口"
    ],
    "weekday": [
        "6:45",
        "7:02",
        "7:17",
        "7:37",
        "8:00",
        "8:20",
        "8:38",
        "8:57",
        "9:15",
        "9:33",
        "9:53",
        "10:13",
        "10:33",
        "10:55",
        "11:13",
        "11:33",
        "11:55",
        "12:13",
        "12:33",
        "12:55",
        "13:13",
        "13:33",
        "13:55",
        "14:13",
        "14:33",
        "14:55",
        "15:13",
        "15:33",
        "15:55",
        "16:13",
        "16:34",
        "16:56",
        "17:14",
        "17:34",
        "17:54",
        "18:14",
        "18:34",
        "18:54",
        "19:14",
        "19:34",
        "19:50",
        "20:04",
        "20:24",
        "20:43",
        "21:00",
        "21:16",
        "21:42",
        "21:59",
        "22:19",
        "22:45",
        "23:20",
        "23:51"
    ],
    "saturday": [
        "7:18",
        "7:58",
        "8:18",
        "8:53",
        "9:23",
        "9:53",
        "10:23",
        "10:55",
        "11:25",
        "11:55",
        "12:25",
        "12:55",
        "13:25",
        "13:55",
        "14:25",
        "14:55",
        "15:25",
        "15:55",
        "16:25",
        "16:55",
        "17:25",
        "17:55",
        "18:25",
        "18:55",
        "19:25",
        "19:55",
        "20:18",
        "20:38",
        "21:08",
        "21:48",
        "22:28",
        "23:08"
    ],
    "holiday": [
        "7:18",
        "7:58",
        "8:18",
        "8:53",
        "9:23",
        "9:53",
        "10:23",
        "10:55",
        "11:25",
        "11:55",
        "12:25",
        "12:55",
        "13:25",
        "13:55",
        "14:25",
        "14:55",
        "15:25",
        "15:55",
        "16:25",
        "16:55",
        "17:25",
        "17:55",
        "18:25",
        "18:55",
        "19:25",
        "19:55",
        "20:18",
        "20:38",
        "21:08",
        "21:48",
        "22:28",
        "23:08"
    ],
    "url": "https://www.kanachu.co.jp/dia/diagram/timetable01_js/course:0000802848-17/node:00126976/kt:0/lname:/"
}
