{
    "date": "2025/07/12",
    "name": "三富士町",
    "position": "-",
    "system": "戸81",
    "destinations": [
        "藤沢駅北口"
    ],
    "weekday": [
        "6:51",
        "7:08",
        "7:23",
        "7:43",
        "8:06",
        "8:26",
        "8:44",
        "9:03",
        "9:21",
        "9:39",
        "9:59",
        "10:19",
        "10:39",
        "11:01",
        "11:19",
        "11:39",
        "12:01",
        "12:19",
        "12:39",
        "13:01",
        "13:19",
        "13:39",
        "14:01",
        "14:19",
        "14:39",
        "15:01",
        "15:19",
        "15:39",
        "16:01",
        "16:19",
        "16:40",
        "17:02",
        "17:20",
        "17:40",
        "18:00",
        "18:20",
        "18:40",
        "19:00",
        "19:20",
        "19:40",
        "19:56",
        "20:10",
        "20:30",
        "20:49",
        "21:05",
        "21:21",
        "21:47",
        "22:04",
        "22:24",
        "22:50",
        "23:25",
        "23:57"
    ],
    "saturday": [
        "7:24",
        "8:04",
        "8:24",
        "8:59",
        "9:29",
        "9:59",
        "10:29",
        "11:01",
        "11:31",
        "12:01",
        "12:31",
        "13:01",
        "13:31",
        "14:01",
        "14:31",
        "15:01",
        "15:31",
        "16:01",
        "16:31",
        "17:01",
        "17:31",
        "18:01",
        "18:31",
        "19:01",
        "19:31",
        "20:01",
        "20:24",
        "20:44",
        "21:14",
        "21:54",
        "22:34",
        "23:14"
    ],
    "holiday": [
        "7:24",
        "8:04",
        "8:24",
        "8:59",
        "9:29",
        "9:59",
        "10:29",
        "11:01",
        "11:31",
        "12:01",
        "12:31",
        "13:01",
        "13:31",
        "14:01",
        "14:31",
        "15:01",
        "15:31",
        "16:01",
        "16:31",
        "17:01",
        "17:31",
        "18:01",
        "18:31",
        "19:01",
        "19:31",
        "20:01",
        "20:24",
        "20:44",
        "21:14",
        "21:54",
        "22:34",
        "23:14"
    ],
    "url": "https://www.kanachu.co.jp/dia/diagram/timetable01_js/course:0000802848-22/node:00126971/kt:0/lname:/"
}
