{
    "date": "2025/11/16",
    "name": "愛甲石田駅",
    "position": "-",
    "system": "愛12",
    "destinations": [
        "宮前(厚木市)",
        "堂山",
        "愛甲橋",
        "上愛甲",
        "愛甲原住宅",
        "大上(厚木市)",
        "聖木",
        "毛利台南入口",
        "上長谷(厚木市)",
        "愛名入口",
        "小野宮前",
        "小野橋(厚木市)",
        "中屋橋",
        "玉川農協前",
        "玉川公民館前",
        "日向川",
        "馬場リハビリ入口",
        "神奈川リハビリ"
    ],
    "weekday": [
        "18:25"
    ],
    "saturday": [
        "16:45"
    ],
    "holiday": [
        "16:45"
    ],
    "url": "https://www.kanachu.co.jp/dia/diagram/timetable01_js/course:0000803022-1/node:00128496/kt:0/lname:/"
}
