{
    "date": "2025/11/16",
    "name": "玉川農協前",
    "position": "-",
    "system": "愛12",
    "destinations": [
        "玉川公民館前",
        "日向川",
        "馬場リハビリ入口",
        "神奈川リハビリ"
    ],
    "weekday": [
        "18:40"
    ],
    "saturday": [
        "17:00"
    ],
    "holiday": [
        "17:00"
    ],
    "url": "https://www.kanachu.co.jp/dia/diagram/timetable01_js/course:0000803022-15/node:00128452/kt:0/lname:/"
}
