{
    "system": "町50",
    "busstops": [
        {
            "index": "1",
            "id": "00129466",
            "name": "鶴川団地",
            "lat": "35.597012",
            "lng": "139.46173"
        },
        {
            "index": "2",
            "id": "00049324",
            "name": "広袴一丁目",
            "lat": "35.594577",
            "lng": "139.463428"
        },
        {
            "index": "3",
            "id": "00049322",
            "name": "国士舘大学前",
            "lat": "35.593841",
            "lng": "139.464312"
        },
        {
            "index": "4",
            "id": "00049321",
            "name": "給水塔前(鶴川団地/町田市)",
            "lat": "35.592704",
            "lng": "139.466744"
        },
        {
            "index": "5",
            "id": "00049320",
            "name": "広袴",
            "lat": "35.593643",
            "lng": "139.47071"
        },
        {
            "index": "6",
            "id": "00049319",
            "name": "鶴川中央公園",
            "lat": "35.591567",
            "lng": "139.471022"
        },
        {
            "index": "7",
            "id": "00049318",
            "name": "センター前(町田市)",
            "lat": "35.590898",
            "lng": "139.469312"
        },
        {
            "index": "8",
            "id": "00049317",
            "name": "鶴川二丁目",
            "lat": "35.589045",
            "lng": "139.471598"
        },
        {
            "index": "9",
            "id": "00049316",
            "name": "鶴川一丁目",
            "lat": "35.587283",
            "lng": "139.47525"
        },
        {
            "index": "10",
            "id": "00049315",
            "name": "能ヶ谷二丁目",
            "lat": "35.587393",
            "lng": "139.480841"
        },
        {
            "index": "11",
            "id": "00049296",
            "name": "鶴川駅",
            "lat": "35.584028",
            "lng": "139.481539"
        },
        {
            "index": "12",
            "id": "00129439",
            "name": "上能ヶ谷",
            "lat": "35.583536",
            "lng": "139.475986"
        },
        {
            "index": "13",
            "id": "00129438",
            "name": "金井入口",
            "lat": "35.584296",
            "lng": "139.472449"
        },
        {
            "index": "14",
            "id": "00129456",
            "name": "金井(町田市)",
            "lat": "35.581395",
            "lng": "139.470225"
        },
        {
            "index": "15",
            "id": "00129455",
            "name": "栗谷",
            "lat": "35.577888",
            "lng": "139.470053"
        },
        {
            "index": "16",
            "id": "00129454",
            "name": "笹子",
            "lat": "35.574693",
            "lng": "139.468085"
        },
        {
            "index": "17",
            "id": "00129453",
            "name": "八幡神社前(町田市)",
            "lat": "35.572856",
            "lng": "139.461655"
        },
        {
            "index": "18",
            "id": "00129452",
            "name": "木倉",
            "lat": "35.572521",
            "lng": "139.456995"
        },
        {
            "index": "19",
            "id": "00129450",
            "name": "藤の台東",
            "lat": "35.571456",
            "lng": "139.451554"
        },
        {
            "index": "20",
            "id": "00129451",
            "name": "藤の台団地",
            "lat": "35.571418",
            "lng": "139.448831"
        },
        {
            "index": "21",
            "id": "00129450",
            "name": "藤の台東",
            "lat": "35.571461",
            "lng": "139.451672"
        },
        {
            "index": "22",
            "id": "00129449",
            "name": "金井小学校入口",
            "lat": "35.570731",
            "lng": "139.454754"
        },
        {
            "index": "23",
            "id": "00129510",
            "name": "ゆうき山",
            "lat": "35.567747",
            "lng": "139.453812"
        },
        {
            "index": "24",
            "id": "00129448",
            "name": "市立博物館前(町田市)",
            "lat": "35.564061",
            "lng": "139.452381"
        },
        {
            "index": "25",
            "id": "00129447",
            "name": "養運寺",
            "lat": "35.562453",
            "lng": "139.451543"
        },
        {
            "index": "26",
            "id": "00129422",
            "name": "菅原神社前(町田市)",
            "lat": "35.559897",
            "lng": "139.448359"
        },
        {
            "index": "27",
            "id": "00129421",
            "name": "体育館前(町田市)",
            "lat": "35.556931",
            "lng": "139.448151"
        },
        {
            "index": "28",
            "id": "00129420",
            "name": "町田郵便局前",
            "lat": "35.554628",
            "lng": "139.444415"
        },
        {
            "index": "29",
            "id": "00130353",
            "name": "中町二丁目",
            "lat": "35.552828",
            "lng": "139.441432"
        },
        {
            "index": "30",
            "id": "00129357",
            "name": "第四小学校前(町田市)",
            "lat": "35.55096",
            "lng": "139.438816"
        },
        {
            "index": "31",
            "id": "00129356",
            "name": "町田市役所市民ホール前",
            "lat": "35.547368",
            "lng": "139.438983"
        },
        {
            "index": "32",
            "id": "00025625",
            "name": "町田バスセンター",
            "lat": "35.543525",
            "lng": "139.444385"
        }
    ],
    "route_url": "https://www.kanachu.co.jp/dia/route/index/cid:0000803456/"
}
