{
    "date": "2025/07/12",
    "name": "山王神社前",
    "position": "-",
    "system": "船32",
    "destinations": [
        "藤沢橋",
        "藤沢小学校前",
        "南仲通り",
        "相生町(藤沢市)",
        "三富士町",
        "藤沢駅北口"
    ],
    "weekday": [
        "6:37",
        "7:07",
        "7:28",
        "7:43",
        "7:58",
        "8:13",
        "8:28",
        "8:42",
        "8:50",
        "8:58",
        "9:08",
        "9:18",
        "9:28",
        "9:43",
        "10:03",
        "10:23",
        "10:43",
        "11:03",
        "11:23",
        "11:43",
        "12:03",
        "12:23",
        "12:43",
        "13:03",
        "13:23",
        "13:43",
        "14:03",
        "14:23",
        "14:43",
        "15:03",
        "15:23",
        "15:43",
        "16:03",
        "16:23",
        "16:43",
        "16:58",
        "17:12",
        "17:27",
        "17:42",
        "18:12",
        "18:24",
        "18:36",
        "19:00",
        "19:13",
        "19:27",
        "19:57",
        "20:12",
        "20:27",
        "21:07",
        "21:27",
        "21:57",
        "22:27",
        "22:57",
        "23:29",
        "24:07"
    ],
    "saturday": [
        "6:47",
        "7:17",
        "7:42",
        "8:02",
        "8:22",
        "8:42",
        "9:02",
        "9:22",
        "9:42",
        "10:02",
        "10:22",
        "10:42",
        "11:02",
        "11:22",
        "11:42",
        "12:02",
        "12:22",
        "12:42",
        "13:02",
        "13:22",
        "13:42",
        "14:02",
        "14:22",
        "14:42",
        "15:02",
        "15:22",
        "15:42",
        "16:02",
        "16:22",
        "16:42",
        "17:02",
        "17:22",
        "17:42",
        "18:02",
        "18:22",
        "18:42",
        "19:02",
        "19:22",
        "19:42",
        "20:02",
        "20:22",
        "20:42",
        "21:05",
        "21:27",
        "21:57",
        "22:27",
        "22:57",
        "23:29"
    ],
    "holiday": [
        "6:47",
        "7:17",
        "7:42",
        "8:02",
        "8:22",
        "8:42",
        "9:02",
        "9:22",
        "9:42",
        "10:02",
        "10:22",
        "10:42",
        "11:02",
        "11:22",
        "11:42",
        "12:02",
        "12:22",
        "12:42",
        "13:02",
        "13:22",
        "13:42",
        "14:02",
        "14:22",
        "14:42",
        "15:02",
        "15:22",
        "15:42",
        "16:02",
        "16:22",
        "16:42",
        "17:02",
        "17:22",
        "17:42",
        "18:02",
        "18:22",
        "18:42",
        "19:02",
        "19:22",
        "19:42",
        "20:02",
        "20:22",
        "20:42",
        "21:05",
        "21:27",
        "21:57",
        "22:27",
        "22:57",
        "23:29"
    ],
    "url": "https://www.kanachu.co.jp/dia/diagram/timetable01_js/course:0000802830-13/node:00126982/kt:0/lname:/"
}
