{
    "date": "2025/07/12",
    "name": "三富士町",
    "position": "-",
    "system": "船32",
    "destinations": [
        "藤沢駅北口"
    ],
    "weekday": [
        "6:43",
        "7:13",
        "7:34",
        "7:49",
        "8:04",
        "8:19",
        "8:34",
        "8:48",
        "8:56",
        "9:04",
        "9:15",
        "9:25",
        "9:35",
        "9:50",
        "10:10",
        "10:30",
        "10:50",
        "11:10",
        "11:30",
        "11:50",
        "12:10",
        "12:30",
        "12:50",
        "13:10",
        "13:30",
        "13:50",
        "14:10",
        "14:30",
        "14:50",
        "15:10",
        "15:30",
        "15:50",
        "16:10",
        "16:30",
        "16:50",
        "17:05",
        "17:19",
        "17:34",
        "17:49",
        "18:19",
        "18:31",
        "18:43",
        "19:06",
        "19:19",
        "19:33",
        "20:03",
        "20:18",
        "20:33",
        "21:13",
        "21:33",
        "22:03",
        "22:33",
        "23:03",
        "23:35",
        "24:13"
    ],
    "saturday": [
        "6:53",
        "7:23",
        "7:48",
        "8:08",
        "8:28",
        "8:48",
        "9:08",
        "9:28",
        "9:48",
        "10:10",
        "10:30",
        "10:50",
        "11:10",
        "11:30",
        "11:50",
        "12:10",
        "12:30",
        "12:50",
        "13:10",
        "13:30",
        "13:50",
        "14:10",
        "14:30",
        "14:50",
        "15:10",
        "15:30",
        "15:50",
        "16:10",
        "16:30",
        "16:50",
        "17:10",
        "17:30",
        "17:50",
        "18:09",
        "18:29",
        "18:49",
        "19:09",
        "19:29",
        "19:49",
        "20:08",
        "20:28",
        "20:48",
        "21:11",
        "21:33",
        "22:03",
        "22:33",
        "23:03",
        "23:35"
    ],
    "holiday": [
        "6:53",
        "7:23",
        "7:48",
        "8:08",
        "8:28",
        "8:48",
        "9:08",
        "9:28",
        "9:48",
        "10:10",
        "10:30",
        "10:50",
        "11:10",
        "11:30",
        "11:50",
        "12:10",
        "12:30",
        "12:50",
        "13:10",
        "13:30",
        "13:50",
        "14:10",
        "14:30",
        "14:50",
        "15:10",
        "15:30",
        "15:50",
        "16:10",
        "16:30",
        "16:50",
        "17:10",
        "17:30",
        "17:50",
        "18:09",
        "18:29",
        "18:49",
        "19:09",
        "19:29",
        "19:49",
        "20:08",
        "20:28",
        "20:48",
        "21:11",
        "21:33",
        "22:03",
        "22:33",
        "23:03",
        "23:35"
    ],
    "url": "https://www.kanachu.co.jp/dia/diagram/timetable01_js/course:0000802830-18/node:00126971/kt:0/lname:/"
}
