{
    "date": "2025/07/12",
    "name": "鉄砲宿",
    "position": "-",
    "system": "藤55",
    "destinations": [
        "諏訪神社前(横浜市戸塚区)",
        "影取",
        "聖母の園前",
        "横浜医療センター前",
        "横浜医療センター"
    ],
    "weekday": [],
    "saturday": [
        "8:12",
        "9:12",
        "10:15",
        "11:15",
        "12:15",
        "13:15",
        "14:15",
        "15:15",
        "16:16",
        "17:16",
        "18:16",
        "19:13"
    ],
    "holiday": [
        "8:12",
        "9:12",
        "10:15",
        "11:15",
        "12:15",
        "13:15",
        "14:15",
        "15:15",
        "16:16",
        "17:16",
        "18:16",
        "19:13"
    ],
    "url": "https://www.kanachu.co.jp/dia/diagram/timetable01_js/course:0000803072-5/node:00126978/kt:0/lname:/"
}
