{
    "date": "2026/01/16",
    "name": "西高校前(藤沢市)",
    "position": "-",
    "system": "藤12",
    "destinations": [
        "有藤",
        "大庭隧道",
        "城南一丁目",
        "四ツ谷(藤沢市)",
        "辻堂入口",
        "羽鳥(藤沢市)",
        "メルシャン前",
        "引地橋",
        "一中入口(藤沢市)",
        "湘南高校前",
        "台町(藤沢市)",
        "白旗交差点",
        "本町小学校前(藤沢市)",
        "南仲通り二丁目",
        "南仲通り",
        "相生町(藤沢市)",
        "三富士町",
        "藤沢駅北口"
    ],
    "weekday": [
        "6:32",
        "7:34",
        "8:19",
        "9:06",
        "10:34",
        "12:34",
        "13:34",
        "14:34",
        "15:41",
        "16:36",
        "17:34",
        "18:38"
    ],
    "saturday": [
        "7:38",
        "8:39",
        "9:39",
        "10:39",
        "11:41",
        "12:41",
        "13:39",
        "14:39",
        "15:44",
        "16:44",
        "17:44",
        "18:33"
    ],
    "holiday": [
        "7:38",
        "8:39",
        "9:39",
        "10:39",
        "11:41",
        "12:41",
        "13:39",
        "14:39",
        "15:44",
        "16:44",
        "17:44",
        "18:33"
    ],
    "url": "https://www.kanachu.co.jp/dia/diagram/timetable01_js/course:0000804183-10/node:00129939/kt:0/lname:/"
}
