{
    "date": "2025/04/01",
    "name": "片町通り",
    "position": "-",
    "system": "平74",
    "destinations": [
        "河原町(秦野市)",
        "室川橋(下大槻団地線)",
        "才ヶ分",
        "才ヶ分踏切",
        "瓜生野入口",
        "秦野高校前",
        "広畑ふれあいプラザ前",
        "下大槻団地",
        "欠ノ上(下大槻団地線)",
        "土屋橋",
        "東海大学正門前",
        "青柳(平塚市)",
        "北金目入口",
        "金目駅",
        "南金目",
        "片岡(平塚市)",
        "飯島(平塚市)",
        "平塚支援学校前",
        "水神橋(平塚市)",
        "長持",
        "長瀬(平塚市)",
        "南原土手",
        "南原(平塚市)",
        "向原(平塚市)",
        "江南高校前",
        "追分(平塚市)",
        "営林署前(平塚市)",
        "旭通り(平塚市)",
        "八間通り",
        "平塚文化芸術ホール前",
        "銀座通り(平塚市)",
        "平塚駅北口"
    ],
    "weekday": [
        "5:58",
        "6:23",
        "6:43",
        "6:56",
        "7:34",
        "8:11",
        "8:45",
        "9:22",
        "9:57",
        "10:37",
        "11:19",
        "11:57",
        "12:37",
        "13:12",
        "13:42",
        "14:12",
        "14:42",
        "15:11",
        "15:32",
        "15:55",
        "16:17",
        "16:49",
        "17:13",
        "17:37",
        "18:01",
        "18:29",
        "19:05",
        "19:34",
        "20:03",
        "21:11",
        "22:08"
    ],
    "saturday": [
        "6:22",
        "6:52",
        "7:28",
        "7:51",
        "8:21",
        "8:52",
        "9:21",
        "10:01",
        "10:41",
        "11:21",
        "12:01",
        "12:41",
        "13:21",
        "14:01",
        "14:41",
        "15:21",
        "16:00",
        "16:35",
        "17:15",
        "17:56",
        "18:43",
        "19:26",
        "20:18",
        "21:38"
    ],
    "holiday": [
        "6:22",
        "6:52",
        "7:28",
        "7:51",
        "8:21",
        "8:52",
        "9:21",
        "10:01",
        "10:41",
        "11:21",
        "12:01",
        "12:41",
        "13:21",
        "14:01",
        "14:41",
        "15:21",
        "16:00",
        "16:35",
        "17:15",
        "17:56",
        "18:43",
        "19:26",
        "20:18",
        "21:38"
    ],
    "url": "https://www.kanachu.co.jp/dia/diagram/timetable01_js/course:0000802918-4/node:00127718/kt:0/lname:/"
}
