{
    "date": "2025/04/01",
    "name": "河原町(秦野市)",
    "position": "-",
    "system": "平74",
    "destinations": [
        "室川橋(下大槻団地線)",
        "才ヶ分",
        "才ヶ分踏切",
        "瓜生野入口",
        "秦野高校前",
        "広畑ふれあいプラザ前",
        "下大槻団地",
        "欠ノ上(下大槻団地線)",
        "土屋橋",
        "東海大学正門前",
        "青柳(平塚市)",
        "北金目入口",
        "金目駅",
        "南金目",
        "片岡(平塚市)",
        "飯島(平塚市)",
        "平塚支援学校前",
        "水神橋(平塚市)",
        "長持",
        "長瀬(平塚市)",
        "南原土手",
        "南原(平塚市)",
        "向原(平塚市)",
        "江南高校前",
        "追分(平塚市)",
        "営林署前(平塚市)",
        "旭通り(平塚市)",
        "八間通り",
        "平塚文化芸術ホール前",
        "銀座通り(平塚市)",
        "平塚駅北口"
    ],
    "weekday": [
        "6:00",
        "6:26",
        "6:46",
        "6:59",
        "7:37",
        "8:14",
        "8:48",
        "9:25",
        "10:00",
        "10:40",
        "11:22",
        "12:00",
        "12:40",
        "13:15",
        "13:45",
        "14:15",
        "14:45",
        "15:14",
        "15:35",
        "15:58",
        "16:20",
        "16:52",
        "17:16",
        "17:40",
        "18:04",
        "18:32",
        "19:08",
        "19:37",
        "20:06",
        "21:14",
        "22:11"
    ],
    "saturday": [
        "6:24",
        "6:54",
        "7:30",
        "7:53",
        "8:23",
        "8:54",
        "9:24",
        "10:04",
        "10:44",
        "11:24",
        "12:04",
        "12:44",
        "13:24",
        "14:04",
        "14:44",
        "15:24",
        "16:03",
        "16:38",
        "17:18",
        "17:59",
        "18:46",
        "19:29",
        "20:21",
        "21:41"
    ],
    "holiday": [
        "6:24",
        "6:54",
        "7:30",
        "7:53",
        "8:23",
        "8:54",
        "9:23",
        "10:03",
        "10:43",
        "11:23",
        "12:04",
        "12:44",
        "13:24",
        "14:04",
        "14:44",
        "15:24",
        "16:03",
        "16:38",
        "17:18",
        "17:59",
        "18:46",
        "19:29",
        "20:21",
        "21:41"
    ],
    "url": "https://www.kanachu.co.jp/dia/diagram/timetable01_js/course:0000802918-5/node:00127720/kt:0/lname:/"
}
