{
    "date": "2025/04/01",
    "name": "欠ノ上(下大槻団地線)",
    "position": "-",
    "system": "平74",
    "destinations": [
        "土屋橋",
        "東海大学正門前",
        "青柳(平塚市)",
        "北金目入口",
        "金目駅",
        "南金目",
        "片岡(平塚市)",
        "飯島(平塚市)",
        "平塚支援学校前",
        "水神橋(平塚市)",
        "長持",
        "長瀬(平塚市)",
        "南原土手",
        "南原(平塚市)",
        "向原(平塚市)",
        "江南高校前",
        "追分(平塚市)",
        "営林署前(平塚市)",
        "旭通り(平塚市)",
        "八間通り",
        "平塚文化芸術ホール前",
        "銀座通り(平塚市)",
        "平塚駅北口"
    ],
    "weekday": [
        "6:10",
        "6:36",
        "6:56",
        "7:11",
        "7:50",
        "8:27",
        "9:01",
        "9:35",
        "10:10",
        "10:50",
        "11:32",
        "12:10",
        "12:50",
        "13:25",
        "13:55",
        "14:25",
        "14:55",
        "15:24",
        "15:45",
        "16:10",
        "16:33",
        "17:05",
        "17:29",
        "17:53",
        "18:17",
        "18:45",
        "19:18",
        "19:47",
        "20:16",
        "21:24",
        "22:21"
    ],
    "saturday": [
        "6:34",
        "7:04",
        "7:40",
        "8:03",
        "8:33",
        "9:04",
        "9:35",
        "10:15",
        "10:55",
        "11:35",
        "12:15",
        "12:55",
        "13:35",
        "14:15",
        "14:55",
        "15:35",
        "16:14",
        "16:49",
        "17:29",
        "18:10",
        "18:58",
        "19:39",
        "20:31",
        "21:51"
    ],
    "holiday": [
        "6:34",
        "7:04",
        "7:40",
        "8:03",
        "8:33",
        "9:04",
        "9:33",
        "10:13",
        "10:53",
        "11:33",
        "12:15",
        "12:55",
        "13:35",
        "14:15",
        "14:55",
        "15:35",
        "16:13",
        "16:48",
        "17:28",
        "18:09",
        "18:56",
        "19:39",
        "20:31",
        "21:51"
    ],
    "url": "https://www.kanachu.co.jp/dia/diagram/timetable01_js/course:0000802918-13/node:00130510/kt:0/lname:/"
}
