{
    "date": "2025/04/01",
    "name": "南金目",
    "position": "-",
    "system": "平74",
    "destinations": [
        "片岡(平塚市)",
        "飯島(平塚市)",
        "平塚支援学校前",
        "水神橋(平塚市)",
        "長持",
        "長瀬(平塚市)",
        "南原土手",
        "南原(平塚市)",
        "向原(平塚市)",
        "江南高校前",
        "追分(平塚市)",
        "営林署前(平塚市)",
        "旭通り(平塚市)",
        "八間通り",
        "平塚文化芸術ホール前",
        "銀座通り(平塚市)",
        "平塚駅北口"
    ],
    "weekday": [
        "6:17",
        "6:43",
        "7:03",
        "7:20",
        "7:59",
        "8:36",
        "9:09",
        "9:43",
        "10:18",
        "10:58",
        "11:40",
        "12:18",
        "12:58",
        "13:33",
        "14:03",
        "14:33",
        "15:03",
        "15:32",
        "15:53",
        "16:18",
        "16:41",
        "17:13",
        "17:37",
        "18:01",
        "18:25",
        "18:53",
        "19:24",
        "19:53",
        "20:22",
        "21:30",
        "22:27"
    ],
    "saturday": [
        "6:41",
        "7:11",
        "7:47",
        "8:11",
        "8:41",
        "9:11",
        "9:42",
        "10:22",
        "11:02",
        "11:42",
        "12:22",
        "13:02",
        "13:42",
        "14:22",
        "15:02",
        "15:42",
        "16:22",
        "16:57",
        "17:37",
        "18:17",
        "19:05",
        "19:45",
        "20:37",
        "21:57"
    ],
    "holiday": [
        "6:40",
        "7:10",
        "7:46",
        "8:10",
        "8:40",
        "9:11",
        "9:40",
        "10:20",
        "11:00",
        "11:40",
        "12:22",
        "13:02",
        "13:42",
        "14:22",
        "15:02",
        "15:42",
        "16:20",
        "16:55",
        "17:35",
        "18:16",
        "19:03",
        "19:46",
        "20:37",
        "21:57"
    ],
    "url": "https://www.kanachu.co.jp/dia/diagram/timetable01_js/course:0000802918-19/node:00127732/kt:0/lname:/"
}
