{
    "date": "2025/04/01",
    "name": "片岡(平塚市)",
    "position": "-",
    "system": "平74",
    "destinations": [
        "飯島(平塚市)",
        "平塚支援学校前",
        "水神橋(平塚市)",
        "長持",
        "長瀬(平塚市)",
        "南原土手",
        "南原(平塚市)",
        "向原(平塚市)",
        "江南高校前",
        "追分(平塚市)",
        "営林署前(平塚市)",
        "旭通り(平塚市)",
        "八間通り",
        "平塚文化芸術ホール前",
        "銀座通り(平塚市)",
        "平塚駅北口"
    ],
    "weekday": [
        "6:20",
        "6:46",
        "7:08",
        "7:25",
        "8:04",
        "8:41",
        "9:13",
        "9:47",
        "10:22",
        "11:02",
        "11:44",
        "12:22",
        "13:02",
        "13:37",
        "14:07",
        "14:37",
        "15:07",
        "15:36",
        "15:57",
        "16:22",
        "16:45",
        "17:17",
        "17:41",
        "18:05",
        "18:29",
        "18:57",
        "19:27",
        "19:56",
        "20:25",
        "21:33",
        "22:30"
    ],
    "saturday": [
        "6:43",
        "7:13",
        "7:49",
        "8:14",
        "8:44",
        "9:15",
        "9:46",
        "10:26",
        "11:06",
        "11:46",
        "12:26",
        "13:06",
        "13:46",
        "14:26",
        "15:06",
        "15:46",
        "16:28",
        "17:03",
        "17:43",
        "18:22",
        "19:08",
        "19:48",
        "20:40",
        "22:00"
    ],
    "holiday": [
        "6:42",
        "7:12",
        "7:48",
        "8:13",
        "8:43",
        "9:14",
        "9:43",
        "10:23",
        "11:03",
        "11:43",
        "12:25",
        "13:05",
        "13:45",
        "14:25",
        "15:05",
        "15:45",
        "16:24",
        "16:59",
        "17:39",
        "18:20",
        "19:07",
        "19:50",
        "20:40",
        "22:00"
    ],
    "url": "https://www.kanachu.co.jp/dia/diagram/timetable01_js/course:0000802918-20/node:00127733/kt:0/lname:/"
}
