{
    "date": "2025/04/01",
    "name": "長持",
    "position": "-",
    "system": "平74",
    "destinations": [
        "長瀬(平塚市)",
        "南原土手",
        "南原(平塚市)",
        "向原(平塚市)",
        "江南高校前",
        "追分(平塚市)",
        "営林署前(平塚市)",
        "旭通り(平塚市)",
        "八間通り",
        "平塚文化芸術ホール前",
        "銀座通り(平塚市)",
        "平塚駅北口"
    ],
    "weekday": [
        "6:24",
        "6:50",
        "7:12",
        "7:29",
        "8:08",
        "8:45",
        "9:17",
        "9:51",
        "10:26",
        "11:06",
        "11:48",
        "12:26",
        "13:06",
        "13:41",
        "14:11",
        "14:41",
        "15:11",
        "15:40",
        "16:01",
        "16:26",
        "16:49",
        "17:21",
        "17:45",
        "18:09",
        "18:33",
        "19:01",
        "19:30",
        "19:59",
        "20:28",
        "21:36",
        "22:33"
    ],
    "saturday": [
        "6:46",
        "7:16",
        "7:52",
        "8:18",
        "8:48",
        "9:19",
        "9:50",
        "10:30",
        "11:10",
        "11:50",
        "12:30",
        "13:10",
        "13:50",
        "14:30",
        "15:10",
        "15:50",
        "16:32",
        "17:07",
        "17:47",
        "18:26",
        "19:11",
        "19:51",
        "20:43",
        "22:03"
    ],
    "holiday": [
        "6:46",
        "7:16",
        "7:52",
        "8:17",
        "8:47",
        "9:18",
        "9:47",
        "10:27",
        "11:07",
        "11:47",
        "12:29",
        "13:09",
        "13:49",
        "14:29",
        "15:09",
        "15:49",
        "16:28",
        "17:03",
        "17:43",
        "18:24",
        "19:11",
        "19:54",
        "20:43",
        "22:03"
    ],
    "url": "https://www.kanachu.co.jp/dia/diagram/timetable01_js/course:0000802918-24/node:00127737/kt:0/lname:/"
}
