{
    "date": "2025/04/01",
    "name": "南原(平塚市)",
    "position": "-",
    "system": "平74",
    "destinations": [
        "向原(平塚市)",
        "江南高校前",
        "追分(平塚市)",
        "営林署前(平塚市)",
        "旭通り(平塚市)",
        "八間通り",
        "平塚文化芸術ホール前",
        "銀座通り(平塚市)",
        "平塚駅北口"
    ],
    "weekday": [
        "6:28",
        "6:54",
        "7:16",
        "7:33",
        "8:12",
        "8:49",
        "9:22",
        "9:56",
        "10:31",
        "11:11",
        "11:53",
        "12:31",
        "13:11",
        "13:46",
        "14:16",
        "14:46",
        "15:16",
        "15:45",
        "16:06",
        "16:31",
        "16:54",
        "17:26",
        "17:50",
        "18:14",
        "18:38",
        "19:05",
        "19:34",
        "20:03",
        "20:32",
        "21:40",
        "22:37"
    ],
    "saturday": [
        "6:50",
        "7:20",
        "7:56",
        "8:23",
        "8:53",
        "9:24",
        "9:55",
        "10:35",
        "11:15",
        "11:55",
        "12:35",
        "13:15",
        "13:55",
        "14:35",
        "15:15",
        "15:55",
        "16:38",
        "17:13",
        "17:53",
        "18:30",
        "19:15",
        "19:55",
        "20:47",
        "22:07"
    ],
    "holiday": [
        "6:50",
        "7:20",
        "7:56",
        "8:21",
        "8:51",
        "9:22",
        "9:51",
        "10:31",
        "11:11",
        "11:51",
        "12:34",
        "13:14",
        "13:54",
        "14:34",
        "15:14",
        "15:54",
        "16:32",
        "17:07",
        "17:47",
        "18:28",
        "19:15",
        "19:58",
        "20:47",
        "22:07"
    ],
    "url": "https://www.kanachu.co.jp/dia/diagram/timetable01_js/course:0000802918-27/node:00127559/kt:0/lname:/"
}
