{
    "date": "2025/04/01",
    "name": "営林署前(平塚市)",
    "position": "-",
    "system": "平74",
    "destinations": [
        "旭通り(平塚市)",
        "八間通り",
        "平塚文化芸術ホール前",
        "銀座通り(平塚市)",
        "平塚駅北口"
    ],
    "weekday": [
        "6:33",
        "6:59",
        "7:23",
        "7:40",
        "8:19",
        "8:56",
        "9:28",
        "10:02",
        "10:37",
        "11:17",
        "11:59",
        "12:37",
        "13:17",
        "13:52",
        "14:22",
        "14:52",
        "15:22",
        "15:51",
        "16:13",
        "16:38",
        "17:01",
        "17:33",
        "17:57",
        "18:21",
        "18:45",
        "19:09",
        "19:38",
        "20:07",
        "20:36",
        "21:44",
        "22:41"
    ],
    "saturday": [
        "6:55",
        "7:25",
        "8:01",
        "8:28",
        "8:58",
        "9:29",
        "10:00",
        "10:40",
        "11:20",
        "12:00",
        "12:40",
        "13:20",
        "14:00",
        "14:40",
        "15:20",
        "16:00",
        "16:43",
        "17:18",
        "17:58",
        "18:35",
        "19:19",
        "19:59",
        "20:51",
        "22:11"
    ],
    "holiday": [
        "6:55",
        "7:25",
        "8:01",
        "8:26",
        "8:56",
        "9:27",
        "9:56",
        "10:36",
        "11:16",
        "11:56",
        "12:39",
        "13:19",
        "13:59",
        "14:39",
        "15:19",
        "15:59",
        "16:37",
        "17:12",
        "17:52",
        "18:33",
        "19:20",
        "20:03",
        "20:51",
        "22:11"
    ],
    "url": "https://www.kanachu.co.jp/dia/diagram/timetable01_js/course:0000802918-31/node:00127739/kt:0/lname:/"
}
