{
    "date": "2025/04/01",
    "name": "平塚文化芸術ホール前",
    "position": "-",
    "system": "平74",
    "destinations": [
        "銀座通り(平塚市)",
        "平塚駅北口"
    ],
    "weekday": [
        "6:36",
        "7:02",
        "7:26",
        "7:43",
        "8:22",
        "8:59",
        "9:31",
        "10:05",
        "10:40",
        "11:20",
        "12:02",
        "12:40",
        "13:20",
        "13:55",
        "14:25",
        "14:55",
        "15:25",
        "15:54",
        "16:16",
        "16:41",
        "17:04",
        "17:36",
        "18:00",
        "18:24",
        "18:48",
        "19:12",
        "19:41",
        "20:10",
        "20:39",
        "21:47",
        "22:44"
    ],
    "saturday": [
        "6:58",
        "7:28",
        "8:04",
        "8:31",
        "9:01",
        "9:32",
        "10:03",
        "10:43",
        "11:23",
        "12:03",
        "12:43",
        "13:23",
        "14:03",
        "14:43",
        "15:23",
        "16:03",
        "16:46",
        "17:21",
        "18:01",
        "18:38",
        "19:22",
        "20:02",
        "20:54",
        "22:14"
    ],
    "holiday": [
        "6:58",
        "7:28",
        "8:04",
        "8:29",
        "8:59",
        "9:30",
        "9:59",
        "10:39",
        "11:19",
        "11:59",
        "12:42",
        "13:22",
        "14:02",
        "14:42",
        "15:22",
        "16:02",
        "16:40",
        "17:15",
        "17:55",
        "18:36",
        "19:23",
        "20:06",
        "20:54",
        "22:14"
    ],
    "url": "https://www.kanachu.co.jp/dia/diagram/timetable01_js/course:0000802918-34/node:00127466/kt:0/lname:/"
}
