{
    "date": "2024/12/16",
    "name": "車橋",
    "position": "-",
    "system": "桜22",
    "destinations": [
        "諏訪下橋(多摩市)",
        "消防署前(多摩市)",
        "永山駅",
        "諏訪二丁目(多摩市)",
        "諏訪幼稚園前",
        "諏訪南公園",
        "諏訪四丁目(多摩市)",
        "諏訪三丁目(多摩市)",
        "諏訪南公園",
        "諏訪幼稚園前",
        "諏訪二丁目(多摩市)",
        "永山駅",
        "消防署前(多摩市)",
        "諏訪下橋(多摩市)",
        "車橋",
        "新大栗橋",
        "聖蹟桜ヶ丘駅"
    ],
    "weekday": [
        "6:22",
        "6:45",
        "7:10",
        "7:33",
        "8:02",
        "8:21",
        "8:45",
        "9:17",
        "9:45",
        "10:15",
        "10:45",
        "11:15",
        "11:45",
        "12:15",
        "12:45",
        "13:15",
        "13:45",
        "14:15",
        "14:45",
        "15:11",
        "15:45",
        "16:11",
        "16:45",
        "17:15",
        "17:45",
        "18:15",
        "18:45",
        "19:14",
        "19:45",
        "20:14",
        "21:14"
    ],
    "saturday": [
        "6:45",
        "7:14",
        "7:45",
        "8:14",
        "8:45",
        "9:14",
        "9:45",
        "10:15",
        "10:45",
        "11:15",
        "11:45",
        "12:15",
        "12:45",
        "13:15",
        "13:45",
        "14:15",
        "14:45",
        "15:15",
        "15:45",
        "16:15",
        "16:45",
        "17:15",
        "17:45",
        "18:15",
        "18:45",
        "19:14",
        "19:45",
        "20:14",
        "21:14"
    ],
    "holiday": [
        "6:45",
        "7:14",
        "7:45",
        "8:14",
        "8:45",
        "9:14",
        "9:45",
        "10:14",
        "10:45",
        "11:14",
        "11:45",
        "12:15",
        "12:45",
        "13:15",
        "13:45",
        "14:15",
        "14:45",
        "15:15",
        "15:45",
        "16:15",
        "16:45",
        "17:15",
        "17:45",
        "18:15",
        "18:45",
        "19:15",
        "19:45",
        "20:14"
    ],
    "url": "https://www.kanachu.co.jp/dia/diagram/timetable01_js/course:0000801721-3/node:00020463/kt:0/lname:/"
}
