{
    "date": "2024/12/16",
    "name": "諏訪幼稚園前",
    "position": "-",
    "system": "桜22",
    "destinations": [
        "諏訪二丁目(多摩市)",
        "永山駅",
        "消防署前(多摩市)",
        "諏訪下橋(多摩市)",
        "車橋",
        "新大栗橋",
        "聖蹟桜ヶ丘駅"
    ],
    "weekday": [
        "6:40",
        "7:04",
        "7:28",
        "7:52",
        "8:20",
        "8:40",
        "9:03",
        "9:36",
        "10:03",
        "10:35",
        "11:03",
        "11:35",
        "12:03",
        "12:35",
        "13:03",
        "13:35",
        "14:03",
        "14:35",
        "15:03",
        "15:31",
        "16:03",
        "16:31",
        "17:03",
        "17:36",
        "18:03",
        "18:36",
        "19:03",
        "19:33",
        "20:03",
        "20:33",
        "21:33"
    ],
    "saturday": [
        "7:03",
        "7:33",
        "8:03",
        "8:33",
        "9:03",
        "9:33",
        "10:03",
        "10:34",
        "11:03",
        "11:34",
        "12:03",
        "12:34",
        "13:03",
        "13:34",
        "14:03",
        "14:34",
        "15:03",
        "15:34",
        "16:03",
        "16:35",
        "17:03",
        "17:35",
        "18:03",
        "18:35",
        "19:03",
        "19:32",
        "20:03",
        "20:32",
        "21:32"
    ],
    "holiday": [
        "7:03",
        "7:33",
        "8:03",
        "8:33",
        "9:03",
        "9:33",
        "10:03",
        "10:33",
        "11:03",
        "11:33",
        "12:03",
        "12:34",
        "13:03",
        "13:34",
        "14:03",
        "14:34",
        "15:03",
        "15:34",
        "16:03",
        "16:35",
        "17:03",
        "17:35",
        "18:03",
        "18:33",
        "19:03",
        "19:33",
        "20:03",
        "20:32"
    ],
    "url": "https://www.kanachu.co.jp/dia/diagram/timetable01_js/course:0000801721-13/node:00020976/kt:0/lname:/"
}
