{
    "date": "2024/12/16",
    "name": "諏訪下橋(多摩市)",
    "position": "-",
    "system": "桜22",
    "destinations": [
        "車橋",
        "新大栗橋",
        "聖蹟桜ヶ丘駅"
    ],
    "weekday": [
        "6:47",
        "7:11",
        "7:35",
        "7:59",
        "8:27",
        "8:47",
        "9:11",
        "9:43",
        "10:11",
        "10:42",
        "11:11",
        "11:42",
        "12:11",
        "12:42",
        "13:11",
        "13:42",
        "14:11",
        "14:41",
        "15:11",
        "15:37",
        "16:11",
        "16:37",
        "17:11",
        "17:43",
        "18:11",
        "18:43",
        "19:11",
        "19:39",
        "20:11",
        "20:39",
        "21:39"
    ],
    "saturday": [
        "7:10",
        "7:40",
        "8:10",
        "8:40",
        "9:10",
        "9:40",
        "10:11",
        "10:41",
        "11:11",
        "11:41",
        "12:11",
        "12:41",
        "13:11",
        "13:41",
        "14:11",
        "14:41",
        "15:11",
        "15:41",
        "16:11",
        "16:42",
        "17:11",
        "17:42",
        "18:11",
        "18:42",
        "19:11",
        "19:38",
        "20:10",
        "20:38",
        "21:38"
    ],
    "holiday": [
        "7:10",
        "7:40",
        "8:10",
        "8:40",
        "9:10",
        "9:40",
        "10:11",
        "10:40",
        "11:11",
        "11:40",
        "12:11",
        "12:41",
        "13:11",
        "13:41",
        "14:11",
        "14:41",
        "15:11",
        "15:41",
        "16:11",
        "16:42",
        "17:11",
        "17:42",
        "18:11",
        "18:40",
        "19:11",
        "19:40",
        "20:10",
        "20:38"
    ],
    "url": "https://www.kanachu.co.jp/dia/diagram/timetable01_js/course:0000801721-17/node:00020619/kt:0/lname:/"
}
