{
    "date": "2024/12/16",
    "name": "新大栗橋",
    "position": "-",
    "system": "桜22",
    "destinations": [
        "聖蹟桜ヶ丘駅"
    ],
    "weekday": [
        "6:50",
        "7:14",
        "7:38",
        "8:02",
        "8:30",
        "8:50",
        "9:14",
        "9:46",
        "10:14",
        "10:45",
        "11:14",
        "11:45",
        "12:14",
        "12:45",
        "13:14",
        "13:45",
        "14:14",
        "14:44",
        "15:14",
        "15:40",
        "16:14",
        "16:40",
        "17:14",
        "17:46",
        "18:14",
        "18:46",
        "19:14",
        "19:42",
        "20:14",
        "20:42",
        "21:42"
    ],
    "saturday": [
        "7:13",
        "7:43",
        "8:13",
        "8:43",
        "9:13",
        "9:43",
        "10:14",
        "10:44",
        "11:14",
        "11:44",
        "12:14",
        "12:44",
        "13:14",
        "13:44",
        "14:14",
        "14:44",
        "15:14",
        "15:44",
        "16:14",
        "16:45",
        "17:14",
        "17:45",
        "18:14",
        "18:45",
        "19:14",
        "19:41",
        "20:13",
        "20:41",
        "21:41"
    ],
    "holiday": [
        "7:13",
        "7:43",
        "8:13",
        "8:43",
        "9:13",
        "9:43",
        "10:14",
        "10:43",
        "11:14",
        "11:43",
        "12:14",
        "12:44",
        "13:14",
        "13:44",
        "14:14",
        "14:44",
        "15:14",
        "15:44",
        "16:14",
        "16:45",
        "17:14",
        "17:45",
        "18:14",
        "18:43",
        "19:14",
        "19:43",
        "20:13",
        "20:41"
    ],
    "url": "https://www.kanachu.co.jp/dia/diagram/timetable01_js/course:0000801721-19/node:00020594/kt:0/lname:/"
}
