{
    "date": "2025/10/20",
    "name": "長堀公園前",
    "position": "-",
    "system": "間10",
    "destinations": [
        "鶴間二丁目",
        "鶴間駅東口"
    ],
    "weekday": [
        "6:51",
        "7:23",
        "7:53",
        "8:23",
        "9:23",
        "10:23",
        "11:23",
        "12:13",
        "13:03",
        "13:53",
        "14:58",
        "15:48",
        "16:28",
        "17:18",
        "18:08",
        "18:58",
        "19:48"
    ],
    "saturday": [
        "7:51",
        "8:31",
        "9:17",
        "10:07",
        "10:47",
        "11:32",
        "12:27",
        "13:17",
        "14:07",
        "14:57",
        "15:52",
        "16:52",
        "17:52",
        "18:52"
    ],
    "holiday": [
        "7:51",
        "8:31",
        "9:17",
        "10:07",
        "10:47",
        "11:32",
        "12:27",
        "13:17",
        "14:07",
        "14:57",
        "15:52",
        "16:52",
        "17:52",
        "18:52"
    ],
    "url": "https://www.kanachu.co.jp/dia/diagram/timetable01_js/course:0000803921-9/node:00130537/kt:0/lname:/"
}
