{
    "date": "2025/12/20",
    "name": "上和田南",
    "position": "-",
    "system": "高01",
    "destinations": [
        "高座渋谷駅東口",
        "学校前(大和市下和田)",
        "下和田(大和市)",
        "いちょう団地"
    ],
    "weekday": [
        "6:48",
        "7:25",
        "8:10",
        "9:00",
        "9:50",
        "10:40",
        "11:30",
        "12:20",
        "13:10",
        "14:00",
        "14:50",
        "15:40",
        "16:30",
        "17:20",
        "18:10",
        "19:00"
    ],
    "saturday": [
        "8:10",
        "9:10",
        "10:10",
        "11:10",
        "12:10",
        "13:10",
        "14:10",
        "15:10",
        "16:10",
        "17:10",
        "18:10",
        "19:13"
    ],
    "holiday": [
        "8:10",
        "9:10",
        "10:10",
        "11:10",
        "12:10",
        "13:10",
        "14:10",
        "15:10",
        "16:10",
        "17:10",
        "18:10",
        "19:13"
    ],
    "url": "https://www.kanachu.co.jp/dia/diagram/timetable01_js/course:0000803947-4/node:00130224/kt:0/lname:/"
}
