{
    "date": "2025/04/01",
    "name": "森野三丁目",
    "position": "",
    "system": "町24",
    "destinations": [
        "市民病院前(町田市)",
        "浄水場前(町田市)",
        "滝の沢(町田市)",
        "木曽住宅",
        "三家(町田市)",
        "木曽入口",
        "山崎団地入口",
        "山崎団地センター",
        "給水塔前(山崎団地/町田市)",
        "北一号(町田市)",
        "北二号(町田市)",
        "山崎団地"
    ],
    "weekday": [
        "13:14",
        "13:31",
        "13:41",
        "14:02",
        "14:14",
        "14:31",
        "14:41",
        "15:02",
        "15:14",
        "15:31",
        "15:41",
        "15:54",
        "16:13",
        "16:29",
        "16:37",
        "16:54",
        "17:26",
        "17:54",
        "18:26",
        "18:51",
        "19:25",
        "19:57",
        "20:18",
        "20:38",
        "20:58"
    ],
    "saturday": [
        "9:22",
        "9:34",
        "9:58",
        "10:18",
        "10:28",
        "10:37",
        "10:58",
        "11:08",
        "11:27",
        "11:35",
        "11:58",
        "12:08",
        "12:32",
        "12:55",
        "13:09",
        "13:32",
        "13:57",
        "14:23",
        "14:49",
        "15:00",
        "15:23",
        "15:49",
        "16:01",
        "16:08",
        "16:31",
        "16:52",
        "17:02",
        "17:08",
        "17:31",
        "17:42",
        "17:59",
        "18:07",
        "18:29",
        "18:49",
        "18:59",
        "19:22",
        "19:34",
        "19:58",
        "20:20",
        "20:54"
    ],
    "holiday": [
        "9:10",
        "9:30",
        "9:50",
        "10:00",
        "10:08",
        "10:30",
        "10:53",
        "11:10",
        "11:29",
        "11:53",
        "12:10",
        "12:29",
        "12:53",
        "13:10",
        "13:31",
        "13:53",
        "14:10",
        "14:30",
        "14:53",
        "15:10",
        "15:30",
        "15:53",
        "16:10",
        "16:31",
        "16:53",
        "17:22",
        "17:34",
        "17:58",
        "18:21",
        "18:33",
        "18:57",
        "19:24",
        "19:54",
        "20:14",
        "20:49"
    ],
    "url": "https://www.kanachu.co.jp/dia/diagram/timetable01_js/course:0000801242-5/node:00129358/kt:0/lname:/"
}
