{
    "date": "2025/04/01",
    "name": "浄水場前(町田市)",
    "position": "",
    "system": "町24",
    "destinations": [
        "滝の沢(町田市)",
        "木曽住宅",
        "三家(町田市)",
        "木曽入口",
        "山崎団地入口",
        "山崎団地センター",
        "給水塔前(山崎団地/町田市)",
        "北一号(町田市)",
        "北二号(町田市)",
        "山崎団地"
    ],
    "weekday": [
        "13:16",
        "13:33",
        "13:43",
        "14:04",
        "14:16",
        "14:33",
        "14:43",
        "15:04",
        "15:16",
        "15:33",
        "15:43",
        "15:56",
        "16:15",
        "16:31",
        "16:39",
        "16:56",
        "17:29",
        "17:57",
        "18:29",
        "18:54",
        "19:27",
        "19:59",
        "20:20",
        "20:40",
        "21:00"
    ],
    "saturday": [
        "9:24",
        "9:36",
        "10:00",
        "10:20",
        "10:30",
        "10:39",
        "11:00",
        "11:10",
        "11:29",
        "11:37",
        "12:00",
        "12:10",
        "12:34",
        "12:57",
        "13:11",
        "13:34",
        "13:59",
        "14:26",
        "14:52",
        "15:03",
        "15:26",
        "15:52",
        "16:04",
        "16:11",
        "16:34",
        "16:55",
        "17:05",
        "17:11",
        "17:34",
        "17:45",
        "18:02",
        "18:10",
        "18:32",
        "18:52",
        "19:02",
        "19:25",
        "19:36",
        "20:00",
        "20:22",
        "20:56"
    ],
    "holiday": [
        "9:12",
        "9:32",
        "9:52",
        "10:02",
        "10:10",
        "10:32",
        "10:55",
        "11:13",
        "11:32",
        "11:56",
        "12:13",
        "12:32",
        "12:56",
        "13:13",
        "13:34",
        "13:56",
        "14:13",
        "14:33",
        "14:56",
        "15:13",
        "15:33",
        "15:56",
        "16:13",
        "16:34",
        "16:56",
        "17:25",
        "17:37",
        "18:01",
        "18:24",
        "18:36",
        "19:00",
        "19:26",
        "19:56",
        "20:16",
        "20:51"
    ],
    "url": "https://www.kanachu.co.jp/dia/diagram/timetable01_js/course:0000801242-7/node:00129360/kt:0/lname:/"
}
