{
    "date": "2026/01/16",
    "name": "明石町一丁目",
    "position": "-",
    "system": "平63",
    "destinations": [
        "明石町(平塚市)",
        "崇善小学校前",
        "江陽中学校前(平塚市)",
        "美術館入口(平塚市)",
        "総合公園(平塚市)",
        "平塚球場",
        "西新町(平塚市)",
        "中原東(平塚市)",
        "中原中宿",
        "伊勢山(平塚市)",
        "住宅前(平塚市)",
        "大野中学校前",
        "西真土",
        "大野農協前",
        "市場前(平塚市)",
        "坂口(平塚市)",
        "今里(平塚市)",
        "横内団地前",
        "横内下",
        "横内公民館入口",
        "横内四ツ角",
        "田村車庫"
    ],
    "weekday": [
        "7:23",
        "7:49",
        "8:06",
        "8:26",
        "8:46",
        "8:54",
        "9:11",
        "9:36",
        "9:46",
        "10:16",
        "10:36",
        "10:51",
        "11:11",
        "11:41",
        "12:26",
        "12:56",
        "13:26",
        "13:41",
        "13:57",
        "14:37",
        "14:46",
        "15:36",
        "15:51",
        "17:21",
        "17:50",
        "18:51",
        "19:51",
        "20:26",
        "21:16",
        "21:36",
        "22:25",
        "23:01"
    ],
    "saturday": [
        "6:16",
        "6:46",
        "7:16",
        "7:51",
        "8:06",
        "8:36",
        "8:51",
        "9:41",
        "9:56",
        "10:11",
        "10:56",
        "11:11",
        "11:41",
        "11:56",
        "12:11",
        "12:41",
        "12:56",
        "13:11",
        "13:46",
        "13:56",
        "14:11",
        "14:41",
        "14:56",
        "15:10",
        "15:36",
        "15:56",
        "16:10",
        "16:41",
        "16:56",
        "17:51",
        "18:46",
        "19:11",
        "19:46",
        "20:01",
        "20:51",
        "21:21",
        "21:46",
        "22:11",
        "22:41"
    ],
    "holiday": [
        "6:36",
        "7:06",
        "7:51",
        "8:06",
        "8:36",
        "8:51",
        "9:41",
        "9:56",
        "10:11",
        "10:56",
        "11:11",
        "11:41",
        "11:56",
        "12:11",
        "12:41",
        "12:56",
        "13:11",
        "13:46",
        "13:56",
        "14:11",
        "14:41",
        "14:56",
        "15:10",
        "15:36",
        "15:56",
        "16:10",
        "16:41",
        "16:56",
        "17:51",
        "18:46",
        "19:11",
        "19:46",
        "20:01",
        "21:01",
        "22:01",
        "22:31"
    ],
    "url": "https://www.kanachu.co.jp/dia/diagram/timetable01_js/course:0000804222-3/node:00127457/kt:0/lname:/"
}
