{
    "date": "2026/01/16",
    "name": "江陽中学校前(平塚市)",
    "position": "-",
    "system": "平63",
    "destinations": [
        "美術館入口(平塚市)",
        "総合公園(平塚市)",
        "平塚球場",
        "西新町(平塚市)",
        "中原東(平塚市)",
        "中原中宿",
        "伊勢山(平塚市)",
        "住宅前(平塚市)",
        "大野中学校前",
        "西真土",
        "大野農協前",
        "市場前(平塚市)",
        "坂口(平塚市)",
        "今里(平塚市)",
        "横内団地前",
        "横内下",
        "横内公民館入口",
        "横内四ツ角",
        "田村車庫"
    ],
    "weekday": [
        "7:25",
        "7:51",
        "8:08",
        "8:28",
        "8:48",
        "8:56",
        "9:13",
        "9:38",
        "9:48",
        "10:18",
        "10:38",
        "10:53",
        "11:13",
        "11:43",
        "12:28",
        "12:58",
        "13:28",
        "13:43",
        "13:59",
        "14:39",
        "14:48",
        "15:38",
        "15:53",
        "17:23",
        "17:52",
        "18:53",
        "19:53",
        "20:28",
        "21:18",
        "21:38",
        "22:27",
        "23:03"
    ],
    "saturday": [
        "6:18",
        "6:48",
        "7:18",
        "7:53",
        "8:08",
        "8:38",
        "8:53",
        "9:43",
        "9:58",
        "10:13",
        "10:58",
        "11:13",
        "11:43",
        "11:58",
        "12:13",
        "12:43",
        "12:58",
        "13:13",
        "13:48",
        "13:58",
        "14:13",
        "14:43",
        "14:58",
        "15:12",
        "15:38",
        "15:58",
        "16:12",
        "16:43",
        "16:58",
        "17:53",
        "18:48",
        "19:13",
        "19:48",
        "20:03",
        "20:53",
        "21:23",
        "21:48",
        "22:13",
        "22:43"
    ],
    "holiday": [
        "6:38",
        "7:08",
        "7:53",
        "8:08",
        "8:38",
        "8:53",
        "9:43",
        "9:58",
        "10:13",
        "10:58",
        "11:13",
        "11:43",
        "11:58",
        "12:13",
        "12:43",
        "12:58",
        "13:13",
        "13:48",
        "13:58",
        "14:13",
        "14:43",
        "14:58",
        "15:12",
        "15:38",
        "15:58",
        "16:12",
        "16:43",
        "16:58",
        "17:53",
        "18:48",
        "19:13",
        "19:48",
        "20:03",
        "21:03",
        "22:03",
        "22:33"
    ],
    "url": "https://www.kanachu.co.jp/dia/diagram/timetable01_js/course:0000804222-6/node:00127598/kt:0/lname:/"
}
