{
    "date": "2026/01/16",
    "name": "伊勢山(平塚市)",
    "position": "-",
    "system": "平63",
    "destinations": [
        "住宅前(平塚市)",
        "大野中学校前",
        "西真土",
        "大野農協前",
        "市場前(平塚市)",
        "坂口(平塚市)",
        "今里(平塚市)",
        "横内団地前",
        "横内下",
        "横内公民館入口",
        "横内四ツ角",
        "田村車庫"
    ],
    "weekday": [
        "7:31",
        "7:57",
        "8:14",
        "8:34",
        "8:54",
        "9:02",
        "9:19",
        "9:44",
        "9:54",
        "10:24",
        "10:44",
        "10:59",
        "11:19",
        "11:49",
        "12:34",
        "13:04",
        "13:34",
        "13:49",
        "14:05",
        "14:45",
        "14:54",
        "15:44",
        "15:59",
        "17:29",
        "17:58",
        "18:59",
        "19:59",
        "20:34",
        "21:24",
        "21:44",
        "22:33",
        "23:09"
    ],
    "saturday": [
        "6:24",
        "6:54",
        "7:24",
        "7:59",
        "8:14",
        "8:44",
        "8:59",
        "9:49",
        "10:04",
        "10:19",
        "11:04",
        "11:19",
        "11:49",
        "12:04",
        "12:19",
        "12:49",
        "13:04",
        "13:19",
        "13:54",
        "14:04",
        "14:19",
        "14:49",
        "15:04",
        "15:18",
        "15:44",
        "16:04",
        "16:18",
        "16:49",
        "17:04",
        "17:59",
        "18:54",
        "19:19",
        "19:54",
        "20:09",
        "20:59",
        "21:29",
        "21:54",
        "22:19",
        "22:49"
    ],
    "holiday": [
        "6:44",
        "7:14",
        "7:59",
        "8:14",
        "8:44",
        "8:59",
        "9:49",
        "10:04",
        "10:19",
        "11:04",
        "11:19",
        "11:49",
        "12:04",
        "12:19",
        "12:49",
        "13:04",
        "13:19",
        "13:54",
        "14:04",
        "14:19",
        "14:49",
        "15:04",
        "15:18",
        "15:44",
        "16:04",
        "16:18",
        "16:49",
        "17:04",
        "17:59",
        "18:54",
        "19:19",
        "19:54",
        "20:09",
        "21:09",
        "22:09",
        "22:39"
    ],
    "url": "https://www.kanachu.co.jp/dia/diagram/timetable01_js/course:0000804222-13/node:00127605/kt:0/lname:/"
}
