{
    "date": "2026/01/16",
    "name": "西真土",
    "position": "-",
    "system": "平63",
    "destinations": [
        "大野農協前",
        "市場前(平塚市)",
        "坂口(平塚市)",
        "今里(平塚市)",
        "横内団地前",
        "横内下",
        "横内公民館入口",
        "横内四ツ角",
        "田村車庫"
    ],
    "weekday": [
        "7:34",
        "8:00",
        "8:17",
        "8:37",
        "8:57",
        "9:05",
        "9:22",
        "9:47",
        "9:57",
        "10:27",
        "10:47",
        "11:02",
        "11:22",
        "11:52",
        "12:37",
        "13:07",
        "13:37",
        "13:52",
        "14:08",
        "14:48",
        "14:57",
        "15:47",
        "16:02",
        "17:32",
        "18:01",
        "19:02",
        "20:02",
        "20:37",
        "21:27",
        "21:47",
        "22:36",
        "23:12"
    ],
    "saturday": [
        "6:27",
        "6:57",
        "7:27",
        "8:02",
        "8:17",
        "8:47",
        "9:02",
        "9:52",
        "10:07",
        "10:22",
        "11:07",
        "11:22",
        "11:52",
        "12:07",
        "12:22",
        "12:52",
        "13:07",
        "13:22",
        "13:57",
        "14:07",
        "14:22",
        "14:52",
        "15:07",
        "15:21",
        "15:47",
        "16:07",
        "16:21",
        "16:52",
        "17:07",
        "18:02",
        "18:57",
        "19:22",
        "19:57",
        "20:12",
        "21:02",
        "21:32",
        "21:57",
        "22:22",
        "22:52"
    ],
    "holiday": [
        "6:47",
        "7:17",
        "8:02",
        "8:17",
        "8:47",
        "9:02",
        "9:52",
        "10:07",
        "10:22",
        "11:07",
        "11:22",
        "11:52",
        "12:07",
        "12:22",
        "12:52",
        "13:07",
        "13:22",
        "13:57",
        "14:07",
        "14:22",
        "14:52",
        "15:07",
        "15:21",
        "15:47",
        "16:07",
        "16:21",
        "16:52",
        "17:07",
        "18:02",
        "18:57",
        "19:22",
        "19:57",
        "20:12",
        "21:12",
        "22:12",
        "22:42"
    ],
    "url": "https://www.kanachu.co.jp/dia/diagram/timetable01_js/course:0000804222-16/node:00127608/kt:0/lname:/"
}
