{
    "date": "2026/01/16",
    "name": "横内下",
    "position": "-",
    "system": "平63",
    "destinations": [
        "横内公民館入口",
        "横内四ツ角",
        "田村車庫"
    ],
    "weekday": [
        "7:41",
        "8:07",
        "8:24",
        "8:44",
        "9:04",
        "9:12",
        "9:29",
        "9:54",
        "10:04",
        "10:34",
        "10:54",
        "11:09",
        "11:29",
        "11:59",
        "12:44",
        "13:14",
        "13:44",
        "13:59",
        "14:15",
        "14:55",
        "15:04",
        "15:54",
        "16:09",
        "17:39",
        "18:08",
        "19:09",
        "20:09",
        "20:44",
        "21:34",
        "21:54",
        "22:43",
        "23:19"
    ],
    "saturday": [
        "6:34",
        "7:04",
        "7:34",
        "8:09",
        "8:24",
        "8:54",
        "9:09",
        "9:59",
        "10:14",
        "10:29",
        "11:14",
        "11:29",
        "11:59",
        "12:14",
        "12:29",
        "12:59",
        "13:14",
        "13:29",
        "14:04",
        "14:14",
        "14:29",
        "14:59",
        "15:14",
        "15:28",
        "15:54",
        "16:14",
        "16:28",
        "16:59",
        "17:14",
        "18:09",
        "19:04",
        "19:29",
        "20:04",
        "20:19",
        "21:09",
        "21:39",
        "22:04",
        "22:29",
        "22:59"
    ],
    "holiday": [
        "6:54",
        "7:24",
        "8:09",
        "8:24",
        "8:54",
        "9:09",
        "9:59",
        "10:14",
        "10:29",
        "11:14",
        "11:29",
        "11:59",
        "12:14",
        "12:29",
        "12:59",
        "13:14",
        "13:29",
        "14:04",
        "14:14",
        "14:29",
        "14:59",
        "15:14",
        "15:28",
        "15:54",
        "16:14",
        "16:28",
        "16:59",
        "17:14",
        "18:09",
        "19:04",
        "19:29",
        "20:04",
        "20:19",
        "21:19",
        "22:19",
        "22:49"
    ],
    "url": "https://www.kanachu.co.jp/dia/diagram/timetable01_js/course:0000804222-22/node:00127614/kt:0/lname:/"
}
