{
    "date": "2026/01/16",
    "name": "横内四ツ角",
    "position": "-",
    "system": "平63",
    "destinations": [
        "田村車庫"
    ],
    "weekday": [
        "7:44",
        "8:10",
        "8:27",
        "8:47",
        "9:07",
        "9:15",
        "9:32",
        "9:57",
        "10:07",
        "10:37",
        "10:57",
        "11:12",
        "11:32",
        "12:02",
        "12:47",
        "13:17",
        "13:47",
        "14:02",
        "14:18",
        "14:58",
        "15:07",
        "15:57",
        "16:12",
        "17:42",
        "18:11",
        "19:12",
        "20:12",
        "20:47",
        "21:37",
        "21:57",
        "22:46",
        "23:22"
    ],
    "saturday": [
        "6:37",
        "7:07",
        "7:37",
        "8:12",
        "8:27",
        "8:57",
        "9:12",
        "10:02",
        "10:17",
        "10:32",
        "11:17",
        "11:32",
        "12:02",
        "12:17",
        "12:32",
        "13:02",
        "13:17",
        "13:32",
        "14:07",
        "14:17",
        "14:32",
        "15:02",
        "15:17",
        "15:31",
        "15:57",
        "16:17",
        "16:31",
        "17:02",
        "17:17",
        "18:12",
        "19:07",
        "19:32",
        "20:07",
        "20:22",
        "21:12",
        "21:42",
        "22:07",
        "22:32",
        "23:02"
    ],
    "holiday": [
        "6:57",
        "7:27",
        "8:12",
        "8:27",
        "8:57",
        "9:12",
        "10:02",
        "10:17",
        "10:32",
        "11:17",
        "11:32",
        "12:02",
        "12:17",
        "12:32",
        "13:02",
        "13:17",
        "13:32",
        "14:07",
        "14:17",
        "14:32",
        "15:02",
        "15:17",
        "15:31",
        "15:57",
        "16:17",
        "16:31",
        "17:02",
        "17:17",
        "18:12",
        "19:07",
        "19:32",
        "20:07",
        "20:22",
        "21:22",
        "22:22",
        "22:52"
    ],
    "url": "https://www.kanachu.co.jp/dia/diagram/timetable01_js/course:0000804222-24/node:00127616/kt:0/lname:/"
}
