{
    "system": "平63",
    "busstops": [
        {
            "index": "1",
            "id": "00127464",
            "name": "平塚駅北口",
            "lat": "35.329086",
            "lng": "139.350204"
        },
        {
            "index": "2",
            "id": "00127190",
            "name": "四ツ角(平塚市)",
            "lat": "35.330828",
            "lng": "139.350049"
        },
        {
            "index": "3",
            "id": "00127457",
            "name": "明石町一丁目",
            "lat": "35.331382",
            "lng": "139.34897"
        },
        {
            "index": "4",
            "id": "00127458",
            "name": "明石町(平塚市)",
            "lat": "35.331281",
            "lng": "139.347852"
        },
        {
            "index": "5",
            "id": "00127597",
            "name": "崇善小学校前",
            "lat": "35.332967",
            "lng": "139.346703"
        },
        {
            "index": "6",
            "id": "00127598",
            "name": "江陽中学校前(平塚市)",
            "lat": "35.3362",
            "lng": "139.346499"
        },
        {
            "index": "7",
            "id": "00127599",
            "name": "美術館入口(平塚市)",
            "lat": "35.337992",
            "lng": "139.3461"
        },
        {
            "index": "8",
            "id": "00127600",
            "name": "総合公園(平塚市)",
            "lat": "35.340859",
            "lng": "139.345414"
        },
        {
            "index": "9",
            "id": "00127601",
            "name": "平塚球場",
            "lat": "35.344602",
            "lng": "139.344633"
        },
        {
            "index": "10",
            "id": "00127602",
            "name": "西新町(平塚市)",
            "lat": "35.345621",
            "lng": "139.341815"
        },
        {
            "index": "11",
            "id": "00127603",
            "name": "中原東(平塚市)",
            "lat": "35.345399",
            "lng": "139.337924"
        },
        {
            "index": "12",
            "id": "00127604",
            "name": "中原中宿",
            "lat": "35.348378",
            "lng": "139.336683"
        },
        {
            "index": "13",
            "id": "00127605",
            "name": "伊勢山(平塚市)",
            "lat": "35.351573",
            "lng": "139.335932"
        },
        {
            "index": "14",
            "id": "00127606",
            "name": "住宅前(平塚市)",
            "lat": "35.351958",
            "lng": "139.338936"
        },
        {
            "index": "15",
            "id": "00127607",
            "name": "大野中学校前",
            "lat": "35.352971",
            "lng": "139.343321"
        },
        {
            "index": "16",
            "id": "00127608",
            "name": "西真土",
            "lat": "35.353445",
            "lng": "139.345681"
        },
        {
            "index": "17",
            "id": "00127609",
            "name": "大野農協前",
            "lat": "35.355358",
            "lng": "139.349381"
        },
        {
            "index": "18",
            "id": "00127610",
            "name": "市場前(平塚市)",
            "lat": "35.357257",
            "lng": "139.349988"
        },
        {
            "index": "19",
            "id": "00127611",
            "name": "坂口(平塚市)",
            "lat": "35.360345",
            "lng": "139.350973"
        },
        {
            "index": "20",
            "id": "00127612",
            "name": "今里(平塚市)",
            "lat": "35.362584",
            "lng": "139.351021"
        },
        {
            "index": "21",
            "id": "00127613",
            "name": "横内団地前",
            "lat": "35.366462",
            "lng": "139.349918"
        },
        {
            "index": "22",
            "id": "00127614",
            "name": "横内下",
            "lat": "35.371014",
            "lng": "139.350349"
        },
        {
            "index": "23",
            "id": "00127615",
            "name": "横内公民館入口",
            "lat": "35.373509",
            "lng": "139.351025"
        },
        {
            "index": "24",
            "id": "00127616",
            "name": "横内四ツ角",
            "lat": "35.375608",
            "lng": "139.352621"
        },
        {
            "index": "25",
            "id": "00114295",
            "name": "田村車庫",
            "lat": "35.376016",
            "lng": "139.358556"
        }
    ],
    "route_url": "https://www.kanachu.co.jp/dia/route/index/cid:0000804222/"
}
