{
    "date": "2026/01/16",
    "name": "双葉入口",
    "position": "-",
    "system": "大58",
    "destinations": [
        "桜台(相模原市南区)",
        "水道路(相模原市南区)",
        "麻溝台",
        "麻溝台中学校入口",
        "さがみ緑風園前"
    ],
    "weekday": [],
    "saturday": [
        "21:28",
        "21:53"
    ],
    "holiday": [],
    "url": "https://www.kanachu.co.jp/dia/diagram/timetable01_js/course:0000804023-8/node:00129242/kt:0/lname:/"
}
