{
    "date": "2025/03/15",
    "name": "大塚上町",
    "position": "-",
    "system": "さ02",
    "destinations": [
        "大塚本町",
        "共ヶ丘",
        "寺尾峰",
        "子ノ神(綾瀬市)",
        "綾北小学校前",
        "寺尾(綾瀬市)",
        "観音入口",
        "上深谷",
        "本郷(綾瀬市)",
        "綾瀬工業団地入口",
        "与蔵山下",
        "中郷(綾瀬市)",
        "綾瀬タウンヒルズ前",
        "綾瀬市役所",
        "市民文化センター前(綾瀬市)",
        "春日原(綾瀬市)",
        "吉岡芝原",
        "団地中央(綾瀬市)",
        "吉岡工業団地"
    ],
    "weekday": [
        "7:40",
        "8:05",
        "9:30",
        "10:22",
        "11:22",
        "12:22",
        "13:22",
        "14:22",
        "15:22",
        "16:22",
        "17:35",
        "18:43"
    ],
    "saturday": [
        "10:35",
        "12:05",
        "13:35",
        "15:05"
    ],
    "holiday": [
        "10:35",
        "12:05",
        "13:35",
        "15:05"
    ],
    "url": "https://www.kanachu.co.jp/dia/diagram/timetable01_js/course:0000800126-2/node:00129871/kt:0/lname:/"
}
