{
    "date": "2025/03/15",
    "name": "大塚本町",
    "position": "-",
    "system": "さ02",
    "destinations": [
        "共ヶ丘",
        "寺尾峰",
        "子ノ神(綾瀬市)",
        "綾北小学校前",
        "寺尾(綾瀬市)",
        "観音入口",
        "上深谷",
        "本郷(綾瀬市)",
        "綾瀬工業団地入口",
        "与蔵山下",
        "中郷(綾瀬市)",
        "綾瀬タウンヒルズ前",
        "綾瀬市役所",
        "市民文化センター前(綾瀬市)",
        "春日原(綾瀬市)",
        "吉岡芝原",
        "団地中央(綾瀬市)",
        "吉岡工業団地"
    ],
    "weekday": [
        "7:42",
        "8:07",
        "9:32",
        "10:24",
        "11:24",
        "12:24",
        "13:24",
        "14:24",
        "15:24",
        "16:24",
        "17:37",
        "18:45"
    ],
    "saturday": [
        "10:37",
        "12:07",
        "13:37",
        "15:07"
    ],
    "holiday": [
        "10:37",
        "12:07",
        "13:37",
        "15:07"
    ],
    "url": "https://www.kanachu.co.jp/dia/diagram/timetable01_js/course:0000800126-3/node:00129870/kt:0/lname:/"
}
