{
    "date": "2025/03/15",
    "name": "共ヶ丘",
    "position": "-",
    "system": "",
    "destinations": [
        "寺尾峰",
        "子ノ神(綾瀬市)",
        "綾北小学校前",
        "寺尾(綾瀬市)",
        "観音入口",
        "上深谷",
        "本郷(綾瀬市)",
        "綾瀬工業団地入口",
        "与蔵山下",
        "中郷(綾瀬市)",
        "綾瀬タウンヒルズ前",
        "綾瀬市役所",
        "市民文化センター前(綾瀬市)",
        "春日原(綾瀬市)",
        "吉岡芝原",
        "団地中央(綾瀬市)",
        "吉岡工業団地"
    ],
    "weekday": [
        "7:43",
        "8:08",
        "9:33",
        "10:25",
        "11:25",
        "12:25",
        "13:25",
        "14:25",
        "15:25",
        "16:25",
        "17:38",
        "18:46"
    ],
    "saturday": [
        "10:38",
        "12:08",
        "13:38",
        "15:08"
    ],
    "holiday": [
        "10:38",
        "12:08",
        "13:38",
        "15:08"
    ],
    "url": "https://www.kanachu.co.jp/dia/diagram/timetable01_js/course:0000800126-4/node:00129869/kt:0/lname:/"
}
