{
    "date": "2025/03/15",
    "name": "上深谷",
    "position": "-",
    "system": "",
    "destinations": [
        "本郷(綾瀬市)",
        "綾瀬工業団地入口",
        "与蔵山下",
        "中郷(綾瀬市)",
        "綾瀬タウンヒルズ前",
        "綾瀬市役所",
        "市民文化センター前(綾瀬市)",
        "春日原(綾瀬市)",
        "吉岡芝原",
        "団地中央(綾瀬市)",
        "吉岡工業団地"
    ],
    "weekday": [
        "7:53",
        "8:18",
        "9:43",
        "10:35",
        "11:35",
        "12:35",
        "13:35",
        "14:35",
        "15:35",
        "16:35",
        "17:48",
        "18:56"
    ],
    "saturday": [
        "10:46",
        "12:16",
        "13:46",
        "15:16"
    ],
    "holiday": [
        "10:46",
        "12:16",
        "13:46",
        "15:16"
    ],
    "url": "https://www.kanachu.co.jp/dia/diagram/timetable01_js/course:0000800126-10/node:00129863/kt:0/lname:/"
}
