{
    "date": "2025/03/15",
    "name": "綾瀬タウンヒルズ前",
    "position": "-",
    "system": "",
    "destinations": [
        "綾瀬市役所",
        "市民文化センター前(綾瀬市)",
        "春日原(綾瀬市)",
        "吉岡芝原",
        "団地中央(綾瀬市)",
        "吉岡工業団地"
    ],
    "weekday": [
        "8:00",
        "8:25",
        "9:49",
        "10:41",
        "11:41",
        "12:41",
        "13:41",
        "14:41",
        "15:41",
        "16:41",
        "17:54",
        "19:03"
    ],
    "saturday": [
        "10:52",
        "12:22",
        "13:52",
        "15:22"
    ],
    "holiday": [
        "10:52",
        "12:22",
        "13:52",
        "15:22"
    ],
    "url": "https://www.kanachu.co.jp/dia/diagram/timetable01_js/course:0000800126-15/node:00129860/kt:0/lname:/"
}
