{
    "date": "2025/03/15",
    "name": "吉岡芝原",
    "position": "-",
    "system": "",
    "destinations": [
        "団地中央(綾瀬市)",
        "吉岡工業団地"
    ],
    "weekday": [
        "8:06",
        "8:31",
        "9:55",
        "10:47",
        "11:47",
        "12:47",
        "13:47",
        "14:47",
        "15:47",
        "16:47",
        "18:00",
        "19:09"
    ],
    "saturday": [
        "10:58",
        "12:28",
        "13:58",
        "15:28"
    ],
    "holiday": [
        "10:58",
        "12:28",
        "13:58",
        "15:28"
    ],
    "url": "https://www.kanachu.co.jp/dia/diagram/timetable01_js/course:0000800126-19/node:00129844/kt:0/lname:/"
}
