{
    "system": "さ02",
    "busstops": [
        {
            "index": "1",
            "id": "00129872",
            "name": "さがみ野駅",
            "lat": "35.4714",
            "lng": "139.428404"
        },
        {
            "index": "2",
            "id": "00129871",
            "name": "大塚上町",
            "lat": "35.471069",
            "lng": "139.425751"
        },
        {
            "index": "3",
            "id": "00129870",
            "name": "大塚本町",
            "lat": "35.467482",
            "lng": "139.42128"
        },
        {
            "index": "4",
            "id": "00129869",
            "name": "共ヶ丘",
            "lat": "35.465103",
            "lng": "139.421835"
        },
        {
            "index": "5",
            "id": "00129868",
            "name": "寺尾峰",
            "lat": "35.462629",
            "lng": "139.423884"
        },
        {
            "index": "6",
            "id": "00129867",
            "name": "子ノ神(綾瀬市)",
            "lat": "35.459894",
            "lng": "139.425264"
        },
        {
            "index": "7",
            "id": "00129866",
            "name": "綾北小学校前",
            "lat": "35.457909",
            "lng": "139.426323"
        },
        {
            "index": "8",
            "id": "00129865",
            "name": "寺尾(綾瀬市)",
            "lat": "35.454648",
            "lng": "139.42846"
        },
        {
            "index": "9",
            "id": "00129864",
            "name": "観音入口",
            "lat": "35.449937",
            "lng": "139.429923"
        },
        {
            "index": "10",
            "id": "00129863",
            "name": "上深谷",
            "lat": "35.443659",
            "lng": "139.432417"
        },
        {
            "index": "11",
            "id": "00129999",
            "name": "本郷(綾瀬市)",
            "lat": "35.443282",
            "lng": "139.434834"
        },
        {
            "index": "12",
            "id": "00129991",
            "name": "綾瀬工業団地入口",
            "lat": "35.442541",
            "lng": "139.437996"
        },
        {
            "index": "13",
            "id": "00129992",
            "name": "与蔵山下",
            "lat": "35.440908",
            "lng": "139.43842"
        },
        {
            "index": "14",
            "id": "00129859",
            "name": "中郷(綾瀬市)",
            "lat": "35.438963",
            "lng": "139.432032"
        },
        {
            "index": "15",
            "id": "00129860",
            "name": "綾瀬タウンヒルズ前",
            "lat": "35.437041",
            "lng": "139.428573"
        },
        {
            "index": "16",
            "id": "00130000",
            "name": "綾瀬市役所",
            "lat": "35.43774",
            "lng": "139.42672"
        },
        {
            "index": "17",
            "id": "00129861",
            "name": "市民文化センター前(綾瀬市)",
            "lat": "35.433485",
            "lng": "139.429595"
        },
        {
            "index": "18",
            "id": "00129862",
            "name": "春日原(綾瀬市)",
            "lat": "35.429133",
            "lng": "139.43198"
        },
        {
            "index": "19",
            "id": "00129844",
            "name": "吉岡芝原",
            "lat": "35.424592",
            "lng": "139.428559"
        },
        {
            "index": "20",
            "id": "00129898",
            "name": "団地中央(綾瀬市)",
            "lat": "35.423506",
            "lng": "139.425295"
        },
        {
            "index": "21",
            "id": "00129897",
            "name": "吉岡工業団地",
            "lat": "35.424642",
            "lng": "139.421222"
        }
    ],
    "route_url": "https://www.kanachu.co.jp/dia/route/index/cid:0000800126/"
}
