{
    "date": "2024/03/16",
    "name": "松蓮寺",
    "position": "-",
    "system": "厚07",
    "destinations": [
        "糀屋前(厚木市)",
        "宿原入口",
        "荻野新宿",
        "子中",
        "神奈川工科大学前",
        "リコー前",
        "下谷(厚木市)",
        "棚沢",
        "才戸橋",
        "下川入",
        "あつぎ郷土博物館"
    ],
    "weekday": [
        "7:11",
        "7:31",
        "7:54",
        "8:14",
        "8:52",
        "9:53"
    ],
    "saturday": [
        "8:11",
        "9:13",
        "10:11"
    ],
    "holiday": [
        "8:10",
        "9:11",
        "10:10"
    ],
    "url": "https://www.kanachu.co.jp/dia/diagram/timetable01_js/course:0000801090-11/node:00128265/kt:0/lname:/"
}
