{
    "date": "2024/03/16",
    "name": "宿原入口",
    "position": "-",
    "system": "厚07",
    "destinations": [
        "荻野新宿",
        "子中",
        "神奈川工科大学前",
        "リコー前",
        "下谷(厚木市)",
        "棚沢",
        "才戸橋",
        "下川入",
        "あつぎ郷土博物館"
    ],
    "weekday": [
        "7:13",
        "7:33",
        "7:56",
        "8:16",
        "8:54",
        "9:55"
    ],
    "saturday": [
        "8:13",
        "9:15",
        "10:13"
    ],
    "holiday": [
        "8:12",
        "9:13",
        "10:12"
    ],
    "url": "https://www.kanachu.co.jp/dia/diagram/timetable01_js/course:0000801090-13/node:00128267/kt:0/lname:/"
}
