{
    "date": "2024/03/16",
    "name": "子中",
    "position": "-",
    "system": "厚07",
    "destinations": [
        "神奈川工科大学前",
        "リコー前",
        "下谷(厚木市)",
        "棚沢",
        "才戸橋",
        "下川入",
        "あつぎ郷土博物館"
    ],
    "weekday": [
        "7:15",
        "7:37",
        "8:00",
        "8:20",
        "8:58",
        "9:59"
    ],
    "saturday": [
        "8:16",
        "9:19",
        "10:17"
    ],
    "holiday": [
        "8:14",
        "9:15",
        "10:16"
    ],
    "url": "https://www.kanachu.co.jp/dia/diagram/timetable01_js/course:0000801090-15/node:00128304/kt:0/lname:/"
}
