{
    "date": "2025/11/16",
    "name": "川上(伊勢原市)",
    "position": "-",
    "system": "伊37",
    "destinations": [
        "りんどう寮前",
        "共済会館入口",
        "片町(伊勢原市)",
        "片町十字路",
        "大神宮前",
        "本町(伊勢原市)",
        "伊勢原駅北口"
    ],
    "weekday": [
        "6:32",
        "7:10"
    ],
    "saturday": [
        "6:47"
    ],
    "holiday": [
        "6:47"
    ],
    "url": "https://www.kanachu.co.jp/dia/diagram/timetable01_js/course:0000803541-10/node:00128174/kt:0/lname:/"
}
