{
    "date": "2025/11/16",
    "name": "りんどう寮前",
    "position": "-",
    "system": "伊37",
    "destinations": [
        "共済会館入口",
        "片町(伊勢原市)",
        "片町十字路",
        "大神宮前",
        "本町(伊勢原市)",
        "伊勢原駅北口"
    ],
    "weekday": [
        "6:33",
        "7:11"
    ],
    "saturday": [
        "6:48"
    ],
    "holiday": [
        "6:48"
    ],
    "url": "https://www.kanachu.co.jp/dia/diagram/timetable01_js/course:0000803541-11/node:00128173/kt:0/lname:/"
}
