{
    "date": "2025/02/24",
    "name": "旭ヶ丘(横浜市瀬谷区)",
    "position": "-",
    "system": "",
    "destinations": [
        "三ツ境小学校前",
        "原中学校前",
        "向原(横浜市瀬谷区)",
        "原店(横浜市瀬谷区)",
        "阿久和坂上",
        "新和入口",
        "山王塚(横浜市瀬谷区)",
        "変電所前(横浜市泉区)",
        "和泉台",
        "松陽高校前",
        "グリーンハイム前",
        "いずみ野駅"
    ],
    "weekday": [
        "6:36",
        "7:00",
        "7:30",
        "7:59",
        "8:34",
        "9:04",
        "9:49",
        "10:19",
        "11:04",
        "11:34",
        "12:19",
        "12:49",
        "13:34",
        "14:04",
        "14:49",
        "15:19",
        "16:04",
        "16:34",
        "17:19",
        "17:49",
        "18:19",
        "18:54",
        "19:24",
        "19:54",
        "20:34"
    ],
    "saturday": [
        "7:16",
        "7:49",
        "8:19",
        "9:04",
        "9:34",
        "10:19",
        "10:49",
        "11:34",
        "12:04",
        "12:49",
        "13:19",
        "14:04",
        "14:34",
        "15:19",
        "15:49",
        "16:34",
        "17:04",
        "17:49",
        "18:19",
        "19:04",
        "19:34"
    ],
    "holiday": [
        "7:16",
        "7:49",
        "8:19",
        "9:04",
        "9:34",
        "10:19",
        "10:49",
        "11:34",
        "12:04",
        "12:49",
        "13:19",
        "14:04",
        "14:34",
        "15:19",
        "15:49",
        "16:34",
        "17:04",
        "17:49",
        "18:19",
        "19:04",
        "19:34"
    ],
    "url": "https://www.kanachu.co.jp/dia/diagram/timetable01_js/course:0000800842-6/node:00126685/kt:0/lname:/"
}
