{
    "date": "2025/02/24",
    "name": "三ツ境小学校前",
    "position": "-",
    "system": "",
    "destinations": [
        "原中学校前",
        "向原(横浜市瀬谷区)",
        "原店(横浜市瀬谷区)",
        "阿久和坂上",
        "新和入口",
        "山王塚(横浜市瀬谷区)",
        "変電所前(横浜市泉区)",
        "和泉台",
        "松陽高校前",
        "グリーンハイム前",
        "いずみ野駅"
    ],
    "weekday": [
        "6:38",
        "7:02",
        "7:32",
        "8:01",
        "8:36",
        "9:06",
        "9:51",
        "10:21",
        "11:06",
        "11:36",
        "12:21",
        "12:51",
        "13:36",
        "14:06",
        "14:51",
        "15:21",
        "16:06",
        "16:36",
        "17:21",
        "17:51",
        "18:21",
        "18:56",
        "19:26",
        "19:56",
        "20:36"
    ],
    "saturday": [
        "7:18",
        "7:51",
        "8:21",
        "9:06",
        "9:36",
        "10:21",
        "10:51",
        "11:36",
        "12:06",
        "12:51",
        "13:21",
        "14:06",
        "14:36",
        "15:21",
        "15:51",
        "16:36",
        "17:06",
        "17:51",
        "18:21",
        "19:06",
        "19:36"
    ],
    "holiday": [
        "7:18",
        "7:51",
        "8:21",
        "9:06",
        "9:36",
        "10:21",
        "10:51",
        "11:36",
        "12:06",
        "12:51",
        "13:21",
        "14:06",
        "14:36",
        "15:21",
        "15:51",
        "16:36",
        "17:06",
        "17:51",
        "18:21",
        "19:06",
        "19:36"
    ],
    "url": "https://www.kanachu.co.jp/dia/diagram/timetable01_js/course:0000800842-7/node:00126686/kt:0/lname:/"
}
