{
    "date": "2025/02/24",
    "name": "新和入口",
    "position": "-",
    "system": "",
    "destinations": [
        "山王塚(横浜市瀬谷区)",
        "変電所前(横浜市泉区)",
        "和泉台",
        "松陽高校前",
        "グリーンハイム前",
        "いずみ野駅"
    ],
    "weekday": [
        "6:44",
        "7:08",
        "7:39",
        "8:08",
        "8:43",
        "9:13",
        "9:58",
        "10:28",
        "11:13",
        "11:43",
        "12:28",
        "12:58",
        "13:43",
        "14:13",
        "14:58",
        "15:28",
        "16:13",
        "16:43",
        "17:28",
        "17:58",
        "18:28",
        "19:03",
        "19:33",
        "20:03",
        "20:43"
    ],
    "saturday": [
        "7:24",
        "7:58",
        "8:28",
        "9:13",
        "9:43",
        "10:28",
        "10:58",
        "11:43",
        "12:13",
        "12:58",
        "13:28",
        "14:13",
        "14:43",
        "15:28",
        "15:58",
        "16:43",
        "17:13",
        "17:58",
        "18:28",
        "19:13",
        "19:43"
    ],
    "holiday": [
        "7:24",
        "7:58",
        "8:28",
        "9:13",
        "9:43",
        "10:28",
        "10:58",
        "11:43",
        "12:13",
        "12:58",
        "13:28",
        "14:13",
        "14:43",
        "15:28",
        "15:58",
        "16:43",
        "17:13",
        "17:58",
        "18:28",
        "19:13",
        "19:43"
    ],
    "url": "https://www.kanachu.co.jp/dia/diagram/timetable01_js/course:0000800842-12/node:00126944/kt:0/lname:/"
}
