{
    "date": "2024/10/01",
    "name": "高橋南",
    "position": "-",
    "system": "淵40",
    "destinations": [
        "馬場十字路",
        "馬場橋南",
        "上矢部二丁目",
        "上矢部三丁目",
        "上矢部四丁目",
        "上矢部五丁目",
        "椿稲荷神社入口",
        "あかぬま公園前",
        "フェアロージュ淵野辺前",
        "大野北こどもセンター入口",
        "防衛省陸上装備研究所前",
        "児童相談所南",
        "フードワン淵野辺店前",
        "並木通り(相模原市中央区)",
        "淵野辺駅北口",
        "渕野辺総合病院入口",
        "南門商店街",
        "矢部駅・相模野病院前"
    ],
    "weekday": [
        "9:29",
        "10:29",
        "11:29",
        "12:29",
        "13:29",
        "14:29",
        "15:39",
        "16:39"
    ],
    "saturday": [],
    "holiday": [],
    "url": "https://www.kanachu.co.jp/dia/diagram/timetable01_js/course:0000803628-18/node:00130336/kt:0/lname:/"
}
