{
    "date": "2025/10/20",
    "name": "長堀(大和市)",
    "position": "-",
    "system": "間20",
    "destinations": [
        "一の関",
        "大和小学校前",
        "島津入口",
        "深見(大和市)",
        "遊園地前(大和市)",
        "四ツ角(大和市)",
        "大和駅西口"
    ],
    "weekday": [
        "6:45"
    ],
    "saturday": [
        "7:24"
    ],
    "holiday": [
        "7:24"
    ],
    "url": "https://www.kanachu.co.jp/dia/diagram/timetable01_js/course:0000803908-3/node:00129645/kt:0/lname:/"
}
