{
    "date": "2025/10/20",
    "name": "島津入口",
    "position": "-",
    "system": "間20",
    "destinations": [
        "深見(大和市)",
        "遊園地前(大和市)",
        "四ツ角(大和市)",
        "大和駅西口"
    ],
    "weekday": [
        "6:49"
    ],
    "saturday": [
        "7:28"
    ],
    "holiday": [
        "7:28"
    ],
    "url": "https://www.kanachu.co.jp/dia/diagram/timetable01_js/course:0000803908-6/node:00129648/kt:0/lname:/"
}
