{
    "date": "2025/10/20",
    "name": "上小池",
    "position": "-",
    "system": "綾76",
    "destinations": [
        "下小池",
        "北向庚申前",
        "上栗原",
        "栗原小学校前",
        "栗原交番前",
        "下栗原",
        "さがみ野駅北口"
    ],
    "weekday": [
        "6:53",
        "7:21",
        "7:51",
        "8:21",
        "9:21",
        "10:21",
        "11:21",
        "12:21",
        "13:21",
        "14:21",
        "15:21",
        "16:21",
        "17:21",
        "17:51",
        "18:51",
        "19:51"
    ],
    "saturday": [
        "7:21",
        "8:21",
        "9:21",
        "10:21",
        "11:21",
        "12:21",
        "13:21",
        "14:21",
        "15:21",
        "16:21",
        "17:21",
        "18:30"
    ],
    "holiday": [
        "7:21",
        "8:21",
        "9:21",
        "10:21",
        "11:21",
        "12:21",
        "13:21",
        "14:21",
        "15:21",
        "16:21",
        "17:21",
        "18:30"
    ],
    "url": "https://www.kanachu.co.jp/dia/diagram/timetable01_js/course:0000800296-4/node:00129877/kt:0/lname:/"
}
