{
    "date": "2025/10/20",
    "name": "栗原交番前",
    "position": "-",
    "system": "綾76",
    "destinations": [
        "下栗原",
        "さがみ野駅北口"
    ],
    "weekday": [
        "6:59",
        "7:27",
        "7:57",
        "8:27",
        "9:27",
        "10:27",
        "11:27",
        "12:27",
        "13:27",
        "14:27",
        "15:27",
        "16:27",
        "17:27",
        "17:57",
        "18:57",
        "19:57"
    ],
    "saturday": [
        "7:27",
        "8:27",
        "9:27",
        "10:27",
        "11:27",
        "12:27",
        "13:27",
        "14:27",
        "15:27",
        "16:27",
        "17:27",
        "18:36"
    ],
    "holiday": [
        "7:27",
        "8:27",
        "9:27",
        "10:27",
        "11:27",
        "12:27",
        "13:27",
        "14:27",
        "15:27",
        "16:27",
        "17:27",
        "18:36"
    ],
    "url": "https://www.kanachu.co.jp/dia/diagram/timetable01_js/course:0000800296-9/node:00129880/kt:0/lname:/"
}
