{
  "date": "2025/04/01",
  "name": "矢部八幡前",
  "position": "-",
  "system": "町17",
  "destinations": [
    "日向根トンネル",
    "根岸町内会館入口",
    "淡島公園入口",
    "町田総合高校前",
    "木曽南団地",
    "横町(町田市)",
    "境川団地",
    "境川団地中央",
    "境川団地入口",
    "木曽都営入口",
    "桧台入口",
    "森野六丁目",
    "森野五丁目",
    "妙延寺(町田市)",
    "町田市役所市民ホール前",
    "町田バスセンター"
  ],
  "weekday": [
    "6:34",
    "7:29",
    "8:39",
    "9:53",
    "10:53",
    "11:38",
    "12:39",
    "13:39",
    "14:39",
    "15:39",
    "16:53",
    "17:49",
    "18:53",
    "19:13"
  ],
  "saturday": [
    "6:44",
    "7:58",
    "8:58",
    "9:58",
    "10:58",
    "11:58",
    "12:58",
    "13:58",
    "14:58",
    "15:58",
    "16:58",
    "17:58",
    "18:58",
    "19:58"
  ],
  "holiday": [
    "6:44",
    "7:49",
    "8:58",
    "9:58",
    "10:58",
    "11:58",
    "12:58",
    "13:58",
    "14:58",
    "15:58",
    "16:58",
    "18:01",
    "18:58",
    "19:58"
  ],
  "url": "https://www.kanachu.co.jp/dia/diagram/timetable01_js/course:0000803215-7/node:00130113/kt:0/lname:/"
}