{
  "date": "2025/04/01",
  "name": "桧台入口",
  "position": "-",
  "system": "町17",
  "destinations": [
    "森野六丁目",
    "森野五丁目",
    "妙延寺(町田市)",
    "町田市役所市民ホール前",
    "町田バスセンター"
  ],
  "weekday": [
    "6:48",
    "7:43",
    "8:53",
    "10:07",
    "11:07",
    "11:52",
    "12:53",
    "13:53",
    "14:53",
    "15:53",
    "17:07",
    "18:03",
    "19:05",
    "19:25"
  ],
  "saturday": [
    "6:56",
    "8:10",
    "9:11",
    "10:11",
    "11:12",
    "12:12",
    "13:12",
    "14:12",
    "15:12",
    "16:12",
    "17:12",
    "18:12",
    "19:09",
    "20:09"
  ],
  "holiday": [
    "6:56",
    "8:01",
    "9:11",
    "10:11",
    "11:12",
    "12:12",
    "13:12",
    "14:12",
    "15:12",
    "16:12",
    "17:12",
    "18:12",
    "19:09",
    "20:09"
  ],
  "url": "https://www.kanachu.co.jp/dia/diagram/timetable01_js/course:0000803215-18/node:00129378/kt:0/lname:/"
}