{
    "date": "2025/11/16",
    "name": "水道企業団前(横浜市旭区)",
    "position": "-",
    "system": "境21",
    "destinations": [
        "西部病院前",
        "矢指町入口",
        "程ヶ谷カントリークラブ前",
        "川井橋",
        "東根",
        "原分",
        "亀甲山",
        "大貫橋",
        "若葉台南",
        "若葉台近隣公園前",
        "若葉台中学校前",
        "霧が丘高校前",
        "若葉台車庫前",
        "若葉台中央(横浜市旭区)",
        "若葉台車庫前",
        "霧が丘高校前",
        "霧が丘センター前",
        "郵便局前(横浜市緑区)",
        "萱場公園入口",
        "遊水池前(横浜市緑区)",
        "中山谷(横浜市緑区)",
        "十日市場",
        "十日市場駅"
    ],
    "weekday": [
        "7:48"
    ],
    "saturday": [],
    "holiday": [],
    "url": "https://www.kanachu.co.jp/dia/diagram/timetable01_js/course:0000802222-3/node:00129723/kt:0/lname:/"
}
