{
    "date": "2025/11/16",
    "name": "白山中央",
    "position": "-",
    "system": "鴨02",
    "destinations": [
        "白山みどり",
        "白山坂上",
        "白山高校正門前",
        "白山高校",
        "中山車庫"
    ],
    "weekday": [
        "10:43",
        "11:17",
        "12:31",
        "13:53",
        "14:21",
        "14:48",
        "16:16",
        "16:29",
        "17:06",
        "17:44",
        "19:09",
        "19:30",
        "20:46",
        "20:52",
        "23:05"
    ],
    "saturday": [
        "8:11",
        "8:48",
        "11:04",
        "13:22",
        "13:49",
        "14:52",
        "15:38",
        "16:38",
        "17:09",
        "17:29",
        "18:45",
        "20:06",
        "21:52"
    ],
    "holiday": [
        "9:43",
        "11:19",
        "13:50",
        "15:25",
        "16:42",
        "18:38",
        "19:21",
        "20:26",
        "21:31"
    ],
    "url": "https://www.kanachu.co.jp/dia/diagram/timetable01_js/course:0000803639-5/node:00102933/kt:0/lname:/"
}
