{
    "date": "2025/01/14",
    "name": "あつぎ大通り",
    "position": "-",
    "system": "厚27",
    "destinations": [
        "市役所入口(厚木市)",
        "合同庁舎前(厚木市)",
        "厚木高校前",
        "アステモ[Astemo]前〔旧:日立アステモ前〕",
        "アンリツ前",
        "緑ヶ丘入口(厚木市)",
        "黄金原",
        "小金",
        "白山(厚木市)",
        "六堂辻",
        "古松台入口"
    ],
    "weekday": [
        "23:28"
    ],
    "saturday": [
        "23:02"
    ],
    "holiday": [],
    "url": "https://www.kanachu.co.jp/dia/diagram/timetable01_js/course:0000803681-3/node:00128257/kt:0/lname:/"
}
