{
    "date": "2025/01/14",
    "name": "厚木高校前",
    "position": "-",
    "system": "厚27",
    "destinations": [
        "日立アステモ前",
        "アンリツ前",
        "緑ヶ丘入口(厚木市)",
        "黄金原",
        "小金",
        "白山(厚木市)",
        "六堂辻",
        "古松台入口"
    ],
    "weekday": [
        "23:32"
    ],
    "saturday": [
        "23:06"
    ],
    "holiday": [],
    "url": "https://www.kanachu.co.jp/dia/diagram/timetable01_js/course:0000803681-6/node:00128440/kt:0/lname:/"
}
