{
    "date": "2024/12/16",
    "name": "落合三丁目",
    "position": "-",
    "system": "多04",
    "destinations": [
        "落合四丁目",
        "豊ヶ丘五丁目",
        "恵泉女学園大学入口",
        "豊ヶ丘六丁目",
        "豊ヶ丘四丁目",
        "豊ヶ丘六丁目",
        "京王多摩車庫前",
        "中村(町田市小野路町)",
        "別所(町田市)",
        "湯船(町田市)",
        "五反田(町田市)",
        "下堤(町田市)",
        "岩子山",
        "井の花",
        "大蔵(鶴川郵便局前/町田市)",
        "鶴川市民センター入口",
        "下大蔵",
        "金井入口",
        "上能ヶ谷",
        "鶴川駅西口",
        "鶴川駅"
    ],
    "weekday": [
        "7:08",
        "7:53",
        "8:38",
        "9:40",
        "10:40",
        "11:40",
        "12:40",
        "13:40",
        "14:40",
        "15:40",
        "16:40",
        "17:42",
        "18:37",
        "19:38",
        "20:40"
    ],
    "saturday": [
        "7:50",
        "8:50",
        "9:50",
        "10:50",
        "11:50",
        "12:50",
        "13:50",
        "14:50",
        "15:50",
        "16:50",
        "17:50",
        "18:29",
        "19:29",
        "20:24"
    ],
    "holiday": [
        "7:50",
        "8:50",
        "9:50",
        "10:50",
        "11:50",
        "12:50",
        "13:50",
        "14:50",
        "15:50",
        "16:50",
        "17:50",
        "18:29",
        "19:29",
        "20:24"
    ],
    "url": "https://www.kanachu.co.jp/dia/diagram/timetable01_js/course:0000803462-4/node:00021378/kt:0/lname:/"
}
