{
    "date": "2024/12/16",
    "name": "豊ヶ丘六丁目",
    "position": "-",
    "system": "多04",
    "destinations": [
        "京王多摩車庫前",
        "中村(町田市小野路町)",
        "別所(町田市)",
        "湯船(町田市)",
        "五反田(町田市)",
        "下堤(町田市)",
        "岩子山",
        "井の花",
        "大蔵(鶴川郵便局前/町田市)",
        "鶴川市民センター入口",
        "下大蔵",
        "金井入口",
        "上能ヶ谷",
        "鶴川駅西口",
        "鶴川駅"
    ],
    "weekday": [
        "7:16",
        "8:01",
        "8:46",
        "9:48",
        "10:48",
        "11:48",
        "12:48",
        "13:48",
        "14:48",
        "15:48",
        "16:48",
        "17:50",
        "18:45",
        "19:46",
        "20:48"
    ],
    "saturday": [
        "7:58",
        "8:58",
        "9:58",
        "10:58",
        "11:58",
        "12:58",
        "13:58",
        "14:58",
        "15:58",
        "16:58",
        "17:58",
        "18:37",
        "19:37",
        "20:32"
    ],
    "holiday": [
        "7:58",
        "8:58",
        "9:58",
        "10:58",
        "11:58",
        "12:58",
        "13:58",
        "14:58",
        "15:58",
        "16:58",
        "17:58",
        "18:37",
        "19:37",
        "20:32"
    ],
    "url": "https://www.kanachu.co.jp/dia/diagram/timetable01_js/course:0000803462-10/node:00021290/kt:0/lname:/"
}
