{
    "date": "2024/12/16",
    "name": "別所(町田市)",
    "position": "-",
    "system": "多04",
    "destinations": [
        "湯船(町田市)",
        "五反田(町田市)",
        "下堤(町田市)",
        "岩子山",
        "井の花",
        "大蔵(鶴川郵便局前/町田市)",
        "鶴川市民センター入口",
        "下大蔵",
        "金井入口",
        "上能ヶ谷",
        "鶴川駅西口",
        "鶴川駅"
    ],
    "weekday": [
        "7:21",
        "8:06",
        "8:51",
        "9:53",
        "10:53",
        "11:53",
        "12:53",
        "13:53",
        "14:53",
        "15:53",
        "16:53",
        "17:55",
        "18:50",
        "19:51",
        "20:53"
    ],
    "saturday": [
        "8:03",
        "9:03",
        "10:03",
        "11:03",
        "12:03",
        "13:03",
        "14:03",
        "15:03",
        "16:03",
        "17:03",
        "18:03",
        "18:42",
        "19:42",
        "20:37"
    ],
    "holiday": [
        "8:03",
        "9:03",
        "10:03",
        "11:03",
        "12:03",
        "13:03",
        "14:03",
        "15:03",
        "16:03",
        "17:03",
        "18:03",
        "18:42",
        "19:42",
        "20:37"
    ],
    "url": "https://www.kanachu.co.jp/dia/diagram/timetable01_js/course:0000803462-13/node:00130073/kt:0/lname:/"
}
