{
    "system": "多04",
    "busstops": [
        {
            "index": "1",
            "id": "00020748",
            "name": "多摩センター駅",
            "lat": "35.624488",
            "lng": "139.425209"
        },
        {
            "index": "2",
            "id": "00021381",
            "name": "落合東",
            "lat": "35.625519",
            "lng": "139.430776"
        },
        {
            "index": "3",
            "id": "00021308",
            "name": "豊ヶ丘小学校",
            "lat": "35.622176",
            "lng": "139.432391"
        },
        {
            "index": "4",
            "id": "00021378",
            "name": "落合三丁目",
            "lat": "35.618521",
            "lng": "139.433047"
        },
        {
            "index": "5",
            "id": "00021379",
            "name": "落合四丁目",
            "lat": "35.614991",
            "lng": "139.432327"
        },
        {
            "index": "6",
            "id": "00021283",
            "name": "豊ヶ丘五丁目",
            "lat": "35.612382",
            "lng": "139.4324"
        },
        {
            "index": "7",
            "id": "00020285",
            "name": "恵泉女学園大学入口",
            "lat": "35.610614",
            "lng": "139.434471"
        },
        {
            "index": "8",
            "id": "00021290",
            "name": "豊ヶ丘六丁目",
            "lat": "35.612018",
            "lng": "139.437727"
        },
        {
            "index": "9",
            "id": "00021284",
            "name": "豊ヶ丘四丁目",
            "lat": "35.614058",
            "lng": "139.437502"
        },
        {
            "index": "10",
            "id": "00021290",
            "name": "豊ヶ丘六丁目",
            "lat": "35.611765",
            "lng": "139.437995"
        },
        {
            "index": "11",
            "id": "00020255",
            "name": "京王多摩車庫前",
            "lat": "35.610713",
            "lng": "139.443226"
        },
        {
            "index": "12",
            "id": "00130072",
            "name": "中村(町田市小野路町)",
            "lat": "35.604726",
            "lng": "139.444988"
        },
        {
            "index": "13",
            "id": "00130073",
            "name": "別所(町田市)",
            "lat": "35.602406",
            "lng": "139.445646"
        },
        {
            "index": "14",
            "id": "00130074",
            "name": "湯船(町田市)",
            "lat": "35.597424",
            "lng": "139.446813"
        },
        {
            "index": "15",
            "id": "00129476",
            "name": "五反田(町田市)",
            "lat": "35.594963",
            "lng": "139.44876"
        },
        {
            "index": "16",
            "id": "00129475",
            "name": "下堤(町田市)",
            "lat": "35.595141",
            "lng": "139.451963"
        },
        {
            "index": "17",
            "id": "00129474",
            "name": "岩子山",
            "lat": "35.593791",
            "lng": "139.456063"
        },
        {
            "index": "18",
            "id": "00129473",
            "name": "井の花",
            "lat": "35.591494",
            "lng": "139.458587"
        },
        {
            "index": "19",
            "id": "00129435",
            "name": "大蔵(鶴川郵便局前/町田市)",
            "lat": "35.588589",
            "lng": "139.462751"
        },
        {
            "index": "20",
            "id": "00129436",
            "name": "鶴川市民センター入口",
            "lat": "35.588281",
            "lng": "139.465066"
        },
        {
            "index": "21",
            "id": "00129437",
            "name": "下大蔵",
            "lat": "35.587149",
            "lng": "139.469776"
        },
        {
            "index": "22",
            "id": "00129438",
            "name": "金井入口",
            "lat": "35.585048",
            "lng": "139.472292"
        },
        {
            "index": "23",
            "id": "00129439",
            "name": "上能ヶ谷",
            "lat": "35.583703",
            "lng": "139.475854"
        },
        {
            "index": "24",
            "id": "00130346",
            "name": "鶴川駅西口",
            "lat": "35.583308",
            "lng": "139.478524"
        },
        {
            "index": "25",
            "id": "00049296",
            "name": "鶴川駅",
            "lat": "35.584013",
            "lng": "139.482612"
        }
    ],
    "route_url": "https://www.kanachu.co.jp/dia/route/index/cid:0000803462/"
}
