{
    "date": "2024/01/15",
    "name": "戸塚駅",
    "position": "-",
    "system": "戸97",
    "destinations": [
        "蔵坪",
        "柳作東",
        "来迎寺(横浜市戸塚区)",
        "谷矢部中央",
        "道祖神前(横浜市戸塚区)",
        "鳥が丘中央",
        "鳥が丘第一公園",
        "領家中学校前",
        "領家三丁目(横浜市泉区)",
        "領家一丁目(横浜市泉区)",
        "諏訪久保",
        "第二工業団地",
        "第二工業団地中央",
        "ラムーナ横浜戸塚"
    ],
    "weekday": [
        "16:40",
        "17:07",
        "17:30",
        "17:52",
        "18:08",
        "18:28",
        "19:08",
        "20:00",
        "21:21"
    ],
    "saturday": [],
    "holiday": [],
    "url": "https://www.kanachu.co.jp/dia/diagram/timetable01_js/course:0000800054-1/node:00126869/kt:0/lname:/"
}
