{
    "date": "2024/01/15",
    "name": "鳥が丘中央",
    "position": "-",
    "system": "戸97",
    "destinations": [
        "鳥が丘第一公園",
        "領家中学校前",
        "領家三丁目(横浜市泉区)",
        "領家一丁目(横浜市泉区)",
        "諏訪久保",
        "第二工業団地",
        "第二工業団地中央",
        "ラムーナ横浜戸塚"
    ],
    "weekday": [
        "16:46",
        "17:13",
        "17:36",
        "17:58",
        "18:14",
        "18:34",
        "19:14",
        "20:06",
        "21:27"
    ],
    "saturday": [],
    "holiday": [],
    "url": "https://www.kanachu.co.jp/dia/diagram/timetable01_js/course:0000800054-7/node:00126859/kt:0/lname:/"
}
