{
    "date": "2025/04/01",
    "name": "素心学院前",
    "position": "-",
    "system": "磯01",
    "destinations": [
        "国府中学西口",
        "湘南大磯住宅入口",
        "湘南大磯病院",
        "月京",
        "馬場公園",
        "馬場(中郡大磯町)",
        "城の下",
        "大磯運動公園前",
        "大町(中郡大磯町)",
        "白岩神社西",
        "白岩神社東",
        "統監道",
        "大磯小学校前",
        "大磯駅"
    ],
    "weekday": [
        "13:22"
    ],
    "saturday": [],
    "holiday": [],
    "url": "https://www.kanachu.co.jp/dia/diagram/timetable01_js/course:0000801827-22/node:00127515/kt:0/lname:/"
}
