{
    "date": "2023/02/20",
    "name": "大貫橋",
    "position": "-",
    "system": "",
    "destinations": [
        "亀甲山",
        "原分",
        "東根",
        "川井橋",
        "程ヶ谷カントリークラブ前",
        "矢指町入口",
        "西部病院前",
        "水道企業団前(横浜市旭区)",
        "つゆきの森",
        "三ツ境駅北口"
    ],
    "weekday": [
        "6:13",
        "6:39",
        "7:03",
        "7:36",
        "8:07",
        "9:03",
        "10:03",
        "11:03",
        "12:03",
        "13:03",
        "14:03",
        "15:03",
        "16:03",
        "17:03",
        "18:03",
        "19:03",
        "20:03"
    ],
    "saturday": [
        "6:46",
        "7:10",
        "8:08",
        "9:09",
        "10:09",
        "11:09",
        "12:09",
        "13:09",
        "14:09",
        "15:09",
        "16:09",
        "17:09",
        "18:09",
        "19:09",
        "20:09"
    ],
    "holiday": [
        "7:09",
        "8:09",
        "9:09",
        "10:09",
        "11:09",
        "12:09",
        "13:09",
        "14:09",
        "15:09",
        "16:09",
        "17:09",
        "18:09",
        "19:03",
        "20:03"
    ],
    "url": "https://www.kanachu.co.jp/dia/diagram/timetable01_js/course:0000802238-4/node:00129706/kt:0/lname:/"
}
