{
    "date": "2023/02/20",
    "name": "矢指町入口",
    "position": "-",
    "system": "",
    "destinations": [
        "西部病院前",
        "水道企業団前(横浜市旭区)",
        "つゆきの森",
        "三ツ境駅北口"
    ],
    "weekday": [
        "6:20",
        "6:46",
        "7:10",
        "7:43",
        "8:14",
        "9:10",
        "10:10",
        "11:10",
        "12:10",
        "13:10",
        "14:10",
        "15:10",
        "16:10",
        "17:10",
        "18:10",
        "19:10",
        "20:10"
    ],
    "saturday": [
        "6:53",
        "7:17",
        "8:15",
        "9:16",
        "10:16",
        "11:16",
        "12:16",
        "13:16",
        "14:16",
        "15:16",
        "16:16",
        "17:16",
        "18:16",
        "19:16",
        "20:16"
    ],
    "holiday": [
        "7:16",
        "8:16",
        "9:16",
        "10:16",
        "11:16",
        "12:16",
        "13:16",
        "14:16",
        "15:16",
        "16:16",
        "17:16",
        "18:16",
        "19:10",
        "20:10"
    ],
    "url": "https://www.kanachu.co.jp/dia/diagram/timetable01_js/course:0000802238-10/node:00129725/kt:0/lname:/"
}
