{
    "date": "2020/11/24",
    "name": "通信隊前",
    "position": "-",
    "system": "船21",
    "destinations": [
        "住宅前(横浜市泉区)",
        "深谷小入口",
        "汲沢入口",
        "クラブ前(横浜市戸塚区)",
        "深谷(横浜市戸塚区)",
        "三叉路(横浜市戸塚区)",
        "横浜医療センター前",
        "原宿四ツ角",
        "庚申塚(横浜市戸塚区)",
        "小雀",
        "神社前(横浜市栄区)",
        "千秀小学校前",
        "青少年センター前(横浜市栄区)",
        "常勝寺(横浜市栄区)",
        "田谷(横浜市栄区)",
        "小蓋山",
        "宮ノ前(横浜市栄区)",
        "長尾台(横浜市栄区)",
        "坂本(鎌倉市)",
        "大船駅西口"
    ],
    "weekday": [
        "5:38",
        "5:49",
        "6:18",
        "6:31",
        "6:53",
        "7:09",
        "7:21",
        "16:21",
        "16:46",
        "20:59"
    ],
    "saturday": [
        "5:41"
    ],
    "holiday": [
        "5:41"
    ],
    "url": "https://www.kanachu.co.jp/dia/diagram/timetable01_js/course:0000800637-5/node:00126832/kt:0/lname:/"
}
