{
    "date": "2020/11/24",
    "name": "深谷(横浜市戸塚区)",
    "position": "-",
    "system": "船21",
    "destinations": [
        "三叉路(横浜市戸塚区)",
        "横浜医療センター前",
        "原宿四ツ角",
        "庚申塚(横浜市戸塚区)",
        "小雀",
        "神社前(横浜市栄区)",
        "千秀小学校前",
        "青少年センター前(横浜市栄区)",
        "常勝寺(横浜市栄区)",
        "田谷(横浜市栄区)",
        "小蓋山",
        "宮ノ前(横浜市栄区)",
        "長尾台(横浜市栄区)",
        "坂本(鎌倉市)",
        "大船駅西口"
    ],
    "weekday": [
        "5:43",
        "5:54",
        "6:23",
        "6:36",
        "6:58",
        "7:14",
        "7:26",
        "16:26",
        "16:51",
        "21:04"
    ],
    "saturday": [
        "5:46"
    ],
    "holiday": [
        "5:46"
    ],
    "url": "https://www.kanachu.co.jp/dia/diagram/timetable01_js/course:0000800637-10/node:00130214/kt:0/lname:/"
}
