{
    "date": "2020/11/24",
    "name": "原宿四ツ角",
    "position": "-",
    "system": "船21",
    "destinations": [
        "庚申塚(横浜市戸塚区)",
        "小雀",
        "神社前(横浜市栄区)",
        "千秀小学校前",
        "青少年センター前(横浜市栄区)",
        "常勝寺(横浜市栄区)",
        "田谷(横浜市栄区)",
        "小蓋山",
        "宮ノ前(横浜市栄区)",
        "長尾台(横浜市栄区)",
        "坂本(鎌倉市)",
        "大船駅西口"
    ],
    "weekday": [
        "5:47",
        "5:58",
        "6:27",
        "6:40",
        "7:03",
        "7:19",
        "7:31",
        "16:31",
        "16:56",
        "21:08"
    ],
    "saturday": [
        "5:50"
    ],
    "holiday": [
        "5:50"
    ],
    "url": "https://www.kanachu.co.jp/dia/diagram/timetable01_js/course:0000800637-13/node:00126927/kt:0/lname:/"
}
