{
    "date": "2020/11/24",
    "name": "神社前(横浜市栄区)",
    "position": "-",
    "system": "船21",
    "destinations": [
        "千秀小学校前",
        "青少年センター前(横浜市栄区)",
        "常勝寺(横浜市栄区)",
        "田谷(横浜市栄区)",
        "小蓋山",
        "宮ノ前(横浜市栄区)",
        "長尾台(横浜市栄区)",
        "坂本(鎌倉市)",
        "大船駅西口"
    ],
    "weekday": [
        "5:51",
        "6:02",
        "6:31",
        "6:44",
        "7:07",
        "7:23",
        "7:35",
        "16:35",
        "17:00",
        "21:12"
    ],
    "saturday": [
        "5:54"
    ],
    "holiday": [
        "5:54"
    ],
    "url": "https://www.kanachu.co.jp/dia/diagram/timetable01_js/course:0000800637-16/node:00126924/kt:0/lname:/"
}
