{
    "date": "2020/11/24",
    "name": "田谷(横浜市栄区)",
    "position": "-",
    "system": "船21",
    "destinations": [
        "小蓋山",
        "宮ノ前(横浜市栄区)",
        "長尾台(横浜市栄区)",
        "坂本(鎌倉市)",
        "大船駅西口"
    ],
    "weekday": [
        "5:55",
        "6:06",
        "6:35",
        "6:48",
        "7:11",
        "7:27",
        "7:39",
        "16:39",
        "17:04",
        "21:16"
    ],
    "saturday": [
        "5:58"
    ],
    "holiday": [
        "5:58"
    ],
    "url": "https://www.kanachu.co.jp/dia/diagram/timetable01_js/course:0000800637-20/node:00126850/kt:0/lname:/"
}
