{
    "date": "2025/07/03",
    "name": "柳島スポーツ公園",
    "position": "-",
    "system": "茅38",
    "destinations": [
        "浜見平団地",
        "団地中央(茅ケ崎市)",
        "西浜高校前",
        "南湖入口",
        "西浜(茅ケ崎市)",
        "海水浴場前(茅ケ崎市)",
        "市営プール前(茅ケ崎市)",
        "茅ヶ崎公園野球場",
        "茅ヶ崎駅入口",
        "東海岸南三丁目",
        "東海岸",
        "会館前(茅ケ崎市)",
        "幸町(茅ケ崎市)",
        "茅ヶ崎駅南口"
    ],
    "weekday": [
        "8:52",
        "10:02",
        "11:13",
        "12:24",
        "13:34",
        "14:44",
        "15:54",
        "17:04",
        "18:14",
        "19:22"
    ],
    "saturday": [
        "8:32",
        "9:44",
        "10:54",
        "12:04",
        "13:14",
        "14:24",
        "15:34",
        "16:44",
        "17:54",
        "19:04"
    ],
    "holiday": [
        "8:32",
        "9:44",
        "10:54",
        "12:04",
        "13:14",
        "14:24",
        "15:34",
        "16:44",
        "17:54",
        "19:04"
    ],
    "url": "https://www.kanachu.co.jp/dia/diagram/timetable01_js/course:0000803826-1/node:00130535/kt:0/lname:/"
}
