{
    "date": "2025/07/03",
    "name": "東海岸南三丁目",
    "position": "-",
    "system": "茅38",
    "destinations": [
        "東海岸",
        "会館前(茅ケ崎市)",
        "幸町(茅ケ崎市)",
        "茅ヶ崎駅南口"
    ],
    "weekday": [
        "9:04",
        "10:14",
        "11:25",
        "12:36",
        "13:46",
        "14:56",
        "16:06",
        "17:16",
        "18:26",
        "19:34"
    ],
    "saturday": [
        "8:44",
        "9:56",
        "11:06",
        "12:16",
        "13:26",
        "14:36",
        "15:46",
        "16:56",
        "18:06",
        "19:16"
    ],
    "holiday": [
        "8:44",
        "9:56",
        "11:06",
        "12:16",
        "13:26",
        "14:36",
        "15:46",
        "16:56",
        "18:06",
        "19:16"
    ],
    "url": "https://www.kanachu.co.jp/dia/diagram/timetable01_js/course:0000803826-11/node:00127244/kt:0/lname:/"
}
