{
    "date": "2025/07/03",
    "name": "会館前(茅ケ崎市)",
    "position": "-",
    "system": "茅38",
    "destinations": [
        "幸町(茅ケ崎市)",
        "茅ヶ崎駅南口"
    ],
    "weekday": [
        "9:05",
        "10:15",
        "11:26",
        "12:37",
        "13:47",
        "14:57",
        "16:07",
        "17:17",
        "18:27",
        "19:35"
    ],
    "saturday": [
        "8:45",
        "9:57",
        "11:07",
        "12:17",
        "13:27",
        "14:37",
        "15:47",
        "16:57",
        "18:07",
        "19:17"
    ],
    "holiday": [
        "8:45",
        "9:57",
        "11:07",
        "12:17",
        "13:27",
        "14:37",
        "15:47",
        "16:57",
        "18:07",
        "19:17"
    ],
    "url": "https://www.kanachu.co.jp/dia/diagram/timetable01_js/course:0000803826-13/node:00127221/kt:0/lname:/"
}
