{
    "date": "2026/01/16",
    "name": "塚場",
    "position": "-",
    "system": "橋59",
    "destinations": [
        "下九沢",
        "葛輪",
        "工場入口",
        "上四ツ谷",
        "堀の内(相模原市中央区)",
        "田名バスターミナル",
        "田名坂上",
        "ふれあい科学館前",
        "水郷田名"
    ],
    "weekday": [
        "21:59",
        "22:40"
    ],
    "saturday": [
        "21:54",
        "22:44"
    ],
    "holiday": [
        "21:54",
        "22:44"
    ],
    "url": "https://www.kanachu.co.jp/dia/diagram/timetable01_js/course:0000804132-6/node:00129198/kt:0/lname:/"
}
