{
    "date": "2026/01/16",
    "name": "葛輪",
    "position": "-",
    "system": "橋59",
    "destinations": [
        "工場入口",
        "上四ツ谷",
        "堀の内(相模原市中央区)",
        "田名バスターミナル",
        "田名坂上",
        "ふれあい科学館前",
        "水郷田名"
    ],
    "weekday": [
        "22:02",
        "22:43"
    ],
    "saturday": [
        "21:57",
        "22:47"
    ],
    "holiday": [
        "21:57",
        "22:47"
    ],
    "url": "https://www.kanachu.co.jp/dia/diagram/timetable01_js/course:0000804132-8/node:00129131/kt:0/lname:/"
}
