{
    "date": "2025/07/27",
    "name": "釜野橋",
    "position": "-",
    "system": "二41",
    "destinations": [
        "百合が丘坂下",
        "峠公園",
        "南3号前",
        "インター入口",
        "橘団地中央",
        "橘団地"
    ],
    "weekday": [
        "6:28",
        "6:58",
        "7:28",
        "18:35",
        "19:15",
        "19:55",
        "20:33",
        "21:17",
        "21:55"
    ],
    "saturday": [
        "7:00",
        "7:36",
        "8:17",
        "9:47",
        "12:47",
        "15:47",
        "18:02",
        "18:57",
        "19:31",
        "20:17",
        "20:55"
    ],
    "holiday": [
        "7:00",
        "7:36",
        "8:17",
        "9:47",
        "12:47",
        "15:47",
        "18:02",
        "18:57",
        "19:31",
        "20:17",
        "20:55"
    ],
    "url": "https://www.kanachu.co.jp/dia/diagram/timetable01_js/course:0000802552-3/node:00128030/kt:0/lname:/"
}
