{
    "date": "2018/03/17",
    "name": "ニュータウン中央(茅ケ崎市)",
    "position": "-",
    "system": "辻09",
    "destinations": [
        "高田三丁目",
        "室田",
        "室田小学校入口",
        "室田一丁目",
        "松林二丁目",
        "松林",
        "菱沼二丁目",
        "菱沼団地入口",
        "幼稚園前(茅ケ崎市)",
        "小和田小学校",
        "東小和田",
        "辻堂駅西口",
        "辻堂駅北口",
        "新町一丁目(藤沢市)",
        "新町二丁目(藤沢市)",
        "新町三丁目(藤沢市)",
        "ソニー前(藤沢市)",
        "高山車庫"
    ],
    "weekday": [
        "5:55",
        "6:13",
        "6:53",
        "7:30",
        "8:05",
        "9:00",
        "12:30",
        "16:57",
        "17:35",
        "18:20",
        "19:07",
        "19:34",
        "20:07",
        "20:54",
        "22:02"
    ],
    "saturday": [
        "6:39"
    ],
    "holiday": [
        "6:39"
    ],
    "url": "https://www.kanachu.co.jp/dia/diagram/timetable01_js/course:0000802650-6/node:00127266/kt:0/lname:/"
}
