{
    "date": "2018/03/17",
    "name": "松林",
    "position": "-",
    "system": "辻09",
    "destinations": [
        "菱沼二丁目",
        "菱沼団地入口",
        "幼稚園前(茅ケ崎市)",
        "小和田小学校",
        "東小和田",
        "辻堂駅西口",
        "辻堂駅北口",
        "新町一丁目(藤沢市)",
        "新町二丁目(藤沢市)",
        "新町三丁目(藤沢市)",
        "ソニー前(藤沢市)",
        "高山車庫"
    ],
    "weekday": [
        "6:02",
        "6:20",
        "7:00",
        "7:37",
        "8:12",
        "9:07",
        "12:37",
        "17:04",
        "17:42",
        "18:27",
        "19:14",
        "19:41",
        "20:14",
        "21:01",
        "22:09"
    ],
    "saturday": [
        "6:46"
    ],
    "holiday": [
        "6:46"
    ],
    "url": "https://www.kanachu.co.jp/dia/diagram/timetable01_js/course:0000802650-12/node:00127282/kt:0/lname:/"
}
