{
    "date": "2018/03/17",
    "name": "辻堂駅西口",
    "position": "-",
    "system": "辻09",
    "destinations": [
        "辻堂駅北口",
        "新町一丁目(藤沢市)",
        "新町二丁目(藤沢市)",
        "新町三丁目(藤沢市)",
        "ソニー前(藤沢市)",
        "高山車庫"
    ],
    "weekday": [
        "6:08",
        "6:26",
        "7:07",
        "7:44",
        "8:19",
        "9:14",
        "12:44",
        "17:11",
        "17:49",
        "18:34",
        "19:20",
        "19:47",
        "20:20",
        "21:07",
        "22:15"
    ],
    "saturday": [
        "6:52"
    ],
    "holiday": [
        "6:52"
    ],
    "url": "https://www.kanachu.co.jp/dia/diagram/timetable01_js/course:0000802650-18/node:00127268/kt:0/lname:/"
}
