{
    "date": "2018/03/17",
    "name": "辻堂駅北口",
    "position": "-",
    "system": "辻09",
    "destinations": [
        "新町一丁目(藤沢市)",
        "新町二丁目(藤沢市)",
        "新町三丁目(藤沢市)",
        "ソニー前(藤沢市)",
        "高山車庫"
    ],
    "weekday": [
        "6:11",
        "6:29",
        "7:11",
        "7:48",
        "8:23",
        "9:19",
        "12:49",
        "17:17",
        "17:55",
        "18:40",
        "19:23",
        "19:50",
        "20:23",
        "21:10",
        "22:18"
    ],
    "saturday": [
        "6:55"
    ],
    "holiday": [
        "6:55"
    ],
    "url": "https://www.kanachu.co.jp/dia/diagram/timetable01_js/course:0000802650-19/node:00129934/kt:0/lname:/"
}
