{
    "date": "2018/03/17",
    "name": "新町一丁目(藤沢市)",
    "position": "-",
    "system": "辻09",
    "destinations": [
        "新町二丁目(藤沢市)",
        "新町三丁目(藤沢市)",
        "ソニー前(藤沢市)",
        "高山車庫"
    ],
    "weekday": [
        "6:12",
        "6:30",
        "7:12",
        "7:49",
        "8:24",
        "9:20",
        "12:50",
        "17:18",
        "17:56",
        "18:41",
        "19:24",
        "19:51",
        "20:24",
        "21:11",
        "22:19"
    ],
    "saturday": [
        "6:56"
    ],
    "holiday": [
        "6:56"
    ],
    "url": "https://www.kanachu.co.jp/dia/diagram/timetable01_js/course:0000802650-20/node:00127311/kt:0/lname:/"
}
