{
    "date": "2018/03/17",
    "name": "新町二丁目(藤沢市)",
    "position": "-",
    "system": "辻09",
    "destinations": [
        "新町三丁目(藤沢市)",
        "ソニー前(藤沢市)",
        "高山車庫"
    ],
    "weekday": [
        "6:13",
        "6:31",
        "7:13",
        "7:50",
        "8:25",
        "9:21",
        "12:51",
        "17:19",
        "17:57",
        "18:42",
        "19:25",
        "19:52",
        "20:25",
        "21:12",
        "22:20"
    ],
    "saturday": [
        "6:57"
    ],
    "holiday": [
        "6:57"
    ],
    "url": "https://www.kanachu.co.jp/dia/diagram/timetable01_js/course:0000802650-21/node:00127312/kt:0/lname:/"
}
