{
    "date": "2018/03/17",
    "name": "新町三丁目(藤沢市)",
    "position": "-",
    "system": "辻09",
    "destinations": [
        "ソニー前(藤沢市)",
        "高山車庫"
    ],
    "weekday": [
        "6:14",
        "6:32",
        "7:14",
        "7:51",
        "8:26",
        "9:22",
        "12:52",
        "17:20",
        "17:58",
        "18:43",
        "19:26",
        "19:53",
        "20:26",
        "21:13",
        "22:21"
    ],
    "saturday": [
        "6:58"
    ],
    "holiday": [
        "6:58"
    ],
    "url": "https://www.kanachu.co.jp/dia/diagram/timetable01_js/course:0000802650-22/node:00127313/kt:0/lname:/"
}
