{
    "date": "2024/03/16",
    "name": "常盤(町田市)",
    "position": "-",
    "system": "淵65",
    "destinations": [
        "中常盤",
        "下常盤",
        "矢部",
        "桜美林学園前",
        "矢部八幡前",
        "山王下(相模原市中央区)",
        "山王(相模原市中央区)",
        "小学校入口(相模原市中央区)",
        "淵野辺郵便局前",
        "幸町(相模原市中央区)",
        "淵野辺駅北口"
    ],
    "weekday": [
        "5:44",
        "6:23",
        "7:14",
        "7:29",
        "7:45",
        "9:51",
        "11:19",
        "12:54",
        "14:04",
        "15:16",
        "17:31",
        "18:44"
    ],
    "saturday": [
        "5:54",
        "6:29",
        "7:24",
        "7:49",
        "8:29",
        "10:29",
        "11:49",
        "12:29",
        "14:29",
        "16:15",
        "18:39"
    ],
    "holiday": [
        "6:29",
        "7:33",
        "8:53",
        "9:45",
        "10:43",
        "11:43",
        "12:19",
        "13:29",
        "15:03",
        "16:34",
        "18:39"
    ],
    "url": "https://www.kanachu.co.jp/dia/diagram/timetable01_js/course:0000800937-8/node:00129202/kt:0/lname:/"
}
