{
    "date": "2024/03/16",
    "name": "桜美林学園前",
    "position": "-",
    "system": "淵65",
    "destinations": [
        "矢部八幡前",
        "山王下(相模原市中央区)",
        "山王(相模原市中央区)",
        "小学校入口(相模原市中央区)",
        "淵野辺郵便局前",
        "幸町(相模原市中央区)",
        "淵野辺駅北口"
    ],
    "weekday": [
        "5:48",
        "6:27",
        "7:19",
        "7:34",
        "7:50",
        "9:56",
        "11:24",
        "12:59",
        "14:09",
        "15:21",
        "17:36",
        "18:49"
    ],
    "saturday": [
        "5:58",
        "6:33",
        "7:28",
        "7:53",
        "8:33",
        "10:34",
        "11:54",
        "12:34",
        "14:34",
        "16:20",
        "18:43"
    ],
    "holiday": [
        "6:33",
        "7:37",
        "8:57",
        "9:49",
        "10:48",
        "11:48",
        "12:24",
        "13:34",
        "15:08",
        "16:39",
        "18:43"
    ],
    "url": "https://www.kanachu.co.jp/dia/diagram/timetable01_js/course:0000800937-12/node:00130114/kt:0/lname:/"
}
