{
    "date": "2025/05/11",
    "name": "長倉町",
    "position": "-",
    "system": "金25",
    "destinations": [
        "上郷(横浜市栄区)",
        "森の家前",
        "横浜霊園前",
        "隧道東口",
        "相武隧道",
        "朝比奈",
        "大道中学校前",
        "住宅前(横浜市金沢区)",
        "西大道",
        "大道(横浜市金沢区)",
        "大道小学校前",
        "六浦",
        "上行寺",
        "六浦橋",
        "金沢八景",
        "金沢八景駅"
    ],
    "weekday": [
        "6:52",
        "7:14",
        "7:53",
        "10:10",
        "11:40"
    ],
    "saturday": [],
    "holiday": [],
    "url": "https://www.kanachu.co.jp/dia/diagram/timetable01_js/course:0000802829-5/node:00126518/kt:0/lname:/"
}
