{
    "date": "2025/05/11",
    "name": "大道中学校前",
    "position": "-",
    "system": "金25",
    "destinations": [
        "住宅前(横浜市金沢区)",
        "西大道",
        "大道(横浜市金沢区)",
        "大道小学校前",
        "六浦",
        "上行寺",
        "六浦橋",
        "金沢八景",
        "金沢八景駅"
    ],
    "weekday": [
        "6:58",
        "7:22",
        "8:01",
        "10:19",
        "11:49"
    ],
    "saturday": [],
    "holiday": [],
    "url": "https://www.kanachu.co.jp/dia/diagram/timetable01_js/course:0000802829-12/node:00113604/kt:0/lname:/"
}
