{
    "date": "2025/10/20",
    "name": "成瀬台二丁目",
    "position": "-",
    "system": "成01",
    "destinations": [
        "ポプラヶ丘前",
        "成瀬台入口",
        "観性寺前",
        "中村(町田市成瀬)",
        "成瀬高校入口",
        "南成瀬",
        "成瀬駅"
    ],
    "weekday": [
        "6:02",
        "6:46",
        "7:12",
        "7:24",
        "7:43",
        "7:55",
        "8:26",
        "9:26",
        "10:26",
        "11:03",
        "21:38"
    ],
    "saturday": [
        "9:56",
        "10:26"
    ],
    "holiday": [
        "6:32",
        "7:06",
        "8:03",
        "10:03",
        "19:11"
    ],
    "url": "https://www.kanachu.co.jp/dia/diagram/timetable01_js/course:0000800906-3/node:00129601/kt:0/lname:/"
}
