{
    "date": "2025/10/20",
    "name": "ポプラヶ丘前",
    "position": "-",
    "system": "成01",
    "destinations": [
        "成瀬台入口",
        "観性寺前",
        "中村(町田市成瀬)",
        "成瀬高校入口",
        "南成瀬",
        "成瀬駅"
    ],
    "weekday": [
        "6:03",
        "6:47",
        "7:13",
        "7:25",
        "7:44",
        "7:56",
        "8:27",
        "9:27",
        "10:27",
        "11:04",
        "21:39"
    ],
    "saturday": [
        "9:57",
        "10:27"
    ],
    "holiday": [
        "6:33",
        "7:07",
        "8:04",
        "10:04",
        "19:12"
    ],
    "url": "https://www.kanachu.co.jp/dia/diagram/timetable01_js/course:0000800906-4/node:00129600/kt:0/lname:/"
}
