{
    "date": "2025/10/20",
    "name": "中村(町田市成瀬)",
    "position": "-",
    "system": "成01",
    "destinations": [
        "成瀬高校入口",
        "南成瀬",
        "成瀬駅"
    ],
    "weekday": [
        "6:07",
        "6:51",
        "7:17",
        "7:29",
        "7:48",
        "8:00",
        "8:31",
        "9:31",
        "10:31",
        "11:08",
        "21:42"
    ],
    "saturday": [
        "10:01",
        "10:31"
    ],
    "holiday": [
        "6:37",
        "7:11",
        "8:08",
        "10:08",
        "19:16"
    ],
    "url": "https://www.kanachu.co.jp/dia/diagram/timetable01_js/course:0000800906-7/node:00129560/kt:0/lname:/"
}
