{
    "system": "成01",
    "busstops": [
        {
            "index": "1",
            "id": "00129603",
            "name": "成瀬台",
            "lat": "35.558936",
            "lng": "139.478167"
        },
        {
            "index": "2",
            "id": "00129602",
            "name": "野村住宅中央",
            "lat": "35.554713",
            "lng": "139.478712"
        },
        {
            "index": "3",
            "id": "00129601",
            "name": "成瀬台二丁目",
            "lat": "35.551974",
            "lng": "139.479144"
        },
        {
            "index": "4",
            "id": "00129600",
            "name": "ポプラヶ丘前",
            "lat": "35.54929",
            "lng": "139.477258"
        },
        {
            "index": "5",
            "id": "00129599",
            "name": "成瀬台入口",
            "lat": "35.549463",
            "lng": "139.472693"
        },
        {
            "index": "6",
            "id": "00129559",
            "name": "観性寺前",
            "lat": "35.547348",
            "lng": "139.472808"
        },
        {
            "index": "7",
            "id": "00129560",
            "name": "中村(町田市成瀬)",
            "lat": "35.544976",
            "lng": "139.473645"
        },
        {
            "index": "8",
            "id": "00129561",
            "name": "成瀬高校入口",
            "lat": "35.542647",
            "lng": "139.473964"
        },
        {
            "index": "9",
            "id": "00129562",
            "name": "南成瀬",
            "lat": "35.538464",
            "lng": "139.473896"
        },
        {
            "index": "10",
            "id": "00129552",
            "name": "成瀬駅",
            "lat": "35.535616",
            "lng": "139.473071"
        }
    ],
    "route_url": "https://www.kanachu.co.jp/dia/route/index/cid:0000800906/"
}
