{
    "date": "2025/05/11",
    "name": "公田団地",
    "position": "-",
    "system": "本21",
    "destinations": [
        "団地下(横浜市栄区)",
        "団地入口(横浜市栄区)",
        "天神橋(横浜市栄区)",
        "栄警察署前",
        "公田",
        "栄区役所前",
        "本郷台駅"
    ],
    "weekday": [
        "9:55",
        "11:55",
        "13:55",
        "15:55"
    ],
    "saturday": [
        "10:25",
        "12:25",
        "14:25"
    ],
    "holiday": [
        "10:25",
        "12:25",
        "14:25"
    ],
    "url": "https://www.kanachu.co.jp/dia/diagram/timetable01_js/course:0000802877-1/node:00126541/kt:0/lname:/"
}
