{
    "date": "2026/01/16",
    "name": "吉岡工業団地",
    "position": "-",
    "system": "長36",
    "destinations": [
        "団地中央(綾瀬市)",
        "新道向",
        "芝原入口",
        "天沼(藤沢市)",
        "天沼入口",
        "上宮下",
        "宮下(藤沢市)",
        "谷戸入口(藤沢市)",
        "出荷場前",
        "葛原(藤沢市)",
        "東山田(藤沢市)",
        "山谷(藤沢市)",
        "大持",
        "いすゞ前",
        "下土棚",
        "坂下(藤沢市)",
        "住宅前(藤沢市下土棚)",
        "長後市民センター前",
        "長後駅西口"
    ],
    "weekday": [
        "6:23",
        "7:30",
        "9:40",
        "11:23",
        "16:45",
        "17:59",
        "18:43"
    ],
    "saturday": [
        "8:36",
        "14:30",
        "15:36",
        "16:27"
    ],
    "holiday": [
        "8:36",
        "15:10",
        "16:27"
    ],
    "url": "https://www.kanachu.co.jp/dia/diagram/timetable01_js/course:0000804115-1/node:00129897/kt:0/lname:/"
}
