{
    "date": "2026/01/16",
    "name": "天沼(藤沢市)",
    "position": "-",
    "system": "長36",
    "destinations": [
        "天沼入口",
        "上宮下",
        "宮下(藤沢市)",
        "谷戸入口(藤沢市)",
        "出荷場前",
        "葛原(藤沢市)",
        "東山田(藤沢市)",
        "山谷(藤沢市)",
        "大持",
        "いすゞ前",
        "下土棚",
        "坂下(藤沢市)",
        "住宅前(藤沢市下土棚)",
        "長後市民センター前",
        "長後駅西口"
    ],
    "weekday": [
        "6:26",
        "7:33",
        "9:43",
        "11:26",
        "16:48",
        "18:02",
        "18:46"
    ],
    "saturday": [
        "8:39",
        "14:33",
        "15:39",
        "16:30"
    ],
    "holiday": [
        "8:39",
        "15:13",
        "16:30"
    ],
    "url": "https://www.kanachu.co.jp/dia/diagram/timetable01_js/course:0000804115-5/node:00129901/kt:0/lname:/"
}
