{
    "date": "2026/01/16",
    "name": "出荷場前",
    "position": "-",
    "system": "長36",
    "destinations": [
        "葛原(藤沢市)",
        "東山田(藤沢市)",
        "山谷(藤沢市)",
        "大持",
        "いすゞ前",
        "下土棚",
        "坂下(藤沢市)",
        "住宅前(藤沢市下土棚)",
        "長後市民センター前",
        "長後駅西口"
    ],
    "weekday": [
        "6:29",
        "7:36",
        "9:46",
        "11:29",
        "16:51",
        "18:05",
        "18:49"
    ],
    "saturday": [
        "8:42",
        "14:36",
        "15:42",
        "16:33"
    ],
    "holiday": [
        "8:42",
        "15:16",
        "16:33"
    ],
    "url": "https://www.kanachu.co.jp/dia/diagram/timetable01_js/course:0000804115-10/node:00129906/kt:0/lname:/"
}
