{
    "date": "2025/03/15",
    "name": "中央公園前(茅ケ崎市)",
    "position": "-",
    "system": "湘11",
    "destinations": [
        "前の田",
        "神奈中営業所前",
        "ニュータウン入口(茅ケ崎市)",
        "鶴が台入口",
        "高田(茅ケ崎市)",
        "甘沼",
        "八幡神社前(茅ケ崎市)",
        "殿山公園前",
        "南長谷戸",
        "長谷戸",
        "堤坂下",
        "小出二本松",
        "大辻(藤沢市)",
        "小出一本松",
        "湘南ライフタウン",
        "遠藤中原",
        "遠藤松原",
        "市営住宅前(藤沢市)",
        "遠藤北原",
        "秋葉台小学校",
        "遠藤(藤沢市)",
        "南大山",
        "工業団地入口(藤沢市)",
        "北警察署前(藤沢市)",
        "湘南台駅西口"
    ],
    "weekday": [
        "5:52",
        "6:17",
        "6:47",
        "7:37",
        "8:17",
        "9:07",
        "10:07",
        "11:07",
        "12:07",
        "13:02",
        "14:02",
        "15:17",
        "16:17",
        "17:17",
        "18:17",
        "19:17",
        "20:14",
        "21:27"
    ],
    "saturday": [
        "5:52",
        "6:32",
        "7:22",
        "8:12",
        "9:07",
        "10:12",
        "11:12",
        "12:12",
        "13:12",
        "14:12",
        "15:12",
        "16:12",
        "17:12",
        "18:12",
        "19:12",
        "20:07",
        "21:07"
    ],
    "holiday": [
        "5:52",
        "6:32",
        "7:22",
        "8:07",
        "9:07",
        "10:12",
        "11:12",
        "12:12",
        "13:12",
        "14:12",
        "15:12",
        "16:12",
        "17:12",
        "18:12",
        "19:12",
        "20:07",
        "21:07"
    ],
    "url": "https://www.kanachu.co.jp/dia/diagram/timetable01_js/course:0000800506-2/node:00127135/kt:0/lname:/"
}
