{
    "date": "2025/03/15",
    "name": "神奈中営業所前",
    "position": "-",
    "system": "湘11",
    "destinations": [
        "ニュータウン入口(茅ケ崎市)",
        "鶴が台入口",
        "高田(茅ケ崎市)",
        "甘沼",
        "八幡神社前(茅ケ崎市)",
        "殿山公園前",
        "南長谷戸",
        "長谷戸",
        "堤坂下",
        "小出二本松",
        "大辻(藤沢市)",
        "小出一本松",
        "湘南ライフタウン",
        "遠藤中原",
        "遠藤松原",
        "市営住宅前(藤沢市)",
        "遠藤北原",
        "秋葉台小学校",
        "遠藤(藤沢市)",
        "南大山",
        "工業団地入口(藤沢市)",
        "北警察署前(藤沢市)",
        "湘南台駅西口"
    ],
    "weekday": [
        "5:54",
        "6:19",
        "6:49",
        "7:40",
        "8:20",
        "9:10",
        "10:10",
        "11:10",
        "12:10",
        "13:05",
        "14:05",
        "15:20",
        "16:20",
        "17:20",
        "18:20",
        "19:20",
        "20:16",
        "21:29"
    ],
    "saturday": [
        "5:54",
        "6:34",
        "7:24",
        "8:15",
        "9:10",
        "10:15",
        "11:15",
        "12:15",
        "13:15",
        "14:15",
        "15:15",
        "16:15",
        "17:15",
        "18:15",
        "19:14",
        "20:09",
        "21:09"
    ],
    "holiday": [
        "5:54",
        "6:34",
        "7:24",
        "8:10",
        "9:10",
        "10:15",
        "11:15",
        "12:15",
        "13:15",
        "14:15",
        "15:15",
        "16:15",
        "17:15",
        "18:15",
        "19:14",
        "20:09",
        "21:09"
    ],
    "url": "https://www.kanachu.co.jp/dia/diagram/timetable01_js/course:0000800506-4/node:00127137/kt:0/lname:/"
}
