{
    "date": "2025/03/15",
    "name": "ニュータウン入口(茅ケ崎市)",
    "position": "-",
    "system": "湘11",
    "destinations": [
        "鶴が台入口",
        "高田(茅ケ崎市)",
        "甘沼",
        "八幡神社前(茅ケ崎市)",
        "殿山公園前",
        "南長谷戸",
        "長谷戸",
        "堤坂下",
        "小出二本松",
        "大辻(藤沢市)",
        "小出一本松",
        "湘南ライフタウン",
        "遠藤中原",
        "遠藤松原",
        "市営住宅前(藤沢市)",
        "遠藤北原",
        "秋葉台小学校",
        "遠藤(藤沢市)",
        "南大山",
        "工業団地入口(藤沢市)",
        "北警察署前(藤沢市)",
        "湘南台駅西口"
    ],
    "weekday": [
        "5:55",
        "6:20",
        "6:50",
        "7:41",
        "8:21",
        "9:11",
        "10:11",
        "11:11",
        "12:11",
        "13:06",
        "14:06",
        "15:21",
        "16:21",
        "17:21",
        "18:21",
        "19:21",
        "20:17",
        "21:30"
    ],
    "saturday": [
        "5:55",
        "6:35",
        "7:25",
        "8:16",
        "9:11",
        "10:16",
        "11:16",
        "12:16",
        "13:16",
        "14:16",
        "15:16",
        "16:16",
        "17:16",
        "18:16",
        "19:15",
        "20:10",
        "21:10"
    ],
    "holiday": [
        "5:55",
        "6:35",
        "7:25",
        "8:11",
        "9:11",
        "10:16",
        "11:16",
        "12:16",
        "13:16",
        "14:16",
        "15:16",
        "16:16",
        "17:16",
        "18:16",
        "19:15",
        "20:10",
        "21:10"
    ],
    "url": "https://www.kanachu.co.jp/dia/diagram/timetable01_js/course:0000800506-5/node:00127138/kt:0/lname:/"
}
