{
    "date": "2025/03/15",
    "name": "鶴が台入口",
    "position": "-",
    "system": "湘11",
    "destinations": [
        "高田(茅ケ崎市)",
        "甘沼",
        "八幡神社前(茅ケ崎市)",
        "殿山公園前",
        "南長谷戸",
        "長谷戸",
        "堤坂下",
        "小出二本松",
        "大辻(藤沢市)",
        "小出一本松",
        "湘南ライフタウン",
        "遠藤中原",
        "遠藤松原",
        "市営住宅前(藤沢市)",
        "遠藤北原",
        "秋葉台小学校",
        "遠藤(藤沢市)",
        "南大山",
        "工業団地入口(藤沢市)",
        "北警察署前(藤沢市)",
        "湘南台駅西口"
    ],
    "weekday": [
        "5:56",
        "6:21",
        "6:51",
        "7:43",
        "8:23",
        "9:13",
        "10:13",
        "11:13",
        "12:13",
        "13:08",
        "14:08",
        "15:23",
        "16:23",
        "17:23",
        "18:23",
        "19:23",
        "20:19",
        "21:32"
    ],
    "saturday": [
        "5:56",
        "6:36",
        "7:26",
        "8:18",
        "9:13",
        "10:18",
        "11:18",
        "12:18",
        "13:18",
        "14:18",
        "15:18",
        "16:18",
        "17:18",
        "18:18",
        "19:17",
        "20:12",
        "21:12"
    ],
    "holiday": [
        "5:56",
        "6:36",
        "7:26",
        "8:13",
        "9:13",
        "10:18",
        "11:18",
        "12:18",
        "13:18",
        "14:18",
        "15:18",
        "16:18",
        "17:18",
        "18:18",
        "19:17",
        "20:12",
        "21:12"
    ],
    "url": "https://www.kanachu.co.jp/dia/diagram/timetable01_js/course:0000800506-6/node:00127139/kt:0/lname:/"
}
