{
    "date": "2025/03/15",
    "name": "高田(茅ケ崎市)",
    "position": "-",
    "system": "湘11",
    "destinations": [
        "甘沼",
        "八幡神社前(茅ケ崎市)",
        "殿山公園前",
        "南長谷戸",
        "長谷戸",
        "堤坂下",
        "小出二本松",
        "大辻(藤沢市)",
        "小出一本松",
        "湘南ライフタウン",
        "遠藤中原",
        "遠藤松原",
        "市営住宅前(藤沢市)",
        "遠藤北原",
        "秋葉台小学校",
        "遠藤(藤沢市)",
        "南大山",
        "工業団地入口(藤沢市)",
        "北警察署前(藤沢市)",
        "湘南台駅西口"
    ],
    "weekday": [
        "5:57",
        "6:22",
        "6:52",
        "7:44",
        "8:24",
        "9:14",
        "10:14",
        "11:14",
        "12:14",
        "13:09",
        "14:09",
        "15:24",
        "16:24",
        "17:24",
        "18:24",
        "19:24",
        "20:20",
        "21:33"
    ],
    "saturday": [
        "5:57",
        "6:37",
        "7:27",
        "8:19",
        "9:14",
        "10:19",
        "11:19",
        "12:19",
        "13:19",
        "14:19",
        "15:19",
        "16:19",
        "17:19",
        "18:19",
        "19:18",
        "20:13",
        "21:13"
    ],
    "holiday": [
        "5:57",
        "6:37",
        "7:27",
        "8:14",
        "9:14",
        "10:19",
        "11:19",
        "12:19",
        "13:19",
        "14:19",
        "15:19",
        "16:19",
        "17:19",
        "18:19",
        "19:18",
        "20:13",
        "21:13"
    ],
    "url": "https://www.kanachu.co.jp/dia/diagram/timetable01_js/course:0000800506-7/node:00127140/kt:0/lname:/"
}
