{
    "date": "2025/03/15",
    "name": "甘沼",
    "position": "-",
    "system": "湘11",
    "destinations": [
        "八幡神社前(茅ケ崎市)",
        "殿山公園前",
        "南長谷戸",
        "長谷戸",
        "堤坂下",
        "小出二本松",
        "大辻(藤沢市)",
        "小出一本松",
        "湘南ライフタウン",
        "遠藤中原",
        "遠藤松原",
        "市営住宅前(藤沢市)",
        "遠藤北原",
        "秋葉台小学校",
        "遠藤(藤沢市)",
        "南大山",
        "工業団地入口(藤沢市)",
        "北警察署前(藤沢市)",
        "湘南台駅西口"
    ],
    "weekday": [
        "5:58",
        "6:23",
        "6:53",
        "7:45",
        "8:25",
        "9:15",
        "10:15",
        "11:15",
        "12:15",
        "13:10",
        "14:10",
        "15:25",
        "16:25",
        "17:25",
        "18:25",
        "19:25",
        "20:21",
        "21:34"
    ],
    "saturday": [
        "5:58",
        "6:38",
        "7:28",
        "8:20",
        "9:15",
        "10:20",
        "11:20",
        "12:20",
        "13:20",
        "14:20",
        "15:20",
        "16:20",
        "17:20",
        "18:20",
        "19:19",
        "20:14",
        "21:14"
    ],
    "holiday": [
        "5:58",
        "6:38",
        "7:28",
        "8:15",
        "9:15",
        "10:20",
        "11:20",
        "12:20",
        "13:20",
        "14:20",
        "15:20",
        "16:20",
        "17:20",
        "18:20",
        "19:19",
        "20:14",
        "21:14"
    ],
    "url": "https://www.kanachu.co.jp/dia/diagram/timetable01_js/course:0000800506-8/node:00127141/kt:0/lname:/"
}
