{
    "date": "2025/03/15",
    "name": "八幡神社前(茅ケ崎市)",
    "position": "-",
    "system": "湘11",
    "destinations": [
        "殿山公園前",
        "南長谷戸",
        "長谷戸",
        "堤坂下",
        "小出二本松",
        "大辻(藤沢市)",
        "小出一本松",
        "湘南ライフタウン",
        "遠藤中原",
        "遠藤松原",
        "市営住宅前(藤沢市)",
        "遠藤北原",
        "秋葉台小学校",
        "遠藤(藤沢市)",
        "南大山",
        "工業団地入口(藤沢市)",
        "北警察署前(藤沢市)",
        "湘南台駅西口"
    ],
    "weekday": [
        "5:59",
        "6:24",
        "6:54",
        "7:46",
        "8:26",
        "9:16",
        "10:16",
        "11:16",
        "12:16",
        "13:11",
        "14:11",
        "15:26",
        "16:26",
        "17:26",
        "18:26",
        "19:26",
        "20:22",
        "21:35"
    ],
    "saturday": [
        "5:59",
        "6:39",
        "7:29",
        "8:21",
        "9:16",
        "10:21",
        "11:21",
        "12:21",
        "13:21",
        "14:21",
        "15:21",
        "16:21",
        "17:21",
        "18:21",
        "19:20",
        "20:15",
        "21:15"
    ],
    "holiday": [
        "5:59",
        "6:39",
        "7:29",
        "8:16",
        "9:16",
        "10:21",
        "11:21",
        "12:21",
        "13:21",
        "14:21",
        "15:21",
        "16:21",
        "17:21",
        "18:21",
        "19:20",
        "20:15",
        "21:15"
    ],
    "url": "https://www.kanachu.co.jp/dia/diagram/timetable01_js/course:0000800506-9/node:00127267/kt:0/lname:/"
}
