{
    "date": "2025/03/15",
    "name": "小出一本松",
    "position": "-",
    "system": "湘11",
    "destinations": [
        "湘南ライフタウン",
        "遠藤中原",
        "遠藤松原",
        "市営住宅前(藤沢市)",
        "遠藤北原",
        "秋葉台小学校",
        "遠藤(藤沢市)",
        "南大山",
        "工業団地入口(藤沢市)",
        "北警察署前(藤沢市)",
        "湘南台駅西口"
    ],
    "weekday": [
        "6:08",
        "6:33",
        "7:03",
        "7:56",
        "8:36",
        "9:26",
        "10:26",
        "11:26",
        "12:26",
        "13:21",
        "14:21",
        "15:36",
        "16:36",
        "17:36",
        "18:36",
        "19:36",
        "20:31",
        "21:44"
    ],
    "saturday": [
        "6:08",
        "6:48",
        "7:38",
        "8:31",
        "9:26",
        "10:31",
        "11:31",
        "12:31",
        "13:31",
        "14:31",
        "15:31",
        "16:31",
        "17:31",
        "18:31",
        "19:29",
        "20:24",
        "21:24"
    ],
    "holiday": [
        "6:08",
        "6:48",
        "7:38",
        "8:26",
        "9:26",
        "10:31",
        "11:31",
        "12:31",
        "13:31",
        "14:31",
        "15:31",
        "16:31",
        "17:31",
        "18:31",
        "19:29",
        "20:24",
        "21:24"
    ],
    "url": "https://www.kanachu.co.jp/dia/diagram/timetable01_js/course:0000800506-16/node:00129957/kt:0/lname:/"
}
