{
    "date": "2025/03/15",
    "name": "秋葉台小学校",
    "position": "-",
    "system": "湘11",
    "destinations": [
        "遠藤(藤沢市)",
        "南大山",
        "工業団地入口(藤沢市)",
        "北警察署前(藤沢市)",
        "湘南台駅西口"
    ],
    "weekday": [
        "6:14",
        "6:39",
        "7:09",
        "8:02",
        "8:42",
        "9:32",
        "10:32",
        "11:32",
        "12:32",
        "13:27",
        "14:27",
        "15:42",
        "16:42",
        "17:42",
        "18:42",
        "19:42",
        "20:37",
        "21:50"
    ],
    "saturday": [
        "6:14",
        "6:54",
        "7:44",
        "8:37",
        "9:32",
        "10:37",
        "11:37",
        "12:37",
        "13:37",
        "14:37",
        "15:37",
        "16:37",
        "17:37",
        "18:37",
        "19:35",
        "20:30",
        "21:30"
    ],
    "holiday": [
        "6:14",
        "6:54",
        "7:44",
        "8:32",
        "9:32",
        "10:37",
        "11:37",
        "12:37",
        "13:37",
        "14:37",
        "15:37",
        "16:37",
        "17:37",
        "18:37",
        "19:35",
        "20:30",
        "21:30"
    ],
    "url": "https://www.kanachu.co.jp/dia/diagram/timetable01_js/course:0000800506-22/node:00129920/kt:0/lname:/"
}
