{
    "date": "2024/07/08",
    "name": "木曽都営入口",
    "position": "-",
    "system": "町12",
    "destinations": [
        "桧台入口",
        "森野六丁目",
        "森野五丁目",
        "妙延寺(町田市)",
        "町田市役所市民ホール前",
        "町田バスセンター"
    ],
    "weekday": [
        "7:10",
        "7:17",
        "7:25",
        "7:35",
        "8:10",
        "8:35"
    ],
    "saturday": [
        "8:28"
    ],
    "holiday": [],
    "url": "https://www.kanachu.co.jp/dia/diagram/timetable01_js/course:0000803162-6/node:00129379/kt:0/lname:/"
}
