{
    "date": "2024/07/08",
    "name": "桧台入口",
    "position": "-",
    "system": "町12",
    "destinations": [
        "森野六丁目",
        "森野五丁目",
        "妙延寺(町田市)",
        "町田市役所市民ホール前",
        "町田バスセンター"
    ],
    "weekday": [
        "7:11",
        "7:18",
        "7:26",
        "7:36",
        "8:11",
        "8:36"
    ],
    "saturday": [
        "8:29"
    ],
    "holiday": [],
    "url": "https://www.kanachu.co.jp/dia/diagram/timetable01_js/course:0000803162-7/node:00129378/kt:0/lname:/"
}
