{
    "date": "2024/07/08",
    "name": "妙延寺(町田市)",
    "position": "-",
    "system": "町12",
    "destinations": [
        "町田市役所市民ホール前",
        "町田バスセンター"
    ],
    "weekday": [
        "7:13",
        "7:20",
        "7:28",
        "7:38",
        "8:13",
        "8:38"
    ],
    "saturday": [
        "8:31"
    ],
    "holiday": [],
    "url": "https://www.kanachu.co.jp/dia/diagram/timetable01_js/course:0000803162-10/node:00129375/kt:0/lname:/"
}
