{
    "date": "2025/11/16",
    "name": "籠堰橋",
    "position": "-",
    "system": "愛16",
    "destinations": [
        "広町橋",
        "小野宮前",
        "小野橋(厚木市)",
        "榎田",
        "若宮橋(厚木市)",
        "森の里センター",
        "厚木西高校",
        "森の里四丁目",
        "森の里五丁目",
        "森の里"
    ],
    "weekday": [
        "12:34",
        "13:34",
        "14:34",
        "15:04",
        "15:34",
        "16:04",
        "16:34",
        "16:54",
        "17:14",
        "17:44",
        "18:14",
        "18:44",
        "19:14",
        "19:44",
        "20:14",
        "20:44",
        "21:14",
        "22:14",
        "23:12"
    ],
    "saturday": [
        "7:21",
        "7:56",
        "8:21",
        "8:59",
        "9:31",
        "9:59",
        "11:01",
        "12:01",
        "13:01",
        "14:01",
        "15:01",
        "16:01",
        "17:01",
        "17:31",
        "18:31",
        "19:31"
    ],
    "holiday": [
        "7:21",
        "7:56",
        "8:21",
        "8:59",
        "9:31",
        "9:59",
        "11:01",
        "12:01",
        "13:01",
        "14:01",
        "15:01",
        "16:01",
        "17:01",
        "17:31",
        "18:31",
        "19:31"
    ],
    "url": "https://www.kanachu.co.jp/dia/diagram/timetable01_js/course:0000800360-8/node:00128499/kt:0/lname:/"
}
