{
    "date": "2025/03/15",
    "name": "宮の腰(藤沢市)",
    "position": "-",
    "system": "長35",
    "destinations": [
        "葛野",
        "西葛原",
        "御所見中学校前",
        "御所見市民センター前",
        "用田(藤沢市)",
        "用田辻",
        "用田神社入口",
        "松葉(藤沢市)",
        "女坂",
        "山根(綾瀬市)",
        "吉岡芝原",
        "綾瀬車庫(綾瀬市)"
    ],
    "weekday": [
        "6:45",
        "7:16",
        "7:22",
        "7:40",
        "7:50",
        "8:09",
        "8:18",
        "8:40",
        "9:10",
        "9:40",
        "10:10",
        "10:40",
        "11:10",
        "11:40",
        "12:10",
        "12:40",
        "13:10",
        "13:40",
        "14:10",
        "14:40",
        "15:10",
        "15:40",
        "16:10",
        "16:40",
        "17:10",
        "17:40",
        "18:10",
        "18:40",
        "19:10",
        "19:45",
        "20:18",
        "21:18",
        "21:58",
        "22:38"
    ],
    "saturday": [
        "8:10",
        "8:50",
        "9:30",
        "10:10",
        "10:50",
        "11:30",
        "12:10",
        "12:50",
        "13:30",
        "14:10",
        "14:50",
        "15:30",
        "16:10",
        "16:50",
        "17:30",
        "18:10",
        "18:50",
        "19:45",
        "20:45",
        "21:27",
        "22:05"
    ],
    "holiday": [
        "8:10",
        "8:50",
        "9:30",
        "10:10",
        "10:50",
        "11:30",
        "12:10",
        "12:50",
        "13:30",
        "14:10",
        "14:50",
        "15:30",
        "16:10",
        "16:50",
        "17:30",
        "18:10",
        "18:50",
        "19:45",
        "20:45",
        "21:27",
        "22:05"
    ],
    "url": "https://www.kanachu.co.jp/dia/diagram/timetable01_js/course:0000803007-11/node:00129821/kt:0/lname:/"
}
