{
    "date": "2024/04/01",
    "name": "工業団地入口(平塚市)",
    "position": "-",
    "system": "平09",
    "destinations": [
        "馬入橋",
        "蔵屋敷",
        "松原(平塚市)",
        "四ツ角(平塚市)",
        "平塚駅北口"
    ],
    "weekday": [
        "6:31",
        "17:15",
        "17:20",
        "17:24",
        "17:31",
        "17:41",
        "17:52",
        "18:23",
        "18:39",
        "19:20",
        "19:39",
        "20:12",
        "20:49",
        "21:39"
    ],
    "saturday": [
        "17:24"
    ],
    "holiday": [],
    "url": "https://www.kanachu.co.jp/dia/diagram/timetable01_js/course:0000800712-13/node:00127679/kt:0/lname:/"
}
