{
    "date": "2024/04/01",
    "name": "蔵屋敷",
    "position": "-",
    "system": "平09",
    "destinations": [
        "松原(平塚市)",
        "四ツ角(平塚市)",
        "平塚駅北口"
    ],
    "weekday": [
        "6:34",
        "17:18",
        "17:23",
        "17:27",
        "17:34",
        "17:44",
        "17:55",
        "18:26",
        "18:42",
        "19:23",
        "19:42",
        "20:15",
        "20:52",
        "21:42"
    ],
    "saturday": [
        "17:27"
    ],
    "holiday": [],
    "url": "https://www.kanachu.co.jp/dia/diagram/timetable01_js/course:0000800712-15/node:00127188/kt:0/lname:/"
}
