{
    "date": "2024/04/01",
    "name": "松原(平塚市)",
    "position": "-",
    "system": "平09",
    "destinations": [
        "四ツ角(平塚市)",
        "平塚駅北口"
    ],
    "weekday": [
        "6:35",
        "17:19",
        "17:24",
        "17:28",
        "17:35",
        "17:45",
        "17:56",
        "18:27",
        "18:43",
        "19:24",
        "19:43",
        "20:16",
        "20:53",
        "21:43"
    ],
    "saturday": [
        "17:28"
    ],
    "holiday": [],
    "url": "https://www.kanachu.co.jp/dia/diagram/timetable01_js/course:0000800712-16/node:00127189/kt:0/lname:/"
}
