{
    "system": "平09",
    "busstops": [
        {
            "index": "1",
            "id": "00127674",
            "name": "全農前",
            "lat": "35.350468",
            "lng": "139.361384"
        },
        {
            "index": "2",
            "id": "00127675",
            "name": "小松前",
            "lat": "35.351318",
            "lng": "139.361987"
        },
        {
            "index": "3",
            "id": "00127676",
            "name": "小松電子前",
            "lat": "35.351047",
            "lng": "139.364096"
        },
        {
            "index": "4",
            "id": "00127677",
            "name": "東八幡工業団地",
            "lat": "35.350819",
            "lng": "139.366257"
        },
        {
            "index": "5",
            "id": "00127691",
            "name": "東八幡五丁目",
            "lat": "35.349444",
            "lng": "139.366327"
        },
        {
            "index": "6",
            "id": "00127678",
            "name": "不動ケミカル前",
            "lat": "35.349198",
            "lng": "139.363779"
        },
        {
            "index": "7",
            "id": "00127673",
            "name": "工業団地(平塚市)",
            "lat": "35.349394",
            "lng": "139.36137"
        },
        {
            "index": "8",
            "id": "00127672",
            "name": "関西ペイント前(平塚市)",
            "lat": "35.34794",
            "lng": "139.361115"
        },
        {
            "index": "9",
            "id": "00127671",
            "name": "古河電工前(平塚市)",
            "lat": "35.345818",
            "lng": "139.360717"
        },
        {
            "index": "10",
            "id": "00127681",
            "name": "馬入境",
            "lat": "35.342683",
            "lng": "139.360147"
        },
        {
            "index": "11",
            "id": "00127680",
            "name": "長瀞",
            "lat": "35.339317",
            "lng": "139.360964"
        },
        {
            "index": "12",
            "id": "00127712",
            "name": "馬入ふれあい公園入口",
            "lat": "35.336967",
            "lng": "139.361747"
        },
        {
            "index": "13",
            "id": "00127679",
            "name": "工業団地入口(平塚市)",
            "lat": "35.336167",
            "lng": "139.359981"
        },
        {
            "index": "14",
            "id": "00127187",
            "name": "馬入橋",
            "lat": "35.333574",
            "lng": "139.358747"
        },
        {
            "index": "15",
            "id": "00127188",
            "name": "蔵屋敷",
            "lat": "35.331153",
            "lng": "139.358431"
        },
        {
            "index": "16",
            "id": "00127189",
            "name": "松原(平塚市)",
            "lat": "35.330643",
            "lng": "139.35537"
        },
        {
            "index": "17",
            "id": "00127190",
            "name": "四ツ角(平塚市)",
            "lat": "35.330055",
            "lng": "139.351324"
        },
        {
            "index": "18",
            "id": "00127464",
            "name": "平塚駅北口",
            "lat": "35.329356",
            "lng": "139.350577"
        }
    ],
    "route_url": "https://www.kanachu.co.jp/dia/route/index/cid:0000800712/"
}
