{
    "date": "2025/08/30",
    "name": "さかえ橋",
    "position": "-",
    "system": "東10",
    "destinations": [
        "中村(横浜市戸塚区)",
        "妙法寺(横浜市戸塚区)",
        "公園前(横浜市戸塚区)",
        "川上小学校前(横浜市戸塚区)",
        "前田ハイツ前",
        "天王山橋",
        "東戸塚駅東口"
    ],
    "weekday": [
        "6:07",
        "6:37",
        "7:06",
        "7:19",
        "7:30",
        "7:42",
        "7:54",
        "8:05",
        "8:18",
        "8:33",
        "8:50",
        "9:16",
        "9:46",
        "10:16",
        "10:46",
        "11:16",
        "11:46",
        "12:16",
        "12:46",
        "13:16",
        "13:46",
        "14:16",
        "14:46",
        "15:16",
        "15:46",
        "16:16",
        "16:46",
        "17:16",
        "17:46",
        "18:16",
        "18:40",
        "19:10",
        "19:25",
        "19:40",
        "20:10",
        "20:42",
        "21:12",
        "21:44",
        "22:08"
    ],
    "saturday": [
        "6:43",
        "7:13",
        "7:43",
        "8:13",
        "8:43",
        "9:00",
        "9:16",
        "9:46",
        "10:16",
        "10:46",
        "11:16",
        "11:46",
        "12:16",
        "12:46",
        "13:16",
        "13:46",
        "14:16",
        "14:46",
        "15:16",
        "15:46",
        "16:16",
        "16:46",
        "17:16",
        "17:46",
        "18:16",
        "18:46",
        "19:16",
        "19:48",
        "20:12",
        "20:43",
        "21:12"
    ],
    "holiday": [
        "6:43",
        "7:13",
        "7:43",
        "8:13",
        "8:43",
        "9:16",
        "9:46",
        "10:16",
        "10:46",
        "11:16",
        "11:46",
        "12:16",
        "12:46",
        "13:16",
        "13:46",
        "14:16",
        "14:46",
        "15:16",
        "15:46",
        "16:16",
        "16:46",
        "17:16",
        "17:46",
        "18:16",
        "18:46",
        "19:16",
        "19:48",
        "20:12",
        "20:43",
        "21:12"
    ],
    "url": "https://www.kanachu.co.jp/dia/diagram/timetable01_js/course:0000803838-6/node:00126654/kt:0/lname:/"
}
