{
    "date": "2025/04/19",
    "name": "大野台入口",
    "position": "-",
    "system": "大53",
    "destinations": [
        "オルガノ前",
        "大沼",
        "大沼小学校前",
        "東通り(相模原市南区)",
        "団地入口(相模原市南区)",
        "小沼(相模原市南区)",
        "南中前(相模原市南区)",
        "グリーンホール前",
        "相模大野駅北口"
    ],
    "weekday": [
        "7:35",
        "9:36",
        "10:35",
        "11:08",
        "12:08",
        "13:08",
        "13:38",
        "14:38",
        "15:38",
        "16:04",
        "16:14",
        "17:02",
        "17:18",
        "17:31",
        "17:40",
        "18:04",
        "18:16",
        "18:34",
        "19:01",
        "19:58",
        "20:28",
        "21:31",
        "21:51"
    ],
    "saturday": [
        "8:45",
        "9:05",
        "9:55",
        "10:15",
        "10:55",
        "12:00",
        "12:15",
        "12:40",
        "13:15",
        "14:05",
        "14:45",
        "15:00",
        "15:45",
        "16:00",
        "16:15",
        "17:00",
        "18:00",
        "18:15"
    ],
    "holiday": [
        "8:45",
        "9:50",
        "10:49",
        "12:04",
        "14:04",
        "14:49",
        "15:49",
        "17:04"
    ],
    "url": "https://www.kanachu.co.jp/dia/diagram/timetable01_js/course:0000803506-4/node:00129093/kt:0/lname:/"
}
