{
    "date": "2025/04/19",
    "name": "大沼小学校前",
    "position": "-",
    "system": "大53",
    "destinations": [
        "東通り(相模原市南区)",
        "団地入口(相模原市南区)",
        "小沼(相模原市南区)",
        "南中前(相模原市南区)",
        "グリーンホール前",
        "相模大野駅北口"
    ],
    "weekday": [
        "7:39",
        "9:40",
        "10:39",
        "11:12",
        "12:12",
        "13:12",
        "13:42",
        "14:42",
        "15:42",
        "16:08",
        "16:18",
        "17:06",
        "17:22",
        "17:35",
        "17:44",
        "18:08",
        "18:20",
        "18:38",
        "19:05",
        "20:02",
        "20:32",
        "21:35",
        "21:55"
    ],
    "saturday": [
        "8:49",
        "9:09",
        "9:59",
        "10:19",
        "10:59",
        "12:04",
        "12:19",
        "12:44",
        "13:19",
        "14:09",
        "14:49",
        "15:04",
        "15:49",
        "16:04",
        "16:19",
        "17:04",
        "18:04",
        "18:19"
    ],
    "holiday": [
        "8:49",
        "9:54",
        "10:53",
        "12:08",
        "14:08",
        "14:53",
        "15:53",
        "17:08"
    ],
    "url": "https://www.kanachu.co.jp/dia/diagram/timetable01_js/course:0000803506-7/node:00129088/kt:0/lname:/"
}
