{
    "date": "2025/04/19",
    "name": "東通り(相模原市南区)",
    "position": "-",
    "system": "大53",
    "destinations": [
        "団地入口(相模原市南区)",
        "小沼(相模原市南区)",
        "南中前(相模原市南区)",
        "グリーンホール前",
        "相模大野駅北口"
    ],
    "weekday": [
        "7:40",
        "9:41",
        "10:40",
        "11:13",
        "12:13",
        "13:13",
        "13:43",
        "14:43",
        "15:43",
        "16:09",
        "16:19",
        "17:07",
        "17:23",
        "17:36",
        "17:45",
        "18:09",
        "18:21",
        "18:39",
        "19:06",
        "20:03",
        "20:33",
        "21:36",
        "21:56"
    ],
    "saturday": [
        "8:50",
        "9:10",
        "10:00",
        "10:20",
        "11:00",
        "12:05",
        "12:20",
        "12:45",
        "13:20",
        "14:10",
        "14:50",
        "15:05",
        "15:50",
        "16:05",
        "16:20",
        "17:05",
        "18:05",
        "18:20"
    ],
    "holiday": [
        "8:50",
        "9:55",
        "10:54",
        "12:09",
        "14:09",
        "14:54",
        "15:54",
        "17:09"
    ],
    "url": "https://www.kanachu.co.jp/dia/diagram/timetable01_js/course:0000803506-8/node:00129237/kt:0/lname:/"
}
