{
    "date": "2025/04/19",
    "name": "グリーンホール前",
    "position": "-",
    "system": "大53",
    "destinations": [
        "相模大野駅北口"
    ],
    "weekday": [
        "7:47",
        "9:48",
        "10:47",
        "11:20",
        "12:20",
        "13:20",
        "13:50",
        "14:50",
        "15:50",
        "16:17",
        "16:27",
        "17:15",
        "17:31",
        "17:44",
        "17:53",
        "18:17",
        "18:29",
        "18:47",
        "19:12",
        "20:08",
        "20:38",
        "21:41",
        "22:01"
    ],
    "saturday": [
        "8:56",
        "9:16",
        "10:06",
        "10:26",
        "11:06",
        "12:11",
        "12:26",
        "12:51",
        "13:26",
        "14:16",
        "14:56",
        "15:11",
        "15:56",
        "16:11",
        "16:26",
        "17:11",
        "18:11",
        "18:26"
    ],
    "holiday": [
        "8:56",
        "10:01",
        "11:00",
        "12:15",
        "14:15",
        "15:00",
        "16:00",
        "17:15"
    ],
    "url": "https://www.kanachu.co.jp/dia/diagram/timetable01_js/course:0000803506-12/node:00129307/kt:0/lname:/"
}
