{
    "date": "2024/12/16",
    "name": "消防署前(多摩市)",
    "position": "-",
    "system": "永65",
    "destinations": [
        "大橋(多摩市)",
        "釜沼橋",
        "貝取神社前",
        "貝取北センター",
        "とちのき公園入口",
        "貝取二丁目",
        "豊ヶ丘四丁目",
        "豊ヶ丘六丁目",
        "恵泉女学園大学入口",
        "豊ヶ丘五丁目",
        "落合四丁目",
        "落合三丁目",
        "豊ヶ丘小学校",
        "落合東",
        "多摩センター駅"
    ],
    "weekday": [
        "6:22",
        "6:37",
        "6:53",
        "7:07",
        "7:22",
        "7:37",
        "7:52",
        "8:07",
        "8:22",
        "8:37",
        "8:59",
        "9:21",
        "9:40",
        "10:00",
        "10:20",
        "10:40",
        "11:00",
        "11:20",
        "11:40",
        "12:00",
        "12:20",
        "12:40",
        "13:00",
        "13:20",
        "13:40",
        "14:00",
        "14:20",
        "14:40",
        "15:02",
        "15:20",
        "15:40",
        "16:00",
        "16:20",
        "16:39",
        "16:51",
        "17:01",
        "17:21",
        "17:36",
        "17:51",
        "18:06",
        "18:26",
        "18:46",
        "18:58",
        "19:16",
        "19:36",
        "19:56",
        "20:12",
        "20:21",
        "20:36",
        "20:59",
        "21:21",
        "21:45",
        "22:09"
    ],
    "saturday": [
        "6:37",
        "6:55",
        "7:15",
        "7:35",
        "7:55",
        "8:15",
        "8:35",
        "8:55",
        "9:15",
        "9:35",
        "9:56",
        "10:16",
        "10:36",
        "10:56",
        "11:16",
        "11:36",
        "11:56",
        "12:16",
        "12:36",
        "12:56",
        "13:16",
        "13:36",
        "13:56",
        "14:16",
        "14:36",
        "14:56",
        "15:16",
        "15:36",
        "15:56",
        "16:16",
        "16:36",
        "16:56",
        "17:16",
        "17:36",
        "17:56",
        "18:16",
        "18:36",
        "19:06",
        "19:36",
        "20:06",
        "20:36",
        "21:06"
    ],
    "holiday": [
        "6:37",
        "6:55",
        "7:15",
        "7:35",
        "7:55",
        "8:15",
        "8:35",
        "8:55",
        "9:15",
        "9:35",
        "9:56",
        "10:16",
        "10:36",
        "10:56",
        "11:16",
        "11:36",
        "11:56",
        "12:16",
        "12:36",
        "12:56",
        "13:16",
        "13:36",
        "13:56",
        "14:16",
        "14:36",
        "14:56",
        "15:16",
        "15:36",
        "15:56",
        "16:16",
        "16:36",
        "16:56",
        "17:16",
        "17:36",
        "17:56",
        "18:16",
        "18:36",
        "19:06",
        "19:36",
        "20:06",
        "20:36",
        "21:06"
    ],
    "url": "https://www.kanachu.co.jp/dia/diagram/timetable01_js/course:0000803303-2/node:00021488/kt:0/lname:/"
}
