{
    "date": "2025/01/14",
    "name": "あつぎ大通り",
    "position": "-",
    "system": "厚25",
    "destinations": [
        "市役所入口(厚木市)",
        "合同庁舎前(厚木市)",
        "厚木高校前",
        "アステモ[Astemo]前〔旧:日立アステモ前〕",
        "アンリツ前",
        "緑ヶ丘入口(厚木市)",
        "緑ヶ丘一丁目(厚木市)",
        "緑ヶ丘中央(厚木市)",
        "緑ヶ丘小学校前(厚木市)",
        "緑ヶ丘(厚木市)",
        "緑ヶ丘三丁目(厚木市)",
        "緑ヶ丘中央(厚木市)",
        "緑ヶ丘一丁目(厚木市)",
        "緑ヶ丘入口(厚木市)",
        "アンリツ前",
        "アステモ[Astemo]前〔旧:日立アステモ前〕",
        "厚木高校前",
        "合同庁舎前(厚木市)",
        "市役所入口(厚木市)",
        "本厚木駅",
        "厚木バスセンター"
    ],
    "weekday": [
        "5:42",
        "6:00",
        "6:15",
        "6:30",
        "6:43",
        "6:58",
        "7:10",
        "7:19",
        "7:30",
        "7:43",
        "7:56",
        "8:11",
        "8:30",
        "8:52",
        "9:13",
        "9:33",
        "9:53",
        "10:13",
        "10:33",
        "10:53",
        "11:13",
        "11:33",
        "11:53",
        "12:13",
        "12:33",
        "12:53",
        "13:11",
        "13:31",
        "13:51",
        "14:11",
        "14:31",
        "14:51",
        "15:11",
        "15:31",
        "15:51",
        "16:06",
        "16:22",
        "16:40",
        "16:50",
        "17:05",
        "17:20",
        "17:36",
        "17:52",
        "18:11",
        "18:26",
        "18:41",
        "18:56",
        "19:09",
        "19:24",
        "19:39",
        "20:09",
        "20:41",
        "21:09",
        "21:39",
        "22:09"
    ],
    "saturday": [
        "5:57",
        "6:22",
        "7:09",
        "7:34",
        "7:49",
        "8:09",
        "8:29",
        "8:59",
        "9:30",
        "10:00",
        "10:30",
        "11:00",
        "11:30",
        "12:05",
        "12:33",
        "13:05",
        "13:33",
        "14:05",
        "14:33",
        "15:06",
        "15:34",
        "16:06",
        "16:34",
        "17:06",
        "17:26",
        "17:46",
        "18:09",
        "18:39",
        "19:07",
        "19:37",
        "20:07",
        "20:37",
        "21:07",
        "21:37",
        "22:17"
    ],
    "holiday": [
        "6:32",
        "6:59",
        "7:29",
        "7:59",
        "8:29",
        "8:59",
        "9:29",
        "9:59",
        "10:30",
        "11:00",
        "11:30",
        "12:00",
        "12:30",
        "13:05",
        "13:35",
        "14:05",
        "14:35",
        "15:05",
        "15:35",
        "16:05",
        "16:35",
        "17:05",
        "17:35",
        "18:08",
        "18:38",
        "19:07",
        "19:37",
        "20:12",
        "20:52",
        "21:32",
        "22:12"
    ],
    "url": "https://www.kanachu.co.jp/dia/diagram/timetable01_js/course:0000800301-3/node:00128257/kt:0/lname:/"
}
