{
    "date": "2025/01/14",
    "name": "日立アステモ前",
    "position": "-",
    "system": "厚25",
    "destinations": [
        "アンリツ前",
        "緑ヶ丘入口(厚木市)",
        "緑ヶ丘一丁目(厚木市)",
        "緑ヶ丘中央(厚木市)",
        "緑ヶ丘小学校前(厚木市)",
        "緑ヶ丘(厚木市)",
        "緑ヶ丘三丁目(厚木市)",
        "緑ヶ丘中央(厚木市)",
        "緑ヶ丘一丁目(厚木市)",
        "緑ヶ丘入口(厚木市)",
        "アンリツ前",
        "日立アステモ前",
        "厚木高校前",
        "合同庁舎前(厚木市)",
        "市役所入口(厚木市)",
        "本厚木駅",
        "厚木バスセンター"
    ],
    "weekday": [
        "5:47",
        "6:05",
        "6:20",
        "6:35",
        "6:48",
        "7:03",
        "7:15",
        "7:24",
        "7:36",
        "7:49",
        "8:02",
        "8:17",
        "8:36",
        "8:58",
        "9:18",
        "9:38",
        "9:58",
        "10:18",
        "10:38",
        "10:58",
        "11:18",
        "11:38",
        "11:58",
        "12:18",
        "12:38",
        "12:58",
        "13:16",
        "13:36",
        "13:56",
        "14:16",
        "14:36",
        "14:56",
        "15:16",
        "15:36",
        "15:56",
        "16:12",
        "16:28",
        "16:46",
        "16:56",
        "17:11",
        "17:26",
        "17:42",
        "17:58",
        "18:17",
        "18:32",
        "18:47",
        "19:02",
        "19:14",
        "19:29",
        "19:44",
        "20:14",
        "20:46",
        "21:14",
        "21:44",
        "22:14"
    ],
    "saturday": [
        "6:02",
        "6:27",
        "7:14",
        "7:39",
        "7:54",
        "8:14",
        "8:34",
        "9:04",
        "9:35",
        "10:05",
        "10:35",
        "11:05",
        "11:35",
        "12:10",
        "12:38",
        "13:10",
        "13:38",
        "14:10",
        "14:38",
        "15:12",
        "15:40",
        "16:12",
        "16:40",
        "17:12",
        "17:32",
        "17:52",
        "18:15",
        "18:45",
        "19:12",
        "19:42",
        "20:12",
        "20:42",
        "21:12",
        "21:42",
        "22:22"
    ],
    "holiday": [
        "6:37",
        "7:04",
        "7:34",
        "8:04",
        "8:34",
        "9:04",
        "9:34",
        "10:04",
        "10:35",
        "11:05",
        "11:35",
        "12:05",
        "12:35",
        "13:10",
        "13:40",
        "14:10",
        "14:40",
        "15:11",
        "15:41",
        "16:11",
        "16:41",
        "17:11",
        "17:41",
        "18:14",
        "18:44",
        "19:12",
        "19:42",
        "20:17",
        "20:57",
        "21:37",
        "22:17"
    ],
    "url": "https://www.kanachu.co.jp/dia/diagram/timetable01_js/course:0000800301-7/node:00128441/kt:0/lname:/"
}
