{
    "date": "2025/01/14",
    "name": "アンリツ前",
    "position": "-",
    "system": "厚25",
    "destinations": [
        "緑ヶ丘入口(厚木市)",
        "緑ヶ丘一丁目(厚木市)",
        "緑ヶ丘中央(厚木市)",
        "緑ヶ丘小学校前(厚木市)",
        "緑ヶ丘(厚木市)",
        "緑ヶ丘三丁目(厚木市)",
        "緑ヶ丘中央(厚木市)",
        "緑ヶ丘一丁目(厚木市)",
        "緑ヶ丘入口(厚木市)",
        "アンリツ前",
        "日立アステモ前",
        "厚木高校前",
        "合同庁舎前(厚木市)",
        "市役所入口(厚木市)",
        "本厚木駅",
        "厚木バスセンター"
    ],
    "weekday": [
        "5:48",
        "6:06",
        "6:21",
        "6:36",
        "6:49",
        "7:04",
        "7:16",
        "7:25",
        "7:38",
        "7:51",
        "8:04",
        "8:19",
        "8:38",
        "9:00",
        "9:20",
        "9:40",
        "10:00",
        "10:20",
        "10:40",
        "11:00",
        "11:20",
        "11:40",
        "12:00",
        "12:20",
        "12:40",
        "13:00",
        "13:18",
        "13:38",
        "13:58",
        "14:18",
        "14:38",
        "14:58",
        "15:18",
        "15:38",
        "15:58",
        "16:13",
        "16:29",
        "16:47",
        "16:57",
        "17:12",
        "17:27",
        "17:43",
        "17:59",
        "18:18",
        "18:33",
        "18:48",
        "19:03",
        "19:15",
        "19:30",
        "19:45",
        "20:15",
        "20:47",
        "21:15",
        "21:45",
        "22:15"
    ],
    "saturday": [
        "6:03",
        "6:28",
        "7:15",
        "7:40",
        "7:55",
        "8:15",
        "8:35",
        "9:05",
        "9:36",
        "10:06",
        "10:36",
        "11:06",
        "11:36",
        "12:11",
        "12:39",
        "13:11",
        "13:39",
        "14:11",
        "14:39",
        "15:13",
        "15:41",
        "16:13",
        "16:41",
        "17:13",
        "17:33",
        "17:53",
        "18:16",
        "18:46",
        "19:13",
        "19:43",
        "20:13",
        "20:43",
        "21:13",
        "21:43",
        "22:23"
    ],
    "holiday": [
        "6:38",
        "7:05",
        "7:35",
        "8:05",
        "8:35",
        "9:05",
        "9:35",
        "10:05",
        "10:36",
        "11:06",
        "11:36",
        "12:06",
        "12:36",
        "13:11",
        "13:41",
        "14:11",
        "14:41",
        "15:12",
        "15:42",
        "16:12",
        "16:42",
        "17:12",
        "17:42",
        "18:15",
        "18:45",
        "19:13",
        "19:43",
        "20:18",
        "20:58",
        "21:38",
        "22:18"
    ],
    "url": "https://www.kanachu.co.jp/dia/diagram/timetable01_js/course:0000800301-8/node:00128468/kt:0/lname:/"
}
