{
    "date": "2025/01/14",
    "name": "緑ヶ丘一丁目(厚木市)",
    "position": "-",
    "system": "厚25",
    "destinations": [
        "緑ヶ丘中央(厚木市)",
        "緑ヶ丘小学校前(厚木市)",
        "緑ヶ丘(厚木市)",
        "緑ヶ丘三丁目(厚木市)",
        "緑ヶ丘中央(厚木市)",
        "緑ヶ丘一丁目(厚木市)",
        "緑ヶ丘入口(厚木市)",
        "アンリツ前",
        "アステモ[Astemo]前〔旧:日立アステモ前〕",
        "厚木高校前",
        "合同庁舎前(厚木市)",
        "市役所入口(厚木市)",
        "本厚木駅",
        "厚木バスセンター"
    ],
    "weekday": [
        "5:50",
        "6:08",
        "6:23",
        "6:38",
        "6:51",
        "7:06",
        "7:18",
        "7:27",
        "7:41",
        "7:54",
        "8:07",
        "8:22",
        "8:41",
        "9:03",
        "9:23",
        "9:43",
        "10:03",
        "10:23",
        "10:43",
        "11:03",
        "11:23",
        "11:43",
        "12:03",
        "12:23",
        "12:43",
        "13:03",
        "13:21",
        "13:41",
        "14:01",
        "14:21",
        "14:41",
        "15:01",
        "15:21",
        "15:41",
        "16:01",
        "16:16",
        "16:32",
        "16:50",
        "17:00",
        "17:15",
        "17:30",
        "17:46",
        "18:02",
        "18:21",
        "18:36",
        "18:51",
        "19:05",
        "19:17",
        "19:32",
        "19:47",
        "20:17",
        "20:49",
        "21:17",
        "21:47",
        "22:17"
    ],
    "saturday": [
        "6:05",
        "6:30",
        "7:17",
        "7:42",
        "7:57",
        "8:17",
        "8:37",
        "9:07",
        "9:38",
        "10:08",
        "10:38",
        "11:08",
        "11:38",
        "12:13",
        "12:41",
        "13:13",
        "13:41",
        "14:13",
        "14:41",
        "15:15",
        "15:43",
        "16:15",
        "16:43",
        "17:15",
        "17:35",
        "17:55",
        "18:18",
        "18:48",
        "19:15",
        "19:45",
        "20:15",
        "20:45",
        "21:15",
        "21:45",
        "22:25"
    ],
    "holiday": [
        "6:40",
        "7:07",
        "7:37",
        "8:07",
        "8:37",
        "9:07",
        "9:37",
        "10:07",
        "10:38",
        "11:08",
        "11:38",
        "12:08",
        "12:38",
        "13:13",
        "13:43",
        "14:13",
        "14:43",
        "15:14",
        "15:44",
        "16:14",
        "16:44",
        "17:14",
        "17:44",
        "18:17",
        "18:47",
        "19:15",
        "19:45",
        "20:20",
        "21:00",
        "21:40",
        "22:20"
    ],
    "url": "https://www.kanachu.co.jp/dia/diagram/timetable01_js/course:0000800301-10/node:00128470/kt:0/lname:/"
}
