{
    "date": "2025/01/14",
    "name": "緑ヶ丘中央(厚木市)",
    "position": "-",
    "system": "厚25",
    "destinations": [
        "緑ヶ丘小学校前(厚木市)",
        "緑ヶ丘(厚木市)",
        "緑ヶ丘三丁目(厚木市)",
        "緑ヶ丘中央(厚木市)",
        "緑ヶ丘一丁目(厚木市)",
        "緑ヶ丘入口(厚木市)",
        "アンリツ前",
        "日立アステモ前",
        "厚木高校前",
        "合同庁舎前(厚木市)",
        "市役所入口(厚木市)",
        "本厚木駅",
        "厚木バスセンター"
    ],
    "weekday": [
        "5:50",
        "6:08",
        "6:23",
        "6:38",
        "6:51",
        "7:06",
        "7:18",
        "7:27",
        "7:42",
        "7:55",
        "8:08",
        "8:23",
        "8:42",
        "9:04",
        "9:24",
        "9:44",
        "10:04",
        "10:24",
        "10:44",
        "11:04",
        "11:24",
        "11:44",
        "12:04",
        "12:24",
        "12:44",
        "13:04",
        "13:22",
        "13:42",
        "14:02",
        "14:22",
        "14:42",
        "15:02",
        "15:22",
        "15:42",
        "16:02",
        "16:17",
        "16:33",
        "16:51",
        "17:01",
        "17:16",
        "17:31",
        "17:47",
        "18:03",
        "18:22",
        "18:37",
        "18:52",
        "19:06",
        "19:18",
        "19:33",
        "19:48",
        "20:18",
        "20:50",
        "21:18",
        "21:48",
        "22:18"
    ],
    "saturday": [
        "6:05",
        "6:30",
        "7:17",
        "7:43",
        "7:58",
        "8:18",
        "8:38",
        "9:08",
        "9:39",
        "10:09",
        "10:39",
        "11:09",
        "11:39",
        "12:14",
        "12:42",
        "13:14",
        "13:42",
        "14:14",
        "14:42",
        "15:16",
        "15:44",
        "16:16",
        "16:44",
        "17:16",
        "17:36",
        "17:56",
        "18:19",
        "18:49",
        "19:16",
        "19:46",
        "20:16",
        "20:46",
        "21:16",
        "21:46",
        "22:26"
    ],
    "holiday": [
        "6:40",
        "7:07",
        "7:37",
        "8:07",
        "8:37",
        "9:07",
        "9:37",
        "10:07",
        "10:38",
        "11:08",
        "11:38",
        "12:08",
        "12:38",
        "13:13",
        "13:43",
        "14:13",
        "14:43",
        "15:14",
        "15:44",
        "16:14",
        "16:44",
        "17:14",
        "17:44",
        "18:17",
        "18:47",
        "19:15",
        "19:45",
        "20:20",
        "21:00",
        "21:40",
        "22:20"
    ],
    "url": "https://www.kanachu.co.jp/dia/diagram/timetable01_js/course:0000800301-11/node:00128471/kt:0/lname:/"
}
