{
    "date": "2025/01/14",
    "name": "緑ヶ丘三丁目(厚木市)",
    "position": "-",
    "system": "厚25",
    "destinations": [
        "緑ヶ丘中央(厚木市)",
        "緑ヶ丘一丁目(厚木市)",
        "緑ヶ丘入口(厚木市)",
        "アンリツ前",
        "アステモ[Astemo]前〔旧:日立アステモ前〕",
        "厚木高校前",
        "合同庁舎前(厚木市)",
        "市役所入口(厚木市)",
        "本厚木駅",
        "厚木バスセンター"
    ],
    "weekday": [
        "5:55",
        "6:13",
        "6:28",
        "6:43",
        "6:56",
        "7:11",
        "7:23",
        "7:32",
        "7:47",
        "8:00",
        "8:13",
        "8:28",
        "8:47",
        "9:09",
        "9:29",
        "9:49",
        "10:09",
        "10:29",
        "10:49",
        "11:09",
        "11:29",
        "11:49",
        "12:09",
        "12:29",
        "12:49",
        "13:09",
        "13:27",
        "13:47",
        "14:07",
        "14:27",
        "14:47",
        "15:07",
        "15:27",
        "15:47",
        "16:07",
        "16:22",
        "16:38",
        "16:56",
        "17:06",
        "17:21",
        "17:36",
        "17:52",
        "18:08",
        "18:27",
        "18:42",
        "18:57",
        "19:11",
        "19:23",
        "19:38",
        "19:53",
        "20:23",
        "20:55",
        "21:23",
        "21:53",
        "22:23"
    ],
    "saturday": [
        "6:09",
        "6:34",
        "7:21",
        "7:48",
        "8:03",
        "8:23",
        "8:43",
        "9:13",
        "9:44",
        "10:14",
        "10:44",
        "11:14",
        "11:44",
        "12:19",
        "12:47",
        "13:19",
        "13:47",
        "14:19",
        "14:47",
        "15:19",
        "15:47",
        "16:19",
        "16:47",
        "17:19",
        "17:39",
        "17:59",
        "18:22",
        "18:52",
        "19:19",
        "19:49",
        "20:19",
        "20:49",
        "21:19",
        "21:49",
        "22:29"
    ],
    "holiday": [
        "6:44",
        "7:11",
        "7:41",
        "8:12",
        "8:42",
        "9:12",
        "9:42",
        "10:12",
        "10:43",
        "11:13",
        "11:43",
        "12:13",
        "12:43",
        "13:18",
        "13:48",
        "14:18",
        "14:48",
        "15:17",
        "15:47",
        "16:17",
        "16:47",
        "17:17",
        "17:47",
        "18:20",
        "18:50",
        "19:18",
        "19:48",
        "20:23",
        "21:03",
        "21:43",
        "22:23"
    ],
    "url": "https://www.kanachu.co.jp/dia/diagram/timetable01_js/course:0000800301-14/node:00128474/kt:0/lname:/"
}
