{
    "date": "2025/01/14",
    "name": "緑ヶ丘一丁目(厚木市)",
    "position": "-",
    "system": "厚25",
    "destinations": [
        "緑ヶ丘入口(厚木市)",
        "アンリツ前",
        "日立アステモ前",
        "厚木高校前",
        "合同庁舎前(厚木市)",
        "市役所入口(厚木市)",
        "本厚木駅",
        "厚木バスセンター"
    ],
    "weekday": [
        "5:57",
        "6:15",
        "6:30",
        "6:45",
        "6:58",
        "7:13",
        "7:25",
        "7:34",
        "7:49",
        "8:02",
        "8:15",
        "8:30",
        "8:49",
        "9:11",
        "9:31",
        "9:51",
        "10:11",
        "10:31",
        "10:51",
        "11:11",
        "11:31",
        "11:51",
        "12:11",
        "12:31",
        "12:51",
        "13:11",
        "13:29",
        "13:49",
        "14:09",
        "14:29",
        "14:49",
        "15:09",
        "15:29",
        "15:49",
        "16:09",
        "16:24",
        "16:40",
        "16:58",
        "17:08",
        "17:23",
        "17:38",
        "17:54",
        "18:10",
        "18:29",
        "18:44",
        "18:59",
        "19:13",
        "19:25",
        "19:40",
        "19:55",
        "20:25",
        "20:57",
        "21:25",
        "21:55",
        "22:25"
    ],
    "saturday": [
        "6:11",
        "6:36",
        "7:23",
        "7:50",
        "8:05",
        "8:25",
        "8:45",
        "9:15",
        "9:46",
        "10:16",
        "10:46",
        "11:16",
        "11:46",
        "12:21",
        "12:49",
        "13:21",
        "13:49",
        "14:21",
        "14:49",
        "15:21",
        "15:49",
        "16:21",
        "16:49",
        "17:21",
        "17:41",
        "18:01",
        "18:24",
        "18:54",
        "19:21",
        "19:51",
        "20:21",
        "20:51",
        "21:21",
        "21:51",
        "22:31"
    ],
    "holiday": [
        "6:46",
        "7:13",
        "7:43",
        "8:14",
        "8:44",
        "9:14",
        "9:44",
        "10:14",
        "10:45",
        "11:15",
        "11:45",
        "12:15",
        "12:45",
        "13:20",
        "13:50",
        "14:20",
        "14:50",
        "15:19",
        "15:49",
        "16:19",
        "16:49",
        "17:19",
        "17:49",
        "18:22",
        "18:52",
        "19:20",
        "19:50",
        "20:25",
        "21:05",
        "21:45",
        "22:25"
    ],
    "url": "https://www.kanachu.co.jp/dia/diagram/timetable01_js/course:0000800301-16/node:00128470/kt:0/lname:/"
}
