{
    "date": "2025/01/14",
    "name": "アステモ[Astemo]前〔旧:日立アステモ前〕",
    "position": "-",
    "system": "厚25",
    "destinations": [
        "厚木高校前",
        "合同庁舎前(厚木市)",
        "市役所入口(厚木市)",
        "本厚木駅",
        "厚木バスセンター"
    ],
    "weekday": [
        "6:03",
        "6:21",
        "6:36",
        "6:51",
        "7:04",
        "7:19",
        "7:31",
        "7:40",
        "7:55",
        "8:08",
        "8:21",
        "8:36",
        "8:55",
        "9:17",
        "9:37",
        "9:57",
        "10:17",
        "10:37",
        "10:57",
        "11:17",
        "11:37",
        "11:57",
        "12:17",
        "12:37",
        "12:57",
        "13:17",
        "13:35",
        "13:55",
        "14:15",
        "14:35",
        "14:55",
        "15:15",
        "15:35",
        "15:55",
        "16:15",
        "16:30",
        "16:46",
        "17:04",
        "17:14",
        "17:29",
        "17:44",
        "18:00",
        "18:16",
        "18:35",
        "18:50",
        "19:05",
        "19:19",
        "19:31",
        "19:46",
        "20:01",
        "20:31",
        "21:03",
        "21:31",
        "22:01",
        "22:31"
    ],
    "saturday": [
        "6:14",
        "6:39",
        "7:26",
        "7:55",
        "8:10",
        "8:30",
        "8:50",
        "9:20",
        "9:51",
        "10:21",
        "10:51",
        "11:21",
        "11:51",
        "12:26",
        "12:54",
        "13:26",
        "13:54",
        "14:26",
        "14:54",
        "15:26",
        "15:54",
        "16:26",
        "16:54",
        "17:26",
        "17:46",
        "18:06",
        "18:29",
        "18:59",
        "19:26",
        "19:56",
        "20:26",
        "20:56",
        "21:26",
        "21:56",
        "22:36"
    ],
    "holiday": [
        "6:49",
        "7:16",
        "7:46",
        "8:19",
        "8:49",
        "9:19",
        "9:49",
        "10:19",
        "10:50",
        "11:20",
        "11:50",
        "12:20",
        "12:50",
        "13:25",
        "13:55",
        "14:25",
        "14:55",
        "15:24",
        "15:54",
        "16:24",
        "16:54",
        "17:24",
        "17:54",
        "18:27",
        "18:57",
        "19:25",
        "19:55",
        "20:30",
        "21:10",
        "21:50",
        "22:30"
    ],
    "url": "https://www.kanachu.co.jp/dia/diagram/timetable01_js/course:0000800301-19/node:00128441/kt:0/lname:/"
}
