{
    "date": "2025/01/14",
    "name": "合同庁舎前(厚木市)",
    "position": "-",
    "system": "厚25",
    "destinations": [
        "市役所入口(厚木市)",
        "本厚木駅",
        "厚木バスセンター"
    ],
    "weekday": [
        "6:06",
        "6:24",
        "6:39",
        "6:54",
        "7:07",
        "7:22",
        "7:37",
        "7:46",
        "8:01",
        "8:14",
        "8:27",
        "8:42",
        "9:01",
        "9:21",
        "9:41",
        "10:01",
        "10:21",
        "10:41",
        "11:01",
        "11:21",
        "11:41",
        "12:01",
        "12:21",
        "12:41",
        "13:01",
        "13:21",
        "13:39",
        "13:59",
        "14:19",
        "14:39",
        "14:59",
        "15:19",
        "15:39",
        "15:59",
        "16:21",
        "16:36",
        "16:52",
        "17:10",
        "17:20",
        "17:35",
        "17:50",
        "18:06",
        "18:22",
        "18:41",
        "18:56",
        "19:08",
        "19:22",
        "19:34",
        "19:49",
        "20:04",
        "20:34",
        "21:06",
        "21:34",
        "22:04",
        "22:34"
    ],
    "saturday": [
        "6:16",
        "6:41",
        "7:28",
        "7:57",
        "8:12",
        "8:32",
        "8:52",
        "9:24",
        "9:55",
        "10:25",
        "10:55",
        "11:25",
        "11:55",
        "12:30",
        "12:58",
        "13:30",
        "13:58",
        "14:30",
        "14:58",
        "15:32",
        "16:00",
        "16:32",
        "17:00",
        "17:32",
        "17:52",
        "18:12",
        "18:35",
        "19:03",
        "19:28",
        "19:58",
        "20:28",
        "20:58",
        "21:28",
        "21:58",
        "22:38"
    ],
    "holiday": [
        "6:51",
        "7:18",
        "7:48",
        "8:21",
        "8:51",
        "9:21",
        "9:51",
        "10:23",
        "10:54",
        "11:24",
        "11:54",
        "12:24",
        "12:54",
        "13:29",
        "13:59",
        "14:29",
        "14:59",
        "15:29",
        "15:59",
        "16:29",
        "16:59",
        "17:29",
        "17:59",
        "18:32",
        "19:02",
        "19:27",
        "19:57",
        "20:32",
        "21:12",
        "21:52",
        "22:32"
    ],
    "url": "https://www.kanachu.co.jp/dia/diagram/timetable01_js/course:0000800301-21/node:00128439/kt:0/lname:/"
}
