{
    "date": "2025/01/14",
    "name": "本厚木駅",
    "position": "-",
    "system": "厚25",
    "destinations": [
        "厚木バスセンター"
    ],
    "weekday": [
        "6:09",
        "6:27",
        "6:42",
        "6:57",
        "7:10",
        "7:25",
        "7:41",
        "7:50",
        "8:05",
        "8:18",
        "8:31",
        "8:46",
        "9:04",
        "9:24",
        "9:44",
        "10:04",
        "10:24",
        "10:44",
        "11:04",
        "11:24",
        "11:44",
        "12:04",
        "12:24",
        "12:44",
        "13:04",
        "13:24",
        "13:42",
        "14:02",
        "14:22",
        "14:42",
        "15:02",
        "15:22",
        "15:42",
        "16:02",
        "16:25",
        "16:40",
        "16:56",
        "17:14",
        "17:24",
        "17:39",
        "17:54",
        "18:10",
        "18:26",
        "18:45",
        "19:00",
        "19:11",
        "19:25",
        "19:37",
        "19:52",
        "20:07",
        "20:37",
        "21:09",
        "21:37",
        "22:07",
        "22:37"
    ],
    "saturday": [
        "6:19",
        "6:44",
        "7:31",
        "8:00",
        "8:15",
        "8:35",
        "8:55",
        "9:27",
        "9:58",
        "10:28",
        "10:58",
        "11:28",
        "11:58",
        "12:33",
        "13:01",
        "13:33",
        "14:01",
        "14:33",
        "15:01",
        "15:36",
        "16:04",
        "16:36",
        "17:04",
        "17:36",
        "17:56",
        "18:16",
        "18:39",
        "19:06",
        "19:31",
        "20:01",
        "20:31",
        "21:01",
        "21:31",
        "22:01",
        "22:41"
    ],
    "holiday": [
        "6:54",
        "7:21",
        "7:51",
        "8:24",
        "8:54",
        "9:24",
        "9:54",
        "10:26",
        "10:57",
        "11:27",
        "11:57",
        "12:27",
        "12:57",
        "13:32",
        "14:02",
        "14:32",
        "15:02",
        "15:33",
        "16:03",
        "16:33",
        "17:03",
        "17:33",
        "18:03",
        "18:36",
        "19:05",
        "19:30",
        "20:00",
        "20:35",
        "21:15",
        "21:55",
        "22:35"
    ],
    "url": "https://www.kanachu.co.jp/dia/diagram/timetable01_js/course:0000800301-23/node:00025684/kt:0/lname:/"
}
