{
    "date": "2025/07/27",
    "name": "立野緑地入口",
    "position": "-",
    "system": "秦96",
    "destinations": [
        "日赤病院前(秦野市)",
        "小原台入口(秦野市)",
        "上尾尻橋",
        "秦野駅南口"
    ],
    "weekday": [
        "17:27",
        "18:42",
        "20:32"
    ],
    "saturday": [],
    "holiday": [],
    "url": "https://www.kanachu.co.jp/dia/diagram/timetable01_js/course:0000801214-11/node:00128049/kt:0/lname:/"
}
