{
    "date": "2025/01/14",
    "name": "宿原入口",
    "position": "-",
    "system": "厚02",
    "destinations": [
        "荻野新宿",
        "子合",
        "桝割",
        "公所(厚木市)",
        "稲荷木",
        "鳶尾山前",
        "荻野神社入口",
        "東谷戸入口",
        "久保(厚木市)",
        "泉(厚木市)",
        "源氏河原",
        "相州病院",
        "新道橋(厚木市)",
        "上荻野",
        "上荻野車庫前",
        "平山坂上",
        "半僧坊前",
        "田代(愛甲郡愛川町)",
        "愛川田代局前",
        "田代坂下",
        "田代坂上",
        "馬渡(愛甲郡愛川町)",
        "深沢尻",
        "愛川橋",
        "原下(愛甲郡愛川町)",
        "学校入口(愛甲郡愛川町)",
        "撚糸組合前",
        "半原"
    ],
    "weekday": [
        "10:47",
        "11:47",
        "12:47",
        "13:47",
        "14:47",
        "15:47",
        "16:38",
        "17:18",
        "17:48",
        "18:18",
        "18:48",
        "19:17",
        "19:52"
    ],
    "saturday": [
        "11:02",
        "12:02",
        "13:02",
        "14:02",
        "15:02",
        "16:03",
        "17:03",
        "18:03",
        "19:05"
    ],
    "holiday": [
        "11:02",
        "12:02",
        "13:02",
        "14:02",
        "15:02",
        "16:02",
        "17:02",
        "18:02",
        "19:04"
    ],
    "url": "https://www.kanachu.co.jp/dia/diagram/timetable01_js/course:0000800229-14/node:00128267/kt:0/lname:/"
}
