{
    "date": "2025/01/14",
    "name": "荻野新宿",
    "position": "-",
    "system": "厚02",
    "destinations": [
        "子合",
        "桝割",
        "公所(厚木市)",
        "稲荷木",
        "鳶尾山前",
        "荻野神社入口",
        "東谷戸入口",
        "久保(厚木市)",
        "泉(厚木市)",
        "源氏河原",
        "相州病院",
        "新道橋(厚木市)",
        "上荻野",
        "上荻野車庫前",
        "平山坂上",
        "半僧坊前",
        "田代(愛甲郡愛川町)",
        "愛川田代局前",
        "田代坂下",
        "田代坂上",
        "馬渡(愛甲郡愛川町)",
        "深沢尻",
        "愛川橋",
        "原下(愛甲郡愛川町)",
        "学校入口(愛甲郡愛川町)",
        "撚糸組合前",
        "半原"
    ],
    "weekday": [
        "10:49",
        "11:49",
        "12:49",
        "13:49",
        "14:49",
        "15:49",
        "16:40",
        "17:20",
        "17:50",
        "18:20",
        "18:50",
        "19:19",
        "19:54"
    ],
    "saturday": [
        "11:04",
        "12:04",
        "13:04",
        "14:04",
        "15:04",
        "16:05",
        "17:05",
        "18:05",
        "19:06"
    ],
    "holiday": [
        "11:04",
        "12:04",
        "13:04",
        "14:04",
        "15:04",
        "16:04",
        "17:04",
        "18:04",
        "19:05"
    ],
    "url": "https://www.kanachu.co.jp/dia/diagram/timetable01_js/course:0000800229-15/node:00128268/kt:0/lname:/"
}
