{
    "date": "2025/01/14",
    "name": "泉(厚木市)",
    "position": "-",
    "system": "厚02",
    "destinations": [
        "源氏河原",
        "相州病院",
        "新道橋(厚木市)",
        "上荻野",
        "上荻野車庫前",
        "平山坂上",
        "半僧坊前",
        "田代(愛甲郡愛川町)",
        "愛川田代局前",
        "田代坂下",
        "田代坂上",
        "馬渡(愛甲郡愛川町)",
        "深沢尻",
        "愛川橋",
        "原下(愛甲郡愛川町)",
        "学校入口(愛甲郡愛川町)",
        "撚糸組合前",
        "半原"
    ],
    "weekday": [
        "10:57",
        "11:57",
        "12:57",
        "13:57",
        "14:57",
        "15:57",
        "16:48",
        "17:28",
        "17:58",
        "18:28",
        "18:58",
        "19:27",
        "20:02"
    ],
    "saturday": [
        "11:12",
        "12:12",
        "13:12",
        "14:12",
        "15:12",
        "16:13",
        "17:13",
        "18:13",
        "19:14"
    ],
    "holiday": [
        "11:12",
        "12:12",
        "13:12",
        "14:12",
        "15:12",
        "16:12",
        "17:12",
        "18:12",
        "19:13"
    ],
    "url": "https://www.kanachu.co.jp/dia/diagram/timetable01_js/course:0000800229-24/node:00128277/kt:0/lname:/"
}
