{
    "date": "2025/01/14",
    "name": "新道橋(厚木市)",
    "position": "-",
    "system": "厚02",
    "destinations": [
        "上荻野",
        "上荻野車庫前",
        "平山坂上",
        "半僧坊前",
        "田代(愛甲郡愛川町)",
        "愛川田代局前",
        "田代坂下",
        "田代坂上",
        "馬渡(愛甲郡愛川町)",
        "深沢尻",
        "愛川橋",
        "原下(愛甲郡愛川町)",
        "学校入口(愛甲郡愛川町)",
        "撚糸組合前",
        "半原"
    ],
    "weekday": [
        "10:59",
        "11:59",
        "12:59",
        "13:59",
        "14:59",
        "15:59",
        "16:50",
        "17:30",
        "18:00",
        "18:30",
        "19:00",
        "19:29",
        "20:04"
    ],
    "saturday": [
        "11:14",
        "12:14",
        "13:14",
        "14:14",
        "15:14",
        "16:15",
        "17:15",
        "18:15",
        "19:16"
    ],
    "holiday": [
        "11:14",
        "12:14",
        "13:14",
        "14:14",
        "15:14",
        "16:14",
        "17:14",
        "18:14",
        "19:15"
    ],
    "url": "https://www.kanachu.co.jp/dia/diagram/timetable01_js/course:0000800229-27/node:00128280/kt:0/lname:/"
}
