{
    "date": "2025/01/14",
    "name": "平山坂上",
    "position": "-",
    "system": "厚02",
    "destinations": [
        "半僧坊前",
        "田代(愛甲郡愛川町)",
        "愛川田代局前",
        "田代坂下",
        "田代坂上",
        "馬渡(愛甲郡愛川町)",
        "深沢尻",
        "愛川橋",
        "原下(愛甲郡愛川町)",
        "学校入口(愛甲郡愛川町)",
        "撚糸組合前",
        "半原"
    ],
    "weekday": [
        "11:02",
        "12:02",
        "13:02",
        "14:02",
        "15:02",
        "16:02",
        "16:53",
        "17:33",
        "18:03",
        "18:33",
        "19:03",
        "19:32",
        "20:07"
    ],
    "saturday": [
        "11:17",
        "12:17",
        "13:17",
        "14:17",
        "15:17",
        "16:18",
        "17:18",
        "18:18",
        "19:19"
    ],
    "holiday": [
        "11:17",
        "12:17",
        "13:17",
        "14:17",
        "15:17",
        "16:17",
        "17:17",
        "18:17",
        "19:18"
    ],
    "url": "https://www.kanachu.co.jp/dia/diagram/timetable01_js/course:0000800229-30/node:00128283/kt:0/lname:/"
}
