{
    "date": "2025/01/14",
    "name": "半僧坊前",
    "position": "-",
    "system": "厚02",
    "destinations": [
        "田代(愛甲郡愛川町)",
        "愛川田代局前",
        "田代坂下",
        "田代坂上",
        "馬渡(愛甲郡愛川町)",
        "深沢尻",
        "愛川橋",
        "原下(愛甲郡愛川町)",
        "学校入口(愛甲郡愛川町)",
        "撚糸組合前",
        "半原"
    ],
    "weekday": [
        "11:04",
        "12:04",
        "13:04",
        "14:04",
        "15:04",
        "16:04",
        "16:55",
        "17:35",
        "18:05",
        "18:35",
        "19:05",
        "19:34",
        "20:09"
    ],
    "saturday": [
        "11:19",
        "12:19",
        "13:19",
        "14:19",
        "15:19",
        "16:20",
        "17:20",
        "18:20",
        "19:21"
    ],
    "holiday": [
        "11:19",
        "12:19",
        "13:19",
        "14:19",
        "15:19",
        "16:19",
        "17:19",
        "18:19",
        "19:20"
    ],
    "url": "https://www.kanachu.co.jp/dia/diagram/timetable01_js/course:0000800229-31/node:00128284/kt:0/lname:/"
}
