{
    "date": "2025/01/14",
    "name": "田代(愛甲郡愛川町)",
    "position": "-",
    "system": "厚02",
    "destinations": [
        "愛川田代局前",
        "田代坂下",
        "田代坂上",
        "馬渡(愛甲郡愛川町)",
        "深沢尻",
        "愛川橋",
        "原下(愛甲郡愛川町)",
        "学校入口(愛甲郡愛川町)",
        "撚糸組合前",
        "半原"
    ],
    "weekday": [
        "11:05",
        "12:05",
        "13:05",
        "14:05",
        "15:05",
        "16:05",
        "16:56",
        "17:36",
        "18:06",
        "18:36",
        "19:06",
        "19:35",
        "20:10"
    ],
    "saturday": [
        "11:20",
        "12:20",
        "13:20",
        "14:20",
        "15:20",
        "16:21",
        "17:21",
        "18:21",
        "19:22"
    ],
    "holiday": [
        "11:20",
        "12:20",
        "13:20",
        "14:20",
        "15:20",
        "16:20",
        "17:20",
        "18:20",
        "19:21"
    ],
    "url": "https://www.kanachu.co.jp/dia/diagram/timetable01_js/course:0000800229-32/node:00128285/kt:0/lname:/"
}
