{
    "date": "2025/01/14",
    "name": "田代坂下",
    "position": "-",
    "system": "厚02",
    "destinations": [
        "田代坂上",
        "馬渡(愛甲郡愛川町)",
        "深沢尻",
        "愛川橋",
        "原下(愛甲郡愛川町)",
        "学校入口(愛甲郡愛川町)",
        "撚糸組合前",
        "半原"
    ],
    "weekday": [
        "11:07",
        "12:07",
        "13:07",
        "14:07",
        "15:07",
        "16:07",
        "16:58",
        "17:38",
        "18:08",
        "18:38",
        "19:08",
        "19:37",
        "20:12"
    ],
    "saturday": [
        "11:22",
        "12:22",
        "13:22",
        "14:22",
        "15:22",
        "16:23",
        "17:23",
        "18:23",
        "19:24"
    ],
    "holiday": [
        "11:22",
        "12:22",
        "13:22",
        "14:22",
        "15:22",
        "16:22",
        "17:22",
        "18:22",
        "19:23"
    ],
    "url": "https://www.kanachu.co.jp/dia/diagram/timetable01_js/course:0000800229-34/node:00128287/kt:0/lname:/"
}
