{
    "date": "2025/01/14",
    "name": "田代坂上",
    "position": "-",
    "system": "厚02",
    "destinations": [
        "馬渡(愛甲郡愛川町)",
        "深沢尻",
        "愛川橋",
        "原下(愛甲郡愛川町)",
        "学校入口(愛甲郡愛川町)",
        "撚糸組合前",
        "半原"
    ],
    "weekday": [
        "11:08",
        "12:08",
        "13:08",
        "14:08",
        "15:08",
        "16:08",
        "16:59",
        "17:39",
        "18:09",
        "18:39",
        "19:09",
        "19:38",
        "20:13"
    ],
    "saturday": [
        "11:23",
        "12:23",
        "13:23",
        "14:23",
        "15:23",
        "16:24",
        "17:24",
        "18:24",
        "19:25"
    ],
    "holiday": [
        "11:23",
        "12:23",
        "13:23",
        "14:23",
        "15:23",
        "16:23",
        "17:23",
        "18:23",
        "19:24"
    ],
    "url": "https://www.kanachu.co.jp/dia/diagram/timetable01_js/course:0000800229-35/node:00128288/kt:0/lname:/"
}
