{
    "date": "2025/01/14",
    "name": "愛川橋",
    "position": "-",
    "system": "厚02",
    "destinations": [
        "原下(愛甲郡愛川町)",
        "学校入口(愛甲郡愛川町)",
        "撚糸組合前",
        "半原"
    ],
    "weekday": [
        "11:11",
        "12:11",
        "13:11",
        "14:11",
        "15:11",
        "16:11",
        "17:02",
        "17:42",
        "18:12",
        "18:42",
        "19:12",
        "19:41",
        "20:16"
    ],
    "saturday": [
        "11:26",
        "12:26",
        "13:26",
        "14:26",
        "15:26",
        "16:27",
        "17:27",
        "18:27",
        "19:28"
    ],
    "holiday": [
        "11:26",
        "12:26",
        "13:26",
        "14:26",
        "15:26",
        "16:26",
        "17:26",
        "18:26",
        "19:27"
    ],
    "url": "https://www.kanachu.co.jp/dia/diagram/timetable01_js/course:0000800229-38/node:00128291/kt:0/lname:/"
}
