{
    "date": "2025/01/14",
    "name": "原下(愛甲郡愛川町)",
    "position": "-",
    "system": "厚02",
    "destinations": [
        "学校入口(愛甲郡愛川町)",
        "撚糸組合前",
        "半原"
    ],
    "weekday": [
        "11:12",
        "12:12",
        "13:12",
        "14:12",
        "15:12",
        "16:12",
        "17:03",
        "17:43",
        "18:13",
        "18:43",
        "19:13",
        "19:42",
        "20:17"
    ],
    "saturday": [
        "11:27",
        "12:27",
        "13:27",
        "14:27",
        "15:27",
        "16:28",
        "17:28",
        "18:28",
        "19:29"
    ],
    "holiday": [
        "11:27",
        "12:27",
        "13:27",
        "14:27",
        "15:27",
        "16:27",
        "17:27",
        "18:27",
        "19:28"
    ],
    "url": "https://www.kanachu.co.jp/dia/diagram/timetable01_js/course:0000800229-39/node:00128292/kt:0/lname:/"
}
