{
    "date": "2024/04/01",
    "name": "三ツ境駅北口",
    "position": "-",
    "system": "",
    "destinations": [
        "つゆきの森",
        "水道企業団前(横浜市旭区)",
        "西部病院前",
        "矢指町入口",
        "程ヶ谷カントリークラブ前",
        "川井橋",
        "東根",
        "原分",
        "亀甲山",
        "大貫橋",
        "若葉台南",
        "地区公園",
        "若葉台中央(横浜市旭区)"
    ],
    "weekday": [
        "6:36",
        "7:03",
        "7:26",
        "8:06",
        "8:34",
        "9:30",
        "10:30",
        "11:30",
        "12:30",
        "13:30",
        "14:30",
        "15:34",
        "16:34",
        "17:30",
        "18:34",
        "19:30",
        "20:30",
        "21:30"
    ],
    "saturday": [
        "6:45",
        "7:30",
        "8:30",
        "9:36",
        "10:36",
        "11:36",
        "12:36",
        "13:36",
        "14:36",
        "15:36",
        "16:36",
        "17:36",
        "18:36",
        "19:36",
        "20:15"
    ],
    "holiday": [
        "7:36",
        "8:36",
        "9:36",
        "10:36",
        "11:36",
        "12:36",
        "13:36",
        "14:36",
        "15:36",
        "16:36",
        "17:36",
        "18:30",
        "19:30",
        "20:25"
    ],
    "url": "https://www.kanachu.co.jp/dia/diagram/timetable01_js/course:0000802188-1/node:00129664/kt:0/lname:/"
}
