{
    "date": "2024/04/01",
    "name": "つゆきの森",
    "position": "-",
    "system": "116",
    "destinations": [
        "水道企業団前(横浜市旭区)",
        "西部病院前",
        "矢指町入口",
        "程ヶ谷カントリークラブ前",
        "川井橋",
        "東根",
        "原分",
        "亀甲山",
        "大貫橋",
        "若葉台南",
        "地区公園",
        "若葉台中央(横浜市旭区)"
    ],
    "weekday": [
        "6:37",
        "7:04",
        "7:27",
        "8:07",
        "8:35",
        "9:31",
        "10:31",
        "11:31",
        "12:31",
        "13:31",
        "14:31",
        "15:35",
        "16:35",
        "17:31",
        "18:35",
        "19:31",
        "20:31",
        "21:31"
    ],
    "saturday": [
        "6:46",
        "7:31",
        "8:31",
        "9:37",
        "10:37",
        "11:37",
        "12:37",
        "13:37",
        "14:37",
        "15:37",
        "16:37",
        "17:37",
        "18:37",
        "19:37",
        "20:16"
    ],
    "holiday": [
        "7:37",
        "8:37",
        "9:37",
        "10:37",
        "11:37",
        "12:37",
        "13:37",
        "14:37",
        "15:37",
        "16:37",
        "17:37",
        "18:31",
        "19:31",
        "20:26"
    ],
    "url": "https://www.kanachu.co.jp/dia/diagram/timetable01_js/course:0000802188-2/node:00129781/kt:0/lname:/"
}
