{
    "date": "2024/04/01",
    "name": "水道企業団前(横浜市旭区)",
    "position": "-",
    "system": "116",
    "destinations": [
        "西部病院前",
        "矢指町入口",
        "程ヶ谷カントリークラブ前",
        "川井橋",
        "東根",
        "原分",
        "亀甲山",
        "大貫橋",
        "若葉台南",
        "地区公園",
        "若葉台中央(横浜市旭区)"
    ],
    "weekday": [
        "6:38",
        "7:05",
        "7:28",
        "8:08",
        "8:36",
        "9:32",
        "10:32",
        "11:32",
        "12:32",
        "13:32",
        "14:32",
        "15:36",
        "16:36",
        "17:32",
        "18:36",
        "19:32",
        "20:32",
        "21:32"
    ],
    "saturday": [
        "6:47",
        "7:32",
        "8:32",
        "9:38",
        "10:38",
        "11:38",
        "12:38",
        "13:38",
        "14:38",
        "15:38",
        "16:38",
        "17:38",
        "18:38",
        "19:38",
        "20:17"
    ],
    "holiday": [
        "7:38",
        "8:38",
        "9:38",
        "10:38",
        "11:38",
        "12:38",
        "13:38",
        "14:38",
        "15:38",
        "16:38",
        "17:38",
        "18:32",
        "19:32",
        "20:27"
    ],
    "url": "https://www.kanachu.co.jp/dia/diagram/timetable01_js/course:0000802188-3/node:00129723/kt:0/lname:/"
}
