{
    "date": "2024/04/01",
    "name": "矢指町入口",
    "position": "-",
    "system": "116",
    "destinations": [
        "程ヶ谷カントリークラブ前",
        "川井橋",
        "東根",
        "原分",
        "亀甲山",
        "大貫橋",
        "若葉台南",
        "地区公園",
        "若葉台中央(横浜市旭区)"
    ],
    "weekday": [
        "6:40",
        "7:07",
        "7:30",
        "8:10",
        "8:38",
        "9:34",
        "10:34",
        "11:34",
        "12:34",
        "13:34",
        "14:34",
        "15:38",
        "16:38",
        "17:34",
        "18:38",
        "19:34",
        "20:34",
        "21:34"
    ],
    "saturday": [
        "6:49",
        "7:34",
        "8:34",
        "9:40",
        "10:40",
        "11:40",
        "12:40",
        "13:40",
        "14:40",
        "15:40",
        "16:40",
        "17:40",
        "18:40",
        "19:40",
        "20:19"
    ],
    "holiday": [
        "7:40",
        "8:40",
        "9:40",
        "10:40",
        "11:40",
        "12:40",
        "13:40",
        "14:40",
        "15:40",
        "16:40",
        "17:40",
        "18:34",
        "19:34",
        "20:29"
    ],
    "url": "https://www.kanachu.co.jp/dia/diagram/timetable01_js/course:0000802188-5/node:00129725/kt:0/lname:/"
}
