{
    "date": "2024/04/01",
    "name": "程ヶ谷カントリークラブ前",
    "position": "-",
    "system": "",
    "destinations": [
        "川井橋",
        "東根",
        "原分",
        "亀甲山",
        "大貫橋",
        "若葉台南",
        "地区公園",
        "若葉台中央(横浜市旭区)"
    ],
    "weekday": [
        "6:41",
        "7:08",
        "7:31",
        "8:11",
        "8:39",
        "9:35",
        "10:35",
        "11:35",
        "12:35",
        "13:35",
        "14:35",
        "15:39",
        "16:39",
        "17:35",
        "18:39",
        "19:35",
        "20:35",
        "21:35"
    ],
    "saturday": [
        "6:50",
        "7:35",
        "8:35",
        "9:41",
        "10:41",
        "11:41",
        "12:41",
        "13:41",
        "14:41",
        "15:41",
        "16:41",
        "17:41",
        "18:41",
        "19:41",
        "20:20"
    ],
    "holiday": [
        "7:41",
        "8:41",
        "9:41",
        "10:41",
        "11:41",
        "12:41",
        "13:41",
        "14:41",
        "15:41",
        "16:41",
        "17:41",
        "18:35",
        "19:35",
        "20:30"
    ],
    "url": "https://www.kanachu.co.jp/dia/diagram/timetable01_js/course:0000802188-6/node:00129726/kt:0/lname:/"
}
