{
    "date": "2024/04/01",
    "name": "大貫橋",
    "position": "-",
    "system": "116",
    "destinations": [
        "若葉台南",
        "地区公園",
        "若葉台中央(横浜市旭区)"
    ],
    "weekday": [
        "6:46",
        "7:13",
        "7:36",
        "8:16",
        "8:44",
        "9:40",
        "10:40",
        "11:40",
        "12:40",
        "13:40",
        "14:40",
        "15:44",
        "16:44",
        "17:40",
        "18:44",
        "19:40",
        "20:40",
        "21:40"
    ],
    "saturday": [
        "6:55",
        "7:40",
        "8:40",
        "9:46",
        "10:46",
        "11:46",
        "12:46",
        "13:46",
        "14:46",
        "15:46",
        "16:46",
        "17:46",
        "18:46",
        "19:46",
        "20:25"
    ],
    "holiday": [
        "7:46",
        "8:46",
        "9:46",
        "10:46",
        "11:46",
        "12:46",
        "13:46",
        "14:46",
        "15:46",
        "16:46",
        "17:46",
        "18:40",
        "19:40",
        "20:35"
    ],
    "url": "https://www.kanachu.co.jp/dia/diagram/timetable01_js/course:0000802188-11/node:00129706/kt:0/lname:/"
}
