{
    "date": "2024/04/01",
    "name": "若葉台南",
    "position": "-",
    "system": "116",
    "destinations": [
        "地区公園",
        "若葉台中央(横浜市旭区)"
    ],
    "weekday": [
        "6:47",
        "7:14",
        "7:37",
        "8:17",
        "8:45",
        "9:41",
        "10:41",
        "11:41",
        "12:41",
        "13:41",
        "14:41",
        "15:45",
        "16:45",
        "17:41",
        "18:45",
        "19:41",
        "20:41",
        "21:41"
    ],
    "saturday": [
        "6:56",
        "7:41",
        "8:41",
        "9:47",
        "10:47",
        "11:47",
        "12:47",
        "13:47",
        "14:47",
        "15:47",
        "16:47",
        "17:47",
        "18:47",
        "19:47",
        "20:26"
    ],
    "holiday": [
        "7:47",
        "8:47",
        "9:47",
        "10:47",
        "11:47",
        "12:47",
        "13:47",
        "14:47",
        "15:47",
        "16:47",
        "17:47",
        "18:41",
        "19:41",
        "20:36"
    ],
    "url": "https://www.kanachu.co.jp/dia/diagram/timetable01_js/course:0000802188-12/node:00103262/kt:0/lname:/"
}
