{
    "system": "116",
    "busstops": [
        {
            "index": "1",
            "id": "00129664",
            "name": "三ツ境駅北口",
            "lat": "35.468477",
            "lng": "139.502192"
        },
        {
            "index": "2",
            "id": "00129781",
            "name": "つゆきの森",
            "lat": "35.471119",
            "lng": "139.501941"
        },
        {
            "index": "3",
            "id": "00129723",
            "name": "水道企業団前(横浜市旭区)",
            "lat": "35.475502",
            "lng": "139.500936"
        },
        {
            "index": "4",
            "id": "00129724",
            "name": "西部病院前",
            "lat": "35.477911",
            "lng": "139.501737"
        },
        {
            "index": "5",
            "id": "00129725",
            "name": "矢指町入口",
            "lat": "35.484338",
            "lng": "139.504163"
        },
        {
            "index": "6",
            "id": "00129726",
            "name": "程ヶ谷カントリークラブ前",
            "lat": "35.489387",
            "lng": "139.504724"
        },
        {
            "index": "7",
            "id": "00129727",
            "name": "川井橋",
            "lat": "35.490695",
            "lng": "139.505836"
        },
        {
            "index": "8",
            "id": "00129728",
            "name": "東根",
            "lat": "35.493407",
            "lng": "139.506613"
        },
        {
            "index": "9",
            "id": "00129729",
            "name": "原分",
            "lat": "35.496236",
            "lng": "139.501629"
        },
        {
            "index": "10",
            "id": "00129705",
            "name": "亀甲山",
            "lat": "35.497469",
            "lng": "139.496631"
        },
        {
            "index": "11",
            "id": "00129706",
            "name": "大貫橋",
            "lat": "35.498217",
            "lng": "139.500015"
        },
        {
            "index": "12",
            "id": "00103262",
            "name": "若葉台南",
            "lat": "35.501379",
            "lng": "139.497633"
        },
        {
            "index": "13",
            "id": "00102729",
            "name": "地区公園",
            "lat": "35.503465",
            "lng": "139.495888"
        },
        {
            "index": "14",
            "id": "00019296",
            "name": "若葉台中央(横浜市旭区)",
            "lat": "35.506416",
            "lng": "139.498962"
        }
    ],
    "route_url": "https://www.kanachu.co.jp/dia/route/index/cid:0000802188/"
}
