{
    "system": "平33",
    "busstops": [
        {
            "index": "1",
            "id": "00127552",
            "name": "松岩寺",
            "lat": "35.338293",
            "lng": "139.292757"
        },
        {
            "index": "2",
            "id": "00127551",
            "name": "弁天通り(平塚市)",
            "lat": "35.335491",
            "lng": "139.293227"
        },
        {
            "index": "3",
            "id": "00127550",
            "name": "境橋(中郡大磯町)",
            "lat": "35.33003",
            "lng": "139.293012"
        },
        {
            "index": "4",
            "id": "00127542",
            "name": "上寺坂",
            "lat": "35.327537",
            "lng": "139.290443"
        },
        {
            "index": "5",
            "id": "00127541",
            "name": "上出縄",
            "lat": "35.330995",
            "lng": "139.297909"
        },
        {
            "index": "6",
            "id": "00127540",
            "name": "下出縄",
            "lat": "35.329628",
            "lng": "139.302329"
        },
        {
            "index": "7",
            "id": "00127539",
            "name": "小向(平塚市)",
            "lat": "35.326602",
            "lng": "139.302028"
        },
        {
            "index": "8",
            "id": "00127538",
            "name": "万田自治会館前",
            "lat": "35.325419",
            "lng": "139.305446"
        },
        {
            "index": "9",
            "id": "00127535",
            "name": "上万田",
            "lat": "35.326678",
            "lng": "139.307405"
        },
        {
            "index": "10",
            "id": "00127534",
            "name": "下万田",
            "lat": "35.328678",
            "lng": "139.310969"
        },
        {
            "index": "11",
            "id": "00127533",
            "name": "上山下(平塚市)",
            "lat": "35.328372",
            "lng": "139.313984"
        },
        {
            "index": "12",
            "id": "00127532",
            "name": "山下(平塚市)",
            "lat": "35.326827",
            "lng": "139.31919"
        },
        {
            "index": "13",
            "id": "00127531",
            "name": "高根(平塚市)",
            "lat": "35.326158",
            "lng": "139.322993"
        },
        {
            "index": "14",
            "id": "00127530",
            "name": "高麗清水",
            "lat": "35.325754",
            "lng": "139.325269"
        },
        {
            "index": "15",
            "id": "00127529",
            "name": "花水橋",
            "lat": "35.32399",
            "lng": "139.328054"
        },
        {
            "index": "16",
            "id": "00127470",
            "name": "古花水",
            "lat": "35.325765",
            "lng": "139.332791"
        },
        {
            "index": "17",
            "id": "00127469",
            "name": "柳町(平塚市)",
            "lat": "35.3264",
            "lng": "139.334562"
        },
        {
            "index": "18",
            "id": "00127468",
            "name": "豊田道",
            "lat": "35.327573",
            "lng": "139.338124"
        },
        {
            "index": "19",
            "id": "00127467",
            "name": "八間通り",
            "lat": "35.328369",
            "lng": "139.341444"
        },
        {
            "index": "20",
            "id": "00127466",
            "name": "平塚文化芸術ホール前",
            "lat": "35.32904",
            "lng": "139.344531"
        },
        {
            "index": "21",
            "id": "00127465",
            "name": "銀座通り(平塚市)",
            "lat": "35.329517",
            "lng": "139.346771"
        },
        {
            "index": "22",
            "id": "00127464",
            "name": "平塚駅北口",
            "lat": "35.329356",
            "lng": "139.350577"
        }
    ],
    "route_url": "https://www.kanachu.co.jp/dia/route/index/cid:0000800371/"
}
