{
    "date": "2025/03/15",
    "name": "並塚",
    "position": "-",
    "system": "長33",
    "destinations": [
        "上土棚",
        "中川橋",
        "落合(綾瀬市)",
        "上落合(綾瀬市)",
        "大法寺(綾瀬市)",
        "鶴ヶ岡",
        "深谷原",
        "廻り坂",
        "本蓼川",
        "代官三丁目",
        "代官二丁目",
        "千本桜商店街",
        "札の辻(大和市)",
        "福田四丁目",
        "福田三丁目",
        "桜ヶ丘駅西口"
    ],
    "weekday": [
        "7:29",
        "9:04",
        "10:37",
        "12:07",
        "13:37",
        "15:07",
        "16:29",
        "17:29",
        "18:34",
        "19:29"
    ],
    "saturday": [
        "7:24",
        "8:51",
        "10:21",
        "11:51",
        "13:21",
        "14:51",
        "16:21",
        "17:51"
    ],
    "holiday": [
        "7:24",
        "8:51",
        "10:21",
        "11:51",
        "13:21",
        "14:51",
        "16:21",
        "17:51"
    ],
    "url": "https://www.kanachu.co.jp/dia/diagram/timetable01_js/course:0000803650-3/node:00129847/kt:0/lname:/"
}
