{
    "date": "2025/03/15",
    "name": "落合(綾瀬市)",
    "position": "-",
    "system": "長33",
    "destinations": [
        "上落合(綾瀬市)",
        "大法寺(綾瀬市)",
        "鶴ヶ岡",
        "深谷原",
        "廻り坂",
        "本蓼川",
        "代官三丁目",
        "代官二丁目",
        "千本桜商店街",
        "札の辻(大和市)",
        "福田四丁目",
        "福田三丁目",
        "桜ヶ丘駅西口"
    ],
    "weekday": [
        "7:32",
        "9:07",
        "10:40",
        "12:10",
        "13:40",
        "15:10",
        "16:32",
        "17:32",
        "18:37",
        "19:32"
    ],
    "saturday": [
        "7:27",
        "8:54",
        "10:24",
        "11:54",
        "13:24",
        "14:54",
        "16:24",
        "17:54"
    ],
    "holiday": [
        "7:27",
        "8:54",
        "10:24",
        "11:54",
        "13:24",
        "14:54",
        "16:24",
        "17:54"
    ],
    "url": "https://www.kanachu.co.jp/dia/diagram/timetable01_js/course:0000803650-6/node:00129850/kt:0/lname:/"
}
