{
    "date": "2025/03/15",
    "name": "廻り坂",
    "position": "-",
    "system": "長33",
    "destinations": [
        "本蓼川",
        "代官三丁目",
        "代官二丁目",
        "千本桜商店街",
        "札の辻(大和市)",
        "福田四丁目",
        "福田三丁目",
        "桜ヶ丘駅西口"
    ],
    "weekday": [
        "7:38",
        "9:13",
        "10:46",
        "12:16",
        "13:46",
        "15:16",
        "16:38",
        "17:38",
        "18:43",
        "19:38"
    ],
    "saturday": [
        "7:33",
        "9:00",
        "10:30",
        "12:00",
        "13:30",
        "15:00",
        "16:30",
        "18:00"
    ],
    "holiday": [
        "7:33",
        "9:00",
        "10:30",
        "12:00",
        "13:30",
        "15:00",
        "16:30",
        "18:00"
    ],
    "url": "https://www.kanachu.co.jp/dia/diagram/timetable01_js/course:0000803650-11/node:00129854/kt:0/lname:/"
}
