{
    "date": "2025/03/15",
    "name": "代官三丁目",
    "position": "-",
    "system": "長33",
    "destinations": [
        "代官二丁目",
        "千本桜商店街",
        "札の辻(大和市)",
        "福田四丁目",
        "福田三丁目",
        "桜ヶ丘駅西口"
    ],
    "weekday": [
        "7:41",
        "9:16",
        "10:49",
        "12:19",
        "13:49",
        "15:19",
        "16:41",
        "17:41",
        "18:46",
        "19:41"
    ],
    "saturday": [
        "7:36",
        "9:03",
        "10:33",
        "12:03",
        "13:33",
        "15:03",
        "16:33",
        "18:03"
    ],
    "holiday": [
        "7:36",
        "9:03",
        "10:33",
        "12:03",
        "13:33",
        "15:03",
        "16:33",
        "18:03"
    ],
    "url": "https://www.kanachu.co.jp/dia/diagram/timetable01_js/course:0000803650-13/node:00129993/kt:0/lname:/"
}
