{
    "date": "2025/03/15",
    "name": "代官二丁目",
    "position": "-",
    "system": "長33",
    "destinations": [
        "千本桜商店街",
        "札の辻(大和市)",
        "福田四丁目",
        "福田三丁目",
        "桜ヶ丘駅西口"
    ],
    "weekday": [
        "7:43",
        "9:18",
        "10:51",
        "12:21",
        "13:51",
        "15:21",
        "16:43",
        "17:43",
        "18:48",
        "19:43"
    ],
    "saturday": [
        "7:38",
        "9:05",
        "10:35",
        "12:05",
        "13:35",
        "15:05",
        "16:35",
        "18:05"
    ],
    "holiday": [
        "7:38",
        "9:05",
        "10:35",
        "12:05",
        "13:35",
        "15:05",
        "16:35",
        "18:05"
    ],
    "url": "https://www.kanachu.co.jp/dia/diagram/timetable01_js/course:0000803650-14/node:00129994/kt:0/lname:/"
}
