{
    "date": "2025/03/15",
    "name": "札の辻(大和市)",
    "position": "-",
    "system": "長33",
    "destinations": [
        "福田四丁目",
        "福田三丁目",
        "桜ヶ丘駅西口"
    ],
    "weekday": [
        "7:45",
        "9:20",
        "10:53",
        "12:23",
        "13:53",
        "15:23",
        "16:45",
        "17:45",
        "18:50",
        "19:45"
    ],
    "saturday": [
        "7:40",
        "9:07",
        "10:37",
        "12:07",
        "13:37",
        "15:07",
        "16:37",
        "18:07"
    ],
    "holiday": [
        "7:40",
        "9:07",
        "10:37",
        "12:07",
        "13:37",
        "15:07",
        "16:37",
        "18:07"
    ],
    "url": "https://www.kanachu.co.jp/dia/diagram/timetable01_js/course:0000803650-16/node:00129996/kt:0/lname:/"
}
