{
    "date": "2024/03/16",
    "name": "公民館入口(高座郡寒川町)",
    "position": "-",
    "system": "茅45",
    "destinations": [
        "寒川駅入口",
        "景観寺",
        "寒川十字路",
        "寒川高校前(高座郡寒川町)",
        "田端耕地",
        "田端(高座郡寒川町)",
        "番場(茅ケ崎市)",
        "萩園(茅ケ崎市)",
        "辻西(茅ケ崎市)",
        "萩園辻",
        "辻東(茅ケ崎市)",
        "鶴嶺小学校前",
        "登象",
        "肥地力",
        "保健所前(茅ケ崎市)",
        "ジャスコ前(茅ケ崎市)",
        "市民文化会館前(茅ケ崎市)",
        "茅ヶ崎駅"
    ],
    "weekday": [
        "7:07",
        "7:31",
        "8:04",
        "8:34",
        "9:09",
        "10:09",
        "11:09",
        "12:09",
        "13:09",
        "14:09",
        "15:09",
        "16:09",
        "17:09",
        "17:52",
        "18:30",
        "19:06"
    ],
    "saturday": [
        "7:19",
        "8:13",
        "9:12",
        "10:17",
        "11:22",
        "12:22",
        "13:22",
        "14:22",
        "15:22",
        "16:22",
        "17:22",
        "18:22",
        "19:18"
    ],
    "holiday": [
        "7:23",
        "8:13",
        "9:12",
        "10:22",
        "11:22",
        "12:22",
        "13:22",
        "14:22",
        "15:22",
        "16:22",
        "17:22",
        "18:22",
        "19:18"
    ],
    "url": "https://www.kanachu.co.jp/dia/diagram/timetable01_js/course:0000800545-5/node:00127173/kt:0/lname:/"
}
