{
    "date": "2024/03/16",
    "name": "萩園辻",
    "position": "-",
    "system": "茅45",
    "destinations": [
        "辻東(茅ケ崎市)",
        "鶴嶺小学校前",
        "登象",
        "肥地力",
        "保健所前(茅ケ崎市)",
        "ジャスコ前(茅ケ崎市)",
        "市民文化会館前(茅ケ崎市)",
        "茅ヶ崎駅"
    ],
    "weekday": [
        "7:21",
        "7:45",
        "8:18",
        "8:48",
        "9:23",
        "10:23",
        "11:23",
        "12:23",
        "13:23",
        "14:23",
        "15:23",
        "16:23",
        "17:23",
        "18:06",
        "18:44",
        "19:20"
    ],
    "saturday": [
        "7:31",
        "8:27",
        "9:26",
        "10:31",
        "11:36",
        "12:36",
        "13:36",
        "14:36",
        "15:36",
        "16:36",
        "17:36",
        "18:36",
        "19:32"
    ],
    "holiday": [
        "7:35",
        "8:27",
        "9:26",
        "10:36",
        "11:36",
        "12:36",
        "13:36",
        "14:36",
        "15:36",
        "16:36",
        "17:36",
        "18:36",
        "19:32"
    ],
    "url": "https://www.kanachu.co.jp/dia/diagram/timetable01_js/course:0000800545-15/node:00127192/kt:0/lname:/"
}
