{
    "date": "2024/03/16",
    "name": "辻東(茅ケ崎市)",
    "position": "-",
    "system": "茅45",
    "destinations": [
        "鶴嶺小学校前",
        "登象",
        "肥地力",
        "保健所前(茅ケ崎市)",
        "ジャスコ前(茅ケ崎市)",
        "市民文化会館前(茅ケ崎市)",
        "茅ヶ崎駅"
    ],
    "weekday": [
        "7:22",
        "7:46",
        "8:19",
        "8:49",
        "9:24",
        "10:24",
        "11:24",
        "12:24",
        "13:24",
        "14:24",
        "15:24",
        "16:24",
        "17:24",
        "18:07",
        "18:45",
        "19:21"
    ],
    "saturday": [
        "7:32",
        "8:28",
        "9:27",
        "10:32",
        "11:37",
        "12:37",
        "13:37",
        "14:37",
        "15:37",
        "16:37",
        "17:37",
        "18:37",
        "19:33"
    ],
    "holiday": [
        "7:36",
        "8:28",
        "9:27",
        "10:37",
        "11:37",
        "12:37",
        "13:37",
        "14:37",
        "15:37",
        "16:37",
        "17:37",
        "18:37",
        "19:33"
    ],
    "url": "https://www.kanachu.co.jp/dia/diagram/timetable01_js/course:0000800545-16/node:00127201/kt:0/lname:/"
}
