{
    "date": "2024/03/16",
    "name": "ジャスコ前(茅ケ崎市)",
    "position": "-",
    "system": "茅45",
    "destinations": [
        "市民文化会館前(茅ケ崎市)",
        "茅ヶ崎駅"
    ],
    "weekday": [
        "7:30",
        "7:54",
        "8:27",
        "8:57",
        "9:32",
        "10:32",
        "11:32",
        "12:32",
        "13:32",
        "14:32",
        "15:32",
        "16:32",
        "17:32",
        "18:15",
        "18:53",
        "19:29"
    ],
    "saturday": [
        "7:39",
        "8:36",
        "9:35",
        "10:40",
        "11:45",
        "12:45",
        "13:45",
        "14:45",
        "15:45",
        "16:45",
        "17:45",
        "18:45",
        "19:41"
    ],
    "holiday": [
        "7:43",
        "8:36",
        "9:35",
        "10:45",
        "11:45",
        "12:45",
        "13:45",
        "14:45",
        "15:45",
        "16:45",
        "17:45",
        "18:45",
        "19:41"
    ],
    "url": "https://www.kanachu.co.jp/dia/diagram/timetable01_js/course:0000800545-21/node:00127288/kt:0/lname:/"
}
