{
    "date": "2024/03/16",
    "name": "犬山南",
    "position": "-",
    "system": "港84",
    "destinations": [
        "上之中央",
        "上之",
        "紅葉橋(横浜市栄区)",
        "横浜栄高校前",
        "榎戸(横浜市港南区)",
        "横浜女子短期大学前",
        "港南台駅"
    ],
    "weekday": [
        "7:34",
        "9:04",
        "9:24",
        "11:49",
        "13:19",
        "14:19",
        "16:14",
        "16:26"
    ],
    "saturday": [],
    "holiday": [],
    "url": "https://www.kanachu.co.jp/dia/diagram/timetable01_js/course:0000800274-6/node:00126533/kt:0/lname:/"
}
