{
    "date": "2023/10/01",
    "name": "山王原西公園",
    "position": "-",
    "system": "",
    "destinations": [
        "山王原公園",
        "山王原(大和市)",
        "下鶴間",
        "つきみ野2丁目南",
        "つきみ野2丁目",
        "つきみ野3丁目",
        "大和高校入口",
        "中央林間4丁目",
        "中央林間駅",
        "中央林間駅南"
    ],
    "weekday": [
        "8:01",
        "9:41",
        "11:26",
        "13:06",
        "14:51",
        "16:31",
        "18:16"
    ],
    "saturday": [
        "8:01",
        "9:51",
        "11:36",
        "13:31",
        "15:16",
        "17:11"
    ],
    "holiday": [
        "8:01",
        "9:51",
        "11:36",
        "13:31",
        "15:16",
        "17:11"
    ],
    "url": "https://www.kanachu.co.jp/dia/diagram/timetable01_js/course:0000803399-5/node:00130448/kt:0/lname:/"
}
