{
    "date": "2023/10/01",
    "name": "下鶴間",
    "position": "-",
    "system": "",
    "destinations": [
        "つきみ野2丁目南",
        "つきみ野2丁目",
        "つきみ野3丁目",
        "大和高校入口",
        "中央林間4丁目",
        "中央林間駅",
        "中央林間駅南"
    ],
    "weekday": [
        "8:05",
        "9:45",
        "11:30",
        "13:10",
        "14:55",
        "16:35",
        "18:20"
    ],
    "saturday": [
        "8:05",
        "9:55",
        "11:40",
        "13:35",
        "15:20",
        "17:15"
    ],
    "holiday": [
        "8:05",
        "9:55",
        "11:40",
        "13:35",
        "15:20",
        "17:15"
    ],
    "url": "https://www.kanachu.co.jp/dia/diagram/timetable01_js/course:0000803399-8/node:00129528/kt:0/lname:/"
}
