{
    "date": "2024/03/16",
    "name": "東谷戸入口",
    "position": "-",
    "system": "厚13",
    "destinations": [
        "荻野中学校入口",
        "鳶尾団地",
        "鳶尾四丁目",
        "鳶尾山前",
        "稲荷木",
        "新道公所",
        "山中陣屋跡公園前",
        "天台上野原",
        "及川球技場入口",
        "林中学校入口",
        "愛光病院前",
        "本厚木駅",
        "厚木バスセンター"
    ],
    "weekday": [
        "6:27",
        "6:47",
        "7:14",
        "7:57",
        "8:19",
        "8:44"
    ],
    "saturday": [],
    "holiday": [],
    "url": "https://www.kanachu.co.jp/dia/diagram/timetable01_js/course:0000800892-6/node:00128275/kt:0/lname:/"
}
