{
    "system": "厚13",
    "busstops": [
        {
            "index": "1",
            "id": "00128302",
            "name": "まつかげ台",
            "lat": "35.503717",
            "lng": "139.316414"
        },
        {
            "index": "2",
            "id": "00128694",
            "name": "みはる野二丁目",
            "lat": "35.503008",
            "lng": "139.319946"
        },
        {
            "index": "3",
            "id": "00128693",
            "name": "みはる野中央",
            "lat": "35.50107",
            "lng": "139.32244"
        },
        {
            "index": "4",
            "id": "00128692",
            "name": "みはる野一丁目",
            "lat": "35.499253",
            "lng": "139.324205"
        },
        {
            "index": "5",
            "id": "00128691",
            "name": "みはる野",
            "lat": "35.496974",
            "lng": "139.321519"
        },
        {
            "index": "6",
            "id": "00128275",
            "name": "東谷戸入口",
            "lat": "35.494541",
            "lng": "139.319061"
        },
        {
            "index": "7",
            "id": "00128690",
            "name": "荻野中学校入口",
            "lat": "35.493713",
            "lng": "139.321228"
        },
        {
            "index": "8",
            "id": "00128303",
            "name": "鳶尾団地",
            "lat": "35.491318",
            "lng": "139.327172"
        },
        {
            "index": "9",
            "id": "00128675",
            "name": "鳶尾四丁目",
            "lat": "35.490099",
            "lng": "139.325058"
        },
        {
            "index": "10",
            "id": "00128273",
            "name": "鳶尾山前",
            "lat": "35.488935",
            "lng": "139.324667"
        },
        {
            "index": "11",
            "id": "00128272",
            "name": "稲荷木",
            "lat": "35.486371",
            "lng": "139.327105"
        },
        {
            "index": "12",
            "id": "00128689",
            "name": "新道公所",
            "lat": "35.484027",
            "lng": "139.330104"
        },
        {
            "index": "13",
            "id": "00128688",
            "name": "山中陣屋跡公園前",
            "lat": "35.479561",
            "lng": "139.333115"
        },
        {
            "index": "14",
            "id": "00128687",
            "name": "天台上野原",
            "lat": "35.471457",
            "lng": "139.339416"
        },
        {
            "index": "15",
            "id": "00128686",
            "name": "及川球技場入口",
            "lat": "35.466516",
            "lng": "139.344583"
        },
        {
            "index": "16",
            "id": "00128685",
            "name": "林中学校入口",
            "lat": "35.45742",
            "lng": "139.351074"
        },
        {
            "index": "17",
            "id": "00128397",
            "name": "愛光病院前",
            "lat": "35.450528",
            "lng": "139.356171"
        },
        {
            "index": "18",
            "id": "00025684",
            "name": "本厚木駅",
            "lat": "35.440542",
            "lng": "139.363859"
        },
        {
            "index": "19",
            "id": "00128256",
            "name": "厚木バスセンター",
            "lat": "35.441107",
            "lng": "139.36685"
        }
    ],
    "route_url": "https://www.kanachu.co.jp/dia/route/index/cid:0000800892/"
}
