{
    "date": "2025/04/01",
    "name": "旭中学校(相模原市緑区)",
    "position": "-",
    "system": "橋57",
    "destinations": [
        "緑ヶ丘(相模原市緑区)",
        "石宮",
        "上中の原団地",
        "六地蔵(相模原市緑区)",
        "上九沢",
        "大沢まちづくりセンター前",
        "榎戸(相模原市緑区)",
        "日々社前",
        "水場",
        "古清水",
        "清水(相模原市中央区)",
        "清水入口(相模原市中央区)",
        "雨窪(相模原市中央区)",
        "堀の内(相模原市中央区)",
        "田名バスターミナル"
    ],
    "weekday": [
        "6:29",
        "6:41",
        "6:59",
        "7:15",
        "7:30",
        "7:45",
        "8:05",
        "8:25",
        "8:50",
        "9:04",
        "9:24",
        "9:44",
        "10:04",
        "10:24",
        "10:44",
        "11:04",
        "11:24",
        "11:44",
        "12:04",
        "12:24",
        "12:44",
        "13:04",
        "13:24",
        "13:44",
        "14:04",
        "14:24",
        "14:44",
        "15:04",
        "15:24",
        "15:44",
        "16:04",
        "16:24",
        "16:44",
        "17:05",
        "17:25",
        "17:45",
        "18:05",
        "18:25",
        "18:35",
        "18:50",
        "19:05",
        "19:20",
        "19:35",
        "20:04",
        "20:29",
        "21:04"
    ],
    "saturday": [
        "6:29",
        "6:49",
        "7:09",
        "7:29",
        "7:49",
        "8:09",
        "8:29",
        "8:49",
        "9:09",
        "9:29",
        "9:49",
        "10:09",
        "10:29",
        "10:49",
        "11:09",
        "11:29",
        "11:49",
        "12:09",
        "12:29",
        "12:49",
        "13:09",
        "13:29",
        "13:49",
        "14:09",
        "14:29",
        "14:49",
        "15:09",
        "15:29",
        "15:49",
        "16:09",
        "16:29",
        "16:49",
        "17:09",
        "17:29",
        "17:49",
        "18:09",
        "18:29",
        "18:49",
        "19:09",
        "19:29",
        "19:49",
        "20:09",
        "20:29",
        "20:49"
    ],
    "holiday": [
        "6:43",
        "7:09",
        "7:29",
        "7:49",
        "8:09",
        "8:29",
        "8:49",
        "9:09",
        "9:29",
        "9:49",
        "10:09",
        "10:29",
        "10:49",
        "11:09",
        "11:29",
        "11:49",
        "12:09",
        "12:29",
        "12:49",
        "13:09",
        "13:29",
        "13:49",
        "14:09",
        "14:29",
        "14:49",
        "15:09",
        "15:29",
        "15:49",
        "16:09",
        "16:29",
        "16:49",
        "17:09",
        "17:29",
        "17:49",
        "18:09",
        "18:29",
        "18:49",
        "19:09",
        "19:29",
        "19:49",
        "20:09",
        "20:29",
        "20:49"
    ],
    "url": "https://www.kanachu.co.jp/dia/diagram/timetable01_js/course:0000803780-3/node:00129066/kt:0/lname:/"
}
