{
    "date": "2025/04/01",
    "name": "六地蔵(相模原市緑区)",
    "position": "-",
    "system": "橋57",
    "destinations": [
        "上九沢",
        "大沢まちづくりセンター前",
        "榎戸(相模原市緑区)",
        "日々社前",
        "水場",
        "古清水",
        "清水(相模原市中央区)",
        "清水入口(相模原市中央区)",
        "雨窪(相模原市中央区)",
        "堀の内(相模原市中央区)",
        "田名バスターミナル"
    ],
    "weekday": [
        "6:34",
        "6:46",
        "7:04",
        "7:20",
        "7:35",
        "7:50",
        "8:10",
        "8:30",
        "8:55",
        "9:09",
        "9:29",
        "9:49",
        "10:09",
        "10:29",
        "10:49",
        "11:09",
        "11:29",
        "11:49",
        "12:09",
        "12:29",
        "12:49",
        "13:09",
        "13:29",
        "13:49",
        "14:09",
        "14:29",
        "14:49",
        "15:09",
        "15:29",
        "15:49",
        "16:09",
        "16:29",
        "16:49",
        "17:10",
        "17:30",
        "17:50",
        "18:10",
        "18:30",
        "18:40",
        "18:55",
        "19:10",
        "19:25",
        "19:40",
        "20:09",
        "20:34",
        "21:09"
    ],
    "saturday": [
        "6:34",
        "6:54",
        "7:14",
        "7:34",
        "7:54",
        "8:14",
        "8:34",
        "8:54",
        "9:14",
        "9:34",
        "9:54",
        "10:14",
        "10:34",
        "10:54",
        "11:14",
        "11:34",
        "11:54",
        "12:14",
        "12:34",
        "12:54",
        "13:14",
        "13:34",
        "13:54",
        "14:14",
        "14:34",
        "14:54",
        "15:14",
        "15:34",
        "15:54",
        "16:14",
        "16:34",
        "16:54",
        "17:14",
        "17:34",
        "17:54",
        "18:14",
        "18:34",
        "18:54",
        "19:14",
        "19:34",
        "19:54",
        "20:14",
        "20:34",
        "20:54"
    ],
    "holiday": [
        "6:48",
        "7:14",
        "7:34",
        "7:54",
        "8:14",
        "8:34",
        "8:54",
        "9:14",
        "9:34",
        "9:54",
        "10:14",
        "10:34",
        "10:54",
        "11:14",
        "11:34",
        "11:54",
        "12:14",
        "12:34",
        "12:54",
        "13:14",
        "13:34",
        "13:54",
        "14:14",
        "14:34",
        "14:54",
        "15:14",
        "15:34",
        "15:54",
        "16:14",
        "16:34",
        "16:54",
        "17:14",
        "17:34",
        "17:54",
        "18:14",
        "18:34",
        "18:54",
        "19:14",
        "19:34",
        "19:54",
        "20:14",
        "20:34",
        "20:54"
    ],
    "url": "https://www.kanachu.co.jp/dia/diagram/timetable01_js/course:0000803780-7/node:00129297/kt:0/lname:/"
}
