{
    "date": "2025/04/01",
    "name": "大沢まちづくりセンター前",
    "position": "-",
    "system": "橋57",
    "destinations": [
        "榎戸(相模原市緑区)",
        "日々社前",
        "水場",
        "古清水",
        "清水(相模原市中央区)",
        "清水入口(相模原市中央区)",
        "雨窪(相模原市中央区)",
        "堀の内(相模原市中央区)",
        "田名バスターミナル"
    ],
    "weekday": [
        "6:36",
        "6:48",
        "7:06",
        "7:22",
        "7:37",
        "7:52",
        "8:12",
        "8:32",
        "8:57",
        "9:11",
        "9:31",
        "9:51",
        "10:11",
        "10:31",
        "10:51",
        "11:11",
        "11:31",
        "11:51",
        "12:11",
        "12:31",
        "12:51",
        "13:11",
        "13:31",
        "13:51",
        "14:11",
        "14:31",
        "14:51",
        "15:11",
        "15:31",
        "15:51",
        "16:11",
        "16:31",
        "16:51",
        "17:12",
        "17:32",
        "17:52",
        "18:12",
        "18:32",
        "18:42",
        "18:57",
        "19:12",
        "19:27",
        "19:42",
        "20:11",
        "20:36",
        "21:11"
    ],
    "saturday": [
        "6:36",
        "6:56",
        "7:16",
        "7:36",
        "7:56",
        "8:16",
        "8:36",
        "8:56",
        "9:16",
        "9:36",
        "9:56",
        "10:16",
        "10:36",
        "10:56",
        "11:16",
        "11:36",
        "11:56",
        "12:16",
        "12:36",
        "12:56",
        "13:16",
        "13:36",
        "13:56",
        "14:16",
        "14:36",
        "14:56",
        "15:16",
        "15:36",
        "15:56",
        "16:16",
        "16:36",
        "16:56",
        "17:16",
        "17:36",
        "17:56",
        "18:16",
        "18:36",
        "18:56",
        "19:16",
        "19:36",
        "19:56",
        "20:16",
        "20:36",
        "20:56"
    ],
    "holiday": [
        "6:50",
        "7:16",
        "7:36",
        "7:56",
        "8:16",
        "8:36",
        "8:56",
        "9:16",
        "9:36",
        "9:56",
        "10:16",
        "10:36",
        "10:56",
        "11:16",
        "11:36",
        "11:56",
        "12:16",
        "12:36",
        "12:56",
        "13:16",
        "13:36",
        "13:56",
        "14:16",
        "14:36",
        "14:56",
        "15:16",
        "15:36",
        "15:56",
        "16:16",
        "16:36",
        "16:56",
        "17:16",
        "17:36",
        "17:56",
        "18:16",
        "18:36",
        "18:56",
        "19:16",
        "19:36",
        "19:56",
        "20:16",
        "20:36",
        "20:56"
    ],
    "url": "https://www.kanachu.co.jp/dia/diagram/timetable01_js/course:0000803780-9/node:00129087/kt:0/lname:/"
}
