{
    "date": "2025/04/01",
    "name": "水場",
    "position": "-",
    "system": "橋57",
    "destinations": [
        "古清水",
        "清水(相模原市中央区)",
        "清水入口(相模原市中央区)",
        "雨窪(相模原市中央区)",
        "堀の内(相模原市中央区)",
        "田名バスターミナル"
    ],
    "weekday": [
        "6:40",
        "6:52",
        "7:10",
        "7:26",
        "7:41",
        "7:56",
        "8:16",
        "8:36",
        "9:01",
        "9:15",
        "9:35",
        "9:55",
        "10:15",
        "10:35",
        "10:55",
        "11:15",
        "11:35",
        "11:55",
        "12:15",
        "12:35",
        "12:55",
        "13:15",
        "13:35",
        "13:55",
        "14:15",
        "14:35",
        "14:55",
        "15:15",
        "15:35",
        "15:55",
        "16:15",
        "16:35",
        "16:55",
        "17:16",
        "17:36",
        "17:56",
        "18:16",
        "18:36",
        "18:46",
        "19:01",
        "19:16",
        "19:31",
        "19:46",
        "20:15",
        "20:40",
        "21:15"
    ],
    "saturday": [
        "6:40",
        "7:00",
        "7:20",
        "7:40",
        "8:00",
        "8:20",
        "8:40",
        "9:00",
        "9:20",
        "9:40",
        "10:00",
        "10:20",
        "10:40",
        "11:00",
        "11:20",
        "11:40",
        "12:00",
        "12:20",
        "12:40",
        "13:00",
        "13:20",
        "13:40",
        "14:00",
        "14:20",
        "14:40",
        "15:00",
        "15:20",
        "15:40",
        "16:00",
        "16:20",
        "16:40",
        "17:00",
        "17:20",
        "17:40",
        "18:00",
        "18:20",
        "18:40",
        "19:00",
        "19:20",
        "19:40",
        "20:00",
        "20:20",
        "20:40",
        "21:00"
    ],
    "holiday": [
        "6:54",
        "7:20",
        "7:40",
        "8:00",
        "8:20",
        "8:40",
        "9:00",
        "9:20",
        "9:40",
        "10:00",
        "10:20",
        "10:40",
        "11:00",
        "11:20",
        "11:40",
        "12:00",
        "12:20",
        "12:40",
        "13:00",
        "13:20",
        "13:40",
        "14:00",
        "14:20",
        "14:40",
        "15:00",
        "15:20",
        "15:40",
        "16:00",
        "16:20",
        "16:40",
        "17:00",
        "17:20",
        "17:40",
        "18:00",
        "18:20",
        "18:40",
        "19:00",
        "19:20",
        "19:40",
        "20:00",
        "20:20",
        "20:40",
        "21:00"
    ],
    "url": "https://www.kanachu.co.jp/dia/diagram/timetable01_js/course:0000803780-12/node:00129262/kt:0/lname:/"
}
