{
    "date": "2025/04/01",
    "name": "雨窪(相模原市中央区)",
    "position": "-",
    "system": "橋57",
    "destinations": [
        "堀の内(相模原市中央区)",
        "田名バスターミナル"
    ],
    "weekday": [
        "6:45",
        "6:57",
        "7:16",
        "7:32",
        "7:47",
        "8:02",
        "8:22",
        "8:42",
        "9:07",
        "9:21",
        "9:41",
        "10:01",
        "10:21",
        "10:41",
        "11:01",
        "11:21",
        "11:41",
        "12:01",
        "12:21",
        "12:41",
        "13:01",
        "13:21",
        "13:41",
        "14:01",
        "14:21",
        "14:41",
        "15:01",
        "15:21",
        "15:41",
        "16:01",
        "16:21",
        "16:41",
        "17:01",
        "17:22",
        "17:42",
        "18:02",
        "18:22",
        "18:42",
        "18:52",
        "19:07",
        "19:22",
        "19:37",
        "19:52",
        "20:20",
        "20:45",
        "21:20"
    ],
    "saturday": [
        "6:45",
        "7:05",
        "7:25",
        "7:45",
        "8:05",
        "8:25",
        "8:45",
        "9:05",
        "9:25",
        "9:45",
        "10:06",
        "10:26",
        "10:46",
        "11:06",
        "11:26",
        "11:46",
        "12:06",
        "12:26",
        "12:46",
        "13:06",
        "13:26",
        "13:46",
        "14:06",
        "14:26",
        "14:46",
        "15:06",
        "15:26",
        "15:46",
        "16:06",
        "16:26",
        "16:46",
        "17:06",
        "17:26",
        "17:46",
        "18:06",
        "18:26",
        "18:46",
        "19:05",
        "19:25",
        "19:45",
        "20:05",
        "20:25",
        "20:45",
        "21:05"
    ],
    "holiday": [
        "6:59",
        "7:25",
        "7:45",
        "8:05",
        "8:25",
        "8:45",
        "9:05",
        "9:25",
        "9:45",
        "10:06",
        "10:26",
        "10:46",
        "11:06",
        "11:26",
        "11:46",
        "12:06",
        "12:26",
        "12:46",
        "13:06",
        "13:26",
        "13:46",
        "14:06",
        "14:26",
        "14:46",
        "15:06",
        "15:26",
        "15:46",
        "16:06",
        "16:26",
        "16:46",
        "17:06",
        "17:26",
        "17:46",
        "18:06",
        "18:26",
        "18:46",
        "19:05",
        "19:25",
        "19:45",
        "20:05",
        "20:25",
        "20:45",
        "21:05"
    ],
    "url": "https://www.kanachu.co.jp/dia/diagram/timetable01_js/course:0000803780-16/node:00129069/kt:0/lname:/"
}
