{
    "system": "町16",
    "busstops": [
        {
            "index": "1",
            "id": "00021091",
            "name": "日大三高",
            "lat": "35.592023",
            "lng": "139.418633"
        },
        {
            "index": "2",
            "id": "00129369",
            "name": "図師大橋",
            "lat": "35.583391",
            "lng": "139.423566"
        },
        {
            "index": "3",
            "id": "00129383",
            "name": "横町(町田市)",
            "lat": "35.564343",
            "lng": "139.420338"
        },
        {
            "index": "4",
            "id": "00025625",
            "name": "町田バスセンター",
            "lat": "35.543525",
            "lng": "139.444385"
        }
    ],
    "route_url": "https://www.kanachu.co.jp/dia/route/index/cid:0000803168/"
}
