{
    "date": "2025/07/27",
    "name": "西小学校前(秦野市)",
    "position": "-",
    "system": "渋02",
    "destinations": [
        "中道(秦野市)",
        "堀西駐在所前",
        "堀川",
        "関(秦野市)",
        "大倉入口",
        "北(秦野市)",
        "久保庭",
        "八幡宮前(秦野市)",
        "蔵林寺",
        "鍛冶ヶ谷戸",
        "大倉(秦野市)"
    ],
    "weekday": [
        "6:50",
        "7:18",
        "7:49",
        "8:27",
        "9:00",
        "9:30",
        "10:30",
        "11:30",
        "12:30",
        "13:30",
        "14:30",
        "15:00",
        "15:30",
        "16:00",
        "16:30",
        "17:28",
        "18:22",
        "19:32",
        "20:47"
    ],
    "saturday": [
        "6:50",
        "7:04",
        "7:20",
        "7:38",
        "7:52",
        "8:10",
        "8:22",
        "8:48",
        "8:57",
        "9:20",
        "9:52",
        "10:20",
        "10:58",
        "11:20",
        "11:57",
        "12:20",
        "12:53",
        "13:20",
        "13:50",
        "14:20",
        "14:50",
        "15:20",
        "15:35",
        "15:50",
        "16:20",
        "16:37",
        "16:50",
        "17:12",
        "17:24",
        "17:50",
        "18:20",
        "18:50",
        "19:20"
    ],
    "holiday": [
        "6:50",
        "7:04",
        "7:20",
        "7:38",
        "7:52",
        "8:10",
        "8:22",
        "8:48",
        "8:57",
        "9:20",
        "9:52",
        "10:20",
        "10:58",
        "11:20",
        "11:57",
        "12:20",
        "12:53",
        "13:20",
        "13:50",
        "14:20",
        "14:50",
        "15:20",
        "15:35",
        "15:50",
        "16:20",
        "16:37",
        "16:50",
        "17:12",
        "17:24",
        "17:50",
        "18:20",
        "18:50",
        "19:20"
    ],
    "url": "https://www.kanachu.co.jp/dia/diagram/timetable01_js/course:0000800350-4/node:00127896/kt:0/lname:/"
}
