{
    "date": "2025/07/27",
    "name": "中道(秦野市)",
    "position": "-",
    "system": "渋02",
    "destinations": [
        "堀西駐在所前",
        "堀川",
        "関(秦野市)",
        "大倉入口",
        "北(秦野市)",
        "久保庭",
        "八幡宮前(秦野市)",
        "蔵林寺",
        "鍛冶ヶ谷戸",
        "大倉(秦野市)"
    ],
    "weekday": [
        "6:51",
        "7:19",
        "7:50",
        "8:28",
        "9:01",
        "9:31",
        "10:31",
        "11:31",
        "12:31",
        "13:31",
        "14:31",
        "15:01",
        "15:31",
        "16:01",
        "16:31",
        "17:29",
        "18:23",
        "19:33",
        "20:48"
    ],
    "saturday": [
        "6:51",
        "7:05",
        "7:21",
        "7:39",
        "7:53",
        "8:11",
        "8:23",
        "8:49",
        "8:58",
        "9:21",
        "9:53",
        "10:21",
        "10:59",
        "11:21",
        "11:58",
        "12:21",
        "12:54",
        "13:21",
        "13:51",
        "14:21",
        "14:51",
        "15:21",
        "15:36",
        "15:51",
        "16:21",
        "16:38",
        "16:51",
        "17:13",
        "17:25",
        "17:51",
        "18:21",
        "18:51",
        "19:21"
    ],
    "holiday": [
        "6:51",
        "7:05",
        "7:21",
        "7:39",
        "7:53",
        "8:11",
        "8:23",
        "8:49",
        "8:58",
        "9:21",
        "9:53",
        "10:21",
        "10:59",
        "11:21",
        "11:58",
        "12:21",
        "12:54",
        "13:21",
        "13:51",
        "14:21",
        "14:51",
        "15:21",
        "15:36",
        "15:51",
        "16:21",
        "16:38",
        "16:51",
        "17:13",
        "17:25",
        "17:51",
        "18:21",
        "18:51",
        "19:21"
    ],
    "url": "https://www.kanachu.co.jp/dia/diagram/timetable01_js/course:0000800350-5/node:00127895/kt:0/lname:/"
}
