{
    "date": "2025/07/27",
    "name": "久保庭",
    "position": "-",
    "system": "渋02",
    "destinations": [
        "八幡宮前(秦野市)",
        "蔵林寺",
        "鍛冶ヶ谷戸",
        "大倉(秦野市)"
    ],
    "weekday": [
        "6:56",
        "7:24",
        "7:55",
        "8:33",
        "9:06",
        "9:36",
        "10:36",
        "11:36",
        "12:36",
        "13:36",
        "14:36",
        "15:06",
        "15:36",
        "16:06",
        "16:36",
        "17:34",
        "18:28",
        "19:38",
        "20:53"
    ],
    "saturday": [
        "6:56",
        "7:10",
        "7:26",
        "7:44",
        "7:58",
        "8:16",
        "8:28",
        "8:54",
        "9:03",
        "9:26",
        "9:58",
        "10:26",
        "11:04",
        "11:26",
        "12:03",
        "12:26",
        "12:59",
        "13:26",
        "13:56",
        "14:26",
        "14:56",
        "15:26",
        "15:41",
        "15:56",
        "16:26",
        "16:43",
        "16:56",
        "17:18",
        "17:30",
        "17:56",
        "18:26",
        "18:56",
        "19:26"
    ],
    "holiday": [
        "6:56",
        "7:10",
        "7:26",
        "7:44",
        "7:58",
        "8:16",
        "8:28",
        "8:54",
        "9:03",
        "9:26",
        "9:58",
        "10:26",
        "11:04",
        "11:26",
        "12:03",
        "12:26",
        "12:59",
        "13:26",
        "13:56",
        "14:26",
        "14:56",
        "15:26",
        "15:41",
        "15:56",
        "16:26",
        "16:43",
        "16:56",
        "17:18",
        "17:30",
        "17:56",
        "18:26",
        "18:56",
        "19:26"
    ],
    "url": "https://www.kanachu.co.jp/dia/diagram/timetable01_js/course:0000800350-11/node:00127906/kt:0/lname:/"
}
