{
    "date": "2025/07/27",
    "name": "鍛冶ヶ谷戸",
    "position": "-",
    "system": "渋02",
    "destinations": [
        "大倉(秦野市)"
    ],
    "weekday": [
        "6:58",
        "7:26",
        "7:57",
        "8:35",
        "9:08",
        "9:38",
        "10:38",
        "11:38",
        "12:38",
        "13:38",
        "14:38",
        "15:08",
        "15:38",
        "16:08",
        "16:38",
        "17:36",
        "18:30",
        "19:40",
        "20:55"
    ],
    "saturday": [
        "6:58",
        "7:12",
        "7:28",
        "7:46",
        "8:00",
        "8:18",
        "8:30",
        "8:56",
        "9:05",
        "9:28",
        "10:00",
        "10:28",
        "11:06",
        "11:28",
        "12:05",
        "12:28",
        "13:01",
        "13:28",
        "13:58",
        "14:28",
        "14:58",
        "15:28",
        "15:43",
        "15:58",
        "16:28",
        "16:45",
        "16:58",
        "17:20",
        "17:32",
        "17:58",
        "18:28",
        "18:58",
        "19:28"
    ],
    "holiday": [
        "6:58",
        "7:12",
        "7:28",
        "7:46",
        "8:00",
        "8:18",
        "8:30",
        "8:56",
        "9:05",
        "9:28",
        "10:00",
        "10:28",
        "11:06",
        "11:28",
        "12:05",
        "12:28",
        "13:01",
        "13:28",
        "13:58",
        "14:28",
        "14:58",
        "15:28",
        "15:43",
        "15:58",
        "16:28",
        "16:45",
        "16:58",
        "17:20",
        "17:32",
        "17:58",
        "18:28",
        "18:58",
        "19:28"
    ],
    "url": "https://www.kanachu.co.jp/dia/diagram/timetable01_js/course:0000800350-14/node:00127909/kt:0/lname:/"
}
