{
    "date": "2025/03/15",
    "name": "幸町(茅ケ崎市)",
    "position": "-",
    "system": "辻12",
    "destinations": [
        "会館前(茅ケ崎市)",
        "東海岸二丁目",
        "駐在所前(茅ケ崎市)",
        "石神下(茅ケ崎市)",
        "東海岸北三丁目",
        "東原(茅ケ崎市)",
        "若松町(茅ケ崎市)",
        "桜道(茅ケ崎市)",
        "ひばりが丘(茅ケ崎市)",
        "美住町",
        "松浪小学校前",
        "保育園前(茅ヶ崎市)",
        "浜竹",
        "辻堂駅西口",
        "辻堂駅南口"
    ],
    "weekday": [
        "5:48",
        "6:07",
        "6:25",
        "6:37",
        "6:49",
        "7:01",
        "7:16",
        "7:31",
        "7:46",
        "8:08",
        "8:28",
        "8:56",
        "9:26",
        "9:56",
        "10:26",
        "10:56",
        "11:26",
        "11:56",
        "12:26",
        "12:56",
        "13:26",
        "13:56",
        "14:26",
        "14:56",
        "15:26",
        "15:58",
        "16:26",
        "16:58",
        "17:26",
        "17:46",
        "18:06",
        "18:26",
        "18:46",
        "19:06",
        "19:26",
        "19:56",
        "20:26",
        "20:56",
        "21:26",
        "22:01"
    ],
    "saturday": [
        "6:16",
        "6:56",
        "7:26",
        "7:56",
        "8:26",
        "8:56",
        "9:26",
        "9:56",
        "10:26",
        "10:56",
        "11:26",
        "11:56",
        "12:26",
        "12:56",
        "13:26",
        "13:56",
        "14:26",
        "14:56",
        "15:26",
        "15:56",
        "16:26",
        "16:56",
        "17:26",
        "17:56",
        "18:26",
        "18:56",
        "19:26",
        "19:56",
        "20:41",
        "21:41"
    ],
    "holiday": [
        "6:16",
        "6:56",
        "7:26",
        "7:56",
        "8:26",
        "8:56",
        "9:26",
        "9:56",
        "10:26",
        "10:56",
        "11:26",
        "11:56",
        "12:26",
        "12:56",
        "13:26",
        "13:56",
        "14:26",
        "14:56",
        "15:26",
        "15:56",
        "16:26",
        "16:56",
        "17:26",
        "17:56",
        "18:26",
        "18:56",
        "19:26",
        "19:56",
        "20:41",
        "21:41"
    ],
    "url": "https://www.kanachu.co.jp/dia/diagram/timetable01_js/course:0000801834-2/node:00127220/kt:0/lname:/"
}
