{
    "date": "2025/03/15",
    "name": "保育園前(茅ヶ崎市)",
    "position": "-",
    "system": "辻12",
    "destinations": [
        "浜竹",
        "辻堂駅西口",
        "辻堂駅南口"
    ],
    "weekday": [
        "5:59",
        "6:18",
        "6:36",
        "6:48",
        "7:00",
        "7:12",
        "7:27",
        "7:42",
        "7:57",
        "8:19",
        "8:39",
        "9:07",
        "9:37",
        "10:07",
        "10:37",
        "11:07",
        "11:37",
        "12:07",
        "12:37",
        "13:07",
        "13:37",
        "14:07",
        "14:37",
        "15:07",
        "15:37",
        "16:09",
        "16:37",
        "17:09",
        "17:37",
        "17:57",
        "18:17",
        "18:37",
        "18:57",
        "19:17",
        "19:37",
        "20:07",
        "20:37",
        "21:07",
        "21:37",
        "22:12"
    ],
    "saturday": [
        "6:27",
        "7:07",
        "7:37",
        "8:07",
        "8:37",
        "9:07",
        "9:37",
        "10:07",
        "10:37",
        "11:07",
        "11:37",
        "12:07",
        "12:37",
        "13:07",
        "13:37",
        "14:07",
        "14:37",
        "15:07",
        "15:37",
        "16:07",
        "16:37",
        "17:07",
        "17:37",
        "18:07",
        "18:37",
        "19:07",
        "19:37",
        "20:07",
        "20:52",
        "21:52"
    ],
    "holiday": [
        "6:27",
        "7:07",
        "7:37",
        "8:07",
        "8:37",
        "9:07",
        "9:37",
        "10:07",
        "10:37",
        "11:07",
        "11:37",
        "12:07",
        "12:37",
        "13:07",
        "13:37",
        "14:07",
        "14:37",
        "15:07",
        "15:37",
        "16:07",
        "16:37",
        "17:07",
        "17:37",
        "18:07",
        "18:37",
        "19:07",
        "19:37",
        "20:07",
        "20:52",
        "21:52"
    ],
    "url": "https://www.kanachu.co.jp/dia/diagram/timetable01_js/course:0000801834-14/node:00130344/kt:0/lname:/"
}
