{
    "date": "2025/07/12",
    "name": "遊行寺前",
    "position": "-",
    "system": "藤46",
    "destinations": [
        "藤沢公民館前",
        "本町消防出張所前",
        "藤沢市民病院",
        "白旗交差点",
        "台町(藤沢市)",
        "伊勢山入口",
        "花の木(藤沢市)",
        "善行",
        "善行南",
        "善行大橋",
        "善行二丁目",
        "善行駅"
    ],
    "weekday": [
        "8:39",
        "9:44",
        "10:54",
        "12:44",
        "13:49",
        "14:39"
    ],
    "saturday": [],
    "holiday": [],
    "url": "https://www.kanachu.co.jp/dia/diagram/timetable01_js/course:0000801706-3/node:00127009/kt:0/lname:/"
}
