{
    "date": "2025/07/12",
    "name": "本町消防出張所前",
    "position": "-",
    "system": "藤46",
    "destinations": [
        "藤沢市民病院",
        "白旗交差点",
        "台町(藤沢市)",
        "伊勢山入口",
        "花の木(藤沢市)",
        "善行",
        "善行南",
        "善行大橋",
        "善行二丁目",
        "善行駅"
    ],
    "weekday": [
        "8:41",
        "9:46",
        "10:56",
        "12:46",
        "13:51",
        "14:41"
    ],
    "saturday": [],
    "holiday": [],
    "url": "https://www.kanachu.co.jp/dia/diagram/timetable01_js/course:0000801706-5/node:00127011/kt:0/lname:/"
}
