{
    "date": "2021/02/01",
    "name": "美住町交差点北",
    "position": "-",
    "system": "",
    "destinations": [
        "松浪小学校",
        "小和田公民館入口",
        "松浪自治会館前",
        "伍仁原踏切",
        "浜竹一丁目",
        "浜竹二丁目",
        "辻堂駅西口",
        "浜竹二丁目",
        "浜竹一丁目",
        "伍仁原踏切",
        "伍仁原",
        "西小和田",
        "小和田交番前",
        "松林一丁目",
        "松林",
        "松林二丁目",
        "松林三丁目",
        "室田二丁目",
        "高田三丁目",
        "市立病院(茅ケ崎市)"
    ],
    "weekday": [
        "7:34",
        "8:47",
        "12:32",
        "17:02"
    ],
    "saturday": [
        "8:47",
        "12:32",
        "17:02"
    ],
    "holiday": [
        "8:47",
        "12:32",
        "17:02"
    ],
    "url": "https://www.kanachu.co.jp/dia/diagram/timetable01_js/course:0000802649-30/node:00127399/kt:0/lname:/"
}
