{
    "date": "2021/02/01",
    "name": "浜竹一丁目",
    "position": "-",
    "system": "",
    "destinations": [
        "伍仁原踏切",
        "伍仁原",
        "西小和田",
        "小和田交番前",
        "松林一丁目",
        "松林",
        "松林二丁目",
        "松林三丁目",
        "室田二丁目",
        "高田三丁目",
        "市立病院(茅ケ崎市)"
    ],
    "weekday": [
        "7:40",
        "8:53",
        "12:38",
        "17:08"
    ],
    "saturday": [
        "8:53",
        "12:38",
        "17:08"
    ],
    "holiday": [
        "8:53",
        "12:38",
        "17:08"
    ],
    "url": "https://www.kanachu.co.jp/dia/diagram/timetable01_js/course:0000802649-39/node:00130299/kt:0/lname:/"
}
