{
    "date": "2021/02/01",
    "name": "伍仁原",
    "position": "-",
    "system": "コ13",
    "destinations": [
        "西小和田",
        "小和田交番前",
        "松林一丁目",
        "松林",
        "松林二丁目",
        "松林三丁目",
        "室田二丁目",
        "高田三丁目",
        "市立病院(茅ケ崎市)"
    ],
    "weekday": [
        "7:42",
        "8:55",
        "12:40",
        "17:10"
    ],
    "saturday": [
        "8:55",
        "12:40",
        "17:10"
    ],
    "holiday": [
        "8:55",
        "12:40",
        "17:10"
    ],
    "url": "https://www.kanachu.co.jp/dia/diagram/timetable01_js/course:0000802649-41/node:00127403/kt:0/lname:/"
}
