{
    "date": "2021/02/01",
    "name": "小和田交番前",
    "position": "-",
    "system": "",
    "destinations": [
        "松林一丁目",
        "松林",
        "松林二丁目",
        "松林三丁目",
        "室田二丁目",
        "高田三丁目",
        "市立病院(茅ケ崎市)"
    ],
    "weekday": [
        "7:46",
        "8:59",
        "12:44",
        "17:14"
    ],
    "saturday": [
        "8:59",
        "12:44",
        "17:14"
    ],
    "holiday": [
        "8:59",
        "12:44",
        "17:14"
    ],
    "url": "https://www.kanachu.co.jp/dia/diagram/timetable01_js/course:0000802649-43/node:00127404/kt:0/lname:/"
}
