{
    "date": "2021/02/01",
    "name": "松林一丁目",
    "position": "-",
    "system": "",
    "destinations": [
        "松林",
        "松林二丁目",
        "松林三丁目",
        "室田二丁目",
        "高田三丁目",
        "市立病院(茅ケ崎市)"
    ],
    "weekday": [
        "7:47",
        "9:00",
        "12:45",
        "17:15"
    ],
    "saturday": [
        "9:00",
        "12:45",
        "17:15"
    ],
    "holiday": [
        "9:00",
        "12:45",
        "17:15"
    ],
    "url": "https://www.kanachu.co.jp/dia/diagram/timetable01_js/course:0000802649-44/node:00127405/kt:0/lname:/"
}
