{
    "date": "2021/02/01",
    "name": "松林",
    "position": "-",
    "system": "",
    "destinations": [
        "松林二丁目",
        "松林三丁目",
        "室田二丁目",
        "高田三丁目",
        "市立病院(茅ケ崎市)"
    ],
    "weekday": [
        "7:49",
        "9:02",
        "12:47",
        "17:17"
    ],
    "saturday": [
        "9:02",
        "12:47",
        "17:17"
    ],
    "holiday": [
        "9:02",
        "12:47",
        "17:17"
    ],
    "url": "https://www.kanachu.co.jp/dia/diagram/timetable01_js/course:0000802649-45/node:00127282/kt:0/lname:/"
}
