{
    "date": "2026/01/16",
    "name": "二宮駅北口",
    "position": "-",
    "system": "秦91",
    "destinations": [
        "元町(中郡二宮町)",
        "堂面(中郡二宮町)",
        "中島(中郡二宮町)",
        "中里(中郡二宮町)",
        "二宮高校入口",
        "団地中央(中郡二宮町)",
        "岩崎(中郡二宮町)",
        "下谷(中郡二宮町)",
        "一色(中郡二宮町)",
        "梅ノ木(中郡二宮町)",
        "五分一",
        "下井ノ口",
        "北窪入口",
        "井ノ口小学校前",
        "上井ノ口",
        "原(足柄上郡中井町)",
        "猪分",
        "東名秦野",
        "南が丘東",
        "南が丘五丁目(秦野市)",
        "南が丘公園前",
        "南が丘三丁目",
        "南が丘センター",
        "秦野総合高校前",
        "南が丘一丁目(秦野市)",
        "小原台入口(秦野市)",
        "上尾尻橋",
        "秦野駅南口"
    ],
    "weekday": [
        "6:38",
        "7:35",
        "8:15",
        "8:36",
        "9:16",
        "10:16",
        "11:16",
        "12:16",
        "13:16",
        "14:16",
        "15:16",
        "16:16",
        "17:16",
        "18:16",
        "19:20",
        "20:00",
        "21:00",
        "22:05"
    ],
    "saturday": [
        "6:36",
        "7:06",
        "7:36",
        "8:04",
        "9:04",
        "10:04",
        "11:04",
        "12:04",
        "13:04",
        "14:04",
        "15:04",
        "16:04",
        "17:04",
        "18:06",
        "19:06",
        "20:06",
        "21:06",
        "22:05"
    ],
    "holiday": [
        "6:36",
        "7:06",
        "7:36",
        "8:04",
        "9:04",
        "10:04",
        "11:04",
        "12:04",
        "13:04",
        "14:04",
        "15:04",
        "16:04",
        "17:04",
        "18:06",
        "19:06",
        "20:06",
        "21:06",
        "22:05"
    ],
    "url": "https://www.kanachu.co.jp/dia/diagram/timetable01_js/course:0000803959-1/node:00127683/kt:0/lname:/"
}
