{
    "date": "2026/01/16",
    "name": "元町(中郡二宮町)",
    "position": "-",
    "system": "秦91",
    "destinations": [
        "堂面(中郡二宮町)",
        "中島(中郡二宮町)",
        "中里(中郡二宮町)",
        "二宮高校入口",
        "団地中央(中郡二宮町)",
        "岩崎(中郡二宮町)",
        "下谷(中郡二宮町)",
        "一色(中郡二宮町)",
        "梅ノ木(中郡二宮町)",
        "五分一",
        "下井ノ口",
        "北窪入口",
        "井ノ口小学校前",
        "上井ノ口",
        "原(足柄上郡中井町)",
        "猪分",
        "東名秦野",
        "南が丘東",
        "南が丘五丁目(秦野市)",
        "南が丘公園前",
        "南が丘三丁目",
        "南が丘センター",
        "秦野総合高校前",
        "南が丘一丁目(秦野市)",
        "小原台入口(秦野市)",
        "上尾尻橋",
        "秦野駅南口"
    ],
    "weekday": [
        "6:39",
        "7:36",
        "8:16",
        "8:37",
        "9:17",
        "10:17",
        "11:17",
        "12:17",
        "13:17",
        "14:17",
        "15:17",
        "16:17",
        "17:17",
        "18:17",
        "19:21",
        "20:01",
        "21:01",
        "22:06"
    ],
    "saturday": [
        "6:37",
        "7:07",
        "7:37",
        "8:05",
        "9:05",
        "10:05",
        "11:05",
        "12:05",
        "13:05",
        "14:05",
        "15:05",
        "16:05",
        "17:05",
        "18:07",
        "19:07",
        "20:07",
        "21:07",
        "22:06"
    ],
    "holiday": [
        "6:37",
        "7:07",
        "7:37",
        "8:05",
        "9:05",
        "10:05",
        "11:05",
        "12:05",
        "13:05",
        "14:05",
        "15:05",
        "16:05",
        "17:05",
        "18:07",
        "19:07",
        "20:07",
        "21:07",
        "22:06"
    ],
    "url": "https://www.kanachu.co.jp/dia/diagram/timetable01_js/course:0000803959-2/node:00127791/kt:0/lname:/"
}
