{
    "date": "2026/01/16",
    "name": "南が丘三丁目",
    "position": "-",
    "system": "秦91",
    "destinations": [
        "南が丘センター",
        "秦野総合高校前",
        "南が丘一丁目(秦野市)",
        "小原台入口(秦野市)",
        "上尾尻橋",
        "秦野駅南口"
    ],
    "weekday": [
        "7:10",
        "8:10",
        "8:50",
        "9:10",
        "9:50",
        "10:50",
        "11:50",
        "12:50",
        "13:50",
        "14:50",
        "15:50",
        "16:50",
        "17:50",
        "18:50",
        "19:50",
        "20:30",
        "21:30",
        "22:35"
    ],
    "saturday": [
        "7:05",
        "7:35",
        "8:06",
        "8:35",
        "9:35",
        "10:35",
        "11:35",
        "12:35",
        "13:35",
        "14:35",
        "15:35",
        "16:35",
        "17:35",
        "18:35",
        "19:35",
        "20:35",
        "21:35",
        "22:34"
    ],
    "holiday": [
        "7:05",
        "7:35",
        "8:06",
        "8:35",
        "9:35",
        "10:35",
        "11:35",
        "12:35",
        "13:35",
        "14:35",
        "15:35",
        "16:35",
        "17:35",
        "18:35",
        "19:35",
        "20:35",
        "21:35",
        "22:34"
    ],
    "url": "https://www.kanachu.co.jp/dia/diagram/timetable01_js/course:0000803959-23/node:00127771/kt:0/lname:/"
}
