{
    "date": "2026/01/16",
    "name": "小原台入口(秦野市)",
    "position": "-",
    "system": "秦91",
    "destinations": [
        "上尾尻橋",
        "秦野駅南口"
    ],
    "weekday": [
        "7:13",
        "8:13",
        "8:53",
        "9:13",
        "9:53",
        "10:53",
        "11:53",
        "12:53",
        "13:53",
        "14:53",
        "15:53",
        "16:53",
        "17:53",
        "18:53",
        "19:53",
        "20:33",
        "21:33",
        "22:38"
    ],
    "saturday": [
        "7:08",
        "7:38",
        "8:09",
        "8:38",
        "9:38",
        "10:38",
        "11:38",
        "12:38",
        "13:38",
        "14:38",
        "15:38",
        "16:38",
        "17:38",
        "18:38",
        "19:38",
        "20:38",
        "21:38",
        "22:37"
    ],
    "holiday": [
        "7:08",
        "7:38",
        "8:09",
        "8:38",
        "9:38",
        "10:38",
        "11:38",
        "12:38",
        "13:38",
        "14:38",
        "15:38",
        "16:38",
        "17:38",
        "18:38",
        "19:38",
        "20:38",
        "21:38",
        "22:37"
    ],
    "url": "https://www.kanachu.co.jp/dia/diagram/timetable01_js/course:0000803959-27/node:00127768/kt:0/lname:/"
}
