{
    "date": "2023/02/27",
    "name": "宮の里センター",
    "position": "-",
    "system": "厚17",
    "destinations": [
        "宮の里東",
        "宮の里入口",
        "飯盛山",
        "光福寺(厚木市)",
        "小鮎久保",
        "ゴルフ場入口(厚木市)",
        "上千頭",
        "千頭",
        "及川",
        "穴口橋",
        "林(厚木市)",
        "戸室",
        "戸室神社下",
        "戸室住宅前",
        "合同庁舎前(厚木市)",
        "市役所入口(厚木市)",
        "本厚木駅"
    ],
    "weekday": [
        "6:00",
        "6:41",
        "6:53",
        "7:03",
        "7:23",
        "7:43",
        "8:03",
        "8:23",
        "8:53",
        "17:04",
        "17:44",
        "18:09",
        "18:46",
        "19:04",
        "19:44",
        "20:44"
    ],
    "saturday": [
        "6:04",
        "6:44",
        "7:24",
        "7:44",
        "8:43",
        "17:44",
        "18:44",
        "19:44",
        "20:44"
    ],
    "holiday": [
        "6:04",
        "6:44",
        "7:14",
        "7:44",
        "8:44",
        "17:44",
        "18:44",
        "19:44",
        "20:44"
    ],
    "url": "https://www.kanachu.co.jp/dia/diagram/timetable01_js/course:0000801314-2/node:00128437/kt:0/lname:/"
}
