{
    "date": "2023/02/27",
    "name": "ゴルフ場入口(厚木市)",
    "position": "-",
    "system": "厚17",
    "destinations": [
        "上千頭",
        "千頭",
        "及川",
        "穴口橋",
        "林(厚木市)",
        "戸室",
        "戸室神社下",
        "戸室住宅前",
        "合同庁舎前(厚木市)",
        "市役所入口(厚木市)",
        "本厚木駅"
    ],
    "weekday": [
        "6:06",
        "6:47",
        "6:59",
        "7:09",
        "7:29",
        "7:49",
        "8:09",
        "8:29",
        "8:59",
        "17:10",
        "17:50",
        "18:15",
        "18:52",
        "19:10",
        "19:50",
        "20:50"
    ],
    "saturday": [
        "6:10",
        "6:50",
        "7:30",
        "7:50",
        "8:49",
        "17:50",
        "18:50",
        "19:50",
        "20:50"
    ],
    "holiday": [
        "6:10",
        "6:50",
        "7:20",
        "7:50",
        "8:50",
        "17:50",
        "18:50",
        "19:50",
        "20:50"
    ],
    "url": "https://www.kanachu.co.jp/dia/diagram/timetable01_js/course:0000801314-8/node:00128404/kt:0/lname:/"
}
