{
    "date": "2023/02/27",
    "name": "及川",
    "position": "-",
    "system": "厚17",
    "destinations": [
        "穴口橋",
        "林(厚木市)",
        "戸室",
        "戸室神社下",
        "戸室住宅前",
        "合同庁舎前(厚木市)",
        "市役所入口(厚木市)",
        "本厚木駅"
    ],
    "weekday": [
        "6:09",
        "6:50",
        "7:02",
        "7:12",
        "7:32",
        "7:52",
        "8:12",
        "8:32",
        "9:02",
        "17:13",
        "17:53",
        "18:18",
        "18:55",
        "19:13",
        "19:53",
        "20:53"
    ],
    "saturday": [
        "6:13",
        "6:53",
        "7:33",
        "7:53",
        "8:52",
        "17:53",
        "18:53",
        "19:53",
        "20:53"
    ],
    "holiday": [
        "6:13",
        "6:53",
        "7:23",
        "7:53",
        "8:53",
        "17:53",
        "18:53",
        "19:53",
        "20:53"
    ],
    "url": "https://www.kanachu.co.jp/dia/diagram/timetable01_js/course:0000801314-11/node:00128401/kt:0/lname:/"
}
