{
    "date": "2023/02/27",
    "name": "林(厚木市)",
    "position": "-",
    "system": "厚17",
    "destinations": [
        "戸室",
        "戸室神社下",
        "戸室住宅前",
        "合同庁舎前(厚木市)",
        "市役所入口(厚木市)",
        "本厚木駅"
    ],
    "weekday": [
        "6:11",
        "6:52",
        "7:04",
        "7:14",
        "7:34",
        "7:54",
        "8:14",
        "8:34",
        "9:04",
        "17:15",
        "17:55",
        "18:20",
        "18:57",
        "19:15",
        "19:55",
        "20:55"
    ],
    "saturday": [
        "6:15",
        "6:55",
        "7:35",
        "7:55",
        "8:54",
        "17:55",
        "18:55",
        "19:55",
        "20:55"
    ],
    "holiday": [
        "6:15",
        "6:55",
        "7:25",
        "7:55",
        "8:55",
        "17:55",
        "18:55",
        "19:55",
        "20:55"
    ],
    "url": "https://www.kanachu.co.jp/dia/diagram/timetable01_js/course:0000801314-13/node:00128399/kt:0/lname:/"
}
