{
    "date": "2023/02/27",
    "name": "戸室住宅前",
    "position": "-",
    "system": "厚17",
    "destinations": [
        "合同庁舎前(厚木市)",
        "市役所入口(厚木市)",
        "本厚木駅"
    ],
    "weekday": [
        "6:14",
        "6:55",
        "7:07",
        "7:17",
        "7:37",
        "7:57",
        "8:17",
        "8:37",
        "9:07",
        "17:18",
        "17:58",
        "18:23",
        "19:00",
        "19:18",
        "19:58",
        "20:58"
    ],
    "saturday": [
        "6:18",
        "6:58",
        "7:38",
        "7:58",
        "8:57",
        "17:58",
        "18:58",
        "19:58",
        "20:58"
    ],
    "holiday": [
        "6:18",
        "6:58",
        "7:28",
        "7:58",
        "8:58",
        "17:58",
        "18:58",
        "19:58",
        "20:58"
    ],
    "url": "https://www.kanachu.co.jp/dia/diagram/timetable01_js/course:0000801314-16/node:00128509/kt:0/lname:/"
}
