{
    "date": "2026/01/16",
    "name": "つくし野小学校",
    "position": "-",
    "system": "町83",
    "destinations": [
        "つくし野二丁目(町田市)",
        "小川中央",
        "柳谷戸",
        "小川入口(町田市)",
        "町谷原",
        "南農協前",
        "金森四丁目",
        "南中学校前(町田市)",
        "市営住宅入口(町田市)",
        "金森",
        "金森郵便局前",
        "南橋(町田市)",
        "三塚",
        "町田ターミナル前",
        "町田バスセンター"
    ],
    "weekday": [
        "6:45",
        "7:00",
        "7:21",
        "7:42",
        "8:26",
        "8:50",
        "9:26",
        "9:50",
        "10:26",
        "10:50",
        "11:26",
        "11:50",
        "12:26",
        "12:50",
        "13:26",
        "13:50",
        "14:26",
        "14:50",
        "15:26",
        "15:50",
        "16:26",
        "16:50",
        "17:26",
        "17:50",
        "18:26",
        "18:50",
        "19:50",
        "20:51"
    ],
    "saturday": [
        "7:10",
        "7:50",
        "8:26",
        "8:50",
        "9:26",
        "9:50",
        "10:26",
        "10:50",
        "11:26",
        "11:50",
        "12:26",
        "12:50",
        "13:26",
        "13:50",
        "14:26",
        "14:50",
        "15:26",
        "15:50",
        "16:26",
        "16:50",
        "17:26",
        "17:50",
        "18:26",
        "18:50",
        "19:50"
    ],
    "holiday": [
        "6:56",
        "7:56",
        "8:26",
        "8:55",
        "9:25",
        "9:55",
        "10:19",
        "10:55",
        "11:25",
        "11:55",
        "12:25",
        "12:55",
        "13:25",
        "13:55",
        "14:25",
        "14:55",
        "15:25",
        "15:55",
        "16:25",
        "16:55",
        "17:25",
        "17:55",
        "18:30",
        "18:55",
        "19:31"
    ],
    "url": "https://www.kanachu.co.jp/dia/diagram/timetable01_js/course:0000804245-2/node:00129556/kt:0/lname:/"
}
