{
    "date": "2025/08/30",
    "name": "南永田",
    "position": "-",
    "system": "東01",
    "destinations": [
        "住宅前(横浜市南区)",
        "井土ヶ谷",
        "井土ヶ谷下町"
    ],
    "weekday": [
        "7:16",
        "7:55",
        "8:15",
        "8:38",
        "9:19",
        "9:39",
        "10:19",
        "10:59",
        "11:39",
        "12:19",
        "12:29",
        "12:59",
        "13:39",
        "14:19",
        "15:04",
        "15:44",
        "16:23",
        "16:53",
        "17:08",
        "17:38",
        "18:08",
        "18:38",
        "19:08",
        "19:38",
        "20:08",
        "20:38",
        "21:08",
        "21:39",
        "22:10"
    ],
    "saturday": [
        "7:15",
        "7:45",
        "8:15",
        "8:45",
        "9:15",
        "9:45",
        "10:15",
        "10:49",
        "11:23",
        "12:08",
        "12:53",
        "13:40",
        "14:25",
        "15:10",
        "15:55",
        "16:40",
        "17:25",
        "18:10",
        "18:55",
        "19:38",
        "20:23",
        "21:08",
        "21:32"
    ],
    "holiday": [
        "7:15",
        "7:45",
        "8:15",
        "8:45",
        "9:15",
        "9:45",
        "10:15",
        "10:49",
        "11:23",
        "12:08",
        "12:53",
        "13:40",
        "14:25",
        "15:10",
        "15:55",
        "16:40",
        "17:25",
        "18:10",
        "18:55",
        "19:38",
        "20:23",
        "21:08",
        "21:32"
    ],
    "url": "https://www.kanachu.co.jp/dia/diagram/timetable01_js/course:0000800921-15/node:00126629/kt:0/lname:/"
}
