{
    "date": "2025/01/14",
    "name": "金田下宿",
    "position": "-",
    "system": "厚79",
    "destinations": [
        "金田(厚木市)",
        "金田神社前",
        "下依知入口",
        "追分(厚木市)",
        "蓮生寺(厚木市)",
        "関口(厚木市)",
        "依知小学校前",
        "中平(厚木市)",
        "山際",
        "藤塚(厚木市)",
        "上依知",
        "依知神社前",
        "昭和橋(相模原市南区)",
        "下当麻",
        "当麻市場",
        "夢の丘小学校入口",
        "原当麻駅"
    ],
    "weekday": [
        "5:56",
        "6:56",
        "7:29",
        "8:08",
        "8:58",
        "9:46",
        "10:46",
        "15:46",
        "16:33",
        "17:28",
        "18:23",
        "19:57"
    ],
    "saturday": [
        "7:37",
        "9:53",
        "10:54",
        "12:54",
        "13:54",
        "15:54",
        "16:54",
        "18:53"
    ],
    "holiday": [
        "7:31",
        "9:26",
        "10:29",
        "12:29",
        "13:29",
        "15:29",
        "16:29",
        "18:29"
    ],
    "url": "https://www.kanachu.co.jp/dia/diagram/timetable01_js/course:0000800549-6/node:00128346/kt:0/lname:/"
}
