{
    "date": "2025/01/14",
    "name": "藤塚(厚木市)",
    "position": "-",
    "system": "厚79",
    "destinations": [
        "上依知",
        "依知神社前",
        "昭和橋(相模原市南区)",
        "下当麻",
        "当麻市場",
        "夢の丘小学校入口",
        "原当麻駅"
    ],
    "weekday": [
        "6:12",
        "7:12",
        "7:47",
        "8:26",
        "9:16",
        "10:04",
        "11:04",
        "16:04",
        "16:51",
        "17:46",
        "18:39",
        "20:11"
    ],
    "saturday": [
        "7:52",
        "10:08",
        "11:09",
        "13:09",
        "14:09",
        "16:09",
        "17:09",
        "19:06"
    ],
    "holiday": [
        "7:44",
        "9:39",
        "10:44",
        "12:44",
        "13:44",
        "15:44",
        "16:44",
        "18:43"
    ],
    "url": "https://www.kanachu.co.jp/dia/diagram/timetable01_js/course:0000800549-16/node:00128356/kt:0/lname:/"
}
