{
    "date": "2025/01/14",
    "name": "上依知",
    "position": "-",
    "system": "厚79",
    "destinations": [
        "依知神社前",
        "昭和橋(相模原市南区)",
        "下当麻",
        "当麻市場",
        "夢の丘小学校入口",
        "原当麻駅"
    ],
    "weekday": [
        "6:14",
        "7:14",
        "7:49",
        "8:28",
        "9:18",
        "10:06",
        "11:06",
        "16:06",
        "16:53",
        "17:48",
        "18:41",
        "20:13"
    ],
    "saturday": [
        "7:54",
        "10:10",
        "11:11",
        "13:11",
        "14:11",
        "16:11",
        "17:11",
        "19:08"
    ],
    "holiday": [
        "7:46",
        "9:41",
        "10:46",
        "12:46",
        "13:46",
        "15:46",
        "16:46",
        "18:45"
    ],
    "url": "https://www.kanachu.co.jp/dia/diagram/timetable01_js/course:0000800549-17/node:00128357/kt:0/lname:/"
}
