{
    "date": "2024/09/02",
    "name": "五軒庭",
    "position": "-",
    "system": "戸61",
    "destinations": [
        "中屋敷(横浜市泉区)",
        "集会所前(横浜市泉区)",
        "渋谷中学校",
        "保育所前(大和市)",
        "いちょう団地",
        "台村",
        "飯田神社前",
        "団地入口(横浜市泉区)",
        "児童公園前(横浜市泉区)",
        "小学校前(横浜市泉区)",
        "上飯田団地",
        "池ノ上(横浜市泉区)",
        "和泉坂上",
        "泉区総合庁舎前",
        "和泉(横浜市泉区)",
        "谷戸入口(横浜市泉区)",
        "立場駅",
        "中西(横浜市泉区)",
        "中田小学校入口",
        "中田(横浜市泉区)",
        "東原(横浜市泉区)",
        "踊場",
        "日産前(横浜市戸塚区)",
        "アザリエ団地入口",
        "矢沢(横浜市戸塚区)",
        "戸塚駅西口",
        "戸塚バスセンター"
    ],
    "weekday": [
        "5:40",
        "6:10",
        "6:40",
        "7:10",
        "8:05",
        "8:25",
        "8:45",
        "9:25",
        "10:05",
        "11:05",
        "13:10",
        "14:40",
        "16:55",
        "18:40"
    ],
    "saturday": [
        "5:55",
        "6:40",
        "7:15",
        "8:15",
        "8:45",
        "9:25",
        "10:05",
        "12:45",
        "14:10",
        "15:40",
        "17:10"
    ],
    "holiday": [
        "5:55",
        "6:40",
        "7:15",
        "8:15",
        "8:45",
        "12:45",
        "14:10",
        "15:40",
        "17:10"
    ],
    "url": "https://www.kanachu.co.jp/dia/diagram/timetable01_js/course:0000803587-3/node:00126798/kt:0/lname:/"
}
