{
    "date": "2024/09/02",
    "name": "中屋敷(横浜市泉区)",
    "position": "-",
    "system": "戸61",
    "destinations": [
        "集会所前(横浜市泉区)",
        "渋谷中学校",
        "保育所前(大和市)",
        "いちょう団地",
        "台村",
        "飯田神社前",
        "団地入口(横浜市泉区)",
        "児童公園前(横浜市泉区)",
        "小学校前(横浜市泉区)",
        "上飯田団地",
        "池ノ上(横浜市泉区)",
        "和泉坂上",
        "泉区総合庁舎前",
        "和泉(横浜市泉区)",
        "谷戸入口(横浜市泉区)",
        "立場駅",
        "中西(横浜市泉区)",
        "中田小学校入口",
        "中田(横浜市泉区)",
        "東原(横浜市泉区)",
        "踊場",
        "日産前(横浜市戸塚区)",
        "アザリエ団地入口",
        "矢沢(横浜市戸塚区)",
        "戸塚駅西口",
        "戸塚バスセンター"
    ],
    "weekday": [
        "5:41",
        "6:11",
        "6:41",
        "7:11",
        "8:06",
        "8:26",
        "8:46",
        "9:26",
        "10:06",
        "11:06",
        "13:11",
        "14:41",
        "16:56",
        "18:41"
    ],
    "saturday": [
        "5:56",
        "6:41",
        "7:16",
        "8:16",
        "8:46",
        "9:26",
        "10:06",
        "12:46",
        "14:11",
        "15:41",
        "17:11"
    ],
    "holiday": [
        "5:56",
        "6:41",
        "7:16",
        "8:16",
        "8:46",
        "12:46",
        "14:11",
        "15:41",
        "17:11"
    ],
    "url": "https://www.kanachu.co.jp/dia/diagram/timetable01_js/course:0000803587-4/node:00126797/kt:0/lname:/"
}
