{
    "date": "2024/09/02",
    "name": "池ノ上(横浜市泉区)",
    "position": "-",
    "system": "戸61",
    "destinations": [
        "和泉坂上",
        "泉区総合庁舎前",
        "和泉(横浜市泉区)",
        "谷戸入口(横浜市泉区)",
        "立場駅",
        "中西(横浜市泉区)",
        "中田小学校入口",
        "中田(横浜市泉区)",
        "東原(横浜市泉区)",
        "踊場",
        "日産前(横浜市戸塚区)",
        "アザリエ団地入口",
        "矢沢(横浜市戸塚区)",
        "戸塚駅西口",
        "戸塚バスセンター"
    ],
    "weekday": [
        "5:54",
        "6:24",
        "6:54",
        "7:24",
        "8:19",
        "8:39",
        "8:59",
        "9:39",
        "10:19",
        "11:19",
        "13:24",
        "14:54",
        "17:09",
        "18:54"
    ],
    "saturday": [
        "6:09",
        "6:54",
        "7:29",
        "8:29",
        "8:59",
        "9:39",
        "10:19",
        "12:59",
        "14:24",
        "15:54",
        "17:24"
    ],
    "holiday": [
        "6:09",
        "6:54",
        "7:29",
        "8:29",
        "8:59",
        "12:59",
        "14:24",
        "15:54",
        "17:24"
    ],
    "url": "https://www.kanachu.co.jp/dia/diagram/timetable01_js/course:0000803587-15/node:00126906/kt:0/lname:/"
}
