{
    "date": "2024/09/02",
    "name": "中西(横浜市泉区)",
    "position": "-",
    "system": "戸61",
    "destinations": [
        "中田小学校入口",
        "中田(横浜市泉区)",
        "東原(横浜市泉区)",
        "踊場",
        "日産前(横浜市戸塚区)",
        "アザリエ団地入口",
        "矢沢(横浜市戸塚区)",
        "戸塚駅西口",
        "戸塚バスセンター"
    ],
    "weekday": [
        "6:03",
        "6:33",
        "7:03",
        "7:33",
        "8:28",
        "8:48",
        "9:08",
        "9:48",
        "10:28",
        "11:28",
        "13:33",
        "15:03",
        "17:18",
        "19:03"
    ],
    "saturday": [
        "6:18",
        "7:03",
        "7:38",
        "8:38",
        "9:08",
        "9:48",
        "10:28",
        "13:08",
        "14:33",
        "16:03",
        "17:33"
    ],
    "holiday": [
        "6:18",
        "7:03",
        "7:38",
        "8:38",
        "9:08",
        "13:08",
        "14:33",
        "16:03",
        "17:33"
    ],
    "url": "https://www.kanachu.co.jp/dia/diagram/timetable01_js/course:0000803587-21/node:00126782/kt:0/lname:/"
}
