{
    "date": "2026/01/16",
    "name": "四ツ角(平塚市)",
    "position": "-",
    "system": "平07",
    "destinations": [
        "松原(平塚市)",
        "蔵屋敷",
        "馬入橋",
        "工業団地入口(平塚市)",
        "馬入ふれあい公園入口",
        "長瀞",
        "馬入境",
        "古河電工前(平塚市)",
        "関西ペイント前(平塚市)",
        "工業団地(平塚市)",
        "全農前",
        "小松前",
        "小松電子前",
        "東八幡工業団地",
        "東八幡五丁目",
        "不動ケミカル前",
        "工業団地(平塚市)",
        "関西ペイント前(平塚市)",
        "古河電工前(平塚市)",
        "古河電工入口",
        "八幡公民館入口",
        "八幡(平塚市)",
        "八幡入口",
        "コンフォール平塚前",
        "市役所前(平塚市)",
        "四ツ角(平塚市)",
        "平塚駅北口"
    ],
    "weekday": [
        "6:55",
        "7:13",
        "7:18",
        "7:28",
        "7:33",
        "7:38",
        "7:53",
        "8:08",
        "8:28",
        "8:38"
    ],
    "saturday": [],
    "holiday": [],
    "url": "https://www.kanachu.co.jp/dia/diagram/timetable01_js/course:0000804118-2/node:00127190/kt:0/lname:/"
}
