{
    "date": "2026/01/16",
    "name": "コンフォール平塚前",
    "position": "-",
    "system": "平07",
    "destinations": [
        "市役所前(平塚市)",
        "四ツ角(平塚市)",
        "平塚駅北口"
    ],
    "weekday": [
        "7:16",
        "7:34",
        "7:39",
        "7:49",
        "7:54",
        "7:59",
        "8:14",
        "8:29",
        "8:49",
        "8:59"
    ],
    "saturday": [],
    "holiday": [],
    "url": "https://www.kanachu.co.jp/dia/diagram/timetable01_js/course:0000804118-26/node:00127644/kt:0/lname:/"
}
