{
    "date": "2025/03/15",
    "name": "茅ヶ崎駅",
    "position": "-",
    "system": "茅15",
    "destinations": [
        "中央公園前(茅ケ崎市)",
        "前の田",
        "神奈中営業所前",
        "ニュータウン入口(茅ケ崎市)",
        "鶴が台入口",
        "鶴が台中学校前",
        "鶴が台名店街入口",
        "鶴が台団地"
    ],
    "weekday": [
        "6:20",
        "7:22",
        "8:05",
        "8:30",
        "9:00",
        "10:10",
        "11:12",
        "12:12",
        "13:08",
        "14:08",
        "15:10",
        "16:08",
        "16:35",
        "17:08",
        "17:32",
        "18:00",
        "18:21",
        "18:36",
        "19:00",
        "19:20"
    ],
    "saturday": [
        "7:10",
        "8:15",
        "9:32",
        "10:27",
        "11:35",
        "12:35",
        "13:35",
        "14:35",
        "15:35",
        "16:35",
        "17:20",
        "17:40",
        "18:35",
        "19:40",
        "21:20",
        "22:15",
        "23:15"
    ],
    "holiday": [
        "7:10",
        "8:15",
        "9:35",
        "10:35",
        "11:35",
        "12:35",
        "13:35",
        "14:35",
        "15:35",
        "16:35",
        "17:35",
        "18:35",
        "19:40",
        "21:20",
        "22:15",
        "23:15"
    ],
    "url": "https://www.kanachu.co.jp/dia/diagram/timetable01_js/course:0000800429-1/node:00127126/kt:0/lname:/"
}
