{
    "date": "2025/03/15",
    "name": "前の田",
    "position": "-",
    "system": "茅15",
    "destinations": [
        "神奈中営業所前",
        "ニュータウン入口(茅ケ崎市)",
        "鶴が台入口",
        "鶴が台中学校前",
        "鶴が台名店街入口",
        "鶴が台団地"
    ],
    "weekday": [
        "6:23",
        "7:25",
        "8:08",
        "8:33",
        "9:03",
        "10:13",
        "11:15",
        "12:15",
        "13:11",
        "14:11",
        "15:13",
        "16:11",
        "16:38",
        "17:11",
        "17:35",
        "18:03",
        "18:24",
        "18:39",
        "19:03",
        "19:23"
    ],
    "saturday": [
        "7:13",
        "8:18",
        "9:35",
        "10:30",
        "11:38",
        "12:38",
        "13:38",
        "14:38",
        "15:38",
        "16:38",
        "17:23",
        "17:43",
        "18:38",
        "19:43",
        "21:23",
        "22:18",
        "23:18"
    ],
    "holiday": [
        "7:13",
        "8:18",
        "9:38",
        "10:38",
        "11:38",
        "12:38",
        "13:38",
        "14:38",
        "15:38",
        "16:38",
        "17:38",
        "18:38",
        "19:43",
        "21:23",
        "22:18",
        "23:18"
    ],
    "url": "https://www.kanachu.co.jp/dia/diagram/timetable01_js/course:0000800429-3/node:00127136/kt:0/lname:/"
}
