{
    "date": "2024/09/02",
    "name": "戸塚バスセンター",
    "position": "-",
    "system": "戸61",
    "destinations": [
        "矢沢(横浜市戸塚区)",
        "アザリエ団地入口",
        "日産前(横浜市戸塚区)",
        "踊場",
        "東原(横浜市泉区)",
        "中田(横浜市泉区)",
        "中田小学校入口",
        "中西(横浜市泉区)",
        "立場駅",
        "谷戸入口(横浜市泉区)",
        "和泉(横浜市泉区)",
        "泉区総合庁舎前",
        "和泉坂上",
        "池ノ上(横浜市泉区)",
        "上飯田団地",
        "小学校前(横浜市泉区)",
        "児童公園前(横浜市泉区)",
        "団地入口(横浜市泉区)",
        "飯田神社前",
        "台村",
        "いちょう団地",
        "保育所前(大和市)",
        "渋谷中学校",
        "集会所前(横浜市泉区)",
        "中屋敷(横浜市泉区)",
        "五軒庭",
        "上飯田(横浜市泉区)",
        "上飯田車庫"
    ],
    "weekday": [
        "7:53",
        "12:11",
        "12:41",
        "13:41",
        "14:16",
        "16:21",
        "17:51",
        "18:21",
        "20:21",
        "21:06",
        "22:16"
    ],
    "saturday": [
        "7:53",
        "12:16",
        "13:21",
        "13:51",
        "14:51",
        "15:22",
        "16:22",
        "16:51",
        "20:06",
        "21:06"
    ],
    "holiday": [
        "7:53",
        "12:16",
        "13:22",
        "13:51",
        "14:51",
        "15:22",
        "16:22",
        "16:51",
        "20:06",
        "21:06"
    ],
    "url": "https://www.kanachu.co.jp/dia/diagram/timetable01_js/course:0000803565-1/node:00126775/kt:0/lname:/"
}
