{
    "date": "2024/09/02",
    "name": "アザリエ団地入口",
    "position": "-",
    "system": "戸61",
    "destinations": [
        "日産前(横浜市戸塚区)",
        "踊場",
        "東原(横浜市泉区)",
        "中田(横浜市泉区)",
        "中田小学校入口",
        "中西(横浜市泉区)",
        "立場駅",
        "谷戸入口(横浜市泉区)",
        "和泉(横浜市泉区)",
        "泉区総合庁舎前",
        "和泉坂上",
        "池ノ上(横浜市泉区)",
        "上飯田団地",
        "小学校前(横浜市泉区)",
        "児童公園前(横浜市泉区)",
        "団地入口(横浜市泉区)",
        "飯田神社前",
        "台村",
        "いちょう団地",
        "保育所前(大和市)",
        "渋谷中学校",
        "集会所前(横浜市泉区)",
        "中屋敷(横浜市泉区)",
        "五軒庭",
        "上飯田(横浜市泉区)",
        "上飯田車庫"
    ],
    "weekday": [
        "7:56",
        "12:14",
        "12:44",
        "13:44",
        "14:19",
        "16:24",
        "17:54",
        "18:24",
        "20:24",
        "21:09",
        "22:19"
    ],
    "saturday": [
        "7:56",
        "12:19",
        "13:24",
        "13:54",
        "14:54",
        "15:25",
        "16:25",
        "16:54",
        "20:09",
        "21:09"
    ],
    "holiday": [
        "7:56",
        "12:19",
        "13:25",
        "13:54",
        "14:54",
        "15:25",
        "16:25",
        "16:54",
        "20:09",
        "21:09"
    ],
    "url": "https://www.kanachu.co.jp/dia/diagram/timetable01_js/course:0000803565-3/node:00126862/kt:0/lname:/"
}
