{
    "date": "2024/09/02",
    "name": "東原(横浜市泉区)",
    "position": "-",
    "system": "戸61",
    "destinations": [
        "中田(横浜市泉区)",
        "中田小学校入口",
        "中西(横浜市泉区)",
        "立場駅",
        "谷戸入口(横浜市泉区)",
        "和泉(横浜市泉区)",
        "泉区総合庁舎前",
        "和泉坂上",
        "池ノ上(横浜市泉区)",
        "上飯田団地",
        "小学校前(横浜市泉区)",
        "児童公園前(横浜市泉区)",
        "団地入口(横浜市泉区)",
        "飯田神社前",
        "台村",
        "いちょう団地",
        "保育所前(大和市)",
        "渋谷中学校",
        "集会所前(横浜市泉区)",
        "中屋敷(横浜市泉区)",
        "五軒庭",
        "上飯田(横浜市泉区)",
        "上飯田車庫"
    ],
    "weekday": [
        "7:59",
        "12:17",
        "12:47",
        "13:47",
        "14:22",
        "16:27",
        "17:57",
        "18:27",
        "20:27",
        "21:12",
        "22:22"
    ],
    "saturday": [
        "7:59",
        "12:22",
        "13:27",
        "13:57",
        "14:57",
        "15:28",
        "16:28",
        "16:57",
        "20:12",
        "21:12"
    ],
    "holiday": [
        "7:59",
        "12:22",
        "13:28",
        "13:57",
        "14:57",
        "15:28",
        "16:28",
        "16:57",
        "20:12",
        "21:12"
    ],
    "url": "https://www.kanachu.co.jp/dia/diagram/timetable01_js/course:0000803565-6/node:00126779/kt:0/lname:/"
}
