{
    "date": "2024/09/02",
    "name": "中田(横浜市泉区)",
    "position": "-",
    "system": "戸61",
    "destinations": [
        "中田小学校入口",
        "中西(横浜市泉区)",
        "立場駅",
        "谷戸入口(横浜市泉区)",
        "和泉(横浜市泉区)",
        "泉区総合庁舎前",
        "和泉坂上",
        "池ノ上(横浜市泉区)",
        "上飯田団地",
        "小学校前(横浜市泉区)",
        "児童公園前(横浜市泉区)",
        "団地入口(横浜市泉区)",
        "飯田神社前",
        "台村",
        "いちょう団地",
        "保育所前(大和市)",
        "渋谷中学校",
        "集会所前(横浜市泉区)",
        "中屋敷(横浜市泉区)",
        "五軒庭",
        "上飯田(横浜市泉区)",
        "上飯田車庫"
    ],
    "weekday": [
        "8:00",
        "12:19",
        "12:49",
        "13:49",
        "14:24",
        "16:29",
        "17:59",
        "18:29",
        "20:28",
        "21:13",
        "22:23"
    ],
    "saturday": [
        "8:00",
        "12:24",
        "13:29",
        "13:59",
        "14:59",
        "15:30",
        "16:30",
        "16:59",
        "20:14",
        "21:14"
    ],
    "holiday": [
        "8:00",
        "12:24",
        "13:30",
        "13:59",
        "14:59",
        "15:30",
        "16:30",
        "16:59",
        "20:14",
        "21:14"
    ],
    "url": "https://www.kanachu.co.jp/dia/diagram/timetable01_js/course:0000803565-7/node:00126780/kt:0/lname:/"
}
