{
    "date": "2024/09/02",
    "name": "谷戸入口(横浜市泉区)",
    "position": "-",
    "system": "戸61",
    "destinations": [
        "和泉(横浜市泉区)",
        "泉区総合庁舎前",
        "和泉坂上",
        "池ノ上(横浜市泉区)",
        "上飯田団地",
        "小学校前(横浜市泉区)",
        "児童公園前(横浜市泉区)",
        "団地入口(横浜市泉区)",
        "飯田神社前",
        "台村",
        "いちょう団地",
        "保育所前(大和市)",
        "渋谷中学校",
        "集会所前(横浜市泉区)",
        "中屋敷(横浜市泉区)",
        "五軒庭",
        "上飯田(横浜市泉区)",
        "上飯田車庫"
    ],
    "weekday": [
        "8:07",
        "12:27",
        "12:57",
        "13:57",
        "14:32",
        "16:37",
        "18:07",
        "18:37",
        "20:35",
        "21:20",
        "22:28"
    ],
    "saturday": [
        "8:07",
        "12:32",
        "13:37",
        "14:07",
        "15:07",
        "15:38",
        "16:38",
        "17:07",
        "20:22",
        "21:22"
    ],
    "holiday": [
        "8:07",
        "12:32",
        "13:38",
        "14:07",
        "15:07",
        "15:38",
        "16:38",
        "17:07",
        "20:22",
        "21:22"
    ],
    "url": "https://www.kanachu.co.jp/dia/diagram/timetable01_js/course:0000803565-11/node:00126784/kt:0/lname:/"
}
