{
    "date": "2024/09/02",
    "name": "飯田神社前",
    "position": "-",
    "system": "戸61",
    "destinations": [
        "台村",
        "いちょう団地",
        "保育所前(大和市)",
        "渋谷中学校",
        "集会所前(横浜市泉区)",
        "中屋敷(横浜市泉区)",
        "五軒庭",
        "上飯田(横浜市泉区)",
        "上飯田車庫"
    ],
    "weekday": [
        "8:19",
        "12:39",
        "13:09",
        "14:09",
        "14:44",
        "16:49",
        "18:19",
        "18:49",
        "20:47",
        "21:32",
        "22:39"
    ],
    "saturday": [
        "8:19",
        "12:44",
        "13:49",
        "14:19",
        "15:19",
        "15:50",
        "16:50",
        "17:19",
        "20:34",
        "21:34"
    ],
    "holiday": [
        "8:19",
        "12:44",
        "13:50",
        "14:19",
        "15:19",
        "15:50",
        "16:50",
        "17:19",
        "20:34",
        "21:34"
    ],
    "url": "https://www.kanachu.co.jp/dia/diagram/timetable01_js/course:0000803565-20/node:00126795/kt:0/lname:/"
}
