{
    "date": "2024/09/02",
    "name": "上飯田(横浜市泉区)",
    "position": "-",
    "system": "戸61",
    "destinations": [
        "上飯田車庫"
    ],
    "weekday": [
        "8:28",
        "12:48",
        "13:18",
        "14:18",
        "14:53",
        "16:58",
        "18:28",
        "18:58",
        "20:56",
        "21:41",
        "22:48"
    ],
    "saturday": [
        "8:28",
        "12:53",
        "13:58",
        "14:28",
        "15:28",
        "15:59",
        "16:59",
        "17:28",
        "20:43",
        "21:43"
    ],
    "holiday": [
        "8:28",
        "12:53",
        "13:59",
        "14:28",
        "15:28",
        "15:59",
        "16:59",
        "17:28",
        "20:43",
        "21:43"
    ],
    "url": "https://www.kanachu.co.jp/dia/diagram/timetable01_js/course:0000803565-28/node:00126799/kt:0/lname:/"
}
