{
    "date": "2024/12/16",
    "name": "車橋",
    "position": "-",
    "system": "桜23",
    "destinations": [
        "諏訪下橋(多摩市)",
        "消防署前(多摩市)",
        "永山駅",
        "諏訪二丁目(多摩市)",
        "諏訪幼稚園前",
        "諏訪南公園",
        "永山いちょう通り",
        "永山高校",
        "永山五丁目"
    ],
    "weekday": [
        "7:43",
        "7:48",
        "8:37",
        "9:37",
        "10:37",
        "11:37",
        "12:37",
        "13:37",
        "14:37",
        "15:37",
        "16:37",
        "17:37",
        "18:37",
        "19:37",
        "21:48"
    ],
    "saturday": [
        "8:37",
        "9:37",
        "10:37",
        "11:37",
        "12:37",
        "13:37",
        "14:37",
        "15:37",
        "16:37",
        "17:37",
        "18:37",
        "21:48"
    ],
    "holiday": [
        "8:37",
        "9:37",
        "10:37",
        "11:37",
        "12:37",
        "13:37",
        "14:37",
        "15:37",
        "16:37",
        "17:37",
        "18:37",
        "21:48"
    ],
    "url": "https://www.kanachu.co.jp/dia/diagram/timetable01_js/course:0000802973-3/node:00020463/kt:0/lname:/"
}
