{
    "date": "2024/12/16",
    "name": "諏訪幼稚園前",
    "position": "-",
    "system": "桜23",
    "destinations": [
        "諏訪南公園",
        "永山いちょう通り",
        "永山高校",
        "永山五丁目"
    ],
    "weekday": [
        "7:54",
        "7:59",
        "8:48",
        "9:48",
        "10:48",
        "11:48",
        "12:48",
        "13:48",
        "14:48",
        "15:48",
        "16:48",
        "17:48",
        "18:48",
        "19:48",
        "21:59"
    ],
    "saturday": [
        "8:48",
        "9:48",
        "10:48",
        "11:48",
        "12:48",
        "13:48",
        "14:48",
        "15:48",
        "16:48",
        "17:48",
        "18:48",
        "21:59"
    ],
    "holiday": [
        "8:48",
        "9:48",
        "10:48",
        "11:48",
        "12:48",
        "13:48",
        "14:48",
        "15:48",
        "16:48",
        "17:48",
        "18:48",
        "21:59"
    ],
    "url": "https://www.kanachu.co.jp/dia/diagram/timetable01_js/course:0000802973-8/node:00020976/kt:0/lname:/"
}
