{
    "date": "2024/12/16",
    "name": "諏訪南公園",
    "position": "-",
    "system": "桜23",
    "destinations": [
        "永山いちょう通り",
        "永山高校",
        "永山五丁目"
    ],
    "weekday": [
        "7:55",
        "8:00",
        "8:49",
        "9:49",
        "10:49",
        "11:49",
        "12:49",
        "13:49",
        "14:49",
        "15:49",
        "16:49",
        "17:49",
        "18:49",
        "19:49",
        "22:00"
    ],
    "saturday": [
        "8:49",
        "9:49",
        "10:49",
        "11:49",
        "12:49",
        "13:49",
        "14:49",
        "15:49",
        "16:49",
        "17:49",
        "18:49",
        "22:00"
    ],
    "holiday": [
        "8:49",
        "9:49",
        "10:49",
        "11:49",
        "12:49",
        "13:49",
        "14:49",
        "15:49",
        "16:49",
        "17:49",
        "18:49",
        "22:00"
    ],
    "url": "https://www.kanachu.co.jp/dia/diagram/timetable01_js/course:0000802973-9/node:00020623/kt:0/lname:/"
}
