{
    "system": "桜23",
    "busstops": [
        {
            "index": "1",
            "id": "00020654",
            "name": "聖蹟桜ヶ丘駅",
            "lat": "35.651504",
            "lng": "139.447407"
        },
        {
            "index": "2",
            "id": "00020594",
            "name": "新大栗橋",
            "lat": "35.647299",
            "lng": "139.453227"
        },
        {
            "index": "3",
            "id": "00020463",
            "name": "車橋",
            "lat": "35.640045",
            "lng": "139.450888"
        },
        {
            "index": "4",
            "id": "00020619",
            "name": "諏訪下橋(多摩市)",
            "lat": "35.635619",
            "lng": "139.448178"
        },
        {
            "index": "5",
            "id": "00021488",
            "name": "消防署前(多摩市)",
            "lat": "35.632706",
            "lng": "139.447845"
        },
        {
            "index": "6",
            "id": "00020143",
            "name": "永山駅",
            "lat": "35.630133",
            "lng": "139.447662"
        },
        {
            "index": "7",
            "id": "00020624",
            "name": "諏訪二丁目(多摩市)",
            "lat": "35.625681",
            "lng": "139.449713"
        },
        {
            "index": "8",
            "id": "00020976",
            "name": "諏訪幼稚園前",
            "lat": "35.621982",
            "lng": "139.450834"
        },
        {
            "index": "9",
            "id": "00020623",
            "name": "諏訪南公園",
            "lat": "35.620021",
            "lng": "139.452278"
        },
        {
            "index": "10",
            "id": "00020140",
            "name": "永山いちょう通り",
            "lat": "35.617755",
            "lng": "139.450262"
        },
        {
            "index": "11",
            "id": "00020147",
            "name": "永山高校",
            "lat": "35.616853",
            "lng": "139.447821"
        },
        {
            "index": "12",
            "id": "00020145",
            "name": "永山五丁目",
            "lat": "35.618788",
            "lng": "139.445879"
        }
    ],
    "route_url": "https://www.kanachu.co.jp/dia/route/index/cid:0000802973/"
}
