{
    "date": "2025/03/15",
    "name": "湘南台駅東口",
    "position": "-",
    "system": "湘13",
    "destinations": [
        "北警察署前(藤沢市)",
        "工業団地入口(藤沢市)",
        "桐原四辻",
        "団地中央(藤沢市)",
        "桐原公園前",
        "桐原緑道",
        "丸石(藤沢市)",
        "公園北(藤沢市)",
        "石川六丁目",
        "工業団地入口(藤沢市)",
        "北警察署前(藤沢市)",
        "湘南台駅西口"
    ],
    "weekday": [
        "7:30",
        "7:54",
        "8:02",
        "8:10",
        "8:20",
        "8:30",
        "9:10"
    ],
    "saturday": [],
    "holiday": [],
    "url": "https://www.kanachu.co.jp/dia/diagram/timetable01_js/course:0000802689-1/node:00126881/kt:0/lname:/"
}
