{
    "date": "2025/08/30",
    "name": "芹が谷",
    "position": "-",
    "system": "",
    "destinations": [
        "芹が谷山谷",
        "水道橋下",
        "普門院前",
        "別所宮下",
        "南が丘中学校前",
        "最戸町",
        "最戸橋",
        "上大岡駅"
    ],
    "weekday": [
        "9:40",
        "10:40",
        "11:40",
        "12:30",
        "13:08",
        "14:08",
        "17:10",
        "20:20"
    ],
    "saturday": [
        "10:15",
        "11:04",
        "12:40",
        "12:50",
        "13:40",
        "14:40"
    ],
    "holiday": [
        "12:40",
        "12:51",
        "13:40",
        "14:40",
        "15:40",
        "20:38"
    ],
    "url": "https://www.kanachu.co.jp/dia/diagram/timetable01_js/course:0000803830-1/node:00126567/kt:0/lname:/"
}
