{
    "date": "2024/03/16",
    "name": "小学校入口(相模原市中央区)",
    "position": "-",
    "system": "町29",
    "destinations": [
        "淵野辺郵便局前",
        "幸町(相模原市中央区)",
        "淵野辺駅北口"
    ],
    "weekday": [
        "6:54",
        "7:25",
        "8:06",
        "8:40",
        "9:22",
        "10:07",
        "11:20",
        "12:43",
        "13:43",
        "15:03",
        "15:47",
        "17:07",
        "17:50",
        "18:49",
        "20:03",
        "20:41"
    ],
    "saturday": [
        "7:19",
        "8:34",
        "9:45",
        "11:01",
        "12:01",
        "13:18",
        "14:43",
        "16:07",
        "17:07",
        "18:07",
        "18:57",
        "19:29"
    ],
    "holiday": [
        "7:44",
        "8:44",
        "10:01",
        "10:41",
        "12:01",
        "13:01",
        "13:41",
        "15:03",
        "16:27",
        "17:42",
        "19:07"
    ],
    "url": "https://www.kanachu.co.jp/dia/diagram/timetable01_js/course:0000802014-20/node:00129159/kt:0/lname:/"
}
