{
    "date": "2017/04/01",
    "name": "オアシス湘南病院前",
    "position": "-",
    "system": "海73",
    "destinations": [
        "中河内",
        "天神下(海老名市)",
        "下河内",
        "本郷五反田橋",
        "十二天",
        "行安寺",
        "湘南ユニテック前",
        "才戸第一",
        "キリンビバレッジ前",
        "北部文化福祉会館前",
        "旭保育園入口",
        "旭が丘中学校入口",
        "寒川神社",
        "寒川神社参道",
        "寒川郵便局前",
        "図書館文書館前",
        "寒川駅"
    ],
    "weekday": [
        "6:48",
        "7:48",
        "8:48",
        "9:48",
        "12:46",
        "13:46",
        "16:46",
        "17:46",
        "18:46",
        "19:46"
    ],
    "saturday": [
        "10:31",
        "11:31",
        "12:31",
        "14:46",
        "15:46",
        "16:46"
    ],
    "holiday": [
        "10:31",
        "11:31",
        "12:31",
        "14:46",
        "15:46",
        "16:46"
    ],
    "url": "https://www.kanachu.co.jp/dia/diagram/timetable01_js/course:0000802511-8/node:00130468/kt:0/lname:/"
}
