{
    "date": "2017/04/01",
    "name": "本郷五反田橋",
    "position": "-",
    "system": "海73",
    "destinations": [
        "十二天",
        "行安寺",
        "湘南ユニテック前",
        "才戸第一",
        "キリンビバレッジ前",
        "北部文化福祉会館前",
        "旭保育園入口",
        "旭が丘中学校入口",
        "寒川神社",
        "寒川神社参道",
        "寒川郵便局前",
        "図書館文書館前",
        "寒川駅"
    ],
    "weekday": [
        "6:54",
        "7:54",
        "8:54",
        "9:54",
        "12:52",
        "13:52",
        "16:52",
        "17:52",
        "18:52",
        "19:52"
    ],
    "saturday": [
        "10:37",
        "11:37",
        "12:37",
        "14:52",
        "15:52",
        "16:52"
    ],
    "holiday": [
        "10:37",
        "11:37",
        "12:37",
        "14:52",
        "15:52",
        "16:52"
    ],
    "url": "https://www.kanachu.co.jp/dia/diagram/timetable01_js/course:0000802511-12/node:00130472/kt:0/lname:/"
}
