{
    "date": "2017/04/01",
    "name": "寒川郵便局前",
    "position": "-",
    "system": "海73",
    "destinations": [
        "図書館文書館前",
        "寒川駅"
    ],
    "weekday": [
        "7:07",
        "8:07",
        "9:07",
        "10:07",
        "13:05",
        "14:05",
        "17:05",
        "18:05",
        "19:05",
        "20:05"
    ],
    "saturday": [
        "10:50",
        "11:50",
        "12:50",
        "15:05",
        "16:05",
        "17:05"
    ],
    "holiday": [
        "10:50",
        "11:50",
        "12:50",
        "15:05",
        "16:05",
        "17:05"
    ],
    "url": "https://www.kanachu.co.jp/dia/diagram/timetable01_js/course:0000802511-23/node:00130473/kt:0/lname:/"
}
