{
    "date": "2016/03/26",
    "name": "畑中(秦野市)",
    "position": "-",
    "system": "秦15",
    "destinations": [
        "白笹稲荷神社入口",
        "南公民館前(秦野市)",
        "諏訪町(秦野市)",
        "今川町",
        "今泉(秦野市)",
        "秦野駅"
    ],
    "weekday": [
        "16:22"
    ],
    "saturday": [],
    "holiday": [],
    "url": "https://www.kanachu.co.jp/dia/diagram/timetable01_js/course:0000802155-18/node:00127933/kt:0/lname:/"
}
