{
    "system": "秦15",
    "busstops": [
        {
            "index": "1",
            "id": "00127963",
            "name": "万年橋(足柄上郡中井町)",
            "lat": "35.328075",
            "lng": "139.218137"
        },
        {
            "index": "2",
            "id": "00127962",
            "name": "中井役場前",
            "lat": "35.33168",
            "lng": "139.218758"
        },
        {
            "index": "3",
            "id": "00127949",
            "name": "中井中学校前",
            "lat": "35.334559",
            "lng": "139.219682"
        },
        {
            "index": "4",
            "id": "00127948",
            "name": "藤沢",
            "lat": "35.337412",
            "lng": "139.222303"
        },
        {
            "index": "5",
            "id": "00127946",
            "name": "才戸",
            "lat": "35.341206",
            "lng": "139.22149"
        },
        {
            "index": "6",
            "id": "00127945",
            "name": "やまゆり園前(足柄上郡中井町)",
            "lat": "35.343715",
            "lng": "139.219264"
        },
        {
            "index": "7",
            "id": "00127944",
            "name": "大塚(足柄上郡中井町)",
            "lat": "35.345746",
            "lng": "139.218449"
        },
        {
            "index": "8",
            "id": "00127943",
            "name": "原下(足柄上郡中井町)",
            "lat": "35.348886",
            "lng": "139.215344"
        },
        {
            "index": "9",
            "id": "00127942",
            "name": "原中(足柄上郡中井町)",
            "lat": "35.349767",
            "lng": "139.213969"
        },
        {
            "index": "10",
            "id": "00127941",
            "name": "境コミュニティーセンター前",
            "lat": "35.352299",
            "lng": "139.210509"
        },
        {
            "index": "11",
            "id": "00127940",
            "name": "本境",
            "lat": "35.354523",
            "lng": "139.206499"
        },
        {
            "index": "12",
            "id": "00127939",
            "name": "本別所",
            "lat": "35.355778",
            "lng": "139.206966"
        },
        {
            "index": "13",
            "id": "00127938",
            "name": "水無窪",
            "lat": "35.357439",
            "lng": "139.208347"
        },
        {
            "index": "14",
            "id": "00127937",
            "name": "後窪",
            "lat": "35.358783",
            "lng": "139.21041"
        },
        {
            "index": "15",
            "id": "00127936",
            "name": "小原(足柄上郡中井町)",
            "lat": "35.361682",
            "lng": "139.206172"
        },
        {
            "index": "16",
            "id": "00127935",
            "name": "震生湖",
            "lat": "35.36256",
            "lng": "139.208828"
        },
        {
            "index": "17",
            "id": "00127934",
            "name": "平沢(秦野市平沢)",
            "lat": "35.365597",
            "lng": "139.210312"
        },
        {
            "index": "18",
            "id": "00127933",
            "name": "畑中(秦野市)",
            "lat": "35.3681",
            "lng": "139.211376"
        },
        {
            "index": "19",
            "id": "00127932",
            "name": "白笹稲荷神社入口",
            "lat": "35.367164",
            "lng": "139.216754"
        },
        {
            "index": "20",
            "id": "00127931",
            "name": "南公民館前(秦野市)",
            "lat": "35.368178",
            "lng": "139.217743"
        },
        {
            "index": "21",
            "id": "00127930",
            "name": "諏訪町(秦野市)",
            "lat": "35.369501",
            "lng": "139.218779"
        },
        {
            "index": "22",
            "id": "00130134",
            "name": "今川町",
            "lat": "35.372892",
            "lng": "139.220664"
        },
        {
            "index": "23",
            "id": "00127929",
            "name": "今泉(秦野市)",
            "lat": "35.372409",
            "lng": "139.22369"
        },
        {
            "index": "24",
            "id": "00127715",
            "name": "秦野駅",
            "lat": "35.370293",
            "lng": "139.226956"
        }
    ],
    "route_url": "https://www.kanachu.co.jp/dia/route/index/cid:0000802155/"
}
