{
    "date": "2024/04/01",
    "name": "八幡公民館入口",
    "position": "-",
    "system": "平07",
    "destinations": [
        "八幡(平塚市)",
        "八幡入口",
        "コンフォール平塚前",
        "市役所前(平塚市)",
        "四ツ角(平塚市)",
        "平塚駅北口"
    ],
    "weekday": [
        "17:28"
    ],
    "saturday": [],
    "holiday": [],
    "url": "https://www.kanachu.co.jp/dia/diagram/timetable01_js/course:0000802838-23/node:00127647/kt:0/lname:/"
}
