{
    "date": "2025/07/27",
    "name": "桜土手(秦野市)",
    "position": "-",
    "system": "渋05",
    "destinations": [
        "テクノパーク",
        "桜土手古墳公園",
        "戸川台",
        "戸川工業団地",
        "戸川入口西",
        "三屋入口",
        "羽根入口",
        "田原入口",
        "高砂(秦野市)",
        "高砂車庫前"
    ],
    "weekday": [
        "8:43",
        "11:51",
        "12:36",
        "13:26",
        "14:18",
        "17:28",
        "19:26",
        "20:20",
        "21:26",
        "21:41"
    ],
    "saturday": [
        "9:26",
        "10:06",
        "13:26",
        "17:19",
        "19:07"
    ],
    "holiday": [
        "9:26",
        "10:06",
        "13:26",
        "17:19",
        "19:07"
    ],
    "url": "https://www.kanachu.co.jp/dia/diagram/timetable01_js/course:0000803801-3/node:00127990/kt:0/lname:/"
}
