{
    "date": "2025/07/27",
    "name": "戸川台",
    "position": "-",
    "system": "渋05",
    "destinations": [
        "戸川工業団地",
        "戸川入口西",
        "三屋入口",
        "羽根入口",
        "田原入口",
        "高砂(秦野市)",
        "高砂車庫前"
    ],
    "weekday": [
        "8:48",
        "11:56",
        "12:41",
        "13:31",
        "14:23",
        "17:33",
        "19:29",
        "20:23",
        "21:29",
        "21:44"
    ],
    "saturday": [
        "9:29",
        "10:09",
        "13:29",
        "17:22",
        "19:10"
    ],
    "holiday": [
        "9:29",
        "10:09",
        "13:29",
        "17:22",
        "19:10"
    ],
    "url": "https://www.kanachu.co.jp/dia/diagram/timetable01_js/course:0000803801-6/node:00130350/kt:0/lname:/"
}
