{
    "date": "2025/07/27",
    "name": "戸川工業団地",
    "position": "-",
    "system": "渋05",
    "destinations": [
        "戸川入口西",
        "三屋入口",
        "羽根入口",
        "田原入口",
        "高砂(秦野市)",
        "高砂車庫前"
    ],
    "weekday": [
        "8:49",
        "11:57",
        "12:42",
        "13:32",
        "14:24",
        "17:34",
        "19:30",
        "20:24",
        "21:30",
        "21:45"
    ],
    "saturday": [
        "9:30",
        "10:10",
        "13:30",
        "17:23",
        "19:11"
    ],
    "holiday": [
        "9:30",
        "10:10",
        "13:30",
        "17:23",
        "19:11"
    ],
    "url": "https://www.kanachu.co.jp/dia/diagram/timetable01_js/course:0000803801-7/node:00130351/kt:0/lname:/"
}
