{
    "date": "2025/07/27",
    "name": "羽根入口",
    "position": "-",
    "system": "渋05",
    "destinations": [
        "田原入口",
        "高砂(秦野市)",
        "高砂車庫前"
    ],
    "weekday": [
        "8:53",
        "12:01",
        "12:46",
        "13:36",
        "14:28",
        "17:38",
        "19:33",
        "20:27",
        "21:33",
        "21:48"
    ],
    "saturday": [
        "9:33",
        "10:13",
        "13:33",
        "17:26",
        "19:14"
    ],
    "holiday": [
        "9:33",
        "10:13",
        "13:33",
        "17:26",
        "19:14"
    ],
    "url": "https://www.kanachu.co.jp/dia/diagram/timetable01_js/course:0000803801-10/node:00127883/kt:0/lname:/"
}
