{
    "date": "2025/04/19",
    "name": "田代坂下",
    "position": "-",
    "system": "田01",
    "destinations": [
        "愛川田代局前",
        "田代(愛甲郡愛川町)",
        "戸倉(愛甲郡愛川町)",
        "下戸倉",
        "角田大橋",
        "宮上(愛甲郡愛川町)",
        "角田",
        "下之街道",
        "箕輪辻",
        "梅沢(愛甲郡愛川町)",
        "小沢(愛甲郡愛川町)",
        "高田橋入口",
        "田名坂上",
        "田名バスターミナル"
    ],
    "weekday": [
        "6:39",
        "7:19",
        "7:59",
        "8:36",
        "9:19",
        "9:59",
        "10:36",
        "11:19",
        "12:36",
        "13:19",
        "14:36",
        "15:59",
        "16:36",
        "17:19",
        "17:59",
        "18:39",
        "19:19",
        "19:59",
        "21:09"
    ],
    "saturday": [
        "6:39",
        "7:19",
        "7:59",
        "8:39",
        "9:19",
        "9:59",
        "10:39",
        "11:19",
        "12:39",
        "13:19",
        "14:39",
        "15:19",
        "15:59",
        "16:39",
        "17:19",
        "17:59",
        "18:39",
        "19:19",
        "19:59"
    ],
    "holiday": [
        "6:39",
        "7:19",
        "7:59",
        "8:39",
        "9:19",
        "9:59",
        "10:39",
        "11:19",
        "12:39",
        "13:19",
        "14:39",
        "15:19",
        "15:59",
        "16:39",
        "17:19",
        "17:59",
        "18:39",
        "19:19",
        "19:59"
    ],
    "url": "https://www.kanachu.co.jp/dia/diagram/timetable01_js/course:0000803329-9/node:00128287/kt:0/lname:/"
}
