{
    "date": "2025/04/19",
    "name": "角田",
    "position": "-",
    "system": "田01",
    "destinations": [
        "下之街道",
        "箕輪辻",
        "梅沢(愛甲郡愛川町)",
        "小沢(愛甲郡愛川町)",
        "高田橋入口",
        "田名坂上",
        "田名バスターミナル"
    ],
    "weekday": [
        "6:45",
        "7:25",
        "8:05",
        "8:42",
        "9:25",
        "10:05",
        "10:42",
        "11:25",
        "12:42",
        "13:25",
        "14:42",
        "16:05",
        "16:42",
        "17:25",
        "18:05",
        "18:45",
        "19:25",
        "20:05",
        "21:15"
    ],
    "saturday": [
        "6:45",
        "7:25",
        "8:05",
        "8:45",
        "9:25",
        "10:05",
        "10:45",
        "11:25",
        "12:45",
        "13:25",
        "14:45",
        "15:25",
        "16:05",
        "16:45",
        "17:25",
        "18:05",
        "18:45",
        "19:25",
        "20:05"
    ],
    "holiday": [
        "6:45",
        "7:25",
        "8:05",
        "8:45",
        "9:25",
        "10:05",
        "10:45",
        "11:25",
        "12:45",
        "13:25",
        "14:45",
        "15:25",
        "16:05",
        "16:45",
        "17:25",
        "18:05",
        "18:45",
        "19:25",
        "20:05"
    ],
    "url": "https://www.kanachu.co.jp/dia/diagram/timetable01_js/course:0000803329-16/node:00129169/kt:0/lname:/"
}
