{
    "date": "2025/04/19",
    "name": "箕輪辻",
    "position": "-",
    "system": "田01",
    "destinations": [
        "梅沢(愛甲郡愛川町)",
        "小沢(愛甲郡愛川町)",
        "高田橋入口",
        "田名坂上",
        "田名バスターミナル"
    ],
    "weekday": [
        "6:48",
        "7:28",
        "8:08",
        "8:45",
        "9:28",
        "10:08",
        "10:45",
        "11:28",
        "12:45",
        "13:28",
        "14:45",
        "16:08",
        "16:45",
        "17:28",
        "18:08",
        "18:48",
        "19:28",
        "20:08",
        "21:18"
    ],
    "saturday": [
        "6:48",
        "7:28",
        "8:08",
        "8:48",
        "9:28",
        "10:08",
        "10:48",
        "11:28",
        "12:48",
        "13:28",
        "14:48",
        "15:28",
        "16:08",
        "16:48",
        "17:28",
        "18:08",
        "18:48",
        "19:28",
        "20:08"
    ],
    "holiday": [
        "6:48",
        "7:28",
        "8:08",
        "8:48",
        "9:28",
        "10:08",
        "10:48",
        "11:28",
        "12:48",
        "13:28",
        "14:48",
        "15:28",
        "16:08",
        "16:48",
        "17:28",
        "18:08",
        "18:48",
        "19:28",
        "20:08"
    ],
    "url": "https://www.kanachu.co.jp/dia/diagram/timetable01_js/course:0000803329-18/node:00128327/kt:0/lname:/"
}
