{
    "date": "2025/11/16",
    "name": "横内公民館入口",
    "position": "-",
    "system": "平63",
    "destinations": [
        "横内下",
        "横内団地前",
        "今里(平塚市)",
        "坂口(平塚市)",
        "市場前(平塚市)",
        "大野農協前",
        "西真土",
        "大野中学校前",
        "伊勢山(平塚市)",
        "中原中宿",
        "中原東(平塚市)",
        "西新町(平塚市)",
        "平塚球場",
        "総合公園(平塚市)",
        "美術館入口(平塚市)",
        "江陽中学校前(平塚市)",
        "崇善小学校前",
        "明石町(平塚市)",
        "明石町一丁目",
        "四ツ角(平塚市)",
        "平塚駅北口"
    ],
    "weekday": [
        "5:25",
        "6:15",
        "6:38",
        "7:03",
        "7:24",
        "8:08",
        "8:54",
        "9:13",
        "9:28",
        "9:53",
        "10:06",
        "10:28",
        "10:58",
        "11:43",
        "11:58",
        "12:13",
        "12:43",
        "13:13",
        "13:43",
        "14:28",
        "14:43",
        "14:58",
        "15:08",
        "15:28",
        "15:53",
        "16:02",
        "16:58",
        "17:11",
        "17:35",
        "18:39",
        "19:09",
        "20:08",
        "21:18"
    ],
    "saturday": [
        "5:38",
        "6:08",
        "6:23",
        "6:53",
        "7:08",
        "7:23",
        "7:53",
        "8:08",
        "8:23",
        "9:08",
        "9:23",
        "9:58",
        "10:48",
        "11:08",
        "11:23",
        "12:08",
        "12:23",
        "12:53",
        "13:08",
        "13:23",
        "13:53",
        "14:02",
        "14:23",
        "14:53",
        "15:03",
        "15:23",
        "15:53",
        "16:03",
        "16:23",
        "17:18",
        "17:58",
        "18:58"
    ],
    "holiday": [
        "5:38",
        "6:08",
        "6:23",
        "6:53",
        "7:08",
        "7:23",
        "7:53",
        "8:08",
        "8:23",
        "9:08",
        "9:23",
        "9:58",
        "10:48",
        "11:08",
        "11:23",
        "12:08",
        "12:23",
        "12:53",
        "13:08",
        "13:23",
        "13:53",
        "14:02",
        "14:23",
        "14:53",
        "15:03",
        "15:23",
        "15:53",
        "16:03",
        "16:23",
        "17:18",
        "17:58",
        "18:58"
    ],
    "url": "https://www.kanachu.co.jp/dia/diagram/timetable01_js/course:0000802523-3/node:00127615/kt:0/lname:/"
}
