{
    "date": "2025/11/16",
    "name": "坂口(平塚市)",
    "position": "-",
    "system": "平63",
    "destinations": [
        "市場前(平塚市)",
        "大野農協前",
        "西真土",
        "大野中学校前",
        "伊勢山(平塚市)",
        "中原中宿",
        "中原東(平塚市)",
        "西新町(平塚市)",
        "平塚球場",
        "総合公園(平塚市)",
        "美術館入口(平塚市)",
        "江陽中学校前(平塚市)",
        "崇善小学校前",
        "明石町(平塚市)",
        "明石町一丁目",
        "四ツ角(平塚市)",
        "平塚駅北口"
    ],
    "weekday": [
        "5:29",
        "6:19",
        "6:42",
        "7:07",
        "7:28",
        "8:12",
        "8:58",
        "9:17",
        "9:32",
        "9:57",
        "10:10",
        "10:32",
        "11:02",
        "11:47",
        "12:02",
        "12:17",
        "12:47",
        "13:17",
        "13:47",
        "14:32",
        "14:47",
        "15:02",
        "15:12",
        "15:32",
        "15:57",
        "16:06",
        "17:02",
        "17:15",
        "17:39",
        "18:43",
        "19:13",
        "20:12",
        "21:22"
    ],
    "saturday": [
        "5:42",
        "6:12",
        "6:27",
        "6:57",
        "7:12",
        "7:27",
        "7:57",
        "8:12",
        "8:27",
        "9:12",
        "9:27",
        "10:02",
        "10:52",
        "11:12",
        "11:27",
        "12:12",
        "12:27",
        "12:57",
        "13:12",
        "13:27",
        "13:57",
        "14:06",
        "14:27",
        "14:57",
        "15:07",
        "15:27",
        "15:57",
        "16:07",
        "16:27",
        "17:22",
        "18:02",
        "19:02"
    ],
    "holiday": [
        "5:42",
        "6:12",
        "6:27",
        "6:57",
        "7:12",
        "7:27",
        "7:57",
        "8:12",
        "8:27",
        "9:12",
        "9:27",
        "10:02",
        "10:52",
        "11:12",
        "11:27",
        "12:12",
        "12:27",
        "12:57",
        "13:12",
        "13:27",
        "13:57",
        "14:06",
        "14:27",
        "14:57",
        "15:07",
        "15:27",
        "15:57",
        "16:07",
        "16:27",
        "17:22",
        "18:02",
        "19:02"
    ],
    "url": "https://www.kanachu.co.jp/dia/diagram/timetable01_js/course:0000802523-7/node:00127611/kt:0/lname:/"
}
