{
    "date": "2025/11/16",
    "name": "西真土",
    "position": "-",
    "system": "平63",
    "destinations": [
        "大野中学校前",
        "伊勢山(平塚市)",
        "中原中宿",
        "中原東(平塚市)",
        "西新町(平塚市)",
        "平塚球場",
        "総合公園(平塚市)",
        "美術館入口(平塚市)",
        "江陽中学校前(平塚市)",
        "崇善小学校前",
        "明石町(平塚市)",
        "明石町一丁目",
        "四ツ角(平塚市)",
        "平塚駅北口"
    ],
    "weekday": [
        "5:32",
        "6:22",
        "6:45",
        "7:10",
        "7:31",
        "8:15",
        "9:01",
        "9:20",
        "9:35",
        "10:00",
        "10:13",
        "10:35",
        "11:05",
        "11:50",
        "12:05",
        "12:20",
        "12:50",
        "13:20",
        "13:50",
        "14:35",
        "14:50",
        "15:05",
        "15:15",
        "15:35",
        "16:00",
        "16:09",
        "17:05",
        "17:18",
        "17:42",
        "18:46",
        "19:16",
        "20:15",
        "21:25"
    ],
    "saturday": [
        "5:45",
        "6:15",
        "6:30",
        "7:00",
        "7:15",
        "7:30",
        "8:00",
        "8:15",
        "8:30",
        "9:15",
        "9:30",
        "10:05",
        "10:55",
        "11:15",
        "11:30",
        "12:15",
        "12:30",
        "13:00",
        "13:15",
        "13:30",
        "14:00",
        "14:09",
        "14:30",
        "15:00",
        "15:10",
        "15:30",
        "16:00",
        "16:10",
        "16:30",
        "17:25",
        "18:05",
        "19:05"
    ],
    "holiday": [
        "5:45",
        "6:15",
        "6:30",
        "7:00",
        "7:15",
        "7:30",
        "8:00",
        "8:15",
        "8:30",
        "9:15",
        "9:30",
        "10:05",
        "10:55",
        "11:15",
        "11:30",
        "12:15",
        "12:30",
        "13:00",
        "13:15",
        "13:30",
        "14:00",
        "14:09",
        "14:30",
        "15:00",
        "15:10",
        "15:30",
        "16:00",
        "16:10",
        "16:30",
        "17:25",
        "18:05",
        "19:05"
    ],
    "url": "https://www.kanachu.co.jp/dia/diagram/timetable01_js/course:0000802523-10/node:00127608/kt:0/lname:/"
}
