{
    "date": "2025/11/16",
    "name": "大野中学校前",
    "position": "-",
    "system": "平63",
    "destinations": [
        "伊勢山(平塚市)",
        "中原中宿",
        "中原東(平塚市)",
        "西新町(平塚市)",
        "平塚球場",
        "総合公園(平塚市)",
        "美術館入口(平塚市)",
        "江陽中学校前(平塚市)",
        "崇善小学校前",
        "明石町(平塚市)",
        "明石町一丁目",
        "四ツ角(平塚市)",
        "平塚駅北口"
    ],
    "weekday": [
        "5:33",
        "6:23",
        "6:46",
        "7:11",
        "7:32",
        "8:16",
        "9:02",
        "9:21",
        "9:36",
        "10:01",
        "10:14",
        "10:36",
        "11:06",
        "11:51",
        "12:06",
        "12:21",
        "12:51",
        "13:21",
        "13:51",
        "14:36",
        "14:51",
        "15:06",
        "15:16",
        "15:36",
        "16:01",
        "16:10",
        "17:06",
        "17:19",
        "17:43",
        "18:47",
        "19:17",
        "20:16",
        "21:26"
    ],
    "saturday": [
        "5:46",
        "6:16",
        "6:31",
        "7:01",
        "7:16",
        "7:31",
        "8:01",
        "8:16",
        "8:31",
        "9:16",
        "9:31",
        "10:06",
        "10:56",
        "11:16",
        "11:31",
        "12:16",
        "12:31",
        "13:01",
        "13:16",
        "13:31",
        "14:01",
        "14:10",
        "14:31",
        "15:01",
        "15:11",
        "15:31",
        "16:01",
        "16:11",
        "16:31",
        "17:26",
        "18:06",
        "19:06"
    ],
    "holiday": [
        "5:46",
        "6:16",
        "6:31",
        "7:01",
        "7:16",
        "7:31",
        "8:01",
        "8:16",
        "8:31",
        "9:16",
        "9:31",
        "10:06",
        "10:56",
        "11:16",
        "11:31",
        "12:16",
        "12:31",
        "13:01",
        "13:16",
        "13:31",
        "14:01",
        "14:10",
        "14:31",
        "15:01",
        "15:11",
        "15:31",
        "16:01",
        "16:11",
        "16:31",
        "17:26",
        "18:06",
        "19:06"
    ],
    "url": "https://www.kanachu.co.jp/dia/diagram/timetable01_js/course:0000802523-11/node:00127607/kt:0/lname:/"
}
