{
    "date": "2025/11/16",
    "name": "中原東(平塚市)",
    "position": "-",
    "system": "平63",
    "destinations": [
        "西新町(平塚市)",
        "平塚球場",
        "総合公園(平塚市)",
        "美術館入口(平塚市)",
        "江陽中学校前(平塚市)",
        "崇善小学校前",
        "明石町(平塚市)",
        "明石町一丁目",
        "四ツ角(平塚市)",
        "平塚駅北口"
    ],
    "weekday": [
        "5:37",
        "6:27",
        "6:50",
        "7:15",
        "7:36",
        "8:20",
        "9:06",
        "9:25",
        "9:40",
        "10:05",
        "10:18",
        "10:40",
        "11:10",
        "11:55",
        "12:10",
        "12:25",
        "12:55",
        "13:25",
        "13:55",
        "14:40",
        "14:55",
        "15:10",
        "15:20",
        "15:40",
        "16:05",
        "16:14",
        "17:10",
        "17:23",
        "17:47",
        "18:51",
        "19:21",
        "20:20",
        "21:30"
    ],
    "saturday": [
        "5:50",
        "6:20",
        "6:35",
        "7:05",
        "7:20",
        "7:35",
        "8:05",
        "8:20",
        "8:35",
        "9:20",
        "9:35",
        "10:10",
        "11:00",
        "11:20",
        "11:35",
        "12:20",
        "12:35",
        "13:05",
        "13:20",
        "13:35",
        "14:05",
        "14:14",
        "14:35",
        "15:05",
        "15:15",
        "15:35",
        "16:05",
        "16:15",
        "16:35",
        "17:30",
        "18:10",
        "19:10"
    ],
    "holiday": [
        "5:50",
        "6:20",
        "6:35",
        "7:05",
        "7:20",
        "7:35",
        "8:05",
        "8:20",
        "8:35",
        "9:20",
        "9:35",
        "10:10",
        "11:00",
        "11:20",
        "11:35",
        "12:20",
        "12:35",
        "13:05",
        "13:20",
        "13:35",
        "14:05",
        "14:14",
        "14:35",
        "15:05",
        "15:15",
        "15:35",
        "16:05",
        "16:15",
        "16:35",
        "17:30",
        "18:10",
        "19:10"
    ],
    "url": "https://www.kanachu.co.jp/dia/diagram/timetable01_js/course:0000802523-14/node:00127603/kt:0/lname:/"
}
