{
    "date": "2025/11/16",
    "name": "総合公園(平塚市)",
    "position": "-",
    "system": "平63",
    "destinations": [
        "美術館入口(平塚市)",
        "江陽中学校前(平塚市)",
        "崇善小学校前",
        "明石町(平塚市)",
        "明石町一丁目",
        "四ツ角(平塚市)",
        "平塚駅北口"
    ],
    "weekday": [
        "5:40",
        "6:30",
        "6:53",
        "7:18",
        "7:39",
        "8:23",
        "9:09",
        "9:28",
        "9:43",
        "10:08",
        "10:21",
        "10:43",
        "11:13",
        "11:58",
        "12:13",
        "12:28",
        "12:58",
        "13:28",
        "13:58",
        "14:43",
        "14:58",
        "15:13",
        "15:23",
        "15:43",
        "16:08",
        "16:17",
        "17:13",
        "17:26",
        "17:50",
        "18:54",
        "19:24",
        "20:23",
        "21:33"
    ],
    "saturday": [
        "5:53",
        "6:23",
        "6:38",
        "7:08",
        "7:23",
        "7:38",
        "8:08",
        "8:23",
        "8:38",
        "9:23",
        "9:38",
        "10:13",
        "11:03",
        "11:23",
        "11:38",
        "12:23",
        "12:38",
        "13:08",
        "13:23",
        "13:38",
        "14:08",
        "14:17",
        "14:38",
        "15:08",
        "15:18",
        "15:38",
        "16:08",
        "16:18",
        "16:38",
        "17:33",
        "18:13",
        "19:13"
    ],
    "holiday": [
        "5:53",
        "6:23",
        "6:38",
        "7:08",
        "7:23",
        "7:38",
        "8:08",
        "8:23",
        "8:38",
        "9:23",
        "9:38",
        "10:13",
        "11:03",
        "11:23",
        "11:38",
        "12:23",
        "12:38",
        "13:08",
        "13:23",
        "13:38",
        "14:08",
        "14:17",
        "14:38",
        "15:08",
        "15:18",
        "15:38",
        "16:08",
        "16:18",
        "16:38",
        "17:33",
        "18:13",
        "19:13"
    ],
    "url": "https://www.kanachu.co.jp/dia/diagram/timetable01_js/course:0000802523-17/node:00127600/kt:0/lname:/"
}
