{
    "date": "2025/11/16",
    "name": "崇善小学校前",
    "position": "-",
    "system": "平63",
    "destinations": [
        "明石町(平塚市)",
        "明石町一丁目",
        "四ツ角(平塚市)",
        "平塚駅北口"
    ],
    "weekday": [
        "5:43",
        "6:33",
        "6:56",
        "7:21",
        "7:42",
        "8:26",
        "9:12",
        "9:31",
        "9:46",
        "10:11",
        "10:24",
        "10:46",
        "11:16",
        "12:01",
        "12:16",
        "12:31",
        "13:01",
        "13:31",
        "14:01",
        "14:46",
        "15:01",
        "15:16",
        "15:26",
        "15:46",
        "16:11",
        "16:20",
        "17:16",
        "17:29",
        "17:53",
        "18:57",
        "19:27",
        "20:26",
        "21:36"
    ],
    "saturday": [
        "5:56",
        "6:26",
        "6:41",
        "7:11",
        "7:26",
        "7:41",
        "8:11",
        "8:26",
        "8:41",
        "9:26",
        "9:41",
        "10:16",
        "11:06",
        "11:26",
        "11:41",
        "12:26",
        "12:41",
        "13:11",
        "13:26",
        "13:41",
        "14:11",
        "14:20",
        "14:41",
        "15:11",
        "15:21",
        "15:41",
        "16:11",
        "16:21",
        "16:41",
        "17:36",
        "18:16",
        "19:16"
    ],
    "holiday": [
        "5:56",
        "6:26",
        "6:41",
        "7:11",
        "7:26",
        "7:41",
        "8:11",
        "8:26",
        "8:41",
        "9:26",
        "9:41",
        "10:16",
        "11:06",
        "11:26",
        "11:41",
        "12:26",
        "12:41",
        "13:11",
        "13:26",
        "13:41",
        "14:11",
        "14:20",
        "14:41",
        "15:11",
        "15:21",
        "15:41",
        "16:11",
        "16:21",
        "16:41",
        "17:36",
        "18:16",
        "19:16"
    ],
    "url": "https://www.kanachu.co.jp/dia/diagram/timetable01_js/course:0000802523-20/node:00127597/kt:0/lname:/"
}
