{
    "date": "2025/07/27",
    "name": "堂面(中郡二宮町)",
    "position": "-",
    "system": "二45",
    "destinations": [
        "中島(中郡二宮町)",
        "中里(中郡二宮町)",
        "二宮高校入口",
        "緑が丘・二宮高校前",
        "緑が丘西(中郡二宮町)",
        "中央公園前(中郡二宮町)",
        "緑が丘南(中郡二宮町)",
        "温水プール前(中郡二宮町)",
        "緑が丘三丁目(中郡二宮町)",
        "緑が丘二丁目(中郡二宮町)"
    ],
    "weekday": [
        "8:20",
        "8:44",
        "21:39"
    ],
    "saturday": [
        "8:52"
    ],
    "holiday": [
        "8:52"
    ],
    "url": "https://www.kanachu.co.jp/dia/diagram/timetable01_js/course:0000802616-3/node:00127790/kt:0/lname:/"
}
