{
    "date": "2025/01/14",
    "name": "藤塚(厚木市)",
    "position": "-",
    "system": "厚62",
    "destinations": [
        "団地入口(厚木市)",
        "東一丁目(厚木市)",
        "東二丁目(厚木市)",
        "東三丁目(厚木市)",
        "東四丁目(愛甲郡愛川町)",
        "上六倉",
        "諏訪東(愛甲郡愛川町)",
        "一号公園前(愛甲郡愛川町)",
        "西四丁目(愛甲郡愛川町)",
        "西三丁目(愛甲郡愛川町)",
        "西二丁目(愛甲郡愛川町)",
        "西一丁目(厚木市)",
        "南中央通り",
        "東一丁目(厚木市)",
        "団地入口(厚木市)",
        "藤塚(厚木市)",
        "山際",
        "中平(厚木市)",
        "依知小学校前",
        "関口(厚木市)",
        "蓮生寺(厚木市)",
        "追分(厚木市)",
        "下依知入口",
        "金田神社前",
        "金田(厚木市)",
        "金田下宿",
        "積水ソフランウイズ前",
        "鮎津橋",
        "元町(厚木市)",
        "小田急通り",
        "厚木バスセンター"
    ],
    "weekday": [
        "7:19",
        "7:42",
        "8:01",
        "8:11",
        "8:31",
        "16:46",
        "17:06",
        "17:36"
    ],
    "saturday": [],
    "holiday": [],
    "url": "https://www.kanachu.co.jp/dia/diagram/timetable01_js/course:0000800034-16/node:00128356/kt:0/lname:/"
}
