{
    "date": "2025/01/14",
    "name": "西三丁目(愛甲郡愛川町)",
    "position": "-",
    "system": "厚62",
    "destinations": [
        "西二丁目(愛甲郡愛川町)",
        "西一丁目(厚木市)",
        "南中央通り",
        "東一丁目(厚木市)",
        "団地入口(厚木市)",
        "藤塚(厚木市)",
        "山際",
        "中平(厚木市)",
        "依知小学校前",
        "関口(厚木市)",
        "蓮生寺(厚木市)",
        "追分(厚木市)",
        "下依知入口",
        "金田神社前",
        "金田(厚木市)",
        "金田下宿",
        "積水ソフランウイズ前",
        "鮎津橋",
        "元町(厚木市)",
        "小田急通り",
        "厚木バスセンター"
    ],
    "weekday": [
        "7:31",
        "7:56",
        "8:15",
        "8:25",
        "8:45",
        "16:57",
        "17:20",
        "17:50"
    ],
    "saturday": [],
    "holiday": [],
    "url": "https://www.kanachu.co.jp/dia/diagram/timetable01_js/course:0000800034-26/node:00128370/kt:0/lname:/"
}
