{
    "date": "2025/01/14",
    "name": "金田(厚木市)",
    "position": "-",
    "system": "厚62",
    "destinations": [
        "金田下宿",
        "積水ソフランウイズ前",
        "鮎津橋",
        "元町(厚木市)",
        "小田急通り",
        "厚木バスセンター"
    ],
    "weekday": [
        "7:56",
        "8:21",
        "8:40",
        "8:50",
        "9:09",
        "17:21",
        "17:44",
        "18:14"
    ],
    "saturday": [],
    "holiday": [],
    "url": "https://www.kanachu.co.jp/dia/diagram/timetable01_js/course:0000800034-41/node:00128347/kt:0/lname:/"
}
