{
    "date": "2025/10/20",
    "name": "大和駅西口",
    "position": "-",
    "system": "間16",
    "destinations": [
        "新橋通り(大和市)",
        "豊川稲荷前(大和市)",
        "市民活動拠点ベテルギウス前",
        "郵便局前(大和市)",
        "職業安定所前(大和市)",
        "市役所市立病院前",
        "市立病院(大和市)",
        "オークシティ前",
        "鶴間二丁目",
        "鶴間駅東口"
    ],
    "weekday": [
        "8:03"
    ],
    "saturday": [],
    "holiday": [],
    "url": "https://www.kanachu.co.jp/dia/diagram/timetable01_js/course:0000800436-12/node:00129616/kt:0/lname:/"
}
