{
    "date": "2025/10/20",
    "name": "職業安定所前(大和市)",
    "position": "-",
    "system": "間16",
    "destinations": [
        "市役所市立病院前",
        "市立病院(大和市)",
        "オークシティ前",
        "鶴間二丁目",
        "鶴間駅東口"
    ],
    "weekday": [
        "8:09"
    ],
    "saturday": [],
    "holiday": [],
    "url": "https://www.kanachu.co.jp/dia/diagram/timetable01_js/course:0000800436-17/node:00129742/kt:0/lname:/"
}
