{
    "system": "間16",
    "busstops": [
        {
            "index": "1",
            "id": "00129643",
            "name": "上和田団地",
            "lat": "35.438674",
            "lng": "139.474567"
        },
        {
            "index": "2",
            "id": "00129642",
            "name": "団地入口(大和市)",
            "lat": "35.43664",
            "lng": "139.471762"
        },
        {
            "index": "3",
            "id": "00129641",
            "name": "上和田(上和田団地側/大和市)",
            "lat": "35.437392",
            "lng": "139.467579"
        },
        {
            "index": "4",
            "id": "00129640",
            "name": "指導農場前",
            "lat": "35.444051",
            "lng": "139.467243"
        },
        {
            "index": "5",
            "id": "00129639",
            "name": "桜株(大和市)",
            "lat": "35.449716",
            "lng": "139.467538"
        },
        {
            "index": "6",
            "id": "00129638",
            "name": "学校入口(大和市)",
            "lat": "35.45339",
            "lng": "139.466757"
        },
        {
            "index": "7",
            "id": "00129637",
            "name": "住宅入口(大和市)",
            "lat": "35.456489",
            "lng": "139.466966"
        },
        {
            "index": "8",
            "id": "00129636",
            "name": "上野原(大和市)",
            "lat": "35.45941",
            "lng": "139.467229"
        },
        {
            "index": "9",
            "id": "00129635",
            "name": "山王塚(大和市)",
            "lat": "35.461297",
            "lng": "139.467401"
        },
        {
            "index": "10",
            "id": "00129634",
            "name": "大和南",
            "lat": "35.465149",
            "lng": "139.466623"
        },
        {
            "index": "11",
            "id": "00129743",
            "name": "天満宮(大和市)",
            "lat": "35.468057",
            "lng": "139.464176"
        },
        {
            "index": "12",
            "id": "00129616",
            "name": "大和駅西口",
            "lat": "35.470188",
            "lng": "139.460789"
        },
        {
            "index": "13",
            "id": "00129615",
            "name": "新橋通り(大和市)",
            "lat": "35.471418",
            "lng": "139.462226"
        },
        {
            "index": "14",
            "id": "00129614",
            "name": "豊川稲荷前(大和市)",
            "lat": "35.472471",
            "lng": "139.462357"
        },
        {
            "index": "15",
            "id": "00129613",
            "name": "市民活動拠点ベテルギウス前",
            "lat": "35.475004",
            "lng": "139.46195"
        },
        {
            "index": "16",
            "id": "00129612",
            "name": "郵便局前(大和市)",
            "lat": "35.479748",
            "lng": "139.460056"
        },
        {
            "index": "17",
            "id": "00129742",
            "name": "職業安定所前(大和市)",
            "lat": "35.481904",
            "lng": "139.459233"
        },
        {
            "index": "18",
            "id": "00129611",
            "name": "市役所市立病院前",
            "lat": "35.48632",
            "lng": "139.4574"
        },
        {
            "index": "19",
            "id": "00129741",
            "name": "市立病院(大和市)",
            "lat": "35.486818",
            "lng": "139.458636"
        },
        {
            "index": "20",
            "id": "00129610",
            "name": "オークシティ前",
            "lat": "35.489803",
            "lng": "139.455883"
        },
        {
            "index": "21",
            "id": "00129524",
            "name": "鶴間二丁目",
            "lat": "35.491613",
            "lng": "139.455034"
        },
        {
            "index": "22",
            "id": "00129523",
            "name": "鶴間駅東口",
            "lat": "35.490304",
            "lng": "139.452123"
        }
    ],
    "route_url": "https://www.kanachu.co.jp/dia/route/index/cid:0000800436/"
}
