{
    "date": "2025/11/16",
    "name": "伊勢原駅北口",
    "position": "-",
    "system": "伊74",
    "destinations": [
        "本町(伊勢原市)",
        "大神宮前",
        "警察署前(伊勢原市)",
        "田中(伊勢原市)",
        "伊勢原市役所北口",
        "東海大学病院",
        "望星薬局前",
        "粟窪入口",
        "前高森",
        "高森(伊勢原市)",
        "成瀬中学校入口",
        "高森団地入口",
        "道了尊入口",
        "愛甲石田駅"
    ],
    "weekday": [
        "5:50",
        "6:30",
        "6:50",
        "7:10",
        "7:30",
        "7:50",
        "8:30",
        "9:10",
        "9:55",
        "10:40",
        "11:20",
        "12:20",
        "13:20",
        "14:20",
        "15:15",
        "15:55",
        "16:40",
        "17:15",
        "17:50",
        "18:50",
        "19:50",
        "20:50"
    ],
    "saturday": [
        "6:30",
        "7:10",
        "7:50",
        "8:40",
        "9:40",
        "10:40",
        "11:40",
        "12:40",
        "13:40",
        "14:40",
        "15:40",
        "16:40",
        "17:40",
        "18:40",
        "19:40"
    ],
    "holiday": [
        "7:40",
        "8:40",
        "9:40",
        "10:40",
        "11:40",
        "12:40",
        "13:40",
        "14:40",
        "15:40",
        "16:40",
        "17:40",
        "18:40"
    ],
    "url": "https://www.kanachu.co.jp/dia/diagram/timetable01_js/course:0000800630-1/node:00128127/kt:0/lname:/"
}
