{
    "date": "2025/11/16",
    "name": "田中(伊勢原市)",
    "position": "-",
    "system": "伊74",
    "destinations": [
        "伊勢原市役所北口",
        "東海大学病院",
        "望星薬局前",
        "粟窪入口",
        "前高森",
        "高森(伊勢原市)",
        "成瀬中学校入口",
        "高森団地入口",
        "道了尊入口",
        "愛甲石田駅"
    ],
    "weekday": [
        "5:54",
        "6:34",
        "6:54",
        "7:14",
        "7:34",
        "7:54",
        "8:34",
        "9:14",
        "9:59",
        "10:44",
        "11:24",
        "12:24",
        "13:24",
        "14:24",
        "15:19",
        "15:59",
        "16:44",
        "17:19",
        "17:54",
        "18:54",
        "19:54",
        "20:54"
    ],
    "saturday": [
        "6:34",
        "7:14",
        "7:54",
        "8:44",
        "9:44",
        "10:44",
        "11:44",
        "12:44",
        "13:44",
        "14:44",
        "15:44",
        "16:44",
        "17:44",
        "18:44",
        "19:44"
    ],
    "holiday": [
        "7:44",
        "8:44",
        "9:44",
        "10:44",
        "11:44",
        "12:44",
        "13:44",
        "14:44",
        "15:44",
        "16:44",
        "17:44",
        "18:44"
    ],
    "url": "https://www.kanachu.co.jp/dia/diagram/timetable01_js/course:0000800630-5/node:00128195/kt:0/lname:/"
}
