{
    "date": "2025/11/16",
    "name": "東海大学病院",
    "position": "-",
    "system": "伊74",
    "destinations": [
        "望星薬局前",
        "粟窪入口",
        "前高森",
        "高森(伊勢原市)",
        "成瀬中学校入口",
        "高森団地入口",
        "道了尊入口",
        "愛甲石田駅"
    ],
    "weekday": [
        "5:57",
        "6:37",
        "6:57",
        "7:19",
        "7:39",
        "7:59",
        "8:39",
        "9:19",
        "10:04",
        "10:49",
        "11:29",
        "12:29",
        "13:29",
        "14:29",
        "15:24",
        "16:04",
        "16:49",
        "17:24",
        "17:59",
        "18:59",
        "19:59",
        "20:59"
    ],
    "saturday": [
        "6:37",
        "7:17",
        "7:59",
        "8:49",
        "9:49",
        "10:49",
        "11:49",
        "12:49",
        "13:49",
        "14:49",
        "15:49",
        "16:49",
        "17:49",
        "18:49",
        "19:49"
    ],
    "holiday": [
        "7:49",
        "8:49",
        "9:49",
        "10:49",
        "11:49",
        "12:49",
        "13:49",
        "14:49",
        "15:49",
        "16:49",
        "17:49",
        "18:49"
    ],
    "url": "https://www.kanachu.co.jp/dia/diagram/timetable01_js/course:0000800630-7/node:00128197/kt:0/lname:/"
}
