{
    "date": "2025/11/16",
    "name": "前高森",
    "position": "-",
    "system": "伊74",
    "destinations": [
        "高森(伊勢原市)",
        "成瀬中学校入口",
        "高森団地入口",
        "道了尊入口",
        "愛甲石田駅"
    ],
    "weekday": [
        "6:00",
        "6:40",
        "7:00",
        "7:22",
        "7:42",
        "8:02",
        "8:42",
        "9:22",
        "10:07",
        "10:52",
        "11:32",
        "12:32",
        "13:32",
        "14:32",
        "15:27",
        "16:07",
        "16:52",
        "17:27",
        "18:02",
        "19:02",
        "20:02",
        "21:02"
    ],
    "saturday": [
        "6:40",
        "7:20",
        "8:02",
        "8:52",
        "9:52",
        "10:52",
        "11:52",
        "12:52",
        "13:52",
        "14:52",
        "15:52",
        "16:52",
        "17:52",
        "18:52",
        "19:52"
    ],
    "holiday": [
        "7:52",
        "8:52",
        "9:52",
        "10:52",
        "11:52",
        "12:52",
        "13:52",
        "14:52",
        "15:52",
        "16:52",
        "17:52",
        "18:52"
    ],
    "url": "https://www.kanachu.co.jp/dia/diagram/timetable01_js/course:0000800630-10/node:00128199/kt:0/lname:/"
}
