{
    "date": "2025/11/16",
    "name": "成瀬中学校入口",
    "position": "-",
    "system": "伊74",
    "destinations": [
        "高森団地入口",
        "道了尊入口",
        "愛甲石田駅"
    ],
    "weekday": [
        "6:02",
        "6:42",
        "7:02",
        "7:24",
        "7:44",
        "8:04",
        "8:44",
        "9:24",
        "10:09",
        "10:54",
        "11:34",
        "12:34",
        "13:34",
        "14:34",
        "15:29",
        "16:09",
        "16:54",
        "17:29",
        "18:04",
        "19:04",
        "20:04",
        "21:04"
    ],
    "saturday": [
        "6:42",
        "7:22",
        "8:04",
        "8:54",
        "9:54",
        "10:54",
        "11:54",
        "12:54",
        "13:54",
        "14:54",
        "15:54",
        "16:54",
        "17:54",
        "18:54",
        "19:54"
    ],
    "holiday": [
        "7:54",
        "8:54",
        "9:54",
        "10:54",
        "11:54",
        "12:54",
        "13:54",
        "14:54",
        "15:54",
        "16:54",
        "17:54",
        "18:54"
    ],
    "url": "https://www.kanachu.co.jp/dia/diagram/timetable01_js/course:0000800630-12/node:00128200/kt:0/lname:/"
}
