{
    "date": "2025/11/16",
    "name": "道了尊入口",
    "position": "-",
    "system": "伊74",
    "destinations": [
        "愛甲石田駅"
    ],
    "weekday": [
        "6:05",
        "6:45",
        "7:05",
        "7:27",
        "7:47",
        "8:07",
        "8:47",
        "9:27",
        "10:12",
        "10:57",
        "11:37",
        "12:37",
        "13:37",
        "14:37",
        "15:32",
        "16:12",
        "16:57",
        "17:32",
        "18:07",
        "19:07",
        "20:07",
        "21:07"
    ],
    "saturday": [
        "6:45",
        "7:25",
        "8:07",
        "8:57",
        "9:57",
        "10:57",
        "11:57",
        "12:57",
        "13:57",
        "14:57",
        "15:57",
        "16:57",
        "17:57",
        "18:57",
        "19:57"
    ],
    "holiday": [
        "7:58",
        "8:58",
        "9:58",
        "10:58",
        "11:58",
        "12:58",
        "13:58",
        "14:58",
        "15:58",
        "16:58",
        "17:58",
        "18:58"
    ],
    "url": "https://www.kanachu.co.jp/dia/diagram/timetable01_js/course:0000800630-14/node:00128202/kt:0/lname:/"
}
