{
    "system": "伊74",
    "busstops": [
        {
            "index": "1",
            "id": "00128127",
            "name": "伊勢原駅北口",
            "lat": "35.395656",
            "lng": "139.312597"
        },
        {
            "index": "2",
            "id": "00128128",
            "name": "本町(伊勢原市)",
            "lat": "35.397702",
            "lng": "139.308101"
        },
        {
            "index": "3",
            "id": "00128129",
            "name": "大神宮前",
            "lat": "35.398789",
            "lng": "139.305436"
        },
        {
            "index": "4",
            "id": "00128194",
            "name": "警察署前(伊勢原市)",
            "lat": "35.402092",
            "lng": "139.308516"
        },
        {
            "index": "5",
            "id": "00128195",
            "name": "田中(伊勢原市)",
            "lat": "35.403258",
            "lng": "139.311299"
        },
        {
            "index": "6",
            "id": "00128196",
            "name": "伊勢原市役所北口",
            "lat": "35.404149",
            "lng": "139.313436"
        },
        {
            "index": "7",
            "id": "00128197",
            "name": "東海大学病院",
            "lat": "35.407243",
            "lng": "139.314587"
        },
        {
            "index": "8",
            "id": "00128251",
            "name": "望星薬局前",
            "lat": "35.40539",
            "lng": "139.314371"
        },
        {
            "index": "9",
            "id": "00128198",
            "name": "粟窪入口",
            "lat": "35.406691",
            "lng": "139.319402"
        },
        {
            "index": "10",
            "id": "00128199",
            "name": "前高森",
            "lat": "35.408069",
            "lng": "139.322553"
        },
        {
            "index": "11",
            "id": "00128253",
            "name": "高森(伊勢原市)",
            "lat": "35.409101",
            "lng": "139.324955"
        },
        {
            "index": "12",
            "id": "00128200",
            "name": "成瀬中学校入口",
            "lat": "35.411131",
            "lng": "139.329876"
        },
        {
            "index": "13",
            "id": "00128201",
            "name": "高森団地入口",
            "lat": "35.411988",
            "lng": "139.331909"
        },
        {
            "index": "14",
            "id": "00128202",
            "name": "道了尊入口",
            "lat": "35.415449",
            "lng": "139.339577"
        },
        {
            "index": "15",
            "id": "00128496",
            "name": "愛甲石田駅",
            "lat": "35.418388",
            "lng": "139.344343"
        }
    ],
    "route_url": "https://www.kanachu.co.jp/dia/route/index/cid:0000800630/"
}
