{
    "date": "2026/01/16",
    "name": "大川橋(秦野市)",
    "position": "-",
    "system": "秦44",
    "destinations": [
        "上宿通り",
        "片町通り",
        "河原町(秦野市)",
        "室川橋(下大槻団地線)",
        "才ヶ分",
        "才ヶ分踏切",
        "瓜生野入口",
        "秦野高校前",
        "広畑ふれあいプラザ前",
        "下大槻団地",
        "広畑ふれあいプラザ前",
        "宿矢名",
        "矢名",
        "学校入口(秦野市)",
        "東海大学北門",
        "東海大学前駅入口",
        "東海大学前駅南口",
        "鶴美ヶ丘",
        "落幡",
        "鶴巻温泉駅南口"
    ],
    "weekday": [
        "5:35",
        "6:34",
        "7:13",
        "10:53"
    ],
    "saturday": [
        "15:52"
    ],
    "holiday": [
        "15:52"
    ],
    "url": "https://www.kanachu.co.jp/dia/diagram/timetable01_js/course:0000804246-2/node:00127716/kt:0/lname:/"
}
