{
    "date": "2025/08/30",
    "name": "上大岡駅",
    "position": "-",
    "system": "上20",
    "destinations": [
        "関の下",
        "笹下港南中央通り",
        "港南区総合庁舎前",
        "港南橋",
        "室ノ木(横浜市港南区)",
        "月見ヶ丘団地前",
        "南高校前(横浜市港南区)",
        "上永谷住宅入口",
        "島越",
        "上永谷中学校前",
        "日限地蔵入口",
        "水田(横浜市港南区)",
        "中永谷",
        "般若寺橋",
        "下永谷(横浜市港南区)",
        "平戸(横浜市港南区)",
        "国道平戸",
        "品濃口",
        "坂下(横浜市戸塚区)",
        "品濃町(横浜市戸塚区)",
        "東戸塚駅東口"
    ],
    "weekday": [
        "6:35",
        "7:00",
        "7:27",
        "8:00",
        "8:28",
        "9:00",
        "9:28",
        "10:00",
        "11:00",
        "12:00",
        "12:30",
        "13:00",
        "13:30",
        "14:00",
        "14:30",
        "15:00",
        "15:30",
        "16:00",
        "16:30",
        "17:00",
        "17:30",
        "18:00",
        "18:36",
        "19:30",
        "20:40"
    ],
    "saturday": [
        "7:05",
        "8:00",
        "8:30",
        "9:00",
        "9:30",
        "10:00",
        "11:00",
        "12:00",
        "13:00",
        "14:00",
        "15:00",
        "15:30",
        "16:00",
        "16:30",
        "17:00",
        "17:30",
        "18:00",
        "18:30",
        "19:00",
        "20:15"
    ],
    "holiday": [
        "7:10",
        "8:00",
        "9:00",
        "10:00",
        "11:00",
        "12:00",
        "13:00",
        "14:00",
        "15:00",
        "16:00",
        "16:30",
        "17:00",
        "17:30",
        "18:00",
        "19:00",
        "20:00"
    ],
    "url": "https://www.kanachu.co.jp/dia/diagram/timetable01_js/course:0000803855-1/node:00102366/kt:0/lname:/"
}
