{
    "date": "2025/08/30",
    "name": "月見ヶ丘団地前",
    "position": "-",
    "system": "上20",
    "destinations": [
        "南高校前(横浜市港南区)",
        "上永谷住宅入口",
        "島越",
        "上永谷中学校前",
        "日限地蔵入口",
        "水田(横浜市港南区)",
        "中永谷",
        "般若寺橋",
        "下永谷(横浜市港南区)",
        "平戸(横浜市港南区)",
        "国道平戸",
        "品濃口",
        "坂下(横浜市戸塚区)",
        "品濃町(横浜市戸塚区)",
        "東戸塚駅東口"
    ],
    "weekday": [
        "6:42",
        "7:07",
        "7:34",
        "8:07",
        "8:35",
        "9:07",
        "9:35",
        "10:07",
        "11:07",
        "12:07",
        "12:37",
        "13:07",
        "13:37",
        "14:07",
        "14:37",
        "15:07",
        "15:37",
        "16:07",
        "16:38",
        "17:08",
        "17:38",
        "18:08",
        "18:44",
        "19:38",
        "20:47"
    ],
    "saturday": [
        "7:12",
        "8:07",
        "8:37",
        "9:07",
        "9:37",
        "10:07",
        "11:07",
        "12:07",
        "13:07",
        "14:07",
        "15:07",
        "15:37",
        "16:07",
        "16:38",
        "17:08",
        "17:38",
        "18:08",
        "18:38",
        "19:08",
        "20:22"
    ],
    "holiday": [
        "7:17",
        "8:07",
        "9:07",
        "10:07",
        "11:07",
        "12:07",
        "13:07",
        "14:07",
        "15:07",
        "16:07",
        "16:38",
        "17:08",
        "17:38",
        "18:08",
        "19:08",
        "20:07"
    ],
    "url": "https://www.kanachu.co.jp/dia/diagram/timetable01_js/course:0000803855-7/node:00126573/kt:0/lname:/"
}
