{
    "date": "2025/08/30",
    "name": "上永谷住宅入口",
    "position": "-",
    "system": "上202",
    "destinations": [
        "島越",
        "上永谷中学校前",
        "日限地蔵入口",
        "水田(横浜市港南区)",
        "中永谷",
        "般若寺橋",
        "下永谷(横浜市港南区)",
        "平戸(横浜市港南区)",
        "国道平戸",
        "品濃口",
        "坂下(横浜市戸塚区)",
        "品濃町(横浜市戸塚区)",
        "東戸塚駅東口"
    ],
    "weekday": [
        "6:44",
        "7:09",
        "7:37",
        "8:10",
        "8:38",
        "9:10",
        "9:38",
        "10:10",
        "11:10",
        "12:10",
        "12:40",
        "13:10",
        "13:40",
        "14:10",
        "14:40",
        "15:10",
        "15:40",
        "16:10",
        "16:41",
        "17:11",
        "17:41",
        "18:11",
        "18:47",
        "19:41",
        "20:49"
    ],
    "saturday": [
        "7:14",
        "8:10",
        "8:40",
        "9:10",
        "9:40",
        "10:10",
        "11:10",
        "12:10",
        "13:10",
        "14:10",
        "15:10",
        "15:40",
        "16:10",
        "16:41",
        "17:11",
        "17:41",
        "18:11",
        "18:41",
        "19:11",
        "20:24"
    ],
    "holiday": [
        "7:19",
        "8:10",
        "9:10",
        "10:10",
        "11:10",
        "12:10",
        "13:10",
        "14:10",
        "15:10",
        "16:10",
        "16:41",
        "17:11",
        "17:41",
        "18:11",
        "19:11",
        "20:09"
    ],
    "url": "https://www.kanachu.co.jp/dia/diagram/timetable01_js/course:0000803855-9/node:00126572/kt:0/lname:/"
}
