{
    "date": "2025/08/30",
    "name": "日限地蔵入口",
    "position": "-",
    "system": "上202",
    "destinations": [
        "水田(横浜市港南区)",
        "中永谷",
        "般若寺橋",
        "下永谷(横浜市港南区)",
        "平戸(横浜市港南区)",
        "国道平戸",
        "品濃口",
        "坂下(横浜市戸塚区)",
        "品濃町(横浜市戸塚区)",
        "東戸塚駅東口"
    ],
    "weekday": [
        "6:48",
        "7:13",
        "7:42",
        "8:15",
        "8:43",
        "9:15",
        "9:43",
        "10:15",
        "11:15",
        "12:14",
        "12:44",
        "13:14",
        "13:44",
        "14:14",
        "14:44",
        "15:14",
        "15:44",
        "16:14",
        "16:46",
        "17:16",
        "17:46",
        "18:16",
        "18:52",
        "19:46",
        "20:53"
    ],
    "saturday": [
        "7:18",
        "8:14",
        "8:44",
        "9:14",
        "9:44",
        "10:14",
        "11:14",
        "12:14",
        "13:14",
        "14:14",
        "15:14",
        "15:44",
        "16:14",
        "16:46",
        "17:16",
        "17:46",
        "18:16",
        "18:46",
        "19:16",
        "20:28"
    ],
    "holiday": [
        "7:23",
        "8:14",
        "9:14",
        "10:14",
        "11:14",
        "12:14",
        "13:14",
        "14:14",
        "15:14",
        "16:14",
        "16:46",
        "17:16",
        "17:46",
        "18:16",
        "19:16",
        "20:13"
    ],
    "url": "https://www.kanachu.co.jp/dia/diagram/timetable01_js/course:0000803855-12/node:00102960/kt:0/lname:/"
}
