{
    "date": "2025/08/30",
    "name": "平戸(横浜市港南区)",
    "position": "-",
    "system": "上202",
    "destinations": [
        "国道平戸",
        "品濃口",
        "坂下(横浜市戸塚区)",
        "品濃町(横浜市戸塚区)",
        "東戸塚駅東口"
    ],
    "weekday": [
        "6:56",
        "7:21",
        "7:50",
        "8:23",
        "8:51",
        "9:23",
        "9:51",
        "10:23",
        "11:23",
        "12:22",
        "12:52",
        "13:22",
        "13:52",
        "14:22",
        "14:52",
        "15:22",
        "15:52",
        "16:22",
        "16:54",
        "17:24",
        "17:54",
        "18:24",
        "19:00",
        "19:54",
        "21:00"
    ],
    "saturday": [
        "7:26",
        "8:22",
        "8:52",
        "9:22",
        "9:52",
        "10:22",
        "11:22",
        "12:22",
        "13:22",
        "14:22",
        "15:22",
        "15:52",
        "16:22",
        "16:54",
        "17:24",
        "17:54",
        "18:24",
        "18:54",
        "19:24",
        "20:35"
    ],
    "holiday": [
        "7:31",
        "8:22",
        "9:22",
        "10:22",
        "11:22",
        "12:22",
        "13:22",
        "14:22",
        "15:22",
        "16:22",
        "16:54",
        "17:24",
        "17:54",
        "18:24",
        "19:24",
        "20:20"
    ],
    "url": "https://www.kanachu.co.jp/dia/diagram/timetable01_js/course:0000803855-17/node:00102977/kt:0/lname:/"
}
