{
    "date": "2025/07/12",
    "name": "横浜薬大南門",
    "position": "-",
    "system": "藤54",
    "destinations": [
        "三叉路(横浜市戸塚区)",
        "横浜医療センター前",
        "原宿(横浜市戸塚区)",
        "聖母の園前",
        "影取",
        "諏訪神社前(横浜市戸塚区)",
        "鉄砲宿",
        "緑ヶ丘(藤沢市)",
        "遊行寺坂上",
        "藤沢橋",
        "藤沢駅北口"
    ],
    "weekday": [
        "6:01",
        "6:11",
        "6:29",
        "6:45",
        "7:19",
        "7:43",
        "8:07",
        "8:27",
        "9:02",
        "10:02",
        "11:01",
        "12:01",
        "13:01",
        "14:01",
        "15:01",
        "16:19",
        "17:26",
        "17:46",
        "18:26",
        "18:46",
        "19:25"
    ],
    "saturday": [
        "6:07",
        "6:37",
        "7:17",
        "8:17",
        "9:17",
        "10:17",
        "11:19",
        "12:19",
        "13:19",
        "14:19",
        "15:19",
        "16:20",
        "17:20",
        "18:20",
        "19:20"
    ],
    "holiday": [
        "6:07",
        "6:37",
        "7:17",
        "8:17",
        "9:17",
        "10:17",
        "11:19",
        "12:19",
        "13:19",
        "14:19",
        "15:19",
        "16:20",
        "17:20",
        "18:20",
        "19:20"
    ],
    "url": "https://www.kanachu.co.jp/dia/diagram/timetable01_js/course:0000803558-2/node:00126821/kt:0/lname:/"
}
