{
    "date": "2025/07/12",
    "name": "影取",
    "position": "-",
    "system": "藤54",
    "destinations": [
        "諏訪神社前(横浜市戸塚区)",
        "鉄砲宿",
        "緑ヶ丘(藤沢市)",
        "遊行寺坂上",
        "藤沢橋",
        "藤沢駅北口"
    ],
    "weekday": [
        "6:11",
        "6:21",
        "6:40",
        "6:56",
        "7:30",
        "7:54",
        "8:18",
        "8:38",
        "9:11",
        "10:11",
        "11:10",
        "12:10",
        "13:10",
        "14:10",
        "15:10",
        "16:29",
        "17:36",
        "17:56",
        "18:36",
        "18:56",
        "19:34"
    ],
    "saturday": [
        "6:15",
        "6:47",
        "7:27",
        "8:27",
        "9:27",
        "10:27",
        "11:29",
        "12:29",
        "13:29",
        "14:29",
        "15:30",
        "16:31",
        "17:31",
        "18:31",
        "19:31"
    ],
    "holiday": [
        "6:15",
        "6:47",
        "7:27",
        "8:27",
        "9:27",
        "10:27",
        "11:29",
        "12:29",
        "13:29",
        "14:29",
        "15:30",
        "16:31",
        "17:31",
        "18:31",
        "19:31"
    ],
    "url": "https://www.kanachu.co.jp/dia/diagram/timetable01_js/course:0000803558-7/node:00126980/kt:0/lname:/"
}
