{
    "date": "2026/01/16",
    "name": "慶応大学本館前",
    "position": "-",
    "system": "辻35",
    "destinations": [
        "慶応大学",
        "諸之木",
        "刈込(藤沢市)",
        "湘南ライフタウン",
        "滝の沢不動前",
        "滝の沢(藤沢市)",
        "駒寄",
        "二番構保健医療センター",
        "ライフタウン中央(藤沢市)",
        "小糸",
        "辻堂駅北口"
    ],
    "weekday": [
        "15:43",
        "15:58",
        "16:14",
        "16:31",
        "17:15",
        "17:35",
        "17:55",
        "18:05",
        "18:54",
        "19:24"
    ],
    "saturday": [],
    "holiday": [],
    "url": "https://www.kanachu.co.jp/dia/diagram/timetable01_js/course:0000804212-1/node:00129986/kt:0/lname:/"
}
