{
    "date": "2026/01/16",
    "name": "慶応大学",
    "position": "-",
    "system": "辻35",
    "destinations": [
        "諸之木",
        "刈込(藤沢市)",
        "湘南ライフタウン",
        "滝の沢不動前",
        "滝の沢(藤沢市)",
        "駒寄",
        "二番構保健医療センター",
        "ライフタウン中央(藤沢市)",
        "小糸",
        "辻堂駅北口"
    ],
    "weekday": [
        "15:44",
        "15:59",
        "16:15",
        "16:32",
        "17:16",
        "17:36",
        "17:56",
        "18:06",
        "18:55",
        "19:25"
    ],
    "saturday": [],
    "holiday": [],
    "url": "https://www.kanachu.co.jp/dia/diagram/timetable01_js/course:0000804212-2/node:00129985/kt:0/lname:/"
}
