{
    "date": "2026/01/16",
    "name": "湘南ライフタウン",
    "position": "-",
    "system": "辻35",
    "destinations": [
        "滝の沢不動前",
        "滝の沢(藤沢市)",
        "駒寄",
        "二番構保健医療センター",
        "ライフタウン中央(藤沢市)",
        "小糸",
        "辻堂駅北口"
    ],
    "weekday": [
        "15:51",
        "16:06",
        "16:23",
        "16:40",
        "17:23",
        "17:43",
        "18:03",
        "18:13",
        "19:02",
        "19:32"
    ],
    "saturday": [],
    "holiday": [],
    "url": "https://www.kanachu.co.jp/dia/diagram/timetable01_js/course:0000804212-5/node:00129948/kt:0/lname:/"
}
