{
    "date": "2026/01/16",
    "name": "二番構保健医療センター",
    "position": "-",
    "system": "辻35",
    "destinations": [
        "ライフタウン中央(藤沢市)",
        "小糸",
        "辻堂駅北口"
    ],
    "weekday": [
        "15:55",
        "16:10",
        "16:27",
        "16:44",
        "17:27",
        "17:47",
        "18:07",
        "18:17",
        "19:06",
        "19:36"
    ],
    "saturday": [],
    "holiday": [],
    "url": "https://www.kanachu.co.jp/dia/diagram/timetable01_js/course:0000804212-9/node:00129944/kt:0/lname:/"
}
