{
    "date": "2026/01/16",
    "name": "毛利台入口",
    "position": "-",
    "system": "厚47",
    "destinations": [
        "毛利台一丁目",
        "毛利台団地",
        "毛利台一丁目",
        "毛利台入口",
        "愛名",
        "八ツ橋",
        "白山(厚木市)",
        "旗谷入口",
        "小鮎公民館前",
        "台ノ上",
        "学校前(厚木市)",
        "局前(厚木市)",
        "打越(厚木市)",
        "矢崎(厚木市)",
        "古沢(厚木市)",
        "上古沢",
        "ネポン入口",
        "上分"
    ],
    "weekday": [
        "19:43",
        "20:28",
        "21:28"
    ],
    "saturday": [
        "8:03",
        "9:03",
        "10:04",
        "11:04",
        "12:04",
        "13:04",
        "14:04",
        "15:04",
        "16:05",
        "17:05",
        "18:05",
        "19:05",
        "20:03"
    ],
    "holiday": [
        "8:03",
        "9:03",
        "10:03",
        "11:04",
        "12:04",
        "13:04",
        "14:04",
        "15:04",
        "16:05",
        "17:05",
        "18:05",
        "19:05",
        "20:03"
    ],
    "url": "https://www.kanachu.co.jp/dia/diagram/timetable01_js/course:0000804024-15/node:00128521/kt:0/lname:/"
}
