{
    "date": "2026/01/16",
    "name": "八ツ橋",
    "position": "-",
    "system": "厚47",
    "destinations": [
        "白山(厚木市)",
        "旗谷入口",
        "小鮎公民館前",
        "台ノ上",
        "学校前(厚木市)",
        "局前(厚木市)",
        "打越(厚木市)",
        "矢崎(厚木市)",
        "古沢(厚木市)",
        "上古沢",
        "ネポン入口",
        "上分"
    ],
    "weekday": [
        "19:50",
        "20:35",
        "21:35"
    ],
    "saturday": [
        "8:10",
        "9:10",
        "10:11",
        "11:11",
        "12:11",
        "13:11",
        "14:11",
        "15:11",
        "16:12",
        "17:12",
        "18:12",
        "19:12",
        "20:10"
    ],
    "holiday": [
        "8:10",
        "9:10",
        "10:10",
        "11:11",
        "12:11",
        "13:11",
        "14:11",
        "15:11",
        "16:12",
        "17:12",
        "18:12",
        "19:12",
        "20:10"
    ],
    "url": "https://www.kanachu.co.jp/dia/diagram/timetable01_js/course:0000804024-21/node:00128511/kt:0/lname:/"
}
