{
    "date": "2026/01/16",
    "name": "旗谷入口",
    "position": "-",
    "system": "厚47",
    "destinations": [
        "小鮎公民館前",
        "台ノ上",
        "学校前(厚木市)",
        "局前(厚木市)",
        "打越(厚木市)",
        "矢崎(厚木市)",
        "古沢(厚木市)",
        "上古沢",
        "ネポン入口",
        "上分"
    ],
    "weekday": [
        "19:53",
        "20:38",
        "21:38"
    ],
    "saturday": [
        "8:13",
        "9:13",
        "10:14",
        "11:14",
        "12:14",
        "13:14",
        "14:14",
        "15:14",
        "16:15",
        "17:15",
        "18:15",
        "19:15",
        "20:13"
    ],
    "holiday": [
        "8:13",
        "9:13",
        "10:13",
        "11:14",
        "12:14",
        "13:14",
        "14:14",
        "15:14",
        "16:15",
        "17:15",
        "18:15",
        "19:15",
        "20:13"
    ],
    "url": "https://www.kanachu.co.jp/dia/diagram/timetable01_js/course:0000804024-23/node:00128486/kt:0/lname:/"
}
