{
    "date": "2026/01/16",
    "name": "学校前(厚木市)",
    "position": "-",
    "system": "厚47",
    "destinations": [
        "局前(厚木市)",
        "打越(厚木市)",
        "矢崎(厚木市)",
        "古沢(厚木市)",
        "上古沢",
        "ネポン入口",
        "上分"
    ],
    "weekday": [
        "19:55",
        "20:40",
        "21:40"
    ],
    "saturday": [
        "8:15",
        "9:15",
        "10:16",
        "11:16",
        "12:16",
        "13:16",
        "14:16",
        "15:16",
        "16:17",
        "17:17",
        "18:17",
        "19:17",
        "20:15"
    ],
    "holiday": [
        "8:15",
        "9:15",
        "10:15",
        "11:16",
        "12:16",
        "13:16",
        "14:16",
        "15:16",
        "16:17",
        "17:17",
        "18:17",
        "19:17",
        "20:15"
    ],
    "url": "https://www.kanachu.co.jp/dia/diagram/timetable01_js/course:0000804024-26/node:00128480/kt:0/lname:/"
}
