{
    "date": "2026/01/16",
    "name": "打越(厚木市)",
    "position": "-",
    "system": "厚47",
    "destinations": [
        "矢崎(厚木市)",
        "古沢(厚木市)",
        "上古沢",
        "ネポン入口",
        "上分"
    ],
    "weekday": [
        "19:57",
        "20:42",
        "21:42"
    ],
    "saturday": [
        "8:17",
        "9:17",
        "10:18",
        "11:18",
        "12:18",
        "13:18",
        "14:18",
        "15:18",
        "16:19",
        "17:19",
        "18:19",
        "19:19",
        "20:17"
    ],
    "holiday": [
        "8:17",
        "9:17",
        "10:17",
        "11:18",
        "12:18",
        "13:18",
        "14:18",
        "15:18",
        "16:19",
        "17:19",
        "18:19",
        "19:19",
        "20:17"
    ],
    "url": "https://www.kanachu.co.jp/dia/diagram/timetable01_js/course:0000804024-28/node:00128482/kt:0/lname:/"
}
