{
    "date": "2025/02/24",
    "name": "西横浜国際総合病院前",
    "position": "-",
    "system": "戸55",
    "destinations": [
        "新道大坂上",
        "大坂上(横浜市戸塚区)",
        "大坂台",
        "大坂下",
        "八坂神社前",
        "消防署前(横浜市戸塚区)",
        "戸塚駅西口",
        "戸塚バスセンター"
    ],
    "weekday": [
        "10:47",
        "11:19",
        "11:45",
        "12:19",
        "12:45",
        "13:19",
        "13:45",
        "14:19",
        "14:45",
        "15:19",
        "15:45",
        "16:19",
        "16:44"
    ],
    "saturday": [
        "9:16",
        "9:46",
        "10:16",
        "10:46",
        "11:14",
        "11:44",
        "12:14",
        "12:44",
        "13:14",
        "13:44",
        "14:14",
        "14:44",
        "15:14",
        "15:44",
        "16:14",
        "16:44",
        "17:14",
        "17:44"
    ],
    "holiday": [
        "9:12",
        "9:44",
        "10:14",
        "10:44",
        "11:14",
        "11:44",
        "12:14",
        "12:44",
        "13:14",
        "13:44",
        "14:14",
        "14:44",
        "15:14",
        "15:44",
        "16:14",
        "16:44",
        "17:14",
        "17:44"
    ],
    "url": "https://www.kanachu.co.jp/dia/diagram/timetable01_js/course:0000803586-9/node:00126815/kt:0/lname:/"
}
