{
    "date": "2025/11/16",
    "name": "みどりヶ丘(平塚市)",
    "position": "-",
    "system": "伊19",
    "destinations": [
        "王御住グランド前",
        "岡崎城址入口",
        "大句",
        "城所入口",
        "矢羽根",
        "馬渡(伊勢原市)",
        "下大竹",
        "伊勢原中学校前",
        "伊勢原駅南口"
    ],
    "weekday": [
        "5:42",
        "6:05",
        "6:25",
        "7:00",
        "7:10",
        "7:37",
        "8:02",
        "8:47",
        "16:32",
        "17:32"
    ],
    "saturday": [
        "6:12",
        "7:12",
        "9:12",
        "10:32",
        "11:32",
        "16:42"
    ],
    "holiday": [
        "6:42",
        "7:12",
        "8:12",
        "9:12",
        "10:32",
        "11:32",
        "16:42"
    ],
    "url": "https://www.kanachu.co.jp/dia/diagram/timetable01_js/course:0000800487-3/node:00128216/kt:0/lname:/"
}
