{
    "date": "2025/11/16",
    "name": "城所入口",
    "position": "-",
    "system": "伊19",
    "destinations": [
        "矢羽根",
        "馬渡(伊勢原市)",
        "下大竹",
        "伊勢原中学校前",
        "伊勢原駅南口"
    ],
    "weekday": [
        "5:47",
        "6:10",
        "6:30",
        "7:05",
        "7:15",
        "7:42",
        "8:07",
        "8:52",
        "16:37",
        "17:37"
    ],
    "saturday": [
        "6:17",
        "7:17",
        "9:17",
        "10:37",
        "11:37",
        "16:47"
    ],
    "holiday": [
        "6:47",
        "7:17",
        "8:17",
        "9:17",
        "10:37",
        "11:37",
        "16:47"
    ],
    "url": "https://www.kanachu.co.jp/dia/diagram/timetable01_js/course:0000800487-7/node:00128061/kt:0/lname:/"
}
