{
    "date": "2025/11/16",
    "name": "伊勢原中学校前",
    "position": "-",
    "system": "伊19",
    "destinations": [
        "伊勢原駅南口"
    ],
    "weekday": [
        "5:50",
        "6:13",
        "6:33",
        "7:10",
        "7:20",
        "7:47",
        "8:12",
        "8:57",
        "16:42",
        "17:42"
    ],
    "saturday": [
        "6:21",
        "7:21",
        "9:22",
        "10:42",
        "11:42",
        "16:52"
    ],
    "holiday": [
        "6:51",
        "7:21",
        "8:22",
        "9:22",
        "10:42",
        "11:42",
        "16:52"
    ],
    "url": "https://www.kanachu.co.jp/dia/diagram/timetable01_js/course:0000800487-11/node:00128058/kt:0/lname:/"
}
