{
    "date": "2025/11/16",
    "name": "鶴ヶ峰中学校前",
    "position": "-",
    "system": "115",
    "destinations": [
        "今宿小学校入口",
        "今宿(横浜市旭区)",
        "筑池",
        "農協前(横浜市旭区)",
        "都岡町",
        "下宿(横浜市旭区)",
        "川井宿",
        "福泉寺前(横浜市旭区)",
        "宮の下(横浜市旭区)",
        "長源寺前(横浜市旭区)",
        "上川井町",
        "大貫橋",
        "若葉台南",
        "若葉台近隣公園前",
        "若葉台中学校前",
        "霧が丘高校前",
        "若葉台車庫前",
        "若葉台中央(横浜市旭区)"
    ],
    "weekday": [
        "6:19",
        "6:42",
        "6:55",
        "7:15",
        "7:59",
        "8:08",
        "8:45",
        "9:59",
        "10:43",
        "11:53",
        "12:15",
        "12:53",
        "13:53",
        "14:15",
        "14:53",
        "15:53",
        "16:15",
        "16:53",
        "17:53",
        "18:15",
        "18:53",
        "19:55",
        "20:17",
        "20:50",
        "21:03",
        "21:58",
        "22:13",
        "22:58"
    ],
    "saturday": [
        "6:23",
        "7:43",
        "8:48",
        "9:30",
        "10:58",
        "11:38",
        "11:58",
        "12:58",
        "13:38",
        "13:58",
        "14:58",
        "15:38",
        "15:58",
        "16:58",
        "17:38",
        "18:00",
        "18:58",
        "19:38",
        "20:02",
        "20:38",
        "23:03"
    ],
    "holiday": [
        "6:27",
        "7:58",
        "8:23",
        "9:18",
        "9:58",
        "10:58",
        "11:38",
        "12:00",
        "12:58",
        "13:38",
        "13:58",
        "14:58",
        "15:38",
        "15:58",
        "16:57",
        "17:38",
        "17:58",
        "19:00",
        "19:38",
        "19:58",
        "23:03"
    ],
    "url": "https://www.kanachu.co.jp/dia/diagram/timetable01_js/course:0000803060-4/node:00129718/kt:0/lname:/"
}
