{
    "date": "2025/11/16",
    "name": "今宿(横浜市旭区)",
    "position": "-",
    "system": "",
    "destinations": [
        "筑池",
        "農協前(横浜市旭区)",
        "都岡町",
        "下宿(横浜市旭区)",
        "川井宿",
        "福泉寺前(横浜市旭区)",
        "宮の下(横浜市旭区)",
        "長源寺前(横浜市旭区)",
        "上川井町",
        "大貫橋",
        "若葉台南",
        "若葉台近隣公園前",
        "若葉台中学校前",
        "霧が丘高校前",
        "若葉台車庫前",
        "若葉台中央(横浜市旭区)"
    ],
    "weekday": [
        "6:22",
        "6:45",
        "6:58",
        "7:18",
        "8:02",
        "8:11",
        "8:48",
        "10:02",
        "10:46",
        "11:56",
        "12:18",
        "12:56",
        "13:56",
        "14:18",
        "14:56",
        "15:56",
        "16:18",
        "16:56",
        "17:56",
        "18:18",
        "18:56",
        "19:58",
        "20:20",
        "20:53",
        "21:06",
        "22:01",
        "22:16",
        "23:01"
    ],
    "saturday": [
        "6:26",
        "7:46",
        "8:51",
        "9:33",
        "11:01",
        "11:41",
        "12:01",
        "13:01",
        "13:41",
        "14:01",
        "15:01",
        "15:41",
        "16:01",
        "17:01",
        "17:41",
        "18:03",
        "19:01",
        "19:41",
        "20:05",
        "20:41",
        "23:06"
    ],
    "holiday": [
        "6:30",
        "8:01",
        "8:26",
        "9:21",
        "10:01",
        "11:01",
        "11:41",
        "12:03",
        "13:01",
        "13:41",
        "14:01",
        "15:01",
        "15:41",
        "16:01",
        "17:00",
        "17:41",
        "18:01",
        "19:03",
        "19:41",
        "20:01",
        "23:06"
    ],
    "url": "https://www.kanachu.co.jp/dia/diagram/timetable01_js/course:0000803060-6/node:00129716/kt:0/lname:/"
}
