{
    "date": "2025/11/16",
    "name": "農協前(横浜市旭区)",
    "position": "-",
    "system": "115",
    "destinations": [
        "都岡町",
        "下宿(横浜市旭区)",
        "川井宿",
        "福泉寺前(横浜市旭区)",
        "宮の下(横浜市旭区)",
        "長源寺前(横浜市旭区)",
        "上川井町",
        "大貫橋",
        "若葉台南",
        "若葉台近隣公園前",
        "若葉台中学校前",
        "霧が丘高校前",
        "若葉台車庫前",
        "若葉台中央(横浜市旭区)"
    ],
    "weekday": [
        "6:24",
        "6:47",
        "7:00",
        "7:20",
        "8:04",
        "8:13",
        "8:50",
        "10:04",
        "10:48",
        "11:58",
        "12:20",
        "12:58",
        "13:58",
        "14:20",
        "14:58",
        "15:58",
        "16:20",
        "16:58",
        "17:58",
        "18:20",
        "18:58",
        "20:00",
        "20:22",
        "20:55",
        "21:08",
        "22:03",
        "22:18",
        "23:03"
    ],
    "saturday": [
        "6:28",
        "7:48",
        "8:53",
        "9:35",
        "11:03",
        "11:43",
        "12:03",
        "13:03",
        "13:43",
        "14:03",
        "15:03",
        "15:43",
        "16:03",
        "17:03",
        "17:43",
        "18:05",
        "19:03",
        "19:43",
        "20:07",
        "20:43",
        "23:08"
    ],
    "holiday": [
        "6:32",
        "8:03",
        "8:28",
        "9:23",
        "10:03",
        "11:03",
        "11:43",
        "12:05",
        "13:03",
        "13:43",
        "14:03",
        "15:03",
        "15:43",
        "16:03",
        "17:02",
        "17:43",
        "18:03",
        "19:05",
        "19:43",
        "20:03",
        "23:08"
    ],
    "url": "https://www.kanachu.co.jp/dia/diagram/timetable01_js/course:0000803060-8/node:00129714/kt:0/lname:/"
}
