{
    "date": "2025/11/16",
    "name": "川井宿",
    "position": "-",
    "system": "",
    "destinations": [
        "福泉寺前(横浜市旭区)",
        "宮の下(横浜市旭区)",
        "長源寺前(横浜市旭区)",
        "上川井町",
        "大貫橋",
        "若葉台南",
        "若葉台近隣公園前",
        "若葉台中学校前",
        "霧が丘高校前",
        "若葉台車庫前",
        "若葉台中央(横浜市旭区)"
    ],
    "weekday": [
        "6:27",
        "6:50",
        "7:03",
        "7:23",
        "8:07",
        "8:16",
        "8:53",
        "10:07",
        "10:51",
        "12:01",
        "12:23",
        "13:01",
        "14:01",
        "14:23",
        "15:01",
        "16:01",
        "16:23",
        "17:01",
        "18:01",
        "18:23",
        "19:01",
        "20:03",
        "20:25",
        "20:58",
        "21:11",
        "22:06",
        "22:21",
        "23:06"
    ],
    "saturday": [
        "6:31",
        "7:51",
        "8:56",
        "9:38",
        "11:06",
        "11:46",
        "12:06",
        "13:06",
        "13:46",
        "14:06",
        "15:06",
        "15:46",
        "16:06",
        "17:06",
        "17:46",
        "18:08",
        "19:06",
        "19:46",
        "20:10",
        "20:46",
        "23:11"
    ],
    "holiday": [
        "6:35",
        "8:06",
        "8:31",
        "9:26",
        "10:06",
        "11:06",
        "11:46",
        "12:08",
        "13:06",
        "13:46",
        "14:06",
        "15:06",
        "15:46",
        "16:06",
        "17:05",
        "17:46",
        "18:06",
        "19:08",
        "19:46",
        "20:06",
        "23:11"
    ],
    "url": "https://www.kanachu.co.jp/dia/diagram/timetable01_js/course:0000803060-11/node:00129711/kt:0/lname:/"
}
