{
    "date": "2025/11/16",
    "name": "宮の下(横浜市旭区)",
    "position": "-",
    "system": "115",
    "destinations": [
        "長源寺前(横浜市旭区)",
        "上川井町",
        "大貫橋",
        "若葉台南",
        "若葉台近隣公園前",
        "若葉台中学校前",
        "霧が丘高校前",
        "若葉台車庫前",
        "若葉台中央(横浜市旭区)"
    ],
    "weekday": [
        "6:30",
        "6:53",
        "7:06",
        "7:26",
        "8:10",
        "8:19",
        "8:56",
        "10:10",
        "10:54",
        "12:04",
        "12:26",
        "13:04",
        "14:04",
        "14:26",
        "15:04",
        "16:04",
        "16:26",
        "17:04",
        "18:04",
        "18:26",
        "19:04",
        "20:06",
        "20:28",
        "21:01",
        "21:14",
        "22:09",
        "22:24",
        "23:09"
    ],
    "saturday": [
        "6:34",
        "7:54",
        "8:59",
        "9:41",
        "11:09",
        "11:49",
        "12:09",
        "13:09",
        "13:49",
        "14:09",
        "15:09",
        "15:49",
        "16:09",
        "17:09",
        "17:49",
        "18:11",
        "19:09",
        "19:49",
        "20:13",
        "20:49",
        "23:14"
    ],
    "holiday": [
        "6:38",
        "8:09",
        "8:34",
        "9:29",
        "10:09",
        "11:09",
        "11:49",
        "12:11",
        "13:09",
        "13:49",
        "14:09",
        "15:09",
        "15:49",
        "16:09",
        "17:08",
        "17:49",
        "18:09",
        "19:11",
        "19:49",
        "20:09",
        "23:14"
    ],
    "url": "https://www.kanachu.co.jp/dia/diagram/timetable01_js/course:0000803060-13/node:00129709/kt:0/lname:/"
}
