{
    "date": "2025/11/16",
    "name": "若葉台南",
    "position": "-",
    "system": "115",
    "destinations": [
        "若葉台近隣公園前",
        "若葉台中学校前",
        "霧が丘高校前",
        "若葉台車庫前",
        "若葉台中央(横浜市旭区)"
    ],
    "weekday": [
        "6:34",
        "6:57",
        "7:10",
        "7:30",
        "8:14",
        "8:23",
        "9:00",
        "10:14",
        "10:58",
        "12:08",
        "12:30",
        "13:08",
        "14:08",
        "14:30",
        "15:08",
        "16:08",
        "16:30",
        "17:08",
        "18:08",
        "18:30",
        "19:08",
        "20:10",
        "20:32",
        "21:05",
        "21:18",
        "22:13",
        "22:28",
        "23:13"
    ],
    "saturday": [
        "6:38",
        "7:58",
        "9:03",
        "9:45",
        "11:13",
        "11:53",
        "12:13",
        "13:13",
        "13:53",
        "14:13",
        "15:13",
        "15:53",
        "16:13",
        "17:13",
        "17:53",
        "18:15",
        "19:13",
        "19:53",
        "20:17",
        "20:53",
        "23:18"
    ],
    "holiday": [
        "6:42",
        "8:13",
        "8:38",
        "9:33",
        "10:13",
        "11:13",
        "11:53",
        "12:15",
        "13:13",
        "13:53",
        "14:13",
        "15:13",
        "15:53",
        "16:13",
        "17:12",
        "17:53",
        "18:13",
        "19:15",
        "19:53",
        "20:13",
        "23:18"
    ],
    "url": "https://www.kanachu.co.jp/dia/diagram/timetable01_js/course:0000803060-17/node:00103262/kt:0/lname:/"
}
