{
    "date": "2025/11/16",
    "name": "若葉台中学校前",
    "position": "-",
    "system": "",
    "destinations": [
        "霧が丘高校前",
        "若葉台車庫前",
        "若葉台中央(横浜市旭区)"
    ],
    "weekday": [
        "6:36",
        "6:59",
        "7:12",
        "7:32",
        "8:16",
        "8:25",
        "9:02",
        "10:16",
        "11:00",
        "12:10",
        "12:32",
        "13:10",
        "14:10",
        "14:32",
        "15:10",
        "16:10",
        "16:32",
        "17:10",
        "18:10",
        "18:32",
        "19:10",
        "20:12",
        "20:34",
        "21:07",
        "21:20",
        "22:15",
        "22:30",
        "23:15"
    ],
    "saturday": [
        "6:40",
        "8:00",
        "9:05",
        "9:47",
        "11:15",
        "11:55",
        "12:15",
        "13:15",
        "13:55",
        "14:15",
        "15:15",
        "15:55",
        "16:15",
        "17:15",
        "17:55",
        "18:17",
        "19:15",
        "19:55",
        "20:19",
        "20:55",
        "23:20"
    ],
    "holiday": [
        "6:44",
        "8:15",
        "8:40",
        "9:35",
        "10:15",
        "11:15",
        "11:55",
        "12:17",
        "13:15",
        "13:55",
        "14:15",
        "15:15",
        "15:55",
        "16:15",
        "17:14",
        "17:55",
        "18:15",
        "19:17",
        "19:55",
        "20:15",
        "23:20"
    ],
    "url": "https://www.kanachu.co.jp/dia/diagram/timetable01_js/course:0000803060-19/node:00103267/kt:0/lname:/"
}
