{
    "date": "2025/11/16",
    "name": "霧が丘高校前",
    "position": "-",
    "system": "",
    "destinations": [
        "若葉台車庫前",
        "若葉台中央(横浜市旭区)"
    ],
    "weekday": [
        "6:37",
        "7:00",
        "7:13",
        "7:33",
        "8:17",
        "8:26",
        "9:03",
        "10:17",
        "11:01",
        "12:11",
        "12:33",
        "13:11",
        "14:11",
        "14:33",
        "15:11",
        "16:11",
        "16:33",
        "17:11",
        "18:11",
        "18:33",
        "19:11",
        "20:13",
        "20:35",
        "21:08",
        "21:21",
        "22:16",
        "22:31",
        "23:16"
    ],
    "saturday": [
        "6:41",
        "8:01",
        "9:06",
        "9:48",
        "11:16",
        "11:56",
        "12:16",
        "13:16",
        "13:56",
        "14:16",
        "15:16",
        "15:56",
        "16:16",
        "17:16",
        "17:56",
        "18:18",
        "19:16",
        "19:56",
        "20:20",
        "20:56",
        "23:21"
    ],
    "holiday": [
        "6:45",
        "8:16",
        "8:41",
        "9:36",
        "10:16",
        "11:16",
        "11:56",
        "12:18",
        "13:16",
        "13:56",
        "14:16",
        "15:16",
        "15:56",
        "16:16",
        "17:15",
        "17:56",
        "18:16",
        "19:18",
        "19:56",
        "20:16",
        "23:21"
    ],
    "url": "https://www.kanachu.co.jp/dia/diagram/timetable01_js/course:0000803060-20/node:00019298/kt:0/lname:/"
}
