{
    "date": "2024/03/16",
    "name": "森野三丁目",
    "position": "-",
    "system": "町29",
    "destinations": [
        "市民病院前(町田市)",
        "浄水場前(町田市)",
        "滝の沢(町田市)",
        "木曽住宅",
        "三家(町田市)",
        "木曽(町田市)",
        "忠生公園入口",
        "上宿(町田市)",
        "下根岸(町田市)",
        "根岸(根岸町/町田市)",
        "忠生都営住宅前",
        "桜美林学園前",
        "矢部八幡前",
        "山王下(相模原市中央区)",
        "山王(相模原市中央区)",
        "小学校入口(相模原市中央区)",
        "淵野辺郵便局前",
        "幸町(相模原市中央区)",
        "淵野辺駅北口"
    ],
    "weekday": [
        "6:38",
        "7:09",
        "7:50",
        "8:24",
        "9:04",
        "9:49",
        "11:02",
        "12:25",
        "13:25",
        "14:45",
        "15:29",
        "16:49",
        "17:30",
        "18:29",
        "19:47",
        "20:25"
    ],
    "saturday": [
        "7:03",
        "8:18",
        "9:29",
        "10:45",
        "11:45",
        "13:02",
        "14:25",
        "15:49",
        "16:49",
        "17:49",
        "18:39",
        "19:14"
    ],
    "holiday": [
        "7:28",
        "8:28",
        "9:45",
        "10:25",
        "11:45",
        "12:45",
        "13:25",
        "14:45",
        "16:09",
        "17:24",
        "18:49"
    ],
    "url": "https://www.kanachu.co.jp/dia/diagram/timetable01_js/course:0000802014-4/node:00129358/kt:0/lname:/"
}
