{
    "date": "2024/03/16",
    "name": "市民病院前(町田市)",
    "position": "-",
    "system": "町29",
    "destinations": [
        "浄水場前(町田市)",
        "滝の沢(町田市)",
        "木曽住宅",
        "三家(町田市)",
        "木曽(町田市)",
        "忠生公園入口",
        "上宿(町田市)",
        "下根岸(町田市)",
        "根岸(根岸町/町田市)",
        "忠生都営住宅前",
        "桜美林学園前",
        "矢部八幡前",
        "山王下(相模原市中央区)",
        "山王(相模原市中央区)",
        "小学校入口(相模原市中央区)",
        "淵野辺郵便局前",
        "幸町(相模原市中央区)",
        "淵野辺駅北口"
    ],
    "weekday": [
        "6:39",
        "7:10",
        "7:51",
        "8:25",
        "9:05",
        "9:50",
        "11:03",
        "12:26",
        "13:26",
        "14:46",
        "15:30",
        "16:50",
        "17:32",
        "18:31",
        "19:48",
        "20:26"
    ],
    "saturday": [
        "7:04",
        "8:19",
        "9:30",
        "10:46",
        "11:46",
        "13:03",
        "14:26",
        "15:50",
        "16:50",
        "17:50",
        "18:40",
        "19:15"
    ],
    "holiday": [
        "7:29",
        "8:29",
        "9:46",
        "10:26",
        "11:46",
        "12:46",
        "13:26",
        "14:46",
        "16:10",
        "17:25",
        "18:50"
    ],
    "url": "https://www.kanachu.co.jp/dia/diagram/timetable01_js/course:0000802014-5/node:00129359/kt:0/lname:/"
}
