{
    "date": "2024/03/16",
    "name": "木曽(町田市)",
    "position": "-",
    "system": "町29",
    "destinations": [
        "忠生公園入口",
        "上宿(町田市)",
        "下根岸(町田市)",
        "根岸(根岸町/町田市)",
        "忠生都営住宅前",
        "桜美林学園前",
        "矢部八幡前",
        "山王下(相模原市中央区)",
        "山王(相模原市中央区)",
        "小学校入口(相模原市中央区)",
        "淵野辺郵便局前",
        "幸町(相模原市中央区)",
        "淵野辺駅北口"
    ],
    "weekday": [
        "6:44",
        "7:15",
        "7:56",
        "8:30",
        "9:12",
        "9:57",
        "11:10",
        "12:33",
        "13:33",
        "14:53",
        "15:37",
        "16:57",
        "17:40",
        "18:39",
        "19:53",
        "20:31"
    ],
    "saturday": [
        "7:09",
        "8:24",
        "9:35",
        "10:51",
        "11:51",
        "13:08",
        "14:33",
        "15:57",
        "16:57",
        "17:57",
        "18:47",
        "19:20"
    ],
    "holiday": [
        "7:34",
        "8:34",
        "9:51",
        "10:31",
        "11:51",
        "12:51",
        "13:31",
        "14:53",
        "16:17",
        "17:32",
        "18:57"
    ],
    "url": "https://www.kanachu.co.jp/dia/diagram/timetable01_js/course:0000802014-10/node:00129364/kt:0/lname:/"
}
