{
    "date": "2024/03/16",
    "name": "下根岸(町田市)",
    "position": "-",
    "system": "町29",
    "destinations": [
        "根岸(根岸町/町田市)",
        "忠生都営住宅前",
        "桜美林学園前",
        "矢部八幡前",
        "山王下(相模原市中央区)",
        "山王(相模原市中央区)",
        "小学校入口(相模原市中央区)",
        "淵野辺郵便局前",
        "幸町(相模原市中央区)",
        "淵野辺駅北口"
    ],
    "weekday": [
        "6:47",
        "7:18",
        "7:59",
        "8:33",
        "9:15",
        "10:00",
        "11:13",
        "12:36",
        "13:36",
        "14:56",
        "15:40",
        "17:00",
        "17:43",
        "18:42",
        "19:56",
        "20:34"
    ],
    "saturday": [
        "7:12",
        "8:27",
        "9:38",
        "10:54",
        "11:54",
        "13:11",
        "14:36",
        "16:00",
        "17:00",
        "18:00",
        "18:50",
        "19:23"
    ],
    "holiday": [
        "7:37",
        "8:37",
        "9:54",
        "10:34",
        "11:54",
        "12:54",
        "13:34",
        "14:56",
        "16:20",
        "17:35",
        "19:00"
    ],
    "url": "https://www.kanachu.co.jp/dia/diagram/timetable01_js/course:0000802014-13/node:00129366/kt:0/lname:/"
}
