{
    "date": "2024/03/16",
    "name": "忠生都営住宅前",
    "position": "-",
    "system": "町29",
    "destinations": [
        "桜美林学園前",
        "矢部八幡前",
        "山王下(相模原市中央区)",
        "山王(相模原市中央区)",
        "小学校入口(相模原市中央区)",
        "淵野辺郵便局前",
        "幸町(相模原市中央区)",
        "淵野辺駅北口"
    ],
    "weekday": [
        "6:50",
        "7:21",
        "8:02",
        "8:36",
        "9:18",
        "10:03",
        "11:16",
        "12:39",
        "13:39",
        "14:59",
        "15:43",
        "17:03",
        "17:46",
        "18:45",
        "19:59",
        "20:37"
    ],
    "saturday": [
        "7:15",
        "8:30",
        "9:41",
        "10:57",
        "11:57",
        "13:14",
        "14:39",
        "16:03",
        "17:03",
        "18:03",
        "18:53",
        "19:25"
    ],
    "holiday": [
        "7:40",
        "8:40",
        "9:57",
        "10:37",
        "11:57",
        "12:57",
        "13:37",
        "14:59",
        "16:23",
        "17:38",
        "19:03"
    ],
    "url": "https://www.kanachu.co.jp/dia/diagram/timetable01_js/course:0000802014-15/node:00129515/kt:0/lname:/"
}
