{
    "date": "2024/03/16",
    "name": "矢部八幡前",
    "position": "-",
    "system": "町29",
    "destinations": [
        "山王下(相模原市中央区)",
        "山王(相模原市中央区)",
        "小学校入口(相模原市中央区)",
        "淵野辺郵便局前",
        "幸町(相模原市中央区)",
        "淵野辺駅北口"
    ],
    "weekday": [
        "6:52",
        "7:23",
        "8:04",
        "8:38",
        "9:20",
        "10:05",
        "11:18",
        "12:41",
        "13:41",
        "15:01",
        "15:45",
        "17:05",
        "17:48",
        "18:47",
        "20:01",
        "20:39"
    ],
    "saturday": [
        "7:17",
        "8:32",
        "9:43",
        "10:59",
        "11:59",
        "13:16",
        "14:41",
        "16:05",
        "17:05",
        "18:05",
        "18:55",
        "19:27"
    ],
    "holiday": [
        "7:42",
        "8:42",
        "9:59",
        "10:39",
        "11:59",
        "12:59",
        "13:39",
        "15:01",
        "16:25",
        "17:40",
        "19:05"
    ],
    "url": "https://www.kanachu.co.jp/dia/diagram/timetable01_js/course:0000802014-17/node:00130113/kt:0/lname:/"
}
