{
    "system": "町29",
    "busstops": [
        {
            "index": "1",
            "id": "00025625",
            "name": "町田バスセンター",
            "lat": "35.543591",
            "lng": "139.444082"
        },
        {
            "index": "2",
            "id": "00130368",
            "name": "町田市役所東",
            "lat": "35.547045",
            "lng": "139.441611"
        },
        {
            "index": "3",
            "id": "00129418",
            "name": "保健所入口",
            "lat": "35.549551",
            "lng": "139.44207"
        },
        {
            "index": "4",
            "id": "00129358",
            "name": "森野三丁目",
            "lat": "35.552678",
            "lng": "139.439366"
        },
        {
            "index": "5",
            "id": "00129359",
            "name": "市民病院前(町田市)",
            "lat": "35.555545",
            "lng": "139.435749"
        },
        {
            "index": "6",
            "id": "00129360",
            "name": "浄水場前(町田市)",
            "lat": "35.557661",
            "lng": "139.433249"
        },
        {
            "index": "7",
            "id": "00129361",
            "name": "滝の沢(町田市)",
            "lat": "35.559716",
            "lng": "139.429759"
        },
        {
            "index": "8",
            "id": "00129362",
            "name": "木曽住宅",
            "lat": "35.563788",
            "lng": "139.426096"
        },
        {
            "index": "9",
            "id": "00129363",
            "name": "三家(町田市)",
            "lat": "35.564575",
            "lng": "139.425469"
        },
        {
            "index": "10",
            "id": "00129364",
            "name": "木曽(町田市)",
            "lat": "35.568528",
            "lng": "139.4225"
        },
        {
            "index": "11",
            "id": "00129494",
            "name": "忠生公園入口",
            "lat": "35.571423",
            "lng": "139.420864"
        },
        {
            "index": "12",
            "id": "00129365",
            "name": "上宿(町田市)",
            "lat": "35.574575",
            "lng": "139.418673"
        },
        {
            "index": "13",
            "id": "00129366",
            "name": "下根岸(町田市)",
            "lat": "35.576358",
            "lng": "139.414946"
        },
        {
            "index": "14",
            "id": "00129367",
            "name": "根岸(根岸町/町田市)",
            "lat": "35.577754",
            "lng": "139.412485"
        },
        {
            "index": "15",
            "id": "00129515",
            "name": "忠生都営住宅前",
            "lat": "35.578608",
            "lng": "139.40965"
        },
        {
            "index": "16",
            "id": "00130114",
            "name": "桜美林学園前",
            "lat": "35.578833",
            "lng": "139.40698"
        },
        {
            "index": "17",
            "id": "00130113",
            "name": "矢部八幡前",
            "lat": "35.577093",
            "lng": "139.4041"
        },
        {
            "index": "18",
            "id": "00130112",
            "name": "山王下(相模原市中央区)",
            "lat": "35.575639",
            "lng": "139.40194"
        },
        {
            "index": "19",
            "id": "00130111",
            "name": "山王(相模原市中央区)",
            "lat": "35.573684",
            "lng": "139.39994"
        },
        {
            "index": "20",
            "id": "00129159",
            "name": "小学校入口(相模原市中央区)",
            "lat": "35.572773",
            "lng": "139.398719"
        },
        {
            "index": "21",
            "id": "00129309",
            "name": "淵野辺郵便局前",
            "lat": "35.571632",
            "lng": "139.39757"
        },
        {
            "index": "22",
            "id": "00129148",
            "name": "幸町(相模原市中央区)",
            "lat": "35.570473",
            "lng": "139.396519"
        },
        {
            "index": "23",
            "id": "00129246",
            "name": "淵野辺駅北口",
            "lat": "35.569097",
            "lng": "139.394529"
        }
    ],
    "route_url": "https://www.kanachu.co.jp/dia/route/index/cid:0000802014/"
}
