{
    "date": "2025/04/19",
    "name": "田名バスターミナル",
    "position": "-",
    "system": "当02",
    "destinations": [
        "田名小学校前",
        "半在家",
        "陽原",
        "南光寺前",
        "望地キャンプ場入口",
        "弁天入口(相模原市中央区)",
        "望地(相模原市中央区)",
        "田名ホーム前",
        "田名塩田団地前",
        "田名向原遺跡",
        "向得寺",
        "塩田(相模原市中央区)",
        "塩田さくら橋",
        "テクノパイル田名工業団地",
        "塩田原",
        "天満宮入口(相模原市)",
        "夢の丘小学校入口",
        "原当麻駅",
        "原当麻駅東",
        "下原(相模原市南区)",
        "山の神坂下",
        "県立相模原公園前",
        "友愛病院前",
        "北里大学病院・北里大学"
    ],
    "weekday": [
        "6:40",
        "7:20",
        "8:20",
        "9:10",
        "10:45",
        "12:15",
        "13:45",
        "15:15",
        "16:45",
        "17:40",
        "18:25"
    ],
    "saturday": [
        "6:55",
        "8:20",
        "9:50",
        "11:20",
        "12:50",
        "14:20",
        "15:50",
        "17:20"
    ],
    "holiday": [
        "6:55",
        "8:20",
        "9:50",
        "11:20",
        "12:50",
        "14:20",
        "15:50",
        "17:20"
    ],
    "url": "https://www.kanachu.co.jp/dia/diagram/timetable01_js/course:0000802419-1/node:00129077/kt:0/lname:/"
}
