{
    "date": "2025/04/19",
    "name": "半在家",
    "position": "-",
    "system": "当02",
    "destinations": [
        "陽原",
        "南光寺前",
        "望地キャンプ場入口",
        "弁天入口(相模原市中央区)",
        "望地(相模原市中央区)",
        "田名ホーム前",
        "田名塩田団地前",
        "田名向原遺跡",
        "向得寺",
        "塩田(相模原市中央区)",
        "塩田さくら橋",
        "テクノパイル田名工業団地",
        "塩田原",
        "天満宮入口(相模原市)",
        "夢の丘小学校入口",
        "原当麻駅",
        "原当麻駅東",
        "下原(相模原市南区)",
        "山の神坂下",
        "県立相模原公園前",
        "友愛病院前",
        "北里大学病院・北里大学"
    ],
    "weekday": [
        "6:42",
        "7:22",
        "8:22",
        "9:12",
        "10:47",
        "12:17",
        "13:47",
        "15:17",
        "16:47",
        "17:42",
        "18:27"
    ],
    "saturday": [
        "6:57",
        "8:22",
        "9:52",
        "11:22",
        "12:52",
        "14:22",
        "15:52",
        "17:22"
    ],
    "holiday": [
        "6:57",
        "8:22",
        "9:52",
        "11:22",
        "12:52",
        "14:22",
        "15:52",
        "17:22"
    ],
    "url": "https://www.kanachu.co.jp/dia/diagram/timetable01_js/course:0000802419-3/node:00129226/kt:0/lname:/"
}
