{
    "date": "2025/04/19",
    "name": "陽原",
    "position": "-",
    "system": "当02",
    "destinations": [
        "南光寺前",
        "望地キャンプ場入口",
        "弁天入口(相模原市中央区)",
        "望地(相模原市中央区)",
        "田名ホーム前",
        "田名塩田団地前",
        "田名向原遺跡",
        "向得寺",
        "塩田(相模原市中央区)",
        "塩田さくら橋",
        "テクノパイル田名工業団地",
        "塩田原",
        "天満宮入口(相模原市)",
        "夢の丘小学校入口",
        "原当麻駅",
        "原当麻駅東",
        "下原(相模原市南区)",
        "山の神坂下",
        "県立相模原公園前",
        "友愛病院前",
        "北里大学病院・北里大学"
    ],
    "weekday": [
        "6:43",
        "7:23",
        "8:23",
        "9:13",
        "10:48",
        "12:18",
        "13:48",
        "15:18",
        "16:48",
        "17:43",
        "18:28"
    ],
    "saturday": [
        "6:58",
        "8:23",
        "9:53",
        "11:23",
        "12:53",
        "14:23",
        "15:53",
        "17:23"
    ],
    "holiday": [
        "6:58",
        "8:23",
        "9:53",
        "11:23",
        "12:53",
        "14:23",
        "15:53",
        "17:23"
    ],
    "url": "https://www.kanachu.co.jp/dia/diagram/timetable01_js/course:0000802419-4/node:00129263/kt:0/lname:/"
}
