{
    "date": "2025/04/19",
    "name": "田名向原遺跡",
    "position": "-",
    "system": "当02",
    "destinations": [
        "向得寺",
        "塩田(相模原市中央区)",
        "塩田さくら橋",
        "テクノパイル田名工業団地",
        "塩田原",
        "天満宮入口(相模原市)",
        "夢の丘小学校入口",
        "原当麻駅",
        "原当麻駅東",
        "下原(相模原市南区)",
        "山の神坂下",
        "県立相模原公園前",
        "友愛病院前",
        "北里大学病院・北里大学"
    ],
    "weekday": [
        "6:47",
        "7:27",
        "8:27",
        "9:17",
        "10:52",
        "12:22",
        "13:52",
        "15:22",
        "16:52",
        "17:47",
        "18:32"
    ],
    "saturday": [
        "7:02",
        "8:27",
        "9:57",
        "11:27",
        "12:57",
        "14:27",
        "15:57",
        "17:27"
    ],
    "holiday": [
        "7:02",
        "8:27",
        "9:57",
        "11:27",
        "12:57",
        "14:27",
        "15:57",
        "17:27"
    ],
    "url": "https://www.kanachu.co.jp/dia/diagram/timetable01_js/course:0000802419-11/node:00129155/kt:0/lname:/"
}
