{
    "date": "2025/04/19",
    "name": "塩田(相模原市中央区)",
    "position": "-",
    "system": "当02",
    "destinations": [
        "塩田さくら橋",
        "テクノパイル田名工業団地",
        "塩田原",
        "天満宮入口(相模原市)",
        "夢の丘小学校入口",
        "原当麻駅",
        "原当麻駅東",
        "下原(相模原市南区)",
        "山の神坂下",
        "県立相模原公園前",
        "友愛病院前",
        "北里大学病院・北里大学"
    ],
    "weekday": [
        "6:49",
        "7:29",
        "8:29",
        "9:19",
        "10:54",
        "12:24",
        "13:54",
        "15:24",
        "16:54",
        "17:49",
        "18:34"
    ],
    "saturday": [
        "7:04",
        "8:29",
        "9:59",
        "11:29",
        "12:59",
        "14:29",
        "15:59",
        "17:29"
    ],
    "holiday": [
        "7:04",
        "8:29",
        "9:59",
        "11:29",
        "12:59",
        "14:29",
        "15:59",
        "17:29"
    ],
    "url": "https://www.kanachu.co.jp/dia/diagram/timetable01_js/course:0000802419-13/node:00129154/kt:0/lname:/"
}
