{
    "date": "2025/04/19",
    "name": "原当麻駅東",
    "position": "-",
    "system": "当02",
    "destinations": [
        "下原(相模原市南区)",
        "山の神坂下",
        "県立相模原公園前",
        "友愛病院前",
        "北里大学病院・北里大学"
    ],
    "weekday": [
        "7:00",
        "7:43",
        "8:42",
        "9:32",
        "11:07",
        "12:37",
        "14:07",
        "15:37",
        "17:07",
        "18:02",
        "18:47"
    ],
    "saturday": [
        "7:17",
        "8:44",
        "10:14",
        "11:44",
        "13:14",
        "14:44",
        "16:14",
        "17:44"
    ],
    "holiday": [
        "7:17",
        "8:44",
        "10:14",
        "11:44",
        "13:14",
        "14:44",
        "16:14",
        "17:44"
    ],
    "url": "https://www.kanachu.co.jp/dia/diagram/timetable01_js/course:0000802419-20/node:00129320/kt:0/lname:/"
}
