{
    "date": "2025/10/20",
    "name": "長堀公園前",
    "position": "-",
    "system": "町87",
    "destinations": [
        "山王原(大和市)",
        "諏訪神社",
        "下鶴間",
        "観音寺前(大和市)",
        "坂下(鶴間/町田市)",
        "円成寺前",
        "大ヶ谷戸(町田市)",
        "町田辻",
        "小川原",
        "南町谷原",
        "町谷原",
        "南農協前",
        "金森四丁目",
        "南中学校前(町田市)",
        "市営住宅入口(町田市)",
        "金森",
        "金森郵便局前",
        "南橋(町田市)",
        "三塚",
        "町田ターミナル前",
        "町田バスセンター"
    ],
    "weekday": [
        "7:56",
        "8:59",
        "9:59",
        "10:59",
        "11:59",
        "12:59",
        "13:59",
        "14:59",
        "15:59",
        "16:59",
        "17:59",
        "19:05"
    ],
    "saturday": [
        "9:00",
        "10:00",
        "11:00",
        "11:59",
        "12:59",
        "13:59",
        "14:59",
        "15:59",
        "16:59",
        "17:59"
    ],
    "holiday": [
        "8:30",
        "9:26",
        "10:29",
        "11:26",
        "12:25",
        "13:25",
        "14:25",
        "15:25",
        "16:25",
        "17:25"
    ],
    "url": "https://www.kanachu.co.jp/dia/diagram/timetable01_js/course:0000803911-3/node:00130537/kt:0/lname:/"
}
