{
    "date": "2025/10/20",
    "name": "町田辻",
    "position": "-",
    "system": "町87",
    "destinations": [
        "小川原",
        "南町谷原",
        "町谷原",
        "南農協前",
        "金森四丁目",
        "南中学校前(町田市)",
        "市営住宅入口(町田市)",
        "金森",
        "金森郵便局前",
        "南橋(町田市)",
        "三塚",
        "町田ターミナル前",
        "町田バスセンター"
    ],
    "weekday": [
        "8:16",
        "9:16",
        "10:16",
        "11:16",
        "12:16",
        "13:16",
        "14:16",
        "15:16",
        "16:16",
        "17:16",
        "18:16",
        "19:22"
    ],
    "saturday": [
        "9:16",
        "10:16",
        "11:16",
        "12:15",
        "13:15",
        "14:15",
        "15:15",
        "16:15",
        "17:15",
        "18:15"
    ],
    "holiday": [
        "8:44",
        "9:42",
        "10:45",
        "11:42",
        "12:41",
        "13:41",
        "14:41",
        "15:41",
        "16:41",
        "17:41"
    ],
    "url": "https://www.kanachu.co.jp/dia/diagram/timetable01_js/course:0000803911-11/node:00129532/kt:0/lname:/"
}
