{
    "date": "2025/11/16",
    "name": "遺跡公園前(平塚市)",
    "position": "-",
    "system": "平92",
    "destinations": [
        "新大縄橋",
        "豊田本郷駅",
        "東橋(平塚市)",
        "矢崎(平塚市)",
        "矢崎大橋",
        "岡崎農協前",
        "稲荷坂(平塚市)",
        "大畑平岡幼稚園前",
        "町谷(平塚市)",
        "丸島",
        "あいの坂",
        "宮上(平塚市)",
        "ふじみ野",
        "竹園小学校入口",
        "竹園小学校前",
        "御岳",
        "岡崎福祉館前",
        "馬渡(伊勢原市)",
        "下大竹",
        "伊勢原中学校前",
        "伊勢原駅南口"
    ],
    "weekday": [
        "6:27",
        "7:06",
        "7:44",
        "8:19",
        "9:03",
        "9:32",
        "10:17",
        "11:17",
        "12:17",
        "13:17",
        "14:17",
        "15:17",
        "16:17",
        "17:12",
        "18:12",
        "18:44",
        "19:12"
    ],
    "saturday": [
        "7:40",
        "8:40",
        "9:27",
        "10:27",
        "11:27",
        "12:27",
        "13:27",
        "14:27",
        "15:27",
        "16:27",
        "17:27",
        "18:37",
        "19:36"
    ],
    "holiday": [
        "7:34",
        "8:40",
        "9:27",
        "10:27",
        "11:27",
        "12:27",
        "13:27",
        "14:27",
        "15:27",
        "16:27",
        "17:27",
        "18:37",
        "19:39"
    ],
    "url": "https://www.kanachu.co.jp/dia/diagram/timetable01_js/course:0000802263-10/node:00128110/kt:0/lname:/"
}
