{
    "date": "2025/11/16",
    "name": "矢崎大橋",
    "position": "-",
    "system": "平92",
    "destinations": [
        "岡崎農協前",
        "稲荷坂(平塚市)",
        "大畑平岡幼稚園前",
        "町谷(平塚市)",
        "丸島",
        "あいの坂",
        "宮上(平塚市)",
        "ふじみ野",
        "竹園小学校入口",
        "竹園小学校前",
        "御岳",
        "岡崎福祉館前",
        "馬渡(伊勢原市)",
        "下大竹",
        "伊勢原中学校前",
        "伊勢原駅南口"
    ],
    "weekday": [
        "6:33",
        "7:14",
        "7:52",
        "8:27",
        "9:11",
        "9:40",
        "10:25",
        "11:25",
        "12:25",
        "13:25",
        "14:25",
        "15:25",
        "16:25",
        "17:20",
        "18:20",
        "18:52",
        "19:20"
    ],
    "saturday": [
        "7:47",
        "8:47",
        "9:34",
        "10:34",
        "11:34",
        "12:34",
        "13:34",
        "14:34",
        "15:34",
        "16:34",
        "17:34",
        "18:44",
        "19:42"
    ],
    "holiday": [
        "7:41",
        "8:47",
        "9:34",
        "10:34",
        "11:34",
        "12:34",
        "13:34",
        "14:34",
        "15:34",
        "16:34",
        "17:34",
        "18:44",
        "19:45"
    ],
    "url": "https://www.kanachu.co.jp/dia/diagram/timetable01_js/course:0000802263-15/node:00128087/kt:0/lname:/"
}
