{
    "date": "2025/11/16",
    "name": "町谷(平塚市)",
    "position": "-",
    "system": "平92",
    "destinations": [
        "丸島",
        "あいの坂",
        "宮上(平塚市)",
        "ふじみ野",
        "竹園小学校入口",
        "竹園小学校前",
        "御岳",
        "岡崎福祉館前",
        "馬渡(伊勢原市)",
        "下大竹",
        "伊勢原中学校前",
        "伊勢原駅南口"
    ],
    "weekday": [
        "6:37",
        "7:18",
        "7:56",
        "8:31",
        "9:15",
        "9:44",
        "10:29",
        "11:29",
        "12:29",
        "13:29",
        "14:29",
        "15:29",
        "16:29",
        "17:24",
        "18:24",
        "18:56",
        "19:24"
    ],
    "saturday": [
        "7:51",
        "8:51",
        "9:38",
        "10:38",
        "11:38",
        "12:38",
        "13:38",
        "14:38",
        "15:38",
        "16:38",
        "17:38",
        "18:48",
        "19:46"
    ],
    "holiday": [
        "7:45",
        "8:51",
        "9:38",
        "10:38",
        "11:38",
        "12:38",
        "13:38",
        "14:38",
        "15:38",
        "16:38",
        "17:38",
        "18:48",
        "19:49"
    ],
    "url": "https://www.kanachu.co.jp/dia/diagram/timetable01_js/course:0000802263-19/node:00128083/kt:0/lname:/"
}
