{
    "date": "2025/11/16",
    "name": "ふじみ野",
    "position": "-",
    "system": "平92",
    "destinations": [
        "竹園小学校入口",
        "竹園小学校前",
        "御岳",
        "岡崎福祉館前",
        "馬渡(伊勢原市)",
        "下大竹",
        "伊勢原中学校前",
        "伊勢原駅南口"
    ],
    "weekday": [
        "6:42",
        "7:23",
        "8:01",
        "8:36",
        "9:20",
        "9:49",
        "10:34",
        "11:34",
        "12:34",
        "13:34",
        "14:34",
        "15:34",
        "16:34",
        "17:29",
        "18:29",
        "19:01",
        "19:29"
    ],
    "saturday": [
        "7:56",
        "8:56",
        "9:43",
        "10:43",
        "11:43",
        "12:43",
        "13:43",
        "14:43",
        "15:43",
        "16:43",
        "17:43",
        "18:53",
        "19:51"
    ],
    "holiday": [
        "7:50",
        "8:56",
        "9:43",
        "10:43",
        "11:43",
        "12:43",
        "13:43",
        "14:43",
        "15:43",
        "16:43",
        "17:43",
        "18:53",
        "19:54"
    ],
    "url": "https://www.kanachu.co.jp/dia/diagram/timetable01_js/course:0000802263-23/node:00128079/kt:0/lname:/"
}
