{
    "date": "2025/11/16",
    "name": "岡崎福祉館前",
    "position": "-",
    "system": "平92",
    "destinations": [
        "馬渡(伊勢原市)",
        "下大竹",
        "伊勢原中学校前",
        "伊勢原駅南口"
    ],
    "weekday": [
        "6:46",
        "7:27",
        "8:05",
        "8:40",
        "9:24",
        "9:53",
        "10:38",
        "11:38",
        "12:38",
        "13:38",
        "14:38",
        "15:38",
        "16:38",
        "17:33",
        "18:33",
        "19:05",
        "19:33"
    ],
    "saturday": [
        "7:59",
        "8:59",
        "9:46",
        "10:46",
        "11:46",
        "12:46",
        "13:46",
        "14:46",
        "15:46",
        "16:46",
        "17:46",
        "18:56",
        "19:54"
    ],
    "holiday": [
        "7:53",
        "8:59",
        "9:46",
        "10:46",
        "11:46",
        "12:46",
        "13:46",
        "14:46",
        "15:46",
        "16:46",
        "17:46",
        "18:56",
        "19:57"
    ],
    "url": "https://www.kanachu.co.jp/dia/diagram/timetable01_js/course:0000802263-27/node:00128075/kt:0/lname:/"
}
