{
    "date": "2025/11/16",
    "name": "馬渡(伊勢原市)",
    "position": "-",
    "system": "平92",
    "destinations": [
        "下大竹",
        "伊勢原中学校前",
        "伊勢原駅南口"
    ],
    "weekday": [
        "6:48",
        "7:29",
        "8:07",
        "8:42",
        "9:26",
        "9:55",
        "10:40",
        "11:40",
        "12:40",
        "13:40",
        "14:40",
        "15:40",
        "16:40",
        "17:35",
        "18:35",
        "19:07",
        "19:35"
    ],
    "saturday": [
        "8:00",
        "9:00",
        "9:47",
        "10:47",
        "11:47",
        "12:47",
        "13:47",
        "14:47",
        "15:47",
        "16:47",
        "17:47",
        "18:57",
        "19:55"
    ],
    "holiday": [
        "7:54",
        "9:00",
        "9:47",
        "10:47",
        "11:47",
        "12:47",
        "13:47",
        "14:47",
        "15:47",
        "16:47",
        "17:47",
        "18:57",
        "19:58"
    ],
    "url": "https://www.kanachu.co.jp/dia/diagram/timetable01_js/course:0000802263-28/node:00128060/kt:0/lname:/"
}
