{
    "date": "2025/10/20",
    "name": "下栗原",
    "position": "-",
    "system": "下02",
    "destinations": [
        "栗原交番前",
        "栗原神社前",
        "立野台下",
        "立野台",
        "立野台公園北",
        "天台(座間市)",
        "座間駅",
        "星谷観音前",
        "鈴鹿(座間市)",
        "座間電話局前",
        "座間下宿",
        "座間中宿",
        "座間神社前",
        "わかば保育園前",
        "相武台下駅"
    ],
    "weekday": [
        "7:42",
        "9:04",
        "10:21",
        "11:46",
        "13:01",
        "14:21",
        "15:46",
        "17:16"
    ],
    "saturday": [
        "9:01",
        "10:26",
        "11:46",
        "13:06",
        "14:26",
        "15:46",
        "17:06"
    ],
    "holiday": [
        "9:01",
        "10:26",
        "11:46",
        "13:06",
        "14:26",
        "15:46",
        "17:06"
    ],
    "url": "https://www.kanachu.co.jp/dia/diagram/timetable01_js/course:0000801278-2/node:00129757/kt:0/lname:/"
}
