{
    "date": "2025/10/20",
    "name": "栗原交番前",
    "position": "-",
    "system": "下02",
    "destinations": [
        "栗原神社前",
        "立野台下",
        "立野台",
        "立野台公園北",
        "天台(座間市)",
        "座間駅",
        "星谷観音前",
        "鈴鹿(座間市)",
        "座間電話局前",
        "座間下宿",
        "座間中宿",
        "座間神社前",
        "わかば保育園前",
        "相武台下駅"
    ],
    "weekday": [
        "7:46",
        "9:08",
        "10:25",
        "11:50",
        "13:05",
        "14:25",
        "15:50",
        "17:20"
    ],
    "saturday": [
        "9:05",
        "10:30",
        "11:50",
        "13:10",
        "14:30",
        "15:50",
        "17:10"
    ],
    "holiday": [
        "9:05",
        "10:30",
        "11:50",
        "13:10",
        "14:30",
        "15:50",
        "17:10"
    ],
    "url": "https://www.kanachu.co.jp/dia/diagram/timetable01_js/course:0000801278-3/node:00129880/kt:0/lname:/"
}
