{
    "date": "2025/10/20",
    "name": "天台(座間市)",
    "position": "-",
    "system": "下02",
    "destinations": [
        "座間駅",
        "星谷観音前",
        "鈴鹿(座間市)",
        "座間電話局前",
        "座間下宿",
        "座間中宿",
        "座間神社前",
        "わかば保育園前",
        "相武台下駅"
    ],
    "weekday": [
        "7:52",
        "9:14",
        "10:31",
        "11:56",
        "13:11",
        "14:31",
        "15:56",
        "17:26"
    ],
    "saturday": [
        "9:11",
        "10:36",
        "11:56",
        "13:16",
        "14:36",
        "15:56",
        "17:16"
    ],
    "holiday": [
        "9:11",
        "10:36",
        "11:56",
        "13:16",
        "14:36",
        "15:56",
        "17:16"
    ],
    "url": "https://www.kanachu.co.jp/dia/diagram/timetable01_js/course:0000801278-8/node:00128572/kt:0/lname:/"
}
