{
    "date": "2025/10/20",
    "name": "星谷観音前",
    "position": "-",
    "system": "下02",
    "destinations": [
        "鈴鹿(座間市)",
        "座間電話局前",
        "座間下宿",
        "座間中宿",
        "座間神社前",
        "わかば保育園前",
        "相武台下駅"
    ],
    "weekday": [
        "7:57",
        "9:19",
        "10:36",
        "12:01",
        "13:16",
        "14:36",
        "16:01",
        "17:31"
    ],
    "saturday": [
        "9:16",
        "10:41",
        "12:01",
        "13:21",
        "14:41",
        "16:01",
        "17:21"
    ],
    "holiday": [
        "9:16",
        "10:41",
        "12:01",
        "13:21",
        "14:41",
        "16:01",
        "17:21"
    ],
    "url": "https://www.kanachu.co.jp/dia/diagram/timetable01_js/course:0000801278-10/node:00128568/kt:0/lname:/"
}
