{
    "system": "下02",
    "busstops": [
        {
            "index": "1",
            "id": "00129756",
            "name": "さがみ野駅北口",
            "lat": "35.471715",
            "lng": "139.428077"
        },
        {
            "index": "2",
            "id": "00129757",
            "name": "下栗原",
            "lat": "35.474014",
            "lng": "139.423252"
        },
        {
            "index": "3",
            "id": "00129880",
            "name": "栗原交番前",
            "lat": "35.478703",
            "lng": "139.418187"
        },
        {
            "index": "4",
            "id": "00129881",
            "name": "栗原神社前",
            "lat": "35.479004",
            "lng": "139.415425"
        },
        {
            "index": "5",
            "id": "00128575",
            "name": "立野台下",
            "lat": "35.479769",
            "lng": "139.411519"
        },
        {
            "index": "6",
            "id": "00128574",
            "name": "立野台",
            "lat": "35.478625",
            "lng": "139.410045"
        },
        {
            "index": "7",
            "id": "00128573",
            "name": "立野台公園北",
            "lat": "35.47891",
            "lng": "139.406254"
        },
        {
            "index": "8",
            "id": "00128572",
            "name": "天台(座間市)",
            "lat": "35.478819",
            "lng": "139.403555"
        },
        {
            "index": "9",
            "id": "00128605",
            "name": "座間駅",
            "lat": "35.479827",
            "lng": "139.400756"
        },
        {
            "index": "10",
            "id": "00128568",
            "name": "星谷観音前",
            "lat": "35.483576",
            "lng": "139.398952"
        },
        {
            "index": "11",
            "id": "00128569",
            "name": "鈴鹿(座間市)",
            "lat": "35.483902",
            "lng": "139.394322"
        },
        {
            "index": "12",
            "id": "00128545",
            "name": "座間電話局前",
            "lat": "35.483587",
            "lng": "139.392204"
        },
        {
            "index": "13",
            "id": "00128546",
            "name": "座間下宿",
            "lat": "35.484707",
            "lng": "139.391453"
        },
        {
            "index": "14",
            "id": "00128547",
            "name": "座間中宿",
            "lat": "35.489416",
            "lng": "139.390643"
        },
        {
            "index": "15",
            "id": "00128552",
            "name": "座間神社前",
            "lat": "35.492218",
            "lng": "139.389885"
        },
        {
            "index": "16",
            "id": "00128553",
            "name": "わかば保育園前",
            "lat": "35.492421",
            "lng": "139.388195"
        },
        {
            "index": "17",
            "id": "00128570",
            "name": "相武台下駅",
            "lat": "35.493418",
            "lng": "139.386849"
        }
    ],
    "route_url": "https://www.kanachu.co.jp/dia/route/index/cid:0000801278/"
}
