{
    "date": "2025/08/30",
    "name": "不動坂(横浜市戸塚区)",
    "position": "-",
    "system": "戸47",
    "destinations": [
        "ポーラ前(横浜市戸塚区)",
        "柏尾(横浜市戸塚区)",
        "赤関橋",
        "品濃口",
        "国道平戸",
        "坂下口",
        "山谷(横浜市戸塚区)",
        "六ツ川四丁目",
        "引越坂",
        "大池(横浜市南区)",
        "上六ツ川",
        "六ツ川町",
        "弘明寺口",
        "南永田",
        "住宅前(横浜市南区)",
        "井土ヶ谷",
        "南センター(横浜市南区)",
        "Y校前",
        "南太田駅前",
        "前里町",
        "吉野町駅前",
        "吉野町一丁目",
        "阪東橋",
        "横浜橋",
        "曙町(横浜市中区)",
        "長者町五丁目",
        "羽衣町(横浜市中区)",
        "尾上町(横浜市中区)",
        "本町四丁目(横浜市中区)",
        "横浜市役所前",
        "桜木町駅前"
    ],
    "weekday": [
        "6:17",
        "6:35",
        "6:54",
        "7:54",
        "8:41",
        "9:05",
        "10:17",
        "11:29",
        "12:41",
        "13:53",
        "14:05",
        "15:05",
        "16:17",
        "17:29",
        "19:38",
        "20:45",
        "21:15",
        "21:45"
    ],
    "saturday": [
        "6:02",
        "6:46",
        "7:46",
        "8:46",
        "9:46",
        "10:46",
        "11:46",
        "12:45",
        "13:45",
        "14:45",
        "15:45",
        "16:45",
        "17:50",
        "19:26",
        "20:36",
        "21:11"
    ],
    "holiday": [
        "6:00",
        "6:40",
        "7:46",
        "8:46",
        "9:46",
        "10:46",
        "11:46",
        "12:45",
        "13:45",
        "14:45",
        "15:45",
        "16:45",
        "17:50",
        "19:26",
        "20:36",
        "21:11"
    ],
    "url": "https://www.kanachu.co.jp/dia/diagram/timetable01_js/course:0000803854-5/node:00126613/kt:0/lname:/"
}
