{
    "date": "2025/08/30",
    "name": "ポーラ前(横浜市戸塚区)",
    "position": "-",
    "system": "戸47",
    "destinations": [
        "柏尾(横浜市戸塚区)",
        "赤関橋",
        "品濃口",
        "国道平戸",
        "坂下口",
        "山谷(横浜市戸塚区)",
        "六ツ川四丁目",
        "引越坂",
        "大池(横浜市南区)",
        "上六ツ川",
        "六ツ川町",
        "弘明寺口",
        "南永田",
        "住宅前(横浜市南区)",
        "井土ヶ谷",
        "南センター(横浜市南区)",
        "Y校前",
        "南太田駅前",
        "前里町",
        "吉野町駅前",
        "吉野町一丁目",
        "阪東橋",
        "横浜橋",
        "曙町(横浜市中区)",
        "長者町五丁目",
        "羽衣町(横浜市中区)",
        "尾上町(横浜市中区)",
        "本町四丁目(横浜市中区)",
        "横浜市役所前",
        "桜木町駅前"
    ],
    "weekday": [
        "6:19",
        "6:37",
        "6:56",
        "7:56",
        "8:43",
        "9:07",
        "10:19",
        "11:31",
        "12:43",
        "13:55",
        "14:07",
        "15:07",
        "16:19",
        "17:31",
        "19:40",
        "20:47",
        "21:17",
        "21:47"
    ],
    "saturday": [
        "6:04",
        "6:48",
        "7:48",
        "8:48",
        "9:48",
        "10:48",
        "11:48",
        "12:47",
        "13:47",
        "14:47",
        "15:47",
        "16:47",
        "17:52",
        "19:28",
        "20:38",
        "21:13"
    ],
    "holiday": [
        "6:02",
        "6:42",
        "7:48",
        "8:48",
        "9:48",
        "10:48",
        "11:48",
        "12:47",
        "13:47",
        "14:47",
        "15:47",
        "16:47",
        "17:52",
        "19:28",
        "20:38",
        "21:13"
    ],
    "url": "https://www.kanachu.co.jp/dia/diagram/timetable01_js/course:0000803854-6/node:00126614/kt:0/lname:/"
}
