{
    "date": "2025/08/30",
    "name": "国道平戸",
    "position": "-",
    "system": "戸47",
    "destinations": [
        "坂下口",
        "山谷(横浜市戸塚区)",
        "六ツ川四丁目",
        "引越坂",
        "大池(横浜市南区)",
        "上六ツ川",
        "六ツ川町",
        "弘明寺口",
        "南永田",
        "住宅前(横浜市南区)",
        "井土ヶ谷",
        "南センター(横浜市南区)",
        "Y校前",
        "南太田駅前",
        "前里町",
        "吉野町駅前",
        "吉野町一丁目",
        "阪東橋",
        "横浜橋",
        "曙町(横浜市中区)",
        "長者町五丁目",
        "羽衣町(横浜市中区)",
        "尾上町(横浜市中区)",
        "本町四丁目(横浜市中区)",
        "横浜市役所前",
        "桜木町駅前"
    ],
    "weekday": [
        "6:27",
        "6:45",
        "7:04",
        "8:04",
        "8:51",
        "9:15",
        "10:27",
        "11:39",
        "12:51",
        "14:03",
        "14:15",
        "15:15",
        "16:27",
        "17:39",
        "19:48",
        "20:55",
        "21:25",
        "21:55"
    ],
    "saturday": [
        "6:12",
        "6:56",
        "7:56",
        "8:56",
        "9:56",
        "10:56",
        "11:56",
        "12:55",
        "13:55",
        "14:55",
        "15:55",
        "16:55",
        "18:00",
        "19:36",
        "20:46",
        "21:21"
    ],
    "holiday": [
        "6:10",
        "6:50",
        "7:56",
        "8:56",
        "9:56",
        "10:56",
        "11:56",
        "12:55",
        "13:55",
        "14:55",
        "15:55",
        "16:55",
        "18:00",
        "19:36",
        "20:46",
        "21:21"
    ],
    "url": "https://www.kanachu.co.jp/dia/diagram/timetable01_js/course:0000803854-10/node:00126618/kt:0/lname:/"
}
