{
    "date": "2025/08/30",
    "name": "住宅前(横浜市南区)",
    "position": "-",
    "system": "戸47",
    "destinations": [
        "井土ヶ谷",
        "南センター(横浜市南区)",
        "Y校前",
        "南太田駅前",
        "前里町",
        "吉野町駅前",
        "吉野町一丁目",
        "阪東橋",
        "横浜橋",
        "曙町(横浜市中区)",
        "長者町五丁目",
        "羽衣町(横浜市中区)",
        "尾上町(横浜市中区)",
        "本町四丁目(横浜市中区)",
        "横浜市役所前",
        "桜木町駅前"
    ],
    "weekday": [
        "6:45",
        "7:03",
        "7:24",
        "8:24",
        "9:09",
        "9:33",
        "10:45",
        "11:57",
        "13:09",
        "14:21",
        "14:33",
        "15:33",
        "16:45",
        "17:57",
        "20:06",
        "21:13",
        "21:43",
        "22:13"
    ],
    "saturday": [
        "6:30",
        "7:14",
        "8:14",
        "9:14",
        "10:14",
        "11:14",
        "12:14",
        "13:15",
        "14:15",
        "15:15",
        "16:15",
        "17:15",
        "18:20",
        "19:54",
        "21:04",
        "21:39"
    ],
    "holiday": [
        "6:28",
        "7:08",
        "8:14",
        "9:14",
        "10:14",
        "11:14",
        "12:14",
        "13:15",
        "14:15",
        "15:15",
        "16:15",
        "17:15",
        "18:20",
        "19:54",
        "21:04",
        "21:39"
    ],
    "url": "https://www.kanachu.co.jp/dia/diagram/timetable01_js/course:0000803854-20/node:00126630/kt:0/lname:/"
}
