{
    "date": "2025/08/30",
    "name": "長者町五丁目",
    "position": "-",
    "system": "戸47",
    "destinations": [
        "羽衣町(横浜市中区)",
        "尾上町(横浜市中区)",
        "本町四丁目(横浜市中区)",
        "横浜市役所前",
        "桜木町駅前"
    ],
    "weekday": [
        "7:00",
        "7:22",
        "7:43",
        "8:43",
        "9:27",
        "9:51",
        "11:03",
        "12:15",
        "13:27",
        "14:39",
        "14:51",
        "15:51",
        "17:03",
        "18:15",
        "20:21",
        "21:28",
        "21:58",
        "22:28"
    ],
    "saturday": [
        "6:45",
        "7:29",
        "8:32",
        "9:32",
        "10:32",
        "11:32",
        "12:32",
        "13:34",
        "14:34",
        "15:34",
        "16:34",
        "17:34",
        "18:39",
        "20:09",
        "21:19",
        "21:54"
    ],
    "holiday": [
        "6:43",
        "7:23",
        "8:32",
        "9:32",
        "10:32",
        "11:32",
        "12:32",
        "13:34",
        "14:34",
        "15:34",
        "16:34",
        "17:34",
        "18:39",
        "20:09",
        "21:19",
        "21:54"
    ],
    "url": "https://www.kanachu.co.jp/dia/diagram/timetable01_js/course:0000803854-31/node:00102725/kt:0/lname:/"
}
