{
    "date": "2025/08/30",
    "name": "羽衣町(横浜市中区)",
    "position": "-",
    "system": "戸47",
    "destinations": [
        "尾上町(横浜市中区)",
        "本町四丁目(横浜市中区)",
        "横浜市役所前",
        "桜木町駅前"
    ],
    "weekday": [
        "7:01",
        "7:23",
        "7:44",
        "8:44",
        "9:28",
        "9:52",
        "11:04",
        "12:16",
        "13:28",
        "14:40",
        "14:52",
        "15:52",
        "17:04",
        "18:16",
        "20:22",
        "21:29",
        "21:59",
        "22:29"
    ],
    "saturday": [
        "6:46",
        "7:30",
        "8:33",
        "9:33",
        "10:33",
        "11:33",
        "12:33",
        "13:35",
        "14:35",
        "15:35",
        "16:35",
        "17:35",
        "18:40",
        "20:10",
        "21:20",
        "21:55"
    ],
    "holiday": [
        "6:44",
        "7:24",
        "8:33",
        "9:33",
        "10:33",
        "11:33",
        "12:33",
        "13:35",
        "14:35",
        "15:35",
        "16:35",
        "17:35",
        "18:40",
        "20:10",
        "21:20",
        "21:55"
    ],
    "url": "https://www.kanachu.co.jp/dia/diagram/timetable01_js/course:0000803854-32/node:00102910/kt:0/lname:/"
}
