{
    "date": "2025/08/30",
    "name": "横浜市役所前",
    "position": "-",
    "system": "戸47",
    "destinations": [
        "桜木町駅前"
    ],
    "weekday": [
        "7:08",
        "7:30",
        "7:51",
        "8:51",
        "9:34",
        "9:58",
        "11:10",
        "12:22",
        "13:34",
        "14:46",
        "14:58",
        "15:58",
        "17:10",
        "18:22",
        "20:27",
        "21:34",
        "22:04",
        "22:34"
    ],
    "saturday": [
        "6:51",
        "7:35",
        "8:39",
        "9:39",
        "10:39",
        "11:39",
        "12:39",
        "13:42",
        "14:42",
        "15:42",
        "16:42",
        "17:42",
        "18:47",
        "20:15",
        "21:25",
        "22:00"
    ],
    "holiday": [
        "6:49",
        "7:29",
        "8:39",
        "9:39",
        "10:39",
        "11:39",
        "12:39",
        "13:42",
        "14:42",
        "15:42",
        "16:42",
        "17:42",
        "18:47",
        "20:15",
        "21:25",
        "22:00"
    ],
    "url": "https://www.kanachu.co.jp/dia/diagram/timetable01_js/course:0000803854-35/node:00102945/kt:0/lname:/"
}
