{
    "date": "2026/01/16",
    "name": "一本松(愛甲郡愛川町)",
    "position": "-",
    "system": "海09",
    "destinations": [
        "運輸支局入口(愛甲郡愛川町)",
        "桜台(愛甲郡愛川町)",
        "坂本入口",
        "六本松(厚木市)",
        "中荻原",
        "中平(厚木市)",
        "依知小学校前",
        "関口(厚木市)",
        "蓮生寺(厚木市)",
        "追分(厚木市)",
        "下依知入口",
        "金田神社前",
        "水道路(厚木市)",
        "今泉(海老名市)",
        "鶴松",
        "海老名駅西口"
    ],
    "weekday": [
        "5:24",
        "5:44",
        "6:09",
        "6:28",
        "6:57",
        "7:27",
        "7:59",
        "8:19",
        "9:14",
        "10:14",
        "11:14",
        "12:14",
        "13:14",
        "14:14",
        "15:14",
        "16:14",
        "17:17",
        "18:22",
        "19:21",
        "20:21"
    ],
    "saturday": [
        "5:44",
        "6:34",
        "7:34",
        "8:02",
        "8:34",
        "9:02",
        "9:34",
        "10:02",
        "10:34",
        "11:34",
        "12:34",
        "13:34",
        "14:34",
        "15:34",
        "16:34",
        "17:35",
        "18:34",
        "19:39"
    ],
    "holiday": [
        "6:34",
        "7:24",
        "8:34",
        "9:34",
        "10:34",
        "11:34",
        "12:34",
        "13:34",
        "14:34",
        "15:34",
        "16:34",
        "17:34",
        "18:34",
        "19:39"
    ],
    "url": "https://www.kanachu.co.jp/dia/diagram/timetable01_js/course:0000804128-7/node:00128322/kt:0/lname:/"
}
