{
    "date": "2026/01/16",
    "name": "依知小学校前",
    "position": "-",
    "system": "海09",
    "destinations": [
        "関口(厚木市)",
        "蓮生寺(厚木市)",
        "追分(厚木市)",
        "下依知入口",
        "金田神社前",
        "水道路(厚木市)",
        "今泉(海老名市)",
        "鶴松",
        "海老名駅西口"
    ],
    "weekday": [
        "5:35",
        "5:55",
        "6:20",
        "6:39",
        "7:10",
        "7:40",
        "8:14",
        "8:34",
        "9:27",
        "10:27",
        "11:27",
        "12:27",
        "13:27",
        "14:27",
        "15:27",
        "16:27",
        "17:33",
        "18:38",
        "19:33",
        "20:33"
    ],
    "saturday": [
        "5:55",
        "6:45",
        "7:45",
        "8:13",
        "8:45",
        "9:13",
        "9:45",
        "10:14",
        "10:46",
        "11:46",
        "12:46",
        "13:46",
        "14:46",
        "15:46",
        "16:46",
        "17:47",
        "18:43",
        "19:48"
    ],
    "holiday": [
        "6:45",
        "7:35",
        "8:45",
        "9:45",
        "10:46",
        "11:46",
        "12:46",
        "13:46",
        "14:46",
        "15:46",
        "16:46",
        "17:46",
        "18:44",
        "19:49"
    ],
    "url": "https://www.kanachu.co.jp/dia/diagram/timetable01_js/course:0000804128-14/node:00128353/kt:0/lname:/"
}
