{
    "date": "2025/01/14",
    "name": "観音坂",
    "position": "-",
    "system": "厚44",
    "destinations": [
        "上長谷(厚木市)",
        "愛名入口",
        "やまゆり園前(厚木市)",
        "宮地(厚木市)",
        "高松山入口",
        "森の里青山",
        "日産先進技術開発センター前",
        "通信研究所前(厚木市)",
        "森の里センター",
        "厚木西高校",
        "森の里四丁目",
        "森の里五丁目",
        "森の里"
    ],
    "weekday": [
        "10:25",
        "11:25",
        "12:25",
        "13:25",
        "14:25",
        "15:05",
        "15:45",
        "16:33",
        "17:03",
        "17:35",
        "18:13",
        "18:58",
        "19:33",
        "20:32"
    ],
    "saturday": [
        "10:28",
        "11:38",
        "12:38",
        "13:38",
        "14:38",
        "15:38",
        "16:38",
        "17:38",
        "18:28",
        "19:28",
        "20:37"
    ],
    "holiday": [
        "10:28",
        "11:38",
        "12:38",
        "13:38",
        "14:38",
        "15:38",
        "16:38",
        "17:38",
        "18:28",
        "19:28",
        "20:37"
    ],
    "url": "https://www.kanachu.co.jp/dia/diagram/timetable01_js/course:0000800257-12/node:00128446/kt:0/lname:/"
}
