{
    "date": "2023/10/01",
    "name": "中央林間駅",
    "position": "-",
    "system": "",
    "destinations": [
        "大和高校入口",
        "つきみ野3丁目",
        "つきみ野2丁目",
        "つきみ野2丁目南",
        "山谷(大和市)",
        "松の久保公園",
        "山谷中央",
        "下鶴間",
        "山王原(大和市)",
        "山王原公園",
        "山王原西公園",
        "鶴間駅東口",
        "鶴間二丁目",
        "オークシティ南",
        "市役所(大和市)"
    ],
    "weekday": [
        "7:15",
        "9:05",
        "10:50",
        "12:40",
        "14:25",
        "16:15",
        "18:00"
    ],
    "saturday": [
        "7:15",
        "9:05",
        "10:55",
        "12:55",
        "14:45",
        "16:45"
    ],
    "holiday": [
        "7:15",
        "9:05",
        "10:55",
        "12:55",
        "14:45",
        "16:45"
    ],
    "url": "https://www.kanachu.co.jp/dia/diagram/timetable01_js/course:0000803397-1/node:00130458/kt:0/lname:/"
}
