{
    "date": "2023/10/01",
    "name": "大和高校入口",
    "position": "-",
    "system": "",
    "destinations": [
        "つきみ野3丁目",
        "つきみ野2丁目",
        "つきみ野2丁目南",
        "山谷(大和市)",
        "松の久保公園",
        "山谷中央",
        "下鶴間",
        "山王原(大和市)",
        "山王原公園",
        "山王原西公園",
        "鶴間駅東口",
        "鶴間二丁目",
        "オークシティ南",
        "市役所(大和市)"
    ],
    "weekday": [
        "7:17",
        "9:07",
        "10:52",
        "12:42",
        "14:27",
        "16:17",
        "18:02"
    ],
    "saturday": [
        "7:17",
        "9:07",
        "10:57",
        "12:57",
        "14:47",
        "16:47"
    ],
    "holiday": [
        "7:17",
        "9:07",
        "10:57",
        "12:57",
        "14:47",
        "16:47"
    ],
    "url": "https://www.kanachu.co.jp/dia/diagram/timetable01_js/course:0000803397-2/node:00130455/kt:0/lname:/"
}
