{
    "date": "2023/10/01",
    "name": "つきみ野3丁目",
    "position": "-",
    "system": "",
    "destinations": [
        "つきみ野2丁目",
        "つきみ野2丁目南",
        "山谷(大和市)",
        "松の久保公園",
        "山谷中央",
        "下鶴間",
        "山王原(大和市)",
        "山王原公園",
        "山王原西公園",
        "鶴間駅東口",
        "鶴間二丁目",
        "オークシティ南",
        "市役所(大和市)"
    ],
    "weekday": [
        "7:19",
        "9:09",
        "10:54",
        "12:44",
        "14:29",
        "16:19",
        "18:04"
    ],
    "saturday": [
        "7:19",
        "9:09",
        "10:59",
        "12:59",
        "14:49",
        "16:49"
    ],
    "holiday": [
        "7:19",
        "9:09",
        "10:59",
        "12:59",
        "14:49",
        "16:49"
    ],
    "url": "https://www.kanachu.co.jp/dia/diagram/timetable01_js/course:0000803397-3/node:00130454/kt:0/lname:/"
}
