{
    "date": "2023/10/01",
    "name": "つきみ野2丁目南",
    "position": "-",
    "system": "",
    "destinations": [
        "山谷(大和市)",
        "松の久保公園",
        "山谷中央",
        "下鶴間",
        "山王原(大和市)",
        "山王原公園",
        "山王原西公園",
        "鶴間駅東口",
        "鶴間二丁目",
        "オークシティ南",
        "市役所(大和市)"
    ],
    "weekday": [
        "7:22",
        "9:12",
        "10:57",
        "12:47",
        "14:32",
        "16:22",
        "18:07"
    ],
    "saturday": [
        "7:22",
        "9:12",
        "11:02",
        "13:02",
        "14:52",
        "16:52"
    ],
    "holiday": [
        "7:22",
        "9:12",
        "11:02",
        "13:02",
        "14:52",
        "16:52"
    ],
    "url": "https://www.kanachu.co.jp/dia/diagram/timetable01_js/course:0000803397-5/node:00130462/kt:0/lname:/"
}
