{
    "date": "2023/10/01",
    "name": "山谷(大和市)",
    "position": "-",
    "system": "",
    "destinations": [
        "松の久保公園",
        "山谷中央",
        "下鶴間",
        "山王原(大和市)",
        "山王原公園",
        "山王原西公園",
        "鶴間駅東口",
        "鶴間二丁目",
        "オークシティ南",
        "市役所(大和市)"
    ],
    "weekday": [
        "7:24",
        "9:14",
        "10:59",
        "12:49",
        "14:34",
        "16:24",
        "18:09"
    ],
    "saturday": [
        "7:24",
        "9:14",
        "11:04",
        "13:04",
        "14:54",
        "16:54"
    ],
    "holiday": [
        "7:24",
        "9:14",
        "11:04",
        "13:04",
        "14:54",
        "16:54"
    ],
    "url": "https://www.kanachu.co.jp/dia/diagram/timetable01_js/course:0000803397-6/node:00130446/kt:0/lname:/"
}
