{
    "date": "2023/10/01",
    "name": "下鶴間",
    "position": "-",
    "system": "ー",
    "destinations": [
        "山王原(大和市)",
        "山王原公園",
        "山王原西公園",
        "鶴間駅東口",
        "鶴間二丁目",
        "オークシティ南",
        "市役所(大和市)"
    ],
    "weekday": [
        "7:32",
        "9:22",
        "11:07",
        "12:57",
        "14:42",
        "16:32",
        "18:17"
    ],
    "saturday": [
        "7:32",
        "9:22",
        "11:12",
        "13:12",
        "15:02",
        "17:02"
    ],
    "holiday": [
        "7:32",
        "9:22",
        "11:12",
        "13:12",
        "15:02",
        "17:02"
    ],
    "url": "https://www.kanachu.co.jp/dia/diagram/timetable01_js/course:0000803397-9/node:00129528/kt:0/lname:/"
}
