{
    "date": "2023/10/01",
    "name": "山王原公園",
    "position": "-",
    "system": "ー",
    "destinations": [
        "山王原西公園",
        "鶴間駅東口",
        "鶴間二丁目",
        "オークシティ南",
        "市役所(大和市)"
    ],
    "weekday": [
        "7:34",
        "9:24",
        "11:09",
        "12:59",
        "14:44",
        "16:34",
        "18:19"
    ],
    "saturday": [
        "7:34",
        "9:24",
        "11:14",
        "13:14",
        "15:04",
        "17:04"
    ],
    "holiday": [
        "7:34",
        "9:24",
        "11:14",
        "13:14",
        "15:04",
        "17:04"
    ],
    "url": "https://www.kanachu.co.jp/dia/diagram/timetable01_js/course:0000803397-11/node:00130447/kt:0/lname:/"
}
