{
    "date": "2023/10/01",
    "name": "山王原西公園",
    "position": "-",
    "system": "",
    "destinations": [
        "鶴間駅東口",
        "鶴間二丁目",
        "オークシティ南",
        "市役所(大和市)"
    ],
    "weekday": [
        "7:35",
        "9:25",
        "11:10",
        "13:00",
        "14:45",
        "16:35",
        "18:20"
    ],
    "saturday": [
        "7:35",
        "9:25",
        "11:15",
        "13:15",
        "15:05",
        "17:05"
    ],
    "holiday": [
        "7:35",
        "9:25",
        "11:15",
        "13:15",
        "15:05",
        "17:05"
    ],
    "url": "https://www.kanachu.co.jp/dia/diagram/timetable01_js/course:0000803397-12/node:00130448/kt:0/lname:/"
}
