{
    "date": "2023/10/01",
    "name": "鶴間駅東口",
    "position": "-",
    "system": "",
    "destinations": [
        "鶴間二丁目",
        "オークシティ南",
        "市役所(大和市)"
    ],
    "weekday": [
        "7:37",
        "9:27",
        "11:12",
        "13:02",
        "14:47",
        "16:37",
        "18:22"
    ],
    "saturday": [
        "7:37",
        "9:27",
        "11:17",
        "13:17",
        "15:07",
        "17:07"
    ],
    "holiday": [
        "7:37",
        "9:27",
        "11:17",
        "13:17",
        "15:07",
        "17:07"
    ],
    "url": "https://www.kanachu.co.jp/dia/diagram/timetable01_js/course:0000803397-13/node:00129523/kt:0/lname:/"
}
