{
    "date": "2025/10/20",
    "name": "町田バスセンター",
    "position": "9番乗り場",
    "system": "町88",
    "destinations": [
        "原町田四丁目",
        "原町田三丁目",
        "三塚",
        "南橋(町田市)",
        "金森郵便局前",
        "金森",
        "市営住宅入口(町田市)",
        "南中学校前(町田市)",
        "金森四丁目",
        "南農協前",
        "町谷原",
        "南町谷原",
        "小川原",
        "町田辻",
        "大ヶ谷戸(町田市)",
        "円成寺前",
        "坂下(鶴間/町田市)",
        "観音寺前(大和市)",
        "下鶴間",
        "諏訪神社",
        "山王原(大和市)",
        "長堀公園前",
        "鶴間車庫"
    ],
    "weekday": [
        "17:55",
        "18:41",
        "19:29",
        "20:05",
        "20:45",
        "21:20",
        "21:40",
        "22:10",
        "22:35",
        "23:00"
    ],
    "saturday": [
        "18:41",
        "19:50",
        "20:45",
        "21:05",
        "21:30",
        "22:00",
        "22:30"
    ],
    "holiday": [
        "18:05",
        "19:05",
        "20:05",
        "20:45",
        "21:05",
        "21:30",
        "22:00",
        "22:30"
    ],
    "url": "https://www.kanachu.co.jp/dia/diagram/timetable01_js/course:0000803920-2/node:00025625/kt:0/lname:/"
}
