{
    "date": "2025/10/20",
    "name": "原町田三丁目",
    "position": "-",
    "system": "町88",
    "destinations": [
        "三塚",
        "南橋(町田市)",
        "金森郵便局前",
        "金森",
        "市営住宅入口(町田市)",
        "南中学校前(町田市)",
        "金森四丁目",
        "南農協前",
        "町谷原",
        "南町谷原",
        "小川原",
        "町田辻",
        "大ヶ谷戸(町田市)",
        "円成寺前",
        "坂下(鶴間/町田市)",
        "観音寺前(大和市)",
        "下鶴間",
        "諏訪神社",
        "山王原(大和市)",
        "長堀公園前",
        "鶴間車庫"
    ],
    "weekday": [
        "17:58",
        "18:44",
        "19:32",
        "20:08",
        "20:48",
        "21:23",
        "21:43",
        "22:13",
        "22:38",
        "23:03"
    ],
    "saturday": [
        "18:44",
        "19:53",
        "20:48",
        "21:08",
        "21:33",
        "22:03",
        "22:33"
    ],
    "holiday": [
        "18:08",
        "19:08",
        "20:08",
        "20:48",
        "21:08",
        "21:33",
        "22:03",
        "22:33"
    ],
    "url": "https://www.kanachu.co.jp/dia/diagram/timetable01_js/course:0000803920-4/node:00129546/kt:0/lname:/"
}
