{
    "date": "2025/10/20",
    "name": "三塚",
    "position": "-",
    "system": "町88",
    "destinations": [
        "南橋(町田市)",
        "金森郵便局前",
        "金森",
        "市営住宅入口(町田市)",
        "南中学校前(町田市)",
        "金森四丁目",
        "南農協前",
        "町谷原",
        "南町谷原",
        "小川原",
        "町田辻",
        "大ヶ谷戸(町田市)",
        "円成寺前",
        "坂下(鶴間/町田市)",
        "観音寺前(大和市)",
        "下鶴間",
        "諏訪神社",
        "山王原(大和市)",
        "長堀公園前",
        "鶴間車庫"
    ],
    "weekday": [
        "17:59",
        "18:45",
        "19:33",
        "20:09",
        "20:49",
        "21:24",
        "21:44",
        "22:14",
        "22:39",
        "23:04"
    ],
    "saturday": [
        "18:45",
        "19:54",
        "20:49",
        "21:09",
        "21:34",
        "22:04",
        "22:34"
    ],
    "holiday": [
        "18:09",
        "19:09",
        "20:09",
        "20:49",
        "21:09",
        "21:34",
        "22:04",
        "22:34"
    ],
    "url": "https://www.kanachu.co.jp/dia/diagram/timetable01_js/course:0000803920-5/node:00129543/kt:0/lname:/"
}
