{
    "date": "2025/10/20",
    "name": "金森郵便局前",
    "position": "-",
    "system": "町88",
    "destinations": [
        "金森",
        "市営住宅入口(町田市)",
        "南中学校前(町田市)",
        "金森四丁目",
        "南農協前",
        "町谷原",
        "南町谷原",
        "小川原",
        "町田辻",
        "大ヶ谷戸(町田市)",
        "円成寺前",
        "坂下(鶴間/町田市)",
        "観音寺前(大和市)",
        "下鶴間",
        "諏訪神社",
        "山王原(大和市)",
        "長堀公園前",
        "鶴間車庫"
    ],
    "weekday": [
        "18:01",
        "18:47",
        "19:35",
        "20:11",
        "20:51",
        "21:26",
        "21:46",
        "22:16",
        "22:41",
        "23:06"
    ],
    "saturday": [
        "18:47",
        "19:56",
        "20:51",
        "21:11",
        "21:36",
        "22:06",
        "22:36"
    ],
    "holiday": [
        "18:11",
        "19:11",
        "20:11",
        "20:51",
        "21:11",
        "21:36",
        "22:06",
        "22:36"
    ],
    "url": "https://www.kanachu.co.jp/dia/diagram/timetable01_js/course:0000803920-7/node:00129541/kt:0/lname:/"
}
