{
    "date": "2025/10/20",
    "name": "金森",
    "position": "-",
    "system": "町88",
    "destinations": [
        "市営住宅入口(町田市)",
        "南中学校前(町田市)",
        "金森四丁目",
        "南農協前",
        "町谷原",
        "南町谷原",
        "小川原",
        "町田辻",
        "大ヶ谷戸(町田市)",
        "円成寺前",
        "坂下(鶴間/町田市)",
        "観音寺前(大和市)",
        "下鶴間",
        "諏訪神社",
        "山王原(大和市)",
        "長堀公園前",
        "鶴間車庫"
    ],
    "weekday": [
        "18:04",
        "18:50",
        "19:38",
        "20:12",
        "20:52",
        "21:27",
        "21:47",
        "22:17",
        "22:42",
        "23:07"
    ],
    "saturday": [
        "18:50",
        "19:59",
        "20:52",
        "21:12",
        "21:37",
        "22:07",
        "22:37"
    ],
    "holiday": [
        "18:14",
        "19:14",
        "20:12",
        "20:52",
        "21:12",
        "21:37",
        "22:07",
        "22:37"
    ],
    "url": "https://www.kanachu.co.jp/dia/diagram/timetable01_js/course:0000803920-8/node:00129540/kt:0/lname:/"
}
