{
    "date": "2025/10/20",
    "name": "市営住宅入口(町田市)",
    "position": "-",
    "system": "町88",
    "destinations": [
        "南中学校前(町田市)",
        "金森四丁目",
        "南農協前",
        "町谷原",
        "南町谷原",
        "小川原",
        "町田辻",
        "大ヶ谷戸(町田市)",
        "円成寺前",
        "坂下(鶴間/町田市)",
        "観音寺前(大和市)",
        "下鶴間",
        "諏訪神社",
        "山王原(大和市)",
        "長堀公園前",
        "鶴間車庫"
    ],
    "weekday": [
        "18:05",
        "18:51",
        "19:39",
        "20:13",
        "20:53",
        "21:28",
        "21:48",
        "22:18",
        "22:43",
        "23:08"
    ],
    "saturday": [
        "18:51",
        "20:00",
        "20:53",
        "21:13",
        "21:38",
        "22:08",
        "22:38"
    ],
    "holiday": [
        "18:15",
        "19:15",
        "20:13",
        "20:53",
        "21:13",
        "21:38",
        "22:08",
        "22:38"
    ],
    "url": "https://www.kanachu.co.jp/dia/diagram/timetable01_js/course:0000803920-9/node:00129539/kt:0/lname:/"
}
