{
    "date": "2025/10/20",
    "name": "南中学校前(町田市)",
    "position": "-",
    "system": "町88",
    "destinations": [
        "金森四丁目",
        "南農協前",
        "町谷原",
        "南町谷原",
        "小川原",
        "町田辻",
        "大ヶ谷戸(町田市)",
        "円成寺前",
        "坂下(鶴間/町田市)",
        "観音寺前(大和市)",
        "下鶴間",
        "諏訪神社",
        "山王原(大和市)",
        "長堀公園前",
        "鶴間車庫"
    ],
    "weekday": [
        "18:06",
        "18:52",
        "19:40",
        "20:14",
        "20:54",
        "21:29",
        "21:49",
        "22:19",
        "22:44",
        "23:09"
    ],
    "saturday": [
        "18:52",
        "20:01",
        "20:54",
        "21:14",
        "21:39",
        "22:09",
        "22:39"
    ],
    "holiday": [
        "18:16",
        "19:16",
        "20:14",
        "20:54",
        "21:14",
        "21:39",
        "22:09",
        "22:39"
    ],
    "url": "https://www.kanachu.co.jp/dia/diagram/timetable01_js/course:0000803920-10/node:00129538/kt:0/lname:/"
}
