{
    "date": "2025/10/20",
    "name": "南農協前",
    "position": "-",
    "system": "町88",
    "destinations": [
        "町谷原",
        "南町谷原",
        "小川原",
        "町田辻",
        "大ヶ谷戸(町田市)",
        "円成寺前",
        "坂下(鶴間/町田市)",
        "観音寺前(大和市)",
        "下鶴間",
        "諏訪神社",
        "山王原(大和市)",
        "長堀公園前",
        "鶴間車庫"
    ],
    "weekday": [
        "18:08",
        "18:54",
        "19:42",
        "20:16",
        "20:56",
        "21:31",
        "21:51",
        "22:21",
        "22:46",
        "23:11"
    ],
    "saturday": [
        "18:54",
        "20:03",
        "20:56",
        "21:16",
        "21:41",
        "22:11",
        "22:41"
    ],
    "holiday": [
        "18:18",
        "19:18",
        "20:16",
        "20:56",
        "21:16",
        "21:41",
        "22:11",
        "22:41"
    ],
    "url": "https://www.kanachu.co.jp/dia/diagram/timetable01_js/course:0000803920-12/node:00129536/kt:0/lname:/"
}
