{
    "date": "2025/10/20",
    "name": "観音寺前(大和市)",
    "position": "-",
    "system": "町88",
    "destinations": [
        "下鶴間",
        "諏訪神社",
        "山王原(大和市)",
        "長堀公園前",
        "鶴間車庫"
    ],
    "weekday": [
        "18:22",
        "19:08",
        "19:56",
        "20:28",
        "21:08",
        "21:43",
        "22:03",
        "22:33",
        "22:58",
        "23:23"
    ],
    "saturday": [
        "19:08",
        "20:17",
        "21:08",
        "21:28",
        "21:53",
        "22:23",
        "22:53"
    ],
    "holiday": [
        "18:32",
        "19:32",
        "20:28",
        "21:08",
        "21:28",
        "21:53",
        "22:23",
        "22:53"
    ],
    "url": "https://www.kanachu.co.jp/dia/diagram/timetable01_js/course:0000803920-20/node:00129529/kt:0/lname:/"
}
