{
    "date": "2012/09/25",
    "name": "大平(八王子市)",
    "position": "-",
    "system": "八07",
    "destinations": [
        "山下(八王子市)",
        "梅の木平",
        "込縄橋",
        "高尾山口駅",
        "落合(八王子市)",
        "小名路",
        "川原宿(八王子市)",
        "高尾駅入口",
        "熊野神社前(八王子市)",
        "浅川原",
        "御陵前(八王子市)",
        "高尾警察署前",
        "浅川新地",
        "横山事務所",
        "並木町(八王子市)",
        "桑志高校",
        "中央図書館前(八王子市)",
        "西八王子駅入口",
        "千人町一丁目",
        "追分(八王子市)",
        "本郷横丁",
        "織物組合前",
        "八日町四丁目",
        "八日町一丁目",
        "横山町三丁目",
        "横山町(八王子市)",
        "八王子駅北口"
    ],
    "weekday": [
        "9:00",
        "12:06"
    ],
    "saturday": [
        "9:00",
        "12:06",
        "16:29"
    ],
    "holiday": [
        "9:00",
        "12:06",
        "16:29"
    ],
    "url": "https://www.kanachu.co.jp/dia/diagram/timetable01_js/course:0000801319-11/node:00128934/kt:0/lname:/"
}
