{
    "date": "2012/09/25",
    "name": "御陵前(八王子市)",
    "position": "-",
    "system": "八07",
    "destinations": [
        "高尾警察署前",
        "浅川新地",
        "横山事務所",
        "並木町(八王子市)",
        "桑志高校",
        "中央図書館前(八王子市)",
        "西八王子駅入口",
        "千人町一丁目",
        "追分(八王子市)",
        "本郷横丁",
        "織物組合前",
        "八日町四丁目",
        "八日町一丁目",
        "横山町三丁目",
        "横山町(八王子市)",
        "八王子駅北口"
    ],
    "weekday": [
        "9:17",
        "12:23"
    ],
    "saturday": [
        "9:17",
        "12:23",
        "16:46"
    ],
    "holiday": [
        "9:17",
        "12:23",
        "16:46"
    ],
    "url": "https://www.kanachu.co.jp/dia/diagram/timetable01_js/course:0000801319-22/node:00020306/kt:0/lname:/"
}
