{
    "date": "2026/01/16",
    "name": "鶴川駅",
    "position": "-",
    "system": "鶴37",
    "destinations": [
        "上能ヶ谷",
        "金井入口",
        "下大蔵",
        "鶴川市民センター入口",
        "大蔵(鶴川郵便局前/町田市)",
        "川島入口(町田市)",
        "綾部入口",
        "袋橋",
        "田中入口",
        "野津田車庫",
        "神学校(町田市)",
        "並木(町田市)",
        "図師",
        "図師大橋",
        "馬駈",
        "根岸(根岸町/町田市)",
        "根岸橋(相模原市中央区)",
        "山王平",
        "東町(相模原市中央区)",
        "小学校入口(相模原市中央区)",
        "淵野辺郵便局前",
        "幸町(相模原市中央区)",
        "淵野辺駅北口"
    ],
    "weekday": [
        "8:00"
    ],
    "saturday": [],
    "holiday": [],
    "url": "https://www.kanachu.co.jp/dia/diagram/timetable01_js/course:0000804075-1/node:00049296/kt:0/lname:/"
}
