{
    "date": "2026/01/16",
    "name": "田中入口",
    "position": "-",
    "system": "鶴37",
    "destinations": [
        "野津田車庫",
        "神学校(町田市)",
        "並木(町田市)",
        "図師",
        "図師大橋",
        "馬駈",
        "根岸(根岸町/町田市)",
        "根岸橋(相模原市中央区)",
        "山王平",
        "東町(相模原市中央区)",
        "小学校入口(相模原市中央区)",
        "淵野辺郵便局前",
        "幸町(相模原市中央区)",
        "淵野辺駅北口"
    ],
    "weekday": [
        "8:10"
    ],
    "saturday": [],
    "holiday": [],
    "url": "https://www.kanachu.co.jp/dia/diagram/timetable01_js/course:0000804075-10/node:00129431/kt:0/lname:/"
}
