{
    "date": "2021/09/09",
    "name": "中沢中学校前",
    "position": "-",
    "system": "伊76",
    "destinations": [
        "粕屋上宿",
        "粕屋下宿",
        "成瀬農協前",
        "白金",
        "小金塚",
        "谷戸入",
        "道了尊入口",
        "愛甲石田駅"
    ],
    "weekday": [
        "6:58",
        "7:58",
        "8:58",
        "9:58",
        "10:58",
        "11:58",
        "12:58",
        "14:58",
        "15:58",
        "16:58",
        "17:58",
        "18:58",
        "19:58"
    ],
    "saturday": [
        "6:58",
        "7:58",
        "8:58",
        "9:58",
        "10:53",
        "11:58",
        "12:58",
        "13:58",
        "14:58",
        "15:58",
        "16:58",
        "17:58"
    ],
    "holiday": [
        "6:58",
        "7:58",
        "8:58",
        "9:58",
        "10:53",
        "11:58",
        "12:58",
        "13:58",
        "14:58",
        "15:58",
        "16:58",
        "17:58"
    ],
    "url": "https://www.kanachu.co.jp/dia/diagram/timetable01_js/course:0000800995-4/node:00128207/kt:0/lname:/"
}
