{
    "date": "2021/09/09",
    "name": "道了尊入口",
    "position": "-",
    "system": "伊76",
    "destinations": [
        "愛甲石田駅"
    ],
    "weekday": [
        "7:07",
        "8:07",
        "9:07",
        "10:07",
        "11:07",
        "12:07",
        "13:07",
        "15:07",
        "16:07",
        "17:07",
        "18:07",
        "19:07",
        "20:07"
    ],
    "saturday": [
        "7:07",
        "8:07",
        "9:07",
        "10:07",
        "11:02",
        "12:07",
        "13:07",
        "14:07",
        "15:07",
        "16:07",
        "17:07",
        "18:07"
    ],
    "holiday": [
        "7:07",
        "8:07",
        "9:07",
        "10:07",
        "11:02",
        "12:07",
        "13:07",
        "14:07",
        "15:07",
        "16:07",
        "17:07",
        "18:07"
    ],
    "url": "https://www.kanachu.co.jp/dia/diagram/timetable01_js/course:0000800995-11/node:00128202/kt:0/lname:/"
}
