{
    "date": "2025/11/16",
    "name": "東海大学病院",
    "position": "-",
    "system": "伊06",
    "destinations": [
        "望星薬局前",
        "伊勢原市役所北口",
        "行政センター前(伊勢原市)",
        "金山(伊勢原市)",
        "下原公園前",
        "下宿(伊勢原市)",
        "伊勢原駅南口"
    ],
    "weekday": [
        "7:20",
        "7:55",
        "8:25",
        "8:55",
        "9:10",
        "9:25",
        "9:40",
        "9:55",
        "10:10",
        "10:25",
        "10:45",
        "11:05",
        "11:25",
        "11:45",
        "12:05",
        "12:25",
        "12:45",
        "13:25",
        "13:45",
        "14:05",
        "14:25",
        "14:45",
        "15:05",
        "15:25",
        "15:45",
        "16:00",
        "16:15",
        "16:30",
        "16:45",
        "17:00",
        "17:15",
        "17:35",
        "17:55",
        "18:25",
        "18:55",
        "19:25"
    ],
    "saturday": [
        "8:45",
        "9:15",
        "9:45",
        "10:15",
        "10:45",
        "11:15",
        "11:45",
        "12:15",
        "12:45",
        "13:15",
        "13:45",
        "14:15",
        "14:45",
        "15:15",
        "15:45",
        "16:15"
    ],
    "holiday": [
        "8:45",
        "9:45",
        "10:45",
        "11:45",
        "12:45",
        "13:45",
        "14:45",
        "15:45"
    ],
    "url": "https://www.kanachu.co.jp/dia/diagram/timetable01_js/course:0000800452-1/node:00128197/kt:0/lname:/"
}
