{
    "date": "2024/03/16",
    "name": "旭農協前",
    "position": "-",
    "system": "町30",
    "destinations": [
        "寿町(相模原市緑区)",
        "寿橋",
        "久保ヶ谷戸",
        "三ツ目(町田市)",
        "堂の前(町田市)",
        "田端(町田市)",
        "坂本橋(町田市)",
        "片所",
        "御嶽堂",
        "横土手",
        "小山小学校前(町田市)",
        "小山郵便局前",
        "中村不動入口",
        "馬場十字路",
        "下馬場",
        "常盤(町田市)",
        "中常盤",
        "下常盤",
        "矢部",
        "忠生都営住宅前",
        "根岸(根岸町/町田市)",
        "下根岸(町田市)",
        "上宿(町田市)",
        "忠生公園入口",
        "木曽(町田市)",
        "三家(町田市)",
        "木曽住宅",
        "滝の沢(町田市)",
        "浄水場前(町田市)",
        "市民病院前(町田市)",
        "森野三丁目",
        "保健所入口",
        "森野一丁目",
        "町田バスセンター"
    ],
    "weekday": [
        "5:49",
        "6:05",
        "6:20",
        "6:29",
        "6:58",
        "7:10",
        "7:21",
        "7:31",
        "7:41",
        "8:06",
        "20:11",
        "20:41",
        "21:21",
        "22:01",
        "22:41"
    ],
    "saturday": [
        "6:06",
        "6:36",
        "7:11",
        "7:31",
        "8:11",
        "20:33",
        "21:13",
        "21:53"
    ],
    "holiday": [
        "5:57",
        "6:27",
        "6:56",
        "7:26",
        "7:51",
        "8:11",
        "20:33",
        "21:13",
        "21:53"
    ],
    "url": "https://www.kanachu.co.jp/dia/diagram/timetable01_js/course:0000803216-2/node:00020098/kt:0/lname:/"
}
