{
    "date": "2024/03/16",
    "name": "堂の前(町田市)",
    "position": "-",
    "system": "町30",
    "destinations": [
        "田端(町田市)",
        "坂本橋(町田市)",
        "片所",
        "御嶽堂",
        "横土手",
        "小山小学校前(町田市)",
        "小山郵便局前",
        "中村不動入口",
        "馬場十字路",
        "下馬場",
        "常盤(町田市)",
        "中常盤",
        "下常盤",
        "矢部",
        "忠生都営住宅前",
        "根岸(根岸町/町田市)",
        "下根岸(町田市)",
        "上宿(町田市)",
        "忠生公園入口",
        "木曽(町田市)",
        "三家(町田市)",
        "木曽住宅",
        "滝の沢(町田市)",
        "浄水場前(町田市)",
        "市民病院前(町田市)",
        "森野三丁目",
        "保健所入口",
        "森野一丁目",
        "町田バスセンター"
    ],
    "weekday": [
        "5:53",
        "6:09",
        "6:24",
        "6:33",
        "7:02",
        "7:14",
        "7:25",
        "7:35",
        "7:45",
        "8:10",
        "20:15",
        "20:45",
        "21:25",
        "22:05",
        "22:45"
    ],
    "saturday": [
        "6:10",
        "6:40",
        "7:15",
        "7:35",
        "8:15",
        "20:37",
        "21:17",
        "21:57"
    ],
    "holiday": [
        "6:01",
        "6:31",
        "7:00",
        "7:30",
        "7:55",
        "8:15",
        "20:37",
        "21:17",
        "21:57"
    ],
    "url": "https://www.kanachu.co.jp/dia/diagram/timetable01_js/course:0000803216-7/node:00130088/kt:0/lname:/"
}
