{
    "date": "2024/03/16",
    "name": "田端(町田市)",
    "position": "-",
    "system": "町30",
    "destinations": [
        "坂本橋(町田市)",
        "片所",
        "御嶽堂",
        "横土手",
        "小山小学校前(町田市)",
        "小山郵便局前",
        "中村不動入口",
        "馬場十字路",
        "下馬場",
        "常盤(町田市)",
        "中常盤",
        "下常盤",
        "矢部",
        "忠生都営住宅前",
        "根岸(根岸町/町田市)",
        "下根岸(町田市)",
        "上宿(町田市)",
        "忠生公園入口",
        "木曽(町田市)",
        "三家(町田市)",
        "木曽住宅",
        "滝の沢(町田市)",
        "浄水場前(町田市)",
        "市民病院前(町田市)",
        "森野三丁目",
        "保健所入口",
        "森野一丁目",
        "町田バスセンター"
    ],
    "weekday": [
        "5:54",
        "6:10",
        "6:25",
        "6:34",
        "7:03",
        "7:15",
        "7:26",
        "7:36",
        "7:46",
        "8:11",
        "20:16",
        "20:46",
        "21:26",
        "22:06",
        "22:46"
    ],
    "saturday": [
        "6:11",
        "6:41",
        "7:16",
        "7:36",
        "8:16",
        "20:38",
        "21:18",
        "21:58"
    ],
    "holiday": [
        "6:02",
        "6:32",
        "7:01",
        "7:31",
        "7:56",
        "8:16",
        "20:38",
        "21:18",
        "21:58"
    ],
    "url": "https://www.kanachu.co.jp/dia/diagram/timetable01_js/course:0000803216-8/node:00130089/kt:0/lname:/"
}
