{
    "date": "2024/03/16",
    "name": "横土手",
    "position": "-",
    "system": "町30",
    "destinations": [
        "小山小学校前(町田市)",
        "小山郵便局前",
        "中村不動入口",
        "馬場十字路",
        "下馬場",
        "常盤(町田市)",
        "中常盤",
        "下常盤",
        "矢部",
        "忠生都営住宅前",
        "根岸(根岸町/町田市)",
        "下根岸(町田市)",
        "上宿(町田市)",
        "忠生公園入口",
        "木曽(町田市)",
        "三家(町田市)",
        "木曽住宅",
        "滝の沢(町田市)",
        "浄水場前(町田市)",
        "市民病院前(町田市)",
        "森野三丁目",
        "保健所入口",
        "森野一丁目",
        "町田バスセンター"
    ],
    "weekday": [
        "5:58",
        "6:14",
        "6:29",
        "6:38",
        "7:09",
        "7:21",
        "7:32",
        "7:42",
        "7:52",
        "8:17",
        "20:22",
        "20:52",
        "21:31",
        "22:11",
        "22:51"
    ],
    "saturday": [
        "6:15",
        "6:45",
        "7:21",
        "7:41",
        "8:21",
        "20:44",
        "21:23",
        "22:03"
    ],
    "holiday": [
        "6:06",
        "6:36",
        "7:06",
        "7:36",
        "8:01",
        "8:21",
        "20:44",
        "21:23",
        "22:03"
    ],
    "url": "https://www.kanachu.co.jp/dia/diagram/timetable01_js/course:0000803216-12/node:00020167/kt:0/lname:/"
}
