{
    "date": "2024/03/16",
    "name": "中村不動入口",
    "position": "-",
    "system": "町30",
    "destinations": [
        "馬場十字路",
        "下馬場",
        "常盤(町田市)",
        "中常盤",
        "下常盤",
        "矢部",
        "忠生都営住宅前",
        "根岸(根岸町/町田市)",
        "下根岸(町田市)",
        "上宿(町田市)",
        "忠生公園入口",
        "木曽(町田市)",
        "三家(町田市)",
        "木曽住宅",
        "滝の沢(町田市)",
        "浄水場前(町田市)",
        "市民病院前(町田市)",
        "森野三丁目",
        "保健所入口",
        "森野一丁目",
        "町田バスセンター"
    ],
    "weekday": [
        "6:01",
        "6:17",
        "6:32",
        "6:41",
        "7:12",
        "7:24",
        "7:35",
        "7:45",
        "7:55",
        "8:20",
        "20:26",
        "20:56",
        "21:34",
        "22:14",
        "22:54"
    ],
    "saturday": [
        "6:18",
        "6:48",
        "7:24",
        "7:44",
        "8:24",
        "20:48",
        "21:26",
        "22:06"
    ],
    "holiday": [
        "6:09",
        "6:39",
        "7:09",
        "7:39",
        "8:04",
        "8:24",
        "20:48",
        "21:26",
        "22:06"
    ],
    "url": "https://www.kanachu.co.jp/dia/diagram/timetable01_js/course:0000803216-15/node:00130095/kt:0/lname:/"
}
