{
    "date": "2024/03/16",
    "name": "上宿(町田市)",
    "position": "-",
    "system": "町30",
    "destinations": [
        "忠生公園入口",
        "木曽(町田市)",
        "三家(町田市)",
        "木曽住宅",
        "滝の沢(町田市)",
        "浄水場前(町田市)",
        "市民病院前(町田市)",
        "森野三丁目",
        "保健所入口",
        "森野一丁目",
        "町田バスセンター"
    ],
    "weekday": [
        "6:12",
        "6:28",
        "6:43",
        "6:52",
        "7:26",
        "7:38",
        "7:49",
        "7:59",
        "8:09",
        "8:34",
        "20:39",
        "21:08",
        "21:45",
        "22:25",
        "23:05"
    ],
    "saturday": [
        "6:30",
        "7:00",
        "7:36",
        "7:56",
        "8:36",
        "20:59",
        "21:37",
        "22:17"
    ],
    "holiday": [
        "6:21",
        "6:51",
        "7:21",
        "7:51",
        "8:16",
        "8:36",
        "20:59",
        "21:37",
        "22:17"
    ],
    "url": "https://www.kanachu.co.jp/dia/diagram/timetable01_js/course:0000803216-25/node:00129365/kt:0/lname:/"
}
