{
    "date": "2024/03/16",
    "name": "木曽(町田市)",
    "position": "-",
    "system": "町30",
    "destinations": [
        "三家(町田市)",
        "木曽住宅",
        "滝の沢(町田市)",
        "浄水場前(町田市)",
        "市民病院前(町田市)",
        "森野三丁目",
        "保健所入口",
        "森野一丁目",
        "町田バスセンター"
    ],
    "weekday": [
        "6:14",
        "6:30",
        "6:45",
        "6:54",
        "7:28",
        "7:40",
        "7:51",
        "8:01",
        "8:11",
        "8:36",
        "20:41",
        "21:10",
        "21:47",
        "22:27",
        "23:07"
    ],
    "saturday": [
        "6:32",
        "7:02",
        "7:38",
        "7:58",
        "8:38",
        "21:01",
        "21:39",
        "22:19"
    ],
    "holiday": [
        "6:23",
        "6:53",
        "7:23",
        "7:53",
        "8:18",
        "8:38",
        "21:01",
        "21:39",
        "22:19"
    ],
    "url": "https://www.kanachu.co.jp/dia/diagram/timetable01_js/course:0000803216-27/node:00129364/kt:0/lname:/"
}
