{
    "date": "2024/03/16",
    "name": "浄水場前(町田市)",
    "position": "-",
    "system": "町30",
    "destinations": [
        "市民病院前(町田市)",
        "森野三丁目",
        "保健所入口",
        "森野一丁目",
        "町田バスセンター"
    ],
    "weekday": [
        "6:18",
        "6:34",
        "6:49",
        "6:58",
        "7:34",
        "7:46",
        "7:57",
        "8:07",
        "8:17",
        "8:42",
        "20:46",
        "21:15",
        "21:52",
        "22:32",
        "23:12"
    ],
    "saturday": [
        "6:36",
        "7:06",
        "7:42",
        "8:02",
        "8:42",
        "21:05",
        "21:43",
        "22:23"
    ],
    "holiday": [
        "6:27",
        "6:57",
        "7:27",
        "7:57",
        "8:22",
        "8:42",
        "21:05",
        "21:43",
        "22:23"
    ],
    "url": "https://www.kanachu.co.jp/dia/diagram/timetable01_js/course:0000803216-31/node:00129360/kt:0/lname:/"
}
