{
    "date": "2024/03/16",
    "name": "森野一丁目",
    "position": "-",
    "system": "町30",
    "destinations": [
        "町田バスセンター"
    ],
    "weekday": [
        "6:22",
        "6:38",
        "6:53",
        "7:02",
        "7:38",
        "7:50",
        "8:01",
        "8:11",
        "8:21",
        "8:46",
        "20:50",
        "21:19",
        "21:56",
        "22:36",
        "23:16"
    ],
    "saturday": [
        "6:40",
        "7:10",
        "7:46",
        "8:06",
        "8:46",
        "21:09",
        "21:47",
        "22:27"
    ],
    "holiday": [
        "6:31",
        "7:01",
        "7:31",
        "8:01",
        "8:26",
        "8:46",
        "21:09",
        "21:47",
        "22:27"
    ],
    "url": "https://www.kanachu.co.jp/dia/diagram/timetable01_js/course:0000803216-35/node:00129522/kt:0/lname:/"
}
