{
    "date": "2020/11/24",
    "name": "汲沢入口",
    "position": "-",
    "system": "船22",
    "destinations": [
        "クラブ前(横浜市戸塚区)",
        "深谷(横浜市戸塚区)",
        "横浜薬大南門",
        "俣野公園・横浜薬大前",
        "横浜薬大南門",
        "三叉路(横浜市戸塚区)",
        "横浜医療センター前",
        "原宿四ツ角",
        "庚申塚(横浜市戸塚区)",
        "小雀",
        "神社前(横浜市栄区)",
        "千秀小学校前",
        "青少年センター前(横浜市栄区)",
        "常勝寺(横浜市栄区)",
        "田谷(横浜市栄区)",
        "小蓋山",
        "宮ノ前(横浜市栄区)",
        "長尾台(横浜市栄区)",
        "坂本(鎌倉市)",
        "大船駅西口"
    ],
    "weekday": [
        "6:02",
        "7:38",
        "7:58",
        "8:43",
        "9:13",
        "9:43",
        "10:13",
        "10:43",
        "11:13",
        "11:43",
        "12:13",
        "12:43",
        "13:13",
        "13:43",
        "14:13",
        "14:43",
        "15:13",
        "15:43",
        "16:31",
        "16:57",
        "17:34",
        "17:49",
        "18:29",
        "18:49",
        "19:29",
        "20:20",
        "21:55",
        "22:25"
    ],
    "saturday": [
        "6:35",
        "7:10",
        "7:40",
        "8:10",
        "8:40",
        "9:04",
        "9:34",
        "10:29",
        "11:29",
        "12:29",
        "13:29",
        "14:29",
        "15:29",
        "16:29",
        "17:29",
        "18:29",
        "19:45",
        "20:45",
        "21:45",
        "22:24"
    ],
    "holiday": [
        "6:35",
        "7:35",
        "8:35",
        "9:29",
        "10:29",
        "11:29",
        "12:29",
        "13:29",
        "14:29",
        "15:29",
        "16:29",
        "17:29",
        "18:29",
        "19:45",
        "20:45",
        "21:45",
        "22:24"
    ],
    "url": "https://www.kanachu.co.jp/dia/diagram/timetable01_js/course:0000801249-8/node:00126837/kt:0/lname:/"
}
