{
    "date": "2020/11/24",
    "name": "俣野公園・横浜薬大前",
    "position": "-",
    "system": "船22",
    "destinations": [
        "横浜薬大南門",
        "三叉路(横浜市戸塚区)",
        "横浜医療センター前",
        "原宿四ツ角",
        "庚申塚(横浜市戸塚区)",
        "小雀",
        "神社前(横浜市栄区)",
        "千秀小学校前",
        "青少年センター前(横浜市栄区)",
        "常勝寺(横浜市栄区)",
        "田谷(横浜市栄区)",
        "小蓋山",
        "宮ノ前(横浜市栄区)",
        "長尾台(横浜市栄区)",
        "坂本(鎌倉市)",
        "大船駅西口"
    ],
    "weekday": [
        "6:09",
        "7:51",
        "8:11",
        "8:56",
        "9:26",
        "9:56",
        "10:26",
        "10:56",
        "11:26",
        "11:56",
        "12:26",
        "12:56",
        "13:26",
        "13:56",
        "14:26",
        "14:56",
        "15:26",
        "15:56",
        "16:44",
        "17:10",
        "17:47",
        "18:02",
        "18:42",
        "19:02",
        "19:42",
        "20:27",
        "22:02",
        "22:32"
    ],
    "saturday": [
        "6:42",
        "7:17",
        "7:47",
        "8:17",
        "8:47",
        "9:17",
        "9:47",
        "10:42",
        "11:42",
        "12:42",
        "13:42",
        "14:42",
        "15:42",
        "16:42",
        "17:42",
        "18:42",
        "19:52",
        "20:52",
        "21:52",
        "22:31"
    ],
    "holiday": [
        "6:42",
        "7:42",
        "8:42",
        "9:42",
        "10:42",
        "11:42",
        "12:42",
        "13:42",
        "14:42",
        "15:42",
        "16:42",
        "17:42",
        "18:42",
        "19:52",
        "20:52",
        "21:52",
        "22:31"
    ],
    "url": "https://www.kanachu.co.jp/dia/diagram/timetable01_js/course:0000801249-12/node:00126822/kt:0/lname:/"
}
