{
    "date": "2020/11/24",
    "name": "田谷(横浜市栄区)",
    "position": "-",
    "system": "船22",
    "destinations": [
        "小蓋山",
        "宮ノ前(横浜市栄区)",
        "長尾台(横浜市栄区)",
        "坂本(鎌倉市)",
        "大船駅西口"
    ],
    "weekday": [
        "6:23",
        "8:05",
        "8:25",
        "9:10",
        "9:40",
        "10:10",
        "10:40",
        "11:10",
        "11:40",
        "12:10",
        "12:40",
        "13:10",
        "13:40",
        "14:10",
        "14:40",
        "15:10",
        "15:40",
        "16:10",
        "16:58",
        "17:24",
        "18:01",
        "18:16",
        "18:56",
        "19:16",
        "19:56",
        "20:41",
        "22:16",
        "22:46"
    ],
    "saturday": [
        "6:56",
        "7:31",
        "8:01",
        "8:31",
        "9:01",
        "9:31",
        "10:01",
        "10:56",
        "11:56",
        "12:56",
        "13:56",
        "14:56",
        "15:56",
        "16:56",
        "17:56",
        "18:56",
        "20:06",
        "21:06",
        "22:06",
        "22:45"
    ],
    "holiday": [
        "6:56",
        "7:56",
        "8:56",
        "9:56",
        "10:56",
        "11:56",
        "12:56",
        "13:56",
        "14:56",
        "15:56",
        "16:56",
        "17:56",
        "18:56",
        "20:06",
        "21:06",
        "22:06",
        "22:45"
    ],
    "url": "https://www.kanachu.co.jp/dia/diagram/timetable01_js/course:0000801249-23/node:00126850/kt:0/lname:/"
}
