{
    "date": "2024/03/16",
    "name": "馬場十字路",
    "position": "-",
    "system": "町30",
    "destinations": [
        "中村不動入口",
        "小山郵便局前",
        "小山小学校前(町田市)",
        "横土手",
        "御嶽堂",
        "片所",
        "坂本橋(町田市)",
        "田端(町田市)",
        "堂の前(町田市)",
        "三ツ目(町田市)",
        "久保ヶ谷戸",
        "寿橋",
        "寿町(相模原市緑区)",
        "旭農協前",
        "橋本駅北口"
    ],
    "weekday": [
        "9:40",
        "10:00",
        "10:38",
        "10:58",
        "11:38",
        "11:58",
        "12:38",
        "12:58",
        "13:38",
        "13:58",
        "14:38",
        "14:58",
        "15:42",
        "16:02",
        "16:42",
        "17:02",
        "17:45",
        "18:05",
        "18:45",
        "19:05",
        "19:40",
        "20:00",
        "20:36"
    ],
    "saturday": [
        "9:36",
        "9:56",
        "10:36",
        "10:56",
        "11:36",
        "11:56",
        "12:36",
        "12:56",
        "13:36",
        "13:56",
        "14:38",
        "14:58",
        "15:42",
        "16:02",
        "16:42",
        "17:02",
        "17:42",
        "18:02",
        "18:47",
        "19:45",
        "20:44"
    ],
    "holiday": [
        "9:36",
        "9:56",
        "10:16",
        "10:36",
        "10:56",
        "11:36",
        "11:56",
        "12:36",
        "12:56",
        "13:36",
        "13:56",
        "14:38",
        "14:58",
        "15:50",
        "16:48",
        "17:57",
        "18:47",
        "19:45",
        "20:44",
        "21:14"
    ],
    "url": "https://www.kanachu.co.jp/dia/diagram/timetable01_js/course:0000802018-22/node:00130096/kt:0/lname:/"
}
