{
    "date": "2024/03/16",
    "name": "横土手",
    "position": "-",
    "system": "町30",
    "destinations": [
        "御嶽堂",
        "片所",
        "坂本橋(町田市)",
        "田端(町田市)",
        "堂の前(町田市)",
        "三ツ目(町田市)",
        "久保ヶ谷戸",
        "寿橋",
        "寿町(相模原市緑区)",
        "旭農協前",
        "橋本駅北口"
    ],
    "weekday": [
        "9:45",
        "10:05",
        "10:43",
        "11:03",
        "11:43",
        "12:03",
        "12:43",
        "13:03",
        "13:43",
        "14:03",
        "14:43",
        "15:03",
        "15:47",
        "16:07",
        "16:47",
        "17:07",
        "17:50",
        "18:10",
        "18:50",
        "19:10",
        "19:45",
        "20:05",
        "20:41"
    ],
    "saturday": [
        "9:41",
        "10:01",
        "10:41",
        "11:01",
        "11:41",
        "12:01",
        "12:41",
        "13:01",
        "13:41",
        "14:01",
        "14:43",
        "15:03",
        "15:47",
        "16:07",
        "16:47",
        "17:07",
        "17:47",
        "18:07",
        "18:52",
        "19:50",
        "20:49"
    ],
    "holiday": [
        "9:41",
        "10:01",
        "10:21",
        "10:41",
        "11:01",
        "11:41",
        "12:01",
        "12:41",
        "13:01",
        "13:41",
        "14:01",
        "14:43",
        "15:03",
        "15:55",
        "16:53",
        "18:02",
        "18:52",
        "19:50",
        "20:49",
        "21:19"
    ],
    "url": "https://www.kanachu.co.jp/dia/diagram/timetable01_js/course:0000802018-26/node:00020167/kt:0/lname:/"
}
