{
    "date": "2024/03/16",
    "name": "御嶽堂",
    "position": "-",
    "system": "町30",
    "destinations": [
        "片所",
        "坂本橋(町田市)",
        "田端(町田市)",
        "堂の前(町田市)",
        "三ツ目(町田市)",
        "久保ヶ谷戸",
        "寿橋",
        "寿町(相模原市緑区)",
        "旭農協前",
        "橋本駅北口"
    ],
    "weekday": [
        "9:46",
        "10:06",
        "10:44",
        "11:04",
        "11:44",
        "12:04",
        "12:44",
        "13:04",
        "13:44",
        "14:04",
        "14:44",
        "15:04",
        "15:48",
        "16:08",
        "16:48",
        "17:08",
        "17:51",
        "18:11",
        "18:51",
        "19:11",
        "19:46",
        "20:06",
        "20:42"
    ],
    "saturday": [
        "9:42",
        "10:02",
        "10:42",
        "11:02",
        "11:42",
        "12:02",
        "12:42",
        "13:02",
        "13:42",
        "14:02",
        "14:44",
        "15:04",
        "15:48",
        "16:08",
        "16:48",
        "17:08",
        "17:48",
        "18:08",
        "18:53",
        "19:51",
        "20:50"
    ],
    "holiday": [
        "9:42",
        "10:02",
        "10:22",
        "10:42",
        "11:02",
        "11:42",
        "12:02",
        "12:42",
        "13:02",
        "13:42",
        "14:02",
        "14:44",
        "15:04",
        "15:56",
        "16:54",
        "18:03",
        "18:53",
        "19:51",
        "20:50",
        "21:20"
    ],
    "url": "https://www.kanachu.co.jp/dia/diagram/timetable01_js/course:0000802018-27/node:00130092/kt:0/lname:/"
}
