{
    "date": "2024/03/16",
    "name": "田端(町田市)",
    "position": "-",
    "system": "町30",
    "destinations": [
        "堂の前(町田市)",
        "三ツ目(町田市)",
        "久保ヶ谷戸",
        "寿橋",
        "寿町(相模原市緑区)",
        "旭農協前",
        "橋本駅北口"
    ],
    "weekday": [
        "9:50",
        "10:10",
        "10:48",
        "11:08",
        "11:48",
        "12:08",
        "12:48",
        "13:08",
        "13:48",
        "14:08",
        "14:48",
        "15:08",
        "15:52",
        "16:12",
        "16:52",
        "17:12",
        "17:55",
        "18:15",
        "18:55",
        "19:15",
        "19:50",
        "20:10",
        "20:46"
    ],
    "saturday": [
        "9:46",
        "10:06",
        "10:46",
        "11:06",
        "11:46",
        "12:06",
        "12:46",
        "13:06",
        "13:46",
        "14:06",
        "14:48",
        "15:08",
        "15:52",
        "16:12",
        "16:52",
        "17:12",
        "17:52",
        "18:12",
        "18:57",
        "19:55",
        "20:54"
    ],
    "holiday": [
        "9:46",
        "10:06",
        "10:26",
        "10:46",
        "11:06",
        "11:46",
        "12:06",
        "12:46",
        "13:06",
        "13:46",
        "14:06",
        "14:48",
        "15:08",
        "16:00",
        "16:58",
        "18:07",
        "18:57",
        "19:55",
        "20:54",
        "21:24"
    ],
    "url": "https://www.kanachu.co.jp/dia/diagram/timetable01_js/course:0000802018-30/node:00130089/kt:0/lname:/"
}
