{
    "date": "2024/10/01",
    "name": "馬場十字路",
    "position": "-",
    "system": "淵40",
    "destinations": [
        "馬場橋南",
        "上矢部二丁目",
        "上矢部三丁目",
        "上矢部四丁目",
        "上矢部五丁目",
        "椿稲荷神社入口",
        "あかぬま公園前",
        "フェアロージュ淵野辺前",
        "淵野辺駅北口",
        "渕野辺総合病院入口",
        "南門商店街",
        "矢部駅・相模野病院前"
    ],
    "weekday": [
        "7:02",
        "7:47",
        "8:32"
    ],
    "saturday": [],
    "holiday": [],
    "url": "https://www.kanachu.co.jp/dia/diagram/timetable01_js/course:0000803625-3/node:00130096/kt:0/lname:/"
}
