{
    "date": "2024/10/01",
    "name": "椿稲荷神社入口",
    "position": "-",
    "system": "淵40",
    "destinations": [
        "あかぬま公園前",
        "フェアロージュ淵野辺前",
        "淵野辺駅北口",
        "渕野辺総合病院入口",
        "南門商店街",
        "矢部駅・相模野病院前"
    ],
    "weekday": [
        "7:08",
        "7:53",
        "8:38"
    ],
    "saturday": [],
    "holiday": [],
    "url": "https://www.kanachu.co.jp/dia/diagram/timetable01_js/course:0000803625-9/node:00130330/kt:0/lname:/"
}
