{
    "system": "淵40",
    "busstops": [
        {
            "index": "1",
            "id": "00130335",
            "name": "上矢部一丁目",
            "lat": "35.586891",
            "lng": "139.386516"
        },
        {
            "index": "2",
            "id": "00130336",
            "name": "高橋南",
            "lat": "35.58802",
            "lng": "139.387234"
        },
        {
            "index": "3",
            "id": "00130096",
            "name": "馬場十字路",
            "lat": "35.589016",
            "lng": "139.388299"
        },
        {
            "index": "4",
            "id": "00130337",
            "name": "馬場橋南",
            "lat": "35.586124",
            "lng": "139.389088"
        },
        {
            "index": "5",
            "id": "00130334",
            "name": "上矢部二丁目",
            "lat": "35.584886",
            "lng": "139.38859"
        },
        {
            "index": "6",
            "id": "00130333",
            "name": "上矢部三丁目",
            "lat": "35.583666",
            "lng": "139.391089"
        },
        {
            "index": "7",
            "id": "00130332",
            "name": "上矢部四丁目",
            "lat": "35.582855",
            "lng": "139.394404"
        },
        {
            "index": "8",
            "id": "00130331",
            "name": "上矢部五丁目",
            "lat": "35.581916",
            "lng": "139.396392"
        },
        {
            "index": "9",
            "id": "00130330",
            "name": "椿稲荷神社入口",
            "lat": "35.58061",
            "lng": "139.398458"
        },
        {
            "index": "10",
            "id": "00130329",
            "name": "あかぬま公園前",
            "lat": "35.579048",
            "lng": "139.398669"
        },
        {
            "index": "11",
            "id": "00130328",
            "name": "フェアロージュ淵野辺前",
            "lat": "35.577045",
            "lng": "139.39894"
        },
        {
            "index": "12",
            "id": "00129246",
            "name": "淵野辺駅北口",
            "lat": "35.569139",
            "lng": "139.394487"
        },
        {
            "index": "13",
            "id": "00130320",
            "name": "渕野辺総合病院入口",
            "lat": "35.570725",
            "lng": "139.391591"
        },
        {
            "index": "14",
            "id": "00130321",
            "name": "南門商店街",
            "lat": "35.572239",
            "lng": "139.388739"
        },
        {
            "index": "15",
            "id": "00130322",
            "name": "矢部駅・相模野病院前",
            "lat": "35.573278",
            "lng": "139.386935"
        }
    ],
    "route_url": "https://www.kanachu.co.jp/dia/route/index/cid:0000803625/"
}
