{
    "date": "2024/07/01",
    "name": "下郷(横浜市戸塚区)",
    "position": "-",
    "system": "戸94",
    "destinations": [
        "長久保(横浜市戸塚区)",
        "法務局前(横浜市戸塚区)",
        "皇谷台団地",
        "東電前(横浜市戸塚区)",
        "八坂神社前",
        "消防署前(横浜市戸塚区)",
        "戸塚駅西口",
        "戸塚バスセンター"
    ],
    "weekday": [
        "6:30",
        "6:50",
        "7:14",
        "7:34"
    ],
    "saturday": [
        "7:03",
        "8:29"
    ],
    "holiday": [
        "7:03",
        "8:29"
    ],
    "url": "https://www.kanachu.co.jp/dia/diagram/timetable01_js/course:0000803592-9/node:00126842/kt:0/lname:/"
}
