{
    "date": "2025/10/20",
    "name": "中村(町田市成瀬)",
    "position": "-",
    "system": "成01",
    "destinations": [
        "観性寺前",
        "成瀬台入口",
        "ポプラヶ丘前",
        "成瀬台二丁目",
        "野村住宅中央",
        "成瀬台"
    ],
    "weekday": [
        "7:23",
        "9:06",
        "10:33",
        "17:56",
        "18:56",
        "19:53",
        "20:08",
        "21:21",
        "22:01",
        "22:48"
    ],
    "saturday": [
        "20:13",
        "20:53",
        "21:33"
    ],
    "holiday": [
        "7:03",
        "7:33",
        "8:53",
        "20:13",
        "20:53"
    ],
    "url": "https://www.kanachu.co.jp/dia/diagram/timetable01_js/course:0000803017-4/node:00129560/kt:0/lname:/"
}
