{
    "date": "2025/10/20",
    "name": "本郷(横浜市瀬谷区)",
    "position": "-",
    "system": "間15",
    "destinations": [
        "本郷原",
        "中屋敷(横浜市瀬谷区)",
        "竹村町",
        "上瀬谷小学校入口",
        "八幡神社前(横浜市瀬谷区)",
        "馬場屋敷",
        "目黒",
        "長堀公園前",
        "鶴間二丁目",
        "鶴間駅東口"
    ],
    "weekday": [
        "15:09"
    ],
    "saturday": [],
    "holiday": [],
    "url": "https://www.kanachu.co.jp/dia/diagram/timetable01_js/course:0000803915-8/node:00129658/kt:0/lname:/"
}
