{
    "date": "2026/01/16",
    "name": "下宿(秦野市)",
    "position": "-",
    "system": "秦26",
    "destinations": [
        "仲宿(秦野市)",
        "上宿通り",
        "大川橋(秦野市)",
        "まほろば大橋",
        "秦野駅"
    ],
    "weekday": [
        "9:47",
        "10:47",
        "11:47",
        "12:47",
        "13:47",
        "14:47",
        "15:47",
        "16:47",
        "17:07",
        "17:42",
        "18:07",
        "18:42",
        "19:39",
        "20:44"
    ],
    "saturday": [
        "9:51",
        "10:51",
        "11:51",
        "12:51",
        "13:51",
        "14:51",
        "15:51",
        "16:49",
        "17:39",
        "18:39",
        "19:39",
        "20:39"
    ],
    "holiday": [
        "9:51",
        "10:51",
        "11:51",
        "12:51",
        "13:51",
        "14:51",
        "15:51",
        "16:49",
        "17:39",
        "18:39",
        "19:39",
        "20:39"
    ],
    "url": "https://www.kanachu.co.jp/dia/diagram/timetable01_js/course:0000804223-22/node:00127836/kt:0/lname:/"
}
