{
    "date": "2026/01/16",
    "name": "大川橋(秦野市)",
    "position": "-",
    "system": "秦26",
    "destinations": [
        "まほろば大橋",
        "秦野駅"
    ],
    "weekday": [
        "9:50",
        "10:50",
        "11:50",
        "12:50",
        "13:50",
        "14:50",
        "15:50",
        "16:50",
        "17:10",
        "17:45",
        "18:10",
        "18:45",
        "19:42",
        "20:47"
    ],
    "saturday": [
        "9:54",
        "10:54",
        "11:54",
        "12:54",
        "13:54",
        "14:54",
        "15:54",
        "16:52",
        "17:42",
        "18:42",
        "19:42",
        "20:42"
    ],
    "holiday": [
        "9:54",
        "10:54",
        "11:54",
        "12:54",
        "13:54",
        "14:54",
        "15:54",
        "16:52",
        "17:42",
        "18:42",
        "19:42",
        "20:42"
    ],
    "url": "https://www.kanachu.co.jp/dia/diagram/timetable01_js/course:0000804223-25/node:00127716/kt:0/lname:/"
}
