{
    "date": "2025/04/19",
    "name": "上溝中央",
    "position": "-",
    "system": "淵53",
    "destinations": [
        "上溝",
        "横山坂上",
        "星が丘(相模原市中央区)",
        "千代田(相模原市中央区)",
        "栄公園前",
        "弥栄(相模原市中央区)",
        "淵野辺十字路",
        "淵野辺駅入口",
        "淵野辺駅南口"
    ],
    "weekday": [
        "5:58",
        "6:18",
        "6:38",
        "7:40"
    ],
    "saturday": [
        "5:58",
        "6:38"
    ],
    "holiday": [
        "6:28"
    ],
    "url": "https://www.kanachu.co.jp/dia/diagram/timetable01_js/course:0000802407-10/node:00129348/kt:0/lname:/"
}
