{
    "date": "2025/04/19",
    "name": "上溝",
    "position": "-",
    "system": "淵53",
    "destinations": [
        "横山坂上",
        "星が丘(相模原市中央区)",
        "千代田(相模原市中央区)",
        "栄公園前",
        "弥栄(相模原市中央区)",
        "淵野辺十字路",
        "淵野辺駅入口",
        "淵野辺駅南口"
    ],
    "weekday": [
        "6:03",
        "6:23",
        "6:43",
        "7:45"
    ],
    "saturday": [
        "6:03",
        "6:43"
    ],
    "holiday": [
        "6:33"
    ],
    "url": "https://www.kanachu.co.jp/dia/diagram/timetable01_js/course:0000802407-11/node:00129347/kt:0/lname:/"
}
