{
    "date": "2025/04/01",
    "name": "山崎団地入口",
    "position": "-",
    "system": "町24",
    "destinations": [
        "山崎団地センター",
        "給水塔前(山崎団地/町田市)",
        "北一号(町田市)",
        "北二号(町田市)",
        "山崎団地"
    ],
    "weekday": [
        "6:26",
        "6:36",
        "6:46",
        "6:56",
        "7:06",
        "7:20",
        "7:42",
        "7:53",
        "8:07",
        "21:30",
        "22:07",
        "22:27",
        "22:57"
    ],
    "saturday": [
        "6:44",
        "6:58",
        "7:13",
        "7:53",
        "8:13",
        "8:37",
        "9:05",
        "21:17",
        "21:57",
        "22:22",
        "22:57"
    ],
    "holiday": [
        "6:39",
        "7:14",
        "7:48",
        "8:17",
        "8:47",
        "21:17",
        "21:57",
        "22:17",
        "22:52"
    ],
    "url": "https://www.kanachu.co.jp/dia/diagram/timetable01_js/course:0000801320-11/node:00129387/kt:0/lname:/"
}
