{
    "date": "2025/04/01",
    "name": "北一号(町田市)",
    "position": "-",
    "system": "町24",
    "destinations": [
        "北二号(町田市)",
        "山崎団地"
    ],
    "weekday": [
        "6:31",
        "6:41",
        "6:51",
        "7:01",
        "7:11",
        "7:25",
        "7:47",
        "7:58",
        "8:12",
        "21:35",
        "22:12",
        "22:32",
        "23:02"
    ],
    "saturday": [
        "6:49",
        "7:03",
        "7:18",
        "7:58",
        "8:18",
        "8:42",
        "9:10",
        "21:22",
        "22:02",
        "22:27",
        "23:02"
    ],
    "holiday": [
        "6:44",
        "7:19",
        "7:53",
        "8:22",
        "8:52",
        "21:22",
        "22:02",
        "22:22",
        "22:57"
    ],
    "url": "https://www.kanachu.co.jp/dia/diagram/timetable01_js/course:0000801320-14/node:00129390/kt:0/lname:/"
}
