{
    "date": "2025/11/25",
    "name": "根岸(相原町/町田市)",
    "position": "-",
    "system": "原19",
    "destinations": [
        "相原十字路",
        "開都",
        "相原小学校前",
        "諏訪神社前(町田市)",
        "相原駅西口"
    ],
    "weekday": [
        "5:50",
        "6:09",
        "6:42",
        "7:19",
        "7:32",
        "7:57",
        "8:12",
        "8:34",
        "8:59",
        "9:32",
        "9:52",
        "10:24",
        "11:09",
        "11:16",
        "11:46",
        "12:06",
        "12:46",
        "13:11",
        "13:21",
        "13:31",
        "13:41",
        "14:06",
        "14:21",
        "14:36",
        "14:47",
        "15:14",
        "15:41",
        "15:54",
        "16:26",
        "17:04",
        "17:14",
        "17:31",
        "17:49",
        "17:59",
        "18:49",
        "19:04",
        "19:12",
        "19:19",
        "19:36",
        "20:11",
        "20:51"
    ],
    "saturday": [
        "6:14",
        "7:21",
        "7:59",
        "8:14",
        "8:44",
        "8:59",
        "9:34",
        "10:14",
        "11:04",
        "11:54",
        "12:44",
        "13:19",
        "14:09",
        "14:59",
        "15:39",
        "16:24",
        "17:09",
        "17:54",
        "18:39",
        "19:24",
        "20:09"
    ],
    "holiday": [
        "6:28",
        "7:21",
        "8:09",
        "8:54",
        "9:39",
        "10:19",
        "11:04",
        "11:54",
        "12:34",
        "13:19",
        "14:09",
        "14:59",
        "15:39",
        "16:24",
        "17:09",
        "17:54",
        "18:39",
        "19:24",
        "20:09"
    ],
    "url": "https://www.kanachu.co.jp/dia/diagram/timetable01_js/course:0000802289-6/node:00128890/kt:0/lname:/"
}
