{
    "date": "2025/12/20",
    "name": "淵野辺駅北口",
    "position": "-",
    "system": "淵65",
    "destinations": [
        "幸町(相模原市中央区)",
        "淵野辺郵便局前",
        "小学校入口(相模原市中央区)",
        "山王(相模原市中央区)",
        "山王下(相模原市中央区)",
        "矢部八幡前",
        "桜美林学園前",
        "矢部",
        "下常盤",
        "中常盤",
        "常盤(町田市)",
        "下馬場",
        "馬場十字路",
        "上馬場(町田市)",
        "見晴らしの丘",
        "小山ヶ丘一丁目",
        "上中村(町田市)",
        "多摩境通り北",
        "神奈中多摩車庫"
    ],
    "weekday": [
        "8:58",
        "9:56",
        "10:25",
        "11:20",
        "12:22",
        "13:12",
        "14:32",
        "15:32",
        "16:12",
        "16:43",
        "19:07",
        "19:55",
        "20:15",
        "20:40"
    ],
    "saturday": [
        "9:00",
        "11:20",
        "13:20",
        "15:25",
        "17:30",
        "19:00",
        "19:48"
    ],
    "holiday": [
        "9:00",
        "11:20",
        "13:20",
        "15:25",
        "17:30",
        "19:00"
    ],
    "url": "https://www.kanachu.co.jp/dia/diagram/timetable01_js/course:0000800717-1/node:00129246/kt:0/lname:/"
}
