{
    "date": "2025/12/20",
    "name": "淵野辺郵便局前",
    "position": "-",
    "system": "淵65",
    "destinations": [
        "小学校入口(相模原市中央区)",
        "山王(相模原市中央区)",
        "山王下(相模原市中央区)",
        "矢部八幡前",
        "桜美林学園前",
        "矢部",
        "下常盤",
        "中常盤",
        "常盤(町田市)",
        "下馬場",
        "馬場十字路",
        "上馬場(町田市)",
        "見晴らしの丘",
        "小山ヶ丘一丁目",
        "上中村(町田市)",
        "多摩境通り北",
        "神奈中多摩車庫"
    ],
    "weekday": [
        "8:59",
        "9:57",
        "10:26",
        "11:21",
        "12:23",
        "13:13",
        "14:33",
        "15:33",
        "16:13",
        "16:44",
        "19:08",
        "19:56",
        "20:16",
        "20:41"
    ],
    "saturday": [
        "9:01",
        "11:21",
        "13:21",
        "15:26",
        "17:31",
        "19:01",
        "19:49"
    ],
    "holiday": [
        "9:01",
        "11:21",
        "13:21",
        "15:26",
        "17:31",
        "19:01"
    ],
    "url": "https://www.kanachu.co.jp/dia/diagram/timetable01_js/course:0000800717-3/node:00129309/kt:0/lname:/"
}
