{
    "date": "2025/12/20",
    "name": "山王下(相模原市中央区)",
    "position": "-",
    "system": "淵65",
    "destinations": [
        "矢部八幡前",
        "桜美林学園前",
        "矢部",
        "下常盤",
        "中常盤",
        "常盤(町田市)",
        "下馬場",
        "馬場十字路",
        "上馬場(町田市)",
        "見晴らしの丘",
        "小山ヶ丘一丁目",
        "上中村(町田市)",
        "多摩境通り北",
        "神奈中多摩車庫"
    ],
    "weekday": [
        "9:01",
        "9:59",
        "10:28",
        "11:23",
        "12:25",
        "13:15",
        "14:35",
        "15:35",
        "16:15",
        "16:46",
        "19:10",
        "19:58",
        "20:18",
        "20:43"
    ],
    "saturday": [
        "9:03",
        "11:23",
        "13:23",
        "15:28",
        "17:33",
        "19:03",
        "19:51"
    ],
    "holiday": [
        "9:03",
        "11:23",
        "13:23",
        "15:28",
        "17:33",
        "19:03"
    ],
    "url": "https://www.kanachu.co.jp/dia/diagram/timetable01_js/course:0000800717-6/node:00130112/kt:0/lname:/"
}
