{
    "date": "2025/12/20",
    "name": "矢部八幡前",
    "position": "-",
    "system": "淵65",
    "destinations": [
        "桜美林学園前",
        "矢部",
        "下常盤",
        "中常盤",
        "常盤(町田市)",
        "下馬場",
        "馬場十字路",
        "上馬場(町田市)",
        "見晴らしの丘",
        "小山ヶ丘一丁目",
        "上中村(町田市)",
        "多摩境通り北",
        "神奈中多摩車庫"
    ],
    "weekday": [
        "9:02",
        "10:00",
        "10:29",
        "11:24",
        "12:26",
        "13:16",
        "14:36",
        "15:36",
        "16:16",
        "16:47",
        "19:11",
        "19:59",
        "20:19",
        "20:44"
    ],
    "saturday": [
        "9:04",
        "11:24",
        "13:24",
        "15:29",
        "17:34",
        "19:04",
        "19:52"
    ],
    "holiday": [
        "9:04",
        "11:24",
        "13:24",
        "15:29",
        "17:34",
        "19:04"
    ],
    "url": "https://www.kanachu.co.jp/dia/diagram/timetable01_js/course:0000800717-7/node:00130113/kt:0/lname:/"
}
