{
    "date": "2025/12/20",
    "name": "上中村(町田市)",
    "position": "-",
    "system": "淵65",
    "destinations": [
        "多摩境通り北",
        "神奈中多摩車庫"
    ],
    "weekday": [
        "9:14",
        "10:12",
        "10:41",
        "11:36",
        "12:38",
        "13:28",
        "14:48",
        "15:48",
        "16:29",
        "17:00",
        "19:24",
        "20:09",
        "20:29",
        "20:54"
    ],
    "saturday": [
        "9:14",
        "11:37",
        "13:37",
        "15:42",
        "17:48",
        "19:14",
        "20:02"
    ],
    "holiday": [
        "9:14",
        "11:37",
        "13:37",
        "15:42",
        "17:48",
        "19:14"
    ],
    "url": "https://www.kanachu.co.jp/dia/diagram/timetable01_js/course:0000800717-18/node:00130129/kt:0/lname:/"
}
