{
    "date": "2025/03/15",
    "name": "東海岸二丁目",
    "position": "-",
    "system": "辻02",
    "destinations": [
        "駐在所前(茅ケ崎市)",
        "東海岸北五丁目",
        "松が丘二丁目(茅ケ崎市)",
        "平和町",
        "浜須賀入口",
        "平和学園前(茅ケ崎市)",
        "富士見町(茅ケ崎市)",
        "東浜須賀",
        "茅ヶ崎学園入口",
        "のぞみ学園前",
        "辻堂団地",
        "高砂小学校前(藤沢市)",
        "南海岸",
        "浜見山",
        "南町(藤沢市)",
        "西町(藤沢市)",
        "熊の森",
        "仲町(藤沢市)",
        "辻堂駅南口"
    ],
    "weekday": [
        "6:23",
        "6:53",
        "7:15",
        "7:45",
        "8:48",
        "9:43",
        "10:43",
        "11:43",
        "12:43",
        "13:43",
        "14:43",
        "15:58",
        "16:58",
        "17:58",
        "18:58",
        "19:56"
    ],
    "saturday": [],
    "holiday": [],
    "url": "https://www.kanachu.co.jp/dia/diagram/timetable01_js/course:0000802865-4/node:00127222/kt:0/lname:/"
}
