{
    "date": "2025/03/15",
    "name": "浜須賀入口",
    "position": "-",
    "system": "辻02",
    "destinations": [
        "平和学園前(茅ケ崎市)",
        "富士見町(茅ケ崎市)",
        "東浜須賀",
        "茅ヶ崎学園入口",
        "のぞみ学園前",
        "辻堂団地",
        "高砂小学校前(藤沢市)",
        "南海岸",
        "浜見山",
        "南町(藤沢市)",
        "西町(藤沢市)",
        "熊の森",
        "仲町(藤沢市)",
        "辻堂駅南口"
    ],
    "weekday": [
        "6:28",
        "6:58",
        "7:20",
        "7:50",
        "8:53",
        "9:48",
        "10:48",
        "11:48",
        "12:48",
        "13:48",
        "14:48",
        "16:03",
        "17:03",
        "18:03",
        "19:03",
        "20:01"
    ],
    "saturday": [],
    "holiday": [],
    "url": "https://www.kanachu.co.jp/dia/diagram/timetable01_js/course:0000802865-9/node:00127269/kt:0/lname:/"
}
