{
    "date": "2025/03/15",
    "name": "茅ヶ崎学園入口",
    "position": "-",
    "system": "辻02",
    "destinations": [
        "のぞみ学園前",
        "辻堂団地",
        "高砂小学校前(藤沢市)",
        "南海岸",
        "浜見山",
        "南町(藤沢市)",
        "西町(藤沢市)",
        "熊の森",
        "仲町(藤沢市)",
        "辻堂駅南口"
    ],
    "weekday": [
        "6:32",
        "7:02",
        "7:24",
        "7:54",
        "8:57",
        "9:52",
        "10:52",
        "11:52",
        "12:52",
        "13:52",
        "14:52",
        "16:07",
        "17:07",
        "18:07",
        "19:07",
        "20:05"
    ],
    "saturday": [],
    "holiday": [],
    "url": "https://www.kanachu.co.jp/dia/diagram/timetable01_js/course:0000802865-13/node:00127231/kt:0/lname:/"
}
