{
    "date": "2025/03/15",
    "name": "浜見山",
    "position": "-",
    "system": "辻02",
    "destinations": [
        "南町(藤沢市)",
        "西町(藤沢市)",
        "熊の森",
        "仲町(藤沢市)",
        "辻堂駅南口"
    ],
    "weekday": [
        "6:36",
        "7:06",
        "7:28",
        "8:00",
        "9:03",
        "9:58",
        "10:58",
        "11:58",
        "12:58",
        "13:58",
        "14:58",
        "16:13",
        "17:13",
        "18:13",
        "19:11",
        "20:09"
    ],
    "saturday": [],
    "holiday": [],
    "url": "https://www.kanachu.co.jp/dia/diagram/timetable01_js/course:0000802865-18/node:00127096/kt:0/lname:/"
}
