{
    "system": "辻02",
    "busstops": [
        {
            "index": "1",
            "id": "00127219",
            "name": "茅ヶ崎駅南口",
            "lat": "35.330063",
            "lng": "139.407008"
        },
        {
            "index": "2",
            "id": "00127220",
            "name": "幸町(茅ケ崎市)",
            "lat": "35.327449",
            "lng": "139.407939"
        },
        {
            "index": "3",
            "id": "00127221",
            "name": "会館前(茅ケ崎市)",
            "lat": "35.325258",
            "lng": "139.408325"
        },
        {
            "index": "4",
            "id": "00127222",
            "name": "東海岸二丁目",
            "lat": "35.32492",
            "lng": "139.41116"
        },
        {
            "index": "5",
            "id": "00127223",
            "name": "駐在所前(茅ケ崎市)",
            "lat": "35.32507",
            "lng": "139.415377"
        },
        {
            "index": "6",
            "id": "00127224",
            "name": "東海岸北五丁目",
            "lat": "35.325164",
            "lng": "139.418902"
        },
        {
            "index": "7",
            "id": "00127225",
            "name": "松が丘二丁目(茅ケ崎市)",
            "lat": "35.325253",
            "lng": "139.422843"
        },
        {
            "index": "8",
            "id": "00127226",
            "name": "平和町",
            "lat": "35.32542",
            "lng": "139.427709"
        },
        {
            "index": "9",
            "id": "00127269",
            "name": "浜須賀入口",
            "lat": "35.325537",
            "lng": "139.430375"
        },
        {
            "index": "10",
            "id": "00127227",
            "name": "平和学園前(茅ケ崎市)",
            "lat": "35.325587",
            "lng": "139.432208"
        },
        {
            "index": "11",
            "id": "00127228",
            "name": "富士見町(茅ケ崎市)",
            "lat": "35.325637",
            "lng": "139.435191"
        },
        {
            "index": "12",
            "id": "00127230",
            "name": "東浜須賀",
            "lat": "35.325015",
            "lng": "139.43726"
        },
        {
            "index": "13",
            "id": "00127231",
            "name": "茅ヶ崎学園入口",
            "lat": "35.323487",
            "lng": "139.437108"
        },
        {
            "index": "14",
            "id": "00127232",
            "name": "のぞみ学園前",
            "lat": "35.324967",
            "lng": "139.440592"
        },
        {
            "index": "15",
            "id": "00127107",
            "name": "辻堂団地",
            "lat": "35.325923",
            "lng": "139.443891"
        },
        {
            "index": "16",
            "id": "00127106",
            "name": "高砂小学校前(藤沢市)",
            "lat": "35.3265",
            "lng": "139.44804"
        },
        {
            "index": "17",
            "id": "00127105",
            "name": "南海岸",
            "lat": "35.326873",
            "lng": "139.450526"
        },
        {
            "index": "18",
            "id": "00127096",
            "name": "浜見山",
            "lat": "35.327559",
            "lng": "139.452812"
        },
        {
            "index": "19",
            "id": "00127115",
            "name": "南町(藤沢市)",
            "lat": "35.330213",
            "lng": "139.451691"
        },
        {
            "index": "20",
            "id": "00127114",
            "name": "西町(藤沢市)",
            "lat": "35.332058",
            "lng": "139.450874"
        },
        {
            "index": "21",
            "id": "00127113",
            "name": "熊の森",
            "lat": "35.334207",
            "lng": "139.450133"
        },
        {
            "index": "22",
            "id": "00127112",
            "name": "仲町(藤沢市)",
            "lat": "35.336336",
            "lng": "139.448969"
        },
        {
            "index": "23",
            "id": "00127111",
            "name": "辻堂駅南口",
            "lat": "35.336674",
            "lng": "139.44759"
        }
    ],
    "route_url": "https://www.kanachu.co.jp/dia/route/index/cid:0000802865/"
}
