{
    "date": "2023/10/01",
    "name": "福田小前",
    "position": "-",
    "system": "",
    "destinations": [
        "山下(大和市)",
        "桜丘学習センター前",
        "桜ヶ丘駅西口",
        "まごころ地域福祉センター",
        "柳橋小入口",
        "日飛入口",
        "引地台公園",
        "中央6丁目",
        "大和警察署前",
        "大和駅"
    ],
    "weekday": [
        "9:40",
        "10:35",
        "11:25",
        "12:15",
        "14:00",
        "14:55",
        "15:55",
        "16:45",
        "17:40",
        "18:30"
    ],
    "saturday": [
        "9:40",
        "10:35",
        "11:25",
        "12:15",
        "14:00",
        "14:55",
        "15:55",
        "16:45",
        "17:40",
        "18:30"
    ],
    "holiday": [
        "9:40",
        "10:35",
        "11:25",
        "12:15",
        "14:00",
        "14:55",
        "15:55",
        "16:45",
        "17:40",
        "18:30"
    ],
    "url": "https://www.kanachu.co.jp/dia/diagram/timetable01_js/course:0000803401-36/node:00130422/kt:0/lname:/"
}
