{
    "date": "2025/08/04",
    "name": "旭農協前",
    "position": "-",
    "system": "橋63",
    "destinations": [
        "寿町(相模原市緑区)",
        "寿橋",
        "久保ヶ谷戸",
        "相原境",
        "坂下(町田街道側/町田市)",
        "堺農協前",
        "堺中学校前",
        "堺市民センター前",
        "相原(町田市)",
        "相原駅西口",
        "諏訪神社前(町田市)",
        "相原小学校前",
        "開都",
        "相原十字路",
        "根岸(相原町/町田市)",
        "境橋(町田市)",
        "円林寺前",
        "水の口(町田市)",
        "法政大学入口",
        "法政大学(町田市)",
        "公会堂前(町田市)",
        "大戸橋",
        "上大戸",
        "ネイチャーファクトリー東京町田",
        "大戸(相模原市緑区)"
    ],
    "weekday": [
        "6:56",
        "8:00",
        "9:07",
        "9:51",
        "10:42",
        "11:20",
        "12:04",
        "12:59",
        "13:39",
        "14:24",
        "15:35",
        "16:09",
        "16:39",
        "17:24",
        "18:14",
        "18:59"
    ],
    "saturday": [
        "7:41",
        "8:21",
        "9:07",
        "10:09",
        "10:44",
        "11:27",
        "12:18",
        "12:58",
        "13:44",
        "14:38",
        "15:18",
        "15:58",
        "16:41",
        "17:27"
    ],
    "holiday": [
        "7:41",
        "8:21",
        "9:07",
        "10:05",
        "10:44",
        "11:27",
        "12:18",
        "12:58",
        "13:44",
        "14:38",
        "15:18",
        "15:58",
        "16:41",
        "17:27"
    ],
    "url": "https://www.kanachu.co.jp/dia/diagram/timetable01_js/course:0000803034-2/node:00020098/kt:0/lname:/"
}
