{
    "date": "2025/08/04",
    "name": "堺市民センター前",
    "position": "-",
    "system": "橋63",
    "destinations": [
        "相原(町田市)",
        "相原駅西口",
        "諏訪神社前(町田市)",
        "相原小学校前",
        "開都",
        "相原十字路",
        "根岸(相原町/町田市)",
        "境橋(町田市)",
        "円林寺前",
        "水の口(町田市)",
        "法政大学入口",
        "法政大学(町田市)",
        "公会堂前(町田市)",
        "大戸橋",
        "上大戸",
        "ネイチャーファクトリー東京町田",
        "大戸(相模原市緑区)"
    ],
    "weekday": [
        "7:03",
        "8:07",
        "9:14",
        "9:58",
        "10:49",
        "11:27",
        "12:11",
        "13:06",
        "13:46",
        "14:31",
        "15:42",
        "16:16",
        "16:46",
        "17:31",
        "18:21",
        "19:06"
    ],
    "saturday": [
        "7:48",
        "8:28",
        "9:14",
        "10:16",
        "10:51",
        "11:34",
        "12:25",
        "13:05",
        "13:51",
        "14:45",
        "15:25",
        "16:05",
        "16:48",
        "17:34"
    ],
    "holiday": [
        "7:48",
        "8:28",
        "9:14",
        "10:12",
        "10:51",
        "11:34",
        "12:25",
        "13:05",
        "13:51",
        "14:45",
        "15:25",
        "16:05",
        "16:48",
        "17:34"
    ],
    "url": "https://www.kanachu.co.jp/dia/diagram/timetable01_js/course:0000803034-10/node:00128884/kt:0/lname:/"
}
