{
    "date": "2025/08/04",
    "name": "相原駅西口",
    "position": "-",
    "system": "橋63",
    "destinations": [
        "諏訪神社前(町田市)",
        "相原小学校前",
        "開都",
        "相原十字路",
        "根岸(相原町/町田市)",
        "境橋(町田市)",
        "円林寺前",
        "水の口(町田市)",
        "法政大学入口",
        "法政大学(町田市)",
        "公会堂前(町田市)",
        "大戸橋",
        "上大戸",
        "ネイチャーファクトリー東京町田",
        "大戸(相模原市緑区)"
    ],
    "weekday": [
        "7:12",
        "8:23",
        "9:23",
        "10:07",
        "10:58",
        "11:36",
        "12:20",
        "13:15",
        "13:55",
        "14:40",
        "15:51",
        "16:25",
        "16:55",
        "17:43",
        "18:33",
        "19:18"
    ],
    "saturday": [
        "7:57",
        "8:37",
        "9:23",
        "10:25",
        "11:00",
        "11:43",
        "12:34",
        "13:14",
        "14:00",
        "14:54",
        "15:34",
        "16:14",
        "16:57",
        "17:43"
    ],
    "holiday": [
        "7:57",
        "8:37",
        "9:23",
        "10:21",
        "11:00",
        "11:43",
        "12:34",
        "13:14",
        "14:00",
        "14:54",
        "15:34",
        "16:14",
        "16:57",
        "17:43"
    ],
    "url": "https://www.kanachu.co.jp/dia/diagram/timetable01_js/course:0000803034-12/node:00130397/kt:0/lname:/"
}
