{
    "date": "2025/08/04",
    "name": "開都",
    "position": "-",
    "system": "橋63",
    "destinations": [
        "相原十字路",
        "根岸(相原町/町田市)",
        "境橋(町田市)",
        "円林寺前",
        "水の口(町田市)",
        "法政大学入口",
        "法政大学(町田市)",
        "公会堂前(町田市)",
        "大戸橋",
        "上大戸",
        "ネイチャーファクトリー東京町田",
        "大戸(相模原市緑区)"
    ],
    "weekday": [
        "7:15",
        "8:26",
        "9:26",
        "10:10",
        "11:01",
        "11:39",
        "12:23",
        "13:18",
        "13:58",
        "14:43",
        "15:54",
        "16:28",
        "16:58",
        "17:46",
        "18:36",
        "19:21"
    ],
    "saturday": [
        "8:00",
        "8:40",
        "9:26",
        "10:28",
        "11:03",
        "11:46",
        "12:37",
        "13:17",
        "14:03",
        "14:57",
        "15:37",
        "16:17",
        "17:00",
        "17:46"
    ],
    "holiday": [
        "8:00",
        "8:40",
        "9:26",
        "10:24",
        "11:03",
        "11:46",
        "12:37",
        "13:17",
        "14:03",
        "14:57",
        "15:37",
        "16:17",
        "17:00",
        "17:46"
    ],
    "url": "https://www.kanachu.co.jp/dia/diagram/timetable01_js/course:0000803034-15/node:00128888/kt:0/lname:/"
}
