{
    "date": "2025/08/04",
    "name": "境橋(町田市)",
    "position": "-",
    "system": "橋63",
    "destinations": [
        "円林寺前",
        "水の口(町田市)",
        "法政大学入口",
        "法政大学(町田市)",
        "公会堂前(町田市)",
        "大戸橋",
        "上大戸",
        "ネイチャーファクトリー東京町田",
        "大戸(相模原市緑区)"
    ],
    "weekday": [
        "7:18",
        "8:29",
        "9:29",
        "10:13",
        "11:04",
        "11:42",
        "12:26",
        "13:21",
        "14:01",
        "14:46",
        "15:57",
        "16:31",
        "17:01",
        "17:49",
        "18:39",
        "19:24"
    ],
    "saturday": [
        "8:03",
        "8:43",
        "9:29",
        "10:31",
        "11:06",
        "11:49",
        "12:40",
        "13:20",
        "14:06",
        "15:00",
        "15:40",
        "16:20",
        "17:03",
        "17:49"
    ],
    "holiday": [
        "8:03",
        "8:43",
        "9:29",
        "10:27",
        "11:06",
        "11:49",
        "12:40",
        "13:20",
        "14:06",
        "15:00",
        "15:40",
        "16:20",
        "17:03",
        "17:49"
    ],
    "url": "https://www.kanachu.co.jp/dia/diagram/timetable01_js/course:0000803034-18/node:00128891/kt:0/lname:/"
}
