{
    "date": "2025/08/04",
    "name": "大戸橋",
    "position": "-",
    "system": "橋63",
    "destinations": [
        "上大戸",
        "ネイチャーファクトリー東京町田",
        "大戸(相模原市緑区)"
    ],
    "weekday": [
        "7:28",
        "8:39",
        "9:39",
        "10:23",
        "11:14",
        "11:52",
        "12:36",
        "13:31",
        "14:11",
        "14:56",
        "16:07",
        "16:41",
        "17:11",
        "17:59",
        "18:49",
        "19:34"
    ],
    "saturday": [
        "8:13",
        "8:53",
        "9:39",
        "10:41",
        "11:16",
        "11:59",
        "12:50",
        "13:30",
        "14:16",
        "15:10",
        "15:50",
        "16:30",
        "17:13",
        "17:59"
    ],
    "holiday": [
        "8:13",
        "8:53",
        "9:39",
        "10:37",
        "11:16",
        "11:59",
        "12:50",
        "13:30",
        "14:16",
        "15:10",
        "15:50",
        "16:30",
        "17:13",
        "17:59"
    ],
    "url": "https://www.kanachu.co.jp/dia/diagram/timetable01_js/course:0000803034-24/node:00128895/kt:0/lname:/"
}
