{
    "date": "2025/08/04",
    "name": "上大戸",
    "position": "-",
    "system": "橋63",
    "destinations": [
        "ネイチャーファクトリー東京町田",
        "大戸(相模原市緑区)"
    ],
    "weekday": [
        "7:29",
        "8:40",
        "9:40",
        "10:24",
        "11:15",
        "11:53",
        "12:37",
        "13:32",
        "14:12",
        "14:57",
        "16:08",
        "16:42",
        "17:12",
        "18:00",
        "18:50",
        "19:35"
    ],
    "saturday": [
        "8:14",
        "8:54",
        "9:40",
        "10:42",
        "11:17",
        "12:00",
        "12:51",
        "13:31",
        "14:17",
        "15:11",
        "15:51",
        "16:31",
        "17:14",
        "18:00"
    ],
    "holiday": [
        "8:14",
        "8:54",
        "9:40",
        "10:38",
        "11:17",
        "12:00",
        "12:51",
        "13:31",
        "14:17",
        "15:11",
        "15:51",
        "16:31",
        "17:14",
        "18:00"
    ],
    "url": "https://www.kanachu.co.jp/dia/diagram/timetable01_js/course:0000803034-25/node:00128896/kt:0/lname:/"
}
