{
    "date": "2025/05/11",
    "name": "金沢八景",
    "position": "-",
    "system": "船08",
    "destinations": [
        "六浦橋",
        "上行寺",
        "六浦",
        "大道小学校前",
        "大道(横浜市金沢区)",
        "西大道",
        "住宅前(横浜市金沢区)",
        "大道中学校前",
        "朝比奈",
        "相武隧道",
        "隧道東口",
        "横浜霊園前",
        "森の家前",
        "上郷(横浜市栄区)",
        "長倉町",
        "八軒谷戸",
        "中島(横浜市栄区)",
        "光明寺(横浜市栄区)",
        "紅葉橋(横浜市栄区)",
        "本郷車庫前(横浜市栄区)",
        "山手学院入口",
        "稲荷森",
        "中野町",
        "本郷(横浜市栄区)",
        "本郷小学校前",
        "南河内(横浜市栄区)",
        "天神橋(横浜市栄区)",
        "栄警察署前",
        "公田",
        "鎌倉女子大前",
        "平島(鎌倉市)",
        "笠間十字路",
        "笠間町",
        "岩井口",
        "大船駅(横浜市栄区)"
    ],
    "weekday": [
        "6:25",
        "6:38",
        "6:57",
        "7:14",
        "7:33",
        "7:54",
        "8:17",
        "8:34",
        "8:57",
        "9:16",
        "9:37",
        "9:57",
        "10:28",
        "10:58",
        "11:28",
        "11:58",
        "12:28",
        "12:58",
        "13:28",
        "13:58",
        "14:28",
        "14:58",
        "15:28",
        "15:58",
        "16:28",
        "16:58",
        "17:28",
        "17:58",
        "18:28",
        "18:58",
        "19:28",
        "20:01",
        "20:40",
        "21:10",
        "21:40",
        "22:20"
    ],
    "saturday": [
        "6:40",
        "7:20",
        "7:50",
        "8:20",
        "8:53",
        "9:26",
        "10:04",
        "10:46",
        "11:28",
        "12:08",
        "12:48",
        "13:28",
        "14:08",
        "14:48",
        "15:28",
        "16:08",
        "16:48",
        "17:28",
        "18:08",
        "18:48",
        "19:15",
        "20:15",
        "21:25"
    ],
    "holiday": [
        "6:40",
        "7:20",
        "7:50",
        "8:20",
        "8:53",
        "9:26",
        "10:04",
        "10:46",
        "11:28",
        "12:08",
        "12:48",
        "13:28",
        "14:08",
        "14:48",
        "15:28",
        "16:08",
        "16:48",
        "17:28",
        "18:08",
        "18:48",
        "19:15",
        "20:15",
        "21:25"
    ],
    "url": "https://www.kanachu.co.jp/dia/diagram/timetable01_js/course:0000803821-2/node:00130503/kt:0/lname:/"
}
