{
    "date": "2025/05/11",
    "name": "六浦",
    "position": "-",
    "system": "船08",
    "destinations": [
        "大道小学校前",
        "大道(横浜市金沢区)",
        "西大道",
        "住宅前(横浜市金沢区)",
        "大道中学校前",
        "朝比奈",
        "相武隧道",
        "隧道東口",
        "横浜霊園前",
        "森の家前",
        "上郷(横浜市栄区)",
        "長倉町",
        "八軒谷戸",
        "中島(横浜市栄区)",
        "光明寺(横浜市栄区)",
        "紅葉橋(横浜市栄区)",
        "本郷車庫前(横浜市栄区)",
        "山手学院入口",
        "稲荷森",
        "中野町",
        "本郷(横浜市栄区)",
        "本郷小学校前",
        "南河内(横浜市栄区)",
        "天神橋(横浜市栄区)",
        "栄警察署前",
        "公田",
        "鎌倉女子大前",
        "平島(鎌倉市)",
        "笠間十字路",
        "笠間町",
        "岩井口",
        "大船駅(横浜市栄区)"
    ],
    "weekday": [
        "6:28",
        "6:41",
        "7:00",
        "7:18",
        "7:37",
        "7:58",
        "8:21",
        "8:38",
        "9:01",
        "9:20",
        "9:41",
        "10:01",
        "10:32",
        "11:02",
        "11:32",
        "12:02",
        "12:32",
        "13:02",
        "13:32",
        "14:02",
        "14:32",
        "15:02",
        "15:32",
        "16:02",
        "16:32",
        "17:02",
        "17:32",
        "18:02",
        "18:32",
        "19:02",
        "19:32",
        "20:04",
        "20:43",
        "21:13",
        "21:43",
        "22:23"
    ],
    "saturday": [
        "6:43",
        "7:24",
        "7:54",
        "8:24",
        "8:57",
        "9:30",
        "10:09",
        "10:51",
        "11:33",
        "12:13",
        "12:53",
        "13:33",
        "14:13",
        "14:53",
        "15:33",
        "16:13",
        "16:53",
        "17:33",
        "18:13",
        "18:53",
        "19:19",
        "20:18",
        "21:28"
    ],
    "holiday": [
        "6:43",
        "7:24",
        "7:54",
        "8:24",
        "8:57",
        "9:30",
        "10:09",
        "10:51",
        "11:33",
        "12:13",
        "12:53",
        "13:33",
        "14:13",
        "14:53",
        "15:33",
        "16:13",
        "16:53",
        "17:33",
        "18:13",
        "18:53",
        "19:19",
        "20:18",
        "21:28"
    ],
    "url": "https://www.kanachu.co.jp/dia/diagram/timetable01_js/course:0000803821-5/node:00113599/kt:0/lname:/"
}
