{
    "date": "2025/05/11",
    "name": "住宅前(横浜市金沢区)",
    "position": "-",
    "system": "船08",
    "destinations": [
        "大道中学校前",
        "朝比奈",
        "相武隧道",
        "隧道東口",
        "横浜霊園前",
        "森の家前",
        "上郷(横浜市栄区)",
        "長倉町",
        "八軒谷戸",
        "中島(横浜市栄区)",
        "光明寺(横浜市栄区)",
        "紅葉橋(横浜市栄区)",
        "本郷車庫前(横浜市栄区)",
        "山手学院入口",
        "稲荷森",
        "中野町",
        "本郷(横浜市栄区)",
        "本郷小学校前",
        "南河内(横浜市栄区)",
        "天神橋(横浜市栄区)",
        "栄警察署前",
        "公田",
        "鎌倉女子大前",
        "平島(鎌倉市)",
        "笠間十字路",
        "笠間町",
        "岩井口",
        "大船駅(横浜市栄区)"
    ],
    "weekday": [
        "6:31",
        "6:44",
        "7:03",
        "7:21",
        "7:40",
        "8:01",
        "8:24",
        "8:41",
        "9:06",
        "9:25",
        "9:46",
        "10:06",
        "10:37",
        "11:07",
        "11:37",
        "12:07",
        "12:37",
        "13:07",
        "13:37",
        "14:07",
        "14:37",
        "15:07",
        "15:37",
        "16:07",
        "16:37",
        "17:07",
        "17:37",
        "18:07",
        "18:37",
        "19:05",
        "19:35",
        "20:07",
        "20:46",
        "21:16",
        "21:46",
        "22:26"
    ],
    "saturday": [
        "6:46",
        "7:28",
        "7:58",
        "8:28",
        "9:01",
        "9:35",
        "10:14",
        "10:56",
        "11:38",
        "12:18",
        "12:58",
        "13:38",
        "14:18",
        "14:58",
        "15:38",
        "16:18",
        "16:58",
        "17:38",
        "18:18",
        "18:58",
        "19:22",
        "20:21",
        "21:31"
    ],
    "holiday": [
        "6:46",
        "7:28",
        "7:58",
        "8:28",
        "9:01",
        "9:35",
        "10:14",
        "10:56",
        "11:38",
        "12:18",
        "12:58",
        "13:38",
        "14:18",
        "14:58",
        "15:38",
        "16:18",
        "16:58",
        "17:38",
        "18:18",
        "18:58",
        "19:22",
        "20:21",
        "21:31"
    ],
    "url": "https://www.kanachu.co.jp/dia/diagram/timetable01_js/course:0000803821-9/node:00113603/kt:0/lname:/"
}
