{
    "date": "2025/05/11",
    "name": "大道中学校前",
    "position": "-",
    "system": "船08",
    "destinations": [
        "朝比奈",
        "相武隧道",
        "隧道東口",
        "横浜霊園前",
        "森の家前",
        "上郷(横浜市栄区)",
        "長倉町",
        "八軒谷戸",
        "中島(横浜市栄区)",
        "光明寺(横浜市栄区)",
        "紅葉橋(横浜市栄区)",
        "本郷車庫前(横浜市栄区)",
        "山手学院入口",
        "稲荷森",
        "中野町",
        "本郷(横浜市栄区)",
        "本郷小学校前",
        "南河内(横浜市栄区)",
        "天神橋(横浜市栄区)",
        "栄警察署前",
        "公田",
        "鎌倉女子大前",
        "平島(鎌倉市)",
        "笠間十字路",
        "笠間町",
        "岩井口",
        "大船駅(横浜市栄区)"
    ],
    "weekday": [
        "6:32",
        "6:45",
        "7:04",
        "7:22",
        "7:41",
        "8:02",
        "8:25",
        "8:42",
        "9:07",
        "9:26",
        "9:47",
        "10:07",
        "10:38",
        "11:08",
        "11:38",
        "12:08",
        "12:38",
        "13:08",
        "13:38",
        "14:08",
        "14:38",
        "15:08",
        "15:38",
        "16:08",
        "16:38",
        "17:08",
        "17:38",
        "18:08",
        "18:38",
        "19:06",
        "19:36",
        "20:08",
        "20:47",
        "21:17",
        "21:47",
        "22:27"
    ],
    "saturday": [
        "6:47",
        "7:29",
        "7:59",
        "8:29",
        "9:02",
        "9:36",
        "10:15",
        "10:57",
        "11:39",
        "12:19",
        "12:59",
        "13:39",
        "14:19",
        "14:59",
        "15:39",
        "16:19",
        "16:59",
        "17:39",
        "18:19",
        "18:59",
        "19:23",
        "20:22",
        "21:32"
    ],
    "holiday": [
        "6:47",
        "7:29",
        "7:59",
        "8:29",
        "9:02",
        "9:36",
        "10:15",
        "10:57",
        "11:39",
        "12:19",
        "12:59",
        "13:39",
        "14:19",
        "14:59",
        "15:39",
        "16:19",
        "16:59",
        "17:39",
        "18:19",
        "18:59",
        "19:23",
        "20:22",
        "21:32"
    ],
    "url": "https://www.kanachu.co.jp/dia/diagram/timetable01_js/course:0000803821-10/node:00113604/kt:0/lname:/"
}
