{
    "date": "2025/05/11",
    "name": "相武隧道",
    "position": "-",
    "system": "船08",
    "destinations": [
        "隧道東口",
        "横浜霊園前",
        "森の家前",
        "上郷(横浜市栄区)",
        "長倉町",
        "八軒谷戸",
        "中島(横浜市栄区)",
        "光明寺(横浜市栄区)",
        "紅葉橋(横浜市栄区)",
        "本郷車庫前(横浜市栄区)",
        "山手学院入口",
        "稲荷森",
        "中野町",
        "本郷(横浜市栄区)",
        "本郷小学校前",
        "南河内(横浜市栄区)",
        "天神橋(横浜市栄区)",
        "栄警察署前",
        "公田",
        "鎌倉女子大前",
        "平島(鎌倉市)",
        "笠間十字路",
        "笠間町",
        "岩井口",
        "大船駅(横浜市栄区)"
    ],
    "weekday": [
        "6:34",
        "6:47",
        "7:06",
        "7:24",
        "7:43",
        "8:04",
        "8:27",
        "8:44",
        "9:10",
        "9:29",
        "9:50",
        "10:10",
        "10:41",
        "11:11",
        "11:41",
        "12:11",
        "12:41",
        "13:11",
        "13:41",
        "14:11",
        "14:41",
        "15:11",
        "15:41",
        "16:11",
        "16:41",
        "17:11",
        "17:41",
        "18:11",
        "18:41",
        "19:08",
        "19:38",
        "20:10",
        "20:49",
        "21:19",
        "21:49",
        "22:29"
    ],
    "saturday": [
        "6:49",
        "7:31",
        "8:01",
        "8:31",
        "9:05",
        "9:39",
        "10:18",
        "11:00",
        "11:42",
        "12:22",
        "13:02",
        "13:42",
        "14:22",
        "15:02",
        "15:42",
        "16:22",
        "17:02",
        "17:42",
        "18:22",
        "19:02",
        "19:25",
        "20:24",
        "21:34"
    ],
    "holiday": [
        "6:49",
        "7:31",
        "8:01",
        "8:31",
        "9:05",
        "9:39",
        "10:18",
        "11:00",
        "11:42",
        "12:22",
        "13:02",
        "13:42",
        "14:22",
        "15:02",
        "15:42",
        "16:22",
        "17:02",
        "17:42",
        "18:22",
        "19:02",
        "19:25",
        "20:24",
        "21:34"
    ],
    "url": "https://www.kanachu.co.jp/dia/diagram/timetable01_js/course:0000803821-12/node:00113828/kt:0/lname:/"
}
