{
    "date": "2025/05/11",
    "name": "長倉町",
    "position": "-",
    "system": "船08",
    "destinations": [
        "八軒谷戸",
        "中島(横浜市栄区)",
        "光明寺(横浜市栄区)",
        "紅葉橋(横浜市栄区)",
        "本郷車庫前(横浜市栄区)",
        "山手学院入口",
        "稲荷森",
        "中野町",
        "本郷(横浜市栄区)",
        "本郷小学校前",
        "南河内(横浜市栄区)",
        "天神橋(横浜市栄区)",
        "栄警察署前",
        "公田",
        "鎌倉女子大前",
        "平島(鎌倉市)",
        "笠間十字路",
        "笠間町",
        "岩井口",
        "大船駅(横浜市栄区)"
    ],
    "weekday": [
        "6:39",
        "6:52",
        "7:11",
        "7:29",
        "7:48",
        "8:09",
        "8:32",
        "8:49",
        "9:16",
        "9:35",
        "9:56",
        "10:16",
        "10:47",
        "11:17",
        "11:47",
        "12:17",
        "12:47",
        "13:17",
        "13:47",
        "14:17",
        "14:47",
        "15:17",
        "15:47",
        "16:17",
        "16:47",
        "17:17",
        "17:47",
        "18:17",
        "18:47",
        "19:13",
        "19:43",
        "20:15",
        "20:54",
        "21:24",
        "21:54",
        "22:34"
    ],
    "saturday": [
        "6:54",
        "7:36",
        "8:06",
        "8:36",
        "9:11",
        "9:45",
        "10:25",
        "11:07",
        "11:49",
        "12:29",
        "13:09",
        "13:49",
        "14:29",
        "15:09",
        "15:49",
        "16:29",
        "17:09",
        "17:49",
        "18:29",
        "19:07",
        "19:30",
        "20:29",
        "21:39"
    ],
    "holiday": [
        "6:54",
        "7:36",
        "8:06",
        "8:36",
        "9:11",
        "9:45",
        "10:25",
        "11:07",
        "11:49",
        "12:29",
        "13:09",
        "13:49",
        "14:29",
        "15:09",
        "15:49",
        "16:29",
        "17:09",
        "17:49",
        "18:29",
        "19:07",
        "19:30",
        "20:29",
        "21:39"
    ],
    "url": "https://www.kanachu.co.jp/dia/diagram/timetable01_js/course:0000803821-17/node:00126518/kt:0/lname:/"
}
