{
    "date": "2025/05/11",
    "name": "本郷車庫前(横浜市栄区)",
    "position": "-",
    "system": "船08",
    "destinations": [
        "山手学院入口",
        "稲荷森",
        "中野町",
        "本郷(横浜市栄区)",
        "本郷小学校前",
        "南河内(横浜市栄区)",
        "天神橋(横浜市栄区)",
        "栄警察署前",
        "公田",
        "鎌倉女子大前",
        "平島(鎌倉市)",
        "笠間十字路",
        "笠間町",
        "岩井口",
        "大船駅(横浜市栄区)"
    ],
    "weekday": [
        "6:44",
        "6:57",
        "7:19",
        "7:37",
        "7:56",
        "8:17",
        "8:40",
        "8:57",
        "9:22",
        "9:41",
        "10:02",
        "10:22",
        "10:53",
        "11:23",
        "11:53",
        "12:23",
        "12:53",
        "13:23",
        "13:53",
        "14:23",
        "14:53",
        "15:23",
        "15:53",
        "16:23",
        "16:53",
        "17:23",
        "17:53",
        "18:23",
        "18:53",
        "19:18",
        "19:48",
        "20:20",
        "20:59",
        "21:29",
        "21:59",
        "22:39"
    ],
    "saturday": [
        "6:59",
        "7:41",
        "8:11",
        "8:41",
        "9:17",
        "9:51",
        "10:31",
        "11:13",
        "11:55",
        "12:35",
        "13:15",
        "13:55",
        "14:35",
        "15:15",
        "15:55",
        "16:35",
        "17:15",
        "17:55",
        "18:35",
        "19:12",
        "19:35",
        "20:34",
        "21:44"
    ],
    "holiday": [
        "6:59",
        "7:41",
        "8:11",
        "8:41",
        "9:17",
        "9:51",
        "10:31",
        "11:13",
        "11:55",
        "12:35",
        "13:15",
        "13:55",
        "14:35",
        "15:15",
        "15:55",
        "16:35",
        "17:15",
        "17:55",
        "18:35",
        "19:12",
        "19:35",
        "20:34",
        "21:44"
    ],
    "url": "https://www.kanachu.co.jp/dia/diagram/timetable01_js/course:0000803821-22/node:00025683/kt:0/lname:/"
}
