{
    "date": "2025/05/11",
    "name": "稲荷森",
    "position": "-",
    "system": "船08",
    "destinations": [
        "中野町",
        "本郷(横浜市栄区)",
        "本郷小学校前",
        "南河内(横浜市栄区)",
        "天神橋(横浜市栄区)",
        "栄警察署前",
        "公田",
        "鎌倉女子大前",
        "平島(鎌倉市)",
        "笠間十字路",
        "笠間町",
        "岩井口",
        "大船駅(横浜市栄区)"
    ],
    "weekday": [
        "6:46",
        "6:59",
        "7:22",
        "7:40",
        "7:59",
        "8:20",
        "8:43",
        "9:00",
        "9:24",
        "9:43",
        "10:04",
        "10:24",
        "10:55",
        "11:25",
        "11:55",
        "12:25",
        "12:55",
        "13:25",
        "13:55",
        "14:25",
        "14:55",
        "15:25",
        "15:55",
        "16:25",
        "16:55",
        "17:25",
        "17:55",
        "18:25",
        "18:55",
        "19:20",
        "19:50",
        "20:22",
        "21:01",
        "21:31",
        "22:01",
        "22:41"
    ],
    "saturday": [
        "7:01",
        "7:43",
        "8:13",
        "8:43",
        "9:20",
        "9:54",
        "10:34",
        "11:16",
        "11:58",
        "12:38",
        "13:18",
        "13:58",
        "14:38",
        "15:18",
        "15:58",
        "16:38",
        "17:18",
        "17:58",
        "18:38",
        "19:14",
        "19:37",
        "20:36",
        "21:46"
    ],
    "holiday": [
        "7:01",
        "7:43",
        "8:13",
        "8:43",
        "9:20",
        "9:54",
        "10:34",
        "11:16",
        "11:58",
        "12:38",
        "13:18",
        "13:58",
        "14:38",
        "15:18",
        "15:58",
        "16:38",
        "17:18",
        "17:58",
        "18:38",
        "19:14",
        "19:37",
        "20:36",
        "21:46"
    ],
    "url": "https://www.kanachu.co.jp/dia/diagram/timetable01_js/course:0000803821-24/node:00126512/kt:0/lname:/"
}
