{
    "date": "2025/05/11",
    "name": "中野町",
    "position": "-",
    "system": "船08",
    "destinations": [
        "本郷(横浜市栄区)",
        "本郷小学校前",
        "南河内(横浜市栄区)",
        "天神橋(横浜市栄区)",
        "栄警察署前",
        "公田",
        "鎌倉女子大前",
        "平島(鎌倉市)",
        "笠間十字路",
        "笠間町",
        "岩井口",
        "大船駅(横浜市栄区)"
    ],
    "weekday": [
        "6:47",
        "7:00",
        "7:23",
        "7:41",
        "8:00",
        "8:21",
        "8:44",
        "9:01",
        "9:25",
        "9:44",
        "10:05",
        "10:25",
        "10:56",
        "11:26",
        "11:56",
        "12:26",
        "12:56",
        "13:26",
        "13:56",
        "14:26",
        "14:56",
        "15:26",
        "15:56",
        "16:26",
        "16:56",
        "17:26",
        "17:56",
        "18:26",
        "18:56",
        "19:21",
        "19:51",
        "20:23",
        "21:02",
        "21:32",
        "22:02",
        "22:42"
    ],
    "saturday": [
        "7:02",
        "7:44",
        "8:14",
        "8:44",
        "9:21",
        "9:55",
        "10:35",
        "11:17",
        "11:59",
        "12:39",
        "13:19",
        "13:59",
        "14:39",
        "15:19",
        "15:59",
        "16:39",
        "17:19",
        "17:59",
        "18:39",
        "19:15",
        "19:38",
        "20:37",
        "21:47"
    ],
    "holiday": [
        "7:02",
        "7:44",
        "8:14",
        "8:44",
        "9:21",
        "9:55",
        "10:35",
        "11:17",
        "11:59",
        "12:39",
        "13:19",
        "13:59",
        "14:39",
        "15:19",
        "15:59",
        "16:39",
        "17:19",
        "17:59",
        "18:39",
        "19:15",
        "19:38",
        "20:37",
        "21:47"
    ],
    "url": "https://www.kanachu.co.jp/dia/diagram/timetable01_js/course:0000803821-25/node:00126511/kt:0/lname:/"
}
