{
    "date": "2025/05/11",
    "name": "天神橋(横浜市栄区)",
    "position": "-",
    "system": "船08",
    "destinations": [
        "栄警察署前",
        "公田",
        "鎌倉女子大前",
        "平島(鎌倉市)",
        "笠間十字路",
        "笠間町",
        "岩井口",
        "大船駅(横浜市栄区)"
    ],
    "weekday": [
        "6:50",
        "7:04",
        "7:29",
        "7:47",
        "8:06",
        "8:27",
        "8:50",
        "9:06",
        "9:30",
        "9:49",
        "10:10",
        "10:30",
        "11:01",
        "11:31",
        "12:01",
        "12:31",
        "13:01",
        "13:31",
        "14:01",
        "14:31",
        "15:01",
        "15:31",
        "16:02",
        "16:32",
        "17:02",
        "17:31",
        "18:01",
        "18:31",
        "19:01",
        "19:25",
        "19:55",
        "20:26",
        "21:05",
        "21:35",
        "22:05",
        "22:45"
    ],
    "saturday": [
        "7:07",
        "7:49",
        "8:19",
        "8:49",
        "9:26",
        "10:00",
        "10:40",
        "11:22",
        "12:04",
        "12:44",
        "13:24",
        "14:04",
        "14:44",
        "15:24",
        "16:04",
        "16:44",
        "17:24",
        "18:04",
        "18:44",
        "19:18",
        "19:41",
        "20:40",
        "21:50"
    ],
    "holiday": [
        "7:07",
        "7:49",
        "8:19",
        "8:49",
        "9:26",
        "10:00",
        "10:40",
        "11:22",
        "12:04",
        "12:44",
        "13:24",
        "14:04",
        "14:44",
        "15:24",
        "16:04",
        "16:44",
        "17:24",
        "18:04",
        "18:44",
        "19:18",
        "19:41",
        "20:40",
        "21:50"
    ],
    "url": "https://www.kanachu.co.jp/dia/diagram/timetable01_js/course:0000803821-29/node:00126507/kt:0/lname:/"
}
