{
    "date": "2025/05/11",
    "name": "平島(鎌倉市)",
    "position": "-",
    "system": "船08",
    "destinations": [
        "笠間十字路",
        "笠間町",
        "岩井口",
        "大船駅(横浜市栄区)"
    ],
    "weekday": [
        "6:54",
        "7:09",
        "7:34",
        "7:52",
        "8:11",
        "8:32",
        "8:55",
        "9:11",
        "9:35",
        "9:54",
        "10:15",
        "10:35",
        "11:06",
        "11:36",
        "12:06",
        "12:36",
        "13:06",
        "13:36",
        "14:06",
        "14:36",
        "15:06",
        "15:36",
        "16:07",
        "16:37",
        "17:07",
        "17:36",
        "18:06",
        "18:36",
        "19:06",
        "19:30",
        "20:00",
        "20:30",
        "21:09",
        "21:39",
        "22:09",
        "22:49"
    ],
    "saturday": [
        "7:13",
        "7:55",
        "8:25",
        "8:55",
        "9:32",
        "10:06",
        "10:46",
        "11:28",
        "12:10",
        "12:50",
        "13:30",
        "14:10",
        "14:50",
        "15:30",
        "16:10",
        "16:50",
        "17:30",
        "18:10",
        "18:50",
        "19:23",
        "19:46",
        "20:44",
        "21:54"
    ],
    "holiday": [
        "7:13",
        "7:55",
        "8:25",
        "8:55",
        "9:32",
        "10:06",
        "10:46",
        "11:28",
        "12:10",
        "12:50",
        "13:30",
        "14:10",
        "14:50",
        "15:30",
        "16:10",
        "16:50",
        "17:30",
        "18:10",
        "18:50",
        "19:23",
        "19:46",
        "20:44",
        "21:54"
    ],
    "url": "https://www.kanachu.co.jp/dia/diagram/timetable01_js/course:0000803821-33/node:00126504/kt:0/lname:/"
}
