{
    "date": "2025/05/11",
    "name": "岩井口",
    "position": "-",
    "system": "船08",
    "destinations": [
        "大船駅(横浜市栄区)"
    ],
    "weekday": [
        "6:56",
        "7:12",
        "7:37",
        "7:55",
        "8:14",
        "8:35",
        "8:58",
        "9:14",
        "9:38",
        "9:57",
        "10:18",
        "10:38",
        "11:09",
        "11:39",
        "12:09",
        "12:39",
        "13:09",
        "13:39",
        "14:09",
        "14:39",
        "15:09",
        "15:39",
        "16:10",
        "16:40",
        "17:10",
        "17:39",
        "18:09",
        "18:39",
        "19:09",
        "19:33",
        "20:03",
        "20:32",
        "21:11",
        "21:41",
        "22:11",
        "22:51"
    ],
    "saturday": [
        "7:15",
        "7:57",
        "8:27",
        "8:57",
        "9:34",
        "10:08",
        "10:48",
        "11:30",
        "12:12",
        "12:52",
        "13:32",
        "14:12",
        "14:52",
        "15:32",
        "16:12",
        "16:52",
        "17:32",
        "18:12",
        "18:52",
        "19:25",
        "19:48",
        "20:46",
        "21:56"
    ],
    "holiday": [
        "7:15",
        "7:57",
        "8:27",
        "8:57",
        "9:34",
        "10:08",
        "10:48",
        "11:30",
        "12:12",
        "12:52",
        "13:32",
        "14:12",
        "14:52",
        "15:32",
        "16:12",
        "16:52",
        "17:32",
        "18:12",
        "18:52",
        "19:25",
        "19:48",
        "20:46",
        "21:56"
    ],
    "url": "https://www.kanachu.co.jp/dia/diagram/timetable01_js/course:0000803821-36/node:00126501/kt:0/lname:/"
}
