{
    "date": "2025/03/15",
    "name": "ニュータウン入口(茅ケ崎市)",
    "position": "-",
    "system": "茅15",
    "destinations": [
        "神奈中営業所前",
        "前の田",
        "中央公園前(茅ケ崎市)",
        "茅ヶ崎駅"
    ],
    "weekday": [
        "5:45",
        "6:05",
        "6:23",
        "6:41",
        "6:53",
        "7:06",
        "7:18",
        "7:30",
        "7:47",
        "7:56",
        "8:06",
        "8:21",
        "8:52",
        "9:06",
        "9:46",
        "10:06",
        "10:46",
        "11:40",
        "12:40",
        "13:40",
        "14:40",
        "15:40",
        "16:34",
        "17:34",
        "18:41",
        "19:36"
    ],
    "saturday": [
        "6:21",
        "6:55",
        "7:25",
        "7:55",
        "8:26",
        "8:56",
        "9:26",
        "9:56",
        "10:11",
        "11:11",
        "12:11",
        "13:11",
        "14:11",
        "15:11",
        "16:11",
        "17:11",
        "18:11",
        "19:10"
    ],
    "holiday": [
        "6:21",
        "6:55",
        "7:25",
        "8:26",
        "9:11",
        "10:11",
        "11:11",
        "12:11",
        "13:11",
        "14:11",
        "15:11",
        "16:11",
        "17:11",
        "18:11",
        "19:10"
    ],
    "url": "https://www.kanachu.co.jp/dia/diagram/timetable01_js/course:0000800284-5/node:00127138/kt:0/lname:/"
}
