{
    "date": "2025/03/15",
    "name": "神奈中営業所前",
    "position": "-",
    "system": "茅15",
    "destinations": [
        "前の田",
        "中央公園前(茅ケ崎市)",
        "茅ヶ崎駅"
    ],
    "weekday": [
        "5:46",
        "6:06",
        "6:24",
        "6:42",
        "6:54",
        "7:07",
        "7:19",
        "7:31",
        "7:48",
        "7:57",
        "8:07",
        "8:22",
        "8:53",
        "9:07",
        "9:47",
        "10:07",
        "10:47",
        "11:41",
        "12:41",
        "13:41",
        "14:41",
        "15:41",
        "16:35",
        "17:35",
        "18:42",
        "19:37"
    ],
    "saturday": [
        "6:22",
        "6:56",
        "7:26",
        "7:56",
        "8:27",
        "8:57",
        "9:27",
        "9:57",
        "10:12",
        "11:12",
        "12:12",
        "13:12",
        "14:12",
        "15:12",
        "16:12",
        "17:12",
        "18:12",
        "19:11"
    ],
    "holiday": [
        "6:22",
        "6:56",
        "7:26",
        "8:27",
        "9:12",
        "10:12",
        "11:12",
        "12:12",
        "13:12",
        "14:12",
        "15:12",
        "16:12",
        "17:12",
        "18:12",
        "19:11"
    ],
    "url": "https://www.kanachu.co.jp/dia/diagram/timetable01_js/course:0000800284-6/node:00127137/kt:0/lname:/"
}
