{
    "date": "2025/03/15",
    "name": "中央公園前(茅ケ崎市)",
    "position": "-",
    "system": "茅15",
    "destinations": [
        "茅ヶ崎駅"
    ],
    "weekday": [
        "5:49",
        "6:09",
        "6:27",
        "6:45",
        "6:57",
        "7:10",
        "7:22",
        "7:34",
        "7:51",
        "8:00",
        "8:10",
        "8:25",
        "8:56",
        "9:10",
        "9:50",
        "10:10",
        "10:50",
        "11:44",
        "12:44",
        "13:44",
        "14:44",
        "15:44",
        "16:38",
        "17:38",
        "18:45",
        "19:40"
    ],
    "saturday": [
        "6:25",
        "6:59",
        "7:29",
        "7:59",
        "8:30",
        "9:00",
        "9:30",
        "10:00",
        "10:15",
        "11:15",
        "12:15",
        "13:15",
        "14:15",
        "15:15",
        "16:15",
        "17:15",
        "18:15",
        "19:14"
    ],
    "holiday": [
        "6:25",
        "6:59",
        "7:29",
        "8:30",
        "9:15",
        "10:15",
        "11:15",
        "12:15",
        "13:15",
        "14:15",
        "15:15",
        "16:15",
        "17:15",
        "18:15",
        "19:14"
    ],
    "url": "https://www.kanachu.co.jp/dia/diagram/timetable01_js/course:0000800284-8/node:00127135/kt:0/lname:/"
}
