{
    "date": "2026/01/16",
    "name": "若竹町(横浜市栄区)",
    "position": "-",
    "system": "港93",
    "destinations": [
        "元大橋公園前",
        "港南台西公園",
        "横浜女子短期大学前",
        "港南台駅"
    ],
    "weekday": [
        "6:36",
        "7:29",
        "7:54",
        "8:51",
        "10:27",
        "11:27",
        "12:37",
        "13:22",
        "14:27",
        "15:21",
        "16:21",
        "17:24",
        "18:18",
        "19:18"
    ],
    "saturday": [
        "9:18",
        "10:18",
        "11:18",
        "12:18",
        "13:18",
        "14:18",
        "15:18",
        "16:18",
        "17:18"
    ],
    "holiday": [
        "9:18",
        "10:18",
        "11:18",
        "12:18",
        "13:18",
        "14:18",
        "15:18",
        "16:18",
        "17:18"
    ],
    "url": "https://www.kanachu.co.jp/dia/diagram/timetable01_js/course:0000803994-11/node:00126547/kt:0/lname:/"
}
