{
    "date": "2025/08/30",
    "name": "西田橋",
    "position": "-",
    "system": "弥01",
    "destinations": [
        "中川地区センター入口",
        "親善病院前",
        "弥生台駅"
    ],
    "weekday": [
        "6:47",
        "7:27",
        "8:04",
        "8:51",
        "9:29",
        "10:09",
        "10:49",
        "11:29",
        "12:09",
        "12:49",
        "13:29",
        "14:09",
        "14:49",
        "15:29",
        "16:09",
        "16:49",
        "17:29",
        "18:09",
        "18:47",
        "19:29",
        "20:09",
        "20:56"
    ],
    "saturday": [
        "8:09",
        "8:49",
        "9:29",
        "10:09",
        "10:49",
        "11:29",
        "12:09",
        "12:49",
        "13:29",
        "14:09",
        "14:49",
        "15:29",
        "16:09",
        "16:49",
        "17:29",
        "18:09",
        "18:49",
        "19:29",
        "20:09"
    ],
    "holiday": [
        "8:09",
        "8:49",
        "9:29",
        "10:09",
        "10:49",
        "11:29",
        "12:09",
        "12:49",
        "13:29",
        "14:09",
        "14:49",
        "15:29",
        "16:09",
        "16:49",
        "17:29",
        "18:09",
        "18:49",
        "19:29",
        "20:09"
    ],
    "url": "https://www.kanachu.co.jp/dia/diagram/timetable01_js/course:0000803850-6/node:00126714/kt:0/lname:/"
}
