{
    "date": "2025/08/30",
    "name": "親善病院前",
    "position": "-",
    "system": "弥01",
    "destinations": [
        "弥生台駅"
    ],
    "weekday": [
        "6:48",
        "7:28",
        "8:05",
        "8:52",
        "9:30",
        "10:10",
        "10:50",
        "11:30",
        "12:10",
        "12:50",
        "13:30",
        "14:10",
        "14:50",
        "15:30",
        "16:10",
        "16:50",
        "17:30",
        "18:10",
        "18:48",
        "19:30",
        "20:10",
        "20:57"
    ],
    "saturday": [
        "8:10",
        "8:50",
        "9:30",
        "10:10",
        "10:50",
        "11:30",
        "12:10",
        "12:50",
        "13:30",
        "14:10",
        "14:50",
        "15:30",
        "16:10",
        "16:50",
        "17:30",
        "18:10",
        "18:50",
        "19:30",
        "20:10"
    ],
    "holiday": [
        "8:10",
        "8:50",
        "9:30",
        "10:10",
        "10:50",
        "11:30",
        "12:10",
        "12:50",
        "13:30",
        "14:10",
        "14:50",
        "15:30",
        "16:10",
        "16:50",
        "17:30",
        "18:10",
        "18:50",
        "19:30",
        "20:10"
    ],
    "url": "https://www.kanachu.co.jp/dia/diagram/timetable01_js/course:0000803850-8/node:00126697/kt:0/lname:/"
}
