{
    "date": "2025/11/16",
    "name": "石神台東公園前",
    "position": "-",
    "system": "磯13",
    "destinations": [
        "南公園前(中郡大磯町)",
        "西公園前(中郡大磯町)"
    ],
    "weekday": [
        "7:03",
        "8:22",
        "8:52",
        "10:22",
        "11:22",
        "12:22",
        "13:22",
        "14:22",
        "15:22",
        "16:23",
        "17:23",
        "18:23",
        "19:32",
        "19:57",
        "20:57",
        "23:08"
    ],
    "saturday": [
        "7:20",
        "8:00",
        "9:07",
        "10:07",
        "11:07",
        "12:07",
        "13:07",
        "14:07",
        "15:07",
        "16:07",
        "17:07",
        "18:07",
        "19:07",
        "20:07",
        "22:37"
    ],
    "holiday": [
        "7:20",
        "8:00",
        "9:07",
        "10:07",
        "11:07",
        "12:07",
        "13:07",
        "14:07",
        "15:07",
        "16:07",
        "17:07",
        "18:07",
        "19:07",
        "20:07",
        "22:37"
    ],
    "url": "https://www.kanachu.co.jp/dia/diagram/timetable01_js/course:0000801784-11/node:00127507/kt:0/lname:/"
}
