{
    "system": "磯13",
    "busstops": [
        {
            "index": "1",
            "id": "00127455",
            "name": "大磯駅",
            "lat": "35.310657",
            "lng": "139.313269"
        },
        {
            "index": "2",
            "id": "00127456",
            "name": "大磯小学校前",
            "lat": "35.308319",
            "lng": "139.312302"
        },
        {
            "index": "3",
            "id": "00127478",
            "name": "統監道",
            "lat": "35.307851",
            "lng": "139.309179"
        },
        {
            "index": "4",
            "id": "00127479",
            "name": "白岩大門",
            "lat": "35.306636",
            "lng": "139.30177"
        },
        {
            "index": "5",
            "id": "00127480",
            "name": "八坂神社(中郡大磯町)",
            "lat": "35.305564",
            "lng": "139.297263"
        },
        {
            "index": "6",
            "id": "00127687",
            "name": "城山公園前(中郡大磯町)",
            "lat": "35.303783",
            "lng": "139.291389"
        },
        {
            "index": "7",
            "id": "00127481",
            "name": "中丸(中郡大磯町)",
            "lat": "35.304177",
            "lng": "139.284892"
        },
        {
            "index": "8",
            "id": "00127482",
            "name": "大磯プリンスホテル入口",
            "lat": "35.304352",
            "lng": "139.279163"
        },
        {
            "index": "9",
            "id": "00127505",
            "name": "天の杜",
            "lat": "35.307427",
            "lng": "139.277489"
        },
        {
            "index": "10",
            "id": "00127506",
            "name": "湘南大磯病院",
            "lat": "35.309474",
            "lng": "139.277029"
        },
        {
            "index": "11",
            "id": "00127507",
            "name": "石神台東公園前",
            "lat": "35.310452",
            "lng": "139.271996"
        },
        {
            "index": "12",
            "id": "00127508",
            "name": "南公園前(中郡大磯町)",
            "lat": "35.309228",
            "lng": "139.268713"
        },
        {
            "index": "13",
            "id": "00127509",
            "name": "西公園前(中郡大磯町)",
            "lat": "35.311424",
            "lng": "139.266892"
        }
    ],
    "route_url": "https://www.kanachu.co.jp/dia/route/index/cid:0000801784/"
}
