{
    "date": "2025/08/30",
    "name": "東戸塚駅東口",
    "position": "-",
    "system": "",
    "destinations": [
        "品濃町(横浜市戸塚区)",
        "坂下(横浜市戸塚区)",
        "品濃口",
        "平戸(横浜市港南区)",
        "芹が谷団地前",
        "せりぎんタウン",
        "芹が谷",
        "芹が谷山谷",
        "水道橋下",
        "普門院前",
        "別所宮下",
        "南が丘中学校前",
        "最戸町",
        "最戸橋",
        "上大岡駅"
    ],
    "weekday": [
        "6:41",
        "6:50",
        "7:06",
        "7:12",
        "7:18",
        "7:27",
        "7:35",
        "7:41",
        "7:44",
        "7:58",
        "8:10",
        "8:26",
        "8:33",
        "8:49",
        "9:05",
        "9:20",
        "9:40",
        "10:00",
        "10:20",
        "10:40",
        "11:00",
        "11:20",
        "11:40",
        "12:03",
        "12:20",
        "12:40",
        "13:03",
        "13:20",
        "13:40",
        "14:03",
        "14:20",
        "14:40",
        "15:03",
        "15:20",
        "15:40",
        "16:03",
        "16:20",
        "16:40",
        "17:00",
        "17:16",
        "17:28",
        "17:40",
        "17:52",
        "18:04",
        "18:16",
        "18:28",
        "18:40",
        "18:52",
        "19:04",
        "19:20",
        "19:36",
        "19:54",
        "20:10",
        "20:26",
        "20:42",
        "21:02",
        "21:32",
        "22:02",
        "22:33",
        "23:15"
    ],
    "saturday": [
        "7:00",
        "7:20",
        "7:40",
        "8:00",
        "8:20",
        "8:40",
        "8:58",
        "9:22",
        "9:40",
        "9:58",
        "10:22",
        "10:40",
        "11:00",
        "11:20",
        "11:40",
        "12:03",
        "12:20",
        "12:40",
        "13:03",
        "13:20",
        "13:40",
        "14:03",
        "14:20",
        "14:40",
        "15:03",
        "15:20",
        "15:40",
        "16:03",
        "16:20",
        "16:40",
        "17:00",
        "17:20",
        "17:40",
        "18:00",
        "18:20",
        "18:40",
        "19:00",
        "19:20",
        "19:40",
        "20:10",
        "20:40",
        "21:10",
        "21:50",
        "22:33"
    ],
    "holiday": [
        "7:10",
        "7:40",
        "8:00",
        "8:20",
        "8:40",
        "9:00",
        "9:20",
        "9:40",
        "10:00",
        "10:20",
        "10:40",
        "11:00",
        "11:20",
        "11:40",
        "12:03",
        "12:20",
        "12:40",
        "13:03",
        "13:20",
        "13:40",
        "14:03",
        "14:20",
        "14:40",
        "15:03",
        "15:20",
        "15:40",
        "16:03",
        "16:20",
        "16:40",
        "17:00",
        "17:20",
        "17:40",
        "18:00",
        "18:20",
        "18:40",
        "19:00",
        "19:20",
        "19:40",
        "20:10",
        "20:40",
        "21:16",
        "22:02"
    ],
    "url": "https://www.kanachu.co.jp/dia/diagram/timetable01_js/course:0000803864-1/node:00126647/kt:0/lname:/"
}
