{
    "date": "2025/03/15",
    "name": "寺尾(綾瀬市)",
    "position": "-",
    "system": "",
    "destinations": [
        "観音入口",
        "上深谷",
        "本郷(綾瀬市)",
        "綾瀬工業団地入口",
        "与蔵山下",
        "中郷(綾瀬市)",
        "綾瀬タウンヒルズ前",
        "綾瀬市役所",
        "市民文化センター前(綾瀬市)",
        "春日原(綾瀬市)",
        "吉岡芝原",
        "団地中央(綾瀬市)",
        "吉岡工業団地"
    ],
    "weekday": [
        "7:50",
        "8:15",
        "9:40",
        "10:32",
        "11:32",
        "12:32",
        "13:32",
        "14:32",
        "15:32",
        "16:32",
        "17:45",
        "18:53"
    ],
    "saturday": [
        "10:43",
        "12:13",
        "13:43",
        "15:13"
    ],
    "holiday": [
        "10:43",
        "12:13",
        "13:43",
        "15:13"
    ],
    "url": "https://www.kanachu.co.jp/dia/diagram/timetable01_js/course:0000800126-8/node:00129865/kt:0/lname:/"
}
