{
    "date": "2025/03/15",
    "name": "観音入口",
    "position": "-",
    "system": "",
    "destinations": [
        "上深谷",
        "本郷(綾瀬市)",
        "綾瀬工業団地入口",
        "与蔵山下",
        "中郷(綾瀬市)",
        "綾瀬タウンヒルズ前",
        "綾瀬市役所",
        "市民文化センター前(綾瀬市)",
        "春日原(綾瀬市)",
        "吉岡芝原",
        "団地中央(綾瀬市)",
        "吉岡工業団地"
    ],
    "weekday": [
        "7:51",
        "8:16",
        "9:41",
        "10:33",
        "11:33",
        "12:33",
        "13:33",
        "14:33",
        "15:33",
        "16:33",
        "17:46",
        "18:54"
    ],
    "saturday": [
        "10:44",
        "12:14",
        "13:44",
        "15:14"
    ],
    "holiday": [
        "10:44",
        "12:14",
        "13:44",
        "15:14"
    ],
    "url": "https://www.kanachu.co.jp/dia/diagram/timetable01_js/course:0000800126-9/node:00129864/kt:0/lname:/"
}
