{
    "date": "2025/03/15",
    "name": "市民文化センター前(綾瀬市)",
    "position": "-",
    "system": "",
    "destinations": [
        "春日原(綾瀬市)",
        "吉岡芝原",
        "団地中央(綾瀬市)",
        "吉岡工業団地"
    ],
    "weekday": [
        "8:02",
        "8:27",
        "9:51",
        "10:43",
        "11:43",
        "12:43",
        "13:43",
        "14:43",
        "15:43",
        "16:43",
        "17:56",
        "19:05"
    ],
    "saturday": [
        "10:54",
        "12:24",
        "13:54",
        "15:24"
    ],
    "holiday": [
        "10:54",
        "12:24",
        "13:54",
        "15:24"
    ],
    "url": "https://www.kanachu.co.jp/dia/diagram/timetable01_js/course:0000800126-17/node:00129861/kt:0/lname:/"
}
