{
    "date": "2021/02/01",
    "name": "市立病院(茅ケ崎市)",
    "position": "-",
    "system": "コ12",
    "destinations": [
        "本村五丁目",
        "本村二丁目",
        "徳洲会病院前(茅ケ崎市)",
        "茅ヶ崎駅南口",
        "幸町(茅ケ崎市)",
        "徳洲会病院前(茅ケ崎市)",
        "東原(茅ケ崎市)",
        "若松町(茅ケ崎市)",
        "ラチエン通り旭が丘",
        "松が丘郵便局",
        "松が丘一丁目",
        "松が丘緑地",
        "菱沼海岸",
        "開高健記念館",
        "菱沼海岸南",
        "茅ヶ崎ゴルフ倶楽部前",
        "開高健記念館",
        "東海岸南五丁目",
        "松が丘二丁目(茅ケ崎市)",
        "浜須賀小学校入口",
        "平和町",
        "浜須賀入口",
        "平和学園前(茅ケ崎市)",
        "平和町北",
        "教会前(平和町/茅ケ崎市)",
        "松が丘二丁目北",
        "旭が丘(茅ケ崎市)",
        "若松町(茅ケ崎市)",
        "徳洲会病院前(茅ケ崎市)",
        "茅ヶ崎駅南口",
        "幸町(茅ケ崎市)",
        "徳洲会病院前(茅ケ崎市)",
        "本村二丁目",
        "本村五丁目",
        "市立病院(茅ケ崎市)"
    ],
    "weekday": [
        "7:00",
        "8:20",
        "9:30",
        "11:00",
        "12:10",
        "13:30",
        "14:40",
        "15:50",
        "17:00",
        "18:00"
    ],
    "saturday": [
        "8:20",
        "9:30",
        "11:00",
        "12:10",
        "13:30",
        "14:40",
        "15:50",
        "17:00"
    ],
    "holiday": [
        "8:20",
        "9:30",
        "11:00",
        "12:10",
        "13:30",
        "14:40",
        "15:50",
        "17:00"
    ],
    "url": "https://www.kanachu.co.jp/dia/diagram/timetable01_js/course:0000801043-1/node:00127153/kt:0/lname:/"
}
