{
    "date": "2021/02/01",
    "name": "茅ヶ崎駅南口",
    "position": "-",
    "system": "",
    "destinations": [
        "幸町(茅ケ崎市)",
        "徳洲会病院前(茅ケ崎市)",
        "東原(茅ケ崎市)",
        "若松町(茅ケ崎市)",
        "ラチエン通り旭が丘",
        "松が丘郵便局",
        "松が丘一丁目",
        "松が丘緑地",
        "菱沼海岸",
        "開高健記念館",
        "菱沼海岸南",
        "茅ヶ崎ゴルフ倶楽部前",
        "開高健記念館",
        "東海岸南五丁目",
        "松が丘二丁目(茅ケ崎市)",
        "浜須賀小学校入口",
        "平和町",
        "浜須賀入口",
        "平和学園前(茅ケ崎市)",
        "平和町北",
        "教会前(平和町/茅ケ崎市)",
        "松が丘二丁目北",
        "旭が丘(茅ケ崎市)",
        "若松町(茅ケ崎市)",
        "徳洲会病院前(茅ケ崎市)",
        "茅ヶ崎駅南口",
        "幸町(茅ケ崎市)",
        "徳洲会病院前(茅ケ崎市)",
        "本村二丁目",
        "本村五丁目",
        "市立病院(茅ケ崎市)"
    ],
    "weekday": [
        "7:13",
        "8:33",
        "9:43",
        "11:13",
        "12:23",
        "13:43",
        "14:53",
        "16:03",
        "17:13",
        "18:13"
    ],
    "saturday": [
        "8:33",
        "9:43",
        "11:13",
        "12:23",
        "13:43",
        "14:53",
        "16:03",
        "17:13"
    ],
    "holiday": [
        "8:33",
        "9:43",
        "11:13",
        "12:23",
        "13:43",
        "14:53",
        "16:03",
        "17:13"
    ],
    "url": "https://www.kanachu.co.jp/dia/diagram/timetable01_js/course:0000801043-5/node:00127219/kt:0/lname:/"
}
