{
    "date": "2021/02/01",
    "name": "菱沼海岸南",
    "position": "-",
    "system": "コ12",
    "destinations": [
        "茅ヶ崎ゴルフ倶楽部前",
        "開高健記念館",
        "東海岸南五丁目",
        "松が丘二丁目(茅ケ崎市)",
        "浜須賀小学校入口",
        "平和町",
        "浜須賀入口",
        "平和学園前(茅ケ崎市)",
        "平和町北",
        "教会前(平和町/茅ケ崎市)",
        "松が丘二丁目北",
        "旭が丘(茅ケ崎市)",
        "若松町(茅ケ崎市)",
        "徳洲会病院前(茅ケ崎市)",
        "茅ヶ崎駅南口",
        "幸町(茅ケ崎市)",
        "徳洲会病院前(茅ケ崎市)",
        "本村二丁目",
        "本村五丁目",
        "市立病院(茅ケ崎市)"
    ],
    "weekday": [
        "7:23",
        "8:43",
        "9:53",
        "11:23",
        "12:33",
        "13:53",
        "15:03",
        "16:13",
        "17:23",
        "18:23"
    ],
    "saturday": [
        "8:43",
        "9:53",
        "11:23",
        "12:33",
        "13:53",
        "15:03",
        "16:13",
        "17:23"
    ],
    "holiday": [
        "8:43",
        "9:53",
        "11:23",
        "12:33",
        "13:53",
        "15:03",
        "16:13",
        "17:23"
    ],
    "url": "https://www.kanachu.co.jp/dia/diagram/timetable01_js/course:0000801043-16/node:00127387/kt:0/lname:/"
}
