{
    "date": "2021/02/01",
    "name": "東海岸南五丁目",
    "position": "-",
    "system": "コ12",
    "destinations": [
        "松が丘二丁目(茅ケ崎市)",
        "浜須賀小学校入口",
        "平和町",
        "浜須賀入口",
        "平和学園前(茅ケ崎市)",
        "平和町北",
        "教会前(平和町/茅ケ崎市)",
        "松が丘二丁目北",
        "旭が丘(茅ケ崎市)",
        "若松町(茅ケ崎市)",
        "徳洲会病院前(茅ケ崎市)",
        "茅ヶ崎駅南口",
        "幸町(茅ケ崎市)",
        "徳洲会病院前(茅ケ崎市)",
        "本村二丁目",
        "本村五丁目",
        "市立病院(茅ケ崎市)"
    ],
    "weekday": [
        "7:26",
        "8:46",
        "9:56",
        "11:26",
        "12:36",
        "13:56",
        "15:06",
        "16:16",
        "17:26",
        "18:26"
    ],
    "saturday": [
        "8:46",
        "9:56",
        "11:26",
        "12:36",
        "13:56",
        "15:06",
        "16:16",
        "17:26"
    ],
    "holiday": [
        "8:46",
        "9:56",
        "11:26",
        "12:36",
        "13:56",
        "15:06",
        "16:16",
        "17:26"
    ],
    "url": "https://www.kanachu.co.jp/dia/diagram/timetable01_js/course:0000801043-19/node:00127413/kt:0/lname:/"
}
