{
    "date": "2021/02/01",
    "name": "浜須賀入口",
    "position": "-",
    "system": "コ12",
    "destinations": [
        "平和学園前(茅ケ崎市)",
        "平和町北",
        "教会前(平和町/茅ケ崎市)",
        "松が丘二丁目北",
        "旭が丘(茅ケ崎市)",
        "若松町(茅ケ崎市)",
        "徳洲会病院前(茅ケ崎市)",
        "茅ヶ崎駅南口",
        "幸町(茅ケ崎市)",
        "徳洲会病院前(茅ケ崎市)",
        "本村二丁目",
        "本村五丁目",
        "市立病院(茅ケ崎市)"
    ],
    "weekday": [
        "7:29",
        "8:49",
        "9:59",
        "11:29",
        "12:39",
        "13:59",
        "15:09",
        "16:19",
        "17:29",
        "18:29"
    ],
    "saturday": [
        "8:49",
        "9:59",
        "11:29",
        "12:39",
        "13:59",
        "15:09",
        "16:19",
        "17:29"
    ],
    "holiday": [
        "8:49",
        "9:59",
        "11:29",
        "12:39",
        "13:59",
        "15:09",
        "16:19",
        "17:29"
    ],
    "url": "https://www.kanachu.co.jp/dia/diagram/timetable01_js/course:0000801043-23/node:00127269/kt:0/lname:/"
}
