{
    "date": "2021/02/01",
    "name": "平和町北",
    "position": "-",
    "system": "コ12",
    "destinations": [
        "教会前(平和町/茅ケ崎市)",
        "松が丘二丁目北",
        "旭が丘(茅ケ崎市)",
        "若松町(茅ケ崎市)",
        "徳洲会病院前(茅ケ崎市)",
        "茅ヶ崎駅南口",
        "幸町(茅ケ崎市)",
        "徳洲会病院前(茅ケ崎市)",
        "本村二丁目",
        "本村五丁目",
        "市立病院(茅ケ崎市)"
    ],
    "weekday": [
        "7:31",
        "8:51",
        "10:01",
        "11:31",
        "12:41",
        "14:01",
        "15:11",
        "16:21",
        "17:31",
        "18:31"
    ],
    "saturday": [
        "8:51",
        "10:01",
        "11:31",
        "12:41",
        "14:01",
        "15:11",
        "16:21",
        "17:31"
    ],
    "holiday": [
        "8:51",
        "10:01",
        "11:31",
        "12:41",
        "14:01",
        "15:11",
        "16:21",
        "17:31"
    ],
    "url": "https://www.kanachu.co.jp/dia/diagram/timetable01_js/course:0000801043-25/node:00127389/kt:0/lname:/"
}
