{
    "date": "2021/02/01",
    "name": "松が丘二丁目北",
    "position": "-",
    "system": "",
    "destinations": [
        "旭が丘(茅ケ崎市)",
        "若松町(茅ケ崎市)",
        "徳洲会病院前(茅ケ崎市)",
        "茅ヶ崎駅南口",
        "幸町(茅ケ崎市)",
        "徳洲会病院前(茅ケ崎市)",
        "本村二丁目",
        "本村五丁目",
        "市立病院(茅ケ崎市)"
    ],
    "weekday": [
        "7:33",
        "8:53",
        "10:03",
        "11:33",
        "12:43",
        "14:03",
        "15:13",
        "16:23",
        "17:33",
        "18:33"
    ],
    "saturday": [
        "8:53",
        "10:03",
        "11:33",
        "12:43",
        "14:03",
        "15:13",
        "16:23",
        "17:33"
    ],
    "holiday": [
        "8:53",
        "10:03",
        "11:33",
        "12:43",
        "14:03",
        "15:13",
        "16:23",
        "17:33"
    ],
    "url": "https://www.kanachu.co.jp/dia/diagram/timetable01_js/course:0000801043-27/node:00127391/kt:0/lname:/"
}
