{
    "date": "2021/02/01",
    "name": "旭が丘(茅ケ崎市)",
    "position": "-",
    "system": "",
    "destinations": [
        "若松町(茅ケ崎市)",
        "徳洲会病院前(茅ケ崎市)",
        "茅ヶ崎駅南口",
        "幸町(茅ケ崎市)",
        "徳洲会病院前(茅ケ崎市)",
        "本村二丁目",
        "本村五丁目",
        "市立病院(茅ケ崎市)"
    ],
    "weekday": [
        "7:34",
        "8:54",
        "10:04",
        "11:34",
        "12:44",
        "14:04",
        "15:14",
        "16:24",
        "17:34",
        "18:34"
    ],
    "saturday": [
        "8:54",
        "10:04",
        "11:34",
        "12:44",
        "14:04",
        "15:14",
        "16:24",
        "17:34"
    ],
    "holiday": [
        "8:54",
        "10:04",
        "11:34",
        "12:44",
        "14:04",
        "15:14",
        "16:24",
        "17:34"
    ],
    "url": "https://www.kanachu.co.jp/dia/diagram/timetable01_js/course:0000801043-28/node:00127392/kt:0/lname:/"
}
