{
    "date": "2021/02/01",
    "name": "若松町(茅ケ崎市)",
    "position": "-",
    "system": "",
    "destinations": [
        "徳洲会病院前(茅ケ崎市)",
        "茅ヶ崎駅南口",
        "幸町(茅ケ崎市)",
        "徳洲会病院前(茅ケ崎市)",
        "本村二丁目",
        "本村五丁目",
        "市立病院(茅ケ崎市)"
    ],
    "weekday": [
        "7:36",
        "8:56",
        "10:06",
        "11:36",
        "12:46",
        "14:06",
        "15:16",
        "16:26",
        "17:36",
        "18:36"
    ],
    "saturday": [
        "8:56",
        "10:06",
        "11:36",
        "12:46",
        "14:06",
        "15:16",
        "16:26",
        "17:36"
    ],
    "holiday": [
        "8:56",
        "10:06",
        "11:36",
        "12:46",
        "14:06",
        "15:16",
        "16:26",
        "17:36"
    ],
    "url": "https://www.kanachu.co.jp/dia/diagram/timetable01_js/course:0000801043-29/node:00127239/kt:0/lname:/"
}
