{
    "date": "2021/02/01",
    "name": "徳洲会病院前(茅ケ崎市)",
    "position": "-",
    "system": "",
    "destinations": [
        "茅ヶ崎駅南口",
        "幸町(茅ケ崎市)",
        "徳洲会病院前(茅ケ崎市)",
        "本村二丁目",
        "本村五丁目",
        "市立病院(茅ケ崎市)"
    ],
    "weekday": [
        "7:38",
        "8:58",
        "10:08",
        "11:38",
        "12:48",
        "14:08",
        "15:18",
        "16:28",
        "17:38",
        "18:38"
    ],
    "saturday": [
        "8:58",
        "10:08",
        "11:38",
        "12:48",
        "14:08",
        "15:18",
        "16:28",
        "17:38"
    ],
    "holiday": [
        "8:58",
        "10:08",
        "11:38",
        "12:48",
        "14:08",
        "15:18",
        "16:28",
        "17:38"
    ],
    "url": "https://www.kanachu.co.jp/dia/diagram/timetable01_js/course:0000801043-30/node:00127242/kt:0/lname:/"
}
