{
    "date": "2021/02/01",
    "name": "本村二丁目",
    "position": "-",
    "system": "",
    "destinations": [
        "本村五丁目",
        "市立病院(茅ケ崎市)"
    ],
    "weekday": [
        "7:43",
        "9:03",
        "10:13",
        "11:43",
        "12:53",
        "14:13",
        "15:23",
        "16:33",
        "17:43",
        "18:43"
    ],
    "saturday": [
        "9:03",
        "10:13",
        "11:43",
        "12:53",
        "14:13",
        "15:23",
        "16:33",
        "17:43"
    ],
    "holiday": [
        "9:03",
        "10:13",
        "11:43",
        "12:53",
        "14:13",
        "15:23",
        "16:33",
        "17:43"
    ],
    "url": "https://www.kanachu.co.jp/dia/diagram/timetable01_js/course:0000801043-34/node:00127357/kt:0/lname:/"
}
