{
    "date": "2021/02/01",
    "name": "本村五丁目",
    "position": "-",
    "system": "",
    "destinations": [
        "市立病院(茅ケ崎市)"
    ],
    "weekday": [
        "7:44",
        "9:04",
        "10:14",
        "11:44",
        "12:54",
        "14:14",
        "15:24",
        "16:34",
        "17:44",
        "18:44"
    ],
    "saturday": [
        "9:04",
        "10:14",
        "11:44",
        "12:54",
        "14:14",
        "15:24",
        "16:34",
        "17:44"
    ],
    "holiday": [
        "9:04",
        "10:14",
        "11:44",
        "12:54",
        "14:14",
        "15:24",
        "16:34",
        "17:44"
    ],
    "url": "https://www.kanachu.co.jp/dia/diagram/timetable01_js/course:0000801043-35/node:00127316/kt:0/lname:/"
}
