{
    "system": "コ12",
    "busstops": [
        {
            "index": "1",
            "id": "00127153",
            "name": "市立病院(茅ケ崎市)",
            "lat": "35.340266",
            "lng": "139.415108"
        },
        {
            "index": "2",
            "id": "00127316",
            "name": "本村五丁目",
            "lat": "35.339562",
            "lng": "139.413255"
        },
        {
            "index": "3",
            "id": "00127357",
            "name": "本村二丁目",
            "lat": "35.335192",
            "lng": "139.414679"
        },
        {
            "index": "4",
            "id": "00127242",
            "name": "徳洲会病院前(茅ケ崎市)",
            "lat": "35.331183",
            "lng": "139.412689"
        },
        {
            "index": "5",
            "id": "00127219",
            "name": "茅ヶ崎駅南口",
            "lat": "35.329864",
            "lng": "139.406759"
        },
        {
            "index": "6",
            "id": "00127220",
            "name": "幸町(茅ケ崎市)",
            "lat": "35.32998",
            "lng": "139.409021"
        },
        {
            "index": "7",
            "id": "00127242",
            "name": "徳洲会病院前(茅ケ崎市)",
            "lat": "35.331599",
            "lng": "139.41322"
        },
        {
            "index": "8",
            "id": "00127240",
            "name": "東原(茅ケ崎市)",
            "lat": "35.332169",
            "lng": "139.415093"
        },
        {
            "index": "9",
            "id": "00127239",
            "name": "若松町(茅ケ崎市)",
            "lat": "35.332769",
            "lng": "139.419293"
        },
        {
            "index": "10",
            "id": "00127381",
            "name": "ラチエン通り旭が丘",
            "lat": "35.331386",
            "lng": "139.421309"
        },
        {
            "index": "11",
            "id": "00127382",
            "name": "松が丘郵便局",
            "lat": "35.328548",
            "lng": "139.42068"
        },
        {
            "index": "12",
            "id": "00127383",
            "name": "松が丘一丁目",
            "lat": "35.326861",
            "lng": "139.420344"
        },
        {
            "index": "13",
            "id": "00127384",
            "name": "松が丘緑地",
            "lat": "35.324354",
            "lng": "139.419775"
        },
        {
            "index": "14",
            "id": "00127385",
            "name": "菱沼海岸",
            "lat": "35.32247",
            "lng": "139.41941"
        },
        {
            "index": "15",
            "id": "00127386",
            "name": "開高健記念館",
            "lat": "35.320509",
            "lng": "139.418981"
        },
        {
            "index": "16",
            "id": "00127387",
            "name": "菱沼海岸南",
            "lat": "35.318834",
            "lng": "139.418673"
        },
        {
            "index": "17",
            "id": "00127414",
            "name": "茅ヶ崎ゴルフ倶楽部前",
            "lat": "35.319641",
            "lng": "139.419564"
        },
        {
            "index": "18",
            "id": "00127386",
            "name": "開高健記念館",
            "lat": "35.320509",
            "lng": "139.418981"
        },
        {
            "index": "19",
            "id": "00127413",
            "name": "東海岸南五丁目",
            "lat": "35.323185",
            "lng": "139.419482"
        },
        {
            "index": "20",
            "id": "00127225",
            "name": "松が丘二丁目(茅ケ崎市)",
            "lat": "35.325253",
            "lng": "139.422843"
        },
        {
            "index": "21",
            "id": "00127388",
            "name": "浜須賀小学校入口",
            "lat": "35.325376",
            "lng": "139.425547"
        },
        {
            "index": "22",
            "id": "00127226",
            "name": "平和町",
            "lat": "35.32542",
            "lng": "139.427709"
        },
        {
            "index": "23",
            "id": "00127269",
            "name": "浜須賀入口",
            "lat": "35.325537",
            "lng": "139.430375"
        },
        {
            "index": "24",
            "id": "00127227",
            "name": "平和学園前(茅ケ崎市)",
            "lat": "35.32587",
            "lng": "139.431536"
        },
        {
            "index": "25",
            "id": "00127389",
            "name": "平和町北",
            "lat": "35.328066",
            "lng": "139.430372"
        },
        {
            "index": "26",
            "id": "00127390",
            "name": "教会前(平和町/茅ケ崎市)",
            "lat": "35.32882",
            "lng": "139.428775"
        },
        {
            "index": "27",
            "id": "00127391",
            "name": "松が丘二丁目北",
            "lat": "35.330486",
            "lng": "139.426025"
        },
        {
            "index": "28",
            "id": "00127392",
            "name": "旭が丘(茅ケ崎市)",
            "lat": "35.332019",
            "lng": "139.422709"
        },
        {
            "index": "29",
            "id": "00127239",
            "name": "若松町(茅ケ崎市)",
            "lat": "35.332695",
            "lng": "139.418228"
        },
        {
            "index": "30",
            "id": "00127242",
            "name": "徳洲会病院前(茅ケ崎市)",
            "lat": "35.331192",
            "lng": "139.412689"
        },
        {
            "index": "31",
            "id": "00127219",
            "name": "茅ヶ崎駅南口",
            "lat": "35.329954",
            "lng": "139.406796"
        },
        {
            "index": "32",
            "id": "00127220",
            "name": "幸町(茅ケ崎市)",
            "lat": "35.329986",
            "lng": "139.409083"
        },
        {
            "index": "33",
            "id": "00127242",
            "name": "徳洲会病院前(茅ケ崎市)",
            "lat": "35.331599",
            "lng": "139.413215"
        },
        {
            "index": "34",
            "id": "00127357",
            "name": "本村二丁目",
            "lat": "35.335039",
            "lng": "139.41492"
        },
        {
            "index": "35",
            "id": "00127316",
            "name": "本村五丁目",
            "lat": "35.339754",
            "lng": "139.413377"
        },
        {
            "index": "36",
            "id": "00127153",
            "name": "市立病院(茅ケ崎市)",
            "lat": "35.340323",
            "lng": "139.414955"
        }
    ],
    "route_url": "https://www.kanachu.co.jp/dia/route/index/cid:0000801043/"
}
