{
    "date": "2025/04/01",
    "name": "向坂(町田市)",
    "position": "-",
    "system": "町36",
    "destinations": [
        "野津田高校入口",
        "ろうわ学校",
        "並木(町田市)",
        "図師",
        "図師大橋",
        "馬駈",
        "根岸(根岸町/町田市)",
        "下根岸(町田市)",
        "上宿(町田市)",
        "忠生公園入口",
        "木曽(町田市)",
        "三家(町田市)",
        "木曽住宅",
        "滝の沢(町田市)",
        "浄水場前(町田市)",
        "市民病院前(町田市)",
        "森野三丁目",
        "第四小学校前(町田市)",
        "町田市役所市民ホール前",
        "町田バスセンター"
    ],
    "weekday": [
        "8:14",
        "9:25",
        "15:51",
        "16:18",
        "18:06",
        "18:56"
    ],
    "saturday": [
        "9:15",
        "11:35",
        "13:55"
    ],
    "holiday": [
        "9:15",
        "11:35",
        "13:55"
    ],
    "url": "https://www.kanachu.co.jp/dia/diagram/timetable01_js/course:0000803460-14/node:00129479/kt:0/lname:/"
}
