{
    "date": "2025/04/01",
    "name": "滝の沢(町田市)",
    "position": "-",
    "system": "町36",
    "destinations": [
        "浄水場前(町田市)",
        "市民病院前(町田市)",
        "森野三丁目",
        "第四小学校前(町田市)",
        "町田市役所市民ホール前",
        "町田バスセンター"
    ],
    "weekday": [
        "8:37",
        "9:46",
        "16:13",
        "16:40",
        "18:28",
        "19:16"
    ],
    "saturday": [
        "9:36",
        "11:57",
        "14:17"
    ],
    "holiday": [
        "9:35",
        "11:56",
        "14:16"
    ],
    "url": "https://www.kanachu.co.jp/dia/diagram/timetable01_js/course:0000803460-28/node:00129361/kt:0/lname:/"
}
