{
    "date": "2025/04/01",
    "name": "森野三丁目",
    "position": "-",
    "system": "町36",
    "destinations": [
        "第四小学校前(町田市)",
        "町田市役所市民ホール前",
        "町田バスセンター"
    ],
    "weekday": [
        "8:41",
        "9:50",
        "16:17",
        "16:44",
        "18:32",
        "19:20"
    ],
    "saturday": [
        "9:40",
        "12:01",
        "14:21"
    ],
    "holiday": [
        "9:39",
        "12:00",
        "14:20"
    ],
    "url": "https://www.kanachu.co.jp/dia/diagram/timetable01_js/course:0000803460-31/node:00129358/kt:0/lname:/"
}
