{
    "date": "2025/04/01",
    "name": "神学校(町田市)",
    "position": "",
    "system": "町39",
    "destinations": [
        "野津田車庫"
    ],
    "weekday": [
        "8:31",
        "8:59",
        "9:14",
        "9:33",
        "9:57",
        "10:42",
        "11:32",
        "12:30",
        "12:40",
        "13:17",
        "13:54",
        "14:56",
        "15:38",
        "16:30",
        "17:33",
        "18:28",
        "19:20",
        "20:21",
        "20:59"
    ],
    "saturday": [
        "8:59",
        "9:50",
        "10:50",
        "11:37",
        "12:22",
        "13:12",
        "14:07",
        "14:53",
        "15:53",
        "16:58",
        "17:58",
        "18:58",
        "19:56",
        "20:55"
    ],
    "holiday": [
        "9:04",
        "9:51",
        "10:51",
        "11:38",
        "12:23",
        "13:13",
        "13:40",
        "14:13",
        "14:53",
        "15:50",
        "17:08",
        "18:08",
        "18:58",
        "19:55",
        "20:54"
    ],
    "url": "https://www.kanachu.co.jp/dia/diagram/timetable01_js/course:0000802468-24/node:00129372/kt:0/lname:/"
}
