{
    "date": "2024/04/01",
    "name": "豊田道",
    "position": "-",
    "system": "平35",
    "destinations": [
        "柳町(平塚市)",
        "古花水",
        "花水橋",
        "高麗清水",
        "高根(平塚市)",
        "山下(平塚市)",
        "上山下(平塚市)",
        "下万田",
        "上万田",
        "湘南平富士見",
        "湘南平"
    ],
    "weekday": [
        "9:04",
        "11:17",
        "13:17",
        "16:11"
    ],
    "saturday": [
        "9:04",
        "11:17",
        "13:17",
        "16:06"
    ],
    "holiday": [
        "9:04",
        "11:17",
        "13:17",
        "16:06"
    ],
    "url": "https://www.kanachu.co.jp/dia/diagram/timetable01_js/course:0000801497-5/node:00127468/kt:0/lname:/"
}
