{
    "date": "2024/04/01",
    "name": "柳町(平塚市)",
    "position": "-",
    "system": "平35",
    "destinations": [
        "古花水",
        "花水橋",
        "高麗清水",
        "高根(平塚市)",
        "山下(平塚市)",
        "上山下(平塚市)",
        "下万田",
        "上万田",
        "湘南平富士見",
        "湘南平"
    ],
    "weekday": [
        "9:05",
        "11:18",
        "13:18",
        "16:12"
    ],
    "saturday": [
        "9:05",
        "11:18",
        "13:18",
        "16:07"
    ],
    "holiday": [
        "9:05",
        "11:18",
        "13:18",
        "16:07"
    ],
    "url": "https://www.kanachu.co.jp/dia/diagram/timetable01_js/course:0000801497-6/node:00127469/kt:0/lname:/"
}
