{
    "date": "2024/04/01",
    "name": "古花水",
    "position": "-",
    "system": "平35",
    "destinations": [
        "花水橋",
        "高麗清水",
        "高根(平塚市)",
        "山下(平塚市)",
        "上山下(平塚市)",
        "下万田",
        "上万田",
        "湘南平富士見",
        "湘南平"
    ],
    "weekday": [
        "9:06",
        "11:19",
        "13:19",
        "16:13"
    ],
    "saturday": [
        "9:06",
        "11:19",
        "13:19",
        "16:08"
    ],
    "holiday": [
        "9:06",
        "11:19",
        "13:19",
        "16:08"
    ],
    "url": "https://www.kanachu.co.jp/dia/diagram/timetable01_js/course:0000801497-7/node:00127470/kt:0/lname:/"
}
