{
    "date": "2024/04/01",
    "name": "花水橋",
    "position": "-",
    "system": "平35",
    "destinations": [
        "高麗清水",
        "高根(平塚市)",
        "山下(平塚市)",
        "上山下(平塚市)",
        "下万田",
        "上万田",
        "湘南平富士見",
        "湘南平"
    ],
    "weekday": [
        "9:07",
        "11:20",
        "13:20",
        "16:14"
    ],
    "saturday": [
        "9:07",
        "11:20",
        "13:20",
        "16:09"
    ],
    "holiday": [
        "9:07",
        "11:20",
        "13:20",
        "16:09"
    ],
    "url": "https://www.kanachu.co.jp/dia/diagram/timetable01_js/course:0000801497-8/node:00127529/kt:0/lname:/"
}
