{
    "date": "2024/04/01",
    "name": "高麗清水",
    "position": "-",
    "system": "平35",
    "destinations": [
        "高根(平塚市)",
        "山下(平塚市)",
        "上山下(平塚市)",
        "下万田",
        "上万田",
        "湘南平富士見",
        "湘南平"
    ],
    "weekday": [
        "9:08",
        "11:21",
        "13:21",
        "16:15"
    ],
    "saturday": [
        "9:08",
        "11:21",
        "13:21",
        "16:10"
    ],
    "holiday": [
        "9:08",
        "11:21",
        "13:21",
        "16:10"
    ],
    "url": "https://www.kanachu.co.jp/dia/diagram/timetable01_js/course:0000801497-9/node:00127530/kt:0/lname:/"
}
