{
    "date": "2024/04/01",
    "name": "上山下(平塚市)",
    "position": "-",
    "system": "平35",
    "destinations": [
        "下万田",
        "上万田",
        "湘南平富士見",
        "湘南平"
    ],
    "weekday": [
        "9:11",
        "11:24",
        "13:24",
        "16:18"
    ],
    "saturday": [
        "9:11",
        "11:24",
        "13:24",
        "16:13"
    ],
    "holiday": [
        "9:11",
        "11:24",
        "13:24",
        "16:13"
    ],
    "url": "https://www.kanachu.co.jp/dia/diagram/timetable01_js/course:0000801497-12/node:00127533/kt:0/lname:/"
}
