{
    "date": "2025/04/01",
    "name": "平塚駅南口",
    "position": "-",
    "system": "平16",
    "destinations": [
        "商工会議所前",
        "教会前(平塚市)",
        "なぎさプロムナード",
        "湘南海岸公園前",
        "袖ヶ浜",
        "八間通り入口",
        "すみれ平",
        "花水小学校前",
        "松風町(平塚市)",
        "松風公園入口",
        "教会前(平塚市)",
        "商工会議所前",
        "平塚駅南口"
    ],
    "weekday": [
        "5:30",
        "6:05",
        "6:18",
        "6:30",
        "6:45",
        "6:55",
        "7:05",
        "7:18",
        "7:30",
        "7:42",
        "7:55",
        "8:10",
        "8:30",
        "8:50",
        "9:10",
        "9:30",
        "9:50",
        "10:10",
        "10:30",
        "10:50",
        "11:10",
        "11:30",
        "11:50",
        "12:10",
        "12:30",
        "12:50"
    ],
    "saturday": [
        "6:05",
        "6:30",
        "6:55",
        "7:15",
        "7:35",
        "7:55",
        "8:12",
        "8:30",
        "8:45",
        "9:00",
        "9:20",
        "9:40",
        "10:00",
        "10:20",
        "10:40",
        "11:00",
        "11:20",
        "11:40",
        "12:00",
        "12:20",
        "12:40"
    ],
    "holiday": [
        "6:05",
        "6:30",
        "6:55",
        "7:15",
        "7:35",
        "7:55",
        "8:12",
        "8:30",
        "8:45",
        "9:00",
        "9:20",
        "9:40",
        "10:00",
        "10:20",
        "10:40",
        "11:00",
        "11:20",
        "11:40",
        "12:00",
        "12:20",
        "12:40"
    ],
    "url": "https://www.kanachu.co.jp/dia/diagram/timetable01_js/course:0000803791-1/node:00127422/kt:0/lname:/"
}
