{
    "date": "2025/04/01",
    "name": "商工会議所前",
    "position": "-",
    "system": "平16",
    "destinations": [
        "教会前(平塚市)",
        "なぎさプロムナード",
        "湘南海岸公園前",
        "袖ヶ浜",
        "八間通り入口",
        "すみれ平",
        "花水小学校前",
        "松風町(平塚市)",
        "松風公園入口",
        "教会前(平塚市)",
        "商工会議所前",
        "平塚駅南口"
    ],
    "weekday": [
        "5:31",
        "6:06",
        "6:19",
        "6:31",
        "6:46",
        "6:56",
        "7:06",
        "7:19",
        "7:31",
        "7:43",
        "7:56",
        "8:11",
        "8:31",
        "8:51",
        "9:11",
        "9:31",
        "9:51",
        "10:11",
        "10:31",
        "10:51",
        "11:11",
        "11:31",
        "11:51",
        "12:11",
        "12:31",
        "12:51"
    ],
    "saturday": [
        "6:06",
        "6:31",
        "6:56",
        "7:16",
        "7:36",
        "7:56",
        "8:13",
        "8:31",
        "8:46",
        "9:01",
        "9:21",
        "9:41",
        "10:01",
        "10:21",
        "10:41",
        "11:01",
        "11:21",
        "11:41",
        "12:01",
        "12:21",
        "12:41"
    ],
    "holiday": [
        "6:06",
        "6:31",
        "6:56",
        "7:16",
        "7:36",
        "7:56",
        "8:13",
        "8:31",
        "8:46",
        "9:01",
        "9:21",
        "9:41",
        "10:01",
        "10:21",
        "10:41",
        "11:01",
        "11:21",
        "11:41",
        "12:01",
        "12:21",
        "12:41"
    ],
    "url": "https://www.kanachu.co.jp/dia/diagram/timetable01_js/course:0000803791-2/node:00127423/kt:0/lname:/"
}
