{
    "date": "2025/04/01",
    "name": "なぎさプロムナード",
    "position": "-",
    "system": "平16",
    "destinations": [
        "湘南海岸公園前",
        "袖ヶ浜",
        "八間通り入口",
        "すみれ平",
        "花水小学校前",
        "松風町(平塚市)",
        "松風公園入口",
        "教会前(平塚市)",
        "商工会議所前",
        "平塚駅南口"
    ],
    "weekday": [
        "5:32",
        "6:07",
        "6:20",
        "6:32",
        "6:47",
        "6:57",
        "7:07",
        "7:20",
        "7:32",
        "7:44",
        "7:57",
        "8:12",
        "8:32",
        "8:52",
        "9:12",
        "9:32",
        "9:52",
        "10:12",
        "10:32",
        "10:52",
        "11:12",
        "11:32",
        "11:52",
        "12:12",
        "12:32",
        "12:52"
    ],
    "saturday": [
        "6:07",
        "6:32",
        "6:57",
        "7:17",
        "7:37",
        "7:57",
        "8:14",
        "8:32",
        "8:47",
        "9:02",
        "9:22",
        "9:42",
        "10:02",
        "10:22",
        "10:42",
        "11:02",
        "11:22",
        "11:42",
        "12:02",
        "12:22",
        "12:42"
    ],
    "holiday": [
        "6:07",
        "6:32",
        "6:57",
        "7:17",
        "7:37",
        "7:57",
        "8:14",
        "8:32",
        "8:47",
        "9:02",
        "9:22",
        "9:42",
        "10:02",
        "10:22",
        "10:42",
        "11:02",
        "11:22",
        "11:42",
        "12:02",
        "12:22",
        "12:42"
    ],
    "url": "https://www.kanachu.co.jp/dia/diagram/timetable01_js/course:0000803791-4/node:00127425/kt:0/lname:/"
}
