{
    "date": "2025/04/01",
    "name": "湘南海岸公園前",
    "position": "-",
    "system": "平16",
    "destinations": [
        "袖ヶ浜",
        "八間通り入口",
        "すみれ平",
        "花水小学校前",
        "松風町(平塚市)",
        "松風公園入口",
        "教会前(平塚市)",
        "商工会議所前",
        "平塚駅南口"
    ],
    "weekday": [
        "5:33",
        "6:08",
        "6:21",
        "6:33",
        "6:48",
        "6:58",
        "7:08",
        "7:21",
        "7:33",
        "7:45",
        "7:58",
        "8:13",
        "8:33",
        "8:53",
        "9:13",
        "9:33",
        "9:53",
        "10:13",
        "10:33",
        "10:53",
        "11:13",
        "11:33",
        "11:53",
        "12:13",
        "12:33",
        "12:53"
    ],
    "saturday": [
        "6:08",
        "6:33",
        "6:58",
        "7:18",
        "7:38",
        "7:58",
        "8:15",
        "8:33",
        "8:48",
        "9:03",
        "9:23",
        "9:43",
        "10:03",
        "10:23",
        "10:43",
        "11:03",
        "11:23",
        "11:43",
        "12:03",
        "12:23",
        "12:43"
    ],
    "holiday": [
        "6:08",
        "6:33",
        "6:58",
        "7:18",
        "7:38",
        "7:58",
        "8:15",
        "8:33",
        "8:48",
        "9:03",
        "9:23",
        "9:43",
        "10:03",
        "10:23",
        "10:43",
        "11:03",
        "11:23",
        "11:43",
        "12:03",
        "12:23",
        "12:43"
    ],
    "url": "https://www.kanachu.co.jp/dia/diagram/timetable01_js/course:0000803791-5/node:00127426/kt:0/lname:/"
}
