{
    "date": "2025/04/01",
    "name": "八間通り入口",
    "position": "-",
    "system": "平16",
    "destinations": [
        "すみれ平",
        "花水小学校前",
        "松風町(平塚市)",
        "松風公園入口",
        "教会前(平塚市)",
        "商工会議所前",
        "平塚駅南口"
    ],
    "weekday": [
        "5:36",
        "6:11",
        "6:24",
        "6:36",
        "6:51",
        "7:01",
        "7:11",
        "7:24",
        "7:36",
        "7:48",
        "8:01",
        "8:16",
        "8:36",
        "8:56",
        "9:16",
        "9:36",
        "9:56",
        "10:16",
        "10:36",
        "10:56",
        "11:16",
        "11:36",
        "11:56",
        "12:16",
        "12:36",
        "12:56"
    ],
    "saturday": [
        "6:11",
        "6:36",
        "7:01",
        "7:21",
        "7:41",
        "8:01",
        "8:18",
        "8:36",
        "8:51",
        "9:06",
        "9:26",
        "9:46",
        "10:06",
        "10:26",
        "10:46",
        "11:06",
        "11:26",
        "11:46",
        "12:06",
        "12:26",
        "12:46"
    ],
    "holiday": [
        "6:11",
        "6:36",
        "7:01",
        "7:21",
        "7:41",
        "8:01",
        "8:18",
        "8:36",
        "8:51",
        "9:06",
        "9:26",
        "9:46",
        "10:06",
        "10:26",
        "10:46",
        "11:06",
        "11:26",
        "11:46",
        "12:06",
        "12:26",
        "12:46"
    ],
    "url": "https://www.kanachu.co.jp/dia/diagram/timetable01_js/course:0000803791-7/node:00127462/kt:0/lname:/"
}
