{
    "date": "2025/04/01",
    "name": "松風公園入口",
    "position": "-",
    "system": "平16",
    "destinations": [
        "教会前(平塚市)",
        "商工会議所前",
        "平塚駅南口"
    ],
    "weekday": [
        "5:40",
        "6:15",
        "6:28",
        "6:40",
        "6:55",
        "7:06",
        "7:16",
        "7:29",
        "7:41",
        "7:53",
        "8:06",
        "8:21",
        "8:41",
        "9:01",
        "9:21",
        "9:41",
        "10:01",
        "10:21",
        "10:41",
        "11:01",
        "11:21",
        "11:41",
        "12:01",
        "12:21",
        "12:41",
        "13:01"
    ],
    "saturday": [
        "6:15",
        "6:40",
        "7:05",
        "7:25",
        "7:45",
        "8:05",
        "8:22",
        "8:40",
        "8:55",
        "9:10",
        "9:30",
        "9:50",
        "10:10",
        "10:30",
        "10:50",
        "11:10",
        "11:30",
        "11:50",
        "12:10",
        "12:30",
        "12:50"
    ],
    "holiday": [
        "6:15",
        "6:40",
        "7:05",
        "7:25",
        "7:45",
        "8:05",
        "8:22",
        "8:40",
        "8:55",
        "9:10",
        "9:30",
        "9:50",
        "10:10",
        "10:30",
        "10:50",
        "11:10",
        "11:30",
        "11:50",
        "12:10",
        "12:30",
        "12:50"
    ],
    "url": "https://www.kanachu.co.jp/dia/diagram/timetable01_js/course:0000803791-11/node:00127692/kt:0/lname:/"
}
