{
    "date": "2026/01/16",
    "name": "平塚駅北口",
    "position": "-",
    "system": "平07",
    "destinations": [
        "四ツ角(平塚市)",
        "松原(平塚市)",
        "蔵屋敷",
        "馬入橋",
        "工業団地入口(平塚市)",
        "馬入ふれあい公園入口",
        "長瀞",
        "馬入境",
        "古河電工前(平塚市)",
        "関西ペイント前(平塚市)",
        "工業団地(平塚市)",
        "全農前",
        "小松前",
        "小松電子前",
        "東八幡工業団地",
        "東八幡五丁目",
        "不動ケミカル前"
    ],
    "weekday": [
        "8:02",
        "8:12",
        "8:22",
        "8:32",
        "8:42"
    ],
    "saturday": [
        "8:00",
        "8:20"
    ],
    "holiday": [
        "8:00"
    ],
    "url": "https://www.kanachu.co.jp/dia/diagram/timetable01_js/course:0000804226-1/node:00127464/kt:0/lname:/"
}
