{
    "date": "2026/01/16",
    "name": "馬入境",
    "position": "-",
    "system": "平07",
    "destinations": [
        "古河電工前(平塚市)",
        "関西ペイント前(平塚市)",
        "工業団地(平塚市)",
        "全農前",
        "小松前",
        "小松電子前",
        "東八幡工業団地",
        "東八幡五丁目",
        "不動ケミカル前"
    ],
    "weekday": [
        "8:09",
        "8:19",
        "8:29",
        "8:39",
        "8:49"
    ],
    "saturday": [
        "8:07",
        "8:27"
    ],
    "holiday": [
        "8:07"
    ],
    "url": "https://www.kanachu.co.jp/dia/diagram/timetable01_js/course:0000804226-9/node:00127681/kt:0/lname:/"
}
