{
    "date": "2025/04/01",
    "name": "市役所前(平塚市)",
    "position": "-",
    "system": "平60",
    "destinations": [
        "コンフォール平塚前",
        "八幡入口",
        "八幡(平塚市)",
        "八幡公民館入口",
        "古河電工入口",
        "稲荷前(平塚市)",
        "東真土",
        "四ノ宮西町",
        "ふじみ園前",
        "鹿見堂",
        "田村団地入口",
        "駒返橋入口",
        "田村車庫"
    ],
    "weekday": [
        "7:07",
        "7:59",
        "8:14",
        "8:29",
        "8:37",
        "9:06",
        "9:25",
        "9:49",
        "10:04",
        "10:25",
        "10:49",
        "11:04",
        "11:25",
        "11:49",
        "12:06",
        "12:36",
        "12:43",
        "13:06",
        "13:28",
        "13:36",
        "14:06",
        "14:36",
        "15:06",
        "15:36",
        "16:06",
        "16:37",
        "17:20",
        "18:10",
        "18:20",
        "18:29",
        "19:10",
        "19:29",
        "20:19",
        "21:19",
        "22:19"
    ],
    "saturday": [
        "7:10",
        "8:11",
        "8:41",
        "8:51",
        "9:11",
        "9:51",
        "10:10",
        "10:21",
        "10:52",
        "11:10",
        "11:52",
        "12:10",
        "12:52",
        "13:10",
        "13:52",
        "14:10",
        "14:21",
        "14:52",
        "15:10",
        "15:21",
        "15:52",
        "16:10",
        "16:52",
        "17:10",
        "17:21",
        "17:52",
        "18:10",
        "18:52",
        "19:11",
        "19:51",
        "20:11",
        "20:41",
        "21:26"
    ],
    "holiday": [
        "7:10",
        "8:11",
        "8:41",
        "8:51",
        "9:11",
        "9:51",
        "10:10",
        "10:21",
        "10:52",
        "11:10",
        "11:52",
        "12:10",
        "12:52",
        "13:10",
        "13:52",
        "14:10",
        "14:21",
        "14:52",
        "15:10",
        "15:21",
        "15:52",
        "16:10",
        "16:52",
        "17:10",
        "17:21",
        "17:52",
        "18:10",
        "18:52",
        "19:11",
        "19:51",
        "20:11",
        "20:41",
        "21:26"
    ],
    "url": "https://www.kanachu.co.jp/dia/diagram/timetable01_js/course:0000801207-3/node:00127684/kt:0/lname:/"
}
