{
    "date": "2025/04/01",
    "name": "八幡入口",
    "position": "-",
    "system": "平60",
    "destinations": [
        "八幡(平塚市)",
        "八幡公民館入口",
        "古河電工入口",
        "稲荷前(平塚市)",
        "東真土",
        "四ノ宮西町",
        "ふじみ園前",
        "鹿見堂",
        "田村団地入口",
        "駒返橋入口",
        "田村車庫"
    ],
    "weekday": [
        "7:10",
        "8:02",
        "8:17",
        "8:32",
        "8:40",
        "9:09",
        "9:28",
        "9:52",
        "10:07",
        "10:28",
        "10:52",
        "11:07",
        "11:28",
        "11:52",
        "12:09",
        "12:39",
        "12:46",
        "13:09",
        "13:31",
        "13:39",
        "14:09",
        "14:39",
        "15:09",
        "15:39",
        "16:09",
        "16:40",
        "17:23",
        "18:13",
        "18:23",
        "18:32",
        "19:13",
        "19:32",
        "20:22",
        "21:22",
        "22:22"
    ],
    "saturday": [
        "7:13",
        "8:14",
        "8:44",
        "8:54",
        "9:14",
        "9:54",
        "10:13",
        "10:24",
        "10:55",
        "11:13",
        "11:55",
        "12:13",
        "12:55",
        "13:13",
        "13:55",
        "14:13",
        "14:24",
        "14:55",
        "15:13",
        "15:24",
        "15:55",
        "16:13",
        "16:55",
        "17:13",
        "17:24",
        "17:55",
        "18:13",
        "18:55",
        "19:14",
        "19:54",
        "20:14",
        "20:44",
        "21:29"
    ],
    "holiday": [
        "7:13",
        "8:14",
        "8:44",
        "8:54",
        "9:14",
        "9:54",
        "10:13",
        "10:24",
        "10:55",
        "11:13",
        "11:55",
        "12:13",
        "12:55",
        "13:13",
        "13:55",
        "14:13",
        "14:24",
        "14:55",
        "15:13",
        "15:24",
        "15:55",
        "16:13",
        "16:55",
        "17:13",
        "17:24",
        "17:55",
        "18:13",
        "18:55",
        "19:14",
        "19:54",
        "20:14",
        "20:44",
        "21:29"
    ],
    "url": "https://www.kanachu.co.jp/dia/diagram/timetable01_js/course:0000801207-5/node:00127645/kt:0/lname:/"
}
