{
    "date": "2025/04/01",
    "name": "八幡(平塚市)",
    "position": "-",
    "system": "平60",
    "destinations": [
        "八幡公民館入口",
        "古河電工入口",
        "稲荷前(平塚市)",
        "東真土",
        "四ノ宮西町",
        "ふじみ園前",
        "鹿見堂",
        "田村団地入口",
        "駒返橋入口",
        "田村車庫"
    ],
    "weekday": [
        "7:11",
        "8:03",
        "8:18",
        "8:33",
        "8:41",
        "9:09",
        "9:28",
        "9:52",
        "10:07",
        "10:28",
        "10:52",
        "11:07",
        "11:28",
        "11:52",
        "12:09",
        "12:39",
        "12:46",
        "13:09",
        "13:31",
        "13:39",
        "14:09",
        "14:39",
        "15:09",
        "15:39",
        "16:09",
        "16:41",
        "17:24",
        "18:14",
        "18:24",
        "18:33",
        "19:14",
        "19:32",
        "20:22",
        "21:22",
        "22:22"
    ],
    "saturday": [
        "7:14",
        "8:15",
        "8:45",
        "8:55",
        "9:15",
        "9:55",
        "10:14",
        "10:25",
        "10:56",
        "11:14",
        "11:56",
        "12:14",
        "12:56",
        "13:14",
        "13:56",
        "14:14",
        "14:25",
        "14:56",
        "15:14",
        "15:25",
        "15:56",
        "16:14",
        "16:56",
        "17:14",
        "17:25",
        "17:56",
        "18:14",
        "18:56",
        "19:15",
        "19:55",
        "20:15",
        "20:45",
        "21:30"
    ],
    "holiday": [
        "7:14",
        "8:15",
        "8:45",
        "8:55",
        "9:15",
        "9:55",
        "10:14",
        "10:25",
        "10:56",
        "11:14",
        "11:56",
        "12:14",
        "12:56",
        "13:14",
        "13:56",
        "14:14",
        "14:25",
        "14:56",
        "15:14",
        "15:25",
        "15:56",
        "16:14",
        "16:56",
        "17:14",
        "17:25",
        "17:56",
        "18:14",
        "18:56",
        "19:15",
        "19:55",
        "20:15",
        "20:45",
        "21:30"
    ],
    "url": "https://www.kanachu.co.jp/dia/diagram/timetable01_js/course:0000801207-6/node:00127646/kt:0/lname:/"
}
