{
    "date": "2025/04/01",
    "name": "八幡公民館入口",
    "position": "-",
    "system": "平60",
    "destinations": [
        "古河電工入口",
        "稲荷前(平塚市)",
        "東真土",
        "四ノ宮西町",
        "ふじみ園前",
        "鹿見堂",
        "田村団地入口",
        "駒返橋入口",
        "田村車庫"
    ],
    "weekday": [
        "7:12",
        "8:04",
        "8:19",
        "8:34",
        "8:42",
        "9:10",
        "9:29",
        "9:53",
        "10:08",
        "10:29",
        "10:53",
        "11:08",
        "11:29",
        "11:53",
        "12:10",
        "12:40",
        "12:47",
        "13:10",
        "13:32",
        "13:40",
        "14:10",
        "14:40",
        "15:10",
        "15:40",
        "16:10",
        "16:42",
        "17:25",
        "18:15",
        "18:25",
        "18:34",
        "19:15",
        "19:33",
        "20:23",
        "21:23",
        "22:23"
    ],
    "saturday": [
        "7:14",
        "8:15",
        "8:45",
        "8:55",
        "9:15",
        "9:55",
        "10:14",
        "10:25",
        "10:56",
        "11:14",
        "11:56",
        "12:14",
        "12:56",
        "13:14",
        "13:56",
        "14:14",
        "14:25",
        "14:56",
        "15:14",
        "15:25",
        "15:56",
        "16:14",
        "16:56",
        "17:14",
        "17:25",
        "17:56",
        "18:14",
        "18:56",
        "19:15",
        "19:55",
        "20:15",
        "20:45",
        "21:30"
    ],
    "holiday": [
        "7:14",
        "8:15",
        "8:45",
        "8:55",
        "9:15",
        "9:55",
        "10:14",
        "10:25",
        "10:56",
        "11:14",
        "11:56",
        "12:14",
        "12:56",
        "13:14",
        "13:56",
        "14:14",
        "14:25",
        "14:56",
        "15:14",
        "15:25",
        "15:56",
        "16:14",
        "16:56",
        "17:14",
        "17:25",
        "17:56",
        "18:14",
        "18:56",
        "19:15",
        "19:55",
        "20:15",
        "20:45",
        "21:30"
    ],
    "url": "https://www.kanachu.co.jp/dia/diagram/timetable01_js/course:0000801207-7/node:00127647/kt:0/lname:/"
}
