{
    "date": "2025/04/01",
    "name": "古河電工入口",
    "position": "-",
    "system": "平60",
    "destinations": [
        "稲荷前(平塚市)",
        "東真土",
        "四ノ宮西町",
        "ふじみ園前",
        "鹿見堂",
        "田村団地入口",
        "駒返橋入口",
        "田村車庫"
    ],
    "weekday": [
        "7:13",
        "8:05",
        "8:20",
        "8:35",
        "8:43",
        "9:11",
        "9:30",
        "9:54",
        "10:09",
        "10:30",
        "10:54",
        "11:09",
        "11:30",
        "11:54",
        "12:11",
        "12:41",
        "12:48",
        "13:11",
        "13:33",
        "13:41",
        "14:11",
        "14:41",
        "15:11",
        "15:41",
        "16:11",
        "16:43",
        "17:26",
        "18:16",
        "18:26",
        "18:35",
        "19:16",
        "19:34",
        "20:24",
        "21:24",
        "22:24"
    ],
    "saturday": [
        "7:16",
        "8:17",
        "8:47",
        "8:57",
        "9:17",
        "9:57",
        "10:16",
        "10:27",
        "10:58",
        "11:16",
        "11:58",
        "12:16",
        "12:58",
        "13:16",
        "13:58",
        "14:16",
        "14:27",
        "14:58",
        "15:16",
        "15:27",
        "15:58",
        "16:16",
        "16:58",
        "17:16",
        "17:27",
        "17:58",
        "18:16",
        "18:58",
        "19:17",
        "19:57",
        "20:17",
        "20:47",
        "21:32"
    ],
    "holiday": [
        "7:16",
        "8:17",
        "8:47",
        "8:57",
        "9:17",
        "9:57",
        "10:16",
        "10:27",
        "10:58",
        "11:16",
        "11:58",
        "12:16",
        "12:58",
        "13:16",
        "13:58",
        "14:16",
        "14:27",
        "14:58",
        "15:16",
        "15:27",
        "15:58",
        "16:16",
        "16:58",
        "17:16",
        "17:27",
        "17:58",
        "18:16",
        "18:58",
        "19:17",
        "19:57",
        "20:17",
        "20:47",
        "21:32"
    ],
    "url": "https://www.kanachu.co.jp/dia/diagram/timetable01_js/course:0000801207-8/node:00127648/kt:0/lname:/"
}
