{
    "date": "2025/04/01",
    "name": "田村団地入口",
    "position": "-",
    "system": "平60",
    "destinations": [
        "駒返橋入口",
        "田村車庫"
    ],
    "weekday": [
        "7:22",
        "8:14",
        "8:29",
        "8:44",
        "8:52",
        "9:20",
        "9:39",
        "10:03",
        "10:18",
        "10:39",
        "11:03",
        "11:18",
        "11:39",
        "12:03",
        "12:20",
        "12:50",
        "12:57",
        "13:20",
        "13:42",
        "13:50",
        "14:20",
        "14:50",
        "15:20",
        "15:50",
        "16:20",
        "16:52",
        "17:35",
        "18:25",
        "18:35",
        "18:44",
        "19:25",
        "19:43",
        "20:33",
        "21:33",
        "22:33"
    ],
    "saturday": [
        "7:24",
        "8:25",
        "8:55",
        "9:05",
        "9:25",
        "10:05",
        "10:24",
        "10:35",
        "11:06",
        "11:24",
        "12:06",
        "12:24",
        "13:06",
        "13:24",
        "14:06",
        "14:24",
        "14:35",
        "15:06",
        "15:24",
        "15:35",
        "16:06",
        "16:24",
        "17:06",
        "17:24",
        "17:35",
        "18:06",
        "18:24",
        "19:06",
        "19:25",
        "20:05",
        "20:25",
        "20:55",
        "21:40"
    ],
    "holiday": [
        "7:24",
        "8:25",
        "8:55",
        "9:05",
        "9:25",
        "10:05",
        "10:24",
        "10:35",
        "11:06",
        "11:24",
        "12:06",
        "12:24",
        "13:06",
        "13:24",
        "14:06",
        "14:24",
        "14:35",
        "15:06",
        "15:24",
        "15:35",
        "16:06",
        "16:24",
        "17:06",
        "17:24",
        "17:35",
        "18:06",
        "18:24",
        "19:06",
        "19:25",
        "20:05",
        "20:25",
        "20:55",
        "21:40"
    ],
    "url": "https://www.kanachu.co.jp/dia/diagram/timetable01_js/course:0000801207-14/node:00127652/kt:0/lname:/"
}
