{
    "date": "2025/04/01",
    "name": "駒返橋入口",
    "position": "-",
    "system": "平60",
    "destinations": [
        "田村車庫"
    ],
    "weekday": [
        "7:23",
        "8:15",
        "8:30",
        "8:45",
        "8:53",
        "9:21",
        "9:40",
        "10:04",
        "10:19",
        "10:40",
        "11:04",
        "11:19",
        "11:40",
        "12:04",
        "12:21",
        "12:51",
        "12:58",
        "13:21",
        "13:43",
        "13:51",
        "14:21",
        "14:51",
        "15:21",
        "15:51",
        "16:21",
        "16:53",
        "17:36",
        "18:26",
        "18:36",
        "18:45",
        "19:26",
        "19:44",
        "20:34",
        "21:34",
        "22:34"
    ],
    "saturday": [
        "7:25",
        "8:26",
        "8:56",
        "9:06",
        "9:26",
        "10:06",
        "10:25",
        "10:36",
        "11:07",
        "11:25",
        "12:07",
        "12:25",
        "13:07",
        "13:25",
        "14:07",
        "14:25",
        "14:36",
        "15:07",
        "15:25",
        "15:36",
        "16:07",
        "16:25",
        "17:07",
        "17:25",
        "17:36",
        "18:07",
        "18:25",
        "19:07",
        "19:26",
        "20:06",
        "20:26",
        "20:56",
        "21:41"
    ],
    "holiday": [
        "7:25",
        "8:26",
        "8:56",
        "9:06",
        "9:26",
        "10:06",
        "10:25",
        "10:36",
        "11:07",
        "11:25",
        "12:07",
        "12:25",
        "13:07",
        "13:25",
        "14:07",
        "14:25",
        "14:36",
        "15:07",
        "15:25",
        "15:36",
        "16:07",
        "16:25",
        "17:07",
        "17:25",
        "17:36",
        "18:07",
        "18:25",
        "19:07",
        "19:26",
        "20:06",
        "20:26",
        "20:56",
        "21:41"
    ],
    "url": "https://www.kanachu.co.jp/dia/diagram/timetable01_js/course:0000801207-15/node:00127653/kt:0/lname:/"
}
