{
    "date": "2025/07/27",
    "name": "団地中央(中郡二宮町)",
    "position": "-",
    "system": "二33",
    "destinations": [
        "北1号前",
        "北2号前",
        "北3号前",
        "北4号前",
        "北5号前",
        "中2号前",
        "南1号前",
        "南2号前",
        "南5号前",
        "四ツ谷(中郡二宮町)",
        "中里(中郡二宮町)",
        "中島(中郡二宮町)",
        "堂面(中郡二宮町)",
        "元町(中郡二宮町)",
        "二宮駅北口"
    ],
    "weekday": [
        "6:25",
        "6:55",
        "7:25",
        "7:55",
        "8:35"
    ],
    "saturday": [
        "6:26",
        "7:28",
        "8:28"
    ],
    "holiday": [
        "6:26",
        "7:28",
        "8:28"
    ],
    "url": "https://www.kanachu.co.jp/dia/diagram/timetable01_js/course:0000801999-1/node:00127786/kt:0/lname:/"
}
