{
    "date": "2025/07/27",
    "name": "北3号前",
    "position": "-",
    "system": "二33",
    "destinations": [
        "北4号前",
        "北5号前",
        "中2号前",
        "南1号前",
        "南2号前",
        "南5号前",
        "四ツ谷(中郡二宮町)",
        "中里(中郡二宮町)",
        "中島(中郡二宮町)",
        "堂面(中郡二宮町)",
        "元町(中郡二宮町)",
        "二宮駅北口"
    ],
    "weekday": [
        "6:27",
        "6:57",
        "7:27",
        "7:57",
        "8:37"
    ],
    "saturday": [
        "6:28",
        "7:30",
        "8:30"
    ],
    "holiday": [
        "6:28",
        "7:30",
        "8:30"
    ],
    "url": "https://www.kanachu.co.jp/dia/diagram/timetable01_js/course:0000801999-4/node:00127798/kt:0/lname:/"
}
