{
    "date": "2025/07/27",
    "name": "南2号前",
    "position": "-",
    "system": "二33",
    "destinations": [
        "南5号前",
        "四ツ谷(中郡二宮町)",
        "中里(中郡二宮町)",
        "中島(中郡二宮町)",
        "堂面(中郡二宮町)",
        "元町(中郡二宮町)",
        "二宮駅北口"
    ],
    "weekday": [
        "6:33",
        "7:03",
        "7:33",
        "8:03",
        "8:43"
    ],
    "saturday": [
        "6:33",
        "7:35",
        "8:35"
    ],
    "holiday": [
        "6:33",
        "7:35",
        "8:35"
    ],
    "url": "https://www.kanachu.co.jp/dia/diagram/timetable01_js/course:0000801999-9/node:00127806/kt:0/lname:/"
}
