{
    "date": "2025/07/27",
    "name": "四ツ谷(中郡二宮町)",
    "position": "-",
    "system": "二33",
    "destinations": [
        "中里(中郡二宮町)",
        "中島(中郡二宮町)",
        "堂面(中郡二宮町)",
        "元町(中郡二宮町)",
        "二宮駅北口"
    ],
    "weekday": [
        "6:36",
        "7:06",
        "7:36",
        "8:06",
        "8:46"
    ],
    "saturday": [
        "6:36",
        "7:38",
        "8:38"
    ],
    "holiday": [
        "6:36",
        "7:38",
        "8:38"
    ],
    "url": "https://www.kanachu.co.jp/dia/diagram/timetable01_js/course:0000801999-11/node:00127792/kt:0/lname:/"
}
