{
    "date": "2024/04/01",
    "name": "宮前(秦野市)",
    "position": "-",
    "system": "秦50",
    "destinations": [
        "宮上(秦野市)",
        "榎木堂",
        "六反地",
        "田原入口",
        "羽根入口",
        "三屋入口",
        "戸川入口",
        "菩提原",
        "菩提(秦野市)",
        "横野入口"
    ],
    "weekday": [
        "7:15",
        "8:00",
        "8:19",
        "8:35",
        "22:39"
    ],
    "saturday": [],
    "holiday": [],
    "url": "https://www.kanachu.co.jp/dia/diagram/timetable01_js/course:0000800178-6/node:00127878/kt:0/lname:/"
}
