{
    "date": "2025/10/20",
    "name": "大和駅西口",
    "position": "-",
    "system": "間12",
    "destinations": [
        "学校前(大和市中央)",
        "下草柳",
        "大東(大和市)",
        "東原(大和市)",
        "上草柳",
        "笹山入口",
        "慰霊塔公園",
        "水道局前(大和市)",
        "鶴間駅"
    ],
    "weekday": [
        "7:30",
        "8:30",
        "9:20",
        "10:10",
        "11:00",
        "11:50",
        "12:40",
        "13:30",
        "14:20",
        "15:10",
        "16:00",
        "16:50",
        "17:40",
        "18:30",
        "19:20",
        "20:10"
    ],
    "saturday": [
        "7:30",
        "8:20",
        "9:20",
        "10:20",
        "11:20",
        "12:20",
        "13:20",
        "14:20",
        "15:20",
        "16:20",
        "17:20",
        "18:20",
        "19:20"
    ],
    "holiday": [
        "7:30",
        "8:30",
        "9:20",
        "10:20",
        "11:20",
        "12:20",
        "13:20",
        "14:20",
        "15:20",
        "16:20",
        "17:20",
        "18:20",
        "19:20"
    ],
    "url": "https://www.kanachu.co.jp/dia/diagram/timetable01_js/course:0000803806-1/node:00129616/kt:0/lname:/"
}
