{
    "date": "2025/10/20",
    "name": "大東(大和市)",
    "position": "-",
    "system": "間12",
    "destinations": [
        "東原(大和市)",
        "上草柳",
        "笹山入口",
        "慰霊塔公園",
        "水道局前(大和市)",
        "鶴間駅"
    ],
    "weekday": [
        "7:34",
        "8:34",
        "9:24",
        "10:14",
        "11:04",
        "11:54",
        "12:44",
        "13:34",
        "14:24",
        "15:14",
        "16:04",
        "16:54",
        "17:44",
        "18:34",
        "19:24",
        "20:14"
    ],
    "saturday": [
        "7:34",
        "8:24",
        "9:24",
        "10:24",
        "11:24",
        "12:24",
        "13:24",
        "14:24",
        "15:24",
        "16:24",
        "17:24",
        "18:24",
        "19:24"
    ],
    "holiday": [
        "7:34",
        "8:34",
        "9:24",
        "10:24",
        "11:24",
        "12:24",
        "13:24",
        "14:24",
        "15:24",
        "16:24",
        "17:24",
        "18:24",
        "19:24"
    ],
    "url": "https://www.kanachu.co.jp/dia/diagram/timetable01_js/course:0000803806-4/node:00129630/kt:0/lname:/"
}
