{
    "date": "2025/03/15",
    "name": "綾瀬タウンヒルズ前",
    "position": "-",
    "system": "長38",
    "destinations": [
        "中郷(綾瀬市)",
        "綾瀬小学校前",
        "綾瀬農協前",
        "大邸",
        "大法寺(綾瀬市)",
        "上落合(綾瀬市)",
        "落合(綾瀬市)",
        "中川橋",
        "上土棚",
        "並塚",
        "上谷台",
        "長後駅西口"
    ],
    "weekday": [
        "10:06",
        "10:36",
        "11:06",
        "11:36",
        "12:06",
        "12:36",
        "13:06",
        "13:36",
        "14:06",
        "14:36",
        "15:06",
        "15:36",
        "16:06",
        "16:41",
        "17:06",
        "17:51",
        "18:06",
        "18:35"
    ],
    "saturday": [],
    "holiday": [],
    "url": "https://www.kanachu.co.jp/dia/diagram/timetable01_js/course:0000800885-5/node:00129860/kt:0/lname:/"
}
