{
    "date": "2026/01/16",
    "name": "滝ノ分",
    "position": "-",
    "system": "138",
    "destinations": [
        "渡戸(横浜市栄区)",
        "西谷戸(横浜市栄区)",
        "小菅ヶ谷橋",
        "小山台(横浜市栄区)",
        "つつじヶ丘(横浜市港南区)",
        "野村港南台",
        "原(横浜市港南区)",
        "日野南中学校前",
        "港南台西公園",
        "横浜女子短期大学前",
        "港南台駅"
    ],
    "weekday": [
        "6:02",
        "6:27",
        "6:52",
        "7:09",
        "7:26",
        "7:42",
        "7:59",
        "8:16",
        "8:37",
        "8:57",
        "9:17",
        "9:37",
        "10:07",
        "10:37",
        "11:07",
        "11:37",
        "12:07",
        "12:37",
        "13:07",
        "13:37",
        "14:07",
        "14:37",
        "15:07",
        "15:37",
        "16:07",
        "16:37",
        "17:07",
        "17:37",
        "18:07",
        "18:37",
        "19:07",
        "19:37",
        "20:07",
        "20:37",
        "21:07",
        "21:40",
        "22:20"
    ],
    "saturday": [
        "7:27",
        "7:57",
        "8:27",
        "8:57",
        "9:27",
        "9:57",
        "10:27",
        "10:57",
        "11:27",
        "11:57",
        "12:27",
        "12:57",
        "13:27",
        "13:57",
        "14:27",
        "14:57",
        "15:27",
        "15:57",
        "16:27",
        "16:57",
        "17:27",
        "17:57",
        "18:27",
        "18:57",
        "19:27",
        "19:57",
        "20:42",
        "21:37"
    ],
    "holiday": [
        "7:27",
        "7:57",
        "8:27",
        "8:57",
        "9:27",
        "9:57",
        "10:27",
        "10:57",
        "11:27",
        "11:57",
        "12:27",
        "12:57",
        "13:27",
        "13:57",
        "14:27",
        "14:57",
        "15:27",
        "15:57",
        "16:27",
        "16:57",
        "17:27",
        "17:57",
        "18:27",
        "18:57",
        "19:27",
        "19:57",
        "20:42",
        "21:37"
    ],
    "url": "https://www.kanachu.co.jp/dia/diagram/timetable01_js/course:0000804203-2/node:00126601/kt:0/lname:/"
}
