{
    "date": "2026/01/16",
    "name": "横浜女子短期大学前",
    "position": "-",
    "system": "138",
    "destinations": [
        "港南台駅"
    ],
    "weekday": [
        "6:13",
        "6:38",
        "7:03",
        "7:21",
        "7:38",
        "7:54",
        "8:11",
        "8:28",
        "8:49",
        "9:09",
        "9:29",
        "9:49",
        "10:19",
        "10:49",
        "11:19",
        "11:49",
        "12:19",
        "12:49",
        "13:19",
        "13:49",
        "14:19",
        "14:49",
        "15:19",
        "15:49",
        "16:19",
        "16:49",
        "17:19",
        "17:49",
        "18:19",
        "18:49",
        "19:18",
        "19:48",
        "20:18",
        "20:48",
        "21:18",
        "21:51",
        "22:31"
    ],
    "saturday": [
        "7:39",
        "8:09",
        "8:39",
        "9:09",
        "9:39",
        "10:09",
        "10:39",
        "11:09",
        "11:39",
        "12:09",
        "12:39",
        "13:09",
        "13:39",
        "14:09",
        "14:39",
        "15:09",
        "15:39",
        "16:09",
        "16:39",
        "17:09",
        "17:39",
        "18:09",
        "18:39",
        "19:09",
        "19:38",
        "20:08",
        "20:53",
        "21:48"
    ],
    "holiday": [
        "7:39",
        "8:09",
        "8:39",
        "9:09",
        "9:39",
        "10:09",
        "10:39",
        "11:09",
        "11:39",
        "12:09",
        "12:39",
        "13:09",
        "13:39",
        "14:09",
        "14:39",
        "15:09",
        "15:39",
        "16:09",
        "16:39",
        "17:09",
        "17:39",
        "18:09",
        "18:39",
        "19:09",
        "19:38",
        "20:08",
        "20:53",
        "21:48"
    ],
    "url": "https://www.kanachu.co.jp/dia/diagram/timetable01_js/course:0000804203-12/node:00103234/kt:0/lname:/"
}
