{
    "date": "2023/02/18",
    "name": "南河内(平塚市)",
    "position": "-",
    "system": "平37",
    "destinations": [
        "山下団地入口",
        "神明下",
        "平塚大橋",
        "上平塚",
        "桜ヶ丘",
        "桜ヶ丘公園(平塚市)",
        "古花水",
        "柳町(平塚市)",
        "豊田道",
        "八間通り",
        "平塚文化芸術ホール前",
        "銀座通り(平塚市)",
        "平塚駅北口"
    ],
    "weekday": [
        "9:46",
        "13:16",
        "14:16",
        "15:36",
        "16:16"
    ],
    "saturday": [
        "9:42",
        "14:07",
        "16:07",
        "17:32"
    ],
    "holiday": [
        "9:42",
        "14:07",
        "16:07",
        "17:32"
    ],
    "url": "https://www.kanachu.co.jp/dia/diagram/timetable01_js/course:0000803261-17/node:00127576/kt:0/lname:/"
}
