{
    "date": "2025/04/19",
    "name": "県営住宅入口(座間市)",
    "position": "-",
    "system": "台01",
    "destinations": [
        "北相武台",
        "団地センター前(相模原市南区)",
        "団地西(相模原市南区)",
        "団地東(相模原市南区)",
        "保育園前(相模原市南区)",
        "北相武台",
        "県営住宅入口(座間市)",
        "相武台前駅"
    ],
    "weekday": [
        "6:02",
        "6:37",
        "7:22",
        "8:22",
        "9:22",
        "10:22",
        "11:22",
        "12:22",
        "13:22",
        "14:22",
        "15:22",
        "16:22",
        "17:22",
        "18:22",
        "19:22",
        "20:22"
    ],
    "saturday": [
        "7:03",
        "8:03",
        "9:03",
        "10:03",
        "11:03",
        "12:03",
        "13:03",
        "14:03",
        "15:03",
        "16:03",
        "17:03",
        "18:03",
        "19:03",
        "20:03"
    ],
    "holiday": [
        "7:03",
        "8:03",
        "9:03",
        "10:03",
        "11:03",
        "12:03",
        "13:03",
        "14:03",
        "15:03",
        "16:03",
        "17:03",
        "18:03",
        "19:03"
    ],
    "url": "https://www.kanachu.co.jp/dia/diagram/timetable01_js/course:0000801232-2/node:00128595/kt:0/lname:/"
}
