{
    "system": "台01",
    "busstops": [
        {
            "index": "1",
            "id": "00128551",
            "name": "相武台前駅",
            "lat": "35.498545",
            "lng": "139.407579"
        },
        {
            "index": "2",
            "id": "00128595",
            "name": "県営住宅入口(座間市)",
            "lat": "35.502424",
            "lng": "139.409948"
        },
        {
            "index": "3",
            "id": "00128596",
            "name": "北相武台",
            "lat": "35.507015",
            "lng": "139.413129"
        },
        {
            "index": "4",
            "id": "00128597",
            "name": "団地センター前(相模原市南区)",
            "lat": "35.509173",
            "lng": "139.409763"
        },
        {
            "index": "5",
            "id": "00128598",
            "name": "団地西(相模原市南区)",
            "lat": "35.510697",
            "lng": "139.408639"
        },
        {
            "index": "6",
            "id": "00128599",
            "name": "団地東(相模原市南区)",
            "lat": "35.512566",
            "lng": "139.410886"
        },
        {
            "index": "7",
            "id": "00128600",
            "name": "保育園前(相模原市南区)",
            "lat": "35.509898",
            "lng": "139.41348"
        },
        {
            "index": "8",
            "id": "00128596",
            "name": "北相武台",
            "lat": "35.506915",
            "lng": "139.413169"
        },
        {
            "index": "9",
            "id": "00128595",
            "name": "県営住宅入口(座間市)",
            "lat": "35.501732",
            "lng": "139.409811"
        },
        {
            "index": "10",
            "id": "00128551",
            "name": "相武台前駅",
            "lat": "35.498545",
            "lng": "139.407579"
        }
    ],
    "route_url": "https://www.kanachu.co.jp/dia/route/index/cid:0000801232/"
}
