{
    "date": "2024/12/16",
    "name": "宿矢名",
    "position": "-",
    "system": "秦44",
    "destinations": [
        "広畑ふれあいプラザ前",
        "下大槻団地",
        "広畑ふれあいプラザ前",
        "秦野高校前",
        "瓜生野入口",
        "才ヶ分踏切",
        "才ヶ分",
        "室川橋(下大槻団地線)",
        "河原町(秦野市)",
        "台町(秦野市)",
        "片町通り",
        "上宿通り",
        "大川橋(秦野市)",
        "まほろば大橋",
        "秦野駅"
    ],
    "weekday": [
        "7:21",
        "8:43",
        "13:40",
        "14:40"
    ],
    "saturday": [
        "15:40"
    ],
    "holiday": [
        "15:40"
    ],
    "url": "https://www.kanachu.co.jp/dia/diagram/timetable01_js/course:0000803661-9/node:00127756/kt:0/lname:/"
}
