{
    "date": "2024/12/16",
    "name": "才ヶ分",
    "position": "-",
    "system": "秦44",
    "destinations": [
        "室川橋(下大槻団地線)",
        "河原町(秦野市)",
        "台町(秦野市)",
        "片町通り",
        "上宿通り",
        "大川橋(秦野市)",
        "まほろば大橋",
        "秦野駅"
    ],
    "weekday": [
        "7:30",
        "8:52",
        "13:48",
        "14:48"
    ],
    "saturday": [
        "15:48"
    ],
    "holiday": [
        "15:48"
    ],
    "url": "https://www.kanachu.co.jp/dia/diagram/timetable01_js/course:0000803661-16/node:00127750/kt:0/lname:/"
}
