{
    "date": "2024/11/16",
    "name": "藤が岡7号",
    "position": "-",
    "system": "藤10",
    "destinations": [
        "藤が岡8号",
        "藤が岡9号",
        "藤が岡10号",
        "藤が岡11号",
        "藤が岡12号",
        "藤が岡13号",
        "藤が岡14号",
        "藤が岡15号",
        "御所ヶ谷橋",
        "藤沢駅北口"
    ],
    "weekday": [
        "6:47",
        "7:17",
        "7:47",
        "8:17",
        "8:37",
        "8:57",
        "9:17",
        "9:37",
        "9:57",
        "10:17",
        "10:37",
        "10:57",
        "11:17",
        "11:37",
        "11:57",
        "12:17",
        "12:37",
        "12:57",
        "13:17",
        "13:37",
        "13:57",
        "14:17",
        "14:37",
        "14:57",
        "15:17",
        "15:37",
        "15:57",
        "16:17",
        "16:37",
        "16:57",
        "17:17",
        "17:37",
        "17:57",
        "18:17",
        "18:37",
        "18:57",
        "19:17",
        "19:37",
        "19:57",
        "20:27",
        "20:57",
        "21:27",
        "21:57",
        "22:27"
    ],
    "saturday": [
        "6:57",
        "7:27",
        "7:57",
        "8:27",
        "8:57",
        "9:17",
        "9:37",
        "9:57",
        "10:17",
        "10:37",
        "10:57",
        "11:17",
        "11:37",
        "11:57",
        "12:17",
        "12:37",
        "12:57",
        "13:17",
        "13:37",
        "13:57",
        "14:17",
        "14:37",
        "14:57",
        "15:17",
        "15:37",
        "15:57",
        "16:17",
        "16:37",
        "16:57",
        "17:17",
        "17:37",
        "17:57",
        "18:17",
        "18:37",
        "18:57",
        "19:27",
        "19:57",
        "20:27",
        "21:07"
    ],
    "holiday": [
        "6:57",
        "7:27",
        "7:57",
        "8:27",
        "8:57",
        "9:17",
        "9:37",
        "9:57",
        "10:17",
        "10:37",
        "10:57",
        "11:17",
        "11:37",
        "11:57",
        "12:17",
        "12:37",
        "12:57",
        "13:17",
        "13:37",
        "13:57",
        "14:17",
        "14:37",
        "14:57",
        "15:17",
        "15:37",
        "15:57",
        "16:17",
        "16:37",
        "16:57",
        "17:17",
        "17:37",
        "17:57",
        "18:17",
        "18:37",
        "18:57",
        "19:27",
        "19:57",
        "20:27",
        "21:07"
    ],
    "url": "https://www.kanachu.co.jp/dia/diagram/timetable01_js/course:0000802584-9/node:00127027/kt:0/lname:/"
}
