{
    "date": "2025/11/16",
    "name": "団地下大竹",
    "position": "-",
    "system": "平90",
    "destinations": [
        "馬渡(伊勢原市)",
        "矢羽根",
        "城所入口",
        "大句",
        "矢崎(平塚市)",
        "東橋(平塚市)",
        "豊田本郷駅",
        "大縄橋",
        "中原上宿",
        "中原御殿",
        "中原下宿",
        "共済病院前総合公園西",
        "追分(平塚市)",
        "立野町(平塚市)",
        "横浜ゴム前",
        "市役所前(ゴム前/平塚市)",
        "四ツ角(平塚市)",
        "平塚駅北口"
    ],
    "weekday": [
        "5:55",
        "6:15",
        "6:31",
        "6:41",
        "6:51",
        "6:58",
        "7:05",
        "7:13",
        "7:20",
        "7:32",
        "7:40",
        "7:48",
        "7:56",
        "8:04",
        "8:14",
        "8:25",
        "8:38",
        "8:51",
        "9:11",
        "9:31",
        "9:51",
        "10:11",
        "10:31",
        "10:51",
        "11:11",
        "11:31",
        "11:51",
        "12:11",
        "12:31",
        "12:51",
        "13:11",
        "13:51",
        "14:11",
        "14:31",
        "14:51",
        "15:06",
        "15:21",
        "15:36",
        "15:51",
        "16:06",
        "16:18",
        "16:30",
        "16:54",
        "17:06",
        "17:20",
        "17:32",
        "17:54",
        "18:06",
        "18:18",
        "18:30",
        "18:54",
        "19:06",
        "19:21",
        "19:50",
        "20:05",
        "20:25",
        "20:55",
        "21:25",
        "21:55",
        "22:59"
    ],
    "saturday": [
        "6:25",
        "6:45",
        "7:05",
        "7:26",
        "7:46",
        "8:06",
        "8:26",
        "8:46",
        "9:06",
        "9:26",
        "9:46",
        "10:06",
        "10:26",
        "10:46",
        "11:06",
        "11:26",
        "11:46",
        "12:06",
        "12:26",
        "12:46",
        "13:06",
        "13:26",
        "13:46",
        "14:06",
        "14:26",
        "14:46",
        "15:06",
        "15:26",
        "15:46",
        "16:06",
        "16:26",
        "16:46",
        "17:06",
        "17:26",
        "17:46",
        "18:06",
        "18:26",
        "18:46",
        "19:16",
        "19:45",
        "20:15",
        "20:45",
        "21:15",
        "21:45",
        "22:15"
    ],
    "holiday": [
        "6:35",
        "7:05",
        "7:26",
        "7:46",
        "8:06",
        "8:26",
        "8:46",
        "9:06",
        "9:26",
        "9:46",
        "10:06",
        "10:26",
        "10:46",
        "11:06",
        "11:26",
        "11:46",
        "12:06",
        "12:26",
        "12:46",
        "13:06",
        "13:26",
        "13:46",
        "14:06",
        "14:26",
        "14:46",
        "15:06",
        "15:26",
        "15:46",
        "16:06",
        "16:26",
        "16:46",
        "17:06",
        "17:26",
        "17:46",
        "18:16",
        "18:46",
        "19:16",
        "19:45",
        "20:15",
        "20:45",
        "21:15",
        "21:45",
        "22:15"
    ],
    "url": "https://www.kanachu.co.jp/dia/diagram/timetable01_js/course:0000800085-5/node:00128074/kt:0/lname:/"
}
