{
    "date": "2025/11/16",
    "name": "城所入口",
    "position": "-",
    "system": "平90",
    "destinations": [
        "大句",
        "矢崎(平塚市)",
        "東橋(平塚市)",
        "豊田本郷駅",
        "大縄橋",
        "中原上宿",
        "中原御殿",
        "中原下宿",
        "共済病院前総合公園西",
        "追分(平塚市)",
        "立野町(平塚市)",
        "横浜ゴム前",
        "市役所前(ゴム前/平塚市)",
        "四ツ角(平塚市)",
        "平塚駅北口"
    ],
    "weekday": [
        "5:57",
        "6:17",
        "6:33",
        "6:43",
        "6:53",
        "7:00",
        "7:07",
        "7:15",
        "7:22",
        "7:34",
        "7:42",
        "7:50",
        "7:58",
        "8:06",
        "8:16",
        "8:27",
        "8:40",
        "8:53",
        "9:13",
        "9:33",
        "9:53",
        "10:13",
        "10:33",
        "10:53",
        "11:13",
        "11:33",
        "11:53",
        "12:13",
        "12:33",
        "12:53",
        "13:13",
        "13:53",
        "14:13",
        "14:33",
        "14:53",
        "15:08",
        "15:23",
        "15:38",
        "15:53",
        "16:08",
        "16:20",
        "16:32",
        "16:56",
        "17:08",
        "17:22",
        "17:34",
        "17:56",
        "18:08",
        "18:20",
        "18:32",
        "18:56",
        "19:08",
        "19:23",
        "19:52",
        "20:07",
        "20:27",
        "20:57",
        "21:27",
        "21:57",
        "23:01"
    ],
    "saturday": [
        "6:27",
        "6:47",
        "7:07",
        "7:28",
        "7:48",
        "8:08",
        "8:28",
        "8:48",
        "9:08",
        "9:28",
        "9:48",
        "10:08",
        "10:28",
        "10:48",
        "11:08",
        "11:28",
        "11:48",
        "12:08",
        "12:28",
        "12:48",
        "13:08",
        "13:28",
        "13:48",
        "14:08",
        "14:28",
        "14:48",
        "15:08",
        "15:28",
        "15:48",
        "16:08",
        "16:28",
        "16:48",
        "17:08",
        "17:28",
        "17:48",
        "18:08",
        "18:28",
        "18:48",
        "19:18",
        "19:47",
        "20:17",
        "20:47",
        "21:17",
        "21:47",
        "22:17"
    ],
    "holiday": [
        "6:37",
        "7:07",
        "7:28",
        "7:48",
        "8:08",
        "8:28",
        "8:48",
        "9:08",
        "9:28",
        "9:48",
        "10:08",
        "10:28",
        "10:48",
        "11:08",
        "11:28",
        "11:48",
        "12:08",
        "12:28",
        "12:48",
        "13:08",
        "13:28",
        "13:48",
        "14:08",
        "14:28",
        "14:48",
        "15:08",
        "15:28",
        "15:48",
        "16:08",
        "16:28",
        "16:48",
        "17:08",
        "17:28",
        "17:48",
        "18:18",
        "18:48",
        "19:18",
        "19:47",
        "20:17",
        "20:47",
        "21:17",
        "21:47",
        "22:17"
    ],
    "url": "https://www.kanachu.co.jp/dia/diagram/timetable01_js/course:0000800085-8/node:00128061/kt:0/lname:/"
}
