{
    "date": "2025/11/16",
    "name": "中原上宿",
    "position": "-",
    "system": "平90",
    "destinations": [
        "中原御殿",
        "中原下宿",
        "共済病院前総合公園西",
        "追分(平塚市)",
        "立野町(平塚市)",
        "横浜ゴム前",
        "市役所前(ゴム前/平塚市)",
        "四ツ角(平塚市)",
        "平塚駅北口"
    ],
    "weekday": [
        "6:08",
        "6:28",
        "6:44",
        "6:54",
        "7:04",
        "7:12",
        "7:19",
        "7:27",
        "7:34",
        "7:46",
        "7:54",
        "8:02",
        "8:10",
        "8:18",
        "8:28",
        "8:39",
        "8:52",
        "9:05",
        "9:24",
        "9:44",
        "10:04",
        "10:24",
        "10:44",
        "11:04",
        "11:24",
        "11:44",
        "12:04",
        "12:24",
        "12:44",
        "13:04",
        "13:24",
        "14:04",
        "14:24",
        "14:44",
        "15:04",
        "15:19",
        "15:34",
        "15:49",
        "16:04",
        "16:20",
        "16:32",
        "16:44",
        "17:08",
        "17:20",
        "17:34",
        "17:46",
        "18:08",
        "18:20",
        "18:32",
        "18:44",
        "19:08",
        "19:20",
        "19:35",
        "20:03",
        "20:18",
        "20:38",
        "21:08",
        "21:38",
        "22:08",
        "23:12"
    ],
    "saturday": [
        "6:37",
        "6:57",
        "7:18",
        "7:39",
        "7:59",
        "8:19",
        "8:39",
        "8:59",
        "9:19",
        "9:39",
        "9:59",
        "10:19",
        "10:39",
        "10:59",
        "11:19",
        "11:39",
        "11:59",
        "12:19",
        "12:39",
        "12:59",
        "13:19",
        "13:39",
        "13:59",
        "14:19",
        "14:39",
        "14:59",
        "15:19",
        "15:39",
        "15:59",
        "16:19",
        "16:39",
        "16:59",
        "17:19",
        "17:39",
        "17:59",
        "18:19",
        "18:39",
        "18:59",
        "19:29",
        "19:57",
        "20:27",
        "20:57",
        "21:27",
        "21:57",
        "22:27"
    ],
    "holiday": [
        "6:47",
        "7:18",
        "7:39",
        "7:59",
        "8:19",
        "8:39",
        "8:59",
        "9:19",
        "9:39",
        "9:59",
        "10:19",
        "10:39",
        "10:59",
        "11:19",
        "11:39",
        "11:59",
        "12:19",
        "12:39",
        "12:59",
        "13:19",
        "13:39",
        "13:59",
        "14:19",
        "14:39",
        "14:59",
        "15:19",
        "15:39",
        "15:59",
        "16:19",
        "16:39",
        "16:59",
        "17:19",
        "17:39",
        "17:59",
        "18:29",
        "18:59",
        "19:29",
        "19:57",
        "20:27",
        "20:57",
        "21:27",
        "21:57",
        "22:27"
    ],
    "url": "https://www.kanachu.co.jp/dia/diagram/timetable01_js/course:0000800085-14/node:00128067/kt:0/lname:/"
}
