{
    "date": "2025/11/16",
    "name": "中原御殿",
    "position": "-",
    "system": "平90",
    "destinations": [
        "中原下宿",
        "共済病院前総合公園西",
        "追分(平塚市)",
        "立野町(平塚市)",
        "横浜ゴム前",
        "市役所前(ゴム前/平塚市)",
        "四ツ角(平塚市)",
        "平塚駅北口"
    ],
    "weekday": [
        "6:09",
        "6:29",
        "6:45",
        "6:55",
        "7:05",
        "7:13",
        "7:20",
        "7:28",
        "7:35",
        "7:47",
        "7:55",
        "8:03",
        "8:11",
        "8:19",
        "8:29",
        "8:40",
        "8:53",
        "9:06",
        "9:25",
        "9:45",
        "10:05",
        "10:25",
        "10:45",
        "11:05",
        "11:25",
        "11:45",
        "12:05",
        "12:25",
        "12:45",
        "13:05",
        "13:25",
        "14:05",
        "14:25",
        "14:45",
        "15:05",
        "15:20",
        "15:35",
        "15:50",
        "16:05",
        "16:21",
        "16:33",
        "16:45",
        "17:09",
        "17:21",
        "17:35",
        "17:47",
        "18:09",
        "18:21",
        "18:33",
        "18:45",
        "19:09",
        "19:21",
        "19:36",
        "20:04",
        "20:19",
        "20:39",
        "21:09",
        "21:39",
        "22:09",
        "23:13"
    ],
    "saturday": [
        "6:38",
        "6:58",
        "7:19",
        "7:40",
        "8:00",
        "8:20",
        "8:40",
        "9:00",
        "9:20",
        "9:40",
        "10:00",
        "10:20",
        "10:40",
        "11:00",
        "11:20",
        "11:40",
        "12:00",
        "12:20",
        "12:40",
        "13:00",
        "13:20",
        "13:40",
        "14:00",
        "14:20",
        "14:40",
        "15:00",
        "15:20",
        "15:40",
        "16:00",
        "16:20",
        "16:40",
        "17:00",
        "17:20",
        "17:40",
        "18:00",
        "18:20",
        "18:40",
        "19:00",
        "19:30",
        "19:58",
        "20:28",
        "20:58",
        "21:28",
        "21:58",
        "22:28"
    ],
    "holiday": [
        "6:48",
        "7:19",
        "7:40",
        "8:00",
        "8:20",
        "8:40",
        "9:00",
        "9:20",
        "9:40",
        "10:00",
        "10:20",
        "10:40",
        "11:00",
        "11:20",
        "11:40",
        "12:00",
        "12:20",
        "12:40",
        "13:00",
        "13:20",
        "13:40",
        "14:00",
        "14:20",
        "14:40",
        "15:00",
        "15:20",
        "15:40",
        "16:00",
        "16:20",
        "16:40",
        "17:00",
        "17:20",
        "17:40",
        "18:00",
        "18:30",
        "19:00",
        "19:30",
        "19:58",
        "20:28",
        "20:58",
        "21:28",
        "21:58",
        "22:28"
    ],
    "url": "https://www.kanachu.co.jp/dia/diagram/timetable01_js/course:0000800085-15/node:00128068/kt:0/lname:/"
}
