{
    "date": "2025/12/01",
    "name": "江南高校前",
    "position": "-",
    "system": "ー",
    "destinations": [
        "共済病院前総合公園西",
        "総合公園前(平塚市)",
        "中原東(平塚市)",
        "中原中宿",
        "伊勢山(平塚市)",
        "住宅前(平塚市)",
        "大野中学校前",
        "西真土",
        "大野農協前",
        "真土",
        "東真土",
        "大念寺前",
        "前鳥神社前",
        "ふじみ園前",
        "大江工業前",
        "平塚市リサイクルプラザ",
        "鹿見堂橋",
        "駒返橋",
        "田村十字路",
        "神田小学校前(平塚市)",
        "田村車庫"
    ],
    "weekday": [
        "14:01"
    ],
    "saturday": [],
    "holiday": [],
    "url": "https://www.kanachu.co.jp/dia/diagram/timetable01_js/course:0000803936-3/node:00127557/kt:0/lname:/"
}
