{
    "date": "2025/12/01",
    "name": "大野中学校前",
    "position": "-",
    "system": "ー",
    "destinations": [
        "西真土",
        "大野農協前",
        "真土",
        "東真土",
        "大念寺前",
        "前鳥神社前",
        "ふじみ園前",
        "大江工業前",
        "平塚市リサイクルプラザ",
        "鹿見堂橋",
        "駒返橋",
        "田村十字路",
        "神田小学校前(平塚市)",
        "田村車庫"
    ],
    "weekday": [
        "14:10"
    ],
    "saturday": [],
    "holiday": [],
    "url": "https://www.kanachu.co.jp/dia/diagram/timetable01_js/course:0000803936-10/node:00127607/kt:0/lname:/"
}
