{
    "date": "2026/01/16",
    "name": "羽鳥一丁目",
    "position": "-",
    "system": "辻34",
    "destinations": [
        "城南一丁目",
        "大庭隧道",
        "有藤",
        "西高校前(藤沢市)",
        "南センター前(藤沢市)",
        "小糸",
        "大庭小学校",
        "ライフタウン中央(藤沢市)",
        "二番構保健医療センター",
        "駒寄",
        "滝の沢(藤沢市)",
        "滝の沢不動前",
        "湘南ライフタウン",
        "刈込(藤沢市)",
        "諸之木",
        "慶応大学"
    ],
    "weekday": [],
    "saturday": [],
    "holiday": [
        "9:16",
        "10:36",
        "11:56",
        "13:16",
        "14:36",
        "15:56",
        "17:16",
        "18:36"
    ],
    "url": "https://www.kanachu.co.jp/dia/diagram/timetable01_js/course:0000804288-3/node:00129935/kt:0/lname:/"
}
