{
    "date": "2026/01/16",
    "name": "城南一丁目",
    "position": "-",
    "system": "辻34",
    "destinations": [
        "大庭隧道",
        "有藤",
        "西高校前(藤沢市)",
        "南センター前(藤沢市)",
        "小糸",
        "大庭小学校",
        "ライフタウン中央(藤沢市)",
        "二番構保健医療センター",
        "駒寄",
        "滝の沢(藤沢市)",
        "滝の沢不動前",
        "湘南ライフタウン",
        "刈込(藤沢市)",
        "諸之木",
        "慶応大学"
    ],
    "weekday": [],
    "saturday": [],
    "holiday": [
        "9:17",
        "10:37",
        "11:57",
        "13:17",
        "14:37",
        "15:57",
        "17:17",
        "18:37"
    ],
    "url": "https://www.kanachu.co.jp/dia/diagram/timetable01_js/course:0000804288-4/node:00129936/kt:0/lname:/"
}
