{
    "date": "2026/01/16",
    "name": "元町(中郡二宮町)",
    "position": "-",
    "system": "秦60",
    "destinations": [
        "堂面(中郡二宮町)",
        "中島(中郡二宮町)",
        "中里(中郡二宮町)",
        "二宮高校入口",
        "団地中央(中郡二宮町)",
        "岩崎(中郡二宮町)",
        "下谷(中郡二宮町)",
        "一色(中郡二宮町)",
        "梅ノ木(中郡二宮町)",
        "五分一",
        "下井ノ口",
        "北窪入口",
        "井ノ口小学校前",
        "上井ノ口",
        "原(足柄上郡中井町)",
        "猪分",
        "東名秦野",
        "大竹(秦野市)",
        "西大竹",
        "養泉院",
        "秦野郵便局前",
        "秦野駅南口"
    ],
    "weekday": [
        "5:55",
        "6:21",
        "7:03",
        "7:21",
        "8:03",
        "8:29",
        "9:03",
        "9:50",
        "10:55",
        "12:50",
        "13:50",
        "15:50",
        "16:50",
        "17:42",
        "18:42",
        "19:42",
        "20:32"
    ],
    "saturday": [
        "8:37",
        "9:37",
        "11:38",
        "14:37",
        "16:37",
        "20:37"
    ],
    "holiday": [
        "8:37",
        "9:37",
        "11:38",
        "14:37",
        "16:37",
        "20:37"
    ],
    "url": "https://www.kanachu.co.jp/dia/diagram/timetable01_js/course:0000803971-2/node:00127791/kt:0/lname:/"
}
