{
    "date": "2026/01/16",
    "name": "一色(中郡二宮町)",
    "position": "-",
    "system": "秦60",
    "destinations": [
        "梅ノ木(中郡二宮町)",
        "五分一",
        "下井ノ口",
        "北窪入口",
        "井ノ口小学校前",
        "上井ノ口",
        "原(足柄上郡中井町)",
        "猪分",
        "東名秦野",
        "大竹(秦野市)",
        "西大竹",
        "養泉院",
        "秦野郵便局前",
        "秦野駅南口"
    ],
    "weekday": [
        "6:06",
        "6:32",
        "7:15",
        "7:33",
        "8:15",
        "8:41",
        "9:15",
        "10:02",
        "11:07",
        "13:02",
        "14:02",
        "16:02",
        "17:02",
        "17:54",
        "18:54",
        "19:53",
        "20:43"
    ],
    "saturday": [
        "8:49",
        "9:49",
        "11:50",
        "14:49",
        "16:49",
        "20:48"
    ],
    "holiday": [
        "8:49",
        "9:49",
        "11:50",
        "14:49",
        "16:49",
        "20:48"
    ],
    "url": "https://www.kanachu.co.jp/dia/diagram/timetable01_js/course:0000803971-10/node:00127783/kt:0/lname:/"
}
