{
    "date": "2026/01/16",
    "name": "五分一",
    "position": "-",
    "system": "秦60",
    "destinations": [
        "下井ノ口",
        "北窪入口",
        "井ノ口小学校前",
        "上井ノ口",
        "原(足柄上郡中井町)",
        "猪分",
        "東名秦野",
        "大竹(秦野市)",
        "西大竹",
        "養泉院",
        "秦野郵便局前",
        "秦野駅南口"
    ],
    "weekday": [
        "6:09",
        "6:35",
        "7:18",
        "7:36",
        "8:18",
        "8:44",
        "9:18",
        "10:05",
        "11:10",
        "13:05",
        "14:05",
        "16:05",
        "17:05",
        "17:57",
        "18:57",
        "19:56",
        "20:46"
    ],
    "saturday": [
        "8:52",
        "9:52",
        "11:53",
        "14:52",
        "16:52",
        "20:51"
    ],
    "holiday": [
        "8:52",
        "9:52",
        "11:53",
        "14:52",
        "16:52",
        "20:51"
    ],
    "url": "https://www.kanachu.co.jp/dia/diagram/timetable01_js/course:0000803971-12/node:00127781/kt:0/lname:/"
}
