{
    "date": "2026/01/16",
    "name": "下井ノ口",
    "position": "-",
    "system": "秦60",
    "destinations": [
        "北窪入口",
        "井ノ口小学校前",
        "上井ノ口",
        "原(足柄上郡中井町)",
        "猪分",
        "東名秦野",
        "大竹(秦野市)",
        "西大竹",
        "養泉院",
        "秦野郵便局前",
        "秦野駅南口"
    ],
    "weekday": [
        "6:10",
        "6:36",
        "7:19",
        "7:37",
        "8:19",
        "8:45",
        "9:19",
        "10:06",
        "11:11",
        "13:06",
        "14:06",
        "16:06",
        "17:06",
        "17:58",
        "18:58",
        "19:57",
        "20:47"
    ],
    "saturday": [
        "8:53",
        "9:53",
        "11:54",
        "14:53",
        "16:53",
        "20:52"
    ],
    "holiday": [
        "8:53",
        "9:53",
        "11:54",
        "14:53",
        "16:53",
        "20:52"
    ],
    "url": "https://www.kanachu.co.jp/dia/diagram/timetable01_js/course:0000803971-13/node:00127780/kt:0/lname:/"
}
