{
    "date": "2025/04/19",
    "name": "淵野辺駅入口",
    "position": "-",
    "system": "淵34",
    "destinations": [
        "淵野辺十字路",
        "弥栄(相模原市中央区)",
        "栄公園前",
        "千代田(相模原市中央区)",
        "光が丘(相模原市中央区)",
        "上溝保育園前",
        "上溝団地",
        "光が丘三丁目(相模原市中央区)",
        "光が丘大通り",
        "光が丘小学校前",
        "光が丘一丁目(相模原市中央区)"
    ],
    "weekday": [
        "19:06",
        "23:01"
    ],
    "saturday": [
        "18:21",
        "20:36",
        "22:27"
    ],
    "holiday": [
        "18:21",
        "21:11"
    ],
    "url": "https://www.kanachu.co.jp/dia/diagram/timetable01_js/course:0000803115-2/node:00129125/kt:0/lname:/"
}
