{
    "date": "2025/04/19",
    "name": "淵野辺十字路",
    "position": "-",
    "system": "淵34",
    "destinations": [
        "弥栄(相模原市中央区)",
        "栄公園前",
        "千代田(相模原市中央区)",
        "光が丘(相模原市中央区)",
        "上溝保育園前",
        "上溝団地",
        "光が丘三丁目(相模原市中央区)",
        "光が丘大通り",
        "光が丘小学校前",
        "光が丘一丁目(相模原市中央区)"
    ],
    "weekday": [
        "19:08",
        "23:03"
    ],
    "saturday": [
        "18:23",
        "20:38",
        "22:29"
    ],
    "holiday": [
        "18:23",
        "21:13"
    ],
    "url": "https://www.kanachu.co.jp/dia/diagram/timetable01_js/course:0000803115-3/node:00129248/kt:0/lname:/"
}
