{
    "date": "2025/04/19",
    "name": "栄公園前",
    "position": "-",
    "system": "淵34",
    "destinations": [
        "千代田(相模原市中央区)",
        "光が丘(相模原市中央区)",
        "上溝保育園前",
        "上溝団地",
        "光が丘三丁目(相模原市中央区)",
        "光が丘大通り",
        "光が丘小学校前",
        "光が丘一丁目(相模原市中央区)"
    ],
    "weekday": [
        "19:10",
        "23:05"
    ],
    "saturday": [
        "18:26",
        "20:41",
        "22:32"
    ],
    "holiday": [
        "18:26",
        "21:16"
    ],
    "url": "https://www.kanachu.co.jp/dia/diagram/timetable01_js/course:0000803115-5/node:00129143/kt:0/lname:/"
}
