{
    "date": "2025/04/19",
    "name": "千代田(相模原市中央区)",
    "position": "-",
    "system": "淵34",
    "destinations": [
        "光が丘(相模原市中央区)",
        "上溝保育園前",
        "上溝団地",
        "光が丘三丁目(相模原市中央区)",
        "光が丘大通り",
        "光が丘小学校前",
        "光が丘一丁目(相模原市中央区)"
    ],
    "weekday": [
        "19:12",
        "23:07"
    ],
    "saturday": [
        "18:27",
        "20:42",
        "22:33"
    ],
    "holiday": [
        "18:27",
        "21:17"
    ],
    "url": "https://www.kanachu.co.jp/dia/diagram/timetable01_js/course:0000803115-6/node:00129195/kt:0/lname:/"
}
