{
    "date": "2025/04/19",
    "name": "上溝団地",
    "position": "-",
    "system": "淵34",
    "destinations": [
        "光が丘三丁目(相模原市中央区)",
        "光が丘大通り",
        "光が丘小学校前",
        "光が丘一丁目(相模原市中央区)"
    ],
    "weekday": [
        "19:15",
        "23:10"
    ],
    "saturday": [
        "18:30",
        "20:45",
        "22:36"
    ],
    "holiday": [
        "18:30",
        "21:20"
    ],
    "url": "https://www.kanachu.co.jp/dia/diagram/timetable01_js/course:0000803115-9/node:00129112/kt:0/lname:/"
}
