{
    "date": "2025/04/19",
    "name": "相模原駅南口",
    "position": "-",
    "system": "相25",
    "destinations": [
        "相模原三丁目",
        "相模原五丁目",
        "西門前(相模原市中央区)",
        "グリーンプラザ(相模原市中央区)",
        "市役所前(相模原市中央区)",
        "ウェルネスさがみはら前",
        "職業安定所前(相模原市中央区)",
        "千代田一丁目",
        "千代田十字路",
        "千代田五丁目",
        "光が丘一丁目(相模原市中央区)",
        "光が丘小学校前",
        "光が丘大通り",
        "光が丘三丁目(相模原市中央区)",
        "緑が丘一丁目(相模原市中央区)",
        "陽光台六丁目",
        "相模原浄水場",
        "麻溝車庫",
        "友愛病院前",
        "北里大学病院・北里大学",
        "麻溝台高校",
        "麻溝台入口",
        "大野台入口",
        "オルガノ前",
        "大沼",
        "大沼小学校前",
        "東通り(相模原市南区)",
        "団地入口(相模原市南区)",
        "小沼(相模原市南区)",
        "南中前(相模原市南区)",
        "グリーンホール前",
        "相模大野駅北口"
    ],
    "weekday": [
        "6:10",
        "6:40",
        "6:50",
        "7:08",
        "7:23",
        "7:38",
        "7:53",
        "8:05",
        "8:20",
        "8:40",
        "8:53",
        "9:23",
        "9:43",
        "10:23",
        "10:53",
        "11:23",
        "11:53",
        "12:23",
        "12:53",
        "13:23",
        "13:53",
        "14:23",
        "14:53",
        "15:23",
        "15:46",
        "16:16",
        "16:46",
        "17:16",
        "17:48",
        "18:18",
        "18:48",
        "19:18",
        "19:48",
        "20:18",
        "20:48",
        "21:40",
        "22:10",
        "22:40"
    ],
    "saturday": [
        "6:10",
        "6:39",
        "6:59",
        "7:39",
        "7:57",
        "8:57",
        "9:55",
        "10:35",
        "10:55",
        "11:55",
        "12:35",
        "12:55",
        "13:55",
        "14:55",
        "15:55",
        "16:35",
        "16:55",
        "17:55",
        "18:35",
        "19:00",
        "19:40",
        "20:05",
        "21:00",
        "21:35"
    ],
    "holiday": [
        "6:30",
        "7:00",
        "7:40",
        "8:00",
        "8:40",
        "9:00",
        "9:55",
        "10:35",
        "10:55",
        "11:55",
        "12:35",
        "12:55",
        "13:55",
        "14:55",
        "15:35",
        "15:55",
        "16:55",
        "17:35",
        "17:55",
        "18:35",
        "18:55",
        "19:40",
        "20:05",
        "21:00",
        "21:35"
    ],
    "url": "https://www.kanachu.co.jp/dia/diagram/timetable01_js/course:0000803515-1/node:00129335/kt:0/lname:/"
}
