{
    "date": "2025/04/19",
    "name": "市役所前(相模原市中央区)",
    "position": "-",
    "system": "相25",
    "destinations": [
        "ウェルネスさがみはら前",
        "職業安定所前(相模原市中央区)",
        "千代田一丁目",
        "千代田十字路",
        "千代田五丁目",
        "光が丘一丁目(相模原市中央区)",
        "光が丘小学校前",
        "光が丘大通り",
        "光が丘三丁目(相模原市中央区)",
        "緑が丘一丁目(相模原市中央区)",
        "陽光台六丁目",
        "相模原浄水場",
        "麻溝車庫",
        "友愛病院前",
        "北里大学病院・北里大学",
        "麻溝台高校",
        "麻溝台入口",
        "大野台入口",
        "オルガノ前",
        "大沼",
        "大沼小学校前",
        "東通り(相模原市南区)",
        "団地入口(相模原市南区)",
        "小沼(相模原市南区)",
        "南中前(相模原市南区)",
        "グリーンホール前",
        "相模大野駅北口"
    ],
    "weekday": [
        "6:15",
        "6:45",
        "6:55",
        "7:14",
        "7:29",
        "7:44",
        "7:59",
        "8:11",
        "8:26",
        "8:46",
        "8:59",
        "9:29",
        "9:49",
        "10:29",
        "10:59",
        "11:29",
        "11:59",
        "12:29",
        "12:59",
        "13:29",
        "13:59",
        "14:29",
        "14:59",
        "15:29",
        "15:52",
        "16:22",
        "16:52",
        "17:22",
        "17:54",
        "18:24",
        "18:54",
        "19:23",
        "19:53",
        "20:23",
        "20:53",
        "21:45",
        "22:15",
        "22:45"
    ],
    "saturday": [
        "6:15",
        "6:44",
        "7:04",
        "7:44",
        "8:02",
        "9:03",
        "10:01",
        "10:40",
        "11:00",
        "12:00",
        "12:40",
        "13:00",
        "14:00",
        "15:00",
        "16:00",
        "16:40",
        "17:00",
        "18:00",
        "18:40",
        "19:05",
        "19:45",
        "20:10",
        "21:05",
        "21:40"
    ],
    "holiday": [
        "6:35",
        "7:05",
        "7:45",
        "8:05",
        "8:45",
        "9:05",
        "10:00",
        "10:40",
        "11:00",
        "12:00",
        "12:40",
        "13:00",
        "14:00",
        "15:00",
        "15:40",
        "16:00",
        "17:00",
        "17:40",
        "18:00",
        "18:40",
        "19:00",
        "19:45",
        "20:10",
        "21:05",
        "21:40"
    ],
    "url": "https://www.kanachu.co.jp/dia/diagram/timetable01_js/course:0000803515-6/node:00128537/kt:0/lname:/"
}
