{
    "date": "2025/04/19",
    "name": "職業安定所前(相模原市中央区)",
    "position": "-",
    "system": "相25",
    "destinations": [
        "千代田一丁目",
        "千代田十字路",
        "千代田五丁目",
        "光が丘一丁目(相模原市中央区)",
        "光が丘小学校前",
        "光が丘大通り",
        "光が丘三丁目(相模原市中央区)",
        "緑が丘一丁目(相模原市中央区)",
        "陽光台六丁目",
        "相模原浄水場",
        "麻溝車庫",
        "友愛病院前",
        "北里大学病院・北里大学",
        "麻溝台高校",
        "麻溝台入口",
        "大野台入口",
        "オルガノ前",
        "大沼",
        "大沼小学校前",
        "東通り(相模原市南区)",
        "団地入口(相模原市南区)",
        "小沼(相模原市南区)",
        "南中前(相模原市南区)",
        "グリーンホール前",
        "相模大野駅北口"
    ],
    "weekday": [
        "6:17",
        "6:47",
        "6:57",
        "7:16",
        "7:31",
        "7:46",
        "8:01",
        "8:13",
        "8:28",
        "8:48",
        "9:01",
        "9:31",
        "9:51",
        "10:31",
        "11:01",
        "11:31",
        "12:01",
        "12:31",
        "13:01",
        "13:31",
        "14:01",
        "14:31",
        "15:01",
        "15:31",
        "15:54",
        "16:24",
        "16:54",
        "17:24",
        "17:56",
        "18:26",
        "18:56",
        "19:25",
        "19:55",
        "20:25",
        "20:55",
        "21:47",
        "22:17",
        "22:47"
    ],
    "saturday": [
        "6:17",
        "6:46",
        "7:06",
        "7:46",
        "8:04",
        "9:05",
        "10:03",
        "10:42",
        "11:02",
        "12:02",
        "12:42",
        "13:02",
        "14:02",
        "15:02",
        "16:02",
        "16:42",
        "17:02",
        "18:02",
        "18:42",
        "19:07",
        "19:47",
        "20:12",
        "21:07",
        "21:42"
    ],
    "holiday": [
        "6:37",
        "7:07",
        "7:47",
        "8:07",
        "8:47",
        "9:07",
        "10:02",
        "10:42",
        "11:02",
        "12:02",
        "12:42",
        "13:02",
        "14:02",
        "15:02",
        "15:42",
        "16:02",
        "17:02",
        "17:42",
        "18:02",
        "18:42",
        "19:02",
        "19:47",
        "20:12",
        "21:07",
        "21:42"
    ],
    "url": "https://www.kanachu.co.jp/dia/diagram/timetable01_js/course:0000803515-8/node:00128535/kt:0/lname:/"
}
