{
    "date": "2025/04/19",
    "name": "千代田一丁目",
    "position": "-",
    "system": "相25",
    "destinations": [
        "千代田十字路",
        "千代田五丁目",
        "光が丘一丁目(相模原市中央区)",
        "光が丘小学校前",
        "光が丘大通り",
        "光が丘三丁目(相模原市中央区)",
        "緑が丘一丁目(相模原市中央区)",
        "陽光台六丁目",
        "相模原浄水場",
        "麻溝車庫",
        "友愛病院前",
        "北里大学病院・北里大学",
        "麻溝台高校",
        "麻溝台入口",
        "大野台入口",
        "オルガノ前",
        "大沼",
        "大沼小学校前",
        "東通り(相模原市南区)",
        "団地入口(相模原市南区)",
        "小沼(相模原市南区)",
        "南中前(相模原市南区)",
        "グリーンホール前",
        "相模大野駅北口"
    ],
    "weekday": [
        "6:18",
        "6:48",
        "6:58",
        "7:17",
        "7:32",
        "7:47",
        "8:02",
        "8:14",
        "8:29",
        "8:49",
        "9:02",
        "9:32",
        "9:52",
        "10:32",
        "11:02",
        "11:32",
        "12:02",
        "12:32",
        "13:02",
        "13:32",
        "14:02",
        "14:32",
        "15:02",
        "15:32",
        "15:55",
        "16:25",
        "16:55",
        "17:25",
        "17:57",
        "18:27",
        "18:57",
        "19:26",
        "19:56",
        "20:26",
        "20:56",
        "21:48",
        "22:18",
        "22:48"
    ],
    "saturday": [
        "6:18",
        "6:47",
        "7:07",
        "7:47",
        "8:05",
        "9:06",
        "10:04",
        "10:43",
        "11:03",
        "12:03",
        "12:43",
        "13:03",
        "14:03",
        "15:03",
        "16:03",
        "16:43",
        "17:03",
        "18:03",
        "18:43",
        "19:08",
        "19:48",
        "20:13",
        "21:08",
        "21:43"
    ],
    "holiday": [
        "6:38",
        "7:08",
        "7:48",
        "8:08",
        "8:48",
        "9:08",
        "10:03",
        "10:43",
        "11:03",
        "12:03",
        "12:43",
        "13:03",
        "14:03",
        "15:03",
        "15:43",
        "16:03",
        "17:03",
        "17:43",
        "18:03",
        "18:43",
        "19:03",
        "19:48",
        "20:13",
        "21:08",
        "21:43"
    ],
    "url": "https://www.kanachu.co.jp/dia/diagram/timetable01_js/course:0000803515-9/node:00128534/kt:0/lname:/"
}
