{
    "date": "2025/04/19",
    "name": "千代田十字路",
    "position": "-",
    "system": "相25",
    "destinations": [
        "千代田五丁目",
        "光が丘一丁目(相模原市中央区)",
        "光が丘小学校前",
        "光が丘大通り",
        "光が丘三丁目(相模原市中央区)",
        "緑が丘一丁目(相模原市中央区)",
        "陽光台六丁目",
        "相模原浄水場",
        "麻溝車庫",
        "友愛病院前",
        "北里大学病院・北里大学",
        "麻溝台高校",
        "麻溝台入口",
        "大野台入口",
        "オルガノ前",
        "大沼",
        "大沼小学校前",
        "東通り(相模原市南区)",
        "団地入口(相模原市南区)",
        "小沼(相模原市南区)",
        "南中前(相模原市南区)",
        "グリーンホール前",
        "相模大野駅北口"
    ],
    "weekday": [
        "6:19",
        "6:49",
        "6:59",
        "7:19",
        "7:34",
        "7:49",
        "8:04",
        "8:16",
        "8:31",
        "8:51",
        "9:04",
        "9:34",
        "9:54",
        "10:34",
        "11:04",
        "11:34",
        "12:04",
        "12:34",
        "13:04",
        "13:34",
        "14:04",
        "14:34",
        "15:04",
        "15:34",
        "15:57",
        "16:27",
        "16:57",
        "17:27",
        "17:59",
        "18:29",
        "18:59",
        "19:27",
        "19:57",
        "20:27",
        "20:57",
        "21:49",
        "22:19",
        "22:49"
    ],
    "saturday": [
        "6:20",
        "6:49",
        "7:09",
        "7:49",
        "8:07",
        "9:08",
        "10:05",
        "10:44",
        "11:04",
        "12:04",
        "12:44",
        "13:04",
        "14:04",
        "15:04",
        "16:04",
        "16:44",
        "17:04",
        "18:04",
        "18:44",
        "19:09",
        "19:49",
        "20:14",
        "21:09",
        "21:44"
    ],
    "holiday": [
        "6:39",
        "7:09",
        "7:49",
        "8:09",
        "8:49",
        "9:09",
        "10:04",
        "10:44",
        "11:04",
        "12:04",
        "12:44",
        "13:04",
        "14:04",
        "15:04",
        "15:44",
        "16:04",
        "17:04",
        "17:44",
        "18:04",
        "18:44",
        "19:04",
        "19:49",
        "20:14",
        "21:09",
        "21:44"
    ],
    "url": "https://www.kanachu.co.jp/dia/diagram/timetable01_js/course:0000803515-10/node:00128533/kt:0/lname:/"
}
