{
    "date": "2025/04/19",
    "name": "千代田五丁目",
    "position": "-",
    "system": "相25",
    "destinations": [
        "光が丘一丁目(相模原市中央区)",
        "光が丘小学校前",
        "光が丘大通り",
        "光が丘三丁目(相模原市中央区)",
        "緑が丘一丁目(相模原市中央区)",
        "陽光台六丁目",
        "相模原浄水場",
        "麻溝車庫",
        "友愛病院前",
        "北里大学病院・北里大学",
        "麻溝台高校",
        "麻溝台入口",
        "大野台入口",
        "オルガノ前",
        "大沼",
        "大沼小学校前",
        "東通り(相模原市南区)",
        "団地入口(相模原市南区)",
        "小沼(相模原市南区)",
        "南中前(相模原市南区)",
        "グリーンホール前",
        "相模大野駅北口"
    ],
    "weekday": [
        "6:20",
        "6:50",
        "7:00",
        "7:20",
        "7:35",
        "7:50",
        "8:05",
        "8:17",
        "8:32",
        "8:52",
        "9:05",
        "9:35",
        "9:55",
        "10:35",
        "11:05",
        "11:35",
        "12:05",
        "12:35",
        "13:05",
        "13:35",
        "14:05",
        "14:35",
        "15:05",
        "15:35",
        "15:58",
        "16:28",
        "16:58",
        "17:28",
        "18:00",
        "18:30",
        "19:00",
        "19:28",
        "19:58",
        "20:28",
        "20:58",
        "21:50",
        "22:20",
        "22:50"
    ],
    "saturday": [
        "6:21",
        "6:50",
        "7:10",
        "7:50",
        "8:08",
        "9:09",
        "10:06",
        "10:45",
        "11:05",
        "12:05",
        "12:45",
        "13:05",
        "14:05",
        "15:05",
        "16:05",
        "16:45",
        "17:05",
        "18:05",
        "18:45",
        "19:10",
        "19:50",
        "20:15",
        "21:10",
        "21:45"
    ],
    "holiday": [
        "6:40",
        "7:10",
        "7:50",
        "8:10",
        "8:50",
        "9:10",
        "10:05",
        "10:45",
        "11:05",
        "12:05",
        "12:45",
        "13:05",
        "14:05",
        "15:05",
        "15:45",
        "16:05",
        "17:05",
        "17:45",
        "18:05",
        "18:45",
        "19:05",
        "19:50",
        "20:15",
        "21:10",
        "21:45"
    ],
    "url": "https://www.kanachu.co.jp/dia/diagram/timetable01_js/course:0000803515-11/node:00129196/kt:0/lname:/"
}
