{
    "date": "2025/04/19",
    "name": "光が丘小学校前",
    "position": "-",
    "system": "相25",
    "destinations": [
        "光が丘大通り",
        "光が丘三丁目(相模原市中央区)",
        "緑が丘一丁目(相模原市中央区)",
        "陽光台六丁目",
        "相模原浄水場",
        "麻溝車庫",
        "友愛病院前",
        "北里大学病院・北里大学",
        "麻溝台高校",
        "麻溝台入口",
        "大野台入口",
        "オルガノ前",
        "大沼",
        "大沼小学校前",
        "東通り(相模原市南区)",
        "団地入口(相模原市南区)",
        "小沼(相模原市南区)",
        "南中前(相模原市南区)",
        "グリーンホール前",
        "相模大野駅北口"
    ],
    "weekday": [
        "6:22",
        "6:52",
        "7:02",
        "7:22",
        "7:37",
        "7:52",
        "8:07",
        "8:19",
        "8:34",
        "8:54",
        "9:07",
        "9:37",
        "9:57",
        "10:37",
        "11:07",
        "11:37",
        "12:07",
        "12:37",
        "13:07",
        "13:37",
        "14:07",
        "14:37",
        "15:07",
        "15:37",
        "16:00",
        "16:30",
        "17:00",
        "17:30",
        "18:02",
        "18:32",
        "19:02",
        "19:30",
        "20:00",
        "20:30",
        "21:00",
        "21:52",
        "22:22",
        "22:52"
    ],
    "saturday": [
        "6:23",
        "6:52",
        "7:12",
        "7:52",
        "8:10",
        "9:11",
        "10:08",
        "10:47",
        "11:07",
        "12:07",
        "12:47",
        "13:07",
        "14:07",
        "15:07",
        "16:07",
        "16:47",
        "17:07",
        "18:07",
        "18:47",
        "19:12",
        "19:52",
        "20:17",
        "21:12",
        "21:47"
    ],
    "holiday": [
        "6:42",
        "7:12",
        "7:52",
        "8:12",
        "8:52",
        "9:12",
        "10:07",
        "10:47",
        "11:07",
        "12:07",
        "12:47",
        "13:07",
        "14:07",
        "15:07",
        "15:47",
        "16:07",
        "17:07",
        "17:47",
        "18:07",
        "18:47",
        "19:07",
        "19:52",
        "20:17",
        "21:12",
        "21:47"
    ],
    "url": "https://www.kanachu.co.jp/dia/diagram/timetable01_js/course:0000803515-13/node:00129122/kt:0/lname:/"
}
