{
    "date": "2025/04/19",
    "name": "相模原浄水場",
    "position": "-",
    "system": "相25",
    "destinations": [
        "麻溝車庫",
        "友愛病院前",
        "北里大学病院・北里大学",
        "麻溝台高校",
        "麻溝台入口",
        "大野台入口",
        "オルガノ前",
        "大沼",
        "大沼小学校前",
        "東通り(相模原市南区)",
        "団地入口(相模原市南区)",
        "小沼(相模原市南区)",
        "南中前(相模原市南区)",
        "グリーンホール前",
        "相模大野駅北口"
    ],
    "weekday": [
        "6:28",
        "6:58",
        "7:09",
        "7:29",
        "7:44",
        "7:59",
        "8:14",
        "8:26",
        "8:41",
        "9:01",
        "9:14",
        "9:44",
        "10:04",
        "10:44",
        "11:14",
        "11:44",
        "12:14",
        "12:44",
        "13:14",
        "13:44",
        "14:14",
        "14:44",
        "15:14",
        "15:44",
        "16:07",
        "16:37",
        "17:07",
        "17:37",
        "18:09",
        "18:39",
        "19:08",
        "19:36",
        "20:06",
        "20:36",
        "21:06",
        "21:58",
        "22:28",
        "22:58"
    ],
    "saturday": [
        "6:29",
        "6:58",
        "7:18",
        "7:58",
        "8:16",
        "9:17",
        "10:14",
        "10:53",
        "11:13",
        "12:13",
        "12:53",
        "13:13",
        "14:13",
        "15:13",
        "16:13",
        "16:53",
        "17:13",
        "18:13",
        "18:53",
        "19:18",
        "19:58",
        "20:23",
        "21:18",
        "21:53"
    ],
    "holiday": [
        "6:48",
        "7:18",
        "7:58",
        "8:18",
        "8:58",
        "9:18",
        "10:13",
        "10:53",
        "11:13",
        "12:13",
        "12:53",
        "13:13",
        "14:13",
        "15:13",
        "15:53",
        "16:13",
        "17:13",
        "17:53",
        "18:13",
        "18:53",
        "19:13",
        "19:58",
        "20:22",
        "21:17",
        "21:52"
    ],
    "url": "https://www.kanachu.co.jp/dia/diagram/timetable01_js/course:0000803515-18/node:00129151/kt:0/lname:/"
}
