{
    "date": "2025/04/19",
    "name": "北里大学病院・北里大学",
    "position": "-",
    "system": "相25",
    "destinations": [
        "麻溝台高校",
        "麻溝台入口",
        "大野台入口",
        "オルガノ前",
        "大沼",
        "大沼小学校前",
        "東通り(相模原市南区)",
        "団地入口(相模原市南区)",
        "小沼(相模原市南区)",
        "南中前(相模原市南区)",
        "グリーンホール前",
        "相模大野駅北口"
    ],
    "weekday": [
        "6:32",
        "7:06",
        "7:18",
        "7:38",
        "7:53",
        "8:08",
        "8:23",
        "8:35",
        "8:50",
        "9:08",
        "9:21",
        "9:51",
        "10:11",
        "10:51",
        "11:21",
        "11:51",
        "12:21",
        "12:51",
        "13:21",
        "13:51",
        "14:21",
        "14:51",
        "15:21",
        "15:51",
        "16:16",
        "16:46",
        "17:18",
        "17:48",
        "18:18",
        "18:48",
        "19:13",
        "19:41",
        "20:11",
        "20:41",
        "21:11",
        "22:03",
        "22:33",
        "23:03"
    ],
    "saturday": [
        "6:33",
        "7:02",
        "7:22",
        "8:03",
        "8:21",
        "9:22",
        "10:22",
        "11:01",
        "11:21",
        "12:21",
        "13:01",
        "13:21",
        "14:21",
        "15:21",
        "16:21",
        "17:01",
        "17:21",
        "18:21",
        "19:01",
        "19:25",
        "20:02",
        "20:27",
        "21:22",
        "21:57"
    ],
    "holiday": [
        "6:52",
        "7:22",
        "8:02",
        "8:22",
        "9:02",
        "9:22",
        "10:20",
        "11:00",
        "11:20",
        "12:20",
        "13:00",
        "13:20",
        "14:20",
        "15:20",
        "16:00",
        "16:20",
        "17:20",
        "18:00",
        "18:20",
        "19:00",
        "19:20",
        "20:02",
        "20:26",
        "21:21",
        "21:56"
    ],
    "url": "https://www.kanachu.co.jp/dia/diagram/timetable01_js/course:0000803515-21/node:00129119/kt:0/lname:/"
}
