{
    "date": "2025/04/19",
    "name": "オルガノ前",
    "position": "-",
    "system": "相25",
    "destinations": [
        "大沼",
        "大沼小学校前",
        "東通り(相模原市南区)",
        "団地入口(相模原市南区)",
        "小沼(相模原市南区)",
        "南中前(相模原市南区)",
        "グリーンホール前",
        "相模大野駅北口"
    ],
    "weekday": [
        "6:36",
        "7:12",
        "7:24",
        "7:44",
        "7:59",
        "8:14",
        "8:29",
        "8:41",
        "8:56",
        "9:14",
        "9:27",
        "9:57",
        "10:17",
        "10:57",
        "11:27",
        "11:57",
        "12:27",
        "12:57",
        "13:27",
        "13:57",
        "14:27",
        "14:57",
        "15:27",
        "15:57",
        "16:23",
        "16:53",
        "17:25",
        "17:55",
        "18:25",
        "18:55",
        "19:17",
        "19:45",
        "20:15",
        "20:45",
        "21:15",
        "22:07",
        "22:37",
        "23:07"
    ],
    "saturday": [
        "6:37",
        "7:06",
        "7:26",
        "8:07",
        "8:25",
        "9:26",
        "10:27",
        "11:06",
        "11:26",
        "12:26",
        "13:06",
        "13:26",
        "14:26",
        "15:26",
        "16:26",
        "17:06",
        "17:26",
        "18:26",
        "19:06",
        "19:30",
        "20:06",
        "20:31",
        "21:26",
        "22:01"
    ],
    "holiday": [
        "6:56",
        "7:26",
        "8:06",
        "8:26",
        "9:06",
        "9:26",
        "10:25",
        "11:05",
        "11:25",
        "12:25",
        "13:05",
        "13:25",
        "14:25",
        "15:25",
        "16:05",
        "16:25",
        "17:25",
        "18:05",
        "18:25",
        "19:05",
        "19:25",
        "20:07",
        "20:31",
        "21:26",
        "22:01"
    ],
    "url": "https://www.kanachu.co.jp/dia/diagram/timetable01_js/course:0000803515-25/node:00129197/kt:0/lname:/"
}
