{
    "date": "2025/04/19",
    "name": "大沼小学校前",
    "position": "-",
    "system": "相25",
    "destinations": [
        "東通り(相模原市南区)",
        "団地入口(相模原市南区)",
        "小沼(相模原市南区)",
        "南中前(相模原市南区)",
        "グリーンホール前",
        "相模大野駅北口"
    ],
    "weekday": [
        "6:39",
        "7:15",
        "7:27",
        "7:47",
        "8:02",
        "8:17",
        "8:32",
        "8:44",
        "8:59",
        "9:17",
        "9:30",
        "10:00",
        "10:20",
        "11:00",
        "11:30",
        "12:00",
        "12:30",
        "13:00",
        "13:30",
        "14:00",
        "14:30",
        "15:00",
        "15:30",
        "16:00",
        "16:26",
        "16:56",
        "17:28",
        "17:58",
        "18:28",
        "18:58",
        "19:20",
        "19:48",
        "20:18",
        "20:48",
        "21:18",
        "22:10",
        "22:40",
        "23:10"
    ],
    "saturday": [
        "6:40",
        "7:09",
        "7:29",
        "8:10",
        "8:28",
        "9:29",
        "10:30",
        "11:09",
        "11:29",
        "12:29",
        "13:09",
        "13:29",
        "14:29",
        "15:29",
        "16:29",
        "17:09",
        "17:29",
        "18:29",
        "19:09",
        "19:33",
        "20:09",
        "20:34",
        "21:29",
        "22:04"
    ],
    "holiday": [
        "6:59",
        "7:29",
        "8:09",
        "8:29",
        "9:09",
        "9:29",
        "10:28",
        "11:08",
        "11:28",
        "12:28",
        "13:08",
        "13:28",
        "14:28",
        "15:28",
        "16:08",
        "16:28",
        "17:28",
        "18:08",
        "18:28",
        "19:08",
        "19:28",
        "20:10",
        "20:34",
        "21:29",
        "22:04"
    ],
    "url": "https://www.kanachu.co.jp/dia/diagram/timetable01_js/course:0000803515-27/node:00129088/kt:0/lname:/"
}
