{
    "date": "2025/04/19",
    "name": "南中前(相模原市南区)",
    "position": "-",
    "system": "相25",
    "destinations": [
        "グリーンホール前",
        "相模大野駅北口"
    ],
    "weekday": [
        "6:43",
        "7:20",
        "7:32",
        "7:52",
        "8:07",
        "8:22",
        "8:37",
        "8:49",
        "9:04",
        "9:22",
        "9:35",
        "10:05",
        "10:25",
        "11:05",
        "11:35",
        "12:05",
        "12:35",
        "13:05",
        "13:35",
        "14:05",
        "14:35",
        "15:05",
        "15:35",
        "16:05",
        "16:31",
        "17:01",
        "17:33",
        "18:03",
        "18:33",
        "19:03",
        "19:25",
        "19:53",
        "20:22",
        "20:52",
        "21:22",
        "22:14",
        "22:44",
        "23:14"
    ],
    "saturday": [
        "6:44",
        "7:13",
        "7:33",
        "8:15",
        "8:33",
        "9:34",
        "10:35",
        "11:14",
        "11:34",
        "12:34",
        "13:14",
        "13:34",
        "14:34",
        "15:34",
        "16:34",
        "17:14",
        "17:34",
        "18:34",
        "19:14",
        "19:38",
        "20:13",
        "20:38",
        "21:33",
        "22:08"
    ],
    "holiday": [
        "7:03",
        "7:33",
        "8:14",
        "8:34",
        "9:14",
        "9:34",
        "10:33",
        "11:13",
        "11:33",
        "12:33",
        "13:13",
        "13:33",
        "14:33",
        "15:33",
        "16:13",
        "16:33",
        "17:33",
        "18:13",
        "18:33",
        "19:13",
        "19:33",
        "20:14",
        "20:38",
        "21:33",
        "22:08"
    ],
    "url": "https://www.kanachu.co.jp/dia/diagram/timetable01_js/course:0000803515-31/node:00129205/kt:0/lname:/"
}
