{
    "system": "相25",
    "busstops": [
        {
            "index": "1",
            "id": "00129335",
            "name": "相模原駅南口",
            "lat": "35.580712",
            "lng": "139.371727"
        },
        {
            "index": "2",
            "id": "00128541",
            "name": "相模原三丁目",
            "lat": "35.578863",
            "lng": "139.373152"
        },
        {
            "index": "3",
            "id": "00128540",
            "name": "相模原五丁目",
            "lat": "35.577639",
            "lng": "139.375472"
        },
        {
            "index": "4",
            "id": "00128539",
            "name": "西門前(相模原市中央区)",
            "lat": "35.5768",
            "lng": "139.377076"
        },
        {
            "index": "5",
            "id": "00128538",
            "name": "グリーンプラザ(相模原市中央区)",
            "lat": "35.573995",
            "lng": "139.376352"
        },
        {
            "index": "6",
            "id": "00128537",
            "name": "市役所前(相模原市中央区)",
            "lat": "35.570763",
            "lng": "139.37401"
        },
        {
            "index": "7",
            "id": "00128536",
            "name": "ウェルネスさがみはら前",
            "lat": "35.569682",
            "lng": "139.375475"
        },
        {
            "index": "8",
            "id": "00128535",
            "name": "職業安定所前(相模原市中央区)",
            "lat": "35.568469",
            "lng": "139.377076"
        },
        {
            "index": "9",
            "id": "00128534",
            "name": "千代田一丁目",
            "lat": "35.566385",
            "lng": "139.375732"
        },
        {
            "index": "10",
            "id": "00128533",
            "name": "千代田十字路",
            "lat": "35.562949",
            "lng": "139.37383"
        },
        {
            "index": "11",
            "id": "00129196",
            "name": "千代田五丁目",
            "lat": "35.560616",
            "lng": "139.374377"
        },
        {
            "index": "12",
            "id": "00129232",
            "name": "光が丘一丁目(相模原市中央区)",
            "lat": "35.557786",
            "lng": "139.375051"
        },
        {
            "index": "13",
            "id": "00129122",
            "name": "光が丘小学校前",
            "lat": "35.55469",
            "lng": "139.376067"
        },
        {
            "index": "14",
            "id": "00129234",
            "name": "光が丘大通り",
            "lat": "35.552305",
            "lng": "139.377419"
        },
        {
            "index": "15",
            "id": "00129233",
            "name": "光が丘三丁目(相模原市中央区)",
            "lat": "35.550873",
            "lng": "139.378205"
        },
        {
            "index": "16",
            "id": "00129265",
            "name": "緑が丘一丁目(相模原市中央区)",
            "lat": "35.548807",
            "lng": "139.379367"
        },
        {
            "index": "17",
            "id": "00129290",
            "name": "陽光台六丁目",
            "lat": "35.547067",
            "lng": "139.380337"
        },
        {
            "index": "18",
            "id": "00129151",
            "name": "相模原浄水場",
            "lat": "35.541447",
            "lng": "139.383671"
        },
        {
            "index": "19",
            "id": "00129224",
            "name": "麻溝車庫",
            "lat": "35.538525",
            "lng": "139.387436"
        },
        {
            "index": "20",
            "id": "00129286",
            "name": "友愛病院前",
            "lat": "35.536716",
            "lng": "139.392207"
        },
        {
            "index": "21",
            "id": "00129119",
            "name": "北里大学病院・北里大学",
            "lat": "35.537573",
            "lng": "139.393871"
        },
        {
            "index": "22",
            "id": "00129064",
            "name": "麻溝台高校",
            "lat": "35.537472",
            "lng": "139.400357"
        },
        {
            "index": "23",
            "id": "00129121",
            "name": "麻溝台入口",
            "lat": "35.537813",
            "lng": "139.404059"
        },
        {
            "index": "24",
            "id": "00129093",
            "name": "大野台入口",
            "lat": "35.538214",
            "lng": "139.408409"
        },
        {
            "index": "25",
            "id": "00129197",
            "name": "オルガノ前",
            "lat": "35.538493",
            "lng": "139.411368"
        },
        {
            "index": "26",
            "id": "00129089",
            "name": "大沼",
            "lat": "35.537679",
            "lng": "139.416714"
        },
        {
            "index": "27",
            "id": "00129088",
            "name": "大沼小学校前",
            "lat": "35.537675",
            "lng": "139.419476"
        },
        {
            "index": "28",
            "id": "00129237",
            "name": "東通り(相模原市南区)",
            "lat": "35.53774",
            "lng": "139.424304"
        },
        {
            "index": "29",
            "id": "00129193",
            "name": "団地入口(相模原市南区)",
            "lat": "35.538253",
            "lng": "139.426707"
        },
        {
            "index": "30",
            "id": "00129137",
            "name": "小沼(相模原市南区)",
            "lat": "35.539097",
            "lng": "139.429817"
        },
        {
            "index": "31",
            "id": "00129205",
            "name": "南中前(相模原市南区)",
            "lat": "35.536208",
            "lng": "139.430178"
        },
        {
            "index": "32",
            "id": "00129307",
            "name": "グリーンホール前",
            "lat": "35.534984",
            "lng": "139.434657"
        },
        {
            "index": "33",
            "id": "00114298",
            "name": "相模大野駅北口",
            "lat": "35.531961",
            "lng": "139.436873"
        }
    ],
    "route_url": "https://www.kanachu.co.jp/dia/route/index/cid:0000803515/"
}
