{
    "date": "2022/01/15",
    "name": "平和台",
    "position": "-",
    "system": "東21",
    "destinations": [
        "狩場町",
        "児童遊園地入口",
        "権太坂上",
        "権太坂",
        "元町橋交番前",
        "樹源寺前",
        "保土ヶ谷町2丁目",
        "八幡橋(横浜市保土ケ谷区)",
        "保土ヶ谷橋",
        "保土ヶ谷駅東口",
        "西久保町",
        "久保町(横浜市西区)",
        "水道道"
    ],
    "weekday": [
        "7:21",
        "7:36",
        "7:44",
        "8:09"
    ],
    "saturday": [],
    "holiday": [],
    "url": "https://www.kanachu.co.jp/dia/diagram/timetable01_js/course:0000800577-8/node:00126621/kt:0/lname:/"
}
