{
    "date": "2022/01/15",
    "name": "権太坂上",
    "position": "-",
    "system": "東21",
    "destinations": [
        "権太坂",
        "元町橋交番前",
        "樹源寺前",
        "保土ヶ谷町2丁目",
        "八幡橋(横浜市保土ケ谷区)",
        "保土ヶ谷橋",
        "保土ヶ谷駅東口",
        "西久保町",
        "久保町(横浜市西区)",
        "水道道"
    ],
    "weekday": [
        "7:25",
        "7:40",
        "7:48",
        "8:13"
    ],
    "saturday": [],
    "holiday": [],
    "url": "https://www.kanachu.co.jp/dia/diagram/timetable01_js/course:0000800577-11/node:00102509/kt:0/lname:/"
}
