{
    "date": "2025/10/20",
    "name": "長津田三丁目",
    "position": "-",
    "system": "津04",
    "destinations": [
        "堀の内(横浜市青葉区)",
        "あかね台入口(横浜市青葉区)",
        "熊の谷公園",
        "あかね台北",
        "奈良三丁目"
    ],
    "weekday": [
        "8:41",
        "19:06",
        "20:06",
        "20:46",
        "22:09"
    ],
    "saturday": [],
    "holiday": [],
    "url": "https://www.kanachu.co.jp/dia/diagram/timetable01_js/course:0000802141-2/node:00130357/kt:0/lname:/"
}
