{
    "system": "津04",
    "busstops": [
        {
            "index": "1",
            "id": "00130356",
            "name": "長津田駅北口",
            "lat": "35.532137",
            "lng": "139.495896"
        },
        {
            "index": "2",
            "id": "00130357",
            "name": "長津田三丁目",
            "lat": "35.535684",
            "lng": "139.494014"
        },
        {
            "index": "3",
            "id": "00019243",
            "name": "堀の内(横浜市青葉区)",
            "lat": "35.53829",
            "lng": "139.491077"
        },
        {
            "index": "4",
            "id": "00019242",
            "name": "あかね台入口(横浜市青葉区)",
            "lat": "35.538492",
            "lng": "139.489065"
        },
        {
            "index": "5",
            "id": "00019241",
            "name": "熊の谷公園",
            "lat": "35.541831",
            "lng": "139.486795"
        },
        {
            "index": "6",
            "id": "00130358",
            "name": "あかね台北",
            "lat": "35.54523",
            "lng": "139.484425"
        },
        {
            "index": "7",
            "id": "00130359",
            "name": "奈良三丁目",
            "lat": "35.548148",
            "lng": "139.483172"
        }
    ],
    "route_url": "https://www.kanachu.co.jp/dia/route/index/cid:0000802141/"
}
