{
    "date": "2025/04/19",
    "name": "光が丘三丁目(相模原市中央区)",
    "position": "-",
    "system": "相29",
    "destinations": [
        "光が丘大通り",
        "光が丘小学校前",
        "光が丘一丁目(相模原市中央区)",
        "千代田五丁目",
        "千代田十字路",
        "千代田一丁目",
        "職業安定所前(相模原市中央区)",
        "ウェルネスさがみはら前",
        "市役所前(相模原市中央区)",
        "グリーンプラザ(相模原市中央区)",
        "西門前(相模原市中央区)",
        "相模原五丁目",
        "相模原駅南口"
    ],
    "weekday": [
        "9:38",
        "11:23",
        "13:23",
        "15:23",
        "16:15",
        "16:55",
        "17:25",
        "17:55",
        "20:12",
        "21:57"
    ],
    "saturday": [
        "9:08"
    ],
    "holiday": [
        "9:08",
        "18:23",
        "19:28"
    ],
    "url": "https://www.kanachu.co.jp/dia/diagram/timetable01_js/course:0000803511-7/node:00129233/kt:0/lname:/"
}
