{
    "date": "2025/04/19",
    "name": "千代田十字路",
    "position": "-",
    "system": "相29",
    "destinations": [
        "千代田一丁目",
        "職業安定所前(相模原市中央区)",
        "ウェルネスさがみはら前",
        "市役所前(相模原市中央区)",
        "グリーンプラザ(相模原市中央区)",
        "西門前(相模原市中央区)",
        "相模原五丁目",
        "相模原駅南口"
    ],
    "weekday": [
        "9:45",
        "11:30",
        "13:30",
        "15:30",
        "16:23",
        "17:03",
        "17:33",
        "18:03",
        "20:18",
        "22:03"
    ],
    "saturday": [
        "9:15"
    ],
    "holiday": [
        "9:13",
        "18:30",
        "19:33"
    ],
    "url": "https://www.kanachu.co.jp/dia/diagram/timetable01_js/course:0000803511-12/node:00128533/kt:0/lname:/"
}
