{
    "date": "2025/04/19",
    "name": "千代田一丁目",
    "position": "-",
    "system": "相29",
    "destinations": [
        "職業安定所前(相模原市中央区)",
        "ウェルネスさがみはら前",
        "市役所前(相模原市中央区)",
        "グリーンプラザ(相模原市中央区)",
        "西門前(相模原市中央区)",
        "相模原五丁目",
        "相模原駅南口"
    ],
    "weekday": [
        "9:46",
        "11:31",
        "13:31",
        "15:31",
        "16:24",
        "17:04",
        "17:34",
        "18:04",
        "20:19",
        "22:04"
    ],
    "saturday": [
        "9:16"
    ],
    "holiday": [
        "9:14",
        "18:31",
        "19:34"
    ],
    "url": "https://www.kanachu.co.jp/dia/diagram/timetable01_js/course:0000803511-13/node:00128534/kt:0/lname:/"
}
