{
    "date": "2025/04/19",
    "name": "ウェルネスさがみはら前",
    "position": "-",
    "system": "相29",
    "destinations": [
        "市役所前(相模原市中央区)",
        "グリーンプラザ(相模原市中央区)",
        "西門前(相模原市中央区)",
        "相模原五丁目",
        "相模原駅南口"
    ],
    "weekday": [
        "9:50",
        "11:34",
        "13:34",
        "15:34",
        "16:28",
        "17:08",
        "17:38",
        "18:08",
        "20:21",
        "22:06"
    ],
    "saturday": [
        "9:19"
    ],
    "holiday": [
        "9:17",
        "18:34",
        "19:37"
    ],
    "url": "https://www.kanachu.co.jp/dia/diagram/timetable01_js/course:0000803511-15/node:00128536/kt:0/lname:/"
}
