{
    "date": "2025/04/19",
    "name": "市役所前(相模原市中央区)",
    "position": "-",
    "system": "相29",
    "destinations": [
        "グリーンプラザ(相模原市中央区)",
        "西門前(相模原市中央区)",
        "相模原五丁目",
        "相模原駅南口"
    ],
    "weekday": [
        "9:51",
        "11:35",
        "13:35",
        "15:35",
        "16:30",
        "17:10",
        "17:40",
        "18:10",
        "20:22",
        "22:07"
    ],
    "saturday": [
        "9:20"
    ],
    "holiday": [
        "9:18",
        "18:35",
        "19:38"
    ],
    "url": "https://www.kanachu.co.jp/dia/diagram/timetable01_js/course:0000803511-16/node:00128537/kt:0/lname:/"
}
