{
    "date": "2025/04/19",
    "name": "西門前(相模原市中央区)",
    "position": "-",
    "system": "相29",
    "destinations": [
        "相模原五丁目",
        "相模原駅南口"
    ],
    "weekday": [
        "9:56",
        "11:40",
        "13:40",
        "15:40",
        "16:35",
        "17:15",
        "17:45",
        "18:15",
        "20:26",
        "22:11"
    ],
    "saturday": [
        "9:24"
    ],
    "holiday": [
        "9:22",
        "18:39",
        "19:42"
    ],
    "url": "https://www.kanachu.co.jp/dia/diagram/timetable01_js/course:0000803511-18/node:00128539/kt:0/lname:/"
}
