{
    "date": "2025/08/30",
    "name": "坂下(横浜市戸塚区)",
    "position": "-",
    "system": "東08",
    "destinations": [
        "品濃口",
        "国道平戸",
        "坂下口",
        "山谷(横浜市戸塚区)",
        "六ツ川四丁目",
        "引越坂",
        "横浜パークタウン第一降車場",
        "横浜パークタウン"
    ],
    "weekday": [
        "10:10",
        "10:52",
        "11:32",
        "12:10",
        "12:52",
        "13:32",
        "14:10",
        "14:56",
        "15:41",
        "16:15",
        "16:56",
        "17:26",
        "17:56",
        "18:26",
        "18:56",
        "19:26",
        "19:56",
        "20:56",
        "22:03"
    ],
    "saturday": [
        "10:32",
        "11:17",
        "12:02",
        "12:47",
        "13:32",
        "14:17",
        "15:02",
        "15:46",
        "16:32",
        "17:17",
        "18:02",
        "18:47",
        "19:32",
        "20:17"
    ],
    "holiday": [
        "10:32",
        "11:17",
        "12:02",
        "12:47",
        "13:32",
        "14:17",
        "15:02",
        "15:46",
        "16:32",
        "17:17",
        "18:02",
        "18:47"
    ],
    "url": "https://www.kanachu.co.jp/dia/diagram/timetable01_js/course:0000803861-3/node:00126641/kt:0/lname:/"
}
