{
    "date": "2024/12/16",
    "name": "大川橋(秦野市)",
    "position": "-",
    "system": "平71",
    "destinations": [
        "上宿通り",
        "片町通り",
        "河原町(秦野市)",
        "室川橋",
        "なでしこ広場前",
        "秦才橋",
        "下大槻",
        "南平橋",
        "欠ノ上",
        "土屋橋",
        "東海大学正門前",
        "青柳(平塚市)",
        "北金目入口",
        "金目駅",
        "南金目",
        "片岡(平塚市)",
        "飯島(平塚市)",
        "平塚支援学校前",
        "水神橋(平塚市)",
        "長持",
        "長瀬(平塚市)",
        "南原土手",
        "南原(平塚市)",
        "向原(平塚市)",
        "江南高校前",
        "追分(平塚市)",
        "営林署前(平塚市)",
        "旭通り(平塚市)",
        "八間通り",
        "平塚文化芸術ホール前",
        "銀座通り(平塚市)",
        "平塚駅北口"
    ],
    "weekday": [
        "5:31",
        "5:48",
        "6:06",
        "6:13",
        "6:19",
        "6:31",
        "7:07",
        "7:17",
        "7:27",
        "7:47",
        "8:01",
        "8:29",
        "9:07",
        "9:39",
        "10:19",
        "10:59",
        "11:39",
        "12:19",
        "12:59",
        "13:29",
        "13:59",
        "14:29",
        "14:58",
        "15:22",
        "15:46",
        "16:08",
        "16:32",
        "17:04",
        "17:28",
        "17:52",
        "18:17",
        "18:49",
        "19:21",
        "19:49",
        "20:22",
        "20:52",
        "21:36",
        "22:38"
    ],
    "saturday": [
        "5:37",
        "6:00",
        "6:39",
        "7:18",
        "7:42",
        "8:08",
        "8:38",
        "9:07",
        "9:43",
        "10:23",
        "11:03",
        "11:43",
        "12:23",
        "13:03",
        "13:43",
        "14:23",
        "15:03",
        "15:43",
        "16:18",
        "16:58",
        "17:38",
        "18:23",
        "19:06",
        "19:50",
        "20:56",
        "22:10"
    ],
    "holiday": [
        "5:37",
        "6:00",
        "6:39",
        "7:18",
        "7:42",
        "8:08",
        "8:38",
        "9:07",
        "9:43",
        "10:23",
        "11:03",
        "11:43",
        "12:23",
        "13:03",
        "13:43",
        "14:23",
        "15:03",
        "15:43",
        "16:18",
        "16:58",
        "17:38",
        "18:23",
        "19:06",
        "19:50",
        "20:56",
        "22:10"
    ],
    "url": "https://www.kanachu.co.jp/dia/diagram/timetable01_js/course:0000800687-2/node:00127716/kt:0/lname:/"
}
