{
    "date": "2024/12/16",
    "name": "営林署前(平塚市)",
    "position": "-",
    "system": "平71",
    "destinations": [
        "旭通り(平塚市)",
        "八間通り",
        "平塚文化芸術ホール前",
        "銀座通り(平塚市)",
        "平塚駅北口"
    ],
    "weekday": [
        "6:03",
        "6:20",
        "6:40",
        "6:47",
        "6:53",
        "7:07",
        "7:49",
        "7:59",
        "8:09",
        "8:29",
        "8:43",
        "9:11",
        "9:45",
        "10:17",
        "10:57",
        "11:37",
        "12:17",
        "12:57",
        "13:37",
        "14:07",
        "14:37",
        "15:07",
        "15:36",
        "16:00",
        "16:25",
        "16:49",
        "17:13",
        "17:45",
        "18:09",
        "18:33",
        "18:58",
        "19:22",
        "19:52",
        "20:20",
        "20:53",
        "21:23",
        "22:07",
        "23:09"
    ],
    "saturday": [
        "6:08",
        "6:31",
        "7:10",
        "7:49",
        "8:15",
        "8:43",
        "9:13",
        "9:44",
        "10:20",
        "11:00",
        "11:40",
        "12:20",
        "13:00",
        "13:40",
        "14:20",
        "15:00",
        "15:40",
        "16:23",
        "16:58",
        "17:38",
        "18:16",
        "18:59",
        "19:37",
        "20:21",
        "21:27",
        "22:41"
    ],
    "holiday": [
        "6:08",
        "6:31",
        "7:10",
        "7:49",
        "8:13",
        "8:41",
        "9:11",
        "9:40",
        "10:16",
        "10:56",
        "11:36",
        "12:17",
        "12:58",
        "13:38",
        "14:18",
        "14:58",
        "15:38",
        "16:18",
        "16:53",
        "17:33",
        "18:13",
        "18:58",
        "19:41",
        "20:21",
        "21:27",
        "22:41"
    ],
    "url": "https://www.kanachu.co.jp/dia/diagram/timetable01_js/course:0000800687-29/node:00127739/kt:0/lname:/"
}
