{
    "date": "2025/01/14",
    "name": "河鹿の沢",
    "position": "-",
    "system": "厚38",
    "destinations": [
        "鐘ヶ獄",
        "広沢寺温泉入口",
        "七沢病院入口",
        "七沢病院前",
        "七沢城跡",
        "高旗観音",
        "七沢温泉",
        "高旗観音",
        "七沢城跡",
        "七沢病院前",
        "七沢温泉入口",
        "馬場リハビリ入口",
        "神奈川リハビリ",
        "馬場リハビリ入口",
        "日向川",
        "玉川公民館前",
        "玉川農協前",
        "中屋橋",
        "小野橋(厚木市)",
        "小野宮前",
        "愛名入口",
        "上長谷(厚木市)",
        "観音坂",
        "清水(厚木市)",
        "南毛利小学校前",
        "高坪入口",
        "温水",
        "片岸(厚木市)",
        "日立アステモ前",
        "厚木高校前",
        "合同庁舎前(厚木市)",
        "市役所入口(厚木市)",
        "本厚木駅",
        "厚木バスセンター"
    ],
    "weekday": [
        "10:06",
        "17:01"
    ],
    "saturday": [
        "9:06",
        "13:06",
        "15:07",
        "19:06"
    ],
    "holiday": [
        "9:06",
        "13:06",
        "15:11",
        "19:11"
    ],
    "url": "https://www.kanachu.co.jp/dia/diagram/timetable01_js/course:0000803366-2/node:00128462/kt:0/lname:/"
}
