{
    "date": "2025/01/14",
    "name": "温水",
    "position": "-",
    "system": "厚38",
    "destinations": [
        "片岸(厚木市)",
        "日立アステモ前",
        "厚木高校前",
        "合同庁舎前(厚木市)",
        "市役所入口(厚木市)",
        "本厚木駅",
        "厚木バスセンター"
    ],
    "weekday": [
        "10:36",
        "17:32"
    ],
    "saturday": [
        "9:35",
        "13:35",
        "15:36",
        "19:34"
    ],
    "holiday": [
        "9:35",
        "13:35",
        "15:40",
        "19:39"
    ],
    "url": "https://www.kanachu.co.jp/dia/diagram/timetable01_js/course:0000803366-29/node:00128443/kt:0/lname:/"
}
