{
  "date": "2025/04/01",
  "name": "境川団地中央",
  "position": "-",
  "system": "町17",
  "destinations": [
    "境川団地入口",
    "木曽都営入口",
    "桧台入口",
    "森野六丁目",
    "森野五丁目",
    "妙延寺(町田市)",
    "町田市役所市民ホール前",
    "町田バスセンター"
  ],
  "weekday": [
    "6:46",
    "7:41",
    "8:51",
    "10:04",
    "11:04",
    "11:49",
    "12:50",
    "13:50",
    "14:50",
    "15:50",
    "17:04",
    "18:00",
    "19:03",
    "19:23"
  ],
  "saturday": [
    "6:54",
    "8:08",
    "9:09",
    "10:09",
    "11:09",
    "12:09",
    "13:09",
    "14:09",
    "15:09",
    "16:09",
    "17:09",
    "18:09",
    "19:07",
    "20:07"
  ],
  "holiday": [
    "6:54",
    "7:59",
    "9:09",
    "10:09",
    "11:09",
    "12:09",
    "13:09",
    "14:09",
    "15:09",
    "16:09",
    "17:09",
    "18:10",
    "19:07",
    "20:07"
  ],
  "url": "https://www.kanachu.co.jp/dia/diagram/timetable01_js/course:0000803215-15/node:00129381/kt:0/lname:/"
}