{
    "date": "2025/04/01",
    "name": "北一号(町田市)",
    "position": "-",
    "system": "町24",
    "destinations": [
        "給水塔前(山崎団地/町田市)",
        "山崎団地センター",
        "山崎団地入口",
        "木曽入口",
        "三家(町田市)",
        "木曽住宅",
        "滝の沢(町田市)",
        "浄水場前(町田市)",
        "市民病院前(町田市)",
        "森野三丁目",
        "第四小学校前(町田市)",
        "町田市役所市民ホール前",
        "町田バスセンター"
    ],
    "weekday": [
        "5:36",
        "5:46",
        "5:56",
        "6:06",
        "6:20",
        "6:32",
        "6:44",
        "6:56",
        "7:14",
        "7:26",
        "7:38",
        "7:48",
        "8:00",
        "8:12",
        "8:24",
        "8:36",
        "20:56",
        "21:36",
        "22:05"
    ],
    "saturday": [
        "5:44",
        "6:01",
        "6:41",
        "6:56",
        "7:20",
        "7:44",
        "7:56",
        "8:15",
        "8:26",
        "20:56",
        "21:56"
    ],
    "holiday": [
        "5:45",
        "6:02",
        "6:44",
        "6:56",
        "7:26",
        "7:56",
        "8:26",
        "20:56",
        "21:56"
    ],
    "url": "https://www.kanachu.co.jp/dia/diagram/timetable01_js/course:0000803190-3/node:00129390/kt:0/lname:/"
}
