{
    "date": "2025/04/01",
    "name": "山崎団地センター",
    "position": "-",
    "system": "町24",
    "destinations": [
        "山崎団地入口",
        "木曽入口",
        "三家(町田市)",
        "木曽住宅",
        "滝の沢(町田市)",
        "浄水場前(町田市)",
        "市民病院前(町田市)",
        "森野三丁目",
        "第四小学校前(町田市)",
        "町田市役所市民ホール前",
        "町田バスセンター"
    ],
    "weekday": [
        "5:40",
        "5:50",
        "6:00",
        "6:10",
        "6:24",
        "6:37",
        "6:49",
        "7:01",
        "7:19",
        "7:31",
        "7:43",
        "7:53",
        "8:05",
        "8:17",
        "8:29",
        "8:41",
        "21:00",
        "21:40",
        "22:09"
    ],
    "saturday": [
        "5:48",
        "6:05",
        "6:45",
        "7:00",
        "7:25",
        "7:49",
        "8:01",
        "8:20",
        "8:31",
        "21:00",
        "22:00"
    ],
    "holiday": [
        "5:49",
        "6:06",
        "6:48",
        "7:00",
        "7:30",
        "8:00",
        "8:30",
        "21:00",
        "22:00"
    ],
    "url": "https://www.kanachu.co.jp/dia/diagram/timetable01_js/course:0000803190-5/node:00129388/kt:0/lname:/"
}
