{
    "date": "2025/04/01",
    "name": "山崎団地入口",
    "position": "-",
    "system": "町24",
    "destinations": [
        "木曽入口",
        "三家(町田市)",
        "木曽住宅",
        "滝の沢(町田市)",
        "浄水場前(町田市)",
        "市民病院前(町田市)",
        "森野三丁目",
        "第四小学校前(町田市)",
        "町田市役所市民ホール前",
        "町田バスセンター"
    ],
    "weekday": [
        "5:42",
        "5:52",
        "6:02",
        "6:12",
        "6:26",
        "6:39",
        "6:51",
        "7:03",
        "7:21",
        "7:33",
        "7:45",
        "7:55",
        "8:07",
        "8:19",
        "8:31",
        "8:43",
        "21:02",
        "21:42",
        "22:11"
    ],
    "saturday": [
        "5:50",
        "6:07",
        "6:47",
        "7:02",
        "7:27",
        "7:51",
        "8:03",
        "8:22",
        "8:33",
        "21:02",
        "22:02"
    ],
    "holiday": [
        "5:51",
        "6:08",
        "6:50",
        "7:02",
        "7:32",
        "8:02",
        "8:32",
        "21:02",
        "22:02"
    ],
    "url": "https://www.kanachu.co.jp/dia/diagram/timetable01_js/course:0000803190-6/node:00129387/kt:0/lname:/"
}
