{
    "date": "2025/04/01",
    "name": "市民病院前(町田市)",
    "position": "-",
    "system": "町24",
    "destinations": [
        "森野三丁目",
        "第四小学校前(町田市)",
        "町田市役所市民ホール前",
        "町田バスセンター"
    ],
    "weekday": [
        "5:49",
        "5:59",
        "6:09",
        "6:19",
        "6:33",
        "6:48",
        "7:00",
        "7:12",
        "7:30",
        "7:42",
        "7:54",
        "8:04",
        "8:16",
        "8:28",
        "8:40",
        "8:52",
        "21:08",
        "21:48",
        "22:17"
    ],
    "saturday": [
        "5:57",
        "6:14",
        "6:54",
        "7:09",
        "7:34",
        "7:58",
        "8:10",
        "8:29",
        "8:40",
        "21:08",
        "22:08"
    ],
    "holiday": [
        "5:57",
        "6:14",
        "6:56",
        "7:09",
        "7:39",
        "8:09",
        "8:39",
        "21:08",
        "22:08"
    ],
    "url": "https://www.kanachu.co.jp/dia/diagram/timetable01_js/course:0000803190-12/node:00129359/kt:0/lname:/"
}
