{
    "date": "2025/04/01",
    "name": "森野三丁目",
    "position": "-",
    "system": "町24",
    "destinations": [
        "第四小学校前(町田市)",
        "町田市役所市民ホール前",
        "町田バスセンター"
    ],
    "weekday": [
        "5:50",
        "6:00",
        "6:10",
        "6:20",
        "6:34",
        "6:49",
        "7:01",
        "7:13",
        "7:31",
        "7:43",
        "7:55",
        "8:05",
        "8:17",
        "8:29",
        "8:41",
        "8:53",
        "21:09",
        "21:49",
        "22:18"
    ],
    "saturday": [
        "5:58",
        "6:15",
        "6:55",
        "7:10",
        "7:35",
        "7:59",
        "8:11",
        "8:30",
        "8:41",
        "21:09",
        "22:09"
    ],
    "holiday": [
        "5:58",
        "6:15",
        "6:57",
        "7:10",
        "7:40",
        "8:10",
        "8:40",
        "21:09",
        "22:09"
    ],
    "url": "https://www.kanachu.co.jp/dia/diagram/timetable01_js/course:0000803190-13/node:00129358/kt:0/lname:/"
}
