{
    "date": "2025/11/16",
    "name": "共済会館入口",
    "position": "-",
    "system": "伊23",
    "destinations": [
        "りんどう寮前",
        "川上(伊勢原市)",
        "専修大学入口(伊勢原市)",
        "長竹(伊勢原市)",
        "温泉入口(伊勢原市)",
        "一之郷",
        "中丸(伊勢原市)",
        "神成松",
        "産業能率大学"
    ],
    "weekday": [
        "9:39",
        "11:44",
        "15:59",
        "16:39",
        "17:39",
        "21:24"
    ],
    "saturday": [
        "8:39",
        "10:39",
        "12:34",
        "14:39",
        "16:34",
        "20:01"
    ],
    "holiday": [
        "8:39",
        "10:39",
        "12:34",
        "14:39",
        "16:34",
        "20:01"
    ],
    "url": "https://www.kanachu.co.jp/dia/diagram/timetable01_js/course:0000801594-6/node:00128223/kt:0/lname:/"
}
