{
    "date": "2025/11/16",
    "name": "神成松",
    "position": "-",
    "system": "伊23",
    "destinations": [
        "産業能率大学"
    ],
    "weekday": [
        "9:50",
        "11:55",
        "16:10",
        "16:50",
        "17:50",
        "21:35"
    ],
    "saturday": [
        "8:50",
        "10:50",
        "12:45",
        "14:50",
        "16:45",
        "20:12"
    ],
    "holiday": [
        "8:50",
        "10:50",
        "12:45",
        "14:50",
        "16:45",
        "20:12"
    ],
    "url": "https://www.kanachu.co.jp/dia/diagram/timetable01_js/course:0000801594-14/node:00128221/kt:0/lname:/"
}
