{
    "date": "2023/01/28",
    "name": "清新中学校入口",
    "position": "-",
    "system": "相17",
    "destinations": [
        "日金沢上",
        "横山小学校前(相模原市中央区)",
        "グリーンプール入口",
        "日金沢下",
        "鳩川住宅前",
        "石橋(相模原市中央区)",
        "田名工業団地入口",
        "四ツ谷(相模原市中央区)",
        "田名バスターミナル",
        "田名坂上",
        "ふれあい科学館前",
        "水郷田名"
    ],
    "weekday": [
        "6:24",
        "6:49",
        "7:09",
        "7:29",
        "7:49",
        "8:09",
        "8:29",
        "8:49",
        "9:09",
        "9:39",
        "10:09",
        "10:39",
        "11:09",
        "11:39",
        "12:09",
        "12:39",
        "13:09",
        "13:39",
        "14:09",
        "14:39",
        "15:09",
        "15:39",
        "16:09",
        "16:39",
        "17:04",
        "17:24",
        "17:44",
        "18:04",
        "18:24",
        "18:44",
        "19:04",
        "19:24",
        "19:44",
        "20:04",
        "20:31",
        "20:54",
        "21:21",
        "21:44",
        "22:09",
        "22:34",
        "23:10"
    ],
    "saturday": [
        "6:39",
        "7:09",
        "7:39",
        "7:59",
        "8:09",
        "8:39",
        "9:09",
        "9:39",
        "10:09",
        "10:39",
        "11:09",
        "11:39",
        "12:09",
        "12:39",
        "13:09",
        "13:39",
        "14:09",
        "14:39",
        "15:09",
        "15:39",
        "16:09",
        "16:39",
        "17:09",
        "17:39",
        "18:09",
        "18:39",
        "19:09",
        "19:39",
        "20:09",
        "20:39",
        "21:09",
        "21:39",
        "22:09",
        "22:39"
    ],
    "holiday": [
        "6:39",
        "7:09",
        "7:39",
        "7:59",
        "8:09",
        "8:39",
        "9:09",
        "9:39",
        "10:09",
        "10:39",
        "11:09",
        "11:39",
        "12:09",
        "12:39",
        "13:09",
        "13:39",
        "14:09",
        "14:39",
        "15:09",
        "15:39",
        "16:09",
        "16:39",
        "17:09",
        "17:39",
        "18:09",
        "18:39",
        "19:09",
        "19:39",
        "20:09",
        "20:39",
        "21:09",
        "21:39"
    ],
    "url": "https://www.kanachu.co.jp/dia/diagram/timetable01_js/course:0000803114-4/node:00129176/kt:0/lname:/"
}
