{
    "date": "2023/01/28",
    "name": "田名バスターミナル",
    "position": "-",
    "system": "相17",
    "destinations": [
        "田名坂上",
        "ふれあい科学館前",
        "水郷田名"
    ],
    "weekday": [
        "6:39",
        "7:04",
        "7:25",
        "7:45",
        "8:05",
        "8:25",
        "8:45",
        "9:05",
        "9:25",
        "9:55",
        "10:25",
        "10:55",
        "11:25",
        "11:55",
        "12:25",
        "12:55",
        "13:25",
        "13:55",
        "14:25",
        "14:55",
        "15:25",
        "15:55",
        "16:25",
        "16:55",
        "17:20",
        "17:40",
        "18:00",
        "18:20",
        "18:40",
        "19:00",
        "19:20",
        "19:40",
        "20:00",
        "20:18",
        "20:45",
        "21:08",
        "21:35",
        "21:58",
        "22:23",
        "22:48",
        "23:24"
    ],
    "saturday": [
        "6:54",
        "7:24",
        "7:54",
        "8:14",
        "8:24",
        "8:54",
        "9:24",
        "9:54",
        "10:25",
        "10:55",
        "11:25",
        "11:55",
        "12:25",
        "12:55",
        "13:25",
        "13:55",
        "14:25",
        "14:55",
        "15:25",
        "15:55",
        "16:25",
        "16:55",
        "17:25",
        "17:55",
        "18:25",
        "18:55",
        "19:24",
        "19:54",
        "20:24",
        "20:54",
        "21:24",
        "21:54",
        "22:24",
        "22:54"
    ],
    "holiday": [
        "6:54",
        "7:24",
        "7:54",
        "8:14",
        "8:24",
        "8:54",
        "9:24",
        "9:54",
        "10:25",
        "10:55",
        "11:25",
        "11:55",
        "12:25",
        "12:55",
        "13:25",
        "13:55",
        "14:25",
        "14:55",
        "15:25",
        "15:55",
        "16:25",
        "16:55",
        "17:25",
        "17:55",
        "18:25",
        "18:55",
        "19:24",
        "19:54",
        "20:24",
        "20:54",
        "21:24",
        "21:54"
    ],
    "url": "https://www.kanachu.co.jp/dia/diagram/timetable01_js/course:0000803114-13/node:00129077/kt:0/lname:/"
}
