{
    "date": "2024/07/08",
    "name": "中町一丁目(町田市)",
    "position": "-",
    "system": "町76",
    "destinations": [
        "町田第一小学校入口",
        "中町三丁目(町田市)",
        "協同住宅",
        "南大谷都営前",
        "神社前(町田市)",
        "南大谷小学校入口",
        "大谷原",
        "三ツ又(町田市)",
        "成瀬台入口",
        "ポプラヶ丘前",
        "成瀬台二丁目",
        "野村住宅中央",
        "成瀬台"
    ],
    "weekday": [
        "6:37",
        "6:56",
        "7:19",
        "7:39",
        "7:54",
        "8:16",
        "8:41",
        "9:01",
        "9:21",
        "9:39",
        "9:59",
        "10:18",
        "10:38",
        "10:58",
        "11:18",
        "11:38",
        "11:58",
        "12:21",
        "12:46",
        "13:14",
        "13:41",
        "14:09",
        "14:31",
        "14:58",
        "15:21",
        "15:51",
        "16:11",
        "16:38",
        "16:58",
        "17:18",
        "17:38",
        "17:58",
        "18:18",
        "18:38",
        "18:58",
        "19:16",
        "19:44",
        "20:13",
        "20:39",
        "21:06",
        "21:44",
        "22:34"
    ],
    "saturday": [
        "7:34",
        "7:59",
        "8:14",
        "8:34",
        "8:59",
        "9:19",
        "9:51",
        "10:11",
        "10:38",
        "11:01",
        "11:26",
        "11:50",
        "12:16",
        "12:48",
        "13:18",
        "13:49",
        "14:18",
        "14:48",
        "15:18",
        "15:48",
        "16:13",
        "16:38",
        "16:57",
        "17:16",
        "17:38",
        "17:58",
        "18:24",
        "18:46",
        "19:18",
        "19:38",
        "20:11",
        "20:35",
        "21:16",
        "22:08"
    ],
    "holiday": [
        "7:34",
        "8:09",
        "8:34",
        "8:54",
        "9:16",
        "9:51",
        "10:16",
        "10:41",
        "11:06",
        "11:36",
        "12:10",
        "12:48",
        "13:18",
        "13:48",
        "14:18",
        "14:48",
        "15:18",
        "15:37",
        "15:57",
        "16:18",
        "16:47",
        "17:06",
        "17:26",
        "17:51",
        "18:16",
        "18:46",
        "19:18",
        "19:38",
        "20:05",
        "20:35",
        "21:24"
    ],
    "url": "https://www.kanachu.co.jp/dia/diagram/timetable01_js/course:0000802968-4/node:00129484/kt:0/lname:/"
}
