{
    "date": "2024/07/08",
    "name": "神社前(町田市)",
    "position": "-",
    "system": "町76",
    "destinations": [
        "南大谷小学校入口",
        "大谷原",
        "三ツ又(町田市)",
        "成瀬台入口",
        "ポプラヶ丘前",
        "成瀬台二丁目",
        "野村住宅中央",
        "成瀬台"
    ],
    "weekday": [
        "6:42",
        "7:01",
        "7:24",
        "7:44",
        "7:59",
        "8:21",
        "8:46",
        "9:06",
        "9:26",
        "9:44",
        "10:04",
        "10:23",
        "10:43",
        "11:03",
        "11:23",
        "11:43",
        "12:03",
        "12:26",
        "12:51",
        "13:19",
        "13:46",
        "14:14",
        "14:36",
        "15:03",
        "15:26",
        "15:56",
        "16:16",
        "16:43",
        "17:03",
        "17:23",
        "17:43",
        "18:03",
        "18:23",
        "18:43",
        "19:03",
        "19:21",
        "19:49",
        "20:18",
        "20:44",
        "21:11",
        "21:49",
        "22:39"
    ],
    "saturday": [
        "7:39",
        "8:04",
        "8:19",
        "8:39",
        "9:04",
        "9:24",
        "9:56",
        "10:16",
        "10:43",
        "11:06",
        "11:31",
        "11:55",
        "12:21",
        "12:53",
        "13:23",
        "13:54",
        "14:23",
        "14:53",
        "15:23",
        "15:53",
        "16:18",
        "16:43",
        "17:02",
        "17:21",
        "17:43",
        "18:03",
        "18:29",
        "18:51",
        "19:23",
        "19:43",
        "20:16",
        "20:40",
        "21:21",
        "22:13"
    ],
    "holiday": [
        "7:39",
        "8:14",
        "8:39",
        "8:59",
        "9:21",
        "9:56",
        "10:21",
        "10:46",
        "11:11",
        "11:41",
        "12:15",
        "12:53",
        "13:23",
        "13:53",
        "14:23",
        "14:53",
        "15:23",
        "15:42",
        "16:02",
        "16:23",
        "16:52",
        "17:11",
        "17:31",
        "17:56",
        "18:21",
        "18:51",
        "19:23",
        "19:43",
        "20:10",
        "20:40",
        "21:29"
    ],
    "url": "https://www.kanachu.co.jp/dia/diagram/timetable01_js/course:0000802968-9/node:00129596/kt:0/lname:/"
}
