{
    "date": "2024/03/16",
    "name": "古淵駅",
    "position": "-",
    "system": "古03",
    "destinations": [
        "鹿島神社入口",
        "境川団地中央",
        "境川団地",
        "上横町",
        "木曽入口",
        "山崎団地入口",
        "山崎団地センター",
        "給水塔前(山崎団地/町田市)",
        "今井谷戸",
        "藤の台団地"
    ],
    "weekday": [
        "6:10",
        "6:50",
        "7:40",
        "8:30",
        "9:15",
        "10:05",
        "11:05",
        "12:05",
        "13:05",
        "14:05",
        "15:05",
        "16:05",
        "17:05",
        "18:00",
        "18:50",
        "19:45",
        "20:45"
    ],
    "saturday": [
        "7:00",
        "7:40",
        "8:40",
        "9:35",
        "15:45",
        "16:45",
        "17:45",
        "18:45",
        "19:45",
        "20:35"
    ],
    "holiday": [
        "8:20",
        "9:40",
        "11:10",
        "12:50",
        "15:20",
        "16:15",
        "17:10",
        "18:05",
        "19:05",
        "20:05"
    ],
    "url": "https://www.kanachu.co.jp/dia/diagram/timetable01_js/course:0000801152-1/node:00129313/kt:0/lname:/"
}
