{
    "date": "2024/03/16",
    "name": "境川団地",
    "position": "-",
    "system": "古03",
    "destinations": [
        "上横町",
        "木曽入口",
        "山崎団地入口",
        "山崎団地センター",
        "給水塔前(山崎団地/町田市)",
        "今井谷戸",
        "藤の台団地"
    ],
    "weekday": [
        "6:14",
        "6:54",
        "7:44",
        "8:34",
        "9:19",
        "10:09",
        "11:09",
        "12:09",
        "13:09",
        "14:09",
        "15:09",
        "16:09",
        "17:09",
        "18:04",
        "18:54",
        "19:49",
        "20:49"
    ],
    "saturday": [
        "7:04",
        "7:44",
        "8:44",
        "9:39",
        "15:49",
        "16:49",
        "17:49",
        "18:49",
        "19:49",
        "20:39"
    ],
    "holiday": [
        "8:24",
        "9:44",
        "11:14",
        "12:54",
        "15:24",
        "16:19",
        "17:14",
        "18:09",
        "19:09",
        "20:09"
    ],
    "url": "https://www.kanachu.co.jp/dia/diagram/timetable01_js/course:0000801152-4/node:00129382/kt:0/lname:/"
}
