{
    "date": "2024/03/16",
    "name": "上横町",
    "position": "-",
    "system": "古03",
    "destinations": [
        "木曽入口",
        "山崎団地入口",
        "山崎団地センター",
        "給水塔前(山崎団地/町田市)",
        "今井谷戸",
        "藤の台団地"
    ],
    "weekday": [
        "6:15",
        "6:55",
        "7:46",
        "8:36",
        "9:20",
        "10:10",
        "11:10",
        "12:10",
        "13:10",
        "14:10",
        "15:10",
        "16:11",
        "17:11",
        "18:06",
        "18:56",
        "19:50",
        "20:50"
    ],
    "saturday": [
        "7:05",
        "7:45",
        "8:45",
        "9:40",
        "15:50",
        "16:50",
        "17:50",
        "18:50",
        "19:50",
        "20:40"
    ],
    "holiday": [
        "8:25",
        "9:45",
        "11:15",
        "12:55",
        "15:25",
        "16:20",
        "17:15",
        "18:10",
        "19:10",
        "20:10"
    ],
    "url": "https://www.kanachu.co.jp/dia/diagram/timetable01_js/course:0000801152-5/node:00129385/kt:0/lname:/"
}
