{
    "date": "2024/03/16",
    "name": "木曽入口",
    "position": "-",
    "system": "古03",
    "destinations": [
        "山崎団地入口",
        "山崎団地センター",
        "給水塔前(山崎団地/町田市)",
        "今井谷戸",
        "藤の台団地"
    ],
    "weekday": [
        "6:16",
        "6:56",
        "7:47",
        "8:37",
        "9:21",
        "10:11",
        "11:11",
        "12:11",
        "13:11",
        "14:11",
        "15:11",
        "16:12",
        "17:12",
        "18:07",
        "18:57",
        "19:51",
        "20:51"
    ],
    "saturday": [
        "7:05",
        "7:45",
        "8:45",
        "9:40",
        "15:50",
        "16:50",
        "17:50",
        "18:50",
        "19:50",
        "20:40"
    ],
    "holiday": [
        "8:25",
        "9:45",
        "11:15",
        "12:55",
        "15:25",
        "16:20",
        "17:15",
        "18:10",
        "19:10",
        "20:10"
    ],
    "url": "https://www.kanachu.co.jp/dia/diagram/timetable01_js/course:0000801152-6/node:00129386/kt:0/lname:/"
}
