{
    "date": "2024/03/16",
    "name": "今井谷戸",
    "position": "-",
    "system": "古03",
    "destinations": [
        "藤の台団地"
    ],
    "weekday": [
        "6:22",
        "7:02",
        "7:53",
        "8:43",
        "9:27",
        "10:17",
        "11:17",
        "12:17",
        "13:17",
        "14:17",
        "15:17",
        "16:18",
        "17:18",
        "18:13",
        "19:03",
        "19:57",
        "20:57"
    ],
    "saturday": [
        "7:10",
        "7:50",
        "8:50",
        "9:46",
        "15:56",
        "16:56",
        "17:56",
        "18:56",
        "19:55",
        "20:45"
    ],
    "holiday": [
        "8:30",
        "9:51",
        "11:21",
        "13:01",
        "15:31",
        "16:26",
        "17:21",
        "18:16",
        "19:15",
        "20:15"
    ],
    "url": "https://www.kanachu.co.jp/dia/diagram/timetable01_js/course:0000801152-10/node:00129426/kt:0/lname:/"
}
