{
    "date": "2024/09/02",
    "name": "いずみ野駅",
    "position": "-",
    "system": "",
    "destinations": [
        "金子山",
        "上飯田団地",
        "小学校前(横浜市泉区)",
        "児童公園前(横浜市泉区)",
        "団地入口(横浜市泉区)",
        "飯田神社前",
        "台村",
        "いちょう団地",
        "保育所前(大和市)",
        "渋谷中学校",
        "集会所前(横浜市泉区)",
        "中屋敷(横浜市泉区)",
        "飯田神社前",
        "団地入口(横浜市泉区)",
        "児童公園前(横浜市泉区)",
        "小学校前(横浜市泉区)",
        "上飯田団地",
        "金子山",
        "泉警察署前",
        "いずみ野駅"
    ],
    "weekday": [
        "13:10",
        "13:50",
        "14:30",
        "15:10",
        "15:50",
        "16:30",
        "17:10",
        "17:50",
        "18:30",
        "19:10",
        "19:50"
    ],
    "saturday": [
        "13:00",
        "13:40",
        "14:20",
        "15:00",
        "15:40",
        "16:20",
        "17:00",
        "17:40",
        "18:20",
        "19:00"
    ],
    "holiday": [
        "13:00",
        "13:40",
        "14:22",
        "15:00",
        "15:40",
        "16:20",
        "17:00",
        "17:40",
        "18:20",
        "19:00"
    ],
    "url": "https://www.kanachu.co.jp/dia/diagram/timetable01_js/course:0000802851-1/node:00126932/kt:0/lname:/"
}
