{
    "date": "2025/04/01",
    "name": "JA忠生支店前",
    "position": "-",
    "system": "町78",
    "destinations": [
        "忠生三丁目",
        "馬駈",
        "図師大橋",
        "図師",
        "並木(町田市)",
        "神学校(町田市)",
        "野津田車庫"
    ],
    "weekday": [
        "9:02",
        "10:00",
        "11:00",
        "12:00",
        "13:00",
        "14:00",
        "15:00",
        "16:00",
        "17:08",
        "19:02",
        "21:27",
        "23:00"
    ],
    "saturday": [
        "9:56",
        "10:54",
        "11:56",
        "13:00",
        "14:00",
        "14:58",
        "15:58",
        "17:00",
        "17:58",
        "18:58",
        "19:51",
        "20:35",
        "21:15",
        "23:00"
    ],
    "holiday": [
        "10:01",
        "11:01",
        "12:03",
        "13:03",
        "14:03",
        "15:03",
        "16:03",
        "17:03",
        "18:03",
        "19:03",
        "20:05",
        "20:35",
        "21:20"
    ],
    "url": "https://www.kanachu.co.jp/dia/diagram/timetable01_js/course:0000800826-16/node:00129498/kt:0/lname:/"
}
