{
    "date": "2023/04/16",
    "name": "慶応大学本館前",
    "position": "-",
    "system": "辻34",
    "destinations": [
        "慶応大学",
        "諸之木",
        "刈込(藤沢市)",
        "湘南ライフタウン",
        "滝の沢不動前",
        "滝の沢(藤沢市)",
        "駒寄",
        "二番構保健医療センター",
        "ライフタウン中央(藤沢市)",
        "大庭小学校",
        "小糸",
        "南センター前(藤沢市)",
        "西高校前(藤沢市)",
        "有藤",
        "大庭隧道",
        "城南一丁目",
        "神台公園前",
        "辻堂駅北口"
    ],
    "weekday": [],
    "saturday": [
        "12:37",
        "12:57",
        "13:17",
        "13:37",
        "13:57",
        "14:17",
        "14:37",
        "15:17",
        "15:37",
        "16:17",
        "16:37",
        "17:17",
        "17:37",
        "18:17",
        "18:37",
        "19:36"
    ],
    "holiday": [],
    "url": "https://www.kanachu.co.jp/dia/diagram/timetable01_js/course:0000802599-1/node:00129986/kt:0/lname:/"
}
