{
    "date": "2023/04/16",
    "name": "滝の沢不動前",
    "position": "-",
    "system": "辻34",
    "destinations": [
        "滝の沢(藤沢市)",
        "駒寄",
        "二番構保健医療センター",
        "ライフタウン中央(藤沢市)",
        "大庭小学校",
        "小糸",
        "南センター前(藤沢市)",
        "西高校前(藤沢市)",
        "有藤",
        "大庭隧道",
        "城南一丁目",
        "神台公園前",
        "辻堂駅北口"
    ],
    "weekday": [],
    "saturday": [
        "12:46",
        "13:06",
        "13:26",
        "13:46",
        "14:06",
        "14:26",
        "14:46",
        "15:26",
        "15:46",
        "16:26",
        "16:46",
        "17:26",
        "17:46",
        "18:26",
        "18:46",
        "19:44"
    ],
    "holiday": [],
    "url": "https://www.kanachu.co.jp/dia/diagram/timetable01_js/course:0000802599-6/node:00129947/kt:0/lname:/"
}
