{
    "date": "2023/04/16",
    "name": "小糸",
    "position": "-",
    "system": "辻34",
    "destinations": [
        "南センター前(藤沢市)",
        "西高校前(藤沢市)",
        "有藤",
        "大庭隧道",
        "城南一丁目",
        "神台公園前",
        "辻堂駅北口"
    ],
    "weekday": [],
    "saturday": [
        "12:52",
        "13:12",
        "13:32",
        "13:52",
        "14:12",
        "14:32",
        "14:52",
        "15:32",
        "15:52",
        "16:32",
        "16:52",
        "17:32",
        "17:52",
        "18:32",
        "18:52",
        "19:50"
    ],
    "holiday": [],
    "url": "https://www.kanachu.co.jp/dia/diagram/timetable01_js/course:0000802599-12/node:00129941/kt:0/lname:/"
}
