{
    "date": "2023/04/16",
    "name": "神台公園前",
    "position": "-",
    "system": "辻34",
    "destinations": [
        "辻堂駅北口"
    ],
    "weekday": [],
    "saturday": [
        "12:59",
        "13:19",
        "13:39",
        "13:59",
        "14:19",
        "14:39",
        "14:59",
        "15:39",
        "15:59",
        "16:39",
        "16:59",
        "17:39",
        "17:59",
        "18:39",
        "18:59",
        "19:57"
    ],
    "holiday": [],
    "url": "https://www.kanachu.co.jp/dia/diagram/timetable01_js/course:0000802599-18/node:00130068/kt:0/lname:/"
}
