{
    "date": "2025/11/16",
    "name": "東橋(平塚市)",
    "position": "-",
    "system": "平93",
    "destinations": [
        "矢崎(平塚市)",
        "矢崎大橋",
        "岡崎農協前",
        "稲荷坂(平塚市)",
        "大畑平岡幼稚園前",
        "町谷(平塚市)",
        "丸島",
        "あいの坂",
        "宮上(平塚市)",
        "ふじみ野",
        "竹園小学校入口",
        "谷戸大竹",
        "関台",
        "団地南(伊勢原市)",
        "団地西(伊勢原市)",
        "鈴川会館前",
        "伊勢原車庫"
    ],
    "weekday": [
        "7:35",
        "8:11",
        "8:39",
        "17:41",
        "19:41",
        "20:15",
        "21:15",
        "22:18"
    ],
    "saturday": [
        "7:19",
        "8:21",
        "20:42",
        "21:42"
    ],
    "holiday": [
        "8:21",
        "20:42",
        "21:42"
    ],
    "url": "https://www.kanachu.co.jp/dia/diagram/timetable01_js/course:0000802265-13/node:00128064/kt:0/lname:/"
}
