{
    "date": "2025/11/16",
    "name": "丸島",
    "position": "-",
    "system": "平93",
    "destinations": [
        "あいの坂",
        "宮上(平塚市)",
        "ふじみ野",
        "竹園小学校入口",
        "谷戸大竹",
        "関台",
        "団地南(伊勢原市)",
        "団地西(伊勢原市)",
        "鈴川会館前",
        "伊勢原車庫"
    ],
    "weekday": [
        "7:44",
        "8:20",
        "8:48",
        "17:50",
        "19:50",
        "20:23",
        "21:23",
        "22:26"
    ],
    "saturday": [
        "7:26",
        "8:28",
        "20:49",
        "21:49"
    ],
    "holiday": [
        "8:28",
        "20:49",
        "21:49"
    ],
    "url": "https://www.kanachu.co.jp/dia/diagram/timetable01_js/course:0000802265-20/node:00128082/kt:0/lname:/"
}
