{
    "date": "2025/11/16",
    "name": "ふじみ野",
    "position": "-",
    "system": "平93",
    "destinations": [
        "竹園小学校入口",
        "谷戸大竹",
        "関台",
        "団地南(伊勢原市)",
        "団地西(伊勢原市)",
        "鈴川会館前",
        "伊勢原車庫"
    ],
    "weekday": [
        "7:49",
        "8:25",
        "8:53",
        "17:55",
        "19:55",
        "20:27",
        "21:27",
        "22:30"
    ],
    "saturday": [
        "7:30",
        "8:32",
        "20:53",
        "21:53"
    ],
    "holiday": [
        "8:32",
        "20:53",
        "21:53"
    ],
    "url": "https://www.kanachu.co.jp/dia/diagram/timetable01_js/course:0000802265-23/node:00128079/kt:0/lname:/"
}
