{
    "date": "2025/11/16",
    "name": "団地西(伊勢原市)",
    "position": "-",
    "system": "平93",
    "destinations": [
        "鈴川会館前",
        "伊勢原車庫"
    ],
    "weekday": [
        "7:54",
        "8:30",
        "8:58",
        "18:00",
        "20:00",
        "20:32",
        "21:32",
        "22:35"
    ],
    "saturday": [
        "7:35",
        "8:37",
        "20:58",
        "21:58"
    ],
    "holiday": [
        "8:37",
        "20:58",
        "21:58"
    ],
    "url": "https://www.kanachu.co.jp/dia/diagram/timetable01_js/course:0000802265-28/node:00128139/kt:0/lname:/"
}
