{
    "date": "2025/11/16",
    "name": "鈴川会館前",
    "position": "-",
    "system": "平93",
    "destinations": [
        "伊勢原車庫"
    ],
    "weekday": [
        "7:55",
        "8:31",
        "8:59",
        "18:01",
        "20:01",
        "20:33",
        "21:33",
        "22:36"
    ],
    "saturday": [
        "7:36",
        "8:38",
        "20:59",
        "21:59"
    ],
    "holiday": [
        "8:38",
        "20:59",
        "21:59"
    ],
    "url": "https://www.kanachu.co.jp/dia/diagram/timetable01_js/course:0000802265-29/node:00128140/kt:0/lname:/"
}
