{
    "system": "港85",
    "busstops": [
        {
            "index": "1",
            "id": "00126527",
            "name": "庄戸(横浜市栄区)",
            "lat": "35.351198",
            "lng": "139.584301"
        },
        {
            "index": "2",
            "id": "00126526",
            "name": "庄戸入口",
            "lat": "35.349241",
            "lng": "139.582121"
        },
        {
            "index": "3",
            "id": "00126517",
            "name": "八軒谷戸",
            "lat": "35.350179",
            "lng": "139.580716"
        },
        {
            "index": "4",
            "id": "00126516",
            "name": "中島(横浜市栄区)",
            "lat": "35.354673",
            "lng": "139.579888"
        },
        {
            "index": "5",
            "id": "00126515",
            "name": "光明寺(横浜市栄区)",
            "lat": "35.357884",
            "lng": "139.57946"
        },
        {
            "index": "6",
            "id": "00126514",
            "name": "紅葉橋(横浜市栄区)",
            "lat": "35.360541",
            "lng": "139.577308"
        },
        {
            "index": "7",
            "id": "00126608",
            "name": "横浜栄高校前",
            "lat": "35.365389",
            "lng": "139.577441"
        },
        {
            "index": "8",
            "id": "00102293",
            "name": "榎戸(横浜市港南区)",
            "lat": "35.367694",
            "lng": "139.58093"
        },
        {
            "index": "9",
            "id": "00103234",
            "name": "横浜女子短期大学前",
            "lat": "35.371048",
            "lng": "139.577525"
        },
        {
            "index": "10",
            "id": "00025554",
            "name": "港南台駅",
            "lat": "35.375136",
            "lng": "139.576877"
        }
    ],
    "route_url": "https://www.kanachu.co.jp/dia/route/index/cid:0000801025/"
}
