{
    "date": "2025/01/14",
    "name": "金田(厚木市)",
    "position": "-",
    "system": "厚64",
    "destinations": [
        "金田神社前",
        "下依知入口",
        "追分(厚木市)",
        "蓮生寺(厚木市)",
        "関口(厚木市)",
        "依知小学校前",
        "中平(厚木市)",
        "中荻原",
        "六本松(厚木市)",
        "坂本入口",
        "桜台(愛甲郡愛川町)",
        "運輸支局入口(愛甲郡愛川町)",
        "一本松(愛甲郡愛川町)",
        "局前(愛甲郡愛川町)",
        "中津(愛甲郡愛川町)",
        "東中学校前(愛甲郡愛川町)",
        "箕輪(愛甲郡愛川町)",
        "愛川町役場",
        "愛川バスセンター"
    ],
    "weekday": [
        "20:23",
        "20:53",
        "21:48",
        "22:58"
    ],
    "saturday": [
        "20:29",
        "21:09",
        "21:49"
    ],
    "holiday": [
        "20:29",
        "21:09",
        "21:49"
    ],
    "url": "https://www.kanachu.co.jp/dia/diagram/timetable01_js/course:0000802983-7/node:00128347/kt:0/lname:/"
}
