{
    "date": "2025/01/14",
    "name": "中荻原",
    "position": "-",
    "system": "厚64",
    "destinations": [
        "六本松(厚木市)",
        "坂本入口",
        "桜台(愛甲郡愛川町)",
        "運輸支局入口(愛甲郡愛川町)",
        "一本松(愛甲郡愛川町)",
        "局前(愛甲郡愛川町)",
        "中津(愛甲郡愛川町)",
        "東中学校前(愛甲郡愛川町)",
        "箕輪(愛甲郡愛川町)",
        "愛川町役場",
        "愛川バスセンター"
    ],
    "weekday": [
        "20:35",
        "21:05",
        "22:00",
        "23:10"
    ],
    "saturday": [
        "20:40",
        "21:20",
        "22:00"
    ],
    "holiday": [
        "20:40",
        "21:20",
        "22:00"
    ],
    "url": "https://www.kanachu.co.jp/dia/diagram/timetable01_js/course:0000802983-15/node:00128362/kt:0/lname:/"
}
