{
    "date": "2025/01/14",
    "name": "運輸支局入口(愛甲郡愛川町)",
    "position": "-",
    "system": "厚64",
    "destinations": [
        "一本松(愛甲郡愛川町)",
        "局前(愛甲郡愛川町)",
        "中津(愛甲郡愛川町)",
        "東中学校前(愛甲郡愛川町)",
        "箕輪(愛甲郡愛川町)",
        "愛川町役場",
        "愛川バスセンター"
    ],
    "weekday": [
        "20:41",
        "21:11",
        "22:06",
        "23:16"
    ],
    "saturday": [
        "20:46",
        "21:26",
        "22:06"
    ],
    "holiday": [
        "20:46",
        "21:26",
        "22:06"
    ],
    "url": "https://www.kanachu.co.jp/dia/diagram/timetable01_js/course:0000802983-19/node:00128321/kt:0/lname:/"
}
