{
    "date": "2024/12/16",
    "name": "落合四丁目",
    "position": "-",
    "system": "多04",
    "destinations": [
        "豊ヶ丘五丁目",
        "恵泉女学園大学入口",
        "豊ヶ丘六丁目",
        "豊ヶ丘四丁目",
        "豊ヶ丘六丁目",
        "京王多摩車庫前",
        "中村(町田市小野路町)",
        "別所(町田市)",
        "湯船(町田市)",
        "五反田(町田市)",
        "下堤(町田市)",
        "岩子山",
        "井の花",
        "大蔵(鶴川郵便局前/町田市)",
        "鶴川市民センター入口",
        "下大蔵",
        "金井入口",
        "上能ヶ谷",
        "鶴川駅西口",
        "鶴川駅"
    ],
    "weekday": [
        "7:09",
        "7:54",
        "8:39",
        "9:41",
        "10:41",
        "11:41",
        "12:41",
        "13:41",
        "14:41",
        "15:41",
        "16:41",
        "17:43",
        "18:38",
        "19:39",
        "20:41"
    ],
    "saturday": [
        "7:51",
        "8:51",
        "9:51",
        "10:51",
        "11:51",
        "12:51",
        "13:51",
        "14:51",
        "15:51",
        "16:51",
        "17:51",
        "18:30",
        "19:30",
        "20:25"
    ],
    "holiday": [
        "7:51",
        "8:51",
        "9:51",
        "10:51",
        "11:51",
        "12:51",
        "13:51",
        "14:51",
        "15:51",
        "16:51",
        "17:51",
        "18:30",
        "19:30",
        "20:25"
    ],
    "url": "https://www.kanachu.co.jp/dia/diagram/timetable01_js/course:0000803462-5/node:00021379/kt:0/lname:/"
}
