{
    "date": "2024/12/16",
    "name": "上能ヶ谷",
    "position": "-",
    "system": "多04",
    "destinations": [
        "鶴川駅西口",
        "鶴川駅"
    ],
    "weekday": [
        "7:31",
        "8:16",
        "9:01",
        "10:03",
        "11:03",
        "12:03",
        "13:03",
        "14:03",
        "15:03",
        "16:03",
        "17:03",
        "18:05",
        "19:00",
        "20:01",
        "21:03"
    ],
    "saturday": [
        "8:13",
        "9:13",
        "10:13",
        "11:13",
        "12:13",
        "13:13",
        "14:13",
        "15:13",
        "16:13",
        "17:13",
        "18:13",
        "18:52",
        "19:52",
        "20:47"
    ],
    "holiday": [
        "8:13",
        "9:13",
        "10:13",
        "11:13",
        "12:13",
        "13:13",
        "14:13",
        "15:13",
        "16:13",
        "17:13",
        "18:13",
        "18:52",
        "19:52",
        "20:47"
    ],
    "url": "https://www.kanachu.co.jp/dia/diagram/timetable01_js/course:0000803462-23/node:00129439/kt:0/lname:/"
}
