{
    "date": "2024/03/16",
    "name": "北一号(町田市)",
    "position": "-",
    "system": "古02",
    "destinations": [
        "北二号(町田市)",
        "山崎団地"
    ],
    "weekday": [
        "6:42",
        "7:12",
        "7:37",
        "8:03",
        "8:28",
        "8:57",
        "9:17",
        "9:47",
        "10:47",
        "11:47",
        "12:47",
        "13:47",
        "14:47",
        "15:47",
        "16:48",
        "17:48",
        "18:38",
        "19:27",
        "20:27",
        "21:27"
    ],
    "saturday": [
        "6:30",
        "7:30",
        "8:10",
        "8:30",
        "9:21",
        "11:26",
        "12:26",
        "13:26",
        "15:26",
        "16:26",
        "17:26",
        "18:26",
        "19:25"
    ],
    "holiday": [
        "7:50",
        "9:11",
        "10:31",
        "12:06",
        "13:51",
        "14:41"
    ],
    "url": "https://www.kanachu.co.jp/dia/diagram/timetable01_js/course:0000800116-10/node:00129390/kt:0/lname:/"
}
