{
    "date": "2025/08/04",
    "name": "橋本二丁目",
    "position": "-",
    "system": "橋27",
    "destinations": [
        "緑区合同庁舎前(相模原市緑区)",
        "北警察署前(相模原市緑区)",
        "西橋本三丁目",
        "日本板硝子前(相模原市緑区)",
        "住宅前(相模原市緑区)",
        "公園前(相模原市緑区)",
        "二本松二丁目",
        "八幡神社前(相模原市緑区)",
        "原宿公園西",
        "原宿五丁目"
    ],
    "weekday": [
        "6:01",
        "6:39",
        "6:56",
        "7:21",
        "7:39",
        "7:58",
        "8:41",
        "9:21",
        "10:01",
        "11:01",
        "12:01",
        "13:01",
        "14:01",
        "15:01",
        "15:51",
        "16:31",
        "17:16",
        "17:56",
        "18:26",
        "19:11",
        "19:51",
        "20:31",
        "21:11"
    ],
    "saturday": [
        "6:31",
        "7:11",
        "7:51",
        "8:26",
        "9:01",
        "10:06",
        "11:06",
        "11:51",
        "13:01",
        "14:01",
        "15:06",
        "16:01",
        "17:11",
        "18:06",
        "19:01",
        "20:01",
        "21:06"
    ],
    "holiday": [
        "7:11",
        "7:51",
        "8:26",
        "9:01",
        "10:06",
        "11:06",
        "11:51",
        "13:01",
        "14:01",
        "15:06",
        "16:01",
        "17:11",
        "18:06",
        "19:01",
        "20:01",
        "21:06"
    ],
    "url": "https://www.kanachu.co.jp/dia/diagram/timetable01_js/course:0000803129-2/node:00128971/kt:0/lname:/"
}
