{
    "date": "2025/08/04",
    "name": "北警察署前(相模原市緑区)",
    "position": "-",
    "system": "橋27",
    "destinations": [
        "西橋本三丁目",
        "日本板硝子前(相模原市緑区)",
        "住宅前(相模原市緑区)",
        "公園前(相模原市緑区)",
        "二本松二丁目",
        "八幡神社前(相模原市緑区)",
        "原宿公園西",
        "原宿五丁目"
    ],
    "weekday": [
        "6:02",
        "6:40",
        "6:57",
        "7:24",
        "7:42",
        "8:01",
        "8:44",
        "9:23",
        "10:03",
        "11:03",
        "12:03",
        "13:03",
        "14:03",
        "15:03",
        "15:53",
        "16:33",
        "17:19",
        "17:59",
        "18:29",
        "19:14",
        "19:54",
        "20:33",
        "21:13"
    ],
    "saturday": [
        "6:32",
        "7:13",
        "7:53",
        "8:28",
        "9:02",
        "10:07",
        "11:07",
        "11:52",
        "13:02",
        "14:02",
        "15:07",
        "16:02",
        "17:12",
        "18:07",
        "19:02",
        "20:02",
        "21:07"
    ],
    "holiday": [
        "7:12",
        "7:52",
        "8:27",
        "9:02",
        "10:08",
        "11:08",
        "11:53",
        "13:03",
        "14:03",
        "15:08",
        "16:03",
        "17:12",
        "18:07",
        "19:02",
        "20:02",
        "21:07"
    ],
    "url": "https://www.kanachu.co.jp/dia/diagram/timetable01_js/course:0000803129-4/node:00129042/kt:0/lname:/"
}
