{
    "date": "2025/08/04",
    "name": "西橋本三丁目",
    "position": "-",
    "system": "橋27",
    "destinations": [
        "日本板硝子前(相模原市緑区)",
        "住宅前(相模原市緑区)",
        "公園前(相模原市緑区)",
        "二本松二丁目",
        "八幡神社前(相模原市緑区)",
        "原宿公園西",
        "原宿五丁目"
    ],
    "weekday": [
        "6:03",
        "6:41",
        "6:58",
        "7:24",
        "7:42",
        "8:01",
        "8:44",
        "9:23",
        "10:03",
        "11:03",
        "12:03",
        "13:03",
        "14:03",
        "15:03",
        "15:53",
        "16:33",
        "17:19",
        "17:59",
        "18:29",
        "19:14",
        "19:54",
        "20:33",
        "21:13"
    ],
    "saturday": [
        "6:33",
        "7:14",
        "7:54",
        "8:29",
        "9:03",
        "10:08",
        "11:08",
        "11:53",
        "13:03",
        "14:03",
        "15:08",
        "16:03",
        "17:13",
        "18:08",
        "19:03",
        "20:03",
        "21:08"
    ],
    "holiday": [
        "7:13",
        "7:53",
        "8:28",
        "9:03",
        "10:09",
        "11:09",
        "11:54",
        "13:04",
        "14:04",
        "15:09",
        "16:04",
        "17:13",
        "18:08",
        "19:03",
        "20:03",
        "21:08"
    ],
    "url": "https://www.kanachu.co.jp/dia/diagram/timetable01_js/course:0000803129-5/node:00128972/kt:0/lname:/"
}
