{
    "date": "2025/08/04",
    "name": "公園前(相模原市緑区)",
    "position": "-",
    "system": "橋27",
    "destinations": [
        "二本松二丁目",
        "八幡神社前(相模原市緑区)",
        "原宿公園西",
        "原宿五丁目"
    ],
    "weekday": [
        "6:06",
        "6:44",
        "7:01",
        "7:27",
        "7:45",
        "8:04",
        "8:47",
        "9:26",
        "10:06",
        "11:06",
        "12:06",
        "13:06",
        "14:06",
        "15:06",
        "15:56",
        "16:36",
        "17:22",
        "18:02",
        "18:32",
        "19:17",
        "19:57",
        "20:36",
        "21:16"
    ],
    "saturday": [
        "6:36",
        "7:17",
        "7:57",
        "8:32",
        "9:06",
        "10:11",
        "11:11",
        "11:56",
        "13:06",
        "14:06",
        "15:11",
        "16:06",
        "17:16",
        "18:11",
        "19:06",
        "20:06",
        "21:11"
    ],
    "holiday": [
        "7:16",
        "7:56",
        "8:31",
        "9:06",
        "10:12",
        "11:12",
        "11:57",
        "13:07",
        "14:07",
        "15:12",
        "16:07",
        "17:16",
        "18:11",
        "19:06",
        "20:06",
        "21:11"
    ],
    "url": "https://www.kanachu.co.jp/dia/diagram/timetable01_js/course:0000803129-8/node:00128975/kt:0/lname:/"
}
