{
    "date": "2025/08/04",
    "name": "原宿公園西",
    "position": "-",
    "system": "橋27",
    "destinations": [
        "原宿五丁目"
    ],
    "weekday": [
        "6:09",
        "6:47",
        "7:05",
        "7:31",
        "7:49",
        "8:08",
        "8:51",
        "9:29",
        "10:09",
        "11:09",
        "12:09",
        "13:09",
        "14:09",
        "15:09",
        "15:59",
        "16:39",
        "17:26",
        "18:06",
        "18:36",
        "19:21",
        "20:01",
        "20:39",
        "21:19"
    ],
    "saturday": [
        "6:39",
        "7:20",
        "8:00",
        "8:35",
        "9:10",
        "10:15",
        "11:15",
        "12:00",
        "13:10",
        "14:10",
        "15:15",
        "16:10",
        "17:20",
        "18:15",
        "19:10",
        "20:09",
        "21:14"
    ],
    "holiday": [
        "7:19",
        "7:59",
        "8:34",
        "9:09",
        "10:16",
        "11:16",
        "12:01",
        "13:11",
        "14:11",
        "15:16",
        "16:11",
        "17:20",
        "18:15",
        "19:09",
        "20:09",
        "21:14"
    ],
    "url": "https://www.kanachu.co.jp/dia/diagram/timetable01_js/course:0000803129-11/node:00128999/kt:0/lname:/"
}
