{
    "date": "2026/01/16",
    "name": "北警察署前(藤沢市)",
    "position": "-",
    "system": "湘23",
    "destinations": [
        "工業団地入口(藤沢市)",
        "南大山",
        "遠藤(藤沢市)",
        "藤沢ジャンボゴルフ前(藤沢市)",
        "慶応大学",
        "慶応大学本館前",
        "慶応中高等部前"
    ],
    "weekday": [
        "8:22",
        "9:10",
        "9:42",
        "10:06",
        "10:32",
        "10:36",
        "10:40",
        "10:50",
        "10:54",
        "10:58",
        "11:02",
        "11:12",
        "11:22",
        "11:32",
        "11:42",
        "11:52",
        "12:30",
        "12:37",
        "12:42",
        "12:52",
        "12:57",
        "13:47",
        "13:57",
        "14:37",
        "14:47",
        "15:32",
        "15:47",
        "20:32",
        "20:52"
    ],
    "saturday": [
        "7:39",
        "9:47",
        "10:37",
        "10:47",
        "11:47",
        "12:47",
        "13:47",
        "14:47",
        "15:52",
        "16:52",
        "17:57",
        "18:57",
        "20:12"
    ],
    "holiday": [],
    "url": "https://www.kanachu.co.jp/dia/diagram/timetable01_js/course:0000804200-3/node:00129895/kt:0/lname:/"
}
