{
    "date": "2026/01/16",
    "name": "遠藤(藤沢市)",
    "position": "-",
    "system": "湘23",
    "destinations": [
        "藤沢ジャンボゴルフ前(藤沢市)",
        "慶応大学",
        "慶応大学本館前",
        "慶応中高等部前"
    ],
    "weekday": [
        "8:27",
        "9:15",
        "9:47",
        "10:11",
        "10:37",
        "10:41",
        "10:45",
        "10:55",
        "10:59",
        "11:03",
        "11:07",
        "11:17",
        "11:27",
        "11:37",
        "11:47",
        "11:57",
        "12:35",
        "12:42",
        "12:47",
        "12:57",
        "13:02",
        "13:52",
        "14:02",
        "14:42",
        "14:52",
        "15:37",
        "15:52",
        "20:37",
        "20:57"
    ],
    "saturday": [
        "7:44",
        "9:52",
        "10:42",
        "10:52",
        "11:52",
        "12:52",
        "13:52",
        "14:52",
        "15:57",
        "16:57",
        "18:02",
        "19:02",
        "20:17"
    ],
    "holiday": [],
    "url": "https://www.kanachu.co.jp/dia/diagram/timetable01_js/course:0000804200-6/node:00129919/kt:0/lname:/"
}
