{
    "date": "2026/01/16",
    "name": "藤沢ジャンボゴルフ前(藤沢市)",
    "position": "-",
    "system": "湘23",
    "destinations": [
        "慶応大学",
        "慶応大学本館前",
        "慶応中高等部前"
    ],
    "weekday": [
        "8:28",
        "9:16",
        "9:48",
        "10:12",
        "10:38",
        "10:42",
        "10:46",
        "10:56",
        "11:00",
        "11:04",
        "11:08",
        "11:18",
        "11:28",
        "11:38",
        "11:48",
        "11:58",
        "12:36",
        "12:43",
        "12:48",
        "12:58",
        "13:03",
        "13:53",
        "14:03",
        "14:43",
        "14:53",
        "15:38",
        "15:53",
        "20:38",
        "20:58"
    ],
    "saturday": [
        "7:45",
        "9:53",
        "10:43",
        "10:53",
        "11:53",
        "12:53",
        "13:53",
        "14:53",
        "15:58",
        "16:58",
        "18:03",
        "19:03",
        "20:18"
    ],
    "holiday": [],
    "url": "https://www.kanachu.co.jp/dia/diagram/timetable01_js/course:0000804200-7/node:00129988/kt:0/lname:/"
}
