{
    "date": "2025/11/16",
    "name": "宮根(横浜市緑区)",
    "position": "-",
    "system": "横52",
    "destinations": [
        "住宅前(横浜市緑区)",
        "薬師谷戸",
        "三保橋",
        "坂下(横浜市緑区)",
        "梅田(横浜市緑区)",
        "梅田谷戸",
        "三保市民の森",
        "笹峰",
        "横丁",
        "川井宿",
        "下宿(横浜市旭区)",
        "都岡町",
        "農協前(横浜市旭区)",
        "筑池",
        "今宿(横浜市旭区)",
        "今宿小学校入口",
        "鶴ヶ峰中学校前",
        "薬王寺入口",
        "鶴ヶ峰本町",
        "鶴ヶ峰駅",
        "白根町",
        "白根不動入口",
        "下白根橋",
        "西谷(横浜市旭区)",
        "西谷駅前",
        "梅の木(横浜市保土ケ谷区)",
        "西谷妙福寺前",
        "川島町(横浜市保土ケ谷区)",
        "杉山神社前(横浜市保土ケ谷区)",
        "上星川",
        "保土ヶ谷中学校前",
        "和田町(横浜市保土ケ谷区)",
        "常盤園下",
        "峰岡町",
        "峯小学校前",
        "宮田町(横浜市保土ケ谷区)",
        "洪福寺",
        "浅間町車庫前",
        "浅岡橋",
        "浅間下(横浜市西区)",
        "楠町",
        "鶴屋町三丁目",
        "横浜駅西口"
    ],
    "weekday": [
        "6:50",
        "7:50",
        "8:43",
        "9:55",
        "10:59",
        "11:59",
        "12:57",
        "13:59",
        "14:55",
        "16:01",
        "16:59",
        "18:03"
    ],
    "saturday": [
        "6:50",
        "8:57",
        "9:50",
        "10:50",
        "11:47",
        "12:47",
        "13:47",
        "14:52",
        "15:47",
        "16:52",
        "17:47",
        "20:37"
    ],
    "holiday": [
        "9:02",
        "9:53",
        "10:47",
        "11:47",
        "12:47",
        "13:47",
        "14:50",
        "15:50",
        "16:47",
        "17:47"
    ],
    "url": "https://www.kanachu.co.jp/dia/diagram/timetable01_js/course:0000802279-5/node:00126593/kt:0/lname:/"
}
