{
    "date": "2025/11/16",
    "name": "三保橋",
    "position": "-",
    "system": "横52",
    "destinations": [
        "坂下(横浜市緑区)",
        "梅田(横浜市緑区)",
        "梅田谷戸",
        "三保市民の森",
        "笹峰",
        "横丁",
        "川井宿",
        "下宿(横浜市旭区)",
        "都岡町",
        "農協前(横浜市旭区)",
        "筑池",
        "今宿(横浜市旭区)",
        "今宿小学校入口",
        "鶴ヶ峰中学校前",
        "薬王寺入口",
        "鶴ヶ峰本町",
        "鶴ヶ峰駅",
        "白根町",
        "白根不動入口",
        "下白根橋",
        "西谷(横浜市旭区)",
        "西谷駅前",
        "梅の木(横浜市保土ケ谷区)",
        "西谷妙福寺前",
        "川島町(横浜市保土ケ谷区)",
        "杉山神社前(横浜市保土ケ谷区)",
        "上星川",
        "保土ヶ谷中学校前",
        "和田町(横浜市保土ケ谷区)",
        "常盤園下",
        "峰岡町",
        "峯小学校前",
        "宮田町(横浜市保土ケ谷区)",
        "洪福寺",
        "浅間町車庫前",
        "浅岡橋",
        "浅間下(横浜市西区)",
        "楠町",
        "鶴屋町三丁目",
        "横浜駅西口"
    ],
    "weekday": [
        "6:53",
        "7:53",
        "8:46",
        "9:58",
        "11:02",
        "12:02",
        "13:00",
        "14:02",
        "14:58",
        "16:04",
        "17:02",
        "18:06"
    ],
    "saturday": [
        "6:53",
        "9:00",
        "9:53",
        "10:53",
        "11:50",
        "12:50",
        "13:50",
        "14:55",
        "15:50",
        "16:55",
        "17:50",
        "20:40"
    ],
    "holiday": [
        "9:05",
        "9:56",
        "10:50",
        "11:50",
        "12:50",
        "13:50",
        "14:53",
        "15:53",
        "16:50",
        "17:50"
    ],
    "url": "https://www.kanachu.co.jp/dia/diagram/timetable01_js/course:0000802279-8/node:00126590/kt:0/lname:/"
}
