{
    "date": "2025/11/16",
    "name": "梅田谷戸",
    "position": "-",
    "system": "横52",
    "destinations": [
        "三保市民の森",
        "笹峰",
        "横丁",
        "川井宿",
        "下宿(横浜市旭区)",
        "都岡町",
        "農協前(横浜市旭区)",
        "筑池",
        "今宿(横浜市旭区)",
        "今宿小学校入口",
        "鶴ヶ峰中学校前",
        "薬王寺入口",
        "鶴ヶ峰本町",
        "鶴ヶ峰駅",
        "白根町",
        "白根不動入口",
        "下白根橋",
        "西谷(横浜市旭区)",
        "西谷駅前",
        "梅の木(横浜市保土ケ谷区)",
        "西谷妙福寺前",
        "川島町(横浜市保土ケ谷区)",
        "杉山神社前(横浜市保土ケ谷区)",
        "上星川",
        "保土ヶ谷中学校前",
        "和田町(横浜市保土ケ谷区)",
        "常盤園下",
        "峰岡町",
        "峯小学校前",
        "宮田町(横浜市保土ケ谷区)",
        "洪福寺",
        "浅間町車庫前",
        "浅岡橋",
        "浅間下(横浜市西区)",
        "楠町",
        "鶴屋町三丁目",
        "横浜駅西口"
    ],
    "weekday": [
        "6:57",
        "7:57",
        "8:50",
        "10:02",
        "11:06",
        "12:06",
        "13:04",
        "14:06",
        "15:02",
        "16:08",
        "17:06",
        "18:10"
    ],
    "saturday": [
        "6:57",
        "9:04",
        "9:57",
        "10:57",
        "11:54",
        "12:54",
        "13:54",
        "14:59",
        "15:54",
        "16:59",
        "17:54",
        "20:44"
    ],
    "holiday": [
        "9:09",
        "10:00",
        "10:54",
        "11:54",
        "12:54",
        "13:54",
        "14:57",
        "15:57",
        "16:54",
        "17:54"
    ],
    "url": "https://www.kanachu.co.jp/dia/diagram/timetable01_js/course:0000802279-11/node:00126587/kt:0/lname:/"
}
