{
    "date": "2025/11/16",
    "name": "横丁",
    "position": "-",
    "system": "横52",
    "destinations": [
        "川井宿",
        "下宿(横浜市旭区)",
        "都岡町",
        "農協前(横浜市旭区)",
        "筑池",
        "今宿(横浜市旭区)",
        "今宿小学校入口",
        "鶴ヶ峰中学校前",
        "薬王寺入口",
        "鶴ヶ峰本町",
        "鶴ヶ峰駅",
        "白根町",
        "白根不動入口",
        "下白根橋",
        "西谷(横浜市旭区)",
        "西谷駅前",
        "梅の木(横浜市保土ケ谷区)",
        "西谷妙福寺前",
        "川島町(横浜市保土ケ谷区)",
        "杉山神社前(横浜市保土ケ谷区)",
        "上星川",
        "保土ヶ谷中学校前",
        "和田町(横浜市保土ケ谷区)",
        "常盤園下",
        "峰岡町",
        "峯小学校前",
        "宮田町(横浜市保土ケ谷区)",
        "洪福寺",
        "浅間町車庫前",
        "浅岡橋",
        "浅間下(横浜市西区)",
        "楠町",
        "鶴屋町三丁目",
        "横浜駅西口"
    ],
    "weekday": [
        "7:01",
        "8:01",
        "8:54",
        "10:06",
        "11:10",
        "12:10",
        "13:08",
        "14:10",
        "15:06",
        "16:12",
        "17:10",
        "18:14"
    ],
    "saturday": [
        "7:01",
        "9:08",
        "10:01",
        "11:01",
        "11:58",
        "12:58",
        "13:58",
        "15:03",
        "15:58",
        "17:03",
        "17:58",
        "20:48"
    ],
    "holiday": [
        "9:13",
        "10:04",
        "10:58",
        "11:58",
        "12:58",
        "13:58",
        "15:01",
        "16:01",
        "16:58",
        "17:58"
    ],
    "url": "https://www.kanachu.co.jp/dia/diagram/timetable01_js/course:0000802279-14/node:00126584/kt:0/lname:/"
}
