{
    "date": "2025/11/16",
    "name": "筑池",
    "position": "-",
    "system": "横52",
    "destinations": [
        "今宿(横浜市旭区)",
        "今宿小学校入口",
        "鶴ヶ峰中学校前",
        "薬王寺入口",
        "鶴ヶ峰本町",
        "鶴ヶ峰駅",
        "白根町",
        "白根不動入口",
        "下白根橋",
        "西谷(横浜市旭区)",
        "西谷駅前",
        "梅の木(横浜市保土ケ谷区)",
        "西谷妙福寺前",
        "川島町(横浜市保土ケ谷区)",
        "杉山神社前(横浜市保土ケ谷区)",
        "上星川",
        "保土ヶ谷中学校前",
        "和田町(横浜市保土ケ谷区)",
        "常盤園下",
        "峰岡町",
        "峯小学校前",
        "宮田町(横浜市保土ケ谷区)",
        "洪福寺",
        "浅間町車庫前",
        "浅岡橋",
        "浅間下(横浜市西区)",
        "楠町",
        "鶴屋町三丁目",
        "横浜駅西口"
    ],
    "weekday": [
        "7:07",
        "8:07",
        "9:00",
        "10:12",
        "11:16",
        "12:16",
        "13:14",
        "14:16",
        "15:12",
        "16:18",
        "17:16",
        "18:20"
    ],
    "saturday": [
        "7:07",
        "9:14",
        "10:07",
        "11:07",
        "12:04",
        "13:04",
        "14:04",
        "15:09",
        "16:04",
        "17:09",
        "18:04",
        "20:54"
    ],
    "holiday": [
        "9:19",
        "10:10",
        "11:04",
        "12:04",
        "13:04",
        "14:04",
        "15:07",
        "16:07",
        "17:04",
        "18:04"
    ],
    "url": "https://www.kanachu.co.jp/dia/diagram/timetable01_js/course:0000802279-19/node:00129715/kt:0/lname:/"
}
