{
    "date": "2025/11/16",
    "name": "鶴ヶ峰駅",
    "position": "-",
    "system": "横52",
    "destinations": [
        "白根町",
        "白根不動入口",
        "下白根橋",
        "西谷(横浜市旭区)",
        "西谷駅前",
        "梅の木(横浜市保土ケ谷区)",
        "西谷妙福寺前",
        "川島町(横浜市保土ケ谷区)",
        "杉山神社前(横浜市保土ケ谷区)",
        "上星川",
        "保土ヶ谷中学校前",
        "和田町(横浜市保土ケ谷区)",
        "常盤園下",
        "峰岡町",
        "峯小学校前",
        "宮田町(横浜市保土ケ谷区)",
        "洪福寺",
        "浅間町車庫前",
        "浅岡橋",
        "浅間下(横浜市西区)",
        "楠町",
        "鶴屋町三丁目",
        "横浜駅西口"
    ],
    "weekday": [
        "7:20",
        "8:25",
        "9:14",
        "10:26",
        "11:30",
        "12:30",
        "13:28",
        "14:30",
        "15:26",
        "16:35",
        "17:33",
        "18:32"
    ],
    "saturday": [
        "7:19",
        "9:29",
        "10:23",
        "11:23",
        "12:15",
        "13:15",
        "14:15",
        "15:20",
        "16:15",
        "17:20",
        "18:15",
        "21:02"
    ],
    "holiday": [
        "9:34",
        "10:21",
        "11:15",
        "12:15",
        "13:15",
        "14:15",
        "15:18",
        "16:18",
        "17:15",
        "18:15"
    ],
    "url": "https://www.kanachu.co.jp/dia/diagram/timetable01_js/course:0000802279-25/node:00102756/kt:0/lname:/"
}
