{
    "date": "2025/11/16",
    "name": "白根不動入口",
    "position": "-",
    "system": "横52",
    "destinations": [
        "下白根橋",
        "西谷(横浜市旭区)",
        "西谷駅前",
        "梅の木(横浜市保土ケ谷区)",
        "西谷妙福寺前",
        "川島町(横浜市保土ケ谷区)",
        "杉山神社前(横浜市保土ケ谷区)",
        "上星川",
        "保土ヶ谷中学校前",
        "和田町(横浜市保土ケ谷区)",
        "常盤園下",
        "峰岡町",
        "峯小学校前",
        "宮田町(横浜市保土ケ谷区)",
        "洪福寺",
        "浅間町車庫前",
        "浅岡橋",
        "浅間下(横浜市西区)",
        "楠町",
        "鶴屋町三丁目",
        "横浜駅西口"
    ],
    "weekday": [
        "7:23",
        "8:28",
        "9:17",
        "10:29",
        "11:33",
        "12:33",
        "13:31",
        "14:33",
        "15:29",
        "16:38",
        "17:36",
        "18:35"
    ],
    "saturday": [
        "7:22",
        "9:32",
        "10:26",
        "11:26",
        "12:18",
        "13:18",
        "14:18",
        "15:23",
        "16:18",
        "17:23",
        "18:18",
        "21:06"
    ],
    "holiday": [
        "9:37",
        "10:24",
        "11:18",
        "12:18",
        "13:18",
        "14:18",
        "15:21",
        "16:21",
        "17:18",
        "18:18"
    ],
    "url": "https://www.kanachu.co.jp/dia/diagram/timetable01_js/course:0000802279-27/node:00102605/kt:0/lname:/"
}
