{
    "date": "2025/11/16",
    "name": "下白根橋",
    "position": "-",
    "system": "横52",
    "destinations": [
        "西谷(横浜市旭区)",
        "西谷駅前",
        "梅の木(横浜市保土ケ谷区)",
        "西谷妙福寺前",
        "川島町(横浜市保土ケ谷区)",
        "杉山神社前(横浜市保土ケ谷区)",
        "上星川",
        "保土ヶ谷中学校前",
        "和田町(横浜市保土ケ谷区)",
        "常盤園下",
        "峰岡町",
        "峯小学校前",
        "宮田町(横浜市保土ケ谷区)",
        "洪福寺",
        "浅間町車庫前",
        "浅岡橋",
        "浅間下(横浜市西区)",
        "楠町",
        "鶴屋町三丁目",
        "横浜駅西口"
    ],
    "weekday": [
        "7:24",
        "8:29",
        "9:18",
        "10:30",
        "11:34",
        "12:34",
        "13:32",
        "14:34",
        "15:30",
        "16:39",
        "17:37",
        "18:36"
    ],
    "saturday": [
        "7:23",
        "9:33",
        "10:27",
        "11:27",
        "12:19",
        "13:19",
        "14:19",
        "15:24",
        "16:19",
        "17:24",
        "18:19",
        "21:07"
    ],
    "holiday": [
        "9:38",
        "10:25",
        "11:19",
        "12:19",
        "13:19",
        "14:19",
        "15:22",
        "16:22",
        "17:19",
        "18:19"
    ],
    "url": "https://www.kanachu.co.jp/dia/diagram/timetable01_js/course:0000802279-28/node:00102591/kt:0/lname:/"
}
