{
    "date": "2025/11/16",
    "name": "和田町(横浜市保土ケ谷区)",
    "position": "-",
    "system": "横52",
    "destinations": [
        "常盤園下",
        "峰岡町",
        "峯小学校前",
        "宮田町(横浜市保土ケ谷区)",
        "洪福寺",
        "浅間町車庫前",
        "浅岡橋",
        "浅間下(横浜市西区)",
        "楠町",
        "鶴屋町三丁目",
        "横浜駅西口"
    ],
    "weekday": [
        "7:36",
        "8:41",
        "9:30",
        "10:42",
        "11:46",
        "12:46",
        "13:44",
        "14:46",
        "15:42",
        "16:51",
        "17:49",
        "18:48"
    ],
    "saturday": [
        "7:35",
        "9:45",
        "10:39",
        "11:39",
        "12:31",
        "13:31",
        "14:31",
        "15:36",
        "16:31",
        "17:36",
        "18:31",
        "21:19"
    ],
    "holiday": [
        "9:50",
        "10:37",
        "11:31",
        "12:31",
        "13:31",
        "14:31",
        "15:34",
        "16:34",
        "17:31",
        "18:31"
    ],
    "url": "https://www.kanachu.co.jp/dia/diagram/timetable01_js/course:0000802279-37/node:00103260/kt:0/lname:/"
}
