{
    "date": "2025/11/16",
    "name": "峰岡町",
    "position": "-",
    "system": "横52",
    "destinations": [
        "峯小学校前",
        "宮田町(横浜市保土ケ谷区)",
        "洪福寺",
        "浅間町車庫前",
        "浅岡橋",
        "浅間下(横浜市西区)",
        "楠町",
        "鶴屋町三丁目",
        "横浜駅西口"
    ],
    "weekday": [
        "7:38",
        "8:43",
        "9:32",
        "10:44",
        "11:48",
        "12:48",
        "13:46",
        "14:48",
        "15:44",
        "16:53",
        "17:51",
        "18:50"
    ],
    "saturday": [
        "7:37",
        "9:47",
        "10:41",
        "11:41",
        "12:33",
        "13:33",
        "14:33",
        "15:38",
        "16:33",
        "17:38",
        "18:33",
        "21:21"
    ],
    "holiday": [
        "9:52",
        "10:39",
        "11:33",
        "12:33",
        "13:33",
        "14:33",
        "15:36",
        "16:36",
        "17:33",
        "18:33"
    ],
    "url": "https://www.kanachu.co.jp/dia/diagram/timetable01_js/course:0000802279-39/node:00103136/kt:0/lname:/"
}
