{
    "date": "2025/11/16",
    "name": "浅岡橋",
    "position": "-",
    "system": "横52",
    "destinations": [
        "浅間下(横浜市西区)",
        "楠町",
        "鶴屋町三丁目",
        "横浜駅西口"
    ],
    "weekday": [
        "7:44",
        "8:49",
        "9:38",
        "10:50",
        "11:54",
        "12:54",
        "13:52",
        "14:54",
        "15:50",
        "16:59",
        "17:57",
        "18:56"
    ],
    "saturday": [
        "7:42",
        "9:52",
        "10:46",
        "11:46",
        "12:38",
        "13:38",
        "14:38",
        "15:43",
        "16:38",
        "17:43",
        "18:38",
        "21:26"
    ],
    "holiday": [
        "9:57",
        "10:44",
        "11:38",
        "12:38",
        "13:38",
        "14:38",
        "15:41",
        "16:41",
        "17:38",
        "18:38"
    ],
    "url": "https://www.kanachu.co.jp/dia/diagram/timetable01_js/course:0000802279-44/node:00102205/kt:0/lname:/"
}
