{
    "date": "2025/04/19",
    "name": "相模原三丁目",
    "position": "-",
    "system": "相05",
    "destinations": [
        "相模原五丁目",
        "西門前(相模原市中央区)",
        "グリーンプラザ(相模原市中央区)",
        "市役所前(相模原市中央区)",
        "市民会館前(相模原市中央区)",
        "税務署前(相模原市中央区)",
        "富士見団地入口",
        "相生(相模原市中央区)",
        "相生三丁目",
        "弥栄二丁目",
        "青葉児童館前",
        "和泉短大前",
        "淵野辺公園",
        "大野台三丁目",
        "松が丘(相模原市南区)",
        "ゴルフ場前(相模原市南区)",
        "大野台四丁目",
        "大野台八丁目",
        "大野台入口",
        "オルガノ前",
        "大沼",
        "大沼小学校前",
        "東通り(相模原市南区)",
        "団地入口(相模原市南区)",
        "小沼(相模原市南区)",
        "南中前(相模原市南区)",
        "グリーンホール前",
        "相模大野駅北口"
    ],
    "weekday": [
        "5:55",
        "6:07",
        "6:20",
        "6:30",
        "6:40",
        "6:50",
        "7:00",
        "7:15",
        "7:30",
        "7:45",
        "8:00",
        "8:15",
        "8:35",
        "8:55",
        "9:20",
        "9:50",
        "10:20",
        "10:50",
        "11:20",
        "11:50",
        "12:20",
        "12:50",
        "13:20",
        "13:50",
        "14:20",
        "14:50",
        "15:20",
        "15:50",
        "16:20",
        "16:50",
        "17:20",
        "17:50",
        "18:20",
        "18:50",
        "19:20",
        "19:50",
        "20:20",
        "20:50",
        "21:20",
        "21:50"
    ],
    "saturday": [
        "6:15",
        "6:45",
        "7:15",
        "7:45",
        "8:15",
        "8:45",
        "9:15",
        "9:45",
        "10:15",
        "10:45",
        "11:15",
        "11:45",
        "12:15",
        "12:45",
        "13:15",
        "13:45",
        "14:15",
        "14:45",
        "15:15",
        "15:45",
        "16:15",
        "16:45",
        "17:15",
        "17:45",
        "18:15",
        "18:45",
        "19:15",
        "19:45",
        "20:15",
        "20:45",
        "21:15"
    ],
    "holiday": [
        "6:15",
        "6:45",
        "7:15",
        "7:45",
        "8:15",
        "8:45",
        "9:15",
        "9:45",
        "10:15",
        "10:45",
        "11:15",
        "11:45",
        "12:15",
        "12:45",
        "13:15",
        "13:45",
        "14:15",
        "14:45",
        "15:15",
        "15:45",
        "16:15",
        "16:45",
        "17:15",
        "17:45",
        "18:15",
        "18:45",
        "19:15",
        "19:45",
        "20:15",
        "20:45"
    ],
    "url": "https://www.kanachu.co.jp/dia/diagram/timetable01_js/course:0000802411-2/node:00128541/kt:0/lname:/"
}
