{
    "date": "2025/04/19",
    "name": "弥栄二丁目",
    "position": "-",
    "system": "相05",
    "destinations": [
        "青葉児童館前",
        "和泉短大前",
        "淵野辺公園",
        "大野台三丁目",
        "松が丘(相模原市南区)",
        "ゴルフ場前(相模原市南区)",
        "大野台四丁目",
        "大野台八丁目",
        "大野台入口",
        "オルガノ前",
        "大沼",
        "大沼小学校前",
        "東通り(相模原市南区)",
        "団地入口(相模原市南区)",
        "小沼(相模原市南区)",
        "南中前(相模原市南区)",
        "グリーンホール前",
        "相模大野駅北口"
    ],
    "weekday": [
        "6:07",
        "6:19",
        "6:32",
        "6:42",
        "6:52",
        "7:03",
        "7:15",
        "7:30",
        "7:45",
        "8:00",
        "8:15",
        "8:30",
        "8:50",
        "9:10",
        "9:35",
        "10:05",
        "10:35",
        "11:05",
        "11:35",
        "12:05",
        "12:35",
        "13:05",
        "13:35",
        "14:05",
        "14:35",
        "15:05",
        "15:35",
        "16:05",
        "16:35",
        "17:05",
        "17:35",
        "18:05",
        "18:35",
        "19:05",
        "19:35",
        "20:04",
        "20:31",
        "21:01",
        "21:31",
        "22:01"
    ],
    "saturday": [
        "6:27",
        "6:57",
        "7:27",
        "7:57",
        "8:28",
        "8:58",
        "9:28",
        "9:58",
        "10:28",
        "10:58",
        "11:28",
        "11:58",
        "12:28",
        "12:58",
        "13:28",
        "13:58",
        "14:28",
        "14:58",
        "15:28",
        "15:58",
        "16:28",
        "16:58",
        "17:28",
        "17:58",
        "18:28",
        "18:58",
        "19:28",
        "19:58",
        "20:27",
        "20:57",
        "21:27"
    ],
    "holiday": [
        "6:27",
        "6:57",
        "7:27",
        "7:57",
        "8:28",
        "8:58",
        "9:28",
        "9:58",
        "10:28",
        "10:58",
        "11:28",
        "11:58",
        "12:28",
        "12:58",
        "13:28",
        "13:58",
        "14:28",
        "14:58",
        "15:28",
        "15:58",
        "16:28",
        "16:58",
        "17:28",
        "17:58",
        "18:28",
        "18:58",
        "19:28",
        "19:58",
        "20:27",
        "20:57"
    ],
    "url": "https://www.kanachu.co.jp/dia/diagram/timetable01_js/course:0000802411-12/node:00129281/kt:0/lname:/"
}
