{
    "date": "2025/04/19",
    "name": "大野台八丁目",
    "position": "-",
    "system": "相05",
    "destinations": [
        "大野台入口",
        "オルガノ前",
        "大沼",
        "大沼小学校前",
        "東通り(相模原市南区)",
        "団地入口(相模原市南区)",
        "小沼(相模原市南区)",
        "南中前(相模原市南区)",
        "グリーンホール前",
        "相模大野駅北口"
    ],
    "weekday": [
        "6:16",
        "6:28",
        "6:41",
        "6:51",
        "7:01",
        "7:13",
        "7:25",
        "7:40",
        "7:55",
        "8:10",
        "8:25",
        "8:40",
        "9:00",
        "9:20",
        "9:45",
        "10:15",
        "10:45",
        "11:15",
        "11:45",
        "12:15",
        "12:45",
        "13:15",
        "13:45",
        "14:15",
        "14:45",
        "15:15",
        "15:45",
        "16:15",
        "16:45",
        "17:15",
        "17:45",
        "18:15",
        "18:45",
        "19:15",
        "19:45",
        "20:13",
        "20:40",
        "21:10",
        "21:40",
        "22:10"
    ],
    "saturday": [
        "6:36",
        "7:06",
        "7:36",
        "8:07",
        "8:38",
        "9:08",
        "9:38",
        "10:08",
        "10:38",
        "11:08",
        "11:38",
        "12:08",
        "12:38",
        "13:08",
        "13:38",
        "14:08",
        "14:38",
        "15:08",
        "15:38",
        "16:08",
        "16:38",
        "17:08",
        "17:38",
        "18:08",
        "18:38",
        "19:08",
        "19:38",
        "20:07",
        "20:36",
        "21:06",
        "21:36"
    ],
    "holiday": [
        "6:36",
        "7:06",
        "7:36",
        "8:07",
        "8:38",
        "9:08",
        "9:38",
        "10:08",
        "10:38",
        "11:08",
        "11:38",
        "12:08",
        "12:38",
        "13:08",
        "13:38",
        "14:08",
        "14:38",
        "15:08",
        "15:38",
        "16:08",
        "16:38",
        "17:08",
        "17:38",
        "18:08",
        "18:38",
        "19:08",
        "19:38",
        "20:07",
        "20:36",
        "21:06"
    ],
    "url": "https://www.kanachu.co.jp/dia/diagram/timetable01_js/course:0000802411-20/node:00129097/kt:0/lname:/"
}
