{
    "date": "2025/04/19",
    "name": "オルガノ前",
    "position": "-",
    "system": "相05",
    "destinations": [
        "大沼",
        "大沼小学校前",
        "東通り(相模原市南区)",
        "団地入口(相模原市南区)",
        "小沼(相模原市南区)",
        "南中前(相模原市南区)",
        "グリーンホール前",
        "相模大野駅北口"
    ],
    "weekday": [
        "6:18",
        "6:30",
        "6:43",
        "6:53",
        "7:04",
        "7:16",
        "7:28",
        "7:43",
        "7:58",
        "8:13",
        "8:28",
        "8:43",
        "9:03",
        "9:23",
        "9:48",
        "10:18",
        "10:48",
        "11:18",
        "11:48",
        "12:18",
        "12:48",
        "13:18",
        "13:48",
        "14:18",
        "14:48",
        "15:18",
        "15:48",
        "16:18",
        "16:48",
        "17:18",
        "17:48",
        "18:18",
        "18:48",
        "19:18",
        "19:48",
        "20:15",
        "20:42",
        "21:12",
        "21:42",
        "22:12"
    ],
    "saturday": [
        "6:38",
        "7:08",
        "7:38",
        "8:10",
        "8:41",
        "9:11",
        "9:41",
        "10:11",
        "10:41",
        "11:11",
        "11:41",
        "12:11",
        "12:41",
        "13:11",
        "13:41",
        "14:11",
        "14:41",
        "15:11",
        "15:41",
        "16:11",
        "16:41",
        "17:11",
        "17:41",
        "18:11",
        "18:41",
        "19:11",
        "19:41",
        "20:09",
        "20:38",
        "21:08",
        "21:38"
    ],
    "holiday": [
        "6:38",
        "7:08",
        "7:38",
        "8:10",
        "8:41",
        "9:11",
        "9:41",
        "10:11",
        "10:41",
        "11:11",
        "11:41",
        "12:11",
        "12:41",
        "13:11",
        "13:41",
        "14:11",
        "14:41",
        "15:11",
        "15:41",
        "16:11",
        "16:41",
        "17:11",
        "17:41",
        "18:11",
        "18:41",
        "19:11",
        "19:41",
        "20:09",
        "20:38",
        "21:08"
    ],
    "url": "https://www.kanachu.co.jp/dia/diagram/timetable01_js/course:0000802411-22/node:00129197/kt:0/lname:/"
}
