{
    "date": "2025/04/19",
    "name": "大沼",
    "position": "-",
    "system": "相05",
    "destinations": [
        "大沼小学校前",
        "東通り(相模原市南区)",
        "団地入口(相模原市南区)",
        "小沼(相模原市南区)",
        "南中前(相模原市南区)",
        "グリーンホール前",
        "相模大野駅北口"
    ],
    "weekday": [
        "6:19",
        "6:31",
        "6:44",
        "6:54",
        "7:05",
        "7:17",
        "7:29",
        "7:44",
        "7:59",
        "8:14",
        "8:29",
        "8:44",
        "9:04",
        "9:24",
        "9:49",
        "10:19",
        "10:49",
        "11:19",
        "11:49",
        "12:19",
        "12:49",
        "13:19",
        "13:49",
        "14:19",
        "14:49",
        "15:19",
        "15:49",
        "16:19",
        "16:49",
        "17:19",
        "17:49",
        "18:19",
        "18:49",
        "19:19",
        "19:49",
        "20:16",
        "20:43",
        "21:13",
        "21:43",
        "22:13"
    ],
    "saturday": [
        "6:39",
        "7:09",
        "7:39",
        "8:11",
        "8:42",
        "9:12",
        "9:42",
        "10:12",
        "10:42",
        "11:12",
        "11:42",
        "12:12",
        "12:42",
        "13:12",
        "13:42",
        "14:12",
        "14:42",
        "15:12",
        "15:42",
        "16:12",
        "16:42",
        "17:12",
        "17:42",
        "18:12",
        "18:42",
        "19:12",
        "19:42",
        "20:10",
        "20:39",
        "21:09",
        "21:39"
    ],
    "holiday": [
        "6:39",
        "7:09",
        "7:39",
        "8:11",
        "8:42",
        "9:12",
        "9:42",
        "10:12",
        "10:42",
        "11:12",
        "11:42",
        "12:12",
        "12:42",
        "13:12",
        "13:42",
        "14:12",
        "14:42",
        "15:12",
        "15:42",
        "16:12",
        "16:42",
        "17:12",
        "17:42",
        "18:12",
        "18:42",
        "19:12",
        "19:42",
        "20:10",
        "20:39",
        "21:09"
    ],
    "url": "https://www.kanachu.co.jp/dia/diagram/timetable01_js/course:0000802411-23/node:00129089/kt:0/lname:/"
}
