{
    "date": "2025/04/19",
    "name": "大沼小学校前",
    "position": "-",
    "system": "相05",
    "destinations": [
        "東通り(相模原市南区)",
        "団地入口(相模原市南区)",
        "小沼(相模原市南区)",
        "南中前(相模原市南区)",
        "グリーンホール前",
        "相模大野駅北口"
    ],
    "weekday": [
        "6:21",
        "6:33",
        "6:46",
        "6:56",
        "7:07",
        "7:19",
        "7:31",
        "7:46",
        "8:01",
        "8:16",
        "8:31",
        "8:46",
        "9:06",
        "9:26",
        "9:51",
        "10:21",
        "10:51",
        "11:21",
        "11:51",
        "12:21",
        "12:51",
        "13:21",
        "13:51",
        "14:21",
        "14:51",
        "15:21",
        "15:51",
        "16:21",
        "16:51",
        "17:21",
        "17:51",
        "18:21",
        "18:51",
        "19:21",
        "19:51",
        "20:18",
        "20:45",
        "21:15",
        "21:45",
        "22:15"
    ],
    "saturday": [
        "6:41",
        "7:11",
        "7:41",
        "8:13",
        "8:44",
        "9:14",
        "9:44",
        "10:14",
        "10:44",
        "11:14",
        "11:44",
        "12:14",
        "12:44",
        "13:14",
        "13:44",
        "14:14",
        "14:44",
        "15:14",
        "15:44",
        "16:14",
        "16:44",
        "17:14",
        "17:44",
        "18:14",
        "18:44",
        "19:14",
        "19:44",
        "20:12",
        "20:41",
        "21:11",
        "21:41"
    ],
    "holiday": [
        "6:41",
        "7:11",
        "7:41",
        "8:13",
        "8:44",
        "9:14",
        "9:44",
        "10:14",
        "10:44",
        "11:14",
        "11:44",
        "12:14",
        "12:44",
        "13:14",
        "13:44",
        "14:14",
        "14:44",
        "15:14",
        "15:44",
        "16:14",
        "16:44",
        "17:14",
        "17:44",
        "18:14",
        "18:44",
        "19:14",
        "19:44",
        "20:12",
        "20:41",
        "21:11"
    ],
    "url": "https://www.kanachu.co.jp/dia/diagram/timetable01_js/course:0000802411-24/node:00129088/kt:0/lname:/"
}
