{
    "date": "2025/04/19",
    "name": "東通り(相模原市南区)",
    "position": "-",
    "system": "相05",
    "destinations": [
        "団地入口(相模原市南区)",
        "小沼(相模原市南区)",
        "南中前(相模原市南区)",
        "グリーンホール前",
        "相模大野駅北口"
    ],
    "weekday": [
        "6:22",
        "6:34",
        "6:47",
        "6:57",
        "7:08",
        "7:20",
        "7:32",
        "7:47",
        "8:02",
        "8:17",
        "8:32",
        "8:47",
        "9:07",
        "9:27",
        "9:52",
        "10:22",
        "10:52",
        "11:22",
        "11:52",
        "12:22",
        "12:52",
        "13:22",
        "13:52",
        "14:22",
        "14:52",
        "15:22",
        "15:52",
        "16:22",
        "16:52",
        "17:22",
        "17:52",
        "18:22",
        "18:52",
        "19:22",
        "19:52",
        "20:19",
        "20:46",
        "21:16",
        "21:46",
        "22:16"
    ],
    "saturday": [
        "6:42",
        "7:12",
        "7:42",
        "8:14",
        "8:45",
        "9:15",
        "9:45",
        "10:15",
        "10:45",
        "11:15",
        "11:45",
        "12:15",
        "12:45",
        "13:15",
        "13:45",
        "14:15",
        "14:45",
        "15:15",
        "15:45",
        "16:15",
        "16:45",
        "17:15",
        "17:45",
        "18:15",
        "18:45",
        "19:15",
        "19:45",
        "20:13",
        "20:42",
        "21:12",
        "21:42"
    ],
    "holiday": [
        "6:42",
        "7:12",
        "7:42",
        "8:14",
        "8:45",
        "9:15",
        "9:45",
        "10:15",
        "10:45",
        "11:15",
        "11:45",
        "12:15",
        "12:45",
        "13:15",
        "13:45",
        "14:15",
        "14:45",
        "15:15",
        "15:45",
        "16:15",
        "16:45",
        "17:15",
        "17:45",
        "18:15",
        "18:45",
        "19:15",
        "19:45",
        "20:13",
        "20:42",
        "21:12"
    ],
    "url": "https://www.kanachu.co.jp/dia/diagram/timetable01_js/course:0000802411-25/node:00129237/kt:0/lname:/"
}
