{
    "date": "2025/04/19",
    "name": "小沼(相模原市南区)",
    "position": "-",
    "system": "相05",
    "destinations": [
        "南中前(相模原市南区)",
        "グリーンホール前",
        "相模大野駅北口"
    ],
    "weekday": [
        "6:24",
        "6:36",
        "6:49",
        "6:59",
        "7:11",
        "7:23",
        "7:35",
        "7:50",
        "8:05",
        "8:20",
        "8:35",
        "8:50",
        "9:10",
        "9:30",
        "9:55",
        "10:25",
        "10:55",
        "11:25",
        "11:55",
        "12:25",
        "12:55",
        "13:25",
        "13:55",
        "14:25",
        "14:55",
        "15:25",
        "15:55",
        "16:25",
        "16:55",
        "17:25",
        "17:55",
        "18:25",
        "18:55",
        "19:25",
        "19:55",
        "20:21",
        "20:48",
        "21:18",
        "21:48",
        "22:18"
    ],
    "saturday": [
        "6:44",
        "7:14",
        "7:44",
        "8:17",
        "8:48",
        "9:18",
        "9:48",
        "10:18",
        "10:48",
        "11:18",
        "11:48",
        "12:18",
        "12:48",
        "13:18",
        "13:48",
        "14:18",
        "14:48",
        "15:18",
        "15:48",
        "16:18",
        "16:48",
        "17:18",
        "17:48",
        "18:18",
        "18:48",
        "19:18",
        "19:48",
        "20:15",
        "20:44",
        "21:14",
        "21:44"
    ],
    "holiday": [
        "6:44",
        "7:14",
        "7:44",
        "8:17",
        "8:48",
        "9:18",
        "9:48",
        "10:18",
        "10:48",
        "11:18",
        "11:48",
        "12:18",
        "12:48",
        "13:18",
        "13:48",
        "14:18",
        "14:48",
        "15:18",
        "15:48",
        "16:18",
        "16:48",
        "17:18",
        "17:48",
        "18:18",
        "18:48",
        "19:18",
        "19:48",
        "20:15",
        "20:44",
        "21:14"
    ],
    "url": "https://www.kanachu.co.jp/dia/diagram/timetable01_js/course:0000802411-27/node:00129137/kt:0/lname:/"
}
