{
    "date": "2025/04/19",
    "name": "南中前(相模原市南区)",
    "position": "-",
    "system": "相05",
    "destinations": [
        "グリーンホール前",
        "相模大野駅北口"
    ],
    "weekday": [
        "6:25",
        "6:37",
        "6:50",
        "7:00",
        "7:12",
        "7:24",
        "7:36",
        "7:51",
        "8:06",
        "8:21",
        "8:36",
        "8:51",
        "9:11",
        "9:31",
        "9:56",
        "10:26",
        "10:56",
        "11:26",
        "11:56",
        "12:26",
        "12:56",
        "13:26",
        "13:56",
        "14:26",
        "14:56",
        "15:26",
        "15:56",
        "16:26",
        "16:56",
        "17:26",
        "17:56",
        "18:26",
        "18:56",
        "19:26",
        "19:56",
        "20:22",
        "20:49",
        "21:19",
        "21:49",
        "22:19"
    ],
    "saturday": [
        "6:45",
        "7:15",
        "7:45",
        "8:18",
        "8:49",
        "9:19",
        "9:49",
        "10:19",
        "10:49",
        "11:19",
        "11:49",
        "12:19",
        "12:49",
        "13:19",
        "13:49",
        "14:19",
        "14:49",
        "15:19",
        "15:49",
        "16:19",
        "16:49",
        "17:19",
        "17:49",
        "18:19",
        "18:49",
        "19:19",
        "19:49",
        "20:16",
        "20:45",
        "21:15",
        "21:45"
    ],
    "holiday": [
        "6:45",
        "7:15",
        "7:45",
        "8:18",
        "8:49",
        "9:19",
        "9:49",
        "10:19",
        "10:49",
        "11:19",
        "11:49",
        "12:19",
        "12:49",
        "13:19",
        "13:49",
        "14:19",
        "14:49",
        "15:19",
        "15:49",
        "16:19",
        "16:49",
        "17:19",
        "17:49",
        "18:19",
        "18:49",
        "19:19",
        "19:49",
        "20:16",
        "20:45",
        "21:15"
    ],
    "url": "https://www.kanachu.co.jp/dia/diagram/timetable01_js/course:0000802411-28/node:00129205/kt:0/lname:/"
}
