{
    "date": "2025/11/16",
    "name": "石神(横浜市緑区)",
    "position": "-",
    "system": "",
    "destinations": [
        "白山ハイテクパーク",
        "緑車庫前",
        "白山一丁目(横浜市緑区)",
        "鴨居橋",
        "中村通",
        "鴨居町",
        "竹山団地入口",
        "幼稚園前(横浜市緑区)",
        "竹山団地中央",
        "竹山団地"
    ],
    "weekday": [
        "10:18",
        "11:16",
        "12:16",
        "13:14",
        "14:11",
        "15:05",
        "15:56",
        "16:46"
    ],
    "saturday": [
        "11:01",
        "12:01",
        "13:06",
        "14:14",
        "14:58",
        "16:01",
        "16:54"
    ],
    "holiday": [
        "10:45",
        "11:46",
        "13:26",
        "14:26",
        "15:11",
        "16:05"
    ],
    "url": "https://www.kanachu.co.jp/dia/diagram/timetable01_js/course:0000802251-6/node:00102236/kt:0/lname:/"
}
