{
    "date": "2025/11/16",
    "name": "竹山団地入口",
    "position": "-",
    "system": "",
    "destinations": [
        "幼稚園前(横浜市緑区)",
        "竹山団地中央",
        "竹山団地"
    ],
    "weekday": [
        "10:27",
        "11:25",
        "12:25",
        "13:23",
        "14:20",
        "15:14",
        "16:05",
        "16:55"
    ],
    "saturday": [
        "11:10",
        "12:10",
        "13:15",
        "14:23",
        "15:07",
        "16:10",
        "17:03"
    ],
    "holiday": [
        "10:53",
        "11:55",
        "13:35",
        "14:35",
        "15:20",
        "16:14"
    ],
    "url": "https://www.kanachu.co.jp/dia/diagram/timetable01_js/course:0000802251-13/node:00102700/kt:0/lname:/"
}
