{
    "date": "2025/04/19",
    "name": "国立相模原病院",
    "position": "-",
    "system": "小04",
    "destinations": [
        "相模台まちづくりセンター前",
        "ハウス南門前",
        "鶴ヶ丘団地前",
        "二宮神社前(相模原市南区)",
        "小田急相模原駅"
    ],
    "weekday": [
        "7:06",
        "7:22",
        "8:07",
        "8:22",
        "9:16",
        "10:16",
        "11:16",
        "12:16",
        "13:16",
        "14:16",
        "15:17",
        "16:17",
        "17:17",
        "18:17",
        "19:16",
        "20:45"
    ],
    "saturday": [
        "7:30",
        "8:16",
        "11:12",
        "13:12",
        "15:12",
        "17:12",
        "19:16"
    ],
    "holiday": [
        "8:15",
        "9:16",
        "11:11",
        "13:11",
        "15:16",
        "16:16",
        "18:16",
        "19:16"
    ],
    "url": "https://www.kanachu.co.jp/dia/diagram/timetable01_js/course:0000801917-9/node:00129692/kt:0/lname:/"
}
