{
    "date": "",
    "name": "変電所前(中郡大磯町)",
    "position": "-",
    "system": "平36",
    "destinations": [
        "槇の木",
        "国府新宿",
        "天の杜",
        "月京",
        "おおいそ学園入口",
        "西生沢",
        "生沢",
        "普門寺入口",
        "寺坂宮前",
        "王福寺",
        "上寺坂",
        "上出縄",
        "下出縄",
        "小向(平塚市)",
        "万田自治会館前",
        "上万田",
        "下万田",
        "上山下(平塚市)",
        "山下(平塚市)",
        "高根(平塚市)",
        "高麗清水",
        "花水橋",
        "古花水",
        "柳町(平塚市)",
        "豊田道",
        "八間通り",
        "平塚文化芸術ホール前",
        "銀座通り(平塚市)",
        "平塚駅北口"
    ],
    "weekday": [],
    "saturday": [],
    "holiday": [],
    "url": "https://www.kanachu.co.jp/dia/diagram/timetable01_js/course:0000802280-5/node:00127485/kt:0/lname:/"
}
