{
    "date": "",
    "name": "上出縄",
    "position": "-",
    "system": "平36",
    "destinations": [
        "下出縄",
        "小向(平塚市)",
        "万田自治会館前",
        "上万田",
        "下万田",
        "上山下(平塚市)",
        "山下(平塚市)",
        "高根(平塚市)",
        "高麗清水",
        "花水橋",
        "古花水",
        "柳町(平塚市)",
        "豊田道",
        "八間通り",
        "平塚文化芸術ホール前",
        "銀座通り(平塚市)",
        "平塚駅北口"
    ],
    "weekday": [],
    "saturday": [],
    "holiday": [],
    "url": "https://www.kanachu.co.jp/dia/diagram/timetable01_js/course:0000802280-17/node:00127541/kt:0/lname:/"
}
