{
    "system": "平36",
    "busstops": [
        {
            "index": "1",
            "id": "00127489",
            "name": "二宮駅南口",
            "lat": "35.298655",
            "lng": "139.258528"
        },
        {
            "index": "2",
            "id": "00127488",
            "name": "秦野道",
            "lat": "35.298349",
            "lng": "139.259524"
        },
        {
            "index": "3",
            "id": "00127487",
            "name": "塩海橋",
            "lat": "35.29981",
            "lng": "139.263095"
        },
        {
            "index": "4",
            "id": "00127486",
            "name": "下町(中郡二宮町)",
            "lat": "35.301029",
            "lng": "139.266358"
        },
        {
            "index": "5",
            "id": "00127485",
            "name": "変電所前(中郡大磯町)",
            "lat": "35.302202",
            "lng": "139.26884"
        },
        {
            "index": "6",
            "id": "00127484",
            "name": "槇の木",
            "lat": "35.303376",
            "lng": "139.271573"
        },
        {
            "index": "7",
            "id": "00127483",
            "name": "国府新宿",
            "lat": "35.304269",
            "lng": "139.275972"
        },
        {
            "index": "8",
            "id": "00127505",
            "name": "天の杜",
            "lat": "35.307427",
            "lng": "139.277489"
        },
        {
            "index": "9",
            "id": "00127549",
            "name": "月京",
            "lat": "35.310018",
            "lng": "139.277436"
        },
        {
            "index": "10",
            "id": "00127548",
            "name": "おおいそ学園入口",
            "lat": "35.314422",
            "lng": "139.277764"
        },
        {
            "index": "11",
            "id": "00127547",
            "name": "西生沢",
            "lat": "35.3189",
            "lng": "139.278249"
        },
        {
            "index": "12",
            "id": "00127546",
            "name": "生沢",
            "lat": "35.321443",
            "lng": "139.280274"
        },
        {
            "index": "13",
            "id": "00127545",
            "name": "普門寺入口",
            "lat": "35.32273",
            "lng": "139.283819"
        },
        {
            "index": "14",
            "id": "00127544",
            "name": "寺坂宮前",
            "lat": "35.324249",
            "lng": "139.285314"
        },
        {
            "index": "15",
            "id": "00127543",
            "name": "王福寺",
            "lat": "35.325266",
            "lng": "139.288186"
        },
        {
            "index": "16",
            "id": "00127542",
            "name": "上寺坂",
            "lat": "35.327537",
            "lng": "139.290443"
        },
        {
            "index": "17",
            "id": "00127541",
            "name": "上出縄",
            "lat": "35.330995",
            "lng": "139.297909"
        },
        {
            "index": "18",
            "id": "00127540",
            "name": "下出縄",
            "lat": "35.329628",
            "lng": "139.302329"
        },
        {
            "index": "19",
            "id": "00127539",
            "name": "小向(平塚市)",
            "lat": "35.326602",
            "lng": "139.302028"
        },
        {
            "index": "20",
            "id": "00127538",
            "name": "万田自治会館前",
            "lat": "35.325419",
            "lng": "139.305446"
        },
        {
            "index": "21",
            "id": "00127535",
            "name": "上万田",
            "lat": "35.326678",
            "lng": "139.307405"
        },
        {
            "index": "22",
            "id": "00127534",
            "name": "下万田",
            "lat": "35.328678",
            "lng": "139.310969"
        },
        {
            "index": "23",
            "id": "00127533",
            "name": "上山下(平塚市)",
            "lat": "35.328372",
            "lng": "139.313984"
        },
        {
            "index": "24",
            "id": "00127532",
            "name": "山下(平塚市)",
            "lat": "35.326827",
            "lng": "139.31919"
        },
        {
            "index": "25",
            "id": "00127531",
            "name": "高根(平塚市)",
            "lat": "35.326158",
            "lng": "139.322993"
        },
        {
            "index": "26",
            "id": "00127530",
            "name": "高麗清水",
            "lat": "35.325754",
            "lng": "139.325269"
        },
        {
            "index": "27",
            "id": "00127529",
            "name": "花水橋",
            "lat": "35.32399",
            "lng": "139.328054"
        },
        {
            "index": "28",
            "id": "00127470",
            "name": "古花水",
            "lat": "35.325765",
            "lng": "139.332791"
        },
        {
            "index": "29",
            "id": "00127469",
            "name": "柳町(平塚市)",
            "lat": "35.3264",
            "lng": "139.334562"
        },
        {
            "index": "30",
            "id": "00127468",
            "name": "豊田道",
            "lat": "35.327573",
            "lng": "139.338124"
        },
        {
            "index": "31",
            "id": "00127467",
            "name": "八間通り",
            "lat": "35.328369",
            "lng": "139.341444"
        },
        {
            "index": "32",
            "id": "00127466",
            "name": "平塚文化芸術ホール前",
            "lat": "35.32904",
            "lng": "139.344531"
        },
        {
            "index": "33",
            "id": "00127465",
            "name": "銀座通り(平塚市)",
            "lat": "35.329517",
            "lng": "139.346771"
        },
        {
            "index": "34",
            "id": "00127464",
            "name": "平塚駅北口",
            "lat": "35.329356",
            "lng": "139.350577"
        }
    ],
    "route_url": "https://www.kanachu.co.jp/dia/route/index/cid:0000802280/"
}
