{
    "date": "2023/02/18",
    "name": "全農前",
    "position": "-",
    "system": "平07",
    "destinations": [
        "小松前",
        "小松電子前",
        "東八幡工業団地",
        "東八幡五丁目",
        "不動ケミカル前",
        "工業団地(平塚市)",
        "関西ペイント前(平塚市)",
        "古河電工前(平塚市)",
        "古河電工入口",
        "八幡公民館入口",
        "八幡(平塚市)",
        "八幡入口",
        "コンフォール平塚前",
        "市役所前(平塚市)",
        "四ツ角(平塚市)",
        "平塚駅北口"
    ],
    "weekday": [
        "7:04",
        "7:22",
        "7:27",
        "7:37",
        "7:42",
        "7:47",
        "8:02",
        "8:17",
        "8:37",
        "8:47"
    ],
    "saturday": [],
    "holiday": [],
    "url": "https://www.kanachu.co.jp/dia/diagram/timetable01_js/course:0000802855-13/node:00127674/kt:0/lname:/"
}
