{
    "date": "2025/11/25",
    "name": "市立病院前(バイパス側)",
    "position": "-",
    "system": "厚20",
    "destinations": [
        "愛光病院前",
        "戸室",
        "林(厚木市)",
        "穴口橋",
        "及川",
        "千頭",
        "上千頭",
        "ゴルフ場入口(厚木市)",
        "小鮎久保",
        "光福寺(厚木市)",
        "橋場(厚木市)",
        "飯山観音前",
        "尼寺(厚木市)",
        "志田原",
        "飯山温泉入口",
        "上飯山(厚木市)",
        "華厳橋",
        "舟沢",
        "上舟沢",
        "御門橋",
        "尾崎(愛甲郡清川村)",
        "別所温泉入口",
        "郵便局前(愛甲郡清川村)",
        "中里(愛甲郡清川村)",
        "公民館前(愛甲郡清川村)",
        "小学校前(愛甲郡清川村)",
        "清川村役場前",
        "煤ヶ谷",
        "古在家",
        "坂尻(愛甲郡清川村)",
        "柿ノ木平",
        "上煤ヶ谷",
        "土山峠",
        "仏果山登山口",
        "宮ヶ瀬小・中学校前",
        "宮の平(愛甲郡清川村)",
        "三叉路(愛甲郡清川村)",
        "宮ヶ瀬"
    ],
    "weekday": [
        "7:48",
        "8:48",
        "9:46",
        "10:46",
        "11:46",
        "12:46",
        "13:46",
        "14:46",
        "15:46",
        "16:48",
        "17:48",
        "18:48",
        "19:46",
        "20:46",
        "21:46"
    ],
    "saturday": [
        "7:00",
        "7:46",
        "8:46",
        "9:46",
        "10:46",
        "11:46",
        "12:46",
        "13:46",
        "14:46",
        "15:46",
        "16:46",
        "17:46",
        "18:46",
        "19:45"
    ],
    "holiday": [
        "7:00",
        "7:45",
        "8:46",
        "9:46",
        "10:46",
        "11:46",
        "12:46",
        "13:46",
        "14:46",
        "15:46",
        "16:46",
        "17:46",
        "18:46",
        "19:45"
    ],
    "url": "https://www.kanachu.co.jp/dia/diagram/timetable01_js/course:0000802105-5/node:00130292/kt:0/lname:/"
}
