{
    "date": "2025/11/25",
    "name": "光福寺(厚木市)",
    "position": "-",
    "system": "厚20",
    "destinations": [
        "橋場(厚木市)",
        "飯山観音前",
        "尼寺(厚木市)",
        "志田原",
        "飯山温泉入口",
        "上飯山(厚木市)",
        "華厳橋",
        "舟沢",
        "上舟沢",
        "御門橋",
        "尾崎(愛甲郡清川村)",
        "別所温泉入口",
        "郵便局前(愛甲郡清川村)",
        "中里(愛甲郡清川村)",
        "公民館前(愛甲郡清川村)",
        "小学校前(愛甲郡清川村)",
        "清川村役場前",
        "煤ヶ谷",
        "古在家",
        "坂尻(愛甲郡清川村)",
        "柿ノ木平",
        "上煤ヶ谷",
        "土山峠",
        "仏果山登山口",
        "宮ヶ瀬小・中学校前",
        "宮の平(愛甲郡清川村)",
        "三叉路(愛甲郡清川村)",
        "宮ヶ瀬"
    ],
    "weekday": [
        "8:01",
        "9:01",
        "9:59",
        "10:59",
        "11:59",
        "12:59",
        "13:59",
        "14:59",
        "15:59",
        "17:01",
        "18:01",
        "19:01",
        "19:57",
        "20:57",
        "21:57"
    ],
    "saturday": [
        "7:11",
        "7:58",
        "8:58",
        "9:58",
        "10:58",
        "11:58",
        "12:58",
        "13:58",
        "14:58",
        "15:58",
        "16:58",
        "17:58",
        "18:58",
        "19:56"
    ],
    "holiday": [
        "7:11",
        "7:56",
        "8:58",
        "9:58",
        "10:58",
        "11:58",
        "12:58",
        "13:58",
        "14:58",
        "15:58",
        "16:58",
        "17:58",
        "18:58",
        "19:56"
    ],
    "url": "https://www.kanachu.co.jp/dia/diagram/timetable01_js/course:0000802105-15/node:00128406/kt:0/lname:/"
}
