{
    "date": "2025/11/25",
    "name": "志田原",
    "position": "-",
    "system": "厚20",
    "destinations": [
        "飯山温泉入口",
        "上飯山(厚木市)",
        "華厳橋",
        "舟沢",
        "上舟沢",
        "御門橋",
        "尾崎(愛甲郡清川村)",
        "別所温泉入口",
        "郵便局前(愛甲郡清川村)",
        "中里(愛甲郡清川村)",
        "公民館前(愛甲郡清川村)",
        "小学校前(愛甲郡清川村)",
        "清川村役場前",
        "煤ヶ谷",
        "古在家",
        "坂尻(愛甲郡清川村)",
        "柿ノ木平",
        "上煤ヶ谷",
        "土山峠",
        "仏果山登山口",
        "宮ヶ瀬小・中学校前",
        "宮の平(愛甲郡清川村)",
        "三叉路(愛甲郡清川村)",
        "宮ヶ瀬"
    ],
    "weekday": [
        "8:04",
        "9:04",
        "10:02",
        "11:02",
        "12:02",
        "13:02",
        "14:02",
        "15:02",
        "16:02",
        "17:04",
        "18:04",
        "19:04",
        "20:00",
        "21:00",
        "22:00"
    ],
    "saturday": [
        "7:14",
        "8:01",
        "9:01",
        "10:01",
        "11:01",
        "12:01",
        "13:01",
        "14:01",
        "15:01",
        "16:01",
        "17:01",
        "18:01",
        "19:01",
        "19:59"
    ],
    "holiday": [
        "7:14",
        "7:59",
        "9:01",
        "10:01",
        "11:01",
        "12:01",
        "13:01",
        "14:01",
        "15:01",
        "16:01",
        "17:01",
        "18:01",
        "19:01",
        "19:59"
    ],
    "url": "https://www.kanachu.co.jp/dia/diagram/timetable01_js/course:0000802105-19/node:00128410/kt:0/lname:/"
}
