{
    "date": "2025/11/25",
    "name": "飯山温泉入口",
    "position": "-",
    "system": "厚20",
    "destinations": [
        "上飯山(厚木市)",
        "華厳橋",
        "舟沢",
        "上舟沢",
        "御門橋",
        "尾崎(愛甲郡清川村)",
        "別所温泉入口",
        "郵便局前(愛甲郡清川村)",
        "中里(愛甲郡清川村)",
        "公民館前(愛甲郡清川村)",
        "小学校前(愛甲郡清川村)",
        "清川村役場前",
        "煤ヶ谷",
        "古在家",
        "坂尻(愛甲郡清川村)",
        "柿ノ木平",
        "上煤ヶ谷",
        "土山峠",
        "仏果山登山口",
        "宮ヶ瀬小・中学校前",
        "宮の平(愛甲郡清川村)",
        "三叉路(愛甲郡清川村)",
        "宮ヶ瀬"
    ],
    "weekday": [
        "8:05",
        "9:05",
        "10:03",
        "11:03",
        "12:03",
        "13:03",
        "14:03",
        "15:03",
        "16:03",
        "17:05",
        "18:05",
        "19:05",
        "20:01",
        "21:01",
        "22:01"
    ],
    "saturday": [
        "7:15",
        "8:02",
        "9:02",
        "10:02",
        "11:02",
        "12:02",
        "13:02",
        "14:02",
        "15:02",
        "16:02",
        "17:02",
        "18:02",
        "19:02",
        "20:00"
    ],
    "holiday": [
        "7:15",
        "8:00",
        "9:02",
        "10:02",
        "11:02",
        "12:02",
        "13:02",
        "14:02",
        "15:02",
        "16:02",
        "17:02",
        "18:02",
        "19:02",
        "20:00"
    ],
    "url": "https://www.kanachu.co.jp/dia/diagram/timetable01_js/course:0000802105-20/node:00128411/kt:0/lname:/"
}
