{
    "date": "2025/11/25",
    "name": "上煤ヶ谷",
    "position": "-",
    "system": "厚20",
    "destinations": [
        "土山峠",
        "仏果山登山口",
        "宮ヶ瀬小・中学校前",
        "宮の平(愛甲郡清川村)",
        "三叉路(愛甲郡清川村)",
        "宮ヶ瀬"
    ],
    "weekday": [
        "8:20",
        "9:20",
        "10:18",
        "11:18",
        "12:18",
        "13:18",
        "14:18",
        "15:18",
        "16:18",
        "17:20",
        "18:20",
        "19:20",
        "20:16",
        "21:16",
        "22:16"
    ],
    "saturday": [
        "7:30",
        "8:17",
        "9:17",
        "10:17",
        "11:17",
        "12:17",
        "13:17",
        "14:17",
        "15:17",
        "16:17",
        "17:17",
        "18:17",
        "19:17",
        "20:15"
    ],
    "holiday": [
        "7:30",
        "8:15",
        "9:17",
        "10:17",
        "11:17",
        "12:17",
        "13:17",
        "14:17",
        "15:17",
        "16:17",
        "17:17",
        "18:17",
        "19:17",
        "20:15"
    ],
    "url": "https://www.kanachu.co.jp/dia/diagram/timetable01_js/course:0000802105-37/node:00128428/kt:0/lname:/"
}
