{
    "date": "2016/03/26",
    "name": "飯盛山",
    "position": "-",
    "system": "厚22",
    "destinations": [
        "光福寺(厚木市)",
        "小鮎久保",
        "ゴルフ場入口(厚木市)",
        "上千頭",
        "千頭",
        "及川",
        "穴口橋",
        "林(厚木市)",
        "戸室",
        "戸室神社下",
        "戸室住宅前",
        "合同庁舎前(厚木市)",
        "市役所入口(厚木市)",
        "本厚木駅"
    ],
    "weekday": [
        "6:26"
    ],
    "saturday": [],
    "holiday": [],
    "url": "https://www.kanachu.co.jp/dia/diagram/timetable01_js/course:0000800843-29/node:00128434/kt:0/lname:/"
}
