{
    "date": "2026/01/16",
    "name": "落合(綾瀬市)",
    "position": "-",
    "system": "長38",
    "destinations": [
        "上落合(綾瀬市)",
        "大法寺(綾瀬市)",
        "大邸",
        "綾瀬農協前",
        "綾瀬小学校前",
        "中郷(綾瀬市)",
        "綾瀬タウンヒルズ前",
        "綾瀬市役所",
        "市民文化センター前(綾瀬市)",
        "春日原(綾瀬市)",
        "綾瀬車庫(綾瀬市)"
    ],
    "weekday": [
        "8:32",
        "9:47",
        "10:17",
        "10:47",
        "11:17",
        "11:47",
        "12:17",
        "12:47",
        "13:17",
        "13:47",
        "14:17",
        "14:47",
        "15:17",
        "15:47",
        "16:12"
    ],
    "saturday": [],
    "holiday": [],
    "url": "https://www.kanachu.co.jp/dia/diagram/timetable01_js/course:0000804301-6/node:00129850/kt:0/lname:/"
}
