{
    "date": "2025/10/20",
    "name": "成瀬消防出張所前",
    "position": "-",
    "system": "町77",
    "destinations": [
        "成瀬コミュニティセンター前",
        "奈良谷戸入口",
        "山村(町田市)",
        "吹上(町田市)",
        "上和田(横浜市青葉区)",
        "堀の内(横浜市青葉区)",
        "長津田三丁目",
        "長津田駅北口"
    ],
    "weekday": [
        "5:54",
        "6:29",
        "6:59",
        "7:19",
        "7:59",
        "8:35",
        "9:05"
    ],
    "saturday": [
        "6:44",
        "7:44",
        "8:44",
        "9:04"
    ],
    "holiday": [
        "6:44",
        "7:44",
        "8:24",
        "9:04"
    ],
    "url": "https://www.kanachu.co.jp/dia/diagram/timetable01_js/course:0000801961-8/node:00129584/kt:0/lname:/"
}
