{
    "date": "2025/10/20",
    "name": "奈良谷戸入口",
    "position": "-",
    "system": "町77",
    "destinations": [
        "山村(町田市)",
        "吹上(町田市)",
        "上和田(横浜市青葉区)",
        "堀の内(横浜市青葉区)",
        "長津田三丁目",
        "長津田駅北口"
    ],
    "weekday": [
        "5:57",
        "6:32",
        "7:02",
        "7:22",
        "8:02",
        "8:38",
        "9:08"
    ],
    "saturday": [
        "6:47",
        "7:47",
        "8:47",
        "9:07"
    ],
    "holiday": [
        "6:47",
        "7:47",
        "8:27",
        "9:07"
    ],
    "url": "https://www.kanachu.co.jp/dia/diagram/timetable01_js/course:0000801961-10/node:00129586/kt:0/lname:/"
}
