{
    "date": "2024/12/16",
    "name": "小野神社前(町田市)",
    "position": "-",
    "system": "鶴32",
    "destinations": [
        "新屋敷(町田市)",
        "サンシティ町田",
        "五反田(町田市)",
        "下堤(町田市)",
        "岩子山",
        "井の花",
        "大蔵(鶴川郵便局前/町田市)",
        "鶴川市民センター入口",
        "下大蔵",
        "金井入口",
        "上能ヶ谷",
        "鶴川駅西口",
        "鶴川駅"
    ],
    "weekday": [
        "6:34"
    ],
    "saturday": [
        "6:04"
    ],
    "holiday": [
        "6:09"
    ],
    "url": "https://www.kanachu.co.jp/dia/diagram/timetable01_js/course:0000803482-5/node:00129478/kt:0/lname:/"
}
