{
    "system": "鶴32",
    "busstops": [
        {
            "index": "1",
            "id": "00130075",
            "name": "南野二丁目",
            "lat": "35.606972",
            "lng": "139.427164"
        },
        {
            "index": "2",
            "id": "00130076",
            "name": "浅間下(町田市)",
            "lat": "35.603324",
            "lng": "139.431972"
        },
        {
            "index": "3",
            "id": "00130077",
            "name": "小野路",
            "lat": "35.601667",
            "lng": "139.435139"
        },
        {
            "index": "4",
            "id": "00130078",
            "name": "中宿(町田市)",
            "lat": "35.599427",
            "lng": "139.437653"
        },
        {
            "index": "5",
            "id": "00129478",
            "name": "小野神社前(町田市)",
            "lat": "35.598171",
            "lng": "139.439519"
        },
        {
            "index": "6",
            "id": "00129477",
            "name": "新屋敷(町田市)",
            "lat": "35.597021",
            "lng": "139.442309"
        },
        {
            "index": "7",
            "id": "00129514",
            "name": "サンシティ町田",
            "lat": "35.595686",
            "lng": "139.445181"
        },
        {
            "index": "8",
            "id": "00129476",
            "name": "五反田(町田市)",
            "lat": "35.594343",
            "lng": "139.448413"
        },
        {
            "index": "9",
            "id": "00129475",
            "name": "下堤(町田市)",
            "lat": "35.595141",
            "lng": "139.451963"
        },
        {
            "index": "10",
            "id": "00129474",
            "name": "岩子山",
            "lat": "35.593791",
            "lng": "139.456063"
        },
        {
            "index": "11",
            "id": "00129473",
            "name": "井の花",
            "lat": "35.591494",
            "lng": "139.458587"
        },
        {
            "index": "12",
            "id": "00129435",
            "name": "大蔵(鶴川郵便局前/町田市)",
            "lat": "35.588589",
            "lng": "139.462751"
        },
        {
            "index": "13",
            "id": "00129436",
            "name": "鶴川市民センター入口",
            "lat": "35.588281",
            "lng": "139.465066"
        },
        {
            "index": "14",
            "id": "00129437",
            "name": "下大蔵",
            "lat": "35.587149",
            "lng": "139.469776"
        },
        {
            "index": "15",
            "id": "00129438",
            "name": "金井入口",
            "lat": "35.585048",
            "lng": "139.472292"
        },
        {
            "index": "16",
            "id": "00129439",
            "name": "上能ヶ谷",
            "lat": "35.583703",
            "lng": "139.475854"
        },
        {
            "index": "17",
            "id": "00130346",
            "name": "鶴川駅西口",
            "lat": "35.583308",
            "lng": "139.478524"
        },
        {
            "index": "18",
            "id": "00049296",
            "name": "鶴川駅",
            "lat": "35.584013",
            "lng": "139.482612"
        }
    ],
    "route_url": "https://www.kanachu.co.jp/dia/route/index/cid:0000803482/"
}
