{
    "date": "2025/10/01",
    "name": "中里2丁目",
    "position": "-",
    "system": "",
    "destinations": [
        "南5号前",
        "南4号前",
        "団地中央(中郡二宮町)",
        "県営団地入口(二宮町)",
        "中里(中郡二宮町)",
        "中島(中郡二宮町)",
        "元町北(二宮町)",
        "栗谷前",
        "松根",
        "富士見が丘3丁目北",
        "富士見が丘3丁目入口",
        "寿考園前",
        "富士見が丘児童館前",
        "富士見が丘交差点上",
        "ラディアン",
        "二宮駅北口"
    ],
    "weekday": [
        "8:55",
        "13:55"
    ],
    "saturday": [],
    "holiday": [],
    "url": "https://www.kanachu.co.jp/dia/diagram/timetable01_js/course:0000803900-11/node:00130161/kt:0/lname:/"
}
