{
    "date": "2025/10/01",
    "name": "富士見が丘3丁目北",
    "position": "-",
    "system": "ー",
    "destinations": [
        "富士見が丘3丁目入口",
        "寿考園前",
        "富士見が丘児童館前",
        "富士見が丘交差点上",
        "ラディアン",
        "二宮駅北口"
    ],
    "weekday": [
        "9:14",
        "14:14"
    ],
    "saturday": [],
    "holiday": [],
    "url": "https://www.kanachu.co.jp/dia/diagram/timetable01_js/course:0000803900-21/node:00130482/kt:0/lname:/"
}
