{
    "date": "2025/01/14",
    "name": "桜台(愛甲郡愛川町)",
    "position": "-",
    "system": "厚96",
    "destinations": [
        "坂本入口",
        "六本松(厚木市)",
        "中荻原",
        "中平(厚木市)",
        "依知小学校前",
        "関口(厚木市)",
        "蓮生寺(厚木市)",
        "追分(厚木市)",
        "下依知入口",
        "金田神社前",
        "金田(厚木市)",
        "金田下宿",
        "積水ソフランウイズ前",
        "鮎津橋",
        "元町(厚木市)",
        "小田急通り",
        "厚木バスセンター"
    ],
    "weekday": [
        "18:04",
        "19:03"
    ],
    "saturday": [],
    "holiday": [],
    "url": "https://www.kanachu.co.jp/dia/diagram/timetable01_js/course:0000800805-17/node:00128320/kt:0/lname:/"
}
