{
    "date": "2025/07/27",
    "name": "変電所前(中郡大磯町)",
    "position": "-",
    "system": "平47",
    "destinations": [
        "槇の木",
        "国府新宿",
        "大磯プリンスホテル入口",
        "中丸(中郡大磯町)",
        "城山公園前(中郡大磯町)",
        "八坂神社(中郡大磯町)",
        "白岩大門",
        "統監道",
        "大磯小学校前",
        "大磯駅",
        "図書館前(中郡大磯町)",
        "大磯局前",
        "山王町(中郡大磯町)",
        "長者町(中郡大磯町)",
        "化粧坂",
        "花水",
        "古花水",
        "柳町(平塚市)",
        "豊田道",
        "八間通り",
        "平塚文化芸術ホール前",
        "銀座通り(平塚市)",
        "平塚駅北口"
    ],
    "weekday": [
        "5:46",
        "6:21",
        "6:46",
        "7:07",
        "7:29",
        "7:59",
        "8:29",
        "8:59",
        "9:27",
        "9:57",
        "10:27",
        "10:57",
        "11:29",
        "12:29",
        "12:57",
        "13:29",
        "13:58",
        "14:29",
        "15:29",
        "15:57",
        "16:29",
        "16:57",
        "17:29",
        "17:59",
        "18:20",
        "18:47",
        "19:26",
        "19:45",
        "20:15",
        "20:55"
    ],
    "saturday": [
        "6:28",
        "7:08",
        "7:38",
        "8:07",
        "8:37",
        "8:58",
        "9:32",
        "10:07",
        "10:37",
        "11:07",
        "11:37",
        "12:07",
        "12:37",
        "13:07",
        "13:37",
        "14:07",
        "14:37",
        "15:07",
        "15:37",
        "16:07",
        "16:37",
        "17:07",
        "17:34",
        "18:04",
        "18:34",
        "19:04",
        "19:34",
        "20:46"
    ],
    "holiday": [
        "6:28",
        "7:08",
        "7:38",
        "8:07",
        "8:37",
        "8:58",
        "9:32",
        "10:07",
        "10:37",
        "11:07",
        "11:37",
        "12:07",
        "12:37",
        "13:07",
        "13:37",
        "14:07",
        "14:37",
        "15:07",
        "15:37",
        "16:07",
        "16:37",
        "17:07",
        "17:34",
        "18:04",
        "18:34",
        "19:04",
        "19:34",
        "20:46"
    ],
    "url": "https://www.kanachu.co.jp/dia/diagram/timetable01_js/course:0000803812-5/node:00127485/kt:0/lname:/"
}
