{
    "date": "2025/07/27",
    "name": "国府新宿",
    "position": "-",
    "system": "平47",
    "destinations": [
        "大磯プリンスホテル入口",
        "中丸(中郡大磯町)",
        "城山公園前(中郡大磯町)",
        "八坂神社(中郡大磯町)",
        "白岩大門",
        "統監道",
        "大磯小学校前",
        "大磯駅",
        "図書館前(中郡大磯町)",
        "大磯局前",
        "山王町(中郡大磯町)",
        "長者町(中郡大磯町)",
        "化粧坂",
        "花水",
        "古花水",
        "柳町(平塚市)",
        "豊田道",
        "八間通り",
        "平塚文化芸術ホール前",
        "銀座通り(平塚市)",
        "平塚駅北口"
    ],
    "weekday": [
        "5:48",
        "6:23",
        "6:48",
        "7:09",
        "7:31",
        "8:01",
        "8:31",
        "9:01",
        "9:29",
        "9:59",
        "10:29",
        "10:59",
        "11:31",
        "12:31",
        "12:59",
        "13:31",
        "14:00",
        "14:31",
        "15:31",
        "15:59",
        "16:31",
        "16:59",
        "17:31",
        "18:01",
        "18:22",
        "18:49",
        "19:28",
        "19:47",
        "20:17",
        "20:57"
    ],
    "saturday": [
        "6:30",
        "7:10",
        "7:40",
        "8:09",
        "8:39",
        "9:00",
        "9:34",
        "10:09",
        "10:39",
        "11:09",
        "11:39",
        "12:09",
        "12:39",
        "13:09",
        "13:39",
        "14:09",
        "14:39",
        "15:09",
        "15:39",
        "16:09",
        "16:39",
        "17:09",
        "17:36",
        "18:06",
        "18:36",
        "19:06",
        "19:36",
        "20:48"
    ],
    "holiday": [
        "6:30",
        "7:10",
        "7:40",
        "8:09",
        "8:39",
        "9:00",
        "9:34",
        "10:09",
        "10:39",
        "11:09",
        "11:39",
        "12:09",
        "12:39",
        "13:09",
        "13:39",
        "14:09",
        "14:39",
        "15:09",
        "15:39",
        "16:09",
        "16:39",
        "17:09",
        "17:36",
        "18:06",
        "18:36",
        "19:06",
        "19:36",
        "20:48"
    ],
    "url": "https://www.kanachu.co.jp/dia/diagram/timetable01_js/course:0000803812-7/node:00127483/kt:0/lname:/"
}
