{
    "date": "2025/07/27",
    "name": "大磯駅",
    "position": "-",
    "system": "平47",
    "destinations": [
        "図書館前(中郡大磯町)",
        "大磯局前",
        "山王町(中郡大磯町)",
        "長者町(中郡大磯町)",
        "化粧坂",
        "花水",
        "古花水",
        "柳町(平塚市)",
        "豊田道",
        "八間通り",
        "平塚文化芸術ホール前",
        "銀座通り(平塚市)",
        "平塚駅北口"
    ],
    "weekday": [
        "5:58",
        "6:33",
        "6:58",
        "7:19",
        "7:43",
        "8:13",
        "8:43",
        "9:12",
        "9:40",
        "10:10",
        "10:40",
        "11:10",
        "11:42",
        "12:42",
        "13:10",
        "13:42",
        "14:11",
        "14:42",
        "15:42",
        "16:10",
        "16:42",
        "17:10",
        "17:42",
        "18:12",
        "18:33",
        "19:00",
        "19:39",
        "19:58",
        "20:28",
        "21:08"
    ],
    "saturday": [
        "6:41",
        "7:21",
        "7:51",
        "8:20",
        "8:50",
        "9:11",
        "9:45",
        "10:20",
        "10:50",
        "11:20",
        "11:50",
        "12:20",
        "12:50",
        "13:20",
        "13:50",
        "14:20",
        "14:50",
        "15:20",
        "15:50",
        "16:20",
        "16:50",
        "17:20",
        "17:47",
        "18:17",
        "18:47",
        "19:17",
        "19:47",
        "20:59"
    ],
    "holiday": [
        "6:41",
        "7:21",
        "7:51",
        "8:20",
        "8:50",
        "9:11",
        "9:45",
        "10:20",
        "10:50",
        "11:20",
        "11:50",
        "12:20",
        "12:50",
        "13:20",
        "13:50",
        "14:20",
        "14:50",
        "15:20",
        "15:50",
        "16:20",
        "16:50",
        "17:20",
        "17:47",
        "18:17",
        "18:47",
        "19:17",
        "19:47",
        "20:59"
    ],
    "url": "https://www.kanachu.co.jp/dia/diagram/timetable01_js/course:0000803812-15/node:00127455/kt:0/lname:/"
}
