{
    "date": "2025/07/27",
    "name": "花水",
    "position": "-",
    "system": "平47",
    "destinations": [
        "古花水",
        "柳町(平塚市)",
        "豊田道",
        "八間通り",
        "平塚文化芸術ホール前",
        "銀座通り(平塚市)",
        "平塚駅北口"
    ],
    "weekday": [
        "6:03",
        "6:38",
        "7:03",
        "7:24",
        "7:51",
        "8:21",
        "8:51",
        "9:17",
        "9:45",
        "10:15",
        "10:45",
        "11:15",
        "11:47",
        "12:47",
        "13:15",
        "13:47",
        "14:16",
        "14:47",
        "15:47",
        "16:16",
        "16:48",
        "17:16",
        "17:48",
        "18:18",
        "18:39",
        "19:05",
        "19:44",
        "20:03",
        "20:33",
        "21:13"
    ],
    "saturday": [
        "6:46",
        "7:26",
        "7:56",
        "8:25",
        "8:55",
        "9:16",
        "9:50",
        "10:25",
        "10:55",
        "11:25",
        "11:55",
        "12:25",
        "12:55",
        "13:25",
        "13:55",
        "14:25",
        "14:55",
        "15:25",
        "15:55",
        "16:25",
        "16:55",
        "17:25",
        "17:52",
        "18:22",
        "18:52",
        "19:22",
        "19:52",
        "21:04"
    ],
    "holiday": [
        "6:46",
        "7:26",
        "7:56",
        "8:25",
        "8:55",
        "9:16",
        "9:50",
        "10:25",
        "10:55",
        "11:25",
        "11:55",
        "12:25",
        "12:55",
        "13:25",
        "13:55",
        "14:25",
        "14:55",
        "15:25",
        "15:55",
        "16:25",
        "16:55",
        "17:25",
        "17:52",
        "18:22",
        "18:52",
        "19:22",
        "19:52",
        "21:04"
    ],
    "url": "https://www.kanachu.co.jp/dia/diagram/timetable01_js/course:0000803812-21/node:00127471/kt:0/lname:/"
}
