{
  "date": "2024/07/08",
  "name": "木曽南団地",
  "position": "-",
  "system": "町33",
  "destinations": [
    "町田総合高校前",
    "秋葉神社入口",
    "忠生公園前",
    "山崎小学校前(東京都)",
    "上山崎",
    "山崎高校入口",
    "下山崎(町田市)"
  ],
  "weekday": [
    "6:15",
    "6:30",
    "6:55",
    "7:19",
    "7:32",
    "7:59",
    "8:18",
    "8:31",
    "8:41",
    "9:06",
    "9:41",
    "10:11",
    "10:41",
    "11:21",
    "11:41",
    "12:21",
    "12:41",
    "13:21",
    "13:41",
    "14:21",
    "14:41",
    "15:21",
    "15:41",
    "16:14",
    "16:33",
    "16:53",
    "17:33",
    "17:53",
    "18:11",
    "18:31",
    "18:53",
    "19:10",
    "19:32",
    "19:52",
    "20:10",
    "20:40",
    "21:15",
    "21:48",
    "22:15",
    "22:45",
    "23:10",
    "23:40"
  ],
  "saturday": [
    "6:20",
    "7:20",
    "7:50",
    "8:20",
    "8:45",
    "9:00",
    "9:20",
    "9:40",
    "10:00",
    "10:20",
    "10:40",
    "11:21",
    "11:41",
    "11:00",
    "12:21",
    "12:41",
    "12:01",
    "13:21",
    "13:41",
    "13:01",
    "14:21",
    "14:41",
    "14:01",
    "15:21",
    "15:41",
    "15:01",
    "16:01",
    "16:21",
    "16:41",
    "17:01",
    "17:21",
    "17:41",
    "18:01",
    "18:21",
    "18:41",
    "19:01",
    "19:34",
    "20:00",
    "20:33",
    "21:00",
    "21:33",
    "22:00",
    "22:30",
    "23:10"
  ],
  "holiday": [
    "6:20",
    "7:20",
    "8:20",
    "8:50",
    "9:20",
    "9:45",
    "10:20",
    "10:45",
    "11:21",
    "11:41",
    "12:21",
    "12:41",
    "12:01",
    "13:21",
    "13:41",
    "13:01",
    "14:21",
    "14:41",
    "14:01",
    "15:21",
    "15:41",
    "15:01",
    "16:01",
    "16:21",
    "16:41",
    "17:01",
    "17:21",
    "17:41",
    "18:01",
    "18:21",
    "18:41",
    "19:52",
    "19:01",
    "19:20",
    "20:20",
    "20:52",
    "21:55",
    "22:50"
  ],
  "url": "https://www.kanachu.co.jp/dia/diagram/timetable01_js/course:0000802682-12/node:00129384/kt:0/lname:/dts:1740679200"
}