{
    "date": "2025/03/15",
    "name": "東海岸北三丁目",
    "position": "-",
    "system": "辻12",
    "destinations": [
        "東原(茅ケ崎市)",
        "若松町(茅ケ崎市)",
        "桜道(茅ケ崎市)",
        "ひばりが丘(茅ケ崎市)",
        "美住町",
        "松浪小学校前",
        "保育園前(茅ヶ崎市)",
        "浜竹",
        "辻堂駅西口",
        "辻堂駅南口"
    ],
    "weekday": [
        "5:52",
        "6:11",
        "6:29",
        "6:41",
        "6:53",
        "7:05",
        "7:20",
        "7:35",
        "7:50",
        "8:12",
        "8:32",
        "9:00",
        "9:30",
        "10:00",
        "10:30",
        "11:00",
        "11:30",
        "12:00",
        "12:30",
        "13:00",
        "13:30",
        "14:00",
        "14:30",
        "15:00",
        "15:30",
        "16:02",
        "16:30",
        "17:02",
        "17:30",
        "17:50",
        "18:10",
        "18:30",
        "18:50",
        "19:10",
        "19:30",
        "20:00",
        "20:30",
        "21:00",
        "21:30",
        "22:05"
    ],
    "saturday": [
        "6:20",
        "7:00",
        "7:30",
        "8:00",
        "8:30",
        "9:00",
        "9:30",
        "10:00",
        "10:30",
        "11:00",
        "11:30",
        "12:00",
        "12:30",
        "13:00",
        "13:30",
        "14:00",
        "14:30",
        "15:00",
        "15:30",
        "16:00",
        "16:30",
        "17:00",
        "17:30",
        "18:00",
        "18:30",
        "19:00",
        "19:30",
        "20:00",
        "20:45",
        "21:45"
    ],
    "holiday": [
        "6:20",
        "7:00",
        "7:30",
        "8:00",
        "8:30",
        "9:00",
        "9:30",
        "10:00",
        "10:30",
        "11:00",
        "11:30",
        "12:00",
        "12:30",
        "13:00",
        "13:30",
        "14:00",
        "14:30",
        "15:00",
        "15:30",
        "16:00",
        "16:30",
        "17:00",
        "17:30",
        "18:00",
        "18:30",
        "19:00",
        "19:30",
        "20:00",
        "20:45",
        "21:45"
    ],
    "url": "https://www.kanachu.co.jp/dia/diagram/timetable01_js/course:0000801834-7/node:00127279/kt:0/lname:/"
}
