{
    "date": "2025/03/15",
    "name": "松浪小学校前",
    "position": "-",
    "system": "辻12",
    "destinations": [
        "保育園前(茅ヶ崎市)",
        "浜竹",
        "辻堂駅西口",
        "辻堂駅南口"
    ],
    "weekday": [
        "5:58",
        "6:17",
        "6:35",
        "6:47",
        "6:59",
        "7:11",
        "7:26",
        "7:41",
        "7:56",
        "8:18",
        "8:38",
        "9:06",
        "9:36",
        "10:06",
        "10:36",
        "11:06",
        "11:36",
        "12:06",
        "12:36",
        "13:06",
        "13:36",
        "14:06",
        "14:36",
        "15:06",
        "15:36",
        "16:08",
        "16:36",
        "17:08",
        "17:36",
        "17:56",
        "18:16",
        "18:36",
        "18:56",
        "19:16",
        "19:36",
        "20:06",
        "20:36",
        "21:06",
        "21:36",
        "22:11"
    ],
    "saturday": [
        "6:26",
        "7:06",
        "7:36",
        "8:06",
        "8:36",
        "9:06",
        "9:36",
        "10:06",
        "10:36",
        "11:06",
        "11:36",
        "12:06",
        "12:36",
        "13:06",
        "13:36",
        "14:06",
        "14:36",
        "15:06",
        "15:36",
        "16:06",
        "16:36",
        "17:06",
        "17:36",
        "18:06",
        "18:36",
        "19:06",
        "19:36",
        "20:06",
        "20:51",
        "21:51"
    ],
    "holiday": [
        "6:26",
        "7:06",
        "7:36",
        "8:06",
        "8:36",
        "9:06",
        "9:36",
        "10:06",
        "10:36",
        "11:06",
        "11:36",
        "12:06",
        "12:36",
        "13:06",
        "13:36",
        "14:06",
        "14:36",
        "15:06",
        "15:36",
        "16:06",
        "16:36",
        "17:06",
        "17:36",
        "18:06",
        "18:36",
        "19:06",
        "19:36",
        "20:06",
        "20:51",
        "21:51"
    ],
    "url": "https://www.kanachu.co.jp/dia/diagram/timetable01_js/course:0000801834-13/node:00127235/kt:0/lname:/"
}
