{
    "date": "2025/11/25",
    "name": "本厚木駅",
    "position": "-",
    "system": "厚19",
    "destinations": [
        "小田急通り",
        "元町(厚木市)",
        "松枝町一丁目",
        "市立病院前(バイパス側)",
        "愛光病院前",
        "戸室",
        "林(厚木市)",
        "穴口橋",
        "及川",
        "千頭",
        "上千頭",
        "ゴルフ場入口(厚木市)",
        "小鮎久保",
        "光福寺(厚木市)",
        "橋場(厚木市)",
        "飯山観音前",
        "尼寺(厚木市)",
        "志田原",
        "飯山温泉入口",
        "上飯山(厚木市)",
        "華厳橋",
        "舟沢",
        "上舟沢",
        "御門橋",
        "尾崎(愛甲郡清川村)",
        "別所温泉入口",
        "郵便局前(愛甲郡清川村)",
        "中里(愛甲郡清川村)",
        "公民館前(愛甲郡清川村)",
        "小学校前(愛甲郡清川村)",
        "清川村役場前",
        "煤ヶ谷",
        "古在家",
        "坂尻(愛甲郡清川村)",
        "柿ノ木平",
        "上煤ヶ谷"
    ],
    "weekday": [
        "6:50",
        "17:15",
        "18:10",
        "19:15",
        "20:20"
    ],
    "saturday": [
        "20:40",
        "21:40"
    ],
    "holiday": [
        "20:40",
        "21:40"
    ],
    "url": "https://www.kanachu.co.jp/dia/diagram/timetable01_js/course:0000802109-1/node:00025684/kt:0/lname:/"
}
