{
    "date": "2025/11/25",
    "name": "ゴルフ場入口(厚木市)",
    "position": "-",
    "system": "厚19",
    "destinations": [
        "小鮎久保",
        "光福寺(厚木市)",
        "橋場(厚木市)",
        "飯山観音前",
        "尼寺(厚木市)",
        "志田原",
        "飯山温泉入口",
        "上飯山(厚木市)",
        "華厳橋",
        "舟沢",
        "上舟沢",
        "御門橋",
        "尾崎(愛甲郡清川村)",
        "別所温泉入口",
        "郵便局前(愛甲郡清川村)",
        "中里(愛甲郡清川村)",
        "公民館前(愛甲郡清川村)",
        "小学校前(愛甲郡清川村)",
        "清川村役場前",
        "煤ヶ谷",
        "古在家",
        "坂尻(愛甲郡清川村)",
        "柿ノ木平",
        "上煤ヶ谷"
    ],
    "weekday": [
        "7:04",
        "17:34",
        "18:29",
        "19:30",
        "20:35"
    ],
    "saturday": [
        "20:54",
        "21:54"
    ],
    "holiday": [
        "20:54",
        "21:54"
    ],
    "url": "https://www.kanachu.co.jp/dia/diagram/timetable01_js/course:0000802109-13/node:00128404/kt:0/lname:/"
}
