{
    "date": "2025/11/25",
    "name": "光福寺(厚木市)",
    "position": "-",
    "system": "厚19",
    "destinations": [
        "橋場(厚木市)",
        "飯山観音前",
        "尼寺(厚木市)",
        "志田原",
        "飯山温泉入口",
        "上飯山(厚木市)",
        "華厳橋",
        "舟沢",
        "上舟沢",
        "御門橋",
        "尾崎(愛甲郡清川村)",
        "別所温泉入口",
        "郵便局前(愛甲郡清川村)",
        "中里(愛甲郡清川村)",
        "公民館前(愛甲郡清川村)",
        "小学校前(愛甲郡清川村)",
        "清川村役場前",
        "煤ヶ谷",
        "古在家",
        "坂尻(愛甲郡清川村)",
        "柿ノ木平",
        "上煤ヶ谷"
    ],
    "weekday": [
        "7:06",
        "17:36",
        "18:31",
        "19:32",
        "20:37"
    ],
    "saturday": [
        "20:56",
        "21:56"
    ],
    "holiday": [
        "20:56",
        "21:56"
    ],
    "url": "https://www.kanachu.co.jp/dia/diagram/timetable01_js/course:0000802109-15/node:00128406/kt:0/lname:/"
}
