{
    "date": "2025/11/25",
    "name": "郵便局前(愛甲郡清川村)",
    "position": "-",
    "system": "厚19",
    "destinations": [
        "中里(愛甲郡清川村)",
        "公民館前(愛甲郡清川村)",
        "小学校前(愛甲郡清川村)",
        "清川村役場前",
        "煤ヶ谷",
        "古在家",
        "坂尻(愛甲郡清川村)",
        "柿ノ木平",
        "上煤ヶ谷"
    ],
    "weekday": [
        "7:16",
        "17:46",
        "18:41",
        "19:42",
        "20:47"
    ],
    "saturday": [
        "21:06",
        "22:06"
    ],
    "holiday": [
        "21:06",
        "22:06"
    ],
    "url": "https://www.kanachu.co.jp/dia/diagram/timetable01_js/course:0000802109-28/node:00128419/kt:0/lname:/"
}
