{
    "date": "2025/01/14",
    "name": "東中学校前(愛甲郡愛川町)",
    "position": "-",
    "system": "厚64",
    "destinations": [
        "箕輪(愛甲郡愛川町)",
        "愛川町役場",
        "愛川バスセンター"
    ],
    "weekday": [
        "20:45",
        "21:15",
        "22:10",
        "23:20"
    ],
    "saturday": [
        "20:50",
        "21:30",
        "22:10"
    ],
    "holiday": [
        "20:50",
        "21:30",
        "22:10"
    ],
    "url": "https://www.kanachu.co.jp/dia/diagram/timetable01_js/course:0000802983-23/node:00128325/kt:0/lname:/"
}
