{
    "date": "2025/03/15",
    "name": "ライフタウン中央(藤沢市)",
    "position": "-",
    "system": "辻35",
    "destinations": [
        "二番構保健医療センター",
        "駒寄",
        "滝の沢(藤沢市)",
        "滝の沢不動前",
        "湘南ライフタウン",
        "刈込(藤沢市)",
        "諸之木",
        "慶応大学",
        "慶応大学本館前",
        "慶応中高降車場"
    ],
    "weekday": [
        "8:43",
        "8:55",
        "9:06",
        "9:13",
        "10:15",
        "16:38",
        "16:58",
        "17:13",
        "17:28",
        "18:22",
        "18:45",
        "19:20",
        "20:13"
    ],
    "saturday": [],
    "holiday": [],
    "url": "https://www.kanachu.co.jp/dia/diagram/timetable01_js/course:0000802714-4/node:00129943/kt:0/lname:/"
}
