{
    "date": "2025/03/15",
    "name": "駒寄",
    "position": "-",
    "system": "辻35",
    "destinations": [
        "滝の沢(藤沢市)",
        "滝の沢不動前",
        "湘南ライフタウン",
        "刈込(藤沢市)",
        "諸之木",
        "慶応大学",
        "慶応大学本館前",
        "慶応中高降車場"
    ],
    "weekday": [
        "8:45",
        "8:57",
        "9:08",
        "9:15",
        "10:17",
        "16:40",
        "17:00",
        "17:15",
        "17:30",
        "18:24",
        "18:47",
        "19:22",
        "20:15"
    ],
    "saturday": [],
    "holiday": [],
    "url": "https://www.kanachu.co.jp/dia/diagram/timetable01_js/course:0000802714-6/node:00129945/kt:0/lname:/"
}
