{
    "date": "2025/03/15",
    "name": "滝の沢不動前",
    "position": "-",
    "system": "辻35",
    "destinations": [
        "湘南ライフタウン",
        "刈込(藤沢市)",
        "諸之木",
        "慶応大学",
        "慶応大学本館前",
        "慶応中高降車場"
    ],
    "weekday": [
        "8:47",
        "8:59",
        "9:10",
        "9:17",
        "10:19",
        "16:42",
        "17:02",
        "17:17",
        "17:32",
        "18:26",
        "18:49",
        "19:24",
        "20:17"
    ],
    "saturday": [],
    "holiday": [],
    "url": "https://www.kanachu.co.jp/dia/diagram/timetable01_js/course:0000802714-8/node:00129947/kt:0/lname:/"
}
