{
    "date": "2024/04/01",
    "name": "黒岩入口",
    "position": "-",
    "system": "二02",
    "destinations": [
        "上舟窪",
        "舟窪",
        "公民館前(中郡大磯町)",
        "天神下(中郡大磯町)",
        "虫窪",
        "ぼったり",
        "下田(中郡大磯町)",
        "素心学院前",
        "国府中学西口",
        "湘南大磯住宅入口",
        "湘南大磯病院"
    ],
    "weekday": [
        "19:34"
    ],
    "saturday": [],
    "holiday": [],
    "url": "https://www.kanachu.co.jp/dia/diagram/timetable01_js/course:0000801586-14/node:00127523/kt:0/lname:/"
}
