{
    "date": "2025/02/24",
    "name": "新道大坂上",
    "position": "-",
    "system": "戸50",
    "destinations": [
        "西横浜国際総合病院前",
        "吹上(横浜市戸塚区)",
        "大運寺",
        "横浜医療センター前",
        "三叉路(横浜市戸塚区)",
        "横浜薬大南門",
        "俣野公園・横浜薬大前",
        "集会所前(横浜市戸塚区)",
        "ドリームハイツ"
    ],
    "weekday": [
        "6:33",
        "6:48",
        "7:03",
        "7:17",
        "7:26",
        "7:47",
        "7:50",
        "8:01",
        "8:05",
        "8:11",
        "8:15",
        "8:23",
        "8:33",
        "8:39",
        "9:35",
        "9:50",
        "10:00",
        "10:16",
        "10:25",
        "10:33",
        "10:50",
        "10:59",
        "11:16",
        "11:25",
        "11:33",
        "11:50",
        "11:59",
        "12:25",
        "12:59",
        "14:16",
        "14:25",
        "14:33",
        "14:50",
        "14:59",
        "15:16",
        "15:25",
        "15:33",
        "15:50",
        "15:59",
        "16:25",
        "16:33",
        "16:41",
        "16:51",
        "17:01",
        "17:08",
        "17:16",
        "17:23",
        "17:37",
        "17:51",
        "18:35",
        "18:40",
        "18:45",
        "18:51",
        "19:13",
        "19:23",
        "19:55",
        "20:03",
        "20:22",
        "20:36",
        "20:50",
        "21:03",
        "21:21",
        "21:30",
        "21:48",
        "22:06",
        "22:26",
        "22:46",
        "23:06"
    ],
    "saturday": [
        "6:12",
        "6:33",
        "6:48",
        "7:00",
        "7:08",
        "7:18",
        "7:28",
        "7:38",
        "7:48",
        "7:58",
        "8:08",
        "8:18",
        "8:28",
        "8:48",
        "8:58",
        "9:16",
        "9:23",
        "9:31",
        "9:46",
        "9:53",
        "10:01",
        "10:16",
        "10:23",
        "10:31",
        "10:46",
        "10:53",
        "11:01",
        "11:16",
        "11:23",
        "11:31",
        "11:46",
        "11:53",
        "12:01",
        "12:16",
        "12:23",
        "12:31",
        "12:46",
        "12:53",
        "13:01",
        "13:16",
        "13:23",
        "13:31",
        "13:46",
        "13:53",
        "14:01",
        "14:16",
        "14:23",
        "14:31",
        "14:46",
        "14:53",
        "15:01",
        "15:16",
        "15:23",
        "15:31",
        "15:46",
        "15:53",
        "16:01",
        "16:16",
        "16:23",
        "16:31",
        "16:46",
        "16:53",
        "17:01",
        "17:16",
        "17:23",
        "17:31",
        "17:38",
        "17:46",
        "17:53",
        "18:01",
        "18:08",
        "18:16",
        "18:23",
        "18:31",
        "18:38",
        "18:46",
        "18:53",
        "19:01",
        "19:08",
        "19:16",
        "19:23",
        "19:31",
        "19:38",
        "19:46",
        "19:53",
        "20:01",
        "20:18",
        "20:38",
        "20:58",
        "21:17",
        "21:37",
        "21:57",
        "22:19",
        "22:47"
    ],
    "holiday": [
        "6:12",
        "6:33",
        "6:48",
        "7:05",
        "7:20",
        "7:28",
        "7:38",
        "7:48",
        "7:58",
        "8:08",
        "8:18",
        "8:28",
        "8:48",
        "8:58",
        "9:16",
        "9:23",
        "9:31",
        "9:46",
        "9:53",
        "10:01",
        "10:16",
        "10:23",
        "10:31",
        "10:46",
        "10:53",
        "11:01",
        "11:16",
        "11:23",
        "11:31",
        "11:46",
        "11:53",
        "12:01",
        "12:16",
        "12:23",
        "12:31",
        "12:46",
        "12:53",
        "13:01",
        "13:16",
        "13:23",
        "13:31",
        "13:46",
        "13:53",
        "14:01",
        "14:16",
        "14:23",
        "14:31",
        "14:46",
        "14:53",
        "15:01",
        "15:16",
        "15:23",
        "15:31",
        "15:46",
        "15:53",
        "16:01",
        "16:16",
        "16:23",
        "16:31",
        "16:46",
        "16:53",
        "17:01",
        "17:16",
        "17:23",
        "17:31",
        "17:38",
        "17:46",
        "17:53",
        "18:01",
        "18:08",
        "18:16",
        "18:23",
        "18:31",
        "18:38",
        "18:46",
        "18:53",
        "19:01",
        "19:08",
        "19:16",
        "19:23",
        "19:31",
        "19:38",
        "19:46",
        "19:53",
        "20:01",
        "20:20",
        "20:44",
        "21:07",
        "21:31",
        "21:55",
        "22:19",
        "22:47"
    ],
    "url": "https://www.kanachu.co.jp/dia/diagram/timetable01_js/course:0000800862-7/node:00126814/kt:0/lname:/"
}
