{
    "date": "2025/02/24",
    "name": "横浜医療センター前",
    "position": "-",
    "system": "戸50",
    "destinations": [
        "三叉路(横浜市戸塚区)",
        "横浜薬大南門",
        "俣野公園・横浜薬大前",
        "集会所前(横浜市戸塚区)",
        "ドリームハイツ"
    ],
    "weekday": [
        "6:38",
        "6:53",
        "7:08",
        "7:22",
        "7:31",
        "7:54",
        "7:57",
        "8:08",
        "8:12",
        "8:18",
        "8:22",
        "8:30",
        "8:38",
        "8:44",
        "9:40",
        "9:55",
        "10:05",
        "10:21",
        "10:30",
        "10:38",
        "10:55",
        "11:04",
        "11:21",
        "11:30",
        "11:38",
        "11:55",
        "12:04",
        "12:30",
        "13:04",
        "14:21",
        "14:30",
        "14:38",
        "14:55",
        "15:04",
        "15:21",
        "15:30",
        "15:38",
        "15:55",
        "16:04",
        "16:30",
        "16:38",
        "16:46",
        "16:56",
        "17:06",
        "17:13",
        "17:21",
        "17:28",
        "17:42",
        "17:56",
        "18:40",
        "18:45",
        "18:50",
        "18:56",
        "19:18",
        "19:28",
        "20:00",
        "20:08",
        "20:27",
        "20:41",
        "20:55",
        "21:08",
        "21:26",
        "21:35",
        "21:53",
        "22:11",
        "22:31",
        "22:51",
        "23:11"
    ],
    "saturday": [
        "6:17",
        "6:38",
        "6:53",
        "7:05",
        "7:13",
        "7:23",
        "7:33",
        "7:43",
        "7:53",
        "8:03",
        "8:13",
        "8:23",
        "8:33",
        "8:53",
        "9:03",
        "9:21",
        "9:28",
        "9:36",
        "9:51",
        "9:58",
        "10:06",
        "10:21",
        "10:28",
        "10:36",
        "10:51",
        "10:58",
        "11:06",
        "11:21",
        "11:28",
        "11:36",
        "11:51",
        "11:58",
        "12:06",
        "12:21",
        "12:28",
        "12:36",
        "12:51",
        "12:58",
        "13:06",
        "13:21",
        "13:28",
        "13:36",
        "13:51",
        "13:58",
        "14:06",
        "14:21",
        "14:28",
        "14:36",
        "14:51",
        "14:58",
        "15:06",
        "15:21",
        "15:28",
        "15:36",
        "15:51",
        "15:58",
        "16:06",
        "16:21",
        "16:28",
        "16:36",
        "16:51",
        "16:58",
        "17:06",
        "17:21",
        "17:28",
        "17:36",
        "17:43",
        "17:51",
        "17:58",
        "18:06",
        "18:13",
        "18:21",
        "18:28",
        "18:36",
        "18:43",
        "18:51",
        "18:58",
        "19:06",
        "19:13",
        "19:21",
        "19:28",
        "19:36",
        "19:43",
        "19:51",
        "19:58",
        "20:06",
        "20:23",
        "20:43",
        "21:03",
        "21:22",
        "21:42",
        "22:02",
        "22:24",
        "22:52"
    ],
    "holiday": [
        "6:17",
        "6:38",
        "6:53",
        "7:10",
        "7:25",
        "7:33",
        "7:43",
        "7:53",
        "8:03",
        "8:13",
        "8:23",
        "8:33",
        "8:53",
        "9:03",
        "9:21",
        "9:28",
        "9:36",
        "9:51",
        "9:58",
        "10:06",
        "10:21",
        "10:28",
        "10:36",
        "10:51",
        "10:58",
        "11:06",
        "11:21",
        "11:28",
        "11:36",
        "11:51",
        "11:58",
        "12:06",
        "12:21",
        "12:28",
        "12:36",
        "12:51",
        "12:58",
        "13:06",
        "13:21",
        "13:28",
        "13:36",
        "13:51",
        "13:58",
        "14:06",
        "14:21",
        "14:28",
        "14:36",
        "14:51",
        "14:58",
        "15:06",
        "15:21",
        "15:28",
        "15:36",
        "15:51",
        "15:58",
        "16:06",
        "16:21",
        "16:28",
        "16:36",
        "16:51",
        "16:58",
        "17:06",
        "17:21",
        "17:28",
        "17:36",
        "17:43",
        "17:51",
        "17:58",
        "18:06",
        "18:13",
        "18:21",
        "18:28",
        "18:36",
        "18:43",
        "18:51",
        "18:58",
        "19:06",
        "19:13",
        "19:21",
        "19:28",
        "19:36",
        "19:43",
        "19:51",
        "19:58",
        "20:06",
        "20:25",
        "20:49",
        "21:12",
        "21:36",
        "22:00",
        "22:24",
        "22:52"
    ],
    "url": "https://www.kanachu.co.jp/dia/diagram/timetable01_js/course:0000800862-11/node:00126819/kt:0/lname:/"
}
