{
    "date": "2025/02/24",
    "name": "俣野公園・横浜薬大前",
    "position": "-",
    "system": "戸50",
    "destinations": [
        "集会所前(横浜市戸塚区)",
        "ドリームハイツ"
    ],
    "weekday": [
        "6:44",
        "6:59",
        "7:14",
        "7:28",
        "7:37",
        "8:00",
        "8:03",
        "8:14",
        "8:18",
        "8:24",
        "8:28",
        "8:36",
        "8:44",
        "8:50",
        "9:46",
        "10:01",
        "10:11",
        "10:27",
        "10:36",
        "10:44",
        "11:01",
        "11:10",
        "11:27",
        "11:36",
        "11:44",
        "12:01",
        "12:10",
        "12:36",
        "13:10",
        "14:27",
        "14:36",
        "14:44",
        "15:01",
        "15:10",
        "15:27",
        "15:36",
        "15:44",
        "16:01",
        "16:10",
        "16:36",
        "16:44",
        "16:52",
        "17:02",
        "17:12",
        "17:19",
        "17:27",
        "17:34",
        "17:48",
        "18:02",
        "18:46",
        "18:51",
        "18:56",
        "19:02",
        "19:24",
        "19:34",
        "20:06",
        "20:14",
        "20:33",
        "20:47",
        "21:01",
        "21:14",
        "21:32",
        "21:41",
        "21:59",
        "22:17",
        "22:37",
        "22:57",
        "23:17"
    ],
    "saturday": [
        "6:23",
        "6:44",
        "6:59",
        "7:11",
        "7:19",
        "7:29",
        "7:39",
        "7:49",
        "7:59",
        "8:09",
        "8:19",
        "8:29",
        "8:39",
        "8:59",
        "9:09",
        "9:27",
        "9:34",
        "9:42",
        "9:57",
        "10:04",
        "10:12",
        "10:27",
        "10:34",
        "10:42",
        "10:57",
        "11:04",
        "11:12",
        "11:27",
        "11:34",
        "11:42",
        "11:57",
        "12:04",
        "12:12",
        "12:27",
        "12:34",
        "12:42",
        "12:57",
        "13:04",
        "13:12",
        "13:27",
        "13:34",
        "13:42",
        "13:57",
        "14:04",
        "14:12",
        "14:27",
        "14:34",
        "14:42",
        "14:57",
        "15:04",
        "15:12",
        "15:27",
        "15:34",
        "15:42",
        "15:57",
        "16:04",
        "16:12",
        "16:27",
        "16:34",
        "16:42",
        "16:57",
        "17:04",
        "17:12",
        "17:27",
        "17:34",
        "17:42",
        "17:49",
        "17:57",
        "18:04",
        "18:12",
        "18:19",
        "18:27",
        "18:34",
        "18:42",
        "18:49",
        "18:57",
        "19:04",
        "19:12",
        "19:19",
        "19:27",
        "19:34",
        "19:42",
        "19:49",
        "19:57",
        "20:04",
        "20:12",
        "20:29",
        "20:49",
        "21:09",
        "21:28",
        "21:48",
        "22:08",
        "22:30",
        "22:58"
    ],
    "holiday": [
        "6:23",
        "6:44",
        "6:59",
        "7:16",
        "7:31",
        "7:39",
        "7:49",
        "7:59",
        "8:09",
        "8:19",
        "8:29",
        "8:39",
        "8:59",
        "9:09",
        "9:27",
        "9:34",
        "9:42",
        "9:57",
        "10:04",
        "10:12",
        "10:27",
        "10:34",
        "10:42",
        "10:57",
        "11:04",
        "11:12",
        "11:27",
        "11:34",
        "11:42",
        "11:57",
        "12:04",
        "12:12",
        "12:27",
        "12:34",
        "12:42",
        "12:57",
        "13:04",
        "13:12",
        "13:27",
        "13:34",
        "13:42",
        "13:57",
        "14:04",
        "14:12",
        "14:27",
        "14:34",
        "14:42",
        "14:57",
        "15:04",
        "15:12",
        "15:27",
        "15:34",
        "15:42",
        "15:57",
        "16:04",
        "16:12",
        "16:27",
        "16:34",
        "16:42",
        "16:57",
        "17:04",
        "17:12",
        "17:27",
        "17:34",
        "17:42",
        "17:49",
        "17:57",
        "18:04",
        "18:12",
        "18:19",
        "18:27",
        "18:34",
        "18:42",
        "18:49",
        "18:57",
        "19:04",
        "19:12",
        "19:19",
        "19:27",
        "19:34",
        "19:42",
        "19:49",
        "19:57",
        "20:04",
        "20:12",
        "20:31",
        "20:55",
        "21:18",
        "21:42",
        "22:06",
        "22:30",
        "22:58"
    ],
    "url": "https://www.kanachu.co.jp/dia/diagram/timetable01_js/course:0000800862-14/node:00126822/kt:0/lname:/"
}
