{
    "date": "2025/01/14",
    "name": "上長谷(厚木市)",
    "position": "-",
    "system": "厚39",
    "destinations": [
        "観音坂",
        "清水(厚木市)",
        "南毛利小学校前",
        "高坪入口",
        "温水",
        "片岸(厚木市)",
        "日立アステモ前",
        "厚木高校前",
        "合同庁舎前(厚木市)",
        "市役所入口(厚木市)",
        "本厚木駅",
        "厚木バスセンター"
    ],
    "weekday": [
        "6:11",
        "6:59",
        "7:23",
        "7:58",
        "9:58",
        "16:19",
        "16:59",
        "17:14",
        "18:29",
        "19:28",
        "20:28"
    ],
    "saturday": [
        "6:33",
        "7:33",
        "8:59",
        "12:59",
        "14:59",
        "19:08",
        "21:18"
    ],
    "holiday": [
        "6:33",
        "7:33",
        "8:59",
        "12:59",
        "14:59",
        "19:08",
        "21:18"
    ],
    "url": "https://www.kanachu.co.jp/dia/diagram/timetable01_js/course:0000803330-10/node:00128447/kt:0/lname:/"
}
