{
    "date": "2025/01/14",
    "name": "厚木高校前",
    "position": "-",
    "system": "厚39",
    "destinations": [
        "合同庁舎前(厚木市)",
        "市役所入口(厚木市)",
        "本厚木駅",
        "厚木バスセンター"
    ],
    "weekday": [
        "6:22",
        "7:10",
        "7:35",
        "8:10",
        "10:09",
        "16:31",
        "17:11",
        "17:26",
        "18:41",
        "19:39",
        "20:39"
    ],
    "saturday": [
        "6:42",
        "7:42",
        "9:09",
        "13:09",
        "15:09",
        "19:17",
        "21:27"
    ],
    "holiday": [
        "6:42",
        "7:42",
        "9:08",
        "13:09",
        "15:09",
        "19:17",
        "21:27"
    ],
    "url": "https://www.kanachu.co.jp/dia/diagram/timetable01_js/course:0000803330-18/node:00128440/kt:0/lname:/"
}
