{
    "date": "2025/11/16",
    "name": "四ツ角(平塚市)",
    "position": "-",
    "system": "平09",
    "destinations": [
        "松原(平塚市)",
        "蔵屋敷",
        "馬入橋",
        "工業団地入口(平塚市)",
        "馬入ふれあい公園入口",
        "長瀞",
        "馬入境",
        "古河電工前(平塚市)",
        "関西ペイント前(平塚市)",
        "工業団地(平塚市)",
        "全農前",
        "小松前",
        "小松電子前",
        "東八幡工業団地",
        "東八幡五丁目",
        "不動ケミカル前",
        "工業団地(平塚市)",
        "関西ペイント前(平塚市)",
        "古河電工前(平塚市)",
        "馬入境",
        "長瀞",
        "馬入ふれあい公園入口",
        "工業団地入口(平塚市)",
        "馬入橋",
        "蔵屋敷",
        "松原(平塚市)",
        "四ツ角(平塚市)",
        "平塚駅北口"
    ],
    "weekday": [
        "9:18",
        "9:58",
        "10:28",
        "10:58",
        "11:28",
        "11:58",
        "12:28",
        "12:58",
        "13:28",
        "13:58",
        "14:28",
        "14:58",
        "15:28",
        "15:58",
        "16:18",
        "16:38",
        "16:55",
        "17:19",
        "17:29",
        "17:39",
        "17:46",
        "17:55",
        "18:13",
        "18:29",
        "18:39",
        "18:53",
        "19:11",
        "19:36",
        "20:11",
        "20:51",
        "21:46"
    ],
    "saturday": [
        "9:36",
        "10:36",
        "11:36",
        "12:36",
        "13:36",
        "14:36",
        "15:36",
        "16:36",
        "17:36",
        "18:36"
    ],
    "holiday": [
        "9:36",
        "10:36",
        "11:36",
        "12:36",
        "13:36",
        "14:36",
        "15:36",
        "16:36",
        "17:11",
        "18:11"
    ],
    "url": "https://www.kanachu.co.jp/dia/diagram/timetable01_js/course:0000802445-2/node:00127190/kt:0/lname:/"
}
