{
    "date": "2025/11/16",
    "name": "東八幡工業団地",
    "position": "-",
    "system": "平09",
    "destinations": [
        "東八幡五丁目",
        "不動ケミカル前",
        "工業団地(平塚市)",
        "関西ペイント前(平塚市)",
        "古河電工前(平塚市)",
        "馬入境",
        "長瀞",
        "馬入ふれあい公園入口",
        "工業団地入口(平塚市)",
        "馬入橋",
        "蔵屋敷",
        "松原(平塚市)",
        "四ツ角(平塚市)",
        "平塚駅北口"
    ],
    "weekday": [
        "9:30",
        "10:10",
        "10:40",
        "11:10",
        "11:40",
        "12:10",
        "12:40",
        "13:10",
        "13:40",
        "14:10",
        "14:40",
        "15:10",
        "15:40",
        "16:10",
        "16:30",
        "16:50",
        "17:07",
        "17:31",
        "17:41",
        "17:51",
        "17:58",
        "18:07",
        "18:25",
        "18:41",
        "18:51",
        "19:05",
        "19:23",
        "19:48",
        "20:23",
        "21:03",
        "21:58"
    ],
    "saturday": [
        "9:48",
        "10:48",
        "11:48",
        "12:48",
        "13:48",
        "14:48",
        "15:48",
        "16:48",
        "17:48",
        "18:48"
    ],
    "holiday": [
        "9:48",
        "10:48",
        "11:48",
        "12:48",
        "13:48",
        "14:48",
        "15:48",
        "16:48",
        "17:23",
        "18:23"
    ],
    "url": "https://www.kanachu.co.jp/dia/diagram/timetable01_js/course:0000802445-16/node:00127677/kt:0/lname:/"
}
