{
    "date": "2025/11/16",
    "name": "古河電工前(平塚市)",
    "position": "-",
    "system": "平09",
    "destinations": [
        "馬入境",
        "長瀞",
        "馬入ふれあい公園入口",
        "工業団地入口(平塚市)",
        "馬入橋",
        "蔵屋敷",
        "松原(平塚市)",
        "四ツ角(平塚市)",
        "平塚駅北口"
    ],
    "weekday": [
        "9:33",
        "10:13",
        "10:43",
        "11:13",
        "11:43",
        "12:13",
        "12:43",
        "13:13",
        "13:43",
        "14:13",
        "14:43",
        "15:13",
        "15:43",
        "16:13",
        "16:33",
        "16:53",
        "17:10",
        "17:34",
        "17:44",
        "17:54",
        "18:01",
        "18:10",
        "18:28",
        "18:44",
        "18:54",
        "19:08",
        "19:26",
        "19:51",
        "20:26",
        "21:06",
        "22:01"
    ],
    "saturday": [
        "9:51",
        "10:51",
        "11:51",
        "12:51",
        "13:51",
        "14:51",
        "15:51",
        "16:51",
        "17:51",
        "18:51"
    ],
    "holiday": [
        "9:51",
        "10:51",
        "11:51",
        "12:51",
        "13:51",
        "14:51",
        "15:51",
        "16:51",
        "17:26",
        "18:26"
    ],
    "url": "https://www.kanachu.co.jp/dia/diagram/timetable01_js/course:0000802445-21/node:00127671/kt:0/lname:/"
}
