{
    "date": "2025/11/16",
    "name": "馬入ふれあい公園入口",
    "position": "-",
    "system": "平09",
    "destinations": [
        "工業団地入口(平塚市)",
        "馬入橋",
        "蔵屋敷",
        "松原(平塚市)",
        "四ツ角(平塚市)",
        "平塚駅北口"
    ],
    "weekday": [
        "9:35",
        "10:15",
        "10:45",
        "11:15",
        "11:45",
        "12:15",
        "12:45",
        "13:15",
        "13:45",
        "14:15",
        "14:45",
        "15:15",
        "15:45",
        "16:15",
        "16:35",
        "16:55",
        "17:12",
        "17:36",
        "17:46",
        "17:56",
        "18:03",
        "18:12",
        "18:30",
        "18:46",
        "18:56",
        "19:10",
        "19:28",
        "19:53",
        "20:28",
        "21:08",
        "22:03"
    ],
    "saturday": [
        "9:53",
        "10:53",
        "11:53",
        "12:53",
        "13:53",
        "14:53",
        "15:53",
        "16:53",
        "17:53",
        "18:53"
    ],
    "holiday": [
        "9:53",
        "10:53",
        "11:53",
        "12:53",
        "13:53",
        "14:53",
        "15:53",
        "16:53",
        "17:28",
        "18:28"
    ],
    "url": "https://www.kanachu.co.jp/dia/diagram/timetable01_js/course:0000802445-24/node:00127712/kt:0/lname:/"
}
