{
    "date": "2025/11/16",
    "name": "工業団地入口(平塚市)",
    "position": "-",
    "system": "平09",
    "destinations": [
        "馬入橋",
        "蔵屋敷",
        "松原(平塚市)",
        "四ツ角(平塚市)",
        "平塚駅北口"
    ],
    "weekday": [
        "9:36",
        "10:16",
        "10:46",
        "11:16",
        "11:46",
        "12:16",
        "12:46",
        "13:16",
        "13:46",
        "14:16",
        "14:46",
        "15:16",
        "15:46",
        "16:16",
        "16:36",
        "16:56",
        "17:13",
        "17:37",
        "17:47",
        "17:57",
        "18:04",
        "18:13",
        "18:31",
        "18:47",
        "18:57",
        "19:11",
        "19:29",
        "19:54",
        "20:29",
        "21:09",
        "22:04"
    ],
    "saturday": [
        "9:54",
        "10:54",
        "11:54",
        "12:54",
        "13:54",
        "14:54",
        "15:54",
        "16:54",
        "17:54",
        "18:54"
    ],
    "holiday": [
        "9:54",
        "10:54",
        "11:54",
        "12:54",
        "13:54",
        "14:54",
        "15:54",
        "16:54",
        "17:29",
        "18:29"
    ],
    "url": "https://www.kanachu.co.jp/dia/diagram/timetable01_js/course:0000802445-25/node:00127679/kt:0/lname:/"
}
