{
    "date": "2025/11/16",
    "name": "馬入橋",
    "position": "-",
    "system": "平09",
    "destinations": [
        "蔵屋敷",
        "松原(平塚市)",
        "四ツ角(平塚市)",
        "平塚駅北口"
    ],
    "weekday": [
        "9:38",
        "10:18",
        "10:48",
        "11:18",
        "11:48",
        "12:18",
        "12:48",
        "13:18",
        "13:48",
        "14:18",
        "14:48",
        "15:18",
        "15:48",
        "16:18",
        "16:38",
        "16:58",
        "17:15",
        "17:39",
        "17:49",
        "17:59",
        "18:06",
        "18:15",
        "18:33",
        "18:49",
        "18:59",
        "19:13",
        "19:31",
        "19:56",
        "20:31",
        "21:11",
        "22:06"
    ],
    "saturday": [
        "9:56",
        "10:56",
        "11:56",
        "12:56",
        "13:56",
        "14:56",
        "15:56",
        "16:56",
        "17:56",
        "18:56"
    ],
    "holiday": [
        "9:56",
        "10:56",
        "11:56",
        "12:56",
        "13:56",
        "14:56",
        "15:56",
        "16:56",
        "17:31",
        "18:31"
    ],
    "url": "https://www.kanachu.co.jp/dia/diagram/timetable01_js/course:0000802445-26/node:00127187/kt:0/lname:/"
}
