{
    "date": "2025/02/24",
    "name": "俣野公園・横浜薬大前",
    "position": "-",
    "system": "戸52",
    "destinations": [
        "横浜薬大南門",
        "三叉路(横浜市戸塚区)",
        "横浜医療センター前",
        "原宿(横浜市戸塚区)",
        "大運寺",
        "吹上(横浜市戸塚区)",
        "西横浜国際総合病院前",
        "新道大坂上",
        "大坂上(横浜市戸塚区)",
        "大坂台",
        "大坂下",
        "八坂神社前",
        "消防署前(横浜市戸塚区)",
        "戸塚駅西口",
        "戸塚バスセンター"
    ],
    "weekday": [
        "5:59",
        "6:17",
        "6:26",
        "6:31",
        "6:58",
        "7:02",
        "7:13",
        "7:20",
        "7:29",
        "7:36",
        "7:41",
        "7:52",
        "8:21",
        "8:49",
        "9:02",
        "10:13",
        "19:59",
        "21:18",
        "21:42"
    ],
    "saturday": [
        "5:40",
        "6:08",
        "21:00",
        "21:24",
        "21:48"
    ],
    "holiday": [
        "5:40",
        "6:11",
        "6:56",
        "7:26",
        "21:00",
        "21:24",
        "21:48"
    ],
    "url": "https://www.kanachu.co.jp/dia/diagram/timetable01_js/course:0000803589-1/node:00126822/kt:0/lname:/"
}
