{
    "date": "2025/02/24",
    "name": "大運寺",
    "position": "-",
    "system": "戸52",
    "destinations": [
        "吹上(横浜市戸塚区)",
        "西横浜国際総合病院前",
        "新道大坂上",
        "大坂上(横浜市戸塚区)",
        "大坂台",
        "大坂下",
        "八坂神社前",
        "消防署前(横浜市戸塚区)",
        "戸塚駅西口",
        "戸塚バスセンター"
    ],
    "weekday": [
        "6:06",
        "6:24",
        "6:34",
        "6:40",
        "7:07",
        "7:11",
        "7:22",
        "7:29",
        "7:38",
        "7:45",
        "7:50",
        "8:01",
        "8:30",
        "8:58",
        "9:09",
        "10:20",
        "20:06",
        "21:25",
        "21:49"
    ],
    "saturday": [
        "5:46",
        "6:14",
        "21:06",
        "21:30",
        "21:54"
    ],
    "holiday": [
        "5:46",
        "6:17",
        "7:02",
        "7:32",
        "21:06",
        "21:30",
        "21:54"
    ],
    "url": "https://www.kanachu.co.jp/dia/diagram/timetable01_js/course:0000803589-6/node:00126817/kt:0/lname:/"
}
