{
    "date": "2025/02/24",
    "name": "吹上(横浜市戸塚区)",
    "position": "-",
    "system": "戸52",
    "destinations": [
        "西横浜国際総合病院前",
        "新道大坂上",
        "大坂上(横浜市戸塚区)",
        "大坂台",
        "大坂下",
        "八坂神社前",
        "消防署前(横浜市戸塚区)",
        "戸塚駅西口",
        "戸塚バスセンター"
    ],
    "weekday": [
        "6:08",
        "6:26",
        "6:37",
        "6:43",
        "7:10",
        "7:14",
        "7:25",
        "7:32",
        "7:41",
        "7:48",
        "7:53",
        "8:04",
        "8:33",
        "9:01",
        "9:11",
        "10:22",
        "20:08",
        "21:27",
        "21:51"
    ],
    "saturday": [
        "5:47",
        "6:15",
        "21:07",
        "21:31",
        "21:55"
    ],
    "holiday": [
        "5:47",
        "6:18",
        "7:03",
        "7:33",
        "21:07",
        "21:31",
        "21:55"
    ],
    "url": "https://www.kanachu.co.jp/dia/diagram/timetable01_js/course:0000803589-7/node:00126816/kt:0/lname:/"
}
