{
    "date": "2025/02/24",
    "name": "大坂上(横浜市戸塚区)",
    "position": "-",
    "system": "戸52",
    "destinations": [
        "大坂台",
        "大坂下",
        "八坂神社前",
        "消防署前(横浜市戸塚区)",
        "戸塚駅西口",
        "戸塚バスセンター"
    ],
    "weekday": [
        "6:11",
        "6:29",
        "6:42",
        "6:48",
        "7:15",
        "7:19",
        "7:30",
        "7:37",
        "7:46",
        "7:53",
        "7:58",
        "8:09",
        "8:38",
        "9:04",
        "9:14",
        "10:25",
        "20:11",
        "21:30",
        "21:54"
    ],
    "saturday": [
        "5:50",
        "6:18",
        "21:10",
        "21:34",
        "21:58"
    ],
    "holiday": [
        "5:50",
        "6:21",
        "7:06",
        "7:36",
        "21:10",
        "21:34",
        "21:58"
    ],
    "url": "https://www.kanachu.co.jp/dia/diagram/timetable01_js/course:0000803589-10/node:00126813/kt:0/lname:/"
}
