{
    "date": "2024/07/08",
    "name": "金井入口",
    "position": "-",
    "system": "町53",
    "destinations": [
        "下大蔵",
        "鶴川市民センター入口",
        "大蔵(鶴川郵便局前/町田市)",
        "川島入口(町田市)",
        "綾部入口",
        "袋橋",
        "野津田神社入口",
        "薬師ヶ丘",
        "薬師池",
        "四季彩の杜西園前",
        "今井谷戸",
        "本町田",
        "ひなた村",
        "第三小学校前(町田市)",
        "菅原神社前(町田市)",
        "体育館前(町田市)",
        "町田郵便局前",
        "五間道路",
        "図書館前(町田市)",
        "中町一丁目(町田市)",
        "町田駅"
    ],
    "weekday": [
        "6:56",
        "7:26",
        "8:32",
        "9:31",
        "10:31",
        "11:31",
        "12:31",
        "13:31",
        "14:31",
        "15:31",
        "16:31",
        "17:31",
        "18:26",
        "19:26",
        "20:43"
    ],
    "saturday": [
        "6:44",
        "7:23",
        "8:33",
        "9:33",
        "10:31",
        "11:31",
        "12:31",
        "13:31",
        "14:31",
        "15:31",
        "16:31",
        "17:31",
        "18:26",
        "19:26",
        "20:31"
    ],
    "holiday": [
        "6:43",
        "7:23",
        "8:33",
        "9:33",
        "10:31",
        "11:31",
        "12:31",
        "13:31",
        "14:31",
        "15:31",
        "16:31",
        "17:31",
        "18:26",
        "19:26",
        "20:32"
    ],
    "url": "https://www.kanachu.co.jp/dia/diagram/timetable01_js/course:0000803461-3/node:00129438/kt:0/lname:/"
}
