{
    "date": "2024/07/08",
    "name": "鶴川市民センター入口",
    "position": "-",
    "system": "町53",
    "destinations": [
        "大蔵(鶴川郵便局前/町田市)",
        "川島入口(町田市)",
        "綾部入口",
        "袋橋",
        "野津田神社入口",
        "薬師ヶ丘",
        "薬師池",
        "四季彩の杜西園前",
        "今井谷戸",
        "本町田",
        "ひなた村",
        "第三小学校前(町田市)",
        "菅原神社前(町田市)",
        "体育館前(町田市)",
        "町田郵便局前",
        "五間道路",
        "図書館前(町田市)",
        "中町一丁目(町田市)",
        "町田駅"
    ],
    "weekday": [
        "6:58",
        "7:28",
        "8:34",
        "9:33",
        "10:33",
        "11:33",
        "12:33",
        "13:33",
        "14:33",
        "15:33",
        "16:33",
        "17:33",
        "18:28",
        "19:28",
        "20:45"
    ],
    "saturday": [
        "6:46",
        "7:25",
        "8:35",
        "9:35",
        "10:33",
        "11:33",
        "12:33",
        "13:33",
        "14:33",
        "15:33",
        "16:33",
        "17:33",
        "18:28",
        "19:28",
        "20:33"
    ],
    "holiday": [
        "6:45",
        "7:25",
        "8:35",
        "9:35",
        "10:33",
        "11:33",
        "12:33",
        "13:33",
        "14:33",
        "15:33",
        "16:33",
        "17:33",
        "18:28",
        "19:28",
        "20:34"
    ],
    "url": "https://www.kanachu.co.jp/dia/diagram/timetable01_js/course:0000803461-5/node:00129436/kt:0/lname:/"
}
