{
    "date": "2024/07/08",
    "name": "大蔵(鶴川郵便局前/町田市)",
    "position": "-",
    "system": "町53",
    "destinations": [
        "川島入口(町田市)",
        "綾部入口",
        "袋橋",
        "野津田神社入口",
        "薬師ヶ丘",
        "薬師池",
        "四季彩の杜西園前",
        "今井谷戸",
        "本町田",
        "ひなた村",
        "第三小学校前(町田市)",
        "菅原神社前(町田市)",
        "体育館前(町田市)",
        "町田郵便局前",
        "五間道路",
        "図書館前(町田市)",
        "中町一丁目(町田市)",
        "町田駅"
    ],
    "weekday": [
        "6:59",
        "7:29",
        "8:35",
        "9:34",
        "10:34",
        "11:34",
        "12:34",
        "13:34",
        "14:34",
        "15:34",
        "16:34",
        "17:34",
        "18:29",
        "19:29",
        "20:46"
    ],
    "saturday": [
        "6:47",
        "7:26",
        "8:36",
        "9:36",
        "10:34",
        "11:34",
        "12:34",
        "13:34",
        "14:34",
        "15:34",
        "16:34",
        "17:34",
        "18:29",
        "19:29",
        "20:34"
    ],
    "holiday": [
        "6:46",
        "7:26",
        "8:36",
        "9:36",
        "10:34",
        "11:34",
        "12:34",
        "13:34",
        "14:34",
        "15:34",
        "16:34",
        "17:34",
        "18:29",
        "19:29",
        "20:35"
    ],
    "url": "https://www.kanachu.co.jp/dia/diagram/timetable01_js/course:0000803461-6/node:00129435/kt:0/lname:/"
}
