{
    "date": "2024/07/08",
    "name": "薬師ヶ丘",
    "position": "-",
    "system": "町53",
    "destinations": [
        "薬師池",
        "四季彩の杜西園前",
        "今井谷戸",
        "本町田",
        "ひなた村",
        "第三小学校前(町田市)",
        "菅原神社前(町田市)",
        "体育館前(町田市)",
        "町田郵便局前",
        "五間道路",
        "図書館前(町田市)",
        "中町一丁目(町田市)",
        "町田駅"
    ],
    "weekday": [
        "7:09",
        "7:39",
        "8:45",
        "9:43",
        "10:44",
        "11:44",
        "12:44",
        "13:44",
        "14:44",
        "15:45",
        "16:45",
        "17:45",
        "18:40",
        "19:38",
        "20:55"
    ],
    "saturday": [
        "6:55",
        "7:35",
        "8:45",
        "9:46",
        "10:44",
        "11:45",
        "12:45",
        "13:45",
        "14:45",
        "15:45",
        "16:45",
        "17:45",
        "18:40",
        "19:38",
        "20:43"
    ],
    "holiday": [
        "6:54",
        "7:34",
        "8:44",
        "9:45",
        "10:43",
        "11:44",
        "12:44",
        "13:44",
        "14:44",
        "15:44",
        "16:44",
        "17:44",
        "18:38",
        "19:38",
        "20:43"
    ],
    "url": "https://www.kanachu.co.jp/dia/diagram/timetable01_js/course:0000803461-11/node:00129428/kt:0/lname:/"
}
