{
    "date": "2024/07/08",
    "name": "ひなた村",
    "position": "-",
    "system": "町53",
    "destinations": [
        "第三小学校前(町田市)",
        "菅原神社前(町田市)",
        "体育館前(町田市)",
        "町田郵便局前",
        "五間道路",
        "図書館前(町田市)",
        "中町一丁目(町田市)",
        "町田駅"
    ],
    "weekday": [
        "7:16",
        "7:46",
        "8:52",
        "9:50",
        "10:51",
        "11:51",
        "12:51",
        "13:51",
        "14:51",
        "15:52",
        "16:52",
        "17:52",
        "18:47",
        "19:44",
        "21:01"
    ],
    "saturday": [
        "7:01",
        "7:42",
        "8:52",
        "9:53",
        "10:51",
        "11:52",
        "12:52",
        "13:52",
        "14:52",
        "15:52",
        "16:52",
        "17:52",
        "18:47",
        "19:44",
        "20:49"
    ],
    "holiday": [
        "7:00",
        "7:40",
        "8:50",
        "9:52",
        "10:50",
        "11:51",
        "12:51",
        "13:51",
        "14:51",
        "15:51",
        "16:51",
        "17:51",
        "18:44",
        "19:44",
        "20:49"
    ],
    "url": "https://www.kanachu.co.jp/dia/diagram/timetable01_js/course:0000803461-16/node:00129424/kt:0/lname:/"
}
