{
    "date": "2025/08/30",
    "name": "芸術劇場・NHK前",
    "position": "-",
    "system": "",
    "destinations": [
        "中華街入口",
        "山下町(横浜市中区)",
        "元町入口",
        "港の見える丘公園前",
        "元町公園前",
        "代官坂上",
        "山手町(横浜市中区)",
        "イタリア山庭園前",
        "地蔵坂上(横浜市中区)",
        "打越橋",
        "石川小学校前(横浜市南区)",
        "唐沢(横浜市南区)",
        "平楽中学校前",
        "中丸(横浜市南区)",
        "増徳院前",
        "山谷(横浜市南区)",
        "中村橋(横浜市南区)",
        "東蒔田町",
        "堀の内町",
        "榎町二丁目",
        "蒔田駅前",
        "蒔田中学校前(横浜市南区)",
        "井土ヶ谷下町",
        "南センター(横浜市南区)",
        "井土ヶ谷",
        "井土ヶ谷駅前",
        "南太田四丁目",
        "北永田",
        "保土ヶ谷橋",
        "保土ヶ谷駅東口"
    ],
    "weekday": [
        "6:42",
        "7:10",
        "7:26",
        "7:42",
        "7:52",
        "8:04",
        "8:23",
        "8:38",
        "8:53",
        "9:10",
        "9:28",
        "9:57",
        "10:30",
        "10:50",
        "11:13",
        "11:38",
        "12:03",
        "12:28",
        "12:59",
        "13:20",
        "13:45",
        "14:13",
        "14:33",
        "15:03",
        "15:33",
        "16:03",
        "16:35",
        "17:06",
        "17:26",
        "17:41",
        "17:59",
        "18:19",
        "19:23",
        "21:04"
    ],
    "saturday": [
        "6:46",
        "7:12",
        "7:37",
        "8:07",
        "8:39",
        "9:07",
        "9:37",
        "10:07",
        "10:32",
        "10:50",
        "11:12",
        "11:30",
        "11:52",
        "12:22",
        "12:51",
        "13:22",
        "13:52",
        "14:22",
        "14:50",
        "15:22",
        "15:52",
        "16:22",
        "16:50",
        "17:22"
    ],
    "holiday": [
        "6:46",
        "7:10",
        "7:35",
        "8:07",
        "8:39",
        "9:07",
        "9:37",
        "10:07",
        "10:32",
        "10:50",
        "11:12",
        "11:30",
        "11:52",
        "12:22",
        "12:51",
        "13:22",
        "13:52",
        "14:22",
        "14:50",
        "15:22",
        "15:52",
        "16:22",
        "16:50",
        "17:22"
    ],
    "url": "https://www.kanachu.co.jp/dia/diagram/timetable01_js/course:0000802081-6/node:00102401/kt:0/lname:/"
}
