{
    "date": "2026/01/16",
    "name": "図師大橋",
    "position": "-",
    "system": "町39",
    "destinations": [
        "日影橋",
        "日大三高入口",
        "市立室内プール",
        "尾根緑道入口",
        "桜美林学園東",
        "忠生都営住宅前",
        "根岸(根岸町/町田市)",
        "下根岸(町田市)",
        "上宿(町田市)",
        "忠生公園入口",
        "木曽(町田市)",
        "三家(町田市)",
        "木曽住宅",
        "滝の沢(町田市)",
        "浄水場前(町田市)",
        "市民病院前(町田市)",
        "森野三丁目",
        "第四小学校前(町田市)",
        "町田市役所市民ホール前",
        "町田バスセンター"
    ],
    "weekday": [
        "6:23",
        "7:36",
        "8:36",
        "9:21",
        "10:16",
        "11:06",
        "11:56",
        "12:16",
        "12:36",
        "13:38",
        "14:26",
        "15:16",
        "16:16",
        "17:11",
        "17:36",
        "18:01",
        "18:51",
        "19:45",
        "20:05",
        "20:35",
        "21:25"
    ],
    "saturday": [
        "7:41",
        "8:36",
        "9:26",
        "10:16",
        "11:06",
        "11:58",
        "12:46",
        "13:36",
        "14:16",
        "15:26",
        "16:26",
        "17:26",
        "18:39",
        "19:25"
    ],
    "holiday": [
        "7:41",
        "8:36",
        "9:23",
        "10:16",
        "11:06",
        "11:34",
        "11:56",
        "12:46",
        "13:36",
        "14:26",
        "15:22",
        "16:16",
        "17:26",
        "18:10",
        "19:17"
    ],
    "url": "https://www.kanachu.co.jp/dia/diagram/timetable01_js/course:0000803951-5/node:00129369/kt:0/lname:/"
}
