{
    "date": "2026/01/16",
    "name": "市立室内プール",
    "position": "-",
    "system": "町39",
    "destinations": [
        "尾根緑道入口",
        "桜美林学園東",
        "忠生都営住宅前",
        "根岸(根岸町/町田市)",
        "下根岸(町田市)",
        "上宿(町田市)",
        "忠生公園入口",
        "木曽(町田市)",
        "三家(町田市)",
        "木曽住宅",
        "滝の沢(町田市)",
        "浄水場前(町田市)",
        "市民病院前(町田市)",
        "森野三丁目",
        "第四小学校前(町田市)",
        "町田市役所市民ホール前",
        "町田バスセンター"
    ],
    "weekday": [
        "6:27",
        "7:41",
        "8:41",
        "9:26",
        "10:21",
        "11:11",
        "12:01",
        "12:21",
        "12:41",
        "13:43",
        "14:31",
        "15:21",
        "16:21",
        "17:16",
        "17:41",
        "18:06",
        "18:56",
        "19:50",
        "20:10",
        "20:40",
        "21:29"
    ],
    "saturday": [
        "7:46",
        "8:41",
        "9:31",
        "10:21",
        "11:11",
        "12:03",
        "12:51",
        "13:41",
        "14:21",
        "15:31",
        "16:31",
        "17:31",
        "18:44",
        "19:30"
    ],
    "holiday": [
        "7:46",
        "8:41",
        "9:28",
        "10:21",
        "11:11",
        "11:39",
        "12:01",
        "12:51",
        "13:41",
        "14:31",
        "15:27",
        "16:21",
        "17:31",
        "18:15",
        "19:22"
    ],
    "url": "https://www.kanachu.co.jp/dia/diagram/timetable01_js/course:0000803951-8/node:00129487/kt:0/lname:/"
}
