{
    "date": "2026/01/16",
    "name": "市民病院前(町田市)",
    "position": "-",
    "system": "町39",
    "destinations": [
        "森野三丁目",
        "第四小学校前(町田市)",
        "町田市役所市民ホール前",
        "町田バスセンター"
    ],
    "weekday": [
        "6:43",
        "7:58",
        "8:58",
        "9:43",
        "10:38",
        "11:28",
        "12:18",
        "12:38",
        "12:58",
        "14:00",
        "14:48",
        "15:38",
        "16:38",
        "17:33",
        "17:58",
        "18:23",
        "19:12",
        "20:05",
        "20:25",
        "20:55",
        "21:42"
    ],
    "saturday": [
        "8:02",
        "8:57",
        "9:48",
        "10:38",
        "11:28",
        "12:20",
        "13:08",
        "13:58",
        "14:38",
        "15:48",
        "16:48",
        "17:48",
        "19:01",
        "19:45"
    ],
    "holiday": [
        "8:01",
        "8:56",
        "9:45",
        "10:38",
        "11:28",
        "11:56",
        "12:18",
        "13:08",
        "13:58",
        "14:48",
        "15:44",
        "16:38",
        "17:48",
        "18:29",
        "19:36"
    ],
    "url": "https://www.kanachu.co.jp/dia/diagram/timetable01_js/course:0000803951-21/node:00129359/kt:0/lname:/"
}
