{
    "date": "2026/01/16",
    "name": "町田市役所市民ホール前",
    "position": "-",
    "system": "町39",
    "destinations": [
        "町田バスセンター"
    ],
    "weekday": [
        "6:48",
        "8:03",
        "9:03",
        "9:48",
        "10:43",
        "11:33",
        "12:23",
        "12:43",
        "13:03",
        "14:05",
        "14:53",
        "15:43",
        "16:43",
        "17:38",
        "18:03",
        "18:28",
        "19:17",
        "20:10",
        "20:30",
        "21:00",
        "21:46"
    ],
    "saturday": [
        "8:07",
        "9:02",
        "9:53",
        "10:43",
        "11:33",
        "12:25",
        "13:13",
        "14:03",
        "14:43",
        "15:53",
        "16:53",
        "17:53",
        "19:06",
        "19:50"
    ],
    "holiday": [
        "8:06",
        "9:01",
        "9:50",
        "10:43",
        "11:33",
        "12:01",
        "12:23",
        "13:13",
        "14:03",
        "14:53",
        "15:49",
        "16:43",
        "17:53",
        "18:34",
        "19:41"
    ],
    "url": "https://www.kanachu.co.jp/dia/diagram/timetable01_js/course:0000803951-24/node:00129356/kt:0/lname:/"
}
