{
    "system": "町39",
    "busstops": [
        {
            "index": "1",
            "id": "00129373",
            "name": "野津田車庫",
            "lat": "35.587098",
            "lng": "139.44133"
        },
        {
            "index": "2",
            "id": "00129372",
            "name": "神学校(町田市)",
            "lat": "35.585397",
            "lng": "139.435935"
        },
        {
            "index": "3",
            "id": "00129371",
            "name": "並木(町田市)",
            "lat": "35.584377",
            "lng": "139.431034"
        },
        {
            "index": "4",
            "id": "00129370",
            "name": "図師",
            "lat": "35.582987",
            "lng": "139.425704"
        },
        {
            "index": "5",
            "id": "00129369",
            "name": "図師大橋",
            "lat": "35.583191",
            "lng": "139.423435"
        },
        {
            "index": "6",
            "id": "00129407",
            "name": "日影橋",
            "lat": "35.587322",
            "lng": "139.419864"
        },
        {
            "index": "7",
            "id": "00129408",
            "name": "日大三高入口",
            "lat": "35.589796",
            "lng": "139.418283"
        },
        {
            "index": "8",
            "id": "00129487",
            "name": "市立室内プール",
            "lat": "35.58638",
            "lng": "139.41285"
        },
        {
            "index": "9",
            "id": "00129486",
            "name": "尾根緑道入口",
            "lat": "35.584021",
            "lng": "139.409544"
        },
        {
            "index": "10",
            "id": "00129485",
            "name": "桜美林学園東",
            "lat": "35.580049",
            "lng": "139.408458"
        },
        {
            "index": "11",
            "id": "00129515",
            "name": "忠生都営住宅前",
            "lat": "35.579272",
            "lng": "139.408664"
        },
        {
            "index": "12",
            "id": "00129367",
            "name": "根岸(根岸町/町田市)",
            "lat": "35.578013",
            "lng": "139.412225"
        },
        {
            "index": "13",
            "id": "00129366",
            "name": "下根岸(町田市)",
            "lat": "35.575986",
            "lng": "139.415872"
        },
        {
            "index": "14",
            "id": "00129365",
            "name": "上宿(町田市)",
            "lat": "35.574042",
            "lng": "139.4196"
        },
        {
            "index": "15",
            "id": "00129494",
            "name": "忠生公園入口",
            "lat": "35.571573",
            "lng": "139.42098"
        },
        {
            "index": "16",
            "id": "00129364",
            "name": "木曽(町田市)",
            "lat": "35.567921",
            "lng": "139.42294"
        },
        {
            "index": "17",
            "id": "00129363",
            "name": "三家(町田市)",
            "lat": "35.564466",
            "lng": "139.425704"
        },
        {
            "index": "18",
            "id": "00129362",
            "name": "木曽住宅",
            "lat": "35.563166",
            "lng": "139.426949"
        },
        {
            "index": "19",
            "id": "00129361",
            "name": "滝の沢(町田市)",
            "lat": "35.559343",
            "lng": "139.430489"
        },
        {
            "index": "20",
            "id": "00129360",
            "name": "浄水場前(町田市)",
            "lat": "35.55662",
            "lng": "139.434645"
        },
        {
            "index": "21",
            "id": "00129359",
            "name": "市民病院前(町田市)",
            "lat": "35.554809",
            "lng": "139.436868"
        },
        {
            "index": "22",
            "id": "00129358",
            "name": "森野三丁目",
            "lat": "35.552844",
            "lng": "139.439345"
        },
        {
            "index": "23",
            "id": "00129357",
            "name": "第四小学校前(町田市)",
            "lat": "35.55096",
            "lng": "139.438816"
        },
        {
            "index": "24",
            "id": "00129356",
            "name": "町田市役所市民ホール前",
            "lat": "35.547368",
            "lng": "139.438983"
        },
        {
            "index": "25",
            "id": "00025625",
            "name": "町田バスセンター",
            "lat": "35.543525",
            "lng": "139.444385"
        }
    ],
    "route_url": "https://www.kanachu.co.jp/dia/route/index/cid:0000803951/"
}
