{
    "date": "2025/01/14",
    "name": "南林間駅",
    "position": "-",
    "system": "小02",
    "destinations": [
        "南林間駅前通り",
        "九条",
        "十一条",
        "ひばりが丘一丁目(座間市)",
        "小松原二丁目",
        "小松原(座間市)",
        "小松原入口",
        "相模が丘",
        "マルマン工場前",
        "小田急住宅前(座間市)",
        "相模台",
        "小田急相模原駅"
    ],
    "weekday": [
        "5:50",
        "6:20",
        "6:50",
        "7:20",
        "7:50",
        "8:25",
        "9:35",
        "10:35",
        "11:35",
        "12:35",
        "13:35",
        "14:35",
        "15:35",
        "16:35"
    ],
    "saturday": [
        "6:35",
        "7:35",
        "8:35",
        "9:35",
        "10:35",
        "11:35",
        "12:35",
        "13:35",
        "14:35",
        "15:35",
        "16:35",
        "17:35",
        "18:35",
        "19:35",
        "20:35"
    ],
    "holiday": [
        "6:35",
        "7:35",
        "8:35",
        "9:35",
        "10:35",
        "11:35",
        "12:35",
        "13:35",
        "14:35",
        "15:35",
        "16:35",
        "17:35",
        "18:35",
        "19:35",
        "20:35"
    ],
    "url": "https://www.kanachu.co.jp/dia/diagram/timetable01_js/course:0000800256-1/node:00129666/kt:0/lname:/"
}
