{
    "date": "2025/01/14",
    "name": "十一条",
    "position": "-",
    "system": "小02",
    "destinations": [
        "ひばりが丘一丁目(座間市)",
        "小松原二丁目",
        "小松原(座間市)",
        "小松原入口",
        "相模が丘",
        "マルマン工場前",
        "小田急住宅前(座間市)",
        "相模台",
        "小田急相模原駅"
    ],
    "weekday": [
        "5:53",
        "6:23",
        "6:53",
        "7:23",
        "7:53",
        "8:28",
        "9:38",
        "10:38",
        "11:38",
        "12:38",
        "13:38",
        "14:38",
        "15:38",
        "16:38"
    ],
    "saturday": [
        "6:38",
        "7:38",
        "8:38",
        "9:38",
        "10:38",
        "11:38",
        "12:38",
        "13:38",
        "14:38",
        "15:38",
        "16:38",
        "17:38",
        "18:38",
        "19:38",
        "20:38"
    ],
    "holiday": [
        "6:38",
        "7:38",
        "8:38",
        "9:38",
        "10:38",
        "11:38",
        "12:38",
        "13:38",
        "14:38",
        "15:38",
        "16:38",
        "17:38",
        "18:38",
        "19:38",
        "20:38"
    ],
    "url": "https://www.kanachu.co.jp/dia/diagram/timetable01_js/course:0000800256-4/node:00129683/kt:0/lname:/"
}
