{
    "date": "2025/01/14",
    "name": "小松原二丁目",
    "position": "-",
    "system": "小02",
    "destinations": [
        "小松原(座間市)",
        "小松原入口",
        "相模が丘",
        "マルマン工場前",
        "小田急住宅前(座間市)",
        "相模台",
        "小田急相模原駅"
    ],
    "weekday": [
        "5:55",
        "6:25",
        "6:55",
        "7:26",
        "7:56",
        "8:31",
        "9:41",
        "10:41",
        "11:41",
        "12:41",
        "13:41",
        "14:41",
        "15:41",
        "16:41"
    ],
    "saturday": [
        "6:40",
        "7:41",
        "8:41",
        "9:41",
        "10:41",
        "11:41",
        "12:41",
        "13:41",
        "14:41",
        "15:41",
        "16:41",
        "17:41",
        "18:41",
        "19:41",
        "20:41"
    ],
    "holiday": [
        "6:40",
        "7:41",
        "8:41",
        "9:41",
        "10:41",
        "11:41",
        "12:41",
        "13:41",
        "14:41",
        "15:41",
        "16:41",
        "17:41",
        "18:41",
        "19:41",
        "20:41"
    ],
    "url": "https://www.kanachu.co.jp/dia/diagram/timetable01_js/course:0000800256-6/node:00129681/kt:0/lname:/"
}
