{
    "date": "2025/01/14",
    "name": "マルマン工場前",
    "position": "-",
    "system": "小02",
    "destinations": [
        "小田急住宅前(座間市)",
        "相模台",
        "小田急相模原駅"
    ],
    "weekday": [
        "6:01",
        "6:31",
        "7:01",
        "7:33",
        "8:03",
        "8:38",
        "9:48",
        "10:48",
        "11:48",
        "12:48",
        "13:48",
        "14:48",
        "15:48",
        "16:48"
    ],
    "saturday": [
        "6:46",
        "7:48",
        "8:48",
        "9:48",
        "10:48",
        "11:48",
        "12:48",
        "13:48",
        "14:48",
        "15:48",
        "16:48",
        "17:48",
        "18:48",
        "19:48",
        "20:48"
    ],
    "holiday": [
        "6:46",
        "7:48",
        "8:48",
        "9:48",
        "10:48",
        "11:48",
        "12:48",
        "13:48",
        "14:48",
        "15:48",
        "16:48",
        "17:48",
        "18:48",
        "19:48",
        "20:48"
    ],
    "url": "https://www.kanachu.co.jp/dia/diagram/timetable01_js/course:0000800256-10/node:00129677/kt:0/lname:/"
}
