{
    "date": "2025/01/14",
    "name": "小田急住宅前(座間市)",
    "position": "-",
    "system": "小02",
    "destinations": [
        "相模台",
        "小田急相模原駅"
    ],
    "weekday": [
        "6:02",
        "6:32",
        "7:02",
        "7:34",
        "8:04",
        "8:39",
        "9:49",
        "10:49",
        "11:49",
        "12:49",
        "13:49",
        "14:49",
        "15:49",
        "16:49"
    ],
    "saturday": [
        "6:47",
        "7:49",
        "8:49",
        "9:49",
        "10:49",
        "11:49",
        "12:49",
        "13:49",
        "14:49",
        "15:49",
        "16:49",
        "17:49",
        "18:49",
        "19:49",
        "20:49"
    ],
    "holiday": [
        "6:47",
        "7:49",
        "8:49",
        "9:49",
        "10:49",
        "11:49",
        "12:49",
        "13:49",
        "14:49",
        "15:49",
        "16:49",
        "17:49",
        "18:49",
        "19:49",
        "20:49"
    ],
    "url": "https://www.kanachu.co.jp/dia/diagram/timetable01_js/course:0000800256-11/node:00129676/kt:0/lname:/"
}
