{
    "date": "2025/08/21",
    "name": "淵野辺駅北口",
    "position": "-",
    "system": "淵25",
    "destinations": [
        "日大三高"
    ],
    "weekday": [
        "7:35",
        "7:39",
        "7:43",
        "7:47",
        "7:53",
        "7:57",
        "8:01",
        "8:03",
        "8:05",
        "8:08",
        "8:11",
        "8:13",
        "8:15"
    ],
    "saturday": [
        "7:35",
        "7:39",
        "7:43",
        "7:47",
        "7:53",
        "7:57",
        "8:01",
        "8:03",
        "8:05",
        "8:08",
        "8:11",
        "8:13",
        "8:15"
    ],
    "holiday": [
        "8:10",
        "12:10"
    ],
    "url": "https://www.kanachu.co.jp/dia/diagram/timetable01_js/course:0000800255-1/node:00129246/kt:0/lname:/"
}
