{
    "date": "2026/01/16",
    "name": "上大岡駅",
    "position": "-",
    "system": "上31",
    "destinations": [
        "関の下",
        "笹下港南中央通り",
        "港南区総合庁舎前",
        "吉原(横浜市港南区)",
        "吉原前",
        "日野三丁目",
        "シティクレスト前",
        "日野ヶ丘東",
        "日野ヶ丘中央",
        "日野サザンポート前",
        "公務員住宅中央",
        "下野庭三田",
        "公務員住宅中央",
        "日野サザンポート前",
        "日野ヶ丘中央",
        "日野ヶ丘東",
        "シティクレスト前",
        "下車ヶ谷",
        "吉原前",
        "吉原下根",
        "吉原(横浜市港南区)",
        "港南区総合庁舎前",
        "笹下港南中央通り",
        "関の下",
        "上大岡駅"
    ],
    "weekday": [
        "6:36",
        "7:05",
        "7:24",
        "7:40",
        "7:58",
        "8:30",
        "9:20",
        "10:35",
        "11:24",
        "11:55",
        "12:45",
        "13:11",
        "14:00",
        "14:24",
        "15:15",
        "16:05",
        "16:55",
        "17:45",
        "18:11",
        "18:35",
        "19:00",
        "20:08",
        "20:59"
    ],
    "saturday": [
        "7:08",
        "7:53",
        "8:38",
        "10:18",
        "11:07",
        "11:58",
        "12:48",
        "13:38",
        "14:28",
        "15:18",
        "16:07",
        "16:58",
        "17:48",
        "19:03",
        "19:28",
        "20:18"
    ],
    "holiday": [
        "7:08",
        "7:53",
        "8:38",
        "10:18",
        "11:07",
        "11:58",
        "12:48",
        "13:38",
        "14:28",
        "15:18",
        "16:07",
        "16:58",
        "17:48",
        "18:38"
    ],
    "url": "https://www.kanachu.co.jp/dia/diagram/timetable01_js/course:0000803957-1/node:00102366/kt:0/lname:/"
}
