{
    "date": "2026/01/16",
    "name": "日野ヶ丘中央",
    "position": "-",
    "system": "上31",
    "destinations": [
        "日野サザンポート前",
        "公務員住宅中央",
        "下野庭三田",
        "公務員住宅中央",
        "日野サザンポート前",
        "日野ヶ丘中央",
        "日野ヶ丘東",
        "シティクレスト前",
        "下車ヶ谷",
        "吉原前",
        "吉原下根",
        "吉原(横浜市港南区)",
        "港南区総合庁舎前",
        "笹下港南中央通り",
        "関の下",
        "上大岡駅"
    ],
    "weekday": [
        "6:48",
        "7:17",
        "7:36",
        "7:52",
        "8:10",
        "8:42",
        "9:32",
        "10:47",
        "11:36",
        "12:07",
        "12:57",
        "13:23",
        "14:12",
        "14:36",
        "15:27",
        "16:17",
        "17:07",
        "17:57",
        "18:23",
        "18:47",
        "19:12",
        "20:20",
        "21:11"
    ],
    "saturday": [
        "7:20",
        "8:05",
        "8:50",
        "10:30",
        "11:19",
        "12:10",
        "13:00",
        "13:50",
        "14:40",
        "15:30",
        "16:19",
        "17:10",
        "18:00",
        "19:15",
        "19:40",
        "20:30"
    ],
    "holiday": [
        "7:20",
        "8:05",
        "8:50",
        "10:30",
        "11:19",
        "12:10",
        "13:00",
        "13:50",
        "14:40",
        "15:30",
        "16:19",
        "17:10",
        "18:00",
        "18:50"
    ],
    "url": "https://www.kanachu.co.jp/dia/diagram/timetable01_js/course:0000803957-10/node:00126770/kt:0/lname:/"
}
