{
    "date": "2026/01/16",
    "name": "日野サザンポート前",
    "position": "-",
    "system": "上31",
    "destinations": [
        "公務員住宅中央",
        "下野庭三田",
        "公務員住宅中央",
        "日野サザンポート前",
        "日野ヶ丘中央",
        "日野ヶ丘東",
        "シティクレスト前",
        "下車ヶ谷",
        "吉原前",
        "吉原下根",
        "吉原(横浜市港南区)",
        "港南区総合庁舎前",
        "笹下港南中央通り",
        "関の下",
        "上大岡駅"
    ],
    "weekday": [
        "6:49",
        "7:18",
        "7:37",
        "7:53",
        "8:11",
        "8:43",
        "9:33",
        "10:48",
        "11:37",
        "12:08",
        "12:58",
        "13:24",
        "14:13",
        "14:37",
        "15:28",
        "16:18",
        "17:08",
        "17:58",
        "18:24",
        "18:48",
        "19:13",
        "20:21",
        "21:12"
    ],
    "saturday": [
        "7:21",
        "8:06",
        "8:51",
        "10:31",
        "11:20",
        "12:11",
        "13:01",
        "13:51",
        "14:41",
        "15:31",
        "16:20",
        "17:11",
        "18:01",
        "19:16",
        "19:41",
        "20:31"
    ],
    "holiday": [
        "7:21",
        "8:06",
        "8:51",
        "10:31",
        "11:20",
        "12:11",
        "13:01",
        "13:51",
        "14:41",
        "15:31",
        "16:20",
        "17:11",
        "18:01",
        "18:51"
    ],
    "url": "https://www.kanachu.co.jp/dia/diagram/timetable01_js/course:0000803957-11/node:00126771/kt:0/lname:/"
}
