{
    "date": "2026/01/16",
    "name": "日野サザンポート前",
    "position": "-",
    "system": "上31",
    "destinations": [
        "日野ヶ丘中央",
        "日野ヶ丘東",
        "シティクレスト前",
        "下車ヶ谷",
        "吉原前",
        "吉原下根",
        "吉原(横浜市港南区)",
        "港南区総合庁舎前",
        "笹下港南中央通り",
        "関の下",
        "上大岡駅"
    ],
    "weekday": [
        "6:54",
        "7:23",
        "7:42",
        "7:58",
        "8:16",
        "8:48",
        "9:38",
        "10:53",
        "11:42",
        "12:13",
        "13:03",
        "13:29",
        "14:18",
        "14:42",
        "15:33",
        "16:23",
        "17:13",
        "18:03",
        "18:29",
        "18:53",
        "19:18",
        "20:26",
        "21:17"
    ],
    "saturday": [
        "7:26",
        "8:11",
        "8:56",
        "10:36",
        "11:25",
        "12:16",
        "13:06",
        "13:56",
        "14:46",
        "15:36",
        "16:25",
        "17:16",
        "18:06",
        "19:21",
        "19:46",
        "20:36"
    ],
    "holiday": [
        "7:26",
        "8:11",
        "8:56",
        "10:36",
        "11:25",
        "12:16",
        "13:06",
        "13:56",
        "14:46",
        "15:36",
        "16:25",
        "17:16",
        "18:06",
        "18:56"
    ],
    "url": "https://www.kanachu.co.jp/dia/diagram/timetable01_js/course:0000803957-15/node:00126771/kt:0/lname:/"
}
