{
    "date": "2026/01/16",
    "name": "日野ヶ丘東",
    "position": "-",
    "system": "上31",
    "destinations": [
        "シティクレスト前",
        "下車ヶ谷",
        "吉原前",
        "吉原下根",
        "吉原(横浜市港南区)",
        "港南区総合庁舎前",
        "笹下港南中央通り",
        "関の下",
        "上大岡駅"
    ],
    "weekday": [
        "6:56",
        "7:25",
        "7:44",
        "8:00",
        "8:18",
        "8:50",
        "9:40",
        "10:55",
        "11:44",
        "12:15",
        "13:05",
        "13:31",
        "14:20",
        "14:44",
        "15:35",
        "16:25",
        "17:15",
        "18:05",
        "18:31",
        "18:55",
        "19:20",
        "20:28",
        "21:19"
    ],
    "saturday": [
        "7:28",
        "8:13",
        "8:58",
        "10:38",
        "11:27",
        "12:18",
        "13:08",
        "13:58",
        "14:48",
        "15:38",
        "16:27",
        "17:18",
        "18:08",
        "19:23",
        "19:48",
        "20:38"
    ],
    "holiday": [
        "7:28",
        "8:13",
        "8:58",
        "10:38",
        "11:27",
        "12:18",
        "13:08",
        "13:58",
        "14:48",
        "15:38",
        "16:27",
        "17:18",
        "18:08",
        "18:58"
    ],
    "url": "https://www.kanachu.co.jp/dia/diagram/timetable01_js/course:0000803957-17/node:00126769/kt:0/lname:/"
}
