{
    "date": "2026/01/16",
    "name": "シティクレスト前",
    "position": "-",
    "system": "上31",
    "destinations": [
        "下車ヶ谷",
        "吉原前",
        "吉原下根",
        "吉原(横浜市港南区)",
        "港南区総合庁舎前",
        "笹下港南中央通り",
        "関の下",
        "上大岡駅"
    ],
    "weekday": [
        "6:57",
        "7:26",
        "7:45",
        "8:01",
        "8:19",
        "8:51",
        "9:41",
        "10:56",
        "11:45",
        "12:16",
        "13:06",
        "13:32",
        "14:21",
        "14:45",
        "15:36",
        "16:26",
        "17:16",
        "18:06",
        "18:32",
        "18:56",
        "19:21",
        "20:29",
        "21:20"
    ],
    "saturday": [
        "7:29",
        "8:14",
        "8:59",
        "10:39",
        "11:28",
        "12:19",
        "13:09",
        "13:59",
        "14:49",
        "15:39",
        "16:28",
        "17:19",
        "18:09",
        "19:24",
        "19:49",
        "20:39"
    ],
    "holiday": [
        "7:29",
        "8:14",
        "8:59",
        "10:39",
        "11:28",
        "12:19",
        "13:09",
        "13:59",
        "14:49",
        "15:39",
        "16:28",
        "17:19",
        "18:09",
        "18:59"
    ],
    "url": "https://www.kanachu.co.jp/dia/diagram/timetable01_js/course:0000803957-18/node:00126768/kt:0/lname:/"
}
