{
    "date": "2026/01/16",
    "name": "港南区総合庁舎前",
    "position": "-",
    "system": "上31",
    "destinations": [
        "笹下港南中央通り",
        "関の下",
        "上大岡駅"
    ],
    "weekday": [
        "7:04",
        "7:33",
        "7:52",
        "8:08",
        "8:26",
        "8:58",
        "9:48",
        "11:03",
        "11:52",
        "12:23",
        "13:13",
        "13:39",
        "14:28",
        "14:52",
        "15:43",
        "16:33",
        "17:23",
        "18:13",
        "18:39",
        "19:03",
        "19:28",
        "20:35",
        "21:26"
    ],
    "saturday": [
        "7:36",
        "8:21",
        "9:06",
        "10:46",
        "11:35",
        "12:26",
        "13:16",
        "14:06",
        "14:56",
        "15:46",
        "16:35",
        "17:26",
        "18:16",
        "19:31",
        "19:56",
        "20:45"
    ],
    "holiday": [
        "7:36",
        "8:21",
        "9:06",
        "10:46",
        "11:35",
        "12:26",
        "13:16",
        "14:06",
        "14:56",
        "15:46",
        "16:35",
        "17:26",
        "18:16",
        "19:06"
    ],
    "url": "https://www.kanachu.co.jp/dia/diagram/timetable01_js/course:0000803957-23/node:00102499/kt:0/lname:/"
}
