{
    "system": "上31",
    "busstops": [
        {
            "index": "1",
            "id": "00102366",
            "name": "上大岡駅",
            "lat": "35.40818",
            "lng": "139.596149"
        },
        {
            "index": "2",
            "id": "00102671",
            "name": "関の下",
            "lat": "35.405298",
            "lng": "139.595117"
        },
        {
            "index": "3",
            "id": "00126558",
            "name": "笹下港南中央通り",
            "lat": "35.402548",
            "lng": "139.593365"
        },
        {
            "index": "4",
            "id": "00102499",
            "name": "港南区総合庁舎前",
            "lat": "35.401087",
            "lng": "139.591092"
        },
        {
            "index": "5",
            "id": "00103230",
            "name": "吉原(横浜市港南区)",
            "lat": "35.398472",
            "lng": "139.587939"
        },
        {
            "index": "6",
            "id": "00126766",
            "name": "吉原前",
            "lat": "35.396275",
            "lng": "139.584873"
        },
        {
            "index": "7",
            "id": "00126767",
            "name": "日野三丁目",
            "lat": "35.396906",
            "lng": "139.58133"
        },
        {
            "index": "8",
            "id": "00126768",
            "name": "シティクレスト前",
            "lat": "35.396636",
            "lng": "139.579377"
        },
        {
            "index": "9",
            "id": "00126769",
            "name": "日野ヶ丘東",
            "lat": "35.395768",
            "lng": "139.578862"
        },
        {
            "index": "10",
            "id": "00126770",
            "name": "日野ヶ丘中央",
            "lat": "35.39382",
            "lng": "139.579443"
        },
        {
            "index": "11",
            "id": "00126771",
            "name": "日野サザンポート前",
            "lat": "35.393",
            "lng": "139.57828"
        },
        {
            "index": "12",
            "id": "00126772",
            "name": "公務員住宅中央",
            "lat": "35.392709",
            "lng": "139.576325"
        },
        {
            "index": "13",
            "id": "00126773",
            "name": "下野庭三田",
            "lat": "35.393656",
            "lng": "139.574547"
        },
        {
            "index": "14",
            "id": "00126772",
            "name": "公務員住宅中央",
            "lat": "35.392447",
            "lng": "139.577043"
        },
        {
            "index": "15",
            "id": "00126771",
            "name": "日野サザンポート前",
            "lat": "35.392978",
            "lng": "139.578153"
        },
        {
            "index": "16",
            "id": "00126770",
            "name": "日野ヶ丘中央",
            "lat": "35.393997",
            "lng": "139.579301"
        },
        {
            "index": "17",
            "id": "00126769",
            "name": "日野ヶ丘東",
            "lat": "35.395823",
            "lng": "139.57881"
        },
        {
            "index": "18",
            "id": "00126768",
            "name": "シティクレスト前",
            "lat": "35.396795",
            "lng": "139.579223"
        },
        {
            "index": "19",
            "id": "00126579",
            "name": "下車ヶ谷",
            "lat": "35.398658",
            "lng": "139.58117"
        },
        {
            "index": "20",
            "id": "00126766",
            "name": "吉原前",
            "lat": "35.397067",
            "lng": "139.584907"
        },
        {
            "index": "21",
            "id": "00126774",
            "name": "吉原下根",
            "lat": "35.398076",
            "lng": "139.586358"
        },
        {
            "index": "22",
            "id": "00103230",
            "name": "吉原(横浜市港南区)",
            "lat": "35.399159",
            "lng": "139.588277"
        },
        {
            "index": "23",
            "id": "00102499",
            "name": "港南区総合庁舎前",
            "lat": "35.401243",
            "lng": "139.591011"
        },
        {
            "index": "24",
            "id": "00126558",
            "name": "笹下港南中央通り",
            "lat": "35.402284",
            "lng": "139.592948"
        },
        {
            "index": "25",
            "id": "00102671",
            "name": "関の下",
            "lat": "35.405478",
            "lng": "139.595005"
        },
        {
            "index": "26",
            "id": "00102366",
            "name": "上大岡駅",
            "lat": "35.408383",
            "lng": "139.595755"
        }
    ],
    "route_url": "https://www.kanachu.co.jp/dia/route/index/cid:0000803957/"
}
