{
    "date": "2025/05/11",
    "name": "くず葉台",
    "position": "-",
    "system": "秦23",
    "destinations": [
        "井ノ城",
        "東田原下宿",
        "東田原神社前",
        "谷戸入口(秦野市)",
        "中庭",
        "朝日神社前",
        "東田原(秦野市)",
        "東農協前",
        "藤棚(秦野市)"
    ],
    "weekday": [
        "7:09",
        "8:31",
        "9:46",
        "10:46",
        "11:46",
        "12:46",
        "13:46",
        "14:48",
        "15:48",
        "18:51",
        "19:49",
        "20:56",
        "21:34",
        "22:04",
        "22:43"
    ],
    "saturday": [
        "7:37",
        "8:51",
        "21:25"
    ],
    "holiday": [
        "7:37",
        "8:51",
        "21:25"
    ],
    "url": "https://www.kanachu.co.jp/dia/diagram/timetable01_js/course:0000800972-8/node:00127865/kt:0/lname:/"
}
