{
    "date": "2025/05/11",
    "name": "東田原神社前",
    "position": "-",
    "system": "秦23",
    "destinations": [
        "谷戸入口(秦野市)",
        "中庭",
        "朝日神社前",
        "東田原(秦野市)",
        "東農協前",
        "藤棚(秦野市)"
    ],
    "weekday": [
        "7:12",
        "8:34",
        "9:49",
        "10:49",
        "11:49",
        "12:49",
        "13:49",
        "14:51",
        "15:51",
        "18:54",
        "19:52",
        "20:59",
        "21:37",
        "22:07",
        "22:46"
    ],
    "saturday": [
        "7:41",
        "8:55",
        "21:29"
    ],
    "holiday": [
        "7:41",
        "8:55",
        "21:29"
    ],
    "url": "https://www.kanachu.co.jp/dia/diagram/timetable01_js/course:0000800972-11/node:00127868/kt:0/lname:/"
}
