{
    "date": "2025/01/14",
    "name": "あつぎ郷土博物館",
    "position": "-",
    "system": "厚07",
    "destinations": [
        "下川入",
        "才戸橋",
        "棚沢",
        "下谷(厚木市)",
        "リコー前",
        "神奈川工科大学前",
        "子中",
        "荻野新宿",
        "宿原入口",
        "糀屋前(厚木市)",
        "松蓮寺",
        "妻田薬師",
        "中村入口(厚木市)",
        "妻田",
        "三家入口(厚木市)",
        "木売場",
        "市立病院前(厚木市)",
        "税務署入口(厚木市)",
        "市役所入口(厚木市)",
        "本厚木駅",
        "厚木バスセンター"
    ],
    "weekday": [
        "6:10",
        "6:35",
        "6:50",
        "7:10",
        "7:40",
        "8:05",
        "8:45",
        "9:20",
        "10:20",
        "11:25",
        "12:25",
        "13:10",
        "14:05",
        "15:10",
        "16:10",
        "17:05",
        "17:50",
        "18:40",
        "19:15",
        "19:50",
        "20:30",
        "21:25",
        "22:10"
    ],
    "saturday": [
        "6:43",
        "7:45",
        "8:45",
        "9:45",
        "10:45",
        "11:45",
        "12:45",
        "13:45",
        "14:45",
        "15:45",
        "16:45",
        "17:45",
        "18:45",
        "19:45",
        "20:45",
        "21:40"
    ],
    "holiday": [
        "6:39",
        "7:45",
        "8:45",
        "9:45",
        "10:45",
        "11:45",
        "12:45",
        "13:45",
        "14:45",
        "15:45",
        "16:45",
        "17:45",
        "18:45",
        "19:45"
    ],
    "url": "https://www.kanachu.co.jp/dia/diagram/timetable01_js/course:0000800131-1/node:00128311/kt:0/lname:/"
}
