{
    "date": "2025/01/14",
    "name": "下川入",
    "position": "-",
    "system": "厚07",
    "destinations": [
        "才戸橋",
        "棚沢",
        "下谷(厚木市)",
        "リコー前",
        "神奈川工科大学前",
        "子中",
        "荻野新宿",
        "宿原入口",
        "糀屋前(厚木市)",
        "松蓮寺",
        "妻田薬師",
        "中村入口(厚木市)",
        "妻田",
        "三家入口(厚木市)",
        "木売場",
        "市立病院前(厚木市)",
        "税務署入口(厚木市)",
        "市役所入口(厚木市)",
        "本厚木駅",
        "厚木バスセンター"
    ],
    "weekday": [
        "6:11",
        "6:36",
        "6:51",
        "7:11",
        "7:41",
        "8:06",
        "8:46",
        "9:21",
        "10:21",
        "11:26",
        "12:26",
        "13:11",
        "14:06",
        "15:11",
        "16:11",
        "17:06",
        "17:51",
        "18:41",
        "19:16",
        "19:51",
        "20:31",
        "21:26",
        "22:11"
    ],
    "saturday": [
        "6:44",
        "7:46",
        "8:46",
        "9:46",
        "10:46",
        "11:46",
        "12:46",
        "13:46",
        "14:46",
        "15:46",
        "16:46",
        "17:46",
        "18:46",
        "19:46",
        "20:46",
        "21:41"
    ],
    "holiday": [
        "6:40",
        "7:46",
        "8:46",
        "9:46",
        "10:46",
        "11:46",
        "12:46",
        "13:46",
        "14:46",
        "15:46",
        "16:46",
        "17:46",
        "18:46",
        "19:46"
    ],
    "url": "https://www.kanachu.co.jp/dia/diagram/timetable01_js/course:0000800131-2/node:00128310/kt:0/lname:/"
}
