{
    "date": "2025/01/14",
    "name": "糀屋前(厚木市)",
    "position": "-",
    "system": "厚07",
    "destinations": [
        "松蓮寺",
        "妻田薬師",
        "中村入口(厚木市)",
        "妻田",
        "三家入口(厚木市)",
        "木売場",
        "市立病院前(厚木市)",
        "税務署入口(厚木市)",
        "市役所入口(厚木市)",
        "本厚木駅",
        "厚木バスセンター"
    ],
    "weekday": [
        "6:20",
        "6:45",
        "7:00",
        "7:20",
        "7:54",
        "8:19",
        "8:59",
        "9:31",
        "10:31",
        "11:36",
        "12:36",
        "13:21",
        "14:16",
        "15:21",
        "16:25",
        "17:20",
        "18:05",
        "18:55",
        "19:25",
        "20:00",
        "20:40",
        "21:35",
        "22:20"
    ],
    "saturday": [
        "6:53",
        "7:55",
        "8:55",
        "9:56",
        "10:56",
        "11:56",
        "12:56",
        "13:56",
        "14:56",
        "15:58",
        "16:58",
        "17:58",
        "18:58",
        "19:55",
        "20:55",
        "21:50"
    ],
    "holiday": [
        "6:49",
        "7:55",
        "8:55",
        "9:55",
        "10:56",
        "11:56",
        "12:56",
        "13:56",
        "14:56",
        "15:57",
        "16:57",
        "17:57",
        "18:57",
        "19:55"
    ],
    "url": "https://www.kanachu.co.jp/dia/diagram/timetable01_js/course:0000800131-11/node:00128266/kt:0/lname:/"
}
