{
    "date": "2025/01/14",
    "name": "市役所入口(厚木市)",
    "position": "-",
    "system": "厚07",
    "destinations": [
        "本厚木駅",
        "厚木バスセンター"
    ],
    "weekday": [
        "6:33",
        "6:58",
        "7:13",
        "7:34",
        "8:12",
        "8:37",
        "9:14",
        "9:46",
        "10:46",
        "11:51",
        "12:51",
        "13:36",
        "14:31",
        "15:36",
        "16:42",
        "17:37",
        "18:22",
        "19:09",
        "19:37",
        "20:12",
        "20:52",
        "21:47",
        "22:32"
    ],
    "saturday": [
        "7:03",
        "8:08",
        "9:09",
        "10:11",
        "11:11",
        "12:11",
        "13:11",
        "14:11",
        "15:11",
        "16:15",
        "17:15",
        "18:15",
        "19:11",
        "20:07",
        "21:07",
        "22:02"
    ],
    "holiday": [
        "6:59",
        "8:05",
        "9:06",
        "10:08",
        "11:11",
        "12:11",
        "13:11",
        "14:11",
        "15:10",
        "16:13",
        "17:13",
        "18:13",
        "19:11",
        "20:08"
    ],
    "url": "https://www.kanachu.co.jp/dia/diagram/timetable01_js/course:0000800131-20/node:00128396/kt:0/lname:/"
}
