{
    "date": "2025/11/16",
    "name": "市ノ坪",
    "position": "-",
    "system": "伊44",
    "destinations": [
        "伊勢原車庫"
    ],
    "weekday": [
        "7:24",
        "7:54",
        "8:09",
        "8:24",
        "8:41",
        "9:14",
        "10:04",
        "10:44",
        "11:44",
        "12:44",
        "13:44",
        "14:44",
        "15:14",
        "16:14",
        "17:14",
        "18:14"
    ],
    "saturday": [
        "8:08",
        "10:39",
        "11:39",
        "12:39",
        "13:39",
        "14:39",
        "15:39"
    ],
    "holiday": [
        "10:39",
        "11:39",
        "12:39",
        "13:39",
        "14:39",
        "15:39"
    ],
    "url": "https://www.kanachu.co.jp/dia/diagram/timetable01_js/course:0000800056-10/node:00128136/kt:0/lname:/"
}
