{
    "date": "2025/07/27",
    "name": "横浜ゴム前",
    "position": "-",
    "system": "平76",
    "destinations": [
        "立野町(平塚市)",
        "追分(平塚市)",
        "江南高校前",
        "向原(平塚市)",
        "南原(平塚市)",
        "南原土手",
        "徳延神社前",
        "徳延",
        "河内(平塚市)",
        "坂間",
        "大町(平塚市)",
        "堀の内(平塚市)",
        "公所(平塚市)",
        "長久保(平塚市)",
        "中沢橋",
        "寺前橋",
        "神戸(平塚市)",
        "山の神(平塚市)",
        "山入口",
        "吉浜(平塚市)",
        "飛谷津",
        "富士見台病院",
        "土沢農協前",
        "土沢中学校前",
        "妙円寺前",
        "神奈川大学",
        "中庶子分",
        "土屋幼稚園前",
        "琵琶入口",
        "土屋霊園入口",
        "矢沢下",
        "矢沢(平塚市)",
        "七国荘",
        "七国峠",
        "井ノ口小学校前",
        "上井ノ口",
        "原(足柄上郡中井町)",
        "猪分",
        "東名秦野",
        "大竹(秦野市)",
        "西大竹",
        "養泉院",
        "秦野郵便局前",
        "秦野駅南口"
    ],
    "weekday": [
        "6:48",
        "7:22",
        "8:29",
        "9:26",
        "11:26",
        "12:26",
        "15:46",
        "16:54",
        "18:00",
        "19:07",
        "20:06",
        "21:40"
    ],
    "saturday": [
        "7:34",
        "8:46",
        "9:52",
        "11:36",
        "12:43",
        "13:46",
        "15:46",
        "17:54",
        "19:01",
        "19:59",
        "21:29"
    ],
    "holiday": [
        "7:34",
        "8:46",
        "9:52",
        "11:36",
        "12:43",
        "13:46",
        "15:46",
        "17:54",
        "19:01",
        "19:59",
        "21:29"
    ],
    "url": "https://www.kanachu.co.jp/dia/diagram/timetable01_js/course:0000803382-4/node:00127554/kt:0/lname:/"
}
