{
    "date": "2025/07/27",
    "name": "徳延",
    "position": "-",
    "system": "平76",
    "destinations": [
        "河内(平塚市)",
        "坂間",
        "大町(平塚市)",
        "堀の内(平塚市)",
        "公所(平塚市)",
        "長久保(平塚市)",
        "中沢橋",
        "寺前橋",
        "神戸(平塚市)",
        "山の神(平塚市)",
        "山入口",
        "吉浜(平塚市)",
        "飛谷津",
        "富士見台病院",
        "土沢農協前",
        "土沢中学校前",
        "妙円寺前",
        "神奈川大学",
        "中庶子分",
        "土屋幼稚園前",
        "琵琶入口",
        "土屋霊園入口",
        "矢沢下",
        "矢沢(平塚市)",
        "七国荘",
        "七国峠",
        "井ノ口小学校前",
        "上井ノ口",
        "原(足柄上郡中井町)",
        "猪分",
        "東名秦野",
        "大竹(秦野市)",
        "西大竹",
        "養泉院",
        "秦野郵便局前",
        "秦野駅南口"
    ],
    "weekday": [
        "6:58",
        "7:32",
        "8:41",
        "9:38",
        "11:36",
        "12:36",
        "15:56",
        "17:06",
        "18:12",
        "19:18",
        "20:17",
        "21:51"
    ],
    "saturday": [
        "7:44",
        "8:56",
        "10:02",
        "11:46",
        "12:53",
        "13:56",
        "15:56",
        "18:06",
        "19:12",
        "20:10",
        "21:40"
    ],
    "holiday": [
        "7:44",
        "8:56",
        "10:02",
        "11:46",
        "12:53",
        "13:56",
        "15:56",
        "18:06",
        "19:12",
        "20:10",
        "21:40"
    ],
    "url": "https://www.kanachu.co.jp/dia/diagram/timetable01_js/course:0000803382-12/node:00127562/kt:0/lname:/"
}
