{
    "date": "2025/07/27",
    "name": "富士見台病院",
    "position": "-",
    "system": "平76",
    "destinations": [
        "土沢農協前",
        "土沢中学校前",
        "妙円寺前",
        "神奈川大学",
        "中庶子分",
        "土屋幼稚園前",
        "琵琶入口",
        "土屋霊園入口",
        "矢沢下",
        "矢沢(平塚市)",
        "七国荘",
        "七国峠",
        "井ノ口小学校前",
        "上井ノ口",
        "原(足柄上郡中井町)",
        "猪分",
        "東名秦野",
        "大竹(秦野市)",
        "西大竹",
        "養泉院",
        "秦野郵便局前",
        "秦野駅南口"
    ],
    "weekday": [
        "7:12",
        "7:46",
        "8:56",
        "9:53",
        "11:51",
        "12:51",
        "16:12",
        "17:23",
        "18:29",
        "19:33",
        "20:32",
        "22:06"
    ],
    "saturday": [
        "7:57",
        "9:10",
        "10:17",
        "12:01",
        "13:08",
        "14:11",
        "16:12",
        "18:23",
        "19:27",
        "20:25",
        "21:55"
    ],
    "holiday": [
        "7:57",
        "9:10",
        "10:17",
        "12:01",
        "13:08",
        "14:11",
        "16:12",
        "18:23",
        "19:27",
        "20:25",
        "21:55"
    ],
    "url": "https://www.kanachu.co.jp/dia/diagram/timetable01_js/course:0000803382-26/node:00127828/kt:0/lname:/"
}
