{
    "date": "2025/07/27",
    "name": "中庶子分",
    "position": "-",
    "system": "平76",
    "destinations": [
        "土屋幼稚園前",
        "琵琶入口",
        "土屋霊園入口",
        "矢沢下",
        "矢沢(平塚市)",
        "七国荘",
        "七国峠",
        "井ノ口小学校前",
        "上井ノ口",
        "原(足柄上郡中井町)",
        "猪分",
        "東名秦野",
        "大竹(秦野市)",
        "西大竹",
        "養泉院",
        "秦野郵便局前",
        "秦野駅南口"
    ],
    "weekday": [
        "7:20",
        "7:54",
        "9:04",
        "10:01",
        "11:59",
        "12:59",
        "16:20",
        "17:31",
        "18:37",
        "19:41",
        "20:40",
        "22:14"
    ],
    "saturday": [
        "8:03",
        "9:16",
        "10:23",
        "12:07",
        "13:14",
        "14:17",
        "16:19",
        "18:30",
        "19:33",
        "20:31",
        "22:01"
    ],
    "holiday": [
        "8:03",
        "9:16",
        "10:23",
        "12:07",
        "13:14",
        "14:17",
        "16:19",
        "18:30",
        "19:33",
        "20:31",
        "22:01"
    ],
    "url": "https://www.kanachu.co.jp/dia/diagram/timetable01_js/course:0000803382-31/node:00127821/kt:0/lname:/"
}
