{
    "date": "2025/07/27",
    "name": "矢沢下",
    "position": "-",
    "system": "平76",
    "destinations": [
        "矢沢(平塚市)",
        "七国荘",
        "七国峠",
        "井ノ口小学校前",
        "上井ノ口",
        "原(足柄上郡中井町)",
        "猪分",
        "東名秦野",
        "大竹(秦野市)",
        "西大竹",
        "養泉院",
        "秦野郵便局前",
        "秦野駅南口"
    ],
    "weekday": [
        "7:22",
        "7:56",
        "9:06",
        "10:03",
        "12:01",
        "13:01",
        "16:22",
        "17:33",
        "18:39",
        "19:43",
        "20:42",
        "22:16"
    ],
    "saturday": [
        "8:05",
        "9:18",
        "10:25",
        "12:09",
        "13:16",
        "14:19",
        "16:21",
        "18:32",
        "19:35",
        "20:33",
        "22:03"
    ],
    "holiday": [
        "8:05",
        "9:18",
        "10:25",
        "12:09",
        "13:16",
        "14:19",
        "16:21",
        "18:32",
        "19:35",
        "20:33",
        "22:03"
    ],
    "url": "https://www.kanachu.co.jp/dia/diagram/timetable01_js/course:0000803382-35/node:00127817/kt:0/lname:/"
}
