{
    "date": "2025/07/27",
    "name": "七国荘",
    "position": "-",
    "system": "平76",
    "destinations": [
        "七国峠",
        "井ノ口小学校前",
        "上井ノ口",
        "原(足柄上郡中井町)",
        "猪分",
        "東名秦野",
        "大竹(秦野市)",
        "西大竹",
        "養泉院",
        "秦野郵便局前",
        "秦野駅南口"
    ],
    "weekday": [
        "7:24",
        "7:58",
        "9:08",
        "10:05",
        "12:03",
        "13:03",
        "16:24",
        "17:35",
        "18:41",
        "19:45",
        "20:44",
        "22:18"
    ],
    "saturday": [
        "8:07",
        "9:20",
        "10:27",
        "12:11",
        "13:18",
        "14:21",
        "16:23",
        "18:34",
        "19:37",
        "20:35",
        "22:05"
    ],
    "holiday": [
        "8:07",
        "9:20",
        "10:27",
        "12:11",
        "13:18",
        "14:21",
        "16:23",
        "18:34",
        "19:37",
        "20:35",
        "22:05"
    ],
    "url": "https://www.kanachu.co.jp/dia/diagram/timetable01_js/course:0000803382-37/node:00127815/kt:0/lname:/"
}
