{
    "date": "2025/07/27",
    "name": "井ノ口小学校前",
    "position": "-",
    "system": "平76",
    "destinations": [
        "上井ノ口",
        "原(足柄上郡中井町)",
        "猪分",
        "東名秦野",
        "大竹(秦野市)",
        "西大竹",
        "養泉院",
        "秦野郵便局前",
        "秦野駅南口"
    ],
    "weekday": [
        "7:30",
        "8:04",
        "9:14",
        "10:11",
        "12:09",
        "13:09",
        "16:30",
        "17:41",
        "18:47",
        "19:51",
        "20:50",
        "22:24"
    ],
    "saturday": [
        "8:13",
        "9:26",
        "10:33",
        "12:17",
        "13:24",
        "14:27",
        "16:29",
        "18:40",
        "19:43",
        "20:41",
        "22:11"
    ],
    "holiday": [
        "8:13",
        "9:26",
        "10:33",
        "12:17",
        "13:24",
        "14:27",
        "16:29",
        "18:40",
        "19:43",
        "20:41",
        "22:11"
    ],
    "url": "https://www.kanachu.co.jp/dia/diagram/timetable01_js/course:0000803382-39/node:00127778/kt:0/lname:/"
}
