{
    "date": "2025/07/27",
    "name": "上井ノ口",
    "position": "-",
    "system": "平76",
    "destinations": [
        "原(足柄上郡中井町)",
        "猪分",
        "東名秦野",
        "大竹(秦野市)",
        "西大竹",
        "養泉院",
        "秦野郵便局前",
        "秦野駅南口"
    ],
    "weekday": [
        "7:31",
        "8:05",
        "9:15",
        "10:12",
        "12:10",
        "13:10",
        "16:31",
        "17:42",
        "18:48",
        "19:52",
        "20:51",
        "22:25"
    ],
    "saturday": [
        "8:14",
        "9:27",
        "10:34",
        "12:18",
        "13:25",
        "14:28",
        "16:30",
        "18:41",
        "19:44",
        "20:42",
        "22:12"
    ],
    "holiday": [
        "8:14",
        "9:27",
        "10:34",
        "12:18",
        "13:25",
        "14:28",
        "16:30",
        "18:41",
        "19:44",
        "20:42",
        "22:12"
    ],
    "url": "https://www.kanachu.co.jp/dia/diagram/timetable01_js/course:0000803382-40/node:00127777/kt:0/lname:/"
}
