{
    "date": "2025/03/15",
    "name": "滝の沢不動前",
    "position": "-",
    "system": "茅03",
    "destinations": [
        "滝の沢小学校前",
        "南大平",
        "ライフタウン入口",
        "丸山大辻",
        "小出二本松",
        "堤坂下",
        "長谷戸",
        "南長谷戸",
        "殿山公園前",
        "八幡神社前(茅ケ崎市)",
        "甘沼",
        "高田(茅ケ崎市)",
        "鶴が台入口",
        "ニュータウン入口(茅ケ崎市)",
        "神奈中営業所前",
        "前の田",
        "中央公園前(茅ケ崎市)",
        "茅ヶ崎駅"
    ],
    "weekday": [
        "5:56",
        "6:09",
        "6:22",
        "6:35",
        "7:04",
        "7:23",
        "7:49",
        "9:35"
    ],
    "saturday": [
        "6:21",
        "7:46",
        "8:13",
        "9:46",
        "11:46",
        "13:39",
        "14:39",
        "15:39",
        "16:39",
        "17:39"
    ],
    "holiday": [
        "6:21",
        "6:58",
        "8:13",
        "9:36",
        "10:36",
        "11:36",
        "12:36",
        "13:36",
        "14:36",
        "15:34",
        "16:34",
        "17:34"
    ],
    "url": "https://www.kanachu.co.jp/dia/diagram/timetable01_js/course:0000801509-2/node:00129947/kt:0/lname:/"
}
