{
    "date": "2025/03/15",
    "name": "丸山大辻",
    "position": "-",
    "system": "茅03",
    "destinations": [
        "小出二本松",
        "堤坂下",
        "長谷戸",
        "南長谷戸",
        "殿山公園前",
        "八幡神社前(茅ケ崎市)",
        "甘沼",
        "高田(茅ケ崎市)",
        "鶴が台入口",
        "ニュータウン入口(茅ケ崎市)",
        "神奈中営業所前",
        "前の田",
        "中央公園前(茅ケ崎市)",
        "茅ヶ崎駅"
    ],
    "weekday": [
        "6:00",
        "6:13",
        "6:26",
        "6:39",
        "7:08",
        "7:27",
        "7:53",
        "9:39"
    ],
    "saturday": [
        "6:25",
        "7:50",
        "8:17",
        "9:50",
        "11:50",
        "13:43",
        "14:43",
        "15:43",
        "16:43",
        "17:43"
    ],
    "holiday": [
        "6:25",
        "7:02",
        "8:17",
        "9:40",
        "10:40",
        "11:40",
        "12:40",
        "13:40",
        "14:40",
        "15:38",
        "16:38",
        "17:38"
    ],
    "url": "https://www.kanachu.co.jp/dia/diagram/timetable01_js/course:0000801509-6/node:00129959/kt:0/lname:/"
}
