{
    "date": "2025/08/04",
    "name": "水の口(町田市)",
    "position": "-",
    "system": "橋62",
    "destinations": [
        "円林寺前",
        "境橋(町田市)",
        "根岸(相原町/町田市)",
        "相原十字路",
        "開都",
        "相原小学校前",
        "諏訪神社前(町田市)",
        "相原駅西口",
        "相原(町田市)",
        "堺市民センター前",
        "堺中学校前",
        "堺農協前",
        "坂下(町田街道側/町田市)",
        "相原境",
        "久保ヶ谷戸",
        "寿橋",
        "寿町(相模原市緑区)",
        "旭農協前",
        "橋本駅北口"
    ],
    "weekday": [
        "6:29",
        "7:09"
    ],
    "saturday": [
        "6:54",
        "7:44"
    ],
    "holiday": [
        "6:54",
        "7:44"
    ],
    "url": "https://www.kanachu.co.jp/dia/diagram/timetable01_js/course:0000803827-3/node:00128893/kt:0/lname:/"
}
