{
    "date": "2025/08/04",
    "name": "相原十字路",
    "position": "-",
    "system": "橋62",
    "destinations": [
        "開都",
        "相原小学校前",
        "諏訪神社前(町田市)",
        "相原駅西口",
        "相原(町田市)",
        "堺市民センター前",
        "堺中学校前",
        "堺農協前",
        "坂下(町田街道側/町田市)",
        "相原境",
        "久保ヶ谷戸",
        "寿橋",
        "寿町(相模原市緑区)",
        "旭農協前",
        "橋本駅北口"
    ],
    "weekday": [
        "6:33",
        "7:13"
    ],
    "saturday": [
        "6:58",
        "7:48"
    ],
    "holiday": [
        "6:58",
        "7:48"
    ],
    "url": "https://www.kanachu.co.jp/dia/diagram/timetable01_js/course:0000803827-7/node:00128889/kt:0/lname:/"
}
