{
    "date": "2024/03/16",
    "name": "町有",
    "position": "-",
    "system": "橋73",
    "destinations": [
        "響きの丘",
        "小山ヶ丘小学校前",
        "三ツ目山公園",
        "多摩美術大学南",
        "寿橋",
        "寿町(相模原市緑区)",
        "旭農協前",
        "橋本駅北口"
    ],
    "weekday": [],
    "saturday": [
        "9:52",
        "10:37",
        "10:57",
        "11:47",
        "12:47",
        "13:37",
        "13:57",
        "14:37",
        "14:57",
        "15:47",
        "16:47",
        "17:47"
    ],
    "holiday": [
        "9:52",
        "10:47",
        "11:47",
        "12:47",
        "13:47",
        "14:47",
        "15:47",
        "16:47",
        "17:47"
    ],
    "url": "https://www.kanachu.co.jp/dia/diagram/timetable01_js/course:0000800393-2/node:00130118/kt:0/lname:/"
}
