{
    "date": "2024/03/16",
    "name": "響きの丘",
    "position": "-",
    "system": "橋73",
    "destinations": [
        "小山ヶ丘小学校前",
        "三ツ目山公園",
        "多摩美術大学南",
        "寿橋",
        "寿町(相模原市緑区)",
        "旭農協前",
        "橋本駅北口"
    ],
    "weekday": [],
    "saturday": [
        "9:53",
        "10:38",
        "10:58",
        "11:48",
        "12:48",
        "13:38",
        "13:58",
        "14:38",
        "14:58",
        "15:48",
        "16:48",
        "17:48"
    ],
    "holiday": [
        "9:53",
        "10:48",
        "11:48",
        "12:48",
        "13:48",
        "14:48",
        "15:48",
        "16:48",
        "17:48"
    ],
    "url": "https://www.kanachu.co.jp/dia/diagram/timetable01_js/course:0000800393-3/node:00130117/kt:0/lname:/"
}
