{
    "date": "2025/12/20",
    "name": "寿町(相模原市緑区)",
    "position": "-",
    "system": "橋73",
    "destinations": [
        "旭農協前",
        "橋本駅北口"
    ],
    "weekday": [],
    "saturday": [
        "9:58",
        "10:23",
        "10:43",
        "11:03",
        "11:53",
        "12:23",
        "12:53",
        "13:43",
        "14:03",
        "14:23",
        "14:43",
        "15:03",
        "15:53",
        "16:23",
        "16:53",
        "17:53"
    ],
    "holiday": [
        "9:58",
        "10:23",
        "10:53",
        "11:53",
        "12:23",
        "12:53",
        "13:53",
        "14:23",
        "14:53",
        "15:53",
        "16:23",
        "16:53",
        "17:53"
    ],
    "url": "https://www.kanachu.co.jp/dia/diagram/timetable01_js/course:0000800393-8/node:00128991/kt:0/lname:/"
}
