{
    "date": "2026/01/16",
    "name": "並木(町田市)",
    "position": "-",
    "system": "淵23",
    "destinations": [
        "図師",
        "図師大橋",
        "馬駈",
        "根岸(根岸町/町田市)",
        "根岸橋(相模原市中央区)",
        "山王平",
        "東町(相模原市中央区)",
        "小学校入口(相模原市中央区)",
        "淵野辺郵便局前",
        "幸町(相模原市中央区)",
        "淵野辺駅北口"
    ],
    "weekday": [
        "6:46",
        "9:22",
        "10:17",
        "15:57",
        "16:57",
        "17:58",
        "18:58"
    ],
    "saturday": [
        "8:23",
        "9:17",
        "12:17",
        "16:58",
        "17:58"
    ],
    "holiday": [
        "8:28",
        "9:17",
        "12:17",
        "16:58",
        "17:58"
    ],
    "url": "https://www.kanachu.co.jp/dia/diagram/timetable01_js/course:0000804171-3/node:00129371/kt:0/lname:/"
}
