{
    "date": "2026/01/16",
    "name": "根岸橋(相模原市中央区)",
    "position": "-",
    "system": "淵23",
    "destinations": [
        "山王平",
        "東町(相模原市中央区)",
        "小学校入口(相模原市中央区)",
        "淵野辺郵便局前",
        "幸町(相模原市中央区)",
        "淵野辺駅北口"
    ],
    "weekday": [
        "6:54",
        "9:30",
        "10:25",
        "16:05",
        "17:05",
        "18:06",
        "19:06"
    ],
    "saturday": [
        "8:31",
        "9:25",
        "12:25",
        "17:06",
        "18:06"
    ],
    "holiday": [
        "8:36",
        "9:25",
        "12:25",
        "17:06",
        "18:06"
    ],
    "url": "https://www.kanachu.co.jp/dia/diagram/timetable01_js/course:0000804171-8/node:00129216/kt:0/lname:/"
}
