{
    "date": "2026/01/16",
    "name": "山王平",
    "position": "-",
    "system": "淵23",
    "destinations": [
        "東町(相模原市中央区)",
        "小学校入口(相模原市中央区)",
        "淵野辺郵便局前",
        "幸町(相模原市中央区)",
        "淵野辺駅北口"
    ],
    "weekday": [
        "6:55",
        "9:31",
        "10:26",
        "16:06",
        "17:06",
        "18:07",
        "19:07"
    ],
    "saturday": [
        "8:32",
        "9:26",
        "12:26",
        "17:07",
        "18:07"
    ],
    "holiday": [
        "8:37",
        "9:26",
        "12:26",
        "17:07",
        "18:07"
    ],
    "url": "https://www.kanachu.co.jp/dia/diagram/timetable01_js/course:0000804171-9/node:00129146/kt:0/lname:/"
}
