{
    "date": "2026/01/16",
    "name": "東町(相模原市中央区)",
    "position": "-",
    "system": "淵23",
    "destinations": [
        "小学校入口(相模原市中央区)",
        "淵野辺郵便局前",
        "幸町(相模原市中央区)",
        "淵野辺駅北口"
    ],
    "weekday": [
        "6:56",
        "9:32",
        "10:27",
        "16:07",
        "17:07",
        "18:08",
        "19:08"
    ],
    "saturday": [
        "8:33",
        "9:27",
        "12:27",
        "17:08",
        "18:08"
    ],
    "holiday": [
        "8:38",
        "9:27",
        "12:27",
        "17:08",
        "18:08"
    ],
    "url": "https://www.kanachu.co.jp/dia/diagram/timetable01_js/course:0000804171-10/node:00129068/kt:0/lname:/"
}
