{
    "date": "2026/01/16",
    "name": "淵野辺郵便局前",
    "position": "-",
    "system": "淵23",
    "destinations": [
        "幸町(相模原市中央区)",
        "淵野辺駅北口"
    ],
    "weekday": [
        "6:59",
        "9:35",
        "10:30",
        "16:10",
        "17:10",
        "18:11",
        "19:11"
    ],
    "saturday": [
        "8:36",
        "9:30",
        "12:30",
        "17:11",
        "18:11"
    ],
    "holiday": [
        "8:41",
        "9:30",
        "12:30",
        "17:11",
        "18:11"
    ],
    "url": "https://www.kanachu.co.jp/dia/diagram/timetable01_js/course:0000804171-12/node:00129309/kt:0/lname:/"
}
