{
    "system": "淵23",
    "busstops": [
        {
            "index": "1",
            "id": "00129373",
            "name": "野津田車庫",
            "lat": "35.587098",
            "lng": "139.44133"
        },
        {
            "index": "2",
            "id": "00129372",
            "name": "神学校(町田市)",
            "lat": "35.585397",
            "lng": "139.435935"
        },
        {
            "index": "3",
            "id": "00129371",
            "name": "並木(町田市)",
            "lat": "35.584377",
            "lng": "139.431034"
        },
        {
            "index": "4",
            "id": "00129370",
            "name": "図師",
            "lat": "35.582987",
            "lng": "139.425704"
        },
        {
            "index": "5",
            "id": "00129369",
            "name": "図師大橋",
            "lat": "35.582831",
            "lng": "139.42482"
        },
        {
            "index": "6",
            "id": "00129368",
            "name": "馬駈",
            "lat": "35.581483",
            "lng": "139.418118"
        },
        {
            "index": "7",
            "id": "00129367",
            "name": "根岸(根岸町/町田市)",
            "lat": "35.577908",
            "lng": "139.414596"
        },
        {
            "index": "8",
            "id": "00129216",
            "name": "根岸橋(相模原市中央区)",
            "lat": "35.573453",
            "lng": "139.408328"
        },
        {
            "index": "9",
            "id": "00129146",
            "name": "山王平",
            "lat": "35.573378",
            "lng": "139.405632"
        },
        {
            "index": "10",
            "id": "00129068",
            "name": "東町(相模原市中央区)",
            "lat": "35.570646",
            "lng": "139.401673"
        },
        {
            "index": "11",
            "id": "00129159",
            "name": "小学校入口(相模原市中央区)",
            "lat": "35.572773",
            "lng": "139.398719"
        },
        {
            "index": "12",
            "id": "00129309",
            "name": "淵野辺郵便局前",
            "lat": "35.571632",
            "lng": "139.39757"
        },
        {
            "index": "13",
            "id": "00129148",
            "name": "幸町(相模原市中央区)",
            "lat": "35.570473",
            "lng": "139.396519"
        },
        {
            "index": "14",
            "id": "00129246",
            "name": "淵野辺駅北口",
            "lat": "35.569097",
            "lng": "139.394529"
        }
    ],
    "route_url": "https://www.kanachu.co.jp/dia/route/index/cid:0000804171/"
}
