{
    "date": "2024/04/01",
    "name": "麻溝台工業団地",
    "position": "-",
    "system": "大60",
    "destinations": [
        "麻溝台一丁目",
        "工業団地入口(相模原市)",
        "麻溝台中学校入口",
        "麻溝台",
        "水道路(相模原市南区)",
        "双葉入口",
        "御園五丁目",
        "みゆき台団地",
        "御園二丁目",
        "上原団地",
        "谷口台小学校前",
        "相模女子大前",
        "グリーンホール前",
        "相模大野駅北口"
    ],
    "weekday": [
        "7:54",
        "8:49",
        "9:09",
        "9:34",
        "10:08",
        "10:53",
        "11:28",
        "12:03",
        "12:28",
        "12:48",
        "13:03",
        "13:33",
        "14:03",
        "14:33",
        "15:03",
        "15:23",
        "15:43",
        "16:04",
        "16:19",
        "16:34",
        "16:39",
        "16:44",
        "16:49",
        "16:54",
        "16:59",
        "17:04",
        "17:14",
        "17:24",
        "17:39",
        "17:54",
        "18:14",
        "18:24",
        "18:34",
        "18:49",
        "18:59",
        "19:23",
        "19:43",
        "20:03",
        "20:28"
    ],
    "saturday": [
        "7:53",
        "8:38",
        "9:08",
        "9:38",
        "10:03",
        "10:33",
        "11:03",
        "11:33",
        "12:03",
        "12:23",
        "12:43",
        "12:58",
        "13:23",
        "13:58",
        "14:23",
        "14:58",
        "15:08",
        "15:23",
        "15:38",
        "15:58",
        "16:18",
        "16:39",
        "16:59",
        "17:14",
        "17:39",
        "17:59",
        "18:33",
        "18:58",
        "19:43",
        "20:23"
    ],
    "holiday": [
        "8:03",
        "8:23",
        "8:43",
        "9:08",
        "9:28",
        "9:48",
        "10:08",
        "10:28",
        "10:53",
        "11:13",
        "11:48",
        "12:13",
        "12:48",
        "13:13",
        "13:48",
        "14:13",
        "14:48",
        "15:08",
        "15:28",
        "15:48",
        "16:08",
        "16:28",
        "16:48",
        "17:08",
        "17:28",
        "17:58",
        "18:28",
        "19:03",
        "19:43"
    ],
    "url": "https://www.kanachu.co.jp/dia/diagram/timetable01_js/course:0000803422-3/node:00129311/kt:0/lname:/"
}
