{
    "date": "2024/04/01",
    "name": "南河内(平塚市)",
    "position": "-",
    "system": "平26",
    "destinations": [
        "山下団地入口",
        "神明下",
        "平塚大橋",
        "上平塚",
        "市民病院前(平塚市)",
        "達上ヶ丘",
        "上平塚",
        "桜ヶ丘",
        "桜ヶ丘公園(平塚市)",
        "古花水",
        "柳町(平塚市)",
        "豊田道",
        "八間通り",
        "平塚文化芸術ホール前",
        "銀座通り(平塚市)",
        "平塚駅北口"
    ],
    "weekday": [
        "8:05",
        "9:17",
        "9:56",
        "10:56",
        "11:54",
        "12:54",
        "13:54",
        "14:54",
        "15:54",
        "16:54",
        "18:00"
    ],
    "saturday": [
        "8:56",
        "9:56",
        "10:56",
        "11:51",
        "12:51",
        "13:51",
        "14:51",
        "15:51",
        "16:51",
        "17:51"
    ],
    "holiday": [
        "8:56",
        "9:56",
        "10:56",
        "11:51",
        "12:51",
        "13:51",
        "14:51",
        "15:51",
        "16:51",
        "17:51"
    ],
    "url": "https://www.kanachu.co.jp/dia/diagram/timetable01_js/course:0000801746-3/node:00127576/kt:0/lname:/"
}
