{
    "date": "2024/04/01",
    "name": "山下団地入口",
    "position": "-",
    "system": "平26",
    "destinations": [
        "神明下",
        "平塚大橋",
        "上平塚",
        "市民病院前(平塚市)",
        "達上ヶ丘",
        "上平塚",
        "桜ヶ丘",
        "桜ヶ丘公園(平塚市)",
        "古花水",
        "柳町(平塚市)",
        "豊田道",
        "八間通り",
        "平塚文化芸術ホール前",
        "銀座通り(平塚市)",
        "平塚駅北口"
    ],
    "weekday": [
        "8:06",
        "9:18",
        "9:57",
        "10:57",
        "11:55",
        "12:55",
        "13:55",
        "14:55",
        "15:55",
        "16:55",
        "18:01"
    ],
    "saturday": [
        "8:57",
        "9:57",
        "10:57",
        "11:52",
        "12:52",
        "13:52",
        "14:52",
        "15:52",
        "16:52",
        "17:52"
    ],
    "holiday": [
        "8:57",
        "9:57",
        "10:57",
        "11:52",
        "12:52",
        "13:52",
        "14:52",
        "15:52",
        "16:52",
        "17:52"
    ],
    "url": "https://www.kanachu.co.jp/dia/diagram/timetable01_js/course:0000801746-4/node:00127574/kt:0/lname:/"
}
