{
    "date": "2024/04/01",
    "name": "桜ヶ丘",
    "position": "-",
    "system": "平26",
    "destinations": [
        "桜ヶ丘公園(平塚市)",
        "古花水",
        "柳町(平塚市)",
        "豊田道",
        "八間通り",
        "平塚文化芸術ホール前",
        "銀座通り(平塚市)",
        "平塚駅北口"
    ],
    "weekday": [
        "8:13",
        "9:25",
        "10:04",
        "11:04",
        "12:02",
        "13:02",
        "14:02",
        "15:02",
        "16:02",
        "17:02",
        "18:08"
    ],
    "saturday": [
        "9:04",
        "10:04",
        "11:04",
        "11:59",
        "12:59",
        "13:59",
        "14:59",
        "15:59",
        "16:59",
        "17:59"
    ],
    "holiday": [
        "9:04",
        "10:04",
        "11:04",
        "11:59",
        "12:59",
        "13:59",
        "14:59",
        "15:59",
        "16:59",
        "17:59"
    ],
    "url": "https://www.kanachu.co.jp/dia/diagram/timetable01_js/course:0000801746-11/node:00127571/kt:0/lname:/"
}
