{
    "date": "2024/04/01",
    "name": "平塚文化芸術ホール前",
    "position": "-",
    "system": "平26",
    "destinations": [
        "銀座通り(平塚市)",
        "平塚駅北口"
    ],
    "weekday": [
        "8:19",
        "9:31",
        "10:10",
        "11:10",
        "12:08",
        "13:08",
        "14:08",
        "15:08",
        "16:08",
        "17:08",
        "18:14"
    ],
    "saturday": [
        "9:10",
        "10:10",
        "11:10",
        "12:05",
        "13:05",
        "14:05",
        "15:05",
        "16:05",
        "17:05",
        "18:05"
    ],
    "holiday": [
        "9:10",
        "10:10",
        "11:10",
        "12:05",
        "13:05",
        "14:05",
        "15:05",
        "16:05",
        "17:05",
        "18:05"
    ],
    "url": "https://www.kanachu.co.jp/dia/diagram/timetable01_js/course:0000801746-17/node:00127466/kt:0/lname:/"
}
