{
    "date": "2025/04/19",
    "name": "嶽の内",
    "position": "-",
    "system": "淵22",
    "destinations": [
        "中淵",
        "ニュー相模団地",
        "中淵",
        "淵野辺五丁目",
        "皇武神社入口",
        "東町(相模原市中央区)",
        "小学校入口(相模原市中央区)",
        "淵野辺郵便局前",
        "幸町(相模原市中央区)",
        "淵野辺駅北口"
    ],
    "weekday": [
        "6:58",
        "7:59",
        "8:59",
        "13:03",
        "14:03",
        "17:34",
        "18:34"
    ],
    "saturday": [
        "6:58",
        "7:58",
        "8:58",
        "13:03",
        "14:03",
        "17:33",
        "18:33"
    ],
    "holiday": [
        "6:58",
        "7:58",
        "8:58",
        "13:03",
        "14:03",
        "17:33",
        "18:33"
    ],
    "url": "https://www.kanachu.co.jp/dia/diagram/timetable01_js/course:0000803435-4/node:00129190/kt:0/lname:/"
}
