{
    "date": "2025/04/19",
    "name": "中淵",
    "position": "-",
    "system": "淵22",
    "destinations": [
        "ニュー相模団地",
        "中淵",
        "淵野辺五丁目",
        "皇武神社入口",
        "東町(相模原市中央区)",
        "小学校入口(相模原市中央区)",
        "淵野辺郵便局前",
        "幸町(相模原市中央区)",
        "淵野辺駅北口"
    ],
    "weekday": [
        "6:59",
        "8:00",
        "9:00",
        "13:04",
        "14:04",
        "17:35",
        "18:35"
    ],
    "saturday": [
        "6:59",
        "7:59",
        "8:59",
        "13:04",
        "14:04",
        "17:34",
        "18:34"
    ],
    "holiday": [
        "6:59",
        "7:59",
        "8:59",
        "13:04",
        "14:04",
        "17:34",
        "18:34"
    ],
    "url": "https://www.kanachu.co.jp/dia/diagram/timetable01_js/course:0000803435-5/node:00129207/kt:0/lname:/"
}
