{
    "date": "2025/04/19",
    "name": "ニュー相模団地",
    "position": "-",
    "system": "淵22",
    "destinations": [
        "中淵",
        "淵野辺五丁目",
        "皇武神社入口",
        "東町(相模原市中央区)",
        "小学校入口(相模原市中央区)",
        "淵野辺郵便局前",
        "幸町(相模原市中央区)",
        "淵野辺駅北口"
    ],
    "weekday": [
        "7:00",
        "8:01",
        "9:01",
        "13:05",
        "14:05",
        "17:36",
        "18:36"
    ],
    "saturday": [
        "7:00",
        "8:00",
        "9:00",
        "13:05",
        "14:05",
        "17:35",
        "18:35"
    ],
    "holiday": [
        "7:00",
        "8:00",
        "9:00",
        "13:05",
        "14:05",
        "17:35",
        "18:35"
    ],
    "url": "https://www.kanachu.co.jp/dia/diagram/timetable01_js/course:0000803435-6/node:00129215/kt:0/lname:/"
}
