{
    "date": "2025/04/19",
    "name": "淵野辺五丁目",
    "position": "-",
    "system": "淵22",
    "destinations": [
        "皇武神社入口",
        "東町(相模原市中央区)",
        "小学校入口(相模原市中央区)",
        "淵野辺郵便局前",
        "幸町(相模原市中央区)",
        "淵野辺駅北口"
    ],
    "weekday": [
        "7:03",
        "8:04",
        "9:04",
        "13:08",
        "14:08",
        "17:39",
        "18:39"
    ],
    "saturday": [
        "7:03",
        "8:03",
        "9:03",
        "13:08",
        "14:08",
        "17:38",
        "18:38"
    ],
    "holiday": [
        "7:03",
        "8:03",
        "9:03",
        "13:08",
        "14:08",
        "17:38",
        "18:38"
    ],
    "url": "https://www.kanachu.co.jp/dia/diagram/timetable01_js/course:0000803435-8/node:00129249/kt:0/lname:/"
}
