{
    "date": "2025/04/19",
    "name": "幸町(相模原市中央区)",
    "position": "-",
    "system": "淵22",
    "destinations": [
        "淵野辺駅北口"
    ],
    "weekday": [
        "7:07",
        "8:08",
        "9:08",
        "13:12",
        "14:12",
        "17:43",
        "18:43"
    ],
    "saturday": [
        "7:06",
        "8:06",
        "9:07",
        "13:12",
        "14:12",
        "17:42",
        "18:42"
    ],
    "holiday": [
        "7:06",
        "8:06",
        "9:07",
        "13:12",
        "14:12",
        "17:42",
        "18:42"
    ],
    "url": "https://www.kanachu.co.jp/dia/diagram/timetable01_js/course:0000803435-13/node:00129148/kt:0/lname:/"
}
