{
    "date": "2026/01/16",
    "name": "菩提原",
    "position": "-",
    "system": "秦53",
    "destinations": [
        "菩提(秦野市)",
        "横野入口",
        "戸沢入口",
        "戸川",
        "平和橋(秦野市)",
        "大倉入口",
        "関(秦野市)",
        "堀川",
        "堀西駐在所前",
        "中道(秦野市)",
        "西小学校前(秦野市)",
        "西中学校前(秦野市)",
        "柳町(秦野市)",
        "渋沢駅北口"
    ],
    "weekday": [
        "5:36",
        "6:02",
        "6:24"
    ],
    "saturday": [
        "6:16",
        "6:34"
    ],
    "holiday": [
        "6:16",
        "6:34"
    ],
    "url": "https://www.kanachu.co.jp/dia/diagram/timetable01_js/course:0000804089-7/node:00127886/kt:0/lname:/"
}
