{
    "date": "2026/01/16",
    "name": "平和橋(秦野市)",
    "position": "-",
    "system": "秦53",
    "destinations": [
        "大倉入口",
        "関(秦野市)",
        "堀川",
        "堀西駐在所前",
        "中道(秦野市)",
        "西小学校前(秦野市)",
        "西中学校前(秦野市)",
        "柳町(秦野市)",
        "渋沢駅北口"
    ],
    "weekday": [
        "5:41",
        "6:07",
        "6:29"
    ],
    "saturday": [
        "6:21",
        "6:39"
    ],
    "holiday": [
        "6:21",
        "6:39"
    ],
    "url": "https://www.kanachu.co.jp/dia/diagram/timetable01_js/course:0000804089-12/node:00127891/kt:0/lname:/"
}
