{
    "date": "2025/10/20",
    "name": "三塚",
    "position": "-",
    "system": "町77",
    "destinations": [
        "熊野神社前(成瀬街道側/町田市)",
        "高瀬橋(町田市)",
        "鞍掛",
        "成瀬消防出張所前",
        "成瀬コミュニティセンター前",
        "奈良谷戸入口",
        "山村(町田市)",
        "吹上(町田市)",
        "上和田(横浜市青葉区)",
        "堀の内(横浜市青葉区)",
        "長津田三丁目",
        "長津田駅北口"
    ],
    "weekday": [
        "5:49",
        "6:24",
        "6:54",
        "7:14",
        "7:54",
        "8:29",
        "8:59"
    ],
    "saturday": [
        "6:39",
        "7:39",
        "8:39",
        "8:59"
    ],
    "holiday": [
        "6:39",
        "7:39",
        "8:19",
        "8:59"
    ],
    "url": "https://www.kanachu.co.jp/dia/diagram/timetable01_js/course:0000801961-4/node:00129543/kt:0/lname:/"
}
