{
    "date": "2025/10/20",
    "name": "熊野神社前(成瀬街道側/町田市)",
    "position": "-",
    "system": "町77",
    "destinations": [
        "高瀬橋(町田市)",
        "鞍掛",
        "成瀬消防出張所前",
        "成瀬コミュニティセンター前",
        "奈良谷戸入口",
        "山村(町田市)",
        "吹上(町田市)",
        "上和田(横浜市青葉区)",
        "堀の内(横浜市青葉区)",
        "長津田三丁目",
        "長津田駅北口"
    ],
    "weekday": [
        "5:51",
        "6:26",
        "6:56",
        "7:16",
        "7:56",
        "8:32",
        "9:02"
    ],
    "saturday": [
        "6:41",
        "7:41",
        "8:41",
        "9:01"
    ],
    "holiday": [
        "6:41",
        "7:41",
        "8:21",
        "9:01"
    ],
    "url": "https://www.kanachu.co.jp/dia/diagram/timetable01_js/course:0000801961-5/node:00129581/kt:0/lname:/"
}
