{
    "date": "2025/10/20",
    "name": "高瀬橋(町田市)",
    "position": "-",
    "system": "町77",
    "destinations": [
        "鞍掛",
        "成瀬消防出張所前",
        "成瀬コミュニティセンター前",
        "奈良谷戸入口",
        "山村(町田市)",
        "吹上(町田市)",
        "上和田(横浜市青葉区)",
        "堀の内(横浜市青葉区)",
        "長津田三丁目",
        "長津田駅北口"
    ],
    "weekday": [
        "5:52",
        "6:27",
        "6:57",
        "7:17",
        "7:57",
        "8:33",
        "9:03"
    ],
    "saturday": [
        "6:42",
        "7:42",
        "8:42",
        "9:02"
    ],
    "holiday": [
        "6:42",
        "7:42",
        "8:22",
        "9:02"
    ],
    "url": "https://www.kanachu.co.jp/dia/diagram/timetable01_js/course:0000801961-6/node:00129582/kt:0/lname:/"
}
