{
    "date": "2023/02/18",
    "name": "大神宮前",
    "position": "-",
    "system": "伊22",
    "destinations": [
        "片町十字路",
        "片町(伊勢原市)",
        "峰岸",
        "市光前",
        "〆引",
        "道灌塚前",
        "台久保",
        "秋山(伊勢原市)",
        "和田内",
        "温泉入口(伊勢原市)",
        "高部屋小学校前",
        "洗水",
        "諏訪坂下",
        "藤野入口",
        "高橋(伊勢原市)",
        "坊中(伊勢原市)",
        "日向薬師"
    ],
    "weekday": [
        "7:52",
        "11:52",
        "16:17"
    ],
    "saturday": [],
    "holiday": [],
    "url": "https://www.kanachu.co.jp/dia/diagram/timetable01_js/course:0000800970-3/node:00128129/kt:0/lname:/"
}
