{
    "date": "2023/02/18",
    "name": "和田内",
    "position": "-",
    "system": "伊22",
    "destinations": [
        "温泉入口(伊勢原市)",
        "高部屋小学校前",
        "洗水",
        "諏訪坂下",
        "藤野入口",
        "高橋(伊勢原市)",
        "坊中(伊勢原市)",
        "日向薬師"
    ],
    "weekday": [
        "8:02",
        "12:02",
        "16:27"
    ],
    "saturday": [],
    "holiday": [],
    "url": "https://www.kanachu.co.jp/dia/diagram/timetable01_js/course:0000800970-12/node:00128187/kt:0/lname:/"
}
