{
    "system": "伊22",
    "busstops": [
        {
            "index": "1",
            "id": "00128127",
            "name": "伊勢原駅北口",
            "lat": "35.395709",
            "lng": "139.312682"
        },
        {
            "index": "2",
            "id": "00128128",
            "name": "本町(伊勢原市)",
            "lat": "35.397702",
            "lng": "139.308101"
        },
        {
            "index": "3",
            "id": "00128129",
            "name": "大神宮前",
            "lat": "35.398789",
            "lng": "139.305436"
        },
        {
            "index": "4",
            "id": "00128143",
            "name": "片町十字路",
            "lat": "35.401097",
            "lng": "139.304497"
        },
        {
            "index": "5",
            "id": "00128144",
            "name": "片町(伊勢原市)",
            "lat": "35.403564",
            "lng": "139.302476"
        },
        {
            "index": "6",
            "id": "00128145",
            "name": "峰岸",
            "lat": "35.404175",
            "lng": "139.300416"
        },
        {
            "index": "7",
            "id": "00128146",
            "name": "市光前",
            "lat": "35.40526",
            "lng": "139.298027"
        },
        {
            "index": "8",
            "id": "00128147",
            "name": "〆引",
            "lat": "35.406104",
            "lng": "139.296191"
        },
        {
            "index": "9",
            "id": "00128148",
            "name": "道灌塚前",
            "lat": "35.408904",
            "lng": "139.292209"
        },
        {
            "index": "10",
            "id": "00128185",
            "name": "台久保",
            "lat": "35.410507",
            "lng": "139.293234"
        },
        {
            "index": "11",
            "id": "00128186",
            "name": "秋山(伊勢原市)",
            "lat": "35.413774",
            "lng": "139.295117"
        },
        {
            "index": "12",
            "id": "00128187",
            "name": "和田内",
            "lat": "35.418209",
            "lng": "139.294817"
        },
        {
            "index": "13",
            "id": "00128177",
            "name": "温泉入口(伊勢原市)",
            "lat": "35.420378",
            "lng": "139.294595"
        },
        {
            "index": "14",
            "id": "00128178",
            "name": "高部屋小学校前",
            "lat": "35.422858",
            "lng": "139.294287"
        },
        {
            "index": "15",
            "id": "00128179",
            "name": "洗水",
            "lat": "35.42959",
            "lng": "139.291158"
        },
        {
            "index": "16",
            "id": "00128180",
            "name": "諏訪坂下",
            "lat": "35.430768",
            "lng": "139.290042"
        },
        {
            "index": "17",
            "id": "00128181",
            "name": "藤野入口",
            "lat": "35.433495",
            "lng": "139.286802"
        },
        {
            "index": "18",
            "id": "00128182",
            "name": "高橋(伊勢原市)",
            "lat": "35.435178",
            "lng": "139.282076"
        },
        {
            "index": "19",
            "id": "00128183",
            "name": "坊中(伊勢原市)",
            "lat": "35.435615",
            "lng": "139.28029"
        },
        {
            "index": "20",
            "id": "00128184",
            "name": "日向薬師",
            "lat": "35.435559",
            "lng": "139.27721"
        }
    ],
    "route_url": "https://www.kanachu.co.jp/dia/route/index/cid:0000800970/"
}
