{
    "date": "2024/09/02",
    "name": "西村(横浜市瀬谷区)",
    "position": "-",
    "system": "境11",
    "destinations": [
        "阿久和山谷",
        "原店(横浜市瀬谷区)",
        "向原(横浜市瀬谷区)",
        "原中学校前",
        "三ツ境小学校前",
        "旭ヶ丘(横浜市瀬谷区)",
        "住宅前(横浜市瀬谷区)",
        "富士見台(横浜市瀬谷区)",
        "富士見通り商店街",
        "三ツ境駅"
    ],
    "weekday": [
        "5:43",
        "5:56",
        "6:06",
        "6:22",
        "6:30",
        "6:45",
        "6:52",
        "6:59",
        "7:13",
        "7:20",
        "7:27",
        "7:39",
        "7:45",
        "7:51",
        "7:57",
        "8:04",
        "8:19",
        "8:29",
        "8:52",
        "9:08",
        "9:40",
        "10:10",
        "10:25",
        "10:55",
        "11:25",
        "11:40",
        "12:10",
        "12:40",
        "12:55",
        "13:25",
        "13:55",
        "14:10",
        "14:40",
        "15:10",
        "15:25",
        "15:55",
        "16:25",
        "16:40",
        "17:10",
        "17:40",
        "18:11",
        "18:21",
        "18:41",
        "18:51",
        "19:16",
        "19:46",
        "20:31",
        "20:56",
        "21:26",
        "21:54",
        "22:39"
    ],
    "saturday": [
        "5:46",
        "6:20",
        "7:10",
        "7:40",
        "8:10",
        "8:25",
        "8:55",
        "9:25",
        "9:40",
        "10:10",
        "10:40",
        "10:55",
        "11:25",
        "11:55",
        "12:10",
        "12:40",
        "13:10",
        "13:25",
        "13:55",
        "14:25",
        "14:40",
        "15:10",
        "15:40",
        "15:55",
        "16:25",
        "16:55",
        "17:10",
        "17:40",
        "18:10",
        "18:25",
        "18:55",
        "19:25",
        "19:40",
        "20:10",
        "20:50",
        "21:35"
    ],
    "holiday": [
        "5:46",
        "6:20",
        "7:10",
        "7:40",
        "8:10",
        "8:25",
        "8:55",
        "9:25",
        "9:40",
        "10:10",
        "10:40",
        "10:55",
        "11:25",
        "11:55",
        "12:10",
        "12:40",
        "13:10",
        "13:25",
        "13:55",
        "14:25",
        "14:40",
        "15:10",
        "15:40",
        "15:55",
        "16:25",
        "16:55",
        "17:10",
        "17:40",
        "18:10",
        "18:25",
        "18:55",
        "19:25",
        "19:40",
        "20:10",
        "20:50",
        "21:35"
    ],
    "url": "https://www.kanachu.co.jp/dia/diagram/timetable01_js/course:0000801455-2/node:00126949/kt:0/lname:/"
}
