{
    "date": "2024/09/02",
    "name": "旭ヶ丘(横浜市瀬谷区)",
    "position": "-",
    "system": "境11",
    "destinations": [
        "住宅前(横浜市瀬谷区)",
        "富士見台(横浜市瀬谷区)",
        "富士見通り商店街",
        "三ツ境駅"
    ],
    "weekday": [
        "5:50",
        "6:03",
        "6:13",
        "6:29",
        "6:37",
        "6:52",
        "6:59",
        "7:06",
        "7:20",
        "7:27",
        "7:34",
        "7:46",
        "7:52",
        "7:58",
        "8:04",
        "8:11",
        "8:26",
        "8:36",
        "8:59",
        "9:15",
        "9:47",
        "10:17",
        "10:32",
        "11:02",
        "11:32",
        "11:47",
        "12:17",
        "12:47",
        "13:02",
        "13:32",
        "14:02",
        "14:17",
        "14:47",
        "15:17",
        "15:32",
        "16:02",
        "16:32",
        "16:47",
        "17:17",
        "17:47",
        "18:18",
        "18:28",
        "18:48",
        "18:58",
        "19:23",
        "19:53",
        "20:38",
        "21:03",
        "21:33",
        "22:01",
        "22:46"
    ],
    "saturday": [
        "5:53",
        "6:27",
        "7:17",
        "7:47",
        "8:17",
        "8:32",
        "9:02",
        "9:32",
        "9:47",
        "10:17",
        "10:47",
        "11:02",
        "11:32",
        "12:02",
        "12:17",
        "12:47",
        "13:17",
        "13:32",
        "14:02",
        "14:32",
        "14:47",
        "15:17",
        "15:47",
        "16:02",
        "16:32",
        "17:02",
        "17:17",
        "17:47",
        "18:17",
        "18:32",
        "19:02",
        "19:32",
        "19:47",
        "20:17",
        "20:57",
        "21:42"
    ],
    "holiday": [
        "5:53",
        "6:27",
        "7:17",
        "7:47",
        "8:17",
        "8:32",
        "9:02",
        "9:32",
        "9:47",
        "10:17",
        "10:47",
        "11:02",
        "11:32",
        "12:02",
        "12:17",
        "12:47",
        "13:17",
        "13:32",
        "14:02",
        "14:32",
        "14:47",
        "15:17",
        "15:47",
        "16:02",
        "16:32",
        "17:02",
        "17:17",
        "17:47",
        "18:17",
        "18:32",
        "19:02",
        "19:32",
        "19:47",
        "20:17",
        "20:57",
        "21:42"
    ],
    "url": "https://www.kanachu.co.jp/dia/diagram/timetable01_js/course:0000801455-8/node:00126685/kt:0/lname:/"
}
