{
    "date": "2025/11/16",
    "name": "白根不動入口",
    "position": "-",
    "system": "峰03",
    "destinations": [
        "下白根橋",
        "愛宕旭環境センター前",
        "稲荷通",
        "金草沢",
        "千丸台団地",
        "さわやか苑前",
        "白山高校",
        "中山車庫"
    ],
    "weekday": [
        "8:12",
        "10:24",
        "12:57",
        "15:07",
        "18:22",
        "20:19"
    ],
    "saturday": [
        "8:38",
        "10:37",
        "14:07",
        "17:05",
        "19:07"
    ],
    "holiday": [
        "8:28",
        "11:11",
        "16:06",
        "18:05"
    ],
    "url": "https://www.kanachu.co.jp/dia/diagram/timetable01_js/course:0000802313-3/node:00102605/kt:0/lname:/"
}
