{
    "date": "2025/11/16",
    "name": "金草沢",
    "position": "-",
    "system": "峰03",
    "destinations": [
        "千丸台団地",
        "さわやか苑前",
        "白山高校",
        "中山車庫"
    ],
    "weekday": [
        "8:17",
        "10:29",
        "13:02",
        "15:12",
        "18:27",
        "20:24"
    ],
    "saturday": [
        "8:43",
        "10:42",
        "14:12",
        "17:10",
        "19:12"
    ],
    "holiday": [
        "8:33",
        "11:16",
        "16:11",
        "18:10"
    ],
    "url": "https://www.kanachu.co.jp/dia/diagram/timetable01_js/course:0000802313-7/node:00102361/kt:0/lname:/"
}
