{
    "date": "2026/01/16",
    "name": "防災いこいの広場入口",
    "position": "-",
    "system": "町89",
    "destinations": [
        "都営金森アパート前",
        "かわせみ会館前",
        "西田(町田市)",
        "西田峯山公園前",
        "定方寺公園入口",
        "町谷(町田市)",
        "南町田四丁目",
        "南町田北",
        "南町田グランベリーパーク駅"
    ],
    "weekday": [
        "9:31",
        "10:16",
        "10:56",
        "11:50",
        "13:11",
        "13:56",
        "14:54",
        "15:56",
        "16:56",
        "17:38",
        "18:18",
        "19:00",
        "19:38",
        "20:16",
        "21:00",
        "21:38",
        "22:28"
    ],
    "saturday": [
        "9:36",
        "10:56",
        "12:16",
        "13:36",
        "14:33",
        "16:33",
        "17:47",
        "19:08",
        "20:00",
        "20:48",
        "21:40"
    ],
    "holiday": [
        "9:36",
        "10:56",
        "12:16",
        "13:36",
        "14:33",
        "16:33",
        "17:47",
        "19:08",
        "20:00",
        "20:48",
        "21:40"
    ],
    "url": "https://www.kanachu.co.jp/dia/diagram/timetable01_js/course:0000803976-8/node:00129793/kt:0/lname:/"
}
