{
    "date": "2019/02/16",
    "name": "一色上",
    "position": "-",
    "system": "湘15",
    "destinations": [
        "文化体育館前"
    ],
    "weekday": [
        "9:15",
        "10:15",
        "11:10",
        "12:10",
        "13:10",
        "14:10",
        "15:10",
        "16:10"
    ],
    "saturday": [
        "9:10",
        "10:10",
        "11:10",
        "12:10",
        "13:10",
        "14:10",
        "15:10"
    ],
    "holiday": [
        "8:10",
        "9:10",
        "10:10",
        "11:10",
        "12:10",
        "13:10",
        "14:10",
        "15:10"
    ],
    "url": "https://www.kanachu.co.jp/dia/diagram/timetable01_js/course:0000802693-6/node:00129928/kt:0/lname:/"
}
