{
    "date": "2026/01/16",
    "name": "八幡公民館入口",
    "position": "-",
    "system": "平67",
    "destinations": [
        "古河電工入口",
        "西八幡(平塚市)",
        "神明中学校入口",
        "南真土",
        "大野農協前",
        "市場前(平塚市)",
        "坂口(平塚市)",
        "今里(平塚市)",
        "横内団地前",
        "横内下",
        "横内公民館入口",
        "横内四ツ角",
        "田村車庫"
    ],
    "weekday": [
        "7:19",
        "7:48",
        "8:19",
        "8:39",
        "9:00",
        "9:09",
        "9:29",
        "9:38",
        "9:58",
        "10:18",
        "10:38",
        "10:59",
        "11:18",
        "11:38",
        "11:59",
        "12:19",
        "12:38",
        "12:58",
        "13:19",
        "13:39",
        "13:59",
        "14:19",
        "14:39",
        "14:59",
        "15:18",
        "15:38",
        "15:59",
        "16:18",
        "16:38",
        "16:59",
        "17:18",
        "17:38",
        "17:58",
        "18:18",
        "18:38",
        "18:59",
        "19:18",
        "19:38",
        "19:59",
        "20:18",
        "20:38",
        "20:59",
        "21:18",
        "21:48",
        "22:19",
        "22:50"
    ],
    "saturday": [
        "7:52",
        "8:24",
        "8:59",
        "9:28",
        "9:58",
        "10:28",
        "10:58",
        "11:13",
        "11:28",
        "11:58",
        "12:28",
        "12:38",
        "12:58",
        "13:08",
        "13:28",
        "13:58",
        "14:28",
        "14:58",
        "15:19",
        "15:38",
        "15:58",
        "16:19",
        "16:38",
        "16:58",
        "17:19",
        "17:38",
        "17:58",
        "18:19",
        "18:38",
        "18:58",
        "19:19",
        "19:38",
        "19:59",
        "20:18",
        "20:48",
        "21:18",
        "21:48",
        "22:19"
    ],
    "holiday": [
        "7:52",
        "8:24",
        "8:59",
        "9:28",
        "9:58",
        "10:28",
        "10:58",
        "11:13",
        "11:28",
        "11:58",
        "12:28",
        "12:38",
        "12:58",
        "13:08",
        "13:28",
        "13:58",
        "14:28",
        "14:58",
        "15:19",
        "15:38",
        "15:58",
        "16:19",
        "16:38",
        "16:58",
        "17:19",
        "17:38",
        "17:58",
        "18:19",
        "18:38",
        "18:58",
        "19:19",
        "19:38",
        "19:59",
        "20:18",
        "20:48",
        "21:18",
        "21:48",
        "22:19"
    ],
    "url": "https://www.kanachu.co.jp/dia/diagram/timetable01_js/course:0000804110-7/node:00127647/kt:0/lname:/"
}
