{
    "date": "2026/01/16",
    "name": "横内団地前",
    "position": "-",
    "system": "平67",
    "destinations": [
        "横内下",
        "横内公民館入口",
        "横内四ツ角",
        "田村車庫"
    ],
    "weekday": [
        "7:28",
        "7:57",
        "8:28",
        "8:48",
        "9:09",
        "9:18",
        "9:38",
        "9:47",
        "10:07",
        "10:27",
        "10:47",
        "11:08",
        "11:27",
        "11:47",
        "12:08",
        "12:28",
        "12:47",
        "13:07",
        "13:28",
        "13:48",
        "14:08",
        "14:28",
        "14:48",
        "15:08",
        "15:27",
        "15:47",
        "16:08",
        "16:27",
        "16:47",
        "17:08",
        "17:27",
        "17:47",
        "18:07",
        "18:27",
        "18:47",
        "19:08",
        "19:27",
        "19:47",
        "20:08",
        "20:27",
        "20:47",
        "21:08",
        "21:27",
        "21:57",
        "22:28",
        "22:59"
    ],
    "saturday": [
        "8:01",
        "8:33",
        "9:08",
        "9:37",
        "10:07",
        "10:37",
        "11:07",
        "11:22",
        "11:37",
        "12:07",
        "12:37",
        "12:47",
        "13:07",
        "13:17",
        "13:37",
        "14:07",
        "14:37",
        "15:07",
        "15:28",
        "15:47",
        "16:07",
        "16:28",
        "16:47",
        "17:07",
        "17:28",
        "17:47",
        "18:07",
        "18:28",
        "18:47",
        "19:07",
        "19:28",
        "19:47",
        "20:08",
        "20:27",
        "20:57",
        "21:27",
        "21:57",
        "22:28"
    ],
    "holiday": [
        "8:01",
        "8:33",
        "9:08",
        "9:37",
        "10:07",
        "10:37",
        "11:07",
        "11:22",
        "11:37",
        "12:07",
        "12:37",
        "12:47",
        "13:07",
        "13:17",
        "13:37",
        "14:07",
        "14:37",
        "15:07",
        "15:28",
        "15:47",
        "16:07",
        "16:28",
        "16:47",
        "17:07",
        "17:28",
        "17:47",
        "18:07",
        "18:28",
        "18:47",
        "19:07",
        "19:28",
        "19:47",
        "20:08",
        "20:27",
        "20:57",
        "21:27",
        "21:57",
        "22:28"
    ],
    "url": "https://www.kanachu.co.jp/dia/diagram/timetable01_js/course:0000804110-16/node:00127613/kt:0/lname:/"
}
