{
    "date": "2018/04/01",
    "name": "駒返橋",
    "position": "-",
    "system": "",
    "destinations": [
        "鹿見堂橋",
        "平塚市リサイクルプラザ",
        "大江工業前",
        "ふじみ園前",
        "前鳥神社前",
        "大念寺前",
        "東真土",
        "真土",
        "大野農協前",
        "西真土",
        "大野中学校前",
        "東中原住宅",
        "伊勢山(平塚市)",
        "中原中宿",
        "中原東(平塚市)",
        "総合公園前(平塚市)",
        "共済病院前総合公園西",
        "市民病院前(平塚市)"
    ],
    "weekday": [
        "7:37",
        "10:47"
    ],
    "saturday": [],
    "holiday": [],
    "url": "https://www.kanachu.co.jp/dia/diagram/timetable01_js/course:0000802664-8/node:00127661/kt:0/lname:/"
}
