{
    "date": "2025/11/16",
    "name": "森の里五丁目",
    "position": "-",
    "system": "愛15",
    "destinations": [
        "北センター(厚木市)",
        "森の里中学校前",
        "森の里三丁目",
        "森の里小学校前",
        "森の里二丁目",
        "森の里一丁目",
        "若宮橋(厚木市)",
        "榎田",
        "小野橋(厚木市)",
        "小野宮前",
        "愛名入口",
        "上長谷(厚木市)",
        "毛利台南入口",
        "聖木",
        "大上(厚木市)",
        "愛甲原住宅",
        "上愛甲",
        "愛甲橋",
        "堂山",
        "宮前(厚木市)",
        "愛甲石田駅"
    ],
    "weekday": [
        "6:15",
        "6:40",
        "7:00",
        "7:30",
        "8:00",
        "9:00",
        "10:00",
        "11:15",
        "12:40",
        "14:00",
        "15:15",
        "16:41",
        "18:00",
        "18:55",
        "19:55"
    ],
    "saturday": [
        "6:00",
        "7:20",
        "8:40",
        "10:00",
        "11:15",
        "12:40",
        "14:00",
        "15:15",
        "16:40",
        "18:00",
        "19:15",
        "20:40"
    ],
    "holiday": [
        "6:00",
        "7:20",
        "8:40",
        "10:00",
        "11:15",
        "12:40",
        "14:00",
        "15:15",
        "16:40",
        "18:00",
        "19:15",
        "20:40"
    ],
    "url": "https://www.kanachu.co.jp/dia/diagram/timetable01_js/course:0000800508-2/node:00128666/kt:0/lname:/"
}
