{
    "date": "2025/11/16",
    "name": "大上(厚木市)",
    "position": "-",
    "system": "愛15",
    "destinations": [
        "愛甲原住宅",
        "上愛甲",
        "愛甲橋",
        "堂山",
        "宮前(厚木市)",
        "愛甲石田駅"
    ],
    "weekday": [
        "6:28",
        "6:53",
        "7:14",
        "7:44",
        "8:14",
        "9:13",
        "10:13",
        "11:28",
        "12:53",
        "14:13",
        "15:28",
        "16:55",
        "18:14",
        "19:08",
        "20:08"
    ],
    "saturday": [
        "6:13",
        "7:34",
        "8:54",
        "10:14",
        "11:29",
        "12:54",
        "14:14",
        "15:29",
        "16:54",
        "18:14",
        "19:28",
        "20:53"
    ],
    "holiday": [
        "6:13",
        "7:34",
        "8:54",
        "10:14",
        "11:29",
        "12:54",
        "14:14",
        "15:29",
        "16:54",
        "18:14",
        "19:28",
        "20:53"
    ],
    "url": "https://www.kanachu.co.jp/dia/diagram/timetable01_js/course:0000800508-17/node:00128525/kt:0/lname:/"
}
