{
    "date": "2025/11/16",
    "name": "上愛甲",
    "position": "-",
    "system": "愛15",
    "destinations": [
        "愛甲橋",
        "堂山",
        "宮前(厚木市)",
        "愛甲石田駅"
    ],
    "weekday": [
        "6:31",
        "6:56",
        "7:17",
        "7:47",
        "8:17",
        "9:16",
        "10:16",
        "11:31",
        "12:56",
        "14:16",
        "15:31",
        "16:58",
        "18:17",
        "19:11",
        "20:11"
    ],
    "saturday": [
        "6:16",
        "7:37",
        "8:57",
        "10:17",
        "11:32",
        "12:57",
        "14:17",
        "15:32",
        "16:57",
        "18:17",
        "19:31",
        "20:56"
    ],
    "holiday": [
        "6:16",
        "7:37",
        "8:57",
        "10:17",
        "11:32",
        "12:57",
        "14:17",
        "15:32",
        "16:57",
        "18:17",
        "19:31",
        "20:56"
    ],
    "url": "https://www.kanachu.co.jp/dia/diagram/timetable01_js/course:0000800508-19/node:00128527/kt:0/lname:/"
}
