{
    "date": "2025/03/15",
    "name": "羽根沢",
    "position": "-",
    "system": "辻28",
    "destinations": [
        "大庭小学校",
        "小糸",
        "城下(藤沢市)",
        "舟地蔵",
        "大六天(藤沢市)",
        "城(藤沢市)",
        "羽鳥一丁目",
        "神台公園前",
        "辻堂駅北口"
    ],
    "weekday": [
        "6:23",
        "6:52",
        "7:24",
        "8:29",
        "9:36",
        "11:36",
        "12:31",
        "13:36",
        "14:31",
        "15:36",
        "17:36",
        "18:36",
        "19:38",
        "20:44",
        "21:49"
    ],
    "saturday": [],
    "holiday": [],
    "url": "https://www.kanachu.co.jp/dia/diagram/timetable01_js/course:0000801576-7/node:00129961/kt:0/lname:/"
}
