{
    "date": "2025/03/15",
    "name": "大六天(藤沢市)",
    "position": "-",
    "system": "辻28",
    "destinations": [
        "城(藤沢市)",
        "羽鳥一丁目",
        "神台公園前",
        "辻堂駅北口"
    ],
    "weekday": [
        "6:28",
        "6:58",
        "7:30",
        "8:35",
        "9:41",
        "11:41",
        "12:36",
        "13:41",
        "14:36",
        "15:41",
        "17:41",
        "18:41",
        "19:43",
        "20:49",
        "21:54"
    ],
    "saturday": [],
    "holiday": [],
    "url": "https://www.kanachu.co.jp/dia/diagram/timetable01_js/course:0000801576-12/node:00127056/kt:0/lname:/"
}
