{
    "date": "2025/03/15",
    "name": "神台公園前",
    "position": "-",
    "system": "辻28",
    "destinations": [
        "辻堂駅北口"
    ],
    "weekday": [
        "6:32",
        "7:02",
        "7:34",
        "8:39",
        "9:45",
        "11:45",
        "12:40",
        "13:45",
        "14:40",
        "15:45",
        "17:45",
        "18:45",
        "19:47",
        "20:53",
        "21:58"
    ],
    "saturday": [],
    "holiday": [],
    "url": "https://www.kanachu.co.jp/dia/diagram/timetable01_js/course:0000801576-15/node:00130068/kt:0/lname:/"
}
