{
    "date": "2026/01/16",
    "name": "福泉寺前(横浜市旭区)",
    "position": "-",
    "system": "峰02",
    "destinations": [
        "宮の下(横浜市旭区)",
        "長源寺前(横浜市旭区)",
        "上川井町",
        "大貫橋",
        "若葉台南",
        "若葉台近隣公園前",
        "若葉台中学校前",
        "霧が丘高校前",
        "若葉台車庫前",
        "若葉台中央(横浜市旭区)",
        "若葉台車庫前",
        "霧が丘高校前",
        "霧が丘センター前",
        "郵便局前(横浜市緑区)",
        "萱場公園入口",
        "遊水池前(横浜市緑区)",
        "中山谷(横浜市緑区)",
        "十日市場",
        "十日市場駅"
    ],
    "weekday": [
        "7:12",
        "7:45",
        "9:08",
        "11:13",
        "13:24",
        "15:23",
        "17:24",
        "19:24"
    ],
    "saturday": [
        "8:39",
        "10:43",
        "12:43",
        "14:43",
        "16:43",
        "18:47"
    ],
    "holiday": [
        "8:55",
        "10:43",
        "12:43",
        "14:43",
        "16:43",
        "18:48"
    ],
    "url": "https://www.kanachu.co.jp/dia/diagram/timetable01_js/course:0000804205-12/node:00129710/kt:0/lname:/"
}
