{
    "date": "2026/01/16",
    "name": "宮の下(横浜市旭区)",
    "position": "-",
    "system": "峰02",
    "destinations": [
        "長源寺前(横浜市旭区)",
        "上川井町",
        "大貫橋",
        "若葉台南",
        "若葉台近隣公園前",
        "若葉台中学校前",
        "霧が丘高校前",
        "若葉台車庫前",
        "若葉台中央(横浜市旭区)",
        "若葉台車庫前",
        "霧が丘高校前",
        "霧が丘センター前",
        "郵便局前(横浜市緑区)",
        "萱場公園入口",
        "遊水池前(横浜市緑区)",
        "中山谷(横浜市緑区)",
        "十日市場",
        "十日市場駅"
    ],
    "weekday": [
        "7:13",
        "7:46",
        "9:09",
        "11:14",
        "13:25",
        "15:24",
        "17:25",
        "19:25"
    ],
    "saturday": [
        "8:40",
        "10:44",
        "12:44",
        "14:44",
        "16:44",
        "18:48"
    ],
    "holiday": [
        "8:56",
        "10:44",
        "12:44",
        "14:44",
        "16:44",
        "18:49"
    ],
    "url": "https://www.kanachu.co.jp/dia/diagram/timetable01_js/course:0000804205-13/node:00129709/kt:0/lname:/"
}
