{
    "date": "2026/01/16",
    "name": "長源寺前(横浜市旭区)",
    "position": "-",
    "system": "峰02",
    "destinations": [
        "上川井町",
        "大貫橋",
        "若葉台南",
        "若葉台近隣公園前",
        "若葉台中学校前",
        "霧が丘高校前",
        "若葉台車庫前",
        "若葉台中央(横浜市旭区)",
        "若葉台車庫前",
        "霧が丘高校前",
        "霧が丘センター前",
        "郵便局前(横浜市緑区)",
        "萱場公園入口",
        "遊水池前(横浜市緑区)",
        "中山谷(横浜市緑区)",
        "十日市場",
        "十日市場駅"
    ],
    "weekday": [
        "7:14",
        "7:47",
        "9:10",
        "11:15",
        "13:26",
        "15:25",
        "17:26",
        "19:26"
    ],
    "saturday": [
        "8:41",
        "10:45",
        "12:45",
        "14:45",
        "16:45",
        "18:49"
    ],
    "holiday": [
        "8:57",
        "10:45",
        "12:45",
        "14:45",
        "16:45",
        "18:50"
    ],
    "url": "https://www.kanachu.co.jp/dia/diagram/timetable01_js/course:0000804205-14/node:00129708/kt:0/lname:/"
}
