{
    "date": "2026/01/16",
    "name": "上川井町",
    "position": "-",
    "system": "峰02",
    "destinations": [
        "大貫橋",
        "若葉台南",
        "若葉台近隣公園前",
        "若葉台中学校前",
        "霧が丘高校前",
        "若葉台車庫前",
        "若葉台中央(横浜市旭区)",
        "若葉台車庫前",
        "霧が丘高校前",
        "霧が丘センター前",
        "郵便局前(横浜市緑区)",
        "萱場公園入口",
        "遊水池前(横浜市緑区)",
        "中山谷(横浜市緑区)",
        "十日市場",
        "十日市場駅"
    ],
    "weekday": [
        "7:15",
        "7:48",
        "9:11",
        "11:16",
        "13:27",
        "15:26",
        "17:27",
        "19:27"
    ],
    "saturday": [
        "8:42",
        "10:46",
        "12:46",
        "14:46",
        "16:46",
        "18:50"
    ],
    "holiday": [
        "8:58",
        "10:46",
        "12:46",
        "14:46",
        "16:46",
        "18:51"
    ],
    "url": "https://www.kanachu.co.jp/dia/diagram/timetable01_js/course:0000804205-15/node:00129707/kt:0/lname:/"
}
