{
    "date": "2026/01/16",
    "name": "若葉台近隣公園前",
    "position": "-",
    "system": "峰02",
    "destinations": [
        "若葉台中学校前",
        "霧が丘高校前",
        "若葉台車庫前",
        "若葉台中央(横浜市旭区)",
        "若葉台車庫前",
        "霧が丘高校前",
        "霧が丘センター前",
        "郵便局前(横浜市緑区)",
        "萱場公園入口",
        "遊水池前(横浜市緑区)",
        "中山谷(横浜市緑区)",
        "十日市場",
        "十日市場駅"
    ],
    "weekday": [
        "7:18",
        "7:51",
        "9:14",
        "11:19",
        "13:30",
        "15:29",
        "17:30",
        "19:30"
    ],
    "saturday": [
        "8:45",
        "10:49",
        "12:49",
        "14:49",
        "16:49",
        "18:53"
    ],
    "holiday": [
        "9:01",
        "10:49",
        "12:49",
        "14:49",
        "16:49",
        "18:54"
    ],
    "url": "https://www.kanachu.co.jp/dia/diagram/timetable01_js/course:0000804205-18/node:00103263/kt:0/lname:/"
}
