{
    "date": "2026/01/16",
    "name": "霧が丘センター前",
    "position": "-",
    "system": "峰02",
    "destinations": [
        "郵便局前(横浜市緑区)",
        "萱場公園入口",
        "遊水池前(横浜市緑区)",
        "中山谷(横浜市緑区)",
        "十日市場",
        "十日市場駅"
    ],
    "weekday": [
        "7:28",
        "8:01",
        "9:24",
        "11:29",
        "13:40",
        "15:39",
        "17:40",
        "19:40"
    ],
    "saturday": [
        "8:55",
        "10:59",
        "12:59",
        "14:59",
        "16:59",
        "19:03"
    ],
    "holiday": [
        "9:11",
        "10:59",
        "12:59",
        "14:59",
        "16:59",
        "19:04"
    ],
    "url": "https://www.kanachu.co.jp/dia/diagram/timetable01_js/course:0000804205-25/node:00019299/kt:0/lname:/"
}
