{
    "date": "2026/01/16",
    "name": "中山谷(横浜市緑区)",
    "position": "-",
    "system": "峰02",
    "destinations": [
        "十日市場",
        "十日市場駅"
    ],
    "weekday": [
        "7:35",
        "8:08",
        "9:30",
        "11:35",
        "13:46",
        "15:45",
        "17:46",
        "19:45"
    ],
    "saturday": [
        "9:00",
        "11:06",
        "13:06",
        "15:06",
        "17:06",
        "19:10"
    ],
    "holiday": [
        "9:16",
        "11:05",
        "13:06",
        "15:06",
        "17:05",
        "19:09"
    ],
    "url": "https://www.kanachu.co.jp/dia/diagram/timetable01_js/course:0000804205-29/node:00019303/kt:0/lname:/"
}
