{
    "date": "2025/03/15",
    "name": "鶴が台入口",
    "position": "-",
    "system": "茅03",
    "destinations": [
        "高田(茅ケ崎市)",
        "甘沼",
        "八幡神社前(茅ケ崎市)",
        "殿山公園前",
        "南長谷戸",
        "長谷戸",
        "堤坂下",
        "小出二本松",
        "丸山大辻",
        "ライフタウン入口",
        "南大平",
        "滝の沢小学校前",
        "滝の沢不動前",
        "湘南ライフタウン"
    ],
    "weekday": [
        "8:06",
        "15:08",
        "16:08",
        "17:08",
        "18:11",
        "19:11",
        "20:03",
        "21:12",
        "21:52",
        "22:42"
    ],
    "saturday": [
        "12:58",
        "13:58",
        "14:58",
        "15:58",
        "16:58",
        "17:58",
        "18:58",
        "19:57",
        "20:42",
        "21:42"
    ],
    "holiday": [
        "8:58",
        "9:58",
        "10:58",
        "11:58",
        "12:58",
        "13:58",
        "14:58",
        "15:58",
        "16:58",
        "17:58",
        "18:58",
        "19:57",
        "20:42",
        "21:42"
    ],
    "url": "https://www.kanachu.co.jp/dia/diagram/timetable01_js/course:0000802704-6/node:00127139/kt:0/lname:/"
}
