{
    "date": "2025/03/15",
    "name": "丸山大辻",
    "position": "-",
    "system": "茅03",
    "destinations": [
        "ライフタウン入口",
        "南大平",
        "滝の沢小学校前",
        "滝の沢不動前",
        "湘南ライフタウン"
    ],
    "weekday": [
        "8:17",
        "15:19",
        "16:19",
        "17:19",
        "18:22",
        "19:22",
        "20:13",
        "21:22",
        "22:02",
        "22:52"
    ],
    "saturday": [
        "13:09",
        "14:09",
        "15:09",
        "16:09",
        "17:09",
        "18:09",
        "19:08",
        "20:07",
        "20:52",
        "21:52"
    ],
    "holiday": [
        "9:09",
        "10:09",
        "11:09",
        "12:09",
        "13:09",
        "14:09",
        "15:09",
        "16:09",
        "17:09",
        "18:09",
        "19:08",
        "20:07",
        "20:52",
        "21:52"
    ],
    "url": "https://www.kanachu.co.jp/dia/diagram/timetable01_js/course:0000802704-15/node:00129959/kt:0/lname:/"
}
