{
    "date": "2025/01/14",
    "name": "高坪入口",
    "position": "-",
    "system": "厚44",
    "destinations": [
        "南毛利小学校前",
        "清水(厚木市)",
        "観音坂",
        "上長谷(厚木市)",
        "愛名入口",
        "やまゆり園前(厚木市)",
        "宮地(厚木市)",
        "高松山入口",
        "森の里青山",
        "日産先進技術開発センター前",
        "通信研究所前(厚木市)",
        "森の里センター",
        "厚木西高校",
        "森の里四丁目",
        "森の里五丁目",
        "森の里"
    ],
    "weekday": [
        "6:42",
        "7:17",
        "7:37",
        "8:01",
        "8:21",
        "8:51",
        "9:20"
    ],
    "saturday": [
        "7:19",
        "8:19",
        "9:19"
    ],
    "holiday": [
        "7:19",
        "8:19",
        "9:19"
    ],
    "url": "https://www.kanachu.co.jp/dia/diagram/timetable01_js/course:0000800845-8/node:00128444/kt:0/lname:/"
}
