{
    "date": "2025/01/14",
    "name": "通信研究所前(厚木市)",
    "position": "-",
    "system": "厚44",
    "destinations": [
        "森の里センター",
        "厚木西高校",
        "森の里四丁目",
        "森の里五丁目",
        "森の里"
    ],
    "weekday": [
        "6:57",
        "7:32",
        "7:54",
        "8:18",
        "8:38",
        "9:07",
        "9:36"
    ],
    "saturday": [
        "7:32",
        "8:32",
        "9:32"
    ],
    "holiday": [
        "7:32",
        "8:32",
        "9:32"
    ],
    "url": "https://www.kanachu.co.jp/dia/diagram/timetable01_js/course:0000800845-19/node:00128518/kt:0/lname:/"
}
