{
    "date": "2025/01/14",
    "name": "合同庁舎前(厚木市)",
    "position": "-",
    "system": "厚47",
    "destinations": [
        "市役所入口(厚木市)",
        "本厚木駅",
        "厚木バスセンター"
    ],
    "weekday": [],
    "saturday": [
        "7:28",
        "8:28",
        "11:30",
        "12:30",
        "13:30",
        "14:30",
        "15:31",
        "16:31",
        "17:31",
        "18:31",
        "19:28"
    ],
    "holiday": [
        "7:28",
        "8:28",
        "9:28",
        "10:30",
        "11:30",
        "12:30",
        "13:30",
        "14:30",
        "15:31",
        "16:31",
        "17:31",
        "18:31",
        "19:28"
    ],
    "url": "https://www.kanachu.co.jp/dia/diagram/timetable01_js/course:0000803679-30/node:00128439/kt:0/lname:/"
}
