{
    "date": "2025/01/14",
    "name": "市役所入口(厚木市)",
    "position": "-",
    "system": "厚47",
    "destinations": [
        "本厚木駅",
        "厚木バスセンター"
    ],
    "weekday": [],
    "saturday": [
        "7:30",
        "8:30",
        "11:32",
        "12:32",
        "13:32",
        "14:32",
        "15:34",
        "16:34",
        "17:34",
        "18:34",
        "19:30"
    ],
    "holiday": [
        "7:30",
        "8:30",
        "9:30",
        "10:32",
        "11:32",
        "12:32",
        "13:32",
        "14:32",
        "15:34",
        "16:34",
        "17:34",
        "18:34",
        "19:30"
    ],
    "url": "https://www.kanachu.co.jp/dia/diagram/timetable01_js/course:0000803679-31/node:00128396/kt:0/lname:/"
}
