{
    "system": "海08",
    "busstops": [
        {
            "index": "1",
            "id": "00128608",
            "name": "鶴間駅",
            "lat": "35.489971",
            "lng": "139.450854"
        },
        {
            "index": "2",
            "id": "00128607",
            "name": "西鶴間",
            "lat": "35.48521",
            "lng": "139.444092"
        },
        {
            "index": "3",
            "id": "00129671",
            "name": "南鶴間",
            "lat": "35.482984",
            "lng": "139.441186"
        },
        {
            "index": "4",
            "id": "00128606",
            "name": "西鶴寺前",
            "lat": "35.481627",
            "lng": "139.440353"
        },
        {
            "index": "5",
            "id": "00129672",
            "name": "扇野",
            "lat": "35.47727",
            "lng": "139.438764"
        },
        {
            "index": "6",
            "id": "00129673",
            "name": "相模大塚",
            "lat": "35.470467",
            "lng": "139.435822"
        },
        {
            "index": "7",
            "id": "00129872",
            "name": "さがみ野駅",
            "lat": "35.471161",
            "lng": "139.428661"
        },
        {
            "index": "8",
            "id": "00129871",
            "name": "大塚上町",
            "lat": "35.471069",
            "lng": "139.425751"
        },
        {
            "index": "9",
            "id": "00129870",
            "name": "大塚本町",
            "lat": "35.468443",
            "lng": "139.421776"
        },
        {
            "index": "10",
            "id": "00129674",
            "name": "柏ヶ谷(海老名市)",
            "lat": "35.465315",
            "lng": "139.417881"
        },
        {
            "index": "11",
            "id": "00128619",
            "name": "天野原",
            "lat": "35.461382",
            "lng": "139.414738"
        },
        {
            "index": "12",
            "id": "00128618",
            "name": "パブコ前",
            "lat": "35.459697",
            "lng": "139.413426"
        },
        {
            "index": "13",
            "id": "00128617",
            "name": "赤坂(海老名市)",
            "lat": "35.457666",
            "lng": "139.411082"
        },
        {
            "index": "14",
            "id": "00128616",
            "name": "県営団地入口(海老名市)",
            "lat": "35.454552",
            "lng": "139.407717"
        },
        {
            "index": "15",
            "id": "00128615",
            "name": "望地(海老名市)",
            "lat": "35.453246",
            "lng": "139.405754"
        },
        {
            "index": "16",
            "id": "00128614",
            "name": "東国分",
            "lat": "35.453007",
            "lng": "139.401391"
        },
        {
            "index": "17",
            "id": "00128558",
            "name": "国分(海老名市)",
            "lat": "35.45344",
            "lng": "139.399609"
        },
        {
            "index": "18",
            "id": "00128613",
            "name": "中央一丁目(海老名市)",
            "lat": "35.451422",
            "lng": "139.396102"
        },
        {
            "index": "19",
            "id": "00128604",
            "name": "海老名駅東口",
            "lat": "35.452192",
            "lng": "139.391645"
        }
    ],
    "route_url": "https://www.kanachu.co.jp/dia/route/index/cid:0000801310/"
}
