{
    "date": "2025/05/11",
    "name": "日野小学校前(横浜市港南区)",
    "position": "-",
    "system": "上06",
    "destinations": [
        "日野(横浜市港南区)",
        "清水橋(横浜市港南区)",
        "金井(横浜市港南区)",
        "藤ヶ沢",
        "港南車庫入口",
        "原(横浜市港南区)",
        "七曲",
        "鍛冶ヶ谷",
        "本郷石橋",
        "天神橋(横浜市栄区)"
    ],
    "weekday": [],
    "saturday": [
        "22:07"
    ],
    "holiday": [
        "22:07"
    ],
    "url": "https://www.kanachu.co.jp/dia/diagram/timetable01_js/course:0000803425-9/node:00102955/kt:0/lname:/"
}
