{
    "date": "2025/07/27",
    "name": "曽屋弘法",
    "position": "-",
    "system": "秦25",
    "destinations": [
        "弘法山入口",
        "御嶽神社入口",
        "山谷入口",
        "末広小学校前",
        "下宿(秦野市)",
        "仲宿(秦野市)",
        "上宿通り",
        "大川橋(秦野市)",
        "まほろば大橋",
        "秦野駅"
    ],
    "weekday": [
        "6:34",
        "7:15",
        "7:48",
        "8:35",
        "10:11",
        "12:10",
        "13:10",
        "15:20",
        "16:50",
        "17:50"
    ],
    "saturday": [
        "9:55",
        "11:55",
        "14:10",
        "16:10"
    ],
    "holiday": [
        "9:55",
        "11:55",
        "14:10",
        "16:10"
    ],
    "url": "https://www.kanachu.co.jp/dia/diagram/timetable01_js/course:0000801512-1/node:00128051/kt:0/lname:/"
}
