{
    "date": "2025/04/01",
    "name": "桜美林学園",
    "position": "-",
    "system": "町32",
    "destinations": [
        "忠生四丁目",
        "忠霊塔前",
        "忠生三丁目",
        "町田工業高校前",
        "忠生二丁目",
        "忠生公園前",
        "忠生公園入口",
        "木曽(町田市)",
        "上横町",
        "境川団地",
        "境川団地中央",
        "境川団地入口",
        "木曽都営入口",
        "桧台入口",
        "森野六丁目",
        "森野五丁目",
        "妙延寺(町田市)",
        "町田市役所市民ホール前",
        "町田バスセンター"
    ],
    "weekday": [
        "5:41",
        "6:01",
        "6:12",
        "6:27",
        "6:42",
        "6:57",
        "7:06",
        "7:12",
        "7:19",
        "7:27",
        "7:35",
        "7:43",
        "7:57",
        "8:08",
        "8:41",
        "9:11",
        "9:41",
        "10:16",
        "11:11",
        "11:51",
        "12:11",
        "12:51",
        "13:11",
        "13:51",
        "14:11",
        "14:51",
        "15:11",
        "15:51",
        "16:11",
        "16:51",
        "17:11",
        "17:31",
        "17:51",
        "18:06",
        "18:26",
        "18:46",
        "19:16",
        "19:36",
        "19:56",
        "20:16",
        "20:51",
        "21:16",
        "21:41",
        "22:11"
    ],
    "saturday": [
        "5:56",
        "6:21",
        "6:46",
        "7:06",
        "7:21",
        "7:36",
        "7:51",
        "8:11",
        "8:41",
        "8:56",
        "9:11",
        "9:41",
        "9:56",
        "10:11",
        "10:41",
        "10:56",
        "11:11",
        "11:41",
        "11:56",
        "12:11",
        "12:51",
        "13:11",
        "13:51",
        "14:11",
        "14:51",
        "15:11",
        "15:51",
        "16:11",
        "16:51",
        "17:11",
        "17:31",
        "17:51",
        "18:11",
        "18:41",
        "19:11",
        "19:41",
        "20:21",
        "20:56",
        "21:56"
    ],
    "holiday": [
        "6:05",
        "6:34",
        "7:09",
        "7:39",
        "8:09",
        "8:29",
        "8:49",
        "9:12",
        "9:32",
        "9:49",
        "10:09",
        "10:29",
        "10:49",
        "11:09",
        "11:29",
        "11:49",
        "12:09",
        "12:29",
        "12:49",
        "13:09",
        "13:29",
        "13:49",
        "14:09",
        "14:29",
        "14:49",
        "15:09",
        "15:29",
        "15:49",
        "16:09",
        "16:29",
        "16:49",
        "17:09",
        "17:29",
        "17:49",
        "18:09",
        "18:29",
        "18:49",
        "19:09",
        "19:39",
        "20:39",
        "21:49"
    ],
    "url": "https://www.kanachu.co.jp/dia/diagram/timetable01_js/course:0000803173-7/node:00129400/kt:0/lname:/"
}
