{
    "date": "2025/04/01",
    "name": "桧台入口",
    "position": "-",
    "system": "町32",
    "destinations": [
        "森野六丁目",
        "森野五丁目",
        "妙延寺(町田市)",
        "町田市役所市民ホール前",
        "町田バスセンター"
    ],
    "weekday": [
        "5:57",
        "6:17",
        "6:28",
        "6:45",
        "7:01",
        "7:16",
        "7:25",
        "7:31",
        "7:38",
        "7:46",
        "7:54",
        "8:02",
        "8:16",
        "8:27",
        "9:00",
        "9:30",
        "10:00",
        "10:35",
        "11:28",
        "12:08",
        "12:28",
        "13:08",
        "13:28",
        "14:08",
        "14:28",
        "15:08",
        "15:28",
        "16:08",
        "16:28",
        "17:08",
        "17:28",
        "17:48",
        "18:08",
        "18:23",
        "18:43",
        "19:02",
        "19:31",
        "19:51",
        "20:11",
        "20:31",
        "21:06",
        "21:30",
        "21:55",
        "22:25"
    ],
    "saturday": [
        "6:11",
        "6:36",
        "7:01",
        "7:22",
        "7:37",
        "7:52",
        "8:07",
        "8:27",
        "8:57",
        "9:13",
        "9:28",
        "9:58",
        "10:13",
        "10:28",
        "10:58",
        "11:14",
        "11:29",
        "11:59",
        "12:14",
        "12:29",
        "13:09",
        "13:29",
        "14:09",
        "14:29",
        "15:09",
        "15:29",
        "16:09",
        "16:28",
        "17:08",
        "17:28",
        "17:48",
        "18:08",
        "18:28",
        "18:58",
        "19:25",
        "19:55",
        "20:35",
        "21:10",
        "22:10"
    ],
    "holiday": [
        "6:20",
        "6:49",
        "7:24",
        "7:54",
        "8:24",
        "8:44",
        "9:04",
        "9:29",
        "9:49",
        "10:06",
        "10:26",
        "10:46",
        "11:07",
        "11:27",
        "11:47",
        "12:07",
        "12:27",
        "12:47",
        "13:07",
        "13:27",
        "13:47",
        "14:07",
        "14:27",
        "14:47",
        "15:07",
        "15:26",
        "15:46",
        "16:06",
        "16:26",
        "16:46",
        "17:06",
        "17:26",
        "17:46",
        "18:04",
        "18:23",
        "18:43",
        "19:03",
        "19:23",
        "19:53",
        "20:53",
        "22:03"
    ],
    "url": "https://www.kanachu.co.jp/dia/diagram/timetable01_js/course:0000803173-21/node:00129378/kt:0/lname:/"
}
