{
    "date": "2017/01/16",
    "name": "本厚木駅",
    "position": "-",
    "system": "厚80",
    "destinations": [
        "あつぎ大通り",
        "市役所入口(厚木市)",
        "税務署入口(厚木市)",
        "市立病院前(厚木市)",
        "木売場",
        "三家入口(厚木市)",
        "金田神社前",
        "下依知入口",
        "追分(厚木市)",
        "蓮生寺(厚木市)",
        "関口(厚木市)",
        "依知小学校前",
        "中平(厚木市)",
        "山際",
        "藤塚(厚木市)",
        "上依知",
        "依知神社前",
        "上依知浮島弁天前",
        "猿ヶ島入口",
        "猿ヶ島"
    ],
    "weekday": [
        "11:09",
        "12:39",
        "14:09"
    ],
    "saturday": [],
    "holiday": [],
    "url": "https://www.kanachu.co.jp/dia/diagram/timetable01_js/course:0000801158-2/node:00025684/kt:0/lname:/"
}
