{
    "date": "2017/01/16",
    "name": "市立病院前(厚木市)",
    "position": "-",
    "system": "厚80",
    "destinations": [
        "木売場",
        "三家入口(厚木市)",
        "金田神社前",
        "下依知入口",
        "追分(厚木市)",
        "蓮生寺(厚木市)",
        "関口(厚木市)",
        "依知小学校前",
        "中平(厚木市)",
        "山際",
        "藤塚(厚木市)",
        "上依知",
        "依知神社前",
        "上依知浮島弁天前",
        "猿ヶ島入口",
        "猿ヶ島"
    ],
    "weekday": [
        "11:15",
        "12:45",
        "14:15"
    ],
    "saturday": [],
    "holiday": [],
    "url": "https://www.kanachu.co.jp/dia/diagram/timetable01_js/course:0000801158-6/node:00128259/kt:0/lname:/"
}
