{
    "date": "2017/01/16",
    "name": "中平(厚木市)",
    "position": "-",
    "system": "厚80",
    "destinations": [
        "山際",
        "藤塚(厚木市)",
        "上依知",
        "依知神社前",
        "上依知浮島弁天前",
        "猿ヶ島入口",
        "猿ヶ島"
    ],
    "weekday": [
        "11:33",
        "13:03",
        "14:33"
    ],
    "saturday": [],
    "holiday": [],
    "url": "https://www.kanachu.co.jp/dia/diagram/timetable01_js/course:0000801158-15/node:00128354/kt:0/lname:/"
}
