{
    "date": "2017/01/16",
    "name": "山際",
    "position": "-",
    "system": "厚80",
    "destinations": [
        "藤塚(厚木市)",
        "上依知",
        "依知神社前",
        "上依知浮島弁天前",
        "猿ヶ島入口",
        "猿ヶ島"
    ],
    "weekday": [
        "11:35",
        "13:05",
        "14:35"
    ],
    "saturday": [],
    "holiday": [],
    "url": "https://www.kanachu.co.jp/dia/diagram/timetable01_js/course:0000801158-16/node:00128355/kt:0/lname:/"
}
