{
    "date": "2024/12/16",
    "name": "落合東",
    "position": "-",
    "system": "多03",
    "destinations": [
        "豊ヶ丘小学校",
        "落合三丁目",
        "落合四丁目",
        "豊ヶ丘五丁目",
        "恵泉女学園大学入口",
        "豊ヶ丘六丁目",
        "豊ヶ丘四丁目"
    ],
    "weekday": [
        "16:10",
        "17:10",
        "18:04",
        "18:49",
        "19:09",
        "21:02"
    ],
    "saturday": [
        "17:58",
        "18:47",
        "22:07"
    ],
    "holiday": [
        "17:58",
        "18:47",
        "22:07"
    ],
    "url": "https://www.kanachu.co.jp/dia/diagram/timetable01_js/course:0000803302-2/node:00021381/kt:0/lname:/"
}
