{
    "date": "2024/12/16",
    "name": "豊ヶ丘小学校",
    "position": "-",
    "system": "多03",
    "destinations": [
        "落合三丁目",
        "落合四丁目",
        "豊ヶ丘五丁目",
        "恵泉女学園大学入口",
        "豊ヶ丘六丁目",
        "豊ヶ丘四丁目"
    ],
    "weekday": [
        "16:11",
        "17:11",
        "18:05",
        "18:50",
        "19:10",
        "21:03"
    ],
    "saturday": [
        "17:59",
        "18:48",
        "22:08"
    ],
    "holiday": [
        "17:59",
        "18:48",
        "22:08"
    ],
    "url": "https://www.kanachu.co.jp/dia/diagram/timetable01_js/course:0000803302-3/node:00021308/kt:0/lname:/"
}
