{
    "date": "2024/12/16",
    "name": "落合三丁目",
    "position": "-",
    "system": "多03",
    "destinations": [
        "落合四丁目",
        "豊ヶ丘五丁目",
        "恵泉女学園大学入口",
        "豊ヶ丘六丁目",
        "豊ヶ丘四丁目"
    ],
    "weekday": [
        "16:12",
        "17:12",
        "18:06",
        "18:51",
        "19:11",
        "21:04"
    ],
    "saturday": [
        "18:00",
        "18:49",
        "22:09"
    ],
    "holiday": [
        "18:00",
        "18:49",
        "22:09"
    ],
    "url": "https://www.kanachu.co.jp/dia/diagram/timetable01_js/course:0000803302-4/node:00021378/kt:0/lname:/"
}
