{
    "date": "2024/12/16",
    "name": "豊ヶ丘五丁目",
    "position": "-",
    "system": "多03",
    "destinations": [
        "恵泉女学園大学入口",
        "豊ヶ丘六丁目",
        "豊ヶ丘四丁目"
    ],
    "weekday": [
        "16:14",
        "17:14",
        "18:08",
        "18:53",
        "19:13",
        "21:06"
    ],
    "saturday": [
        "18:02",
        "18:51",
        "22:11"
    ],
    "holiday": [
        "18:02",
        "18:51",
        "22:11"
    ],
    "url": "https://www.kanachu.co.jp/dia/diagram/timetable01_js/course:0000803302-6/node:00021283/kt:0/lname:/"
}
