{
    "date": "2024/12/16",
    "name": "恵泉女学園大学入口",
    "position": "-",
    "system": "多03",
    "destinations": [
        "豊ヶ丘六丁目",
        "豊ヶ丘四丁目"
    ],
    "weekday": [
        "16:15",
        "17:15",
        "18:09",
        "18:54",
        "19:14",
        "21:07"
    ],
    "saturday": [
        "18:03",
        "18:52",
        "22:12"
    ],
    "holiday": [
        "18:03",
        "18:52",
        "22:12"
    ],
    "url": "https://www.kanachu.co.jp/dia/diagram/timetable01_js/course:0000803302-7/node:00020285/kt:0/lname:/"
}
