{
    "date": "2025/04/19",
    "name": "富士山公園前",
    "position": "-",
    "system": "台14",
    "destinations": [
        "相武台前駅"
    ],
    "weekday": [
        "6:40",
        "7:54",
        "8:59",
        "10:00",
        "11:00",
        "12:00",
        "13:00",
        "14:00",
        "15:00",
        "15:55",
        "16:55",
        "18:03",
        "19:08"
    ],
    "saturday": [
        "7:10",
        "8:10",
        "9:10",
        "10:10",
        "11:10",
        "12:10",
        "13:10",
        "14:10",
        "15:10",
        "16:10",
        "17:10",
        "18:10",
        "19:10"
    ],
    "holiday": [
        "7:10",
        "8:10",
        "9:10",
        "10:10",
        "11:10",
        "12:10",
        "13:10",
        "14:10",
        "15:10",
        "16:10",
        "17:10",
        "18:10",
        "19:10"
    ],
    "url": "https://www.kanachu.co.jp/dia/diagram/timetable01_js/course:0000800801-16/node:00128550/kt:0/lname:/"
}
