{
    "date": "2025/07/12",
    "name": "神台公園前",
    "position": "-",
    "system": "藤10",
    "destinations": [
        "羽鳥郵便局前",
        "明治中学校前",
        "汲田",
        "住宅前(藤沢市明治)",
        "梅ヶ枝通り",
        "湘南台",
        "引地橋",
        "一中入口(藤沢市)",
        "湘南高校前",
        "台町(藤沢市)",
        "藤沢市民病院",
        "本町消防出張所前",
        "藤沢公民館前",
        "遊行寺前",
        "遊行通り四丁目",
        "藤沢駅北口"
    ],
    "weekday": [
        "10:16",
        "12:16",
        "14:21"
    ],
    "saturday": [],
    "holiday": [],
    "url": "https://www.kanachu.co.jp/dia/diagram/timetable01_js/course:0000802013-2/node:00130068/kt:0/lname:/"
}
