{
    "date": "2025/07/12",
    "name": "汲田",
    "position": "-",
    "system": "藤10",
    "destinations": [
        "住宅前(藤沢市明治)",
        "梅ヶ枝通り",
        "湘南台",
        "引地橋",
        "一中入口(藤沢市)",
        "湘南高校前",
        "台町(藤沢市)",
        "藤沢市民病院",
        "本町消防出張所前",
        "藤沢公民館前",
        "遊行寺前",
        "遊行通り四丁目",
        "藤沢駅北口"
    ],
    "weekday": [
        "10:19",
        "12:19",
        "14:24"
    ],
    "saturday": [],
    "holiday": [],
    "url": "https://www.kanachu.co.jp/dia/diagram/timetable01_js/course:0000802013-5/node:00127084/kt:0/lname:/"
}
