{
    "date": "2024/05/20",
    "name": "ひかり幼稚園前",
    "position": "-",
    "system": "伊01",
    "destinations": [
        "団地南口(伊勢原市)",
        "団地下大竹",
        "馬渡(伊勢原市)",
        "岡崎福祉館前",
        "御岳",
        "竹園小学校前",
        "竹園小学校入口",
        "谷戸大竹",
        "関台",
        "団地南(伊勢原市)",
        "団地東(伊勢原市)",
        "市ノ坪",
        "伊勢原車庫"
    ],
    "weekday": [
        "11:39",
        "12:39",
        "13:39",
        "14:39",
        "15:40",
        "16:40",
        "17:40",
        "18:40"
    ],
    "saturday": [],
    "holiday": [],
    "url": "https://www.kanachu.co.jp/dia/diagram/timetable01_js/course:0000801535-3/node:00128072/kt:0/lname:/"
}
