{
    "date": "2024/05/20",
    "name": "馬渡(伊勢原市)",
    "position": "-",
    "system": "伊01",
    "destinations": [
        "岡崎福祉館前",
        "御岳",
        "竹園小学校前",
        "竹園小学校入口",
        "谷戸大竹",
        "関台",
        "団地南(伊勢原市)",
        "団地東(伊勢原市)",
        "市ノ坪",
        "伊勢原車庫"
    ],
    "weekday": [
        "11:42",
        "12:42",
        "13:42",
        "14:42",
        "15:43",
        "16:43",
        "17:43",
        "18:43"
    ],
    "saturday": [],
    "holiday": [],
    "url": "https://www.kanachu.co.jp/dia/diagram/timetable01_js/course:0000801535-6/node:00128060/kt:0/lname:/"
}
