{
    "date": "2024/05/20",
    "name": "関台",
    "position": "-",
    "system": "伊01",
    "destinations": [
        "団地南(伊勢原市)",
        "団地東(伊勢原市)",
        "市ノ坪",
        "伊勢原車庫"
    ],
    "weekday": [
        "11:48",
        "12:48",
        "13:48",
        "14:48",
        "15:49",
        "16:49",
        "17:49",
        "18:49"
    ],
    "saturday": [],
    "holiday": [],
    "url": "https://www.kanachu.co.jp/dia/diagram/timetable01_js/course:0000801535-12/node:00128094/kt:0/lname:/"
}
