{
    "date": "2025/04/01",
    "name": "上舟沢",
    "position": "-",
    "system": "厚22",
    "destinations": [
        "御門橋",
        "尾崎(愛甲郡清川村)",
        "別所温泉入口",
        "郵便局前(愛甲郡清川村)",
        "中里(愛甲郡清川村)",
        "公民館前(愛甲郡清川村)",
        "小学校前(愛甲郡清川村)",
        "清川村役場前",
        "煤ヶ谷",
        "古在家",
        "坂尻(愛甲郡清川村)",
        "柿ノ木平",
        "上煤ヶ谷"
    ],
    "weekday": [
        "23:02",
        "23:32"
    ],
    "saturday": [
        "22:51"
    ],
    "holiday": [
        "22:51"
    ],
    "url": "https://www.kanachu.co.jp/dia/diagram/timetable01_js/course:0000803802-30/node:00128415/kt:0/lname:/"
}
