{
    "system": "厚22",
    "busstops": [
        {
            "index": "1",
            "id": "00025684",
            "name": "本厚木駅",
            "lat": "35.440288",
            "lng": "139.364921"
        },
        {
            "index": "2",
            "id": "00128340",
            "name": "小田急通り",
            "lat": "35.442431",
            "lng": "139.366093"
        },
        {
            "index": "3",
            "id": "00128439",
            "name": "合同庁舎前(厚木市)",
            "lat": "35.443964",
            "lng": "139.355566"
        },
        {
            "index": "4",
            "id": "00128509",
            "name": "戸室住宅前",
            "lat": "35.447217",
            "lng": "139.353473"
        },
        {
            "index": "5",
            "id": "00128510",
            "name": "戸室神社下",
            "lat": "35.44994",
            "lng": "139.352012"
        },
        {
            "index": "6",
            "id": "00128398",
            "name": "戸室",
            "lat": "35.453857",
            "lng": "139.350633"
        },
        {
            "index": "7",
            "id": "00128399",
            "name": "林(厚木市)",
            "lat": "35.455529",
            "lng": "139.348474"
        },
        {
            "index": "8",
            "id": "00128400",
            "name": "穴口橋",
            "lat": "35.460018",
            "lng": "139.347409"
        },
        {
            "index": "9",
            "id": "00128401",
            "name": "及川",
            "lat": "35.46504",
            "lng": "139.342412"
        },
        {
            "index": "10",
            "id": "00128402",
            "name": "千頭",
            "lat": "35.466308",
            "lng": "139.337405"
        },
        {
            "index": "11",
            "id": "00128403",
            "name": "上千頭",
            "lat": "35.467687",
            "lng": "139.333844"
        },
        {
            "index": "12",
            "id": "00128404",
            "name": "ゴルフ場入口(厚木市)",
            "lat": "35.469506",
            "lng": "139.326944"
        },
        {
            "index": "13",
            "id": "00128405",
            "name": "小鮎久保",
            "lat": "35.470778",
            "lng": "139.322538"
        },
        {
            "index": "14",
            "id": "00128406",
            "name": "光福寺(厚木市)",
            "lat": "35.470724",
            "lng": "139.317307"
        },
        {
            "index": "15",
            "id": "00128434",
            "name": "飯盛山",
            "lat": "35.472274",
            "lng": "139.313337"
        },
        {
            "index": "16",
            "id": "00128435",
            "name": "宮の里入口",
            "lat": "35.473213",
            "lng": "139.31227"
        },
        {
            "index": "17",
            "id": "00128436",
            "name": "宮の里東",
            "lat": "35.47867",
            "lng": "139.315813"
        },
        {
            "index": "18",
            "id": "00128437",
            "name": "宮の里センター",
            "lat": "35.477231",
            "lng": "139.312979"
        },
        {
            "index": "19",
            "id": "00128438",
            "name": "宮の里(厚木市)",
            "lat": "35.476276",
            "lng": "139.312787"
        },
        {
            "index": "20",
            "id": "00128435",
            "name": "宮の里入口",
            "lat": "35.473213",
            "lng": "139.31227"
        },
        {
            "index": "21",
            "id": "00128434",
            "name": "飯盛山",
            "lat": "35.472348",
            "lng": "139.31345"
        },
        {
            "index": "22",
            "id": "00128407",
            "name": "橋場(厚木市)",
            "lat": "35.471313",
            "lng": "139.313265"
        },
        {
            "index": "23",
            "id": "00128408",
            "name": "飯山観音前",
            "lat": "35.472482",
            "lng": "139.31121"
        },
        {
            "index": "24",
            "id": "00128409",
            "name": "尼寺(厚木市)",
            "lat": "35.475284",
            "lng": "139.309215"
        },
        {
            "index": "25",
            "id": "00128410",
            "name": "志田原",
            "lat": "35.4779",
            "lng": "139.307277"
        },
        {
            "index": "26",
            "id": "00128411",
            "name": "飯山温泉入口",
            "lat": "35.480511",
            "lng": "139.304987"
        },
        {
            "index": "27",
            "id": "00128412",
            "name": "上飯山(厚木市)",
            "lat": "35.4832",
            "lng": "139.302636"
        },
        {
            "index": "28",
            "id": "00128413",
            "name": "華厳橋",
            "lat": "35.481275",
            "lng": "139.295169"
        },
        {
            "index": "29",
            "id": "00128414",
            "name": "舟沢",
            "lat": "35.478563",
            "lng": "139.293592"
        },
        {
            "index": "30",
            "id": "00128415",
            "name": "上舟沢",
            "lat": "35.476228",
            "lng": "139.293691"
        },
        {
            "index": "31",
            "id": "00128416",
            "name": "御門橋",
            "lat": "35.472576",
            "lng": "139.291459"
        },
        {
            "index": "32",
            "id": "00128417",
            "name": "尾崎(愛甲郡清川村)",
            "lat": "35.472433",
            "lng": "139.286566"
        },
        {
            "index": "33",
            "id": "00128418",
            "name": "別所温泉入口",
            "lat": "35.473461",
            "lng": "139.285011"
        },
        {
            "index": "34",
            "id": "00128419",
            "name": "郵便局前(愛甲郡清川村)",
            "lat": "35.475651",
            "lng": "139.283616"
        },
        {
            "index": "35",
            "id": "00128420",
            "name": "中里(愛甲郡清川村)",
            "lat": "35.477767",
            "lng": "139.281073"
        },
        {
            "index": "36",
            "id": "00128421",
            "name": "公民館前(愛甲郡清川村)",
            "lat": "35.479484",
            "lng": "139.27996"
        },
        {
            "index": "37",
            "id": "00128422",
            "name": "小学校前(愛甲郡清川村)",
            "lat": "35.481131",
            "lng": "139.278004"
        },
        {
            "index": "38",
            "id": "00128423",
            "name": "清川村役場前",
            "lat": "35.482535",
            "lng": "139.276805"
        },
        {
            "index": "39",
            "id": "00128424",
            "name": "煤ヶ谷",
            "lat": "35.484226",
            "lng": "139.273893"
        },
        {
            "index": "40",
            "id": "00128425",
            "name": "古在家",
            "lat": "35.486113",
            "lng": "139.272287"
        },
        {
            "index": "41",
            "id": "00128426",
            "name": "坂尻(愛甲郡清川村)",
            "lat": "35.489981",
            "lng": "139.270682"
        },
        {
            "index": "42",
            "id": "00128427",
            "name": "柿ノ木平",
            "lat": "35.491531",
            "lng": "139.269966"
        },
        {
            "index": "43",
            "id": "00128428",
            "name": "上煤ヶ谷",
            "lat": "35.493847",
            "lng": "139.267182"
        }
    ],
    "route_url": "https://www.kanachu.co.jp/dia/route/index/cid:0000803802/"
}
