{
    "date": "2025/04/19",
    "name": "大野台八丁目",
    "position": "-",
    "system": "古01",
    "destinations": [
        "大野台四丁目",
        "ゴルフ場前(相模原市南区)",
        "大野台中央小入口",
        "大野台二丁目",
        "老人ホーム入口(相模原市南区)",
        "古淵駅入口",
        "古淵駅"
    ],
    "weekday": [
        "7:06",
        "7:33",
        "8:11",
        "8:41",
        "9:16",
        "10:16",
        "11:06",
        "12:06",
        "12:36",
        "13:36",
        "14:36",
        "15:36",
        "16:37",
        "17:09",
        "17:44",
        "18:19",
        "18:54",
        "19:21",
        "20:05"
    ],
    "saturday": [
        "7:00",
        "7:35",
        "8:35",
        "9:35",
        "10:35",
        "11:35",
        "12:35",
        "13:35",
        "14:35",
        "15:35",
        "16:35",
        "17:35",
        "18:35",
        "19:37"
    ],
    "holiday": [
        "7:35",
        "8:35",
        "9:35",
        "10:35",
        "11:35",
        "12:35",
        "13:35",
        "14:35",
        "15:37",
        "16:35",
        "17:35",
        "18:35",
        "19:37"
    ],
    "url": "https://www.kanachu.co.jp/dia/diagram/timetable01_js/course:0000802165-5/node:00129097/kt:0/lname:/"
}
