{
    "date": "2025/04/19",
    "name": "大野台二丁目",
    "position": "-",
    "system": "古01",
    "destinations": [
        "老人ホーム入口(相模原市南区)",
        "古淵駅入口",
        "古淵駅"
    ],
    "weekday": [
        "7:11",
        "7:38",
        "8:16",
        "8:46",
        "9:21",
        "10:21",
        "11:11",
        "12:11",
        "12:41",
        "13:41",
        "14:41",
        "15:41",
        "16:42",
        "17:14",
        "17:49",
        "18:24",
        "18:59",
        "19:26",
        "20:10"
    ],
    "saturday": [
        "7:05",
        "7:40",
        "8:40",
        "9:40",
        "10:40",
        "11:40",
        "12:40",
        "13:40",
        "14:40",
        "15:40",
        "16:40",
        "17:40",
        "18:40",
        "19:42"
    ],
    "holiday": [
        "7:40",
        "8:40",
        "9:40",
        "10:40",
        "11:40",
        "12:40",
        "13:40",
        "14:40",
        "15:42",
        "16:40",
        "17:40",
        "18:40",
        "19:42"
    ],
    "url": "https://www.kanachu.co.jp/dia/diagram/timetable01_js/course:0000802165-9/node:00129315/kt:0/lname:/"
}
