{
    "date": "2025/04/19",
    "name": "老人ホーム入口(相模原市南区)",
    "position": "-",
    "system": "古01",
    "destinations": [
        "古淵駅入口",
        "古淵駅"
    ],
    "weekday": [
        "7:13",
        "7:40",
        "8:19",
        "8:49",
        "9:23",
        "10:23",
        "11:13",
        "12:13",
        "12:43",
        "13:43",
        "14:43",
        "15:43",
        "16:45",
        "17:17",
        "17:52",
        "18:27",
        "19:02",
        "19:28",
        "20:12"
    ],
    "saturday": [
        "7:07",
        "7:42",
        "8:42",
        "9:42",
        "10:42",
        "11:42",
        "12:42",
        "13:42",
        "14:42",
        "15:42",
        "16:42",
        "17:42",
        "18:42",
        "19:44"
    ],
    "holiday": [
        "7:42",
        "8:42",
        "9:42",
        "10:42",
        "11:42",
        "12:42",
        "13:42",
        "14:42",
        "15:44",
        "16:42",
        "17:42",
        "18:42",
        "19:44"
    ],
    "url": "https://www.kanachu.co.jp/dia/diagram/timetable01_js/course:0000802165-10/node:00129298/kt:0/lname:/"
}
