{
    "date": "2025/04/19",
    "name": "淵野辺駅南口",
    "position": "-",
    "system": "淵59",
    "destinations": [
        "淵野辺駅入口",
        "淵野辺十字路",
        "弥栄(相模原市中央区)",
        "栄公園前",
        "千代田(相模原市中央区)",
        "星が丘(相模原市中央区)",
        "横山坂上",
        "上溝",
        "上溝中央",
        "上溝高校入口",
        "鳩川住宅前",
        "石橋(相模原市中央区)",
        "田名工業団地入口",
        "四ツ谷(相模原市中央区)",
        "田名バスターミナル",
        "田名坂上",
        "高田橋入口",
        "小沢(愛甲郡愛川町)",
        "梅沢(愛甲郡愛川町)",
        "箕輪辻",
        "愛川バスセンター"
    ],
    "weekday": [
        "7:10"
    ],
    "saturday": [],
    "holiday": [],
    "url": "https://www.kanachu.co.jp/dia/diagram/timetable01_js/course:0000802379-1/node:00129245/kt:0/lname:/"
}
