{
    "date": "2025/04/19",
    "name": "上溝中央",
    "position": "-",
    "system": "淵59",
    "destinations": [
        "上溝高校入口",
        "鳩川住宅前",
        "石橋(相模原市中央区)",
        "田名工業団地入口",
        "四ツ谷(相模原市中央区)",
        "田名バスターミナル",
        "田名坂上",
        "高田橋入口",
        "小沢(愛甲郡愛川町)",
        "梅沢(愛甲郡愛川町)",
        "箕輪辻",
        "愛川バスセンター"
    ],
    "weekday": [
        "7:33"
    ],
    "saturday": [],
    "holiday": [],
    "url": "https://www.kanachu.co.jp/dia/diagram/timetable01_js/course:0000802379-10/node:00129348/kt:0/lname:/"
}
