{
    "date": "2024/03/16",
    "name": "本厚木駅",
    "position": "-",
    "system": "厚89",
    "destinations": [
        "あつぎ大通り",
        "市役所入口(厚木市)",
        "税務署入口(厚木市)",
        "市立病院前(厚木市)",
        "木売場",
        "三家入口(厚木市)",
        "妻田",
        "中村入口(厚木市)",
        "妻田薬師",
        "松蓮寺",
        "糀屋前(厚木市)",
        "宿原入口",
        "荻野新宿",
        "子中",
        "神奈川工科大学前",
        "リコー前",
        "西四ッ谷",
        "鳶尾団地東",
        "鳶尾一丁目",
        "鳶尾小学校入口",
        "鳶尾団地"
    ],
    "weekday": [
        "10:04",
        "10:14",
        "10:24",
        "10:54",
        "11:09",
        "11:24",
        "11:54",
        "12:09",
        "12:40",
        "12:54",
        "13:45",
        "14:49",
        "15:47",
        "16:34",
        "17:34",
        "18:19",
        "18:57",
        "19:36",
        "20:16",
        "21:06",
        "21:51"
    ],
    "saturday": [
        "10:37",
        "11:37",
        "12:37",
        "13:37",
        "14:37",
        "15:37",
        "16:37",
        "17:37",
        "18:37",
        "19:36",
        "20:31",
        "21:36"
    ],
    "holiday": [
        "10:37",
        "11:37",
        "12:37",
        "13:37",
        "14:37",
        "15:37",
        "16:37",
        "17:42",
        "18:42",
        "19:41",
        "20:41"
    ],
    "url": "https://www.kanachu.co.jp/dia/diagram/timetable01_js/course:0000800188-2/node:00025684/kt:0/lname:/"
}
