{
    "date": "2024/03/16",
    "name": "木売場",
    "position": "-",
    "system": "厚89",
    "destinations": [
        "三家入口(厚木市)",
        "妻田",
        "中村入口(厚木市)",
        "妻田薬師",
        "松蓮寺",
        "糀屋前(厚木市)",
        "宿原入口",
        "荻野新宿",
        "子中",
        "神奈川工科大学前",
        "リコー前",
        "西四ッ谷",
        "鳶尾団地東",
        "鳶尾一丁目",
        "鳶尾小学校入口",
        "鳶尾団地"
    ],
    "weekday": [
        "10:10",
        "10:20",
        "10:30",
        "11:00",
        "11:15",
        "11:30",
        "12:00",
        "12:15",
        "12:46",
        "13:00",
        "13:51",
        "14:55",
        "15:53",
        "16:41",
        "17:41",
        "18:26",
        "19:04",
        "19:42",
        "20:22",
        "21:12",
        "21:57"
    ],
    "saturday": [
        "10:43",
        "11:43",
        "12:43",
        "13:43",
        "14:43",
        "15:44",
        "16:44",
        "17:44",
        "18:44",
        "19:42",
        "20:37",
        "21:42"
    ],
    "holiday": [
        "10:43",
        "11:43",
        "12:43",
        "13:43",
        "14:43",
        "15:43",
        "16:43",
        "17:48",
        "18:48",
        "19:47",
        "20:47"
    ],
    "url": "https://www.kanachu.co.jp/dia/diagram/timetable01_js/course:0000800188-7/node:00128260/kt:0/lname:/"
}
