{
    "date": "2024/03/16",
    "name": "妻田",
    "position": "-",
    "system": "厚89",
    "destinations": [
        "中村入口(厚木市)",
        "妻田薬師",
        "松蓮寺",
        "糀屋前(厚木市)",
        "宿原入口",
        "荻野新宿",
        "子中",
        "神奈川工科大学前",
        "リコー前",
        "西四ッ谷",
        "鳶尾団地東",
        "鳶尾一丁目",
        "鳶尾小学校入口",
        "鳶尾団地"
    ],
    "weekday": [
        "10:13",
        "10:23",
        "10:33",
        "11:03",
        "11:18",
        "11:33",
        "12:03",
        "12:18",
        "12:49",
        "13:03",
        "13:54",
        "14:58",
        "15:56",
        "16:44",
        "17:44",
        "18:29",
        "19:07",
        "19:45",
        "20:25",
        "21:15",
        "22:00"
    ],
    "saturday": [
        "10:46",
        "11:46",
        "12:46",
        "13:46",
        "14:46",
        "15:47",
        "16:47",
        "17:47",
        "18:47",
        "19:45",
        "20:40",
        "21:45"
    ],
    "holiday": [
        "10:46",
        "11:46",
        "12:46",
        "13:46",
        "14:46",
        "15:46",
        "16:46",
        "17:51",
        "18:51",
        "19:50",
        "20:50"
    ],
    "url": "https://www.kanachu.co.jp/dia/diagram/timetable01_js/course:0000800188-9/node:00128262/kt:0/lname:/"
}
