{
    "date": "2024/03/16",
    "name": "妻田薬師",
    "position": "-",
    "system": "厚89",
    "destinations": [
        "松蓮寺",
        "糀屋前(厚木市)",
        "宿原入口",
        "荻野新宿",
        "子中",
        "神奈川工科大学前",
        "リコー前",
        "西四ッ谷",
        "鳶尾団地東",
        "鳶尾一丁目",
        "鳶尾小学校入口",
        "鳶尾団地"
    ],
    "weekday": [
        "10:15",
        "10:25",
        "10:35",
        "11:05",
        "11:20",
        "11:35",
        "12:05",
        "12:20",
        "12:51",
        "13:05",
        "13:56",
        "15:00",
        "15:58",
        "16:46",
        "17:46",
        "18:31",
        "19:09",
        "19:47",
        "20:27",
        "21:17",
        "22:02"
    ],
    "saturday": [
        "10:48",
        "11:48",
        "12:48",
        "13:48",
        "14:48",
        "15:49",
        "16:49",
        "17:49",
        "18:49",
        "19:47",
        "20:42",
        "21:47"
    ],
    "holiday": [
        "10:48",
        "11:48",
        "12:48",
        "13:48",
        "14:48",
        "15:48",
        "16:48",
        "17:53",
        "18:53",
        "19:52",
        "20:52"
    ],
    "url": "https://www.kanachu.co.jp/dia/diagram/timetable01_js/course:0000800188-11/node:00128264/kt:0/lname:/"
}
