{
    "date": "2024/03/16",
    "name": "糀屋前(厚木市)",
    "position": "-",
    "system": "厚89",
    "destinations": [
        "宿原入口",
        "荻野新宿",
        "子中",
        "神奈川工科大学前",
        "リコー前",
        "西四ッ谷",
        "鳶尾団地東",
        "鳶尾一丁目",
        "鳶尾小学校入口",
        "鳶尾団地"
    ],
    "weekday": [
        "10:18",
        "10:28",
        "10:38",
        "11:08",
        "11:23",
        "11:38",
        "12:08",
        "12:23",
        "12:54",
        "13:08",
        "13:59",
        "15:03",
        "16:01",
        "16:49",
        "17:49",
        "18:34",
        "19:11",
        "19:49",
        "20:29",
        "21:19",
        "22:04"
    ],
    "saturday": [
        "10:51",
        "11:51",
        "12:51",
        "13:51",
        "14:51",
        "15:52",
        "16:52",
        "17:52",
        "18:52",
        "19:49",
        "20:44",
        "21:49"
    ],
    "holiday": [
        "10:51",
        "11:51",
        "12:51",
        "13:51",
        "14:51",
        "15:51",
        "16:51",
        "17:56",
        "18:56",
        "19:54",
        "20:54"
    ],
    "url": "https://www.kanachu.co.jp/dia/diagram/timetable01_js/course:0000800188-13/node:00128266/kt:0/lname:/"
}
