{
    "date": "2024/03/16",
    "name": "子中",
    "position": "-",
    "system": "厚89",
    "destinations": [
        "神奈川工科大学前",
        "リコー前",
        "西四ッ谷",
        "鳶尾団地東",
        "鳶尾一丁目",
        "鳶尾小学校入口",
        "鳶尾団地"
    ],
    "weekday": [
        "10:23",
        "10:33",
        "10:43",
        "11:13",
        "11:28",
        "11:43",
        "12:13",
        "12:28",
        "12:59",
        "13:13",
        "14:04",
        "15:08",
        "16:06",
        "16:54",
        "17:54",
        "18:39",
        "19:15",
        "19:53",
        "20:33",
        "21:23",
        "22:08"
    ],
    "saturday": [
        "10:56",
        "11:56",
        "12:56",
        "13:56",
        "14:56",
        "15:57",
        "16:57",
        "17:57",
        "18:57",
        "19:53",
        "20:48",
        "21:53"
    ],
    "holiday": [
        "10:56",
        "11:56",
        "12:56",
        "13:56",
        "14:56",
        "15:56",
        "16:56",
        "18:01",
        "19:01",
        "19:58",
        "20:58"
    ],
    "url": "https://www.kanachu.co.jp/dia/diagram/timetable01_js/course:0000800188-16/node:00128304/kt:0/lname:/"
}
