{
    "date": "2025/11/16",
    "name": "平塚駅北口",
    "position": "-",
    "system": "平53",
    "destinations": [
        "四ツ角(平塚市)",
        "市役所前(平塚市)",
        "コンフォール平塚前",
        "八幡入口",
        "八幡(平塚市)",
        "八幡公民館入口",
        "古河電工入口",
        "泉蔵院前",
        "四ノ宮(平塚市)",
        "大念寺前",
        "前鳥神社前",
        "ふじみ園前",
        "大江工業前",
        "平塚市リサイクルプラザ",
        "鹿見堂橋",
        "駒返橋",
        "田村十字路",
        "相模神田",
        "農協神田支所前",
        "柳の内",
        "寄木神社前",
        "真芳寺",
        "大神(平塚市)",
        "下戸田(厚木市)",
        "中戸田",
        "戸田(厚木市)",
        "相川中学校前",
        "愛坪",
        "下酒井",
        "酒井(厚木市)",
        "リバーサイド前(厚木市)",
        "下岡田(厚木市)",
        "岡田(厚木市)",
        "岡田一本杉",
        "富士見町(厚木市)",
        "下宿(厚木市)",
        "旭町(厚木市)",
        "本厚木駅南口"
    ],
    "weekday": [
        "5:57",
        "6:12",
        "6:27",
        "6:37",
        "6:45",
        "6:52",
        "7:02",
        "7:10",
        "7:22",
        "7:33",
        "7:40",
        "7:50",
        "8:00",
        "8:10",
        "8:23",
        "8:37",
        "8:52",
        "9:09",
        "9:29",
        "9:49",
        "10:09",
        "10:29",
        "10:49",
        "11:09",
        "11:29",
        "11:49",
        "12:09",
        "12:29",
        "12:49",
        "13:09",
        "13:29",
        "13:49",
        "14:09",
        "14:29",
        "14:49",
        "15:09",
        "15:24",
        "15:39",
        "15:51",
        "16:03",
        "16:15",
        "16:27",
        "16:42",
        "16:54",
        "17:07",
        "17:17",
        "17:27",
        "17:38",
        "17:48",
        "17:57",
        "18:04",
        "18:16",
        "18:29",
        "18:40",
        "18:52",
        "19:05",
        "19:20",
        "19:35",
        "19:50",
        "20:05",
        "20:35",
        "20:50",
        "21:10",
        "21:30",
        "22:00",
        "22:30"
    ],
    "saturday": [
        "6:20",
        "6:40",
        "6:55",
        "7:10",
        "7:25",
        "7:40",
        "7:55",
        "8:10",
        "8:25",
        "8:40",
        "8:55",
        "20:30",
        "21:00",
        "21:30",
        "22:00"
    ],
    "holiday": [
        "6:20",
        "6:40",
        "7:00",
        "7:20",
        "7:40",
        "7:55",
        "8:15",
        "8:35",
        "8:55",
        "20:30",
        "21:00",
        "21:30",
        "22:00"
    ],
    "url": "https://www.kanachu.co.jp/dia/diagram/timetable01_js/course:0000803046-1/node:00127464/kt:0/lname:/"
}
