{
    "date": "2025/11/16",
    "name": "四ツ角(平塚市)",
    "position": "-",
    "system": "平53",
    "destinations": [
        "市役所前(平塚市)",
        "コンフォール平塚前",
        "八幡入口",
        "八幡(平塚市)",
        "八幡公民館入口",
        "古河電工入口",
        "泉蔵院前",
        "四ノ宮(平塚市)",
        "大念寺前",
        "前鳥神社前",
        "ふじみ園前",
        "大江工業前",
        "平塚市リサイクルプラザ",
        "鹿見堂橋",
        "駒返橋",
        "田村十字路",
        "相模神田",
        "農協神田支所前",
        "柳の内",
        "寄木神社前",
        "真芳寺",
        "大神(平塚市)",
        "下戸田(厚木市)",
        "中戸田",
        "戸田(厚木市)",
        "相川中学校前",
        "愛坪",
        "下酒井",
        "酒井(厚木市)",
        "リバーサイド前(厚木市)",
        "下岡田(厚木市)",
        "岡田(厚木市)",
        "岡田一本杉",
        "富士見町(厚木市)",
        "下宿(厚木市)",
        "旭町(厚木市)",
        "本厚木駅南口"
    ],
    "weekday": [
        "5:58",
        "6:13",
        "6:28",
        "6:38",
        "6:46",
        "6:53",
        "7:03",
        "7:11",
        "7:23",
        "7:34",
        "7:41",
        "7:51",
        "8:01",
        "8:11",
        "8:24",
        "8:38",
        "8:53",
        "9:10",
        "9:30",
        "9:50",
        "10:10",
        "10:30",
        "10:50",
        "11:10",
        "11:30",
        "11:50",
        "12:10",
        "12:30",
        "12:50",
        "13:10",
        "13:30",
        "13:50",
        "14:10",
        "14:30",
        "14:50",
        "15:10",
        "15:25",
        "15:40",
        "15:52",
        "16:04",
        "16:16",
        "16:28",
        "16:43",
        "16:55",
        "17:08",
        "17:18",
        "17:28",
        "17:39",
        "17:49",
        "17:58",
        "18:05",
        "18:17",
        "18:30",
        "18:41",
        "18:53",
        "19:06",
        "19:21",
        "19:36",
        "19:51",
        "20:06",
        "20:36",
        "20:51",
        "21:11",
        "21:31",
        "22:01",
        "22:31"
    ],
    "saturday": [
        "6:21",
        "6:41",
        "6:56",
        "7:11",
        "7:26",
        "7:41",
        "7:56",
        "8:11",
        "8:26",
        "8:41",
        "8:56",
        "20:31",
        "21:01",
        "21:31",
        "22:01"
    ],
    "holiday": [
        "6:21",
        "6:41",
        "7:01",
        "7:21",
        "7:41",
        "7:56",
        "8:16",
        "8:36",
        "8:56",
        "20:31",
        "21:01",
        "21:31",
        "22:01"
    ],
    "url": "https://www.kanachu.co.jp/dia/diagram/timetable01_js/course:0000803046-2/node:00127190/kt:0/lname:/"
}
