{
    "date": "2025/11/16",
    "name": "コンフォール平塚前",
    "position": "-",
    "system": "平53",
    "destinations": [
        "八幡入口",
        "八幡(平塚市)",
        "八幡公民館入口",
        "古河電工入口",
        "泉蔵院前",
        "四ノ宮(平塚市)",
        "大念寺前",
        "前鳥神社前",
        "ふじみ園前",
        "大江工業前",
        "平塚市リサイクルプラザ",
        "鹿見堂橋",
        "駒返橋",
        "田村十字路",
        "相模神田",
        "農協神田支所前",
        "柳の内",
        "寄木神社前",
        "真芳寺",
        "大神(平塚市)",
        "下戸田(厚木市)",
        "中戸田",
        "戸田(厚木市)",
        "相川中学校前",
        "愛坪",
        "下酒井",
        "酒井(厚木市)",
        "リバーサイド前(厚木市)",
        "下岡田(厚木市)",
        "岡田(厚木市)",
        "岡田一本杉",
        "富士見町(厚木市)",
        "下宿(厚木市)",
        "旭町(厚木市)",
        "本厚木駅南口"
    ],
    "weekday": [
        "6:00",
        "6:15",
        "6:30",
        "6:40",
        "6:48",
        "6:55",
        "7:06",
        "7:14",
        "7:26",
        "7:37",
        "7:44",
        "7:54",
        "8:04",
        "8:14",
        "8:27",
        "8:41",
        "8:56",
        "9:12",
        "9:32",
        "9:52",
        "10:12",
        "10:32",
        "10:52",
        "11:12",
        "11:32",
        "11:52",
        "12:12",
        "12:32",
        "12:52",
        "13:12",
        "13:32",
        "13:52",
        "14:12",
        "14:32",
        "14:52",
        "15:12",
        "15:27",
        "15:42",
        "15:54",
        "16:06",
        "16:18",
        "16:30",
        "16:46",
        "16:58",
        "17:11",
        "17:21",
        "17:31",
        "17:42",
        "17:52",
        "18:01",
        "18:08",
        "18:20",
        "18:33",
        "18:44",
        "18:56",
        "19:09",
        "19:24",
        "19:38",
        "19:53",
        "20:08",
        "20:38",
        "20:53",
        "21:13",
        "21:33",
        "22:03",
        "22:33"
    ],
    "saturday": [
        "6:23",
        "6:43",
        "6:58",
        "7:13",
        "7:28",
        "7:43",
        "7:58",
        "8:13",
        "8:28",
        "8:43",
        "8:58",
        "20:33",
        "21:03",
        "21:33",
        "22:03"
    ],
    "holiday": [
        "6:23",
        "6:43",
        "7:03",
        "7:23",
        "7:43",
        "7:58",
        "8:18",
        "8:38",
        "8:58",
        "20:33",
        "21:03",
        "21:33",
        "22:03"
    ],
    "url": "https://www.kanachu.co.jp/dia/diagram/timetable01_js/course:0000803046-4/node:00127644/kt:0/lname:/"
}
