{
    "date": "2025/11/16",
    "name": "古河電工入口",
    "position": "-",
    "system": "平53",
    "destinations": [
        "泉蔵院前",
        "四ノ宮(平塚市)",
        "大念寺前",
        "前鳥神社前",
        "ふじみ園前",
        "大江工業前",
        "平塚市リサイクルプラザ",
        "鹿見堂橋",
        "駒返橋",
        "田村十字路",
        "相模神田",
        "農協神田支所前",
        "柳の内",
        "寄木神社前",
        "真芳寺",
        "大神(平塚市)",
        "下戸田(厚木市)",
        "中戸田",
        "戸田(厚木市)",
        "相川中学校前",
        "愛坪",
        "下酒井",
        "酒井(厚木市)",
        "リバーサイド前(厚木市)",
        "下岡田(厚木市)",
        "岡田(厚木市)",
        "岡田一本杉",
        "富士見町(厚木市)",
        "下宿(厚木市)",
        "旭町(厚木市)",
        "本厚木駅南口"
    ],
    "weekday": [
        "6:02",
        "6:17",
        "6:32",
        "6:42",
        "6:50",
        "6:57",
        "7:10",
        "7:18",
        "7:30",
        "7:41",
        "7:48",
        "7:58",
        "8:08",
        "8:18",
        "8:31",
        "8:45",
        "9:00",
        "9:15",
        "9:35",
        "9:55",
        "10:15",
        "10:35",
        "10:55",
        "11:15",
        "11:35",
        "11:55",
        "12:15",
        "12:35",
        "12:55",
        "13:15",
        "13:35",
        "13:55",
        "14:15",
        "14:35",
        "14:55",
        "15:15",
        "15:30",
        "15:45",
        "15:57",
        "16:09",
        "16:21",
        "16:34",
        "16:50",
        "17:02",
        "17:15",
        "17:25",
        "17:35",
        "17:46",
        "17:56",
        "18:05",
        "18:12",
        "18:24",
        "18:37",
        "18:48",
        "19:00",
        "19:13",
        "19:28",
        "19:41",
        "19:56",
        "20:11",
        "20:41",
        "20:56",
        "21:16",
        "21:36",
        "22:06",
        "22:36"
    ],
    "saturday": [
        "6:27",
        "6:47",
        "7:02",
        "7:17",
        "7:32",
        "7:47",
        "8:02",
        "8:17",
        "8:32",
        "8:47",
        "9:02",
        "20:37",
        "21:07",
        "21:37",
        "22:07"
    ],
    "holiday": [
        "6:27",
        "6:47",
        "7:07",
        "7:27",
        "7:47",
        "8:02",
        "8:22",
        "8:42",
        "9:02",
        "20:37",
        "21:07",
        "21:37",
        "22:07"
    ],
    "url": "https://www.kanachu.co.jp/dia/diagram/timetable01_js/course:0000803046-8/node:00127648/kt:0/lname:/"
}
