{
    "date": "2025/11/16",
    "name": "大念寺前",
    "position": "-",
    "system": "平53",
    "destinations": [
        "前鳥神社前",
        "ふじみ園前",
        "大江工業前",
        "平塚市リサイクルプラザ",
        "鹿見堂橋",
        "駒返橋",
        "田村十字路",
        "相模神田",
        "農協神田支所前",
        "柳の内",
        "寄木神社前",
        "真芳寺",
        "大神(平塚市)",
        "下戸田(厚木市)",
        "中戸田",
        "戸田(厚木市)",
        "相川中学校前",
        "愛坪",
        "下酒井",
        "酒井(厚木市)",
        "リバーサイド前(厚木市)",
        "下岡田(厚木市)",
        "岡田(厚木市)",
        "岡田一本杉",
        "富士見町(厚木市)",
        "下宿(厚木市)",
        "旭町(厚木市)",
        "本厚木駅南口"
    ],
    "weekday": [
        "6:06",
        "6:21",
        "6:36",
        "6:46",
        "6:54",
        "7:01",
        "7:14",
        "7:22",
        "7:34",
        "7:45",
        "7:52",
        "8:02",
        "8:12",
        "8:22",
        "8:35",
        "8:49",
        "9:04",
        "9:19",
        "9:39",
        "9:59",
        "10:19",
        "10:39",
        "10:59",
        "11:19",
        "11:39",
        "11:59",
        "12:19",
        "12:39",
        "12:59",
        "13:19",
        "13:39",
        "13:59",
        "14:19",
        "14:39",
        "14:59",
        "15:19",
        "15:34",
        "15:49",
        "16:01",
        "16:13",
        "16:25",
        "16:38",
        "16:54",
        "17:06",
        "17:19",
        "17:29",
        "17:39",
        "17:50",
        "18:00",
        "18:09",
        "18:16",
        "18:28",
        "18:41",
        "18:52",
        "19:04",
        "19:17",
        "19:32",
        "19:45",
        "20:00",
        "20:15",
        "20:45",
        "21:00",
        "21:20",
        "21:40",
        "22:10",
        "22:40"
    ],
    "saturday": [
        "6:30",
        "6:50",
        "7:05",
        "7:20",
        "7:35",
        "7:50",
        "8:05",
        "8:20",
        "8:35",
        "8:50",
        "9:05",
        "20:40",
        "21:10",
        "21:40",
        "22:10"
    ],
    "holiday": [
        "6:30",
        "6:50",
        "7:10",
        "7:30",
        "7:50",
        "8:05",
        "8:25",
        "8:45",
        "9:05",
        "20:40",
        "21:10",
        "21:40",
        "22:10"
    ],
    "url": "https://www.kanachu.co.jp/dia/diagram/timetable01_js/course:0000803046-11/node:00127657/kt:0/lname:/"
}
