{
    "date": "2025/11/16",
    "name": "相模神田",
    "position": "-",
    "system": "平53",
    "destinations": [
        "農協神田支所前",
        "柳の内",
        "寄木神社前",
        "真芳寺",
        "大神(平塚市)",
        "下戸田(厚木市)",
        "中戸田",
        "戸田(厚木市)",
        "相川中学校前",
        "愛坪",
        "下酒井",
        "酒井(厚木市)",
        "リバーサイド前(厚木市)",
        "下岡田(厚木市)",
        "岡田(厚木市)",
        "岡田一本杉",
        "富士見町(厚木市)",
        "下宿(厚木市)",
        "旭町(厚木市)",
        "本厚木駅南口"
    ],
    "weekday": [
        "6:15",
        "6:30",
        "6:46",
        "6:56",
        "7:04",
        "7:11",
        "7:24",
        "7:32",
        "7:44",
        "7:55",
        "8:02",
        "8:12",
        "8:22",
        "8:32",
        "8:45",
        "8:59",
        "9:14",
        "9:29",
        "9:49",
        "10:09",
        "10:29",
        "10:49",
        "11:09",
        "11:29",
        "11:49",
        "12:09",
        "12:29",
        "12:49",
        "13:09",
        "13:29",
        "13:49",
        "14:09",
        "14:29",
        "14:49",
        "15:09",
        "15:29",
        "15:44",
        "15:59",
        "16:11",
        "16:23",
        "16:35",
        "16:48",
        "17:04",
        "17:16",
        "17:29",
        "17:39",
        "17:49",
        "18:00",
        "18:10",
        "18:19",
        "18:26",
        "18:38",
        "18:51",
        "19:02",
        "19:14",
        "19:27",
        "19:41",
        "19:54",
        "20:09",
        "20:24",
        "20:54",
        "21:09",
        "21:29",
        "21:49",
        "22:19",
        "22:49"
    ],
    "saturday": [
        "6:39",
        "6:59",
        "7:16",
        "7:31",
        "7:46",
        "8:01",
        "8:16",
        "8:31",
        "8:46",
        "9:01",
        "9:16",
        "20:49",
        "21:19",
        "21:49",
        "22:19"
    ],
    "holiday": [
        "6:39",
        "6:59",
        "7:21",
        "7:41",
        "8:01",
        "8:16",
        "8:36",
        "8:56",
        "9:16",
        "20:49",
        "21:19",
        "21:49",
        "22:19"
    ],
    "url": "https://www.kanachu.co.jp/dia/diagram/timetable01_js/course:0000803046-19/node:00127663/kt:0/lname:/"
}
