{
    "date": "2025/11/16",
    "name": "愛坪",
    "position": "-",
    "system": "平53",
    "destinations": [
        "下酒井",
        "酒井(厚木市)",
        "リバーサイド前(厚木市)",
        "下岡田(厚木市)",
        "岡田(厚木市)",
        "岡田一本杉",
        "富士見町(厚木市)",
        "下宿(厚木市)",
        "旭町(厚木市)",
        "本厚木駅南口"
    ],
    "weekday": [
        "6:27",
        "6:43",
        "6:59",
        "7:09",
        "7:17",
        "7:24",
        "7:37",
        "7:45",
        "7:57",
        "8:08",
        "8:15",
        "8:25",
        "8:35",
        "8:45",
        "8:58",
        "9:12",
        "9:27",
        "9:42",
        "10:02",
        "10:22",
        "10:42",
        "11:02",
        "11:22",
        "11:42",
        "12:02",
        "12:22",
        "12:42",
        "13:02",
        "13:22",
        "13:42",
        "14:02",
        "14:22",
        "14:42",
        "15:02",
        "15:22",
        "15:42",
        "15:57",
        "16:12",
        "16:24",
        "16:36",
        "16:48",
        "17:01",
        "17:17",
        "17:29",
        "17:42",
        "17:52",
        "18:02",
        "18:13",
        "18:23",
        "18:32",
        "18:39",
        "18:51",
        "19:04",
        "19:15",
        "19:27",
        "19:39",
        "19:53",
        "20:06",
        "20:21",
        "20:36",
        "21:06",
        "21:21",
        "21:41",
        "22:01",
        "22:31",
        "23:01"
    ],
    "saturday": [
        "6:51",
        "7:11",
        "7:28",
        "7:43",
        "7:58",
        "8:13",
        "8:28",
        "8:43",
        "8:58",
        "9:13",
        "9:28",
        "21:01",
        "21:31",
        "22:01",
        "22:31"
    ],
    "holiday": [
        "6:51",
        "7:11",
        "7:33",
        "7:53",
        "8:13",
        "8:28",
        "8:48",
        "9:08",
        "9:28",
        "21:01",
        "21:31",
        "22:01",
        "22:31"
    ],
    "url": "https://www.kanachu.co.jp/dia/diagram/timetable01_js/course:0000803046-29/node:00128639/kt:0/lname:/"
}
