{
    "date": "2025/07/12",
    "name": "大船駅西口",
    "position": "-",
    "system": "船33",
    "destinations": [
        "児童公園前(鎌倉市)",
        "玉縄行政センター入口",
        "植木谷戸",
        "打越(鎌倉市)",
        "中村(鎌倉市)",
        "関谷インター",
        "坂口(鎌倉市)",
        "島の神",
        "長者久保入口",
        "柄沢大上",
        "柄沢神社入口",
        "柄沢橋",
        "公民館前(藤沢市大鋸)",
        "山王神社前",
        "藤沢橋",
        "藤沢小学校前",
        "南仲通り",
        "相生町(藤沢市)",
        "三富士町",
        "藤沢駅北口"
    ],
    "weekday": [
        "6:43",
        "7:10",
        "7:30",
        "7:56",
        "8:16",
        "8:30",
        "8:45",
        "9:02",
        "9:20",
        "9:40",
        "10:00",
        "10:20",
        "10:40",
        "11:03",
        "11:33",
        "12:03",
        "12:33",
        "13:03",
        "13:33",
        "14:03",
        "14:33",
        "15:03",
        "15:33",
        "16:03",
        "16:33",
        "17:03",
        "17:33",
        "18:03",
        "18:23",
        "18:43",
        "19:03",
        "19:23",
        "19:43",
        "20:03",
        "20:25",
        "20:50",
        "21:17",
        "21:35",
        "21:58",
        "22:35",
        "22:55"
    ],
    "saturday": [
        "6:40",
        "7:20",
        "8:00",
        "8:33",
        "9:03",
        "9:33",
        "10:03",
        "10:33",
        "11:03",
        "11:33",
        "12:03",
        "12:33",
        "13:03",
        "13:33",
        "14:03",
        "14:33",
        "15:03",
        "15:33",
        "16:03",
        "16:33",
        "17:03",
        "17:33",
        "18:03",
        "18:33",
        "19:03",
        "19:33",
        "20:03",
        "20:33",
        "21:03",
        "21:30",
        "22:02",
        "22:30"
    ],
    "holiday": [
        "6:40",
        "7:20",
        "8:00",
        "8:33",
        "9:03",
        "9:33",
        "10:03",
        "10:33",
        "11:03",
        "11:33",
        "12:03",
        "12:33",
        "13:03",
        "13:33",
        "14:03",
        "14:33",
        "15:03",
        "15:33",
        "16:03",
        "16:33",
        "17:03",
        "17:33",
        "18:03",
        "18:33",
        "19:03",
        "19:33",
        "20:03",
        "20:33",
        "21:03",
        "21:30",
        "22:02",
        "22:30"
    ],
    "url": "https://www.kanachu.co.jp/dia/diagram/timetable01_js/course:0000800240-1/node:00126855/kt:0/lname:/"
}
