{
    "date": "2025/07/12",
    "name": "児童公園前(鎌倉市)",
    "position": "-",
    "system": "船33",
    "destinations": [
        "玉縄行政センター入口",
        "植木谷戸",
        "打越(鎌倉市)",
        "中村(鎌倉市)",
        "関谷インター",
        "坂口(鎌倉市)",
        "島の神",
        "長者久保入口",
        "柄沢大上",
        "柄沢神社入口",
        "柄沢橋",
        "公民館前(藤沢市大鋸)",
        "山王神社前",
        "藤沢橋",
        "藤沢小学校前",
        "南仲通り",
        "相生町(藤沢市)",
        "三富士町",
        "藤沢駅北口"
    ],
    "weekday": [
        "6:44",
        "7:11",
        "7:31",
        "7:57",
        "8:17",
        "8:31",
        "8:46",
        "9:03",
        "9:21",
        "9:41",
        "10:01",
        "10:21",
        "10:41",
        "11:04",
        "11:34",
        "12:04",
        "12:34",
        "13:04",
        "13:34",
        "14:04",
        "14:34",
        "15:04",
        "15:34",
        "16:04",
        "16:34",
        "17:04",
        "17:34",
        "18:04",
        "18:24",
        "18:44",
        "19:04",
        "19:24",
        "19:44",
        "20:04",
        "20:26",
        "20:51",
        "21:18",
        "21:36",
        "21:59",
        "22:36",
        "22:56"
    ],
    "saturday": [
        "6:41",
        "7:21",
        "8:01",
        "8:34",
        "9:04",
        "9:34",
        "10:04",
        "10:34",
        "11:04",
        "11:34",
        "12:04",
        "12:34",
        "13:04",
        "13:34",
        "14:04",
        "14:34",
        "15:04",
        "15:34",
        "16:04",
        "16:34",
        "17:04",
        "17:34",
        "18:04",
        "18:34",
        "19:04",
        "19:34",
        "20:04",
        "20:34",
        "21:04",
        "21:31",
        "22:03",
        "22:31"
    ],
    "holiday": [
        "6:41",
        "7:21",
        "8:01",
        "8:34",
        "9:04",
        "9:34",
        "10:04",
        "10:34",
        "11:04",
        "11:34",
        "12:04",
        "12:34",
        "13:04",
        "13:34",
        "14:04",
        "14:34",
        "15:04",
        "15:34",
        "16:04",
        "16:34",
        "17:04",
        "17:34",
        "18:04",
        "18:34",
        "19:04",
        "19:34",
        "20:04",
        "20:34",
        "21:04",
        "21:31",
        "22:03",
        "22:31"
    ],
    "url": "https://www.kanachu.co.jp/dia/diagram/timetable01_js/course:0000800240-2/node:00126992/kt:0/lname:/"
}
