{
    "date": "2025/07/12",
    "name": "関谷インター",
    "position": "-",
    "system": "船33",
    "destinations": [
        "坂口(鎌倉市)",
        "島の神",
        "長者久保入口",
        "柄沢大上",
        "柄沢神社入口",
        "柄沢橋",
        "公民館前(藤沢市大鋸)",
        "山王神社前",
        "藤沢橋",
        "藤沢小学校前",
        "南仲通り",
        "相生町(藤沢市)",
        "三富士町",
        "藤沢駅北口"
    ],
    "weekday": [
        "6:52",
        "7:20",
        "7:40",
        "8:06",
        "8:26",
        "8:40",
        "8:55",
        "9:12",
        "9:30",
        "9:50",
        "10:10",
        "10:30",
        "10:50",
        "11:13",
        "11:43",
        "12:13",
        "12:43",
        "13:13",
        "13:43",
        "14:13",
        "14:43",
        "15:13",
        "15:43",
        "16:13",
        "16:43",
        "17:13",
        "17:43",
        "18:13",
        "18:33",
        "18:53",
        "19:12",
        "19:32",
        "19:52",
        "20:12",
        "20:34",
        "20:59",
        "21:26",
        "21:44",
        "22:07",
        "22:44",
        "23:04"
    ],
    "saturday": [
        "6:49",
        "7:29",
        "8:09",
        "8:42",
        "9:12",
        "9:42",
        "10:13",
        "10:43",
        "11:13",
        "11:43",
        "12:13",
        "12:43",
        "13:13",
        "13:43",
        "14:13",
        "14:43",
        "15:13",
        "15:43",
        "16:13",
        "16:43",
        "17:13",
        "17:43",
        "18:13",
        "18:43",
        "19:13",
        "19:43",
        "20:12",
        "20:42",
        "21:12",
        "21:39",
        "22:11",
        "22:39"
    ],
    "holiday": [
        "6:49",
        "7:29",
        "8:09",
        "8:42",
        "9:12",
        "9:42",
        "10:13",
        "10:43",
        "11:13",
        "11:43",
        "12:13",
        "12:43",
        "13:13",
        "13:43",
        "14:13",
        "14:43",
        "15:13",
        "15:43",
        "16:13",
        "16:43",
        "17:13",
        "17:43",
        "18:13",
        "18:43",
        "19:13",
        "19:43",
        "20:12",
        "20:42",
        "21:12",
        "21:39",
        "22:11",
        "22:39"
    ],
    "url": "https://www.kanachu.co.jp/dia/diagram/timetable01_js/course:0000800240-7/node:00126998/kt:0/lname:/"
}
