{
    "date": "2025/07/12",
    "name": "島の神",
    "position": "-",
    "system": "船33",
    "destinations": [
        "長者久保入口",
        "柄沢大上",
        "柄沢神社入口",
        "柄沢橋",
        "公民館前(藤沢市大鋸)",
        "山王神社前",
        "藤沢橋",
        "藤沢小学校前",
        "南仲通り",
        "相生町(藤沢市)",
        "三富士町",
        "藤沢駅北口"
    ],
    "weekday": [
        "6:54",
        "7:23",
        "7:43",
        "8:09",
        "8:29",
        "8:43",
        "8:58",
        "9:15",
        "9:33",
        "9:53",
        "10:13",
        "10:33",
        "10:53",
        "11:16",
        "11:46",
        "12:16",
        "12:46",
        "13:16",
        "13:46",
        "14:16",
        "14:46",
        "15:16",
        "15:46",
        "16:16",
        "16:46",
        "17:16",
        "17:46",
        "18:16",
        "18:36",
        "18:56",
        "19:14",
        "19:34",
        "19:54",
        "20:14",
        "20:36",
        "21:01",
        "21:28",
        "21:46",
        "22:09",
        "22:46",
        "23:06"
    ],
    "saturday": [
        "6:51",
        "7:31",
        "8:11",
        "8:44",
        "9:14",
        "9:44",
        "10:15",
        "10:45",
        "11:15",
        "11:45",
        "12:15",
        "12:45",
        "13:15",
        "13:45",
        "14:15",
        "14:45",
        "15:15",
        "15:45",
        "16:15",
        "16:45",
        "17:15",
        "17:45",
        "18:15",
        "18:45",
        "19:15",
        "19:45",
        "20:14",
        "20:44",
        "21:14",
        "21:41",
        "22:13",
        "22:41"
    ],
    "holiday": [
        "6:51",
        "7:31",
        "8:11",
        "8:44",
        "9:14",
        "9:44",
        "10:15",
        "10:45",
        "11:15",
        "11:45",
        "12:15",
        "12:45",
        "13:15",
        "13:45",
        "14:15",
        "14:45",
        "15:15",
        "15:45",
        "16:15",
        "16:45",
        "17:15",
        "17:45",
        "18:15",
        "18:45",
        "19:15",
        "19:45",
        "20:14",
        "20:44",
        "21:14",
        "21:41",
        "22:13",
        "22:41"
    ],
    "url": "https://www.kanachu.co.jp/dia/diagram/timetable01_js/course:0000800240-9/node:00126996/kt:0/lname:/"
}
