{
    "date": "2025/07/12",
    "name": "藤沢橋",
    "position": "-",
    "system": "船33",
    "destinations": [
        "藤沢小学校前",
        "南仲通り",
        "相生町(藤沢市)",
        "三富士町",
        "藤沢駅北口"
    ],
    "weekday": [
        "7:05",
        "7:34",
        "7:54",
        "8:20",
        "8:40",
        "8:54",
        "9:09",
        "9:26",
        "9:44",
        "10:04",
        "10:24",
        "10:44",
        "11:04",
        "11:27",
        "11:57",
        "12:27",
        "12:57",
        "13:27",
        "13:57",
        "14:27",
        "14:57",
        "15:27",
        "15:57",
        "16:27",
        "16:57",
        "17:27",
        "17:57",
        "18:27",
        "18:47",
        "19:06",
        "19:24",
        "19:44",
        "20:04",
        "20:24",
        "20:46",
        "21:11",
        "21:38",
        "21:56",
        "22:19",
        "22:56",
        "23:16"
    ],
    "saturday": [
        "7:01",
        "7:41",
        "8:21",
        "8:54",
        "9:24",
        "9:54",
        "10:26",
        "10:56",
        "11:26",
        "11:56",
        "12:26",
        "12:56",
        "13:26",
        "13:56",
        "14:26",
        "14:56",
        "15:26",
        "15:56",
        "16:26",
        "16:56",
        "17:26",
        "17:56",
        "18:26",
        "18:56",
        "19:26",
        "19:56",
        "20:24",
        "20:54",
        "21:24",
        "21:51",
        "22:23",
        "22:51"
    ],
    "holiday": [
        "7:01",
        "7:41",
        "8:21",
        "8:54",
        "9:24",
        "9:54",
        "10:26",
        "10:56",
        "11:26",
        "11:56",
        "12:26",
        "12:56",
        "13:26",
        "13:56",
        "14:26",
        "14:56",
        "15:26",
        "15:56",
        "16:26",
        "16:56",
        "17:26",
        "17:56",
        "18:26",
        "18:56",
        "19:26",
        "19:56",
        "20:24",
        "20:54",
        "21:24",
        "21:51",
        "22:23",
        "22:51"
    ],
    "url": "https://www.kanachu.co.jp/dia/diagram/timetable01_js/course:0000800240-16/node:00126975/kt:0/lname:/"
}
