{
    "date": "2025/07/12",
    "name": "相生町(藤沢市)",
    "position": "-",
    "system": "船33",
    "destinations": [
        "三富士町",
        "藤沢駅北口"
    ],
    "weekday": [
        "7:08",
        "7:37",
        "7:57",
        "8:23",
        "8:43",
        "8:57",
        "9:12",
        "9:29",
        "9:47",
        "10:07",
        "10:27",
        "10:47",
        "11:07",
        "11:30",
        "12:00",
        "12:30",
        "13:00",
        "13:30",
        "14:00",
        "14:30",
        "15:00",
        "15:30",
        "16:00",
        "16:30",
        "17:00",
        "17:30",
        "18:00",
        "18:30",
        "18:50",
        "19:09",
        "19:27",
        "19:47",
        "20:07",
        "20:27",
        "20:49",
        "21:14",
        "21:41",
        "21:59",
        "22:22",
        "22:59",
        "23:19"
    ],
    "saturday": [
        "7:04",
        "7:44",
        "8:24",
        "8:57",
        "9:27",
        "9:57",
        "10:29",
        "10:59",
        "11:29",
        "11:59",
        "12:29",
        "12:59",
        "13:29",
        "13:59",
        "14:29",
        "14:59",
        "15:29",
        "15:59",
        "16:29",
        "16:59",
        "17:29",
        "17:59",
        "18:29",
        "18:59",
        "19:29",
        "19:59",
        "20:27",
        "20:57",
        "21:27",
        "21:54",
        "22:26",
        "22:54"
    ],
    "holiday": [
        "7:04",
        "7:44",
        "8:24",
        "8:57",
        "9:27",
        "9:57",
        "10:29",
        "10:59",
        "11:29",
        "11:59",
        "12:29",
        "12:59",
        "13:29",
        "13:59",
        "14:29",
        "14:59",
        "15:29",
        "15:59",
        "16:29",
        "16:59",
        "17:29",
        "17:59",
        "18:29",
        "18:59",
        "19:29",
        "19:59",
        "20:27",
        "20:57",
        "21:27",
        "21:54",
        "22:26",
        "22:54"
    ],
    "url": "https://www.kanachu.co.jp/dia/diagram/timetable01_js/course:0000800240-19/node:00126972/kt:0/lname:/"
}
