{
    "date": "2025/03/15",
    "name": "大庭小学校",
    "position": "-",
    "system": "辻24",
    "destinations": [
        "小糸",
        "南センター前(藤沢市)",
        "西高校前(藤沢市)",
        "有藤",
        "大庭隧道",
        "城南一丁目",
        "羽鳥一丁目",
        "神台公園前",
        "辻堂駅北口"
    ],
    "weekday": [
        "5:29",
        "5:39",
        "5:53",
        "6:06",
        "6:21",
        "6:49",
        "6:59",
        "7:46"
    ],
    "saturday": [],
    "holiday": [],
    "url": "https://www.kanachu.co.jp/dia/diagram/timetable01_js/course:0000800733-7/node:00129942/kt:0/lname:/"
}
