{
    "date": "2025/11/16",
    "name": "白山一丁目(横浜市緑区)",
    "position": "-",
    "system": "鴨02",
    "destinations": [
        "鴨居橋",
        "鴨居駅"
    ],
    "weekday": [
        "5:28",
        "6:17",
        "6:37",
        "7:26",
        "7:34",
        "10:56",
        "11:16",
        "12:12",
        "12:37",
        "12:45",
        "14:00",
        "14:21",
        "15:24",
        "16:31",
        "17:37",
        "18:48",
        "21:02"
    ],
    "saturday": [
        "5:40",
        "8:14",
        "8:33",
        "8:43",
        "8:53",
        "10:28",
        "11:31",
        "13:02",
        "14:02",
        "14:42",
        "16:01",
        "17:29",
        "19:02"
    ],
    "holiday": [
        "6:48",
        "7:05",
        "8:34",
        "8:54",
        "9:52",
        "10:02",
        "11:37",
        "12:36",
        "14:51",
        "15:13",
        "18:57",
        "19:02"
    ],
    "url": "https://www.kanachu.co.jp/dia/diagram/timetable01_js/course:0000802226-7/node:00102938/kt:0/lname:/"
}
