{
    "date": "2025/07/27",
    "name": "吉浜(平塚市)",
    "position": "-",
    "system": "平76",
    "destinations": [
        "山入口",
        "山の神(平塚市)",
        "神戸(平塚市)",
        "寺前橋",
        "中沢橋",
        "長久保(平塚市)",
        "公所(平塚市)",
        "堀の内(平塚市)",
        "大町(平塚市)",
        "坂間",
        "河内(平塚市)",
        "徳延",
        "徳延神社前",
        "南原土手",
        "南原(平塚市)",
        "向原(平塚市)",
        "江南高校前",
        "追分(平塚市)",
        "立野町(平塚市)",
        "横浜ゴム前",
        "市役所前(ゴム前/平塚市)",
        "四ツ角(平塚市)",
        "平塚駅北口"
    ],
    "weekday": [
        "6:02",
        "6:32",
        "6:46",
        "7:35",
        "8:32",
        "10:38",
        "11:41",
        "12:41",
        "15:02",
        "17:13",
        "18:17",
        "19:23",
        "20:51"
    ],
    "saturday": [
        "6:51",
        "8:01",
        "9:02",
        "10:53",
        "11:55",
        "12:47",
        "15:02",
        "17:02",
        "18:12",
        "19:12",
        "20:44"
    ],
    "holiday": [
        "6:51",
        "8:01",
        "9:02",
        "10:53",
        "11:55",
        "12:47",
        "15:02",
        "17:02",
        "18:12",
        "19:12",
        "20:44"
    ],
    "url": "https://www.kanachu.co.jp/dia/diagram/timetable01_js/course:0000803383-25/node:00127830/kt:0/lname:/"
}
