{
    "date": "2025/07/27",
    "name": "寺前橋",
    "position": "-",
    "system": "平76",
    "destinations": [
        "中沢橋",
        "長久保(平塚市)",
        "公所(平塚市)",
        "堀の内(平塚市)",
        "大町(平塚市)",
        "坂間",
        "河内(平塚市)",
        "徳延",
        "徳延神社前",
        "南原土手",
        "南原(平塚市)",
        "向原(平塚市)",
        "江南高校前",
        "追分(平塚市)",
        "立野町(平塚市)",
        "横浜ゴム前",
        "市役所前(ゴム前/平塚市)",
        "四ツ角(平塚市)",
        "平塚駅北口"
    ],
    "weekday": [
        "6:05",
        "6:35",
        "6:49",
        "7:38",
        "8:35",
        "10:41",
        "11:44",
        "12:44",
        "15:05",
        "17:16",
        "18:20",
        "19:26",
        "20:54"
    ],
    "saturday": [
        "6:54",
        "8:04",
        "9:05",
        "10:56",
        "11:58",
        "12:50",
        "15:05",
        "17:05",
        "18:15",
        "19:15",
        "20:47"
    ],
    "holiday": [
        "6:54",
        "8:04",
        "9:05",
        "10:56",
        "11:58",
        "12:50",
        "15:05",
        "17:05",
        "18:15",
        "19:15",
        "20:47"
    ],
    "url": "https://www.kanachu.co.jp/dia/diagram/timetable01_js/course:0000803383-29/node:00127834/kt:0/lname:/"
}
