{
    "date": "2025/07/27",
    "name": "堀の内(平塚市)",
    "position": "-",
    "system": "平76",
    "destinations": [
        "大町(平塚市)",
        "坂間",
        "河内(平塚市)",
        "徳延",
        "徳延神社前",
        "南原土手",
        "南原(平塚市)",
        "向原(平塚市)",
        "江南高校前",
        "追分(平塚市)",
        "立野町(平塚市)",
        "横浜ゴム前",
        "市役所前(ゴム前/平塚市)",
        "四ツ角(平塚市)",
        "平塚駅北口"
    ],
    "weekday": [
        "6:10",
        "6:40",
        "6:54",
        "7:44",
        "8:41",
        "10:46",
        "11:49",
        "12:49",
        "15:10",
        "17:21",
        "18:25",
        "19:31",
        "20:59"
    ],
    "saturday": [
        "6:59",
        "8:09",
        "9:10",
        "11:01",
        "12:03",
        "12:55",
        "15:10",
        "17:10",
        "18:20",
        "19:20",
        "20:52"
    ],
    "holiday": [
        "6:59",
        "8:09",
        "9:10",
        "11:01",
        "12:03",
        "12:55",
        "15:10",
        "17:10",
        "18:20",
        "19:20",
        "20:52"
    ],
    "url": "https://www.kanachu.co.jp/dia/diagram/timetable01_js/course:0000803383-33/node:00127566/kt:0/lname:/"
}
