{
    "system": "巻11",
    "busstops": [
        {
            "index": "1",
            "id": "00128141",
            "name": "伊勢原車庫",
            "lat": "35.393352",
            "lng": "139.293691"
        },
        {
            "index": "2",
            "id": "00128228",
            "name": "串橋改善センター",
            "lat": "35.392293",
            "lng": "139.29008"
        },
        {
            "index": "3",
            "id": "00128227",
            "name": "東橋(伊勢原市)",
            "lat": "35.389748",
            "lng": "139.290664"
        },
        {
            "index": "4",
            "id": "00128226",
            "name": "串橋下",
            "lat": "35.388471",
            "lng": "139.288047"
        },
        {
            "index": "5",
            "id": "00128225",
            "name": "本村(伊勢原市)",
            "lat": "35.386453",
            "lng": "139.283989"
        },
        {
            "index": "6",
            "id": "00127861",
            "name": "笠窪",
            "lat": "35.386757",
            "lng": "139.281829"
        },
        {
            "index": "7",
            "id": "00127763",
            "name": "鶴巻温泉駅",
            "lat": "35.380992",
            "lng": "139.277407"
        }
    ],
    "route_url": "https://www.kanachu.co.jp/dia/route/index/cid:0000802744/"
}
