{
    "date": "2024/09/26",
    "name": "厚木市文化会館前",
    "position": "-",
    "system": "厚10",
    "destinations": [
        "旭町一丁目(厚木市)",
        "本厚木駅南口"
    ],
    "weekday": [
        "7:45",
        "8:05",
        "8:25",
        "8:45",
        "9:05",
        "9:25",
        "9:45",
        "10:05",
        "10:25",
        "10:45",
        "11:05",
        "11:25",
        "11:45",
        "12:05",
        "12:25",
        "12:45",
        "13:05",
        "13:25",
        "13:45",
        "14:05",
        "14:25",
        "14:45",
        "15:05",
        "15:25",
        "15:45",
        "16:05",
        "16:25",
        "16:35",
        "16:50",
        "17:20",
        "18:00",
        "18:40",
        "19:00",
        "19:25",
        "19:45",
        "20:05",
        "20:45"
    ],
    "saturday": [
        "7:45",
        "8:20",
        "9:45",
        "10:25",
        "11:05",
        "11:45",
        "12:25",
        "13:05",
        "13:45",
        "14:25",
        "15:05",
        "15:45",
        "16:25",
        "17:25",
        "17:45",
        "18:25",
        "19:15",
        "19:55",
        "20:25"
    ],
    "holiday": [
        "7:45",
        "8:20",
        "9:45",
        "10:25",
        "11:05",
        "11:45",
        "12:25",
        "13:05",
        "13:45",
        "14:25",
        "15:05",
        "15:45",
        "16:25",
        "17:25",
        "17:45",
        "18:25",
        "19:15",
        "19:55",
        "20:25"
    ],
    "url": "https://www.kanachu.co.jp/dia/diagram/timetable01_js/course:0000801697-6/node:00128501/kt:0/lname:/"
}
