{
    "date": "2024/09/26",
    "name": "旭町一丁目(厚木市)",
    "position": "-",
    "system": "厚109",
    "destinations": [
        "本厚木駅南口"
    ],
    "weekday": [
        "7:51",
        "8:11",
        "8:31",
        "8:51",
        "9:10",
        "9:30",
        "9:50",
        "10:10",
        "10:30",
        "10:50",
        "11:10",
        "11:30",
        "11:50",
        "12:10",
        "12:30",
        "12:50",
        "13:10",
        "13:30",
        "13:50",
        "14:10",
        "14:30",
        "14:50",
        "15:10",
        "15:30",
        "15:50",
        "16:11",
        "16:31",
        "16:41",
        "16:56",
        "17:26",
        "18:06",
        "18:46",
        "19:06",
        "19:29",
        "19:49",
        "20:09",
        "20:49"
    ],
    "saturday": [
        "7:50",
        "8:25",
        "9:50",
        "10:30",
        "11:10",
        "11:50",
        "12:30",
        "13:10",
        "13:50",
        "14:30",
        "15:10",
        "15:50",
        "16:30",
        "17:30",
        "17:50",
        "18:30",
        "19:19",
        "19:59",
        "20:29"
    ],
    "holiday": [
        "7:50",
        "8:25",
        "9:50",
        "10:30",
        "11:10",
        "11:50",
        "12:30",
        "13:10",
        "13:50",
        "14:30",
        "15:10",
        "15:50",
        "16:30",
        "17:30",
        "17:50",
        "18:30",
        "19:19",
        "19:59",
        "20:29"
    ],
    "url": "https://www.kanachu.co.jp/dia/diagram/timetable01_js/course:0000801697-7/node:00128500/kt:0/lname:/"
}
