{
    "date": "2025/07/12",
    "name": "藤沢駅北口",
    "position": "-",
    "system": "藤46",
    "destinations": [
        "遊行通り四丁目",
        "遊行寺前",
        "藤沢公民館前",
        "本町消防出張所前",
        "藤沢市民病院",
        "白旗交差点",
        "台町(藤沢市)",
        "伊勢山入口",
        "花の木(藤沢市)",
        "善行",
        "善行南",
        "善行大橋",
        "善行二丁目",
        "善行駅"
    ],
    "weekday": [
        "8:36",
        "9:40",
        "10:50",
        "12:40",
        "13:45",
        "14:35"
    ],
    "saturday": [],
    "holiday": [],
    "url": "https://www.kanachu.co.jp/dia/diagram/timetable01_js/course:0000801706-1/node:00126970/kt:0/lname:/"
}
