{
    "date": "2025/07/12",
    "name": "伊勢山入口",
    "position": "-",
    "system": "藤46",
    "destinations": [
        "花の木(藤沢市)",
        "善行",
        "善行南",
        "善行大橋",
        "善行二丁目",
        "善行駅"
    ],
    "weekday": [
        "8:50",
        "9:55",
        "11:05",
        "12:55",
        "14:00",
        "14:50"
    ],
    "saturday": [],
    "holiday": [],
    "url": "https://www.kanachu.co.jp/dia/diagram/timetable01_js/course:0000801706-9/node:00127063/kt:0/lname:/"
}
