{
  "date": "2024/03/16",
  "name": "町田バスセンター",
  "position": "14番のりば",
  "system": "町27",
  "destinations": [
    "町田市役所市民ホール前",
    "第四小学校前(町田市)",
    "森野三丁目",
    "市民病院前(町田市)",
    "浄水場前(町田市)",
    "滝の沢(町田市)",
    "木曽住宅",
    "三家(町田市)",
    "木曽(町田市)",
    "忠生公園入口",
    "上宿(町田市)",
    "下根岸(町田市)",
    "根岸(根岸町/町田市)",
    "馬駈",
    "図師大橋",
    "日影橋",
    "日大三高入口",
    "桜橋(町田市)",
    "大泉寺",
    "山の端",
    "小山田小学校前",
    "押越",
    "小山田(町田市)"
  ],
  "weekday": [
    "6:53",
    "7:23",
    "7:53",
    "8:53",
    "21:53"
  ],
  "saturday": [
    "6:53",
    "7:53",
    "8:53",
    "21:23"
  ],
  "holiday": [
    "6:53",
    "7:53",
    "8:53",
    "21:23"
  ],
  "url": "https://www.kanachu.co.jp/dia/diagram/timetable01_js/course:0000802475-1/node:00025625/kt:1/lname:/dts:1740679200"
}