{
    "date": "2025/03/15",
    "name": "神奈中営業所前",
    "position": "-",
    "system": "茅17",
    "destinations": [
        "ニュータウン入口(茅ケ崎市)",
        "鶴が台入口",
        "鶴が台中学校前",
        "香川小学校入口",
        "松風台(茅ケ崎市)"
    ],
    "weekday": [
        "6:56",
        "8:22",
        "16:57",
        "17:57",
        "18:15",
        "18:55",
        "19:15"
    ],
    "saturday": [
        "7:49",
        "8:45"
    ],
    "holiday": [
        "7:49",
        "8:45"
    ],
    "url": "https://www.kanachu.co.jp/dia/diagram/timetable01_js/course:0000801305-4/node:00127137/kt:0/lname:/"
}
