{
    "system": "茅17",
    "busstops": [
        {
            "index": "1",
            "id": "00127126",
            "name": "茅ヶ崎駅",
            "lat": "35.330877",
            "lng": "139.405863"
        },
        {
            "index": "2",
            "id": "00127135",
            "name": "中央公園前(茅ケ崎市)",
            "lat": "35.334628",
            "lng": "139.407764"
        },
        {
            "index": "3",
            "id": "00127136",
            "name": "前の田",
            "lat": "35.337476",
            "lng": "139.409841"
        },
        {
            "index": "4",
            "id": "00127137",
            "name": "神奈中営業所前",
            "lat": "35.341599",
            "lng": "139.411337"
        },
        {
            "index": "5",
            "id": "00127138",
            "name": "ニュータウン入口(茅ケ崎市)",
            "lat": "35.343848",
            "lng": "139.412199"
        },
        {
            "index": "6",
            "id": "00127139",
            "name": "鶴が台入口",
            "lat": "35.346425",
            "lng": "139.413098"
        },
        {
            "index": "7",
            "id": "00127154",
            "name": "鶴が台中学校前",
            "lat": "35.348165",
            "lng": "139.410489"
        },
        {
            "index": "8",
            "id": "00127157",
            "name": "香川小学校入口",
            "lat": "35.352792",
            "lng": "139.409013"
        },
        {
            "index": "9",
            "id": "00127158",
            "name": "松風台(茅ケ崎市)",
            "lat": "35.354675",
            "lng": "139.409368"
        }
    ],
    "route_url": "https://www.kanachu.co.jp/dia/route/index/cid:0000801305/"
}
