{
    "date": "2024/09/02",
    "name": "飯田北小学校入口",
    "position": "-",
    "system": "立02",
    "destinations": [
        "上飯田中学校入口",
        "向原(横浜市泉区)",
        "池ノ上(横浜市泉区)",
        "和泉坂上",
        "いずみ中央駅",
        "泉区総合庁舎前",
        "和泉(横浜市泉区)",
        "谷戸入口(横浜市泉区)",
        "立場ターミナル"
    ],
    "weekday": [
        "10:24",
        "12:34",
        "13:04",
        "14:34",
        "15:34",
        "16:39",
        "17:49",
        "18:39",
        "20:24"
    ],
    "saturday": [
        "10:39",
        "12:49",
        "13:39",
        "14:09",
        "15:29",
        "16:49",
        "17:54",
        "18:34",
        "20:24"
    ],
    "holiday": [
        "10:39",
        "12:49",
        "13:39",
        "14:09",
        "15:29",
        "16:49",
        "17:54",
        "18:34",
        "20:24"
    ],
    "url": "https://www.kanachu.co.jp/dia/diagram/timetable01_js/course:0000801038-4/node:00126907/kt:0/lname:/"
}
