{
    "date": "2025/04/19",
    "name": "谷口台小学校前",
    "position": "-",
    "system": "大59",
    "destinations": [
        "上原団地",
        "御園二丁目",
        "みゆき台団地",
        "御園五丁目",
        "双葉入口",
        "桜台(相模原市南区)",
        "水道路(相模原市南区)",
        "麻溝台",
        "麻溝台中学校入口",
        "さがみ緑風園前",
        "麻溝台入口",
        "麻溝台高校",
        "北里大学病院・北里大学"
    ],
    "weekday": [
        "6:18",
        "7:10",
        "7:45",
        "8:10",
        "8:28",
        "8:55",
        "9:13",
        "9:33",
        "9:53",
        "10:08",
        "11:08",
        "11:38",
        "12:13",
        "12:53",
        "13:08",
        "13:38",
        "14:08",
        "14:38",
        "15:08",
        "15:38",
        "16:08",
        "16:38",
        "16:53",
        "17:04",
        "17:34",
        "17:54",
        "18:04",
        "18:24",
        "18:34",
        "18:54",
        "19:13",
        "19:23",
        "19:33",
        "19:43",
        "19:53",
        "20:03",
        "20:15",
        "20:27",
        "20:39",
        "20:51",
        "21:03",
        "21:18",
        "21:33",
        "21:48"
    ],
    "saturday": [
        "6:23",
        "6:43",
        "7:08",
        "7:48",
        "8:13",
        "8:43",
        "9:18",
        "9:48",
        "10:33",
        "11:33",
        "12:33",
        "12:53",
        "13:18",
        "13:48",
        "14:28",
        "15:18",
        "15:48",
        "16:18",
        "16:48",
        "17:18",
        "17:48",
        "18:18",
        "18:48",
        "19:18",
        "19:33",
        "20:03",
        "20:23",
        "20:43",
        "21:03"
    ],
    "holiday": [
        "6:43",
        "7:13",
        "8:48",
        "9:48",
        "10:48",
        "11:48",
        "12:48",
        "13:48",
        "14:48",
        "15:48",
        "16:48",
        "17:48",
        "18:38",
        "19:43",
        "20:03",
        "20:23",
        "20:43"
    ],
    "url": "https://www.kanachu.co.jp/dia/diagram/timetable01_js/course:0000801924-3/node:00129279/kt:0/lname:/"
}
