{
    "date": "2025/04/19",
    "name": "みゆき台団地",
    "position": "-",
    "system": "大59",
    "destinations": [
        "御園五丁目",
        "双葉入口",
        "桜台(相模原市南区)",
        "水道路(相模原市南区)",
        "麻溝台",
        "麻溝台中学校入口",
        "さがみ緑風園前",
        "麻溝台入口",
        "麻溝台高校",
        "北里大学病院・北里大学"
    ],
    "weekday": [
        "6:21",
        "7:13",
        "7:48",
        "8:13",
        "8:31",
        "8:58",
        "9:16",
        "9:36",
        "9:56",
        "10:11",
        "11:11",
        "11:41",
        "12:16",
        "12:56",
        "13:11",
        "13:41",
        "14:11",
        "14:41",
        "15:11",
        "15:41",
        "16:11",
        "16:41",
        "16:56",
        "17:07",
        "17:37",
        "17:57",
        "18:07",
        "18:27",
        "18:37",
        "18:57",
        "19:16",
        "19:26",
        "19:36",
        "19:46",
        "19:56",
        "20:06",
        "20:18",
        "20:30",
        "20:42",
        "20:54",
        "21:06",
        "21:21",
        "21:36",
        "21:51"
    ],
    "saturday": [
        "6:26",
        "6:46",
        "7:11",
        "7:51",
        "8:16",
        "8:46",
        "9:21",
        "9:51",
        "10:36",
        "11:36",
        "12:36",
        "12:56",
        "13:21",
        "13:51",
        "14:31",
        "15:21",
        "15:51",
        "16:21",
        "16:51",
        "17:21",
        "17:51",
        "18:21",
        "18:51",
        "19:21",
        "19:36",
        "20:06",
        "20:26",
        "20:46",
        "21:06"
    ],
    "holiday": [
        "6:46",
        "7:16",
        "8:51",
        "9:51",
        "10:51",
        "11:51",
        "12:51",
        "13:51",
        "14:51",
        "15:51",
        "16:51",
        "17:51",
        "18:41",
        "19:46",
        "20:06",
        "20:26",
        "20:46"
    ],
    "url": "https://www.kanachu.co.jp/dia/diagram/timetable01_js/course:0000801924-6/node:00129258/kt:0/lname:/"
}
