{
    "date": "2025/04/19",
    "name": "麻溝台入口",
    "position": "-",
    "system": "大59",
    "destinations": [
        "麻溝台高校",
        "北里大学病院・北里大学"
    ],
    "weekday": [
        "6:30",
        "7:24",
        "7:59",
        "8:24",
        "8:42",
        "9:08",
        "9:25",
        "9:45",
        "10:05",
        "10:20",
        "11:20",
        "11:50",
        "12:25",
        "13:05",
        "13:20",
        "13:50",
        "14:20",
        "14:50",
        "15:20",
        "15:50",
        "16:20",
        "16:50",
        "17:05",
        "17:18",
        "17:48",
        "18:08",
        "18:18",
        "18:38",
        "18:48",
        "19:07",
        "19:25",
        "19:35",
        "19:45",
        "19:55",
        "20:05",
        "20:15",
        "20:27",
        "20:39",
        "20:51",
        "21:03",
        "21:15",
        "21:30",
        "21:45",
        "22:00"
    ],
    "saturday": [
        "6:34",
        "6:54",
        "7:20",
        "8:00",
        "8:25",
        "8:55",
        "9:30",
        "10:00",
        "10:45",
        "11:45",
        "12:45",
        "13:05",
        "13:30",
        "14:00",
        "14:40",
        "15:30",
        "16:00",
        "16:30",
        "17:00",
        "17:30",
        "18:00",
        "18:30",
        "19:00",
        "19:30",
        "19:45",
        "20:15",
        "20:35",
        "20:55",
        "21:15"
    ],
    "holiday": [
        "6:54",
        "7:24",
        "9:00",
        "10:00",
        "11:00",
        "12:00",
        "13:00",
        "14:00",
        "15:00",
        "16:00",
        "17:00",
        "18:00",
        "18:50",
        "19:55",
        "20:15",
        "20:35",
        "20:55"
    ],
    "url": "https://www.kanachu.co.jp/dia/diagram/timetable01_js/course:0000801924-14/node:00129121/kt:0/lname:/"
}
