{
    "date": "2026/01/16",
    "name": "西久保(中郡大磯町)",
    "position": "-",
    "system": "黒02",
    "destinations": [
        "黒岩入口",
        "上舟窪",
        "舟窪",
        "公民館前(中郡大磯町)",
        "天神下(中郡大磯町)",
        "虫窪",
        "ぼったり",
        "下田(中郡大磯町)",
        "素心学院前",
        "国府中学西口",
        "湘南大磯住宅入口"
    ],
    "weekday": [
        "16:24"
    ],
    "saturday": [],
    "holiday": [],
    "url": "https://www.kanachu.co.jp/dia/diagram/timetable01_js/course:0000803954-4/node:00127525/kt:0/lname:/"
}
