{
    "system": "黒02",
    "busstops": [
        {
            "index": "1",
            "id": "00130208",
            "name": "黒岩台",
            "lat": "35.326296",
            "lng": "139.264016"
        },
        {
            "index": "2",
            "id": "00130207",
            "name": "黒岩公民館前",
            "lat": "35.32652",
            "lng": "139.260066"
        },
        {
            "index": "3",
            "id": "00130206",
            "name": "西久保福祉館前",
            "lat": "35.324271",
            "lng": "139.258086"
        },
        {
            "index": "4",
            "id": "00127525",
            "name": "西久保(中郡大磯町)",
            "lat": "35.321343",
            "lng": "139.258199"
        },
        {
            "index": "5",
            "id": "00127523",
            "name": "黒岩入口",
            "lat": "35.323186",
            "lng": "139.259893"
        },
        {
            "index": "6",
            "id": "00127522",
            "name": "上舟窪",
            "lat": "35.321835",
            "lng": "139.262694"
        },
        {
            "index": "7",
            "id": "00127521",
            "name": "舟窪",
            "lat": "35.321183",
            "lng": "139.262872"
        },
        {
            "index": "8",
            "id": "00127520",
            "name": "公民館前(中郡大磯町)",
            "lat": "35.321233",
            "lng": "139.265752"
        },
        {
            "index": "9",
            "id": "00127519",
            "name": "天神下(中郡大磯町)",
            "lat": "35.322108",
            "lng": "139.266938"
        },
        {
            "index": "10",
            "id": "00127518",
            "name": "虫窪",
            "lat": "35.323085",
            "lng": "139.267994"
        },
        {
            "index": "11",
            "id": "00127517",
            "name": "ぼったり",
            "lat": "35.320712",
            "lng": "139.270033"
        },
        {
            "index": "12",
            "id": "00127516",
            "name": "下田(中郡大磯町)",
            "lat": "35.317832",
            "lng": "139.272973"
        },
        {
            "index": "13",
            "id": "00127515",
            "name": "素心学院前",
            "lat": "35.316151",
            "lng": "139.273026"
        },
        {
            "index": "14",
            "id": "00127514",
            "name": "国府中学西口",
            "lat": "35.313842",
            "lng": "139.272624"
        },
        {
            "index": "15",
            "id": "00127511",
            "name": "湘南大磯住宅入口",
            "lat": "35.311139",
            "lng": "139.272436"
        }
    ],
    "route_url": "https://www.kanachu.co.jp/dia/route/index/cid:0000803954/"
}
