{
    "date": "2021/04/01",
    "name": "二本松(相模原市緑区)",
    "position": "-",
    "system": "橋05",
    "destinations": [
        "森の上",
        "東原宿",
        "原宿(相模原市緑区)",
        "城山総合事務所入口",
        "久保沢",
        "小倉橋(相模原市緑区)",
        "小倉(相模原市緑区)",
        "河原橋(相模原市緑区)",
        "諏訪の森",
        "湘南小学校前",
        "上葉山",
        "下倉",
        "葉山診療所前",
        "藤木(相模原市緑区)",
        "中平(相模原市緑区)",
        "葉山(相模原市緑区)",
        "下河原(相模原市緑区)",
        "小沢(愛甲郡愛川町)"
    ],
    "weekday": [
        "6:46"
    ],
    "saturday": [],
    "holiday": [],
    "url": "https://www.kanachu.co.jp/dia/diagram/timetable01_js/course:0000802400-8/node:00128964/kt:0/lname:/"
}
