{
    "date": "2021/04/01",
    "name": "河原橋(相模原市緑区)",
    "position": "-",
    "system": "橋05",
    "destinations": [
        "諏訪の森",
        "湘南小学校前",
        "上葉山",
        "下倉",
        "葉山診療所前",
        "藤木(相模原市緑区)",
        "中平(相模原市緑区)",
        "葉山(相模原市緑区)",
        "下河原(相模原市緑区)",
        "小沢(愛甲郡愛川町)"
    ],
    "weekday": [
        "6:57"
    ],
    "saturday": [],
    "holiday": [],
    "url": "https://www.kanachu.co.jp/dia/diagram/timetable01_js/course:0000802400-16/node:00128981/kt:0/lname:/"
}
