{
    "system": "橋05",
    "busstops": [
        {
            "index": "1",
            "id": "00128970",
            "name": "橋本駅南口",
            "lat": "35.593907",
            "lng": "139.345728"
        },
        {
            "index": "2",
            "id": "00128971",
            "name": "橋本二丁目",
            "lat": "35.595232",
            "lng": "139.340162"
        },
        {
            "index": "3",
            "id": "00129000",
            "name": "緑区合同庁舎前(相模原市緑区)",
            "lat": "35.595908",
            "lng": "139.335586"
        },
        {
            "index": "4",
            "id": "00128968",
            "name": "上町(相模原市緑区)",
            "lat": "35.597906",
            "lng": "139.334771"
        },
        {
            "index": "5",
            "id": "00128967",
            "name": "大西(相模原市緑区)",
            "lat": "35.598241",
            "lng": "139.330491"
        },
        {
            "index": "6",
            "id": "00128966",
            "name": "相原台",
            "lat": "35.598383",
            "lng": "139.328313"
        },
        {
            "index": "7",
            "id": "00128965",
            "name": "相原中央",
            "lat": "35.598479",
            "lng": "139.325669"
        },
        {
            "index": "8",
            "id": "00128964",
            "name": "二本松(相模原市緑区)",
            "lat": "35.59845",
            "lng": "139.321176"
        },
        {
            "index": "9",
            "id": "00128963",
            "name": "森の上",
            "lat": "35.598283",
            "lng": "139.3169"
        },
        {
            "index": "10",
            "id": "00128962",
            "name": "東原宿",
            "lat": "35.597417",
            "lng": "139.312352"
        },
        {
            "index": "11",
            "id": "00128961",
            "name": "原宿(相模原市緑区)",
            "lat": "35.596918",
            "lng": "139.309052"
        },
        {
            "index": "12",
            "id": "00128960",
            "name": "城山総合事務所入口",
            "lat": "35.595949",
            "lng": "139.305037"
        },
        {
            "index": "13",
            "id": "00128959",
            "name": "久保沢",
            "lat": "35.593195",
            "lng": "139.300428"
        },
        {
            "index": "14",
            "id": "00128851",
            "name": "小倉橋(相模原市緑区)",
            "lat": "35.586515",
            "lng": "139.300569"
        },
        {
            "index": "15",
            "id": "00128850",
            "name": "小倉(相模原市緑区)",
            "lat": "35.585821",
            "lng": "139.298084"
        },
        {
            "index": "16",
            "id": "00128981",
            "name": "河原橋(相模原市緑区)",
            "lat": "35.581979",
            "lng": "139.29799"
        },
        {
            "index": "17",
            "id": "00128982",
            "name": "諏訪の森",
            "lat": "35.578996",
            "lng": "139.298672"
        },
        {
            "index": "18",
            "id": "00128983",
            "name": "湘南小学校前",
            "lat": "35.572526",
            "lng": "139.307395"
        },
        {
            "index": "19",
            "id": "00128984",
            "name": "上葉山",
            "lat": "35.566566",
            "lng": "139.312856"
        },
        {
            "index": "20",
            "id": "00128985",
            "name": "下倉",
            "lat": "35.564556",
            "lng": "139.3149"
        },
        {
            "index": "21",
            "id": "00128986",
            "name": "葉山診療所前",
            "lat": "35.560482",
            "lng": "139.318277"
        },
        {
            "index": "22",
            "id": "00128987",
            "name": "藤木(相模原市緑区)",
            "lat": "35.558787",
            "lng": "139.31881"
        },
        {
            "index": "23",
            "id": "00128988",
            "name": "中平(相模原市緑区)",
            "lat": "35.555575",
            "lng": "139.319197"
        },
        {
            "index": "24",
            "id": "00128989",
            "name": "葉山(相模原市緑区)",
            "lat": "35.551378",
            "lng": "139.320481"
        },
        {
            "index": "25",
            "id": "00128990",
            "name": "下河原(相模原市緑区)",
            "lat": "35.549368",
            "lng": "139.320071"
        },
        {
            "index": "26",
            "id": "00128391",
            "name": "小沢(愛甲郡愛川町)",
            "lat": "35.538812",
            "lng": "139.32853"
        }
    ],
    "route_url": "https://www.kanachu.co.jp/dia/route/index/cid:0000802400/"
}
