{
    "date": "2025/07/12",
    "name": "ソニー前(藤沢市)",
    "position": "-",
    "system": "藤01",
    "destinations": [
        "ヤクルト前",
        "神明町(藤沢市)",
        "日本精工前",
        "一本松(藤沢市)",
        "三富士町",
        "藤沢駅北口"
    ],
    "weekday": [
        "5:41",
        "5:51",
        "6:01",
        "6:16",
        "6:31",
        "6:41",
        "6:51",
        "7:00",
        "7:11",
        "7:21",
        "7:29",
        "7:41",
        "7:51",
        "8:01",
        "8:21",
        "8:31",
        "8:46",
        "9:01",
        "9:16",
        "9:31",
        "9:46",
        "10:01",
        "10:11",
        "10:21",
        "10:31",
        "10:40",
        "10:51",
        "11:01",
        "11:11",
        "11:21",
        "11:31",
        "11:41",
        "11:51",
        "12:00",
        "12:11",
        "12:21",
        "12:31",
        "12:41",
        "12:51",
        "13:01",
        "13:11",
        "13:21",
        "13:31",
        "13:41",
        "13:51",
        "14:01",
        "14:16",
        "14:31",
        "14:46",
        "15:01",
        "15:13",
        "15:25",
        "15:37",
        "15:49",
        "16:01",
        "16:13",
        "16:26",
        "16:37",
        "16:49",
        "17:01",
        "17:11",
        "17:21",
        "17:31",
        "17:41",
        "17:51",
        "18:01",
        "18:06",
        "18:16",
        "18:31",
        "18:41",
        "18:51",
        "19:01",
        "19:11",
        "19:26",
        "19:41",
        "19:51",
        "20:01",
        "20:16",
        "20:31",
        "20:46",
        "21:01",
        "21:16",
        "21:40",
        "22:41"
    ],
    "saturday": [
        "5:49",
        "6:26",
        "6:46",
        "7:01",
        "7:26",
        "7:46",
        "8:06",
        "8:26",
        "8:46",
        "9:06",
        "9:21",
        "9:36",
        "9:51",
        "10:06",
        "10:21",
        "10:36",
        "10:51",
        "11:01",
        "11:11",
        "11:21",
        "11:31",
        "11:41",
        "11:51",
        "12:01",
        "12:13",
        "12:25",
        "12:37",
        "12:49",
        "13:01",
        "13:11",
        "13:21",
        "13:31",
        "13:41",
        "13:51",
        "14:01",
        "14:13",
        "14:25",
        "14:37",
        "14:49",
        "15:01",
        "15:13",
        "15:25",
        "15:37",
        "15:49",
        "16:01",
        "16:13",
        "16:25",
        "16:37",
        "16:49",
        "17:01",
        "17:11",
        "17:21",
        "17:31",
        "17:41",
        "17:51",
        "18:01",
        "18:13",
        "18:25",
        "18:37",
        "18:49",
        "19:01",
        "19:31",
        "20:01",
        "20:31",
        "21:01",
        "21:31",
        "22:11"
    ],
    "holiday": [
        "5:49",
        "6:26",
        "6:46",
        "7:01",
        "7:26",
        "7:46",
        "8:06",
        "8:26",
        "8:46",
        "9:06",
        "9:21",
        "9:36",
        "9:51",
        "10:06",
        "10:21",
        "10:36",
        "10:51",
        "11:01",
        "11:11",
        "11:21",
        "11:31",
        "11:41",
        "11:51",
        "12:01",
        "12:13",
        "12:25",
        "12:37",
        "12:49",
        "13:01",
        "13:11",
        "13:21",
        "13:31",
        "13:41",
        "13:51",
        "14:01",
        "14:13",
        "14:25",
        "14:37",
        "14:49",
        "15:01",
        "15:13",
        "15:25",
        "15:37",
        "15:49",
        "16:01",
        "16:13",
        "16:25",
        "16:37",
        "16:49",
        "17:01",
        "17:11",
        "17:21",
        "17:31",
        "17:41",
        "17:51",
        "18:01",
        "18:13",
        "18:25",
        "18:37",
        "18:49",
        "19:01",
        "19:31",
        "20:01",
        "20:31",
        "21:01",
        "21:31",
        "22:11"
    ],
    "url": "https://www.kanachu.co.jp/dia/diagram/timetable01_js/course:0000800220-2/node:00127047/kt:0/lname:/"
}
