{
    "date": "2025/07/12",
    "name": "神明町(藤沢市)",
    "position": "-",
    "system": "藤01",
    "destinations": [
        "日本精工前",
        "一本松(藤沢市)",
        "三富士町",
        "藤沢駅北口"
    ],
    "weekday": [
        "5:45",
        "5:55",
        "6:05",
        "6:20",
        "6:35",
        "6:45",
        "6:55",
        "7:04",
        "7:15",
        "7:25",
        "7:33",
        "7:45",
        "7:55",
        "8:05",
        "8:25",
        "8:35",
        "8:50",
        "9:05",
        "9:20",
        "9:35",
        "9:50",
        "10:05",
        "10:15",
        "10:25",
        "10:35",
        "10:44",
        "10:55",
        "11:05",
        "11:15",
        "11:25",
        "11:35",
        "11:45",
        "11:55",
        "12:04",
        "12:15",
        "12:25",
        "12:35",
        "12:45",
        "12:55",
        "13:05",
        "13:15",
        "13:25",
        "13:35",
        "13:45",
        "13:55",
        "14:05",
        "14:20",
        "14:35",
        "14:50",
        "15:05",
        "15:17",
        "15:29",
        "15:41",
        "15:53",
        "16:05",
        "16:17",
        "16:30",
        "16:41",
        "16:53",
        "17:05",
        "17:15",
        "17:25",
        "17:35",
        "17:45",
        "17:55",
        "18:05",
        "18:10",
        "18:20",
        "18:35",
        "18:45",
        "18:55",
        "19:05",
        "19:15",
        "19:30",
        "19:45",
        "19:55",
        "20:05",
        "20:20",
        "20:35",
        "20:50",
        "21:05",
        "21:20",
        "21:44",
        "22:45"
    ],
    "saturday": [
        "5:53",
        "6:30",
        "6:50",
        "7:05",
        "7:30",
        "7:50",
        "8:10",
        "8:30",
        "8:50",
        "9:10",
        "9:25",
        "9:40",
        "9:55",
        "10:10",
        "10:25",
        "10:40",
        "10:55",
        "11:05",
        "11:15",
        "11:25",
        "11:35",
        "11:45",
        "11:55",
        "12:05",
        "12:17",
        "12:29",
        "12:41",
        "12:53",
        "13:05",
        "13:15",
        "13:25",
        "13:35",
        "13:45",
        "13:55",
        "14:05",
        "14:17",
        "14:29",
        "14:41",
        "14:53",
        "15:05",
        "15:17",
        "15:29",
        "15:41",
        "15:53",
        "16:05",
        "16:17",
        "16:29",
        "16:41",
        "16:53",
        "17:05",
        "17:15",
        "17:25",
        "17:35",
        "17:45",
        "17:55",
        "18:05",
        "18:17",
        "18:29",
        "18:41",
        "18:53",
        "19:05",
        "19:35",
        "20:05",
        "20:35",
        "21:05",
        "21:35",
        "22:15"
    ],
    "holiday": [
        "5:53",
        "6:30",
        "6:50",
        "7:05",
        "7:30",
        "7:50",
        "8:10",
        "8:30",
        "8:50",
        "9:10",
        "9:25",
        "9:40",
        "9:55",
        "10:10",
        "10:25",
        "10:40",
        "10:55",
        "11:05",
        "11:15",
        "11:25",
        "11:35",
        "11:45",
        "11:55",
        "12:05",
        "12:17",
        "12:29",
        "12:41",
        "12:53",
        "13:05",
        "13:15",
        "13:25",
        "13:35",
        "13:45",
        "13:55",
        "14:05",
        "14:17",
        "14:29",
        "14:41",
        "14:53",
        "15:05",
        "15:17",
        "15:29",
        "15:41",
        "15:53",
        "16:05",
        "16:17",
        "16:29",
        "16:41",
        "16:53",
        "17:05",
        "17:15",
        "17:25",
        "17:35",
        "17:45",
        "17:55",
        "18:05",
        "18:17",
        "18:29",
        "18:41",
        "18:53",
        "19:05",
        "19:35",
        "20:05",
        "20:35",
        "21:05",
        "21:35",
        "22:15"
    ],
    "url": "https://www.kanachu.co.jp/dia/diagram/timetable01_js/course:0000800220-4/node:00127045/kt:0/lname:/"
}
