{
    "date": "2025/07/12",
    "name": "藤沢小学校前",
    "position": "-",
    "system": "船65",
    "destinations": [
        "藤沢橋",
        "遊行寺坂上",
        "緑ヶ丘(藤沢市)",
        "鉄砲宿",
        "諏訪神社前(横浜市戸塚区)",
        "影取",
        "聖母の園前",
        "原宿四ツ角",
        "公文国際学園",
        "常勝寺(横浜市栄区)",
        "田谷(横浜市栄区)",
        "小蓋山",
        "宮ノ前(横浜市栄区)",
        "長尾台(横浜市栄区)",
        "坂本(鎌倉市)",
        "大船駅西口"
    ],
    "weekday": [
        "17:14",
        "18:14"
    ],
    "saturday": [],
    "holiday": [],
    "url": "https://www.kanachu.co.jp/dia/diagram/timetable01_js/course:0000801155-5/node:00126974/kt:0/lname:/"
}
