{
    "system": "船65",
    "busstops": [
        {
            "index": "1",
            "id": "00126970",
            "name": "藤沢駅北口",
            "lat": "35.339762",
            "lng": "139.487708"
        },
        {
            "index": "2",
            "id": "00126971",
            "name": "三富士町",
            "lat": "35.339469",
            "lng": "139.484094"
        },
        {
            "index": "3",
            "id": "00126972",
            "name": "相生町(藤沢市)",
            "lat": "35.340726",
            "lng": "139.480959"
        },
        {
            "index": "4",
            "id": "00126973",
            "name": "南仲通り",
            "lat": "35.342936",
            "lng": "139.482887"
        },
        {
            "index": "5",
            "id": "00126974",
            "name": "藤沢小学校前",
            "lat": "35.34402",
            "lng": "139.484087"
        },
        {
            "index": "6",
            "id": "00126975",
            "name": "藤沢橋",
            "lat": "35.346686",
            "lng": "139.488007"
        },
        {
            "index": "7",
            "id": "00126976",
            "name": "遊行寺坂上",
            "lat": "35.352397",
            "lng": "139.490708"
        },
        {
            "index": "8",
            "id": "00126977",
            "name": "緑ヶ丘(藤沢市)",
            "lat": "35.355735",
            "lng": "139.492336"
        },
        {
            "index": "9",
            "id": "00126978",
            "name": "鉄砲宿",
            "lat": "35.359201",
            "lng": "139.493769"
        },
        {
            "index": "10",
            "id": "00126979",
            "name": "諏訪神社前(横浜市戸塚区)",
            "lat": "35.364487",
            "lng": "139.497326"
        },
        {
            "index": "11",
            "id": "00126980",
            "name": "影取",
            "lat": "35.370138",
            "lng": "139.500534"
        },
        {
            "index": "12",
            "id": "00126981",
            "name": "聖母の園前",
            "lat": "35.374174",
            "lng": "139.50317"
        },
        {
            "index": "13",
            "id": "00126927",
            "name": "原宿四ツ角",
            "lat": "35.3763",
            "lng": "139.506053"
        },
        {
            "index": "14",
            "id": "00127117",
            "name": "公文国際学園",
            "lat": "35.371866",
            "lng": "139.514269"
        },
        {
            "index": "15",
            "id": "00126921",
            "name": "常勝寺(横浜市栄区)",
            "lat": "35.367124",
            "lng": "139.518933"
        },
        {
            "index": "16",
            "id": "00126850",
            "name": "田谷(横浜市栄区)",
            "lat": "35.364615",
            "lng": "139.522155"
        },
        {
            "index": "17",
            "id": "00126851",
            "name": "小蓋山",
            "lat": "35.363886",
            "lng": "139.525719"
        },
        {
            "index": "18",
            "id": "00126852",
            "name": "宮ノ前(横浜市栄区)",
            "lat": "35.362286",
            "lng": "139.528654"
        },
        {
            "index": "19",
            "id": "00126853",
            "name": "長尾台(横浜市栄区)",
            "lat": "35.360104",
            "lng": "139.528719"
        },
        {
            "index": "20",
            "id": "00126854",
            "name": "坂本(鎌倉市)",
            "lat": "35.35606",
            "lng": "139.530106"
        },
        {
            "index": "21",
            "id": "00126855",
            "name": "大船駅西口",
            "lat": "35.352416",
            "lng": "139.529024"
        }
    ],
    "route_url": "https://www.kanachu.co.jp/dia/route/index/cid:0000801155/"
}
