{
    "date": "2015/01/13",
    "name": "観音坂下",
    "position": "-",
    "system": "藤38",
    "destinations": [
        "引地橋",
        "一中入口(藤沢市)",
        "湘南高校前",
        "台町(藤沢市)",
        "本町消防出張所前",
        "藤沢公民館前",
        "遊行寺前",
        "遊行通り四丁目",
        "藤沢駅北口"
    ],
    "weekday": [
        "12:31",
        "15:16",
        "15:46"
    ],
    "saturday": [],
    "holiday": [],
    "url": "https://www.kanachu.co.jp/dia/diagram/timetable01_js/course:0000802035-2/node:00127099/kt:0/lname:/"
}
