{
    "date": "2015/01/13",
    "name": "本町消防出張所前",
    "position": "-",
    "system": "藤38",
    "destinations": [
        "藤沢公民館前",
        "遊行寺前",
        "遊行通り四丁目",
        "藤沢駅北口"
    ],
    "weekday": [
        "12:38",
        "15:23",
        "15:53"
    ],
    "saturday": [],
    "holiday": [],
    "url": "https://www.kanachu.co.jp/dia/diagram/timetable01_js/course:0000802035-7/node:00127011/kt:0/lname:/"
}
