{
    "date": "2025/04/01",
    "name": "町田バスセンター",
    "position": "5番乗り場",
    "system": "町24",
    "destinations": [
        "町田市役所市民ホール前",
        "第四小学校前(町田市)",
        "森野三丁目",
        "市民病院前(町田市)",
        "浄水場前(町田市)",
        "滝の沢(町田市)",
        "木曽住宅",
        "三家(町田市)",
        "木曽入口",
        "山崎団地入口",
        "山崎団地センター",
        "給水塔前(山崎団地/町田市)",
        "北一号(町田市)",
        "北二号(町田市)",
        "山崎団地"
    ],
    "weekday": [
        "6:14",
        "6:24",
        "6:34",
        "6:44",
        "6:54",
        "7:08",
        "7:28",
        "7:38",
        "7:52",
        "21:18",
        "21:55",
        "22:15",
        "22:45"
    ],
    "saturday": [
        "6:32",
        "6:46",
        "7:01",
        "7:41",
        "8:01",
        "8:25",
        "8:52",
        "21:05",
        "21:45",
        "22:10",
        "22:45"
    ],
    "holiday": [
        "6:27",
        "7:02",
        "7:36",
        "8:05",
        "8:35",
        "21:05",
        "21:45",
        "22:05",
        "22:40"
    ],
    "url": "https://www.kanachu.co.jp/dia/diagram/timetable01_js/course:0000801320-1/node:00025625/kt:0/lname:/"
}
