{
    "date": "2025/04/01",
    "name": "三家(町田市)",
    "position": "-",
    "system": "町24",
    "destinations": [
        "木曽入口",
        "山崎団地入口",
        "山崎団地センター",
        "給水塔前(山崎団地/町田市)",
        "北一号(町田市)",
        "北二号(町田市)",
        "山崎団地"
    ],
    "weekday": [
        "6:24",
        "6:34",
        "6:44",
        "6:54",
        "7:04",
        "7:18",
        "7:39",
        "7:50",
        "8:04",
        "21:28",
        "22:05",
        "22:25",
        "22:55"
    ],
    "saturday": [
        "6:42",
        "6:56",
        "7:11",
        "7:51",
        "8:11",
        "8:35",
        "9:02",
        "21:15",
        "21:55",
        "22:20",
        "22:55"
    ],
    "holiday": [
        "6:37",
        "7:12",
        "7:46",
        "8:15",
        "8:45",
        "21:15",
        "21:55",
        "22:15",
        "22:50"
    ],
    "url": "https://www.kanachu.co.jp/dia/diagram/timetable01_js/course:0000801320-9/node:00129363/kt:0/lname:/"
}
