{
    "date": "2025/04/01",
    "name": "木曽入口",
    "position": "-",
    "system": "町24",
    "destinations": [
        "山崎団地入口",
        "山崎団地センター",
        "給水塔前(山崎団地/町田市)",
        "北一号(町田市)",
        "北二号(町田市)",
        "山崎団地"
    ],
    "weekday": [
        "6:25",
        "6:35",
        "6:45",
        "6:55",
        "7:05",
        "7:19",
        "7:41",
        "7:52",
        "8:06",
        "21:29",
        "22:06",
        "22:26",
        "22:56"
    ],
    "saturday": [
        "6:43",
        "6:57",
        "7:12",
        "7:52",
        "8:12",
        "8:36",
        "9:04",
        "21:16",
        "21:56",
        "22:21",
        "22:56"
    ],
    "holiday": [
        "6:38",
        "7:13",
        "7:47",
        "8:16",
        "8:46",
        "21:16",
        "21:56",
        "22:16",
        "22:51"
    ],
    "url": "https://www.kanachu.co.jp/dia/diagram/timetable01_js/course:0000801320-10/node:00129386/kt:0/lname:/"
}
