{
    "date": "2025/04/01",
    "name": "山崎団地センター",
    "position": "-",
    "system": "町24",
    "destinations": [
        "給水塔前(山崎団地/町田市)",
        "北一号(町田市)",
        "北二号(町田市)",
        "山崎団地"
    ],
    "weekday": [
        "6:28",
        "6:38",
        "6:48",
        "6:58",
        "7:08",
        "7:22",
        "7:44",
        "7:55",
        "8:09",
        "21:32",
        "22:09",
        "22:29",
        "22:59"
    ],
    "saturday": [
        "6:46",
        "7:00",
        "7:15",
        "7:55",
        "8:15",
        "8:39",
        "9:07",
        "21:19",
        "21:59",
        "22:24",
        "22:59"
    ],
    "holiday": [
        "6:41",
        "7:16",
        "7:50",
        "8:19",
        "8:49",
        "21:19",
        "21:59",
        "22:19",
        "22:54"
    ],
    "url": "https://www.kanachu.co.jp/dia/diagram/timetable01_js/course:0000801320-12/node:00129388/kt:0/lname:/"
}
