{
    "date": "2025/04/01",
    "name": "南林間駅",
    "position": "-",
    "system": "林03",
    "destinations": [
        "南林間駅前通り",
        "九条",
        "十一条",
        "ひばりが丘一丁目(座間市)",
        "小松原二丁目",
        "小松原(座間市)",
        "イオンモール座間入口",
        "イオンモール座間"
    ],
    "weekday": [
        "6:15",
        "6:30",
        "6:55",
        "7:05",
        "7:15",
        "7:25",
        "7:35",
        "7:45",
        "7:56",
        "8:02",
        "8:08",
        "8:14",
        "8:20",
        "8:32",
        "8:38",
        "8:45",
        "8:55",
        "9:05",
        "9:20",
        "9:45",
        "10:05",
        "10:25",
        "10:45",
        "11:05",
        "11:25",
        "11:45",
        "12:05",
        "12:25",
        "12:45",
        "13:05",
        "13:25",
        "13:45",
        "14:05",
        "14:25",
        "14:45",
        "15:05",
        "15:25",
        "15:45",
        "16:05",
        "16:25",
        "16:45",
        "17:05",
        "17:25",
        "17:45",
        "17:55",
        "18:05",
        "18:25",
        "19:00",
        "19:15",
        "19:35",
        "20:05",
        "20:30",
        "21:00",
        "21:35",
        "22:29"
    ],
    "saturday": [
        "6:25",
        "7:05",
        "7:25",
        "7:45",
        "8:05",
        "8:25",
        "8:45",
        "9:05",
        "9:25",
        "9:45",
        "10:05",
        "10:25",
        "10:45",
        "11:05",
        "11:25",
        "11:45",
        "12:05",
        "12:25",
        "12:45",
        "13:05",
        "13:25",
        "13:45",
        "14:05",
        "14:25",
        "14:45",
        "15:05",
        "15:25",
        "15:45",
        "16:05",
        "16:25",
        "16:45",
        "17:05",
        "17:25",
        "17:45",
        "18:05",
        "18:25",
        "18:45",
        "19:05",
        "19:25",
        "19:45",
        "20:05",
        "20:25",
        "20:45",
        "21:20",
        "22:01"
    ],
    "holiday": [
        "6:30",
        "7:05",
        "7:45",
        "8:05",
        "8:25",
        "8:45",
        "9:05",
        "9:25",
        "9:45",
        "10:05",
        "10:25",
        "10:45",
        "11:05",
        "11:25",
        "11:45",
        "12:05",
        "12:25",
        "12:45",
        "13:05",
        "13:25",
        "13:45",
        "14:05",
        "14:45",
        "15:05",
        "15:45",
        "16:05",
        "16:45",
        "17:05",
        "17:45",
        "18:05",
        "18:45",
        "19:05",
        "19:45",
        "20:05",
        "20:45",
        "21:05"
    ],
    "url": "https://www.kanachu.co.jp/dia/diagram/timetable01_js/course:0000803724-1/node:00129666/kt:0/lname:/"
}
