{
    "date": "2025/04/01",
    "name": "小松原(座間市)",
    "position": "-",
    "system": "林03",
    "destinations": [
        "イオンモール座間入口",
        "イオンモール座間"
    ],
    "weekday": [
        "6:22",
        "6:37",
        "7:02",
        "7:13",
        "7:23",
        "7:33",
        "7:43",
        "7:53",
        "8:04",
        "8:10",
        "8:16",
        "8:22",
        "8:28",
        "8:40",
        "8:46",
        "8:53",
        "9:03",
        "9:13",
        "9:28",
        "9:53",
        "10:13",
        "10:33",
        "10:53",
        "11:13",
        "11:33",
        "11:53",
        "12:13",
        "12:33",
        "12:53",
        "13:13",
        "13:33",
        "13:53",
        "14:13",
        "14:33",
        "14:53",
        "15:13",
        "15:33",
        "15:53",
        "16:13",
        "16:33",
        "16:53",
        "17:13",
        "17:33",
        "17:53",
        "18:03",
        "18:13",
        "18:33",
        "19:08",
        "19:23",
        "19:43",
        "20:12",
        "20:37",
        "21:07",
        "21:42",
        "22:36"
    ],
    "saturday": [
        "6:32",
        "7:13",
        "7:33",
        "7:53",
        "8:13",
        "8:33",
        "8:53",
        "9:13",
        "9:33",
        "9:53",
        "10:13",
        "10:33",
        "10:53",
        "11:13",
        "11:33",
        "11:53",
        "12:13",
        "12:33",
        "12:53",
        "13:13",
        "13:33",
        "13:53",
        "14:13",
        "14:33",
        "14:53",
        "15:13",
        "15:33",
        "15:53",
        "16:13",
        "16:33",
        "16:53",
        "17:13",
        "17:33",
        "17:53",
        "18:13",
        "18:33",
        "18:53",
        "19:13",
        "19:33",
        "19:53",
        "20:13",
        "20:33",
        "20:53",
        "21:28",
        "22:09"
    ],
    "holiday": [
        "6:37",
        "7:13",
        "7:53",
        "8:13",
        "8:33",
        "8:53",
        "9:13",
        "9:33",
        "9:53",
        "10:13",
        "10:33",
        "10:53",
        "11:13",
        "11:33",
        "11:53",
        "12:13",
        "12:33",
        "12:53",
        "13:13",
        "13:33",
        "13:53",
        "14:13",
        "14:53",
        "15:13",
        "15:53",
        "16:13",
        "16:53",
        "17:13",
        "17:53",
        "18:13",
        "18:53",
        "19:13",
        "19:53",
        "20:13",
        "20:53",
        "21:13"
    ],
    "url": "https://www.kanachu.co.jp/dia/diagram/timetable01_js/course:0000803724-7/node:00129680/kt:0/lname:/"
}
