{
    "date": "2025/07/12",
    "name": "茅山(藤沢市)",
    "position": "-",
    "system": "藤66",
    "destinations": [
        "荏原工業団地",
        "石原谷",
        "関東航空前",
        "修道院前",
        "修道院下",
        "伊勢山入口",
        "台町(藤沢市)",
        "藤沢市民病院",
        "本町消防出張所前",
        "藤沢公民館前",
        "遊行寺前",
        "遊行通り四丁目",
        "藤沢駅北口"
    ],
    "weekday": [
        "8:37",
        "9:34",
        "11:19"
    ],
    "saturday": [],
    "holiday": [],
    "url": "https://www.kanachu.co.jp/dia/diagram/timetable01_js/course:0000803643-3/node:00127101/kt:0/lname:/"
}
