{
    "date": "2025/07/12",
    "name": "修道院下",
    "position": "-",
    "system": "藤66",
    "destinations": [
        "伊勢山入口",
        "台町(藤沢市)",
        "藤沢市民病院",
        "本町消防出張所前",
        "藤沢公民館前",
        "遊行寺前",
        "遊行通り四丁目",
        "藤沢駅北口"
    ],
    "weekday": [
        "8:42",
        "9:39",
        "11:24"
    ],
    "saturday": [],
    "holiday": [],
    "url": "https://www.kanachu.co.jp/dia/diagram/timetable01_js/course:0000803643-8/node:00127064/kt:0/lname:/"
}
