{
    "date": "2024/09/02",
    "name": "住宅前(藤沢市高倉)",
    "position": "-",
    "system": "長54",
    "destinations": [
        "藤沢湘南台病院前",
        "上高倉",
        "飯田(横浜市泉区)",
        "和泉坂上",
        "泉区総合庁舎前",
        "和泉(横浜市泉区)",
        "谷戸入口(横浜市泉区)",
        "立場ターミナル"
    ],
    "weekday": [
        "7:01",
        "7:51",
        "8:41",
        "9:31",
        "10:21",
        "11:11",
        "12:01",
        "12:51",
        "13:41",
        "14:31",
        "15:21",
        "16:11",
        "17:01",
        "17:51",
        "18:41",
        "19:31",
        "20:21"
    ],
    "saturday": [
        "8:16",
        "9:06",
        "9:56",
        "10:46",
        "11:36",
        "12:26",
        "13:16",
        "14:06",
        "14:56",
        "15:46",
        "16:36",
        "17:26",
        "18:16",
        "19:06",
        "19:56"
    ],
    "holiday": [
        "8:16",
        "9:06",
        "9:56",
        "10:46",
        "11:36",
        "12:26",
        "13:16",
        "14:06",
        "14:56",
        "15:46",
        "16:36",
        "17:26",
        "18:16",
        "19:06",
        "19:56"
    ],
    "url": "https://www.kanachu.co.jp/dia/diagram/timetable01_js/course:0000800303-2/node:00126791/kt:0/lname:/"
}
