{
    "date": "2024/09/02",
    "name": "谷戸入口(横浜市泉区)",
    "position": "-",
    "system": "長54",
    "destinations": [
        "立場ターミナル"
    ],
    "weekday": [
        "7:11",
        "8:01",
        "8:51",
        "9:41",
        "10:31",
        "11:21",
        "12:11",
        "13:01",
        "13:51",
        "14:41",
        "15:31",
        "16:21",
        "17:11",
        "18:01",
        "18:51",
        "19:41",
        "20:31"
    ],
    "saturday": [
        "8:26",
        "9:16",
        "10:06",
        "10:56",
        "11:46",
        "12:36",
        "13:26",
        "14:16",
        "15:06",
        "15:56",
        "16:46",
        "17:36",
        "18:26",
        "19:16",
        "20:06"
    ],
    "holiday": [
        "8:26",
        "9:16",
        "10:06",
        "10:56",
        "11:46",
        "12:36",
        "13:26",
        "14:16",
        "15:06",
        "15:56",
        "16:46",
        "17:36",
        "18:26",
        "19:16",
        "20:06"
    ],
    "url": "https://www.kanachu.co.jp/dia/diagram/timetable01_js/course:0000800303-9/node:00126784/kt:0/lname:/"
}
