{
    "date": "2024/07/08",
    "name": "野津田車庫",
    "position": "-",
    "system": "町55",
    "destinations": [
        "田中入口",
        "袋橋",
        "野津田神社入口",
        "薬師ヶ丘",
        "薬師池",
        "四季彩の杜西園前",
        "今井谷戸",
        "本町田",
        "ひなた村",
        "第三小学校前(町田市)",
        "菅原神社前(町田市)",
        "体育館前(町田市)",
        "町田郵便局前",
        "五間道路",
        "図書館前(町田市)",
        "中町一丁目(町田市)",
        "町田駅"
    ],
    "weekday": [
        "5:12",
        "5:26",
        "5:40",
        "5:54",
        "6:03",
        "6:13",
        "6:23",
        "6:31",
        "6:39",
        "6:47",
        "6:55",
        "7:10",
        "7:17",
        "7:25",
        "7:43",
        "7:53",
        "8:08",
        "8:20",
        "8:53",
        "9:08",
        "9:20",
        "9:53",
        "10:08",
        "10:23",
        "10:53",
        "11:08",
        "11:23",
        "11:53",
        "12:08",
        "12:23",
        "12:53",
        "13:08",
        "13:23",
        "13:53",
        "14:08",
        "14:23",
        "14:53",
        "15:08",
        "15:23",
        "15:53",
        "16:08",
        "16:23",
        "16:53",
        "17:08",
        "17:23",
        "17:53",
        "18:13",
        "18:53",
        "19:13",
        "19:53",
        "20:13",
        "21:35"
    ],
    "saturday": [
        "5:25",
        "5:48",
        "6:08",
        "6:28",
        "7:08",
        "7:48",
        "8:08",
        "8:23",
        "8:53",
        "9:08",
        "9:23",
        "9:53",
        "10:08",
        "10:23",
        "10:53",
        "11:08",
        "11:23",
        "11:53",
        "12:08",
        "12:23",
        "12:53",
        "13:08",
        "13:23",
        "13:53",
        "14:08",
        "14:23",
        "14:53",
        "15:08",
        "15:23",
        "15:53",
        "16:08",
        "16:23",
        "16:53",
        "17:08",
        "17:23",
        "17:53",
        "18:13",
        "18:53",
        "19:13",
        "19:53",
        "21:28"
    ],
    "holiday": [
        "5:25",
        "5:48",
        "6:08",
        "6:28",
        "7:08",
        "7:48",
        "8:08",
        "8:23",
        "8:53",
        "9:08",
        "9:23",
        "9:53",
        "10:08",
        "10:23",
        "10:53",
        "11:08",
        "11:23",
        "11:53",
        "12:08",
        "12:23",
        "12:53",
        "13:08",
        "13:23",
        "13:53",
        "14:08",
        "14:23",
        "14:53",
        "15:08",
        "15:23",
        "15:53",
        "16:08",
        "16:23",
        "16:53",
        "17:08",
        "17:23",
        "17:53",
        "18:13",
        "18:53",
        "19:13",
        "19:53",
        "21:30"
    ],
    "url": "https://www.kanachu.co.jp/dia/diagram/timetable01_js/course:0000803245-1/node:00129373/kt:0/lname:/"
}
