{
    "date": "2024/07/08",
    "name": "薬師池",
    "position": "-",
    "system": "町55",
    "destinations": [
        "四季彩の杜西園前",
        "今井谷戸",
        "本町田",
        "ひなた村",
        "第三小学校前(町田市)",
        "菅原神社前(町田市)",
        "体育館前(町田市)",
        "町田郵便局前",
        "五間道路",
        "図書館前(町田市)",
        "中町一丁目(町田市)",
        "町田駅"
    ],
    "weekday": [
        "5:18",
        "5:32",
        "5:46",
        "6:00",
        "6:09",
        "6:19",
        "6:29",
        "6:37",
        "6:45",
        "6:53",
        "7:01",
        "7:16",
        "7:23",
        "7:31",
        "7:50",
        "8:00",
        "8:15",
        "8:27",
        "9:00",
        "9:14",
        "9:26",
        "9:59",
        "10:14",
        "10:29",
        "10:59",
        "11:14",
        "11:29",
        "11:59",
        "12:14",
        "12:29",
        "12:59",
        "13:14",
        "13:29",
        "13:59",
        "14:14",
        "14:29",
        "14:59",
        "15:14",
        "15:29",
        "15:59",
        "16:14",
        "16:29",
        "16:59",
        "17:14",
        "17:29",
        "17:59",
        "18:19",
        "18:59",
        "19:19",
        "19:59",
        "20:19",
        "21:41"
    ],
    "saturday": [
        "5:31",
        "5:54",
        "6:14",
        "6:34",
        "7:14",
        "7:54",
        "8:14",
        "8:29",
        "8:59",
        "9:14",
        "9:29",
        "9:59",
        "10:14",
        "10:29",
        "10:59",
        "11:14",
        "11:29",
        "11:59",
        "12:14",
        "12:29",
        "12:59",
        "13:14",
        "13:29",
        "13:59",
        "14:14",
        "14:29",
        "14:59",
        "15:14",
        "15:29",
        "15:59",
        "16:14",
        "16:29",
        "16:59",
        "17:14",
        "17:29",
        "17:59",
        "18:19",
        "18:59",
        "19:19",
        "19:59",
        "21:34"
    ],
    "holiday": [
        "5:31",
        "5:54",
        "6:14",
        "6:34",
        "7:14",
        "7:54",
        "8:14",
        "8:29",
        "8:59",
        "9:14",
        "9:29",
        "9:59",
        "10:14",
        "10:29",
        "10:59",
        "11:14",
        "11:29",
        "11:59",
        "12:14",
        "12:29",
        "12:59",
        "13:14",
        "13:29",
        "13:59",
        "14:14",
        "14:29",
        "14:59",
        "15:14",
        "15:29",
        "15:59",
        "16:14",
        "16:29",
        "16:59",
        "17:14",
        "17:29",
        "17:59",
        "18:19",
        "18:59",
        "19:19",
        "19:59",
        "21:36"
    ],
    "url": "https://www.kanachu.co.jp/dia/diagram/timetable01_js/course:0000803245-6/node:00129427/kt:0/lname:/"
}
