{
    "date": "2024/07/08",
    "name": "ひなた村",
    "position": "-",
    "system": "町55",
    "destinations": [
        "第三小学校前(町田市)",
        "菅原神社前(町田市)",
        "体育館前(町田市)",
        "町田郵便局前",
        "五間道路",
        "図書館前(町田市)",
        "中町一丁目(町田市)",
        "町田駅"
    ],
    "weekday": [
        "5:22",
        "5:36",
        "5:50",
        "6:04",
        "6:13",
        "6:23",
        "6:33",
        "6:42",
        "6:50",
        "6:58",
        "7:06",
        "7:21",
        "7:28",
        "7:36",
        "7:55",
        "8:05",
        "8:20",
        "8:32",
        "9:05",
        "9:19",
        "9:31",
        "10:04",
        "10:19",
        "10:34",
        "11:04",
        "11:19",
        "11:34",
        "12:04",
        "12:19",
        "12:34",
        "13:04",
        "13:19",
        "13:34",
        "14:04",
        "14:19",
        "14:34",
        "15:04",
        "15:19",
        "15:34",
        "16:04",
        "16:19",
        "16:34",
        "17:04",
        "17:19",
        "17:34",
        "18:04",
        "18:24",
        "19:04",
        "19:23",
        "20:03",
        "20:23",
        "21:45"
    ],
    "saturday": [
        "5:35",
        "5:58",
        "6:18",
        "6:38",
        "7:19",
        "7:59",
        "8:19",
        "8:34",
        "9:04",
        "9:19",
        "9:34",
        "10:04",
        "10:19",
        "10:34",
        "11:04",
        "11:19",
        "11:34",
        "12:04",
        "12:19",
        "12:34",
        "13:04",
        "13:19",
        "13:34",
        "14:04",
        "14:19",
        "14:34",
        "15:04",
        "15:19",
        "15:34",
        "16:04",
        "16:19",
        "16:34",
        "17:04",
        "17:19",
        "17:34",
        "18:04",
        "18:24",
        "19:04",
        "19:23",
        "20:03",
        "21:38"
    ],
    "holiday": [
        "5:35",
        "5:58",
        "6:18",
        "6:38",
        "7:18",
        "7:58",
        "8:18",
        "8:33",
        "9:03",
        "9:19",
        "9:34",
        "10:04",
        "10:19",
        "10:34",
        "11:04",
        "11:19",
        "11:34",
        "12:04",
        "12:19",
        "12:34",
        "13:04",
        "13:19",
        "13:34",
        "14:04",
        "14:19",
        "14:34",
        "15:04",
        "15:19",
        "15:34",
        "16:04",
        "16:19",
        "16:34",
        "17:04",
        "17:19",
        "17:34",
        "18:04",
        "18:23",
        "19:03",
        "19:23",
        "20:03",
        "21:40"
    ],
    "url": "https://www.kanachu.co.jp/dia/diagram/timetable01_js/course:0000803245-10/node:00129424/kt:0/lname:/"
}
