{
    "date": "2024/07/08",
    "name": "第三小学校前(町田市)",
    "position": "-",
    "system": "町55",
    "destinations": [
        "菅原神社前(町田市)",
        "体育館前(町田市)",
        "町田郵便局前",
        "五間道路",
        "図書館前(町田市)",
        "中町一丁目(町田市)",
        "町田駅"
    ],
    "weekday": [
        "5:23",
        "5:37",
        "5:51",
        "6:05",
        "6:14",
        "6:24",
        "6:35",
        "6:44",
        "6:52",
        "7:00",
        "7:08",
        "7:23",
        "7:30",
        "7:38",
        "7:57",
        "8:07",
        "8:22",
        "8:34",
        "9:07",
        "9:21",
        "9:33",
        "10:06",
        "10:21",
        "10:35",
        "11:05",
        "11:20",
        "11:35",
        "12:05",
        "12:20",
        "12:35",
        "13:05",
        "13:20",
        "13:35",
        "14:05",
        "14:20",
        "14:35",
        "15:05",
        "15:20",
        "15:35",
        "16:05",
        "16:20",
        "16:35",
        "17:05",
        "17:20",
        "17:35",
        "18:05",
        "18:25",
        "19:05",
        "19:24",
        "20:04",
        "20:24",
        "21:46"
    ],
    "saturday": [
        "5:36",
        "5:59",
        "6:19",
        "6:39",
        "7:20",
        "8:00",
        "8:20",
        "8:35",
        "9:05",
        "9:20",
        "9:35",
        "10:05",
        "10:20",
        "10:35",
        "11:06",
        "11:21",
        "11:36",
        "12:06",
        "12:21",
        "12:36",
        "13:06",
        "13:21",
        "13:36",
        "14:06",
        "14:21",
        "14:36",
        "15:06",
        "15:21",
        "15:36",
        "16:06",
        "16:21",
        "16:36",
        "17:06",
        "17:21",
        "17:36",
        "18:06",
        "18:26",
        "19:05",
        "19:24",
        "20:04",
        "21:39"
    ],
    "holiday": [
        "5:36",
        "5:59",
        "6:19",
        "6:39",
        "7:19",
        "7:59",
        "8:19",
        "8:34",
        "9:04",
        "9:20",
        "9:35",
        "10:05",
        "10:20",
        "10:35",
        "11:06",
        "11:21",
        "11:36",
        "12:06",
        "12:21",
        "12:36",
        "13:06",
        "13:21",
        "13:36",
        "14:06",
        "14:21",
        "14:36",
        "15:06",
        "15:21",
        "15:36",
        "16:06",
        "16:21",
        "16:36",
        "17:06",
        "17:21",
        "17:36",
        "18:05",
        "18:24",
        "19:04",
        "19:24",
        "20:04",
        "21:41"
    ],
    "url": "https://www.kanachu.co.jp/dia/diagram/timetable01_js/course:0000803245-11/node:00129423/kt:0/lname:/"
}
