{
    "date": "2024/07/08",
    "name": "図書館前(町田市)",
    "position": "-",
    "system": "町55",
    "destinations": [
        "中町一丁目(町田市)",
        "町田駅"
    ],
    "weekday": [
        "5:28",
        "5:42",
        "5:56",
        "6:10",
        "6:19",
        "6:29",
        "6:41",
        "6:50",
        "6:58",
        "7:06",
        "7:14",
        "7:29",
        "7:36",
        "7:44",
        "8:03",
        "8:13",
        "8:28",
        "8:40",
        "9:13",
        "9:27",
        "9:39",
        "10:12",
        "10:27",
        "10:41",
        "11:11",
        "11:26",
        "11:41",
        "12:11",
        "12:26",
        "12:41",
        "13:11",
        "13:26",
        "13:41",
        "14:11",
        "14:26",
        "14:41",
        "15:11",
        "15:26",
        "15:41",
        "16:11",
        "16:26",
        "16:41",
        "17:11",
        "17:26",
        "17:41",
        "18:11",
        "18:31",
        "19:10",
        "19:29",
        "20:09",
        "20:29",
        "21:51"
    ],
    "saturday": [
        "5:41",
        "6:04",
        "6:24",
        "6:44",
        "7:26",
        "8:06",
        "8:26",
        "8:41",
        "9:11",
        "9:26",
        "9:41",
        "10:11",
        "10:26",
        "10:41",
        "11:12",
        "11:27",
        "11:42",
        "12:12",
        "12:27",
        "12:42",
        "13:12",
        "13:27",
        "13:42",
        "14:12",
        "14:27",
        "14:42",
        "15:12",
        "15:27",
        "15:42",
        "16:12",
        "16:27",
        "16:42",
        "17:12",
        "17:27",
        "17:42",
        "18:12",
        "18:32",
        "19:10",
        "19:29",
        "20:09",
        "21:44"
    ],
    "holiday": [
        "5:41",
        "6:04",
        "6:24",
        "6:44",
        "7:25",
        "8:05",
        "8:25",
        "8:40",
        "9:10",
        "9:26",
        "9:41",
        "10:11",
        "10:26",
        "10:41",
        "11:12",
        "11:27",
        "11:42",
        "12:12",
        "12:27",
        "12:42",
        "13:12",
        "13:27",
        "13:42",
        "14:12",
        "14:27",
        "14:42",
        "15:12",
        "15:27",
        "15:42",
        "16:12",
        "16:27",
        "16:42",
        "17:12",
        "17:27",
        "17:42",
        "18:10",
        "18:29",
        "19:09",
        "19:29",
        "20:09",
        "21:46"
    ],
    "url": "https://www.kanachu.co.jp/dia/diagram/timetable01_js/course:0000803245-16/node:00129483/kt:0/lname:/"
}
