{
    "date": "2024/07/08",
    "name": "中町一丁目(町田市)",
    "position": "-",
    "system": "町55",
    "destinations": [
        "町田駅"
    ],
    "weekday": [
        "5:30",
        "5:44",
        "5:58",
        "6:12",
        "6:21",
        "6:31",
        "6:43",
        "6:52",
        "7:00",
        "7:08",
        "7:16",
        "7:31",
        "7:38",
        "7:46",
        "8:05",
        "8:15",
        "8:30",
        "8:42",
        "9:15",
        "9:29",
        "9:41",
        "10:14",
        "10:29",
        "10:43",
        "11:13",
        "11:28",
        "11:43",
        "12:13",
        "12:28",
        "12:43",
        "13:13",
        "13:28",
        "13:43",
        "14:13",
        "14:28",
        "14:43",
        "15:13",
        "15:28",
        "15:43",
        "16:13",
        "16:28",
        "16:43",
        "17:13",
        "17:28",
        "17:43",
        "18:13",
        "18:33",
        "19:12",
        "19:31",
        "20:11",
        "20:31",
        "21:53"
    ],
    "saturday": [
        "5:43",
        "6:06",
        "6:26",
        "6:46",
        "7:28",
        "8:08",
        "8:28",
        "8:43",
        "9:13",
        "9:28",
        "9:43",
        "10:13",
        "10:28",
        "10:43",
        "11:14",
        "11:29",
        "11:44",
        "12:14",
        "12:29",
        "12:44",
        "13:14",
        "13:29",
        "13:44",
        "14:14",
        "14:29",
        "14:44",
        "15:14",
        "15:29",
        "15:44",
        "16:14",
        "16:29",
        "16:44",
        "17:14",
        "17:29",
        "17:44",
        "18:14",
        "18:34",
        "19:12",
        "19:31",
        "20:11",
        "21:46"
    ],
    "holiday": [
        "5:42",
        "6:05",
        "6:25",
        "6:45",
        "7:27",
        "8:07",
        "8:27",
        "8:42",
        "9:12",
        "9:28",
        "9:43",
        "10:13",
        "10:28",
        "10:43",
        "11:14",
        "11:29",
        "11:44",
        "12:14",
        "12:29",
        "12:44",
        "13:14",
        "13:29",
        "13:44",
        "14:14",
        "14:29",
        "14:44",
        "15:14",
        "15:29",
        "15:44",
        "16:14",
        "16:29",
        "16:44",
        "17:14",
        "17:29",
        "17:44",
        "18:12",
        "18:31",
        "19:11",
        "19:31",
        "20:10",
        "21:47"
    ],
    "url": "https://www.kanachu.co.jp/dia/diagram/timetable01_js/course:0000803245-17/node:00129484/kt:0/lname:/"
}
