{
    "system": "町55",
    "busstops": [
        {
            "index": "1",
            "id": "00129373",
            "name": "野津田車庫",
            "lat": "35.587182",
            "lng": "139.442865"
        },
        {
            "index": "2",
            "id": "00129431",
            "name": "田中入口",
            "lat": "35.587841",
            "lng": "139.446985"
        },
        {
            "index": "3",
            "id": "00129430",
            "name": "袋橋",
            "lat": "35.586733",
            "lng": "139.450126"
        },
        {
            "index": "4",
            "id": "00129429",
            "name": "野津田神社入口",
            "lat": "35.58517",
            "lng": "139.44956"
        },
        {
            "index": "5",
            "id": "00129428",
            "name": "薬師ヶ丘",
            "lat": "35.582441",
            "lng": "139.448881"
        },
        {
            "index": "6",
            "id": "00129427",
            "name": "薬師池",
            "lat": "35.576457",
            "lng": "139.448946"
        },
        {
            "index": "7",
            "id": "00130525",
            "name": "四季彩の杜西園前",
            "lat": "35.574547",
            "lng": "139.447218"
        },
        {
            "index": "8",
            "id": "00129426",
            "name": "今井谷戸",
            "lat": "35.571922",
            "lng": "139.443082"
        },
        {
            "index": "9",
            "id": "00129425",
            "name": "本町田",
            "lat": "35.569371",
            "lng": "139.442991"
        },
        {
            "index": "10",
            "id": "00129424",
            "name": "ひなた村",
            "lat": "35.5666",
            "lng": "139.444131"
        },
        {
            "index": "11",
            "id": "00129423",
            "name": "第三小学校前(町田市)",
            "lat": "35.562319",
            "lng": "139.445907"
        },
        {
            "index": "12",
            "id": "00129422",
            "name": "菅原神社前(町田市)",
            "lat": "35.559897",
            "lng": "139.448359"
        },
        {
            "index": "13",
            "id": "00129421",
            "name": "体育館前(町田市)",
            "lat": "35.556931",
            "lng": "139.448151"
        },
        {
            "index": "14",
            "id": "00129420",
            "name": "町田郵便局前",
            "lat": "35.554628",
            "lng": "139.444415"
        },
        {
            "index": "15",
            "id": "00129482",
            "name": "五間道路",
            "lat": "35.553317",
            "lng": "139.443277"
        },
        {
            "index": "16",
            "id": "00129483",
            "name": "図書館前(町田市)",
            "lat": "35.551615",
            "lng": "139.444787"
        },
        {
            "index": "17",
            "id": "00129484",
            "name": "中町一丁目(町田市)",
            "lat": "35.548265",
            "lng": "139.447487"
        },
        {
            "index": "18",
            "id": "00129416",
            "name": "町田駅",
            "lat": "35.545501",
            "lng": "139.445585"
        }
    ],
    "route_url": "https://www.kanachu.co.jp/dia/route/index/cid:0000803245/"
}
