{
    "date": "2023/02/18",
    "name": "古花水",
    "position": "-",
    "system": "平38",
    "destinations": [
        "桜ヶ丘公園(平塚市)",
        "桜ヶ丘",
        "上平塚",
        "神明下",
        "山下団地入口",
        "南河内(平塚市)",
        "高村団地入口",
        "坂間",
        "中沢橋",
        "寺前橋",
        "神戸(平塚市)",
        "山の神(平塚市)",
        "山入口",
        "吉浜(平塚市)",
        "飛谷津",
        "富士見台病院",
        "土沢農協前",
        "土沢中学校前",
        "妙円寺前",
        "神奈川大学"
    ],
    "weekday": [
        "7:56",
        "8:46",
        "10:21",
        "13:21",
        "14:36"
    ],
    "saturday": [
        "7:56",
        "8:26"
    ],
    "holiday": [],
    "url": "https://www.kanachu.co.jp/dia/diagram/timetable01_js/course:0000803266-7/node:00127470/kt:0/lname:/"
}
