{
    "date": "2023/02/18",
    "name": "坂間",
    "position": "-",
    "system": "平38",
    "destinations": [
        "中沢橋",
        "寺前橋",
        "神戸(平塚市)",
        "山の神(平塚市)",
        "山入口",
        "吉浜(平塚市)",
        "飛谷津",
        "富士見台病院",
        "土沢農協前",
        "土沢中学校前",
        "妙円寺前",
        "神奈川大学"
    ],
    "weekday": [
        "8:05",
        "8:55",
        "10:30",
        "13:30",
        "14:45"
    ],
    "saturday": [
        "8:05",
        "8:35"
    ],
    "holiday": [],
    "url": "https://www.kanachu.co.jp/dia/diagram/timetable01_js/course:0000803266-15/node:00127564/kt:0/lname:/"
}
