{
    "date": "2025/11/16",
    "name": "リバーサイド前(厚木市)",
    "position": "-",
    "system": "厚55",
    "destinations": [
        "酒井(厚木市)",
        "下酒井",
        "愛坪",
        "相川中学校前",
        "戸田(厚木市)",
        "中戸田",
        "下戸田(厚木市)",
        "大神(平塚市)",
        "真芳寺",
        "寄木神社前",
        "柳の内",
        "農協神田支所前",
        "相模神田",
        "神田小学校前(平塚市)",
        "田村車庫"
    ],
    "weekday": [
        "7:16",
        "7:26",
        "7:36",
        "7:46",
        "7:56",
        "8:11",
        "8:21",
        "8:32",
        "8:41",
        "8:51",
        "9:04",
        "9:19",
        "9:38",
        "9:53",
        "18:19",
        "18:29",
        "18:39",
        "18:44",
        "18:59",
        "19:04",
        "19:17",
        "19:56",
        "20:20",
        "20:42",
        "23:08",
        "23:41"
    ],
    "saturday": [
        "7:19",
        "7:39",
        "8:14",
        "8:24",
        "18:04",
        "18:24",
        "22:59"
    ],
    "holiday": [
        "22:59"
    ],
    "url": "https://www.kanachu.co.jp/dia/diagram/timetable01_js/course:0000801201-8/node:00127685/kt:0/lname:/"
}
