{
    "date": "2025/11/16",
    "name": "相川中学校前",
    "position": "-",
    "system": "厚55",
    "destinations": [
        "戸田(厚木市)",
        "中戸田",
        "下戸田(厚木市)",
        "大神(平塚市)",
        "真芳寺",
        "寄木神社前",
        "柳の内",
        "農協神田支所前",
        "相模神田",
        "神田小学校前(平塚市)",
        "田村車庫"
    ],
    "weekday": [
        "7:20",
        "7:30",
        "7:40",
        "7:50",
        "8:00",
        "8:15",
        "8:25",
        "8:36",
        "8:45",
        "8:55",
        "9:08",
        "9:23",
        "9:42",
        "9:57",
        "18:23",
        "18:33",
        "18:43",
        "18:48",
        "19:03",
        "19:08",
        "19:21",
        "20:00",
        "20:24",
        "20:46",
        "23:12",
        "23:45"
    ],
    "saturday": [
        "7:23",
        "7:43",
        "8:18",
        "8:28",
        "18:08",
        "18:28",
        "23:03"
    ],
    "holiday": [
        "23:03"
    ],
    "url": "https://www.kanachu.co.jp/dia/diagram/timetable01_js/course:0000801201-12/node:00128627/kt:0/lname:/"
}
