{
    "date": "2025/11/16",
    "name": "寄木神社前",
    "position": "-",
    "system": "厚55",
    "destinations": [
        "柳の内",
        "農協神田支所前",
        "相模神田",
        "神田小学校前(平塚市)",
        "田村車庫"
    ],
    "weekday": [
        "7:26",
        "7:36",
        "7:46",
        "7:56",
        "8:06",
        "8:21",
        "8:31",
        "8:42",
        "8:51",
        "9:01",
        "9:14",
        "9:29",
        "9:48",
        "10:03",
        "18:29",
        "18:39",
        "18:49",
        "18:54",
        "19:09",
        "19:14",
        "19:27",
        "20:06",
        "20:30",
        "20:52",
        "23:18",
        "23:51"
    ],
    "saturday": [
        "7:29",
        "7:49",
        "8:24",
        "8:34",
        "18:14",
        "18:34",
        "23:09"
    ],
    "holiday": [
        "23:09"
    ],
    "url": "https://www.kanachu.co.jp/dia/diagram/timetable01_js/course:0000801201-18/node:00127666/kt:0/lname:/"
}
