{
    "system": "厚55",
    "busstops": [
        {
            "index": "1",
            "id": "00128637",
            "name": "本厚木駅南口",
            "lat": "35.439189",
            "lng": "139.36487"
        },
        {
            "index": "2",
            "id": "00128636",
            "name": "旭町(厚木市)",
            "lat": "35.437735",
            "lng": "139.370363"
        },
        {
            "index": "3",
            "id": "00128635",
            "name": "下宿(厚木市)",
            "lat": "35.435346",
            "lng": "139.36834"
        },
        {
            "index": "4",
            "id": "00128643",
            "name": "富士見町(厚木市)",
            "lat": "35.430917",
            "lng": "139.368447"
        },
        {
            "index": "5",
            "id": "00128642",
            "name": "岡田一本杉",
            "lat": "35.428949",
            "lng": "139.369205"
        },
        {
            "index": "6",
            "id": "00128641",
            "name": "岡田(厚木市)",
            "lat": "35.424643",
            "lng": "139.368529"
        },
        {
            "index": "7",
            "id": "00128640",
            "name": "下岡田(厚木市)",
            "lat": "35.420292",
            "lng": "139.366075"
        },
        {
            "index": "8",
            "id": "00127685",
            "name": "リバーサイド前(厚木市)",
            "lat": "35.418236",
            "lng": "139.365643"
        },
        {
            "index": "9",
            "id": "00128328",
            "name": "酒井(厚木市)",
            "lat": "35.415277",
            "lng": "139.365559"
        },
        {
            "index": "10",
            "id": "00128626",
            "name": "下酒井",
            "lat": "35.412796",
            "lng": "139.36494"
        },
        {
            "index": "11",
            "id": "00128639",
            "name": "愛坪",
            "lat": "35.410006",
            "lng": "139.364336"
        },
        {
            "index": "12",
            "id": "00128627",
            "name": "相川中学校前",
            "lat": "35.40677",
            "lng": "139.366667"
        },
        {
            "index": "13",
            "id": "00128628",
            "name": "戸田(厚木市)",
            "lat": "35.404073",
            "lng": "139.366721"
        },
        {
            "index": "14",
            "id": "00128629",
            "name": "中戸田",
            "lat": "35.4012",
            "lng": "139.367035"
        },
        {
            "index": "15",
            "id": "00128630",
            "name": "下戸田(厚木市)",
            "lat": "35.396387",
            "lng": "139.37049"
        },
        {
            "index": "16",
            "id": "00128631",
            "name": "大神(平塚市)",
            "lat": "35.393352",
            "lng": "139.370444"
        },
        {
            "index": "17",
            "id": "00127667",
            "name": "真芳寺",
            "lat": "35.388778",
            "lng": "139.369449"
        },
        {
            "index": "18",
            "id": "00127666",
            "name": "寄木神社前",
            "lat": "35.386492",
            "lng": "139.366598"
        },
        {
            "index": "19",
            "id": "00127665",
            "name": "柳の内",
            "lat": "35.382879",
            "lng": "139.365127"
        },
        {
            "index": "20",
            "id": "00127664",
            "name": "農協神田支所前",
            "lat": "35.379461",
            "lng": "139.364943"
        },
        {
            "index": "21",
            "id": "00127663",
            "name": "相模神田",
            "lat": "35.37559",
            "lng": "139.365037"
        },
        {
            "index": "22",
            "id": "00127654",
            "name": "神田小学校前(平塚市)",
            "lat": "35.375863",
            "lng": "139.362529"
        },
        {
            "index": "23",
            "id": "00114295",
            "name": "田村車庫",
            "lat": "35.376016",
            "lng": "139.358556"
        }
    ],
    "route_url": "https://www.kanachu.co.jp/dia/route/index/cid:0000801201/"
}
