{
    "date": "2025/07/12",
    "name": "下屋敷(藤沢市)",
    "position": "-",
    "system": "藤51",
    "destinations": [
        "俣野原",
        "新田(藤沢市)",
        "亀井野団地入口",
        "藤沢翔陵高校前",
        "聖園女学院前",
        "白旗神社前",
        "藤沢市民病院",
        "本町消防出張所前",
        "藤沢公民館前",
        "遊行寺前",
        "遊行通り四丁目",
        "藤沢駅北口"
    ],
    "weekday": [
        "7:18",
        "7:48",
        "8:18",
        "8:43",
        "9:13",
        "10:13",
        "11:13",
        "12:13",
        "13:09",
        "14:08",
        "15:13",
        "16:13",
        "17:18",
        "18:20",
        "19:20",
        "20:14"
    ],
    "saturday": [
        "8:28",
        "9:08",
        "11:03",
        "12:03",
        "13:03",
        "14:03",
        "15:03",
        "16:07",
        "17:07",
        "18:07"
    ],
    "holiday": [
        "8:28",
        "9:08",
        "11:03",
        "12:03",
        "13:03",
        "14:03",
        "15:03",
        "16:07",
        "17:07",
        "18:07"
    ],
    "url": "https://www.kanachu.co.jp/dia/diagram/timetable01_js/course:0000800575-7/node:00129889/kt:0/lname:/"
}
