{
    "date": "2025/07/12",
    "name": "俣野原",
    "position": "-",
    "system": "藤51",
    "destinations": [
        "新田(藤沢市)",
        "亀井野団地入口",
        "藤沢翔陵高校前",
        "聖園女学院前",
        "白旗神社前",
        "藤沢市民病院",
        "本町消防出張所前",
        "藤沢公民館前",
        "遊行寺前",
        "遊行通り四丁目",
        "藤沢駅北口"
    ],
    "weekday": [
        "7:19",
        "7:49",
        "8:19",
        "8:44",
        "9:14",
        "10:14",
        "11:14",
        "12:14",
        "13:10",
        "14:09",
        "15:14",
        "16:14",
        "17:19",
        "18:21",
        "19:21",
        "20:15"
    ],
    "saturday": [
        "8:29",
        "9:09",
        "11:04",
        "12:04",
        "13:04",
        "14:04",
        "15:04",
        "16:08",
        "17:08",
        "18:08"
    ],
    "holiday": [
        "8:29",
        "9:09",
        "11:04",
        "12:04",
        "13:04",
        "14:04",
        "15:04",
        "16:08",
        "17:08",
        "18:08"
    ],
    "url": "https://www.kanachu.co.jp/dia/diagram/timetable01_js/course:0000800575-8/node:00127018/kt:0/lname:/"
}
