{
    "date": "2025/07/12",
    "name": "藤沢翔陵高校前",
    "position": "-",
    "system": "藤51",
    "destinations": [
        "聖園女学院前",
        "白旗神社前",
        "藤沢市民病院",
        "本町消防出張所前",
        "藤沢公民館前",
        "遊行寺前",
        "遊行通り四丁目",
        "藤沢駅北口"
    ],
    "weekday": [
        "7:25",
        "7:55",
        "8:25",
        "8:50",
        "9:20",
        "10:20",
        "11:20",
        "12:20",
        "13:16",
        "14:15",
        "15:20",
        "16:19",
        "17:24",
        "18:26",
        "19:26",
        "20:20"
    ],
    "saturday": [
        "8:34",
        "9:14",
        "11:10",
        "12:10",
        "13:10",
        "14:10",
        "15:09",
        "16:13",
        "17:13",
        "18:13"
    ],
    "holiday": [
        "8:34",
        "9:14",
        "11:10",
        "12:10",
        "13:10",
        "14:10",
        "15:09",
        "16:13",
        "17:13",
        "18:13"
    ],
    "url": "https://www.kanachu.co.jp/dia/diagram/timetable01_js/course:0000800575-11/node:00127015/kt:0/lname:/"
}
