{
    "date": "2025/07/12",
    "name": "白旗神社前",
    "position": "-",
    "system": "藤51",
    "destinations": [
        "藤沢市民病院",
        "本町消防出張所前",
        "藤沢公民館前",
        "遊行寺前",
        "遊行通り四丁目",
        "藤沢駅北口"
    ],
    "weekday": [
        "7:28",
        "7:58",
        "8:28",
        "8:53",
        "9:23",
        "10:23",
        "11:23",
        "12:23",
        "13:19",
        "14:18",
        "15:23",
        "16:22",
        "17:27",
        "18:29",
        "19:29",
        "20:23"
    ],
    "saturday": [
        "8:37",
        "9:17",
        "11:13",
        "12:13",
        "13:13",
        "14:13",
        "15:12",
        "16:16",
        "17:16",
        "18:16"
    ],
    "holiday": [
        "8:37",
        "9:17",
        "11:13",
        "12:13",
        "13:13",
        "14:13",
        "15:12",
        "16:16",
        "17:16",
        "18:16"
    ],
    "url": "https://www.kanachu.co.jp/dia/diagram/timetable01_js/course:0000800575-13/node:00127013/kt:0/lname:/"
}
