{
    "date": "2025/07/12",
    "name": "藤沢市民病院",
    "position": "-",
    "system": "藤51",
    "destinations": [
        "本町消防出張所前",
        "藤沢公民館前",
        "遊行寺前",
        "遊行通り四丁目",
        "藤沢駅北口"
    ],
    "weekday": [
        "7:32",
        "8:02",
        "8:32",
        "8:57",
        "9:28",
        "10:28",
        "11:28",
        "12:28",
        "13:24",
        "14:23",
        "15:28",
        "16:26",
        "17:31",
        "18:32",
        "19:32",
        "20:26"
    ],
    "saturday": [
        "8:41",
        "9:21",
        "11:18",
        "12:18",
        "13:18",
        "14:18",
        "15:16",
        "16:20",
        "17:20",
        "18:19"
    ],
    "holiday": [
        "8:41",
        "9:21",
        "11:18",
        "12:18",
        "13:18",
        "14:18",
        "15:16",
        "16:20",
        "17:20",
        "18:19"
    ],
    "url": "https://www.kanachu.co.jp/dia/diagram/timetable01_js/course:0000800575-14/node:00127108/kt:0/lname:/"
}
