{
    "date": "2025/07/12",
    "name": "遊行寺前",
    "position": "-",
    "system": "藤51",
    "destinations": [
        "遊行通り四丁目",
        "藤沢駅北口"
    ],
    "weekday": [
        "7:36",
        "8:06",
        "8:36",
        "9:01",
        "9:32",
        "10:32",
        "11:32",
        "12:32",
        "13:28",
        "14:27",
        "15:32",
        "16:30",
        "17:35",
        "18:36",
        "19:36",
        "20:30"
    ],
    "saturday": [
        "8:45",
        "9:25",
        "11:22",
        "12:22",
        "13:22",
        "14:22",
        "15:20",
        "16:24",
        "17:24",
        "18:23"
    ],
    "holiday": [
        "8:45",
        "9:25",
        "11:22",
        "12:22",
        "13:22",
        "14:22",
        "15:20",
        "16:24",
        "17:24",
        "18:23"
    ],
    "url": "https://www.kanachu.co.jp/dia/diagram/timetable01_js/course:0000800575-17/node:00127009/kt:0/lname:/"
}
