{
    "date": "2024/11/16",
    "name": "高山(藤沢市)",
    "position": "-",
    "system": "藤02",
    "destinations": [
        "NOK前",
        "上村橋",
        "上村(藤沢市)",
        "烏森公園前",
        "湘南高校通り",
        "日本精工北門",
        "養老院前",
        "相生町(藤沢市)",
        "三富士町",
        "藤沢駅北口"
    ],
    "weekday": [
        "5:45",
        "6:00",
        "6:15",
        "6:25",
        "6:35",
        "6:45",
        "7:05",
        "7:45",
        "8:05",
        "8:20",
        "8:35",
        "8:50",
        "9:07",
        "9:25",
        "9:55",
        "10:10",
        "10:25",
        "10:55",
        "11:10",
        "11:25",
        "12:00",
        "12:20",
        "13:00",
        "13:25",
        "14:05",
        "14:25",
        "15:05",
        "15:25",
        "16:05",
        "16:25",
        "17:05",
        "17:25",
        "18:05",
        "18:25",
        "19:15",
        "20:15",
        "21:10"
    ],
    "saturday": [
        "5:45",
        "6:20",
        "6:50",
        "7:10",
        "7:30",
        "7:50",
        "8:10",
        "8:30",
        "9:09",
        "9:30",
        "9:50",
        "10:10",
        "10:31",
        "11:13",
        "11:33",
        "11:53",
        "12:13",
        "12:33",
        "13:13",
        "13:33",
        "13:53",
        "14:13",
        "14:33",
        "15:13",
        "15:33",
        "15:54",
        "16:14",
        "16:34",
        "17:14",
        "17:34",
        "17:54",
        "18:14",
        "18:34",
        "19:20",
        "20:20",
        "21:10"
    ],
    "holiday": [
        "5:45",
        "6:20",
        "6:50",
        "7:10",
        "7:30",
        "7:50",
        "8:10",
        "8:30",
        "9:09",
        "9:30",
        "9:50",
        "10:10",
        "10:31",
        "11:13",
        "11:33",
        "11:53",
        "12:13",
        "12:33",
        "13:13",
        "13:33",
        "13:53",
        "14:13",
        "14:33",
        "15:13",
        "15:33",
        "15:54",
        "16:14",
        "16:34",
        "17:14",
        "17:34",
        "17:54",
        "18:14",
        "18:34",
        "19:20",
        "20:20",
        "21:10"
    ],
    "url": "https://www.kanachu.co.jp/dia/diagram/timetable01_js/course:0000800241-2/node:00127042/kt:0/lname:/"
}
