{
    "date": "2024/11/16",
    "name": "NOK前",
    "position": "-",
    "system": "藤02",
    "destinations": [
        "上村橋",
        "上村(藤沢市)",
        "烏森公園前",
        "湘南高校通り",
        "日本精工北門",
        "養老院前",
        "相生町(藤沢市)",
        "三富士町",
        "藤沢駅北口"
    ],
    "weekday": [
        "5:46",
        "6:01",
        "6:16",
        "6:26",
        "6:36",
        "6:46",
        "7:06",
        "7:46",
        "8:06",
        "8:21",
        "8:36",
        "8:51",
        "9:08",
        "9:26",
        "9:56",
        "10:11",
        "10:26",
        "10:56",
        "11:11",
        "11:26",
        "12:01",
        "12:21",
        "13:01",
        "13:26",
        "14:06",
        "14:26",
        "15:06",
        "15:26",
        "16:06",
        "16:26",
        "17:06",
        "17:26",
        "18:06",
        "18:26",
        "19:16",
        "20:16",
        "21:11"
    ],
    "saturday": [
        "5:46",
        "6:21",
        "6:51",
        "7:11",
        "7:31",
        "7:51",
        "8:11",
        "8:31",
        "9:10",
        "9:31",
        "9:51",
        "10:11",
        "10:32",
        "11:14",
        "11:34",
        "11:54",
        "12:14",
        "12:34",
        "13:14",
        "13:34",
        "13:54",
        "14:14",
        "14:34",
        "15:14",
        "15:34",
        "15:55",
        "16:15",
        "16:35",
        "17:15",
        "17:35",
        "17:55",
        "18:15",
        "18:35",
        "19:21",
        "20:21",
        "21:11"
    ],
    "holiday": [
        "5:46",
        "6:21",
        "6:51",
        "7:11",
        "7:31",
        "7:51",
        "8:11",
        "8:31",
        "9:10",
        "9:31",
        "9:51",
        "10:11",
        "10:32",
        "11:14",
        "11:34",
        "11:54",
        "12:14",
        "12:34",
        "13:14",
        "13:34",
        "13:54",
        "14:14",
        "14:34",
        "15:14",
        "15:34",
        "15:55",
        "16:15",
        "16:35",
        "17:15",
        "17:35",
        "17:55",
        "18:15",
        "18:35",
        "19:21",
        "20:21",
        "21:11"
    ],
    "url": "https://www.kanachu.co.jp/dia/diagram/timetable01_js/course:0000800241-3/node:00127083/kt:0/lname:/"
}
