{
    "date": "2024/11/16",
    "name": "上村(藤沢市)",
    "position": "-",
    "system": "藤02",
    "destinations": [
        "烏森公園前",
        "湘南高校通り",
        "日本精工北門",
        "養老院前",
        "相生町(藤沢市)",
        "三富士町",
        "藤沢駅北口"
    ],
    "weekday": [
        "5:48",
        "6:03",
        "6:18",
        "6:28",
        "6:38",
        "6:48",
        "7:08",
        "7:48",
        "8:08",
        "8:23",
        "8:38",
        "8:53",
        "9:10",
        "9:28",
        "9:58",
        "10:13",
        "10:28",
        "10:58",
        "11:13",
        "11:28",
        "12:03",
        "12:23",
        "13:03",
        "13:28",
        "14:08",
        "14:28",
        "15:08",
        "15:28",
        "16:08",
        "16:28",
        "17:08",
        "17:28",
        "18:08",
        "18:28",
        "19:18",
        "20:18",
        "21:13"
    ],
    "saturday": [
        "5:48",
        "6:23",
        "6:53",
        "7:13",
        "7:33",
        "7:53",
        "8:13",
        "8:33",
        "9:12",
        "9:33",
        "9:53",
        "10:13",
        "10:34",
        "11:16",
        "11:36",
        "11:56",
        "12:16",
        "12:36",
        "13:16",
        "13:36",
        "13:56",
        "14:16",
        "14:36",
        "15:16",
        "15:36",
        "15:57",
        "16:17",
        "16:37",
        "17:17",
        "17:37",
        "17:57",
        "18:17",
        "18:37",
        "19:23",
        "20:23",
        "21:13"
    ],
    "holiday": [
        "5:48",
        "6:23",
        "6:53",
        "7:13",
        "7:33",
        "7:53",
        "8:13",
        "8:33",
        "9:12",
        "9:33",
        "9:53",
        "10:13",
        "10:34",
        "11:16",
        "11:36",
        "11:56",
        "12:16",
        "12:36",
        "13:16",
        "13:36",
        "13:56",
        "14:16",
        "14:36",
        "15:16",
        "15:36",
        "15:57",
        "16:17",
        "16:37",
        "17:17",
        "17:37",
        "17:57",
        "18:17",
        "18:37",
        "19:23",
        "20:23",
        "21:13"
    ],
    "url": "https://www.kanachu.co.jp/dia/diagram/timetable01_js/course:0000800241-5/node:00127081/kt:0/lname:/"
}
