{
    "date": "2024/11/16",
    "name": "烏森公園前",
    "position": "-",
    "system": "藤02",
    "destinations": [
        "湘南高校通り",
        "日本精工北門",
        "養老院前",
        "相生町(藤沢市)",
        "三富士町",
        "藤沢駅北口"
    ],
    "weekday": [
        "5:48",
        "6:03",
        "6:18",
        "6:28",
        "6:38",
        "6:48",
        "7:09",
        "7:49",
        "8:09",
        "8:24",
        "8:39",
        "8:54",
        "9:11",
        "9:29",
        "9:59",
        "10:14",
        "10:29",
        "10:59",
        "11:14",
        "11:29",
        "12:04",
        "12:24",
        "13:04",
        "13:29",
        "14:09",
        "14:29",
        "15:09",
        "15:29",
        "16:09",
        "16:29",
        "17:09",
        "17:29",
        "18:08",
        "18:28",
        "19:18",
        "20:18",
        "21:13"
    ],
    "saturday": [
        "5:48",
        "6:23",
        "6:53",
        "7:13",
        "7:33",
        "7:53",
        "8:14",
        "8:34",
        "9:13",
        "9:34",
        "9:54",
        "10:14",
        "10:35",
        "11:17",
        "11:37",
        "11:57",
        "12:17",
        "12:37",
        "13:17",
        "13:37",
        "13:57",
        "14:17",
        "14:37",
        "15:17",
        "15:37",
        "15:58",
        "16:18",
        "16:38",
        "17:18",
        "17:38",
        "17:58",
        "18:17",
        "18:37",
        "19:23",
        "20:23",
        "21:13"
    ],
    "holiday": [
        "5:48",
        "6:23",
        "6:53",
        "7:13",
        "7:33",
        "7:53",
        "8:14",
        "8:34",
        "9:13",
        "9:34",
        "9:54",
        "10:14",
        "10:35",
        "11:17",
        "11:37",
        "11:57",
        "12:17",
        "12:37",
        "13:17",
        "13:37",
        "13:57",
        "14:17",
        "14:37",
        "15:17",
        "15:37",
        "15:58",
        "16:18",
        "16:38",
        "17:18",
        "17:38",
        "17:58",
        "18:17",
        "18:37",
        "19:23",
        "20:23",
        "21:13"
    ],
    "url": "https://www.kanachu.co.jp/dia/diagram/timetable01_js/course:0000800241-6/node:00127080/kt:0/lname:/"
}
