{
    "date": "2024/11/16",
    "name": "養老院前",
    "position": "-",
    "system": "藤02",
    "destinations": [
        "相生町(藤沢市)",
        "三富士町",
        "藤沢駅北口"
    ],
    "weekday": [
        "5:51",
        "6:06",
        "6:21",
        "6:31",
        "6:41",
        "6:51",
        "7:12",
        "7:52",
        "8:12",
        "8:27",
        "8:42",
        "8:57",
        "9:14",
        "9:32",
        "10:02",
        "10:17",
        "10:32",
        "11:02",
        "11:17",
        "11:32",
        "12:07",
        "12:27",
        "13:07",
        "13:32",
        "14:12",
        "14:32",
        "15:12",
        "15:32",
        "16:12",
        "16:32",
        "17:12",
        "17:32",
        "18:11",
        "18:31",
        "19:21",
        "20:21",
        "21:16"
    ],
    "saturday": [
        "5:51",
        "6:26",
        "6:56",
        "7:16",
        "7:36",
        "7:56",
        "8:17",
        "8:37",
        "9:16",
        "9:37",
        "9:57",
        "10:17",
        "10:38",
        "11:20",
        "11:40",
        "12:00",
        "12:20",
        "12:40",
        "13:20",
        "13:40",
        "14:00",
        "14:20",
        "14:40",
        "15:20",
        "15:40",
        "16:01",
        "16:21",
        "16:41",
        "17:21",
        "17:41",
        "18:01",
        "18:20",
        "18:40",
        "19:26",
        "20:26",
        "21:16"
    ],
    "holiday": [
        "5:51",
        "6:26",
        "6:56",
        "7:16",
        "7:36",
        "7:56",
        "8:17",
        "8:37",
        "9:16",
        "9:37",
        "9:57",
        "10:17",
        "10:38",
        "11:20",
        "11:40",
        "12:00",
        "12:20",
        "12:40",
        "13:20",
        "13:40",
        "14:00",
        "14:20",
        "14:40",
        "15:20",
        "15:40",
        "16:01",
        "16:21",
        "16:41",
        "17:21",
        "17:41",
        "18:01",
        "18:20",
        "18:40",
        "19:26",
        "20:26",
        "21:16"
    ],
    "url": "https://www.kanachu.co.jp/dia/diagram/timetable01_js/course:0000800241-9/node:00127077/kt:0/lname:/"
}
