{
    "date": "2024/11/16",
    "name": "相生町(藤沢市)",
    "position": "-",
    "system": "藤02",
    "destinations": [
        "三富士町",
        "藤沢駅北口"
    ],
    "weekday": [
        "5:52",
        "6:07",
        "6:22",
        "6:32",
        "6:42",
        "6:52",
        "7:13",
        "7:53",
        "8:13",
        "8:28",
        "8:43",
        "8:58",
        "9:15",
        "9:33",
        "10:03",
        "10:18",
        "10:33",
        "11:03",
        "11:18",
        "11:33",
        "12:08",
        "12:28",
        "13:08",
        "13:33",
        "14:13",
        "14:33",
        "15:13",
        "15:33",
        "16:13",
        "16:33",
        "17:13",
        "17:33",
        "18:12",
        "18:32",
        "19:22",
        "20:22",
        "21:17"
    ],
    "saturday": [
        "5:52",
        "6:27",
        "6:57",
        "7:17",
        "7:37",
        "7:57",
        "8:18",
        "8:38",
        "9:17",
        "9:38",
        "9:58",
        "10:18",
        "10:39",
        "11:21",
        "11:41",
        "12:01",
        "12:21",
        "12:41",
        "13:21",
        "13:41",
        "14:01",
        "14:21",
        "14:41",
        "15:21",
        "15:41",
        "16:02",
        "16:22",
        "16:42",
        "17:22",
        "17:42",
        "18:02",
        "18:21",
        "18:41",
        "19:27",
        "20:27",
        "21:17"
    ],
    "holiday": [
        "5:52",
        "6:27",
        "6:57",
        "7:17",
        "7:37",
        "7:57",
        "8:18",
        "8:38",
        "9:17",
        "9:38",
        "9:58",
        "10:18",
        "10:39",
        "11:21",
        "11:41",
        "12:01",
        "12:21",
        "12:41",
        "13:21",
        "13:41",
        "14:01",
        "14:21",
        "14:41",
        "15:21",
        "15:41",
        "16:02",
        "16:22",
        "16:42",
        "17:22",
        "17:42",
        "18:02",
        "18:21",
        "18:41",
        "19:27",
        "20:27",
        "21:17"
    ],
    "url": "https://www.kanachu.co.jp/dia/diagram/timetable01_js/course:0000800241-10/node:00126972/kt:0/lname:/"
}
