{
    "date": "2024/11/16",
    "name": "三富士町",
    "position": "-",
    "system": "藤02",
    "destinations": [
        "藤沢駅北口"
    ],
    "weekday": [
        "5:53",
        "6:08",
        "6:23",
        "6:33",
        "6:43",
        "6:53",
        "7:14",
        "7:54",
        "8:14",
        "8:29",
        "8:44",
        "8:59",
        "9:16",
        "9:34",
        "10:04",
        "10:19",
        "10:34",
        "11:04",
        "11:19",
        "11:34",
        "12:09",
        "12:29",
        "13:09",
        "13:34",
        "14:14",
        "14:34",
        "15:14",
        "15:34",
        "16:14",
        "16:34",
        "17:14",
        "17:34",
        "18:13",
        "18:33",
        "19:23",
        "20:23",
        "21:18"
    ],
    "saturday": [
        "5:53",
        "6:28",
        "6:58",
        "7:18",
        "7:38",
        "7:58",
        "8:19",
        "8:39",
        "9:18",
        "9:39",
        "9:59",
        "10:19",
        "10:40",
        "11:22",
        "11:42",
        "12:02",
        "12:22",
        "12:42",
        "13:22",
        "13:42",
        "14:02",
        "14:22",
        "14:42",
        "15:22",
        "15:42",
        "16:03",
        "16:23",
        "16:43",
        "17:23",
        "17:43",
        "18:03",
        "18:22",
        "18:42",
        "19:28",
        "20:28",
        "21:18"
    ],
    "holiday": [
        "5:53",
        "6:28",
        "6:58",
        "7:18",
        "7:38",
        "7:58",
        "8:19",
        "8:39",
        "9:18",
        "9:39",
        "9:59",
        "10:19",
        "10:40",
        "11:22",
        "11:42",
        "12:02",
        "12:22",
        "12:42",
        "13:22",
        "13:42",
        "14:02",
        "14:22",
        "14:42",
        "15:22",
        "15:42",
        "16:03",
        "16:23",
        "16:43",
        "17:23",
        "17:43",
        "18:03",
        "18:22",
        "18:42",
        "19:28",
        "20:28",
        "21:18"
    ],
    "url": "https://www.kanachu.co.jp/dia/diagram/timetable01_js/course:0000800241-11/node:00126971/kt:0/lname:/"
}
