{
    "date": "2025/05/11",
    "name": "大川橋(秦野市)",
    "position": "-",
    "system": "秦27",
    "destinations": [
        "上宿通り",
        "仲宿(秦野市)",
        "下宿(秦野市)",
        "末広小学校前",
        "落合(秦野市)",
        "神奈川病院",
        "上落合(秦野市)",
        "東ノ原",
        "東農協前",
        "東田原(秦野市)",
        "朝日神社前",
        "中庭",
        "谷戸入口(秦野市)",
        "東田原神社前",
        "東田原下宿",
        "井ノ城",
        "くず葉台",
        "九沢",
        "北原(秦野市)",
        "ジョイフルタウン",
        "仲宿(秦野市)",
        "上宿通り",
        "大川橋(秦野市)",
        "まほろば大橋",
        "秦野駅"
    ],
    "weekday": [
        "7:26",
        "7:46",
        "8:06",
        "9:06",
        "10:06",
        "11:06",
        "12:06",
        "13:06",
        "14:12",
        "15:06",
        "16:01",
        "17:01",
        "18:01",
        "19:01",
        "20:06"
    ],
    "saturday": [
        "8:11",
        "9:11",
        "10:11",
        "11:11",
        "12:11",
        "13:11",
        "14:11",
        "15:11",
        "16:11",
        "17:01",
        "18:01",
        "19:01"
    ],
    "holiday": [
        "8:11",
        "9:11",
        "10:11",
        "11:11",
        "12:11",
        "13:11",
        "14:11",
        "15:11",
        "16:11",
        "17:01",
        "18:01",
        "19:01"
    ],
    "url": "https://www.kanachu.co.jp/dia/diagram/timetable01_js/course:0000800381-2/node:00127716/kt:0/lname:/"
}
