{
    "date": "2025/05/11",
    "name": "落合(秦野市)",
    "position": "-",
    "system": "秦27",
    "destinations": [
        "神奈川病院",
        "上落合(秦野市)",
        "東ノ原",
        "東農協前",
        "東田原(秦野市)",
        "朝日神社前",
        "中庭",
        "谷戸入口(秦野市)",
        "東田原神社前",
        "東田原下宿",
        "井ノ城",
        "くず葉台",
        "九沢",
        "北原(秦野市)",
        "ジョイフルタウン",
        "仲宿(秦野市)",
        "上宿通り",
        "大川橋(秦野市)",
        "まほろば大橋",
        "秦野駅"
    ],
    "weekday": [
        "7:33",
        "7:53",
        "8:13",
        "9:13",
        "10:13",
        "11:13",
        "12:13",
        "13:13",
        "14:19",
        "15:13",
        "16:08",
        "17:08",
        "18:08",
        "19:07",
        "20:12"
    ],
    "saturday": [
        "8:18",
        "9:18",
        "10:18",
        "11:18",
        "12:18",
        "13:18",
        "14:18",
        "15:18",
        "16:18",
        "17:08",
        "18:07",
        "19:07"
    ],
    "holiday": [
        "8:18",
        "9:18",
        "10:18",
        "11:18",
        "12:18",
        "13:18",
        "14:18",
        "15:18",
        "16:18",
        "17:08",
        "18:07",
        "19:07"
    ],
    "url": "https://www.kanachu.co.jp/dia/diagram/timetable01_js/course:0000800381-7/node:00127874/kt:0/lname:/"
}
