{
    "date": "2025/05/11",
    "name": "神奈川病院",
    "position": "-",
    "system": "秦27",
    "destinations": [
        "上落合(秦野市)",
        "東ノ原",
        "東農協前",
        "東田原(秦野市)",
        "朝日神社前",
        "中庭",
        "谷戸入口(秦野市)",
        "東田原神社前",
        "東田原下宿",
        "井ノ城",
        "くず葉台",
        "九沢",
        "北原(秦野市)",
        "ジョイフルタウン",
        "仲宿(秦野市)",
        "上宿通り",
        "大川橋(秦野市)",
        "まほろば大橋",
        "秦野駅"
    ],
    "weekday": [
        "7:39",
        "7:59",
        "8:19",
        "9:19",
        "10:19",
        "11:19",
        "12:19",
        "13:19",
        "14:25",
        "15:19",
        "16:14",
        "17:14",
        "18:14",
        "19:12",
        "20:17"
    ],
    "saturday": [
        "8:24",
        "9:24",
        "10:24",
        "11:24",
        "12:24",
        "13:24",
        "14:24",
        "15:24",
        "16:24",
        "17:14",
        "18:12",
        "19:12"
    ],
    "holiday": [
        "8:24",
        "9:24",
        "10:24",
        "11:24",
        "12:24",
        "13:24",
        "14:24",
        "15:24",
        "16:24",
        "17:14",
        "18:12",
        "19:12"
    ],
    "url": "https://www.kanachu.co.jp/dia/diagram/timetable01_js/course:0000800381-8/node:00127875/kt:0/lname:/"
}
