{
    "date": "2025/05/11",
    "name": "東田原(秦野市)",
    "position": "-",
    "system": "秦27",
    "destinations": [
        "朝日神社前",
        "中庭",
        "谷戸入口(秦野市)",
        "東田原神社前",
        "東田原下宿",
        "井ノ城",
        "くず葉台",
        "九沢",
        "北原(秦野市)",
        "ジョイフルタウン",
        "仲宿(秦野市)",
        "上宿通り",
        "大川橋(秦野市)",
        "まほろば大橋",
        "秦野駅"
    ],
    "weekday": [
        "7:44",
        "8:04",
        "8:24",
        "9:24",
        "10:24",
        "11:24",
        "12:24",
        "13:24",
        "14:30",
        "15:24",
        "16:19",
        "17:19",
        "18:19",
        "19:17",
        "20:22"
    ],
    "saturday": [
        "8:29",
        "9:29",
        "10:29",
        "11:29",
        "12:29",
        "13:29",
        "14:29",
        "15:29",
        "16:29",
        "17:19",
        "18:17",
        "19:17"
    ],
    "holiday": [
        "8:29",
        "9:29",
        "10:29",
        "11:29",
        "12:29",
        "13:29",
        "14:29",
        "15:29",
        "16:29",
        "17:19",
        "18:17",
        "19:17"
    ],
    "url": "https://www.kanachu.co.jp/dia/diagram/timetable01_js/course:0000800381-12/node:00127872/kt:0/lname:/"
}
