{
    "date": "2025/05/11",
    "name": "朝日神社前",
    "position": "-",
    "system": "秦27",
    "destinations": [
        "中庭",
        "谷戸入口(秦野市)",
        "東田原神社前",
        "東田原下宿",
        "井ノ城",
        "くず葉台",
        "九沢",
        "北原(秦野市)",
        "ジョイフルタウン",
        "仲宿(秦野市)",
        "上宿通り",
        "大川橋(秦野市)",
        "まほろば大橋",
        "秦野駅"
    ],
    "weekday": [
        "7:45",
        "8:05",
        "8:25",
        "9:25",
        "10:25",
        "11:25",
        "12:25",
        "13:25",
        "14:31",
        "15:25",
        "16:20",
        "17:20",
        "18:20",
        "19:18",
        "20:23"
    ],
    "saturday": [
        "8:30",
        "9:30",
        "10:30",
        "11:30",
        "12:30",
        "13:30",
        "14:30",
        "15:30",
        "16:30",
        "17:20",
        "18:18",
        "19:18"
    ],
    "holiday": [
        "8:30",
        "9:30",
        "10:30",
        "11:30",
        "12:30",
        "13:30",
        "14:30",
        "15:30",
        "16:30",
        "17:20",
        "18:18",
        "19:18"
    ],
    "url": "https://www.kanachu.co.jp/dia/diagram/timetable01_js/course:0000800381-13/node:00127871/kt:0/lname:/"
}
