{
    "date": "2025/05/11",
    "name": "東田原下宿",
    "position": "-",
    "system": "秦27",
    "destinations": [
        "井ノ城",
        "くず葉台",
        "九沢",
        "北原(秦野市)",
        "ジョイフルタウン",
        "仲宿(秦野市)",
        "上宿通り",
        "大川橋(秦野市)",
        "まほろば大橋",
        "秦野駅"
    ],
    "weekday": [
        "7:48",
        "8:08",
        "8:28",
        "9:28",
        "10:28",
        "11:28",
        "12:28",
        "13:28",
        "14:34",
        "15:28",
        "16:23",
        "17:23",
        "18:23",
        "19:21",
        "20:26"
    ],
    "saturday": [
        "8:33",
        "9:33",
        "10:33",
        "11:33",
        "12:33",
        "13:33",
        "14:33",
        "15:33",
        "16:33",
        "17:23",
        "18:21",
        "19:21"
    ],
    "holiday": [
        "8:33",
        "9:33",
        "10:33",
        "11:33",
        "12:33",
        "13:33",
        "14:33",
        "15:33",
        "16:33",
        "17:23",
        "18:21",
        "19:21"
    ],
    "url": "https://www.kanachu.co.jp/dia/diagram/timetable01_js/course:0000800381-17/node:00127867/kt:0/lname:/"
}
