{
    "date": "2025/05/11",
    "name": "井ノ城",
    "position": "-",
    "system": "秦27",
    "destinations": [
        "くず葉台",
        "九沢",
        "北原(秦野市)",
        "ジョイフルタウン",
        "仲宿(秦野市)",
        "上宿通り",
        "大川橋(秦野市)",
        "まほろば大橋",
        "秦野駅"
    ],
    "weekday": [
        "7:50",
        "8:10",
        "8:30",
        "9:30",
        "10:30",
        "11:30",
        "12:30",
        "13:30",
        "14:36",
        "15:30",
        "16:25",
        "17:25",
        "18:25",
        "19:22",
        "20:27"
    ],
    "saturday": [
        "8:35",
        "9:35",
        "10:35",
        "11:35",
        "12:35",
        "13:35",
        "14:35",
        "15:35",
        "16:35",
        "17:25",
        "18:22",
        "19:22"
    ],
    "holiday": [
        "8:35",
        "9:35",
        "10:35",
        "11:35",
        "12:35",
        "13:35",
        "14:35",
        "15:35",
        "16:35",
        "17:25",
        "18:22",
        "19:22"
    ],
    "url": "https://www.kanachu.co.jp/dia/diagram/timetable01_js/course:0000800381-18/node:00127866/kt:0/lname:/"
}
