{
    "date": "2025/05/11",
    "name": "くず葉台",
    "position": "-",
    "system": "秦27",
    "destinations": [
        "九沢",
        "北原(秦野市)",
        "ジョイフルタウン",
        "仲宿(秦野市)",
        "上宿通り",
        "大川橋(秦野市)",
        "まほろば大橋",
        "秦野駅"
    ],
    "weekday": [
        "7:51",
        "8:11",
        "8:31",
        "9:31",
        "10:31",
        "11:31",
        "12:31",
        "13:31",
        "14:37",
        "15:31",
        "16:26",
        "17:26",
        "18:26",
        "19:23",
        "20:28"
    ],
    "saturday": [
        "8:36",
        "9:36",
        "10:36",
        "11:36",
        "12:36",
        "13:36",
        "14:36",
        "15:36",
        "16:36",
        "17:26",
        "18:23",
        "19:23"
    ],
    "holiday": [
        "8:36",
        "9:36",
        "10:36",
        "11:36",
        "12:36",
        "13:36",
        "14:36",
        "15:36",
        "16:36",
        "17:26",
        "18:23",
        "19:23"
    ],
    "url": "https://www.kanachu.co.jp/dia/diagram/timetable01_js/course:0000800381-19/node:00127865/kt:0/lname:/"
}
