{
    "date": "2012/09/25",
    "name": "西八王子駅入口",
    "position": "-",
    "system": "八07",
    "destinations": [
        "千人町一丁目",
        "追分(八王子市)",
        "本郷横丁",
        "織物組合前",
        "八日町四丁目",
        "八日町一丁目",
        "横山町三丁目",
        "横山町(八王子市)",
        "八王子駅北口"
    ],
    "weekday": [
        "9:22",
        "12:28"
    ],
    "saturday": [
        "9:22",
        "12:28",
        "16:51"
    ],
    "holiday": [
        "9:22",
        "12:28",
        "16:51"
    ],
    "url": "https://www.kanachu.co.jp/dia/diagram/timetable01_js/course:0000801319-29/node:00020679/kt:0/lname:/"
}
