{
    "date": "2012/09/25",
    "name": "千人町一丁目",
    "position": "-",
    "system": "八07",
    "destinations": [
        "追分(八王子市)",
        "本郷横丁",
        "織物組合前",
        "八日町四丁目",
        "八日町一丁目",
        "横山町三丁目",
        "横山町(八王子市)",
        "八王子駅北口"
    ],
    "weekday": [
        "9:23",
        "12:29"
    ],
    "saturday": [
        "9:23",
        "12:29",
        "16:52"
    ],
    "holiday": [
        "9:23",
        "12:29",
        "16:52"
    ],
    "url": "https://www.kanachu.co.jp/dia/diagram/timetable01_js/course:0000801319-30/node:00020710/kt:0/lname:/"
}
