{
    "date": "2012/09/25",
    "name": "本郷横丁",
    "position": "-",
    "system": "八07",
    "destinations": [
        "織物組合前",
        "八日町四丁目",
        "八日町一丁目",
        "横山町三丁目",
        "横山町(八王子市)",
        "八王子駅北口"
    ],
    "weekday": [
        "9:26",
        "12:32"
    ],
    "saturday": [
        "9:26",
        "12:32",
        "16:55"
    ],
    "holiday": [
        "9:26",
        "12:32",
        "16:55"
    ],
    "url": "https://www.kanachu.co.jp/dia/diagram/timetable01_js/course:0000801319-32/node:00128941/kt:0/lname:/"
}
