{
    "date": "2025/03/15",
    "name": "遠藤永山",
    "position": "-",
    "system": "湘12",
    "destinations": [
        "駒寄住宅北",
        "一ノ坪",
        "石川橋",
        "鍛冶山",
        "石川中村",
        "石川山田",
        "南桐原",
        "北警察署前(藤沢市)",
        "湘南台駅東口"
    ],
    "weekday": [
        "6:05",
        "7:25",
        "8:25",
        "9:45",
        "11:05",
        "12:25",
        "13:45",
        "15:05",
        "16:25",
        "17:45",
        "19:05"
    ],
    "saturday": [
        "7:25",
        "8:45",
        "10:05",
        "11:25",
        "12:45",
        "14:05",
        "15:25",
        "16:45",
        "18:05"
    ],
    "holiday": [
        "7:25",
        "8:45",
        "10:05",
        "11:25",
        "12:45",
        "14:05",
        "15:25",
        "16:45",
        "18:05"
    ],
    "url": "https://www.kanachu.co.jp/dia/diagram/timetable01_js/course:0000802774-4/node:00130502/kt:0/lname:/"
}
