{
    "date": "2025/01/14",
    "name": "鮎津橋",
    "position": "-",
    "system": "厚61",
    "destinations": [
        "積水ソフランウイズ前",
        "金田下宿",
        "金田(厚木市)",
        "金田神社前",
        "下依知入口",
        "追分(厚木市)",
        "蓮生寺(厚木市)",
        "関口(厚木市)",
        "依知小学校前",
        "中平(厚木市)",
        "山際",
        "藤塚(厚木市)",
        "団地入口(厚木市)",
        "東一丁目(厚木市)",
        "南中央通り",
        "西一丁目(厚木市)",
        "西二丁目(愛甲郡愛川町)",
        "西三丁目(愛甲郡愛川町)",
        "西四丁目(愛甲郡愛川町)",
        "春日台入口",
        "春日台一丁目",
        "春日台三丁目(愛甲郡愛川町)",
        "春日台団地"
    ],
    "weekday": [
        "6:19",
        "6:44",
        "7:04",
        "7:30",
        "17:06",
        "17:36",
        "18:06",
        "18:35",
        "19:35",
        "20:05",
        "20:35",
        "21:25",
        "22:05",
        "22:30",
        "23:30"
    ],
    "saturday": [
        "6:39",
        "7:04",
        "7:45",
        "8:05",
        "8:29",
        "9:05",
        "9:29",
        "10:06",
        "10:36",
        "11:21",
        "12:06",
        "12:36",
        "13:21",
        "14:06",
        "14:36",
        "15:21",
        "16:06",
        "16:36",
        "17:21",
        "18:06",
        "18:35",
        "19:20",
        "19:50",
        "20:05",
        "20:45",
        "21:25",
        "22:05",
        "22:23",
        "22:40"
    ],
    "holiday": [
        "7:14",
        "8:04",
        "9:04",
        "10:05",
        "11:06",
        "12:06",
        "13:06",
        "14:06",
        "15:06",
        "16:06",
        "17:06",
        "18:06",
        "19:05",
        "19:25",
        "20:05",
        "20:45",
        "21:25",
        "22:05",
        "22:40"
    ],
    "url": "https://www.kanachu.co.jp/dia/diagram/timetable01_js/course:0000800102-4/node:00128344/kt:0/lname:/"
}
