{
    "date": "2025/01/14",
    "name": "下依知入口",
    "position": "-",
    "system": "厚61",
    "destinations": [
        "追分(厚木市)",
        "蓮生寺(厚木市)",
        "関口(厚木市)",
        "依知小学校前",
        "中平(厚木市)",
        "山際",
        "藤塚(厚木市)",
        "団地入口(厚木市)",
        "東一丁目(厚木市)",
        "南中央通り",
        "西一丁目(厚木市)",
        "西二丁目(愛甲郡愛川町)",
        "西三丁目(愛甲郡愛川町)",
        "西四丁目(愛甲郡愛川町)",
        "春日台入口",
        "春日台一丁目",
        "春日台三丁目(愛甲郡愛川町)",
        "春日台団地"
    ],
    "weekday": [
        "6:25",
        "6:50",
        "7:14",
        "7:39",
        "17:14",
        "17:44",
        "18:14",
        "18:41",
        "19:41",
        "20:11",
        "20:41",
        "21:31",
        "22:11",
        "22:36",
        "23:36"
    ],
    "saturday": [
        "6:45",
        "7:10",
        "7:53",
        "8:13",
        "8:37",
        "9:13",
        "9:37",
        "10:14",
        "10:44",
        "11:29",
        "12:14",
        "12:44",
        "13:29",
        "14:14",
        "14:44",
        "15:29",
        "16:14",
        "16:44",
        "17:29",
        "18:14",
        "18:42",
        "19:27",
        "19:57",
        "20:12",
        "20:52",
        "21:32",
        "22:12",
        "22:30",
        "22:47"
    ],
    "holiday": [
        "7:19",
        "8:10",
        "9:10",
        "10:13",
        "11:14",
        "12:14",
        "13:14",
        "14:14",
        "15:14",
        "16:14",
        "17:14",
        "18:14",
        "19:12",
        "19:32",
        "20:12",
        "20:52",
        "21:32",
        "22:12",
        "22:47"
    ],
    "url": "https://www.kanachu.co.jp/dia/diagram/timetable01_js/course:0000800102-9/node:00128349/kt:0/lname:/"
}
