{
    "date": "2025/01/14",
    "name": "山際",
    "position": "-",
    "system": "厚61",
    "destinations": [
        "藤塚(厚木市)",
        "団地入口(厚木市)",
        "東一丁目(厚木市)",
        "南中央通り",
        "西一丁目(厚木市)",
        "西二丁目(愛甲郡愛川町)",
        "西三丁目(愛甲郡愛川町)",
        "西四丁目(愛甲郡愛川町)",
        "春日台入口",
        "春日台一丁目",
        "春日台三丁目(愛甲郡愛川町)",
        "春日台団地"
    ],
    "weekday": [
        "6:35",
        "7:00",
        "7:24",
        "7:49",
        "17:24",
        "17:54",
        "18:24",
        "18:50",
        "19:50",
        "20:20",
        "20:50",
        "21:40",
        "22:20",
        "22:45",
        "23:45"
    ],
    "saturday": [
        "6:54",
        "7:19",
        "8:02",
        "8:22",
        "8:46",
        "9:22",
        "9:46",
        "10:23",
        "10:53",
        "11:38",
        "12:23",
        "12:53",
        "13:38",
        "14:23",
        "14:53",
        "15:38",
        "16:23",
        "16:53",
        "17:38",
        "18:23",
        "18:50",
        "19:35",
        "20:05",
        "20:20",
        "21:00",
        "21:40",
        "22:20",
        "22:38",
        "22:55"
    ],
    "holiday": [
        "7:27",
        "8:18",
        "9:18",
        "10:22",
        "11:23",
        "12:23",
        "13:23",
        "14:23",
        "15:23",
        "16:23",
        "17:23",
        "18:23",
        "19:20",
        "19:40",
        "20:20",
        "21:00",
        "21:40",
        "22:20",
        "22:55"
    ],
    "url": "https://www.kanachu.co.jp/dia/diagram/timetable01_js/course:0000800102-15/node:00128355/kt:0/lname:/"
}
