{
    "date": "2025/01/14",
    "name": "団地入口(厚木市)",
    "position": "-",
    "system": "厚61",
    "destinations": [
        "東一丁目(厚木市)",
        "南中央通り",
        "西一丁目(厚木市)",
        "西二丁目(愛甲郡愛川町)",
        "西三丁目(愛甲郡愛川町)",
        "西四丁目(愛甲郡愛川町)",
        "春日台入口",
        "春日台一丁目",
        "春日台三丁目(愛甲郡愛川町)",
        "春日台団地"
    ],
    "weekday": [
        "6:37",
        "7:02",
        "7:27",
        "7:52",
        "17:27",
        "17:57",
        "18:27",
        "18:52",
        "19:52",
        "20:22",
        "20:52",
        "21:42",
        "22:22",
        "22:47",
        "23:47"
    ],
    "saturday": [
        "6:56",
        "7:21",
        "8:04",
        "8:24",
        "8:48",
        "9:24",
        "9:48",
        "10:25",
        "10:55",
        "11:40",
        "12:25",
        "12:55",
        "13:40",
        "14:25",
        "14:55",
        "15:40",
        "16:25",
        "16:55",
        "17:40",
        "18:25",
        "18:52",
        "19:37",
        "20:07",
        "20:22",
        "21:02",
        "21:42",
        "22:22",
        "22:40",
        "22:57"
    ],
    "holiday": [
        "7:29",
        "8:20",
        "9:20",
        "10:24",
        "11:25",
        "12:25",
        "13:25",
        "14:25",
        "15:25",
        "16:25",
        "17:25",
        "18:25",
        "19:22",
        "19:42",
        "20:22",
        "21:02",
        "21:42",
        "22:22",
        "22:57"
    ],
    "url": "https://www.kanachu.co.jp/dia/diagram/timetable01_js/course:0000800102-17/node:00128365/kt:0/lname:/"
}
