{
    "date": "2025/01/14",
    "name": "西二丁目(愛甲郡愛川町)",
    "position": "-",
    "system": "厚61",
    "destinations": [
        "西三丁目(愛甲郡愛川町)",
        "西四丁目(愛甲郡愛川町)",
        "春日台入口",
        "春日台一丁目",
        "春日台三丁目(愛甲郡愛川町)",
        "春日台団地"
    ],
    "weekday": [
        "6:42",
        "7:07",
        "7:32",
        "7:57",
        "17:32",
        "18:02",
        "18:32",
        "18:56",
        "19:56",
        "20:26",
        "20:56",
        "21:46",
        "22:26",
        "22:51",
        "23:51"
    ],
    "saturday": [
        "7:00",
        "7:25",
        "8:09",
        "8:29",
        "8:53",
        "9:29",
        "9:53",
        "10:30",
        "11:00",
        "11:45",
        "12:30",
        "13:00",
        "13:45",
        "14:30",
        "15:00",
        "15:45",
        "16:30",
        "17:00",
        "17:45",
        "18:30",
        "18:56",
        "19:41",
        "20:11",
        "20:26",
        "21:06",
        "21:46",
        "22:26",
        "22:44",
        "23:01"
    ],
    "holiday": [
        "7:33",
        "8:24",
        "9:24",
        "10:29",
        "11:30",
        "12:30",
        "13:30",
        "14:30",
        "15:30",
        "16:30",
        "17:30",
        "18:30",
        "19:26",
        "19:46",
        "20:26",
        "21:06",
        "21:46",
        "22:26",
        "23:01"
    ],
    "url": "https://www.kanachu.co.jp/dia/diagram/timetable01_js/course:0000800102-21/node:00128369/kt:0/lname:/"
}
