{
    "date": "2025/01/14",
    "name": "西四丁目(愛甲郡愛川町)",
    "position": "-",
    "system": "厚61",
    "destinations": [
        "春日台入口",
        "春日台一丁目",
        "春日台三丁目(愛甲郡愛川町)",
        "春日台団地"
    ],
    "weekday": [
        "6:44",
        "7:09",
        "7:34",
        "7:59",
        "17:34",
        "18:04",
        "18:34",
        "18:58",
        "19:58",
        "20:28",
        "20:58",
        "21:48",
        "22:28",
        "22:53",
        "23:53"
    ],
    "saturday": [
        "7:02",
        "7:27",
        "8:11",
        "8:31",
        "8:55",
        "9:31",
        "9:55",
        "10:32",
        "11:02",
        "11:47",
        "12:32",
        "13:02",
        "13:47",
        "14:32",
        "15:02",
        "15:47",
        "16:32",
        "17:02",
        "17:47",
        "18:32",
        "18:58",
        "19:43",
        "20:13",
        "20:28",
        "21:08",
        "21:48",
        "22:28",
        "22:46",
        "23:03"
    ],
    "holiday": [
        "7:35",
        "8:26",
        "9:26",
        "10:31",
        "11:32",
        "12:32",
        "13:32",
        "14:32",
        "15:32",
        "16:32",
        "17:32",
        "18:32",
        "19:28",
        "19:48",
        "20:28",
        "21:08",
        "21:48",
        "22:28",
        "23:03"
    ],
    "url": "https://www.kanachu.co.jp/dia/diagram/timetable01_js/course:0000800102-23/node:00128371/kt:0/lname:/"
}
