{
    "date": "2025/01/14",
    "name": "春日台三丁目(愛甲郡愛川町)",
    "position": "-",
    "system": "厚61",
    "destinations": [
        "春日台団地"
    ],
    "weekday": [
        "6:47",
        "7:13",
        "7:38",
        "8:03",
        "17:37",
        "18:07",
        "18:37",
        "19:01",
        "20:01",
        "20:31",
        "21:01",
        "21:51",
        "22:31",
        "22:56",
        "23:56"
    ],
    "saturday": [
        "7:05",
        "7:30",
        "8:14",
        "8:34",
        "8:58",
        "9:34",
        "9:58",
        "10:35",
        "11:05",
        "11:50",
        "12:35",
        "13:05",
        "13:50",
        "14:35",
        "15:05",
        "15:50",
        "16:35",
        "17:05",
        "17:50",
        "18:35",
        "19:01",
        "19:46",
        "20:16",
        "20:31",
        "21:11",
        "21:51",
        "22:31",
        "22:49",
        "23:06"
    ],
    "holiday": [
        "7:38",
        "8:29",
        "9:29",
        "10:34",
        "11:35",
        "12:35",
        "13:35",
        "14:35",
        "15:35",
        "16:35",
        "17:35",
        "18:35",
        "19:31",
        "19:51",
        "20:31",
        "21:11",
        "21:51",
        "22:31",
        "23:06"
    ],
    "url": "https://www.kanachu.co.jp/dia/diagram/timetable01_js/course:0000800102-26/node:00128374/kt:0/lname:/"
}
