{
    "date": "2026/01/16",
    "name": "木曽入口",
    "position": "-",
    "system": "町13",
    "destinations": [
        "山崎団地入口",
        "山崎団地センター"
    ],
    "weekday": [
        "13:57",
        "14:57",
        "15:57",
        "16:11",
        "16:55",
        "17:08",
        "17:17",
        "17:25",
        "17:42",
        "17:55",
        "18:10",
        "18:15",
        "18:27",
        "18:39",
        "18:52",
        "19:03",
        "19:11",
        "19:26",
        "19:35",
        "19:42",
        "19:56",
        "20:13"
    ],
    "saturday": [
        "9:51",
        "10:53",
        "11:54",
        "14:46",
        "15:46",
        "16:51"
    ],
    "holiday": [
        "9:47",
        "10:47",
        "11:48",
        "14:48",
        "15:48",
        "16:48"
    ],
    "url": "https://www.kanachu.co.jp/dia/diagram/timetable01_js/course:0000804195-3/node:00129386/kt:0/lname:/"
}
