{
    "date": "2024/10/01",
    "name": "渕野辺総合病院入口",
    "position": "-",
    "system": "淵40",
    "destinations": [
        "淵野辺駅北口",
        "フェアロージュ淵野辺前",
        "あかぬま公園前",
        "椿稲荷神社入口",
        "上矢部五丁目",
        "上矢部四丁目",
        "上矢部三丁目",
        "上矢部二丁目",
        "上矢部一丁目",
        "高橋南",
        "馬場十字路",
        "馬場橋南"
    ],
    "weekday": [
        "17:17",
        "18:07",
        "18:52",
        "19:42"
    ],
    "saturday": [],
    "holiday": [],
    "url": "https://www.kanachu.co.jp/dia/diagram/timetable01_js/course:0000803630-3/node:00130320/kt:0/lname:/"
}
