{
    "date": "2024/10/01",
    "name": "上矢部三丁目",
    "position": "-",
    "system": "淵40",
    "destinations": [
        "上矢部二丁目",
        "上矢部一丁目",
        "高橋南",
        "馬場十字路",
        "馬場橋南"
    ],
    "weekday": [
        "17:31",
        "18:21",
        "19:06",
        "19:56"
    ],
    "saturday": [],
    "holiday": [],
    "url": "https://www.kanachu.co.jp/dia/diagram/timetable01_js/course:0000803630-10/node:00130333/kt:0/lname:/"
}
