{
    "date": "2025/05/11",
    "name": "本町四丁目(横浜市中区)",
    "position": "-",
    "system": "船20",
    "destinations": [
        "尾上町(横浜市中区)",
        "羽衣町(横浜市中区)",
        "長者町五丁目",
        "曙町(横浜市中区)",
        "横浜橋",
        "阪東橋",
        "吉野町一丁目",
        "吉野町駅前",
        "お三の宮",
        "宮元町一丁目",
        "蒔田駅前",
        "通町一丁目",
        "通町三丁目",
        "弘明寺",
        "南小学校前(横浜市南区)",
        "向田橋",
        "越戸橋(横浜市港南区)",
        "最戸橋",
        "上大岡駅",
        "関の下",
        "笹下港南中央通り",
        "港南区総合庁舎前",
        "吉原(横浜市港南区)",
        "新吉原橋",
        "日野公園墓地入口",
        "日野中央公園入口",
        "日野小学校前(横浜市港南区)",
        "日野(横浜市港南区)",
        "清水橋(横浜市港南区)",
        "金井(横浜市港南区)",
        "藤ヶ沢",
        "港南車庫入口",
        "原(横浜市港南区)",
        "七曲",
        "鍛冶ヶ谷",
        "本郷石橋",
        "天神橋(横浜市栄区)",
        "栄警察署前",
        "公田",
        "鎌倉女子大前",
        "平島(鎌倉市)",
        "笠間十字路",
        "笠間町",
        "岩井口",
        "大船駅(横浜市栄区)"
    ],
    "weekday": [
        "7:22",
        "7:44",
        "8:13",
        "8:24",
        "8:39",
        "8:49",
        "8:59",
        "9:15",
        "9:25",
        "9:45",
        "10:07",
        "10:31",
        "10:55",
        "11:19",
        "11:43",
        "12:07",
        "12:31",
        "12:55",
        "13:19",
        "13:46",
        "14:07",
        "14:31",
        "14:55",
        "15:19",
        "15:43",
        "16:07",
        "16:31",
        "16:55",
        "17:19",
        "17:43",
        "18:07",
        "18:31",
        "18:55",
        "19:22",
        "19:40",
        "20:07",
        "20:28"
    ],
    "saturday": [
        "7:29",
        "8:01",
        "8:25",
        "8:46",
        "9:06",
        "9:21",
        "9:39",
        "9:59",
        "10:14",
        "10:27",
        "10:45",
        "11:05",
        "11:25",
        "11:46",
        "12:07",
        "12:27",
        "12:48",
        "13:12",
        "13:40",
        "14:11",
        "14:41",
        "15:11",
        "15:41",
        "16:11",
        "16:41",
        "17:11",
        "17:41",
        "18:09",
        "18:50",
        "19:08",
        "19:31",
        "20:04"
    ],
    "holiday": [
        "7:29",
        "8:01",
        "8:25",
        "8:46",
        "9:06",
        "9:21",
        "9:39",
        "9:59",
        "10:14",
        "10:27",
        "10:45",
        "11:05",
        "11:25",
        "11:46",
        "12:07",
        "12:27",
        "12:48",
        "13:12",
        "13:40",
        "14:11",
        "14:41",
        "15:11",
        "15:41",
        "16:11",
        "16:41",
        "17:11",
        "17:41",
        "18:09",
        "18:50",
        "19:08",
        "19:31",
        "20:04"
    ],
    "url": "https://www.kanachu.co.jp/dia/diagram/timetable01_js/course:0000803428-3/node:00103058/kt:0/lname:/"
}
