{
    "date": "2025/05/11",
    "name": "宮元町一丁目",
    "position": "-",
    "system": "船20",
    "destinations": [
        "蒔田駅前",
        "通町一丁目",
        "通町三丁目",
        "弘明寺",
        "南小学校前(横浜市南区)",
        "向田橋",
        "越戸橋(横浜市港南区)",
        "最戸橋",
        "上大岡駅",
        "関の下",
        "笹下港南中央通り",
        "港南区総合庁舎前",
        "吉原(横浜市港南区)",
        "新吉原橋",
        "日野公園墓地入口",
        "日野中央公園入口",
        "日野小学校前(横浜市港南区)",
        "日野(横浜市港南区)",
        "清水橋(横浜市港南区)",
        "金井(横浜市港南区)",
        "藤ヶ沢",
        "港南車庫入口",
        "原(横浜市港南区)",
        "七曲",
        "鍛冶ヶ谷",
        "本郷石橋",
        "天神橋(横浜市栄区)",
        "栄警察署前",
        "公田",
        "鎌倉女子大前",
        "平島(鎌倉市)",
        "笠間十字路",
        "笠間町",
        "岩井口",
        "大船駅(横浜市栄区)"
    ],
    "weekday": [
        "7:37",
        "7:59",
        "8:28",
        "8:39",
        "8:54",
        "9:04",
        "9:14",
        "9:30",
        "9:40",
        "10:00",
        "10:22",
        "10:46",
        "11:10",
        "11:34",
        "11:58",
        "12:22",
        "12:46",
        "13:10",
        "13:34",
        "14:01",
        "14:22",
        "14:46",
        "15:10",
        "15:34",
        "15:58",
        "16:22",
        "16:46",
        "17:10",
        "17:34",
        "17:58",
        "18:22",
        "18:46",
        "19:10",
        "19:37",
        "19:55",
        "20:22",
        "20:43"
    ],
    "saturday": [
        "7:40",
        "8:12",
        "8:36",
        "8:57",
        "9:17",
        "9:32",
        "9:50",
        "10:11",
        "10:27",
        "10:40",
        "10:58",
        "11:18",
        "11:38",
        "11:59",
        "12:20",
        "12:40",
        "13:01",
        "13:25",
        "13:53",
        "14:24",
        "14:54",
        "15:25",
        "15:55",
        "16:25",
        "16:55",
        "17:25",
        "17:55",
        "18:23",
        "19:04",
        "19:22",
        "19:45",
        "20:18"
    ],
    "holiday": [
        "7:40",
        "8:12",
        "8:36",
        "8:57",
        "9:17",
        "9:32",
        "9:50",
        "10:11",
        "10:27",
        "10:40",
        "10:58",
        "11:18",
        "11:38",
        "11:59",
        "12:20",
        "12:40",
        "13:01",
        "13:25",
        "13:53",
        "14:24",
        "14:54",
        "15:25",
        "15:55",
        "16:25",
        "16:55",
        "17:25",
        "17:55",
        "18:23",
        "19:04",
        "19:22",
        "19:45",
        "20:18"
    ],
    "url": "https://www.kanachu.co.jp/dia/diagram/timetable01_js/course:0000803428-13/node:00103139/kt:0/lname:/"
}
