{
    "date": "2025/05/11",
    "name": "最戸橋",
    "position": "-",
    "system": "船20",
    "destinations": [
        "上大岡駅",
        "関の下",
        "笹下港南中央通り",
        "港南区総合庁舎前",
        "吉原(横浜市港南区)",
        "新吉原橋",
        "日野公園墓地入口",
        "日野中央公園入口",
        "日野小学校前(横浜市港南区)",
        "日野(横浜市港南区)",
        "清水橋(横浜市港南区)",
        "金井(横浜市港南区)",
        "藤ヶ沢",
        "港南車庫入口",
        "原(横浜市港南区)",
        "七曲",
        "鍛冶ヶ谷",
        "本郷石橋",
        "天神橋(横浜市栄区)",
        "栄警察署前",
        "公田",
        "鎌倉女子大前",
        "平島(鎌倉市)",
        "笠間十字路",
        "笠間町",
        "岩井口",
        "大船駅(横浜市栄区)"
    ],
    "weekday": [
        "7:48",
        "8:10",
        "8:39",
        "8:50",
        "9:05",
        "9:15",
        "9:25",
        "9:41",
        "9:51",
        "10:11",
        "10:33",
        "10:57",
        "11:21",
        "11:45",
        "12:09",
        "12:33",
        "12:57",
        "13:21",
        "13:45",
        "14:12",
        "14:33",
        "14:57",
        "15:21",
        "15:45",
        "16:09",
        "16:33",
        "16:57",
        "17:21",
        "17:45",
        "18:09",
        "18:33",
        "18:57",
        "19:22",
        "19:49",
        "20:07",
        "20:34",
        "20:55"
    ],
    "saturday": [
        "7:49",
        "8:21",
        "8:45",
        "9:06",
        "9:26",
        "9:41",
        "9:59",
        "10:22",
        "10:38",
        "10:51",
        "11:09",
        "11:29",
        "11:49",
        "12:10",
        "12:31",
        "12:51",
        "13:12",
        "13:36",
        "14:04",
        "14:35",
        "15:05",
        "15:36",
        "16:06",
        "16:36",
        "17:06",
        "17:36",
        "18:06",
        "18:34",
        "19:16",
        "19:34",
        "19:57",
        "20:30"
    ],
    "holiday": [
        "7:49",
        "8:21",
        "8:45",
        "9:06",
        "9:26",
        "9:41",
        "9:59",
        "10:22",
        "10:38",
        "10:51",
        "11:09",
        "11:29",
        "11:49",
        "12:10",
        "12:31",
        "12:51",
        "13:12",
        "13:36",
        "14:04",
        "14:35",
        "15:05",
        "15:36",
        "16:06",
        "16:36",
        "17:06",
        "17:36",
        "18:06",
        "18:34",
        "19:16",
        "19:34",
        "19:57",
        "20:30"
    ],
    "url": "https://www.kanachu.co.jp/dia/diagram/timetable01_js/course:0000803428-21/node:00102535/kt:0/lname:/"
}
