{
    "date": "2025/05/11",
    "name": "港南車庫入口",
    "position": "-",
    "system": "船20",
    "destinations": [
        "原(横浜市港南区)",
        "七曲",
        "鍛冶ヶ谷",
        "本郷石橋",
        "天神橋(横浜市栄区)",
        "栄警察署前",
        "公田",
        "鎌倉女子大前",
        "平島(鎌倉市)",
        "笠間十字路",
        "笠間町",
        "岩井口",
        "大船駅(横浜市栄区)"
    ],
    "weekday": [
        "8:10",
        "8:32",
        "9:01",
        "9:12",
        "9:30",
        "9:40",
        "9:50",
        "10:06",
        "10:16",
        "10:36",
        "10:58",
        "11:22",
        "11:46",
        "12:10",
        "12:34",
        "12:58",
        "13:22",
        "13:46",
        "14:10",
        "14:37",
        "14:58",
        "15:22",
        "15:46",
        "16:10",
        "16:34",
        "16:58",
        "17:22",
        "17:48",
        "18:12",
        "18:36",
        "19:00",
        "19:24",
        "19:48",
        "20:14",
        "20:27",
        "20:54",
        "21:15"
    ],
    "saturday": [
        "8:13",
        "8:45",
        "9:09",
        "9:30",
        "9:50",
        "10:05",
        "10:23",
        "10:49",
        "11:05",
        "11:18",
        "11:36",
        "11:56",
        "12:16",
        "12:37",
        "12:58",
        "13:18",
        "13:39",
        "14:03",
        "14:31",
        "15:02",
        "15:32",
        "16:03",
        "16:33",
        "17:03",
        "17:33",
        "18:03",
        "18:33",
        "19:01",
        "19:41",
        "19:59",
        "20:20",
        "20:50"
    ],
    "holiday": [
        "8:13",
        "8:45",
        "9:09",
        "9:30",
        "9:50",
        "10:05",
        "10:23",
        "10:49",
        "11:05",
        "11:18",
        "11:36",
        "11:56",
        "12:16",
        "12:37",
        "12:58",
        "13:18",
        "13:39",
        "14:03",
        "14:31",
        "15:02",
        "15:32",
        "16:03",
        "16:33",
        "17:03",
        "17:33",
        "18:03",
        "18:33",
        "19:01",
        "19:41",
        "19:59",
        "20:20",
        "20:50"
    ],
    "url": "https://www.kanachu.co.jp/dia/diagram/timetable01_js/course:0000803428-35/node:00102510/kt:0/lname:/"
}
