{
    "date": "2025/05/11",
    "name": "平島(鎌倉市)",
    "position": "-",
    "system": "船20",
    "destinations": [
        "笠間十字路",
        "笠間町",
        "岩井口",
        "大船駅(横浜市栄区)"
    ],
    "weekday": [
        "8:22",
        "8:44",
        "9:13",
        "9:24",
        "9:42",
        "9:52",
        "10:02",
        "10:18",
        "10:28",
        "10:48",
        "11:10",
        "11:34",
        "11:58",
        "12:22",
        "12:46",
        "13:10",
        "13:34",
        "13:58",
        "14:22",
        "14:49",
        "15:10",
        "15:34",
        "15:58",
        "16:22",
        "16:46",
        "17:10",
        "17:34",
        "18:00",
        "18:24",
        "18:48",
        "19:12",
        "19:36",
        "20:00",
        "20:26",
        "20:39",
        "21:06",
        "21:27"
    ],
    "saturday": [
        "8:26",
        "8:58",
        "9:22",
        "9:43",
        "10:03",
        "10:18",
        "10:36",
        "11:02",
        "11:18",
        "11:31",
        "11:49",
        "12:09",
        "12:29",
        "12:50",
        "13:11",
        "13:31",
        "13:52",
        "14:16",
        "14:44",
        "15:15",
        "15:45",
        "16:16",
        "16:46",
        "17:16",
        "17:46",
        "18:16",
        "18:46",
        "19:13",
        "19:53",
        "20:11",
        "20:32",
        "21:02"
    ],
    "holiday": [
        "8:26",
        "8:58",
        "9:22",
        "9:43",
        "10:03",
        "10:18",
        "10:36",
        "11:02",
        "11:18",
        "11:31",
        "11:49",
        "12:09",
        "12:29",
        "12:50",
        "13:11",
        "13:31",
        "13:52",
        "14:16",
        "14:44",
        "15:15",
        "15:45",
        "16:16",
        "16:46",
        "17:16",
        "17:46",
        "18:16",
        "18:46",
        "19:13",
        "19:53",
        "20:11",
        "20:32",
        "21:02"
    ],
    "url": "https://www.kanachu.co.jp/dia/diagram/timetable01_js/course:0000803428-44/node:00126504/kt:0/lname:/"
}
