{
    "date": "2022/12/17",
    "name": "本村(茅ケ崎市)",
    "position": "-",
    "system": "茅16",
    "destinations": [
        "本村五丁目",
        "市立病院(茅ケ崎市)",
        "ニュータウン入口(茅ケ崎市)",
        "ニュータウン中央(茅ケ崎市)",
        "高田三丁目",
        "室田",
        "室田小学校入口",
        "室田一丁目",
        "室田二丁目"
    ],
    "weekday": [
        "10:35",
        "12:43"
    ],
    "saturday": [
        "11:18",
        "18:58",
        "19:43",
        "20:08",
        "20:43"
    ],
    "holiday": [
        "11:18",
        "18:58",
        "19:43",
        "20:08",
        "20:43"
    ],
    "url": "https://www.kanachu.co.jp/dia/diagram/timetable01_js/course:0000800837-2/node:00127127/kt:0/lname:/"
}
