{
    "date": "2025/11/16",
    "name": "石神(横浜市緑区)",
    "position": "-",
    "system": "",
    "destinations": [
        "上山町(横浜市緑区)",
        "中山小学校南",
        "中山町",
        "西村橋",
        "中山駅"
    ],
    "weekday": [
        "9:12",
        "9:57",
        "10:49",
        "11:47",
        "12:47",
        "13:17",
        "13:47",
        "14:32",
        "15:37"
    ],
    "saturday": [
        "9:22",
        "10:02",
        "10:47",
        "11:32",
        "12:32",
        "13:42",
        "14:32",
        "15:37"
    ],
    "holiday": [
        "9:26",
        "10:26",
        "11:21",
        "12:22",
        "13:07",
        "13:57",
        "14:57",
        "15:42"
    ],
    "url": "https://www.kanachu.co.jp/dia/diagram/timetable01_js/course:0000802187-11/node:00102236/kt:0/lname:/"
}
