{
    "date": "2025/11/16",
    "name": "中山小学校南",
    "position": "-",
    "system": "",
    "destinations": [
        "中山町",
        "西村橋",
        "中山駅"
    ],
    "weekday": [
        "9:14",
        "9:59",
        "10:51",
        "11:49",
        "12:49",
        "13:19",
        "13:49",
        "14:34",
        "15:39"
    ],
    "saturday": [
        "9:24",
        "10:04",
        "10:49",
        "11:34",
        "12:34",
        "13:44",
        "14:34",
        "15:39"
    ],
    "holiday": [
        "9:28",
        "10:28",
        "11:23",
        "12:24",
        "13:09",
        "13:59",
        "14:59",
        "15:44"
    ],
    "url": "https://www.kanachu.co.jp/dia/diagram/timetable01_js/course:0000802187-13/node:00102856/kt:0/lname:/"
}
