{
    "date": "2018/04/01",
    "name": "真芳寺",
    "position": "-",
    "system": "",
    "destinations": [
        "寄木神社前",
        "柳の内",
        "農協神田支所前",
        "相模神田",
        "神田小学校前(平塚市)",
        "田村車庫",
        "横内四ツ角",
        "横内公民館入口",
        "横内下",
        "横内団地前",
        "今里(平塚市)",
        "坂口(平塚市)",
        "市場前(平塚市)",
        "大野農協前",
        "西真土",
        "大野中学校前",
        "東中原住宅",
        "伊勢山(平塚市)",
        "中原中宿",
        "中原東(平塚市)",
        "総合公園前(平塚市)",
        "共済病院前総合公園西",
        "市民病院前(平塚市)"
    ],
    "weekday": [
        "9:11",
        "14:01"
    ],
    "saturday": [],
    "holiday": [],
    "url": "https://www.kanachu.co.jp/dia/diagram/timetable01_js/course:0000802666-2/node:00127667/kt:0/lname:/"
}
