{
    "date": "2026/01/16",
    "name": "公民館前(藤沢市大鋸)",
    "position": "-",
    "system": "船33",
    "destinations": [
        "柄沢橋",
        "柄沢神社入口",
        "柄沢大上",
        "長者久保入口",
        "島の神",
        "坂口(鎌倉市)",
        "関谷インター",
        "中村(鎌倉市)",
        "打越(鎌倉市)",
        "植木谷戸",
        "玉縄行政センター入口",
        "児童公園前(鎌倉市)",
        "大船駅西口"
    ],
    "weekday": [
        "5:55",
        "6:15",
        "6:36",
        "6:54",
        "7:16",
        "7:36",
        "7:54",
        "8:24",
        "8:54",
        "9:24",
        "9:54",
        "10:24",
        "10:54",
        "11:24",
        "11:54",
        "12:24",
        "12:54",
        "13:24",
        "13:54",
        "14:24",
        "14:54",
        "15:24",
        "15:54",
        "16:24",
        "16:54",
        "17:24",
        "17:54",
        "18:24",
        "18:54",
        "19:22",
        "19:52",
        "20:22",
        "20:45",
        "21:12",
        "21:39",
        "22:12"
    ],
    "saturday": [
        "6:02",
        "6:42",
        "7:22",
        "7:52",
        "8:22",
        "8:52",
        "9:22",
        "9:52",
        "10:24",
        "10:54",
        "11:24",
        "11:54",
        "12:24",
        "12:54",
        "13:24",
        "13:54",
        "14:24",
        "14:54",
        "15:24",
        "15:54",
        "16:24",
        "16:54",
        "17:24",
        "17:54",
        "18:24",
        "18:54",
        "19:23",
        "19:53",
        "20:27",
        "20:57",
        "21:17",
        "21:37"
    ],
    "holiday": [
        "6:02",
        "6:42",
        "7:22",
        "7:52",
        "8:22",
        "8:52",
        "9:22",
        "9:52",
        "10:24",
        "10:54",
        "11:24",
        "11:54",
        "12:24",
        "12:54",
        "13:24",
        "13:54",
        "14:24",
        "14:54",
        "15:24",
        "15:54",
        "16:24",
        "16:54",
        "17:24",
        "17:54",
        "18:24",
        "18:54",
        "19:23",
        "19:53",
        "20:27",
        "20:57",
        "21:17",
        "21:37"
    ],
    "url": "https://www.kanachu.co.jp/dia/diagram/timetable01_js/course:0000804070-8/node:00126983/kt:0/lname:/"
}
