{
    "date": "2026/01/16",
    "name": "柄沢大上",
    "position": "-",
    "system": "船33",
    "destinations": [
        "長者久保入口",
        "島の神",
        "坂口(鎌倉市)",
        "関谷インター",
        "中村(鎌倉市)",
        "打越(鎌倉市)",
        "植木谷戸",
        "玉縄行政センター入口",
        "児童公園前(鎌倉市)",
        "大船駅西口"
    ],
    "weekday": [
        "5:58",
        "6:18",
        "6:40",
        "6:58",
        "7:20",
        "7:40",
        "7:58",
        "8:28",
        "8:58",
        "9:27",
        "9:57",
        "10:27",
        "10:57",
        "11:27",
        "11:57",
        "12:27",
        "12:57",
        "13:27",
        "13:57",
        "14:27",
        "14:57",
        "15:27",
        "15:57",
        "16:27",
        "16:57",
        "17:27",
        "17:57",
        "18:27",
        "18:57",
        "19:25",
        "19:55",
        "20:25",
        "20:48",
        "21:15",
        "21:42",
        "22:15"
    ],
    "saturday": [
        "6:05",
        "6:45",
        "7:25",
        "7:55",
        "8:25",
        "8:55",
        "9:25",
        "9:55",
        "10:27",
        "10:57",
        "11:27",
        "11:57",
        "12:27",
        "12:57",
        "13:27",
        "13:57",
        "14:27",
        "14:57",
        "15:27",
        "15:57",
        "16:27",
        "16:57",
        "17:27",
        "17:57",
        "18:27",
        "18:57",
        "19:26",
        "19:56",
        "20:30",
        "21:00",
        "21:20",
        "21:40"
    ],
    "holiday": [
        "6:05",
        "6:45",
        "7:25",
        "7:55",
        "8:25",
        "8:55",
        "9:25",
        "9:55",
        "10:27",
        "10:57",
        "11:27",
        "11:57",
        "12:27",
        "12:57",
        "13:27",
        "13:57",
        "14:27",
        "14:57",
        "15:27",
        "15:57",
        "16:27",
        "16:57",
        "17:27",
        "17:57",
        "18:27",
        "18:57",
        "19:26",
        "19:56",
        "20:30",
        "21:00",
        "21:20",
        "21:40"
    ],
    "url": "https://www.kanachu.co.jp/dia/diagram/timetable01_js/course:0000804070-11/node:00126994/kt:0/lname:/"
}
