{
    "date": "2026/01/16",
    "name": "関谷インター",
    "position": "-",
    "system": "船33",
    "destinations": [
        "中村(鎌倉市)",
        "打越(鎌倉市)",
        "植木谷戸",
        "玉縄行政センター入口",
        "児童公園前(鎌倉市)",
        "大船駅西口"
    ],
    "weekday": [
        "6:07",
        "6:27",
        "6:50",
        "7:08",
        "7:30",
        "7:50",
        "8:08",
        "8:38",
        "9:08",
        "9:37",
        "10:07",
        "10:37",
        "11:07",
        "11:37",
        "12:07",
        "12:37",
        "13:07",
        "13:37",
        "14:07",
        "14:37",
        "15:07",
        "15:37",
        "16:07",
        "16:37",
        "17:06",
        "17:36",
        "18:06",
        "18:36",
        "19:04",
        "19:32",
        "20:02",
        "20:32",
        "20:55",
        "21:22",
        "21:49",
        "22:22"
    ],
    "saturday": [
        "6:13",
        "6:53",
        "7:33",
        "8:03",
        "8:33",
        "9:03",
        "9:33",
        "10:03",
        "10:35",
        "11:05",
        "11:35",
        "12:05",
        "12:35",
        "13:06",
        "13:36",
        "14:06",
        "14:36",
        "15:06",
        "15:36",
        "16:06",
        "16:36",
        "17:06",
        "17:36",
        "18:06",
        "18:36",
        "19:05",
        "19:34",
        "20:04",
        "20:37",
        "21:07",
        "21:27",
        "21:47"
    ],
    "holiday": [
        "6:13",
        "6:53",
        "7:33",
        "8:03",
        "8:33",
        "9:03",
        "9:33",
        "10:03",
        "10:35",
        "11:05",
        "11:35",
        "12:05",
        "12:35",
        "13:06",
        "13:36",
        "14:06",
        "14:36",
        "15:06",
        "15:36",
        "16:06",
        "16:36",
        "17:06",
        "17:36",
        "18:06",
        "18:36",
        "19:05",
        "19:34",
        "20:04",
        "20:37",
        "21:07",
        "21:27",
        "21:47"
    ],
    "url": "https://www.kanachu.co.jp/dia/diagram/timetable01_js/course:0000804070-15/node:00126998/kt:0/lname:/"
}
