{
    "date": "2026/01/16",
    "name": "中村(鎌倉市)",
    "position": "-",
    "system": "船33",
    "destinations": [
        "打越(鎌倉市)",
        "植木谷戸",
        "玉縄行政センター入口",
        "児童公園前(鎌倉市)",
        "大船駅西口"
    ],
    "weekday": [
        "6:08",
        "6:28",
        "6:51",
        "7:09",
        "7:31",
        "7:51",
        "8:09",
        "8:39",
        "9:09",
        "9:38",
        "10:08",
        "10:38",
        "11:08",
        "11:38",
        "12:08",
        "12:38",
        "13:08",
        "13:38",
        "14:08",
        "14:38",
        "15:08",
        "15:38",
        "16:08",
        "16:38",
        "17:07",
        "17:37",
        "18:07",
        "18:37",
        "19:05",
        "19:33",
        "20:03",
        "20:33",
        "20:56",
        "21:23",
        "21:50",
        "22:23"
    ],
    "saturday": [
        "6:14",
        "6:54",
        "7:34",
        "8:04",
        "8:34",
        "9:04",
        "9:34",
        "10:04",
        "10:36",
        "11:06",
        "11:36",
        "12:06",
        "12:36",
        "13:07",
        "13:37",
        "14:07",
        "14:37",
        "15:07",
        "15:37",
        "16:07",
        "16:37",
        "17:07",
        "17:37",
        "18:07",
        "18:37",
        "19:06",
        "19:35",
        "20:05",
        "20:38",
        "21:08",
        "21:28",
        "21:48"
    ],
    "holiday": [
        "6:14",
        "6:54",
        "7:34",
        "8:04",
        "8:34",
        "9:04",
        "9:34",
        "10:04",
        "10:36",
        "11:06",
        "11:36",
        "12:06",
        "12:36",
        "13:07",
        "13:37",
        "14:07",
        "14:37",
        "15:07",
        "15:37",
        "16:07",
        "16:37",
        "17:07",
        "17:37",
        "18:07",
        "18:37",
        "19:06",
        "19:35",
        "20:05",
        "20:38",
        "21:08",
        "21:28",
        "21:48"
    ],
    "url": "https://www.kanachu.co.jp/dia/diagram/timetable01_js/course:0000804070-16/node:00126999/kt:0/lname:/"
}
