{
    "system": "船33",
    "busstops": [
        {
            "index": "1",
            "id": "00126970",
            "name": "藤沢駅北口",
            "lat": "35.339846",
            "lng": "139.487667"
        },
        {
            "index": "2",
            "id": "00126971",
            "name": "三富士町",
            "lat": "35.339469",
            "lng": "139.484094"
        },
        {
            "index": "3",
            "id": "00126972",
            "name": "相生町(藤沢市)",
            "lat": "35.340726",
            "lng": "139.480959"
        },
        {
            "index": "4",
            "id": "00126973",
            "name": "南仲通り",
            "lat": "35.342936",
            "lng": "139.482887"
        },
        {
            "index": "5",
            "id": "00126974",
            "name": "藤沢小学校前",
            "lat": "35.34402",
            "lng": "139.484087"
        },
        {
            "index": "6",
            "id": "00126975",
            "name": "藤沢橋",
            "lat": "35.346856",
            "lng": "139.488789"
        },
        {
            "index": "7",
            "id": "00126982",
            "name": "山王神社前",
            "lat": "35.346269",
            "lng": "139.490831"
        },
        {
            "index": "8",
            "id": "00126983",
            "name": "公民館前(藤沢市大鋸)",
            "lat": "35.346917",
            "lng": "139.492458"
        },
        {
            "index": "9",
            "id": "00126984",
            "name": "柄沢橋",
            "lat": "35.349646",
            "lng": "139.495507"
        },
        {
            "index": "10",
            "id": "00126993",
            "name": "柄沢神社入口",
            "lat": "35.351894",
            "lng": "139.496702"
        },
        {
            "index": "11",
            "id": "00126994",
            "name": "柄沢大上",
            "lat": "35.354361",
            "lng": "139.497685"
        },
        {
            "index": "12",
            "id": "00126995",
            "name": "長者久保入口",
            "lat": "35.356628",
            "lng": "139.501845"
        },
        {
            "index": "13",
            "id": "00126996",
            "name": "島の神",
            "lat": "35.357335",
            "lng": "139.504418"
        },
        {
            "index": "14",
            "id": "00126997",
            "name": "坂口(鎌倉市)",
            "lat": "35.358585",
            "lng": "139.507381"
        },
        {
            "index": "15",
            "id": "00126998",
            "name": "関谷インター",
            "lat": "35.359549",
            "lng": "139.509879"
        },
        {
            "index": "16",
            "id": "00126999",
            "name": "中村(鎌倉市)",
            "lat": "35.358176",
            "lng": "139.511641"
        },
        {
            "index": "17",
            "id": "00127000",
            "name": "打越(鎌倉市)",
            "lat": "35.356777",
            "lng": "139.516169"
        },
        {
            "index": "18",
            "id": "00127001",
            "name": "植木谷戸",
            "lat": "35.352969",
            "lng": "139.518083"
        },
        {
            "index": "19",
            "id": "00127116",
            "name": "玉縄行政センター入口",
            "lat": "35.35027",
            "lng": "139.521667"
        },
        {
            "index": "20",
            "id": "00126992",
            "name": "児童公園前(鎌倉市)",
            "lat": "35.352315",
            "lng": "139.523745"
        },
        {
            "index": "21",
            "id": "00126855",
            "name": "大船駅西口",
            "lat": "35.352416",
            "lng": "139.529024"
        }
    ],
    "route_url": "https://www.kanachu.co.jp/dia/route/index/cid:0000804070/"
}
