{
    "date": "2025/11/16",
    "name": "伊勢原駅北口",
    "position": "-",
    "system": "伊12",
    "destinations": [
        "本町(伊勢原市)",
        "大神宮前",
        "片町十字路",
        "片町(伊勢原市)",
        "峰岸",
        "市光前",
        "〆引",
        "道灌塚前",
        "山王原(伊勢原市)",
        "石倉橋",
        "石倉(伊勢原市)",
        "明神前(伊勢原市)",
        "這子坂",
        "菊屋前",
        "子易",
        "鳥居前(伊勢原市)",
        "大山小学校前(伊勢原市)",
        "大山駅"
    ],
    "weekday": [
        "21:05"
    ],
    "saturday": [
        "19:55",
        "20:25"
    ],
    "holiday": [
        "19:55",
        "20:25"
    ],
    "url": "https://www.kanachu.co.jp/dia/diagram/timetable01_js/course:0000801047-1/node:00128127/kt:0/lname:/"
}
