{
    "date": "2025/04/01",
    "name": "四ツ角(平塚市)",
    "position": "-",
    "system": "平73",
    "destinations": [
        "市役所前(ゴム前/平塚市)",
        "横浜ゴム前",
        "立野町(平塚市)",
        "追分(平塚市)",
        "江南高校前",
        "向原(平塚市)",
        "南原(平塚市)",
        "南原土手",
        "纒入口",
        "川井(平塚市)",
        "纒公民館前",
        "河内富士見",
        "堀の内(平塚市)",
        "公所(平塚市)",
        "江東",
        "広川(平塚市)",
        "金旭中学校入口",
        "広川矢崎",
        "片岡(平塚市)",
        "南金目",
        "金目駅",
        "堀町(平塚市)",
        "みずほ小学校",
        "塚越古墳",
        "北金目",
        "東海大学東",
        "東海大学1号館前",
        "東海大学前駅入口",
        "東海大学前駅南口"
    ],
    "weekday": [
        "6:29",
        "6:58",
        "7:41",
        "8:06",
        "8:52",
        "9:13",
        "10:04",
        "10:58",
        "11:56",
        "12:58",
        "13:58",
        "15:00",
        "16:00",
        "16:55",
        "17:35",
        "18:30",
        "19:05",
        "19:30",
        "20:20",
        "22:03"
    ],
    "saturday": [
        "6:51",
        "7:45",
        "8:30",
        "8:50",
        "10:00",
        "11:00",
        "12:00",
        "13:00",
        "14:00",
        "15:00",
        "16:01",
        "16:45",
        "17:25",
        "18:35",
        "19:42",
        "20:21",
        "21:59"
    ],
    "holiday": [
        "6:51",
        "7:45",
        "8:30",
        "8:50",
        "10:00",
        "11:00",
        "12:00",
        "13:00",
        "14:00",
        "15:00",
        "16:01",
        "16:45",
        "17:25",
        "18:35",
        "19:42",
        "20:21",
        "21:59"
    ],
    "url": "https://www.kanachu.co.jp/dia/diagram/timetable01_js/course:0000803658-2/node:00127190/kt:0/lname:/"
}
