{
    "date": "2025/04/01",
    "name": "江南高校前",
    "position": "-",
    "system": "平73",
    "destinations": [
        "向原(平塚市)",
        "南原(平塚市)",
        "南原土手",
        "纒入口",
        "川井(平塚市)",
        "纒公民館前",
        "河内富士見",
        "堀の内(平塚市)",
        "公所(平塚市)",
        "江東",
        "広川(平塚市)",
        "金旭中学校入口",
        "広川矢崎",
        "片岡(平塚市)",
        "南金目",
        "金目駅",
        "堀町(平塚市)",
        "みずほ小学校",
        "塚越古墳",
        "北金目",
        "東海大学東",
        "東海大学1号館前",
        "東海大学前駅入口",
        "東海大学前駅南口"
    ],
    "weekday": [
        "6:36",
        "7:06",
        "7:49",
        "8:14",
        "9:00",
        "9:20",
        "10:11",
        "11:05",
        "12:03",
        "13:05",
        "14:05",
        "15:07",
        "16:08",
        "17:03",
        "17:43",
        "18:38",
        "19:12",
        "19:37",
        "20:27",
        "22:10"
    ],
    "saturday": [
        "6:58",
        "7:52",
        "8:37",
        "8:57",
        "10:07",
        "11:07",
        "12:07",
        "13:07",
        "14:07",
        "15:07",
        "16:09",
        "16:53",
        "17:33",
        "18:43",
        "19:49",
        "20:28",
        "22:06"
    ],
    "holiday": [
        "6:58",
        "7:52",
        "8:37",
        "8:57",
        "10:07",
        "11:07",
        "12:07",
        "13:07",
        "14:07",
        "15:07",
        "16:09",
        "16:53",
        "17:33",
        "18:43",
        "19:49",
        "20:28",
        "22:06"
    ],
    "url": "https://www.kanachu.co.jp/dia/diagram/timetable01_js/course:0000803658-7/node:00127557/kt:0/lname:/"
}
