{
    "date": "2025/04/01",
    "name": "南原土手",
    "position": "-",
    "system": "平73",
    "destinations": [
        "纒入口",
        "川井(平塚市)",
        "纒公民館前",
        "河内富士見",
        "堀の内(平塚市)",
        "公所(平塚市)",
        "江東",
        "広川(平塚市)",
        "金旭中学校入口",
        "広川矢崎",
        "片岡(平塚市)",
        "南金目",
        "金目駅",
        "堀町(平塚市)",
        "みずほ小学校",
        "塚越古墳",
        "北金目",
        "東海大学東",
        "東海大学1号館前",
        "東海大学前駅入口",
        "東海大学前駅南口"
    ],
    "weekday": [
        "6:40",
        "7:11",
        "7:54",
        "8:19",
        "9:04",
        "9:24",
        "10:15",
        "11:09",
        "12:07",
        "13:09",
        "14:09",
        "15:11",
        "16:13",
        "17:08",
        "17:48",
        "18:43",
        "19:17",
        "19:42",
        "20:32",
        "22:15"
    ],
    "saturday": [
        "7:02",
        "7:56",
        "8:41",
        "9:01",
        "10:11",
        "11:11",
        "12:11",
        "13:11",
        "14:11",
        "15:11",
        "16:14",
        "16:58",
        "17:38",
        "18:48",
        "19:54",
        "20:33",
        "22:11"
    ],
    "holiday": [
        "7:02",
        "7:56",
        "8:41",
        "9:01",
        "10:11",
        "11:11",
        "12:11",
        "13:11",
        "14:11",
        "15:11",
        "16:14",
        "16:58",
        "17:38",
        "18:48",
        "19:54",
        "20:33",
        "22:11"
    ],
    "url": "https://www.kanachu.co.jp/dia/diagram/timetable01_js/course:0000803658-10/node:00127560/kt:0/lname:/"
}
