{
    "date": "2025/04/01",
    "name": "川井(平塚市)",
    "position": "-",
    "system": "平73",
    "destinations": [
        "纒公民館前",
        "河内富士見",
        "堀の内(平塚市)",
        "公所(平塚市)",
        "江東",
        "広川(平塚市)",
        "金旭中学校入口",
        "広川矢崎",
        "片岡(平塚市)",
        "南金目",
        "金目駅",
        "堀町(平塚市)",
        "みずほ小学校",
        "塚越古墳",
        "北金目",
        "東海大学東",
        "東海大学1号館前",
        "東海大学前駅入口",
        "東海大学前駅南口"
    ],
    "weekday": [
        "6:43",
        "7:14",
        "7:57",
        "8:22",
        "9:07",
        "9:27",
        "10:18",
        "11:12",
        "12:10",
        "13:12",
        "14:12",
        "15:14",
        "16:16",
        "17:11",
        "17:51",
        "18:46",
        "19:20",
        "19:45",
        "20:35",
        "22:18"
    ],
    "saturday": [
        "7:05",
        "7:59",
        "8:44",
        "9:04",
        "10:14",
        "11:14",
        "12:14",
        "13:14",
        "14:14",
        "15:14",
        "16:17",
        "17:01",
        "17:41",
        "18:51",
        "19:57",
        "20:36",
        "22:14"
    ],
    "holiday": [
        "7:05",
        "7:59",
        "8:44",
        "9:04",
        "10:14",
        "11:14",
        "12:14",
        "13:14",
        "14:14",
        "15:14",
        "16:17",
        "17:01",
        "17:41",
        "18:51",
        "19:57",
        "20:36",
        "22:14"
    ],
    "url": "https://www.kanachu.co.jp/dia/diagram/timetable01_js/course:0000803658-12/node:00127742/kt:0/lname:/"
}
