{
    "date": "2025/04/01",
    "name": "金旭中学校入口",
    "position": "-",
    "system": "平73",
    "destinations": [
        "広川矢崎",
        "片岡(平塚市)",
        "南金目",
        "金目駅",
        "堀町(平塚市)",
        "みずほ小学校",
        "塚越古墳",
        "北金目",
        "東海大学東",
        "東海大学1号館前",
        "東海大学前駅入口",
        "東海大学前駅南口"
    ],
    "weekday": [
        "6:52",
        "7:24",
        "8:07",
        "8:32",
        "9:16",
        "9:36",
        "10:27",
        "11:21",
        "12:19",
        "13:21",
        "14:21",
        "15:23",
        "16:27",
        "17:22",
        "18:02",
        "18:57",
        "19:29",
        "19:54",
        "20:44",
        "22:27"
    ],
    "saturday": [
        "7:13",
        "8:07",
        "8:52",
        "9:13",
        "10:23",
        "11:23",
        "12:23",
        "13:23",
        "14:23",
        "15:23",
        "16:28",
        "17:12",
        "17:52",
        "19:02",
        "20:05",
        "20:44",
        "22:22"
    ],
    "holiday": [
        "7:13",
        "8:07",
        "8:52",
        "9:13",
        "10:23",
        "11:23",
        "12:23",
        "13:23",
        "14:23",
        "15:23",
        "16:28",
        "17:12",
        "17:52",
        "19:02",
        "20:05",
        "20:44",
        "22:22"
    ],
    "url": "https://www.kanachu.co.jp/dia/diagram/timetable01_js/course:0000803658-19/node:00127747/kt:0/lname:/"
}
