{
    "date": "2025/04/01",
    "name": "広川矢崎",
    "position": "-",
    "system": "平73",
    "destinations": [
        "片岡(平塚市)",
        "南金目",
        "金目駅",
        "堀町(平塚市)",
        "みずほ小学校",
        "塚越古墳",
        "北金目",
        "東海大学東",
        "東海大学1号館前",
        "東海大学前駅入口",
        "東海大学前駅南口"
    ],
    "weekday": [
        "6:53",
        "7:25",
        "8:08",
        "8:33",
        "9:17",
        "9:37",
        "10:28",
        "11:22",
        "12:20",
        "13:22",
        "14:22",
        "15:24",
        "16:28",
        "17:23",
        "18:03",
        "18:58",
        "19:30",
        "19:55",
        "20:45",
        "22:28"
    ],
    "saturday": [
        "7:14",
        "8:08",
        "8:53",
        "9:14",
        "10:24",
        "11:24",
        "12:24",
        "13:24",
        "14:24",
        "15:24",
        "16:29",
        "17:13",
        "17:53",
        "19:03",
        "20:06",
        "20:45",
        "22:23"
    ],
    "holiday": [
        "7:14",
        "8:08",
        "8:53",
        "9:14",
        "10:24",
        "11:24",
        "12:24",
        "13:24",
        "14:24",
        "15:24",
        "16:29",
        "17:13",
        "17:53",
        "19:03",
        "20:06",
        "20:45",
        "22:23"
    ],
    "url": "https://www.kanachu.co.jp/dia/diagram/timetable01_js/course:0000803658-20/node:00127748/kt:0/lname:/"
}
