{
    "date": "2025/04/01",
    "name": "片岡(平塚市)",
    "position": "-",
    "system": "平73",
    "destinations": [
        "南金目",
        "金目駅",
        "堀町(平塚市)",
        "みずほ小学校",
        "塚越古墳",
        "北金目",
        "東海大学東",
        "東海大学1号館前",
        "東海大学前駅入口",
        "東海大学前駅南口"
    ],
    "weekday": [
        "6:54",
        "7:26",
        "8:09",
        "8:34",
        "9:18",
        "9:38",
        "10:29",
        "11:23",
        "12:21",
        "13:23",
        "14:23",
        "15:25",
        "16:29",
        "17:24",
        "18:04",
        "18:59",
        "19:31",
        "19:56",
        "20:46",
        "22:29"
    ],
    "saturday": [
        "7:15",
        "8:09",
        "8:54",
        "9:15",
        "10:25",
        "11:25",
        "12:25",
        "13:25",
        "14:25",
        "15:25",
        "16:30",
        "17:14",
        "17:54",
        "19:04",
        "20:07",
        "20:46",
        "22:24"
    ],
    "holiday": [
        "7:15",
        "8:09",
        "8:54",
        "9:15",
        "10:25",
        "11:25",
        "12:25",
        "13:25",
        "14:25",
        "15:25",
        "16:30",
        "17:14",
        "17:54",
        "19:04",
        "20:07",
        "20:46",
        "22:24"
    ],
    "url": "https://www.kanachu.co.jp/dia/diagram/timetable01_js/course:0000803658-21/node:00127733/kt:0/lname:/"
}
