{
    "date": "2025/04/01",
    "name": "みずほ小学校",
    "position": "-",
    "system": "平73",
    "destinations": [
        "塚越古墳",
        "北金目",
        "東海大学東",
        "東海大学1号館前",
        "東海大学前駅入口",
        "東海大学前駅南口"
    ],
    "weekday": [
        "6:58",
        "7:31",
        "8:14",
        "8:39",
        "9:22",
        "9:42",
        "10:33",
        "11:27",
        "12:25",
        "13:27",
        "14:27",
        "15:29",
        "16:34",
        "17:29",
        "18:09",
        "19:03",
        "19:35",
        "20:00",
        "20:50",
        "22:33"
    ],
    "saturday": [
        "7:19",
        "8:13",
        "8:58",
        "9:19",
        "10:29",
        "11:29",
        "12:29",
        "13:29",
        "14:29",
        "15:29",
        "16:34",
        "17:18",
        "17:58",
        "19:08",
        "20:11",
        "20:50",
        "22:28"
    ],
    "holiday": [
        "7:19",
        "8:13",
        "8:58",
        "9:19",
        "10:29",
        "11:29",
        "12:29",
        "13:29",
        "14:29",
        "15:29",
        "16:34",
        "17:18",
        "17:58",
        "19:08",
        "20:11",
        "20:50",
        "22:28"
    ],
    "url": "https://www.kanachu.co.jp/dia/diagram/timetable01_js/course:0000803658-25/node:00128235/kt:0/lname:/"
}
