{
    "date": "2025/04/01",
    "name": "塚越古墳",
    "position": "-",
    "system": "平73",
    "destinations": [
        "北金目",
        "東海大学東",
        "東海大学1号館前",
        "東海大学前駅入口",
        "東海大学前駅南口"
    ],
    "weekday": [
        "6:59",
        "7:32",
        "8:15",
        "8:40",
        "9:23",
        "9:43",
        "10:34",
        "11:28",
        "12:26",
        "13:28",
        "14:28",
        "15:30",
        "16:35",
        "17:30",
        "18:10",
        "19:04",
        "19:36",
        "20:01",
        "20:51",
        "22:34"
    ],
    "saturday": [
        "7:20",
        "8:14",
        "8:59",
        "9:20",
        "10:30",
        "11:30",
        "12:30",
        "13:30",
        "14:30",
        "15:30",
        "16:35",
        "17:19",
        "17:59",
        "19:09",
        "20:12",
        "20:51",
        "22:29"
    ],
    "holiday": [
        "7:20",
        "8:14",
        "8:59",
        "9:20",
        "10:30",
        "11:30",
        "12:30",
        "13:30",
        "14:30",
        "15:30",
        "16:35",
        "17:19",
        "17:59",
        "19:09",
        "20:12",
        "20:51",
        "22:29"
    ],
    "url": "https://www.kanachu.co.jp/dia/diagram/timetable01_js/course:0000803658-26/node:00130347/kt:0/lname:/"
}
