{
    "date": "2025/04/01",
    "name": "北金目",
    "position": "-",
    "system": "平73",
    "destinations": [
        "東海大学東",
        "東海大学1号館前",
        "東海大学前駅入口",
        "東海大学前駅南口"
    ],
    "weekday": [
        "7:00",
        "7:33",
        "8:16",
        "8:41",
        "9:24",
        "9:44",
        "10:35",
        "11:29",
        "12:27",
        "13:29",
        "14:29",
        "15:31",
        "16:36",
        "17:31",
        "18:11",
        "19:05",
        "19:37",
        "20:02",
        "20:52",
        "22:35"
    ],
    "saturday": [
        "7:20",
        "8:14",
        "8:59",
        "9:21",
        "10:31",
        "11:31",
        "12:31",
        "13:31",
        "14:31",
        "15:31",
        "16:36",
        "17:20",
        "18:00",
        "19:09",
        "20:12",
        "20:51",
        "22:29"
    ],
    "holiday": [
        "7:20",
        "8:14",
        "8:59",
        "9:21",
        "10:31",
        "11:31",
        "12:31",
        "13:31",
        "14:31",
        "15:31",
        "16:36",
        "17:19",
        "17:59",
        "19:09",
        "20:12",
        "20:51",
        "22:29"
    ],
    "url": "https://www.kanachu.co.jp/dia/diagram/timetable01_js/course:0000803658-27/node:00130533/kt:0/lname:/"
}
