{
    "date": "2025/04/01",
    "name": "東海大学東",
    "position": "-",
    "system": "平73",
    "destinations": [
        "東海大学1号館前",
        "東海大学前駅入口",
        "東海大学前駅南口"
    ],
    "weekday": [
        "7:01",
        "7:34",
        "8:17",
        "8:42",
        "9:25",
        "9:45",
        "10:36",
        "11:30",
        "12:28",
        "13:30",
        "14:30",
        "15:32",
        "16:37",
        "17:32",
        "18:12",
        "19:06",
        "19:38",
        "20:03",
        "20:53",
        "22:36"
    ],
    "saturday": [
        "7:21",
        "8:15",
        "9:00",
        "9:22",
        "10:32",
        "11:32",
        "12:32",
        "13:32",
        "14:32",
        "15:32",
        "16:37",
        "17:21",
        "18:01",
        "19:10",
        "20:13",
        "20:52",
        "22:30"
    ],
    "holiday": [
        "7:21",
        "8:15",
        "9:00",
        "9:22",
        "10:32",
        "11:32",
        "12:32",
        "13:32",
        "14:32",
        "15:32",
        "16:37",
        "17:20",
        "18:00",
        "19:10",
        "20:13",
        "20:52",
        "22:30"
    ],
    "url": "https://www.kanachu.co.jp/dia/diagram/timetable01_js/course:0000803658-28/node:00130534/kt:0/lname:/"
}
