{
    "system": "平73",
    "busstops": [
        {
            "index": "1",
            "id": "00127464",
            "name": "平塚駅北口",
            "lat": "35.329426",
            "lng": "139.350252"
        },
        {
            "index": "2",
            "id": "00127190",
            "name": "四ツ角(平塚市)",
            "lat": "35.330828",
            "lng": "139.350049"
        },
        {
            "index": "3",
            "id": "00127553",
            "name": "市役所前(ゴム前/平塚市)",
            "lat": "35.333286",
            "lng": "139.347605"
        },
        {
            "index": "4",
            "id": "00127554",
            "name": "横浜ゴム前",
            "lat": "35.334945",
            "lng": "139.344682"
        },
        {
            "index": "5",
            "id": "00127555",
            "name": "立野町(平塚市)",
            "lat": "35.335611",
            "lng": "139.341704"
        },
        {
            "index": "6",
            "id": "00127556",
            "name": "追分(平塚市)",
            "lat": "35.336162",
            "lng": "139.338963"
        },
        {
            "index": "7",
            "id": "00127557",
            "name": "江南高校前",
            "lat": "35.337222",
            "lng": "139.33376"
        },
        {
            "index": "8",
            "id": "00127558",
            "name": "向原(平塚市)",
            "lat": "35.338036",
            "lng": "139.330718"
        },
        {
            "index": "9",
            "id": "00127559",
            "name": "南原(平塚市)",
            "lat": "35.338833",
            "lng": "139.328854"
        },
        {
            "index": "10",
            "id": "00127560",
            "name": "南原土手",
            "lat": "35.339983",
            "lng": "139.323446"
        },
        {
            "index": "11",
            "id": "00127741",
            "name": "纒入口",
            "lat": "35.341589",
            "lng": "139.320418"
        },
        {
            "index": "12",
            "id": "00127742",
            "name": "川井(平塚市)",
            "lat": "35.342523",
            "lng": "139.317412"
        },
        {
            "index": "13",
            "id": "00127743",
            "name": "纒公民館前",
            "lat": "35.344082",
            "lng": "139.311007"
        },
        {
            "index": "14",
            "id": "00127744",
            "name": "河内富士見",
            "lat": "35.344094",
            "lng": "139.308678"
        },
        {
            "index": "15",
            "id": "00127566",
            "name": "堀の内(平塚市)",
            "lat": "35.345409",
            "lng": "139.303998"
        },
        {
            "index": "16",
            "id": "00127567",
            "name": "公所(平塚市)",
            "lat": "35.34635",
            "lng": "139.30166"
        },
        {
            "index": "17",
            "id": "00127745",
            "name": "江東",
            "lat": "35.350279",
            "lng": "139.302238"
        },
        {
            "index": "18",
            "id": "00127746",
            "name": "広川(平塚市)",
            "lat": "35.352217",
            "lng": "139.301503"
        },
        {
            "index": "19",
            "id": "00127747",
            "name": "金旭中学校入口",
            "lat": "35.355358",
            "lng": "139.301859"
        },
        {
            "index": "20",
            "id": "00127748",
            "name": "広川矢崎",
            "lat": "35.357495",
            "lng": "139.301049"
        },
        {
            "index": "21",
            "id": "00127733",
            "name": "片岡(平塚市)",
            "lat": "35.358425",
            "lng": "139.297834"
        },
        {
            "index": "22",
            "id": "00127732",
            "name": "南金目",
            "lat": "35.359114",
            "lng": "139.291855"
        },
        {
            "index": "23",
            "id": "00127731",
            "name": "金目駅",
            "lat": "35.359193",
            "lng": "139.289047"
        },
        {
            "index": "24",
            "id": "00128236",
            "name": "堀町(平塚市)",
            "lat": "35.360757",
            "lng": "139.286322"
        },
        {
            "index": "25",
            "id": "00128235",
            "name": "みずほ小学校",
            "lat": "35.364393",
            "lng": "139.285968"
        },
        {
            "index": "26",
            "id": "00130347",
            "name": "塚越古墳",
            "lat": "35.366831",
            "lng": "139.285123"
        },
        {
            "index": "27",
            "id": "00130533",
            "name": "北金目",
            "lat": "35.367321",
            "lng": "139.282498"
        },
        {
            "index": "28",
            "id": "00130534",
            "name": "東海大学東",
            "lat": "35.367078",
            "lng": "139.278247"
        },
        {
            "index": "29",
            "id": "00130522",
            "name": "東海大学1号館前",
            "lat": "35.366404",
            "lng": "139.274206"
        },
        {
            "index": "30",
            "id": "00127760",
            "name": "東海大学前駅入口",
            "lat": "35.371483",
            "lng": "139.273756"
        },
        {
            "index": "31",
            "id": "00128055",
            "name": "東海大学前駅南口",
            "lat": "35.372851",
            "lng": "139.271367"
        }
    ],
    "route_url": "https://www.kanachu.co.jp/dia/route/index/cid:0000803658/"
}
