{
    "date": "2025/11/25",
    "name": "水の口(町田市)",
    "position": "-",
    "system": "原19",
    "destinations": [
        "円林寺前",
        "境橋(町田市)",
        "根岸(相原町/町田市)",
        "相原十字路",
        "開都",
        "相原小学校前",
        "諏訪神社前(町田市)",
        "相原駅西口"
    ],
    "weekday": [
        "5:47",
        "6:06",
        "6:39",
        "7:16",
        "7:29",
        "7:54",
        "8:09",
        "8:31",
        "8:56",
        "9:29",
        "9:49",
        "10:21",
        "11:06",
        "11:13",
        "11:43",
        "12:03",
        "12:43",
        "13:08",
        "13:18",
        "13:28",
        "13:38",
        "14:03",
        "14:18",
        "14:33",
        "14:44",
        "15:11",
        "15:38",
        "15:51",
        "16:23",
        "17:01",
        "17:11",
        "17:28",
        "17:46",
        "17:56",
        "18:46",
        "19:01",
        "19:09",
        "19:16",
        "19:33",
        "20:08",
        "20:48"
    ],
    "saturday": [
        "6:11",
        "7:18",
        "7:56",
        "8:11",
        "8:41",
        "8:56",
        "9:31",
        "10:11",
        "11:01",
        "11:51",
        "12:41",
        "13:16",
        "14:06",
        "14:56",
        "15:36",
        "16:21",
        "17:06",
        "17:51",
        "18:36",
        "19:21",
        "20:06"
    ],
    "holiday": [
        "6:25",
        "7:18",
        "8:06",
        "8:51",
        "9:36",
        "10:16",
        "11:01",
        "11:51",
        "12:31",
        "13:16",
        "14:06",
        "14:56",
        "15:36",
        "16:21",
        "17:06",
        "17:51",
        "18:36",
        "19:21",
        "20:06"
    ],
    "url": "https://www.kanachu.co.jp/dia/diagram/timetable01_js/course:0000802289-3/node:00128893/kt:0/lname:/"
}
