{
    "date": "2022/05/16",
    "name": "井ノ口駐在所前",
    "position": "-",
    "system": "秦70",
    "destinations": [
        "東名秦野",
        "南が丘東",
        "立野緑地入口",
        "日赤病院前(秦野市)",
        "小原台入口(秦野市)",
        "上尾尻橋",
        "秦野駅南口"
    ],
    "weekday": [
        "7:02",
        "8:00",
        "8:32",
        "9:07",
        "18:13",
        "19:13"
    ],
    "saturday": [],
    "holiday": [],
    "url": "https://www.kanachu.co.jp/dia/diagram/timetable01_js/course:0000802644-6/node:00127992/kt:0/lname:/"
}
