{
    "date": "2025/11/16",
    "name": "下宿(伊勢原市)",
    "position": "-",
    "system": "伊19",
    "destinations": [
        "伊勢原中学校前",
        "下大竹",
        "馬渡(伊勢原市)",
        "矢羽根",
        "城所入口",
        "大句",
        "岡崎城址入口",
        "王御住グランド前",
        "みどりヶ丘(平塚市)",
        "宮上(平塚市)",
        "ふじみ野"
    ],
    "weekday": [
        "16:11",
        "17:11",
        "17:55",
        "18:55",
        "19:55",
        "20:54"
    ],
    "saturday": [
        "16:21",
        "17:21",
        "18:21",
        "19:21",
        "20:31",
        "21:11"
    ],
    "holiday": [
        "16:21",
        "17:21",
        "18:21",
        "19:21",
        "20:31",
        "21:11"
    ],
    "url": "https://www.kanachu.co.jp/dia/diagram/timetable01_js/course:0000800888-2/node:00128057/kt:0/lname:/"
}
