{
    "date": "2025/11/16",
    "name": "岡崎城址入口",
    "position": "-",
    "system": "伊19",
    "destinations": [
        "王御住グランド前",
        "みどりヶ丘(平塚市)",
        "宮上(平塚市)",
        "ふじみ野"
    ],
    "weekday": [
        "16:18",
        "17:18",
        "18:02",
        "19:02",
        "20:01",
        "21:00"
    ],
    "saturday": [
        "16:27",
        "17:27",
        "18:27",
        "19:27",
        "20:37",
        "21:17"
    ],
    "holiday": [
        "16:27",
        "17:27",
        "18:27",
        "19:27",
        "20:37",
        "21:17"
    ],
    "url": "https://www.kanachu.co.jp/dia/diagram/timetable01_js/course:0000800888-9/node:00128218/kt:0/lname:/"
}
