{
    "date": "2024/01/15",
    "name": "五反田(藤沢市)",
    "position": "-",
    "system": "藤34",
    "destinations": [
        "北の谷",
        "弁天前(藤沢市)",
        "天神社前",
        "舟地蔵",
        "大六天(藤沢市)",
        "明治小学校前",
        "羽鳥(藤沢市)",
        "メルシャン前",
        "引地橋",
        "一中入口(藤沢市)",
        "湘南高校前",
        "台町(藤沢市)",
        "白旗交差点",
        "本町小学校前(藤沢市)",
        "南仲通り二丁目",
        "南仲通り",
        "相生町(藤沢市)",
        "三富士町",
        "藤沢駅北口"
    ],
    "weekday": [],
    "saturday": [
        "10:17",
        "11:19",
        "12:19",
        "13:19",
        "14:19",
        "15:20",
        "16:20"
    ],
    "holiday": [
        "10:17",
        "11:19",
        "12:19",
        "13:19",
        "14:19",
        "15:20",
        "16:20"
    ],
    "url": "https://www.kanachu.co.jp/dia/diagram/timetable01_js/course:0000800735-10/node:00127061/kt:0/lname:/"
}
