{
    "date": "2024/01/15",
    "name": "弁天前(藤沢市)",
    "position": "-",
    "system": "藤34",
    "destinations": [
        "天神社前",
        "舟地蔵",
        "大六天(藤沢市)",
        "明治小学校前",
        "羽鳥(藤沢市)",
        "メルシャン前",
        "引地橋",
        "一中入口(藤沢市)",
        "湘南高校前",
        "台町(藤沢市)",
        "白旗交差点",
        "本町小学校前(藤沢市)",
        "南仲通り二丁目",
        "南仲通り",
        "相生町(藤沢市)",
        "三富士町",
        "藤沢駅北口"
    ],
    "weekday": [],
    "saturday": [
        "10:20",
        "11:22",
        "12:22",
        "13:22",
        "14:22",
        "15:23",
        "16:23"
    ],
    "holiday": [
        "10:20",
        "11:22",
        "12:22",
        "13:22",
        "14:22",
        "15:23",
        "16:23"
    ],
    "url": "https://www.kanachu.co.jp/dia/diagram/timetable01_js/course:0000800735-12/node:00127059/kt:0/lname:/"
}
