{
    "date": "2024/01/15",
    "name": "台町(藤沢市)",
    "position": "-",
    "system": "藤34",
    "destinations": [
        "白旗交差点",
        "本町小学校前(藤沢市)",
        "南仲通り二丁目",
        "南仲通り",
        "相生町(藤沢市)",
        "三富士町",
        "藤沢駅北口"
    ],
    "weekday": [],
    "saturday": [
        "10:33",
        "11:35",
        "12:35",
        "13:35",
        "14:35",
        "15:37",
        "16:37"
    ],
    "holiday": [
        "10:33",
        "11:35",
        "12:35",
        "13:35",
        "14:35",
        "15:37",
        "16:37"
    ],
    "url": "https://www.kanachu.co.jp/dia/diagram/timetable01_js/course:0000800735-22/node:00127049/kt:0/lname:/"
}
