{
    "date": "2024/01/15",
    "name": "白旗交差点",
    "position": "-",
    "system": "藤34",
    "destinations": [
        "本町小学校前(藤沢市)",
        "南仲通り二丁目",
        "南仲通り",
        "相生町(藤沢市)",
        "三富士町",
        "藤沢駅北口"
    ],
    "weekday": [],
    "saturday": [
        "10:34",
        "11:36",
        "12:36",
        "13:36",
        "14:36",
        "15:38",
        "16:38"
    ],
    "holiday": [
        "10:34",
        "11:36",
        "12:36",
        "13:36",
        "14:36",
        "15:38",
        "16:38"
    ],
    "url": "https://www.kanachu.co.jp/dia/diagram/timetable01_js/course:0000800735-23/node:00127012/kt:0/lname:/"
}
