{
    "date": "2024/01/15",
    "name": "南仲通り二丁目",
    "position": "-",
    "system": "藤34",
    "destinations": [
        "南仲通り",
        "相生町(藤沢市)",
        "三富士町",
        "藤沢駅北口"
    ],
    "weekday": [],
    "saturday": [
        "10:36",
        "11:38",
        "12:38",
        "13:38",
        "14:38",
        "15:40",
        "16:40"
    ],
    "holiday": [
        "10:36",
        "11:38",
        "12:38",
        "13:38",
        "14:38",
        "15:40",
        "16:40"
    ],
    "url": "https://www.kanachu.co.jp/dia/diagram/timetable01_js/course:0000800735-25/node:00127110/kt:0/lname:/"
}
