{
    "date": "2024/01/15",
    "name": "相生町(藤沢市)",
    "position": "-",
    "system": "藤34",
    "destinations": [
        "三富士町",
        "藤沢駅北口"
    ],
    "weekday": [],
    "saturday": [
        "10:38",
        "11:40",
        "12:40",
        "13:40",
        "14:40",
        "15:42",
        "16:42"
    ],
    "holiday": [
        "10:38",
        "11:40",
        "12:40",
        "13:40",
        "14:40",
        "15:42",
        "16:42"
    ],
    "url": "https://www.kanachu.co.jp/dia/diagram/timetable01_js/course:0000800735-27/node:00126972/kt:0/lname:/"
}
