{
    "date": "2024/01/15",
    "name": "三富士町",
    "position": "-",
    "system": "藤34",
    "destinations": [
        "藤沢駅北口"
    ],
    "weekday": [],
    "saturday": [
        "10:39",
        "11:41",
        "12:41",
        "13:41",
        "14:41",
        "15:43",
        "16:43"
    ],
    "holiday": [
        "10:39",
        "11:41",
        "12:41",
        "13:41",
        "14:41",
        "15:43",
        "16:43"
    ],
    "url": "https://www.kanachu.co.jp/dia/diagram/timetable01_js/course:0000800735-28/node:00126971/kt:0/lname:/"
}
