{
    "date": "2025/04/01",
    "name": "図師",
    "position": "-",
    "system": "町39",
    "destinations": [
        "図師大橋",
        "日影橋",
        "日大三高入口",
        "市立室内プール",
        "尾根緑道入口",
        "桜美林学園東",
        "忠生都営住宅前",
        "根岸(根岸町/町田市)",
        "下根岸(町田市)",
        "上宿(町田市)",
        "忠生公園入口",
        "木曽(町田市)",
        "三家(町田市)",
        "木曽住宅",
        "滝の沢(町田市)",
        "浄水場前(町田市)",
        "市民病院前(町田市)",
        "森野三丁目",
        "第四小学校前(町田市)",
        "町田市役所市民ホール前",
        "町田バスセンター"
    ],
    "weekday": [
        "6:22",
        "7:35",
        "8:35",
        "9:20",
        "10:15",
        "11:05",
        "11:55",
        "12:15",
        "12:35",
        "13:37",
        "14:25",
        "15:15",
        "16:15",
        "17:10",
        "17:35",
        "18:00",
        "18:50",
        "19:44",
        "20:04",
        "20:34",
        "21:24"
    ],
    "saturday": [
        "7:40",
        "8:35",
        "9:25",
        "10:15",
        "11:05",
        "11:57",
        "12:45",
        "13:35",
        "14:15",
        "15:25",
        "16:25",
        "17:25",
        "18:38",
        "19:24"
    ],
    "holiday": [
        "7:40",
        "8:35",
        "9:22",
        "10:15",
        "11:05",
        "11:33",
        "11:55",
        "12:45",
        "13:35",
        "14:25",
        "15:21",
        "16:15",
        "17:25",
        "18:09",
        "19:16"
    ],
    "url": "https://www.kanachu.co.jp/dia/diagram/timetable01_js/course:0000803209-4/node:00129370/kt:0/lname:/"
}
