{
    "date": "2025/04/01",
    "name": "下根岸(町田市)",
    "position": "-",
    "system": "町39",
    "destinations": [
        "上宿(町田市)",
        "忠生公園入口",
        "木曽(町田市)",
        "三家(町田市)",
        "木曽住宅",
        "滝の沢(町田市)",
        "浄水場前(町田市)",
        "市民病院前(町田市)",
        "森野三丁目",
        "第四小学校前(町田市)",
        "町田市役所市民ホール前",
        "町田バスセンター"
    ],
    "weekday": [
        "6:32",
        "7:47",
        "8:47",
        "9:32",
        "10:27",
        "11:17",
        "12:07",
        "12:27",
        "12:47",
        "13:49",
        "14:37",
        "15:27",
        "16:27",
        "17:22",
        "17:47",
        "18:12",
        "19:02",
        "19:55",
        "20:15",
        "20:45",
        "21:34"
    ],
    "saturday": [
        "7:52",
        "8:47",
        "9:37",
        "10:27",
        "11:17",
        "12:09",
        "12:57",
        "13:47",
        "14:27",
        "15:37",
        "16:37",
        "17:37",
        "18:50",
        "19:35"
    ],
    "holiday": [
        "7:51",
        "8:46",
        "9:34",
        "10:27",
        "11:17",
        "11:45",
        "12:07",
        "12:57",
        "13:47",
        "14:37",
        "15:33",
        "16:27",
        "17:37",
        "18:20",
        "19:27"
    ],
    "url": "https://www.kanachu.co.jp/dia/diagram/timetable01_js/course:0000803209-13/node:00129366/kt:0/lname:/"
}
