{
    "date": "2025/04/01",
    "name": "上宿(町田市)",
    "position": "-",
    "system": "町39",
    "destinations": [
        "忠生公園入口",
        "木曽(町田市)",
        "三家(町田市)",
        "木曽住宅",
        "滝の沢(町田市)",
        "浄水場前(町田市)",
        "市民病院前(町田市)",
        "森野三丁目",
        "第四小学校前(町田市)",
        "町田市役所市民ホール前",
        "町田バスセンター"
    ],
    "weekday": [
        "6:33",
        "7:48",
        "8:48",
        "9:33",
        "10:28",
        "11:18",
        "12:08",
        "12:28",
        "12:48",
        "13:50",
        "14:38",
        "15:28",
        "16:28",
        "17:23",
        "17:48",
        "18:13",
        "19:03",
        "19:56",
        "20:16",
        "20:46",
        "21:35"
    ],
    "saturday": [
        "7:53",
        "8:48",
        "9:38",
        "10:28",
        "11:18",
        "12:10",
        "12:58",
        "13:48",
        "14:28",
        "15:38",
        "16:38",
        "17:38",
        "18:51",
        "19:36"
    ],
    "holiday": [
        "7:52",
        "8:47",
        "9:35",
        "10:28",
        "11:18",
        "11:46",
        "12:08",
        "12:58",
        "13:48",
        "14:38",
        "15:34",
        "16:28",
        "17:38",
        "18:21",
        "19:28"
    ],
    "url": "https://www.kanachu.co.jp/dia/diagram/timetable01_js/course:0000803209-14/node:00129365/kt:0/lname:/"
}
