{
    "date": "2025/04/01",
    "name": "三家(町田市)",
    "position": "-",
    "system": "町39",
    "destinations": [
        "木曽住宅",
        "滝の沢(町田市)",
        "浄水場前(町田市)",
        "市民病院前(町田市)",
        "森野三丁目",
        "第四小学校前(町田市)",
        "町田市役所市民ホール前",
        "町田バスセンター"
    ],
    "weekday": [
        "6:37",
        "7:52",
        "8:52",
        "9:37",
        "10:32",
        "11:22",
        "12:12",
        "12:32",
        "12:52",
        "13:54",
        "14:42",
        "15:32",
        "16:32",
        "17:27",
        "17:52",
        "18:17",
        "19:06",
        "19:59",
        "20:19",
        "20:49",
        "21:38"
    ],
    "saturday": [
        "7:57",
        "8:52",
        "9:42",
        "10:32",
        "11:22",
        "12:14",
        "13:02",
        "13:52",
        "14:32",
        "15:42",
        "16:42",
        "17:42",
        "18:55",
        "19:39"
    ],
    "holiday": [
        "7:56",
        "8:51",
        "9:39",
        "10:32",
        "11:22",
        "11:50",
        "12:12",
        "13:02",
        "13:52",
        "14:42",
        "15:38",
        "16:32",
        "17:42",
        "18:24",
        "19:31"
    ],
    "url": "https://www.kanachu.co.jp/dia/diagram/timetable01_js/course:0000803209-17/node:00129363/kt:0/lname:/"
}
