{
    "date": "2025/04/01",
    "name": "木曽住宅",
    "position": "-",
    "system": "町39",
    "destinations": [
        "滝の沢(町田市)",
        "浄水場前(町田市)",
        "市民病院前(町田市)",
        "森野三丁目",
        "第四小学校前(町田市)",
        "町田市役所市民ホール前",
        "町田バスセンター"
    ],
    "weekday": [
        "6:38",
        "7:53",
        "8:53",
        "9:38",
        "10:33",
        "11:23",
        "12:13",
        "12:33",
        "12:53",
        "13:55",
        "14:43",
        "15:33",
        "16:33",
        "17:28",
        "17:53",
        "18:18",
        "19:07",
        "20:00",
        "20:20",
        "20:50",
        "21:39"
    ],
    "saturday": [
        "7:58",
        "8:53",
        "9:43",
        "10:33",
        "11:23",
        "12:15",
        "13:03",
        "13:53",
        "14:33",
        "15:43",
        "16:43",
        "17:43",
        "18:56",
        "19:40"
    ],
    "holiday": [
        "7:57",
        "8:52",
        "9:40",
        "10:33",
        "11:23",
        "11:51",
        "12:13",
        "13:03",
        "13:53",
        "14:43",
        "15:39",
        "16:33",
        "17:43",
        "18:25",
        "19:32"
    ],
    "url": "https://www.kanachu.co.jp/dia/diagram/timetable01_js/course:0000803209-18/node:00129362/kt:0/lname:/"
}
