{
    "date": "2025/04/01",
    "name": "滝の沢(町田市)",
    "position": "-",
    "system": "町39",
    "destinations": [
        "浄水場前(町田市)",
        "市民病院前(町田市)",
        "森野三丁目",
        "第四小学校前(町田市)",
        "町田市役所市民ホール前",
        "町田バスセンター"
    ],
    "weekday": [
        "6:40",
        "7:55",
        "8:55",
        "9:40",
        "10:35",
        "11:25",
        "12:15",
        "12:35",
        "12:55",
        "13:57",
        "14:45",
        "15:35",
        "16:35",
        "17:30",
        "17:55",
        "18:20",
        "19:09",
        "20:02",
        "20:22",
        "20:52",
        "21:40"
    ],
    "saturday": [
        "7:59",
        "8:54",
        "9:45",
        "10:35",
        "11:25",
        "12:17",
        "13:05",
        "13:55",
        "14:35",
        "15:45",
        "16:45",
        "17:45",
        "18:58",
        "19:42"
    ],
    "holiday": [
        "7:58",
        "8:53",
        "9:42",
        "10:35",
        "11:25",
        "11:53",
        "12:15",
        "13:05",
        "13:55",
        "14:45",
        "15:41",
        "16:35",
        "17:45",
        "18:26",
        "19:33"
    ],
    "url": "https://www.kanachu.co.jp/dia/diagram/timetable01_js/course:0000803209-19/node:00129361/kt:0/lname:/"
}
