{
    "date": "2025/04/01",
    "name": "第四小学校前(町田市)",
    "position": "-",
    "system": "町39",
    "destinations": [
        "町田市役所市民ホール前",
        "町田バスセンター"
    ],
    "weekday": [
        "6:46",
        "8:01",
        "9:01",
        "9:46",
        "10:41",
        "11:31",
        "12:21",
        "12:41",
        "13:01",
        "14:03",
        "14:51",
        "15:41",
        "16:41",
        "17:36",
        "18:01",
        "18:26",
        "19:15",
        "20:08",
        "20:28",
        "20:58",
        "21:44"
    ],
    "saturday": [
        "8:05",
        "9:00",
        "9:51",
        "10:41",
        "11:31",
        "12:23",
        "13:11",
        "14:01",
        "14:41",
        "15:51",
        "16:51",
        "17:51",
        "19:04",
        "19:48"
    ],
    "holiday": [
        "8:04",
        "8:59",
        "9:48",
        "10:41",
        "11:31",
        "11:59",
        "12:21",
        "13:11",
        "14:01",
        "14:51",
        "15:47",
        "16:41",
        "17:51",
        "18:32",
        "19:39"
    ],
    "url": "https://www.kanachu.co.jp/dia/diagram/timetable01_js/course:0000803209-23/node:00129357/kt:0/lname:/"
}
