{
    "date": "2025/11/16",
    "name": "白山みどり",
    "position": "-",
    "system": "鴨02",
    "destinations": [
        "白山中央",
        "白山二丁目(横浜市緑区)",
        "白山一丁目(横浜市緑区)",
        "鴨居橋",
        "鴨居駅"
    ],
    "weekday": [
        "5:24",
        "6:13",
        "6:33",
        "7:22",
        "7:30",
        "10:52",
        "11:12",
        "12:08",
        "12:33",
        "12:41",
        "13:56",
        "14:17",
        "15:20",
        "16:27",
        "17:33",
        "18:44",
        "20:58"
    ],
    "saturday": [
        "5:36",
        "8:10",
        "8:29",
        "8:39",
        "8:49",
        "10:24",
        "11:27",
        "12:58",
        "13:58",
        "14:38",
        "15:57",
        "17:25",
        "18:58"
    ],
    "holiday": [
        "6:44",
        "7:01",
        "8:30",
        "8:50",
        "9:48",
        "9:58",
        "11:33",
        "12:32",
        "14:47",
        "15:09",
        "18:53",
        "18:58"
    ],
    "url": "https://www.kanachu.co.jp/dia/diagram/timetable01_js/course:0000802226-4/node:00102934/kt:0/lname:/"
}
