{
    "date": "2025/11/16",
    "name": "白山中央",
    "position": "-",
    "system": "鴨02",
    "destinations": [
        "白山二丁目(横浜市緑区)",
        "白山一丁目(横浜市緑区)",
        "鴨居橋",
        "鴨居駅"
    ],
    "weekday": [
        "5:25",
        "6:14",
        "6:34",
        "7:23",
        "7:31",
        "10:53",
        "11:13",
        "12:09",
        "12:34",
        "12:42",
        "13:57",
        "14:18",
        "15:21",
        "16:28",
        "17:34",
        "18:45",
        "20:59"
    ],
    "saturday": [
        "5:37",
        "8:11",
        "8:30",
        "8:40",
        "8:50",
        "10:25",
        "11:28",
        "12:59",
        "13:59",
        "14:39",
        "15:58",
        "17:26",
        "18:59"
    ],
    "holiday": [
        "6:45",
        "7:02",
        "8:31",
        "8:51",
        "9:49",
        "9:59",
        "11:34",
        "12:33",
        "14:48",
        "15:10",
        "18:54",
        "18:59"
    ],
    "url": "https://www.kanachu.co.jp/dia/diagram/timetable01_js/course:0000802226-5/node:00102933/kt:0/lname:/"
}
