{
    "date": "2025/11/16",
    "name": "白山二丁目(横浜市緑区)",
    "position": "-",
    "system": "鴨02",
    "destinations": [
        "白山一丁目(横浜市緑区)",
        "鴨居橋",
        "鴨居駅"
    ],
    "weekday": [
        "5:26",
        "6:15",
        "6:35",
        "7:24",
        "7:32",
        "10:54",
        "11:14",
        "12:10",
        "12:35",
        "12:43",
        "13:58",
        "14:19",
        "15:22",
        "16:29",
        "17:35",
        "18:46",
        "21:00"
    ],
    "saturday": [
        "5:38",
        "8:12",
        "8:31",
        "8:41",
        "8:51",
        "10:26",
        "11:29",
        "13:00",
        "14:00",
        "14:40",
        "15:59",
        "17:27",
        "19:00"
    ],
    "holiday": [
        "6:46",
        "7:03",
        "8:32",
        "8:52",
        "9:50",
        "10:00",
        "11:35",
        "12:34",
        "14:49",
        "15:11",
        "18:55",
        "19:00"
    ],
    "url": "https://www.kanachu.co.jp/dia/diagram/timetable01_js/course:0000802226-6/node:00103268/kt:0/lname:/"
}
