{
  "date": "2024/07/08",
  "name": "町田バスセンター",
  "position": "2番のりば",
  "system": "町17",
  "destinations": [
    "町田市役所市民ホール前",
    "妙延寺(町田市)",
    "森野五丁目",
    "森野六丁目",
    "桧台入口",
    "木曽都営入口",
    "境川団地入口",
    "境川団地中央",
    "境川団地",
    "横町(町田市)",
    "木曽南団地",
    "町田総合高校前",
    "淡島公園入口",
    "根岸町内会館前",
    "日向根トンネル",
    "矢部八幡前",
    "山王下(相模原市中央区)",
    "山王(相模原市中央区)",
    "小学校入口(相模原市中央区)",
    "淵野辺郵便局前",
    "幸町(相模原市中央区)",
    "淵野辺駅北口"
  ],
  "weekday": [
    "7:00",
    "8:00",
    "9:10",
    "10:10",
    "10:56",
    "12:00",
    "13:00",
    "14:00",
    "15:00",
    "16:10",
    "17:05",
    "18:15",
    "19:40"
  ],
  "saturday": [
    "7:20",
    "8:20",
    "9:20",
    "10:20",
    "11:20",
    "12:20",
    "13:20",
    "14:20",
    "15:20",
    "16:20",
    "17:20",
    "18:20",
    "19:20"
  ],
  "holiday": [
    "7:15",
    "8:15",
    "9:15",
    "10:15",
    "11:15",
    "12:15",
    "13:15",
    "14:15",
    "15:15",
    "16:15",
    "17:15",
    "18:15",
    "19:15"
  ],
  "url": "https://www.kanachu.co.jp/dia/diagram/timetable01_js/course:0000801123-1/node:00025625/kt:2/lname:/dts:1740506400"
}