{
  "date": "2025/04/01",
  "name": "町田市役所市民ホール前",
  "position": "-",
  "system": "町17",
  "destinations": [
    "妙延寺(町田市)",
    "森野五丁目",
    "森野六丁目",
    "桧台入口",
    "木曽都営入口",
    "境川団地入口",
    "境川団地中央",
    "境川団地",
    "横町(町田市)",
    "木曽南団地",
    "町田総合高校前",
    "淡島公園入口",
    "根岸町内会館入口",
    "日向根トンネル",
    "矢部八幡前",
    "山王下(相模原市中央区)",
    "山王(相模原市中央区)",
    "小学校入口(相模原市中央区)",
    "淵野辺郵便局前",
    "幸町(相模原市中央区)",
    "淵野辺駅北口"
  ],
  "weekday": [
    "7:02",
    "8:02",
    "9:12",
    "10:12",
    "11:02",
    "12:02",
    "13:02",
    "14:02",
    "15:02",
    "16:12",
    "17:07",
    "18:17",
    "19:42"
  ],
  "saturday": [
    "7:22",
    "8:22",
    "9:22",
    "10:22",
    "11:22",
    "12:22",
    "13:22",
    "14:22",
    "15:22",
    "16:22",
    "17:22",
    "18:22",
    "19:22"
  ],
  "holiday": [
    "7:17",
    "8:17",
    "9:17",
    "10:17",
    "11:17",
    "12:17",
    "13:17",
    "14:17",
    "15:17",
    "16:17",
    "17:17",
    "18:17",
    "19:17"
  ],
  "url": "https://www.kanachu.co.jp/dia/diagram/timetable01_js/course:0000801123-2/node:00129356/kt:0/lname:/"
}