{
  "date": "2025/04/01",
  "name": "町田総合高校前",
  "position": "サイゼリヤ前",
  "system": "町17",
  "destinations": [
    "淡島公園入口",
    "根岸町内会館前",
    "日向根トンネル",
    "矢部八幡前",
    "山王下(相模原市中央区)",
    "山王(相模原市中央区)",
    "小学校入口(相模原市中央区)",
    "淵野辺郵便局前",
    "幸町(相模原市中央区)",
    "淵野辺駅北口"
  ],
  "weekday": [
    "7:11",
    "8:13",
    "9:24",
    "10:24",
    "11:14",
    "12:14",
    "13:14",
    "14:14",
    "15:14",
    "16:24",
    "17:19",
    "18:29",
    "19:51"
  ],
  "saturday": [
    "7:31",
    "8:32",
    "9:32",
    "10:32",
    "11:34",
    "12:34",
    "13:34",
    "14:34",
    "15:34",
    "16:34",
    "17:34",
    "18:34",
    "19:33"
  ],
  "holiday": [
    "7:26",
    "8:26",
    "9:27",
    "10:27",
    "11:29",
    "12:29",
    "13:29",
    "14:29",
    "15:29",
    "16:29",
    "17:29",
    "18:29",
    "19:26"
  ],
  "url": "https://www.kanachu.co.jp/dia/diagram/timetable01_js/course:0000801123-13/node:00129495/kt:0/lname:/dts:1740420000"
}