{
  "date": "2025/04/01",
  "name": "幸町(相模原市中央区)",
  "position": "-",
  "system": "町17",
  "destinations": [
    "淵野辺駅北口"
  ],
  "weekday": [
    "7:19",
    "8:22",
    "9:32",
    "10:32",
    "11:22",
    "12:22",
    "13:22",
    "14:22",
    "15:22",
    "16:32",
    "17:28",
    "18:38",
    "19:59"
  ],
  "saturday": [
    "7:39",
    "8:40",
    "9:40",
    "10:40",
    "11:42",
    "12:42",
    "13:42",
    "14:43",
    "15:43",
    "16:43",
    "17:43",
    "18:43",
    "19:41"
  ],
  "holiday": [
    "7:34",
    "8:34",
    "9:35",
    "10:35",
    "11:37",
    "12:37",
    "13:37",
    "14:37",
    "15:37",
    "16:38",
    "17:38",
    "18:38",
    "19:34"
  ],
  "url": "https://www.kanachu.co.jp/dia/diagram/timetable01_js/course:0000801123-22/node:00129148/kt:0/lname:/"
}