{
    "date": "2024/03/16",
    "name": "町田市民病院",
    "position": "-",
    "system": "町18",
    "destinations": [
        "五間道路",
        "図書館前(町田市)",
        "中町一丁目(町田市)",
        "原町田五丁目",
        "原町田四丁目",
        "町田ターミナル前",
        "町田バスセンター"
    ],
    "weekday": [
        "7:56",
        "8:36",
        "9:16",
        "9:51",
        "10:31",
        "11:06",
        "11:41",
        "12:16",
        "12:56",
        "13:31",
        "14:06",
        "14:41",
        "15:16",
        "15:56",
        "16:36"
    ],
    "saturday": [],
    "holiday": [],
    "url": "https://www.kanachu.co.jp/dia/diagram/timetable01_js/course:0000803493-6/node:00130288/kt:0/lname:/"
}
