{
    "date": "2026/01/16",
    "name": "児童公園前(横浜市泉区)",
    "position": "-",
    "system": "い06",
    "destinations": [
        "団地入口(横浜市泉区)",
        "飯田神社前",
        "中屋敷(横浜市泉区)",
        "集会所前(横浜市泉区)",
        "渋谷中学校",
        "保育所前(大和市)",
        "いちょう団地",
        "台村",
        "飯田神社前",
        "団地入口(横浜市泉区)",
        "児童公園前(横浜市泉区)",
        "小学校前(横浜市泉区)",
        "上飯田団地",
        "金子山",
        "泉警察署前",
        "いずみ野駅"
    ],
    "weekday": [
        "6:45",
        "7:20",
        "7:55",
        "8:40",
        "9:20",
        "10:00",
        "10:40",
        "11:20",
        "11:55",
        "12:35"
    ],
    "saturday": [
        "7:45",
        "8:25",
        "9:05",
        "9:45",
        "10:25",
        "11:05",
        "11:45",
        "12:25"
    ],
    "holiday": [
        "7:45",
        "8:25",
        "9:05",
        "9:45",
        "10:25",
        "11:05",
        "11:45",
        "12:25"
    ],
    "url": "https://www.kanachu.co.jp/dia/diagram/timetable01_js/course:0000804199-5/node:00126805/kt:0/lname:/"
}
