{
    "date": "2026/01/16",
    "name": "渋谷中学校",
    "position": "-",
    "system": "い06",
    "destinations": [
        "保育所前(大和市)",
        "いちょう団地",
        "台村",
        "飯田神社前",
        "団地入口(横浜市泉区)",
        "児童公園前(横浜市泉区)",
        "小学校前(横浜市泉区)",
        "上飯田団地",
        "金子山",
        "泉警察署前",
        "いずみ野駅"
    ],
    "weekday": [
        "6:51",
        "7:26",
        "8:01",
        "8:46",
        "9:26",
        "10:06",
        "10:46",
        "11:26",
        "12:01",
        "12:41"
    ],
    "saturday": [
        "7:51",
        "8:31",
        "9:11",
        "9:51",
        "10:31",
        "11:11",
        "11:51",
        "12:31"
    ],
    "holiday": [
        "7:51",
        "8:31",
        "9:11",
        "9:51",
        "10:31",
        "11:11",
        "11:51",
        "12:31"
    ],
    "url": "https://www.kanachu.co.jp/dia/diagram/timetable01_js/course:0000804199-10/node:00126894/kt:0/lname:/"
}
