{
    "date": "2026/01/16",
    "name": "団地入口(横浜市泉区)",
    "position": "-",
    "system": "い06",
    "destinations": [
        "児童公園前(横浜市泉区)",
        "小学校前(横浜市泉区)",
        "上飯田団地",
        "金子山",
        "泉警察署前",
        "いずみ野駅"
    ],
    "weekday": [
        "6:58",
        "7:33",
        "8:08",
        "8:53",
        "9:33",
        "10:13",
        "10:53",
        "11:33",
        "12:08",
        "12:48"
    ],
    "saturday": [
        "7:58",
        "8:38",
        "9:18",
        "9:58",
        "10:38",
        "11:18",
        "11:58",
        "12:38"
    ],
    "holiday": [
        "7:58",
        "8:38",
        "9:18",
        "9:58",
        "10:38",
        "11:18",
        "11:58",
        "12:38"
    ],
    "url": "https://www.kanachu.co.jp/dia/diagram/timetable01_js/course:0000804199-15/node:00126794/kt:0/lname:/"
}
