{
    "date": "2026/01/16",
    "name": "上飯田団地",
    "position": "-",
    "system": "い06",
    "destinations": [
        "金子山",
        "泉警察署前",
        "いずみ野駅"
    ],
    "weekday": [
        "7:01",
        "7:36",
        "8:11",
        "8:56",
        "9:36",
        "10:16",
        "10:56",
        "11:36",
        "12:11",
        "12:51"
    ],
    "saturday": [
        "8:01",
        "8:41",
        "9:21",
        "10:01",
        "10:41",
        "11:21",
        "12:01",
        "12:41"
    ],
    "holiday": [
        "8:01",
        "8:41",
        "9:21",
        "10:01",
        "10:41",
        "11:21",
        "12:01",
        "12:41"
    ],
    "url": "https://www.kanachu.co.jp/dia/diagram/timetable01_js/course:0000804199-18/node:00126807/kt:0/lname:/"
}
