{
    "system": "港85",
    "busstops": [
        {
            "index": "1",
            "id": "00025554",
            "name": "港南台駅",
            "lat": "35.374623",
            "lng": "139.576934"
        },
        {
            "index": "2",
            "id": "00103234",
            "name": "横浜女子短期大学前",
            "lat": "35.370728",
            "lng": "139.577645"
        },
        {
            "index": "3",
            "id": "00102293",
            "name": "榎戸(横浜市港南区)",
            "lat": "35.367981",
            "lng": "139.580886"
        },
        {
            "index": "4",
            "id": "00126608",
            "name": "横浜栄高校前",
            "lat": "35.365613",
            "lng": "139.579026"
        },
        {
            "index": "5",
            "id": "00126514",
            "name": "紅葉橋(横浜市栄区)",
            "lat": "35.360528",
            "lng": "139.577465"
        },
        {
            "index": "6",
            "id": "00126515",
            "name": "光明寺(横浜市栄区)",
            "lat": "35.358203",
            "lng": "139.57931"
        },
        {
            "index": "7",
            "id": "00126527",
            "name": "庄戸(横浜市栄区)",
            "lat": "35.351792",
            "lng": "139.584384"
        }
    ],
    "route_url": "https://www.kanachu.co.jp/dia/route/index/cid:0000800235/"
}
