{
    "date": "2025/05/11",
    "name": "ジョイフルタウン",
    "position": "-",
    "system": "秦26",
    "destinations": [
        "北原(秦野市)",
        "九沢",
        "くず葉台",
        "井ノ城",
        "東田原下宿",
        "東田原神社前",
        "谷戸入口(秦野市)",
        "中庭",
        "朝日神社前",
        "東田原(秦野市)",
        "東農協前",
        "東ノ原",
        "上落合(秦野市)",
        "神奈川病院",
        "落合(秦野市)",
        "末広小学校前",
        "下宿(秦野市)",
        "仲宿(秦野市)",
        "上宿通り",
        "大川橋(秦野市)",
        "まほろば大橋",
        "秦野駅"
    ],
    "weekday": [
        "9:20",
        "10:20",
        "11:20",
        "12:20",
        "13:20",
        "14:20",
        "15:20",
        "16:20",
        "16:40",
        "17:15",
        "17:40",
        "18:15",
        "19:14",
        "20:19"
    ],
    "saturday": [
        "9:24",
        "10:24",
        "11:24",
        "12:24",
        "13:24",
        "14:24",
        "15:24",
        "16:24",
        "17:14",
        "18:14",
        "19:14",
        "20:14"
    ],
    "holiday": [
        "9:24",
        "10:24",
        "11:24",
        "12:24",
        "13:24",
        "14:24",
        "15:24",
        "16:24",
        "17:14",
        "18:14",
        "19:14",
        "20:14"
    ],
    "url": "https://www.kanachu.co.jp/dia/diagram/timetable01_js/course:0000800021-5/node:00127862/kt:0/lname:/"
}
