{
    "date": "2025/05/11",
    "name": "北原(秦野市)",
    "position": "-",
    "system": "秦26",
    "destinations": [
        "九沢",
        "くず葉台",
        "井ノ城",
        "東田原下宿",
        "東田原神社前",
        "谷戸入口(秦野市)",
        "中庭",
        "朝日神社前",
        "東田原(秦野市)",
        "東農協前",
        "東ノ原",
        "上落合(秦野市)",
        "神奈川病院",
        "落合(秦野市)",
        "末広小学校前",
        "下宿(秦野市)",
        "仲宿(秦野市)",
        "上宿通り",
        "大川橋(秦野市)",
        "まほろば大橋",
        "秦野駅"
    ],
    "weekday": [
        "9:21",
        "10:21",
        "11:21",
        "12:21",
        "13:21",
        "14:21",
        "15:21",
        "16:21",
        "16:41",
        "17:16",
        "17:41",
        "18:16",
        "19:15",
        "20:20"
    ],
    "saturday": [
        "9:25",
        "10:25",
        "11:25",
        "12:25",
        "13:25",
        "14:25",
        "15:25",
        "16:25",
        "17:15",
        "18:15",
        "19:15",
        "20:15"
    ],
    "holiday": [
        "9:25",
        "10:25",
        "11:25",
        "12:25",
        "13:25",
        "14:25",
        "15:25",
        "16:25",
        "17:15",
        "18:15",
        "19:15",
        "20:15"
    ],
    "url": "https://www.kanachu.co.jp/dia/diagram/timetable01_js/course:0000800021-6/node:00127863/kt:0/lname:/"
}
