{
    "date": "2025/05/11",
    "name": "くず葉台",
    "position": "-",
    "system": "秦26",
    "destinations": [
        "井ノ城",
        "東田原下宿",
        "東田原神社前",
        "谷戸入口(秦野市)",
        "中庭",
        "朝日神社前",
        "東田原(秦野市)",
        "東農協前",
        "東ノ原",
        "上落合(秦野市)",
        "神奈川病院",
        "落合(秦野市)",
        "末広小学校前",
        "下宿(秦野市)",
        "仲宿(秦野市)",
        "上宿通り",
        "大川橋(秦野市)",
        "まほろば大橋",
        "秦野駅"
    ],
    "weekday": [
        "9:26",
        "10:26",
        "11:26",
        "12:26",
        "13:26",
        "14:26",
        "15:26",
        "16:26",
        "16:46",
        "17:21",
        "17:46",
        "18:21",
        "19:19",
        "20:24"
    ],
    "saturday": [
        "9:30",
        "10:30",
        "11:30",
        "12:30",
        "13:30",
        "14:30",
        "15:30",
        "16:30",
        "17:20",
        "18:20",
        "19:20",
        "20:20"
    ],
    "holiday": [
        "9:30",
        "10:30",
        "11:30",
        "12:30",
        "13:30",
        "14:30",
        "15:30",
        "16:30",
        "17:20",
        "18:20",
        "19:20",
        "20:20"
    ],
    "url": "https://www.kanachu.co.jp/dia/diagram/timetable01_js/course:0000800021-8/node:00127865/kt:0/lname:/"
}
