{
    "date": "2025/05/11",
    "name": "東田原神社前",
    "position": "-",
    "system": "秦26",
    "destinations": [
        "谷戸入口(秦野市)",
        "中庭",
        "朝日神社前",
        "東田原(秦野市)",
        "東農協前",
        "東ノ原",
        "上落合(秦野市)",
        "神奈川病院",
        "落合(秦野市)",
        "末広小学校前",
        "下宿(秦野市)",
        "仲宿(秦野市)",
        "上宿通り",
        "大川橋(秦野市)",
        "まほろば大橋",
        "秦野駅"
    ],
    "weekday": [
        "9:29",
        "10:29",
        "11:29",
        "12:29",
        "13:29",
        "14:29",
        "15:29",
        "16:29",
        "16:49",
        "17:24",
        "17:49",
        "18:24",
        "19:22",
        "20:27"
    ],
    "saturday": [
        "9:34",
        "10:34",
        "11:34",
        "12:34",
        "13:34",
        "14:34",
        "15:34",
        "16:34",
        "17:24",
        "18:24",
        "19:24",
        "20:24"
    ],
    "holiday": [
        "9:34",
        "10:34",
        "11:34",
        "12:34",
        "13:34",
        "14:34",
        "15:34",
        "16:34",
        "17:24",
        "18:24",
        "19:24",
        "20:24"
    ],
    "url": "https://www.kanachu.co.jp/dia/diagram/timetable01_js/course:0000800021-11/node:00127868/kt:0/lname:/"
}
