{
    "date": "2025/05/11",
    "name": "朝日神社前",
    "position": "-",
    "system": "秦26",
    "destinations": [
        "東田原(秦野市)",
        "東農協前",
        "東ノ原",
        "上落合(秦野市)",
        "神奈川病院",
        "落合(秦野市)",
        "末広小学校前",
        "下宿(秦野市)",
        "仲宿(秦野市)",
        "上宿通り",
        "大川橋(秦野市)",
        "まほろば大橋",
        "秦野駅"
    ],
    "weekday": [
        "9:32",
        "10:32",
        "11:32",
        "12:32",
        "13:32",
        "14:32",
        "15:32",
        "16:32",
        "16:52",
        "17:27",
        "17:52",
        "18:27",
        "19:25",
        "20:30"
    ],
    "saturday": [
        "9:37",
        "10:37",
        "11:37",
        "12:37",
        "13:37",
        "14:37",
        "15:37",
        "16:37",
        "17:27",
        "18:27",
        "19:27",
        "20:27"
    ],
    "holiday": [
        "9:37",
        "10:37",
        "11:37",
        "12:37",
        "13:37",
        "14:37",
        "15:37",
        "16:37",
        "17:27",
        "18:27",
        "19:27",
        "20:27"
    ],
    "url": "https://www.kanachu.co.jp/dia/diagram/timetable01_js/course:0000800021-14/node:00127871/kt:0/lname:/"
}
