{
    "date": "2025/05/11",
    "name": "東ノ原",
    "position": "-",
    "system": "秦26",
    "destinations": [
        "上落合(秦野市)",
        "神奈川病院",
        "落合(秦野市)",
        "末広小学校前",
        "下宿(秦野市)",
        "仲宿(秦野市)",
        "上宿通り",
        "大川橋(秦野市)",
        "まほろば大橋",
        "秦野駅"
    ],
    "weekday": [
        "9:36",
        "10:36",
        "11:36",
        "12:36",
        "13:36",
        "14:36",
        "15:36",
        "16:36",
        "16:56",
        "17:31",
        "17:56",
        "18:31",
        "19:28",
        "20:33"
    ],
    "saturday": [
        "9:40",
        "10:40",
        "11:40",
        "12:40",
        "13:40",
        "14:40",
        "15:40",
        "16:40",
        "17:30",
        "18:30",
        "19:30",
        "20:30"
    ],
    "holiday": [
        "9:40",
        "10:40",
        "11:40",
        "12:40",
        "13:40",
        "14:40",
        "15:40",
        "16:40",
        "17:30",
        "18:30",
        "19:30",
        "20:30"
    ],
    "url": "https://www.kanachu.co.jp/dia/diagram/timetable01_js/course:0000800021-17/node:00128027/kt:0/lname:/"
}
