{
    "date": "2025/05/11",
    "name": "上落合(秦野市)",
    "position": "-",
    "system": "秦26",
    "destinations": [
        "神奈川病院",
        "落合(秦野市)",
        "末広小学校前",
        "下宿(秦野市)",
        "仲宿(秦野市)",
        "上宿通り",
        "大川橋(秦野市)",
        "まほろば大橋",
        "秦野駅"
    ],
    "weekday": [
        "9:37",
        "10:37",
        "11:37",
        "12:37",
        "13:37",
        "14:37",
        "15:37",
        "16:37",
        "16:57",
        "17:32",
        "17:57",
        "18:32",
        "19:29",
        "20:34"
    ],
    "saturday": [
        "9:41",
        "10:41",
        "11:41",
        "12:41",
        "13:41",
        "14:41",
        "15:41",
        "16:41",
        "17:31",
        "18:31",
        "19:31",
        "20:31"
    ],
    "holiday": [
        "9:41",
        "10:41",
        "11:41",
        "12:41",
        "13:41",
        "14:41",
        "15:41",
        "16:41",
        "17:31",
        "18:31",
        "19:31",
        "20:31"
    ],
    "url": "https://www.kanachu.co.jp/dia/diagram/timetable01_js/course:0000800021-18/node:00128028/kt:0/lname:/"
}
