{
    "date": "2025/05/11",
    "name": "末広小学校前",
    "position": "-",
    "system": "秦26",
    "destinations": [
        "下宿(秦野市)",
        "仲宿(秦野市)",
        "上宿通り",
        "大川橋(秦野市)",
        "まほろば大橋",
        "秦野駅"
    ],
    "weekday": [
        "9:46",
        "10:46",
        "11:46",
        "12:46",
        "13:46",
        "14:46",
        "15:46",
        "16:46",
        "17:06",
        "17:41",
        "18:06",
        "18:41",
        "19:38",
        "20:43"
    ],
    "saturday": [
        "9:50",
        "10:50",
        "11:50",
        "12:50",
        "13:50",
        "14:50",
        "15:50",
        "16:48",
        "17:38",
        "18:38",
        "19:38",
        "20:38"
    ],
    "holiday": [
        "9:50",
        "10:50",
        "11:50",
        "12:50",
        "13:50",
        "14:50",
        "15:50",
        "16:48",
        "17:38",
        "18:38",
        "19:38",
        "20:38"
    ],
    "url": "https://www.kanachu.co.jp/dia/diagram/timetable01_js/course:0000800021-21/node:00127837/kt:0/lname:/"
}
