{
    "system": "橋24",
    "busstops": [
        {
            "index": "1",
            "id": "00128969",
            "name": "橋本駅北口",
            "lat": "35.595781",
            "lng": "139.344601"
        },
        {
            "index": "2",
            "id": "00020098",
            "name": "旭農協前",
            "lat": "35.597185",
            "lng": "139.34619"
        },
        {
            "index": "3",
            "id": "00020095",
            "name": "旭小学校前(相模原市緑区)",
            "lat": "35.599098",
            "lng": "139.343655"
        },
        {
            "index": "4",
            "id": "00020335",
            "name": "香福寺前",
            "lat": "35.600287",
            "lng": "139.341339"
        },
        {
            "index": "5",
            "id": "00128968",
            "name": "上町(相模原市緑区)",
            "lat": "35.597906",
            "lng": "139.334771"
        },
        {
            "index": "6",
            "id": "00128967",
            "name": "大西(相模原市緑区)",
            "lat": "35.598241",
            "lng": "139.330491"
        },
        {
            "index": "7",
            "id": "00128966",
            "name": "相原台",
            "lat": "35.598383",
            "lng": "139.328313"
        },
        {
            "index": "8",
            "id": "00128965",
            "name": "相原中央",
            "lat": "35.598479",
            "lng": "139.325669"
        },
        {
            "index": "9",
            "id": "00128964",
            "name": "二本松(相模原市緑区)",
            "lat": "35.59845",
            "lng": "139.321176"
        },
        {
            "index": "10",
            "id": "00128963",
            "name": "森の上",
            "lat": "35.598283",
            "lng": "139.3169"
        },
        {
            "index": "11",
            "id": "00128962",
            "name": "東原宿",
            "lat": "35.598411",
            "lng": "139.313233"
        },
        {
            "index": "12",
            "id": "00128996",
            "name": "城山相原界",
            "lat": "35.600513",
            "lng": "139.313715"
        },
        {
            "index": "13",
            "id": "00128901",
            "name": "森下(相模原市緑区)",
            "lat": "35.603383",
            "lng": "139.315193"
        },
        {
            "index": "14",
            "id": "00128899",
            "name": "真米",
            "lat": "35.607681",
            "lng": "139.314445"
        },
        {
            "index": "15",
            "id": "00128900",
            "name": "東京家政学院前",
            "lat": "35.610685",
            "lng": "139.311774"
        },
        {
            "index": "16",
            "id": "00020990",
            "name": "東京家政学院",
            "lat": "35.612213",
            "lng": "139.3111"
        }
    ],
    "route_url": "https://www.kanachu.co.jp/dia/route/index/cid:0000800456/"
}
