{
    "date": "2026/01/16",
    "name": "桂台遊水池前",
    "position": "-",
    "system": "津03",
    "destinations": [
        "苗万坂",
        "中恩田橋",
        "杉山神社前(横浜市青葉区)",
        "堀の内(横浜市青葉区)",
        "長津田三丁目",
        "長津田駅北口"
    ],
    "weekday": [
        "6:29",
        "7:18",
        "8:11",
        "9:08",
        "15:27",
        "16:17",
        "17:08",
        "17:58"
    ],
    "saturday": [
        "9:24"
    ],
    "holiday": [
        "9:24"
    ],
    "url": "https://www.kanachu.co.jp/dia/diagram/timetable01_js/course:0000804026-6/node:00019246/kt:0/lname:/"
}
