{
    "date": "2025/04/01",
    "name": "妙延寺(町田市)",
    "position": "-",
    "system": "町12",
    "destinations": [
        "森野五丁目",
        "森野六丁目",
        "桧台入口",
        "木曽都営入口",
        "境川団地入口",
        "境川団地中央",
        "境川団地",
        "横町(町田市)",
        "木曽南団地"
    ],
    "weekday": [
        "6:58",
        "7:43",
        "7:55",
        "9:07",
        "21:31",
        "22:23"
    ],
    "saturday": [],
    "holiday": [],
    "url": "https://www.kanachu.co.jp/dia/diagram/timetable01_js/course:0000800780-3/node:00129375/kt:0/lname:/"
}
