{
    "date": "2025/04/01",
    "name": "境川団地入口",
    "position": "-",
    "system": "町12",
    "destinations": [
        "境川団地中央",
        "境川団地",
        "横町(町田市)",
        "木曽南団地"
    ],
    "weekday": [
        "7:01",
        "7:46",
        "7:58",
        "9:11",
        "21:34",
        "22:26"
    ],
    "saturday": [],
    "holiday": [],
    "url": "https://www.kanachu.co.jp/dia/diagram/timetable01_js/course:0000800780-8/node:00129380/kt:0/lname:/"
}
