{
    "date": "2025/07/27",
    "name": "北2号前",
    "position": "-",
    "system": "二35",
    "destinations": [
        "北3号前",
        "北4号前",
        "北5号前",
        "北6号前",
        "一色小学校前(中郡二宮町)",
        "団地中央(中郡二宮町)",
        "南4号前",
        "南5号前",
        "四ツ谷(中郡二宮町)",
        "中里(中郡二宮町)",
        "中島(中郡二宮町)",
        "堂面(中郡二宮町)",
        "元町(中郡二宮町)",
        "二宮駅北口"
    ],
    "weekday": [
        "9:31",
        "10:40",
        "11:45",
        "12:40",
        "13:45",
        "14:40",
        "15:40",
        "16:40"
    ],
    "saturday": [
        "9:19",
        "10:24",
        "11:19",
        "12:19",
        "13:24",
        "14:24",
        "15:24",
        "16:24"
    ],
    "holiday": [
        "9:19",
        "10:24",
        "11:19",
        "12:19",
        "13:24",
        "14:24",
        "15:24",
        "16:24"
    ],
    "url": "https://www.kanachu.co.jp/dia/diagram/timetable01_js/course:0000800154-12/node:00127797/kt:0/lname:/"
}
