{
    "date": "2025/07/27",
    "name": "北3号前",
    "position": "-",
    "system": "二35",
    "destinations": [
        "北4号前",
        "北5号前",
        "北6号前",
        "一色小学校前(中郡二宮町)",
        "団地中央(中郡二宮町)",
        "南4号前",
        "南5号前",
        "四ツ谷(中郡二宮町)",
        "中里(中郡二宮町)",
        "中島(中郡二宮町)",
        "堂面(中郡二宮町)",
        "元町(中郡二宮町)",
        "二宮駅北口"
    ],
    "weekday": [
        "9:32",
        "10:41",
        "11:46",
        "12:41",
        "13:46",
        "14:41",
        "15:41",
        "16:41"
    ],
    "saturday": [
        "9:20",
        "10:25",
        "11:20",
        "12:20",
        "13:25",
        "14:25",
        "15:25",
        "16:25"
    ],
    "holiday": [
        "9:20",
        "10:25",
        "11:20",
        "12:20",
        "13:25",
        "14:25",
        "15:25",
        "16:25"
    ],
    "url": "https://www.kanachu.co.jp/dia/diagram/timetable01_js/course:0000800154-13/node:00127798/kt:0/lname:/"
}
