{
    "date": "2025/07/27",
    "name": "北4号前",
    "position": "-",
    "system": "二35",
    "destinations": [
        "北5号前",
        "北6号前",
        "一色小学校前(中郡二宮町)",
        "団地中央(中郡二宮町)",
        "南4号前",
        "南5号前",
        "四ツ谷(中郡二宮町)",
        "中里(中郡二宮町)",
        "中島(中郡二宮町)",
        "堂面(中郡二宮町)",
        "元町(中郡二宮町)",
        "二宮駅北口"
    ],
    "weekday": [
        "9:33",
        "10:42",
        "11:47",
        "12:42",
        "13:47",
        "14:42",
        "15:42",
        "16:42"
    ],
    "saturday": [
        "9:21",
        "10:26",
        "11:21",
        "12:21",
        "13:26",
        "14:26",
        "15:26",
        "16:26"
    ],
    "holiday": [
        "9:21",
        "10:26",
        "11:21",
        "12:21",
        "13:26",
        "14:26",
        "15:26",
        "16:26"
    ],
    "url": "https://www.kanachu.co.jp/dia/diagram/timetable01_js/course:0000800154-14/node:00127799/kt:0/lname:/"
}
