{
    "date": "2025/01/14",
    "name": "市役所入口(厚木市)",
    "position": "-",
    "system": "厚09",
    "destinations": [
        "税務署入口(厚木市)",
        "市立病院前(厚木市)",
        "木売場",
        "三家入口(厚木市)",
        "そりだハイツ前",
        "睦合東中学校入口",
        "三田十日市場",
        "東河原入口",
        "屋際",
        "山王坂上",
        "宿原入口"
    ],
    "weekday": [
        "7:02",
        "7:33",
        "8:03",
        "8:35",
        "9:03",
        "9:34",
        "10:04",
        "10:36",
        "11:06",
        "11:34",
        "12:06",
        "12:34",
        "13:06",
        "13:34",
        "14:04",
        "14:34",
        "15:04",
        "15:34",
        "16:05",
        "16:35",
        "17:05",
        "17:35",
        "18:05",
        "18:25",
        "18:45",
        "19:04",
        "19:23",
        "19:53",
        "20:23",
        "21:03",
        "21:41"
    ],
    "saturday": [
        "7:33",
        "8:13",
        "8:53",
        "9:34",
        "10:14",
        "10:56",
        "11:34",
        "12:14",
        "12:54",
        "13:34",
        "14:14",
        "14:54",
        "15:35",
        "16:15",
        "16:55",
        "17:35",
        "18:15",
        "19:04",
        "19:53",
        "20:43",
        "21:36"
    ],
    "holiday": [
        "8:13",
        "8:53",
        "9:33",
        "10:14",
        "10:54",
        "11:34",
        "12:14",
        "12:54",
        "13:34",
        "14:14",
        "14:54",
        "15:34",
        "16:14",
        "16:54",
        "17:34",
        "18:14",
        "19:04",
        "19:53",
        "20:43",
        "21:36"
    ],
    "url": "https://www.kanachu.co.jp/dia/diagram/timetable01_js/course:0000801691-4/node:00128396/kt:0/lname:/"
}
