{
    "date": "2025/01/14",
    "name": "税務署入口(厚木市)",
    "position": "-",
    "system": "厚09",
    "destinations": [
        "市立病院前(厚木市)",
        "木売場",
        "三家入口(厚木市)",
        "そりだハイツ前",
        "睦合東中学校入口",
        "三田十日市場",
        "東河原入口",
        "屋際",
        "山王坂上",
        "宿原入口"
    ],
    "weekday": [
        "7:03",
        "7:34",
        "8:04",
        "8:36",
        "9:05",
        "9:36",
        "10:06",
        "10:38",
        "11:08",
        "11:36",
        "12:08",
        "12:36",
        "13:08",
        "13:36",
        "14:06",
        "14:36",
        "15:06",
        "15:36",
        "16:07",
        "16:37",
        "17:07",
        "17:37",
        "18:07",
        "18:27",
        "18:47",
        "19:06",
        "19:25",
        "19:55",
        "20:25",
        "21:05",
        "21:43"
    ],
    "saturday": [
        "7:34",
        "8:14",
        "8:54",
        "9:36",
        "10:16",
        "10:58",
        "11:36",
        "12:16",
        "12:56",
        "13:36",
        "14:16",
        "14:56",
        "15:37",
        "16:17",
        "16:57",
        "17:37",
        "18:17",
        "19:06",
        "19:55",
        "20:45",
        "21:38"
    ],
    "holiday": [
        "8:15",
        "8:55",
        "9:35",
        "10:16",
        "10:56",
        "11:36",
        "12:16",
        "12:56",
        "13:36",
        "14:16",
        "14:56",
        "15:36",
        "16:16",
        "16:56",
        "17:36",
        "18:16",
        "19:06",
        "19:55",
        "20:45",
        "21:38"
    ],
    "url": "https://www.kanachu.co.jp/dia/diagram/timetable01_js/course:0000801691-5/node:00128258/kt:0/lname:/"
}
