{
    "date": "2025/01/14",
    "name": "市立病院前(厚木市)",
    "position": "-",
    "system": "厚09",
    "destinations": [
        "木売場",
        "三家入口(厚木市)",
        "そりだハイツ前",
        "睦合東中学校入口",
        "三田十日市場",
        "東河原入口",
        "屋際",
        "山王坂上",
        "宿原入口"
    ],
    "weekday": [
        "7:04",
        "7:35",
        "8:05",
        "8:37",
        "9:06",
        "9:37",
        "10:07",
        "10:39",
        "11:09",
        "11:37",
        "12:09",
        "12:37",
        "13:09",
        "13:37",
        "14:07",
        "14:37",
        "15:07",
        "15:37",
        "16:08",
        "16:38",
        "17:08",
        "17:38",
        "18:08",
        "18:28",
        "18:48",
        "19:07",
        "19:26",
        "19:56",
        "20:26",
        "21:06",
        "21:44"
    ],
    "saturday": [
        "7:35",
        "8:15",
        "8:55",
        "9:37",
        "10:17",
        "10:59",
        "11:37",
        "12:17",
        "12:57",
        "13:37",
        "14:17",
        "14:57",
        "15:38",
        "16:18",
        "16:58",
        "17:38",
        "18:18",
        "19:07",
        "19:56",
        "20:46",
        "21:39"
    ],
    "holiday": [
        "8:16",
        "8:56",
        "9:36",
        "10:17",
        "10:57",
        "11:37",
        "12:17",
        "12:57",
        "13:37",
        "14:17",
        "14:57",
        "15:37",
        "16:17",
        "16:57",
        "17:37",
        "18:17",
        "19:07",
        "19:56",
        "20:46",
        "21:39"
    ],
    "url": "https://www.kanachu.co.jp/dia/diagram/timetable01_js/course:0000801691-6/node:00128259/kt:0/lname:/"
}
