{
    "date": "2025/01/14",
    "name": "三家入口(厚木市)",
    "position": "-",
    "system": "厚09",
    "destinations": [
        "そりだハイツ前",
        "睦合東中学校入口",
        "三田十日市場",
        "東河原入口",
        "屋際",
        "山王坂上",
        "宿原入口"
    ],
    "weekday": [
        "7:06",
        "7:37",
        "8:07",
        "8:39",
        "9:08",
        "9:39",
        "10:09",
        "10:41",
        "11:11",
        "11:39",
        "12:11",
        "12:39",
        "13:11",
        "13:39",
        "14:09",
        "14:39",
        "15:09",
        "15:39",
        "16:10",
        "16:40",
        "17:10",
        "17:40",
        "18:10",
        "18:30",
        "18:50",
        "19:09",
        "19:28",
        "19:58",
        "20:28",
        "21:08",
        "21:46"
    ],
    "saturday": [
        "7:37",
        "8:17",
        "8:57",
        "9:39",
        "10:19",
        "11:01",
        "11:39",
        "12:19",
        "12:59",
        "13:39",
        "14:19",
        "14:59",
        "15:40",
        "16:20",
        "17:00",
        "17:40",
        "18:20",
        "19:09",
        "19:58",
        "20:48",
        "21:41"
    ],
    "holiday": [
        "8:18",
        "8:58",
        "9:38",
        "10:19",
        "10:59",
        "11:39",
        "12:19",
        "12:59",
        "13:39",
        "14:19",
        "14:59",
        "15:39",
        "16:19",
        "16:59",
        "17:39",
        "18:19",
        "19:09",
        "19:58",
        "20:48",
        "21:41"
    ],
    "url": "https://www.kanachu.co.jp/dia/diagram/timetable01_js/course:0000801691-8/node:00128261/kt:0/lname:/"
}
