{
    "date": "2025/01/14",
    "name": "東河原入口",
    "position": "-",
    "system": "厚09",
    "destinations": [
        "屋際",
        "山王坂上",
        "宿原入口"
    ],
    "weekday": [
        "7:14",
        "7:47",
        "8:17",
        "8:49",
        "9:18",
        "9:49",
        "10:19",
        "10:51",
        "11:21",
        "11:49",
        "12:21",
        "12:49",
        "13:21",
        "13:49",
        "14:19",
        "14:49",
        "15:19",
        "15:49",
        "16:20",
        "16:50",
        "17:20",
        "17:50",
        "18:20",
        "18:40",
        "19:00",
        "19:18",
        "19:37",
        "20:07",
        "20:37",
        "21:17",
        "21:55"
    ],
    "saturday": [
        "7:43",
        "8:23",
        "9:04",
        "9:47",
        "10:27",
        "11:09",
        "11:47",
        "12:27",
        "13:07",
        "13:47",
        "14:27",
        "15:07",
        "15:48",
        "16:28",
        "17:08",
        "17:48",
        "18:28",
        "19:17",
        "20:06",
        "20:56",
        "21:49"
    ],
    "holiday": [
        "8:26",
        "9:06",
        "9:46",
        "10:27",
        "11:07",
        "11:47",
        "12:27",
        "13:07",
        "13:47",
        "14:27",
        "15:07",
        "15:47",
        "16:27",
        "17:07",
        "17:47",
        "18:27",
        "19:17",
        "20:06",
        "20:56",
        "21:49"
    ],
    "url": "https://www.kanachu.co.jp/dia/diagram/timetable01_js/course:0000801691-12/node:00130296/kt:0/lname:/"
}
