{
    "date": "2022/02/05",
    "name": "萩園(茅ケ崎市)",
    "position": "-",
    "system": "茅41",
    "destinations": [
        "辻西(茅ケ崎市)",
        "萩園辻",
        "県住入口",
        "今宿(茅ケ崎市)",
        "町屋(茅ケ崎市)",
        "茶屋町(茅ケ崎市)",
        "十間坂",
        "茅ヶ崎四ツ角",
        "茅ヶ崎駅"
    ],
    "weekday": [
        "6:22",
        "6:54"
    ],
    "saturday": [
        "6:47"
    ],
    "holiday": [
        "6:47"
    ],
    "url": "https://www.kanachu.co.jp/dia/diagram/timetable01_js/course:0000801136-13/node:00127194/kt:0/lname:/"
}
