{
    "date": "2025/12/01",
    "name": "北河内(平塚市)",
    "position": "-",
    "system": "ー",
    "destinations": [
        "西部福祉会館",
        "纒公民館前",
        "纒入口",
        "南原土手",
        "江南高校前",
        "共済病院前総合公園西",
        "総合公園南",
        "江陽中学校前(平塚市)",
        "平塚市役所",
        "コンフォール平塚前",
        "文化公園入口",
        "平塚球場",
        "北新町",
        "保健センター"
    ],
    "weekday": [
        "8:43",
        "10:28"
    ],
    "saturday": [],
    "holiday": [],
    "url": "https://www.kanachu.co.jp/dia/diagram/timetable01_js/course:0000803940-7/node:00127686/kt:0/lname:/"
}
