{
    "date": "2024/09/02",
    "name": "北新東",
    "position": "-",
    "system": "立01",
    "destinations": [
        "下瀬谷中学校前",
        "下瀬谷三丁目",
        "下瀬谷橋",
        "下瀬谷坂上",
        "ひなた山第二",
        "ひなた山バザール前",
        "ひなた山第一",
        "早稲田(横浜市泉区)",
        "三家(横浜市泉区)",
        "松陽高校前",
        "グリーンハイム前",
        "いずみ野駅",
        "泉警察署前",
        "富士塚(横浜市泉区)",
        "芝原(横浜市泉区)",
        "横浜泉郵便局前",
        "三ツ俣",
        "立場駅",
        "立場ターミナル"
    ],
    "weekday": [
        "6:55",
        "7:15",
        "7:40",
        "8:05",
        "8:30",
        "8:55",
        "9:25",
        "9:55",
        "10:25",
        "10:55",
        "11:25",
        "11:55",
        "12:25",
        "12:55",
        "13:25",
        "13:55",
        "14:25",
        "14:55",
        "15:25",
        "15:55",
        "16:25",
        "16:55",
        "17:25",
        "17:55",
        "18:25",
        "18:55",
        "19:25",
        "20:35"
    ],
    "saturday": [
        "7:15",
        "7:55",
        "8:35",
        "9:15",
        "9:55",
        "10:35",
        "11:15",
        "11:55",
        "12:35",
        "13:15",
        "13:55",
        "14:35",
        "15:16",
        "15:56",
        "16:36",
        "17:16",
        "17:56",
        "18:36",
        "19:16"
    ],
    "holiday": [
        "7:15",
        "7:55",
        "8:35",
        "9:15",
        "9:55",
        "10:35",
        "11:15",
        "11:55",
        "12:35",
        "13:15",
        "13:55",
        "14:35",
        "15:16",
        "15:56",
        "16:36",
        "17:16",
        "17:56",
        "18:36",
        "19:16"
    ],
    "url": "https://www.kanachu.co.jp/dia/diagram/timetable01_js/course:0000803142-4/node:00126890/kt:0/lname:/"
}
