{
    "date": "2024/09/02",
    "name": "下瀬谷中学校前",
    "position": "-",
    "system": "立01",
    "destinations": [
        "下瀬谷三丁目",
        "下瀬谷橋",
        "下瀬谷坂上",
        "ひなた山第二",
        "ひなた山バザール前",
        "ひなた山第一",
        "早稲田(横浜市泉区)",
        "三家(横浜市泉区)",
        "松陽高校前",
        "グリーンハイム前",
        "いずみ野駅",
        "泉警察署前",
        "富士塚(横浜市泉区)",
        "芝原(横浜市泉区)",
        "横浜泉郵便局前",
        "三ツ俣",
        "立場駅",
        "立場ターミナル"
    ],
    "weekday": [
        "6:57",
        "7:17",
        "7:42",
        "8:07",
        "8:32",
        "8:57",
        "9:27",
        "9:57",
        "10:27",
        "10:57",
        "11:27",
        "11:57",
        "12:27",
        "12:57",
        "13:27",
        "13:57",
        "14:27",
        "14:57",
        "15:27",
        "15:57",
        "16:27",
        "16:57",
        "17:27",
        "17:57",
        "18:27",
        "18:57",
        "19:27",
        "20:37"
    ],
    "saturday": [
        "7:17",
        "7:57",
        "8:37",
        "9:17",
        "9:57",
        "10:37",
        "11:17",
        "11:57",
        "12:37",
        "13:17",
        "13:57",
        "14:37",
        "15:18",
        "15:58",
        "16:38",
        "17:18",
        "17:58",
        "18:38",
        "19:18"
    ],
    "holiday": [
        "7:17",
        "7:57",
        "8:37",
        "9:17",
        "9:57",
        "10:37",
        "11:17",
        "11:57",
        "12:37",
        "13:17",
        "13:57",
        "14:37",
        "15:18",
        "15:58",
        "16:38",
        "17:18",
        "17:58",
        "18:38",
        "19:18"
    ],
    "url": "https://www.kanachu.co.jp/dia/diagram/timetable01_js/course:0000803142-5/node:00126889/kt:0/lname:/"
}
