{
    "date": "2024/09/02",
    "name": "下瀬谷橋",
    "position": "-",
    "system": "立01",
    "destinations": [
        "下瀬谷坂上",
        "ひなた山第二",
        "ひなた山バザール前",
        "ひなた山第一",
        "早稲田(横浜市泉区)",
        "三家(横浜市泉区)",
        "松陽高校前",
        "グリーンハイム前",
        "いずみ野駅",
        "泉警察署前",
        "富士塚(横浜市泉区)",
        "芝原(横浜市泉区)",
        "横浜泉郵便局前",
        "三ツ俣",
        "立場駅",
        "立場ターミナル"
    ],
    "weekday": [
        "6:59",
        "7:19",
        "7:44",
        "8:09",
        "8:34",
        "8:59",
        "9:29",
        "9:59",
        "10:29",
        "10:59",
        "11:29",
        "11:59",
        "12:29",
        "12:59",
        "13:29",
        "13:59",
        "14:29",
        "14:59",
        "15:29",
        "15:59",
        "16:29",
        "16:59",
        "17:29",
        "17:59",
        "18:29",
        "18:59",
        "19:29",
        "20:39"
    ],
    "saturday": [
        "7:19",
        "7:59",
        "8:39",
        "9:19",
        "9:59",
        "10:39",
        "11:19",
        "11:59",
        "12:39",
        "13:19",
        "13:59",
        "14:39",
        "15:21",
        "16:01",
        "16:41",
        "17:21",
        "18:01",
        "18:41",
        "19:21"
    ],
    "holiday": [
        "7:19",
        "7:59",
        "8:39",
        "9:19",
        "9:59",
        "10:39",
        "11:19",
        "11:59",
        "12:39",
        "13:19",
        "13:59",
        "14:39",
        "15:21",
        "16:01",
        "16:41",
        "17:21",
        "18:01",
        "18:41",
        "19:21"
    ],
    "url": "https://www.kanachu.co.jp/dia/diagram/timetable01_js/course:0000803142-7/node:00126887/kt:0/lname:/"
}
