{
    "date": "2024/09/02",
    "name": "ひなた山第一",
    "position": "-",
    "system": "立01",
    "destinations": [
        "早稲田(横浜市泉区)",
        "三家(横浜市泉区)",
        "松陽高校前",
        "グリーンハイム前",
        "いずみ野駅",
        "泉警察署前",
        "富士塚(横浜市泉区)",
        "芝原(横浜市泉区)",
        "横浜泉郵便局前",
        "三ツ俣",
        "立場駅",
        "立場ターミナル"
    ],
    "weekday": [
        "7:05",
        "7:25",
        "7:50",
        "8:15",
        "8:40",
        "9:05",
        "9:35",
        "10:05",
        "10:35",
        "11:05",
        "11:35",
        "12:05",
        "12:35",
        "13:05",
        "13:35",
        "14:05",
        "14:35",
        "15:05",
        "15:35",
        "16:05",
        "16:35",
        "17:05",
        "17:35",
        "18:05",
        "18:35",
        "19:05",
        "19:35",
        "20:45"
    ],
    "saturday": [
        "7:25",
        "8:05",
        "8:45",
        "9:25",
        "10:05",
        "10:45",
        "11:25",
        "12:05",
        "12:45",
        "13:25",
        "14:05",
        "14:45",
        "15:27",
        "16:07",
        "16:47",
        "17:27",
        "18:07",
        "18:47",
        "19:27"
    ],
    "holiday": [
        "7:25",
        "8:05",
        "8:45",
        "9:25",
        "10:05",
        "10:45",
        "11:25",
        "12:05",
        "12:45",
        "13:25",
        "14:05",
        "14:45",
        "15:27",
        "16:07",
        "16:47",
        "17:27",
        "18:07",
        "18:47",
        "19:27"
    ],
    "url": "https://www.kanachu.co.jp/dia/diagram/timetable01_js/course:0000803142-11/node:00126800/kt:0/lname:/"
}
