{
    "date": "2024/09/02",
    "name": "三家(横浜市泉区)",
    "position": "-",
    "system": "立01",
    "destinations": [
        "松陽高校前",
        "グリーンハイム前",
        "いずみ野駅",
        "泉警察署前",
        "富士塚(横浜市泉区)",
        "芝原(横浜市泉区)",
        "横浜泉郵便局前",
        "三ツ俣",
        "立場駅",
        "立場ターミナル"
    ],
    "weekday": [
        "7:08",
        "7:28",
        "7:53",
        "8:18",
        "8:43",
        "9:08",
        "9:38",
        "10:08",
        "10:38",
        "11:08",
        "11:38",
        "12:08",
        "12:38",
        "13:08",
        "13:38",
        "14:08",
        "14:38",
        "15:08",
        "15:38",
        "16:08",
        "16:38",
        "17:08",
        "17:38",
        "18:08",
        "18:38",
        "19:08",
        "19:38",
        "20:48"
    ],
    "saturday": [
        "7:28",
        "8:08",
        "8:48",
        "9:28",
        "10:08",
        "10:48",
        "11:28",
        "12:08",
        "12:48",
        "13:28",
        "14:08",
        "14:48",
        "15:30",
        "16:10",
        "16:50",
        "17:30",
        "18:10",
        "18:50",
        "19:30"
    ],
    "holiday": [
        "7:28",
        "8:08",
        "8:48",
        "9:28",
        "10:08",
        "10:48",
        "11:28",
        "12:08",
        "12:48",
        "13:28",
        "14:08",
        "14:48",
        "15:30",
        "16:10",
        "16:50",
        "17:30",
        "18:10",
        "18:50",
        "19:30"
    ],
    "url": "https://www.kanachu.co.jp/dia/diagram/timetable01_js/course:0000803142-13/node:00126941/kt:0/lname:/"
}
