{
    "date": "2024/09/02",
    "name": "泉警察署前",
    "position": "-",
    "system": "立01",
    "destinations": [
        "富士塚(横浜市泉区)",
        "芝原(横浜市泉区)",
        "横浜泉郵便局前",
        "三ツ俣",
        "立場駅",
        "立場ターミナル"
    ],
    "weekday": [
        "7:14",
        "7:34",
        "7:59",
        "8:24",
        "8:49",
        "9:14",
        "9:44",
        "10:14",
        "10:44",
        "11:14",
        "11:44",
        "12:14",
        "12:44",
        "13:14",
        "13:44",
        "14:14",
        "14:44",
        "15:14",
        "15:44",
        "16:14",
        "16:44",
        "17:14",
        "17:44",
        "18:14",
        "18:44",
        "19:14",
        "19:44",
        "20:54"
    ],
    "saturday": [
        "7:34",
        "8:14",
        "8:54",
        "9:34",
        "10:14",
        "10:54",
        "11:34",
        "12:14",
        "12:54",
        "13:34",
        "14:14",
        "14:54",
        "15:36",
        "16:16",
        "16:56",
        "17:36",
        "18:16",
        "18:56",
        "19:35"
    ],
    "holiday": [
        "7:34",
        "8:14",
        "8:54",
        "9:34",
        "10:14",
        "10:54",
        "11:34",
        "12:14",
        "12:54",
        "13:34",
        "14:14",
        "14:54",
        "15:36",
        "16:16",
        "16:56",
        "17:36",
        "18:16",
        "18:56",
        "19:35"
    ],
    "url": "https://www.kanachu.co.jp/dia/diagram/timetable01_js/course:0000803142-17/node:00126904/kt:0/lname:/"
}
