{
    "date": "2024/09/02",
    "name": "富士塚(横浜市泉区)",
    "position": "-",
    "system": "立01",
    "destinations": [
        "芝原(横浜市泉区)",
        "横浜泉郵便局前",
        "三ツ俣",
        "立場駅",
        "立場ターミナル"
    ],
    "weekday": [
        "7:15",
        "7:35",
        "8:00",
        "8:25",
        "8:50",
        "9:15",
        "9:45",
        "10:15",
        "10:45",
        "11:15",
        "11:45",
        "12:15",
        "12:45",
        "13:15",
        "13:45",
        "14:15",
        "14:45",
        "15:15",
        "15:45",
        "16:15",
        "16:45",
        "17:15",
        "17:45",
        "18:15",
        "18:45",
        "19:15",
        "19:45",
        "20:55"
    ],
    "saturday": [
        "7:35",
        "8:15",
        "8:55",
        "9:35",
        "10:15",
        "10:55",
        "11:35",
        "12:15",
        "12:55",
        "13:35",
        "14:15",
        "14:55",
        "15:37",
        "16:17",
        "16:57",
        "17:37",
        "18:17",
        "18:57",
        "19:36"
    ],
    "holiday": [
        "7:35",
        "8:15",
        "8:55",
        "9:35",
        "10:15",
        "10:55",
        "11:35",
        "12:15",
        "12:55",
        "13:35",
        "14:15",
        "14:55",
        "15:37",
        "16:17",
        "16:57",
        "17:37",
        "18:17",
        "18:57",
        "19:36"
    ],
    "url": "https://www.kanachu.co.jp/dia/diagram/timetable01_js/course:0000803142-18/node:00126936/kt:0/lname:/"
}
