{
    "date": "2024/09/02",
    "name": "芝原(横浜市泉区)",
    "position": "-",
    "system": "立01",
    "destinations": [
        "横浜泉郵便局前",
        "三ツ俣",
        "立場駅",
        "立場ターミナル"
    ],
    "weekday": [
        "7:16",
        "7:36",
        "8:01",
        "8:26",
        "8:51",
        "9:16",
        "9:46",
        "10:16",
        "10:46",
        "11:16",
        "11:46",
        "12:16",
        "12:46",
        "13:16",
        "13:46",
        "14:16",
        "14:46",
        "15:16",
        "15:46",
        "16:16",
        "16:46",
        "17:16",
        "17:46",
        "18:16",
        "18:46",
        "19:16",
        "19:46",
        "20:56"
    ],
    "saturday": [
        "7:36",
        "8:16",
        "8:56",
        "9:36",
        "10:16",
        "10:56",
        "11:36",
        "12:16",
        "12:56",
        "13:36",
        "14:16",
        "14:56",
        "15:38",
        "16:18",
        "16:58",
        "17:38",
        "18:18",
        "18:58",
        "19:37"
    ],
    "holiday": [
        "7:36",
        "8:16",
        "8:56",
        "9:36",
        "10:16",
        "10:56",
        "11:36",
        "12:16",
        "12:56",
        "13:36",
        "14:16",
        "14:56",
        "15:38",
        "16:18",
        "16:58",
        "17:38",
        "18:18",
        "18:58",
        "19:37"
    ],
    "url": "https://www.kanachu.co.jp/dia/diagram/timetable01_js/course:0000803142-19/node:00126935/kt:0/lname:/"
}
