{
    "date": "2024/09/02",
    "name": "立場駅",
    "position": "-",
    "system": "立01",
    "destinations": [
        "立場ターミナル"
    ],
    "weekday": [
        "7:21",
        "7:41",
        "8:06",
        "8:31",
        "8:56",
        "9:21",
        "9:51",
        "10:21",
        "10:51",
        "11:21",
        "11:51",
        "12:21",
        "12:51",
        "13:21",
        "13:51",
        "14:21",
        "14:51",
        "15:21",
        "15:51",
        "16:21",
        "16:51",
        "17:21",
        "17:51",
        "18:21",
        "18:51",
        "19:21",
        "19:51",
        "21:01"
    ],
    "saturday": [
        "7:41",
        "8:21",
        "9:01",
        "9:41",
        "10:21",
        "11:01",
        "11:41",
        "12:21",
        "13:01",
        "13:41",
        "14:21",
        "15:01",
        "15:43",
        "16:23",
        "17:03",
        "17:43",
        "18:23",
        "19:03",
        "19:41"
    ],
    "holiday": [
        "7:41",
        "8:21",
        "9:01",
        "9:41",
        "10:21",
        "11:01",
        "11:41",
        "12:21",
        "13:01",
        "13:41",
        "14:21",
        "15:01",
        "15:43",
        "16:23",
        "17:03",
        "17:43",
        "18:23",
        "19:03",
        "19:41"
    ],
    "url": "https://www.kanachu.co.jp/dia/diagram/timetable01_js/course:0000803142-22/node:00126908/kt:0/lname:/"
}
