{
    "date": "2021/04/01",
    "name": "葉山(相模原市緑区)",
    "position": "-",
    "system": "橋06",
    "destinations": [
        "中平(相模原市緑区)",
        "藤木(相模原市緑区)",
        "葉山診療所前",
        "下倉",
        "上葉山",
        "湘南小学校前",
        "諏訪の森",
        "河原橋(相模原市緑区)",
        "小倉(相模原市緑区)",
        "小倉橋(相模原市緑区)",
        "久保沢",
        "城山総合事務所入口",
        "原宿(相模原市緑区)",
        "東原宿",
        "森の上",
        "二本松(相模原市緑区)",
        "相原中央",
        "相原台",
        "大西(相模原市緑区)",
        "上町(相模原市緑区)",
        "緑区合同庁舎前(相模原市緑区)",
        "橋本二丁目",
        "橋本駅南口"
    ],
    "weekday": [
        "5:58",
        "11:23",
        "13:23",
        "17:33"
    ],
    "saturday": [
        "7:43",
        "12:43",
        "16:38"
    ],
    "holiday": [
        "7:43",
        "12:43",
        "16:38"
    ],
    "url": "https://www.kanachu.co.jp/dia/diagram/timetable01_js/course:0000803047-5/node:00128989/kt:0/lname:/"
}
