{
    "date": "2021/04/01",
    "name": "二本松(相模原市緑区)",
    "position": "-",
    "system": "橋06",
    "destinations": [
        "相原中央",
        "相原台",
        "大西(相模原市緑区)",
        "上町(相模原市緑区)",
        "緑区合同庁舎前(相模原市緑区)",
        "橋本二丁目",
        "橋本駅南口"
    ],
    "weekday": [
        "6:20",
        "11:45",
        "13:45",
        "17:55"
    ],
    "saturday": [
        "8:05",
        "13:05",
        "17:00"
    ],
    "holiday": [
        "8:05",
        "13:05",
        "17:00"
    ],
    "url": "https://www.kanachu.co.jp/dia/diagram/timetable01_js/course:0000803047-21/node:00128964/kt:0/lname:/"
}
