{
    "date": "2021/04/01",
    "name": "大西(相模原市緑区)",
    "position": "-",
    "system": "橋06",
    "destinations": [
        "上町(相模原市緑区)",
        "緑区合同庁舎前(相模原市緑区)",
        "橋本二丁目",
        "橋本駅南口"
    ],
    "weekday": [
        "6:22",
        "11:47",
        "13:47",
        "17:57"
    ],
    "saturday": [
        "8:07",
        "13:07",
        "17:02"
    ],
    "holiday": [
        "8:07",
        "13:07",
        "17:02"
    ],
    "url": "https://www.kanachu.co.jp/dia/diagram/timetable01_js/course:0000803047-24/node:00128967/kt:0/lname:/"
}
