{
    "date": "2021/04/01",
    "name": "上町(相模原市緑区)",
    "position": "-",
    "system": "橋06",
    "destinations": [
        "緑区合同庁舎前(相模原市緑区)",
        "橋本二丁目",
        "橋本駅南口"
    ],
    "weekday": [
        "6:23",
        "11:48",
        "13:48",
        "17:58"
    ],
    "saturday": [
        "8:08",
        "13:08",
        "17:03"
    ],
    "holiday": [
        "8:08",
        "13:08",
        "17:03"
    ],
    "url": "https://www.kanachu.co.jp/dia/diagram/timetable01_js/course:0000803047-25/node:00128968/kt:0/lname:/"
}
