{
    "date": "2025/07/27",
    "name": "秦野駅",
    "position": "-",
    "system": "秦21",
    "destinations": [
        "大川橋(秦野市)",
        "上宿通り",
        "仲宿(秦野市)",
        "下宿(秦野市)",
        "末広小学校前",
        "落合入口",
        "名古木",
        "上原台",
        "上原入口",
        "藤棚(秦野市)",
        "東中学校前(秦野市)",
        "中丸橋(秦野市)",
        "久保(秦野市)",
        "才戸入口",
        "小蓑毛",
        "鳥居前(秦野市)",
        "青年橋",
        "蓑毛中",
        "蓑毛",
        "菜の花台",
        "表丹沢林道入口",
        "ヤビツ峠"
    ],
    "weekday": [
        "8:25"
    ],
    "saturday": [
        "7:20",
        "7:44",
        "8:24",
        "9:04",
        "14:30",
        "15:35"
    ],
    "holiday": [
        "7:20",
        "7:44",
        "8:24",
        "9:04",
        "14:30",
        "15:35"
    ],
    "url": "https://www.kanachu.co.jp/dia/diagram/timetable01_js/course:0000801327-1/node:00127715/kt:0/lname:/"
}
