{
    "date": "2025/07/27",
    "name": "下宿(秦野市)",
    "position": "-",
    "system": "秦21",
    "destinations": [
        "末広小学校前",
        "落合入口",
        "名古木",
        "上原台",
        "上原入口",
        "藤棚(秦野市)",
        "東中学校前(秦野市)",
        "中丸橋(秦野市)",
        "久保(秦野市)",
        "才戸入口",
        "小蓑毛",
        "鳥居前(秦野市)",
        "青年橋",
        "蓑毛中",
        "蓑毛",
        "菜の花台",
        "表丹沢林道入口",
        "ヤビツ峠"
    ],
    "weekday": [
        "8:29"
    ],
    "saturday": [
        "7:24",
        "7:48",
        "8:28",
        "9:08",
        "14:34",
        "15:39"
    ],
    "holiday": [
        "7:24",
        "7:48",
        "8:28",
        "9:08",
        "14:34",
        "15:39"
    ],
    "url": "https://www.kanachu.co.jp/dia/diagram/timetable01_js/course:0000801327-5/node:00127836/kt:0/lname:/"
}
