{
    "date": "2025/07/27",
    "name": "上原入口",
    "position": "-",
    "system": "秦21",
    "destinations": [
        "藤棚(秦野市)",
        "東中学校前(秦野市)",
        "中丸橋(秦野市)",
        "久保(秦野市)",
        "才戸入口",
        "小蓑毛",
        "鳥居前(秦野市)",
        "青年橋",
        "蓑毛中",
        "蓑毛",
        "菜の花台",
        "表丹沢林道入口",
        "ヤビツ峠"
    ],
    "weekday": [
        "8:34"
    ],
    "saturday": [
        "7:29",
        "7:53",
        "8:33",
        "9:13",
        "14:39",
        "15:44"
    ],
    "holiday": [
        "7:29",
        "7:53",
        "8:33",
        "9:13",
        "14:39",
        "15:44"
    ],
    "url": "https://www.kanachu.co.jp/dia/diagram/timetable01_js/course:0000801327-10/node:00127841/kt:0/lname:/"
}
