{
    "date": "2025/07/27",
    "name": "小蓑毛",
    "position": "-",
    "system": "秦21",
    "destinations": [
        "鳥居前(秦野市)",
        "青年橋",
        "蓑毛中",
        "蓑毛",
        "菜の花台",
        "表丹沢林道入口",
        "ヤビツ峠"
    ],
    "weekday": [
        "8:38"
    ],
    "saturday": [
        "7:33",
        "7:57",
        "8:37",
        "9:17",
        "14:43",
        "15:48"
    ],
    "holiday": [
        "7:33",
        "7:57",
        "8:37",
        "9:17",
        "14:43",
        "15:48"
    ],
    "url": "https://www.kanachu.co.jp/dia/diagram/timetable01_js/course:0000801327-16/node:00127847/kt:0/lname:/"
}
