{
    "date": "2024/04/01",
    "name": "辻山",
    "position": "-",
    "system": "横51",
    "destinations": [
        "笹山(横浜市保土ケ谷区)",
        "上菅田町",
        "中田(横浜市保土ケ谷区)",
        "寺下橋",
        "富士見橋(横浜市保土ケ谷区)",
        "山崎(横浜市保土ケ谷区)",
        "梅の木(横浜市保土ケ谷区)",
        "西谷妙福寺前",
        "川島町(横浜市保土ケ谷区)",
        "杉山神社前(横浜市保土ケ谷区)",
        "上星川",
        "保土ヶ谷中学校前",
        "和田町(横浜市保土ケ谷区)",
        "常盤園下",
        "峰岡町",
        "峯小学校前",
        "宮田町(横浜市保土ケ谷区)",
        "洪福寺",
        "浅間町車庫前",
        "浅岡橋",
        "浅間下(横浜市西区)",
        "楠町",
        "鶴屋町三丁目",
        "横浜駅西口"
    ],
    "weekday": [
        "7:28",
        "7:50",
        "9:38"
    ],
    "saturday": [],
    "holiday": [],
    "url": "https://www.kanachu.co.jp/dia/diagram/timetable01_js/course:0000802268-14/node:00102742/kt:0/lname:/"
}
