{
    "date": "2024/04/01",
    "name": "和田町(横浜市保土ケ谷区)",
    "position": "-",
    "system": "横51",
    "destinations": [
        "常盤園下",
        "峰岡町",
        "峯小学校前",
        "宮田町(横浜市保土ケ谷区)",
        "洪福寺",
        "浅間町車庫前",
        "浅岡橋",
        "浅間下(横浜市西区)",
        "楠町",
        "鶴屋町三丁目",
        "横浜駅西口"
    ],
    "weekday": [
        "7:44",
        "8:06",
        "9:54"
    ],
    "saturday": [],
    "holiday": [],
    "url": "https://www.kanachu.co.jp/dia/diagram/timetable01_js/course:0000802268-27/node:00103260/kt:0/lname:/"
}
