{
    "date": "2025/01/14",
    "name": "片岸(厚木市)",
    "position": "-",
    "system": "厚47",
    "destinations": [
        "温水",
        "高坪入口",
        "温水幼稚園前",
        "スポーツセンター入口(厚木市)",
        "高坪",
        "上高坪",
        "権現堂(厚木市)",
        "毛利台入口",
        "毛利台一丁目",
        "毛利台団地",
        "毛利台一丁目",
        "毛利台入口",
        "愛名",
        "八ツ橋",
        "白山(厚木市)",
        "旗谷入口",
        "小鮎公民館前",
        "台ノ上",
        "学校前(厚木市)",
        "局前(厚木市)",
        "打越(厚木市)",
        "矢崎(厚木市)",
        "古沢(厚木市)",
        "上古沢",
        "ネポン入口",
        "上分"
    ],
    "weekday": [
        "19:37",
        "20:22",
        "21:22"
    ],
    "saturday": [
        "7:57",
        "8:57",
        "9:58",
        "10:58",
        "11:58",
        "12:58",
        "13:58",
        "14:58",
        "15:59",
        "16:59",
        "17:59",
        "18:59",
        "19:57"
    ],
    "holiday": [
        "7:57",
        "8:57",
        "9:57",
        "10:58",
        "11:58",
        "12:58",
        "13:58",
        "14:58",
        "15:59",
        "16:59",
        "17:59",
        "18:59",
        "19:57"
    ],
    "url": "https://www.kanachu.co.jp/dia/diagram/timetable01_js/course:0000803678-7/node:00128442/kt:0/lname:/"
}
