{
    "date": "2025/01/14",
    "name": "温水",
    "position": "-",
    "system": "厚47",
    "destinations": [
        "高坪入口",
        "温水幼稚園前",
        "スポーツセンター入口(厚木市)",
        "高坪",
        "上高坪",
        "権現堂(厚木市)",
        "毛利台入口",
        "毛利台一丁目",
        "毛利台団地",
        "毛利台一丁目",
        "毛利台入口",
        "愛名",
        "八ツ橋",
        "白山(厚木市)",
        "旗谷入口",
        "小鮎公民館前",
        "台ノ上",
        "学校前(厚木市)",
        "局前(厚木市)",
        "打越(厚木市)",
        "矢崎(厚木市)",
        "古沢(厚木市)",
        "上古沢",
        "ネポン入口",
        "上分"
    ],
    "weekday": [
        "19:38",
        "20:23",
        "21:23"
    ],
    "saturday": [
        "7:58",
        "8:58",
        "9:59",
        "10:59",
        "11:59",
        "12:59",
        "13:59",
        "14:59",
        "16:00",
        "17:00",
        "18:00",
        "19:00",
        "19:58"
    ],
    "holiday": [
        "7:58",
        "8:58",
        "9:58",
        "10:59",
        "11:59",
        "12:59",
        "13:59",
        "14:59",
        "16:00",
        "17:00",
        "18:00",
        "19:00",
        "19:58"
    ],
    "url": "https://www.kanachu.co.jp/dia/diagram/timetable01_js/course:0000803678-8/node:00128443/kt:0/lname:/"
}
