{
    "date": "2025/01/14",
    "name": "愛名",
    "position": "-",
    "system": "厚47",
    "destinations": [
        "八ツ橋",
        "白山(厚木市)",
        "旗谷入口",
        "小鮎公民館前",
        "台ノ上",
        "学校前(厚木市)",
        "局前(厚木市)",
        "打越(厚木市)",
        "矢崎(厚木市)",
        "古沢(厚木市)",
        "上古沢",
        "ネポン入口",
        "上分"
    ],
    "weekday": [
        "19:49",
        "20:34",
        "21:34"
    ],
    "saturday": [
        "8:09",
        "9:09",
        "10:10",
        "11:10",
        "12:10",
        "13:10",
        "14:10",
        "15:10",
        "16:11",
        "17:11",
        "18:11",
        "19:11",
        "20:09"
    ],
    "holiday": [
        "8:09",
        "9:09",
        "10:09",
        "11:10",
        "12:10",
        "13:10",
        "14:10",
        "15:10",
        "16:11",
        "17:11",
        "18:11",
        "19:11",
        "20:09"
    ],
    "url": "https://www.kanachu.co.jp/dia/diagram/timetable01_js/course:0000803678-20/node:00128512/kt:0/lname:/"
}
