{
    "date": "2025/01/14",
    "name": "古沢(厚木市)",
    "position": "-",
    "system": "厚47",
    "destinations": [
        "上古沢",
        "ネポン入口",
        "上分"
    ],
    "weekday": [
        "19:59",
        "20:44",
        "21:44"
    ],
    "saturday": [
        "8:19",
        "9:19",
        "10:20",
        "11:20",
        "12:20",
        "13:20",
        "14:20",
        "15:20",
        "16:21",
        "17:21",
        "18:21",
        "19:21",
        "20:19"
    ],
    "holiday": [
        "8:19",
        "9:19",
        "10:19",
        "11:20",
        "12:20",
        "13:20",
        "14:20",
        "15:20",
        "16:21",
        "17:21",
        "18:21",
        "19:21",
        "20:19"
    ],
    "url": "https://www.kanachu.co.jp/dia/diagram/timetable01_js/course:0000803678-30/node:00128484/kt:0/lname:/"
}
