{
    "date": "2021/09/09",
    "name": "小金塚",
    "position": "-",
    "system": "伊76",
    "destinations": [
        "白金",
        "成瀬農協前",
        "粕屋下宿",
        "粕屋上宿",
        "中沢中学校前",
        "池端(伊勢原市)",
        "電話局前(伊勢原市)",
        "伊勢原駅北口"
    ],
    "weekday": [
        "7:28",
        "8:30",
        "9:28",
        "11:28",
        "12:28",
        "13:28",
        "15:28",
        "16:28",
        "17:28",
        "18:28",
        "19:28",
        "20:28"
    ],
    "saturday": [
        "7:28",
        "8:28",
        "9:30",
        "10:28",
        "12:28",
        "14:28",
        "15:28",
        "16:28",
        "17:28",
        "18:28"
    ],
    "holiday": [
        "7:28",
        "8:28",
        "9:30",
        "10:28",
        "12:28",
        "14:28",
        "15:28",
        "16:28",
        "17:28",
        "18:28"
    ],
    "url": "https://www.kanachu.co.jp/dia/diagram/timetable01_js/course:0000803355-4/node:00128212/kt:0/lname:/"
}
