{
    "date": "2021/09/09",
    "name": "白金",
    "position": "-",
    "system": "伊76",
    "destinations": [
        "成瀬農協前",
        "粕屋下宿",
        "粕屋上宿",
        "中沢中学校前",
        "池端(伊勢原市)",
        "電話局前(伊勢原市)",
        "伊勢原駅北口"
    ],
    "weekday": [
        "7:29",
        "8:31",
        "9:29",
        "11:29",
        "12:29",
        "13:29",
        "15:29",
        "16:29",
        "17:29",
        "18:29",
        "19:29",
        "20:29"
    ],
    "saturday": [
        "7:29",
        "8:29",
        "9:31",
        "10:29",
        "12:29",
        "14:29",
        "15:29",
        "16:29",
        "17:29",
        "18:29"
    ],
    "holiday": [
        "7:29",
        "8:29",
        "9:31",
        "10:29",
        "12:29",
        "14:29",
        "15:29",
        "16:29",
        "17:29",
        "18:29"
    ],
    "url": "https://www.kanachu.co.jp/dia/diagram/timetable01_js/course:0000803355-5/node:00128211/kt:0/lname:/"
}
