{
    "date": "2021/09/09",
    "name": "池端(伊勢原市)",
    "position": "-",
    "system": "伊76",
    "destinations": [
        "電話局前(伊勢原市)",
        "伊勢原駅北口"
    ],
    "weekday": [
        "7:35",
        "8:37",
        "9:35",
        "11:35",
        "12:35",
        "13:35",
        "15:35",
        "16:35",
        "17:35",
        "18:35",
        "19:35",
        "20:35"
    ],
    "saturday": [
        "7:35",
        "8:35",
        "9:37",
        "10:35",
        "12:35",
        "14:35",
        "15:35",
        "16:35",
        "17:35",
        "18:35"
    ],
    "holiday": [
        "7:35",
        "8:35",
        "9:37",
        "10:35",
        "12:35",
        "14:35",
        "15:35",
        "16:35",
        "17:35",
        "18:35"
    ],
    "url": "https://www.kanachu.co.jp/dia/diagram/timetable01_js/course:0000803355-10/node:00128206/kt:0/lname:/"
}
