{
  "date": "2025/04/01",
  "name": "境川団地",
  "position": "-",
  "system": "町78",
  "destinations": [
    "横町(町田市)",
    "木曽南団地",
    "町田総合高校前",
    "上の原(町田市)",
    "忠生",
    "JA忠生支店前",
    "忠生三丁目",
    "馬駈",
    "図師大橋",
    "図師",
    "並木(町田市)",
    "神学校(町田市)",
    "野津田車庫"
  ],
  "weekday": [
    "8:54",
    "9:52",
    "10:52",
    "11:52",
    "12:52",
    "13:52",
    "14:52",
    "15:52",
    "17:00",
    "18:54",
    "21:20",
    "22:53"
  ],
  "saturday": [
    "9:48",
    "10:46",
    "11:48",
    "12:52",
    "13:52",
    "14:50",
    "15:50",
    "16:52",
    "17:50",
    "18:50",
    "19:44",
    "20:28",
    "21:08",
    "22:53"
  ],
  "holiday": [
    "9:53",
    "10:53",
    "11:55",
    "12:55",
    "13:55",
    "14:55",
    "15:55",
    "16:55",
    "17:55",
    "18:55",
    "19:58",
    "20:28",
    "21:13"
  ],
  "url": "https://www.kanachu.co.jp/dia/diagram/timetable01_js/course:0000800826-10/node:00129382/kt:0/lname:/"
}