{
    "date": "2024/04/01",
    "name": "上山下(平塚市)",
    "position": "-",
    "system": "平35",
    "destinations": [
        "山下(平塚市)",
        "高根(平塚市)",
        "高麗清水",
        "花水橋",
        "古花水",
        "柳町(平塚市)",
        "豊田道",
        "八間通り",
        "平塚文化芸術ホール前",
        "銀座通り(平塚市)",
        "平塚駅北口"
    ],
    "weekday": [
        "9:50",
        "12:00",
        "14:00",
        "16:40"
    ],
    "saturday": [
        "9:45",
        "12:00",
        "14:00",
        "16:50"
    ],
    "holiday": [
        "9:45",
        "12:00",
        "14:00",
        "16:50"
    ],
    "url": "https://www.kanachu.co.jp/dia/diagram/timetable01_js/course:0000800833-5/node:00127533/kt:0/lname:/"
}
