{
    "date": "2024/04/01",
    "name": "高根(平塚市)",
    "position": "-",
    "system": "平35",
    "destinations": [
        "高麗清水",
        "花水橋",
        "古花水",
        "柳町(平塚市)",
        "豊田道",
        "八間通り",
        "平塚文化芸術ホール前",
        "銀座通り(平塚市)",
        "平塚駅北口"
    ],
    "weekday": [
        "9:52",
        "12:02",
        "14:02",
        "16:42"
    ],
    "saturday": [
        "9:47",
        "12:02",
        "14:02",
        "16:52"
    ],
    "holiday": [
        "9:47",
        "12:02",
        "14:02",
        "16:52"
    ],
    "url": "https://www.kanachu.co.jp/dia/diagram/timetable01_js/course:0000800833-7/node:00127531/kt:0/lname:/"
}
