{
    "system": "平35",
    "busstops": [
        {
            "index": "1",
            "id": "00127537",
            "name": "湘南平",
            "lat": "35.319341",
            "lng": "139.30751"
        },
        {
            "index": "2",
            "id": "00127536",
            "name": "湘南平富士見",
            "lat": "35.32515",
            "lng": "139.309917"
        },
        {
            "index": "3",
            "id": "00127535",
            "name": "上万田",
            "lat": "35.326678",
            "lng": "139.307405"
        },
        {
            "index": "4",
            "id": "00127534",
            "name": "下万田",
            "lat": "35.328678",
            "lng": "139.310969"
        },
        {
            "index": "5",
            "id": "00127533",
            "name": "上山下(平塚市)",
            "lat": "35.328372",
            "lng": "139.313984"
        },
        {
            "index": "6",
            "id": "00127532",
            "name": "山下(平塚市)",
            "lat": "35.326827",
            "lng": "139.31919"
        },
        {
            "index": "7",
            "id": "00127531",
            "name": "高根(平塚市)",
            "lat": "35.326158",
            "lng": "139.322993"
        },
        {
            "index": "8",
            "id": "00127530",
            "name": "高麗清水",
            "lat": "35.325754",
            "lng": "139.325269"
        },
        {
            "index": "9",
            "id": "00127529",
            "name": "花水橋",
            "lat": "35.32399",
            "lng": "139.328054"
        },
        {
            "index": "10",
            "id": "00127470",
            "name": "古花水",
            "lat": "35.325765",
            "lng": "139.332791"
        },
        {
            "index": "11",
            "id": "00127469",
            "name": "柳町(平塚市)",
            "lat": "35.3264",
            "lng": "139.334562"
        },
        {
            "index": "12",
            "id": "00127468",
            "name": "豊田道",
            "lat": "35.327573",
            "lng": "139.338124"
        },
        {
            "index": "13",
            "id": "00127467",
            "name": "八間通り",
            "lat": "35.328369",
            "lng": "139.341444"
        },
        {
            "index": "14",
            "id": "00127466",
            "name": "平塚文化芸術ホール前",
            "lat": "35.32904",
            "lng": "139.344531"
        },
        {
            "index": "15",
            "id": "00127465",
            "name": "銀座通り(平塚市)",
            "lat": "35.329517",
            "lng": "139.346771"
        },
        {
            "index": "16",
            "id": "00127464",
            "name": "平塚駅北口",
            "lat": "35.329356",
            "lng": "139.350577"
        }
    ],
    "route_url": "https://www.kanachu.co.jp/dia/route/index/cid:0000800833/"
}
