{
    "date": "2021/09/27",
    "name": "木曽都営入口",
    "position": "-",
    "system": "町20",
    "destinations": [
        "桧台入口",
        "森野六丁目",
        "森野五丁目",
        "妙延寺(町田市)",
        "町田市役所市民ホール前",
        "町田バスセンター"
    ],
    "weekday": [
        "5:19",
        "5:29",
        "5:39"
    ],
    "saturday": [],
    "holiday": [],
    "url": "https://www.kanachu.co.jp/dia/diagram/timetable01_js/course:0000803185-8/node:00129379/kt:0/lname:/"
}
