{
    "date": "2025/04/01",
    "name": "町田バスセンター",
    "position": "11番乗り場",
    "system": "町54",
    "destinations": [
        "町田市役所市民ホール前",
        "第四小学校前(町田市)",
        "中町二丁目",
        "町田郵便局前",
        "体育館前(町田市)",
        "菅原神社前(町田市)",
        "養運寺",
        "市立博物館前(町田市)",
        "ゆうき山",
        "金井小学校入口",
        "藤の台東",
        "藤の台団地",
        "藤の台東",
        "木倉",
        "八幡神社前(町田市)",
        "笹子",
        "栗谷",
        "金井(町田市)",
        "金井入口",
        "上能ヶ谷",
        "鶴川駅西口",
        "鶴川駅"
    ],
    "weekday": [
        "6:25",
        "6:55",
        "7:09",
        "7:30",
        "7:54",
        "8:16",
        "8:52",
        "9:22",
        "9:52",
        "10:22",
        "10:52",
        "11:52",
        "12:52",
        "13:52",
        "14:52",
        "15:59",
        "16:22",
        "16:58",
        "17:22",
        "17:58",
        "18:20",
        "18:44",
        "19:20",
        "19:44",
        "20:08",
        "20:38",
        "21:30"
    ],
    "saturday": [
        "6:32",
        "7:12",
        "7:52",
        "8:12",
        "8:42",
        "9:12",
        "9:42",
        "10:12",
        "10:42",
        "11:12",
        "12:48",
        "13:48",
        "14:48",
        "15:57",
        "16:26",
        "16:56",
        "17:26",
        "17:56",
        "18:26",
        "18:56",
        "19:30",
        "20:30"
    ],
    "holiday": [
        "6:32",
        "7:12",
        "7:52",
        "8:12",
        "8:42",
        "9:12",
        "9:42",
        "10:12",
        "10:42",
        "11:12",
        "12:48",
        "13:48",
        "14:48",
        "15:57",
        "16:26",
        "16:56",
        "17:26",
        "17:56",
        "18:31",
        "19:31",
        "20:40"
    ],
    "url": "https://www.kanachu.co.jp/dia/diagram/timetable01_js/course:0000803444-1/node:00025625/kt:0/lname:/"
}
