{
    "date": "2025/04/01",
    "name": "町田市役所市民ホール前",
    "position": "-",
    "system": "町54",
    "destinations": [
        "第四小学校前(町田市)",
        "中町二丁目",
        "町田郵便局前",
        "体育館前(町田市)",
        "菅原神社前(町田市)",
        "養運寺",
        "市立博物館前(町田市)",
        "ゆうき山",
        "金井小学校入口",
        "藤の台東",
        "藤の台団地",
        "藤の台東",
        "木倉",
        "八幡神社前(町田市)",
        "笹子",
        "栗谷",
        "金井(町田市)",
        "金井入口",
        "上能ヶ谷",
        "鶴川駅西口",
        "鶴川駅"
    ],
    "weekday": [
        "6:27",
        "6:57",
        "7:11",
        "7:32",
        "7:56",
        "8:18",
        "8:54",
        "9:24",
        "9:54",
        "10:24",
        "10:54",
        "11:54",
        "12:54",
        "13:54",
        "14:54",
        "16:01",
        "16:24",
        "17:00",
        "17:24",
        "18:00",
        "18:22",
        "18:46",
        "19:22",
        "19:46",
        "20:10",
        "20:40",
        "21:32"
    ],
    "saturday": [
        "6:34",
        "7:14",
        "7:54",
        "8:14",
        "8:44",
        "9:14",
        "9:44",
        "10:14",
        "10:44",
        "11:14",
        "12:50",
        "13:50",
        "14:50",
        "15:59",
        "16:28",
        "16:58",
        "17:28",
        "17:58",
        "18:28",
        "18:58",
        "19:32",
        "20:32"
    ],
    "holiday": [
        "6:34",
        "7:14",
        "7:54",
        "8:14",
        "8:44",
        "9:14",
        "9:44",
        "10:14",
        "10:44",
        "11:14",
        "12:50",
        "13:50",
        "14:50",
        "15:59",
        "16:28",
        "16:58",
        "17:28",
        "17:58",
        "18:33",
        "19:33",
        "20:42"
    ],
    "url": "https://www.kanachu.co.jp/dia/diagram/timetable01_js/course:0000803444-2/node:00129356/kt:0/lname:/"
}
