{
    "date": "2025/04/01",
    "name": "第四小学校前(町田市)",
    "position": "-",
    "system": "町54",
    "destinations": [
        "中町二丁目",
        "町田郵便局前",
        "体育館前(町田市)",
        "菅原神社前(町田市)",
        "養運寺",
        "市立博物館前(町田市)",
        "ゆうき山",
        "金井小学校入口",
        "藤の台東",
        "藤の台団地",
        "藤の台東",
        "木倉",
        "八幡神社前(町田市)",
        "笹子",
        "栗谷",
        "金井(町田市)",
        "金井入口",
        "上能ヶ谷",
        "鶴川駅西口",
        "鶴川駅"
    ],
    "weekday": [
        "6:28",
        "6:58",
        "7:12",
        "7:34",
        "7:58",
        "8:20",
        "8:56",
        "9:26",
        "9:56",
        "10:26",
        "10:56",
        "11:56",
        "12:56",
        "13:56",
        "14:56",
        "16:03",
        "16:26",
        "17:02",
        "17:26",
        "18:02",
        "18:24",
        "18:48",
        "19:24",
        "19:48",
        "20:12",
        "20:42",
        "21:33"
    ],
    "saturday": [
        "6:35",
        "7:15",
        "7:55",
        "8:15",
        "8:45",
        "9:16",
        "9:46",
        "10:16",
        "10:46",
        "11:16",
        "12:52",
        "13:52",
        "14:52",
        "16:01",
        "16:30",
        "17:00",
        "17:30",
        "18:00",
        "18:30",
        "19:00",
        "19:34",
        "20:33"
    ],
    "holiday": [
        "6:35",
        "7:15",
        "7:55",
        "8:15",
        "8:45",
        "9:16",
        "9:46",
        "10:16",
        "10:46",
        "11:16",
        "12:52",
        "13:52",
        "14:52",
        "16:01",
        "16:30",
        "17:00",
        "17:30",
        "18:00",
        "18:35",
        "19:34",
        "20:43"
    ],
    "url": "https://www.kanachu.co.jp/dia/diagram/timetable01_js/course:0000803444-3/node:00129357/kt:0/lname:/"
}
