{
    "date": "2025/04/01",
    "name": "町田郵便局前",
    "position": "-",
    "system": "町54",
    "destinations": [
        "体育館前(町田市)",
        "菅原神社前(町田市)",
        "養運寺",
        "市立博物館前(町田市)",
        "ゆうき山",
        "金井小学校入口",
        "藤の台東",
        "藤の台団地",
        "藤の台東",
        "木倉",
        "八幡神社前(町田市)",
        "笹子",
        "栗谷",
        "金井(町田市)",
        "金井入口",
        "上能ヶ谷",
        "鶴川駅西口",
        "鶴川駅"
    ],
    "weekday": [
        "6:31",
        "7:01",
        "7:15",
        "7:37",
        "8:01",
        "8:23",
        "8:59",
        "9:29",
        "9:59",
        "10:29",
        "10:59",
        "11:59",
        "12:59",
        "13:59",
        "14:59",
        "16:06",
        "16:29",
        "17:05",
        "17:29",
        "18:05",
        "18:27",
        "18:51",
        "19:27",
        "19:51",
        "20:15",
        "20:45",
        "21:36"
    ],
    "saturday": [
        "6:38",
        "7:18",
        "7:58",
        "8:18",
        "8:48",
        "9:19",
        "9:49",
        "10:19",
        "10:49",
        "11:19",
        "12:55",
        "13:55",
        "14:55",
        "16:04",
        "16:33",
        "17:03",
        "17:33",
        "18:03",
        "18:33",
        "19:03",
        "19:37",
        "20:36"
    ],
    "holiday": [
        "6:38",
        "7:18",
        "7:58",
        "8:18",
        "8:48",
        "9:19",
        "9:49",
        "10:19",
        "10:49",
        "11:19",
        "12:55",
        "13:55",
        "14:55",
        "16:04",
        "16:33",
        "17:03",
        "17:33",
        "18:03",
        "18:38",
        "19:37",
        "20:46"
    ],
    "url": "https://www.kanachu.co.jp/dia/diagram/timetable01_js/course:0000803444-5/node:00129420/kt:0/lname:/"
}
