{
    "date": "2025/04/01",
    "name": "菅原神社前(町田市)",
    "position": "-",
    "system": "町54",
    "destinations": [
        "養運寺",
        "市立博物館前(町田市)",
        "ゆうき山",
        "金井小学校入口",
        "藤の台東",
        "藤の台団地",
        "藤の台東",
        "木倉",
        "八幡神社前(町田市)",
        "笹子",
        "栗谷",
        "金井(町田市)",
        "金井入口",
        "上能ヶ谷",
        "鶴川駅西口",
        "鶴川駅"
    ],
    "weekday": [
        "6:33",
        "7:03",
        "7:17",
        "7:39",
        "8:03",
        "8:25",
        "9:01",
        "9:31",
        "10:01",
        "10:31",
        "11:01",
        "12:01",
        "13:01",
        "14:01",
        "15:01",
        "16:08",
        "16:31",
        "17:07",
        "17:31",
        "18:07",
        "18:29",
        "18:53",
        "19:29",
        "19:53",
        "20:17",
        "20:47",
        "21:38"
    ],
    "saturday": [
        "6:40",
        "7:20",
        "8:00",
        "8:20",
        "8:50",
        "9:21",
        "9:51",
        "10:21",
        "10:51",
        "11:21",
        "12:57",
        "13:57",
        "14:57",
        "16:06",
        "16:35",
        "17:05",
        "17:35",
        "18:05",
        "18:35",
        "19:05",
        "19:39",
        "20:38"
    ],
    "holiday": [
        "6:40",
        "7:20",
        "8:00",
        "8:20",
        "8:50",
        "9:21",
        "9:51",
        "10:21",
        "10:51",
        "11:21",
        "12:57",
        "13:57",
        "14:57",
        "16:06",
        "16:35",
        "17:05",
        "17:35",
        "18:05",
        "18:40",
        "19:39",
        "20:48"
    ],
    "url": "https://www.kanachu.co.jp/dia/diagram/timetable01_js/course:0000803444-7/node:00129422/kt:0/lname:/"
}
