{
    "date": "2025/04/01",
    "name": "養運寺",
    "position": "-",
    "system": "町54",
    "destinations": [
        "市立博物館前(町田市)",
        "ゆうき山",
        "金井小学校入口",
        "藤の台東",
        "藤の台団地",
        "藤の台東",
        "木倉",
        "八幡神社前(町田市)",
        "笹子",
        "栗谷",
        "金井(町田市)",
        "金井入口",
        "上能ヶ谷",
        "鶴川駅西口",
        "鶴川駅"
    ],
    "weekday": [
        "6:34",
        "7:04",
        "7:18",
        "7:41",
        "8:05",
        "8:27",
        "9:03",
        "9:33",
        "10:03",
        "10:33",
        "11:03",
        "12:03",
        "13:03",
        "14:03",
        "15:03",
        "16:10",
        "16:33",
        "17:09",
        "17:33",
        "18:09",
        "18:31",
        "18:55",
        "19:30",
        "19:54",
        "20:18",
        "20:48",
        "21:39"
    ],
    "saturday": [
        "6:41",
        "7:21",
        "8:01",
        "8:22",
        "8:52",
        "9:23",
        "9:53",
        "10:23",
        "10:53",
        "11:23",
        "12:59",
        "13:59",
        "15:00",
        "16:09",
        "16:38",
        "17:08",
        "17:38",
        "18:08",
        "18:38",
        "19:08",
        "19:41",
        "20:39"
    ],
    "holiday": [
        "6:41",
        "7:21",
        "8:01",
        "8:22",
        "8:52",
        "9:23",
        "9:53",
        "10:23",
        "10:53",
        "11:23",
        "12:59",
        "13:59",
        "14:59",
        "16:08",
        "16:37",
        "17:07",
        "17:37",
        "18:07",
        "18:42",
        "19:41",
        "20:49"
    ],
    "url": "https://www.kanachu.co.jp/dia/diagram/timetable01_js/course:0000803444-8/node:00129447/kt:0/lname:/"
}
