{
    "date": "2025/04/01",
    "name": "笹子",
    "position": "-",
    "system": "町54",
    "destinations": [
        "栗谷",
        "金井(町田市)",
        "金井入口",
        "上能ヶ谷",
        "鶴川駅西口",
        "鶴川駅"
    ],
    "weekday": [
        "6:50",
        "7:20",
        "7:34",
        "7:58",
        "8:22",
        "8:44",
        "9:18",
        "9:48",
        "10:18",
        "10:48",
        "11:18",
        "12:18",
        "13:18",
        "14:18",
        "15:18",
        "16:25",
        "16:48",
        "17:25",
        "17:49",
        "18:25",
        "18:47",
        "19:10",
        "19:44",
        "20:08",
        "20:32",
        "21:02",
        "21:53"
    ],
    "saturday": [
        "6:55",
        "7:35",
        "8:16",
        "8:37",
        "9:07",
        "9:38",
        "10:08",
        "10:38",
        "11:08",
        "11:38",
        "13:14",
        "14:14",
        "15:15",
        "16:24",
        "16:53",
        "17:24",
        "17:54",
        "18:24",
        "18:54",
        "19:24",
        "19:55",
        "20:53"
    ],
    "holiday": [
        "6:55",
        "7:35",
        "8:16",
        "8:37",
        "9:07",
        "9:38",
        "10:08",
        "10:38",
        "11:08",
        "11:38",
        "13:14",
        "14:14",
        "15:14",
        "16:24",
        "16:53",
        "17:23",
        "17:53",
        "18:23",
        "18:58",
        "19:55",
        "21:03"
    ],
    "url": "https://www.kanachu.co.jp/dia/diagram/timetable01_js/course:0000803444-17/node:00129454/kt:0/lname:/"
}
