{
    "date": "2025/04/01",
    "name": "金井(町田市)",
    "position": "-",
    "system": "町54",
    "destinations": [
        "金井入口",
        "上能ヶ谷",
        "鶴川駅西口",
        "鶴川駅"
    ],
    "weekday": [
        "6:54",
        "7:23",
        "7:37",
        "8:01",
        "8:25",
        "8:47",
        "9:21",
        "9:51",
        "10:21",
        "10:51",
        "11:21",
        "12:21",
        "13:21",
        "14:21",
        "15:21",
        "16:28",
        "16:51",
        "17:28",
        "17:52",
        "18:28",
        "18:50",
        "19:13",
        "19:47",
        "20:11",
        "20:35",
        "21:05",
        "21:56"
    ],
    "saturday": [
        "6:58",
        "7:38",
        "8:19",
        "8:40",
        "9:10",
        "9:41",
        "10:11",
        "10:41",
        "11:11",
        "11:41",
        "13:17",
        "14:17",
        "15:18",
        "16:27",
        "16:56",
        "17:27",
        "17:57",
        "18:27",
        "18:57",
        "19:27",
        "19:58",
        "20:56"
    ],
    "holiday": [
        "6:58",
        "7:38",
        "8:19",
        "8:40",
        "9:10",
        "9:41",
        "10:11",
        "10:41",
        "11:11",
        "11:41",
        "13:17",
        "14:17",
        "15:17",
        "16:27",
        "16:56",
        "17:26",
        "17:56",
        "18:26",
        "19:01",
        "19:58",
        "21:06"
    ],
    "url": "https://www.kanachu.co.jp/dia/diagram/timetable01_js/course:0000803444-19/node:00129456/kt:0/lname:/"
}
