{
    "date": "2025/10/20",
    "name": "草柳二丁目",
    "position": "-",
    "system": "間17",
    "destinations": [
        "草柳一丁目",
        "中央四丁目(大和市)",
        "大和駅西口",
        "新橋通り(大和市)",
        "豊川稲荷前(大和市)",
        "市民活動拠点ベテルギウス前",
        "郵便局前(大和市)",
        "職業安定所前(大和市)",
        "市役所市立病院前",
        "オークシティ前",
        "鶴間二丁目",
        "鶴間駅東口"
    ],
    "weekday": [
        "6:51",
        "16:17",
        "17:07",
        "17:57",
        "18:49"
    ],
    "saturday": [
        "9:09",
        "10:16",
        "11:11",
        "12:01",
        "12:51",
        "13:41",
        "14:31",
        "15:21",
        "16:11",
        "17:01",
        "17:51",
        "18:41"
    ],
    "holiday": [
        "9:09",
        "10:11",
        "11:11",
        "12:01",
        "12:51",
        "13:41",
        "14:31",
        "15:21",
        "16:11",
        "17:01",
        "17:51",
        "18:41"
    ],
    "url": "https://www.kanachu.co.jp/dia/diagram/timetable01_js/course:0000803794-6/node:00129619/kt:0/lname:/"
}
