{
    "date": "2025/10/20",
    "name": "市民活動拠点ベテルギウス前",
    "position": "-",
    "system": "間17",
    "destinations": [
        "郵便局前(大和市)",
        "職業安定所前(大和市)",
        "市役所市立病院前",
        "オークシティ前",
        "鶴間二丁目",
        "鶴間駅東口"
    ],
    "weekday": [
        "7:05",
        "16:31",
        "17:21",
        "18:11",
        "19:03"
    ],
    "saturday": [
        "9:23",
        "10:30",
        "11:25",
        "12:15",
        "13:05",
        "13:55",
        "14:45",
        "15:35",
        "16:25",
        "17:15",
        "18:05",
        "18:55"
    ],
    "holiday": [
        "9:23",
        "10:25",
        "11:25",
        "12:15",
        "13:05",
        "13:55",
        "14:45",
        "15:35",
        "16:25",
        "17:15",
        "18:05",
        "18:55"
    ],
    "url": "https://www.kanachu.co.jp/dia/diagram/timetable01_js/course:0000803794-12/node:00129613/kt:0/lname:/"
}
