{
    "date": "2024/09/02",
    "name": "遊水池前(横浜市泉区)",
    "position": "-",
    "system": "戸13",
    "destinations": [
        "柳明",
        "阿久和山谷",
        "阿久和坂上",
        "阿久和",
        "中村(横浜市瀬谷区)",
        "大中村",
        "相模新橋",
        "観音寺前(横浜市泉区)",
        "新橋町(横浜市泉区)",
        "下新橋",
        "まほろば",
        "岡津橋",
        "岡津",
        "下岡津",
        "日の森",
        "上矢部",
        "上矢部インター",
        "富士橋",
        "不動坂(横浜市戸塚区)",
        "ブリヂストン前",
        "元町(横浜市戸塚区)",
        "戸塚駅西口",
        "戸塚バスセンター"
    ],
    "weekday": [
        "5:19",
        "5:31",
        "5:38",
        "5:54",
        "6:00",
        "6:17",
        "6:33",
        "8:04"
    ],
    "saturday": [
        "5:23",
        "5:43",
        "5:58",
        "6:28",
        "7:04"
    ],
    "holiday": [
        "5:34",
        "5:59",
        "6:34"
    ],
    "url": "https://www.kanachu.co.jp/dia/diagram/timetable01_js/course:0000803559-3/node:00126701/kt:0/lname:/"
}
