{
    "date": "2024/09/02",
    "name": "中村(横浜市瀬谷区)",
    "position": "-",
    "system": "戸13",
    "destinations": [
        "大中村",
        "相模新橋",
        "観音寺前(横浜市泉区)",
        "新橋町(横浜市泉区)",
        "下新橋",
        "まほろば",
        "岡津橋",
        "岡津",
        "下岡津",
        "日の森",
        "上矢部",
        "上矢部インター",
        "富士橋",
        "不動坂(横浜市戸塚区)",
        "ブリヂストン前",
        "元町(横浜市戸塚区)",
        "戸塚駅西口",
        "戸塚バスセンター"
    ],
    "weekday": [
        "5:25",
        "5:37",
        "5:44",
        "6:00",
        "6:06",
        "6:23",
        "6:39",
        "8:10"
    ],
    "saturday": [
        "5:29",
        "5:49",
        "6:04",
        "6:34",
        "7:10"
    ],
    "holiday": [
        "5:40",
        "6:05",
        "6:40"
    ],
    "url": "https://www.kanachu.co.jp/dia/diagram/timetable01_js/course:0000803559-8/node:00126680/kt:0/lname:/"
}
