{
    "date": "2024/09/02",
    "name": "下新橋",
    "position": "-",
    "system": "戸13",
    "destinations": [
        "まほろば",
        "岡津橋",
        "岡津",
        "下岡津",
        "日の森",
        "上矢部",
        "上矢部インター",
        "富士橋",
        "不動坂(横浜市戸塚区)",
        "ブリヂストン前",
        "元町(横浜市戸塚区)",
        "戸塚駅西口",
        "戸塚バスセンター"
    ],
    "weekday": [
        "5:30",
        "5:42",
        "5:49",
        "6:05",
        "6:11",
        "6:28",
        "6:44",
        "8:16"
    ],
    "saturday": [
        "5:34",
        "5:54",
        "6:09",
        "6:39",
        "7:16"
    ],
    "holiday": [
        "5:45",
        "6:10",
        "6:45"
    ],
    "url": "https://www.kanachu.co.jp/dia/diagram/timetable01_js/course:0000803559-13/node:00126675/kt:0/lname:/"
}
