{
    "date": "2024/09/02",
    "name": "ブリヂストン前",
    "position": "-",
    "system": "戸13",
    "destinations": [
        "元町(横浜市戸塚区)",
        "戸塚駅西口",
        "戸塚バスセンター"
    ],
    "weekday": [
        "5:44",
        "5:56",
        "6:03",
        "6:19",
        "6:25",
        "6:42",
        "6:58",
        "8:34"
    ],
    "saturday": [
        "5:46",
        "6:06",
        "6:21",
        "6:51",
        "7:33"
    ],
    "holiday": [
        "5:57",
        "6:22",
        "6:57"
    ],
    "url": "https://www.kanachu.co.jp/dia/diagram/timetable01_js/course:0000803559-23/node:00126612/kt:0/lname:/"
}
