{
    "date": "2026/01/16",
    "name": "稲荷通",
    "position": "-",
    "system": "62",
    "destinations": [
        "金草沢",
        "千丸台団地"
    ],
    "weekday": [
        "7:03",
        "7:35",
        "8:00",
        "8:10",
        "8:30",
        "8:40",
        "9:00",
        "9:22",
        "9:30",
        "9:45",
        "17:04",
        "17:26",
        "17:54",
        "18:06",
        "18:19",
        "18:39",
        "18:49",
        "19:09",
        "19:26",
        "19:46",
        "20:11",
        "20:23",
        "20:48",
        "21:23",
        "21:58",
        "22:33",
        "22:58"
    ],
    "saturday": [
        "7:24",
        "7:54",
        "8:29",
        "9:04",
        "9:39",
        "17:21",
        "17:51",
        "18:21",
        "18:51",
        "19:21",
        "19:51",
        "20:13",
        "20:38",
        "20:53",
        "21:28",
        "22:28"
    ],
    "holiday": [
        "7:54",
        "8:29",
        "9:04",
        "9:39",
        "17:21",
        "17:51",
        "18:21",
        "18:51",
        "19:21",
        "19:51",
        "20:13",
        "20:38",
        "20:53",
        "21:28"
    ],
    "url": "https://www.kanachu.co.jp/dia/diagram/timetable01_js/course:0000804247-11/node:00102259/kt:0/lname:/"
}
