{
    "date": "2025/04/01",
    "name": "才ヶ分踏切",
    "position": "-",
    "system": "平74",
    "destinations": [
        "瓜生野入口",
        "秦野高校前",
        "広畑ふれあいプラザ前",
        "下大槻団地",
        "欠ノ上(下大槻団地線)",
        "土屋橋",
        "東海大学正門前",
        "青柳(平塚市)",
        "北金目入口",
        "金目駅",
        "南金目",
        "片岡(平塚市)",
        "飯島(平塚市)",
        "平塚支援学校前",
        "水神橋(平塚市)",
        "長持",
        "長瀬(平塚市)",
        "南原土手",
        "南原(平塚市)",
        "向原(平塚市)",
        "江南高校前",
        "追分(平塚市)",
        "営林署前(平塚市)",
        "旭通り(平塚市)",
        "八間通り",
        "平塚文化芸術ホール前",
        "銀座通り(平塚市)",
        "平塚駅北口"
    ],
    "weekday": [
        "6:03",
        "6:29",
        "6:49",
        "7:02",
        "7:41",
        "8:18",
        "8:52",
        "9:28",
        "10:03",
        "10:43",
        "11:25",
        "12:03",
        "12:43",
        "13:18",
        "13:48",
        "14:18",
        "14:48",
        "15:17",
        "15:38",
        "16:01",
        "16:24",
        "16:56",
        "17:20",
        "17:44",
        "18:08",
        "18:36",
        "19:11",
        "19:40",
        "20:09",
        "21:17",
        "22:14"
    ],
    "saturday": [
        "6:27",
        "6:57",
        "7:33",
        "7:56",
        "8:26",
        "8:57",
        "9:27",
        "10:07",
        "10:47",
        "11:27",
        "12:07",
        "12:47",
        "13:27",
        "14:07",
        "14:47",
        "15:27",
        "16:06",
        "16:41",
        "17:21",
        "18:02",
        "18:50",
        "19:32",
        "20:24",
        "21:44"
    ],
    "holiday": [
        "6:27",
        "6:57",
        "7:33",
        "7:56",
        "8:26",
        "8:57",
        "9:26",
        "10:06",
        "10:46",
        "11:26",
        "12:07",
        "12:47",
        "13:27",
        "14:07",
        "14:47",
        "15:27",
        "16:06",
        "16:41",
        "17:21",
        "18:02",
        "18:49",
        "19:32",
        "20:24",
        "21:44"
    ],
    "url": "https://www.kanachu.co.jp/dia/diagram/timetable01_js/course:0000802918-8/node:00127751/kt:0/lname:/"
}
