{
    "date": "2024/04/01",
    "name": "中里(平塚市)",
    "position": "-",
    "system": "平21",
    "destinations": [
        "柳町入口",
        "桧扇町",
        "新豊田道",
        "豊田道",
        "八間通り",
        "平塚文化芸術ホール前",
        "銀座通り(平塚市)",
        "平塚駅北口"
    ],
    "weekday": [
        "7:35",
        "8:05",
        "9:05",
        "10:05",
        "11:05",
        "12:05",
        "13:05",
        "14:05",
        "15:05",
        "16:05",
        "17:05",
        "18:05"
    ],
    "saturday": [
        "9:12",
        "10:27",
        "11:27",
        "12:27",
        "13:27",
        "14:27",
        "15:27",
        "16:27",
        "17:27",
        "18:27",
        "19:27"
    ],
    "holiday": [
        "9:12",
        "10:27",
        "11:27",
        "12:27",
        "13:27",
        "14:27",
        "15:27",
        "16:27",
        "17:27",
        "18:27",
        "19:27"
    ],
    "url": "https://www.kanachu.co.jp/dia/diagram/timetable01_js/course:0000801583-14/node:00127596/kt:0/lname:/"
}
