{
    "date": "2026/01/16",
    "name": "鶴が台入口",
    "position": "-",
    "system": "茅19",
    "destinations": [
        "鶴が台中学校前",
        "香川小学校入口",
        "松風台(茅ケ崎市)",
        "香川二丁目",
        "みずき四丁目",
        "湘南みずき",
        "みずき二丁目",
        "西方(茅ケ崎市)",
        "北陵高校入口",
        "せせらぎ公園入口(茅ケ崎市)",
        "湘南みずき",
        "みずき四丁目",
        "香川二丁目",
        "松風台(茅ケ崎市)",
        "香川小学校入口",
        "鶴が台中学校前",
        "鶴が台入口",
        "ニュータウン入口(茅ケ崎市)",
        "神奈中営業所前",
        "前の田",
        "中央公園前(茅ケ崎市)",
        "茅ヶ崎駅"
    ],
    "weekday": [
        "8:00",
        "8:53",
        "9:48",
        "10:48",
        "11:44",
        "12:44",
        "13:44",
        "14:44",
        "15:44",
        "16:30",
        "17:33",
        "18:36"
    ],
    "saturday": [
        "9:08",
        "10:13",
        "11:08",
        "12:13",
        "13:13",
        "14:13",
        "15:13",
        "16:13",
        "17:13",
        "18:13",
        "19:22"
    ],
    "holiday": [
        "9:18",
        "10:08",
        "11:08",
        "12:13",
        "13:13",
        "14:13",
        "15:13",
        "16:13",
        "17:13",
        "18:13",
        "19:22"
    ],
    "url": "https://www.kanachu.co.jp/dia/diagram/timetable01_js/course:0000804202-6/node:00127139/kt:0/lname:/"
}
