{
    "date": "2026/01/16",
    "name": "鶴が台中学校前",
    "position": "-",
    "system": "茅19",
    "destinations": [
        "鶴が台入口",
        "ニュータウン入口(茅ケ崎市)",
        "神奈中営業所前",
        "前の田",
        "中央公園前(茅ケ崎市)",
        "茅ヶ崎駅"
    ],
    "weekday": [
        "8:26",
        "9:19",
        "10:16",
        "11:16",
        "12:12",
        "13:12",
        "14:12",
        "15:12",
        "16:12",
        "16:58",
        "18:01",
        "19:04"
    ],
    "saturday": [
        "9:31",
        "10:41",
        "11:36",
        "12:41",
        "13:41",
        "14:41",
        "15:41",
        "16:41",
        "17:41",
        "18:41",
        "19:44"
    ],
    "holiday": [
        "9:41",
        "10:36",
        "11:36",
        "12:41",
        "13:41",
        "14:41",
        "15:41",
        "16:41",
        "17:41",
        "18:41",
        "19:44"
    ],
    "url": "https://www.kanachu.co.jp/dia/diagram/timetable01_js/course:0000804202-22/node:00127154/kt:0/lname:/"
}
