{
    "date": "2025/08/30",
    "name": "上大岡駅",
    "position": "-",
    "system": "",
    "destinations": [
        "関の下",
        "笹下港南中央通り",
        "港南区総合庁舎前",
        "港南橋",
        "室ノ木(横浜市港南区)",
        "月見ヶ丘団地前",
        "南高校前(横浜市港南区)",
        "上永谷住宅入口",
        "島越",
        "上永谷中学校前",
        "日限地蔵入口",
        "水田(横浜市港南区)",
        "中永谷",
        "般若寺橋",
        "下永谷(横浜市港南区)",
        "平戸(横浜市港南区)",
        "芹が谷団地前",
        "せりぎんタウン",
        "芹が谷",
        "芹が谷山谷",
        "水道橋下",
        "普門院前",
        "別所宮下",
        "南が丘中学校前",
        "最戸町",
        "最戸橋",
        "上大岡駅"
    ],
    "weekday": [
        "6:23",
        "6:44",
        "7:11",
        "7:19",
        "7:32",
        "7:39",
        "7:51",
        "8:14",
        "8:22",
        "8:38",
        "9:18",
        "9:38",
        "10:18",
        "10:38",
        "11:18",
        "11:38",
        "12:15",
        "12:45",
        "13:15",
        "13:45",
        "14:15",
        "14:45",
        "15:15",
        "15:45",
        "16:15",
        "17:10",
        "17:20",
        "17:50",
        "18:12",
        "18:24",
        "18:48",
        "19:15",
        "19:45",
        "20:00",
        "20:20",
        "21:00",
        "21:33"
    ],
    "saturday": [
        "7:40",
        "8:19",
        "8:38",
        "9:20",
        "9:38",
        "10:20",
        "10:39",
        "11:19",
        "11:39",
        "12:19",
        "12:39",
        "13:19",
        "13:39",
        "14:19",
        "14:39",
        "15:15",
        "15:45",
        "16:15",
        "16:45",
        "17:15",
        "17:45",
        "18:15",
        "18:45",
        "19:45",
        "21:15"
    ],
    "holiday": [
        "7:37",
        "8:19",
        "8:39",
        "9:19",
        "9:39",
        "10:19",
        "10:39",
        "11:19",
        "11:39",
        "12:19",
        "12:39",
        "13:19",
        "13:39",
        "14:19",
        "14:39",
        "15:19",
        "15:39",
        "16:15",
        "16:45",
        "17:15",
        "19:30",
        "21:30"
    ],
    "url": "https://www.kanachu.co.jp/dia/diagram/timetable01_js/course:0000803869-1/node:00102366/kt:0/lname:/"
}
