{
    "date": "2025/08/30",
    "name": "港南区総合庁舎前",
    "position": "-",
    "system": "71",
    "destinations": [
        "港南橋",
        "室ノ木(横浜市港南区)",
        "月見ヶ丘団地前",
        "南高校前(横浜市港南区)",
        "上永谷住宅入口",
        "島越",
        "上永谷中学校前",
        "日限地蔵入口",
        "水田(横浜市港南区)",
        "中永谷",
        "般若寺橋",
        "下永谷(横浜市港南区)",
        "平戸(横浜市港南区)",
        "芹が谷団地前",
        "せりぎんタウン",
        "芹が谷",
        "芹が谷山谷",
        "水道橋下",
        "普門院前",
        "別所宮下",
        "南が丘中学校前",
        "最戸町",
        "最戸橋",
        "上大岡駅"
    ],
    "weekday": [
        "6:27",
        "6:48",
        "7:15",
        "7:23",
        "7:36",
        "7:43",
        "7:55",
        "8:18",
        "8:26",
        "8:42",
        "9:22",
        "9:42",
        "10:22",
        "10:42",
        "11:22",
        "11:42",
        "12:19",
        "12:49",
        "13:19",
        "13:49",
        "14:19",
        "14:49",
        "15:19",
        "15:49",
        "16:19",
        "17:14",
        "17:24",
        "17:54",
        "18:16",
        "18:28",
        "18:52",
        "19:19",
        "19:49",
        "20:04",
        "20:24",
        "21:04",
        "21:37"
    ],
    "saturday": [
        "7:44",
        "8:23",
        "8:42",
        "9:24",
        "9:42",
        "10:24",
        "10:43",
        "11:23",
        "11:43",
        "12:23",
        "12:43",
        "13:23",
        "13:43",
        "14:23",
        "14:43",
        "15:19",
        "15:49",
        "16:19",
        "16:49",
        "17:19",
        "17:49",
        "18:19",
        "18:49",
        "19:49",
        "21:19"
    ],
    "holiday": [
        "7:41",
        "8:23",
        "8:43",
        "9:23",
        "9:43",
        "10:23",
        "10:43",
        "11:23",
        "11:43",
        "12:23",
        "12:43",
        "13:23",
        "13:43",
        "14:23",
        "14:43",
        "15:23",
        "15:43",
        "16:19",
        "16:49",
        "17:19",
        "19:34",
        "21:34"
    ],
    "url": "https://www.kanachu.co.jp/dia/diagram/timetable01_js/course:0000803869-4/node:00102499/kt:0/lname:/"
}
