{
    "date": "2025/08/30",
    "name": "月見ヶ丘団地前",
    "position": "-",
    "system": "",
    "destinations": [
        "南高校前(横浜市港南区)",
        "上永谷住宅入口",
        "島越",
        "上永谷中学校前",
        "日限地蔵入口",
        "水田(横浜市港南区)",
        "中永谷",
        "般若寺橋",
        "下永谷(横浜市港南区)",
        "平戸(横浜市港南区)",
        "芹が谷団地前",
        "せりぎんタウン",
        "芹が谷",
        "芹が谷山谷",
        "水道橋下",
        "普門院前",
        "別所宮下",
        "南が丘中学校前",
        "最戸町",
        "最戸橋",
        "上大岡駅"
    ],
    "weekday": [
        "6:30",
        "6:51",
        "7:18",
        "7:26",
        "7:39",
        "7:46",
        "7:58",
        "8:21",
        "8:29",
        "8:45",
        "9:25",
        "9:45",
        "10:25",
        "10:45",
        "11:25",
        "11:45",
        "12:22",
        "12:52",
        "13:22",
        "13:52",
        "14:22",
        "14:52",
        "15:22",
        "15:52",
        "16:22",
        "17:18",
        "17:28",
        "17:58",
        "18:20",
        "18:32",
        "18:56",
        "19:23",
        "19:53",
        "20:07",
        "20:27",
        "21:07",
        "21:40"
    ],
    "saturday": [
        "7:47",
        "8:26",
        "8:45",
        "9:27",
        "9:45",
        "10:27",
        "10:46",
        "11:26",
        "11:46",
        "12:26",
        "12:46",
        "13:26",
        "13:46",
        "14:26",
        "14:46",
        "15:22",
        "15:52",
        "16:22",
        "16:53",
        "17:23",
        "17:53",
        "18:23",
        "18:53",
        "19:53",
        "21:22"
    ],
    "holiday": [
        "7:44",
        "8:26",
        "8:46",
        "9:26",
        "9:46",
        "10:26",
        "10:46",
        "11:26",
        "11:46",
        "12:26",
        "12:46",
        "13:26",
        "13:46",
        "14:26",
        "14:46",
        "15:26",
        "15:46",
        "16:22",
        "16:53",
        "17:23",
        "19:37",
        "21:37"
    ],
    "url": "https://www.kanachu.co.jp/dia/diagram/timetable01_js/course:0000803869-7/node:00126573/kt:0/lname:/"
}
