{
    "date": "2025/08/30",
    "name": "南高校前(横浜市港南区)",
    "position": "-",
    "system": "",
    "destinations": [
        "上永谷住宅入口",
        "島越",
        "上永谷中学校前",
        "日限地蔵入口",
        "水田(横浜市港南区)",
        "中永谷",
        "般若寺橋",
        "下永谷(横浜市港南区)",
        "平戸(横浜市港南区)",
        "芹が谷団地前",
        "せりぎんタウン",
        "芹が谷",
        "芹が谷山谷",
        "水道橋下",
        "普門院前",
        "別所宮下",
        "南が丘中学校前",
        "最戸町",
        "最戸橋",
        "上大岡駅"
    ],
    "weekday": [
        "6:31",
        "6:52",
        "7:19",
        "7:27",
        "7:41",
        "7:48",
        "8:00",
        "8:23",
        "8:31",
        "8:47",
        "9:27",
        "9:47",
        "10:27",
        "10:47",
        "11:27",
        "11:47",
        "12:24",
        "12:54",
        "13:24",
        "13:54",
        "14:24",
        "14:54",
        "15:24",
        "15:54",
        "16:24",
        "17:20",
        "17:30",
        "18:00",
        "18:22",
        "18:34",
        "18:58",
        "19:25",
        "19:55",
        "20:08",
        "20:28",
        "21:08",
        "21:41"
    ],
    "saturday": [
        "7:48",
        "8:28",
        "8:47",
        "9:29",
        "9:47",
        "10:29",
        "10:48",
        "11:28",
        "11:48",
        "12:28",
        "12:48",
        "13:28",
        "13:48",
        "14:28",
        "14:48",
        "15:24",
        "15:54",
        "16:24",
        "16:55",
        "17:25",
        "17:55",
        "18:25",
        "18:55",
        "19:55",
        "21:23"
    ],
    "holiday": [
        "7:45",
        "8:28",
        "8:48",
        "9:28",
        "9:48",
        "10:28",
        "10:48",
        "11:28",
        "11:48",
        "12:28",
        "12:48",
        "13:28",
        "13:48",
        "14:28",
        "14:48",
        "15:28",
        "15:48",
        "16:24",
        "16:55",
        "17:25",
        "19:38",
        "21:38"
    ],
    "url": "https://www.kanachu.co.jp/dia/diagram/timetable01_js/course:0000803869-8/node:00113527/kt:0/lname:/"
}
