{
    "date": "2025/08/30",
    "name": "上永谷住宅入口",
    "position": "-",
    "system": "",
    "destinations": [
        "島越",
        "上永谷中学校前",
        "日限地蔵入口",
        "水田(横浜市港南区)",
        "中永谷",
        "般若寺橋",
        "下永谷(横浜市港南区)",
        "平戸(横浜市港南区)",
        "芹が谷団地前",
        "せりぎんタウン",
        "芹が谷",
        "芹が谷山谷",
        "水道橋下",
        "普門院前",
        "別所宮下",
        "南が丘中学校前",
        "最戸町",
        "最戸橋",
        "上大岡駅"
    ],
    "weekday": [
        "6:32",
        "6:53",
        "7:20",
        "7:28",
        "7:42",
        "7:49",
        "8:01",
        "8:24",
        "8:32",
        "8:48",
        "9:28",
        "9:48",
        "10:28",
        "10:48",
        "11:28",
        "11:48",
        "12:25",
        "12:55",
        "13:25",
        "13:55",
        "14:25",
        "14:55",
        "15:25",
        "15:55",
        "16:25",
        "17:21",
        "17:31",
        "18:01",
        "18:23",
        "18:35",
        "18:59",
        "19:26",
        "19:56",
        "20:09",
        "20:29",
        "21:09",
        "21:42"
    ],
    "saturday": [
        "7:49",
        "8:29",
        "8:48",
        "9:30",
        "9:48",
        "10:30",
        "10:49",
        "11:29",
        "11:49",
        "12:29",
        "12:49",
        "13:29",
        "13:49",
        "14:29",
        "14:49",
        "15:25",
        "15:55",
        "16:25",
        "16:56",
        "17:26",
        "17:56",
        "18:26",
        "18:56",
        "19:56",
        "21:24"
    ],
    "holiday": [
        "7:46",
        "8:29",
        "8:49",
        "9:29",
        "9:49",
        "10:29",
        "10:49",
        "11:29",
        "11:49",
        "12:29",
        "12:49",
        "13:29",
        "13:49",
        "14:29",
        "14:49",
        "15:29",
        "15:49",
        "16:25",
        "16:56",
        "17:26",
        "19:39",
        "21:39"
    ],
    "url": "https://www.kanachu.co.jp/dia/diagram/timetable01_js/course:0000803869-9/node:00126572/kt:0/lname:/"
}
