{
    "date": "2025/08/30",
    "name": "島越",
    "position": "-",
    "system": "71",
    "destinations": [
        "上永谷中学校前",
        "日限地蔵入口",
        "水田(横浜市港南区)",
        "中永谷",
        "般若寺橋",
        "下永谷(横浜市港南区)",
        "平戸(横浜市港南区)",
        "芹が谷団地前",
        "せりぎんタウン",
        "芹が谷",
        "芹が谷山谷",
        "水道橋下",
        "普門院前",
        "別所宮下",
        "南が丘中学校前",
        "最戸町",
        "最戸橋",
        "上大岡駅"
    ],
    "weekday": [
        "6:33",
        "6:54",
        "7:21",
        "7:29",
        "7:43",
        "7:50",
        "8:02",
        "8:25",
        "8:33",
        "8:49",
        "9:29",
        "9:49",
        "10:29",
        "10:49",
        "11:29",
        "11:49",
        "12:26",
        "12:56",
        "13:26",
        "13:56",
        "14:26",
        "14:56",
        "15:26",
        "15:56",
        "16:26",
        "17:22",
        "17:32",
        "18:02",
        "18:24",
        "18:36",
        "19:00",
        "19:27",
        "19:57",
        "20:10",
        "20:30",
        "21:10",
        "21:43"
    ],
    "saturday": [
        "7:50",
        "8:30",
        "8:49",
        "9:31",
        "9:49",
        "10:31",
        "10:50",
        "11:30",
        "11:50",
        "12:30",
        "12:50",
        "13:30",
        "13:50",
        "14:30",
        "14:50",
        "15:26",
        "15:56",
        "16:26",
        "16:57",
        "17:27",
        "17:57",
        "18:27",
        "18:57",
        "19:57",
        "21:25"
    ],
    "holiday": [
        "7:47",
        "8:30",
        "8:50",
        "9:30",
        "9:50",
        "10:30",
        "10:50",
        "11:30",
        "11:50",
        "12:30",
        "12:50",
        "13:30",
        "13:50",
        "14:30",
        "14:50",
        "15:30",
        "15:50",
        "16:26",
        "16:57",
        "17:27",
        "19:40",
        "21:40"
    ],
    "url": "https://www.kanachu.co.jp/dia/diagram/timetable01_js/course:0000803869-10/node:00126571/kt:0/lname:/"
}
