{
    "date": "2025/08/30",
    "name": "平戸(横浜市港南区)",
    "position": "-",
    "system": "",
    "destinations": [
        "芹が谷団地前",
        "せりぎんタウン",
        "芹が谷",
        "芹が谷山谷",
        "水道橋下",
        "普門院前",
        "別所宮下",
        "南が丘中学校前",
        "最戸町",
        "最戸橋",
        "上大岡駅"
    ],
    "weekday": [
        "6:44",
        "7:05",
        "7:32",
        "7:40",
        "7:55",
        "8:02",
        "8:14",
        "8:37",
        "8:45",
        "9:01",
        "9:41",
        "10:01",
        "10:41",
        "11:01",
        "11:41",
        "12:01",
        "12:37",
        "13:07",
        "13:37",
        "14:07",
        "14:37",
        "15:07",
        "15:37",
        "16:07",
        "16:37",
        "17:34",
        "17:44",
        "18:14",
        "18:36",
        "18:48",
        "19:12",
        "19:39",
        "20:08",
        "20:20",
        "20:40",
        "21:20",
        "21:53"
    ],
    "saturday": [
        "8:01",
        "8:41",
        "9:00",
        "9:42",
        "10:00",
        "10:42",
        "11:01",
        "11:41",
        "12:01",
        "12:41",
        "13:01",
        "13:41",
        "14:01",
        "14:41",
        "15:01",
        "15:37",
        "16:07",
        "16:37",
        "17:09",
        "17:39",
        "18:09",
        "18:39",
        "19:09",
        "20:08",
        "21:35"
    ],
    "holiday": [
        "7:58",
        "8:41",
        "9:01",
        "9:41",
        "10:01",
        "10:41",
        "11:01",
        "11:41",
        "12:01",
        "12:41",
        "13:01",
        "13:41",
        "14:01",
        "14:41",
        "15:01",
        "15:41",
        "16:01",
        "16:37",
        "17:09",
        "17:39",
        "19:50",
        "21:50"
    ],
    "url": "https://www.kanachu.co.jp/dia/diagram/timetable01_js/course:0000803869-17/node:00102977/kt:0/lname:/"
}
