{
    "date": "2025/08/30",
    "name": "芹が谷団地前",
    "position": "-",
    "system": "71",
    "destinations": [
        "せりぎんタウン",
        "芹が谷",
        "芹が谷山谷",
        "水道橋下",
        "普門院前",
        "別所宮下",
        "南が丘中学校前",
        "最戸町",
        "最戸橋",
        "上大岡駅"
    ],
    "weekday": [
        "6:46",
        "7:07",
        "7:34",
        "7:42",
        "7:57",
        "8:04",
        "8:16",
        "8:39",
        "8:47",
        "9:03",
        "9:43",
        "10:03",
        "10:43",
        "11:03",
        "11:43",
        "12:03",
        "12:39",
        "13:09",
        "13:39",
        "14:09",
        "14:39",
        "15:09",
        "15:39",
        "16:09",
        "16:39",
        "17:36",
        "17:46",
        "18:16",
        "18:38",
        "18:50",
        "19:14",
        "19:41",
        "20:10",
        "20:22",
        "20:42",
        "21:22",
        "21:55"
    ],
    "saturday": [
        "8:03",
        "8:43",
        "9:02",
        "9:44",
        "10:02",
        "10:44",
        "11:03",
        "11:43",
        "12:03",
        "12:43",
        "13:03",
        "13:43",
        "14:03",
        "14:43",
        "15:03",
        "15:39",
        "16:09",
        "16:39",
        "17:11",
        "17:41",
        "18:11",
        "18:41",
        "19:11",
        "20:10",
        "21:37"
    ],
    "holiday": [
        "8:00",
        "8:43",
        "9:03",
        "9:43",
        "10:03",
        "10:43",
        "11:03",
        "11:43",
        "12:03",
        "12:43",
        "13:03",
        "13:43",
        "14:03",
        "14:43",
        "15:03",
        "15:43",
        "16:03",
        "16:39",
        "17:11",
        "17:41",
        "19:52",
        "21:52"
    ],
    "url": "https://www.kanachu.co.jp/dia/diagram/timetable01_js/course:0000803869-18/node:00126569/kt:0/lname:/"
}
