{
    "date": "2025/08/30",
    "name": "芹が谷",
    "position": "-",
    "system": "",
    "destinations": [
        "芹が谷山谷",
        "水道橋下",
        "普門院前",
        "別所宮下",
        "南が丘中学校前",
        "最戸町",
        "最戸橋",
        "上大岡駅"
    ],
    "weekday": [
        "6:50",
        "7:11",
        "7:38",
        "7:46",
        "8:01",
        "8:08",
        "8:20",
        "8:43",
        "8:51",
        "9:07",
        "9:47",
        "10:07",
        "10:47",
        "11:07",
        "11:47",
        "12:07",
        "12:43",
        "13:13",
        "13:43",
        "14:13",
        "14:43",
        "15:13",
        "15:43",
        "16:13",
        "16:43",
        "17:40",
        "17:50",
        "18:20",
        "18:42",
        "18:54",
        "19:18",
        "19:45",
        "20:14",
        "20:26",
        "20:46",
        "21:26",
        "21:59"
    ],
    "saturday": [
        "8:07",
        "8:47",
        "9:06",
        "9:48",
        "10:06",
        "10:48",
        "11:07",
        "11:47",
        "12:07",
        "12:47",
        "13:07",
        "13:47",
        "14:07",
        "14:47",
        "15:07",
        "15:43",
        "16:13",
        "16:43",
        "17:15",
        "17:45",
        "18:15",
        "18:45",
        "19:15",
        "20:14",
        "21:41"
    ],
    "holiday": [
        "8:04",
        "8:47",
        "9:07",
        "9:47",
        "10:07",
        "10:47",
        "11:07",
        "11:47",
        "12:07",
        "12:47",
        "13:07",
        "13:47",
        "14:07",
        "14:47",
        "15:07",
        "15:47",
        "16:07",
        "16:43",
        "17:15",
        "17:45",
        "19:56",
        "21:56"
    ],
    "url": "https://www.kanachu.co.jp/dia/diagram/timetable01_js/course:0000803869-20/node:00126567/kt:0/lname:/"
}
