{
    "date": "2025/08/30",
    "name": "普門院前",
    "position": "-",
    "system": "",
    "destinations": [
        "別所宮下",
        "南が丘中学校前",
        "最戸町",
        "最戸橋",
        "上大岡駅"
    ],
    "weekday": [
        "6:54",
        "7:15",
        "7:42",
        "7:50",
        "8:05",
        "8:12",
        "8:24",
        "8:47",
        "8:55",
        "9:11",
        "9:51",
        "10:11",
        "10:51",
        "11:11",
        "11:51",
        "12:11",
        "12:47",
        "13:17",
        "13:47",
        "14:17",
        "14:47",
        "15:17",
        "15:47",
        "16:17",
        "16:47",
        "17:44",
        "17:54",
        "18:24",
        "18:46",
        "18:58",
        "19:22",
        "19:49",
        "20:18",
        "20:30",
        "20:50",
        "21:30",
        "22:03"
    ],
    "saturday": [
        "8:11",
        "8:51",
        "9:10",
        "9:52",
        "10:10",
        "10:52",
        "11:11",
        "11:51",
        "12:11",
        "12:51",
        "13:11",
        "13:51",
        "14:11",
        "14:51",
        "15:11",
        "15:47",
        "16:17",
        "16:47",
        "17:19",
        "17:49",
        "18:19",
        "18:49",
        "19:19",
        "20:17",
        "21:44"
    ],
    "holiday": [
        "8:08",
        "8:51",
        "9:11",
        "9:51",
        "10:11",
        "10:51",
        "11:11",
        "11:51",
        "12:11",
        "12:51",
        "13:11",
        "13:51",
        "14:11",
        "14:51",
        "15:11",
        "15:51",
        "16:11",
        "16:47",
        "17:19",
        "17:49",
        "19:59",
        "21:59"
    ],
    "url": "https://www.kanachu.co.jp/dia/diagram/timetable01_js/course:0000803869-23/node:00126564/kt:0/lname:/"
}
