{
    "date": "2025/08/30",
    "name": "別所宮下",
    "position": "-",
    "system": "",
    "destinations": [
        "南が丘中学校前",
        "最戸町",
        "最戸橋",
        "上大岡駅"
    ],
    "weekday": [
        "6:55",
        "7:16",
        "7:43",
        "7:51",
        "8:06",
        "8:13",
        "8:25",
        "8:48",
        "8:56",
        "9:12",
        "9:52",
        "10:12",
        "10:52",
        "11:12",
        "11:52",
        "12:12",
        "12:48",
        "13:18",
        "13:48",
        "14:18",
        "14:48",
        "15:18",
        "15:48",
        "16:18",
        "16:48",
        "17:45",
        "17:55",
        "18:25",
        "18:47",
        "18:59",
        "19:23",
        "19:50",
        "20:19",
        "20:31",
        "20:51",
        "21:31",
        "22:04"
    ],
    "saturday": [
        "8:12",
        "8:52",
        "9:11",
        "9:53",
        "10:11",
        "10:53",
        "11:12",
        "11:52",
        "12:12",
        "12:52",
        "13:12",
        "13:52",
        "14:12",
        "14:52",
        "15:12",
        "15:48",
        "16:18",
        "16:48",
        "17:20",
        "17:50",
        "18:20",
        "18:50",
        "19:20",
        "20:18",
        "21:45"
    ],
    "holiday": [
        "8:09",
        "8:52",
        "9:12",
        "9:52",
        "10:12",
        "10:52",
        "11:12",
        "11:52",
        "12:12",
        "12:52",
        "13:12",
        "13:52",
        "14:12",
        "14:52",
        "15:12",
        "15:52",
        "16:12",
        "16:48",
        "17:20",
        "17:50",
        "20:00",
        "22:00"
    ],
    "url": "https://www.kanachu.co.jp/dia/diagram/timetable01_js/course:0000803869-24/node:00126563/kt:0/lname:/"
}
