{
    "date": "2025/08/30",
    "name": "南が丘中学校前",
    "position": "-",
    "system": "",
    "destinations": [
        "最戸町",
        "最戸橋",
        "上大岡駅"
    ],
    "weekday": [
        "6:56",
        "7:17",
        "7:44",
        "7:52",
        "8:07",
        "8:14",
        "8:26",
        "8:49",
        "8:57",
        "9:13",
        "9:53",
        "10:13",
        "10:53",
        "11:13",
        "11:53",
        "12:13",
        "12:49",
        "13:19",
        "13:49",
        "14:19",
        "14:49",
        "15:19",
        "15:49",
        "16:19",
        "16:49",
        "17:46",
        "17:56",
        "18:26",
        "18:48",
        "19:00",
        "19:24",
        "19:51",
        "20:20",
        "20:32",
        "20:52",
        "21:32",
        "22:05"
    ],
    "saturday": [
        "8:13",
        "8:53",
        "9:12",
        "9:54",
        "10:12",
        "10:54",
        "11:13",
        "11:53",
        "12:13",
        "12:53",
        "13:13",
        "13:53",
        "14:13",
        "14:53",
        "15:13",
        "15:49",
        "16:19",
        "16:49",
        "17:21",
        "17:51",
        "18:21",
        "18:51",
        "19:21",
        "20:19",
        "21:46"
    ],
    "holiday": [
        "8:10",
        "8:53",
        "9:13",
        "9:53",
        "10:13",
        "10:53",
        "11:13",
        "11:53",
        "12:13",
        "12:53",
        "13:13",
        "13:53",
        "14:13",
        "14:53",
        "15:13",
        "15:53",
        "16:13",
        "16:49",
        "17:21",
        "17:51",
        "20:01",
        "22:01"
    ],
    "url": "https://www.kanachu.co.jp/dia/diagram/timetable01_js/course:0000803869-25/node:00126562/kt:0/lname:/"
}
