{
    "date": "2025/08/30",
    "name": "最戸町",
    "position": "-",
    "system": "",
    "destinations": [
        "最戸橋",
        "上大岡駅"
    ],
    "weekday": [
        "6:58",
        "7:19",
        "7:46",
        "7:54",
        "8:09",
        "8:16",
        "8:28",
        "8:51",
        "8:59",
        "9:15",
        "9:55",
        "10:15",
        "10:55",
        "11:15",
        "11:55",
        "12:15",
        "12:51",
        "13:21",
        "13:51",
        "14:21",
        "14:51",
        "15:21",
        "15:51",
        "16:21",
        "16:51",
        "17:48",
        "17:58",
        "18:28",
        "18:50",
        "19:02",
        "19:26",
        "19:53",
        "20:22",
        "20:34",
        "20:54",
        "21:34",
        "22:07"
    ],
    "saturday": [
        "8:15",
        "8:55",
        "9:14",
        "9:56",
        "10:14",
        "10:56",
        "11:15",
        "11:55",
        "12:15",
        "12:55",
        "13:15",
        "13:55",
        "14:15",
        "14:55",
        "15:15",
        "15:51",
        "16:21",
        "16:51",
        "17:23",
        "17:53",
        "18:23",
        "18:53",
        "19:23",
        "20:20",
        "21:47"
    ],
    "holiday": [
        "8:12",
        "8:55",
        "9:15",
        "9:55",
        "10:15",
        "10:55",
        "11:15",
        "11:55",
        "12:15",
        "12:55",
        "13:15",
        "13:55",
        "14:15",
        "14:55",
        "15:15",
        "15:55",
        "16:15",
        "16:51",
        "17:23",
        "17:53",
        "20:02",
        "22:02"
    ],
    "url": "https://www.kanachu.co.jp/dia/diagram/timetable01_js/course:0000803869-26/node:00126561/kt:0/lname:/"
}
