{
    "date": "2025/08/30",
    "name": "最戸橋",
    "position": "-",
    "system": "",
    "destinations": [
        "上大岡駅"
    ],
    "weekday": [
        "7:00",
        "7:21",
        "7:48",
        "7:56",
        "8:11",
        "8:18",
        "8:30",
        "8:53",
        "9:01",
        "9:17",
        "9:57",
        "10:17",
        "10:57",
        "11:17",
        "11:57",
        "12:17",
        "12:53",
        "13:23",
        "13:53",
        "14:23",
        "14:53",
        "15:23",
        "15:53",
        "16:23",
        "16:53",
        "17:50",
        "18:00",
        "18:30",
        "18:52",
        "19:04",
        "19:28",
        "19:55",
        "20:24",
        "20:36",
        "20:56",
        "21:36",
        "22:09"
    ],
    "saturday": [
        "8:17",
        "8:57",
        "9:16",
        "9:58",
        "10:16",
        "10:58",
        "11:17",
        "11:57",
        "12:17",
        "12:57",
        "13:17",
        "13:57",
        "14:17",
        "14:57",
        "15:17",
        "15:53",
        "16:23",
        "16:53",
        "17:25",
        "17:55",
        "18:25",
        "18:55",
        "19:25",
        "20:22",
        "21:49"
    ],
    "holiday": [
        "8:14",
        "8:57",
        "9:17",
        "9:57",
        "10:17",
        "10:57",
        "11:17",
        "11:57",
        "12:17",
        "12:57",
        "13:17",
        "13:57",
        "14:17",
        "14:57",
        "15:17",
        "15:57",
        "16:17",
        "16:53",
        "17:25",
        "17:55",
        "20:04",
        "22:04"
    ],
    "url": "https://www.kanachu.co.jp/dia/diagram/timetable01_js/course:0000803869-27/node:00102535/kt:0/lname:/"
}
