{
    "system": "",
    "busstops": [
        {
            "index": "1",
            "id": "00102366",
            "name": "上大岡駅",
            "lat": "35.408319",
            "lng": "139.59616"
        },
        {
            "index": "2",
            "id": "00102671",
            "name": "関の下",
            "lat": "35.405298",
            "lng": "139.595117"
        },
        {
            "index": "3",
            "id": "00126558",
            "name": "笹下港南中央通り",
            "lat": "35.402548",
            "lng": "139.593365"
        },
        {
            "index": "4",
            "id": "00102499",
            "name": "港南区総合庁舎前",
            "lat": "35.401087",
            "lng": "139.591092"
        },
        {
            "index": "5",
            "id": "00126575",
            "name": "港南橋",
            "lat": "35.401098",
            "lng": "139.589197"
        },
        {
            "index": "6",
            "id": "00126574",
            "name": "室ノ木(横浜市港南区)",
            "lat": "35.401264",
            "lng": "139.583881"
        },
        {
            "index": "7",
            "id": "00126573",
            "name": "月見ヶ丘団地前",
            "lat": "35.403507",
            "lng": "139.581319"
        },
        {
            "index": "8",
            "id": "00113527",
            "name": "南高校前(横浜市港南区)",
            "lat": "35.404686",
            "lng": "139.579903"
        },
        {
            "index": "9",
            "id": "00126572",
            "name": "上永谷住宅入口",
            "lat": "35.405576",
            "lng": "139.577983"
        },
        {
            "index": "10",
            "id": "00126571",
            "name": "島越",
            "lat": "35.405358",
            "lng": "139.575309"
        },
        {
            "index": "11",
            "id": "00126570",
            "name": "上永谷中学校前",
            "lat": "35.406207",
            "lng": "139.571755"
        },
        {
            "index": "12",
            "id": "00102960",
            "name": "日限地蔵入口",
            "lat": "35.405685",
            "lng": "139.567816"
        },
        {
            "index": "13",
            "id": "00102646",
            "name": "水田(横浜市港南区)",
            "lat": "35.408101",
            "lng": "139.565155"
        },
        {
            "index": "14",
            "id": "00102823",
            "name": "中永谷",
            "lat": "35.411502",
            "lng": "139.561616"
        },
        {
            "index": "15",
            "id": "00102927",
            "name": "般若寺橋",
            "lat": "35.414211",
            "lng": "139.560937"
        },
        {
            "index": "16",
            "id": "00102596",
            "name": "下永谷(横浜市港南区)",
            "lat": "35.417284",
            "lng": "139.5612"
        },
        {
            "index": "17",
            "id": "00102977",
            "name": "平戸(横浜市港南区)",
            "lat": "35.418827",
            "lng": "139.562474"
        },
        {
            "index": "18",
            "id": "00126569",
            "name": "芹が谷団地前",
            "lat": "35.417153",
            "lng": "139.567506"
        },
        {
            "index": "19",
            "id": "00126568",
            "name": "せりぎんタウン",
            "lat": "35.416726",
            "lng": "139.57092"
        },
        {
            "index": "20",
            "id": "00126567",
            "name": "芹が谷",
            "lat": "35.415964",
            "lng": "139.574826"
        },
        {
            "index": "21",
            "id": "00126566",
            "name": "芹が谷山谷",
            "lat": "35.414584",
            "lng": "139.578287"
        },
        {
            "index": "22",
            "id": "00126565",
            "name": "水道橋下",
            "lat": "35.413663",
            "lng": "139.580977"
        },
        {
            "index": "23",
            "id": "00126564",
            "name": "普門院前",
            "lat": "35.412926",
            "lng": "139.585839"
        },
        {
            "index": "24",
            "id": "00126563",
            "name": "別所宮下",
            "lat": "35.413614",
            "lng": "139.588034"
        },
        {
            "index": "25",
            "id": "00126562",
            "name": "南が丘中学校前",
            "lat": "35.414764",
            "lng": "139.590122"
        },
        {
            "index": "26",
            "id": "00126561",
            "name": "最戸町",
            "lat": "35.415437",
            "lng": "139.594325"
        },
        {
            "index": "27",
            "id": "00102535",
            "name": "最戸橋",
            "lat": "35.413348",
            "lng": "139.597266"
        },
        {
            "index": "28",
            "id": "00102366",
            "name": "上大岡駅",
            "lat": "35.408496",
            "lng": "139.596256"
        }
    ],
    "route_url": "https://www.kanachu.co.jp/dia/route/index/cid:0000803869/"
}
