{
    "date": "2025/07/27",
    "name": "南が丘五丁目(秦野市)",
    "position": "-",
    "system": "秦91",
    "destinations": [
        "南が丘東",
        "東名秦野",
        "猪分",
        "原(足柄上郡中井町)",
        "上井ノ口",
        "井ノ口小学校前",
        "北窪入口",
        "下井ノ口",
        "五分一",
        "梅ノ木(中郡二宮町)",
        "一色(中郡二宮町)",
        "下谷(中郡二宮町)",
        "岩崎(中郡二宮町)",
        "団地中央(中郡二宮町)",
        "二宮高校入口",
        "中里(中郡二宮町)",
        "中島(中郡二宮町)",
        "堂面(中郡二宮町)",
        "元町(中郡二宮町)",
        "二宮駅北口"
    ],
    "weekday": [
        "6:03",
        "6:57",
        "7:37",
        "8:04",
        "8:37",
        "9:36",
        "10:36",
        "11:36",
        "12:36",
        "13:36",
        "14:36",
        "15:36",
        "16:36",
        "17:36",
        "18:36",
        "19:16",
        "20:26",
        "21:28"
    ],
    "saturday": [
        "6:26",
        "6:56",
        "7:26",
        "8:26",
        "9:26",
        "10:26",
        "11:26",
        "12:26",
        "13:26",
        "14:26",
        "15:26",
        "16:26",
        "17:26",
        "18:26",
        "19:26",
        "20:33",
        "21:33"
    ],
    "holiday": [
        "6:26",
        "6:56",
        "7:26",
        "8:26",
        "9:26",
        "10:26",
        "11:26",
        "12:26",
        "13:26",
        "14:26",
        "15:26",
        "16:26",
        "17:26",
        "18:26",
        "19:26",
        "20:33",
        "21:33"
    ],
    "url": "https://www.kanachu.co.jp/dia/diagram/timetable01_js/course:0000800501-10/node:00127773/kt:0/lname:/"
}
