{
    "date": "2025/07/27",
    "name": "原(足柄上郡中井町)",
    "position": "-",
    "system": "秦91",
    "destinations": [
        "上井ノ口",
        "井ノ口小学校前",
        "北窪入口",
        "下井ノ口",
        "五分一",
        "梅ノ木(中郡二宮町)",
        "一色(中郡二宮町)",
        "下谷(中郡二宮町)",
        "岩崎(中郡二宮町)",
        "団地中央(中郡二宮町)",
        "二宮高校入口",
        "中里(中郡二宮町)",
        "中島(中郡二宮町)",
        "堂面(中郡二宮町)",
        "元町(中郡二宮町)",
        "二宮駅北口"
    ],
    "weekday": [
        "6:07",
        "7:01",
        "7:43",
        "8:10",
        "8:43",
        "9:42",
        "10:42",
        "11:42",
        "12:42",
        "13:42",
        "14:42",
        "15:42",
        "16:42",
        "17:42",
        "18:42",
        "19:22",
        "20:30",
        "21:32"
    ],
    "saturday": [
        "6:31",
        "7:01",
        "7:31",
        "8:31",
        "9:31",
        "10:31",
        "11:31",
        "12:31",
        "13:31",
        "14:31",
        "15:31",
        "16:31",
        "17:31",
        "18:31",
        "19:31",
        "20:38",
        "21:38"
    ],
    "holiday": [
        "6:31",
        "7:01",
        "7:31",
        "8:31",
        "9:31",
        "10:31",
        "11:31",
        "12:31",
        "13:31",
        "14:31",
        "15:31",
        "16:31",
        "17:31",
        "18:31",
        "19:31",
        "20:38",
        "21:38"
    ],
    "url": "https://www.kanachu.co.jp/dia/diagram/timetable01_js/course:0000800501-14/node:00127776/kt:0/lname:/"
}
