{
    "date": "2025/07/27",
    "name": "上井ノ口",
    "position": "-",
    "system": "秦91",
    "destinations": [
        "井ノ口小学校前",
        "北窪入口",
        "下井ノ口",
        "五分一",
        "梅ノ木(中郡二宮町)",
        "一色(中郡二宮町)",
        "下谷(中郡二宮町)",
        "岩崎(中郡二宮町)",
        "団地中央(中郡二宮町)",
        "二宮高校入口",
        "中里(中郡二宮町)",
        "中島(中郡二宮町)",
        "堂面(中郡二宮町)",
        "元町(中郡二宮町)",
        "二宮駅北口"
    ],
    "weekday": [
        "6:08",
        "7:02",
        "7:44",
        "8:11",
        "8:44",
        "9:43",
        "10:43",
        "11:43",
        "12:43",
        "13:43",
        "14:43",
        "15:43",
        "16:43",
        "17:43",
        "18:43",
        "19:23",
        "20:31",
        "21:33"
    ],
    "saturday": [
        "6:32",
        "7:02",
        "7:32",
        "8:32",
        "9:32",
        "10:32",
        "11:32",
        "12:32",
        "13:32",
        "14:32",
        "15:32",
        "16:32",
        "17:32",
        "18:32",
        "19:32",
        "20:39",
        "21:39"
    ],
    "holiday": [
        "6:32",
        "7:02",
        "7:32",
        "8:32",
        "9:32",
        "10:32",
        "11:32",
        "12:32",
        "13:32",
        "14:32",
        "15:32",
        "16:32",
        "17:32",
        "18:32",
        "19:32",
        "20:39",
        "21:39"
    ],
    "url": "https://www.kanachu.co.jp/dia/diagram/timetable01_js/course:0000800501-15/node:00127777/kt:0/lname:/"
}
