{
    "date": "2025/07/12",
    "name": "桐原公園前",
    "position": "-",
    "system": "藤34",
    "destinations": [
        "一色上",
        "東京ラヂエーター前",
        "プレス工業前(藤沢市)",
        "石川(藤沢市)",
        "石川橋",
        "五反田(藤沢市)",
        "北の谷",
        "弁天前(藤沢市)",
        "天神社前",
        "舟地蔵",
        "大六天(藤沢市)"
    ],
    "weekday": [
        "21:04"
    ],
    "saturday": [
        "20:56"
    ],
    "holiday": [
        "20:56"
    ],
    "url": "https://www.kanachu.co.jp/dia/diagram/timetable01_js/course:0000802969-4/node:00129927/kt:0/lname:/"
}
