{
    "date": "2025/10/20",
    "name": "本郷原",
    "position": "-",
    "system": "間24",
    "destinations": [
        "中屋敷(横浜市瀬谷区)",
        "竹村町",
        "上瀬谷小学校入口",
        "八幡神社前(横浜市瀬谷区)",
        "馬場屋敷",
        "目黒",
        "長堀公園前",
        "鶴間車庫"
    ],
    "weekday": [
        "19:58",
        "20:25"
    ],
    "saturday": [
        "20:13"
    ],
    "holiday": [
        "20:13"
    ],
    "url": "https://www.kanachu.co.jp/dia/diagram/timetable01_js/course:0000803926-4/node:00129657/kt:0/lname:/"
}
