{
    "date": "2025/10/20",
    "name": "中屋敷(横浜市瀬谷区)",
    "position": "-",
    "system": "間24",
    "destinations": [
        "竹村町",
        "上瀬谷小学校入口",
        "八幡神社前(横浜市瀬谷区)",
        "馬場屋敷",
        "目黒",
        "長堀公園前",
        "鶴間車庫"
    ],
    "weekday": [
        "20:00",
        "20:27"
    ],
    "saturday": [
        "20:15"
    ],
    "holiday": [
        "20:15"
    ],
    "url": "https://www.kanachu.co.jp/dia/diagram/timetable01_js/course:0000803926-5/node:00129656/kt:0/lname:/"
}
