{
    "date": "2025/10/20",
    "name": "竹村町",
    "position": "-",
    "system": "間24",
    "destinations": [
        "上瀬谷小学校入口",
        "八幡神社前(横浜市瀬谷区)",
        "馬場屋敷",
        "目黒",
        "長堀公園前",
        "鶴間車庫"
    ],
    "weekday": [
        "20:01",
        "20:28"
    ],
    "saturday": [
        "20:16"
    ],
    "holiday": [
        "20:16"
    ],
    "url": "https://www.kanachu.co.jp/dia/diagram/timetable01_js/course:0000803926-6/node:00129655/kt:0/lname:/"
}
