{
    "date": "2025/10/20",
    "name": "上瀬谷小学校入口",
    "position": "-",
    "system": "間24",
    "destinations": [
        "八幡神社前(横浜市瀬谷区)",
        "馬場屋敷",
        "目黒",
        "長堀公園前",
        "鶴間車庫"
    ],
    "weekday": [
        "20:02",
        "20:29"
    ],
    "saturday": [
        "20:17"
    ],
    "holiday": [
        "20:17"
    ],
    "url": "https://www.kanachu.co.jp/dia/diagram/timetable01_js/course:0000803926-7/node:00129654/kt:0/lname:/"
}
