{
    "system": "間24",
    "busstops": [
        {
            "index": "1",
            "id": "00129660",
            "name": "瀬谷駅",
            "lat": "35.471589",
            "lng": "139.482948"
        },
        {
            "index": "2",
            "id": "00129659",
            "name": "瀬谷駅前通り",
            "lat": "35.472239",
            "lng": "139.481532"
        },
        {
            "index": "3",
            "id": "00129658",
            "name": "本郷(横浜市瀬谷区)",
            "lat": "35.474475",
            "lng": "139.476806"
        },
        {
            "index": "4",
            "id": "00129657",
            "name": "本郷原",
            "lat": "35.476676",
            "lng": "139.475716"
        },
        {
            "index": "5",
            "id": "00129656",
            "name": "中屋敷(横浜市瀬谷区)",
            "lat": "35.482436",
            "lng": "139.475033"
        },
        {
            "index": "6",
            "id": "00129655",
            "name": "竹村町",
            "lat": "35.488022",
            "lng": "139.472917"
        },
        {
            "index": "7",
            "id": "00129654",
            "name": "上瀬谷小学校入口",
            "lat": "35.491015",
            "lng": "139.473493"
        },
        {
            "index": "8",
            "id": "00129653",
            "name": "八幡神社前(横浜市瀬谷区)",
            "lat": "35.492838",
            "lng": "139.473149"
        },
        {
            "index": "9",
            "id": "00129734",
            "name": "馬場屋敷",
            "lat": "35.495343",
            "lng": "139.470615"
        },
        {
            "index": "10",
            "id": "00129652",
            "name": "目黒",
            "lat": "35.496527",
            "lng": "139.467029"
        },
        {
            "index": "11",
            "id": "00130537",
            "name": "長堀公園前",
            "lat": "35.492347",
            "lng": "139.45994"
        },
        {
            "index": "12",
            "id": "00129525",
            "name": "鶴間車庫",
            "lat": "35.492031",
            "lng": "139.458082"
        }
    ],
    "route_url": "https://www.kanachu.co.jp/dia/route/index/cid:0000803926/"
}
