{
    "date": "2025/11/16",
    "name": "薬王寺入口",
    "position": "-",
    "system": "峰02",
    "destinations": [
        "鶴ヶ峰中学校前",
        "今宿小学校入口",
        "今宿(横浜市旭区)",
        "筑池",
        "農協前(横浜市旭区)",
        "都岡町",
        "下宿(横浜市旭区)",
        "川井宿",
        "福泉寺前(横浜市旭区)",
        "宮の下(横浜市旭区)",
        "長源寺前(横浜市旭区)",
        "上川井町",
        "大貫橋",
        "若葉台南",
        "若葉台近隣公園前",
        "若葉台中学校前",
        "霧が丘高校前",
        "若葉台車庫前",
        "若葉台中央(横浜市旭区)",
        "若葉台車庫前",
        "霧が丘高校前",
        "霧が丘センター前",
        "郵便局前(横浜市緑区)",
        "萱場公園入口",
        "遊水池前(横浜市緑区)",
        "中山谷(横浜市緑区)",
        "十日市場",
        "十日市場駅"
    ],
    "weekday": [
        "7:01",
        "7:34",
        "8:57",
        "11:02",
        "13:13",
        "15:12",
        "17:13",
        "19:13"
    ],
    "saturday": [
        "8:28",
        "10:32",
        "12:32",
        "14:32",
        "16:32",
        "18:36"
    ],
    "holiday": [
        "8:44",
        "10:32",
        "12:32",
        "14:32",
        "16:32",
        "18:37"
    ],
    "url": "https://www.kanachu.co.jp/dia/diagram/timetable01_js/course:0000802234-3/node:00129719/kt:0/lname:/"
}
