{
    "date": "2025/11/16",
    "name": "下宿(横浜市旭区)",
    "position": "-",
    "system": "峰02",
    "destinations": [
        "川井宿",
        "福泉寺前(横浜市旭区)",
        "宮の下(横浜市旭区)",
        "長源寺前(横浜市旭区)",
        "上川井町",
        "大貫橋",
        "若葉台南",
        "若葉台近隣公園前",
        "若葉台中学校前",
        "霧が丘高校前",
        "若葉台車庫前",
        "若葉台中央(横浜市旭区)",
        "若葉台車庫前",
        "霧が丘高校前",
        "霧が丘センター前",
        "郵便局前(横浜市緑区)",
        "萱場公園入口",
        "遊水池前(横浜市緑区)",
        "中山谷(横浜市緑区)",
        "十日市場",
        "十日市場駅"
    ],
    "weekday": [
        "7:09",
        "7:42",
        "9:05",
        "11:10",
        "13:21",
        "15:20",
        "17:21",
        "19:21"
    ],
    "saturday": [
        "8:36",
        "10:40",
        "12:40",
        "14:40",
        "16:40",
        "18:44"
    ],
    "holiday": [
        "8:52",
        "10:40",
        "12:40",
        "14:40",
        "16:40",
        "18:45"
    ],
    "url": "https://www.kanachu.co.jp/dia/diagram/timetable01_js/course:0000802234-10/node:00129712/kt:0/lname:/"
}
