{
    "date": "2025/11/16",
    "name": "若葉台南",
    "position": "-",
    "system": "峰02",
    "destinations": [
        "若葉台近隣公園前",
        "若葉台中学校前",
        "霧が丘高校前",
        "若葉台車庫前",
        "若葉台中央(横浜市旭区)",
        "若葉台車庫前",
        "霧が丘高校前",
        "霧が丘センター前",
        "郵便局前(横浜市緑区)",
        "萱場公園入口",
        "遊水池前(横浜市緑区)",
        "中山谷(横浜市緑区)",
        "十日市場",
        "十日市場駅"
    ],
    "weekday": [
        "7:17",
        "7:50",
        "9:13",
        "11:18",
        "13:29",
        "15:28",
        "17:29",
        "19:29"
    ],
    "saturday": [
        "8:44",
        "10:48",
        "12:48",
        "14:48",
        "16:48",
        "18:52"
    ],
    "holiday": [
        "9:00",
        "10:48",
        "12:48",
        "14:48",
        "16:48",
        "18:53"
    ],
    "url": "https://www.kanachu.co.jp/dia/diagram/timetable01_js/course:0000802234-17/node:00103262/kt:0/lname:/"
}
