{
    "date": "2025/11/16",
    "name": "若葉台車庫前",
    "position": "-",
    "system": "峰02",
    "destinations": [
        "霧が丘高校前",
        "霧が丘センター前",
        "郵便局前(横浜市緑区)",
        "萱場公園入口",
        "遊水池前(横浜市緑区)",
        "中山谷(横浜市緑区)",
        "十日市場",
        "十日市場駅"
    ],
    "weekday": [
        "7:26",
        "7:59",
        "9:22",
        "11:27",
        "13:38",
        "15:37",
        "17:38",
        "19:38"
    ],
    "saturday": [
        "8:53",
        "10:57",
        "12:57",
        "14:57",
        "16:57",
        "19:01"
    ],
    "holiday": [
        "9:09",
        "10:57",
        "12:57",
        "14:57",
        "16:57",
        "19:02"
    ],
    "url": "https://www.kanachu.co.jp/dia/diagram/timetable01_js/course:0000802234-23/node:00019297/kt:0/lname:/"
}
