{
    "date": "2025/11/16",
    "name": "郵便局前(横浜市緑区)",
    "position": "-",
    "system": "峰02",
    "destinations": [
        "萱場公園入口",
        "遊水池前(横浜市緑区)",
        "中山谷(横浜市緑区)",
        "十日市場",
        "十日市場駅"
    ],
    "weekday": [
        "7:29",
        "8:02",
        "9:25",
        "11:30",
        "13:41",
        "15:40",
        "17:41",
        "19:41"
    ],
    "saturday": [
        "8:56",
        "11:00",
        "13:00",
        "15:00",
        "17:00",
        "19:04"
    ],
    "holiday": [
        "9:12",
        "11:00",
        "13:00",
        "15:00",
        "17:00",
        "19:05"
    ],
    "url": "https://www.kanachu.co.jp/dia/diagram/timetable01_js/course:0000802234-26/node:00019300/kt:0/lname:/"
}
