{
    "date": "2025/11/16",
    "name": "萱場公園入口",
    "position": "-",
    "system": "峰02",
    "destinations": [
        "遊水池前(横浜市緑区)",
        "中山谷(横浜市緑区)",
        "十日市場",
        "十日市場駅"
    ],
    "weekday": [
        "7:31",
        "8:04",
        "9:27",
        "11:32",
        "13:43",
        "15:42",
        "17:43",
        "19:42"
    ],
    "saturday": [
        "8:57",
        "11:02",
        "13:02",
        "15:02",
        "17:02",
        "19:06"
    ],
    "holiday": [
        "9:13",
        "11:01",
        "13:02",
        "15:02",
        "17:02",
        "19:06"
    ],
    "url": "https://www.kanachu.co.jp/dia/diagram/timetable01_js/course:0000802234-27/node:00019301/kt:0/lname:/"
}
