{
    "date": "2025/11/16",
    "name": "遊水池前(横浜市緑区)",
    "position": "-",
    "system": "峰02",
    "destinations": [
        "中山谷(横浜市緑区)",
        "十日市場",
        "十日市場駅"
    ],
    "weekday": [
        "7:33",
        "8:06",
        "9:28",
        "11:33",
        "13:44",
        "15:43",
        "17:44",
        "19:43"
    ],
    "saturday": [
        "8:58",
        "11:04",
        "13:04",
        "15:04",
        "17:04",
        "19:08"
    ],
    "holiday": [
        "9:14",
        "11:03",
        "13:04",
        "15:04",
        "17:03",
        "19:07"
    ],
    "url": "https://www.kanachu.co.jp/dia/diagram/timetable01_js/course:0000802234-28/node:00019302/kt:0/lname:/"
}
