{
    "date": "2025/10/20",
    "name": "職業安定所前(大和市)",
    "position": "-",
    "system": "間13",
    "destinations": [
        "市役所市立病院前",
        "オークシティ前",
        "鶴間二丁目",
        "鶴間駅東口"
    ],
    "weekday": [
        "18:42",
        "19:31",
        "20:21"
    ],
    "saturday": [
        "8:06",
        "19:32"
    ],
    "holiday": [
        "8:06",
        "19:31"
    ],
    "url": "https://www.kanachu.co.jp/dia/diagram/timetable01_js/course:0000803777-6/node:00129742/kt:0/lname:/"
}
