{
    "system": "間13",
    "busstops": [
        {
            "index": "1",
            "id": "00129616",
            "name": "大和駅西口",
            "lat": "35.470188",
            "lng": "139.460789"
        },
        {
            "index": "2",
            "id": "00129615",
            "name": "新橋通り(大和市)",
            "lat": "35.471418",
            "lng": "139.462226"
        },
        {
            "index": "3",
            "id": "00129614",
            "name": "豊川稲荷前(大和市)",
            "lat": "35.472471",
            "lng": "139.462357"
        },
        {
            "index": "4",
            "id": "00129613",
            "name": "市民活動拠点ベテルギウス前",
            "lat": "35.475004",
            "lng": "139.46195"
        },
        {
            "index": "5",
            "id": "00129612",
            "name": "郵便局前(大和市)",
            "lat": "35.479748",
            "lng": "139.460056"
        },
        {
            "index": "6",
            "id": "00129742",
            "name": "職業安定所前(大和市)",
            "lat": "35.481904",
            "lng": "139.459233"
        },
        {
            "index": "7",
            "id": "00129611",
            "name": "市役所市立病院前",
            "lat": "35.48632",
            "lng": "139.4574"
        },
        {
            "index": "8",
            "id": "00129610",
            "name": "オークシティ前",
            "lat": "35.489803",
            "lng": "139.455883"
        },
        {
            "index": "9",
            "id": "00129524",
            "name": "鶴間二丁目",
            "lat": "35.491613",
            "lng": "139.455034"
        },
        {
            "index": "10",
            "id": "00129523",
            "name": "鶴間駅東口",
            "lat": "35.490353",
            "lng": "139.452167"
        }
    ],
    "route_url": "https://www.kanachu.co.jp/dia/route/index/cid:0000803777/"
}
