{
    "date": "2024/01/15",
    "name": "第二工業団地中央",
    "position": "-",
    "system": "戸97",
    "destinations": [
        "第二工業団地",
        "諏訪久保",
        "領家一丁目(横浜市泉区)",
        "領家三丁目(横浜市泉区)",
        "領家中学校前",
        "鳥が丘第一公園",
        "鳥が丘中央",
        "道祖神前(横浜市戸塚区)",
        "谷矢部中央",
        "来迎寺(横浜市戸塚区)",
        "柳作東",
        "蔵坪",
        "戸塚駅"
    ],
    "weekday": [
        "5:53",
        "6:17",
        "6:40",
        "6:52",
        "7:05",
        "7:28",
        "7:54"
    ],
    "saturday": [],
    "holiday": [],
    "url": "https://www.kanachu.co.jp/dia/diagram/timetable01_js/course:0000801074-2/node:00126914/kt:0/lname:/"
}
