{
    "date": "2024/01/15",
    "name": "領家一丁目(横浜市泉区)",
    "position": "-",
    "system": "戸97",
    "destinations": [
        "領家三丁目(横浜市泉区)",
        "領家中学校前",
        "鳥が丘第一公園",
        "鳥が丘中央",
        "道祖神前(横浜市戸塚区)",
        "谷矢部中央",
        "来迎寺(横浜市戸塚区)",
        "柳作東",
        "蔵坪",
        "戸塚駅"
    ],
    "weekday": [
        "5:58",
        "6:22",
        "6:45",
        "6:57",
        "7:10",
        "7:33",
        "7:59"
    ],
    "saturday": [],
    "holiday": [],
    "url": "https://www.kanachu.co.jp/dia/diagram/timetable01_js/course:0000801074-5/node:00126712/kt:0/lname:/"
}
