{
    "date": "2024/01/15",
    "name": "鳥が丘第一公園",
    "position": "-",
    "system": "戸97",
    "destinations": [
        "鳥が丘中央",
        "道祖神前(横浜市戸塚区)",
        "谷矢部中央",
        "来迎寺(横浜市戸塚区)",
        "柳作東",
        "蔵坪",
        "戸塚駅"
    ],
    "weekday": [
        "6:03",
        "6:27",
        "6:50",
        "7:02",
        "7:15",
        "7:38",
        "8:04"
    ],
    "saturday": [],
    "holiday": [],
    "url": "https://www.kanachu.co.jp/dia/diagram/timetable01_js/course:0000801074-8/node:00126860/kt:0/lname:/"
}
