{
    "date": "2026/01/16",
    "name": "山崎(横浜市保土ケ谷区)",
    "position": "-",
    "system": "横51",
    "destinations": [
        "富士見橋(横浜市保土ケ谷区)",
        "寺下橋",
        "中田(横浜市保土ケ谷区)",
        "上菅田町",
        "笹山(横浜市保土ケ谷区)",
        "辻山",
        "地蔵前(横浜市緑区)",
        "鴨居町",
        "中村通",
        "鴨居橋",
        "白山一丁目(横浜市緑区)",
        "緑車庫前",
        "白山ハイテクパーク",
        "石神(横浜市緑区)",
        "上山町(横浜市緑区)",
        "中山小学校南",
        "中山町",
        "西村橋",
        "中山駅"
    ],
    "weekday": [
        "7:25"
    ],
    "saturday": [
        "7:09"
    ],
    "holiday": [],
    "url": "https://www.kanachu.co.jp/dia/diagram/timetable01_js/course:0000804138-20/node:00103202/kt:0/lname:/"
}
