{
    "date": "2025/03/15",
    "name": "二番構保健医療センター",
    "position": "-",
    "system": "辻26",
    "destinations": [
        "ライフタウン中央(藤沢市)",
        "大庭小学校",
        "小糸",
        "南センター前(藤沢市)",
        "西高校前(藤沢市)",
        "有藤",
        "大庭隧道",
        "城南一丁目",
        "神台公園前",
        "辻堂駅北口"
    ],
    "weekday": [],
    "saturday": [
        "6:44",
        "6:59",
        "7:19",
        "7:39",
        "7:59",
        "8:19",
        "8:39",
        "9:01",
        "9:21",
        "9:41",
        "10:01",
        "10:21",
        "10:41",
        "11:01",
        "11:21",
        "11:41",
        "12:01",
        "12:21",
        "12:41",
        "13:01",
        "13:21",
        "13:41",
        "14:01",
        "14:21",
        "14:41",
        "15:01",
        "15:21",
        "15:41",
        "16:01",
        "16:21",
        "16:41",
        "17:01",
        "17:21",
        "17:41",
        "18:01",
        "18:21",
        "18:41",
        "18:58",
        "19:18",
        "19:43",
        "19:58",
        "20:18",
        "20:38",
        "20:58",
        "21:18",
        "21:38",
        "22:05",
        "22:24"
    ],
    "holiday": [
        "6:59",
        "7:19",
        "7:39",
        "7:59",
        "8:19",
        "8:39",
        "9:01",
        "9:21",
        "9:41",
        "10:01",
        "10:21",
        "10:41",
        "11:01",
        "11:21",
        "11:41",
        "12:01",
        "12:21",
        "12:41",
        "13:01",
        "13:21",
        "13:41",
        "14:01",
        "14:21",
        "14:41",
        "15:01",
        "15:21",
        "15:41",
        "16:01",
        "16:21",
        "16:41",
        "17:01",
        "17:21",
        "17:41",
        "18:01",
        "18:21",
        "18:41",
        "18:58",
        "19:18",
        "19:38",
        "19:58",
        "20:18",
        "20:38",
        "20:58",
        "21:18",
        "21:38",
        "22:05"
    ],
    "url": "https://www.kanachu.co.jp/dia/diagram/timetable01_js/course:0000802318-15/node:00129944/kt:0/lname:/"
}
