{
    "date": "2026/01/16",
    "name": "田原入口",
    "position": "-",
    "system": "渋05",
    "destinations": [
        "羽根入口",
        "三屋入口",
        "戸川入口西",
        "戸川工業団地",
        "戸川台",
        "桜土手古墳公園",
        "テクノパーク",
        "桜土手(秦野市)",
        "堀川小学校前(秦野市)",
        "渋沢駅北口"
    ],
    "weekday": [
        "6:05",
        "10:55",
        "12:12",
        "13:59",
        "16:42"
    ],
    "saturday": [
        "6:00",
        "9:40",
        "13:08",
        "17:13"
    ],
    "holiday": [
        "6:00",
        "9:40",
        "13:08",
        "17:13"
    ],
    "url": "https://www.kanachu.co.jp/dia/diagram/timetable01_js/course:0000804198-3/node:00127882/kt:0/lname:/"
}
