{
    "date": "2026/01/16",
    "name": "戸川入口西",
    "position": "-",
    "system": "渋05",
    "destinations": [
        "戸川工業団地",
        "戸川台",
        "桜土手古墳公園",
        "テクノパーク",
        "桜土手(秦野市)",
        "堀川小学校前(秦野市)",
        "渋沢駅北口"
    ],
    "weekday": [
        "6:09",
        "10:59",
        "12:16",
        "14:03",
        "16:48"
    ],
    "saturday": [
        "6:03",
        "9:43",
        "13:11",
        "17:16"
    ],
    "holiday": [
        "6:03",
        "9:43",
        "13:11",
        "17:16"
    ],
    "url": "https://www.kanachu.co.jp/dia/diagram/timetable01_js/course:0000804198-6/node:00130352/kt:0/lname:/"
}
