{
    "date": "2026/01/16",
    "name": "戸川台",
    "position": "-",
    "system": "渋05",
    "destinations": [
        "桜土手古墳公園",
        "テクノパーク",
        "桜土手(秦野市)",
        "堀川小学校前(秦野市)",
        "渋沢駅北口"
    ],
    "weekday": [
        "6:11",
        "11:01",
        "12:18",
        "14:05",
        "16:50"
    ],
    "saturday": [
        "6:05",
        "9:45",
        "13:13",
        "17:18"
    ],
    "holiday": [
        "6:05",
        "9:45",
        "13:13",
        "17:18"
    ],
    "url": "https://www.kanachu.co.jp/dia/diagram/timetable01_js/course:0000804198-8/node:00130350/kt:0/lname:/"
}
