{
    "date": "2026/01/16",
    "name": "堀川小学校前(秦野市)",
    "position": "-",
    "system": "渋05",
    "destinations": [
        "渋沢駅北口"
    ],
    "weekday": [
        "6:17",
        "11:07",
        "12:24",
        "14:11",
        "16:56"
    ],
    "saturday": [
        "6:09",
        "9:49",
        "13:17",
        "17:22"
    ],
    "holiday": [
        "6:09",
        "9:49",
        "13:17",
        "17:22"
    ],
    "url": "https://www.kanachu.co.jp/dia/diagram/timetable01_js/course:0000804198-12/node:00128008/kt:0/lname:/"
}
