{
    "date": "2026/01/16",
    "name": "みゆき台団地",
    "position": "-",
    "system": "大55",
    "destinations": [
        "御園五丁目",
        "双葉入口",
        "桜台(相模原市南区)",
        "水道路(相模原市南区)",
        "麻溝台",
        "麻溝台中学校入口",
        "さがみ緑風園前",
        "麻溝台入口",
        "麻溝台高校",
        "北里大学病院・北里大学",
        "友愛病院前",
        "麻溝車庫"
    ],
    "weekday": [
        "22:06",
        "22:26",
        "22:46",
        "23:11",
        "23:36"
    ],
    "saturday": [
        "19:51",
        "22:21",
        "22:51"
    ],
    "holiday": [
        "21:06",
        "21:36",
        "22:06"
    ],
    "url": "https://www.kanachu.co.jp/dia/diagram/timetable01_js/course:0000804124-6/node:00129258/kt:0/lname:/"
}
