{
    "date": "2026/01/16",
    "name": "双葉入口",
    "position": "-",
    "system": "大55",
    "destinations": [
        "桜台(相模原市南区)",
        "水道路(相模原市南区)",
        "麻溝台",
        "麻溝台中学校入口",
        "さがみ緑風園前",
        "麻溝台入口",
        "麻溝台高校",
        "北里大学病院・北里大学",
        "友愛病院前",
        "麻溝車庫"
    ],
    "weekday": [
        "22:08",
        "22:28",
        "22:48",
        "23:13",
        "23:38"
    ],
    "saturday": [
        "19:53",
        "22:23",
        "22:53"
    ],
    "holiday": [
        "21:08",
        "21:38",
        "22:08"
    ],
    "url": "https://www.kanachu.co.jp/dia/diagram/timetable01_js/course:0000804124-8/node:00129242/kt:0/lname:/"
}
