{
    "date": "2026/01/16",
    "name": "富士見町入口",
    "position": "-",
    "system": "秦08",
    "destinations": [
        "富士見橋・警察署入口",
        "浄屋入口",
        "カルチャーパーク前",
        "水無瀬橋(秦野市)",
        "文化会館前(秦野市)",
        "日立南",
        "日立製作所(秦野市)",
        "堀川東",
        "桜土手(秦野市)",
        "堀川小学校前(秦野市)",
        "渋沢駅北口"
    ],
    "weekday": [
        "7:02",
        "7:29",
        "7:47",
        "8:07",
        "8:34",
        "9:07",
        "10:12",
        "11:12",
        "12:12",
        "13:12",
        "14:12",
        "15:12",
        "15:42",
        "16:12",
        "16:42",
        "17:12",
        "17:42",
        "18:12",
        "19:12"
    ],
    "saturday": [
        "7:21",
        "8:14",
        "9:24",
        "10:24",
        "11:34",
        "12:34",
        "13:34",
        "14:34",
        "15:34",
        "16:36"
    ],
    "holiday": [
        "7:21",
        "8:14",
        "9:24",
        "10:24",
        "11:34",
        "12:34",
        "13:34",
        "14:34",
        "15:34",
        "16:36"
    ],
    "url": "https://www.kanachu.co.jp/dia/diagram/timetable01_js/course:0000803983-6/node:00127914/kt:0/lname:/"
}
