{
    "date": "2026/01/16",
    "name": "カルチャーパーク前",
    "position": "-",
    "system": "秦08",
    "destinations": [
        "水無瀬橋(秦野市)",
        "文化会館前(秦野市)",
        "日立南",
        "日立製作所(秦野市)",
        "堀川東",
        "桜土手(秦野市)",
        "堀川小学校前(秦野市)",
        "渋沢駅北口"
    ],
    "weekday": [
        "7:05",
        "7:32",
        "7:50",
        "8:10",
        "8:37",
        "9:09",
        "10:14",
        "11:14",
        "12:14",
        "13:14",
        "14:14",
        "15:14",
        "15:44",
        "16:14",
        "16:44",
        "17:15",
        "17:45",
        "18:15",
        "19:14"
    ],
    "saturday": [
        "7:23",
        "8:16",
        "9:26",
        "10:26",
        "11:36",
        "12:36",
        "13:36",
        "14:36",
        "15:36",
        "16:38"
    ],
    "holiday": [
        "7:23",
        "8:16",
        "9:26",
        "10:26",
        "11:36",
        "12:36",
        "13:36",
        "14:36",
        "15:36",
        "16:38"
    ],
    "url": "https://www.kanachu.co.jp/dia/diagram/timetable01_js/course:0000803983-9/node:00127918/kt:0/lname:/"
}
