{
    "date": "2026/01/16",
    "name": "水無瀬橋(秦野市)",
    "position": "-",
    "system": "秦08",
    "destinations": [
        "文化会館前(秦野市)",
        "日立南",
        "日立製作所(秦野市)",
        "堀川東",
        "桜土手(秦野市)",
        "堀川小学校前(秦野市)",
        "渋沢駅北口"
    ],
    "weekday": [
        "7:07",
        "7:34",
        "7:52",
        "8:12",
        "8:39",
        "9:11",
        "10:16",
        "11:16",
        "12:16",
        "13:16",
        "14:16",
        "15:16",
        "15:46",
        "16:16",
        "16:46",
        "17:17",
        "17:47",
        "18:17",
        "19:16"
    ],
    "saturday": [
        "7:25",
        "8:18",
        "9:28",
        "10:28",
        "11:38",
        "12:38",
        "13:38",
        "14:38",
        "15:38",
        "16:40"
    ],
    "holiday": [
        "7:25",
        "8:18",
        "9:28",
        "10:28",
        "11:38",
        "12:38",
        "13:38",
        "14:38",
        "15:38",
        "16:40"
    ],
    "url": "https://www.kanachu.co.jp/dia/diagram/timetable01_js/course:0000803983-10/node:00127919/kt:0/lname:/"
}
