{
    "date": "2026/01/16",
    "name": "桜土手(秦野市)",
    "position": "-",
    "system": "秦08",
    "destinations": [
        "堀川小学校前(秦野市)",
        "渋沢駅北口"
    ],
    "weekday": [
        "7:13",
        "7:40",
        "7:58",
        "8:18",
        "8:45",
        "9:16",
        "10:21",
        "11:21",
        "12:21",
        "13:21",
        "14:21",
        "15:21",
        "15:51",
        "16:21",
        "16:51",
        "17:23",
        "17:53",
        "18:23",
        "19:21"
    ],
    "saturday": [
        "7:30",
        "8:23",
        "9:33",
        "10:33",
        "11:43",
        "12:43",
        "13:43",
        "14:43",
        "15:43",
        "16:45"
    ],
    "holiday": [
        "7:30",
        "8:23",
        "9:33",
        "10:33",
        "11:43",
        "12:43",
        "13:43",
        "14:43",
        "15:43",
        "16:45"
    ],
    "url": "https://www.kanachu.co.jp/dia/diagram/timetable01_js/course:0000803983-15/node:00127990/kt:0/lname:/"
}
