{
    "date": "2025/11/16",
    "name": "菅田町入口",
    "position": "-",
    "system": "",
    "destinations": [
        "八反橋",
        "三枚町",
        "生花市場前",
        "羽沢横浜国大駅前",
        "高山(横浜市神奈川区)",
        "羽沢南",
        "池の谷戸(横浜市保土ケ谷区)",
        "川島住宅"
    ],
    "weekday": [
        "20:30"
    ],
    "saturday": [
        "20:11"
    ],
    "holiday": [
        "20:11"
    ],
    "url": "https://www.kanachu.co.jp/dia/diagram/timetable01_js/course:0000802569-4/node:00102657/kt:0/lname:/"
}
