{
    "date": "2025/11/16",
    "name": "八反橋",
    "position": "-",
    "system": "",
    "destinations": [
        "三枚町",
        "生花市場前",
        "羽沢横浜国大駅前",
        "高山(横浜市神奈川区)",
        "羽沢南",
        "池の谷戸(横浜市保土ケ谷区)",
        "川島住宅"
    ],
    "weekday": [
        "20:31"
    ],
    "saturday": [
        "20:12"
    ],
    "holiday": [
        "20:12"
    ],
    "url": "https://www.kanachu.co.jp/dia/diagram/timetable01_js/course:0000802569-5/node:00102917/kt:0/lname:/"
}
