{
    "date": "2025/11/16",
    "name": "薬師谷戸",
    "position": "-",
    "system": "中53",
    "destinations": [
        "三保橋",
        "坂下(横浜市緑区)",
        "梅田(横浜市緑区)",
        "梅田谷戸",
        "三保市民の森",
        "笹峰",
        "横丁",
        "川井宿",
        "下宿(横浜市旭区)",
        "都岡町",
        "農協前(横浜市旭区)",
        "筑池",
        "今宿(横浜市旭区)",
        "今宿小学校入口",
        "鶴ヶ峰中学校前",
        "薬王寺入口",
        "鶴ヶ峰本町",
        "鶴ヶ峰駅"
    ],
    "weekday": [
        "5:41",
        "6:36",
        "7:17",
        "7:27",
        "8:32",
        "9:33",
        "10:38",
        "11:37",
        "12:39",
        "13:39",
        "14:39",
        "15:39",
        "16:40",
        "17:40",
        "18:39",
        "19:04",
        "19:39",
        "20:03",
        "20:33",
        "20:54",
        "21:34",
        "22:18"
    ],
    "saturday": [
        "7:59",
        "8:39",
        "9:32",
        "10:24",
        "11:24",
        "12:24",
        "13:24",
        "14:27",
        "15:24",
        "16:24",
        "17:28",
        "18:24",
        "18:49",
        "19:34",
        "20:19",
        "21:33"
    ],
    "holiday": [
        "7:19",
        "7:57",
        "8:39",
        "9:35",
        "10:24",
        "11:24",
        "12:24",
        "13:24",
        "14:24",
        "15:27",
        "16:27",
        "17:24",
        "18:24",
        "18:49",
        "19:39",
        "20:39",
        "21:33"
    ],
    "url": "https://www.kanachu.co.jp/dia/diagram/timetable01_js/course:0000802247-7/node:00126591/kt:0/lname:/"
}
