{
    "date": "2025/11/16",
    "name": "梅田谷戸",
    "position": "-",
    "system": "中53",
    "destinations": [
        "三保市民の森",
        "笹峰",
        "横丁",
        "川井宿",
        "下宿(横浜市旭区)",
        "都岡町",
        "農協前(横浜市旭区)",
        "筑池",
        "今宿(横浜市旭区)",
        "今宿小学校入口",
        "鶴ヶ峰中学校前",
        "薬王寺入口",
        "鶴ヶ峰本町",
        "鶴ヶ峰駅"
    ],
    "weekday": [
        "5:46",
        "6:41",
        "7:22",
        "7:32",
        "8:37",
        "9:38",
        "10:43",
        "11:42",
        "12:44",
        "13:44",
        "14:44",
        "15:44",
        "16:45",
        "17:45",
        "18:44",
        "19:09",
        "19:44",
        "20:08",
        "20:38",
        "20:59",
        "21:39",
        "22:23"
    ],
    "saturday": [
        "8:04",
        "8:44",
        "9:37",
        "10:29",
        "11:29",
        "12:29",
        "13:29",
        "14:32",
        "15:29",
        "16:29",
        "17:33",
        "18:29",
        "18:54",
        "19:39",
        "20:24",
        "21:38"
    ],
    "holiday": [
        "7:24",
        "8:02",
        "8:44",
        "9:40",
        "10:29",
        "11:29",
        "12:29",
        "13:29",
        "14:29",
        "15:32",
        "16:32",
        "17:29",
        "18:29",
        "18:54",
        "19:44",
        "20:44",
        "21:38"
    ],
    "url": "https://www.kanachu.co.jp/dia/diagram/timetable01_js/course:0000802247-11/node:00126587/kt:0/lname:/"
}
