{
    "date": "2025/11/16",
    "name": "三保市民の森",
    "position": "-",
    "system": "中53",
    "destinations": [
        "笹峰",
        "横丁",
        "川井宿",
        "下宿(横浜市旭区)",
        "都岡町",
        "農協前(横浜市旭区)",
        "筑池",
        "今宿(横浜市旭区)",
        "今宿小学校入口",
        "鶴ヶ峰中学校前",
        "薬王寺入口",
        "鶴ヶ峰本町",
        "鶴ヶ峰駅"
    ],
    "weekday": [
        "5:47",
        "6:42",
        "7:23",
        "7:33",
        "8:38",
        "9:39",
        "10:44",
        "11:43",
        "12:45",
        "13:45",
        "14:45",
        "15:45",
        "16:46",
        "17:46",
        "18:45",
        "19:10",
        "19:45",
        "20:09",
        "20:39",
        "21:00",
        "21:40",
        "22:24"
    ],
    "saturday": [
        "8:05",
        "8:45",
        "9:38",
        "10:30",
        "11:30",
        "12:30",
        "13:30",
        "14:33",
        "15:30",
        "16:30",
        "17:34",
        "18:30",
        "18:55",
        "19:40",
        "20:25",
        "21:39"
    ],
    "holiday": [
        "7:25",
        "8:03",
        "8:45",
        "9:41",
        "10:30",
        "11:30",
        "12:30",
        "13:30",
        "14:30",
        "15:33",
        "16:33",
        "17:30",
        "18:30",
        "18:55",
        "19:45",
        "20:45",
        "21:39"
    ],
    "url": "https://www.kanachu.co.jp/dia/diagram/timetable01_js/course:0000802247-12/node:00126586/kt:0/lname:/"
}
