{
    "date": "2025/11/16",
    "name": "筑池",
    "position": "-",
    "system": "中53",
    "destinations": [
        "今宿(横浜市旭区)",
        "今宿小学校入口",
        "鶴ヶ峰中学校前",
        "薬王寺入口",
        "鶴ヶ峰本町",
        "鶴ヶ峰駅"
    ],
    "weekday": [
        "5:56",
        "6:51",
        "7:32",
        "7:42",
        "8:47",
        "9:48",
        "10:53",
        "11:52",
        "12:54",
        "13:54",
        "14:54",
        "15:54",
        "16:55",
        "17:55",
        "18:54",
        "19:19",
        "19:54",
        "20:18",
        "20:48",
        "21:09",
        "21:49",
        "22:33"
    ],
    "saturday": [
        "8:14",
        "8:54",
        "9:47",
        "10:39",
        "11:39",
        "12:39",
        "13:39",
        "14:42",
        "15:39",
        "16:39",
        "17:43",
        "18:39",
        "19:04",
        "19:49",
        "20:34",
        "21:48"
    ],
    "holiday": [
        "7:34",
        "8:12",
        "8:54",
        "9:50",
        "10:39",
        "11:39",
        "12:39",
        "13:39",
        "14:39",
        "15:42",
        "16:42",
        "17:39",
        "18:39",
        "19:04",
        "19:54",
        "20:54",
        "21:48"
    ],
    "url": "https://www.kanachu.co.jp/dia/diagram/timetable01_js/course:0000802247-19/node:00129715/kt:0/lname:/"
}
