{
    "date": "2025/11/16",
    "name": "今宿小学校入口",
    "position": "-",
    "system": "中53",
    "destinations": [
        "鶴ヶ峰中学校前",
        "薬王寺入口",
        "鶴ヶ峰本町",
        "鶴ヶ峰駅"
    ],
    "weekday": [
        "5:59",
        "6:54",
        "7:35",
        "7:45",
        "8:50",
        "9:51",
        "10:56",
        "11:55",
        "12:57",
        "13:57",
        "14:57",
        "15:57",
        "16:58",
        "17:58",
        "18:57",
        "19:22",
        "19:57",
        "20:21",
        "20:51",
        "21:12",
        "21:52",
        "22:36"
    ],
    "saturday": [
        "8:17",
        "8:57",
        "9:50",
        "10:42",
        "11:42",
        "12:42",
        "13:42",
        "14:45",
        "15:42",
        "16:42",
        "17:46",
        "18:42",
        "19:07",
        "19:52",
        "20:37",
        "21:51"
    ],
    "holiday": [
        "7:37",
        "8:15",
        "8:57",
        "9:53",
        "10:42",
        "11:42",
        "12:42",
        "13:42",
        "14:42",
        "15:45",
        "16:45",
        "17:42",
        "18:42",
        "19:07",
        "19:57",
        "20:57",
        "21:51"
    ],
    "url": "https://www.kanachu.co.jp/dia/diagram/timetable01_js/course:0000802247-21/node:00129717/kt:0/lname:/"
}
