{
    "date": "2025/11/16",
    "name": "鶴ヶ峰本町",
    "position": "-",
    "system": "中53",
    "destinations": [
        "鶴ヶ峰駅"
    ],
    "weekday": [
        "6:02",
        "6:57",
        "7:38",
        "7:48",
        "8:53",
        "9:54",
        "10:59",
        "11:58",
        "13:00",
        "14:00",
        "15:00",
        "16:00",
        "17:01",
        "18:01",
        "19:00",
        "19:25",
        "20:00",
        "20:24",
        "20:54",
        "21:15",
        "21:55",
        "22:39"
    ],
    "saturday": [
        "8:20",
        "9:00",
        "9:53",
        "10:45",
        "11:45",
        "12:45",
        "13:45",
        "14:48",
        "15:45",
        "16:45",
        "17:49",
        "18:45",
        "19:10",
        "19:55",
        "20:40",
        "21:54"
    ],
    "holiday": [
        "7:40",
        "8:18",
        "9:00",
        "9:56",
        "10:45",
        "11:45",
        "12:45",
        "13:45",
        "14:45",
        "15:48",
        "16:48",
        "17:45",
        "18:45",
        "19:10",
        "20:00",
        "21:00",
        "21:54"
    ],
    "url": "https://www.kanachu.co.jp/dia/diagram/timetable01_js/course:0000802247-24/node:00129720/kt:0/lname:/"
}
