{
    "date": "2025/10/01",
    "name": "団地中央(中郡二宮町)",
    "position": "-",
    "system": "",
    "destinations": [
        "南4号前",
        "南5号前",
        "中里2丁目",
        "釜野隧道",
        "山西小学校前",
        "釜野交差点東",
        "山西プール前",
        "川勾神社入口",
        "密厳院北",
        "山西防災コミュニティセンター",
        "山西(中郡二宮町)",
        "吾妻神社前(中郡二宮町)",
        "二宮駅北口"
    ],
    "weekday": [
        "8:00"
    ],
    "saturday": [],
    "holiday": [],
    "url": "https://www.kanachu.co.jp/dia/diagram/timetable01_js/course:0000803903-1/node:00127786/kt:0/lname:/"
}
