{
    "date": "2017/02/25",
    "name": "自治会館前(横浜市緑区)",
    "position": "-",
    "system": "中57",
    "destinations": [
        "武蔵中山台西"
    ],
    "weekday": [
        "7:09",
        "7:44",
        "8:24",
        "8:59",
        "9:44",
        "12:44",
        "13:19",
        "13:54",
        "14:34",
        "17:14",
        "17:49",
        "18:34",
        "19:09",
        "19:49",
        "20:24"
    ],
    "saturday": [
        "7:09",
        "7:44",
        "8:24",
        "8:59",
        "9:44",
        "12:44",
        "13:19",
        "13:54",
        "14:34",
        "17:14",
        "17:49",
        "18:34",
        "19:09",
        "19:49",
        "20:24"
    ],
    "holiday": [
        "9:44",
        "10:19",
        "10:54",
        "11:34",
        "12:09",
        "12:44",
        "15:09",
        "15:44",
        "16:19",
        "16:59"
    ],
    "url": "https://www.kanachu.co.jp/dia/diagram/timetable01_js/course:0000802446-14/node:00130390/kt:0/lname:/"
}
