{
    "date": "2024/09/02",
    "name": "戸塚バスセンター",
    "position": "-",
    "system": "戸39",
    "destinations": [
        "元町(横浜市戸塚区)",
        "ブリヂストン前",
        "不動坂(横浜市戸塚区)",
        "富士橋",
        "上矢部インター",
        "上矢部",
        "日の森",
        "下岡津",
        "岡津",
        "西林寺入口",
        "領家谷",
        "金堀谷",
        "白百合台団地",
        "西が岡三丁目",
        "福祉センター前(横浜市泉区)",
        "西が岡一丁目",
        "親善病院前",
        "弥生台駅"
    ],
    "weekday": [
        "6:12",
        "6:34",
        "7:02",
        "7:43",
        "8:11",
        "8:26",
        "8:50",
        "9:10",
        "9:22",
        "9:36",
        "10:10",
        "10:34",
        "11:10",
        "11:34",
        "12:10",
        "12:34",
        "13:10",
        "13:34",
        "14:10",
        "14:34",
        "15:10",
        "15:34",
        "16:06",
        "16:26",
        "17:06",
        "17:36",
        "17:48",
        "18:06",
        "18:24",
        "18:36",
        "18:54",
        "19:06",
        "19:42",
        "20:00",
        "20:57",
        "21:37",
        "22:02"
    ],
    "saturday": [
        "6:57",
        "7:26",
        "7:49",
        "8:10",
        "8:33",
        "8:50",
        "9:32",
        "9:52",
        "10:32",
        "10:52",
        "11:34",
        "12:10",
        "12:34",
        "13:10",
        "13:34",
        "14:10",
        "14:34",
        "15:10",
        "15:34",
        "16:10",
        "16:52",
        "17:32",
        "17:52",
        "18:32",
        "18:52",
        "19:32",
        "19:52",
        "20:50"
    ],
    "holiday": [
        "7:11",
        "7:41",
        "8:07",
        "8:43",
        "9:12",
        "9:52",
        "10:32",
        "10:52",
        "11:34",
        "12:07",
        "13:07",
        "14:07",
        "15:10",
        "15:34",
        "16:07",
        "16:58",
        "17:34",
        "17:58",
        "18:34",
        "18:58",
        "19:34",
        "19:58",
        "20:46"
    ],
    "url": "https://www.kanachu.co.jp/dia/diagram/timetable01_js/course:0000803546-1/node:00126775/kt:0/lname:/"
}
