{
    "date": "2024/09/02",
    "name": "上矢部インター",
    "position": "-",
    "system": "戸39",
    "destinations": [
        "上矢部",
        "日の森",
        "下岡津",
        "岡津",
        "西林寺入口",
        "領家谷",
        "金堀谷",
        "白百合台団地",
        "西が岡三丁目",
        "福祉センター前(横浜市泉区)",
        "西が岡一丁目",
        "親善病院前",
        "弥生台駅"
    ],
    "weekday": [
        "6:20",
        "6:42",
        "7:11",
        "7:52",
        "8:20",
        "8:35",
        "8:59",
        "9:19",
        "9:31",
        "9:45",
        "10:19",
        "10:43",
        "11:19",
        "11:43",
        "12:19",
        "12:43",
        "13:19",
        "13:43",
        "14:19",
        "14:43",
        "15:19",
        "15:43",
        "16:15",
        "16:35",
        "17:15",
        "17:45",
        "17:57",
        "18:15",
        "18:33",
        "18:45",
        "19:02",
        "19:14",
        "19:50",
        "20:08",
        "21:05",
        "21:45",
        "22:10"
    ],
    "saturday": [
        "7:05",
        "7:34",
        "7:57",
        "8:18",
        "8:41",
        "8:58",
        "9:40",
        "10:00",
        "10:40",
        "11:00",
        "11:42",
        "12:18",
        "12:42",
        "13:18",
        "13:42",
        "14:19",
        "14:43",
        "15:19",
        "15:43",
        "16:19",
        "17:01",
        "17:41",
        "18:01",
        "18:40",
        "19:00",
        "19:40",
        "20:00",
        "20:58"
    ],
    "holiday": [
        "7:19",
        "7:49",
        "8:15",
        "8:51",
        "9:20",
        "10:00",
        "10:40",
        "11:00",
        "11:42",
        "12:15",
        "13:15",
        "14:16",
        "15:19",
        "15:43",
        "16:16",
        "17:07",
        "17:43",
        "18:06",
        "18:42",
        "19:06",
        "19:42",
        "20:06",
        "20:54"
    ],
    "url": "https://www.kanachu.co.jp/dia/diagram/timetable01_js/course:0000803546-6/node:00126669/kt:0/lname:/"
}
