{
    "date": "2025/04/01",
    "name": "八幡公民館入口",
    "position": "-",
    "system": "平61",
    "destinations": [
        "古河電工入口",
        "稲荷前(平塚市)",
        "東真土",
        "真土",
        "大野農協前",
        "西真土",
        "大野中学校前",
        "伊勢山(平塚市)",
        "中原中宿",
        "中原東(平塚市)",
        "西新町(平塚市)",
        "平塚球場",
        "総合公園(平塚市)",
        "美術館入口(平塚市)",
        "江陽中学校前(平塚市)",
        "崇善小学校前",
        "明石町(平塚市)",
        "明石町一丁目",
        "四ツ角(平塚市)",
        "平塚駅北口"
    ],
    "weekday": [
        "17:28",
        "22:00"
    ],
    "saturday": [],
    "holiday": [],
    "url": "https://www.kanachu.co.jp/dia/diagram/timetable01_js/course:0000802524-7/node:00127647/kt:0/lname:/"
}
