{
    "date": "2025/11/16",
    "name": "若葉台近隣公園前",
    "position": "-",
    "system": "",
    "destinations": [
        "若葉台南",
        "大貫橋",
        "亀甲山",
        "原分",
        "東根",
        "川井橋",
        "程ヶ谷カントリークラブ前",
        "矢指町入口",
        "西部病院前",
        "水道企業団前(横浜市旭区)",
        "つゆきの森",
        "三ツ境駅北口"
    ],
    "weekday": [
        "6:02",
        "6:24",
        "6:34",
        "6:46",
        "6:56",
        "7:00",
        "7:08",
        "7:12",
        "7:16",
        "7:20",
        "7:24",
        "7:28",
        "7:32",
        "7:42",
        "7:48",
        "7:56",
        "8:03",
        "8:12",
        "8:18",
        "8:30",
        "8:36",
        "8:42",
        "8:49",
        "8:56",
        "9:11",
        "9:21",
        "9:31",
        "9:41",
        "9:51",
        "10:11",
        "10:21",
        "10:31",
        "10:41",
        "10:51",
        "11:11",
        "11:21",
        "11:31",
        "11:41",
        "11:51",
        "12:11",
        "12:21",
        "12:34",
        "12:47",
        "13:11",
        "13:21",
        "13:34",
        "13:47",
        "14:11",
        "14:21",
        "14:31",
        "14:41",
        "14:51",
        "15:09",
        "15:18",
        "15:26",
        "15:35",
        "15:43",
        "15:51",
        "16:08",
        "16:15",
        "16:23",
        "16:30",
        "16:38",
        "16:44",
        "16:52",
        "17:08",
        "17:15",
        "17:23",
        "17:30",
        "17:38",
        "17:45",
        "17:55",
        "18:09",
        "18:18",
        "18:26",
        "18:35",
        "18:48",
        "19:16",
        "19:31",
        "19:46",
        "20:16",
        "20:41",
        "21:06",
        "21:24",
        "21:37"
    ],
    "saturday": [
        "6:14",
        "6:29",
        "6:58",
        "7:17",
        "7:28",
        "7:37",
        "7:47",
        "7:57",
        "8:19",
        "8:31",
        "8:52",
        "9:19",
        "9:31",
        "9:52",
        "10:19",
        "10:31",
        "10:52",
        "11:19",
        "11:31",
        "11:52",
        "12:19",
        "12:31",
        "12:52",
        "13:19",
        "13:31",
        "13:52",
        "14:19",
        "14:31",
        "14:52",
        "15:19",
        "15:31",
        "15:52",
        "16:19",
        "16:31",
        "16:52",
        "17:19",
        "17:31",
        "17:52",
        "18:22",
        "18:37",
        "18:51",
        "19:22",
        "19:46",
        "20:27",
        "21:17",
        "21:37"
    ],
    "holiday": [
        "6:14",
        "6:44",
        "7:19",
        "7:31",
        "7:52",
        "8:19",
        "8:31",
        "8:52",
        "9:19",
        "9:31",
        "9:52",
        "10:19",
        "10:31",
        "10:52",
        "11:19",
        "11:31",
        "11:52",
        "12:19",
        "12:31",
        "12:52",
        "13:19",
        "13:31",
        "13:52",
        "14:19",
        "14:31",
        "14:52",
        "15:19",
        "15:31",
        "15:52",
        "16:19",
        "16:31",
        "16:52",
        "17:19",
        "17:31",
        "17:52",
        "18:21",
        "18:37",
        "18:52",
        "19:16",
        "19:31",
        "19:46",
        "20:41",
        "20:56"
    ],
    "url": "https://www.kanachu.co.jp/dia/diagram/timetable01_js/course:0000802239-5/node:00103263/kt:0/lname:/"
}
