{
    "date": "2025/11/16",
    "name": "程ヶ谷カントリークラブ前",
    "position": "-",
    "system": "",
    "destinations": [
        "矢指町入口",
        "西部病院前",
        "水道企業団前(横浜市旭区)",
        "つゆきの森",
        "三ツ境駅北口"
    ],
    "weekday": [
        "6:10",
        "6:32",
        "6:42",
        "6:54",
        "7:04",
        "7:08",
        "7:16",
        "7:20",
        "7:24",
        "7:28",
        "7:32",
        "7:36",
        "7:40",
        "7:50",
        "7:56",
        "8:04",
        "8:11",
        "8:20",
        "8:26",
        "8:38",
        "8:44",
        "8:50",
        "8:57",
        "9:04",
        "9:19",
        "9:29",
        "9:39",
        "9:49",
        "9:59",
        "10:19",
        "10:29",
        "10:39",
        "10:49",
        "10:59",
        "11:19",
        "11:29",
        "11:39",
        "11:49",
        "11:59",
        "12:19",
        "12:29",
        "12:42",
        "12:55",
        "13:19",
        "13:29",
        "13:42",
        "13:55",
        "14:19",
        "14:29",
        "14:39",
        "14:49",
        "14:59",
        "15:17",
        "15:26",
        "15:34",
        "15:43",
        "15:51",
        "15:59",
        "16:16",
        "16:23",
        "16:31",
        "16:38",
        "16:46",
        "16:52",
        "17:00",
        "17:16",
        "17:23",
        "17:31",
        "17:38",
        "17:46",
        "17:53",
        "18:03",
        "18:17",
        "18:26",
        "18:34",
        "18:43",
        "18:56",
        "19:24",
        "19:39",
        "19:54",
        "20:24",
        "20:49",
        "21:14",
        "21:32",
        "21:45"
    ],
    "saturday": [
        "6:22",
        "6:37",
        "7:06",
        "7:25",
        "7:36",
        "7:45",
        "7:55",
        "8:05",
        "8:27",
        "8:39",
        "9:00",
        "9:27",
        "9:39",
        "10:00",
        "10:27",
        "10:39",
        "11:00",
        "11:27",
        "11:39",
        "12:00",
        "12:27",
        "12:39",
        "13:00",
        "13:27",
        "13:39",
        "14:00",
        "14:27",
        "14:39",
        "15:00",
        "15:27",
        "15:39",
        "16:00",
        "16:27",
        "16:39",
        "17:00",
        "17:27",
        "17:39",
        "18:00",
        "18:30",
        "18:45",
        "18:59",
        "19:30",
        "19:54",
        "20:35",
        "21:25",
        "21:45"
    ],
    "holiday": [
        "6:22",
        "6:52",
        "7:27",
        "7:39",
        "8:00",
        "8:27",
        "8:39",
        "9:00",
        "9:27",
        "9:39",
        "10:00",
        "10:27",
        "10:39",
        "11:00",
        "11:27",
        "11:39",
        "12:00",
        "12:27",
        "12:39",
        "13:00",
        "13:27",
        "13:39",
        "14:00",
        "14:27",
        "14:39",
        "15:00",
        "15:27",
        "15:39",
        "16:00",
        "16:27",
        "16:39",
        "17:00",
        "17:27",
        "17:39",
        "18:00",
        "18:29",
        "18:45",
        "19:00",
        "19:24",
        "19:39",
        "19:54",
        "20:49",
        "21:04"
    ],
    "url": "https://www.kanachu.co.jp/dia/diagram/timetable01_js/course:0000802239-12/node:00129726/kt:0/lname:/"
}
