{
    "date": "2025/11/16",
    "name": "下宿(厚木市)",
    "position": "-",
    "system": "厚55",
    "destinations": [
        "富士見町(厚木市)",
        "岡田一本杉",
        "岡田(厚木市)",
        "下岡田(厚木市)",
        "リバーサイド前(厚木市)",
        "酒井(厚木市)",
        "下酒井",
        "愛坪",
        "相川中学校前",
        "戸田(厚木市)",
        "中戸田",
        "下戸田(厚木市)",
        "大神(平塚市)",
        "真芳寺",
        "寄木神社前",
        "柳の内",
        "農協神田支所前",
        "相模神田",
        "神田小学校前(平塚市)",
        "田村車庫"
    ],
    "weekday": [
        "7:08",
        "7:18",
        "7:28",
        "7:38",
        "7:48",
        "8:03",
        "8:13",
        "8:24",
        "8:33",
        "8:43",
        "8:56",
        "9:12",
        "9:31",
        "9:46",
        "18:11",
        "18:21",
        "18:31",
        "18:36",
        "18:51",
        "18:56",
        "19:09",
        "19:49",
        "20:13",
        "20:35",
        "23:01",
        "23:34"
    ],
    "saturday": [
        "7:12",
        "7:32",
        "8:07",
        "8:17",
        "17:56",
        "18:17",
        "22:52"
    ],
    "holiday": [
        "22:52"
    ],
    "url": "https://www.kanachu.co.jp/dia/diagram/timetable01_js/course:0000801201-3/node:00128635/kt:0/lname:/"
}
