{
    "date": "2025/11/16",
    "name": "下岡田(厚木市)",
    "position": "-",
    "system": "厚55",
    "destinations": [
        "リバーサイド前(厚木市)",
        "酒井(厚木市)",
        "下酒井",
        "愛坪",
        "相川中学校前",
        "戸田(厚木市)",
        "中戸田",
        "下戸田(厚木市)",
        "大神(平塚市)",
        "真芳寺",
        "寄木神社前",
        "柳の内",
        "農協神田支所前",
        "相模神田",
        "神田小学校前(平塚市)",
        "田村車庫"
    ],
    "weekday": [
        "7:12",
        "7:22",
        "7:32",
        "7:42",
        "7:52",
        "8:07",
        "8:17",
        "8:28",
        "8:37",
        "8:47",
        "9:00",
        "9:16",
        "9:35",
        "9:50",
        "18:15",
        "18:25",
        "18:35",
        "18:40",
        "18:55",
        "19:00",
        "19:13",
        "19:53",
        "20:17",
        "20:39",
        "23:05",
        "23:38"
    ],
    "saturday": [
        "7:16",
        "7:36",
        "8:11",
        "8:21",
        "18:00",
        "18:21",
        "22:56"
    ],
    "holiday": [
        "22:56"
    ],
    "url": "https://www.kanachu.co.jp/dia/diagram/timetable01_js/course:0000801201-7/node:00128640/kt:0/lname:/"
}
