{
    "date": "2025/11/16",
    "name": "柳の内",
    "position": "-",
    "system": "厚55",
    "destinations": [
        "農協神田支所前",
        "相模神田",
        "神田小学校前(平塚市)",
        "田村車庫"
    ],
    "weekday": [
        "7:29",
        "7:39",
        "7:49",
        "7:59",
        "8:09",
        "8:24",
        "8:34",
        "8:45",
        "8:54",
        "9:04",
        "9:17",
        "9:32",
        "9:51",
        "10:06",
        "18:32",
        "18:42",
        "18:52",
        "18:57",
        "19:12",
        "19:17",
        "19:30",
        "20:08",
        "20:32",
        "20:54",
        "23:20",
        "23:53"
    ],
    "saturday": [
        "7:32",
        "7:52",
        "8:27",
        "8:37",
        "18:17",
        "18:37",
        "23:11"
    ],
    "holiday": [
        "23:11"
    ],
    "url": "https://www.kanachu.co.jp/dia/diagram/timetable01_js/course:0000801201-19/node:00127665/kt:0/lname:/"
}
