{
    "date": "2025/11/16",
    "name": "農協神田支所前",
    "position": "-",
    "system": "厚55",
    "destinations": [
        "相模神田",
        "神田小学校前(平塚市)",
        "田村車庫"
    ],
    "weekday": [
        "7:30",
        "7:40",
        "7:50",
        "8:00",
        "8:10",
        "8:25",
        "8:35",
        "8:46",
        "8:55",
        "9:05",
        "9:18",
        "9:33",
        "9:52",
        "10:07",
        "18:33",
        "18:43",
        "18:53",
        "18:58",
        "19:13",
        "19:18",
        "19:31",
        "20:09",
        "20:33",
        "20:55",
        "23:21",
        "23:54"
    ],
    "saturday": [
        "7:33",
        "7:53",
        "8:28",
        "8:38",
        "18:18",
        "18:38",
        "23:12"
    ],
    "holiday": [
        "23:12"
    ],
    "url": "https://www.kanachu.co.jp/dia/diagram/timetable01_js/course:0000801201-20/node:00127664/kt:0/lname:/"
}
