{
    "date": "2025/05/11",
    "name": "住宅前(横浜市金沢区)",
    "position": "-",
    "system": "金28",
    "destinations": [
        "大道中学校前",
        "朝比奈",
        "相武隧道",
        "隧道東口",
        "横浜霊園前",
        "森の家前",
        "上郷(横浜市栄区)",
        "長倉町",
        "八軒谷戸",
        "中島(横浜市栄区)",
        "光明寺(横浜市栄区)",
        "紅葉橋(横浜市栄区)",
        "本郷車庫前(横浜市栄区)"
    ],
    "weekday": [
        "23:06"
    ],
    "saturday": [
        "19:52"
    ],
    "holiday": [
        "19:52"
    ],
    "url": "https://www.kanachu.co.jp/dia/diagram/timetable01_js/course:0000803823-9/node:00113603/kt:0/lname:/"
}
