{
    "date": "2025/08/30",
    "name": "権太坂上",
    "position": "-",
    "system": "東21",
    "destinations": [
        "児童遊園地入口",
        "狩場町",
        "平和台",
        "山谷(横浜市戸塚区)",
        "坂下口",
        "国道平戸",
        "品濃口",
        "坂下(横浜市戸塚区)",
        "品濃町(横浜市戸塚区)",
        "東戸塚駅東口"
    ],
    "weekday": [
        "8:11",
        "8:26",
        "8:35",
        "9:01"
    ],
    "saturday": [],
    "holiday": [],
    "url": "https://www.kanachu.co.jp/dia/diagram/timetable01_js/course:0000803851-11/node:00102509/kt:0/lname:/"
}
