{
    "date": "2025/08/30",
    "name": "平和台",
    "position": "-",
    "system": "東21",
    "destinations": [
        "山谷(横浜市戸塚区)",
        "坂下口",
        "国道平戸",
        "品濃口",
        "坂下(横浜市戸塚区)",
        "品濃町(横浜市戸塚区)",
        "東戸塚駅東口"
    ],
    "weekday": [
        "8:15",
        "8:30",
        "8:39",
        "9:05"
    ],
    "saturday": [],
    "holiday": [],
    "url": "https://www.kanachu.co.jp/dia/diagram/timetable01_js/course:0000803851-14/node:00126621/kt:0/lname:/"
}
