{
    "date": "2025/07/27",
    "name": "二宮駅北口",
    "position": "-",
    "system": "二36",
    "destinations": [
        "元町(中郡二宮町)",
        "堂面(中郡二宮町)",
        "中島(中郡二宮町)",
        "中里(中郡二宮町)",
        "四ツ谷(中郡二宮町)",
        "谷屋津",
        "南5号前",
        "南4号前",
        "団地中央(中郡二宮町)",
        "一色小学校前(中郡二宮町)",
        "中1号前",
        "中2号前",
        "南1号前",
        "南2号前",
        "南3号前",
        "中3号前",
        "中4号前",
        "中5号前",
        "団地中央(中郡二宮町)",
        "南4号前",
        "南5号前",
        "四ツ谷(中郡二宮町)",
        "中里(中郡二宮町)",
        "中島(中郡二宮町)",
        "堂面(中郡二宮町)",
        "元町(中郡二宮町)",
        "二宮駅北口"
    ],
    "weekday": [
        "9:47",
        "10:47",
        "11:47",
        "12:47",
        "13:47",
        "14:52",
        "15:47",
        "16:47"
    ],
    "saturday": [
        "9:27",
        "10:27",
        "11:32",
        "12:27",
        "13:27",
        "14:27",
        "15:27",
        "16:32"
    ],
    "holiday": [
        "9:27",
        "10:27",
        "11:32",
        "12:27",
        "13:27",
        "14:27",
        "15:27",
        "16:32"
    ],
    "url": "https://www.kanachu.co.jp/dia/diagram/timetable01_js/course:0000801998-1/node:00127683/kt:0/lname:/"
}
