{
    "date": "2025/07/27",
    "name": "堂面(中郡二宮町)",
    "position": "-",
    "system": "二36",
    "destinations": [
        "中島(中郡二宮町)",
        "中里(中郡二宮町)",
        "四ツ谷(中郡二宮町)",
        "谷屋津",
        "南5号前",
        "南4号前",
        "団地中央(中郡二宮町)",
        "一色小学校前(中郡二宮町)",
        "中1号前",
        "中2号前",
        "南1号前",
        "南2号前",
        "南3号前",
        "中3号前",
        "中4号前",
        "中5号前",
        "団地中央(中郡二宮町)",
        "南4号前",
        "南5号前",
        "四ツ谷(中郡二宮町)",
        "中里(中郡二宮町)",
        "中島(中郡二宮町)",
        "堂面(中郡二宮町)",
        "元町(中郡二宮町)",
        "二宮駅北口"
    ],
    "weekday": [
        "9:49",
        "10:49",
        "11:49",
        "12:49",
        "13:49",
        "14:54",
        "15:49",
        "16:49"
    ],
    "saturday": [
        "9:29",
        "10:29",
        "11:34",
        "12:29",
        "13:29",
        "14:29",
        "15:29",
        "16:34"
    ],
    "holiday": [
        "9:29",
        "10:29",
        "11:34",
        "12:29",
        "13:29",
        "14:29",
        "15:29",
        "16:34"
    ],
    "url": "https://www.kanachu.co.jp/dia/diagram/timetable01_js/course:0000801998-3/node:00127790/kt:0/lname:/"
}
