{
    "date": "2025/07/27",
    "name": "南4号前",
    "position": "-",
    "system": "二36",
    "destinations": [
        "団地中央(中郡二宮町)",
        "一色小学校前(中郡二宮町)",
        "中1号前",
        "中2号前",
        "南1号前",
        "南2号前",
        "南3号前",
        "中3号前",
        "中4号前",
        "中5号前",
        "団地中央(中郡二宮町)",
        "南4号前",
        "南5号前",
        "四ツ谷(中郡二宮町)",
        "中里(中郡二宮町)",
        "中島(中郡二宮町)",
        "堂面(中郡二宮町)",
        "元町(中郡二宮町)",
        "二宮駅北口"
    ],
    "weekday": [
        "9:54",
        "10:54",
        "11:54",
        "12:54",
        "13:54",
        "14:59",
        "15:54",
        "16:54"
    ],
    "saturday": [
        "9:34",
        "10:34",
        "11:39",
        "12:34",
        "13:34",
        "14:34",
        "15:34",
        "16:39"
    ],
    "holiday": [
        "9:34",
        "10:34",
        "11:39",
        "12:34",
        "13:34",
        "14:34",
        "15:34",
        "16:39"
    ],
    "url": "https://www.kanachu.co.jp/dia/diagram/timetable01_js/course:0000801998-9/node:00127795/kt:0/lname:/"
}
