{
    "date": "2025/07/27",
    "name": "中4号前",
    "position": "-",
    "system": "二36",
    "destinations": [
        "中5号前",
        "団地中央(中郡二宮町)",
        "南4号前",
        "南5号前",
        "四ツ谷(中郡二宮町)",
        "中里(中郡二宮町)",
        "中島(中郡二宮町)",
        "堂面(中郡二宮町)",
        "元町(中郡二宮町)",
        "二宮駅北口"
    ],
    "weekday": [
        "10:07",
        "11:07",
        "12:07",
        "13:07",
        "14:07",
        "15:12",
        "16:07",
        "17:07"
    ],
    "saturday": [
        "9:46",
        "10:46",
        "11:51",
        "12:46",
        "13:46",
        "14:46",
        "15:46",
        "16:51"
    ],
    "holiday": [
        "9:46",
        "10:46",
        "11:51",
        "12:46",
        "13:46",
        "14:46",
        "15:46",
        "16:51"
    ],
    "url": "https://www.kanachu.co.jp/dia/diagram/timetable01_js/course:0000801998-18/node:00127809/kt:0/lname:/"
}
