{
    "date": "2025/07/27",
    "name": "南4号前",
    "position": "-",
    "system": "二36",
    "destinations": [
        "南5号前",
        "四ツ谷(中郡二宮町)",
        "中里(中郡二宮町)",
        "中島(中郡二宮町)",
        "堂面(中郡二宮町)",
        "元町(中郡二宮町)",
        "二宮駅北口"
    ],
    "weekday": [
        "10:14",
        "11:14",
        "12:14",
        "13:14",
        "14:14",
        "15:19",
        "16:14",
        "17:14"
    ],
    "saturday": [
        "9:52",
        "10:52",
        "11:57",
        "12:52",
        "13:52",
        "14:52",
        "15:52",
        "16:57"
    ],
    "holiday": [
        "9:52",
        "10:52",
        "11:57",
        "12:52",
        "13:52",
        "14:52",
        "15:52",
        "16:57"
    ],
    "url": "https://www.kanachu.co.jp/dia/diagram/timetable01_js/course:0000801998-21/node:00127795/kt:0/lname:/"
}
