{
    "date": "2025/07/27",
    "name": "中島(中郡二宮町)",
    "position": "-",
    "system": "二36",
    "destinations": [
        "堂面(中郡二宮町)",
        "元町(中郡二宮町)",
        "二宮駅北口"
    ],
    "weekday": [
        "10:19",
        "11:19",
        "12:19",
        "13:19",
        "14:19",
        "15:24",
        "16:19",
        "17:19"
    ],
    "saturday": [
        "9:57",
        "10:57",
        "12:02",
        "12:57",
        "13:57",
        "14:57",
        "15:57",
        "17:02"
    ],
    "holiday": [
        "9:57",
        "10:57",
        "12:02",
        "12:57",
        "13:57",
        "14:57",
        "15:57",
        "17:02"
    ],
    "url": "https://www.kanachu.co.jp/dia/diagram/timetable01_js/course:0000801998-25/node:00127789/kt:0/lname:/"
}
