{
    "date": "2025/11/16",
    "name": "伊勢山(平塚市)",
    "position": "-",
    "system": "平68",
    "destinations": [
        "住宅前(平塚市)",
        "大野中学校前",
        "西真土",
        "大野農協前",
        "市場前(平塚市)",
        "坂口(平塚市)",
        "今里(平塚市)",
        "横内団地前",
        "横内下",
        "横内公民館入口",
        "横内四ツ角",
        "横内上",
        "枝大島入口",
        "下小稲葉",
        "新屋(伊勢原市)",
        "西屋(伊勢原市)",
        "下落合(伊勢原市)",
        "長沼(厚木市)",
        "上落合(厚木市)",
        "堤下(厚木市)",
        "田谷(厚木市)",
        "片平入口",
        "愛甲石田駅"
    ],
    "weekday": [
        "7:09",
        "9:09",
        "10:09",
        "11:59",
        "12:49",
        "14:31",
        "15:29",
        "16:51",
        "18:26",
        "19:24"
    ],
    "saturday": [
        "7:44",
        "9:19",
        "10:49",
        "15:49",
        "17:14",
        "18:19"
    ],
    "holiday": [
        "7:44",
        "9:19",
        "10:49",
        "15:49",
        "17:14",
        "18:19"
    ],
    "url": "https://www.kanachu.co.jp/dia/diagram/timetable01_js/course:0000803935-13/node:00127605/kt:0/lname:/"
}
