{
    "date": "2025/11/16",
    "name": "坂口(平塚市)",
    "position": "-",
    "system": "平68",
    "destinations": [
        "今里(平塚市)",
        "横内団地前",
        "横内下",
        "横内公民館入口",
        "横内四ツ角",
        "横内上",
        "枝大島入口",
        "下小稲葉",
        "新屋(伊勢原市)",
        "西屋(伊勢原市)",
        "下落合(伊勢原市)",
        "長沼(厚木市)",
        "上落合(厚木市)",
        "堤下(厚木市)",
        "田谷(厚木市)",
        "片平入口",
        "愛甲石田駅"
    ],
    "weekday": [
        "7:16",
        "9:16",
        "10:16",
        "12:06",
        "12:56",
        "14:38",
        "15:36",
        "16:58",
        "18:33",
        "19:31"
    ],
    "saturday": [
        "7:51",
        "9:26",
        "10:56",
        "15:56",
        "17:21",
        "18:26"
    ],
    "holiday": [
        "7:51",
        "9:26",
        "10:56",
        "15:56",
        "17:21",
        "18:26"
    ],
    "url": "https://www.kanachu.co.jp/dia/diagram/timetable01_js/course:0000803935-19/node:00127611/kt:0/lname:/"
}
