{
    "date": "2025/11/16",
    "name": "横内下",
    "position": "-",
    "system": "平68",
    "destinations": [
        "横内公民館入口",
        "横内四ツ角",
        "横内上",
        "枝大島入口",
        "下小稲葉",
        "新屋(伊勢原市)",
        "西屋(伊勢原市)",
        "下落合(伊勢原市)",
        "長沼(厚木市)",
        "上落合(厚木市)",
        "堤下(厚木市)",
        "田谷(厚木市)",
        "片平入口",
        "愛甲石田駅"
    ],
    "weekday": [
        "7:19",
        "9:19",
        "10:19",
        "12:09",
        "12:59",
        "14:41",
        "15:39",
        "17:01",
        "18:36",
        "19:34"
    ],
    "saturday": [
        "7:54",
        "9:29",
        "10:59",
        "15:59",
        "17:24",
        "18:29"
    ],
    "holiday": [
        "7:54",
        "9:29",
        "10:59",
        "15:59",
        "17:24",
        "18:29"
    ],
    "url": "https://www.kanachu.co.jp/dia/diagram/timetable01_js/course:0000803935-22/node:00127614/kt:0/lname:/"
}
