{
    "date": "2025/11/16",
    "name": "下小稲葉",
    "position": "-",
    "system": "平68",
    "destinations": [
        "新屋(伊勢原市)",
        "西屋(伊勢原市)",
        "下落合(伊勢原市)",
        "長沼(厚木市)",
        "上落合(厚木市)",
        "堤下(厚木市)",
        "田谷(厚木市)",
        "片平入口",
        "愛甲石田駅"
    ],
    "weekday": [
        "7:26",
        "9:26",
        "10:26",
        "12:16",
        "13:06",
        "14:48",
        "15:46",
        "17:08",
        "18:43",
        "19:41"
    ],
    "saturday": [
        "8:01",
        "9:36",
        "11:06",
        "16:06",
        "17:31",
        "18:36"
    ],
    "holiday": [
        "8:01",
        "9:36",
        "11:06",
        "16:06",
        "17:31",
        "18:36"
    ],
    "url": "https://www.kanachu.co.jp/dia/diagram/timetable01_js/course:0000803935-27/node:00127619/kt:0/lname:/"
}
