{
    "date": "2025/10/20",
    "name": "成瀬駅",
    "position": "-",
    "system": "町75",
    "destinations": [
        "南成瀬",
        "成瀬高校入口",
        "成瀬コミュニティセンター前",
        "成瀬消防出張所前",
        "鞍掛",
        "高瀬橋(町田市)",
        "熊野神社前(成瀬街道側/町田市)",
        "三塚",
        "町田ターミナル前",
        "町田バスセンター"
    ],
    "weekday": [
        "5:56",
        "6:41",
        "7:11",
        "7:23",
        "7:48",
        "8:16",
        "9:31",
        "10:01",
        "11:06",
        "11:26",
        "12:06",
        "13:06",
        "14:26",
        "15:06",
        "16:06",
        "17:06",
        "17:26",
        "18:06",
        "19:06",
        "19:26",
        "20:06",
        "21:10",
        "22:00"
    ],
    "saturday": [
        "6:46",
        "7:46",
        "8:06",
        "8:46",
        "9:01",
        "10:01",
        "10:31",
        "11:06",
        "12:06",
        "13:06",
        "14:06",
        "15:06",
        "16:06",
        "17:06",
        "18:06",
        "19:06",
        "20:11"
    ],
    "holiday": [
        "6:46",
        "7:46",
        "8:46",
        "9:06",
        "10:06",
        "11:06",
        "12:06",
        "13:06",
        "14:06",
        "15:06",
        "16:06",
        "17:06",
        "18:06",
        "19:06",
        "20:06"
    ],
    "url": "https://www.kanachu.co.jp/dia/diagram/timetable01_js/course:0000803165-1/node:00129552/kt:0/lname:/"
}
