{
    "date": "2025/10/20",
    "name": "成瀬消防出張所前",
    "position": "-",
    "system": "町75",
    "destinations": [
        "鞍掛",
        "高瀬橋(町田市)",
        "熊野神社前(成瀬街道側/町田市)",
        "三塚",
        "町田ターミナル前",
        "町田バスセンター"
    ],
    "weekday": [
        "6:01",
        "6:46",
        "7:16",
        "7:28",
        "7:53",
        "8:21",
        "9:36",
        "10:06",
        "11:11",
        "11:31",
        "12:11",
        "13:11",
        "14:31",
        "15:11",
        "16:11",
        "17:11",
        "17:31",
        "18:11",
        "19:11",
        "19:31",
        "20:11",
        "21:14",
        "22:04"
    ],
    "saturday": [
        "6:51",
        "7:51",
        "8:11",
        "8:51",
        "9:06",
        "10:06",
        "10:36",
        "11:11",
        "12:11",
        "13:11",
        "14:11",
        "15:11",
        "16:11",
        "17:11",
        "18:11",
        "19:11",
        "20:16"
    ],
    "holiday": [
        "6:51",
        "7:51",
        "8:51",
        "9:11",
        "10:11",
        "11:11",
        "12:11",
        "13:11",
        "14:11",
        "15:11",
        "16:11",
        "17:11",
        "18:11",
        "19:11",
        "20:11"
    ],
    "url": "https://www.kanachu.co.jp/dia/diagram/timetable01_js/course:0000803165-5/node:00129584/kt:0/lname:/"
}
