{
    "date": "2026/01/16",
    "name": "今宿中学校前",
    "position": "-",
    "system": "115",
    "destinations": [
        "今宿小学校入口",
        "鶴ヶ峰中学校前",
        "薬王寺入口",
        "鶴ヶ峰本町",
        "鶴ヶ峰駅"
    ],
    "weekday": [
        "6:43",
        "7:08",
        "7:28",
        "7:48",
        "8:08",
        "8:28",
        "8:48",
        "9:17",
        "9:47",
        "10:17",
        "10:47",
        "11:17",
        "11:47",
        "12:17",
        "12:47",
        "13:15",
        "13:45",
        "14:15",
        "14:45",
        "15:15",
        "15:45",
        "16:15",
        "16:45",
        "17:18",
        "17:38",
        "17:58",
        "18:18",
        "18:38",
        "18:58",
        "19:15",
        "19:45",
        "20:15",
        "20:44",
        "21:14"
    ],
    "saturday": [
        "6:38",
        "7:18",
        "7:48",
        "8:18",
        "8:48",
        "9:17",
        "9:47",
        "10:17",
        "10:47",
        "11:17",
        "11:47",
        "12:17",
        "12:47",
        "13:17",
        "13:47",
        "14:17",
        "14:47",
        "15:17",
        "15:47",
        "16:17",
        "16:47",
        "17:18",
        "17:48",
        "18:18",
        "18:48",
        "19:17",
        "19:47",
        "20:17"
    ],
    "holiday": [
        "7:16",
        "7:46",
        "8:16",
        "8:46",
        "9:17",
        "9:47",
        "10:17",
        "10:47",
        "11:17",
        "11:47",
        "12:17",
        "12:47",
        "13:17",
        "13:47",
        "14:17",
        "14:47",
        "15:17",
        "15:47",
        "16:17",
        "16:47",
        "17:17",
        "17:47",
        "18:17",
        "18:47",
        "19:16"
    ],
    "url": "https://www.kanachu.co.jp/dia/diagram/timetable01_js/course:0000804040-11/node:00129737/kt:0/lname:/"
}
