{
    "date": "2026/01/16",
    "name": "鶴ヶ峰本町",
    "position": "-",
    "system": "115",
    "destinations": [
        "鶴ヶ峰駅"
    ],
    "weekday": [
        "6:48",
        "7:13",
        "7:33",
        "7:53",
        "8:13",
        "8:33",
        "8:53",
        "9:21",
        "9:51",
        "10:21",
        "10:51",
        "11:21",
        "11:51",
        "12:21",
        "12:51",
        "13:19",
        "13:49",
        "14:19",
        "14:49",
        "15:19",
        "15:49",
        "16:19",
        "16:49",
        "17:23",
        "17:43",
        "18:03",
        "18:23",
        "18:43",
        "19:03",
        "19:19",
        "19:49",
        "20:19",
        "20:48",
        "21:18"
    ],
    "saturday": [
        "6:43",
        "7:23",
        "7:53",
        "8:23",
        "8:53",
        "9:21",
        "9:51",
        "10:21",
        "10:51",
        "11:21",
        "11:51",
        "12:21",
        "12:51",
        "13:21",
        "13:51",
        "14:21",
        "14:51",
        "15:21",
        "15:51",
        "16:21",
        "16:51",
        "17:23",
        "17:53",
        "18:23",
        "18:53",
        "19:21",
        "19:51",
        "20:21"
    ],
    "holiday": [
        "7:20",
        "7:50",
        "8:20",
        "8:50",
        "9:21",
        "9:51",
        "10:21",
        "10:51",
        "11:21",
        "11:51",
        "12:21",
        "12:51",
        "13:21",
        "13:51",
        "14:21",
        "14:51",
        "15:21",
        "15:51",
        "16:21",
        "16:51",
        "17:21",
        "17:51",
        "18:21",
        "18:51",
        "19:20"
    ],
    "url": "https://www.kanachu.co.jp/dia/diagram/timetable01_js/course:0000804040-15/node:00129720/kt:0/lname:/"
}
