{
    "date": "2024/07/08",
    "name": "山崎団地センター",
    "position": "-",
    "system": "町15",
    "destinations": [
        "給水塔前(山崎団地/町田市)",
        "北一号(町田市)",
        "北二号(町田市)",
        "山崎団地"
    ],
    "weekday": [
        "6:17",
        "7:31",
        "7:58",
        "21:16",
        "21:46",
        "22:43",
        "23:27"
    ],
    "saturday": [
        "6:29",
        "7:39",
        "8:26",
        "8:51",
        "21:38",
        "22:43",
        "23:24"
    ],
    "holiday": [
        "6:18",
        "7:36",
        "8:05",
        "8:33",
        "9:03",
        "21:33",
        "22:33",
        "23:24"
    ],
    "url": "https://www.kanachu.co.jp/dia/diagram/timetable01_js/course:0000801075-14/node:00129388/kt:0/lname:/"
}
