{
    "date": "2025/11/16",
    "name": "御岳",
    "position": "-",
    "system": "伊01",
    "destinations": [
        "竹園小学校前",
        "竹園小学校入口",
        "谷戸大竹",
        "関台",
        "団地南(伊勢原市)",
        "団地西(伊勢原市)",
        "鈴川会館前",
        "伊勢原車庫"
    ],
    "weekday": [
        "19:40",
        "20:43"
    ],
    "saturday": [
        "10:59",
        "11:59",
        "12:59",
        "13:59",
        "14:59",
        "15:59",
        "16:59",
        "17:59"
    ],
    "holiday": [
        "10:59",
        "11:59",
        "12:59",
        "13:59",
        "14:59",
        "15:59",
        "16:59",
        "17:59"
    ],
    "url": "https://www.kanachu.co.jp/dia/diagram/timetable01_js/course:0000800774-8/node:00128076/kt:0/lname:/"
}
