{
    "date": "2025/04/01",
    "name": "山崎団地入口",
    "position": "-",
    "system": "町24",
    "destinations": [
        "山崎団地センター",
        "給水塔前(山崎団地/町田市)",
        "北一号(町田市)",
        "北二号(町田市)",
        "山崎団地"
    ],
    "weekday": [
        "8:19",
        "8:39",
        "8:49",
        "9:09"
    ],
    "saturday": [],
    "holiday": [],
    "url": "https://www.kanachu.co.jp/dia/diagram/timetable01_js/course:0000802961-12/node:00129387/kt:0/lname:/"
}
