{
    "date": "2024/04/01",
    "name": "馬入橋",
    "position": "-",
    "system": "平07",
    "destinations": [
        "工業団地入口(平塚市)",
        "馬入ふれあい公園入口",
        "長瀞",
        "馬入境",
        "古河電工前(平塚市)",
        "関西ペイント前(平塚市)",
        "工業団地(平塚市)",
        "全農前",
        "小松前",
        "小松電子前",
        "東八幡工業団地",
        "東八幡五丁目",
        "不動ケミカル前"
    ],
    "weekday": [
        "8:07",
        "8:17",
        "8:27",
        "8:37",
        "8:47"
    ],
    "saturday": [
        "8:05",
        "8:25"
    ],
    "holiday": [
        "8:05"
    ],
    "url": "https://www.kanachu.co.jp/dia/diagram/timetable01_js/course:0000803276-5/node:00127187/kt:0/lname:/"
}
