{
    "date": "2025/04/01",
    "name": "梶野",
    "position": "-",
    "system": "三56",
    "destinations": [
        "牧馬入口",
        "前戸",
        "橋野沢",
        "地蔵前(相模原市緑区)",
        "鮑子取入口",
        "津久井クリーンセンター前",
        "青山(相模原市緑区)",
        "三ヶ木新宿",
        "津久井高校前",
        "三ヶ木"
    ],
    "weekday": [
        "9:28",
        "13:23"
    ],
    "saturday": [
        "8:18",
        "16:43"
    ],
    "holiday": [
        "8:18",
        "16:43"
    ],
    "url": "https://www.kanachu.co.jp/dia/diagram/timetable01_js/course:0000803790-21/node:00128760/kt:0/lname:/"
}
