{
    "date": "2025/08/30",
    "name": "上永谷駅",
    "position": "-",
    "system": "東12",
    "destinations": [
        "丸山台(横浜市港南区)",
        "丸山台中学校前",
        "日限山",
        "日限山小学校入口",
        "港南プラザ",
        "西洗",
        "京急ニュータウン"
    ],
    "weekday": [
        "9:36",
        "10:29",
        "11:29",
        "12:35",
        "13:38",
        "14:45",
        "16:35",
        "17:41",
        "18:23",
        "19:09",
        "20:09"
    ],
    "saturday": [
        "8:22",
        "9:20",
        "10:17",
        "11:39",
        "12:39",
        "13:39",
        "14:39",
        "16:32",
        "17:37",
        "18:23",
        "19:12",
        "20:30"
    ],
    "holiday": [
        "9:38",
        "10:45",
        "11:46",
        "12:39",
        "13:39",
        "14:55",
        "16:39",
        "18:49",
        "19:42"
    ],
    "url": "https://www.kanachu.co.jp/dia/diagram/timetable01_js/course:0000801564-11/node:00102365/kt:0/lname:/"
}
