{
    "date": "2025/08/30",
    "name": "日限山",
    "position": "-",
    "system": "東12",
    "destinations": [
        "日限山小学校入口",
        "港南プラザ",
        "西洗",
        "京急ニュータウン"
    ],
    "weekday": [
        "9:40",
        "10:33",
        "11:33",
        "12:39",
        "13:42",
        "14:49",
        "16:39",
        "17:45",
        "18:27",
        "19:13",
        "20:13"
    ],
    "saturday": [
        "8:26",
        "9:24",
        "10:21",
        "11:43",
        "12:43",
        "13:43",
        "14:43",
        "16:36",
        "17:41",
        "18:27",
        "19:16",
        "20:34"
    ],
    "holiday": [
        "9:42",
        "10:49",
        "11:50",
        "12:43",
        "13:43",
        "14:59",
        "16:43",
        "18:53",
        "19:46"
    ],
    "url": "https://www.kanachu.co.jp/dia/diagram/timetable01_js/course:0000801564-14/node:00102959/kt:0/lname:/"
}
