{
    "date": "2025/04/01",
    "name": "焼山登山口",
    "position": "-",
    "system": "三56",
    "destinations": [
        "西野々(相模原市緑区)",
        "伏馬田入口",
        "夫婦園",
        "荒井(相模原市緑区)",
        "平丸",
        "橋津原",
        "青根公民館前",
        "東野(相模原市緑区)",
        "青根諏訪神社前",
        "上野田(相模原市緑区)",
        "大川原入口",
        "音久和",
        "神の川入口",
        "月夜野"
    ],
    "weekday": [
        "7:56",
        "12:26"
    ],
    "saturday": [
        "7:16",
        "15:46"
    ],
    "holiday": [
        "7:16",
        "15:46"
    ],
    "url": "https://www.kanachu.co.jp/dia/diagram/timetable01_js/course:0000803759-17/node:00128766/kt:0/lname:/"
}
