{
    "date": "2025/04/01",
    "name": "青根公民館前",
    "position": "-",
    "system": "三56",
    "destinations": [
        "東野(相模原市緑区)",
        "青根諏訪神社前",
        "上野田(相模原市緑区)",
        "大川原入口",
        "音久和",
        "神の川入口",
        "月夜野"
    ],
    "weekday": [
        "8:13",
        "12:43"
    ],
    "saturday": [
        "7:33",
        "16:03"
    ],
    "holiday": [
        "7:33",
        "16:03"
    ],
    "url": "https://www.kanachu.co.jp/dia/diagram/timetable01_js/course:0000803759-24/node:00128773/kt:0/lname:/"
}
