{
    "date": "2025/04/19",
    "name": "相武台グリーンパーク",
    "position": "-",
    "system": "小11",
    "destinations": [
        "新磯野五丁目",
        "相武台消防分署前",
        "新磯野",
        "相模台五丁目",
        "相模台団地",
        "国立病院入口",
        "国立相模原病院",
        "相模台まちづくりセンター前",
        "ハウス南門前",
        "鶴ヶ丘団地前",
        "二宮神社前(相模原市南区)",
        "小田急相模原駅"
    ],
    "weekday": [
        "6:00",
        "6:32",
        "7:32",
        "8:32",
        "9:32",
        "10:32",
        "11:32",
        "12:32",
        "13:32",
        "14:32",
        "15:32",
        "16:32",
        "17:32",
        "18:32",
        "19:32"
    ],
    "saturday": [
        "8:32",
        "9:32",
        "10:32",
        "11:32",
        "12:32",
        "13:32",
        "14:32",
        "15:32",
        "16:32",
        "17:32",
        "18:32",
        "19:32"
    ],
    "holiday": [
        "8:32",
        "9:32",
        "10:32",
        "11:32",
        "12:32",
        "13:32",
        "14:32",
        "15:32",
        "16:32",
        "17:32",
        "18:32",
        "19:32"
    ],
    "url": "https://www.kanachu.co.jp/dia/diagram/timetable01_js/course:0000800012-1/node:00128602/kt:0/lname:/"
}
