{
    "date": "2025/04/01",
    "name": "上の原(町田市)",
    "position": "",
    "system": "町78",
    "destinations": [
        "町田総合高校前",
        "木曽南団地",
        "横町(町田市)",
        "境川団地",
        "境川団地中央",
        "境川団地入口",
        "木曽都営入口",
        "桧台入口",
        "森野六丁目",
        "森野五丁目",
        "妙延寺(町田市)",
        "町田市役所市民ホール前",
        "町田バスセンター"
    ],
    "weekday": [
        "5:54",
        "6:03",
        "6:12",
        "10:19",
        "11:26",
        "12:26",
        "13:26",
        "14:29",
        "15:27",
        "16:32",
        "17:32",
        "18:33",
        "19:34",
        "20:34"
    ],
    "saturday": [
        "5:53",
        "7:20",
        "9:36",
        "10:36",
        "11:36",
        "12:38",
        "13:38",
        "14:36",
        "15:36",
        "16:37",
        "17:39",
        "18:37",
        "19:26",
        "20:33"
    ],
    "holiday": [
        "5:59",
        "7:20",
        "9:33",
        "10:39",
        "11:38",
        "12:38",
        "13:38",
        "14:38",
        "15:37",
        "16:37",
        "17:41",
        "18:38",
        "19:36",
        "20:36"
    ],
    "url": "https://www.kanachu.co.jp/dia/diagram/timetable01_js/course:0000803163-10/node:00129496/kt:0/lname:/"
}
