{
    "date": "2025/04/01",
    "name": "木曽南団地",
    "position": "",
    "system": "町78",
    "destinations": [
        "横町(町田市)",
        "境川団地",
        "境川団地中央",
        "境川団地入口",
        "木曽都営入口",
        "桧台入口",
        "森野六丁目",
        "森野五丁目",
        "妙延寺(町田市)",
        "町田市役所市民ホール前",
        "町田バスセンター"
    ],
    "weekday": [
        "5:58",
        "6:07",
        "6:16",
        "10:24",
        "11:31",
        "12:31",
        "13:31",
        "14:34",
        "15:32",
        "16:37",
        "17:37",
        "18:38",
        "19:39",
        "20:39"
    ],
    "saturday": [
        "5:57",
        "7:24",
        "9:41",
        "10:41",
        "11:41",
        "12:43",
        "13:43",
        "14:41",
        "15:41",
        "16:42",
        "17:44",
        "18:42",
        "19:30",
        "20:37"
    ],
    "holiday": [
        "6:03",
        "7:24",
        "9:38",
        "10:44",
        "11:43",
        "12:43",
        "13:43",
        "14:43",
        "15:42",
        "16:42",
        "17:46",
        "18:42",
        "19:40",
        "20:40"
    ],
    "url": "https://www.kanachu.co.jp/dia/diagram/timetable01_js/course:0000803163-12/node:00129384/kt:0/lname:/"
}
