{
    "date": "2025/11/16",
    "name": "共済病院前総合公園西",
    "position": "-",
    "system": "平88",
    "destinations": [
        "中原一丁目(平塚市)",
        "中原公園前",
        "遺跡公園前(平塚市)",
        "新大縄橋",
        "豊田本郷駅",
        "清雲寺前(平塚市)",
        "城島駐在所前",
        "城島小学校前",
        "小鍋島",
        "大島入口",
        "平間入口",
        "下谷中央",
        "下谷上(伊勢原市)",
        "大田小学校前",
        "沼目",
        "つきみの団地",
        "西沼目",
        "藤田電機前(伊勢原市)",
        "三福寺前",
        "下宿(伊勢原市)",
        "伊勢原駅南口"
    ],
    "weekday": [
        "6:41",
        "7:18",
        "8:18",
        "8:49",
        "9:50",
        "10:50",
        "11:50",
        "12:50",
        "13:50",
        "14:50",
        "15:50",
        "17:00",
        "18:00",
        "19:00",
        "19:54",
        "20:46"
    ],
    "saturday": [
        "6:56",
        "7:58",
        "8:58",
        "9:58",
        "10:58",
        "11:58",
        "12:58",
        "13:58",
        "14:58",
        "15:58",
        "16:58",
        "17:58",
        "18:58",
        "20:06",
        "21:06"
    ],
    "holiday": [
        "7:58",
        "8:58",
        "9:58",
        "10:58",
        "11:58",
        "12:58",
        "13:58",
        "14:58",
        "15:58",
        "16:58",
        "17:58",
        "18:58",
        "20:06",
        "21:06"
    ],
    "url": "https://www.kanachu.co.jp/dia/diagram/timetable01_js/course:0000803360-8/node:00128222/kt:0/lname:/"
}
