{
    "date": "2025/11/16",
    "name": "中原一丁目(平塚市)",
    "position": "-",
    "system": "平88",
    "destinations": [
        "中原公園前",
        "遺跡公園前(平塚市)",
        "新大縄橋",
        "豊田本郷駅",
        "清雲寺前(平塚市)",
        "城島駐在所前",
        "城島小学校前",
        "小鍋島",
        "大島入口",
        "平間入口",
        "下谷中央",
        "下谷上(伊勢原市)",
        "大田小学校前",
        "沼目",
        "つきみの団地",
        "西沼目",
        "藤田電機前(伊勢原市)",
        "三福寺前",
        "下宿(伊勢原市)",
        "伊勢原駅南口"
    ],
    "weekday": [
        "6:42",
        "7:19",
        "8:19",
        "8:50",
        "9:51",
        "10:51",
        "11:51",
        "12:51",
        "13:51",
        "14:51",
        "15:51",
        "17:01",
        "18:01",
        "19:01",
        "19:55",
        "20:47"
    ],
    "saturday": [
        "6:57",
        "7:59",
        "8:59",
        "9:59",
        "10:59",
        "11:59",
        "12:59",
        "13:59",
        "14:59",
        "15:59",
        "16:59",
        "17:59",
        "18:59",
        "20:07",
        "21:07"
    ],
    "holiday": [
        "7:59",
        "8:59",
        "9:59",
        "10:59",
        "11:59",
        "12:59",
        "13:59",
        "14:59",
        "15:59",
        "16:59",
        "17:59",
        "18:59",
        "20:07",
        "21:07"
    ],
    "url": "https://www.kanachu.co.jp/dia/diagram/timetable01_js/course:0000803360-9/node:00128112/kt:0/lname:/"
}
