{
    "date": "2025/11/16",
    "name": "中原公園前",
    "position": "-",
    "system": "平88",
    "destinations": [
        "遺跡公園前(平塚市)",
        "新大縄橋",
        "豊田本郷駅",
        "清雲寺前(平塚市)",
        "城島駐在所前",
        "城島小学校前",
        "小鍋島",
        "大島入口",
        "平間入口",
        "下谷中央",
        "下谷上(伊勢原市)",
        "大田小学校前",
        "沼目",
        "つきみの団地",
        "西沼目",
        "藤田電機前(伊勢原市)",
        "三福寺前",
        "下宿(伊勢原市)",
        "伊勢原駅南口"
    ],
    "weekday": [
        "6:43",
        "7:20",
        "8:20",
        "8:51",
        "9:52",
        "10:52",
        "11:52",
        "12:52",
        "13:52",
        "14:52",
        "15:52",
        "17:02",
        "18:02",
        "19:02",
        "19:56",
        "20:48"
    ],
    "saturday": [
        "6:58",
        "8:00",
        "9:00",
        "10:00",
        "11:00",
        "12:00",
        "13:00",
        "14:00",
        "15:00",
        "16:00",
        "17:00",
        "18:00",
        "19:00",
        "20:08",
        "21:08"
    ],
    "holiday": [
        "8:00",
        "9:00",
        "10:00",
        "11:00",
        "12:00",
        "13:00",
        "14:00",
        "15:00",
        "16:00",
        "17:00",
        "18:00",
        "19:00",
        "20:08",
        "21:08"
    ],
    "url": "https://www.kanachu.co.jp/dia/diagram/timetable01_js/course:0000803360-10/node:00128111/kt:0/lname:/"
}
