{
    "date": "2025/11/16",
    "name": "清雲寺前(平塚市)",
    "position": "-",
    "system": "平88",
    "destinations": [
        "城島駐在所前",
        "城島小学校前",
        "小鍋島",
        "大島入口",
        "平間入口",
        "下谷中央",
        "下谷上(伊勢原市)",
        "大田小学校前",
        "沼目",
        "つきみの団地",
        "西沼目",
        "藤田電機前(伊勢原市)",
        "三福寺前",
        "下宿(伊勢原市)",
        "伊勢原駅南口"
    ],
    "weekday": [
        "6:48",
        "7:26",
        "8:26",
        "8:57",
        "9:58",
        "10:58",
        "11:58",
        "12:58",
        "13:58",
        "14:58",
        "15:58",
        "17:08",
        "18:08",
        "19:08",
        "20:01",
        "20:53"
    ],
    "saturday": [
        "7:03",
        "8:05",
        "9:05",
        "10:05",
        "11:05",
        "12:05",
        "13:05",
        "14:05",
        "15:05",
        "16:05",
        "17:05",
        "18:05",
        "19:05",
        "20:13",
        "21:13"
    ],
    "holiday": [
        "8:05",
        "9:05",
        "10:05",
        "11:05",
        "12:05",
        "13:05",
        "14:05",
        "15:05",
        "16:05",
        "17:05",
        "18:05",
        "19:05",
        "20:13",
        "21:13"
    ],
    "url": "https://www.kanachu.co.jp/dia/diagram/timetable01_js/course:0000803360-14/node:00128108/kt:0/lname:/"
}
