{
    "date": "2025/11/16",
    "name": "城島駐在所前",
    "position": "-",
    "system": "平88",
    "destinations": [
        "城島小学校前",
        "小鍋島",
        "大島入口",
        "平間入口",
        "下谷中央",
        "下谷上(伊勢原市)",
        "大田小学校前",
        "沼目",
        "つきみの団地",
        "西沼目",
        "藤田電機前(伊勢原市)",
        "三福寺前",
        "下宿(伊勢原市)",
        "伊勢原駅南口"
    ],
    "weekday": [
        "6:50",
        "7:28",
        "8:28",
        "8:59",
        "10:01",
        "11:01",
        "12:01",
        "13:01",
        "14:01",
        "15:01",
        "16:01",
        "17:11",
        "18:11",
        "19:11",
        "20:04",
        "20:56"
    ],
    "saturday": [
        "7:05",
        "8:08",
        "9:08",
        "10:08",
        "11:08",
        "12:08",
        "13:08",
        "14:08",
        "15:08",
        "16:08",
        "17:08",
        "18:08",
        "19:08",
        "20:15",
        "21:15"
    ],
    "holiday": [
        "8:08",
        "9:08",
        "10:08",
        "11:08",
        "12:08",
        "13:08",
        "14:08",
        "15:08",
        "16:08",
        "17:08",
        "18:08",
        "19:08",
        "20:15",
        "21:15"
    ],
    "url": "https://www.kanachu.co.jp/dia/diagram/timetable01_js/course:0000803360-15/node:00128107/kt:0/lname:/"
}
