{
    "date": "2025/11/16",
    "name": "平間入口",
    "position": "-",
    "system": "平88",
    "destinations": [
        "下谷中央",
        "下谷上(伊勢原市)",
        "大田小学校前",
        "沼目",
        "つきみの団地",
        "西沼目",
        "藤田電機前(伊勢原市)",
        "三福寺前",
        "下宿(伊勢原市)",
        "伊勢原駅南口"
    ],
    "weekday": [
        "6:53",
        "7:31",
        "8:31",
        "9:02",
        "10:05",
        "11:05",
        "12:05",
        "13:05",
        "14:05",
        "15:05",
        "16:05",
        "17:15",
        "18:15",
        "19:15",
        "20:08",
        "21:00"
    ],
    "saturday": [
        "7:08",
        "8:12",
        "9:12",
        "10:12",
        "11:12",
        "12:12",
        "13:12",
        "14:12",
        "15:12",
        "16:12",
        "17:12",
        "18:12",
        "19:12",
        "20:18",
        "21:18"
    ],
    "holiday": [
        "8:12",
        "9:12",
        "10:12",
        "11:12",
        "12:12",
        "13:12",
        "14:12",
        "15:12",
        "16:12",
        "17:12",
        "18:12",
        "19:12",
        "20:18",
        "21:18"
    ],
    "url": "https://www.kanachu.co.jp/dia/diagram/timetable01_js/course:0000803360-19/node:00128103/kt:0/lname:/"
}
