{
    "date": "2025/04/01",
    "name": "協同住宅",
    "position": "-",
    "system": "町51",
    "destinations": [
        "中町三丁目(町田市)",
        "町田第一小学校入口",
        "町田駅"
    ],
    "weekday": [
        "5:53",
        "6:12",
        "6:25",
        "6:40",
        "6:55",
        "7:10",
        "7:23",
        "7:35",
        "7:47",
        "7:59",
        "8:15",
        "8:35",
        "8:53",
        "9:14",
        "9:34",
        "9:54",
        "10:14",
        "10:34",
        "10:54",
        "11:14",
        "11:34",
        "11:54",
        "12:14",
        "12:34",
        "12:54",
        "13:14",
        "13:34",
        "13:54",
        "14:14",
        "14:34",
        "14:54",
        "15:14",
        "15:34",
        "15:54",
        "16:14",
        "16:42",
        "17:02",
        "17:23",
        "17:43",
        "18:03",
        "18:18",
        "18:38",
        "18:58",
        "19:18",
        "19:38",
        "19:58",
        "20:16",
        "20:36",
        "20:56",
        "21:15",
        "21:35",
        "21:55",
        "22:15",
        "22:35",
        "22:55",
        "23:26"
    ],
    "saturday": [
        "6:45",
        "7:25",
        "7:58",
        "8:28",
        "8:58",
        "9:28",
        "9:52",
        "10:18",
        "10:58",
        "11:18",
        "11:38",
        "12:18",
        "12:58",
        "13:38",
        "14:18",
        "14:58",
        "15:38",
        "16:18",
        "16:58",
        "17:18",
        "17:48",
        "18:18",
        "18:50",
        "19:20",
        "19:50",
        "20:18",
        "20:48",
        "21:17",
        "21:47",
        "22:17"
    ],
    "holiday": [
        "6:45",
        "7:25",
        "7:55",
        "8:25",
        "8:55",
        "9:28",
        "9:52",
        "10:18",
        "10:58",
        "11:38",
        "12:18",
        "12:58",
        "13:38",
        "14:18",
        "14:58",
        "15:38",
        "16:18",
        "16:58",
        "17:43",
        "18:18",
        "18:50",
        "19:20",
        "19:50",
        "20:18",
        "20:48",
        "21:17",
        "21:47",
        "22:17"
    ],
    "url": "https://www.kanachu.co.jp/dia/diagram/timetable01_js/course:0000801938-12/node:00129461/kt:0/lname:/"
}
