{
    "date": "2025/03/15",
    "name": "寒川高校前(高座郡寒川町)",
    "position": "-",
    "system": "茅45",
    "destinations": [
        "寒川十字路",
        "景観寺",
        "寒川駅入口",
        "公民館入口(高座郡寒川町)",
        "岡田(高座郡寒川町)",
        "県営住宅前(高座郡寒川町)",
        "大蔵(高座郡寒川町)",
        "小谷(高座郡寒川町)"
    ],
    "weekday": [
        "6:56",
        "7:37",
        "8:07",
        "8:34",
        "9:39",
        "10:39",
        "11:39",
        "12:39",
        "13:39",
        "14:39",
        "15:39",
        "16:39",
        "17:19",
        "17:59",
        "18:39",
        "19:19",
        "19:59"
    ],
    "saturday": [
        "7:47",
        "8:43",
        "9:48",
        "10:51",
        "11:51",
        "12:51",
        "13:51",
        "14:51",
        "15:51",
        "16:51",
        "17:51",
        "18:51"
    ],
    "holiday": [
        "7:46",
        "8:42",
        "9:47",
        "10:51",
        "11:51",
        "12:51",
        "13:51",
        "14:51",
        "15:51",
        "16:51",
        "17:51",
        "18:49"
    ],
    "url": "https://www.kanachu.co.jp/dia/diagram/timetable01_js/course:0000800403-15/node:00127198/kt:0/lname:/"
}
