{
    "date": "2024/04/01",
    "name": "東海大学(平塚市)",
    "position": "-",
    "system": "秦40",
    "destinations": [
        "東海大学正門前",
        "土屋橋",
        "欠ノ上",
        "南平橋",
        "下大槻",
        "秦才橋",
        "なでしこ広場前",
        "室川橋",
        "河原町(秦野市)",
        "台町(秦野市)",
        "片町通り",
        "上宿通り",
        "大川橋(秦野市)",
        "まほろば大橋",
        "秦野駅"
    ],
    "weekday": [
        "6:19"
    ],
    "saturday": [],
    "holiday": [],
    "url": "https://www.kanachu.co.jp/dia/diagram/timetable01_js/course:0000803381-1/node:00127749/kt:0/lname:/"
}
