{
    "date": "2026/01/16",
    "name": "中平(厚木市)",
    "position": "-",
    "system": "厚79",
    "destinations": [
        "依知小学校前",
        "関口(厚木市)",
        "蓮生寺(厚木市)",
        "追分(厚木市)",
        "下依知入口",
        "金田神社前",
        "金田(厚木市)",
        "金田下宿",
        "積水ソフランウイズ前",
        "鮎津橋",
        "元町(厚木市)",
        "小田急通り",
        "厚木バスセンター"
    ],
    "weekday": [
        "6:29",
        "6:55",
        "11:07",
        "12:00",
        "13:17",
        "14:56",
        "16:16",
        "17:07",
        "17:47",
        "18:35",
        "19:30"
    ],
    "saturday": [
        "7:05",
        "8:41",
        "11:05",
        "12:06",
        "14:05",
        "15:05",
        "17:05",
        "18:07",
        "20:05"
    ],
    "holiday": [
        "8:40",
        "10:40",
        "11:40",
        "13:40",
        "14:40",
        "16:40",
        "17:41",
        "19:40"
    ],
    "url": "https://www.kanachu.co.jp/dia/diagram/timetable01_js/course:0000804280-10/node:00128354/kt:0/lname:/"
}
