{
    "date": "2026/01/16",
    "name": "関口(厚木市)",
    "position": "-",
    "system": "厚79",
    "destinations": [
        "蓮生寺(厚木市)",
        "追分(厚木市)",
        "下依知入口",
        "金田神社前",
        "金田(厚木市)",
        "金田下宿",
        "積水ソフランウイズ前",
        "鮎津橋",
        "元町(厚木市)",
        "小田急通り",
        "厚木バスセンター"
    ],
    "weekday": [
        "6:32",
        "6:58",
        "11:10",
        "12:03",
        "13:20",
        "14:59",
        "16:19",
        "17:11",
        "17:51",
        "18:39",
        "19:33"
    ],
    "saturday": [
        "7:08",
        "8:44",
        "11:08",
        "12:09",
        "14:08",
        "15:08",
        "17:08",
        "18:10",
        "20:08"
    ],
    "holiday": [
        "8:43",
        "10:43",
        "11:43",
        "13:43",
        "14:43",
        "16:43",
        "17:44",
        "19:43"
    ],
    "url": "https://www.kanachu.co.jp/dia/diagram/timetable01_js/course:0000804280-12/node:00128352/kt:0/lname:/"
}
