{
    "date": "2026/01/16",
    "name": "金田神社前",
    "position": "-",
    "system": "厚79",
    "destinations": [
        "金田(厚木市)",
        "金田下宿",
        "積水ソフランウイズ前",
        "鮎津橋",
        "元町(厚木市)",
        "小田急通り",
        "厚木バスセンター"
    ],
    "weekday": [
        "6:36",
        "7:04",
        "11:15",
        "12:08",
        "13:25",
        "15:04",
        "16:24",
        "17:16",
        "17:56",
        "18:44",
        "19:37"
    ],
    "saturday": [
        "7:12",
        "8:49",
        "11:12",
        "12:13",
        "14:12",
        "15:12",
        "17:12",
        "18:14",
        "20:12"
    ],
    "holiday": [
        "8:47",
        "10:47",
        "11:47",
        "13:47",
        "14:47",
        "16:47",
        "17:48",
        "19:47"
    ],
    "url": "https://www.kanachu.co.jp/dia/diagram/timetable01_js/course:0000804280-16/node:00128348/kt:0/lname:/"
}
