{
    "date": "2025/08/30",
    "name": "中永谷",
    "position": "-",
    "system": "上20",
    "destinations": [
        "水田(横浜市港南区)",
        "日限地蔵入口",
        "上永谷中学校前",
        "島越",
        "上永谷住宅入口",
        "南高校前(横浜市港南区)",
        "月見ヶ丘団地前",
        "室ノ木(横浜市港南区)",
        "港南区総合庁舎前",
        "笹下港南中央通り",
        "関の下",
        "上大岡駅"
    ],
    "weekday": [
        "7:26",
        "7:49",
        "8:23",
        "8:51",
        "9:21",
        "9:53",
        "10:21",
        "10:53",
        "11:53",
        "12:53",
        "13:23",
        "13:53",
        "14:23",
        "14:53",
        "15:23",
        "15:53",
        "16:23",
        "16:53",
        "17:23",
        "17:53",
        "18:23",
        "18:53",
        "19:33",
        "20:34",
        "21:34"
    ],
    "saturday": [
        "7:53",
        "8:53",
        "9:21",
        "9:53",
        "10:21",
        "10:53",
        "11:53",
        "12:53",
        "13:53",
        "14:53",
        "15:53",
        "16:24",
        "16:53",
        "17:23",
        "17:53",
        "18:23",
        "18:53",
        "19:23",
        "19:53",
        "21:02"
    ],
    "holiday": [
        "8:01",
        "8:53",
        "9:53",
        "10:53",
        "11:53",
        "12:53",
        "13:53",
        "14:53",
        "15:53",
        "16:53",
        "17:23",
        "17:53",
        "18:23",
        "18:53",
        "19:52",
        "20:52"
    ],
    "url": "https://www.kanachu.co.jp/dia/diagram/timetable01_js/course:0000803865-7/node:00102823/kt:0/lname:/"
}
