{
    "date": "2025/11/16",
    "name": "横丁",
    "position": "-",
    "system": "中53",
    "destinations": [
        "川井宿",
        "下宿(横浜市旭区)",
        "都岡町",
        "農協前(横浜市旭区)",
        "筑池",
        "今宿(横浜市旭区)",
        "今宿小学校入口",
        "鶴ヶ峰中学校前",
        "薬王寺入口",
        "鶴ヶ峰本町",
        "鶴ヶ峰駅"
    ],
    "weekday": [
        "5:50",
        "6:45",
        "7:26",
        "7:36",
        "8:41",
        "9:42",
        "10:47",
        "11:46",
        "12:48",
        "13:48",
        "14:48",
        "15:48",
        "16:49",
        "17:49",
        "18:48",
        "19:13",
        "19:48",
        "20:12",
        "20:42",
        "21:03",
        "21:43",
        "22:27"
    ],
    "saturday": [
        "8:08",
        "8:48",
        "9:41",
        "10:33",
        "11:33",
        "12:33",
        "13:33",
        "14:36",
        "15:33",
        "16:33",
        "17:37",
        "18:33",
        "18:58",
        "19:43",
        "20:28",
        "21:42"
    ],
    "holiday": [
        "7:28",
        "8:06",
        "8:48",
        "9:44",
        "10:33",
        "11:33",
        "12:33",
        "13:33",
        "14:33",
        "15:36",
        "16:36",
        "17:33",
        "18:33",
        "18:58",
        "19:48",
        "20:48",
        "21:42"
    ],
    "url": "https://www.kanachu.co.jp/dia/diagram/timetable01_js/course:0000802247-14/node:00126584/kt:0/lname:/"
}
