{
    "date": "2025/11/16",
    "name": "農協前(横浜市旭区)",
    "position": "-",
    "system": "中53",
    "destinations": [
        "筑池",
        "今宿(横浜市旭区)",
        "今宿小学校入口",
        "鶴ヶ峰中学校前",
        "薬王寺入口",
        "鶴ヶ峰本町",
        "鶴ヶ峰駅"
    ],
    "weekday": [
        "5:55",
        "6:50",
        "7:31",
        "7:41",
        "8:46",
        "9:47",
        "10:52",
        "11:51",
        "12:53",
        "13:53",
        "14:53",
        "15:53",
        "16:54",
        "17:54",
        "18:53",
        "19:18",
        "19:53",
        "20:17",
        "20:47",
        "21:08",
        "21:48",
        "22:32"
    ],
    "saturday": [
        "8:13",
        "8:53",
        "9:46",
        "10:38",
        "11:38",
        "12:38",
        "13:38",
        "14:41",
        "15:38",
        "16:38",
        "17:42",
        "18:38",
        "19:03",
        "19:48",
        "20:33",
        "21:47"
    ],
    "holiday": [
        "7:33",
        "8:11",
        "8:53",
        "9:49",
        "10:38",
        "11:38",
        "12:38",
        "13:38",
        "14:38",
        "15:41",
        "16:41",
        "17:38",
        "18:38",
        "19:03",
        "19:53",
        "20:53",
        "21:47"
    ],
    "url": "https://www.kanachu.co.jp/dia/diagram/timetable01_js/course:0000802247-18/node:00129714/kt:0/lname:/"
}
