{
    "date": "2025/08/04",
    "name": "橋本駅北口",
    "position": "-",
    "system": "橋14",
    "destinations": [
        "旭農協前",
        "旭小学校前(相模原市緑区)",
        "香福寺前",
        "上町(相模原市緑区)",
        "大西(相模原市緑区)",
        "相原台",
        "相原中央",
        "二本松(相模原市緑区)",
        "森の上",
        "東原宿",
        "原宿(相模原市緑区)",
        "城山総合事務所入口",
        "久保沢",
        "谷ヶ原",
        "都井沢",
        "城山高校前",
        "城山(相模原市緑区)"
    ],
    "weekday": [
        "19:45",
        "20:35",
        "22:55"
    ],
    "saturday": [],
    "holiday": [],
    "url": "https://www.kanachu.co.jp/dia/diagram/timetable01_js/course:0000800326-1/node:00128969/kt:0/lname:/"
}
