{
    "date": "2025/08/04",
    "name": "香福寺前",
    "position": "-",
    "system": "橋14",
    "destinations": [
        "上町(相模原市緑区)",
        "大西(相模原市緑区)",
        "相原台",
        "相原中央",
        "二本松(相模原市緑区)",
        "森の上",
        "東原宿",
        "原宿(相模原市緑区)",
        "城山総合事務所入口",
        "久保沢",
        "谷ヶ原",
        "都井沢",
        "城山高校前",
        "城山(相模原市緑区)"
    ],
    "weekday": [
        "19:46",
        "20:36",
        "22:56"
    ],
    "saturday": [],
    "holiday": [],
    "url": "https://www.kanachu.co.jp/dia/diagram/timetable01_js/course:0000800326-4/node:00020335/kt:0/lname:/"
}
