{
    "date": "2025/08/04",
    "name": "森の上",
    "position": "-",
    "system": "橋14",
    "destinations": [
        "東原宿",
        "原宿(相模原市緑区)",
        "城山総合事務所入口",
        "久保沢",
        "谷ヶ原",
        "都井沢",
        "城山高校前",
        "城山(相模原市緑区)"
    ],
    "weekday": [
        "19:53",
        "20:43",
        "23:03"
    ],
    "saturday": [],
    "holiday": [],
    "url": "https://www.kanachu.co.jp/dia/diagram/timetable01_js/course:0000800326-10/node:00128963/kt:0/lname:/"
}
