{
    "date": "2025/08/04",
    "name": "東原宿",
    "position": "-",
    "system": "橋14",
    "destinations": [
        "原宿(相模原市緑区)",
        "城山総合事務所入口",
        "久保沢",
        "谷ヶ原",
        "都井沢",
        "城山高校前",
        "城山(相模原市緑区)"
    ],
    "weekday": [
        "19:54",
        "20:44",
        "23:04"
    ],
    "saturday": [],
    "holiday": [],
    "url": "https://www.kanachu.co.jp/dia/diagram/timetable01_js/course:0000800326-11/node:00128962/kt:0/lname:/"
}
