{
    "date": "2024/03/16",
    "name": "横浜栄高校前",
    "position": "-",
    "system": "港84",
    "destinations": [
        "紅葉橋(横浜市栄区)",
        "上之",
        "上之中央",
        "犬山南",
        "犬山",
        "矢沢(横浜市栄区)",
        "桂山公園",
        "桂台中央",
        "北桂台"
    ],
    "weekday": [
        "11:21",
        "12:56",
        "13:51",
        "15:49",
        "20:16",
        "20:41"
    ],
    "saturday": [],
    "holiday": [],
    "url": "https://www.kanachu.co.jp/dia/diagram/timetable01_js/course:0000800823-4/node:00126608/kt:0/lname:/"
}
