{
    "date": "2024/03/16",
    "name": "上之中央",
    "position": "-",
    "system": "港84",
    "destinations": [
        "犬山南",
        "犬山",
        "矢沢(横浜市栄区)",
        "桂山公園",
        "桂台中央",
        "北桂台"
    ],
    "weekday": [
        "11:25",
        "13:00",
        "13:55",
        "15:53",
        "20:20",
        "20:45"
    ],
    "saturday": [],
    "holiday": [],
    "url": "https://www.kanachu.co.jp/dia/diagram/timetable01_js/course:0000800823-7/node:00126532/kt:0/lname:/"
}
