{
    "date": "2025/03/29",
    "name": "鶴川市民センター入口",
    "position": "-",
    "system": "鶴32",
    "destinations": [
        "大蔵(鶴川郵便局前/町田市)",
        "井の花",
        "岩子山",
        "下堤(町田市)",
        "五反田(町田市)",
        "サンシティ町田",
        "新屋敷(町田市)",
        "小野神社前(町田市)",
        "中宿(町田市)",
        "小野路",
        "浅間下(町田市)",
        "南野二丁目",
        "一本杉公園",
        "東京医療学院大学前",
        "落合中学校前(多摩市)",
        "青木葉公園",
        "東福寺前(多摩市)",
        "落合一丁目",
        "多摩センター駅"
    ],
    "weekday": [
        "5:53",
        "6:39",
        "7:09",
        "7:38",
        "8:11",
        "8:41",
        "9:08",
        "9:47",
        "10:47",
        "11:47",
        "12:47",
        "13:47",
        "14:47",
        "15:47",
        "16:47",
        "17:47",
        "18:47",
        "19:39",
        "20:39"
    ],
    "saturday": [
        "6:39",
        "7:23",
        "8:14",
        "8:54",
        "9:37",
        "10:25",
        "11:26",
        "12:25",
        "13:25",
        "14:25",
        "15:25",
        "16:25",
        "17:25",
        "18:25",
        "19:17",
        "20:17"
    ],
    "holiday": [
        "7:21",
        "8:17",
        "9:25",
        "10:25",
        "11:26",
        "12:25",
        "13:25",
        "14:25",
        "15:25",
        "16:25",
        "17:25",
        "18:25",
        "19:17",
        "20:17"
    ],
    "url": "https://www.kanachu.co.jp/dia/diagram/timetable01_js/course:0000803449-5/node:00129436/kt:0/lname:/"
}
