{
    "date": "2025/03/29",
    "name": "下堤(町田市)",
    "position": "-",
    "system": "鶴32",
    "destinations": [
        "五反田(町田市)",
        "サンシティ町田",
        "新屋敷(町田市)",
        "小野神社前(町田市)",
        "中宿(町田市)",
        "小野路",
        "浅間下(町田市)",
        "南野二丁目",
        "一本杉公園",
        "東京医療学院大学前",
        "落合中学校前(多摩市)",
        "青木葉公園",
        "東福寺前(多摩市)",
        "落合一丁目",
        "多摩センター駅"
    ],
    "weekday": [
        "5:58",
        "6:44",
        "7:14",
        "7:43",
        "8:16",
        "8:46",
        "9:13",
        "9:52",
        "10:52",
        "11:52",
        "12:52",
        "13:52",
        "14:52",
        "15:52",
        "16:52",
        "17:52",
        "18:52",
        "19:44",
        "20:44"
    ],
    "saturday": [
        "6:44",
        "7:28",
        "8:19",
        "8:59",
        "9:42",
        "10:30",
        "11:31",
        "12:30",
        "13:30",
        "14:30",
        "15:30",
        "16:30",
        "17:30",
        "18:30",
        "19:22",
        "20:22"
    ],
    "holiday": [
        "7:26",
        "8:22",
        "9:30",
        "10:30",
        "11:31",
        "12:30",
        "13:30",
        "14:30",
        "15:30",
        "16:30",
        "17:30",
        "18:30",
        "19:22",
        "20:22"
    ],
    "url": "https://www.kanachu.co.jp/dia/diagram/timetable01_js/course:0000803449-9/node:00129475/kt:0/lname:/"
}
