{
    "date": "2025/03/29",
    "name": "五反田(町田市)",
    "position": "-",
    "system": "鶴32",
    "destinations": [
        "サンシティ町田",
        "新屋敷(町田市)",
        "小野神社前(町田市)",
        "中宿(町田市)",
        "小野路",
        "浅間下(町田市)",
        "南野二丁目",
        "一本杉公園",
        "東京医療学院大学前",
        "落合中学校前(多摩市)",
        "青木葉公園",
        "東福寺前(多摩市)",
        "落合一丁目",
        "多摩センター駅"
    ],
    "weekday": [
        "5:59",
        "6:45",
        "7:15",
        "7:46",
        "8:19",
        "8:49",
        "9:16",
        "9:55",
        "10:55",
        "11:55",
        "12:55",
        "13:55",
        "14:55",
        "15:55",
        "16:55",
        "17:55",
        "18:55",
        "19:45",
        "20:45"
    ],
    "saturday": [
        "6:45",
        "7:29",
        "8:20",
        "9:00",
        "9:45",
        "10:33",
        "11:34",
        "12:33",
        "13:33",
        "14:33",
        "15:33",
        "16:33",
        "17:33",
        "18:31",
        "19:23",
        "20:23"
    ],
    "holiday": [
        "7:27",
        "8:23",
        "9:31",
        "10:33",
        "11:34",
        "12:33",
        "13:33",
        "14:33",
        "15:33",
        "16:33",
        "17:33",
        "18:31",
        "19:23",
        "20:23"
    ],
    "url": "https://www.kanachu.co.jp/dia/diagram/timetable01_js/course:0000803449-10/node:00129476/kt:0/lname:/"
}
