{
    "date": "2025/03/29",
    "name": "中宿(町田市)",
    "position": "-",
    "system": "鶴32",
    "destinations": [
        "小野路",
        "浅間下(町田市)",
        "南野二丁目",
        "一本杉公園",
        "東京医療学院大学前",
        "落合中学校前(多摩市)",
        "青木葉公園",
        "東福寺前(多摩市)",
        "落合一丁目",
        "多摩センター駅"
    ],
    "weekday": [
        "6:03",
        "6:49",
        "7:19",
        "7:50",
        "8:23",
        "8:53",
        "9:20",
        "9:59",
        "10:59",
        "11:59",
        "12:59",
        "13:59",
        "14:59",
        "15:59",
        "16:59",
        "17:59",
        "18:59",
        "19:49",
        "20:49"
    ],
    "saturday": [
        "6:49",
        "7:33",
        "8:24",
        "9:04",
        "9:49",
        "10:37",
        "11:38",
        "12:37",
        "13:37",
        "14:37",
        "15:37",
        "16:37",
        "17:37",
        "18:35",
        "19:27",
        "20:27"
    ],
    "holiday": [
        "7:31",
        "8:27",
        "9:35",
        "10:37",
        "11:38",
        "12:37",
        "13:37",
        "14:37",
        "15:37",
        "16:37",
        "17:37",
        "18:35",
        "19:27",
        "20:27"
    ],
    "url": "https://www.kanachu.co.jp/dia/diagram/timetable01_js/course:0000803449-14/node:00130078/kt:0/lname:/"
}
