{
    "date": "2025/03/29",
    "name": "小野路",
    "position": "-",
    "system": "鶴32",
    "destinations": [
        "浅間下(町田市)",
        "南野二丁目",
        "一本杉公園",
        "東京医療学院大学前",
        "落合中学校前(多摩市)",
        "青木葉公園",
        "東福寺前(多摩市)",
        "落合一丁目",
        "多摩センター駅"
    ],
    "weekday": [
        "6:04",
        "6:50",
        "7:20",
        "7:51",
        "8:24",
        "8:54",
        "9:21",
        "10:00",
        "11:00",
        "12:00",
        "13:00",
        "14:00",
        "15:00",
        "16:00",
        "17:00",
        "18:00",
        "19:00",
        "19:50",
        "20:50"
    ],
    "saturday": [
        "6:50",
        "7:34",
        "8:25",
        "9:05",
        "9:50",
        "10:38",
        "11:39",
        "12:38",
        "13:38",
        "14:38",
        "15:38",
        "16:38",
        "17:38",
        "18:36",
        "19:28",
        "20:28"
    ],
    "holiday": [
        "7:32",
        "8:28",
        "9:36",
        "10:38",
        "11:39",
        "12:38",
        "13:38",
        "14:38",
        "15:38",
        "16:38",
        "17:38",
        "18:36",
        "19:28",
        "20:28"
    ],
    "url": "https://www.kanachu.co.jp/dia/diagram/timetable01_js/course:0000803449-15/node:00130077/kt:0/lname:/"
}
