{
    "date": "2025/03/29",
    "name": "南野二丁目",
    "position": "-",
    "system": "鶴32",
    "destinations": [
        "一本杉公園",
        "東京医療学院大学前",
        "落合中学校前(多摩市)",
        "青木葉公園",
        "東福寺前(多摩市)",
        "落合一丁目",
        "多摩センター駅"
    ],
    "weekday": [
        "6:07",
        "6:53",
        "7:23",
        "7:55",
        "8:28",
        "8:58",
        "9:25",
        "10:04",
        "11:04",
        "12:04",
        "13:04",
        "14:04",
        "15:04",
        "16:04",
        "17:04",
        "18:04",
        "19:04",
        "19:53",
        "20:53"
    ],
    "saturday": [
        "6:53",
        "7:37",
        "8:28",
        "9:08",
        "9:54",
        "10:42",
        "11:43",
        "12:42",
        "13:42",
        "14:42",
        "15:42",
        "16:42",
        "17:42",
        "18:39",
        "19:31",
        "20:31"
    ],
    "holiday": [
        "7:35",
        "8:31",
        "9:39",
        "10:42",
        "11:43",
        "12:42",
        "13:42",
        "14:42",
        "15:42",
        "16:42",
        "17:42",
        "18:39",
        "19:31",
        "20:31"
    ],
    "url": "https://www.kanachu.co.jp/dia/diagram/timetable01_js/course:0000803449-17/node:00130075/kt:0/lname:/"
}
