{
    "date": "2025/03/29",
    "name": "落合中学校前(多摩市)",
    "position": "-",
    "system": "鶴32",
    "destinations": [
        "青木葉公園",
        "東福寺前(多摩市)",
        "落合一丁目",
        "多摩センター駅"
    ],
    "weekday": [
        "6:11",
        "6:57",
        "7:27",
        "8:01",
        "8:34",
        "9:04",
        "9:31",
        "10:10",
        "11:10",
        "12:10",
        "13:10",
        "14:10",
        "15:10",
        "16:10",
        "17:10",
        "18:10",
        "19:10",
        "19:57",
        "20:57"
    ],
    "saturday": [
        "6:56",
        "7:40",
        "8:31",
        "9:11",
        "10:00",
        "10:48",
        "11:49",
        "12:48",
        "13:48",
        "14:48",
        "15:48",
        "16:48",
        "17:48",
        "18:42",
        "19:34",
        "20:34"
    ],
    "holiday": [
        "7:38",
        "8:34",
        "9:42",
        "10:47",
        "11:48",
        "12:47",
        "13:47",
        "14:47",
        "15:47",
        "16:47",
        "17:47",
        "18:42",
        "19:34",
        "20:34"
    ],
    "url": "https://www.kanachu.co.jp/dia/diagram/timetable01_js/course:0000803449-20/node:00021026/kt:0/lname:/"
}
