{
    "date": "2025/03/29",
    "name": "東福寺前(多摩市)",
    "position": "-",
    "system": "鶴32",
    "destinations": [
        "落合一丁目",
        "多摩センター駅"
    ],
    "weekday": [
        "6:13",
        "6:59",
        "7:29",
        "8:03",
        "8:36",
        "9:06",
        "9:33",
        "10:12",
        "11:12",
        "12:12",
        "13:12",
        "14:12",
        "15:12",
        "16:12",
        "17:12",
        "18:12",
        "19:12",
        "19:59",
        "20:59"
    ],
    "saturday": [
        "6:58",
        "7:42",
        "8:33",
        "9:13",
        "10:02",
        "10:50",
        "11:51",
        "12:50",
        "13:50",
        "14:50",
        "15:50",
        "16:50",
        "17:50",
        "18:44",
        "19:36",
        "20:36"
    ],
    "holiday": [
        "7:40",
        "8:36",
        "9:44",
        "10:49",
        "11:50",
        "12:49",
        "13:49",
        "14:49",
        "15:49",
        "16:49",
        "17:49",
        "18:44",
        "19:36",
        "20:36"
    ],
    "url": "https://www.kanachu.co.jp/dia/diagram/timetable01_js/course:0000803449-22/node:00021022/kt:0/lname:/"
}
