{
    "date": "2025/03/15",
    "name": "鶴嶺小学校前",
    "position": "-",
    "system": "茅55",
    "destinations": [
        "登象",
        "肥地力",
        "保健所前(茅ケ崎市)",
        "ジャスコ前(茅ケ崎市)",
        "市民文化会館前(茅ケ崎市)",
        "茅ヶ崎駅"
    ],
    "weekday": [
        "6:26",
        "6:42",
        "7:06"
    ],
    "saturday": [],
    "holiday": [],
    "url": "https://www.kanachu.co.jp/dia/diagram/timetable01_js/course:0000803683-8/node:00127200/kt:0/lname:/"
}
