{
    "date": "2026/01/16",
    "name": "工業団地入口(平塚市)",
    "position": "-",
    "system": "平07",
    "destinations": [
        "馬入ふれあい公園入口",
        "長瀞",
        "馬入境",
        "古河電工前(平塚市)",
        "関西ペイント前(平塚市)",
        "工業団地(平塚市)",
        "全農前",
        "小松前",
        "小松電子前",
        "東八幡工業団地",
        "東八幡五丁目",
        "不動ケミカル前"
    ],
    "weekday": [
        "9:07",
        "9:42"
    ],
    "saturday": [
        "19:15"
    ],
    "holiday": [
        "19:15"
    ],
    "url": "https://www.kanachu.co.jp/dia/diagram/timetable01_js/course:0000803962-6/node:00127679/kt:0/lname:/"
}
