{
    "date": "2026/01/16",
    "name": "古河電工前(平塚市)",
    "position": "-",
    "system": "平07",
    "destinations": [
        "関西ペイント前(平塚市)",
        "工業団地(平塚市)",
        "全農前",
        "小松前",
        "小松電子前",
        "東八幡工業団地",
        "東八幡五丁目",
        "不動ケミカル前"
    ],
    "weekday": [
        "9:10",
        "9:45"
    ],
    "saturday": [
        "19:18"
    ],
    "holiday": [
        "19:18"
    ],
    "url": "https://www.kanachu.co.jp/dia/diagram/timetable01_js/course:0000803962-10/node:00127671/kt:0/lname:/"
}
