{
    "date": "2020/11/16",
    "name": "三ツ境駅北口",
    "position": "-",
    "system": "境30",
    "destinations": [
        "瀬谷警察入口",
        "中丸(横浜市瀬谷区)",
        "上橋(横浜市瀬谷区)",
        "相沢原",
        "相沢",
        "幼稚園前(横浜市瀬谷区)",
        "東台(横浜市瀬谷区)",
        "細谷戸第1",
        "細谷戸第2",
        "細谷戸第3",
        "細谷戸第4",
        "細谷戸第5"
    ],
    "weekday": [
        "11:30",
        "12:30",
        "13:35",
        "14:27",
        "15:25",
        "16:10"
    ],
    "saturday": [],
    "holiday": [],
    "url": "https://www.kanachu.co.jp/dia/diagram/timetable01_js/course:0000800869-1/node:00129664/kt:0/lname:/"
}
