{
    "date": "2020/11/16",
    "name": "上橋(横浜市瀬谷区)",
    "position": "-",
    "system": "境30",
    "destinations": [
        "相沢原",
        "相沢",
        "幼稚園前(横浜市瀬谷区)",
        "東台(横浜市瀬谷区)",
        "細谷戸第1",
        "細谷戸第2",
        "細谷戸第3",
        "細谷戸第4",
        "細谷戸第5"
    ],
    "weekday": [
        "11:32",
        "12:32",
        "13:37",
        "14:29",
        "15:27",
        "16:12"
    ],
    "saturday": [],
    "holiday": [],
    "url": "https://www.kanachu.co.jp/dia/diagram/timetable01_js/course:0000800869-4/node:00129661/kt:0/lname:/"
}
