{
    "date": "2020/11/16",
    "name": "相沢原",
    "position": "-",
    "system": "境30",
    "destinations": [
        "相沢",
        "幼稚園前(横浜市瀬谷区)",
        "東台(横浜市瀬谷区)",
        "細谷戸第1",
        "細谷戸第2",
        "細谷戸第3",
        "細谷戸第4",
        "細谷戸第5"
    ],
    "weekday": [
        "11:33",
        "12:33",
        "13:38",
        "14:30",
        "15:28",
        "16:13"
    ],
    "saturday": [],
    "holiday": [],
    "url": "https://www.kanachu.co.jp/dia/diagram/timetable01_js/course:0000800869-5/node:00126688/kt:0/lname:/"
}
