{
    "date": "2020/11/16",
    "name": "相沢",
    "position": "-",
    "system": "境30",
    "destinations": [
        "幼稚園前(横浜市瀬谷区)",
        "東台(横浜市瀬谷区)",
        "細谷戸第1",
        "細谷戸第2",
        "細谷戸第3",
        "細谷戸第4",
        "細谷戸第5"
    ],
    "weekday": [
        "11:35",
        "12:35",
        "13:40",
        "14:32",
        "15:30",
        "16:15"
    ],
    "saturday": [],
    "holiday": [],
    "url": "https://www.kanachu.co.jp/dia/diagram/timetable01_js/course:0000800869-6/node:00126689/kt:0/lname:/"
}
