{
    "date": "2020/11/16",
    "name": "細谷戸第2",
    "position": "-",
    "system": "境30",
    "destinations": [
        "細谷戸第3",
        "細谷戸第4",
        "細谷戸第5"
    ],
    "weekday": [
        "11:39",
        "12:39",
        "13:44",
        "14:36",
        "15:34",
        "16:19"
    ],
    "saturday": [],
    "holiday": [],
    "url": "https://www.kanachu.co.jp/dia/diagram/timetable01_js/course:0000800869-10/node:00129788/kt:0/lname:/"
}
