{
    "date": "2026/01/16",
    "name": "大川橋(秦野市)",
    "position": "-",
    "system": "秦54",
    "destinations": [
        "上宿通り",
        "大道(秦野市)",
        "上大道",
        "宮前(秦野市)",
        "宮上(秦野市)",
        "榎木堂",
        "六反地",
        "田原入口",
        "羽根入口",
        "三屋入口",
        "戸川入口西",
        "戸川工業団地",
        "戸川台",
        "桜土手古墳公園",
        "テクノパーク",
        "桜土手(秦野市)",
        "堀川小学校前(秦野市)",
        "渋沢駅北口"
    ],
    "weekday": [
        "6:06",
        "6:51",
        "7:21",
        "7:46",
        "8:08",
        "12:56",
        "17:00"
    ],
    "saturday": [],
    "holiday": [],
    "url": "https://www.kanachu.co.jp/dia/diagram/timetable01_js/course:0000803984-2/node:00127716/kt:0/lname:/"
}
