{
    "date": "2026/01/16",
    "name": "桜土手古墳公園",
    "position": "-",
    "system": "秦54",
    "destinations": [
        "テクノパーク",
        "桜土手(秦野市)",
        "堀川小学校前(秦野市)",
        "渋沢駅北口"
    ],
    "weekday": [
        "6:23",
        "7:08",
        "7:41",
        "8:06",
        "8:28",
        "13:13",
        "17:19"
    ],
    "saturday": [],
    "holiday": [],
    "url": "https://www.kanachu.co.jp/dia/diagram/timetable01_js/course:0000803984-16/node:00130349/kt:0/lname:/"
}
