{
    "date": "2025/03/15",
    "name": "小糸",
    "position": "-",
    "system": "辻23",
    "destinations": [
        "辻堂駅北口"
    ],
    "weekday": [
        "6:34",
        "6:45",
        "6:58",
        "7:07",
        "7:22",
        "7:31",
        "7:42",
        "7:51",
        "8:09",
        "8:22",
        "8:34",
        "8:44",
        "18:44"
    ],
    "saturday": [],
    "holiday": [],
    "url": "https://www.kanachu.co.jp/dia/diagram/timetable01_js/course:0000802700-7/node:00129941/kt:0/lname:/"
}
