{
    "date": "2025/08/30",
    "name": "公務員住宅中央",
    "position": "-",
    "system": "上31",
    "destinations": [
        "日野サザンポート前",
        "日野ヶ丘中央",
        "日野ヶ丘東",
        "シティクレスト前",
        "下車ヶ谷",
        "吉原前",
        "吉原下根",
        "吉原(横浜市港南区)",
        "港南区総合庁舎前",
        "笹下港南中央通り",
        "関の下",
        "上大岡駅"
    ],
    "weekday": [
        "6:05",
        "6:33",
        "7:08",
        "10:02",
        "12:37"
    ],
    "saturday": [
        "6:39",
        "9:45",
        "18:55"
    ],
    "holiday": [
        "6:39",
        "9:45"
    ],
    "url": "https://www.kanachu.co.jp/dia/diagram/timetable01_js/course:0000803859-3/node:00126772/kt:0/lname:/"
}
