{
    "date": "2025/08/30",
    "name": "吉原下根",
    "position": "-",
    "system": "上31",
    "destinations": [
        "吉原(横浜市港南区)",
        "港南区総合庁舎前",
        "笹下港南中央通り",
        "関の下",
        "上大岡駅"
    ],
    "weekday": [
        "6:13",
        "6:41",
        "7:16",
        "10:10",
        "12:45"
    ],
    "saturday": [
        "6:47",
        "9:53",
        "19:03"
    ],
    "holiday": [
        "6:47",
        "9:53"
    ],
    "url": "https://www.kanachu.co.jp/dia/diagram/timetable01_js/course:0000803859-10/node:00126774/kt:0/lname:/"
}
