{
    "date": "2025/08/30",
    "name": "吉野町一丁目",
    "position": "-",
    "system": "戸03",
    "destinations": [
        "阪東橋",
        "横浜橋",
        "曙町(横浜市中区)",
        "長者町五丁目",
        "羽衣町(横浜市中区)",
        "尾上町(横浜市中区)",
        "本町四丁目(横浜市中区)",
        "県庁入口"
    ],
    "weekday": [
        "6:15"
    ],
    "saturday": [
        "6:14"
    ],
    "holiday": [],
    "url": "https://www.kanachu.co.jp/dia/diagram/timetable01_js/course:0000803405-27/node:00103232/kt:0/lname:/"
}
