{
    "date": "2025/08/30",
    "name": "曙町(横浜市中区)",
    "position": "-",
    "system": "戸03",
    "destinations": [
        "長者町五丁目",
        "羽衣町(横浜市中区)",
        "尾上町(横浜市中区)",
        "本町四丁目(横浜市中区)",
        "県庁入口"
    ],
    "weekday": [
        "6:18"
    ],
    "saturday": [
        "6:17"
    ],
    "holiday": [],
    "url": "https://www.kanachu.co.jp/dia/diagram/timetable01_js/course:0000803405-30/node:00102204/kt:0/lname:/"
}
