{
    "date": "2025/11/16",
    "name": "二宮駅南口",
    "position": "-",
    "system": "平32",
    "destinations": [
        "秦野道",
        "塩海橋",
        "下町(中郡二宮町)",
        "変電所前(中郡大磯町)",
        "槇の木",
        "国府新宿",
        "天の杜",
        "月京",
        "おおいそ学園入口",
        "西生沢",
        "生沢",
        "普門寺入口",
        "寺坂宮前",
        "王福寺",
        "上寺坂",
        "境橋(中郡大磯町)",
        "弁天通り(平塚市)",
        "松岩寺",
        "中沢橋",
        "長久保(平塚市)",
        "公所(平塚市)",
        "堀の内(平塚市)",
        "大町(平塚市)",
        "坂間",
        "河内(平塚市)",
        "徳延",
        "徳延神社前",
        "南原土手",
        "南原(平塚市)",
        "向原(平塚市)",
        "江南高校前",
        "追分(平塚市)",
        "立野町(平塚市)",
        "横浜ゴム前",
        "市役所前(ゴム前/平塚市)",
        "四ツ角(平塚市)",
        "平塚駅北口"
    ],
    "weekday": [
        "6:50",
        "7:44",
        "8:33",
        "9:10",
        "10:10",
        "11:10",
        "12:10",
        "13:10",
        "14:10",
        "15:10",
        "16:10",
        "17:15",
        "18:14"
    ],
    "saturday": [
        "8:00",
        "9:05",
        "10:05",
        "11:05",
        "12:05",
        "13:05",
        "14:05",
        "15:05",
        "16:05",
        "17:10",
        "18:15"
    ],
    "holiday": [
        "8:00",
        "9:05",
        "10:05",
        "11:05",
        "12:05",
        "13:05",
        "14:05",
        "15:05",
        "16:05",
        "17:10",
        "18:15"
    ],
    "url": "https://www.kanachu.co.jp/dia/diagram/timetable01_js/course:0000802272-1/node:00127489/kt:0/lname:/"
}
