{
    "date": "2025/11/16",
    "name": "下町(中郡二宮町)",
    "position": "-",
    "system": "平32",
    "destinations": [
        "変電所前(中郡大磯町)",
        "槇の木",
        "国府新宿",
        "天の杜",
        "月京",
        "おおいそ学園入口",
        "西生沢",
        "生沢",
        "普門寺入口",
        "寺坂宮前",
        "王福寺",
        "上寺坂",
        "境橋(中郡大磯町)",
        "弁天通り(平塚市)",
        "松岩寺",
        "中沢橋",
        "長久保(平塚市)",
        "公所(平塚市)",
        "堀の内(平塚市)",
        "大町(平塚市)",
        "坂間",
        "河内(平塚市)",
        "徳延",
        "徳延神社前",
        "南原土手",
        "南原(平塚市)",
        "向原(平塚市)",
        "江南高校前",
        "追分(平塚市)",
        "立野町(平塚市)",
        "横浜ゴム前",
        "市役所前(ゴム前/平塚市)",
        "四ツ角(平塚市)",
        "平塚駅北口"
    ],
    "weekday": [
        "6:51",
        "7:45",
        "8:34",
        "9:11",
        "10:11",
        "11:11",
        "12:11",
        "13:11",
        "14:11",
        "15:11",
        "16:11",
        "17:16",
        "18:15"
    ],
    "saturday": [
        "8:01",
        "9:06",
        "10:06",
        "11:06",
        "12:06",
        "13:06",
        "14:06",
        "15:06",
        "16:06",
        "17:11",
        "18:16"
    ],
    "holiday": [
        "8:01",
        "9:06",
        "10:06",
        "11:06",
        "12:06",
        "13:06",
        "14:06",
        "15:06",
        "16:06",
        "17:11",
        "18:16"
    ],
    "url": "https://www.kanachu.co.jp/dia/diagram/timetable01_js/course:0000802272-4/node:00127486/kt:0/lname:/"
}
