{
    "date": "2025/11/16",
    "name": "変電所前(中郡大磯町)",
    "position": "-",
    "system": "平32",
    "destinations": [
        "槇の木",
        "国府新宿",
        "天の杜",
        "月京",
        "おおいそ学園入口",
        "西生沢",
        "生沢",
        "普門寺入口",
        "寺坂宮前",
        "王福寺",
        "上寺坂",
        "境橋(中郡大磯町)",
        "弁天通り(平塚市)",
        "松岩寺",
        "中沢橋",
        "長久保(平塚市)",
        "公所(平塚市)",
        "堀の内(平塚市)",
        "大町(平塚市)",
        "坂間",
        "河内(平塚市)",
        "徳延",
        "徳延神社前",
        "南原土手",
        "南原(平塚市)",
        "向原(平塚市)",
        "江南高校前",
        "追分(平塚市)",
        "立野町(平塚市)",
        "横浜ゴム前",
        "市役所前(ゴム前/平塚市)",
        "四ツ角(平塚市)",
        "平塚駅北口"
    ],
    "weekday": [
        "6:52",
        "7:46",
        "8:35",
        "9:12",
        "10:12",
        "11:12",
        "12:12",
        "13:12",
        "14:12",
        "15:12",
        "16:12",
        "17:17",
        "18:16"
    ],
    "saturday": [
        "8:02",
        "9:07",
        "10:07",
        "11:07",
        "12:07",
        "13:07",
        "14:07",
        "15:07",
        "16:07",
        "17:12",
        "18:17"
    ],
    "holiday": [
        "8:02",
        "9:07",
        "10:07",
        "11:07",
        "12:07",
        "13:07",
        "14:07",
        "15:07",
        "16:07",
        "17:12",
        "18:17"
    ],
    "url": "https://www.kanachu.co.jp/dia/diagram/timetable01_js/course:0000802272-5/node:00127485/kt:0/lname:/"
}
