{
    "date": "2025/11/16",
    "name": "堀の内(平塚市)",
    "position": "-",
    "system": "平32",
    "destinations": [
        "大町(平塚市)",
        "坂間",
        "河内(平塚市)",
        "徳延",
        "徳延神社前",
        "南原土手",
        "南原(平塚市)",
        "向原(平塚市)",
        "江南高校前",
        "追分(平塚市)",
        "立野町(平塚市)",
        "横浜ゴム前",
        "市役所前(ゴム前/平塚市)",
        "四ツ角(平塚市)",
        "平塚駅北口"
    ],
    "weekday": [
        "7:13",
        "8:07",
        "8:56",
        "9:32",
        "10:32",
        "11:32",
        "12:32",
        "13:32",
        "14:32",
        "15:32",
        "16:32",
        "17:37",
        "18:36"
    ],
    "saturday": [
        "8:22",
        "9:27",
        "10:27",
        "11:27",
        "12:27",
        "13:27",
        "14:27",
        "15:27",
        "16:27",
        "17:32",
        "18:37"
    ],
    "holiday": [
        "8:22",
        "9:27",
        "10:27",
        "11:27",
        "12:27",
        "13:27",
        "14:27",
        "15:27",
        "16:27",
        "17:32",
        "18:37"
    ],
    "url": "https://www.kanachu.co.jp/dia/diagram/timetable01_js/course:0000802272-23/node:00127566/kt:0/lname:/"
}
