{
    "date": "2025/11/16",
    "name": "徳延",
    "position": "-",
    "system": "平32",
    "destinations": [
        "徳延神社前",
        "南原土手",
        "南原(平塚市)",
        "向原(平塚市)",
        "江南高校前",
        "追分(平塚市)",
        "立野町(平塚市)",
        "横浜ゴム前",
        "市役所前(ゴム前/平塚市)",
        "四ツ角(平塚市)",
        "平塚駅北口"
    ],
    "weekday": [
        "7:19",
        "8:13",
        "9:02",
        "9:37",
        "10:37",
        "11:37",
        "12:37",
        "13:37",
        "14:37",
        "15:37",
        "16:37",
        "17:42",
        "18:41"
    ],
    "saturday": [
        "8:27",
        "9:32",
        "10:32",
        "11:32",
        "12:32",
        "13:32",
        "14:32",
        "15:32",
        "16:32",
        "17:37",
        "18:42"
    ],
    "holiday": [
        "8:27",
        "9:32",
        "10:32",
        "11:32",
        "12:32",
        "13:32",
        "14:32",
        "15:32",
        "16:32",
        "17:37",
        "18:42"
    ],
    "url": "https://www.kanachu.co.jp/dia/diagram/timetable01_js/course:0000802272-27/node:00127562/kt:0/lname:/"
}
