{
    "date": "2025/11/16",
    "name": "横浜ゴム前",
    "position": "-",
    "system": "平32",
    "destinations": [
        "市役所前(ゴム前/平塚市)",
        "四ツ角(平塚市)",
        "平塚駅北口"
    ],
    "weekday": [
        "7:32",
        "8:26",
        "9:12",
        "9:47",
        "10:47",
        "11:47",
        "12:47",
        "13:47",
        "14:47",
        "15:47",
        "16:48",
        "17:53",
        "18:52"
    ],
    "saturday": [
        "8:37",
        "9:43",
        "10:43",
        "11:43",
        "12:43",
        "13:43",
        "14:43",
        "15:43",
        "16:43",
        "17:48",
        "18:53"
    ],
    "holiday": [
        "8:37",
        "9:43",
        "10:43",
        "11:43",
        "12:43",
        "13:43",
        "14:43",
        "15:43",
        "16:43",
        "17:48",
        "18:53"
    ],
    "url": "https://www.kanachu.co.jp/dia/diagram/timetable01_js/course:0000802272-35/node:00127554/kt:0/lname:/"
}
