{
    "date": "2025/11/16",
    "name": "市役所前(ゴム前/平塚市)",
    "position": "-",
    "system": "平32",
    "destinations": [
        "四ツ角(平塚市)",
        "平塚駅北口"
    ],
    "weekday": [
        "7:34",
        "8:28",
        "9:13",
        "9:48",
        "10:48",
        "11:48",
        "12:48",
        "13:48",
        "14:48",
        "15:48",
        "16:50",
        "17:55",
        "18:54"
    ],
    "saturday": [
        "8:38",
        "9:45",
        "10:45",
        "11:45",
        "12:45",
        "13:45",
        "14:45",
        "15:45",
        "16:45",
        "17:50",
        "18:55"
    ],
    "holiday": [
        "8:38",
        "9:45",
        "10:45",
        "11:45",
        "12:45",
        "13:45",
        "14:45",
        "15:45",
        "16:45",
        "17:50",
        "18:55"
    ],
    "url": "https://www.kanachu.co.jp/dia/diagram/timetable01_js/course:0000802272-36/node:00127553/kt:0/lname:/"
}
