{
    "date": "2025/11/16",
    "name": "四ツ角(平塚市)",
    "position": "-",
    "system": "平32",
    "destinations": [
        "平塚駅北口"
    ],
    "weekday": [
        "7:37",
        "8:31",
        "9:15",
        "9:50",
        "10:50",
        "11:50",
        "12:50",
        "13:50",
        "14:50",
        "15:50",
        "16:53",
        "17:58",
        "18:57"
    ],
    "saturday": [
        "8:40",
        "9:47",
        "10:47",
        "11:47",
        "12:47",
        "13:47",
        "14:47",
        "15:47",
        "16:48",
        "17:53",
        "18:58"
    ],
    "holiday": [
        "8:40",
        "9:47",
        "10:47",
        "11:47",
        "12:47",
        "13:47",
        "14:47",
        "15:47",
        "16:48",
        "17:53",
        "18:58"
    ],
    "url": "https://www.kanachu.co.jp/dia/diagram/timetable01_js/course:0000802272-37/node:00127190/kt:0/lname:/"
}
