{
    "date": "2026/01/16",
    "name": "金沢八景駅",
    "position": "-",
    "system": "船08",
    "destinations": [
        "金沢八景",
        "六浦橋",
        "上行寺",
        "六浦",
        "大道小学校前",
        "大道(横浜市金沢区)",
        "西大道",
        "住宅前(横浜市金沢区)",
        "大道中学校前",
        "朝比奈",
        "相武隧道",
        "隧道東口",
        "横浜霊園前",
        "森の家前",
        "上郷(横浜市栄区)",
        "長倉町",
        "八軒谷戸",
        "中島(横浜市栄区)",
        "光明寺(横浜市栄区)",
        "紅葉橋(横浜市栄区)",
        "本郷車庫前(横浜市栄区)",
        "山手学院入口",
        "稲荷森",
        "中野町",
        "本郷(横浜市栄区)",
        "本郷小学校前",
        "南河内(横浜市栄区)",
        "天神橋(横浜市栄区)",
        "栄警察署前",
        "公田",
        "鎌倉女子大前",
        "平島(鎌倉市)",
        "笠間十字路",
        "笠間町",
        "岩井口",
        "大船駅(横浜市栄区)"
    ],
    "weekday": [
        "6:24",
        "6:37",
        "6:56",
        "7:13",
        "7:32",
        "7:53",
        "8:16",
        "8:33",
        "8:56",
        "9:15",
        "9:36",
        "9:56",
        "10:27",
        "10:57",
        "11:27",
        "11:57",
        "12:27",
        "12:57",
        "13:27",
        "13:57",
        "14:27",
        "14:57",
        "15:27",
        "15:57",
        "16:27",
        "16:57",
        "17:27",
        "17:57",
        "18:27",
        "18:57",
        "19:27",
        "20:00",
        "20:39",
        "21:09",
        "21:39",
        "22:19"
    ],
    "saturday": [
        "6:39",
        "7:19",
        "7:49",
        "8:19",
        "8:52",
        "9:25",
        "10:03",
        "10:45",
        "11:27",
        "12:07",
        "12:47",
        "13:27",
        "14:07",
        "14:47",
        "15:27",
        "16:07",
        "16:47",
        "17:27",
        "18:07",
        "18:47",
        "19:14",
        "20:14",
        "21:24"
    ],
    "holiday": [
        "6:39",
        "7:19",
        "7:49",
        "8:19",
        "8:52",
        "9:25",
        "10:03",
        "10:45",
        "11:27",
        "12:07",
        "12:47",
        "13:27",
        "14:07",
        "14:47",
        "15:27",
        "16:07",
        "16:47",
        "17:27",
        "18:07",
        "18:47",
        "19:14",
        "20:14",
        "21:24"
    ],
    "url": "https://www.kanachu.co.jp/dia/diagram/timetable01_js/course:0000804237-1/node:00113597/kt:0/lname:/"
}
