{
    "date": "2026/01/16",
    "name": "上郷(横浜市栄区)",
    "position": "-",
    "system": "船08",
    "destinations": [
        "長倉町",
        "八軒谷戸",
        "中島(横浜市栄区)",
        "光明寺(横浜市栄区)",
        "紅葉橋(横浜市栄区)",
        "本郷車庫前(横浜市栄区)",
        "山手学院入口",
        "稲荷森",
        "中野町",
        "本郷(横浜市栄区)",
        "本郷小学校前",
        "南河内(横浜市栄区)",
        "天神橋(横浜市栄区)",
        "栄警察署前",
        "公田",
        "鎌倉女子大前",
        "平島(鎌倉市)",
        "笠間十字路",
        "笠間町",
        "岩井口",
        "大船駅(横浜市栄区)"
    ],
    "weekday": [
        "6:38",
        "6:51",
        "7:10",
        "7:28",
        "7:47",
        "8:08",
        "8:31",
        "8:48",
        "9:14",
        "9:33",
        "9:54",
        "10:14",
        "10:45",
        "11:15",
        "11:45",
        "12:15",
        "12:45",
        "13:15",
        "13:45",
        "14:15",
        "14:45",
        "15:15",
        "15:45",
        "16:15",
        "16:45",
        "17:15",
        "17:45",
        "18:15",
        "18:45",
        "19:12",
        "19:42",
        "20:14",
        "20:53",
        "21:23",
        "21:53",
        "22:33"
    ],
    "saturday": [
        "6:53",
        "7:35",
        "8:05",
        "8:35",
        "9:09",
        "9:43",
        "10:23",
        "11:05",
        "11:47",
        "12:27",
        "13:07",
        "13:47",
        "14:27",
        "15:07",
        "15:47",
        "16:27",
        "17:07",
        "17:47",
        "18:27",
        "19:06",
        "19:29",
        "20:28",
        "21:38"
    ],
    "holiday": [
        "6:53",
        "7:35",
        "8:05",
        "8:35",
        "9:09",
        "9:43",
        "10:23",
        "11:05",
        "11:47",
        "12:27",
        "13:07",
        "13:47",
        "14:27",
        "15:07",
        "15:47",
        "16:27",
        "17:07",
        "17:47",
        "18:27",
        "19:06",
        "19:29",
        "20:28",
        "21:38"
    ],
    "url": "https://www.kanachu.co.jp/dia/diagram/timetable01_js/course:0000804237-16/node:00126519/kt:0/lname:/"
}
