{
    "date": "2020/05/11",
    "name": "さがみ農協前",
    "position": "-",
    "system": "長43",
    "destinations": [
        "上土棚団地前",
        "綾南地区センター",
        "上土棚南",
        "藤沢・綾瀬ふれあいの杜",
        "落合南",
        "長坂上"
    ],
    "weekday": [
        "7:46",
        "8:09",
        "8:32",
        "8:55",
        "9:18",
        "9:41",
        "10:04",
        "10:50",
        "11:36",
        "12:22",
        "12:45",
        "13:08",
        "13:31",
        "13:54",
        "14:40",
        "15:03",
        "15:26",
        "15:49",
        "16:12",
        "16:35",
        "16:58",
        "17:21",
        "17:44",
        "18:07",
        "18:30",
        "18:53",
        "19:16",
        "19:39",
        "20:02",
        "20:25",
        "20:48",
        "21:11",
        "21:55"
    ],
    "saturday": [
        "7:46",
        "8:09",
        "8:55",
        "9:18",
        "9:41",
        "10:04",
        "10:50",
        "11:36",
        "12:22",
        "12:45",
        "13:08",
        "13:31",
        "13:54",
        "14:40",
        "15:03",
        "15:26",
        "15:49",
        "16:12",
        "16:35",
        "16:58",
        "17:21",
        "17:44",
        "18:07",
        "18:30",
        "18:53",
        "19:16",
        "20:02",
        "20:25",
        "20:48",
        "21:11",
        "21:55"
    ],
    "holiday": [
        "7:46",
        "8:09",
        "8:55",
        "9:18",
        "9:41",
        "10:04",
        "10:50",
        "11:36",
        "12:22",
        "12:45",
        "13:08",
        "13:31",
        "13:54",
        "14:40",
        "15:03",
        "15:26",
        "15:49",
        "16:12",
        "16:35",
        "16:58",
        "17:21",
        "17:44",
        "18:07",
        "18:30",
        "18:53",
        "19:16",
        "20:02",
        "20:25",
        "20:48",
        "21:11",
        "21:55"
    ],
    "url": "https://www.kanachu.co.jp/dia/diagram/timetable01_js/course:0000801200-6/node:00130009/kt:0/lname:/"
}
