{
    "date": "2025/08/30",
    "name": "西が岡一丁目",
    "position": "-",
    "system": "東23",
    "destinations": [
        "福祉センター前(横浜市泉区)",
        "西が岡三丁目",
        "白百合台団地",
        "領家三丁目(横浜市泉区)",
        "領家一丁目(横浜市泉区)",
        "普光寺入口",
        "下岡津",
        "学校入口(横浜市泉区)",
        "さかえ橋",
        "中村(横浜市戸塚区)",
        "妙法寺(横浜市戸塚区)",
        "公園前(横浜市戸塚区)",
        "川上小学校前(横浜市戸塚区)",
        "前田ハイツ前",
        "天王山橋",
        "東戸塚駅東口"
    ],
    "weekday": [
        "6:35",
        "7:19",
        "8:36",
        "9:53",
        "11:02",
        "12:32",
        "13:41",
        "15:03",
        "16:25",
        "17:48",
        "19:05",
        "20:21"
    ],
    "saturday": [
        "8:28",
        "9:51",
        "11:10",
        "12:31",
        "13:50",
        "15:10",
        "16:31",
        "17:47",
        "19:08"
    ],
    "holiday": [
        "9:51",
        "11:10",
        "12:31",
        "13:50",
        "15:10",
        "16:31",
        "17:47"
    ],
    "url": "https://www.kanachu.co.jp/dia/diagram/timetable01_js/course:0000803841-3/node:00126696/kt:0/lname:/"
}
