{
    "date": "2025/08/30",
    "name": "西が岡三丁目",
    "position": "-",
    "system": "東23",
    "destinations": [
        "白百合台団地",
        "領家三丁目(横浜市泉区)",
        "領家一丁目(横浜市泉区)",
        "普光寺入口",
        "下岡津",
        "学校入口(横浜市泉区)",
        "さかえ橋",
        "中村(横浜市戸塚区)",
        "妙法寺(横浜市戸塚区)",
        "公園前(横浜市戸塚区)",
        "川上小学校前(横浜市戸塚区)",
        "前田ハイツ前",
        "天王山橋",
        "東戸塚駅東口"
    ],
    "weekday": [
        "6:37",
        "7:21",
        "8:38",
        "9:55",
        "11:04",
        "12:34",
        "13:43",
        "15:05",
        "16:27",
        "17:50",
        "19:07",
        "20:23"
    ],
    "saturday": [
        "8:30",
        "9:53",
        "11:12",
        "12:33",
        "13:52",
        "15:12",
        "16:33",
        "17:49",
        "19:10"
    ],
    "holiday": [
        "9:53",
        "11:12",
        "12:33",
        "13:52",
        "15:12",
        "16:33",
        "17:49"
    ],
    "url": "https://www.kanachu.co.jp/dia/diagram/timetable01_js/course:0000803841-5/node:00126694/kt:0/lname:/"
}
