{
    "date": "2025/08/30",
    "name": "領家一丁目(横浜市泉区)",
    "position": "-",
    "system": "東23",
    "destinations": [
        "普光寺入口",
        "下岡津",
        "学校入口(横浜市泉区)",
        "さかえ橋",
        "中村(横浜市戸塚区)",
        "妙法寺(横浜市戸塚区)",
        "公園前(横浜市戸塚区)",
        "川上小学校前(横浜市戸塚区)",
        "前田ハイツ前",
        "天王山橋",
        "東戸塚駅東口"
    ],
    "weekday": [
        "6:41",
        "7:25",
        "8:42",
        "9:59",
        "11:08",
        "12:38",
        "13:47",
        "15:09",
        "16:31",
        "17:54",
        "19:11",
        "20:27"
    ],
    "saturday": [
        "8:34",
        "9:57",
        "11:16",
        "12:37",
        "13:56",
        "15:16",
        "16:37",
        "17:53",
        "19:14"
    ],
    "holiday": [
        "9:57",
        "11:16",
        "12:37",
        "13:56",
        "15:16",
        "16:37",
        "17:53"
    ],
    "url": "https://www.kanachu.co.jp/dia/diagram/timetable01_js/course:0000803841-8/node:00126712/kt:0/lname:/"
}
