{
    "date": "2025/08/30",
    "name": "中村(横浜市戸塚区)",
    "position": "-",
    "system": "東23",
    "destinations": [
        "妙法寺(横浜市戸塚区)",
        "公園前(横浜市戸塚区)",
        "川上小学校前(横浜市戸塚区)",
        "前田ハイツ前",
        "天王山橋",
        "東戸塚駅東口"
    ],
    "weekday": [
        "6:47",
        "7:31",
        "8:48",
        "10:04",
        "11:13",
        "12:43",
        "13:52",
        "15:14",
        "16:36",
        "17:59",
        "19:16",
        "20:32"
    ],
    "saturday": [
        "8:40",
        "10:03",
        "11:22",
        "12:43",
        "14:02",
        "15:22",
        "16:43",
        "17:59",
        "19:20"
    ],
    "holiday": [
        "10:03",
        "11:22",
        "12:43",
        "14:02",
        "15:22",
        "16:43",
        "17:59"
    ],
    "url": "https://www.kanachu.co.jp/dia/diagram/timetable01_js/course:0000803841-13/node:00126653/kt:0/lname:/"
}
