{
    "date": "2025/08/30",
    "name": "妙法寺(横浜市戸塚区)",
    "position": "-",
    "system": "東23",
    "destinations": [
        "公園前(横浜市戸塚区)",
        "川上小学校前(横浜市戸塚区)",
        "前田ハイツ前",
        "天王山橋",
        "東戸塚駅東口"
    ],
    "weekday": [
        "6:48",
        "7:33",
        "8:50",
        "10:05",
        "11:14",
        "12:44",
        "13:53",
        "15:15",
        "16:37",
        "18:00",
        "19:17",
        "20:33"
    ],
    "saturday": [
        "8:41",
        "10:04",
        "11:23",
        "12:44",
        "14:03",
        "15:23",
        "16:44",
        "18:00",
        "19:21"
    ],
    "holiday": [
        "10:04",
        "11:23",
        "12:44",
        "14:03",
        "15:23",
        "16:44",
        "18:00"
    ],
    "url": "https://www.kanachu.co.jp/dia/diagram/timetable01_js/course:0000803841-14/node:00126652/kt:0/lname:/"
}
