{
    "date": "2025/08/30",
    "name": "公園前(横浜市戸塚区)",
    "position": "-",
    "system": "東23",
    "destinations": [
        "川上小学校前(横浜市戸塚区)",
        "前田ハイツ前",
        "天王山橋",
        "東戸塚駅東口"
    ],
    "weekday": [
        "6:49",
        "7:34",
        "8:51",
        "10:06",
        "11:15",
        "12:45",
        "13:54",
        "15:16",
        "16:38",
        "18:01",
        "19:18",
        "20:34"
    ],
    "saturday": [
        "8:42",
        "10:05",
        "11:24",
        "12:45",
        "14:04",
        "15:24",
        "16:45",
        "18:01",
        "19:22"
    ],
    "holiday": [
        "10:05",
        "11:24",
        "12:45",
        "14:04",
        "15:24",
        "16:45",
        "18:01"
    ],
    "url": "https://www.kanachu.co.jp/dia/diagram/timetable01_js/course:0000803841-15/node:00126651/kt:0/lname:/"
}
