{
    "date": "2025/07/27",
    "name": "仲宿(秦野市)",
    "position": "-",
    "system": "秦20",
    "destinations": [
        "下宿(秦野市)",
        "末広小学校前",
        "落合入口",
        "名古木",
        "上原台",
        "上原入口",
        "藤棚(秦野市)",
        "東中学校前(秦野市)",
        "中丸橋(秦野市)",
        "久保(秦野市)",
        "才戸入口",
        "小蓑毛",
        "鳥居前(秦野市)",
        "青年橋",
        "蓑毛中",
        "蓑毛"
    ],
    "weekday": [
        "7:13",
        "7:43",
        "8:03",
        "9:33",
        "10:33",
        "11:23",
        "12:23",
        "13:23",
        "14:23",
        "15:23",
        "15:53",
        "16:23",
        "16:53",
        "17:23",
        "17:53",
        "18:23",
        "18:53",
        "19:23",
        "20:03",
        "21:03",
        "22:03"
    ],
    "saturday": [
        "7:03",
        "7:28",
        "8:03",
        "8:38",
        "9:33",
        "10:33",
        "11:33",
        "12:33",
        "13:33",
        "16:38",
        "17:38",
        "18:38",
        "19:38",
        "20:38",
        "21:38"
    ],
    "holiday": [
        "7:03",
        "7:28",
        "8:03",
        "8:38",
        "9:33",
        "10:33",
        "11:33",
        "12:33",
        "13:33",
        "16:38",
        "17:38",
        "18:38",
        "19:38",
        "20:38",
        "21:38"
    ],
    "url": "https://www.kanachu.co.jp/dia/diagram/timetable01_js/course:0000800459-4/node:00127835/kt:0/lname:/"
}
