{
    "date": "2025/07/27",
    "name": "下宿(秦野市)",
    "position": "-",
    "system": "秦20",
    "destinations": [
        "末広小学校前",
        "落合入口",
        "名古木",
        "上原台",
        "上原入口",
        "藤棚(秦野市)",
        "東中学校前(秦野市)",
        "中丸橋(秦野市)",
        "久保(秦野市)",
        "才戸入口",
        "小蓑毛",
        "鳥居前(秦野市)",
        "青年橋",
        "蓑毛中",
        "蓑毛"
    ],
    "weekday": [
        "7:14",
        "7:44",
        "8:04",
        "9:34",
        "10:34",
        "11:24",
        "12:24",
        "13:24",
        "14:24",
        "15:24",
        "15:54",
        "16:24",
        "16:54",
        "17:24",
        "17:54",
        "18:24",
        "18:54",
        "19:24",
        "20:04",
        "21:04",
        "22:04"
    ],
    "saturday": [
        "7:04",
        "7:29",
        "8:04",
        "8:39",
        "9:34",
        "10:34",
        "11:34",
        "12:34",
        "13:34",
        "16:39",
        "17:39",
        "18:39",
        "19:39",
        "20:39",
        "21:39"
    ],
    "holiday": [
        "7:04",
        "7:29",
        "8:04",
        "8:39",
        "9:34",
        "10:34",
        "11:34",
        "12:34",
        "13:34",
        "16:39",
        "17:39",
        "18:39",
        "19:39",
        "20:39",
        "21:39"
    ],
    "url": "https://www.kanachu.co.jp/dia/diagram/timetable01_js/course:0000800459-5/node:00127836/kt:0/lname:/"
}
