{
    "date": "2025/07/27",
    "name": "末広小学校前",
    "position": "-",
    "system": "秦20",
    "destinations": [
        "落合入口",
        "名古木",
        "上原台",
        "上原入口",
        "藤棚(秦野市)",
        "東中学校前(秦野市)",
        "中丸橋(秦野市)",
        "久保(秦野市)",
        "才戸入口",
        "小蓑毛",
        "鳥居前(秦野市)",
        "青年橋",
        "蓑毛中",
        "蓑毛"
    ],
    "weekday": [
        "7:15",
        "7:45",
        "8:05",
        "9:35",
        "10:35",
        "11:25",
        "12:25",
        "13:25",
        "14:25",
        "15:25",
        "15:55",
        "16:25",
        "16:55",
        "17:25",
        "17:55",
        "18:25",
        "18:55",
        "19:25",
        "20:05",
        "21:05",
        "22:05"
    ],
    "saturday": [
        "7:05",
        "7:30",
        "8:05",
        "8:40",
        "9:35",
        "10:35",
        "11:35",
        "12:35",
        "13:35",
        "16:40",
        "17:40",
        "18:40",
        "19:40",
        "20:40",
        "21:40"
    ],
    "holiday": [
        "7:05",
        "7:30",
        "8:05",
        "8:40",
        "9:35",
        "10:35",
        "11:35",
        "12:35",
        "13:35",
        "16:40",
        "17:40",
        "18:40",
        "19:40",
        "20:40",
        "21:40"
    ],
    "url": "https://www.kanachu.co.jp/dia/diagram/timetable01_js/course:0000800459-6/node:00127837/kt:0/lname:/"
}
