{
    "date": "2025/07/27",
    "name": "名古木",
    "position": "-",
    "system": "秦20",
    "destinations": [
        "上原台",
        "上原入口",
        "藤棚(秦野市)",
        "東中学校前(秦野市)",
        "中丸橋(秦野市)",
        "久保(秦野市)",
        "才戸入口",
        "小蓑毛",
        "鳥居前(秦野市)",
        "青年橋",
        "蓑毛中",
        "蓑毛"
    ],
    "weekday": [
        "7:17",
        "7:47",
        "8:07",
        "9:37",
        "10:37",
        "11:27",
        "12:27",
        "13:27",
        "14:27",
        "15:27",
        "15:57",
        "16:27",
        "16:57",
        "17:27",
        "17:57",
        "18:27",
        "18:57",
        "19:27",
        "20:07",
        "21:07",
        "22:07"
    ],
    "saturday": [
        "7:07",
        "7:32",
        "8:07",
        "8:42",
        "9:37",
        "10:37",
        "11:37",
        "12:37",
        "13:37",
        "16:42",
        "17:42",
        "18:42",
        "19:42",
        "20:42",
        "21:42"
    ],
    "holiday": [
        "7:07",
        "7:32",
        "8:07",
        "8:42",
        "9:37",
        "10:37",
        "11:37",
        "12:37",
        "13:37",
        "16:42",
        "17:42",
        "18:42",
        "19:42",
        "20:42",
        "21:42"
    ],
    "url": "https://www.kanachu.co.jp/dia/diagram/timetable01_js/course:0000800459-8/node:00127839/kt:0/lname:/"
}
