{
    "date": "2025/07/27",
    "name": "上原入口",
    "position": "-",
    "system": "秦20",
    "destinations": [
        "藤棚(秦野市)",
        "東中学校前(秦野市)",
        "中丸橋(秦野市)",
        "久保(秦野市)",
        "才戸入口",
        "小蓑毛",
        "鳥居前(秦野市)",
        "青年橋",
        "蓑毛中",
        "蓑毛"
    ],
    "weekday": [
        "7:19",
        "7:49",
        "8:09",
        "9:39",
        "10:39",
        "11:29",
        "12:29",
        "13:29",
        "14:29",
        "15:29",
        "15:59",
        "16:29",
        "16:59",
        "17:29",
        "17:59",
        "18:29",
        "18:59",
        "19:29",
        "20:09",
        "21:09",
        "22:09"
    ],
    "saturday": [
        "7:09",
        "7:34",
        "8:09",
        "8:44",
        "9:39",
        "10:39",
        "11:39",
        "12:39",
        "13:39",
        "16:44",
        "17:44",
        "18:44",
        "19:44",
        "20:44",
        "21:44"
    ],
    "holiday": [
        "7:09",
        "7:34",
        "8:09",
        "8:44",
        "9:39",
        "10:39",
        "11:39",
        "12:39",
        "13:39",
        "16:44",
        "17:44",
        "18:44",
        "19:44",
        "20:44",
        "21:44"
    ],
    "url": "https://www.kanachu.co.jp/dia/diagram/timetable01_js/course:0000800459-10/node:00127841/kt:0/lname:/"
}
