{
    "date": "2025/07/27",
    "name": "藤棚(秦野市)",
    "position": "-",
    "system": "秦20",
    "destinations": [
        "東中学校前(秦野市)",
        "中丸橋(秦野市)",
        "久保(秦野市)",
        "才戸入口",
        "小蓑毛",
        "鳥居前(秦野市)",
        "青年橋",
        "蓑毛中",
        "蓑毛"
    ],
    "weekday": [
        "7:20",
        "7:50",
        "8:10",
        "9:40",
        "10:40",
        "11:30",
        "12:30",
        "13:30",
        "14:30",
        "15:30",
        "16:00",
        "16:30",
        "17:00",
        "17:30",
        "18:00",
        "18:30",
        "19:00",
        "19:30",
        "20:10",
        "21:10",
        "22:10"
    ],
    "saturday": [
        "7:10",
        "7:35",
        "8:10",
        "8:45",
        "9:40",
        "10:40",
        "11:40",
        "12:40",
        "13:40",
        "16:45",
        "17:45",
        "18:45",
        "19:45",
        "20:45",
        "21:45"
    ],
    "holiday": [
        "7:10",
        "7:35",
        "8:10",
        "8:45",
        "9:40",
        "10:40",
        "11:40",
        "12:40",
        "13:40",
        "16:45",
        "17:45",
        "18:45",
        "19:45",
        "20:45",
        "21:45"
    ],
    "url": "https://www.kanachu.co.jp/dia/diagram/timetable01_js/course:0000800459-11/node:00127842/kt:0/lname:/"
}
