{
    "date": "2025/07/27",
    "name": "中丸橋(秦野市)",
    "position": "-",
    "system": "秦20",
    "destinations": [
        "久保(秦野市)",
        "才戸入口",
        "小蓑毛",
        "鳥居前(秦野市)",
        "青年橋",
        "蓑毛中",
        "蓑毛"
    ],
    "weekday": [
        "7:21",
        "7:51",
        "8:11",
        "9:41",
        "10:41",
        "11:31",
        "12:31",
        "13:31",
        "14:31",
        "15:31",
        "16:01",
        "16:31",
        "17:01",
        "17:31",
        "18:01",
        "18:31",
        "19:01",
        "19:31",
        "20:11",
        "21:11",
        "22:11"
    ],
    "saturday": [
        "7:11",
        "7:36",
        "8:11",
        "8:46",
        "9:41",
        "10:41",
        "11:41",
        "12:41",
        "13:41",
        "16:46",
        "17:46",
        "18:46",
        "19:46",
        "20:46",
        "21:46"
    ],
    "holiday": [
        "7:11",
        "7:36",
        "8:11",
        "8:46",
        "9:41",
        "10:41",
        "11:41",
        "12:41",
        "13:41",
        "16:46",
        "17:46",
        "18:46",
        "19:46",
        "20:46",
        "21:46"
    ],
    "url": "https://www.kanachu.co.jp/dia/diagram/timetable01_js/course:0000800459-13/node:00127844/kt:0/lname:/"
}
