{
    "date": "2025/11/25",
    "name": "小鮎久保",
    "position": "-",
    "system": "厚16",
    "destinations": [
        "ゴルフ場入口(厚木市)",
        "上千頭",
        "千頭",
        "及川",
        "穴口橋",
        "林(厚木市)",
        "戸室",
        "愛光病院前",
        "市立病院前(バイパス側)",
        "市立病院前(厚木市)",
        "税務署入口(厚木市)",
        "市役所入口(厚木市)",
        "本厚木駅"
    ],
    "weekday": [
        "9:09",
        "9:39",
        "10:09",
        "10:39",
        "11:09",
        "12:09",
        "12:39",
        "13:09",
        "14:09",
        "14:39",
        "15:09",
        "16:09",
        "16:39"
    ],
    "saturday": [
        "9:50",
        "10:50",
        "11:50",
        "12:50",
        "13:50",
        "14:50",
        "15:50",
        "16:50"
    ],
    "holiday": [
        "9:49",
        "10:49",
        "11:49",
        "12:49",
        "13:49",
        "14:49",
        "15:49",
        "16:49"
    ],
    "url": "https://www.kanachu.co.jp/dia/diagram/timetable01_js/course:0000802818-7/node:00128405/kt:0/lname:/"
}
