{
    "date": "2025/11/25",
    "name": "ゴルフ場入口(厚木市)",
    "position": "-",
    "system": "厚16",
    "destinations": [
        "上千頭",
        "千頭",
        "及川",
        "穴口橋",
        "林(厚木市)",
        "戸室",
        "愛光病院前",
        "市立病院前(バイパス側)",
        "市立病院前(厚木市)",
        "税務署入口(厚木市)",
        "市役所入口(厚木市)",
        "本厚木駅"
    ],
    "weekday": [
        "9:10",
        "9:40",
        "10:10",
        "10:40",
        "11:10",
        "12:10",
        "12:40",
        "13:10",
        "14:10",
        "14:40",
        "15:10",
        "16:10",
        "16:40"
    ],
    "saturday": [
        "9:51",
        "10:51",
        "11:51",
        "12:51",
        "13:51",
        "14:51",
        "15:51",
        "16:51"
    ],
    "holiday": [
        "9:50",
        "10:50",
        "11:50",
        "12:50",
        "13:50",
        "14:50",
        "15:50",
        "16:50"
    ],
    "url": "https://www.kanachu.co.jp/dia/diagram/timetable01_js/course:0000802818-8/node:00128404/kt:0/lname:/"
}
