{
    "date": "2025/11/25",
    "name": "上千頭",
    "position": "-",
    "system": "厚16",
    "destinations": [
        "千頭",
        "及川",
        "穴口橋",
        "林(厚木市)",
        "戸室",
        "愛光病院前",
        "市立病院前(バイパス側)",
        "市立病院前(厚木市)",
        "税務署入口(厚木市)",
        "市役所入口(厚木市)",
        "本厚木駅"
    ],
    "weekday": [
        "9:11",
        "9:41",
        "10:11",
        "10:41",
        "11:11",
        "12:11",
        "12:41",
        "13:11",
        "14:11",
        "14:41",
        "15:11",
        "16:11",
        "16:41"
    ],
    "saturday": [
        "9:52",
        "10:52",
        "11:52",
        "12:52",
        "13:52",
        "14:52",
        "15:52",
        "16:52"
    ],
    "holiday": [
        "9:51",
        "10:51",
        "11:51",
        "12:51",
        "13:51",
        "14:51",
        "15:51",
        "16:51"
    ],
    "url": "https://www.kanachu.co.jp/dia/diagram/timetable01_js/course:0000802818-9/node:00128403/kt:0/lname:/"
}
