{
    "date": "2025/11/25",
    "name": "穴口橋",
    "position": "-",
    "system": "厚16",
    "destinations": [
        "林(厚木市)",
        "戸室",
        "愛光病院前",
        "市立病院前(バイパス側)",
        "市立病院前(厚木市)",
        "税務署入口(厚木市)",
        "市役所入口(厚木市)",
        "本厚木駅"
    ],
    "weekday": [
        "9:14",
        "9:44",
        "10:14",
        "10:44",
        "11:14",
        "12:14",
        "12:44",
        "13:14",
        "14:14",
        "14:44",
        "15:14",
        "16:14",
        "16:44"
    ],
    "saturday": [
        "9:55",
        "10:55",
        "11:55",
        "12:55",
        "13:55",
        "14:55",
        "15:55",
        "16:55"
    ],
    "holiday": [
        "9:54",
        "10:54",
        "11:54",
        "12:54",
        "13:54",
        "14:54",
        "15:54",
        "16:54"
    ],
    "url": "https://www.kanachu.co.jp/dia/diagram/timetable01_js/course:0000802818-12/node:00128400/kt:0/lname:/"
}
