{
    "date": "2025/11/25",
    "name": "市立病院前(バイパス側)",
    "position": "-",
    "system": "厚16",
    "destinations": [
        "市立病院前(厚木市)",
        "税務署入口(厚木市)",
        "市役所入口(厚木市)",
        "本厚木駅"
    ],
    "weekday": [
        "9:20",
        "9:50",
        "10:20",
        "10:50",
        "11:20",
        "12:20",
        "12:50",
        "13:20",
        "14:20",
        "14:50",
        "15:20",
        "16:20",
        "16:50"
    ],
    "saturday": [
        "10:01",
        "11:01",
        "12:01",
        "13:01",
        "14:01",
        "15:01",
        "16:01",
        "17:01"
    ],
    "holiday": [
        "10:00",
        "11:00",
        "12:00",
        "13:00",
        "14:00",
        "15:00",
        "16:00",
        "17:00"
    ],
    "url": "https://www.kanachu.co.jp/dia/diagram/timetable01_js/course:0000802818-16/node:00130292/kt:0/lname:/"
}
