{
    "date": "2025/11/25",
    "name": "税務署入口(厚木市)",
    "position": "-",
    "system": "厚16",
    "destinations": [
        "市役所入口(厚木市)",
        "本厚木駅"
    ],
    "weekday": [
        "9:22",
        "9:52",
        "10:22",
        "10:52",
        "11:22",
        "12:22",
        "12:52",
        "13:22",
        "14:22",
        "14:52",
        "15:22",
        "16:22",
        "16:52"
    ],
    "saturday": [
        "10:03",
        "11:03",
        "12:03",
        "13:03",
        "14:03",
        "15:03",
        "16:03",
        "17:03"
    ],
    "holiday": [
        "10:02",
        "11:02",
        "12:02",
        "13:02",
        "14:02",
        "15:02",
        "16:02",
        "17:02"
    ],
    "url": "https://www.kanachu.co.jp/dia/diagram/timetable01_js/course:0000802818-18/node:00128258/kt:0/lname:/"
}
