{
    "date": "2025/10/20",
    "name": "鶴間二丁目",
    "position": "-",
    "system": "間17",
    "destinations": [
        "オークシティ前",
        "市立病院(大和市)",
        "市役所市立病院前",
        "職業安定所前(大和市)",
        "郵便局前(大和市)",
        "市民活動拠点ベテルギウス前",
        "豊川稲荷前(大和市)",
        "新橋通り(大和市)",
        "大和駅西口",
        "中央四丁目(大和市)",
        "草柳一丁目",
        "草柳二丁目",
        "草柳三丁目",
        "引地台公園入口",
        "山王橋(大和市)",
        "富士見橋(大和市)",
        "桜ヶ丘駅西口"
    ],
    "weekday": [
        "9:31",
        "10:21",
        "11:06",
        "12:01",
        "12:51",
        "13:41",
        "14:31",
        "15:21",
        "16:11",
        "17:01",
        "17:51"
    ],
    "saturday": [],
    "holiday": [],
    "url": "https://www.kanachu.co.jp/dia/diagram/timetable01_js/course:0000803782-2/node:00129524/kt:0/lname:/"
}
