{
    "date": "2025/10/20",
    "name": "新橋通り(大和市)",
    "position": "-",
    "system": "間17",
    "destinations": [
        "大和駅西口",
        "中央四丁目(大和市)",
        "草柳一丁目",
        "草柳二丁目",
        "草柳三丁目",
        "引地台公園入口",
        "山王橋(大和市)",
        "富士見橋(大和市)",
        "桜ヶ丘駅西口"
    ],
    "weekday": [
        "9:45",
        "10:35",
        "11:20",
        "12:15",
        "13:05",
        "13:55",
        "14:45",
        "15:35",
        "16:25",
        "17:15",
        "18:05"
    ],
    "saturday": [],
    "holiday": [],
    "url": "https://www.kanachu.co.jp/dia/diagram/timetable01_js/course:0000803782-10/node:00129615/kt:0/lname:/"
}
