{
    "date": "2025/10/20",
    "name": "草柳二丁目",
    "position": "-",
    "system": "間17",
    "destinations": [
        "草柳三丁目",
        "引地台公園入口",
        "山王橋(大和市)",
        "富士見橋(大和市)",
        "桜ヶ丘駅西口"
    ],
    "weekday": [
        "9:56",
        "10:46",
        "11:31",
        "12:26",
        "13:16",
        "14:06",
        "14:56",
        "15:46",
        "16:36",
        "17:26",
        "18:16"
    ],
    "saturday": [],
    "holiday": [],
    "url": "https://www.kanachu.co.jp/dia/diagram/timetable01_js/course:0000803782-14/node:00129619/kt:0/lname:/"
}
