{
    "date": "2018/03/17",
    "name": "高田三丁目",
    "position": "-",
    "system": "藤21",
    "destinations": [
        "室田",
        "室田小学校入口",
        "室田一丁目",
        "松林二丁目",
        "松林",
        "菱沼二丁目",
        "菱沼団地入口",
        "幼稚園前(茅ケ崎市)",
        "小和田小学校",
        "東小和田",
        "辻堂駅西口",
        "辻堂駅北口",
        "新町一丁目(藤沢市)",
        "新町二丁目(藤沢市)",
        "新町三丁目(藤沢市)",
        "ソニー前(藤沢市)",
        "高山車庫",
        "ソニー前(藤沢市)",
        "ヤクルト前",
        "神明町(藤沢市)",
        "日本精工前",
        "一本松(藤沢市)",
        "三富士町",
        "藤沢駅北口"
    ],
    "weekday": [
        "5:42",
        "6:41",
        "7:19",
        "7:52",
        "8:32",
        "9:48",
        "10:17",
        "11:02",
        "11:37",
        "13:08",
        "13:55",
        "14:30",
        "15:18",
        "15:59",
        "16:32",
        "17:17",
        "17:56",
        "18:42",
        "20:21",
        "21:21"
    ],
    "saturday": [
        "7:23",
        "8:02",
        "8:36",
        "9:11",
        "9:46",
        "10:22",
        "11:07",
        "11:47",
        "12:27",
        "13:15",
        "13:57",
        "14:38",
        "15:27",
        "16:15",
        "17:05",
        "17:49",
        "18:37",
        "19:21"
    ],
    "holiday": [
        "7:23",
        "8:02",
        "8:36",
        "9:11",
        "9:46",
        "10:22",
        "11:07",
        "11:47",
        "12:27",
        "13:15",
        "13:57",
        "14:38",
        "15:27",
        "16:15",
        "17:05",
        "17:49",
        "18:37",
        "19:21"
    ],
    "url": "https://www.kanachu.co.jp/dia/diagram/timetable01_js/course:0000802643-7/node:00127261/kt:0/lname:/"
}
