{
    "date": "2018/03/17",
    "name": "室田",
    "position": "-",
    "system": "藤21",
    "destinations": [
        "室田小学校入口",
        "室田一丁目",
        "松林二丁目",
        "松林",
        "菱沼二丁目",
        "菱沼団地入口",
        "幼稚園前(茅ケ崎市)",
        "小和田小学校",
        "東小和田",
        "辻堂駅西口",
        "辻堂駅北口",
        "新町一丁目(藤沢市)",
        "新町二丁目(藤沢市)",
        "新町三丁目(藤沢市)",
        "ソニー前(藤沢市)",
        "高山車庫",
        "ソニー前(藤沢市)",
        "ヤクルト前",
        "神明町(藤沢市)",
        "日本精工前",
        "一本松(藤沢市)",
        "三富士町",
        "藤沢駅北口"
    ],
    "weekday": [
        "5:43",
        "6:42",
        "7:20",
        "7:53",
        "8:33",
        "9:49",
        "10:18",
        "11:03",
        "11:38",
        "13:09",
        "13:56",
        "14:31",
        "15:19",
        "16:00",
        "16:33",
        "17:18",
        "17:57",
        "18:43",
        "20:22",
        "21:22"
    ],
    "saturday": [
        "7:24",
        "8:03",
        "8:37",
        "9:12",
        "9:47",
        "10:23",
        "11:08",
        "11:48",
        "12:28",
        "13:16",
        "13:58",
        "14:39",
        "15:28",
        "16:16",
        "17:06",
        "17:50",
        "18:38",
        "19:22"
    ],
    "holiday": [
        "7:24",
        "8:03",
        "8:37",
        "9:12",
        "9:47",
        "10:23",
        "11:08",
        "11:48",
        "12:28",
        "13:16",
        "13:58",
        "14:39",
        "15:28",
        "16:16",
        "17:06",
        "17:50",
        "18:38",
        "19:22"
    ],
    "url": "https://www.kanachu.co.jp/dia/diagram/timetable01_js/course:0000802643-8/node:00127262/kt:0/lname:/"
}
