{
    "date": "2018/03/17",
    "name": "幼稚園前(茅ケ崎市)",
    "position": "-",
    "system": "藤21",
    "destinations": [
        "小和田小学校",
        "東小和田",
        "辻堂駅西口",
        "辻堂駅北口",
        "新町一丁目(藤沢市)",
        "新町二丁目(藤沢市)",
        "新町三丁目(藤沢市)",
        "ソニー前(藤沢市)",
        "高山車庫",
        "ソニー前(藤沢市)",
        "ヤクルト前",
        "神明町(藤沢市)",
        "日本精工前",
        "一本松(藤沢市)",
        "三富士町",
        "藤沢駅北口"
    ],
    "weekday": [
        "5:49",
        "6:48",
        "7:26",
        "7:59",
        "8:39",
        "9:55",
        "10:24",
        "11:09",
        "11:44",
        "13:15",
        "14:02",
        "14:37",
        "15:25",
        "16:06",
        "16:39",
        "17:24",
        "18:03",
        "18:49",
        "20:28",
        "21:28"
    ],
    "saturday": [
        "7:30",
        "8:09",
        "8:43",
        "9:18",
        "9:53",
        "10:29",
        "11:14",
        "11:54",
        "12:34",
        "13:22",
        "14:04",
        "14:45",
        "15:34",
        "16:22",
        "17:12",
        "17:56",
        "18:44",
        "19:28"
    ],
    "holiday": [
        "7:30",
        "8:09",
        "8:43",
        "9:18",
        "9:53",
        "10:29",
        "11:14",
        "11:54",
        "12:34",
        "13:22",
        "14:04",
        "14:45",
        "15:34",
        "16:22",
        "17:12",
        "17:56",
        "18:44",
        "19:28"
    ],
    "url": "https://www.kanachu.co.jp/dia/diagram/timetable01_js/course:0000802643-15/node:00127285/kt:0/lname:/"
}
