{
    "date": "2018/03/17",
    "name": "辻堂駅北口",
    "position": "-",
    "system": "藤21",
    "destinations": [
        "新町一丁目(藤沢市)",
        "新町二丁目(藤沢市)",
        "新町三丁目(藤沢市)",
        "ソニー前(藤沢市)",
        "高山車庫",
        "ソニー前(藤沢市)",
        "ヤクルト前",
        "神明町(藤沢市)",
        "日本精工前",
        "一本松(藤沢市)",
        "三富士町",
        "藤沢駅北口"
    ],
    "weekday": [
        "5:56",
        "6:55",
        "7:35",
        "8:08",
        "8:48",
        "10:05",
        "10:34",
        "11:19",
        "11:54",
        "13:25",
        "14:12",
        "14:47",
        "15:35",
        "16:17",
        "16:50",
        "17:35",
        "18:14",
        "19:00",
        "20:35",
        "21:35"
    ],
    "saturday": [
        "7:37",
        "8:16",
        "8:50",
        "9:25",
        "10:00",
        "10:39",
        "11:24",
        "12:04",
        "12:44",
        "13:34",
        "14:16",
        "14:57",
        "15:46",
        "16:34",
        "17:24",
        "18:06",
        "18:54",
        "19:35"
    ],
    "holiday": [
        "7:37",
        "8:16",
        "8:50",
        "9:25",
        "10:00",
        "10:39",
        "11:24",
        "12:04",
        "12:44",
        "13:34",
        "14:16",
        "14:57",
        "15:46",
        "16:34",
        "17:24",
        "18:06",
        "18:54",
        "19:35"
    ],
    "url": "https://www.kanachu.co.jp/dia/diagram/timetable01_js/course:0000802643-19/node:00129934/kt:0/lname:/"
}
