{
    "date": "2018/03/17",
    "name": "日本精工前",
    "position": "-",
    "system": "藤21",
    "destinations": [
        "一本松(藤沢市)",
        "三富士町",
        "藤沢駅北口"
    ],
    "weekday": [
        "6:07",
        "7:06",
        "7:47",
        "8:20",
        "9:00",
        "10:17",
        "10:46",
        "11:31",
        "12:06",
        "13:37",
        "14:24",
        "14:59",
        "15:47",
        "16:29",
        "17:02",
        "17:47",
        "18:26",
        "19:11",
        "20:46",
        "21:46"
    ],
    "saturday": [
        "7:48",
        "8:27",
        "9:01",
        "9:36",
        "10:13",
        "10:52",
        "11:37",
        "12:17",
        "12:57",
        "13:47",
        "14:29",
        "15:10",
        "15:59",
        "16:47",
        "17:37",
        "18:19",
        "19:07",
        "19:46"
    ],
    "holiday": [
        "7:48",
        "8:27",
        "9:01",
        "9:36",
        "10:13",
        "10:52",
        "11:37",
        "12:17",
        "12:57",
        "13:47",
        "14:29",
        "15:10",
        "15:59",
        "16:47",
        "17:37",
        "18:19",
        "19:07",
        "19:46"
    ],
    "url": "https://www.kanachu.co.jp/dia/diagram/timetable01_js/course:0000802643-28/node:00127044/kt:0/lname:/"
}
