{
  "date": "2024/07/08",
  "name": "町田バスセンター",
  "position": "14番のりば",
  "system": "町39",
  "destinations": [
    "上宿"
  ],
  "weekday": [
    "7:59",
    "8:27", "8:42",
    "9:01", "9:25",
    "10:10",
    "11:00", "11:58",
    "12:08", "12:45",
    "13:22",
    "14:24",
    "15:06", "15:58",
    "17:00", "17:55",
    "18:48",
    "19:50",
    "20:28"
  ],
  "saturday": [
    "8:30",
    "9:20",
    "10:20",
    "11:05", "11:50",
    "12:40",
    "13:35",
    "14:20",
    "15:20",
    "16:25",
    "17:25",
    "18:25",
    "19:25",
    "20:25"
  ],
  "holiday": [
    "8:35",
    "9:20",
    "10:20",
    "11:05", "11:50",
    "12:40",
    "13:07", "13:40",
    "14:20",
    "15:17",
    "16:35",
    "17:35",
    "18:25",
    "19:25",
    "20:25"
  ]
}
