{
    "date": "2024/03/16",
    "name": "忠生都営住宅前",
    "position": "",
    "system": "町62",
    "destinations": [
        "矢部",
        "下常盤",
        "中常盤",
        "常盤(町田市)",
        "下馬場",
        "馬場十字路",
        "中村不動入口",
        "小山郵便局前",
        "小山小学校前(町田市)",
        "横土手",
        "沼入口(町田市)",
        "多摩境通り北",
        "神奈中多摩車庫"
    ],
    "weekday": [
        "22:58"
    ],
    "saturday": [
        "22:08",
        "22:48"
    ],
    "holiday": [
        "22:08",
        "22:48"
    ],
    "url": "https://www.kanachu.co.jp/dia/diagram/timetable01_js/course:0000802021-15/node:00129515/kt:0/lname:/"
}
