{
    "date": "2025/04/01",
    "name": "花水公園前",
    "position": "-",
    "system": "平39",
    "destinations": [
        "なでしこ公民館前",
        "下花水橋",
        "東町三丁目(中郡大磯町)",
        "長者町芦添",
        "長者町(中郡大磯町)",
        "山王町(中郡大磯町)",
        "図書館前(中郡大磯町)",
        "大磯駅"
    ],
    "weekday": [
        "6:00",
        "6:27",
        "6:47",
        "7:07",
        "7:27",
        "7:47",
        "8:07",
        "8:37",
        "9:07",
        "10:07",
        "11:07",
        "12:07",
        "13:07",
        "14:07",
        "15:07",
        "16:07",
        "17:07",
        "17:43",
        "18:07",
        "18:43",
        "19:07",
        "19:43",
        "20:07",
        "20:43"
    ],
    "saturday": [
        "6:37",
        "7:07",
        "8:07",
        "9:07",
        "10:07",
        "11:07",
        "12:07",
        "13:07",
        "14:07",
        "15:07",
        "16:07",
        "17:07",
        "18:07",
        "19:07",
        "20:07"
    ],
    "holiday": [
        "6:37",
        "7:07",
        "8:07",
        "9:07",
        "10:07",
        "11:07",
        "12:07",
        "13:07",
        "14:07",
        "15:07",
        "16:07",
        "17:07",
        "18:07",
        "19:07",
        "20:07"
    ],
    "url": "https://www.kanachu.co.jp/dia/diagram/timetable01_js/course:0000803815-10/node:00127449/kt:0/lname:/"
}
