{
    "date": "2025/04/01",
    "name": "下花水橋",
    "position": "-",
    "system": "平39",
    "destinations": [
        "東町三丁目(中郡大磯町)",
        "長者町芦添",
        "長者町(中郡大磯町)",
        "山王町(中郡大磯町)",
        "図書館前(中郡大磯町)",
        "大磯駅"
    ],
    "weekday": [
        "6:02",
        "6:29",
        "6:49",
        "7:09",
        "7:29",
        "7:49",
        "8:09",
        "8:39",
        "9:09",
        "10:09",
        "11:09",
        "12:09",
        "13:09",
        "14:09",
        "15:09",
        "16:09",
        "17:09",
        "17:45",
        "18:09",
        "18:45",
        "19:09",
        "19:45",
        "20:09",
        "20:45"
    ],
    "saturday": [
        "6:39",
        "7:09",
        "8:09",
        "9:09",
        "10:09",
        "11:09",
        "12:09",
        "13:09",
        "14:09",
        "15:09",
        "16:09",
        "17:09",
        "18:09",
        "19:09",
        "20:09"
    ],
    "holiday": [
        "6:39",
        "7:09",
        "8:09",
        "9:09",
        "10:09",
        "11:09",
        "12:09",
        "13:09",
        "14:09",
        "15:09",
        "16:09",
        "17:09",
        "18:09",
        "19:09",
        "20:09"
    ],
    "url": "https://www.kanachu.co.jp/dia/diagram/timetable01_js/course:0000803815-12/node:00127451/kt:0/lname:/"
}
