{
    "date": "2025/03/15",
    "name": "滝の沢不動前",
    "position": "-",
    "system": "辻24",
    "destinations": [
        "滝の沢(藤沢市)",
        "駒寄",
        "二番構保健医療センター",
        "ライフタウン中央(藤沢市)",
        "大庭小学校",
        "小糸",
        "南センター前(藤沢市)",
        "西高校前(藤沢市)",
        "有藤",
        "大庭隧道",
        "城南一丁目",
        "神台公園前",
        "辻堂駅北口"
    ],
    "weekday": [],
    "saturday": [
        "5:26",
        "5:51",
        "6:07",
        "6:31",
        "6:49",
        "7:06",
        "7:26",
        "7:41",
        "7:46",
        "8:06",
        "8:41",
        "9:41",
        "10:41",
        "15:06",
        "16:06",
        "17:06",
        "18:06",
        "19:06",
        "19:25",
        "20:06",
        "20:44"
    ],
    "holiday": [
        "5:46",
        "6:07",
        "6:31",
        "6:46",
        "7:46",
        "8:06",
        "8:26",
        "8:46",
        "9:06",
        "9:26",
        "9:46",
        "10:26",
        "10:46",
        "11:06",
        "11:46",
        "12:06",
        "12:26",
        "13:06",
        "13:26",
        "13:46",
        "14:26",
        "14:46",
        "15:06",
        "15:46",
        "16:06",
        "16:26",
        "17:06",
        "17:26",
        "17:46",
        "18:26",
        "18:46",
        "19:44"
    ],
    "url": "https://www.kanachu.co.jp/dia/diagram/timetable01_js/course:0000802314-2/node:00129947/kt:0/lname:/"
}
