{
    "date": "2025/03/15",
    "name": "ライフタウン中央(藤沢市)",
    "position": "-",
    "system": "辻24",
    "destinations": [
        "大庭小学校",
        "小糸",
        "南センター前(藤沢市)",
        "西高校前(藤沢市)",
        "有藤",
        "大庭隧道",
        "城南一丁目",
        "神台公園前",
        "辻堂駅北口"
    ],
    "weekday": [],
    "saturday": [
        "5:30",
        "5:55",
        "6:11",
        "6:35",
        "6:53",
        "7:10",
        "7:30",
        "7:45",
        "7:50",
        "8:10",
        "8:45",
        "9:45",
        "10:45",
        "15:10",
        "16:10",
        "17:10",
        "18:10",
        "19:10",
        "19:29",
        "20:10",
        "20:48"
    ],
    "holiday": [
        "5:50",
        "6:11",
        "6:35",
        "6:50",
        "7:50",
        "8:10",
        "8:30",
        "8:50",
        "9:10",
        "9:30",
        "9:50",
        "10:30",
        "10:50",
        "11:10",
        "11:50",
        "12:10",
        "12:30",
        "13:10",
        "13:30",
        "13:50",
        "14:30",
        "14:50",
        "15:10",
        "15:50",
        "16:10",
        "16:30",
        "17:10",
        "17:30",
        "17:50",
        "18:30",
        "18:50",
        "19:48"
    ],
    "url": "https://www.kanachu.co.jp/dia/diagram/timetable01_js/course:0000802314-6/node:00129943/kt:0/lname:/"
}
