{
    "date": "2025/03/15",
    "name": "小糸",
    "position": "-",
    "system": "辻24",
    "destinations": [
        "南センター前(藤沢市)",
        "西高校前(藤沢市)",
        "有藤",
        "大庭隧道",
        "城南一丁目",
        "神台公園前",
        "辻堂駅北口"
    ],
    "weekday": [],
    "saturday": [
        "5:32",
        "5:57",
        "6:13",
        "6:37",
        "6:55",
        "7:12",
        "7:32",
        "7:47",
        "7:52",
        "8:12",
        "8:47",
        "9:47",
        "10:47",
        "15:12",
        "16:12",
        "17:12",
        "18:12",
        "19:12",
        "19:31",
        "20:12",
        "20:50"
    ],
    "holiday": [
        "5:52",
        "6:13",
        "6:37",
        "6:52",
        "7:52",
        "8:12",
        "8:32",
        "8:52",
        "9:12",
        "9:32",
        "9:52",
        "10:32",
        "10:52",
        "11:12",
        "11:52",
        "12:12",
        "12:32",
        "13:12",
        "13:32",
        "13:52",
        "14:32",
        "14:52",
        "15:12",
        "15:52",
        "16:12",
        "16:32",
        "17:12",
        "17:32",
        "17:52",
        "18:32",
        "18:52",
        "19:50"
    ],
    "url": "https://www.kanachu.co.jp/dia/diagram/timetable01_js/course:0000802314-8/node:00129941/kt:0/lname:/"
}
