{
    "date": "2025/03/15",
    "name": "神台公園前",
    "position": "-",
    "system": "辻24",
    "destinations": [
        "辻堂駅北口"
    ],
    "weekday": [],
    "saturday": [
        "5:39",
        "6:04",
        "6:20",
        "6:44",
        "7:02",
        "7:19",
        "7:39",
        "7:54",
        "7:59",
        "8:19",
        "8:54",
        "9:54",
        "10:54",
        "15:19",
        "16:19",
        "17:19",
        "18:19",
        "19:19",
        "19:38",
        "20:19",
        "20:57"
    ],
    "holiday": [
        "5:59",
        "6:20",
        "6:44",
        "6:59",
        "7:59",
        "8:19",
        "8:39",
        "8:59",
        "9:19",
        "9:39",
        "9:59",
        "10:39",
        "10:59",
        "11:19",
        "11:59",
        "12:19",
        "12:39",
        "13:19",
        "13:39",
        "13:59",
        "14:39",
        "14:59",
        "15:19",
        "15:59",
        "16:19",
        "16:39",
        "17:19",
        "17:39",
        "17:59",
        "18:39",
        "18:59",
        "19:57"
    ],
    "url": "https://www.kanachu.co.jp/dia/diagram/timetable01_js/course:0000802314-14/node:00130068/kt:0/lname:/"
}
