{
    "date": "2025/08/30",
    "name": "フェリス女学院",
    "position": "-",
    "system": "戸09",
    "destinations": [
        "名瀬",
        "西蓮寺(横浜市戸塚区)",
        "横浜緑園高校入口",
        "さかえ橋",
        "中村(横浜市戸塚区)",
        "妙法寺(横浜市戸塚区)",
        "富士山下",
        "秋葉",
        "秋葉三叉路",
        "柏尾(横浜市戸塚区)",
        "ポーラ前(横浜市戸塚区)",
        "不動坂(横浜市戸塚区)",
        "ブリヂストン前",
        "元町(横浜市戸塚区)",
        "矢部町",
        "戸塚駅東口"
    ],
    "weekday": [
        "6:45",
        "7:12",
        "7:47",
        "8:48",
        "9:49",
        "10:49",
        "11:49",
        "12:49",
        "13:49",
        "14:49",
        "15:49",
        "16:49",
        "17:49",
        "18:49"
    ],
    "saturday": [
        "7:44",
        "8:44",
        "9:49",
        "10:49",
        "11:49",
        "12:49",
        "13:49",
        "14:49",
        "15:49",
        "16:49",
        "17:49",
        "18:49"
    ],
    "holiday": [
        "7:44",
        "8:44",
        "9:49",
        "10:49",
        "11:49",
        "12:49",
        "13:49",
        "14:49",
        "15:49",
        "16:49",
        "17:49",
        "18:49"
    ],
    "url": "https://www.kanachu.co.jp/dia/diagram/timetable01_js/course:0000803846-2/node:00126658/kt:0/lname:/"
}
