{
    "date": "2025/08/30",
    "name": "中村(横浜市戸塚区)",
    "position": "-",
    "system": "戸09",
    "destinations": [
        "妙法寺(横浜市戸塚区)",
        "富士山下",
        "秋葉",
        "秋葉三叉路",
        "柏尾(横浜市戸塚区)",
        "ポーラ前(横浜市戸塚区)",
        "不動坂(横浜市戸塚区)",
        "ブリヂストン前",
        "元町(横浜市戸塚区)",
        "矢部町",
        "戸塚駅東口"
    ],
    "weekday": [
        "6:50",
        "7:19",
        "7:54",
        "8:55",
        "9:54",
        "10:54",
        "11:54",
        "12:54",
        "13:54",
        "14:54",
        "15:54",
        "16:54",
        "17:54",
        "18:54"
    ],
    "saturday": [
        "7:49",
        "8:49",
        "9:54",
        "10:54",
        "11:54",
        "12:54",
        "13:54",
        "14:54",
        "15:54",
        "16:54",
        "17:54",
        "18:54"
    ],
    "holiday": [
        "7:49",
        "8:49",
        "9:54",
        "10:54",
        "11:54",
        "12:54",
        "13:54",
        "14:54",
        "15:54",
        "16:54",
        "17:54",
        "18:54"
    ],
    "url": "https://www.kanachu.co.jp/dia/diagram/timetable01_js/course:0000803846-7/node:00126653/kt:0/lname:/"
}
