{
    "date": "2025/08/30",
    "name": "柏尾(横浜市戸塚区)",
    "position": "-",
    "system": "戸09",
    "destinations": [
        "ポーラ前(横浜市戸塚区)",
        "不動坂(横浜市戸塚区)",
        "ブリヂストン前",
        "元町(横浜市戸塚区)",
        "矢部町",
        "戸塚駅東口"
    ],
    "weekday": [
        "6:59",
        "7:29",
        "8:04",
        "9:06",
        "10:04",
        "11:04",
        "12:04",
        "13:04",
        "14:04",
        "15:04",
        "16:04",
        "17:04",
        "18:04",
        "19:04"
    ],
    "saturday": [
        "7:58",
        "8:59",
        "10:04",
        "11:04",
        "12:04",
        "13:04",
        "14:04",
        "15:04",
        "16:04",
        "17:04",
        "18:04",
        "19:04"
    ],
    "holiday": [
        "7:58",
        "8:59",
        "10:04",
        "11:04",
        "12:04",
        "13:04",
        "14:04",
        "15:04",
        "16:04",
        "17:04",
        "18:04",
        "19:04"
    ],
    "url": "https://www.kanachu.co.jp/dia/diagram/timetable01_js/course:0000803846-12/node:00126615/kt:0/lname:/"
}
