{
    "date": "2025/08/30",
    "name": "ブリヂストン前",
    "position": "-",
    "system": "戸09",
    "destinations": [
        "元町(横浜市戸塚区)",
        "矢部町",
        "戸塚駅東口"
    ],
    "weekday": [
        "7:04",
        "7:34",
        "8:09",
        "9:11",
        "10:09",
        "11:09",
        "12:09",
        "13:09",
        "14:09",
        "15:09",
        "16:09",
        "17:09",
        "18:09",
        "19:08"
    ],
    "saturday": [
        "8:03",
        "9:04",
        "10:09",
        "11:09",
        "12:09",
        "13:09",
        "14:09",
        "15:09",
        "16:09",
        "17:09",
        "18:09",
        "19:08"
    ],
    "holiday": [
        "8:03",
        "9:04",
        "10:09",
        "11:09",
        "12:09",
        "13:09",
        "14:09",
        "15:09",
        "16:09",
        "17:09",
        "18:09",
        "19:08"
    ],
    "url": "https://www.kanachu.co.jp/dia/diagram/timetable01_js/course:0000803846-15/node:00126612/kt:0/lname:/"
}
