{
    "date": "2021/02/22",
    "name": "立野町(平塚市)",
    "position": "-",
    "system": "平94",
    "destinations": [
        "追分(平塚市)",
        "共済病院前総合公園西",
        "中原下宿",
        "中原御殿",
        "中原上宿",
        "大縄橋",
        "豊田本郷駅",
        "西町(平塚市)",
        "大住中学校前",
        "新道城所入口",
        "矢羽根",
        "馬渡(伊勢原市)",
        "下大竹",
        "伊勢原中学校前",
        "伊勢原駅南口"
    ],
    "weekday": [
        "7:13",
        "8:04",
        "8:42",
        "17:27",
        "18:47"
    ],
    "saturday": [],
    "holiday": [],
    "url": "https://www.kanachu.co.jp/dia/diagram/timetable01_js/course:0000800747-5/node:00127555/kt:0/lname:/"
}
