{
    "date": "2021/02/22",
    "name": "中原上宿",
    "position": "-",
    "system": "平94",
    "destinations": [
        "大縄橋",
        "豊田本郷駅",
        "西町(平塚市)",
        "大住中学校前",
        "新道城所入口",
        "矢羽根",
        "馬渡(伊勢原市)",
        "下大竹",
        "伊勢原中学校前",
        "伊勢原駅南口"
    ],
    "weekday": [
        "7:21",
        "8:12",
        "8:50",
        "17:35",
        "18:55"
    ],
    "saturday": [],
    "holiday": [],
    "url": "https://www.kanachu.co.jp/dia/diagram/timetable01_js/course:0000800747-10/node:00128067/kt:0/lname:/"
}
