{
    "date": "2021/02/22",
    "name": "大縄橋",
    "position": "-",
    "system": "平94",
    "destinations": [
        "豊田本郷駅",
        "西町(平塚市)",
        "大住中学校前",
        "新道城所入口",
        "矢羽根",
        "馬渡(伊勢原市)",
        "下大竹",
        "伊勢原中学校前",
        "伊勢原駅南口"
    ],
    "weekday": [
        "7:22",
        "8:13",
        "8:51",
        "17:36",
        "18:56"
    ],
    "saturday": [],
    "holiday": [],
    "url": "https://www.kanachu.co.jp/dia/diagram/timetable01_js/course:0000800747-11/node:00128066/kt:0/lname:/"
}
