{
    "system": "平94",
    "busstops": [
        {
            "index": "1",
            "id": "00127464",
            "name": "平塚駅北口",
            "lat": "35.328506",
            "lng": "139.35074"
        },
        {
            "index": "2",
            "id": "00127190",
            "name": "四ツ角(平塚市)",
            "lat": "35.330828",
            "lng": "139.350049"
        },
        {
            "index": "3",
            "id": "00127553",
            "name": "市役所前(ゴム前/平塚市)",
            "lat": "35.333286",
            "lng": "139.347605"
        },
        {
            "index": "4",
            "id": "00127554",
            "name": "横浜ゴム前",
            "lat": "35.334945",
            "lng": "139.344682"
        },
        {
            "index": "5",
            "id": "00127555",
            "name": "立野町(平塚市)",
            "lat": "35.335611",
            "lng": "139.341704"
        },
        {
            "index": "6",
            "id": "00127556",
            "name": "追分(平塚市)",
            "lat": "35.336162",
            "lng": "139.338963"
        },
        {
            "index": "7",
            "id": "00128222",
            "name": "共済病院前総合公園西",
            "lat": "35.33919",
            "lng": "139.336672"
        },
        {
            "index": "8",
            "id": "00128069",
            "name": "中原下宿",
            "lat": "35.34143",
            "lng": "139.333953"
        },
        {
            "index": "9",
            "id": "00128068",
            "name": "中原御殿",
            "lat": "35.344617",
            "lng": "139.332346"
        },
        {
            "index": "10",
            "id": "00128067",
            "name": "中原上宿",
            "lat": "35.347543",
            "lng": "139.331109"
        },
        {
            "index": "11",
            "id": "00128066",
            "name": "大縄橋",
            "lat": "35.350448",
            "lng": "139.329876"
        },
        {
            "index": "12",
            "id": "00128065",
            "name": "豊田本郷駅",
            "lat": "35.356644",
            "lng": "139.32692"
        },
        {
            "index": "13",
            "id": "00128092",
            "name": "西町(平塚市)",
            "lat": "35.360792",
            "lng": "139.325241"
        },
        {
            "index": "14",
            "id": "00128091",
            "name": "大住中学校前",
            "lat": "35.370005",
            "lng": "139.321593"
        },
        {
            "index": "15",
            "id": "00128090",
            "name": "新道城所入口",
            "lat": "35.376192",
            "lng": "139.319136"
        },
        {
            "index": "16",
            "id": "00128070",
            "name": "矢羽根",
            "lat": "35.380234",
            "lng": "139.317336"
        },
        {
            "index": "17",
            "id": "00128060",
            "name": "馬渡(伊勢原市)",
            "lat": "35.382675",
            "lng": "139.316336"
        },
        {
            "index": "18",
            "id": "00128059",
            "name": "下大竹",
            "lat": "35.386009",
            "lng": "139.316135"
        },
        {
            "index": "19",
            "id": "00128058",
            "name": "伊勢原中学校前",
            "lat": "35.391712",
            "lng": "139.314458"
        },
        {
            "index": "20",
            "id": "00128056",
            "name": "伊勢原駅南口",
            "lat": "35.395235",
            "lng": "139.313139"
        }
    ],
    "route_url": "https://www.kanachu.co.jp/dia/route/index/cid:0000800747/"
}
