{
    "date": "2025/04/01",
    "name": "木曽都営入口",
    "position": "-",
    "system": "町17",
    "destinations": [
        "桧台入口",
        "森野六丁目",
        "森野五丁目",
        "妙延寺(町田市)",
        "町田市役所市民ホール前",
        "町田バスセンター"
    ],
    "weekday": [
        "6:47",
        "7:42",
        "8:52",
        "10:06",
        "11:06",
        "11:51",
        "12:52",
        "13:52",
        "14:52",
        "15:52",
        "17:06",
        "18:02",
        "19:04",
        "19:24"
    ],
    "saturday": [
        "6:55",
        "8:09",
        "9:10",
        "10:10",
        "11:11",
        "12:11",
        "13:11",
        "14:11",
        "15:11",
        "16:11",
        "17:11",
        "18:11",
        "19:08",
        "20:08"
    ],
    "holiday": [
        "6:55",
        "8:00",
        "9:10",
        "10:10",
        "11:11",
        "12:11",
        "13:11",
        "14:11",
        "15:11",
        "16:11",
        "17:11",
        "18:11",
        "19:08",
        "20:08"
    ],
    "url": "https://www.kanachu.co.jp/dia/diagram/timetable01_js/course:0000803215-17/node:00129379/kt:0/lname:/"
}
