{
    "date": "2024/12/16",
    "name": "南鶴牧小学校",
    "position": "-",
    "system": "多61",
    "destinations": [
        "鶴牧五丁目",
        "南野三丁目",
        "落合六丁目",
        "鶴牧センター",
        "富士見通下",
        "鶴牧三丁目",
        "鶴牧西公園入口",
        "多摩郵便局",
        "多摩センター駅"
    ],
    "weekday": [
        "5:13",
        "6:15",
        "6:43"
    ],
    "saturday": [
        "6:20"
    ],
    "holiday": [
        "6:20"
    ],
    "url": "https://www.kanachu.co.jp/dia/diagram/timetable01_js/course:0000800344-2/node:00021067/kt:0/lname:/"
}
