{
    "date": "2024/12/16",
    "name": "鶴牧センター",
    "position": "-",
    "system": "多61",
    "destinations": [
        "富士見通下",
        "鶴牧三丁目",
        "鶴牧西公園入口",
        "多摩郵便局",
        "多摩センター駅"
    ],
    "weekday": [
        "5:18",
        "6:20",
        "6:48"
    ],
    "saturday": [
        "6:25"
    ],
    "holiday": [
        "6:25"
    ],
    "url": "https://www.kanachu.co.jp/dia/diagram/timetable01_js/course:0000800344-6/node:00020941/kt:0/lname:/"
}
