{
    "date": "2021/02/01",
    "name": "開高健記念館",
    "position": "-",
    "system": "",
    "destinations": [
        "東海岸南五丁目",
        "松が丘二丁目(茅ケ崎市)",
        "浜須賀小学校入口",
        "平和町",
        "浜須賀入口",
        "平和学園前(茅ケ崎市)",
        "平和町北",
        "教会前(平和町/茅ケ崎市)",
        "松が丘二丁目北",
        "旭が丘(茅ケ崎市)",
        "若松町(茅ケ崎市)",
        "徳洲会病院前(茅ケ崎市)",
        "茅ヶ崎駅南口",
        "幸町(茅ケ崎市)",
        "徳洲会病院前(茅ケ崎市)",
        "本村二丁目",
        "本村五丁目",
        "市立病院(茅ケ崎市)"
    ],
    "weekday": [
        "7:25",
        "8:45",
        "9:55",
        "11:25",
        "12:35",
        "13:55",
        "15:05",
        "16:15",
        "17:25",
        "18:25"
    ],
    "saturday": [
        "8:45",
        "9:55",
        "11:25",
        "12:35",
        "13:55",
        "15:05",
        "16:15",
        "17:25"
    ],
    "holiday": [
        "8:45",
        "9:55",
        "11:25",
        "12:35",
        "13:55",
        "15:05",
        "16:15",
        "17:25"
    ],
    "url": "https://www.kanachu.co.jp/dia/diagram/timetable01_js/course:0000801043-18/node:00127386/kt:0/lname:/"
}
