{
    "date": "2021/02/01",
    "name": "松が丘二丁目(茅ケ崎市)",
    "position": "-",
    "system": "",
    "destinations": [
        "浜須賀小学校入口",
        "平和町",
        "浜須賀入口",
        "平和学園前(茅ケ崎市)",
        "平和町北",
        "教会前(平和町/茅ケ崎市)",
        "松が丘二丁目北",
        "旭が丘(茅ケ崎市)",
        "若松町(茅ケ崎市)",
        "徳洲会病院前(茅ケ崎市)",
        "茅ヶ崎駅南口",
        "幸町(茅ケ崎市)",
        "徳洲会病院前(茅ケ崎市)",
        "本村二丁目",
        "本村五丁目",
        "市立病院(茅ケ崎市)"
    ],
    "weekday": [
        "7:28",
        "8:48",
        "9:58",
        "11:28",
        "12:38",
        "13:58",
        "15:08",
        "16:18",
        "17:28",
        "18:28"
    ],
    "saturday": [
        "8:48",
        "9:58",
        "11:28",
        "12:38",
        "13:58",
        "15:08",
        "16:18",
        "17:28"
    ],
    "holiday": [
        "8:48",
        "9:58",
        "11:28",
        "12:38",
        "13:58",
        "15:08",
        "16:18",
        "17:28"
    ],
    "url": "https://www.kanachu.co.jp/dia/diagram/timetable01_js/course:0000801043-20/node:00127225/kt:0/lname:/"
}
