{
    "date": "2021/02/01",
    "name": "徳洲会病院前(茅ケ崎市)",
    "position": "-",
    "system": "",
    "destinations": [
        "本村二丁目",
        "本村五丁目",
        "市立病院(茅ケ崎市)"
    ],
    "weekday": [
        "7:41",
        "9:01",
        "10:11",
        "11:41",
        "12:51",
        "14:11",
        "15:21",
        "16:31",
        "17:41",
        "18:41"
    ],
    "saturday": [
        "9:01",
        "10:11",
        "11:41",
        "12:51",
        "14:11",
        "15:21",
        "16:31",
        "17:41"
    ],
    "holiday": [
        "9:01",
        "10:11",
        "11:41",
        "12:51",
        "14:11",
        "15:21",
        "16:31",
        "17:41"
    ],
    "url": "https://www.kanachu.co.jp/dia/diagram/timetable01_js/course:0000801043-33/node:00127242/kt:0/lname:/"
}
