{
    "date": "2021/02/22",
    "name": "平塚駅北口",
    "position": "-",
    "system": "平21",
    "destinations": [
        "銀座通り(平塚市)",
        "平塚文化芸術ホール前",
        "八間通り",
        "豊田道",
        "新豊田道",
        "桧扇町",
        "柳町入口",
        "中里(平塚市)",
        "貴峯荘前",
        "平塚農商高校",
        "上平塚",
        "市民病院前(平塚市)",
        "達上ヶ丘",
        "南原土手",
        "長瀬(平塚市)",
        "長瀬北",
        "熊野神社前(平塚市)",
        "長持根下",
        "成願寺(平塚市)",
        "入野前田",
        "金田公民館"
    ],
    "weekday": [
        "7:55",
        "8:25",
        "9:25",
        "10:25",
        "11:24",
        "12:24",
        "13:25",
        "14:25",
        "15:23",
        "16:25",
        "17:26",
        "18:25"
    ],
    "saturday": [
        "9:48",
        "10:45",
        "11:45",
        "12:45",
        "13:45",
        "14:45",
        "15:48",
        "16:45",
        "17:49"
    ],
    "holiday": [
        "9:48",
        "10:45",
        "11:45",
        "12:45",
        "13:45",
        "14:45",
        "15:48",
        "16:45",
        "17:49"
    ],
    "url": "https://www.kanachu.co.jp/dia/diagram/timetable01_js/course:0000800467-1/node:00127464/kt:0/lname:/"
}
