{
    "date": "2021/02/22",
    "name": "熊野神社前(平塚市)",
    "position": "-",
    "system": "平21",
    "destinations": [
        "長持根下",
        "成願寺(平塚市)",
        "入野前田",
        "金田公民館"
    ],
    "weekday": [
        "8:12",
        "8:42",
        "9:42",
        "10:42",
        "11:41",
        "12:41",
        "13:42",
        "14:42",
        "15:40",
        "16:42",
        "17:43",
        "18:42"
    ],
    "saturday": [
        "10:05",
        "11:02",
        "12:02",
        "13:02",
        "14:02",
        "15:02",
        "16:05",
        "17:02",
        "18:06"
    ],
    "holiday": [
        "10:05",
        "11:02",
        "12:02",
        "13:02",
        "14:02",
        "15:02",
        "16:05",
        "17:02",
        "18:06"
    ],
    "url": "https://www.kanachu.co.jp/dia/diagram/timetable01_js/course:0000800467-18/node:00127701/kt:0/lname:/"
}
