{
    "system": "平21",
    "busstops": [
        {
            "index": "1",
            "id": "00127464",
            "name": "平塚駅北口",
            "lat": "35.329255",
            "lng": "139.350287"
        },
        {
            "index": "2",
            "id": "00127465",
            "name": "銀座通り(平塚市)",
            "lat": "35.329601",
            "lng": "139.348024"
        },
        {
            "index": "3",
            "id": "00127466",
            "name": "平塚文化芸術ホール前",
            "lat": "35.328853",
            "lng": "139.344531"
        },
        {
            "index": "4",
            "id": "00127467",
            "name": "八間通り",
            "lat": "35.327918",
            "lng": "139.340189"
        },
        {
            "index": "5",
            "id": "00127468",
            "name": "豊田道",
            "lat": "35.327492",
            "lng": "139.338433"
        },
        {
            "index": "6",
            "id": "00127585",
            "name": "新豊田道",
            "lat": "35.327649",
            "lng": "139.337021"
        },
        {
            "index": "7",
            "id": "00127586",
            "name": "桧扇町",
            "lat": "35.329383",
            "lng": "139.336192"
        },
        {
            "index": "8",
            "id": "00127595",
            "name": "柳町入口",
            "lat": "35.329243",
            "lng": "139.332963"
        },
        {
            "index": "9",
            "id": "00127596",
            "name": "中里(平塚市)",
            "lat": "35.331391",
            "lng": "139.33167"
        },
        {
            "index": "10",
            "id": "00127591",
            "name": "貴峯荘前",
            "lat": "35.333283",
            "lng": "139.330884"
        },
        {
            "index": "11",
            "id": "00127592",
            "name": "平塚農商高校",
            "lat": "35.33287",
            "lng": "139.328521"
        },
        {
            "index": "12",
            "id": "00127572",
            "name": "上平塚",
            "lat": "35.333821",
            "lng": "139.325115"
        },
        {
            "index": "13",
            "id": "00127583",
            "name": "市民病院前(平塚市)",
            "lat": "35.336142",
            "lng": "139.325203"
        },
        {
            "index": "14",
            "id": "00127584",
            "name": "達上ヶ丘",
            "lat": "35.335552",
            "lng": "139.323916"
        },
        {
            "index": "15",
            "id": "00127560",
            "name": "南原土手",
            "lat": "35.340468",
            "lng": "139.32206"
        },
        {
            "index": "16",
            "id": "00127738",
            "name": "長瀬(平塚市)",
            "lat": "35.343418",
            "lng": "139.320732"
        },
        {
            "index": "17",
            "id": "00127700",
            "name": "長瀬北",
            "lat": "35.346048",
            "lng": "139.319876"
        },
        {
            "index": "18",
            "id": "00127701",
            "name": "熊野神社前(平塚市)",
            "lat": "35.347443",
            "lng": "139.319926"
        },
        {
            "index": "19",
            "id": "00127702",
            "name": "長持根下",
            "lat": "35.349131",
            "lng": "139.319974"
        },
        {
            "index": "20",
            "id": "00127703",
            "name": "成願寺(平塚市)",
            "lat": "35.350147",
            "lng": "139.320142"
        },
        {
            "index": "21",
            "id": "00127704",
            "name": "入野前田",
            "lat": "35.352178",
            "lng": "139.320093"
        },
        {
            "index": "22",
            "id": "00127705",
            "name": "金田公民館",
            "lat": "35.35345",
            "lng": "139.320083"
        }
    ],
    "route_url": "https://www.kanachu.co.jp/dia/route/index/cid:0000800467/"
}
