{
    "date": "2025/04/19",
    "name": "向陽小学校前",
    "position": "-",
    "system": "橋55",
    "destinations": [
        "氷川神社前(相模原市中央区)",
        "清新本町",
        "相模原駅前郵便局",
        "相模原駅南口"
    ],
    "weekday": [
        "6:59",
        "7:29",
        "8:00",
        "8:25",
        "8:49",
        "9:39",
        "10:29",
        "11:19",
        "12:09",
        "12:59",
        "13:49",
        "14:39",
        "15:29",
        "16:19",
        "17:10",
        "18:00",
        "18:25",
        "19:14",
        "20:04"
    ],
    "saturday": [
        "7:23",
        "8:23",
        "9:23",
        "10:23",
        "11:24",
        "12:24",
        "13:24",
        "14:24",
        "15:24",
        "16:24",
        "17:24",
        "18:23"
    ],
    "holiday": [
        "7:23",
        "8:23",
        "9:23",
        "10:23",
        "11:23",
        "12:23",
        "13:23",
        "14:23",
        "15:23",
        "16:23",
        "17:23",
        "18:23"
    ],
    "url": "https://www.kanachu.co.jp/dia/diagram/timetable01_js/course:0000802357-9/node:00020314/kt:0/lname:/"
}
