{
    "date": "2024/04/01",
    "name": "大川橋(秦野市)",
    "position": "-",
    "system": "秦51",
    "destinations": [
        "上宿通り",
        "大道(秦野市)",
        "上大道",
        "宮前(秦野市)",
        "宮上(秦野市)",
        "榎木堂",
        "六反地",
        "田原入口",
        "羽根入口",
        "三屋入口",
        "戸川入口",
        "菩提原",
        "菩提(秦野市)",
        "横野入口",
        "戸沢入口",
        "戸川",
        "平和橋(秦野市)",
        "大倉入口",
        "関(秦野市)",
        "堀川",
        "堀西駐在所前",
        "中道(秦野市)",
        "西小学校前(秦野市)",
        "西中学校前(秦野市)",
        "柳町(秦野市)",
        "渋沢駅北口"
    ],
    "weekday": [
        "6:31",
        "6:46",
        "6:58",
        "7:06",
        "7:16",
        "7:31",
        "7:42",
        "8:01",
        "8:21",
        "8:51",
        "9:21",
        "9:51",
        "10:21",
        "10:51",
        "11:21",
        "11:51",
        "12:21",
        "12:51",
        "13:21",
        "13:51",
        "14:21",
        "14:51",
        "15:21",
        "15:51",
        "16:11",
        "16:30",
        "16:49",
        "17:06",
        "17:26",
        "17:46",
        "18:06",
        "18:26",
        "18:46",
        "19:13",
        "19:43",
        "20:28",
        "21:13",
        "21:55"
    ],
    "saturday": [
        "6:41",
        "7:11",
        "7:41",
        "8:11",
        "8:41",
        "9:11",
        "9:41",
        "10:11",
        "10:41",
        "11:11",
        "11:41",
        "12:11",
        "12:41",
        "13:11",
        "13:41",
        "14:11",
        "14:41",
        "15:11",
        "15:41",
        "16:11",
        "16:41",
        "17:11",
        "17:41",
        "18:11",
        "18:41",
        "19:11",
        "19:41",
        "20:11",
        "20:51",
        "21:36"
    ],
    "holiday": [
        "6:41",
        "7:11",
        "7:41",
        "8:11",
        "8:41",
        "9:11",
        "9:41",
        "10:11",
        "10:41",
        "11:11",
        "11:41",
        "12:11",
        "12:41",
        "13:11",
        "13:41",
        "14:11",
        "14:41",
        "15:11",
        "15:41",
        "16:11",
        "16:41",
        "17:11",
        "17:41",
        "18:11",
        "18:41",
        "19:11",
        "19:41",
        "20:11",
        "20:51",
        "21:36"
    ],
    "url": "https://www.kanachu.co.jp/dia/diagram/timetable01_js/course:0000801346-2/node:00127716/kt:0/lname:/"
}
