{
    "date": "2024/04/01",
    "name": "横野入口",
    "position": "-",
    "system": "秦51",
    "destinations": [
        "戸沢入口",
        "戸川",
        "平和橋(秦野市)",
        "大倉入口",
        "関(秦野市)",
        "堀川",
        "堀西駐在所前",
        "中道(秦野市)",
        "西小学校前(秦野市)",
        "西中学校前(秦野市)",
        "柳町(秦野市)",
        "渋沢駅北口"
    ],
    "weekday": [
        "6:45",
        "7:00",
        "7:15",
        "7:23",
        "7:33",
        "7:48",
        "7:59",
        "8:18",
        "8:36",
        "9:05",
        "9:35",
        "10:05",
        "10:35",
        "11:05",
        "11:35",
        "12:05",
        "12:35",
        "13:05",
        "13:35",
        "14:05",
        "14:35",
        "15:05",
        "15:35",
        "16:05",
        "16:25",
        "16:44",
        "17:03",
        "17:20",
        "17:40",
        "18:00",
        "18:20",
        "18:40",
        "19:00",
        "19:27",
        "19:57",
        "20:42",
        "21:27",
        "22:09"
    ],
    "saturday": [
        "6:55",
        "7:25",
        "7:55",
        "8:25",
        "8:55",
        "9:25",
        "9:55",
        "10:25",
        "10:55",
        "11:25",
        "11:55",
        "12:25",
        "12:55",
        "13:25",
        "13:55",
        "14:25",
        "14:55",
        "15:25",
        "15:55",
        "16:25",
        "16:55",
        "17:25",
        "17:55",
        "18:25",
        "18:55",
        "19:25",
        "19:55",
        "20:25",
        "21:05",
        "21:50"
    ],
    "holiday": [
        "6:55",
        "7:25",
        "7:55",
        "8:25",
        "8:55",
        "9:25",
        "9:55",
        "10:25",
        "10:55",
        "11:25",
        "11:55",
        "12:25",
        "12:55",
        "13:25",
        "13:55",
        "14:25",
        "14:55",
        "15:25",
        "15:55",
        "16:25",
        "16:55",
        "17:25",
        "17:55",
        "18:25",
        "18:55",
        "19:25",
        "19:55",
        "20:25",
        "21:05",
        "21:50"
    ],
    "url": "https://www.kanachu.co.jp/dia/diagram/timetable01_js/course:0000801346-16/node:00127888/kt:0/lname:/"
}
