{
    "date": "2024/04/01",
    "name": "大倉入口",
    "position": "-",
    "system": "秦51",
    "destinations": [
        "関(秦野市)",
        "堀川",
        "堀西駐在所前",
        "中道(秦野市)",
        "西小学校前(秦野市)",
        "西中学校前(秦野市)",
        "柳町(秦野市)",
        "渋沢駅北口"
    ],
    "weekday": [
        "6:49",
        "7:04",
        "7:19",
        "7:27",
        "7:37",
        "7:52",
        "8:03",
        "8:22",
        "8:40",
        "9:09",
        "9:39",
        "10:09",
        "10:39",
        "11:09",
        "11:39",
        "12:09",
        "12:39",
        "13:09",
        "13:39",
        "14:09",
        "14:39",
        "15:09",
        "15:39",
        "16:09",
        "16:29",
        "16:48",
        "17:07",
        "17:24",
        "17:44",
        "18:04",
        "18:24",
        "18:44",
        "19:04",
        "19:31",
        "20:01",
        "20:46",
        "21:31",
        "22:13"
    ],
    "saturday": [
        "6:59",
        "7:29",
        "7:59",
        "8:29",
        "8:59",
        "9:29",
        "9:59",
        "10:29",
        "10:59",
        "11:29",
        "11:59",
        "12:29",
        "12:59",
        "13:29",
        "13:59",
        "14:29",
        "14:59",
        "15:29",
        "15:59",
        "16:29",
        "16:59",
        "17:29",
        "17:59",
        "18:29",
        "18:59",
        "19:29",
        "19:59",
        "20:29",
        "21:09",
        "21:54"
    ],
    "holiday": [
        "6:59",
        "7:29",
        "7:59",
        "8:29",
        "8:59",
        "9:29",
        "9:59",
        "10:29",
        "10:59",
        "11:29",
        "11:59",
        "12:29",
        "12:59",
        "13:29",
        "13:59",
        "14:29",
        "14:59",
        "15:29",
        "15:59",
        "16:29",
        "16:59",
        "17:29",
        "17:59",
        "18:29",
        "18:59",
        "19:29",
        "19:59",
        "20:29",
        "21:09",
        "21:54"
    ],
    "url": "https://www.kanachu.co.jp/dia/diagram/timetable01_js/course:0000801346-20/node:00127892/kt:0/lname:/"
}
