{
    "date": "2024/04/01",
    "name": "堀西駐在所前",
    "position": "-",
    "system": "秦51",
    "destinations": [
        "中道(秦野市)",
        "西小学校前(秦野市)",
        "西中学校前(秦野市)",
        "柳町(秦野市)",
        "渋沢駅北口"
    ],
    "weekday": [
        "6:51",
        "7:06",
        "7:21",
        "7:29",
        "7:39",
        "7:54",
        "8:05",
        "8:24",
        "8:42",
        "9:11",
        "9:41",
        "10:11",
        "10:41",
        "11:11",
        "11:41",
        "12:11",
        "12:41",
        "13:11",
        "13:41",
        "14:11",
        "14:41",
        "15:11",
        "15:41",
        "16:11",
        "16:31",
        "16:50",
        "17:09",
        "17:26",
        "17:46",
        "18:06",
        "18:26",
        "18:46",
        "19:06",
        "19:33",
        "20:03",
        "20:48",
        "21:33",
        "22:15"
    ],
    "saturday": [
        "7:01",
        "7:31",
        "8:01",
        "8:31",
        "9:01",
        "9:31",
        "10:01",
        "10:31",
        "11:01",
        "11:31",
        "12:01",
        "12:31",
        "13:01",
        "13:31",
        "14:01",
        "14:31",
        "15:01",
        "15:31",
        "16:01",
        "16:31",
        "17:01",
        "17:31",
        "18:01",
        "18:31",
        "19:01",
        "19:31",
        "20:01",
        "20:31",
        "21:11",
        "21:56"
    ],
    "holiday": [
        "7:01",
        "7:31",
        "8:01",
        "8:31",
        "9:01",
        "9:31",
        "10:01",
        "10:31",
        "11:01",
        "11:31",
        "12:01",
        "12:31",
        "13:01",
        "13:31",
        "14:01",
        "14:31",
        "15:01",
        "15:31",
        "16:01",
        "16:31",
        "17:01",
        "17:31",
        "18:01",
        "18:31",
        "19:01",
        "19:31",
        "20:01",
        "20:31",
        "21:11",
        "21:56"
    ],
    "url": "https://www.kanachu.co.jp/dia/diagram/timetable01_js/course:0000801346-23/node:00128052/kt:0/lname:/"
}
