{
    "date": "2024/04/01",
    "name": "中道(秦野市)",
    "position": "-",
    "system": "秦51",
    "destinations": [
        "西小学校前(秦野市)",
        "西中学校前(秦野市)",
        "柳町(秦野市)",
        "渋沢駅北口"
    ],
    "weekday": [
        "6:53",
        "7:08",
        "7:23",
        "7:31",
        "7:41",
        "7:56",
        "8:07",
        "8:26",
        "8:44",
        "9:13",
        "9:43",
        "10:13",
        "10:43",
        "11:13",
        "11:43",
        "12:13",
        "12:43",
        "13:13",
        "13:43",
        "14:13",
        "14:43",
        "15:13",
        "15:43",
        "16:13",
        "16:33",
        "16:52",
        "17:11",
        "17:28",
        "17:48",
        "18:08",
        "18:28",
        "18:48",
        "19:08",
        "19:35",
        "20:05",
        "20:50",
        "21:35",
        "22:17"
    ],
    "saturday": [
        "7:03",
        "7:33",
        "8:03",
        "8:33",
        "9:03",
        "9:33",
        "10:03",
        "10:33",
        "11:03",
        "11:33",
        "12:03",
        "12:33",
        "13:03",
        "13:33",
        "14:03",
        "14:33",
        "15:03",
        "15:33",
        "16:03",
        "16:33",
        "17:03",
        "17:33",
        "18:03",
        "18:33",
        "19:03",
        "19:33",
        "20:03",
        "20:33",
        "21:13",
        "21:58"
    ],
    "holiday": [
        "7:03",
        "7:33",
        "8:03",
        "8:33",
        "9:03",
        "9:33",
        "10:03",
        "10:33",
        "11:03",
        "11:33",
        "12:03",
        "12:33",
        "13:03",
        "13:33",
        "14:03",
        "14:33",
        "15:03",
        "15:33",
        "16:03",
        "16:33",
        "17:03",
        "17:33",
        "18:03",
        "18:33",
        "19:03",
        "19:33",
        "20:03",
        "20:33",
        "21:13",
        "21:58"
    ],
    "url": "https://www.kanachu.co.jp/dia/diagram/timetable01_js/course:0000801346-24/node:00127895/kt:0/lname:/"
}
