{
    "date": "2025/01/14",
    "name": "睦合東中学校入口",
    "position": "-",
    "system": "厚09",
    "destinations": [
        "三田十日市場",
        "東河原入口",
        "屋際",
        "山王坂上",
        "宿原入口"
    ],
    "weekday": [
        "7:11",
        "7:44",
        "8:14",
        "8:46",
        "9:15",
        "9:46",
        "10:16",
        "10:48",
        "11:18",
        "11:46",
        "12:18",
        "12:46",
        "13:18",
        "13:46",
        "14:16",
        "14:46",
        "15:16",
        "15:46",
        "16:17",
        "16:47",
        "17:17",
        "17:47",
        "18:17",
        "18:37",
        "18:57",
        "19:15",
        "19:34",
        "20:04",
        "20:34",
        "21:14",
        "21:52"
    ],
    "saturday": [
        "7:41",
        "8:21",
        "9:02",
        "9:45",
        "10:25",
        "11:07",
        "11:45",
        "12:25",
        "13:05",
        "13:45",
        "14:25",
        "15:05",
        "15:46",
        "16:26",
        "17:06",
        "17:46",
        "18:26",
        "19:15",
        "20:04",
        "20:54",
        "21:47"
    ],
    "holiday": [
        "8:24",
        "9:04",
        "9:44",
        "10:25",
        "11:05",
        "11:45",
        "12:25",
        "13:05",
        "13:45",
        "14:25",
        "15:05",
        "15:45",
        "16:25",
        "17:05",
        "17:45",
        "18:25",
        "19:15",
        "20:04",
        "20:54",
        "21:47"
    ],
    "url": "https://www.kanachu.co.jp/dia/diagram/timetable01_js/course:0000801691-10/node:00130294/kt:0/lname:/"
}
