{
    "date": "2025/01/14",
    "name": "山王坂上",
    "position": "-",
    "system": "厚09",
    "destinations": [
        "宿原入口"
    ],
    "weekday": [
        "7:17",
        "7:50",
        "8:20",
        "8:52",
        "9:21",
        "9:52",
        "10:22",
        "10:54",
        "11:24",
        "11:52",
        "12:24",
        "12:52",
        "13:24",
        "13:52",
        "14:22",
        "14:52",
        "15:22",
        "15:52",
        "16:23",
        "16:53",
        "17:23",
        "17:53",
        "18:23",
        "18:43",
        "19:03",
        "19:21",
        "19:40",
        "20:10",
        "20:40",
        "21:20",
        "21:58"
    ],
    "saturday": [
        "7:45",
        "8:25",
        "9:06",
        "9:49",
        "10:29",
        "11:11",
        "11:49",
        "12:29",
        "13:09",
        "13:49",
        "14:29",
        "15:09",
        "15:50",
        "16:30",
        "17:10",
        "17:50",
        "18:30",
        "19:19",
        "20:08",
        "20:58",
        "21:51"
    ],
    "holiday": [
        "8:28",
        "9:08",
        "9:48",
        "10:29",
        "11:09",
        "11:49",
        "12:29",
        "13:09",
        "13:49",
        "14:29",
        "15:09",
        "15:49",
        "16:29",
        "17:09",
        "17:49",
        "18:29",
        "19:19",
        "20:08",
        "20:58",
        "21:51"
    ],
    "url": "https://www.kanachu.co.jp/dia/diagram/timetable01_js/course:0000801691-14/node:00128312/kt:0/lname:/"
}
