{
    "date": "2025/05/11",
    "name": "笠間一丁目",
    "position": "-",
    "system": "船09",
    "destinations": [
        "岩井口",
        "笠間町",
        "笠間十字路",
        "平島(鎌倉市)",
        "鎌倉女子大前",
        "公田",
        "栄警察署前",
        "天神橋(横浜市栄区)",
        "南河内(横浜市栄区)",
        "本郷小学校前",
        "本郷(横浜市栄区)",
        "中野町",
        "稲荷森",
        "山手学院入口",
        "本郷車庫前(横浜市栄区)",
        "紅葉橋(横浜市栄区)",
        "光明寺(横浜市栄区)",
        "みどりが丘南",
        "みどりが丘(横浜市栄区)",
        "みどりが丘東"
    ],
    "weekday": [
        "7:11",
        "7:49",
        "8:11",
        "8:36",
        "9:18",
        "9:46",
        "10:16",
        "10:46",
        "11:16",
        "11:46",
        "12:16",
        "12:46",
        "13:16",
        "13:46",
        "14:16",
        "14:46",
        "15:16",
        "15:46",
        "16:16",
        "16:46",
        "17:16",
        "17:46",
        "18:16",
        "18:46",
        "19:16",
        "19:31",
        "20:01",
        "20:31",
        "21:01",
        "21:49",
        "22:31"
    ],
    "saturday": [
        "8:06",
        "8:46",
        "9:26",
        "10:06",
        "10:46",
        "11:16",
        "12:06",
        "12:46",
        "13:26",
        "14:06",
        "14:46",
        "15:26",
        "16:06",
        "16:46",
        "17:26",
        "18:01",
        "18:31",
        "19:06",
        "19:46",
        "20:06",
        "21:06"
    ],
    "holiday": [
        "8:06",
        "8:46",
        "9:26",
        "10:06",
        "10:46",
        "11:16",
        "12:06",
        "12:46",
        "13:26",
        "14:06",
        "14:46",
        "15:26",
        "16:06",
        "16:46",
        "17:26",
        "18:01",
        "18:31",
        "19:06",
        "19:46",
        "20:06",
        "21:06"
    ],
    "url": "https://www.kanachu.co.jp/dia/diagram/timetable01_js/course:0000802788-2/node:00126500/kt:0/lname:/"
}
