{
    "date": "2025/05/11",
    "name": "鎌倉女子大前",
    "position": "-",
    "system": "船09",
    "destinations": [
        "公田",
        "栄警察署前",
        "天神橋(横浜市栄区)",
        "南河内(横浜市栄区)",
        "本郷小学校前",
        "本郷(横浜市栄区)",
        "中野町",
        "稲荷森",
        "山手学院入口",
        "本郷車庫前(横浜市栄区)",
        "紅葉橋(横浜市栄区)",
        "光明寺(横浜市栄区)",
        "みどりが丘南",
        "みどりが丘(横浜市栄区)",
        "みどりが丘東"
    ],
    "weekday": [
        "7:17",
        "7:55",
        "8:17",
        "8:42",
        "9:24",
        "9:52",
        "10:22",
        "10:52",
        "11:22",
        "11:52",
        "12:22",
        "12:52",
        "13:22",
        "13:52",
        "14:22",
        "14:52",
        "15:22",
        "15:52",
        "16:22",
        "16:52",
        "17:22",
        "17:52",
        "18:22",
        "18:52",
        "19:22",
        "19:37",
        "20:06",
        "20:36",
        "21:06",
        "21:54",
        "22:36"
    ],
    "saturday": [
        "8:12",
        "8:52",
        "9:32",
        "10:12",
        "10:52",
        "11:22",
        "12:12",
        "12:52",
        "13:32",
        "14:12",
        "14:52",
        "15:33",
        "16:13",
        "16:53",
        "17:33",
        "18:08",
        "18:38",
        "19:12",
        "19:52",
        "20:11",
        "21:11"
    ],
    "holiday": [
        "8:12",
        "8:52",
        "9:32",
        "10:12",
        "10:52",
        "11:22",
        "12:12",
        "12:52",
        "13:32",
        "14:12",
        "14:52",
        "15:33",
        "16:13",
        "16:53",
        "17:33",
        "18:08",
        "18:38",
        "19:12",
        "19:52",
        "20:11",
        "21:11"
    ],
    "url": "https://www.kanachu.co.jp/dia/diagram/timetable01_js/course:0000802788-7/node:00126505/kt:0/lname:/"
}
