{
    "date": "2025/05/11",
    "name": "公田",
    "position": "-",
    "system": "船09",
    "destinations": [
        "栄警察署前",
        "天神橋(横浜市栄区)",
        "南河内(横浜市栄区)",
        "本郷小学校前",
        "本郷(横浜市栄区)",
        "中野町",
        "稲荷森",
        "山手学院入口",
        "本郷車庫前(横浜市栄区)",
        "紅葉橋(横浜市栄区)",
        "光明寺(横浜市栄区)",
        "みどりが丘南",
        "みどりが丘(横浜市栄区)",
        "みどりが丘東"
    ],
    "weekday": [
        "7:19",
        "7:57",
        "8:19",
        "8:44",
        "9:26",
        "9:54",
        "10:24",
        "10:54",
        "11:24",
        "11:54",
        "12:24",
        "12:54",
        "13:24",
        "13:54",
        "14:24",
        "14:54",
        "15:24",
        "15:54",
        "16:24",
        "16:54",
        "17:24",
        "17:54",
        "18:24",
        "18:54",
        "19:24",
        "19:39",
        "20:08",
        "20:38",
        "21:08",
        "21:56",
        "22:38"
    ],
    "saturday": [
        "8:14",
        "8:54",
        "9:34",
        "10:14",
        "10:54",
        "11:24",
        "12:14",
        "12:54",
        "13:34",
        "14:14",
        "14:54",
        "15:35",
        "16:15",
        "16:55",
        "17:35",
        "18:10",
        "18:40",
        "19:14",
        "19:54",
        "20:13",
        "21:13"
    ],
    "holiday": [
        "8:14",
        "8:54",
        "9:34",
        "10:14",
        "10:54",
        "11:24",
        "12:14",
        "12:54",
        "13:34",
        "14:14",
        "14:54",
        "15:35",
        "16:15",
        "16:55",
        "17:35",
        "18:10",
        "18:40",
        "19:14",
        "19:54",
        "20:13",
        "21:13"
    ],
    "url": "https://www.kanachu.co.jp/dia/diagram/timetable01_js/course:0000802788-8/node:00126506/kt:0/lname:/"
}
