{
    "date": "2025/05/11",
    "name": "天神橋(横浜市栄区)",
    "position": "-",
    "system": "船09",
    "destinations": [
        "南河内(横浜市栄区)",
        "本郷小学校前",
        "本郷(横浜市栄区)",
        "中野町",
        "稲荷森",
        "山手学院入口",
        "本郷車庫前(横浜市栄区)",
        "紅葉橋(横浜市栄区)",
        "光明寺(横浜市栄区)",
        "みどりが丘南",
        "みどりが丘(横浜市栄区)",
        "みどりが丘東"
    ],
    "weekday": [
        "7:21",
        "7:59",
        "8:21",
        "8:46",
        "9:28",
        "9:56",
        "10:26",
        "10:56",
        "11:26",
        "11:56",
        "12:26",
        "12:56",
        "13:26",
        "13:56",
        "14:26",
        "14:56",
        "15:26",
        "15:56",
        "16:26",
        "16:56",
        "17:26",
        "17:56",
        "18:26",
        "18:56",
        "19:26",
        "19:41",
        "20:10",
        "20:40",
        "21:10",
        "21:58",
        "22:40"
    ],
    "saturday": [
        "8:16",
        "8:56",
        "9:36",
        "10:16",
        "10:56",
        "11:26",
        "12:16",
        "12:56",
        "13:36",
        "14:16",
        "14:56",
        "15:37",
        "16:17",
        "16:57",
        "17:37",
        "18:12",
        "18:42",
        "19:16",
        "19:56",
        "20:15",
        "21:15"
    ],
    "holiday": [
        "8:16",
        "8:56",
        "9:36",
        "10:16",
        "10:56",
        "11:26",
        "12:16",
        "12:56",
        "13:36",
        "14:16",
        "14:56",
        "15:37",
        "16:17",
        "16:57",
        "17:37",
        "18:12",
        "18:42",
        "19:16",
        "19:56",
        "20:15",
        "21:15"
    ],
    "url": "https://www.kanachu.co.jp/dia/diagram/timetable01_js/course:0000802788-10/node:00126507/kt:0/lname:/"
}
