{
    "date": "2025/05/11",
    "name": "本郷(横浜市栄区)",
    "position": "-",
    "system": "船09",
    "destinations": [
        "中野町",
        "稲荷森",
        "山手学院入口",
        "本郷車庫前(横浜市栄区)",
        "紅葉橋(横浜市栄区)",
        "光明寺(横浜市栄区)",
        "みどりが丘南",
        "みどりが丘(横浜市栄区)",
        "みどりが丘東"
    ],
    "weekday": [
        "7:24",
        "8:02",
        "8:24",
        "8:49",
        "9:31",
        "9:59",
        "10:29",
        "10:59",
        "11:29",
        "11:59",
        "12:29",
        "12:59",
        "13:29",
        "13:59",
        "14:29",
        "14:59",
        "15:29",
        "15:59",
        "16:29",
        "16:59",
        "17:29",
        "17:59",
        "18:29",
        "18:59",
        "19:29",
        "19:44",
        "20:13",
        "20:43",
        "21:13",
        "22:01",
        "22:43"
    ],
    "saturday": [
        "8:19",
        "8:59",
        "9:39",
        "10:21",
        "11:01",
        "11:31",
        "12:21",
        "13:01",
        "13:41",
        "14:21",
        "15:01",
        "15:41",
        "16:21",
        "17:01",
        "17:41",
        "18:16",
        "18:46",
        "19:19",
        "19:59",
        "20:18",
        "21:18"
    ],
    "holiday": [
        "8:19",
        "8:59",
        "9:39",
        "10:21",
        "11:01",
        "11:31",
        "12:21",
        "13:01",
        "13:41",
        "14:21",
        "15:01",
        "15:41",
        "16:21",
        "17:01",
        "17:41",
        "18:16",
        "18:46",
        "19:19",
        "19:59",
        "20:18",
        "21:18"
    ],
    "url": "https://www.kanachu.co.jp/dia/diagram/timetable01_js/course:0000802788-13/node:00126510/kt:0/lname:/"
}
