{
    "date": "2025/05/11",
    "name": "本郷車庫前(横浜市栄区)",
    "position": "-",
    "system": "船09",
    "destinations": [
        "紅葉橋(横浜市栄区)",
        "光明寺(横浜市栄区)",
        "みどりが丘南",
        "みどりが丘(横浜市栄区)",
        "みどりが丘東"
    ],
    "weekday": [
        "7:28",
        "8:06",
        "8:28",
        "8:53",
        "9:35",
        "10:03",
        "10:33",
        "11:03",
        "11:33",
        "12:03",
        "12:33",
        "13:03",
        "13:33",
        "14:03",
        "14:33",
        "15:03",
        "15:33",
        "16:03",
        "16:33",
        "17:03",
        "17:33",
        "18:03",
        "18:33",
        "19:03",
        "19:32",
        "19:47",
        "20:16",
        "20:46",
        "21:16",
        "22:04",
        "22:46"
    ],
    "saturday": [
        "8:23",
        "9:03",
        "9:43",
        "10:27",
        "11:07",
        "11:37",
        "12:27",
        "13:07",
        "13:47",
        "14:27",
        "15:07",
        "15:47",
        "16:27",
        "17:07",
        "17:47",
        "18:22",
        "18:52",
        "19:22",
        "20:02",
        "20:21",
        "21:21"
    ],
    "holiday": [
        "8:23",
        "9:03",
        "9:43",
        "10:27",
        "11:07",
        "11:37",
        "12:27",
        "13:07",
        "13:47",
        "14:27",
        "15:07",
        "15:47",
        "16:27",
        "17:07",
        "17:47",
        "18:22",
        "18:52",
        "19:22",
        "20:02",
        "20:21",
        "21:21"
    ],
    "url": "https://www.kanachu.co.jp/dia/diagram/timetable01_js/course:0000802788-17/node:00025683/kt:0/lname:/"
}
