{
    "date": "2025/05/11",
    "name": "紅葉橋(横浜市栄区)",
    "position": "-",
    "system": "船09",
    "destinations": [
        "光明寺(横浜市栄区)",
        "みどりが丘南",
        "みどりが丘(横浜市栄区)",
        "みどりが丘東"
    ],
    "weekday": [
        "7:30",
        "8:08",
        "8:30",
        "8:55",
        "9:37",
        "10:05",
        "10:35",
        "11:05",
        "11:35",
        "12:05",
        "12:35",
        "13:05",
        "13:35",
        "14:05",
        "14:35",
        "15:05",
        "15:35",
        "16:05",
        "16:35",
        "17:05",
        "17:35",
        "18:05",
        "18:35",
        "19:05",
        "19:34",
        "19:49",
        "20:17",
        "20:47",
        "21:17",
        "22:05",
        "22:47"
    ],
    "saturday": [
        "8:25",
        "9:05",
        "9:45",
        "10:29",
        "11:09",
        "11:39",
        "12:29",
        "13:09",
        "13:49",
        "14:29",
        "15:09",
        "15:49",
        "16:29",
        "17:09",
        "17:49",
        "18:24",
        "18:54",
        "19:24",
        "20:03",
        "20:22",
        "21:22"
    ],
    "holiday": [
        "8:25",
        "9:05",
        "9:45",
        "10:29",
        "11:09",
        "11:39",
        "12:29",
        "13:09",
        "13:49",
        "14:29",
        "15:09",
        "15:49",
        "16:29",
        "17:09",
        "17:49",
        "18:24",
        "18:54",
        "19:24",
        "20:03",
        "20:22",
        "21:22"
    ],
    "url": "https://www.kanachu.co.jp/dia/diagram/timetable01_js/course:0000802788-18/node:00126514/kt:0/lname:/"
}
