{
    "date": "2025/05/11",
    "name": "みどりが丘(横浜市栄区)",
    "position": "-",
    "system": "船09",
    "destinations": [
        "みどりが丘東"
    ],
    "weekday": [
        "7:34",
        "8:12",
        "8:34",
        "8:59",
        "9:41",
        "10:09",
        "10:39",
        "11:09",
        "11:39",
        "12:09",
        "12:39",
        "13:09",
        "13:39",
        "14:09",
        "14:39",
        "15:09",
        "15:39",
        "16:09",
        "16:39",
        "17:09",
        "17:39",
        "18:09",
        "18:39",
        "19:08",
        "19:37",
        "19:52",
        "20:20",
        "20:50",
        "21:20",
        "22:08",
        "22:50"
    ],
    "saturday": [
        "8:28",
        "9:08",
        "9:48",
        "10:32",
        "11:12",
        "11:42",
        "12:32",
        "13:12",
        "13:52",
        "14:32",
        "15:12",
        "15:52",
        "16:32",
        "17:12",
        "17:52",
        "18:27",
        "18:57",
        "19:27",
        "20:06",
        "20:25",
        "21:25"
    ],
    "holiday": [
        "8:28",
        "9:08",
        "9:48",
        "10:32",
        "11:12",
        "11:42",
        "12:32",
        "13:12",
        "13:52",
        "14:32",
        "15:12",
        "15:52",
        "16:32",
        "17:12",
        "17:52",
        "18:27",
        "18:57",
        "19:27",
        "20:06",
        "20:25",
        "21:25"
    ],
    "url": "https://www.kanachu.co.jp/dia/diagram/timetable01_js/course:0000802788-21/node:00126529/kt:0/lname:/"
}
