{
    "date": "2024/07/01",
    "name": "洞窟前",
    "position": "-",
    "system": "戸72",
    "destinations": [
        "山王(横浜市栄区)",
        "住友電工前",
        "金井高校前",
        "辻前",
        "金井(横浜市栄区)",
        "日ノ出橋(横浜市戸塚区)",
        "ヒルズ南戸塚",
        "下郷(横浜市戸塚区)",
        "長久保(横浜市戸塚区)",
        "法務局前(横浜市戸塚区)",
        "皇谷台団地",
        "東電前(横浜市戸塚区)",
        "八坂神社前",
        "消防署前(横浜市戸塚区)",
        "戸塚駅西口",
        "戸塚バスセンター"
    ],
    "weekday": [
        "6:15",
        "6:32",
        "6:46",
        "8:51",
        "9:07",
        "9:27",
        "9:47",
        "10:07",
        "10:27",
        "10:47",
        "11:07",
        "11:27",
        "11:47",
        "12:07",
        "12:27",
        "12:47",
        "13:07",
        "13:27",
        "13:47",
        "14:07",
        "14:27",
        "14:47",
        "15:07",
        "15:27",
        "15:47",
        "16:07",
        "16:27",
        "16:47"
    ],
    "saturday": [
        "6:15",
        "6:42",
        "7:12",
        "7:42",
        "8:02",
        "8:22",
        "8:47",
        "9:17",
        "9:47",
        "10:17",
        "10:47",
        "11:17",
        "11:47",
        "12:17",
        "12:47",
        "13:17",
        "13:47",
        "14:17",
        "14:47",
        "15:17",
        "15:47",
        "16:07",
        "16:27",
        "16:47"
    ],
    "holiday": [
        "6:15",
        "6:42",
        "7:12",
        "7:42",
        "8:14",
        "8:47",
        "9:17",
        "9:47",
        "10:17",
        "10:47",
        "11:17",
        "11:47",
        "12:17",
        "12:47",
        "13:17",
        "13:47",
        "14:17",
        "14:47",
        "15:17",
        "15:47",
        "16:17",
        "16:47"
    ],
    "url": "https://www.kanachu.co.jp/dia/diagram/timetable01_js/course:0000803601-7/node:00126849/kt:0/lname:/"
}
