{
    "date": "2024/03/16",
    "name": "こどもの国駅",
    "position": "-",
    "system": "成04",
    "destinations": [
        "島(横浜市青葉区)",
        "駒狩公園前",
        "成瀬台",
        "野村住宅中央",
        "成瀬台二丁目",
        "ポプラヶ丘前",
        "成瀬台入口",
        "観性寺前",
        "中村(町田市成瀬)",
        "成瀬高校入口",
        "南成瀬",
        "成瀬駅"
    ],
    "weekday": [
        "12:56",
        "14:56"
    ],
    "saturday": [
        "12:56",
        "14:56"
    ],
    "holiday": [
        "12:56",
        "14:56"
    ],
    "url": "https://www.kanachu.co.jp/dia/diagram/timetable01_js/course:0000800530-1/node:00129754/kt:0/lname:/"
}
