{
    "date": "2024/03/16",
    "name": "成瀬台二丁目",
    "position": "-",
    "system": "成04",
    "destinations": [
        "ポプラヶ丘前",
        "成瀬台入口",
        "観性寺前",
        "中村(町田市成瀬)",
        "成瀬高校入口",
        "南成瀬",
        "成瀬駅"
    ],
    "weekday": [
        "13:03",
        "15:03"
    ],
    "saturday": [
        "13:03",
        "15:03"
    ],
    "holiday": [
        "13:03",
        "15:03"
    ],
    "url": "https://www.kanachu.co.jp/dia/diagram/timetable01_js/course:0000800530-6/node:00129601/kt:0/lname:/"
}
