{
    "date": "2025/10/20",
    "name": "立野台公園北",
    "position": "-",
    "system": "下02",
    "destinations": [
        "天台(座間市)",
        "座間駅",
        "星谷観音前",
        "鈴鹿(座間市)",
        "座間電話局前",
        "座間下宿",
        "座間中宿",
        "座間神社前",
        "わかば保育園前",
        "相武台下駅"
    ],
    "weekday": [
        "7:51",
        "9:13",
        "10:30",
        "11:55",
        "13:10",
        "14:30",
        "15:55",
        "17:25"
    ],
    "saturday": [
        "9:10",
        "10:35",
        "11:55",
        "13:15",
        "14:35",
        "15:55",
        "17:15"
    ],
    "holiday": [
        "9:10",
        "10:35",
        "11:55",
        "13:15",
        "14:35",
        "15:55",
        "17:15"
    ],
    "url": "https://www.kanachu.co.jp/dia/diagram/timetable01_js/course:0000801278-7/node:00128573/kt:0/lname:/"
}
