{
    "date": "2024/07/08",
    "name": "第一住宅(町田市)",
    "position": "-",
    "system": "鶴01",
    "destinations": [
        "フェリシア高校前",
        "下三輪入口",
        "三輪(町田市)",
        "妙福寺前(町田市)",
        "廣慶寺前",
        "フェリシアこども短期大学"
    ],
    "weekday": [
        "6:43",
        "7:23",
        "8:06",
        "8:22",
        "8:42",
        "9:06",
        "9:43",
        "10:23",
        "11:03",
        "11:43",
        "12:23",
        "13:03",
        "13:43",
        "14:23",
        "15:03",
        "15:43",
        "16:03",
        "16:23",
        "16:43",
        "17:13",
        "17:56",
        "18:40",
        "19:20",
        "19:58",
        "20:40",
        "21:40"
    ],
    "saturday": [
        "7:56",
        "8:56",
        "9:56",
        "10:56",
        "11:56",
        "12:56",
        "13:56",
        "14:56",
        "15:56",
        "16:56",
        "17:56",
        "18:56",
        "19:56"
    ],
    "holiday": [
        "7:56",
        "8:56",
        "9:56",
        "10:56",
        "11:56",
        "12:56",
        "13:56",
        "14:56",
        "15:56",
        "16:56",
        "17:56",
        "18:56",
        "19:56"
    ],
    "url": "https://www.kanachu.co.jp/dia/diagram/timetable01_js/course:0000803436-4/node:00129443/kt:0/lname:/"
}
