{
    "date": "2025/02/24",
    "name": "大坂上(横浜市戸塚区)",
    "position": "-",
    "system": "戸55",
    "destinations": [
        "新道大坂上",
        "西横浜国際総合病院前",
        "吹上(横浜市戸塚区)",
        "大運寺",
        "横浜医療センター前",
        "横浜医療センター",
        "三叉路(横浜市戸塚区)",
        "横浜薬大南門",
        "俣野公園・横浜薬大前"
    ],
    "weekday": [
        "9:40",
        "10:06",
        "10:40",
        "11:06",
        "11:40",
        "12:06",
        "12:40",
        "13:06",
        "13:40",
        "14:06",
        "14:40",
        "15:06",
        "15:40",
        "16:06"
    ],
    "saturday": [
        "8:36",
        "9:06",
        "9:36",
        "10:06",
        "10:36",
        "11:06",
        "11:36",
        "12:06",
        "12:36",
        "13:06",
        "13:36",
        "14:06",
        "14:36",
        "15:06",
        "15:36",
        "16:06",
        "16:36",
        "17:06"
    ],
    "holiday": [
        "8:36",
        "9:06",
        "9:36",
        "10:06",
        "10:36",
        "11:06",
        "11:36",
        "12:06",
        "12:36",
        "13:06",
        "13:36",
        "14:06",
        "14:36",
        "15:06",
        "15:36",
        "16:06",
        "16:36",
        "17:06"
    ],
    "url": "https://www.kanachu.co.jp/dia/diagram/timetable01_js/course:0000801523-6/node:00126813/kt:0/lname:/"
}
