{
    "date": "2025/02/24",
    "name": "横浜薬大南門",
    "position": "-",
    "system": "戸55",
    "destinations": [
        "俣野公園・横浜薬大前"
    ],
    "weekday": [
        "9:52",
        "10:18",
        "10:52",
        "11:18",
        "11:52",
        "12:18",
        "12:52",
        "13:18",
        "13:52",
        "14:18",
        "14:52",
        "15:18",
        "15:52",
        "16:18"
    ],
    "saturday": [
        "8:48",
        "9:18",
        "9:48",
        "10:18",
        "10:48",
        "11:18",
        "11:48",
        "12:18",
        "12:48",
        "13:18",
        "13:48",
        "14:18",
        "14:48",
        "15:18",
        "15:48",
        "16:18",
        "16:48",
        "17:18"
    ],
    "holiday": [
        "8:48",
        "9:18",
        "9:48",
        "10:18",
        "10:48",
        "11:18",
        "11:48",
        "12:18",
        "12:48",
        "13:18",
        "13:48",
        "14:18",
        "14:48",
        "15:18",
        "15:48",
        "16:18",
        "16:48",
        "17:18"
    ],
    "url": "https://www.kanachu.co.jp/dia/diagram/timetable01_js/course:0000801523-14/node:00126821/kt:0/lname:/"
}
