{
    "date": "2025/08/30",
    "name": "八幡橋(横浜市保土ケ谷区)",
    "position": "-",
    "system": "保06",
    "destinations": [
        "保土ヶ谷町2丁目",
        "樹源寺前",
        "元町橋交番前",
        "権太坂",
        "権太坂上",
        "児童遊園地入口",
        "狩場町",
        "平和台",
        "山谷(横浜市戸塚区)",
        "坂下口",
        "国道平戸",
        "品濃口",
        "赤関橋",
        "柏尾(横浜市戸塚区)",
        "ポーラ前(横浜市戸塚区)",
        "不動坂(横浜市戸塚区)"
    ],
    "weekday": [
        "23:13",
        "23:38",
        "24:13"
    ],
    "saturday": [
        "22:33",
        "23:13"
    ],
    "holiday": [],
    "url": "https://www.kanachu.co.jp/dia/diagram/timetable01_js/course:0000802985-3/node:00102921/kt:0/lname:/"
}
