{
    "date": "2025/08/30",
    "name": "狩場町",
    "position": "-",
    "system": "保06",
    "destinations": [
        "平和台",
        "山谷(横浜市戸塚区)",
        "坂下口",
        "国道平戸",
        "品濃口",
        "赤関橋",
        "柏尾(横浜市戸塚区)",
        "ポーラ前(横浜市戸塚区)",
        "不動坂(横浜市戸塚区)"
    ],
    "weekday": [
        "23:22",
        "23:47",
        "24:22"
    ],
    "saturday": [
        "22:42",
        "23:22"
    ],
    "holiday": [],
    "url": "https://www.kanachu.co.jp/dia/diagram/timetable01_js/course:0000802985-10/node:00102378/kt:0/lname:/"
}
