{
    "date": "2025/08/30",
    "name": "国道平戸",
    "position": "-",
    "system": "保06",
    "destinations": [
        "品濃口",
        "赤関橋",
        "柏尾(横浜市戸塚区)",
        "ポーラ前(横浜市戸塚区)",
        "不動坂(横浜市戸塚区)"
    ],
    "weekday": [
        "23:29",
        "23:54",
        "24:29"
    ],
    "saturday": [
        "22:49",
        "23:29"
    ],
    "holiday": [],
    "url": "https://www.kanachu.co.jp/dia/diagram/timetable01_js/course:0000802985-14/node:00126618/kt:0/lname:/"
}
