{
    "system": "多03",
    "busstops": [
        {
            "index": "1",
            "id": "00020748",
            "name": "多摩センター駅",
            "lat": "35.624488",
            "lng": "139.425209"
        },
        {
            "index": "2",
            "id": "00021381",
            "name": "落合東",
            "lat": "35.625519",
            "lng": "139.430776"
        },
        {
            "index": "3",
            "id": "00021308",
            "name": "豊ヶ丘小学校",
            "lat": "35.622176",
            "lng": "139.432391"
        },
        {
            "index": "4",
            "id": "00021378",
            "name": "落合三丁目",
            "lat": "35.618521",
            "lng": "139.433047"
        },
        {
            "index": "5",
            "id": "00021379",
            "name": "落合四丁目",
            "lat": "35.614991",
            "lng": "139.432327"
        },
        {
            "index": "6",
            "id": "00021283",
            "name": "豊ヶ丘五丁目",
            "lat": "35.612382",
            "lng": "139.4324"
        },
        {
            "index": "7",
            "id": "00020285",
            "name": "恵泉女学園大学入口",
            "lat": "35.610614",
            "lng": "139.434471"
        },
        {
            "index": "8",
            "id": "00021290",
            "name": "豊ヶ丘六丁目",
            "lat": "35.612408",
            "lng": "139.437738"
        },
        {
            "index": "9",
            "id": "00021284",
            "name": "豊ヶ丘四丁目",
            "lat": "35.614024",
            "lng": "139.437458"
        }
    ],
    "route_url": "https://www.kanachu.co.jp/dia/route/index/cid:0000803302/"
}
