{
    "date": "2020/10/24",
    "name": "大沼小学校前",
    "position": "-",
    "system": "相05",
    "destinations": [
        "大沼",
        "オルガノ前",
        "大野台入口",
        "大野台八丁目",
        "大野台四丁目",
        "ゴルフ場前(相模原市南区)",
        "松が丘(相模原市南区)",
        "大野台三丁目",
        "淵野辺公園",
        "和泉短大前",
        "青葉児童館前",
        "弥栄二丁目",
        "相生三丁目",
        "相生(相模原市中央区)",
        "富士見団地入口",
        "税務署前(相模原市中央区)",
        "市民会館前(相模原市中央区)",
        "市役所前(相模原市中央区)",
        "グリーンプラザ(相模原市中央区)",
        "西門前(相模原市中央区)",
        "相模原五丁目",
        "相模原駅南口"
    ],
    "weekday": [
        "6:46",
        "7:02",
        "7:18",
        "7:33",
        "7:43",
        "7:53",
        "8:03",
        "8:18",
        "8:33",
        "8:48",
        "9:03",
        "9:18",
        "9:38",
        "9:58"
    ],
    "saturday": [
        "7:11",
        "7:46",
        "8:16",
        "8:51",
        "9:17",
        "9:47"
    ],
    "holiday": [
        "7:11",
        "7:41",
        "8:16",
        "8:46",
        "9:17",
        "9:47"
    ],
    "url": "https://www.kanachu.co.jp/dia/diagram/timetable01_js/course:0000802387-6/node:00129088/kt:0/lname:/"
}
