{
    "date": "2020/10/24",
    "name": "相生(相模原市中央区)",
    "position": "-",
    "system": "相05",
    "destinations": [
        "富士見団地入口",
        "税務署前(相模原市中央区)",
        "市民会館前(相模原市中央区)",
        "市役所前(相模原市中央区)",
        "グリーンプラザ(相模原市中央区)",
        "西門前(相模原市中央区)",
        "相模原五丁目",
        "相模原駅南口"
    ],
    "weekday": [
        "7:03",
        "7:23",
        "7:39",
        "7:54",
        "8:04",
        "8:14",
        "8:24",
        "8:39",
        "8:54",
        "9:09",
        "9:24",
        "9:39",
        "9:59",
        "10:19"
    ],
    "saturday": [
        "7:28",
        "8:03",
        "8:33",
        "9:09",
        "9:37",
        "10:07"
    ],
    "holiday": [
        "7:27",
        "7:57",
        "8:32",
        "9:02",
        "9:37",
        "10:07"
    ],
    "url": "https://www.kanachu.co.jp/dia/diagram/timetable01_js/course:0000802387-20/node:00129061/kt:0/lname:/"
}
