{
    "date": "2020/10/24",
    "name": "市役所前(相模原市中央区)",
    "position": "-",
    "system": "相05",
    "destinations": [
        "グリーンプラザ(相模原市中央区)",
        "西門前(相模原市中央区)",
        "相模原五丁目",
        "相模原駅南口"
    ],
    "weekday": [
        "7:09",
        "7:29",
        "7:45",
        "8:00",
        "8:10",
        "8:20",
        "8:30",
        "8:45",
        "9:00",
        "9:15",
        "9:30",
        "9:45",
        "10:05",
        "10:25"
    ],
    "saturday": [
        "7:33",
        "8:08",
        "8:38",
        "9:15",
        "9:43",
        "10:13"
    ],
    "holiday": [
        "7:32",
        "8:02",
        "8:37",
        "9:08",
        "9:43",
        "10:13"
    ],
    "url": "https://www.kanachu.co.jp/dia/diagram/timetable01_js/course:0000802387-24/node:00128537/kt:0/lname:/"
}
