{
    "date": "2020/10/24",
    "name": "西門前(相模原市中央区)",
    "position": "-",
    "system": "相05",
    "destinations": [
        "相模原五丁目",
        "相模原駅南口"
    ],
    "weekday": [
        "7:14",
        "7:34",
        "7:50",
        "8:05",
        "8:15",
        "8:25",
        "8:35",
        "8:50",
        "9:05",
        "9:20",
        "9:35",
        "9:50",
        "10:10",
        "10:30"
    ],
    "saturday": [
        "7:37",
        "8:12",
        "8:42",
        "9:19",
        "9:47",
        "10:17"
    ],
    "holiday": [
        "7:36",
        "8:06",
        "8:41",
        "9:12",
        "9:47",
        "10:17"
    ],
    "url": "https://www.kanachu.co.jp/dia/diagram/timetable01_js/course:0000802387-26/node:00128539/kt:0/lname:/"
}
