{
    "system": "相05",
    "busstops": [
        {
            "index": "1",
            "id": "00114298",
            "name": "相模大野駅北口",
            "lat": "35.531439",
            "lng": "139.436422"
        },
        {
            "index": "2",
            "id": "00129205",
            "name": "南中前(相模原市南区)",
            "lat": "35.537014",
            "lng": "139.429937"
        },
        {
            "index": "3",
            "id": "00129137",
            "name": "小沼(相模原市南区)",
            "lat": "35.538813",
            "lng": "139.429745"
        },
        {
            "index": "4",
            "id": "00129193",
            "name": "団地入口(相模原市南区)",
            "lat": "35.537833",
            "lng": "139.426155"
        },
        {
            "index": "5",
            "id": "00129237",
            "name": "東通り(相模原市南区)",
            "lat": "35.53762",
            "lng": "139.423725"
        },
        {
            "index": "6",
            "id": "00129088",
            "name": "大沼小学校前",
            "lat": "35.537545",
            "lng": "139.418858"
        },
        {
            "index": "7",
            "id": "00129089",
            "name": "大沼",
            "lat": "35.537928",
            "lng": "139.415201"
        },
        {
            "index": "8",
            "id": "00129197",
            "name": "オルガノ前",
            "lat": "35.538332",
            "lng": "139.410941"
        },
        {
            "index": "9",
            "id": "00129093",
            "name": "大野台入口",
            "lat": "35.5387",
            "lng": "139.408411"
        },
        {
            "index": "10",
            "id": "00129097",
            "name": "大野台八丁目",
            "lat": "35.543199",
            "lng": "139.40521"
        },
        {
            "index": "11",
            "id": "00129096",
            "name": "大野台四丁目",
            "lat": "35.545756",
            "lng": "139.40339"
        },
        {
            "index": "12",
            "id": "00129142",
            "name": "ゴルフ場前(相模原市南区)",
            "lat": "35.549984",
            "lng": "139.400269"
        },
        {
            "index": "13",
            "id": "00129257",
            "name": "松が丘(相模原市南区)",
            "lat": "35.551566",
            "lng": "139.398692"
        },
        {
            "index": "14",
            "id": "00129095",
            "name": "大野台三丁目",
            "lat": "35.554853",
            "lng": "139.395598"
        },
        {
            "index": "15",
            "id": "00129247",
            "name": "淵野辺公園",
            "lat": "35.5531",
            "lng": "139.391683"
        },
        {
            "index": "16",
            "id": "00129071",
            "name": "和泉短大前",
            "lat": "35.552078",
            "lng": "139.389111"
        },
        {
            "index": "17",
            "id": "00129063",
            "name": "青葉児童館前",
            "lat": "35.553911",
            "lng": "139.387563"
        },
        {
            "index": "18",
            "id": "00129281",
            "name": "弥栄二丁目",
            "lat": "35.558343",
            "lng": "139.384259"
        },
        {
            "index": "19",
            "id": "00129062",
            "name": "相生三丁目",
            "lat": "35.561179",
            "lng": "139.382642"
        },
        {
            "index": "20",
            "id": "00129061",
            "name": "相生(相模原市中央区)",
            "lat": "35.563626",
            "lng": "139.380762"
        },
        {
            "index": "21",
            "id": "00129240",
            "name": "富士見団地入口",
            "lat": "35.565795",
            "lng": "139.377307"
        },
        {
            "index": "22",
            "id": "00129177",
            "name": "税務署前(相模原市中央区)",
            "lat": "35.567926",
            "lng": "139.373297"
        },
        {
            "index": "23",
            "id": "00129153",
            "name": "市民会館前(相模原市中央区)",
            "lat": "35.570019",
            "lng": "139.373264"
        },
        {
            "index": "24",
            "id": "00128537",
            "name": "市役所前(相模原市中央区)",
            "lat": "35.571324",
            "lng": "139.374246"
        },
        {
            "index": "25",
            "id": "00128538",
            "name": "グリーンプラザ(相模原市中央区)",
            "lat": "35.574154",
            "lng": "139.376289"
        },
        {
            "index": "26",
            "id": "00128539",
            "name": "西門前(相模原市中央区)",
            "lat": "35.57683",
            "lng": "139.376765"
        },
        {
            "index": "27",
            "id": "00128540",
            "name": "相模原五丁目",
            "lat": "35.578232",
            "lng": "139.3741"
        },
        {
            "index": "28",
            "id": "00129335",
            "name": "相模原駅南口",
            "lat": "35.580691",
            "lng": "139.371167"
        }
    ],
    "route_url": "https://www.kanachu.co.jp/dia/route/index/cid:0000802387/"
}
