{
    "date": "2024/03/16",
    "name": "紅葉橋(横浜市栄区)",
    "position": "-",
    "system": "港90",
    "destinations": [
        "上之",
        "上之中央",
        "犬山南",
        "犬山",
        "矢沢(横浜市栄区)",
        "桂山公園",
        "桂台中央",
        "北桂台"
    ],
    "weekday": [
        "23:11"
    ],
    "saturday": [
        "18:54",
        "19:52",
        "21:10",
        "21:40",
        "22:10"
    ],
    "holiday": [
        "18:54",
        "19:52",
        "21:10",
        "21:40",
        "22:10"
    ],
    "url": "https://www.kanachu.co.jp/dia/diagram/timetable01_js/course:0000800675-11/node:00126514/kt:0/lname:/"
}
