{
    "date": "2024/03/16",
    "name": "犬山南",
    "position": "-",
    "system": "港90",
    "destinations": [
        "犬山",
        "矢沢(横浜市栄区)",
        "桂山公園",
        "桂台中央",
        "北桂台"
    ],
    "weekday": [
        "23:14"
    ],
    "saturday": [
        "18:57",
        "19:55",
        "21:13",
        "21:43",
        "22:13"
    ],
    "holiday": [
        "18:57",
        "19:55",
        "21:13",
        "21:43",
        "22:13"
    ],
    "url": "https://www.kanachu.co.jp/dia/diagram/timetable01_js/course:0000800675-14/node:00126533/kt:0/lname:/"
}
