{
    "date": "2024/03/16",
    "name": "矢沢(横浜市栄区)",
    "position": "-",
    "system": "港90",
    "destinations": [
        "桂山公園",
        "桂台中央",
        "北桂台"
    ],
    "weekday": [
        "23:16"
    ],
    "saturday": [
        "18:59",
        "19:57",
        "21:15",
        "21:45",
        "22:15"
    ],
    "holiday": [
        "18:59",
        "19:57",
        "21:15",
        "21:45",
        "22:15"
    ],
    "url": "https://www.kanachu.co.jp/dia/diagram/timetable01_js/course:0000800675-16/node:00126535/kt:0/lname:/"
}
