{
    "date": "2025/04/01",
    "name": "橘中学校入口(小田原市)",
    "position": "-",
    "system": "二32",
    "destinations": [
        "下原(小田原市)",
        "中村原",
        "テクノパーク中央",
        "テクノパーク北",
        "上町入口(小田原市)",
        "下中小学校前",
        "下中駐在所前",
        "下小竹",
        "坂呂橋",
        "隧道口",
        "上小竹",
        "遠藤(足柄上郡中井町)",
        "北田(足柄上郡中井町)",
        "滝ノ前(足柄上郡中井町)",
        "五所ノ宮",
        "中井郵便局前",
        "万年橋(足柄上郡中井町)",
        "中井役場前",
        "中井町役場入口"
    ],
    "weekday": [
        "7:19",
        "7:44",
        "7:58",
        "8:11",
        "8:26",
        "8:47"
    ],
    "saturday": [],
    "holiday": [],
    "url": "https://www.kanachu.co.jp/dia/diagram/timetable01_js/course:0000803769-8/node:00127978/kt:0/lname:/"
}
