{
    "date": "2024/04/01",
    "name": "平塚駅北口",
    "position": "-",
    "system": "平78",
    "destinations": [
        "銀座通り(平塚市)",
        "平塚文化芸術ホール前",
        "八間通り",
        "旭通り(平塚市)",
        "営林署前(平塚市)",
        "追分(平塚市)",
        "江南高校前",
        "向原(平塚市)",
        "南原(平塚市)",
        "南原土手",
        "長瀬(平塚市)",
        "長持"
    ],
    "weekday": [
        "6:53"
    ],
    "saturday": [],
    "holiday": [],
    "url": "https://www.kanachu.co.jp/dia/diagram/timetable01_js/course:0000801171-1/node:00127464/kt:0/lname:/"
}
