{
    "date": "2026/01/16",
    "name": "霧が丘高校前",
    "position": "-",
    "system": "40",
    "destinations": [
        "霧が丘公園前",
        "霧ヶ谷",
        "公園前(横浜市緑区)",
        "玄海田",
        "センター前(横浜市緑区)",
        "御前田橋",
        "長津田駅"
    ],
    "weekday": [
        "10:22",
        "10:52",
        "11:22",
        "11:52",
        "12:22",
        "12:52",
        "13:22",
        "13:52",
        "14:22",
        "14:52",
        "15:23",
        "15:52"
    ],
    "saturday": [
        "6:27",
        "6:57",
        "7:32",
        "8:02",
        "8:32",
        "9:02",
        "9:32",
        "10:02",
        "10:32",
        "11:02",
        "11:32",
        "12:02",
        "12:32",
        "13:02",
        "13:32",
        "14:02",
        "14:32",
        "15:02",
        "15:32",
        "16:02",
        "16:32",
        "17:02",
        "17:32",
        "18:02",
        "18:32",
        "19:32",
        "20:32",
        "21:32"
    ],
    "holiday": [
        "6:27",
        "6:57",
        "7:32",
        "8:02",
        "8:32",
        "9:02",
        "9:32",
        "10:02",
        "10:32",
        "11:02",
        "11:32",
        "12:02",
        "12:32",
        "13:02",
        "13:32",
        "14:02",
        "14:32",
        "15:02",
        "15:32",
        "16:02",
        "16:32",
        "17:02",
        "17:32",
        "18:02",
        "18:32",
        "19:32",
        "20:32",
        "21:32"
    ],
    "url": "https://www.kanachu.co.jp/dia/diagram/timetable01_js/course:0000804052-6/node:00019298/kt:0/lname:/"
}
