{
    "date": "2026/01/16",
    "name": "公園前(横浜市緑区)",
    "position": "-",
    "system": "40",
    "destinations": [
        "玄海田",
        "センター前(横浜市緑区)",
        "御前田橋",
        "長津田駅"
    ],
    "weekday": [
        "10:26",
        "10:56",
        "11:26",
        "11:56",
        "12:26",
        "12:56",
        "13:26",
        "13:56",
        "14:26",
        "14:56",
        "15:27",
        "15:56"
    ],
    "saturday": [
        "6:31",
        "7:01",
        "7:36",
        "8:06",
        "8:36",
        "9:06",
        "9:36",
        "10:07",
        "10:37",
        "11:07",
        "11:37",
        "12:07",
        "12:37",
        "13:07",
        "13:37",
        "14:07",
        "14:37",
        "15:07",
        "15:37",
        "16:07",
        "16:37",
        "17:07",
        "17:37",
        "18:07",
        "18:37",
        "19:36",
        "20:36",
        "21:36"
    ],
    "holiday": [
        "6:31",
        "7:01",
        "7:36",
        "8:06",
        "8:36",
        "9:06",
        "9:36",
        "10:07",
        "10:37",
        "11:07",
        "11:37",
        "12:07",
        "12:37",
        "13:07",
        "13:37",
        "14:07",
        "14:37",
        "15:07",
        "15:37",
        "16:07",
        "16:37",
        "17:07",
        "17:37",
        "18:07",
        "18:37",
        "19:36",
        "20:36",
        "21:36"
    ],
    "url": "https://www.kanachu.co.jp/dia/diagram/timetable01_js/course:0000804052-9/node:00102521/kt:0/lname:/"
}
