{
    "date": "2020/10/01",
    "name": "総合体育館前(高座郡寒川町)",
    "position": "-",
    "system": "ー",
    "destinations": [
        "堂崎",
        "福泉寺入口",
        "小谷入町",
        "ふれあいセンター前(高座郡寒川町)",
        "念宗寺入口",
        "小動神社前",
        "小動北",
        "小谷(高座郡寒川町)",
        "寒川ホーム入口",
        "大蔵(高座郡寒川町)",
        "こすもすの郷前",
        "越公園前",
        "県営住宅東(高座郡寒川町)",
        "県営住宅西(高座郡寒川町)",
        "県営住宅北(高座郡寒川町)",
        "湘風園入口",
        "青少年広場",
        "越の山公園北",
        "越の山公園南",
        "殖産住宅入口(高座郡寒川町)",
        "越の山入口",
        "東岡田",
        "寒川駅"
    ],
    "weekday": [
        "9:44",
        "11:34",
        "12:34",
        "14:34",
        "16:19"
    ],
    "saturday": [
        "9:44",
        "11:34",
        "12:34",
        "14:34",
        "16:19"
    ],
    "holiday": [
        "9:44",
        "11:34",
        "12:34",
        "14:34",
        "16:19"
    ],
    "url": "https://www.kanachu.co.jp/dia/diagram/timetable01_js/course:0000802841-4/node:00130258/kt:0/lname:/"
}
