{
    "date": "2020/10/01",
    "name": "ふれあいセンター前(高座郡寒川町)",
    "position": "-",
    "system": "",
    "destinations": [
        "念宗寺入口",
        "小動神社前",
        "小動北",
        "小谷(高座郡寒川町)",
        "寒川ホーム入口",
        "大蔵(高座郡寒川町)",
        "こすもすの郷前",
        "越公園前",
        "県営住宅東(高座郡寒川町)",
        "県営住宅西(高座郡寒川町)",
        "県営住宅北(高座郡寒川町)",
        "湘風園入口",
        "青少年広場",
        "越の山公園北",
        "越の山公園南",
        "殖産住宅入口(高座郡寒川町)",
        "越の山入口",
        "東岡田",
        "寒川駅"
    ],
    "weekday": [
        "9:49",
        "11:39",
        "12:39",
        "14:39",
        "16:24"
    ],
    "saturday": [
        "9:49",
        "11:39",
        "12:39",
        "14:39",
        "16:24"
    ],
    "holiday": [
        "9:49",
        "11:39",
        "12:39",
        "14:39",
        "16:24"
    ],
    "url": "https://www.kanachu.co.jp/dia/diagram/timetable01_js/course:0000802841-8/node:00130262/kt:0/lname:/"
}
