{
    "date": "2020/10/01",
    "name": "小動北",
    "position": "-",
    "system": "",
    "destinations": [
        "小谷(高座郡寒川町)",
        "寒川ホーム入口",
        "大蔵(高座郡寒川町)",
        "こすもすの郷前",
        "越公園前",
        "県営住宅東(高座郡寒川町)",
        "県営住宅西(高座郡寒川町)",
        "県営住宅北(高座郡寒川町)",
        "湘風園入口",
        "青少年広場",
        "越の山公園北",
        "越の山公園南",
        "殖産住宅入口(高座郡寒川町)",
        "越の山入口",
        "東岡田",
        "寒川駅"
    ],
    "weekday": [
        "9:53",
        "11:43",
        "12:43",
        "14:43",
        "16:28"
    ],
    "saturday": [
        "9:53",
        "11:43",
        "12:43",
        "14:43",
        "16:28"
    ],
    "holiday": [
        "9:53",
        "11:43",
        "12:43",
        "14:43",
        "16:28"
    ],
    "url": "https://www.kanachu.co.jp/dia/diagram/timetable01_js/course:0000802841-11/node:00130505/kt:0/lname:/"
}
