{
    "date": "2020/10/01",
    "name": "大蔵(高座郡寒川町)",
    "position": "-",
    "system": "",
    "destinations": [
        "こすもすの郷前",
        "越公園前",
        "県営住宅東(高座郡寒川町)",
        "県営住宅西(高座郡寒川町)",
        "県営住宅北(高座郡寒川町)",
        "湘風園入口",
        "青少年広場",
        "越の山公園北",
        "越の山公園南",
        "殖産住宅入口(高座郡寒川町)",
        "越の山入口",
        "東岡田",
        "寒川駅"
    ],
    "weekday": [
        "9:55",
        "11:45",
        "12:45",
        "14:45",
        "16:30"
    ],
    "saturday": [
        "9:55",
        "11:45",
        "12:45",
        "14:45",
        "16:30"
    ],
    "holiday": [
        "9:55",
        "11:45",
        "12:45",
        "14:45",
        "16:30"
    ],
    "url": "https://www.kanachu.co.jp/dia/diagram/timetable01_js/course:0000802841-14/node:00127176/kt:0/lname:/"
}
