{
    "date": "2020/10/01",
    "name": "越公園前",
    "position": "-",
    "system": "",
    "destinations": [
        "県営住宅東(高座郡寒川町)",
        "県営住宅西(高座郡寒川町)",
        "県営住宅北(高座郡寒川町)",
        "湘風園入口",
        "青少年広場",
        "越の山公園北",
        "越の山公園南",
        "殖産住宅入口(高座郡寒川町)",
        "越の山入口",
        "東岡田",
        "寒川駅"
    ],
    "weekday": [
        "9:57",
        "11:47",
        "12:47",
        "14:47",
        "16:32"
    ],
    "saturday": [
        "9:57",
        "11:47",
        "12:47",
        "14:47",
        "16:32"
    ],
    "holiday": [
        "9:57",
        "11:47",
        "12:47",
        "14:47",
        "16:32"
    ],
    "url": "https://www.kanachu.co.jp/dia/diagram/timetable01_js/course:0000802841-16/node:00130287/kt:0/lname:/"
}
