{
    "date": "2020/10/01",
    "name": "湘風園入口",
    "position": "-",
    "system": "ー",
    "destinations": [
        "青少年広場",
        "越の山公園北",
        "越の山公園南",
        "殖産住宅入口(高座郡寒川町)",
        "越の山入口",
        "東岡田",
        "寒川駅"
    ],
    "weekday": [
        "10:01",
        "11:51",
        "12:51",
        "14:51",
        "16:36"
    ],
    "saturday": [
        "10:01",
        "11:51",
        "12:51",
        "14:51",
        "16:36"
    ],
    "holiday": [
        "10:01",
        "11:51",
        "12:51",
        "14:51",
        "16:36"
    ],
    "url": "https://www.kanachu.co.jp/dia/diagram/timetable01_js/course:0000802841-20/node:00130268/kt:0/lname:/"
}
