{
    "date": "2020/10/01",
    "name": "越の山公園南",
    "position": "-",
    "system": "",
    "destinations": [
        "殖産住宅入口(高座郡寒川町)",
        "越の山入口",
        "東岡田",
        "寒川駅"
    ],
    "weekday": [
        "10:04",
        "11:54",
        "12:54",
        "14:54",
        "16:39"
    ],
    "saturday": [
        "10:04",
        "11:54",
        "12:54",
        "14:54",
        "16:39"
    ],
    "holiday": [
        "10:04",
        "11:54",
        "12:54",
        "14:54",
        "16:39"
    ],
    "url": "https://www.kanachu.co.jp/dia/diagram/timetable01_js/course:0000802841-23/node:00130271/kt:0/lname:/"
}
