{
    "date": "2020/10/01",
    "name": "越の山入口",
    "position": "-",
    "system": "ー",
    "destinations": [
        "東岡田",
        "寒川駅"
    ],
    "weekday": [
        "10:06",
        "11:56",
        "12:56",
        "14:56",
        "16:41"
    ],
    "saturday": [
        "10:06",
        "11:56",
        "12:56",
        "14:56",
        "16:41"
    ],
    "holiday": [
        "10:06",
        "11:56",
        "12:56",
        "14:56",
        "16:41"
    ],
    "url": "https://www.kanachu.co.jp/dia/diagram/timetable01_js/course:0000802841-25/node:00127151/kt:0/lname:/"
}
