{
    "date": "2020/10/01",
    "name": "東岡田",
    "position": "-",
    "system": "ー",
    "destinations": [
        "寒川駅"
    ],
    "weekday": [
        "10:07",
        "11:57",
        "12:57",
        "14:57",
        "16:42"
    ],
    "saturday": [
        "10:07",
        "11:57",
        "12:57",
        "14:57",
        "16:42"
    ],
    "holiday": [
        "10:07",
        "11:57",
        "12:57",
        "14:57",
        "16:42"
    ],
    "url": "https://www.kanachu.co.jp/dia/diagram/timetable01_js/course:0000802841-26/node:00127152/kt:0/lname:/"
}
