{
    "date": "2020/05/11",
    "name": "奥田",
    "position": "-",
    "system": "長43",
    "destinations": [
        "熊野神社(綾瀬市)",
        "蓮光寺(綾瀬市)",
        "さがみ農協前",
        "上土棚団地前",
        "綾南地区センター",
        "上土棚南",
        "藤沢・綾瀬ふれあいの杜",
        "落合南",
        "長坂上"
    ],
    "weekday": [
        "7:44",
        "8:07",
        "8:30",
        "8:53",
        "9:16",
        "9:39",
        "10:02",
        "10:48",
        "11:34",
        "12:20",
        "12:43",
        "13:06",
        "13:29",
        "13:52",
        "14:38",
        "15:01",
        "15:24",
        "15:47",
        "16:10",
        "16:33",
        "16:56",
        "17:19",
        "17:42",
        "18:05",
        "18:28",
        "18:51",
        "19:14",
        "19:37",
        "20:00",
        "20:23",
        "20:46",
        "21:09",
        "21:53"
    ],
    "saturday": [
        "7:44",
        "8:07",
        "8:53",
        "9:16",
        "9:39",
        "10:02",
        "10:48",
        "11:34",
        "12:20",
        "12:43",
        "13:06",
        "13:29",
        "13:52",
        "14:38",
        "15:01",
        "15:24",
        "15:47",
        "16:10",
        "16:33",
        "16:56",
        "17:19",
        "17:42",
        "18:05",
        "18:28",
        "18:51",
        "19:14",
        "20:00",
        "20:23",
        "20:46",
        "21:09",
        "21:53"
    ],
    "holiday": [
        "7:44",
        "8:07",
        "8:53",
        "9:16",
        "9:39",
        "10:02",
        "10:48",
        "11:34",
        "12:20",
        "12:43",
        "13:06",
        "13:29",
        "13:52",
        "14:38",
        "15:01",
        "15:24",
        "15:47",
        "16:10",
        "16:33",
        "16:56",
        "17:19",
        "17:42",
        "18:05",
        "18:28",
        "18:51",
        "19:14",
        "20:00",
        "20:23",
        "20:46",
        "21:09",
        "21:53"
    ],
    "url": "https://www.kanachu.co.jp/dia/diagram/timetable01_js/course:0000801200-3/node:00130017/kt:0/lname:/"
}
