{
    "date": "2020/05/11",
    "name": "熊野神社(綾瀬市)",
    "position": "-",
    "system": "長43",
    "destinations": [
        "蓮光寺(綾瀬市)",
        "さがみ農協前",
        "上土棚団地前",
        "綾南地区センター",
        "上土棚南",
        "藤沢・綾瀬ふれあいの杜",
        "落合南",
        "長坂上"
    ],
    "weekday": [
        "7:45",
        "8:08",
        "8:31",
        "8:54",
        "9:17",
        "9:40",
        "10:03",
        "10:49",
        "11:35",
        "12:21",
        "12:44",
        "13:07",
        "13:30",
        "13:53",
        "14:39",
        "15:02",
        "15:25",
        "15:48",
        "16:11",
        "16:34",
        "16:57",
        "17:20",
        "17:43",
        "18:06",
        "18:29",
        "18:52",
        "19:15",
        "19:38",
        "20:01",
        "20:24",
        "20:47",
        "21:10",
        "21:54"
    ],
    "saturday": [
        "7:45",
        "8:08",
        "8:54",
        "9:17",
        "9:40",
        "10:03",
        "10:49",
        "11:35",
        "12:21",
        "12:44",
        "13:07",
        "13:30",
        "13:53",
        "14:39",
        "15:02",
        "15:25",
        "15:48",
        "16:11",
        "16:34",
        "16:57",
        "17:20",
        "17:43",
        "18:06",
        "18:29",
        "18:52",
        "19:15",
        "20:01",
        "20:24",
        "20:47",
        "21:10",
        "21:54"
    ],
    "holiday": [
        "7:45",
        "8:08",
        "8:54",
        "9:17",
        "9:40",
        "10:03",
        "10:49",
        "11:35",
        "12:21",
        "12:44",
        "13:07",
        "13:30",
        "13:53",
        "14:39",
        "15:02",
        "15:25",
        "15:48",
        "16:11",
        "16:34",
        "16:57",
        "17:20",
        "17:43",
        "18:06",
        "18:29",
        "18:52",
        "19:15",
        "20:01",
        "20:24",
        "20:47",
        "21:10",
        "21:54"
    ],
    "url": "https://www.kanachu.co.jp/dia/diagram/timetable01_js/course:0000801200-4/node:00130007/kt:0/lname:/"
}
