{
    "date": "2020/05/11",
    "name": "上土棚団地前",
    "position": "-",
    "system": "長43",
    "destinations": [
        "綾南地区センター",
        "上土棚南",
        "藤沢・綾瀬ふれあいの杜",
        "落合南",
        "長坂上"
    ],
    "weekday": [
        "7:47",
        "8:10",
        "8:33",
        "8:56",
        "9:19",
        "9:42",
        "10:05",
        "10:51",
        "11:37",
        "12:23",
        "12:46",
        "13:09",
        "13:32",
        "13:55",
        "14:41",
        "15:04",
        "15:27",
        "15:50",
        "16:13",
        "16:36",
        "16:59",
        "17:22",
        "17:45",
        "18:08",
        "18:31",
        "18:54",
        "19:17",
        "19:40",
        "20:03",
        "20:26",
        "20:49",
        "21:12",
        "21:56"
    ],
    "saturday": [
        "7:47",
        "8:10",
        "8:56",
        "9:19",
        "9:42",
        "10:05",
        "10:51",
        "11:37",
        "12:23",
        "12:46",
        "13:09",
        "13:32",
        "13:55",
        "14:41",
        "15:04",
        "15:27",
        "15:50",
        "16:13",
        "16:36",
        "16:59",
        "17:22",
        "17:45",
        "18:08",
        "18:31",
        "18:54",
        "19:17",
        "20:03",
        "20:26",
        "20:49",
        "21:12",
        "21:56"
    ],
    "holiday": [
        "7:47",
        "8:10",
        "8:56",
        "9:19",
        "9:42",
        "10:05",
        "10:51",
        "11:37",
        "12:23",
        "12:46",
        "13:09",
        "13:32",
        "13:55",
        "14:41",
        "15:04",
        "15:27",
        "15:50",
        "16:13",
        "16:36",
        "16:59",
        "17:22",
        "17:45",
        "18:08",
        "18:31",
        "18:54",
        "19:17",
        "20:03",
        "20:26",
        "20:49",
        "21:12",
        "21:56"
    ],
    "url": "https://www.kanachu.co.jp/dia/diagram/timetable01_js/course:0000801200-7/node:00130010/kt:0/lname:/"
}
