{
    "system": "長43",
    "busstops": [
        {
            "index": "1",
            "id": "00129812",
            "name": "長後駅西口",
            "lat": "35.412472",
            "lng": "139.465116"
        },
        {
            "index": "2",
            "id": "00129813",
            "name": "長後市民センター前",
            "lat": "35.411294",
            "lng": "139.460138"
        },
        {
            "index": "3",
            "id": "00130017",
            "name": "奥田",
            "lat": "35.411445",
            "lng": "139.457919"
        },
        {
            "index": "4",
            "id": "00130007",
            "name": "熊野神社(綾瀬市)",
            "lat": "35.412226",
            "lng": "139.454556"
        },
        {
            "index": "5",
            "id": "00130008",
            "name": "蓮光寺(綾瀬市)",
            "lat": "35.413611",
            "lng": "139.45187"
        },
        {
            "index": "6",
            "id": "00130009",
            "name": "さがみ農協前",
            "lat": "35.413783",
            "lng": "139.449961"
        },
        {
            "index": "7",
            "id": "00130010",
            "name": "上土棚団地前",
            "lat": "35.41468",
            "lng": "139.449261"
        },
        {
            "index": "8",
            "id": "00130011",
            "name": "綾南地区センター",
            "lat": "35.415316",
            "lng": "139.448179"
        },
        {
            "index": "9",
            "id": "00130019",
            "name": "上土棚南",
            "lat": "35.413594",
            "lng": "139.445787"
        },
        {
            "index": "10",
            "id": "00130020",
            "name": "藤沢・綾瀬ふれあいの杜",
            "lat": "35.413491",
            "lng": "139.44166"
        },
        {
            "index": "11",
            "id": "00130021",
            "name": "落合南",
            "lat": "35.415477",
            "lng": "139.437738"
        },
        {
            "index": "12",
            "id": "00130022",
            "name": "長坂上",
            "lat": "35.417084",
            "lng": "139.435528"
        }
    ],
    "route_url": "https://www.kanachu.co.jp/dia/route/index/cid:0000801200/"
}
