{
    "date": "2025/03/15",
    "name": "湘南ライフタウン",
    "position": "-",
    "system": "湘21",
    "destinations": [
        "南原(藤沢市)",
        "矢尻(藤沢市)",
        "田方(藤沢市)",
        "寿照寺前",
        "和泉橋",
        "石川山田",
        "南桐原",
        "桐ヶ谷(藤沢市)",
        "湘南台住宅前",
        "湘南台駅西口"
    ],
    "weekday": [
        "6:50",
        "17:04"
    ],
    "saturday": [
        "7:09",
        "7:29",
        "7:49",
        "8:29"
    ],
    "holiday": [
        "7:49",
        "8:29"
    ],
    "url": "https://www.kanachu.co.jp/dia/diagram/timetable01_js/course:0000802995-1/node:00129948/kt:0/lname:/"
}
