{
    "date": "2025/03/15",
    "name": "矢尻(藤沢市)",
    "position": "-",
    "system": "湘21",
    "destinations": [
        "田方(藤沢市)",
        "寿照寺前",
        "和泉橋",
        "石川山田",
        "南桐原",
        "桐ヶ谷(藤沢市)",
        "湘南台住宅前",
        "湘南台駅西口"
    ],
    "weekday": [
        "6:53",
        "17:07"
    ],
    "saturday": [
        "7:12",
        "7:32",
        "7:52",
        "8:32"
    ],
    "holiday": [
        "7:52",
        "8:32"
    ],
    "url": "https://www.kanachu.co.jp/dia/diagram/timetable01_js/course:0000802995-3/node:00129950/kt:0/lname:/"
}
