{
    "date": "2025/03/15",
    "name": "桐ヶ谷(藤沢市)",
    "position": "-",
    "system": "湘21",
    "destinations": [
        "湘南台住宅前",
        "湘南台駅西口"
    ],
    "weekday": [
        "7:01",
        "17:15"
    ],
    "saturday": [
        "7:20",
        "7:40",
        "8:00",
        "8:40"
    ],
    "holiday": [
        "8:00",
        "8:40"
    ],
    "url": "https://www.kanachu.co.jp/dia/diagram/timetable01_js/course:0000802995-9/node:00129956/kt:0/lname:/"
}
