{
    "date": "2025/04/19",
    "name": "昭和電線前",
    "position": "-",
    "system": "相36",
    "destinations": [
        "清新六丁目",
        "清新中央",
        "清新中学校前",
        "グッディプレイス前",
        "さがみ夢大通り",
        "相模原駅南口"
    ],
    "weekday": [
        "6:13",
        "7:05",
        "7:45",
        "8:10",
        "9:08",
        "10:08",
        "11:08",
        "12:08",
        "13:08",
        "14:08",
        "15:08",
        "16:08",
        "17:10",
        "18:10",
        "19:08"
    ],
    "saturday": [
        "8:08",
        "9:08",
        "10:08",
        "13:08",
        "14:08",
        "17:08",
        "18:08",
        "19:08"
    ],
    "holiday": [
        "8:08",
        "9:08",
        "10:08",
        "13:08",
        "14:08",
        "17:08",
        "18:08",
        "19:08"
    ],
    "url": "https://www.kanachu.co.jp/dia/diagram/timetable01_js/course:0000802365-4/node:00129156/kt:0/lname:/"
}
