{
    "date": "2022/02/05",
    "name": "会館前(茅ケ崎市)",
    "position": "-",
    "system": "茅33",
    "destinations": [
        "中海岸",
        "中海岸四丁目",
        "仲町(茅ケ崎市)",
        "団地中央(茅ケ崎市)",
        "浜見平団地",
        "柳島(茅ケ崎市)",
        "松尾(茅ケ崎市)",
        "松尾入口"
    ],
    "weekday": [
        "17:57",
        "18:32",
        "18:56",
        "19:08",
        "19:32",
        "19:56",
        "20:37",
        "22:22"
    ],
    "saturday": [
        "19:32",
        "20:22",
        "21:52",
        "22:22"
    ],
    "holiday": [
        "19:32",
        "20:22",
        "21:52",
        "22:22"
    ],
    "url": "https://www.kanachu.co.jp/dia/diagram/timetable01_js/course:0000802921-3/node:00127221/kt:0/lname:/"
}
