{
    "date": "2022/02/05",
    "name": "中海岸",
    "position": "-",
    "system": "茅33",
    "destinations": [
        "中海岸四丁目",
        "仲町(茅ケ崎市)",
        "団地中央(茅ケ崎市)",
        "浜見平団地",
        "柳島(茅ケ崎市)",
        "松尾(茅ケ崎市)",
        "松尾入口"
    ],
    "weekday": [
        "17:58",
        "18:33",
        "18:57",
        "19:09",
        "19:33",
        "19:57",
        "20:38",
        "22:23"
    ],
    "saturday": [
        "19:33",
        "20:23",
        "21:53",
        "22:23"
    ],
    "holiday": [
        "19:33",
        "20:23",
        "21:53",
        "22:23"
    ],
    "url": "https://www.kanachu.co.jp/dia/diagram/timetable01_js/course:0000802921-4/node:00127309/kt:0/lname:/"
}
