{
    "date": "2022/02/05",
    "name": "団地中央(茅ケ崎市)",
    "position": "-",
    "system": "茅33",
    "destinations": [
        "浜見平団地",
        "柳島(茅ケ崎市)",
        "松尾(茅ケ崎市)",
        "松尾入口"
    ],
    "weekday": [
        "18:01",
        "18:36",
        "19:00",
        "19:12",
        "19:36",
        "20:00",
        "20:41",
        "22:26"
    ],
    "saturday": [
        "19:36",
        "20:26",
        "21:56",
        "22:26"
    ],
    "holiday": [
        "19:36",
        "20:26",
        "21:56",
        "22:26"
    ],
    "url": "https://www.kanachu.co.jp/dia/diagram/timetable01_js/course:0000802921-7/node:00127256/kt:0/lname:/"
}
