{
    "system": "茅33",
    "busstops": [
        {
            "index": "1",
            "id": "00127219",
            "name": "茅ヶ崎駅南口",
            "lat": "35.330127",
            "lng": "139.407199"
        },
        {
            "index": "2",
            "id": "00127220",
            "name": "幸町(茅ケ崎市)",
            "lat": "35.327449",
            "lng": "139.407939"
        },
        {
            "index": "3",
            "id": "00127221",
            "name": "会館前(茅ケ崎市)",
            "lat": "35.325258",
            "lng": "139.408325"
        },
        {
            "index": "4",
            "id": "00127309",
            "name": "中海岸",
            "lat": "35.324137",
            "lng": "139.403044"
        },
        {
            "index": "5",
            "id": "00127310",
            "name": "中海岸四丁目",
            "lat": "35.323739",
            "lng": "139.39765"
        },
        {
            "index": "6",
            "id": "00127253",
            "name": "仲町(茅ケ崎市)",
            "lat": "35.322871",
            "lng": "139.392655"
        },
        {
            "index": "7",
            "id": "00127256",
            "name": "団地中央(茅ケ崎市)",
            "lat": "35.322361",
            "lng": "139.387827"
        },
        {
            "index": "8",
            "id": "00127260",
            "name": "浜見平団地",
            "lat": "35.321859",
            "lng": "139.383529"
        },
        {
            "index": "9",
            "id": "00127259",
            "name": "柳島(茅ケ崎市)",
            "lat": "35.325426",
            "lng": "139.383336"
        },
        {
            "index": "10",
            "id": "00127258",
            "name": "松尾(茅ケ崎市)",
            "lat": "35.326391",
            "lng": "139.385535"
        },
        {
            "index": "11",
            "id": "00127315",
            "name": "松尾入口",
            "lat": "35.327",
            "lng": "139.387629"
        }
    ],
    "route_url": "https://www.kanachu.co.jp/dia/route/index/cid:0000802921/"
}
