{
    "date": "2025/08/30",
    "name": "山谷(横浜市戸塚区)",
    "position": "-",
    "system": "戸48",
    "destinations": [
        "六ツ川四丁目",
        "こども医療センター",
        "引越坂",
        "大池(横浜市南区)",
        "上六ツ川",
        "六ツ川町",
        "弘明寺口",
        "南永田",
        "住宅前(横浜市南区)",
        "井土ヶ谷",
        "南センター(横浜市南区)",
        "Y校前",
        "南太田駅前",
        "前里町",
        "吉野町駅前",
        "吉野町一丁目",
        "阪東橋",
        "横浜橋",
        "曙町(横浜市中区)",
        "長者町五丁目",
        "羽衣町(横浜市中区)",
        "尾上町(横浜市中区)",
        "本町四丁目(横浜市中区)",
        "横浜市役所前",
        "桜木町駅前"
    ],
    "weekday": [
        "7:25",
        "7:45",
        "8:27",
        "9:40",
        "10:04",
        "10:52",
        "11:16",
        "12:04",
        "12:28",
        "13:16",
        "13:40",
        "14:52",
        "15:40",
        "16:04",
        "16:52",
        "17:16",
        "18:04",
        "18:34",
        "19:13"
    ],
    "saturday": [
        "7:27",
        "8:27",
        "9:28",
        "10:28",
        "11:28",
        "12:28",
        "13:24",
        "14:24",
        "15:24",
        "16:24",
        "17:24",
        "18:40"
    ],
    "holiday": [
        "7:27",
        "8:27",
        "9:28",
        "10:28",
        "11:28",
        "12:28",
        "13:24",
        "14:24",
        "15:24",
        "16:24",
        "17:24",
        "18:40"
    ],
    "url": "https://www.kanachu.co.jp/dia/diagram/timetable01_js/course:0000803853-12/node:00126620/kt:0/lname:/"
}
