{
    "date": "2025/08/30",
    "name": "横浜橋",
    "position": "-",
    "system": "戸48",
    "destinations": [
        "曙町(横浜市中区)",
        "長者町五丁目",
        "羽衣町(横浜市中区)",
        "尾上町(横浜市中区)",
        "本町四丁目(横浜市中区)",
        "横浜市役所前",
        "桜木町駅前"
    ],
    "weekday": [
        "8:00",
        "8:20",
        "9:02",
        "10:12",
        "10:36",
        "11:24",
        "11:48",
        "12:36",
        "13:00",
        "13:48",
        "14:12",
        "15:24",
        "16:12",
        "16:36",
        "17:24",
        "17:48",
        "18:36",
        "19:06",
        "19:42"
    ],
    "saturday": [
        "7:56",
        "8:59",
        "10:00",
        "11:00",
        "12:00",
        "13:00",
        "13:59",
        "14:59",
        "15:59",
        "16:59",
        "17:59",
        "19:11"
    ],
    "holiday": [
        "7:56",
        "8:59",
        "10:00",
        "11:00",
        "12:00",
        "13:00",
        "13:59",
        "14:59",
        "15:59",
        "16:59",
        "17:59",
        "19:11"
    ],
    "url": "https://www.kanachu.co.jp/dia/diagram/timetable01_js/course:0000803853-30/node:00103225/kt:0/lname:/"
}
