{
    "date": "2025/08/04",
    "name": "上大戸",
    "position": "-",
    "system": "橋26",
    "destinations": [
        "ネイチャーファクトリー東京町田",
        "大戸(相模原市緑区)",
        "ネイチャーファクトリー東京町田",
        "上大戸",
        "大戸橋",
        "法政大学入口",
        "法政大学(町田市)"
    ],
    "weekday": [],
    "saturday": [],
    "holiday": [
        "14:45"
    ],
    "url": "https://www.kanachu.co.jp/dia/diagram/timetable01_js/course:0000802896-21/node:00128896/kt:0/lname:/"
}
