{
    "date": "2022/03/12",
    "name": "下小竹",
    "position": "-",
    "system": "国04",
    "destinations": [
        "下中駐在所前",
        "下中小学校前",
        "診療所前(小田原市)",
        "鐘藪",
        "中村原",
        "下原(小田原市)",
        "橘中学校入口(小田原市)",
        "押切(中郡二宮町)",
        "押切・塔台橋",
        "橘インター入口",
        "町屋(小田原市)",
        "小学校前(小田原市)",
        "近戸神社",
        "前川(小田原市)",
        "西前川",
        "国府津駅"
    ],
    "weekday": [
        "6:23"
    ],
    "saturday": [
        "6:23",
        "12:13",
        "13:18",
        "16:43"
    ],
    "holiday": [
        "6:23",
        "12:13",
        "13:18",
        "16:43"
    ],
    "url": "https://www.kanachu.co.jp/dia/diagram/timetable01_js/course:0000802546-2/node:00127972/kt:0/lname:/"
}
