{
    "date": "2022/03/12",
    "name": "橘中学校入口(小田原市)",
    "position": "-",
    "system": "国04",
    "destinations": [
        "押切(中郡二宮町)",
        "押切・塔台橋",
        "橘インター入口",
        "町屋(小田原市)",
        "小学校前(小田原市)",
        "近戸神社",
        "前川(小田原市)",
        "西前川",
        "国府津駅"
    ],
    "weekday": [
        "6:28"
    ],
    "saturday": [
        "6:28",
        "12:18",
        "13:23",
        "16:48"
    ],
    "holiday": [
        "6:28",
        "12:18",
        "13:23",
        "16:48"
    ],
    "url": "https://www.kanachu.co.jp/dia/diagram/timetable01_js/course:0000802546-9/node:00127978/kt:0/lname:/"
}
