{
    "date": "2025/08/30",
    "name": "品濃町(横浜市戸塚区)",
    "position": "-",
    "system": "横17",
    "destinations": [
        "坂下(横浜市戸塚区)",
        "品濃口",
        "国道平戸",
        "坂下口",
        "山谷(横浜市戸塚区)",
        "平和台",
        "狩場町",
        "児童遊園地入口",
        "権太坂上",
        "権太坂",
        "元町橋交番前",
        "樹源寺前",
        "保土ヶ谷町2丁目",
        "八幡橋(横浜市保土ケ谷区)",
        "保土ヶ谷橋",
        "保土ヶ谷駅東口",
        "西久保町",
        "久保町(横浜市西区)",
        "水道道",
        "浜松町(横浜市西区)",
        "尾張屋橋際",
        "洪福寺",
        "浅間町車庫前",
        "浅岡橋",
        "浅間下(横浜市西区)",
        "楠町",
        "横浜駅西口"
    ],
    "weekday": [
        "5:56",
        "6:10",
        "6:30",
        "6:45",
        "6:59",
        "7:16",
        "7:29",
        "7:46",
        "8:04",
        "8:26",
        "8:46",
        "9:06",
        "9:26",
        "9:46",
        "10:06",
        "10:26",
        "10:46",
        "11:06",
        "11:26",
        "11:46",
        "12:06",
        "12:26",
        "12:46",
        "13:06",
        "13:26",
        "13:46",
        "14:06",
        "14:26",
        "14:46",
        "15:06",
        "15:26",
        "15:46",
        "16:06",
        "16:26",
        "16:46",
        "17:06",
        "17:26",
        "17:46",
        "18:06",
        "18:21",
        "18:42",
        "19:01",
        "19:22",
        "19:41",
        "20:11",
        "20:41",
        "21:12",
        "21:43"
    ],
    "saturday": [
        "6:00",
        "6:25",
        "6:45",
        "7:05",
        "7:25",
        "7:45",
        "8:05",
        "8:25",
        "8:45",
        "9:05",
        "9:25",
        "9:45",
        "10:06",
        "10:26",
        "10:46",
        "11:06",
        "11:26",
        "11:47",
        "12:06",
        "12:26",
        "12:47",
        "13:06",
        "13:26",
        "13:46",
        "14:06",
        "14:26",
        "14:46",
        "15:06",
        "15:26",
        "15:46",
        "16:06",
        "16:26",
        "16:46",
        "17:06",
        "17:26",
        "17:46",
        "18:06",
        "18:21",
        "18:41",
        "19:01",
        "19:21",
        "19:41",
        "20:06",
        "20:41",
        "21:11"
    ],
    "holiday": [
        "6:00",
        "6:25",
        "6:45",
        "7:05",
        "7:25",
        "7:45",
        "8:05",
        "8:25",
        "8:45",
        "9:05",
        "9:25",
        "9:45",
        "10:06",
        "10:26",
        "10:46",
        "11:06",
        "11:26",
        "11:47",
        "12:06",
        "12:26",
        "12:47",
        "13:06",
        "13:26",
        "13:46",
        "14:06",
        "14:26",
        "14:46",
        "15:06",
        "15:26",
        "15:46",
        "16:06",
        "16:26",
        "16:46",
        "17:06",
        "17:26",
        "17:46",
        "18:06",
        "18:21",
        "18:41",
        "19:01",
        "19:21",
        "19:41",
        "20:06",
        "20:41",
        "21:11"
    ],
    "url": "https://www.kanachu.co.jp/dia/diagram/timetable01_js/course:0000803536-2/node:00126642/kt:0/lname:/"
}
