{
    "date": "2025/08/30",
    "name": "児童遊園地入口",
    "position": "-",
    "system": "横17",
    "destinations": [
        "権太坂上",
        "権太坂",
        "元町橋交番前",
        "樹源寺前",
        "保土ヶ谷町2丁目",
        "八幡橋(横浜市保土ケ谷区)",
        "保土ヶ谷橋",
        "保土ヶ谷駅東口",
        "西久保町",
        "久保町(横浜市西区)",
        "水道道",
        "浜松町(横浜市西区)",
        "尾張屋橋際",
        "洪福寺",
        "浅間町車庫前",
        "浅岡橋",
        "浅間下(横浜市西区)",
        "楠町",
        "横浜駅西口"
    ],
    "weekday": [
        "6:09",
        "6:23",
        "6:43",
        "6:58",
        "7:12",
        "7:29",
        "7:42",
        "7:59",
        "8:17",
        "8:39",
        "8:59",
        "9:19",
        "9:39",
        "9:59",
        "10:19",
        "10:39",
        "10:59",
        "11:19",
        "11:39",
        "11:59",
        "12:19",
        "12:39",
        "12:59",
        "13:19",
        "13:39",
        "13:59",
        "14:19",
        "14:39",
        "14:59",
        "15:19",
        "15:39",
        "15:59",
        "16:19",
        "16:39",
        "16:59",
        "17:19",
        "17:39",
        "17:59",
        "18:19",
        "18:34",
        "18:55",
        "19:14",
        "19:35",
        "19:54",
        "20:24",
        "20:54",
        "21:25",
        "21:56"
    ],
    "saturday": [
        "6:13",
        "6:38",
        "6:58",
        "7:18",
        "7:38",
        "7:58",
        "8:18",
        "8:38",
        "8:58",
        "9:18",
        "9:38",
        "9:58",
        "10:19",
        "10:39",
        "10:59",
        "11:19",
        "11:39",
        "12:00",
        "12:19",
        "12:39",
        "13:00",
        "13:19",
        "13:39",
        "13:59",
        "14:19",
        "14:39",
        "14:59",
        "15:19",
        "15:39",
        "15:59",
        "16:19",
        "16:39",
        "16:59",
        "17:19",
        "17:39",
        "17:59",
        "18:19",
        "18:34",
        "18:54",
        "19:14",
        "19:34",
        "19:54",
        "20:19",
        "20:54",
        "21:24"
    ],
    "holiday": [
        "6:13",
        "6:38",
        "6:58",
        "7:18",
        "7:38",
        "7:58",
        "8:18",
        "8:38",
        "8:58",
        "9:18",
        "9:38",
        "9:58",
        "10:19",
        "10:39",
        "10:59",
        "11:19",
        "11:39",
        "12:00",
        "12:19",
        "12:39",
        "13:00",
        "13:19",
        "13:39",
        "13:59",
        "14:19",
        "14:39",
        "14:59",
        "15:19",
        "15:39",
        "15:59",
        "16:19",
        "16:39",
        "16:59",
        "17:19",
        "17:39",
        "17:59",
        "18:19",
        "18:34",
        "18:54",
        "19:14",
        "19:34",
        "19:54",
        "20:19",
        "20:54",
        "21:24"
    ],
    "url": "https://www.kanachu.co.jp/dia/diagram/timetable01_js/course:0000803536-10/node:00102575/kt:0/lname:/"
}
