{
    "date": "2025/08/30",
    "name": "久保町(横浜市西区)",
    "position": "-",
    "system": "横17",
    "destinations": [
        "水道道",
        "浜松町(横浜市西区)",
        "尾張屋橋際",
        "洪福寺",
        "浅間町車庫前",
        "浅岡橋",
        "浅間下(横浜市西区)",
        "楠町",
        "横浜駅西口"
    ],
    "weekday": [
        "6:24",
        "6:38",
        "6:58",
        "7:15",
        "7:30",
        "7:47",
        "8:00",
        "8:17",
        "8:35",
        "8:57",
        "9:14",
        "9:34",
        "9:54",
        "10:14",
        "10:34",
        "10:54",
        "11:14",
        "11:34",
        "11:54",
        "12:14",
        "12:34",
        "12:54",
        "13:14",
        "13:34",
        "13:54",
        "14:14",
        "14:34",
        "14:54",
        "15:14",
        "15:34",
        "15:54",
        "16:14",
        "16:34",
        "16:54",
        "17:14",
        "17:34",
        "17:54",
        "18:14",
        "18:34",
        "18:49",
        "19:10",
        "19:29",
        "19:50",
        "20:09",
        "20:39",
        "21:09",
        "21:40",
        "22:11"
    ],
    "saturday": [
        "6:28",
        "6:53",
        "7:13",
        "7:33",
        "7:53",
        "8:13",
        "8:33",
        "8:53",
        "9:13",
        "9:33",
        "9:53",
        "10:15",
        "10:37",
        "10:57",
        "11:17",
        "11:37",
        "11:57",
        "12:18",
        "12:37",
        "12:57",
        "13:18",
        "13:37",
        "13:57",
        "14:17",
        "14:37",
        "14:57",
        "15:17",
        "15:37",
        "15:57",
        "16:17",
        "16:37",
        "16:57",
        "17:17",
        "17:37",
        "17:57",
        "18:17",
        "18:37",
        "18:52",
        "19:11",
        "19:29",
        "19:49",
        "20:09",
        "20:34",
        "21:09",
        "21:39"
    ],
    "holiday": [
        "6:28",
        "6:53",
        "7:13",
        "7:33",
        "7:53",
        "8:13",
        "8:33",
        "8:53",
        "9:13",
        "9:33",
        "9:53",
        "10:15",
        "10:37",
        "10:57",
        "11:17",
        "11:37",
        "11:57",
        "12:18",
        "12:37",
        "12:57",
        "13:18",
        "13:37",
        "13:57",
        "14:17",
        "14:37",
        "14:57",
        "15:17",
        "15:37",
        "15:57",
        "16:17",
        "16:37",
        "16:57",
        "17:17",
        "17:37",
        "17:57",
        "18:17",
        "18:37",
        "18:52",
        "19:11",
        "19:29",
        "19:49",
        "20:09",
        "20:34",
        "21:09",
        "21:39"
    ],
    "url": "https://www.kanachu.co.jp/dia/diagram/timetable01_js/course:0000803536-20/node:00102455/kt:0/lname:/"
}
