{
    "date": "2025/08/30",
    "name": "水道道",
    "position": "-",
    "system": "横17",
    "destinations": [
        "浜松町(横浜市西区)",
        "尾張屋橋際",
        "洪福寺",
        "浅間町車庫前",
        "浅岡橋",
        "浅間下(横浜市西区)",
        "楠町",
        "横浜駅西口"
    ],
    "weekday": [
        "6:25",
        "6:39",
        "6:59",
        "7:17",
        "7:32",
        "7:49",
        "8:02",
        "8:19",
        "8:37",
        "8:59",
        "9:16",
        "9:36",
        "9:56",
        "10:16",
        "10:36",
        "10:56",
        "11:16",
        "11:36",
        "11:56",
        "12:16",
        "12:36",
        "12:56",
        "13:16",
        "13:36",
        "13:56",
        "14:16",
        "14:36",
        "14:56",
        "15:16",
        "15:36",
        "15:56",
        "16:16",
        "16:36",
        "16:56",
        "17:16",
        "17:36",
        "17:56",
        "18:16",
        "18:36",
        "18:51",
        "19:11",
        "19:30",
        "19:51",
        "20:10",
        "20:40",
        "21:10",
        "21:41",
        "22:12"
    ],
    "saturday": [
        "6:30",
        "6:55",
        "7:15",
        "7:35",
        "7:55",
        "8:15",
        "8:35",
        "8:55",
        "9:15",
        "9:35",
        "9:55",
        "10:17",
        "10:39",
        "10:59",
        "11:19",
        "11:39",
        "11:59",
        "12:20",
        "12:39",
        "12:59",
        "13:20",
        "13:39",
        "13:59",
        "14:19",
        "14:39",
        "14:59",
        "15:19",
        "15:39",
        "15:59",
        "16:19",
        "16:39",
        "16:59",
        "17:19",
        "17:39",
        "17:59",
        "18:19",
        "18:39",
        "18:54",
        "19:13",
        "19:31",
        "19:51",
        "20:11",
        "20:36",
        "21:11",
        "21:41"
    ],
    "holiday": [
        "6:30",
        "6:55",
        "7:15",
        "7:35",
        "7:55",
        "8:15",
        "8:35",
        "8:55",
        "9:15",
        "9:35",
        "9:55",
        "10:17",
        "10:39",
        "10:59",
        "11:19",
        "11:39",
        "11:59",
        "12:20",
        "12:39",
        "12:59",
        "13:20",
        "13:39",
        "13:59",
        "14:19",
        "14:39",
        "14:59",
        "15:19",
        "15:39",
        "15:59",
        "16:19",
        "16:39",
        "16:59",
        "17:19",
        "17:39",
        "17:59",
        "18:19",
        "18:39",
        "18:54",
        "19:13",
        "19:31",
        "19:51",
        "20:11",
        "20:36",
        "21:11",
        "21:41"
    ],
    "url": "https://www.kanachu.co.jp/dia/diagram/timetable01_js/course:0000803536-21/node:00102647/kt:0/lname:/"
}
