{
    "date": "2025/08/30",
    "name": "洪福寺",
    "position": "-",
    "system": "横17",
    "destinations": [
        "浅間町車庫前",
        "浅岡橋",
        "浅間下(横浜市西区)",
        "楠町",
        "横浜駅西口"
    ],
    "weekday": [
        "6:29",
        "6:43",
        "7:03",
        "7:22",
        "7:37",
        "7:54",
        "8:07",
        "8:24",
        "8:42",
        "9:04",
        "9:20",
        "9:40",
        "10:00",
        "10:20",
        "10:40",
        "11:00",
        "11:20",
        "11:40",
        "12:00",
        "12:20",
        "12:40",
        "13:00",
        "13:20",
        "13:40",
        "14:00",
        "14:20",
        "14:40",
        "15:00",
        "15:20",
        "15:40",
        "16:00",
        "16:20",
        "16:40",
        "17:00",
        "17:20",
        "17:40",
        "18:00",
        "18:20",
        "18:40",
        "18:55",
        "19:15",
        "19:34",
        "19:55",
        "20:14",
        "20:44",
        "21:14",
        "21:45",
        "22:16"
    ],
    "saturday": [
        "6:34",
        "6:59",
        "7:19",
        "7:39",
        "7:59",
        "8:20",
        "8:40",
        "9:00",
        "9:20",
        "9:40",
        "10:00",
        "10:22",
        "10:44",
        "11:04",
        "11:24",
        "11:44",
        "12:04",
        "12:25",
        "12:44",
        "13:04",
        "13:25",
        "13:44",
        "14:04",
        "14:24",
        "14:44",
        "15:04",
        "15:24",
        "15:44",
        "16:04",
        "16:24",
        "16:44",
        "17:04",
        "17:24",
        "17:44",
        "18:04",
        "18:24",
        "18:44",
        "18:59",
        "19:17",
        "19:35",
        "19:55",
        "20:15",
        "20:40",
        "21:15",
        "21:45"
    ],
    "holiday": [
        "6:34",
        "6:59",
        "7:19",
        "7:39",
        "7:59",
        "8:20",
        "8:40",
        "9:00",
        "9:20",
        "9:40",
        "10:00",
        "10:22",
        "10:44",
        "11:04",
        "11:24",
        "11:44",
        "12:04",
        "12:25",
        "12:44",
        "13:04",
        "13:25",
        "13:44",
        "14:04",
        "14:24",
        "14:44",
        "15:04",
        "15:24",
        "15:44",
        "16:04",
        "16:24",
        "16:44",
        "17:04",
        "17:24",
        "17:44",
        "18:04",
        "18:24",
        "18:44",
        "18:59",
        "19:17",
        "19:35",
        "19:55",
        "20:15",
        "20:40",
        "21:15",
        "21:45"
    ],
    "url": "https://www.kanachu.co.jp/dia/diagram/timetable01_js/course:0000803536-24/node:00102504/kt:0/lname:/"
}
