{
    "date": "2025/08/30",
    "name": "浅岡橋",
    "position": "-",
    "system": "横17",
    "destinations": [
        "浅間下(横浜市西区)",
        "楠町",
        "横浜駅西口"
    ],
    "weekday": [
        "6:31",
        "6:45",
        "7:07",
        "7:26",
        "7:41",
        "7:58",
        "8:11",
        "8:28",
        "8:46",
        "9:07",
        "9:23",
        "9:43",
        "10:03",
        "10:23",
        "10:43",
        "11:03",
        "11:23",
        "11:43",
        "12:03",
        "12:23",
        "12:43",
        "13:03",
        "13:23",
        "13:43",
        "14:03",
        "14:23",
        "14:43",
        "15:03",
        "15:23",
        "15:43",
        "16:03",
        "16:23",
        "16:43",
        "17:03",
        "17:23",
        "17:43",
        "18:03",
        "18:23",
        "18:43",
        "18:58",
        "19:17",
        "19:36",
        "19:57",
        "20:16",
        "20:46",
        "21:16",
        "21:47",
        "22:18"
    ],
    "saturday": [
        "6:36",
        "7:01",
        "7:21",
        "7:41",
        "8:01",
        "8:24",
        "8:44",
        "9:04",
        "9:24",
        "9:44",
        "10:04",
        "10:26",
        "10:48",
        "11:08",
        "11:28",
        "11:48",
        "12:08",
        "12:29",
        "12:48",
        "13:08",
        "13:29",
        "13:48",
        "14:08",
        "14:28",
        "14:48",
        "15:08",
        "15:28",
        "15:48",
        "16:08",
        "16:28",
        "16:48",
        "17:08",
        "17:28",
        "17:48",
        "18:08",
        "18:28",
        "18:48",
        "19:02",
        "19:19",
        "19:37",
        "19:57",
        "20:17",
        "20:42",
        "21:17",
        "21:47"
    ],
    "holiday": [
        "6:36",
        "7:01",
        "7:21",
        "7:41",
        "8:01",
        "8:24",
        "8:44",
        "9:04",
        "9:24",
        "9:44",
        "10:04",
        "10:26",
        "10:48",
        "11:08",
        "11:28",
        "11:48",
        "12:08",
        "12:29",
        "12:48",
        "13:08",
        "13:29",
        "13:48",
        "14:08",
        "14:28",
        "14:48",
        "15:08",
        "15:28",
        "15:48",
        "16:08",
        "16:28",
        "16:48",
        "17:08",
        "17:28",
        "17:48",
        "18:08",
        "18:28",
        "18:48",
        "19:02",
        "19:19",
        "19:37",
        "19:57",
        "20:17",
        "20:42",
        "21:17",
        "21:47"
    ],
    "url": "https://www.kanachu.co.jp/dia/diagram/timetable01_js/course:0000803536-26/node:00102205/kt:0/lname:/"
}
