{
    "date": "2025/08/30",
    "name": "浅間下(横浜市西区)",
    "position": "-",
    "system": "横17",
    "destinations": [
        "楠町",
        "横浜駅西口"
    ],
    "weekday": [
        "6:33",
        "6:47",
        "7:09",
        "7:28",
        "7:43",
        "8:00",
        "8:13",
        "8:30",
        "8:48",
        "9:09",
        "9:25",
        "9:45",
        "10:05",
        "10:25",
        "10:45",
        "11:05",
        "11:25",
        "11:45",
        "12:05",
        "12:25",
        "12:45",
        "13:05",
        "13:25",
        "13:45",
        "14:05",
        "14:25",
        "14:45",
        "15:05",
        "15:25",
        "15:45",
        "16:05",
        "16:25",
        "16:45",
        "17:05",
        "17:25",
        "17:45",
        "18:05",
        "18:25",
        "18:45",
        "19:00",
        "19:19",
        "19:38",
        "19:59",
        "20:18",
        "20:48",
        "21:18",
        "21:49",
        "22:20"
    ],
    "saturday": [
        "6:38",
        "7:03",
        "7:23",
        "7:43",
        "8:03",
        "8:26",
        "8:46",
        "9:06",
        "9:26",
        "9:46",
        "10:06",
        "10:28",
        "10:50",
        "11:10",
        "11:30",
        "11:50",
        "12:10",
        "12:31",
        "12:50",
        "13:10",
        "13:31",
        "13:50",
        "14:10",
        "14:30",
        "14:50",
        "15:10",
        "15:30",
        "15:50",
        "16:10",
        "16:30",
        "16:50",
        "17:10",
        "17:30",
        "17:50",
        "18:10",
        "18:30",
        "18:50",
        "19:04",
        "19:21",
        "19:39",
        "19:59",
        "20:19",
        "20:44",
        "21:19",
        "21:49"
    ],
    "holiday": [
        "6:38",
        "7:03",
        "7:23",
        "7:43",
        "8:03",
        "8:26",
        "8:46",
        "9:06",
        "9:26",
        "9:46",
        "10:06",
        "10:28",
        "10:50",
        "11:10",
        "11:30",
        "11:50",
        "12:10",
        "12:31",
        "12:50",
        "13:10",
        "13:31",
        "13:50",
        "14:10",
        "14:30",
        "14:50",
        "15:10",
        "15:30",
        "15:50",
        "16:10",
        "16:30",
        "16:50",
        "17:10",
        "17:30",
        "17:50",
        "18:10",
        "18:30",
        "18:50",
        "19:04",
        "19:21",
        "19:39",
        "19:59",
        "20:19",
        "20:44",
        "21:19",
        "21:49"
    ],
    "url": "https://www.kanachu.co.jp/dia/diagram/timetable01_js/course:0000803536-27/node:00102673/kt:0/lname:/"
}
