{
    "date": "2026/01/16",
    "name": "久所入口",
    "position": "-",
    "system": "秦70",
    "destinations": [
        "井ノ口小学校西",
        "境入口",
        "井ノ口駐在所前",
        "東名秦野",
        "南が丘東",
        "立野緑地入口",
        "日赤病院前(秦野市)",
        "小原台入口(秦野市)",
        "上尾尻橋",
        "秦野駅南口"
    ],
    "weekday": [
        "6:58",
        "7:56",
        "8:28",
        "9:03",
        "18:09",
        "19:09"
    ],
    "saturday": [],
    "holiday": [],
    "url": "https://www.kanachu.co.jp/dia/diagram/timetable01_js/course:0000804144-3/node:00127995/kt:0/lname:/"
}
