{
    "system": "秦70",
    "busstops": [
        {
            "index": "1",
            "id": "00127683",
            "name": "二宮駅北口",
            "lat": "35.29915",
            "lng": "139.257459"
        },
        {
            "index": "2",
            "id": "00127996",
            "name": "西谷戸橋",
            "lat": "35.316283",
            "lng": "139.24201"
        },
        {
            "index": "3",
            "id": "00127995",
            "name": "久所入口",
            "lat": "35.325182",
            "lng": "139.236158"
        },
        {
            "index": "4",
            "id": "00127994",
            "name": "井ノ口小学校西",
            "lat": "35.338961",
            "lng": "139.22991"
        },
        {
            "index": "5",
            "id": "00127993",
            "name": "境入口",
            "lat": "35.342125",
            "lng": "139.230191"
        },
        {
            "index": "6",
            "id": "00127992",
            "name": "井ノ口駐在所前",
            "lat": "35.346975",
            "lng": "139.232662"
        },
        {
            "index": "7",
            "id": "00026081",
            "name": "東名秦野",
            "lat": "35.351729",
            "lng": "139.235671"
        },
        {
            "index": "8",
            "id": "00127774",
            "name": "南が丘東",
            "lat": "35.356509",
            "lng": "139.234875"
        },
        {
            "index": "9",
            "id": "00128049",
            "name": "立野緑地入口",
            "lat": "35.357647",
            "lng": "139.232364"
        },
        {
            "index": "10",
            "id": "00128048",
            "name": "日赤病院前(秦野市)",
            "lat": "35.360128",
            "lng": "139.230074"
        },
        {
            "index": "11",
            "id": "00127768",
            "name": "小原台入口(秦野市)",
            "lat": "35.36268",
            "lng": "139.226772"
        },
        {
            "index": "12",
            "id": "00128038",
            "name": "上尾尻橋",
            "lat": "35.366082",
            "lng": "139.226163"
        },
        {
            "index": "13",
            "id": "00128054",
            "name": "秦野駅南口",
            "lat": "35.370145",
            "lng": "139.225385"
        }
    ],
    "route_url": "https://www.kanachu.co.jp/dia/route/index/cid:0000804144/"
}
