{
    "date": "2024/09/02",
    "name": "芝原(横浜市泉区)",
    "position": "-",
    "system": "い10",
    "destinations": [
        "富士塚(横浜市泉区)",
        "泉警察署前",
        "いずみ野駅",
        "グリーンハイム前",
        "松陽高校前",
        "三家(横浜市泉区)",
        "早稲田(横浜市泉区)",
        "ひなた山第一",
        "ひなた山",
        "上飯田車庫"
    ],
    "weekday": [
        "8:19",
        "8:49",
        "9:19",
        "9:49",
        "10:19",
        "10:49",
        "11:19",
        "11:49",
        "12:19",
        "12:49",
        "13:19",
        "13:49",
        "14:19",
        "14:49",
        "15:19",
        "15:49",
        "16:19",
        "16:49",
        "17:19",
        "17:49",
        "18:19",
        "18:49",
        "19:24",
        "20:19",
        "21:19"
    ],
    "saturday": [
        "10:04",
        "10:44",
        "11:24",
        "12:04",
        "12:44",
        "13:24",
        "14:04",
        "14:44",
        "15:24",
        "16:04",
        "16:44",
        "17:24",
        "18:04",
        "18:54",
        "19:54",
        "20:54"
    ],
    "holiday": [
        "10:04",
        "10:44",
        "11:24",
        "12:04",
        "12:44",
        "13:24",
        "14:04",
        "14:44",
        "15:24",
        "16:04",
        "16:44",
        "17:24",
        "18:04",
        "18:54",
        "19:54",
        "20:54"
    ],
    "url": "https://www.kanachu.co.jp/dia/diagram/timetable01_js/course:0000800713-5/node:00126935/kt:0/lname:/"
}
