{
    "date": "2024/09/02",
    "name": "ひなた山第一",
    "position": "-",
    "system": "",
    "destinations": [
        "ひなた山",
        "上飯田車庫"
    ],
    "weekday": [
        "8:32",
        "9:02",
        "9:32",
        "10:02",
        "10:32",
        "11:02",
        "11:32",
        "12:02",
        "12:32",
        "13:02",
        "13:32",
        "14:02",
        "14:32",
        "15:02",
        "15:32",
        "16:02",
        "16:32",
        "17:02",
        "17:32",
        "18:02",
        "18:32",
        "19:02",
        "19:37",
        "20:32",
        "21:32"
    ],
    "saturday": [
        "10:17",
        "10:57",
        "11:37",
        "12:17",
        "12:57",
        "13:37",
        "14:17",
        "14:57",
        "15:37",
        "16:17",
        "16:57",
        "17:37",
        "18:17",
        "19:07",
        "20:07",
        "21:07"
    ],
    "holiday": [
        "10:17",
        "10:57",
        "11:37",
        "12:17",
        "12:57",
        "13:37",
        "14:17",
        "14:57",
        "15:37",
        "16:17",
        "16:57",
        "17:37",
        "18:17",
        "19:07",
        "20:07",
        "21:07"
    ],
    "url": "https://www.kanachu.co.jp/dia/diagram/timetable01_js/course:0000800713-13/node:00126800/kt:0/lname:/"
}
