{
    "date": "2024/09/02",
    "name": "ひなた山",
    "position": "-",
    "system": "",
    "destinations": [
        "上飯田車庫"
    ],
    "weekday": [
        "8:33",
        "9:03",
        "9:33",
        "10:03",
        "10:33",
        "11:03",
        "11:33",
        "12:03",
        "12:33",
        "13:03",
        "13:33",
        "14:03",
        "14:33",
        "15:03",
        "15:33",
        "16:03",
        "16:33",
        "17:03",
        "17:33",
        "18:03",
        "18:33",
        "19:03",
        "19:38",
        "20:33",
        "21:33"
    ],
    "saturday": [
        "10:18",
        "10:58",
        "11:38",
        "12:18",
        "12:58",
        "13:38",
        "14:18",
        "14:58",
        "15:38",
        "16:18",
        "16:58",
        "17:38",
        "18:18",
        "19:08",
        "20:08",
        "21:08"
    ],
    "holiday": [
        "10:18",
        "10:58",
        "11:38",
        "12:18",
        "12:58",
        "13:38",
        "14:18",
        "14:58",
        "15:38",
        "16:18",
        "16:58",
        "17:38",
        "18:18",
        "19:08",
        "20:08",
        "21:08"
    ],
    "url": "https://www.kanachu.co.jp/dia/diagram/timetable01_js/course:0000800713-14/node:00126702/kt:0/lname:/"
}
