{
    "date": "2025/07/12",
    "name": "伊勢山入口",
    "position": "-",
    "system": "藤35",
    "destinations": [
        "台町(藤沢市)",
        "本町消防出張所前",
        "藤沢公民館前",
        "遊行寺前",
        "遊行通り四丁目",
        "藤沢駅北口"
    ],
    "weekday": [
        "7:14",
        "16:04",
        "17:24",
        "18:04",
        "18:39",
        "19:14",
        "20:19"
    ],
    "saturday": [
        "7:24",
        "8:19",
        "8:59",
        "17:04",
        "18:04",
        "19:04"
    ],
    "holiday": [
        "7:24",
        "8:19",
        "8:59",
        "17:04",
        "18:04",
        "19:04"
    ],
    "url": "https://www.kanachu.co.jp/dia/diagram/timetable01_js/course:0000803350-6/node:00127063/kt:0/lname:/"
}
