{
    "date": "2020/11/16",
    "name": "岡田(新道/厚木市)",
    "position": "-",
    "system": "厚10",
    "destinations": [
        "岡田一本杉(新道/厚木市)",
        "本厚木駅南口"
    ],
    "weekday": [
        "10:52",
        "11:32",
        "12:12",
        "12:52",
        "13:32",
        "14:12",
        "14:52",
        "15:32",
        "16:12",
        "16:52"
    ],
    "saturday": [
        "7:32",
        "8:12",
        "8:52",
        "9:32",
        "10:12",
        "10:52",
        "11:32",
        "12:12",
        "12:52",
        "13:32",
        "14:12",
        "14:52",
        "15:32",
        "16:12",
        "16:52"
    ],
    "holiday": [
        "7:32",
        "8:12",
        "8:52",
        "9:32",
        "10:12",
        "10:52",
        "11:32",
        "12:12",
        "12:52",
        "13:32",
        "14:12",
        "14:52",
        "15:32",
        "16:12",
        "16:52"
    ],
    "url": "https://www.kanachu.co.jp/dia/diagram/timetable01_js/course:0000801623-3/node:00128633/kt:0/lname:/"
}
