{
    "date": "2025/08/04",
    "name": "橋本二丁目",
    "position": "-",
    "system": "橋33",
    "destinations": [
        "緑区合同庁舎前(相模原市緑区)",
        "北警察署前(相模原市緑区)",
        "西橋本三丁目",
        "日本板硝子前(相模原市緑区)",
        "住宅前(相模原市緑区)",
        "公園前(相模原市緑区)",
        "上の原(相模原市緑区)",
        "相模原協同病院入口",
        "内出(相模原市緑区)",
        "合野原",
        "上大島"
    ],
    "weekday": [
        "6:06",
        "6:21",
        "6:41",
        "7:01",
        "7:11",
        "7:25",
        "7:36",
        "7:51",
        "8:08",
        "8:26",
        "8:56",
        "9:16",
        "9:31",
        "9:51",
        "10:21",
        "10:46",
        "11:21",
        "11:41",
        "12:21",
        "12:41",
        "13:21",
        "13:41",
        "14:21",
        "14:41",
        "15:21",
        "15:36",
        "16:13",
        "16:41",
        "17:06",
        "17:31",
        "17:51",
        "18:11",
        "18:33",
        "18:46",
        "19:01",
        "19:23",
        "19:41",
        "20:01",
        "20:21",
        "20:41",
        "21:01",
        "21:21",
        "21:41",
        "22:01",
        "22:26",
        "23:01"
    ],
    "saturday": [
        "6:21",
        "7:01",
        "7:21",
        "7:41",
        "7:56",
        "8:16",
        "8:41",
        "9:16",
        "9:41",
        "10:31",
        "10:41",
        "11:16",
        "11:31",
        "12:16",
        "12:36",
        "13:21",
        "13:41",
        "14:21",
        "14:41",
        "15:16",
        "15:41",
        "16:26",
        "16:41",
        "17:21",
        "17:36",
        "18:21",
        "18:51",
        "19:21",
        "19:41",
        "20:26",
        "20:41",
        "21:21",
        "21:41",
        "22:21"
    ],
    "holiday": [
        "6:41",
        "7:21",
        "7:41",
        "7:56",
        "8:16",
        "8:41",
        "9:16",
        "9:41",
        "10:31",
        "10:41",
        "11:16",
        "11:31",
        "12:16",
        "12:36",
        "13:21",
        "13:41",
        "14:21",
        "14:41",
        "15:16",
        "15:41",
        "16:26",
        "16:41",
        "17:21",
        "17:36",
        "18:21",
        "18:51",
        "19:21",
        "19:41",
        "20:26",
        "20:41",
        "21:21",
        "21:41"
    ],
    "url": "https://www.kanachu.co.jp/dia/diagram/timetable01_js/course:0000803127-2/node:00128971/kt:0/lname:/"
}
