{
    "date": "2025/08/04",
    "name": "緑区合同庁舎前(相模原市緑区)",
    "position": "-",
    "system": "橋33",
    "destinations": [
        "北警察署前(相模原市緑区)",
        "西橋本三丁目",
        "日本板硝子前(相模原市緑区)",
        "住宅前(相模原市緑区)",
        "公園前(相模原市緑区)",
        "上の原(相模原市緑区)",
        "相模原協同病院入口",
        "内出(相模原市緑区)",
        "合野原",
        "上大島"
    ],
    "weekday": [
        "6:07",
        "6:22",
        "6:42",
        "7:02",
        "7:12",
        "7:26",
        "7:37",
        "7:52",
        "8:09",
        "8:27",
        "8:57",
        "9:17",
        "9:32",
        "9:52",
        "10:22",
        "10:47",
        "11:22",
        "11:42",
        "12:22",
        "12:42",
        "13:22",
        "13:42",
        "14:22",
        "14:42",
        "15:22",
        "15:37",
        "16:14",
        "16:42",
        "17:07",
        "17:32",
        "17:52",
        "18:12",
        "18:34",
        "18:47",
        "19:02",
        "19:24",
        "19:42",
        "20:02",
        "20:22",
        "20:42",
        "21:02",
        "21:22",
        "21:42",
        "22:02",
        "22:27",
        "23:02"
    ],
    "saturday": [
        "6:22",
        "7:02",
        "7:22",
        "7:42",
        "7:57",
        "8:17",
        "8:42",
        "9:17",
        "9:42",
        "10:32",
        "10:42",
        "11:17",
        "11:32",
        "12:17",
        "12:37",
        "13:22",
        "13:42",
        "14:22",
        "14:42",
        "15:17",
        "15:42",
        "16:27",
        "16:42",
        "17:22",
        "17:37",
        "18:22",
        "18:52",
        "19:22",
        "19:42",
        "20:27",
        "20:42",
        "21:22",
        "21:42",
        "22:22"
    ],
    "holiday": [
        "6:42",
        "7:22",
        "7:42",
        "7:57",
        "8:17",
        "8:42",
        "9:17",
        "9:42",
        "10:32",
        "10:42",
        "11:17",
        "11:32",
        "12:17",
        "12:37",
        "13:22",
        "13:42",
        "14:22",
        "14:42",
        "15:17",
        "15:42",
        "16:27",
        "16:42",
        "17:22",
        "17:37",
        "18:22",
        "18:52",
        "19:22",
        "19:42",
        "20:27",
        "20:42",
        "21:22",
        "21:42"
    ],
    "url": "https://www.kanachu.co.jp/dia/diagram/timetable01_js/course:0000803127-3/node:00129000/kt:0/lname:/"
}
