{
    "date": "2025/08/04",
    "name": "西橋本三丁目",
    "position": "-",
    "system": "橋33",
    "destinations": [
        "日本板硝子前(相模原市緑区)",
        "住宅前(相模原市緑区)",
        "公園前(相模原市緑区)",
        "上の原(相模原市緑区)",
        "相模原協同病院入口",
        "内出(相模原市緑区)",
        "合野原",
        "上大島"
    ],
    "weekday": [
        "6:08",
        "6:23",
        "6:43",
        "7:04",
        "7:14",
        "7:28",
        "7:39",
        "7:54",
        "8:11",
        "8:29",
        "8:59",
        "9:18",
        "9:33",
        "9:53",
        "10:23",
        "10:48",
        "11:23",
        "11:43",
        "12:23",
        "12:43",
        "13:23",
        "13:43",
        "14:23",
        "14:43",
        "15:23",
        "15:38",
        "16:15",
        "16:43",
        "17:09",
        "17:34",
        "17:54",
        "18:14",
        "18:36",
        "18:49",
        "19:04",
        "19:26",
        "19:44",
        "20:02",
        "20:22",
        "20:42",
        "21:02",
        "21:22",
        "21:42",
        "22:02",
        "22:27",
        "23:02"
    ],
    "saturday": [
        "6:23",
        "7:04",
        "7:24",
        "7:44",
        "7:59",
        "8:19",
        "8:44",
        "9:19",
        "9:44",
        "10:34",
        "10:44",
        "11:19",
        "11:34",
        "12:19",
        "12:39",
        "13:24",
        "13:44",
        "14:24",
        "14:44",
        "15:19",
        "15:44",
        "16:29",
        "16:44",
        "17:24",
        "17:39",
        "18:24",
        "18:54",
        "19:24",
        "19:44",
        "20:28",
        "20:43",
        "21:23",
        "21:43",
        "22:23"
    ],
    "holiday": [
        "6:43",
        "7:23",
        "7:43",
        "7:58",
        "8:18",
        "8:43",
        "9:18",
        "9:43",
        "10:34",
        "10:44",
        "11:19",
        "11:34",
        "12:19",
        "12:39",
        "13:24",
        "13:44",
        "14:24",
        "14:44",
        "15:19",
        "15:44",
        "16:29",
        "16:44",
        "17:24",
        "17:39",
        "18:24",
        "18:54",
        "19:23",
        "19:43",
        "20:28",
        "20:43",
        "21:23",
        "21:43"
    ],
    "url": "https://www.kanachu.co.jp/dia/diagram/timetable01_js/course:0000803127-5/node:00128972/kt:0/lname:/"
}
