{
    "date": "2025/08/04",
    "name": "公園前(相模原市緑区)",
    "position": "-",
    "system": "橋33",
    "destinations": [
        "上の原(相模原市緑区)",
        "相模原協同病院入口",
        "内出(相模原市緑区)",
        "合野原",
        "上大島"
    ],
    "weekday": [
        "6:11",
        "6:26",
        "6:46",
        "7:07",
        "7:17",
        "7:31",
        "7:42",
        "7:57",
        "8:14",
        "8:32",
        "9:02",
        "9:21",
        "9:36",
        "9:56",
        "10:26",
        "10:51",
        "11:26",
        "11:46",
        "12:26",
        "12:46",
        "13:26",
        "13:46",
        "14:26",
        "14:46",
        "15:26",
        "15:41",
        "16:18",
        "16:46",
        "17:12",
        "17:37",
        "17:57",
        "18:17",
        "18:39",
        "18:52",
        "19:07",
        "19:29",
        "19:47",
        "20:05",
        "20:25",
        "20:45",
        "21:05",
        "21:25",
        "21:45",
        "22:05",
        "22:30",
        "23:05"
    ],
    "saturday": [
        "6:26",
        "7:07",
        "7:27",
        "7:47",
        "8:02",
        "8:22",
        "8:47",
        "9:22",
        "9:47",
        "10:37",
        "10:47",
        "11:22",
        "11:37",
        "12:22",
        "12:42",
        "13:27",
        "13:47",
        "14:27",
        "14:47",
        "15:22",
        "15:47",
        "16:32",
        "16:47",
        "17:27",
        "17:42",
        "18:27",
        "18:57",
        "19:27",
        "19:47",
        "20:31",
        "20:46",
        "21:26",
        "21:46",
        "22:26"
    ],
    "holiday": [
        "6:46",
        "7:26",
        "7:46",
        "8:01",
        "8:21",
        "8:46",
        "9:21",
        "9:46",
        "10:37",
        "10:47",
        "11:22",
        "11:37",
        "12:22",
        "12:42",
        "13:27",
        "13:47",
        "14:27",
        "14:47",
        "15:22",
        "15:47",
        "16:32",
        "16:47",
        "17:27",
        "17:42",
        "18:27",
        "18:57",
        "19:26",
        "19:46",
        "20:31",
        "20:46",
        "21:26",
        "21:46"
    ],
    "url": "https://www.kanachu.co.jp/dia/diagram/timetable01_js/course:0000803127-8/node:00128975/kt:0/lname:/"
}
