{
    "date": "2025/08/04",
    "name": "相模原協同病院入口",
    "position": "-",
    "system": "橋33",
    "destinations": [
        "内出(相模原市緑区)",
        "合野原",
        "上大島"
    ],
    "weekday": [
        "6:13",
        "6:28",
        "6:48",
        "7:10",
        "7:20",
        "7:34",
        "7:45",
        "8:00",
        "8:17",
        "8:35",
        "9:04",
        "9:23",
        "9:38",
        "9:58",
        "10:28",
        "10:53",
        "11:28",
        "11:48",
        "12:28",
        "12:48",
        "13:28",
        "13:48",
        "14:28",
        "14:48",
        "15:28",
        "15:43",
        "16:20",
        "16:48",
        "17:15",
        "17:40",
        "18:00",
        "18:20",
        "18:42",
        "18:55",
        "19:10",
        "19:32",
        "19:50",
        "20:08",
        "20:28",
        "20:48",
        "21:08",
        "21:28",
        "21:48",
        "22:08",
        "22:33",
        "23:08"
    ],
    "saturday": [
        "6:28",
        "7:09",
        "7:29",
        "7:49",
        "8:04",
        "8:24",
        "8:49",
        "9:24",
        "9:49",
        "10:39",
        "10:49",
        "11:24",
        "11:39",
        "12:24",
        "12:44",
        "13:29",
        "13:49",
        "14:29",
        "14:49",
        "15:24",
        "15:49",
        "16:34",
        "16:49",
        "17:29",
        "17:44",
        "18:29",
        "18:59",
        "19:29",
        "19:49",
        "20:33",
        "20:48",
        "21:28",
        "21:48",
        "22:28"
    ],
    "holiday": [
        "6:48",
        "7:28",
        "7:48",
        "8:03",
        "8:23",
        "8:48",
        "9:23",
        "9:48",
        "10:39",
        "10:49",
        "11:24",
        "11:39",
        "12:24",
        "12:44",
        "13:29",
        "13:49",
        "14:29",
        "14:49",
        "15:24",
        "15:49",
        "16:34",
        "16:49",
        "17:29",
        "17:44",
        "18:29",
        "18:59",
        "19:28",
        "19:48",
        "20:33",
        "20:48",
        "21:28",
        "21:48"
    ],
    "url": "https://www.kanachu.co.jp/dia/diagram/timetable01_js/course:0000803127-10/node:00128977/kt:0/lname:/"
}
