{
    "date": "2025/04/01",
    "name": "町田バスセンター15番線",
    "position": "-",
    "system": "町24",
    "destinations": [
        "町田市役所市民ホール前",
        "第四小学校前(町田市)",
        "森野三丁目",
        "市民病院前(町田市)",
        "浄水場前(町田市)",
        "滝の沢(町田市)",
        "木曽住宅",
        "三家(町田市)",
        "木曽入口",
        "山崎団地入口",
        "山崎団地センター",
        "給水塔前(山崎団地/町田市)",
        "北一号(町田市)",
        "北二号(町田市)",
        "山崎団地"
    ],
    "weekday": [
        "9:06",
        "9:29",
        "9:37",
        "9:55",
        "10:05",
        "10:29",
        "10:37",
        "10:55",
        "11:03",
        "11:16",
        "11:29",
        "11:37",
        "11:55",
        "12:05",
        "12:25",
        "12:33",
        "12:40",
        "12:58"
    ],
    "saturday": [],
    "holiday": [],
    "url": "https://www.kanachu.co.jp/dia/diagram/timetable01_js/course:0000802962-3/node:00130513/kt:0/lname:/"
}
