{
    "date": "2025/04/01",
    "name": "町田市役所市民ホール前",
    "position": "-",
    "system": "町24",
    "destinations": [
        "第四小学校前(町田市)",
        "森野三丁目",
        "市民病院前(町田市)",
        "浄水場前(町田市)",
        "滝の沢(町田市)",
        "木曽住宅",
        "三家(町田市)",
        "木曽入口",
        "山崎団地入口",
        "山崎団地センター",
        "給水塔前(山崎団地/町田市)",
        "北一号(町田市)",
        "北二号(町田市)",
        "山崎団地"
    ],
    "weekday": [
        "9:07",
        "9:30",
        "9:38",
        "9:56",
        "10:06",
        "10:30",
        "10:38",
        "10:56",
        "11:04",
        "11:17",
        "11:30",
        "11:38",
        "11:56",
        "12:06",
        "12:26",
        "12:34",
        "12:41",
        "12:59"
    ],
    "saturday": [],
    "holiday": [],
    "url": "https://www.kanachu.co.jp/dia/diagram/timetable01_js/course:0000802962-4/node:00129356/kt:0/lname:/"
}
