{
    "date": "2025/04/01",
    "name": "木曽住宅",
    "position": "-",
    "system": "町24",
    "destinations": [
        "三家(町田市)",
        "木曽入口",
        "山崎団地入口",
        "山崎団地センター",
        "給水塔前(山崎団地/町田市)",
        "北一号(町田市)",
        "北二号(町田市)",
        "山崎団地"
    ],
    "weekday": [
        "9:16",
        "9:39",
        "9:47",
        "10:05",
        "10:15",
        "10:39",
        "10:47",
        "11:05",
        "11:13",
        "11:26",
        "11:39",
        "11:47",
        "12:05",
        "12:15",
        "12:35",
        "12:43",
        "12:50",
        "13:08"
    ],
    "saturday": [],
    "holiday": [],
    "url": "https://www.kanachu.co.jp/dia/diagram/timetable01_js/course:0000802962-10/node:00129362/kt:0/lname:/"
}
