{
    "date": "2025/04/01",
    "name": "山崎団地入口",
    "position": "-",
    "system": "町24",
    "destinations": [
        "山崎団地センター",
        "給水塔前(山崎団地/町田市)",
        "北一号(町田市)",
        "北二号(町田市)",
        "山崎団地"
    ],
    "weekday": [
        "9:20",
        "9:43",
        "9:51",
        "10:09",
        "10:19",
        "10:43",
        "10:51",
        "11:09",
        "11:17",
        "11:30",
        "11:43",
        "11:51",
        "12:09",
        "12:19",
        "12:39",
        "12:47",
        "12:54",
        "13:12"
    ],
    "saturday": [],
    "holiday": [],
    "url": "https://www.kanachu.co.jp/dia/diagram/timetable01_js/course:0000802962-13/node:00129387/kt:0/lname:/"
}
