{
    "date": "2025/11/16",
    "name": "公所(平塚市)",
    "position": "-",
    "system": "伊18",
    "destinations": [
        "長久保(平塚市)",
        "湘南日向岡",
        "日向岡一丁目",
        "日向岡二丁目",
        "日向岡入口",
        "大町(平塚市)",
        "坂間",
        "高村団地入口",
        "勝原小学校前(平塚市)",
        "高村団地"
    ],
    "weekday": [
        "7:27",
        "8:04",
        "8:47",
        "9:22",
        "10:03",
        "11:03",
        "12:03",
        "13:03",
        "14:03",
        "15:03",
        "16:03",
        "17:04",
        "18:00",
        "18:34",
        "19:00",
        "19:34",
        "19:57",
        "20:47",
        "21:47"
    ],
    "saturday": [
        "7:22",
        "8:48",
        "10:13",
        "11:13",
        "12:13",
        "13:13",
        "14:13",
        "15:13",
        "16:13",
        "17:13",
        "18:13",
        "19:13",
        "20:13"
    ],
    "holiday": [
        "7:53",
        "8:48",
        "10:13",
        "11:13",
        "12:13",
        "13:13",
        "14:13",
        "15:13",
        "16:13",
        "17:13",
        "18:13",
        "19:13",
        "20:13"
    ],
    "url": "https://www.kanachu.co.jp/dia/diagram/timetable01_js/course:0000801101-21/node:00127567/kt:0/lname:/"
}
