{
    "date": "2025/04/01",
    "name": "山王(相模原市中央区)",
    "position": "",
    "system": "町17",
    "destinations": [
        "山王下(相模原市中央区)",
        "矢部八幡前",
        "日向根トンネル",
        "根岸町内会館入口",
        "淡島公園入口",
        "町田総合高校前",
        "木曽南団地",
        "横町(町田市)",
        "境川団地",
        "境川団地中央",
        "境川団地入口",
        "木曽都営入口",
        "桧台入口",
        "森野六丁目",
        "森野五丁目",
        "妙延寺(町田市)",
        "町田市役所市民ホール前",
        "町田バスセンター"
    ],
    "weekday": [
        "6:33",
        "7:28",
        "8:38",
        "9:52",
        "10:52",
        "11:37",
        "12:38",
        "13:38",
        "14:38",
        "15:38",
        "16:52",
        "17:48",
        "18:52",
        "19:12"
    ],
    "saturday": [
        "6:43",
        "7:57",
        "8:57",
        "9:57",
        "10:57",
        "11:57",
        "12:57",
        "13:57",
        "14:57",
        "15:57",
        "16:57",
        "17:57",
        "18:57",
        "19:57"
    ],
    "holiday": [
        "6:43",
        "7:48",
        "8:57",
        "9:57",
        "10:57",
        "11:57",
        "12:57",
        "13:57",
        "14:57",
        "15:57",
        "16:57",
        "18:00",
        "18:57",
        "19:57"
    ],
    "url": "https://www.kanachu.co.jp/dia/diagram/timetable01_js/course:0000803215-5/node:00130111/kt:0/lname:/"
}
