{
    "date": "2025/04/01",
    "name": "木曽南団地",
    "position": "",
    "system": "町17",
    "destinations": [
        "横町(町田市)",
        "境川団地",
        "境川団地中央",
        "境川団地入口",
        "木曽都営入口",
        "桧台入口",
        "森野六丁目",
        "森野五丁目",
        "妙延寺(町田市)",
        "町田市役所市民ホール前",
        "町田バスセンター"
    ],
    "weekday": [
        "6:42",
        "7:37",
        "8:47",
        "10:01",
        "11:01",
        "11:46",
        "12:47",
        "13:47",
        "14:47",
        "15:47",
        "17:01",
        "17:57",
        "19:01",
        "19:21"
    ],
    "saturday": [
        "6:51",
        "8:05",
        "9:06",
        "10:06",
        "11:06",
        "12:06",
        "13:06",
        "14:06",
        "15:06",
        "16:06",
        "17:06",
        "18:06",
        "19:05",
        "20:05"
    ],
    "holiday": [
        "6:51",
        "7:56",
        "9:06",
        "10:06",
        "11:06",
        "12:06",
        "13:06",
        "14:06",
        "15:06",
        "16:06",
        "17:06",
        "18:08",
        "19:05",
        "20:05"
    ],
    "url": "https://www.kanachu.co.jp/dia/diagram/timetable01_js/course:0000803215-12/node:00129384/kt:0/lname:/"
}
