{
    "date": "2025/04/01",
    "name": "下九沢",
    "position": "-",
    "system": "橋59",
    "destinations": [
        "葛輪",
        "工場入口",
        "上四ツ谷",
        "堀の内(相模原市中央区)",
        "田名バスターミナル",
        "田名坂上",
        "ふれあい科学館前",
        "水郷田名"
    ],
    "weekday": [
        "22:00",
        "22:41"
    ],
    "saturday": [
        "21:55",
        "22:45"
    ],
    "holiday": [
        "21:55",
        "22:45"
    ],
    "url": "https://www.kanachu.co.jp/dia/diagram/timetable01_js/course:0000803751-7/node:00129161/kt:0/lname:/"
}
