{
    "date": "2025/04/01",
    "name": "工場入口",
    "position": "-",
    "system": "橋59",
    "destinations": [
        "上四ツ谷",
        "堀の内(相模原市中央区)",
        "田名バスターミナル",
        "田名坂上",
        "ふれあい科学館前",
        "水郷田名"
    ],
    "weekday": [
        "22:04",
        "22:45"
    ],
    "saturday": [
        "21:58",
        "22:48"
    ],
    "holiday": [
        "21:58",
        "22:48"
    ],
    "url": "https://www.kanachu.co.jp/dia/diagram/timetable01_js/course:0000803751-9/node:00129138/kt:0/lname:/"
}
