{
    "system": "橋59",
    "busstops": [
        {
            "index": "1",
            "id": "00128970",
            "name": "橋本駅南口",
            "lat": "35.59428",
            "lng": "139.344861"
        },
        {
            "index": "2",
            "id": "00128971",
            "name": "橋本二丁目",
            "lat": "35.595232",
            "lng": "139.340162"
        },
        {
            "index": "3",
            "id": "00129066",
            "name": "旭中学校(相模原市緑区)",
            "lat": "35.588156",
            "lng": "139.341703"
        },
        {
            "index": "4",
            "id": "00129266",
            "name": "南町(相模原市緑区)",
            "lat": "35.582775",
            "lng": "139.342867"
        },
        {
            "index": "5",
            "id": "00129199",
            "name": "塚場坂上",
            "lat": "35.578667",
            "lng": "139.341617"
        },
        {
            "index": "6",
            "id": "00129198",
            "name": "塚場",
            "lat": "35.574112",
            "lng": "139.340094"
        },
        {
            "index": "7",
            "id": "00129161",
            "name": "下九沢",
            "lat": "35.571802",
            "lng": "139.340595"
        },
        {
            "index": "8",
            "id": "00129131",
            "name": "葛輪",
            "lat": "35.566718",
            "lng": "139.340947"
        },
        {
            "index": "9",
            "id": "00129138",
            "name": "工場入口",
            "lat": "35.561618",
            "lng": "139.339685"
        },
        {
            "index": "10",
            "id": "00129117",
            "name": "上四ツ谷",
            "lat": "35.554883",
            "lng": "139.336612"
        },
        {
            "index": "11",
            "id": "00129256",
            "name": "堀の内(相模原市中央区)",
            "lat": "35.552151",
            "lng": "139.33379"
        },
        {
            "index": "12",
            "id": "00129077",
            "name": "田名バスターミナル",
            "lat": "35.551216",
            "lng": "139.33512"
        },
        {
            "index": "13",
            "id": "00129182",
            "name": "田名坂上",
            "lat": "35.549399",
            "lng": "139.331639"
        },
        {
            "index": "14",
            "id": "00130345",
            "name": "ふれあい科学館前",
            "lat": "35.547179",
            "lng": "139.330005"
        },
        {
            "index": "15",
            "id": "00129168",
            "name": "水郷田名",
            "lat": "35.546213",
            "lng": "139.330991"
        }
    ],
    "route_url": "https://www.kanachu.co.jp/dia/route/index/cid:0000803751/"
}
