{
    "date": "2025/12/20",
    "name": "オークシティ前",
    "position": "-",
    "system": "間17",
    "destinations": [
        "市役所市立病院前",
        "職業安定所前(大和市)",
        "郵便局前(大和市)",
        "市民活動拠点ベテルギウス前",
        "豊川稲荷前(大和市)",
        "新橋通り(大和市)",
        "大和駅西口",
        "中央四丁目(大和市)",
        "草柳一丁目",
        "草柳二丁目",
        "草柳三丁目",
        "引地台公園入口",
        "山王橋(大和市)",
        "富士見橋(大和市)",
        "桜ヶ丘駅西口"
    ],
    "weekday": [
        "7:03",
        "8:43"
    ],
    "saturday": [
        "8:22",
        "10:18",
        "11:08",
        "11:58",
        "12:48",
        "13:38",
        "14:28",
        "15:18",
        "16:08",
        "16:58",
        "17:48"
    ],
    "holiday": [
        "8:22",
        "10:18",
        "11:08",
        "11:58",
        "12:48",
        "13:38",
        "14:28",
        "15:18",
        "16:08",
        "16:58",
        "17:48"
    ],
    "url": "https://www.kanachu.co.jp/dia/diagram/timetable01_js/course:0000803742-3/node:00129610/kt:0/lname:/"
}
