{
    "date": "2025/12/20",
    "name": "新橋通り(大和市)",
    "position": "-",
    "system": "間17",
    "destinations": [
        "大和駅西口",
        "中央四丁目(大和市)",
        "草柳一丁目",
        "草柳二丁目",
        "草柳三丁目",
        "引地台公園入口",
        "山王橋(大和市)",
        "富士見橋(大和市)",
        "桜ヶ丘駅西口"
    ],
    "weekday": [
        "7:13",
        "8:53"
    ],
    "saturday": [
        "8:30",
        "10:30",
        "11:20",
        "12:10",
        "13:00",
        "13:50",
        "14:40",
        "15:30",
        "16:20",
        "17:10",
        "18:00"
    ],
    "holiday": [
        "8:30",
        "10:30",
        "11:20",
        "12:10",
        "13:00",
        "13:50",
        "14:40",
        "15:30",
        "16:20",
        "17:10",
        "18:00"
    ],
    "url": "https://www.kanachu.co.jp/dia/diagram/timetable01_js/course:0000803742-9/node:00129615/kt:0/lname:/"
}
