{
    "date": "2025/12/20",
    "name": "草柳一丁目",
    "position": "-",
    "system": "間17",
    "destinations": [
        "草柳二丁目",
        "草柳三丁目",
        "引地台公園入口",
        "山王橋(大和市)",
        "富士見橋(大和市)",
        "桜ヶ丘駅西口"
    ],
    "weekday": [
        "7:22",
        "9:02"
    ],
    "saturday": [
        "8:39",
        "10:39",
        "11:29",
        "12:19",
        "13:09",
        "13:59",
        "14:49",
        "15:39",
        "16:29",
        "17:19",
        "18:09"
    ],
    "holiday": [
        "8:39",
        "10:39",
        "11:29",
        "12:19",
        "13:09",
        "13:59",
        "14:49",
        "15:39",
        "16:29",
        "17:19",
        "18:09"
    ],
    "url": "https://www.kanachu.co.jp/dia/diagram/timetable01_js/course:0000803742-12/node:00129618/kt:0/lname:/"
}
