{
    "date": "2025/10/20",
    "name": "引地台公園入口",
    "position": "-",
    "system": "間17",
    "destinations": [
        "山王橋(大和市)",
        "富士見橋(大和市)",
        "桜ヶ丘駅西口"
    ],
    "weekday": [
        "6:28",
        "7:27",
        "9:07"
    ],
    "saturday": [
        "8:44",
        "9:44",
        "10:44",
        "11:34",
        "12:24",
        "13:14",
        "14:04",
        "14:54",
        "15:44",
        "16:34",
        "17:24",
        "18:14"
    ],
    "holiday": [
        "8:44",
        "9:44",
        "10:44",
        "11:34",
        "12:24",
        "13:14",
        "14:04",
        "14:54",
        "15:44",
        "16:34",
        "17:24",
        "18:14"
    ],
    "url": "https://www.kanachu.co.jp/dia/diagram/timetable01_js/course:0000803742-15/node:00129621/kt:0/lname:/"
}
