{
    "date": "2025/11/16",
    "name": "産業能率大学",
    "position": "-",
    "system": "伊13",
    "destinations": [
        "御伊勢の森",
        "石倉(伊勢原市)",
        "石倉橋",
        "山王原(伊勢原市)",
        "道灌塚前",
        "〆引",
        "市光前",
        "峰岸",
        "片町(伊勢原市)",
        "片町十字路",
        "大神宮前",
        "本町(伊勢原市)",
        "伊勢原駅北口"
    ],
    "weekday": [
        "9:05",
        "10:05",
        "11:05",
        "12:05",
        "13:05",
        "14:05",
        "15:05",
        "15:15",
        "15:25",
        "16:05",
        "17:05",
        "17:10",
        "17:15",
        "17:20",
        "18:05",
        "19:00",
        "19:10"
    ],
    "saturday": [],
    "holiday": [],
    "url": "https://www.kanachu.co.jp/dia/diagram/timetable01_js/course:0000803331-1/node:00128164/kt:0/lname:/"
}
