{
    "date": "2025/11/16",
    "name": "山王原(伊勢原市)",
    "position": "-",
    "system": "伊13",
    "destinations": [
        "道灌塚前",
        "〆引",
        "市光前",
        "峰岸",
        "片町(伊勢原市)",
        "片町十字路",
        "大神宮前",
        "本町(伊勢原市)",
        "伊勢原駅北口"
    ],
    "weekday": [
        "9:08",
        "10:08",
        "11:08",
        "12:08",
        "13:08",
        "14:08",
        "15:08",
        "15:18",
        "15:28",
        "16:08",
        "17:08",
        "17:13",
        "17:18",
        "17:23",
        "18:08",
        "19:03",
        "19:13"
    ],
    "saturday": [],
    "holiday": [],
    "url": "https://www.kanachu.co.jp/dia/diagram/timetable01_js/course:0000803331-5/node:00128149/kt:0/lname:/"
}
