{
    "date": "2025/08/30",
    "name": "権太坂",
    "position": "-",
    "system": "",
    "destinations": [
        "権太坂上",
        "児童遊園地入口",
        "狩場町",
        "平和台",
        "山谷(横浜市戸塚区)",
        "坂下口",
        "国道平戸",
        "品濃口",
        "坂下(横浜市戸塚区)",
        "品濃町(横浜市戸塚区)",
        "東戸塚駅東口"
    ],
    "weekday": [
        "6:44",
        "7:05"
    ],
    "saturday": [],
    "holiday": [],
    "url": "https://www.kanachu.co.jp/dia/diagram/timetable01_js/course:0000803849-7/node:00102508/kt:0/lname:/"
}
