{
    "date": "2020/11/24",
    "name": "小蓋山",
    "position": "-",
    "system": "船27",
    "destinations": [
        "田谷(横浜市栄区)",
        "洞窟前",
        "山王(横浜市栄区)",
        "住友電工入口",
        "住友電工",
        "住友電工南門",
        "ニコン前",
        "宮ノ前(横浜市栄区)",
        "長尾台(横浜市栄区)",
        "坂本(鎌倉市)",
        "大船駅西口"
    ],
    "weekday": [
        "17:20",
        "17:23",
        "17:26",
        "17:31",
        "17:37",
        "17:45",
        "17:51",
        "17:59",
        "18:07",
        "18:22",
        "18:38",
        "18:48",
        "19:07",
        "19:19",
        "19:36",
        "19:48",
        "20:04",
        "20:24",
        "20:44",
        "20:52",
        "21:02",
        "21:47"
    ],
    "saturday": [],
    "holiday": [],
    "url": "https://www.kanachu.co.jp/dia/diagram/timetable01_js/course:0000802992-5/node:00126851/kt:0/lname:/"
}
