{
    "date": "2020/11/24",
    "name": "住友電工",
    "position": "-",
    "system": "船27",
    "destinations": [
        "住友電工南門",
        "ニコン前",
        "宮ノ前(横浜市栄区)",
        "長尾台(横浜市栄区)",
        "坂本(鎌倉市)",
        "大船駅西口"
    ],
    "weekday": [
        "17:26",
        "17:29",
        "17:32",
        "17:37",
        "17:43",
        "17:51",
        "17:57",
        "18:05",
        "18:13",
        "18:28",
        "18:44",
        "18:54",
        "19:13",
        "19:25",
        "19:42",
        "19:54",
        "20:10",
        "20:30",
        "20:50",
        "20:58",
        "21:08",
        "21:53"
    ],
    "saturday": [],
    "holiday": [],
    "url": "https://www.kanachu.co.jp/dia/diagram/timetable01_js/course:0000802992-10/node:00126930/kt:0/lname:/"
}
