{
    "date": "2020/11/24",
    "name": "ニコン前",
    "position": "-",
    "system": "船27",
    "destinations": [
        "宮ノ前(横浜市栄区)",
        "長尾台(横浜市栄区)",
        "坂本(鎌倉市)",
        "大船駅西口"
    ],
    "weekday": [
        "17:28",
        "17:31",
        "17:34",
        "17:39",
        "17:45",
        "17:53",
        "17:59",
        "18:07",
        "18:15",
        "18:30",
        "18:46",
        "18:56",
        "19:15",
        "19:27",
        "19:44",
        "19:56",
        "20:12",
        "20:32",
        "20:52",
        "21:00",
        "21:10",
        "21:55"
    ],
    "saturday": [],
    "holiday": [],
    "url": "https://www.kanachu.co.jp/dia/diagram/timetable01_js/course:0000802992-12/node:00126928/kt:0/lname:/"
}
