{
    "date": "2020/11/24",
    "name": "坂本(鎌倉市)",
    "position": "-",
    "system": "船27",
    "destinations": [
        "大船駅西口"
    ],
    "weekday": [
        "17:31",
        "17:34",
        "17:37",
        "17:42",
        "17:48",
        "17:56",
        "18:02",
        "18:10",
        "18:18",
        "18:33",
        "18:49",
        "18:59",
        "19:18",
        "19:30",
        "19:47",
        "19:59",
        "20:15",
        "20:35",
        "20:55",
        "21:03",
        "21:13",
        "21:58"
    ],
    "saturday": [],
    "holiday": [],
    "url": "https://www.kanachu.co.jp/dia/diagram/timetable01_js/course:0000802992-15/node:00126854/kt:0/lname:/"
}
