{
    "date": "2025/04/01",
    "name": "南林間駅",
    "position": "-",
    "system": "小03",
    "destinations": [
        "南林間駅前通り",
        "九条",
        "十一条",
        "ひばりが丘一丁目(座間市)",
        "小松原二丁目",
        "小松原(座間市)",
        "イオンモール座間入口",
        "イオンモール座間",
        "イオンモール座間入口",
        "小松原入口",
        "相模が丘",
        "マルマン工場前",
        "小田急住宅前(座間市)",
        "相模台",
        "小田急相模原駅"
    ],
    "weekday": [
        "16:55",
        "17:35",
        "18:12",
        "18:48",
        "19:55",
        "20:53",
        "21:53"
    ],
    "saturday": [],
    "holiday": [],
    "url": "https://www.kanachu.co.jp/dia/diagram/timetable01_js/course:0000803728-1/node:00129666/kt:0/lname:/"
}
