{
    "date": "2025/04/01",
    "name": "小松原二丁目",
    "position": "-",
    "system": "小03",
    "destinations": [
        "小松原(座間市)",
        "イオンモール座間入口",
        "イオンモール座間",
        "イオンモール座間入口",
        "小松原入口",
        "相模が丘",
        "マルマン工場前",
        "小田急住宅前(座間市)",
        "相模台",
        "小田急相模原駅"
    ],
    "weekday": [
        "17:01",
        "17:41",
        "18:18",
        "18:54",
        "20:01",
        "20:58",
        "21:58"
    ],
    "saturday": [],
    "holiday": [],
    "url": "https://www.kanachu.co.jp/dia/diagram/timetable01_js/course:0000803728-6/node:00129681/kt:0/lname:/"
}
