{
    "date": "2025/04/01",
    "name": "相模が丘",
    "position": "-",
    "system": "小03",
    "destinations": [
        "マルマン工場前",
        "小田急住宅前(座間市)",
        "相模台",
        "小田急相模原駅"
    ],
    "weekday": [
        "17:15",
        "17:55",
        "18:32",
        "19:08",
        "20:11",
        "21:08",
        "22:08"
    ],
    "saturday": [],
    "holiday": [],
    "url": "https://www.kanachu.co.jp/dia/diagram/timetable01_js/course:0000803728-12/node:00129678/kt:0/lname:/"
}
