{
    "system": "辻28",
    "busstops": [
        {
            "index": "1",
            "id": "00129934",
            "name": "辻堂駅北口",
            "lat": "35.337442",
            "lng": "139.447507"
        },
        {
            "index": "2",
            "id": "00130068",
            "name": "神台公園前",
            "lat": "35.340321",
            "lng": "139.447244"
        },
        {
            "index": "3",
            "id": "00129935",
            "name": "羽鳥一丁目",
            "lat": "35.343952",
            "lng": "139.448706"
        },
        {
            "index": "4",
            "id": "00129969",
            "name": "城(藤沢市)",
            "lat": "35.349529",
            "lng": "139.456431"
        },
        {
            "index": "5",
            "id": "00127056",
            "name": "大六天(藤沢市)",
            "lat": "35.353384",
            "lng": "139.454339"
        },
        {
            "index": "6",
            "id": "00127057",
            "name": "舟地蔵",
            "lat": "35.358238",
            "lng": "139.451337"
        },
        {
            "index": "7",
            "id": "00129970",
            "name": "城下(藤沢市)",
            "lat": "35.359684",
            "lng": "139.449245"
        },
        {
            "index": "8",
            "id": "00129941",
            "name": "小糸",
            "lat": "35.360789",
            "lng": "139.444848"
        },
        {
            "index": "9",
            "id": "00129942",
            "name": "大庭小学校",
            "lat": "35.363816",
            "lng": "139.444639"
        },
        {
            "index": "10",
            "id": "00129961",
            "name": "羽根沢",
            "lat": "35.364233",
            "lng": "139.440556"
        },
        {
            "index": "11",
            "id": "00129962",
            "name": "湘南カントリークラブ前",
            "lat": "35.364735",
            "lng": "139.436472"
        },
        {
            "index": "12",
            "id": "00129963",
            "name": "堤羽根沢",
            "lat": "35.366938",
            "lng": "139.433657"
        },
        {
            "index": "13",
            "id": "00129964",
            "name": "南大平",
            "lat": "35.369279",
            "lng": "139.435463"
        },
        {
            "index": "14",
            "id": "00129965",
            "name": "滝の沢小学校前",
            "lat": "35.370799",
            "lng": "139.438223"
        },
        {
            "index": "15",
            "id": "00129947",
            "name": "滝の沢不動前",
            "lat": "35.372666",
            "lng": "139.436223"
        },
        {
            "index": "16",
            "id": "00129948",
            "name": "湘南ライフタウン",
            "lat": "35.374649",
            "lng": "139.434251"
        }
    ],
    "route_url": "https://www.kanachu.co.jp/dia/route/index/cid:0000802687/"
}
