{
    "date": "2025/03/15",
    "name": "テラス",
    "position": "-",
    "system": "辻13",
    "destinations": [
        "常盤町(茅ケ崎市)",
        "富士見町(茅ケ崎市)",
        "平和学園前(茅ケ崎市)",
        "浜須賀入口",
        "平和町",
        "松が丘二丁目(茅ケ崎市)",
        "東海岸北五丁目",
        "駐在所前(茅ケ崎市)",
        "東海岸二丁目",
        "会館前(茅ケ崎市)",
        "幸町(茅ケ崎市)",
        "茅ヶ崎駅南口"
    ],
    "weekday": [
        "6:21",
        "6:37",
        "7:07",
        "7:15",
        "7:37",
        "7:47",
        "8:08",
        "8:18",
        "8:40",
        "8:53",
        "9:44",
        "10:44",
        "11:44",
        "12:44",
        "13:44",
        "14:44",
        "15:44",
        "15:59",
        "16:16",
        "16:49",
        "17:09",
        "17:49",
        "18:09",
        "18:49",
        "19:09",
        "19:49",
        "20:11",
        "20:49",
        "21:13",
        "21:48"
    ],
    "saturday": [
        "6:33",
        "7:43",
        "8:43",
        "9:43",
        "10:43",
        "11:43",
        "12:43",
        "13:43",
        "14:43",
        "15:43",
        "16:43",
        "17:43",
        "18:43",
        "19:43",
        "20:43",
        "21:38"
    ],
    "holiday": [
        "6:33",
        "7:43",
        "8:43",
        "9:43",
        "10:43",
        "11:43",
        "12:43",
        "13:43",
        "14:43",
        "15:43",
        "16:43",
        "17:43",
        "18:43",
        "19:43",
        "20:43",
        "21:38"
    ],
    "url": "https://www.kanachu.co.jp/dia/diagram/timetable01_js/course:0000802160-5/node:00127229/kt:0/lname:/"
}
