{
    "date": "2026/01/16",
    "name": "花の木(藤沢市)",
    "position": "-",
    "system": "藤36",
    "destinations": [
        "伊勢山入口",
        "台町(藤沢市)",
        "白旗交差点",
        "本町小学校前(藤沢市)",
        "南仲通り二丁目",
        "南仲通り",
        "相生町(藤沢市)",
        "三富士町",
        "藤沢駅北口"
    ],
    "weekday": [],
    "saturday": [
        "10:21",
        "11:26",
        "13:31"
    ],
    "holiday": [
        "10:21",
        "11:26",
        "13:31"
    ],
    "url": "https://www.kanachu.co.jp/dia/diagram/timetable01_js/course:0000804005-6/node:00127068/kt:0/lname:/"
}
