{
    "date": "2026/01/16",
    "name": "用田神社入口",
    "position": "-",
    "system": "湘19",
    "destinations": [
        "用田辻",
        "中原(藤沢市)",
        "宮原(藤沢市)",
        "宮原中央",
        "宮原南",
        "獺郷",
        "獺郷公民館前",
        "光友会入口",
        "堂の前(藤沢市)",
        "荒井(藤沢市)",
        "榎戸(藤沢市)",
        "打戻大仲",
        "宇都母知神社入口",
        "遠藤西の谷",
        "遠藤打越",
        "慶応大学",
        "藤沢ジャンボゴルフ前(藤沢市)",
        "遠藤(藤沢市)",
        "南大山",
        "工業団地入口(藤沢市)",
        "北警察署前(藤沢市)",
        "湘南台駅西口"
    ],
    "weekday": [
        "6:25",
        "7:02",
        "7:40",
        "8:35",
        "9:35",
        "10:10",
        "10:55",
        "12:00",
        "12:55",
        "13:55",
        "14:55",
        "15:55",
        "16:42",
        "17:35",
        "18:00",
        "18:55",
        "19:55"
    ],
    "saturday": [
        "7:00",
        "7:40",
        "8:30",
        "9:30",
        "10:05",
        "10:55",
        "11:55",
        "12:55",
        "13:55",
        "14:55",
        "15:55",
        "16:55",
        "17:55",
        "18:55"
    ],
    "holiday": [
        "7:00",
        "7:40",
        "8:30",
        "9:30",
        "10:05",
        "10:55",
        "11:55",
        "12:55",
        "13:55",
        "14:55",
        "15:55",
        "16:55",
        "17:55",
        "18:44"
    ],
    "url": "https://www.kanachu.co.jp/dia/diagram/timetable01_js/course:0000803999-6/node:00129840/kt:0/lname:/"
}
