{
    "date": "2026/01/16",
    "name": "打戻大仲",
    "position": "-",
    "system": "湘19",
    "destinations": [
        "宇都母知神社入口",
        "遠藤西の谷",
        "遠藤打越",
        "慶応大学",
        "藤沢ジャンボゴルフ前(藤沢市)",
        "遠藤(藤沢市)",
        "南大山",
        "工業団地入口(藤沢市)",
        "北警察署前(藤沢市)",
        "湘南台駅西口"
    ],
    "weekday": [
        "6:36",
        "7:13",
        "7:51",
        "8:46",
        "9:46",
        "10:21",
        "11:06",
        "12:11",
        "13:06",
        "14:06",
        "15:06",
        "16:06",
        "16:53",
        "17:46",
        "18:11",
        "19:06",
        "20:06"
    ],
    "saturday": [
        "7:11",
        "7:51",
        "8:41",
        "9:41",
        "10:16",
        "11:06",
        "12:06",
        "13:06",
        "14:06",
        "15:06",
        "16:06",
        "17:06",
        "18:06",
        "19:06"
    ],
    "holiday": [
        "7:11",
        "7:51",
        "8:41",
        "9:41",
        "10:16",
        "11:06",
        "12:06",
        "13:06",
        "14:06",
        "15:06",
        "16:06",
        "17:06",
        "18:06",
        "18:55"
    ],
    "url": "https://www.kanachu.co.jp/dia/diagram/timetable01_js/course:0000803999-18/node:00130028/kt:0/lname:/"
}
