{
    "date": "2026/01/16",
    "name": "慶応大学",
    "position": "-",
    "system": "湘19",
    "destinations": [
        "藤沢ジャンボゴルフ前(藤沢市)",
        "遠藤(藤沢市)",
        "南大山",
        "工業団地入口(藤沢市)",
        "北警察署前(藤沢市)",
        "湘南台駅西口"
    ],
    "weekday": [
        "6:43",
        "7:20",
        "7:58",
        "8:53",
        "9:53",
        "10:28",
        "11:13",
        "12:18",
        "13:13",
        "14:13",
        "15:13",
        "16:13",
        "17:00",
        "17:53",
        "18:18",
        "19:13",
        "20:13"
    ],
    "saturday": [
        "7:18",
        "7:58",
        "8:48",
        "9:48",
        "10:23",
        "11:13",
        "12:13",
        "13:13",
        "14:13",
        "15:13",
        "16:13",
        "17:13",
        "18:13",
        "19:13"
    ],
    "holiday": [
        "7:18",
        "7:58",
        "8:48",
        "9:48",
        "10:23",
        "11:13",
        "12:13",
        "13:13",
        "14:13",
        "15:13",
        "16:13",
        "17:13",
        "18:13",
        "19:02"
    ],
    "url": "https://www.kanachu.co.jp/dia/diagram/timetable01_js/course:0000803999-22/node:00129985/kt:0/lname:/"
}
