{
    "system": "湘19",
    "busstops": [
        {
            "index": "1",
            "id": "00129845",
            "name": "綾瀬車庫(綾瀬市)",
            "lat": "35.425988",
            "lng": "139.427836"
        },
        {
            "index": "2",
            "id": "00129844",
            "name": "吉岡芝原",
            "lat": "35.424592",
            "lng": "139.428559"
        },
        {
            "index": "3",
            "id": "00129843",
            "name": "山根(綾瀬市)",
            "lat": "35.42052",
            "lng": "139.423691"
        },
        {
            "index": "4",
            "id": "00129842",
            "name": "女坂",
            "lat": "35.41791",
            "lng": "139.419339"
        },
        {
            "index": "5",
            "id": "00129841",
            "name": "松葉(藤沢市)",
            "lat": "35.413693",
            "lng": "139.417539"
        },
        {
            "index": "6",
            "id": "00129840",
            "name": "用田神社入口",
            "lat": "35.408766",
            "lng": "139.414652"
        },
        {
            "index": "7",
            "id": "00129827",
            "name": "用田辻",
            "lat": "35.40373",
            "lng": "139.412681"
        },
        {
            "index": "8",
            "id": "00127180",
            "name": "中原(藤沢市)",
            "lat": "35.400188",
            "lng": "139.410342"
        },
        {
            "index": "9",
            "id": "00127179",
            "name": "宮原(藤沢市)",
            "lat": "35.39701",
            "lng": "139.408277"
        },
        {
            "index": "10",
            "id": "00127178",
            "name": "宮原中央",
            "lat": "35.394469",
            "lng": "139.406615"
        },
        {
            "index": "11",
            "id": "00130023",
            "name": "宮原南",
            "lat": "35.391807",
            "lng": "139.404901"
        },
        {
            "index": "12",
            "id": "00130034",
            "name": "獺郷",
            "lat": "35.389043",
            "lng": "139.404487"
        },
        {
            "index": "13",
            "id": "00130033",
            "name": "獺郷公民館前",
            "lat": "35.388217",
            "lng": "139.406627"
        },
        {
            "index": "14",
            "id": "00130032",
            "name": "光友会入口",
            "lat": "35.387047",
            "lng": "139.409412"
        },
        {
            "index": "15",
            "id": "00129975",
            "name": "堂の前(藤沢市)",
            "lat": "35.386163",
            "lng": "139.413099"
        },
        {
            "index": "16",
            "id": "00129976",
            "name": "荒井(藤沢市)",
            "lat": "35.389257",
            "lng": "139.414291"
        },
        {
            "index": "17",
            "id": "00129977",
            "name": "榎戸(藤沢市)",
            "lat": "35.392707",
            "lng": "139.415152"
        },
        {
            "index": "18",
            "id": "00130028",
            "name": "打戻大仲",
            "lat": "35.393071",
            "lng": "139.416329"
        },
        {
            "index": "19",
            "id": "00130027",
            "name": "宇都母知神社入口",
            "lat": "35.393793",
            "lng": "139.421276"
        },
        {
            "index": "20",
            "id": "00130026",
            "name": "遠藤西の谷",
            "lat": "35.392296",
            "lng": "139.425556"
        },
        {
            "index": "21",
            "id": "00130025",
            "name": "遠藤打越",
            "lat": "35.391132",
            "lng": "139.428612"
        },
        {
            "index": "22",
            "id": "00129985",
            "name": "慶応大学",
            "lat": "35.389359",
            "lng": "139.431599"
        },
        {
            "index": "23",
            "id": "00129988",
            "name": "藤沢ジャンボゴルフ前(藤沢市)",
            "lat": "35.390863",
            "lng": "139.437833"
        },
        {
            "index": "24",
            "id": "00129919",
            "name": "遠藤(藤沢市)",
            "lat": "35.391977",
            "lng": "139.44182"
        },
        {
            "index": "25",
            "id": "00129918",
            "name": "南大山",
            "lat": "35.393316",
            "lng": "139.447382"
        },
        {
            "index": "26",
            "id": "00129909",
            "name": "工業団地入口(藤沢市)",
            "lat": "35.394452",
            "lng": "139.451869"
        },
        {
            "index": "27",
            "id": "00129895",
            "name": "北警察署前(藤沢市)",
            "lat": "35.395948",
            "lng": "139.457964"
        },
        {
            "index": "28",
            "id": "00129893",
            "name": "湘南台駅西口",
            "lat": "35.396197",
            "lng": "139.465719"
        }
    ],
    "route_url": "https://www.kanachu.co.jp/dia/route/index/cid:0000803999/"
}
