{
    "system": "湘15",
    "busstops": [
        {
            "index": "1",
            "id": "00129929",
            "name": "文化体育館前",
            "lat": "35.388736",
            "lng": "139.445894"
        },
        {
            "index": "2",
            "id": "00129928",
            "name": "一色上",
            "lat": "35.3874",
            "lng": "139.449346"
        },
        {
            "index": "3",
            "id": "00130005",
            "name": "公園北(藤沢市)",
            "lat": "35.388897",
            "lng": "139.451271"
        },
        {
            "index": "4",
            "id": "00130006",
            "name": "石川六丁目",
            "lat": "35.391963",
            "lng": "139.450021"
        },
        {
            "index": "5",
            "id": "00129909",
            "name": "工業団地入口(藤沢市)",
            "lat": "35.394452",
            "lng": "139.451869"
        },
        {
            "index": "6",
            "id": "00129895",
            "name": "北警察署前(藤沢市)",
            "lat": "35.395948",
            "lng": "139.457964"
        },
        {
            "index": "7",
            "id": "00126881",
            "name": "湘南台駅東口",
            "lat": "35.396047",
            "lng": "139.467169"
        }
    ],
    "route_url": "https://www.kanachu.co.jp/dia/route/index/cid:0000802708/"
}
