{
    "date": "2026/01/16",
    "name": "南大山",
    "position": "-",
    "system": "湘19",
    "destinations": [
        "遠藤(藤沢市)",
        "藤沢ジャンボゴルフ前(藤沢市)",
        "慶応大学",
        "遠藤打越",
        "遠藤西の谷",
        "宇都母知神社入口",
        "打戻大仲",
        "榎戸(藤沢市)",
        "荒井(藤沢市)",
        "堂の前(藤沢市)",
        "光友会入口",
        "獺郷公民館前",
        "獺郷",
        "宮原南",
        "宮原中央",
        "宮原(藤沢市)",
        "中原(藤沢市)",
        "用田辻",
        "用田神社入口",
        "松葉(藤沢市)",
        "女坂",
        "山根(綾瀬市)",
        "吉岡芝原",
        "綾瀬車庫(綾瀬市)"
    ],
    "weekday": [
        "7:40",
        "8:45",
        "9:15",
        "10:05",
        "10:55",
        "11:45",
        "12:44",
        "13:45",
        "14:45",
        "15:45",
        "16:45",
        "17:50",
        "18:15",
        "18:45",
        "19:45",
        "20:45",
        "21:50"
    ],
    "saturday": [
        "7:50",
        "8:45",
        "9:15",
        "10:05",
        "10:55",
        "11:45",
        "12:44",
        "13:45",
        "14:45",
        "15:45",
        "16:45",
        "17:45",
        "18:45",
        "19:45",
        "20:45"
    ],
    "holiday": [
        "7:50",
        "8:45",
        "9:15",
        "10:05",
        "10:55",
        "11:45",
        "12:44",
        "13:45",
        "14:45",
        "15:45",
        "16:45",
        "17:45",
        "18:45",
        "19:45",
        "20:45"
    ],
    "url": "https://www.kanachu.co.jp/dia/diagram/timetable01_js/course:0000804241-5/node:00129918/kt:0/lname:/"
}
