{
    "date": "2026/01/16",
    "name": "藤沢ジャンボゴルフ前(藤沢市)",
    "position": "-",
    "system": "湘19",
    "destinations": [
        "慶応大学",
        "遠藤打越",
        "遠藤西の谷",
        "宇都母知神社入口",
        "打戻大仲",
        "榎戸(藤沢市)",
        "荒井(藤沢市)",
        "堂の前(藤沢市)",
        "光友会入口",
        "獺郷公民館前",
        "獺郷",
        "宮原南",
        "宮原中央",
        "宮原(藤沢市)",
        "中原(藤沢市)",
        "用田辻",
        "用田神社入口",
        "松葉(藤沢市)",
        "女坂",
        "山根(綾瀬市)",
        "吉岡芝原",
        "綾瀬車庫(綾瀬市)"
    ],
    "weekday": [
        "7:43",
        "8:48",
        "9:18",
        "10:08",
        "10:58",
        "11:48",
        "12:47",
        "13:48",
        "14:48",
        "15:48",
        "16:48",
        "17:53",
        "18:18",
        "18:48",
        "19:48",
        "20:48",
        "21:53"
    ],
    "saturday": [
        "7:53",
        "8:48",
        "9:18",
        "10:08",
        "10:58",
        "11:48",
        "12:47",
        "13:48",
        "14:48",
        "15:48",
        "16:48",
        "17:48",
        "18:48",
        "19:48",
        "20:48"
    ],
    "holiday": [
        "7:53",
        "8:48",
        "9:18",
        "10:08",
        "10:58",
        "11:48",
        "12:47",
        "13:48",
        "14:48",
        "15:48",
        "16:48",
        "17:48",
        "18:48",
        "19:48",
        "20:48"
    ],
    "url": "https://www.kanachu.co.jp/dia/diagram/timetable01_js/course:0000804241-7/node:00129988/kt:0/lname:/"
}
