{
    "date": "2026/01/16",
    "name": "榎戸(藤沢市)",
    "position": "-",
    "system": "湘19",
    "destinations": [
        "荒井(藤沢市)",
        "堂の前(藤沢市)",
        "光友会入口",
        "獺郷公民館前",
        "獺郷",
        "宮原南",
        "宮原中央",
        "宮原(藤沢市)",
        "中原(藤沢市)",
        "用田辻",
        "用田神社入口",
        "松葉(藤沢市)",
        "女坂",
        "山根(綾瀬市)",
        "吉岡芝原",
        "綾瀬車庫(綾瀬市)"
    ],
    "weekday": [
        "7:49",
        "8:54",
        "9:24",
        "10:14",
        "11:04",
        "11:54",
        "12:53",
        "13:54",
        "14:54",
        "15:54",
        "16:54",
        "17:59",
        "18:24",
        "18:54",
        "19:54",
        "20:54",
        "21:59"
    ],
    "saturday": [
        "7:59",
        "8:54",
        "9:24",
        "10:14",
        "11:04",
        "11:54",
        "12:53",
        "13:54",
        "14:54",
        "15:54",
        "16:54",
        "17:54",
        "18:54",
        "19:54",
        "20:54"
    ],
    "holiday": [
        "7:59",
        "8:54",
        "9:24",
        "10:14",
        "11:04",
        "11:54",
        "12:53",
        "13:54",
        "14:54",
        "15:54",
        "16:54",
        "17:54",
        "18:54",
        "19:54",
        "20:54"
    ],
    "url": "https://www.kanachu.co.jp/dia/diagram/timetable01_js/course:0000804241-13/node:00129977/kt:0/lname:/"
}
