{
    "date": "2026/01/16",
    "name": "宮原南",
    "position": "-",
    "system": "湘19",
    "destinations": [
        "宮原中央",
        "宮原(藤沢市)",
        "中原(藤沢市)",
        "用田辻",
        "用田神社入口",
        "松葉(藤沢市)",
        "女坂",
        "山根(綾瀬市)",
        "吉岡芝原",
        "綾瀬車庫(綾瀬市)"
    ],
    "weekday": [
        "7:55",
        "9:00",
        "9:30",
        "10:20",
        "11:10",
        "12:00",
        "12:59",
        "14:00",
        "15:00",
        "16:00",
        "17:00",
        "18:05",
        "18:30",
        "19:00",
        "20:00",
        "21:00",
        "22:05"
    ],
    "saturday": [
        "8:05",
        "9:00",
        "9:30",
        "10:20",
        "11:10",
        "12:00",
        "12:59",
        "14:00",
        "15:00",
        "16:00",
        "17:00",
        "18:00",
        "19:00",
        "20:00",
        "21:00"
    ],
    "holiday": [
        "8:05",
        "9:00",
        "9:30",
        "10:20",
        "11:10",
        "12:00",
        "12:59",
        "14:00",
        "15:00",
        "16:00",
        "17:00",
        "18:00",
        "19:00",
        "20:00",
        "21:00"
    ],
    "url": "https://www.kanachu.co.jp/dia/diagram/timetable01_js/course:0000804241-19/node:00130023/kt:0/lname:/"
}
