{
    "date": "2026/01/16",
    "name": "宮原(藤沢市)",
    "position": "-",
    "system": "湘19",
    "destinations": [
        "中原(藤沢市)",
        "用田辻",
        "用田神社入口",
        "松葉(藤沢市)",
        "女坂",
        "山根(綾瀬市)",
        "吉岡芝原",
        "綾瀬車庫(綾瀬市)"
    ],
    "weekday": [
        "7:57",
        "9:02",
        "9:32",
        "10:22",
        "11:12",
        "12:02",
        "13:01",
        "14:02",
        "15:02",
        "16:02",
        "17:02",
        "18:07",
        "18:32",
        "19:02",
        "20:02",
        "21:02",
        "22:07"
    ],
    "saturday": [
        "8:07",
        "9:02",
        "9:32",
        "10:22",
        "11:12",
        "12:02",
        "13:01",
        "14:02",
        "15:02",
        "16:02",
        "17:02",
        "18:02",
        "19:02",
        "20:02",
        "21:02"
    ],
    "holiday": [
        "8:07",
        "9:02",
        "9:32",
        "10:22",
        "11:12",
        "12:02",
        "13:01",
        "14:02",
        "15:02",
        "16:02",
        "17:02",
        "18:02",
        "19:02",
        "20:02",
        "21:02"
    ],
    "url": "https://www.kanachu.co.jp/dia/diagram/timetable01_js/course:0000804241-21/node:00127179/kt:0/lname:/"
}
