{
    "date": "2026/01/16",
    "name": "松葉(藤沢市)",
    "position": "-",
    "system": "湘19",
    "destinations": [
        "女坂",
        "山根(綾瀬市)",
        "吉岡芝原",
        "綾瀬車庫(綾瀬市)"
    ],
    "weekday": [
        "8:02",
        "9:07",
        "9:37",
        "10:27",
        "11:17",
        "12:07",
        "13:06",
        "14:07",
        "15:07",
        "16:07",
        "17:07",
        "18:12",
        "18:37",
        "19:07",
        "20:07",
        "21:07",
        "22:12"
    ],
    "saturday": [
        "8:12",
        "9:07",
        "9:37",
        "10:27",
        "11:17",
        "12:07",
        "13:06",
        "14:07",
        "15:07",
        "16:07",
        "17:07",
        "18:07",
        "19:07",
        "20:07",
        "21:07"
    ],
    "holiday": [
        "8:12",
        "9:07",
        "9:37",
        "10:27",
        "11:17",
        "12:07",
        "13:06",
        "14:07",
        "15:07",
        "16:07",
        "17:07",
        "18:07",
        "19:07",
        "20:07",
        "21:07"
    ],
    "url": "https://www.kanachu.co.jp/dia/diagram/timetable01_js/course:0000804241-25/node:00129841/kt:0/lname:/"
}
