{
    "date": "2026/01/16",
    "name": "原田向",
    "position": "-",
    "system": "町37",
    "destinations": [
        "町田木曽会館前",
        "給水塔前(山崎団地/町田市)",
        "今井谷戸",
        "藤の台団地",
        "藤の台東",
        "遊歩公園",
        "入谷戸(やくし台/町田市)",
        "やくし台二丁目",
        "やくし台三丁目",
        "やくし台センター"
    ],
    "weekday": [
        "6:30",
        "7:07",
        "7:30",
        "7:54",
        "8:18",
        "8:50",
        "9:15",
        "9:50",
        "10:38",
        "11:18",
        "11:58",
        "12:43",
        "13:18",
        "13:53",
        "14:33",
        "15:15",
        "15:55",
        "16:35",
        "17:19",
        "17:54",
        "18:29",
        "18:58",
        "19:18",
        "19:53",
        "20:13",
        "20:43",
        "21:20",
        "22:10"
    ],
    "saturday": [
        "7:05",
        "7:43",
        "8:13",
        "8:43",
        "9:15",
        "9:45",
        "10:22",
        "10:57",
        "11:38",
        "12:18",
        "12:58",
        "13:38",
        "14:19",
        "15:09",
        "16:00",
        "16:38",
        "17:10",
        "17:39",
        "18:15",
        "18:54",
        "19:34",
        "20:15",
        "20:50",
        "21:30",
        "22:10"
    ],
    "holiday": [
        "7:05",
        "7:43",
        "8:13",
        "8:43",
        "9:16",
        "9:46",
        "10:23",
        "10:58",
        "11:39",
        "12:19",
        "12:59",
        "13:39",
        "14:21",
        "15:09",
        "16:04",
        "16:34",
        "17:04",
        "17:37",
        "18:16",
        "18:54",
        "19:30",
        "20:12",
        "20:50",
        "21:30",
        "22:10"
    ],
    "url": "https://www.kanachu.co.jp/dia/diagram/timetable01_js/course:0000804073-10/node:00129518/kt:0/lname:/"
}
