{
    "date": "2026/01/16",
    "name": "給水塔前(山崎団地/町田市)",
    "position": "-",
    "system": "町37",
    "destinations": [
        "今井谷戸",
        "藤の台団地",
        "藤の台東",
        "遊歩公園",
        "入谷戸(やくし台/町田市)",
        "やくし台二丁目",
        "やくし台三丁目",
        "やくし台センター"
    ],
    "weekday": [
        "6:34",
        "7:11",
        "7:34",
        "7:58",
        "8:22",
        "8:54",
        "9:19",
        "9:54",
        "10:42",
        "11:22",
        "12:02",
        "12:47",
        "13:22",
        "13:57",
        "14:37",
        "15:19",
        "15:59",
        "16:39",
        "17:23",
        "17:58",
        "18:33",
        "19:02",
        "19:22",
        "19:57",
        "20:17",
        "20:47",
        "21:24",
        "22:14"
    ],
    "saturday": [
        "7:09",
        "7:47",
        "8:17",
        "8:47",
        "9:19",
        "9:49",
        "10:26",
        "11:01",
        "11:42",
        "12:22",
        "13:02",
        "13:42",
        "14:23",
        "15:13",
        "16:04",
        "16:42",
        "17:14",
        "17:43",
        "18:19",
        "18:58",
        "19:38",
        "20:19",
        "20:54",
        "21:34",
        "22:14"
    ],
    "holiday": [
        "7:09",
        "7:47",
        "8:17",
        "8:47",
        "9:20",
        "9:50",
        "10:27",
        "11:02",
        "11:43",
        "12:23",
        "13:03",
        "13:43",
        "14:25",
        "15:13",
        "16:08",
        "16:38",
        "17:08",
        "17:41",
        "18:20",
        "18:58",
        "19:34",
        "20:16",
        "20:54",
        "21:34",
        "22:14"
    ],
    "url": "https://www.kanachu.co.jp/dia/diagram/timetable01_js/course:0000804073-12/node:00129389/kt:0/lname:/"
}
