{
    "date": "2026/01/16",
    "name": "今井谷戸",
    "position": "-",
    "system": "町37",
    "destinations": [
        "藤の台団地",
        "藤の台東",
        "遊歩公園",
        "入谷戸(やくし台/町田市)",
        "やくし台二丁目",
        "やくし台三丁目",
        "やくし台センター"
    ],
    "weekday": [
        "6:35",
        "7:12",
        "7:35",
        "7:59",
        "8:23",
        "8:55",
        "9:20",
        "9:55",
        "10:43",
        "11:23",
        "12:03",
        "12:48",
        "13:23",
        "13:58",
        "14:38",
        "15:20",
        "16:00",
        "16:40",
        "17:24",
        "17:59",
        "18:34",
        "19:03",
        "19:23",
        "19:58",
        "20:18",
        "20:48",
        "21:25",
        "22:15"
    ],
    "saturday": [
        "7:10",
        "7:48",
        "8:18",
        "8:48",
        "9:20",
        "9:50",
        "10:27",
        "11:02",
        "11:43",
        "12:23",
        "13:03",
        "13:43",
        "14:24",
        "15:14",
        "16:05",
        "16:43",
        "17:15",
        "17:44",
        "18:20",
        "18:59",
        "19:39",
        "20:20",
        "20:55",
        "21:35",
        "22:15"
    ],
    "holiday": [
        "7:10",
        "7:48",
        "8:18",
        "8:48",
        "9:21",
        "9:51",
        "10:28",
        "11:03",
        "11:44",
        "12:24",
        "13:04",
        "13:44",
        "14:26",
        "15:14",
        "16:09",
        "16:39",
        "17:09",
        "17:42",
        "18:21",
        "18:59",
        "19:35",
        "20:17",
        "20:55",
        "21:35",
        "22:15"
    ],
    "url": "https://www.kanachu.co.jp/dia/diagram/timetable01_js/course:0000804073-13/node:00129426/kt:0/lname:/"
}
