{
    "date": "2026/01/16",
    "name": "遊歩公園",
    "position": "-",
    "system": "町37",
    "destinations": [
        "入谷戸(やくし台/町田市)",
        "やくし台二丁目",
        "やくし台三丁目",
        "やくし台センター"
    ],
    "weekday": [
        "6:38",
        "7:15",
        "7:39",
        "8:03",
        "8:27",
        "8:59",
        "9:24",
        "9:59",
        "10:47",
        "11:27",
        "12:07",
        "12:52",
        "13:27",
        "14:02",
        "14:42",
        "15:24",
        "16:04",
        "16:44",
        "17:28",
        "18:03",
        "18:38",
        "19:06",
        "19:26",
        "20:01",
        "20:21",
        "20:51",
        "21:28",
        "22:18"
    ],
    "saturday": [
        "7:13",
        "7:51",
        "8:22",
        "8:52",
        "9:24",
        "9:54",
        "10:31",
        "11:06",
        "11:47",
        "12:27",
        "13:07",
        "13:47",
        "14:28",
        "15:18",
        "16:09",
        "16:47",
        "17:19",
        "17:48",
        "18:24",
        "19:03",
        "19:42",
        "20:23",
        "20:58",
        "21:38",
        "22:18"
    ],
    "holiday": [
        "7:13",
        "7:51",
        "8:22",
        "8:52",
        "9:25",
        "9:55",
        "10:32",
        "11:07",
        "11:48",
        "12:28",
        "13:08",
        "13:48",
        "14:30",
        "15:18",
        "16:13",
        "16:43",
        "17:13",
        "17:46",
        "18:25",
        "19:03",
        "19:38",
        "20:20",
        "20:58",
        "21:38",
        "22:18"
    ],
    "url": "https://www.kanachu.co.jp/dia/diagram/timetable01_js/course:0000804073-16/node:00129499/kt:0/lname:/"
}
