{
    "date": "2026/01/16",
    "name": "入谷戸(やくし台/町田市)",
    "position": "-",
    "system": "町37",
    "destinations": [
        "やくし台二丁目",
        "やくし台三丁目",
        "やくし台センター"
    ],
    "weekday": [
        "6:39",
        "7:16",
        "7:40",
        "8:04",
        "8:28",
        "9:00",
        "9:25",
        "10:00",
        "10:48",
        "11:28",
        "12:08",
        "12:53",
        "13:28",
        "14:03",
        "14:43",
        "15:25",
        "16:05",
        "16:45",
        "17:29",
        "18:04",
        "18:39",
        "19:07",
        "19:27",
        "20:02",
        "20:22",
        "20:52",
        "21:29",
        "22:19"
    ],
    "saturday": [
        "7:14",
        "7:52",
        "8:23",
        "8:53",
        "9:25",
        "9:55",
        "10:32",
        "11:07",
        "11:48",
        "12:28",
        "13:08",
        "13:48",
        "14:29",
        "15:19",
        "16:10",
        "16:48",
        "17:20",
        "17:49",
        "18:25",
        "19:04",
        "19:43",
        "20:24",
        "20:59",
        "21:39",
        "22:19"
    ],
    "holiday": [
        "7:14",
        "7:52",
        "8:23",
        "8:53",
        "9:26",
        "9:56",
        "10:33",
        "11:08",
        "11:49",
        "12:29",
        "13:09",
        "13:49",
        "14:31",
        "15:19",
        "16:14",
        "16:44",
        "17:14",
        "17:47",
        "18:26",
        "19:04",
        "19:39",
        "20:21",
        "20:59",
        "21:39",
        "22:19"
    ],
    "url": "https://www.kanachu.co.jp/dia/diagram/timetable01_js/course:0000804073-17/node:00129500/kt:0/lname:/"
}
