{
    "date": "2026/01/16",
    "name": "やくし台二丁目",
    "position": "-",
    "system": "町37",
    "destinations": [
        "やくし台三丁目",
        "やくし台センター"
    ],
    "weekday": [
        "6:40",
        "7:17",
        "7:41",
        "8:05",
        "8:29",
        "9:01",
        "9:26",
        "10:01",
        "10:49",
        "11:29",
        "12:09",
        "12:54",
        "13:29",
        "14:04",
        "14:44",
        "15:26",
        "16:06",
        "16:46",
        "17:30",
        "18:05",
        "18:40",
        "19:08",
        "19:28",
        "20:03",
        "20:23",
        "20:53",
        "21:30",
        "22:20"
    ],
    "saturday": [
        "7:15",
        "7:53",
        "8:24",
        "8:54",
        "9:26",
        "9:56",
        "10:33",
        "11:08",
        "11:49",
        "12:29",
        "13:09",
        "13:49",
        "14:30",
        "15:20",
        "16:11",
        "16:49",
        "17:21",
        "17:50",
        "18:26",
        "19:05",
        "19:44",
        "20:25",
        "21:00",
        "21:40",
        "22:20"
    ],
    "holiday": [
        "7:15",
        "7:53",
        "8:24",
        "8:54",
        "9:27",
        "9:57",
        "10:34",
        "11:09",
        "11:50",
        "12:30",
        "13:10",
        "13:50",
        "14:32",
        "15:20",
        "16:15",
        "16:45",
        "17:15",
        "17:48",
        "18:27",
        "19:05",
        "19:40",
        "20:22",
        "21:00",
        "21:40",
        "22:20"
    ],
    "url": "https://www.kanachu.co.jp/dia/diagram/timetable01_js/course:0000804073-18/node:00129501/kt:0/lname:/"
}
