{
    "date": "2025/04/19",
    "name": "友愛病院前",
    "position": "-",
    "system": "台13",
    "destinations": [
        "友愛病院入口",
        "県立相模原公園入口",
        "総合体育館前(相模原市南区)",
        "麻溝台公園前",
        "若草小学校前(相模原市南区)",
        "若草公園前",
        "団地北(相模原市南区)",
        "相武台団地",
        "北相武台",
        "県営住宅入口(座間市)",
        "相武台前駅"
    ],
    "weekday": [
        "7:11",
        "7:31",
        "8:20",
        "9:51",
        "10:31",
        "11:52",
        "12:32",
        "13:47",
        "14:32",
        "16:36",
        "17:36",
        "18:36"
    ],
    "saturday": [
        "6:41",
        "7:23"
    ],
    "holiday": [
        "7:16",
        "18:36"
    ],
    "url": "https://www.kanachu.co.jp/dia/diagram/timetable01_js/course:0000803509-2/node:00129286/kt:0/lname:/"
}
