{
    "date": "2025/04/19",
    "name": "友愛病院入口",
    "position": "-",
    "system": "台13",
    "destinations": [
        "県立相模原公園入口",
        "総合体育館前(相模原市南区)",
        "麻溝台公園前",
        "若草小学校前(相模原市南区)",
        "若草公園前",
        "団地北(相模原市南区)",
        "相武台団地",
        "北相武台",
        "県営住宅入口(座間市)",
        "相武台前駅"
    ],
    "weekday": [
        "7:13",
        "7:33",
        "8:22",
        "9:53",
        "10:33",
        "11:54",
        "12:34",
        "13:49",
        "14:34",
        "16:38",
        "17:38",
        "18:38"
    ],
    "saturday": [
        "6:42",
        "7:24"
    ],
    "holiday": [
        "7:17",
        "18:37"
    ],
    "url": "https://www.kanachu.co.jp/dia/diagram/timetable01_js/course:0000803509-3/node:00129287/kt:0/lname:/"
}
