{
    "date": "2025/07/12",
    "name": "藤沢駅北口",
    "position": "-",
    "system": "船32",
    "destinations": [
        "三富士町",
        "相生町(藤沢市)",
        "南仲通り",
        "藤沢小学校前",
        "藤沢橋",
        "山王神社前",
        "公民館前(藤沢市大鋸)",
        "柄沢橋",
        "藤ヶ岡中学校前",
        "渡内",
        "渡内第三会館前",
        "久成寺前",
        "植木(鎌倉市)",
        "公会堂前(鎌倉市)",
        "岡本(鎌倉市)",
        "玉縄行政センター入口",
        "児童公園前(鎌倉市)",
        "大船駅西口"
    ],
    "weekday": [
        "5:35",
        "5:44",
        "5:53",
        "6:00",
        "6:16",
        "6:25",
        "6:38",
        "6:43",
        "6:49",
        "6:55",
        "7:00",
        "7:09",
        "7:19",
        "7:32",
        "7:40",
        "7:47",
        "7:55",
        "8:18",
        "8:39",
        "9:00",
        "9:20",
        "9:40",
        "10:00",
        "10:20",
        "10:40",
        "11:00",
        "11:20",
        "11:40",
        "12:00",
        "12:20",
        "12:40",
        "13:00",
        "13:20",
        "13:40",
        "14:00",
        "14:20",
        "14:40",
        "14:55",
        "15:10",
        "15:25",
        "15:40",
        "15:55",
        "16:10",
        "16:25",
        "16:40",
        "16:55",
        "17:10",
        "17:25",
        "17:40",
        "18:00",
        "18:20",
        "18:40",
        "19:00",
        "19:20",
        "19:35",
        "19:55",
        "20:25",
        "20:55",
        "21:27",
        "22:00",
        "22:40",
        "23:20"
    ],
    "saturday": [
        "5:50",
        "6:00",
        "6:15",
        "6:25",
        "6:33",
        "6:40",
        "7:00",
        "7:20",
        "7:40",
        "8:00",
        "8:20",
        "8:40",
        "9:00",
        "9:20",
        "9:40",
        "10:00",
        "10:20",
        "10:40",
        "11:00",
        "11:20",
        "11:40",
        "12:00",
        "12:20",
        "12:40",
        "13:00",
        "13:20",
        "13:40",
        "14:00",
        "14:20",
        "14:40",
        "15:00",
        "15:20",
        "15:40",
        "16:00",
        "16:20",
        "16:40",
        "17:00",
        "17:20",
        "17:40",
        "18:00",
        "18:20",
        "18:40",
        "19:00",
        "19:20",
        "19:40",
        "20:10",
        "20:40",
        "21:05",
        "21:35",
        "22:40"
    ],
    "holiday": [
        "5:50",
        "6:00",
        "6:15",
        "6:25",
        "6:40",
        "7:00",
        "7:20",
        "7:40",
        "8:00",
        "8:20",
        "8:40",
        "9:00",
        "9:20",
        "9:40",
        "10:00",
        "10:20",
        "10:40",
        "11:00",
        "11:20",
        "11:40",
        "12:00",
        "12:20",
        "12:40",
        "13:00",
        "13:20",
        "13:40",
        "14:00",
        "14:20",
        "14:40",
        "15:00",
        "15:20",
        "15:40",
        "16:00",
        "16:20",
        "16:40",
        "17:00",
        "17:20",
        "17:40",
        "18:00",
        "18:20",
        "18:40",
        "19:00",
        "19:20",
        "19:40",
        "20:10",
        "20:40",
        "21:05",
        "21:35",
        "22:40"
    ],
    "url": "https://www.kanachu.co.jp/dia/diagram/timetable01_js/course:0000800812-1/node:00126970/kt:0/lname:/"
}
