{
    "date": "2025/07/12",
    "name": "三富士町",
    "position": "-",
    "system": "船32",
    "destinations": [
        "相生町(藤沢市)",
        "南仲通り",
        "藤沢小学校前",
        "藤沢橋",
        "山王神社前",
        "公民館前(藤沢市大鋸)",
        "柄沢橋",
        "藤ヶ岡中学校前",
        "渡内",
        "渡内第三会館前",
        "久成寺前",
        "植木(鎌倉市)",
        "公会堂前(鎌倉市)",
        "岡本(鎌倉市)",
        "玉縄行政センター入口",
        "児童公園前(鎌倉市)",
        "大船駅西口"
    ],
    "weekday": [
        "5:36",
        "5:45",
        "5:54",
        "6:01",
        "6:17",
        "6:26",
        "6:39",
        "6:44",
        "6:50",
        "6:56",
        "7:01",
        "7:10",
        "7:20",
        "7:33",
        "7:41",
        "7:48",
        "7:56",
        "8:19",
        "8:40",
        "9:01",
        "9:21",
        "9:41",
        "10:01",
        "10:21",
        "10:41",
        "11:01",
        "11:21",
        "11:41",
        "12:01",
        "12:21",
        "12:41",
        "13:01",
        "13:21",
        "13:41",
        "14:01",
        "14:21",
        "14:41",
        "14:56",
        "15:11",
        "15:26",
        "15:41",
        "15:56",
        "16:11",
        "16:26",
        "16:41",
        "16:56",
        "17:11",
        "17:26",
        "17:41",
        "18:01",
        "18:21",
        "18:41",
        "19:01",
        "19:21",
        "19:36",
        "19:56",
        "20:26",
        "20:56",
        "21:28",
        "22:01",
        "22:41",
        "23:21"
    ],
    "saturday": [
        "5:51",
        "6:01",
        "6:16",
        "6:26",
        "6:34",
        "6:41",
        "7:01",
        "7:21",
        "7:41",
        "8:01",
        "8:21",
        "8:41",
        "9:01",
        "9:21",
        "9:41",
        "10:01",
        "10:21",
        "10:41",
        "11:01",
        "11:21",
        "11:41",
        "12:01",
        "12:21",
        "12:41",
        "13:01",
        "13:21",
        "13:41",
        "14:01",
        "14:21",
        "14:41",
        "15:01",
        "15:21",
        "15:41",
        "16:01",
        "16:21",
        "16:41",
        "17:01",
        "17:21",
        "17:41",
        "18:01",
        "18:21",
        "18:41",
        "19:01",
        "19:21",
        "19:41",
        "20:11",
        "20:41",
        "21:06",
        "21:36",
        "22:41"
    ],
    "holiday": [
        "5:51",
        "6:01",
        "6:16",
        "6:26",
        "6:41",
        "7:01",
        "7:21",
        "7:41",
        "8:01",
        "8:21",
        "8:41",
        "9:01",
        "9:21",
        "9:41",
        "10:01",
        "10:21",
        "10:41",
        "11:01",
        "11:21",
        "11:41",
        "12:01",
        "12:21",
        "12:41",
        "13:01",
        "13:21",
        "13:41",
        "14:01",
        "14:21",
        "14:41",
        "15:01",
        "15:21",
        "15:41",
        "16:01",
        "16:21",
        "16:41",
        "17:01",
        "17:21",
        "17:41",
        "18:01",
        "18:21",
        "18:41",
        "19:01",
        "19:21",
        "19:41",
        "20:11",
        "20:41",
        "21:06",
        "21:36",
        "22:41"
    ],
    "url": "https://www.kanachu.co.jp/dia/diagram/timetable01_js/course:0000800812-2/node:00126971/kt:0/lname:/"
}
