{
    "date": "2025/07/12",
    "name": "藤沢橋",
    "position": "-",
    "system": "船32",
    "destinations": [
        "山王神社前",
        "公民館前(藤沢市大鋸)",
        "柄沢橋",
        "藤ヶ岡中学校前",
        "渡内",
        "渡内第三会館前",
        "久成寺前",
        "植木(鎌倉市)",
        "公会堂前(鎌倉市)",
        "岡本(鎌倉市)",
        "玉縄行政センター入口",
        "児童公園前(鎌倉市)",
        "大船駅西口"
    ],
    "weekday": [
        "5:40",
        "5:49",
        "5:58",
        "6:05",
        "6:21",
        "6:30",
        "6:43",
        "6:48",
        "6:54",
        "7:00",
        "7:05",
        "7:14",
        "7:24",
        "7:37",
        "7:45",
        "7:52",
        "8:00",
        "8:23",
        "8:44",
        "9:05",
        "9:25",
        "9:45",
        "10:05",
        "10:25",
        "10:45",
        "11:05",
        "11:25",
        "11:45",
        "12:05",
        "12:25",
        "12:45",
        "13:05",
        "13:25",
        "13:45",
        "14:05",
        "14:25",
        "14:45",
        "15:00",
        "15:15",
        "15:30",
        "15:45",
        "16:00",
        "16:15",
        "16:30",
        "16:45",
        "17:00",
        "17:15",
        "17:30",
        "17:45",
        "18:05",
        "18:25",
        "18:45",
        "19:05",
        "19:25",
        "19:40",
        "20:00",
        "20:30",
        "21:00",
        "21:32",
        "22:05",
        "22:45",
        "23:25"
    ],
    "saturday": [
        "5:55",
        "6:05",
        "6:20",
        "6:30",
        "6:38",
        "6:45",
        "7:05",
        "7:25",
        "7:45",
        "8:05",
        "8:25",
        "8:45",
        "9:05",
        "9:25",
        "9:45",
        "10:05",
        "10:25",
        "10:45",
        "11:05",
        "11:25",
        "11:45",
        "12:05",
        "12:25",
        "12:45",
        "13:05",
        "13:25",
        "13:45",
        "14:05",
        "14:25",
        "14:45",
        "15:05",
        "15:25",
        "15:45",
        "16:05",
        "16:25",
        "16:45",
        "17:05",
        "17:25",
        "17:45",
        "18:05",
        "18:25",
        "18:45",
        "19:05",
        "19:25",
        "19:45",
        "20:15",
        "20:45",
        "21:10",
        "21:40",
        "22:45"
    ],
    "holiday": [
        "5:55",
        "6:05",
        "6:20",
        "6:30",
        "6:45",
        "7:05",
        "7:25",
        "7:45",
        "8:05",
        "8:25",
        "8:45",
        "9:05",
        "9:25",
        "9:45",
        "10:05",
        "10:25",
        "10:45",
        "11:05",
        "11:25",
        "11:45",
        "12:05",
        "12:25",
        "12:45",
        "13:05",
        "13:25",
        "13:45",
        "14:05",
        "14:25",
        "14:45",
        "15:05",
        "15:25",
        "15:45",
        "16:05",
        "16:25",
        "16:45",
        "17:05",
        "17:25",
        "17:45",
        "18:05",
        "18:25",
        "18:45",
        "19:05",
        "19:25",
        "19:45",
        "20:15",
        "20:45",
        "21:10",
        "21:40",
        "22:45"
    ],
    "url": "https://www.kanachu.co.jp/dia/diagram/timetable01_js/course:0000800812-6/node:00126975/kt:0/lname:/"
}
