{
    "date": "2025/07/12",
    "name": "公民館前(藤沢市大鋸)",
    "position": "-",
    "system": "船32",
    "destinations": [
        "柄沢橋",
        "藤ヶ岡中学校前",
        "渡内",
        "渡内第三会館前",
        "久成寺前",
        "植木(鎌倉市)",
        "公会堂前(鎌倉市)",
        "岡本(鎌倉市)",
        "玉縄行政センター入口",
        "児童公園前(鎌倉市)",
        "大船駅西口"
    ],
    "weekday": [
        "5:43",
        "5:52",
        "6:01",
        "6:08",
        "6:24",
        "6:34",
        "6:47",
        "6:52",
        "6:58",
        "7:04",
        "7:09",
        "7:18",
        "7:28",
        "7:41",
        "7:49",
        "7:56",
        "8:04",
        "8:27",
        "8:48",
        "9:09",
        "9:29",
        "9:49",
        "10:09",
        "10:29",
        "10:49",
        "11:09",
        "11:29",
        "11:49",
        "12:09",
        "12:29",
        "12:49",
        "13:09",
        "13:29",
        "13:49",
        "14:09",
        "14:29",
        "14:49",
        "15:04",
        "15:19",
        "15:34",
        "15:49",
        "16:04",
        "16:19",
        "16:34",
        "16:49",
        "17:04",
        "17:19",
        "17:34",
        "17:49",
        "18:09",
        "18:29",
        "18:49",
        "19:07",
        "19:27",
        "19:42",
        "20:02",
        "20:32",
        "21:02",
        "21:34",
        "22:07",
        "22:47",
        "23:27"
    ],
    "saturday": [
        "5:58",
        "6:08",
        "6:23",
        "6:33",
        "6:41",
        "6:48",
        "7:08",
        "7:28",
        "7:48",
        "8:08",
        "8:28",
        "8:48",
        "9:08",
        "9:28",
        "9:48",
        "10:09",
        "10:29",
        "10:49",
        "11:09",
        "11:29",
        "11:49",
        "12:09",
        "12:29",
        "12:49",
        "13:09",
        "13:29",
        "13:49",
        "14:09",
        "14:29",
        "14:49",
        "15:09",
        "15:29",
        "15:49",
        "16:09",
        "16:29",
        "16:49",
        "17:09",
        "17:29",
        "17:49",
        "18:08",
        "18:28",
        "18:48",
        "19:08",
        "19:28",
        "19:48",
        "20:18",
        "20:48",
        "21:13",
        "21:43",
        "22:48"
    ],
    "holiday": [
        "5:58",
        "6:08",
        "6:23",
        "6:33",
        "6:48",
        "7:08",
        "7:28",
        "7:48",
        "8:08",
        "8:28",
        "8:48",
        "9:08",
        "9:28",
        "9:48",
        "10:09",
        "10:29",
        "10:49",
        "11:09",
        "11:29",
        "11:49",
        "12:09",
        "12:29",
        "12:49",
        "13:09",
        "13:29",
        "13:49",
        "14:09",
        "14:29",
        "14:49",
        "15:09",
        "15:29",
        "15:49",
        "16:09",
        "16:29",
        "16:49",
        "17:09",
        "17:29",
        "17:49",
        "18:08",
        "18:28",
        "18:48",
        "19:08",
        "19:28",
        "19:48",
        "20:18",
        "20:48",
        "21:13",
        "21:43",
        "22:48"
    ],
    "url": "https://www.kanachu.co.jp/dia/diagram/timetable01_js/course:0000800812-8/node:00126983/kt:0/lname:/"
}
