{
    "date": "2025/07/12",
    "name": "柄沢橋",
    "position": "-",
    "system": "船32",
    "destinations": [
        "藤ヶ岡中学校前",
        "渡内",
        "渡内第三会館前",
        "久成寺前",
        "植木(鎌倉市)",
        "公会堂前(鎌倉市)",
        "岡本(鎌倉市)",
        "玉縄行政センター入口",
        "児童公園前(鎌倉市)",
        "大船駅西口"
    ],
    "weekday": [
        "5:44",
        "5:53",
        "6:02",
        "6:09",
        "6:25",
        "6:36",
        "6:49",
        "6:54",
        "7:00",
        "7:06",
        "7:11",
        "7:20",
        "7:30",
        "7:43",
        "7:51",
        "7:58",
        "8:06",
        "8:29",
        "8:50",
        "9:10",
        "9:30",
        "9:50",
        "10:10",
        "10:30",
        "10:50",
        "11:10",
        "11:30",
        "11:50",
        "12:10",
        "12:30",
        "12:50",
        "13:10",
        "13:30",
        "13:50",
        "14:10",
        "14:30",
        "14:50",
        "15:05",
        "15:20",
        "15:35",
        "15:50",
        "16:05",
        "16:20",
        "16:35",
        "16:50",
        "17:05",
        "17:20",
        "17:35",
        "17:50",
        "18:10",
        "18:30",
        "18:50",
        "19:08",
        "19:28",
        "19:43",
        "20:03",
        "20:33",
        "21:03",
        "21:35",
        "22:08",
        "22:48",
        "23:28"
    ],
    "saturday": [
        "5:59",
        "6:09",
        "6:24",
        "6:34",
        "6:42",
        "6:49",
        "7:09",
        "7:29",
        "7:49",
        "8:09",
        "8:29",
        "8:49",
        "9:09",
        "9:29",
        "9:49",
        "10:10",
        "10:30",
        "10:50",
        "11:10",
        "11:30",
        "11:50",
        "12:10",
        "12:30",
        "12:50",
        "13:10",
        "13:30",
        "13:50",
        "14:10",
        "14:30",
        "14:50",
        "15:10",
        "15:30",
        "15:50",
        "16:10",
        "16:30",
        "16:50",
        "17:10",
        "17:30",
        "17:50",
        "18:09",
        "18:29",
        "18:49",
        "19:09",
        "19:29",
        "19:49",
        "20:19",
        "20:49",
        "21:14",
        "21:44",
        "22:49"
    ],
    "holiday": [
        "5:59",
        "6:09",
        "6:24",
        "6:34",
        "6:49",
        "7:09",
        "7:29",
        "7:49",
        "8:09",
        "8:29",
        "8:49",
        "9:09",
        "9:29",
        "9:49",
        "10:10",
        "10:30",
        "10:50",
        "11:10",
        "11:30",
        "11:50",
        "12:10",
        "12:30",
        "12:50",
        "13:10",
        "13:30",
        "13:50",
        "14:10",
        "14:30",
        "14:50",
        "15:10",
        "15:30",
        "15:50",
        "16:10",
        "16:30",
        "16:50",
        "17:10",
        "17:30",
        "17:50",
        "18:09",
        "18:29",
        "18:49",
        "19:09",
        "19:29",
        "19:49",
        "20:19",
        "20:49",
        "21:14",
        "21:44",
        "22:49"
    ],
    "url": "https://www.kanachu.co.jp/dia/diagram/timetable01_js/course:0000800812-9/node:00126984/kt:0/lname:/"
}
