{
    "date": "2025/07/12",
    "name": "藤ヶ岡中学校前",
    "position": "-",
    "system": "船32",
    "destinations": [
        "渡内",
        "渡内第三会館前",
        "久成寺前",
        "植木(鎌倉市)",
        "公会堂前(鎌倉市)",
        "岡本(鎌倉市)",
        "玉縄行政センター入口",
        "児童公園前(鎌倉市)",
        "大船駅西口"
    ],
    "weekday": [
        "5:46",
        "5:55",
        "6:04",
        "6:11",
        "6:27",
        "6:38",
        "6:51",
        "6:56",
        "7:02",
        "7:08",
        "7:13",
        "7:22",
        "7:32",
        "7:45",
        "7:53",
        "8:00",
        "8:08",
        "8:31",
        "8:52",
        "9:12",
        "9:32",
        "9:52",
        "10:12",
        "10:32",
        "10:52",
        "11:12",
        "11:32",
        "11:52",
        "12:12",
        "12:32",
        "12:52",
        "13:12",
        "13:32",
        "13:52",
        "14:12",
        "14:32",
        "14:52",
        "15:07",
        "15:22",
        "15:37",
        "15:52",
        "16:07",
        "16:22",
        "16:37",
        "16:52",
        "17:07",
        "17:22",
        "17:37",
        "17:52",
        "18:12",
        "18:32",
        "18:52",
        "19:10",
        "19:30",
        "19:45",
        "20:05",
        "20:35",
        "21:05",
        "21:37",
        "22:10",
        "22:50",
        "23:29"
    ],
    "saturday": [
        "6:01",
        "6:11",
        "6:26",
        "6:36",
        "6:44",
        "6:51",
        "7:11",
        "7:31",
        "7:51",
        "8:11",
        "8:31",
        "8:51",
        "9:11",
        "9:31",
        "9:51",
        "10:12",
        "10:32",
        "10:52",
        "11:12",
        "11:32",
        "11:52",
        "12:12",
        "12:32",
        "12:52",
        "13:12",
        "13:32",
        "13:52",
        "14:12",
        "14:32",
        "14:52",
        "15:12",
        "15:32",
        "15:52",
        "16:12",
        "16:32",
        "16:52",
        "17:12",
        "17:32",
        "17:52",
        "18:11",
        "18:31",
        "18:51",
        "19:11",
        "19:31",
        "19:51",
        "20:21",
        "20:51",
        "21:16",
        "21:46",
        "22:51"
    ],
    "holiday": [
        "6:01",
        "6:11",
        "6:26",
        "6:36",
        "6:51",
        "7:11",
        "7:31",
        "7:51",
        "8:11",
        "8:31",
        "8:51",
        "9:11",
        "9:31",
        "9:51",
        "10:12",
        "10:32",
        "10:52",
        "11:12",
        "11:32",
        "11:52",
        "12:12",
        "12:32",
        "12:52",
        "13:12",
        "13:32",
        "13:52",
        "14:12",
        "14:32",
        "14:52",
        "15:12",
        "15:32",
        "15:52",
        "16:12",
        "16:32",
        "16:52",
        "17:12",
        "17:32",
        "17:52",
        "18:11",
        "18:31",
        "18:51",
        "19:11",
        "19:31",
        "19:51",
        "20:21",
        "20:51",
        "21:16",
        "21:46",
        "22:51"
    ],
    "url": "https://www.kanachu.co.jp/dia/diagram/timetable01_js/course:0000800812-10/node:00126985/kt:0/lname:/"
}
