{
    "date": "2025/07/12",
    "name": "植木(鎌倉市)",
    "position": "-",
    "system": "船32",
    "destinations": [
        "公会堂前(鎌倉市)",
        "岡本(鎌倉市)",
        "玉縄行政センター入口",
        "児童公園前(鎌倉市)",
        "大船駅西口"
    ],
    "weekday": [
        "5:53",
        "6:02",
        "6:11",
        "6:18",
        "6:35",
        "6:47",
        "7:00",
        "7:05",
        "7:11",
        "7:17",
        "7:22",
        "7:31",
        "7:41",
        "7:54",
        "8:02",
        "8:09",
        "8:17",
        "8:40",
        "9:01",
        "9:21",
        "9:41",
        "10:01",
        "10:21",
        "10:41",
        "11:01",
        "11:21",
        "11:41",
        "12:01",
        "12:21",
        "12:41",
        "13:01",
        "13:21",
        "13:41",
        "14:01",
        "14:21",
        "14:41",
        "15:01",
        "15:16",
        "15:31",
        "15:46",
        "16:01",
        "16:16",
        "16:31",
        "16:46",
        "17:01",
        "17:16",
        "17:31",
        "17:46",
        "18:01",
        "18:21",
        "18:41",
        "19:01",
        "19:17",
        "19:37",
        "19:52",
        "20:12",
        "20:42",
        "21:12",
        "21:44",
        "22:17",
        "22:57",
        "23:34"
    ],
    "saturday": [
        "6:08",
        "6:18",
        "6:33",
        "6:43",
        "6:51",
        "6:58",
        "7:18",
        "7:38",
        "7:58",
        "8:18",
        "8:38",
        "8:58",
        "9:18",
        "9:38",
        "9:58",
        "10:19",
        "10:39",
        "10:59",
        "11:19",
        "11:39",
        "11:59",
        "12:19",
        "12:39",
        "12:59",
        "13:20",
        "13:40",
        "14:00",
        "14:20",
        "14:40",
        "15:00",
        "15:20",
        "15:40",
        "16:00",
        "16:20",
        "16:40",
        "17:00",
        "17:20",
        "17:40",
        "18:00",
        "18:18",
        "18:38",
        "18:58",
        "19:18",
        "19:38",
        "19:58",
        "20:28",
        "20:58",
        "21:23",
        "21:53",
        "22:58"
    ],
    "holiday": [
        "6:08",
        "6:18",
        "6:33",
        "6:43",
        "6:58",
        "7:18",
        "7:38",
        "7:58",
        "8:18",
        "8:38",
        "8:58",
        "9:18",
        "9:38",
        "9:58",
        "10:19",
        "10:39",
        "10:59",
        "11:19",
        "11:39",
        "11:59",
        "12:19",
        "12:39",
        "12:59",
        "13:20",
        "13:40",
        "14:00",
        "14:20",
        "14:40",
        "15:00",
        "15:20",
        "15:40",
        "16:00",
        "16:20",
        "16:40",
        "17:00",
        "17:20",
        "17:40",
        "18:00",
        "18:18",
        "18:38",
        "18:58",
        "19:18",
        "19:38",
        "19:58",
        "20:28",
        "20:58",
        "21:23",
        "21:53",
        "22:58"
    ],
    "url": "https://www.kanachu.co.jp/dia/diagram/timetable01_js/course:0000800812-14/node:00126989/kt:0/lname:/"
}
