{
    "date": "2025/07/12",
    "name": "玉縄行政センター入口",
    "position": "-",
    "system": "船32",
    "destinations": [
        "児童公園前(鎌倉市)",
        "大船駅西口"
    ],
    "weekday": [
        "5:57",
        "6:06",
        "6:15",
        "6:22",
        "6:41",
        "6:53",
        "7:06",
        "7:11",
        "7:17",
        "7:23",
        "7:28",
        "7:37",
        "7:47",
        "8:00",
        "8:08",
        "8:15",
        "8:23",
        "8:46",
        "9:07",
        "9:27",
        "9:47",
        "10:07",
        "10:27",
        "10:47",
        "11:07",
        "11:27",
        "11:47",
        "12:07",
        "12:27",
        "12:47",
        "13:07",
        "13:27",
        "13:47",
        "14:07",
        "14:27",
        "14:47",
        "15:07",
        "15:22",
        "15:37",
        "15:52",
        "16:07",
        "16:22",
        "16:37",
        "16:52",
        "17:07",
        "17:22",
        "17:37",
        "17:52",
        "18:07",
        "18:27",
        "18:47",
        "19:05",
        "19:21",
        "19:41",
        "19:56",
        "20:16",
        "20:46",
        "21:16",
        "21:48",
        "22:21",
        "23:01",
        "23:37"
    ],
    "saturday": [
        "6:12",
        "6:22",
        "6:37",
        "6:47",
        "6:55",
        "7:02",
        "7:22",
        "7:42",
        "8:02",
        "8:22",
        "8:42",
        "9:02",
        "9:22",
        "9:42",
        "10:03",
        "10:25",
        "10:45",
        "11:05",
        "11:25",
        "11:45",
        "12:05",
        "12:25",
        "12:45",
        "13:05",
        "13:26",
        "13:46",
        "14:06",
        "14:26",
        "14:46",
        "15:06",
        "15:26",
        "15:46",
        "16:06",
        "16:26",
        "16:46",
        "17:06",
        "17:26",
        "17:46",
        "18:05",
        "18:23",
        "18:43",
        "19:03",
        "19:23",
        "19:43",
        "20:03",
        "20:32",
        "21:02",
        "21:27",
        "21:57",
        "23:02"
    ],
    "holiday": [
        "6:12",
        "6:22",
        "6:37",
        "6:47",
        "7:02",
        "7:22",
        "7:42",
        "8:02",
        "8:22",
        "8:42",
        "9:02",
        "9:22",
        "9:42",
        "10:03",
        "10:25",
        "10:45",
        "11:05",
        "11:25",
        "11:45",
        "12:05",
        "12:25",
        "12:45",
        "13:05",
        "13:26",
        "13:46",
        "14:06",
        "14:26",
        "14:46",
        "15:06",
        "15:26",
        "15:46",
        "16:06",
        "16:26",
        "16:46",
        "17:06",
        "17:26",
        "17:46",
        "18:05",
        "18:23",
        "18:43",
        "19:03",
        "19:23",
        "19:43",
        "20:03",
        "20:32",
        "21:02",
        "21:27",
        "21:57",
        "23:02"
    ],
    "url": "https://www.kanachu.co.jp/dia/diagram/timetable01_js/course:0000800812-17/node:00127116/kt:0/lname:/"
}
