{
    "system": "船32",
    "busstops": [
        {
            "index": "1",
            "id": "00126970",
            "name": "藤沢駅北口",
            "lat": "35.339846",
            "lng": "139.487667"
        },
        {
            "index": "2",
            "id": "00126971",
            "name": "三富士町",
            "lat": "35.339469",
            "lng": "139.484094"
        },
        {
            "index": "3",
            "id": "00126972",
            "name": "相生町(藤沢市)",
            "lat": "35.340726",
            "lng": "139.480959"
        },
        {
            "index": "4",
            "id": "00126973",
            "name": "南仲通り",
            "lat": "35.342936",
            "lng": "139.482887"
        },
        {
            "index": "5",
            "id": "00126974",
            "name": "藤沢小学校前",
            "lat": "35.34402",
            "lng": "139.484087"
        },
        {
            "index": "6",
            "id": "00126975",
            "name": "藤沢橋",
            "lat": "35.346856",
            "lng": "139.488789"
        },
        {
            "index": "7",
            "id": "00126982",
            "name": "山王神社前",
            "lat": "35.346269",
            "lng": "139.490831"
        },
        {
            "index": "8",
            "id": "00126983",
            "name": "公民館前(藤沢市大鋸)",
            "lat": "35.346917",
            "lng": "139.492458"
        },
        {
            "index": "9",
            "id": "00126984",
            "name": "柄沢橋",
            "lat": "35.349103",
            "lng": "139.496072"
        },
        {
            "index": "10",
            "id": "00126985",
            "name": "藤ヶ岡中学校前",
            "lat": "35.349111",
            "lng": "139.499674"
        },
        {
            "index": "11",
            "id": "00126986",
            "name": "渡内",
            "lat": "35.349503",
            "lng": "139.503881"
        },
        {
            "index": "12",
            "id": "00126987",
            "name": "渡内第三会館前",
            "lat": "35.349736",
            "lng": "139.506101"
        },
        {
            "index": "13",
            "id": "00126988",
            "name": "久成寺前",
            "lat": "35.350737",
            "lng": "139.510402"
        },
        {
            "index": "14",
            "id": "00126989",
            "name": "植木(鎌倉市)",
            "lat": "35.349809",
            "lng": "139.513378"
        },
        {
            "index": "15",
            "id": "00126990",
            "name": "公会堂前(鎌倉市)",
            "lat": "35.34918",
            "lng": "139.516472"
        },
        {
            "index": "16",
            "id": "00126991",
            "name": "岡本(鎌倉市)",
            "lat": "35.349315",
            "lng": "139.520369"
        },
        {
            "index": "17",
            "id": "00127116",
            "name": "玉縄行政センター入口",
            "lat": "35.35027",
            "lng": "139.521667"
        },
        {
            "index": "18",
            "id": "00126992",
            "name": "児童公園前(鎌倉市)",
            "lat": "35.352315",
            "lng": "139.523745"
        },
        {
            "index": "19",
            "id": "00126855",
            "name": "大船駅西口",
            "lat": "35.352416",
            "lng": "139.529024"
        }
    ],
    "route_url": "https://www.kanachu.co.jp/dia/route/index/cid:0000800812/"
}
