{
    "date": "2025/01/14",
    "name": "相沢",
    "position": "-",
    "system": "瀬31",
    "destinations": [
        "幼稚園前(横浜市瀬谷区)",
        "東台(横浜市瀬谷区)",
        "細谷戸第1",
        "細谷戸第2",
        "細谷戸第3",
        "細谷戸第4",
        "細谷戸第5"
    ],
    "weekday": [
        "6:25",
        "6:40",
        "6:57",
        "7:17",
        "7:32",
        "7:48",
        "8:07",
        "8:24",
        "8:39",
        "8:54",
        "9:16",
        "9:30",
        "9:52",
        "10:07",
        "10:37",
        "10:50",
        "11:14",
        "11:27",
        "11:47",
        "12:02",
        "12:32",
        "13:14",
        "14:00",
        "14:32",
        "14:52",
        "15:27",
        "15:57",
        "16:17",
        "16:37",
        "16:57",
        "17:17",
        "17:37",
        "17:57",
        "18:12",
        "18:27",
        "18:42",
        "18:57",
        "19:27",
        "19:57",
        "20:27",
        "20:57",
        "21:27",
        "21:57",
        "22:27",
        "22:57"
    ],
    "saturday": [
        "6:23",
        "6:55",
        "7:27",
        "7:59",
        "8:31",
        "8:50",
        "9:10",
        "9:30",
        "9:50",
        "10:10",
        "10:30",
        "10:50",
        "11:22",
        "11:54",
        "12:26",
        "12:58",
        "13:30",
        "14:02",
        "14:34",
        "15:06",
        "15:38",
        "16:10",
        "16:42",
        "17:14",
        "17:46",
        "18:18",
        "18:50",
        "19:22",
        "19:54",
        "20:26",
        "20:58",
        "21:30",
        "22:02"
    ],
    "holiday": [
        "6:23",
        "6:55",
        "7:27",
        "7:59",
        "8:31",
        "8:50",
        "9:10",
        "9:30",
        "9:50",
        "10:10",
        "10:30",
        "10:50",
        "11:22",
        "11:54",
        "12:26",
        "12:58",
        "13:30",
        "14:02",
        "14:34",
        "15:06",
        "15:38",
        "16:10",
        "16:42",
        "17:14",
        "17:46",
        "18:18",
        "18:50",
        "19:22",
        "19:54",
        "20:26",
        "20:58",
        "21:30",
        "22:02"
    ],
    "url": "https://www.kanachu.co.jp/dia/diagram/timetable01_js/course:0000800325-2/node:00126689/kt:0/lname:/"
}
