{
    "date": "2025/01/14",
    "name": "東台(横浜市瀬谷区)",
    "position": "-",
    "system": "瀬31",
    "destinations": [
        "細谷戸第1",
        "細谷戸第2",
        "細谷戸第3",
        "細谷戸第4",
        "細谷戸第5"
    ],
    "weekday": [
        "6:27",
        "6:42",
        "6:59",
        "7:19",
        "7:34",
        "7:50",
        "8:09",
        "8:26",
        "8:41",
        "8:56",
        "9:18",
        "9:32",
        "9:54",
        "10:09",
        "10:39",
        "10:52",
        "11:16",
        "11:29",
        "11:49",
        "12:04",
        "12:34",
        "13:16",
        "14:02",
        "14:34",
        "14:54",
        "15:29",
        "15:59",
        "16:19",
        "16:39",
        "16:59",
        "17:19",
        "17:39",
        "17:59",
        "18:14",
        "18:29",
        "18:44",
        "18:59",
        "19:29",
        "19:59",
        "20:29",
        "20:59",
        "21:29",
        "21:59",
        "22:29",
        "22:59"
    ],
    "saturday": [
        "6:25",
        "6:57",
        "7:29",
        "8:01",
        "8:33",
        "8:52",
        "9:12",
        "9:32",
        "9:52",
        "10:12",
        "10:32",
        "10:52",
        "11:24",
        "11:56",
        "12:28",
        "13:00",
        "13:32",
        "14:04",
        "14:36",
        "15:08",
        "15:40",
        "16:12",
        "16:44",
        "17:16",
        "17:48",
        "18:20",
        "18:52",
        "19:24",
        "19:56",
        "20:28",
        "21:00",
        "21:32",
        "22:04"
    ],
    "holiday": [
        "6:25",
        "6:57",
        "7:29",
        "8:01",
        "8:33",
        "8:52",
        "9:12",
        "9:32",
        "9:52",
        "10:12",
        "10:32",
        "10:52",
        "11:24",
        "11:56",
        "12:28",
        "13:00",
        "13:32",
        "14:04",
        "14:36",
        "15:08",
        "15:40",
        "16:12",
        "16:44",
        "17:16",
        "17:48",
        "18:20",
        "18:52",
        "19:24",
        "19:56",
        "20:28",
        "21:00",
        "21:32",
        "22:04"
    ],
    "url": "https://www.kanachu.co.jp/dia/diagram/timetable01_js/course:0000800325-4/node:00129786/kt:0/lname:/"
}
