{
    "date": "2020/12/05",
    "name": "二番構保健医療センター",
    "position": "-",
    "system": "湘16",
    "destinations": [
        "駒寄",
        "滝の沢(藤沢市)",
        "滝の沢不動前",
        "湘南ライフタウン",
        "南原(藤沢市)",
        "矢尻(藤沢市)",
        "田方(藤沢市)",
        "寿照寺前",
        "和泉橋",
        "石川山田",
        "南桐原",
        "桐ヶ谷(藤沢市)",
        "湘南台住宅前",
        "湘南台駅西口"
    ],
    "weekday": [
        "5:41",
        "6:06",
        "6:26",
        "7:02",
        "7:23"
    ],
    "saturday": [],
    "holiday": [],
    "url": "https://www.kanachu.co.jp/dia/diagram/timetable01_js/course:0000802696-1/node:00129944/kt:0/lname:/"
}
