{
    "date": "2020/12/05",
    "name": "滝の沢不動前",
    "position": "-",
    "system": "湘16",
    "destinations": [
        "湘南ライフタウン",
        "南原(藤沢市)",
        "矢尻(藤沢市)",
        "田方(藤沢市)",
        "寿照寺前",
        "和泉橋",
        "石川山田",
        "南桐原",
        "桐ヶ谷(藤沢市)",
        "湘南台住宅前",
        "湘南台駅西口"
    ],
    "weekday": [
        "5:44",
        "6:09",
        "6:29",
        "7:05",
        "7:26"
    ],
    "saturday": [],
    "holiday": [],
    "url": "https://www.kanachu.co.jp/dia/diagram/timetable01_js/course:0000802696-4/node:00129947/kt:0/lname:/"
}
