{
    "date": "2020/12/05",
    "name": "田方(藤沢市)",
    "position": "-",
    "system": "湘16",
    "destinations": [
        "寿照寺前",
        "和泉橋",
        "石川山田",
        "南桐原",
        "桐ヶ谷(藤沢市)",
        "湘南台住宅前",
        "湘南台駅西口"
    ],
    "weekday": [
        "5:49",
        "6:14",
        "6:34",
        "7:10",
        "7:31"
    ],
    "saturday": [],
    "holiday": [],
    "url": "https://www.kanachu.co.jp/dia/diagram/timetable01_js/course:0000802696-8/node:00129951/kt:0/lname:/"
}
