{
    "date": "2025/10/01",
    "name": "富士見が丘3丁目北",
    "position": "-",
    "system": "",
    "destinations": [
        "松根",
        "栗谷前",
        "元町北(二宮町)",
        "中島(中郡二宮町)",
        "中里(中郡二宮町)",
        "県営団地入口(二宮町)",
        "団地中央(中郡二宮町)",
        "南4号前",
        "南5号前",
        "峠公園",
        "百合が丘坂下",
        "釜野橋",
        "山西プール前",
        "川勾神社入口",
        "密厳院北",
        "山西防災コミュニティセンター",
        "山西(中郡二宮町)",
        "吾妻神社前(中郡二宮町)",
        "二宮駅北口"
    ],
    "weekday": [
        "11:46",
        "17:46"
    ],
    "saturday": [],
    "holiday": [],
    "url": "https://www.kanachu.co.jp/dia/diagram/timetable01_js/course:0000803904-8/node:00130482/kt:0/lname:/"
}
