{
    "date": "2025/10/01",
    "name": "県営団地入口(二宮町)",
    "position": "-",
    "system": "ー",
    "destinations": [
        "団地中央(中郡二宮町)",
        "南4号前",
        "南5号前",
        "峠公園",
        "百合が丘坂下",
        "釜野橋",
        "山西プール前",
        "川勾神社入口",
        "密厳院北",
        "山西防災コミュニティセンター",
        "山西(中郡二宮町)",
        "吾妻神社前(中郡二宮町)",
        "二宮駅北口"
    ],
    "weekday": [
        "11:54",
        "17:54"
    ],
    "saturday": [],
    "holiday": [],
    "url": "https://www.kanachu.co.jp/dia/diagram/timetable01_js/course:0000803904-14/node:00130524/kt:0/lname:/"
}
