{
    "date": "2026/01/16",
    "name": "橋本駅北口",
    "position": "-",
    "system": "橋62",
    "destinations": [
        "旭農協前",
        "寿町(相模原市緑区)",
        "寿橋",
        "久保ヶ谷戸",
        "相原境",
        "坂下(町田街道側/町田市)",
        "堺農協前",
        "堺中学校前",
        "堺市民センター前",
        "相原(町田市)",
        "相原駅西口",
        "諏訪神社前(町田市)",
        "相原小学校前",
        "開都",
        "相原十字路",
        "根岸(相原町/町田市)",
        "境橋(町田市)",
        "円林寺前",
        "水の口(町田市)",
        "法政大学入口",
        "法政大学(町田市)"
    ],
    "weekday": [
        "21:09",
        "21:49"
    ],
    "saturday": [
        "20:29",
        "21:04"
    ],
    "holiday": [
        "19:39",
        "20:29"
    ],
    "url": "https://www.kanachu.co.jp/dia/diagram/timetable01_js/course:0000804135-1/node:00128969/kt:0/lname:/"
}
