{
    "date": "2026/01/16",
    "name": "開都",
    "position": "-",
    "system": "橋62",
    "destinations": [
        "相原十字路",
        "根岸(相原町/町田市)",
        "境橋(町田市)",
        "円林寺前",
        "水の口(町田市)",
        "法政大学入口",
        "法政大学(町田市)"
    ],
    "weekday": [
        "21:28",
        "22:08"
    ],
    "saturday": [
        "20:48",
        "21:23"
    ],
    "holiday": [
        "19:58",
        "20:48"
    ],
    "url": "https://www.kanachu.co.jp/dia/diagram/timetable01_js/course:0000804135-15/node:00128888/kt:0/lname:/"
}
