{
    "date": "2025/04/01",
    "name": "大磯駅",
    "position": "-",
    "system": "平39",
    "destinations": [
        "図書館前(中郡大磯町)",
        "大磯局前",
        "山王町(中郡大磯町)",
        "長者町(中郡大磯町)",
        "長者町芦添",
        "東町三丁目(中郡大磯町)",
        "下花水橋",
        "なでしこ公民館前",
        "花水公園前",
        "花水台",
        "浜岳",
        "すみれ平局前",
        "浜岳中学校前",
        "花水公民館前",
        "桃浜町",
        "羽衣公園入口",
        "八重咲町",
        "平塚駅南口"
    ],
    "weekday": [
        "6:15",
        "6:43",
        "7:05",
        "7:25",
        "7:46",
        "8:09",
        "8:35",
        "9:05",
        "9:35",
        "10:35",
        "11:35",
        "12:35",
        "13:35",
        "14:35",
        "15:35",
        "16:35",
        "17:35",
        "18:09",
        "18:30",
        "19:09",
        "19:30",
        "20:09",
        "20:32"
    ],
    "saturday": [
        "6:55",
        "7:35",
        "8:35",
        "9:35",
        "10:35",
        "11:35",
        "12:35",
        "13:35",
        "14:35",
        "15:35",
        "16:35",
        "17:35",
        "18:35",
        "19:35",
        "20:30"
    ],
    "holiday": [
        "6:55",
        "7:35",
        "8:35",
        "9:35",
        "10:35",
        "11:35",
        "12:35",
        "13:35",
        "14:35",
        "15:35",
        "16:35",
        "17:35",
        "18:35",
        "19:35",
        "20:30"
    ],
    "url": "https://www.kanachu.co.jp/dia/diagram/timetable01_js/course:0000803814-1/node:00127455/kt:0/lname:/"
}
