{
    "date": "2025/04/01",
    "name": "山王町(中郡大磯町)",
    "position": "-",
    "system": "平39",
    "destinations": [
        "長者町(中郡大磯町)",
        "長者町芦添",
        "東町三丁目(中郡大磯町)",
        "下花水橋",
        "なでしこ公民館前",
        "花水公園前",
        "花水台",
        "浜岳",
        "すみれ平局前",
        "浜岳中学校前",
        "花水公民館前",
        "桃浜町",
        "羽衣公園入口",
        "八重咲町",
        "平塚駅南口"
    ],
    "weekday": [
        "6:17",
        "6:45",
        "7:07",
        "7:27",
        "7:48",
        "8:11",
        "8:37",
        "9:07",
        "9:37",
        "10:37",
        "11:37",
        "12:37",
        "13:37",
        "14:37",
        "15:37",
        "16:37",
        "17:37",
        "18:11",
        "18:32",
        "19:11",
        "19:32",
        "20:11",
        "20:34"
    ],
    "saturday": [
        "6:57",
        "7:37",
        "8:37",
        "9:37",
        "10:37",
        "11:37",
        "12:37",
        "13:37",
        "14:37",
        "15:37",
        "16:37",
        "17:37",
        "18:37",
        "19:37",
        "20:32"
    ],
    "holiday": [
        "6:57",
        "7:37",
        "8:37",
        "9:37",
        "10:37",
        "11:37",
        "12:37",
        "13:37",
        "14:37",
        "15:37",
        "16:37",
        "17:37",
        "18:37",
        "19:37",
        "20:32"
    ],
    "url": "https://www.kanachu.co.jp/dia/diagram/timetable01_js/course:0000803814-4/node:00127474/kt:0/lname:/"
}
