{
    "date": "2025/04/01",
    "name": "なでしこ公民館前",
    "position": "-",
    "system": "平39",
    "destinations": [
        "花水公園前",
        "花水台",
        "浜岳",
        "すみれ平局前",
        "浜岳中学校前",
        "花水公民館前",
        "桃浜町",
        "羽衣公園入口",
        "八重咲町",
        "平塚駅南口"
    ],
    "weekday": [
        "6:21",
        "6:49",
        "7:11",
        "7:31",
        "7:52",
        "8:15",
        "8:41",
        "9:11",
        "9:41",
        "10:41",
        "11:41",
        "12:41",
        "13:41",
        "14:41",
        "15:41",
        "16:41",
        "17:41",
        "18:15",
        "18:36",
        "19:15",
        "19:36",
        "20:15",
        "20:38"
    ],
    "saturday": [
        "7:01",
        "7:41",
        "8:41",
        "9:41",
        "10:41",
        "11:41",
        "12:41",
        "13:41",
        "14:41",
        "15:41",
        "16:41",
        "17:41",
        "18:41",
        "19:41",
        "20:36"
    ],
    "holiday": [
        "7:01",
        "7:41",
        "8:41",
        "9:41",
        "10:41",
        "11:41",
        "12:41",
        "13:41",
        "14:41",
        "15:41",
        "16:41",
        "17:41",
        "18:41",
        "19:41",
        "20:36"
    ],
    "url": "https://www.kanachu.co.jp/dia/diagram/timetable01_js/course:0000803814-9/node:00127450/kt:0/lname:/"
}
