{
    "date": "2025/04/01",
    "name": "花水台",
    "position": "-",
    "system": "平39",
    "destinations": [
        "浜岳",
        "すみれ平局前",
        "浜岳中学校前",
        "花水公民館前",
        "桃浜町",
        "羽衣公園入口",
        "八重咲町",
        "平塚駅南口"
    ],
    "weekday": [
        "6:22",
        "6:50",
        "7:12",
        "7:32",
        "7:53",
        "8:16",
        "8:42",
        "9:12",
        "9:42",
        "10:42",
        "11:42",
        "12:42",
        "13:42",
        "14:42",
        "15:42",
        "16:42",
        "17:42",
        "18:16",
        "18:37",
        "19:16",
        "19:37",
        "20:16",
        "20:39"
    ],
    "saturday": [
        "7:02",
        "7:42",
        "8:42",
        "9:42",
        "10:42",
        "11:42",
        "12:42",
        "13:42",
        "14:42",
        "15:42",
        "16:42",
        "17:42",
        "18:42",
        "19:42",
        "20:37"
    ],
    "holiday": [
        "7:02",
        "7:42",
        "8:42",
        "9:42",
        "10:42",
        "11:42",
        "12:42",
        "13:42",
        "14:42",
        "15:42",
        "16:42",
        "17:42",
        "18:42",
        "19:42",
        "20:37"
    ],
    "url": "https://www.kanachu.co.jp/dia/diagram/timetable01_js/course:0000803814-11/node:00127448/kt:0/lname:/"
}
