{
    "date": "2025/04/01",
    "name": "浜岳",
    "position": "-",
    "system": "平39",
    "destinations": [
        "すみれ平局前",
        "浜岳中学校前",
        "花水公民館前",
        "桃浜町",
        "羽衣公園入口",
        "八重咲町",
        "平塚駅南口"
    ],
    "weekday": [
        "6:23",
        "6:51",
        "7:13",
        "7:33",
        "7:54",
        "8:17",
        "8:43",
        "9:13",
        "9:43",
        "10:43",
        "11:43",
        "12:43",
        "13:43",
        "14:43",
        "15:43",
        "16:43",
        "17:43",
        "18:17",
        "18:38",
        "19:17",
        "19:38",
        "20:17",
        "20:40"
    ],
    "saturday": [
        "7:03",
        "7:43",
        "8:43",
        "9:43",
        "10:43",
        "11:43",
        "12:43",
        "13:43",
        "14:43",
        "15:43",
        "16:43",
        "17:43",
        "18:43",
        "19:43",
        "20:38"
    ],
    "holiday": [
        "7:03",
        "7:43",
        "8:43",
        "9:43",
        "10:43",
        "11:43",
        "12:43",
        "13:43",
        "14:43",
        "15:43",
        "16:43",
        "17:43",
        "18:43",
        "19:43",
        "20:38"
    ],
    "url": "https://www.kanachu.co.jp/dia/diagram/timetable01_js/course:0000803814-12/node:00127447/kt:0/lname:/"
}
