{
    "date": "2025/04/01",
    "name": "八重咲町",
    "position": "-",
    "system": "平39",
    "destinations": [
        "平塚駅南口"
    ],
    "weekday": [
        "6:29",
        "6:57",
        "7:19",
        "7:39",
        "8:00",
        "8:23",
        "8:49",
        "9:19",
        "9:49",
        "10:49",
        "11:49",
        "12:49",
        "13:49",
        "14:49",
        "15:49",
        "16:49",
        "17:49",
        "18:23",
        "18:44",
        "19:23",
        "19:44",
        "20:23",
        "20:46"
    ],
    "saturday": [
        "7:09",
        "7:49",
        "8:49",
        "9:49",
        "10:49",
        "11:49",
        "12:49",
        "13:49",
        "14:49",
        "15:49",
        "16:49",
        "17:49",
        "18:49",
        "19:49",
        "20:44"
    ],
    "holiday": [
        "7:09",
        "7:49",
        "8:49",
        "9:49",
        "10:49",
        "11:49",
        "12:49",
        "13:49",
        "14:49",
        "15:49",
        "16:49",
        "17:49",
        "18:49",
        "19:49",
        "20:44"
    ],
    "url": "https://www.kanachu.co.jp/dia/diagram/timetable01_js/course:0000803814-18/node:00127441/kt:0/lname:/"
}
