{
    "date": "2026/01/16",
    "name": "中井役場前",
    "position": "-",
    "system": "二30",
    "destinations": [
        "万年橋(足柄上郡中井町)",
        "中井郵便局前",
        "五所ノ宮",
        "滝ノ前(足柄上郡中井町)",
        "北田(足柄上郡中井町)",
        "遠藤(足柄上郡中井町)",
        "上小竹",
        "隧道口",
        "坂呂橋",
        "下小竹",
        "下中駐在所前",
        "下中小学校前",
        "診療所前(小田原市)",
        "鐘藪",
        "中村原",
        "下原(小田原市)",
        "橘中学校入口(小田原市)",
        "押切(中郡二宮町)",
        "押切坂上",
        "山西(中郡二宮町)",
        "吾妻神社前(中郡二宮町)",
        "梅沢(中郡二宮町)",
        "藤田電機前(中郡二宮町)",
        "二宮駅南口"
    ],
    "weekday": [
        "5:39",
        "6:04",
        "6:19",
        "6:34",
        "6:49",
        "7:01",
        "7:13",
        "7:25",
        "7:39",
        "7:54",
        "8:06",
        "8:28",
        "8:51",
        "9:18",
        "9:51",
        "10:18",
        "10:48",
        "11:18",
        "11:49",
        "12:18",
        "12:48",
        "13:18",
        "13:48",
        "14:18",
        "14:48",
        "15:18",
        "15:48",
        "16:18",
        "16:48",
        "20:16"
    ],
    "saturday": [
        "5:44",
        "6:24",
        "6:54",
        "7:24",
        "7:54",
        "8:19",
        "8:49",
        "9:24",
        "9:54",
        "10:24",
        "10:57",
        "11:24",
        "11:57",
        "12:24",
        "12:57",
        "13:24",
        "13:57",
        "14:24",
        "14:57",
        "15:28",
        "15:57",
        "16:28",
        "16:59",
        "17:27",
        "17:54",
        "18:28",
        "18:54",
        "19:59"
    ],
    "holiday": [
        "5:44",
        "6:24",
        "6:54",
        "7:24",
        "7:54",
        "8:19",
        "8:49",
        "9:24",
        "9:54",
        "10:24",
        "10:57",
        "11:24",
        "11:57",
        "12:24",
        "12:57",
        "13:24",
        "13:57",
        "14:24",
        "14:57",
        "15:28",
        "15:57",
        "16:28",
        "16:59",
        "17:27",
        "17:54",
        "18:28",
        "18:54",
        "19:59"
    ],
    "url": "https://www.kanachu.co.jp/dia/diagram/timetable01_js/course:0000804150-2/node:00127962/kt:0/lname:/"
}
