{
    "date": "2026/01/16",
    "name": "五所ノ宮",
    "position": "-",
    "system": "二30",
    "destinations": [
        "滝ノ前(足柄上郡中井町)",
        "北田(足柄上郡中井町)",
        "遠藤(足柄上郡中井町)",
        "上小竹",
        "隧道口",
        "坂呂橋",
        "下小竹",
        "下中駐在所前",
        "下中小学校前",
        "診療所前(小田原市)",
        "鐘藪",
        "中村原",
        "下原(小田原市)",
        "橘中学校入口(小田原市)",
        "押切(中郡二宮町)",
        "押切坂上",
        "山西(中郡二宮町)",
        "吾妻神社前(中郡二宮町)",
        "梅沢(中郡二宮町)",
        "藤田電機前(中郡二宮町)",
        "二宮駅南口"
    ],
    "weekday": [
        "5:41",
        "6:06",
        "6:21",
        "6:36",
        "6:51",
        "7:03",
        "7:15",
        "7:27",
        "7:41",
        "7:56",
        "8:08",
        "8:30",
        "8:53",
        "9:20",
        "9:53",
        "10:20",
        "10:50",
        "11:20",
        "11:51",
        "12:20",
        "12:50",
        "13:20",
        "13:50",
        "14:20",
        "14:50",
        "15:20",
        "15:50",
        "16:20",
        "16:50",
        "20:18"
    ],
    "saturday": [
        "5:46",
        "6:26",
        "6:56",
        "7:26",
        "7:56",
        "8:21",
        "8:51",
        "9:26",
        "9:56",
        "10:26",
        "10:59",
        "11:26",
        "11:59",
        "12:26",
        "12:59",
        "13:26",
        "13:59",
        "14:26",
        "14:59",
        "15:30",
        "15:59",
        "16:30",
        "17:01",
        "17:29",
        "17:56",
        "18:30",
        "18:56",
        "20:01"
    ],
    "holiday": [
        "5:46",
        "6:26",
        "6:56",
        "7:26",
        "7:56",
        "8:21",
        "8:51",
        "9:26",
        "9:56",
        "10:26",
        "10:59",
        "11:26",
        "11:59",
        "12:26",
        "12:59",
        "13:26",
        "13:59",
        "14:26",
        "14:59",
        "15:30",
        "15:59",
        "16:30",
        "17:01",
        "17:29",
        "17:56",
        "18:30",
        "18:56",
        "20:01"
    ],
    "url": "https://www.kanachu.co.jp/dia/diagram/timetable01_js/course:0000804150-5/node:00127965/kt:0/lname:/"
}
