{
    "date": "2026/01/16",
    "name": "上小竹",
    "position": "-",
    "system": "二30",
    "destinations": [
        "隧道口",
        "坂呂橋",
        "下小竹",
        "下中駐在所前",
        "下中小学校前",
        "診療所前(小田原市)",
        "鐘藪",
        "中村原",
        "下原(小田原市)",
        "橘中学校入口(小田原市)",
        "押切(中郡二宮町)",
        "押切坂上",
        "山西(中郡二宮町)",
        "吾妻神社前(中郡二宮町)",
        "梅沢(中郡二宮町)",
        "藤田電機前(中郡二宮町)",
        "二宮駅南口"
    ],
    "weekday": [
        "5:45",
        "6:10",
        "6:25",
        "6:40",
        "6:55",
        "7:07",
        "7:19",
        "7:31",
        "7:45",
        "8:00",
        "8:12",
        "8:34",
        "8:57",
        "9:24",
        "9:57",
        "10:24",
        "10:54",
        "11:24",
        "11:55",
        "12:24",
        "12:54",
        "13:24",
        "13:54",
        "14:24",
        "14:54",
        "15:24",
        "15:54",
        "16:24",
        "16:54",
        "20:22"
    ],
    "saturday": [
        "5:50",
        "6:30",
        "7:00",
        "7:30",
        "8:00",
        "8:25",
        "8:55",
        "9:30",
        "10:00",
        "10:30",
        "11:03",
        "11:30",
        "12:03",
        "12:30",
        "13:03",
        "13:30",
        "14:03",
        "14:30",
        "15:03",
        "15:34",
        "16:03",
        "16:34",
        "17:05",
        "17:33",
        "18:00",
        "18:34",
        "19:00",
        "20:05"
    ],
    "holiday": [
        "5:50",
        "6:30",
        "7:00",
        "7:30",
        "8:00",
        "8:25",
        "8:55",
        "9:30",
        "10:00",
        "10:30",
        "11:03",
        "11:30",
        "12:03",
        "12:30",
        "13:03",
        "13:30",
        "14:03",
        "14:30",
        "15:03",
        "15:34",
        "16:03",
        "16:34",
        "17:05",
        "17:33",
        "18:00",
        "18:34",
        "19:00",
        "20:05"
    ],
    "url": "https://www.kanachu.co.jp/dia/diagram/timetable01_js/course:0000804150-9/node:00127969/kt:0/lname:/"
}
