{
    "date": "2026/01/16",
    "name": "隧道口",
    "position": "-",
    "system": "二30",
    "destinations": [
        "坂呂橋",
        "下小竹",
        "下中駐在所前",
        "下中小学校前",
        "診療所前(小田原市)",
        "鐘藪",
        "中村原",
        "下原(小田原市)",
        "橘中学校入口(小田原市)",
        "押切(中郡二宮町)",
        "押切坂上",
        "山西(中郡二宮町)",
        "吾妻神社前(中郡二宮町)",
        "梅沢(中郡二宮町)",
        "藤田電機前(中郡二宮町)",
        "二宮駅南口"
    ],
    "weekday": [
        "5:46",
        "6:11",
        "6:26",
        "6:41",
        "6:56",
        "7:08",
        "7:20",
        "7:32",
        "7:46",
        "8:01",
        "8:13",
        "8:35",
        "8:58",
        "9:25",
        "9:58",
        "10:25",
        "10:55",
        "11:25",
        "11:56",
        "12:25",
        "12:55",
        "13:25",
        "13:55",
        "14:25",
        "14:55",
        "15:25",
        "15:55",
        "16:25",
        "16:55",
        "20:23"
    ],
    "saturday": [
        "5:51",
        "6:31",
        "7:01",
        "7:31",
        "8:01",
        "8:26",
        "8:56",
        "9:31",
        "10:01",
        "10:31",
        "11:04",
        "11:31",
        "12:04",
        "12:31",
        "13:04",
        "13:31",
        "14:04",
        "14:31",
        "15:04",
        "15:35",
        "16:04",
        "16:35",
        "17:06",
        "17:34",
        "18:01",
        "18:35",
        "19:01",
        "20:06"
    ],
    "holiday": [
        "5:51",
        "6:31",
        "7:01",
        "7:31",
        "8:01",
        "8:26",
        "8:56",
        "9:31",
        "10:01",
        "10:31",
        "11:04",
        "11:31",
        "12:04",
        "12:31",
        "13:04",
        "13:31",
        "14:04",
        "14:31",
        "15:04",
        "15:35",
        "16:04",
        "16:35",
        "17:06",
        "17:34",
        "18:01",
        "18:35",
        "19:01",
        "20:06"
    ],
    "url": "https://www.kanachu.co.jp/dia/diagram/timetable01_js/course:0000804150-10/node:00127970/kt:0/lname:/"
}
