{
    "date": "2026/01/16",
    "name": "坂呂橋",
    "position": "-",
    "system": "二30",
    "destinations": [
        "下小竹",
        "下中駐在所前",
        "下中小学校前",
        "診療所前(小田原市)",
        "鐘藪",
        "中村原",
        "下原(小田原市)",
        "橘中学校入口(小田原市)",
        "押切(中郡二宮町)",
        "押切坂上",
        "山西(中郡二宮町)",
        "吾妻神社前(中郡二宮町)",
        "梅沢(中郡二宮町)",
        "藤田電機前(中郡二宮町)",
        "二宮駅南口"
    ],
    "weekday": [
        "5:47",
        "6:12",
        "6:27",
        "6:42",
        "6:57",
        "7:09",
        "7:21",
        "7:33",
        "7:47",
        "8:02",
        "8:14",
        "8:36",
        "8:59",
        "9:26",
        "9:59",
        "10:26",
        "10:56",
        "11:26",
        "11:57",
        "12:26",
        "12:56",
        "13:26",
        "13:56",
        "14:26",
        "14:56",
        "15:26",
        "15:56",
        "16:26",
        "16:56",
        "20:24"
    ],
    "saturday": [
        "5:52",
        "6:32",
        "7:02",
        "7:32",
        "8:02",
        "8:27",
        "8:57",
        "9:32",
        "10:02",
        "10:32",
        "11:05",
        "11:32",
        "12:05",
        "12:32",
        "13:05",
        "13:32",
        "14:05",
        "14:32",
        "15:05",
        "15:36",
        "16:05",
        "16:36",
        "17:07",
        "17:35",
        "18:02",
        "18:36",
        "19:02",
        "20:07"
    ],
    "holiday": [
        "5:52",
        "6:32",
        "7:02",
        "7:32",
        "8:02",
        "8:27",
        "8:57",
        "9:32",
        "10:02",
        "10:32",
        "11:05",
        "11:32",
        "12:05",
        "12:32",
        "13:05",
        "13:32",
        "14:05",
        "14:32",
        "15:05",
        "15:36",
        "16:05",
        "16:36",
        "17:07",
        "17:35",
        "18:02",
        "18:36",
        "19:02",
        "20:07"
    ],
    "url": "https://www.kanachu.co.jp/dia/diagram/timetable01_js/course:0000804150-11/node:00127971/kt:0/lname:/"
}
