{
    "date": "2026/01/16",
    "name": "下小竹",
    "position": "-",
    "system": "二30",
    "destinations": [
        "下中駐在所前",
        "下中小学校前",
        "診療所前(小田原市)",
        "鐘藪",
        "中村原",
        "下原(小田原市)",
        "橘中学校入口(小田原市)",
        "押切(中郡二宮町)",
        "押切坂上",
        "山西(中郡二宮町)",
        "吾妻神社前(中郡二宮町)",
        "梅沢(中郡二宮町)",
        "藤田電機前(中郡二宮町)",
        "二宮駅南口"
    ],
    "weekday": [
        "5:48",
        "6:13",
        "6:28",
        "6:43",
        "6:58",
        "7:10",
        "7:22",
        "7:34",
        "7:48",
        "8:03",
        "8:15",
        "8:37",
        "9:00",
        "9:27",
        "10:00",
        "10:27",
        "10:57",
        "11:27",
        "11:58",
        "12:27",
        "12:57",
        "13:27",
        "13:57",
        "14:27",
        "14:57",
        "15:27",
        "15:57",
        "16:27",
        "16:57",
        "20:25"
    ],
    "saturday": [
        "5:53",
        "6:33",
        "7:03",
        "7:33",
        "8:03",
        "8:28",
        "8:58",
        "9:33",
        "10:03",
        "10:33",
        "11:06",
        "11:33",
        "12:06",
        "12:33",
        "13:06",
        "13:33",
        "14:06",
        "14:33",
        "15:06",
        "15:37",
        "16:06",
        "16:37",
        "17:08",
        "17:36",
        "18:03",
        "18:37",
        "19:03",
        "20:08"
    ],
    "holiday": [
        "5:53",
        "6:33",
        "7:03",
        "7:33",
        "8:03",
        "8:28",
        "8:58",
        "9:33",
        "10:03",
        "10:33",
        "11:06",
        "11:33",
        "12:06",
        "12:33",
        "13:06",
        "13:33",
        "14:06",
        "14:33",
        "15:06",
        "15:37",
        "16:06",
        "16:37",
        "17:08",
        "17:36",
        "18:03",
        "18:37",
        "19:03",
        "20:08"
    ],
    "url": "https://www.kanachu.co.jp/dia/diagram/timetable01_js/course:0000804150-12/node:00127972/kt:0/lname:/"
}
