{
    "date": "2026/01/16",
    "name": "下中小学校前",
    "position": "-",
    "system": "二30",
    "destinations": [
        "診療所前(小田原市)",
        "鐘藪",
        "中村原",
        "下原(小田原市)",
        "橘中学校入口(小田原市)",
        "押切(中郡二宮町)",
        "押切坂上",
        "山西(中郡二宮町)",
        "吾妻神社前(中郡二宮町)",
        "梅沢(中郡二宮町)",
        "藤田電機前(中郡二宮町)",
        "二宮駅南口"
    ],
    "weekday": [
        "5:49",
        "6:14",
        "6:29",
        "6:44",
        "6:59",
        "7:11",
        "7:23",
        "7:35",
        "7:49",
        "8:04",
        "8:16",
        "8:38",
        "9:01",
        "9:28",
        "10:01",
        "10:28",
        "10:58",
        "11:28",
        "11:59",
        "12:28",
        "12:58",
        "13:28",
        "13:58",
        "14:28",
        "14:58",
        "15:28",
        "15:58",
        "16:28",
        "16:58",
        "20:26"
    ],
    "saturday": [
        "5:54",
        "6:34",
        "7:04",
        "7:34",
        "8:04",
        "8:29",
        "8:59",
        "9:34",
        "10:04",
        "10:34",
        "11:07",
        "11:34",
        "12:07",
        "12:34",
        "13:07",
        "13:34",
        "14:07",
        "14:34",
        "15:07",
        "15:38",
        "16:07",
        "16:38",
        "17:09",
        "17:37",
        "18:04",
        "18:38",
        "19:04",
        "20:09"
    ],
    "holiday": [
        "5:54",
        "6:34",
        "7:04",
        "7:34",
        "8:04",
        "8:29",
        "8:59",
        "9:34",
        "10:04",
        "10:34",
        "11:07",
        "11:34",
        "12:07",
        "12:34",
        "13:07",
        "13:34",
        "14:07",
        "14:34",
        "15:07",
        "15:38",
        "16:07",
        "16:38",
        "17:09",
        "17:37",
        "18:04",
        "18:38",
        "19:04",
        "20:09"
    ],
    "url": "https://www.kanachu.co.jp/dia/diagram/timetable01_js/course:0000804150-14/node:00127974/kt:0/lname:/"
}
