{
    "date": "2026/01/16",
    "name": "下原(小田原市)",
    "position": "-",
    "system": "二30",
    "destinations": [
        "橘中学校入口(小田原市)",
        "押切(中郡二宮町)",
        "押切坂上",
        "山西(中郡二宮町)",
        "吾妻神社前(中郡二宮町)",
        "梅沢(中郡二宮町)",
        "藤田電機前(中郡二宮町)",
        "二宮駅南口"
    ],
    "weekday": [
        "5:52",
        "6:17",
        "6:32",
        "6:47",
        "7:02",
        "7:14",
        "7:26",
        "7:38",
        "7:52",
        "8:07",
        "8:19",
        "8:41",
        "9:04",
        "9:31",
        "10:04",
        "10:31",
        "11:01",
        "11:31",
        "12:02",
        "12:31",
        "13:01",
        "13:31",
        "14:01",
        "14:31",
        "15:01",
        "15:31",
        "16:01",
        "16:31",
        "17:01",
        "20:29"
    ],
    "saturday": [
        "5:57",
        "6:37",
        "7:07",
        "7:37",
        "8:07",
        "8:32",
        "9:02",
        "9:37",
        "10:07",
        "10:37",
        "11:10",
        "11:37",
        "12:10",
        "12:37",
        "13:10",
        "13:37",
        "14:10",
        "14:37",
        "15:10",
        "15:41",
        "16:10",
        "16:41",
        "17:12",
        "17:40",
        "18:07",
        "18:41",
        "19:07",
        "20:12"
    ],
    "holiday": [
        "5:57",
        "6:37",
        "7:07",
        "7:37",
        "8:07",
        "8:32",
        "9:02",
        "9:37",
        "10:07",
        "10:37",
        "11:10",
        "11:37",
        "12:10",
        "12:37",
        "13:10",
        "13:37",
        "14:10",
        "14:37",
        "15:10",
        "15:41",
        "16:10",
        "16:41",
        "17:12",
        "17:40",
        "18:07",
        "18:41",
        "19:07",
        "20:12"
    ],
    "url": "https://www.kanachu.co.jp/dia/diagram/timetable01_js/course:0000804150-18/node:00127977/kt:0/lname:/"
}
