{
    "date": "2025/04/19",
    "name": "相模原駅南口",
    "position": "-",
    "system": "相12",
    "destinations": [
        "相模原三丁目",
        "相模原五丁目",
        "西門前(相模原市中央区)",
        "グリーンプラザ(相模原市中央区)",
        "市役所前(相模原市中央区)",
        "市民会館前(相模原市中央区)",
        "JA相模原市前",
        "高校入口(相模原市中央区)",
        "星が丘住宅前",
        "横山六丁目",
        "上溝"
    ],
    "weekday": [
        "7:00",
        "7:28",
        "8:00",
        "8:20",
        "8:40",
        "9:00",
        "9:30",
        "10:00",
        "10:30",
        "11:00",
        "11:40",
        "12:18",
        "13:00",
        "13:40",
        "14:18",
        "15:00",
        "15:30",
        "16:00",
        "16:30",
        "17:00",
        "17:30",
        "18:00",
        "18:30",
        "19:00",
        "19:30",
        "20:30",
        "21:30"
    ],
    "saturday": [
        "7:10",
        "8:00",
        "8:50",
        "9:40",
        "10:30",
        "11:20",
        "12:10",
        "13:00",
        "13:50",
        "14:40",
        "15:30",
        "16:20",
        "17:10",
        "18:00",
        "18:50",
        "19:40"
    ],
    "holiday": [
        "7:10",
        "8:00",
        "8:50",
        "9:40",
        "10:30",
        "11:20",
        "12:10",
        "13:00",
        "13:50",
        "14:40",
        "15:30",
        "16:20",
        "17:10",
        "18:00",
        "18:50",
        "19:40"
    ],
    "url": "https://www.kanachu.co.jp/dia/diagram/timetable01_js/course:0000802424-1/node:00129335/kt:0/lname:/"
}
