{
    "date": "2025/04/19",
    "name": "西門前(相模原市中央区)",
    "position": "-",
    "system": "相12",
    "destinations": [
        "グリーンプラザ(相模原市中央区)",
        "市役所前(相模原市中央区)",
        "市民会館前(相模原市中央区)",
        "JA相模原市前",
        "高校入口(相模原市中央区)",
        "星が丘住宅前",
        "横山六丁目",
        "上溝"
    ],
    "weekday": [
        "7:02",
        "7:30",
        "8:02",
        "8:22",
        "8:42",
        "9:02",
        "9:32",
        "10:02",
        "10:32",
        "11:02",
        "11:42",
        "12:20",
        "13:02",
        "13:42",
        "14:20",
        "15:02",
        "15:32",
        "16:02",
        "16:32",
        "17:02",
        "17:32",
        "18:02",
        "18:32",
        "19:02",
        "19:32",
        "20:32",
        "21:32"
    ],
    "saturday": [
        "7:12",
        "8:02",
        "8:52",
        "9:42",
        "10:32",
        "11:22",
        "12:12",
        "13:02",
        "13:52",
        "14:42",
        "15:32",
        "16:22",
        "17:12",
        "18:02",
        "18:52",
        "19:42"
    ],
    "holiday": [
        "7:12",
        "8:02",
        "8:52",
        "9:42",
        "10:32",
        "11:22",
        "12:12",
        "13:02",
        "13:52",
        "14:42",
        "15:32",
        "16:22",
        "17:12",
        "18:02",
        "18:52",
        "19:42"
    ],
    "url": "https://www.kanachu.co.jp/dia/diagram/timetable01_js/course:0000802424-4/node:00128539/kt:0/lname:/"
}
