{
    "date": "2025/04/19",
    "name": "星が丘住宅前",
    "position": "-",
    "system": "相12",
    "destinations": [
        "横山六丁目",
        "上溝"
    ],
    "weekday": [
        "7:10",
        "7:38",
        "8:10",
        "8:30",
        "8:50",
        "9:10",
        "9:40",
        "10:10",
        "10:40",
        "11:10",
        "11:50",
        "12:28",
        "13:10",
        "13:50",
        "14:28",
        "15:10",
        "15:40",
        "16:10",
        "16:40",
        "17:10",
        "17:40",
        "18:10",
        "18:40",
        "19:10",
        "19:40",
        "20:39",
        "21:39"
    ],
    "saturday": [
        "7:19",
        "8:09",
        "8:59",
        "9:49",
        "10:39",
        "11:29",
        "12:19",
        "13:09",
        "13:59",
        "14:49",
        "15:39",
        "16:29",
        "17:19",
        "18:09",
        "18:59",
        "19:49"
    ],
    "holiday": [
        "7:19",
        "8:09",
        "8:59",
        "9:49",
        "10:39",
        "11:29",
        "12:19",
        "13:09",
        "13:59",
        "14:49",
        "15:39",
        "16:29",
        "17:19",
        "18:09",
        "18:59",
        "19:49"
    ],
    "url": "https://www.kanachu.co.jp/dia/diagram/timetable01_js/course:0000802424-10/node:00129254/kt:0/lname:/"
}
