{
    "date": "2025/08/04",
    "name": "諏訪神社前(町田市)",
    "position": "-",
    "system": "原23",
    "destinations": [
        "相原小学校前",
        "開都",
        "相原十字路",
        "真米",
        "東京家政学院前",
        "東京家政学院"
    ],
    "weekday": [
        "8:22",
        "8:36",
        "8:46",
        "9:27",
        "10:31",
        "11:32",
        "12:21",
        "13:01",
        "14:11",
        "14:51",
        "15:51",
        "16:31"
    ],
    "saturday": [
        "8:31",
        "9:21",
        "10:13",
        "11:23",
        "12:26",
        "13:03",
        "14:03",
        "15:03",
        "16:03",
        "17:03"
    ],
    "holiday": [],
    "url": "https://www.kanachu.co.jp/dia/diagram/timetable01_js/course:0000802297-2/node:00128886/kt:0/lname:/"
}
