{
    "date": "2025/08/04",
    "name": "開都",
    "position": "-",
    "system": "原23",
    "destinations": [
        "相原十字路",
        "真米",
        "東京家政学院前",
        "東京家政学院"
    ],
    "weekday": [
        "8:24",
        "8:38",
        "8:48",
        "9:29",
        "10:33",
        "11:34",
        "12:23",
        "13:03",
        "14:13",
        "14:53",
        "15:53",
        "16:33"
    ],
    "saturday": [
        "8:33",
        "9:23",
        "10:15",
        "11:25",
        "12:28",
        "13:05",
        "14:05",
        "15:05",
        "16:05",
        "17:05"
    ],
    "holiday": [],
    "url": "https://www.kanachu.co.jp/dia/diagram/timetable01_js/course:0000802297-4/node:00128888/kt:0/lname:/"
}
