{
    "system": "原23",
    "busstops": [
        {
            "index": "1",
            "id": "00130397",
            "name": "相原駅西口",
            "lat": "35.606358",
            "lng": "139.33141"
        },
        {
            "index": "2",
            "id": "00128886",
            "name": "諏訪神社前(町田市)",
            "lat": "35.60459",
            "lng": "139.32749"
        },
        {
            "index": "3",
            "id": "00128887",
            "name": "相原小学校前",
            "lat": "35.605664",
            "lng": "139.32339"
        },
        {
            "index": "4",
            "id": "00128888",
            "name": "開都",
            "lat": "35.606334",
            "lng": "139.31948"
        },
        {
            "index": "5",
            "id": "00128889",
            "name": "相原十字路",
            "lat": "35.605678",
            "lng": "139.316564"
        },
        {
            "index": "6",
            "id": "00128899",
            "name": "真米",
            "lat": "35.607681",
            "lng": "139.314445"
        },
        {
            "index": "7",
            "id": "00128900",
            "name": "東京家政学院前",
            "lat": "35.610685",
            "lng": "139.311774"
        },
        {
            "index": "8",
            "id": "00020990",
            "name": "東京家政学院",
            "lat": "35.612213",
            "lng": "139.3111"
        }
    ],
    "route_url": "https://www.kanachu.co.jp/dia/route/index/cid:0000802297/"
}
