{
    "date": "2024/11/16",
    "name": "ライフタウン中央(藤沢市)",
    "position": "-",
    "system": "藤12",
    "destinations": [
        "大庭小学校",
        "小糸",
        "南センター前(藤沢市)",
        "西高校前(藤沢市)",
        "有藤",
        "大庭隧道",
        "城南一丁目",
        "四ツ谷(藤沢市)",
        "辻堂入口",
        "羽鳥(藤沢市)",
        "メルシャン前",
        "引地橋",
        "一中入口(藤沢市)",
        "湘南高校前",
        "台町(藤沢市)",
        "白旗交差点",
        "本町小学校前(藤沢市)",
        "南仲通り二丁目",
        "南仲通り",
        "相生町(藤沢市)",
        "三富士町",
        "藤沢駅北口"
    ],
    "weekday": [
        "6:29",
        "7:30",
        "8:15",
        "9:02",
        "10:30",
        "12:30",
        "13:30",
        "14:30",
        "15:37",
        "16:32",
        "17:30",
        "18:35"
    ],
    "saturday": [
        "7:35",
        "8:35",
        "9:35",
        "10:35",
        "11:37",
        "12:37",
        "13:35",
        "14:35",
        "15:40",
        "16:40",
        "17:40",
        "18:30"
    ],
    "holiday": [
        "7:35",
        "8:35",
        "9:35",
        "10:35",
        "11:37",
        "12:37",
        "13:35",
        "14:35",
        "15:40",
        "16:40",
        "17:40",
        "18:30"
    ],
    "url": "https://www.kanachu.co.jp/dia/diagram/timetable01_js/course:0000802686-6/node:00129943/kt:0/lname:/"
}
