{
    "date": "2024/11/16",
    "name": "辻堂入口",
    "position": "-",
    "system": "藤12",
    "destinations": [
        "羽鳥(藤沢市)",
        "メルシャン前",
        "引地橋",
        "一中入口(藤沢市)",
        "湘南高校前",
        "台町(藤沢市)",
        "白旗交差点",
        "本町小学校前(藤沢市)",
        "南仲通り二丁目",
        "南仲通り",
        "相生町(藤沢市)",
        "三富士町",
        "藤沢駅北口"
    ],
    "weekday": [
        "6:38",
        "7:41",
        "8:26",
        "9:13",
        "10:41",
        "12:41",
        "13:41",
        "14:41",
        "15:48",
        "16:43",
        "17:41",
        "18:45"
    ],
    "saturday": [
        "7:44",
        "8:45",
        "9:45",
        "10:46",
        "11:48",
        "12:48",
        "13:46",
        "14:46",
        "15:51",
        "16:51",
        "17:51",
        "18:40"
    ],
    "holiday": [
        "7:44",
        "8:45",
        "9:45",
        "10:46",
        "11:48",
        "12:48",
        "13:46",
        "14:46",
        "15:51",
        "16:51",
        "17:51",
        "18:40"
    ],
    "url": "https://www.kanachu.co.jp/dia/diagram/timetable01_js/course:0000802686-15/node:00127097/kt:0/lname:/"
}
