{
    "system": "藤12",
    "busstops": [
        {
            "index": "1",
            "id": "00129948",
            "name": "湘南ライフタウン",
            "lat": "35.375345",
            "lng": "139.433688"
        },
        {
            "index": "2",
            "id": "00129947",
            "name": "滝の沢不動前",
            "lat": "35.372475",
            "lng": "139.4371"
        },
        {
            "index": "3",
            "id": "00129946",
            "name": "滝の沢(藤沢市)",
            "lat": "35.37163",
            "lng": "139.440356"
        },
        {
            "index": "4",
            "id": "00129945",
            "name": "駒寄",
            "lat": "35.370288",
            "lng": "139.443856"
        },
        {
            "index": "5",
            "id": "00129944",
            "name": "二番構保健医療センター",
            "lat": "35.369074",
            "lng": "139.446467"
        },
        {
            "index": "6",
            "id": "00129943",
            "name": "ライフタウン中央(藤沢市)",
            "lat": "35.365673",
            "lng": "139.446549"
        },
        {
            "index": "7",
            "id": "00129942",
            "name": "大庭小学校",
            "lat": "35.363322",
            "lng": "139.44549"
        },
        {
            "index": "8",
            "id": "00129941",
            "name": "小糸",
            "lat": "35.35995",
            "lng": "139.444739"
        },
        {
            "index": "9",
            "id": "00129940",
            "name": "南センター前(藤沢市)",
            "lat": "35.358832",
            "lng": "139.444068"
        },
        {
            "index": "10",
            "id": "00129939",
            "name": "西高校前(藤沢市)",
            "lat": "35.355748",
            "lng": "139.442792"
        },
        {
            "index": "11",
            "id": "00129938",
            "name": "有藤",
            "lat": "35.353684",
            "lng": "139.44359"
        },
        {
            "index": "12",
            "id": "00129937",
            "name": "大庭隧道",
            "lat": "35.348001",
            "lng": "139.447316"
        },
        {
            "index": "13",
            "id": "00129936",
            "name": "城南一丁目",
            "lat": "35.346554",
            "lng": "139.448145"
        },
        {
            "index": "14",
            "id": "00127098",
            "name": "四ツ谷(藤沢市)",
            "lat": "35.346294",
            "lng": "139.450529"
        },
        {
            "index": "15",
            "id": "00127097",
            "name": "辻堂入口",
            "lat": "35.346785",
            "lng": "139.455039"
        },
        {
            "index": "16",
            "id": "00127054",
            "name": "羽鳥(藤沢市)",
            "lat": "35.347252",
            "lng": "139.461438"
        },
        {
            "index": "17",
            "id": "00127053",
            "name": "メルシャン前",
            "lat": "35.346547",
            "lng": "139.463538"
        },
        {
            "index": "18",
            "id": "00127052",
            "name": "引地橋",
            "lat": "35.347519",
            "lng": "139.467788"
        },
        {
            "index": "19",
            "id": "00127051",
            "name": "一中入口(藤沢市)",
            "lat": "35.347202",
            "lng": "139.469854"
        },
        {
            "index": "20",
            "id": "00127050",
            "name": "湘南高校前",
            "lat": "35.346677",
            "lng": "139.4731"
        },
        {
            "index": "21",
            "id": "00127049",
            "name": "台町(藤沢市)",
            "lat": "35.347419",
            "lng": "139.476887"
        },
        {
            "index": "22",
            "id": "00127012",
            "name": "白旗交差点",
            "lat": "35.347414",
            "lng": "139.478581"
        },
        {
            "index": "23",
            "id": "00127109",
            "name": "本町小学校前(藤沢市)",
            "lat": "35.345294",
            "lng": "139.479986"
        },
        {
            "index": "24",
            "id": "00127110",
            "name": "南仲通り二丁目",
            "lat": "35.343964",
            "lng": "139.481279"
        },
        {
            "index": "25",
            "id": "00126973",
            "name": "南仲通り",
            "lat": "35.341886",
            "lng": "139.48157"
        },
        {
            "index": "26",
            "id": "00126972",
            "name": "相生町(藤沢市)",
            "lat": "35.340664",
            "lng": "139.481523"
        },
        {
            "index": "27",
            "id": "00126971",
            "name": "三富士町",
            "lat": "35.339451",
            "lng": "139.484576"
        },
        {
            "index": "28",
            "id": "00126970",
            "name": "藤沢駅北口",
            "lat": "35.339374",
            "lng": "139.488059"
        }
    ],
    "route_url": "https://www.kanachu.co.jp/dia/route/index/cid:0000802686/"
}
