{
    "date": "2024/04/01",
    "name": "上宿通り",
    "position": "-",
    "system": "秦50",
    "destinations": [
        "大道(秦野市)",
        "上大道",
        "宮前(秦野市)",
        "宮上(秦野市)",
        "榎木堂",
        "六反地",
        "田原入口",
        "羽根入口",
        "三屋入口",
        "戸川入口",
        "菩提原",
        "菩提(秦野市)",
        "横野入口"
    ],
    "weekday": [
        "7:12",
        "7:57",
        "8:16",
        "8:32",
        "22:36"
    ],
    "saturday": [],
    "holiday": [],
    "url": "https://www.kanachu.co.jp/dia/diagram/timetable01_js/course:0000800178-3/node:00127717/kt:0/lname:/"
}
