{
    "date": "2024/04/01",
    "name": "榎木堂",
    "position": "-",
    "system": "秦50",
    "destinations": [
        "六反地",
        "田原入口",
        "羽根入口",
        "三屋入口",
        "戸川入口",
        "菩提原",
        "菩提(秦野市)",
        "横野入口"
    ],
    "weekday": [
        "7:18",
        "8:03",
        "8:22",
        "8:37",
        "22:41"
    ],
    "saturday": [],
    "holiday": [],
    "url": "https://www.kanachu.co.jp/dia/diagram/timetable01_js/course:0000800178-8/node:00127880/kt:0/lname:/"
}
