{
    "date": "2026/01/16",
    "name": "白笹稲荷神社入口",
    "position": "-",
    "system": "秦18",
    "destinations": [
        "畑中(秦野市)",
        "南町(秦野市)",
        "出雲大社入口",
        "三協町入口",
        "農協本所前",
        "南中原",
        "白山塚",
        "日立製作所(秦野市)",
        "堀川東",
        "桜土手(秦野市)",
        "堀川小学校前(秦野市)",
        "渋沢駅北口"
    ],
    "weekday": [
        "7:05",
        "8:19",
        "10:30",
        "11:22",
        "14:12",
        "15:05",
        "18:46",
        "19:54"
    ],
    "saturday": [
        "8:36",
        "10:27",
        "17:05",
        "18:41"
    ],
    "holiday": [
        "8:36",
        "10:27",
        "17:05",
        "18:41"
    ],
    "url": "https://www.kanachu.co.jp/dia/diagram/timetable01_js/course:0000804166-6/node:00127932/kt:0/lname:/"
}
