{
    "date": "2026/01/16",
    "name": "中井郵便局前",
    "position": "-",
    "system": "二32",
    "destinations": [
        "五所ノ宮",
        "滝ノ前(足柄上郡中井町)",
        "北田(足柄上郡中井町)",
        "遠藤(足柄上郡中井町)",
        "上小竹",
        "隧道口",
        "坂呂橋",
        "下小竹",
        "下中駐在所前",
        "下中小学校前",
        "上町入口(小田原市)",
        "テクノパーク北",
        "テクノパーク中央",
        "中村原",
        "下原(小田原市)",
        "橘中学校入口(小田原市)",
        "押切(中郡二宮町)",
        "押切坂上",
        "山西(中郡二宮町)",
        "吾妻神社前(中郡二宮町)",
        "梅沢(中郡二宮町)",
        "藤田電機前(中郡二宮町)",
        "二宮駅南口"
    ],
    "weekday": [
        "17:16",
        "17:34",
        "18:04",
        "18:34",
        "19:04",
        "19:34"
    ],
    "saturday": [],
    "holiday": [],
    "url": "https://www.kanachu.co.jp/dia/diagram/timetable01_js/course:0000804216-4/node:00127964/kt:0/lname:/"
}
