{
    "date": "2026/01/16",
    "name": "テクノパーク中央",
    "position": "-",
    "system": "二32",
    "destinations": [
        "中村原",
        "下原(小田原市)",
        "橘中学校入口(小田原市)",
        "押切(中郡二宮町)",
        "押切坂上",
        "山西(中郡二宮町)",
        "吾妻神社前(中郡二宮町)",
        "梅沢(中郡二宮町)",
        "藤田電機前(中郡二宮町)",
        "二宮駅南口"
    ],
    "weekday": [
        "17:28",
        "17:46",
        "18:16",
        "18:46",
        "19:16",
        "19:46"
    ],
    "saturday": [],
    "holiday": [],
    "url": "https://www.kanachu.co.jp/dia/diagram/timetable01_js/course:0000804216-17/node:00130387/kt:0/lname:/"
}
