{
    "date": "2026/01/16",
    "name": "下原(小田原市)",
    "position": "-",
    "system": "二32",
    "destinations": [
        "橘中学校入口(小田原市)",
        "押切(中郡二宮町)",
        "押切坂上",
        "山西(中郡二宮町)",
        "吾妻神社前(中郡二宮町)",
        "梅沢(中郡二宮町)",
        "藤田電機前(中郡二宮町)",
        "二宮駅南口"
    ],
    "weekday": [
        "17:30",
        "17:48",
        "18:18",
        "18:48",
        "19:18",
        "19:48"
    ],
    "saturday": [],
    "holiday": [],
    "url": "https://www.kanachu.co.jp/dia/diagram/timetable01_js/course:0000804216-19/node:00127977/kt:0/lname:/"
}
