{
    "date": "2025/04/01",
    "name": "幸町(相模原市中央区)",
    "position": "-",
    "system": "鶴37",
    "destinations": [
        "淵野辺郵便局前",
        "小学校入口(相模原市中央区)",
        "東町(相模原市中央区)",
        "山王平",
        "根岸橋(相模原市中央区)",
        "根岸(根岸町/町田市)",
        "馬駈",
        "図師大橋",
        "図師",
        "並木(町田市)",
        "神学校(町田市)",
        "野津田車庫",
        "田中入口",
        "袋橋",
        "綾部入口",
        "川島入口(町田市)",
        "大蔵(鶴川郵便局前/町田市)",
        "鶴川市民センター入口",
        "下大蔵",
        "金井入口",
        "上能ヶ谷",
        "鶴川駅西口",
        "鶴川駅"
    ],
    "weekday": [
        "7:15"
    ],
    "saturday": [],
    "holiday": [],
    "url": "https://www.kanachu.co.jp/dia/diagram/timetable01_js/course:0000803465-2/node:00129148/kt:0/lname:/"
}
