{
    "date": "2025/05/11",
    "name": "日野小学校前(横浜市港南区)",
    "position": "-",
    "system": "港61",
    "destinations": [
        "日野中央公園入口",
        "日野公園墓地入口",
        "新吉原橋",
        "吉原(横浜市港南区)",
        "港南区総合庁舎前",
        "笹下港南中央通り",
        "関の下",
        "上大岡駅",
        "最戸橋",
        "越戸橋(横浜市港南区)",
        "向田橋",
        "南小学校前(横浜市南区)",
        "弘明寺",
        "通町三丁目",
        "通町一丁目",
        "蒔田駅前",
        "宮元町一丁目",
        "お三の宮",
        "吉野町駅前",
        "吉野町一丁目",
        "阪東橋",
        "横浜橋",
        "曙町(横浜市中区)",
        "長者町五丁目",
        "羽衣町(横浜市中区)",
        "尾上町(横浜市中区)",
        "本町四丁目(横浜市中区)",
        "横浜市役所前",
        "桜木町駅前",
        "紅葉坂",
        "雪見橋",
        "花咲橋",
        "高島町",
        "横浜駅改札口前",
        "横浜駅東口"
    ],
    "weekday": [
        "5:29",
        "7:54",
        "9:51",
        "11:19",
        "13:14",
        "15:19",
        "17:02",
        "19:22"
    ],
    "saturday": [
        "7:44",
        "9:22",
        "11:37",
        "13:28",
        "15:28",
        "16:53"
    ],
    "holiday": [
        "7:44",
        "9:22",
        "11:37",
        "13:28",
        "15:28",
        "16:53"
    ],
    "url": "https://www.kanachu.co.jp/dia/diagram/timetable01_js/course:0000800372-5/node:00102955/kt:0/lname:/"
}
