{
    "date": "2025/05/11",
    "name": "港南区総合庁舎前",
    "position": "-",
    "system": "港61",
    "destinations": [
        "笹下港南中央通り",
        "関の下",
        "上大岡駅",
        "最戸橋",
        "越戸橋(横浜市港南区)",
        "向田橋",
        "南小学校前(横浜市南区)",
        "弘明寺",
        "通町三丁目",
        "通町一丁目",
        "蒔田駅前",
        "宮元町一丁目",
        "お三の宮",
        "吉野町駅前",
        "吉野町一丁目",
        "阪東橋",
        "横浜橋",
        "曙町(横浜市中区)",
        "長者町五丁目",
        "羽衣町(横浜市中区)",
        "尾上町(横浜市中区)",
        "本町四丁目(横浜市中区)",
        "横浜市役所前",
        "桜木町駅前",
        "紅葉坂",
        "雪見橋",
        "花咲橋",
        "高島町",
        "横浜駅改札口前",
        "横浜駅東口"
    ],
    "weekday": [
        "5:34",
        "8:00",
        "9:57",
        "11:25",
        "13:20",
        "15:25",
        "17:08",
        "19:28"
    ],
    "saturday": [
        "7:49",
        "9:27",
        "11:43",
        "13:34",
        "15:34",
        "16:59"
    ],
    "holiday": [
        "7:49",
        "9:27",
        "11:43",
        "13:34",
        "15:34",
        "16:59"
    ],
    "url": "https://www.kanachu.co.jp/dia/diagram/timetable01_js/course:0000800372-10/node:00102499/kt:0/lname:/"
}
