{
    "date": "2025/05/11",
    "name": "越戸橋(横浜市港南区)",
    "position": "-",
    "system": "港61",
    "destinations": [
        "向田橋",
        "南小学校前(横浜市南区)",
        "弘明寺",
        "通町三丁目",
        "通町一丁目",
        "蒔田駅前",
        "宮元町一丁目",
        "お三の宮",
        "吉野町駅前",
        "吉野町一丁目",
        "阪東橋",
        "横浜橋",
        "曙町(横浜市中区)",
        "長者町五丁目",
        "羽衣町(横浜市中区)",
        "尾上町(横浜市中区)",
        "本町四丁目(横浜市中区)",
        "横浜市役所前",
        "桜木町駅前",
        "紅葉坂",
        "雪見橋",
        "花咲橋",
        "高島町",
        "横浜駅改札口前",
        "横浜駅東口"
    ],
    "weekday": [
        "5:41",
        "8:10",
        "10:07",
        "11:35",
        "13:30",
        "15:35",
        "17:18",
        "19:35"
    ],
    "saturday": [
        "7:58",
        "9:36",
        "11:52",
        "13:43",
        "15:43",
        "17:08"
    ],
    "holiday": [
        "7:58",
        "9:36",
        "11:52",
        "13:43",
        "15:43",
        "17:08"
    ],
    "url": "https://www.kanachu.co.jp/dia/diagram/timetable01_js/course:0000800372-15/node:00102507/kt:0/lname:/"
}
