{
    "date": "2025/05/11",
    "name": "南小学校前(横浜市南区)",
    "position": "-",
    "system": "港61",
    "destinations": [
        "弘明寺",
        "通町三丁目",
        "通町一丁目",
        "蒔田駅前",
        "宮元町一丁目",
        "お三の宮",
        "吉野町駅前",
        "吉野町一丁目",
        "阪東橋",
        "横浜橋",
        "曙町(横浜市中区)",
        "長者町五丁目",
        "羽衣町(横浜市中区)",
        "尾上町(横浜市中区)",
        "本町四丁目(横浜市中区)",
        "横浜市役所前",
        "桜木町駅前",
        "紅葉坂",
        "雪見橋",
        "花咲橋",
        "高島町",
        "横浜駅改札口前",
        "横浜駅東口"
    ],
    "weekday": [
        "5:43",
        "8:12",
        "10:09",
        "11:37",
        "13:32",
        "15:37",
        "17:20",
        "19:37"
    ],
    "saturday": [
        "8:00",
        "9:38",
        "11:54",
        "13:45",
        "15:45",
        "17:10"
    ],
    "holiday": [
        "8:00",
        "9:38",
        "11:54",
        "13:45",
        "15:45",
        "17:10"
    ],
    "url": "https://www.kanachu.co.jp/dia/diagram/timetable01_js/course:0000800372-17/node:00103127/kt:0/lname:/"
}
