{
    "date": "2025/05/11",
    "name": "宮元町一丁目",
    "position": "-",
    "system": "港61",
    "destinations": [
        "お三の宮",
        "吉野町駅前",
        "吉野町一丁目",
        "阪東橋",
        "横浜橋",
        "曙町(横浜市中区)",
        "長者町五丁目",
        "羽衣町(横浜市中区)",
        "尾上町(横浜市中区)",
        "本町四丁目(横浜市中区)",
        "横浜市役所前",
        "桜木町駅前",
        "紅葉坂",
        "雪見橋",
        "花咲橋",
        "高島町",
        "横浜駅改札口前",
        "横浜駅東口"
    ],
    "weekday": [
        "5:49",
        "8:20",
        "10:17",
        "11:45",
        "13:40",
        "15:45",
        "17:28",
        "19:45"
    ],
    "saturday": [
        "8:07",
        "9:46",
        "12:02",
        "13:53",
        "15:53",
        "17:18"
    ],
    "holiday": [
        "8:07",
        "9:46",
        "12:02",
        "13:53",
        "15:53",
        "17:18"
    ],
    "url": "https://www.kanachu.co.jp/dia/diagram/timetable01_js/course:0000800372-22/node:00103139/kt:0/lname:/"
}
