{
    "date": "2025/05/11",
    "name": "阪東橋",
    "position": "-",
    "system": "港61",
    "destinations": [
        "横浜橋",
        "曙町(横浜市中区)",
        "長者町五丁目",
        "羽衣町(横浜市中区)",
        "尾上町(横浜市中区)",
        "本町四丁目(横浜市中区)",
        "横浜市役所前",
        "桜木町駅前",
        "紅葉坂",
        "雪見橋",
        "花咲橋",
        "高島町",
        "横浜駅改札口前",
        "横浜駅東口"
    ],
    "weekday": [
        "5:53",
        "8:26",
        "10:23",
        "11:51",
        "13:46",
        "15:51",
        "17:34",
        "19:51"
    ],
    "saturday": [
        "8:13",
        "9:52",
        "12:08",
        "13:59",
        "15:59",
        "17:24"
    ],
    "holiday": [
        "8:13",
        "9:52",
        "12:08",
        "13:59",
        "15:59",
        "17:24"
    ],
    "url": "https://www.kanachu.co.jp/dia/diagram/timetable01_js/course:0000800372-26/node:00102928/kt:0/lname:/"
}
