{
    "date": "2025/05/11",
    "name": "本町四丁目(横浜市中区)",
    "position": "-",
    "system": "港61",
    "destinations": [
        "横浜市役所前",
        "桜木町駅前",
        "紅葉坂",
        "雪見橋",
        "花咲橋",
        "高島町",
        "横浜駅改札口前",
        "横浜駅東口"
    ],
    "weekday": [
        "5:59",
        "8:33",
        "10:29",
        "11:57",
        "13:52",
        "15:57",
        "17:40",
        "19:57"
    ],
    "saturday": [
        "8:20",
        "9:59",
        "12:16",
        "14:07",
        "16:07",
        "17:32"
    ],
    "holiday": [
        "8:20",
        "9:59",
        "12:16",
        "14:07",
        "16:07",
        "17:32"
    ],
    "url": "https://www.kanachu.co.jp/dia/diagram/timetable01_js/course:0000800372-32/node:00103058/kt:0/lname:/"
}
