{
    "date": "2025/05/11",
    "name": "桜木町駅前",
    "position": "-",
    "system": "港61",
    "destinations": [
        "紅葉坂",
        "雪見橋",
        "花咲橋",
        "高島町",
        "横浜駅改札口前",
        "横浜駅東口"
    ],
    "weekday": [
        "6:03",
        "8:37",
        "10:33",
        "12:01",
        "13:56",
        "16:01",
        "17:44",
        "20:01"
    ],
    "saturday": [
        "8:24",
        "10:03",
        "12:20",
        "14:11",
        "16:11",
        "17:36"
    ],
    "holiday": [
        "8:24",
        "10:03",
        "12:20",
        "14:11",
        "16:11",
        "17:36"
    ],
    "url": "https://www.kanachu.co.jp/dia/diagram/timetable01_js/course:0000800372-34/node:00102541/kt:0/lname:/"
}
