{
    "date": "2025/05/11",
    "name": "花咲橋",
    "position": "-",
    "system": "港61",
    "destinations": [
        "高島町",
        "横浜駅改札口前",
        "横浜駅東口"
    ],
    "weekday": [
        "6:06",
        "8:42",
        "10:38",
        "12:06",
        "14:01",
        "16:06",
        "17:49",
        "20:04"
    ],
    "saturday": [
        "8:29",
        "10:08",
        "12:25",
        "14:16",
        "16:16",
        "17:41"
    ],
    "holiday": [
        "8:29",
        "10:08",
        "12:25",
        "14:16",
        "16:16",
        "17:41"
    ],
    "url": "https://www.kanachu.co.jp/dia/diagram/timetable01_js/course:0000800372-37/node:00102923/kt:0/lname:/"
}
