{
    "date": "2025/07/27",
    "name": "中里(中郡二宮町)",
    "position": "-",
    "system": "二39",
    "destinations": [
        "中島(中郡二宮町)",
        "堂面(中郡二宮町)",
        "元町(中郡二宮町)",
        "二宮駅北口"
    ],
    "weekday": [
        "15:38",
        "15:47",
        "16:07"
    ],
    "saturday": [],
    "holiday": [],
    "url": "https://www.kanachu.co.jp/dia/diagram/timetable01_js/course:0000802618-10/node:00127788/kt:0/lname:/"
}
