{
    "date": "2024/04/01",
    "name": "横浜ゴム前",
    "position": "-",
    "system": "平34",
    "destinations": [
        "立野町(平塚市)",
        "追分(平塚市)",
        "江南高校前",
        "向原(平塚市)",
        "南原(平塚市)",
        "南原土手",
        "纒入口",
        "川井(平塚市)",
        "纒公民館前",
        "河内富士見",
        "堀の内(平塚市)",
        "公所(平塚市)",
        "長久保(平塚市)",
        "中沢橋",
        "松岩寺"
    ],
    "weekday": [
        "9:45",
        "10:45",
        "11:45",
        "12:45",
        "13:45",
        "14:45",
        "15:40",
        "16:38",
        "17:18",
        "18:18",
        "21:13"
    ],
    "saturday": [
        "9:33"
    ],
    "holiday": [
        "9:33"
    ],
    "url": "https://www.kanachu.co.jp/dia/diagram/timetable01_js/course:0000801058-4/node:00127554/kt:0/lname:/"
}
