{
    "date": "2024/04/01",
    "name": "南原土手",
    "position": "-",
    "system": "平34",
    "destinations": [
        "纒入口",
        "川井(平塚市)",
        "纒公民館前",
        "河内富士見",
        "堀の内(平塚市)",
        "公所(平塚市)",
        "長久保(平塚市)",
        "中沢橋",
        "松岩寺"
    ],
    "weekday": [
        "9:52",
        "10:52",
        "11:52",
        "12:52",
        "13:52",
        "14:52",
        "15:47",
        "16:47",
        "17:27",
        "18:27",
        "21:21"
    ],
    "saturday": [
        "9:40"
    ],
    "holiday": [
        "9:40"
    ],
    "url": "https://www.kanachu.co.jp/dia/diagram/timetable01_js/course:0000801058-10/node:00127560/kt:0/lname:/"
}
