{
    "date": "2024/04/01",
    "name": "纒公民館前",
    "position": "-",
    "system": "平34",
    "destinations": [
        "河内富士見",
        "堀の内(平塚市)",
        "公所(平塚市)",
        "長久保(平塚市)",
        "中沢橋",
        "松岩寺"
    ],
    "weekday": [
        "9:56",
        "10:56",
        "11:56",
        "12:56",
        "13:56",
        "14:56",
        "15:51",
        "16:51",
        "17:31",
        "18:31",
        "21:25"
    ],
    "saturday": [
        "9:44"
    ],
    "holiday": [
        "9:44"
    ],
    "url": "https://www.kanachu.co.jp/dia/diagram/timetable01_js/course:0000801058-13/node:00127743/kt:0/lname:/"
}
