{
    "date": "2024/04/01",
    "name": "河内富士見",
    "position": "-",
    "system": "平34",
    "destinations": [
        "堀の内(平塚市)",
        "公所(平塚市)",
        "長久保(平塚市)",
        "中沢橋",
        "松岩寺"
    ],
    "weekday": [
        "9:57",
        "10:57",
        "11:57",
        "12:57",
        "13:57",
        "14:57",
        "15:52",
        "16:52",
        "17:32",
        "18:32",
        "21:26"
    ],
    "saturday": [
        "9:45"
    ],
    "holiday": [
        "9:45"
    ],
    "url": "https://www.kanachu.co.jp/dia/diagram/timetable01_js/course:0000801058-14/node:00127744/kt:0/lname:/"
}
