{
    "date": "2024/04/01",
    "name": "堀の内(平塚市)",
    "position": "-",
    "system": "平34",
    "destinations": [
        "公所(平塚市)",
        "長久保(平塚市)",
        "中沢橋",
        "松岩寺"
    ],
    "weekday": [
        "9:58",
        "10:58",
        "11:58",
        "12:58",
        "13:58",
        "14:58",
        "15:53",
        "16:54",
        "17:34",
        "18:34",
        "21:27"
    ],
    "saturday": [
        "9:46"
    ],
    "holiday": [
        "9:46"
    ],
    "url": "https://www.kanachu.co.jp/dia/diagram/timetable01_js/course:0000801058-15/node:00127566/kt:0/lname:/"
}
