{
    "system": "平34",
    "busstops": [
        {
            "index": "1",
            "id": "00127464",
            "name": "平塚駅北口",
            "lat": "35.329426",
            "lng": "139.350252"
        },
        {
            "index": "2",
            "id": "00127190",
            "name": "四ツ角(平塚市)",
            "lat": "35.330828",
            "lng": "139.350049"
        },
        {
            "index": "3",
            "id": "00127553",
            "name": "市役所前(ゴム前/平塚市)",
            "lat": "35.333286",
            "lng": "139.347605"
        },
        {
            "index": "4",
            "id": "00127554",
            "name": "横浜ゴム前",
            "lat": "35.334945",
            "lng": "139.344682"
        },
        {
            "index": "5",
            "id": "00127555",
            "name": "立野町(平塚市)",
            "lat": "35.335611",
            "lng": "139.341704"
        },
        {
            "index": "6",
            "id": "00127556",
            "name": "追分(平塚市)",
            "lat": "35.336162",
            "lng": "139.338963"
        },
        {
            "index": "7",
            "id": "00127557",
            "name": "江南高校前",
            "lat": "35.337222",
            "lng": "139.33376"
        },
        {
            "index": "8",
            "id": "00127558",
            "name": "向原(平塚市)",
            "lat": "35.338036",
            "lng": "139.330718"
        },
        {
            "index": "9",
            "id": "00127559",
            "name": "南原(平塚市)",
            "lat": "35.338833",
            "lng": "139.328854"
        },
        {
            "index": "10",
            "id": "00127560",
            "name": "南原土手",
            "lat": "35.339983",
            "lng": "139.323446"
        },
        {
            "index": "11",
            "id": "00127741",
            "name": "纒入口",
            "lat": "35.341589",
            "lng": "139.320418"
        },
        {
            "index": "12",
            "id": "00127742",
            "name": "川井(平塚市)",
            "lat": "35.342523",
            "lng": "139.317412"
        },
        {
            "index": "13",
            "id": "00127743",
            "name": "纒公民館前",
            "lat": "35.344082",
            "lng": "139.311007"
        },
        {
            "index": "14",
            "id": "00127744",
            "name": "河内富士見",
            "lat": "35.344094",
            "lng": "139.308678"
        },
        {
            "index": "15",
            "id": "00127566",
            "name": "堀の内(平塚市)",
            "lat": "35.345409",
            "lng": "139.303998"
        },
        {
            "index": "16",
            "id": "00127567",
            "name": "公所(平塚市)",
            "lat": "35.34607",
            "lng": "139.300852"
        },
        {
            "index": "17",
            "id": "00127568",
            "name": "長久保(平塚市)",
            "lat": "35.344409",
            "lng": "139.298062"
        },
        {
            "index": "18",
            "id": "00127569",
            "name": "中沢橋",
            "lat": "35.342464",
            "lng": "139.294347"
        },
        {
            "index": "19",
            "id": "00127552",
            "name": "松岩寺",
            "lat": "35.338293",
            "lng": "139.292757"
        }
    ],
    "route_url": "https://www.kanachu.co.jp/dia/route/index/cid:0000801058/"
}
