{
    "date": "2023/10/01",
    "name": "つる舞の里歴史資料館",
    "position": "-",
    "system": "",
    "destinations": [
        "つきみ野駅",
        "つきみ野メディカルセンター",
        "上村(大和市)",
        "下村",
        "二津屋",
        "城山(大和市)",
        "山谷(大和市)",
        "つきみ野2丁目南",
        "つきみ野1丁目",
        "代官山",
        "南林間駅東口",
        "鶴間中前",
        "鶴間駅東口",
        "鶴間二丁目",
        "オークシティ南",
        "市役所(大和市)"
    ],
    "weekday": [
        "7:13",
        "8:53",
        "10:38",
        "12:18",
        "14:03",
        "15:43",
        "17:28"
    ],
    "saturday": [
        "7:13",
        "8:53",
        "10:48",
        "12:33",
        "14:28",
        "16:13"
    ],
    "holiday": [
        "7:13",
        "8:53",
        "10:48",
        "12:33",
        "14:28",
        "16:13"
    ],
    "url": "https://www.kanachu.co.jp/dia/diagram/timetable01_js/course:0000803402-7/node:00130439/kt:0/lname:/"
}
