{
    "date": "2023/10/01",
    "name": "つきみ野メディカルセンター",
    "position": "-",
    "system": "",
    "destinations": [
        "上村(大和市)",
        "下村",
        "二津屋",
        "城山(大和市)",
        "山谷(大和市)",
        "つきみ野2丁目南",
        "つきみ野1丁目",
        "代官山",
        "南林間駅東口",
        "鶴間中前",
        "鶴間駅東口",
        "鶴間二丁目",
        "オークシティ南",
        "市役所(大和市)"
    ],
    "weekday": [
        "7:18",
        "8:58",
        "10:43",
        "12:23",
        "14:08",
        "15:48",
        "17:33"
    ],
    "saturday": [
        "7:18",
        "8:58",
        "10:53",
        "12:38",
        "14:33",
        "16:18"
    ],
    "holiday": [
        "7:18",
        "8:58",
        "10:53",
        "12:38",
        "14:33",
        "16:18"
    ],
    "url": "https://www.kanachu.co.jp/dia/diagram/timetable01_js/course:0000803402-9/node:00130461/kt:0/lname:/"
}
