{
    "date": "2025/08/30",
    "name": "樹源寺前",
    "position": "-",
    "system": "横17",
    "destinations": [
        "元町橋交番前",
        "権太坂",
        "権太坂上",
        "児童遊園地入口",
        "狩場町",
        "平和台",
        "山谷(横浜市戸塚区)",
        "坂下口",
        "国道平戸",
        "品濃口",
        "坂下(横浜市戸塚区)",
        "品濃町(横浜市戸塚区)",
        "東戸塚駅東口"
    ],
    "weekday": [
        "7:19",
        "7:34",
        "7:51",
        "8:17",
        "8:32",
        "8:47",
        "9:02",
        "9:17",
        "9:37",
        "9:57",
        "10:17",
        "10:36",
        "10:56",
        "11:16",
        "11:36",
        "11:56",
        "12:16",
        "12:36",
        "12:56",
        "13:16",
        "13:36",
        "13:56",
        "14:16",
        "14:36",
        "14:56",
        "15:16",
        "15:36",
        "15:56",
        "16:16",
        "16:36",
        "16:56",
        "17:16",
        "17:36",
        "17:56",
        "18:16",
        "18:36",
        "18:56",
        "19:15",
        "19:33",
        "19:49",
        "20:03",
        "20:23",
        "20:42",
        "20:54",
        "21:24",
        "21:59",
        "22:34",
        "22:56"
    ],
    "saturday": [
        "7:07",
        "7:35",
        "8:06",
        "8:28",
        "8:48",
        "9:08",
        "9:28",
        "9:48",
        "10:09",
        "10:32",
        "10:52",
        "11:14",
        "11:36",
        "11:56",
        "12:16",
        "12:36",
        "12:56",
        "13:16",
        "13:36",
        "13:56",
        "14:16",
        "14:36",
        "14:56",
        "15:16",
        "15:36",
        "15:56",
        "16:16",
        "16:36",
        "16:56",
        "17:16",
        "17:36",
        "17:56",
        "18:16",
        "18:36",
        "18:56",
        "19:15",
        "19:33",
        "19:48",
        "20:03",
        "20:19",
        "20:38",
        "21:00",
        "21:21",
        "21:53",
        "22:28"
    ],
    "holiday": [
        "7:07",
        "7:35",
        "8:06",
        "8:28",
        "8:48",
        "9:08",
        "9:28",
        "9:48",
        "10:09",
        "10:32",
        "10:52",
        "11:14",
        "11:36",
        "11:56",
        "12:16",
        "12:36",
        "12:56",
        "13:16",
        "13:36",
        "13:56",
        "14:16",
        "14:36",
        "14:56",
        "15:16",
        "15:36",
        "15:56",
        "16:16",
        "16:36",
        "16:56",
        "17:16",
        "17:36",
        "17:56",
        "18:16",
        "18:36",
        "18:56",
        "19:15",
        "19:33",
        "19:48",
        "20:03",
        "20:19",
        "20:38",
        "21:00",
        "21:21",
        "21:53",
        "22:28"
    ],
    "url": "https://www.kanachu.co.jp/dia/diagram/timetable01_js/course:0000803834-16/node:00102603/kt:0/lname:/"
}
