{
    "date": "2025/08/30",
    "name": "権太坂",
    "position": "-",
    "system": "横17",
    "destinations": [
        "権太坂上",
        "児童遊園地入口",
        "狩場町",
        "平和台",
        "山谷(横浜市戸塚区)",
        "坂下口",
        "国道平戸",
        "品濃口",
        "坂下(横浜市戸塚区)",
        "品濃町(横浜市戸塚区)",
        "東戸塚駅東口"
    ],
    "weekday": [
        "7:23",
        "7:38",
        "7:55",
        "8:21",
        "8:36",
        "8:51",
        "9:06",
        "9:21",
        "9:41",
        "10:01",
        "10:21",
        "10:40",
        "11:00",
        "11:20",
        "11:40",
        "12:00",
        "12:20",
        "12:40",
        "13:00",
        "13:20",
        "13:40",
        "14:00",
        "14:20",
        "14:40",
        "15:00",
        "15:20",
        "15:40",
        "16:00",
        "16:20",
        "16:40",
        "17:00",
        "17:20",
        "17:40",
        "18:00",
        "18:20",
        "18:40",
        "19:00",
        "19:18",
        "19:36",
        "19:52",
        "20:06",
        "20:26",
        "20:45",
        "20:57",
        "21:27",
        "22:02",
        "22:37",
        "22:59"
    ],
    "saturday": [
        "7:09",
        "7:37",
        "8:09",
        "8:31",
        "8:51",
        "9:11",
        "9:31",
        "9:51",
        "10:13",
        "10:36",
        "10:56",
        "11:18",
        "11:40",
        "12:00",
        "12:20",
        "12:40",
        "13:00",
        "13:20",
        "13:40",
        "14:00",
        "14:20",
        "14:40",
        "15:00",
        "15:20",
        "15:40",
        "16:00",
        "16:20",
        "16:40",
        "17:00",
        "17:20",
        "17:40",
        "18:00",
        "18:20",
        "18:40",
        "19:00",
        "19:18",
        "19:36",
        "19:51",
        "20:06",
        "20:22",
        "20:41",
        "21:03",
        "21:24",
        "21:56",
        "22:31"
    ],
    "holiday": [
        "7:09",
        "7:37",
        "8:09",
        "8:31",
        "8:51",
        "9:11",
        "9:31",
        "9:51",
        "10:13",
        "10:36",
        "10:56",
        "11:18",
        "11:40",
        "12:00",
        "12:20",
        "12:40",
        "13:00",
        "13:20",
        "13:40",
        "14:00",
        "14:20",
        "14:40",
        "15:00",
        "15:20",
        "15:40",
        "16:00",
        "16:20",
        "16:40",
        "17:00",
        "17:20",
        "17:40",
        "18:00",
        "18:20",
        "18:40",
        "19:00",
        "19:18",
        "19:36",
        "19:51",
        "20:06",
        "20:22",
        "20:41",
        "21:03",
        "21:24",
        "21:56",
        "22:31"
    ],
    "url": "https://www.kanachu.co.jp/dia/diagram/timetable01_js/course:0000803834-18/node:00102508/kt:0/lname:/"
}
