{
    "date": "2025/08/30",
    "name": "児童遊園地入口",
    "position": "-",
    "system": "横17",
    "destinations": [
        "狩場町",
        "平和台",
        "山谷(横浜市戸塚区)",
        "坂下口",
        "国道平戸",
        "品濃口",
        "坂下(横浜市戸塚区)",
        "品濃町(横浜市戸塚区)",
        "東戸塚駅東口"
    ],
    "weekday": [
        "7:26",
        "7:41",
        "7:58",
        "8:24",
        "8:39",
        "8:54",
        "9:09",
        "9:24",
        "9:44",
        "10:04",
        "10:24",
        "10:43",
        "11:03",
        "11:23",
        "11:43",
        "12:03",
        "12:23",
        "12:43",
        "13:03",
        "13:23",
        "13:43",
        "14:03",
        "14:23",
        "14:43",
        "15:03",
        "15:23",
        "15:43",
        "16:03",
        "16:23",
        "16:43",
        "17:03",
        "17:23",
        "17:43",
        "18:03",
        "18:23",
        "18:43",
        "19:03",
        "19:20",
        "19:38",
        "19:54",
        "20:08",
        "20:28",
        "20:47",
        "20:59",
        "21:29",
        "22:04",
        "22:39",
        "23:01"
    ],
    "saturday": [
        "7:11",
        "7:39",
        "8:11",
        "8:33",
        "8:53",
        "9:13",
        "9:33",
        "9:53",
        "10:16",
        "10:39",
        "10:59",
        "11:21",
        "11:43",
        "12:03",
        "12:23",
        "12:43",
        "13:03",
        "13:23",
        "13:43",
        "14:03",
        "14:23",
        "14:43",
        "15:03",
        "15:23",
        "15:43",
        "16:03",
        "16:23",
        "16:43",
        "17:03",
        "17:23",
        "17:43",
        "18:03",
        "18:23",
        "18:43",
        "19:03",
        "19:20",
        "19:38",
        "19:53",
        "20:08",
        "20:24",
        "20:43",
        "21:05",
        "21:26",
        "21:58",
        "22:33"
    ],
    "holiday": [
        "7:11",
        "7:39",
        "8:11",
        "8:33",
        "8:53",
        "9:13",
        "9:33",
        "9:53",
        "10:16",
        "10:39",
        "10:59",
        "11:21",
        "11:43",
        "12:03",
        "12:23",
        "12:43",
        "13:03",
        "13:23",
        "13:43",
        "14:03",
        "14:23",
        "14:43",
        "15:03",
        "15:23",
        "15:43",
        "16:03",
        "16:23",
        "16:43",
        "17:03",
        "17:23",
        "17:43",
        "18:03",
        "18:23",
        "18:43",
        "19:03",
        "19:20",
        "19:38",
        "19:53",
        "20:08",
        "20:24",
        "20:43",
        "21:05",
        "21:26",
        "21:58",
        "22:33"
    ],
    "url": "https://www.kanachu.co.jp/dia/diagram/timetable01_js/course:0000803834-20/node:00102575/kt:0/lname:/"
}
