{
    "date": "2025/08/30",
    "name": "平和台",
    "position": "-",
    "system": "横17",
    "destinations": [
        "山谷(横浜市戸塚区)",
        "坂下口",
        "国道平戸",
        "品濃口",
        "坂下(横浜市戸塚区)",
        "品濃町(横浜市戸塚区)",
        "東戸塚駅東口"
    ],
    "weekday": [
        "7:29",
        "7:44",
        "8:01",
        "8:27",
        "8:42",
        "8:57",
        "9:12",
        "9:27",
        "9:47",
        "10:07",
        "10:27",
        "10:46",
        "11:06",
        "11:26",
        "11:46",
        "12:06",
        "12:26",
        "12:46",
        "13:06",
        "13:26",
        "13:46",
        "14:06",
        "14:26",
        "14:46",
        "15:06",
        "15:26",
        "15:46",
        "16:06",
        "16:26",
        "16:46",
        "17:06",
        "17:26",
        "17:46",
        "18:06",
        "18:26",
        "18:46",
        "19:05",
        "19:22",
        "19:40",
        "19:56",
        "20:10",
        "20:30",
        "20:49",
        "21:01",
        "21:31",
        "22:06",
        "22:41",
        "23:03"
    ],
    "saturday": [
        "7:13",
        "7:41",
        "8:14",
        "8:36",
        "8:56",
        "9:16",
        "9:36",
        "9:56",
        "10:19",
        "10:42",
        "11:02",
        "11:24",
        "11:46",
        "12:06",
        "12:26",
        "12:46",
        "13:06",
        "13:26",
        "13:46",
        "14:06",
        "14:26",
        "14:46",
        "15:06",
        "15:26",
        "15:46",
        "16:06",
        "16:26",
        "16:46",
        "17:06",
        "17:26",
        "17:46",
        "18:06",
        "18:26",
        "18:46",
        "19:05",
        "19:22",
        "19:40",
        "19:55",
        "20:10",
        "20:26",
        "20:45",
        "21:07",
        "21:28",
        "22:00",
        "22:35"
    ],
    "holiday": [
        "7:13",
        "7:41",
        "8:14",
        "8:36",
        "8:56",
        "9:16",
        "9:36",
        "9:56",
        "10:19",
        "10:42",
        "11:02",
        "11:24",
        "11:46",
        "12:06",
        "12:26",
        "12:46",
        "13:06",
        "13:26",
        "13:46",
        "14:06",
        "14:26",
        "14:46",
        "15:06",
        "15:26",
        "15:46",
        "16:06",
        "16:26",
        "16:46",
        "17:06",
        "17:26",
        "17:46",
        "18:06",
        "18:26",
        "18:46",
        "19:05",
        "19:22",
        "19:40",
        "19:55",
        "20:10",
        "20:26",
        "20:45",
        "21:07",
        "21:28",
        "22:00",
        "22:35"
    ],
    "url": "https://www.kanachu.co.jp/dia/diagram/timetable01_js/course:0000803834-22/node:00126621/kt:0/lname:/"
}
