{
    "date": "2025/05/11",
    "name": "大道小学校前",
    "position": "-",
    "system": "金28",
    "destinations": [
        "六浦",
        "上行寺",
        "六浦橋",
        "金沢八景",
        "金沢八景駅"
    ],
    "weekday": [
        "6:09",
        "6:23"
    ],
    "saturday": [
        "6:19"
    ],
    "holiday": [
        "6:19"
    ],
    "url": "https://www.kanachu.co.jp/dia/diagram/timetable01_js/course:0000802825-17/node:00113600/kt:0/lname:/"
}
