{
    "date": "2024/09/02",
    "name": "日の森",
    "position": "-",
    "system": "戸18",
    "destinations": [
        "上矢部",
        "上矢部インター",
        "富士橋",
        "不動坂(横浜市戸塚区)",
        "ブリヂストン前",
        "元町(横浜市戸塚区)",
        "戸塚駅西口",
        "戸塚バスセンター"
    ],
    "weekday": [
        "7:04",
        "7:23"
    ],
    "saturday": [
        "6:54"
    ],
    "holiday": [],
    "url": "https://www.kanachu.co.jp/dia/diagram/timetable01_js/course:0000803567-2/node:00126671/kt:0/lname:/"
}
