{
    "date": "2024/04/01",
    "name": "熊野神社前(平塚市)",
    "position": "-",
    "system": "平20",
    "destinations": [
        "長持根下",
        "成願寺(平塚市)",
        "入野前田",
        "金田公民館"
    ],
    "weekday": [
        "7:10",
        "7:39",
        "19:34",
        "20:04",
        "21:02",
        "22:06"
    ],
    "saturday": [
        "7:44",
        "8:44",
        "18:59",
        "19:59"
    ],
    "holiday": [
        "7:44",
        "8:44",
        "18:59",
        "19:59"
    ],
    "url": "https://www.kanachu.co.jp/dia/diagram/timetable01_js/course:0000800756-14/node:00127701/kt:0/lname:/"
}
