{
    "date": "2024/09/26",
    "name": "湘北短期大学前",
    "position": "-",
    "system": "厚10",
    "destinations": [
        "東京農業大学"
    ],
    "weekday": [
        "7:23",
        "7:45",
        "8:05",
        "8:15",
        "8:27",
        "8:37",
        "8:47",
        "8:57",
        "9:07",
        "9:14",
        "9:24",
        "9:34",
        "9:44",
        "9:54",
        "10:04",
        "10:24",
        "10:44",
        "11:04",
        "11:24",
        "11:44",
        "12:04",
        "12:24",
        "12:44",
        "13:04",
        "13:24",
        "13:44",
        "14:04",
        "14:24",
        "14:44",
        "15:04",
        "15:24",
        "15:44",
        "16:04",
        "16:25",
        "17:05",
        "17:40",
        "18:20",
        "19:05",
        "19:23",
        "20:03",
        "20:43"
    ],
    "saturday": [
        "7:22",
        "8:08",
        "8:48",
        "9:23",
        "9:43",
        "10:03",
        "10:23",
        "10:43",
        "11:23",
        "12:03",
        "12:43",
        "13:23",
        "14:03",
        "14:43",
        "15:23",
        "16:03",
        "16:43",
        "17:43",
        "18:03",
        "18:43",
        "19:32",
        "20:42"
    ],
    "holiday": [
        "7:22",
        "8:08",
        "8:48",
        "9:23",
        "9:43",
        "10:03",
        "10:23",
        "10:43",
        "11:23",
        "12:03",
        "12:43",
        "13:23",
        "14:03",
        "14:43",
        "15:23",
        "16:03",
        "16:43",
        "17:43",
        "18:03",
        "18:43",
        "19:32",
        "20:42"
    ],
    "url": "https://www.kanachu.co.jp/dia/diagram/timetable01_js/course:0000801694-7/node:00128698/kt:0/lname:/"
}
