{
    "system": "厚109",
    "busstops": [
        {
            "index": "1",
            "id": "00128637",
            "name": "本厚木駅南口",
            "lat": "35.438846",
            "lng": "139.364999"
        },
        {
            "index": "2",
            "id": "00128500",
            "name": "旭町一丁目(厚木市)",
            "lat": "35.436409",
            "lng": "139.362974"
        },
        {
            "index": "3",
            "id": "00128501",
            "name": "厚木市文化会館前",
            "lat": "35.435501",
            "lng": "139.354709"
        },
        {
            "index": "4",
            "id": "00128502",
            "name": "恩名下",
            "lat": "35.435606",
            "lng": "139.352858"
        },
        {
            "index": "5",
            "id": "00128503",
            "name": "赤羽根入口",
            "lat": "35.433265",
            "lng": "139.352564"
        },
        {
            "index": "6",
            "id": "00128681",
            "name": "赤羽根中央",
            "lat": "35.435419",
            "lng": "139.349571"
        },
        {
            "index": "7",
            "id": "00128698",
            "name": "湘北短期大学前",
            "lat": "35.434892",
            "lng": "139.347806"
        },
        {
            "index": "8",
            "id": "00127699",
            "name": "東京農業大学",
            "lat": "35.432828",
            "lng": "139.344545"
        }
    ],
    "route_url": "https://www.kanachu.co.jp/dia/route/index/cid:0000801694/"
}
