{
    "date": "2025/12/01",
    "name": "坂口(平塚市)",
    "position": "-",
    "system": "ー",
    "destinations": [
        "保健センター",
        "北新町",
        "平塚球場",
        "総合公園(平塚市)",
        "江陽中学校前(平塚市)",
        "平塚市役所",
        "コンフォール平塚前",
        "文化公園入口",
        "共済病院前総合公園西",
        "江南高校前",
        "南原土手",
        "纒入口",
        "纒公民館前",
        "西部福祉会館",
        "北河内(平塚市)",
        "勝原小学校前(平塚市)",
        "高村団地",
        "下万田",
        "上山下(平塚市)",
        "山下(平塚市)"
    ],
    "weekday": [
        "12:50"
    ],
    "saturday": [],
    "holiday": [],
    "url": "https://www.kanachu.co.jp/dia/diagram/timetable01_js/course:0000803939-7/node:00127611/kt:0/lname:/"
}
