{
    "date": "2025/11/16",
    "name": "下宿(厚木市)",
    "position": "-",
    "system": "厚55",
    "destinations": [
        "旭町(厚木市)",
        "本厚木駅南口"
    ],
    "weekday": [
        "5:46",
        "6:01",
        "6:16",
        "6:30",
        "6:42",
        "6:48",
        "6:58",
        "7:03",
        "7:13",
        "7:23",
        "7:38",
        "7:43",
        "7:50",
        "8:03",
        "8:13",
        "8:31",
        "17:19",
        "17:32",
        "17:46",
        "17:56",
        "18:06",
        "18:16",
        "18:26"
    ],
    "saturday": [
        "6:01",
        "6:26",
        "6:40",
        "6:50",
        "7:10",
        "7:45",
        "8:00",
        "17:38",
        "17:58"
    ],
    "holiday": [
        "6:01",
        "6:26",
        "6:39",
        "7:32"
    ],
    "url": "https://www.kanachu.co.jp/dia/diagram/timetable01_js/course:0000802441-21/node:00128635/kt:0/lname:/"
}
