{
    "date": "2024/07/08",
    "name": "フェリシアこども短期大学",
    "position": "-",
    "system": "鶴01",
    "destinations": [
        "廣慶寺前",
        "妙福寺前(町田市)",
        "三輪(町田市)",
        "下三輪入口",
        "フェリシア高校前",
        "第一住宅(町田市)",
        "上三輪クラブ前",
        "岡上",
        "鶴川駅"
    ],
    "weekday": [
        "6:17",
        "7:00",
        "7:40",
        "8:00",
        "8:23",
        "8:40",
        "9:20",
        "9:57",
        "10:37",
        "11:17",
        "11:57",
        "12:37",
        "13:17",
        "13:57",
        "14:37",
        "15:17",
        "15:57",
        "16:17",
        "16:37",
        "17:00",
        "17:30",
        "18:10",
        "18:54",
        "19:34",
        "20:14",
        "20:54"
    ],
    "saturday": [
        "7:30",
        "8:10",
        "9:10",
        "10:10",
        "11:10",
        "12:10",
        "13:10",
        "14:10",
        "15:10",
        "16:10",
        "17:10",
        "18:10",
        "19:10"
    ],
    "holiday": [
        "7:30",
        "8:10",
        "9:10",
        "10:10",
        "11:10",
        "12:10",
        "13:10",
        "14:10",
        "15:10",
        "16:10",
        "17:10",
        "18:10",
        "19:10"
    ],
    "url": "https://www.kanachu.co.jp/dia/diagram/timetable01_js/course:0000803439-1/node:00129509/kt:0/lname:/"
}
