{
    "date": "2024/07/08",
    "name": "三輪(町田市)",
    "position": "-",
    "system": "鶴01",
    "destinations": [
        "下三輪入口",
        "フェリシア高校前",
        "第一住宅(町田市)",
        "上三輪クラブ前",
        "岡上",
        "鶴川駅"
    ],
    "weekday": [
        "6:19",
        "7:02",
        "7:42",
        "8:02",
        "8:25",
        "8:42",
        "9:22",
        "9:59",
        "10:39",
        "11:19",
        "11:59",
        "12:39",
        "13:19",
        "13:59",
        "14:39",
        "15:19",
        "15:59",
        "16:19",
        "16:39",
        "17:02",
        "17:32",
        "18:12",
        "18:56",
        "19:36",
        "20:16",
        "20:56"
    ],
    "saturday": [
        "7:32",
        "8:12",
        "9:12",
        "10:12",
        "11:12",
        "12:12",
        "13:12",
        "14:12",
        "15:12",
        "16:12",
        "17:12",
        "18:12",
        "19:12"
    ],
    "holiday": [
        "7:32",
        "8:12",
        "9:12",
        "10:12",
        "11:12",
        "12:12",
        "13:12",
        "14:12",
        "15:12",
        "16:12",
        "17:12",
        "18:12",
        "19:12"
    ],
    "url": "https://www.kanachu.co.jp/dia/diagram/timetable01_js/course:0000803439-4/node:00129446/kt:0/lname:/"
}
