{
    "date": "2025/10/20",
    "name": "岡部谷戸",
    "position": "-",
    "system": "津01",
    "destinations": [
        "境橋(横浜市緑区)",
        "中村(横浜市緑区)",
        "天王様下",
        "福泉寺下",
        "王子神社(横浜市緑区)",
        "南長津田団地前",
        "小学校前(横浜市緑区)",
        "御幸通り",
        "長津田駅"
    ],
    "weekday": [
        "7:52",
        "8:57",
        "11:57",
        "12:57",
        "14:27",
        "15:27",
        "16:32"
    ],
    "saturday": [
        "9:07",
        "14:07"
    ],
    "holiday": [
        "9:07",
        "14:07"
    ],
    "url": "https://www.kanachu.co.jp/dia/diagram/timetable01_js/course:0000802506-6/node:00129571/kt:0/lname:/"
}
