{
    "date": "2025/01/14",
    "name": "山王坂上",
    "position": "-",
    "system": "厚09",
    "destinations": [
        "屋際",
        "東河原入口",
        "三田十日市場",
        "睦合東中学校入口",
        "そりだハイツ前",
        "妻田",
        "三家入口(厚木市)",
        "木売場",
        "市立病院前(厚木市)",
        "税務署入口(厚木市)",
        "市役所入口(厚木市)",
        "本厚木駅",
        "厚木バスセンター"
    ],
    "weekday": [
        "5:41",
        "6:16",
        "6:41",
        "7:01",
        "7:21",
        "7:41",
        "8:01",
        "8:31",
        "9:01",
        "9:31",
        "10:01",
        "10:31",
        "11:01",
        "11:31",
        "12:01",
        "12:31",
        "13:01",
        "13:31",
        "14:01",
        "14:31",
        "15:01",
        "15:31",
        "16:01",
        "16:31",
        "17:01",
        "17:31",
        "18:01",
        "18:31",
        "19:01",
        "19:31",
        "20:36"
    ],
    "saturday": [
        "7:01",
        "7:41",
        "8:21",
        "9:01",
        "9:41",
        "10:21",
        "11:01",
        "11:41",
        "12:21",
        "13:01",
        "13:41",
        "14:21",
        "15:01",
        "15:41",
        "16:21",
        "17:01",
        "17:41",
        "18:21",
        "19:01",
        "19:41",
        "20:21"
    ],
    "holiday": [
        "7:21",
        "8:21",
        "9:01",
        "9:41",
        "10:21",
        "11:01",
        "11:41",
        "12:21",
        "13:01",
        "13:41",
        "14:21",
        "15:01",
        "15:41",
        "16:21",
        "17:01",
        "17:41",
        "18:21",
        "19:01",
        "19:41",
        "20:21"
    ],
    "url": "https://www.kanachu.co.jp/dia/diagram/timetable01_js/course:0000801699-2/node:00128312/kt:0/lname:/"
}
