{
    "date": "2025/01/14",
    "name": "睦合東中学校入口",
    "position": "-",
    "system": "厚09",
    "destinations": [
        "そりだハイツ前",
        "妻田",
        "三家入口(厚木市)",
        "木売場",
        "市立病院前(厚木市)",
        "税務署入口(厚木市)",
        "市役所入口(厚木市)",
        "本厚木駅",
        "厚木バスセンター"
    ],
    "weekday": [
        "5:47",
        "6:22",
        "6:47",
        "7:07",
        "7:27",
        "7:48",
        "8:08",
        "8:38",
        "9:07",
        "9:37",
        "10:07",
        "10:37",
        "11:07",
        "11:37",
        "12:07",
        "12:37",
        "13:07",
        "13:37",
        "14:07",
        "14:37",
        "15:07",
        "15:37",
        "16:08",
        "16:38",
        "17:08",
        "17:38",
        "18:08",
        "18:38",
        "19:08",
        "19:38",
        "20:42"
    ],
    "saturday": [
        "7:06",
        "7:46",
        "8:26",
        "9:06",
        "9:46",
        "10:26",
        "11:06",
        "11:46",
        "12:26",
        "13:06",
        "13:46",
        "14:26",
        "15:06",
        "15:46",
        "16:26",
        "17:06",
        "17:46",
        "18:26",
        "19:06",
        "19:46",
        "20:26"
    ],
    "holiday": [
        "7:26",
        "8:26",
        "9:06",
        "9:46",
        "10:26",
        "11:06",
        "11:46",
        "12:26",
        "13:06",
        "13:46",
        "14:26",
        "15:06",
        "15:46",
        "16:26",
        "17:06",
        "17:46",
        "18:26",
        "19:06",
        "19:46",
        "20:26"
    ],
    "url": "https://www.kanachu.co.jp/dia/diagram/timetable01_js/course:0000801699-6/node:00130294/kt:0/lname:/"
}
