{
    "date": "2025/01/14",
    "name": "本厚木駅",
    "position": "-",
    "system": "厚09",
    "destinations": [
        "厚木バスセンター"
    ],
    "weekday": [
        "6:00",
        "6:35",
        "7:00",
        "7:20",
        "7:43",
        "8:07",
        "8:27",
        "8:57",
        "9:20",
        "9:50",
        "10:20",
        "10:50",
        "11:20",
        "11:50",
        "12:20",
        "12:50",
        "13:20",
        "13:50",
        "14:20",
        "14:50",
        "15:20",
        "15:50",
        "16:26",
        "16:56",
        "17:26",
        "17:56",
        "18:26",
        "18:56",
        "19:26",
        "19:56",
        "20:54"
    ],
    "saturday": [
        "7:17",
        "8:00",
        "8:40",
        "9:21",
        "10:01",
        "10:41",
        "11:21",
        "12:01",
        "12:41",
        "13:21",
        "14:01",
        "14:41",
        "15:21",
        "16:01",
        "16:41",
        "17:21",
        "18:01",
        "18:41",
        "19:17",
        "19:57",
        "20:37"
    ],
    "holiday": [
        "7:37",
        "8:37",
        "9:17",
        "9:57",
        "10:41",
        "11:21",
        "12:01",
        "12:41",
        "13:21",
        "14:01",
        "14:41",
        "15:18",
        "15:58",
        "16:38",
        "17:18",
        "17:58",
        "18:38",
        "19:18",
        "19:58",
        "20:38"
    ],
    "url": "https://www.kanachu.co.jp/dia/diagram/timetable01_js/course:0000801699-14/node:00025684/kt:0/lname:/"
}
