{
    "date": "2025/08/30",
    "name": "東戸塚駅東口",
    "position": "-",
    "system": "横17",
    "destinations": [
        "品濃町(横浜市戸塚区)",
        "坂下(横浜市戸塚区)",
        "品濃口",
        "国道平戸",
        "坂下口",
        "山谷(横浜市戸塚区)",
        "平和台",
        "狩場町",
        "児童遊園地入口",
        "権太坂上",
        "権太坂",
        "元町橋交番前",
        "樹源寺前",
        "保土ヶ谷町2丁目",
        "八幡橋(横浜市保土ケ谷区)",
        "保土ヶ谷橋",
        "保土ヶ谷駅東口",
        "西久保町",
        "久保町(横浜市西区)",
        "水道道",
        "浜松町(横浜市西区)",
        "尾張屋橋際",
        "洪福寺",
        "浅間町車庫前",
        "浅岡橋",
        "浅間下(横浜市西区)",
        "楠町",
        "横浜駅西口"
    ],
    "weekday": [
        "5:55",
        "6:09",
        "6:29",
        "6:44",
        "6:58",
        "7:15",
        "7:28",
        "7:45",
        "8:03",
        "8:25",
        "8:45",
        "9:05",
        "9:25",
        "9:45",
        "10:05",
        "10:25",
        "10:45",
        "11:05",
        "11:25",
        "11:45",
        "12:05",
        "12:25",
        "12:45",
        "13:05",
        "13:25",
        "13:45",
        "14:05",
        "14:25",
        "14:45",
        "15:05",
        "15:25",
        "15:45",
        "16:05",
        "16:25",
        "16:45",
        "17:05",
        "17:25",
        "17:45",
        "18:05",
        "18:20",
        "18:41",
        "19:00",
        "19:21",
        "19:40",
        "20:10",
        "20:40",
        "21:11",
        "21:42"
    ],
    "saturday": [
        "5:59",
        "6:24",
        "6:44",
        "7:04",
        "7:24",
        "7:44",
        "8:04",
        "8:24",
        "8:44",
        "9:04",
        "9:24",
        "9:44",
        "10:05",
        "10:25",
        "10:45",
        "11:05",
        "11:25",
        "11:46",
        "12:05",
        "12:25",
        "12:46",
        "13:05",
        "13:25",
        "13:45",
        "14:05",
        "14:25",
        "14:45",
        "15:05",
        "15:25",
        "15:45",
        "16:05",
        "16:25",
        "16:45",
        "17:05",
        "17:25",
        "17:45",
        "18:05",
        "18:20",
        "18:40",
        "19:00",
        "19:20",
        "19:40",
        "20:05",
        "20:40",
        "21:10"
    ],
    "holiday": [
        "5:59",
        "6:24",
        "6:44",
        "7:04",
        "7:24",
        "7:44",
        "8:04",
        "8:24",
        "8:44",
        "9:04",
        "9:24",
        "9:44",
        "10:05",
        "10:25",
        "10:45",
        "11:05",
        "11:25",
        "11:46",
        "12:05",
        "12:25",
        "12:46",
        "13:05",
        "13:25",
        "13:45",
        "14:05",
        "14:25",
        "14:45",
        "15:05",
        "15:25",
        "15:45",
        "16:05",
        "16:25",
        "16:45",
        "17:05",
        "17:25",
        "17:45",
        "18:05",
        "18:20",
        "18:40",
        "19:00",
        "19:20",
        "19:40",
        "20:05",
        "20:40",
        "21:10"
    ],
    "url": "https://www.kanachu.co.jp/dia/diagram/timetable01_js/course:0000803536-1/node:00126647/kt:0/lname:/"
}
