{
    "date": "2025/08/30",
    "name": "品濃口",
    "position": "-",
    "system": "横17",
    "destinations": [
        "国道平戸",
        "坂下口",
        "山谷(横浜市戸塚区)",
        "平和台",
        "狩場町",
        "児童遊園地入口",
        "権太坂上",
        "権太坂",
        "元町橋交番前",
        "樹源寺前",
        "保土ヶ谷町2丁目",
        "八幡橋(横浜市保土ケ谷区)",
        "保土ヶ谷橋",
        "保土ヶ谷駅東口",
        "西久保町",
        "久保町(横浜市西区)",
        "水道道",
        "浜松町(横浜市西区)",
        "尾張屋橋際",
        "洪福寺",
        "浅間町車庫前",
        "浅岡橋",
        "浅間下(横浜市西区)",
        "楠町",
        "横浜駅西口"
    ],
    "weekday": [
        "6:00",
        "6:14",
        "6:34",
        "6:49",
        "7:03",
        "7:20",
        "7:33",
        "7:50",
        "8:08",
        "8:30",
        "8:50",
        "9:10",
        "9:30",
        "9:50",
        "10:10",
        "10:30",
        "10:50",
        "11:10",
        "11:30",
        "11:50",
        "12:10",
        "12:30",
        "12:50",
        "13:10",
        "13:30",
        "13:50",
        "14:10",
        "14:30",
        "14:50",
        "15:10",
        "15:30",
        "15:50",
        "16:10",
        "16:30",
        "16:50",
        "17:10",
        "17:30",
        "17:50",
        "18:10",
        "18:25",
        "18:46",
        "19:05",
        "19:26",
        "19:45",
        "20:15",
        "20:45",
        "21:16",
        "21:47"
    ],
    "saturday": [
        "6:04",
        "6:29",
        "6:49",
        "7:09",
        "7:29",
        "7:49",
        "8:09",
        "8:29",
        "8:49",
        "9:09",
        "9:29",
        "9:49",
        "10:10",
        "10:30",
        "10:50",
        "11:10",
        "11:30",
        "11:51",
        "12:10",
        "12:30",
        "12:51",
        "13:10",
        "13:30",
        "13:50",
        "14:10",
        "14:30",
        "14:50",
        "15:10",
        "15:30",
        "15:50",
        "16:10",
        "16:30",
        "16:50",
        "17:10",
        "17:30",
        "17:50",
        "18:10",
        "18:25",
        "18:45",
        "19:05",
        "19:25",
        "19:45",
        "20:10",
        "20:45",
        "21:15"
    ],
    "holiday": [
        "6:04",
        "6:29",
        "6:49",
        "7:09",
        "7:29",
        "7:49",
        "8:09",
        "8:29",
        "8:49",
        "9:09",
        "9:29",
        "9:49",
        "10:10",
        "10:30",
        "10:50",
        "11:10",
        "11:30",
        "11:51",
        "12:10",
        "12:30",
        "12:51",
        "13:10",
        "13:30",
        "13:50",
        "14:10",
        "14:30",
        "14:50",
        "15:10",
        "15:30",
        "15:50",
        "16:10",
        "16:30",
        "16:50",
        "17:10",
        "17:30",
        "17:50",
        "18:10",
        "18:25",
        "18:45",
        "19:05",
        "19:25",
        "19:45",
        "20:10",
        "20:45",
        "21:15"
    ],
    "url": "https://www.kanachu.co.jp/dia/diagram/timetable01_js/course:0000803536-4/node:00126617/kt:0/lname:/"
}
