{
    "date": "2025/08/30",
    "name": "坂下口",
    "position": "-",
    "system": "横17",
    "destinations": [
        "山谷(横浜市戸塚区)",
        "平和台",
        "狩場町",
        "児童遊園地入口",
        "権太坂上",
        "権太坂",
        "元町橋交番前",
        "樹源寺前",
        "保土ヶ谷町2丁目",
        "八幡橋(横浜市保土ケ谷区)",
        "保土ヶ谷橋",
        "保土ヶ谷駅東口",
        "西久保町",
        "久保町(横浜市西区)",
        "水道道",
        "浜松町(横浜市西区)",
        "尾張屋橋際",
        "洪福寺",
        "浅間町車庫前",
        "浅岡橋",
        "浅間下(横浜市西区)",
        "楠町",
        "横浜駅西口"
    ],
    "weekday": [
        "6:04",
        "6:18",
        "6:38",
        "6:53",
        "7:07",
        "7:24",
        "7:37",
        "7:54",
        "8:12",
        "8:34",
        "8:54",
        "9:14",
        "9:34",
        "9:54",
        "10:14",
        "10:34",
        "10:54",
        "11:14",
        "11:34",
        "11:54",
        "12:14",
        "12:34",
        "12:54",
        "13:14",
        "13:34",
        "13:54",
        "14:14",
        "14:34",
        "14:54",
        "15:14",
        "15:34",
        "15:54",
        "16:14",
        "16:34",
        "16:54",
        "17:14",
        "17:34",
        "17:54",
        "18:14",
        "18:29",
        "18:50",
        "19:09",
        "19:30",
        "19:49",
        "20:19",
        "20:49",
        "21:20",
        "21:51"
    ],
    "saturday": [
        "6:08",
        "6:33",
        "6:53",
        "7:13",
        "7:33",
        "7:53",
        "8:13",
        "8:33",
        "8:53",
        "9:13",
        "9:33",
        "9:53",
        "10:14",
        "10:34",
        "10:54",
        "11:14",
        "11:34",
        "11:55",
        "12:14",
        "12:34",
        "12:55",
        "13:14",
        "13:34",
        "13:54",
        "14:14",
        "14:34",
        "14:54",
        "15:14",
        "15:34",
        "15:54",
        "16:14",
        "16:34",
        "16:54",
        "17:14",
        "17:34",
        "17:54",
        "18:14",
        "18:29",
        "18:49",
        "19:09",
        "19:29",
        "19:49",
        "20:14",
        "20:49",
        "21:19"
    ],
    "holiday": [
        "6:08",
        "6:33",
        "6:53",
        "7:13",
        "7:33",
        "7:53",
        "8:13",
        "8:33",
        "8:53",
        "9:13",
        "9:33",
        "9:53",
        "10:14",
        "10:34",
        "10:54",
        "11:14",
        "11:34",
        "11:55",
        "12:14",
        "12:34",
        "12:55",
        "13:14",
        "13:34",
        "13:54",
        "14:14",
        "14:34",
        "14:54",
        "15:14",
        "15:34",
        "15:54",
        "16:14",
        "16:34",
        "16:54",
        "17:14",
        "17:34",
        "17:54",
        "18:14",
        "18:29",
        "18:49",
        "19:09",
        "19:29",
        "19:49",
        "20:14",
        "20:49",
        "21:19"
    ],
    "url": "https://www.kanachu.co.jp/dia/diagram/timetable01_js/course:0000803536-6/node:00126619/kt:0/lname:/"
}
