{
    "date": "2025/08/30",
    "name": "平和台",
    "position": "-",
    "system": "横17",
    "destinations": [
        "狩場町",
        "児童遊園地入口",
        "権太坂上",
        "権太坂",
        "元町橋交番前",
        "樹源寺前",
        "保土ヶ谷町2丁目",
        "八幡橋(横浜市保土ケ谷区)",
        "保土ヶ谷橋",
        "保土ヶ谷駅東口",
        "西久保町",
        "久保町(横浜市西区)",
        "水道道",
        "浜松町(横浜市西区)",
        "尾張屋橋際",
        "洪福寺",
        "浅間町車庫前",
        "浅岡橋",
        "浅間下(横浜市西区)",
        "楠町",
        "横浜駅西口"
    ],
    "weekday": [
        "6:07",
        "6:21",
        "6:41",
        "6:56",
        "7:10",
        "7:27",
        "7:40",
        "7:57",
        "8:15",
        "8:37",
        "8:57",
        "9:17",
        "9:37",
        "9:57",
        "10:17",
        "10:37",
        "10:57",
        "11:17",
        "11:37",
        "11:57",
        "12:17",
        "12:37",
        "12:57",
        "13:17",
        "13:37",
        "13:57",
        "14:17",
        "14:37",
        "14:57",
        "15:17",
        "15:37",
        "15:57",
        "16:17",
        "16:37",
        "16:57",
        "17:17",
        "17:37",
        "17:57",
        "18:17",
        "18:32",
        "18:53",
        "19:12",
        "19:33",
        "19:52",
        "20:22",
        "20:52",
        "21:23",
        "21:54"
    ],
    "saturday": [
        "6:11",
        "6:36",
        "6:56",
        "7:16",
        "7:36",
        "7:56",
        "8:16",
        "8:36",
        "8:56",
        "9:16",
        "9:36",
        "9:56",
        "10:17",
        "10:37",
        "10:57",
        "11:17",
        "11:37",
        "11:58",
        "12:17",
        "12:37",
        "12:58",
        "13:17",
        "13:37",
        "13:57",
        "14:17",
        "14:37",
        "14:57",
        "15:17",
        "15:37",
        "15:57",
        "16:17",
        "16:37",
        "16:57",
        "17:17",
        "17:37",
        "17:57",
        "18:17",
        "18:32",
        "18:52",
        "19:12",
        "19:32",
        "19:52",
        "20:17",
        "20:52",
        "21:22"
    ],
    "holiday": [
        "6:11",
        "6:36",
        "6:56",
        "7:16",
        "7:36",
        "7:56",
        "8:16",
        "8:36",
        "8:56",
        "9:16",
        "9:36",
        "9:56",
        "10:17",
        "10:37",
        "10:57",
        "11:17",
        "11:37",
        "11:58",
        "12:17",
        "12:37",
        "12:58",
        "13:17",
        "13:37",
        "13:57",
        "14:17",
        "14:37",
        "14:57",
        "15:17",
        "15:37",
        "15:57",
        "16:17",
        "16:37",
        "16:57",
        "17:17",
        "17:37",
        "17:57",
        "18:17",
        "18:32",
        "18:52",
        "19:12",
        "19:32",
        "19:52",
        "20:17",
        "20:52",
        "21:22"
    ],
    "url": "https://www.kanachu.co.jp/dia/diagram/timetable01_js/course:0000803536-8/node:00126621/kt:0/lname:/"
}
