{
    "date": "2024/09/02",
    "name": "福祉センター前(横浜市泉区)",
    "position": "-",
    "system": "戸79",
    "destinations": [
        "西が岡三丁目",
        "白百合台団地",
        "領家中学校前",
        "戸塚斎場前",
        "鳥が丘小学校入口",
        "鳥が丘南",
        "谷戸矢部入口",
        "踊場",
        "矢沢(横浜市戸塚区)",
        "戸塚駅西口",
        "戸塚バスセンター"
    ],
    "weekday": [
        "5:46",
        "6:16",
        "6:40",
        "7:04",
        "7:19",
        "7:34",
        "7:54",
        "8:19",
        "8:54",
        "9:24",
        "9:54",
        "10:24",
        "10:54",
        "11:34",
        "12:14",
        "12:54",
        "13:34",
        "14:14",
        "14:54",
        "15:34",
        "16:14",
        "16:54",
        "17:24",
        "17:54",
        "18:24",
        "18:54",
        "19:24",
        "19:54",
        "20:24",
        "21:05"
    ],
    "saturday": [
        "6:36",
        "7:36",
        "8:19",
        "8:54",
        "9:29",
        "10:09",
        "10:49",
        "11:29",
        "12:09",
        "12:49",
        "13:29",
        "14:09",
        "14:49",
        "15:29",
        "16:09",
        "16:49",
        "17:29",
        "18:09",
        "18:49",
        "19:29",
        "20:46"
    ],
    "holiday": [
        "6:36",
        "7:36",
        "8:19",
        "8:54",
        "9:29",
        "10:09",
        "10:49",
        "11:29",
        "12:09",
        "12:49",
        "13:29",
        "14:09",
        "14:49",
        "15:29",
        "16:09",
        "16:49",
        "17:29",
        "18:09",
        "18:49",
        "19:29",
        "20:46"
    ],
    "url": "https://www.kanachu.co.jp/dia/diagram/timetable01_js/course:0000803585-4/node:00126695/kt:0/lname:/"
}
