{
    "date": "2024/09/02",
    "name": "領家中学校前",
    "position": "-",
    "system": "戸79",
    "destinations": [
        "戸塚斎場前",
        "鳥が丘小学校入口",
        "鳥が丘南",
        "谷戸矢部入口",
        "踊場",
        "矢沢(横浜市戸塚区)",
        "戸塚駅西口",
        "戸塚バスセンター"
    ],
    "weekday": [
        "5:51",
        "6:21",
        "6:45",
        "7:09",
        "7:24",
        "7:39",
        "7:59",
        "8:24",
        "8:59",
        "9:29",
        "9:59",
        "10:29",
        "10:59",
        "11:39",
        "12:19",
        "12:59",
        "13:39",
        "14:19",
        "14:59",
        "15:39",
        "16:19",
        "16:59",
        "17:29",
        "17:59",
        "18:29",
        "18:59",
        "19:29",
        "19:59",
        "20:29",
        "21:10"
    ],
    "saturday": [
        "6:41",
        "7:41",
        "8:24",
        "8:59",
        "9:34",
        "10:14",
        "10:54",
        "11:34",
        "12:14",
        "12:54",
        "13:34",
        "14:14",
        "14:54",
        "15:34",
        "16:14",
        "16:54",
        "17:34",
        "18:14",
        "18:54",
        "19:34",
        "20:51"
    ],
    "holiday": [
        "6:41",
        "7:41",
        "8:24",
        "8:59",
        "9:34",
        "10:14",
        "10:54",
        "11:34",
        "12:14",
        "12:54",
        "13:34",
        "14:14",
        "14:54",
        "15:34",
        "16:14",
        "16:54",
        "17:34",
        "18:14",
        "18:54",
        "19:34",
        "20:51"
    ],
    "url": "https://www.kanachu.co.jp/dia/diagram/timetable01_js/course:0000803585-7/node:00126710/kt:0/lname:/"
}
