{
    "date": "2022/01/16",
    "name": "鶴ヶ峰駅",
    "position": "-",
    "system": "",
    "destinations": [
        "鶴ヶ峰本町",
        "薬王寺入口",
        "鶴ヶ峰中学校前",
        "今宿小学校入口",
        "今宿(横浜市旭区)"
    ],
    "weekday": [
        "7:05",
        "8:01",
        "8:21"
    ],
    "saturday": [],
    "holiday": [],
    "url": "https://www.kanachu.co.jp/dia/diagram/timetable01_js/course:0000802186-1/node:00102756/kt:0/lname:/"
}
