{
    "system": "05",
    "busstops": [
        {
            "index": "1",
            "id": "00102756",
            "name": "鶴ヶ峰駅",
            "lat": "35.47639",
            "lng": "139.548063"
        },
        {
            "index": "2",
            "id": "00129720",
            "name": "鶴ヶ峰本町",
            "lat": "35.476406",
            "lng": "139.543471"
        },
        {
            "index": "3",
            "id": "00129719",
            "name": "薬王寺入口",
            "lat": "35.477422",
            "lng": "139.540644"
        },
        {
            "index": "4",
            "id": "00129718",
            "name": "鶴ヶ峰中学校前",
            "lat": "35.479164",
            "lng": "139.537248"
        },
        {
            "index": "5",
            "id": "00129717",
            "name": "今宿小学校入口",
            "lat": "35.481642",
            "lng": "139.535233"
        },
        {
            "index": "6",
            "id": "00129716",
            "name": "今宿(横浜市旭区)",
            "lat": "35.482579",
            "lng": "139.531121"
        }
    ],
    "route_url": "https://www.kanachu.co.jp/dia/route/index/cid:0000802186/"
}
