{
    "date": "2025/11/16",
    "name": "矢畑",
    "position": "-",
    "system": "茅25",
    "destinations": [
        "円蔵",
        "西久保(茅ケ崎市)",
        "変電所前(茅ケ崎市)",
        "大曲橋",
        "香川駅入口",
        "大曲(高座郡寒川町)",
        "筒井(高座郡寒川町)",
        "景観寺",
        "寒川駅南口"
    ],
    "weekday": [
        "6:28",
        "6:46",
        "7:01",
        "7:16",
        "7:31",
        "7:47",
        "8:02",
        "11:07",
        "11:57",
        "12:57",
        "13:57",
        "14:52",
        "15:22",
        "15:52",
        "16:17",
        "16:47",
        "17:17",
        "18:12",
        "18:37",
        "19:02",
        "19:26",
        "19:56",
        "20:26",
        "21:00",
        "21:35",
        "22:11"
    ],
    "saturday": [
        "7:06",
        "8:46",
        "9:16",
        "9:48",
        "10:18",
        "11:18",
        "11:48",
        "12:18",
        "13:17",
        "13:52",
        "14:17",
        "15:17",
        "15:47",
        "16:17",
        "17:13",
        "17:43",
        "18:13",
        "18:43",
        "19:11",
        "19:41",
        "20:11",
        "20:41",
        "21:11",
        "21:53"
    ],
    "holiday": [
        "7:06",
        "8:46",
        "9:16",
        "9:48",
        "10:18",
        "11:17",
        "11:47",
        "12:17",
        "13:17",
        "13:52",
        "14:17",
        "15:18",
        "15:48",
        "16:18",
        "17:13",
        "17:43",
        "18:13",
        "18:43",
        "19:16",
        "19:56",
        "20:56",
        "21:53"
    ],
    "url": "https://www.kanachu.co.jp/dia/diagram/timetable01_js/course:0000800776-6/node:00127161/kt:0/lname:/"
}
