{
    "date": "2025/02/24",
    "name": "八坂神社前",
    "position": "-",
    "system": "戸56",
    "destinations": [
        "消防署前(横浜市戸塚区)",
        "戸塚駅西口",
        "戸塚バスセンター"
    ],
    "weekday": [
        "7:42",
        "19:12",
        "19:36",
        "20:46"
    ],
    "saturday": [],
    "holiday": [],
    "url": "https://www.kanachu.co.jp/dia/diagram/timetable01_js/course:0000803588-11/node:00126810/kt:0/lname:/"
}
