{
    "date": "2024/01/15",
    "name": "来迎寺(横浜市戸塚区)",
    "position": "-",
    "system": "戸96",
    "destinations": [
        "谷矢部中央",
        "道祖神前(横浜市戸塚区)",
        "鳥が丘中央",
        "鳥が丘第一公園",
        "第一工業団地",
        "第二工業団地",
        "第二工業団地中央",
        "ラムーナ横浜戸塚"
    ],
    "weekday": [
        "6:21",
        "7:11",
        "7:33",
        "7:56",
        "8:34",
        "9:11"
    ],
    "saturday": [],
    "holiday": [],
    "url": "https://www.kanachu.co.jp/dia/diagram/timetable01_js/course:0000801347-4/node:00126900/kt:0/lname:/"
}
