{
    "date": "2024/09/02",
    "name": "蔵坪",
    "position": "-",
    "system": "戸98",
    "destinations": [
        "柳作東",
        "来迎寺(横浜市戸塚区)",
        "谷矢部中央",
        "道祖神前(横浜市戸塚区)",
        "鳥が丘中央",
        "鳥が丘第一公園",
        "領家中学校前",
        "領家三丁目(横浜市泉区)",
        "領家一丁目(横浜市泉区)",
        "諏訪久保",
        "第二工業団地",
        "第二工業団地中央",
        "ラムーナ横浜戸塚",
        "第二工業団地中央",
        "第二工業団地",
        "上矢部地区センター前",
        "戸塚工業団地",
        "上矢部高校",
        "鳥が丘第一公園",
        "鳥が丘中央",
        "道祖神前(横浜市戸塚区)",
        "谷矢部中央",
        "来迎寺(横浜市戸塚区)",
        "柳作東",
        "蔵坪",
        "戸塚駅"
    ],
    "weekday": [
        "14:01",
        "14:25",
        "14:49",
        "15:13",
        "15:37",
        "16:01",
        "16:20",
        "18:49",
        "19:23",
        "20:19",
        "20:55",
        "22:08"
    ],
    "saturday": [
        "14:31",
        "15:01",
        "15:31",
        "16:01",
        "16:37",
        "17:01",
        "17:37",
        "18:01",
        "19:21",
        "20:26",
        "21:27",
        "21:50"
    ],
    "holiday": [
        "14:31",
        "15:01",
        "15:31",
        "16:01",
        "16:31",
        "17:01",
        "17:31",
        "18:16",
        "18:46",
        "19:21",
        "20:26",
        "21:27"
    ],
    "url": "https://www.kanachu.co.jp/dia/diagram/timetable01_js/course:0000800245-2/node:00126899/kt:0/lname:/"
}
