{
    "date": "2024/09/02",
    "name": "谷矢部中央",
    "position": "-",
    "system": "戸98",
    "destinations": [
        "道祖神前(横浜市戸塚区)",
        "鳥が丘中央",
        "鳥が丘第一公園",
        "領家中学校前",
        "領家三丁目(横浜市泉区)",
        "領家一丁目(横浜市泉区)",
        "諏訪久保",
        "第二工業団地",
        "第二工業団地中央",
        "ラムーナ横浜戸塚",
        "第二工業団地中央",
        "第二工業団地",
        "上矢部地区センター前",
        "戸塚工業団地",
        "上矢部高校",
        "鳥が丘第一公園",
        "鳥が丘中央",
        "道祖神前(横浜市戸塚区)",
        "谷矢部中央",
        "来迎寺(横浜市戸塚区)",
        "柳作東",
        "蔵坪",
        "戸塚駅"
    ],
    "weekday": [
        "14:04",
        "14:28",
        "14:52",
        "15:16",
        "15:40",
        "16:04",
        "16:23",
        "18:52",
        "19:26",
        "20:22",
        "20:58",
        "22:11"
    ],
    "saturday": [
        "14:34",
        "15:04",
        "15:34",
        "16:04",
        "16:40",
        "17:04",
        "17:40",
        "18:04",
        "19:24",
        "20:29",
        "21:30",
        "21:53"
    ],
    "holiday": [
        "14:34",
        "15:04",
        "15:34",
        "16:04",
        "16:34",
        "17:04",
        "17:34",
        "18:19",
        "18:49",
        "19:24",
        "20:29",
        "21:30"
    ],
    "url": "https://www.kanachu.co.jp/dia/diagram/timetable01_js/course:0000800245-5/node:00126901/kt:0/lname:/"
}
