{
    "date": "2024/09/02",
    "name": "道祖神前(横浜市戸塚区)",
    "position": "-",
    "system": "戸98",
    "destinations": [
        "鳥が丘中央",
        "鳥が丘第一公園",
        "領家中学校前",
        "領家三丁目(横浜市泉区)",
        "領家一丁目(横浜市泉区)",
        "諏訪久保",
        "第二工業団地",
        "第二工業団地中央",
        "ラムーナ横浜戸塚",
        "第二工業団地中央",
        "第二工業団地",
        "上矢部地区センター前",
        "戸塚工業団地",
        "上矢部高校",
        "鳥が丘第一公園",
        "鳥が丘中央",
        "道祖神前(横浜市戸塚区)",
        "谷矢部中央",
        "来迎寺(横浜市戸塚区)",
        "柳作東",
        "蔵坪",
        "戸塚駅"
    ],
    "weekday": [
        "14:05",
        "14:29",
        "14:53",
        "15:17",
        "15:41",
        "16:05",
        "16:24",
        "18:53",
        "19:27",
        "20:23",
        "20:59",
        "22:12"
    ],
    "saturday": [
        "14:35",
        "15:05",
        "15:35",
        "16:05",
        "16:41",
        "17:05",
        "17:41",
        "18:05",
        "19:25",
        "20:30",
        "21:31",
        "21:54"
    ],
    "holiday": [
        "14:35",
        "15:05",
        "15:35",
        "16:05",
        "16:35",
        "17:05",
        "17:35",
        "18:20",
        "18:50",
        "19:25",
        "20:30",
        "21:31"
    ],
    "url": "https://www.kanachu.co.jp/dia/diagram/timetable01_js/course:0000800245-6/node:00126902/kt:0/lname:/"
}
