{
    "date": "2024/09/02",
    "name": "鳥が丘第一公園",
    "position": "-",
    "system": "戸98",
    "destinations": [
        "領家中学校前",
        "領家三丁目(横浜市泉区)",
        "領家一丁目(横浜市泉区)",
        "諏訪久保",
        "第二工業団地",
        "第二工業団地中央",
        "ラムーナ横浜戸塚",
        "第二工業団地中央",
        "第二工業団地",
        "上矢部地区センター前",
        "戸塚工業団地",
        "上矢部高校",
        "鳥が丘第一公園",
        "鳥が丘中央",
        "道祖神前(横浜市戸塚区)",
        "谷矢部中央",
        "来迎寺(横浜市戸塚区)",
        "柳作東",
        "蔵坪",
        "戸塚駅"
    ],
    "weekday": [
        "14:07",
        "14:31",
        "14:55",
        "15:19",
        "15:43",
        "16:07",
        "16:26",
        "18:55",
        "19:29",
        "20:25",
        "21:01",
        "22:14"
    ],
    "saturday": [
        "14:37",
        "15:07",
        "15:37",
        "16:07",
        "16:43",
        "17:07",
        "17:43",
        "18:07",
        "19:27",
        "20:32",
        "21:33",
        "21:56"
    ],
    "holiday": [
        "14:37",
        "15:07",
        "15:37",
        "16:07",
        "16:37",
        "17:07",
        "17:37",
        "18:22",
        "18:52",
        "19:27",
        "20:32",
        "21:33"
    ],
    "url": "https://www.kanachu.co.jp/dia/diagram/timetable01_js/course:0000800245-8/node:00126860/kt:0/lname:/"
}
