{
    "date": "2024/09/02",
    "name": "領家三丁目(横浜市泉区)",
    "position": "-",
    "system": "戸98",
    "destinations": [
        "領家一丁目(横浜市泉区)",
        "諏訪久保",
        "第二工業団地",
        "第二工業団地中央",
        "ラムーナ横浜戸塚",
        "第二工業団地中央",
        "第二工業団地",
        "上矢部地区センター前",
        "戸塚工業団地",
        "上矢部高校",
        "鳥が丘第一公園",
        "鳥が丘中央",
        "道祖神前(横浜市戸塚区)",
        "谷矢部中央",
        "来迎寺(横浜市戸塚区)",
        "柳作東",
        "蔵坪",
        "戸塚駅"
    ],
    "weekday": [
        "14:11",
        "14:35",
        "14:59",
        "15:23",
        "15:47",
        "16:11",
        "16:30",
        "18:59",
        "19:33",
        "20:29",
        "21:05",
        "22:18"
    ],
    "saturday": [
        "14:41",
        "15:11",
        "15:41",
        "16:11",
        "16:47",
        "17:11",
        "17:47",
        "18:11",
        "19:31",
        "20:36",
        "21:37",
        "22:00"
    ],
    "holiday": [
        "14:41",
        "15:11",
        "15:41",
        "16:11",
        "16:41",
        "17:11",
        "17:41",
        "18:26",
        "18:56",
        "19:31",
        "20:36",
        "21:37"
    ],
    "url": "https://www.kanachu.co.jp/dia/diagram/timetable01_js/course:0000800245-10/node:00126713/kt:0/lname:/"
}
