{
    "date": "2024/09/02",
    "name": "領家一丁目(横浜市泉区)",
    "position": "-",
    "system": "戸98",
    "destinations": [
        "諏訪久保",
        "第二工業団地",
        "第二工業団地中央",
        "ラムーナ横浜戸塚",
        "第二工業団地中央",
        "第二工業団地",
        "上矢部地区センター前",
        "戸塚工業団地",
        "上矢部高校",
        "鳥が丘第一公園",
        "鳥が丘中央",
        "道祖神前(横浜市戸塚区)",
        "谷矢部中央",
        "来迎寺(横浜市戸塚区)",
        "柳作東",
        "蔵坪",
        "戸塚駅"
    ],
    "weekday": [
        "14:12",
        "14:36",
        "15:00",
        "15:24",
        "15:48",
        "16:12",
        "16:31",
        "19:00",
        "19:34",
        "20:30",
        "21:06",
        "22:19"
    ],
    "saturday": [
        "14:42",
        "15:12",
        "15:42",
        "16:12",
        "16:48",
        "17:12",
        "17:48",
        "18:12",
        "19:32",
        "20:37",
        "21:38",
        "22:01"
    ],
    "holiday": [
        "14:42",
        "15:12",
        "15:42",
        "16:12",
        "16:42",
        "17:12",
        "17:42",
        "18:27",
        "18:57",
        "19:32",
        "20:37",
        "21:38"
    ],
    "url": "https://www.kanachu.co.jp/dia/diagram/timetable01_js/course:0000800245-11/node:00126712/kt:0/lname:/"
}
