{
    "date": "2024/09/02",
    "name": "第二工業団地",
    "position": "-",
    "system": "戸98",
    "destinations": [
        "第二工業団地中央",
        "ラムーナ横浜戸塚",
        "第二工業団地中央",
        "第二工業団地",
        "上矢部地区センター前",
        "戸塚工業団地",
        "上矢部高校",
        "鳥が丘第一公園",
        "鳥が丘中央",
        "道祖神前(横浜市戸塚区)",
        "谷矢部中央",
        "来迎寺(横浜市戸塚区)",
        "柳作東",
        "蔵坪",
        "戸塚駅"
    ],
    "weekday": [
        "14:15",
        "14:39",
        "15:03",
        "15:27",
        "15:51",
        "16:15",
        "16:34",
        "19:03",
        "19:37",
        "20:33",
        "21:09",
        "22:22"
    ],
    "saturday": [
        "14:45",
        "15:15",
        "15:45",
        "16:15",
        "16:51",
        "17:15",
        "17:51",
        "18:15",
        "19:35",
        "20:40",
        "21:41",
        "22:04"
    ],
    "holiday": [
        "14:45",
        "15:15",
        "15:45",
        "16:15",
        "16:45",
        "17:15",
        "17:45",
        "18:30",
        "19:00",
        "19:35",
        "20:40",
        "21:41"
    ],
    "url": "https://www.kanachu.co.jp/dia/diagram/timetable01_js/course:0000800245-13/node:00126913/kt:0/lname:/"
}
