{
    "date": "2024/09/02",
    "name": "鳥が丘中央",
    "position": "-",
    "system": "戸98",
    "destinations": [
        "道祖神前(横浜市戸塚区)",
        "谷矢部中央",
        "来迎寺(横浜市戸塚区)",
        "柳作東",
        "蔵坪",
        "戸塚駅"
    ],
    "weekday": [
        "14:26",
        "14:50",
        "15:14",
        "15:38",
        "16:02",
        "16:26",
        "16:45",
        "19:14",
        "19:48",
        "20:44",
        "21:20",
        "22:33"
    ],
    "saturday": [
        "14:56",
        "15:26",
        "15:56",
        "16:26",
        "17:02",
        "17:26",
        "18:02",
        "18:26",
        "19:46",
        "20:51",
        "21:52",
        "22:15"
    ],
    "holiday": [
        "14:56",
        "15:26",
        "15:56",
        "16:26",
        "16:56",
        "17:26",
        "17:56",
        "18:41",
        "19:11",
        "19:46",
        "20:51",
        "21:52"
    ],
    "url": "https://www.kanachu.co.jp/dia/diagram/timetable01_js/course:0000800245-22/node:00126859/kt:0/lname:/"
}
