{
    "date": "2024/09/02",
    "name": "来迎寺(横浜市戸塚区)",
    "position": "-",
    "system": "戸98",
    "destinations": [
        "柳作東",
        "蔵坪",
        "戸塚駅"
    ],
    "weekday": [
        "14:29",
        "14:53",
        "15:17",
        "15:41",
        "16:05",
        "16:29",
        "16:48",
        "19:17",
        "19:51",
        "20:47",
        "21:23",
        "22:36"
    ],
    "saturday": [
        "14:59",
        "15:29",
        "15:59",
        "16:29",
        "17:05",
        "17:29",
        "18:05",
        "18:29",
        "19:49",
        "20:54",
        "21:55",
        "22:18"
    ],
    "holiday": [
        "14:59",
        "15:29",
        "15:59",
        "16:29",
        "16:59",
        "17:29",
        "17:59",
        "18:44",
        "19:14",
        "19:49",
        "20:54",
        "21:55"
    ],
    "url": "https://www.kanachu.co.jp/dia/diagram/timetable01_js/course:0000800245-25/node:00126900/kt:0/lname:/"
}
