{
    "date": "2024/09/02",
    "name": "柳作東",
    "position": "-",
    "system": "戸98",
    "destinations": [
        "蔵坪",
        "戸塚駅"
    ],
    "weekday": [
        "14:30",
        "14:54",
        "15:18",
        "15:42",
        "16:06",
        "16:30",
        "16:49",
        "19:18",
        "19:52",
        "20:48",
        "21:24",
        "22:37"
    ],
    "saturday": [
        "15:00",
        "15:30",
        "16:00",
        "16:30",
        "17:06",
        "17:30",
        "18:06",
        "18:30",
        "19:50",
        "20:55",
        "21:56",
        "22:19"
    ],
    "holiday": [
        "15:00",
        "15:30",
        "16:00",
        "16:30",
        "17:00",
        "17:30",
        "18:00",
        "18:45",
        "19:15",
        "19:50",
        "20:55",
        "21:56"
    ],
    "url": "https://www.kanachu.co.jp/dia/diagram/timetable01_js/course:0000800245-26/node:00126967/kt:0/lname:/"
}
