{
    "date": "2025/01/14",
    "name": "春日台入口",
    "position": "-",
    "system": "厚63",
    "destinations": [
        "西四丁目(愛甲郡愛川町)",
        "西三丁目(愛甲郡愛川町)",
        "西二丁目(愛甲郡愛川町)",
        "西一丁目(厚木市)",
        "南中央通り",
        "東一丁目(厚木市)",
        "団地入口(厚木市)",
        "藤塚(厚木市)",
        "山際",
        "中平(厚木市)",
        "依知小学校前",
        "関口(厚木市)",
        "蓮生寺(厚木市)",
        "追分(厚木市)",
        "下依知入口",
        "金田神社前",
        "金田(厚木市)",
        "金田下宿",
        "積水ソフランウイズ前",
        "鮎津橋",
        "元町(厚木市)",
        "小田急通り",
        "厚木バスセンター"
    ],
    "weekday": [
        "6:27",
        "7:22",
        "8:47",
        "9:02",
        "9:37",
        "10:07",
        "10:37",
        "11:07",
        "11:37",
        "12:07",
        "12:37",
        "13:07",
        "13:37",
        "14:07",
        "14:37",
        "15:07",
        "15:37",
        "16:07",
        "16:37",
        "17:02",
        "17:32",
        "20:02"
    ],
    "saturday": [],
    "holiday": [],
    "url": "https://www.kanachu.co.jp/dia/diagram/timetable01_js/course:0000801864-8/node:00128372/kt:0/lname:/"
}
