{
    "date": "2025/01/14",
    "name": "藤塚(厚木市)",
    "position": "-",
    "system": "厚63",
    "destinations": [
        "山際",
        "中平(厚木市)",
        "依知小学校前",
        "関口(厚木市)",
        "蓮生寺(厚木市)",
        "追分(厚木市)",
        "下依知入口",
        "金田神社前",
        "金田(厚木市)",
        "金田下宿",
        "積水ソフランウイズ前",
        "鮎津橋",
        "元町(厚木市)",
        "小田急通り",
        "厚木バスセンター"
    ],
    "weekday": [
        "6:36",
        "7:31",
        "8:57",
        "9:11",
        "9:46",
        "10:16",
        "10:46",
        "11:16",
        "11:46",
        "12:16",
        "12:46",
        "13:16",
        "13:46",
        "14:16",
        "14:46",
        "15:16",
        "15:46",
        "16:16",
        "16:46",
        "17:11",
        "17:41",
        "20:11"
    ],
    "saturday": [],
    "holiday": [],
    "url": "https://www.kanachu.co.jp/dia/diagram/timetable01_js/course:0000801864-16/node:00128356/kt:0/lname:/"
}
