{
    "date": "2025/01/14",
    "name": "中平(厚木市)",
    "position": "-",
    "system": "厚63",
    "destinations": [
        "依知小学校前",
        "関口(厚木市)",
        "蓮生寺(厚木市)",
        "追分(厚木市)",
        "下依知入口",
        "金田神社前",
        "金田(厚木市)",
        "金田下宿",
        "積水ソフランウイズ前",
        "鮎津橋",
        "元町(厚木市)",
        "小田急通り",
        "厚木バスセンター"
    ],
    "weekday": [
        "6:40",
        "7:37",
        "9:03",
        "9:17",
        "9:52",
        "10:22",
        "10:52",
        "11:22",
        "11:52",
        "12:22",
        "12:52",
        "13:22",
        "13:52",
        "14:22",
        "14:52",
        "15:22",
        "15:52",
        "16:22",
        "16:52",
        "17:17",
        "17:47",
        "20:17"
    ],
    "saturday": [],
    "holiday": [],
    "url": "https://www.kanachu.co.jp/dia/diagram/timetable01_js/course:0000801864-18/node:00128354/kt:0/lname:/"
}
