{
    "date": "2025/01/14",
    "name": "金田下宿",
    "position": "-",
    "system": "厚63",
    "destinations": [
        "積水ソフランウイズ前",
        "鮎津橋",
        "元町(厚木市)",
        "小田急通り",
        "厚木バスセンター"
    ],
    "weekday": [
        "6:49",
        "7:49",
        "9:14",
        "9:28",
        "10:03",
        "10:33",
        "11:03",
        "11:33",
        "12:03",
        "12:33",
        "13:03",
        "13:33",
        "14:03",
        "14:33",
        "15:03",
        "15:33",
        "16:03",
        "16:33",
        "17:03",
        "17:29",
        "17:59",
        "20:26"
    ],
    "saturday": [],
    "holiday": [],
    "url": "https://www.kanachu.co.jp/dia/diagram/timetable01_js/course:0000801864-26/node:00128346/kt:0/lname:/"
}
