{
    "date": "2025/01/14",
    "name": "積水ソフランウイズ前",
    "position": "-",
    "system": "厚63",
    "destinations": [
        "鮎津橋",
        "元町(厚木市)",
        "小田急通り",
        "厚木バスセンター"
    ],
    "weekday": [
        "6:51",
        "7:53",
        "9:16",
        "9:30",
        "10:05",
        "10:35",
        "11:05",
        "11:35",
        "12:05",
        "12:35",
        "13:05",
        "13:35",
        "14:05",
        "14:35",
        "15:05",
        "15:35",
        "16:05",
        "16:35",
        "17:05",
        "17:31",
        "18:01",
        "20:28"
    ],
    "saturday": [],
    "holiday": [],
    "url": "https://www.kanachu.co.jp/dia/diagram/timetable01_js/course:0000801864-27/node:00128345/kt:0/lname:/"
}
