{
    "date": "2025/11/16",
    "name": "りんどう寮前",
    "position": "-",
    "system": "伊34",
    "destinations": [
        "共済会館入口",
        "片町(伊勢原市)",
        "片町十字路",
        "大神宮前",
        "本町(伊勢原市)",
        "伊勢原駅北口"
    ],
    "weekday": [
        "9:20",
        "10:20",
        "11:50",
        "14:15",
        "16:15",
        "17:15",
        "18:15",
        "19:15"
    ],
    "saturday": [
        "8:00",
        "9:15",
        "10:25",
        "12:00",
        "13:10",
        "14:20",
        "16:00",
        "17:15"
    ],
    "holiday": [
        "8:00",
        "9:15",
        "10:25",
        "12:00",
        "13:10",
        "14:20",
        "16:00",
        "17:15"
    ],
    "url": "https://www.kanachu.co.jp/dia/diagram/timetable01_js/course:0000803358-17/node:00128173/kt:0/lname:/"
}
