{
    "date": "2025/11/16",
    "name": "大神宮前",
    "position": "-",
    "system": "伊34",
    "destinations": [
        "本町(伊勢原市)",
        "伊勢原駅北口"
    ],
    "weekday": [
        "9:25",
        "10:25",
        "11:55",
        "14:20",
        "16:20",
        "17:20",
        "18:20",
        "19:20"
    ],
    "saturday": [
        "8:05",
        "9:20",
        "10:30",
        "12:05",
        "13:15",
        "14:25",
        "16:05",
        "17:20"
    ],
    "holiday": [
        "8:05",
        "9:20",
        "10:30",
        "12:05",
        "13:15",
        "14:25",
        "16:05",
        "17:20"
    ],
    "url": "https://www.kanachu.co.jp/dia/diagram/timetable01_js/course:0000803358-21/node:00128129/kt:0/lname:/"
}
