{
    "date": "2025/11/16",
    "name": "よこはま動物園",
    "position": "-",
    "system": "",
    "destinations": [
        "横浜旭陵高校前",
        "都岡辻",
        "都岡町",
        "農協前(横浜市旭区)",
        "筑池",
        "今宿(横浜市旭区)",
        "今宿小学校入口",
        "鶴ヶ峰中学校前",
        "薬王寺入口",
        "鶴ヶ峰本町",
        "鶴ヶ峰駅"
    ],
    "weekday": [
        "10:05",
        "10:33",
        "12:10",
        "12:57",
        "14:00",
        "14:55",
        "15:33",
        "16:10",
        "16:55"
    ],
    "saturday": [
        "9:33",
        "10:11",
        "10:34",
        "10:55",
        "11:17",
        "11:42",
        "12:10",
        "12:25",
        "12:35",
        "13:05",
        "13:55",
        "14:25",
        "15:15",
        "15:25",
        "16:13",
        "16:50"
    ],
    "holiday": [
        "9:24",
        "9:40",
        "10:17",
        "10:47",
        "11:17",
        "11:42",
        "12:17",
        "12:33",
        "13:17",
        "13:50",
        "14:23",
        "14:33",
        "15:03",
        "15:25",
        "15:53",
        "16:50"
    ],
    "url": "https://www.kanachu.co.jp/dia/diagram/timetable01_js/course:0000802237-1/node:00103244/kt:0/lname:/"
}
