{
    "date": "2025/11/16",
    "name": "横浜旭陵高校前",
    "position": "-",
    "system": "",
    "destinations": [
        "都岡辻",
        "都岡町",
        "農協前(横浜市旭区)",
        "筑池",
        "今宿(横浜市旭区)",
        "今宿小学校入口",
        "鶴ヶ峰中学校前",
        "薬王寺入口",
        "鶴ヶ峰本町",
        "鶴ヶ峰駅"
    ],
    "weekday": [
        "10:07",
        "10:35",
        "12:12",
        "12:59",
        "14:02",
        "14:57",
        "15:35",
        "16:12",
        "16:57"
    ],
    "saturday": [
        "9:35",
        "10:13",
        "10:36",
        "10:57",
        "11:19",
        "11:44",
        "12:12",
        "12:27",
        "12:37",
        "13:07",
        "13:57",
        "14:27",
        "15:17",
        "15:27",
        "16:15",
        "16:52"
    ],
    "holiday": [
        "9:26",
        "9:42",
        "10:19",
        "10:49",
        "11:19",
        "11:44",
        "12:19",
        "12:35",
        "13:19",
        "13:52",
        "14:25",
        "14:35",
        "15:05",
        "15:27",
        "15:55",
        "16:52"
    ],
    "url": "https://www.kanachu.co.jp/dia/diagram/timetable01_js/course:0000802237-2/node:00129783/kt:0/lname:/"
}
