{
    "date": "2025/11/16",
    "name": "都岡辻",
    "position": "-",
    "system": "05",
    "destinations": [
        "都岡町",
        "農協前(横浜市旭区)",
        "筑池",
        "今宿(横浜市旭区)",
        "今宿小学校入口",
        "鶴ヶ峰中学校前",
        "薬王寺入口",
        "鶴ヶ峰本町",
        "鶴ヶ峰駅"
    ],
    "weekday": [
        "10:08",
        "10:36",
        "12:13",
        "13:00",
        "14:03",
        "14:58",
        "15:36",
        "16:13",
        "16:58"
    ],
    "saturday": [
        "9:36",
        "10:14",
        "10:37",
        "10:58",
        "11:20",
        "11:45",
        "12:13",
        "12:28",
        "12:38",
        "13:08",
        "13:58",
        "14:28",
        "15:18",
        "15:28",
        "16:16",
        "16:53"
    ],
    "holiday": [
        "9:27",
        "9:43",
        "10:20",
        "10:50",
        "11:20",
        "11:45",
        "12:20",
        "12:36",
        "13:20",
        "13:53",
        "14:26",
        "14:36",
        "15:06",
        "15:28",
        "15:56",
        "16:53"
    ],
    "url": "https://www.kanachu.co.jp/dia/diagram/timetable01_js/course:0000802237-3/node:00129782/kt:0/lname:/"
}
