{
    "date": "2025/11/16",
    "name": "筑池",
    "position": "-",
    "system": "05",
    "destinations": [
        "今宿(横浜市旭区)",
        "今宿小学校入口",
        "鶴ヶ峰中学校前",
        "薬王寺入口",
        "鶴ヶ峰本町",
        "鶴ヶ峰駅"
    ],
    "weekday": [
        "10:11",
        "10:39",
        "12:16",
        "13:03",
        "14:06",
        "15:01",
        "15:39",
        "16:16",
        "17:01"
    ],
    "saturday": [
        "9:39",
        "10:17",
        "10:40",
        "11:01",
        "11:23",
        "11:48",
        "12:16",
        "12:31",
        "12:41",
        "13:11",
        "14:01",
        "14:31",
        "15:21",
        "15:31",
        "16:19",
        "16:56"
    ],
    "holiday": [
        "9:30",
        "9:46",
        "10:23",
        "10:53",
        "11:23",
        "11:48",
        "12:23",
        "12:39",
        "13:23",
        "13:56",
        "14:29",
        "14:39",
        "15:09",
        "15:31",
        "15:59",
        "16:56"
    ],
    "url": "https://www.kanachu.co.jp/dia/diagram/timetable01_js/course:0000802237-6/node:00129715/kt:0/lname:/"
}
