{
    "date": "2025/11/16",
    "name": "今宿(横浜市旭区)",
    "position": "-",
    "system": "",
    "destinations": [
        "今宿小学校入口",
        "鶴ヶ峰中学校前",
        "薬王寺入口",
        "鶴ヶ峰本町",
        "鶴ヶ峰駅"
    ],
    "weekday": [
        "10:13",
        "10:41",
        "12:18",
        "13:05",
        "14:08",
        "15:03",
        "15:41",
        "16:18",
        "17:03"
    ],
    "saturday": [
        "9:41",
        "10:19",
        "10:42",
        "11:03",
        "11:25",
        "11:50",
        "12:18",
        "12:33",
        "12:43",
        "13:13",
        "14:03",
        "14:33",
        "15:23",
        "15:33",
        "16:21",
        "16:58"
    ],
    "holiday": [
        "9:32",
        "9:48",
        "10:25",
        "10:55",
        "11:25",
        "11:50",
        "12:25",
        "12:41",
        "13:25",
        "13:58",
        "14:31",
        "14:41",
        "15:11",
        "15:33",
        "16:01",
        "16:58"
    ],
    "url": "https://www.kanachu.co.jp/dia/diagram/timetable01_js/course:0000802237-7/node:00129716/kt:0/lname:/"
}
