{
    "date": "2025/11/16",
    "name": "今宿小学校入口",
    "position": "-",
    "system": "",
    "destinations": [
        "鶴ヶ峰中学校前",
        "薬王寺入口",
        "鶴ヶ峰本町",
        "鶴ヶ峰駅"
    ],
    "weekday": [
        "10:14",
        "10:42",
        "12:19",
        "13:06",
        "14:09",
        "15:04",
        "15:42",
        "16:19",
        "17:04"
    ],
    "saturday": [
        "9:42",
        "10:20",
        "10:43",
        "11:04",
        "11:26",
        "11:51",
        "12:19",
        "12:34",
        "12:44",
        "13:14",
        "14:04",
        "14:34",
        "15:24",
        "15:34",
        "16:22",
        "16:59"
    ],
    "holiday": [
        "9:33",
        "9:49",
        "10:26",
        "10:56",
        "11:26",
        "11:51",
        "12:26",
        "12:42",
        "13:26",
        "13:59",
        "14:32",
        "14:42",
        "15:12",
        "15:34",
        "16:02",
        "16:59"
    ],
    "url": "https://www.kanachu.co.jp/dia/diagram/timetable01_js/course:0000802237-8/node:00129717/kt:0/lname:/"
}
