{
    "date": "2025/11/16",
    "name": "薬王寺入口",
    "position": "-",
    "system": "05",
    "destinations": [
        "鶴ヶ峰本町",
        "鶴ヶ峰駅"
    ],
    "weekday": [
        "10:16",
        "10:44",
        "12:21",
        "13:08",
        "14:11",
        "15:06",
        "15:44",
        "16:21",
        "17:06"
    ],
    "saturday": [
        "9:44",
        "10:22",
        "10:45",
        "11:06",
        "11:28",
        "11:53",
        "12:21",
        "12:36",
        "12:46",
        "13:16",
        "14:06",
        "14:36",
        "15:26",
        "15:36",
        "16:24",
        "17:01"
    ],
    "holiday": [
        "9:35",
        "9:51",
        "10:28",
        "10:58",
        "11:28",
        "11:53",
        "12:28",
        "12:44",
        "13:28",
        "14:01",
        "14:34",
        "14:44",
        "15:14",
        "15:36",
        "16:04",
        "17:01"
    ],
    "url": "https://www.kanachu.co.jp/dia/diagram/timetable01_js/course:0000802237-10/node:00129719/kt:0/lname:/"
}
