{
    "date": "2025/11/16",
    "name": "鶴ヶ峰本町",
    "position": "-",
    "system": "",
    "destinations": [
        "鶴ヶ峰駅"
    ],
    "weekday": [
        "10:17",
        "10:45",
        "12:22",
        "13:09",
        "14:12",
        "15:07",
        "15:45",
        "16:22",
        "17:07"
    ],
    "saturday": [
        "9:45",
        "10:23",
        "10:46",
        "11:07",
        "11:29",
        "11:54",
        "12:22",
        "12:37",
        "12:47",
        "13:17",
        "14:07",
        "14:37",
        "15:27",
        "15:37",
        "16:25",
        "17:02"
    ],
    "holiday": [
        "9:36",
        "9:52",
        "10:29",
        "10:59",
        "11:29",
        "11:54",
        "12:29",
        "12:45",
        "13:29",
        "14:02",
        "14:35",
        "14:45",
        "15:15",
        "15:37",
        "16:05",
        "17:02"
    ],
    "url": "https://www.kanachu.co.jp/dia/diagram/timetable01_js/course:0000802237-11/node:00129720/kt:0/lname:/"
}
