{
    "date": "2013/11/01",
    "name": "市民文化センター前(綾瀬市)",
    "position": "-",
    "system": "ー",
    "destinations": [
        "綾瀬厚生病院",
        "ハンディホームセンター前",
        "深谷中四丁目",
        "長龍寺前",
        "綾瀬メディカルプラザ",
        "妻之神前",
        "市民スポーツセンター",
        "市民スポーツセンター北",
        "報恩寺入口",
        "寺尾南",
        "寺尾本町一丁目",
        "寺尾入口",
        "綾北小学校前",
        "子ノ神(綾瀬市)",
        "坂下(綾瀬市)",
        "青原",
        "大上四丁目",
        "大上五丁目",
        "北の台小学校(綾瀬市)",
        "深谷大上ふれあいの家",
        "北の台中学校前",
        "さくら公園(綾瀬市)",
        "蓼川自治会館",
        "相模大塚駅"
    ],
    "weekday": [
        "6:57",
        "8:35",
        "10:42",
        "12:22",
        "13:57",
        "15:57",
        "17:39"
    ],
    "saturday": [
        "6:57",
        "8:35",
        "10:42",
        "12:22",
        "13:57",
        "15:57",
        "17:39"
    ],
    "holiday": [
        "6:57",
        "8:35",
        "10:42",
        "12:22",
        "13:57",
        "15:57",
        "17:39"
    ],
    "url": "https://www.kanachu.co.jp/dia/diagram/timetable01_js/course:0000801753-2/node:00129861/kt:0/lname:/"
}
