{
    "date": "2013/11/01",
    "name": "綾瀬厚生病院",
    "position": "-",
    "system": "",
    "destinations": [
        "ハンディホームセンター前",
        "深谷中四丁目",
        "長龍寺前",
        "綾瀬メディカルプラザ",
        "妻之神前",
        "市民スポーツセンター",
        "市民スポーツセンター北",
        "報恩寺入口",
        "寺尾南",
        "寺尾本町一丁目",
        "寺尾入口",
        "綾北小学校前",
        "子ノ神(綾瀬市)",
        "坂下(綾瀬市)",
        "青原",
        "大上四丁目",
        "大上五丁目",
        "北の台小学校(綾瀬市)",
        "深谷大上ふれあいの家",
        "北の台中学校前",
        "さくら公園(綾瀬市)",
        "蓼川自治会館",
        "相模大塚駅"
    ],
    "weekday": [
        "7:00",
        "8:38",
        "10:45",
        "12:25",
        "14:00",
        "16:00",
        "17:42"
    ],
    "saturday": [
        "7:00",
        "8:38",
        "10:45",
        "12:25",
        "14:00",
        "16:00",
        "17:42"
    ],
    "holiday": [
        "7:00",
        "8:38",
        "10:45",
        "12:25",
        "14:00",
        "16:00",
        "17:42"
    ],
    "url": "https://www.kanachu.co.jp/dia/diagram/timetable01_js/course:0000801753-3/node:00130041/kt:0/lname:/"
}
