{
    "date": "2013/11/01",
    "name": "妻之神前",
    "position": "-",
    "system": "ー",
    "destinations": [
        "市民スポーツセンター",
        "市民スポーツセンター北",
        "報恩寺入口",
        "寺尾南",
        "寺尾本町一丁目",
        "寺尾入口",
        "綾北小学校前",
        "子ノ神(綾瀬市)",
        "坂下(綾瀬市)",
        "青原",
        "大上四丁目",
        "大上五丁目",
        "北の台小学校(綾瀬市)",
        "深谷大上ふれあいの家",
        "北の台中学校前",
        "さくら公園(綾瀬市)",
        "蓼川自治会館",
        "相模大塚駅"
    ],
    "weekday": [
        "7:04",
        "8:42",
        "10:49",
        "12:29",
        "14:04",
        "16:04",
        "17:46"
    ],
    "saturday": [
        "7:04",
        "8:42",
        "10:49",
        "12:29",
        "14:04",
        "16:04",
        "17:46"
    ],
    "holiday": [
        "7:04",
        "8:42",
        "10:49",
        "12:29",
        "14:04",
        "16:04",
        "17:46"
    ],
    "url": "https://www.kanachu.co.jp/dia/diagram/timetable01_js/course:0000801753-8/node:00130044/kt:0/lname:/"
}
