{
    "date": "2013/11/01",
    "name": "市民スポーツセンター",
    "position": "-",
    "system": "",
    "destinations": [
        "市民スポーツセンター北",
        "報恩寺入口",
        "寺尾南",
        "寺尾本町一丁目",
        "寺尾入口",
        "綾北小学校前",
        "子ノ神(綾瀬市)",
        "坂下(綾瀬市)",
        "青原",
        "大上四丁目",
        "大上五丁目",
        "北の台小学校(綾瀬市)",
        "深谷大上ふれあいの家",
        "北の台中学校前",
        "さくら公園(綾瀬市)",
        "蓼川自治会館",
        "相模大塚駅"
    ],
    "weekday": [
        "7:05",
        "8:43",
        "10:50",
        "12:30",
        "14:05",
        "16:05",
        "17:47"
    ],
    "saturday": [
        "7:05",
        "8:43",
        "10:50",
        "12:30",
        "14:05",
        "16:05",
        "17:47"
    ],
    "holiday": [
        "7:05",
        "8:43",
        "10:50",
        "12:30",
        "14:05",
        "16:05",
        "17:47"
    ],
    "url": "https://www.kanachu.co.jp/dia/diagram/timetable01_js/course:0000801753-9/node:00130045/kt:0/lname:/"
}
