{
    "date": "2013/11/01",
    "name": "子ノ神(綾瀬市)",
    "position": "-",
    "system": "",
    "destinations": [
        "坂下(綾瀬市)",
        "青原",
        "大上四丁目",
        "大上五丁目",
        "北の台小学校(綾瀬市)",
        "深谷大上ふれあいの家",
        "北の台中学校前",
        "さくら公園(綾瀬市)",
        "蓼川自治会館",
        "相模大塚駅"
    ],
    "weekday": [
        "7:12",
        "8:50",
        "10:57",
        "12:37",
        "14:12",
        "16:12",
        "17:54"
    ],
    "saturday": [
        "7:12",
        "8:50",
        "10:57",
        "12:37",
        "14:12",
        "16:12",
        "17:54"
    ],
    "holiday": [
        "7:12",
        "8:50",
        "10:57",
        "12:37",
        "14:12",
        "16:12",
        "17:54"
    ],
    "url": "https://www.kanachu.co.jp/dia/diagram/timetable01_js/course:0000801753-16/node:00129867/kt:0/lname:/"
}
