{
    "date": "2013/11/01",
    "name": "大上四丁目",
    "position": "-",
    "system": "",
    "destinations": [
        "大上五丁目",
        "北の台小学校(綾瀬市)",
        "深谷大上ふれあいの家",
        "北の台中学校前",
        "さくら公園(綾瀬市)",
        "蓼川自治会館",
        "相模大塚駅"
    ],
    "weekday": [
        "7:15",
        "8:53",
        "11:00",
        "12:40",
        "14:15",
        "16:15",
        "17:57"
    ],
    "saturday": [
        "7:15",
        "8:53",
        "11:00",
        "12:40",
        "14:15",
        "16:15",
        "17:57"
    ],
    "holiday": [
        "7:15",
        "8:53",
        "11:00",
        "12:40",
        "14:15",
        "16:15",
        "17:57"
    ],
    "url": "https://www.kanachu.co.jp/dia/diagram/timetable01_js/course:0000801753-19/node:00130054/kt:0/lname:/"
}
