{
    "date": "2013/11/01",
    "name": "深谷大上ふれあいの家",
    "position": "-",
    "system": "ー",
    "destinations": [
        "北の台中学校前",
        "さくら公園(綾瀬市)",
        "蓼川自治会館",
        "相模大塚駅"
    ],
    "weekday": [
        "7:18",
        "8:56",
        "11:03",
        "12:43",
        "14:18",
        "16:18",
        "18:00"
    ],
    "saturday": [
        "7:18",
        "8:56",
        "11:03",
        "12:43",
        "14:18",
        "16:18",
        "18:00"
    ],
    "holiday": [
        "7:18",
        "8:56",
        "11:03",
        "12:43",
        "14:18",
        "16:18",
        "18:00"
    ],
    "url": "https://www.kanachu.co.jp/dia/diagram/timetable01_js/course:0000801753-22/node:00130056/kt:0/lname:/"
}
