{
    "date": "2013/11/01",
    "name": "蓼川自治会館",
    "position": "-",
    "system": "",
    "destinations": [
        "相模大塚駅"
    ],
    "weekday": [
        "7:21",
        "8:59",
        "11:06",
        "12:46",
        "14:21",
        "16:21",
        "18:03"
    ],
    "saturday": [
        "7:21",
        "8:59",
        "11:06",
        "12:46",
        "14:21",
        "16:21",
        "18:03"
    ],
    "holiday": [
        "7:21",
        "8:59",
        "11:06",
        "12:46",
        "14:21",
        "16:21",
        "18:03"
    ],
    "url": "https://www.kanachu.co.jp/dia/diagram/timetable01_js/course:0000801753-25/node:00130059/kt:0/lname:/"
}
