{
    "date": "2025/07/27",
    "name": "堂面(中郡二宮町)",
    "position": "-",
    "system": "秦60",
    "destinations": [
        "中島(中郡二宮町)",
        "中里(中郡二宮町)",
        "二宮高校入口",
        "団地中央(中郡二宮町)",
        "岩崎(中郡二宮町)",
        "下谷(中郡二宮町)",
        "一色(中郡二宮町)",
        "梅ノ木(中郡二宮町)",
        "五分一",
        "下井ノ口",
        "北窪入口",
        "井ノ口小学校前",
        "上井ノ口",
        "原(足柄上郡中井町)",
        "猪分",
        "東名秦野",
        "大竹(秦野市)",
        "西大竹",
        "養泉院",
        "秦野郵便局前",
        "秦野駅南口"
    ],
    "weekday": [
        "5:56",
        "6:22",
        "7:04",
        "7:22",
        "8:04",
        "8:30",
        "9:04",
        "9:51",
        "10:56",
        "12:51",
        "13:51",
        "15:51",
        "16:51",
        "17:43",
        "18:43",
        "19:43",
        "20:33"
    ],
    "saturday": [
        "8:38",
        "9:38",
        "11:39",
        "14:38",
        "16:38",
        "20:38"
    ],
    "holiday": [
        "8:38",
        "9:38",
        "11:39",
        "14:38",
        "16:38",
        "20:38"
    ],
    "url": "https://www.kanachu.co.jp/dia/diagram/timetable01_js/course:0000800254-3/node:00127790/kt:0/lname:/"
}
