{
    "date": "2025/07/27",
    "name": "二宮高校入口",
    "position": "-",
    "system": "秦60",
    "destinations": [
        "団地中央(中郡二宮町)",
        "岩崎(中郡二宮町)",
        "下谷(中郡二宮町)",
        "一色(中郡二宮町)",
        "梅ノ木(中郡二宮町)",
        "五分一",
        "下井ノ口",
        "北窪入口",
        "井ノ口小学校前",
        "上井ノ口",
        "原(足柄上郡中井町)",
        "猪分",
        "東名秦野",
        "大竹(秦野市)",
        "西大竹",
        "養泉院",
        "秦野郵便局前",
        "秦野駅南口"
    ],
    "weekday": [
        "5:59",
        "6:25",
        "7:07",
        "7:25",
        "8:07",
        "8:33",
        "9:07",
        "9:54",
        "10:59",
        "12:54",
        "13:54",
        "15:54",
        "16:54",
        "17:46",
        "18:46",
        "19:46",
        "20:36"
    ],
    "saturday": [
        "8:41",
        "9:41",
        "11:42",
        "14:41",
        "16:41",
        "20:41"
    ],
    "holiday": [
        "8:41",
        "9:41",
        "11:42",
        "14:41",
        "16:41",
        "20:41"
    ],
    "url": "https://www.kanachu.co.jp/dia/diagram/timetable01_js/course:0000800254-6/node:00127787/kt:0/lname:/"
}
