{
    "date": "2025/07/27",
    "name": "団地中央(中郡二宮町)",
    "position": "-",
    "system": "秦60",
    "destinations": [
        "岩崎(中郡二宮町)",
        "下谷(中郡二宮町)",
        "一色(中郡二宮町)",
        "梅ノ木(中郡二宮町)",
        "五分一",
        "下井ノ口",
        "北窪入口",
        "井ノ口小学校前",
        "上井ノ口",
        "原(足柄上郡中井町)",
        "猪分",
        "東名秦野",
        "大竹(秦野市)",
        "西大竹",
        "養泉院",
        "秦野郵便局前",
        "秦野駅南口"
    ],
    "weekday": [
        "6:03",
        "6:29",
        "7:11",
        "7:29",
        "8:11",
        "8:37",
        "9:11",
        "9:58",
        "11:03",
        "12:58",
        "13:58",
        "15:58",
        "16:58",
        "17:50",
        "18:50",
        "19:50",
        "20:40"
    ],
    "saturday": [
        "8:45",
        "9:45",
        "11:46",
        "14:45",
        "16:45",
        "20:45"
    ],
    "holiday": [
        "8:45",
        "9:45",
        "11:46",
        "14:45",
        "16:45",
        "20:45"
    ],
    "url": "https://www.kanachu.co.jp/dia/diagram/timetable01_js/course:0000800254-7/node:00127786/kt:0/lname:/"
}
