{
    "date": "2025/07/27",
    "name": "岩崎(中郡二宮町)",
    "position": "-",
    "system": "秦60",
    "destinations": [
        "下谷(中郡二宮町)",
        "一色(中郡二宮町)",
        "梅ノ木(中郡二宮町)",
        "五分一",
        "下井ノ口",
        "北窪入口",
        "井ノ口小学校前",
        "上井ノ口",
        "原(足柄上郡中井町)",
        "猪分",
        "東名秦野",
        "大竹(秦野市)",
        "西大竹",
        "養泉院",
        "秦野郵便局前",
        "秦野駅南口"
    ],
    "weekday": [
        "6:04",
        "6:30",
        "7:13",
        "7:31",
        "8:13",
        "8:39",
        "9:13",
        "10:00",
        "11:05",
        "13:00",
        "14:00",
        "16:00",
        "17:00",
        "17:52",
        "18:52",
        "19:51",
        "20:41"
    ],
    "saturday": [
        "8:47",
        "9:47",
        "11:48",
        "14:47",
        "16:47",
        "20:46"
    ],
    "holiday": [
        "8:47",
        "9:47",
        "11:48",
        "14:47",
        "16:47",
        "20:46"
    ],
    "url": "https://www.kanachu.co.jp/dia/diagram/timetable01_js/course:0000800254-8/node:00127785/kt:0/lname:/"
}
