{
    "date": "2025/07/27",
    "name": "梅ノ木(中郡二宮町)",
    "position": "-",
    "system": "秦60",
    "destinations": [
        "五分一",
        "下井ノ口",
        "北窪入口",
        "井ノ口小学校前",
        "上井ノ口",
        "原(足柄上郡中井町)",
        "猪分",
        "東名秦野",
        "大竹(秦野市)",
        "西大竹",
        "養泉院",
        "秦野郵便局前",
        "秦野駅南口"
    ],
    "weekday": [
        "6:07",
        "6:33",
        "7:16",
        "7:34",
        "8:16",
        "8:42",
        "9:16",
        "10:03",
        "11:08",
        "13:03",
        "14:03",
        "16:03",
        "17:03",
        "17:55",
        "18:55",
        "19:54",
        "20:44"
    ],
    "saturday": [
        "8:50",
        "9:50",
        "11:51",
        "14:50",
        "16:50",
        "20:49"
    ],
    "holiday": [
        "8:50",
        "9:50",
        "11:51",
        "14:50",
        "16:50",
        "20:49"
    ],
    "url": "https://www.kanachu.co.jp/dia/diagram/timetable01_js/course:0000800254-11/node:00127782/kt:0/lname:/"
}
