{
    "date": "2025/07/27",
    "name": "井ノ口小学校前",
    "position": "-",
    "system": "秦60",
    "destinations": [
        "上井ノ口",
        "原(足柄上郡中井町)",
        "猪分",
        "東名秦野",
        "大竹(秦野市)",
        "西大竹",
        "養泉院",
        "秦野郵便局前",
        "秦野駅南口"
    ],
    "weekday": [
        "6:12",
        "6:38",
        "7:21",
        "7:39",
        "8:21",
        "8:47",
        "9:21",
        "10:08",
        "11:13",
        "13:08",
        "14:08",
        "16:08",
        "17:08",
        "18:00",
        "19:00",
        "19:59",
        "20:49"
    ],
    "saturday": [
        "8:55",
        "9:55",
        "11:56",
        "14:55",
        "16:55",
        "20:54"
    ],
    "holiday": [
        "8:55",
        "9:55",
        "11:56",
        "14:55",
        "16:55",
        "20:54"
    ],
    "url": "https://www.kanachu.co.jp/dia/diagram/timetable01_js/course:0000800254-15/node:00127778/kt:0/lname:/"
}
