{
    "date": "2025/07/27",
    "name": "西大竹",
    "position": "-",
    "system": "秦60",
    "destinations": [
        "養泉院",
        "秦野郵便局前",
        "秦野駅南口"
    ],
    "weekday": [
        "6:19",
        "6:45",
        "7:30",
        "7:48",
        "8:30",
        "8:56",
        "9:30",
        "10:17",
        "11:22",
        "13:17",
        "14:17",
        "16:17",
        "17:17",
        "18:09",
        "19:07",
        "20:06",
        "20:56"
    ],
    "saturday": [
        "9:03",
        "10:03",
        "12:04",
        "15:03",
        "17:03",
        "21:02"
    ],
    "holiday": [
        "9:03",
        "10:03",
        "12:04",
        "15:03",
        "17:03",
        "21:02"
    ],
    "url": "https://www.kanachu.co.jp/dia/diagram/timetable01_js/course:0000800254-21/node:00127766/kt:0/lname:/"
}
