{
    "date": "2025/07/27",
    "name": "秦野郵便局前",
    "position": "-",
    "system": "秦60",
    "destinations": [
        "秦野駅南口"
    ],
    "weekday": [
        "6:21",
        "6:47",
        "7:32",
        "7:50",
        "8:32",
        "8:58",
        "9:32",
        "10:19",
        "11:24",
        "13:19",
        "14:19",
        "16:19",
        "17:19",
        "18:11",
        "19:09",
        "20:08",
        "20:58"
    ],
    "saturday": [
        "9:05",
        "10:05",
        "12:06",
        "15:05",
        "17:05",
        "21:04"
    ],
    "holiday": [
        "9:05",
        "10:05",
        "12:06",
        "15:05",
        "17:05",
        "21:04"
    ],
    "url": "https://www.kanachu.co.jp/dia/diagram/timetable01_js/course:0000800254-23/node:00127764/kt:0/lname:/"
}
