{
    "system": "秦60",
    "busstops": [
        {
            "index": "1",
            "id": "00127683",
            "name": "二宮駅北口",
            "lat": "35.299089",
            "lng": "139.257381"
        },
        {
            "index": "2",
            "id": "00127791",
            "name": "元町(中郡二宮町)",
            "lat": "35.301632",
            "lng": "139.258545"
        },
        {
            "index": "3",
            "id": "00127790",
            "name": "堂面(中郡二宮町)",
            "lat": "35.30523",
            "lng": "139.255254"
        },
        {
            "index": "4",
            "id": "00127789",
            "name": "中島(中郡二宮町)",
            "lat": "35.307295",
            "lng": "139.252859"
        },
        {
            "index": "5",
            "id": "00127788",
            "name": "中里(中郡二宮町)",
            "lat": "35.308334",
            "lng": "139.248841"
        },
        {
            "index": "6",
            "id": "00127787",
            "name": "二宮高校入口",
            "lat": "35.311899",
            "lng": "139.245308"
        },
        {
            "index": "7",
            "id": "00127786",
            "name": "団地中央(中郡二宮町)",
            "lat": "35.312132",
            "lng": "139.243436"
        },
        {
            "index": "8",
            "id": "00127785",
            "name": "岩崎(中郡二宮町)",
            "lat": "35.314139",
            "lng": "139.244214"
        },
        {
            "index": "9",
            "id": "00127784",
            "name": "下谷(中郡二宮町)",
            "lat": "35.317764",
            "lng": "139.24249"
        },
        {
            "index": "10",
            "id": "00127783",
            "name": "一色(中郡二宮町)",
            "lat": "35.321212",
            "lng": "139.241207"
        },
        {
            "index": "11",
            "id": "00127782",
            "name": "梅ノ木(中郡二宮町)",
            "lat": "35.32373",
            "lng": "139.23989"
        },
        {
            "index": "12",
            "id": "00127781",
            "name": "五分一",
            "lat": "35.328226",
            "lng": "139.2365"
        },
        {
            "index": "13",
            "id": "00127780",
            "name": "下井ノ口",
            "lat": "35.331553",
            "lng": "139.235204"
        },
        {
            "index": "14",
            "id": "00127779",
            "name": "北窪入口",
            "lat": "35.335205",
            "lng": "139.232595"
        },
        {
            "index": "15",
            "id": "00127778",
            "name": "井ノ口小学校前",
            "lat": "35.339577",
            "lng": "139.232479"
        },
        {
            "index": "16",
            "id": "00127777",
            "name": "上井ノ口",
            "lat": "35.341607",
            "lng": "139.232324"
        },
        {
            "index": "17",
            "id": "00127776",
            "name": "原(足柄上郡中井町)",
            "lat": "35.345771",
            "lng": "139.233716"
        },
        {
            "index": "18",
            "id": "00127775",
            "name": "猪分",
            "lat": "35.348131",
            "lng": "139.234565"
        },
        {
            "index": "19",
            "id": "00026081",
            "name": "東名秦野",
            "lat": "35.351729",
            "lng": "139.235671"
        },
        {
            "index": "20",
            "id": "00127767",
            "name": "大竹(秦野市)",
            "lat": "35.358275",
            "lng": "139.2354"
        },
        {
            "index": "21",
            "id": "00127766",
            "name": "西大竹",
            "lat": "35.362471",
            "lng": "139.234553"
        },
        {
            "index": "22",
            "id": "00127765",
            "name": "養泉院",
            "lat": "35.365661",
            "lng": "139.233472"
        },
        {
            "index": "23",
            "id": "00127764",
            "name": "秦野郵便局前",
            "lat": "35.368152",
            "lng": "139.230819"
        },
        {
            "index": "24",
            "id": "00128054",
            "name": "秦野駅南口",
            "lat": "35.370145",
            "lng": "139.225385"
        }
    ],
    "route_url": "https://www.kanachu.co.jp/dia/route/index/cid:0000800254/"
}
