{
    "date": "2025/07/03",
    "name": "湘南高校前",
    "position": "-",
    "system": "藤07",
    "destinations": [
        "一中入口(藤沢市)",
        "引地橋",
        "メルシャン前",
        "羽鳥(藤沢市)",
        "辻堂入口",
        "四ツ谷(藤沢市)",
        "二ツ谷",
        "東小和田",
        "小和田(茅ケ崎市)",
        "西小和田",
        "菱沼",
        "松林中学校前",
        "茅ヶ崎高校前",
        "本村(茅ケ崎市)",
        "茅ヶ崎駅"
    ],
    "weekday": [
        "6:31",
        "6:54",
        "7:23",
        "8:03",
        "15:07",
        "17:00",
        "19:14",
        "20:53",
        "21:55",
        "22:34"
    ],
    "saturday": [
        "6:33",
        "7:58",
        "8:50",
        "11:24",
        "13:24",
        "15:25",
        "17:25",
        "19:24",
        "21:02",
        "22:04"
    ],
    "holiday": [
        "6:33",
        "7:58",
        "8:50",
        "11:24",
        "13:24",
        "15:25",
        "17:25",
        "19:24",
        "21:02",
        "22:04"
    ],
    "url": "https://www.kanachu.co.jp/dia/diagram/timetable01_js/course:0000800310-9/node:00127050/kt:0/lname:/"
}
