{
    "date": "2025/07/03",
    "name": "一中入口(藤沢市)",
    "position": "-",
    "system": "藤07",
    "destinations": [
        "引地橋",
        "メルシャン前",
        "羽鳥(藤沢市)",
        "辻堂入口",
        "四ツ谷(藤沢市)",
        "二ツ谷",
        "東小和田",
        "小和田(茅ケ崎市)",
        "西小和田",
        "菱沼",
        "松林中学校前",
        "茅ヶ崎高校前",
        "本村(茅ケ崎市)",
        "茅ヶ崎駅"
    ],
    "weekday": [
        "6:31",
        "6:54",
        "7:24",
        "8:04",
        "15:08",
        "17:01",
        "19:15",
        "20:53",
        "21:55",
        "22:34"
    ],
    "saturday": [
        "6:33",
        "7:58",
        "8:51",
        "11:25",
        "13:25",
        "15:26",
        "17:26",
        "19:25",
        "21:02",
        "22:04"
    ],
    "holiday": [
        "6:33",
        "7:58",
        "8:51",
        "11:25",
        "13:25",
        "15:26",
        "17:26",
        "19:25",
        "21:02",
        "22:04"
    ],
    "url": "https://www.kanachu.co.jp/dia/diagram/timetable01_js/course:0000800310-10/node:00127051/kt:0/lname:/"
}
