{
    "date": "2025/07/03",
    "name": "引地橋",
    "position": "-",
    "system": "藤07",
    "destinations": [
        "メルシャン前",
        "羽鳥(藤沢市)",
        "辻堂入口",
        "四ツ谷(藤沢市)",
        "二ツ谷",
        "東小和田",
        "小和田(茅ケ崎市)",
        "西小和田",
        "菱沼",
        "松林中学校前",
        "茅ヶ崎高校前",
        "本村(茅ケ崎市)",
        "茅ヶ崎駅"
    ],
    "weekday": [
        "6:32",
        "6:55",
        "7:25",
        "8:05",
        "15:09",
        "17:02",
        "19:16",
        "20:54",
        "21:56",
        "22:35"
    ],
    "saturday": [
        "6:34",
        "7:59",
        "8:52",
        "11:26",
        "13:26",
        "15:27",
        "17:27",
        "19:26",
        "21:03",
        "22:05"
    ],
    "holiday": [
        "6:34",
        "7:59",
        "8:52",
        "11:26",
        "13:26",
        "15:27",
        "17:27",
        "19:26",
        "21:03",
        "22:05"
    ],
    "url": "https://www.kanachu.co.jp/dia/diagram/timetable01_js/course:0000800310-11/node:00127052/kt:0/lname:/"
}
