{
    "system": "藤07",
    "busstops": [
        {
            "index": "1",
            "id": "00126970",
            "name": "藤沢駅北口",
            "lat": "35.339588",
            "lng": "139.487917"
        },
        {
            "index": "2",
            "id": "00126971",
            "name": "三富士町",
            "lat": "35.339469",
            "lng": "139.484094"
        },
        {
            "index": "3",
            "id": "00126972",
            "name": "相生町(藤沢市)",
            "lat": "35.340726",
            "lng": "139.480959"
        },
        {
            "index": "4",
            "id": "00126973",
            "name": "南仲通り",
            "lat": "35.343151",
            "lng": "139.481916"
        },
        {
            "index": "5",
            "id": "00127110",
            "name": "南仲通り二丁目",
            "lat": "35.3442",
            "lng": "139.48089"
        },
        {
            "index": "6",
            "id": "00127109",
            "name": "本町小学校前(藤沢市)",
            "lat": "35.345432",
            "lng": "139.479645"
        },
        {
            "index": "7",
            "id": "00127012",
            "name": "白旗交差点",
            "lat": "35.347339",
            "lng": "139.478481"
        },
        {
            "index": "8",
            "id": "00127049",
            "name": "台町(藤沢市)",
            "lat": "35.347006",
            "lng": "139.47604"
        },
        {
            "index": "9",
            "id": "00127050",
            "name": "湘南高校前",
            "lat": "35.346536",
            "lng": "139.472037"
        },
        {
            "index": "10",
            "id": "00127051",
            "name": "一中入口(藤沢市)",
            "lat": "35.347052",
            "lng": "139.469838"
        },
        {
            "index": "11",
            "id": "00127052",
            "name": "引地橋",
            "lat": "35.347352",
            "lng": "139.467021"
        },
        {
            "index": "12",
            "id": "00127053",
            "name": "メルシャン前",
            "lat": "35.346669",
            "lng": "139.462638"
        },
        {
            "index": "13",
            "id": "00127054",
            "name": "羽鳥(藤沢市)",
            "lat": "35.347202",
            "lng": "139.461263"
        },
        {
            "index": "14",
            "id": "00127097",
            "name": "辻堂入口",
            "lat": "35.346638",
            "lng": "139.454897"
        },
        {
            "index": "15",
            "id": "00127098",
            "name": "四ツ谷(藤沢市)",
            "lat": "35.346158",
            "lng": "139.450795"
        },
        {
            "index": "16",
            "id": "00127134",
            "name": "二ツ谷",
            "lat": "35.344137",
            "lng": "139.444824"
        },
        {
            "index": "17",
            "id": "00127133",
            "name": "東小和田",
            "lat": "35.341026",
            "lng": "139.437347"
        },
        {
            "index": "18",
            "id": "00127132",
            "name": "小和田(茅ケ崎市)",
            "lat": "35.338324",
            "lng": "139.433673"
        },
        {
            "index": "19",
            "id": "00127131",
            "name": "西小和田",
            "lat": "35.337115",
            "lng": "139.430863"
        },
        {
            "index": "20",
            "id": "00127130",
            "name": "菱沼",
            "lat": "35.33756",
            "lng": "139.425357"
        },
        {
            "index": "21",
            "id": "00127129",
            "name": "松林中学校前",
            "lat": "35.337556",
            "lng": "139.421913"
        },
        {
            "index": "22",
            "id": "00127128",
            "name": "茅ヶ崎高校前",
            "lat": "35.336852",
            "lng": "139.418376"
        },
        {
            "index": "23",
            "id": "00127127",
            "name": "本村(茅ケ崎市)",
            "lat": "35.336008",
            "lng": "139.413614"
        },
        {
            "index": "24",
            "id": "00127126",
            "name": "茅ヶ崎駅",
            "lat": "35.331146",
            "lng": "139.406276"
        }
    ],
    "route_url": "https://www.kanachu.co.jp/dia/route/index/cid:0000800310/"
}
