{
    "date": "2025/11/16",
    "name": "馬入橋",
    "position": "-",
    "system": "平09",
    "destinations": [
        "工業団地入口(平塚市)",
        "馬入ふれあい公園入口",
        "長瀞",
        "馬入境",
        "古河電工前(平塚市)",
        "関西ペイント前(平塚市)",
        "工業団地(平塚市)",
        "全農前",
        "小松前",
        "小松電子前",
        "東八幡工業団地",
        "東八幡五丁目",
        "不動ケミカル前",
        "工業団地(平塚市)",
        "関西ペイント前(平塚市)",
        "古河電工前(平塚市)",
        "馬入境",
        "長瀞",
        "馬入ふれあい公園入口",
        "工業団地入口(平塚市)",
        "馬入橋",
        "蔵屋敷",
        "松原(平塚市)",
        "四ツ角(平塚市)",
        "平塚駅北口"
    ],
    "weekday": [
        "6:46",
        "7:10",
        "7:26",
        "7:46",
        "7:51",
        "8:01",
        "8:21",
        "8:56"
    ],
    "saturday": [
        "7:24",
        "7:44",
        "8:44"
    ],
    "holiday": [
        "7:34",
        "8:39"
    ],
    "url": "https://www.kanachu.co.jp/dia/diagram/timetable01_js/course:0000800989-5/node:00127187/kt:0/lname:/"
}
