{
    "date": "2025/11/16",
    "name": "工業団地(平塚市)",
    "position": "-",
    "system": "平09",
    "destinations": [
        "全農前",
        "小松前",
        "小松電子前",
        "東八幡工業団地",
        "東八幡五丁目",
        "不動ケミカル前",
        "工業団地(平塚市)",
        "関西ペイント前(平塚市)",
        "古河電工前(平塚市)",
        "馬入境",
        "長瀞",
        "馬入ふれあい公園入口",
        "工業団地入口(平塚市)",
        "馬入橋",
        "蔵屋敷",
        "松原(平塚市)",
        "四ツ角(平塚市)",
        "平塚駅北口"
    ],
    "weekday": [
        "6:51",
        "7:15",
        "7:31",
        "7:51",
        "7:56",
        "8:06",
        "8:26",
        "9:01"
    ],
    "saturday": [
        "7:29",
        "7:49",
        "8:49"
    ],
    "holiday": [
        "7:39",
        "8:44"
    ],
    "url": "https://www.kanachu.co.jp/dia/diagram/timetable01_js/course:0000800989-12/node:00127673/kt:0/lname:/"
}
