{
    "date": "2025/11/16",
    "name": "全農前",
    "position": "-",
    "system": "平09",
    "destinations": [
        "小松前",
        "小松電子前",
        "東八幡工業団地",
        "東八幡五丁目",
        "不動ケミカル前",
        "工業団地(平塚市)",
        "関西ペイント前(平塚市)",
        "古河電工前(平塚市)",
        "馬入境",
        "長瀞",
        "馬入ふれあい公園入口",
        "工業団地入口(平塚市)",
        "馬入橋",
        "蔵屋敷",
        "松原(平塚市)",
        "四ツ角(平塚市)",
        "平塚駅北口"
    ],
    "weekday": [
        "6:52",
        "7:16",
        "7:32",
        "7:52",
        "7:57",
        "8:07",
        "8:27",
        "9:02"
    ],
    "saturday": [
        "7:30",
        "7:50",
        "8:50"
    ],
    "holiday": [
        "7:40",
        "8:45"
    ],
    "url": "https://www.kanachu.co.jp/dia/diagram/timetable01_js/course:0000800989-13/node:00127674/kt:0/lname:/"
}
