{
    "date": "2025/11/16",
    "name": "関西ペイント前(平塚市)",
    "position": "-",
    "system": "平09",
    "destinations": [
        "古河電工前(平塚市)",
        "馬入境",
        "長瀞",
        "馬入ふれあい公園入口",
        "工業団地入口(平塚市)",
        "馬入橋",
        "蔵屋敷",
        "松原(平塚市)",
        "四ツ角(平塚市)",
        "平塚駅北口"
    ],
    "weekday": [
        "6:58",
        "7:22",
        "7:38",
        "7:58",
        "8:03",
        "8:13",
        "8:33",
        "9:08"
    ],
    "saturday": [
        "7:36",
        "7:56",
        "8:56"
    ],
    "holiday": [
        "7:46",
        "8:51"
    ],
    "url": "https://www.kanachu.co.jp/dia/diagram/timetable01_js/course:0000800989-20/node:00127672/kt:0/lname:/"
}
