{
    "date": "2025/11/16",
    "name": "中原東(平塚市)",
    "position": "-",
    "system": "平63",
    "destinations": [
        "中原中宿",
        "伊勢山(平塚市)",
        "住宅前(平塚市)",
        "大野中学校前",
        "西真土",
        "大野農協前",
        "市場前(平塚市)",
        "坂口(平塚市)",
        "今里(平塚市)",
        "横内団地前",
        "横内下",
        "横内公民館入口",
        "横内四ツ角",
        "田村車庫"
    ],
    "weekday": [
        "7:29",
        "7:55",
        "8:12",
        "8:32",
        "8:52",
        "9:00",
        "9:17",
        "9:42",
        "9:52",
        "10:22",
        "10:42",
        "10:57",
        "11:17",
        "11:47",
        "12:32",
        "13:02",
        "13:32",
        "13:47",
        "14:03",
        "14:43",
        "14:52",
        "15:42",
        "15:57",
        "17:27",
        "17:56",
        "18:57",
        "19:57",
        "20:32",
        "21:22",
        "21:42",
        "22:31",
        "23:07"
    ],
    "saturday": [
        "6:22",
        "6:52",
        "7:22",
        "7:57",
        "8:12",
        "8:42",
        "8:57",
        "9:47",
        "10:02",
        "10:17",
        "11:02",
        "11:17",
        "11:47",
        "12:02",
        "12:17",
        "12:47",
        "13:02",
        "13:17",
        "13:52",
        "14:02",
        "14:17",
        "14:47",
        "15:02",
        "15:16",
        "15:42",
        "16:02",
        "16:16",
        "16:47",
        "17:02",
        "17:57",
        "18:52",
        "19:17",
        "19:52",
        "20:07",
        "20:57",
        "21:27",
        "21:52",
        "22:17",
        "22:47"
    ],
    "holiday": [
        "6:42",
        "7:12",
        "7:57",
        "8:12",
        "8:42",
        "8:57",
        "9:47",
        "10:02",
        "10:17",
        "11:02",
        "11:17",
        "11:47",
        "12:02",
        "12:17",
        "12:47",
        "13:02",
        "13:17",
        "13:52",
        "14:02",
        "14:17",
        "14:47",
        "15:02",
        "15:16",
        "15:42",
        "16:02",
        "16:16",
        "16:47",
        "17:02",
        "17:57",
        "18:52",
        "19:17",
        "19:52",
        "20:07",
        "21:07",
        "22:07",
        "22:37"
    ],
    "url": "https://www.kanachu.co.jp/dia/diagram/timetable01_js/course:0000803116-11/node:00127603/kt:0/lname:/"
}
