{
    "date": "2025/11/16",
    "name": "大野農協前",
    "position": "-",
    "system": "平63",
    "destinations": [
        "市場前(平塚市)",
        "坂口(平塚市)",
        "今里(平塚市)",
        "横内団地前",
        "横内下",
        "横内公民館入口",
        "横内四ツ角",
        "田村車庫"
    ],
    "weekday": [
        "7:36",
        "8:02",
        "8:19",
        "8:39",
        "8:59",
        "9:07",
        "9:24",
        "9:49",
        "9:59",
        "10:29",
        "10:49",
        "11:04",
        "11:24",
        "11:54",
        "12:39",
        "13:09",
        "13:39",
        "13:54",
        "14:10",
        "14:50",
        "14:59",
        "15:49",
        "16:04",
        "17:34",
        "18:03",
        "19:04",
        "20:04",
        "20:39",
        "21:29",
        "21:49",
        "22:38",
        "23:14"
    ],
    "saturday": [
        "6:29",
        "6:59",
        "7:29",
        "8:04",
        "8:19",
        "8:49",
        "9:04",
        "9:54",
        "10:09",
        "10:24",
        "11:09",
        "11:24",
        "11:54",
        "12:09",
        "12:24",
        "12:54",
        "13:09",
        "13:24",
        "13:59",
        "14:09",
        "14:24",
        "14:54",
        "15:09",
        "15:23",
        "15:49",
        "16:09",
        "16:23",
        "16:54",
        "17:09",
        "18:04",
        "18:59",
        "19:24",
        "19:59",
        "20:14",
        "21:04",
        "21:34",
        "21:59",
        "22:24",
        "22:54"
    ],
    "holiday": [
        "6:49",
        "7:19",
        "8:04",
        "8:19",
        "8:49",
        "9:04",
        "9:54",
        "10:09",
        "10:24",
        "11:09",
        "11:24",
        "11:54",
        "12:09",
        "12:24",
        "12:54",
        "13:09",
        "13:24",
        "13:59",
        "14:09",
        "14:24",
        "14:54",
        "15:09",
        "15:23",
        "15:49",
        "16:09",
        "16:23",
        "16:54",
        "17:09",
        "18:04",
        "18:59",
        "19:24",
        "19:59",
        "20:14",
        "21:14",
        "22:14",
        "22:44"
    ],
    "url": "https://www.kanachu.co.jp/dia/diagram/timetable01_js/course:0000803116-17/node:00127609/kt:0/lname:/"
}
