{
    "date": "2025/03/15",
    "name": "滝の沢不動前",
    "position": "-",
    "system": "辻29",
    "destinations": [
        "滝の沢小学校前",
        "南大平",
        "堤羽根沢",
        "湘南カントリークラブ前",
        "羽根沢",
        "大庭小学校",
        "小糸",
        "南センター前(藤沢市)",
        "西高校前(藤沢市)",
        "有藤",
        "大庭隧道",
        "城南一丁目",
        "神台公園前",
        "辻堂駅北口"
    ],
    "weekday": [],
    "saturday": [
        "6:20",
        "7:00",
        "7:20",
        "8:00",
        "8:20",
        "8:53",
        "9:20",
        "9:53",
        "10:20",
        "10:53",
        "11:20",
        "11:53",
        "12:20",
        "12:53",
        "13:20",
        "13:53",
        "14:20",
        "14:53",
        "15:20",
        "15:53",
        "16:20",
        "16:53",
        "17:20",
        "17:53",
        "18:20",
        "19:00",
        "19:20",
        "20:00",
        "20:20",
        "21:00",
        "21:20",
        "22:00"
    ],
    "holiday": [
        "6:20",
        "7:05",
        "7:25",
        "8:00",
        "8:20",
        "8:53",
        "9:20",
        "9:53",
        "10:20",
        "10:53",
        "11:20",
        "11:53",
        "12:20",
        "12:53",
        "13:20",
        "13:53",
        "14:20",
        "14:53",
        "15:20",
        "15:53",
        "16:20",
        "16:53",
        "17:20",
        "17:53",
        "18:20",
        "19:00",
        "19:20",
        "20:00",
        "20:20",
        "21:00",
        "21:20"
    ],
    "url": "https://www.kanachu.co.jp/dia/diagram/timetable01_js/course:0000802320-2/node:00129947/kt:0/lname:/"
}
