{
    "date": "2025/03/15",
    "name": "滝の沢小学校前",
    "position": "-",
    "system": "辻29",
    "destinations": [
        "南大平",
        "堤羽根沢",
        "湘南カントリークラブ前",
        "羽根沢",
        "大庭小学校",
        "小糸",
        "南センター前(藤沢市)",
        "西高校前(藤沢市)",
        "有藤",
        "大庭隧道",
        "城南一丁目",
        "神台公園前",
        "辻堂駅北口"
    ],
    "weekday": [],
    "saturday": [
        "6:21",
        "7:01",
        "7:21",
        "8:01",
        "8:21",
        "8:54",
        "9:21",
        "9:54",
        "10:21",
        "10:54",
        "11:21",
        "11:54",
        "12:21",
        "12:54",
        "13:21",
        "13:54",
        "14:21",
        "14:54",
        "15:21",
        "15:54",
        "16:21",
        "16:54",
        "17:21",
        "17:54",
        "18:21",
        "19:01",
        "19:21",
        "20:01",
        "20:21",
        "21:01",
        "21:21",
        "22:01"
    ],
    "holiday": [
        "6:21",
        "7:06",
        "7:26",
        "8:01",
        "8:21",
        "8:54",
        "9:21",
        "9:54",
        "10:21",
        "10:54",
        "11:21",
        "11:54",
        "12:21",
        "12:54",
        "13:21",
        "13:54",
        "14:21",
        "14:54",
        "15:21",
        "15:54",
        "16:21",
        "16:54",
        "17:21",
        "17:54",
        "18:21",
        "19:01",
        "19:21",
        "20:01",
        "20:21",
        "21:01",
        "21:21"
    ],
    "url": "https://www.kanachu.co.jp/dia/diagram/timetable01_js/course:0000802320-3/node:00129965/kt:0/lname:/"
}
