{
    "date": "2025/03/15",
    "name": "湘南カントリークラブ前",
    "position": "-",
    "system": "辻29",
    "destinations": [
        "羽根沢",
        "大庭小学校",
        "小糸",
        "南センター前(藤沢市)",
        "西高校前(藤沢市)",
        "有藤",
        "大庭隧道",
        "城南一丁目",
        "神台公園前",
        "辻堂駅北口"
    ],
    "weekday": [],
    "saturday": [
        "6:24",
        "7:04",
        "7:24",
        "8:04",
        "8:24",
        "8:57",
        "9:24",
        "9:57",
        "10:24",
        "10:57",
        "11:24",
        "11:57",
        "12:24",
        "12:57",
        "13:24",
        "13:57",
        "14:24",
        "14:57",
        "15:24",
        "15:57",
        "16:24",
        "16:57",
        "17:24",
        "17:57",
        "18:24",
        "19:04",
        "19:24",
        "20:04",
        "20:24",
        "21:04",
        "21:24",
        "22:04"
    ],
    "holiday": [
        "6:24",
        "7:09",
        "7:29",
        "8:04",
        "8:24",
        "8:57",
        "9:24",
        "9:57",
        "10:24",
        "10:57",
        "11:24",
        "11:57",
        "12:24",
        "12:57",
        "13:24",
        "13:57",
        "14:24",
        "14:57",
        "15:24",
        "15:57",
        "16:24",
        "16:57",
        "17:24",
        "17:57",
        "18:24",
        "19:04",
        "19:24",
        "20:04",
        "20:24",
        "21:04",
        "21:24"
    ],
    "url": "https://www.kanachu.co.jp/dia/diagram/timetable01_js/course:0000802320-6/node:00129962/kt:0/lname:/"
}
