{
    "date": "2025/03/15",
    "name": "小糸",
    "position": "-",
    "system": "辻29",
    "destinations": [
        "南センター前(藤沢市)",
        "西高校前(藤沢市)",
        "有藤",
        "大庭隧道",
        "城南一丁目",
        "神台公園前",
        "辻堂駅北口"
    ],
    "weekday": [],
    "saturday": [
        "6:27",
        "7:07",
        "7:27",
        "8:07",
        "8:27",
        "9:00",
        "9:27",
        "10:00",
        "10:27",
        "11:00",
        "11:27",
        "12:00",
        "12:27",
        "13:00",
        "13:27",
        "14:00",
        "14:27",
        "15:00",
        "15:27",
        "16:00",
        "16:27",
        "17:00",
        "17:27",
        "18:00",
        "18:27",
        "19:07",
        "19:27",
        "20:07",
        "20:27",
        "21:07",
        "21:27",
        "22:07"
    ],
    "holiday": [
        "6:27",
        "7:12",
        "7:32",
        "8:07",
        "8:27",
        "9:00",
        "9:27",
        "10:00",
        "10:27",
        "11:00",
        "11:27",
        "12:00",
        "12:27",
        "13:00",
        "13:27",
        "14:00",
        "14:27",
        "15:00",
        "15:27",
        "16:00",
        "16:27",
        "17:00",
        "17:27",
        "18:00",
        "18:27",
        "19:07",
        "19:27",
        "20:07",
        "20:27",
        "21:07",
        "21:27"
    ],
    "url": "https://www.kanachu.co.jp/dia/diagram/timetable01_js/course:0000802320-9/node:00129941/kt:0/lname:/"
}
