{
    "date": "2025/03/15",
    "name": "有藤",
    "position": "-",
    "system": "辻29",
    "destinations": [
        "大庭隧道",
        "城南一丁目",
        "神台公園前",
        "辻堂駅北口"
    ],
    "weekday": [],
    "saturday": [
        "6:30",
        "7:10",
        "7:30",
        "8:10",
        "8:30",
        "9:03",
        "9:30",
        "10:03",
        "10:30",
        "11:03",
        "11:30",
        "12:03",
        "12:30",
        "13:03",
        "13:30",
        "14:03",
        "14:30",
        "15:03",
        "15:30",
        "16:03",
        "16:30",
        "17:03",
        "17:30",
        "18:03",
        "18:30",
        "19:10",
        "19:30",
        "20:10",
        "20:30",
        "21:10",
        "21:30",
        "22:10"
    ],
    "holiday": [
        "6:30",
        "7:15",
        "7:35",
        "8:10",
        "8:30",
        "9:03",
        "9:30",
        "10:03",
        "10:30",
        "11:03",
        "11:30",
        "12:03",
        "12:30",
        "13:03",
        "13:30",
        "14:03",
        "14:30",
        "15:03",
        "15:30",
        "16:03",
        "16:30",
        "17:03",
        "17:30",
        "18:03",
        "18:30",
        "19:10",
        "19:30",
        "20:10",
        "20:30",
        "21:10",
        "21:30"
    ],
    "url": "https://www.kanachu.co.jp/dia/diagram/timetable01_js/course:0000802320-12/node:00129938/kt:0/lname:/"
}
