{
    "date": "2025/11/16",
    "name": "松原(平塚市)",
    "position": "-",
    "system": "平09",
    "destinations": [
        "四ツ角(平塚市)",
        "平塚駅北口"
    ],
    "weekday": [
        "7:05",
        "7:29",
        "7:45",
        "8:05",
        "8:10",
        "8:20",
        "8:40",
        "9:15"
    ],
    "saturday": [
        "7:43",
        "8:03",
        "9:03"
    ],
    "holiday": [
        "7:53",
        "8:58"
    ],
    "url": "https://www.kanachu.co.jp/dia/diagram/timetable01_js/course:0000800989-28/node:00127189/kt:0/lname:/"
}
