{
    "date": "2025/08/30",
    "name": "元町橋交番前",
    "position": "-",
    "system": "横46",
    "destinations": [
        "権太坂",
        "権太坂上",
        "児童遊園地入口",
        "狩場町",
        "平和台",
        "山谷(横浜市戸塚区)",
        "坂下口",
        "国道平戸",
        "品濃口",
        "赤関橋",
        "柏尾(横浜市戸塚区)",
        "ポーラ前(横浜市戸塚区)",
        "不動坂(横浜市戸塚区)",
        "ブリヂストン前",
        "元町(横浜市戸塚区)",
        "矢部町",
        "戸塚駅東口"
    ],
    "weekday": [
        "6:54"
    ],
    "saturday": [],
    "holiday": [],
    "url": "https://www.kanachu.co.jp/dia/diagram/timetable01_js/course:0000802533-17/node:00103177/kt:0/lname:/"
}
