{
    "system": "横46",
    "busstops": [
        {
            "index": "1",
            "id": "00042735",
            "name": "横浜駅西口",
            "lat": "35.466418",
            "lng": "139.619638"
        },
        {
            "index": "2",
            "id": "00019685",
            "name": "鶴屋町三丁目",
            "lat": "35.468893",
            "lng": "139.617875"
        },
        {
            "index": "3",
            "id": "00102459",
            "name": "楠町",
            "lat": "35.467852",
            "lng": "139.614155"
        },
        {
            "index": "4",
            "id": "00102673",
            "name": "浅間下(横浜市西区)",
            "lat": "35.463991",
            "lng": "139.611025"
        },
        {
            "index": "5",
            "id": "00102205",
            "name": "浅岡橋",
            "lat": "35.462936",
            "lng": "139.610142"
        },
        {
            "index": "6",
            "id": "00102672",
            "name": "浅間町車庫前",
            "lat": "35.459918",
            "lng": "139.608157"
        },
        {
            "index": "7",
            "id": "00102504",
            "name": "洪福寺",
            "lat": "35.456095",
            "lng": "139.607954"
        },
        {
            "index": "8",
            "id": "00102929",
            "name": "浜松町(横浜市西区)",
            "lat": "35.453753",
            "lng": "139.611815"
        },
        {
            "index": "9",
            "id": "00102647",
            "name": "水道道",
            "lat": "35.452383",
            "lng": "139.608727"
        },
        {
            "index": "10",
            "id": "00102455",
            "name": "久保町(横浜市西区)",
            "lat": "35.451327",
            "lng": "139.606244"
        },
        {
            "index": "11",
            "id": "00102879",
            "name": "西久保町",
            "lat": "35.449522",
            "lng": "139.603252"
        },
        {
            "index": "12",
            "id": "00103043",
            "name": "保土ヶ谷駅東口",
            "lat": "35.445491",
            "lng": "139.59938"
        },
        {
            "index": "13",
            "id": "00103042",
            "name": "保土ヶ谷橋",
            "lat": "35.444218",
            "lng": "139.594407"
        },
        {
            "index": "14",
            "id": "00102921",
            "name": "八幡橋(横浜市保土ケ谷区)",
            "lat": "35.444642",
            "lng": "139.592256"
        },
        {
            "index": "15",
            "id": "00103045",
            "name": "保土ヶ谷町2丁目",
            "lat": "35.445256",
            "lng": "139.588979"
        },
        {
            "index": "16",
            "id": "00102603",
            "name": "樹源寺前",
            "lat": "35.444843",
            "lng": "139.583448"
        },
        {
            "index": "17",
            "id": "00103177",
            "name": "元町橋交番前",
            "lat": "35.444754",
            "lng": "139.577761"
        },
        {
            "index": "18",
            "id": "00102508",
            "name": "権太坂",
            "lat": "35.442613",
            "lng": "139.576394"
        },
        {
            "index": "19",
            "id": "00102509",
            "name": "権太坂上",
            "lat": "35.438049",
            "lng": "139.575916"
        },
        {
            "index": "20",
            "id": "00102575",
            "name": "児童遊園地入口",
            "lat": "35.435378",
            "lng": "139.576361"
        },
        {
            "index": "21",
            "id": "00102378",
            "name": "狩場町",
            "lat": "35.432996",
            "lng": "139.575771"
        },
        {
            "index": "22",
            "id": "00126621",
            "name": "平和台",
            "lat": "35.428416",
            "lng": "139.572448"
        },
        {
            "index": "23",
            "id": "00126620",
            "name": "山谷(横浜市戸塚区)",
            "lat": "35.425433",
            "lng": "139.568921"
        },
        {
            "index": "24",
            "id": "00126619",
            "name": "坂下口",
            "lat": "35.422381",
            "lng": "139.565142"
        },
        {
            "index": "25",
            "id": "00126618",
            "name": "国道平戸",
            "lat": "35.420252",
            "lng": "139.560743"
        },
        {
            "index": "26",
            "id": "00126617",
            "name": "品濃口",
            "lat": "35.421223",
            "lng": "139.55584"
        },
        {
            "index": "27",
            "id": "00126616",
            "name": "赤関橋",
            "lat": "35.420687",
            "lng": "139.552806"
        },
        {
            "index": "28",
            "id": "00126615",
            "name": "柏尾(横浜市戸塚区)",
            "lat": "35.417918",
            "lng": "139.548279"
        },
        {
            "index": "29",
            "id": "00126614",
            "name": "ポーラ前(横浜市戸塚区)",
            "lat": "35.416766",
            "lng": "139.54639"
        },
        {
            "index": "30",
            "id": "00126613",
            "name": "不動坂(横浜市戸塚区)",
            "lat": "35.413425",
            "lng": "139.541594"
        },
        {
            "index": "31",
            "id": "00126612",
            "name": "ブリヂストン前",
            "lat": "35.409557",
            "lng": "139.5396"
        },
        {
            "index": "32",
            "id": "00126611",
            "name": "元町(横浜市戸塚区)",
            "lat": "35.40689",
            "lng": "139.538133"
        },
        {
            "index": "33",
            "id": "00126610",
            "name": "矢部町",
            "lat": "35.403663",
            "lng": "139.537012"
        },
        {
            "index": "34",
            "id": "00080742",
            "name": "戸塚駅東口",
            "lat": "35.400883",
            "lng": "139.534505"
        }
    ],
    "route_url": "https://www.kanachu.co.jp/dia/route/index/cid:0000802533/"
}
