{
    "date": "2025/07/12",
    "name": "長者久保入口",
    "position": "-",
    "system": "船33",
    "destinations": [
        "柄沢大上",
        "柄沢神社入口",
        "柄沢橋",
        "公民館前(藤沢市大鋸)",
        "山王神社前",
        "藤沢橋",
        "藤沢小学校前",
        "南仲通り",
        "相生町(藤沢市)",
        "三富士町",
        "藤沢駅北口"
    ],
    "weekday": [
        "6:56",
        "7:25",
        "7:45",
        "8:11",
        "8:31",
        "8:45",
        "9:00",
        "9:17",
        "9:35",
        "9:55",
        "10:15",
        "10:35",
        "10:55",
        "11:18",
        "11:48",
        "12:18",
        "12:48",
        "13:18",
        "13:48",
        "14:18",
        "14:48",
        "15:18",
        "15:48",
        "16:18",
        "16:48",
        "17:18",
        "17:48",
        "18:18",
        "18:38",
        "18:58",
        "19:16",
        "19:36",
        "19:56",
        "20:16",
        "20:38",
        "21:03",
        "21:30",
        "21:48",
        "22:11",
        "22:48",
        "23:08"
    ],
    "saturday": [
        "6:53",
        "7:33",
        "8:13",
        "8:46",
        "9:16",
        "9:46",
        "10:17",
        "10:47",
        "11:17",
        "11:47",
        "12:17",
        "12:47",
        "13:17",
        "13:47",
        "14:17",
        "14:47",
        "15:17",
        "15:47",
        "16:17",
        "16:47",
        "17:17",
        "17:47",
        "18:17",
        "18:47",
        "19:17",
        "19:47",
        "20:16",
        "20:46",
        "21:16",
        "21:43",
        "22:15",
        "22:43"
    ],
    "holiday": [
        "6:53",
        "7:33",
        "8:13",
        "8:46",
        "9:16",
        "9:46",
        "10:17",
        "10:47",
        "11:17",
        "11:47",
        "12:17",
        "12:47",
        "13:17",
        "13:47",
        "14:17",
        "14:47",
        "15:17",
        "15:47",
        "16:17",
        "16:47",
        "17:17",
        "17:47",
        "18:17",
        "18:47",
        "19:17",
        "19:47",
        "20:16",
        "20:46",
        "21:16",
        "21:43",
        "22:15",
        "22:43"
    ],
    "url": "https://www.kanachu.co.jp/dia/diagram/timetable01_js/course:0000800240-10/node:00126995/kt:0/lname:/"
}
