{
    "date": "2025/07/12",
    "name": "柄沢大上",
    "position": "-",
    "system": "船33",
    "destinations": [
        "柄沢神社入口",
        "柄沢橋",
        "公民館前(藤沢市大鋸)",
        "山王神社前",
        "藤沢橋",
        "藤沢小学校前",
        "南仲通り",
        "相生町(藤沢市)",
        "三富士町",
        "藤沢駅北口"
    ],
    "weekday": [
        "6:57",
        "7:26",
        "7:46",
        "8:12",
        "8:32",
        "8:46",
        "9:01",
        "9:18",
        "9:36",
        "9:56",
        "10:16",
        "10:36",
        "10:56",
        "11:19",
        "11:49",
        "12:19",
        "12:49",
        "13:19",
        "13:49",
        "14:19",
        "14:49",
        "15:19",
        "15:49",
        "16:19",
        "16:49",
        "17:19",
        "17:49",
        "18:19",
        "18:39",
        "18:59",
        "19:17",
        "19:37",
        "19:57",
        "20:17",
        "20:39",
        "21:04",
        "21:31",
        "21:49",
        "22:12",
        "22:49",
        "23:09"
    ],
    "saturday": [
        "6:54",
        "7:34",
        "8:14",
        "8:47",
        "9:17",
        "9:47",
        "10:18",
        "10:48",
        "11:18",
        "11:48",
        "12:18",
        "12:48",
        "13:18",
        "13:48",
        "14:18",
        "14:48",
        "15:18",
        "15:48",
        "16:18",
        "16:48",
        "17:18",
        "17:48",
        "18:18",
        "18:48",
        "19:18",
        "19:48",
        "20:17",
        "20:47",
        "21:17",
        "21:44",
        "22:16",
        "22:44"
    ],
    "holiday": [
        "6:54",
        "7:34",
        "8:14",
        "8:47",
        "9:17",
        "9:47",
        "10:18",
        "10:48",
        "11:18",
        "11:48",
        "12:18",
        "12:48",
        "13:18",
        "13:48",
        "14:18",
        "14:48",
        "15:18",
        "15:48",
        "16:18",
        "16:48",
        "17:18",
        "17:48",
        "18:18",
        "18:48",
        "19:18",
        "19:48",
        "20:17",
        "20:47",
        "21:17",
        "21:44",
        "22:16",
        "22:44"
    ],
    "url": "https://www.kanachu.co.jp/dia/diagram/timetable01_js/course:0000800240-11/node:00126994/kt:0/lname:/"
}
