{
    "date": "2025/07/12",
    "name": "南仲通り",
    "position": "-",
    "system": "船33",
    "destinations": [
        "相生町(藤沢市)",
        "三富士町",
        "藤沢駅北口"
    ],
    "weekday": [
        "7:07",
        "7:36",
        "7:56",
        "8:22",
        "8:42",
        "8:56",
        "9:11",
        "9:28",
        "9:46",
        "10:06",
        "10:26",
        "10:46",
        "11:06",
        "11:29",
        "11:59",
        "12:29",
        "12:59",
        "13:29",
        "13:59",
        "14:29",
        "14:59",
        "15:29",
        "15:59",
        "16:29",
        "16:59",
        "17:29",
        "17:59",
        "18:29",
        "18:49",
        "19:08",
        "19:26",
        "19:46",
        "20:06",
        "20:26",
        "20:48",
        "21:13",
        "21:40",
        "21:58",
        "22:21",
        "22:58",
        "23:18"
    ],
    "saturday": [
        "7:03",
        "7:43",
        "8:23",
        "8:56",
        "9:26",
        "9:56",
        "10:28",
        "10:58",
        "11:28",
        "11:58",
        "12:28",
        "12:58",
        "13:28",
        "13:58",
        "14:28",
        "14:58",
        "15:28",
        "15:58",
        "16:28",
        "16:58",
        "17:28",
        "17:58",
        "18:28",
        "18:58",
        "19:28",
        "19:58",
        "20:26",
        "20:56",
        "21:26",
        "21:53",
        "22:25",
        "22:53"
    ],
    "holiday": [
        "7:03",
        "7:43",
        "8:23",
        "8:56",
        "9:26",
        "9:56",
        "10:28",
        "10:58",
        "11:28",
        "11:58",
        "12:28",
        "12:58",
        "13:28",
        "13:58",
        "14:28",
        "14:58",
        "15:28",
        "15:58",
        "16:28",
        "16:58",
        "17:28",
        "17:58",
        "18:28",
        "18:58",
        "19:28",
        "19:58",
        "20:26",
        "20:56",
        "21:26",
        "21:53",
        "22:25",
        "22:53"
    ],
    "url": "https://www.kanachu.co.jp/dia/diagram/timetable01_js/course:0000800240-18/node:00126973/kt:0/lname:/"
}
