{
    "date": "2025/08/30",
    "name": "妙法寺(横浜市戸塚区)",
    "position": "-",
    "system": "戸09",
    "destinations": [
        "富士山下",
        "秋葉",
        "秋葉三叉路",
        "柏尾(横浜市戸塚区)",
        "ポーラ前(横浜市戸塚区)",
        "不動坂(横浜市戸塚区)",
        "ブリヂストン前",
        "元町(横浜市戸塚区)",
        "矢部町",
        "戸塚駅東口"
    ],
    "weekday": [
        "6:51",
        "7:21",
        "7:56",
        "8:57",
        "9:55",
        "10:55",
        "11:55",
        "12:55",
        "13:55",
        "14:55",
        "15:55",
        "16:55",
        "17:55",
        "18:55"
    ],
    "saturday": [
        "7:50",
        "8:50",
        "9:55",
        "10:55",
        "11:55",
        "12:55",
        "13:55",
        "14:55",
        "15:55",
        "16:55",
        "17:55",
        "18:55"
    ],
    "holiday": [
        "7:50",
        "8:50",
        "9:55",
        "10:55",
        "11:55",
        "12:55",
        "13:55",
        "14:55",
        "15:55",
        "16:55",
        "17:55",
        "18:55"
    ],
    "url": "https://www.kanachu.co.jp/dia/diagram/timetable01_js/course:0000803846-8/node:00126652/kt:0/lname:/"
}
