{
    "date": "2025/08/30",
    "name": "元町(横浜市戸塚区)",
    "position": "-",
    "system": "戸09",
    "destinations": [
        "矢部町",
        "戸塚駅東口"
    ],
    "weekday": [
        "7:05",
        "7:35",
        "8:10",
        "9:12",
        "10:10",
        "11:10",
        "12:10",
        "13:10",
        "14:10",
        "15:10",
        "16:10",
        "17:10",
        "18:10",
        "19:09"
    ],
    "saturday": [
        "8:04",
        "9:05",
        "10:10",
        "11:10",
        "12:10",
        "13:10",
        "14:10",
        "15:10",
        "16:10",
        "17:10",
        "18:10",
        "19:09"
    ],
    "holiday": [
        "8:04",
        "9:05",
        "10:10",
        "11:10",
        "12:10",
        "13:10",
        "14:10",
        "15:10",
        "16:10",
        "17:10",
        "18:10",
        "19:09"
    ],
    "url": "https://www.kanachu.co.jp/dia/diagram/timetable01_js/course:0000803846-16/node:00126611/kt:0/lname:/"
}
