{
    "date": "2024/04/01",
    "name": "上原団地",
    "position": "-",
    "system": "大60",
    "destinations": [
        "御園二丁目",
        "みゆき台団地",
        "御園五丁目",
        "双葉入口",
        "桜台(相模原市南区)",
        "水道路(相模原市南区)",
        "麻溝台",
        "麻溝台中学校入口",
        "工業団地入口(相模原市)",
        "麻溝台一丁目",
        "麻溝台工業団地",
        "総合体育館前(相模原市南区)",
        "女子美術大学"
    ],
    "weekday": [
        "7:26",
        "7:56",
        "8:06",
        "8:16",
        "8:24",
        "8:31",
        "8:40",
        "8:44",
        "8:48",
        "9:04",
        "9:24",
        "9:44"
    ],
    "saturday": [
        "7:34",
        "8:19",
        "8:34",
        "9:04",
        "9:34"
    ],
    "holiday": [],
    "url": "https://www.kanachu.co.jp/dia/diagram/timetable01_js/course:0000803421-4/node:00129078/kt:0/lname:/"
}
