{
    "date": "2024/04/01",
    "name": "双葉入口",
    "position": "-",
    "system": "大60",
    "destinations": [
        "桜台(相模原市南区)",
        "水道路(相模原市南区)",
        "麻溝台",
        "麻溝台中学校入口",
        "工業団地入口(相模原市)",
        "麻溝台一丁目",
        "麻溝台工業団地",
        "総合体育館前(相模原市南区)",
        "女子美術大学"
    ],
    "weekday": [
        "7:31",
        "8:01",
        "8:11",
        "8:21",
        "8:29",
        "8:36",
        "8:45",
        "8:49",
        "8:53",
        "9:08",
        "9:28",
        "9:48"
    ],
    "saturday": [
        "7:38",
        "8:23",
        "8:38",
        "9:08",
        "9:38"
    ],
    "holiday": [],
    "url": "https://www.kanachu.co.jp/dia/diagram/timetable01_js/course:0000803421-8/node:00129242/kt:0/lname:/"
}
