{
    "date": "2025/10/20",
    "name": "緑ヶ丘住宅入口",
    "position": "-",
    "system": "海10",
    "destinations": [
        "市営住宅前(座間市)",
        "立野台下",
        "立野台",
        "立野台公園北",
        "天台(座間市)",
        "座間駅",
        "座間駅入口",
        "皆原",
        "皆原住宅前",
        "岩船地蔵尊",
        "谷入口",
        "上今泉(海老名市)",
        "弥生神社前",
        "観音下",
        "逆川(海老名市)",
        "国分(海老名市)",
        "中央一丁目(海老名市)",
        "海老名駅東口"
    ],
    "weekday": [
        "6:03",
        "6:46",
        "7:31",
        "8:16",
        "9:01",
        "10:01",
        "11:01",
        "12:01",
        "13:01",
        "14:01",
        "15:01",
        "16:01",
        "17:01",
        "18:01",
        "18:46",
        "19:36",
        "20:35"
    ],
    "saturday": [
        "6:59",
        "7:59",
        "8:59",
        "10:00",
        "11:00",
        "12:00",
        "13:00",
        "14:00",
        "15:00",
        "16:00",
        "17:00",
        "18:00",
        "19:00",
        "20:00"
    ],
    "holiday": [
        "6:59",
        "7:59",
        "8:59",
        "10:00",
        "11:00",
        "12:00",
        "13:00",
        "14:00",
        "15:00",
        "16:00",
        "17:00",
        "18:00",
        "19:00",
        "19:59"
    ],
    "url": "https://www.kanachu.co.jp/dia/diagram/timetable01_js/course:0000801315-4/node:00128577/kt:0/lname:/"
}
