{
    "date": "2025/10/20",
    "name": "市営住宅前(座間市)",
    "position": "-",
    "system": "海10",
    "destinations": [
        "立野台下",
        "立野台",
        "立野台公園北",
        "天台(座間市)",
        "座間駅",
        "座間駅入口",
        "皆原",
        "皆原住宅前",
        "岩船地蔵尊",
        "谷入口",
        "上今泉(海老名市)",
        "弥生神社前",
        "観音下",
        "逆川(海老名市)",
        "国分(海老名市)",
        "中央一丁目(海老名市)",
        "海老名駅東口"
    ],
    "weekday": [
        "6:04",
        "6:47",
        "7:33",
        "8:18",
        "9:03",
        "10:03",
        "11:03",
        "12:03",
        "13:03",
        "14:03",
        "15:03",
        "16:03",
        "17:03",
        "18:03",
        "18:48",
        "19:38",
        "20:36"
    ],
    "saturday": [
        "7:00",
        "8:00",
        "9:00",
        "10:01",
        "11:01",
        "12:01",
        "13:01",
        "14:01",
        "15:01",
        "16:01",
        "17:01",
        "18:01",
        "19:01",
        "20:01"
    ],
    "holiday": [
        "7:00",
        "8:00",
        "9:00",
        "10:01",
        "11:01",
        "12:01",
        "13:01",
        "14:01",
        "15:01",
        "16:01",
        "17:01",
        "18:01",
        "19:01",
        "20:00"
    ],
    "url": "https://www.kanachu.co.jp/dia/diagram/timetable01_js/course:0000801315-5/node:00128576/kt:0/lname:/"
}
