{
    "date": "2025/10/20",
    "name": "立野台",
    "position": "-",
    "system": "海10",
    "destinations": [
        "立野台公園北",
        "天台(座間市)",
        "座間駅",
        "座間駅入口",
        "皆原",
        "皆原住宅前",
        "岩船地蔵尊",
        "谷入口",
        "上今泉(海老名市)",
        "弥生神社前",
        "観音下",
        "逆川(海老名市)",
        "国分(海老名市)",
        "中央一丁目(海老名市)",
        "海老名駅東口"
    ],
    "weekday": [
        "6:07",
        "6:50",
        "7:36",
        "8:21",
        "9:06",
        "10:06",
        "11:06",
        "12:06",
        "13:06",
        "14:06",
        "15:06",
        "16:06",
        "17:06",
        "18:06",
        "18:51",
        "19:41",
        "20:39"
    ],
    "saturday": [
        "7:03",
        "8:03",
        "9:03",
        "10:04",
        "11:04",
        "12:04",
        "13:04",
        "14:04",
        "15:04",
        "16:04",
        "17:04",
        "18:04",
        "19:04",
        "20:04"
    ],
    "holiday": [
        "7:03",
        "8:03",
        "9:03",
        "10:04",
        "11:04",
        "12:04",
        "13:04",
        "14:04",
        "15:04",
        "16:04",
        "17:04",
        "18:04",
        "19:04",
        "20:03"
    ],
    "url": "https://www.kanachu.co.jp/dia/diagram/timetable01_js/course:0000801315-7/node:00128574/kt:0/lname:/"
}
