{
    "date": "2025/10/20",
    "name": "座間駅入口",
    "position": "-",
    "system": "海10",
    "destinations": [
        "皆原",
        "皆原住宅前",
        "岩船地蔵尊",
        "谷入口",
        "上今泉(海老名市)",
        "弥生神社前",
        "観音下",
        "逆川(海老名市)",
        "国分(海老名市)",
        "中央一丁目(海老名市)",
        "海老名駅東口"
    ],
    "weekday": [
        "6:12",
        "6:55",
        "7:42",
        "8:27",
        "9:12",
        "10:12",
        "11:12",
        "12:12",
        "13:12",
        "14:12",
        "15:12",
        "16:12",
        "17:12",
        "18:12",
        "18:57",
        "19:47",
        "20:44"
    ],
    "saturday": [
        "7:08",
        "8:08",
        "9:10",
        "10:11",
        "11:11",
        "12:11",
        "13:11",
        "14:11",
        "15:11",
        "16:11",
        "17:11",
        "18:11",
        "19:11",
        "20:09"
    ],
    "holiday": [
        "7:08",
        "8:08",
        "9:10",
        "10:11",
        "11:11",
        "12:11",
        "13:11",
        "14:11",
        "15:11",
        "16:11",
        "17:11",
        "18:11",
        "19:09",
        "20:08"
    ],
    "url": "https://www.kanachu.co.jp/dia/diagram/timetable01_js/course:0000801315-11/node:00128567/kt:0/lname:/"
}
