{
    "date": "2025/10/20",
    "name": "皆原住宅前",
    "position": "-",
    "system": "海10",
    "destinations": [
        "岩船地蔵尊",
        "谷入口",
        "上今泉(海老名市)",
        "弥生神社前",
        "観音下",
        "逆川(海老名市)",
        "国分(海老名市)",
        "中央一丁目(海老名市)",
        "海老名駅東口"
    ],
    "weekday": [
        "6:14",
        "6:57",
        "7:44",
        "8:29",
        "9:14",
        "10:14",
        "11:14",
        "12:14",
        "13:14",
        "14:14",
        "15:14",
        "16:14",
        "17:14",
        "18:14",
        "18:59",
        "19:49",
        "20:46"
    ],
    "saturday": [
        "7:10",
        "8:10",
        "9:12",
        "10:13",
        "11:13",
        "12:13",
        "13:13",
        "14:13",
        "15:13",
        "16:13",
        "17:13",
        "18:13",
        "19:13",
        "20:11"
    ],
    "holiday": [
        "7:10",
        "8:10",
        "9:12",
        "10:13",
        "11:13",
        "12:13",
        "13:13",
        "14:13",
        "15:13",
        "16:13",
        "17:13",
        "18:13",
        "19:11",
        "20:10"
    ],
    "url": "https://www.kanachu.co.jp/dia/diagram/timetable01_js/course:0000801315-13/node:00128565/kt:0/lname:/"
}
