{
    "date": "2025/10/20",
    "name": "上今泉(海老名市)",
    "position": "-",
    "system": "海10",
    "destinations": [
        "弥生神社前",
        "観音下",
        "逆川(海老名市)",
        "国分(海老名市)",
        "中央一丁目(海老名市)",
        "海老名駅東口"
    ],
    "weekday": [
        "6:17",
        "7:00",
        "7:48",
        "8:33",
        "9:18",
        "10:18",
        "11:18",
        "12:18",
        "13:18",
        "14:18",
        "15:18",
        "16:18",
        "17:18",
        "18:18",
        "19:03",
        "19:53",
        "20:49"
    ],
    "saturday": [
        "7:13",
        "8:13",
        "9:16",
        "10:17",
        "11:17",
        "12:17",
        "13:17",
        "14:17",
        "15:17",
        "16:17",
        "17:17",
        "18:17",
        "19:17",
        "20:14"
    ],
    "holiday": [
        "7:13",
        "8:13",
        "9:16",
        "10:17",
        "11:17",
        "12:17",
        "13:17",
        "14:17",
        "15:17",
        "16:17",
        "17:17",
        "18:17",
        "19:14",
        "20:13"
    ],
    "url": "https://www.kanachu.co.jp/dia/diagram/timetable01_js/course:0000801315-16/node:00128562/kt:0/lname:/"
}
