{
    "date": "2025/10/20",
    "name": "国分(海老名市)",
    "position": "-",
    "system": "海10",
    "destinations": [
        "中央一丁目(海老名市)",
        "海老名駅東口"
    ],
    "weekday": [
        "6:23",
        "7:07",
        "7:55",
        "8:40",
        "9:25",
        "10:25",
        "11:25",
        "12:25",
        "13:25",
        "14:25",
        "15:25",
        "16:25",
        "17:25",
        "18:25",
        "19:10",
        "20:00",
        "20:55"
    ],
    "saturday": [
        "7:19",
        "8:19",
        "9:23",
        "10:24",
        "11:24",
        "12:24",
        "13:24",
        "14:24",
        "15:24",
        "16:24",
        "17:24",
        "18:24",
        "19:24",
        "20:20"
    ],
    "holiday": [
        "7:19",
        "8:19",
        "9:23",
        "10:24",
        "11:24",
        "12:24",
        "13:24",
        "14:24",
        "15:24",
        "16:24",
        "17:24",
        "18:24",
        "19:20",
        "20:19"
    ],
    "url": "https://www.kanachu.co.jp/dia/diagram/timetable01_js/course:0000801315-20/node:00128558/kt:0/lname:/"
}
