{
    "date": "2025/11/16",
    "name": "長瀞",
    "position": "-",
    "system": "平07",
    "destinations": [
        "馬入境",
        "古河電工前(平塚市)",
        "関西ペイント前(平塚市)",
        "工業団地(平塚市)",
        "全農前",
        "小松前",
        "小松電子前",
        "東八幡工業団地",
        "東八幡五丁目",
        "不動ケミカル前"
    ],
    "weekday": [
        "9:08",
        "9:43"
    ],
    "saturday": [
        "19:16"
    ],
    "holiday": [
        "19:16"
    ],
    "url": "https://www.kanachu.co.jp/dia/diagram/timetable01_js/course:0000803274-8/node:00127680/kt:0/lname:/"
}
