{
    "date": "2025/11/16",
    "name": "関西ペイント前(平塚市)",
    "position": "-",
    "system": "平07",
    "destinations": [
        "工業団地(平塚市)",
        "全農前",
        "小松前",
        "小松電子前",
        "東八幡工業団地",
        "東八幡五丁目",
        "不動ケミカル前"
    ],
    "weekday": [
        "9:11",
        "9:46"
    ],
    "saturday": [
        "19:19"
    ],
    "holiday": [
        "19:19"
    ],
    "url": "https://www.kanachu.co.jp/dia/diagram/timetable01_js/course:0000803274-11/node:00127672/kt:0/lname:/"
}
