{
    "system": "平07",
    "busstops": [
        {
            "index": "1",
            "id": "00127464",
            "name": "平塚駅北口",
            "lat": "35.328688",
            "lng": "139.35121"
        },
        {
            "index": "2",
            "id": "00127190",
            "name": "四ツ角(平塚市)",
            "lat": "35.330223",
            "lng": "139.351532"
        },
        {
            "index": "3",
            "id": "00127189",
            "name": "松原(平塚市)",
            "lat": "35.330893",
            "lng": "139.355481"
        },
        {
            "index": "4",
            "id": "00127188",
            "name": "蔵屋敷",
            "lat": "35.331382",
            "lng": "139.358698"
        },
        {
            "index": "5",
            "id": "00127187",
            "name": "馬入橋",
            "lat": "35.333645",
            "lng": "139.358403"
        },
        {
            "index": "6",
            "id": "00127679",
            "name": "工業団地入口(平塚市)",
            "lat": "35.336397",
            "lng": "139.360417"
        },
        {
            "index": "7",
            "id": "00127712",
            "name": "馬入ふれあい公園入口",
            "lat": "35.336921",
            "lng": "139.361552"
        },
        {
            "index": "8",
            "id": "00127680",
            "name": "長瀞",
            "lat": "35.340183",
            "lng": "139.360547"
        },
        {
            "index": "9",
            "id": "00127681",
            "name": "馬入境",
            "lat": "35.343208",
            "lng": "139.360078"
        },
        {
            "index": "10",
            "id": "00127671",
            "name": "古河電工前(平塚市)",
            "lat": "35.346166",
            "lng": "139.36063"
        },
        {
            "index": "11",
            "id": "00127672",
            "name": "関西ペイント前(平塚市)",
            "lat": "35.348596",
            "lng": "139.361053"
        },
        {
            "index": "12",
            "id": "00127673",
            "name": "工業団地(平塚市)",
            "lat": "35.349699",
            "lng": "139.361246"
        },
        {
            "index": "13",
            "id": "00127674",
            "name": "全農前",
            "lat": "35.350468",
            "lng": "139.361384"
        },
        {
            "index": "14",
            "id": "00127675",
            "name": "小松前",
            "lat": "35.351318",
            "lng": "139.361987"
        },
        {
            "index": "15",
            "id": "00127676",
            "name": "小松電子前",
            "lat": "35.351047",
            "lng": "139.364096"
        },
        {
            "index": "16",
            "id": "00127677",
            "name": "東八幡工業団地",
            "lat": "35.350819",
            "lng": "139.366257"
        },
        {
            "index": "17",
            "id": "00127691",
            "name": "東八幡五丁目",
            "lat": "35.349444",
            "lng": "139.366327"
        },
        {
            "index": "18",
            "id": "00127678",
            "name": "不動ケミカル前",
            "lat": "35.349198",
            "lng": "139.363779"
        }
    ],
    "route_url": "https://www.kanachu.co.jp/dia/route/index/cid:0000803274/"
}
