{
    "date": "2025/05/11",
    "name": "鎌倉女子大前",
    "position": "-",
    "system": "船14",
    "destinations": [
        "平島(鎌倉市)",
        "笠間十字路",
        "笠間町",
        "岩井口",
        "大船駅(横浜市栄区)"
    ],
    "weekday": [
        "6:05",
        "6:25",
        "6:45",
        "7:05",
        "7:25",
        "7:45",
        "8:05",
        "8:35"
    ],
    "saturday": [
        "6:45",
        "7:35",
        "8:15",
        "8:55"
    ],
    "holiday": [
        "6:45",
        "7:35",
        "8:15",
        "8:55"
    ],
    "url": "https://www.kanachu.co.jp/dia/diagram/timetable01_js/course:0000802936-4/node:00126505/kt:0/lname:/"
}
