{
    "date": "2025/04/19",
    "name": "総合体育館前(相模原市南区)",
    "position": "-",
    "system": "古04",
    "destinations": [
        "女子美術大学"
    ],
    "weekday": [
        "7:45",
        "7:58",
        "8:46",
        "8:53",
        "9:01",
        "9:46",
        "10:21",
        "10:41",
        "11:48",
        "12:36",
        "12:57",
        "13:51",
        "14:56",
        "15:26",
        "16:26",
        "17:26",
        "17:56",
        "18:31",
        "19:06",
        "20:07"
    ],
    "saturday": [
        "8:43",
        "9:03",
        "9:46",
        "10:21",
        "10:41",
        "11:46",
        "12:46",
        "13:46",
        "14:46",
        "15:56",
        "16:46",
        "17:46"
    ],
    "holiday": [
        "8:43",
        "9:46",
        "10:46",
        "11:46",
        "12:46",
        "13:46",
        "14:46",
        "15:46",
        "16:46",
        "17:46"
    ],
    "url": "https://www.kanachu.co.jp/dia/diagram/timetable01_js/course:0000803423-8/node:00129178/kt:0/lname:/"
}
