{
    "date": "2025/11/16",
    "name": "茅ヶ崎四ツ角",
    "position": "-",
    "system": "茅06",
    "destinations": [
        "十間坂",
        "茶屋町(茅ケ崎市)",
        "町屋(茅ケ崎市)",
        "今宿(茅ケ崎市)",
        "中島(茅ケ崎市)",
        "新田入口(茅ケ崎市)",
        "馬入橋",
        "蔵屋敷",
        "松原(平塚市)",
        "四ツ角(平塚市)",
        "平塚駅北口"
    ],
    "weekday": [
        "6:07",
        "6:27",
        "6:47",
        "7:07",
        "7:22",
        "7:37",
        "7:52",
        "8:07",
        "8:29",
        "8:47",
        "9:12",
        "9:42",
        "10:12",
        "10:42",
        "11:12",
        "11:42",
        "12:12",
        "12:42",
        "13:12",
        "13:42",
        "14:12",
        "14:42",
        "15:12",
        "15:42",
        "16:13",
        "16:42",
        "17:14",
        "17:34",
        "17:54",
        "18:14",
        "18:34",
        "18:54",
        "19:14",
        "19:29",
        "19:44",
        "19:59",
        "20:19",
        "20:37",
        "21:01",
        "21:22",
        "21:52",
        "22:37",
        "23:37"
    ],
    "saturday": [
        "6:47",
        "7:19",
        "7:47",
        "8:12",
        "8:39",
        "9:02",
        "9:32",
        "10:02",
        "10:32",
        "11:02",
        "11:32",
        "12:02",
        "12:32",
        "13:02",
        "13:32",
        "14:02",
        "14:32",
        "15:02",
        "15:32",
        "16:02",
        "16:32",
        "17:05",
        "17:32",
        "18:05",
        "18:32",
        "19:05",
        "19:32",
        "20:05",
        "20:32",
        "21:02",
        "21:32",
        "21:57",
        "22:27"
    ],
    "holiday": [
        "6:47",
        "7:19",
        "7:47",
        "8:12",
        "8:39",
        "9:02",
        "9:32",
        "10:02",
        "10:32",
        "11:02",
        "11:32",
        "12:02",
        "12:32",
        "13:02",
        "13:32",
        "14:02",
        "14:32",
        "15:02",
        "15:32",
        "16:02",
        "16:32",
        "17:05",
        "17:32",
        "18:05",
        "18:32",
        "19:05",
        "19:32",
        "20:05",
        "20:32",
        "21:02",
        "21:32",
        "21:57",
        "22:27"
    ],
    "url": "https://www.kanachu.co.jp/dia/diagram/timetable01_js/course:0000800354-2/node:00127159/kt:0/lname:/"
}
