{
    "date": "2025/07/27",
    "name": "下中駐在所前",
    "position": "-",
    "system": "二30",
    "destinations": [
        "下小竹",
        "坂呂橋",
        "隧道口",
        "上小竹",
        "遠藤(足柄上郡中井町)",
        "北田(足柄上郡中井町)",
        "滝ノ前(足柄上郡中井町)",
        "五所ノ宮",
        "中井郵便局前",
        "万年橋(足柄上郡中井町)",
        "中井役場前",
        "中井町役場入口"
    ],
    "weekday": [
        "7:05",
        "9:18",
        "9:48",
        "10:14",
        "10:43",
        "11:08",
        "11:38",
        "12:15",
        "12:45",
        "13:08",
        "13:38",
        "14:08",
        "14:38",
        "15:08",
        "15:34",
        "16:08",
        "16:40",
        "17:10",
        "17:40",
        "18:05",
        "18:20",
        "18:48",
        "19:06",
        "19:36",
        "20:06",
        "20:32",
        "21:02",
        "21:38",
        "22:04",
        "22:38"
    ],
    "saturday": [
        "8:06",
        "8:40",
        "9:15",
        "9:50",
        "10:15",
        "10:45",
        "11:15",
        "11:45",
        "12:15",
        "12:45",
        "13:15",
        "13:45",
        "14:15",
        "14:45",
        "15:15",
        "15:45",
        "16:15",
        "16:45",
        "17:12",
        "17:42",
        "18:12",
        "18:48",
        "19:18",
        "19:42",
        "20:10",
        "20:45",
        "21:15",
        "22:14"
    ],
    "holiday": [
        "8:06",
        "8:40",
        "9:15",
        "9:50",
        "10:15",
        "10:45",
        "11:15",
        "11:45",
        "12:15",
        "12:45",
        "13:15",
        "13:45",
        "14:15",
        "14:45",
        "15:15",
        "15:45",
        "16:15",
        "16:45",
        "17:12",
        "17:42",
        "18:12",
        "18:48",
        "19:18",
        "19:42",
        "20:10",
        "20:45",
        "21:15",
        "22:14"
    ],
    "url": "https://www.kanachu.co.jp/dia/diagram/timetable01_js/course:0000803766-14/node:00127973/kt:0/lname:/"
}
