{
    "date": "2026/01/16",
    "name": "釜野",
    "position": "-",
    "system": "二41",
    "destinations": [
        "釜野橋",
        "百合が丘坂下",
        "峠公園",
        "南3号前",
        "インター入口",
        "橘団地中央",
        "橘団地"
    ],
    "weekday": [
        "6:27",
        "6:57",
        "7:27",
        "18:34",
        "19:14",
        "19:54",
        "20:32",
        "21:16",
        "21:54"
    ],
    "saturday": [
        "6:59",
        "7:35",
        "8:16",
        "9:46",
        "12:46",
        "15:46",
        "18:01",
        "18:56",
        "19:30",
        "20:16",
        "20:54"
    ],
    "holiday": [
        "6:59",
        "7:35",
        "8:16",
        "9:46",
        "12:46",
        "15:46",
        "18:01",
        "18:56",
        "19:30",
        "20:16",
        "20:54"
    ],
    "url": "https://www.kanachu.co.jp/dia/diagram/timetable01_js/course:0000804294-2/node:00128029/kt:0/lname:/"
}
