{
    "date": "2025/01/14",
    "name": "宿原入口",
    "position": "-",
    "system": "厚66",
    "destinations": [
        "山王坂上",
        "山王坂下(厚木市)",
        "清源院前",
        "睦合北公民館前",
        "十軒村",
        "上三田",
        "才戸橋",
        "下川入",
        "坂本(愛甲郡愛川町)",
        "桜台(愛甲郡愛川町)",
        "運輸支局入口(愛甲郡愛川町)",
        "一本松(愛甲郡愛川町)",
        "局前(愛甲郡愛川町)",
        "中津(愛甲郡愛川町)",
        "東中学校前(愛甲郡愛川町)",
        "箕輪(愛甲郡愛川町)",
        "愛川町役場",
        "愛川バスセンター"
    ],
    "weekday": [
        "6:17",
        "6:57",
        "7:32",
        "8:22",
        "9:08",
        "9:59",
        "10:59",
        "11:59",
        "12:59",
        "13:58",
        "14:59",
        "15:59",
        "17:03",
        "18:02",
        "19:07",
        "19:43",
        "20:32",
        "21:35"
    ],
    "saturday": [
        "7:04",
        "7:40",
        "8:26",
        "9:27",
        "10:22",
        "11:22",
        "12:22",
        "13:22",
        "14:22",
        "15:22",
        "16:22",
        "17:22",
        "18:22",
        "19:22",
        "20:12",
        "21:27"
    ],
    "holiday": [
        "7:21",
        "8:19",
        "9:24",
        "10:22",
        "11:22",
        "12:22",
        "13:22",
        "14:22",
        "15:22",
        "16:22",
        "17:22",
        "18:25",
        "19:20",
        "20:27"
    ],
    "url": "https://www.kanachu.co.jp/dia/diagram/timetable01_js/course:0000802866-14/node:00128267/kt:0/lname:/"
}
