{
    "date": "2025/01/14",
    "name": "上三田",
    "position": "-",
    "system": "厚66",
    "destinations": [
        "才戸橋",
        "下川入",
        "坂本(愛甲郡愛川町)",
        "桜台(愛甲郡愛川町)",
        "運輸支局入口(愛甲郡愛川町)",
        "一本松(愛甲郡愛川町)",
        "局前(愛甲郡愛川町)",
        "中津(愛甲郡愛川町)",
        "東中学校前(愛甲郡愛川町)",
        "箕輪(愛甲郡愛川町)",
        "愛川町役場",
        "愛川バスセンター"
    ],
    "weekday": [
        "6:25",
        "7:05",
        "7:43",
        "8:33",
        "9:16",
        "10:07",
        "11:07",
        "12:07",
        "13:07",
        "14:06",
        "15:07",
        "16:07",
        "17:11",
        "18:10",
        "19:15",
        "19:51",
        "20:40",
        "21:43"
    ],
    "saturday": [
        "7:10",
        "7:46",
        "8:32",
        "9:33",
        "10:28",
        "11:28",
        "12:28",
        "13:28",
        "14:28",
        "15:28",
        "16:28",
        "17:28",
        "18:28",
        "19:28",
        "20:18",
        "21:33"
    ],
    "holiday": [
        "7:27",
        "8:25",
        "9:30",
        "10:28",
        "11:28",
        "12:28",
        "13:28",
        "14:28",
        "15:28",
        "16:28",
        "17:28",
        "18:31",
        "19:26",
        "20:33"
    ],
    "url": "https://www.kanachu.co.jp/dia/diagram/timetable01_js/course:0000802866-20/node:00128317/kt:0/lname:/"
}
