{
    "date": "2025/11/16",
    "name": "長堀公園前",
    "position": "-",
    "system": "間01",
    "destinations": [
        "山王原(大和市)",
        "諏訪神社",
        "下鶴間",
        "観音寺前(大和市)",
        "瀬谷入口",
        "笹原(横浜市瀬谷区)",
        "卸センター前",
        "桜山(横浜市旭区)",
        "亀甲山",
        "大貫橋",
        "上川井町",
        "長源寺前(横浜市旭区)",
        "宮の下(横浜市旭区)",
        "福泉寺前(横浜市旭区)",
        "川井宿",
        "下宿(横浜市旭区)",
        "都岡町",
        "農協前(横浜市旭区)",
        "筑池",
        "今宿(横浜市旭区)",
        "今宿小学校入口",
        "鶴ヶ峰中学校前",
        "薬王寺入口",
        "鶴ヶ峰本町",
        "鶴ヶ峰駅"
    ],
    "weekday": [
        "5:47",
        "6:18",
        "6:51",
        "7:24",
        "7:41",
        "8:16",
        "8:53",
        "10:05",
        "11:05",
        "12:05",
        "13:10",
        "14:10",
        "15:10",
        "16:10",
        "17:10",
        "18:10",
        "19:11",
        "20:09",
        "20:57"
    ],
    "saturday": [
        "5:17",
        "6:29",
        "7:02",
        "7:41",
        "8:15",
        "8:58",
        "9:58",
        "10:59",
        "11:58",
        "12:58",
        "13:58",
        "14:58",
        "15:57",
        "16:55",
        "17:55",
        "18:57",
        "19:55"
    ],
    "holiday": [
        "6:58",
        "8:15",
        "9:15",
        "10:00",
        "11:01",
        "12:00",
        "13:00",
        "13:58",
        "14:58",
        "15:59",
        "16:57",
        "17:57",
        "18:59",
        "20:00"
    ],
    "url": "https://www.kanachu.co.jp/dia/diagram/timetable01_js/course:0000803910-3/node:00130537/kt:0/lname:/"
}
