{
    "date": "2025/11/16",
    "name": "福泉寺前(横浜市旭区)",
    "position": "-",
    "system": "間01",
    "destinations": [
        "川井宿",
        "下宿(横浜市旭区)",
        "都岡町",
        "農協前(横浜市旭区)",
        "筑池",
        "今宿(横浜市旭区)",
        "今宿小学校入口",
        "鶴ヶ峰中学校前",
        "薬王寺入口",
        "鶴ヶ峰本町",
        "鶴ヶ峰駅"
    ],
    "weekday": [
        "6:10",
        "6:42",
        "7:21",
        "7:56",
        "8:13",
        "8:48",
        "9:25",
        "10:31",
        "11:31",
        "12:31",
        "13:36",
        "14:36",
        "15:36",
        "16:36",
        "17:36",
        "18:36",
        "19:28",
        "20:26",
        "21:14"
    ],
    "saturday": [
        "5:34",
        "6:49",
        "7:22",
        "8:01",
        "8:37",
        "9:20",
        "10:21",
        "11:22",
        "12:21",
        "13:21",
        "14:21",
        "15:21",
        "16:25",
        "17:23",
        "18:23",
        "19:25",
        "20:13"
    ],
    "holiday": [
        "7:15",
        "8:33",
        "9:33",
        "10:21",
        "11:22",
        "12:21",
        "13:21",
        "14:21",
        "15:21",
        "16:23",
        "17:21",
        "18:21",
        "19:23",
        "20:18"
    ],
    "url": "https://www.kanachu.co.jp/dia/diagram/timetable01_js/course:0000803910-17/node:00129710/kt:0/lname:/"
}
