{
    "date": "2025/11/16",
    "name": "川井宿",
    "position": "-",
    "system": "間01",
    "destinations": [
        "下宿(横浜市旭区)",
        "都岡町",
        "農協前(横浜市旭区)",
        "筑池",
        "今宿(横浜市旭区)",
        "今宿小学校入口",
        "鶴ヶ峰中学校前",
        "薬王寺入口",
        "鶴ヶ峰本町",
        "鶴ヶ峰駅"
    ],
    "weekday": [
        "6:12",
        "6:44",
        "7:23",
        "7:58",
        "8:15",
        "8:50",
        "9:27",
        "10:33",
        "11:33",
        "12:33",
        "13:38",
        "14:38",
        "15:38",
        "16:38",
        "17:38",
        "18:38",
        "19:30",
        "20:28",
        "21:16"
    ],
    "saturday": [
        "5:36",
        "6:51",
        "7:24",
        "8:03",
        "8:39",
        "9:22",
        "10:23",
        "11:24",
        "12:23",
        "13:23",
        "14:23",
        "15:23",
        "16:27",
        "17:25",
        "18:25",
        "19:27",
        "20:15"
    ],
    "holiday": [
        "7:17",
        "8:35",
        "9:35",
        "10:23",
        "11:24",
        "12:23",
        "13:23",
        "14:23",
        "15:23",
        "16:25",
        "17:23",
        "18:23",
        "19:25",
        "20:20"
    ],
    "url": "https://www.kanachu.co.jp/dia/diagram/timetable01_js/course:0000803910-18/node:00129711/kt:0/lname:/"
}
