{
    "date": "2025/11/16",
    "name": "筑池",
    "position": "-",
    "system": "間01",
    "destinations": [
        "今宿(横浜市旭区)",
        "今宿小学校入口",
        "鶴ヶ峰中学校前",
        "薬王寺入口",
        "鶴ヶ峰本町",
        "鶴ヶ峰駅"
    ],
    "weekday": [
        "6:16",
        "6:48",
        "7:27",
        "8:02",
        "8:19",
        "8:54",
        "9:31",
        "10:37",
        "11:37",
        "12:37",
        "13:42",
        "14:42",
        "15:42",
        "16:42",
        "17:42",
        "18:42",
        "19:34",
        "20:32",
        "21:20"
    ],
    "saturday": [
        "5:40",
        "6:55",
        "7:28",
        "8:07",
        "8:43",
        "9:26",
        "10:27",
        "11:28",
        "12:27",
        "13:27",
        "14:27",
        "15:27",
        "16:31",
        "17:29",
        "18:29",
        "19:31",
        "20:19"
    ],
    "holiday": [
        "7:21",
        "8:39",
        "9:39",
        "10:27",
        "11:28",
        "12:27",
        "13:27",
        "14:27",
        "15:27",
        "16:29",
        "17:27",
        "18:27",
        "19:29",
        "20:24"
    ],
    "url": "https://www.kanachu.co.jp/dia/diagram/timetable01_js/course:0000803910-22/node:00129715/kt:0/lname:/"
}
