{
    "date": "2025/05/11",
    "name": "みどりが丘(横浜市栄区)",
    "position": "-",
    "system": "船09",
    "destinations": [
        "みどりが丘東",
        "みどりが丘南",
        "光明寺(横浜市栄区)",
        "紅葉橋(横浜市栄区)",
        "本郷車庫前(横浜市栄区)",
        "山手学院入口",
        "稲荷森",
        "中野町",
        "本郷(横浜市栄区)",
        "本郷小学校前",
        "南河内(横浜市栄区)",
        "天神橋(横浜市栄区)",
        "栄警察署前",
        "公田",
        "鎌倉女子大前",
        "平島(鎌倉市)",
        "笠間十字路",
        "笠間町",
        "岩井口",
        "大船駅(横浜市栄区)"
    ],
    "weekday": [
        "6:10",
        "6:27",
        "6:46",
        "7:05",
        "7:17",
        "7:40",
        "8:00",
        "8:20",
        "8:40",
        "9:01",
        "9:42",
        "10:05",
        "10:33",
        "11:03",
        "11:33",
        "12:03",
        "12:33",
        "13:03",
        "13:33",
        "14:03",
        "14:33",
        "15:03",
        "15:33",
        "16:03",
        "16:33",
        "17:03",
        "17:33",
        "18:32",
        "19:32",
        "20:10",
        "20:49"
    ],
    "saturday": [
        "6:26",
        "6:50",
        "7:14",
        "7:54",
        "8:21",
        "8:54",
        "9:30",
        "10:06",
        "10:48",
        "11:30",
        "12:10",
        "12:50",
        "13:30",
        "14:10",
        "14:50",
        "15:30",
        "16:10",
        "16:50",
        "17:30",
        "18:10",
        "19:44"
    ],
    "holiday": [
        "6:26",
        "6:50",
        "7:14",
        "7:54",
        "8:21",
        "8:54",
        "9:30",
        "10:06",
        "10:48",
        "11:30",
        "12:10",
        "12:50",
        "13:30",
        "14:10",
        "14:50",
        "15:30",
        "16:10",
        "16:50",
        "17:30",
        "18:10",
        "19:44"
    ],
    "url": "https://www.kanachu.co.jp/dia/diagram/timetable01_js/course:0000803822-1/node:00126529/kt:0/lname:/"
}
