{
    "date": "2025/05/11",
    "name": "紅葉橋(横浜市栄区)",
    "position": "-",
    "system": "船09",
    "destinations": [
        "本郷車庫前(横浜市栄区)",
        "山手学院入口",
        "稲荷森",
        "中野町",
        "本郷(横浜市栄区)",
        "本郷小学校前",
        "南河内(横浜市栄区)",
        "天神橋(横浜市栄区)",
        "栄警察署前",
        "公田",
        "鎌倉女子大前",
        "平島(鎌倉市)",
        "笠間十字路",
        "笠間町",
        "岩井口",
        "大船駅(横浜市栄区)"
    ],
    "weekday": [
        "6:14",
        "6:31",
        "6:50",
        "7:10",
        "7:22",
        "7:45",
        "8:05",
        "8:25",
        "8:45",
        "9:05",
        "9:46",
        "10:09",
        "10:37",
        "11:07",
        "11:37",
        "12:07",
        "12:37",
        "13:07",
        "13:37",
        "14:07",
        "14:37",
        "15:07",
        "15:37",
        "16:07",
        "16:37",
        "17:07",
        "17:37",
        "18:36",
        "19:36",
        "20:14",
        "20:53"
    ],
    "saturday": [
        "6:30",
        "6:54",
        "7:18",
        "7:58",
        "8:25",
        "8:58",
        "9:34",
        "10:10",
        "10:52",
        "11:34",
        "12:14",
        "12:54",
        "13:34",
        "14:14",
        "14:54",
        "15:34",
        "16:14",
        "16:54",
        "17:34",
        "18:14",
        "19:48"
    ],
    "holiday": [
        "6:30",
        "6:54",
        "7:18",
        "7:58",
        "8:25",
        "8:58",
        "9:34",
        "10:10",
        "10:52",
        "11:34",
        "12:14",
        "12:54",
        "13:34",
        "14:14",
        "14:54",
        "15:34",
        "16:14",
        "16:54",
        "17:34",
        "18:14",
        "19:48"
    ],
    "url": "https://www.kanachu.co.jp/dia/diagram/timetable01_js/course:0000803822-5/node:00126514/kt:0/lname:/"
}
