{
    "date": "2025/05/11",
    "name": "本郷小学校前",
    "position": "-",
    "system": "船09",
    "destinations": [
        "南河内(横浜市栄区)",
        "天神橋(横浜市栄区)",
        "栄警察署前",
        "公田",
        "鎌倉女子大前",
        "平島(鎌倉市)",
        "笠間十字路",
        "笠間町",
        "岩井口",
        "大船駅(横浜市栄区)"
    ],
    "weekday": [
        "6:19",
        "6:36",
        "6:55",
        "7:18",
        "7:30",
        "7:53",
        "8:13",
        "8:33",
        "8:53",
        "9:12",
        "9:53",
        "10:16",
        "10:44",
        "11:14",
        "11:44",
        "12:14",
        "12:44",
        "13:14",
        "13:44",
        "14:14",
        "14:44",
        "15:14",
        "15:44",
        "16:14",
        "16:44",
        "17:14",
        "17:44",
        "18:43",
        "19:43",
        "20:19",
        "20:58"
    ],
    "saturday": [
        "6:35",
        "6:59",
        "7:24",
        "8:04",
        "8:31",
        "9:04",
        "9:40",
        "10:18",
        "11:00",
        "11:42",
        "12:22",
        "13:02",
        "13:42",
        "14:22",
        "15:02",
        "15:42",
        "16:22",
        "17:02",
        "17:42",
        "18:22",
        "19:53"
    ],
    "holiday": [
        "6:35",
        "6:59",
        "7:24",
        "8:04",
        "8:31",
        "9:04",
        "9:40",
        "10:18",
        "11:00",
        "11:42",
        "12:22",
        "13:02",
        "13:42",
        "14:22",
        "15:02",
        "15:42",
        "16:22",
        "17:02",
        "17:42",
        "18:22",
        "19:53"
    ],
    "url": "https://www.kanachu.co.jp/dia/diagram/timetable01_js/course:0000803822-11/node:00126509/kt:0/lname:/"
}
