{
    "date": "2025/05/11",
    "name": "天神橋(横浜市栄区)",
    "position": "-",
    "system": "船09",
    "destinations": [
        "栄警察署前",
        "公田",
        "鎌倉女子大前",
        "平島(鎌倉市)",
        "笠間十字路",
        "笠間町",
        "岩井口",
        "大船駅(横浜市栄区)"
    ],
    "weekday": [
        "6:21",
        "6:38",
        "6:57",
        "7:21",
        "7:33",
        "7:56",
        "8:16",
        "8:36",
        "8:56",
        "9:14",
        "9:55",
        "10:18",
        "10:46",
        "11:16",
        "11:46",
        "12:16",
        "12:46",
        "13:16",
        "13:46",
        "14:16",
        "14:46",
        "15:16",
        "15:47",
        "16:17",
        "16:47",
        "17:16",
        "17:46",
        "18:45",
        "19:45",
        "20:21",
        "21:00"
    ],
    "saturday": [
        "6:37",
        "7:01",
        "7:26",
        "8:06",
        "8:33",
        "9:06",
        "9:42",
        "10:21",
        "11:03",
        "11:45",
        "12:25",
        "13:05",
        "13:45",
        "14:25",
        "15:05",
        "15:45",
        "16:25",
        "17:05",
        "17:45",
        "18:25",
        "19:55"
    ],
    "holiday": [
        "6:37",
        "7:01",
        "7:26",
        "8:06",
        "8:33",
        "9:06",
        "9:42",
        "10:21",
        "11:03",
        "11:45",
        "12:25",
        "13:05",
        "13:45",
        "14:25",
        "15:05",
        "15:45",
        "16:25",
        "17:05",
        "17:45",
        "18:25",
        "19:55"
    ],
    "url": "https://www.kanachu.co.jp/dia/diagram/timetable01_js/course:0000803822-13/node:00126507/kt:0/lname:/"
}
