{
    "date": "2025/05/11",
    "name": "公田",
    "position": "-",
    "system": "船09",
    "destinations": [
        "鎌倉女子大前",
        "平島(鎌倉市)",
        "笠間十字路",
        "笠間町",
        "岩井口",
        "大船駅(横浜市栄区)"
    ],
    "weekday": [
        "6:23",
        "6:40",
        "6:59",
        "7:23",
        "7:35",
        "7:58",
        "8:18",
        "8:38",
        "8:58",
        "9:16",
        "9:57",
        "10:20",
        "10:48",
        "11:18",
        "11:48",
        "12:18",
        "12:48",
        "13:18",
        "13:48",
        "14:18",
        "14:48",
        "15:18",
        "15:49",
        "16:19",
        "16:49",
        "17:18",
        "17:48",
        "18:47",
        "19:47",
        "20:23",
        "21:02"
    ],
    "saturday": [
        "6:39",
        "7:04",
        "7:29",
        "8:09",
        "8:36",
        "9:09",
        "9:45",
        "10:24",
        "11:06",
        "11:48",
        "12:28",
        "13:08",
        "13:48",
        "14:28",
        "15:08",
        "15:48",
        "16:28",
        "17:08",
        "17:48",
        "18:28",
        "19:57"
    ],
    "holiday": [
        "6:39",
        "7:04",
        "7:29",
        "8:09",
        "8:36",
        "9:09",
        "9:45",
        "10:24",
        "11:06",
        "11:48",
        "12:28",
        "13:08",
        "13:48",
        "14:28",
        "15:08",
        "15:48",
        "16:28",
        "17:08",
        "17:48",
        "18:28",
        "19:57"
    ],
    "url": "https://www.kanachu.co.jp/dia/diagram/timetable01_js/course:0000803822-15/node:00126506/kt:0/lname:/"
}
