{
    "date": "2025/05/11",
    "name": "鎌倉女子大前",
    "position": "-",
    "system": "船09",
    "destinations": [
        "平島(鎌倉市)",
        "笠間十字路",
        "笠間町",
        "岩井口",
        "大船駅(横浜市栄区)"
    ],
    "weekday": [
        "6:24",
        "6:41",
        "7:00",
        "7:25",
        "7:37",
        "8:00",
        "8:20",
        "8:40",
        "9:00",
        "9:18",
        "9:59",
        "10:22",
        "10:50",
        "11:20",
        "11:50",
        "12:20",
        "12:50",
        "13:20",
        "13:50",
        "14:20",
        "14:50",
        "15:20",
        "15:51",
        "16:21",
        "16:51",
        "17:20",
        "17:50",
        "18:49",
        "19:49",
        "20:24",
        "21:03"
    ],
    "saturday": [
        "6:40",
        "7:06",
        "7:31",
        "8:11",
        "8:38",
        "9:11",
        "9:47",
        "10:26",
        "11:08",
        "11:50",
        "12:30",
        "13:10",
        "13:50",
        "14:30",
        "15:10",
        "15:50",
        "16:30",
        "17:10",
        "17:50",
        "18:30",
        "19:59"
    ],
    "holiday": [
        "6:40",
        "7:06",
        "7:31",
        "8:11",
        "8:38",
        "9:11",
        "9:47",
        "10:26",
        "11:08",
        "11:50",
        "12:30",
        "13:10",
        "13:50",
        "14:30",
        "15:10",
        "15:50",
        "16:30",
        "17:10",
        "17:50",
        "18:30",
        "19:59"
    ],
    "url": "https://www.kanachu.co.jp/dia/diagram/timetable01_js/course:0000803822-16/node:00126505/kt:0/lname:/"
}
