{
    "date": "2025/05/11",
    "name": "平島(鎌倉市)",
    "position": "-",
    "system": "船09",
    "destinations": [
        "笠間十字路",
        "笠間町",
        "岩井口",
        "大船駅(横浜市栄区)"
    ],
    "weekday": [
        "6:25",
        "6:42",
        "7:01",
        "7:26",
        "7:38",
        "8:01",
        "8:21",
        "8:41",
        "9:01",
        "9:19",
        "10:00",
        "10:23",
        "10:51",
        "11:21",
        "11:51",
        "12:21",
        "12:51",
        "13:21",
        "13:51",
        "14:21",
        "14:51",
        "15:21",
        "15:52",
        "16:22",
        "16:52",
        "17:21",
        "17:51",
        "18:50",
        "19:50",
        "20:25",
        "21:04"
    ],
    "saturday": [
        "6:41",
        "7:07",
        "7:32",
        "8:12",
        "8:39",
        "9:12",
        "9:48",
        "10:27",
        "11:09",
        "11:51",
        "12:31",
        "13:11",
        "13:51",
        "14:31",
        "15:11",
        "15:51",
        "16:31",
        "17:11",
        "17:51",
        "18:31",
        "20:00"
    ],
    "holiday": [
        "6:41",
        "7:07",
        "7:32",
        "8:12",
        "8:39",
        "9:12",
        "9:48",
        "10:27",
        "11:09",
        "11:51",
        "12:31",
        "13:11",
        "13:51",
        "14:31",
        "15:11",
        "15:51",
        "16:31",
        "17:11",
        "17:51",
        "18:31",
        "20:00"
    ],
    "url": "https://www.kanachu.co.jp/dia/diagram/timetable01_js/course:0000803822-17/node:00126504/kt:0/lname:/"
}
