{
    "date": "2025/05/11",
    "name": "笠間町",
    "position": "-",
    "system": "船09",
    "destinations": [
        "岩井口",
        "大船駅(横浜市栄区)"
    ],
    "weekday": [
        "6:27",
        "6:44",
        "7:04",
        "7:29",
        "7:41",
        "8:04",
        "8:24",
        "8:44",
        "9:04",
        "9:22",
        "10:03",
        "10:26",
        "10:54",
        "11:24",
        "11:54",
        "12:24",
        "12:54",
        "13:24",
        "13:54",
        "14:24",
        "14:54",
        "15:24",
        "15:55",
        "16:25",
        "16:55",
        "17:24",
        "17:54",
        "18:53",
        "19:53",
        "20:27",
        "21:06"
    ],
    "saturday": [
        "6:43",
        "7:09",
        "7:34",
        "8:14",
        "8:41",
        "9:14",
        "9:50",
        "10:29",
        "11:11",
        "11:53",
        "12:33",
        "13:13",
        "13:53",
        "14:33",
        "15:13",
        "15:53",
        "16:33",
        "17:13",
        "17:53",
        "18:33",
        "20:02"
    ],
    "holiday": [
        "6:43",
        "7:09",
        "7:34",
        "8:14",
        "8:41",
        "9:14",
        "9:50",
        "10:29",
        "11:11",
        "11:53",
        "12:33",
        "13:13",
        "13:53",
        "14:33",
        "15:13",
        "15:53",
        "16:33",
        "17:13",
        "17:53",
        "18:33",
        "20:02"
    ],
    "url": "https://www.kanachu.co.jp/dia/diagram/timetable01_js/course:0000803822-19/node:00126502/kt:0/lname:/"
}
