{
    "date": "2024/07/01",
    "name": "今田(藤沢市)",
    "position": "-",
    "system": "湘27",
    "destinations": [
        "六会",
        "雲昌寺",
        "亀井野三丁目",
        "亀井野",
        "下屋敷(藤沢市)",
        "西俣野",
        "観音堂前(横浜市戸塚区)",
        "福泉寺(横浜市戸塚区)",
        "横浜薬大南門",
        "俣野公園・横浜薬大前",
        "集会所前(横浜市戸塚区)",
        "ドリームハイツ"
    ],
    "weekday": [
        "6:52",
        "7:32",
        "7:52",
        "8:16",
        "8:32",
        "8:47",
        "9:20",
        "9:44",
        "10:14",
        "10:42",
        "11:14",
        "12:14",
        "13:14",
        "14:14",
        "14:54",
        "15:34",
        "16:35",
        "16:58",
        "17:24",
        "17:43",
        "18:10",
        "18:30",
        "19:10",
        "19:40",
        "20:17",
        "20:34",
        "21:52"
    ],
    "saturday": [
        "7:15",
        "7:46",
        "8:15",
        "8:45",
        "9:15",
        "9:42",
        "10:15",
        "10:42",
        "11:15",
        "11:42",
        "12:15",
        "13:15",
        "14:15",
        "15:15",
        "15:49",
        "16:15",
        "16:49",
        "17:15",
        "17:49",
        "18:15",
        "18:49",
        "19:15",
        "19:49",
        "20:15",
        "21:15"
    ],
    "holiday": [
        "7:15",
        "7:46",
        "8:15",
        "8:45",
        "9:15",
        "9:42",
        "10:15",
        "10:42",
        "11:15",
        "11:42",
        "12:15",
        "13:15",
        "14:15",
        "15:15",
        "15:49",
        "16:15",
        "16:49",
        "17:15",
        "17:49",
        "18:15",
        "18:49",
        "19:15",
        "19:49",
        "20:15",
        "21:15"
    ],
    "url": "https://www.kanachu.co.jp/dia/diagram/timetable01_js/course:0000802330-2/node:00129882/kt:0/lname:/"
}
