{
    "date": "2024/07/01",
    "name": "下屋敷(藤沢市)",
    "position": "-",
    "system": "湘27",
    "destinations": [
        "西俣野",
        "観音堂前(横浜市戸塚区)",
        "福泉寺(横浜市戸塚区)",
        "横浜薬大南門",
        "俣野公園・横浜薬大前",
        "集会所前(横浜市戸塚区)",
        "ドリームハイツ"
    ],
    "weekday": [
        "6:58",
        "7:38",
        "7:58",
        "8:22",
        "8:38",
        "8:53",
        "9:26",
        "9:50",
        "10:20",
        "10:48",
        "11:20",
        "12:20",
        "13:20",
        "14:20",
        "15:00",
        "15:40",
        "16:41",
        "17:04",
        "17:30",
        "17:49",
        "18:16",
        "18:36",
        "19:16",
        "19:46",
        "20:23",
        "20:40",
        "21:58"
    ],
    "saturday": [
        "7:21",
        "7:52",
        "8:21",
        "8:51",
        "9:21",
        "9:48",
        "10:21",
        "10:48",
        "11:21",
        "11:48",
        "12:21",
        "13:21",
        "14:21",
        "15:21",
        "15:55",
        "16:21",
        "16:55",
        "17:21",
        "17:55",
        "18:21",
        "18:55",
        "19:21",
        "19:55",
        "20:21",
        "21:21"
    ],
    "holiday": [
        "7:21",
        "7:52",
        "8:21",
        "8:51",
        "9:21",
        "9:48",
        "10:21",
        "10:48",
        "11:21",
        "11:48",
        "12:21",
        "13:21",
        "14:21",
        "15:21",
        "15:55",
        "16:21",
        "16:55",
        "17:21",
        "17:55",
        "18:21",
        "18:55",
        "19:21",
        "19:55",
        "20:21",
        "21:21"
    ],
    "url": "https://www.kanachu.co.jp/dia/diagram/timetable01_js/course:0000802330-7/node:00129889/kt:0/lname:/"
}
