{
    "date": "2024/10/01",
    "name": "九沢自治会館前",
    "position": "-",
    "system": "橋30",
    "destinations": [
        "内出(相模原市緑区)",
        "合野原",
        "上大島東",
        "上大島南",
        "中の郷(相模原市緑区)",
        "渓松園前",
        "相模川自然の村"
    ],
    "weekday": [
        "8:32",
        "9:17",
        "10:32",
        "12:42",
        "14:52",
        "17:04",
        "18:27",
        "19:17"
    ],
    "saturday": [
        "8:32",
        "9:17",
        "10:32",
        "12:42",
        "14:52",
        "17:04",
        "18:27",
        "19:17"
    ],
    "holiday": [
        "8:32",
        "9:17",
        "10:32",
        "12:42",
        "14:52",
        "17:04",
        "18:27",
        "19:17"
    ],
    "url": "https://www.kanachu.co.jp/dia/diagram/timetable01_js/course:0000803624-12/node:00129128/kt:0/lname:/"
}
