{
    "date": "2024/10/01",
    "name": "合野原",
    "position": "-",
    "system": "橋30",
    "destinations": [
        "上大島東",
        "上大島南",
        "中の郷(相模原市緑区)",
        "渓松園前",
        "相模川自然の村"
    ],
    "weekday": [
        "8:34",
        "9:19",
        "10:34",
        "12:44",
        "14:54",
        "17:06",
        "18:29",
        "19:19"
    ],
    "saturday": [
        "8:34",
        "9:19",
        "10:34",
        "12:44",
        "14:54",
        "17:06",
        "18:29",
        "19:19"
    ],
    "holiday": [
        "8:34",
        "9:19",
        "10:34",
        "12:44",
        "14:54",
        "17:06",
        "18:29",
        "19:19"
    ],
    "url": "https://www.kanachu.co.jp/dia/diagram/timetable01_js/course:0000803624-14/node:00128979/kt:0/lname:/"
}
