{
    "date": "2025/11/16",
    "name": "鶴ヶ峰本町",
    "position": "-",
    "system": "",
    "destinations": [
        "薬王寺入口",
        "鶴ヶ峰中学校前",
        "今宿小学校入口",
        "今宿(横浜市旭区)",
        "筑池",
        "農協前(横浜市旭区)",
        "都岡辻",
        "横浜旭陵高校前",
        "横浜旭陵高校坂下",
        "よこはま動物園"
    ],
    "weekday": [
        "9:08",
        "10:16",
        "11:43",
        "12:36",
        "13:36",
        "14:27",
        "15:12",
        "15:57",
        "16:32"
    ],
    "saturday": [
        "15:43",
        "15:57",
        "16:31"
    ],
    "holiday": [
        "15:56",
        "16:26"
    ],
    "url": "https://www.kanachu.co.jp/dia/diagram/timetable01_js/course:0000802207-2/node:00129720/kt:0/lname:/"
}
