{
    "date": "2026/01/16",
    "name": "浜之郷小学校",
    "position": "-",
    "system": "コ15",
    "destinations": [
        "西久保保育園・つるみね老人ホーム前",
        "西久保南",
        "陽ざし野",
        "円蔵下町",
        "円蔵",
        "矢畑北",
        "消防本部前(茅ケ崎市)",
        "市民活動サポートセンター前",
        "市民文化会館前(茅ケ崎市)",
        "茅ヶ崎駅北",
        "中央公園前(茅ケ崎市)",
        "前の田",
        "北茅ヶ崎駅入口",
        "市立病院(茅ケ崎市)"
    ],
    "weekday": [
        "7:40",
        "8:50",
        "10:00",
        "12:30",
        "13:40",
        "14:40",
        "15:50",
        "18:40"
    ],
    "saturday": [
        "8:50",
        "10:00",
        "12:30",
        "13:40",
        "14:40",
        "15:50",
        "18:40"
    ],
    "holiday": [
        "8:50",
        "10:00",
        "12:30",
        "13:40",
        "14:40",
        "15:50",
        "18:40"
    ],
    "url": "https://www.kanachu.co.jp/dia/diagram/timetable01_js/course:0000803981-22/node:00127365/kt:0/lname:/"
}
