{
    "date": "2026/01/16",
    "name": "陽ざし野",
    "position": "-",
    "system": "コ15",
    "destinations": [
        "円蔵下町",
        "円蔵",
        "矢畑北",
        "消防本部前(茅ケ崎市)",
        "市民活動サポートセンター前",
        "市民文化会館前(茅ケ崎市)",
        "茅ヶ崎駅北",
        "中央公園前(茅ケ崎市)",
        "前の田",
        "北茅ヶ崎駅入口",
        "市立病院(茅ケ崎市)"
    ],
    "weekday": [
        "7:43",
        "8:53",
        "10:03",
        "12:33",
        "13:43",
        "14:43",
        "15:53",
        "18:43"
    ],
    "saturday": [
        "8:53",
        "10:03",
        "12:33",
        "13:43",
        "14:43",
        "15:53",
        "18:43"
    ],
    "holiday": [
        "8:53",
        "10:03",
        "12:33",
        "13:43",
        "14:43",
        "15:53",
        "18:43"
    ],
    "url": "https://www.kanachu.co.jp/dia/diagram/timetable01_js/course:0000803981-25/node:00127362/kt:0/lname:/"
}
