{
    "date": "2026/01/16",
    "name": "矢畑北",
    "position": "-",
    "system": "コ15",
    "destinations": [
        "消防本部前(茅ケ崎市)",
        "市民活動サポートセンター前",
        "市民文化会館前(茅ケ崎市)",
        "茅ヶ崎駅北",
        "中央公園前(茅ケ崎市)",
        "前の田",
        "北茅ヶ崎駅入口",
        "市立病院(茅ケ崎市)"
    ],
    "weekday": [
        "7:45",
        "8:55",
        "10:05",
        "12:35",
        "13:45",
        "14:45",
        "15:55",
        "18:45"
    ],
    "saturday": [
        "8:55",
        "10:05",
        "12:35",
        "13:45",
        "14:45",
        "15:55",
        "18:45"
    ],
    "holiday": [
        "8:55",
        "10:05",
        "12:35",
        "13:45",
        "14:45",
        "15:55",
        "18:45"
    ],
    "url": "https://www.kanachu.co.jp/dia/diagram/timetable01_js/course:0000803981-28/node:00127360/kt:0/lname:/"
}
