{
    "date": "2026/01/16",
    "name": "消防本部前(茅ケ崎市)",
    "position": "-",
    "system": "コ15",
    "destinations": [
        "市民活動サポートセンター前",
        "市民文化会館前(茅ケ崎市)",
        "茅ヶ崎駅北",
        "中央公園前(茅ケ崎市)",
        "前の田",
        "北茅ヶ崎駅入口",
        "市立病院(茅ケ崎市)"
    ],
    "weekday": [
        "7:46",
        "8:56",
        "10:06",
        "12:36",
        "13:46",
        "14:46",
        "15:56",
        "18:46"
    ],
    "saturday": [
        "8:56",
        "10:06",
        "12:36",
        "13:46",
        "14:46",
        "15:56",
        "18:46"
    ],
    "holiday": [
        "8:56",
        "10:06",
        "12:36",
        "13:46",
        "14:46",
        "15:56",
        "18:46"
    ],
    "url": "https://www.kanachu.co.jp/dia/diagram/timetable01_js/course:0000803981-29/node:00127420/kt:0/lname:/"
}
