{
    "date": "2025/08/04",
    "name": "東京家政学院",
    "position": "-",
    "system": "原23",
    "destinations": [
        "東京家政学院前",
        "真米",
        "相原十字路",
        "開都",
        "相原小学校前",
        "諏訪神社前(町田市)",
        "相原駅西口"
    ],
    "weekday": [
        "7:51",
        "8:36",
        "9:05",
        "9:45",
        "10:50",
        "11:05",
        "12:40",
        "13:20",
        "14:30",
        "15:10",
        "16:10",
        "17:00",
        "17:10",
        "18:20",
        "19:20"
    ],
    "saturday": [
        "8:50",
        "9:40",
        "10:40",
        "11:05",
        "12:45",
        "13:45",
        "14:15",
        "15:15",
        "16:15",
        "17:15"
    ],
    "holiday": [],
    "url": "https://www.kanachu.co.jp/dia/diagram/timetable01_js/course:0000802292-1/node:00020990/kt:0/lname:/"
}
