{
    "date": "2025/08/04",
    "name": "真米",
    "position": "-",
    "system": "原23",
    "destinations": [
        "相原十字路",
        "開都",
        "相原小学校前",
        "諏訪神社前(町田市)",
        "相原駅西口"
    ],
    "weekday": [
        "7:52",
        "8:37",
        "9:06",
        "9:46",
        "10:51",
        "11:06",
        "12:41",
        "13:21",
        "14:31",
        "15:11",
        "16:11",
        "17:01",
        "17:11",
        "18:21",
        "19:21"
    ],
    "saturday": [
        "8:51",
        "9:41",
        "10:41",
        "11:06",
        "12:46",
        "13:46",
        "14:16",
        "15:16",
        "16:16",
        "17:16"
    ],
    "holiday": [],
    "url": "https://www.kanachu.co.jp/dia/diagram/timetable01_js/course:0000802292-3/node:00128899/kt:0/lname:/"
}
