{
    "date": "2025/08/04",
    "name": "相原小学校前",
    "position": "-",
    "system": "原23",
    "destinations": [
        "諏訪神社前(町田市)",
        "相原駅西口"
    ],
    "weekday": [
        "7:55",
        "8:40",
        "9:09",
        "9:49",
        "10:54",
        "11:09",
        "12:44",
        "13:24",
        "14:34",
        "15:14",
        "16:14",
        "17:04",
        "17:14",
        "18:24",
        "19:24"
    ],
    "saturday": [
        "8:54",
        "9:44",
        "10:44",
        "11:09",
        "12:49",
        "13:49",
        "14:19",
        "15:19",
        "16:19",
        "17:19"
    ],
    "holiday": [],
    "url": "https://www.kanachu.co.jp/dia/diagram/timetable01_js/course:0000802292-6/node:00128887/kt:0/lname:/"
}
