{
    "system": "原23",
    "busstops": [
        {
            "index": "1",
            "id": "00020990",
            "name": "東京家政学院",
            "lat": "35.612223",
            "lng": "139.311122"
        },
        {
            "index": "2",
            "id": "00128900",
            "name": "東京家政学院前",
            "lat": "35.610113",
            "lng": "139.312444"
        },
        {
            "index": "3",
            "id": "00128899",
            "name": "真米",
            "lat": "35.607748",
            "lng": "139.314547"
        },
        {
            "index": "4",
            "id": "00128889",
            "name": "相原十字路",
            "lat": "35.605823",
            "lng": "139.31628"
        },
        {
            "index": "5",
            "id": "00128888",
            "name": "開都",
            "lat": "35.606641",
            "lng": "139.320004"
        },
        {
            "index": "6",
            "id": "00128887",
            "name": "相原小学校前",
            "lat": "35.605788",
            "lng": "139.323307"
        },
        {
            "index": "7",
            "id": "00128886",
            "name": "諏訪神社前(町田市)",
            "lat": "35.604699",
            "lng": "139.327354"
        },
        {
            "index": "8",
            "id": "00130397",
            "name": "相原駅西口",
            "lat": "35.606451",
            "lng": "139.330992"
        }
    ],
    "route_url": "https://www.kanachu.co.jp/dia/route/index/cid:0000802292/"
}
