{
    "date": "2025/04/01",
    "name": "藤野北小学校前",
    "position": "-",
    "system": "野08",
    "destinations": [
        "上河原(相模原市緑区)",
        "上沢井",
        "沢井住宅前",
        "陣馬登山口",
        "中里橋(相模原市緑区)",
        "日野(相模原市緑区)",
        "藤野総合事務所前",
        "藤野駅"
    ],
    "weekday": [
        "6:56",
        "7:57",
        "8:39",
        "14:14",
        "14:55",
        "15:51",
        "17:09",
        "18:26"
    ],
    "saturday": [
        "8:28",
        "9:27",
        "10:15",
        "13:46",
        "14:36",
        "15:46",
        "17:13",
        "18:28"
    ],
    "holiday": [
        "8:28",
        "9:27",
        "10:15",
        "13:46",
        "14:36",
        "15:46",
        "17:13",
        "18:28"
    ],
    "url": "https://www.kanachu.co.jp/dia/diagram/timetable01_js/course:0000803752-6/node:00128819/kt:0/lname:/"
}
