{
    "date": "2025/04/01",
    "name": "中里橋(相模原市緑区)",
    "position": "-",
    "system": "野08",
    "destinations": [
        "日野(相模原市緑区)",
        "藤野総合事務所前",
        "藤野駅"
    ],
    "weekday": [
        "7:00",
        "8:01",
        "8:43",
        "14:18",
        "14:59",
        "15:55",
        "17:13",
        "18:30"
    ],
    "saturday": [
        "8:32",
        "9:31",
        "10:19",
        "13:50",
        "14:40",
        "15:50",
        "17:17",
        "18:32"
    ],
    "holiday": [
        "8:32",
        "9:31",
        "10:19",
        "13:50",
        "14:40",
        "15:50",
        "17:17",
        "18:32"
    ],
    "url": "https://www.kanachu.co.jp/dia/diagram/timetable01_js/course:0000803752-11/node:00128814/kt:0/lname:/"
}
