{
    "date": "2025/04/19",
    "name": "相模原駅南口",
    "position": "-",
    "system": "相21",
    "destinations": [
        "相模原三丁目",
        "相模原五丁目",
        "西門前(相模原市中央区)",
        "グリーンプラザ(相模原市中央区)",
        "市役所前(相模原市中央区)",
        "ウェルネスさがみはら前",
        "職業安定所前(相模原市中央区)",
        "千代田一丁目",
        "千代田十字路",
        "千代田五丁目",
        "光が丘一丁目(相模原市中央区)",
        "光が丘小学校前",
        "光が丘大通り",
        "光が丘三丁目(相模原市中央区)",
        "緑が丘一丁目(相模原市中央区)",
        "陽光台六丁目",
        "相模原浄水場",
        "麻溝車庫",
        "友愛病院前",
        "北里大学病院・北里大学",
        "麻溝台高校",
        "麻溝台入口",
        "さがみ緑風園前",
        "麻溝台中学校入口",
        "麻溝台",
        "水道路(相模原市南区)",
        "第一住宅(相模原市南区)",
        "国立相模原病院",
        "相模台まちづくりセンター前",
        "ハウス南門前",
        "鶴ヶ丘団地前",
        "二宮神社前(相模原市南区)",
        "小田急相模原駅"
    ],
    "weekday": [
        "7:00",
        "8:00",
        "9:08",
        "10:08",
        "11:08",
        "12:08",
        "13:08",
        "14:08",
        "15:08",
        "16:03",
        "17:03",
        "18:03",
        "19:03"
    ],
    "saturday": [
        "8:37",
        "9:37",
        "11:35",
        "13:35",
        "15:35",
        "17:35"
    ],
    "holiday": [
        "9:40",
        "11:35",
        "13:35",
        "16:35"
    ],
    "url": "https://www.kanachu.co.jp/dia/diagram/timetable01_js/course:0000801897-1/node:00129335/kt:0/lname:/"
}
