{
    "date": "2025/04/19",
    "name": "職業安定所前(相模原市中央区)",
    "position": "-",
    "system": "相21",
    "destinations": [
        "千代田一丁目",
        "千代田十字路",
        "千代田五丁目",
        "光が丘一丁目(相模原市中央区)",
        "光が丘小学校前",
        "光が丘大通り",
        "光が丘三丁目(相模原市中央区)",
        "緑が丘一丁目(相模原市中央区)",
        "陽光台六丁目",
        "相模原浄水場",
        "麻溝車庫",
        "友愛病院前",
        "北里大学病院・北里大学",
        "麻溝台高校",
        "麻溝台入口",
        "さがみ緑風園前",
        "麻溝台中学校入口",
        "麻溝台",
        "水道路(相模原市南区)",
        "第一住宅(相模原市南区)",
        "国立相模原病院",
        "相模台まちづくりセンター前",
        "ハウス南門前",
        "鶴ヶ丘団地前",
        "二宮神社前(相模原市南区)",
        "小田急相模原駅"
    ],
    "weekday": [
        "7:08",
        "8:08",
        "9:16",
        "10:16",
        "11:16",
        "12:16",
        "13:16",
        "14:16",
        "15:16",
        "16:11",
        "17:11",
        "18:11",
        "19:10"
    ],
    "saturday": [
        "8:45",
        "9:45",
        "11:42",
        "13:42",
        "15:42",
        "17:42"
    ],
    "holiday": [
        "9:47",
        "11:42",
        "13:42",
        "16:42"
    ],
    "url": "https://www.kanachu.co.jp/dia/diagram/timetable01_js/course:0000801897-8/node:00128535/kt:0/lname:/"
}
