{
    "date": "2025/04/19",
    "name": "麻溝車庫",
    "position": "-",
    "system": "相21",
    "destinations": [
        "友愛病院前",
        "北里大学病院・北里大学",
        "麻溝台高校",
        "麻溝台入口",
        "さがみ緑風園前",
        "麻溝台中学校入口",
        "麻溝台",
        "水道路(相模原市南区)",
        "第一住宅(相模原市南区)",
        "国立相模原病院",
        "相模台まちづくりセンター前",
        "ハウス南門前",
        "鶴ヶ丘団地前",
        "二宮神社前(相模原市南区)",
        "小田急相模原駅"
    ],
    "weekday": [
        "7:22",
        "8:22",
        "9:30",
        "10:30",
        "11:30",
        "12:30",
        "13:30",
        "14:30",
        "15:30",
        "16:25",
        "17:25",
        "18:25",
        "19:22"
    ],
    "saturday": [
        "8:58",
        "9:58",
        "11:54",
        "13:54",
        "15:54",
        "17:54"
    ],
    "holiday": [
        "9:59",
        "11:54",
        "13:54",
        "16:54"
    ],
    "url": "https://www.kanachu.co.jp/dia/diagram/timetable01_js/course:0000801897-19/node:00129224/kt:0/lname:/"
}
