{
    "date": "2025/04/19",
    "name": "麻溝台高校",
    "position": "-",
    "system": "相21",
    "destinations": [
        "麻溝台入口",
        "さがみ緑風園前",
        "麻溝台中学校入口",
        "麻溝台",
        "水道路(相模原市南区)",
        "第一住宅(相模原市南区)",
        "国立相模原病院",
        "相模台まちづくりセンター前",
        "ハウス南門前",
        "鶴ヶ丘団地前",
        "二宮神社前(相模原市南区)",
        "小田急相模原駅"
    ],
    "weekday": [
        "7:32",
        "8:32",
        "9:38",
        "10:38",
        "11:38",
        "12:38",
        "13:38",
        "14:38",
        "15:40",
        "16:35",
        "17:37",
        "18:37",
        "19:27"
    ],
    "saturday": [
        "9:03",
        "10:04",
        "12:03",
        "14:03",
        "16:03",
        "18:03"
    ],
    "holiday": [
        "10:07",
        "12:02",
        "14:02",
        "17:02"
    ],
    "url": "https://www.kanachu.co.jp/dia/diagram/timetable01_js/course:0000801897-22/node:00129064/kt:0/lname:/"
}
