{
    "date": "2025/04/19",
    "name": "さがみ緑風園前",
    "position": "-",
    "system": "相21",
    "destinations": [
        "麻溝台中学校入口",
        "麻溝台",
        "水道路(相模原市南区)",
        "第一住宅(相模原市南区)",
        "国立相模原病院",
        "相模台まちづくりセンター前",
        "ハウス南門前",
        "鶴ヶ丘団地前",
        "二宮神社前(相模原市南区)",
        "小田急相模原駅"
    ],
    "weekday": [
        "7:34",
        "8:34",
        "9:40",
        "10:40",
        "11:40",
        "12:40",
        "13:40",
        "14:40",
        "15:42",
        "16:37",
        "17:39",
        "18:39",
        "19:29"
    ],
    "saturday": [
        "9:05",
        "10:06",
        "12:05",
        "14:05",
        "16:05",
        "18:05"
    ],
    "holiday": [
        "10:09",
        "12:04",
        "14:04",
        "17:04"
    ],
    "url": "https://www.kanachu.co.jp/dia/diagram/timetable01_js/course:0000801897-24/node:00129698/kt:0/lname:/"
}
