{
    "date": "2025/04/19",
    "name": "第一住宅(相模原市南区)",
    "position": "-",
    "system": "相21",
    "destinations": [
        "国立相模原病院",
        "相模台まちづくりセンター前",
        "ハウス南門前",
        "鶴ヶ丘団地前",
        "二宮神社前(相模原市南区)",
        "小田急相模原駅"
    ],
    "weekday": [
        "7:39",
        "8:39",
        "9:45",
        "10:45",
        "11:45",
        "12:45",
        "13:45",
        "14:45",
        "15:47",
        "16:42",
        "17:44",
        "18:44",
        "19:34"
    ],
    "saturday": [
        "9:10",
        "10:11",
        "12:10",
        "14:10",
        "16:10",
        "18:10"
    ],
    "holiday": [
        "10:14",
        "12:09",
        "14:09",
        "17:09"
    ],
    "url": "https://www.kanachu.co.jp/dia/diagram/timetable01_js/course:0000801897-28/node:00129693/kt:0/lname:/"
}
