{
    "date": "2025/04/19",
    "name": "国立相模原病院",
    "position": "-",
    "system": "相21",
    "destinations": [
        "相模台まちづくりセンター前",
        "ハウス南門前",
        "鶴ヶ丘団地前",
        "二宮神社前(相模原市南区)",
        "小田急相模原駅"
    ],
    "weekday": [
        "7:42",
        "8:42",
        "9:47",
        "10:47",
        "11:47",
        "12:47",
        "13:47",
        "14:47",
        "15:50",
        "16:45",
        "17:47",
        "18:47",
        "19:36"
    ],
    "saturday": [
        "9:13",
        "10:13",
        "12:12",
        "14:12",
        "16:12",
        "18:12"
    ],
    "holiday": [
        "10:16",
        "12:11",
        "14:11",
        "17:11"
    ],
    "url": "https://www.kanachu.co.jp/dia/diagram/timetable01_js/course:0000801897-29/node:00129692/kt:0/lname:/"
}
