{
    "date": "2025/04/19",
    "name": "ハウス南門前",
    "position": "-",
    "system": "相21",
    "destinations": [
        "鶴ヶ丘団地前",
        "二宮神社前(相模原市南区)",
        "小田急相模原駅"
    ],
    "weekday": [
        "7:45",
        "8:45",
        "9:50",
        "10:50",
        "11:50",
        "12:50",
        "13:50",
        "14:50",
        "15:53",
        "16:48",
        "17:50",
        "18:50",
        "19:39"
    ],
    "saturday": [
        "9:16",
        "10:15",
        "12:14",
        "14:14",
        "16:14",
        "18:14"
    ],
    "holiday": [
        "10:19",
        "12:14",
        "14:14",
        "17:14"
    ],
    "url": "https://www.kanachu.co.jp/dia/diagram/timetable01_js/course:0000801897-31/node:00129699/kt:0/lname:/"
}
