{
    "date": "2025/04/19",
    "name": "鶴ヶ丘団地前",
    "position": "-",
    "system": "相21",
    "destinations": [
        "二宮神社前(相模原市南区)",
        "小田急相模原駅"
    ],
    "weekday": [
        "7:47",
        "8:47",
        "9:51",
        "10:51",
        "11:51",
        "12:51",
        "13:51",
        "14:51",
        "15:55",
        "16:50",
        "17:52",
        "18:52",
        "19:40"
    ],
    "saturday": [
        "9:17",
        "10:16",
        "12:15",
        "14:15",
        "16:15",
        "18:15"
    ],
    "holiday": [
        "10:20",
        "12:15",
        "14:15",
        "17:15"
    ],
    "url": "https://www.kanachu.co.jp/dia/diagram/timetable01_js/course:0000801897-32/node:00129700/kt:0/lname:/"
}
