{
    "date": "2025/01/14",
    "name": "厚木高校前",
    "position": "-",
    "system": "厚46",
    "destinations": [
        "日立アステモ前",
        "片岸(厚木市)",
        "温水",
        "高坪入口",
        "温水幼稚園前",
        "スポーツセンター入口(厚木市)",
        "高坪",
        "上高坪",
        "権現堂(厚木市)",
        "愛名",
        "八ツ橋",
        "白山(厚木市)",
        "旗谷入口",
        "小鮎公民館前",
        "台ノ上",
        "学校前(厚木市)",
        "局前(厚木市)",
        "打越(厚木市)",
        "矢崎(厚木市)",
        "古沢(厚木市)",
        "上古沢",
        "ネポン入口",
        "上分"
    ],
    "weekday": [
        "7:10",
        "7:52",
        "8:32",
        "9:31",
        "10:31",
        "11:31",
        "12:31",
        "14:31",
        "15:31",
        "16:32",
        "17:02",
        "18:02",
        "18:32"
    ],
    "saturday": [],
    "holiday": [],
    "url": "https://www.kanachu.co.jp/dia/diagram/timetable01_js/course:0000801631-5/node:00128440/kt:0/lname:/"
}
