{
    "date": "2025/01/14",
    "name": "高坪入口",
    "position": "-",
    "system": "厚46",
    "destinations": [
        "温水幼稚園前",
        "スポーツセンター入口(厚木市)",
        "高坪",
        "上高坪",
        "権現堂(厚木市)",
        "愛名",
        "八ツ橋",
        "白山(厚木市)",
        "旗谷入口",
        "小鮎公民館前",
        "台ノ上",
        "学校前(厚木市)",
        "局前(厚木市)",
        "打越(厚木市)",
        "矢崎(厚木市)",
        "古沢(厚木市)",
        "上古沢",
        "ネポン入口",
        "上分"
    ],
    "weekday": [
        "7:13",
        "7:55",
        "8:35",
        "9:34",
        "10:34",
        "11:34",
        "12:34",
        "14:34",
        "15:34",
        "16:35",
        "17:05",
        "18:05",
        "18:35"
    ],
    "saturday": [],
    "holiday": [],
    "url": "https://www.kanachu.co.jp/dia/diagram/timetable01_js/course:0000801631-9/node:00128444/kt:0/lname:/"
}
