{
    "date": "2025/11/16",
    "name": "境橋(中郡大磯町)",
    "position": "-",
    "system": "平33",
    "destinations": [
        "上寺坂",
        "上出縄",
        "下出縄",
        "小向(平塚市)",
        "万田自治会館前",
        "上万田",
        "下万田",
        "上山下(平塚市)",
        "山下(平塚市)",
        "高根(平塚市)",
        "高麗清水",
        "花水橋",
        "古花水",
        "柳町(平塚市)",
        "豊田道",
        "八間通り",
        "平塚文化芸術ホール前",
        "銀座通り(平塚市)",
        "平塚駅北口"
    ],
    "weekday": [
        "6:06",
        "6:21",
        "6:36",
        "6:51",
        "7:06",
        "7:21",
        "7:36",
        "7:51",
        "8:06",
        "8:26",
        "8:46",
        "9:12",
        "10:17",
        "10:52",
        "11:22",
        "12:22",
        "13:22",
        "14:22",
        "15:22",
        "15:52",
        "16:22",
        "17:22",
        "17:52",
        "18:22",
        "18:52",
        "19:22",
        "20:22"
    ],
    "saturday": [
        "6:32",
        "7:07",
        "7:42",
        "8:12",
        "8:42",
        "9:07",
        "9:52",
        "10:22",
        "10:52",
        "11:22",
        "12:22",
        "13:22",
        "14:22",
        "15:22",
        "16:22",
        "17:22",
        "17:52",
        "18:22",
        "19:22",
        "20:22"
    ],
    "holiday": [
        "6:32",
        "7:07",
        "7:42",
        "8:12",
        "8:42",
        "9:07",
        "9:52",
        "10:22",
        "10:52",
        "11:22",
        "12:22",
        "13:22",
        "14:22",
        "15:22",
        "16:22",
        "17:22",
        "17:52",
        "18:22",
        "19:22",
        "20:22"
    ],
    "url": "https://www.kanachu.co.jp/dia/diagram/timetable01_js/course:0000800371-3/node:00127550/kt:0/lname:/"
}
