{
    "date": "2025/11/16",
    "name": "上寺坂",
    "position": "-",
    "system": "平33",
    "destinations": [
        "上出縄",
        "下出縄",
        "小向(平塚市)",
        "万田自治会館前",
        "上万田",
        "下万田",
        "上山下(平塚市)",
        "山下(平塚市)",
        "高根(平塚市)",
        "高麗清水",
        "花水橋",
        "古花水",
        "柳町(平塚市)",
        "豊田道",
        "八間通り",
        "平塚文化芸術ホール前",
        "銀座通り(平塚市)",
        "平塚駅北口"
    ],
    "weekday": [
        "6:07",
        "6:22",
        "6:37",
        "6:52",
        "7:07",
        "7:22",
        "7:37",
        "7:52",
        "8:07",
        "8:27",
        "8:47",
        "9:13",
        "10:18",
        "10:53",
        "11:23",
        "12:23",
        "13:23",
        "14:23",
        "15:23",
        "15:53",
        "16:23",
        "17:23",
        "17:53",
        "18:23",
        "18:53",
        "19:23",
        "20:23"
    ],
    "saturday": [
        "6:33",
        "7:08",
        "7:43",
        "8:13",
        "8:43",
        "9:08",
        "9:53",
        "10:23",
        "10:53",
        "11:23",
        "12:23",
        "13:23",
        "14:23",
        "15:23",
        "16:23",
        "17:23",
        "17:53",
        "18:23",
        "19:23",
        "20:23"
    ],
    "holiday": [
        "6:33",
        "7:08",
        "7:43",
        "8:13",
        "8:43",
        "9:08",
        "9:53",
        "10:23",
        "10:53",
        "11:23",
        "12:23",
        "13:23",
        "14:23",
        "15:23",
        "16:23",
        "17:23",
        "17:53",
        "18:23",
        "19:23",
        "20:23"
    ],
    "url": "https://www.kanachu.co.jp/dia/diagram/timetable01_js/course:0000800371-4/node:00127542/kt:0/lname:/"
}
