{
    "date": "2025/11/16",
    "name": "小向(平塚市)",
    "position": "-",
    "system": "平33",
    "destinations": [
        "万田自治会館前",
        "上万田",
        "下万田",
        "上山下(平塚市)",
        "山下(平塚市)",
        "高根(平塚市)",
        "高麗清水",
        "花水橋",
        "古花水",
        "柳町(平塚市)",
        "豊田道",
        "八間通り",
        "平塚文化芸術ホール前",
        "銀座通り(平塚市)",
        "平塚駅北口"
    ],
    "weekday": [
        "6:10",
        "6:25",
        "6:40",
        "6:55",
        "7:10",
        "7:25",
        "7:40",
        "7:55",
        "8:10",
        "8:30",
        "8:50",
        "9:16",
        "10:21",
        "10:56",
        "11:26",
        "12:26",
        "13:26",
        "14:26",
        "15:26",
        "15:56",
        "16:26",
        "17:26",
        "17:56",
        "18:26",
        "18:56",
        "19:26",
        "20:26"
    ],
    "saturday": [
        "6:36",
        "7:11",
        "7:46",
        "8:16",
        "8:46",
        "9:11",
        "9:56",
        "10:26",
        "10:56",
        "11:26",
        "12:26",
        "13:26",
        "14:26",
        "15:26",
        "16:26",
        "17:26",
        "17:56",
        "18:26",
        "19:26",
        "20:26"
    ],
    "holiday": [
        "6:36",
        "7:11",
        "7:46",
        "8:16",
        "8:46",
        "9:11",
        "9:56",
        "10:26",
        "10:56",
        "11:26",
        "12:26",
        "13:26",
        "14:26",
        "15:26",
        "16:26",
        "17:26",
        "17:56",
        "18:26",
        "19:26",
        "20:26"
    ],
    "url": "https://www.kanachu.co.jp/dia/diagram/timetable01_js/course:0000800371-7/node:00127539/kt:0/lname:/"
}
