{
    "date": "2025/11/16",
    "name": "上万田",
    "position": "-",
    "system": "平33",
    "destinations": [
        "下万田",
        "上山下(平塚市)",
        "山下(平塚市)",
        "高根(平塚市)",
        "高麗清水",
        "花水橋",
        "古花水",
        "柳町(平塚市)",
        "豊田道",
        "八間通り",
        "平塚文化芸術ホール前",
        "銀座通り(平塚市)",
        "平塚駅北口"
    ],
    "weekday": [
        "6:12",
        "6:27",
        "6:42",
        "6:57",
        "7:12",
        "7:27",
        "7:42",
        "7:57",
        "8:12",
        "8:32",
        "8:52",
        "9:18",
        "10:23",
        "10:58",
        "11:28",
        "12:28",
        "13:28",
        "14:28",
        "15:28",
        "15:58",
        "16:28",
        "17:28",
        "17:58",
        "18:28",
        "18:58",
        "19:28",
        "20:28"
    ],
    "saturday": [
        "6:38",
        "7:13",
        "7:48",
        "8:18",
        "8:48",
        "9:13",
        "9:58",
        "10:28",
        "10:58",
        "11:28",
        "12:28",
        "13:28",
        "14:28",
        "15:28",
        "16:28",
        "17:28",
        "17:58",
        "18:28",
        "19:28",
        "20:28"
    ],
    "holiday": [
        "6:38",
        "7:13",
        "7:48",
        "8:18",
        "8:48",
        "9:13",
        "9:58",
        "10:28",
        "10:58",
        "11:28",
        "12:28",
        "13:28",
        "14:28",
        "15:28",
        "16:28",
        "17:28",
        "17:58",
        "18:28",
        "19:28",
        "20:28"
    ],
    "url": "https://www.kanachu.co.jp/dia/diagram/timetable01_js/course:0000800371-9/node:00127535/kt:0/lname:/"
}
