{
    "date": "2025/11/16",
    "name": "高根(平塚市)",
    "position": "-",
    "system": "平33",
    "destinations": [
        "高麗清水",
        "花水橋",
        "古花水",
        "柳町(平塚市)",
        "豊田道",
        "八間通り",
        "平塚文化芸術ホール前",
        "銀座通り(平塚市)",
        "平塚駅北口"
    ],
    "weekday": [
        "6:17",
        "6:32",
        "6:47",
        "7:02",
        "7:17",
        "7:32",
        "7:47",
        "8:02",
        "8:17",
        "8:37",
        "8:57",
        "9:23",
        "10:28",
        "11:03",
        "11:33",
        "12:33",
        "13:33",
        "14:33",
        "15:33",
        "16:03",
        "16:33",
        "17:33",
        "18:03",
        "18:33",
        "19:03",
        "19:33",
        "20:33"
    ],
    "saturday": [
        "6:43",
        "7:18",
        "7:53",
        "8:23",
        "8:53",
        "9:18",
        "10:03",
        "10:33",
        "11:03",
        "11:33",
        "12:33",
        "13:33",
        "14:33",
        "15:33",
        "16:33",
        "17:33",
        "18:03",
        "18:33",
        "19:33",
        "20:33"
    ],
    "holiday": [
        "6:43",
        "7:18",
        "7:53",
        "8:23",
        "8:53",
        "9:18",
        "10:03",
        "10:33",
        "11:03",
        "11:33",
        "12:33",
        "13:33",
        "14:33",
        "15:33",
        "16:33",
        "17:33",
        "18:03",
        "18:33",
        "19:33",
        "20:33"
    ],
    "url": "https://www.kanachu.co.jp/dia/diagram/timetable01_js/course:0000800371-13/node:00127531/kt:0/lname:/"
}
