{
    "date": "2025/11/16",
    "name": "柳町(平塚市)",
    "position": "-",
    "system": "平33",
    "destinations": [
        "豊田道",
        "八間通り",
        "平塚文化芸術ホール前",
        "銀座通り(平塚市)",
        "平塚駅北口"
    ],
    "weekday": [
        "6:23",
        "6:38",
        "6:53",
        "7:08",
        "7:23",
        "7:38",
        "7:53",
        "8:08",
        "8:23",
        "8:43",
        "9:03",
        "9:29",
        "10:34",
        "11:09",
        "11:39",
        "12:39",
        "13:39",
        "14:39",
        "15:39",
        "16:09",
        "16:39",
        "17:39",
        "18:09",
        "18:39",
        "19:09",
        "19:39",
        "20:39"
    ],
    "saturday": [
        "6:49",
        "7:24",
        "7:59",
        "8:29",
        "8:59",
        "9:24",
        "10:09",
        "10:39",
        "11:09",
        "11:39",
        "12:39",
        "13:39",
        "14:39",
        "15:39",
        "16:39",
        "17:39",
        "18:09",
        "18:39",
        "19:39",
        "20:39"
    ],
    "holiday": [
        "6:49",
        "7:24",
        "7:59",
        "8:29",
        "8:59",
        "9:24",
        "10:09",
        "10:39",
        "11:09",
        "11:39",
        "12:39",
        "13:39",
        "14:39",
        "15:39",
        "16:39",
        "17:39",
        "18:09",
        "18:39",
        "19:39",
        "20:39"
    ],
    "url": "https://www.kanachu.co.jp/dia/diagram/timetable01_js/course:0000800371-17/node:00127469/kt:0/lname:/"
}
