{
    "date": "2025/11/16",
    "name": "八間通り",
    "position": "-",
    "system": "平33",
    "destinations": [
        "平塚文化芸術ホール前",
        "銀座通り(平塚市)",
        "平塚駅北口"
    ],
    "weekday": [
        "6:25",
        "6:40",
        "6:55",
        "7:10",
        "7:25",
        "7:40",
        "7:55",
        "8:10",
        "8:25",
        "8:45",
        "9:05",
        "9:31",
        "10:36",
        "11:11",
        "11:41",
        "12:41",
        "13:41",
        "14:41",
        "15:41",
        "16:11",
        "16:41",
        "17:41",
        "18:11",
        "18:41",
        "19:11",
        "19:41",
        "20:41"
    ],
    "saturday": [
        "6:51",
        "7:26",
        "8:01",
        "8:31",
        "9:01",
        "9:26",
        "10:11",
        "10:41",
        "11:11",
        "11:41",
        "12:41",
        "13:41",
        "14:41",
        "15:41",
        "16:41",
        "17:41",
        "18:11",
        "18:41",
        "19:41",
        "20:41"
    ],
    "holiday": [
        "6:51",
        "7:26",
        "8:01",
        "8:31",
        "9:01",
        "9:26",
        "10:11",
        "10:41",
        "11:11",
        "11:41",
        "12:41",
        "13:41",
        "14:41",
        "15:41",
        "16:41",
        "17:41",
        "18:11",
        "18:41",
        "19:41",
        "20:41"
    ],
    "url": "https://www.kanachu.co.jp/dia/diagram/timetable01_js/course:0000800371-19/node:00127467/kt:0/lname:/"
}
