{
    "date": "2026/01/16",
    "name": "仲宿(秦野市)",
    "position": "-",
    "system": "秦25",
    "destinations": [
        "下宿(秦野市)",
        "末広小学校前",
        "山谷入口",
        "御嶽神社入口",
        "弘法山入口",
        "曽屋弘法"
    ],
    "weekday": [
        "6:58",
        "7:33",
        "8:13",
        "9:53",
        "11:53",
        "12:53",
        "15:03",
        "16:33",
        "17:33",
        "18:38",
        "19:38"
    ],
    "saturday": [
        "9:38",
        "11:38",
        "13:48",
        "15:48"
    ],
    "holiday": [
        "9:38",
        "11:38",
        "13:48",
        "15:48"
    ],
    "url": "https://www.kanachu.co.jp/dia/diagram/timetable01_js/course:0000804058-4/node:00127835/kt:0/lname:/"
}
