{
    "date": "2026/01/16",
    "name": "下宿(秦野市)",
    "position": "-",
    "system": "秦25",
    "destinations": [
        "末広小学校前",
        "山谷入口",
        "御嶽神社入口",
        "弘法山入口",
        "曽屋弘法"
    ],
    "weekday": [
        "6:59",
        "7:34",
        "8:14",
        "9:54",
        "11:54",
        "12:54",
        "15:04",
        "16:34",
        "17:34",
        "18:39",
        "19:39"
    ],
    "saturday": [
        "9:39",
        "11:39",
        "13:49",
        "15:49"
    ],
    "holiday": [
        "9:39",
        "11:39",
        "13:49",
        "15:49"
    ],
    "url": "https://www.kanachu.co.jp/dia/diagram/timetable01_js/course:0000804058-5/node:00127836/kt:0/lname:/"
}
