{
    "date": "2026/01/16",
    "name": "弘法山入口",
    "position": "-",
    "system": "秦25",
    "destinations": [
        "曽屋弘法"
    ],
    "weekday": [
        "7:06",
        "7:41",
        "8:21",
        "10:01",
        "12:01",
        "13:01",
        "15:11",
        "16:41",
        "17:41",
        "18:46",
        "19:46"
    ],
    "saturday": [
        "9:46",
        "11:46",
        "13:56",
        "15:56"
    ],
    "holiday": [
        "9:46",
        "11:46",
        "13:56",
        "15:56"
    ],
    "url": "https://www.kanachu.co.jp/dia/diagram/timetable01_js/course:0000804058-9/node:00128050/kt:0/lname:/"
}
