{
    "date": "2025/08/30",
    "name": "品濃口",
    "position": "-",
    "system": "東03",
    "destinations": [
        "国道平戸",
        "坂下口",
        "平戸団地"
    ],
    "weekday": [
        "6:59",
        "7:44",
        "8:04",
        "8:24",
        "8:44",
        "9:14",
        "9:44",
        "10:14",
        "10:44",
        "11:14",
        "11:44",
        "12:14",
        "12:44",
        "13:14",
        "13:44",
        "14:14",
        "14:44",
        "15:14",
        "15:44",
        "16:14",
        "16:44",
        "17:14",
        "17:44",
        "18:14",
        "18:44",
        "19:14",
        "19:43",
        "20:13",
        "20:43",
        "21:13"
    ],
    "saturday": [
        "7:14",
        "7:44",
        "8:14",
        "8:44",
        "9:14",
        "9:44",
        "10:14",
        "10:44",
        "11:14",
        "11:44",
        "12:14",
        "12:44",
        "13:14",
        "13:44",
        "14:14",
        "14:44",
        "15:14",
        "15:44",
        "16:14",
        "16:44",
        "17:14",
        "17:44",
        "18:14",
        "18:43",
        "19:13",
        "19:43",
        "20:13",
        "20:43"
    ],
    "holiday": [
        "7:14",
        "7:44",
        "8:14",
        "8:44",
        "9:14",
        "9:44",
        "10:14",
        "10:44",
        "11:14",
        "11:44",
        "12:14",
        "12:44",
        "13:14",
        "13:44",
        "14:14",
        "14:44",
        "15:14",
        "15:44",
        "16:14",
        "16:44",
        "17:14",
        "17:44",
        "18:14",
        "18:43",
        "19:13",
        "19:43",
        "20:13",
        "20:43"
    ],
    "url": "https://www.kanachu.co.jp/dia/diagram/timetable01_js/course:0000800181-4/node:00126617/kt:0/lname:/"
}
