{
    "date": "2025/08/30",
    "name": "坂下口",
    "position": "-",
    "system": "東03",
    "destinations": [
        "平戸団地"
    ],
    "weekday": [
        "7:03",
        "7:48",
        "8:08",
        "8:28",
        "8:48",
        "9:18",
        "9:48",
        "10:18",
        "10:48",
        "11:18",
        "11:48",
        "12:18",
        "12:48",
        "13:18",
        "13:48",
        "14:18",
        "14:48",
        "15:18",
        "15:48",
        "16:18",
        "16:48",
        "17:18",
        "17:48",
        "18:18",
        "18:48",
        "19:18",
        "19:47",
        "20:17",
        "20:47",
        "21:17"
    ],
    "saturday": [
        "7:18",
        "7:48",
        "8:18",
        "8:48",
        "9:18",
        "9:48",
        "10:18",
        "10:48",
        "11:18",
        "11:48",
        "12:18",
        "12:48",
        "13:18",
        "13:48",
        "14:18",
        "14:48",
        "15:18",
        "15:48",
        "16:18",
        "16:48",
        "17:18",
        "17:48",
        "18:18",
        "18:47",
        "19:17",
        "19:47",
        "20:17",
        "20:47"
    ],
    "holiday": [
        "7:18",
        "7:48",
        "8:18",
        "8:48",
        "9:18",
        "9:48",
        "10:18",
        "10:48",
        "11:18",
        "11:48",
        "12:18",
        "12:48",
        "13:18",
        "13:48",
        "14:18",
        "14:48",
        "15:18",
        "15:48",
        "16:18",
        "16:48",
        "17:18",
        "17:48",
        "18:18",
        "18:47",
        "19:17",
        "19:47",
        "20:17",
        "20:47"
    ],
    "url": "https://www.kanachu.co.jp/dia/diagram/timetable01_js/course:0000800181-6/node:00126619/kt:0/lname:/"
}
