{
    "date": "2021/02/01",
    "name": "広町(横浜市磯子区)",
    "position": "-",
    "system": "",
    "destinations": [
        "浜小学校前",
        "磯子台",
        "山王谷",
        "宮の下(横浜市磯子区)",
        "芦名橋",
        "磯子センター前",
        "磯子駅前"
    ],
    "weekday": [
        "6:46"
    ],
    "saturday": [
        "6:51"
    ],
    "holiday": [
        "6:51"
    ],
    "url": "https://www.kanachu.co.jp/dia/diagram/timetable01_js/course:0000803013-12/node:00102979/kt:0/lname:/"
}
