{
    "date": "2024/04/01",
    "name": "愛甲石田駅",
    "position": "-",
    "system": "愛02",
    "destinations": [
        "道了尊入口",
        "一之崎",
        "大久保(伊勢原市)",
        "すみだ公園",
        "あかね台入口(伊勢原市)",
        "高森四丁目",
        "会館前(伊勢原市)",
        "高森二丁目",
        "18号棟前",
        "22号棟前",
        "5号棟前",
        "すみだ公園",
        "大久保(伊勢原市)",
        "一之崎",
        "道了尊入口",
        "愛甲石田駅"
    ],
    "weekday": [
        "6:20",
        "6:45",
        "7:00",
        "7:13",
        "7:36",
        "7:45",
        "7:58",
        "8:08",
        "8:18",
        "8:28",
        "8:42",
        "9:00",
        "9:19",
        "9:36",
        "10:06",
        "10:38",
        "11:06",
        "11:36",
        "12:05",
        "12:36",
        "13:05",
        "13:36",
        "14:05",
        "14:36",
        "15:05",
        "15:36",
        "16:06",
        "16:37",
        "17:07",
        "17:33",
        "17:47",
        "18:07",
        "18:23",
        "18:45",
        "19:12",
        "19:39",
        "20:38",
        "21:07",
        "21:32",
        "21:56"
    ],
    "saturday": [
        "7:20",
        "8:00",
        "8:20",
        "8:40",
        "9:00",
        "9:25",
        "10:00",
        "10:30",
        "11:00",
        "11:30",
        "12:00",
        "12:35",
        "13:05",
        "13:35",
        "14:05",
        "14:35",
        "15:05",
        "15:35",
        "16:07",
        "16:35",
        "17:07",
        "17:27",
        "17:48",
        "18:07",
        "18:39",
        "19:07",
        "19:39",
        "20:07",
        "20:37",
        "21:05",
        "21:37"
    ],
    "holiday": [
        "7:20",
        "8:00",
        "8:20",
        "8:40",
        "9:00",
        "9:25",
        "10:00",
        "10:30",
        "11:00",
        "11:30",
        "12:00",
        "12:35",
        "13:05",
        "13:35",
        "14:05",
        "14:35",
        "15:05",
        "15:35",
        "16:07",
        "16:35",
        "17:07",
        "17:27",
        "17:48",
        "18:07",
        "18:39",
        "19:07",
        "19:39",
        "20:07",
        "20:37",
        "21:05",
        "21:37"
    ],
    "url": "https://www.kanachu.co.jp/dia/diagram/timetable01_js/course:0000800614-1/node:00128496/kt:0/lname:/"
}
