{
    "date": "2024/04/01",
    "name": "5号棟前",
    "position": "-",
    "system": "愛02",
    "destinations": [
        "すみだ公園",
        "大久保(伊勢原市)",
        "一之崎",
        "道了尊入口",
        "愛甲石田駅"
    ],
    "weekday": [
        "6:32",
        "6:57",
        "7:12",
        "7:25",
        "7:48",
        "7:57",
        "8:10",
        "8:20",
        "8:30",
        "8:40",
        "8:54",
        "9:12",
        "9:31",
        "9:48",
        "10:18",
        "10:50",
        "11:18",
        "11:48",
        "12:17",
        "12:48",
        "13:17",
        "13:48",
        "14:17",
        "14:48",
        "15:17",
        "15:48",
        "16:18",
        "16:49",
        "17:19",
        "17:45",
        "17:59",
        "18:19",
        "18:35",
        "18:57",
        "19:24",
        "19:51",
        "20:50",
        "21:19",
        "21:44",
        "22:08"
    ],
    "saturday": [
        "7:32",
        "8:12",
        "8:32",
        "8:52",
        "9:12",
        "9:37",
        "10:12",
        "10:42",
        "11:12",
        "11:42",
        "12:12",
        "12:47",
        "13:17",
        "13:47",
        "14:17",
        "14:47",
        "15:17",
        "15:47",
        "16:19",
        "16:47",
        "17:19",
        "17:39",
        "18:00",
        "18:19",
        "18:51",
        "19:19",
        "19:51",
        "20:19",
        "20:49",
        "21:17",
        "21:49"
    ],
    "holiday": [
        "7:32",
        "8:12",
        "8:32",
        "8:52",
        "9:12",
        "9:37",
        "10:12",
        "10:42",
        "11:12",
        "11:42",
        "12:12",
        "12:47",
        "13:17",
        "13:47",
        "14:17",
        "14:47",
        "15:17",
        "15:47",
        "16:19",
        "16:47",
        "17:19",
        "17:39",
        "18:00",
        "18:19",
        "18:51",
        "19:19",
        "19:51",
        "20:19",
        "20:49",
        "21:17",
        "21:49"
    ],
    "url": "https://www.kanachu.co.jp/dia/diagram/timetable01_js/course:0000800614-12/node:00128247/kt:0/lname:/"
}
