{
    "date": "2020/01/19",
    "name": "荻野神社入口",
    "position": "-",
    "system": "厚10",
    "destinations": [
        "鳶尾山前",
        "稲荷木",
        "新道公所",
        "山中陣屋跡公園前",
        "天台上野原",
        "及川球技場入口",
        "林中学校入口",
        "愛光病院前",
        "本厚木駅",
        "厚木バスセンター"
    ],
    "weekday": [
        "7:09",
        "7:34"
    ],
    "saturday": [],
    "holiday": [],
    "url": "https://www.kanachu.co.jp/dia/diagram/timetable01_js/course:0000802180-19/node:00128274/kt:0/lname:/"
}
