{
    "date": "2025/03/15",
    "name": "神台公園前",
    "position": "-",
    "system": "辻29",
    "destinations": [
        "羽鳥一丁目",
        "城南一丁目",
        "大庭隧道",
        "有藤",
        "西高校前(藤沢市)",
        "南センター前(藤沢市)",
        "小糸",
        "大庭小学校",
        "羽根沢",
        "湘南カントリークラブ前",
        "堤羽根沢",
        "南大平",
        "滝の沢小学校前",
        "滝の沢不動前",
        "湘南ライフタウン"
    ],
    "weekday": [
        "7:41",
        "7:54",
        "8:09",
        "8:32",
        "9:11",
        "9:31",
        "9:49",
        "10:19",
        "10:49",
        "11:19",
        "11:49",
        "12:19",
        "12:49",
        "13:19",
        "13:49",
        "14:19",
        "14:49",
        "15:19",
        "15:49",
        "16:19",
        "16:49",
        "17:16",
        "17:31",
        "17:46",
        "18:01",
        "18:13",
        "18:24",
        "18:51",
        "19:01",
        "19:23",
        "19:44",
        "19:54",
        "20:16",
        "20:54",
        "21:16",
        "21:58",
        "22:16",
        "22:36",
        "22:56"
    ],
    "saturday": [
        "6:51",
        "7:30",
        "7:50",
        "8:30",
        "8:52",
        "9:25",
        "9:52",
        "10:25",
        "10:52",
        "11:25",
        "11:52",
        "12:25",
        "12:52",
        "13:25",
        "13:52",
        "14:25",
        "14:52",
        "15:25",
        "15:52",
        "16:25",
        "16:52",
        "17:25",
        "17:52",
        "18:25",
        "18:52",
        "19:30",
        "19:50",
        "20:30",
        "20:51",
        "21:31",
        "21:51",
        "22:34"
    ],
    "holiday": [
        "6:51",
        "7:33",
        "7:53",
        "8:30",
        "8:52",
        "9:25",
        "9:52",
        "10:25",
        "10:52",
        "11:25",
        "11:52",
        "12:25",
        "12:52",
        "13:25",
        "13:52",
        "14:25",
        "14:52",
        "15:25",
        "15:52",
        "16:25",
        "16:52",
        "17:25",
        "17:52",
        "18:25",
        "18:52",
        "19:31",
        "19:53",
        "20:31",
        "20:51",
        "21:31",
        "21:51",
        "22:16"
    ],
    "url": "https://www.kanachu.co.jp/dia/diagram/timetable01_js/course:0000803119-2/node:00130068/kt:0/lname:/"
}
