{
    "date": "2025/03/15",
    "name": "有藤",
    "position": "-",
    "system": "辻29",
    "destinations": [
        "西高校前(藤沢市)",
        "南センター前(藤沢市)",
        "小糸",
        "大庭小学校",
        "羽根沢",
        "湘南カントリークラブ前",
        "堤羽根沢",
        "南大平",
        "滝の沢小学校前",
        "滝の沢不動前",
        "湘南ライフタウン"
    ],
    "weekday": [
        "7:45",
        "7:58",
        "8:13",
        "8:36",
        "9:15",
        "9:35",
        "9:53",
        "10:23",
        "10:53",
        "11:23",
        "11:53",
        "12:23",
        "12:53",
        "13:23",
        "13:53",
        "14:23",
        "14:53",
        "15:23",
        "15:53",
        "16:23",
        "16:53",
        "17:20",
        "17:35",
        "17:50",
        "18:05",
        "18:17",
        "18:28",
        "18:55",
        "19:05",
        "19:27",
        "19:48",
        "19:58",
        "20:20",
        "20:58",
        "21:20",
        "22:02",
        "22:20",
        "22:40",
        "23:00"
    ],
    "saturday": [
        "6:55",
        "7:34",
        "7:54",
        "8:34",
        "8:56",
        "9:29",
        "9:56",
        "10:29",
        "10:56",
        "11:29",
        "11:56",
        "12:29",
        "12:56",
        "13:29",
        "13:56",
        "14:29",
        "14:56",
        "15:29",
        "15:56",
        "16:29",
        "16:56",
        "17:29",
        "17:56",
        "18:29",
        "18:56",
        "19:34",
        "19:54",
        "20:34",
        "20:55",
        "21:35",
        "21:55",
        "22:38"
    ],
    "holiday": [
        "6:55",
        "7:37",
        "7:57",
        "8:34",
        "8:56",
        "9:29",
        "9:56",
        "10:29",
        "10:56",
        "11:29",
        "11:56",
        "12:29",
        "12:56",
        "13:29",
        "13:56",
        "14:29",
        "14:56",
        "15:29",
        "15:56",
        "16:29",
        "16:56",
        "17:29",
        "17:56",
        "18:29",
        "18:56",
        "19:35",
        "19:57",
        "20:35",
        "20:55",
        "21:35",
        "21:55",
        "22:20"
    ],
    "url": "https://www.kanachu.co.jp/dia/diagram/timetable01_js/course:0000803119-6/node:00129938/kt:0/lname:/"
}
