{
    "date": "2025/03/15",
    "name": "滝の沢小学校前",
    "position": "-",
    "system": "辻29",
    "destinations": [
        "滝の沢不動前",
        "湘南ライフタウン"
    ],
    "weekday": [
        "7:54",
        "8:07",
        "8:22",
        "8:45",
        "9:24",
        "9:44",
        "10:02",
        "10:32",
        "11:02",
        "11:32",
        "12:02",
        "12:32",
        "13:02",
        "13:32",
        "14:02",
        "14:32",
        "15:02",
        "15:32",
        "16:02",
        "16:32",
        "17:03",
        "17:30",
        "17:45",
        "18:00",
        "18:15",
        "18:27",
        "18:38",
        "19:05",
        "19:15",
        "19:37",
        "19:57",
        "20:07",
        "20:29",
        "21:07",
        "21:29",
        "22:11",
        "22:29",
        "22:49",
        "23:09"
    ],
    "saturday": [
        "7:04",
        "7:43",
        "8:03",
        "8:43",
        "9:05",
        "9:38",
        "10:05",
        "10:38",
        "11:05",
        "11:38",
        "12:05",
        "12:38",
        "13:05",
        "13:38",
        "14:05",
        "14:38",
        "15:05",
        "15:38",
        "16:05",
        "16:38",
        "17:05",
        "17:38",
        "18:05",
        "18:38",
        "19:05",
        "19:43",
        "20:03",
        "20:43",
        "21:04",
        "21:44",
        "22:04",
        "22:47"
    ],
    "holiday": [
        "7:04",
        "7:46",
        "8:06",
        "8:43",
        "9:05",
        "9:38",
        "10:05",
        "10:38",
        "11:05",
        "11:38",
        "12:05",
        "12:38",
        "13:05",
        "13:38",
        "14:05",
        "14:38",
        "15:05",
        "15:38",
        "16:05",
        "16:38",
        "17:05",
        "17:38",
        "18:05",
        "18:38",
        "19:05",
        "19:44",
        "20:06",
        "20:44",
        "21:04",
        "21:44",
        "22:04",
        "22:29"
    ],
    "url": "https://www.kanachu.co.jp/dia/diagram/timetable01_js/course:0000803119-15/node:00129965/kt:0/lname:/"
}
