{
    "date": "2025/10/20",
    "name": "慰霊塔公園",
    "position": "-",
    "system": "間12",
    "destinations": [
        "笹山入口",
        "上草柳",
        "東原(大和市)",
        "大東(大和市)",
        "下草柳",
        "学校前(大和市中央)",
        "大和駅西口"
    ],
    "weekday": [
        "6:20",
        "7:10",
        "8:00",
        "8:50",
        "9:40",
        "10:30",
        "11:20",
        "12:10",
        "13:00",
        "13:50",
        "14:40",
        "15:30",
        "16:20",
        "17:10",
        "18:00",
        "18:50",
        "19:40"
    ],
    "saturday": [
        "7:12",
        "8:12",
        "9:12",
        "10:12",
        "11:12",
        "12:12",
        "13:12",
        "14:12",
        "15:12",
        "16:12",
        "17:12",
        "18:12",
        "19:12"
    ],
    "holiday": [
        "7:12",
        "8:12",
        "9:12",
        "10:12",
        "11:12",
        "12:12",
        "13:12",
        "14:12",
        "15:12",
        "16:12",
        "17:12",
        "18:12",
        "19:12"
    ],
    "url": "https://www.kanachu.co.jp/dia/diagram/timetable01_js/course:0000803754-3/node:00129626/kt:0/lname:/"
}
