{
    "date": "2025/11/16",
    "name": "保健所前(茅ケ崎市)",
    "position": "-",
    "system": "茅25",
    "destinations": [
        "ジャスコ前(茅ケ崎市)",
        "市民文化会館前(茅ケ崎市)",
        "茅ヶ崎駅"
    ],
    "weekday": [
        "6:11",
        "6:26",
        "6:41",
        "6:55",
        "7:09",
        "7:23",
        "7:41",
        "7:55",
        "8:15",
        "8:40",
        "11:59",
        "13:34",
        "14:29",
        "14:59",
        "15:54",
        "16:19",
        "16:55",
        "17:25",
        "18:15",
        "19:00",
        "19:21",
        "19:51",
        "20:26",
        "21:06",
        "21:48"
    ],
    "saturday": [
        "6:41",
        "7:46",
        "8:16",
        "8:53",
        "9:21",
        "9:55",
        "10:25",
        "10:55",
        "11:24",
        "12:24",
        "12:54",
        "13:24",
        "14:24",
        "14:54",
        "15:25",
        "16:15",
        "16:45",
        "17:15",
        "18:20",
        "18:50",
        "19:16",
        "19:46",
        "20:16",
        "20:46",
        "21:26"
    ],
    "holiday": [
        "6:41",
        "7:46",
        "8:16",
        "8:53",
        "9:21",
        "9:55",
        "10:25",
        "10:55",
        "11:25",
        "12:25",
        "12:55",
        "13:24",
        "14:24",
        "14:54",
        "15:24",
        "16:14",
        "16:45",
        "17:15",
        "18:20",
        "18:55",
        "19:29",
        "20:29",
        "21:26"
    ],
    "url": "https://www.kanachu.co.jp/dia/diagram/timetable01_js/course:0000800049-12/node:00127271/kt:0/lname:/"
}
