{
    "system": "善01",
    "busstops": [
        {
            "index": "1",
            "id": "00127076",
            "name": "善行団地",
            "lat": "35.366825",
            "lng": "139.461779"
        },
        {
            "index": "2",
            "id": "00127075",
            "name": "マーケット前",
            "lat": "35.367122",
            "lng": "139.464399"
        },
        {
            "index": "3",
            "id": "00127074",
            "name": "団地入口(藤沢市)",
            "lat": "35.367348",
            "lng": "139.468101"
        },
        {
            "index": "4",
            "id": "00127073",
            "name": "善行駅",
            "lat": "35.363151",
            "lng": "139.472987"
        }
    ],
    "route_url": "https://www.kanachu.co.jp/dia/route/index/cid:0000800693/"
}
