{
    "date": "2026/01/16",
    "name": "小山田桜台",
    "position": "-",
    "system": "ー",
    "destinations": [
        "桜台入口(町田市)",
        "清住平",
        "大泉寺",
        "山の端",
        "大善倶楽部",
        "山中集会所",
        "唐木田駅東",
        "多摩南部地域病院"
    ],
    "weekday": [
        "6:05",
        "6:55",
        "7:25",
        "8:00",
        "8:30",
        "9:45",
        "10:45",
        "11:45",
        "12:45",
        "13:45",
        "14:45",
        "15:45",
        "16:45",
        "17:45",
        "18:45",
        "19:45",
        "20:45"
    ],
    "saturday": [],
    "holiday": [],
    "url": "https://www.kanachu.co.jp/dia/diagram/timetable01_js/course:0000804028-1/node:00129406/kt:0/lname:/"
}
