{
    "date": "2026/01/16",
    "name": "清住平",
    "position": "-",
    "system": "ー",
    "destinations": [
        "大泉寺",
        "山の端",
        "大善倶楽部",
        "山中集会所",
        "唐木田駅東",
        "多摩南部地域病院"
    ],
    "weekday": [
        "6:07",
        "6:57",
        "7:27",
        "8:02",
        "8:32",
        "9:47",
        "10:47",
        "11:47",
        "12:47",
        "13:47",
        "14:47",
        "15:47",
        "16:47",
        "17:47",
        "18:47",
        "19:47",
        "20:47"
    ],
    "saturday": [],
    "holiday": [],
    "url": "https://www.kanachu.co.jp/dia/diagram/timetable01_js/course:0000804028-3/node:00130131/kt:0/lname:/"
}
