{
    "date": "2025/07/27",
    "name": "秦野駅",
    "position": "-",
    "system": "秦55",
    "destinations": [
        "今泉(秦野市)",
        "今川町",
        "桜橋入口",
        "上今川町",
        "平沢(秦野市清水町)",
        "保健福祉センター前(秦野市)",
        "宮の上(秦野市)",
        "土橋(秦野市)",
        "下舟道",
        "中舟道",
        "舟道",
        "曲松(秦野市)",
        "渋沢駅北口"
    ],
    "weekday": [
        "6:25",
        "6:45",
        "7:05",
        "7:27",
        "7:45",
        "8:10",
        "8:50",
        "9:10",
        "9:40",
        "10:20",
        "11:00",
        "11:35",
        "12:20",
        "13:00",
        "13:25",
        "14:05",
        "14:51",
        "15:35",
        "16:18",
        "16:59",
        "17:20",
        "17:45",
        "18:05",
        "18:32",
        "18:55",
        "19:38",
        "20:18",
        "20:58"
    ],
    "saturday": [
        "6:50",
        "7:30",
        "8:20",
        "9:05",
        "9:55",
        "10:55",
        "11:55",
        "12:55",
        "13:55",
        "14:55",
        "15:55",
        "16:55",
        "17:55",
        "18:45"
    ],
    "holiday": [
        "6:50",
        "7:30",
        "8:20",
        "9:05",
        "9:55",
        "10:55",
        "11:55",
        "12:55",
        "13:55",
        "14:55",
        "15:55",
        "16:55",
        "17:55",
        "18:45"
    ],
    "url": "https://www.kanachu.co.jp/dia/diagram/timetable01_js/course:0000803796-1/node:00127715/kt:0/lname:/"
}
