{
    "date": "2025/07/27",
    "name": "今川町",
    "position": "-",
    "system": "秦55",
    "destinations": [
        "桜橋入口",
        "上今川町",
        "平沢(秦野市清水町)",
        "保健福祉センター前(秦野市)",
        "宮の上(秦野市)",
        "土橋(秦野市)",
        "下舟道",
        "中舟道",
        "舟道",
        "曲松(秦野市)",
        "渋沢駅北口"
    ],
    "weekday": [
        "6:27",
        "6:47",
        "7:07",
        "7:29",
        "7:47",
        "8:12",
        "8:52",
        "9:12",
        "9:42",
        "10:22",
        "11:02",
        "11:37",
        "12:22",
        "13:02",
        "13:27",
        "14:07",
        "14:53",
        "15:37",
        "16:20",
        "17:01",
        "17:22",
        "17:47",
        "18:07",
        "18:34",
        "18:57",
        "19:40",
        "20:20",
        "21:00"
    ],
    "saturday": [
        "6:52",
        "7:32",
        "8:22",
        "9:07",
        "9:57",
        "10:57",
        "11:57",
        "12:57",
        "13:57",
        "14:57",
        "15:57",
        "16:57",
        "17:57",
        "18:47"
    ],
    "holiday": [
        "6:52",
        "7:32",
        "8:22",
        "9:07",
        "9:57",
        "10:57",
        "11:57",
        "12:57",
        "13:57",
        "14:57",
        "15:57",
        "16:57",
        "17:57",
        "18:47"
    ],
    "url": "https://www.kanachu.co.jp/dia/diagram/timetable01_js/course:0000803796-3/node:00130134/kt:0/lname:/"
}
