{
    "date": "2025/07/27",
    "name": "平沢(秦野市清水町)",
    "position": "-",
    "system": "秦55",
    "destinations": [
        "保健福祉センター前(秦野市)",
        "宮の上(秦野市)",
        "土橋(秦野市)",
        "下舟道",
        "中舟道",
        "舟道",
        "曲松(秦野市)",
        "渋沢駅北口"
    ],
    "weekday": [
        "6:29",
        "6:49",
        "7:09",
        "7:31",
        "7:49",
        "8:14",
        "8:54",
        "9:14",
        "9:44",
        "10:24",
        "11:04",
        "11:39",
        "12:24",
        "13:04",
        "13:29",
        "14:09",
        "14:55",
        "15:39",
        "16:22",
        "17:03",
        "17:24",
        "17:49",
        "18:09",
        "18:36",
        "18:59",
        "19:42",
        "20:22",
        "21:02"
    ],
    "saturday": [
        "6:54",
        "7:34",
        "8:24",
        "9:09",
        "9:59",
        "10:59",
        "11:59",
        "12:59",
        "13:59",
        "14:59",
        "15:59",
        "16:59",
        "17:59",
        "18:49"
    ],
    "holiday": [
        "6:54",
        "7:34",
        "8:24",
        "9:09",
        "9:59",
        "10:59",
        "11:59",
        "12:59",
        "13:59",
        "14:59",
        "15:59",
        "16:59",
        "17:59",
        "18:49"
    ],
    "url": "https://www.kanachu.co.jp/dia/diagram/timetable01_js/course:0000803796-6/node:00130199/kt:0/lname:/"
}
