{
    "date": "2025/07/27",
    "name": "保健福祉センター前(秦野市)",
    "position": "-",
    "system": "秦55",
    "destinations": [
        "宮の上(秦野市)",
        "土橋(秦野市)",
        "下舟道",
        "中舟道",
        "舟道",
        "曲松(秦野市)",
        "渋沢駅北口"
    ],
    "weekday": [
        "6:30",
        "6:50",
        "7:10",
        "7:32",
        "7:50",
        "8:15",
        "8:55",
        "9:15",
        "9:45",
        "10:25",
        "11:05",
        "11:40",
        "12:25",
        "13:05",
        "13:30",
        "14:10",
        "14:56",
        "15:40",
        "16:23",
        "17:04",
        "17:25",
        "17:50",
        "18:10",
        "18:37",
        "19:00",
        "19:43",
        "20:23",
        "21:03"
    ],
    "saturday": [
        "6:55",
        "7:35",
        "8:25",
        "9:10",
        "10:00",
        "11:00",
        "12:00",
        "13:00",
        "14:00",
        "15:00",
        "16:00",
        "17:00",
        "18:00",
        "18:50"
    ],
    "holiday": [
        "6:55",
        "7:35",
        "8:25",
        "9:10",
        "10:00",
        "11:00",
        "12:00",
        "13:00",
        "14:00",
        "15:00",
        "16:00",
        "17:00",
        "18:00",
        "18:50"
    ],
    "url": "https://www.kanachu.co.jp/dia/diagram/timetable01_js/course:0000803796-7/node:00130137/kt:0/lname:/"
}
