{
    "date": "2025/07/27",
    "name": "土橋(秦野市)",
    "position": "-",
    "system": "秦55",
    "destinations": [
        "下舟道",
        "中舟道",
        "舟道",
        "曲松(秦野市)",
        "渋沢駅北口"
    ],
    "weekday": [
        "6:33",
        "6:53",
        "7:13",
        "7:35",
        "7:53",
        "8:18",
        "8:58",
        "9:18",
        "9:48",
        "10:28",
        "11:08",
        "11:43",
        "12:28",
        "13:08",
        "13:33",
        "14:13",
        "14:59",
        "15:43",
        "16:26",
        "17:07",
        "17:28",
        "17:53",
        "18:13",
        "18:40",
        "19:03",
        "19:46",
        "20:26",
        "21:06"
    ],
    "saturday": [
        "6:58",
        "7:38",
        "8:28",
        "9:13",
        "10:03",
        "11:03",
        "12:03",
        "13:03",
        "14:03",
        "15:03",
        "16:03",
        "17:03",
        "18:03",
        "18:53"
    ],
    "holiday": [
        "6:58",
        "7:38",
        "8:28",
        "9:13",
        "10:03",
        "11:03",
        "12:03",
        "13:03",
        "14:03",
        "15:03",
        "16:03",
        "17:03",
        "18:03",
        "18:53"
    ],
    "url": "https://www.kanachu.co.jp/dia/diagram/timetable01_js/course:0000803796-9/node:00130139/kt:0/lname:/"
}
