{
    "date": "2025/07/27",
    "name": "曲松(秦野市)",
    "position": "-",
    "system": "秦55",
    "destinations": [
        "渋沢駅北口"
    ],
    "weekday": [
        "6:37",
        "6:57",
        "7:17",
        "7:39",
        "7:57",
        "8:22",
        "9:02",
        "9:22",
        "9:52",
        "10:32",
        "11:12",
        "11:47",
        "12:32",
        "13:12",
        "13:37",
        "14:17",
        "15:03",
        "15:47",
        "16:30",
        "17:11",
        "17:32",
        "17:57",
        "18:17",
        "18:44",
        "19:07",
        "19:50",
        "20:30",
        "21:10"
    ],
    "saturday": [
        "7:02",
        "7:42",
        "8:32",
        "9:17",
        "10:07",
        "11:07",
        "12:07",
        "13:07",
        "14:07",
        "15:07",
        "16:07",
        "17:07",
        "18:07",
        "18:57"
    ],
    "holiday": [
        "7:02",
        "7:42",
        "8:32",
        "9:17",
        "10:07",
        "11:07",
        "12:07",
        "13:07",
        "14:07",
        "15:07",
        "16:07",
        "17:07",
        "18:07",
        "18:57"
    ],
    "url": "https://www.kanachu.co.jp/dia/diagram/timetable01_js/course:0000803796-13/node:00127926/kt:0/lname:/"
}
