{
    "date": "2024/07/08",
    "name": "横町(町田市)",
    "position": "-",
    "system": "町12",
    "destinations": [
        "境川団地",
        "境川団地中央",
        "境川団地入口",
        "木曽都営入口",
        "桧台入口",
        "森野六丁目",
        "森野五丁目",
        "妙延寺(町田市)",
        "町田市役所市民ホール前",
        "町田バスセンター"
    ],
    "weekday": [
        "7:06",
        "7:13",
        "7:21",
        "7:31",
        "8:06",
        "8:31"
    ],
    "saturday": [
        "8:25"
    ],
    "holiday": [],
    "url": "https://www.kanachu.co.jp/dia/diagram/timetable01_js/course:0000803162-2/node:00129383/kt:0/lname:/"
}
