{
    "date": "2025/11/16",
    "name": "田村車庫",
    "position": "-",
    "system": "平65",
    "destinations": [
        "横内四ツ角",
        "大島住宅",
        "大島北",
        "大島(平塚市)",
        "四ツ谷入口(平塚市)",
        "下島(平塚市)",
        "美里",
        "打間木上",
        "打間木下",
        "湘南車検場前",
        "三菱ケミカル前",
        "第一三共前(平塚市)",
        "北新町",
        "平塚球場",
        "総合公園(平塚市)",
        "美術館入口(平塚市)",
        "江陽中学校前(平塚市)",
        "崇善小学校前",
        "明石町(平塚市)",
        "明石町一丁目",
        "四ツ角(平塚市)",
        "平塚駅北口"
    ],
    "weekday": [
        "5:58",
        "6:36",
        "7:09",
        "7:33",
        "8:41",
        "9:07",
        "9:41",
        "10:21",
        "10:41",
        "10:56",
        "11:21",
        "11:41",
        "11:56",
        "12:21",
        "13:06",
        "13:26",
        "13:51",
        "14:06",
        "14:26",
        "14:51",
        "15:26",
        "15:51",
        "16:06",
        "16:31",
        "17:06",
        "17:11",
        "17:16",
        "17:26",
        "17:36",
        "17:46",
        "17:56",
        "18:11",
        "18:31",
        "18:51",
        "19:21",
        "19:46",
        "20:06",
        "20:46",
        "21:06"
    ],
    "saturday": [
        "6:28",
        "7:21",
        "7:51",
        "8:51",
        "9:21",
        "9:56",
        "10:21",
        "11:21",
        "11:51",
        "12:21",
        "13:21",
        "13:51",
        "14:21",
        "15:21",
        "15:51",
        "16:16",
        "17:26",
        "17:51",
        "18:31",
        "19:21",
        "20:25"
    ],
    "holiday": [
        "6:28",
        "7:21",
        "7:51",
        "8:51",
        "9:21",
        "9:56",
        "10:21",
        "11:21",
        "11:51",
        "12:21",
        "13:21",
        "13:51",
        "14:21",
        "15:21",
        "15:51",
        "16:16",
        "17:26",
        "17:51",
        "18:31",
        "19:21"
    ],
    "url": "https://www.kanachu.co.jp/dia/diagram/timetable01_js/course:0000801299-1/node:00114295/kt:0/lname:/"
}
