{
    "date": "2025/11/16",
    "name": "大島北",
    "position": "-",
    "system": "平65",
    "destinations": [
        "大島(平塚市)",
        "四ツ谷入口(平塚市)",
        "下島(平塚市)",
        "美里",
        "打間木上",
        "打間木下",
        "湘南車検場前",
        "三菱ケミカル前",
        "第一三共前(平塚市)",
        "北新町",
        "平塚球場",
        "総合公園(平塚市)",
        "美術館入口(平塚市)",
        "江陽中学校前(平塚市)",
        "崇善小学校前",
        "明石町(平塚市)",
        "明石町一丁目",
        "四ツ角(平塚市)",
        "平塚駅北口"
    ],
    "weekday": [
        "6:00",
        "6:38",
        "7:11",
        "7:35",
        "8:43",
        "9:09",
        "9:43",
        "10:23",
        "10:43",
        "10:58",
        "11:23",
        "11:43",
        "11:58",
        "12:23",
        "13:08",
        "13:28",
        "13:53",
        "14:08",
        "14:28",
        "14:53",
        "15:28",
        "15:53",
        "16:08",
        "16:33",
        "17:08",
        "17:13",
        "17:18",
        "17:28",
        "17:38",
        "17:48",
        "17:58",
        "18:13",
        "18:33",
        "18:53",
        "19:23",
        "19:48",
        "20:08",
        "20:48",
        "21:08"
    ],
    "saturday": [
        "6:30",
        "7:23",
        "7:53",
        "8:53",
        "9:23",
        "9:58",
        "10:23",
        "11:23",
        "11:53",
        "12:23",
        "13:23",
        "13:53",
        "14:23",
        "15:23",
        "15:53",
        "16:18",
        "17:28",
        "17:53",
        "18:33",
        "19:23",
        "20:27"
    ],
    "holiday": [
        "6:30",
        "7:23",
        "7:53",
        "8:53",
        "9:23",
        "9:58",
        "10:23",
        "11:23",
        "11:53",
        "12:23",
        "13:23",
        "13:53",
        "14:23",
        "15:23",
        "15:53",
        "16:18",
        "17:28",
        "17:53",
        "18:33",
        "19:23"
    ],
    "url": "https://www.kanachu.co.jp/dia/diagram/timetable01_js/course:0000801299-4/node:00127639/kt:0/lname:/"
}
