{
    "date": "2025/03/15",
    "name": "番場(茅ケ崎市)",
    "position": "-",
    "system": "茅45",
    "destinations": [
        "田端(高座郡寒川町)",
        "田端耕地",
        "寒川高校前(高座郡寒川町)",
        "寒川十字路",
        "景観寺",
        "寒川駅入口",
        "公民館入口(高座郡寒川町)",
        "岡田(高座郡寒川町)",
        "県営住宅前(高座郡寒川町)",
        "大蔵(高座郡寒川町)",
        "小谷(高座郡寒川町)"
    ],
    "weekday": [
        "6:52",
        "7:33",
        "8:03",
        "8:30",
        "9:35",
        "10:35",
        "11:35",
        "12:35",
        "13:35",
        "14:35",
        "15:35",
        "16:35",
        "17:15",
        "17:55",
        "18:35",
        "19:15",
        "19:55"
    ],
    "saturday": [
        "7:43",
        "8:39",
        "9:44",
        "10:46",
        "11:46",
        "12:46",
        "13:46",
        "14:46",
        "15:46",
        "16:46",
        "17:46",
        "18:46"
    ],
    "holiday": [
        "7:42",
        "8:38",
        "9:43",
        "10:46",
        "11:46",
        "12:46",
        "13:46",
        "14:46",
        "15:46",
        "16:46",
        "17:46",
        "18:45"
    ],
    "url": "https://www.kanachu.co.jp/dia/diagram/timetable01_js/course:0000800403-12/node:00127195/kt:0/lname:/"
}
