{
    "date": "2025/03/15",
    "name": "田端耕地",
    "position": "-",
    "system": "茅45",
    "destinations": [
        "寒川高校前(高座郡寒川町)",
        "寒川十字路",
        "景観寺",
        "寒川駅入口",
        "公民館入口(高座郡寒川町)",
        "岡田(高座郡寒川町)",
        "県営住宅前(高座郡寒川町)",
        "大蔵(高座郡寒川町)",
        "小谷(高座郡寒川町)"
    ],
    "weekday": [
        "6:55",
        "7:36",
        "8:06",
        "8:33",
        "9:38",
        "10:38",
        "11:38",
        "12:38",
        "13:38",
        "14:38",
        "15:38",
        "16:38",
        "17:18",
        "17:58",
        "18:38",
        "19:18",
        "19:58"
    ],
    "saturday": [
        "7:46",
        "8:42",
        "9:47",
        "10:50",
        "11:50",
        "12:50",
        "13:50",
        "14:50",
        "15:50",
        "16:50",
        "17:50",
        "18:50"
    ],
    "holiday": [
        "7:45",
        "8:41",
        "9:46",
        "10:50",
        "11:50",
        "12:50",
        "13:50",
        "14:50",
        "15:50",
        "16:50",
        "17:50",
        "18:48"
    ],
    "url": "https://www.kanachu.co.jp/dia/diagram/timetable01_js/course:0000800403-14/node:00127197/kt:0/lname:/"
}
