{
    "date": "2025/03/15",
    "name": "寒川十字路",
    "position": "-",
    "system": "茅45",
    "destinations": [
        "景観寺",
        "寒川駅入口",
        "公民館入口(高座郡寒川町)",
        "岡田(高座郡寒川町)",
        "県営住宅前(高座郡寒川町)",
        "大蔵(高座郡寒川町)",
        "小谷(高座郡寒川町)"
    ],
    "weekday": [
        "6:57",
        "7:38",
        "8:08",
        "8:35",
        "9:40",
        "10:40",
        "11:40",
        "12:40",
        "13:40",
        "14:40",
        "15:40",
        "16:40",
        "17:20",
        "18:00",
        "18:40",
        "19:20",
        "20:00"
    ],
    "saturday": [
        "7:48",
        "8:44",
        "9:49",
        "10:52",
        "11:52",
        "12:52",
        "13:52",
        "14:52",
        "15:52",
        "16:52",
        "17:52",
        "18:52"
    ],
    "holiday": [
        "7:47",
        "8:43",
        "9:48",
        "10:52",
        "11:52",
        "12:52",
        "13:52",
        "14:52",
        "15:52",
        "16:52",
        "17:52",
        "18:50"
    ],
    "url": "https://www.kanachu.co.jp/dia/diagram/timetable01_js/course:0000800403-16/node:00127169/kt:0/lname:/"
}
