{
    "date": "2025/04/01",
    "name": "浄水場前(町田市)",
    "position": "-",
    "system": "町39",
    "destinations": [
        "滝の沢(町田市)",
        "木曽住宅",
        "三家(町田市)",
        "木曽(町田市)",
        "忠生公園入口",
        "上宿(町田市)",
        "下根岸(町田市)",
        "根岸(根岸町/町田市)",
        "忠生都営住宅前",
        "桜美林学園東",
        "尾根緑道入口",
        "市立室内プール",
        "日大三高入口",
        "日影橋",
        "図師大橋",
        "図師",
        "並木(町田市)",
        "神学校(町田市)",
        "野津田車庫"
    ],
    "weekday": [
        "8:06",
        "8:34",
        "8:49",
        "9:08",
        "9:32",
        "10:17",
        "11:07",
        "12:05",
        "12:15",
        "12:52",
        "13:29",
        "14:31",
        "15:13",
        "16:05",
        "17:08",
        "18:03",
        "18:56",
        "19:57",
        "20:35"
    ],
    "saturday": [
        "8:36",
        "9:27",
        "10:27",
        "11:12",
        "11:57",
        "12:47",
        "13:42",
        "14:28",
        "15:28",
        "16:33",
        "17:33",
        "18:33",
        "19:32",
        "20:32"
    ],
    "holiday": [
        "8:41",
        "9:27",
        "10:27",
        "11:13",
        "11:58",
        "12:48",
        "13:15",
        "13:48",
        "14:28",
        "15:25",
        "16:43",
        "17:43",
        "18:33",
        "19:31",
        "20:31"
    ],
    "url": "https://www.kanachu.co.jp/dia/diagram/timetable01_js/course:0000802468-6/node:00129360/kt:0/lname:/"
}
