{
    "date": "2025/04/01",
    "name": "木曽住宅",
    "position": "-",
    "system": "町39",
    "destinations": [
        "三家(町田市)",
        "木曽(町田市)",
        "忠生公園入口",
        "上宿(町田市)",
        "下根岸(町田市)",
        "根岸(根岸町/町田市)",
        "忠生都営住宅前",
        "桜美林学園東",
        "尾根緑道入口",
        "市立室内プール",
        "日大三高入口",
        "日影橋",
        "図師大橋",
        "図師",
        "並木(町田市)",
        "神学校(町田市)",
        "野津田車庫"
    ],
    "weekday": [
        "8:10",
        "8:38",
        "8:53",
        "9:12",
        "9:36",
        "10:21",
        "11:11",
        "12:09",
        "12:19",
        "12:56",
        "13:33",
        "14:35",
        "15:17",
        "16:09",
        "17:12",
        "18:07",
        "19:00",
        "20:01",
        "20:39"
    ],
    "saturday": [
        "8:39",
        "9:30",
        "10:30",
        "11:16",
        "12:01",
        "12:51",
        "13:46",
        "14:32",
        "15:32",
        "16:37",
        "17:37",
        "18:37",
        "19:36",
        "20:35"
    ],
    "holiday": [
        "8:44",
        "9:31",
        "10:31",
        "11:17",
        "12:02",
        "12:52",
        "13:19",
        "13:52",
        "14:32",
        "15:29",
        "16:47",
        "17:47",
        "18:37",
        "19:34",
        "20:34"
    ],
    "url": "https://www.kanachu.co.jp/dia/diagram/timetable01_js/course:0000802468-8/node:00129362/kt:0/lname:/"
}
