{
    "date": "2025/04/01",
    "name": "上宿(町田市)",
    "position": "-",
    "system": "町39",
    "destinations": [
        "下根岸(町田市)",
        "根岸(根岸町/町田市)",
        "忠生都営住宅前",
        "桜美林学園東",
        "尾根緑道入口",
        "市立室内プール",
        "日大三高入口",
        "日影橋",
        "図師大橋",
        "図師",
        "並木(町田市)",
        "神学校(町田市)",
        "野津田車庫"
    ],
    "weekday": [
        "8:14",
        "8:42",
        "8:57",
        "9:16",
        "9:40",
        "10:25",
        "11:15",
        "12:13",
        "12:23",
        "13:00",
        "13:37",
        "14:39",
        "15:21",
        "16:13",
        "17:16",
        "18:11",
        "19:04",
        "20:05",
        "20:43"
    ],
    "saturday": [
        "8:43",
        "9:34",
        "10:34",
        "11:20",
        "12:05",
        "12:55",
        "13:50",
        "14:36",
        "15:36",
        "16:41",
        "17:41",
        "18:41",
        "19:40",
        "20:39"
    ],
    "holiday": [
        "8:48",
        "9:35",
        "10:35",
        "11:21",
        "12:06",
        "12:56",
        "13:23",
        "13:56",
        "14:36",
        "15:33",
        "16:51",
        "17:51",
        "18:41",
        "19:38",
        "20:38"
    ],
    "url": "https://www.kanachu.co.jp/dia/diagram/timetable01_js/course:0000802468-12/node:00129365/kt:0/lname:/"
}
