{
    "date": "2025/11/16",
    "name": "相模神田",
    "position": "-",
    "system": "平53",
    "destinations": [
        "田村十字路",
        "駒返橋",
        "鹿見堂橋",
        "平塚市リサイクルプラザ",
        "大江工業前",
        "ふじみ園前",
        "前鳥神社前",
        "大念寺前",
        "四ノ宮(平塚市)",
        "泉蔵院前",
        "古河電工入口",
        "八幡公民館入口",
        "八幡(平塚市)",
        "八幡入口",
        "コンフォール平塚前",
        "市役所前(平塚市)",
        "四ツ角(平塚市)",
        "平塚駅北口"
    ],
    "weekday": [
        "6:19",
        "6:40",
        "6:56",
        "7:11",
        "7:26",
        "7:36",
        "7:46",
        "7:57",
        "8:06",
        "8:16",
        "8:21",
        "8:31",
        "8:41",
        "8:51",
        "9:01",
        "9:11",
        "9:26",
        "9:45",
        "10:00",
        "10:16",
        "10:33",
        "10:53",
        "11:13",
        "11:33",
        "11:53",
        "12:13",
        "12:33",
        "12:53",
        "13:13",
        "13:33",
        "13:53",
        "14:13",
        "14:33",
        "14:53",
        "15:13",
        "15:33",
        "15:53",
        "16:13",
        "16:31",
        "16:46",
        "17:02",
        "17:17",
        "17:28",
        "17:40",
        "18:00",
        "18:10",
        "18:19",
        "18:24",
        "18:29",
        "18:39",
        "18:49",
        "19:09",
        "19:25",
        "19:41",
        "19:57",
        "20:23",
        "20:45",
        "21:07",
        "21:29",
        "21:52",
        "22:13",
        "22:27",
        "22:57"
    ],
    "saturday": [
        "6:33",
        "7:03",
        "7:24",
        "7:44",
        "8:04",
        "8:19",
        "8:34",
        "8:49",
        "9:04",
        "9:19",
        "9:34",
        "20:47",
        "21:05",
        "21:23",
        "21:43",
        "22:13",
        "22:43"
    ],
    "holiday": [
        "6:33",
        "7:03",
        "7:24",
        "7:44",
        "8:04",
        "8:19",
        "8:34",
        "8:49",
        "9:04",
        "9:24",
        "20:47",
        "21:05",
        "21:23",
        "21:43",
        "22:13",
        "22:43"
    ],
    "url": "https://www.kanachu.co.jp/dia/diagram/timetable01_js/course:0000801543-21/node:00127663/kt:0/lname:/"
}
