{
    "date": "2025/11/16",
    "name": "八幡公民館入口",
    "position": "-",
    "system": "平53",
    "destinations": [
        "八幡(平塚市)",
        "八幡入口",
        "コンフォール平塚前",
        "市役所前(平塚市)",
        "四ツ角(平塚市)",
        "平塚駅北口"
    ],
    "weekday": [
        "6:32",
        "6:54",
        "7:10",
        "7:26",
        "7:41",
        "7:51",
        "8:01",
        "8:12",
        "8:21",
        "8:31",
        "8:36",
        "8:46",
        "8:56",
        "9:06",
        "9:15",
        "9:25",
        "9:40",
        "9:59",
        "10:14",
        "10:30",
        "10:47",
        "11:07",
        "11:27",
        "11:47",
        "12:07",
        "12:27",
        "12:47",
        "13:07",
        "13:27",
        "13:47",
        "14:07",
        "14:27",
        "14:47",
        "15:07",
        "15:27",
        "15:47",
        "16:07",
        "16:27",
        "16:45",
        "17:00",
        "17:16",
        "17:31",
        "17:42",
        "17:54",
        "18:14",
        "18:24",
        "18:33",
        "18:38",
        "18:43",
        "18:53",
        "19:03",
        "19:23",
        "19:39",
        "19:54",
        "20:10",
        "20:36",
        "20:58",
        "21:20",
        "21:42",
        "22:05",
        "22:26",
        "22:40",
        "23:10"
    ],
    "saturday": [
        "6:45",
        "7:16",
        "7:37",
        "7:57",
        "8:17",
        "8:32",
        "8:47",
        "9:02",
        "9:17",
        "9:32",
        "9:47",
        "20:59",
        "21:17",
        "21:35",
        "21:55",
        "22:25",
        "22:55"
    ],
    "holiday": [
        "6:45",
        "7:16",
        "7:37",
        "7:57",
        "8:17",
        "8:32",
        "8:47",
        "9:02",
        "9:17",
        "9:37",
        "20:59",
        "21:17",
        "21:35",
        "21:55",
        "22:25",
        "22:55"
    ],
    "url": "https://www.kanachu.co.jp/dia/diagram/timetable01_js/course:0000801543-33/node:00127647/kt:0/lname:/"
}
