{
    "system": "湖23",
    "busstops": [
        {
            "index": "1",
            "id": "00128788",
            "name": "藤野駅",
            "lat": "35.615727",
            "lng": "139.152217"
        },
        {
            "index": "2",
            "id": "00128787",
            "name": "藤野中学校入口",
            "lat": "35.614747",
            "lng": "139.156137"
        },
        {
            "index": "3",
            "id": "00128786",
            "name": "藤野下",
            "lat": "35.613147",
            "lng": "139.162098"
        },
        {
            "index": "4",
            "id": "00128785",
            "name": "吉野(相模原市緑区)",
            "lat": "35.613955",
            "lng": "139.167833"
        },
        {
            "index": "5",
            "id": "00128784",
            "name": "勝瀬橋",
            "lat": "35.614447",
            "lng": "139.170676"
        },
        {
            "index": "6",
            "id": "00128783",
            "name": "貝沢住宅前",
            "lat": "35.620043",
            "lng": "139.179602"
        },
        {
            "index": "7",
            "id": "00128782",
            "name": "与瀬神社前",
            "lat": "35.617942",
            "lng": "139.183376"
        },
        {
            "index": "8",
            "id": "00128781",
            "name": "仲町(相模原市緑区)",
            "lat": "35.617258",
            "lng": "139.186589"
        },
        {
            "index": "9",
            "id": "00128918",
            "name": "相模湖駅",
            "lat": "35.616991",
            "lng": "139.189406"
        }
    ],
    "route_url": "https://www.kanachu.co.jp/dia/route/index/cid:0000803757/"
}
