{
    "date": "2025/08/30",
    "name": "水田(横浜市港南区)",
    "position": "-",
    "system": "30",
    "destinations": [
        "中永谷",
        "般若寺橋",
        "下永谷(横浜市港南区)",
        "平戸(横浜市港南区)",
        "芹が谷団地前",
        "せりぎんタウン",
        "芹が谷",
        "芹が谷山谷",
        "水道橋下",
        "普門院前",
        "別所宮下",
        "南が丘中学校前",
        "最戸町",
        "最戸橋",
        "上大岡駅"
    ],
    "weekday": [
        "5:33",
        "5:38",
        "5:44",
        "5:49",
        "5:54",
        "5:59",
        "6:04",
        "6:09",
        "6:14",
        "6:19",
        "6:24",
        "6:28",
        "6:56",
        "7:02",
        "7:05",
        "7:11",
        "7:17",
        "7:31",
        "7:52",
        "8:04",
        "8:16",
        "9:11",
        "11:08"
    ],
    "saturday": [
        "5:39",
        "5:51",
        "6:03",
        "6:13",
        "6:23",
        "6:32",
        "6:42",
        "7:15",
        "7:35",
        "8:15",
        "9:06",
        "9:18",
        "9:30",
        "10:06",
        "10:18",
        "10:30",
        "11:28"
    ],
    "holiday": [
        "5:39",
        "5:54",
        "6:09",
        "6:24",
        "6:52",
        "7:22",
        "8:08",
        "8:15",
        "8:28",
        "9:08",
        "9:28",
        "10:08",
        "10:28",
        "11:08",
        "11:28"
    ],
    "url": "https://www.kanachu.co.jp/dia/diagram/timetable01_js/course:0000803843-4/node:00102646/kt:0/lname:/"
}
