{
    "date": "2025/08/30",
    "name": "中永谷",
    "position": "-",
    "system": "",
    "destinations": [
        "般若寺橋",
        "下永谷(横浜市港南区)",
        "平戸(横浜市港南区)",
        "芹が谷団地前",
        "せりぎんタウン",
        "芹が谷",
        "芹が谷山谷",
        "水道橋下",
        "普門院前",
        "別所宮下",
        "南が丘中学校前",
        "最戸町",
        "最戸橋",
        "上大岡駅"
    ],
    "weekday": [
        "5:34",
        "5:39",
        "5:45",
        "5:50",
        "5:55",
        "6:00",
        "6:05",
        "6:10",
        "6:15",
        "6:20",
        "6:25",
        "6:29",
        "6:57",
        "7:03",
        "7:06",
        "7:12",
        "7:18",
        "7:32",
        "7:53",
        "8:05",
        "8:17",
        "9:12",
        "11:09"
    ],
    "saturday": [
        "5:40",
        "5:52",
        "6:04",
        "6:14",
        "6:24",
        "6:33",
        "6:43",
        "7:16",
        "7:36",
        "8:16",
        "9:07",
        "9:19",
        "9:31",
        "10:07",
        "10:19",
        "10:31",
        "11:29"
    ],
    "holiday": [
        "5:40",
        "5:55",
        "6:10",
        "6:25",
        "6:53",
        "7:23",
        "8:09",
        "8:16",
        "8:29",
        "9:09",
        "9:29",
        "10:09",
        "10:29",
        "11:09",
        "11:29"
    ],
    "url": "https://www.kanachu.co.jp/dia/diagram/timetable01_js/course:0000803843-5/node:00102823/kt:0/lname:/"
}
