{
    "date": "2025/08/30",
    "name": "芹が谷",
    "position": "-",
    "system": "30",
    "destinations": [
        "芹が谷山谷",
        "水道橋下",
        "普門院前",
        "別所宮下",
        "南が丘中学校前",
        "最戸町",
        "最戸橋",
        "上大岡駅"
    ],
    "weekday": [
        "5:44",
        "5:49",
        "5:55",
        "6:00",
        "6:05",
        "6:10",
        "6:15",
        "6:20",
        "6:25",
        "6:30",
        "6:35",
        "6:40",
        "7:08",
        "7:14",
        "7:17",
        "7:23",
        "7:29",
        "7:43",
        "8:04",
        "8:16",
        "8:28",
        "9:23",
        "11:20"
    ],
    "saturday": [
        "5:50",
        "6:02",
        "6:14",
        "6:24",
        "6:34",
        "6:44",
        "6:54",
        "7:27",
        "7:47",
        "8:27",
        "9:18",
        "9:30",
        "9:42",
        "10:18",
        "10:30",
        "10:42",
        "11:40"
    ],
    "holiday": [
        "5:50",
        "6:05",
        "6:20",
        "6:35",
        "7:04",
        "7:34",
        "8:20",
        "8:27",
        "8:40",
        "9:20",
        "9:40",
        "10:20",
        "10:40",
        "11:20",
        "11:40"
    ],
    "url": "https://www.kanachu.co.jp/dia/diagram/timetable01_js/course:0000803843-11/node:00126567/kt:0/lname:/"
}
