{
    "date": "2025/08/30",
    "name": "芹が谷山谷",
    "position": "-",
    "system": "",
    "destinations": [
        "水道橋下",
        "普門院前",
        "別所宮下",
        "南が丘中学校前",
        "最戸町",
        "最戸橋",
        "上大岡駅"
    ],
    "weekday": [
        "5:45",
        "5:50",
        "5:56",
        "6:01",
        "6:06",
        "6:11",
        "6:16",
        "6:21",
        "6:26",
        "6:31",
        "6:36",
        "6:41",
        "7:09",
        "7:15",
        "7:18",
        "7:24",
        "7:30",
        "7:44",
        "8:05",
        "8:17",
        "8:29",
        "9:24",
        "11:21"
    ],
    "saturday": [
        "5:51",
        "6:03",
        "6:15",
        "6:25",
        "6:35",
        "6:45",
        "6:55",
        "7:28",
        "7:48",
        "8:28",
        "9:19",
        "9:31",
        "9:43",
        "10:19",
        "10:31",
        "10:43",
        "11:41"
    ],
    "holiday": [
        "5:51",
        "6:06",
        "6:21",
        "6:36",
        "7:05",
        "7:35",
        "8:21",
        "8:28",
        "8:41",
        "9:21",
        "9:41",
        "10:21",
        "10:41",
        "11:21",
        "11:41"
    ],
    "url": "https://www.kanachu.co.jp/dia/diagram/timetable01_js/course:0000803843-12/node:00126566/kt:0/lname:/"
}
