{
    "date": "2025/08/30",
    "name": "水道橋下",
    "position": "-",
    "system": "",
    "destinations": [
        "普門院前",
        "別所宮下",
        "南が丘中学校前",
        "最戸町",
        "最戸橋",
        "上大岡駅"
    ],
    "weekday": [
        "5:46",
        "5:51",
        "5:57",
        "6:02",
        "6:07",
        "6:12",
        "6:17",
        "6:22",
        "6:27",
        "6:32",
        "6:37",
        "6:42",
        "7:10",
        "7:16",
        "7:19",
        "7:25",
        "7:31",
        "7:45",
        "8:06",
        "8:18",
        "8:30",
        "9:25",
        "11:22"
    ],
    "saturday": [
        "5:52",
        "6:04",
        "6:16",
        "6:26",
        "6:36",
        "6:46",
        "6:56",
        "7:29",
        "7:49",
        "8:29",
        "9:20",
        "9:32",
        "9:44",
        "10:20",
        "10:32",
        "10:44",
        "11:42"
    ],
    "holiday": [
        "5:52",
        "6:07",
        "6:22",
        "6:37",
        "7:06",
        "7:36",
        "8:22",
        "8:29",
        "8:42",
        "9:22",
        "9:42",
        "10:22",
        "10:42",
        "11:22",
        "11:42"
    ],
    "url": "https://www.kanachu.co.jp/dia/diagram/timetable01_js/course:0000803843-13/node:00126565/kt:0/lname:/"
}
