{
    "date": "2025/08/30",
    "name": "別所宮下",
    "position": "-",
    "system": "",
    "destinations": [
        "南が丘中学校前",
        "最戸町",
        "最戸橋",
        "上大岡駅"
    ],
    "weekday": [
        "5:49",
        "5:54",
        "6:00",
        "6:05",
        "6:10",
        "6:15",
        "6:20",
        "6:25",
        "6:30",
        "6:35",
        "6:40",
        "6:45",
        "7:13",
        "7:19",
        "7:22",
        "7:28",
        "7:34",
        "7:48",
        "8:09",
        "8:21",
        "8:33",
        "9:28",
        "11:25"
    ],
    "saturday": [
        "5:55",
        "6:07",
        "6:19",
        "6:29",
        "6:39",
        "6:49",
        "6:59",
        "7:32",
        "7:52",
        "8:32",
        "9:23",
        "9:35",
        "9:47",
        "10:23",
        "10:35",
        "10:47",
        "11:45"
    ],
    "holiday": [
        "5:55",
        "6:10",
        "6:25",
        "6:40",
        "7:09",
        "7:39",
        "8:25",
        "8:32",
        "8:45",
        "9:25",
        "9:45",
        "10:25",
        "10:45",
        "11:25",
        "11:45"
    ],
    "url": "https://www.kanachu.co.jp/dia/diagram/timetable01_js/course:0000803843-15/node:00126563/kt:0/lname:/"
}
