{
    "date": "2025/08/30",
    "name": "南が丘中学校前",
    "position": "-",
    "system": "",
    "destinations": [
        "最戸町",
        "最戸橋",
        "上大岡駅"
    ],
    "weekday": [
        "5:50",
        "5:55",
        "6:01",
        "6:06",
        "6:11",
        "6:16",
        "6:21",
        "6:26",
        "6:31",
        "6:36",
        "6:41",
        "6:46",
        "7:14",
        "7:20",
        "7:23",
        "7:29",
        "7:35",
        "7:49",
        "8:10",
        "8:22",
        "8:34",
        "9:29",
        "11:26"
    ],
    "saturday": [
        "5:56",
        "6:08",
        "6:20",
        "6:30",
        "6:40",
        "6:50",
        "7:00",
        "7:33",
        "7:53",
        "8:33",
        "9:24",
        "9:36",
        "9:48",
        "10:24",
        "10:36",
        "10:48",
        "11:46"
    ],
    "holiday": [
        "5:56",
        "6:11",
        "6:26",
        "6:41",
        "7:10",
        "7:40",
        "8:26",
        "8:33",
        "8:46",
        "9:26",
        "9:46",
        "10:26",
        "10:46",
        "11:26",
        "11:46"
    ],
    "url": "https://www.kanachu.co.jp/dia/diagram/timetable01_js/course:0000803843-16/node:00126562/kt:0/lname:/"
}
