{
    "date": "2025/08/30",
    "name": "最戸町",
    "position": "-",
    "system": "30",
    "destinations": [
        "最戸橋",
        "上大岡駅"
    ],
    "weekday": [
        "5:52",
        "5:57",
        "6:03",
        "6:08",
        "6:13",
        "6:18",
        "6:23",
        "6:28",
        "6:33",
        "6:38",
        "6:43",
        "6:48",
        "7:16",
        "7:22",
        "7:25",
        "7:31",
        "7:37",
        "7:51",
        "8:12",
        "8:24",
        "8:36",
        "9:31",
        "11:28"
    ],
    "saturday": [
        "5:58",
        "6:10",
        "6:22",
        "6:32",
        "6:42",
        "6:52",
        "7:02",
        "7:35",
        "7:55",
        "8:35",
        "9:26",
        "9:38",
        "9:50",
        "10:26",
        "10:38",
        "10:50",
        "11:48"
    ],
    "holiday": [
        "5:58",
        "6:13",
        "6:28",
        "6:43",
        "7:12",
        "7:42",
        "8:28",
        "8:35",
        "8:48",
        "9:28",
        "9:48",
        "10:28",
        "10:48",
        "11:28",
        "11:48"
    ],
    "url": "https://www.kanachu.co.jp/dia/diagram/timetable01_js/course:0000803843-17/node:00126561/kt:0/lname:/"
}
