{
    "date": "2025/08/30",
    "name": "最戸橋",
    "position": "-",
    "system": "",
    "destinations": [
        "上大岡駅"
    ],
    "weekday": [
        "5:54",
        "5:59",
        "6:05",
        "6:10",
        "6:15",
        "6:20",
        "6:25",
        "6:30",
        "6:35",
        "6:40",
        "6:45",
        "6:50",
        "7:18",
        "7:24",
        "7:27",
        "7:33",
        "7:39",
        "7:53",
        "8:14",
        "8:26",
        "8:38",
        "9:33",
        "11:30"
    ],
    "saturday": [
        "6:00",
        "6:12",
        "6:24",
        "6:34",
        "6:44",
        "6:54",
        "7:04",
        "7:37",
        "7:57",
        "8:37",
        "9:28",
        "9:40",
        "9:52",
        "10:28",
        "10:40",
        "10:52",
        "11:50"
    ],
    "holiday": [
        "6:00",
        "6:15",
        "6:30",
        "6:45",
        "7:14",
        "7:44",
        "8:30",
        "8:37",
        "8:50",
        "9:30",
        "9:50",
        "10:30",
        "10:50",
        "11:30",
        "11:50"
    ],
    "url": "https://www.kanachu.co.jp/dia/diagram/timetable01_js/course:0000803843-18/node:00102535/kt:0/lname:/"
}
