{
    "date": "2025/01/06",
    "name": "上星川",
    "position": "-",
    "system": "",
    "destinations": [
        "和田町(横浜市保土ケ谷区)",
        "峯小学校前",
        "洪福寺",
        "横浜駅西口"
    ],
    "weekday": [],
    "saturday": [
        "6:18",
        "6:33",
        "6:58",
        "7:30",
        "8:00",
        "8:30",
        "9:00",
        "9:33",
        "10:03",
        "10:33",
        "11:03",
        "11:33",
        "12:03",
        "12:33",
        "13:03",
        "13:33",
        "14:03",
        "14:33",
        "15:03",
        "15:33",
        "16:03",
        "16:33",
        "17:03",
        "17:33",
        "18:03",
        "18:33",
        "19:03",
        "19:32",
        "20:02",
        "20:32"
    ],
    "holiday": [
        "6:58",
        "7:30",
        "8:00",
        "8:30",
        "9:00",
        "9:33",
        "10:03",
        "10:33",
        "11:03",
        "11:33",
        "12:03",
        "12:33",
        "13:03",
        "13:33",
        "14:03",
        "14:33",
        "15:03",
        "15:33",
        "16:03",
        "16:33",
        "17:03",
        "17:33",
        "18:03",
        "18:33",
        "19:03",
        "19:32",
        "20:02",
        "20:32"
    ],
    "url": "https://www.kanachu.co.jp/dia/diagram/timetable01_js/course:0000803672-9/node:00102369/kt:0/lname:/"
}
