{
    "date": "2024/07/01",
    "name": "谷戸阿久和",
    "position": "-",
    "system": "戸16",
    "destinations": [
        "宮の腰(横浜市瀬谷区)",
        "隼人中学・高校",
        "湘南泉病院",
        "大中村",
        "相模新橋",
        "観音寺前(横浜市泉区)",
        "新橋町(横浜市泉区)",
        "下新橋",
        "まほろば",
        "岡津橋",
        "岡津",
        "下岡津",
        "日の森",
        "上矢部",
        "上矢部インター",
        "富士橋",
        "不動坂(横浜市戸塚区)",
        "ブリヂストン前",
        "元町(横浜市戸塚区)",
        "戸塚駅西口",
        "戸塚バスセンター"
    ],
    "weekday": [
        "16:03",
        "16:27"
    ],
    "saturday": [],
    "holiday": [],
    "url": "https://www.kanachu.co.jp/dia/diagram/timetable01_js/course:0000803562-8/node:00126683/kt:0/lname:/"
}
