{
    "date": "2024/07/01",
    "name": "上矢部インター",
    "position": "-",
    "system": "戸16",
    "destinations": [
        "富士橋",
        "不動坂(横浜市戸塚区)",
        "ブリヂストン前",
        "元町(横浜市戸塚区)",
        "戸塚駅西口",
        "戸塚バスセンター"
    ],
    "weekday": [
        "16:29",
        "16:53"
    ],
    "saturday": [],
    "holiday": [],
    "url": "https://www.kanachu.co.jp/dia/diagram/timetable01_js/course:0000803562-23/node:00126669/kt:0/lname:/"
}
