{
    "date": "2024/07/01",
    "name": "不動坂(横浜市戸塚区)",
    "position": "-",
    "system": "戸16",
    "destinations": [
        "ブリヂストン前",
        "元町(横浜市戸塚区)",
        "戸塚駅西口",
        "戸塚バスセンター"
    ],
    "weekday": [
        "16:34",
        "16:58"
    ],
    "saturday": [],
    "holiday": [],
    "url": "https://www.kanachu.co.jp/dia/diagram/timetable01_js/course:0000803562-25/node:00126613/kt:0/lname:/"
}
