{
    "date": "2025/11/16",
    "name": "高村団地入口",
    "position": "-",
    "system": "伊18",
    "destinations": [
        "坂間",
        "大町(平塚市)",
        "日向岡入口",
        "日向岡二丁目",
        "日向岡一丁目",
        "湘南日向岡",
        "長久保(平塚市)",
        "公所(平塚市)",
        "江東",
        "広川(平塚市)",
        "金旭中学校入口",
        "広川矢崎",
        "片岡(平塚市)",
        "片岡北",
        "平塚西郵便局前",
        "丸島",
        "あいの坂",
        "みどりヶ丘(平塚市)",
        "王御住グランド前",
        "岡崎城址入口",
        "大句",
        "城所入口",
        "矢羽根",
        "馬渡(伊勢原市)",
        "下大竹",
        "伊勢原中学校前",
        "伊勢原駅南口"
    ],
    "weekday": [
        "6:20",
        "6:51",
        "7:19",
        "7:51",
        "8:31",
        "9:19",
        "9:52",
        "10:32",
        "11:32",
        "12:32",
        "13:32",
        "14:32",
        "15:32",
        "16:32",
        "17:32",
        "18:27",
        "19:02",
        "19:27",
        "20:02"
    ],
    "saturday": [
        "6:24",
        "7:22",
        "7:52",
        "8:22",
        "9:17",
        "9:42",
        "10:42",
        "11:42",
        "12:42",
        "13:42",
        "14:42",
        "15:42",
        "16:42",
        "17:42",
        "18:42",
        "19:42"
    ],
    "holiday": [
        "7:22",
        "8:22",
        "9:17",
        "9:42",
        "10:42",
        "11:42",
        "12:42",
        "13:42",
        "14:42",
        "15:42",
        "16:42",
        "17:42",
        "18:42",
        "19:42"
    ],
    "url": "https://www.kanachu.co.jp/dia/diagram/timetable01_js/course:0000801170-3/node:00127688/kt:0/lname:/"
}
