{
    "date": "2025/11/16",
    "name": "丸島",
    "position": "-",
    "system": "伊18",
    "destinations": [
        "あいの坂",
        "みどりヶ丘(平塚市)",
        "王御住グランド前",
        "岡崎城址入口",
        "大句",
        "城所入口",
        "矢羽根",
        "馬渡(伊勢原市)",
        "下大竹",
        "伊勢原中学校前",
        "伊勢原駅南口"
    ],
    "weekday": [
        "6:42",
        "7:13",
        "7:41",
        "8:13",
        "8:53",
        "9:36",
        "10:09",
        "10:49",
        "11:49",
        "12:49",
        "13:49",
        "14:49",
        "15:49",
        "16:52",
        "17:50",
        "18:45",
        "19:20",
        "19:43",
        "20:18"
    ],
    "saturday": [
        "6:39",
        "7:39",
        "8:09",
        "8:39",
        "9:34",
        "9:59",
        "10:59",
        "11:59",
        "12:59",
        "13:59",
        "14:59",
        "15:59",
        "16:59",
        "17:58",
        "18:58",
        "19:58"
    ],
    "holiday": [
        "7:39",
        "8:39",
        "9:34",
        "9:59",
        "10:59",
        "11:59",
        "12:59",
        "13:59",
        "14:59",
        "15:59",
        "16:59",
        "17:58",
        "18:58",
        "19:58"
    ],
    "url": "https://www.kanachu.co.jp/dia/diagram/timetable01_js/course:0000801170-19/node:00128082/kt:0/lname:/"
}
