{
    "date": "2025/11/16",
    "name": "みどりヶ丘(平塚市)",
    "position": "-",
    "system": "伊18",
    "destinations": [
        "王御住グランド前",
        "岡崎城址入口",
        "大句",
        "城所入口",
        "矢羽根",
        "馬渡(伊勢原市)",
        "下大竹",
        "伊勢原中学校前",
        "伊勢原駅南口"
    ],
    "weekday": [
        "6:45",
        "7:16",
        "7:44",
        "8:16",
        "8:56",
        "9:39",
        "10:12",
        "10:52",
        "11:52",
        "12:52",
        "13:52",
        "14:52",
        "15:52",
        "16:55",
        "17:53",
        "18:48",
        "19:23",
        "19:46",
        "20:21"
    ],
    "saturday": [
        "6:42",
        "7:42",
        "8:12",
        "8:42",
        "9:37",
        "10:02",
        "11:02",
        "12:02",
        "13:02",
        "14:02",
        "15:02",
        "16:02",
        "17:02",
        "18:01",
        "19:01",
        "20:01"
    ],
    "holiday": [
        "7:42",
        "8:42",
        "9:37",
        "10:02",
        "11:02",
        "12:02",
        "13:02",
        "14:02",
        "15:02",
        "16:02",
        "17:02",
        "18:01",
        "19:01",
        "20:01"
    ],
    "url": "https://www.kanachu.co.jp/dia/diagram/timetable01_js/course:0000801170-21/node:00128216/kt:0/lname:/"
}
