{
    "date": "2025/11/16",
    "name": "王御住グランド前",
    "position": "-",
    "system": "伊18",
    "destinations": [
        "岡崎城址入口",
        "大句",
        "城所入口",
        "矢羽根",
        "馬渡(伊勢原市)",
        "下大竹",
        "伊勢原中学校前",
        "伊勢原駅南口"
    ],
    "weekday": [
        "6:46",
        "7:17",
        "7:45",
        "8:17",
        "8:57",
        "9:40",
        "10:13",
        "10:53",
        "11:53",
        "12:53",
        "13:53",
        "14:53",
        "15:53",
        "16:56",
        "17:54",
        "18:49",
        "19:24",
        "19:47",
        "20:22"
    ],
    "saturday": [
        "6:43",
        "7:43",
        "8:13",
        "8:43",
        "9:38",
        "10:03",
        "11:03",
        "12:03",
        "13:03",
        "14:03",
        "15:03",
        "16:03",
        "17:03",
        "18:02",
        "19:02",
        "20:02"
    ],
    "holiday": [
        "7:43",
        "8:43",
        "9:38",
        "10:03",
        "11:03",
        "12:03",
        "13:03",
        "14:03",
        "15:03",
        "16:03",
        "17:03",
        "18:02",
        "19:02",
        "20:02"
    ],
    "url": "https://www.kanachu.co.jp/dia/diagram/timetable01_js/course:0000801170-22/node:00128217/kt:0/lname:/"
}
