{
    "date": "2024/07/08",
    "name": "団地南(町田市)",
    "position": "-",
    "system": "鶴21",
    "destinations": [
        "街道口",
        "和光学園(町田市)",
        "下谷戸入口",
        "真光寺(町田市)",
        "入谷戸(真光寺町/町田市)",
        "日影(川崎市麻生区)",
        "黒川(川崎市麻生区)",
        "下黒川",
        "若葉台駅"
    ],
    "weekday": [
        "6:07",
        "6:27",
        "6:47",
        "7:08",
        "7:23",
        "7:36",
        "7:46",
        "7:56",
        "8:08",
        "8:23",
        "8:48",
        "9:28",
        "10:08",
        "10:48",
        "11:28",
        "12:08",
        "12:48",
        "13:31",
        "14:08",
        "14:51",
        "15:11",
        "15:31",
        "15:51",
        "16:21",
        "16:51",
        "17:21",
        "17:51",
        "18:21",
        "18:51",
        "19:21",
        "19:56",
        "20:33",
        "21:12"
    ],
    "saturday": [
        "6:12",
        "6:47",
        "7:22",
        "7:57",
        "8:37",
        "9:17",
        "9:57",
        "10:38",
        "11:18",
        "11:58",
        "12:38",
        "13:18",
        "13:58",
        "14:38",
        "15:18",
        "15:58",
        "16:38",
        "17:18",
        "17:58",
        "18:37",
        "19:37",
        "20:37"
    ],
    "holiday": [
        "6:12",
        "6:47",
        "7:22",
        "7:57",
        "8:37",
        "9:17",
        "9:57",
        "10:38",
        "11:38",
        "12:38",
        "13:38",
        "14:38",
        "15:38",
        "16:38",
        "17:38",
        "18:37",
        "19:37",
        "20:37"
    ],
    "url": "https://www.kanachu.co.jp/dia/diagram/timetable01_js/course:0000803447-8/node:00049327/kt:0/lname:/"
}
