{
    "date": "2024/07/08",
    "name": "街道口",
    "position": "-",
    "system": "鶴21",
    "destinations": [
        "和光学園(町田市)",
        "下谷戸入口",
        "真光寺(町田市)",
        "入谷戸(真光寺町/町田市)",
        "日影(川崎市麻生区)",
        "黒川(川崎市麻生区)",
        "下黒川",
        "若葉台駅"
    ],
    "weekday": [
        "6:08",
        "6:28",
        "6:48",
        "7:09",
        "7:24",
        "7:37",
        "7:47",
        "7:57",
        "8:09",
        "8:24",
        "8:49",
        "9:29",
        "10:09",
        "10:49",
        "11:29",
        "12:09",
        "12:49",
        "13:32",
        "14:09",
        "14:52",
        "15:12",
        "15:32",
        "15:52",
        "16:22",
        "16:52",
        "17:22",
        "17:52",
        "18:22",
        "18:52",
        "19:22",
        "19:57",
        "20:34",
        "21:13"
    ],
    "saturday": [
        "6:13",
        "6:48",
        "7:23",
        "7:58",
        "8:38",
        "9:18",
        "9:58",
        "10:39",
        "11:19",
        "11:59",
        "12:39",
        "13:19",
        "13:59",
        "14:39",
        "15:19",
        "15:59",
        "16:39",
        "17:19",
        "17:59",
        "18:38",
        "19:38",
        "20:38"
    ],
    "holiday": [
        "6:13",
        "6:48",
        "7:23",
        "7:58",
        "8:38",
        "9:18",
        "9:58",
        "10:39",
        "11:39",
        "12:39",
        "13:39",
        "14:39",
        "15:39",
        "16:39",
        "17:39",
        "18:38",
        "19:38",
        "20:38"
    ],
    "url": "https://www.kanachu.co.jp/dia/diagram/timetable01_js/course:0000803447-9/node:00049328/kt:0/lname:/"
}
