{
    "system": "鶴21",
    "busstops": [
        {
            "index": "1",
            "id": "00049296",
            "name": "鶴川駅",
            "lat": "35.583827",
            "lng": "139.481581"
        },
        {
            "index": "2",
            "id": "00129439",
            "name": "上能ヶ谷",
            "lat": "35.583536",
            "lng": "139.475986"
        },
        {
            "index": "3",
            "id": "00129438",
            "name": "金井入口",
            "lat": "35.58492",
            "lng": "139.472259"
        },
        {
            "index": "4",
            "id": "00129437",
            "name": "下大蔵",
            "lat": "35.586771",
            "lng": "139.470134"
        },
        {
            "index": "5",
            "id": "00129468",
            "name": "鶴川市民センター前",
            "lat": "35.588342",
            "lng": "139.467512"
        },
        {
            "index": "6",
            "id": "00049325",
            "name": "消防署前(鶴川出張所/町田市)",
            "lat": "35.589996",
            "lng": "139.467352"
        },
        {
            "index": "7",
            "id": "00049326",
            "name": "鶴川三丁目",
            "lat": "35.590844",
            "lng": "139.464454"
        },
        {
            "index": "8",
            "id": "00049327",
            "name": "団地南(町田市)",
            "lat": "35.592894",
            "lng": "139.46121"
        },
        {
            "index": "9",
            "id": "00049328",
            "name": "街道口",
            "lat": "35.594507",
            "lng": "139.458562"
        },
        {
            "index": "10",
            "id": "00129469",
            "name": "和光学園(町田市)",
            "lat": "35.596382",
            "lng": "139.459775"
        },
        {
            "index": "11",
            "id": "00129470",
            "name": "下谷戸入口",
            "lat": "35.600598",
            "lng": "139.465805"
        },
        {
            "index": "12",
            "id": "00129471",
            "name": "真光寺(町田市)",
            "lat": "35.602573",
            "lng": "139.463908"
        },
        {
            "index": "13",
            "id": "00129481",
            "name": "入谷戸(真光寺町/町田市)",
            "lat": "35.607748",
            "lng": "139.463753"
        },
        {
            "index": "14",
            "id": "00129472",
            "name": "日影(川崎市麻生区)",
            "lat": "35.612739",
            "lng": "139.467244"
        },
        {
            "index": "15",
            "id": "00049272",
            "name": "黒川(川崎市麻生区)",
            "lat": "35.614199",
            "lng": "139.469718"
        },
        {
            "index": "16",
            "id": "00049273",
            "name": "下黒川",
            "lat": "35.619504",
            "lng": "139.473674"
        },
        {
            "index": "17",
            "id": "00020475",
            "name": "若葉台駅",
            "lat": "35.620049",
            "lng": "139.472258"
        }
    ],
    "route_url": "https://www.kanachu.co.jp/dia/route/index/cid:0000803447/"
}
