{
    "date": "2025/05/11",
    "name": "上宿通り",
    "position": "-",
    "system": "秦23",
    "destinations": [
        "仲宿(秦野市)",
        "ジョイフルタウン",
        "北原(秦野市)",
        "九沢",
        "くず葉台",
        "井ノ城",
        "東田原下宿",
        "東田原神社前",
        "谷戸入口(秦野市)",
        "中庭",
        "朝日神社前",
        "東田原(秦野市)",
        "東農協前",
        "藤棚(秦野市)"
    ],
    "weekday": [
        "7:00",
        "8:22",
        "9:37",
        "10:37",
        "11:37",
        "12:37",
        "13:37",
        "14:39",
        "15:39",
        "18:42",
        "19:42",
        "20:49",
        "21:27",
        "21:57",
        "22:36"
    ],
    "saturday": [
        "7:29",
        "8:43",
        "21:17"
    ],
    "holiday": [
        "7:29",
        "8:43",
        "21:17"
    ],
    "url": "https://www.kanachu.co.jp/dia/diagram/timetable01_js/course:0000800972-3/node:00127717/kt:0/lname:/"
}
