{
    "date": "2025/05/11",
    "name": "ジョイフルタウン",
    "position": "-",
    "system": "秦23",
    "destinations": [
        "北原(秦野市)",
        "九沢",
        "くず葉台",
        "井ノ城",
        "東田原下宿",
        "東田原神社前",
        "谷戸入口(秦野市)",
        "中庭",
        "朝日神社前",
        "東田原(秦野市)",
        "東農協前",
        "藤棚(秦野市)"
    ],
    "weekday": [
        "7:03",
        "8:25",
        "9:40",
        "10:40",
        "11:40",
        "12:40",
        "13:40",
        "14:42",
        "15:42",
        "18:45",
        "19:44",
        "20:51",
        "21:29",
        "21:59",
        "22:38"
    ],
    "saturday": [
        "7:31",
        "8:45",
        "21:19"
    ],
    "holiday": [
        "7:31",
        "8:45",
        "21:19"
    ],
    "url": "https://www.kanachu.co.jp/dia/diagram/timetable01_js/course:0000800972-5/node:00127862/kt:0/lname:/"
}
