{
    "date": "2025/05/11",
    "name": "北原(秦野市)",
    "position": "-",
    "system": "秦23",
    "destinations": [
        "九沢",
        "くず葉台",
        "井ノ城",
        "東田原下宿",
        "東田原神社前",
        "谷戸入口(秦野市)",
        "中庭",
        "朝日神社前",
        "東田原(秦野市)",
        "東農協前",
        "藤棚(秦野市)"
    ],
    "weekday": [
        "7:04",
        "8:26",
        "9:41",
        "10:41",
        "11:41",
        "12:41",
        "13:41",
        "14:43",
        "15:43",
        "18:46",
        "19:45",
        "20:52",
        "21:30",
        "22:00",
        "22:39"
    ],
    "saturday": [
        "7:32",
        "8:46",
        "21:20"
    ],
    "holiday": [
        "7:32",
        "8:46",
        "21:20"
    ],
    "url": "https://www.kanachu.co.jp/dia/diagram/timetable01_js/course:0000800972-6/node:00127863/kt:0/lname:/"
}
