{
    "date": "2025/05/11",
    "name": "谷戸入口(秦野市)",
    "position": "-",
    "system": "秦23",
    "destinations": [
        "中庭",
        "朝日神社前",
        "東田原(秦野市)",
        "東農協前",
        "藤棚(秦野市)"
    ],
    "weekday": [
        "7:13",
        "8:35",
        "9:50",
        "10:50",
        "11:50",
        "12:50",
        "13:50",
        "14:52",
        "15:52",
        "18:55",
        "19:53",
        "21:00",
        "21:38",
        "22:08",
        "22:47"
    ],
    "saturday": [
        "7:42",
        "8:56",
        "21:30"
    ],
    "holiday": [
        "7:42",
        "8:56",
        "21:30"
    ],
    "url": "https://www.kanachu.co.jp/dia/diagram/timetable01_js/course:0000800972-12/node:00127869/kt:0/lname:/"
}
