{
    "date": "2025/05/11",
    "name": "中庭",
    "position": "-",
    "system": "秦23",
    "destinations": [
        "朝日神社前",
        "東田原(秦野市)",
        "東農協前",
        "藤棚(秦野市)"
    ],
    "weekday": [
        "7:14",
        "8:36",
        "9:51",
        "10:51",
        "11:51",
        "12:51",
        "13:51",
        "14:53",
        "15:53",
        "18:56",
        "19:54",
        "21:01",
        "21:39",
        "22:09",
        "22:48"
    ],
    "saturday": [
        "7:43",
        "8:57",
        "21:31"
    ],
    "holiday": [
        "7:43",
        "8:57",
        "21:31"
    ],
    "url": "https://www.kanachu.co.jp/dia/diagram/timetable01_js/course:0000800972-13/node:00127870/kt:0/lname:/"
}
