{
    "date": "2025/05/11",
    "name": "東農協前",
    "position": "-",
    "system": "秦23",
    "destinations": [
        "藤棚(秦野市)"
    ],
    "weekday": [
        "7:17",
        "8:39",
        "9:54",
        "10:54",
        "11:54",
        "12:54",
        "13:54",
        "14:56",
        "15:56",
        "18:59",
        "19:57",
        "21:04",
        "21:42",
        "22:12",
        "22:51"
    ],
    "saturday": [
        "7:46",
        "9:00",
        "21:34"
    ],
    "holiday": [
        "7:46",
        "9:00",
        "21:34"
    ],
    "url": "https://www.kanachu.co.jp/dia/diagram/timetable01_js/course:0000800972-16/node:00127873/kt:0/lname:/"
}
