{
    "date": "2025/04/01",
    "name": "山崎高校入口",
    "position": "-",
    "system": "町33",
    "destinations": [
        "上山崎",
        "山崎小学校前(東京都)",
        "忠生公園前",
        "秋葉神社入口",
        "町田総合高校前",
        "木曽南団地",
        "横町(町田市)",
        "境川団地",
        "境川団地中央",
        "境川団地入口",
        "木曽都営入口",
        "桧台入口",
        "森野六丁目",
        "森野五丁目",
        "妙延寺(町田市)",
        "町田市役所市民ホール前",
        "町田バスセンター"
    ],
    "weekday": [
        "5:39",
        "5:53",
        "6:07",
        "6:22",
        "6:34",
        "6:47",
        "6:57",
        "7:06",
        "7:14",
        "7:23",
        "7:33",
        "7:43",
        "8:06",
        "8:31",
        "8:46",
        "9:01",
        "9:31",
        "10:01",
        "10:46",
        "11:01",
        "11:43",
        "12:01",
        "12:43",
        "13:01",
        "13:43",
        "14:01",
        "14:43",
        "15:01",
        "15:41",
        "16:01",
        "16:31",
        "17:01",
        "17:21",
        "17:41",
        "18:01",
        "18:21",
        "18:41",
        "19:01",
        "19:41",
        "20:11",
        "21:06",
        "22:06"
    ],
    "saturday": [
        "5:39",
        "6:11",
        "6:41",
        "7:01",
        "7:21",
        "7:41",
        "8:06",
        "8:26",
        "8:46",
        "9:06",
        "9:26",
        "9:46",
        "10:06",
        "10:26",
        "10:46",
        "11:06",
        "11:26",
        "11:46",
        "12:06",
        "12:26",
        "12:46",
        "13:06",
        "13:26",
        "13:46",
        "14:06",
        "14:26",
        "14:46",
        "15:06",
        "15:26",
        "15:46",
        "16:06",
        "16:26",
        "16:46",
        "17:06",
        "17:26",
        "17:46",
        "18:06",
        "18:26",
        "18:46",
        "19:11",
        "19:41",
        "20:11",
        "20:41",
        "21:11",
        "21:41"
    ],
    "holiday": [
        "5:39",
        "6:36",
        "7:01",
        "7:31",
        "8:01",
        "8:21",
        "8:41",
        "9:11",
        "9:31",
        "9:46",
        "10:06",
        "10:26",
        "10:46",
        "11:06",
        "11:26",
        "11:46",
        "12:06",
        "12:26",
        "12:46",
        "13:06",
        "13:26",
        "13:46",
        "14:06",
        "14:26",
        "14:46",
        "15:06",
        "15:26",
        "15:46",
        "16:06",
        "16:26",
        "16:46",
        "17:21",
        "17:56",
        "18:21",
        "18:46",
        "19:06",
        "19:26",
        "20:01",
        "20:21",
        "21:01"
    ],
    "url": "https://www.kanachu.co.jp/dia/diagram/timetable01_js/course:0000803196-2/node:00129397/kt:0/lname:/"
}
