{
    "date": "2025/04/01",
    "name": "山崎小学校前(東京都)",
    "position": "-",
    "system": "町33",
    "destinations": [
        "忠生公園前",
        "秋葉神社入口",
        "町田総合高校前",
        "木曽南団地",
        "横町(町田市)",
        "境川団地",
        "境川団地中央",
        "境川団地入口",
        "木曽都営入口",
        "桧台入口",
        "森野六丁目",
        "森野五丁目",
        "妙延寺(町田市)",
        "町田市役所市民ホール前",
        "町田バスセンター"
    ],
    "weekday": [
        "5:41",
        "5:55",
        "6:09",
        "6:24",
        "6:37",
        "6:50",
        "7:00",
        "7:09",
        "7:17",
        "7:26",
        "7:36",
        "7:46",
        "8:09",
        "8:34",
        "8:49",
        "9:03",
        "9:33",
        "10:03",
        "10:48",
        "11:03",
        "11:45",
        "12:03",
        "12:45",
        "13:03",
        "13:45",
        "14:03",
        "14:45",
        "15:04",
        "15:44",
        "16:04",
        "16:34",
        "17:04",
        "17:24",
        "17:44",
        "18:04",
        "18:24",
        "18:44",
        "19:03",
        "19:43",
        "20:13",
        "21:08",
        "22:08"
    ],
    "saturday": [
        "5:41",
        "6:13",
        "6:43",
        "7:03",
        "7:23",
        "7:43",
        "8:08",
        "8:28",
        "8:48",
        "9:09",
        "9:29",
        "9:49",
        "10:09",
        "10:29",
        "10:49",
        "11:08",
        "11:28",
        "11:48",
        "12:08",
        "12:28",
        "12:48",
        "13:08",
        "13:28",
        "13:48",
        "14:08",
        "14:28",
        "14:48",
        "15:08",
        "15:28",
        "15:48",
        "16:09",
        "16:29",
        "16:49",
        "17:09",
        "17:29",
        "17:49",
        "18:09",
        "18:29",
        "18:49",
        "19:13",
        "19:43",
        "20:13",
        "20:43",
        "21:13",
        "21:43"
    ],
    "holiday": [
        "5:41",
        "6:38",
        "7:03",
        "7:33",
        "8:03",
        "8:23",
        "8:43",
        "9:14",
        "9:34",
        "9:49",
        "10:09",
        "10:29",
        "10:49",
        "11:08",
        "11:28",
        "11:48",
        "12:08",
        "12:28",
        "12:48",
        "13:08",
        "13:28",
        "13:48",
        "14:08",
        "14:28",
        "14:48",
        "15:08",
        "15:28",
        "15:48",
        "16:08",
        "16:28",
        "16:48",
        "17:23",
        "17:58",
        "18:23",
        "18:48",
        "19:08",
        "19:28",
        "20:03",
        "20:23",
        "21:03"
    ],
    "url": "https://www.kanachu.co.jp/dia/diagram/timetable01_js/course:0000803196-4/node:00130494/kt:0/lname:/"
}
