{
    "date": "2025/04/01",
    "name": "木曽南団地",
    "position": "",
    "system": "町33",
    "destinations": [
        "横町(町田市)",
        "境川団地",
        "境川団地中央",
        "境川団地入口",
        "木曽都営入口",
        "桧台入口",
        "森野六丁目",
        "森野五丁目",
        "妙延寺(町田市)",
        "町田市役所市民ホール前",
        "町田バスセンター"
    ],
    "weekday": [
        "5:47",
        "6:01",
        "6:15",
        "6:30",
        "6:44",
        "6:57",
        "7:07",
        "7:16",
        "7:24",
        "7:33",
        "7:43",
        "7:53",
        "8:16",
        "8:41",
        "8:56",
        "9:10",
        "9:40",
        "10:10",
        "10:54",
        "11:09",
        "11:51",
        "12:09",
        "12:51",
        "13:09",
        "13:51",
        "14:09",
        "14:51",
        "15:11",
        "15:51",
        "16:11",
        "16:41",
        "17:11",
        "17:31",
        "17:51",
        "18:11",
        "18:31",
        "18:51",
        "19:10",
        "19:50",
        "20:20",
        "21:14",
        "22:14"
    ],
    "saturday": [
        "5:46",
        "6:18",
        "6:48",
        "7:09",
        "7:29",
        "7:49",
        "8:14",
        "8:34",
        "8:54",
        "9:16",
        "9:36",
        "9:56",
        "10:16",
        "10:36",
        "10:56",
        "11:15",
        "11:35",
        "11:55",
        "12:15",
        "12:35",
        "12:55",
        "13:15",
        "13:35",
        "13:55",
        "14:15",
        "14:35",
        "14:55",
        "15:15",
        "15:35",
        "15:55",
        "16:16",
        "16:36",
        "16:56",
        "17:16",
        "17:36",
        "17:56",
        "18:16",
        "18:36",
        "18:56",
        "19:19",
        "19:49",
        "20:19",
        "20:49",
        "21:18",
        "21:48"
    ],
    "holiday": [
        "5:46",
        "6:43",
        "7:09",
        "7:39",
        "8:09",
        "8:29",
        "8:49",
        "9:21",
        "9:41",
        "9:56",
        "10:16",
        "10:36",
        "10:56",
        "11:14",
        "11:34",
        "11:54",
        "12:14",
        "12:34",
        "12:54",
        "13:14",
        "13:34",
        "13:54",
        "14:14",
        "14:34",
        "14:54",
        "15:15",
        "15:35",
        "15:55",
        "16:15",
        "16:35",
        "16:55",
        "17:30",
        "18:04",
        "18:29",
        "18:54",
        "19:14",
        "19:34",
        "20:08",
        "20:28",
        "21:08"
    ],
    "url": "https://www.kanachu.co.jp/dia/diagram/timetable01_js/course:0000803196-8/node:00129384/kt:0/lname:/"
}
