{
    "date": "2025/04/01",
    "name": "境川団地中央",
    "position": "-",
    "system": "町33",
    "destinations": [
        "境川団地入口",
        "木曽都営入口",
        "桧台入口",
        "森野六丁目",
        "森野五丁目",
        "妙延寺(町田市)",
        "町田市役所市民ホール前",
        "町田バスセンター"
    ],
    "weekday": [
        "5:50",
        "6:04",
        "6:18",
        "6:34",
        "6:48",
        "7:01",
        "7:11",
        "7:20",
        "7:28",
        "7:37",
        "7:47",
        "7:57",
        "8:20",
        "8:45",
        "9:00",
        "9:13",
        "9:43",
        "10:13",
        "10:57",
        "11:12",
        "11:54",
        "12:12",
        "12:54",
        "13:12",
        "13:54",
        "14:12",
        "14:54",
        "15:14",
        "15:54",
        "16:14",
        "16:44",
        "17:14",
        "17:34",
        "17:54",
        "18:14",
        "18:34",
        "18:54",
        "19:12",
        "19:52",
        "20:22",
        "21:16",
        "22:16"
    ],
    "saturday": [
        "5:49",
        "6:21",
        "6:51",
        "7:12",
        "7:32",
        "7:52",
        "8:17",
        "8:37",
        "8:57",
        "9:19",
        "9:39",
        "9:59",
        "10:19",
        "10:39",
        "10:59",
        "11:18",
        "11:38",
        "11:58",
        "12:18",
        "12:38",
        "12:58",
        "13:18",
        "13:38",
        "13:58",
        "14:18",
        "14:38",
        "14:58",
        "15:18",
        "15:38",
        "15:58",
        "16:19",
        "16:39",
        "16:59",
        "17:19",
        "17:39",
        "17:59",
        "18:19",
        "18:39",
        "18:59",
        "19:21",
        "19:51",
        "20:21",
        "20:51",
        "21:20",
        "21:50"
    ],
    "holiday": [
        "5:49",
        "6:46",
        "7:12",
        "7:42",
        "8:12",
        "8:32",
        "8:52",
        "9:24",
        "9:44",
        "9:59",
        "10:19",
        "10:39",
        "10:59",
        "11:17",
        "11:37",
        "11:57",
        "12:17",
        "12:37",
        "12:57",
        "13:17",
        "13:37",
        "13:57",
        "14:17",
        "14:37",
        "14:57",
        "15:18",
        "15:38",
        "15:58",
        "16:18",
        "16:38",
        "16:58",
        "17:33",
        "18:06",
        "18:31",
        "18:56",
        "19:16",
        "19:36",
        "20:10",
        "20:30",
        "21:10"
    ],
    "url": "https://www.kanachu.co.jp/dia/diagram/timetable01_js/course:0000803196-11/node:00129381/kt:0/lname:/"
}
