{
    "date": "2025/04/01",
    "name": "森野六丁目",
    "position": "",
    "system": "町33",
    "destinations": [
        "森野五丁目",
        "妙延寺(町田市)",
        "町田市役所市民ホール前",
        "町田バスセンター"
    ],
    "weekday": [
        "5:52",
        "6:06",
        "6:20",
        "6:36",
        "6:50",
        "7:03",
        "7:13",
        "7:22",
        "7:30",
        "7:39",
        "7:49",
        "7:59",
        "8:22",
        "8:47",
        "9:03",
        "9:16",
        "9:46",
        "10:16",
        "11:00",
        "11:15",
        "11:57",
        "12:15",
        "12:57",
        "13:15",
        "13:57",
        "14:15",
        "14:57",
        "15:17",
        "15:57",
        "16:17",
        "16:47",
        "17:17",
        "17:37",
        "17:57",
        "18:17",
        "18:37",
        "18:57",
        "19:14",
        "19:54",
        "20:24",
        "21:18",
        "22:18"
    ],
    "saturday": [
        "5:51",
        "6:23",
        "6:53",
        "7:14",
        "7:34",
        "7:54",
        "8:19",
        "8:39",
        "8:59",
        "9:21",
        "9:41",
        "10:01",
        "10:21",
        "10:41",
        "11:01",
        "11:21",
        "11:41",
        "12:01",
        "12:21",
        "12:41",
        "13:01",
        "13:21",
        "13:41",
        "14:01",
        "14:21",
        "14:41",
        "15:01",
        "15:21",
        "15:41",
        "16:01",
        "16:22",
        "16:42",
        "17:02",
        "17:22",
        "17:42",
        "18:02",
        "18:22",
        "18:42",
        "19:02",
        "19:23",
        "19:53",
        "20:23",
        "20:53",
        "21:22",
        "21:52"
    ],
    "holiday": [
        "5:51",
        "6:48",
        "7:14",
        "7:44",
        "8:14",
        "8:34",
        "8:54",
        "9:26",
        "9:46",
        "10:01",
        "10:21",
        "10:41",
        "11:01",
        "11:20",
        "11:40",
        "12:00",
        "12:20",
        "12:40",
        "13:00",
        "13:20",
        "13:40",
        "14:00",
        "14:20",
        "14:40",
        "15:00",
        "15:21",
        "15:41",
        "16:01",
        "16:21",
        "16:41",
        "17:01",
        "17:36",
        "18:08",
        "18:33",
        "18:58",
        "19:18",
        "19:38",
        "20:12",
        "20:32",
        "21:12"
    ],
    "url": "https://www.kanachu.co.jp/dia/diagram/timetable01_js/course:0000803196-15/node:00129377/kt:0/lname:/"
}
