{
    "date": "2025/04/01",
    "name": "妙延寺(町田市)",
    "position": "-",
    "system": "町33",
    "destinations": [
        "町田市役所市民ホール前",
        "町田バスセンター"
    ],
    "weekday": [
        "5:53",
        "6:07",
        "6:21",
        "6:38",
        "6:52",
        "7:05",
        "7:15",
        "7:24",
        "7:32",
        "7:41",
        "7:51",
        "8:01",
        "8:24",
        "8:49",
        "9:05",
        "9:18",
        "9:48",
        "10:18",
        "11:01",
        "11:16",
        "11:58",
        "12:16",
        "12:58",
        "13:16",
        "13:58",
        "14:16",
        "14:58",
        "15:18",
        "15:58",
        "16:18",
        "16:48",
        "17:18",
        "17:38",
        "17:58",
        "18:18",
        "18:38",
        "18:58",
        "19:15",
        "19:55",
        "20:25",
        "21:19",
        "22:19"
    ],
    "saturday": [
        "5:52",
        "6:24",
        "6:54",
        "7:16",
        "7:36",
        "7:56",
        "8:21",
        "8:41",
        "9:01",
        "9:23",
        "9:43",
        "10:03",
        "10:23",
        "10:43",
        "11:02",
        "11:22",
        "11:42",
        "12:02",
        "12:22",
        "12:42",
        "13:02",
        "13:22",
        "13:42",
        "14:02",
        "14:22",
        "14:42",
        "15:02",
        "15:22",
        "15:42",
        "16:02",
        "16:23",
        "16:43",
        "17:03",
        "17:23",
        "17:43",
        "18:03",
        "18:23",
        "18:43",
        "19:03",
        "19:24",
        "19:54",
        "20:24",
        "20:54",
        "21:23",
        "21:53"
    ],
    "holiday": [
        "5:52",
        "6:49",
        "7:15",
        "7:45",
        "8:15",
        "8:35",
        "8:55",
        "9:27",
        "9:47",
        "10:02",
        "10:22",
        "10:42",
        "11:02",
        "11:21",
        "11:41",
        "12:01",
        "12:21",
        "12:41",
        "13:01",
        "13:21",
        "13:41",
        "14:01",
        "14:21",
        "14:41",
        "15:01",
        "15:22",
        "15:42",
        "16:02",
        "16:22",
        "16:42",
        "17:02",
        "17:37",
        "18:09",
        "18:34",
        "18:59",
        "19:19",
        "19:39",
        "20:13",
        "20:33",
        "21:13"
    ],
    "url": "https://www.kanachu.co.jp/dia/diagram/timetable01_js/course:0000803196-17/node:00129375/kt:0/lname:/"
}
