{
    "date": "2025/04/19",
    "name": "小田急相模原駅",
    "position": "-",
    "system": "小14",
    "destinations": [
        "二宮神社前(相模原市南区)",
        "鶴ヶ丘団地前",
        "ハウス南門前",
        "相模台まちづくりセンター前",
        "国立相模原病院",
        "第一住宅(相模原市南区)",
        "桜台(相模原市南区)",
        "水道路(相模原市南区)",
        "麻溝台",
        "麻溝台中学校入口",
        "さがみ緑風園前",
        "麻溝台入口",
        "麻溝台高校",
        "北里大学病院・北里大学",
        "友愛病院前",
        "麻溝車庫"
    ],
    "weekday": [
        "21:10"
    ],
    "saturday": [],
    "holiday": [],
    "url": "https://www.kanachu.co.jp/dia/diagram/timetable01_js/course:0000803534-1/node:00129690/kt:0/lname:/"
}
