{
    "date": "2025/04/19",
    "name": "麻溝台中学校入口",
    "position": "-",
    "system": "小14",
    "destinations": [
        "さがみ緑風園前",
        "麻溝台入口",
        "麻溝台高校",
        "北里大学病院・北里大学",
        "友愛病院前",
        "麻溝車庫"
    ],
    "weekday": [
        "21:20"
    ],
    "saturday": [],
    "holiday": [],
    "url": "https://www.kanachu.co.jp/dia/diagram/timetable01_js/course:0000803534-11/node:00129697/kt:0/lname:/"
}
