{
    "system": "小14",
    "busstops": [
        {
            "index": "1",
            "id": "00129690",
            "name": "小田急相模原駅",
            "lat": "35.515937",
            "lng": "139.421991"
        },
        {
            "index": "2",
            "id": "00129689",
            "name": "二宮神社前(相模原市南区)",
            "lat": "35.517057",
            "lng": "139.422321"
        },
        {
            "index": "3",
            "id": "00129700",
            "name": "鶴ヶ丘団地前",
            "lat": "35.519515",
            "lng": "139.421328"
        },
        {
            "index": "4",
            "id": "00129699",
            "name": "ハウス南門前",
            "lat": "35.519043",
            "lng": "139.419118"
        },
        {
            "index": "5",
            "id": "00129691",
            "name": "相模台まちづくりセンター前",
            "lat": "35.519026",
            "lng": "139.415959"
        },
        {
            "index": "6",
            "id": "00129692",
            "name": "国立相模原病院",
            "lat": "35.520271",
            "lng": "139.412539"
        },
        {
            "index": "7",
            "id": "00129693",
            "name": "第一住宅(相模原市南区)",
            "lat": "35.522781",
            "lng": "139.412085"
        },
        {
            "index": "8",
            "id": "00129694",
            "name": "桜台(相模原市南区)",
            "lat": "35.524118",
            "lng": "139.409146"
        },
        {
            "index": "9",
            "id": "00129695",
            "name": "水道路(相模原市南区)",
            "lat": "35.524636",
            "lng": "139.407298"
        },
        {
            "index": "10",
            "id": "00129696",
            "name": "麻溝台",
            "lat": "35.527323",
            "lng": "139.406394"
        },
        {
            "index": "11",
            "id": "00129697",
            "name": "麻溝台中学校入口",
            "lat": "35.530949",
            "lng": "139.405847"
        },
        {
            "index": "12",
            "id": "00129698",
            "name": "さがみ緑風園前",
            "lat": "35.534197",
            "lng": "139.405348"
        },
        {
            "index": "13",
            "id": "00129121",
            "name": "麻溝台入口",
            "lat": "35.537581",
            "lng": "139.403131"
        },
        {
            "index": "14",
            "id": "00129064",
            "name": "麻溝台高校",
            "lat": "35.537079",
            "lng": "139.397622"
        },
        {
            "index": "15",
            "id": "00129119",
            "name": "北里大学病院・北里大学",
            "lat": "35.537541",
            "lng": "139.393576"
        },
        {
            "index": "16",
            "id": "00129286",
            "name": "友愛病院前",
            "lat": "35.536585",
            "lng": "139.392132"
        },
        {
            "index": "17",
            "id": "00129224",
            "name": "麻溝車庫",
            "lat": "35.538641",
            "lng": "139.38801"
        }
    ],
    "route_url": "https://www.kanachu.co.jp/dia/route/index/cid:0000803534/"
}
