{
    "date": "2024/03/16",
    "name": "港南台西公園",
    "position": "-",
    "system": "港88",
    "destinations": [
        "元大橋公園前",
        "若竹町(横浜市栄区)",
        "元大橋",
        "中野町",
        "稲荷森",
        "山手学院入口",
        "本郷車庫前(横浜市栄区)",
        "紅葉橋(横浜市栄区)",
        "上之",
        "上之中央",
        "犬山南",
        "犬山",
        "矢沢(横浜市栄区)",
        "桂山公園",
        "桂台中央",
        "北桂台",
        "本郷小学校前",
        "本郷(横浜市栄区)",
        "中野町",
        "元大橋",
        "若竹町(横浜市栄区)",
        "元大橋公園前",
        "港南台西公園",
        "横浜女子短期大学前",
        "港南台駅"
    ],
    "weekday": [
        "14:33",
        "15:33",
        "16:33",
        "17:33",
        "18:23",
        "19:23",
        "20:23",
        "20:53",
        "21:36",
        "21:58",
        "22:28"
    ],
    "saturday": [
        "13:43",
        "14:43",
        "15:43",
        "16:43",
        "17:43"
    ],
    "holiday": [
        "13:43",
        "14:43",
        "15:43",
        "16:43",
        "17:43"
    ],
    "url": "https://www.kanachu.co.jp/dia/diagram/timetable01_js/course:0000800601-3/node:00126549/kt:0/lname:/"
}
