{
    "date": "2024/03/16",
    "name": "元大橋",
    "position": "-",
    "system": "港88",
    "destinations": [
        "中野町",
        "稲荷森",
        "山手学院入口",
        "本郷車庫前(横浜市栄区)",
        "紅葉橋(横浜市栄区)",
        "上之",
        "上之中央",
        "犬山南",
        "犬山",
        "矢沢(横浜市栄区)",
        "桂山公園",
        "桂台中央",
        "北桂台",
        "本郷小学校前",
        "本郷(横浜市栄区)",
        "中野町",
        "元大橋",
        "若竹町(横浜市栄区)",
        "元大橋公園前",
        "港南台西公園",
        "横浜女子短期大学前",
        "港南台駅"
    ],
    "weekday": [
        "14:36",
        "15:36",
        "16:36",
        "17:36",
        "18:26",
        "19:26",
        "20:26",
        "20:56",
        "21:39",
        "22:01",
        "22:31"
    ],
    "saturday": [
        "13:46",
        "14:46",
        "15:46",
        "16:46",
        "17:46"
    ],
    "holiday": [
        "13:46",
        "14:46",
        "15:46",
        "16:46",
        "17:46"
    ],
    "url": "https://www.kanachu.co.jp/dia/diagram/timetable01_js/course:0000800601-6/node:00126546/kt:0/lname:/"
}
