{
    "date": "2024/03/16",
    "name": "山手学院入口",
    "position": "-",
    "system": "港88",
    "destinations": [
        "本郷車庫前(横浜市栄区)",
        "紅葉橋(横浜市栄区)",
        "上之",
        "上之中央",
        "犬山南",
        "犬山",
        "矢沢(横浜市栄区)",
        "桂山公園",
        "桂台中央",
        "北桂台",
        "本郷小学校前",
        "本郷(横浜市栄区)",
        "中野町",
        "元大橋",
        "若竹町(横浜市栄区)",
        "元大橋公園前",
        "港南台西公園",
        "横浜女子短期大学前",
        "港南台駅"
    ],
    "weekday": [
        "14:39",
        "15:39",
        "16:39",
        "17:39",
        "18:29",
        "19:29",
        "20:29",
        "20:59",
        "21:42",
        "22:04",
        "22:34"
    ],
    "saturday": [
        "13:49",
        "14:49",
        "15:50",
        "16:50",
        "17:50"
    ],
    "holiday": [
        "13:49",
        "14:49",
        "15:50",
        "16:50",
        "17:50"
    ],
    "url": "https://www.kanachu.co.jp/dia/diagram/timetable01_js/course:0000800601-9/node:00126513/kt:0/lname:/"
}
