{
    "date": "2024/03/16",
    "name": "本郷小学校前",
    "position": "-",
    "system": "港88",
    "destinations": [
        "本郷(横浜市栄区)",
        "中野町",
        "元大橋",
        "若竹町(横浜市栄区)",
        "元大橋公園前",
        "港南台西公園",
        "横浜女子短期大学前",
        "港南台駅"
    ],
    "weekday": [
        "14:53",
        "15:53",
        "16:53",
        "17:53",
        "18:43",
        "19:43",
        "20:42",
        "21:12",
        "21:55",
        "22:17",
        "22:47"
    ],
    "saturday": [
        "14:04",
        "15:04",
        "16:05",
        "17:05",
        "18:05"
    ],
    "holiday": [
        "14:04",
        "15:04",
        "16:05",
        "17:05",
        "18:05"
    ],
    "url": "https://www.kanachu.co.jp/dia/diagram/timetable01_js/course:0000800601-20/node:00126509/kt:0/lname:/"
}
