{
    "date": "2025/04/01",
    "name": "木曽(町田市)",
    "position": "-",
    "system": "町27",
    "destinations": [
        "三家(町田市)",
        "木曽住宅",
        "滝の沢(町田市)",
        "浄水場前(町田市)",
        "市民病院前(町田市)",
        "森野三丁目",
        "第四小学校前(町田市)",
        "町田市役所市民ホール前",
        "町田バスセンター",
        "町田ターミナル"
    ],
    "weekday": [
        "9:08",
        "9:58",
        "10:48",
        "11:38",
        "12:26",
        "13:15",
        "14:08",
        "14:59",
        "15:28",
        "15:58",
        "16:38",
        "17:09",
        "17:44",
        "18:16",
        "18:49",
        "19:23",
        "19:53",
        "20:23"
    ],
    "saturday": [
        "9:07",
        "9:57",
        "10:47",
        "11:37",
        "12:27",
        "14:08",
        "14:58",
        "15:53",
        "16:13",
        "16:33",
        "17:28",
        "18:18",
        "19:08",
        "19:58"
    ],
    "holiday": [
        "9:07",
        "9:57",
        "10:47",
        "11:37",
        "12:31",
        "14:08",
        "14:58",
        "15:48",
        "16:38",
        "17:28",
        "19:08",
        "19:58"
    ],
    "url": "https://www.kanachu.co.jp/dia/diagram/timetable01_js/course:0000803208-15/node:00129364/kt:0/lname:/"
}
