{
    "date": "2025/04/01",
    "name": "木曽住宅",
    "position": "-",
    "system": "町27",
    "destinations": [
        "滝の沢(町田市)",
        "浄水場前(町田市)",
        "市民病院前(町田市)",
        "森野三丁目",
        "第四小学校前(町田市)",
        "町田市役所市民ホール前",
        "町田バスセンター",
        "町田ターミナル"
    ],
    "weekday": [
        "9:11",
        "10:01",
        "10:51",
        "11:41",
        "12:29",
        "13:18",
        "14:11",
        "15:02",
        "15:31",
        "16:01",
        "16:41",
        "17:12",
        "17:47",
        "18:19",
        "18:52",
        "19:25",
        "19:55",
        "20:25"
    ],
    "saturday": [
        "9:09",
        "9:59",
        "10:49",
        "11:39",
        "12:29",
        "14:11",
        "15:01",
        "15:56",
        "16:16",
        "16:36",
        "17:31",
        "18:21",
        "19:10",
        "20:00"
    ],
    "holiday": [
        "9:09",
        "9:59",
        "10:49",
        "11:39",
        "12:34",
        "14:11",
        "15:01",
        "15:51",
        "16:41",
        "17:31",
        "19:10",
        "20:00"
    ],
    "url": "https://www.kanachu.co.jp/dia/diagram/timetable01_js/course:0000803208-17/node:00129362/kt:0/lname:/"
}
