{
    "date": "2025/04/01",
    "name": "市民病院前(町田市)",
    "position": "-",
    "system": "町27",
    "destinations": [
        "森野三丁目",
        "第四小学校前(町田市)",
        "町田市役所市民ホール前",
        "町田バスセンター",
        "町田ターミナル"
    ],
    "weekday": [
        "9:15",
        "10:05",
        "10:55",
        "11:45",
        "12:34",
        "13:22",
        "14:15",
        "15:07",
        "15:35",
        "16:05",
        "16:45",
        "17:16",
        "17:51",
        "18:24",
        "18:56",
        "19:29",
        "20:00",
        "20:30"
    ],
    "saturday": [
        "9:12",
        "10:02",
        "10:52",
        "11:42",
        "12:32",
        "14:15",
        "15:05",
        "16:01",
        "16:20",
        "16:41",
        "17:35",
        "18:26",
        "19:15",
        "20:05"
    ],
    "holiday": [
        "9:12",
        "10:02",
        "10:52",
        "11:42",
        "12:39",
        "14:16",
        "15:05",
        "15:55",
        "16:45",
        "17:35",
        "19:14",
        "20:03"
    ],
    "url": "https://www.kanachu.co.jp/dia/diagram/timetable01_js/course:0000803208-20/node:00129359/kt:0/lname:/"
}
