{
    "date": "2025/04/01",
    "name": "第四小学校前(町田市)",
    "position": "-",
    "system": "町27",
    "destinations": [
        "町田市役所市民ホール前",
        "町田バスセンター",
        "町田ターミナル"
    ],
    "weekday": [
        "9:17",
        "10:07",
        "10:57",
        "11:47",
        "12:37",
        "13:24",
        "14:17",
        "15:10",
        "15:37",
        "16:07",
        "16:47",
        "17:18",
        "17:53",
        "18:27",
        "18:58",
        "19:31",
        "20:03",
        "20:33"
    ],
    "saturday": [
        "9:14",
        "10:04",
        "10:54",
        "11:44",
        "12:34",
        "14:17",
        "15:07",
        "16:04",
        "16:22",
        "16:44",
        "17:37",
        "18:29",
        "19:18",
        "20:08"
    ],
    "holiday": [
        "9:14",
        "10:04",
        "10:54",
        "11:44",
        "12:42",
        "14:19",
        "15:07",
        "15:57",
        "16:47",
        "17:37",
        "19:16",
        "20:05"
    ],
    "url": "https://www.kanachu.co.jp/dia/diagram/timetable01_js/course:0000803208-22/node:00129357/kt:0/lname:/"
}
