{
    "system": "町27",
    "busstops": [
        {
            "index": "1",
            "id": "00129086",
            "name": "小山田(町田市)",
            "lat": "35.599655",
            "lng": "139.400005"
        },
        {
            "index": "2",
            "id": "00130123",
            "name": "押越",
            "lat": "35.59795",
            "lng": "139.403131"
        },
        {
            "index": "3",
            "id": "00129412",
            "name": "小山田小学校前",
            "lat": "35.597",
            "lng": "139.406394"
        },
        {
            "index": "4",
            "id": "00129411",
            "name": "山の端",
            "lat": "35.59702",
            "lng": "139.408933"
        },
        {
            "index": "5",
            "id": "00129410",
            "name": "大泉寺",
            "lat": "35.596398",
            "lng": "139.410838"
        },
        {
            "index": "6",
            "id": "00129409",
            "name": "桜橋(町田市)",
            "lat": "35.592783",
            "lng": "139.415438"
        },
        {
            "index": "7",
            "id": "00129408",
            "name": "日大三高入口",
            "lat": "35.58941",
            "lng": "139.418755"
        },
        {
            "index": "8",
            "id": "00129407",
            "name": "日影橋",
            "lat": "35.586793",
            "lng": "139.420564"
        },
        {
            "index": "9",
            "id": "00129369",
            "name": "図師大橋",
            "lat": "35.583391",
            "lng": "139.423566"
        },
        {
            "index": "10",
            "id": "00129368",
            "name": "馬駈",
            "lat": "35.581483",
            "lng": "139.418118"
        },
        {
            "index": "11",
            "id": "00129367",
            "name": "根岸(根岸町/町田市)",
            "lat": "35.577908",
            "lng": "139.414596"
        },
        {
            "index": "12",
            "id": "00129366",
            "name": "下根岸(町田市)",
            "lat": "35.575986",
            "lng": "139.415872"
        },
        {
            "index": "13",
            "id": "00129365",
            "name": "上宿(町田市)",
            "lat": "35.574042",
            "lng": "139.4196"
        },
        {
            "index": "14",
            "id": "00129494",
            "name": "忠生公園入口",
            "lat": "35.571573",
            "lng": "139.42098"
        },
        {
            "index": "15",
            "id": "00129364",
            "name": "木曽(町田市)",
            "lat": "35.567921",
            "lng": "139.42294"
        },
        {
            "index": "16",
            "id": "00129363",
            "name": "三家(町田市)",
            "lat": "35.564466",
            "lng": "139.425704"
        },
        {
            "index": "17",
            "id": "00129362",
            "name": "木曽住宅",
            "lat": "35.563166",
            "lng": "139.426949"
        },
        {
            "index": "18",
            "id": "00129361",
            "name": "滝の沢(町田市)",
            "lat": "35.559343",
            "lng": "139.430489"
        },
        {
            "index": "19",
            "id": "00129360",
            "name": "浄水場前(町田市)",
            "lat": "35.55662",
            "lng": "139.434645"
        },
        {
            "index": "20",
            "id": "00129359",
            "name": "市民病院前(町田市)",
            "lat": "35.554809",
            "lng": "139.436868"
        },
        {
            "index": "21",
            "id": "00129358",
            "name": "森野三丁目",
            "lat": "35.552844",
            "lng": "139.439345"
        },
        {
            "index": "22",
            "id": "00129357",
            "name": "第四小学校前(町田市)",
            "lat": "35.55096",
            "lng": "139.438816"
        },
        {
            "index": "23",
            "id": "00129356",
            "name": "町田市役所市民ホール前",
            "lat": "35.547368",
            "lng": "139.438983"
        },
        {
            "index": "24",
            "id": "00025625",
            "name": "町田バスセンター",
            "lat": "35.543525",
            "lng": "139.444385"
        },
        {
            "index": "25",
            "id": "00129544",
            "name": "町田ターミナル",
            "lat": "35.540151",
            "lng": "139.449349"
        }
    ],
    "route_url": "https://www.kanachu.co.jp/dia/route/index/cid:0000803208/"
}
