{
    "date": "2025/01/14",
    "name": "瀬谷駅",
    "position": "-",
    "system": "瀬31",
    "destinations": [
        "相沢",
        "幼稚園前(横浜市瀬谷区)",
        "東台(横浜市瀬谷区)",
        "細谷戸第1",
        "細谷戸第2",
        "細谷戸第3",
        "細谷戸第4",
        "細谷戸第5"
    ],
    "weekday": [
        "6:23",
        "6:38",
        "6:55",
        "7:15",
        "7:30",
        "7:46",
        "8:05",
        "8:22",
        "8:37",
        "8:52",
        "9:14",
        "9:28",
        "9:50",
        "10:05",
        "10:35",
        "10:48",
        "11:12",
        "11:25",
        "11:45",
        "12:00",
        "12:30",
        "13:12",
        "13:58",
        "14:30",
        "14:50",
        "15:25",
        "15:55",
        "16:15",
        "16:35",
        "16:55",
        "17:15",
        "17:35",
        "17:55",
        "18:10",
        "18:25",
        "18:40",
        "18:55",
        "19:25",
        "19:55",
        "20:25",
        "20:55",
        "21:25",
        "21:55",
        "22:25",
        "22:55"
    ],
    "saturday": [
        "6:21",
        "6:53",
        "7:25",
        "7:57",
        "8:29",
        "8:48",
        "9:08",
        "9:28",
        "9:48",
        "10:08",
        "10:28",
        "10:48",
        "11:20",
        "11:52",
        "12:24",
        "12:56",
        "13:28",
        "14:00",
        "14:32",
        "15:04",
        "15:36",
        "16:08",
        "16:40",
        "17:12",
        "17:44",
        "18:16",
        "18:48",
        "19:20",
        "19:52",
        "20:24",
        "20:56",
        "21:28",
        "22:00"
    ],
    "holiday": [
        "6:21",
        "6:53",
        "7:25",
        "7:57",
        "8:29",
        "8:48",
        "9:08",
        "9:28",
        "9:48",
        "10:08",
        "10:28",
        "10:48",
        "11:20",
        "11:52",
        "12:24",
        "12:56",
        "13:28",
        "14:00",
        "14:32",
        "15:04",
        "15:36",
        "16:08",
        "16:40",
        "17:12",
        "17:44",
        "18:16",
        "18:48",
        "19:20",
        "19:52",
        "20:24",
        "20:56",
        "21:28",
        "22:00"
    ],
    "url": "https://www.kanachu.co.jp/dia/diagram/timetable01_js/course:0000800325-1/node:00129660/kt:0/lname:/"
}
