{
    "date": "2025/08/04",
    "name": "峡の原",
    "position": "-",
    "system": "相31",
    "destinations": [
        "金属工業団地(相模原市緑区)",
        "緑ヶ丘(相模原市緑区)",
        "橋本十字路",
        "大山団地入口",
        "大河原(相模原市中央区)",
        "清新小学校前",
        "さがみ夢大通り",
        "相模原駅南口"
    ],
    "weekday": [
        "6:25",
        "7:15",
        "7:45",
        "8:25",
        "9:10",
        "9:45",
        "10:25",
        "11:05",
        "11:45",
        "12:25",
        "19:05",
        "20:20"
    ],
    "saturday": [
        "6:30",
        "7:10",
        "8:05",
        "8:45",
        "9:05",
        "9:35",
        "10:15",
        "11:15",
        "11:40",
        "12:15",
        "18:45",
        "19:35"
    ],
    "holiday": [
        "7:15",
        "7:40",
        "8:20",
        "9:05",
        "9:45",
        "10:20",
        "11:05",
        "11:40",
        "12:25",
        "13:05",
        "13:45",
        "14:35",
        "15:30",
        "15:55",
        "16:15",
        "18:35",
        "19:20"
    ],
    "url": "https://www.kanachu.co.jp/dia/diagram/timetable01_js/course:0000802381-2/node:00129221/kt:0/lname:/"
}
