{
    "date": "2025/08/04",
    "name": "金属工業団地(相模原市緑区)",
    "position": "-",
    "system": "相31",
    "destinations": [
        "緑ヶ丘(相模原市緑区)",
        "橋本十字路",
        "大山団地入口",
        "大河原(相模原市中央区)",
        "清新小学校前",
        "さがみ夢大通り",
        "相模原駅南口"
    ],
    "weekday": [
        "6:27",
        "7:17",
        "7:47",
        "8:27",
        "9:12",
        "9:47",
        "10:27",
        "11:07",
        "11:47",
        "12:27",
        "19:07",
        "20:22"
    ],
    "saturday": [
        "6:32",
        "7:12",
        "8:07",
        "8:47",
        "9:07",
        "9:37",
        "10:17",
        "11:17",
        "11:42",
        "12:17",
        "18:47",
        "19:37"
    ],
    "holiday": [
        "7:17",
        "7:42",
        "8:22",
        "9:07",
        "9:47",
        "10:22",
        "11:07",
        "11:42",
        "12:27",
        "13:07",
        "13:47",
        "14:37",
        "15:32",
        "15:57",
        "16:17",
        "18:37",
        "19:22"
    ],
    "url": "https://www.kanachu.co.jp/dia/diagram/timetable01_js/course:0000802381-3/node:00129118/kt:0/lname:/"
}
