{
    "date": "2025/08/04",
    "name": "橋本十字路",
    "position": "-",
    "system": "相31",
    "destinations": [
        "大山団地入口",
        "大河原(相模原市中央区)",
        "清新小学校前",
        "さがみ夢大通り",
        "相模原駅南口"
    ],
    "weekday": [
        "6:30",
        "7:20",
        "7:50",
        "8:30",
        "9:15",
        "9:50",
        "10:30",
        "11:10",
        "11:50",
        "12:30",
        "19:10",
        "20:25"
    ],
    "saturday": [
        "6:35",
        "7:15",
        "8:10",
        "8:50",
        "9:10",
        "9:40",
        "10:20",
        "11:20",
        "11:45",
        "12:20",
        "18:50",
        "19:40"
    ],
    "holiday": [
        "7:20",
        "7:45",
        "8:25",
        "9:10",
        "9:50",
        "10:25",
        "11:10",
        "11:45",
        "12:30",
        "13:10",
        "13:50",
        "14:40",
        "15:35",
        "16:00",
        "16:20",
        "18:40",
        "19:25"
    ],
    "url": "https://www.kanachu.co.jp/dia/diagram/timetable01_js/course:0000802381-5/node:00129222/kt:0/lname:/"
}
