{
    "date": "2025/08/04",
    "name": "大山団地入口",
    "position": "-",
    "system": "相31",
    "destinations": [
        "大河原(相模原市中央区)",
        "清新小学校前",
        "さがみ夢大通り",
        "相模原駅南口"
    ],
    "weekday": [
        "6:31",
        "7:21",
        "7:51",
        "8:31",
        "9:16",
        "9:51",
        "10:31",
        "11:11",
        "11:51",
        "12:31",
        "19:11",
        "20:26"
    ],
    "saturday": [
        "6:36",
        "7:16",
        "8:11",
        "8:51",
        "9:11",
        "9:41",
        "10:21",
        "11:21",
        "11:46",
        "12:21",
        "18:51",
        "19:41"
    ],
    "holiday": [
        "7:21",
        "7:46",
        "8:26",
        "9:11",
        "9:51",
        "10:26",
        "11:11",
        "11:46",
        "12:31",
        "13:11",
        "13:51",
        "14:41",
        "15:36",
        "16:01",
        "16:21",
        "18:41",
        "19:26"
    ],
    "url": "https://www.kanachu.co.jp/dia/diagram/timetable01_js/course:0000802381-6/node:00129092/kt:0/lname:/"
}
