{
    "date": "2025/08/04",
    "name": "大河原(相模原市中央区)",
    "position": "-",
    "system": "相31",
    "destinations": [
        "清新小学校前",
        "さがみ夢大通り",
        "相模原駅南口"
    ],
    "weekday": [
        "6:33",
        "7:23",
        "7:53",
        "8:33",
        "9:18",
        "9:53",
        "10:33",
        "11:13",
        "11:53",
        "12:33",
        "19:13",
        "20:28"
    ],
    "saturday": [
        "6:38",
        "7:18",
        "8:13",
        "8:53",
        "9:13",
        "9:43",
        "10:23",
        "11:23",
        "11:48",
        "12:23",
        "18:53",
        "19:43"
    ],
    "holiday": [
        "7:23",
        "7:48",
        "8:28",
        "9:13",
        "9:53",
        "10:28",
        "11:13",
        "11:48",
        "12:33",
        "13:13",
        "13:53",
        "14:43",
        "15:38",
        "16:03",
        "16:23",
        "18:43",
        "19:28"
    ],
    "url": "https://www.kanachu.co.jp/dia/diagram/timetable01_js/course:0000802381-7/node:00129099/kt:0/lname:/"
}
