{
    "date": "2026/01/16",
    "name": "いずみ野駅",
    "position": "-",
    "system": "い10",
    "destinations": [
        "グリーンハイム前",
        "松陽高校前",
        "三家(横浜市泉区)",
        "早稲田(横浜市泉区)",
        "ひなた山第一",
        "ひなた山",
        "上飯田車庫"
    ],
    "weekday": [
        "8:25",
        "8:55",
        "9:25",
        "9:55",
        "10:25",
        "10:55",
        "11:25",
        "11:55",
        "12:25",
        "12:55",
        "13:25",
        "13:55",
        "14:25",
        "14:55",
        "15:25",
        "15:55",
        "16:25",
        "16:55",
        "17:25",
        "17:55",
        "18:25",
        "18:55",
        "19:30",
        "20:25",
        "21:25"
    ],
    "saturday": [
        "10:10",
        "10:50",
        "11:30",
        "12:10",
        "12:50",
        "13:30",
        "14:10",
        "14:50",
        "15:30",
        "16:10",
        "16:50",
        "17:30",
        "18:10",
        "19:00",
        "20:00",
        "21:00"
    ],
    "holiday": [
        "10:10",
        "10:50",
        "11:30",
        "12:10",
        "12:50",
        "13:30",
        "14:10",
        "14:50",
        "15:30",
        "16:10",
        "16:50",
        "17:30",
        "18:10",
        "19:00",
        "20:00",
        "21:00"
    ],
    "url": "https://www.kanachu.co.jp/dia/diagram/timetable01_js/course:0000804177-8/node:00126932/kt:0/lname:/"
}
