{
    "date": "2025/03/15",
    "name": "三ツ境小学校前",
    "position": "-",
    "system": "境11",
    "destinations": [
        "原中学校前",
        "向原(横浜市瀬谷区)",
        "原店(横浜市瀬谷区)",
        "阿久和山谷",
        "西村(横浜市瀬谷区)",
        "宮沢(横浜市瀬谷区)"
    ],
    "weekday": [
        "6:06",
        "6:18",
        "6:28",
        "6:53",
        "7:08",
        "7:14",
        "7:20",
        "7:26",
        "7:39",
        "7:47",
        "8:04",
        "8:12",
        "8:24",
        "8:46",
        "8:56",
        "9:21",
        "9:36",
        "10:06",
        "10:36",
        "10:51",
        "11:21",
        "11:51",
        "12:06",
        "12:36",
        "13:06",
        "13:21",
        "13:51",
        "14:21",
        "14:36",
        "15:06",
        "15:36",
        "15:51",
        "16:21",
        "16:51",
        "17:06",
        "17:36",
        "18:06",
        "18:36",
        "18:46",
        "19:06",
        "19:16",
        "19:41",
        "20:11",
        "21:01",
        "21:26",
        "21:56",
        "22:26",
        "23:09"
    ],
    "saturday": [
        "6:06",
        "6:43",
        "7:36",
        "8:06",
        "8:36",
        "8:51",
        "9:21",
        "9:51",
        "10:06",
        "10:36",
        "11:06",
        "11:21",
        "11:51",
        "12:21",
        "12:36",
        "13:06",
        "13:36",
        "13:51",
        "14:21",
        "14:51",
        "15:06",
        "15:36",
        "16:06",
        "16:21",
        "16:51",
        "17:21",
        "17:36",
        "18:06",
        "18:36",
        "18:51",
        "19:21",
        "19:51",
        "20:06",
        "20:36",
        "21:16",
        "22:01",
        "22:36",
        "23:06"
    ],
    "holiday": [
        "6:06",
        "6:43",
        "7:36",
        "8:06",
        "8:36",
        "8:51",
        "9:21",
        "9:51",
        "10:06",
        "10:36",
        "11:06",
        "11:21",
        "11:51",
        "12:21",
        "12:36",
        "13:06",
        "13:36",
        "13:51",
        "14:21",
        "14:51",
        "15:06",
        "15:36",
        "16:06",
        "16:21",
        "16:51",
        "17:21",
        "17:36",
        "18:06",
        "18:36",
        "18:51",
        "19:21",
        "19:51",
        "20:06",
        "20:36",
        "21:16",
        "22:01",
        "22:36",
        "23:06"
    ],
    "url": "https://www.kanachu.co.jp/dia/diagram/timetable01_js/course:0000803637-7/node:00126686/kt:0/lname:/"
}
