{
    "date": "2025/03/15",
    "name": "原中学校前",
    "position": "-",
    "system": "境11",
    "destinations": [
        "向原(横浜市瀬谷区)",
        "原店(横浜市瀬谷区)",
        "阿久和山谷",
        "西村(横浜市瀬谷区)",
        "宮沢(横浜市瀬谷区)"
    ],
    "weekday": [
        "6:07",
        "6:19",
        "6:29",
        "6:54",
        "7:09",
        "7:15",
        "7:21",
        "7:27",
        "7:40",
        "7:48",
        "8:05",
        "8:13",
        "8:25",
        "8:47",
        "8:57",
        "9:22",
        "9:37",
        "10:07",
        "10:37",
        "10:52",
        "11:22",
        "11:52",
        "12:07",
        "12:37",
        "13:07",
        "13:22",
        "13:52",
        "14:22",
        "14:37",
        "15:07",
        "15:37",
        "15:52",
        "16:22",
        "16:52",
        "17:07",
        "17:37",
        "18:07",
        "18:37",
        "18:47",
        "19:07",
        "19:17",
        "19:42",
        "20:12",
        "21:02",
        "21:27",
        "21:57",
        "22:27",
        "23:10"
    ],
    "saturday": [
        "6:07",
        "6:44",
        "7:37",
        "8:07",
        "8:37",
        "8:52",
        "9:22",
        "9:52",
        "10:07",
        "10:37",
        "11:07",
        "11:22",
        "11:52",
        "12:22",
        "12:37",
        "13:07",
        "13:37",
        "13:52",
        "14:22",
        "14:52",
        "15:07",
        "15:37",
        "16:07",
        "16:22",
        "16:52",
        "17:22",
        "17:37",
        "18:07",
        "18:37",
        "18:52",
        "19:22",
        "19:52",
        "20:07",
        "20:37",
        "21:17",
        "22:02",
        "22:37",
        "23:07"
    ],
    "holiday": [
        "6:07",
        "6:44",
        "7:37",
        "8:07",
        "8:37",
        "8:52",
        "9:22",
        "9:52",
        "10:07",
        "10:37",
        "11:07",
        "11:22",
        "11:52",
        "12:22",
        "12:37",
        "13:07",
        "13:37",
        "13:52",
        "14:22",
        "14:52",
        "15:07",
        "15:37",
        "16:07",
        "16:22",
        "16:52",
        "17:22",
        "17:37",
        "18:07",
        "18:37",
        "18:52",
        "19:22",
        "19:52",
        "20:07",
        "20:37",
        "21:17",
        "22:02",
        "22:37",
        "23:07"
    ],
    "url": "https://www.kanachu.co.jp/dia/diagram/timetable01_js/course:0000803637-8/node:00126948/kt:0/lname:/"
}
