{
    "system": "境11",
    "busstops": [
        {
            "index": "1",
            "id": "00126706",
            "name": "三ツ境駅",
            "lat": "35.466815",
            "lng": "139.504013"
        },
        {
            "index": "2",
            "id": "00126707",
            "name": "三ツ境駅前",
            "lat": "35.467411",
            "lng": "139.503079"
        },
        {
            "index": "3",
            "id": "00126705",
            "name": "富士見通り商店街",
            "lat": "35.467341",
            "lng": "139.500842"
        },
        {
            "index": "4",
            "id": "00126704",
            "name": "富士見台(横浜市瀬谷区)",
            "lat": "35.464548",
            "lng": "139.500385"
        },
        {
            "index": "5",
            "id": "00126703",
            "name": "住宅前(横浜市瀬谷区)",
            "lat": "35.461829",
            "lng": "139.500146"
        },
        {
            "index": "6",
            "id": "00126685",
            "name": "旭ヶ丘(横浜市瀬谷区)",
            "lat": "35.458638",
            "lng": "139.499208"
        },
        {
            "index": "7",
            "id": "00126686",
            "name": "三ツ境小学校前",
            "lat": "35.459451",
            "lng": "139.497367"
        },
        {
            "index": "8",
            "id": "00126948",
            "name": "原中学校前",
            "lat": "35.454848",
            "lng": "139.497318"
        },
        {
            "index": "9",
            "id": "00126947",
            "name": "向原(横浜市瀬谷区)",
            "lat": "35.452472",
            "lng": "139.49801"
        },
        {
            "index": "10",
            "id": "00126946",
            "name": "原店(横浜市瀬谷区)",
            "lat": "35.450739",
            "lng": "139.498573"
        },
        {
            "index": "11",
            "id": "00126699",
            "name": "阿久和山谷",
            "lat": "35.448814",
            "lng": "139.496556"
        },
        {
            "index": "12",
            "id": "00126949",
            "name": "西村(横浜市瀬谷区)",
            "lat": "35.449037",
            "lng": "139.494482"
        },
        {
            "index": "13",
            "id": "00126950",
            "name": "宮沢(横浜市瀬谷区)",
            "lat": "35.449011",
            "lng": "139.491114"
        }
    ],
    "route_url": "https://www.kanachu.co.jp/dia/route/index/cid:0000803637/"
}
