{
    "date": "2023/02/18",
    "name": "千津",
    "position": "-",
    "system": "平89",
    "destinations": [
        "伊勢原駅南口",
        "下宿(伊勢原市)",
        "下原公園前",
        "金山(伊勢原市)",
        "行政センター前(伊勢原市)",
        "伊勢原市役所北口",
        "東海大学病院"
    ],
    "weekday": [
        "9:45"
    ],
    "saturday": [],
    "holiday": [],
    "url": "https://www.kanachu.co.jp/dia/diagram/timetable01_js/course:0000800084-22/node:00128071/kt:0/lname:/"
}
