{
    "date": "2024/07/01",
    "name": "上矢部インター",
    "position": "-",
    "system": "戸16",
    "destinations": [
        "上矢部",
        "日の森",
        "下岡津",
        "岡津",
        "岡津橋",
        "まほろば",
        "下新橋",
        "新橋町(横浜市泉区)",
        "観音寺前(横浜市泉区)",
        "相模新橋",
        "大中村",
        "隼人中学・高校",
        "阿久和",
        "宮の腰(横浜市瀬谷区)",
        "谷戸阿久和",
        "上阿久和",
        "旭ヶ丘(横浜市瀬谷区)",
        "住宅前(横浜市瀬谷区)",
        "富士見台(横浜市瀬谷区)",
        "富士見通り商店街",
        "三ツ境駅"
    ],
    "weekday": [
        "7:34",
        "7:44"
    ],
    "saturday": [],
    "holiday": [],
    "url": "https://www.kanachu.co.jp/dia/diagram/timetable01_js/course:0000803545-6/node:00126669/kt:0/lname:/"
}
