{
    "date": "2025/07/12",
    "name": "諏訪神社前(横浜市戸塚区)",
    "position": "-",
    "system": "船65",
    "destinations": [
        "影取",
        "聖母の園前",
        "原宿四ツ角",
        "公文国際学園",
        "常勝寺(横浜市栄区)",
        "田谷(横浜市栄区)",
        "小蓋山",
        "宮ノ前(横浜市栄区)",
        "長尾台(横浜市栄区)",
        "坂本(鎌倉市)",
        "大船駅西口"
    ],
    "weekday": [
        "17:28",
        "18:28"
    ],
    "saturday": [],
    "holiday": [],
    "url": "https://www.kanachu.co.jp/dia/diagram/timetable01_js/course:0000801155-10/node:00126979/kt:0/lname:/"
}
