{
    "date": "2026/01/16",
    "name": "伊勢原中学校前",
    "position": "-",
    "system": "伊03",
    "destinations": [
        "下大竹",
        "馬渡(伊勢原市)",
        "矢羽根",
        "城所入口",
        "大句",
        "岡崎城址入口",
        "王御住グランド前",
        "みどりヶ丘(平塚市)",
        "宮上(平塚市)",
        "ふじみ野",
        "竹園小学校入口",
        "谷戸大竹",
        "関台",
        "団地南(伊勢原市)",
        "団地西(伊勢原市)",
        "鈴川会館前",
        "伊勢原車庫"
    ],
    "weekday": [
        "22:23"
    ],
    "saturday": [],
    "holiday": [],
    "url": "https://www.kanachu.co.jp/dia/diagram/timetable01_js/course:0000804293-3/node:00128058/kt:0/lname:/"
}
