{
    "date": "2026/01/16",
    "name": "辻山",
    "position": "-",
    "system": "01",
    "destinations": [
        "地蔵前(横浜市緑区)",
        "鴨居町",
        "中村通",
        "鴨居橋",
        "白山一丁目(横浜市緑区)",
        "緑車庫前",
        "白山ハイテクパーク",
        "石神(横浜市緑区)",
        "上山町(横浜市緑区)",
        "中山小学校南",
        "中山町",
        "西村橋",
        "中山駅"
    ],
    "weekday": [
        "6:49"
    ],
    "saturday": [
        "6:49"
    ],
    "holiday": [],
    "url": "https://www.kanachu.co.jp/dia/diagram/timetable01_js/course:0000804140-20/node:00102742/kt:0/lname:/"
}
