{
    "date": "2026/01/16",
    "name": "栗原(伊勢原市)",
    "position": "-",
    "system": "伊16",
    "destinations": [
        "東京農大伊勢原農場前",
        "栗原入口",
        "比々多神社",
        "中谷(伊勢原市)",
        "伯母様",
        "原田(伊勢原市)",
        "三の宮(伊勢原市)",
        "向原(伊勢原市)",
        "団地北(伊勢原市)",
        "伊勢原車庫",
        "鈴川会館前",
        "団地西(伊勢原市)",
        "団地南(伊勢原市)",
        "関台",
        "中央公民館前(伊勢原市)",
        "本町(伊勢原市)",
        "伊勢原駅北口"
    ],
    "weekday": [
        "7:00",
        "8:00",
        "9:10",
        "10:05",
        "15:05",
        "16:05",
        "17:05",
        "18:05"
    ],
    "saturday": [
        "7:00",
        "8:00",
        "9:00",
        "10:00",
        "17:00",
        "18:00"
    ],
    "holiday": [
        "7:00",
        "8:00",
        "9:00",
        "10:00",
        "17:00",
        "18:00"
    ],
    "url": "https://www.kanachu.co.jp/dia/diagram/timetable01_js/course:0000804077-1/node:00128170/kt:0/lname:/"
}
