{
    "date": "2026/01/16",
    "name": "原田(伊勢原市)",
    "position": "-",
    "system": "伊16",
    "destinations": [
        "三の宮(伊勢原市)",
        "向原(伊勢原市)",
        "団地北(伊勢原市)",
        "伊勢原車庫",
        "鈴川会館前",
        "団地西(伊勢原市)",
        "団地南(伊勢原市)",
        "関台",
        "中央公民館前(伊勢原市)",
        "本町(伊勢原市)",
        "伊勢原駅北口"
    ],
    "weekday": [
        "7:05",
        "8:05",
        "9:15",
        "10:10",
        "15:10",
        "16:10",
        "17:10",
        "18:10"
    ],
    "saturday": [
        "7:05",
        "8:05",
        "9:05",
        "10:05",
        "17:05",
        "18:05"
    ],
    "holiday": [
        "7:05",
        "8:05",
        "9:05",
        "10:05",
        "17:05",
        "18:05"
    ],
    "url": "https://www.kanachu.co.jp/dia/diagram/timetable01_js/course:0000804077-7/node:00128165/kt:0/lname:/"
}
