{
    "date": "2025/04/01",
    "name": "上能ヶ谷",
    "position": "-",
    "system": "町54",
    "destinations": [
        "金井入口",
        "金井(町田市)",
        "栗谷",
        "笹子",
        "八幡神社前(町田市)",
        "木倉",
        "藤の台東",
        "藤の台団地",
        "藤の台東",
        "金井小学校入口",
        "ゆうき山",
        "市立博物館前(町田市)",
        "養運寺",
        "菅原神社前(町田市)",
        "体育館前(町田市)",
        "町田郵便局前",
        "中町二丁目",
        "第四小学校前(町田市)",
        "町田市役所市民ホール前",
        "町田バスセンター"
    ],
    "weekday": [
        "6:44",
        "7:27",
        "7:58",
        "8:28",
        "9:00",
        "9:24",
        "10:00",
        "10:24",
        "11:25",
        "12:25",
        "13:25",
        "14:25",
        "15:25",
        "15:55",
        "16:24",
        "16:52",
        "17:27",
        "17:51",
        "18:27",
        "18:51",
        "19:19",
        "19:49",
        "20:19",
        "20:49",
        "21:29",
        "21:59"
    ],
    "saturday": [
        "6:34",
        "7:04",
        "7:34",
        "8:01",
        "8:25",
        "8:57",
        "9:18",
        "10:24",
        "11:25",
        "12:25",
        "13:25",
        "14:25",
        "15:25",
        "15:55",
        "16:24",
        "16:54",
        "17:24",
        "17:54",
        "18:24",
        "18:54",
        "19:35",
        "20:05",
        "20:55",
        "21:25"
    ],
    "holiday": [
        "6:29",
        "7:34",
        "8:04",
        "8:34",
        "9:03",
        "9:33",
        "10:33",
        "11:25",
        "12:25",
        "13:25",
        "14:25",
        "15:25",
        "15:54",
        "16:24",
        "16:54",
        "17:24",
        "17:54",
        "18:24",
        "18:54",
        "19:55",
        "20:55"
    ],
    "url": "https://www.kanachu.co.jp/dia/diagram/timetable01_js/course:0000803454-2/node:00129439/kt:0/lname:/"
}
