{
    "date": "2025/04/01",
    "name": "金井(町田市)",
    "position": "-",
    "system": "町54",
    "destinations": [
        "栗谷",
        "笹子",
        "八幡神社前(町田市)",
        "木倉",
        "藤の台東",
        "藤の台団地",
        "藤の台東",
        "金井小学校入口",
        "ゆうき山",
        "市立博物館前(町田市)",
        "養運寺",
        "菅原神社前(町田市)",
        "体育館前(町田市)",
        "町田郵便局前",
        "中町二丁目",
        "第四小学校前(町田市)",
        "町田市役所市民ホール前",
        "町田バスセンター"
    ],
    "weekday": [
        "6:47",
        "7:31",
        "8:02",
        "8:32",
        "9:03",
        "9:27",
        "10:03",
        "10:27",
        "11:28",
        "12:28",
        "13:28",
        "14:28",
        "15:28",
        "15:58",
        "16:27",
        "16:55",
        "17:31",
        "17:55",
        "18:31",
        "18:55",
        "19:23",
        "19:53",
        "20:23",
        "20:53",
        "21:32",
        "22:02"
    ],
    "saturday": [
        "6:37",
        "7:07",
        "7:37",
        "8:05",
        "8:29",
        "9:01",
        "9:21",
        "10:27",
        "11:29",
        "12:29",
        "13:29",
        "14:29",
        "15:29",
        "15:59",
        "16:28",
        "16:58",
        "17:27",
        "17:57",
        "18:27",
        "18:57",
        "19:38",
        "20:08",
        "20:58",
        "21:28"
    ],
    "holiday": [
        "6:32",
        "7:37",
        "8:07",
        "8:37",
        "9:06",
        "9:36",
        "10:36",
        "11:29",
        "12:29",
        "13:29",
        "14:29",
        "15:29",
        "15:58",
        "16:28",
        "16:58",
        "17:28",
        "17:58",
        "18:28",
        "18:58",
        "19:58",
        "20:58"
    ],
    "url": "https://www.kanachu.co.jp/dia/diagram/timetable01_js/course:0000803454-4/node:00129456/kt:0/lname:/"
}
