{
    "date": "2025/04/01",
    "name": "藤の台東",
    "position": "-",
    "system": "町54",
    "destinations": [
        "藤の台団地",
        "藤の台東",
        "金井小学校入口",
        "ゆうき山",
        "市立博物館前(町田市)",
        "養運寺",
        "菅原神社前(町田市)",
        "体育館前(町田市)",
        "町田郵便局前",
        "中町二丁目",
        "第四小学校前(町田市)",
        "町田市役所市民ホール前",
        "町田バスセンター"
    ],
    "weekday": [
        "6:53",
        "7:38",
        "8:09",
        "8:39",
        "9:10",
        "9:34",
        "10:10",
        "10:34",
        "11:35",
        "12:35",
        "13:35",
        "14:35",
        "15:35",
        "16:05",
        "16:34",
        "17:02",
        "17:38",
        "18:02",
        "18:38",
        "19:02",
        "19:29",
        "19:59",
        "20:29",
        "20:59",
        "21:38",
        "22:08"
    ],
    "saturday": [
        "6:43",
        "7:13",
        "7:43",
        "8:11",
        "8:35",
        "9:08",
        "9:28",
        "10:34",
        "11:36",
        "12:36",
        "13:36",
        "14:36",
        "15:36",
        "16:06",
        "16:35",
        "17:05",
        "17:34",
        "18:04",
        "18:34",
        "19:04",
        "19:45",
        "20:15",
        "21:04",
        "21:34"
    ],
    "holiday": [
        "6:38",
        "7:43",
        "8:13",
        "8:43",
        "9:13",
        "9:43",
        "10:43",
        "11:36",
        "12:36",
        "13:36",
        "14:36",
        "15:36",
        "16:05",
        "16:35",
        "17:05",
        "17:35",
        "18:05",
        "18:35",
        "19:04",
        "20:04",
        "21:04"
    ],
    "url": "https://www.kanachu.co.jp/dia/diagram/timetable01_js/course:0000803454-9/node:00129450/kt:0/lname:/"
}
