{
    "date": "2025/04/01",
    "name": "金井小学校入口",
    "position": "-",
    "system": "町54",
    "destinations": [
        "ゆうき山",
        "市立博物館前(町田市)",
        "養運寺",
        "菅原神社前(町田市)",
        "体育館前(町田市)",
        "町田郵便局前",
        "中町二丁目",
        "第四小学校前(町田市)",
        "町田市役所市民ホール前",
        "町田バスセンター"
    ],
    "weekday": [
        "7:02",
        "7:47",
        "8:18",
        "8:48",
        "9:20",
        "9:44",
        "10:20",
        "10:44",
        "11:45",
        "12:45",
        "13:45",
        "14:45",
        "15:45",
        "16:15",
        "16:44",
        "17:11",
        "17:47",
        "18:11",
        "18:47",
        "19:10",
        "19:37",
        "20:07",
        "20:37",
        "21:07",
        "21:47",
        "22:17"
    ],
    "saturday": [
        "6:52",
        "7:22",
        "7:52",
        "8:20",
        "8:44",
        "9:18",
        "9:38",
        "10:44",
        "11:45",
        "12:45",
        "13:45",
        "14:45",
        "15:45",
        "16:14",
        "16:43",
        "17:13",
        "17:43",
        "18:13",
        "18:43",
        "19:13",
        "19:53",
        "20:23",
        "21:13",
        "21:43"
    ],
    "holiday": [
        "6:47",
        "7:52",
        "8:23",
        "8:53",
        "9:23",
        "9:53",
        "10:53",
        "11:45",
        "12:45",
        "13:45",
        "14:45",
        "15:45",
        "16:14",
        "16:44",
        "17:14",
        "17:44",
        "18:14",
        "18:44",
        "19:13",
        "20:13",
        "21:13"
    ],
    "url": "https://www.kanachu.co.jp/dia/diagram/timetable01_js/course:0000803454-12/node:00129449/kt:0/lname:/"
}
