{
    "date": "2025/04/01",
    "name": "ゆうき山",
    "position": "-",
    "system": "町54",
    "destinations": [
        "市立博物館前(町田市)",
        "養運寺",
        "菅原神社前(町田市)",
        "体育館前(町田市)",
        "町田郵便局前",
        "中町二丁目",
        "第四小学校前(町田市)",
        "町田市役所市民ホール前",
        "町田バスセンター"
    ],
    "weekday": [
        "7:03",
        "7:48",
        "8:19",
        "8:49",
        "9:21",
        "9:45",
        "10:21",
        "10:45",
        "11:46",
        "12:46",
        "13:46",
        "14:46",
        "15:46",
        "16:16",
        "16:45",
        "17:12",
        "17:48",
        "18:12",
        "18:48",
        "19:11",
        "19:38",
        "20:08",
        "20:38",
        "21:08",
        "21:48",
        "22:18"
    ],
    "saturday": [
        "6:53",
        "7:23",
        "7:53",
        "8:21",
        "8:45",
        "9:19",
        "9:39",
        "10:45",
        "11:46",
        "12:46",
        "13:46",
        "14:46",
        "15:46",
        "16:15",
        "16:44",
        "17:14",
        "17:44",
        "18:14",
        "18:44",
        "19:14",
        "19:54",
        "20:24",
        "21:14",
        "21:44"
    ],
    "holiday": [
        "6:48",
        "7:53",
        "8:24",
        "8:54",
        "9:24",
        "9:54",
        "10:54",
        "11:46",
        "12:46",
        "13:46",
        "14:46",
        "15:46",
        "16:15",
        "16:45",
        "17:15",
        "17:45",
        "18:15",
        "18:45",
        "19:14",
        "20:14",
        "21:14"
    ],
    "url": "https://www.kanachu.co.jp/dia/diagram/timetable01_js/course:0000803454-13/node:00129510/kt:0/lname:/"
}
