{
    "date": "2025/04/01",
    "name": "町田郵便局前",
    "position": "-",
    "system": "町54",
    "destinations": [
        "中町二丁目",
        "第四小学校前(町田市)",
        "町田市役所市民ホール前",
        "町田バスセンター"
    ],
    "weekday": [
        "7:10",
        "7:55",
        "8:26",
        "8:56",
        "9:28",
        "9:52",
        "10:28",
        "10:52",
        "11:53",
        "12:53",
        "13:53",
        "14:53",
        "15:52",
        "16:22",
        "16:51",
        "17:19",
        "17:55",
        "18:19",
        "18:55",
        "19:17",
        "19:44",
        "20:14",
        "20:44",
        "21:14",
        "21:53",
        "22:23"
    ],
    "saturday": [
        "6:59",
        "7:29",
        "7:59",
        "8:27",
        "8:51",
        "9:26",
        "9:46",
        "10:52",
        "11:53",
        "12:53",
        "13:53",
        "14:53",
        "15:53",
        "16:21",
        "16:50",
        "17:20",
        "17:50",
        "18:20",
        "18:50",
        "19:20",
        "19:59",
        "20:29",
        "21:19",
        "21:49"
    ],
    "holiday": [
        "6:54",
        "7:59",
        "8:30",
        "9:00",
        "9:31",
        "10:01",
        "11:01",
        "11:53",
        "12:53",
        "13:53",
        "14:53",
        "15:53",
        "16:22",
        "16:52",
        "17:22",
        "17:52",
        "18:22",
        "18:52",
        "19:20",
        "20:19",
        "21:19"
    ],
    "url": "https://www.kanachu.co.jp/dia/diagram/timetable01_js/course:0000803454-18/node:00129420/kt:0/lname:/"
}
