{
    "date": "2025/04/01",
    "name": "第四小学校前(町田市)",
    "position": "-",
    "system": "町54",
    "destinations": [
        "町田市役所市民ホール前",
        "町田バスセンター"
    ],
    "weekday": [
        "7:13",
        "7:58",
        "8:29",
        "8:59",
        "9:31",
        "9:55",
        "10:31",
        "10:55",
        "11:56",
        "12:56",
        "13:56",
        "14:56",
        "15:55",
        "16:25",
        "16:54",
        "17:22",
        "17:58",
        "18:22",
        "18:58",
        "19:19",
        "19:46",
        "20:16",
        "20:46",
        "21:16",
        "21:55",
        "22:25"
    ],
    "saturday": [
        "7:01",
        "7:31",
        "8:01",
        "8:30",
        "8:54",
        "9:29",
        "9:49",
        "10:55",
        "11:56",
        "12:56",
        "13:56",
        "14:56",
        "15:56",
        "16:23",
        "16:52",
        "17:22",
        "17:52",
        "18:22",
        "18:52",
        "19:22",
        "20:01",
        "20:31",
        "21:21",
        "21:51"
    ],
    "holiday": [
        "6:56",
        "8:01",
        "8:33",
        "9:03",
        "9:34",
        "10:04",
        "11:04",
        "11:56",
        "12:56",
        "13:56",
        "14:56",
        "15:56",
        "16:25",
        "16:55",
        "17:25",
        "17:55",
        "18:25",
        "18:55",
        "19:22",
        "20:21",
        "21:21"
    ],
    "url": "https://www.kanachu.co.jp/dia/diagram/timetable01_js/course:0000803454-20/node:00129357/kt:0/lname:/"
}
