{
    "date": "2025/04/19",
    "name": "町田バスセンター",
    "position": "10番乗り場",
    "system": "町08",
    "destinations": [
        "町田市役所市民ホール前",
        "鵜野森団地入口",
        "リリエンハイム前",
        "鵜野森一丁目",
        "グリーンハイツC2前",
        "グリーンハイツC3前",
        "北ひろば前",
        "グリーンハイツF4前",
        "柏木公園前"
    ],
    "weekday": [
        "19:30",
        "20:20",
        "22:40"
    ],
    "saturday": [
        "19:20",
        "21:30"
    ],
    "holiday": [
        "19:20",
        "21:30"
    ],
    "url": "https://www.kanachu.co.jp/dia/diagram/timetable01_js/course:0000802671-1/node:00025625/kt:0/lname:/"
}
