{
    "date": "2025/04/19",
    "name": "リリエンハイム前",
    "position": "-",
    "system": "町08",
    "destinations": [
        "鵜野森一丁目",
        "グリーンハイツC2前",
        "グリーンハイツC3前",
        "北ひろば前",
        "グリーンハイツF4前",
        "柏木公園前"
    ],
    "weekday": [
        "19:35",
        "20:25",
        "22:45"
    ],
    "saturday": [
        "19:25",
        "21:35"
    ],
    "holiday": [
        "19:25",
        "21:35"
    ],
    "url": "https://www.kanachu.co.jp/dia/diagram/timetable01_js/course:0000802671-4/node:00129326/kt:0/lname:/"
}
