{
    "date": "2025/04/19",
    "name": "北ひろば前",
    "position": "-",
    "system": "町08",
    "destinations": [
        "グリーンハイツF4前",
        "柏木公園前"
    ],
    "weekday": [
        "19:37",
        "20:27",
        "22:47"
    ],
    "saturday": [
        "19:28",
        "21:38"
    ],
    "holiday": [
        "19:28",
        "21:38"
    ],
    "url": "https://www.kanachu.co.jp/dia/diagram/timetable01_js/course:0000802671-8/node:00129337/kt:0/lname:/"
}
