{
    "system": "町08",
    "busstops": [
        {
            "index": "1",
            "id": "00025625",
            "name": "町田バスセンター",
            "lat": "35.543143",
            "lng": "139.444325"
        },
        {
            "index": "2",
            "id": "00129356",
            "name": "町田市役所市民ホール前",
            "lat": "35.547227",
            "lng": "139.439002"
        },
        {
            "index": "3",
            "id": "00129374",
            "name": "鵜野森団地入口",
            "lat": "35.545882",
            "lng": "139.434425"
        },
        {
            "index": "4",
            "id": "00129326",
            "name": "リリエンハイム前",
            "lat": "35.545016",
            "lng": "139.431577"
        },
        {
            "index": "5",
            "id": "00129325",
            "name": "鵜野森一丁目",
            "lat": "35.545291",
            "lng": "139.430598"
        },
        {
            "index": "6",
            "id": "00129333",
            "name": "グリーンハイツC2前",
            "lat": "35.546539",
            "lng": "139.430158"
        },
        {
            "index": "7",
            "id": "00129336",
            "name": "グリーンハイツC3前",
            "lat": "35.547602",
            "lng": "139.428959"
        },
        {
            "index": "8",
            "id": "00129337",
            "name": "北ひろば前",
            "lat": "35.548575",
            "lng": "139.428538"
        },
        {
            "index": "9",
            "id": "00129338",
            "name": "グリーンハイツF4前",
            "lat": "35.548165",
            "lng": "139.430088"
        },
        {
            "index": "10",
            "id": "00129339",
            "name": "柏木公園前",
            "lat": "35.546135",
            "lng": "139.431228"
        }
    ],
    "route_url": "https://www.kanachu.co.jp/dia/route/index/cid:0000802671/"
}
