{
    "date": "2025/03/15",
    "name": "湘南台駅東口",
    "position": "-",
    "system": "湘12",
    "destinations": [
        "北警察署前(藤沢市)",
        "南桐原",
        "石川山田",
        "石川中村",
        "鍛冶山",
        "石川橋",
        "一ノ坪",
        "駒寄住宅北",
        "遠藤永山",
        "矢尻(藤沢市)",
        "南原(藤沢市)",
        "湘南ライフタウン"
    ],
    "weekday": [
        "8:00",
        "9:00",
        "10:20",
        "11:40",
        "13:02",
        "14:20",
        "15:40",
        "17:02",
        "18:20",
        "19:48"
    ],
    "saturday": [
        "8:02",
        "9:20",
        "10:40",
        "12:02",
        "13:20",
        "14:40",
        "16:00",
        "17:20",
        "18:48"
    ],
    "holiday": [
        "8:02",
        "9:20",
        "10:40",
        "12:02",
        "13:20",
        "14:40",
        "16:00",
        "17:20",
        "18:48"
    ],
    "url": "https://www.kanachu.co.jp/dia/diagram/timetable01_js/course:0000802919-1/node:00126881/kt:0/lname:/"
}
