{
    "date": "2025/03/15",
    "name": "石川橋",
    "position": "-",
    "system": "湘12",
    "destinations": [
        "一ノ坪",
        "駒寄住宅北",
        "遠藤永山",
        "矢尻(藤沢市)",
        "南原(藤沢市)",
        "湘南ライフタウン"
    ],
    "weekday": [
        "8:12",
        "9:11",
        "10:31",
        "11:51",
        "13:13",
        "14:31",
        "15:51",
        "17:14",
        "18:32",
        "19:59"
    ],
    "saturday": [
        "8:13",
        "9:31",
        "10:51",
        "12:13",
        "13:31",
        "14:51",
        "16:11",
        "17:31",
        "18:59"
    ],
    "holiday": [
        "8:13",
        "9:31",
        "10:51",
        "12:13",
        "13:31",
        "14:51",
        "16:11",
        "17:31",
        "18:59"
    ],
    "url": "https://www.kanachu.co.jp/dia/diagram/timetable01_js/course:0000802919-7/node:00127062/kt:0/lname:/"
}
