{
    "date": "2025/03/15",
    "name": "駒寄住宅北",
    "position": "-",
    "system": "湘12",
    "destinations": [
        "遠藤永山",
        "矢尻(藤沢市)",
        "南原(藤沢市)",
        "湘南ライフタウン"
    ],
    "weekday": [
        "8:15",
        "9:14",
        "10:34",
        "11:54",
        "13:16",
        "14:34",
        "15:54",
        "17:17",
        "18:35",
        "20:02"
    ],
    "saturday": [
        "8:16",
        "9:34",
        "10:54",
        "12:16",
        "13:34",
        "14:54",
        "16:14",
        "17:34",
        "19:02"
    ],
    "holiday": [
        "8:16",
        "9:34",
        "10:54",
        "12:16",
        "13:34",
        "14:54",
        "16:14",
        "17:34",
        "19:02"
    ],
    "url": "https://www.kanachu.co.jp/dia/diagram/timetable01_js/course:0000802919-9/node:00130501/kt:0/lname:/"
}
