{
    "date": "2025/10/20",
    "name": "大和駅西口",
    "position": "-",
    "system": "間20",
    "destinations": [
        "四ツ角(大和市)",
        "遊園地前(大和市)",
        "深見(大和市)",
        "島津入口",
        "大和小学校前",
        "一の関",
        "長堀(大和市)",
        "長堀公園前",
        "鶴間車庫"
    ],
    "weekday": [
        "20:23"
    ],
    "saturday": [
        "19:40"
    ],
    "holiday": [
        "19:40"
    ],
    "url": "https://www.kanachu.co.jp/dia/diagram/timetable01_js/course:0000803922-1/node:00129616/kt:0/lname:/"
}
