{
    "system": "茅09",
    "busstops": [
        {
            "index": "1",
            "id": "00127219",
            "name": "茅ヶ崎駅南口",
            "lat": "35.330127",
            "lng": "139.407199"
        },
        {
            "index": "2",
            "id": "00127220",
            "name": "幸町(茅ケ崎市)",
            "lat": "35.327449",
            "lng": "139.407939"
        },
        {
            "index": "3",
            "id": "00127221",
            "name": "会館前(茅ケ崎市)",
            "lat": "35.325258",
            "lng": "139.408325"
        },
        {
            "index": "4",
            "id": "00127243",
            "name": "東海岸",
            "lat": "35.322653",
            "lng": "139.408277"
        },
        {
            "index": "5",
            "id": "00127244",
            "name": "東海岸南三丁目",
            "lat": "35.320707",
            "lng": "139.408259"
        },
        {
            "index": "6",
            "id": "00127245",
            "name": "茅ヶ崎駅入口",
            "lat": "35.318726",
            "lng": "139.408806"
        },
        {
            "index": "7",
            "id": "00127246",
            "name": "ヘッドランド入口",
            "lat": "35.318254",
            "lng": "139.413944"
        },
        {
            "index": "8",
            "id": "00127247",
            "name": "第一中学校前(茅ケ崎市)",
            "lat": "35.320204",
            "lng": "139.415293"
        },
        {
            "index": "9",
            "id": "00127223",
            "name": "駐在所前(茅ケ崎市)",
            "lat": "35.32577",
            "lng": "139.414768"
        },
        {
            "index": "10",
            "id": "00127241",
            "name": "石神下(茅ケ崎市)",
            "lat": "35.32766",
            "lng": "139.41454"
        },
        {
            "index": "11",
            "id": "00127279",
            "name": "東海岸北三丁目",
            "lat": "35.329862",
            "lng": "139.414461"
        }
    ],
    "route_url": "https://www.kanachu.co.jp/dia/route/index/cid:0000803249/"
}
