{
    "date": "2024/03/16",
    "name": "稲荷森",
    "position": "-",
    "system": "港90",
    "destinations": [
        "山手学院入口",
        "本郷車庫前(横浜市栄区)",
        "紅葉橋(横浜市栄区)",
        "上之",
        "上之中央",
        "犬山南",
        "犬山",
        "矢沢(横浜市栄区)",
        "桂山公園",
        "桂台中央",
        "北桂台"
    ],
    "weekday": [
        "23:08"
    ],
    "saturday": [
        "18:48",
        "19:48",
        "21:06",
        "21:36",
        "22:06"
    ],
    "holiday": [
        "18:48",
        "19:48",
        "21:06",
        "21:36",
        "22:06"
    ],
    "url": "https://www.kanachu.co.jp/dia/diagram/timetable01_js/course:0000800675-8/node:00126512/kt:0/lname:/"
}
