{
    "date": "2025/04/19",
    "name": "大野台入口",
    "position": "-",
    "system": "大53",
    "destinations": [
        "麻溝台入口",
        "麻溝台高校",
        "北里大学病院・北里大学"
    ],
    "weekday": [
        "6:50",
        "7:00",
        "7:13",
        "7:23",
        "7:33",
        "7:38",
        "7:48",
        "8:03",
        "8:25",
        "8:48",
        "8:56",
        "9:16",
        "9:26",
        "9:39",
        "10:01"
    ],
    "saturday": [
        "6:49",
        "7:20",
        "7:30",
        "8:00",
        "8:10",
        "8:40",
        "9:25",
        "9:40",
        "9:55"
    ],
    "holiday": [
        "8:32"
    ],
    "url": "https://www.kanachu.co.jp/dia/diagram/timetable01_js/course:0000801899-9/node:00129093/kt:0/lname:/"
}
