{
    "date": "2025/04/19",
    "name": "麻溝台高校",
    "position": "-",
    "system": "大53",
    "destinations": [
        "北里大学病院・北里大学"
    ],
    "weekday": [
        "6:53",
        "7:04",
        "7:17",
        "7:27",
        "7:37",
        "7:42",
        "7:52",
        "8:07",
        "8:29",
        "8:52",
        "9:00",
        "9:20",
        "9:30",
        "9:43",
        "10:05"
    ],
    "saturday": [
        "6:52",
        "7:23",
        "7:33",
        "8:03",
        "8:13",
        "8:43",
        "9:28",
        "9:43",
        "9:58"
    ],
    "holiday": [
        "8:35"
    ],
    "url": "https://www.kanachu.co.jp/dia/diagram/timetable01_js/course:0000801899-11/node:00129064/kt:0/lname:/"
}
