{
    "date": "2025/07/12",
    "name": "市営住宅前(藤沢市)",
    "position": "-",
    "system": "藤39",
    "destinations": [
        "遠藤松原",
        "遠藤中原",
        "湘南ライフタウン",
        "小出一本松",
        "大辻(藤沢市)",
        "丸山大辻",
        "ライフタウン入口",
        "堤羽根沢",
        "湘南カントリークラブ前",
        "羽根沢",
        "大庭小学校",
        "小糸",
        "城下(藤沢市)",
        "舟地蔵",
        "大六天(藤沢市)"
    ],
    "weekday": [
        "19:40"
    ],
    "saturday": [],
    "holiday": [],
    "url": "https://www.kanachu.co.jp/dia/diagram/timetable01_js/course:0000802967-9/node:00129922/kt:0/lname:/"
}
