{
    "date": "2025/07/12",
    "name": "大辻(藤沢市)",
    "position": "-",
    "system": "藤39",
    "destinations": [
        "丸山大辻",
        "ライフタウン入口",
        "堤羽根沢",
        "湘南カントリークラブ前",
        "羽根沢",
        "大庭小学校",
        "小糸",
        "城下(藤沢市)",
        "舟地蔵",
        "大六天(藤沢市)"
    ],
    "weekday": [
        "19:46"
    ],
    "saturday": [],
    "holiday": [],
    "url": "https://www.kanachu.co.jp/dia/diagram/timetable01_js/course:0000802967-14/node:00129958/kt:0/lname:/"
}
