{
    "system": "藤39",
    "busstops": [
        {
            "index": "1",
            "id": "00129893",
            "name": "湘南台駅西口",
            "lat": "35.396218",
            "lng": "139.466297"
        },
        {
            "index": "2",
            "id": "00129896",
            "name": "円行上庭",
            "lat": "35.39503",
            "lng": "139.460587"
        },
        {
            "index": "3",
            "id": "00129895",
            "name": "北警察署前(藤沢市)",
            "lat": "35.395787",
            "lng": "139.457893"
        },
        {
            "index": "4",
            "id": "00129909",
            "name": "工業団地入口(藤沢市)",
            "lat": "35.394185",
            "lng": "139.451615"
        },
        {
            "index": "5",
            "id": "00129918",
            "name": "南大山",
            "lat": "35.3929",
            "lng": "139.446391"
        },
        {
            "index": "6",
            "id": "00129919",
            "name": "遠藤(藤沢市)",
            "lat": "35.391879",
            "lng": "139.44197"
        },
        {
            "index": "7",
            "id": "00129920",
            "name": "秋葉台小学校",
            "lat": "35.389559",
            "lng": "139.439962"
        },
        {
            "index": "8",
            "id": "00129921",
            "name": "遠藤北原",
            "lat": "35.386838",
            "lng": "139.439434"
        },
        {
            "index": "9",
            "id": "00129922",
            "name": "市営住宅前(藤沢市)",
            "lat": "35.384388",
            "lng": "139.438704"
        },
        {
            "index": "10",
            "id": "00129923",
            "name": "遠藤松原",
            "lat": "35.381553",
            "lng": "139.437709"
        },
        {
            "index": "11",
            "id": "00129924",
            "name": "遠藤中原",
            "lat": "35.378752",
            "lng": "139.43589"
        },
        {
            "index": "12",
            "id": "00129948",
            "name": "湘南ライフタウン",
            "lat": "35.375056",
            "lng": "139.43284"
        },
        {
            "index": "13",
            "id": "00129957",
            "name": "小出一本松",
            "lat": "35.372898",
            "lng": "139.42994"
        },
        {
            "index": "14",
            "id": "00129958",
            "name": "大辻(藤沢市)",
            "lat": "35.371017",
            "lng": "139.42868"
        },
        {
            "index": "15",
            "id": "00129959",
            "name": "丸山大辻",
            "lat": "35.370288",
            "lng": "139.428865"
        },
        {
            "index": "16",
            "id": "00129960",
            "name": "ライフタウン入口",
            "lat": "35.368816",
            "lng": "139.431643"
        },
        {
            "index": "17",
            "id": "00129963",
            "name": "堤羽根沢",
            "lat": "35.366866",
            "lng": "139.434262"
        },
        {
            "index": "18",
            "id": "00129962",
            "name": "湘南カントリークラブ前",
            "lat": "35.364866",
            "lng": "139.436563"
        },
        {
            "index": "19",
            "id": "00129961",
            "name": "羽根沢",
            "lat": "35.364356",
            "lng": "139.440155"
        },
        {
            "index": "20",
            "id": "00129942",
            "name": "大庭小学校",
            "lat": "35.363322",
            "lng": "139.44549"
        },
        {
            "index": "21",
            "id": "00129941",
            "name": "小糸",
            "lat": "35.360309",
            "lng": "139.445859"
        },
        {
            "index": "22",
            "id": "00129970",
            "name": "城下(藤沢市)",
            "lat": "35.3599",
            "lng": "139.449089"
        },
        {
            "index": "23",
            "id": "00127057",
            "name": "舟地蔵",
            "lat": "35.358433",
            "lng": "139.451219"
        },
        {
            "index": "24",
            "id": "00127056",
            "name": "大六天(藤沢市)",
            "lat": "35.354066",
            "lng": "139.454343"
        }
    ],
    "route_url": "https://www.kanachu.co.jp/dia/route/index/cid:0000802967/"
}
