{
    "date": "2025/04/01",
    "name": "木曽(町田市)",
    "position": "-",
    "system": "町26",
    "destinations": [
        "三家(町田市)",
        "木曽住宅",
        "滝の沢(町田市)",
        "浄水場前(町田市)",
        "市民病院前(町田市)",
        "森野三丁目",
        "第四小学校前(町田市)",
        "町田市役所市民ホール前",
        "町田バスセンター"
    ],
    "weekday": [
        "5:32",
        "5:47",
        "6:02",
        "6:19",
        "6:32",
        "6:44",
        "6:54",
        "7:04",
        "7:19",
        "7:29",
        "7:39",
        "7:49",
        "7:59",
        "8:14",
        "8:29",
        "8:47",
        "9:04",
        "9:24",
        "9:44",
        "10:09",
        "10:26",
        "10:44",
        "11:04",
        "11:16",
        "11:31",
        "11:44",
        "11:59",
        "12:14",
        "12:26",
        "12:38",
        "12:50",
        "13:02",
        "13:22",
        "13:42",
        "14:02",
        "14:14",
        "14:36",
        "14:54",
        "15:07",
        "15:19",
        "15:44",
        "15:59",
        "16:29",
        "16:59",
        "17:16",
        "17:29",
        "17:39",
        "17:54",
        "18:07",
        "18:19",
        "18:29",
        "18:39",
        "18:54",
        "19:08",
        "19:27",
        "19:42",
        "19:57",
        "20:27",
        "20:57",
        "21:57"
    ],
    "saturday": [
        "5:36",
        "6:07",
        "6:32",
        "6:52",
        "7:14",
        "7:24",
        "7:34",
        "7:44",
        "7:59",
        "8:14",
        "8:26",
        "8:38",
        "8:50",
        "9:02",
        "9:13",
        "9:35",
        "9:53",
        "10:13",
        "10:28",
        "10:49",
        "11:01",
        "11:18",
        "11:30",
        "11:46",
        "11:58",
        "12:16",
        "12:33",
        "12:55",
        "13:23",
        "13:53",
        "14:15",
        "14:35",
        "14:53",
        "15:18",
        "15:35",
        "15:48",
        "16:01",
        "16:18",
        "16:51",
        "17:25",
        "17:55",
        "18:25",
        "18:40",
        "19:01",
        "19:57",
        "20:12",
        "20:57",
        "21:12"
    ],
    "holiday": [
        "5:36",
        "6:37",
        "6:57",
        "7:19",
        "7:34",
        "7:59",
        "8:14",
        "8:44",
        "9:13",
        "9:25",
        "9:45",
        "10:00",
        "10:13",
        "10:33",
        "10:53",
        "11:18",
        "11:33",
        "11:49",
        "11:57",
        "12:15",
        "12:28",
        "12:43",
        "12:58",
        "13:13",
        "13:33",
        "13:53",
        "14:13",
        "14:35",
        "14:53",
        "15:13",
        "15:40",
        "15:56",
        "16:13",
        "16:43",
        "17:13",
        "17:53",
        "18:32",
        "19:00",
        "19:50",
        "20:12",
        "21:12"
    ],
    "url": "https://www.kanachu.co.jp/dia/diagram/timetable01_js/course:0000803182-11/node:00129364/kt:0/lname:/"
}
