{
    "date": "2025/04/01",
    "name": "木曽住宅",
    "position": "-",
    "system": "町26",
    "destinations": [
        "滝の沢(町田市)",
        "浄水場前(町田市)",
        "市民病院前(町田市)",
        "森野三丁目",
        "第四小学校前(町田市)",
        "町田市役所市民ホール前",
        "町田バスセンター"
    ],
    "weekday": [
        "5:34",
        "5:49",
        "6:04",
        "6:21",
        "6:35",
        "6:47",
        "6:57",
        "7:07",
        "7:22",
        "7:32",
        "7:42",
        "7:52",
        "8:02",
        "8:17",
        "8:32",
        "8:50",
        "9:07",
        "9:27",
        "9:47",
        "10:12",
        "10:29",
        "10:47",
        "11:07",
        "11:19",
        "11:34",
        "11:47",
        "12:02",
        "12:17",
        "12:29",
        "12:41",
        "12:53",
        "13:05",
        "13:25",
        "13:45",
        "14:05",
        "14:17",
        "14:39",
        "14:57",
        "15:10",
        "15:22",
        "15:47",
        "16:02",
        "16:32",
        "17:02",
        "17:19",
        "17:32",
        "17:42",
        "17:57",
        "18:10",
        "18:22",
        "18:32",
        "18:42",
        "18:57",
        "19:10",
        "19:29",
        "19:44",
        "19:59",
        "20:29",
        "20:59",
        "21:59"
    ],
    "saturday": [
        "5:38",
        "6:09",
        "6:34",
        "6:54",
        "7:17",
        "7:27",
        "7:37",
        "7:47",
        "8:02",
        "8:17",
        "8:29",
        "8:41",
        "8:53",
        "9:05",
        "9:16",
        "9:38",
        "9:56",
        "10:16",
        "10:31",
        "10:52",
        "11:04",
        "11:21",
        "11:33",
        "11:49",
        "12:01",
        "12:19",
        "12:36",
        "12:58",
        "13:26",
        "13:56",
        "14:18",
        "14:38",
        "14:56",
        "15:21",
        "15:38",
        "15:51",
        "16:04",
        "16:21",
        "16:54",
        "17:28",
        "17:58",
        "18:28",
        "18:43",
        "19:03",
        "19:59",
        "20:14",
        "20:59",
        "21:14"
    ],
    "holiday": [
        "5:38",
        "6:39",
        "6:59",
        "7:22",
        "7:37",
        "8:02",
        "8:17",
        "8:47",
        "9:16",
        "9:28",
        "9:48",
        "10:03",
        "10:16",
        "10:36",
        "10:56",
        "11:21",
        "11:36",
        "11:52",
        "12:00",
        "12:18",
        "12:31",
        "12:46",
        "13:01",
        "13:16",
        "13:36",
        "13:56",
        "14:16",
        "14:38",
        "14:56",
        "15:16",
        "15:43",
        "15:59",
        "16:16",
        "16:46",
        "17:16",
        "17:56",
        "18:34",
        "19:02",
        "19:52",
        "20:14",
        "21:14"
    ],
    "url": "https://www.kanachu.co.jp/dia/diagram/timetable01_js/course:0000803182-13/node:00129362/kt:0/lname:/"
}
