{
    "date": "2025/04/01",
    "name": "市民病院前(町田市)",
    "position": "-",
    "system": "町26",
    "destinations": [
        "森野三丁目",
        "第四小学校前(町田市)",
        "町田市役所市民ホール前",
        "町田バスセンター"
    ],
    "weekday": [
        "5:38",
        "5:53",
        "6:08",
        "6:25",
        "6:40",
        "6:52",
        "7:02",
        "7:12",
        "7:27",
        "7:37",
        "7:47",
        "7:57",
        "8:07",
        "8:22",
        "8:37",
        "8:55",
        "9:12",
        "9:32",
        "9:52",
        "10:17",
        "10:34",
        "10:52",
        "11:12",
        "11:24",
        "11:39",
        "11:52",
        "12:07",
        "12:22",
        "12:34",
        "12:46",
        "12:58",
        "13:10",
        "13:30",
        "13:50",
        "14:10",
        "14:22",
        "14:44",
        "15:02",
        "15:15",
        "15:27",
        "15:52",
        "16:07",
        "16:37",
        "17:07",
        "17:24",
        "17:37",
        "17:47",
        "18:02",
        "18:15",
        "18:27",
        "18:37",
        "18:47",
        "19:02",
        "19:15",
        "19:34",
        "19:49",
        "20:04",
        "20:34",
        "21:03",
        "22:02"
    ],
    "saturday": [
        "5:42",
        "6:13",
        "6:38",
        "6:58",
        "7:21",
        "7:31",
        "7:41",
        "7:51",
        "8:06",
        "8:21",
        "8:33",
        "8:45",
        "8:57",
        "9:10",
        "9:21",
        "9:43",
        "10:01",
        "10:21",
        "10:36",
        "10:57",
        "11:09",
        "11:26",
        "11:38",
        "11:54",
        "12:06",
        "12:24",
        "12:41",
        "13:03",
        "13:31",
        "14:01",
        "14:23",
        "14:43",
        "15:01",
        "15:26",
        "15:43",
        "15:56",
        "16:09",
        "16:26",
        "16:59",
        "17:33",
        "18:03",
        "18:33",
        "18:48",
        "19:08",
        "20:04",
        "20:19",
        "21:03",
        "21:17"
    ],
    "holiday": [
        "5:41",
        "6:42",
        "7:02",
        "7:26",
        "7:41",
        "8:06",
        "8:21",
        "8:51",
        "9:21",
        "9:33",
        "9:53",
        "10:08",
        "10:21",
        "10:41",
        "11:01",
        "11:26",
        "11:41",
        "11:57",
        "12:05",
        "12:23",
        "12:36",
        "12:51",
        "13:06",
        "13:21",
        "13:41",
        "14:01",
        "14:21",
        "14:43",
        "15:01",
        "15:21",
        "15:48",
        "16:04",
        "16:21",
        "16:51",
        "17:21",
        "18:01",
        "18:38",
        "19:06",
        "19:56",
        "20:17",
        "21:17"
    ],
    "url": "https://www.kanachu.co.jp/dia/diagram/timetable01_js/course:0000803182-16/node:00129359/kt:0/lname:/"
}
