{
    "date": "2024/12/16",
    "name": "鶴牧五丁目",
    "position": "-",
    "system": "多61",
    "destinations": [
        "南野三丁目",
        "落合六丁目",
        "鶴牧センター",
        "富士見通下",
        "鶴牧三丁目",
        "鶴牧西公園入口",
        "多摩郵便局",
        "多摩センター駅"
    ],
    "weekday": [
        "5:40",
        "6:05",
        "6:30",
        "6:55",
        "7:05",
        "7:15",
        "7:30",
        "7:45",
        "8:00",
        "8:15",
        "8:30",
        "8:45",
        "9:00",
        "9:16",
        "9:31",
        "9:46",
        "10:01",
        "10:16",
        "10:31",
        "10:46",
        "11:01",
        "11:16",
        "11:31",
        "11:46",
        "12:01",
        "12:16",
        "12:31",
        "12:46",
        "13:01",
        "13:16",
        "13:31",
        "13:46",
        "14:01",
        "14:16",
        "14:31",
        "14:46",
        "15:01",
        "15:16",
        "15:31",
        "15:46",
        "16:01",
        "16:16",
        "16:31",
        "16:46",
        "17:01",
        "17:16",
        "17:31",
        "17:46",
        "18:01",
        "18:16",
        "18:31",
        "18:46",
        "19:01",
        "19:16",
        "19:31",
        "19:46",
        "20:01",
        "20:16",
        "20:31",
        "20:46",
        "21:01",
        "21:21",
        "21:51",
        "22:20"
    ],
    "saturday": [
        "6:53",
        "7:17",
        "7:41",
        "8:05",
        "8:25",
        "8:45",
        "9:05",
        "9:25",
        "9:45",
        "10:05",
        "10:20",
        "10:35",
        "10:50",
        "11:05",
        "11:20",
        "11:35",
        "11:50",
        "12:05",
        "12:20",
        "12:35",
        "12:50",
        "13:05",
        "13:20",
        "13:35",
        "13:50",
        "14:05",
        "14:20",
        "14:35",
        "14:50",
        "15:05",
        "15:20",
        "15:35",
        "15:50",
        "16:05",
        "16:20",
        "16:35",
        "16:50",
        "17:05",
        "17:20",
        "17:35",
        "17:50",
        "18:05",
        "18:20",
        "18:35",
        "18:50",
        "19:05",
        "19:20",
        "19:35",
        "19:50",
        "20:05",
        "20:35",
        "21:05",
        "21:35"
    ],
    "holiday": [
        "6:53",
        "7:17",
        "7:41",
        "8:05",
        "8:25",
        "8:45",
        "9:05",
        "9:25",
        "9:45",
        "10:05",
        "10:20",
        "10:35",
        "10:50",
        "11:05",
        "11:20",
        "11:35",
        "11:50",
        "12:05",
        "12:20",
        "12:35",
        "12:50",
        "13:05",
        "13:20",
        "13:35",
        "13:50",
        "14:05",
        "14:20",
        "14:35",
        "14:50",
        "15:05",
        "15:20",
        "15:35",
        "15:50",
        "16:05",
        "16:20",
        "16:35",
        "16:50",
        "17:05",
        "17:20",
        "17:35",
        "17:50",
        "18:05",
        "18:20",
        "18:35",
        "18:50",
        "19:05",
        "19:20",
        "19:35",
        "19:50",
        "20:05",
        "20:35",
        "21:05",
        "21:35"
    ],
    "url": "https://www.kanachu.co.jp/dia/diagram/timetable01_js/course:0000803301-7/node:00020943/kt:0/lname:/"
}
