{
    "date": "2024/12/16",
    "name": "落合六丁目",
    "position": "-",
    "system": "多61",
    "destinations": [
        "鶴牧センター",
        "富士見通下",
        "鶴牧三丁目",
        "鶴牧西公園入口",
        "多摩郵便局",
        "多摩センター駅"
    ],
    "weekday": [
        "5:44",
        "6:09",
        "6:34",
        "6:59",
        "7:09",
        "7:19",
        "7:34",
        "7:49",
        "8:04",
        "8:19",
        "8:34",
        "8:49",
        "9:04",
        "9:19",
        "9:34",
        "9:49",
        "10:04",
        "10:19",
        "10:34",
        "10:49",
        "11:04",
        "11:19",
        "11:34",
        "11:49",
        "12:04",
        "12:19",
        "12:34",
        "12:49",
        "13:04",
        "13:19",
        "13:34",
        "13:49",
        "14:04",
        "14:19",
        "14:34",
        "14:49",
        "15:04",
        "15:19",
        "15:34",
        "15:49",
        "16:04",
        "16:19",
        "16:34",
        "16:49",
        "17:04",
        "17:19",
        "17:34",
        "17:49",
        "18:04",
        "18:19",
        "18:34",
        "18:49",
        "19:04",
        "19:19",
        "19:34",
        "19:49",
        "20:04",
        "20:19",
        "20:34",
        "20:49",
        "21:04",
        "21:24",
        "21:53",
        "22:22"
    ],
    "saturday": [
        "6:55",
        "7:19",
        "7:43",
        "8:07",
        "8:27",
        "8:47",
        "9:08",
        "9:28",
        "9:48",
        "10:08",
        "10:23",
        "10:38",
        "10:53",
        "11:08",
        "11:23",
        "11:38",
        "11:53",
        "12:08",
        "12:23",
        "12:38",
        "12:53",
        "13:08",
        "13:23",
        "13:38",
        "13:53",
        "14:08",
        "14:23",
        "14:38",
        "14:53",
        "15:08",
        "15:23",
        "15:38",
        "15:53",
        "16:08",
        "16:23",
        "16:38",
        "16:53",
        "17:08",
        "17:23",
        "17:38",
        "17:53",
        "18:08",
        "18:23",
        "18:38",
        "18:53",
        "19:08",
        "19:23",
        "19:38",
        "19:53",
        "20:08",
        "20:38",
        "21:08",
        "21:37"
    ],
    "holiday": [
        "6:55",
        "7:19",
        "7:43",
        "8:07",
        "8:27",
        "8:47",
        "9:08",
        "9:28",
        "9:48",
        "10:08",
        "10:23",
        "10:38",
        "10:53",
        "11:08",
        "11:23",
        "11:38",
        "11:53",
        "12:08",
        "12:23",
        "12:38",
        "12:53",
        "13:08",
        "13:23",
        "13:38",
        "13:53",
        "14:08",
        "14:23",
        "14:38",
        "14:53",
        "15:08",
        "15:23",
        "15:38",
        "15:53",
        "16:08",
        "16:23",
        "16:38",
        "16:53",
        "17:08",
        "17:23",
        "17:38",
        "17:53",
        "18:08",
        "18:23",
        "18:38",
        "18:53",
        "19:08",
        "19:23",
        "19:38",
        "19:53",
        "20:08",
        "20:38",
        "21:08",
        "21:37"
    ],
    "url": "https://www.kanachu.co.jp/dia/diagram/timetable01_js/course:0000803301-9/node:00021382/kt:0/lname:/"
}
