{
    "date": "2024/12/16",
    "name": "鶴牧センター",
    "position": "-",
    "system": "多61",
    "destinations": [
        "富士見通下",
        "鶴牧三丁目",
        "鶴牧西公園入口",
        "多摩郵便局",
        "多摩センター駅"
    ],
    "weekday": [
        "5:45",
        "6:10",
        "6:35",
        "7:00",
        "7:10",
        "7:20",
        "7:35",
        "7:50",
        "8:05",
        "8:20",
        "8:35",
        "8:50",
        "9:05",
        "9:21",
        "9:36",
        "9:51",
        "10:06",
        "10:21",
        "10:36",
        "10:51",
        "11:06",
        "11:21",
        "11:36",
        "11:51",
        "12:06",
        "12:21",
        "12:36",
        "12:51",
        "13:06",
        "13:21",
        "13:36",
        "13:51",
        "14:06",
        "14:21",
        "14:36",
        "14:51",
        "15:06",
        "15:21",
        "15:36",
        "15:51",
        "16:06",
        "16:21",
        "16:36",
        "16:51",
        "17:06",
        "17:21",
        "17:36",
        "17:51",
        "18:06",
        "18:21",
        "18:36",
        "18:51",
        "19:06",
        "19:21",
        "19:36",
        "19:51",
        "20:06",
        "20:21",
        "20:36",
        "20:51",
        "21:06",
        "21:26",
        "21:54",
        "22:23"
    ],
    "saturday": [
        "6:57",
        "7:21",
        "7:45",
        "8:09",
        "8:29",
        "8:49",
        "9:09",
        "9:29",
        "9:49",
        "10:09",
        "10:24",
        "10:39",
        "10:54",
        "11:09",
        "11:24",
        "11:39",
        "11:54",
        "12:09",
        "12:24",
        "12:39",
        "12:54",
        "13:09",
        "13:24",
        "13:39",
        "13:54",
        "14:09",
        "14:24",
        "14:39",
        "14:54",
        "15:09",
        "15:24",
        "15:39",
        "15:54",
        "16:09",
        "16:24",
        "16:39",
        "16:54",
        "17:09",
        "17:24",
        "17:39",
        "17:54",
        "18:09",
        "18:24",
        "18:39",
        "18:54",
        "19:09",
        "19:24",
        "19:39",
        "19:54",
        "20:09",
        "20:39",
        "21:09",
        "21:38"
    ],
    "holiday": [
        "6:57",
        "7:21",
        "7:45",
        "8:09",
        "8:29",
        "8:49",
        "9:09",
        "9:29",
        "9:49",
        "10:09",
        "10:24",
        "10:39",
        "10:54",
        "11:09",
        "11:24",
        "11:39",
        "11:54",
        "12:09",
        "12:24",
        "12:39",
        "12:54",
        "13:09",
        "13:24",
        "13:39",
        "13:54",
        "14:09",
        "14:24",
        "14:39",
        "14:54",
        "15:09",
        "15:24",
        "15:39",
        "15:54",
        "16:09",
        "16:24",
        "16:39",
        "16:54",
        "17:09",
        "17:24",
        "17:39",
        "17:54",
        "18:09",
        "18:24",
        "18:39",
        "18:54",
        "19:09",
        "19:24",
        "19:39",
        "19:54",
        "20:09",
        "20:39",
        "21:09",
        "21:38"
    ],
    "url": "https://www.kanachu.co.jp/dia/diagram/timetable01_js/course:0000803301-10/node:00020941/kt:0/lname:/"
}
