{
    "date": "2024/12/16",
    "name": "富士見通下",
    "position": "-",
    "system": "多61",
    "destinations": [
        "鶴牧三丁目",
        "鶴牧西公園入口",
        "多摩郵便局",
        "多摩センター駅"
    ],
    "weekday": [
        "5:45",
        "6:10",
        "6:35",
        "7:00",
        "7:11",
        "7:21",
        "7:36",
        "7:51",
        "8:06",
        "8:21",
        "8:36",
        "8:51",
        "9:06",
        "9:22",
        "9:37",
        "9:52",
        "10:07",
        "10:22",
        "10:37",
        "10:52",
        "11:07",
        "11:22",
        "11:37",
        "11:52",
        "12:07",
        "12:22",
        "12:37",
        "12:52",
        "13:07",
        "13:22",
        "13:37",
        "13:52",
        "14:07",
        "14:22",
        "14:37",
        "14:52",
        "15:07",
        "15:22",
        "15:37",
        "15:52",
        "16:07",
        "16:22",
        "16:37",
        "16:52",
        "17:07",
        "17:22",
        "17:37",
        "17:52",
        "18:07",
        "18:22",
        "18:37",
        "18:52",
        "19:07",
        "19:22",
        "19:37",
        "19:52",
        "20:07",
        "20:22",
        "20:37",
        "20:52",
        "21:07",
        "21:27",
        "21:55",
        "22:24"
    ],
    "saturday": [
        "6:58",
        "7:22",
        "7:46",
        "8:10",
        "8:30",
        "8:50",
        "9:10",
        "9:30",
        "9:50",
        "10:10",
        "10:25",
        "10:40",
        "10:55",
        "11:10",
        "11:25",
        "11:40",
        "11:55",
        "12:10",
        "12:25",
        "12:40",
        "12:55",
        "13:10",
        "13:25",
        "13:40",
        "13:55",
        "14:10",
        "14:25",
        "14:40",
        "14:55",
        "15:10",
        "15:25",
        "15:40",
        "15:55",
        "16:10",
        "16:25",
        "16:40",
        "16:55",
        "17:10",
        "17:25",
        "17:40",
        "17:55",
        "18:10",
        "18:25",
        "18:40",
        "18:55",
        "19:10",
        "19:25",
        "19:40",
        "19:55",
        "20:10",
        "20:40",
        "21:10",
        "21:39"
    ],
    "holiday": [
        "6:58",
        "7:22",
        "7:46",
        "8:10",
        "8:30",
        "8:50",
        "9:10",
        "9:30",
        "9:50",
        "10:10",
        "10:25",
        "10:40",
        "10:55",
        "11:10",
        "11:25",
        "11:40",
        "11:55",
        "12:10",
        "12:25",
        "12:40",
        "12:55",
        "13:10",
        "13:25",
        "13:40",
        "13:55",
        "14:10",
        "14:25",
        "14:40",
        "14:55",
        "15:10",
        "15:25",
        "15:40",
        "15:55",
        "16:10",
        "16:25",
        "16:40",
        "16:55",
        "17:10",
        "17:25",
        "17:40",
        "17:55",
        "18:10",
        "18:25",
        "18:40",
        "18:55",
        "19:10",
        "19:25",
        "19:40",
        "19:55",
        "20:10",
        "20:40",
        "21:10",
        "21:39"
    ],
    "url": "https://www.kanachu.co.jp/dia/diagram/timetable01_js/course:0000803301-11/node:00021197/kt:0/lname:/"
}
