{
    "date": "2024/12/16",
    "name": "鶴牧三丁目",
    "position": "-",
    "system": "多61",
    "destinations": [
        "鶴牧西公園入口",
        "多摩郵便局",
        "多摩センター駅"
    ],
    "weekday": [
        "5:46",
        "6:11",
        "6:36",
        "7:01",
        "7:12",
        "7:22",
        "7:37",
        "7:52",
        "8:07",
        "8:22",
        "8:37",
        "8:52",
        "9:07",
        "9:23",
        "9:38",
        "9:53",
        "10:08",
        "10:23",
        "10:38",
        "10:53",
        "11:08",
        "11:23",
        "11:38",
        "11:53",
        "12:08",
        "12:23",
        "12:38",
        "12:53",
        "13:08",
        "13:23",
        "13:38",
        "13:53",
        "14:08",
        "14:23",
        "14:38",
        "14:53",
        "15:08",
        "15:23",
        "15:38",
        "15:53",
        "16:08",
        "16:23",
        "16:38",
        "16:53",
        "17:08",
        "17:23",
        "17:38",
        "17:53",
        "18:08",
        "18:23",
        "18:38",
        "18:53",
        "19:08",
        "19:23",
        "19:38",
        "19:53",
        "20:08",
        "20:23",
        "20:38",
        "20:53",
        "21:08",
        "21:28",
        "21:56",
        "22:25"
    ],
    "saturday": [
        "6:59",
        "7:23",
        "7:47",
        "8:11",
        "8:31",
        "8:51",
        "9:11",
        "9:31",
        "9:51",
        "10:11",
        "10:26",
        "10:41",
        "10:56",
        "11:11",
        "11:26",
        "11:41",
        "11:56",
        "12:11",
        "12:26",
        "12:41",
        "12:56",
        "13:11",
        "13:26",
        "13:41",
        "13:56",
        "14:11",
        "14:26",
        "14:41",
        "14:56",
        "15:11",
        "15:26",
        "15:41",
        "15:56",
        "16:11",
        "16:26",
        "16:41",
        "16:56",
        "17:11",
        "17:26",
        "17:41",
        "17:56",
        "18:11",
        "18:26",
        "18:41",
        "18:56",
        "19:11",
        "19:26",
        "19:41",
        "19:56",
        "20:11",
        "20:41",
        "21:11",
        "21:40"
    ],
    "holiday": [
        "6:59",
        "7:23",
        "7:47",
        "8:11",
        "8:31",
        "8:51",
        "9:11",
        "9:31",
        "9:51",
        "10:11",
        "10:26",
        "10:41",
        "10:56",
        "11:11",
        "11:26",
        "11:41",
        "11:56",
        "12:11",
        "12:26",
        "12:41",
        "12:56",
        "13:11",
        "13:26",
        "13:41",
        "13:56",
        "14:11",
        "14:26",
        "14:41",
        "14:56",
        "15:11",
        "15:26",
        "15:41",
        "15:56",
        "16:11",
        "16:26",
        "16:41",
        "16:56",
        "17:11",
        "17:26",
        "17:41",
        "17:56",
        "18:11",
        "18:26",
        "18:41",
        "18:56",
        "19:11",
        "19:26",
        "19:41",
        "19:56",
        "20:11",
        "20:41",
        "21:11",
        "21:40"
    ],
    "url": "https://www.kanachu.co.jp/dia/diagram/timetable01_js/course:0000803301-12/node:00020944/kt:0/lname:/"
}
