{
    "date": "2025/05/11",
    "name": "上之",
    "position": "-",
    "system": "船11",
    "destinations": [
        "上之中央",
        "犬山南",
        "犬山",
        "矢沢(横浜市栄区)",
        "桂山公園",
        "桂台中央",
        "北桂台",
        "本郷小学校前",
        "南河内(横浜市栄区)",
        "天神橋(横浜市栄区)",
        "栄警察署前",
        "公田",
        "鎌倉女子大前",
        "平島(鎌倉市)",
        "笠間十字路",
        "笠間町",
        "岩井口",
        "大船駅(横浜市栄区)"
    ],
    "weekday": [
        "5:42",
        "6:02",
        "6:13",
        "6:22",
        "6:32",
        "6:43",
        "6:54",
        "7:02",
        "7:11",
        "7:20",
        "7:30",
        "7:42",
        "7:55",
        "8:07",
        "8:17",
        "8:30",
        "8:45",
        "9:00",
        "9:15",
        "9:25",
        "9:40",
        "9:55",
        "10:10",
        "10:25",
        "10:45",
        "10:55",
        "11:10",
        "11:25",
        "11:40",
        "11:55",
        "12:15",
        "12:30",
        "12:45",
        "12:55",
        "13:15",
        "13:30",
        "13:45",
        "14:00",
        "14:15",
        "14:30",
        "14:45",
        "15:00",
        "15:15",
        "15:32",
        "15:45",
        "16:00",
        "16:15",
        "16:25",
        "16:40",
        "17:00",
        "17:15",
        "17:25",
        "17:40",
        "18:00",
        "18:15",
        "18:30",
        "18:45",
        "19:00",
        "19:20",
        "19:50",
        "20:30",
        "21:27"
    ],
    "saturday": [
        "6:00",
        "6:20",
        "6:40",
        "7:00",
        "7:15",
        "7:30",
        "7:42",
        "7:53",
        "8:05",
        "8:18",
        "8:30",
        "8:45",
        "9:00",
        "9:20",
        "9:40",
        "10:00",
        "10:20",
        "10:40",
        "11:00",
        "11:20",
        "11:40",
        "12:00",
        "12:20",
        "12:35",
        "13:00",
        "13:20",
        "13:40",
        "14:00",
        "14:20",
        "14:40",
        "15:00",
        "15:15",
        "15:30",
        "15:45",
        "16:10",
        "16:35",
        "17:05",
        "17:35",
        "18:10",
        "18:40",
        "19:10",
        "19:50",
        "20:30"
    ],
    "holiday": [
        "6:00",
        "6:20",
        "6:40",
        "7:00",
        "7:15",
        "7:30",
        "7:42",
        "7:53",
        "8:05",
        "8:18",
        "8:30",
        "8:45",
        "9:00",
        "9:20",
        "9:40",
        "10:00",
        "10:20",
        "10:40",
        "11:00",
        "11:20",
        "11:40",
        "12:00",
        "12:20",
        "12:35",
        "13:00",
        "13:20",
        "13:40",
        "14:00",
        "14:20",
        "14:40",
        "15:00",
        "15:15",
        "15:30",
        "15:45",
        "16:10",
        "16:35",
        "17:05",
        "17:35",
        "18:10",
        "18:40",
        "19:10",
        "19:50",
        "20:30"
    ],
    "url": "https://www.kanachu.co.jp/dia/diagram/timetable01_js/course:0000802931-1/node:00126531/kt:0/lname:/"
}
