{
    "date": "2025/05/11",
    "name": "上之中央",
    "position": "-",
    "system": "船11",
    "destinations": [
        "犬山南",
        "犬山",
        "矢沢(横浜市栄区)",
        "桂山公園",
        "桂台中央",
        "北桂台",
        "本郷小学校前",
        "南河内(横浜市栄区)",
        "天神橋(横浜市栄区)",
        "栄警察署前",
        "公田",
        "鎌倉女子大前",
        "平島(鎌倉市)",
        "笠間十字路",
        "笠間町",
        "岩井口",
        "大船駅(横浜市栄区)"
    ],
    "weekday": [
        "5:43",
        "6:03",
        "6:14",
        "6:23",
        "6:33",
        "6:44",
        "6:55",
        "7:03",
        "7:12",
        "7:21",
        "7:31",
        "7:43",
        "7:56",
        "8:08",
        "8:18",
        "8:31",
        "8:46",
        "9:01",
        "9:16",
        "9:26",
        "9:41",
        "9:56",
        "10:11",
        "10:26",
        "10:46",
        "10:56",
        "11:11",
        "11:26",
        "11:41",
        "11:56",
        "12:16",
        "12:31",
        "12:46",
        "12:56",
        "13:16",
        "13:31",
        "13:46",
        "14:01",
        "14:16",
        "14:31",
        "14:46",
        "15:01",
        "15:16",
        "15:33",
        "15:46",
        "16:01",
        "16:16",
        "16:26",
        "16:41",
        "17:01",
        "17:16",
        "17:26",
        "17:41",
        "18:01",
        "18:16",
        "18:31",
        "18:46",
        "19:01",
        "19:21",
        "19:51",
        "20:31",
        "21:28"
    ],
    "saturday": [
        "6:01",
        "6:21",
        "6:41",
        "7:01",
        "7:16",
        "7:31",
        "7:43",
        "7:54",
        "8:06",
        "8:19",
        "8:31",
        "8:46",
        "9:01",
        "9:21",
        "9:41",
        "10:01",
        "10:21",
        "10:41",
        "11:01",
        "11:21",
        "11:41",
        "12:01",
        "12:21",
        "12:36",
        "13:01",
        "13:21",
        "13:41",
        "14:01",
        "14:21",
        "14:41",
        "15:01",
        "15:16",
        "15:31",
        "15:46",
        "16:11",
        "16:36",
        "17:06",
        "17:36",
        "18:11",
        "18:41",
        "19:11",
        "19:51",
        "20:31"
    ],
    "holiday": [
        "6:01",
        "6:21",
        "6:41",
        "7:01",
        "7:16",
        "7:31",
        "7:43",
        "7:54",
        "8:06",
        "8:19",
        "8:31",
        "8:46",
        "9:01",
        "9:21",
        "9:41",
        "10:01",
        "10:21",
        "10:41",
        "11:01",
        "11:21",
        "11:41",
        "12:01",
        "12:21",
        "12:36",
        "13:01",
        "13:21",
        "13:41",
        "14:01",
        "14:21",
        "14:41",
        "15:01",
        "15:16",
        "15:31",
        "15:46",
        "16:11",
        "16:36",
        "17:06",
        "17:36",
        "18:11",
        "18:41",
        "19:11",
        "19:51",
        "20:31"
    ],
    "url": "https://www.kanachu.co.jp/dia/diagram/timetable01_js/course:0000802931-2/node:00126532/kt:0/lname:/"
}
