{
    "date": "2025/05/11",
    "name": "犬山",
    "position": "-",
    "system": "船11",
    "destinations": [
        "矢沢(横浜市栄区)",
        "桂山公園",
        "桂台中央",
        "北桂台",
        "本郷小学校前",
        "南河内(横浜市栄区)",
        "天神橋(横浜市栄区)",
        "栄警察署前",
        "公田",
        "鎌倉女子大前",
        "平島(鎌倉市)",
        "笠間十字路",
        "笠間町",
        "岩井口",
        "大船駅(横浜市栄区)"
    ],
    "weekday": [
        "5:45",
        "6:05",
        "6:16",
        "6:25",
        "6:35",
        "6:46",
        "6:57",
        "7:05",
        "7:14",
        "7:23",
        "7:33",
        "7:45",
        "7:58",
        "8:10",
        "8:20",
        "8:33",
        "8:48",
        "9:03",
        "9:18",
        "9:28",
        "9:43",
        "9:58",
        "10:13",
        "10:28",
        "10:48",
        "10:58",
        "11:13",
        "11:28",
        "11:43",
        "11:58",
        "12:18",
        "12:33",
        "12:48",
        "12:58",
        "13:18",
        "13:33",
        "13:48",
        "14:03",
        "14:18",
        "14:33",
        "14:48",
        "15:03",
        "15:18",
        "15:35",
        "15:48",
        "16:03",
        "16:18",
        "16:28",
        "16:43",
        "17:03",
        "17:18",
        "17:28",
        "17:43",
        "18:03",
        "18:18",
        "18:33",
        "18:48",
        "19:03",
        "19:23",
        "19:53",
        "20:33",
        "21:30"
    ],
    "saturday": [
        "6:03",
        "6:23",
        "6:43",
        "7:03",
        "7:18",
        "7:33",
        "7:45",
        "7:56",
        "8:08",
        "8:21",
        "8:33",
        "8:48",
        "9:03",
        "9:23",
        "9:43",
        "10:03",
        "10:23",
        "10:43",
        "11:03",
        "11:23",
        "11:43",
        "12:03",
        "12:23",
        "12:38",
        "13:03",
        "13:23",
        "13:43",
        "14:03",
        "14:23",
        "14:43",
        "15:03",
        "15:18",
        "15:33",
        "15:48",
        "16:13",
        "16:38",
        "17:08",
        "17:38",
        "18:13",
        "18:43",
        "19:13",
        "19:53",
        "20:33"
    ],
    "holiday": [
        "6:03",
        "6:23",
        "6:43",
        "7:03",
        "7:18",
        "7:33",
        "7:45",
        "7:56",
        "8:08",
        "8:21",
        "8:33",
        "8:48",
        "9:03",
        "9:23",
        "9:43",
        "10:03",
        "10:23",
        "10:43",
        "11:03",
        "11:23",
        "11:43",
        "12:03",
        "12:23",
        "12:38",
        "13:03",
        "13:23",
        "13:43",
        "14:03",
        "14:23",
        "14:43",
        "15:03",
        "15:18",
        "15:33",
        "15:48",
        "16:13",
        "16:38",
        "17:08",
        "17:38",
        "18:13",
        "18:43",
        "19:13",
        "19:53",
        "20:33"
    ],
    "url": "https://www.kanachu.co.jp/dia/diagram/timetable01_js/course:0000802931-4/node:00126534/kt:0/lname:/"
}
