{
    "date": "2025/05/11",
    "name": "北桂台",
    "position": "-",
    "system": "船11",
    "destinations": [
        "本郷小学校前",
        "南河内(横浜市栄区)",
        "天神橋(横浜市栄区)",
        "栄警察署前",
        "公田",
        "鎌倉女子大前",
        "平島(鎌倉市)",
        "笠間十字路",
        "笠間町",
        "岩井口",
        "大船駅(横浜市栄区)"
    ],
    "weekday": [
        "5:50",
        "6:10",
        "6:21",
        "6:30",
        "6:40",
        "6:51",
        "7:02",
        "7:11",
        "7:20",
        "7:29",
        "7:39",
        "7:51",
        "8:04",
        "8:16",
        "8:26",
        "8:39",
        "8:54",
        "9:09",
        "9:24",
        "9:34",
        "9:49",
        "10:04",
        "10:19",
        "10:34",
        "10:54",
        "11:04",
        "11:19",
        "11:34",
        "11:49",
        "12:04",
        "12:24",
        "12:39",
        "12:54",
        "13:04",
        "13:24",
        "13:39",
        "13:54",
        "14:09",
        "14:24",
        "14:39",
        "14:54",
        "15:09",
        "15:24",
        "15:40",
        "15:53",
        "16:08",
        "16:23",
        "16:33",
        "16:48",
        "17:08",
        "17:23",
        "17:33",
        "17:48",
        "18:08",
        "18:23",
        "18:38",
        "18:53",
        "19:08",
        "19:28",
        "19:58",
        "20:38",
        "21:35"
    ],
    "saturday": [
        "6:08",
        "6:28",
        "6:48",
        "7:08",
        "7:23",
        "7:38",
        "7:50",
        "8:01",
        "8:13",
        "8:26",
        "8:38",
        "8:53",
        "9:09",
        "9:29",
        "9:49",
        "10:09",
        "10:29",
        "10:49",
        "11:09",
        "11:29",
        "11:49",
        "12:09",
        "12:29",
        "12:44",
        "13:09",
        "13:29",
        "13:49",
        "14:09",
        "14:29",
        "14:49",
        "15:08",
        "15:23",
        "15:38",
        "15:53",
        "16:18",
        "16:43",
        "17:13",
        "17:43",
        "18:18",
        "18:48",
        "19:18",
        "19:58",
        "20:38"
    ],
    "holiday": [
        "6:08",
        "6:28",
        "6:48",
        "7:08",
        "7:23",
        "7:38",
        "7:50",
        "8:01",
        "8:13",
        "8:26",
        "8:38",
        "8:53",
        "9:09",
        "9:29",
        "9:49",
        "10:09",
        "10:29",
        "10:49",
        "11:09",
        "11:29",
        "11:49",
        "12:09",
        "12:29",
        "12:44",
        "13:09",
        "13:29",
        "13:49",
        "14:09",
        "14:29",
        "14:49",
        "15:08",
        "15:23",
        "15:38",
        "15:53",
        "16:18",
        "16:43",
        "17:13",
        "17:43",
        "18:18",
        "18:48",
        "19:18",
        "19:58",
        "20:38"
    ],
    "url": "https://www.kanachu.co.jp/dia/diagram/timetable01_js/course:0000802931-8/node:00126538/kt:0/lname:/"
}
