{
    "date": "2025/05/11",
    "name": "南河内(横浜市栄区)",
    "position": "-",
    "system": "船11",
    "destinations": [
        "天神橋(横浜市栄区)",
        "栄警察署前",
        "公田",
        "鎌倉女子大前",
        "平島(鎌倉市)",
        "笠間十字路",
        "笠間町",
        "岩井口",
        "大船駅(横浜市栄区)"
    ],
    "weekday": [
        "5:53",
        "6:13",
        "6:24",
        "6:33",
        "6:43",
        "6:54",
        "7:05",
        "7:14",
        "7:23",
        "7:32",
        "7:42",
        "7:54",
        "8:07",
        "8:19",
        "8:29",
        "8:42",
        "8:57",
        "9:12",
        "9:27",
        "9:37",
        "9:52",
        "10:07",
        "10:22",
        "10:37",
        "10:57",
        "11:07",
        "11:22",
        "11:37",
        "11:52",
        "12:07",
        "12:27",
        "12:42",
        "12:57",
        "13:07",
        "13:27",
        "13:42",
        "13:57",
        "14:12",
        "14:27",
        "14:42",
        "14:57",
        "15:12",
        "15:27",
        "15:43",
        "15:56",
        "16:11",
        "16:26",
        "16:36",
        "16:51",
        "17:11",
        "17:26",
        "17:36",
        "17:51",
        "18:11",
        "18:26",
        "18:41",
        "18:56",
        "19:11",
        "19:31",
        "20:01",
        "20:41",
        "21:38"
    ],
    "saturday": [
        "6:11",
        "6:31",
        "6:51",
        "7:11",
        "7:26",
        "7:41",
        "7:53",
        "8:04",
        "8:16",
        "8:29",
        "8:41",
        "8:56",
        "9:12",
        "9:32",
        "9:52",
        "10:12",
        "10:32",
        "10:52",
        "11:12",
        "11:32",
        "11:52",
        "12:12",
        "12:32",
        "12:47",
        "13:12",
        "13:32",
        "13:52",
        "14:12",
        "14:32",
        "14:52",
        "15:11",
        "15:26",
        "15:41",
        "15:56",
        "16:21",
        "16:46",
        "17:16",
        "17:46",
        "18:21",
        "18:51",
        "19:21",
        "20:01",
        "20:41"
    ],
    "holiday": [
        "6:11",
        "6:31",
        "6:51",
        "7:11",
        "7:26",
        "7:41",
        "7:53",
        "8:04",
        "8:16",
        "8:29",
        "8:41",
        "8:56",
        "9:12",
        "9:32",
        "9:52",
        "10:12",
        "10:32",
        "10:52",
        "11:12",
        "11:32",
        "11:52",
        "12:12",
        "12:32",
        "12:47",
        "13:12",
        "13:32",
        "13:52",
        "14:12",
        "14:32",
        "14:52",
        "15:11",
        "15:26",
        "15:41",
        "15:56",
        "16:21",
        "16:46",
        "17:16",
        "17:46",
        "18:21",
        "18:51",
        "19:21",
        "20:01",
        "20:41"
    ],
    "url": "https://www.kanachu.co.jp/dia/diagram/timetable01_js/course:0000802931-10/node:00126508/kt:0/lname:/"
}
