{
    "date": "2025/05/11",
    "name": "天神橋(横浜市栄区)",
    "position": "-",
    "system": "船11",
    "destinations": [
        "栄警察署前",
        "公田",
        "鎌倉女子大前",
        "平島(鎌倉市)",
        "笠間十字路",
        "笠間町",
        "岩井口",
        "大船駅(横浜市栄区)"
    ],
    "weekday": [
        "5:54",
        "6:14",
        "6:25",
        "6:34",
        "6:44",
        "6:55",
        "7:06",
        "7:15",
        "7:24",
        "7:33",
        "7:43",
        "7:55",
        "8:08",
        "8:20",
        "8:30",
        "8:43",
        "8:58",
        "9:13",
        "9:28",
        "9:38",
        "9:53",
        "10:08",
        "10:23",
        "10:38",
        "10:58",
        "11:08",
        "11:23",
        "11:38",
        "11:53",
        "12:08",
        "12:28",
        "12:43",
        "12:58",
        "13:08",
        "13:28",
        "13:43",
        "13:58",
        "14:13",
        "14:28",
        "14:43",
        "14:58",
        "15:13",
        "15:28",
        "15:44",
        "15:57",
        "16:12",
        "16:27",
        "16:37",
        "16:52",
        "17:12",
        "17:27",
        "17:37",
        "17:52",
        "18:12",
        "18:27",
        "18:42",
        "18:57",
        "19:12",
        "19:32",
        "20:02",
        "20:42",
        "21:39"
    ],
    "saturday": [
        "6:12",
        "6:32",
        "6:52",
        "7:12",
        "7:27",
        "7:42",
        "7:54",
        "8:05",
        "8:17",
        "8:30",
        "8:42",
        "8:57",
        "9:13",
        "9:33",
        "9:53",
        "10:13",
        "10:33",
        "10:53",
        "11:13",
        "11:33",
        "11:53",
        "12:13",
        "12:33",
        "12:48",
        "13:13",
        "13:33",
        "13:53",
        "14:13",
        "14:33",
        "14:53",
        "15:12",
        "15:27",
        "15:42",
        "15:57",
        "16:22",
        "16:47",
        "17:17",
        "17:47",
        "18:22",
        "18:52",
        "19:22",
        "20:02",
        "20:42"
    ],
    "holiday": [
        "6:12",
        "6:32",
        "6:52",
        "7:12",
        "7:27",
        "7:42",
        "7:54",
        "8:05",
        "8:17",
        "8:30",
        "8:42",
        "8:57",
        "9:13",
        "9:33",
        "9:53",
        "10:13",
        "10:33",
        "10:53",
        "11:13",
        "11:33",
        "11:53",
        "12:13",
        "12:33",
        "12:48",
        "13:13",
        "13:33",
        "13:53",
        "14:13",
        "14:33",
        "14:53",
        "15:12",
        "15:27",
        "15:42",
        "15:57",
        "16:22",
        "16:47",
        "17:17",
        "17:47",
        "18:22",
        "18:52",
        "19:22",
        "20:02",
        "20:42"
    ],
    "url": "https://www.kanachu.co.jp/dia/diagram/timetable01_js/course:0000802931-11/node:00126507/kt:0/lname:/"
}
