{
    "date": "2025/05/11",
    "name": "鎌倉女子大前",
    "position": "-",
    "system": "船11",
    "destinations": [
        "平島(鎌倉市)",
        "笠間十字路",
        "笠間町",
        "岩井口",
        "大船駅(横浜市栄区)"
    ],
    "weekday": [
        "5:57",
        "6:17",
        "6:28",
        "6:37",
        "6:47",
        "6:58",
        "7:10",
        "7:19",
        "7:28",
        "7:37",
        "7:47",
        "7:59",
        "8:12",
        "8:24",
        "8:34",
        "8:47",
        "9:02",
        "9:17",
        "9:32",
        "9:42",
        "9:57",
        "10:12",
        "10:27",
        "10:42",
        "11:02",
        "11:12",
        "11:27",
        "11:42",
        "11:57",
        "12:12",
        "12:32",
        "12:47",
        "13:02",
        "13:12",
        "13:32",
        "13:47",
        "14:02",
        "14:17",
        "14:32",
        "14:47",
        "15:02",
        "15:17",
        "15:32",
        "15:48",
        "16:01",
        "16:16",
        "16:31",
        "16:41",
        "16:56",
        "17:16",
        "17:31",
        "17:41",
        "17:56",
        "18:16",
        "18:31",
        "18:46",
        "19:01",
        "19:16",
        "19:36",
        "20:05",
        "20:45",
        "21:42"
    ],
    "saturday": [
        "6:15",
        "6:35",
        "6:55",
        "7:17",
        "7:32",
        "7:47",
        "7:59",
        "8:10",
        "8:22",
        "8:35",
        "8:47",
        "9:02",
        "9:18",
        "9:38",
        "9:58",
        "10:18",
        "10:38",
        "10:58",
        "11:18",
        "11:38",
        "11:58",
        "12:18",
        "12:38",
        "12:53",
        "13:18",
        "13:38",
        "13:58",
        "14:18",
        "14:38",
        "14:58",
        "15:17",
        "15:32",
        "15:47",
        "16:02",
        "16:27",
        "16:52",
        "17:22",
        "17:52",
        "18:27",
        "18:57",
        "19:25",
        "20:05",
        "20:45"
    ],
    "holiday": [
        "6:15",
        "6:35",
        "6:55",
        "7:17",
        "7:32",
        "7:47",
        "7:59",
        "8:10",
        "8:22",
        "8:35",
        "8:47",
        "9:02",
        "9:18",
        "9:38",
        "9:58",
        "10:18",
        "10:38",
        "10:58",
        "11:18",
        "11:38",
        "11:58",
        "12:18",
        "12:38",
        "12:53",
        "13:18",
        "13:38",
        "13:58",
        "14:18",
        "14:38",
        "14:58",
        "15:17",
        "15:32",
        "15:47",
        "16:02",
        "16:27",
        "16:52",
        "17:22",
        "17:52",
        "18:27",
        "18:57",
        "19:25",
        "20:05",
        "20:45"
    ],
    "url": "https://www.kanachu.co.jp/dia/diagram/timetable01_js/course:0000802931-14/node:00126505/kt:0/lname:/"
}
