{
    "date": "2025/05/11",
    "name": "笠間町",
    "position": "-",
    "system": "船11",
    "destinations": [
        "岩井口",
        "大船駅(横浜市栄区)"
    ],
    "weekday": [
        "6:00",
        "6:20",
        "6:31",
        "6:40",
        "6:50",
        "7:01",
        "7:14",
        "7:23",
        "7:32",
        "7:41",
        "7:51",
        "8:03",
        "8:16",
        "8:28",
        "8:38",
        "8:51",
        "9:06",
        "9:21",
        "9:36",
        "9:46",
        "10:01",
        "10:16",
        "10:31",
        "10:46",
        "11:06",
        "11:16",
        "11:31",
        "11:46",
        "12:01",
        "12:16",
        "12:36",
        "12:51",
        "13:06",
        "13:16",
        "13:36",
        "13:51",
        "14:06",
        "14:21",
        "14:36",
        "14:51",
        "15:06",
        "15:21",
        "15:36",
        "15:52",
        "16:05",
        "16:20",
        "16:35",
        "16:45",
        "17:00",
        "17:20",
        "17:35",
        "17:45",
        "18:00",
        "18:20",
        "18:35",
        "18:50",
        "19:05",
        "19:20",
        "19:40",
        "20:08",
        "20:48",
        "21:45"
    ],
    "saturday": [
        "6:18",
        "6:38",
        "6:58",
        "7:20",
        "7:35",
        "7:50",
        "8:02",
        "8:13",
        "8:25",
        "8:38",
        "8:50",
        "9:05",
        "9:21",
        "9:41",
        "10:01",
        "10:21",
        "10:41",
        "11:01",
        "11:21",
        "11:41",
        "12:01",
        "12:21",
        "12:41",
        "12:56",
        "13:21",
        "13:41",
        "14:01",
        "14:21",
        "14:41",
        "15:01",
        "15:20",
        "15:35",
        "15:50",
        "16:05",
        "16:30",
        "16:55",
        "17:25",
        "17:55",
        "18:30",
        "19:00",
        "19:28",
        "20:08",
        "20:48"
    ],
    "holiday": [
        "6:18",
        "6:38",
        "6:58",
        "7:20",
        "7:35",
        "7:50",
        "8:02",
        "8:13",
        "8:25",
        "8:38",
        "8:50",
        "9:05",
        "9:21",
        "9:41",
        "10:01",
        "10:21",
        "10:41",
        "11:01",
        "11:21",
        "11:41",
        "12:01",
        "12:21",
        "12:41",
        "12:56",
        "13:21",
        "13:41",
        "14:01",
        "14:21",
        "14:41",
        "15:01",
        "15:20",
        "15:35",
        "15:50",
        "16:05",
        "16:30",
        "16:55",
        "17:25",
        "17:55",
        "18:30",
        "19:00",
        "19:28",
        "20:08",
        "20:48"
    ],
    "url": "https://www.kanachu.co.jp/dia/diagram/timetable01_js/course:0000802931-17/node:00126502/kt:0/lname:/"
}
