{
    "date": "2025/07/27",
    "name": "中里(中郡二宮町)",
    "position": "-",
    "system": "秦91",
    "destinations": [
        "中島(中郡二宮町)",
        "堂面(中郡二宮町)",
        "元町(中郡二宮町)",
        "二宮駅北口"
    ],
    "weekday": [
        "6:24",
        "7:19",
        "8:01",
        "8:28",
        "9:01",
        "10:00",
        "11:00",
        "12:00",
        "13:00",
        "14:00",
        "15:00",
        "16:00",
        "17:00",
        "18:00",
        "19:00",
        "19:40",
        "20:47",
        "21:49"
    ],
    "saturday": [
        "6:46",
        "7:16",
        "7:46",
        "8:48",
        "9:48",
        "10:48",
        "11:48",
        "12:48",
        "13:48",
        "14:48",
        "15:48",
        "16:48",
        "17:48",
        "18:48",
        "19:48",
        "20:55",
        "21:55"
    ],
    "holiday": [
        "6:46",
        "7:16",
        "7:46",
        "8:48",
        "9:48",
        "10:48",
        "11:48",
        "12:48",
        "13:48",
        "14:48",
        "15:48",
        "16:48",
        "17:48",
        "18:48",
        "19:48",
        "20:55",
        "21:55"
    ],
    "url": "https://www.kanachu.co.jp/dia/diagram/timetable01_js/course:0000800501-26/node:00127788/kt:0/lname:/"
}
