{
    "date": "2021/10/16",
    "name": "岡田電話局前",
    "position": "-",
    "system": "平57",
    "destinations": [
        "酒井(新道/厚木市)",
        "戸田(新道/厚木市)",
        "大神(新道/平塚市)",
        "神田小学校前(平塚市)",
        "駒返橋入口",
        "田村団地入口",
        "東真土",
        "古河電工入口",
        "四ツ角(平塚市)",
        "平塚駅北口"
    ],
    "weekday": [
        "8:05",
        "8:27",
        "17:35"
    ],
    "saturday": [],
    "holiday": [],
    "url": "https://www.kanachu.co.jp/dia/diagram/timetable01_js/course:0000800681-3/node:00128632/kt:0/lname:/"
}
