{
    "date": "2025/07/12",
    "name": "2街区グラウンド前",
    "position": "-",
    "system": "善04",
    "destinations": [
        "富士見台(藤沢市)",
        "善行台",
        "善行駅入口",
        "善行駅"
    ],
    "weekday": [
        "6:47",
        "7:11",
        "7:31",
        "7:51",
        "8:17",
        "8:42",
        "9:07",
        "9:32",
        "10:17",
        "11:01",
        "11:49",
        "12:37",
        "13:28",
        "14:16",
        "15:04",
        "15:52",
        "16:28",
        "16:52",
        "17:28",
        "17:52",
        "18:28",
        "18:52",
        "19:28"
    ],
    "saturday": [
        "7:11",
        "7:31",
        "7:51",
        "8:17",
        "8:42",
        "9:07",
        "9:32",
        "10:16",
        "11:01",
        "11:49",
        "12:37",
        "13:28",
        "14:16",
        "15:04",
        "15:52",
        "16:28",
        "16:52",
        "17:28",
        "17:52",
        "18:28",
        "18:52",
        "19:28"
    ],
    "holiday": [
        "7:11",
        "7:31",
        "7:51",
        "8:17",
        "8:42",
        "9:07",
        "9:32",
        "10:16",
        "11:01",
        "11:49",
        "12:37",
        "13:28",
        "14:16",
        "15:04",
        "15:52",
        "16:28",
        "16:52",
        "17:28",
        "17:52",
        "18:28",
        "18:52",
        "19:28"
    ],
    "url": "https://www.kanachu.co.jp/dia/diagram/timetable01_js/course:0000800190-3/node:00127120/kt:0/lname:/"
}
