{
    "date": "2025/07/12",
    "name": "善行台",
    "position": "-",
    "system": "善04",
    "destinations": [
        "善行駅入口",
        "善行駅"
    ],
    "weekday": [
        "6:49",
        "7:13",
        "7:33",
        "7:53",
        "8:19",
        "8:44",
        "9:09",
        "9:34",
        "10:19",
        "11:03",
        "11:51",
        "12:39",
        "13:30",
        "14:18",
        "15:06",
        "15:54",
        "16:30",
        "16:54",
        "17:30",
        "17:54",
        "18:30",
        "18:54",
        "19:30"
    ],
    "saturday": [
        "7:13",
        "7:33",
        "7:53",
        "8:19",
        "8:44",
        "9:09",
        "9:34",
        "10:18",
        "11:03",
        "11:51",
        "12:39",
        "13:30",
        "14:18",
        "15:06",
        "15:54",
        "16:30",
        "16:54",
        "17:30",
        "17:54",
        "18:30",
        "18:54",
        "19:30"
    ],
    "holiday": [
        "7:13",
        "7:33",
        "7:53",
        "8:19",
        "8:44",
        "9:09",
        "9:34",
        "10:18",
        "11:03",
        "11:51",
        "12:39",
        "13:30",
        "14:18",
        "15:06",
        "15:54",
        "16:30",
        "16:54",
        "17:30",
        "17:54",
        "18:30",
        "18:54",
        "19:30"
    ],
    "url": "https://www.kanachu.co.jp/dia/diagram/timetable01_js/course:0000800190-5/node:00127118/kt:0/lname:/"
}
