{
    "date": "2026/01/16",
    "name": "赤羽根入口",
    "position": "-",
    "system": "厚43",
    "destinations": [
        "農大入口",
        "船子",
        "仲田(厚木市)",
        "依胡田",
        "柳町(厚木市)",
        "仲町(厚木市長谷)",
        "籠堰橋",
        "広町橋",
        "小野宮前",
        "小野橋(厚木市)",
        "榎田",
        "若宮橋(厚木市)",
        "森の里一丁目",
        "森の里二丁目",
        "森の里小学校前",
        "森の里三丁目",
        "森の里中学校前",
        "北センター(厚木市)",
        "森の里五丁目",
        "森の里"
    ],
    "weekday": [
        "7:09",
        "8:55",
        "9:54",
        "10:54",
        "11:54",
        "12:54",
        "13:54",
        "14:54",
        "15:54",
        "16:34",
        "17:15",
        "17:55",
        "18:35",
        "19:35",
        "20:32",
        "21:33"
    ],
    "saturday": [
        "7:48",
        "8:50",
        "9:50",
        "10:50",
        "11:50",
        "12:50",
        "13:50",
        "14:50",
        "15:51",
        "16:51",
        "17:51",
        "18:51",
        "19:48",
        "20:48",
        "21:30"
    ],
    "holiday": [
        "7:48",
        "8:50",
        "9:50",
        "10:50",
        "11:50",
        "12:50",
        "13:50",
        "14:50",
        "15:51",
        "16:51",
        "17:51",
        "18:51",
        "19:48",
        "20:48",
        "21:30"
    ],
    "url": "https://www.kanachu.co.jp/dia/diagram/timetable01_js/course:0000804074-5/node:00128503/kt:0/lname:/"
}
