{
    "date": "2026/01/16",
    "name": "仲町(厚木市長谷)",
    "position": "-",
    "system": "厚43",
    "destinations": [
        "籠堰橋",
        "広町橋",
        "小野宮前",
        "小野橋(厚木市)",
        "榎田",
        "若宮橋(厚木市)",
        "森の里一丁目",
        "森の里二丁目",
        "森の里小学校前",
        "森の里三丁目",
        "森の里中学校前",
        "北センター(厚木市)",
        "森の里五丁目",
        "森の里"
    ],
    "weekday": [
        "7:16",
        "9:05",
        "10:03",
        "11:03",
        "12:03",
        "13:03",
        "14:03",
        "15:03",
        "16:03",
        "16:43",
        "17:25",
        "18:05",
        "18:45",
        "19:45",
        "20:39",
        "21:40"
    ],
    "saturday": [
        "7:55",
        "8:58",
        "9:58",
        "10:58",
        "11:58",
        "12:58",
        "13:58",
        "14:58",
        "15:59",
        "16:59",
        "17:59",
        "18:59",
        "19:55",
        "20:55",
        "21:37"
    ],
    "holiday": [
        "7:55",
        "8:58",
        "9:58",
        "10:58",
        "11:58",
        "12:58",
        "13:58",
        "14:58",
        "15:59",
        "16:59",
        "17:59",
        "18:59",
        "19:55",
        "20:55",
        "21:37"
    ],
    "url": "https://www.kanachu.co.jp/dia/diagram/timetable01_js/course:0000804074-11/node:00130197/kt:0/lname:/"
}
