{
    "date": "2026/01/16",
    "name": "小野宮前",
    "position": "-",
    "system": "厚43",
    "destinations": [
        "小野橋(厚木市)",
        "榎田",
        "若宮橋(厚木市)",
        "森の里一丁目",
        "森の里二丁目",
        "森の里小学校前",
        "森の里三丁目",
        "森の里中学校前",
        "北センター(厚木市)",
        "森の里五丁目",
        "森の里"
    ],
    "weekday": [
        "7:19",
        "9:08",
        "10:06",
        "11:06",
        "12:06",
        "13:06",
        "14:06",
        "15:06",
        "16:06",
        "16:46",
        "17:28",
        "18:08",
        "18:48",
        "19:48",
        "20:42",
        "21:43"
    ],
    "saturday": [
        "7:58",
        "9:01",
        "10:01",
        "11:01",
        "12:01",
        "13:01",
        "14:01",
        "15:01",
        "16:02",
        "17:02",
        "18:02",
        "19:02",
        "19:58",
        "20:58",
        "21:40"
    ],
    "holiday": [
        "7:58",
        "9:01",
        "10:01",
        "11:01",
        "12:01",
        "13:01",
        "14:01",
        "15:01",
        "16:02",
        "17:02",
        "18:02",
        "19:02",
        "19:58",
        "20:58",
        "21:40"
    ],
    "url": "https://www.kanachu.co.jp/dia/diagram/timetable01_js/course:0000804074-14/node:00128449/kt:0/lname:/"
}
