{
    "date": "2025/10/20",
    "name": "九条",
    "position": "-",
    "system": "台12",
    "destinations": [
        "十一条",
        "ひばりが丘一丁目(座間市)",
        "ひばりが丘五丁目",
        "座間総合高校前",
        "小池大橋",
        "緑ヶ丘二丁目(座間市)",
        "座間市役所入口",
        "座間中学校前",
        "相武台前駅"
    ],
    "weekday": [
        "5:47",
        "6:47",
        "7:07",
        "7:52",
        "8:12",
        "9:22",
        "10:47",
        "11:37",
        "12:47",
        "13:57",
        "15:07",
        "16:12",
        "17:22",
        "18:37",
        "19:47"
    ],
    "saturday": [
        "7:12",
        "8:12",
        "9:17",
        "10:27",
        "11:37",
        "12:47",
        "13:57",
        "15:07",
        "16:17",
        "17:27",
        "18:37",
        "19:47"
    ],
    "holiday": [
        "7:12",
        "8:12",
        "9:17",
        "10:27",
        "11:37",
        "12:47",
        "13:57",
        "15:07",
        "16:17",
        "17:27",
        "18:37",
        "19:47"
    ],
    "url": "https://www.kanachu.co.jp/dia/diagram/timetable01_js/course:0000801110-3/node:00129684/kt:0/lname:/"
}
