{
    "date": "2024/03/16",
    "name": "橋本駅北口",
    "position": "-",
    "system": "町30",
    "destinations": [
        "旭農協前",
        "寿町(相模原市緑区)",
        "寿橋",
        "久保ヶ谷戸",
        "三ツ目(町田市)",
        "堂の前(町田市)",
        "田端(町田市)",
        "坂本橋(町田市)",
        "片所",
        "御嶽堂",
        "横土手",
        "小山小学校前(町田市)",
        "小山郵便局前",
        "中村不動入口",
        "馬場十字路",
        "下馬場",
        "常盤(町田市)",
        "中常盤",
        "下常盤",
        "矢部",
        "忠生都営住宅前",
        "根岸(根岸町/町田市)",
        "下根岸(町田市)",
        "上宿(町田市)",
        "忠生公園入口",
        "木曽(町田市)",
        "三家(町田市)",
        "木曽住宅",
        "滝の沢(町田市)",
        "浄水場前(町田市)",
        "市民病院前(町田市)",
        "森野三丁目",
        "保健所入口",
        "森野一丁目",
        "町田バスセンター",
        "町田ターミナル"
    ],
    "weekday": [
        "8:30",
        "9:10",
        "9:30",
        "10:10",
        "10:30",
        "11:10",
        "11:30",
        "12:10",
        "12:30",
        "13:10",
        "13:30",
        "14:10",
        "14:30",
        "15:10",
        "15:30",
        "16:10",
        "16:30",
        "17:10",
        "17:30",
        "18:10",
        "18:30",
        "19:10"
    ],
    "saturday": [
        "8:30",
        "9:10",
        "9:30",
        "10:10",
        "10:30",
        "11:10",
        "11:30",
        "12:10",
        "12:30",
        "13:10",
        "13:30",
        "14:10",
        "14:30",
        "15:10",
        "15:30",
        "16:10",
        "16:30",
        "17:13",
        "18:13",
        "19:13"
    ],
    "holiday": [
        "8:30",
        "8:50",
        "9:10",
        "9:30",
        "10:10",
        "10:30",
        "11:10",
        "11:30",
        "12:10",
        "12:30",
        "13:10",
        "13:30",
        "14:13",
        "15:13",
        "16:13",
        "17:13",
        "18:13",
        "19:13",
        "19:54"
    ],
    "url": "https://www.kanachu.co.jp/dia/diagram/timetable01_js/course:0000803184-1/node:00128969/kt:0/lname:/"
}
