{
    "date": "2024/03/16",
    "name": "旭農協前",
    "position": "-",
    "system": "町30",
    "destinations": [
        "寿町(相模原市緑区)",
        "寿橋",
        "久保ヶ谷戸",
        "三ツ目(町田市)",
        "堂の前(町田市)",
        "田端(町田市)",
        "坂本橋(町田市)",
        "片所",
        "御嶽堂",
        "横土手",
        "小山小学校前(町田市)",
        "小山郵便局前",
        "中村不動入口",
        "馬場十字路",
        "下馬場",
        "常盤(町田市)",
        "中常盤",
        "下常盤",
        "矢部",
        "忠生都営住宅前",
        "根岸(根岸町/町田市)",
        "下根岸(町田市)",
        "上宿(町田市)",
        "忠生公園入口",
        "木曽(町田市)",
        "三家(町田市)",
        "木曽住宅",
        "滝の沢(町田市)",
        "浄水場前(町田市)",
        "市民病院前(町田市)",
        "森野三丁目",
        "保健所入口",
        "森野一丁目",
        "町田バスセンター",
        "町田ターミナル"
    ],
    "weekday": [
        "8:31",
        "9:11",
        "9:31",
        "10:11",
        "10:31",
        "11:11",
        "11:31",
        "12:11",
        "12:31",
        "13:11",
        "13:31",
        "14:11",
        "14:31",
        "15:11",
        "15:31",
        "16:11",
        "16:31",
        "17:11",
        "17:31",
        "18:11",
        "18:31",
        "19:11"
    ],
    "saturday": [
        "8:31",
        "9:11",
        "9:31",
        "10:11",
        "10:31",
        "11:11",
        "11:31",
        "12:11",
        "12:31",
        "13:11",
        "13:31",
        "14:11",
        "14:31",
        "15:11",
        "15:31",
        "16:11",
        "16:31",
        "17:14",
        "18:14",
        "19:14"
    ],
    "holiday": [
        "8:31",
        "8:51",
        "9:11",
        "9:31",
        "10:11",
        "10:31",
        "11:11",
        "11:31",
        "12:11",
        "12:31",
        "13:11",
        "13:31",
        "14:14",
        "15:14",
        "16:14",
        "17:14",
        "18:14",
        "19:14",
        "19:55"
    ],
    "url": "https://www.kanachu.co.jp/dia/diagram/timetable01_js/course:0000803184-2/node:00020098/kt:0/lname:/"
}
