{
    "date": "2024/03/16",
    "name": "田端(町田市)",
    "position": "-",
    "system": "町30",
    "destinations": [
        "坂本橋(町田市)",
        "片所",
        "御嶽堂",
        "横土手",
        "小山小学校前(町田市)",
        "小山郵便局前",
        "中村不動入口",
        "馬場十字路",
        "下馬場",
        "常盤(町田市)",
        "中常盤",
        "下常盤",
        "矢部",
        "忠生都営住宅前",
        "根岸(根岸町/町田市)",
        "下根岸(町田市)",
        "上宿(町田市)",
        "忠生公園入口",
        "木曽(町田市)",
        "三家(町田市)",
        "木曽住宅",
        "滝の沢(町田市)",
        "浄水場前(町田市)",
        "市民病院前(町田市)",
        "森野三丁目",
        "保健所入口",
        "森野一丁目",
        "町田バスセンター",
        "町田ターミナル"
    ],
    "weekday": [
        "8:36",
        "9:16",
        "9:36",
        "10:16",
        "10:36",
        "11:16",
        "11:36",
        "12:16",
        "12:36",
        "13:16",
        "13:36",
        "14:16",
        "14:36",
        "15:16",
        "15:36",
        "16:16",
        "16:36",
        "17:16",
        "17:36",
        "18:16",
        "18:36",
        "19:16"
    ],
    "saturday": [
        "8:36",
        "9:16",
        "9:36",
        "10:16",
        "10:36",
        "11:16",
        "11:36",
        "12:16",
        "12:36",
        "13:16",
        "13:36",
        "14:16",
        "14:36",
        "15:16",
        "15:36",
        "16:16",
        "16:36",
        "17:19",
        "18:19",
        "19:19"
    ],
    "holiday": [
        "8:36",
        "8:56",
        "9:16",
        "9:36",
        "10:16",
        "10:36",
        "11:16",
        "11:36",
        "12:16",
        "12:36",
        "13:16",
        "13:36",
        "14:19",
        "15:19",
        "16:19",
        "17:19",
        "18:19",
        "19:19",
        "20:00"
    ],
    "url": "https://www.kanachu.co.jp/dia/diagram/timetable01_js/course:0000803184-8/node:00130089/kt:0/lname:/"
}
