{
    "date": "2024/03/16",
    "name": "御嶽堂",
    "position": "-",
    "system": "町30",
    "destinations": [
        "横土手",
        "小山小学校前(町田市)",
        "小山郵便局前",
        "中村不動入口",
        "馬場十字路",
        "下馬場",
        "常盤(町田市)",
        "中常盤",
        "下常盤",
        "矢部",
        "忠生都営住宅前",
        "根岸(根岸町/町田市)",
        "下根岸(町田市)",
        "上宿(町田市)",
        "忠生公園入口",
        "木曽(町田市)",
        "三家(町田市)",
        "木曽住宅",
        "滝の沢(町田市)",
        "浄水場前(町田市)",
        "市民病院前(町田市)",
        "森野三丁目",
        "保健所入口",
        "森野一丁目",
        "町田バスセンター",
        "町田ターミナル"
    ],
    "weekday": [
        "8:40",
        "9:20",
        "9:40",
        "10:20",
        "10:40",
        "11:20",
        "11:40",
        "12:20",
        "12:40",
        "13:20",
        "13:40",
        "14:20",
        "14:40",
        "15:20",
        "15:40",
        "16:20",
        "16:40",
        "17:20",
        "17:40",
        "18:20",
        "18:40",
        "19:20"
    ],
    "saturday": [
        "8:40",
        "9:20",
        "9:40",
        "10:20",
        "10:40",
        "11:20",
        "11:40",
        "12:20",
        "12:40",
        "13:20",
        "13:40",
        "14:20",
        "14:40",
        "15:20",
        "15:40",
        "16:20",
        "16:40",
        "17:23",
        "18:23",
        "19:23"
    ],
    "holiday": [
        "8:40",
        "9:00",
        "9:20",
        "9:40",
        "10:20",
        "10:40",
        "11:20",
        "11:40",
        "12:20",
        "12:40",
        "13:20",
        "13:40",
        "14:23",
        "15:23",
        "16:23",
        "17:23",
        "18:23",
        "19:23",
        "20:04"
    ],
    "url": "https://www.kanachu.co.jp/dia/diagram/timetable01_js/course:0000803184-11/node:00130092/kt:0/lname:/"
}
