{
    "date": "2024/03/16",
    "name": "横土手",
    "position": "-",
    "system": "町30",
    "destinations": [
        "小山小学校前(町田市)",
        "小山郵便局前",
        "中村不動入口",
        "馬場十字路",
        "下馬場",
        "常盤(町田市)",
        "中常盤",
        "下常盤",
        "矢部",
        "忠生都営住宅前",
        "根岸(根岸町/町田市)",
        "下根岸(町田市)",
        "上宿(町田市)",
        "忠生公園入口",
        "木曽(町田市)",
        "三家(町田市)",
        "木曽住宅",
        "滝の沢(町田市)",
        "浄水場前(町田市)",
        "市民病院前(町田市)",
        "森野三丁目",
        "保健所入口",
        "森野一丁目",
        "町田バスセンター",
        "町田ターミナル"
    ],
    "weekday": [
        "8:42",
        "9:22",
        "9:42",
        "10:22",
        "10:42",
        "11:22",
        "11:42",
        "12:22",
        "12:42",
        "13:22",
        "13:42",
        "14:22",
        "14:42",
        "15:22",
        "15:42",
        "16:22",
        "16:42",
        "17:22",
        "17:42",
        "18:22",
        "18:42",
        "19:22"
    ],
    "saturday": [
        "8:41",
        "9:22",
        "9:42",
        "10:22",
        "10:42",
        "11:22",
        "11:42",
        "12:22",
        "12:42",
        "13:22",
        "13:42",
        "14:22",
        "14:42",
        "15:22",
        "15:42",
        "16:22",
        "16:42",
        "17:25",
        "18:25",
        "19:25"
    ],
    "holiday": [
        "8:41",
        "9:01",
        "9:22",
        "9:42",
        "10:22",
        "10:42",
        "11:22",
        "11:42",
        "12:22",
        "12:42",
        "13:22",
        "13:42",
        "14:25",
        "15:25",
        "16:25",
        "17:25",
        "18:25",
        "19:25",
        "20:06"
    ],
    "url": "https://www.kanachu.co.jp/dia/diagram/timetable01_js/course:0000803184-12/node:00020167/kt:0/lname:/"
}
