{
    "date": "2024/03/16",
    "name": "小山小学校前(町田市)",
    "position": "-",
    "system": "町30",
    "destinations": [
        "小山郵便局前",
        "中村不動入口",
        "馬場十字路",
        "下馬場",
        "常盤(町田市)",
        "中常盤",
        "下常盤",
        "矢部",
        "忠生都営住宅前",
        "根岸(根岸町/町田市)",
        "下根岸(町田市)",
        "上宿(町田市)",
        "忠生公園入口",
        "木曽(町田市)",
        "三家(町田市)",
        "木曽住宅",
        "滝の沢(町田市)",
        "浄水場前(町田市)",
        "市民病院前(町田市)",
        "森野三丁目",
        "保健所入口",
        "森野一丁目",
        "町田バスセンター",
        "町田ターミナル"
    ],
    "weekday": [
        "8:43",
        "9:23",
        "9:43",
        "10:23",
        "10:43",
        "11:23",
        "11:43",
        "12:23",
        "12:43",
        "13:23",
        "13:43",
        "14:23",
        "14:43",
        "15:23",
        "15:43",
        "16:23",
        "16:43",
        "17:23",
        "17:43",
        "18:23",
        "18:43",
        "19:23"
    ],
    "saturday": [
        "8:42",
        "9:23",
        "9:43",
        "10:23",
        "10:43",
        "11:23",
        "11:43",
        "12:23",
        "12:43",
        "13:23",
        "13:43",
        "14:23",
        "14:43",
        "15:23",
        "15:43",
        "16:23",
        "16:43",
        "17:26",
        "18:26",
        "19:26"
    ],
    "holiday": [
        "8:42",
        "9:02",
        "9:23",
        "9:43",
        "10:23",
        "10:43",
        "11:23",
        "11:43",
        "12:23",
        "12:43",
        "13:23",
        "13:43",
        "14:26",
        "15:26",
        "16:26",
        "17:26",
        "18:26",
        "19:26",
        "20:07"
    ],
    "url": "https://www.kanachu.co.jp/dia/diagram/timetable01_js/course:0000803184-13/node:00130093/kt:0/lname:/"
}
