{
    "date": "2024/03/16",
    "name": "馬場十字路",
    "position": "-",
    "system": "町30",
    "destinations": [
        "下馬場",
        "常盤(町田市)",
        "中常盤",
        "下常盤",
        "矢部",
        "忠生都営住宅前",
        "根岸(根岸町/町田市)",
        "下根岸(町田市)",
        "上宿(町田市)",
        "忠生公園入口",
        "木曽(町田市)",
        "三家(町田市)",
        "木曽住宅",
        "滝の沢(町田市)",
        "浄水場前(町田市)",
        "市民病院前(町田市)",
        "森野三丁目",
        "保健所入口",
        "森野一丁目",
        "町田バスセンター",
        "町田ターミナル"
    ],
    "weekday": [
        "8:46",
        "9:26",
        "9:46",
        "10:26",
        "10:46",
        "11:26",
        "11:46",
        "12:26",
        "12:46",
        "13:26",
        "13:46",
        "14:26",
        "14:46",
        "15:26",
        "15:46",
        "16:26",
        "16:46",
        "17:28",
        "17:48",
        "18:28",
        "18:48",
        "19:27"
    ],
    "saturday": [
        "8:45",
        "9:26",
        "9:46",
        "10:26",
        "10:46",
        "11:26",
        "11:46",
        "12:26",
        "12:46",
        "13:26",
        "13:46",
        "14:28",
        "14:48",
        "15:28",
        "15:48",
        "16:28",
        "16:48",
        "17:31",
        "18:31",
        "19:30"
    ],
    "holiday": [
        "8:45",
        "9:05",
        "9:26",
        "9:46",
        "10:26",
        "10:46",
        "11:26",
        "11:46",
        "12:26",
        "12:46",
        "13:26",
        "13:46",
        "14:31",
        "15:31",
        "16:31",
        "17:31",
        "18:31",
        "19:30",
        "20:11"
    ],
    "url": "https://www.kanachu.co.jp/dia/diagram/timetable01_js/course:0000803184-16/node:00130096/kt:0/lname:/"
}
