{
    "date": "2024/03/16",
    "name": "下馬場",
    "position": "-",
    "system": "町30",
    "destinations": [
        "常盤(町田市)",
        "中常盤",
        "下常盤",
        "矢部",
        "忠生都営住宅前",
        "根岸(根岸町/町田市)",
        "下根岸(町田市)",
        "上宿(町田市)",
        "忠生公園入口",
        "木曽(町田市)",
        "三家(町田市)",
        "木曽住宅",
        "滝の沢(町田市)",
        "浄水場前(町田市)",
        "市民病院前(町田市)",
        "森野三丁目",
        "保健所入口",
        "森野一丁目",
        "町田バスセンター",
        "町田ターミナル"
    ],
    "weekday": [
        "8:47",
        "9:27",
        "9:47",
        "10:27",
        "10:47",
        "11:27",
        "11:47",
        "12:27",
        "12:47",
        "13:27",
        "13:47",
        "14:27",
        "14:47",
        "15:27",
        "15:47",
        "16:27",
        "16:47",
        "17:29",
        "17:49",
        "18:29",
        "18:49",
        "19:28"
    ],
    "saturday": [
        "8:46",
        "9:27",
        "9:47",
        "10:27",
        "10:47",
        "11:27",
        "11:47",
        "12:27",
        "12:47",
        "13:27",
        "13:47",
        "14:29",
        "14:49",
        "15:29",
        "15:49",
        "16:29",
        "16:49",
        "17:32",
        "18:32",
        "19:31"
    ],
    "holiday": [
        "8:46",
        "9:06",
        "9:27",
        "9:47",
        "10:27",
        "10:47",
        "11:27",
        "11:47",
        "12:27",
        "12:47",
        "13:27",
        "13:47",
        "14:32",
        "15:32",
        "16:32",
        "17:32",
        "18:32",
        "19:31",
        "20:12"
    ],
    "url": "https://www.kanachu.co.jp/dia/diagram/timetable01_js/course:0000803184-17/node:00130097/kt:0/lname:/"
}
