{
    "date": "2024/03/16",
    "name": "忠生都営住宅前",
    "position": "-",
    "system": "町30",
    "destinations": [
        "根岸(根岸町/町田市)",
        "下根岸(町田市)",
        "上宿(町田市)",
        "忠生公園入口",
        "木曽(町田市)",
        "三家(町田市)",
        "木曽住宅",
        "滝の沢(町田市)",
        "浄水場前(町田市)",
        "市民病院前(町田市)",
        "森野三丁目",
        "保健所入口",
        "森野一丁目",
        "町田バスセンター",
        "町田ターミナル"
    ],
    "weekday": [
        "8:55",
        "9:33",
        "9:53",
        "10:33",
        "10:53",
        "11:33",
        "11:53",
        "12:33",
        "12:53",
        "13:33",
        "13:53",
        "14:33",
        "14:53",
        "15:33",
        "15:53",
        "16:33",
        "16:53",
        "17:36",
        "17:56",
        "18:36",
        "18:56",
        "19:35"
    ],
    "saturday": [
        "8:52",
        "9:34",
        "9:54",
        "10:34",
        "10:54",
        "11:34",
        "11:54",
        "12:34",
        "12:54",
        "13:34",
        "13:54",
        "14:36",
        "14:56",
        "15:36",
        "15:56",
        "16:36",
        "16:56",
        "17:39",
        "18:39",
        "19:36"
    ],
    "holiday": [
        "8:52",
        "9:13",
        "9:34",
        "9:54",
        "10:34",
        "10:54",
        "11:34",
        "11:54",
        "12:34",
        "12:54",
        "13:34",
        "13:54",
        "14:39",
        "15:39",
        "16:39",
        "17:39",
        "18:39",
        "19:36",
        "20:17"
    ],
    "url": "https://www.kanachu.co.jp/dia/diagram/timetable01_js/course:0000803184-22/node:00129515/kt:0/lname:/"
}
