{
    "date": "2024/03/16",
    "name": "下根岸(町田市)",
    "position": "-",
    "system": "町30",
    "destinations": [
        "上宿(町田市)",
        "忠生公園入口",
        "木曽(町田市)",
        "三家(町田市)",
        "木曽住宅",
        "滝の沢(町田市)",
        "浄水場前(町田市)",
        "市民病院前(町田市)",
        "森野三丁目",
        "保健所入口",
        "森野一丁目",
        "町田バスセンター",
        "町田ターミナル"
    ],
    "weekday": [
        "8:58",
        "9:36",
        "9:56",
        "10:36",
        "10:56",
        "11:36",
        "11:56",
        "12:36",
        "12:56",
        "13:36",
        "13:56",
        "14:36",
        "14:56",
        "15:36",
        "15:56",
        "16:36",
        "16:56",
        "17:39",
        "17:59",
        "18:39",
        "18:59",
        "19:38"
    ],
    "saturday": [
        "8:55",
        "9:37",
        "9:57",
        "10:37",
        "10:57",
        "11:37",
        "11:57",
        "12:37",
        "12:57",
        "13:37",
        "13:57",
        "14:39",
        "14:59",
        "15:39",
        "15:59",
        "16:39",
        "16:59",
        "17:42",
        "18:42",
        "19:39"
    ],
    "holiday": [
        "8:55",
        "9:16",
        "9:37",
        "9:57",
        "10:37",
        "10:57",
        "11:37",
        "11:57",
        "12:37",
        "12:57",
        "13:37",
        "13:57",
        "14:42",
        "15:42",
        "16:42",
        "17:42",
        "18:42",
        "19:39",
        "20:20"
    ],
    "url": "https://www.kanachu.co.jp/dia/diagram/timetable01_js/course:0000803184-24/node:00129366/kt:0/lname:/"
}
