{
    "date": "2024/03/16",
    "name": "木曽住宅",
    "position": "-",
    "system": "町30",
    "destinations": [
        "滝の沢(町田市)",
        "浄水場前(町田市)",
        "市民病院前(町田市)",
        "森野三丁目",
        "保健所入口",
        "森野一丁目",
        "町田バスセンター",
        "町田ターミナル"
    ],
    "weekday": [
        "9:04",
        "9:42",
        "10:02",
        "10:42",
        "11:02",
        "11:42",
        "12:02",
        "12:42",
        "13:02",
        "13:42",
        "14:02",
        "14:42",
        "15:02",
        "15:42",
        "16:02",
        "16:42",
        "17:02",
        "17:46",
        "18:06",
        "18:46",
        "19:04",
        "19:43"
    ],
    "saturday": [
        "9:00",
        "9:42",
        "10:02",
        "10:42",
        "11:02",
        "11:42",
        "12:02",
        "12:42",
        "13:02",
        "13:42",
        "14:02",
        "14:45",
        "15:05",
        "15:45",
        "16:05",
        "16:45",
        "17:05",
        "17:48",
        "18:48",
        "19:44"
    ],
    "holiday": [
        "9:00",
        "9:21",
        "9:42",
        "10:02",
        "10:42",
        "11:02",
        "11:42",
        "12:02",
        "12:42",
        "13:02",
        "13:42",
        "14:02",
        "14:48",
        "15:48",
        "16:48",
        "17:48",
        "18:48",
        "19:44",
        "20:25"
    ],
    "url": "https://www.kanachu.co.jp/dia/diagram/timetable01_js/course:0000803184-29/node:00129362/kt:0/lname:/"
}
