{
    "date": "2025/05/11",
    "name": "藤ヶ沢",
    "position": "-",
    "system": "船20",
    "destinations": [
        "金井(横浜市港南区)",
        "清水橋(横浜市港南区)",
        "日野(横浜市港南区)",
        "日野小学校前(横浜市港南区)",
        "日野中央公園入口",
        "日野公園墓地入口",
        "新吉原橋",
        "吉原(横浜市港南区)",
        "港南区総合庁舎前",
        "笹下港南中央通り",
        "関の下",
        "上大岡駅",
        "最戸橋",
        "越戸橋(横浜市港南区)",
        "向田橋",
        "南小学校前(横浜市南区)",
        "弘明寺",
        "通町三丁目",
        "通町一丁目",
        "蒔田駅前",
        "宮元町一丁目",
        "お三の宮",
        "吉野町駅前",
        "吉野町一丁目",
        "阪東橋",
        "横浜橋",
        "曙町(横浜市中区)",
        "長者町五丁目",
        "羽衣町(横浜市中区)",
        "尾上町(横浜市中区)",
        "本町四丁目(横浜市中区)",
        "横浜市役所前",
        "桜木町駅前"
    ],
    "weekday": [
        "6:29",
        "6:45",
        "7:09",
        "7:20",
        "7:34",
        "7:45",
        "7:55",
        "8:05",
        "8:22",
        "8:42",
        "9:02",
        "9:26",
        "9:50",
        "10:14",
        "10:38",
        "11:02",
        "11:26",
        "11:50",
        "12:14",
        "12:38",
        "13:02",
        "13:26",
        "13:50",
        "14:14",
        "14:38",
        "15:02",
        "15:26",
        "15:50",
        "16:14",
        "16:38",
        "17:02",
        "17:26",
        "17:50",
        "18:14",
        "18:38",
        "19:02",
        "19:26"
    ],
    "saturday": [
        "6:36",
        "7:02",
        "7:28",
        "7:50",
        "8:08",
        "8:22",
        "8:38",
        "8:54",
        "9:10",
        "9:26",
        "9:42",
        "10:00",
        "10:20",
        "10:40",
        "11:00",
        "11:20",
        "11:42",
        "12:06",
        "12:33",
        "13:03",
        "13:33",
        "14:03",
        "14:33",
        "15:03",
        "15:33",
        "16:03",
        "16:33",
        "17:03",
        "17:33",
        "18:03",
        "18:33",
        "19:08"
    ],
    "holiday": [
        "6:36",
        "7:02",
        "7:28",
        "7:50",
        "8:08",
        "8:22",
        "8:38",
        "8:54",
        "9:10",
        "9:26",
        "9:42",
        "10:00",
        "10:20",
        "10:40",
        "11:00",
        "11:20",
        "11:42",
        "12:06",
        "12:33",
        "13:03",
        "13:33",
        "14:03",
        "14:33",
        "15:03",
        "15:33",
        "16:03",
        "16:33",
        "17:03",
        "17:33",
        "18:03",
        "18:33",
        "19:08"
    ],
    "url": "https://www.kanachu.co.jp/dia/diagram/timetable01_js/course:0000802787-16/node:00103008/kt:0/lname:/"
}
