{
    "date": "2025/05/11",
    "name": "弘明寺",
    "position": "-",
    "system": "船20",
    "destinations": [
        "通町三丁目",
        "通町一丁目",
        "蒔田駅前",
        "宮元町一丁目",
        "お三の宮",
        "吉野町駅前",
        "吉野町一丁目",
        "阪東橋",
        "横浜橋",
        "曙町(横浜市中区)",
        "長者町五丁目",
        "羽衣町(横浜市中区)",
        "尾上町(横浜市中区)",
        "本町四丁目(横浜市中区)",
        "横浜市役所前",
        "桜木町駅前"
    ],
    "weekday": [
        "6:49",
        "7:06",
        "7:35",
        "7:46",
        "8:00",
        "8:11",
        "8:21",
        "8:31",
        "8:48",
        "9:08",
        "9:28",
        "9:52",
        "10:16",
        "10:40",
        "11:04",
        "11:28",
        "11:52",
        "12:16",
        "12:40",
        "13:04",
        "13:28",
        "13:52",
        "14:16",
        "14:40",
        "15:04",
        "15:28",
        "15:52",
        "16:16",
        "16:40",
        "17:04",
        "17:28",
        "17:52",
        "18:16",
        "18:40",
        "19:04",
        "19:25",
        "19:49"
    ],
    "saturday": [
        "6:58",
        "7:24",
        "7:50",
        "8:13",
        "8:33",
        "8:47",
        "9:03",
        "9:19",
        "9:35",
        "9:51",
        "10:07",
        "10:25",
        "10:45",
        "11:05",
        "11:25",
        "11:45",
        "12:07",
        "12:31",
        "12:58",
        "13:28",
        "13:58",
        "14:28",
        "14:58",
        "15:28",
        "15:58",
        "16:28",
        "16:58",
        "17:28",
        "17:58",
        "18:28",
        "18:58",
        "19:30"
    ],
    "holiday": [
        "6:58",
        "7:24",
        "7:50",
        "8:13",
        "8:33",
        "8:47",
        "9:03",
        "9:19",
        "9:35",
        "9:51",
        "10:07",
        "10:25",
        "10:45",
        "11:05",
        "11:25",
        "11:45",
        "12:07",
        "12:31",
        "12:58",
        "13:28",
        "13:58",
        "14:28",
        "14:58",
        "15:28",
        "15:58",
        "16:28",
        "16:58",
        "17:28",
        "17:58",
        "18:28",
        "18:58",
        "19:30"
    ],
    "url": "https://www.kanachu.co.jp/dia/diagram/timetable01_js/course:0000802787-33/node:00102458/kt:0/lname:/"
}
