{
    "date": "2025/02/24",
    "name": "ひなた山",
    "position": "-",
    "system": "下05",
    "destinations": [
        "上飯田車庫"
    ],
    "weekday": [
        "9:23",
        "10:23",
        "11:23",
        "12:43",
        "13:38",
        "14:28",
        "16:19",
        "17:08",
        "18:15",
        "18:38",
        "20:05",
        "21:11",
        "22:15"
    ],
    "saturday": [
        "9:28",
        "10:48",
        "11:11",
        "13:18",
        "14:18",
        "14:33",
        "16:00",
        "16:28",
        "18:13",
        "18:45",
        "20:13",
        "21:11"
    ],
    "holiday": [
        "9:28",
        "10:48",
        "11:11",
        "13:18",
        "14:18",
        "14:33",
        "16:00",
        "16:28",
        "18:13",
        "18:45",
        "20:13",
        "21:11"
    ],
    "url": "https://www.kanachu.co.jp/dia/diagram/timetable01_js/course:0000803551-23/node:00126702/kt:0/lname:/"
}
