{
    "date": "2026/01/16",
    "name": "泉町中央(横浜市神奈川区)",
    "position": "-",
    "system": "01",
    "destinations": [
        "松本(横浜市神奈川区)",
        "ガーデン下",
        "島田橋(横浜市神奈川区)",
        "三ツ沢下町駅前",
        "三ツ沢中町",
        "三ツ沢小学校前",
        "三ツ沢上町駅前",
        "三ツ沢西町",
        "岡沢下",
        "岡沢町",
        "横浜新道",
        "常盤園前",
        "和田町交差点",
        "保土ヶ谷中学校前",
        "上星川",
        "杉山神社前(横浜市保土ケ谷区)",
        "川島町(横浜市保土ケ谷区)",
        "西谷妙福寺前",
        "梅の木保育園前",
        "梅の木(横浜市保土ケ谷区)",
        "山崎(横浜市保土ケ谷区)",
        "富士見橋(横浜市保土ケ谷区)",
        "寺下橋",
        "中田(横浜市保土ケ谷区)",
        "上菅田町",
        "笹山(横浜市保土ケ谷区)",
        "辻山",
        "地蔵前(横浜市緑区)",
        "鴨居町",
        "中村通",
        "鴨居橋",
        "白山一丁目(横浜市緑区)",
        "緑車庫前",
        "白山ハイテクパーク",
        "石神(横浜市緑区)",
        "上山町(横浜市緑区)",
        "中山小学校南",
        "中山町",
        "西村橋",
        "中山駅"
    ],
    "weekday": [
        "7:17",
        "7:35",
        "7:56",
        "8:50",
        "10:19",
        "11:33",
        "13:00",
        "14:34",
        "15:35",
        "16:49",
        "17:57",
        "19:02",
        "19:57",
        "20:31"
    ],
    "saturday": [
        "7:14",
        "7:59",
        "8:50",
        "10:13",
        "11:35",
        "12:48",
        "13:43",
        "14:43",
        "15:43",
        "16:42",
        "17:42",
        "18:43",
        "19:42"
    ],
    "holiday": [
        "7:14",
        "7:59",
        "8:49",
        "10:12",
        "11:34",
        "12:43",
        "13:43",
        "14:43",
        "15:43",
        "16:43",
        "17:42",
        "18:42",
        "19:42"
    ],
    "url": "https://www.kanachu.co.jp/dia/diagram/timetable01_js/course:0000804253-5/node:00102239/kt:0/lname:/"
}
