{
    "date": "2026/01/16",
    "name": "島田橋(横浜市神奈川区)",
    "position": "-",
    "system": "01",
    "destinations": [
        "三ツ沢下町駅前",
        "三ツ沢中町",
        "三ツ沢小学校前",
        "三ツ沢上町駅前",
        "三ツ沢西町",
        "岡沢下",
        "岡沢町",
        "横浜新道",
        "常盤園前",
        "和田町交差点",
        "保土ヶ谷中学校前",
        "上星川",
        "杉山神社前(横浜市保土ケ谷区)",
        "川島町(横浜市保土ケ谷区)",
        "西谷妙福寺前",
        "梅の木保育園前",
        "梅の木(横浜市保土ケ谷区)",
        "山崎(横浜市保土ケ谷区)",
        "富士見橋(横浜市保土ケ谷区)",
        "寺下橋",
        "中田(横浜市保土ケ谷区)",
        "上菅田町",
        "笹山(横浜市保土ケ谷区)",
        "辻山",
        "地蔵前(横浜市緑区)",
        "鴨居町",
        "中村通",
        "鴨居橋",
        "白山一丁目(横浜市緑区)",
        "緑車庫前",
        "白山ハイテクパーク",
        "石神(横浜市緑区)",
        "上山町(横浜市緑区)",
        "中山小学校南",
        "中山町",
        "西村橋",
        "中山駅"
    ],
    "weekday": [
        "7:21",
        "7:39",
        "8:00",
        "8:54",
        "10:23",
        "11:37",
        "13:03",
        "14:37",
        "15:38",
        "16:52",
        "18:00",
        "19:05",
        "20:00",
        "20:34"
    ],
    "saturday": [
        "7:17",
        "8:02",
        "8:54",
        "10:17",
        "11:39",
        "12:52",
        "13:47",
        "14:47",
        "15:47",
        "16:46",
        "17:46",
        "18:47",
        "19:45"
    ],
    "holiday": [
        "7:17",
        "8:02",
        "8:52",
        "10:15",
        "11:37",
        "12:47",
        "13:47",
        "14:47",
        "15:47",
        "16:47",
        "17:45",
        "18:45",
        "19:45"
    ],
    "url": "https://www.kanachu.co.jp/dia/diagram/timetable01_js/course:0000804253-8/node:00102590/kt:0/lname:/"
}
