{
    "date": "2026/01/16",
    "name": "三ツ沢上町駅前",
    "position": "-",
    "system": "01",
    "destinations": [
        "三ツ沢西町",
        "岡沢下",
        "岡沢町",
        "横浜新道",
        "常盤園前",
        "和田町交差点",
        "保土ヶ谷中学校前",
        "上星川",
        "杉山神社前(横浜市保土ケ谷区)",
        "川島町(横浜市保土ケ谷区)",
        "西谷妙福寺前",
        "梅の木保育園前",
        "梅の木(横浜市保土ケ谷区)",
        "山崎(横浜市保土ケ谷区)",
        "富士見橋(横浜市保土ケ谷区)",
        "寺下橋",
        "中田(横浜市保土ケ谷区)",
        "上菅田町",
        "笹山(横浜市保土ケ谷区)",
        "辻山",
        "地蔵前(横浜市緑区)",
        "鴨居町",
        "中村通",
        "鴨居橋",
        "白山一丁目(横浜市緑区)",
        "緑車庫前",
        "白山ハイテクパーク",
        "石神(横浜市緑区)",
        "上山町(横浜市緑区)",
        "中山小学校南",
        "中山町",
        "西村橋",
        "中山駅"
    ],
    "weekday": [
        "7:25",
        "7:43",
        "8:04",
        "8:58",
        "10:27",
        "11:41",
        "13:07",
        "14:41",
        "15:42",
        "16:56",
        "18:04",
        "19:09",
        "20:04",
        "20:38"
    ],
    "saturday": [
        "7:21",
        "8:06",
        "8:58",
        "10:21",
        "11:43",
        "12:56",
        "13:51",
        "14:51",
        "15:51",
        "16:50",
        "17:50",
        "18:51",
        "19:49"
    ],
    "holiday": [
        "7:21",
        "8:06",
        "8:56",
        "10:19",
        "11:41",
        "12:51",
        "13:51",
        "14:51",
        "15:51",
        "16:51",
        "17:49",
        "18:49",
        "19:49"
    ],
    "url": "https://www.kanachu.co.jp/dia/diagram/timetable01_js/course:0000804253-12/node:00103116/kt:0/lname:/"
}
