{
    "date": "2026/01/16",
    "name": "上星川",
    "position": "-",
    "system": "01",
    "destinations": [
        "杉山神社前(横浜市保土ケ谷区)",
        "川島町(横浜市保土ケ谷区)",
        "西谷妙福寺前",
        "梅の木保育園前",
        "梅の木(横浜市保土ケ谷区)",
        "山崎(横浜市保土ケ谷区)",
        "富士見橋(横浜市保土ケ谷区)",
        "寺下橋",
        "中田(横浜市保土ケ谷区)",
        "上菅田町",
        "笹山(横浜市保土ケ谷区)",
        "辻山",
        "地蔵前(横浜市緑区)",
        "鴨居町",
        "中村通",
        "鴨居橋",
        "白山一丁目(横浜市緑区)",
        "緑車庫前",
        "白山ハイテクパーク",
        "石神(横浜市緑区)",
        "上山町(横浜市緑区)",
        "中山小学校南",
        "中山町",
        "西村橋",
        "中山駅"
    ],
    "weekday": [
        "7:35",
        "7:53",
        "8:13",
        "9:07",
        "10:36",
        "11:50",
        "13:15",
        "14:49",
        "15:50",
        "17:04",
        "18:16",
        "19:17",
        "20:12",
        "20:46"
    ],
    "saturday": [
        "7:29",
        "8:14",
        "9:06",
        "10:29",
        "11:51",
        "13:04",
        "13:59",
        "14:59",
        "15:59",
        "17:02",
        "18:02",
        "18:59",
        "19:57"
    ],
    "holiday": [
        "7:29",
        "8:14",
        "9:04",
        "10:27",
        "11:49",
        "12:59",
        "13:59",
        "14:59",
        "15:59",
        "17:00",
        "17:57",
        "18:57",
        "19:57"
    ],
    "url": "https://www.kanachu.co.jp/dia/diagram/timetable01_js/course:0000804253-20/node:00102369/kt:0/lname:/"
}
