{
    "date": "2026/01/16",
    "name": "梅の木保育園前",
    "position": "-",
    "system": "01",
    "destinations": [
        "梅の木(横浜市保土ケ谷区)",
        "山崎(横浜市保土ケ谷区)",
        "富士見橋(横浜市保土ケ谷区)",
        "寺下橋",
        "中田(横浜市保土ケ谷区)",
        "上菅田町",
        "笹山(横浜市保土ケ谷区)",
        "辻山",
        "地蔵前(横浜市緑区)",
        "鴨居町",
        "中村通",
        "鴨居橋",
        "白山一丁目(横浜市緑区)",
        "緑車庫前",
        "白山ハイテクパーク",
        "石神(横浜市緑区)",
        "上山町(横浜市緑区)",
        "中山小学校南",
        "中山町",
        "西村橋",
        "中山駅"
    ],
    "weekday": [
        "7:40",
        "7:58",
        "8:18",
        "9:12",
        "10:41",
        "11:55",
        "13:20",
        "14:54",
        "15:55",
        "17:09",
        "18:21",
        "19:21",
        "20:16",
        "20:50"
    ],
    "saturday": [
        "7:33",
        "8:19",
        "9:11",
        "10:34",
        "11:56",
        "13:09",
        "14:04",
        "15:04",
        "16:04",
        "17:07",
        "18:07",
        "19:04",
        "20:01"
    ],
    "holiday": [
        "7:33",
        "8:18",
        "9:08",
        "10:31",
        "11:53",
        "13:04",
        "14:04",
        "15:04",
        "16:04",
        "17:05",
        "18:02",
        "19:02",
        "20:01"
    ],
    "url": "https://www.kanachu.co.jp/dia/diagram/timetable01_js/course:0000804253-24/node:00102288/kt:0/lname:/"
}
