{
    "date": "2026/01/16",
    "name": "梅の木(横浜市保土ケ谷区)",
    "position": "-",
    "system": "01",
    "destinations": [
        "山崎(横浜市保土ケ谷区)",
        "富士見橋(横浜市保土ケ谷区)",
        "寺下橋",
        "中田(横浜市保土ケ谷区)",
        "上菅田町",
        "笹山(横浜市保土ケ谷区)",
        "辻山",
        "地蔵前(横浜市緑区)",
        "鴨居町",
        "中村通",
        "鴨居橋",
        "白山一丁目(横浜市緑区)",
        "緑車庫前",
        "白山ハイテクパーク",
        "石神(横浜市緑区)",
        "上山町(横浜市緑区)",
        "中山小学校南",
        "中山町",
        "西村橋",
        "中山駅"
    ],
    "weekday": [
        "7:42",
        "8:00",
        "8:20",
        "9:14",
        "10:43",
        "11:57",
        "13:22",
        "14:56",
        "15:57",
        "17:11",
        "18:23",
        "19:22",
        "20:17",
        "20:51"
    ],
    "saturday": [
        "7:34",
        "8:21",
        "9:13",
        "10:36",
        "11:58",
        "13:11",
        "14:06",
        "15:06",
        "16:06",
        "17:09",
        "18:09",
        "19:05",
        "20:02"
    ],
    "holiday": [
        "7:34",
        "8:19",
        "9:09",
        "10:32",
        "11:54",
        "13:06",
        "14:06",
        "15:06",
        "16:06",
        "17:07",
        "18:04",
        "19:03",
        "20:02"
    ],
    "url": "https://www.kanachu.co.jp/dia/diagram/timetable01_js/course:0000804253-25/node:00102279/kt:0/lname:/"
}
