{
    "date": "2026/01/16",
    "name": "山崎(横浜市保土ケ谷区)",
    "position": "-",
    "system": "01",
    "destinations": [
        "富士見橋(横浜市保土ケ谷区)",
        "寺下橋",
        "中田(横浜市保土ケ谷区)",
        "上菅田町",
        "笹山(横浜市保土ケ谷区)",
        "辻山",
        "地蔵前(横浜市緑区)",
        "鴨居町",
        "中村通",
        "鴨居橋",
        "白山一丁目(横浜市緑区)",
        "緑車庫前",
        "白山ハイテクパーク",
        "石神(横浜市緑区)",
        "上山町(横浜市緑区)",
        "中山小学校南",
        "中山町",
        "西村橋",
        "中山駅"
    ],
    "weekday": [
        "7:43",
        "8:01",
        "8:21",
        "9:15",
        "10:44",
        "11:58",
        "13:23",
        "14:57",
        "15:58",
        "17:12",
        "18:24",
        "19:23",
        "20:18",
        "20:52"
    ],
    "saturday": [
        "7:35",
        "8:22",
        "9:14",
        "10:37",
        "11:59",
        "13:12",
        "14:07",
        "15:07",
        "16:07",
        "17:10",
        "18:10",
        "19:06",
        "20:03"
    ],
    "holiday": [
        "7:35",
        "8:20",
        "9:10",
        "10:33",
        "11:55",
        "13:07",
        "14:07",
        "15:07",
        "16:07",
        "17:08",
        "18:05",
        "19:04",
        "20:03"
    ],
    "url": "https://www.kanachu.co.jp/dia/diagram/timetable01_js/course:0000804253-26/node:00103202/kt:0/lname:/"
}
