{
    "date": "2026/01/16",
    "name": "寺下橋",
    "position": "-",
    "system": "01",
    "destinations": [
        "中田(横浜市保土ケ谷区)",
        "上菅田町",
        "笹山(横浜市保土ケ谷区)",
        "辻山",
        "地蔵前(横浜市緑区)",
        "鴨居町",
        "中村通",
        "鴨居橋",
        "白山一丁目(横浜市緑区)",
        "緑車庫前",
        "白山ハイテクパーク",
        "石神(横浜市緑区)",
        "上山町(横浜市緑区)",
        "中山小学校南",
        "中山町",
        "西村橋",
        "中山駅"
    ],
    "weekday": [
        "7:45",
        "8:03",
        "8:23",
        "9:17",
        "10:46",
        "12:00",
        "13:25",
        "14:59",
        "16:00",
        "17:14",
        "18:26",
        "19:25",
        "20:20",
        "20:54"
    ],
    "saturday": [
        "7:37",
        "8:24",
        "9:16",
        "10:39",
        "12:01",
        "13:14",
        "14:09",
        "15:09",
        "16:09",
        "17:12",
        "18:12",
        "19:08",
        "20:05"
    ],
    "holiday": [
        "7:37",
        "8:22",
        "9:12",
        "10:35",
        "11:57",
        "13:09",
        "14:09",
        "15:09",
        "16:09",
        "17:10",
        "18:07",
        "19:06",
        "20:05"
    ],
    "url": "https://www.kanachu.co.jp/dia/diagram/timetable01_js/course:0000804253-28/node:00102761/kt:0/lname:/"
}
