{
    "date": "2026/01/16",
    "name": "中村通",
    "position": "-",
    "system": "01",
    "destinations": [
        "鴨居橋",
        "白山一丁目(横浜市緑区)",
        "緑車庫前",
        "白山ハイテクパーク",
        "石神(横浜市緑区)",
        "上山町(横浜市緑区)",
        "中山小学校南",
        "中山町",
        "西村橋",
        "中山駅"
    ],
    "weekday": [
        "7:59",
        "8:13",
        "8:33",
        "9:27",
        "10:56",
        "12:10",
        "13:35",
        "15:09",
        "16:10",
        "17:24",
        "18:36",
        "19:35",
        "20:30",
        "21:04"
    ],
    "saturday": [
        "7:47",
        "8:34",
        "9:26",
        "10:49",
        "12:11",
        "13:24",
        "14:19",
        "15:19",
        "16:21",
        "17:24",
        "18:22",
        "19:18",
        "20:15"
    ],
    "holiday": [
        "7:47",
        "8:32",
        "9:22",
        "10:45",
        "12:07",
        "13:19",
        "14:19",
        "15:19",
        "16:19",
        "17:20",
        "18:17",
        "19:16",
        "20:15"
    ],
    "url": "https://www.kanachu.co.jp/dia/diagram/timetable01_js/course:0000804253-35/node:00102852/kt:0/lname:/"
}
