{
    "date": "2024/03/16",
    "name": "半原",
    "position": "-",
    "system": "三51",
    "destinations": [
        "川北(愛甲郡愛川町)",
        "石小屋入口",
        "清正光入口",
        "韮尾根",
        "石ヶ沢",
        "串川橋",
        "長竹(相模原市緑区)",
        "長竹クラブ前",
        "上長竹",
        "関(相模原市緑区)",
        "関・宮原",
        "新屋敷(相模原市緑区)",
        "小沢(相模原市緑区)",
        "青山(相模原市緑区)",
        "三ヶ木新宿",
        "津久井高校前",
        "三ヶ木"
    ],
    "weekday": [
        "6:50",
        "7:55",
        "9:00",
        "12:00",
        "13:00",
        "14:00",
        "16:35",
        "17:50",
        "18:50",
        "19:45"
    ],
    "saturday": [
        "7:55",
        "9:00",
        "12:00",
        "13:00",
        "14:00",
        "16:35",
        "17:50",
        "18:50",
        "19:45"
    ],
    "holiday": [
        "7:55",
        "9:00",
        "12:00",
        "13:00",
        "14:00",
        "16:35",
        "17:50",
        "18:50",
        "19:45"
    ],
    "url": "https://www.kanachu.co.jp/dia/diagram/timetable01_js/course:0000800375-1/node:00128295/kt:0/lname:/"
}
