{
    "date": "2024/03/16",
    "name": "石ヶ沢",
    "position": "-",
    "system": "三51",
    "destinations": [
        "串川橋",
        "長竹(相模原市緑区)",
        "長竹クラブ前",
        "上長竹",
        "関(相模原市緑区)",
        "関・宮原",
        "新屋敷(相模原市緑区)",
        "小沢(相模原市緑区)",
        "青山(相模原市緑区)",
        "三ヶ木新宿",
        "津久井高校前",
        "三ヶ木"
    ],
    "weekday": [
        "6:54",
        "7:59",
        "9:04",
        "12:04",
        "13:04",
        "14:04",
        "16:39",
        "17:54",
        "18:54",
        "19:49"
    ],
    "saturday": [
        "7:59",
        "9:04",
        "12:04",
        "13:04",
        "14:04",
        "16:39",
        "17:54",
        "18:54",
        "19:49"
    ],
    "holiday": [
        "7:59",
        "9:04",
        "12:04",
        "13:04",
        "14:04",
        "16:39",
        "17:54",
        "18:54",
        "19:49"
    ],
    "url": "https://www.kanachu.co.jp/dia/diagram/timetable01_js/course:0000800375-6/node:00128852/kt:0/lname:/"
}
