{
    "date": "2024/03/16",
    "name": "串川橋",
    "position": "-",
    "system": "三51",
    "destinations": [
        "長竹(相模原市緑区)",
        "長竹クラブ前",
        "上長竹",
        "関(相模原市緑区)",
        "関・宮原",
        "新屋敷(相模原市緑区)",
        "小沢(相模原市緑区)",
        "青山(相模原市緑区)",
        "三ヶ木新宿",
        "津久井高校前",
        "三ヶ木"
    ],
    "weekday": [
        "6:56",
        "8:01",
        "9:06",
        "12:06",
        "13:06",
        "14:06",
        "16:41",
        "17:56",
        "18:56",
        "19:51"
    ],
    "saturday": [
        "8:01",
        "9:06",
        "12:06",
        "13:06",
        "14:06",
        "16:41",
        "17:56",
        "18:56",
        "19:51"
    ],
    "holiday": [
        "8:01",
        "9:06",
        "12:06",
        "13:06",
        "14:06",
        "16:41",
        "17:56",
        "18:56",
        "19:51"
    ],
    "url": "https://www.kanachu.co.jp/dia/diagram/timetable01_js/course:0000800375-7/node:00128840/kt:0/lname:/"
}
