{
    "date": "2024/03/16",
    "name": "関・宮原",
    "position": "-",
    "system": "三51",
    "destinations": [
        "新屋敷(相模原市緑区)",
        "小沢(相模原市緑区)",
        "青山(相模原市緑区)",
        "三ヶ木新宿",
        "津久井高校前",
        "三ヶ木"
    ],
    "weekday": [
        "7:01",
        "8:06",
        "9:11",
        "12:11",
        "13:11",
        "14:11",
        "16:46",
        "18:01",
        "19:01",
        "19:56"
    ],
    "saturday": [
        "8:06",
        "9:11",
        "12:11",
        "13:11",
        "14:11",
        "16:46",
        "18:01",
        "19:01",
        "19:56"
    ],
    "holiday": [
        "8:06",
        "9:11",
        "12:11",
        "13:11",
        "14:11",
        "16:46",
        "18:01",
        "19:01",
        "19:56"
    ],
    "url": "https://www.kanachu.co.jp/dia/diagram/timetable01_js/course:0000800375-12/node:00129003/kt:0/lname:/"
}
