{
    "date": "2024/03/16",
    "name": "新屋敷(相模原市緑区)",
    "position": "-",
    "system": "三51",
    "destinations": [
        "小沢(相模原市緑区)",
        "青山(相模原市緑区)",
        "三ヶ木新宿",
        "津久井高校前",
        "三ヶ木"
    ],
    "weekday": [
        "7:02",
        "8:07",
        "9:12",
        "12:12",
        "13:12",
        "14:12",
        "16:47",
        "18:02",
        "19:02",
        "19:57"
    ],
    "saturday": [
        "8:07",
        "9:12",
        "12:12",
        "13:12",
        "14:12",
        "16:47",
        "18:02",
        "19:02",
        "19:57"
    ],
    "holiday": [
        "8:07",
        "9:12",
        "12:12",
        "13:12",
        "14:12",
        "16:47",
        "18:02",
        "19:02",
        "19:57"
    ],
    "url": "https://www.kanachu.co.jp/dia/diagram/timetable01_js/course:0000800375-13/node:00128826/kt:0/lname:/"
}
