{
    "system": "三51",
    "busstops": [
        {
            "index": "1",
            "id": "00128295",
            "name": "半原",
            "lat": "35.545378",
            "lng": "139.266511"
        },
        {
            "index": "2",
            "id": "00128301",
            "name": "川北(愛甲郡愛川町)",
            "lat": "35.545522",
            "lng": "139.263917"
        },
        {
            "index": "3",
            "id": "00128855",
            "name": "石小屋入口",
            "lat": "35.54505",
            "lng": "139.261903"
        },
        {
            "index": "4",
            "id": "00128854",
            "name": "清正光入口",
            "lat": "35.553776",
            "lng": "139.262381"
        },
        {
            "index": "5",
            "id": "00128853",
            "name": "韮尾根",
            "lat": "35.556533",
            "lng": "139.260959"
        },
        {
            "index": "6",
            "id": "00128852",
            "name": "石ヶ沢",
            "lat": "35.561539",
            "lng": "139.264462"
        },
        {
            "index": "7",
            "id": "00128840",
            "name": "串川橋",
            "lat": "35.565407",
            "lng": "139.260812"
        },
        {
            "index": "8",
            "id": "00128839",
            "name": "長竹(相模原市緑区)",
            "lat": "35.565989",
            "lng": "139.256107"
        },
        {
            "index": "9",
            "id": "00128838",
            "name": "長竹クラブ前",
            "lat": "35.566204",
            "lng": "139.253009"
        },
        {
            "index": "10",
            "id": "00128837",
            "name": "上長竹",
            "lat": "35.566254",
            "lng": "139.250938"
        },
        {
            "index": "11",
            "id": "00128827",
            "name": "関(相模原市緑区)",
            "lat": "35.566081",
            "lng": "139.246778"
        },
        {
            "index": "12",
            "id": "00129003",
            "name": "関・宮原",
            "lat": "35.568638",
            "lng": "139.241515"
        },
        {
            "index": "13",
            "id": "00128826",
            "name": "新屋敷(相模原市緑区)",
            "lat": "35.571017",
            "lng": "139.237237"
        },
        {
            "index": "14",
            "id": "00128825",
            "name": "小沢(相模原市緑区)",
            "lat": "35.577546",
            "lng": "139.233965"
        },
        {
            "index": "15",
            "id": "00128753",
            "name": "青山(相模原市緑区)",
            "lat": "35.581641",
            "lng": "139.231119"
        },
        {
            "index": "16",
            "id": "00128752",
            "name": "三ヶ木新宿",
            "lat": "35.583819",
            "lng": "139.229912"
        },
        {
            "index": "17",
            "id": "00128751",
            "name": "津久井高校前",
            "lat": "35.587895",
            "lng": "139.232182"
        },
        {
            "index": "18",
            "id": "00128750",
            "name": "三ヶ木",
            "lat": "35.588304",
            "lng": "139.233312"
        }
    ],
    "route_url": "https://www.kanachu.co.jp/dia/route/index/cid:0000800375/"
}
