{
    "date": "2022/05/16",
    "name": "宮前(厚木市)",
    "position": "-",
    "system": "愛18",
    "destinations": [
        "堂山",
        "愛甲橋",
        "上愛甲",
        "愛甲郵便局前",
        "聖木",
        "籠堰橋",
        "広町橋",
        "小野宮前",
        "小野橋(厚木市)",
        "榎田",
        "若宮橋(厚木市)",
        "通信研究所前(厚木市)",
        "松蔭大学"
    ],
    "weekday": [
        "10:07",
        "10:17",
        "10:22",
        "11:12",
        "11:37",
        "11:52",
        "12:12",
        "12:52",
        "13:32",
        "14:12",
        "14:22",
        "15:17",
        "15:52",
        "16:02",
        "16:22",
        "17:22",
        "17:52"
    ],
    "saturday": [
        "7:37",
        "8:02",
        "8:32",
        "8:47",
        "9:32",
        "10:32",
        "11:32",
        "12:32",
        "13:32",
        "14:32",
        "15:32",
        "16:32",
        "17:32",
        "18:32"
    ],
    "holiday": [
        "8:32",
        "9:32",
        "10:32",
        "11:32",
        "12:32",
        "13:32",
        "14:32",
        "15:32",
        "16:32",
        "17:32"
    ],
    "url": "https://www.kanachu.co.jp/dia/diagram/timetable01_js/course:0000800032-2/node:00128495/kt:0/lname:/"
}
