{
    "date": "2022/05/16",
    "name": "小野橋(厚木市)",
    "position": "-",
    "system": "愛18",
    "destinations": [
        "榎田",
        "若宮橋(厚木市)",
        "通信研究所前(厚木市)",
        "松蔭大学"
    ],
    "weekday": [
        "10:15",
        "10:25",
        "10:30",
        "11:20",
        "11:45",
        "12:00",
        "12:20",
        "13:00",
        "13:40",
        "14:20",
        "14:30",
        "15:25",
        "16:00",
        "16:10",
        "16:30",
        "17:30",
        "18:00"
    ],
    "saturday": [
        "7:44",
        "8:09",
        "8:39",
        "8:54",
        "9:39",
        "10:39",
        "11:39",
        "12:39",
        "13:39",
        "14:39",
        "15:39",
        "16:39",
        "17:39",
        "18:39"
    ],
    "holiday": [
        "8:39",
        "9:39",
        "10:39",
        "11:39",
        "12:39",
        "13:39",
        "14:39",
        "15:39",
        "16:39",
        "17:39"
    ],
    "url": "https://www.kanachu.co.jp/dia/diagram/timetable01_js/course:0000800032-11/node:00128450/kt:0/lname:/"
}
