{
    "date": "2022/05/16",
    "name": "若宮橋(厚木市)",
    "position": "-",
    "system": "愛18",
    "destinations": [
        "通信研究所前(厚木市)",
        "松蔭大学"
    ],
    "weekday": [
        "10:17",
        "10:27",
        "10:32",
        "11:22",
        "11:47",
        "12:02",
        "12:22",
        "13:02",
        "13:42",
        "14:22",
        "14:32",
        "15:27",
        "16:02",
        "16:12",
        "16:32",
        "17:32",
        "18:02"
    ],
    "saturday": [
        "7:46",
        "8:11",
        "8:41",
        "8:56",
        "9:41",
        "10:41",
        "11:41",
        "12:41",
        "13:41",
        "14:41",
        "15:41",
        "16:41",
        "17:41",
        "18:41"
    ],
    "holiday": [
        "8:41",
        "9:41",
        "10:41",
        "11:41",
        "12:41",
        "13:41",
        "14:41",
        "15:41",
        "16:41",
        "17:41"
    ],
    "url": "https://www.kanachu.co.jp/dia/diagram/timetable01_js/course:0000800032-13/node:00128497/kt:0/lname:/"
}
