{
    "date": "2022/05/16",
    "name": "通信研究所前(厚木市)",
    "position": "-",
    "system": "愛18",
    "destinations": [
        "松蔭大学"
    ],
    "weekday": [
        "10:19",
        "10:29",
        "10:34",
        "11:24",
        "11:49",
        "12:04",
        "12:24",
        "13:04",
        "13:44",
        "14:24",
        "14:34",
        "15:29",
        "16:04",
        "16:14",
        "16:34",
        "17:34",
        "18:04"
    ],
    "saturday": [
        "7:48",
        "8:13",
        "8:43",
        "8:58",
        "9:43",
        "10:43",
        "11:43",
        "12:43",
        "13:43",
        "14:43",
        "15:43",
        "16:43",
        "17:43",
        "18:43"
    ],
    "holiday": [
        "8:43",
        "9:43",
        "10:43",
        "11:43",
        "12:43",
        "13:43",
        "14:43",
        "15:43",
        "16:43",
        "17:43"
    ],
    "url": "https://www.kanachu.co.jp/dia/diagram/timetable01_js/course:0000800032-14/node:00128518/kt:0/lname:/"
}
