{
    "date": "2025/03/15",
    "name": "綾瀬車庫(綾瀬市)",
    "position": "-",
    "system": "長38",
    "destinations": [
        "春日原(綾瀬市)",
        "市民文化センター前(綾瀬市)",
        "綾瀬市役所",
        "綾瀬タウンヒルズ前",
        "中郷(綾瀬市)",
        "綾瀬小学校前",
        "綾瀬農協前",
        "大邸",
        "大法寺(綾瀬市)",
        "上落合(綾瀬市)",
        "落合(綾瀬市)",
        "中川橋",
        "上土棚",
        "並塚",
        "上谷台",
        "長後駅西口"
    ],
    "weekday": [
        "9:58",
        "10:28",
        "10:58",
        "11:28",
        "11:58",
        "12:28",
        "12:58",
        "13:28",
        "13:58",
        "14:28",
        "14:58",
        "15:28",
        "15:58",
        "16:33",
        "16:58",
        "17:43",
        "17:58",
        "18:27"
    ],
    "saturday": [],
    "holiday": [],
    "url": "https://www.kanachu.co.jp/dia/diagram/timetable01_js/course:0000800885-1/node:00129845/kt:0/lname:/"
}
