{
    "date": "2025/03/15",
    "name": "綾瀬小学校前",
    "position": "-",
    "system": "長38",
    "destinations": [
        "綾瀬農協前",
        "大邸",
        "大法寺(綾瀬市)",
        "上落合(綾瀬市)",
        "落合(綾瀬市)",
        "中川橋",
        "上土棚",
        "並塚",
        "上谷台",
        "長後駅西口"
    ],
    "weekday": [
        "10:08",
        "10:38",
        "11:08",
        "11:38",
        "12:08",
        "12:38",
        "13:08",
        "13:38",
        "14:08",
        "14:38",
        "15:08",
        "15:38",
        "16:08",
        "16:43",
        "17:08",
        "17:53",
        "18:08",
        "18:37"
    ],
    "saturday": [],
    "holiday": [],
    "url": "https://www.kanachu.co.jp/dia/diagram/timetable01_js/course:0000800885-7/node:00129858/kt:0/lname:/"
}
