{
    "date": "2025/10/20",
    "name": "新田宿南",
    "position": "-",
    "system": "台04",
    "destinations": [
        "新田宿中央",
        "ひまわり畑入口",
        "新河原宿",
        "座間電話局前",
        "鈴鹿(座間市)",
        "星谷観音前",
        "座間駅",
        "天台(座間市)",
        "立野台公園北",
        "立野台",
        "立野台下",
        "市営住宅前(座間市)",
        "緑ヶ丘住宅入口",
        "市役所谷戸山公園前",
        "座間中学校前",
        "相武台前駅"
    ],
    "weekday": [
        "7:42",
        "8:42",
        "9:22",
        "10:17",
        "11:17",
        "12:17",
        "13:17",
        "14:17",
        "15:17",
        "16:17",
        "17:17",
        "18:17"
    ],
    "saturday": [
        "8:16",
        "9:17",
        "10:17",
        "11:17",
        "12:17",
        "13:17",
        "14:17",
        "15:17",
        "16:17",
        "17:17"
    ],
    "holiday": [
        "8:16",
        "9:17",
        "10:17",
        "11:17",
        "12:17",
        "13:17",
        "14:17",
        "15:17",
        "16:17",
        "17:17"
    ],
    "url": "https://www.kanachu.co.jp/dia/diagram/timetable01_js/course:0000801311-2/node:00129670/kt:0/lname:/"
}
