{
    "date": "2025/10/20",
    "name": "ひまわり畑入口",
    "position": "-",
    "system": "台04",
    "destinations": [
        "新河原宿",
        "座間電話局前",
        "鈴鹿(座間市)",
        "星谷観音前",
        "座間駅",
        "天台(座間市)",
        "立野台公園北",
        "立野台",
        "立野台下",
        "市営住宅前(座間市)",
        "緑ヶ丘住宅入口",
        "市役所谷戸山公園前",
        "座間中学校前",
        "相武台前駅"
    ],
    "weekday": [
        "7:44",
        "8:44",
        "9:24",
        "10:19",
        "11:19",
        "12:19",
        "13:19",
        "14:19",
        "15:19",
        "16:19",
        "17:19",
        "18:19"
    ],
    "saturday": [
        "8:18",
        "9:19",
        "10:19",
        "11:19",
        "12:19",
        "13:19",
        "14:19",
        "15:19",
        "16:19",
        "17:19"
    ],
    "holiday": [
        "8:18",
        "9:19",
        "10:19",
        "11:19",
        "12:19",
        "13:19",
        "14:19",
        "15:19",
        "16:19",
        "17:19"
    ],
    "url": "https://www.kanachu.co.jp/dia/diagram/timetable01_js/course:0000801311-4/node:00129668/kt:0/lname:/"
}
