{
    "date": "2025/10/20",
    "name": "新河原宿",
    "position": "-",
    "system": "台04",
    "destinations": [
        "座間電話局前",
        "鈴鹿(座間市)",
        "星谷観音前",
        "座間駅",
        "天台(座間市)",
        "立野台公園北",
        "立野台",
        "立野台下",
        "市営住宅前(座間市)",
        "緑ヶ丘住宅入口",
        "市役所谷戸山公園前",
        "座間中学校前",
        "相武台前駅"
    ],
    "weekday": [
        "7:45",
        "8:45",
        "9:25",
        "10:20",
        "11:20",
        "12:20",
        "13:20",
        "14:20",
        "15:20",
        "16:20",
        "17:20",
        "18:20"
    ],
    "saturday": [
        "8:19",
        "9:20",
        "10:20",
        "11:20",
        "12:20",
        "13:20",
        "14:20",
        "15:20",
        "16:20",
        "17:20"
    ],
    "holiday": [
        "8:19",
        "9:20",
        "10:20",
        "11:20",
        "12:20",
        "13:20",
        "14:20",
        "15:20",
        "16:20",
        "17:20"
    ],
    "url": "https://www.kanachu.co.jp/dia/diagram/timetable01_js/course:0000801311-5/node:00129736/kt:0/lname:/"
}
