{
    "date": "2025/10/20",
    "name": "鈴鹿(座間市)",
    "position": "-",
    "system": "台04",
    "destinations": [
        "星谷観音前",
        "座間駅",
        "天台(座間市)",
        "立野台公園北",
        "立野台",
        "立野台下",
        "市営住宅前(座間市)",
        "緑ヶ丘住宅入口",
        "市役所谷戸山公園前",
        "座間中学校前",
        "相武台前駅"
    ],
    "weekday": [
        "7:48",
        "8:48",
        "9:28",
        "10:23",
        "11:23",
        "12:23",
        "13:23",
        "14:23",
        "15:23",
        "16:23",
        "17:23",
        "18:23"
    ],
    "saturday": [
        "8:22",
        "9:23",
        "10:23",
        "11:23",
        "12:23",
        "13:23",
        "14:23",
        "15:23",
        "16:23",
        "17:23"
    ],
    "holiday": [
        "8:22",
        "9:23",
        "10:23",
        "11:23",
        "12:23",
        "13:23",
        "14:23",
        "15:23",
        "16:23",
        "17:23"
    ],
    "url": "https://www.kanachu.co.jp/dia/diagram/timetable01_js/course:0000801311-7/node:00128569/kt:0/lname:/"
}
