{
    "date": "2025/10/20",
    "name": "市役所谷戸山公園前",
    "position": "-",
    "system": "台04",
    "destinations": [
        "座間中学校前",
        "相武台前駅"
    ],
    "weekday": [
        "8:03",
        "9:03",
        "9:43",
        "10:38",
        "11:38",
        "12:38",
        "13:38",
        "14:38",
        "15:38",
        "16:38",
        "17:38",
        "18:38"
    ],
    "saturday": [
        "8:35",
        "9:38",
        "10:38",
        "11:38",
        "12:38",
        "13:38",
        "14:38",
        "15:38",
        "16:38",
        "17:38"
    ],
    "holiday": [
        "8:35",
        "9:38",
        "10:38",
        "11:38",
        "12:38",
        "13:38",
        "14:38",
        "15:38",
        "16:38",
        "17:38"
    ],
    "url": "https://www.kanachu.co.jp/dia/diagram/timetable01_js/course:0000801311-16/node:00130003/kt:0/lname:/"
}
