{
    "date": "2024/03/16",
    "name": "紅葉橋(横浜市栄区)",
    "position": "-",
    "system": "港88",
    "destinations": [
        "上之",
        "上之中央",
        "犬山南",
        "犬山",
        "矢沢(横浜市栄区)",
        "桂山公園",
        "桂台中央",
        "北桂台",
        "本郷小学校前",
        "本郷(横浜市栄区)",
        "中野町",
        "元大橋",
        "若竹町(横浜市栄区)",
        "元大橋公園前",
        "港南台西公園",
        "横浜女子短期大学前",
        "港南台駅"
    ],
    "weekday": [
        "14:42",
        "15:42",
        "16:42",
        "17:42",
        "18:32",
        "19:32",
        "20:31",
        "21:01",
        "21:44",
        "22:06",
        "22:36"
    ],
    "saturday": [
        "13:53",
        "14:53",
        "15:54",
        "16:54",
        "17:54"
    ],
    "holiday": [
        "13:53",
        "14:53",
        "15:54",
        "16:54",
        "17:54"
    ],
    "url": "https://www.kanachu.co.jp/dia/diagram/timetable01_js/course:0000800601-11/node:00126514/kt:0/lname:/"
}
