{
    "date": "2024/03/16",
    "name": "桂台中央",
    "position": "-",
    "system": "港88",
    "destinations": [
        "北桂台",
        "本郷小学校前",
        "本郷(横浜市栄区)",
        "中野町",
        "元大橋",
        "若竹町(横浜市栄区)",
        "元大橋公園前",
        "港南台西公園",
        "横浜女子短期大学前",
        "港南台駅"
    ],
    "weekday": [
        "14:49",
        "15:49",
        "16:49",
        "17:49",
        "18:39",
        "19:39",
        "20:38",
        "21:08",
        "21:51",
        "22:13",
        "22:43"
    ],
    "saturday": [
        "14:00",
        "15:00",
        "16:01",
        "17:01",
        "18:01"
    ],
    "holiday": [
        "14:00",
        "15:00",
        "16:01",
        "17:01",
        "18:01"
    ],
    "url": "https://www.kanachu.co.jp/dia/diagram/timetable01_js/course:0000800601-18/node:00126537/kt:0/lname:/"
}
