{
    "date": "2024/03/16",
    "name": "横浜女子短期大学前",
    "position": "-",
    "system": "港88",
    "destinations": [
        "港南台駅"
    ],
    "weekday": [
        "14:59",
        "15:59",
        "16:59",
        "17:59",
        "18:49",
        "19:49",
        "20:48",
        "21:18",
        "22:01",
        "22:23",
        "22:53"
    ],
    "saturday": [
        "14:10",
        "15:10",
        "16:11",
        "17:11",
        "18:11"
    ],
    "holiday": [
        "14:10",
        "15:10",
        "16:11",
        "17:11",
        "18:11"
    ],
    "url": "https://www.kanachu.co.jp/dia/diagram/timetable01_js/course:0000800601-27/node:00103234/kt:0/lname:/"
}
