{
    "date": "2020/11/24",
    "name": "宮ノ前(横浜市栄区)",
    "position": "-",
    "system": "船25",
    "destinations": [
        "小蓋山",
        "田谷(横浜市栄区)",
        "常勝寺(横浜市栄区)",
        "青少年センター前(横浜市栄区)",
        "千秀小学校前",
        "神社前(横浜市栄区)",
        "小雀",
        "庚申塚(横浜市戸塚区)",
        "原宿四ツ角",
        "横浜医療センター前",
        "三叉路(横浜市戸塚区)",
        "横浜薬大南門",
        "俣野公園・横浜薬大前",
        "集会所前(横浜市戸塚区)",
        "ドリームハイツ"
    ],
    "weekday": [
        "6:49",
        "7:25",
        "7:49",
        "8:19",
        "8:31",
        "8:37",
        "8:51",
        "8:57",
        "9:09",
        "9:17",
        "9:33",
        "9:49",
        "10:09",
        "10:36",
        "11:06",
        "11:36",
        "12:06",
        "12:36",
        "13:06",
        "13:36",
        "14:06",
        "14:36",
        "15:06",
        "15:36",
        "16:06",
        "16:36",
        "17:06",
        "17:36",
        "17:49",
        "18:13",
        "19:01",
        "19:24",
        "19:59",
        "20:39",
        "21:19",
        "21:59",
        "22:29"
    ],
    "saturday": [
        "6:39",
        "7:04",
        "7:44",
        "8:14",
        "8:44",
        "9:14",
        "9:44",
        "10:14",
        "10:44",
        "11:04",
        "11:44",
        "12:04",
        "12:44",
        "13:04",
        "13:44",
        "14:04",
        "14:44",
        "15:04",
        "15:44",
        "16:04",
        "16:44",
        "17:04",
        "17:44",
        "18:04",
        "18:44",
        "19:04",
        "19:44",
        "20:04",
        "21:04",
        "22:04"
    ],
    "holiday": [
        "6:39",
        "7:04",
        "7:44",
        "8:04",
        "8:44",
        "9:04",
        "9:44",
        "10:04",
        "10:44",
        "11:04",
        "11:44",
        "12:04",
        "12:44",
        "13:04",
        "13:44",
        "14:04",
        "14:44",
        "15:04",
        "15:44",
        "16:04",
        "16:44",
        "17:04",
        "17:44",
        "18:04",
        "18:44",
        "19:04",
        "19:44",
        "20:04",
        "21:04",
        "22:04"
    ],
    "url": "https://www.kanachu.co.jp/dia/diagram/timetable01_js/course:0000801089-4/node:00126852/kt:0/lname:/"
}
