{
    "date": "2020/11/24",
    "name": "千秀小学校前",
    "position": "-",
    "system": "船25",
    "destinations": [
        "神社前(横浜市栄区)",
        "小雀",
        "庚申塚(横浜市戸塚区)",
        "原宿四ツ角",
        "横浜医療センター前",
        "三叉路(横浜市戸塚区)",
        "横浜薬大南門",
        "俣野公園・横浜薬大前",
        "集会所前(横浜市戸塚区)",
        "ドリームハイツ"
    ],
    "weekday": [
        "6:54",
        "7:30",
        "7:54",
        "8:24",
        "8:36",
        "8:42",
        "8:56",
        "9:02",
        "9:14",
        "9:22",
        "9:38",
        "9:54",
        "10:14",
        "10:41",
        "11:11",
        "11:41",
        "12:11",
        "12:41",
        "13:11",
        "13:41",
        "14:11",
        "14:41",
        "15:11",
        "15:41",
        "16:11",
        "16:41",
        "17:11",
        "17:41",
        "17:54",
        "18:18",
        "19:06",
        "19:29",
        "20:04",
        "20:44",
        "21:24",
        "22:04",
        "22:34"
    ],
    "saturday": [
        "6:44",
        "7:09",
        "7:49",
        "8:19",
        "8:49",
        "9:19",
        "9:49",
        "10:19",
        "10:49",
        "11:09",
        "11:49",
        "12:09",
        "12:49",
        "13:09",
        "13:49",
        "14:09",
        "14:49",
        "15:09",
        "15:49",
        "16:09",
        "16:49",
        "17:09",
        "17:49",
        "18:09",
        "18:49",
        "19:09",
        "19:49",
        "20:09",
        "21:09",
        "22:09"
    ],
    "holiday": [
        "6:44",
        "7:09",
        "7:49",
        "8:09",
        "8:49",
        "9:09",
        "9:49",
        "10:09",
        "10:49",
        "11:09",
        "11:49",
        "12:09",
        "12:49",
        "13:09",
        "13:49",
        "14:09",
        "14:49",
        "15:09",
        "15:49",
        "16:09",
        "16:49",
        "17:09",
        "17:49",
        "18:09",
        "18:49",
        "19:09",
        "19:49",
        "20:09",
        "21:09",
        "22:09"
    ],
    "url": "https://www.kanachu.co.jp/dia/diagram/timetable01_js/course:0000801089-9/node:00126923/kt:0/lname:/"
}
