{
    "date": "2020/11/24",
    "name": "原宿四ツ角",
    "position": "-",
    "system": "船25",
    "destinations": [
        "横浜医療センター前",
        "三叉路(横浜市戸塚区)",
        "横浜薬大南門",
        "俣野公園・横浜薬大前",
        "集会所前(横浜市戸塚区)",
        "ドリームハイツ"
    ],
    "weekday": [
        "6:59",
        "7:35",
        "7:59",
        "8:29",
        "8:41",
        "8:47",
        "9:01",
        "9:07",
        "9:19",
        "9:27",
        "9:43",
        "9:59",
        "10:19",
        "10:46",
        "11:16",
        "11:46",
        "12:16",
        "12:46",
        "13:16",
        "13:46",
        "14:16",
        "14:46",
        "15:16",
        "15:46",
        "16:16",
        "16:46",
        "17:16",
        "17:46",
        "17:59",
        "18:23",
        "19:11",
        "19:34",
        "20:09",
        "20:49",
        "21:29",
        "22:09",
        "22:39"
    ],
    "saturday": [
        "6:49",
        "7:14",
        "7:54",
        "8:24",
        "8:54",
        "9:24",
        "9:54",
        "10:24",
        "10:54",
        "11:14",
        "11:54",
        "12:14",
        "12:54",
        "13:14",
        "13:54",
        "14:14",
        "14:54",
        "15:14",
        "15:54",
        "16:14",
        "16:54",
        "17:14",
        "17:54",
        "18:14",
        "18:54",
        "19:14",
        "19:54",
        "20:14",
        "21:14",
        "22:14"
    ],
    "holiday": [
        "6:49",
        "7:14",
        "7:54",
        "8:14",
        "8:54",
        "9:14",
        "9:54",
        "10:14",
        "10:54",
        "11:14",
        "11:54",
        "12:14",
        "12:54",
        "13:14",
        "13:54",
        "14:14",
        "14:54",
        "15:14",
        "15:54",
        "16:14",
        "16:54",
        "17:14",
        "17:54",
        "18:14",
        "18:54",
        "19:14",
        "19:54",
        "20:14",
        "21:14",
        "22:14"
    ],
    "url": "https://www.kanachu.co.jp/dia/diagram/timetable01_js/course:0000801089-13/node:00126927/kt:0/lname:/"
}
