{
    "date": "2020/11/24",
    "name": "横浜医療センター前",
    "position": "-",
    "system": "船25",
    "destinations": [
        "三叉路(横浜市戸塚区)",
        "横浜薬大南門",
        "俣野公園・横浜薬大前",
        "集会所前(横浜市戸塚区)",
        "ドリームハイツ"
    ],
    "weekday": [
        "7:01",
        "7:37",
        "8:01",
        "8:31",
        "8:43",
        "8:49",
        "9:03",
        "9:09",
        "9:21",
        "9:29",
        "9:45",
        "10:01",
        "10:21",
        "10:48",
        "11:18",
        "11:48",
        "12:18",
        "12:48",
        "13:18",
        "13:48",
        "14:18",
        "14:48",
        "15:18",
        "15:48",
        "16:18",
        "16:48",
        "17:18",
        "17:48",
        "18:01",
        "18:25",
        "19:13",
        "19:36",
        "20:11",
        "20:51",
        "21:31",
        "22:11",
        "22:41"
    ],
    "saturday": [
        "6:51",
        "7:16",
        "7:56",
        "8:26",
        "8:56",
        "9:26",
        "9:56",
        "10:26",
        "10:56",
        "11:16",
        "11:56",
        "12:16",
        "12:56",
        "13:16",
        "13:56",
        "14:16",
        "14:56",
        "15:16",
        "15:56",
        "16:16",
        "16:56",
        "17:16",
        "17:56",
        "18:16",
        "18:56",
        "19:16",
        "19:56",
        "20:16",
        "21:16",
        "22:16"
    ],
    "holiday": [
        "6:51",
        "7:16",
        "7:56",
        "8:16",
        "8:56",
        "9:16",
        "9:56",
        "10:16",
        "10:56",
        "11:16",
        "11:56",
        "12:16",
        "12:56",
        "13:16",
        "13:56",
        "14:16",
        "14:56",
        "15:16",
        "15:56",
        "16:16",
        "16:56",
        "17:16",
        "17:56",
        "18:16",
        "18:56",
        "19:16",
        "19:56",
        "20:16",
        "21:16",
        "22:16"
    ],
    "url": "https://www.kanachu.co.jp/dia/diagram/timetable01_js/course:0000801089-14/node:00126819/kt:0/lname:/"
}
