{
    "date": "2020/11/24",
    "name": "俣野公園・横浜薬大前",
    "position": "-",
    "system": "船25",
    "destinations": [
        "集会所前(横浜市戸塚区)",
        "ドリームハイツ"
    ],
    "weekday": [
        "7:05",
        "7:41",
        "8:05",
        "8:35",
        "8:47",
        "8:53",
        "9:07",
        "9:13",
        "9:25",
        "9:33",
        "9:49",
        "10:05",
        "10:25",
        "10:52",
        "11:22",
        "11:52",
        "12:22",
        "12:52",
        "13:22",
        "13:52",
        "14:22",
        "14:52",
        "15:22",
        "15:52",
        "16:22",
        "16:52",
        "17:22",
        "17:52",
        "18:05",
        "18:29",
        "19:17",
        "19:40",
        "20:15",
        "20:55",
        "21:35",
        "22:15",
        "22:45"
    ],
    "saturday": [
        "6:55",
        "7:20",
        "8:00",
        "8:30",
        "9:00",
        "9:30",
        "10:00",
        "10:30",
        "11:00",
        "11:20",
        "12:00",
        "12:20",
        "13:00",
        "13:20",
        "14:00",
        "14:20",
        "15:00",
        "15:20",
        "16:00",
        "16:20",
        "17:00",
        "17:20",
        "18:00",
        "18:20",
        "19:00",
        "19:20",
        "20:00",
        "20:20",
        "21:20",
        "22:20"
    ],
    "holiday": [
        "6:55",
        "7:20",
        "8:00",
        "8:20",
        "9:00",
        "9:20",
        "10:00",
        "10:20",
        "11:00",
        "11:20",
        "12:00",
        "12:20",
        "13:00",
        "13:20",
        "14:00",
        "14:20",
        "15:00",
        "15:20",
        "16:00",
        "16:20",
        "17:00",
        "17:20",
        "18:00",
        "18:20",
        "19:00",
        "19:20",
        "20:00",
        "20:20",
        "21:20",
        "22:20"
    ],
    "url": "https://www.kanachu.co.jp/dia/diagram/timetable01_js/course:0000801089-17/node:00126822/kt:0/lname:/"
}
