{
    "date": "2025/07/12",
    "name": "本町小学校前(藤沢市)",
    "position": "-",
    "system": "藤36",
    "destinations": [
        "南仲通り二丁目",
        "南仲通り",
        "相生町(藤沢市)",
        "三富士町",
        "藤沢駅北口"
    ],
    "weekday": [],
    "saturday": [
        "10:26",
        "11:31",
        "13:36"
    ],
    "holiday": [
        "10:26",
        "11:31",
        "13:36"
    ],
    "url": "https://www.kanachu.co.jp/dia/diagram/timetable01_js/course:0000800743-10/node:00127109/kt:0/lname:/"
}
