{
    "date": "2025/05/11",
    "name": "笠間一丁目",
    "position": "-",
    "system": "船15",
    "destinations": [
        "岩井口",
        "笠間町",
        "笠間十字路",
        "平島(鎌倉市)",
        "鎌倉女子大前",
        "公田",
        "栄警察署前",
        "天神橋(横浜市栄区)",
        "南河内(横浜市栄区)",
        "本郷小学校前",
        "本郷(横浜市栄区)",
        "中野町",
        "稲荷森",
        "山手学院入口",
        "本郷車庫前(横浜市栄区)"
    ],
    "weekday": [
        "8:31",
        "8:56",
        "9:11",
        "9:23",
        "9:36",
        "9:41",
        "9:51",
        "9:56",
        "10:26",
        "10:36",
        "10:56",
        "11:11",
        "12:11",
        "13:26"
    ],
    "saturday": [
        "11:36",
        "11:56",
        "13:01",
        "16:01",
        "16:36"
    ],
    "holiday": [
        "11:36",
        "11:56",
        "13:01",
        "16:01",
        "16:36"
    ],
    "url": "https://www.kanachu.co.jp/dia/diagram/timetable01_js/course:0000802800-2/node:00126500/kt:0/lname:/"
}
