{
    "date": "2025/05/11",
    "name": "笠間町",
    "position": "-",
    "system": "船15",
    "destinations": [
        "笠間十字路",
        "平島(鎌倉市)",
        "鎌倉女子大前",
        "公田",
        "栄警察署前",
        "天神橋(横浜市栄区)",
        "南河内(横浜市栄区)",
        "本郷小学校前",
        "本郷(横浜市栄区)",
        "中野町",
        "稲荷森",
        "山手学院入口",
        "本郷車庫前(横浜市栄区)"
    ],
    "weekday": [
        "8:33",
        "8:58",
        "9:13",
        "9:25",
        "9:38",
        "9:43",
        "9:53",
        "9:58",
        "10:28",
        "10:38",
        "10:58",
        "11:13",
        "12:13",
        "13:28"
    ],
    "saturday": [
        "11:38",
        "11:58",
        "13:03",
        "16:03",
        "16:38"
    ],
    "holiday": [
        "11:38",
        "11:58",
        "13:03",
        "16:03",
        "16:38"
    ],
    "url": "https://www.kanachu.co.jp/dia/diagram/timetable01_js/course:0000802800-4/node:00126502/kt:0/lname:/"
}
