{
    "date": "2025/05/11",
    "name": "平島(鎌倉市)",
    "position": "-",
    "system": "船15",
    "destinations": [
        "鎌倉女子大前",
        "公田",
        "栄警察署前",
        "天神橋(横浜市栄区)",
        "南河内(横浜市栄区)",
        "本郷小学校前",
        "本郷(横浜市栄区)",
        "中野町",
        "稲荷森",
        "山手学院入口",
        "本郷車庫前(横浜市栄区)"
    ],
    "weekday": [
        "8:36",
        "9:01",
        "9:16",
        "9:28",
        "9:41",
        "9:46",
        "9:56",
        "10:01",
        "10:31",
        "10:41",
        "11:01",
        "11:16",
        "12:16",
        "13:31"
    ],
    "saturday": [
        "11:41",
        "12:01",
        "13:06",
        "16:07",
        "16:42"
    ],
    "holiday": [
        "11:41",
        "12:01",
        "13:06",
        "16:07",
        "16:42"
    ],
    "url": "https://www.kanachu.co.jp/dia/diagram/timetable01_js/course:0000802800-6/node:00126504/kt:0/lname:/"
}
