{
    "date": "2025/05/11",
    "name": "栄警察署前",
    "position": "-",
    "system": "船15",
    "destinations": [
        "天神橋(横浜市栄区)",
        "南河内(横浜市栄区)",
        "本郷小学校前",
        "本郷(横浜市栄区)",
        "中野町",
        "稲荷森",
        "山手学院入口",
        "本郷車庫前(横浜市栄区)"
    ],
    "weekday": [
        "8:40",
        "9:05",
        "9:20",
        "9:32",
        "9:45",
        "9:50",
        "10:00",
        "10:05",
        "10:35",
        "10:45",
        "11:05",
        "11:20",
        "12:20",
        "13:35"
    ],
    "saturday": [
        "11:45",
        "12:05",
        "13:10",
        "16:11",
        "16:46"
    ],
    "holiday": [
        "11:45",
        "12:05",
        "13:10",
        "16:11",
        "16:46"
    ],
    "url": "https://www.kanachu.co.jp/dia/diagram/timetable01_js/course:0000802800-9/node:00126609/kt:0/lname:/"
}
