{
    "date": "2025/05/11",
    "name": "本郷(横浜市栄区)",
    "position": "-",
    "system": "船15",
    "destinations": [
        "中野町",
        "稲荷森",
        "山手学院入口",
        "本郷車庫前(横浜市栄区)"
    ],
    "weekday": [
        "8:44",
        "9:09",
        "9:24",
        "9:36",
        "9:49",
        "9:54",
        "10:04",
        "10:09",
        "10:39",
        "10:49",
        "11:09",
        "11:24",
        "12:24",
        "13:39"
    ],
    "saturday": [
        "11:51",
        "12:11",
        "13:16",
        "16:16",
        "16:51"
    ],
    "holiday": [
        "11:51",
        "12:11",
        "13:16",
        "16:16",
        "16:51"
    ],
    "url": "https://www.kanachu.co.jp/dia/diagram/timetable01_js/course:0000802800-13/node:00126510/kt:0/lname:/"
}
