{
    "date": "2026/01/16",
    "name": "飯田神社前",
    "position": "-",
    "system": "い06",
    "destinations": [
        "団地入口(横浜市泉区)",
        "児童公園前(横浜市泉区)",
        "小学校前(横浜市泉区)",
        "上飯田団地",
        "金子山",
        "泉警察署前",
        "いずみ野駅"
    ],
    "weekday": [
        "13:26",
        "14:06",
        "14:46",
        "15:26",
        "16:06",
        "16:46",
        "17:26",
        "18:06",
        "18:46",
        "19:26",
        "20:06"
    ],
    "saturday": [
        "13:16",
        "13:56",
        "14:36",
        "15:16",
        "15:56",
        "16:36",
        "17:16",
        "17:56",
        "18:36",
        "19:16"
    ],
    "holiday": [
        "13:16",
        "13:56",
        "14:38",
        "15:16",
        "15:56",
        "16:36",
        "17:16",
        "17:56",
        "18:36",
        "19:16"
    ],
    "url": "https://www.kanachu.co.jp/dia/diagram/timetable01_js/course:0000804153-14/node:00126795/kt:0/lname:/"
}
