{
    "date": "2026/01/16",
    "name": "元町(中郡二宮町)",
    "position": "-",
    "system": "二45",
    "destinations": [
        "堂面(中郡二宮町)",
        "中島(中郡二宮町)",
        "中里(中郡二宮町)",
        "二宮高校入口",
        "緑が丘・二宮高校前",
        "緑が丘西(中郡二宮町)",
        "中央公園前(中郡二宮町)",
        "緑が丘南(中郡二宮町)",
        "温水プール前(中郡二宮町)",
        "緑が丘三丁目(中郡二宮町)",
        "緑が丘二丁目(中郡二宮町)"
    ],
    "weekday": [
        "8:19",
        "8:43",
        "21:38"
    ],
    "saturday": [
        "8:51"
    ],
    "holiday": [
        "8:51"
    ],
    "url": "https://www.kanachu.co.jp/dia/diagram/timetable01_js/course:0000804012-2/node:00127791/kt:0/lname:/"
}
