{
    "date": "2025/01/14",
    "name": "金田(厚木市)",
    "position": "-",
    "system": "厚79",
    "destinations": [
        "金田下宿",
        "積水ソフランウイズ前",
        "鮎津橋",
        "元町(厚木市)",
        "小田急通り",
        "厚木バスセンター"
    ],
    "weekday": [
        "6:37",
        "7:07",
        "11:17",
        "12:10",
        "13:27",
        "15:06",
        "16:26",
        "17:18",
        "17:58",
        "18:46",
        "19:38"
    ],
    "saturday": [
        "7:14",
        "8:51",
        "11:14",
        "12:15",
        "14:14",
        "15:14",
        "17:14",
        "18:16",
        "20:13"
    ],
    "holiday": [
        "8:49",
        "10:49",
        "11:49",
        "13:49",
        "14:49",
        "16:49",
        "17:50",
        "19:48"
    ],
    "url": "https://www.kanachu.co.jp/dia/diagram/timetable01_js/course:0000800428-17/node:00128347/kt:0/lname:/"
}
