{
    "date": "2024/04/01",
    "name": "大久保(伊勢原市)",
    "position": "-",
    "system": "愛02",
    "destinations": [
        "すみだ公園",
        "あかね台入口(伊勢原市)",
        "高森四丁目",
        "会館前(伊勢原市)",
        "高森二丁目",
        "18号棟前",
        "22号棟前",
        "5号棟前",
        "すみだ公園",
        "大久保(伊勢原市)",
        "一之崎",
        "道了尊入口",
        "愛甲石田駅"
    ],
    "weekday": [
        "6:24",
        "6:49",
        "7:04",
        "7:17",
        "7:40",
        "7:49",
        "8:02",
        "8:12",
        "8:22",
        "8:32",
        "8:46",
        "9:04",
        "9:23",
        "9:40",
        "10:10",
        "10:42",
        "11:10",
        "11:40",
        "12:09",
        "12:40",
        "13:09",
        "13:40",
        "14:09",
        "14:40",
        "15:09",
        "15:40",
        "16:10",
        "16:41",
        "17:11",
        "17:37",
        "17:51",
        "18:11",
        "18:27",
        "18:49",
        "19:16",
        "19:43",
        "20:42",
        "21:11",
        "21:36",
        "22:00"
    ],
    "saturday": [
        "7:24",
        "8:04",
        "8:24",
        "8:44",
        "9:04",
        "9:29",
        "10:04",
        "10:34",
        "11:04",
        "11:34",
        "12:04",
        "12:39",
        "13:09",
        "13:39",
        "14:09",
        "14:39",
        "15:09",
        "15:39",
        "16:11",
        "16:39",
        "17:11",
        "17:31",
        "17:52",
        "18:11",
        "18:43",
        "19:11",
        "19:43",
        "20:11",
        "20:41",
        "21:09",
        "21:41"
    ],
    "holiday": [
        "7:24",
        "8:04",
        "8:24",
        "8:44",
        "9:04",
        "9:29",
        "10:04",
        "10:34",
        "11:04",
        "11:34",
        "12:04",
        "12:39",
        "13:09",
        "13:39",
        "14:09",
        "14:39",
        "15:09",
        "15:39",
        "16:11",
        "16:39",
        "17:11",
        "17:31",
        "17:52",
        "18:11",
        "18:43",
        "19:11",
        "19:43",
        "20:11",
        "20:41",
        "21:09",
        "21:41"
    ],
    "url": "https://www.kanachu.co.jp/dia/diagram/timetable01_js/course:0000800614-4/node:00128203/kt:0/lname:/"
}
