{
    "date": "2024/04/01",
    "name": "すみだ公園",
    "position": "-",
    "system": "愛02",
    "destinations": [
        "あかね台入口(伊勢原市)",
        "高森四丁目",
        "会館前(伊勢原市)",
        "高森二丁目",
        "18号棟前",
        "22号棟前",
        "5号棟前",
        "すみだ公園",
        "大久保(伊勢原市)",
        "一之崎",
        "道了尊入口",
        "愛甲石田駅"
    ],
    "weekday": [
        "6:25",
        "6:50",
        "7:05",
        "7:18",
        "7:41",
        "7:50",
        "8:03",
        "8:13",
        "8:23",
        "8:33",
        "8:47",
        "9:05",
        "9:24",
        "9:41",
        "10:11",
        "10:43",
        "11:11",
        "11:41",
        "12:10",
        "12:41",
        "13:10",
        "13:41",
        "14:10",
        "14:41",
        "15:10",
        "15:41",
        "16:11",
        "16:42",
        "17:12",
        "17:38",
        "17:52",
        "18:12",
        "18:28",
        "18:50",
        "19:17",
        "19:44",
        "20:43",
        "21:12",
        "21:37",
        "22:01"
    ],
    "saturday": [
        "7:25",
        "8:05",
        "8:25",
        "8:45",
        "9:05",
        "9:30",
        "10:05",
        "10:35",
        "11:05",
        "11:35",
        "12:05",
        "12:40",
        "13:10",
        "13:40",
        "14:10",
        "14:40",
        "15:10",
        "15:40",
        "16:12",
        "16:40",
        "17:12",
        "17:32",
        "17:53",
        "18:12",
        "18:44",
        "19:12",
        "19:44",
        "20:12",
        "20:42",
        "21:10",
        "21:42"
    ],
    "holiday": [
        "7:25",
        "8:05",
        "8:25",
        "8:45",
        "9:05",
        "9:30",
        "10:05",
        "10:35",
        "11:05",
        "11:35",
        "12:05",
        "12:40",
        "13:10",
        "13:40",
        "14:10",
        "14:40",
        "15:10",
        "15:40",
        "16:12",
        "16:40",
        "17:12",
        "17:32",
        "17:53",
        "18:12",
        "18:44",
        "19:12",
        "19:44",
        "20:12",
        "20:42",
        "21:10",
        "21:42"
    ],
    "url": "https://www.kanachu.co.jp/dia/diagram/timetable01_js/course:0000800614-5/node:00128240/kt:0/lname:/"
}
