{
    "date": "2024/04/01",
    "name": "高森二丁目",
    "position": "-",
    "system": "愛02",
    "destinations": [
        "18号棟前",
        "22号棟前",
        "5号棟前",
        "すみだ公園",
        "大久保(伊勢原市)",
        "一之崎",
        "道了尊入口",
        "愛甲石田駅"
    ],
    "weekday": [
        "6:29",
        "6:54",
        "7:09",
        "7:22",
        "7:45",
        "7:54",
        "8:07",
        "8:17",
        "8:27",
        "8:37",
        "8:51",
        "9:09",
        "9:28",
        "9:45",
        "10:15",
        "10:47",
        "11:15",
        "11:45",
        "12:14",
        "12:45",
        "13:14",
        "13:45",
        "14:14",
        "14:45",
        "15:14",
        "15:45",
        "16:15",
        "16:46",
        "17:16",
        "17:42",
        "17:56",
        "18:16",
        "18:32",
        "18:54",
        "19:21",
        "19:48",
        "20:47",
        "21:16",
        "21:41",
        "22:05"
    ],
    "saturday": [
        "7:29",
        "8:09",
        "8:29",
        "8:49",
        "9:09",
        "9:34",
        "10:09",
        "10:39",
        "11:09",
        "11:39",
        "12:09",
        "12:44",
        "13:14",
        "13:44",
        "14:14",
        "14:44",
        "15:14",
        "15:44",
        "16:16",
        "16:44",
        "17:16",
        "17:36",
        "17:57",
        "18:16",
        "18:48",
        "19:16",
        "19:48",
        "20:16",
        "20:46",
        "21:14",
        "21:46"
    ],
    "holiday": [
        "7:29",
        "8:09",
        "8:29",
        "8:49",
        "9:09",
        "9:34",
        "10:09",
        "10:39",
        "11:09",
        "11:39",
        "12:09",
        "12:44",
        "13:14",
        "13:44",
        "14:14",
        "14:44",
        "15:14",
        "15:44",
        "16:16",
        "16:44",
        "17:16",
        "17:36",
        "17:57",
        "18:16",
        "18:48",
        "19:16",
        "19:48",
        "20:16",
        "20:46",
        "21:14",
        "21:46"
    ],
    "url": "https://www.kanachu.co.jp/dia/diagram/timetable01_js/course:0000800614-9/node:00128244/kt:0/lname:/"
}
