{
    "date": "2024/04/01",
    "name": "18号棟前",
    "position": "-",
    "system": "愛02",
    "destinations": [
        "22号棟前",
        "5号棟前",
        "すみだ公園",
        "大久保(伊勢原市)",
        "一之崎",
        "道了尊入口",
        "愛甲石田駅"
    ],
    "weekday": [
        "6:30",
        "6:55",
        "7:10",
        "7:23",
        "7:46",
        "7:55",
        "8:08",
        "8:18",
        "8:28",
        "8:38",
        "8:52",
        "9:10",
        "9:29",
        "9:46",
        "10:16",
        "10:48",
        "11:16",
        "11:46",
        "12:15",
        "12:46",
        "13:15",
        "13:46",
        "14:15",
        "14:46",
        "15:15",
        "15:46",
        "16:16",
        "16:47",
        "17:17",
        "17:43",
        "17:57",
        "18:17",
        "18:33",
        "18:55",
        "19:22",
        "19:49",
        "20:48",
        "21:17",
        "21:42",
        "22:06"
    ],
    "saturday": [
        "7:30",
        "8:10",
        "8:30",
        "8:50",
        "9:10",
        "9:35",
        "10:10",
        "10:40",
        "11:10",
        "11:40",
        "12:10",
        "12:45",
        "13:15",
        "13:45",
        "14:15",
        "14:45",
        "15:15",
        "15:45",
        "16:17",
        "16:45",
        "17:17",
        "17:37",
        "17:58",
        "18:17",
        "18:49",
        "19:17",
        "19:49",
        "20:17",
        "20:47",
        "21:15",
        "21:47"
    ],
    "holiday": [
        "7:30",
        "8:10",
        "8:30",
        "8:50",
        "9:10",
        "9:35",
        "10:10",
        "10:40",
        "11:10",
        "11:40",
        "12:10",
        "12:45",
        "13:15",
        "13:45",
        "14:15",
        "14:45",
        "15:15",
        "15:45",
        "16:17",
        "16:45",
        "17:17",
        "17:37",
        "17:58",
        "18:17",
        "18:49",
        "19:17",
        "19:49",
        "20:17",
        "20:47",
        "21:15",
        "21:47"
    ],
    "url": "https://www.kanachu.co.jp/dia/diagram/timetable01_js/course:0000800614-10/node:00128245/kt:0/lname:/"
}
