{
    "date": "2024/04/01",
    "name": "22号棟前",
    "position": "-",
    "system": "愛02",
    "destinations": [
        "5号棟前",
        "すみだ公園",
        "大久保(伊勢原市)",
        "一之崎",
        "道了尊入口",
        "愛甲石田駅"
    ],
    "weekday": [
        "6:31",
        "6:56",
        "7:11",
        "7:24",
        "7:47",
        "7:56",
        "8:09",
        "8:19",
        "8:29",
        "8:39",
        "8:53",
        "9:11",
        "9:30",
        "9:47",
        "10:17",
        "10:49",
        "11:17",
        "11:47",
        "12:16",
        "12:47",
        "13:16",
        "13:47",
        "14:16",
        "14:47",
        "15:16",
        "15:47",
        "16:17",
        "16:48",
        "17:18",
        "17:44",
        "17:58",
        "18:18",
        "18:34",
        "18:56",
        "19:23",
        "19:50",
        "20:49",
        "21:18",
        "21:43",
        "22:07"
    ],
    "saturday": [
        "7:31",
        "8:11",
        "8:31",
        "8:51",
        "9:11",
        "9:36",
        "10:11",
        "10:41",
        "11:11",
        "11:41",
        "12:11",
        "12:46",
        "13:16",
        "13:46",
        "14:16",
        "14:46",
        "15:16",
        "15:46",
        "16:18",
        "16:46",
        "17:18",
        "17:38",
        "17:59",
        "18:18",
        "18:50",
        "19:18",
        "19:50",
        "20:18",
        "20:48",
        "21:16",
        "21:48"
    ],
    "holiday": [
        "7:31",
        "8:11",
        "8:31",
        "8:51",
        "9:11",
        "9:36",
        "10:11",
        "10:41",
        "11:11",
        "11:41",
        "12:11",
        "12:46",
        "13:16",
        "13:46",
        "14:16",
        "14:46",
        "15:16",
        "15:46",
        "16:18",
        "16:46",
        "17:18",
        "17:38",
        "17:59",
        "18:18",
        "18:50",
        "19:18",
        "19:50",
        "20:18",
        "20:48",
        "21:16",
        "21:48"
    ],
    "url": "https://www.kanachu.co.jp/dia/diagram/timetable01_js/course:0000800614-11/node:00128246/kt:0/lname:/"
}
