{
    "date": "2026/01/16",
    "name": "瓜生野入口",
    "position": "-",
    "system": "秦45",
    "destinations": [
        "才ヶ分踏切",
        "才ヶ分",
        "室川橋(下大槻団地線)",
        "河原町(秦野市)",
        "台町(秦野市)",
        "片町通り",
        "上宿通り",
        "大川橋(秦野市)",
        "まほろば大橋",
        "秦野駅"
    ],
    "weekday": [
        "6:39",
        "7:03",
        "8:27",
        "11:31",
        "16:27",
        "17:29",
        "19:46",
        "20:40"
    ],
    "saturday": [
        "12:26",
        "18:36",
        "20:36"
    ],
    "holiday": [
        "12:26",
        "18:36",
        "20:36"
    ],
    "url": "https://www.kanachu.co.jp/dia/diagram/timetable01_js/course:0000804298-11/node:00127752/kt:0/lname:/"
}
