{
    "date": "2026/01/16",
    "name": "才ヶ分踏切",
    "position": "-",
    "system": "秦45",
    "destinations": [
        "才ヶ分",
        "室川橋(下大槻団地線)",
        "河原町(秦野市)",
        "台町(秦野市)",
        "片町通り",
        "上宿通り",
        "大川橋(秦野市)",
        "まほろば大橋",
        "秦野駅"
    ],
    "weekday": [
        "6:40",
        "7:04",
        "8:28",
        "11:32",
        "16:28",
        "17:30",
        "19:47",
        "20:41"
    ],
    "saturday": [
        "12:27",
        "18:37",
        "20:37"
    ],
    "holiday": [
        "12:27",
        "18:37",
        "20:37"
    ],
    "url": "https://www.kanachu.co.jp/dia/diagram/timetable01_js/course:0000804298-12/node:00127751/kt:0/lname:/"
}
