{
    "date": "2026/01/16",
    "name": "才ヶ分",
    "position": "-",
    "system": "秦45",
    "destinations": [
        "室川橋(下大槻団地線)",
        "河原町(秦野市)",
        "台町(秦野市)",
        "片町通り",
        "上宿通り",
        "大川橋(秦野市)",
        "まほろば大橋",
        "秦野駅"
    ],
    "weekday": [
        "6:41",
        "7:05",
        "8:29",
        "11:33",
        "16:29",
        "17:31",
        "19:48",
        "20:42"
    ],
    "saturday": [
        "12:28",
        "18:38",
        "20:38"
    ],
    "holiday": [
        "12:28",
        "18:38",
        "20:38"
    ],
    "url": "https://www.kanachu.co.jp/dia/diagram/timetable01_js/course:0000804298-13/node:00127750/kt:0/lname:/"
}
