{
    "system": "秦45",
    "busstops": [
        {
            "index": "1",
            "id": "00128055",
            "name": "東海大学前駅南口",
            "lat": "35.372975",
            "lng": "139.27191"
        },
        {
            "index": "2",
            "id": "00127760",
            "name": "東海大学前駅入口",
            "lat": "35.371603",
            "lng": "139.273893"
        },
        {
            "index": "3",
            "id": "00127759",
            "name": "東海大学北門",
            "lat": "35.366193",
            "lng": "139.27271"
        },
        {
            "index": "4",
            "id": "00127758",
            "name": "学校入口(秦野市)",
            "lat": "35.365173",
            "lng": "139.269775"
        },
        {
            "index": "5",
            "id": "00127757",
            "name": "矢名",
            "lat": "35.363756",
            "lng": "139.266526"
        },
        {
            "index": "6",
            "id": "00127756",
            "name": "宿矢名",
            "lat": "35.36261",
            "lng": "139.262284"
        },
        {
            "index": "7",
            "id": "00127754",
            "name": "広畑ふれあいプラザ前",
            "lat": "35.360623",
            "lng": "139.262568"
        },
        {
            "index": "8",
            "id": "00127755",
            "name": "下大槻団地",
            "lat": "35.360409",
            "lng": "139.264288"
        },
        {
            "index": "9",
            "id": "00127754",
            "name": "広畑ふれあいプラザ前",
            "lat": "35.360591",
            "lng": "139.262338"
        },
        {
            "index": "10",
            "id": "00127753",
            "name": "秦野高校前",
            "lat": "35.363209",
            "lng": "139.257786"
        },
        {
            "index": "11",
            "id": "00127752",
            "name": "瓜生野入口",
            "lat": "35.362387",
            "lng": "139.25208"
        },
        {
            "index": "12",
            "id": "00127751",
            "name": "才ヶ分踏切",
            "lat": "35.363202",
            "lng": "139.248159"
        },
        {
            "index": "13",
            "id": "00127750",
            "name": "才ヶ分",
            "lat": "35.365313",
            "lng": "139.245255"
        },
        {
            "index": "14",
            "id": "00130509",
            "name": "室川橋(下大槻団地線)",
            "lat": "35.367411",
            "lng": "139.241556"
        },
        {
            "index": "15",
            "id": "00127720",
            "name": "河原町(秦野市)",
            "lat": "35.369308",
            "lng": "139.234181"
        },
        {
            "index": "16",
            "id": "00127719",
            "name": "台町(秦野市)",
            "lat": "35.371621",
            "lng": "139.229725"
        },
        {
            "index": "17",
            "id": "00127718",
            "name": "片町通り",
            "lat": "35.373086",
            "lng": "139.228594"
        },
        {
            "index": "18",
            "id": "00127717",
            "name": "上宿通り",
            "lat": "35.373824",
            "lng": "139.226745"
        },
        {
            "index": "19",
            "id": "00127716",
            "name": "大川橋(秦野市)",
            "lat": "35.37285",
            "lng": "139.225009"
        },
        {
            "index": "20",
            "id": "00128033",
            "name": "まほろば大橋",
            "lat": "35.371621",
            "lng": "139.226445"
        },
        {
            "index": "21",
            "id": "00127715",
            "name": "秦野駅",
            "lat": "35.370293",
            "lng": "139.226956"
        }
    ],
    "route_url": "https://www.kanachu.co.jp/dia/route/index/cid:0000804298/"
}
