{
    "date": "2025/04/01",
    "name": "袖ヶ浜",
    "position": "-",
    "system": "平16",
    "destinations": [
        "八間通り入口",
        "すみれ平",
        "花水小学校前",
        "松風町(平塚市)",
        "松風公園入口",
        "教会前(平塚市)",
        "商工会議所前",
        "平塚駅南口"
    ],
    "weekday": [
        "5:35",
        "6:10",
        "6:23",
        "6:35",
        "6:50",
        "7:00",
        "7:10",
        "7:23",
        "7:35",
        "7:47",
        "8:00",
        "8:15",
        "8:35",
        "8:55",
        "9:15",
        "9:35",
        "9:55",
        "10:15",
        "10:35",
        "10:55",
        "11:15",
        "11:35",
        "11:55",
        "12:15",
        "12:35",
        "12:55"
    ],
    "saturday": [
        "6:10",
        "6:35",
        "7:00",
        "7:20",
        "7:40",
        "8:00",
        "8:17",
        "8:35",
        "8:50",
        "9:05",
        "9:25",
        "9:45",
        "10:05",
        "10:25",
        "10:45",
        "11:05",
        "11:25",
        "11:45",
        "12:05",
        "12:25",
        "12:45"
    ],
    "holiday": [
        "6:10",
        "6:35",
        "7:00",
        "7:20",
        "7:40",
        "8:00",
        "8:17",
        "8:35",
        "8:50",
        "9:05",
        "9:25",
        "9:45",
        "10:05",
        "10:25",
        "10:45",
        "11:05",
        "11:25",
        "11:45",
        "12:05",
        "12:25",
        "12:45"
    ],
    "url": "https://www.kanachu.co.jp/dia/diagram/timetable01_js/course:0000803791-6/node:00127463/kt:0/lname:/"
}
