{
    "date": "2025/04/01",
    "name": "松風町(平塚市)",
    "position": "-",
    "system": "平16",
    "destinations": [
        "松風公園入口",
        "教会前(平塚市)",
        "商工会議所前",
        "平塚駅南口"
    ],
    "weekday": [
        "5:40",
        "6:15",
        "6:28",
        "6:40",
        "6:55",
        "7:05",
        "7:15",
        "7:28",
        "7:40",
        "7:52",
        "8:05",
        "8:20",
        "8:40",
        "9:00",
        "9:20",
        "9:40",
        "10:00",
        "10:20",
        "10:40",
        "11:00",
        "11:20",
        "11:40",
        "12:00",
        "12:20",
        "12:40",
        "13:00"
    ],
    "saturday": [
        "6:14",
        "6:39",
        "7:04",
        "7:24",
        "7:44",
        "8:04",
        "8:21",
        "8:39",
        "8:54",
        "9:09",
        "9:29",
        "9:49",
        "10:09",
        "10:29",
        "10:49",
        "11:09",
        "11:29",
        "11:49",
        "12:09",
        "12:29",
        "12:49"
    ],
    "holiday": [
        "6:14",
        "6:39",
        "7:04",
        "7:24",
        "7:44",
        "8:04",
        "8:21",
        "8:39",
        "8:54",
        "9:09",
        "9:29",
        "9:49",
        "10:09",
        "10:29",
        "10:49",
        "11:09",
        "11:29",
        "11:49",
        "12:09",
        "12:29",
        "12:49"
    ],
    "url": "https://www.kanachu.co.jp/dia/diagram/timetable01_js/course:0000803791-10/node:00127453/kt:0/lname:/"
}
