{
    "date": "2017/04/01",
    "name": "食の創造館前",
    "position": "-",
    "system": "海73",
    "destinations": [
        "海老名ケアサポートセンター前",
        "東今里",
        "北上河内",
        "オアシス湘南病院前",
        "中河内",
        "天神下(海老名市)",
        "下河内",
        "本郷五反田橋",
        "十二天",
        "行安寺",
        "湘南ユニテック前",
        "才戸第一",
        "キリンビバレッジ前",
        "北部文化福祉会館前",
        "旭保育園入口",
        "旭が丘中学校入口",
        "寒川神社",
        "寒川神社参道",
        "寒川郵便局前",
        "図書館文書館前",
        "寒川駅"
    ],
    "weekday": [
        "6:45",
        "7:45",
        "8:45",
        "9:45",
        "12:43",
        "13:43",
        "16:43",
        "17:43",
        "18:43",
        "19:43"
    ],
    "saturday": [
        "10:28",
        "11:28",
        "12:28",
        "14:43",
        "15:43",
        "16:43"
    ],
    "holiday": [
        "10:28",
        "11:28",
        "12:28",
        "14:43",
        "15:43",
        "16:43"
    ],
    "url": "https://www.kanachu.co.jp/dia/diagram/timetable01_js/course:0000802511-4/node:00130466/kt:0/lname:/"
}
