{
    "date": "2017/04/01",
    "name": "中河内",
    "position": "-",
    "system": "海73",
    "destinations": [
        "天神下(海老名市)",
        "下河内",
        "本郷五反田橋",
        "十二天",
        "行安寺",
        "湘南ユニテック前",
        "才戸第一",
        "キリンビバレッジ前",
        "北部文化福祉会館前",
        "旭保育園入口",
        "旭が丘中学校入口",
        "寒川神社",
        "寒川神社参道",
        "寒川郵便局前",
        "図書館文書館前",
        "寒川駅"
    ],
    "weekday": [
        "6:49",
        "7:49",
        "8:49",
        "9:49",
        "12:47",
        "13:47",
        "16:47",
        "17:47",
        "18:47",
        "19:47"
    ],
    "saturday": [
        "10:32",
        "11:32",
        "12:32",
        "14:47",
        "15:47",
        "16:47"
    ],
    "holiday": [
        "10:32",
        "11:32",
        "12:32",
        "14:47",
        "15:47",
        "16:47"
    ],
    "url": "https://www.kanachu.co.jp/dia/diagram/timetable01_js/course:0000802511-9/node:00130469/kt:0/lname:/"
}
