{
    "date": "2017/04/01",
    "name": "下河内",
    "position": "-",
    "system": "海73",
    "destinations": [
        "本郷五反田橋",
        "十二天",
        "行安寺",
        "湘南ユニテック前",
        "才戸第一",
        "キリンビバレッジ前",
        "北部文化福祉会館前",
        "旭保育園入口",
        "旭が丘中学校入口",
        "寒川神社",
        "寒川神社参道",
        "寒川郵便局前",
        "図書館文書館前",
        "寒川駅"
    ],
    "weekday": [
        "6:52",
        "7:52",
        "8:52",
        "9:52",
        "12:50",
        "13:50",
        "16:50",
        "17:50",
        "18:50",
        "19:50"
    ],
    "saturday": [
        "10:35",
        "11:35",
        "12:35",
        "14:50",
        "15:50",
        "16:50"
    ],
    "holiday": [
        "10:35",
        "11:35",
        "12:35",
        "14:50",
        "15:50",
        "16:50"
    ],
    "url": "https://www.kanachu.co.jp/dia/diagram/timetable01_js/course:0000802511-11/node:00130471/kt:0/lname:/"
}
