{
    "date": "2017/04/01",
    "name": "十二天",
    "position": "-",
    "system": "海73",
    "destinations": [
        "行安寺",
        "湘南ユニテック前",
        "才戸第一",
        "キリンビバレッジ前",
        "北部文化福祉会館前",
        "旭保育園入口",
        "旭が丘中学校入口",
        "寒川神社",
        "寒川神社参道",
        "寒川郵便局前",
        "図書館文書館前",
        "寒川駅"
    ],
    "weekday": [
        "6:56",
        "7:56",
        "8:56",
        "9:56",
        "12:54",
        "13:54",
        "16:54",
        "17:54",
        "18:54",
        "19:54"
    ],
    "saturday": [
        "10:39",
        "11:39",
        "12:39",
        "14:54",
        "15:54",
        "16:54"
    ],
    "holiday": [
        "10:39",
        "11:39",
        "12:39",
        "14:54",
        "15:54",
        "16:54"
    ],
    "url": "https://www.kanachu.co.jp/dia/diagram/timetable01_js/course:0000802511-13/node:00130246/kt:0/lname:/"
}
