{
    "date": "2017/04/01",
    "name": "行安寺",
    "position": "-",
    "system": "海73",
    "destinations": [
        "湘南ユニテック前",
        "才戸第一",
        "キリンビバレッジ前",
        "北部文化福祉会館前",
        "旭保育園入口",
        "旭が丘中学校入口",
        "寒川神社",
        "寒川神社参道",
        "寒川郵便局前",
        "図書館文書館前",
        "寒川駅"
    ],
    "weekday": [
        "6:57",
        "7:57",
        "8:57",
        "9:57",
        "12:55",
        "13:55",
        "16:55",
        "17:55",
        "18:55",
        "19:55"
    ],
    "saturday": [
        "10:40",
        "11:40",
        "12:40",
        "14:55",
        "15:55",
        "16:55"
    ],
    "holiday": [
        "10:40",
        "11:40",
        "12:40",
        "14:55",
        "15:55",
        "16:55"
    ],
    "url": "https://www.kanachu.co.jp/dia/diagram/timetable01_js/course:0000802511-14/node:00130245/kt:0/lname:/"
}
