{
    "date": "2017/04/01",
    "name": "湘南ユニテック前",
    "position": "-",
    "system": "海73",
    "destinations": [
        "才戸第一",
        "キリンビバレッジ前",
        "北部文化福祉会館前",
        "旭保育園入口",
        "旭が丘中学校入口",
        "寒川神社",
        "寒川神社参道",
        "寒川郵便局前",
        "図書館文書館前",
        "寒川駅"
    ],
    "weekday": [
        "6:58",
        "7:58",
        "8:58",
        "9:58",
        "12:56",
        "13:56",
        "16:56",
        "17:56",
        "18:56",
        "19:56"
    ],
    "saturday": [
        "10:41",
        "11:41",
        "12:41",
        "14:56",
        "15:56",
        "16:56"
    ],
    "holiday": [
        "10:41",
        "11:41",
        "12:41",
        "14:56",
        "15:56",
        "16:56"
    ],
    "url": "https://www.kanachu.co.jp/dia/diagram/timetable01_js/course:0000802511-15/node:00130244/kt:0/lname:/"
}
