{
    "date": "2017/04/01",
    "name": "才戸第一",
    "position": "-",
    "system": "海73",
    "destinations": [
        "キリンビバレッジ前",
        "北部文化福祉会館前",
        "旭保育園入口",
        "旭が丘中学校入口",
        "寒川神社",
        "寒川神社参道",
        "寒川郵便局前",
        "図書館文書館前",
        "寒川駅"
    ],
    "weekday": [
        "6:59",
        "7:59",
        "8:59",
        "9:59",
        "12:57",
        "13:57",
        "16:57",
        "17:57",
        "18:57",
        "19:57"
    ],
    "saturday": [
        "10:42",
        "11:42",
        "12:42",
        "14:57",
        "15:57",
        "16:57"
    ],
    "holiday": [
        "10:42",
        "11:42",
        "12:42",
        "14:57",
        "15:57",
        "16:57"
    ],
    "url": "https://www.kanachu.co.jp/dia/diagram/timetable01_js/course:0000802511-16/node:00130243/kt:0/lname:/"
}
