{
    "date": "2017/04/01",
    "name": "キリンビバレッジ前",
    "position": "-",
    "system": "海73",
    "destinations": [
        "北部文化福祉会館前",
        "旭保育園入口",
        "旭が丘中学校入口",
        "寒川神社",
        "寒川神社参道",
        "寒川郵便局前",
        "図書館文書館前",
        "寒川駅"
    ],
    "weekday": [
        "7:00",
        "8:00",
        "9:00",
        "10:00",
        "12:58",
        "13:58",
        "16:58",
        "17:58",
        "18:58",
        "19:58"
    ],
    "saturday": [
        "10:43",
        "11:43",
        "12:43",
        "14:58",
        "15:58",
        "16:58"
    ],
    "holiday": [
        "10:43",
        "11:43",
        "12:43",
        "14:58",
        "15:58",
        "16:58"
    ],
    "url": "https://www.kanachu.co.jp/dia/diagram/timetable01_js/course:0000802511-17/node:00130476/kt:0/lname:/"
}
