{
    "date": "2017/04/01",
    "name": "北部文化福祉会館前",
    "position": "-",
    "system": "海73",
    "destinations": [
        "旭保育園入口",
        "旭が丘中学校入口",
        "寒川神社",
        "寒川神社参道",
        "寒川郵便局前",
        "図書館文書館前",
        "寒川駅"
    ],
    "weekday": [
        "7:02",
        "8:02",
        "9:02",
        "10:02",
        "13:00",
        "14:00",
        "17:00",
        "18:00",
        "19:00",
        "20:00"
    ],
    "saturday": [
        "10:45",
        "11:45",
        "12:45",
        "15:00",
        "16:00",
        "17:00"
    ],
    "holiday": [
        "10:45",
        "11:45",
        "12:45",
        "15:00",
        "16:00",
        "17:00"
    ],
    "url": "https://www.kanachu.co.jp/dia/diagram/timetable01_js/course:0000802511-18/node:00130241/kt:0/lname:/"
}
