{
    "date": "2017/04/01",
    "name": "旭が丘中学校入口",
    "position": "-",
    "system": "海73",
    "destinations": [
        "寒川神社",
        "寒川神社参道",
        "寒川郵便局前",
        "図書館文書館前",
        "寒川駅"
    ],
    "weekday": [
        "7:03",
        "8:03",
        "9:03",
        "10:03",
        "13:01",
        "14:01",
        "17:01",
        "18:01",
        "19:01",
        "20:01"
    ],
    "saturday": [
        "10:46",
        "11:46",
        "12:46",
        "15:01",
        "16:01",
        "17:01"
    ],
    "holiday": [
        "10:46",
        "11:46",
        "12:46",
        "15:01",
        "16:01",
        "17:01"
    ],
    "url": "https://www.kanachu.co.jp/dia/diagram/timetable01_js/course:0000802511-20/node:00130239/kt:0/lname:/"
}
