{
    "date": "2017/04/01",
    "name": "寒川神社",
    "position": "-",
    "system": "海73",
    "destinations": [
        "寒川神社参道",
        "寒川郵便局前",
        "図書館文書館前",
        "寒川駅"
    ],
    "weekday": [
        "7:04",
        "8:04",
        "9:04",
        "10:04",
        "13:02",
        "14:02",
        "17:02",
        "18:02",
        "19:02",
        "20:02"
    ],
    "saturday": [
        "10:47",
        "11:47",
        "12:47",
        "15:02",
        "16:02",
        "17:02"
    ],
    "holiday": [
        "10:47",
        "11:47",
        "12:47",
        "15:02",
        "16:02",
        "17:02"
    ],
    "url": "https://www.kanachu.co.jp/dia/diagram/timetable01_js/course:0000802511-21/node:00130237/kt:0/lname:/"
}
