{
    "date": "2025/08/30",
    "name": "市民の森入口(横浜市戸塚区)",
    "position": "-",
    "system": "東55",
    "destinations": [
        "柏尾台中央",
        "上柏尾第二公園入口",
        "上柏尾第三公園下",
        "上柏尾町",
        "神社前(横浜市戸塚区)",
        "赤関橋",
        "品濃口",
        "環2平戸",
        "品濃坂",
        "東戸塚駅東口"
    ],
    "weekday": [
        "6:23",
        "7:08"
    ],
    "saturday": [
        "7:08"
    ],
    "holiday": [
        "7:08"
    ],
    "url": "https://www.kanachu.co.jp/dia/diagram/timetable01_js/course:0000801760-2/node:00126733/kt:0/lname:/"
}
