{
    "date": "2025/07/12",
    "name": "藤沢駅北口",
    "position": "-",
    "system": "藤40",
    "destinations": [
        "三富士町",
        "相生町(藤沢市)",
        "南仲通り",
        "南仲通り二丁目",
        "本町小学校前(藤沢市)",
        "白旗交差点",
        "台町(藤沢市)",
        "湘南高校前",
        "一中入口(藤沢市)",
        "引地橋",
        "メルシャン前",
        "羽鳥(藤沢市)",
        "明治小学校前",
        "大六天(藤沢市)",
        "舟地蔵",
        "城下(藤沢市)",
        "小糸",
        "大庭小学校",
        "羽根沢",
        "湘南カントリークラブ前",
        "堤羽根沢",
        "ライフタウン入口",
        "丸山大辻",
        "大辻(藤沢市)",
        "小出一本松",
        "湘南ライフタウン"
    ],
    "weekday": [
        "9:50",
        "11:50",
        "13:30",
        "15:30",
        "17:30",
        "19:30",
        "20:30",
        "21:30"
    ],
    "saturday": [
        "6:35",
        "7:35",
        "8:35",
        "9:35",
        "10:35",
        "11:35",
        "12:35",
        "13:35",
        "14:35",
        "15:35",
        "16:35",
        "17:35",
        "18:35",
        "19:30",
        "20:25",
        "21:25"
    ],
    "holiday": [
        "7:35",
        "8:35",
        "9:35",
        "10:35",
        "11:35",
        "12:35",
        "13:35",
        "14:35",
        "15:35",
        "16:35",
        "17:35",
        "18:35",
        "19:30",
        "20:25",
        "21:25"
    ],
    "url": "https://www.kanachu.co.jp/dia/diagram/timetable01_js/course:0000803433-1/node:00126970/kt:0/lname:/"
}
