{
    "date": "2025/07/12",
    "name": "メルシャン前",
    "position": "-",
    "system": "藤40",
    "destinations": [
        "羽鳥(藤沢市)",
        "明治小学校前",
        "大六天(藤沢市)",
        "舟地蔵",
        "城下(藤沢市)",
        "小糸",
        "大庭小学校",
        "羽根沢",
        "湘南カントリークラブ前",
        "堤羽根沢",
        "ライフタウン入口",
        "丸山大辻",
        "大辻(藤沢市)",
        "小出一本松",
        "湘南ライフタウン"
    ],
    "weekday": [
        "10:03",
        "12:03",
        "13:43",
        "15:43",
        "17:44",
        "19:43",
        "20:41",
        "21:41"
    ],
    "saturday": [
        "6:46",
        "7:46",
        "8:47",
        "9:47",
        "10:48",
        "11:48",
        "12:48",
        "13:48",
        "14:48",
        "15:49",
        "16:49",
        "17:49",
        "18:48",
        "19:41",
        "20:36",
        "21:36"
    ],
    "holiday": [
        "7:46",
        "8:47",
        "9:47",
        "10:48",
        "11:48",
        "12:48",
        "13:48",
        "14:48",
        "15:49",
        "16:49",
        "17:49",
        "18:48",
        "19:41",
        "20:36",
        "21:36"
    ],
    "url": "https://www.kanachu.co.jp/dia/diagram/timetable01_js/course:0000803433-12/node:00127053/kt:0/lname:/"
}
