{
    "date": "2025/07/12",
    "name": "大六天(藤沢市)",
    "position": "-",
    "system": "藤40",
    "destinations": [
        "舟地蔵",
        "城下(藤沢市)",
        "小糸",
        "大庭小学校",
        "羽根沢",
        "湘南カントリークラブ前",
        "堤羽根沢",
        "ライフタウン入口",
        "丸山大辻",
        "大辻(藤沢市)",
        "小出一本松",
        "湘南ライフタウン"
    ],
    "weekday": [
        "10:07",
        "12:07",
        "13:47",
        "15:47",
        "17:48",
        "19:47",
        "20:45",
        "21:45"
    ],
    "saturday": [
        "6:50",
        "7:50",
        "8:51",
        "9:51",
        "10:52",
        "11:52",
        "12:52",
        "13:52",
        "14:52",
        "15:53",
        "16:53",
        "17:53",
        "18:52",
        "19:45",
        "20:40",
        "21:40"
    ],
    "holiday": [
        "7:50",
        "8:51",
        "9:51",
        "10:52",
        "11:52",
        "12:52",
        "13:52",
        "14:52",
        "15:53",
        "16:53",
        "17:53",
        "18:52",
        "19:45",
        "20:40",
        "21:40"
    ],
    "url": "https://www.kanachu.co.jp/dia/diagram/timetable01_js/course:0000803433-15/node:00127056/kt:0/lname:/"
}
