{
    "date": "2025/07/12",
    "name": "舟地蔵",
    "position": "-",
    "system": "藤40",
    "destinations": [
        "城下(藤沢市)",
        "小糸",
        "大庭小学校",
        "羽根沢",
        "湘南カントリークラブ前",
        "堤羽根沢",
        "ライフタウン入口",
        "丸山大辻",
        "大辻(藤沢市)",
        "小出一本松",
        "湘南ライフタウン"
    ],
    "weekday": [
        "10:08",
        "12:08",
        "13:48",
        "15:48",
        "17:49",
        "19:48",
        "20:46",
        "21:46"
    ],
    "saturday": [
        "6:51",
        "7:51",
        "8:52",
        "9:52",
        "10:53",
        "11:53",
        "12:53",
        "13:53",
        "14:53",
        "15:54",
        "16:54",
        "17:54",
        "18:53",
        "19:46",
        "20:41",
        "21:41"
    ],
    "holiday": [
        "7:51",
        "8:52",
        "9:52",
        "10:53",
        "11:53",
        "12:53",
        "13:53",
        "14:53",
        "15:54",
        "16:54",
        "17:54",
        "18:53",
        "19:46",
        "20:41",
        "21:41"
    ],
    "url": "https://www.kanachu.co.jp/dia/diagram/timetable01_js/course:0000803433-16/node:00127057/kt:0/lname:/"
}
