{
    "date": "2025/07/12",
    "name": "城下(藤沢市)",
    "position": "-",
    "system": "藤40",
    "destinations": [
        "小糸",
        "大庭小学校",
        "羽根沢",
        "湘南カントリークラブ前",
        "堤羽根沢",
        "ライフタウン入口",
        "丸山大辻",
        "大辻(藤沢市)",
        "小出一本松",
        "湘南ライフタウン"
    ],
    "weekday": [
        "10:09",
        "12:09",
        "13:49",
        "15:49",
        "17:50",
        "19:49",
        "20:47",
        "21:47"
    ],
    "saturday": [
        "6:52",
        "7:52",
        "8:53",
        "9:53",
        "10:54",
        "11:54",
        "12:54",
        "13:54",
        "14:54",
        "15:55",
        "16:55",
        "17:55",
        "18:54",
        "19:47",
        "20:42",
        "21:42"
    ],
    "holiday": [
        "7:52",
        "8:53",
        "9:53",
        "10:54",
        "11:54",
        "12:54",
        "13:54",
        "14:54",
        "15:55",
        "16:55",
        "17:55",
        "18:54",
        "19:47",
        "20:42",
        "21:42"
    ],
    "url": "https://www.kanachu.co.jp/dia/diagram/timetable01_js/course:0000803433-17/node:00129970/kt:0/lname:/"
}
