{
    "date": "2025/07/12",
    "name": "小糸",
    "position": "-",
    "system": "藤40",
    "destinations": [
        "大庭小学校",
        "羽根沢",
        "湘南カントリークラブ前",
        "堤羽根沢",
        "ライフタウン入口",
        "丸山大辻",
        "大辻(藤沢市)",
        "小出一本松",
        "湘南ライフタウン"
    ],
    "weekday": [
        "10:10",
        "12:10",
        "13:50",
        "15:50",
        "17:51",
        "19:50",
        "20:48",
        "21:48"
    ],
    "saturday": [
        "6:53",
        "7:53",
        "8:54",
        "9:54",
        "10:55",
        "11:55",
        "12:55",
        "13:55",
        "14:55",
        "15:56",
        "16:56",
        "17:56",
        "18:55",
        "19:48",
        "20:43",
        "21:43"
    ],
    "holiday": [
        "7:53",
        "8:54",
        "9:54",
        "10:55",
        "11:55",
        "12:55",
        "13:55",
        "14:55",
        "15:56",
        "16:56",
        "17:56",
        "18:55",
        "19:48",
        "20:43",
        "21:43"
    ],
    "url": "https://www.kanachu.co.jp/dia/diagram/timetable01_js/course:0000803433-18/node:00129941/kt:0/lname:/"
}
