{
    "date": "2025/07/12",
    "name": "羽根沢",
    "position": "-",
    "system": "藤40",
    "destinations": [
        "湘南カントリークラブ前",
        "堤羽根沢",
        "ライフタウン入口",
        "丸山大辻",
        "大辻(藤沢市)",
        "小出一本松",
        "湘南ライフタウン"
    ],
    "weekday": [
        "10:13",
        "12:13",
        "13:53",
        "15:53",
        "17:55",
        "19:53",
        "20:51",
        "21:51"
    ],
    "saturday": [
        "6:56",
        "7:56",
        "8:57",
        "9:57",
        "10:58",
        "11:58",
        "12:58",
        "13:58",
        "14:58",
        "16:00",
        "17:00",
        "18:00",
        "18:58",
        "19:51",
        "20:46",
        "21:46"
    ],
    "holiday": [
        "7:56",
        "8:57",
        "9:57",
        "10:58",
        "11:58",
        "12:58",
        "13:58",
        "14:58",
        "16:00",
        "17:00",
        "18:00",
        "18:58",
        "19:51",
        "20:46",
        "21:46"
    ],
    "url": "https://www.kanachu.co.jp/dia/diagram/timetable01_js/course:0000803433-20/node:00129961/kt:0/lname:/"
}
