{
    "date": "2025/07/12",
    "name": "堤羽根沢",
    "position": "-",
    "system": "藤40",
    "destinations": [
        "ライフタウン入口",
        "丸山大辻",
        "大辻(藤沢市)",
        "小出一本松",
        "湘南ライフタウン"
    ],
    "weekday": [
        "10:15",
        "12:15",
        "13:55",
        "15:55",
        "17:57",
        "19:55",
        "20:53",
        "21:53"
    ],
    "saturday": [
        "6:58",
        "7:58",
        "8:59",
        "9:59",
        "11:00",
        "12:00",
        "13:00",
        "14:00",
        "15:00",
        "16:02",
        "17:02",
        "18:02",
        "19:00",
        "19:53",
        "20:48",
        "21:48"
    ],
    "holiday": [
        "7:58",
        "8:59",
        "9:59",
        "11:00",
        "12:00",
        "13:00",
        "14:00",
        "15:00",
        "16:02",
        "17:02",
        "18:02",
        "19:00",
        "19:53",
        "20:48",
        "21:48"
    ],
    "url": "https://www.kanachu.co.jp/dia/diagram/timetable01_js/course:0000803433-22/node:00129963/kt:0/lname:/"
}
