{
    "date": "2025/07/12",
    "name": "ライフタウン入口",
    "position": "-",
    "system": "藤40",
    "destinations": [
        "丸山大辻",
        "大辻(藤沢市)",
        "小出一本松",
        "湘南ライフタウン"
    ],
    "weekday": [
        "10:16",
        "12:16",
        "13:56",
        "15:56",
        "17:58",
        "19:56",
        "20:54",
        "21:54"
    ],
    "saturday": [
        "6:59",
        "7:59",
        "9:00",
        "10:00",
        "11:01",
        "12:01",
        "13:01",
        "14:01",
        "15:01",
        "16:03",
        "17:03",
        "18:03",
        "19:01",
        "19:54",
        "20:49",
        "21:49"
    ],
    "holiday": [
        "7:59",
        "9:00",
        "10:00",
        "11:01",
        "12:01",
        "13:01",
        "14:01",
        "15:01",
        "16:03",
        "17:03",
        "18:03",
        "19:01",
        "19:54",
        "20:49",
        "21:49"
    ],
    "url": "https://www.kanachu.co.jp/dia/diagram/timetable01_js/course:0000803433-23/node:00129960/kt:0/lname:/"
}
