{
    "date": "2025/07/12",
    "name": "丸山大辻",
    "position": "-",
    "system": "藤40",
    "destinations": [
        "大辻(藤沢市)",
        "小出一本松",
        "湘南ライフタウン"
    ],
    "weekday": [
        "10:17",
        "12:17",
        "13:57",
        "15:57",
        "17:59",
        "19:57",
        "20:55",
        "21:55"
    ],
    "saturday": [
        "7:00",
        "8:00",
        "9:01",
        "10:01",
        "11:02",
        "12:02",
        "13:02",
        "14:02",
        "15:02",
        "16:04",
        "17:04",
        "18:04",
        "19:02",
        "19:55",
        "20:50",
        "21:50"
    ],
    "holiday": [
        "8:00",
        "9:01",
        "10:01",
        "11:02",
        "12:02",
        "13:02",
        "14:02",
        "15:02",
        "16:04",
        "17:04",
        "18:04",
        "19:02",
        "19:55",
        "20:50",
        "21:50"
    ],
    "url": "https://www.kanachu.co.jp/dia/diagram/timetable01_js/course:0000803433-24/node:00129959/kt:0/lname:/"
}
