{
    "date": "2025/10/20",
    "name": "榎が丘",
    "position": "-",
    "system": "津03",
    "destinations": [
        "榎が丘小学校前",
        "椎木地蔵尊入口",
        "松風台(横浜市青葉区)",
        "桂台遊水池前",
        "苗万坂",
        "中恩田橋",
        "杉山神社前(横浜市青葉区)",
        "堀の内(横浜市青葉区)",
        "長津田三丁目",
        "長津田駅北口"
    ],
    "weekday": [
        "6:24",
        "7:13",
        "8:06",
        "9:03",
        "15:22",
        "16:12",
        "17:03",
        "17:53"
    ],
    "saturday": [
        "9:19"
    ],
    "holiday": [
        "9:19"
    ],
    "url": "https://www.kanachu.co.jp/dia/diagram/timetable01_js/course:0000803149-2/node:00019250/kt:0/lname:/"
}
