{
    "date": "2026/01/16",
    "name": "谷戸大竹",
    "position": "-",
    "system": "平93",
    "destinations": [
        "竹園小学校入口",
        "ふじみ野",
        "宮上(平塚市)",
        "あいの坂",
        "丸島",
        "町谷(平塚市)",
        "大畑平岡幼稚園前",
        "稲荷坂(平塚市)",
        "岡崎農協前",
        "矢崎大橋",
        "矢崎(平塚市)",
        "東橋(平塚市)",
        "豊田本郷駅",
        "新大縄橋",
        "遺跡公園前(平塚市)",
        "中原公園前",
        "中原一丁目(平塚市)",
        "共済病院前総合公園西",
        "追分(平塚市)",
        "立野町(平塚市)",
        "横浜ゴム前",
        "市役所前(ゴム前/平塚市)",
        "四ツ角(平塚市)",
        "平塚駅北口"
    ],
    "weekday": [
        "5:35",
        "6:04",
        "6:22",
        "6:43",
        "7:19",
        "8:02",
        "16:34",
        "17:36",
        "18:34"
    ],
    "saturday": [
        "6:24",
        "6:41",
        "7:44"
    ],
    "holiday": [
        "6:31",
        "7:44"
    ],
    "url": "https://www.kanachu.co.jp/dia/diagram/timetable01_js/course:0000804126-6/node:00128093/kt:0/lname:/"
}
