{
    "date": "2024/09/02",
    "name": "小学校前(横浜市泉区)",
    "position": "-",
    "system": "い07",
    "destinations": [
        "児童公園前(横浜市泉区)",
        "団地入口(横浜市泉区)",
        "飯田神社前",
        "台村",
        "いちょう団地",
        "保育所前(大和市)",
        "渋谷中学校",
        "集会所前(横浜市泉区)",
        "中屋敷(横浜市泉区)"
    ],
    "weekday": [
        "20:35"
    ],
    "saturday": [
        "19:47"
    ],
    "holiday": [
        "19:47"
    ],
    "url": "https://www.kanachu.co.jp/dia/diagram/timetable01_js/course:0000802844-4/node:00126806/kt:0/lname:/"
}
