{
    "date": "2024/09/02",
    "name": "団地入口(横浜市泉区)",
    "position": "-",
    "system": "",
    "destinations": [
        "飯田神社前",
        "台村",
        "いちょう団地",
        "保育所前(大和市)",
        "渋谷中学校",
        "集会所前(横浜市泉区)",
        "中屋敷(横浜市泉区)"
    ],
    "weekday": [
        "20:37"
    ],
    "saturday": [
        "19:49"
    ],
    "holiday": [
        "19:49"
    ],
    "url": "https://www.kanachu.co.jp/dia/diagram/timetable01_js/course:0000802844-6/node:00126794/kt:0/lname:/"
}
