{
    "date": "2024/09/02",
    "name": "飯田神社前",
    "position": "-",
    "system": "",
    "destinations": [
        "台村",
        "いちょう団地",
        "保育所前(大和市)",
        "渋谷中学校",
        "集会所前(横浜市泉区)",
        "中屋敷(横浜市泉区)"
    ],
    "weekday": [
        "20:38"
    ],
    "saturday": [
        "19:50"
    ],
    "holiday": [
        "19:50"
    ],
    "url": "https://www.kanachu.co.jp/dia/diagram/timetable01_js/course:0000802844-7/node:00126795/kt:0/lname:/"
}
