{
    "date": "2024/09/02",
    "name": "台村",
    "position": "-",
    "system": "",
    "destinations": [
        "いちょう団地",
        "保育所前(大和市)",
        "渋谷中学校",
        "集会所前(横浜市泉区)",
        "中屋敷(横浜市泉区)"
    ],
    "weekday": [
        "20:39"
    ],
    "saturday": [
        "19:51"
    ],
    "holiday": [
        "19:51"
    ],
    "url": "https://www.kanachu.co.jp/dia/diagram/timetable01_js/course:0000802844-8/node:00126796/kt:0/lname:/"
}
