{
    "date": "2024/09/02",
    "name": "いちょう団地",
    "position": "-",
    "system": "い07",
    "destinations": [
        "保育所前(大和市)",
        "渋谷中学校",
        "集会所前(横浜市泉区)",
        "中屋敷(横浜市泉区)"
    ],
    "weekday": [
        "20:41"
    ],
    "saturday": [
        "19:53"
    ],
    "holiday": [
        "19:53"
    ],
    "url": "https://www.kanachu.co.jp/dia/diagram/timetable01_js/course:0000802844-9/node:00126808/kt:0/lname:/"
}
