{
    "date": "2025/08/04",
    "name": "若葉台住宅",
    "position": "-",
    "system": "橋08",
    "destinations": [
        "若葉台中央(相模原市緑区)",
        "都井沢",
        "谷ヶ原",
        "久保沢",
        "城山総合事務所入口",
        "原宿(相模原市緑区)",
        "東原宿",
        "森の上",
        "二本松(相模原市緑区)",
        "相原中央",
        "相原台",
        "大西(相模原市緑区)",
        "上町(相模原市緑区)",
        "香福寺前",
        "旭小学校前(相模原市緑区)",
        "旭農協前",
        "橋本駅北口"
    ],
    "weekday": [
        "7:21",
        "9:23",
        "19:45",
        "20:20",
        "20:45",
        "21:25"
    ],
    "saturday": [
        "20:13",
        "20:43"
    ],
    "holiday": [
        "20:43"
    ],
    "url": "https://www.kanachu.co.jp/dia/diagram/timetable01_js/course:0000801213-1/node:00128874/kt:0/lname:/"
}
