{
    "date": "2025/08/04",
    "name": "若葉台中央(相模原市緑区)",
    "position": "-",
    "system": "橋08",
    "destinations": [
        "都井沢",
        "谷ヶ原",
        "久保沢",
        "城山総合事務所入口",
        "原宿(相模原市緑区)",
        "東原宿",
        "森の上",
        "二本松(相模原市緑区)",
        "相原中央",
        "相原台",
        "大西(相模原市緑区)",
        "上町(相模原市緑区)",
        "香福寺前",
        "旭小学校前(相模原市緑区)",
        "旭農協前",
        "橋本駅北口"
    ],
    "weekday": [
        "7:22",
        "9:24",
        "19:46",
        "20:21",
        "20:46",
        "21:26"
    ],
    "saturday": [
        "20:14",
        "20:44"
    ],
    "holiday": [
        "20:44"
    ],
    "url": "https://www.kanachu.co.jp/dia/diagram/timetable01_js/course:0000801213-2/node:00128873/kt:0/lname:/"
}
