{
    "date": "2025/08/04",
    "name": "谷ヶ原",
    "position": "-",
    "system": "橋08",
    "destinations": [
        "久保沢",
        "城山総合事務所入口",
        "原宿(相模原市緑区)",
        "東原宿",
        "森の上",
        "二本松(相模原市緑区)",
        "相原中央",
        "相原台",
        "大西(相模原市緑区)",
        "上町(相模原市緑区)",
        "香福寺前",
        "旭小学校前(相模原市緑区)",
        "旭農協前",
        "橋本駅北口"
    ],
    "weekday": [
        "7:26",
        "9:28",
        "19:50",
        "20:25",
        "20:50",
        "21:30"
    ],
    "saturday": [
        "20:17",
        "20:47"
    ],
    "holiday": [
        "20:47"
    ],
    "url": "https://www.kanachu.co.jp/dia/diagram/timetable01_js/course:0000801213-4/node:00128958/kt:0/lname:/"
}
