{
    "date": "2025/08/04",
    "name": "城山総合事務所入口",
    "position": "-",
    "system": "橋08",
    "destinations": [
        "原宿(相模原市緑区)",
        "東原宿",
        "森の上",
        "二本松(相模原市緑区)",
        "相原中央",
        "相原台",
        "大西(相模原市緑区)",
        "上町(相模原市緑区)",
        "香福寺前",
        "旭小学校前(相模原市緑区)",
        "旭農協前",
        "橋本駅北口"
    ],
    "weekday": [
        "7:30",
        "9:32",
        "19:53",
        "20:28",
        "20:53",
        "21:33"
    ],
    "saturday": [
        "20:20",
        "20:50"
    ],
    "holiday": [
        "20:50"
    ],
    "url": "https://www.kanachu.co.jp/dia/diagram/timetable01_js/course:0000801213-6/node:00128960/kt:0/lname:/"
}
