{
    "date": "2025/08/04",
    "name": "二本松(相模原市緑区)",
    "position": "-",
    "system": "橋08",
    "destinations": [
        "相原中央",
        "相原台",
        "大西(相模原市緑区)",
        "上町(相模原市緑区)",
        "香福寺前",
        "旭小学校前(相模原市緑区)",
        "旭農協前",
        "橋本駅北口"
    ],
    "weekday": [
        "7:35",
        "9:37",
        "19:56",
        "20:31",
        "20:56",
        "21:36"
    ],
    "saturday": [
        "20:23",
        "20:53"
    ],
    "holiday": [
        "20:53"
    ],
    "url": "https://www.kanachu.co.jp/dia/diagram/timetable01_js/course:0000801213-10/node:00128964/kt:0/lname:/"
}
