{
    "date": "2025/01/14",
    "name": "半原",
    "position": "-",
    "system": "厚01",
    "destinations": [
        "川北(愛甲郡愛川町)",
        "愛川大橋",
        "馬場(愛甲郡愛川町)",
        "野外センター前",
        "原臼",
        "細野橋",
        "清雲寺入口",
        "半僧坊前",
        "平山坂上",
        "上荻野車庫前",
        "上荻野",
        "新道橋(厚木市)",
        "相州病院",
        "源氏河原",
        "泉(厚木市)",
        "久保(厚木市)",
        "東谷戸入口",
        "荻野神社入口",
        "鳶尾山前",
        "稲荷木",
        "公所(厚木市)",
        "桝割",
        "子合",
        "荻野新宿",
        "宿原入口",
        "糀屋前(厚木市)",
        "松蓮寺",
        "妻田薬師",
        "中村入口(厚木市)",
        "妻田",
        "三家入口(厚木市)",
        "木売場",
        "市立病院前(厚木市)",
        "税務署入口(厚木市)",
        "市役所入口(厚木市)",
        "本厚木駅",
        "厚木バスセンター"
    ],
    "weekday": [
        "5:50",
        "6:10",
        "6:30",
        "7:05",
        "7:30",
        "8:00",
        "8:30",
        "9:00",
        "9:40",
        "10:20",
        "11:00",
        "12:00",
        "13:00",
        "14:00",
        "15:00",
        "16:00",
        "17:00",
        "17:40",
        "18:50",
        "19:40"
    ],
    "saturday": [
        "6:12",
        "6:42",
        "7:22",
        "7:42",
        "8:22",
        "8:42",
        "9:22",
        "9:42",
        "10:22",
        "11:27",
        "12:27",
        "13:27",
        "14:27",
        "15:22",
        "16:27",
        "17:27",
        "18:27"
    ],
    "holiday": [
        "6:12",
        "7:12",
        "7:42",
        "8:22",
        "8:42",
        "9:22",
        "10:27",
        "11:27",
        "12:27",
        "13:27",
        "14:27",
        "15:22",
        "16:22",
        "17:22",
        "18:22"
    ],
    "url": "https://www.kanachu.co.jp/dia/diagram/timetable01_js/course:0000800512-1/node:00128295/kt:0/lname:/"
}
