{
    "date": "2025/01/14",
    "name": "愛川大橋",
    "position": "-",
    "system": "厚01",
    "destinations": [
        "馬場(愛甲郡愛川町)",
        "野外センター前",
        "原臼",
        "細野橋",
        "清雲寺入口",
        "半僧坊前",
        "平山坂上",
        "上荻野車庫前",
        "上荻野",
        "新道橋(厚木市)",
        "相州病院",
        "源氏河原",
        "泉(厚木市)",
        "久保(厚木市)",
        "東谷戸入口",
        "荻野神社入口",
        "鳶尾山前",
        "稲荷木",
        "公所(厚木市)",
        "桝割",
        "子合",
        "荻野新宿",
        "宿原入口",
        "糀屋前(厚木市)",
        "松蓮寺",
        "妻田薬師",
        "中村入口(厚木市)",
        "妻田",
        "三家入口(厚木市)",
        "木売場",
        "市立病院前(厚木市)",
        "税務署入口(厚木市)",
        "市役所入口(厚木市)",
        "本厚木駅",
        "厚木バスセンター"
    ],
    "weekday": [
        "5:51",
        "6:11",
        "6:31",
        "7:06",
        "7:31",
        "8:01",
        "8:31",
        "9:01",
        "9:41",
        "10:21",
        "11:01",
        "12:01",
        "13:01",
        "14:01",
        "15:01",
        "16:01",
        "17:01",
        "17:41",
        "18:51",
        "19:41"
    ],
    "saturday": [
        "6:13",
        "6:43",
        "7:23",
        "7:43",
        "8:23",
        "8:43",
        "9:23",
        "9:43",
        "10:23",
        "11:28",
        "12:28",
        "13:28",
        "14:28",
        "15:23",
        "16:28",
        "17:28",
        "18:28"
    ],
    "holiday": [
        "6:13",
        "7:13",
        "7:43",
        "8:23",
        "8:43",
        "9:23",
        "10:28",
        "11:28",
        "12:28",
        "13:28",
        "14:28",
        "15:23",
        "16:23",
        "17:23",
        "18:23"
    ],
    "url": "https://www.kanachu.co.jp/dia/diagram/timetable01_js/course:0000800512-3/node:00128300/kt:0/lname:/"
}
