{
    "date": "2025/01/14",
    "name": "野外センター前",
    "position": "-",
    "system": "厚01",
    "destinations": [
        "原臼",
        "細野橋",
        "清雲寺入口",
        "半僧坊前",
        "平山坂上",
        "上荻野車庫前",
        "上荻野",
        "新道橋(厚木市)",
        "相州病院",
        "源氏河原",
        "泉(厚木市)",
        "久保(厚木市)",
        "東谷戸入口",
        "荻野神社入口",
        "鳶尾山前",
        "稲荷木",
        "公所(厚木市)",
        "桝割",
        "子合",
        "荻野新宿",
        "宿原入口",
        "糀屋前(厚木市)",
        "松蓮寺",
        "妻田薬師",
        "中村入口(厚木市)",
        "妻田",
        "三家入口(厚木市)",
        "木売場",
        "市立病院前(厚木市)",
        "税務署入口(厚木市)",
        "市役所入口(厚木市)",
        "本厚木駅",
        "厚木バスセンター"
    ],
    "weekday": [
        "5:52",
        "6:12",
        "6:32",
        "7:07",
        "7:32",
        "8:02",
        "8:32",
        "9:02",
        "9:42",
        "10:22",
        "11:02",
        "12:02",
        "13:02",
        "14:02",
        "15:02",
        "16:02",
        "17:02",
        "17:42",
        "18:52",
        "19:42"
    ],
    "saturday": [
        "6:14",
        "6:44",
        "7:24",
        "7:44",
        "8:24",
        "8:44",
        "9:24",
        "9:44",
        "10:24",
        "11:29",
        "12:29",
        "13:29",
        "14:29",
        "15:24",
        "16:29",
        "17:29",
        "18:29"
    ],
    "holiday": [
        "6:14",
        "7:14",
        "7:44",
        "8:24",
        "8:44",
        "9:24",
        "10:29",
        "11:29",
        "12:29",
        "13:29",
        "14:29",
        "15:24",
        "16:24",
        "17:24",
        "18:24"
    ],
    "url": "https://www.kanachu.co.jp/dia/diagram/timetable01_js/course:0000800512-5/node:00128299/kt:0/lname:/"
}
