{
    "date": "2025/01/14",
    "name": "細野橋",
    "position": "-",
    "system": "厚01",
    "destinations": [
        "清雲寺入口",
        "半僧坊前",
        "平山坂上",
        "上荻野車庫前",
        "上荻野",
        "新道橋(厚木市)",
        "相州病院",
        "源氏河原",
        "泉(厚木市)",
        "久保(厚木市)",
        "東谷戸入口",
        "荻野神社入口",
        "鳶尾山前",
        "稲荷木",
        "公所(厚木市)",
        "桝割",
        "子合",
        "荻野新宿",
        "宿原入口",
        "糀屋前(厚木市)",
        "松蓮寺",
        "妻田薬師",
        "中村入口(厚木市)",
        "妻田",
        "三家入口(厚木市)",
        "木売場",
        "市立病院前(厚木市)",
        "税務署入口(厚木市)",
        "市役所入口(厚木市)",
        "本厚木駅",
        "厚木バスセンター"
    ],
    "weekday": [
        "5:55",
        "6:15",
        "6:35",
        "7:10",
        "7:35",
        "8:05",
        "8:35",
        "9:05",
        "9:45",
        "10:25",
        "11:05",
        "12:05",
        "13:05",
        "14:05",
        "15:05",
        "16:05",
        "17:05",
        "17:45",
        "18:55",
        "19:45"
    ],
    "saturday": [
        "6:17",
        "6:47",
        "7:27",
        "7:47",
        "8:27",
        "8:47",
        "9:27",
        "9:47",
        "10:27",
        "11:32",
        "12:32",
        "13:32",
        "14:32",
        "15:27",
        "16:32",
        "17:32",
        "18:32"
    ],
    "holiday": [
        "6:17",
        "7:17",
        "7:47",
        "8:27",
        "8:47",
        "9:27",
        "10:32",
        "11:32",
        "12:32",
        "13:32",
        "14:32",
        "15:27",
        "16:27",
        "17:27",
        "18:27"
    ],
    "url": "https://www.kanachu.co.jp/dia/diagram/timetable01_js/course:0000800512-7/node:00128297/kt:0/lname:/"
}
