{
    "date": "2025/01/14",
    "name": "清雲寺入口",
    "position": "-",
    "system": "厚01",
    "destinations": [
        "半僧坊前",
        "平山坂上",
        "上荻野車庫前",
        "上荻野",
        "新道橋(厚木市)",
        "相州病院",
        "源氏河原",
        "泉(厚木市)",
        "久保(厚木市)",
        "東谷戸入口",
        "荻野神社入口",
        "鳶尾山前",
        "稲荷木",
        "公所(厚木市)",
        "桝割",
        "子合",
        "荻野新宿",
        "宿原入口",
        "糀屋前(厚木市)",
        "松蓮寺",
        "妻田薬師",
        "中村入口(厚木市)",
        "妻田",
        "三家入口(厚木市)",
        "木売場",
        "市立病院前(厚木市)",
        "税務署入口(厚木市)",
        "市役所入口(厚木市)",
        "本厚木駅",
        "厚木バスセンター"
    ],
    "weekday": [
        "5:56",
        "6:16",
        "6:36",
        "7:11",
        "7:36",
        "8:06",
        "8:36",
        "9:06",
        "9:46",
        "10:26",
        "11:06",
        "12:06",
        "13:06",
        "14:06",
        "15:06",
        "16:06",
        "17:06",
        "17:46",
        "18:56",
        "19:46"
    ],
    "saturday": [
        "6:18",
        "6:48",
        "7:28",
        "7:48",
        "8:28",
        "8:48",
        "9:28",
        "9:48",
        "10:28",
        "11:33",
        "12:33",
        "13:33",
        "14:33",
        "15:28",
        "16:33",
        "17:33",
        "18:33"
    ],
    "holiday": [
        "6:18",
        "7:18",
        "7:48",
        "8:28",
        "8:48",
        "9:28",
        "10:33",
        "11:33",
        "12:33",
        "13:33",
        "14:33",
        "15:28",
        "16:28",
        "17:28",
        "18:28"
    ],
    "url": "https://www.kanachu.co.jp/dia/diagram/timetable01_js/course:0000800512-8/node:00128296/kt:0/lname:/"
}
