{
    "date": "2025/01/14",
    "name": "平山坂上",
    "position": "-",
    "system": "厚01",
    "destinations": [
        "上荻野車庫前",
        "上荻野",
        "新道橋(厚木市)",
        "相州病院",
        "源氏河原",
        "泉(厚木市)",
        "久保(厚木市)",
        "東谷戸入口",
        "荻野神社入口",
        "鳶尾山前",
        "稲荷木",
        "公所(厚木市)",
        "桝割",
        "子合",
        "荻野新宿",
        "宿原入口",
        "糀屋前(厚木市)",
        "松蓮寺",
        "妻田薬師",
        "中村入口(厚木市)",
        "妻田",
        "三家入口(厚木市)",
        "木売場",
        "市立病院前(厚木市)",
        "税務署入口(厚木市)",
        "市役所入口(厚木市)",
        "本厚木駅",
        "厚木バスセンター"
    ],
    "weekday": [
        "6:01",
        "6:21",
        "6:41",
        "7:16",
        "7:41",
        "8:11",
        "8:41",
        "9:11",
        "9:51",
        "10:31",
        "11:11",
        "12:11",
        "13:11",
        "14:11",
        "15:11",
        "16:11",
        "17:11",
        "17:51",
        "19:01",
        "19:51"
    ],
    "saturday": [
        "6:23",
        "6:53",
        "7:33",
        "7:53",
        "8:33",
        "8:53",
        "9:33",
        "9:53",
        "10:33",
        "11:38",
        "12:38",
        "13:38",
        "14:38",
        "15:33",
        "16:38",
        "17:38",
        "18:38"
    ],
    "holiday": [
        "6:23",
        "7:23",
        "7:53",
        "8:33",
        "8:53",
        "9:33",
        "10:38",
        "11:38",
        "12:38",
        "13:38",
        "14:38",
        "15:33",
        "16:33",
        "17:33",
        "18:33"
    ],
    "url": "https://www.kanachu.co.jp/dia/diagram/timetable01_js/course:0000800512-10/node:00128283/kt:0/lname:/"
}
