{
    "date": "2025/01/14",
    "name": "泉(厚木市)",
    "position": "-",
    "system": "厚01",
    "destinations": [
        "久保(厚木市)",
        "東谷戸入口",
        "荻野神社入口",
        "鳶尾山前",
        "稲荷木",
        "公所(厚木市)",
        "桝割",
        "子合",
        "荻野新宿",
        "宿原入口",
        "糀屋前(厚木市)",
        "松蓮寺",
        "妻田薬師",
        "中村入口(厚木市)",
        "妻田",
        "三家入口(厚木市)",
        "木売場",
        "市立病院前(厚木市)",
        "税務署入口(厚木市)",
        "市役所入口(厚木市)",
        "本厚木駅",
        "厚木バスセンター"
    ],
    "weekday": [
        "6:06",
        "6:26",
        "6:46",
        "7:21",
        "7:46",
        "8:16",
        "8:46",
        "9:16",
        "9:56",
        "10:36",
        "11:16",
        "12:16",
        "13:16",
        "14:16",
        "15:16",
        "16:16",
        "17:16",
        "17:56",
        "19:06",
        "19:56"
    ],
    "saturday": [
        "6:28",
        "6:58",
        "7:38",
        "7:58",
        "8:38",
        "8:58",
        "9:38",
        "9:58",
        "10:38",
        "11:43",
        "12:43",
        "13:43",
        "14:43",
        "15:38",
        "16:43",
        "17:43",
        "18:43"
    ],
    "holiday": [
        "6:28",
        "7:28",
        "7:58",
        "8:38",
        "8:58",
        "9:38",
        "10:43",
        "11:43",
        "12:43",
        "13:43",
        "14:43",
        "15:38",
        "16:38",
        "17:38",
        "18:38"
    ],
    "url": "https://www.kanachu.co.jp/dia/diagram/timetable01_js/course:0000800512-16/node:00128277/kt:0/lname:/"
}
