{
    "date": "2025/01/14",
    "name": "鳶尾山前",
    "position": "-",
    "system": "厚01",
    "destinations": [
        "稲荷木",
        "公所(厚木市)",
        "桝割",
        "子合",
        "荻野新宿",
        "宿原入口",
        "糀屋前(厚木市)",
        "松蓮寺",
        "妻田薬師",
        "中村入口(厚木市)",
        "妻田",
        "三家入口(厚木市)",
        "木売場",
        "市立病院前(厚木市)",
        "税務署入口(厚木市)",
        "市役所入口(厚木市)",
        "本厚木駅",
        "厚木バスセンター"
    ],
    "weekday": [
        "6:09",
        "6:29",
        "6:49",
        "7:24",
        "7:49",
        "8:19",
        "8:49",
        "9:19",
        "9:59",
        "10:39",
        "11:19",
        "12:19",
        "13:19",
        "14:19",
        "15:19",
        "16:19",
        "17:19",
        "17:59",
        "19:09",
        "19:59"
    ],
    "saturday": [
        "6:31",
        "7:01",
        "7:41",
        "8:01",
        "8:41",
        "9:01",
        "9:41",
        "10:01",
        "10:41",
        "11:46",
        "12:46",
        "13:46",
        "14:46",
        "15:41",
        "16:46",
        "17:46",
        "18:46"
    ],
    "holiday": [
        "6:31",
        "7:31",
        "8:01",
        "8:41",
        "9:01",
        "9:41",
        "10:46",
        "11:46",
        "12:46",
        "13:46",
        "14:46",
        "15:41",
        "16:41",
        "17:41",
        "18:41"
    ],
    "url": "https://www.kanachu.co.jp/dia/diagram/timetable01_js/course:0000800512-20/node:00128273/kt:0/lname:/"
}
