{
    "date": "2025/01/14",
    "name": "桝割",
    "position": "-",
    "system": "厚01",
    "destinations": [
        "子合",
        "荻野新宿",
        "宿原入口",
        "糀屋前(厚木市)",
        "松蓮寺",
        "妻田薬師",
        "中村入口(厚木市)",
        "妻田",
        "三家入口(厚木市)",
        "木売場",
        "市立病院前(厚木市)",
        "税務署入口(厚木市)",
        "市役所入口(厚木市)",
        "本厚木駅",
        "厚木バスセンター"
    ],
    "weekday": [
        "6:12",
        "6:32",
        "6:52",
        "7:27",
        "7:52",
        "8:22",
        "8:52",
        "9:22",
        "10:02",
        "10:42",
        "11:22",
        "12:22",
        "13:22",
        "14:22",
        "15:22",
        "16:22",
        "17:22",
        "18:02",
        "19:12",
        "20:02"
    ],
    "saturday": [
        "6:34",
        "7:04",
        "7:44",
        "8:04",
        "8:44",
        "9:04",
        "9:44",
        "10:04",
        "10:44",
        "11:49",
        "12:49",
        "13:49",
        "14:49",
        "15:44",
        "16:49",
        "17:49",
        "18:49"
    ],
    "holiday": [
        "6:34",
        "7:34",
        "8:04",
        "8:44",
        "9:04",
        "9:44",
        "10:49",
        "11:49",
        "12:49",
        "13:49",
        "14:49",
        "15:44",
        "16:44",
        "17:44",
        "18:44"
    ],
    "url": "https://www.kanachu.co.jp/dia/diagram/timetable01_js/course:0000800512-23/node:00128270/kt:0/lname:/"
}
