{
    "date": "2025/01/14",
    "name": "三家入口(厚木市)",
    "position": "-",
    "system": "厚01",
    "destinations": [
        "木売場",
        "市立病院前(厚木市)",
        "税務署入口(厚木市)",
        "市役所入口(厚木市)",
        "本厚木駅",
        "厚木バスセンター"
    ],
    "weekday": [
        "6:24",
        "6:44",
        "7:04",
        "7:42",
        "8:07",
        "8:37",
        "9:06",
        "9:36",
        "10:16",
        "10:56",
        "11:36",
        "12:36",
        "13:36",
        "14:36",
        "15:36",
        "16:36",
        "17:36",
        "18:16",
        "19:23",
        "20:13"
    ],
    "saturday": [
        "6:44",
        "7:14",
        "7:56",
        "8:16",
        "8:56",
        "9:18",
        "9:58",
        "10:18",
        "10:58",
        "12:03",
        "13:03",
        "14:03",
        "15:02",
        "15:59",
        "17:04",
        "18:04",
        "19:04"
    ],
    "holiday": [
        "6:44",
        "7:44",
        "8:15",
        "8:55",
        "9:15",
        "9:55",
        "11:02",
        "12:02",
        "13:02",
        "14:02",
        "15:02",
        "15:59",
        "16:59",
        "17:59",
        "18:59"
    ],
    "url": "https://www.kanachu.co.jp/dia/diagram/timetable01_js/course:0000800512-32/node:00128261/kt:0/lname:/"
}
