{
    "date": "2025/01/14",
    "name": "本厚木駅",
    "position": "-",
    "system": "厚01",
    "destinations": [
        "厚木バスセンター"
    ],
    "weekday": [
        "6:32",
        "6:52",
        "7:12",
        "7:52",
        "8:17",
        "8:47",
        "9:14",
        "9:44",
        "10:24",
        "11:04",
        "11:44",
        "12:44",
        "13:44",
        "14:44",
        "15:44",
        "16:46",
        "17:46",
        "18:26",
        "19:30",
        "20:20"
    ],
    "saturday": [
        "6:51",
        "7:21",
        "8:04",
        "8:24",
        "9:04",
        "9:26",
        "10:06",
        "10:26",
        "11:06",
        "12:11",
        "13:11",
        "14:11",
        "15:11",
        "16:08",
        "17:13",
        "18:13",
        "19:11"
    ],
    "holiday": [
        "6:51",
        "7:51",
        "8:22",
        "9:02",
        "9:22",
        "10:02",
        "11:11",
        "12:11",
        "13:11",
        "14:11",
        "15:10",
        "16:07",
        "17:07",
        "18:07",
        "19:07"
    ],
    "url": "https://www.kanachu.co.jp/dia/diagram/timetable01_js/course:0000800512-37/node:00025684/kt:0/lname:/"
}
