{
    "date": "2025/10/20",
    "name": "町田ターミナル",
    "position": "-",
    "system": "町74",
    "destinations": [
        "町田バスセンター",
        "原町田四丁目",
        "原町田三丁目",
        "三塚",
        "熊野神社前(成瀬街道側/町田市)",
        "高瀬橋(町田市)",
        "鞍掛",
        "成瀬消防出張所前",
        "成瀬コミュニティセンター前",
        "中村(町田市成瀬)",
        "観性寺前",
        "成瀬台入口",
        "ポプラヶ丘前",
        "成瀬台二丁目",
        "野村住宅中央",
        "成瀬台"
    ],
    "weekday": [
        "9:30",
        "11:30",
        "12:30",
        "13:10",
        "14:30",
        "15:30",
        "17:30",
        "18:30"
    ],
    "saturday": [
        "9:32",
        "10:30",
        "11:30",
        "12:30",
        "13:30",
        "14:30",
        "15:30",
        "16:30",
        "17:30"
    ],
    "holiday": [
        "9:30",
        "10:30",
        "11:30",
        "12:30",
        "13:30",
        "14:30",
        "15:30",
        "16:30"
    ],
    "url": "https://www.kanachu.co.jp/dia/diagram/timetable01_js/course:0000801274-1/node:00129544/kt:0/lname:/"
}
