{
    "date": "2025/10/20",
    "name": "原町田三丁目",
    "position": "-",
    "system": "町74",
    "destinations": [
        "三塚",
        "熊野神社前(成瀬街道側/町田市)",
        "高瀬橋(町田市)",
        "鞍掛",
        "成瀬消防出張所前",
        "成瀬コミュニティセンター前",
        "中村(町田市成瀬)",
        "観性寺前",
        "成瀬台入口",
        "ポプラヶ丘前",
        "成瀬台二丁目",
        "野村住宅中央",
        "成瀬台"
    ],
    "weekday": [
        "9:38",
        "11:38",
        "12:38",
        "13:18",
        "14:38",
        "15:38",
        "17:38",
        "18:38"
    ],
    "saturday": [
        "9:40",
        "10:38",
        "11:38",
        "12:38",
        "13:38",
        "14:38",
        "15:38",
        "16:38",
        "17:38"
    ],
    "holiday": [
        "9:38",
        "10:38",
        "11:38",
        "12:38",
        "13:38",
        "14:38",
        "15:38",
        "16:38"
    ],
    "url": "https://www.kanachu.co.jp/dia/diagram/timetable01_js/course:0000801274-4/node:00129546/kt:0/lname:/"
}
