{
    "date": "2025/10/20",
    "name": "鞍掛",
    "position": "-",
    "system": "町74",
    "destinations": [
        "成瀬消防出張所前",
        "成瀬コミュニティセンター前",
        "中村(町田市成瀬)",
        "観性寺前",
        "成瀬台入口",
        "ポプラヶ丘前",
        "成瀬台二丁目",
        "野村住宅中央",
        "成瀬台"
    ],
    "weekday": [
        "9:44",
        "11:44",
        "12:44",
        "13:24",
        "14:44",
        "15:44",
        "17:44",
        "18:44"
    ],
    "saturday": [
        "9:45",
        "10:43",
        "11:43",
        "12:44",
        "13:44",
        "14:44",
        "15:44",
        "16:44",
        "17:44"
    ],
    "holiday": [
        "9:43",
        "10:43",
        "11:43",
        "12:43",
        "13:43",
        "14:43",
        "15:44",
        "16:44"
    ],
    "url": "https://www.kanachu.co.jp/dia/diagram/timetable01_js/course:0000801274-8/node:00129583/kt:0/lname:/"
}
